time,stage,rewire_side,rewire_phase,rewire_time_s,remaining_layers_before_rewire,parallel_rewire,adaptive_parallel_rewire,absorb_side,it_left,it_right,layers_left,layers_right,u_consumed_total_left,u_consumed_total_right,u_consumed_total,swap_consumed,u_consumed,u_consumed_after_unswap,probe_left_time_s,probe_right_time_s,probe_total_time_s,probe_wall_time_s,probe_left_total_elems,probe_right_total_elems,probe_left_max_bond,probe_right_max_bond,probe_left_hit_max_bond,probe_right_hit_max_bond,probe_left_over_unswap_threshold,probe_right_over_unswap_threshold,selected_total_elems,selected_max_bond,selected_hit_max_bond,compression_max_bond_limit,compression_cutoff,unswap_trigger_max_bond,cycle_start_total_elems,no_progress_unswap_cycles,absorb_score_mode,probe_left_score,probe_right_score,absorb_lookahead_depth,absorb_lookahead_depth_used,absorb_lookahead_candidates,absorb_lookahead_choice,absorb_lookahead_score,absorb_lookahead_time_s,max_bond,max_links,total_elems,total_shapes,total_links,num_tensors,iteration,side,parity,candidate_pairs,candidate_pairs_total,new_swaps,total_swaps,pair_lookahead_probes,pair_lookahead_candidates,pair_lookahead_current_score,pair_lookahead_best_score,alignment_score,route_proxy_weight,route_proxy_lookahead,route_proxy_rejected_swaps,route_proxy_added_swaps,alignment_weight,alignment_protect_gain,alignment_tie_loss,unswap_cycle,unswap_cycle_time_s,gates_consumed,total_work_gates,remaining_work_gates,cycle_gates_consumed,hit_max_bond,sabre_trials,adaptive_parallel_rewire_probed,cycle_work_consumed_before_rewire,route_candidates,route_score,route_score_lookahead,parallel_route_candidates,route_candidate_workers,route_chosen_seed,route_score_value,route_score_time_s,route_rewire_time_s,route_candidate_scores,route_total_time_s,rewire_wall_time_s,termination_reason,termination_detail,stall_mode,abort_after_no_progress_unswap_cycles,initial_rewire_time_s,initial_rewire_wall_time_s,post_unswap_rewire_time_s,post_unswap_rewire_wall_time_s,absorb_probe_time_s,absorb_probe_wall_time_s,unswap_time_s,accounted_time_s,accounted_wall_time_s
0.22752058401238173,rewiring,left,initial,0.1829295419738628,239,False,False,,,,,,,,,,,,,,,,,,,,,,,,,,,,,,,,,,,,,,,,,,,,,,,,,,,,,,,,,,,,,,,,,,,,,,,,,,,,,,,,,,,,,,,,,,,,,,,,,,,,
0.4193968750187196,rewiring,right,initial,0.19168729201192036,249,False,False,,,,,,,,,,,,,,,,,,,,,,,,,,,,,,,,,,,,,,,,,,,,,,,,,,,,,,,,,,,,,,,,,,,,,,,,,,,,,,,,,,,,,,,,,,,,,,,,,,,,
0.4775335420272313,absorbing,,,,,,,L,1,0,237,247,4,0,4,5,4,4,0.02945529203861952,0.01646499999333173,0.04592029203195125,0.04628704197239131,256,280,4,4,False,False,False,False,256,4,False,512,0.0006,,160,0,bond_l2,"(99, 256)","(114, 280)",1,1,,,,0.0,4,4,256,262,158,40,,,,,,,,,,,,,,,,,,,,,,,,,,,,,,,,,,,,,,,,,,,,,,,,,,,,,,
0.5188970839953981,absorbing,,,,,,,R,1,1,237,247,4,0,4,5,0,4,0.020829541026614606,0.01675787498243153,0.03758741600904614,0.03795445803552866,592,388,4,4,False,False,False,False,388,4,False,512,0.0006,,160,0,bond_l2,"(219, 592)","(159, 388)",1,1,,,,0.0,4,4,388,286,158,40,,,,,,,,,,,,,,,,,,,,,,,,,,,,,,,,,,,,,,,,,,,,,,,,,,,,,,
0.5645107920281589,absorbing,,,,,,,R,1,2,237,247,4,0,4,5,0,4,0.024730416014790535,0.01629150001099333,0.04102191602578387,0.041398749977815896,796,628,4,4,False,False,False,False,628,4,False,512,0.0006,,160,0,bond_l2,"(279, 796)","(219, 628)",1,1,,,,0.0,4,4,628,310,158,40,,,,,,,,,,,,,,,,,,,,,,,,,,,,,,,,,,,,,,,,,,,,,,,,,,,,,,
0.6040095839998685,absorbing,,,,,,,L,2,2,237,247,7,0,7,4,3,7,0.01937783299945295,0.015947166946716607,0.035324999946169555,0.03571245801867917,976,1516,4,16,False,False,False,False,976,4,False,512,0.0006,,160,0,bond_l2,"(324, 976)","(729, 1516)",1,1,,,,0.0,4,4,976,352,158,40,,,,,,,,,,,,,,,,,,,,,,,,,,,,,,,,,,,,,,,,,,,,,,,,,,,,,,
0.6454927500453778,absorbing,,,,,,,L,3,2,237,247,10,0,10,5,3,10,0.020425917056854814,0.0167556669912301,0.037181584048084915,0.03755108400946483,1192,1900,4,16,False,False,False,False,1192,4,False,512,0.0006,,160,0,bond_l2,"(369, 1192)","(834, 1900)",1,1,,,,0.0,4,4,1192,370,158,40,,,,,,,,,,,,,,,,,,,,,,,,,,,,,,,,,,,,,,,,,,,,,,,,,,,,,,
0.685850334004499,absorbing,,,,,,,L,4,2,237,247,12,0,12,6,2,12,0.019791708968114108,0.01557224994758144,0.03536395891569555,0.035772332979831845,1696,2116,16,16,False,False,False,False,1696,16,False,512,0.0006,,160,0,bond_l2,"(639, 1696)","(879, 2116)",1,1,,,,0.0,16,4,1696,406,158,40,,,,,,,,,,,,,,,,,,,,,,,,,,,,,,,,,,,,,,,,,,,,,,,,,,,,,,
0.7316043750033714,absorbing,,,,,,,R,4,3,237,247,12,0,12,4,0,12,0.023055124969687313,0.01738637499511242,0.04044149996479973,0.040808500023558736,3616,3196,16,16,False,False,False,False,3196,16,False,512,0.0006,,160,0,bond_l2,"(1389, 3616)","(1149, 3196)",1,1,,,,0.0,16,4,3196,466,158,40,,,,,,,,,,,,,,,,,,,,,,,,,,,,,,,,,,,,,,,,,,,,,,,,,,,,,,
0.7775342090171762,absorbing,,,,,,,R,4,4,237,247,12,2,14,3,2,14,0.02216645801672712,0.019454916997347027,0.04162137501407415,0.042009832977782935,5116,5176,16,16,False,False,False,False,5176,16,False,512,0.0006,,160,0,bond_l2,"(1899, 5116)","(1644, 5176)",1,1,,,,0.0,16,4,5176,520,158,40,,,,,,,,,,,,,,,,,,,,,,,,,,,,,,,,,,,,,,,,,,,,,,,,,,,,,,
0.8248227090225555,absorbing,,,,,,,R,4,5,237,247,12,3,15,4,1,15,0.02263374999165535,0.019891209027264267,0.04252495901891962,0.042896583036053926,7096,6256,16,16,False,False,False,False,6256,16,False,512,0.0006,,160,0,bond_l2,"(2394, 7096)","(1914, 6256)",1,1,,,,0.0,16,4,6256,556,158,40,,,,,,,,,,,,,,,,,,,,,,,,,,,,,,,,,,,,,,,,,,,,,,,,,,,,,,
0.8716496670385823,absorbing,,,,,,,R,4,6,237,247,12,4,16,4,1,16,0.022229499998502433,0.020131415978539735,0.04236091597704217,0.042738999996799976,14320,12780,64,64,False,False,False,False,12780,64,False,512,0.0006,,160,0,bond_l2,"(6504, 14320)","(5817, 12780)",1,1,,,,0.0,64,4,12780,666,158,40,,,,,,,,,,,,,,,,,,,,,,,,,,,,,,,,,,,,,,,,,,,,,,,,,,,,,,
0.939193541998975,absorbing,,,,,,,R,4,7,237,247,12,6,18,3,2,18,0.03151574998628348,0.0306477079866454,0.06216345797292888,0.06255404197145253,30060,29196,64,64,False,False,False,False,29196,64,False,512,0.0006,,160,0,bond_l2,"(10407, 30060)","(10152, 29196)",1,1,,,,0.0,64,4,29196,816,158,40,,,,,,,,,,,,,,,,,,,,,,,,,,,,,,,,,,,,,,,,,,,,,,,,,,,,,,
1.0194817500305362,absorbing,,,,,,,R,4,8,237,247,12,6,18,4,0,18,0.04341487499186769,0.030567375011742115,0.0739822500036098,0.07437862502411008,46092,29900,64,64,False,False,False,False,29900,64,False,512,0.0006,,160,0,bond_l2,"(14502, 46092)","(10200, 29900)",1,1,,,,0.0,64,4,29900,824,158,40,,,,,,,,,,,,,,,,,,,,,,,,,,,,,,,,,,,,,,,,,,,,,,,,,,,,,,
1.0946435420191847,absorbing,,,,,,,R,4,9,237,247,12,8,20,3,2,20,0.038973291986621916,0.030995708017144352,0.06996900000376627,0.07037579198367894,47052,34188,64,64,False,False,False,False,34188,64,False,512,0.0006,,160,0,bond_l2,"(14742, 47052)","(11385, 34188)",1,1,,,,0.0,64,4,34188,902,158,40,,,,,,,,,,,,,,,,,,,,,,,,,,,,,,,,,,,,,,,,,,,,,,,,,,,,,,
1.1754810420097783,absorbing,,,,,,,R,4,10,237,247,12,8,20,5,0,20,0.04238287499174476,0.0328755839727819,0.07525845896452665,0.07566874998155981,51148,38280,64,64,False,False,False,False,38280,64,False,512,0.0006,,160,0,bond_l2,"(15866, 51148)","(12779, 38280)",1,1,,,,0.0,64,4,38280,1002,158,40,,,,,,,,,,,,,,,,,,,,,,,,,,,,,,,,,,,,,,,,,,,,,,,,,,,,,,
1.2616507500060834,absorbing,,,,,,,R,4,11,237,247,12,11,23,1,3,23,0.043479041021782905,0.037223958992399275,0.08070300001418218,0.08110925002256408,55560,44868,64,64,False,False,False,False,44868,64,False,512,0.0006,,160,0,bond_l2,"(17369, 55560)","(14118, 44868)",1,1,,,,0.0,64,4,44868,1084,158,40,,,,,,,,,,,,,,,,,,,,,,,,,,,,,,,,,,,,,,,,,,,,,,,,,,,,,,
1.3502150420099497,absorbing,,,,,,,R,4,12,237,247,12,13,25,2,2,25,0.045358709001448005,0.03827641601674259,0.08363512501819059,0.08404141699429601,62184,44868,64,64,False,False,False,False,44868,64,False,512,0.0006,,160,0,bond_l2,"(18708, 62184)","(14118, 44868)",1,1,,,,0.0,64,4,44868,1084,158,40,,,,,,,,,,,,,,,,,,,,,,,,,,,,,,,,,,,,,,,,,,,,,,,,,,,,,,
1.4367527090362273,absorbing,,,,,,,R,4,13,237,247,12,14,26,2,1,26,0.04446816700510681,0.036849958007223904,0.08131812501233071,0.08176429203012958,62184,44808,64,64,False,False,False,False,44808,64,False,512,0.0006,,160,0,bond_l2,"(18708, 62184)","(14103, 44808)",1,1,,,,0.0,64,4,44808,1078,158,40,,,,,,,,,,,,,,,,,,,,,,,,,,,,,,,,,,,,,,,,,,,,,,,,,,,,,,
1.5182832920108922,absorbing,,,,,,,R,4,14,237,247,12,16,28,2,2,28,0.04409833304816857,0.03237016696948558,0.07646850001765415,0.07689175003906712,62088,44808,64,64,False,False,False,False,44808,64,False,512,0.0006,,160,0,bond_l2,"(18693, 62088)","(14103, 44808)",1,1,,,,0.0,64,4,44808,1078,158,40,,,,,,,,,,,,,,,,,,,,,,,,,,,,,,,,,,,,,,,,,,,,,,,,,,,,,,
1.6018296669935808,absorbing,,,,,,,R,4,15,237,247,12,16,28,3,0,28,0.04434291599318385,0.034329541958868504,0.07867245795205235,0.07909837499028072,62028,54408,64,64,False,False,False,False,54408,64,False,512,0.0006,,160,0,bond_l2,"(18678, 62028)","(18183, 54408)",1,1,,,,0.0,64,4,54408,1198,158,40,,,,,,,,,,,,,,,,,,,,,,,,,,,,,,,,,,,,,,,,,,,,,,,,,,,,,,
1.7261625000392087,absorbing,,,,,,,L,5,15,237,247,15,16,31,6,3,31,0.049851874995511025,0.06921625003451481,0.11906812503002584,0.11991924996254966,71628,103044,64,116,False,False,False,False,71628,64,False,512,0.0006,,160,0,bond_l2,"(22758, 71628)","(34710, 103044)",1,1,,,,0.0,64,4,71628,1372,158,40,,,,,,,,,,,,,,,,,,,,,,,,,,,,,,,,,,,,,,,,,,,,,,,,,,,,,,
1.978372749988921,absorbing,,,,,,,L,6,15,237,247,19,16,35,5,4,35,0.17117975000292063,0.07568741700379178,0.2468671670067124,0.24759199999971315,76296,120264,64,116,False,False,False,False,76296,64,False,512,0.0006,,160,0,bond_l2,"(23763, 76296)","(39285, 120264)",1,1,,,,0.0,64,4,76296,1486,158,40,,,,,,,,,,,,,,,,,,,,,,,,,,,,,,,,,,,,,,,,,,,,,,,,,,,,,,
2.111677917011548,absorbing,,,,,,,L,7,15,237,247,21,16,37,8,2,37,0.05298812501132488,0.07500012504169717,0.12798825005302206,0.12837025005137548,83328,125256,64,116,False,False,False,False,83328,64,False,512,0.0006,,160,0,bond_l2,"(28113, 83328)","(40515, 125256)",1,1,,,,0.0,64,4,83328,1642,158,40,,,,,,,,,,,,,,,,,,,,,,,,,,,,,,,,,,,,,,,,,,,,,,,,,,,,,,
2.3172696250258014,absorbing,,,,,,,L,8,15,237,247,24,16,40,5,3,40,0.1169472910114564,0.08343541697831824,0.20038270798977464,0.20084300002781674,109920,132864,64,116,False,False,False,False,109920,64,False,512,0.0006,,160,0,bond_l2,"(36768, 109920)","(44865, 132864)",1,1,,,,0.0,64,4,109920,1936,158,40,,,,,,,,,,,,,,,,,,,,,,,,,,,,,,,,,,,,,,,,,,,,,,,,,,,,,,
2.5337379589909688,absorbing,,,,,,,L,9,15,237,247,27,16,43,3,3,43,0.1037491669994779,0.10758895898470655,0.21133812598418444,0.2117980410112068,118560,158496,64,116,False,False,False,False,118560,64,False,512,0.0006,,160,0,bond_l2,"(41088, 118560)","(53280, 158496)",1,1,,,,0.0,64,4,118560,2080,158,40,,,,,,,,,,,,,,,,,,,,,,,,,,,,,,,,,,,,,,,,,,,,,,,,,,,,,,
2.739925125031732,absorbing,,,,,,,L,10,15,237,247,30,16,46,2,3,46,0.09809920802945271,0.102598833036609,0.2006980410660617,0.2012517909752205,141024,167136,64,116,False,False,False,False,141024,64,False,512,0.0006,,160,0,bond_l2,"(49008, 141024)","(57600, 167136)",1,1,,,,0.0,64,4,141024,2296,158,40,,,,,,,,,,,,,,,,,,,,,,,,,,,,,,,,,,,,,,,,,,,,,,,,,,,,,,
3.033610459009651,absorbing,,,,,,,R,10,16,237,247,30,17,47,5,1,47,0.17214037501253188,0.11631041701184586,0.28845079202437773,0.2889069590019062,279264,183456,256,116,False,False,False,False,183456,116,False,512,0.0006,,160,0,bond_l2,"(118128, 279264)","(61680, 183456)",1,1,,,,0.0,116,4,183456,2488,158,40,,,,,,,,,,,,,,,,,,,,,,,,,,,,,,,,,,,,,,,,,,,,,,,,,,,,,,
3.4863618340459652,absorbing,,,,,,,L,11,16,237,247,32,17,49,5,2,49,0.1951612500124611,0.25168858299730346,0.44684983300976455,0.447485750017222,320160,362016,256,250,False,False,False,False,320160,256,False,512,0.0006,,160,0,bond_l2,"(129888, 320160)","(130692, 362016)",1,1,,,,0.0,256,4,320160,3056,158,40,,,,,,,,,,,,,,,,,,,,,,,,,,,,,,,,,,,,,,,,,,,,,,,,,,,,,,
4.4038267500000075,absorbing,,,,,,,L,12,16,237,247,34,17,51,3,2,51,0.4065517500275746,0.5041884169913828,0.9107401670189574,0.9118182500242256,380448,476596,256,256,False,False,False,False,380448,256,False,512,0.0006,,160,0,bond_l2,"(144585, 380448)","(198650, 476596)",1,1,,,,0.0,256,4,380448,3434,158,40,,,,,,,,,,,,,,,,,,,,,,,,,,,,,,,,,,,,,,,,,,,,,,,,,,,,,,
5.195410250045825,absorbing,,,,,,,L,13,16,237,247,37,17,54,3,3,54,0.28506333398399875,0.49625633301911876,0.7813196670031175,0.7819084590300918,385760,533652,256,256,False,False,False,True,385760,256,False,512,0.0006,,160,0,bond_l2,"(145161, 385760)","(212586, 533652)",1,1,,,,0.0,256,4,385760,3486,158,40,,,,,,,,,,,,,,,,,,,,,,,,,,,,,,,,,,,,,,,,,,,,,,,,,,,,,,
11.772801499988418,unswapping,,,,,,,,,,,,,,,,,,,,,,,,,,,,,,,,,,,,,,,,,,,,,,,256,4,329568,3144,158,40,0,both,0,20,20,8,8,,,,,0,,,,,,,,,,,,,,,,,,,,,,,,,,,,,,,,,,,,,,,,,,
13.636682209034916,unswapping,,,,,,,,,,,,,,,,,,,,,,,,,,,,,,,,,,,,,,,,,,,,,,,64,4,152160,2264,158,40,0,both,1,19,19,9,17,,,,,0,,,,,,,,,,,,,,,,,,,,,,,,,,,,,,,,,,,,,,,,,,
14.015076000010595,unswapping,,,,,,,,,,,,,,,,,,,,,,,,,,,,,,,,,,,,,,,,,,,,,,,64,4,126624,2048,158,40,0,left,0,20,20,4,21,,,,,8,,,,,,,,,,,,,,,,,,,,,,,,,,,,,,,,,,,,,,,,,,
14.466342625033576,unswapping,,,,,,,,,,,,,,,,,,,,,,,,,,,,,,,,,,,,,,,,,,,,,,,64,4,95072,1820,158,40,0,left,1,19,19,7,28,,,,,22,,,,,,,,,,,,,,,,,,,,,,,,,,,,,,,,,,,,,,,,,,
14.697561625041999,unswapping,,,,,,,,,,,,,,,,,,,,,,,,,,,,,,,,,,,,,,,,,,,,,,,64,4,45536,1344,158,40,0,right,0,20,20,10,38,,,,,38,,,,,,,,,,,,,,,,,,,,,,,,,,,,,,,,,,,,,,,,,,
14.81591904204106,unswapping,,,,,,,,,,,,,,,,,,,,,,,,,,,,,,,,,,,,,,,,,,,,,,,32,4,27024,1076,158,40,0,right,1,19,19,9,47,,,,,54,,,,,,,,,,,,,,,,,,,,,,,,,,,,,,,,,,,,,,,,,,
14.951372167037334,unswapping,,,,,,,,,,,,,,,,,,,,,,,,,,,,,,,,,,,,,,,,,,,,,,,32,4,20736,964,158,40,1,both,0,20,20,6,6,,,,,66,,,,,,,,,,,,,,,,,,,,,,,,,,,,,,,,,,,,,,,,,,
15.12017237499822,unswapping,,,,,,,,,,,,,,,,,,,,,,,,,,,,,,,,,,,,,,,,,,,,,,,32,4,19008,916,158,40,1,both,1,19,19,3,9,,,,,74,,,,,,,,,,,,,,,,,,,,,,,,,,,,,,,,,,,,,,,,,,
15.17674566700589,unswapping,,,,,,,,,,,,,,,,,,,,,,,,,,,,,,,,,,,,,,,,,,,,,,,27,4,15712,858,158,40,1,left,0,20,20,4,13,,,,,76,,,,,,,,,,,,,,,,,,,,,,,,,,,,,,,,,,,,,,,,,,
15.228811584005598,unswapping,,,,,,,,,,,,,,,,,,,,,,,,,,,,,,,,,,,,,,,,,,,,,,,25,4,14048,822,158,40,1,left,1,19,19,2,15,,,,,80,,,,,,,,,,,,,,,,,,,,,,,,,,,,,,,,,,,,,,,,,,
15.273139583994634,unswapping,,,,,,,,,,,,,,,,,,,,,,,,,,,,,,,,,,,,,,,,,,,,,,,24,4,12832,780,158,40,1,right,0,20,20,2,17,,,,,84,,,,,,,,,,,,,,,,,,,,,,,,,,,,,,,,,,,,,,,,,,
15.319728334026877,unswapping,,,,,,,,,,,,,,,,,,,,,,,,,,,,,,,,,,,,,,,,,,,,,,,24,4,12088,746,158,40,1,right,1,19,19,4,21,,,,,88,,,,,,,,,,,,,,,,,,,,,,,,,,,,,,,,,,,,,,,,,,
15.40113025001483,unswapping,,,,,,,,,,,,,,,,,,,,,,,,,,,,,,,,,,,,,,,,,,,,,,,24,4,11992,738,158,40,2,both,0,20,20,2,2,,,,,92,,,,,,,,,,,,,,,,,,,,,,,,,,,,,,,,,,,,,,,,,,
15.576939666992985,unswapping,,,,,,,,,,,,,,,,,,,,,,,,,,,,,,,,,,,,,,,,,,,,,,,24,4,11944,732,158,40,2,both,1,19,19,1,3,,,,,94,,,,,,,,,,,,,,,,,,,,,,,,,,,,,,,,,,,,,,,,,,
15.602669084037188,unswapping,,,,,,,,,,,,,,,,,,,,,,,,,,,,,,,,,,,,,,,,,,,,,,,24,4,11944,732,158,40,2,left,0,20,20,0,3,,,,,94,,,,,,,,,,,,,,,,,,,,,,,,,,,,,,,,,,,,,,,,,,
15.629127292020712,unswapping,,,,,,,,,,,,,,,,,,,,,,,,,,,,,,,,,,,,,,,,,,,,,,,24,4,11944,732,158,40,2,left,1,19,19,0,3,,,,,94,,,,,,,,,,,,,,,,,,,,,,,,,,,,,,,,,,,,,,,,,,
15.651847000000998,unswapping,,,,,,,,,,,,,,,,,,,,,,,,,,,,,,,,,,,,,,,,,,,,,,,24,4,11944,732,158,40,2,right,0,20,20,0,3,,,,,94,,,,,,,,,,,,,,,,,,,,,,,,,,,,,,,,,,,,,,,,,,
15.69800616701832,unswapping,,,,,,,,,,,,,,,,,,,,,,,,,,,,,,,,,,,,,,,,,,,,,,,24,4,11872,726,158,40,2,right,1,19,19,1,4,,,,,96,,,,,,,,,,,,,,,,,,,,,,,,,,,,,,,,,,,,,,,,,,
15.774661667004693,unswapping,,,,,,,,,,,,,,,,,,,,,,,,,,,,,,,,,,,,,,,,,,,,,,,24,4,11848,722,158,40,3,both,0,20,20,2,2,,,,,94,,,,,,,,,,,,,,,,,,,,,,,,,,,,,,,,,,,,,,,,,,
15.835899709025398,unswapping,,,,,,,,,,,,,,,,,,,,,,,,,,,,,,,,,,,,,,,,,,,,,,,24,4,11848,722,158,40,3,both,1,19,19,0,2,,,,,94,,,,,,,,,,,,,,,,,,,,,,,,,,,,,,,,,,,,,,,,,,
15.862811417027842,unswapping,,,,,,,,,,,,,,,,,,,,,,,,,,,,,,,,,,,,,,,,,,,,,,,24,4,11848,722,158,40,3,left,0,20,20,0,2,,,,,94,,,,,,,,,,,,,,,,,,,,,,,,,,,,,,,,,,,,,,,,,,
15.893331833998673,unswapping,,,,,,,,,,,,,,,,,,,,,,,,,,,,,,,,,,,,,,,,,,,,,,,24,4,11848,722,158,40,3,left,1,19,19,0,2,,,,,94,,,,,,,,,,,,,,,,,,,,,,,,,,,,,,,,,,,,,,,,,,
15.939360584015958,unswapping,,,,,,,,,,,,,,,,,,,,,,,,,,,,,,,,,,,,,,,,,,,,,,,24,4,11824,718,158,40,3,right,0,20,20,1,3,,,,,96,,,,,,,,,,,,,,,,,,,,,,,,,,,,,,,,,,,,,,,,,,
15.967067249992397,unswapping,,,,,,,,,,,,,,,,,,,,,,,,,,,,,,,,,,,,,,,,,,,,,,,24,4,11824,718,158,40,3,right,1,19,19,0,3,,,,,96,,,,,,,,,,,,,,,,,,,,,,,,,,,,,,,,,,,,,,,,,,
16.01703887502663,unswapping,,,,,,,,,,,,,,,,,,,,,,,,,,,,,,,,,,,,,,,,,,,,,,,24,4,11824,718,158,40,4,both,0,20,20,0,0,,,,,96,,,,,,,,,,,,,,,,,,,,,,,,,,,,,,,,,,,,,,,,,,
16.068242667010054,unswapping,,,,,,,,,,,,,,,,,,,,,,,,,,,,,,,,,,,,,,,,,,,,,,,24,4,11824,718,158,40,4,both,1,19,19,0,0,,,,,96,,,,,,,,,,,,,,,,,,,,,,,,,,,,,,,,,,,,,,,,,,
16.091166250000242,unswapping,,,,,,,,,,,,,,,,,,,,,,,,,,,,,,,,,,,,,,,,,,,,,,,24,4,11824,718,158,40,4,left,0,20,20,0,0,,,,,96,,,,,,,,,,,,,,,,,,,,,,,,,,,,,,,,,,,,,,,,,,
16.116334084013943,unswapping,,,,,,,,,,,,,,,,,,,,,,,,,,,,,,,,,,,,,,,,,,,,,,,24,4,11824,718,158,40,4,left,1,19,19,0,0,,,,,96,,,,,,,,,,,,,,,,,,,,,,,,,,,,,,,,,,,,,,,,,,
16.139186584041454,unswapping,,,,,,,,,,,,,,,,,,,,,,,,,,,,,,,,,,,,,,,,,,,,,,,24,4,11824,718,158,40,4,right,0,20,20,0,0,,,,,96,,,,,,,,,,,,,,,,,,,,,,,,,,,,,,,,,,,,,,,,,,
16.17089762503747,unswapping,,,,,,,,,,,,,,,,,,,,,,,,,,,,,,,,,,,,,,,,,,,,,,,24,4,11824,718,158,40,4,right,1,19,19,0,0,,,,,96,,,,,,,,,,,,,,,,,,,,,,,,,,,,,,,,,,,,,,,,,,
16.24941245903028,unswap_cycle_summary,,,,,,,,,,,,37,17,54,,,,,,,,,,,,,,,,,,,512,0.0006,,,,,,,,,,,,,24,4,11824,718,158,40,,,,,,,,,,,,,,,,,,,,1,10.05889704200672,54,808,754,54,False,,,,,,,,,,,,,,,,,,,,,,,,,,,,
16.94043929199688,rewiring,left,post_unswap,0.6877450000029057,226,False,False,,,,,,,,,,,,,,,,,,,,,,,,,,,,,,,,,,,,,,,,,,,,,,,,,,,,,,,,,,,,,,,,,,1,,,,,,,50,False,54,4,bond_profile,8,False,1,1132,"(127, 16, 22, 8, 44, 1096, 217)",0.0038351250113919377,0.6838805820443667,"[{'seed': 123, 'score': (139, 16, 23, 8, 45, 1100, 210), 'num_layers': 210, 'total_swaps': 1100, 'max_layer_swaps': 11, 'swap_only_layers': 45, 'work_layers': 165, 'unitary_layers': 165, 'first_work_layer': 1, 'leading_no_work_layers': 1, 'bond_profile_layers_scored': 8, 'bond_profile_total_cost': 139, 'bond_profile_max_cost': 16, 'bond_profile_gate_count': 23}, {'seed': 1132, 'score': (127, 16, 22, 8, 44, 1096, 217), 'num_layers': 217, 'total_swaps': 1096, 'max_layer_swaps': 10, 'swap_only_layers': 44, 'work_layers': 173, 'unitary_layers': 173, 'first_work_layer': 1, 'leading_no_work_layers': 1, 'bond_profile_layers_scored': 8, 'bond_profile_total_cost': 127, 'bond_profile_max_cost': 16, 'bond_profile_gate_count': 22}, {'seed': 2141, 'score': (135, 16, 22, 8, 49, 1110, 228), 'num_layers': 228, 'total_swaps': 1110, 'max_layer_swaps': 10, 'swap_only_layers': 49, 'work_layers': 179, 'unitary_layers': 179, 'first_work_layer': 1, 'leading_no_work_layers': 1, 'bond_profile_layers_scored': 8, 'bond_profile_total_cost': 135, 'bond_profile_max_cost': 16, 'bond_profile_gate_count': 22}, {'seed': 3150, 'score': (135, 16, 22, 8, 66, 1111, 252), 'num_layers': 252, 'total_swaps': 1111, 'max_layer_swaps': 10, 'swap_only_layers': 66, 'work_layers': 186, 'unitary_layers': 186, 'first_work_layer': 1, 'leading_no_work_layers': 1, 'bond_profile_layers_scored': 8, 'bond_profile_total_cost': 135, 'bond_profile_max_cost': 16, 'bond_profile_gate_count': 22}]",0.6877333339652978,1.3405996250221506,,,,,,,,,,,,,
17.59313525003381,rewiring,right,post_unswap,0.6523726669838652,233,False,False,,,,,,,,,,,,,,,,,,,,,,,,,,,,,,,,,,,,,,,,,,,,,,,,,,,,,,,,,,,,,,,,,,1,,,,,,,50,False,54,4,bond_profile,8,False,1,3150,"(100, 24, 10, 8, 53, 1141, 228)",0.0038776659639552236,0.6484673740342259,"[{'seed': 123, 'score': (164, 24, 13, 8, 47, 1129, 237), 'num_layers': 237, 'total_swaps': 1129, 'max_layer_swaps': 9, 'swap_only_layers': 47, 'work_layers': 190, 'unitary_layers': 190, 'first_work_layer': 0, 'leading_no_work_layers': 0, 'bond_profile_layers_scored': 8, 'bond_profile_total_cost': 164, 'bond_profile_max_cost': 24, 'bond_profile_gate_count': 13}, {'seed': 1132, 'score': (148, 24, 12, 8, 53, 1146, 240), 'num_layers': 240, 'total_swaps': 1146, 'max_layer_swaps': 10, 'swap_only_layers': 53, 'work_layers': 187, 'unitary_layers': 187, 'first_work_layer': 0, 'leading_no_work_layers': 0, 'bond_profile_layers_scored': 8, 'bond_profile_total_cost': 148, 'bond_profile_max_cost': 24, 'bond_profile_gate_count': 12}, {'seed': 2141, 'score': (131, 24, 12, 8, 48, 1135, 240), 'num_layers': 240, 'total_swaps': 1135, 'max_layer_swaps': 10, 'swap_only_layers': 48, 'work_layers': 192, 'unitary_layers': 192, 'first_work_layer': 0, 'leading_no_work_layers': 0, 'bond_profile_layers_scored': 8, 'bond_profile_total_cost': 131, 'bond_profile_max_cost': 24, 'bond_profile_gate_count': 12}, {'seed': 3150, 'score': (100, 24, 10, 8, 53, 1141, 228), 'num_layers': 228, 'total_swaps': 1141, 'max_layer_swaps': 11, 'swap_only_layers': 53, 'work_layers': 175, 'unitary_layers': 175, 'first_work_layer': 0, 'leading_no_work_layers': 0, 'bond_profile_layers_scored': 8, 'bond_profile_total_cost': 100, 'bond_profile_max_cost': 24, 'bond_profile_gate_count': 10}]",0.6523642500396818,1.3405996250221506,,,,,,,,,,,,,
17.60088308400009,cycle_progress,,,,,,,,,,,,37,17,54,,,,,,,,,,,,,,,,,,,512,0.0006,,160,0,,,,,,,,,,24,4,11824,718,158,40,,,,,,,,,,,,,,,,,,,,1,,54,808,754,54,False,,,,,,,,,,,,,,,1.3405996250221506,,,,,,,,,,,,,
17.653382542019244,absorbing,,,,,,,L,1,0,217,228,37,17,54,8,0,0,0.019542374997399747,0.02325262496015057,0.04279499995755032,0.046783957979641855,11824,14960,24,32,False,False,False,False,11824,24,False,512,0.0006,,11824,0,bond_l2,"(3497, 11824)","(4577, 14960)",1,1,,,,0.0,24,4,11824,718,158,40,,,,,,,,,,,,,,,,,,,,,,,,,,,,,,,,,,,,,,,,,,,,,,,,,,,,,,
17.728435292025097,absorbing,,,,,,,R,1,1,217,228,37,18,55,7,1,1,0.04064899997320026,0.027148167020641267,0.06779716699384153,0.06827762495959178,17696,14960,32,32,False,False,False,False,14960,32,False,512,0.0006,,11824,0,bond_l2,"(5138, 17696)","(4577, 14960)",1,1,,,,0.0,32,4,14960,790,158,40,,,,,,,,,,,,,,,,,,,,,,,,,,,,,,,,,,,,,,,,,,,,,,,,,,,,,,
17.808319459029008,absorbing,,,,,,,L,2,1,217,228,39,18,57,7,2,3,0.03901325003243983,0.032873333955649287,0.07188658398808911,0.0723170000128448,21472,29960,32,64,False,False,False,False,21472,32,False,512,0.0006,,11824,0,bond_l2,"(6218, 21472)","(10209, 29960)",1,1,,,,0.0,32,4,21472,916,158,40,,,,,,,,,,,,,,,,,,,,,,,,,,,,,,,,,,,,,,,,,,,,,,,,,,,,,,
17.908316374989226,absorbing,,,,,,,R,2,2,217,228,39,19,58,5,1,4,0.047676916990894824,0.04429237497970462,0.09196929197059944,0.09253008296946064,36888,42104,64,64,False,False,False,False,42104,64,False,512,0.0006,,11824,0,bond_l2,"(15153, 36888)","(14730, 42104)",1,1,,,,0.0,64,4,42104,1156,158,40,,,,,,,,,,,,,,,,,,,,,,,,,,,,,,,,,,,,,,,,,,,,,,,,,,,,,,
18.042215334018692,absorbing,,,,,,,R,2,3,217,228,39,21,60,2,2,6,0.07208087499020621,0.053687874984461814,0.12576874997466803,0.12685924995457754,62640,38832,110,64,False,False,False,False,38832,64,False,512,0.0006,,11824,0,bond_l2,"(27621, 62640)","(13154, 38832)",1,1,,,,0.0,64,4,38832,1148,158,40,,,,,,,,,,,,,,,,,,,,,,,,,,,,,,,,,,,,,,,,,,,,,,,,,,,,,,
18.19992183399154,absorbing,,,,,,,R,2,4,217,228,39,22,61,2,1,7,0.10147679201327264,0.048298625042662024,0.14977541705593467,0.15021537500433624,51968,39952,64,64,False,False,False,False,39952,64,False,512,0.0006,,11824,0,bond_l2,"(19581, 51968)","(13361, 39952)",1,1,,,,0.0,64,4,39952,1170,158,40,,,,,,,,,,,,,,,,,,,,,,,,,,,,,,,,,,,,,,,,,,,,,,,,,,,,,,
18.3228010419989,absorbing,,,,,,,R,2,5,217,228,39,23,62,4,1,8,0.05918629199732095,0.05595012498088181,0.11513641697820276,0.11559258302440867,56448,53360,64,64,False,False,False,False,53360,64,False,512,0.0006,,11824,0,bond_l2,"(22893, 56448)","(19809, 53360)",1,1,,,,0.0,64,4,53360,1338,158,40,,,,,,,,,,,,,,,,,,,,,,,,,,,,,,,,,,,,,,,,,,,,,,,,,,,,,,
18.483948250010144,absorbing,,,,,,,R,2,6,217,228,39,23,62,3,0,8,0.08668945799581707,0.06676625000545755,0.15345570800127462,0.15457595797488466,96768,90416,110,128,False,False,False,False,90416,128,False,512,0.0006,,11824,0,bond_l2,"(35805, 96768)","(35196, 90416)",1,1,,,,0.0,128,4,90416,1540,158,40,,,,,,,,,,,,,,,,,,,,,,,,,,,,,,,,,,,,,,,,,,,,,,,,,,,,,,
18.736372750019655,absorbing,,,,,,,R,2,7,217,228,39,23,62,4,0,8,0.1417715420247987,0.10142433299915865,0.24319587502395734,0.2447470419574529,151776,111152,128,128,False,False,False,False,111152,128,False,512,0.0006,,11824,0,bond_l2,"(51372, 151776)","(40508, 111152)",1,1,,,,0.0,128,4,111152,1620,158,40,,,,,,,,,,,,,,,,,,,,,,,,,,,,,,,,,,,,,,,,,,,,,,,,,,,,,,
19.071797417011112,absorbing,,,,,,,R,2,8,217,228,39,24,63,5,1,9,0.14927583298413083,0.1783072499674745,0.3275830829516053,0.32816704094875604,162400,128640,128,128,False,False,False,False,128640,128,False,512,0.0006,,11824,0,bond_l2,"(55089, 162400)","(43880, 128640)",1,1,,,,0.0,128,4,128640,1720,158,40,,,,,,,,,,,,,,,,,,,,,,,,,,,,,,,,,,,,,,,,,,,,,,,,,,,,,,
19.52297620900208,absorbing,,,,,,,R,2,9,217,228,39,25,64,6,1,10,0.23773512500338256,0.20479758299188688,0.44253270799526945,0.44378537498414516,182592,130560,128,128,False,False,False,False,130560,128,False,512,0.0006,,11824,0,bond_l2,"(58209, 182592)","(44468, 130560)",1,1,,,,0.0,128,4,130560,1788,158,40,,,,,,,,,,,,,,,,,,,,,,,,,,,,,,,,,,,,,,,,,,,,,,,,,,,,,,
19.929124124988448,absorbing,,,,,,,L,3,9,217,228,40,25,65,6,1,11,0.2406252910150215,0.15699337504338473,0.39761866605840623,0.3981362920021638,185088,174176,128,128,False,False,False,False,185088,128,False,512,0.0006,,11824,0,bond_l2,"(58797, 185088)","(62096, 174176)",1,1,,,,0.0,128,4,185088,2062,158,40,,,,,,,,,,,,,,,,,,,,,,,,,,,,,,,,,,,,,,,,,,,,,,,,,,,,,,
20.382432292040903,absorbing,,,,,,,R,3,10,217,228,40,27,67,5,2,13,0.23886041599325836,0.2063470829743892,0.44520749896764755,0.4456868330016732,297216,232544,256,128,False,False,False,False,232544,128,False,512,0.0006,,11824,0,bond_l2,"(123581, 297216)","(75689, 232544)",1,1,,,,0.0,128,4,232544,2366,158,40,,,,,,,,,,,,,,,,,,,,,,,,,,,,,,,,,,,,,,,,,,,,,,,,,,,,,,
20.87144416704541,absorbing,,,,,,,R,3,11,217,228,40,29,69,4,2,15,0.2686349169816822,0.21159270801581442,0.4802276249974966,0.48143374995561317,344160,210144,256,128,False,False,False,False,210144,128,False,512,0.0006,,11824,0,bond_l2,"(140481, 344160)","(68481, 210144)",1,1,,,,0.0,128,4,210144,2410,158,40,,,,,,,,,,,,,,,,,,,,,,,,,,,,,,,,,,,,,,,,,,,,,,,,,,,,,,
21.453282625006977,absorbing,,,,,,,L,4,11,217,228,40,29,69,6,0,15,0.30757175001781434,0.2647082920302637,0.572280042048078,0.5729227499687113,323168,340192,256,256,False,False,False,False,323168,256,False,512,0.0006,,11824,0,bond_l2,"(133520, 323168)","(143841, 340192)",1,1,,,,0.0,256,4,323168,2888,158,40,,,,,,,,,,,,,,,,,,,,,,,,,,,,,,,,,,,,,,,,,,,,,,,,,,,,,,
22.235780916991644,absorbing,,,,,,,R,4,12,217,228,40,30,70,5,1,16,0.4299766250187531,0.3434492920059711,0.7734259170247242,0.7746134580229409,565728,453856,256,256,False,False,True,False,453856,256,False,512,0.0006,,11824,0,bond_l2,"(193701, 565728)","(209121, 453856)",1,1,,,,0.0,256,4,453856,3414,158,40,,,,,,,,,,,,,,,,,,,,,,,,,,,,,,,,,,,,,,,,,,,,,,,,,,,,,,
26.656906292017084,unswapping,,,,,,,,,,,,,,,,,,,,,,,,,,,,,,,,,,,,,,,,,,,,,,,256,4,527288,3100,158,40,0,both,0,20,20,2,2,,,,,0,,,,,,,,,,,,,,,,,,,,,,,,,,,,,,,,,,,,,,,,,,
29.23430804203963,unswapping,,,,,,,,,,,,,,,,,,,,,,,,,,,,,,,,,,,,,,,,,,,,,,,241,4,253804,2434,158,40,0,both,1,19,19,6,8,,,,,0,,,,,,,,,,,,,,,,,,,,,,,,,,,,,,,,,,,,,,,,,,
29.830322000023443,unswapping,,,,,,,,,,,,,,,,,,,,,,,,,,,,,,,,,,,,,,,,,,,,,,,111,4,139000,1952,158,40,0,left,0,20,20,5,13,,,,,10,,,,,,,,,,,,,,,,,,,,,,,,,,,,,,,,,,,,,,,,,,
30.27366066700779,unswapping,,,,,,,,,,,,,,,,,,,,,,,,,,,,,,,,,,,,,,,,,,,,,,,109,4,88464,1668,158,40,0,left,1,19,19,5,18,,,,,20,,,,,,,,,,,,,,,,,,,,,,,,,,,,,,,,,,,,,,,,,,
30.491201292024925,unswapping,,,,,,,,,,,,,,,,,,,,,,,,,,,,,,,,,,,,,,,,,,,,,,,107,4,73488,1408,158,40,0,right,0,20,20,5,23,,,,,26,,,,,,,,,,,,,,,,,,,,,,,,,,,,,,,,,,,,,,,,,,
30.686661084007937,unswapping,,,,,,,,,,,,,,,,,,,,,,,,,,,,,,,,,,,,,,,,,,,,,,,105,4,69424,1356,158,40,0,right,1,19,19,3,26,,,,,30,,,,,,,,,,,,,,,,,,,,,,,,,,,,,,,,,,,,,,,,,,
31.102222292043734,unswapping,,,,,,,,,,,,,,,,,,,,,,,,,,,,,,,,,,,,,,,,,,,,,,,102,4,62960,1236,158,40,1,both,0,20,20,5,5,,,,,32,,,,,,,,,,,,,,,,,,,,,,,,,,,,,,,,,,,,,,,,,,
31.416036209033336,unswapping,,,,,,,,,,,,,,,,,,,,,,,,,,,,,,,,,,,,,,,,,,,,,,,100,4,56704,1172,158,40,1,both,1,19,19,4,9,,,,,42,,,,,,,,,,,,,,,,,,,,,,,,,,,,,,,,,,,,,,,,,,
31.54919491702458,unswapping,,,,,,,,,,,,,,,,,,,,,,,,,,,,,,,,,,,,,,,,,,,,,,,99,4,56248,1164,158,40,1,left,0,20,20,1,10,,,,,44,,,,,,,,,,,,,,,,,,,,,,,,,,,,,,,,,,,,,,,,,,
31.698076750035398,unswapping,,,,,,,,,,,,,,,,,,,,,,,,,,,,,,,,,,,,,,,,,,,,,,,98,4,54744,1142,158,40,1,left,1,19,19,2,12,,,,,44,,,,,,,,,,,,,,,,,,,,,,,,,,,,,,,,,,,,,,,,,,
31.837189792015124,unswapping,,,,,,,,,,,,,,,,,,,,,,,,,,,,,,,,,,,,,,,,,,,,,,,97,4,52560,1100,158,40,1,right,0,20,20,4,16,,,,,48,,,,,,,,,,,,,,,,,,,,,,,,,,,,,,,,,,,,,,,,,,
32.00244695902802,unswapping,,,,,,,,,,,,,,,,,,,,,,,,,,,,,,,,,,,,,,,,,,,,,,,64,4,39832,1032,158,40,1,right,1,19,19,1,17,,,,,50,,,,,,,,,,,,,,,,,,,,,,,,,,,,,,,,,,,,,,,,,,
32.249448459013365,unswapping,,,,,,,,,,,,,,,,,,,,,,,,,,,,,,,,,,,,,,,,,,,,,,,64,4,38184,1018,158,40,2,both,0,20,20,2,2,,,,,50,,,,,,,,,,,,,,,,,,,,,,,,,,,,,,,,,,,,,,,,,,
32.46900916699087,unswapping,,,,,,,,,,,,,,,,,,,,,,,,,,,,,,,,,,,,,,,,,,,,,,,64,4,34912,990,158,40,2,both,1,19,19,2,4,,,,,52,,,,,,,,,,,,,,,,,,,,,,,,,,,,,,,,,,,,,,,,,,
32.53049437503796,unswapping,,,,,,,,,,,,,,,,,,,,,,,,,,,,,,,,,,,,,,,,,,,,,,,64,4,34912,990,158,40,2,left,0,20,20,0,4,,,,,52,,,,,,,,,,,,,,,,,,,,,,,,,,,,,,,,,,,,,,,,,,
32.5935369170038,unswapping,,,,,,,,,,,,,,,,,,,,,,,,,,,,,,,,,,,,,,,,,,,,,,,64,4,34912,990,158,40,2,left,1,19,19,0,4,,,,,52,,,,,,,,,,,,,,,,,,,,,,,,,,,,,,,,,,,,,,,,,,
32.66221158404369,unswapping,,,,,,,,,,,,,,,,,,,,,,,,,,,,,,,,,,,,,,,,,,,,,,,64,4,34912,990,158,40,2,right,0,20,20,0,4,,,,,52,,,,,,,,,,,,,,,,,,,,,,,,,,,,,,,,,,,,,,,,,,
32.73241095902631,unswapping,,,,,,,,,,,,,,,,,,,,,,,,,,,,,,,,,,,,,,,,,,,,,,,64,4,34912,990,158,40,2,right,1,19,19,0,4,,,,,52,,,,,,,,,,,,,,,,,,,,,,,,,,,,,,,,,,,,,,,,,,
32.950417042011395,unswapping,,,,,,,,,,,,,,,,,,,,,,,,,,,,,,,,,,,,,,,,,,,,,,,64,4,32660,974,158,40,3,both,0,20,20,1,1,,,,,54,,,,,,,,,,,,,,,,,,,,,,,,,,,,,,,,,,,,,,,,,,
33.11175500001991,unswapping,,,,,,,,,,,,,,,,,,,,,,,,,,,,,,,,,,,,,,,,,,,,,,,64,4,31048,962,158,40,3,both,1,19,19,1,2,,,,,56,,,,,,,,,,,,,,,,,,,,,,,,,,,,,,,,,,,,,,,,,,
33.172476584033575,unswapping,,,,,,,,,,,,,,,,,,,,,,,,,,,,,,,,,,,,,,,,,,,,,,,64,4,31048,962,158,40,3,left,0,20,20,0,2,,,,,56,,,,,,,,,,,,,,,,,,,,,,,,,,,,,,,,,,,,,,,,,,
33.22434675000841,unswapping,,,,,,,,,,,,,,,,,,,,,,,,,,,,,,,,,,,,,,,,,,,,,,,64,4,31048,962,158,40,3,left,1,19,19,0,2,,,,,56,,,,,,,,,,,,,,,,,,,,,,,,,,,,,,,,,,,,,,,,,,
33.28235883399611,unswapping,,,,,,,,,,,,,,,,,,,,,,,,,,,,,,,,,,,,,,,,,,,,,,,64,4,31048,962,158,40,3,right,0,20,20,0,2,,,,,56,,,,,,,,,,,,,,,,,,,,,,,,,,,,,,,,,,,,,,,,,,
33.33285420900211,unswapping,,,,,,,,,,,,,,,,,,,,,,,,,,,,,,,,,,,,,,,,,,,,,,,64,4,31048,962,158,40,3,right,1,19,19,0,2,,,,,56,,,,,,,,,,,,,,,,,,,,,,,,,,,,,,,,,,,,,,,,,,
33.47344283404527,unswapping,,,,,,,,,,,,,,,,,,,,,,,,,,,,,,,,,,,,,,,,,,,,,,,64,4,31048,962,158,40,4,both,0,20,20,0,0,,,,,56,,,,,,,,,,,,,,,,,,,,,,,,,,,,,,,,,,,,,,,,,,
33.57320525002433,unswapping,,,,,,,,,,,,,,,,,,,,,,,,,,,,,,,,,,,,,,,,,,,,,,,64,4,31048,962,158,40,4,both,1,19,19,0,0,,,,,56,,,,,,,,,,,,,,,,,,,,,,,,,,,,,,,,,,,,,,,,,,
33.63447874999838,unswapping,,,,,,,,,,,,,,,,,,,,,,,,,,,,,,,,,,,,,,,,,,,,,,,64,4,31048,962,158,40,4,left,0,20,20,0,0,,,,,56,,,,,,,,,,,,,,,,,,,,,,,,,,,,,,,,,,,,,,,,,,
33.68793025001651,unswapping,,,,,,,,,,,,,,,,,,,,,,,,,,,,,,,,,,,,,,,,,,,,,,,64,4,31048,962,158,40,4,left,1,19,19,0,0,,,,,56,,,,,,,,,,,,,,,,,,,,,,,,,,,,,,,,,,,,,,,,,,
33.742163042014,unswapping,,,,,,,,,,,,,,,,,,,,,,,,,,,,,,,,,,,,,,,,,,,,,,,64,4,31048,962,158,40,4,right,0,20,20,0,0,,,,,56,,,,,,,,,,,,,,,,,,,,,,,,,,,,,,,,,,,,,,,,,,
33.79122458404163,unswapping,,,,,,,,,,,,,,,,,,,,,,,,,,,,,,,,,,,,,,,,,,,,,,,64,4,31048,962,158,40,4,right,1,19,19,0,0,,,,,56,,,,,,,,,,,,,,,,,,,,,,,,,,,,,,,,,,,,,,,,,,
33.93689033400733,unswap_cycle_summary,,,,,,,,,,,,40,30,70,,,,,,,,,,,,,,,,,,,512,0.0006,,,,,,,,,,,,,64,4,31048,962,158,40,,,,,,,,,,,,,,,,,,,,2,10.406628208002076,70,808,738,16,False,,,,,,,,,,,,,,,,,,,,,,,,,,,,
34.692434834025335,rewiring,left,post_unswap,0.7501066669938155,215,False,False,,,,,,,,,,,,,,,,,,,,,,,,,,,,,,,,,,,,,,,,,,,,,,,,,,,,,,,,,,,,,,,,,,2,,,,,,,50,False,16,4,bond_profile,8,False,1,1132,"(91, 16, 17, 8, 42, 1106, 230)",0.003620624076575041,0.7464615409844555,"[{'seed': 123, 'score': (91, 16, 17, 8, 46, 1114, 232), 'num_layers': 232, 'total_swaps': 1114, 'max_layer_swaps': 9, 'swap_only_layers': 46, 'work_layers': 186, 'unitary_layers': 186, 'first_work_layer': 1, 'leading_no_work_layers': 1, 'bond_profile_layers_scored': 8, 'bond_profile_total_cost': 91, 'bond_profile_max_cost': 16, 'bond_profile_gate_count': 17}, {'seed': 1132, 'score': (91, 16, 17, 8, 42, 1106, 230), 'num_layers': 230, 'total_swaps': 1106, 'max_layer_swaps': 10, 'swap_only_layers': 42, 'work_layers': 188, 'unitary_layers': 188, 'first_work_layer': 1, 'leading_no_work_layers': 1, 'bond_profile_layers_scored': 8, 'bond_profile_total_cost': 91, 'bond_profile_max_cost': 16, 'bond_profile_gate_count': 17}, {'seed': 2141, 'score': (104, 16, 18, 8, 44, 1097, 228), 'num_layers': 228, 'total_swaps': 1097, 'max_layer_swaps': 9, 'swap_only_layers': 44, 'work_layers': 184, 'unitary_layers': 184, 'first_work_layer': 1, 'leading_no_work_layers': 1, 'bond_profile_layers_scored': 8, 'bond_profile_total_cost': 104, 'bond_profile_max_cost': 16, 'bond_profile_gate_count': 18}, {'seed': 3150, 'score': (114, 16, 20, 8, 52, 1103, 239), 'num_layers': 239, 'total_swaps': 1103, 'max_layer_swaps': 10, 'swap_only_layers': 52, 'work_layers': 187, 'unitary_layers': 187, 'first_work_layer': 1, 'leading_no_work_layers': 1, 'bond_profile_layers_scored': 8, 'bond_profile_total_cost': 114, 'bond_profile_max_cost': 16, 'bond_profile_gate_count': 20}]",0.7500992919667624,1.4447535409708507,,,,,,,,,,,,,
35.386897917022,rewiring,right,post_unswap,0.6943467499804683,218,False,False,,,,,,,,,,,,,,,,,,,,,,,,,,,,,,,,,,,,,,,,,,,,,,,,,,,,,,,,,,,,,,,,,,2,,,,,,,50,False,16,4,bond_profile,8,False,1,2141,"(333, 64, 21, 8, 55, 1143, 259)",0.004123583959881216,0.6901970409671776,"[{'seed': 123, 'score': (334, 64, 22, 8, 38, 1140, 227), 'num_layers': 227, 'total_swaps': 1140, 'max_layer_swaps': 10, 'swap_only_layers': 38, 'work_layers': 189, 'unitary_layers': 189, 'first_work_layer': 0, 'leading_no_work_layers': 0, 'bond_profile_layers_scored': 8, 'bond_profile_total_cost': 334, 'bond_profile_max_cost': 64, 'bond_profile_gate_count': 22}, {'seed': 1132, 'score': (334, 64, 22, 8, 53, 1139, 228), 'num_layers': 228, 'total_swaps': 1139, 'max_layer_swaps': 12, 'swap_only_layers': 53, 'work_layers': 175, 'unitary_layers': 175, 'first_work_layer': 0, 'leading_no_work_layers': 0, 'bond_profile_layers_scored': 8, 'bond_profile_total_cost': 334, 'bond_profile_max_cost': 64, 'bond_profile_gate_count': 22}, {'seed': 2141, 'score': (333, 64, 21, 8, 55, 1143, 259), 'num_layers': 259, 'total_swaps': 1143, 'max_layer_swaps': 10, 'swap_only_layers': 55, 'work_layers': 204, 'unitary_layers': 204, 'first_work_layer': 0, 'leading_no_work_layers': 0, 'bond_profile_layers_scored': 8, 'bond_profile_total_cost': 333, 'bond_profile_max_cost': 64, 'bond_profile_gate_count': 21}, {'seed': 3150, 'score': (334, 64, 22, 8, 55, 1139, 244), 'num_layers': 244, 'total_swaps': 1139, 'max_layer_swaps': 10, 'swap_only_layers': 55, 'work_layers': 189, 'unitary_layers': 189, 'first_work_layer': 0, 'leading_no_work_layers': 0, 'bond_profile_layers_scored': 8, 'bond_profile_total_cost': 334, 'bond_profile_max_cost': 64, 'bond_profile_gate_count': 22}]",0.6943388750078157,1.4447535409708507,,,,,,,,,,,,,
35.39943387499079,cycle_progress,,,,,,,,,,,,40,30,70,,,,,,,,,,,,,,,,,,,512,0.0006,,11824,0,,,,,,,,,,64,4,31048,962,158,40,,,,,,,,,,,,,,,,,,,,2,,70,808,738,16,False,,,,,,,,,,,,,,,1.4447535409708507,,,,,,,,,,,,,
35.4845118750236,absorbing,,,,,,,L,1,0,230,259,40,30,70,9,0,0,0.02786354103591293,0.04597712500253692,0.07384066603844985,0.07773666601860896,30408,33056,64,64,False,False,False,False,30408,64,False,512,0.0006,,31048,0,bond_l2,"(9729, 30408)","(12957, 33056)",1,1,,,,0.0,64,4,30408,958,158,40,,,,,,,,,,,,,,,,,,,,,,,,,,,,,,,,,,,,,,,,,,,,,,,,,,,,,,
35.62798966700211,absorbing,,,,,,,R,1,1,230,259,40,32,72,7,2,2,0.03892012499272823,0.09340462501859292,0.13232475001132116,0.1335066250176169,44108,33056,64,64,False,False,False,False,33056,64,False,512,0.0006,,31048,0,bond_l2,"(13884, 44108)","(12957, 33056)",1,1,,,,0.0,64,4,33056,1082,158,40,,,,,,,,,,,,,,,,,,,,,,,,,,,,,,,,,,,,,,,,,,,,,,,,,,,,,,
35.740463334019296,absorbing,,,,,,,R,1,2,230,259,40,33,73,5,1,3,0.050968750030733645,0.05068229197058827,0.10165104200132191,0.10210633301176131,52748,28284,64,64,False,False,False,False,28284,64,False,512,0.0006,,31048,0,bond_l2,"(20712, 52748)","(10188, 28284)",1,1,,,,0.0,64,4,28284,1056,158,40,,,,,,,,,,,,,,,,,,,,,,,,,,,,,,,,,,,,,,,,,,,,,,,,,,,,,,
35.84205933404155,absorbing,,,,,,,R,1,3,230,259,40,36,76,6,3,6,0.04677600000286475,0.04491954098921269,0.09169554099207744,0.09218395798234269,44204,22536,64,32,False,False,False,False,22536,32,False,512,0.0006,,31048,0,bond_l2,"(18456, 44204)","(6423, 22536)",1,1,,,,0.0,32,4,22536,978,158,40,,,,,,,,,,,,,,,,,,,,,,,,,,,,,,,,,,,,,,,,,,,,,,,,,,,,,,
35.91851791704539,absorbing,,,,,,,R,1,4,230,259,40,37,77,6,1,7,0.03679783298866823,0.029581917042378336,0.06637975003104657,0.06759629200678319,32456,22020,64,32,False,False,False,False,22020,32,False,512,0.0006,,31048,0,bond_l2,"(11619, 32456)","(6498, 22020)",1,1,,,,0.0,32,4,22020,996,158,40,,,,,,,,,,,,,,,,,,,,,,,,,,,,,,,,,,,,,,,,,,,,,,,,,,,,,,
36.005047459038906,absorbing,,,,,,,R,1,5,230,259,40,38,78,6,1,8,0.03689016599673778,0.04015929199522361,0.07704945799196139,0.07750204100739211,31364,19140,64,32,False,False,False,False,19140,32,False,512,0.0006,,31048,0,bond_l2,"(11106, 31364)","(5922, 19140)",1,1,,,,0.0,32,4,19140,980,158,40,,,,,,,,,,,,,,,,,,,,,,,,,,,,,,,,,,,,,,,,,,,,,,,,,,,,,,
36.088926833996084,absorbing,,,,,,,R,1,6,230,259,40,44,84,3,6,14,0.036011749994941056,0.037221499951556325,0.07323324994649738,0.07429062499431893,27204,26404,64,64,False,False,False,False,26404,64,False,512,0.0006,,31048,0,bond_l2,"(10530, 27204)","(9936, 26404)",1,1,,,,0.0,64,4,26404,1072,158,40,,,,,,,,,,,,,,,,,,,,,,,,,,,,,,,,,,,,,,,,,,,,,,,,,,,,,,
36.19001925003249,absorbing,,,,,,,R,1,7,230,259,40,49,89,4,5,19,0.04660270898602903,0.04402979195583612,0.09063250094186515,0.09114649996627122,32260,25804,64,64,False,False,False,False,25804,64,False,512,0.0006,,31048,0,bond_l2,"(13382, 32260)","(9752, 25804)",1,1,,,,0.0,64,4,25804,1056,158,40,,,,,,,,,,,,,,,,,,,,,,,,,,,,,,,,,,,,,,,,,,,,,,,,,,,,,,
36.28110445901984,absorbing,,,,,,,R,1,8,230,259,40,51,91,5,2,21,0.04460141697200015,0.03392362501472235,0.0785250419867225,0.07987508299993351,31476,24856,64,64,False,False,False,False,24856,64,False,512,0.0006,,31048,0,bond_l2,"(13145, 31476)","(9377, 24856)",1,1,,,,0.0,64,4,24856,1018,158,40,,,,,,,,,,,,,,,,,,,,,,,,,,,,,,,,,,,,,,,,,,,,,,,,,,,,,,
36.372448459034786,absorbing,,,,,,,R,1,9,230,259,40,51,91,7,0,21,0.047883416002150625,0.03117824997752905,0.07906166597967967,0.08115316700423136,30616,27096,64,64,False,False,False,False,27096,64,False,512,0.0006,,31048,0,bond_l2,"(12766, 30616)","(10402, 27096)",1,1,,,,0.0,64,4,27096,1072,158,40,,,,,,,,,,,,,,,,,,,,,,,,,,,,,,,,,,,,,,,,,,,,,,,,,,,,,,
36.466099167009816,absorbing,,,,,,,R,1,10,230,259,40,54,94,3,3,24,0.045014332979917526,0.038593709003180265,0.08360804198309779,0.08411066699773073,32284,32144,64,64,False,False,False,False,32144,64,False,512,0.0006,,31048,0,bond_l2,"(13682, 32284)","(11430, 32144)",1,1,,,,0.0,64,4,32144,1128,158,40,,,,,,,,,,,,,,,,,,,,,,,,,,,,,,,,,,,,,,,,,,,,,,,,,,,,,,
36.58063583401963,absorbing,,,,,,,L,2,10,230,259,41,54,95,6,1,25,0.0573775420198217,0.04675358301028609,0.1041311250301078,0.10463429195806384,37296,53432,64,64,False,False,False,False,37296,64,False,512,0.0006,,31048,0,bond_l2,"(14684, 37296)","(19047, 53432)",1,1,,,,0.0,64,4,37296,1212,158,40,,,,,,,,,,,,,,,,,,,,,,,,,,,,,,,,,,,,,,,,,,,,,,,,,,,,,,
36.73064812499797,absorbing,,,,,,,R,2,11,230,259,41,55,96,5,1,26,0.09181625000201166,0.04749170801369473,0.1393079580157064,0.1401668750331737,106384,49420,64,64,False,False,False,False,49420,64,False,512,0.0006,,31048,0,bond_l2,"(29793, 106384)","(22331, 49420)",1,1,,,,0.0,64,4,49420,1394,158,40,,,,,,,,,,,,,,,,,,,,,,,,,,,,,,,,,,,,,,,,,,,,,,,,,,,,,,
36.9060216670041,absorbing,,,,,,,R,2,12,230,259,41,55,96,5,0,26,0.09856512496480718,0.06498949998058379,0.16355462494539097,0.16566612501628697,114256,70572,64,64,False,False,False,False,70572,64,False,512,0.0006,,31048,0,bond_l2,"(34077, 114256)","(27390, 70572)",1,1,,,,0.0,64,4,70572,1560,158,40,,,,,,,,,,,,,,,,,,,,,,,,,,,,,,,,,,,,,,,,,,,,,,,,,,,,,,
37.1110052090371,absorbing,,,,,,,R,2,13,230,259,41,55,96,5,0,26,0.12925508304033428,0.06577612500404939,0.19503120804438367,0.19550762500148267,142188,86916,64,64,False,False,False,False,86916,64,False,512,0.0006,,31048,0,bond_l2,"(39150, 142188)","(31962, 86916)",1,1,,,,0.0,64,4,86916,1732,158,40,,,,,,,,,,,,,,,,,,,,,,,,,,,,,,,,,,,,,,,,,,,,,,,,,,,,,,
37.38151008402929,absorbing,,,,,,,L,3,13,230,259,43,55,98,5,2,28,0.14110854198224843,0.11814333399524912,0.25925187597749755,0.2605846249498427,157572,152452,64,128,False,False,False,False,157572,64,False,512,0.0006,,31048,0,bond_l2,"(43482, 157572)","(59094, 152452)",1,1,,,,0.0,64,4,157572,2020,158,40,,,,,,,,,,,,,,,,,,,,,,,,,,,,,,,,,,,,,,,,,,,,,,,,,,,,,,
37.86749916704139,absorbing,,,,,,,R,3,14,230,259,43,57,100,4,2,30,0.3344494170160033,0.14063133299350739,0.47508075000951067,0.47584129095776007,364932,213892,256,128,False,False,False,False,213892,128,False,512,0.0006,,31048,0,bond_l2,"(169194, 364932)","(70614, 213892)",1,1,,,,0.0,128,4,213892,2528,158,40,,,,,,,,,,,,,,,,,,,,,,,,,,,,,,,,,,,,,,,,,,,,,,,,,,,,,,
38.457215292030014,absorbing,,,,,,,R,3,15,230,259,43,58,101,5,1,31,0.3882287500309758,0.18083079101052135,0.5690595410414971,0.5704065420432016,379780,259876,256,128,False,False,False,False,259876,128,False,512,0.0006,,31048,0,bond_l2,"(177366, 379780)","(79047, 259876)",1,1,,,,0.0,128,4,259876,2746,158,40,,,,,,,,,,,,,,,,,,,,,,,,,,,,,,,,,,,,,,,,,,,,,,,,,,,,,,
39.153613917005714,absorbing,,,,,,,R,3,16,230,259,43,58,101,6,0,31,0.39989125001011416,0.2850230420008302,0.6849142920109443,0.6862137080170214,422692,399592,256,256,False,False,False,False,399592,256,False,512,0.0006,,31048,0,bond_l2,"(185799, 422692)","(156792, 399592)",1,1,,,,0.0,256,4,399592,3364,158,40,,,,,,,,,,,,,,,,,,,,,,,,,,,,,,,,,,,,,,,,,,,,,,,,,,,,,,
40.02226200001314,absorbing,,,,,,,R,3,17,230,259,43,61,104,4,3,34,0.48324949998641387,0.3735980420024134,0.8568475419888273,0.8589302920154296,562408,471820,256,256,False,False,True,False,471820,256,False,512,0.0006,,31048,0,bond_l2,"(263544, 562408)","(176235, 471820)",1,1,,,,0.0,256,4,471820,3678,158,40,,,,,,,,,,,,,,,,,,,,,,,,,,,,,,,,,,,,,,,,,,,,,,,,,,,,,,
49.89699037501123,unswapping,,,,,,,,,,,,,,,,,,,,,,,,,,,,,,,,,,,,,,,,,,,,,,,256,4,563980,3934,158,40,0,both,0,20,20,2,2,,,,,0,,,,,,,,,,,,,,,,,,,,,,,,,,,,,,,,,,,,,,,,,,
52.23115929204505,unswapping,,,,,,,,,,,,,,,,,,,,,,,,,,,,,,,,,,,,,,,,,,,,,,,64,4,145164,2206,158,40,0,both,1,19,19,5,7,,,,,0,,,,,,,,,,,,,,,,,,,,,,,,,,,,,,,,,,,,,,,,,,
52.53576337499544,unswapping,,,,,,,,,,,,,,,,,,,,,,,,,,,,,,,,,,,,,,,,,,,,,,,64,4,129228,1996,158,40,0,left,0,20,20,5,12,,,,,10,,,,,,,,,,,,,,,,,,,,,,,,,,,,,,,,,,,,,,,,,,
52.98526300000958,unswapping,,,,,,,,,,,,,,,,,,,,,,,,,,,,,,,,,,,,,,,,,,,,,,,64,4,94380,1784,158,40,0,left,1,19,19,5,17,,,,,20,,,,,,,,,,,,,,,,,,,,,,,,,,,,,,,,,,,,,,,,,,
53.220050834002905,unswapping,,,,,,,,,,,,,,,,,,,,,,,,,,,,,,,,,,,,,,,,,,,,,,,64,4,71684,1474,158,40,0,right,0,20,20,8,25,,,,,24,,,,,,,,,,,,,,,,,,,,,,,,,,,,,,,,,,,,,,,,,,
53.43313120899256,unswapping,,,,,,,,,,,,,,,,,,,,,,,,,,,,,,,,,,,,,,,,,,,,,,,64,4,62852,1346,158,40,0,right,1,19,19,5,30,,,,,34,,,,,,,,,,,,,,,,,,,,,,,,,,,,,,,,,,,,,,,,,,
53.771940875041764,unswapping,,,,,,,,,,,,,,,,,,,,,,,,,,,,,,,,,,,,,,,,,,,,,,,64,4,36664,1112,158,40,1,both,0,20,20,6,6,,,,,40,,,,,,,,,,,,,,,,,,,,,,,,,,,,,,,,,,,,,,,,,,
53.989335375023074,unswapping,,,,,,,,,,,,,,,,,,,,,,,,,,,,,,,,,,,,,,,,,,,,,,,32,4,22600,924,158,40,1,both,1,19,19,4,10,,,,,46,,,,,,,,,,,,,,,,,,,,,,,,,,,,,,,,,,,,,,,,,,
54.06599054200342,unswapping,,,,,,,,,,,,,,,,,,,,,,,,,,,,,,,,,,,,,,,,,,,,,,,32,4,16744,782,158,40,1,left,0,20,20,6,16,,,,,56,,,,,,,,,,,,,,,,,,,,,,,,,,,,,,,,,,,,,,,,,,
54.119353124988265,unswapping,,,,,,,,,,,,,,,,,,,,,,,,,,,,,,,,,,,,,,,,,,,,,,,32,4,15272,754,158,40,1,left,1,19,19,2,18,,,,,60,,,,,,,,,,,,,,,,,,,,,,,,,,,,,,,,,,,,,,,,,,
54.16948395903455,unswapping,,,,,,,,,,,,,,,,,,,,,,,,,,,,,,,,,,,,,,,,,,,,,,,32,4,14584,734,158,40,1,right,0,20,20,3,21,,,,,60,,,,,,,,,,,,,,,,,,,,,,,,,,,,,,,,,,,,,,,,,,
54.22311041702051,unswapping,,,,,,,,,,,,,,,,,,,,,,,,,,,,,,,,,,,,,,,,,,,,,,,32,4,13944,718,158,40,1,right,1,19,19,1,22,,,,,62,,,,,,,,,,,,,,,,,,,,,,,,,,,,,,,,,,,,,,,,,,
54.31172649998916,unswapping,,,,,,,,,,,,,,,,,,,,,,,,,,,,,,,,,,,,,,,,,,,,,,,32,4,13884,712,158,40,2,both,0,20,20,2,2,,,,,64,,,,,,,,,,,,,,,,,,,,,,,,,,,,,,,,,,,,,,,,,,
54.41007958399132,unswapping,,,,,,,,,,,,,,,,,,,,,,,,,,,,,,,,,,,,,,,,,,,,,,,32,4,13832,706,158,40,2,both,1,19,19,2,4,,,,,64,,,,,,,,,,,,,,,,,,,,,,,,,,,,,,,,,,,,,,,,,,
54.45279129204573,unswapping,,,,,,,,,,,,,,,,,,,,,,,,,,,,,,,,,,,,,,,,,,,,,,,32,4,13784,702,158,40,2,left,0,20,20,1,5,,,,,64,,,,,,,,,,,,,,,,,,,,,,,,,,,,,,,,,,,,,,,,,,
54.501708000025246,unswapping,,,,,,,,,,,,,,,,,,,,,,,,,,,,,,,,,,,,,,,,,,,,,,,32,4,13712,692,158,40,2,left,1,19,19,2,7,,,,,68,,,,,,,,,,,,,,,,,,,,,,,,,,,,,,,,,,,,,,,,,,
54.546809250023216,unswapping,,,,,,,,,,,,,,,,,,,,,,,,,,,,,,,,,,,,,,,,,,,,,,,32,4,12432,676,158,40,2,right,0,20,20,1,8,,,,,70,,,,,,,,,,,,,,,,,,,,,,,,,,,,,,,,,,,,,,,,,,
54.572328167036176,unswapping,,,,,,,,,,,,,,,,,,,,,,,,,,,,,,,,,,,,,,,,,,,,,,,32,4,12432,676,158,40,2,right,1,19,19,0,8,,,,,70,,,,,,,,,,,,,,,,,,,,,,,,,,,,,,,,,,,,,,,,,,
54.649398584035225,unswapping,,,,,,,,,,,,,,,,,,,,,,,,,,,,,,,,,,,,,,,,,,,,,,,32,4,12372,670,158,40,3,both,0,20,20,2,2,,,,,76,,,,,,,,,,,,,,,,,,,,,,,,,,,,,,,,,,,,,,,,,,
54.7516319170245,unswapping,,,,,,,,,,,,,,,,,,,,,,,,,,,,,,,,,,,,,,,,,,,,,,,32,4,9800,636,158,40,3,both,1,19,19,2,4,,,,,78,,,,,,,,,,,,,,,,,,,,,,,,,,,,,,,,,,,,,,,,,,
54.792067166999914,unswapping,,,,,,,,,,,,,,,,,,,,,,,,,,,,,,,,,,,,,,,,,,,,,,,16,4,8264,604,158,40,3,left,0,20,20,1,5,,,,,80,,,,,,,,,,,,,,,,,,,,,,,,,,,,,,,,,,,,,,,,,,
54.833842709020246,unswapping,,,,,,,,,,,,,,,,,,,,,,,,,,,,,,,,,,,,,,,,,,,,,,,16,4,7496,588,158,40,3,left,1,19,19,1,6,,,,,82,,,,,,,,,,,,,,,,,,,,,,,,,,,,,,,,,,,,,,,,,,
54.86528258403996,unswapping,,,,,,,,,,,,,,,,,,,,,,,,,,,,,,,,,,,,,,,,,,,,,,,16,4,6728,564,158,40,3,right,0,20,20,1,7,,,,,82,,,,,,,,,,,,,,,,,,,,,,,,,,,,,,,,,,,,,,,,,,
54.882225000008475,unswapping,,,,,,,,,,,,,,,,,,,,,,,,,,,,,,,,,,,,,,,,,,,,,,,16,4,6728,564,158,40,3,right,1,19,19,0,7,,,,,82,,,,,,,,,,,,,,,,,,,,,,,,,,,,,,,,,,,,,,,,,,
54.91525499999989,unswapping,,,,,,,,,,,,,,,,,,,,,,,,,,,,,,,,,,,,,,,,,,,,,,,16,4,6728,564,158,40,4,both,0,20,20,0,0,,,,,82,,,,,,,,,,,,,,,,,,,,,,,,,,,,,,,,,,,,,,,,,,
54.95405683404533,unswapping,,,,,,,,,,,,,,,,,,,,,,,,,,,,,,,,,,,,,,,,,,,,,,,16,4,6728,564,158,40,4,both,1,19,19,0,0,,,,,82,,,,,,,,,,,,,,,,,,,,,,,,,,,,,,,,,,,,,,,,,,
54.98276916699251,unswapping,,,,,,,,,,,,,,,,,,,,,,,,,,,,,,,,,,,,,,,,,,,,,,,16,4,6472,556,158,40,4,left,0,20,20,1,1,,,,,82,,,,,,,,,,,,,,,,,,,,,,,,,,,,,,,,,,,,,,,,,,
55.00223058403935,unswapping,,,,,,,,,,,,,,,,,,,,,,,,,,,,,,,,,,,,,,,,,,,,,,,16,4,6472,556,158,40,4,left,1,19,19,0,1,,,,,82,,,,,,,,,,,,,,,,,,,,,,,,,,,,,,,,,,,,,,,,,,
55.01892408402637,unswapping,,,,,,,,,,,,,,,,,,,,,,,,,,,,,,,,,,,,,,,,,,,,,,,16,4,6472,556,158,40,4,right,0,20,20,0,1,,,,,82,,,,,,,,,,,,,,,,,,,,,,,,,,,,,,,,,,,,,,,,,,
55.03747195901815,unswapping,,,,,,,,,,,,,,,,,,,,,,,,,,,,,,,,,,,,,,,,,,,,,,,16,4,6472,556,158,40,4,right,1,19,19,0,1,,,,,82,,,,,,,,,,,,,,,,,,,,,,,,,,,,,,,,,,,,,,,,,,
55.069855667010415,unswapping,,,,,,,,,,,,,,,,,,,,,,,,,,,,,,,,,,,,,,,,,,,,,,,16,4,6472,556,158,40,5,both,0,20,20,0,0,,,,,82,,,,,,,,,,,,,,,,,,,,,,,,,,,,,,,,,,,,,,,,,,
55.109172541997395,unswapping,,,,,,,,,,,,,,,,,,,,,,,,,,,,,,,,,,,,,,,,,,,,,,,16,4,6472,556,158,40,5,both,1,19,19,0,0,,,,,82,,,,,,,,,,,,,,,,,,,,,,,,,,,,,,,,,,,,,,,,,,
55.12640220898902,unswapping,,,,,,,,,,,,,,,,,,,,,,,,,,,,,,,,,,,,,,,,,,,,,,,16,4,6472,556,158,40,5,left,0,20,20,0,0,,,,,82,,,,,,,,,,,,,,,,,,,,,,,,,,,,,,,,,,,,,,,,,,
55.14430683403043,unswapping,,,,,,,,,,,,,,,,,,,,,,,,,,,,,,,,,,,,,,,,,,,,,,,16,4,6472,556,158,40,5,left,1,19,19,0,0,,,,,82,,,,,,,,,,,,,,,,,,,,,,,,,,,,,,,,,,,,,,,,,,
55.16076633404009,unswapping,,,,,,,,,,,,,,,,,,,,,,,,,,,,,,,,,,,,,,,,,,,,,,,16,4,6472,556,158,40,5,right,0,20,20,0,0,,,,,82,,,,,,,,,,,,,,,,,,,,,,,,,,,,,,,,,,,,,,,,,,
55.17941762501141,unswapping,,,,,,,,,,,,,,,,,,,,,,,,,,,,,,,,,,,,,,,,,,,,,,,16,4,6472,556,158,40,5,right,1,19,19,0,0,,,,,82,,,,,,,,,,,,,,,,,,,,,,,,,,,,,,,,,,,,,,,,,,
55.44060745899333,unswap_cycle_summary,,,,,,,,,,,,43,61,104,,,,,,,,,,,,,,,,,,,512,0.0006,,,,,,,,,,,,,16,4,6472,556,158,40,,,,,,,,,,,,,,,,,,,,3,14.020475333032664,104,808,704,34,False,,,,,,,,,,,,,,,,,,,,,,,,,,,,
56.19795195903862,rewiring,left,post_unswap,0.7493900419794954,229,False,False,,,,,,,,,,,,,,,,,,,,,,,,,,,,,,,,,,,,,,,,,,,,,,,,,,,,,,,,,,,,,,,,,,3,,,,,,,50,False,34,4,bond_profile,8,False,1,1132,"(100, 15, 17, 8, 41, 1087, 217)",0.004452375113032758,0.7449045829707757,"[{'seed': 123, 'score': (100, 15, 17, 8, 54, 1066, 240), 'num_layers': 240, 'total_swaps': 1066, 'max_layer_swaps': 10, 'swap_only_layers': 54, 'work_layers': 186, 'unitary_layers': 186, 'first_work_layer': 0, 'leading_no_work_layers': 0, 'bond_profile_layers_scored': 8, 'bond_profile_total_cost': 100, 'bond_profile_max_cost': 15, 'bond_profile_gate_count': 17}, {'seed': 1132, 'score': (100, 15, 17, 8, 41, 1087, 217), 'num_layers': 217, 'total_swaps': 1087, 'max_layer_swaps': 11, 'swap_only_layers': 41, 'work_layers': 176, 'unitary_layers': 176, 'first_work_layer': 0, 'leading_no_work_layers': 0, 'bond_profile_layers_scored': 8, 'bond_profile_total_cost': 100, 'bond_profile_max_cost': 15, 'bond_profile_gate_count': 17}, {'seed': 2141, 'score': (111, 15, 20, 8, 45, 1094, 222), 'num_layers': 222, 'total_swaps': 1094, 'max_layer_swaps': 9, 'swap_only_layers': 45, 'work_layers': 177, 'unitary_layers': 177, 'first_work_layer': 0, 'leading_no_work_layers': 0, 'bond_profile_layers_scored': 8, 'bond_profile_total_cost': 111, 'bond_profile_max_cost': 15, 'bond_profile_gate_count': 20}, {'seed': 3150, 'score': (111, 15, 20, 8, 40, 1093, 214), 'num_layers': 214, 'total_swaps': 1093, 'max_layer_swaps': 10, 'swap_only_layers': 40, 'work_layers': 174, 'unitary_layers': 174, 'first_work_layer': 0, 'leading_no_work_layers': 0, 'bond_profile_layers_scored': 8, 'bond_profile_total_cost': 111, 'bond_profile_max_cost': 15, 'bond_profile_gate_count': 20}]",0.7493796669878066,1.4475325000239536,,,,,,,,,,,,,
56.89588029199513,rewiring,right,post_unswap,0.6977229579933919,244,False,False,,,,,,,,,,,,,,,,,,,,,,,,,,,,,,,,,,,,,,,,,,,,,,,,,,,,,,,,,,,,,,,,,,3,,,,,,,50,False,34,4,bond_profile,8,False,1,1132,"(25, 8, 10, 8, 50, 1078, 241)",0.004743042052723467,0.6929508749744855,"[{'seed': 123, 'score': (41, 16, 11, 8, 61, 1090, 236), 'num_layers': 236, 'total_swaps': 1090, 'max_layer_swaps': 10, 'swap_only_layers': 61, 'work_layers': 175, 'unitary_layers': 175, 'first_work_layer': 0, 'leading_no_work_layers': 0, 'bond_profile_layers_scored': 8, 'bond_profile_total_cost': 41, 'bond_profile_max_cost': 16, 'bond_profile_gate_count': 11}, {'seed': 1132, 'score': (25, 8, 10, 8, 50, 1078, 241), 'num_layers': 241, 'total_swaps': 1078, 'max_layer_swaps': 10, 'swap_only_layers': 50, 'work_layers': 191, 'unitary_layers': 191, 'first_work_layer': 0, 'leading_no_work_layers': 0, 'bond_profile_layers_scored': 8, 'bond_profile_total_cost': 25, 'bond_profile_max_cost': 8, 'bond_profile_gate_count': 10}, {'seed': 2141, 'score': (29, 8, 11, 8, 42, 1076, 223), 'num_layers': 223, 'total_swaps': 1076, 'max_layer_swaps': 10, 'swap_only_layers': 42, 'work_layers': 181, 'unitary_layers': 181, 'first_work_layer': 0, 'leading_no_work_layers': 0, 'bond_profile_layers_scored': 8, 'bond_profile_total_cost': 29, 'bond_profile_max_cost': 8, 'bond_profile_gate_count': 11}, {'seed': 3150, 'score': (37, 16, 10, 8, 61, 1089, 253), 'num_layers': 253, 'total_swaps': 1089, 'max_layer_swaps': 9, 'swap_only_layers': 61, 'work_layers': 192, 'unitary_layers': 192, 'first_work_layer': 0, 'leading_no_work_layers': 0, 'bond_profile_layers_scored': 8, 'bond_profile_total_cost': 37, 'bond_profile_max_cost': 16, 'bond_profile_gate_count': 10}]",0.6977148340083659,1.4475325000239536,,,,,,,,,,,,,
56.91233950003516,cycle_progress,,,,,,,,,,,,43,61,104,,,,,,,,,,,,,,,,,,,512,0.0006,,31048,0,,,,,,,,,,16,4,6472,556,158,40,,,,,,,,,,,,,,,,,,,,3,,104,808,704,34,False,,,,,,,,,,,,,,,1.4475325000239536,,,,,,,,,,,,,
56.975977374997456,absorbing,,,,,,,L,1,0,217,241,45,61,106,8,2,2,0.023117750009987503,0.021903041983023286,0.04502079199301079,0.05344099999638274,6488,8608,16,16,False,False,False,False,6488,16,False,512,0.0006,,6472,0,bond_l2,"(1928, 6488)","(2639, 8608)",1,1,,,,0.0,16,4,6488,560,158,40,,,,,,,,,,,,,,,,,,,,,,,,,,,,,,,,,,,,,,,,,,,,,,,,,,,,,,
57.03167954203673,absorbing,,,,,,,L,2,0,217,241,45,61,106,6,0,2,0.02170637500239536,0.02155991701874882,0.04326629202114418,0.043756416998803616,8284,8624,16,16,False,False,False,False,8284,16,False,512,0.0006,,6472,0,bond_l2,"(2468, 8284)","(2651, 8624)",1,1,,,,0.0,16,4,8284,632,158,40,,,,,,,,,,,,,,,,,,,,,,,,,,,,,,,,,,,,,,,,,,,,,,,,,,,,,,
57.08662916702451,absorbing,,,,,,,L,3,0,217,241,45,61,106,4,0,2,0.020457457983866334,0.022070207982324064,0.0425276659661904,0.04297283402411267,12812,11700,30,32,False,False,False,False,12812,30,False,512,0.0006,,6472,0,bond_l2,"(3823, 12812)","(3881, 11700)",1,1,,,,0.0,30,4,12812,738,158,40,,,,,,,,,,,,,,,,,,,,,,,,,,,,,,,,,,,,,,,,,,,,,,,,,,,,,,
57.16059891699115,absorbing,,,,,,,L,4,0,217,241,46,61,107,3,1,3,0.029652416007593274,0.03141691698692739,0.061069332994520664,0.06150025001261383,14644,20844,30,60,False,False,False,False,14644,30,False,512,0.0006,,6472,0,bond_l2,"(4214, 14644)","(8452, 20844)",1,1,,,,0.0,30,4,14644,788,158,40,,,,,,,,,,,,,,,,,,,,,,,,,,,,,,,,,,,,,,,,,,,,,,,,,,,,,,
57.23235479200957,absorbing,,,,,,,L,5,0,217,241,48,61,109,3,2,5,0.028060125012416393,0.031355832994449884,0.059415958006866276,0.0601406249916181,21300,21260,32,60,False,False,False,False,21300,32,False,512,0.0006,,6472,0,bond_l2,"(6326, 21300)","(8075, 21260)",1,1,,,,0.0,32,4,21300,900,158,40,,,,,,,,,,,,,,,,,,,,,,,,,,,,,,,,,,,,,,,,,,,,,,,,,,,,,,
57.32334337499924,absorbing,,,,,,,R,5,1,217,241,48,62,110,7,1,6,0.04982424998888746,0.029045708011835814,0.07886995800072327,0.07936641603009775,41148,28428,63,60,False,False,False,False,28428,60,False,512,0.0006,,6472,0,bond_l2,"(11959, 41148)","(10187, 28428)",1,1,,,,0.0,60,4,28428,1026,158,40,,,,,,,,,,,,,,,,,,,,,,,,,,,,,,,,,,,,,,,,,,,,,,,,,,,,,,
57.43059649999486,absorbing,,,,,,,R,5,2,217,241,48,63,111,8,1,7,0.05818824999732897,0.03635912499157712,0.09454737498890609,0.09499629196943715,60572,37680,64,60,False,False,False,False,37680,60,False,512,0.0006,,6472,0,bond_l2,"(19468, 60572)","(12893, 37680)",1,1,,,,0.0,60,4,37680,1162,158,40,,,,,,,,,,,,,,,,,,,,,,,,,,,,,,,,,,,,,,,,,,,,,,,,,,,,,,
57.59808970900485,absorbing,,,,,,,R,5,3,217,241,48,64,112,8,1,8,0.09198633302003145,0.06183974997838959,0.15382608299842104,0.1542906669783406,89792,54328,128,64,False,False,False,False,54328,64,False,512,0.0006,,6472,0,bond_l2,"(36574, 89792)","(18350, 54328)",1,1,,,,0.0,64,4,54328,1336,158,40,,,,,,,,,,,,,,,,,,,,,,,,,,,,,,,,,,,,,,,,,,,,,,,,,,,,,,
57.826055750017986,absorbing,,,,,,,R,5,4,217,241,48,65,113,9,1,9,0.139373957994394,0.07442158297635615,0.21379554097075015,0.2151743330177851,122800,78784,128,64,False,False,False,False,78784,64,False,512,0.0006,,6472,0,bond_l2,"(44322, 122800)","(29728, 78784)",1,1,,,,0.0,64,4,78784,1652,158,40,,,,,,,,,,,,,,,,,,,,,,,,,,,,,,,,,,,,,,,,,,,,,,,,,,,,,,
58.11339829204371,absorbing,,,,,,,R,5,5,217,241,48,66,114,8,1,10,0.17365670803701505,0.10171654098667204,0.2753732490236871,0.2758069590199739,166548,137952,128,64,False,False,False,False,137952,64,False,512,0.0006,,6472,0,bond_l2,"(55696, 166548)","(40928, 137952)",1,1,,,,0.0,64,4,137952,1948,158,40,,,,,,,,,,,,,,,,,,,,,,,,,,,,,,,,,,,,,,,,,,,,,,,,,,,,,,
58.709451792004984,absorbing,,,,,,,L,6,5,217,241,50,66,116,3,2,12,0.2592014580150135,0.32326970901340246,0.582471167028416,0.5835662910249084,288768,374304,238,256,False,False,False,False,288768,238,False,512,0.0006,,6472,0,bond_l2,"(115748, 288768)","(173781, 374304)",1,1,,,,0.0,238,4,288768,2648,158,40,,,,,,,,,,,,,,,,,,,,,,,,,,,,,,,,,,,,,,,,,,,,,,,,,,,,,,
59.87677662499482,absorbing,,,,,,,L,7,5,217,241,52,66,118,2,2,14,0.5210484999697655,0.6345016669947654,1.155550166964531,1.1562760839588009,415456,780544,256,256,False,False,False,True,415456,256,False,512,0.0006,,6472,0,bond_l2,"(180576, 415456)","(245765, 780544)",1,1,,,,0.0,256,4,415456,3132,158,40,,,,,,,,,,,,,,,,,,,,,,,,,,,,,,,,,,,,,,,,,,,,,,,,,,,,,,
61.51580912503414,absorbing,,,,,,,L,8,5,217,241,56,66,122,2,4,18,0.703747832973022,0.9196317500318401,1.623379583004862,1.6261417919886298,411360,1123872,256,256,False,False,False,True,411360,256,False,512,0.0006,,6472,0,bond_l2,"(178676, 411360)","(320885, 1123872)",1,1,,,,0.0,256,4,411360,3080,158,40,,,,,,,,,,,,,,,,,,,,,,,,,,,,,,,,,,,,,,,,,,,,,,,,,,,,,,
62.83688316703774,absorbing,,,,,,,L,9,5,217,241,58,66,124,2,2,20,0.4200816660304554,0.8869676250033081,1.3070492910337634,1.3085575419827364,322784,1114784,253,256,False,False,False,True,322784,253,False,512,0.0006,,6472,0,bond_l2,"(126489, 322784)","(317184, 1114784)",1,1,,,,0.0,253,4,322784,2734,158,40,,,,,,,,,,,,,,,,,,,,,,,,,,,,,,,,,,,,,,,,,,,,,,,,,,,,,,
63.74549616704462,absorbing,,,,,,,L,10,5,217,241,60,66,126,2,2,22,0.26331987499725074,0.6303726669866592,0.8936925419839099,0.8974513749708422,319712,856736,250,256,False,False,False,True,319712,250,False,512,0.0006,,6472,0,bond_l2,"(124548, 319712)","(264420, 856736)",1,1,,,,0.0,250,4,319712,2688,158,40,,,,,,,,,,,,,,,,,,,,,,,,,,,,,,,,,,,,,,,,,,,,,,,,,,,,,,
65.1558091249899,absorbing,,,,,,,L,11,5,217,241,61,66,127,2,1,23,0.7833671669941396,0.6116996670025401,1.3950668339966796,1.396884499990847,322656,848368,256,256,False,False,False,True,322656,256,False,512,0.0006,,6472,0,bond_l2,"(127536, 322656)","(262466, 848368)",1,1,,,,0.0,256,4,322656,2692,158,40,,,,,,,,,,,,,,,,,,,,,,,,,,,,,,,,,,,,,,,,,,,,,,,,,,,,,,
66.21922279201681,absorbing,,,,,,,L,12,5,217,241,63,66,129,3,2,25,0.3600870830123313,0.6893280420335941,1.0494151250459254,1.0515491249971092,306720,866800,129,256,False,False,False,True,306720,129,False,512,0.0006,,6472,0,bond_l2,"(90929, 306720)","(266993, 866800)",1,1,,,,0.0,129,4,306720,2566,158,40,,,,,,,,,,,,,,,,,,,,,,,,,,,,,,,,,,,,,,,,,,,,,,,,,,,,,,
67.28606841701549,absorbing,,,,,,,L,13,5,217,241,65,66,131,4,2,27,0.5030702920048498,0.5502852079807781,1.0533554999856278,1.0550480000092648,243884,635296,128,256,False,False,False,True,243884,128,False,512,0.0006,,6472,0,bond_l2,"(72442, 243884)","(225953, 635296)",1,1,,,,0.0,128,4,243884,2380,158,40,,,,,,,,,,,,,,,,,,,,,,,,,,,,,,,,,,,,,,,,,,,,,,,,,,,,,,
68.01846691704122,absorbing,,,,,,,L,14,5,217,241,65,66,131,6,0,27,0.2851060410030186,0.4329810829949565,0.7180871239979751,0.7208527500042692,165928,481184,87,256,False,False,False,False,165928,87,False,512,0.0006,,6472,0,bond_l2,"(50447, 165928)","(161092, 481184)",1,1,,,,0.0,87,4,165928,2066,158,40,,,,,,,,,,,,,,,,,,,,,,,,,,,,,,,,,,,,,,,,,,,,,,,,,,,,,,
68.47689216700383,absorbing,,,,,,,L,15,5,217,241,66,66,132,6,1,28,0.17768600000999868,0.2662509169895202,0.44393691699951887,0.44539033400360495,144468,272416,80,128,False,False,False,False,144468,80,False,512,0.0006,,6472,0,bond_l2,"(44551, 144468)","(76716, 272416)",1,1,,,,0.0,80,4,144468,1866,158,40,,,,,,,,,,,,,,,,,,,,,,,,,,,,,,,,,,,,,,,,,,,,,,,,,,,,,,
69.1892992919893,absorbing,,,,,,,L,16,5,217,241,69,66,135,4,3,31,0.4529555420158431,0.24475524999434128,0.6977107920101844,0.6992506660171784,116824,214752,64,128,False,False,False,False,116824,64,False,512,0.0006,,6472,0,bond_l2,"(36549, 116824)","(64548, 214752)",1,1,,,,0.0,64,4,116824,1682,158,40,,,,,,,,,,,,,,,,,,,,,,,,,,,,,,,,,,,,,,,,,,,,,,,,,,,,,,
69.54879800003255,absorbing,,,,,,,L,17,5,217,241,69,66,135,8,0,31,0.17098191601689905,0.1715721670188941,0.34255408303579316,0.34538779204012826,101404,157312,64,64,False,False,False,False,101404,64,False,512,0.0006,,6472,0,bond_l2,"(32694, 101404)","(48372, 157312)",1,1,,,,0.0,64,4,101404,1580,158,40,,,,,,,,,,,,,,,,,,,,,,,,,,,,,,,,,,,,,,,,,,,,,,,,,,,,,,
69.92950579203898,absorbing,,,,,,,L,18,5,217,241,70,66,136,7,1,32,0.2070371659938246,0.15890179201960564,0.36593895801343024,0.3676425829762593,78364,141472,64,64,False,False,False,False,78364,64,False,512,0.0006,,6472,0,bond_l2,"(24774, 78364)","(44277, 141472)",1,1,,,,0.0,64,4,78364,1364,158,40,,,,,,,,,,,,,,,,,,,,,,,,,,,,,,,,,,,,,,,,,,,,,,,,,,,,,,
70.19847208401188,absorbing,,,,,,,L,19,5,217,241,73,66,139,6,3,35,0.172454291023314,0.08301879203645512,0.2554730830597691,0.25600812502671033,60316,110752,64,64,False,False,False,False,60316,64,False,512,0.0006,,6472,0,bond_l2,"(21942, 60316)","(36597, 110752)",1,1,,,,0.0,64,4,60316,1324,158,40,,,,,,,,,,,,,,,,,,,,,,,,,,,,,,,,,,,,,,,,,,,,,,,,,,,,,,
70.37601200002246,absorbing,,,,,,,L,20,5,217,241,76,66,142,4,3,38,0.07942329201614484,0.08441962499637157,0.1638429170125164,0.16433987498749048,58300,119908,64,128,False,False,False,False,58300,64,False,512,0.0006,,6472,0,bond_l2,"(20949, 58300)","(45030, 119908)",1,1,,,,0.0,64,4,58300,1274,158,40,,,,,,,,,,,,,,,,,,,,,,,,,,,,,,,,,,,,,,,,,,,,,,,,,,,,,,
70.65813883399824,absorbing,,,,,,,L,21,5,217,241,80,66,146,6,4,42,0.1627215829794295,0.10457658302038908,0.2672981659998186,0.26880837499629706,30844,123712,64,128,False,False,False,False,30844,64,False,512,0.0006,,6472,0,bond_l2,"(12549, 30844)","(39972, 123712)",1,1,,,,0.0,64,4,30844,1010,158,40,,,,,,,,,,,,,,,,,,,,,,,,,,,,,,,,,,,,,,,,,,,,,,,,,,,,,,
70.78646541701164,absorbing,,,,,,,L,22,5,217,241,82,66,148,5,2,44,0.06457225000485778,0.047791709017474204,0.11236395902233198,0.11366012500366196,41656,51712,64,64,False,False,False,False,41656,64,False,512,0.0006,,6472,0,bond_l2,"(15624, 41656)","(16452, 51712)",1,1,,,,0.0,64,4,41656,1076,158,40,,,,,,,,,,,,,,,,,,,,,,,,,,,,,,,,,,,,,,,,,,,,,,,,,,,,,,
70.93409483402502,absorbing,,,,,,,R,22,6,217,241,82,68,150,6,2,46,0.06531762494705617,0.06771591695724055,0.13303354190429673,0.1344880829565227,57976,66364,64,64,False,False,False,False,66364,64,False,512,0.0006,,6472,0,bond_l2,"(19704, 57976)","(19527, 66364)",1,1,,,,0.0,64,4,66364,1186,158,40,,,,,,,,,,,,,,,,,,,,,,,,,,,,,,,,,,,,,,,,,,,,,,,,,,,,,,
71.2425538339885,absorbing,,,,,,,L,23,6,217,241,83,68,151,6,1,47,0.10212041699560359,0.19040845899144188,0.29252887598704547,0.29479691601591185,59644,171808,64,256,False,False,False,False,59644,64,False,512,0.0006,,6472,0,bond_l2,"(20007, 59644)","(84852, 171808)",1,1,,,,0.0,64,4,59644,1234,158,40,,,,,,,,,,,,,,,,,,,,,,,,,,,,,,,,,,,,,,,,,,,,,,,,,,,,,,
71.47735308401752,absorbing,,,,,,,L,24,6,217,241,85,68,153,6,2,49,0.07216666697058827,0.14645549998385832,0.21862216695444658,0.2206194160389714,56536,153184,64,256,False,False,False,False,56536,64,False,512,0.0006,,6472,0,bond_l2,"(19527, 56536)","(77892, 153184)",1,1,,,,0.0,64,4,56536,1186,158,40,,,,,,,,,,,,,,,,,,,,,,,,,,,,,,,,,,,,,,,,,,,,,,,,,,,,,,
71.753699916997,absorbing,,,,,,,L,25,6,217,241,89,68,157,3,4,53,0.12394045799737796,0.13717900001211092,0.2611194580094889,0.263205208000727,24484,150076,64,256,False,False,False,False,24484,64,False,512,0.0006,,6472,0,bond_l2,"(11367, 24484)","(77412, 150076)",1,1,,,,0.0,64,4,24484,946,158,40,,,,,,,,,,,,,,,,,,,,,,,,,,,,,,,,,,,,,,,,,,,,,,,,,,,,,,
71.85003429203061,absorbing,,,,,,,L,26,6,217,241,90,68,158,5,1,54,0.03046770900255069,0.04873529099859297,0.07920300000114366,0.07966920896433294,19228,35080,64,64,False,False,False,False,19228,64,False,512,0.0006,,6472,0,bond_l2,"(7752, 19228)","(11652, 35080)",1,1,,,,0.0,64,4,19228,868,158,40,,,,,,,,,,,,,,,,,,,,,,,,,,,,,,,,,,,,,,,,,,,,,,,,,,,,,,
71.94261775002815,absorbing,,,,,,,R,26,7,217,241,90,70,160,6,2,56,0.04425304202595726,0.03588145901449025,0.0801345010404475,0.08056425000540912,33704,20608,64,64,False,False,False,False,20608,64,False,512,0.0006,,6472,0,bond_l2,"(11381, 33704)","(8037, 20608)",1,1,,,,0.0,64,4,20608,898,158,40,,,,,,,,,,,,,,,,,,,,,,,,,,,,,,,,,,,,,,,,,,,,,,,,,,,,,,
72.05459354200866,absorbing,,,,,,,L,27,7,217,241,92,70,162,5,2,58,0.04555208300007507,0.052062249975278974,0.09761433297535405,0.09809766698163003,19724,37564,64,64,False,False,False,False,19724,64,False,512,0.0006,,6472,0,bond_l2,"(7826, 19724)","(12132, 37564)",1,1,,,,0.0,64,4,19724,880,158,40,,,,,,,,,,,,,,,,,,,,,,,,,,,,,,,,,,,,,,,,,,,,,,,,,,,,,,
72.13981500000227,absorbing,,,,,,,L,28,7,217,241,92,70,162,5,0,58,0.03057833295315504,0.03917483304394409,0.06975316599709913,0.0702416249550879,19668,20652,64,64,False,False,False,False,19668,64,False,512,0.0006,,6472,0,bond_l2,"(7800, 19668)","(8055, 20652)",1,1,,,,0.0,64,4,19668,872,158,40,,,,,,,,,,,,,,,,,,,,,,,,,,,,,,,,,,,,,,,,,,,,,,,,,,,,,,
72.22615758399479,absorbing,,,,,,,R,28,8,217,241,92,71,163,5,1,59,0.03307295800186694,0.03867812501266599,0.07175108301453292,0.07332854199921712,18624,14544,64,16,False,False,False,False,14544,16,False,512,0.0006,,6472,0,bond_l2,"(7530, 18624)","(4215, 14544)",1,1,,,,0.0,16,4,14544,806,158,40,,,,,,,,,,,,,,,,,,,,,,,,,,,,,,,,,,,,,,,,,,,,,,,,,,,,,,
72.30609750002623,absorbing,,,,,,,L,29,8,217,241,94,71,165,5,2,61,0.03835212503327057,0.02634054096415639,0.06469266599742696,0.06573545903665945,12924,14736,16,16,False,False,False,False,12924,16,False,512,0.0006,,6472,0,bond_l2,"(3945, 12924)","(4215, 14736)",1,1,,,,0.0,16,4,12924,770,158,40,,,,,,,,,,,,,,,,,,,,,,,,,,,,,,,,,,,,,,,,,,,,,,,,,,,,,,
72.37937458400847,absorbing,,,,,,,R,29,9,217,241,94,72,166,5,1,62,0.029826499987393618,0.028885541018098593,0.05871204100549221,0.05924170796060935,19644,13116,64,16,False,False,False,False,13116,16,False,512,0.0006,,6472,0,bond_l2,"(7785, 19644)","(3945, 13116)",1,1,,,,0.0,16,4,13116,770,158,40,,,,,,,,,,,,,,,,,,,,,,,,,,,,,,,,,,,,,,,,,,,,,,,,,,,,,,
72.61319262499455,absorbing,,,,,,,R,29,10,217,241,94,72,166,6,0,62,0.02875708299688995,0.1902672909782268,0.21902437397511676,0.21951104199979454,13116,12960,16,16,False,False,False,False,12960,16,False,512,0.0006,,6472,0,bond_l2,"(3945, 13116)","(3915, 12960)",1,1,,,,0.0,16,4,12960,758,158,40,,,,,,,,,,,,,,,,,,,,,,,,,,,,,,,,,,,,,,,,,,,,,,,,,,,,,,
72.6967650000006,absorbing,,,,,,,L,30,10,217,241,95,72,167,4,1,63,0.031633000005967915,0.035417874983977526,0.06705087498994544,0.06828954198863357,12960,21984,16,64,False,False,False,False,12960,16,False,512,0.0006,,6472,0,bond_l2,"(3915, 12960)","(8715, 21984)",1,1,,,,0.0,16,4,12960,758,158,40,,,,,,,,,,,,,,,,,,,,,,,,,,,,,,,,,,,,,,,,,,,,,,,,,,,,,,
72.77349558402784,absorbing,,,,,,,L,31,10,217,241,97,72,169,4,2,65,0.03204012505011633,0.028089833038393408,0.06012995808850974,0.06131170899607241,11296,21408,16,64,False,False,False,False,11296,16,False,512,0.0006,,6472,0,bond_l2,"(3579, 11296)","(8715, 21408)",1,1,,,,0.0,16,4,11296,718,158,40,,,,,,,,,,,,,,,,,,,,,,,,,,,,,,,,,,,,,,,,,,,,,,,,,,,,,,
72.84030645899475,absorbing,,,,,,,R,31,11,217,241,97,74,171,5,2,67,0.03151579201221466,0.0215371249942109,0.05305291700642556,0.053532332996837795,16672,13792,64,16,False,False,False,False,13792,16,False,512,0.0006,,6472,0,bond_l2,"(6939, 16672)","(4059, 13792)",1,1,,,,0.0,16,4,13792,766,158,40,,,,,,,,,,,,,,,,,,,,,,,,,,,,,,,,,,,,,,,,,,,,,,,,,,,,,,
72.95315520901931,absorbing,,,,,,,L,32,11,217,241,98,74,172,5,1,68,0.07299762504408136,0.026513042044825852,0.09951066708890721,0.0999327499885112,17440,21412,64,64,False,False,False,False,17440,64,False,512,0.0006,,6472,0,bond_l2,"(7419, 17440)","(8124, 21412)",1,1,,,,0.0,64,4,17440,814,158,40,,,,,,,,,,,,,,,,,,,,,,,,,,,,,,,,,,,,,,,,,,,,,,,,,,,,,,
73.03218941699015,absorbing,,,,,,,L,33,11,217,241,101,74,175,5,3,71,0.0401144580100663,0.025489208986982703,0.065603666997049,0.06607504200655967,15136,20452,64,64,False,False,False,False,15136,64,False,512,0.0006,,6472,0,bond_l2,"(6699, 15136)","(7884, 20452)",1,1,,,,0.0,64,4,15136,742,158,40,,,,,,,,,,,,,,,,,,,,,,,,,,,,,,,,,,,,,,,,,,,,,,,,,,,,,,
73.1125027090311,absorbing,,,,,,,L,34,11,217,241,102,74,176,7,1,72,0.03874704201007262,0.027188707957975566,0.06593574996804819,0.0663922909880057,14752,15460,64,64,False,False,False,False,14752,64,False,512,0.0006,,6472,0,bond_l2,"(6459, 14752)","(6924, 15460)",1,1,,,,0.0,64,4,14752,718,158,40,,,,,,,,,,,,,,,,,,,,,,,,,,,,,,,,,,,,,,,,,,,,,,,,,,,,,,
73.1871509590419,absorbing,,,,,,,R,34,12,217,241,102,76,178,4,2,74,0.031220916949678212,0.029254874971229583,0.060475791920907795,0.06096704100491479,14956,14692,64,64,False,False,False,False,14692,64,False,512,0.0006,,6472,0,bond_l2,"(6654, 14956)","(6444, 14692)",1,1,,,,0.0,64,4,14692,712,158,40,,,,,,,,,,,,,,,,,,,,,,,,,,,,,,,,,,,,,,,,,,,,,,,,,,,,,,
73.272932959022,absorbing,,,,,,,L,35,12,217,241,103,76,179,6,1,75,0.03444195899646729,0.036196624976582825,0.07063858397305012,0.07126970798708498,15148,21736,64,64,False,False,False,False,15148,64,False,512,0.0006,,6472,0,bond_l2,"(6414, 15148)","(10509, 21736)",1,1,,,,0.0,64,4,15148,700,158,40,,,,,,,,,,,,,,,,,,,,,,,,,,,,,,,,,,,,,,,,,,,,,,,,,,,,,,
73.3847414170159,absorbing,,,,,,,R,35,13,217,241,103,79,182,4,3,78,0.06093191698892042,0.035165791981853545,0.09609770897077397,0.09664716699626297,19192,15088,64,64,False,False,False,False,15088,64,False,512,0.0006,,6472,0,bond_l2,"(9729, 19192)","(6399, 15088)",1,1,,,,0.0,64,4,15088,694,158,40,,,,,,,,,,,,,,,,,,,,,,,,,,,,,,,,,,,,,,,,,,,,,,,,,,,,,,
73.49997737503145,absorbing,,,,,,,L,36,13,217,241,106,79,185,4,3,81,0.05859174998477101,0.04010241699870676,0.09869416698347777,0.09917779202805832,19096,21292,64,64,False,False,False,False,19096,64,False,512,0.0006,,6472,0,bond_l2,"(9714, 19096)","(10254, 21292)",1,1,,,,0.0,64,4,19096,724,158,40,,,,,,,,,,,,,,,,,,,,,,,,,,,,,,,,,,,,,,,,,,,,,,,,,,,,,,
73.58014466700843,absorbing,,,,,,,R,36,14,217,241,106,81,187,5,2,83,0.03206429199781269,0.03277662501204759,0.06484091700986028,0.0663037920021452,19480,7828,64,16,False,False,False,False,7828,16,False,512,0.0006,,6472,0,bond_l2,"(9954, 19480)","(2289, 7828)",1,1,,,,0.0,16,4,7828,562,158,40,,,,,,,,,,,,,,,,,,,,,,,,,,,,,,,,,,,,,,,,,,,,,,,,,,,,,,
73.64825725002447,absorbing,,,,,,,R,36,15,217,241,106,82,188,7,1,84,0.021702708036173135,0.030139666981995106,0.05184237501816824,0.053198125038761646,8172,7728,16,16,False,False,False,False,7728,16,False,512,0.0006,,6472,0,bond_l2,"(2517, 8172)","(2367, 7728)",1,1,,,,0.0,16,4,7728,582,158,40,,,,,,,,,,,,,,,,,,,,,,,,,,,,,,,,,,,,,,,,,,,,,,,,,,,,,,
73.71182845899602,absorbing,,,,,,,L,37,15,217,241,107,82,189,5,1,85,0.022562208003364503,0.027037916996050626,0.04960012499941513,0.05007579200901091,7176,9360,16,32,False,False,False,False,7176,16,False,512,0.0006,,6472,0,bond_l2,"(2100, 7176)","(3150, 9360)",1,1,,,,0.0,16,4,7176,548,158,40,,,,,,,,,,,,,,,,,,,,,,,,,,,,,,,,,,,,,,,,,,,,,,,,,,,,,,
73.78124520904385,absorbing,,,,,,,L,38,15,217,241,108,82,190,7,1,86,0.026637625007424504,0.028642082994338125,0.05527970800176263,0.05571458302438259,8436,8148,16,32,False,False,False,False,8436,16,False,512,0.0006,,6472,0,bond_l2,"(2550, 8436)","(2868, 8148)",1,1,,,,0.0,16,4,8436,584,158,40,,,,,,,,,,,,,,,,,,,,,,,,,,,,,,,,,,,,,,,,,,,,,,,,,,,,,,
73.84432179201394,absorbing,,,,,,,L,39,15,217,241,109,82,191,7,1,87,0.02183991699712351,0.0275928329792805,0.04943274997640401,0.049876000033691525,8592,7104,16,32,False,False,False,False,8592,16,False,512,0.0006,,6472,0,bond_l2,"(2592, 8592)","(2598, 7104)",1,1,,,,0.0,16,4,8592,600,158,40,,,,,,,,,,,,,,,,,,,,,,,,,,,,,,,,,,,,,,,,,,,,,,,,,,,,,,
73.91686529200524,absorbing,,,,,,,R,39,16,217,241,109,83,192,7,1,88,0.03196870896499604,0.025772749970201403,0.05774145893519744,0.05816424998920411,8296,4944,16,16,False,False,False,False,4944,16,False,512,0.0006,,6472,0,bond_l2,"(2829, 8296)","(1680, 4944)",1,1,,,,0.0,16,4,4944,512,158,40,,,,,,,,,,,,,,,,,,,,,,,,,,,,,,,,,,,,,,,,,,,,,,,,,,,,,,
73.98338133399375,absorbing,,,,,,,L,40,16,217,241,110,83,193,8,1,89,0.028605292027350515,0.024640832969453186,0.0532461249968037,0.05365637497743592,5416,5652,16,32,False,False,False,False,5416,16,False,512,0.0006,,6472,0,bond_l2,"(2109, 5416)","(2193, 5652)",1,1,,,,0.0,16,4,5416,562,158,40,,,,,,,,,,,,,,,,,,,,,,,,,,,,,,,,,,,,,,,,,,,,,,,,,,,,,,
74.04360750003252,absorbing,,,,,,,R,40,17,217,241,110,86,196,5,3,92,0.0197347910143435,0.02556112501770258,0.04529591603204608,0.045728957979008555,8668,7012,16,16,False,False,False,False,7012,16,False,512,0.0006,,6472,0,bond_l2,"(2634, 8668)","(2094, 7012)",1,1,,,,0.0,16,4,7012,556,158,40,,,,,,,,,,,,,,,,,,,,,,,,,,,,,,,,,,,,,,,,,,,,,,,,,,,,,,
74.1125358749996,absorbing,,,,,,,R,40,18,217,241,110,87,197,8,1,93,0.026752999983727932,0.02768691600067541,0.05443991598440334,0.05486587499035522,13756,6640,64,16,False,False,False,False,6640,16,False,512,0.0006,,6472,0,bond_l2,"(6219, 13756)","(1839, 6640)",1,1,,,,0.0,16,4,6640,526,158,40,,,,,,,,,,,,,,,,,,,,,,,,,,,,,,,,,,,,,,,,,,,,,,,,,,,,,,
74.1822892500204,absorbing,,,,,,,L,41,18,217,241,111,87,198,7,1,94,0.027963166998233646,0.027347124996595085,0.05531029199482873,0.0557954580290243,12988,13540,64,64,False,False,False,False,12988,64,False,512,0.0006,,6472,0,bond_l2,"(5739, 12988)","(6174, 13540)",1,1,,,,0.0,64,4,12988,646,158,40,,,,,,,,,,,,,,,,,,,,,,,,,,,,,,,,,,,,,,,,,,,,,,,,,,,,,,
74.27710275002755,absorbing,,,,,,,L,42,18,217,241,112,87,199,8,1,95,0.04519816703395918,0.03527712501818314,0.08047529205214232,0.08093695901334286,26776,19036,64,64,False,False,False,False,26776,64,False,512,0.0006,,6472,0,bond_l2,"(9339, 26776)","(9564, 19036)",1,1,,,,0.0,64,4,26776,718,158,40,,,,,,,,,,,,,,,,,,,,,,,,,,,,,,,,,,,,,,,,,,,,,,,,,,,,,,
74.42727858404396,absorbing,,,,,,,R,42,19,217,241,112,89,201,5,2,97,0.09345266700256616,0.040029500029049814,0.13348216703161597,0.13465733401244506,27376,28120,64,64,False,False,False,False,28120,64,False,512,0.0006,,6472,0,bond_l2,"(9624, 27376)","(9549, 28120)",1,1,,,,0.0,64,4,28120,730,158,40,,,,,,,,,,,,,,,,,,,,,,,,,,,,,,,,,,,,,,,,,,,,,,,,,,,,,,
74.54208475002088,absorbing,,,,,,,L,43,19,217,241,114,89,203,7,2,99,0.057836916006635875,0.04150616703554988,0.09934308304218575,0.09983945800922811,27412,28156,64,64,False,False,False,False,27412,64,False,512,0.0006,,6472,0,bond_l2,"(9354, 27412)","(9549, 28156)",1,1,,,,0.0,64,4,27412,724,158,40,,,,,,,,,,,,,,,,,,,,,,,,,,,,,,,,,,,,,,,,,,,,,,,,,,,,,,
74.6815774590359,absorbing,,,,,,,R,43,20,217,241,114,91,205,6,2,101,0.08292725001228973,0.04159974999492988,0.12452700000721961,0.12504266697214916,29236,27448,64,64,False,False,False,False,27448,64,False,512,0.0006,,6472,0,bond_l2,"(10089, 29236)","(9354, 27448)",1,1,,,,0.0,64,4,27448,724,158,40,,,,,,,,,,,,,,,,,,,,,,,,,,,,,,,,,,,,,,,,,,,,,,,,,,,,,,
74.82742808404146,absorbing,,,,,,,R,43,21,217,241,114,93,207,6,2,103,0.0875749999540858,0.04274770797928795,0.13032270793337375,0.13078491698252037,29116,27640,64,64,False,False,False,False,27640,64,False,512,0.0006,,6472,0,bond_l2,"(10059, 29116)","(9564, 27640)",1,1,,,,0.0,64,4,27640,736,158,40,,,,,,,,,,,,,,,,,,,,,,,,,,,,,,,,,,,,,,,,,,,,,,,,,,,,,,
74.9740044590435,absorbing,,,,,,,R,43,22,217,241,114,97,211,4,4,107,0.08985587500501424,0.04122462501982227,0.1310805000248365,0.13184429198736325,30424,30028,64,64,False,False,False,False,30028,64,False,512,0.0006,,6472,0,bond_l2,"(10269, 30424)","(10269, 30028)",1,1,,,,0.0,64,4,30028,802,158,40,,,,,,,,,,,,,,,,,,,,,,,,,,,,,,,,,,,,,,,,,,,,,,,,,,,,,,
75.1370150000439,absorbing,,,,,,,L,44,22,217,241,117,97,214,5,3,110,0.09515449998434633,0.052813292015343904,0.14796779199969023,0.1486223340034485,36196,48676,64,64,False,False,False,False,36196,64,False,512,0.0006,,6472,0,bond_l2,"(13854, 36196)","(15084, 48676)",1,1,,,,0.0,64,4,36196,868,158,40,,,,,,,,,,,,,,,,,,,,,,,,,,,,,,,,,,,,,,,,,,,,,,,,,,,,,,
75.26676537503954,absorbing,,,,,,,L,45,22,217,241,118,97,215,7,1,111,0.044557582994457334,0.06960408296436071,0.11416166595881805,0.11462329200003296,36436,61996,64,64,False,False,False,False,36436,64,False,512,0.0006,,6472,0,bond_l2,"(14049, 36436)","(18414, 61996)",1,1,,,,0.0,64,4,36436,874,158,40,,,,,,,,,,,,,,,,,,,,,,,,,,,,,,,,,,,,,,,,,,,,,,,,,,,,,,
75.41778529202566,absorbing,,,,,,,R,45,23,217,241,118,98,216,7,1,112,0.06851566699333489,0.06634141597896814,0.13485708297230303,0.13676404196303338,61576,61072,64,64,False,False,False,False,61072,64,False,512,0.0006,,6472,0,bond_l2,"(18174, 61576)","(17904, 61072)",1,1,,,,0.0,64,4,61072,976,158,40,,,,,,,,,,,,,,,,,,,,,,,,,,,,,,,,,,,,,,,,,,,,,,,,,,,,,,
75.63899850001326,absorbing,,,,,,,R,45,24,217,241,118,98,216,8,0,112,0.14620695798657835,0.05770262505393475,0.2039095830405131,0.20672729203943163,160444,61600,256,64,False,False,False,False,61600,64,False,512,0.0006,,6472,0,bond_l2,"(79629, 160444)","(18189, 61600)",1,1,,,,0.0,64,4,61600,1018,158,40,,,,,,,,,,,,,,,,,,,,,,,,,,,,,,,,,,,,,,,,,,,,,,,,,,,,,,
75.90142945904518,absorbing,,,,,,,R,45,25,217,241,118,100,218,3,2,114,0.14730495895491913,0.09772624995093793,0.24503120890585706,0.2465163329616189,160360,61756,256,64,False,False,False,False,61756,64,False,512,0.0006,,6472,0,bond_l2,"(79599, 160360)","(18219, 61756)",1,1,,,,0.0,64,4,61756,1030,158,40,,,,,,,,,,,,,,,,,,,,,,,,,,,,,,,,,,,,,,,,,,,,,,,,,,,,,,
76.14564145903569,absorbing,,,,,,,R,45,26,217,241,118,101,219,4,1,115,0.16339437500573695,0.062405417033005506,0.22579979203874245,0.22828070900868624,160372,62812,256,64,False,False,False,False,62812,64,False,512,0.0006,,6472,0,bond_l2,"(79584, 160372)","(18474, 62812)",1,1,,,,0.0,64,4,62812,1060,158,40,,,,,,,,,,,,,,,,,,,,,,,,,,,,,,,,,,,,,,,,,,,,,,,,,,,,,,
76.40952700003982,absorbing,,,,,,,R,45,27,217,241,118,102,220,4,1,116,0.1736116249812767,0.07430549996206537,0.24791712494334206,0.24916949996259063,161416,79228,256,64,False,False,False,False,79228,64,False,512,0.0006,,6472,0,bond_l2,"(79854, 161416)","(22569, 79228)",1,1,,,,0.0,64,4,79228,1186,158,40,,,,,,,,,,,,,,,,,,,,,,,,,,,,,,,,,,,,,,,,,,,,,,,,,,,,,,
76.75067124998895,absorbing,,,,,,,L,46,27,217,241,121,102,223,7,3,119,0.17164700001012534,0.15102670900523663,0.32267370901536196,0.32430345797911286,177892,179836,256,256,False,False,False,False,177892,256,False,512,0.0006,,6472,0,bond_l2,"(83964, 177892)","(84729, 179836)",1,1,,,,0.0,256,4,177892,1552,158,40,,,,,,,,,,,,,,,,,,,,,,,,,,,,,,,,,,,,,,,,,,,,,,,,,,,,,,
77.47556245903252,absorbing,,,,,,,L,47,27,217,241,122,102,224,9,1,120,0.35735783400014043,0.3495046250172891,0.7068624590174295,0.7082873749895953,163408,424672,256,256,False,False,False,False,163408,256,False,512,0.0006,,6472,0,bond_l2,"(80334, 163408)","(145659, 424672)",1,1,,,,0.0,256,4,163408,1468,158,40,,,,,,,,,,,,,,,,,,,,,,,,,,,,,,,,,,,,,,,,,,,,,,,,,,,,,,
78.06121254200116,absorbing,,,,,,,L,48,27,217,241,124,102,226,8,2,122,0.23844262497732416,0.3266733330092393,0.5651159579865634,0.5670142499729991,162856,410188,256,256,False,False,False,False,162856,256,False,512,0.0006,,6472,0,bond_l2,"(80349, 162856)","(142029, 410188)",1,1,,,,0.0,256,4,162856,1474,158,40,,,,,,,,,,,,,,,,,,,,,,,,,,,,,,,,,,,,,,,,,,,,,,,,,,,,,,
78.6170203750371,absorbing,,,,,,,L,49,27,217,241,126,102,228,6,2,124,0.16331670799991116,0.3754754160181619,0.5387921240180731,0.5406206249608658,65308,410020,64,256,False,False,False,False,65308,64,False,512,0.0006,,6472,0,bond_l2,"(18954, 65308)","(142284, 410020)",1,1,,,,0.0,64,4,65308,1108,158,40,,,,,,,,,,,,,,,,,,,,,,,,,,,,,,,,,,,,,,,,,,,,,,,,,,,,,,
79.04914012498921,absorbing,,,,,,,L,50,27,217,241,130,102,232,5,4,128,0.2792648340109736,0.13565779104828835,0.4149226250592619,0.41649508295813575,55516,165016,64,256,False,False,False,False,55516,64,False,512,0.0006,,6472,0,bond_l2,"(18954, 55516)","(80889, 165016)",1,1,,,,0.0,64,4,55516,1108,158,40,,,,,,,,,,,,,,,,,,,,,,,,,,,,,,,,,,,,,,,,,,,,,,,,,,,,,,
79.31985670904396,absorbing,,,,,,,L,51,27,217,241,134,102,236,5,4,132,0.12923458399018273,0.12499612499959767,0.2542307089897804,0.2549495410057716,29244,49816,64,64,False,False,False,False,29244,64,False,512,0.0006,,6472,0,bond_l2,"(12027, 29244)","(15369, 49816)",1,1,,,,0.0,64,4,29244,942,158,40,,,,,,,,,,,,,,,,,,,,,,,,,,,,,,,,,,,,,,,,,,,,,,,,,,,,,,
79.42111320904223,absorbing,,,,,,,L,52,27,217,241,134,102,236,8,0,132,0.03867995896143839,0.046498708019498736,0.08517866698093712,0.08581066696206108,23076,24504,64,64,False,False,False,False,23076,64,False,512,0.0006,,6472,0,bond_l2,"(8172, 23076)","(8682, 24504)",1,1,,,,0.0,64,4,23076,840,158,40,,,,,,,,,,,,,,,,,,,,,,,,,,,,,,,,,,,,,,,,,,,,,,,,,,,,,,
79.53885508404346,absorbing,,,,,,,R,52,28,217,241,134,103,237,6,1,133,0.0511962499585934,0.049667000013869256,0.10086324997246265,0.10132725001312792,37788,22944,64,64,False,False,False,False,22944,64,False,512,0.0006,,6472,0,bond_l2,"(12090, 37788)","(8427, 22944)",1,1,,,,0.0,64,4,22944,870,158,40,,,,,,,,,,,,,,,,,,,,,,,,,,,,,,,,,,,,,,,,,,,,,,,,,,,,,,
79.64251579204574,absorbing,,,,,,,R,52,29,217,241,134,106,240,3,3,136,0.04607974999817088,0.04168900003423914,0.08776875003241003,0.08846037503099069,38232,13788,64,32,False,False,False,False,13788,32,False,512,0.0006,,6472,0,bond_l2,"(12345, 38232)","(4602, 13788)",1,1,,,,0.0,32,4,13788,780,158,40,,,,,,,,,,,,,,,,,,,,,,,,,,,,,,,,,,,,,,,,,,,,,,,,,,,,,,
79.72458312503295,absorbing,,,,,,,R,52,30,217,241,134,106,240,4,0,136,0.03690195799572393,0.028759208042174578,0.06566116603789851,0.06640779197914526,21012,11452,64,16,False,False,False,False,11452,16,False,512,0.0006,,6472,0,bond_l2,"(8712, 21012)","(3609, 11452)",1,1,,,,0.0,16,4,11452,730,158,40,,,,,,,,,,,,,,,,,,,,,,,,,,,,,,,,,,,,,,,,,,,,,,,,,,,,,,
79.80014837504132,absorbing,,,,,,,L,53,30,217,241,135,106,241,9,1,137,0.02870287495898083,0.02999854099471122,0.05870141595369205,0.05997649999335408,11956,13500,16,32,False,False,False,False,11956,16,False,512,0.0006,,6472,0,bond_l2,"(3879, 11956)","(4377, 13500)",1,1,,,,0.0,16,4,11956,766,158,40,,,,,,,,,,,,,,,,,,,,,,,,,,,,,,,,,,,,,,,,,,,,,,,,,,,,,,
79.92794233403401,absorbing,,,,,,,R,53,31,217,241,135,110,245,1,4,141,0.036113834008574486,0.0758186670136638,0.11193250102223828,0.11277125001652166,28180,13620,64,32,False,False,False,False,13620,32,False,512,0.0006,,6472,0,bond_l2,"(12534, 28180)","(4407, 13620)",1,1,,,,0.0,32,4,13620,774,158,40,,,,,,,,,,,,,,,,,,,,,,,,,,,,,,,,,,,,,,,,,,,,,,,,,,,,,,
80.01416958402842,absorbing,,,,,,,L,54,31,217,241,137,110,247,9,2,143,0.037915874971076846,0.0319489169633016,0.06986479193437845,0.07038054196164012,21652,29940,64,64,False,False,False,False,21652,64,False,512,0.0006,,6472,0,bond_l2,"(8454, 21652)","(12327, 29940)",1,1,,,,0.0,64,4,21652,940,158,40,,,,,,,,,,,,,,,,,,,,,,,,,,,,,,,,,,,,,,,,,,,,,,,,,,,,,,
80.22584249998908,absorbing,,,,,,,R,54,32,217,241,137,110,247,5,0,143,0.15819345897762105,0.03567341703455895,0.19386687601218,0.19447837496409193,156532,22612,256,64,False,False,False,False,22612,64,False,512,0.0006,,6472,0,bond_l2,"(81189, 156532)","(8694, 22612)",1,1,,,,0.0,64,4,22612,964,158,40,,,,,,,,,,,,,,,,,,,,,,,,,,,,,,,,,,,,,,,,,,,,,,,,,,,,,,
80.37868537503527,absorbing,,,,,,,R,54,33,217,241,137,112,249,5,2,145,0.08398695901269093,0.049970541964285076,0.133957500976976,0.13634941697819158,59188,23572,64,64,False,False,False,False,23572,64,False,512,0.0006,,6472,0,bond_l2,"(19989, 59188)","(8934, 23572)",1,1,,,,0.0,64,4,23572,988,158,40,,,,,,,,,,,,,,,,,,,,,,,,,,,,,,,,,,,,,,,,,,,,,,,,,,,,,,
80.58035866700811,absorbing,,,,,,,L,55,33,217,241,140,112,252,8,3,148,0.07279525004560128,0.11096941697178409,0.18376466701738536,0.18521725002210587,23284,29652,64,64,False,False,False,False,23284,64,False,512,0.0006,,6472,0,bond_l2,"(8709, 23284)","(13302, 29652)",1,1,,,,0.0,64,4,23284,970,158,40,,,,,,,,,,,,,,,,,,,,,,,,,,,,,,,,,,,,,,,,,,,,,,,,,,,,,,
80.71237766701961,absorbing,,,,,,,R,55,34,217,241,140,114,254,6,2,150,0.06379012495744973,0.04975337500218302,0.11354349995963275,0.11589716596063226,68884,25332,64,64,False,False,False,False,25332,64,False,512,0.0006,,6472,0,bond_l2,"(24294, 68884)","(9477, 25332)",1,1,,,,0.0,64,4,25332,1002,158,40,,,,,,,,,,,,,,,,,,,,,,,,,,,,,,,,,,,,,,,,,,,,,,,,,,,,,,
80.83404983399669,absorbing,,,,,,,R,55,35,217,241,140,115,255,6,1,151,0.06110591703327373,0.04243437497643754,0.10354029200971127,0.10399599996162578,32692,19988,64,32,False,False,False,False,19988,32,False,512,0.0006,,6472,0,bond_l2,"(13239, 32692)","(6390, 19988)",1,1,,,,0.0,32,4,19988,932,158,40,,,,,,,,,,,,,,,,,,,,,,,,,,,,,,,,,,,,,,,,,,,,,,,,,,,,,,
80.95322987501277,absorbing,,,,,,,R,55,36,217,241,140,117,257,5,2,153,0.05782420898322016,0.04366962501080707,0.10149383399402723,0.10194937500637025,27960,19352,64,32,False,False,False,False,19352,32,False,512,0.0006,,6472,0,bond_l2,"(10152, 27960)","(6375, 19352)",1,1,,,,0.0,32,4,19352,926,158,40,,,,,,,,,,,,,,,,,,,,,,,,,,,,,,,,,,,,,,,,,,,,,,,,,,,,,,
81.06888429203536,absorbing,,,,,,,R,55,37,217,241,140,118,258,5,1,154,0.057187500002328306,0.04032720800023526,0.09751470800256357,0.09890558297047392,26424,19352,64,32,False,False,False,False,19352,32,False,512,0.0006,,6472,0,bond_l2,"(9912, 26424)","(6423, 19352)",1,1,,,,0.0,32,4,19352,934,158,40,,,,,,,,,,,,,,,,,,,,,,,,,,,,,,,,,,,,,,,,,,,,,,,,,,,,,,
81.17107112501981,absorbing,,,,,,,L,56,37,217,241,143,118,261,9,3,157,0.04851337498985231,0.037330917024519295,0.0858442920143716,0.08628537500044331,21816,22424,32,32,False,False,False,False,21816,32,False,512,0.0006,,6472,0,bond_l2,"(6312, 21816)","(6663, 22424)",1,1,,,,0.0,32,4,21816,960,158,40,,,,,,,,,,,,,,,,,,,,,,,,,,,,,,,,,,,,,,,,,,,,,,,,,,,,,,
81.2927721250453,absorbing,,,,,,,R,56,38,217,241,143,119,262,7,1,158,0.06067762500606477,0.04380362498341128,0.10448124998947605,0.10581174999242648,40524,25788,64,32,False,False,False,False,25788,32,False,512,0.0006,,6472,0,bond_l2,"(14532, 40524)","(7305, 25788)",1,1,,,,0.0,32,4,25788,1010,158,40,,,,,,,,,,,,,,,,,,,,,,,,,,,,,,,,,,,,,,,,,,,,,,,,,,,,,,
81.47720033401856,absorbing,,,,,,,R,56,39,217,241,143,124,267,3,5,163,0.07441749999998137,0.09395445801783353,0.1683719580178149,0.16948329203296453,63084,41232,64,64,False,False,False,False,41232,64,False,512,0.0006,,6472,0,bond_l2,"(22485, 63084)","(14247, 41232)",1,1,,,,0.0,64,4,41232,1182,158,40,,,,,,,,,,,,,,,,,,,,,,,,,,,,,,,,,,,,,,,,,,,,,,,,,,,,,,
81.70123287499882,absorbing,,,,,,,R,56,40,217,241,143,125,268,8,1,164,0.09075666702119634,0.11536712502129376,0.2061237920424901,0.20846104196971282,84528,73036,64,64,False,False,False,False,73036,64,False,512,0.0006,,6472,0,bond_l2,"(29382, 84528)","(21174, 73036)",1,1,,,,0.0,64,4,73036,1348,158,40,,,,,,,,,,,,,,,,,,,,,,,,,,,,,,,,,,,,,,,,,,,,,,,,,,,,,,
81.9979462090414,absorbing,,,,,,,L,57,40,217,241,151,125,276,2,8,172,0.12669299996923655,0.15041800000471994,0.2771109999739565,0.2776395420078188,116248,176968,64,256,False,False,False,False,116248,64,False,512,0.0006,,6472,0,bond_l2,"(36279, 116248)","(86469, 176968)",1,1,,,,0.0,64,4,116248,1702,158,40,,,,,,,,,,,,,,,,,,,,,,,,,,,,,,,,,,,,,,,,,,,,,,,,,,,,,,
82.3866703340318,absorbing,,,,,,,L,58,40,217,241,152,125,277,5,1,173,0.17041841702302918,0.1990689169615507,0.3694873339845799,0.37003599997842684,116188,213424,64,256,False,False,False,False,116188,64,False,512,0.0006,,6472,0,bond_l2,"(36264, 116188)","(97734, 213424)",1,1,,,,0.0,64,4,116188,1696,158,40,,,,,,,,,,,,,,,,,,,,,,,,,,,,,,,,,,,,,,,,,,,,,,,,,,,,,,
82.76595079200342,absorbing,,,,,,,R,58,41,217,241,152,126,278,6,1,174,0.17163729202002287,0.18827124999370426,0.35990854201372713,0.3606879159924574,215596,213364,256,256,False,False,False,False,213364,256,False,512,0.0006,,6472,0,bond_l2,"(97989, 215596)","(97719, 213364)",1,1,,,,0.0,256,4,213364,2086,158,40,,,,,,,,,,,,,,,,,,,,,,,,,,,,,,,,,,,,,,,,,,,,,,,,,,,,,,
83.38048791699111,absorbing,,,,,,,R,58,42,217,241,152,128,280,7,2,176,0.3682082919985987,0.22860941605176777,0.5968177080503665,0.59725824999623,459724,222316,256,256,False,False,False,False,222316,256,False,512,0.0006,,6472,0,bond_l2,"(159174, 459724)","(97509, 222316)",1,1,,,,0.0,256,4,222316,2074,158,40,,,,,,,,,,,,,,,,,,,,,,,,,,,,,,,,,,,,,,,,,,,,,,,,,,,,,,
83.93069416703656,absorbing,,,,,,,R,58,43,217,241,152,130,282,6,2,178,0.3440907499752939,0.18818216701038182,0.5322729169856757,0.5328666670247912,468448,218020,256,256,False,False,False,False,218020,256,False,512,0.0006,,6472,0,bond_l2,"(158889, 468448)","(94419, 218020)",1,1,,,,0.0,256,4,218020,2062,158,40,,,,,,,,,,,,,,,,,,,,,,,,,,,,,,,,,,,,,,,,,,,,,,,,,,,,,,
84.4949570420431,absorbing,,,,,,,R,58,44,217,241,152,133,285,4,3,181,0.37751124997157604,0.1685527500230819,0.5460639999946579,0.5472978329635225,463720,202660,256,256,False,False,False,False,202660,256,False,512,0.0006,,6472,0,bond_l2,"(155574, 463720)","(90579, 202660)",1,1,,,,0.0,256,4,202660,1966,158,40,,,,,,,,,,,,,,,,,,,,,,,,,,,,,,,,,,,,,,,,,,,,,,,,,,,,,,
85.04463120899163,absorbing,,,,,,,R,58,45,217,241,152,136,288,4,3,184,0.35711808304768056,0.175025042030029,0.5321431250777096,0.5327619169838727,447556,186436,256,256,False,False,False,False,186436,256,False,512,0.0006,,6472,0,bond_l2,"(151524, 447556)","(86514, 186436)",1,1,,,,0.0,256,4,186436,1852,158,40,,,,,,,,,,,,,,,,,,,,,,,,,,,,,,,,,,,,,,,,,,,,,,,,,,,,,,
85.5615437090164,absorbing,,,,,,,R,58,46,217,241,152,136,288,6,0,184,0.3484197909710929,0.15103416697820649,0.49945395794929937,0.5001189999748021,431332,185764,256,256,False,False,False,False,185764,256,False,512,0.0006,,6472,0,bond_l2,"(147459, 431332)","(86499, 185764)",1,1,,,,0.0,256,4,185764,1846,158,40,,,,,,,,,,,,,,,,,,,,,,,,,,,,,,,,,,,,,,,,,,,,,,,,,,,,,,
86.11635662498884,absorbing,,,,,,,R,58,47,217,241,152,136,288,5,0,184,0.3369146669865586,0.20020199997816235,0.5371166669647209,0.538699374999851,430660,191908,256,256,False,False,False,False,191908,256,False,512,0.0006,,6472,0,bond_l2,"(147444, 430660)","(90339, 191908)",1,1,,,,0.0,256,4,191908,1942,158,40,,,,,,,,,,,,,,,,,,,,,,,,,,,,,,,,,,,,,,,,,,,,,,,,,,,,,,
86.8344005420222,absorbing,,,,,,,R,58,48,217,241,152,139,291,2,3,187,0.35898979200283065,0.3419386660098098,0.7009284580126405,0.7015742909861729,435844,198052,256,256,False,False,False,False,198052,256,False,512,0.0006,,6472,0,bond_l2,"(151044, 435844)","(94179, 198052)",1,1,,,,0.0,256,4,198052,2038,158,40,,,,,,,,,,,,,,,,,,,,,,,,,,,,,,,,,,,,,,,,,,,,,,,,,,,,,,
87.41854800004512,absorbing,,,,,,,R,58,49,217,241,152,140,292,3,1,188,0.36178262502653524,0.20384891598951072,0.565631541016046,0.5670309999841265,441988,109924,256,64,False,False,False,False,109924,64,False,512,0.0006,,6472,0,bond_l2,"(154884, 441988)","(32979, 109924)",1,1,,,,0.0,64,4,109924,1678,158,40,,,,,,,,,,,,,,,,,,,,,,,,,,,,,,,,,,,,,,,,,,,,,,,,,,,,,,
87.7153808750445,absorbing,,,,,,,R,58,50,217,241,152,140,292,5,0,188,0.16617529198992997,0.11316858301870525,0.2793438750086352,0.2805524589493871,206404,111460,256,64,False,False,False,False,111460,64,False,512,0.0006,,6472,0,bond_l2,"(93684, 206404)","(33219, 111460)",1,1,,,,0.0,64,4,111460,1702,158,40,,,,,,,,,,,,,,,,,,,,,,,,,,,,,,,,,,,,,,,,,,,,,,,,,,,,,,
88.0216587500181,absorbing,,,,,,,R,58,51,217,241,152,141,293,5,1,189,0.16082770901266485,0.12599016696913168,0.28681787598179653,0.288245250005275,207940,145828,256,64,False,False,False,False,145828,64,False,512,0.0006,,6472,0,bond_l2,"(93924, 207940)","(44259, 145828)",1,1,,,,0.0,64,4,145828,1942,158,40,,,,,,,,,,,,,,,,,,,,,,,,,,,,,,,,,,,,,,,,,,,,,,,,,,,,,,
88.4617916670395,absorbing,,,,,,,L,59,51,217,241,155,141,296,6,3,192,0.20424737501889467,0.21849679201841354,0.4227441670373082,0.4232631660415791,242308,259108,256,256,False,False,False,False,242308,256,False,512,0.0006,,6472,0,bond_l2,"(104964, 242308)","(109299, 259108)",1,1,,,,0.0,256,4,242308,2248,158,40,,,,,,,,,,,,,,,,,,,,,,,,,,,,,,,,,,,,,,,,,,,,,,,,,,,,,,
89.21904120902764,absorbing,,,,,,,L,60,51,217,241,157,141,298,7,2,194,0.45757725002476946,0.28257524996297434,0.7401524999877438,0.7407830830197781,473224,355588,256,256,False,False,False,False,473224,256,False,512,0.0006,,6472,0,bond_l2,"(162549, 473224)","(170004, 355588)",1,1,,,,0.0,256,4,473224,2530,158,40,,,,,,,,,,,,,,,,,,,,,,,,,,,,,,,,,,,,,,,,,,,,,,,,,,,,,,
90.3105042920215,absorbing,,,,,,,L,61,51,217,241,161,141,302,6,4,198,0.5409512920305133,0.5320827919640578,1.0730340839945711,1.0738467499613762,456748,734344,256,256,False,False,False,True,456748,256,False,512,0.0006,,6472,0,bond_l2,"(158439, 456748)","(227829, 734344)",1,1,,,,0.0,256,4,456748,2398,158,40,,,,,,,,,,,,,,,,,,,,,,,,,,,,,,,,,,,,,,,,,,,,,,,,,,,,,,
91.2655841250089,absorbing,,,,,,,L,62,51,217,241,162,141,303,6,1,199,0.4019482920411974,0.5351517500239424,0.9371000420651399,0.9378009579959325,440260,717868,256,256,False,False,False,True,440260,256,False,512,0.0006,,6472,0,bond_l2,"(154299, 440260)","(223719, 717868)",1,1,,,,0.0,256,4,440260,2254,158,40,,,,,,,,,,,,,,,,,,,,,,,,,,,,,,,,,,,,,,,,,,,,,,,,,,,,,,
93.02620404202025,absorbing,,,,,,,L,63,51,217,241,165,141,306,5,3,202,1.2058288750122301,0.5360287500079721,1.7418576250202022,1.7435039160191081,434056,701380,256,256,False,False,False,True,434056,256,False,512,0.0006,,6472,0,bond_l2,"(150444, 434056)","(219579, 701380)",1,1,,,,0.0,256,4,434056,2152,158,40,,,,,,,,,,,,,,,,,,,,,,,,,,,,,,,,,,,,,,,,,,,,,,,,,,,,,,
93.95436133403564,absorbing,,,,,,,L,64,51,217,241,167,141,308,5,2,204,0.3981221250141971,0.510957040998619,0.9090791660128161,0.9104790419805795,447940,695176,256,256,False,False,False,True,447940,256,False,512,0.0006,,6472,0,bond_l2,"(154059, 447940)","(215724, 695176)",1,1,,,,0.0,256,4,447940,2230,158,40,,,,,,,,,,,,,,,,,,,,,,,,,,,,,,,,,,,,,,,,,,,,,,,,,,,,,,
101.18017316702753,unswapping,,,,,,,,,,,,,,,,,,,,,,,,,,,,,,,,,,,,,,,,,,,,,,,256,4,314560,2284,158,40,0,both,0,20,20,2,2,,,,,0,,,,,,,,,,,,,,,,,,,,,,,,,,,,,,,,,,,,,,,,,,
102.41090583399637,unswapping,,,,,,,,,,,,,,,,,,,,,,,,,,,,,,,,,,,,,,,,,,,,,,,64,4,29240,962,158,40,0,both,1,19,19,8,10,,,,,0,,,,,,,,,,,,,,,,,,,,,,,,,,,,,,,,,,,,,,,,,,
102.49838829203509,unswapping,,,,,,,,,,,,,,,,,,,,,,,,,,,,,,,,,,,,,,,,,,,,,,,16,4,7760,554,158,40,0,left,0,20,20,11,21,,,,,22,,,,,,,,,,,,,,,,,,,,,,,,,,,,,,,,,,,,,,,,,,
102.55226254201261,unswapping,,,,,,,,,,,,,,,,,,,,,,,,,,,,,,,,,,,,,,,,,,,,,,,16,4,2360,428,158,40,0,left,1,19,19,9,30,,,,,40,,,,,,,,,,,,,,,,,,,,,,,,,,,,,,,,,,,,,,,,,,
102.58885937504238,unswapping,,,,,,,,,,,,,,,,,,,,,,,,,,,,,,,,,,,,,,,,,,,,,,,4,4,1096,346,158,40,0,right,0,20,20,5,35,,,,,38,,,,,,,,,,,,,,,,,,,,,,,,,,,,,,,,,,,,,,,,,,
102.62281495903153,unswapping,,,,,,,,,,,,,,,,,,,,,,,,,,,,,,,,,,,,,,,,,,,,,,,4,4,964,334,158,40,0,right,1,19,19,2,37,,,,,42,,,,,,,,,,,,,,,,,,,,,,,,,,,,,,,,,,,,,,,,,,
102.68161141703604,unswapping,,,,,,,,,,,,,,,,,,,,,,,,,,,,,,,,,,,,,,,,,,,,,,,4,4,856,324,158,40,1,both,0,20,20,2,2,,,,,42,,,,,,,,,,,,,,,,,,,,,,,,,,,,,,,,,,,,,,,,,,
102.7088542089914,unswapping,,,,,,,,,,,,,,,,,,,,,,,,,,,,,,,,,,,,,,,,,,,,,,,4,4,856,324,158,40,1,both,1,19,19,0,2,,,,,42,,,,,,,,,,,,,,,,,,,,,,,,,,,,,,,,,,,,,,,,,,
102.74331500002882,unswapping,,,,,,,,,,,,,,,,,,,,,,,,,,,,,,,,,,,,,,,,,,,,,,,4,4,696,308,158,40,1,left,0,20,20,3,5,,,,,48,,,,,,,,,,,,,,,,,,,,,,,,,,,,,,,,,,,,,,,,,,
102.7760169589892,unswapping,,,,,,,,,,,,,,,,,,,,,,,,,,,,,,,,,,,,,,,,,,,,,,,4,4,672,304,158,40,1,left,1,19,19,1,6,,,,,50,,,,,,,,,,,,,,,,,,,,,,,,,,,,,,,,,,,,,,,,,,
102.80851245904341,unswapping,,,,,,,,,,,,,,,,,,,,,,,,,,,,,,,,,,,,,,,,,,,,,,,4,4,612,298,158,40,1,right,0,20,20,1,7,,,,,50,,,,,,,,,,,,,,,,,,,,,,,,,,,,,,,,,,,,,,,,,,
102.83938225003658,unswapping,,,,,,,,,,,,,,,,,,,,,,,,,,,,,,,,,,,,,,,,,,,,,,,4,4,552,292,158,40,1,right,1,19,19,1,8,,,,,48,,,,,,,,,,,,,,,,,,,,,,,,,,,,,,,,,,,,,,,,,,
102.88826920901192,unswapping,,,,,,,,,,,,,,,,,,,,,,,,,,,,,,,,,,,,,,,,,,,,,,,4,4,492,286,158,40,2,both,0,20,20,1,1,,,,,50,,,,,,,,,,,,,,,,,,,,,,,,,,,,,,,,,,,,,,,,,,
102.94301729201106,unswapping,,,,,,,,,,,,,,,,,,,,,,,,,,,,,,,,,,,,,,,,,,,,,,,4,4,420,278,158,40,2,both,1,19,19,2,3,,,,,50,,,,,,,,,,,,,,,,,,,,,,,,,,,,,,,,,,,,,,,,,,
102.95652254199376,unswapping,,,,,,,,,,,,,,,,,,,,,,,,,,,,,,,,,,,,,,,,,,,,,,,4,4,420,278,158,40,2,left,0,20,20,0,3,,,,,50,,,,,,,,,,,,,,,,,,,,,,,,,,,,,,,,,,,,,,,,,,
102.9815613339888,unswapping,,,,,,,,,,,,,,,,,,,,,,,,,,,,,,,,,,,,,,,,,,,,,,,4,4,396,272,158,40,2,left,1,19,19,1,4,,,,,52,,,,,,,,,,,,,,,,,,,,,,,,,,,,,,,,,,,,,,,,,,
102.99447904201224,unswapping,,,,,,,,,,,,,,,,,,,,,,,,,,,,,,,,,,,,,,,,,,,,,,,4,4,396,272,158,40,2,right,0,20,20,0,4,,,,,52,,,,,,,,,,,,,,,,,,,,,,,,,,,,,,,,,,,,,,,,,,
103.00837591703748,unswapping,,,,,,,,,,,,,,,,,,,,,,,,,,,,,,,,,,,,,,,,,,,,,,,4,4,396,272,158,40,2,right,1,19,19,0,4,,,,,52,,,,,,,,,,,,,,,,,,,,,,,,,,,,,,,,,,,,,,,,,,
103.06431229203008,unswapping,,,,,,,,,,,,,,,,,,,,,,,,,,,,,,,,,,,,,,,,,,,,,,,4,4,324,264,158,40,3,both,0,20,20,2,2,,,,,56,,,,,,,,,,,,,,,,,,,,,,,,,,,,,,,,,,,,,,,,,,
103.1375745839905,unswapping,,,,,,,,,,,,,,,,,,,,,,,,,,,,,,,,,,,,,,,,,,,,,,,4,4,284,260,158,40,3,both,1,19,19,1,3,,,,,58,,,,,,,,,,,,,,,,,,,,,,,,,,,,,,,,,,,,,,,,,,
103.1628020000062,unswapping,,,,,,,,,,,,,,,,,,,,,,,,,,,,,,,,,,,,,,,,,,,,,,,4,4,252,256,158,40,3,left,0,20,20,1,4,,,,,60,,,,,,,,,,,,,,,,,,,,,,,,,,,,,,,,,,,,,,,,,,
103.17685108399019,unswapping,,,,,,,,,,,,,,,,,,,,,,,,,,,,,,,,,,,,,,,,,,,,,,,4,4,252,256,158,40,3,left,1,19,19,0,4,,,,,60,,,,,,,,,,,,,,,,,,,,,,,,,,,,,,,,,,,,,,,,,,
103.19085187499877,unswapping,,,,,,,,,,,,,,,,,,,,,,,,,,,,,,,,,,,,,,,,,,,,,,,4,4,252,256,158,40,3,right,0,20,20,0,4,,,,,60,,,,,,,,,,,,,,,,,,,,,,,,,,,,,,,,,,,,,,,,,,
103.2049262090004,unswapping,,,,,,,,,,,,,,,,,,,,,,,,,,,,,,,,,,,,,,,,,,,,,,,4,4,252,256,158,40,3,right,1,19,19,0,4,,,,,60,,,,,,,,,,,,,,,,,,,,,,,,,,,,,,,,,,,,,,,,,,
103.23123937501805,unswapping,,,,,,,,,,,,,,,,,,,,,,,,,,,,,,,,,,,,,,,,,,,,,,,4,4,252,256,158,40,4,both,0,20,20,0,0,,,,,60,,,,,,,,,,,,,,,,,,,,,,,,,,,,,,,,,,,,,,,,,,
103.28289733402198,unswapping,,,,,,,,,,,,,,,,,,,,,,,,,,,,,,,,,,,,,,,,,,,,,,,4,4,240,254,158,40,4,both,1,19,19,1,1,,,,,62,,,,,,,,,,,,,,,,,,,,,,,,,,,,,,,,,,,,,,,,,,
103.29719116701744,unswapping,,,,,,,,,,,,,,,,,,,,,,,,,,,,,,,,,,,,,,,,,,,,,,,4,4,240,254,158,40,4,left,0,20,20,0,1,,,,,62,,,,,,,,,,,,,,,,,,,,,,,,,,,,,,,,,,,,,,,,,,
103.31149108399404,unswapping,,,,,,,,,,,,,,,,,,,,,,,,,,,,,,,,,,,,,,,,,,,,,,,4,4,240,254,158,40,4,left,1,19,19,0,1,,,,,62,,,,,,,,,,,,,,,,,,,,,,,,,,,,,,,,,,,,,,,,,,
103.3254903749912,unswapping,,,,,,,,,,,,,,,,,,,,,,,,,,,,,,,,,,,,,,,,,,,,,,,4,4,240,254,158,40,4,right,0,20,20,0,1,,,,,62,,,,,,,,,,,,,,,,,,,,,,,,,,,,,,,,,,,,,,,,,,
103.33848687499994,unswapping,,,,,,,,,,,,,,,,,,,,,,,,,,,,,,,,,,,,,,,,,,,,,,,4,4,240,254,158,40,4,right,1,19,19,0,1,,,,,62,,,,,,,,,,,,,,,,,,,,,,,,,,,,,,,,,,,,,,,,,,
103.36480995902093,unswapping,,,,,,,,,,,,,,,,,,,,,,,,,,,,,,,,,,,,,,,,,,,,,,,4,4,240,254,158,40,5,both,0,20,20,0,0,,,,,62,,,,,,,,,,,,,,,,,,,,,,,,,,,,,,,,,,,,,,,,,,
103.39090895903064,unswapping,,,,,,,,,,,,,,,,,,,,,,,,,,,,,,,,,,,,,,,,,,,,,,,4,4,240,254,158,40,5,both,1,19,19,0,0,,,,,62,,,,,,,,,,,,,,,,,,,,,,,,,,,,,,,,,,,,,,,,,,
103.40587750001578,unswapping,,,,,,,,,,,,,,,,,,,,,,,,,,,,,,,,,,,,,,,,,,,,,,,4,4,240,254,158,40,5,left,0,20,20,0,0,,,,,62,,,,,,,,,,,,,,,,,,,,,,,,,,,,,,,,,,,,,,,,,,
103.41957741702208,unswapping,,,,,,,,,,,,,,,,,,,,,,,,,,,,,,,,,,,,,,,,,,,,,,,4,4,240,254,158,40,5,left,1,19,19,0,0,,,,,62,,,,,,,,,,,,,,,,,,,,,,,,,,,,,,,,,,,,,,,,,,
103.43492379202507,unswapping,,,,,,,,,,,,,,,,,,,,,,,,,,,,,,,,,,,,,,,,,,,,,,,4,4,240,254,158,40,5,right,0,20,20,0,0,,,,,62,,,,,,,,,,,,,,,,,,,,,,,,,,,,,,,,,,,,,,,,,,
103.52081554202596,unswapping,,,,,,,,,,,,,,,,,,,,,,,,,,,,,,,,,,,,,,,,,,,,,,,4,4,240,254,158,40,5,right,1,19,19,0,0,,,,,62,,,,,,,,,,,,,,,,,,,,,,,,,,,,,,,,,,,,,,,,,,
104.04066954203881,unswap_cycle_summary,,,,,,,,,,,,167,141,308,,,,,,,,,,,,,,,,,,,512,0.0006,,,,,,,,,,,,,4,4,240,254,158,40,,,,,,,,,,,,,,,,,,,,4,8.622204667015467,308,808,500,204,False,,,,,,,,,,,,,,,,,,,,,,,,,,,,
104.55623591702897,rewiring,left,post_unswap,0.5000697919749655,155,False,False,,,,,,,,,,,,,,,,,,,,,,,,,,,,,,,,,,,,,,,,,,,,,,,,,,,,,,,,,,,,,,,,,,4,,,,,,,50,False,204,4,bond_profile,8,False,1,1132,"(14, 2, 13, 8, 25, 735, 144)",0.003300334035884589,0.4967427920200862,"[{'seed': 123, 'score': (14, 2, 13, 8, 41, 750, 158), 'num_layers': 158, 'total_swaps': 750, 'max_layer_swaps': 10, 'swap_only_layers': 41, 'work_layers': 117, 'unitary_layers': 117, 'first_work_layer': 0, 'leading_no_work_layers': 0, 'bond_profile_layers_scored': 8, 'bond_profile_total_cost': 14, 'bond_profile_max_cost': 2, 'bond_profile_gate_count': 13}, {'seed': 1132, 'score': (14, 2, 13, 8, 25, 735, 144), 'num_layers': 144, 'total_swaps': 735, 'max_layer_swaps': 10, 'swap_only_layers': 25, 'work_layers': 119, 'unitary_layers': 119, 'first_work_layer': 0, 'leading_no_work_layers': 0, 'bond_profile_layers_scored': 8, 'bond_profile_total_cost': 14, 'bond_profile_max_cost': 2, 'bond_profile_gate_count': 13}, {'seed': 2141, 'score': (14, 2, 13, 8, 25, 737, 149), 'num_layers': 149, 'total_swaps': 737, 'max_layer_swaps': 10, 'swap_only_layers': 25, 'work_layers': 124, 'unitary_layers': 124, 'first_work_layer': 0, 'leading_no_work_layers': 0, 'bond_profile_layers_scored': 8, 'bond_profile_total_cost': 14, 'bond_profile_max_cost': 2, 'bond_profile_gate_count': 13}, {'seed': 3150, 'score': (14, 2, 13, 8, 31, 744, 158), 'num_layers': 158, 'total_swaps': 744, 'max_layer_swaps': 10, 'swap_only_layers': 31, 'work_layers': 127, 'unitary_layers': 127, 'first_work_layer': 0, 'leading_no_work_layers': 0, 'bond_profile_layers_scored': 8, 'bond_profile_total_cost': 14, 'bond_profile_max_cost': 2, 'bond_profile_gate_count': 13}]",0.5000617500045337,1.119827707996592,,,,,,,,,,,,,
105.17578508402221,rewiring,right,post_unswap,0.6194099169806577,192,False,False,,,,,,,,,,,,,,,,,,,,,,,,,,,,,,,,,,,,,,,,,,,,,,,,,,,,,,,,,,,,,,,,,,4,,,,,,,50,False,204,4,bond_profile,8,False,1,2141,"(22, 4, 15, 8, 42, 800, 179)",0.0036647500237450004,0.6157195839914493,"[{'seed': 123, 'score': (22, 4, 15, 8, 54, 810, 196), 'num_layers': 196, 'total_swaps': 810, 'max_layer_swaps': 9, 'swap_only_layers': 54, 'work_layers': 142, 'unitary_layers': 142, 'first_work_layer': 0, 'leading_no_work_layers': 0, 'bond_profile_layers_scored': 8, 'bond_profile_total_cost': 22, 'bond_profile_max_cost': 4, 'bond_profile_gate_count': 15}, {'seed': 1132, 'score': (22, 4, 15, 8, 47, 805, 180), 'num_layers': 180, 'total_swaps': 805, 'max_layer_swaps': 9, 'swap_only_layers': 47, 'work_layers': 133, 'unitary_layers': 133, 'first_work_layer': 0, 'leading_no_work_layers': 0, 'bond_profile_layers_scored': 8, 'bond_profile_total_cost': 22, 'bond_profile_max_cost': 4, 'bond_profile_gate_count': 15}, {'seed': 2141, 'score': (22, 4, 15, 8, 42, 800, 179), 'num_layers': 179, 'total_swaps': 800, 'max_layer_swaps': 9, 'swap_only_layers': 42, 'work_layers': 137, 'unitary_layers': 137, 'first_work_layer': 0, 'leading_no_work_layers': 0, 'bond_profile_layers_scored': 8, 'bond_profile_total_cost': 22, 'bond_profile_max_cost': 4, 'bond_profile_gate_count': 15}, {'seed': 3150, 'score': (22, 4, 15, 8, 43, 816, 174), 'num_layers': 174, 'total_swaps': 816, 'max_layer_swaps': 9, 'swap_only_layers': 43, 'work_layers': 131, 'unitary_layers': 131, 'first_work_layer': 0, 'leading_no_work_layers': 0, 'bond_profile_layers_scored': 8, 'bond_profile_total_cost': 22, 'bond_profile_max_cost': 4, 'bond_profile_gate_count': 15}]",0.6194021250121295,1.119827707996592,,,,,,,,,,,,,
105.20566687500104,cycle_progress,,,,,,,,,,,,167,141,308,,,,,,,,,,,,,,,,,,,512,0.0006,,6472,0,,,,,,,,,,4,4,240,254,158,40,,,,,,,,,,,,,,,,,,,,4,,308,808,500,204,False,,,,,,,,,,,,,,,1.119827707996592,,,,,,,,,,,,,
105.26740108401282,absorbing,,,,,,,L,1,0,144,179,169,141,310,5,2,2,0.02091087499866262,0.021829208999406546,0.04274008399806917,0.04534904198953882,280,352,4,4,False,False,False,False,280,4,False,512,0.0006,,240,0,bond_l2,"(96, 280)","(138, 352)",1,1,,,,0.0,4,4,280,264,158,40,,,,,,,,,,,,,,,,,,,,,,,,,,,,,,,,,,,,,,,,,,,,,,,,,,,,,,
105.32814691698877,absorbing,,,,,,,R,1,1,144,179,169,145,314,3,4,6,0.019890957977622747,0.021816916996613145,0.04170787497423589,0.042133833980187774,468,368,4,4,False,False,False,False,368,4,False,512,0.0006,,240,0,bond_l2,"(177, 468)","(135, 368)",1,1,,,,0.0,4,4,368,278,158,40,,,,,,,,,,,,,,,,,,,,,,,,,,,,,,,,,,,,,,,,,,,,,,,,,,,,,,
105.386900084035,absorbing,,,,,,,L,2,1,144,179,170,145,315,5,1,7,0.01923854200867936,0.020373790990561247,0.03961233299924061,0.04003466700669378,376,528,4,4,False,False,False,False,376,4,False,512,0.0006,,240,0,bond_l2,"(129, 376)","(177, 528)",1,1,,,,0.0,4,4,376,274,158,40,,,,,,,,,,,,,,,,,,,,,,,,,,,,,,,,,,,,,,,,,,,,,,,,,,,,,,
105.44553854200058,absorbing,,,,,,,R,2,2,144,179,170,147,317,4,2,9,0.020490291994065046,0.019525457988493145,0.04001574998255819,0.04042695800308138,736,352,4,4,False,False,False,False,352,4,False,512,0.0006,,240,0,bond_l2,"(219, 736)","(114, 352)",1,1,,,,0.0,4,4,352,268,158,40,,,,,,,,,,,,,,,,,,,,,,,,,,,,,,,,,,,,,,,,,,,,,,,,,,,,,,
105.50296529202024,absorbing,,,,,,,L,3,2,144,179,172,147,319,6,2,11,0.019973292015492916,0.019051541981752962,0.03902483399724588,0.03944674995727837,556,844,4,16,False,False,False,False,556,4,False,512,0.0006,,240,0,bond_l2,"(174, 556)","(399, 844)",1,1,,,,0.0,4,4,556,292,158,40,,,,,,,,,,,,,,,,,,,,,,,,,,,,,,,,,,,,,,,,,,,,,,,,,,,,,,
105.55823950003833,absorbing,,,,,,,R,3,3,144,179,172,148,320,5,1,12,0.018845041980966926,0.018807708052918315,0.03765275003388524,0.03807399998186156,1084,460,16,4,False,False,False,False,460,4,False,512,0.0006,,240,0,bond_l2,"(459, 1084)","(159, 460)",1,1,,,,0.0,4,4,460,286,158,40,,,,,,,,,,,,,,,,,,,,,,,,,,,,,,,,,,,,,,,,,,,,,,,,,,,,,,
105.61444891704014,absorbing,,,,,,,L,4,3,144,179,173,148,321,5,1,13,0.01923624996561557,0.01892587501788512,0.03816212498350069,0.03859154100064188,496,568,4,4,False,False,False,False,496,4,False,512,0.0006,,240,0,bond_l2,"(159, 496)","(204, 568)",1,1,,,,0.0,4,4,496,286,158,40,,,,,,,,,,,,,,,,,,,,,,,,,,,,,,,,,,,,,,,,,,,,,,,,,,,,,,
105.67003029200714,absorbing,,,,,,,R,4,4,144,179,173,149,322,6,1,14,0.01904054096667096,0.018203290994279087,0.03724383196095005,0.03766691702185199,820,364,4,4,False,False,False,False,364,4,False,512,0.0006,,240,0,bond_l2,"(249, 820)","(144, 364)",1,1,,,,0.0,4,4,364,280,158,40,,,,,,,,,,,,,,,,,,,,,,,,,,,,,,,,,,,,,,,,,,,,,,,,,,,,,,
105.72808804200031,absorbing,,,,,,,R,4,5,144,179,173,151,324,3,2,16,0.019660625024698675,0.020249958033673465,0.03991058305837214,0.04034908296307549,484,424,4,4,False,False,False,False,424,4,False,512,0.0006,,240,0,bond_l2,"(174, 484)","(159, 424)",1,1,,,,0.0,4,4,424,286,158,40,,,,,,,,,,,,,,,,,,,,,,,,,,,,,,,,,,,,,,,,,,,,,,,,,,,,,,
105.78745983401313,absorbing,,,,,,,L,5,5,144,179,174,151,325,5,1,17,0.019915124983526766,0.020598249975591898,0.040513374959118664,0.04095299995969981,340,652,4,4,False,False,False,False,340,4,False,512,0.0006,,240,0,bond_l2,"(129, 340)","(234, 652)",1,1,,,,0.0,4,4,340,274,158,40,,,,,,,,,,,,,,,,,,,,,,,,,,,,,,,,,,,,,,,,,,,,,,,,,,,,,,
105.85141041700263,absorbing,,,,,,,R,5,6,144,179,174,153,327,3,2,19,0.023255750013049692,0.02135241701034829,0.04460816702339798,0.0451802919851616,664,400,4,4,False,False,False,False,400,4,False,512,0.0006,,240,0,bond_l2,"(219, 664)","(144, 400)",1,1,,,,0.0,4,4,400,280,158,40,,,,,,,,,,,,,,,,,,,,,,,,,,,,,,,,,,,,,,,,,,,,,,,,,,,,,,
105.9127023750334,absorbing,,,,,,,L,6,6,144,179,177,153,330,4,3,22,0.02221266698325053,0.020133250043727458,0.042345917026977986,0.042783541954122484,364,628,4,4,False,False,False,False,364,4,False,512,0.0006,,240,0,bond_l2,"(144, 364)","(219, 628)",1,1,,,,0.0,4,4,364,280,158,40,,,,,,,,,,,,,,,,,,,,,,,,,,,,,,,,,,,,,,,,,,,,,,,,,,,,,,
105.97465012501925,absorbing,,,,,,,R,6,7,144,179,177,155,332,3,2,24,0.021257833985146135,0.021534583007451147,0.04279241699259728,0.04325658397283405,1048,292,16,4,False,False,False,False,292,4,False,512,0.0006,,240,0,bond_l2,"(459, 1048)","(99, 292)",1,1,,,,0.0,4,4,292,262,158,40,,,,,,,,,,,,,,,,,,,,,,,,,,,,,,,,,,,,,,,,,,,,,,,,,,,,,,
106.03585812501842,absorbing,,,,,,,L,7,7,144,179,179,155,334,6,2,26,0.021073667041491717,0.02032795804552734,0.041401625087019056,0.041874665999785066,460,532,4,4,False,False,False,False,460,4,False,512,0.0006,,240,0,bond_l2,"(159, 460)","(204, 532)",1,1,,,,0.0,4,4,460,286,158,40,,,,,,,,,,,,,,,,,,,,,,,,,,,,,,,,,,,,,,,,,,,,,,,,,,,,,,
106.0962363750441,absorbing,,,,,,,R,7,8,144,179,179,156,335,6,1,27,0.020089500001631677,0.020057582994922996,0.04014708299655467,0.040659917052835226,844,364,4,4,False,False,False,False,364,4,False,512,0.0006,,240,0,bond_l2,"(264, 844)","(144, 364)",1,1,,,,0.0,4,4,364,280,158,40,,,,,,,,,,,,,,,,,,,,,,,,,,,,,,,,,,,,,,,,,,,,,,,,,,,,,,
106.156564334,absorbing,,,,,,,L,8,8,144,179,180,156,336,7,1,28,0.02025279199006036,0.020705750037450343,0.0409585420275107,0.04139170900452882,388,628,4,4,False,False,False,False,388,4,False,512,0.0006,,240,0,bond_l2,"(159, 388)","(219, 628)",1,1,,,,0.0,4,4,388,286,158,40,,,,,,,,,,,,,,,,,,,,,,,,,,,,,,,,,,,,,,,,,,,,,,,,,,,,,,
106.21747587498976,absorbing,,,,,,,R,8,9,144,179,180,158,338,5,2,30,0.021308666036929935,0.02064208296360448,0.041950749000534415,0.04238687496399507,1288,316,16,4,False,False,False,False,316,4,False,512,0.0006,,240,0,bond_l2,"(519, 1288)","(114, 316)",1,1,,,,0.0,4,4,316,268,158,40,,,,,,,,,,,,,,,,,,,,,,,,,,,,,,,,,,,,,,,,,,,,,,,,,,,,,,
106.27554125001188,absorbing,,,,,,,L,9,9,144,179,182,158,340,5,2,32,0.020652833045460284,0.018188207992352545,0.03884104103781283,0.03946483397157863,544,520,4,4,False,False,False,False,544,4,False,512,0.0006,,240,0,bond_l2,"(189, 544)","(219, 520)",1,1,,,,0.0,4,4,544,298,158,40,,,,,,,,,,,,,,,,,,,,,,,,,,,,,,,,,,,,,,,,,,,,,,,,,,,,,,
106.33521708403714,absorbing,,,,,,,R,9,10,144,179,182,158,340,7,0,32,0.02157770801568404,0.018370083009358495,0.039947791025042534,0.040439417003653944,1288,364,16,4,False,False,False,False,364,4,False,512,0.0006,,240,0,bond_l2,"(519, 1288)","(144, 364)",1,1,,,,0.0,4,4,364,280,158,40,,,,,,,,,,,,,,,,,,,,,,,,,,,,,,,,,,,,,,,,,,,,,,,,,,,,,,
106.39413520903327,absorbing,,,,,,,L,10,10,144,179,184,158,342,7,2,34,0.020805792009923607,0.019568542018532753,0.04037433402845636,0.04082579101668671,544,568,4,4,False,False,False,False,544,4,False,512,0.0006,,240,0,bond_l2,"(189, 544)","(204, 568)",1,1,,,,0.0,4,4,544,298,158,40,,,,,,,,,,,,,,,,,,,,,,,,,,,,,,,,,,,,,,,,,,,,,,,,,,,,,,
106.45312729204306,absorbing,,,,,,,R,10,11,144,179,184,160,344,6,2,36,0.020484916982240975,0.019549665972590446,0.04003458295483142,0.04048141703242436,988,388,4,4,False,False,False,False,388,4,False,512,0.0006,,240,0,bond_l2,"(309, 988)","(159, 388)",1,1,,,,0.0,4,4,388,286,158,40,,,,,,,,,,,,,,,,,,,,,,,,,,,,,,,,,,,,,,,,,,,,,,,,,,,,,,
106.51412108400837,absorbing,,,,,,,L,11,11,144,179,185,160,345,8,1,37,0.020233958959579468,0.02058850001776591,0.04082245897734538,0.0412570420303382,508,652,4,4,False,False,False,False,508,4,False,512,0.0006,,240,0,bond_l2,"(189, 508)","(234, 652)",1,1,,,,0.0,4,4,508,298,158,40,,,,,,,,,,,,,,,,,,,,,,,,,,,,,,,,,,,,,,,,,,,,,,,,,,,,,,
106.57410349999554,absorbing,,,,,,,R,11,12,144,179,185,162,347,7,2,39,0.020614499982912093,0.019692333007697016,0.04030683299060911,0.04080358298961073,812,364,4,4,False,False,False,False,364,4,False,512,0.0006,,240,0,bond_l2,"(270, 812)","(144, 364)",1,1,,,,0.0,4,4,364,280,158,40,,,,,,,,,,,,,,,,,,,,,,,,,,,,,,,,,,,,,,,,,,,,,,,,,,,,,,
106.63160879199859,absorbing,,,,,,,L,12,12,144,179,186,162,348,7,1,40,0.018564042053185403,0.019956958014518023,0.038521000067703426,0.03893362497910857,508,748,4,4,False,False,False,False,508,4,False,512,0.0006,,240,0,bond_l2,"(189, 508)","(249, 748)",1,1,,,,0.0,4,4,508,298,158,40,,,,,,,,,,,,,,,,,,,,,,,,,,,,,,,,,,,,,,,,,,,,,,,,,,,,,,
106.70878004201222,absorbing,,,,,,,R,12,13,144,179,186,164,350,7,2,42,0.02815066702896729,0.02732679102336988,0.05547745805233717,0.056666415999643505,988,448,4,4,False,False,False,False,448,4,False,512,0.0006,,240,0,bond_l2,"(309, 988)","(174, 448)",1,1,,,,0.0,4,4,448,292,158,40,,,,,,,,,,,,,,,,,,,,,,,,,,,,,,,,,,,,,,,,,,,,,,,,,,,,,,
106.77431787503883,absorbing,,,,,,,L,13,13,144,179,188,164,352,5,2,44,0.0222830839920789,0.019585917005315423,0.04186900099739432,0.042430249974131584,676,712,4,4,False,False,False,False,676,4,False,512,0.0006,,240,0,bond_l2,"(249, 676)","(249, 712)",1,1,,,,0.0,4,4,676,322,158,40,,,,,,,,,,,,,,,,,,,,,,,,,,,,,,,,,,,,,,,,,,,,,,,,,,,,,,
106.83564337500138,absorbing,,,,,,,R,13,14,144,179,188,165,353,6,1,45,0.022867584018968046,0.019028332957532257,0.0418959169765003,0.04232200002297759,1816,604,16,4,False,False,False,False,604,4,False,512,0.0006,,240,0,bond_l2,"(804, 1816)","(204, 604)",1,1,,,,0.0,4,4,604,304,158,40,,,,,,,,,,,,,,,,,,,,,,,,,,,,,,,,,,,,,,,,,,,,,,,,,,,,,,
106.89669225004036,absorbing,,,,,,,R,13,15,144,179,188,166,354,6,1,46,0.02301183302188292,0.019109084038063884,0.042120917059946805,0.04251841700170189,964,652,4,4,False,False,False,False,652,4,False,512,0.0006,,240,0,bond_l2,"(294, 964)","(234, 652)",1,1,,,,0.0,4,4,652,316,158,40,,,,,,,,,,,,,,,,,,,,,,,,,,,,,,,,,,,,,,,,,,,,,,,,,,,,,,
106.95881754200673,absorbing,,,,,,,L,14,15,144,179,192,166,358,6,4,50,0.021954541967716068,0.021730000036768615,0.04368454200448468,0.044096583034843206,712,1048,4,4,False,False,False,False,712,4,False,512,0.0006,,240,0,bond_l2,"(249, 712)","(324, 1048)",1,1,,,,0.0,4,4,712,322,158,40,,,,,,,,,,,,,,,,,,,,,,,,,,,,,,,,,,,,,,,,,,,,,,,,,,,,,,
107.02100866701221,absorbing,,,,,,,R,14,16,144,179,192,170,362,4,4,54,0.020742958004120737,0.021714082977268845,0.04245704098138958,0.042968375026248395,796,748,4,4,False,False,False,False,748,4,False,512,0.0006,,240,0,bond_l2,"(279, 796)","(249, 748)",1,1,,,,0.0,4,4,748,322,158,40,,,,,,,,,,,,,,,,,,,,,,,,,,,,,,,,,,,,,,,,,,,,,,,,,,,,,,
107.08841166703496,absorbing,,,,,,,L,15,16,144,179,194,170,364,5,2,56,0.026021750003565103,0.019905292021576315,0.04592704202514142,0.04637716698925942,568,1012,4,4,False,False,False,False,568,4,False,512,0.0006,,240,0,bond_l2,"(204, 568)","(324, 1012)",1,1,,,,0.0,4,4,568,304,158,40,,,,,,,,,,,,,,,,,,,,,,,,,,,,,,,,,,,,,,,,,,,,,,,,,,,,,,
107.14774883404607,absorbing,,,,,,,L,16,16,144,179,195,170,365,5,1,57,0.019550625002011657,0.01982808398315683,0.03937870898516849,0.039846999978180975,712,760,4,4,False,False,False,False,712,4,False,512,0.0006,,240,0,bond_l2,"(249, 712)","(279, 760)",1,1,,,,0.0,4,4,712,322,158,40,,,,,,,,,,,,,,,,,,,,,,,,,,,,,,,,,,,,,,,,,,,,,,,,,,,,,,
107.20774341700599,absorbing,,,,,,,R,16,17,144,179,195,172,367,4,2,59,0.01921362499706447,0.021285208989866078,0.04049883398693055,0.04092570801731199,1312,688,16,4,False,False,False,False,688,4,False,512,0.0006,,240,0,bond_l2,"(534, 1312)","(234, 688)",1,1,,,,0.0,4,4,688,316,158,40,,,,,,,,,,,,,,,,,,,,,,,,,,,,,,,,,,,,,,,,,,,,,,,,,,,,,,
107.26498375000665,absorbing,,,,,,,R,16,18,144,179,195,172,367,5,0,59,0.018997333012521267,0.018102207977790385,0.03709954099031165,0.03758479200769216,1252,1156,16,16,False,False,False,False,1156,16,False,512,0.0006,,240,0,bond_l2,"(519, 1252)","(504, 1156)",1,1,,,,0.0,16,4,1156,352,158,40,,,,,,,,,,,,,,,,,,,,,,,,,,,,,,,,,,,,,,,,,,,,,,,,,,,,,,
107.32541470899014,absorbing,,,,,,,L,17,18,144,179,196,172,368,6,1,60,0.019671291986014694,0.02076575002865866,0.04043704201467335,0.040869290998671204,928,2272,4,16,False,False,False,False,928,4,False,512,0.0006,,240,0,bond_l2,"(294, 928)","(774, 2272)",1,1,,,,0.0,4,4,928,340,158,40,,,,,,,,,,,,,,,,,,,,,,,,,,,,,,,,,,,,,,,,,,,,,,,,,,,,,,
107.38657583401073,absorbing,,,,,,,L,18,18,144,179,196,172,368,5,0,60,0.02000150003004819,0.020843082980718464,0.040844583010766655,0.041350790997967124,1312,1432,16,16,False,False,False,False,1312,16,False,512,0.0006,,240,0,bond_l2,"(534, 1312)","(564, 1432)",1,1,,,,0.0,16,4,1312,364,158,40,,,,,,,,,,,,,,,,,,,,,,,,,,,,,,,,,,,,,,,,,,,,,,,,,,,,,,
107.45007066702237,absorbing,,,,,,,R,18,19,144,179,196,174,370,6,2,62,0.020238541008438915,0.022083958028815687,0.0423224990372546,0.0428250830154866,3292,988,16,4,False,False,False,False,988,4,False,512,0.0006,,240,0,bond_l2,"(1029, 3292)","(309, 988)",1,1,,,,0.0,4,4,988,346,158,40,,,,,,,,,,,,,,,,,,,,,,,,,,,,,,,,,,,,,,,,,,,,,,,,,,,,,,
107.51264991704375,absorbing,,,,,,,R,18,20,144,179,196,175,371,6,1,63,0.021145042032003403,0.019661333004478365,0.04080637503648177,0.04122454102616757,1672,1128,16,4,False,False,False,False,1128,4,False,512,0.0006,,240,0,bond_l2,"(759, 1672)","(342, 1128)",1,1,,,,0.0,4,4,1128,360,158,40,,,,,,,,,,,,,,,,,,,,,,,,,,,,,,,,,,,,,,,,,,,,,,,,,,,,,,
107.5799121670425,absorbing,,,,,,,L,19,20,144,179,197,175,372,5,1,64,0.02243975002784282,0.021979459037538618,0.04441920906538144,0.04524724994553253,1012,1164,4,4,False,False,False,False,1012,4,False,512,0.0006,,240,0,bond_l2,"(324, 1012)","(357, 1164)",1,1,,,,0.0,4,4,1012,352,158,40,,,,,,,,,,,,,,,,,,,,,,,,,,,,,,,,,,,,,,,,,,,,,,,,,,,,,,
107.64386791700963,absorbing,,,,,,,R,19,21,144,179,197,177,374,5,2,66,0.020071125007234514,0.020434000005479902,0.040505125012714416,0.04096716700587422,1792,1132,16,4,False,False,False,False,1132,4,False,512,0.0006,,240,0,bond_l2,"(789, 1792)","(354, 1132)",1,1,,,,0.0,4,4,1132,364,158,40,,,,,,,,,,,,,,,,,,,,,,,,,,,,,,,,,,,,,,,,,,,,,,,,,,,,,,
107.70312775002094,absorbing,,,,,,,L,20,21,144,179,198,177,375,5,1,67,0.02013199997600168,0.01804241701029241,0.03817441698629409,0.03866858396213502,1012,1648,4,16,False,False,False,False,1012,4,False,512,0.0006,,240,0,bond_l2,"(324, 1012)","(609, 1648)",1,1,,,,0.0,4,4,1012,352,158,40,,,,,,,,,,,,,,,,,,,,,,,,,,,,,,,,,,,,,,,,,,,,,,,,,,,,,,
107.76471954199951,absorbing,,,,,,,L,21,21,144,179,201,177,378,3,3,70,0.023275166982784867,0.01806179096456617,0.04133695794735104,0.04181408300064504,1192,1432,16,16,False,False,False,False,1192,16,False,512,0.0006,,240,0,bond_l2,"(504, 1192)","(564, 1432)",1,1,,,,0.0,16,4,1192,352,158,40,,,,,,,,,,,,,,,,,,,,,,,,,,,,,,,,,,,,,,,,,,,,,,,,,,,,,,
107.82525300001726,absorbing,,,,,,,R,21,22,144,179,201,177,378,7,0,70,0.021314249956049025,0.018406125018373132,0.03972037497442216,0.04019537498243153,2608,1096,16,16,False,False,False,False,1096,16,False,512,0.0006,,240,0,bond_l2,"(984, 2608)","(489, 1096)",1,1,,,,0.0,16,4,1096,346,158,40,,,,,,,,,,,,,,,,,,,,,,,,,,,,,,,,,,,,,,,,,,,,,,,,,,,,,,
107.88713229203131,absorbing,,,,,,,R,21,23,144,179,201,178,379,7,1,71,0.02254475001245737,0.018666916992515326,0.041211667004972696,0.04166758403880522,2476,1312,16,16,False,False,False,False,1312,16,False,512,0.0006,,240,0,bond_l2,"(969, 2476)","(534, 1312)",1,1,,,,0.0,16,4,1312,364,158,40,,,,,,,,,,,,,,,,,,,,,,,,,,,,,,,,,,,,,,,,,,,,,,,,,,,,,,
107.94995341700269,absorbing,,,,,,,L,22,23,144,179,202,178,380,5,1,72,0.02247899997746572,0.0201258750166744,0.04260487499414012,0.04309724998893216,1252,2872,16,16,False,False,False,False,1252,16,False,512,0.0006,,240,0,bond_l2,"(519, 1252)","(1059, 2872)",1,1,,,,0.0,16,4,1252,358,158,40,,,,,,,,,,,,,,,,,,,,,,,,,,,,,,,,,,,,,,,,,,,,,,,,,,,,,,
108.0123987920233,absorbing,,,,,,,L,23,23,144,179,203,178,381,8,1,73,0.02063387504313141,0.020578333002049476,0.04121220804518089,0.04169108299538493,1168,1528,16,16,False,False,False,False,1168,16,False,512,0.0006,,240,0,bond_l2,"(489, 1168)","(579, 1528)",1,1,,,,0.0,16,4,1168,346,158,40,,,,,,,,,,,,,,,,,,,,,,,,,,,,,,,,,,,,,,,,,,,,,,,,,,,,,,
108.0762731670402,absorbing,,,,,,,R,23,24,144,179,203,180,383,6,2,75,0.021242459013592452,0.021932333009317517,0.04317479202290997,0.04364404099760577,2596,928,16,4,False,False,False,False,928,4,False,512,0.0006,,240,0,bond_l2,"(999, 2596)","(294, 928)",1,1,,,,0.0,4,4,928,340,158,40,,,,,,,,,,,,,,,,,,,,,,,,,,,,,,,,,,,,,,,,,,,,,,,,,,,,,,
108.14138791704318,absorbing,,,,,,,L,24,24,144,179,205,180,385,4,2,77,0.0221832919633016,0.02226404199609533,0.04444733395939693,0.04492179199587554,1612,1912,16,16,False,False,False,False,1612,16,False,512,0.0006,,240,0,bond_l2,"(744, 1612)","(819, 1912)",1,1,,,,0.0,16,4,1612,376,158,40,,,,,,,,,,,,,,,,,,,,,,,,,,,,,,,,,,,,,,,,,,,,,,,,,,,,,,
108.20745166699635,absorbing,,,,,,,R,24,25,144,179,205,183,388,3,3,80,0.02151537500321865,0.02190545800840482,0.04342083301162347,0.04414149996591732,1552,1024,16,4,False,False,False,False,1024,4,False,512,0.0006,,240,0,bond_l2,"(729, 1552)","(309, 1024)",1,1,,,,0.0,4,4,1024,346,158,40,,,,,,,,,,,,,,,,,,,,,,,,,,,,,,,,,,,,,,,,,,,,,,,,,,,,,,
108.26577808399452,absorbing,,,,,,,L,25,25,144,179,205,183,388,6,0,80,0.01818187499884516,0.01947699999436736,0.03765887499321252,0.03812833299161866,880,1468,4,16,False,False,False,False,880,4,False,512,0.0006,,240,0,bond_l2,"(264, 880)","(564, 1468)",1,1,,,,0.0,4,4,880,328,158,40,,,,,,,,,,,,,,,,,,,,,,,,,,,,,,,,,,,,,,,,,,,,,,,,,,,,,,
108.33190483401995,absorbing,,,,,,,R,25,26,144,179,205,184,389,5,1,81,0.024175083031877875,0.019744165998417884,0.04391924903029576,0.04440787498606369,1288,1228,16,16,False,False,False,False,1228,16,False,512,0.0006,,240,0,bond_l2,"(519, 1288)","(504, 1228)",1,1,,,,0.0,16,4,1228,352,158,40,,,,,,,,,,,,,,,,,,,,,,,,,,,,,,,,,,,,,,,,,,,,,,,,,,,,,,
108.39612079202197,absorbing,,,,,,,L,26,26,144,179,208,184,392,5,3,84,0.02294554194668308,0.019854332960676402,0.04279987490735948,0.043263500032480806,760,2368,4,16,False,False,False,False,760,4,False,512,0.0006,,240,0,bond_l2,"(234, 760)","(789, 2368)",1,1,,,,0.0,4,4,760,316,158,40,,,,,,,,,,,,,,,,,,,,,,,,,,,,,,,,,,,,,,,,,,,,,,,,,,,,,,
108.62070062500425,absorbing,,,,,,,R,26,27,144,179,208,186,394,5,2,86,0.18346645799465477,0.019068332971073687,0.20253479096572846,0.2030788330012001,1732,1192,16,16,False,False,False,False,1192,16,False,512,0.0006,,240,0,bond_l2,"(774, 1732)","(504, 1192)",1,1,,,,0.0,16,4,1192,352,158,40,,,,,,,,,,,,,,,,,,,,,,,,,,,,,,,,,,,,,,,,,,,,,,,,,,,,,,
108.68893287499668,absorbing,,,,,,,L,27,27,144,179,209,186,395,10,1,87,0.020385957963299006,0.019795334024820477,0.04018129198811948,0.04065829102182761,1348,1504,16,16,False,False,False,False,1348,16,False,512,0.0006,,240,0,bond_l2,"(534, 1348)","(564, 1504)",1,1,,,,0.0,16,4,1348,364,158,40,,,,,,,,,,,,,,,,,,,,,,,,,,,,,,,,,,,,,,,,,,,,,,,,,,,,,,
108.7647683339892,absorbing,,,,,,,R,27,28,144,179,209,187,396,6,1,88,0.03247875004308298,0.01880283298669383,0.05128158302977681,0.051728209014981985,3448,1852,16,16,False,False,False,False,1852,16,False,512,0.0006,,240,0,bond_l2,"(1329, 3448)","(804, 1852)",1,1,,,,0.0,16,4,1852,400,158,40,,,,,,,,,,,,,,,,,,,,,,,,,,,,,,,,,,,,,,,,,,,,,,,,,,,,,,
108.8327755840146,absorbing,,,,,,,R,27,29,144,179,209,188,397,9,1,89,0.024388874997384846,0.022754082980100065,0.04714295797748491,0.04758041602326557,4276,3340,16,16,False,False,False,False,3340,16,False,512,0.0006,,240,0,bond_l2,"(1554, 4276)","(1329, 3340)",1,1,,,,0.0,16,4,3340,466,158,40,,,,,,,,,,,,,,,,,,,,,,,,,,,,,,,,,,,,,,,,,,,,,,,,,,,,,,
108.91098525002599,absorbing,,,,,,,L,28,29,144,179,212,188,400,8,3,92,0.03159287496237084,0.024608290987089276,0.05620116594946012,0.05668966699158773,5932,6400,16,16,False,False,False,False,5932,16,False,512,0.0006,,240,0,bond_l2,"(1824, 5932)","(2094, 6400)",1,1,,,,0.0,16,4,5932,520,158,40,,,,,,,,,,,,,,,,,,,,,,,,,,,,,,,,,,,,,,,,,,,,,,,,,,,,,,
108.98832312499871,absorbing,,,,,,,L,29,29,144,179,217,188,405,9,5,97,0.02951049996772781,0.02640341699589044,0.05591391696361825,0.05636575003154576,6928,6844,16,16,False,False,False,False,6928,16,False,512,0.0006,,240,0,bond_l2,"(2064, 6928)","(2349, 6844)",1,1,,,,0.0,16,4,6928,544,158,40,,,,,,,,,,,,,,,,,,,,,,,,,,,,,,,,,,,,,,,,,,,,,,,,,,,,,,
109.07252250000602,absorbing,,,,,,,R,29,30,144,179,217,193,410,3,5,102,0.03134045796468854,0.030362749996129423,0.06170320796081796,0.06217766698682681,14176,6964,64,16,False,False,False,False,6964,16,False,512,0.0006,,240,0,bond_l2,"(6189, 14176)","(2064, 6964)",1,1,,,,0.0,16,4,6964,544,158,40,,,,,,,,,,,,,,,,,,,,,,,,,,,,,,,,,,,,,,,,,,,,,,,,,,,,,,
109.15818912500981,absorbing,,,,,,,R,29,31,144,179,217,196,413,6,3,105,0.033962958957999945,0.029958790983073413,0.06392174994107336,0.06441654195077717,13132,5608,64,16,False,False,False,False,5608,16,False,512,0.0006,,240,0,bond_l2,"(5919, 13132)","(1869, 5608)",1,1,,,,0.0,16,4,5608,538,158,40,,,,,,,,,,,,,,,,,,,,,,,,,,,,,,,,,,,,,,,,,,,,,,,,,,,,,,
109.23784112499561,absorbing,,,,,,,L,30,31,144,179,218,196,414,9,1,106,0.03429604199482128,0.022252874972764403,0.05654891696758568,0.058181250002235174,7000,5536,16,16,False,False,False,False,7000,16,False,512,0.0006,,240,0,bond_l2,"(2064, 7000)","(2139, 5536)",1,1,,,,0.0,16,4,7000,544,158,40,,,,,,,,,,,,,,,,,,,,,,,,,,,,,,,,,,,,,,,,,,,,,,,,,,,,,,
109.31454816699261,absorbing,,,,,,,L,31,31,144,179,219,196,415,9,1,107,0.03033224999671802,0.023746584018226713,0.05407883401494473,0.05470404197694734,5920,5584,16,16,False,False,False,False,5920,16,False,512,0.0006,,240,0,bond_l2,"(1794, 5920)","(1854, 5584)",1,1,,,,0.0,16,4,5920,508,158,40,,,,,,,,,,,,,,,,,,,,,,,,,,,,,,,,,,,,,,,,,,,,,,,,,,,,,,
109.3908842090168,absorbing,,,,,,,R,31,32,144,179,219,196,415,7,0,107,0.029281291994266212,0.02375662501435727,0.05303791700862348,0.0535870420280844,5812,4084,16,16,False,False,False,False,4084,16,False,512,0.0006,,240,0,bond_l2,"(2064, 5812)","(1344, 4084)",1,1,,,,0.0,16,4,4084,472,158,40,,,,,,,,,,,,,,,,,,,,,,,,,,,,,,,,,,,,,,,,,,,,,,,,,,,,,,
109.46298833400942,absorbing,,,,,,,R,31,33,144,179,219,196,415,6,0,107,0.025791708030737936,0.022926334000658244,0.04871804203139618,0.04918970901053399,4348,2860,16,16,False,False,False,False,2860,16,False,512,0.0006,,240,0,bond_l2,"(1554, 4348)","(894, 2860)",1,1,,,,0.0,16,4,2860,436,158,40,,,,,,,,,,,,,,,,,,,,,,,,,,,,,,,,,,,,,,,,,,,,,,,,,,,,,,
109.53236441704212,absorbing,,,,,,,R,31,34,144,179,219,197,416,5,1,108,0.023467125021852553,0.02339120802935213,0.04685833305120468,0.04737587500130758,4240,3364,16,16,False,False,False,False,3364,16,False,512,0.0006,,240,0,bond_l2,"(1554, 4240)","(1164, 3364)",1,1,,,,0.0,16,4,3364,472,158,40,,,,,,,,,,,,,,,,,,,,,,,,,,,,,,,,,,,,,,,,,,,,,,,,,,,,,,
109.60166837502038,absorbing,,,,,,,R,31,35,144,179,219,199,418,3,2,110,0.024750916985794902,0.021997040952555835,0.04674795793835074,0.04721379198599607,4312,2884,16,16,False,False,False,False,2884,16,False,512,0.0006,,240,0,bond_l2,"(1554, 4312)","(1179, 2884)",1,1,,,,0.0,16,4,2884,478,158,40,,,,,,,,,,,,,,,,,,,,,,,,,,,,,,,,,,,,,,,,,,,,,,,,,,,,,,
109.66958700004034,absorbing,,,,,,,R,31,36,144,179,219,201,420,3,2,112,0.024208624963648617,0.020939750014804304,0.04514837497845292,0.04563554102787748,3112,3076,16,16,False,False,False,False,3076,16,False,512,0.0006,,240,0,bond_l2,"(1119, 3112)","(939, 3076)",1,1,,,,0.0,16,4,3076,454,158,40,,,,,,,,,,,,,,,,,,,,,,,,,,,,,,,,,,,,,,,,,,,,,,,,,,,,,,
109.74042162502883,absorbing,,,,,,,L,32,36,144,179,222,201,423,8,3,115,0.027330749959219247,0.021235083986539394,0.04856583394575864,0.04901379102375358,2152,2980,16,16,False,False,False,False,2152,16,False,512,0.0006,,240,0,bond_l2,"(879, 2152)","(924, 2980)",1,1,,,,0.0,16,4,2152,430,158,40,,,,,,,,,,,,,,,,,,,,,,,,,,,,,,,,,,,,,,,,,,,,,,,,,,,,,,
109.80525516701164,absorbing,,,,,,,R,32,37,144,179,222,202,424,5,1,116,0.020806874963454902,0.020412832964211702,0.041219707927666605,0.04171120800310746,4752,1768,16,16,False,False,False,False,1768,16,False,512,0.0006,,240,0,bond_l2,"(1509, 4752)","(639, 1768)",1,1,,,,0.0,16,4,1768,406,158,40,,,,,,,,,,,,,,,,,,,,,,,,,,,,,,,,,,,,,,,,,,,,,,,,,,,,,,
109.86768141703214,absorbing,,,,,,,R,32,38,144,179,222,203,425,6,1,117,0.021332875010557473,0.019417000003159046,0.04074987501371652,0.04117479099659249,3756,2152,16,16,False,False,False,False,2152,16,False,512,0.0006,,240,0,bond_l2,"(1269, 3756)","(879, 2152)",1,1,,,,0.0,16,4,2152,430,158,40,,,,,,,,,,,,,,,,,,,,,,,,,,,,,,,,,,,,,,,,,,,,,,,,,,,,,,
109.93851150001865,absorbing,,,,,,,R,32,39,144,179,222,206,428,5,3,120,0.02425625000614673,0.022353624983225018,0.04660987498937175,0.04709254199406132,3372,3148,16,16,False,False,False,False,3148,16,False,512,0.0006,,240,0,bond_l2,"(1284, 3372)","(1119, 3148)",1,1,,,,0.0,16,4,3148,454,158,40,,,,,,,,,,,,,,,,,,,,,,,,,,,,,,,,,,,,,,,,,,,,,,,,,,,,,,
110.0068557090126,absorbing,,,,,,,R,32,40,144,179,222,208,430,7,2,122,0.023003541980870068,0.022709584038238972,0.04571312601910904,0.04618099995423108,4036,3612,16,16,False,False,False,False,3612,16,False,512,0.0006,,240,0,bond_l2,"(1359, 4036)","(1352, 3612)",1,1,,,,0.0,16,4,3612,496,158,40,,,,,,,,,,,,,,,,,,,,,,,,,,,,,,,,,,,,,,,,,,,,,,,,,,,,,,
110.0907024590415,absorbing,,,,,,,L,33,40,144,179,224,208,432,10,2,124,0.025704832980409265,0.02705995802534744,0.052764791005756706,0.05322316597448662,3340,4384,16,16,False,False,False,False,3340,16,False,512,0.0006,,240,0,bond_l2,"(1255, 3340)","(1429, 4384)",1,1,,,,0.0,16,4,3340,474,158,40,,,,,,,,,,,,,,,,,,,,,,,,,,,,,,,,,,,,,,,,,,,,,,,,,,,,,,
110.16504508402431,absorbing,,,,,,,L,34,40,144,179,229,208,437,5,5,129,0.025437749980483204,0.025577292020898312,0.051015042001381516,0.05142887501278892,2852,3160,16,16,False,False,False,False,2852,16,False,512,0.0006,,240,0,bond_l2,"(1052, 2852)","(1309, 3160)",1,1,,,,0.0,16,4,2852,428,158,40,,,,,,,,,,,,,,,,,,,,,,,,,,,,,,,,,,,,,,,,,,,,,,,,,,,,,,
110.26414316700539,absorbing,,,,,,,R,34,41,144,179,229,212,441,4,4,133,0.04767574998550117,0.02679141698172316,0.07446716696722433,0.07492295798147097,2412,2608,16,16,False,False,False,False,2608,16,False,512,0.0006,,240,0,bond_l2,"(1108, 2412)","(1085, 2608)",1,1,,,,0.0,16,4,2608,430,158,40,,,,,,,,,,,,,,,,,,,,,,,,,,,,,,,,,,,,,,,,,,,,,,,,,,,,,,
110.33451937499922,absorbing,,,,,,,L,35,41,144,179,233,212,445,5,4,137,0.02623495797161013,0.022234915988519788,0.04846987396012992,0.04891008295817301,2476,4196,16,16,False,False,False,False,2476,16,False,512,0.0006,,240,0,bond_l2,"(1090, 2476)","(1532, 4196)",1,1,,,,0.0,16,4,2476,444,158,40,,,,,,,,,,,,,,,,,,,,,,,,,,,,,,,,,,,,,,,,,,,,,,,,,,,,,,
110.39834495901596,absorbing,,,,,,,R,35,42,144,179,233,213,446,6,1,138,0.021579416992608458,0.02021124999737367,0.04179066698998213,0.04229637497337535,3580,2296,16,16,False,False,False,False,2296,16,False,512,0.0006,,240,0,bond_l2,"(1375, 3580)","(1045, 2296)",1,1,,,,0.0,16,4,2296,426,158,40,,,,,,,,,,,,,,,,,,,,,,,,,,,,,,,,,,,,,,,,,,,,,,,,,,,,,,
110.46267416700721,absorbing,,,,,,,R,35,43,144,179,233,215,448,5,2,140,0.02081262500723824,0.021393375005573034,0.04220600001281127,0.042725417006295174,3328,2872,16,16,False,False,False,False,2872,16,False,512,0.0006,,240,0,bond_l2,"(1330, 3328)","(1045, 2872)",1,1,,,,0.0,16,4,2872,426,158,40,,,,,,,,,,,,,,,,,,,,,,,,,,,,,,,,,,,,,,,,,,,,,,,,,,,,,,
110.53304437501356,absorbing,,,,,,,R,35,44,144,179,233,218,451,3,3,143,0.02161187498131767,0.026032374997157604,0.04764424997847527,0.04813025001203641,3196,3112,16,16,False,False,False,False,3112,16,False,512,0.0006,,240,0,bond_l2,"(1270, 3196)","(1105, 3112)",1,1,,,,0.0,16,4,3112,450,158,40,,,,,,,,,,,,,,,,,,,,,,,,,,,,,,,,,,,,,,,,,,,,,,,,,,,,,,
110.60089220904047,absorbing,,,,,,,L,36,44,144,179,234,218,452,9,1,144,0.02252041600877419,0.022365833050571382,0.04488624905934557,0.04540145897772163,3244,4960,16,16,False,False,False,False,3244,16,False,512,0.0006,,240,0,bond_l2,"(1300, 3244)","(1855, 4960)",1,1,,,,0.0,16,4,3244,456,158,40,,,,,,,,,,,,,,,,,,,,,,,,,,,,,,,,,,,,,,,,,,,,,,,,,,,,,,
110.68228816700866,absorbing,,,,,,,L,37,44,144,179,238,218,456,4,4,148,0.03430424997350201,0.022598415962420404,0.056902665935922414,0.05768283299403265,2652,5356,16,16,False,False,False,False,2652,16,False,512,0.0006,,240,0,bond_l2,"(1002, 2652)","(1810, 5356)",1,1,,,,0.0,16,4,2652,408,158,40,,,,,,,,,,,,,,,,,,,,,,,,,,,,,,,,,,,,,,,,,,,,,,,,,,,,,,
110.75616812502267,absorbing,,,,,,,L,38,44,144,179,242,218,460,7,4,152,0.027594125014729798,0.022057624999433756,0.049651750014163554,0.050375041959341615,2540,4020,16,16,False,False,False,False,2540,16,False,512,0.0006,,240,0,bond_l2,"(975, 2540)","(1497, 4020)",1,1,,,,0.0,16,4,2540,398,158,40,,,,,,,,,,,,,,,,,,,,,,,,,,,,,,,,,,,,,,,,,,,,,,,,,,,,,,
110.82585100003053,absorbing,,,,,,,L,39,44,144,179,244,218,462,4,2,154,0.02235879102954641,0.023895957972854376,0.046254749002400786,0.046771334018558264,2828,3492,16,16,False,False,False,False,2828,16,False,512,0.0006,,240,0,bond_l2,"(1038, 2828)","(1212, 3492)",1,1,,,,0.0,16,4,2828,424,158,40,,,,,,,,,,,,,,,,,,,,,,,,,,,,,,,,,,,,,,,,,,,,,,,,,,,,,,
110.89623137499439,absorbing,,,,,,,L,40,44,144,179,246,218,464,5,2,156,0.022675042040646076,0.02179666596930474,0.04447170800995082,0.04504108399851248,3092,3576,16,16,False,False,False,False,3092,16,False,512,0.0006,,240,0,bond_l2,"(1113, 3092)","(1245, 3576)",1,1,,,,0.0,16,4,3092,454,158,40,,,,,,,,,,,,,,,,,,,,,,,,,,,,,,,,,,,,,,,,,,,,,,,,,,,,,,
110.9671078750398,absorbing,,,,,,,R,40,45,144,179,246,220,466,6,2,158,0.024607708968687803,0.02243983297375962,0.047047541942447424,0.04754983296152204,4760,3792,16,16,False,False,False,False,3792,16,False,512,0.0006,,240,0,bond_l2,"(1653, 4760)","(1290, 3792)",1,1,,,,0.0,16,4,3792,452,158,40,,,,,,,,,,,,,,,,,,,,,,,,,,,,,,,,,,,,,,,,,,,,,,,,,,,,,,
111.04149100003997,absorbing,,,,,,,R,40,46,144,179,246,221,467,7,1,159,0.027316999970935285,0.02344499999890104,0.050761999969836324,0.051252499979455024,4104,3792,16,16,False,False,False,False,3792,16,False,512,0.0006,,240,0,bond_l2,"(1365, 4104)","(1290, 3792)",1,1,,,,0.0,16,4,3792,452,158,40,,,,,,,,,,,,,,,,,,,,,,,,,,,,,,,,,,,,,,,,,,,,,,,,,,,,,,
111.1140592090087,absorbing,,,,,,,L,41,46,144,179,249,221,470,5,3,162,0.026775042002554983,0.02025649999268353,0.04703154199523851,0.04750745894853026,4020,5136,16,16,False,False,False,False,4020,16,False,512,0.0006,,240,0,bond_l2,"(1335, 4020)","(1770, 5136)",1,1,,,,0.0,16,4,4020,470,158,40,,,,,,,,,,,,,,,,,,,,,,,,,,,,,,,,,,,,,,,,,,,,,,,,,,,,,,
111.18212679203134,absorbing,,,,,,,L,42,46,144,179,252,221,473,4,3,165,0.02392966696061194,0.021145417005755007,0.04507508396636695,0.04563195799710229,4296,5352,16,16,False,False,False,False,4296,16,False,512,0.0006,,240,0,bond_l2,"(1395, 4296)","(1830, 5352)",1,1,,,,0.0,16,4,4296,494,158,40,,,,,,,,,,,,,,,,,,,,,,,,,,,,,,,,,,,,,,,,,,,,,,,,,,,,,,
111.24521962500876,absorbing,,,,,,,R,42,47,144,179,252,222,474,6,1,166,0.020497124991379678,0.01999000000068918,0.04048712499206886,0.04091120802331716,5708,4200,16,16,False,False,False,False,4200,16,False,512,0.0006,,240,0,bond_l2,"(1904, 5708)","(1380, 4200)",1,1,,,,0.0,16,4,4200,488,158,40,,,,,,,,,,,,,,,,,,,,,,,,,,,,,,,,,,,,,,,,,,,,,,,,,,,,,,
111.3075888750027,absorbing,,,,,,,R,42,48,144,179,252,223,475,7,1,167,0.019744290970265865,0.019825208990368992,0.03956949996063486,0.04000816697953269,5612,5508,16,16,False,False,False,False,5508,16,False,512,0.0006,,240,0,bond_l2,"(1889, 5612)","(1860, 5508)",1,1,,,,0.0,16,4,5508,536,158,40,,,,,,,,,,,,,,,,,,,,,,,,,,,,,,,,,,,,,,,,,,,,,,,,,,,,,,
111.3764677500003,absorbing,,,,,,,L,43,48,144,179,253,223,476,4,1,168,0.022107083990704268,0.02391445799730718,0.04602154198801145,0.04645254201022908,6092,7884,16,16,False,False,False,False,6092,16,False,512,0.0006,,240,0,bond_l2,"(1874, 6092)","(2310, 7884)",1,1,,,,0.0,16,4,6092,536,158,40,,,,,,,,,,,,,,,,,,,,,,,,,,,,,,,,,,,,,,,,,,,,,,,,,,,,,,
111.44666775001679,absorbing,,,,,,,R,43,49,144,179,253,228,481,5,5,173,0.022344583994708955,0.02574304200243205,0.048087625997141004,0.04861437500221655,7480,7876,16,16,False,False,False,False,7876,16,False,512,0.0006,,240,0,bond_l2,"(2364, 7480)","(2319, 7876)",1,1,,,,0.0,16,4,7876,574,158,40,,,,,,,,,,,,,,,,,,,,,,,,,,,,,,,,,,,,,,,,,,,,,,,,,,,,,,
111.5157799590379,absorbing,,,,,,,R,43,50,144,179,253,233,486,3,5,178,0.021973791997879744,0.02396120800403878,0.045935000001918525,0.04638908302877098,7876,7828,16,16,False,False,False,False,7828,16,False,512,0.0006,,240,0,bond_l2,"(2319, 7876)","(2289, 7828)",1,1,,,,0.0,16,4,7828,562,158,40,,,,,,,,,,,,,,,,,,,,,,,,,,,,,,,,,,,,,,,,,,,,,,,,,,,,,,
111.59549775003688,absorbing,,,,,,,L,44,50,144,179,254,233,487,4,1,179,0.024619208998046815,0.024240416998509318,0.04885962599655613,0.04935383301926777,7744,8120,16,16,False,False,False,False,7744,16,False,512,0.0006,,240,0,bond_l2,"(2259, 7744)","(2310, 8120)",1,1,,,,0.0,16,4,7744,550,158,40,,,,,,,,,,,,,,,,,,,,,,,,,,,,,,,,,,,,,,,,,,,,,,,,,,,,,,
111.66632095898967,absorbing,,,,,,,R,44,51,144,179,254,234,488,6,1,180,0.02652429201407358,0.021458790986798704,0.047983083000872284,0.048470042005646974,14008,8740,64,16,False,False,False,False,8740,16,False,512,0.0006,,240,0,bond_l2,"(6129, 14008)","(2499, 8740)",1,1,,,,0.0,16,4,8740,574,158,40,,,,,,,,,,,,,,,,,,,,,,,,,,,,,,,,,,,,,,,,,,,,,,,,,,,,,,
111.77515262499219,absorbing,,,,,,,L,45,51,144,179,255,234,489,3,1,181,0.04972916597034782,0.03103199996985495,0.08076116594020277,0.08121395797934383,14968,15324,64,64,False,False,False,False,14968,64,False,512,0.0006,,240,0,bond_l2,"(6369, 14968)","(6657, 15324)",1,1,,,,0.0,64,4,14968,682,158,40,,,,,,,,,,,,,,,,,,,,,,,,,,,,,,,,,,,,,,,,,,,,,,,,,,,,,,
111.87786116701318,absorbing,,,,,,,L,46,51,144,179,257,234,491,2,2,183,0.04507816699333489,0.03389220801182091,0.0789703750051558,0.08009941602358595,14968,16432,64,64,False,False,False,False,14968,64,False,512,0.0006,,240,0,bond_l2,"(6369, 14968)","(6879, 16432)",1,1,,,,0.0,64,4,14968,682,158,40,,,,,,,,,,,,,,,,,,,,,,,,,,,,,,,,,,,,,,,,,,,,,,,,,,,,,,
112.03966158401454,absorbing,,,,,,,L,47,51,144,179,259,234,493,1,2,185,0.09983349998947233,0.03750720800599083,0.13734070799546316,0.1378350830054842,15088,16348,64,64,False,False,False,False,15088,64,False,512,0.0006,,240,0,bond_l2,"(6399, 15088)","(6849, 16348)",1,1,,,,0.0,64,4,15088,694,158,40,,,,,,,,,,,,,,,,,,,,,,,,,,,,,,,,,,,,,,,,,,,,,,,,,,,,,,
112.13507950003259,absorbing,,,,,,,R,47,52,144,179,259,236,495,5,2,187,0.03181829198729247,0.03910258301766589,0.07092087500495836,0.07236608304083347,15088,10288,64,16,False,False,False,False,10288,16,False,512,0.0006,,240,0,bond_l2,"(6399, 15088)","(3039, 10288)",1,1,,,,0.0,16,4,10288,646,158,40,,,,,,,,,,,,,,,,,,,,,,,,,,,,,,,,,,,,,,,,,,,,,,,,,,,,,,
112.21182087500347,absorbing,,,,,,,L,48,52,144,179,259,236,495,3,0,187,0.020209999987855554,0.030822207976598293,0.051032207964453846,0.05158949998440221,10288,11896,16,16,False,False,False,False,10288,16,False,512,0.0006,,240,0,bond_l2,"(3039, 10288)","(3279, 11896)",1,1,,,,0.0,16,4,10288,646,158,40,,,,,,,,,,,,,,,,,,,,,,,,,,,,,,,,,,,,,,,,,,,,,,,,,,,,,,
112.2972244170378,absorbing,,,,,,,R,48,53,144,179,259,239,498,5,3,190,0.029180499957874417,0.030222625005990267,0.059403124963864684,0.05989408399909735,12268,10936,16,16,False,False,False,False,10936,16,False,512,0.0006,,240,0,bond_l2,"(3534, 12268)","(3039, 10936)",1,1,,,,0.0,16,4,10936,646,158,40,,,,,,,,,,,,,,,,,,,,,,,,,,,,,,,,,,,,,,,,,,,,,,,,,,,,,,
112.3790617500199,absorbing,,,,,,,L,49,53,144,179,260,239,499,5,1,191,0.029857749992515892,0.027562250033952296,0.05742000002646819,0.0579433329985477,12304,18064,16,64,False,False,False,False,12304,16,False,512,0.0006,,240,0,bond_l2,"(3534, 12304)","(7134, 18064)",1,1,,,,0.0,16,4,12304,700,158,40,,,,,,,,,,,,,,,,,,,,,,,,,,,,,,,,,,,,,,,,,,,,,,,,,,,,,,
112.47335433401167,absorbing,,,,,,,L,50,53,144,179,261,239,500,4,1,192,0.03996720799477771,0.030195333005394787,0.0701625410001725,0.07066212501376867,13960,18424,16,64,False,False,False,False,13960,16,False,512,0.0006,,240,0,bond_l2,"(3804, 13960)","(7359, 18424)",1,1,,,,0.0,16,4,13960,736,158,40,,,,,,,,,,,,,,,,,,,,,,,,,,,,,,,,,,,,,,,,,,,,,,,,,,,,,,
112.55340620904462,absorbing,,,,,,,L,51,53,144,179,261,239,500,5,0,192,0.025885290990117937,0.0295459579792805,0.05543124896939844,0.055930832982994616,12744,19432,16,64,False,False,False,False,12744,16,False,512,0.0006,,240,0,bond_l2,"(3612, 12744)","(7629, 19432)",1,1,,,,0.0,16,4,12744,720,158,40,,,,,,,,,,,,,,,,,,,,,,,,,,,,,,,,,,,,,,,,,,,,,,,,,,,,,,
112.64295166701777,absorbing,,,,,,,L,52,53,144,179,261,239,500,6,0,192,0.03239279199624434,0.032386125007178634,0.06477891700342298,0.06535320798866451,11616,18312,16,64,False,False,False,False,11616,16,False,512,0.0006,,240,0,bond_l2,"(3345, 11616)","(7212, 18312)",1,1,,,,0.0,16,4,11616,686,158,40,,,,,,,,,,,,,,,,,,,,,,,,,,,,,,,,,,,,,,,,,,,,,,,,,,,,,,
112.72926754201762,absorbing,,,,,,,R,52,54,144,179,261,239,500,7,0,192,0.0336572079686448,0.0280863749794662,0.061743582948111,0.06223783304449171,17796,17184,64,64,False,False,False,False,17184,64,False,512,0.0006,,240,0,bond_l2,"(7200, 17796)","(6945, 17184)",1,1,,,,0.0,64,4,17184,758,158,40,,,,,,,,,,,,,,,,,,,,,,,,,,,,,,,,,,,,,,,,,,,,,,,,,,,,,,
112.84123225003714,absorbing,,,,,,,R,52,55,144,179,261,239,500,9,0,192,0.04743937501916662,0.040162958030123264,0.08760233304928988,0.08809591695899144,32460,23208,64,64,False,False,False,False,23208,64,False,512,0.0006,,240,0,bond_l2,"(10770, 32460)","(10722, 23208)",1,1,,,,0.0,64,4,23208,840,158,40,,,,,,,,,,,,,,,,,,,,,,,,,,,,,,,,,,,,,,,,,,,,,,,,,,,,,,
112.9672094170237,absorbing,,,,,,,R,52,56,144,179,261,241,502,6,2,194,0.05000991700217128,0.051423833006992936,0.10143375000916421,0.10188204201404005,38412,24244,64,64,False,False,False,False,24244,64,False,512,0.0006,,240,0,bond_l2,"(14547, 38412)","(10974, 24244)",1,1,,,,0.0,64,4,24244,868,158,40,,,,,,,,,,,,,,,,,,,,,,,,,,,,,,,,,,,,,,,,,,,,,,,,,,,,,,
113.08835758402711,absorbing,,,,,,,R,52,57,144,179,261,243,504,6,2,196,0.05511370801832527,0.04270454199286178,0.09781825001118705,0.09826445899670944,38512,25204,64,64,False,False,False,False,25204,64,False,512,0.0006,,240,0,bond_l2,"(14559, 38512)","(11214, 25204)",1,1,,,,0.0,64,4,25204,892,158,40,,,,,,,,,,,,,,,,,,,,,,,,,,,,,,,,,,,,,,,,,,,,,,,,,,,,,,
113.1988975420245,absorbing,,,,,,,L,53,57,144,179,262,243,505,7,1,197,0.050983082968741655,0.03645195800345391,0.08743504097219557,0.08798283303622156,39436,33160,64,64,False,False,False,False,39436,64,False,512,0.0006,,240,0,bond_l2,"(14799, 39436)","(15804, 33160)",1,1,,,,0.0,64,4,39436,958,158,40,,,,,,,,,,,,,,,,,,,,,,,,,,,,,,,,,,,,,,,,,,,,,,,,,,,,,,
113.47355212504044,absorbing,,,,,,,R,53,58,144,179,262,244,506,7,1,198,0.20269254100276157,0.04656412499025464,0.2492566659930162,0.2497834999812767,53968,40912,64,64,False,False,False,False,40912,64,False,512,0.0006,,240,0,bond_l2,"(18414, 53968)","(15294, 40912)",1,1,,,,0.0,64,4,40912,1012,158,40,,,,,,,,,,,,,,,,,,,,,,,,,,,,,,,,,,,,,,,,,,,,,,,,,,,,,,
113.77435529202921,absorbing,,,,,,,L,54,58,144,179,265,244,509,5,3,201,0.20702745800372213,0.06835004198364913,0.27537749998737127,0.27586045797215775,55300,59236,64,64,False,False,False,False,55300,64,False,512,0.0006,,240,0,bond_l2,"(18909, 55300)","(19884, 59236)",1,1,,,,0.0,64,4,55300,1090,158,40,,,,,,,,,,,,,,,,,,,,,,,,,,,,,,,,,,,,,,,,,,,,,,,,,,,,,,
113.93436720903264,absorbing,,,,,,,L,55,58,144,179,267,244,511,5,2,203,0.06265562499174848,0.0725899999961257,0.13524562498787418,0.1357012499938719,51240,57892,64,64,False,False,False,False,51240,64,False,512,0.0006,,240,0,bond_l2,"(15837, 51240)","(19404, 57892)",1,1,,,,0.0,64,4,51240,1026,158,40,,,,,,,,,,,,,,,,,,,,,,,,,,,,,,,,,,,,,,,,,,,,,,,,,,,,,,
114.2099545840174,absorbing,,,,,,,L,56,58,144,179,269,244,513,5,2,205,0.1880830829613842,0.06312087504193187,0.2512039580033161,0.2516752500087023,20576,53676,64,64,False,False,False,False,20576,64,False,512,0.0006,,240,0,bond_l2,"(8193, 20576)","(16302, 53676)",1,1,,,,0.0,64,4,20576,838,158,40,,,,,,,,,,,,,,,,,,,,,,,,,,,,,,,,,,,,,,,,,,,,,,,,,,,,,,
114.32598654204048,absorbing,,,,,,,L,57,58,144,179,270,244,514,5,1,206,0.05105574999470264,0.039360416994895786,0.09041616698959842,0.09085212502395734,19600,23012,64,64,False,False,False,False,19600,64,False,512,0.0006,,240,0,bond_l2,"(7941, 19600)","(8625, 23012)",1,1,,,,0.0,64,4,19600,810,158,40,,,,,,,,,,,,,,,,,,,,,,,,,,,,,,,,,,,,,,,,,,,,,,,,,,,,,,
114.4522282500402,absorbing,,,,,,,L,58,58,144,179,271,244,515,5,1,207,0.06212429195875302,0.038284750015009195,0.10040904197376221,0.10175987501861528,11408,22076,16,64,False,False,False,False,11408,16,False,512,0.0006,,240,0,bond_l2,"(3333, 11408)","(8400, 22076)",1,1,,,,0.0,16,4,11408,682,158,40,,,,,,,,,,,,,,,,,,,,,,,,,,,,,,,,,,,,,,,,,,,,,,,,,,,,,,
114.54949387500528,absorbing,,,,,,,R,58,59,144,179,271,246,517,7,2,209,0.0425552090164274,0.029758207965642214,0.07231341698206961,0.0728426250279881,12944,12864,16,16,False,False,False,False,12864,16,False,512,0.0006,,240,0,bond_l2,"(3573, 12944)","(3537, 12864)",1,1,,,,0.0,16,4,12864,702,158,40,,,,,,,,,,,,,,,,,,,,,,,,,,,,,,,,,,,,,,,,,,,,,,,,,,,,,,
114.64683266700013,absorbing,,,,,,,R,58,60,144,179,271,249,520,5,3,212,0.04445083299651742,0.0267248330055736,0.07117566600209102,0.0724376660073176,19008,12880,64,16,False,False,False,False,12880,16,False,512,0.0006,,240,0,bond_l2,"(7377, 19008)","(3534, 12880)",1,1,,,,0.0,16,4,12880,700,158,40,,,,,,,,,,,,,,,,,,,,,,,,,,,,,,,,,,,,,,,,,,,,,,,,,,,,,,
114.74452579201898,absorbing,,,,,,,R,58,61,144,179,271,249,520,4,0,212,0.04816020798170939,0.023805290984455496,0.07196549896616489,0.07420858304249123,18964,11920,64,16,False,False,False,False,11920,16,False,512,0.0006,,240,0,bond_l2,"(7359, 18964)","(3294, 11920)",1,1,,,,0.0,16,4,11920,676,158,40,,,,,,,,,,,,,,,,,,,,,,,,,,,,,,,,,,,,,,,,,,,,,,,,,,,,,,
114.84611949999817,absorbing,,,,,,,R,58,62,144,179,271,250,521,3,1,213,0.04769420897355303,0.026534417003858835,0.07422862597741187,0.07641916698776186,17944,10288,64,16,False,False,False,False,10288,16,False,512,0.0006,,240,0,bond_l2,"(7104, 17944)","(3039, 10288)",1,1,,,,0.0,16,4,10288,646,158,40,,,,,,,,,,,,,,,,,,,,,,,,,,,,,,,,,,,,,,,,,,,,,,,,,,,,,,
114.94385741703445,absorbing,,,,,,,R,58,63,144,179,271,251,522,3,1,214,0.04254250001395121,0.026608374959323555,0.06915087497327477,0.06959237501723692,15388,10672,64,16,False,False,False,False,10672,16,False,512,0.0006,,240,0,bond_l2,"(6609, 15388)","(3279, 10672)",1,1,,,,0.0,16,4,10672,670,158,40,,,,,,,,,,,,,,,,,,,,,,,,,,,,,,,,,,,,,,,,,,,,,,,,,,,,,,
115.03319370903773,absorbing,,,,,,,L,59,63,144,179,273,251,524,5,2,216,0.03895358298905194,0.026605665974784642,0.06555924896383658,0.06598387501435354,14812,17392,64,64,False,False,False,False,14812,64,False,512,0.0006,,240,0,bond_l2,"(6609, 14812)","(7119, 17392)",1,1,,,,0.0,64,4,14812,706,158,40,,,,,,,,,,,,,,,,,,,,,,,,,,,,,,,,,,,,,,,,,,,,,,,,,,,,,,
115.12457412504591,absorbing,,,,,,,R,59,64,144,179,273,252,525,4,1,217,0.03680300002451986,0.031048959004692733,0.0678519590292126,0.06832237500930205,29728,15388,64,64,False,False,False,False,15388,64,False,512,0.0006,,240,0,bond_l2,"(10194, 29728)","(6609, 15388)",1,1,,,,0.0,64,4,15388,706,158,40,,,,,,,,,,,,,,,,,,,,,,,,,,,,,,,,,,,,,,,,,,,,,,,,,,,,,,
115.24787691701204,absorbing,,,,,,,L,60,64,144,179,273,252,525,5,0,217,0.04599750001216307,0.04598529200302437,0.09198279201518744,0.09447345795342699,29632,30424,64,64,False,False,False,False,29632,64,False,512,0.0006,,240,0,bond_l2,"(10179, 29632)","(10224, 30424)",1,1,,,,0.0,64,4,29632,766,158,40,,,,,,,,,,,,,,,,,,,,,,,,,,,,,,,,,,,,,,,,,,,,,,,,,,,,,,
115.36703237501206,absorbing,,,,,,,R,60,65,144,179,273,255,528,4,3,220,0.04434291698271409,0.04889675002777949,0.09323966701049358,0.09451208403334022,29572,29308,64,64,False,False,False,False,29308,64,False,512,0.0006,,240,0,bond_l2,"(10164, 29572)","(9954, 29308)",1,1,,,,0.0,64,4,29308,748,158,40,,,,,,,,,,,,,,,,,,,,,,,,,,,,,,,,,,,,,,,,,,,,,,,,,,,,,,
115.49809750000713,absorbing,,,,,,,L,61,65,144,179,273,255,528,5,0,220,0.04467274999478832,0.060669584025163203,0.10534233401995152,0.10590645798947662,28228,28792,64,64,False,False,False,False,28228,64,False,512,0.0006,,240,0,bond_l2,"(9684, 28228)","(9969, 28792)",1,1,,,,0.0,64,4,28228,712,158,40,,,,,,,,,,,,,,,,,,,,,,,,,,,,,,,,,,,,,,,,,,,,,,,,,,,,,,
115.6734674590407,absorbing,,,,,,,L,62,65,144,179,276,255,531,1,3,223,0.08370966697111726,0.06276945798890665,0.1464791249600239,0.14854925003601238,27904,28288,64,64,False,False,False,False,27904,64,False,512,0.0006,,240,0,bond_l2,"(9459, 27904)","(9699, 28288)",1,1,,,,0.0,64,4,27904,694,158,40,,,,,,,,,,,,,,,,,,,,,,,,,,,,,,,,,,,,,,,,,,,,,,,,,,,,,,
115.81309979199432,absorbing,,,,,,,R,62,66,144,179,276,255,531,5,0,223,0.049040500016417354,0.06283474998781458,0.11187525000423193,0.11242412496358156,17604,12892,64,64,False,False,False,False,12892,64,False,512,0.0006,,240,0,bond_l2,"(6372, 17604)","(5859, 12892)",1,1,,,,0.0,64,4,12892,622,158,40,,,,,,,,,,,,,,,,,,,,,,,,,,,,,,,,,,,,,,,,,,,,,,,,,,,,,,
115.90581800002838,absorbing,,,,,,,L,63,66,144,179,277,255,532,3,1,224,0.03094441699795425,0.03706737497122958,0.06801179196918383,0.0684856660082005,8736,15876,32,64,False,False,False,False,8736,32,False,512,0.0006,,240,0,bond_l2,"(2772, 8736)","(6852, 15876)",1,1,,,,0.0,32,4,8736,552,158,40,,,,,,,,,,,,,,,,,,,,,,,,,,,,,,,,,,,,,,,,,,,,,,,,,,,,,,
115.99841887503862,absorbing,,,,,,,L,64,66,144,179,277,255,532,5,0,224,0.027234124951064587,0.03712437499780208,0.06435849994886667,0.06496074999449775,8412,19912,32,64,False,False,False,False,8412,32,False,512,0.0006,,240,0,bond_l2,"(2547, 8412)","(9909, 19912)",1,1,,,,0.0,32,4,8412,534,158,40,,,,,,,,,,,,,,,,,,,,,,,,,,,,,,,,,,,,,,,,,,,,,,,,,,,,,,
116.10145758400904,absorbing,,,,,,,L,65,66,144,179,278,255,533,5,1,225,0.04313687502872199,0.03438066702801734,0.07751754205673933,0.07797912502428517,12472,12832,64,64,False,False,False,False,12472,64,False,512,0.0006,,240,0,bond_l2,"(5619, 12472)","(5844, 12832)",1,1,,,,0.0,64,4,12472,598,158,40,,,,,,,,,,,,,,,,,,,,,,,,,,,,,,,,,,,,,,,,,,,,,,,,,,,,,,
116.18964058399433,absorbing,,,,,,,R,65,67,144,179,278,258,536,3,3,228,0.028580082987900823,0.034130832995288074,0.0627109159831889,0.06322091695619747,13852,6712,64,16,False,False,False,False,6712,16,False,512,0.0006,,240,0,bond_l2,"(6099, 13852)","(2019, 6712)",1,1,,,,0.0,16,4,6712,526,158,40,,,,,,,,,,,,,,,,,,,,,,,,,,,,,,,,,,,,,,,,,,,,,,,,,,,,,,
116.26772800000617,absorbing,,,,,,,L,66,67,144,179,280,258,538,4,2,230,0.025651542004197836,0.025585916999261826,0.05123745900345966,0.05200079100904986,8056,12796,16,64,False,False,False,False,8056,16,False,512,0.0006,,240,0,bond_l2,"(2499, 8056)","(5844, 12796)",1,1,,,,0.0,16,4,8056,574,158,40,,,,,,,,,,,,,,,,,,,,,,,,,,,,,,,,,,,,,,,,,,,,,,,,,,,,,,
116.3658319170354,absorbing,,,,,,,L,67,67,144,179,282,258,540,6,2,232,0.039447124989237636,0.03186291694873944,0.07131004193797708,0.07182579202344641,9232,13276,16,64,False,False,False,False,9232,16,False,512,0.0006,,240,0,bond_l2,"(2784, 9232)","(6099, 13276)",1,1,,,,0.0,16,4,9232,616,158,40,,,,,,,,,,,,,,,,,,,,,,,,,,,,,,,,,,,,,,,,,,,,,,,,,,,,,,
116.45543416700093,absorbing,,,,,,,L,68,67,144,179,284,258,542,7,2,234,0.028625582985114306,0.03317516599781811,0.06180074898293242,0.06295679201139137,10312,14416,16,64,False,False,False,False,10312,16,False,512,0.0006,,240,0,bond_l2,"(3054, 10312)","(6384, 14416)",1,1,,,,0.0,16,4,10312,652,158,40,,,,,,,,,,,,,,,,,,,,,,,,,,,,,,,,,,,,,,,,,,,,,,,,,,,,,,
116.57368075003615,absorbing,,,,,,,R,68,68,144,179,284,260,544,3,2,236,0.05725212499964982,0.03192824998404831,0.08918037498369813,0.08967241604113951,32896,15556,64,64,False,False,False,False,15556,64,False,512,0.0006,,240,0,bond_l2,"(11004, 32896)","(6669, 15556)",1,1,,,,0.0,64,4,15556,730,158,40,,,,,,,,,,,,,,,,,,,,,,,,,,,,,,,,,,,,,,,,,,,,,,,,,,,,,,
116.71668208402116,absorbing,,,,,,,L,69,68,144,179,286,260,546,8,2,238,0.057483249984215945,0.057785291981417686,0.11526854196563363,0.11579408298712224,15976,44896,64,64,False,False,False,False,15976,64,False,512,0.0006,,240,0,bond_l2,"(6909, 15976)","(13869, 44896)",1,1,,,,0.0,64,4,15976,754,158,40,,,,,,,,,,,,,,,,,,,,,,,,,,,,,,,,,,,,,,,,,,,,,,,,,,,,,,
116.82912450004369,absorbing,,,,,,,R,69,69,144,179,286,262,548,4,2,240,0.0478046250063926,0.03896491596242413,0.08676954096881673,0.08724066702416167,19768,14272,64,64,False,False,False,False,14272,64,False,512,0.0006,,240,0,bond_l2,"(7704, 19768)","(6204, 14272)",1,1,,,,0.0,64,4,14272,688,158,40,,,,,,,,,,,,,,,,,,,,,,,,,,,,,,,,,,,,,,,,,,,,,,,,,,,,,,
116.92918937501963,absorbing,,,,,,,L,70,69,144,179,289,262,551,5,3,243,0.03930312499869615,0.033310541009996086,0.07261366600869223,0.07485429203370586,10144,19188,16,64,False,False,False,False,10144,16,False,512,0.0006,,240,0,bond_l2,"(3129, 10144)","(9747, 19188)",1,1,,,,0.0,16,4,10144,682,158,40,,,,,,,,,,,,,,,,,,,,,,,,,,,,,,,,,,,,,,,,,,,,,,,,,,,,,,
117.0355156250298,absorbing,,,,,,,R,70,70,144,179,289,262,551,8,0,243,0.049804165959358215,0.029017833003308624,0.07882199896266684,0.07931508298497647,19228,14392,64,64,False,False,False,False,14392,64,False,512,0.0006,,240,0,bond_l2,"(7704, 19228)","(6234, 14392)",1,1,,,,0.0,64,4,14392,700,158,40,,,,,,,,,,,,,,,,,,,,,,,,,,,,,,,,,,,,,,,,,,,,,,,,,,,,,,
117.18384966702433,absorbing,,,,,,,L,71,70,144,179,292,262,554,4,3,246,0.06794033304322511,0.054686541960109025,0.12262687500333413,0.12314341601449996,9172,29092,16,64,False,False,False,False,9172,16,False,512,0.0006,,240,0,bond_l2,"(2904, 9172)","(9774, 29092)",1,1,,,,0.0,16,4,9172,664,158,40,,,,,,,,,,,,,,,,,,,,,,,,,,,,,,,,,,,,,,,,,,,,,,,,,,,,,,
117.2689319170313,absorbing,,,,,,,R,71,71,144,179,292,263,555,7,1,247,0.026386208017356694,0.03171866602497175,0.05810487404232845,0.05940987495705485,11644,7804,16,16,False,False,False,False,7804,16,False,512,0.0006,,240,0,bond_l2,"(3369, 11644)","(2139, 7804)",1,1,,,,0.0,16,4,7804,574,158,40,,,,,,,,,,,,,,,,,,,,,,,,,,,,,,,,,,,,,,,,,,,,,,,,,,,,,,
117.36162658402463,absorbing,,,,,,,L,72,71,144,179,293,263,556,6,1,248,0.027812250016722828,0.03825383400544524,0.06606608402216807,0.06656870903680101,8548,13660,16,64,False,False,False,False,8548,16,False,512,0.0006,,240,0,bond_l2,"(2604, 8548)","(5934, 13660)",1,1,,,,0.0,16,4,8548,616,158,40,,,,,,,,,,,,,,,,,,,,,,,,,,,,,,,,,,,,,,,,,,,,,,,,,,,,,,
117.45473529200535,absorbing,,,,,,,L,73,71,144,179,294,263,557,6,1,249,0.028304042003583163,0.03498566598864272,0.06328970799222589,0.06474683299893513,11584,13792,16,64,False,False,False,False,11584,16,False,512,0.0006,,240,0,bond_l2,"(3354, 11584)","(5949, 13792)",1,1,,,,0.0,16,4,11584,700,158,40,,,,,,,,,,,,,,,,,,,,,,,,,,,,,,,,,,,,,,,,,,,,,,,,,,,,,,
117.62689408403821,absorbing,,,,,,,R,73,72,144,179,294,265,559,8,2,251,0.04477479198249057,0.0989932079683058,0.14376799995079637,0.14536312501877546,17628,9568,32,16,False,False,False,False,9568,16,False,512,0.0006,,240,0,bond_l2,"(5112, 17628)","(2859, 9568)",1,1,,,,0.0,16,4,9568,646,158,40,,,,,,,,,,,,,,,,,,,,,,,,,,,,,,,,,,,,,,,,,,,,,,,,,,,,,,
117.73018325003795,absorbing,,,,,,,R,73,73,144,179,294,267,561,6,2,253,0.04341620800551027,0.0325086250086315,0.07592483301414177,0.07642833300633356,17436,8080,59,16,False,False,False,False,8080,16,False,512,0.0006,,240,0,bond_l2,"(6819, 17436)","(2334, 8080)",1,1,,,,0.0,16,4,8080,580,158,40,,,,,,,,,,,,,,,,,,,,,,,,,,,,,,,,,,,,,,,,,,,,,,,,,,,,,,
117.8213992920355,absorbing,,,,,,,R,73,74,144,179,294,268,562,6,1,254,0.03762966697104275,0.02553116698982194,0.06316083396086469,0.06384716596221551,9484,6788,16,16,False,False,False,False,6788,16,False,512,0.0006,,240,0,bond_l2,"(2829, 9484)","(2018, 6788)",1,1,,,,0.0,16,4,6788,536,158,40,,,,,,,,,,,,,,,,,,,,,,,,,,,,,,,,,,,,,,,,,,,,,,,,,,,,,,
117.91205187502783,absorbing,,,,,,,R,73,75,144,179,294,270,564,5,2,256,0.04165904095862061,0.021810958976857364,0.06346999993547797,0.06393287499668077,7408,5604,16,16,False,False,False,False,5604,16,False,512,0.0006,,240,0,bond_l2,"(2319, 7408)","(1704, 5604)",1,1,,,,0.0,16,4,5604,492,158,40,,,,,,,,,,,,,,,,,,,,,,,,,,,,,,,,,,,,,,,,,,,,,,,,,,,,,,
118.01000420900527,absorbing,,,,,,,R,73,76,144,179,294,271,565,5,1,257,0.04619216697756201,0.026257459016051143,0.07244962599361315,0.07295599998906255,6268,3808,16,16,False,False,False,False,3808,16,False,512,0.0006,,240,0,bond_l2,"(2034, 6268)","(1284, 3808)",1,1,,,,0.0,16,4,3808,448,158,40,,,,,,,,,,,,,,,,,,,,,,,,,,,,,,,,,,,,,,,,,,,,,,,,,,,,,,
118.09178454201901,absorbing,,,,,,,R,73,77,144,179,294,271,565,7,0,257,0.03139158396515995,0.023334084020461887,0.05472566798562184,0.05521958397002891,5212,4384,16,16,False,False,False,False,4384,16,False,512,0.0006,,240,0,bond_l2,"(1779, 5212)","(1554, 4384)",1,1,,,,0.0,16,4,4384,484,158,40,,,,,,,,,,,,,,,,,,,,,,,,,,,,,,,,,,,,,,,,,,,,,,,,,,,,,,
118.16929595900001,absorbing,,,,,,,L,74,77,144,179,297,271,568,4,3,260,0.0280497909989208,0.02190479199634865,0.04995458299526945,0.050469790992792696,6328,6772,16,16,False,False,False,False,6328,16,False,512,0.0006,,240,0,bond_l2,"(2049, 6328)","(2304, 6772)",1,1,,,,0.0,16,4,6328,538,158,40,,,,,,,,,,,,,,,,,,,,,,,,,,,,,,,,,,,,,,,,,,,,,,,,,,,,,,
118.24497341702227,absorbing,,,,,,,L,75,77,144,179,298,271,569,5,1,261,0.027197082992643118,0.021622749976813793,0.04881983296945691,0.04928012500749901,6108,6652,16,16,False,False,False,False,6108,16,False,512,0.0006,,240,0,bond_l2,"(2097, 6108)","(2274, 6652)",1,1,,,,0.0,16,4,6108,546,158,40,,,,,,,,,,,,,,,,,,,,,,,,,,,,,,,,,,,,,,,,,,,,,,,,,,,,,,
118.32183654198889,absorbing,,,,,,,R,75,78,144,179,298,271,569,7,0,261,0.028642082994338125,0.021126167033798993,0.04976825002813712,0.050257750030141324,7272,6936,16,16,False,False,False,False,6936,16,False,512,0.0006,,240,0,bond_l2,"(2397, 7272)","(2322, 6936)",1,1,,,,0.0,16,4,6936,564,158,40,,,,,,,,,,,,,,,,,,,,,,,,,,,,,,,,,,,,,,,,,,,,,,,,,,,,,,
118.41471829201328,absorbing,,,,,,,L,76,78,144,179,300,271,571,5,2,263,0.030140292015857995,0.03630833298666403,0.06644862500252202,0.06690358300693333,6480,13668,16,64,False,False,False,False,6480,16,False,512,0.0006,,240,0,bond_l2,"(2352, 6480)","(6147, 13668)",1,1,,,,0.0,16,4,6480,576,158,40,,,,,,,,,,,,,,,,,,,,,,,,,,,,,,,,,,,,,,,,,,,,,,,,,,,,,,
118.50282941700425,absorbing,,,,,,,L,77,78,144,179,302,271,573,5,2,265,0.025225666002370417,0.035656207997817546,0.06088187400018796,0.06139062502188608,8040,13284,16,64,False,False,False,False,8040,16,False,512,0.0006,,240,0,bond_l2,"(2610, 8040)","(5907, 13284)",1,1,,,,0.0,16,4,8040,608,158,40,,,,,,,,,,,,,,,,,,,,,,,,,,,,,,,,,,,,,,,,,,,,,,,,,,,,,,
118.6093969590147,absorbing,,,,,,,L,78,78,144,179,304,271,575,5,2,267,0.039456124999560416,0.04114674997981638,0.08060287497937679,0.08135908300755545,15456,18936,64,64,False,False,False,False,15456,64,False,512,0.0006,,240,0,bond_l2,"(6750, 15456)","(9780, 18936)",1,1,,,,0.0,64,4,15456,752,158,40,,,,,,,,,,,,,,,,,,,,,,,,,,,,,,,,,,,,,,,,,,,,,,,,,,,,,,
118.74811783403857,absorbing,,,,,,,L,79,78,144,179,304,271,575,5,0,267,0.039532374998088926,0.07257975003449246,0.11211212503258139,0.11264870897866786,16860,44136,64,64,False,False,False,False,16860,64,False,512,0.0006,,240,0,bond_l2,"(7245, 16860)","(13920, 44136)",1,1,,,,0.0,64,4,16860,806,158,40,,,,,,,,,,,,,,,,,,,,,,,,,,,,,,,,,,,,,,,,,,,,,,,,,,,,,,
118.87596483400557,absorbing,,,,,,,L,80,78,144,179,304,271,575,6,0,267,0.02936162502737716,0.07178708398714662,0.10114870901452377,0.10164225002517924,19452,45252,64,64,False,False,False,False,19452,64,False,512,0.0006,,240,0,bond_l2,"(7740, 19452)","(14190, 45252)",1,1,,,,0.0,64,4,19452,860,158,40,,,,,,,,,,,,,,,,,,,,,,,,,,,,,,,,,,,,,,,,,,,,,,,,,,,,,,
119.02977650001412,absorbing,,,,,,,R,80,79,144,179,304,275,579,3,4,271,0.05243329098448157,0.07374841696582735,0.12618170795030892,0.1266489159897901,43452,46116,64,64,False,False,False,False,46116,64,False,512,0.0006,,240,0,bond_l2,"(15900, 43452)","(14685, 46116)",1,1,,,,0.0,64,4,46116,974,158,40,,,,,,,,,,,,,,,,,,,,,,,,,,,,,,,,,,,,,,,,,,,,,,,,,,,,,,
119.38332716701552,absorbing,,,,,,,L,81,79,144,179,305,275,580,5,1,272,0.18764295795699582,0.138556208985392,0.3261991669423878,0.3283535419614054,50148,142116,64,256,False,False,False,False,50148,64,False,512,0.0006,,240,0,bond_l2,"(15405, 50148)","(75135, 142116)",1,1,,,,0.0,64,4,50148,1046,158,40,,,,,,,,,,,,,,,,,,,,,,,,,,,,,,,,,,,,,,,,,,,,,,,,,,,,,,
119.62524829199538,absorbing,,,,,,,R,81,80,144,179,305,277,582,7,2,274,0.06945912499213591,0.14454870903864503,0.21400783403078094,0.21459024999057874,65952,46116,64,64,False,False,False,False,46116,64,False,512,0.0006,,240,0,bond_l2,"(19500, 65952)","(14415, 46116)",1,1,,,,0.0,64,4,46116,938,158,40,,,,,,,,,,,,,,,,,,,,,,,,,,,,,,,,,,,,,,,,,,,,,,,,,,,,,,
119.80442425003275,absorbing,,,,,,,R,81,81,144,179,305,279,584,6,2,276,0.07432283298112452,0.07635604101233184,0.15067887399345636,0.15181416599079967,61632,45132,64,64,False,False,False,False,45132,64,False,512,0.0006,,240,0,bond_l2,"(18285, 61632)","(13890, 45132)",1,1,,,,0.0,64,4,45132,872,158,40,,,,,,,,,,,,,,,,,,,,,,,,,,,,,,,,,,,,,,,,,,,,,,,,,,,,,,
120.04885675001424,absorbing,,,,,,,R,81,82,144,179,305,279,584,6,0,276,0.08577545796288177,0.12965395802166313,0.2154294159845449,0.21590000001015142,45288,20340,64,64,False,False,False,False,20340,64,False,512,0.0006,,240,0,bond_l2,"(13920, 45288)","(10005, 20340)",1,1,,,,0.0,64,4,20340,758,158,40,,,,,,,,,,,,,,,,,,,,,,,,,,,,,,,,,,,,,,,,,,,,,,,,,,,,,,
120.16620670899283,absorbing,,,,,,,R,81,83,144,179,305,280,585,5,1,277,0.0546271670027636,0.034469750011339784,0.08909691701410338,0.08959266700549051,29652,14172,64,64,False,False,False,False,14172,64,False,512,0.0006,,240,0,bond_l2,"(10020, 29652)","(6150, 14172)",1,1,,,,0.0,64,4,14172,656,158,40,,,,,,,,,,,,,,,,,,,,,,,,,,,,,,,,,,,,,,,,,,,,,,,,,,,,,,
120.26854358403943,absorbing,,,,,,,R,81,84,144,179,305,280,585,5,0,277,0.045914874994196,0.029673999990336597,0.0755888749845326,0.07607591699343175,14196,12720,64,64,False,False,False,False,12720,64,False,512,0.0006,,240,0,bond_l2,"(6165, 14196)","(5940, 12720)",1,1,,,,0.0,64,4,12720,644,158,40,,,,,,,,,,,,,,,,,,,,,,,,,,,,,,,,,,,,,,,,,,,,,,,,,,,,,,
120.35427875001915,absorbing,,,,,,,L,82,84,144,179,306,280,586,5,1,278,0.032594290969427675,0.0256367499823682,0.058231040951795876,0.05951104196719825,8148,12552,16,64,False,False,False,False,8148,16,False,512,0.0006,,240,0,bond_l2,"(2340, 8148)","(5745, 12552)",1,1,,,,0.0,16,4,8148,572,158,40,,,,,,,,,,,,,,,,,,,,,,,,,,,,,,,,,,,,,,,,,,,,,,,,,,,,,,
120.43404420901788,absorbing,,,,,,,R,82,85,144,179,306,280,586,4,0,278,0.031515249982476234,0.02265112503664568,0.054166375019121915,0.05462458299007267,14724,7332,64,16,False,False,False,False,7332,16,False,512,0.0006,,240,0,bond_l2,"(6450, 14724)","(2145, 7332)",1,1,,,,0.0,16,4,7332,566,158,40,,,,,,,,,,,,,,,,,,,,,,,,,,,,,,,,,,,,,,,,,,,,,,,,,,,,,,
120.50920312502421,absorbing,,,,,,,R,82,86,144,179,306,282,588,1,2,280,0.027960665989667177,0.02100679202703759,0.04896745801670477,0.049401208001654595,13764,7356,64,16,False,False,False,False,7356,16,False,512,0.0006,,240,0,bond_l2,"(6210, 13764)","(2160, 7356)",1,1,,,,0.0,16,4,7356,572,158,40,,,,,,,,,,,,,,,,,,,,,,,,,,,,,,,,,,,,,,,,,,,,,,,,,,,,,,
120.58531708404189,absorbing,,,,,,,R,82,87,144,179,306,284,590,2,2,282,0.026936667039990425,0.022677291999571025,0.04961395903956145,0.05013308301568031,13704,7512,64,16,False,False,False,False,7512,16,False,512,0.0006,,240,0,bond_l2,"(6195, 13704)","(2190, 7512)",1,1,,,,0.0,16,4,7512,584,158,40,,,,,,,,,,,,,,,,,,,,,,,,,,,,,,,,,,,,,,,,,,,,,,,,,,,,,,
120.66736008401494,absorbing,,,,,,,R,82,88,144,179,306,287,593,1,3,285,0.03190733399242163,0.02248420799151063,0.05439154198393226,0.05484816600801423,13848,8932,64,16,False,False,False,False,8932,16,False,512,0.0006,,240,0,bond_l2,"(6240, 13848)","(2669, 8932)",1,1,,,,0.0,16,4,8932,642,158,40,,,,,,,,,,,,,,,,,,,,,,,,,,,,,,,,,,,,,,,,,,,,,,,,,,,,,,
120.74516795901582,absorbing,,,,,,,R,82,89,144,179,306,287,593,4,0,285,0.02808787499088794,0.021644791995640844,0.049732666986528784,0.050181667029391974,15764,8432,64,16,False,False,False,False,8432,16,False,512,0.0006,,240,0,bond_l2,"(6690, 15764)","(2523, 8432)",1,1,,,,0.0,16,4,8432,634,158,40,,,,,,,,,,,,,,,,,,,,,,,,,,,,,,,,,,,,,,,,,,,,,,,,,,,,,,
120.83038654201664,absorbing,,,,,,,R,82,90,144,179,306,288,594,3,1,286,0.03232145798392594,0.024657250032760203,0.05697870801668614,0.05768533400259912,15344,8688,64,16,False,False,False,False,8688,16,False,512,0.0006,,240,0,bond_l2,"(6573, 15344)","(2811, 8688)",1,1,,,,0.0,16,4,8688,666,158,40,,,,,,,,,,,,,,,,,,,,,,,,,,,,,,,,,,,,,,,,,,,,,,,,,,,,,,
120.9106853750418,absorbing,,,,,,,R,82,91,144,179,306,288,594,6,0,286,0.031412084004841745,0.019588917028158903,0.05100100103300065,0.051496208005119115,15312,10160,64,16,False,False,False,False,10160,16,False,512,0.0006,,240,0,bond_l2,"(6636, 15312)","(3051, 10160)",1,1,,,,0.0,16,4,10160,690,158,40,,,,,,,,,,,,,,,,,,,,,,,,,,,,,,,,,,,,,,,,,,,,,,,,,,,,,,
121.00100975000532,absorbing,,,,,,,R,82,92,144,179,306,289,595,5,1,287,0.035817916970700026,0.022487832990009338,0.05830574996070936,0.05951483303215355,15248,10028,64,16,False,False,False,False,10028,16,False,512,0.0006,,240,0,bond_l2,"(6636, 15248)","(3003, 10028)",1,1,,,,0.0,16,4,10028,682,158,40,,,,,,,,,,,,,,,,,,,,,,,,,,,,,,,,,,,,,,,,,,,,,,,,,,,,,,
121.08818225003779,absorbing,,,,,,,R,82,93,144,179,306,290,596,5,1,288,0.03456679201917723,0.02395674999570474,0.05852354201488197,0.05975670798216015,15116,9104,64,16,False,False,False,False,9104,16,False,512,0.0006,,240,0,bond_l2,"(6588, 15116)","(2778, 9104)",1,1,,,,0.0,16,4,9104,664,158,40,,,,,,,,,,,,,,,,,,,,,,,,,,,,,,,,,,,,,,,,,,,,,,,,,,,,,,
121.17163504200289,absorbing,,,,,,,R,82,94,144,179,306,292,598,4,2,290,0.03190270799677819,0.022830665984656662,0.05473337398143485,0.055464333039708436,14192,9260,64,16,False,False,False,False,9260,16,False,512,0.0006,,240,0,bond_l2,"(6363, 14192)","(2661, 9260)",1,1,,,,0.0,16,4,9260,666,158,40,,,,,,,,,,,,,,,,,,,,,,,,,,,,,,,,,,,,,,,,,,,,,,,,,,,,,,
121.26288387499517,absorbing,,,,,,,R,82,95,144,179,306,293,599,3,1,291,0.040086833003442734,0.022557249991223216,0.06264408299466595,0.06321570900036022,14348,9740,64,16,False,False,False,False,9740,16,False,512,0.0006,,240,0,bond_l2,"(6246, 14348)","(2916, 9740)",1,1,,,,0.0,16,4,9740,696,158,40,,,,,,,,,,,,,,,,,,,,,,,,,,,,,,,,,,,,,,,,,,,,,,,,,,,,,,
121.34275766700739,absorbing,,,,,,,R,82,96,144,179,306,294,600,4,1,292,0.03233099996577948,0.020303124969359487,0.05263412493513897,0.05309599998872727,14444,11848,64,16,False,False,False,False,11848,16,False,512,0.0006,,240,0,bond_l2,"(6261, 14444)","(3459, 11848)",1,1,,,,0.0,16,4,11848,758,158,40,,,,,,,,,,,,,,,,,,,,,,,,,,,,,,,,,,,,,,,,,,,,,,,,,,,,,,
121.43487900000764,absorbing,,,,,,,L,83,96,144,179,308,294,602,4,2,294,0.039837124990299344,0.0247670829994604,0.06460420798975974,0.06506699998863041,15976,19588,64,64,False,False,False,False,15976,64,False,512,0.0006,,240,0,bond_l2,"(6804, 15976)","(7794, 19588)",1,1,,,,0.0,64,4,15976,800,158,40,,,,,,,,,,,,,,,,,,,,,,,,,,,,,,,,,,,,,,,,,,,,,,,,,,,,,,
121.53794545901474,absorbing,,,,,,,L,84,96,144,179,309,294,603,7,1,295,0.03267766704084352,0.03614554199157283,0.06882320903241634,0.06928883399814367,15532,32932,64,64,False,False,False,False,15532,64,False,512,0.0006,,240,0,bond_l2,"(6549, 15532)","(11139, 32932)",1,1,,,,0.0,64,4,15532,770,158,40,,,,,,,,,,,,,,,,,,,,,,,,,,,,,,,,,,,,,,,,,,,,,,,,,,,,,,
121.74674299999606,absorbing,,,,,,,R,84,97,144,179,309,294,603,5,0,295,0.13645629200618714,0.04404487495776266,0.1805011669639498,0.18170287500834092,36712,31972,64,64,False,False,False,False,31972,64,False,512,0.0006,,240,0,bond_l2,"(14172, 36712)","(10899, 31972)",1,1,,,,0.0,64,4,31972,926,158,40,,,,,,,,,,,,,,,,,,,,,,,,,,,,,,,,,,,,,,,,,,,,,,,,,,,,,,
121.9661654169904,absorbing,,,,,,,R,84,98,144,179,309,297,606,4,3,298,0.12768199999118224,0.06065087497700006,0.1883328749681823,0.1898732910049148,52516,34628,64,64,False,False,False,False,34628,64,False,512,0.0006,,240,0,bond_l2,"(18102, 52516)","(11586, 34628)",1,1,,,,0.0,64,4,34628,996,158,40,,,,,,,,,,,,,,,,,,,,,,,,,,,,,,,,,,,,,,,,,,,,,,,,,,,,,,
122.17908545903629,absorbing,,,,,,,R,84,99,144,179,309,299,608,7,2,300,0.12963808298809454,0.0554619170143269,0.18510000000242144,0.1866589579731226,53476,37508,64,64,False,False,False,False,37508,64,False,512,0.0006,,240,0,bond_l2,"(18534, 53476)","(12306, 37508)",1,1,,,,0.0,64,4,37508,1068,158,40,,,,,,,,,,,,,,,,,,,,,,,,,,,,,,,,,,,,,,,,,,,,,,,,,,,,,,
122.46047837502556,absorbing,,,,,,,R,84,100,144,179,309,301,610,5,2,302,0.16321600001538172,0.08461295801680535,0.24782895803218707,0.2490317920455709,40996,31172,64,64,False,False,False,False,31172,64,False,512,0.0006,,240,0,bond_l2,"(15414, 40996)","(13026, 31172)",1,1,,,,0.0,64,4,31172,1140,158,40,,,,,,,,,,,,,,,,,,,,,,,,,,,,,,,,,,,,,,,,,,,,,,,,,,,,,,
122.64237729203887,absorbing,,,,,,,R,84,101,144,179,309,302,611,6,1,303,0.09553724998841062,0.05799516697879881,0.15353241696720943,0.1540279589826241,52132,33604,64,64,False,False,False,False,33604,64,False,512,0.0006,,240,0,bond_l2,"(15894, 52132)","(13314, 33604)",1,1,,,,0.0,64,4,33604,1172,158,40,,,,,,,,,,,,,,,,,,,,,,,,,,,,,,,,,,,,,,,,,,,,,,,,,,,,,,
122.86127058399143,absorbing,,,,,,,L,85,101,144,179,313,302,615,3,4,307,0.12496070802444592,0.06147308397339657,0.1864337919978425,0.18881791696185246,55652,47940,64,64,False,False,False,False,55652,64,False,512,0.0006,,240,0,bond_l2,"(16566, 55652)","(16962, 47940)",1,1,,,,0.0,64,4,55652,1200,158,40,,,,,,,,,,,,,,,,,,,,,,,,,,,,,,,,,,,,,,,,,,,,,,,,,,,,,,
123.10468158399453,absorbing,,,,,,,R,85,102,144,179,313,305,618,2,3,310,0.14856329199392349,0.06337829201947898,0.21194158401340246,0.21259458304848522,153956,61156,256,64,False,False,False,False,61156,64,False,512,0.0006,,240,0,bond_l2,"(78006, 153956)","(20214, 61156)",1,1,,,,0.0,64,4,61156,1280,158,40,,,,,,,,,,,,,,,,,,,,,,,,,,,,,,,,,,,,,,,,,,,,,,,,,,,,,,
123.375837708998,absorbing,,,,,,,R,85,103,144,179,313,307,620,3,2,312,0.14088291698135436,0.09889404202112928,0.23977695900248364,0.24119908403372392,159460,82660,256,64,False,False,False,False,82660,64,False,512,0.0006,,240,0,bond_l2,"(81654, 159460)","(27894, 82660)",1,1,,,,0.0,64,4,82660,1472,158,40,,,,,,,,,,,,,,,,,,,,,,,,,,,,,,,,,,,,,,,,,,,,,,,,,,,,,,
123.76466608402552,absorbing,,,,,,,R,85,104,144,179,313,310,623,4,3,315,0.19687420799164101,0.16420658299466595,0.36108079098630697,0.3619579579681158,180964,117024,256,64,False,False,False,False,117024,64,False,512,0.0006,,240,0,bond_l2,"(89334, 180964)","(33285, 117024)",1,1,,,,0.0,64,4,117024,1638,158,40,,,,,,,,,,,,,,,,,,,,,,,,,,,,,,,,,,,,,,,,,,,,,,,,,,,,,,
124.15475437499117,absorbing,,,,,,,L,86,104,144,179,314,310,624,6,1,316,0.15852270799223334,0.2043297910131514,0.36285249900538474,0.3634015829884447,117024,202176,64,256,False,False,False,False,117024,64,False,512,0.0006,,240,0,bond_l2,"(33285, 117024)","(91332, 202176)",1,1,,,,0.0,64,4,117024,1638,158,40,,,,,,,,,,,,,,,,,,,,,,,,,,,,,,,,,,,,,,,,,,,,,,,,,,,,,,
124.57281087501906,absorbing,,,,,,,L,87,104,144,179,315,310,625,5,1,317,0.19249541696626693,0.19331620796583593,0.38581162493210286,0.38914129097247496,91360,202176,64,256,False,False,False,False,91360,64,False,512,0.0006,,240,0,bond_l2,"(29154, 91360)","(91332, 202176)",1,1,,,,0.0,64,4,91360,1508,158,40,,,,,,,,,,,,,,,,,,,,,,,,,,,,,,,,,,,,,,,,,,,,,,,,,,,,,,
124.86113412503619,absorbing,,,,,,,L,88,104,144,179,317,310,627,5,2,319,0.14351987501140684,0.11586004198761657,0.2593799169990234,0.2611772919772193,80068,87424,64,64,False,False,False,False,80068,64,False,512,0.0006,,240,0,bond_l2,"(24804, 80068)","(25761, 87424)",1,1,,,,0.0,64,4,80068,1352,158,40,,,,,,,,,,,,,,,,,,,,,,,,,,,,,,,,,,,,,,,,,,,,,,,,,,,,,,
125.14036125002895,absorbing,,,,,,,R,88,105,144,179,317,314,631,4,4,323,0.14484625001205131,0.10548745800042525,0.25033370801247656,0.2515006670146249,63284,66916,64,64,False,False,False,False,66916,64,False,512,0.0006,,240,0,bond_l2,"(23031, 63284)","(21411, 66916)",1,1,,,,0.0,64,4,66916,1302,158,40,,,,,,,,,,,,,,,,,,,,,,,,,,,,,,,,,,,,,,,,,,,,,,,,,,,,,,
125.38102170900675,absorbing,,,,,,,L,89,105,144,179,319,314,633,4,2,325,0.13730633404338732,0.07437016599578783,0.21167650003917515,0.2134649580111727,49364,72740,64,64,False,False,False,False,49364,64,False,512,0.0006,,240,0,bond_l2,"(19638, 49364)","(22215, 72740)",1,1,,,,0.0,64,4,49364,1204,158,40,,,,,,,,,,,,,,,,,,,,,,,,,,,,,,,,,,,,,,,,,,,,,,,,,,,,,,
125.52270562504418,absorbing,,,,,,,L,90,105,144,179,321,314,635,4,2,327,0.058266290987376124,0.05604754202067852,0.11431383300805464,0.11500279098981991,33452,47124,64,64,False,False,False,False,33452,64,False,512,0.0006,,240,0,bond_l2,"(15573, 33452)","(16362, 47124)",1,1,,,,0.0,64,4,33452,1090,158,40,,,,,,,,,,,,,,,,,,,,,,,,,,,,,,,,,,,,,,,,,,,,,,,,,,,,,,
125.65622983401408,absorbing,,,,,,,L,91,105,144,179,321,314,635,6,0,327,0.05371149996062741,0.050024791969917715,0.10373629193054512,0.10451358399586752,28172,31212,64,64,False,False,False,False,28172,64,False,512,0.0006,,240,0,bond_l2,"(11958, 28172)","(12297, 31212)",1,1,,,,0.0,64,4,28172,1012,158,40,,,,,,,,,,,,,,,,,,,,,,,,,,,,,,,,,,,,,,,,,,,,,,,,,,,,,,
125.76895116700325,absorbing,,,,,,,R,91,106,144,179,321,314,635,7,0,327,0.044572959013748914,0.03959212498739362,0.08416508400114253,0.08475304098101333,32984,22860,64,64,False,False,False,False,22860,64,False,512,0.0006,,240,0,bond_l2,"(15513, 32984)","(8682, 22860)",1,1,,,,0.0,64,4,22860,928,158,40,,,,,,,,,,,,,,,,,,,,,,,,,,,,,,,,,,,,,,,,,,,,,,,,,,,,,,
125.88046666700393,absorbing,,,,,,,R,91,107,144,179,321,317,638,4,3,330,0.041355416004080325,0.04185837501427159,0.08321379101835191,0.08461104199523106,27348,23212,64,64,False,False,False,False,23212,64,False,512,0.0006,,240,0,bond_l2,"(11724, 27348)","(8760, 23212)",1,1,,,,0.0,64,4,23212,948,158,40,,,,,,,,,,,,,,,,,,,,,,,,,,,,,,,,,,,,,,,,,,,,,,,,,,,,,,
125.99226741702296,absorbing,,,,,,,L,92,107,144,179,322,317,639,6,1,331,0.04449029202805832,0.037627666955813766,0.08211795898387209,0.08343675005016848,27700,37132,64,64,False,False,False,False,27700,64,False,512,0.0006,,240,0,bond_l2,"(11802, 27700)","(16980, 37132)",1,1,,,,0.0,64,4,27700,1000,158,40,,,,,,,,,,,,,,,,,,,,,,,,,,,,,,,,,,,,,,,,,,,,,,,,,,,,,,
126.12644812499639,absorbing,,,,,,,L,93,107,144,179,324,317,641,6,2,333,0.0633974579977803,0.04249958402942866,0.10589704202720895,0.10715883295051754,41108,35092,64,64,False,False,False,False,41108,64,False,512,0.0006,,240,0,bond_l2,"(15339, 41108)","(15942, 35092)",1,1,,,,0.0,64,4,41108,1058,158,40,,,,,,,,,,,,,,,,,,,,,,,,,,,,,,,,,,,,,,,,,,,,,,,,,,,,,,
126.28399204200832,absorbing,,,,,,,R,93,108,144,179,324,319,643,5,2,335,0.07483687502099201,0.05324400000972673,0.12808087503071874,0.1295197500148788,54772,44084,64,64,False,False,False,False,44084,64,False,512,0.0006,,240,0,bond_l2,"(18732, 54772)","(16071, 44084)",1,1,,,,0.0,64,4,44084,1134,158,40,,,,,,,,,,,,,,,,,,,,,,,,,,,,,,,,,,,,,,,,,,,,,,,,,,,,,,
126.4681306250277,absorbing,,,,,,,L,94,108,144,179,327,319,646,4,3,338,0.09541887504747137,0.059356958023272455,0.15477583307074383,0.1562388339661993,56308,57428,64,64,False,False,False,False,56308,64,False,512,0.0006,,240,0,bond_l2,"(19239, 56308)","(24006, 57428)",1,1,,,,0.0,64,4,56308,1166,158,40,,,,,,,,,,,,,,,,,,,,,,,,,,,,,,,,,,,,,,,,,,,,,,,,,,,,,,
126.65571704204194,absorbing,,,,,,,R,94,109,144,179,327,319,646,6,0,338,0.0992274169693701,0.058069666964001954,0.15729708393337205,0.1583463330171071,80460,57556,64,64,False,False,False,False,57556,64,False,512,0.0006,,240,0,bond_l2,"(22923, 80460)","(19695, 57556)",1,1,,,,0.0,64,4,57556,1214,158,40,,,,,,,,,,,,,,,,,,,,,,,,,,,,,,,,,,,,,,,,,,,,,,,,,,,,,,
126.84549762500683,absorbing,,,,,,,R,94,110,144,179,327,321,648,3,2,340,0.10370145796332508,0.057446875027380884,0.16114833299070597,0.16177912498824298,81180,59284,64,64,False,False,False,False,59284,64,False,512,0.0006,,240,0,bond_l2,"(23139, 81180)","(20106, 59284)",1,1,,,,0.0,64,4,59284,1256,158,40,,,,,,,,,,,,,,,,,,,,,,,,,,,,,,,,,,,,,,,,,,,,,,,,,,,,,,
127.0542681250372,absorbing,,,,,,,L,95,110,144,179,330,321,651,4,3,343,0.10893474996555597,0.07068712502950802,0.179621874995064,0.18102695798734203,83244,75632,64,64,False,False,False,False,83244,64,False,512,0.0006,,240,0,bond_l2,"(23532, 83244)","(24174, 75632)",1,1,,,,0.0,64,4,83244,1312,158,40,,,,,,,,,,,,,,,,,,,,,,,,,,,,,,,,,,,,,,,,,,,,,,,,,,,,,,
127.35054516699165,absorbing,,,,,,,L,96,110,144,179,333,321,654,3,3,346,0.1700343749835156,0.09639045799849555,0.26642483298201114,0.267022917047143,82120,98844,64,64,False,False,False,False,82120,64,False,512,0.0006,,240,0,bond_l2,"(23209, 82120)","(27532, 98844)",1,1,,,,0.0,64,4,82120,1282,158,40,,,,,,,,,,,,,,,,,,,,,,,,,,,,,,,,,,,,,,,,,,,,,,,,,,,,,,
127.62507654202636,absorbing,,,,,,,L,97,110,144,179,335,321,656,4,2,348,0.15713079198030755,0.08544512500520796,0.2425759169855155,0.2430472089909017,82444,97480,64,64,False,False,False,False,82444,64,False,512,0.0006,,240,0,bond_l2,"(23411, 82444)","(27026, 97480)",1,1,,,,0.0,64,4,82444,1302,158,40,,,,,,,,,,,,,,,,,,,,,,,,,,,,,,,,,,,,,,,,,,,,,,,,,,,,,,
127.88620854204055,absorbing,,,,,,,L,98,110,144,179,337,321,658,5,2,350,0.14573645900236443,0.08670345903374255,0.23243991803610697,0.23295341699849814,82316,97864,64,64,False,False,False,False,82316,64,False,512,0.0006,,240,0,bond_l2,"(23363, 82316)","(27266, 97864)",1,1,,,,0.0,64,4,82316,1294,158,40,,,,,,,,,,,,,,,,,,,,,,,,,,,,,,,,,,,,,,,,,,,,,,,,,,,,,,
128.13447024999186,absorbing,,,,,,,L,99,110,144,179,337,321,658,7,0,350,0.12717687501572073,0.09139712498290464,0.21857399999862537,0.21928370802197605,57584,103880,64,64,False,False,False,False,57584,64,False,512,0.0006,,240,0,bond_l2,"(19493, 57584)","(31058, 103880)",1,1,,,,0.0,64,4,57584,1186,158,40,,,,,,,,,,,,,,,,,,,,,,,,,,,,,,,,,,,,,,,,,,,,,,,,,,,,,,
128.31399900000542,absorbing,,,,,,,L,100,110,144,179,338,321,659,6,1,351,0.07425233401590958,0.0762982500018552,0.15055058401776478,0.1518586669699289,36104,79112,64,64,False,False,False,False,36104,64,False,512,0.0006,,240,0,bond_l2,"(11828, 36104)","(27188, 79112)",1,1,,,,0.0,64,4,36104,1000,158,40,,,,,,,,,,,,,,,,,,,,,,,,,,,,,,,,,,,,,,,,,,,,,,,,,,,,,,
128.4657970420085,absorbing,,,,,,,L,101,110,144,179,338,321,659,8,0,351,0.0518305420409888,0.06698416697327048,0.11881470901425928,0.12011141702532768,38852,57584,64,64,False,False,False,False,38852,64,False,512,0.0006,,240,0,bond_l2,"(14963, 38852)","(19493, 57584)",1,1,,,,0.0,64,4,38852,1030,158,40,,,,,,,,,,,,,,,,,,,,,,,,,,,,,,,,,,,,,,,,,,,,,,,,,,,,,,
128.62962608400267,absorbing,,,,,,,L,102,110,144,179,338,321,659,8,0,351,0.06339445902267471,0.07117424998432398,0.1345687090069987,0.13506066700210795,39232,69512,64,64,False,False,False,False,39232,64,False,512,0.0006,,240,0,bond_l2,"(14834, 39232)","(22628, 69512)",1,1,,,,0.0,64,4,39232,1028,158,40,,,,,,,,,,,,,,,,,,,,,,,,,,,,,,,,,,,,,,,,,,,,,,,,,,,,,,
128.8073707500007,absorbing,,,,,,,L,103,110,144,179,342,321,663,4,4,355,0.08026399998925626,0.06861983402632177,0.14888383401557803,0.1497518329997547,38968,69832,64,64,False,False,False,False,38968,64,False,512,0.0006,,240,0,bond_l2,"(14807, 38968)","(22484, 69832)",1,1,,,,0.0,64,4,38968,1030,158,40,,,,,,,,,,,,,,,,,,,,,,,,,,,,,,,,,,,,,,,,,,,,,,,,,,,,,,
128.96565329201985,absorbing,,,,,,,R,103,111,144,179,342,322,664,3,1,356,0.06153087498387322,0.06655283400323242,0.12808370898710564,0.1289473749930039,63688,63388,64,64,False,False,False,False,63388,64,False,512,0.0006,,240,0,bond_l2,"(18779, 63688)","(18584, 63388)",1,1,,,,0.0,64,4,63388,1112,158,40,,,,,,,,,,,,,,,,,,,,,,,,,,,,,,,,,,,,,,,,,,,,,,,,,,,,,,
129.2694243339938,absorbing,,,,,,,R,103,112,144,179,342,322,664,5,0,356,0.13629408401902765,0.1365224170149304,0.27281650103395805,0.27479916700394824,161836,63484,256,64,False,False,False,False,63484,64,False,512,0.0006,,240,0,bond_l2,"(80156, 161836)","(18596, 63484)",1,1,,,,0.0,64,4,63484,1116,158,40,,,,,,,,,,,,,,,,,,,,,,,,,,,,,,,,,,,,,,,,,,,,,,,,,,,,,,
129.52964345901273,absorbing,,,,,,,R,103,113,144,179,342,323,665,5,1,357,0.14188237499911338,0.08176837500650436,0.22365075000561774,0.2251154580153525,161884,62108,256,64,False,False,False,False,62108,64,False,512,0.0006,,240,0,bond_l2,"(80168, 161884)","(18533, 62108)",1,1,,,,0.0,64,4,62108,1102,158,40,,,,,,,,,,,,,,,,,,,,,,,,,,,,,,,,,,,,,,,,,,,,,,,,,,,,,,
129.76081545901252,absorbing,,,,,,,R,103,114,144,179,342,325,667,5,2,359,0.13552250002976507,0.06664837501011789,0.20217087503988296,0.20267704204889014,159932,62980,256,64,False,False,False,False,62980,64,False,512,0.0006,,240,0,bond_l2,"(79685, 159932)","(18746, 62980)",1,1,,,,0.0,64,4,62980,1116,158,40,,,,,,,,,,,,,,,,,,,,,,,,,,,,,,,,,,,,,,,,,,,,,,,,,,,,,,
130.0323300420423,absorbing,,,,,,,R,103,115,144,179,342,328,670,4,3,362,0.13656024995725602,0.10393533401656896,0.24049558397382498,0.24267345800762996,160804,71664,256,64,False,False,False,False,71664,64,False,512,0.0006,,240,0,bond_l2,"(79898, 160804)","(23069, 71664)",1,1,,,,0.0,64,4,71664,1262,158,40,,,,,,,,,,,,,,,,,,,,,,,,,,,,,,,,,,,,,,,,,,,,,,,,,,,,,,
130.33912283403333,absorbing,,,,,,,R,103,116,144,179,342,332,674,4,4,366,0.1368311250116676,0.14061487501021475,0.27744600002188236,0.2779857499990612,168904,71872,256,64,False,False,False,False,71872,64,False,512,0.0006,,240,0,bond_l2,"(84218, 168904)","(23144, 71872)",1,1,,,,0.0,64,4,71872,1280,158,40,,,,,,,,,,,,,,,,,,,,,,,,,,,,,,,,,,,,,,,,,,,,,,,,,,,,,,
130.6413468340179,absorbing,,,,,,,R,103,117,144,179,342,335,677,5,3,369,0.13348004198633134,0.13945754198357463,0.272937583969906,0.2734657090040855,169120,67356,256,64,False,False,False,False,67356,64,False,512,0.0006,,240,0,bond_l2,"(84296, 169120)","(19655, 67356)",1,1,,,,0.0,64,4,67356,1230,158,40,,,,,,,,,,,,,,,,,,,,,,,,,,,,,,,,,,,,,,,,,,,,,,,,,,,,,,
130.8622010840336,absorbing,,,,,,,L,104,117,144,179,342,335,677,9,0,369,0.1235542080248706,0.06615204102126881,0.18970624904613942,0.19182487501529977,66300,66972,64,64,False,False,False,False,66300,64,False,512,0.0006,,240,0,bond_l2,"(19367, 66300)","(19523, 66972)",1,1,,,,0.0,64,4,66300,1198,158,40,,,,,,,,,,,,,,,,,,,,,,,,,,,,,,,,,,,,,,,,,,,,,,,,,,,,,,
131.12229533400387,absorbing,,,,,,,R,104,118,144,179,342,336,678,6,1,370,0.15878670796519145,0.07001441699685529,0.22880112496204674,0.22935566696105525,164244,65916,256,64,False,False,False,False,65916,64,False,512,0.0006,,240,0,bond_l2,"(80656, 164244)","(19235, 65916)",1,1,,,,0.0,64,4,65916,1194,158,40,,,,,,,,,,,,,,,,,,,,,,,,,,,,,,,,,,,,,,,,,,,,,,,,,,,,,,
131.37916866701562,absorbing,,,,,,,R,104,119,144,179,342,337,679,8,1,371,0.1506549579789862,0.07455362501787022,0.22520858299685642,0.225674917048309,165012,82492,256,64,False,False,False,False,82492,64,False,512,0.0006,,240,0,bond_l2,"(81424, 165012)","(24148, 82492)",1,1,,,,0.0,64,4,82492,1360,158,40,,,,,,,,,,,,,,,,,,,,,,,,,,,,,,,,,,,,,,,,,,,,,,,,,,,,,,
131.70811433403287,absorbing,,,,,,,R,104,120,144,179,342,340,682,6,3,374,0.15447645803214982,0.14186454197624698,0.2963410000083968,0.2983068749890663,180308,181396,256,246,False,False,False,False,181396,246,False,512,0.0006,,240,0,bond_l2,"(85252, 180308)","(82480, 181396)",1,1,,,,0.0,246,4,181396,1888,158,40,,,,,,,,,,,,,,,,,,,,,,,,,,,,,,,,,,,,,,,,,,,,,,,,,,,,,,
132.30023062502733,absorbing,,,,,,,R,104,121,144,179,342,344,686,5,4,378,0.24983045901171863,0.3104124999954365,0.5602429590071552,0.5609208330279216,266308,385928,256,243,False,False,False,False,385928,243,False,512,0.0006,,240,0,bond_l2,"(136824, 266308)","(130367, 385928)",1,1,,,,0.0,243,4,385928,2346,158,40,,,,,,,,,,,,,,,,,,,,,,,,,,,,,,,,,,,,,,,,,,,,,,,,,,,,,,
133.06042408401845,absorbing,,,,,,,R,104,122,144,179,342,345,687,5,1,379,0.473333417030517,0.2561164579819888,0.7294498750125058,0.7307738340459764,477092,292904,256,197,False,False,False,False,292904,197,False,512,0.0006,,240,0,bond_l2,"(152429, 477092)","(95243, 292904)",1,1,,,,0.0,197,4,292904,2258,158,40,,,,,,,,,,,,,,,,,,,,,,,,,,,,,,,,,,,,,,,,,,,,,,,,,,,,,,
133.79304291703738,absorbing,,,,,,,R,104,123,144,179,342,347,689,4,2,381,0.39470683300169185,0.30437920900294557,0.6990860420046374,0.7022118340246379,432416,360308,256,180,False,False,False,False,360308,180,False,512,0.0006,,240,0,bond_l2,"(141856, 432416)","(108160, 360308)",1,1,,,,0.0,180,4,360308,2568,158,40,,,,,,,,,,,,,,,,,,,,,,,,,,,,,,,,,,,,,,,,,,,,,,,,,,,,,,
135.09385900001507,absorbing,,,,,,,L,105,123,144,179,346,347,693,6,4,385,0.48897354200016707,0.7811803750228137,1.2701539170229807,1.2709722500294447,401820,737720,256,512,False,True,False,True,401820,256,False,512,0.0006,,240,0,bond_l2,"(135249, 401820)","(339263, 737720)",1,1,,,,0.0,256,4,401820,2658,158,40,,,,,,,,,,,,,,,,,,,,,,,,,,,,,,,,,,,,,,,,,,,,,,,,,,,,,,
136.43670108402148,absorbing,,,,,,,L,106,123,144,179,349,347,696,6,3,388,0.6415791669860482,0.6703109579975717,1.31189012498362,1.3132832089904696,286100,855472,256,512,False,True,False,True,286100,256,False,512,0.0006,,240,0,bond_l2,"(116195, 286100)","(398042, 855472)",1,1,,,,0.0,256,4,286100,2394,158,40,,,,,,,,,,,,,,,,,,,,,,,,,,,,,,,,,,,,,,,,,,,,,,,,,,,,,,
137.03797679202398,absorbing,,,,,,,L,107,123,144,179,352,347,699,6,3,391,0.23438508302206174,0.33477554202545434,0.5691606250475161,0.5708754999795929,285392,459824,256,256,False,False,False,False,285392,256,False,512,0.0006,,240,0,bond_l2,"(115778, 285392)","(151821, 459824)",1,1,,,,0.0,256,4,285392,2364,158,40,,,,,,,,,,,,,,,,,,,,,,,,,,,,,,,,,,,,,,,,,,,,,,,,,,,,,,
137.76597216702066,absorbing,,,,,,,L,108,123,144,179,354,347,701,7,2,393,0.3868004590040073,0.3094072079984471,0.6962076670024544,0.6969349170103669,280616,452208,256,256,False,False,False,False,280616,256,False,512,0.0006,,240,0,bond_l2,"(113409, 280616)","(150450, 452208)",1,1,,,,0.0,256,4,280616,2310,158,40,,,,,,,,,,,,,,,,,,,,,,,,,,,,,,,,,,,,,,,,,,,,,,,,,,,,,,
138.41802858404117,absorbing,,,,,,,L,109,123,144,179,356,347,703,4,2,395,0.280687999969814,0.34059350000461563,0.6212814999744296,0.6233483340474777,366088,411368,256,256,False,False,False,False,366088,256,False,512,0.0006,,240,0,bond_l2,"(143555, 366088)","(148449, 411368)",1,1,,,,0.0,256,4,366088,2690,158,40,,,,,,,,,,,,,,,,,,,,,,,,,,,,,,,,,,,,,,,,,,,,,,,,,,,,,,
139.24316541699227,absorbing,,,,,,,L,110,123,144,179,359,347,706,3,3,398,0.37709795898990706,0.4188319999957457,0.7959299589856528,0.7971065000165254,215560,564168,128,256,False,False,False,True,215560,128,False,512,0.0006,,240,0,bond_l2,"(81465, 215560)","(174665, 564168)",1,1,,,,0.0,128,4,215560,2278,158,40,,,,,,,,,,,,,,,,,,,,,,,,,,,,,,,,,,,,,,,,,,,,,,,,,,,,,,
140.61794200004078,absorbing,,,,,,,R,110,124,144,179,359,352,711,2,5,403,1.0174272500444204,0.32449291698867455,1.341920167033095,1.3429621670511551,1182372,417800,512,128,True,False,True,False,417800,128,False,512,0.0006,,240,0,bond_l2,"(598868, 1182372)","(114559, 417800)",1,1,,,,0.0,128,4,417800,2770,158,40,,,,,,,,,,,,,,,,,,,,,,,,,,,,,,,,,,,,,,,,,,,,,,,,,,,,,,
144.83464808401186,absorbing,,,,,,,R,110,125,144,179,359,352,711,4,0,403,3.4184794589527883,0.7666284589795396,4.185107917932328,4.186915249971207,3742244,452232,512,256,True,False,True,False,452232,256,False,512,0.0006,,240,0,bond_l2,"(1092671, 3742244)","(151625, 452232)",1,1,,,,0.0,256,4,452232,2926,158,40,,,,,,,,,,,,,,,,,,,,,,,,,,,,,,,,,,,,,,,,,,,,,,,,,,,,,,
154.37845329201082,unswapping,,,,,,,,,,,,,,,,,,,,,,,,,,,,,,,,,,,,,,,,,,,,,,,256,4,466600,2746,158,40,0,both,0,20,20,7,7,,,,,0,,,,,,,,,,,,,,,,,,,,,,,,,,,,,,,,,,,,,,,,,,
157.12578012503218,unswapping,,,,,,,,,,,,,,,,,,,,,,,,,,,,,,,,,,,,,,,,,,,,,,,256,4,273624,2104,158,40,0,both,1,19,19,4,11,,,,,0,,,,,,,,,,,,,,,,,,,,,,,,,,,,,,,,,,,,,,,,,,
157.8855597919901,unswapping,,,,,,,,,,,,,,,,,,,,,,,,,,,,,,,,,,,,,,,,,,,,,,,128,4,116056,1594,158,40,0,left,0,20,20,5,16,,,,,10,,,,,,,,,,,,,,,,,,,,,,,,,,,,,,,,,,,,,,,,,,
158.26823133399012,unswapping,,,,,,,,,,,,,,,,,,,,,,,,,,,,,,,,,,,,,,,,,,,,,,,64,4,65352,1356,158,40,0,left,1,19,19,5,21,,,,,20,,,,,,,,,,,,,,,,,,,,,,,,,,,,,,,,,,,,,,,,,,
158.45536191703286,unswapping,,,,,,,,,,,,,,,,,,,,,,,,,,,,,,,,,,,,,,,,,,,,,,,64,4,60704,1320,158,40,0,right,0,20,20,2,23,,,,,24,,,,,,,,,,,,,,,,,,,,,,,,,,,,,,,,,,,,,,,,,,
158.68052966700634,unswapping,,,,,,,,,,,,,,,,,,,,,,,,,,,,,,,,,,,,,,,,,,,,,,,64,4,57984,1264,158,40,0,right,1,19,19,4,27,,,,,32,,,,,,,,,,,,,,,,,,,,,,,,,,,,,,,,,,,,,,,,,,
159.14353312499588,unswapping,,,,,,,,,,,,,,,,,,,,,,,,,,,,,,,,,,,,,,,,,,,,,,,64,4,30020,1026,158,40,1,both,0,20,20,7,7,,,,,46,,,,,,,,,,,,,,,,,,,,,,,,,,,,,,,,,,,,,,,,,,
159.31828725000378,unswapping,,,,,,,,,,,,,,,,,,,,,,,,,,,,,,,,,,,,,,,,,,,,,,,32,4,17084,878,158,40,1,both,1,19,19,5,12,,,,,58,,,,,,,,,,,,,,,,,,,,,,,,,,,,,,,,,,,,,,,,,,
159.3866236670292,unswapping,,,,,,,,,,,,,,,,,,,,,,,,,,,,,,,,,,,,,,,,,,,,,,,32,4,13916,808,158,40,1,left,0,20,20,5,17,,,,,66,,,,,,,,,,,,,,,,,,,,,,,,,,,,,,,,,,,,,,,,,,
159.44216745899757,unswapping,,,,,,,,,,,,,,,,,,,,,,,,,,,,,,,,,,,,,,,,,,,,,,,16,4,10508,730,158,40,1,left,1,19,19,4,21,,,,,74,,,,,,,,,,,,,,,,,,,,,,,,,,,,,,,,,,,,,,,,,,
159.49255591700785,unswapping,,,,,,,,,,,,,,,,,,,,,,,,,,,,,,,,,,,,,,,,,,,,,,,16,4,9452,698,158,40,1,right,0,20,20,2,23,,,,,74,,,,,,,,,,,,,,,,,,,,,,,,,,,,,,,,,,,,,,,,,,
159.53695095900912,unswapping,,,,,,,,,,,,,,,,,,,,,,,,,,,,,,,,,,,,,,,,,,,,,,,16,4,8084,654,158,40,1,right,1,19,19,4,27,,,,,80,,,,,,,,,,,,,,,,,,,,,,,,,,,,,,,,,,,,,,,,,,
159.6227325000218,unswapping,,,,,,,,,,,,,,,,,,,,,,,,,,,,,,,,,,,,,,,,,,,,,,,16,4,6516,606,158,40,2,both,0,20,20,5,5,,,,,88,,,,,,,,,,,,,,,,,,,,,,,,,,,,,,,,,,,,,,,,,,
159.69455483404454,unswapping,,,,,,,,,,,,,,,,,,,,,,,,,,,,,,,,,,,,,,,,,,,,,,,16,4,6072,584,158,40,2,both,1,19,19,3,8,,,,,90,,,,,,,,,,,,,,,,,,,,,,,,,,,,,,,,,,,,,,,,,,
159.73682283400558,unswapping,,,,,,,,,,,,,,,,,,,,,,,,,,,,,,,,,,,,,,,,,,,,,,,16,4,5728,572,158,40,2,left,0,20,20,2,10,,,,,90,,,,,,,,,,,,,,,,,,,,,,,,,,,,,,,,,,,,,,,,,,
159.75935145904077,unswapping,,,,,,,,,,,,,,,,,,,,,,,,,,,,,,,,,,,,,,,,,,,,,,,16,4,5728,572,158,40,2,left,1,19,19,0,10,,,,,90,,,,,,,,,,,,,,,,,,,,,,,,,,,,,,,,,,,,,,,,,,
159.77814141701674,unswapping,,,,,,,,,,,,,,,,,,,,,,,,,,,,,,,,,,,,,,,,,,,,,,,16,4,5728,572,158,40,2,right,0,20,20,0,10,,,,,90,,,,,,,,,,,,,,,,,,,,,,,,,,,,,,,,,,,,,,,,,,
159.8118160419981,unswapping,,,,,,,,,,,,,,,,,,,,,,,,,,,,,,,,,,,,,,,,,,,,,,,16,4,5088,556,158,40,2,right,1,19,19,1,11,,,,,92,,,,,,,,,,,,,,,,,,,,,,,,,,,,,,,,,,,,,,,,,,
159.88397275004536,unswapping,,,,,,,,,,,,,,,,,,,,,,,,,,,,,,,,,,,,,,,,,,,,,,,16,4,5064,552,158,40,3,both,0,20,20,2,2,,,,,96,,,,,,,,,,,,,,,,,,,,,,,,,,,,,,,,,,,,,,,,,,
159.92341145902174,unswapping,,,,,,,,,,,,,,,,,,,,,,,,,,,,,,,,,,,,,,,,,,,,,,,16,4,5064,552,158,40,3,both,1,19,19,0,2,,,,,96,,,,,,,,,,,,,,,,,,,,,,,,,,,,,,,,,,,,,,,,,,
159.94137133401819,unswapping,,,,,,,,,,,,,,,,,,,,,,,,,,,,,,,,,,,,,,,,,,,,,,,16,4,5064,552,158,40,3,left,0,20,20,0,2,,,,,96,,,,,,,,,,,,,,,,,,,,,,,,,,,,,,,,,,,,,,,,,,
159.95916370901978,unswapping,,,,,,,,,,,,,,,,,,,,,,,,,,,,,,,,,,,,,,,,,,,,,,,16,4,5064,552,158,40,3,left,1,19,19,0,2,,,,,96,,,,,,,,,,,,,,,,,,,,,,,,,,,,,,,,,,,,,,,,,,
159.9756696250406,unswapping,,,,,,,,,,,,,,,,,,,,,,,,,,,,,,,,,,,,,,,,,,,,,,,16,4,5064,552,158,40,3,right,0,20,20,0,2,,,,,96,,,,,,,,,,,,,,,,,,,,,,,,,,,,,,,,,,,,,,,,,,
159.99421650002478,unswapping,,,,,,,,,,,,,,,,,,,,,,,,,,,,,,,,,,,,,,,,,,,,,,,16,4,5064,552,158,40,3,right,1,19,19,0,2,,,,,96,,,,,,,,,,,,,,,,,,,,,,,,,,,,,,,,,,,,,,,,,,
160.02779308403842,unswapping,,,,,,,,,,,,,,,,,,,,,,,,,,,,,,,,,,,,,,,,,,,,,,,16,4,5064,552,158,40,4,both,0,20,20,0,0,,,,,96,,,,,,,,,,,,,,,,,,,,,,,,,,,,,,,,,,,,,,,,,,
160.0655617500306,unswapping,,,,,,,,,,,,,,,,,,,,,,,,,,,,,,,,,,,,,,,,,,,,,,,16,4,5064,552,158,40,4,both,1,19,19,0,0,,,,,96,,,,,,,,,,,,,,,,,,,,,,,,,,,,,,,,,,,,,,,,,,
160.08319337503053,unswapping,,,,,,,,,,,,,,,,,,,,,,,,,,,,,,,,,,,,,,,,,,,,,,,16,4,5064,552,158,40,4,left,0,20,20,0,0,,,,,96,,,,,,,,,,,,,,,,,,,,,,,,,,,,,,,,,,,,,,,,,,
160.10190875001717,unswapping,,,,,,,,,,,,,,,,,,,,,,,,,,,,,,,,,,,,,,,,,,,,,,,16,4,5064,552,158,40,4,left,1,19,19,0,0,,,,,96,,,,,,,,,,,,,,,,,,,,,,,,,,,,,,,,,,,,,,,,,,
160.1189333749935,unswapping,,,,,,,,,,,,,,,,,,,,,,,,,,,,,,,,,,,,,,,,,,,,,,,16,4,5064,552,158,40,4,right,0,20,20,0,0,,,,,96,,,,,,,,,,,,,,,,,,,,,,,,,,,,,,,,,,,,,,,,,,
160.13818662503036,unswapping,,,,,,,,,,,,,,,,,,,,,,,,,,,,,,,,,,,,,,,,,,,,,,,16,4,5064,552,158,40,4,right,1,19,19,0,0,,,,,96,,,,,,,,,,,,,,,,,,,,,,,,,,,,,,,,,,,,,,,,,,
160.95304858399322,unswap_cycle_summary,,,,,,,,,,,,359,352,711,,,,,,,,,,,,,,,,,,,512,0.0006,,,,,,,,,,,,,16,4,5064,552,158,40,,,,,,,,,,,,,,,,,,,,5,11.793790833035018,711,808,97,403,False,,,,,,,,,,,,,,,,,,,,,,,,,,,,
161.11235983402003,rewiring,left,post_unswap,0.13236633402993903,36,False,False,,,,,,,,,,,,,,,,,,,,,,,,,,,,,,,,,,,,,,,,,,,,,,,,,,,,,,,,,,,,,,,,,,5,,,,,,,50,False,403,4,bond_profile,8,False,1,1132,"(105, 12, 18, 8, 6, 143, 31)",0.002883293083868921,0.1294571670005098,"[{'seed': 123, 'score': (112, 12, 19, 8, 9, 140, 34), 'num_layers': 34, 'total_swaps': 140, 'max_layer_swaps': 9, 'swap_only_layers': 9, 'work_layers': 25, 'unitary_layers': 25, 'first_work_layer': 0, 'leading_no_work_layers': 0, 'bond_profile_layers_scored': 8, 'bond_profile_total_cost': 112, 'bond_profile_max_cost': 12, 'bond_profile_gate_count': 19}, {'seed': 1132, 'score': (105, 12, 18, 8, 6, 143, 31), 'num_layers': 31, 'total_swaps': 143, 'max_layer_swaps': 8, 'swap_only_layers': 6, 'work_layers': 25, 'unitary_layers': 25, 'first_work_layer': 0, 'leading_no_work_layers': 0, 'bond_profile_layers_scored': 8, 'bond_profile_total_cost': 105, 'bond_profile_max_cost': 12, 'bond_profile_gate_count': 18}, {'seed': 2141, 'score': (112, 12, 19, 8, 9, 142, 32), 'num_layers': 32, 'total_swaps': 142, 'max_layer_swaps': 9, 'swap_only_layers': 9, 'work_layers': 23, 'unitary_layers': 23, 'first_work_layer': 0, 'leading_no_work_layers': 0, 'bond_profile_layers_scored': 8, 'bond_profile_total_cost': 112, 'bond_profile_max_cost': 12, 'bond_profile_gate_count': 19}, {'seed': 3150, 'score': (116, 12, 20, 8, 13, 140, 35), 'num_layers': 35, 'total_swaps': 140, 'max_layer_swaps': 8, 'swap_only_layers': 13, 'work_layers': 22, 'unitary_layers': 22, 'first_work_layer': 0, 'leading_no_work_layers': 0, 'bond_profile_layers_scored': 8, 'bond_profile_total_cost': 116, 'bond_profile_max_cost': 12, 'bond_profile_gate_count': 20}]",0.1323600000469014,0.2962405409780331,,,,,,,,,,,,,
161.27606062503764,rewiring,right,post_unswap,0.16355779103469104,56,False,False,,,,,,,,,,,,,,,,,,,,,,,,,,,,,,,,,,,,,,,,,,,,,,,,,,,,,,,,,,,,,,,,,,5,,,,,,,50,False,403,4,bond_profile,8,False,1,123,"(46, 8, 11, 8, 15, 197, 48)",0.0025967920082621276,0.16093829204328358,"[{'seed': 123, 'score': (46, 8, 11, 8, 15, 197, 48), 'num_layers': 48, 'total_swaps': 197, 'max_layer_swaps': 9, 'swap_only_layers': 15, 'work_layers': 33, 'unitary_layers': 33, 'first_work_layer': 1, 'leading_no_work_layers': 1, 'bond_profile_layers_scored': 8, 'bond_profile_total_cost': 46, 'bond_profile_max_cost': 8, 'bond_profile_gate_count': 11}, {'seed': 1132, 'score': (47, 8, 13, 8, 21, 197, 53), 'num_layers': 53, 'total_swaps': 197, 'max_layer_swaps': 9, 'swap_only_layers': 21, 'work_layers': 32, 'unitary_layers': 32, 'first_work_layer': 1, 'leading_no_work_layers': 1, 'bond_profile_layers_scored': 8, 'bond_profile_total_cost': 47, 'bond_profile_max_cost': 8, 'bond_profile_gate_count': 13}, {'seed': 2141, 'score': (47, 8, 13, 8, 18, 196, 52), 'num_layers': 52, 'total_swaps': 196, 'max_layer_swaps': 9, 'swap_only_layers': 18, 'work_layers': 34, 'unitary_layers': 34, 'first_work_layer': 1, 'leading_no_work_layers': 1, 'bond_profile_layers_scored': 8, 'bond_profile_total_cost': 47, 'bond_profile_max_cost': 8, 'bond_profile_gate_count': 13}, {'seed': 3150, 'score': (47, 8, 13, 8, 19, 196, 51), 'num_layers': 51, 'total_swaps': 196, 'max_layer_swaps': 9, 'swap_only_layers': 19, 'work_layers': 32, 'unitary_layers': 32, 'first_work_layer': 1, 'leading_no_work_layers': 1, 'bond_profile_layers_scored': 8, 'bond_profile_total_cost': 47, 'bond_profile_max_cost': 8, 'bond_profile_gate_count': 13}]",0.16355266596656293,0.2962405409780331,,,,,,,,,,,,,
161.33073333400534,cycle_progress,,,,,,,,,,,,359,352,711,,,,,,,,,,,,,,,,,,,512,0.0006,,240,0,,,,,,,,,,16,4,5064,552,158,40,,,,,,,,,,,,,,,,,,,,5,,711,808,97,403,False,,,,,,,,,,,,,,,0.2962405409780331,,,,,,,,,,,,,
161.4088824170176,absorbing,,,,,,,L,1,0,31,48,362,352,714,6,3,3,0.023197041999083012,0.01947529095923528,0.04267233295831829,0.0471316670300439,5328,7444,16,24,False,False,False,False,5328,16,False,512,0.0006,,5064,0,bond_l2,"(1563, 5328)","(2378, 7444)",1,1,,,,0.0,16,4,5328,566,158,40,,,,,,,,,,,,,,,,,,,,,,,,,,,,,,,,,,,,,,,,,,,,,,,,,,,,,,
161.4908967500087,absorbing,,,,,,,R,1,1,31,48,362,352,714,9,0,3,0.02983112505171448,0.02060812502168119,0.05043925007339567,0.05095650005387142,8708,7732,24,24,False,False,False,False,7732,24,False,512,0.0006,,5064,0,bond_l2,"(2662, 8708)","(2433, 7732)",1,1,,,,0.0,24,4,7732,642,158,40,,,,,,,,,,,,,,,,,,,,,,,,,,,,,,,,,,,,,,,,,,,,,,,,,,,,,,
161.57964333402924,absorbing,,,,,,,L,2,1,31,48,365,352,717,6,3,6,0.03296083299210295,0.025743415986653417,0.05870424897875637,0.05912904202705249,10516,11096,24,32,False,False,False,False,10516,24,False,512,0.0006,,5064,0,bond_l2,"(3158, 10516)","(3723, 11096)",1,1,,,,0.0,24,4,10516,696,158,40,,,,,,,,,,,,,,,,,,,,,,,,,,,,,,,,,,,,,,,,,,,,,,,,,,,,,,
161.66819516703254,absorbing,,,,,,,L,3,1,31,48,368,352,720,4,3,9,0.0324588330113329,0.026274833013303578,0.05873366602463648,0.05919612501747906,11748,13724,32,32,False,False,False,False,11748,32,False,512,0.0006,,5064,0,bond_l2,"(3926, 11748)","(4393, 13724)",1,1,,,,0.0,32,4,11748,728,158,40,,,,,,,,,,,,,,,,,,,,,,,,,,,,,,,,,,,,,,,,,,,,,,,,,,,,,,
161.77832650003256,absorbing,,,,,,,R,3,2,31,48,368,353,721,6,1,10,0.051066666026599705,0.027942791988607496,0.0790094580152072,0.07947108300868422,18320,11188,50,24,False,False,False,False,11188,24,False,512,0.0006,,5064,0,bond_l2,"(6358, 18320)","(3479, 11188)",1,1,,,,0.0,24,4,11188,738,158,40,,,,,,,,,,,,,,,,,,,,,,,,,,,,,,,,,,,,,,,,,,,,,,,,,,,,,,
161.89516716700746,absorbing,,,,,,,R,3,3,31,48,368,355,723,7,2,12,0.055988957989029586,0.02926974999718368,0.08525870798621327,0.08659999998053536,17616,14472,47,24,False,False,False,False,14472,24,False,512,0.0006,,5064,0,bond_l2,"(5620, 17616)","(4413, 14472)",1,1,,,,0.0,24,4,14472,830,158,40,,,,,,,,,,,,,,,,,,,,,,,,,,,,,,,,,,,,,,,,,,,,,,,,,,,,,,
162.0249238340184,absorbing,,,,,,,R,3,4,31,48,368,356,724,8,1,13,0.05986570898676291,0.03723399998852983,0.09709970897529274,0.09833562496351078,20416,17544,45,24,False,False,False,False,17544,24,False,512,0.0006,,5064,0,bond_l2,"(6360, 20416)","(5365, 17544)",1,1,,,,0.0,24,4,17544,910,158,40,,,,,,,,,,,,,,,,,,,,,,,,,,,,,,,,,,,,,,,,,,,,,,,,,,,,,,
162.1586507500033,absorbing,,,,,,,R,3,5,31,48,368,358,726,5,2,15,0.0713039169786498,0.03045545896748081,0.1017593759461306,0.10312899999553338,22872,21320,44,24,False,False,False,False,21320,24,False,512,0.0006,,5064,0,bond_l2,"(7053, 22872)","(6292, 21320)",1,1,,,,0.0,24,4,21320,1008,158,40,,,,,,,,,,,,,,,,,,,,,,,,,,,,,,,,,,,,,,,,,,,,,,,,,,,,,,
162.28631216700887,absorbing,,,,,,,L,4,5,31,48,369,358,727,6,1,16,0.06415187503444031,0.029745625040959567,0.09389750007539988,0.09525358397513628,27008,31304,42,38,False,False,False,False,27008,42,False,512,0.0006,,5064,0,bond_l2,"(8477, 27008)","(9901, 31304)",1,1,,,,0.0,42,4,27008,1086,158,40,,,,,,,,,,,,,,,,,,,,,,,,,,,,,,,,,,,,,,,,,,,,,,,,,,,,,,
162.50518345902674,absorbing,,,,,,,L,5,5,31,48,370,358,728,6,1,17,0.1478889159625396,0.03893429198069498,0.1868232079432346,0.18801862496184185,28644,37620,48,39,False,False,False,False,28644,48,False,512,0.0006,,5064,0,bond_l2,"(9811, 28644)","(11814, 37620)",1,1,,,,0.0,48,4,28644,1106,158,40,,,,,,,,,,,,,,,,,,,,,,,,,,,,,,,,,,,,,,,,,,,,,,,,,,,,,,
162.62808454199694,absorbing,,,,,,,L,6,5,31,48,372,358,730,6,2,19,0.04684308299329132,0.04249274998437613,0.08933583297766745,0.09065141598694026,33436,38232,44,44,False,False,False,False,33436,44,False,512,0.0006,,5064,0,bond_l2,"(11734, 33436)","(12552, 38232)",1,1,,,,0.0,44,4,33436,1228,158,40,,,,,,,,,,,,,,,,,,,,,,,,,,,,,,,,,,,,,,,,,,,,,,,,,,,,,,
162.80929400003515,absorbing,,,,,,,R,6,6,31,48,372,359,731,5,1,20,0.1033952499856241,0.04524479201063514,0.14864004199625924,0.15019366599153727,45156,46928,55,41,False,False,False,False,46928,41,False,512,0.0006,,5064,0,bond_l2,"(14814, 45156)","(14407, 46928)",1,1,,,,0.0,41,4,46928,1386,158,40,,,,,,,,,,,,,,,,,,,,,,,,,,,,,,,,,,,,,,,,,,,,,,,,,,,,,,
163.01021050004056,absorbing,,,,,,,R,6,7,31,48,372,360,732,6,1,21,0.10289033298613504,0.06417929101735353,0.16706962400348857,0.16991562501061708,63444,52772,57,48,False,False,False,False,52772,48,False,512,0.0006,,5064,0,bond_l2,"(18681, 63444)","(16694, 52772)",1,1,,,,0.0,48,4,52772,1464,158,40,,,,,,,,,,,,,,,,,,,,,,,,,,,,,,,,,,,,,,,,,,,,,,,,,,,,,,
163.23216474999208,absorbing,,,,,,,R,6,8,31,48,372,362,734,4,2,23,0.11726795899448916,0.0706667079939507,0.18793466698843986,0.18937150004785508,69700,55520,55,48,False,False,False,False,55520,48,False,512,0.0006,,5064,0,bond_l2,"(21148, 69700)","(17365, 55520)",1,1,,,,0.0,48,4,55520,1514,158,40,,,,,,,,,,,,,,,,,,,,,,,,,,,,,,,,,,,,,,,,,,,,,,,,,,,,,,
163.4512241249904,absorbing,,,,,,,R,6,9,31,48,372,363,735,5,1,24,0.11920087499311194,0.06599604099756107,0.185196915990673,0.18781116703758016,74780,60716,55,63,False,False,False,False,60716,63,False,512,0.0006,,5064,0,bond_l2,"(22761, 74780)","(18832, 60716)",1,1,,,,0.0,63,4,60716,1580,158,40,,,,,,,,,,,,,,,,,,,,,,,,,,,,,,,,,,,,,,,,,,,,,,,,,,,,,,
163.69003854203038,absorbing,,,,,,,R,6,10,31,48,372,364,736,6,1,25,0.1364454579888843,0.06892966700252146,0.20537512499140576,0.20789675001287833,121264,68976,164,62,False,False,False,False,68976,62,False,512,0.0006,,5064,0,bond_l2,"(45541, 121264)","(21071, 68976)",1,1,,,,0.0,62,4,68976,1706,158,40,,,,,,,,,,,,,,,,,,,,,,,,,,,,,,,,,,,,,,,,,,,,,,,,,,,,,,
163.96790995902847,absorbing,,,,,,,R,6,11,31,48,372,365,737,7,1,26,0.1405510000186041,0.10226158302975819,0.24281258304836228,0.24514962499961257,129200,105944,162,128,False,False,False,False,105944,128,False,512,0.0006,,5064,0,bond_l2,"(47759, 129200)","(42204, 105944)",1,1,,,,0.0,128,4,105944,2080,158,40,,,,,,,,,,,,,,,,,,,,,,,,,,,,,,,,,,,,,,,,,,,,,,,,,,,,,,
164.39777466701344,absorbing,,,,,,,L,7,11,31,48,375,365,740,5,3,29,0.1977919170167297,0.19824962498387322,0.39604154200060293,0.39675687497947365,166372,203880,162,128,False,False,False,False,166372,162,False,512,0.0006,,5064,0,bond_l2,"(68573, 166372)","(69274, 203880)",1,1,,,,0.0,162,4,166372,2386,158,40,,,,,,,,,,,,,,,,,,,,,,,,,,,,,,,,,,,,,,,,,,,,,,,,,,,,,,
164.78831358399475,absorbing,,,,,,,L,8,11,31,48,377,365,742,5,2,31,0.14523199998075143,0.21076912502758205,0.3560011250083335,0.35758429195266217,176356,256784,155,155,False,False,False,False,176356,155,False,512,0.0006,,5064,0,bond_l2,"(68503, 176356)","(92906, 256784)",1,1,,,,0.0,155,4,176356,2518,158,40,,,,,,,,,,,,,,,,,,,,,,,,,,,,,,,,,,,,,,,,,,,,,,,,,,,,,,
165.29314424999757,absorbing,,,,,,,L,9,11,31,48,377,365,742,7,0,31,0.22437195800011978,0.24714220798341557,0.47151416598353535,0.47311749996151775,253836,271024,152,152,False,False,False,False,253836,152,False,512,0.0006,,5064,0,bond_l2,"(90706, 253836)","(96530, 271024)",1,1,,,,0.0,152,4,253836,2856,158,40,,,,,,,,,,,,,,,,,,,,,,,,,,,,,,,,,,,,,,,,,,,,,,,,,,,,,,
166.1108833340113,absorbing,,,,,,,L,10,11,31,48,379,365,744,6,2,33,0.4499249589862302,0.3310074590262957,0.7809324180125259,0.7831717499648221,308468,358360,150,150,False,False,False,False,308468,150,False,512,0.0006,,5064,0,bond_l2,"(108956, 308468)","(117096, 358360)",1,1,,,,0.0,150,4,308468,3132,158,40,,,,,,,,,,,,,,,,,,,,,,,,,,,,,,,,,,,,,,,,,,,,,,,,,,,,,,
166.8982781250379,absorbing,,,,,,,L,11,11,31,48,379,365,744,7,0,33,0.40199770795879886,0.35157691698987037,0.7535746249486692,0.7543534589931369,378908,402536,146,146,False,False,False,False,378908,146,False,512,0.0006,,5064,0,bond_l2,"(122453, 378908)","(131042, 402536)",1,1,,,,0.0,146,4,378908,3294,158,40,,,,,,,,,,,,,,,,,,,,,,,,,,,,,,,,,,,,,,,,,,,,,,,,,,,,,,
167.8192756670178,absorbing,,,,,,,L,12,11,31,48,380,365,745,8,1,34,0.4604912910144776,0.4273782499949448,0.8878695410094224,0.888433999964036,421108,478608,158,143,False,False,False,False,421108,158,False,512,0.0006,,5064,0,bond_l2,"(141473, 421108)","(147435, 478608)",1,1,,,,0.0,158,4,421108,3530,158,40,,,,,,,,,,,,,,,,,,,,,,,,,,,,,,,,,,,,,,,,,,,,,,,,,,,,,,
168.7880455420236,absorbing,,,,,,,L,13,11,31,48,382,365,747,8,2,36,0.44117850001202896,0.49456729099620134,0.9357457910082303,0.937355124973692,385708,512404,154,147,False,False,False,True,385708,154,False,512,0.0006,,5064,0,bond_l2,"(123684, 385708)","(158494, 512404)",1,1,,,,0.0,154,4,385708,3404,158,40,,,,,,,,,,,,,,,,,,,,,,,,,,,,,,,,,,,,,,,,,,,,,,,,,,,,,,
169.7563435420161,absorbing,,,,,,,R,13,12,31,48,382,366,748,7,1,37,0.49197137501323596,0.43907358299475163,0.9310449580079876,0.9331517909886315,497196,441856,150,152,False,False,False,False,441856,152,False,512,0.0006,,5064,0,bond_l2,"(164928, 497196)","(143737, 441856)",1,1,,,,0.0,152,4,441856,3710,158,40,,,,,,,,,,,,,,,,,,,,,,,,,,,,,,,,,,,,,,,,,,,,,,,,,,,,,,
175.74982770899078,unswapping,,,,,,,,,,,,,,,,,,,,,,,,,,,,,,,,,,,,,,,,,,,,,,,139,4,392360,3680,158,40,0,both,0,20,20,4,4,,,,,0,,,,,,,,,,,,,,,,,,,,,,,,,,,,,,,,,,,,,,,,,,
177.56322745903162,unswapping,,,,,,,,,,,,,,,,,,,,,,,,,,,,,,,,,,,,,,,,,,,,,,,126,4,220760,2706,158,40,0,both,1,19,19,10,14,,,,,0,,,,,,,,,,,,,,,,,,,,,,,,,,,,,,,,,,,,,,,,,,
178.23857016704278,unswapping,,,,,,,,,,,,,,,,,,,,,,,,,,,,,,,,,,,,,,,,,,,,,,,114,4,196272,2542,158,40,0,left,0,20,20,4,18,,,,,8,,,,,,,,,,,,,,,,,,,,,,,,,,,,,,,,,,,,,,,,,,
178.84561470901826,unswapping,,,,,,,,,,,,,,,,,,,,,,,,,,,,,,,,,,,,,,,,,,,,,,,106,4,150532,2230,158,40,0,left,1,19,19,7,25,,,,,22,,,,,,,,,,,,,,,,,,,,,,,,,,,,,,,,,,,,,,,,,,
179.349401375046,unswapping,,,,,,,,,,,,,,,,,,,,,,,,,,,,,,,,,,,,,,,,,,,,,,,100,4,128740,2048,158,40,0,right,0,20,20,9,34,,,,,36,,,,,,,,,,,,,,,,,,,,,,,,,,,,,,,,,,,,,,,,,,
179.81198587501422,unswapping,,,,,,,,,,,,,,,,,,,,,,,,,,,,,,,,,,,,,,,,,,,,,,,57,4,92000,1842,158,40,0,right,1,19,19,6,40,,,,,46,,,,,,,,,,,,,,,,,,,,,,,,,,,,,,,,,,,,,,,,,,
180.40294608403929,unswapping,,,,,,,,,,,,,,,,,,,,,,,,,,,,,,,,,,,,,,,,,,,,,,,53,4,70648,1622,158,40,1,both,0,20,20,7,7,,,,,58,,,,,,,,,,,,,,,,,,,,,,,,,,,,,,,,,,,,,,,,,,
180.85974345903378,unswapping,,,,,,,,,,,,,,,,,,,,,,,,,,,,,,,,,,,,,,,,,,,,,,,50,4,65280,1548,158,40,1,both,1,19,19,2,9,,,,,62,,,,,,,,,,,,,,,,,,,,,,,,,,,,,,,,,,,,,,,,,,
181.05828733404633,unswapping,,,,,,,,,,,,,,,,,,,,,,,,,,,,,,,,,,,,,,,,,,,,,,,49,4,59712,1484,158,40,1,left,0,20,20,3,12,,,,,62,,,,,,,,,,,,,,,,,,,,,,,,,,,,,,,,,,,,,,,,,,
181.31883520900737,unswapping,,,,,,,,,,,,,,,,,,,,,,,,,,,,,,,,,,,,,,,,,,,,,,,48,4,55568,1438,158,40,1,left,1,19,19,3,15,,,,,66,,,,,,,,,,,,,,,,,,,,,,,,,,,,,,,,,,,,,,,,,,
181.47485441702884,unswapping,,,,,,,,,,,,,,,,,,,,,,,,,,,,,,,,,,,,,,,,,,,,,,,47,4,53172,1398,158,40,1,right,0,20,20,2,17,,,,,66,,,,,,,,,,,,,,,,,,,,,,,,,,,,,,,,,,,,,,,,,,
181.5931064170436,unswapping,,,,,,,,,,,,,,,,,,,,,,,,,,,,,,,,,,,,,,,,,,,,,,,47,4,53172,1398,158,40,1,right,1,19,19,0,17,,,,,66,,,,,,,,,,,,,,,,,,,,,,,,,,,,,,,,,,,,,,,,,,
181.9327762920293,unswapping,,,,,,,,,,,,,,,,,,,,,,,,,,,,,,,,,,,,,,,,,,,,,,,45,4,51472,1374,158,40,2,both,0,20,20,2,2,,,,,70,,,,,,,,,,,,,,,,,,,,,,,,,,,,,,,,,,,,,,,,,,
182.30717275000643,unswapping,,,,,,,,,,,,,,,,,,,,,,,,,,,,,,,,,,,,,,,,,,,,,,,44,4,49980,1360,158,40,2,both,1,19,19,1,3,,,,,72,,,,,,,,,,,,,,,,,,,,,,,,,,,,,,,,,,,,,,,,,,
182.40958949999185,unswapping,,,,,,,,,,,,,,,,,,,,,,,,,,,,,,,,,,,,,,,,,,,,,,,44,4,49980,1360,158,40,2,left,0,20,20,0,3,,,,,72,,,,,,,,,,,,,,,,,,,,,,,,,,,,,,,,,,,,,,,,,,
182.52120850002393,unswapping,,,,,,,,,,,,,,,,,,,,,,,,,,,,,,,,,,,,,,,,,,,,,,,44,4,49980,1360,158,40,2,left,1,19,19,0,3,,,,,72,,,,,,,,,,,,,,,,,,,,,,,,,,,,,,,,,,,,,,,,,,
182.61870250001084,unswapping,,,,,,,,,,,,,,,,,,,,,,,,,,,,,,,,,,,,,,,,,,,,,,,44,4,49980,1360,158,40,2,right,0,20,20,0,3,,,,,72,,,,,,,,,,,,,,,,,,,,,,,,,,,,,,,,,,,,,,,,,,
182.7262410420226,unswapping,,,,,,,,,,,,,,,,,,,,,,,,,,,,,,,,,,,,,,,,,,,,,,,44,4,49980,1360,158,40,2,right,1,19,19,0,3,,,,,72,,,,,,,,,,,,,,,,,,,,,,,,,,,,,,,,,,,,,,,,,,
183.01151787501294,unswapping,,,,,,,,,,,,,,,,,,,,,,,,,,,,,,,,,,,,,,,,,,,,,,,44,4,49428,1354,158,40,3,both,0,20,20,1,1,,,,,76,,,,,,,,,,,,,,,,,,,,,,,,,,,,,,,,,,,,,,,,,,
183.30257462500595,unswapping,,,,,,,,,,,,,,,,,,,,,,,,,,,,,,,,,,,,,,,,,,,,,,,43,4,48548,1342,158,40,3,both,1,19,19,1,2,,,,,78,,,,,,,,,,,,,,,,,,,,,,,,,,,,,,,,,,,,,,,,,,
183.4023666669964,unswapping,,,,,,,,,,,,,,,,,,,,,,,,,,,,,,,,,,,,,,,,,,,,,,,43,4,48548,1342,158,40,3,left,0,20,20,0,2,,,,,78,,,,,,,,,,,,,,,,,,,,,,,,,,,,,,,,,,,,,,,,,,
183.51230966701405,unswapping,,,,,,,,,,,,,,,,,,,,,,,,,,,,,,,,,,,,,,,,,,,,,,,43,4,48548,1342,158,40,3,left,1,19,19,0,2,,,,,78,,,,,,,,,,,,,,,,,,,,,,,,,,,,,,,,,,,,,,,,,,
183.60875712503912,unswapping,,,,,,,,,,,,,,,,,,,,,,,,,,,,,,,,,,,,,,,,,,,,,,,43,4,48548,1342,158,40,3,right,0,20,20,0,2,,,,,78,,,,,,,,,,,,,,,,,,,,,,,,,,,,,,,,,,,,,,,,,,
183.74859970901161,unswapping,,,,,,,,,,,,,,,,,,,,,,,,,,,,,,,,,,,,,,,,,,,,,,,43,4,48132,1338,158,40,3,right,1,19,19,1,3,,,,,78,,,,,,,,,,,,,,,,,,,,,,,,,,,,,,,,,,,,,,,,,,
184.0472418750287,unswapping,,,,,,,,,,,,,,,,,,,,,,,,,,,,,,,,,,,,,,,,,,,,,,,38,4,47172,1328,158,40,4,both,0,20,20,1,1,,,,,78,,,,,,,,,,,,,,,,,,,,,,,,,,,,,,,,,,,,,,,,,,
184.31988904200261,unswapping,,,,,,,,,,,,,,,,,,,,,,,,,,,,,,,,,,,,,,,,,,,,,,,32,4,45648,1306,158,40,4,both,1,19,19,1,2,,,,,76,,,,,,,,,,,,,,,,,,,,,,,,,,,,,,,,,,,,,,,,,,
184.41732558404328,unswapping,,,,,,,,,,,,,,,,,,,,,,,,,,,,,,,,,,,,,,,,,,,,,,,32,4,45648,1306,158,40,4,left,0,20,20,0,2,,,,,76,,,,,,,,,,,,,,,,,,,,,,,,,,,,,,,,,,,,,,,,,,
184.55302929203026,unswapping,,,,,,,,,,,,,,,,,,,,,,,,,,,,,,,,,,,,,,,,,,,,,,,32,4,45208,1302,158,40,4,left,1,19,19,1,3,,,,,78,,,,,,,,,,,,,,,,,,,,,,,,,,,,,,,,,,,,,,,,,,
184.63960279204184,unswapping,,,,,,,,,,,,,,,,,,,,,,,,,,,,,,,,,,,,,,,,,,,,,,,32,4,45208,1302,158,40,4,right,0,20,20,0,3,,,,,78,,,,,,,,,,,,,,,,,,,,,,,,,,,,,,,,,,,,,,,,,,
184.7529352499987,unswapping,,,,,,,,,,,,,,,,,,,,,,,,,,,,,,,,,,,,,,,,,,,,,,,32,4,44480,1294,158,40,4,right,1,19,19,1,4,,,,,78,,,,,,,,,,,,,,,,,,,,,,,,,,,,,,,,,,,,,,,,,,
185.03667279199,unswapping,,,,,,,,,,,,,,,,,,,,,,,,,,,,,,,,,,,,,,,,,,,,,,,32,4,41724,1268,158,40,5,both,0,20,20,1,1,,,,,82,,,,,,,,,,,,,,,,,,,,,,,,,,,,,,,,,,,,,,,,,,
185.32377995899878,unswapping,,,,,,,,,,,,,,,,,,,,,,,,,,,,,,,,,,,,,,,,,,,,,,,32,4,38884,1240,158,40,5,both,1,19,19,2,3,,,,,86,,,,,,,,,,,,,,,,,,,,,,,,,,,,,,,,,,,,,,,,,,
185.38619333400857,unswapping,,,,,,,,,,,,,,,,,,,,,,,,,,,,,,,,,,,,,,,,,,,,,,,32,4,38884,1240,158,40,5,left,0,20,20,0,3,,,,,86,,,,,,,,,,,,,,,,,,,,,,,,,,,,,,,,,,,,,,,,,,
185.49029400001746,unswapping,,,,,,,,,,,,,,,,,,,,,,,,,,,,,,,,,,,,,,,,,,,,,,,32,4,35216,1204,158,40,5,left,1,19,19,1,4,,,,,86,,,,,,,,,,,,,,,,,,,,,,,,,,,,,,,,,,,,,,,,,,
185.57955962501,unswapping,,,,,,,,,,,,,,,,,,,,,,,,,,,,,,,,,,,,,,,,,,,,,,,32,4,33552,1178,158,40,5,right,0,20,20,1,5,,,,,88,,,,,,,,,,,,,,,,,,,,,,,,,,,,,,,,,,,,,,,,,,
185.6502636669902,unswapping,,,,,,,,,,,,,,,,,,,,,,,,,,,,,,,,,,,,,,,,,,,,,,,32,4,33552,1178,158,40,5,right,1,19,19,0,5,,,,,88,,,,,,,,,,,,,,,,,,,,,,,,,,,,,,,,,,,,,,,,,,
185.83807570900535,unswapping,,,,,,,,,,,,,,,,,,,,,,,,,,,,,,,,,,,,,,,,,,,,,,,32,4,30800,1126,158,40,6,both,0,20,20,2,2,,,,,94,,,,,,,,,,,,,,,,,,,,,,,,,,,,,,,,,,,,,,,,,,
185.99203554203268,unswapping,,,,,,,,,,,,,,,,,,,,,,,,,,,,,,,,,,,,,,,,,,,,,,,32,4,29792,1102,158,40,6,both,1,19,19,1,3,,,,,98,,,,,,,,,,,,,,,,,,,,,,,,,,,,,,,,,,,,,,,,,,
186.04666704201372,unswapping,,,,,,,,,,,,,,,,,,,,,,,,,,,,,,,,,,,,,,,,,,,,,,,32,4,29792,1102,158,40,6,left,0,20,20,0,3,,,,,98,,,,,,,,,,,,,,,,,,,,,,,,,,,,,,,,,,,,,,,,,,
186.10157433402492,unswapping,,,,,,,,,,,,,,,,,,,,,,,,,,,,,,,,,,,,,,,,,,,,,,,32,4,29792,1102,158,40,6,left,1,19,19,0,3,,,,,98,,,,,,,,,,,,,,,,,,,,,,,,,,,,,,,,,,,,,,,,,,
186.15468687500106,unswapping,,,,,,,,,,,,,,,,,,,,,,,,,,,,,,,,,,,,,,,,,,,,,,,32,4,29792,1102,158,40,6,right,0,20,20,0,3,,,,,98,,,,,,,,,,,,,,,,,,,,,,,,,,,,,,,,,,,,,,,,,,
186.2078870839905,unswapping,,,,,,,,,,,,,,,,,,,,,,,,,,,,,,,,,,,,,,,,,,,,,,,32,4,29792,1102,158,40,6,right,1,19,19,0,3,,,,,98,,,,,,,,,,,,,,,,,,,,,,,,,,,,,,,,,,,,,,,,,,
186.33355658402434,unswapping,,,,,,,,,,,,,,,,,,,,,,,,,,,,,,,,,,,,,,,,,,,,,,,32,4,29792,1102,158,40,7,both,0,20,20,0,0,,,,,98,,,,,,,,,,,,,,,,,,,,,,,,,,,,,,,,,,,,,,,,,,
186.44384091702523,unswapping,,,,,,,,,,,,,,,,,,,,,,,,,,,,,,,,,,,,,,,,,,,,,,,32,4,29792,1102,158,40,7,both,1,19,19,0,0,,,,,98,,,,,,,,,,,,,,,,,,,,,,,,,,,,,,,,,,,,,,,,,,
186.4964533339953,unswapping,,,,,,,,,,,,,,,,,,,,,,,,,,,,,,,,,,,,,,,,,,,,,,,32,4,29792,1102,158,40,7,left,0,20,20,0,0,,,,,98,,,,,,,,,,,,,,,,,,,,,,,,,,,,,,,,,,,,,,,,,,
186.54894850001438,unswapping,,,,,,,,,,,,,,,,,,,,,,,,,,,,,,,,,,,,,,,,,,,,,,,32,4,29792,1102,158,40,7,left,1,19,19,0,0,,,,,98,,,,,,,,,,,,,,,,,,,,,,,,,,,,,,,,,,,,,,,,,,
186.6028694169945,unswapping,,,,,,,,,,,,,,,,,,,,,,,,,,,,,,,,,,,,,,,,,,,,,,,32,4,29792,1102,158,40,7,right,0,20,20,0,0,,,,,98,,,,,,,,,,,,,,,,,,,,,,,,,,,,,,,,,,,,,,,,,,
186.65068958402844,unswapping,,,,,,,,,,,,,,,,,,,,,,,,,,,,,,,,,,,,,,,,,,,,,,,32,4,29792,1102,158,40,7,right,1,19,19,0,0,,,,,98,,,,,,,,,,,,,,,,,,,,,,,,,,,,,,,,,,,,,,,,,,
188.0775186670362,unswap_cycle_summary,,,,,,,,,,,,382,366,748,,,,,,,,,,,,,,,,,,,512,0.0006,,,,,,,,,,,,,32,4,29792,1102,158,40,,,,,,,,,,,,,,,,,,,,6,15.696440666040871,748,808,60,37,False,,,,,,,,,,,,,,,,,,,,,,,,,,,,
188.21878520899918,rewiring,left,post_unswap,0.1101926249684766,20,False,False,,,,,,,,,,,,,,,,,,,,,,,,,,,,,,,,,,,,,,,,,,,,,,,,,,,,,,,,,,,,,,,,,,6,,,,,,,50,False,37,4,bond_profile,8,False,1,3150,"(139, 16, 14, 8, 10, 88, 26)",0.003024125995580107,0.10714600002393126,"[{'seed': 123, 'score': (147, 16, 14, 8, 14, 91, 28), 'num_layers': 28, 'total_swaps': 91, 'max_layer_swaps': 10, 'swap_only_layers': 14, 'work_layers': 14, 'unitary_layers': 14, 'first_work_layer': 1, 'leading_no_work_layers': 1, 'bond_profile_layers_scored': 8, 'bond_profile_total_cost': 147, 'bond_profile_max_cost': 16, 'bond_profile_gate_count': 14}, {'seed': 1132, 'score': (154, 16, 15, 8, 10, 91, 24), 'num_layers': 24, 'total_swaps': 91, 'max_layer_swaps': 10, 'swap_only_layers': 10, 'work_layers': 14, 'unitary_layers': 14, 'first_work_layer': 1, 'leading_no_work_layers': 1, 'bond_profile_layers_scored': 8, 'bond_profile_total_cost': 154, 'bond_profile_max_cost': 16, 'bond_profile_gate_count': 15}, {'seed': 2141, 'score': (143, 20, 14, 8, 8, 92, 23), 'num_layers': 23, 'total_swaps': 92, 'max_layer_swaps': 10, 'swap_only_layers': 8, 'work_layers': 15, 'unitary_layers': 15, 'first_work_layer': 1, 'leading_no_work_layers': 1, 'bond_profile_layers_scored': 8, 'bond_profile_total_cost': 143, 'bond_profile_max_cost': 20, 'bond_profile_gate_count': 14}, {'seed': 3150, 'score': (139, 16, 14, 8, 10, 88, 26), 'num_layers': 26, 'total_swaps': 88, 'max_layer_swaps': 10, 'swap_only_layers': 10, 'work_layers': 16, 'unitary_layers': 16, 'first_work_layer': 1, 'leading_no_work_layers': 1, 'bond_profile_layers_scored': 8, 'bond_profile_total_cost': 139, 'bond_profile_max_cost': 16, 'bond_profile_gate_count': 14}]",0.1101868330151774,0.24986691703088582,,,,,,,,,,,,,
188.35829087503953,rewiring,right,post_unswap,0.13935716595733538,38,False,False,,,,,,,,,,,,,,,,,,,,,,,,,,,,,,,,,,,,,,,,,,,,,,,,,,,,,,,,,,,,,,,,,,6,,,,,,,50,False,37,4,bond_profile,8,False,1,1132,"(218, 32, 17, 8, 15, 141, 39)",0.0025647919974289834,0.13676962401950732,"[{'seed': 123, 'score': (218, 32, 17, 8, 17, 140, 40), 'num_layers': 40, 'total_swaps': 140, 'max_layer_swaps': 9, 'swap_only_layers': 17, 'work_layers': 23, 'unitary_layers': 23, 'first_work_layer': 0, 'leading_no_work_layers': 0, 'bond_profile_layers_scored': 8, 'bond_profile_total_cost': 218, 'bond_profile_max_cost': 32, 'bond_profile_gate_count': 17}, {'seed': 1132, 'score': (218, 32, 17, 8, 15, 141, 39), 'num_layers': 39, 'total_swaps': 141, 'max_layer_swaps': 9, 'swap_only_layers': 15, 'work_layers': 24, 'unitary_layers': 24, 'first_work_layer': 0, 'leading_no_work_layers': 0, 'bond_profile_layers_scored': 8, 'bond_profile_total_cost': 218, 'bond_profile_max_cost': 32, 'bond_profile_gate_count': 17}, {'seed': 2141, 'score': (221, 32, 17, 8, 15, 143, 40), 'num_layers': 40, 'total_swaps': 143, 'max_layer_swaps': 9, 'swap_only_layers': 15, 'work_layers': 25, 'unitary_layers': 25, 'first_work_layer': 0, 'leading_no_work_layers': 0, 'bond_profile_layers_scored': 8, 'bond_profile_total_cost': 221, 'bond_profile_max_cost': 32, 'bond_profile_gate_count': 17}, {'seed': 3150, 'score': (218, 32, 17, 8, 17, 141, 39), 'num_layers': 39, 'total_swaps': 141, 'max_layer_swaps': 9, 'swap_only_layers': 17, 'work_layers': 22, 'unitary_layers': 22, 'first_work_layer': 0, 'leading_no_work_layers': 0, 'bond_profile_layers_scored': 8, 'bond_profile_total_cost': 218, 'bond_profile_max_cost': 32, 'bond_profile_gate_count': 17}]",0.1393517500255257,0.24986691703088582,,,,,,,,,,,,,
188.42046779202064,cycle_progress,,,,,,,,,,,,382,366,748,,,,,,,,,,,,,,,,,,,512,0.0006,,5064,0,,,,,,,,,,32,4,29792,1102,158,40,,,,,,,,,,,,,,,,,,,,6,,748,808,60,37,False,,,,,,,,,,,,,,,0.24986691703088582,,,,,,,,,,,,,
188.52270883403253,absorbing,,,,,,,L,1,0,26,39,382,366,748,8,0,0,0.02578087500296533,0.0372937920037657,0.06307466700673103,0.06913474999601021,29792,38388,32,43,False,False,False,False,29792,32,False,512,0.0006,,29792,0,bond_l2,"(8547, 29792)","(12179, 38388)",1,1,,,,0.0,32,4,29792,1102,158,40,,,,,,,,,,,,,,,,,,,,,,,,,,,,,,,,,,,,,,,,,,,,,,,,,,,,,,
188.6355742920423,absorbing,,,,,,,R,1,1,26,39,382,367,749,9,1,1,0.04233870800817385,0.03614054201170802,0.07847925001988187,0.07992041698889807,43464,38388,40,43,False,False,False,False,38388,43,False,512,0.0006,,29792,0,bond_l2,"(12721, 43464)","(12179, 38388)",1,1,,,,0.0,43,4,38388,1270,158,40,,,,,,,,,,,,,,,,,,,,,,,,,,,,,,,,,,,,,,,,,,,,,,,,,,,,,,
188.78276741702575,absorbing,,,,,,,L,2,1,26,39,383,367,750,10,1,2,0.06451075000222772,0.04711366700939834,0.11162441701162606,0.11298012500628829,52712,51840,48,64,False,False,False,False,52712,48,False,512,0.0006,,29792,0,bond_l2,"(15527, 52712)","(17997, 51840)",1,1,,,,0.0,48,4,52712,1430,158,40,,,,,,,,,,,,,,,,,,,,,,,,,,,,,,,,,,,,,,,,,,,,,,,,,,,,,,
188.98785641702125,absorbing,,,,,,,L,3,1,26,39,385,367,752,9,2,4,0.10392991697881371,0.06652875000145286,0.17045866698026657,0.17144820798421279,74288,73748,64,96,False,False,False,False,74288,64,False,512,0.0006,,29792,0,bond_l2,"(23482, 74288)","(27475, 73748)",1,1,,,,0.0,64,4,74288,1708,158,40,,,,,,,,,,,,,,,,,,,,,,,,,,,,,,,,,,,,,,,,,,,,,,,,,,,,,,
189.231825667026,absorbing,,,,,,,R,3,2,26,39,385,368,753,4,1,5,0.11346470803255215,0.09442208299878985,0.207886791031342,0.20914879196789116,117200,95488,64,96,False,False,False,False,95488,96,False,512,0.0006,,29792,0,bond_l2,"(37161, 117200)","(31627, 95488)",1,1,,,,0.0,96,4,95488,1850,158,40,,,,,,,,,,,,,,,,,,,,,,,,,,,,,,,,,,,,,,,,,,,,,,,,,,,,,,
189.49231408402557,absorbing,,,,,,,R,3,3,26,39,385,368,753,6,0,5,0.13006116700125858,0.09421366598689929,0.22427483298815787,0.22480625001480803,136268,105100,96,96,False,False,False,False,105100,96,False,512,0.0006,,29792,0,bond_l2,"(44328, 136268)","(34722, 105100)",1,1,,,,0.0,96,4,105100,1948,158,40,,,,,,,,,,,,,,,,,,,,,,,,,,,,,,,,,,,,,,,,,,,,,,,,,,,,,,
189.84274429199286,absorbing,,,,,,,L,4,3,26,39,387,368,755,5,2,7,0.15287200000602752,0.16082137497141957,0.3136933749774471,0.3158852080232464,148048,165340,96,128,False,False,False,False,148048,96,False,512,0.0006,,29792,0,bond_l2,"(47193, 148048)","(55271, 165340)",1,1,,,,0.0,96,4,148048,2346,158,40,,,,,,,,,,,,,,,,,,,,,,,,,,,,,,,,,,,,,,,,,,,,,,,,,,,,,,
190.44623016699916,absorbing,,,,,,,R,4,4,26,39,387,372,759,5,4,11,0.37548991601215675,0.19183216703822836,0.5673220830503851,0.5693995000328869,258712,216040,128,128,False,False,False,False,216040,128,False,512,0.0006,,29792,0,bond_l2,"(84082, 258712)","(66587, 216040)",1,1,,,,0.0,128,4,216040,2686,158,40,,,,,,,,,,,,,,,,,,,,,,,,,,,,,,,,,,,,,,,,,,,,,,,,,,,,,,
191.37542749999557,absorbing,,,,,,,R,4,5,26,39,387,373,760,8,1,12,0.6156493750168011,0.2763246249523945,0.8919739999691956,0.8934662920073606,328924,270148,243,128,False,False,False,False,270148,128,False,512,0.0006,,29792,0,bond_l2,"(129553, 328924)","(86730, 270148)",1,1,,,,0.0,128,4,270148,2964,158,40,,,,,,,,,,,,,,,,,,,,,,,,,,,,,,,,,,,,,,,,,,,,,,,,,,,,,,
192.59419600002002,absorbing,,,,,,,R,4,6,26,39,387,375,762,8,2,14,0.7849937499850057,0.397419249988161,1.1824129999731667,1.1833467499818653,421080,458940,243,128,False,False,False,False,458940,128,False,512,0.0006,,29792,0,bond_l2,"(148850, 421080)","(132646, 458940)",1,1,,,,0.0,128,4,458940,3544,158,40,,,,,,,,,,,,,,,,,,,,,,,,,,,,,,,,,,,,,,,,,,,,,,,,,,,,,,
199.907195125008,unswapping,,,,,,,,,,,,,,,,,,,,,,,,,,,,,,,,,,,,,,,,,,,,,,,256,4,464500,3402,158,40,0,both,0,20,20,6,6,,,,,0,,,,,,,,,,,,,,,,,,,,,,,,,,,,,,,,,,,,,,,,,,
202.53012120904168,unswapping,,,,,,,,,,,,,,,,,,,,,,,,,,,,,,,,,,,,,,,,,,,,,,,128,4,273212,2746,158,40,0,both,1,19,19,6,12,,,,,0,,,,,,,,,,,,,,,,,,,,,,,,,,,,,,,,,,,,,,,,,,
203.3842613750021,unswapping,,,,,,,,,,,,,,,,,,,,,,,,,,,,,,,,,,,,,,,,,,,,,,,128,4,249644,2580,158,40,0,left,0,20,20,6,18,,,,,12,,,,,,,,,,,,,,,,,,,,,,,,,,,,,,,,,,,,,,,,,,
204.2609900420066,unswapping,,,,,,,,,,,,,,,,,,,,,,,,,,,,,,,,,,,,,,,,,,,,,,,128,4,228768,2454,158,40,0,left,1,19,19,4,22,,,,,20,,,,,,,,,,,,,,,,,,,,,,,,,,,,,,,,,,,,,,,,,,
204.8914167500334,unswapping,,,,,,,,,,,,,,,,,,,,,,,,,,,,,,,,,,,,,,,,,,,,,,,128,4,208432,2288,158,40,0,right,0,20,20,4,26,,,,,28,,,,,,,,,,,,,,,,,,,,,,,,,,,,,,,,,,,,,,,,,,
205.48953870899277,unswapping,,,,,,,,,,,,,,,,,,,,,,,,,,,,,,,,,,,,,,,,,,,,,,,128,4,194304,2166,158,40,0,right,1,19,19,4,30,,,,,34,,,,,,,,,,,,,,,,,,,,,,,,,,,,,,,,,,,,,,,,,,
206.9578179999953,unswapping,,,,,,,,,,,,,,,,,,,,,,,,,,,,,,,,,,,,,,,,,,,,,,,128,4,136612,1932,158,40,1,both,0,20,20,4,4,,,,,42,,,,,,,,,,,,,,,,,,,,,,,,,,,,,,,,,,,,,,,,,,
207.7854012500029,unswapping,,,,,,,,,,,,,,,,,,,,,,,,,,,,,,,,,,,,,,,,,,,,,,,64,4,89688,1714,158,40,1,both,1,19,19,5,9,,,,,48,,,,,,,,,,,,,,,,,,,,,,,,,,,,,,,,,,,,,,,,,,
208.01032070902875,unswapping,,,,,,,,,,,,,,,,,,,,,,,,,,,,,,,,,,,,,,,,,,,,,,,64,4,71472,1612,158,40,1,left,0,20,20,2,11,,,,,50,,,,,,,,,,,,,,,,,,,,,,,,,,,,,,,,,,,,,,,,,,
208.15853891702136,unswapping,,,,,,,,,,,,,,,,,,,,,,,,,,,,,,,,,,,,,,,,,,,,,,,64,4,71472,1612,158,40,1,left,1,19,19,0,11,,,,,50,,,,,,,,,,,,,,,,,,,,,,,,,,,,,,,,,,,,,,,,,,
208.37964658404235,unswapping,,,,,,,,,,,,,,,,,,,,,,,,,,,,,,,,,,,,,,,,,,,,,,,64,4,70832,1596,158,40,1,right,0,20,20,1,12,,,,,52,,,,,,,,,,,,,,,,,,,,,,,,,,,,,,,,,,,,,,,,,,
208.56313591700746,unswapping,,,,,,,,,,,,,,,,,,,,,,,,,,,,,,,,,,,,,,,,,,,,,,,64,4,68876,1566,158,40,1,right,1,19,19,2,14,,,,,52,,,,,,,,,,,,,,,,,,,,,,,,,,,,,,,,,,,,,,,,,,
208.95067166700028,unswapping,,,,,,,,,,,,,,,,,,,,,,,,,,,,,,,,,,,,,,,,,,,,,,,64,4,68684,1560,158,40,2,both,0,20,20,1,1,,,,,54,,,,,,,,,,,,,,,,,,,,,,,,,,,,,,,,,,,,,,,,,,
209.30173958401429,unswapping,,,,,,,,,,,,,,,,,,,,,,,,,,,,,,,,,,,,,,,,,,,,,,,64,4,68484,1556,158,40,2,both,1,19,19,1,2,,,,,56,,,,,,,,,,,,,,,,,,,,,,,,,,,,,,,,,,,,,,,,,,
209.4853075420251,unswapping,,,,,,,,,,,,,,,,,,,,,,,,,,,,,,,,,,,,,,,,,,,,,,,64,4,68084,1548,158,40,2,left,0,20,20,1,3,,,,,58,,,,,,,,,,,,,,,,,,,,,,,,,,,,,,,,,,,,,,,,,,
209.6170803750283,unswapping,,,,,,,,,,,,,,,,,,,,,,,,,,,,,,,,,,,,,,,,,,,,,,,64,4,68084,1548,158,40,2,left,1,19,19,0,3,,,,,58,,,,,,,,,,,,,,,,,,,,,,,,,,,,,,,,,,,,,,,,,,
209.75216545903822,unswapping,,,,,,,,,,,,,,,,,,,,,,,,,,,,,,,,,,,,,,,,,,,,,,,64,4,68084,1548,158,40,2,right,0,20,20,0,3,,,,,58,,,,,,,,,,,,,,,,,,,,,,,,,,,,,,,,,,,,,,,,,,
209.87180870899465,unswapping,,,,,,,,,,,,,,,,,,,,,,,,,,,,,,,,,,,,,,,,,,,,,,,64,4,68084,1548,158,40,2,right,1,19,19,0,3,,,,,58,,,,,,,,,,,,,,,,,,,,,,,,,,,,,,,,,,,,,,,,,,
210.18990529200528,unswapping,,,,,,,,,,,,,,,,,,,,,,,,,,,,,,,,,,,,,,,,,,,,,,,64,4,68084,1548,158,40,3,both,0,20,20,0,0,,,,,58,,,,,,,,,,,,,,,,,,,,,,,,,,,,,,,,,,,,,,,,,,
210.45316912501585,unswapping,,,,,,,,,,,,,,,,,,,,,,,,,,,,,,,,,,,,,,,,,,,,,,,64,4,68084,1548,158,40,3,both,1,19,19,0,0,,,,,58,,,,,,,,,,,,,,,,,,,,,,,,,,,,,,,,,,,,,,,,,,
210.61418879200937,unswapping,,,,,,,,,,,,,,,,,,,,,,,,,,,,,,,,,,,,,,,,,,,,,,,64,4,68084,1548,158,40,3,left,0,20,20,0,0,,,,,58,,,,,,,,,,,,,,,,,,,,,,,,,,,,,,,,,,,,,,,,,,
210.73535595904104,unswapping,,,,,,,,,,,,,,,,,,,,,,,,,,,,,,,,,,,,,,,,,,,,,,,64,4,68084,1548,158,40,3,left,1,19,19,0,0,,,,,58,,,,,,,,,,,,,,,,,,,,,,,,,,,,,,,,,,,,,,,,,,
210.8831061249948,unswapping,,,,,,,,,,,,,,,,,,,,,,,,,,,,,,,,,,,,,,,,,,,,,,,64,4,68084,1548,158,40,3,right,0,20,20,0,0,,,,,58,,,,,,,,,,,,,,,,,,,,,,,,,,,,,,,,,,,,,,,,,,
211.00128412502818,unswapping,,,,,,,,,,,,,,,,,,,,,,,,,,,,,,,,,,,,,,,,,,,,,,,64,4,68084,1548,158,40,3,right,1,19,19,0,0,,,,,58,,,,,,,,,,,,,,,,,,,,,,,,,,,,,,,,,,,,,,,,,,
211.76545045903185,unswap_cycle_summary,,,,,,,,,,,,387,375,762,,,,,,,,,,,,,,,,,,,512,0.0006,,,,,,,,,,,,,64,4,68084,1548,158,40,,,,,,,,,,,,,,,,,,,,7,16.139169458008837,762,808,46,14,False,,,,,,,,,,,,,,,,,,,,,,,,,,,,
211.9086224170169,rewiring,left,post_unswap,0.11147658299887553,24,False,False,,,,,,,,,,,,,,,,,,,,,,,,,,,,,,,,,,,,,,,,,,,,,,,,,,,,,,,,,,,,,,,,,,7,,,,,,,50,False,14,4,bond_profile,8,False,1,3150,"(197, 64, 12, 8, 10, 71, 23)",0.0023631660151295364,0.10908629203913733,"[{'seed': 123, 'score': (221, 64, 13, 8, 14, 71, 26), 'num_layers': 26, 'total_swaps': 71, 'max_layer_swaps': 7, 'swap_only_layers': 14, 'work_layers': 12, 'unitary_layers': 12, 'first_work_layer': 1, 'leading_no_work_layers': 1, 'bond_profile_layers_scored': 8, 'bond_profile_total_cost': 221, 'bond_profile_max_cost': 64, 'bond_profile_gate_count': 13}, {'seed': 1132, 'score': (262, 64, 15, 8, 11, 71, 21), 'num_layers': 21, 'total_swaps': 71, 'max_layer_swaps': 8, 'swap_only_layers': 11, 'work_layers': 10, 'unitary_layers': 10, 'first_work_layer': 1, 'leading_no_work_layers': 1, 'bond_profile_layers_scored': 8, 'bond_profile_total_cost': 262, 'bond_profile_max_cost': 64, 'bond_profile_gate_count': 15}, {'seed': 2141, 'score': (229, 64, 13, 8, 13, 71, 25), 'num_layers': 25, 'total_swaps': 71, 'max_layer_swaps': 8, 'swap_only_layers': 13, 'work_layers': 12, 'unitary_layers': 12, 'first_work_layer': 1, 'leading_no_work_layers': 1, 'bond_profile_layers_scored': 8, 'bond_profile_total_cost': 229, 'bond_profile_max_cost': 64, 'bond_profile_gate_count': 13}, {'seed': 3150, 'score': (197, 64, 12, 8, 10, 71, 23), 'num_layers': 23, 'total_swaps': 71, 'max_layer_swaps': 7, 'swap_only_layers': 10, 'work_layers': 13, 'unitary_layers': 13, 'first_work_layer': 1, 'leading_no_work_layers': 1, 'bond_profile_layers_scored': 8, 'bond_profile_total_cost': 197, 'bond_profile_max_cost': 64, 'bond_profile_gate_count': 12}]",0.11147012503352016,0.24324608297320083,,,,,,,,,,,,,
212.0401713339961,rewiring,right,post_unswap,0.13140041602309793,35,False,False,,,,,,,,,,,,,,,,,,,,,,,,,,,,,,,,,,,,,,,,,,,,,,,,,,,,,,,,,,,,,,,,,,7,,,,,,,50,False,14,4,bond_profile,8,False,1,123,"(254, 64, 11, 8, 17, 123, 38)",0.002342502004466951,0.12903516698861495,"[{'seed': 123, 'score': (254, 64, 11, 8, 17, 123, 38), 'num_layers': 38, 'total_swaps': 123, 'max_layer_swaps': 10, 'swap_only_layers': 17, 'work_layers': 21, 'unitary_layers': 21, 'first_work_layer': 0, 'leading_no_work_layers': 0, 'bond_profile_layers_scored': 8, 'bond_profile_total_cost': 254, 'bond_profile_max_cost': 64, 'bond_profile_gate_count': 11}, {'seed': 1132, 'score': (318, 64, 12, 8, 18, 123, 38), 'num_layers': 38, 'total_swaps': 123, 'max_layer_swaps': 10, 'swap_only_layers': 18, 'work_layers': 20, 'unitary_layers': 20, 'first_work_layer': 0, 'leading_no_work_layers': 0, 'bond_profile_layers_scored': 8, 'bond_profile_total_cost': 318, 'bond_profile_max_cost': 64, 'bond_profile_gate_count': 12}, {'seed': 2141, 'score': (318, 64, 12, 8, 18, 123, 38), 'num_layers': 38, 'total_swaps': 123, 'max_layer_swaps': 10, 'swap_only_layers': 18, 'work_layers': 20, 'unitary_layers': 20, 'first_work_layer': 0, 'leading_no_work_layers': 0, 'bond_profile_layers_scored': 8, 'bond_profile_total_cost': 318, 'bond_profile_max_cost': 64, 'bond_profile_gate_count': 12}, {'seed': 3150, 'score': (318, 64, 12, 8, 17, 123, 38), 'num_layers': 38, 'total_swaps': 123, 'max_layer_swaps': 10, 'swap_only_layers': 17, 'work_layers': 21, 'unitary_layers': 21, 'first_work_layer': 0, 'leading_no_work_layers': 0, 'bond_profile_layers_scored': 8, 'bond_profile_total_cost': 318, 'bond_profile_max_cost': 64, 'bond_profile_gate_count': 12}]",0.13139520800905302,0.24324608297320083,,,,,,,,,,,,,
212.10290862503462,cycle_progress,,,,,,,,,,,,387,375,762,,,,,,,,,,,,,,,,,,,512,0.0006,,29792,0,,,,,,,,,,64,4,68084,1548,158,40,,,,,,,,,,,,,,,,,,,,7,,762,808,46,14,False,,,,,,,,,,,,,,,0.24324608297320083,,,,,,,,,,,,,
212.25139799999306,absorbing,,,,,,,L,1,0,23,38,387,375,762,7,0,0,0.04089020797982812,0.07072587497532368,0.1116160829551518,0.11328070797026157,67708,79736,64,64,False,False,False,False,67708,64,False,512,0.0006,,68084,0,bond_l2,"(20034, 67708)","(24002, 79736)",1,1,,,,0.0,64,4,67708,1540,158,40,,,,,,,,,,,,,,,,,,,,,,,,,,,,,,,,,,,,,,,,,,,,,,,,,,,,,,
212.71249308402184,absorbing,,,,,,,R,1,1,23,38,387,376,763,10,1,1,0.3438830840168521,0.08206016599433497,0.42594325001118705,0.42729137500282377,136048,79300,127,64,False,False,False,False,79300,64,False,512,0.0006,,68084,0,bond_l2,"(40680, 136048)","(23891, 79300)",1,1,,,,0.0,64,4,79300,1730,158,40,,,,,,,,,,,,,,,,,,,,,,,,,,,,,,,,,,,,,,,,,,,,,,,,,,,,,,
213.24047733400948,absorbing,,,,,,,L,2,1,23,38,390,376,766,4,3,4,0.35336712503340095,0.13846112502506003,0.491828250058461,0.4928743329946883,146372,143052,127,128,False,False,False,False,146372,127,False,512,0.0006,,68084,0,bond_l2,"(43723, 146372)","(47583, 143052)",1,1,,,,0.0,127,4,146372,2034,158,40,,,,,,,,,,,,,,,,,,,,,,,,,,,,,,,,,,,,,,,,,,,,,,,,,,,,,,
213.6685899590375,absorbing,,,,,,,L,3,1,23,38,392,376,768,4,2,6,0.1542836669832468,0.23795149999205023,0.39223516697529703,0.39285454095806926,165976,269128,126,244,False,False,False,False,165976,126,False,512,0.0006,,68084,0,bond_l2,"(51325, 165976)","(115103, 269128)",1,1,,,,0.0,126,4,165976,2222,158,40,,,,,,,,,,,,,,,,,,,,,,,,,,,,,,,,,,,,,,,,,,,,,,,,,,,,,,
214.1200114589883,absorbing,,,,,,,L,4,1,23,38,393,376,769,6,1,7,0.16386037500342354,0.24903537501813844,0.412895750021562,0.4137789169908501,167408,302152,125,243,False,False,False,False,167408,125,False,512,0.0006,,68084,0,bond_l2,"(50605, 167408)","(121198, 302152)",1,1,,,,0.0,125,4,167408,2270,158,40,,,,,,,,,,,,,,,,,,,,,,,,,,,,,,,,,,,,,,,,,,,,,,,,,,,,,,
214.70649229199626,absorbing,,,,,,,L,5,1,23,38,394,376,770,7,1,8,0.2602139169466682,0.2881895000464283,0.5484034169930965,0.5490831669885665,232912,297592,128,241,False,False,False,False,232912,128,False,512,0.0006,,68084,0,bond_l2,"(69573, 232912)","(114025, 297592)",1,1,,,,0.0,128,4,232912,2562,158,40,,,,,,,,,,,,,,,,,,,,,,,,,,,,,,,,,,,,,,,,,,,,,,,,,,,,,,
215.93728945899056,absorbing,,,,,,,L,6,1,23,38,396,376,772,3,2,10,0.7217192089883611,0.4716581660322845,1.1933773750206456,1.1945909589994699,387868,411272,128,240,False,False,False,False,387868,128,False,512,0.0006,,68084,0,bond_l2,"(112339, 387868)","(144561, 411272)",1,1,,,,0.0,128,4,387868,3166,158,40,,,,,,,,,,,,,,,,,,,,,,,,,,,,,,,,,,,,,,,,,,,,,,,,,,,,,,
217.05249500001082,absorbing,,,,,,,L,7,1,23,38,396,376,772,4,0,10,0.29661745799239725,0.7791936660069041,1.0758111239993013,1.0790991249959916,383140,633924,128,256,False,False,False,True,383140,128,False,512,0.0006,,68084,0,bond_l2,"(109418, 383140)","(209352, 633924)",1,1,,,,0.0,128,4,383140,3168,158,40,,,,,,,,,,,,,,,,,,,,,,,,,,,,,,,,,,,,,,,,,,,,,,,,,,,,,,
218.3212123750127,absorbing,,,,,,,L,8,1,23,38,397,376,773,3,1,11,0.429634666943457,0.7991806250065565,1.2288152919500135,1.2306538329576142,498528,626196,178,256,False,False,False,True,498528,178,False,512,0.0006,,68084,0,bond_l2,"(138948, 498528)","(205539, 626196)",1,1,,,,0.0,178,4,498528,3532,158,40,,,,,,,,,,,,,,,,,,,,,,,,,,,,,,,,,,,,,,,,,,,,,,,,,,,,,,
223.8762180840131,unswapping,,,,,,,,,,,,,,,,,,,,,,,,,,,,,,,,,,,,,,,,,,,,,,,168,4,468676,3426,158,40,0,both,0,20,20,3,3,,,,,0,,,,,,,,,,,,,,,,,,,,,,,,,,,,,,,,,,,,,,,,,,
226.88950074999593,unswapping,,,,,,,,,,,,,,,,,,,,,,,,,,,,,,,,,,,,,,,,,,,,,,,128,4,372584,3050,158,40,0,both,1,19,19,4,7,,,,,0,,,,,,,,,,,,,,,,,,,,,,,,,,,,,,,,,,,,,,,,,,
228.21014816703973,unswapping,,,,,,,,,,,,,,,,,,,,,,,,,,,,,,,,,,,,,,,,,,,,,,,128,4,279400,2720,158,40,0,left,0,20,20,4,11,,,,,8,,,,,,,,,,,,,,,,,,,,,,,,,,,,,,,,,,,,,,,,,,
229.00347366702044,unswapping,,,,,,,,,,,,,,,,,,,,,,,,,,,,,,,,,,,,,,,,,,,,,,,128,4,258152,2538,158,40,0,left,1,19,19,6,17,,,,,20,,,,,,,,,,,,,,,,,,,,,,,,,,,,,,,,,,,,,,,,,,
229.93568970903289,unswapping,,,,,,,,,,,,,,,,,,,,,,,,,,,,,,,,,,,,,,,,,,,,,,,128,4,245068,2376,158,40,0,right,0,20,20,7,24,,,,,34,,,,,,,,,,,,,,,,,,,,,,,,,,,,,,,,,,,,,,,,,,
230.51929462503176,unswapping,,,,,,,,,,,,,,,,,,,,,,,,,,,,,,,,,,,,,,,,,,,,,,,128,4,236444,2298,158,40,0,right,1,19,19,3,27,,,,,40,,,,,,,,,,,,,,,,,,,,,,,,,,,,,,,,,,,,,,,,,,
232.24511487502605,unswapping,,,,,,,,,,,,,,,,,,,,,,,,,,,,,,,,,,,,,,,,,,,,,,,128,4,233128,2254,158,40,1,both,0,20,20,2,2,,,,,42,,,,,,,,,,,,,,,,,,,,,,,,,,,,,,,,,,,,,,,,,,
233.3655337090022,unswapping,,,,,,,,,,,,,,,,,,,,,,,,,,,,,,,,,,,,,,,,,,,,,,,128,4,230712,2202,158,40,1,both,1,19,19,1,3,,,,,42,,,,,,,,,,,,,,,,,,,,,,,,,,,,,,,,,,,,,,,,,,
234.2372676670202,unswapping,,,,,,,,,,,,,,,,,,,,,,,,,,,,,,,,,,,,,,,,,,,,,,,128,4,230220,2196,158,40,1,left,0,20,20,1,4,,,,,42,,,,,,,,,,,,,,,,,,,,,,,,,,,,,,,,,,,,,,,,,,
234.90991049999138,unswapping,,,,,,,,,,,,,,,,,,,,,,,,,,,,,,,,,,,,,,,,,,,,,,,128,4,226872,2164,158,40,1,left,1,19,19,1,5,,,,,44,,,,,,,,,,,,,,,,,,,,,,,,,,,,,,,,,,,,,,,,,,
235.69790708401706,unswapping,,,,,,,,,,,,,,,,,,,,,,,,,,,,,,,,,,,,,,,,,,,,,,,128,4,225144,2138,158,40,1,right,0,20,20,1,6,,,,,44,,,,,,,,,,,,,,,,,,,,,,,,,,,,,,,,,,,,,,,,,,
236.09420325001702,unswapping,,,,,,,,,,,,,,,,,,,,,,,,,,,,,,,,,,,,,,,,,,,,,,,128,4,225144,2138,158,40,1,right,1,19,19,0,6,,,,,44,,,,,,,,,,,,,,,,,,,,,,,,,,,,,,,,,,,,,,,,,,
237.53795079200063,unswapping,,,,,,,,,,,,,,,,,,,,,,,,,,,,,,,,,,,,,,,,,,,,,,,128,4,225144,2138,158,40,2,both,0,20,20,0,0,,,,,44,,,,,,,,,,,,,,,,,,,,,,,,,,,,,,,,,,,,,,,,,,
238.40859479201026,unswapping,,,,,,,,,,,,,,,,,,,,,,,,,,,,,,,,,,,,,,,,,,,,,,,128,4,225144,2138,158,40,2,both,1,19,19,0,0,,,,,44,,,,,,,,,,,,,,,,,,,,,,,,,,,,,,,,,,,,,,,,,,
239.1140805000323,unswapping,,,,,,,,,,,,,,,,,,,,,,,,,,,,,,,,,,,,,,,,,,,,,,,128,4,225144,2138,158,40,2,left,0,20,20,0,0,,,,,44,,,,,,,,,,,,,,,,,,,,,,,,,,,,,,,,,,,,,,,,,,
239.56781999999657,unswapping,,,,,,,,,,,,,,,,,,,,,,,,,,,,,,,,,,,,,,,,,,,,,,,128,4,225144,2138,158,40,2,left,1,19,19,0,0,,,,,44,,,,,,,,,,,,,,,,,,,,,,,,,,,,,,,,,,,,,,,,,,
240.2081884170184,unswapping,,,,,,,,,,,,,,,,,,,,,,,,,,,,,,,,,,,,,,,,,,,,,,,128,4,225144,2138,158,40,2,right,0,20,20,0,0,,,,,44,,,,,,,,,,,,,,,,,,,,,,,,,,,,,,,,,,,,,,,,,,
240.62464583403198,unswapping,,,,,,,,,,,,,,,,,,,,,,,,,,,,,,,,,,,,,,,,,,,,,,,128,4,225144,2138,158,40,2,right,1,19,19,0,0,,,,,44,,,,,,,,,,,,,,,,,,,,,,,,,,,,,,,,,,,,,,,,,,
241.24278875003802,unswap_cycle_summary,,,,,,,,,,,,397,376,773,,,,,,,,,,,,,,,,,,,512,0.0006,,,,,,,,,,,,,128,4,225144,2138,158,40,,,,,,,,,,,,,,,,,,,,8,20.719111540995073,773,808,35,11,False,,,,,,,,,,,,,,,,,,,,,,,,,,,,
241.3861317090341,rewiring,left,post_unswap,0.10954162501730025,17,False,False,,,,,,,,,,,,,,,,,,,,,,,,,,,,,,,,,,,,,,,,,,,,,,,,,,,,,,,,,,,,,,,,,,8,,,,,,,50,False,11,4,bond_profile,8,False,1,2141,"(52, 16, 7, 6, 9, 42, 15)",0.002154582994990051,0.10736199998063967,"[{'seed': 123, 'score': (56, 24, 7, 7, 12, 42, 19), 'num_layers': 19, 'total_swaps': 42, 'max_layer_swaps': 5, 'swap_only_layers': 12, 'work_layers': 7, 'unitary_layers': 7, 'first_work_layer': 0, 'leading_no_work_layers': 0, 'bond_profile_layers_scored': 7, 'bond_profile_total_cost': 56, 'bond_profile_max_cost': 24, 'bond_profile_gate_count': 7}, {'seed': 1132, 'score': (54, 26, 7, 7, 11, 42, 18), 'num_layers': 18, 'total_swaps': 42, 'max_layer_swaps': 6, 'swap_only_layers': 11, 'work_layers': 7, 'unitary_layers': 7, 'first_work_layer': 0, 'leading_no_work_layers': 0, 'bond_profile_layers_scored': 7, 'bond_profile_total_cost': 54, 'bond_profile_max_cost': 26, 'bond_profile_gate_count': 7}, {'seed': 2141, 'score': (52, 16, 7, 6, 9, 42, 15), 'num_layers': 15, 'total_swaps': 42, 'max_layer_swaps': 6, 'swap_only_layers': 9, 'work_layers': 6, 'unitary_layers': 6, 'first_work_layer': 0, 'leading_no_work_layers': 0, 'bond_profile_layers_scored': 6, 'bond_profile_total_cost': 52, 'bond_profile_max_cost': 16, 'bond_profile_gate_count': 7}, {'seed': 3150, 'score': (60, 28, 7, 7, 11, 42, 18), 'num_layers': 18, 'total_swaps': 42, 'max_layer_swaps': 6, 'swap_only_layers': 11, 'work_layers': 7, 'unitary_layers': 7, 'first_work_layer': 0, 'leading_no_work_layers': 0, 'bond_profile_layers_scored': 7, 'bond_profile_total_cost': 60, 'bond_profile_max_cost': 28, 'bond_profile_gate_count': 7}]",0.10953508398961276,0.25695200002519414,,,,,,,,,,,,,
241.53304962499533,rewiring,right,post_unswap,0.14675616699969396,39,False,False,,,,,,,,,,,,,,,,,,,,,,,,,,,,,,,,,,,,,,,,,,,,,,,,,,,,,,,,,,,,,,,,,,8,,,,,,,50,False,11,4,bond_profile,8,False,1,1132,"(437, 128, 13, 8, 28, 122, 48)",0.002741249045357108,0.14399283396778628,"[{'seed': 123, 'score': (469, 128, 14, 8, 29, 122, 48), 'num_layers': 48, 'total_swaps': 122, 'max_layer_swaps': 10, 'swap_only_layers': 29, 'work_layers': 19, 'unitary_layers': 19, 'first_work_layer': 0, 'leading_no_work_layers': 0, 'bond_profile_layers_scored': 8, 'bond_profile_total_cost': 469, 'bond_profile_max_cost': 128, 'bond_profile_gate_count': 14}, {'seed': 1132, 'score': (437, 128, 13, 8, 28, 122, 48), 'num_layers': 48, 'total_swaps': 122, 'max_layer_swaps': 10, 'swap_only_layers': 28, 'work_layers': 20, 'unitary_layers': 20, 'first_work_layer': 0, 'leading_no_work_layers': 0, 'bond_profile_layers_scored': 8, 'bond_profile_total_cost': 437, 'bond_profile_max_cost': 128, 'bond_profile_gate_count': 13}, {'seed': 2141, 'score': (469, 128, 14, 8, 30, 122, 49), 'num_layers': 49, 'total_swaps': 122, 'max_layer_swaps': 10, 'swap_only_layers': 30, 'work_layers': 19, 'unitary_layers': 19, 'first_work_layer': 0, 'leading_no_work_layers': 0, 'bond_profile_layers_scored': 8, 'bond_profile_total_cost': 469, 'bond_profile_max_cost': 128, 'bond_profile_gate_count': 14}, {'seed': 3150, 'score': (437, 128, 13, 8, 29, 122, 49), 'num_layers': 49, 'total_swaps': 122, 'max_layer_swaps': 10, 'swap_only_layers': 29, 'work_layers': 20, 'unitary_layers': 20, 'first_work_layer': 0, 'leading_no_work_layers': 0, 'bond_profile_layers_scored': 8, 'bond_profile_total_cost': 437, 'bond_profile_max_cost': 128, 'bond_profile_gate_count': 13}]",0.1467513749958016,0.25695200002519414,,,,,,,,,,,,,
241.6014666670235,cycle_progress,,,,,,,,,,,,397,376,773,,,,,,,,,,,,,,,,,,,512,0.0006,,68084,0,,,,,,,,,,128,4,225144,2138,158,40,,,,,,,,,,,,,,,,,,,,8,,773,808,35,11,False,,,,,,,,,,,,,,,0.25695200002519414,,,,,,,,,,,,,
242.32103916699998,absorbing,,,,,,,L,1,0,15,48,398,376,774,6,1,1,0.16790987498825416,0.5102725000469945,0.6781823750352487,0.6812761670444161,224820,395288,128,255,False,False,False,False,224820,128,False,512,0.0006,,225144,0,bond_l2,"(65115, 224820)","(123387, 395288)",1,1,,,,0.0,128,4,224820,2134,158,40,,,,,,,,,,,,,,,,,,,,,,,,,,,,,,,,,,,,,,,,,,,,,,,,,,,,,,
243.1075025839964,absorbing,,,,,,,L,2,0,15,48,399,376,775,5,1,2,0.19026025000493973,0.5564635409973562,0.7467237910022959,0.7478707080008462,232228,395112,128,255,False,False,False,False,232228,128,False,512,0.0006,,225144,0,bond_l2,"(67536, 232228)","(123344, 395112)",1,1,,,,0.0,128,4,232228,2260,158,40,,,,,,,,,,,,,,,,,,,,,,,,,,,,,,,,,,,,,,,,,,,,,,,,,,,,,,
243.96214720903663,absorbing,,,,,,,L,3,0,15,48,399,376,775,5,0,2,0.23252258298452944,0.5823079170077108,0.8148304999922402,0.8154842499643564,296880,405096,128,255,False,False,False,False,296880,128,False,512,0.0006,,225144,0,bond_l2,"(82383, 296880)","(126426, 405096)",1,1,,,,0.0,128,4,296880,2570,158,40,,,,,,,,,,,,,,,,,,,,,,,,,,,,,,,,,,,,,,,,,,,,,,,,,,,,,,
244.98203554202337,absorbing,,,,,,,L,4,0,15,48,399,376,775,4,0,2,0.27799979102564976,0.6977895000018179,0.9757892910274677,0.9767537079751492,359056,479612,128,255,False,False,False,False,359056,128,False,512,0.0006,,225144,0,bond_l2,"(99034, 359056)","(149904, 479612)",1,1,,,,0.0,128,4,359056,2896,158,40,,,,,,,,,,,,,,,,,,,,,,,,,,,,,,,,,,,,,,,,,,,,,,,,,,,,,,
246.2076346250251,absorbing,,,,,,,L,5,0,15,48,399,376,775,4,0,2,0.31817933404818177,0.8685855829971842,1.186764917045366,1.1881592079880647,397676,582180,128,255,False,False,False,True,397676,128,False,512,0.0006,,225144,0,bond_l2,"(107859, 397676)","(179977, 582180)",1,1,,,,0.0,128,4,397676,3126,158,40,,,,,,,,,,,,,,,,,,,,,,,,,,,,,,,,,,,,,,,,,,,,,,,,,,,,,,
247.48813787504332,absorbing,,,,,,,L,6,0,15,48,399,376,775,3,0,2,0.3658651250298135,0.8757376669673249,1.2416027919971384,1.2429227500106208,419068,620028,128,255,False,False,False,True,419068,128,False,512,0.0006,,225144,0,bond_l2,"(114093, 419068)","(190901, 620028)",1,1,,,,0.0,128,4,419068,3290,158,40,,,,,,,,,,,,,,,,,,,,,,,,,,,,,,,,,,,,,,,,,,,,,,,,,,,,,,
248.81863783398876,absorbing,,,,,,,L,7,0,15,48,399,376,775,3,0,2,0.2817772920243442,1.0098035000264645,1.2915807920508087,1.2923402920132503,439628,651716,128,255,False,False,False,True,439628,128,False,512,0.0006,,225144,0,bond_l2,"(119849, 439628)","(197411, 651716)",1,1,,,,0.0,128,4,439628,3462,158,40,,,,,,,,,,,,,,,,,,,,,,,,,,,,,,,,,,,,,,,,,,,,,,,,,,,,,,
250.15683925000485,absorbing,,,,,,,L,8,0,15,48,400,376,776,2,1,3,0.31783491699025035,0.9811375000281259,1.2989724170183763,1.300752624985762,457552,666692,128,255,False,False,False,True,457552,128,False,512,0.0006,,225144,0,bond_l2,"(122626, 457552)","(201600, 666692)",1,1,,,,0.0,128,4,457552,3560,158,40,,,,,,,,,,,,,,,,,,,,,,,,,,,,,,,,,,,,,,,,,,,,,,,,,,,,,,
251.48806204204448,absorbing,,,,,,,L,9,0,15,48,400,376,776,2,0,3,0.31087066704640165,0.9804209170397371,1.2912915840861388,1.2924761249450967,454916,716056,128,255,False,False,False,True,454916,128,False,512,0.0006,,225144,0,bond_l2,"(122009, 454916)","(225087, 716056)",1,1,,,,0.0,128,4,454916,3606,158,40,,,,,,,,,,,,,,,,,,,,,,,,,,,,,,,,,,,,,,,,,,,,,,,,,,,,,,
252.85080929199466,absorbing,,,,,,,L,10,0,15,48,401,376,777,1,1,4,0.30652841698611155,1.0162590830004774,1.322787499986589,1.3245434580021538,463368,714144,128,255,False,False,False,True,463368,128,False,512,0.0006,,225144,0,bond_l2,"(124696, 463368)","(224277, 714144)",1,1,,,,0.0,128,4,463368,3720,158,40,,,,,,,,,,,,,,,,,,,,,,,,,,,,,,,,,,,,,,,,,,,,,,,,,,,,,,
254.22488920902833,absorbing,,,,,,,L,11,0,15,48,402,376,778,1,1,5,0.3207946250331588,1.0118115419754758,1.3326061670086347,1.3341003329842351,460832,723056,128,255,False,False,False,True,460832,128,False,512,0.0006,,225144,0,bond_l2,"(123760, 460832)","(226684, 723056)",1,1,,,,0.0,128,4,460832,3728,158,40,,,,,,,,,,,,,,,,,,,,,,,,,,,,,,,,,,,,,,,,,,,,,,,,,,,,,,
255.64482708403375,absorbing,,,,,,,L,12,0,15,48,402,376,778,2,0,5,0.35241716605378315,1.027051874960307,1.3794690410140902,1.3806066670222208,469348,720860,128,255,False,False,False,True,469348,128,False,512,0.0006,,225144,0,bond_l2,"(125829, 469348)","(225906, 720860)",1,1,,,,0.0,128,4,469348,3798,158,40,,,,,,,,,,,,,,,,,,,,,,,,,,,,,,,,,,,,,,,,,,,,,,,,,,,,,,
257.11127479199786,absorbing,,,,,,,L,13,0,15,48,402,376,778,2,0,5,0.35651362501084805,1.0702084579970688,1.4267220830079168,1.428479874972254,483440,728916,128,255,False,False,False,True,483440,128,False,512,0.0006,,225144,0,bond_l2,"(131309, 483440)","(227864, 728916)",1,1,,,,0.0,128,4,483440,3890,158,40,,,,,,,,,,,,,,,,,,,,,,,,,,,,,,,,,,,,,,,,,,,,,,,,,,,,,,
261.82647479203297,unswapping,,,,,,,,,,,,,,,,,,,,,,,,,,,,,,,,,,,,,,,,,,,,,,,128,4,483440,3890,158,40,0,both,0,20,20,0,0,,,,,0,,,,,,,,,,,,,,,,,,,,,,,,,,,,,,,,,,,,,,,,,,
265.7459974170197,unswapping,,,,,,,,,,,,,,,,,,,,,,,,,,,,,,,,,,,,,,,,,,,,,,,128,4,511840,3952,158,40,0,both,1,19,19,1,1,,,,,0,,,,,,,,,,,,,,,,,,,,,,,,,,,,,,,,,,,,,,,,,,
267.47889445902547,unswapping,,,,,,,,,,,,,,,,,,,,,,,,,,,,,,,,,,,,,,,,,,,,,,,128,4,445148,3654,158,40,0,left,0,20,20,4,5,,,,,8,,,,,,,,,,,,,,,,,,,,,,,,,,,,,,,,,,,,,,,,,,
268.85645029199077,unswapping,,,,,,,,,,,,,,,,,,,,,,,,,,,,,,,,,,,,,,,,,,,,,,,128,4,412308,3462,158,40,0,left,1,19,19,4,9,,,,,16,,,,,,,,,,,,,,,,,,,,,,,,,,,,,,,,,,,,,,,,,,
269.95767466700636,unswapping,,,,,,,,,,,,,,,,,,,,,,,,,,,,,,,,,,,,,,,,,,,,,,,128,4,412308,3462,158,40,0,right,0,20,20,0,9,,,,,16,,,,,,,,,,,,,,,,,,,,,,,,,,,,,,,,,,,,,,,,,,
271.245935959043,unswapping,,,,,,,,,,,,,,,,,,,,,,,,,,,,,,,,,,,,,,,,,,,,,,,128,4,405176,3410,158,40,0,right,1,19,19,2,11,,,,,18,,,,,,,,,,,,,,,,,,,,,,,,,,,,,,,,,,,,,,,,,,
274.12293008400593,unswapping,,,,,,,,,,,,,,,,,,,,,,,,,,,,,,,,,,,,,,,,,,,,,,,128,4,383624,3270,158,40,1,both,0,20,20,2,2,,,,,22,,,,,,,,,,,,,,,,,,,,,,,,,,,,,,,,,,,,,,,,,,
275.9409737919923,unswapping,,,,,,,,,,,,,,,,,,,,,,,,,,,,,,,,,,,,,,,,,,,,,,,128,4,383624,3270,158,40,1,both,1,19,19,0,2,,,,,22,,,,,,,,,,,,,,,,,,,,,,,,,,,,,,,,,,,,,,,,,,
277.2161142920377,unswapping,,,,,,,,,,,,,,,,,,,,,,,,,,,,,,,,,,,,,,,,,,,,,,,128,4,379888,3244,158,40,1,left,0,20,20,1,3,,,,,22,,,,,,,,,,,,,,,,,,,,,,,,,,,,,,,,,,,,,,,,,,
278.40302795899333,unswapping,,,,,,,,,,,,,,,,,,,,,,,,,,,,,,,,,,,,,,,,,,,,,,,128,4,377700,3232,158,40,1,left,1,19,19,1,4,,,,,24,,,,,,,,,,,,,,,,,,,,,,,,,,,,,,,,,,,,,,,,,,
279.42497941700276,unswapping,,,,,,,,,,,,,,,,,,,,,,,,,,,,,,,,,,,,,,,,,,,,,,,128,4,377700,3232,158,40,1,right,0,20,20,0,4,,,,,24,,,,,,,,,,,,,,,,,,,,,,,,,,,,,,,,,,,,,,,,,,
280.49484129203483,unswapping,,,,,,,,,,,,,,,,,,,,,,,,,,,,,,,,,,,,,,,,,,,,,,,128,4,372664,3200,158,40,1,right,1,19,19,1,5,,,,,26,,,,,,,,,,,,,,,,,,,,,,,,,,,,,,,,,,,,,,,,,,
283.2868114170269,unswapping,,,,,,,,,,,,,,,,,,,,,,,,,,,,,,,,,,,,,,,,,,,,,,,128,4,363456,3142,158,40,2,both,0,20,20,1,1,,,,,28,,,,,,,,,,,,,,,,,,,,,,,,,,,,,,,,,,,,,,,,,,
285.55578670901014,unswapping,,,,,,,,,,,,,,,,,,,,,,,,,,,,,,,,,,,,,,,,,,,,,,,128,4,353480,3080,158,40,2,both,1,19,19,1,2,,,,,30,,,,,,,,,,,,,,,,,,,,,,,,,,,,,,,,,,,,,,,,,,
286.7600672090193,unswapping,,,,,,,,,,,,,,,,,,,,,,,,,,,,,,,,,,,,,,,,,,,,,,,128,4,348380,3044,158,40,2,left,0,20,20,1,3,,,,,32,,,,,,,,,,,,,,,,,,,,,,,,,,,,,,,,,,,,,,,,,,
287.8340771670337,unswapping,,,,,,,,,,,,,,,,,,,,,,,,,,,,,,,,,,,,,,,,,,,,,,,128,4,344556,3012,158,40,2,left,1,19,19,1,4,,,,,34,,,,,,,,,,,,,,,,,,,,,,,,,,,,,,,,,,,,,,,,,,
288.77392537501873,unswapping,,,,,,,,,,,,,,,,,,,,,,,,,,,,,,,,,,,,,,,,,,,,,,,128,4,344556,3012,158,40,2,right,0,20,20,0,4,,,,,34,,,,,,,,,,,,,,,,,,,,,,,,,,,,,,,,,,,,,,,,,,
289.75364220899064,unswapping,,,,,,,,,,,,,,,,,,,,,,,,,,,,,,,,,,,,,,,,,,,,,,,128,4,339780,2976,158,40,2,right,1,19,19,1,5,,,,,34,,,,,,,,,,,,,,,,,,,,,,,,,,,,,,,,,,,,,,,,,,
292.2094830420101,unswapping,,,,,,,,,,,,,,,,,,,,,,,,,,,,,,,,,,,,,,,,,,,,,,,128,4,334836,2930,158,40,3,both,0,20,20,1,1,,,,,34,,,,,,,,,,,,,,,,,,,,,,,,,,,,,,,,,,,,,,,,,,
293.7725808339892,unswapping,,,,,,,,,,,,,,,,,,,,,,,,,,,,,,,,,,,,,,,,,,,,,,,128,4,334836,2930,158,40,3,both,1,19,19,0,1,,,,,34,,,,,,,,,,,,,,,,,,,,,,,,,,,,,,,,,,,,,,,,,,
294.91611654200824,unswapping,,,,,,,,,,,,,,,,,,,,,,,,,,,,,,,,,,,,,,,,,,,,,,,128,4,332644,2910,158,40,3,left,0,20,20,1,2,,,,,34,,,,,,,,,,,,,,,,,,,,,,,,,,,,,,,,,,,,,,,,,,
295.63794162502745,unswapping,,,,,,,,,,,,,,,,,,,,,,,,,,,,,,,,,,,,,,,,,,,,,,,128,4,332644,2910,158,40,3,left,1,19,19,0,2,,,,,34,,,,,,,,,,,,,,,,,,,,,,,,,,,,,,,,,,,,,,,,,,
296.4587986670085,unswapping,,,,,,,,,,,,,,,,,,,,,,,,,,,,,,,,,,,,,,,,,,,,,,,128,4,332644,2910,158,40,3,right,0,20,20,0,2,,,,,34,,,,,,,,,,,,,,,,,,,,,,,,,,,,,,,,,,,,,,,,,,
297.2181919590221,unswapping,,,,,,,,,,,,,,,,,,,,,,,,,,,,,,,,,,,,,,,,,,,,,,,128,4,332644,2910,158,40,3,right,1,19,19,0,2,,,,,34,,,,,,,,,,,,,,,,,,,,,,,,,,,,,,,,,,,,,,,,,,
299.353566167003,unswapping,,,,,,,,,,,,,,,,,,,,,,,,,,,,,,,,,,,,,,,,,,,,,,,128,4,332644,2910,158,40,4,both,0,20,20,0,0,,,,,34,,,,,,,,,,,,,,,,,,,,,,,,,,,,,,,,,,,,,,,,,,
301.0234367090161,unswapping,,,,,,,,,,,,,,,,,,,,,,,,,,,,,,,,,,,,,,,,,,,,,,,128,4,332644,2910,158,40,4,both,1,19,19,0,0,,,,,34,,,,,,,,,,,,,,,,,,,,,,,,,,,,,,,,,,,,,,,,,,
301.9612390840193,unswapping,,,,,,,,,,,,,,,,,,,,,,,,,,,,,,,,,,,,,,,,,,,,,,,128,4,332644,2910,158,40,4,left,0,20,20,0,0,,,,,34,,,,,,,,,,,,,,,,,,,,,,,,,,,,,,,,,,,,,,,,,,
302.7645494590397,unswapping,,,,,,,,,,,,,,,,,,,,,,,,,,,,,,,,,,,,,,,,,,,,,,,128,4,332644,2910,158,40,4,left,1,19,19,0,0,,,,,34,,,,,,,,,,,,,,,,,,,,,,,,,,,,,,,,,,,,,,,,,,
303.6781392089906,unswapping,,,,,,,,,,,,,,,,,,,,,,,,,,,,,,,,,,,,,,,,,,,,,,,128,4,332644,2910,158,40,4,right,0,20,20,0,0,,,,,34,,,,,,,,,,,,,,,,,,,,,,,,,,,,,,,,,,,,,,,,,,
304.421491834044,unswapping,,,,,,,,,,,,,,,,,,,,,,,,,,,,,,,,,,,,,,,,,,,,,,,128,4,332644,2910,158,40,4,right,1,19,19,0,0,,,,,34,,,,,,,,,,,,,,,,,,,,,,,,,,,,,,,,,,,,,,,,,,
305.483782958996,unswap_cycle_summary,,,,,,,,,,,,402,376,778,,,,,,,,,,,,,,,,,,,512,0.0006,,,,,,,,,,,,,128,4,332644,2910,158,40,,,,,,,,,,,,,,,,,,,,9,45.74134020897327,778,808,30,5,False,,,,,,,,,,,,,,,,,,,,,,,,,,,,
305.5447665420361,rewiring,left,post_unswap,0.024922500015236437,4,False,False,,,,,,,,,,,,,,,,,,,,,,,,,,,,,,,,,,,,,,,,,,,,,,,,,,,,,,,,,,,,,,,,,,9,,,,,,,50,False,5,4,bond_profile,8,False,1,123,"(40, 32, 2, 2, 6, 16, 8)",0.0020307510276325047,0.022867541993036866,"[{'seed': 123, 'score': (40, 32, 2, 2, 6, 16, 8), 'num_layers': 8, 'total_swaps': 16, 'max_layer_swaps': 4, 'swap_only_layers': 6, 'work_layers': 2, 'unitary_layers': 2, 'first_work_layer': 2, 'leading_no_work_layers': 2, 'bond_profile_layers_scored': 2, 'bond_profile_total_cost': 40, 'bond_profile_max_cost': 32, 'bond_profile_gate_count': 2}, {'seed': 1132, 'score': (40, 32, 2, 2, 6, 16, 8), 'num_layers': 8, 'total_swaps': 16, 'max_layer_swaps': 4, 'swap_only_layers': 6, 'work_layers': 2, 'unitary_layers': 2, 'first_work_layer': 2, 'leading_no_work_layers': 2, 'bond_profile_layers_scored': 2, 'bond_profile_total_cost': 40, 'bond_profile_max_cost': 32, 'bond_profile_gate_count': 2}, {'seed': 2141, 'score': (40, 32, 2, 2, 6, 16, 8), 'num_layers': 8, 'total_swaps': 16, 'max_layer_swaps': 4, 'swap_only_layers': 6, 'work_layers': 2, 'unitary_layers': 2, 'first_work_layer': 2, 'leading_no_work_layers': 2, 'bond_profile_layers_scored': 2, 'bond_profile_total_cost': 40, 'bond_profile_max_cost': 32, 'bond_profile_gate_count': 2}, {'seed': 3150, 'score': (40, 32, 2, 2, 6, 16, 8), 'num_layers': 8, 'total_swaps': 16, 'max_layer_swaps': 4, 'swap_only_layers': 6, 'work_layers': 2, 'unitary_layers': 2, 'first_work_layer': 2, 'leading_no_work_layers': 2, 'bond_profile_layers_scored': 2, 'bond_profile_total_cost': 40, 'bond_profile_max_cost': 32, 'bond_profile_gate_count': 2}]",0.024916791007854044,0.2280740419519134,,,,,,,,,,,,,
305.7476985420217,rewiring,right,post_unswap,0.20277166698360816,50,False,False,,,,,,,,,,,,,,,,,,,,,,,,,,,,,,,,,,,,,,,,,,,,,,,,,,,,,,,,,,,,,,,,,,9,,,,,,,50,False,5,4,bond_profile,8,False,1,3150,"(484, 128, 13, 8, 29, 123, 50)",0.002503457013517618,0.20024558395380154,"[{'seed': 123, 'score': (620, 128, 14, 8, 25, 119, 43), 'num_layers': 43, 'total_swaps': 119, 'max_layer_swaps': 9, 'swap_only_layers': 25, 'work_layers': 18, 'unitary_layers': 18, 'first_work_layer': 0, 'leading_no_work_layers': 0, 'bond_profile_layers_scored': 8, 'bond_profile_total_cost': 620, 'bond_profile_max_cost': 128, 'bond_profile_gate_count': 14}, {'seed': 1132, 'score': (692, 128, 16, 8, 25, 119, 43), 'num_layers': 43, 'total_swaps': 119, 'max_layer_swaps': 10, 'swap_only_layers': 25, 'work_layers': 18, 'unitary_layers': 18, 'first_work_layer': 0, 'leading_no_work_layers': 0, 'bond_profile_layers_scored': 8, 'bond_profile_total_cost': 692, 'bond_profile_max_cost': 128, 'bond_profile_gate_count': 16}, {'seed': 2141, 'score': (692, 128, 16, 8, 26, 119, 44), 'num_layers': 44, 'total_swaps': 119, 'max_layer_swaps': 10, 'swap_only_layers': 26, 'work_layers': 18, 'unitary_layers': 18, 'first_work_layer': 0, 'leading_no_work_layers': 0, 'bond_profile_layers_scored': 8, 'bond_profile_total_cost': 692, 'bond_profile_max_cost': 128, 'bond_profile_gate_count': 16}, {'seed': 3150, 'score': (484, 128, 13, 8, 29, 123, 50), 'num_layers': 50, 'total_swaps': 123, 'max_layer_swaps': 10, 'swap_only_layers': 29, 'work_layers': 21, 'unitary_layers': 21, 'first_work_layer': 0, 'leading_no_work_layers': 0, 'bond_profile_layers_scored': 8, 'bond_profile_total_cost': 484, 'bond_profile_max_cost': 128, 'bond_profile_gate_count': 13}]",0.20276625000406057,0.2280740419519134,,,,,,,,,,,,,
305.81821437500184,cycle_progress,,,,,,,,,,,,402,376,778,,,,,,,,,,,,,,,,,,,512,0.0006,,225144,0,,,,,,,,,,128,4,332644,2910,158,40,,,,,,,,,,,,,,,,,,,,9,,778,808,30,5,False,,,,,,,,,,,,,,,0.2280740419519134,,,,,,,,,,,,,
306.80297054199036,absorbing,,,,,,,L,1,0,8,50,402,376,778,4,0,0,0.2254007500014268,0.7186669579823501,0.9440677079837769,0.9470082499901764,331740,519960,128,255,False,False,False,True,331740,128,False,512,0.0006,,332644,0,bond_l2,"(90079, 331740)","(158079, 519960)",1,1,,,,0.0,128,4,331740,2906,158,40,,,,,,,,,,,,,,,,,,,,,,,,,,,,,,,,,,,,,,,,,,,,,,,,,,,,,,
307.78087937500095,absorbing,,,,,,,L,2,0,8,50,402,376,778,3,0,0,0.23793045798083767,0.6972062920103781,0.9351367499912158,0.9360589170246385,357760,518424,128,255,False,False,False,True,357760,128,False,512,0.0006,,332644,0,bond_l2,"(99125, 357760)","(157595, 518424)",1,1,,,,0.0,128,4,357760,3154,158,40,,,,,,,,,,,,,,,,,,,,,,,,,,,,,,,,,,,,,,,,,,,,,,,,,,,,,,
308.881871916994,absorbing,,,,,,,L,3,0,8,50,403,376,779,2,1,1,0.3198492079973221,0.7384229999734089,1.058272207970731,1.0602344580111094,444448,544992,140,255,False,False,False,True,444448,140,False,512,0.0006,,332644,0,bond_l2,"(133329, 444448)","(165746, 544992)",1,1,,,,0.0,140,4,444448,3606,158,40,,,,,,,,,,,,,,,,,,,,,,,,,,,,,,,,,,,,,,,,,,,,,,,,,,,,,,
310.1500982500147,absorbing,,,,,,,L,4,0,8,50,403,376,779,2,0,1,0.40044950001174584,0.825982834037859,1.2264323340496048,1.2271577920182608,493108,669952,128,255,False,False,False,True,493108,128,False,512,0.0006,,332644,0,bond_l2,"(142711, 493108)","(207900, 669952)",1,1,,,,0.0,128,4,493108,3782,158,40,,,,,,,,,,,,,,,,,,,,,,,,,,,,,,,,,,,,,,,,,,,,,,,,,,,,,,
315.3335650420049,unswapping,,,,,,,,,,,,,,,,,,,,,,,,,,,,,,,,,,,,,,,,,,,,,,,128,4,474480,3724,158,40,0,both,0,20,20,1,1,,,,,0,,,,,,,,,,,,,,,,,,,,,,,,,,,,,,,,,,,,,,,,,,
318.2639083749964,unswapping,,,,,,,,,,,,,,,,,,,,,,,,,,,,,,,,,,,,,,,,,,,,,,,128,4,449836,3614,158,40,0,both,1,19,19,2,3,,,,,0,,,,,,,,,,,,,,,,,,,,,,,,,,,,,,,,,,,,,,,,,,
319.7191649170127,unswapping,,,,,,,,,,,,,,,,,,,,,,,,,,,,,,,,,,,,,,,,,,,,,,,128,4,399136,3406,158,40,0,left,0,20,20,2,5,,,,,4,,,,,,,,,,,,,,,,,,,,,,,,,,,,,,,,,,,,,,,,,,
320.92194037500303,unswapping,,,,,,,,,,,,,,,,,,,,,,,,,,,,,,,,,,,,,,,,,,,,,,,128,4,361952,3196,158,40,0,left,1,19,19,3,8,,,,,10,,,,,,,,,,,,,,,,,,,,,,,,,,,,,,,,,,,,,,,,,,
322.13762137503363,unswapping,,,,,,,,,,,,,,,,,,,,,,,,,,,,,,,,,,,,,,,,,,,,,,,128,4,359584,3178,158,40,0,right,0,20,20,1,9,,,,,12,,,,,,,,,,,,,,,,,,,,,,,,,,,,,,,,,,,,,,,,,,
322.9143772920361,unswapping,,,,,,,,,,,,,,,,,,,,,,,,,,,,,,,,,,,,,,,,,,,,,,,128,4,359584,3178,158,40,0,right,1,19,19,0,9,,,,,12,,,,,,,,,,,,,,,,,,,,,,,,,,,,,,,,,,,,,,,,,,
325.46746541699395,unswapping,,,,,,,,,,,,,,,,,,,,,,,,,,,,,,,,,,,,,,,,,,,,,,,128,4,348000,3086,158,40,1,both,0,20,20,2,2,,,,,14,,,,,,,,,,,,,,,,,,,,,,,,,,,,,,,,,,,,,,,,,,
327.2672404590412,unswapping,,,,,,,,,,,,,,,,,,,,,,,,,,,,,,,,,,,,,,,,,,,,,,,128,4,348000,3086,158,40,1,both,1,19,19,0,2,,,,,14,,,,,,,,,,,,,,,,,,,,,,,,,,,,,,,,,,,,,,,,,,
328.22139950003475,unswapping,,,,,,,,,,,,,,,,,,,,,,,,,,,,,,,,,,,,,,,,,,,,,,,128,4,348000,3086,158,40,1,left,0,20,20,0,2,,,,,14,,,,,,,,,,,,,,,,,,,,,,,,,,,,,,,,,,,,,,,,,,
329.30814470903715,unswapping,,,,,,,,,,,,,,,,,,,,,,,,,,,,,,,,,,,,,,,,,,,,,,,128,4,345140,3060,158,40,1,left,1,19,19,1,3,,,,,16,,,,,,,,,,,,,,,,,,,,,,,,,,,,,,,,,,,,,,,,,,
330.46288270899095,unswapping,,,,,,,,,,,,,,,,,,,,,,,,,,,,,,,,,,,,,,,,,,,,,,,128,4,343900,3040,158,40,1,right,0,20,20,1,4,,,,,16,,,,,,,,,,,,,,,,,,,,,,,,,,,,,,,,,,,,,,,,,,
331.21252337499755,unswapping,,,,,,,,,,,,,,,,,,,,,,,,,,,,,,,,,,,,,,,,,,,,,,,128,4,343900,3040,158,40,1,right,1,19,19,0,4,,,,,16,,,,,,,,,,,,,,,,,,,,,,,,,,,,,,,,,,,,,,,,,,
333.20259887503926,unswapping,,,,,,,,,,,,,,,,,,,,,,,,,,,,,,,,,,,,,,,,,,,,,,,128,4,343900,3040,158,40,2,both,0,20,20,0,0,,,,,16,,,,,,,,,,,,,,,,,,,,,,,,,,,,,,,,,,,,,,,,,,
334.9245799999917,unswapping,,,,,,,,,,,,,,,,,,,,,,,,,,,,,,,,,,,,,,,,,,,,,,,128,4,343900,3040,158,40,2,both,1,19,19,0,0,,,,,16,,,,,,,,,,,,,,,,,,,,,,,,,,,,,,,,,,,,,,,,,,
335.86084000003757,unswapping,,,,,,,,,,,,,,,,,,,,,,,,,,,,,,,,,,,,,,,,,,,,,,,128,4,343900,3040,158,40,2,left,0,20,20,0,0,,,,,16,,,,,,,,,,,,,,,,,,,,,,,,,,,,,,,,,,,,,,,,,,
336.66980491700815,unswapping,,,,,,,,,,,,,,,,,,,,,,,,,,,,,,,,,,,,,,,,,,,,,,,128,4,343900,3040,158,40,2,left,1,19,19,0,0,,,,,16,,,,,,,,,,,,,,,,,,,,,,,,,,,,,,,,,,,,,,,,,,
337.5890261250315,unswapping,,,,,,,,,,,,,,,,,,,,,,,,,,,,,,,,,,,,,,,,,,,,,,,128,4,343900,3040,158,40,2,right,0,20,20,0,0,,,,,16,,,,,,,,,,,,,,,,,,,,,,,,,,,,,,,,,,,,,,,,,,
338.40077258402016,unswapping,,,,,,,,,,,,,,,,,,,,,,,,,,,,,,,,,,,,,,,,,,,,,,,128,4,343900,3040,158,40,2,right,1,19,19,0,0,,,,,16,,,,,,,,,,,,,,,,,,,,,,,,,,,,,,,,,,,,,,,,,,
339.0589823750197,unswap_cycle_summary,,,,,,,,,,,,403,376,779,,,,,,,,,,,,,,,,,,,512,0.0006,,,,,,,,,,,,,128,4,343900,3040,158,40,,,,,,,,,,,,,,,,,,,,10,26.949428500025533,779,808,29,1,False,,,,,,,,,,,,,,,,,,,,,,,,,,,,
339.1212569590425,rewiring,left,post_unswap,0.026440582994837314,6,False,False,,,,,,,,,,,,,,,,,,,,,,,,,,,,,,,,,,,,,,,,,,,,,,,,,,,,,,,,,,,,,,,,,,10,,,,,,,50,False,1,4,bond_profile,8,False,1,123,"(8, 8, 1, 1, 7, 13, 8)",0.0020882089738734066,0.024326208978891373,"[{'seed': 123, 'score': (8, 8, 1, 1, 7, 13, 8), 'num_layers': 8, 'total_swaps': 13, 'max_layer_swaps': 2, 'swap_only_layers': 7, 'work_layers': 1, 'unitary_layers': 1, 'first_work_layer': 7, 'leading_no_work_layers': 7, 'bond_profile_layers_scored': 1, 'bond_profile_total_cost': 8, 'bond_profile_max_cost': 8, 'bond_profile_gate_count': 1}, {'seed': 1132, 'score': (8, 8, 1, 1, 7, 13, 8), 'num_layers': 8, 'total_swaps': 13, 'max_layer_swaps': 2, 'swap_only_layers': 7, 'work_layers': 1, 'unitary_layers': 1, 'first_work_layer': 7, 'leading_no_work_layers': 7, 'bond_profile_layers_scored': 1, 'bond_profile_total_cost': 8, 'bond_profile_max_cost': 8, 'bond_profile_gate_count': 1}, {'seed': 2141, 'score': (8, 8, 1, 1, 7, 13, 8), 'num_layers': 8, 'total_swaps': 13, 'max_layer_swaps': 2, 'swap_only_layers': 7, 'work_layers': 1, 'unitary_layers': 1, 'first_work_layer': 7, 'leading_no_work_layers': 7, 'bond_profile_layers_scored': 1, 'bond_profile_total_cost': 8, 'bond_profile_max_cost': 8, 'bond_profile_gate_count': 1}, {'seed': 3150, 'score': (8, 8, 1, 1, 7, 13, 8), 'num_layers': 8, 'total_swaps': 13, 'max_layer_swaps': 2, 'swap_only_layers': 7, 'work_layers': 1, 'unitary_layers': 1, 'first_work_layer': 7, 'leading_no_work_layers': 7, 'bond_profile_layers_scored': 1, 'bond_profile_total_cost': 8, 'bond_profile_max_cost': 8, 'bond_profile_gate_count': 1}]",0.026433458959218115,0.2527930839569308,,,,,,,,,,,,,
339.34715758403763,rewiring,right,post_unswap,0.22575154097285122,52,False,False,,,,,,,,,,,,,,,,,,,,,,,,,,,,,,,,,,,,,,,,,,,,,,,,,,,,,,,,,,,,,,,,,,10,,,,,,,50,False,1,4,bond_profile,8,False,1,2141,"(576, 128, 12, 8, 21, 118, 41)",0.0024221240309998393,0.2233075420372188,"[{'seed': 123, 'score': (620, 128, 13, 8, 22, 118, 42), 'num_layers': 42, 'total_swaps': 118, 'max_layer_swaps': 12, 'swap_only_layers': 22, 'work_layers': 20, 'unitary_layers': 20, 'first_work_layer': 0, 'leading_no_work_layers': 0, 'bond_profile_layers_scored': 8, 'bond_profile_total_cost': 620, 'bond_profile_max_cost': 128, 'bond_profile_gate_count': 13}, {'seed': 1132, 'score': (620, 128, 13, 8, 22, 118, 41), 'num_layers': 41, 'total_swaps': 118, 'max_layer_swaps': 12, 'swap_only_layers': 22, 'work_layers': 19, 'unitary_layers': 19, 'first_work_layer': 0, 'leading_no_work_layers': 0, 'bond_profile_layers_scored': 8, 'bond_profile_total_cost': 620, 'bond_profile_max_cost': 128, 'bond_profile_gate_count': 13}, {'seed': 2141, 'score': (576, 128, 12, 8, 21, 118, 41), 'num_layers': 41, 'total_swaps': 118, 'max_layer_swaps': 12, 'swap_only_layers': 21, 'work_layers': 20, 'unitary_layers': 20, 'first_work_layer': 0, 'leading_no_work_layers': 0, 'bond_profile_layers_scored': 8, 'bond_profile_total_cost': 576, 'bond_profile_max_cost': 128, 'bond_profile_gate_count': 12}, {'seed': 3150, 'score': (620, 128, 13, 8, 23, 118, 42), 'num_layers': 42, 'total_swaps': 118, 'max_layer_swaps': 12, 'swap_only_layers': 23, 'work_layers': 19, 'unitary_layers': 19, 'first_work_layer': 0, 'leading_no_work_layers': 0, 'bond_profile_layers_scored': 8, 'bond_profile_total_cost': 620, 'bond_profile_max_cost': 128, 'bond_profile_gate_count': 13}]",0.22574641602113843,0.2527930839569308,,,,,,,,,,,,,
339.42134575004457,cycle_progress,,,,,,,,,,,,403,376,779,,,,,,,,,,,,,,,,,,,512,0.0006,,332644,0,,,,,,,,,,128,4,343900,3040,158,40,,,,,,,,,,,,,,,,,,,,10,,779,808,29,1,False,,,,,,,,,,,,,,,0.2527930839569308,,,,,,,,,,,,,
340.46837083401624,absorbing,,,,,,,L,1,0,8,41,403,376,779,2,0,0,0.23608175001572818,0.7705222080112435,1.0066039580269717,1.0086470830137841,343900,564696,128,255,False,False,False,True,343900,128,False,512,0.0006,,343900,0,bond_l2,"(94414, 343900)","(171992, 564696)",1,1,,,,0.0,128,4,343900,3040,158,40,,,,,,,,,,,,,,,,,,,,,,,,,,,,,,,,,,,,,,,,,,,,,,,,,,,,,,
341.5502182500204,absorbing,,,,,,,L,2,0,8,41,403,376,779,2,0,0,0.24676629103487357,0.7939448339748196,1.0407111250096932,1.0430700000142679,358528,564696,128,255,False,False,False,True,358528,128,False,512,0.0006,,343900,0,bond_l2,"(98917, 358528)","(171992, 564696)",1,1,,,,0.0,128,4,358528,3162,158,40,,,,,,,,,,,,,,,,,,,,,,,,,,,,,,,,,,,,,,,,,,,,,,,,,,,,,,
342.62910954200197,absorbing,,,,,,,L,3,0,8,41,403,376,779,2,0,0,0.2739144589868374,0.7663742500008084,1.0402887089876458,1.0409825420356356,384288,577952,128,255,False,False,False,True,384288,128,False,512,0.0006,,343900,0,bond_l2,"(107201, 384288)","(175535, 577952)",1,1,,,,0.0,128,4,384288,3294,158,40,,,,,,,,,,,,,,,,,,,,,,,,,,,,,,,,,,,,,,,,,,,,,,,,,,,,,,
343.7939806249924,absorbing,,,,,,,L,4,0,8,41,403,376,779,2,0,0,0.3038438329822384,0.8206171670462936,1.124461000028532,1.1252994590322487,417952,611376,128,255,False,False,False,True,417952,128,False,512,0.0006,,343900,0,bond_l2,"(115689, 417952)","(184563, 611376)",1,1,,,,0.0,128,4,417952,3454,158,40,,,,,,,,,,,,,,,,,,,,,,,,,,,,,,,,,,,,,,,,,,,,,,,,,,,,,,
345.0287096670363,absorbing,,,,,,,L,5,0,8,41,403,376,779,2,0,0,0.3227784999762662,0.8706283749779686,1.1934068749542348,1.195165208016988,468016,674176,128,255,False,False,False,True,468016,128,False,512,0.0006,,343900,0,bond_l2,"(131817, 468016)","(212272, 674176)",1,1,,,,0.0,128,4,468016,3686,158,40,,,,,,,,,,,,,,,,,,,,,,,,,,,,,,,,,,,,,,,,,,,,,,,,,,,,,,
346.5030334999901,absorbing,,,,,,,L,6,0,8,41,403,376,779,2,0,0,0.3521546669653617,1.0797555840108544,1.431910250976216,1.4327317500137724,466992,755468,128,255,False,False,False,True,466992,128,False,512,0.0006,,343900,0,bond_l2,"(130955, 466992)","(227508, 755468)",1,1,,,,0.0,128,4,466992,3686,158,40,,,,,,,,,,,,,,,,,,,,,,,,,,,,,,,,,,,,,,,,,,,,,,,,,,,,,,
347.88340558402706,absorbing,,,,,,,L,7,0,8,41,403,376,779,1,0,0,0.3080021250061691,1.0283369590179063,1.3363390840240754,1.3383909999975003,465552,755868,128,255,False,False,False,True,465552,128,False,512,0.0006,,343900,0,bond_l2,"(130182, 465552)","(227568, 755868)",1,1,,,,0.0,128,4,465552,3692,158,40,,,,,,,,,,,,,,,,,,,,,,,,,,,,,,,,,,,,,,,,,,,,,,,,,,,,,,
349.2622984999907,absorbing,,,,,,,L,8,0,8,41,404,376,780,0,1,1,0.32340774999465793,1.0112034589983523,1.3346112089930102,1.3364515000139363,467216,753196,128,255,False,False,False,True,467216,128,False,512,0.0006,,343900,0,bond_l2,"(130454, 467216)","(226880, 753196)",1,1,,,,0.0,128,4,467216,3748,158,40,,,,,,,,,,,,,,,,,,,,,,,,,,,,,,,,,,,,,,,,,,,,,,,,,,,,,,
353.0183396670036,unswapping,,,,,,,,,,,,,,,,,,,,,,,,,,,,,,,,,,,,,,,,,,,,,,,128,4,467216,3748,158,40,0,both,0,20,20,0,0,,,,,0,,,,,,,,,,,,,,,,,,,,,,,,,,,,,,,,,,,,,,,,,,
355.99492520903004,unswapping,,,,,,,,,,,,,,,,,,,,,,,,,,,,,,,,,,,,,,,,,,,,,,,128,4,461840,3704,158,40,0,both,1,19,19,1,1,,,,,0,,,,,,,,,,,,,,,,,,,,,,,,,,,,,,,,,,,,,,,,,,
357.24524154199753,unswapping,,,,,,,,,,,,,,,,,,,,,,,,,,,,,,,,,,,,,,,,,,,,,,,128,4,461840,3704,158,40,0,left,0,20,20,0,1,,,,,0,,,,,,,,,,,,,,,,,,,,,,,,,,,,,,,,,,,,,,,,,,
358.27180870901793,unswapping,,,,,,,,,,,,,,,,,,,,,,,,,,,,,,,,,,,,,,,,,,,,,,,128,4,461840,3704,158,40,0,left,1,19,19,0,1,,,,,0,,,,,,,,,,,,,,,,,,,,,,,,,,,,,,,,,,,,,,,,,,
359.8430917090154,unswapping,,,,,,,,,,,,,,,,,,,,,,,,,,,,,,,,,,,,,,,,,,,,,,,128,4,456784,3682,158,40,0,right,0,20,20,1,2,,,,,2,,,,,,,,,,,,,,,,,,,,,,,,,,,,,,,,,,,,,,,,,,
361.0795939170057,unswapping,,,,,,,,,,,,,,,,,,,,,,,,,,,,,,,,,,,,,,,,,,,,,,,128,4,433648,3592,158,40,0,right,1,19,19,1,3,,,,,4,,,,,,,,,,,,,,,,,,,,,,,,,,,,,,,,,,,,,,,,,,
363.46019516699016,unswapping,,,,,,,,,,,,,,,,,,,,,,,,,,,,,,,,,,,,,,,,,,,,,,,128,4,433648,3592,158,40,1,both,0,20,20,0,0,,,,,4,,,,,,,,,,,,,,,,,,,,,,,,,,,,,,,,,,,,,,,,,,
365.63975733402185,unswapping,,,,,,,,,,,,,,,,,,,,,,,,,,,,,,,,,,,,,,,,,,,,,,,128,4,433648,3592,158,40,1,both,1,19,19,0,0,,,,,4,,,,,,,,,,,,,,,,,,,,,,,,,,,,,,,,,,,,,,,,,,
366.667745209008,unswapping,,,,,,,,,,,,,,,,,,,,,,,,,,,,,,,,,,,,,,,,,,,,,,,128,4,433648,3592,158,40,1,left,0,20,20,0,0,,,,,4,,,,,,,,,,,,,,,,,,,,,,,,,,,,,,,,,,,,,,,,,,
367.6856914170203,unswapping,,,,,,,,,,,,,,,,,,,,,,,,,,,,,,,,,,,,,,,,,,,,,,,128,4,433648,3592,158,40,1,left,1,19,19,0,0,,,,,4,,,,,,,,,,,,,,,,,,,,,,,,,,,,,,,,,,,,,,,,,,
368.7434421250364,unswapping,,,,,,,,,,,,,,,,,,,,,,,,,,,,,,,,,,,,,,,,,,,,,,,128,4,433648,3592,158,40,1,right,0,20,20,0,0,,,,,4,,,,,,,,,,,,,,,,,,,,,,,,,,,,,,,,,,,,,,,,,,
369.7533918340341,unswapping,,,,,,,,,,,,,,,,,,,,,,,,,,,,,,,,,,,,,,,,,,,,,,,128,4,433648,3592,158,40,1,right,1,19,19,0,0,,,,,4,,,,,,,,,,,,,,,,,,,,,,,,,,,,,,,,,,,,,,,,,,
370.2167835000437,unswap_cycle_summary,,,,,,,,,,,,404,376,780,,,,,,,,,,,,,,,,,,,512,0.0006,,,,,,,,,,,,,128,4,433648,3592,158,40,,,,,,,,,,,,,,,,,,,,11,19.459239209012594,780,808,28,1,False,,,,,,,,,,,,,,,,,,,,,,,,,,,,
370.42017829202814,rewiring,right,post_unswap,0.1632605000049807,43,False,False,,,,,,,,,,,,,,,,,,,,,,,,,,,,,,,,,,,,,,,,,,,,,,,,,,,,,,,,,,,,,,,,,,11,,,,,,,50,False,1,4,bond_profile,8,False,1,1132,"(721, 128, 13, 8, 21, 117, 41)",0.0025414159172214568,0.16069587593665347,"[{'seed': 123, 'score': (751, 128, 13, 8, 21, 118, 41), 'num_layers': 41, 'total_swaps': 118, 'max_layer_swaps': 10, 'swap_only_layers': 21, 'work_layers': 20, 'unitary_layers': 20, 'first_work_layer': 0, 'leading_no_work_layers': 0, 'bond_profile_layers_scored': 8, 'bond_profile_total_cost': 751, 'bond_profile_max_cost': 128, 'bond_profile_gate_count': 13}, {'seed': 1132, 'score': (721, 128, 13, 8, 21, 117, 41), 'num_layers': 41, 'total_swaps': 117, 'max_layer_swaps': 10, 'swap_only_layers': 21, 'work_layers': 20, 'unitary_layers': 20, 'first_work_layer': 0, 'leading_no_work_layers': 0, 'bond_profile_layers_scored': 8, 'bond_profile_total_cost': 721, 'bond_profile_max_cost': 128, 'bond_profile_gate_count': 13}, {'seed': 2141, 'score': (751, 128, 13, 8, 21, 118, 42), 'num_layers': 42, 'total_swaps': 118, 'max_layer_swaps': 10, 'swap_only_layers': 21, 'work_layers': 21, 'unitary_layers': 21, 'first_work_layer': 0, 'leading_no_work_layers': 0, 'bond_profile_layers_scored': 8, 'bond_profile_total_cost': 751, 'bond_profile_max_cost': 128, 'bond_profile_gate_count': 13}, {'seed': 3150, 'score': (751, 128, 13, 8, 21, 118, 42), 'num_layers': 42, 'total_swaps': 118, 'max_layer_swaps': 10, 'swap_only_layers': 21, 'work_layers': 21, 'unitary_layers': 21, 'first_work_layer': 0, 'leading_no_work_layers': 0, 'bond_profile_layers_scored': 8, 'bond_profile_total_cost': 751, 'bond_profile_max_cost': 128, 'bond_profile_gate_count': 13}]",0.1632552079972811,0.1634609589818865,,,,,,,,,,,,,
370.4579820840154,cycle_progress,,,,,,,,,,,,404,376,780,,,,,,,,,,,,,,,,,,,512,0.0006,,343900,0,,,,,,,,,,128,4,433648,3592,158,40,,,,,,,,,,,,,,,,,,,,11,,780,808,28,1,False,,,,,,,,,,,,,,,0.1634609589818865,,,,,,,,,,,,,
373.76881133404095,unswapping,,,,,,,,,,,,,,,,,,,,,,,,,,,,,,,,,,,,,,,,,,,,,,,128,4,433648,3592,158,40,0,both,0,20,20,0,0,,,,,0,,,,,,,,,,,,,,,,,,,,,,,,,,,,,,,,,,,,,,,,,,
376.0895653750049,unswapping,,,,,,,,,,,,,,,,,,,,,,,,,,,,,,,,,,,,,,,,,,,,,,,128,4,433648,3592,158,40,0,both,1,19,19,0,0,,,,,0,,,,,,,,,,,,,,,,,,,,,,,,,,,,,,,,,,,,,,,,,,
377.23259416699875,unswapping,,,,,,,,,,,,,,,,,,,,,,,,,,,,,,,,,,,,,,,,,,,,,,,128,4,433648,3592,158,40,0,left,0,20,20,0,0,,,,,0,,,,,,,,,,,,,,,,,,,,,,,,,,,,,,,,,,,,,,,,,,
378.33953616704093,unswapping,,,,,,,,,,,,,,,,,,,,,,,,,,,,,,,,,,,,,,,,,,,,,,,128,4,433648,3592,158,40,0,left,1,19,19,0,0,,,,,0,,,,,,,,,,,,,,,,,,,,,,,,,,,,,,,,,,,,,,,,,,
379.4415834590327,unswapping,,,,,,,,,,,,,,,,,,,,,,,,,,,,,,,,,,,,,,,,,,,,,,,128,4,433648,3592,158,40,0,right,0,20,20,0,0,,,,,0,,,,,,,,,,,,,,,,,,,,,,,,,,,,,,,,,,,,,,,,,,
380.4166448340402,unswapping,,,,,,,,,,,,,,,,,,,,,,,,,,,,,,,,,,,,,,,,,,,,,,,128,4,433648,3592,158,40,0,right,1,19,19,0,0,,,,,0,,,,,,,,,,,,,,,,,,,,,,,,,,,,,,,,,,,,,,,,,,
380.6516300420044,unswap_cycle_summary,,,,,,,,,,,,404,376,780,,,,,,,,,,,,,,,,,,,512,0.0006,,,,,,,,,,,,,128,4,433648,3592,158,40,,,,,,,,,,,,,,,,,,,,12,9.09760749997804,780,808,28,0,False,,,,,,,,,,,,,,,,,,,,,,,,,,,,
380.83111279201694,rewiring,right,post_unswap,0.14228145795641467,43,False,False,,,,,,,,,,,,,,,,,,,,,,,,,,,,,,,,,,,,,,,,,,,,,,,,,,,,,,,,,,,,,,,,,,12,,,,,,,50,False,0,4,bond_profile,8,False,1,1132,"(721, 128, 13, 8, 21, 117, 41)",0.0025259999674744904,0.1397317090886645,"[{'seed': 123, 'score': (751, 128, 13, 8, 21, 118, 41), 'num_layers': 41, 'total_swaps': 118, 'max_layer_swaps': 10, 'swap_only_layers': 21, 'work_layers': 20, 'unitary_layers': 20, 'first_work_layer': 0, 'leading_no_work_layers': 0, 'bond_profile_layers_scored': 8, 'bond_profile_total_cost': 751, 'bond_profile_max_cost': 128, 'bond_profile_gate_count': 13}, {'seed': 1132, 'score': (721, 128, 13, 8, 21, 117, 41), 'num_layers': 41, 'total_swaps': 117, 'max_layer_swaps': 10, 'swap_only_layers': 21, 'work_layers': 20, 'unitary_layers': 20, 'first_work_layer': 0, 'leading_no_work_layers': 0, 'bond_profile_layers_scored': 8, 'bond_profile_total_cost': 721, 'bond_profile_max_cost': 128, 'bond_profile_gate_count': 13}, {'seed': 2141, 'score': (751, 128, 13, 8, 21, 118, 42), 'num_layers': 42, 'total_swaps': 118, 'max_layer_swaps': 10, 'swap_only_layers': 21, 'work_layers': 21, 'unitary_layers': 21, 'first_work_layer': 0, 'leading_no_work_layers': 0, 'bond_profile_layers_scored': 8, 'bond_profile_total_cost': 751, 'bond_profile_max_cost': 128, 'bond_profile_gate_count': 13}, {'seed': 3150, 'score': (751, 128, 13, 8, 21, 118, 42), 'num_layers': 42, 'total_swaps': 118, 'max_layer_swaps': 10, 'swap_only_layers': 21, 'work_layers': 21, 'unitary_layers': 21, 'first_work_layer': 0, 'leading_no_work_layers': 0, 'bond_profile_layers_scored': 8, 'bond_profile_total_cost': 751, 'bond_profile_max_cost': 128, 'bond_profile_gate_count': 13}]",0.1422759999986738,0.14244408399099484,,,,,,,,,,,,,
380.8678027919959,cycle_progress,,,,,,,,,,,,404,376,780,,,,,,,,,,,,,,,,,,,512,0.0006,,433648,0,,,,,,,,,,128,4,433648,3592,158,40,,,,,,,,,,,,,,,,,,,,12,,780,808,28,0,False,,,,,,,,,,,,,,,0.14244408399099484,,,,,,,,,,,,,
384.25592312501976,unswapping,,,,,,,,,,,,,,,,,,,,,,,,,,,,,,,,,,,,,,,,,,,,,,,128,4,433648,3592,158,40,0,both,0,20,20,0,0,,,,,0,,,,,,,,,,,,,,,,,,,,,,,,,,,,,,,,,,,,,,,,,,
386.46757108403835,unswapping,,,,,,,,,,,,,,,,,,,,,,,,,,,,,,,,,,,,,,,,,,,,,,,128,4,433648,3592,158,40,0,both,1,19,19,0,0,,,,,0,,,,,,,,,,,,,,,,,,,,,,,,,,,,,,,,,,,,,,,,,,
387.605340625043,unswapping,,,,,,,,,,,,,,,,,,,,,,,,,,,,,,,,,,,,,,,,,,,,,,,128,4,433648,3592,158,40,0,left,0,20,20,0,0,,,,,0,,,,,,,,,,,,,,,,,,,,,,,,,,,,,,,,,,,,,,,,,,
388.645631625026,unswapping,,,,,,,,,,,,,,,,,,,,,,,,,,,,,,,,,,,,,,,,,,,,,,,128,4,433648,3592,158,40,0,left,1,19,19,0,0,,,,,0,,,,,,,,,,,,,,,,,,,,,,,,,,,,,,,,,,,,,,,,,,
389.78038670902606,unswapping,,,,,,,,,,,,,,,,,,,,,,,,,,,,,,,,,,,,,,,,,,,,,,,128,4,433648,3592,158,40,0,right,0,20,20,0,0,,,,,0,,,,,,,,,,,,,,,,,,,,,,,,,,,,,,,,,,,,,,,,,,
390.7847772090463,unswapping,,,,,,,,,,,,,,,,,,,,,,,,,,,,,,,,,,,,,,,,,,,,,,,128,4,433648,3592,158,40,0,right,1,19,19,0,0,,,,,0,,,,,,,,,,,,,,,,,,,,,,,,,,,,,,,,,,,,,,,,,,
391.0193007090129,unswap_cycle_summary,,,,,,,,,,,,404,376,780,,,,,,,,,,,,,,,,,,,512,0.0006,,,,,,,,,,,,,128,4,433648,3592,158,40,,,,,,,,,,,,,,,,,,,,13,9.021939958038274,780,808,28,0,False,,,,,,,,,,,,,,,,,,,,,,,,,,,,
391.2695681670448,rewiring,right,post_unswap,0.21313562500290573,43,False,False,,,,,,,,,,,,,,,,,,,,,,,,,,,,,,,,,,,,,,,,,,,,,,,,,,,,,,,,,,,,,,,,,,13,,,,,,,50,False,0,4,bond_profile,8,False,1,1132,"(721, 128, 13, 8, 21, 117, 41)",0.002391959016676992,0.21071920805843547,"[{'seed': 123, 'score': (751, 128, 13, 8, 21, 118, 41), 'num_layers': 41, 'total_swaps': 118, 'max_layer_swaps': 10, 'swap_only_layers': 21, 'work_layers': 20, 'unitary_layers': 20, 'first_work_layer': 0, 'leading_no_work_layers': 0, 'bond_profile_layers_scored': 8, 'bond_profile_total_cost': 751, 'bond_profile_max_cost': 128, 'bond_profile_gate_count': 13}, {'seed': 1132, 'score': (721, 128, 13, 8, 21, 117, 41), 'num_layers': 41, 'total_swaps': 117, 'max_layer_swaps': 10, 'swap_only_layers': 21, 'work_layers': 20, 'unitary_layers': 20, 'first_work_layer': 0, 'leading_no_work_layers': 0, 'bond_profile_layers_scored': 8, 'bond_profile_total_cost': 721, 'bond_profile_max_cost': 128, 'bond_profile_gate_count': 13}, {'seed': 2141, 'score': (751, 128, 13, 8, 21, 118, 42), 'num_layers': 42, 'total_swaps': 118, 'max_layer_swaps': 10, 'swap_only_layers': 21, 'work_layers': 21, 'unitary_layers': 21, 'first_work_layer': 0, 'leading_no_work_layers': 0, 'bond_profile_layers_scored': 8, 'bond_profile_total_cost': 751, 'bond_profile_max_cost': 128, 'bond_profile_gate_count': 13}, {'seed': 3150, 'score': (751, 128, 13, 8, 21, 118, 42), 'num_layers': 42, 'total_swaps': 118, 'max_layer_swaps': 10, 'swap_only_layers': 21, 'work_layers': 21, 'unitary_layers': 21, 'first_work_layer': 0, 'leading_no_work_layers': 0, 'bond_profile_layers_scored': 8, 'bond_profile_total_cost': 751, 'bond_profile_max_cost': 128, 'bond_profile_gate_count': 13}]",0.21312954201130196,0.21332899999106303,,,,,,,,,,,,,
391.3088061250164,cycle_progress,,,,,,,,,,,,404,376,780,,,,,,,,,,,,,,,,,,,512,0.0006,,433648,1,,,,,,,,,,128,4,433648,3592,158,40,,,,,,,,,,,,,,,,,,,,13,,780,808,28,0,False,,,,,,,,,,,,,,,0.21332899999106303,,,,,,,,,,,,,
394.6745780840283,unswapping,,,,,,,,,,,,,,,,,,,,,,,,,,,,,,,,,,,,,,,,,,,,,,,128,4,433648,3592,158,40,0,both,0,20,20,0,0,,,,,0,,,,,,,,,,,,,,,,,,,,,,,,,,,,,,,,,,,,,,,,,,
396.8881777920178,unswapping,,,,,,,,,,,,,,,,,,,,,,,,,,,,,,,,,,,,,,,,,,,,,,,128,4,433648,3592,158,40,0,both,1,19,19,0,0,,,,,0,,,,,,,,,,,,,,,,,,,,,,,,,,,,,,,,,,,,,,,,,,
397.97516254201764,unswapping,,,,,,,,,,,,,,,,,,,,,,,,,,,,,,,,,,,,,,,,,,,,,,,128,4,433648,3592,158,40,0,left,0,20,20,0,0,,,,,0,,,,,,,,,,,,,,,,,,,,,,,,,,,,,,,,,,,,,,,,,,
398.9843631249969,unswapping,,,,,,,,,,,,,,,,,,,,,,,,,,,,,,,,,,,,,,,,,,,,,,,128,4,433648,3592,158,40,0,left,1,19,19,0,0,,,,,0,,,,,,,,,,,,,,,,,,,,,,,,,,,,,,,,,,,,,,,,,,
400.1053443750134,unswapping,,,,,,,,,,,,,,,,,,,,,,,,,,,,,,,,,,,,,,,,,,,,,,,128,4,433648,3592,158,40,0,right,0,20,20,0,0,,,,,0,,,,,,,,,,,,,,,,,,,,,,,,,,,,,,,,,,,,,,,,,,
401.05859283404425,unswapping,,,,,,,,,,,,,,,,,,,,,,,,,,,,,,,,,,,,,,,,,,,,,,,128,4,433648,3592,158,40,0,right,1,19,19,0,0,,,,,0,,,,,,,,,,,,,,,,,,,,,,,,,,,,,,,,,,,,,,,,,,
401.31230087502627,unswap_cycle_summary,,,,,,,,,,,,404,376,780,,,,,,,,,,,,,,,,,,,512,0.0006,,,,,,,,,,,,,128,4,433648,3592,158,40,,,,,,,,,,,,,,,,,,,,14,8.881531041988637,780,808,28,0,False,,,,,,,,,,,,,,,,,,,,,,,,,,,,
401.5228580420371,rewiring,right,post_unswap,0.1710242909612134,43,False,False,,,,,,,,,,,,,,,,,,,,,,,,,,,,,,,,,,,,,,,,,,,,,,,,,,,,,,,,,,,,,,,,,,14,,,,,,,50,False,0,4,bond_profile,8,False,1,1132,"(721, 128, 13, 8, 21, 117, 41)",0.0025705829611979425,0.1684236670844257,"[{'seed': 123, 'score': (751, 128, 13, 8, 21, 118, 41), 'num_layers': 41, 'total_swaps': 118, 'max_layer_swaps': 10, 'swap_only_layers': 21, 'work_layers': 20, 'unitary_layers': 20, 'first_work_layer': 0, 'leading_no_work_layers': 0, 'bond_profile_layers_scored': 8, 'bond_profile_total_cost': 751, 'bond_profile_max_cost': 128, 'bond_profile_gate_count': 13}, {'seed': 1132, 'score': (721, 128, 13, 8, 21, 117, 41), 'num_layers': 41, 'total_swaps': 117, 'max_layer_swaps': 10, 'swap_only_layers': 21, 'work_layers': 20, 'unitary_layers': 20, 'first_work_layer': 0, 'leading_no_work_layers': 0, 'bond_profile_layers_scored': 8, 'bond_profile_total_cost': 721, 'bond_profile_max_cost': 128, 'bond_profile_gate_count': 13}, {'seed': 2141, 'score': (751, 128, 13, 8, 21, 118, 42), 'num_layers': 42, 'total_swaps': 118, 'max_layer_swaps': 10, 'swap_only_layers': 21, 'work_layers': 21, 'unitary_layers': 21, 'first_work_layer': 0, 'leading_no_work_layers': 0, 'bond_profile_layers_scored': 8, 'bond_profile_total_cost': 751, 'bond_profile_max_cost': 128, 'bond_profile_gate_count': 13}, {'seed': 3150, 'score': (751, 128, 13, 8, 21, 118, 42), 'num_layers': 42, 'total_swaps': 118, 'max_layer_swaps': 10, 'swap_only_layers': 21, 'work_layers': 21, 'unitary_layers': 21, 'first_work_layer': 0, 'leading_no_work_layers': 0, 'bond_profile_layers_scored': 8, 'bond_profile_total_cost': 751, 'bond_profile_max_cost': 128, 'bond_profile_gate_count': 13}]",0.17101783299585804,0.17123066604835913,,,,,,,,,,,,,
401.5636066670413,cycle_progress,,,,,,,,,,,,404,376,780,,,,,,,,,,,,,,,,,,,512,0.0006,,433648,2,,,,,,,,,,128,4,433648,3592,158,40,,,,,,,,,,,,,,,,,,,,14,,780,808,28,0,False,,,,,,,,,,,,,,,0.17123066604835913,,,,,,,,,,,,,
404.842756500002,unswapping,,,,,,,,,,,,,,,,,,,,,,,,,,,,,,,,,,,,,,,,,,,,,,,128,4,433648,3592,158,40,0,both,0,20,20,0,0,,,,,0,,,,,,,,,,,,,,,,,,,,,,,,,,,,,,,,,,,,,,,,,,
407.01017537503503,unswapping,,,,,,,,,,,,,,,,,,,,,,,,,,,,,,,,,,,,,,,,,,,,,,,128,4,433648,3592,158,40,0,both,1,19,19,0,0,,,,,0,,,,,,,,,,,,,,,,,,,,,,,,,,,,,,,,,,,,,,,,,,
408.1211587500293,unswapping,,,,,,,,,,,,,,,,,,,,,,,,,,,,,,,,,,,,,,,,,,,,,,,128,4,433648,3592,158,40,0,left,0,20,20,0,0,,,,,0,,,,,,,,,,,,,,,,,,,,,,,,,,,,,,,,,,,,,,,,,,
409.1903798750136,unswapping,,,,,,,,,,,,,,,,,,,,,,,,,,,,,,,,,,,,,,,,,,,,,,,128,4,433648,3592,158,40,0,left,1,19,19,0,0,,,,,0,,,,,,,,,,,,,,,,,,,,,,,,,,,,,,,,,,,,,,,,,,
410.37722141703125,unswapping,,,,,,,,,,,,,,,,,,,,,,,,,,,,,,,,,,,,,,,,,,,,,,,128,4,433648,3592,158,40,0,right,0,20,20,0,0,,,,,0,,,,,,,,,,,,,,,,,,,,,,,,,,,,,,,,,,,,,,,,,,
411.4152152920142,unswapping,,,,,,,,,,,,,,,,,,,,,,,,,,,,,,,,,,,,,,,,,,,,,,,128,4,433648,3592,158,40,0,right,1,19,19,0,0,,,,,0,,,,,,,,,,,,,,,,,,,,,,,,,,,,,,,,,,,,,,,,,,
411.6473862500279,unswap_cycle_summary,,,,,,,,,,,,404,376,780,,,,,,,,,,,,,,,,,,,512,0.0006,,,,,,,,,,,,,128,4,433648,3592,158,40,,,,,,,,,,,,,,,,,,,,15,9.001528542023152,780,808,28,0,False,,,,,,,,,,,,,,,,,,,,,,,,,,,,
411.83276745904004,rewiring,right,post_unswap,0.14767816703533754,43,False,False,,,,,,,,,,,,,,,,,,,,,,,,,,,,,,,,,,,,,,,,,,,,,,,,,,,,,,,,,,,,,,,,,,15,,,,,,,50,False,0,4,bond_profile,8,False,1,1132,"(721, 128, 13, 8, 21, 117, 41)",0.002458416041918099,0.14519391697831452,"[{'seed': 123, 'score': (751, 128, 13, 8, 21, 118, 41), 'num_layers': 41, 'total_swaps': 118, 'max_layer_swaps': 10, 'swap_only_layers': 21, 'work_layers': 20, 'unitary_layers': 20, 'first_work_layer': 0, 'leading_no_work_layers': 0, 'bond_profile_layers_scored': 8, 'bond_profile_total_cost': 751, 'bond_profile_max_cost': 128, 'bond_profile_gate_count': 13}, {'seed': 1132, 'score': (721, 128, 13, 8, 21, 117, 41), 'num_layers': 41, 'total_swaps': 117, 'max_layer_swaps': 10, 'swap_only_layers': 21, 'work_layers': 20, 'unitary_layers': 20, 'first_work_layer': 0, 'leading_no_work_layers': 0, 'bond_profile_layers_scored': 8, 'bond_profile_total_cost': 721, 'bond_profile_max_cost': 128, 'bond_profile_gate_count': 13}, {'seed': 2141, 'score': (751, 128, 13, 8, 21, 118, 42), 'num_layers': 42, 'total_swaps': 118, 'max_layer_swaps': 10, 'swap_only_layers': 21, 'work_layers': 21, 'unitary_layers': 21, 'first_work_layer': 0, 'leading_no_work_layers': 0, 'bond_profile_layers_scored': 8, 'bond_profile_total_cost': 751, 'bond_profile_max_cost': 128, 'bond_profile_gate_count': 13}, {'seed': 3150, 'score': (751, 128, 13, 8, 21, 118, 42), 'num_layers': 42, 'total_swaps': 118, 'max_layer_swaps': 10, 'swap_only_layers': 21, 'work_layers': 21, 'unitary_layers': 21, 'first_work_layer': 0, 'leading_no_work_layers': 0, 'bond_profile_layers_scored': 8, 'bond_profile_total_cost': 751, 'bond_profile_max_cost': 128, 'bond_profile_gate_count': 13}]",0.14767233398742974,0.1478938750224188,,,,,,,,,,,,,
411.87198699999135,cycle_progress,,,,,,,,,,,,404,376,780,,,,,,,,,,,,,,,,,,,512,0.0006,,433648,3,,,,,,,,,,128,4,433648,3592,158,40,,,,,,,,,,,,,,,,,,,,15,,780,808,28,0,False,,,,,,,,,,,,,,,0.1478938750224188,,,,,,,,,,,,,
415.2952476250357,unswapping,,,,,,,,,,,,,,,,,,,,,,,,,,,,,,,,,,,,,,,,,,,,,,,128,4,433648,3592,158,40,0,both,0,20,20,0,0,,,,,0,,,,,,,,,,,,,,,,,,,,,,,,,,,,,,,,,,,,,,,,,,
417.57738600001903,unswapping,,,,,,,,,,,,,,,,,,,,,,,,,,,,,,,,,,,,,,,,,,,,,,,128,4,433648,3592,158,40,0,both,1,19,19,0,0,,,,,0,,,,,,,,,,,,,,,,,,,,,,,,,,,,,,,,,,,,,,,,,,
418.68140562501503,unswapping,,,,,,,,,,,,,,,,,,,,,,,,,,,,,,,,,,,,,,,,,,,,,,,128,4,433648,3592,158,40,0,left,0,20,20,0,0,,,,,0,,,,,,,,,,,,,,,,,,,,,,,,,,,,,,,,,,,,,,,,,,
419.6995420420426,unswapping,,,,,,,,,,,,,,,,,,,,,,,,,,,,,,,,,,,,,,,,,,,,,,,128,4,433648,3592,158,40,0,left,1,19,19,0,0,,,,,0,,,,,,,,,,,,,,,,,,,,,,,,,,,,,,,,,,,,,,,,,,
420.7721651250031,unswapping,,,,,,,,,,,,,,,,,,,,,,,,,,,,,,,,,,,,,,,,,,,,,,,128,4,433648,3592,158,40,0,right,0,20,20,0,0,,,,,0,,,,,,,,,,,,,,,,,,,,,,,,,,,,,,,,,,,,,,,,,,
421.71719116700115,unswapping,,,,,,,,,,,,,,,,,,,,,,,,,,,,,,,,,,,,,,,,,,,,,,,128,4,433648,3592,158,40,0,right,1,19,19,0,0,,,,,0,,,,,,,,,,,,,,,,,,,,,,,,,,,,,,,,,,,,,,,,,,
421.94868654198945,unswap_cycle_summary,,,,,,,,,,,,404,376,780,,,,,,,,,,,,,,,,,,,512,0.0006,,,,,,,,,,,,,128,4,433648,3592,158,40,,,,,,,,,,,,,,,,,,,,16,8.918742124980781,780,808,28,0,False,,,,,,,,,,,,,,,,,,,,,,,,,,,,
422.18687087501166,rewiring,right,post_unswap,0.19933829101501033,43,False,False,,,,,,,,,,,,,,,,,,,,,,,,,,,,,,,,,,,,,,,,,,,,,,,,,,,,,,,,,,,,,,,,,,16,,,,,,,50,False,0,4,bond_profile,8,False,1,1132,"(721, 128, 13, 8, 21, 117, 41)",0.0023868329590186477,0.19692929199663922,"[{'seed': 123, 'score': (751, 128, 13, 8, 21, 118, 41), 'num_layers': 41, 'total_swaps': 118, 'max_layer_swaps': 10, 'swap_only_layers': 21, 'work_layers': 20, 'unitary_layers': 20, 'first_work_layer': 0, 'leading_no_work_layers': 0, 'bond_profile_layers_scored': 8, 'bond_profile_total_cost': 751, 'bond_profile_max_cost': 128, 'bond_profile_gate_count': 13}, {'seed': 1132, 'score': (721, 128, 13, 8, 21, 117, 41), 'num_layers': 41, 'total_swaps': 117, 'max_layer_swaps': 10, 'swap_only_layers': 21, 'work_layers': 20, 'unitary_layers': 20, 'first_work_layer': 0, 'leading_no_work_layers': 0, 'bond_profile_layers_scored': 8, 'bond_profile_total_cost': 721, 'bond_profile_max_cost': 128, 'bond_profile_gate_count': 13}, {'seed': 2141, 'score': (751, 128, 13, 8, 21, 118, 42), 'num_layers': 42, 'total_swaps': 118, 'max_layer_swaps': 10, 'swap_only_layers': 21, 'work_layers': 21, 'unitary_layers': 21, 'first_work_layer': 0, 'leading_no_work_layers': 0, 'bond_profile_layers_scored': 8, 'bond_profile_total_cost': 751, 'bond_profile_max_cost': 128, 'bond_profile_gate_count': 13}, {'seed': 3150, 'score': (751, 128, 13, 8, 21, 118, 42), 'num_layers': 42, 'total_swaps': 118, 'max_layer_swaps': 10, 'swap_only_layers': 21, 'work_layers': 21, 'unitary_layers': 21, 'first_work_layer': 0, 'leading_no_work_layers': 0, 'bond_profile_layers_scored': 8, 'bond_profile_total_cost': 751, 'bond_profile_max_cost': 128, 'bond_profile_gate_count': 13}]",0.19933287502499297,0.19951108400709927,,,,,,,,,,,,,
422.22550237498945,cycle_progress,,,,,,,,,,,,404,376,780,,,,,,,,,,,,,,,,,,,512,0.0006,,433648,4,,,,,,,,,,128,4,433648,3592,158,40,,,,,,,,,,,,,,,,,,,,16,,780,808,28,0,False,,,,,,,,,,,,,,,0.19951108400709927,,,,,,,,,,,,,
425.3882077090093,unswapping,,,,,,,,,,,,,,,,,,,,,,,,,,,,,,,,,,,,,,,,,,,,,,,128,4,433648,3592,158,40,0,both,0,20,20,0,0,,,,,0,,,,,,,,,,,,,,,,,,,,,,,,,,,,,,,,,,,,,,,,,,
427.6199555420317,unswapping,,,,,,,,,,,,,,,,,,,,,,,,,,,,,,,,,,,,,,,,,,,,,,,128,4,433648,3592,158,40,0,both,1,19,19,0,0,,,,,0,,,,,,,,,,,,,,,,,,,,,,,,,,,,,,,,,,,,,,,,,,
428.7685718749999,unswapping,,,,,,,,,,,,,,,,,,,,,,,,,,,,,,,,,,,,,,,,,,,,,,,128,4,433648,3592,158,40,0,left,0,20,20,0,0,,,,,0,,,,,,,,,,,,,,,,,,,,,,,,,,,,,,,,,,,,,,,,,,
429.78441925003426,unswapping,,,,,,,,,,,,,,,,,,,,,,,,,,,,,,,,,,,,,,,,,,,,,,,128,4,433648,3592,158,40,0,left,1,19,19,0,0,,,,,0,,,,,,,,,,,,,,,,,,,,,,,,,,,,,,,,,,,,,,,,,,
430.94679220899707,unswapping,,,,,,,,,,,,,,,,,,,,,,,,,,,,,,,,,,,,,,,,,,,,,,,128,4,433648,3592,158,40,0,right,0,20,20,0,0,,,,,0,,,,,,,,,,,,,,,,,,,,,,,,,,,,,,,,,,,,,,,,,,
431.9272187500028,unswapping,,,,,,,,,,,,,,,,,,,,,,,,,,,,,,,,,,,,,,,,,,,,,,,128,4,433648,3592,158,40,0,right,1,19,19,0,0,,,,,0,,,,,,,,,,,,,,,,,,,,,,,,,,,,,,,,,,,,,,,,,,
432.175638500019,unswap_cycle_summary,,,,,,,,,,,,404,376,780,,,,,,,,,,,,,,,,,,,512,0.0006,,,,,,,,,,,,,128,4,433648,3592,158,40,,,,,,,,,,,,,,,,,,,,17,8.853278666036204,780,808,28,0,False,,,,,,,,,,,,,,,,,,,,,,,,,,,,
432.39710966701386,rewiring,right,post_unswap,0.17942962498636916,43,False,False,,,,,,,,,,,,,,,,,,,,,,,,,,,,,,,,,,,,,,,,,,,,,,,,,,,,,,,,,,,,,,,,,,17,,,,,,,50,False,0,4,bond_profile,8,False,1,1132,"(721, 128, 13, 8, 21, 117, 41)",0.002765333920251578,0.17663529195124283,"[{'seed': 123, 'score': (751, 128, 13, 8, 21, 118, 41), 'num_layers': 41, 'total_swaps': 118, 'max_layer_swaps': 10, 'swap_only_layers': 21, 'work_layers': 20, 'unitary_layers': 20, 'first_work_layer': 0, 'leading_no_work_layers': 0, 'bond_profile_layers_scored': 8, 'bond_profile_total_cost': 751, 'bond_profile_max_cost': 128, 'bond_profile_gate_count': 13}, {'seed': 1132, 'score': (721, 128, 13, 8, 21, 117, 41), 'num_layers': 41, 'total_swaps': 117, 'max_layer_swaps': 10, 'swap_only_layers': 21, 'work_layers': 20, 'unitary_layers': 20, 'first_work_layer': 0, 'leading_no_work_layers': 0, 'bond_profile_layers_scored': 8, 'bond_profile_total_cost': 721, 'bond_profile_max_cost': 128, 'bond_profile_gate_count': 13}, {'seed': 2141, 'score': (751, 128, 13, 8, 21, 118, 42), 'num_layers': 42, 'total_swaps': 118, 'max_layer_swaps': 10, 'swap_only_layers': 21, 'work_layers': 21, 'unitary_layers': 21, 'first_work_layer': 0, 'leading_no_work_layers': 0, 'bond_profile_layers_scored': 8, 'bond_profile_total_cost': 751, 'bond_profile_max_cost': 128, 'bond_profile_gate_count': 13}, {'seed': 3150, 'score': (751, 128, 13, 8, 21, 118, 42), 'num_layers': 42, 'total_swaps': 118, 'max_layer_swaps': 10, 'swap_only_layers': 21, 'work_layers': 21, 'unitary_layers': 21, 'first_work_layer': 0, 'leading_no_work_layers': 0, 'bond_profile_layers_scored': 8, 'bond_profile_total_cost': 751, 'bond_profile_max_cost': 128, 'bond_profile_gate_count': 13}]",0.1794235419947654,0.17964225000469014,,,,,,,,,,,,,
432.43854920903686,cycle_progress,,,,,,,,,,,,404,376,780,,,,,,,,,,,,,,,,,,,512,0.0006,,433648,5,,,,,,,,,,128,4,433648,3592,158,40,,,,,,,,,,,,,,,,,,,,17,,780,808,28,0,False,,,,,,,,,,,,,,,0.17964225000469014,,,,,,,,,,,,,
435.766402209003,unswapping,,,,,,,,,,,,,,,,,,,,,,,,,,,,,,,,,,,,,,,,,,,,,,,128,4,433648,3592,158,40,0,both,0,20,20,0,0,,,,,0,,,,,,,,,,,,,,,,,,,,,,,,,,,,,,,,,,,,,,,,,,
437.84027404204244,unswapping,,,,,,,,,,,,,,,,,,,,,,,,,,,,,,,,,,,,,,,,,,,,,,,128,4,433648,3592,158,40,0,both,1,19,19,0,0,,,,,0,,,,,,,,,,,,,,,,,,,,,,,,,,,,,,,,,,,,,,,,,,
438.9306874170434,unswapping,,,,,,,,,,,,,,,,,,,,,,,,,,,,,,,,,,,,,,,,,,,,,,,128,4,433648,3592,158,40,0,left,0,20,20,0,0,,,,,0,,,,,,,,,,,,,,,,,,,,,,,,,,,,,,,,,,,,,,,,,,
439.9419655420352,unswapping,,,,,,,,,,,,,,,,,,,,,,,,,,,,,,,,,,,,,,,,,,,,,,,128,4,433648,3592,158,40,0,left,1,19,19,0,0,,,,,0,,,,,,,,,,,,,,,,,,,,,,,,,,,,,,,,,,,,,,,,,,
441.02017295901896,unswapping,,,,,,,,,,,,,,,,,,,,,,,,,,,,,,,,,,,,,,,,,,,,,,,128,4,433648,3592,158,40,0,right,0,20,20,0,0,,,,,0,,,,,,,,,,,,,,,,,,,,,,,,,,,,,,,,,,,,,,,,,,
441.9781376250321,unswapping,,,,,,,,,,,,,,,,,,,,,,,,,,,,,,,,,,,,,,,,,,,,,,,128,4,433648,3592,158,40,0,right,1,19,19,0,0,,,,,0,,,,,,,,,,,,,,,,,,,,,,,,,,,,,,,,,,,,,,,,,,
442.21745575004024,unswap_cycle_summary,,,,,,,,,,,,404,376,780,,,,,,,,,,,,,,,,,,,512,0.0006,,,,,,,,,,,,,128,4,433648,3592,158,40,,,,,,,,,,,,,,,,,,,,18,8.656920749985147,780,808,28,0,False,,,,,,,,,,,,,,,,,,,,,,,,,,,,
442.39960254199104,rewiring,right,post_unswap,0.14291629201034084,43,False,False,,,,,,,,,,,,,,,,,,,,,,,,,,,,,,,,,,,,,,,,,,,,,,,,,,,,,,,,,,,,,,,,,,18,,,,,,,50,False,0,4,bond_profile,8,False,1,1132,"(721, 128, 13, 8, 21, 117, 41)",0.0026325819781050086,0.14025312603916973,"[{'seed': 123, 'score': (751, 128, 13, 8, 21, 118, 41), 'num_layers': 41, 'total_swaps': 118, 'max_layer_swaps': 10, 'swap_only_layers': 21, 'work_layers': 20, 'unitary_layers': 20, 'first_work_layer': 0, 'leading_no_work_layers': 0, 'bond_profile_layers_scored': 8, 'bond_profile_total_cost': 751, 'bond_profile_max_cost': 128, 'bond_profile_gate_count': 13}, {'seed': 1132, 'score': (721, 128, 13, 8, 21, 117, 41), 'num_layers': 41, 'total_swaps': 117, 'max_layer_swaps': 10, 'swap_only_layers': 21, 'work_layers': 20, 'unitary_layers': 20, 'first_work_layer': 0, 'leading_no_work_layers': 0, 'bond_profile_layers_scored': 8, 'bond_profile_total_cost': 721, 'bond_profile_max_cost': 128, 'bond_profile_gate_count': 13}, {'seed': 2141, 'score': (751, 128, 13, 8, 21, 118, 42), 'num_layers': 42, 'total_swaps': 118, 'max_layer_swaps': 10, 'swap_only_layers': 21, 'work_layers': 21, 'unitary_layers': 21, 'first_work_layer': 0, 'leading_no_work_layers': 0, 'bond_profile_layers_scored': 8, 'bond_profile_total_cost': 751, 'bond_profile_max_cost': 128, 'bond_profile_gate_count': 13}, {'seed': 3150, 'score': (751, 128, 13, 8, 21, 118, 42), 'num_layers': 42, 'total_swaps': 118, 'max_layer_swaps': 10, 'swap_only_layers': 21, 'work_layers': 21, 'unitary_layers': 21, 'first_work_layer': 0, 'leading_no_work_layers': 0, 'bond_profile_layers_scored': 8, 'bond_profile_total_cost': 751, 'bond_profile_max_cost': 128, 'bond_profile_gate_count': 13}]",0.14290808304212987,0.1431820840225555,,,,,,,,,,,,,
442.4389212499955,cycle_progress,,,,,,,,,,,,404,376,780,,,,,,,,,,,,,,,,,,,512,0.0006,,433648,6,,,,,,,,,,128,4,433648,3592,158,40,,,,,,,,,,,,,,,,,,,,18,,780,808,28,0,False,,,,,,,,,,,,,,,0.1431820840225555,,,,,,,,,,,,,
445.74520150001626,unswapping,,,,,,,,,,,,,,,,,,,,,,,,,,,,,,,,,,,,,,,,,,,,,,,128,4,433648,3592,158,40,0,both,0,20,20,0,0,,,,,0,,,,,,,,,,,,,,,,,,,,,,,,,,,,,,,,,,,,,,,,,,
448.0282370420173,unswapping,,,,,,,,,,,,,,,,,,,,,,,,,,,,,,,,,,,,,,,,,,,,,,,128,4,433648,3592,158,40,0,both,1,19,19,0,0,,,,,0,,,,,,,,,,,,,,,,,,,,,,,,,,,,,,,,,,,,,,,,,,
449.12730045901844,unswapping,,,,,,,,,,,,,,,,,,,,,,,,,,,,,,,,,,,,,,,,,,,,,,,128,4,433648,3592,158,40,0,left,0,20,20,0,0,,,,,0,,,,,,,,,,,,,,,,,,,,,,,,,,,,,,,,,,,,,,,,,,
450.1770564590115,unswapping,,,,,,,,,,,,,,,,,,,,,,,,,,,,,,,,,,,,,,,,,,,,,,,128,4,433648,3592,158,40,0,left,1,19,19,0,0,,,,,0,,,,,,,,,,,,,,,,,,,,,,,,,,,,,,,,,,,,,,,,,,
451.313009250036,unswapping,,,,,,,,,,,,,,,,,,,,,,,,,,,,,,,,,,,,,,,,,,,,,,,128,4,433648,3592,158,40,0,right,0,20,20,0,0,,,,,0,,,,,,,,,,,,,,,,,,,,,,,,,,,,,,,,,,,,,,,,,,
452.3190485840314,unswapping,,,,,,,,,,,,,,,,,,,,,,,,,,,,,,,,,,,,,,,,,,,,,,,128,4,433648,3592,158,40,0,right,1,19,19,0,0,,,,,0,,,,,,,,,,,,,,,,,,,,,,,,,,,,,,,,,,,,,,,,,,
452.56919354200363,unswap_cycle_summary,,,,,,,,,,,,404,376,780,,,,,,,,,,,,,,,,,,,512,0.0006,,,,,,,,,,,,,128,4,433648,3592,158,40,,,,,,,,,,,,,,,,,,,,19,9.030893333023414,780,808,28,0,False,,,,,,,,,,,,,,,,,,,,,,,,,,,,
452.81869104201905,rewiring,right,post_unswap,0.20774941594572738,43,False,False,,,,,,,,,,,,,,,,,,,,,,,,,,,,,,,,,,,,,,,,,,,,,,,,,,,,,,,,,,,,,,,,,,19,,,,,,,50,False,0,4,bond_profile,8,False,1,1132,"(721, 128, 13, 8, 21, 117, 41)",0.0026824999367818236,0.2050395408878103,"[{'seed': 123, 'score': (751, 128, 13, 8, 21, 118, 41), 'num_layers': 41, 'total_swaps': 118, 'max_layer_swaps': 10, 'swap_only_layers': 21, 'work_layers': 20, 'unitary_layers': 20, 'first_work_layer': 0, 'leading_no_work_layers': 0, 'bond_profile_layers_scored': 8, 'bond_profile_total_cost': 751, 'bond_profile_max_cost': 128, 'bond_profile_gate_count': 13}, {'seed': 1132, 'score': (721, 128, 13, 8, 21, 117, 41), 'num_layers': 41, 'total_swaps': 117, 'max_layer_swaps': 10, 'swap_only_layers': 21, 'work_layers': 20, 'unitary_layers': 20, 'first_work_layer': 0, 'leading_no_work_layers': 0, 'bond_profile_layers_scored': 8, 'bond_profile_total_cost': 721, 'bond_profile_max_cost': 128, 'bond_profile_gate_count': 13}, {'seed': 2141, 'score': (751, 128, 13, 8, 21, 118, 42), 'num_layers': 42, 'total_swaps': 118, 'max_layer_swaps': 10, 'swap_only_layers': 21, 'work_layers': 21, 'unitary_layers': 21, 'first_work_layer': 0, 'leading_no_work_layers': 0, 'bond_profile_layers_scored': 8, 'bond_profile_total_cost': 751, 'bond_profile_max_cost': 128, 'bond_profile_gate_count': 13}, {'seed': 3150, 'score': (751, 128, 13, 8, 21, 118, 42), 'num_layers': 42, 'total_swaps': 118, 'max_layer_swaps': 10, 'swap_only_layers': 21, 'work_layers': 21, 'unitary_layers': 21, 'first_work_layer': 0, 'leading_no_work_layers': 0, 'bond_profile_layers_scored': 8, 'bond_profile_total_cost': 751, 'bond_profile_max_cost': 128, 'bond_profile_gate_count': 13}]",0.20774308301042765,0.20794595801271498,,,,,,,,,,,,,
452.85934029199416,cycle_progress,,,,,,,,,,,,404,376,780,,,,,,,,,,,,,,,,,,,512,0.0006,,433648,7,,,,,,,,,,128,4,433648,3592,158,40,,,,,,,,,,,,,,,,,,,,19,,780,808,28,0,False,,,,,,,,,,,,,,,0.20794595801271498,,,,,,,,,,,,,
456.16244829201605,unswapping,,,,,,,,,,,,,,,,,,,,,,,,,,,,,,,,,,,,,,,,,,,,,,,128,4,433648,3592,158,40,0,both,0,20,20,0,0,,,,,0,,,,,,,,,,,,,,,,,,,,,,,,,,,,,,,,,,,,,,,,,,
458.3509969590232,unswapping,,,,,,,,,,,,,,,,,,,,,,,,,,,,,,,,,,,,,,,,,,,,,,,128,4,433648,3592,158,40,0,both,1,19,19,0,0,,,,,0,,,,,,,,,,,,,,,,,,,,,,,,,,,,,,,,,,,,,,,,,,
459.4833152500214,unswapping,,,,,,,,,,,,,,,,,,,,,,,,,,,,,,,,,,,,,,,,,,,,,,,128,4,433648,3592,158,40,0,left,0,20,20,0,0,,,,,0,,,,,,,,,,,,,,,,,,,,,,,,,,,,,,,,,,,,,,,,,,
460.5010375420097,unswapping,,,,,,,,,,,,,,,,,,,,,,,,,,,,,,,,,,,,,,,,,,,,,,,128,4,433648,3592,158,40,0,left,1,19,19,0,0,,,,,0,,,,,,,,,,,,,,,,,,,,,,,,,,,,,,,,,,,,,,,,,,
461.5529583750176,unswapping,,,,,,,,,,,,,,,,,,,,,,,,,,,,,,,,,,,,,,,,,,,,,,,128,4,433648,3592,158,40,0,right,0,20,20,0,0,,,,,0,,,,,,,,,,,,,,,,,,,,,,,,,,,,,,,,,,,,,,,,,,
462.50329445902025,unswapping,,,,,,,,,,,,,,,,,,,,,,,,,,,,,,,,,,,,,,,,,,,,,,,128,4,433648,3592,158,40,0,right,1,19,19,0,0,,,,,0,,,,,,,,,,,,,,,,,,,,,,,,,,,,,,,,,,,,,,,,,,
462.7437713340041,unswap_cycle_summary,,,,,,,,,,,,404,376,780,,,,,,,,,,,,,,,,,,,512,0.0006,,,,,,,,,,,,,128,4,433648,3592,158,40,,,,,,,,,,,,,,,,,,,,20,8.737336207996123,780,808,28,0,False,,,,,,,,,,,,,,,,,,,,,,,,,,,,
462.928764292039,rewiring,right,post_unswap,0.14471274998504668,43,False,False,,,,,,,,,,,,,,,,,,,,,,,,,,,,,,,,,,,,,,,,,,,,,,,,,,,,,,,,,,,,,,,,,,20,,,,,,,50,False,0,4,bond_profile,8,False,1,1132,"(721, 128, 13, 8, 21, 117, 41)",0.002405417966656387,0.14228483301121742,"[{'seed': 123, 'score': (751, 128, 13, 8, 21, 118, 41), 'num_layers': 41, 'total_swaps': 118, 'max_layer_swaps': 10, 'swap_only_layers': 21, 'work_layers': 20, 'unitary_layers': 20, 'first_work_layer': 0, 'leading_no_work_layers': 0, 'bond_profile_layers_scored': 8, 'bond_profile_total_cost': 751, 'bond_profile_max_cost': 128, 'bond_profile_gate_count': 13}, {'seed': 1132, 'score': (721, 128, 13, 8, 21, 117, 41), 'num_layers': 41, 'total_swaps': 117, 'max_layer_swaps': 10, 'swap_only_layers': 21, 'work_layers': 20, 'unitary_layers': 20, 'first_work_layer': 0, 'leading_no_work_layers': 0, 'bond_profile_layers_scored': 8, 'bond_profile_total_cost': 721, 'bond_profile_max_cost': 128, 'bond_profile_gate_count': 13}, {'seed': 2141, 'score': (751, 128, 13, 8, 21, 118, 42), 'num_layers': 42, 'total_swaps': 118, 'max_layer_swaps': 10, 'swap_only_layers': 21, 'work_layers': 21, 'unitary_layers': 21, 'first_work_layer': 0, 'leading_no_work_layers': 0, 'bond_profile_layers_scored': 8, 'bond_profile_total_cost': 751, 'bond_profile_max_cost': 128, 'bond_profile_gate_count': 13}, {'seed': 3150, 'score': (751, 128, 13, 8, 21, 118, 42), 'num_layers': 42, 'total_swaps': 118, 'max_layer_swaps': 10, 'swap_only_layers': 21, 'work_layers': 21, 'unitary_layers': 21, 'first_work_layer': 0, 'leading_no_work_layers': 0, 'bond_profile_layers_scored': 8, 'bond_profile_total_cost': 751, 'bond_profile_max_cost': 128, 'bond_profile_gate_count': 13}]",0.14470670802984387,0.14488450001226738,,,,,,,,,,,,,
462.96828020899557,cycle_progress,,,,,,,,,,,,404,376,780,,,,,,,,,,,,,,,,,,,512,0.0006,,433648,8,,,,,,,,,,128,4,433648,3592,158,40,,,,,,,,,,,,,,,,,,,,20,,780,808,28,0,False,,,,,,,,,,,,,,,0.14488450001226738,,,,,,,,,,,,,
466.14657300000545,unswapping,,,,,,,,,,,,,,,,,,,,,,,,,,,,,,,,,,,,,,,,,,,,,,,128,4,433648,3592,158,40,0,both,0,20,20,0,0,,,,,0,,,,,,,,,,,,,,,,,,,,,,,,,,,,,,,,,,,,,,,,,,
468.2858253750019,unswapping,,,,,,,,,,,,,,,,,,,,,,,,,,,,,,,,,,,,,,,,,,,,,,,128,4,433648,3592,158,40,0,both,1,19,19,0,0,,,,,0,,,,,,,,,,,,,,,,,,,,,,,,,,,,,,,,,,,,,,,,,,
469.41130174999125,unswapping,,,,,,,,,,,,,,,,,,,,,,,,,,,,,,,,,,,,,,,,,,,,,,,128,4,433648,3592,158,40,0,left,0,20,20,0,0,,,,,0,,,,,,,,,,,,,,,,,,,,,,,,,,,,,,,,,,,,,,,,,,
470.4915551250451,unswapping,,,,,,,,,,,,,,,,,,,,,,,,,,,,,,,,,,,,,,,,,,,,,,,128,4,433648,3592,158,40,0,left,1,19,19,0,0,,,,,0,,,,,,,,,,,,,,,,,,,,,,,,,,,,,,,,,,,,,,,,,,
471.62012808403233,unswapping,,,,,,,,,,,,,,,,,,,,,,,,,,,,,,,,,,,,,,,,,,,,,,,128,4,433648,3592,158,40,0,right,0,20,20,0,0,,,,,0,,,,,,,,,,,,,,,,,,,,,,,,,,,,,,,,,,,,,,,,,,
472.6211686670431,unswapping,,,,,,,,,,,,,,,,,,,,,,,,,,,,,,,,,,,,,,,,,,,,,,,128,4,433648,3592,158,40,0,right,1,19,19,0,0,,,,,0,,,,,,,,,,,,,,,,,,,,,,,,,,,,,,,,,,,,,,,,,,
472.89802312501706,unswap_cycle_summary,,,,,,,,,,,,404,376,780,,,,,,,,,,,,,,,,,,,512,0.0006,,,,,,,,,,,,,128,4,433648,3592,158,40,,,,,,,,,,,,,,,,,,,,21,8.839697999996133,780,808,28,0,False,,,,,,,,,,,,,,,,,,,,,,,,,,,,
473.09022912499495,rewiring,right,post_unswap,0.15148529200814664,43,False,False,,,,,,,,,,,,,,,,,,,,,,,,,,,,,,,,,,,,,,,,,,,,,,,,,,,,,,,,,,,,,,,,,,21,,,,,,,50,False,0,4,bond_profile,8,False,1,1132,"(721, 128, 13, 8, 21, 117, 41)",0.00247570697683841,0.1489872910315171,"[{'seed': 123, 'score': (751, 128, 13, 8, 21, 118, 41), 'num_layers': 41, 'total_swaps': 118, 'max_layer_swaps': 10, 'swap_only_layers': 21, 'work_layers': 20, 'unitary_layers': 20, 'first_work_layer': 0, 'leading_no_work_layers': 0, 'bond_profile_layers_scored': 8, 'bond_profile_total_cost': 751, 'bond_profile_max_cost': 128, 'bond_profile_gate_count': 13}, {'seed': 1132, 'score': (721, 128, 13, 8, 21, 117, 41), 'num_layers': 41, 'total_swaps': 117, 'max_layer_swaps': 10, 'swap_only_layers': 21, 'work_layers': 20, 'unitary_layers': 20, 'first_work_layer': 0, 'leading_no_work_layers': 0, 'bond_profile_layers_scored': 8, 'bond_profile_total_cost': 721, 'bond_profile_max_cost': 128, 'bond_profile_gate_count': 13}, {'seed': 2141, 'score': (751, 128, 13, 8, 21, 118, 42), 'num_layers': 42, 'total_swaps': 118, 'max_layer_swaps': 10, 'swap_only_layers': 21, 'work_layers': 21, 'unitary_layers': 21, 'first_work_layer': 0, 'leading_no_work_layers': 0, 'bond_profile_layers_scored': 8, 'bond_profile_total_cost': 751, 'bond_profile_max_cost': 128, 'bond_profile_gate_count': 13}, {'seed': 3150, 'score': (751, 128, 13, 8, 21, 118, 42), 'num_layers': 42, 'total_swaps': 118, 'max_layer_swaps': 10, 'swap_only_layers': 21, 'work_layers': 21, 'unitary_layers': 21, 'first_work_layer': 0, 'leading_no_work_layers': 0, 'bond_profile_layers_scored': 8, 'bond_profile_total_cost': 751, 'bond_profile_max_cost': 128, 'bond_profile_gate_count': 13}]",0.15148037497419864,0.15167383302468807,,,,,,,,,,,,,
473.1308368340251,cycle_progress,,,,,,,,,,,,404,376,780,,,,,,,,,,,,,,,,,,,512,0.0006,,433648,9,,,,,,,,,,128,4,433648,3592,158,40,,,,,,,,,,,,,,,,,,,,21,,780,808,28,0,False,,,,,,,,,,,,,,,0.15167383302468807,,,,,,,,,,,,,
476.5135284170392,unswapping,,,,,,,,,,,,,,,,,,,,,,,,,,,,,,,,,,,,,,,,,,,,,,,128,4,433648,3592,158,40,0,both,0,20,20,0,0,,,,,0,,,,,,,,,,,,,,,,,,,,,,,,,,,,,,,,,,,,,,,,,,
478.68729700002586,unswapping,,,,,,,,,,,,,,,,,,,,,,,,,,,,,,,,,,,,,,,,,,,,,,,128,4,433648,3592,158,40,0,both,1,19,19,0,0,,,,,0,,,,,,,,,,,,,,,,,,,,,,,,,,,,,,,,,,,,,,,,,,
479.78742266702466,unswapping,,,,,,,,,,,,,,,,,,,,,,,,,,,,,,,,,,,,,,,,,,,,,,,128,4,433648,3592,158,40,0,left,0,20,20,0,0,,,,,0,,,,,,,,,,,,,,,,,,,,,,,,,,,,,,,,,,,,,,,,,,
480.8324191670399,unswapping,,,,,,,,,,,,,,,,,,,,,,,,,,,,,,,,,,,,,,,,,,,,,,,128,4,433648,3592,158,40,0,left,1,19,19,0,0,,,,,0,,,,,,,,,,,,,,,,,,,,,,,,,,,,,,,,,,,,,,,,,,
481.885918917018,unswapping,,,,,,,,,,,,,,,,,,,,,,,,,,,,,,,,,,,,,,,,,,,,,,,128,4,433648,3592,158,40,0,right,0,20,20,0,0,,,,,0,,,,,,,,,,,,,,,,,,,,,,,,,,,,,,,,,,,,,,,,,,
482.86644462501863,unswapping,,,,,,,,,,,,,,,,,,,,,,,,,,,,,,,,,,,,,,,,,,,,,,,128,4,433648,3592,158,40,0,right,1,19,19,0,0,,,,,0,,,,,,,,,,,,,,,,,,,,,,,,,,,,,,,,,,,,,,,,,,
483.1168348750216,unswap_cycle_summary,,,,,,,,,,,,404,376,780,,,,,,,,,,,,,,,,,,,512,0.0006,,,,,,,,,,,,,128,4,433648,3592,158,40,,,,,,,,,,,,,,,,,,,,22,8.833521208027378,780,808,28,0,False,,,,,,,,,,,,,,,,,,,,,,,,,,,,
483.30520220904145,rewiring,right,post_unswap,0.1467799170059152,43,False,False,,,,,,,,,,,,,,,,,,,,,,,,,,,,,,,,,,,,,,,,,,,,,,,,,,,,,,,,,,,,,,,,,,22,,,,,,,50,False,0,4,bond_profile,8,False,1,1132,"(721, 128, 13, 8, 21, 117, 41)",0.0024899589479900897,0.14426674909191206,"[{'seed': 123, 'score': (751, 128, 13, 8, 21, 118, 41), 'num_layers': 41, 'total_swaps': 118, 'max_layer_swaps': 10, 'swap_only_layers': 21, 'work_layers': 20, 'unitary_layers': 20, 'first_work_layer': 0, 'leading_no_work_layers': 0, 'bond_profile_layers_scored': 8, 'bond_profile_total_cost': 751, 'bond_profile_max_cost': 128, 'bond_profile_gate_count': 13}, {'seed': 1132, 'score': (721, 128, 13, 8, 21, 117, 41), 'num_layers': 41, 'total_swaps': 117, 'max_layer_swaps': 10, 'swap_only_layers': 21, 'work_layers': 20, 'unitary_layers': 20, 'first_work_layer': 0, 'leading_no_work_layers': 0, 'bond_profile_layers_scored': 8, 'bond_profile_total_cost': 721, 'bond_profile_max_cost': 128, 'bond_profile_gate_count': 13}, {'seed': 2141, 'score': (751, 128, 13, 8, 21, 118, 42), 'num_layers': 42, 'total_swaps': 118, 'max_layer_swaps': 10, 'swap_only_layers': 21, 'work_layers': 21, 'unitary_layers': 21, 'first_work_layer': 0, 'leading_no_work_layers': 0, 'bond_profile_layers_scored': 8, 'bond_profile_total_cost': 751, 'bond_profile_max_cost': 128, 'bond_profile_gate_count': 13}, {'seed': 3150, 'score': (751, 128, 13, 8, 21, 118, 42), 'num_layers': 42, 'total_swaps': 118, 'max_layer_swaps': 10, 'swap_only_layers': 21, 'work_layers': 21, 'unitary_layers': 21, 'first_work_layer': 0, 'leading_no_work_layers': 0, 'bond_profile_layers_scored': 8, 'bond_profile_total_cost': 751, 'bond_profile_max_cost': 128, 'bond_profile_gate_count': 13}]",0.146773915970698,0.14696250000270084,,,,,,,,,,,,,
483.3463555420167,cycle_progress,,,,,,,,,,,,404,376,780,,,,,,,,,,,,,,,,,,,512,0.0006,,433648,10,,,,,,,,,,128,4,433648,3592,158,40,,,,,,,,,,,,,,,,,,,,22,,780,808,28,0,False,,,,,,,,,,,,,,,0.14696250000270084,,,,,,,,,,,,,
486.6304412090103,unswapping,,,,,,,,,,,,,,,,,,,,,,,,,,,,,,,,,,,,,,,,,,,,,,,128,4,433648,3592,158,40,0,both,0,20,20,0,0,,,,,0,,,,,,,,,,,,,,,,,,,,,,,,,,,,,,,,,,,,,,,,,,
488.8991549999919,unswapping,,,,,,,,,,,,,,,,,,,,,,,,,,,,,,,,,,,,,,,,,,,,,,,128,4,433648,3592,158,40,0,both,1,19,19,0,0,,,,,0,,,,,,,,,,,,,,,,,,,,,,,,,,,,,,,,,,,,,,,,,,
490.0316373750102,unswapping,,,,,,,,,,,,,,,,,,,,,,,,,,,,,,,,,,,,,,,,,,,,,,,128,4,433648,3592,158,40,0,left,0,20,20,0,0,,,,,0,,,,,,,,,,,,,,,,,,,,,,,,,,,,,,,,,,,,,,,,,,
491.1131709589972,unswapping,,,,,,,,,,,,,,,,,,,,,,,,,,,,,,,,,,,,,,,,,,,,,,,128,4,433648,3592,158,40,0,left,1,19,19,0,0,,,,,0,,,,,,,,,,,,,,,,,,,,,,,,,,,,,,,,,,,,,,,,,,
492.1941378340125,unswapping,,,,,,,,,,,,,,,,,,,,,,,,,,,,,,,,,,,,,,,,,,,,,,,128,4,433648,3592,158,40,0,right,0,20,20,0,0,,,,,0,,,,,,,,,,,,,,,,,,,,,,,,,,,,,,,,,,,,,,,,,,
493.15680391702335,unswapping,,,,,,,,,,,,,,,,,,,,,,,,,,,,,,,,,,,,,,,,,,,,,,,128,4,433648,3592,158,40,0,right,1,19,19,0,0,,,,,0,,,,,,,,,,,,,,,,,,,,,,,,,,,,,,,,,,,,,,,,,,
493.4086908749887,unswap_cycle_summary,,,,,,,,,,,,404,376,780,,,,,,,,,,,,,,,,,,,512,0.0006,,,,,,,,,,,,,128,4,433648,3592,158,40,,,,,,,,,,,,,,,,,,,,23,8.974228292005137,780,808,28,0,False,,,,,,,,,,,,,,,,,,,,,,,,,,,,
493.5983282920206,rewiring,right,post_unswap,0.14541741699213162,43,False,False,,,,,,,,,,,,,,,,,,,,,,,,,,,,,,,,,,,,,,,,,,,,,,,,,,,,,,,,,,,,,,,,,,23,,,,,,,50,False,0,4,bond_profile,8,False,1,1132,"(721, 128, 13, 8, 21, 117, 41)",0.002528706972952932,0.14286004105815664,"[{'seed': 123, 'score': (751, 128, 13, 8, 21, 118, 41), 'num_layers': 41, 'total_swaps': 118, 'max_layer_swaps': 10, 'swap_only_layers': 21, 'work_layers': 20, 'unitary_layers': 20, 'first_work_layer': 0, 'leading_no_work_layers': 0, 'bond_profile_layers_scored': 8, 'bond_profile_total_cost': 751, 'bond_profile_max_cost': 128, 'bond_profile_gate_count': 13}, {'seed': 1132, 'score': (721, 128, 13, 8, 21, 117, 41), 'num_layers': 41, 'total_swaps': 117, 'max_layer_swaps': 10, 'swap_only_layers': 21, 'work_layers': 20, 'unitary_layers': 20, 'first_work_layer': 0, 'leading_no_work_layers': 0, 'bond_profile_layers_scored': 8, 'bond_profile_total_cost': 721, 'bond_profile_max_cost': 128, 'bond_profile_gate_count': 13}, {'seed': 2141, 'score': (751, 128, 13, 8, 21, 118, 42), 'num_layers': 42, 'total_swaps': 118, 'max_layer_swaps': 10, 'swap_only_layers': 21, 'work_layers': 21, 'unitary_layers': 21, 'first_work_layer': 0, 'leading_no_work_layers': 0, 'bond_profile_layers_scored': 8, 'bond_profile_total_cost': 751, 'bond_profile_max_cost': 128, 'bond_profile_gate_count': 13}, {'seed': 3150, 'score': (751, 128, 13, 8, 21, 118, 42), 'num_layers': 42, 'total_swaps': 118, 'max_layer_swaps': 10, 'swap_only_layers': 21, 'work_layers': 21, 'unitary_layers': 21, 'first_work_layer': 0, 'leading_no_work_layers': 0, 'bond_profile_layers_scored': 8, 'bond_profile_total_cost': 751, 'bond_profile_max_cost': 128, 'bond_profile_gate_count': 13}]",0.14541104197269306,0.14564387500286102,,,,,,,,,,,,,
493.63903883402236,cycle_progress,,,,,,,,,,,,404,376,780,,,,,,,,,,,,,,,,,,,512,0.0006,,433648,11,,,,,,,,,,128,4,433648,3592,158,40,,,,,,,,,,,,,,,,,,,,23,,780,808,28,0,False,,,,,,,,,,,,,,,0.14564387500286102,,,,,,,,,,,,,
497.0056450419943,unswapping,,,,,,,,,,,,,,,,,,,,,,,,,,,,,,,,,,,,,,,,,,,,,,,128,4,433648,3592,158,40,0,both,0,20,20,0,0,,,,,0,,,,,,,,,,,,,,,,,,,,,,,,,,,,,,,,,,,,,,,,,,
499.25915291701676,unswapping,,,,,,,,,,,,,,,,,,,,,,,,,,,,,,,,,,,,,,,,,,,,,,,128,4,433648,3592,158,40,0,both,1,19,19,0,0,,,,,0,,,,,,,,,,,,,,,,,,,,,,,,,,,,,,,,,,,,,,,,,,
500.3486751670134,unswapping,,,,,,,,,,,,,,,,,,,,,,,,,,,,,,,,,,,,,,,,,,,,,,,128,4,433648,3592,158,40,0,left,0,20,20,0,0,,,,,0,,,,,,,,,,,,,,,,,,,,,,,,,,,,,,,,,,,,,,,,,,
501.35146270901896,unswapping,,,,,,,,,,,,,,,,,,,,,,,,,,,,,,,,,,,,,,,,,,,,,,,128,4,433648,3592,158,40,0,left,1,19,19,0,0,,,,,0,,,,,,,,,,,,,,,,,,,,,,,,,,,,,,,,,,,,,,,,,,
502.3882058340241,unswapping,,,,,,,,,,,,,,,,,,,,,,,,,,,,,,,,,,,,,,,,,,,,,,,128,4,433648,3592,158,40,0,right,0,20,20,0,0,,,,,0,,,,,,,,,,,,,,,,,,,,,,,,,,,,,,,,,,,,,,,,,,
503.32176970900036,unswapping,,,,,,,,,,,,,,,,,,,,,,,,,,,,,,,,,,,,,,,,,,,,,,,128,4,433648,3592,158,40,0,right,1,19,19,0,0,,,,,0,,,,,,,,,,,,,,,,,,,,,,,,,,,,,,,,,,,,,,,,,,
503.5782362089958,unswap_cycle_summary,,,,,,,,,,,,404,376,780,,,,,,,,,,,,,,,,,,,512,0.0006,,,,,,,,,,,,,128,4,433648,3592,158,40,,,,,,,,,,,,,,,,,,,,24,8.809571417048573,780,808,28,0,False,,,,,,,,,,,,,,,,,,,,,,,,,,,,
503.7692311250139,rewiring,right,post_unswap,0.14937466697301716,43,False,False,,,,,,,,,,,,,,,,,,,,,,,,,,,,,,,,,,,,,,,,,,,,,,,,,,,,,,,,,,,,,,,,,,24,,,,,,,50,False,0,4,bond_profile,8,False,1,1132,"(721, 128, 13, 8, 21, 117, 41)",0.0023832900333218277,0.1469665840268135,"[{'seed': 123, 'score': (751, 128, 13, 8, 21, 118, 41), 'num_layers': 41, 'total_swaps': 118, 'max_layer_swaps': 10, 'swap_only_layers': 21, 'work_layers': 20, 'unitary_layers': 20, 'first_work_layer': 0, 'leading_no_work_layers': 0, 'bond_profile_layers_scored': 8, 'bond_profile_total_cost': 751, 'bond_profile_max_cost': 128, 'bond_profile_gate_count': 13}, {'seed': 1132, 'score': (721, 128, 13, 8, 21, 117, 41), 'num_layers': 41, 'total_swaps': 117, 'max_layer_swaps': 10, 'swap_only_layers': 21, 'work_layers': 20, 'unitary_layers': 20, 'first_work_layer': 0, 'leading_no_work_layers': 0, 'bond_profile_layers_scored': 8, 'bond_profile_total_cost': 721, 'bond_profile_max_cost': 128, 'bond_profile_gate_count': 13}, {'seed': 2141, 'score': (751, 128, 13, 8, 21, 118, 42), 'num_layers': 42, 'total_swaps': 118, 'max_layer_swaps': 10, 'swap_only_layers': 21, 'work_layers': 21, 'unitary_layers': 21, 'first_work_layer': 0, 'leading_no_work_layers': 0, 'bond_profile_layers_scored': 8, 'bond_profile_total_cost': 751, 'bond_profile_max_cost': 128, 'bond_profile_gate_count': 13}, {'seed': 3150, 'score': (751, 128, 13, 8, 21, 118, 42), 'num_layers': 42, 'total_swaps': 118, 'max_layer_swaps': 10, 'swap_only_layers': 21, 'work_layers': 21, 'unitary_layers': 21, 'first_work_layer': 0, 'leading_no_work_layers': 0, 'bond_profile_layers_scored': 8, 'bond_profile_total_cost': 751, 'bond_profile_max_cost': 128, 'bond_profile_gate_count': 13}]",0.14936883398331702,0.14959020901005715,,,,,,,,,,,,,
503.8130167089985,cycle_progress,,,,,,,,,,,,404,376,780,,,,,,,,,,,,,,,,,,,512,0.0006,,433648,12,,,,,,,,,,128,4,433648,3592,158,40,,,,,,,,,,,,,,,,,,,,24,,780,808,28,0,False,,,,,,,,,,,,,,,0.14959020901005715,,,,,,,,,,,,,
506.9802090000012,unswapping,,,,,,,,,,,,,,,,,,,,,,,,,,,,,,,,,,,,,,,,,,,,,,,128,4,433648,3592,158,40,0,both,0,20,20,0,0,,,,,0,,,,,,,,,,,,,,,,,,,,,,,,,,,,,,,,,,,,,,,,,,
509.15303091699025,unswapping,,,,,,,,,,,,,,,,,,,,,,,,,,,,,,,,,,,,,,,,,,,,,,,128,4,433648,3592,158,40,0,both,1,19,19,0,0,,,,,0,,,,,,,,,,,,,,,,,,,,,,,,,,,,,,,,,,,,,,,,,,
510.2322308750008,unswapping,,,,,,,,,,,,,,,,,,,,,,,,,,,,,,,,,,,,,,,,,,,,,,,128,4,433648,3592,158,40,0,left,0,20,20,0,0,,,,,0,,,,,,,,,,,,,,,,,,,,,,,,,,,,,,,,,,,,,,,,,,
511.27888604201144,unswapping,,,,,,,,,,,,,,,,,,,,,,,,,,,,,,,,,,,,,,,,,,,,,,,128,4,433648,3592,158,40,0,left,1,19,19,0,0,,,,,0,,,,,,,,,,,,,,,,,,,,,,,,,,,,,,,,,,,,,,,,,,
512.3770042090327,unswapping,,,,,,,,,,,,,,,,,,,,,,,,,,,,,,,,,,,,,,,,,,,,,,,128,4,433648,3592,158,40,0,right,0,20,20,0,0,,,,,0,,,,,,,,,,,,,,,,,,,,,,,,,,,,,,,,,,,,,,,,,,
513.438025584037,unswapping,,,,,,,,,,,,,,,,,,,,,,,,,,,,,,,,,,,,,,,,,,,,,,,128,4,433648,3592,158,40,0,right,1,19,19,0,0,,,,,0,,,,,,,,,,,,,,,,,,,,,,,,,,,,,,,,,,,,,,,,,,
513.6992121670046,unswap_cycle_summary,,,,,,,,,,,,404,376,780,,,,,,,,,,,,,,,,,,,512,0.0006,,,,,,,,,,,,,128,4,433648,3592,158,40,,,,,,,,,,,,,,,,,,,,25,8.749963874986861,780,808,28,0,False,,,,,,,,,,,,,,,,,,,,,,,,,,,,
513.8979425420403,rewiring,right,post_unswap,0.15670425002463162,43,False,False,,,,,,,,,,,,,,,,,,,,,,,,,,,,,,,,,,,,,,,,,,,,,,,,,,,,,,,,,,,,,,,,,,25,,,,,,,50,False,0,4,bond_profile,8,False,1,1132,"(721, 128, 13, 8, 21, 117, 41)",0.003002998942974955,0.15367499901913106,"[{'seed': 123, 'score': (751, 128, 13, 8, 21, 118, 41), 'num_layers': 41, 'total_swaps': 118, 'max_layer_swaps': 10, 'swap_only_layers': 21, 'work_layers': 20, 'unitary_layers': 20, 'first_work_layer': 0, 'leading_no_work_layers': 0, 'bond_profile_layers_scored': 8, 'bond_profile_total_cost': 751, 'bond_profile_max_cost': 128, 'bond_profile_gate_count': 13}, {'seed': 1132, 'score': (721, 128, 13, 8, 21, 117, 41), 'num_layers': 41, 'total_swaps': 117, 'max_layer_swaps': 10, 'swap_only_layers': 21, 'work_layers': 20, 'unitary_layers': 20, 'first_work_layer': 0, 'leading_no_work_layers': 0, 'bond_profile_layers_scored': 8, 'bond_profile_total_cost': 721, 'bond_profile_max_cost': 128, 'bond_profile_gate_count': 13}, {'seed': 2141, 'score': (751, 128, 13, 8, 21, 118, 42), 'num_layers': 42, 'total_swaps': 118, 'max_layer_swaps': 10, 'swap_only_layers': 21, 'work_layers': 21, 'unitary_layers': 21, 'first_work_layer': 0, 'leading_no_work_layers': 0, 'bond_profile_layers_scored': 8, 'bond_profile_total_cost': 751, 'bond_profile_max_cost': 128, 'bond_profile_gate_count': 13}, {'seed': 3150, 'score': (751, 128, 13, 8, 21, 118, 42), 'num_layers': 42, 'total_swaps': 118, 'max_layer_swaps': 10, 'swap_only_layers': 21, 'work_layers': 21, 'unitary_layers': 21, 'first_work_layer': 0, 'leading_no_work_layers': 0, 'bond_profile_layers_scored': 8, 'bond_profile_total_cost': 751, 'bond_profile_max_cost': 128, 'bond_profile_gate_count': 13}]",0.15669766697101295,0.15690416598226875,,,,,,,,,,,,,
513.9436925420305,cycle_progress,,,,,,,,,,,,404,376,780,,,,,,,,,,,,,,,,,,,512,0.0006,,433648,13,,,,,,,,,,128,4,433648,3592,158,40,,,,,,,,,,,,,,,,,,,,25,,780,808,28,0,False,,,,,,,,,,,,,,,0.15690416598226875,,,,,,,,,,,,,
517.4630326250335,unswapping,,,,,,,,,,,,,,,,,,,,,,,,,,,,,,,,,,,,,,,,,,,,,,,128,4,433648,3592,158,40,0,both,0,20,20,0,0,,,,,0,,,,,,,,,,,,,,,,,,,,,,,,,,,,,,,,,,,,,,,,,,
519.7362574170111,unswapping,,,,,,,,,,,,,,,,,,,,,,,,,,,,,,,,,,,,,,,,,,,,,,,128,4,433648,3592,158,40,0,both,1,19,19,0,0,,,,,0,,,,,,,,,,,,,,,,,,,,,,,,,,,,,,,,,,,,,,,,,,
520.8738310839981,unswapping,,,,,,,,,,,,,,,,,,,,,,,,,,,,,,,,,,,,,,,,,,,,,,,128,4,433648,3592,158,40,0,left,0,20,20,0,0,,,,,0,,,,,,,,,,,,,,,,,,,,,,,,,,,,,,,,,,,,,,,,,,
521.896510666993,unswapping,,,,,,,,,,,,,,,,,,,,,,,,,,,,,,,,,,,,,,,,,,,,,,,128,4,433648,3592,158,40,0,left,1,19,19,0,0,,,,,0,,,,,,,,,,,,,,,,,,,,,,,,,,,,,,,,,,,,,,,,,,
522.9692491670139,unswapping,,,,,,,,,,,,,,,,,,,,,,,,,,,,,,,,,,,,,,,,,,,,,,,128,4,433648,3592,158,40,0,right,0,20,20,0,0,,,,,0,,,,,,,,,,,,,,,,,,,,,,,,,,,,,,,,,,,,,,,,,,
523.9169880420086,unswapping,,,,,,,,,,,,,,,,,,,,,,,,,,,,,,,,,,,,,,,,,,,,,,,128,4,433648,3592,158,40,0,right,1,19,19,0,0,,,,,0,,,,,,,,,,,,,,,,,,,,,,,,,,,,,,,,,,,,,,,,,,
524.181403124996,unswap_cycle_summary,,,,,,,,,,,,404,376,780,,,,,,,,,,,,,,,,,,,512,0.0006,,,,,,,,,,,,,128,4,433648,3592,158,40,,,,,,,,,,,,,,,,,,,,26,8.997659000044223,780,808,28,0,False,,,,,,,,,,,,,,,,,,,,,,,,,,,,
524.3809580419911,rewiring,right,post_unswap,0.15397674997802824,43,False,False,,,,,,,,,,,,,,,,,,,,,,,,,,,,,,,,,,,,,,,,,,,,,,,,,,,,,,,,,,,,,,,,,,26,,,,,,,50,False,0,4,bond_profile,8,False,1,1132,"(721, 128, 13, 8, 21, 117, 41)",0.0024982080212794244,0.15145120699889958,"[{'seed': 123, 'score': (751, 128, 13, 8, 21, 118, 41), 'num_layers': 41, 'total_swaps': 118, 'max_layer_swaps': 10, 'swap_only_layers': 21, 'work_layers': 20, 'unitary_layers': 20, 'first_work_layer': 0, 'leading_no_work_layers': 0, 'bond_profile_layers_scored': 8, 'bond_profile_total_cost': 751, 'bond_profile_max_cost': 128, 'bond_profile_gate_count': 13}, {'seed': 1132, 'score': (721, 128, 13, 8, 21, 117, 41), 'num_layers': 41, 'total_swaps': 117, 'max_layer_swaps': 10, 'swap_only_layers': 21, 'work_layers': 20, 'unitary_layers': 20, 'first_work_layer': 0, 'leading_no_work_layers': 0, 'bond_profile_layers_scored': 8, 'bond_profile_total_cost': 721, 'bond_profile_max_cost': 128, 'bond_profile_gate_count': 13}, {'seed': 2141, 'score': (751, 128, 13, 8, 21, 118, 42), 'num_layers': 42, 'total_swaps': 118, 'max_layer_swaps': 10, 'swap_only_layers': 21, 'work_layers': 21, 'unitary_layers': 21, 'first_work_layer': 0, 'leading_no_work_layers': 0, 'bond_profile_layers_scored': 8, 'bond_profile_total_cost': 751, 'bond_profile_max_cost': 128, 'bond_profile_gate_count': 13}, {'seed': 3150, 'score': (751, 128, 13, 8, 21, 118, 42), 'num_layers': 42, 'total_swaps': 118, 'max_layer_swaps': 10, 'swap_only_layers': 21, 'work_layers': 21, 'unitary_layers': 21, 'first_work_layer': 0, 'leading_no_work_layers': 0, 'bond_profile_layers_scored': 8, 'bond_profile_total_cost': 751, 'bond_profile_max_cost': 128, 'bond_profile_gate_count': 13}]",0.15397062501870096,0.15416929201455787,,,,,,,,,,,,,
524.423975749989,cycle_progress,,,,,,,,,,,,404,376,780,,,,,,,,,,,,,,,,,,,512,0.0006,,433648,14,,,,,,,,,,128,4,433648,3592,158,40,,,,,,,,,,,,,,,,,,,,26,,780,808,28,0,False,,,,,,,,,,,,,,,0.15416929201455787,,,,,,,,,,,,,
527.5296364169917,unswapping,,,,,,,,,,,,,,,,,,,,,,,,,,,,,,,,,,,,,,,,,,,,,,,128,4,433648,3592,158,40,0,both,0,20,20,0,0,,,,,0,,,,,,,,,,,,,,,,,,,,,,,,,,,,,,,,,,,,,,,,,,
529.7239995840355,unswapping,,,,,,,,,,,,,,,,,,,,,,,,,,,,,,,,,,,,,,,,,,,,,,,128,4,433648,3592,158,40,0,both,1,19,19,0,0,,,,,0,,,,,,,,,,,,,,,,,,,,,,,,,,,,,,,,,,,,,,,,,,
530.9090785420267,unswapping,,,,,,,,,,,,,,,,,,,,,,,,,,,,,,,,,,,,,,,,,,,,,,,128,4,433648,3592,158,40,0,left,0,20,20,0,0,,,,,0,,,,,,,,,,,,,,,,,,,,,,,,,,,,,,,,,,,,,,,,,,
531.9706443340401,unswapping,,,,,,,,,,,,,,,,,,,,,,,,,,,,,,,,,,,,,,,,,,,,,,,128,4,433648,3592,158,40,0,left,1,19,19,0,0,,,,,0,,,,,,,,,,,,,,,,,,,,,,,,,,,,,,,,,,,,,,,,,,
533.1197130000219,unswapping,,,,,,,,,,,,,,,,,,,,,,,,,,,,,,,,,,,,,,,,,,,,,,,128,4,433648,3592,158,40,0,right,0,20,20,0,0,,,,,0,,,,,,,,,,,,,,,,,,,,,,,,,,,,,,,,,,,,,,,,,,
534.0962919589947,unswapping,,,,,,,,,,,,,,,,,,,,,,,,,,,,,,,,,,,,,,,,,,,,,,,128,4,433648,3592,158,40,0,right,1,19,19,0,0,,,,,0,,,,,,,,,,,,,,,,,,,,,,,,,,,,,,,,,,,,,,,,,,
534.3573012090055,unswap_cycle_summary,,,,,,,,,,,,404,376,780,,,,,,,,,,,,,,,,,,,512,0.0006,,,,,,,,,,,,,128,4,433648,3592,158,40,,,,,,,,,,,,,,,,,,,,27,8.860057874990162,780,808,28,0,False,,,,,,,,,,,,,,,,,,,,,,,,,,,,
534.5434518340044,rewiring,right,post_unswap,0.1428486660006456,43,False,False,,,,,,,,,,,,,,,,,,,,,,,,,,,,,,,,,,,,,,,,,,,,,,,,,,,,,,,,,,,,,,,,,,27,,,,,,,50,False,0,4,bond_profile,8,False,1,1132,"(721, 128, 13, 8, 21, 117, 41)",0.0027715000323951244,0.1400539170135744,"[{'seed': 123, 'score': (751, 128, 13, 8, 21, 118, 41), 'num_layers': 41, 'total_swaps': 118, 'max_layer_swaps': 10, 'swap_only_layers': 21, 'work_layers': 20, 'unitary_layers': 20, 'first_work_layer': 0, 'leading_no_work_layers': 0, 'bond_profile_layers_scored': 8, 'bond_profile_total_cost': 751, 'bond_profile_max_cost': 128, 'bond_profile_gate_count': 13}, {'seed': 1132, 'score': (721, 128, 13, 8, 21, 117, 41), 'num_layers': 41, 'total_swaps': 117, 'max_layer_swaps': 10, 'swap_only_layers': 21, 'work_layers': 20, 'unitary_layers': 20, 'first_work_layer': 0, 'leading_no_work_layers': 0, 'bond_profile_layers_scored': 8, 'bond_profile_total_cost': 721, 'bond_profile_max_cost': 128, 'bond_profile_gate_count': 13}, {'seed': 2141, 'score': (751, 128, 13, 8, 21, 118, 42), 'num_layers': 42, 'total_swaps': 118, 'max_layer_swaps': 10, 'swap_only_layers': 21, 'work_layers': 21, 'unitary_layers': 21, 'first_work_layer': 0, 'leading_no_work_layers': 0, 'bond_profile_layers_scored': 8, 'bond_profile_total_cost': 751, 'bond_profile_max_cost': 128, 'bond_profile_gate_count': 13}, {'seed': 3150, 'score': (751, 128, 13, 8, 21, 118, 42), 'num_layers': 42, 'total_swaps': 118, 'max_layer_swaps': 10, 'swap_only_layers': 21, 'work_layers': 21, 'unitary_layers': 21, 'first_work_layer': 0, 'leading_no_work_layers': 0, 'bond_profile_layers_scored': 8, 'bond_profile_total_cost': 751, 'bond_profile_max_cost': 128, 'bond_profile_gate_count': 13}]",0.14284329197835177,0.1430062919971533,,,,,,,,,,,,,
534.5846523340442,cycle_progress,,,,,,,,,,,,404,376,780,,,,,,,,,,,,,,,,,,,512,0.0006,,433648,15,,,,,,,,,,128,4,433648,3592,158,40,,,,,,,,,,,,,,,,,,,,27,,780,808,28,0,False,,,,,,,,,,,,,,,0.1430062919971533,,,,,,,,,,,,,
538.0522169170436,unswapping,,,,,,,,,,,,,,,,,,,,,,,,,,,,,,,,,,,,,,,,,,,,,,,128,4,433648,3592,158,40,0,both,0,20,20,0,0,,,,,0,,,,,,,,,,,,,,,,,,,,,,,,,,,,,,,,,,,,,,,,,,
540.3362717090058,unswapping,,,,,,,,,,,,,,,,,,,,,,,,,,,,,,,,,,,,,,,,,,,,,,,128,4,433648,3592,158,40,0,both,1,19,19,0,0,,,,,0,,,,,,,,,,,,,,,,,,,,,,,,,,,,,,,,,,,,,,,,,,
541.4955632920028,unswapping,,,,,,,,,,,,,,,,,,,,,,,,,,,,,,,,,,,,,,,,,,,,,,,128,4,433648,3592,158,40,0,left,0,20,20,0,0,,,,,0,,,,,,,,,,,,,,,,,,,,,,,,,,,,,,,,,,,,,,,,,,
542.5043980000191,unswapping,,,,,,,,,,,,,,,,,,,,,,,,,,,,,,,,,,,,,,,,,,,,,,,128,4,433648,3592,158,40,0,left,1,19,19,0,0,,,,,0,,,,,,,,,,,,,,,,,,,,,,,,,,,,,,,,,,,,,,,,,,
543.6096473750076,unswapping,,,,,,,,,,,,,,,,,,,,,,,,,,,,,,,,,,,,,,,,,,,,,,,128,4,433648,3592,158,40,0,right,0,20,20,0,0,,,,,0,,,,,,,,,,,,,,,,,,,,,,,,,,,,,,,,,,,,,,,,,,
544.5893254170078,unswapping,,,,,,,,,,,,,,,,,,,,,,,,,,,,,,,,,,,,,,,,,,,,,,,128,4,433648,3592,158,40,0,right,1,19,19,0,0,,,,,0,,,,,,,,,,,,,,,,,,,,,,,,,,,,,,,,,,,,,,,,,,
544.8505916669965,unswap_cycle_summary,,,,,,,,,,,,404,376,780,,,,,,,,,,,,,,,,,,,512,0.0006,,,,,,,,,,,,,128,4,433648,3592,158,40,,,,,,,,,,,,,,,,,,,,28,9.086950083030388,780,808,28,0,False,,,,,,,,,,,,,,,,,,,,,,,,,,,,
545.1274653750006,rewiring,right,post_unswap,0.2327944589778781,43,False,False,,,,,,,,,,,,,,,,,,,,,,,,,,,,,,,,,,,,,,,,,,,,,,,,,,,,,,,,,,,,,,,,,,28,,,,,,,50,False,0,4,bond_profile,8,False,1,1132,"(721, 128, 13, 8, 21, 117, 41)",0.002776124980300665,0.22998616803670302,"[{'seed': 123, 'score': (751, 128, 13, 8, 21, 118, 41), 'num_layers': 41, 'total_swaps': 118, 'max_layer_swaps': 10, 'swap_only_layers': 21, 'work_layers': 20, 'unitary_layers': 20, 'first_work_layer': 0, 'leading_no_work_layers': 0, 'bond_profile_layers_scored': 8, 'bond_profile_total_cost': 751, 'bond_profile_max_cost': 128, 'bond_profile_gate_count': 13}, {'seed': 1132, 'score': (721, 128, 13, 8, 21, 117, 41), 'num_layers': 41, 'total_swaps': 117, 'max_layer_swaps': 10, 'swap_only_layers': 21, 'work_layers': 20, 'unitary_layers': 20, 'first_work_layer': 0, 'leading_no_work_layers': 0, 'bond_profile_layers_scored': 8, 'bond_profile_total_cost': 721, 'bond_profile_max_cost': 128, 'bond_profile_gate_count': 13}, {'seed': 2141, 'score': (751, 128, 13, 8, 21, 118, 42), 'num_layers': 42, 'total_swaps': 118, 'max_layer_swaps': 10, 'swap_only_layers': 21, 'work_layers': 21, 'unitary_layers': 21, 'first_work_layer': 0, 'leading_no_work_layers': 0, 'bond_profile_layers_scored': 8, 'bond_profile_total_cost': 751, 'bond_profile_max_cost': 128, 'bond_profile_gate_count': 13}, {'seed': 3150, 'score': (751, 128, 13, 8, 21, 118, 42), 'num_layers': 42, 'total_swaps': 118, 'max_layer_swaps': 10, 'swap_only_layers': 21, 'work_layers': 21, 'unitary_layers': 21, 'first_work_layer': 0, 'leading_no_work_layers': 0, 'bond_profile_layers_scored': 8, 'bond_profile_total_cost': 751, 'bond_profile_max_cost': 128, 'bond_profile_gate_count': 13}]",0.23278683301759884,0.23303062497870997,,,,,,,,,,,,,
545.1716648340225,cycle_progress,,,,,,,,,,,,404,376,780,,,,,,,,,,,,,,,,,,,512,0.0006,,433648,16,,,,,,,,,,128,4,433648,3592,158,40,,,,,,,,,,,,,,,,,,,,28,,780,808,28,0,False,,,,,,,,,,,,,,,0.23303062497870997,,,,,,,,,,,,,
548.425048959034,unswapping,,,,,,,,,,,,,,,,,,,,,,,,,,,,,,,,,,,,,,,,,,,,,,,128,4,433648,3592,158,40,0,both,0,20,20,0,0,,,,,0,,,,,,,,,,,,,,,,,,,,,,,,,,,,,,,,,,,,,,,,,,
550.6323185840156,unswapping,,,,,,,,,,,,,,,,,,,,,,,,,,,,,,,,,,,,,,,,,,,,,,,128,4,433648,3592,158,40,0,both,1,19,19,0,0,,,,,0,,,,,,,,,,,,,,,,,,,,,,,,,,,,,,,,,,,,,,,,,,
551.7396854590042,unswapping,,,,,,,,,,,,,,,,,,,,,,,,,,,,,,,,,,,,,,,,,,,,,,,128,4,433648,3592,158,40,0,left,0,20,20,0,0,,,,,0,,,,,,,,,,,,,,,,,,,,,,,,,,,,,,,,,,,,,,,,,,
552.7964710840024,unswapping,,,,,,,,,,,,,,,,,,,,,,,,,,,,,,,,,,,,,,,,,,,,,,,128,4,433648,3592,158,40,0,left,1,19,19,0,0,,,,,0,,,,,,,,,,,,,,,,,,,,,,,,,,,,,,,,,,,,,,,,,,
553.9132874170318,unswapping,,,,,,,,,,,,,,,,,,,,,,,,,,,,,,,,,,,,,,,,,,,,,,,128,4,433648,3592,158,40,0,right,0,20,20,0,0,,,,,0,,,,,,,,,,,,,,,,,,,,,,,,,,,,,,,,,,,,,,,,,,
554.8919880000176,unswapping,,,,,,,,,,,,,,,,,,,,,,,,,,,,,,,,,,,,,,,,,,,,,,,128,4,433648,3592,158,40,0,right,1,19,19,0,0,,,,,0,,,,,,,,,,,,,,,,,,,,,,,,,,,,,,,,,,,,,,,,,,
555.1534246249939,unswap_cycle_summary,,,,,,,,,,,,404,376,780,,,,,,,,,,,,,,,,,,,512,0.0006,,,,,,,,,,,,,128,4,433648,3592,158,40,,,,,,,,,,,,,,,,,,,,29,8.852792042016517,780,808,28,0,False,,,,,,,,,,,,,,,,,,,,,,,,,,,,
555.3490642920369,rewiring,right,post_unswap,0.15111816604621708,43,False,False,,,,,,,,,,,,,,,,,,,,,,,,,,,,,,,,,,,,,,,,,,,,,,,,,,,,,,,,,,,,,,,,,,29,,,,,,,50,False,0,4,bond_profile,8,False,1,1132,"(721, 128, 13, 8, 21, 117, 41)",0.002806167001836002,0.14828333404147997,"[{'seed': 123, 'score': (751, 128, 13, 8, 21, 118, 41), 'num_layers': 41, 'total_swaps': 118, 'max_layer_swaps': 10, 'swap_only_layers': 21, 'work_layers': 20, 'unitary_layers': 20, 'first_work_layer': 0, 'leading_no_work_layers': 0, 'bond_profile_layers_scored': 8, 'bond_profile_total_cost': 751, 'bond_profile_max_cost': 128, 'bond_profile_gate_count': 13}, {'seed': 1132, 'score': (721, 128, 13, 8, 21, 117, 41), 'num_layers': 41, 'total_swaps': 117, 'max_layer_swaps': 10, 'swap_only_layers': 21, 'work_layers': 20, 'unitary_layers': 20, 'first_work_layer': 0, 'leading_no_work_layers': 0, 'bond_profile_layers_scored': 8, 'bond_profile_total_cost': 721, 'bond_profile_max_cost': 128, 'bond_profile_gate_count': 13}, {'seed': 2141, 'score': (751, 128, 13, 8, 21, 118, 42), 'num_layers': 42, 'total_swaps': 118, 'max_layer_swaps': 10, 'swap_only_layers': 21, 'work_layers': 21, 'unitary_layers': 21, 'first_work_layer': 0, 'leading_no_work_layers': 0, 'bond_profile_layers_scored': 8, 'bond_profile_total_cost': 751, 'bond_profile_max_cost': 128, 'bond_profile_gate_count': 13}, {'seed': 3150, 'score': (751, 128, 13, 8, 21, 118, 42), 'num_layers': 42, 'total_swaps': 118, 'max_layer_swaps': 10, 'swap_only_layers': 21, 'work_layers': 21, 'unitary_layers': 21, 'first_work_layer': 0, 'leading_no_work_layers': 0, 'bond_profile_layers_scored': 8, 'bond_profile_total_cost': 751, 'bond_profile_max_cost': 128, 'bond_profile_gate_count': 13}]",0.15111245901789516,0.15129387500928715,,,,,,,,,,,,,
555.3921117500286,cycle_progress,,,,,,,,,,,,404,376,780,,,,,,,,,,,,,,,,,,,512,0.0006,,433648,17,,,,,,,,,,128,4,433648,3592,158,40,,,,,,,,,,,,,,,,,,,,29,,780,808,28,0,False,,,,,,,,,,,,,,,0.15129387500928715,,,,,,,,,,,,,
558.590252791997,unswapping,,,,,,,,,,,,,,,,,,,,,,,,,,,,,,,,,,,,,,,,,,,,,,,128,4,433648,3592,158,40,0,both,0,20,20,0,0,,,,,0,,,,,,,,,,,,,,,,,,,,,,,,,,,,,,,,,,,,,,,,,,
560.7168604590115,unswapping,,,,,,,,,,,,,,,,,,,,,,,,,,,,,,,,,,,,,,,,,,,,,,,128,4,433648,3592,158,40,0,both,1,19,19,0,0,,,,,0,,,,,,,,,,,,,,,,,,,,,,,,,,,,,,,,,,,,,,,,,,
561.8277119590202,unswapping,,,,,,,,,,,,,,,,,,,,,,,,,,,,,,,,,,,,,,,,,,,,,,,128,4,433648,3592,158,40,0,left,0,20,20,0,0,,,,,0,,,,,,,,,,,,,,,,,,,,,,,,,,,,,,,,,,,,,,,,,,
562.9380029999884,unswapping,,,,,,,,,,,,,,,,,,,,,,,,,,,,,,,,,,,,,,,,,,,,,,,128,4,433648,3592,158,40,0,left,1,19,19,0,0,,,,,0,,,,,,,,,,,,,,,,,,,,,,,,,,,,,,,,,,,,,,,,,,
564.081337584008,unswapping,,,,,,,,,,,,,,,,,,,,,,,,,,,,,,,,,,,,,,,,,,,,,,,128,4,433648,3592,158,40,0,right,0,20,20,0,0,,,,,0,,,,,,,,,,,,,,,,,,,,,,,,,,,,,,,,,,,,,,,,,,
565.0671774169896,unswapping,,,,,,,,,,,,,,,,,,,,,,,,,,,,,,,,,,,,,,,,,,,,,,,128,4,433648,3592,158,40,0,right,1,19,19,0,0,,,,,0,,,,,,,,,,,,,,,,,,,,,,,,,,,,,,,,,,,,,,,,,,
565.3362130000023,unswap_cycle_summary,,,,,,,,,,,,404,376,780,,,,,,,,,,,,,,,,,,,512,0.0006,,,,,,,,,,,,,128,4,433648,3592,158,40,,,,,,,,,,,,,,,,,,,,30,8.77576266694814,780,808,28,0,False,,,,,,,,,,,,,,,,,,,,,,,,,,,,
565.5228841250064,rewiring,right,post_unswap,0.14431499998318031,43,False,False,,,,,,,,,,,,,,,,,,,,,,,,,,,,,,,,,,,,,,,,,,,,,,,,,,,,,,,,,,,,,,,,,,30,,,,,,,50,False,0,4,bond_profile,8,False,1,1132,"(721, 128, 13, 8, 21, 117, 41)",0.0024459179840050638,0.1418454159866087,"[{'seed': 123, 'score': (751, 128, 13, 8, 21, 118, 41), 'num_layers': 41, 'total_swaps': 118, 'max_layer_swaps': 10, 'swap_only_layers': 21, 'work_layers': 20, 'unitary_layers': 20, 'first_work_layer': 0, 'leading_no_work_layers': 0, 'bond_profile_layers_scored': 8, 'bond_profile_total_cost': 751, 'bond_profile_max_cost': 128, 'bond_profile_gate_count': 13}, {'seed': 1132, 'score': (721, 128, 13, 8, 21, 117, 41), 'num_layers': 41, 'total_swaps': 117, 'max_layer_swaps': 10, 'swap_only_layers': 21, 'work_layers': 20, 'unitary_layers': 20, 'first_work_layer': 0, 'leading_no_work_layers': 0, 'bond_profile_layers_scored': 8, 'bond_profile_total_cost': 721, 'bond_profile_max_cost': 128, 'bond_profile_gate_count': 13}, {'seed': 2141, 'score': (751, 128, 13, 8, 21, 118, 42), 'num_layers': 42, 'total_swaps': 118, 'max_layer_swaps': 10, 'swap_only_layers': 21, 'work_layers': 21, 'unitary_layers': 21, 'first_work_layer': 0, 'leading_no_work_layers': 0, 'bond_profile_layers_scored': 8, 'bond_profile_total_cost': 751, 'bond_profile_max_cost': 128, 'bond_profile_gate_count': 13}, {'seed': 3150, 'score': (751, 128, 13, 8, 21, 118, 42), 'num_layers': 42, 'total_swaps': 118, 'max_layer_swaps': 10, 'swap_only_layers': 21, 'work_layers': 21, 'unitary_layers': 21, 'first_work_layer': 0, 'leading_no_work_layers': 0, 'bond_profile_layers_scored': 8, 'bond_profile_total_cost': 751, 'bond_profile_max_cost': 128, 'bond_profile_gate_count': 13}]",0.14430916600394994,0.14449579099891707,,,,,,,,,,,,,
565.5667595420382,cycle_progress,,,,,,,,,,,,404,376,780,,,,,,,,,,,,,,,,,,,512,0.0006,,433648,18,,,,,,,,,,128,4,433648,3592,158,40,,,,,,,,,,,,,,,,,,,,30,,780,808,28,0,False,,,,,,,,,,,,,,,0.14449579099891707,,,,,,,,,,,,,
568.9702512090444,unswapping,,,,,,,,,,,,,,,,,,,,,,,,,,,,,,,,,,,,,,,,,,,,,,,128,4,433648,3592,158,40,0,both,0,20,20,0,0,,,,,0,,,,,,,,,,,,,,,,,,,,,,,,,,,,,,,,,,,,,,,,,,
571.2703408340458,unswapping,,,,,,,,,,,,,,,,,,,,,,,,,,,,,,,,,,,,,,,,,,,,,,,128,4,433648,3592,158,40,0,both,1,19,19,0,0,,,,,0,,,,,,,,,,,,,,,,,,,,,,,,,,,,,,,,,,,,,,,,,,
572.4577224170207,unswapping,,,,,,,,,,,,,,,,,,,,,,,,,,,,,,,,,,,,,,,,,,,,,,,128,4,433648,3592,158,40,0,left,0,20,20,0,0,,,,,0,,,,,,,,,,,,,,,,,,,,,,,,,,,,,,,,,,,,,,,,,,
573.514945834002,unswapping,,,,,,,,,,,,,,,,,,,,,,,,,,,,,,,,,,,,,,,,,,,,,,,128,4,433648,3592,158,40,0,left,1,19,19,0,0,,,,,0,,,,,,,,,,,,,,,,,,,,,,,,,,,,,,,,,,,,,,,,,,
574.7662931670202,unswapping,,,,,,,,,,,,,,,,,,,,,,,,,,,,,,,,,,,,,,,,,,,,,,,128,4,433648,3592,158,40,0,right,0,20,20,0,0,,,,,0,,,,,,,,,,,,,,,,,,,,,,,,,,,,,,,,,,,,,,,,,,
575.8013740419992,unswapping,,,,,,,,,,,,,,,,,,,,,,,,,,,,,,,,,,,,,,,,,,,,,,,128,4,433648,3592,158,40,0,right,1,19,19,0,0,,,,,0,,,,,,,,,,,,,,,,,,,,,,,,,,,,,,,,,,,,,,,,,,
576.0849650420132,unswap_cycle_summary,,,,,,,,,,,,404,376,780,,,,,,,,,,,,,,,,,,,512,0.0006,,,,,,,,,,,,,128,4,433648,3592,158,40,,,,,,,,,,,,,,,,,,,,31,9.328699999954551,780,808,28,0,False,,,,,,,,,,,,,,,,,,,,,,,,,,,,
576.3452679170296,rewiring,right,post_unswap,0.21560004202183336,43,False,False,,,,,,,,,,,,,,,,,,,,,,,,,,,,,,,,,,,,,,,,,,,,,,,,,,,,,,,,,,,,,,,,,,31,,,,,,,50,False,0,4,bond_profile,8,False,1,1132,"(721, 128, 13, 8, 21, 117, 41)",0.002418877149466425,0.2131563319126144,"[{'seed': 123, 'score': (751, 128, 13, 8, 21, 118, 41), 'num_layers': 41, 'total_swaps': 118, 'max_layer_swaps': 10, 'swap_only_layers': 21, 'work_layers': 20, 'unitary_layers': 20, 'first_work_layer': 0, 'leading_no_work_layers': 0, 'bond_profile_layers_scored': 8, 'bond_profile_total_cost': 751, 'bond_profile_max_cost': 128, 'bond_profile_gate_count': 13}, {'seed': 1132, 'score': (721, 128, 13, 8, 21, 117, 41), 'num_layers': 41, 'total_swaps': 117, 'max_layer_swaps': 10, 'swap_only_layers': 21, 'work_layers': 20, 'unitary_layers': 20, 'first_work_layer': 0, 'leading_no_work_layers': 0, 'bond_profile_layers_scored': 8, 'bond_profile_total_cost': 721, 'bond_profile_max_cost': 128, 'bond_profile_gate_count': 13}, {'seed': 2141, 'score': (751, 128, 13, 8, 21, 118, 42), 'num_layers': 42, 'total_swaps': 118, 'max_layer_swaps': 10, 'swap_only_layers': 21, 'work_layers': 21, 'unitary_layers': 21, 'first_work_layer': 0, 'leading_no_work_layers': 0, 'bond_profile_layers_scored': 8, 'bond_profile_total_cost': 751, 'bond_profile_max_cost': 128, 'bond_profile_gate_count': 13}, {'seed': 3150, 'score': (751, 128, 13, 8, 21, 118, 42), 'num_layers': 42, 'total_swaps': 118, 'max_layer_swaps': 10, 'swap_only_layers': 21, 'work_layers': 21, 'unitary_layers': 21, 'first_work_layer': 0, 'leading_no_work_layers': 0, 'bond_profile_layers_scored': 8, 'bond_profile_total_cost': 751, 'bond_profile_max_cost': 128, 'bond_profile_gate_count': 13}]",0.21559466602047905,0.2157998750335537,,,,,,,,,,,,,
576.3902202090248,cycle_progress,,,,,,,,,,,,404,376,780,,,,,,,,,,,,,,,,,,,512,0.0006,,433648,19,,,,,,,,,,128,4,433648,3592,158,40,,,,,,,,,,,,,,,,,,,,31,,780,808,28,0,False,,,,,,,,,,,,,,,0.2157998750335537,,,,,,,,,,,,,
579.7718314169906,unswapping,,,,,,,,,,,,,,,,,,,,,,,,,,,,,,,,,,,,,,,,,,,,,,,128,4,433648,3592,158,40,0,both,0,20,20,0,0,,,,,0,,,,,,,,,,,,,,,,,,,,,,,,,,,,,,,,,,,,,,,,,,
582.0170309590176,unswapping,,,,,,,,,,,,,,,,,,,,,,,,,,,,,,,,,,,,,,,,,,,,,,,128,4,433648,3592,158,40,0,both,1,19,19,0,0,,,,,0,,,,,,,,,,,,,,,,,,,,,,,,,,,,,,,,,,,,,,,,,,
583.0926170000457,unswapping,,,,,,,,,,,,,,,,,,,,,,,,,,,,,,,,,,,,,,,,,,,,,,,128,4,433648,3592,158,40,0,left,0,20,20,0,0,,,,,0,,,,,,,,,,,,,,,,,,,,,,,,,,,,,,,,,,,,,,,,,,
584.1318728750339,unswapping,,,,,,,,,,,,,,,,,,,,,,,,,,,,,,,,,,,,,,,,,,,,,,,128,4,433648,3592,158,40,0,left,1,19,19,0,0,,,,,0,,,,,,,,,,,,,,,,,,,,,,,,,,,,,,,,,,,,,,,,,,
585.2353037089924,unswapping,,,,,,,,,,,,,,,,,,,,,,,,,,,,,,,,,,,,,,,,,,,,,,,128,4,433648,3592,158,40,0,right,0,20,20,0,0,,,,,0,,,,,,,,,,,,,,,,,,,,,,,,,,,,,,,,,,,,,,,,,,
586.2458919170313,unswapping,,,,,,,,,,,,,,,,,,,,,,,,,,,,,,,,,,,,,,,,,,,,,,,128,4,433648,3592,158,40,0,right,1,19,19,0,0,,,,,0,,,,,,,,,,,,,,,,,,,,,,,,,,,,,,,,,,,,,,,,,,
586.5257814170327,unswap_cycle_summary,,,,,,,,,,,,404,376,780,,,,,,,,,,,,,,,,,,,512,0.0006,,,,,,,,,,,,,128,4,433648,3592,158,40,,,,,,,,,,,,,,,,,,,,32,8.948383125010878,780,808,28,0,False,,,,,,,,,,,,,,,,,,,,,,,,,,,,
586.7431932089967,rewiring,right,post_unswap,0.17052354098996148,43,False,False,,,,,,,,,,,,,,,,,,,,,,,,,,,,,,,,,,,,,,,,,,,,,,,,,,,,,,,,,,,,,,,,,,32,,,,,,,50,False,0,4,bond_profile,8,False,1,1132,"(721, 128, 13, 8, 21, 117, 41)",0.0024373329360969365,0.16806004097452387,"[{'seed': 123, 'score': (751, 128, 13, 8, 21, 118, 41), 'num_layers': 41, 'total_swaps': 118, 'max_layer_swaps': 10, 'swap_only_layers': 21, 'work_layers': 20, 'unitary_layers': 20, 'first_work_layer': 0, 'leading_no_work_layers': 0, 'bond_profile_layers_scored': 8, 'bond_profile_total_cost': 751, 'bond_profile_max_cost': 128, 'bond_profile_gate_count': 13}, {'seed': 1132, 'score': (721, 128, 13, 8, 21, 117, 41), 'num_layers': 41, 'total_swaps': 117, 'max_layer_swaps': 10, 'swap_only_layers': 21, 'work_layers': 20, 'unitary_layers': 20, 'first_work_layer': 0, 'leading_no_work_layers': 0, 'bond_profile_layers_scored': 8, 'bond_profile_total_cost': 721, 'bond_profile_max_cost': 128, 'bond_profile_gate_count': 13}, {'seed': 2141, 'score': (751, 128, 13, 8, 21, 118, 42), 'num_layers': 42, 'total_swaps': 118, 'max_layer_swaps': 10, 'swap_only_layers': 21, 'work_layers': 21, 'unitary_layers': 21, 'first_work_layer': 0, 'leading_no_work_layers': 0, 'bond_profile_layers_scored': 8, 'bond_profile_total_cost': 751, 'bond_profile_max_cost': 128, 'bond_profile_gate_count': 13}, {'seed': 3150, 'score': (751, 128, 13, 8, 21, 118, 42), 'num_layers': 42, 'total_swaps': 118, 'max_layer_swaps': 10, 'swap_only_layers': 21, 'work_layers': 21, 'unitary_layers': 21, 'first_work_layer': 0, 'leading_no_work_layers': 0, 'bond_profile_layers_scored': 8, 'bond_profile_total_cost': 751, 'bond_profile_max_cost': 128, 'bond_profile_gate_count': 13}]",0.17051779199391603,0.17073637497378513,,,,,,,,,,,,,
586.7971550840302,cycle_progress,,,,,,,,,,,,404,376,780,,,,,,,,,,,,,,,,,,,512,0.0006,,433648,20,,,,,,,,,,128,4,433648,3592,158,40,,,,,,,,,,,,,,,,,,,,32,,780,808,28,0,False,,,,,,,,,,,,,,,0.17073637497378513,,,,,,,,,,,,,
590.0273377920385,unswapping,,,,,,,,,,,,,,,,,,,,,,,,,,,,,,,,,,,,,,,,,,,,,,,128,4,433648,3592,158,40,0,both,0,20,20,0,0,,,,,0,,,,,,,,,,,,,,,,,,,,,,,,,,,,,,,,,,,,,,,,,,
592.1240132499952,unswapping,,,,,,,,,,,,,,,,,,,,,,,,,,,,,,,,,,,,,,,,,,,,,,,128,4,433648,3592,158,40,0,both,1,19,19,0,0,,,,,0,,,,,,,,,,,,,,,,,,,,,,,,,,,,,,,,,,,,,,,,,,
593.1633175419993,unswapping,,,,,,,,,,,,,,,,,,,,,,,,,,,,,,,,,,,,,,,,,,,,,,,128,4,433648,3592,158,40,0,left,0,20,20,0,0,,,,,0,,,,,,,,,,,,,,,,,,,,,,,,,,,,,,,,,,,,,,,,,,
594.1546898340457,unswapping,,,,,,,,,,,,,,,,,,,,,,,,,,,,,,,,,,,,,,,,,,,,,,,128,4,433648,3592,158,40,0,left,1,19,19,0,0,,,,,0,,,,,,,,,,,,,,,,,,,,,,,,,,,,,,,,,,,,,,,,,,
595.299467792036,unswapping,,,,,,,,,,,,,,,,,,,,,,,,,,,,,,,,,,,,,,,,,,,,,,,128,4,433648,3592,158,40,0,right,0,20,20,0,0,,,,,0,,,,,,,,,,,,,,,,,,,,,,,,,,,,,,,,,,,,,,,,,,
596.2692222500336,unswapping,,,,,,,,,,,,,,,,,,,,,,,,,,,,,,,,,,,,,,,,,,,,,,,128,4,433648,3592,158,40,0,right,1,19,19,0,0,,,,,0,,,,,,,,,,,,,,,,,,,,,,,,,,,,,,,,,,,,,,,,,,
596.5471937500406,unswap_cycle_summary,,,,,,,,,,,,404,376,780,,,,,,,,,,,,,,,,,,,512,0.0006,,,,,,,,,,,,,128,4,433648,3592,158,40,,,,,,,,,,,,,,,,,,,,33,8.585318917001132,780,808,28,0,False,,,,,,,,,,,,,,,,,,,,,,,,,,,,
596.7743950000149,rewiring,right,post_unswap,0.18044891697354615,43,False,False,,,,,,,,,,,,,,,,,,,,,,,,,,,,,,,,,,,,,,,,,,,,,,,,,,,,,,,,,,,,,,,,,,33,,,,,,,50,False,0,4,bond_profile,8,False,1,1132,"(721, 128, 13, 8, 21, 117, 41)",0.0027070000069215894,0.1777135409647599,"[{'seed': 123, 'score': (751, 128, 13, 8, 21, 118, 41), 'num_layers': 41, 'total_swaps': 118, 'max_layer_swaps': 10, 'swap_only_layers': 21, 'work_layers': 20, 'unitary_layers': 20, 'first_work_layer': 0, 'leading_no_work_layers': 0, 'bond_profile_layers_scored': 8, 'bond_profile_total_cost': 751, 'bond_profile_max_cost': 128, 'bond_profile_gate_count': 13}, {'seed': 1132, 'score': (721, 128, 13, 8, 21, 117, 41), 'num_layers': 41, 'total_swaps': 117, 'max_layer_swaps': 10, 'swap_only_layers': 21, 'work_layers': 20, 'unitary_layers': 20, 'first_work_layer': 0, 'leading_no_work_layers': 0, 'bond_profile_layers_scored': 8, 'bond_profile_total_cost': 721, 'bond_profile_max_cost': 128, 'bond_profile_gate_count': 13}, {'seed': 2141, 'score': (751, 128, 13, 8, 21, 118, 42), 'num_layers': 42, 'total_swaps': 118, 'max_layer_swaps': 10, 'swap_only_layers': 21, 'work_layers': 21, 'unitary_layers': 21, 'first_work_layer': 0, 'leading_no_work_layers': 0, 'bond_profile_layers_scored': 8, 'bond_profile_total_cost': 751, 'bond_profile_max_cost': 128, 'bond_profile_gate_count': 13}, {'seed': 3150, 'score': (751, 128, 13, 8, 21, 118, 42), 'num_layers': 42, 'total_swaps': 118, 'max_layer_swaps': 10, 'swap_only_layers': 21, 'work_layers': 21, 'unitary_layers': 21, 'first_work_layer': 0, 'leading_no_work_layers': 0, 'bond_profile_layers_scored': 8, 'bond_profile_total_cost': 751, 'bond_profile_max_cost': 128, 'bond_profile_gate_count': 13}]",0.18044237501453608,0.18066091602668166,,,,,,,,,,,,,
596.8201202090131,cycle_progress,,,,,,,,,,,,404,376,780,,,,,,,,,,,,,,,,,,,512,0.0006,,433648,21,,,,,,,,,,128,4,433648,3592,158,40,,,,,,,,,,,,,,,,,,,,33,,780,808,28,0,False,,,,,,,,,,,,,,,0.18066091602668166,,,,,,,,,,,,,
600.1339835000108,unswapping,,,,,,,,,,,,,,,,,,,,,,,,,,,,,,,,,,,,,,,,,,,,,,,128,4,433648,3592,158,40,0,both,0,20,20,0,0,,,,,0,,,,,,,,,,,,,,,,,,,,,,,,,,,,,,,,,,,,,,,,,,
602.3160387499956,unswapping,,,,,,,,,,,,,,,,,,,,,,,,,,,,,,,,,,,,,,,,,,,,,,,128,4,433648,3592,158,40,0,both,1,19,19,0,0,,,,,0,,,,,,,,,,,,,,,,,,,,,,,,,,,,,,,,,,,,,,,,,,
603.4080879589892,unswapping,,,,,,,,,,,,,,,,,,,,,,,,,,,,,,,,,,,,,,,,,,,,,,,128,4,433648,3592,158,40,0,left,0,20,20,0,0,,,,,0,,,,,,,,,,,,,,,,,,,,,,,,,,,,,,,,,,,,,,,,,,
604.3845456670388,unswapping,,,,,,,,,,,,,,,,,,,,,,,,,,,,,,,,,,,,,,,,,,,,,,,128,4,433648,3592,158,40,0,left,1,19,19,0,0,,,,,0,,,,,,,,,,,,,,,,,,,,,,,,,,,,,,,,,,,,,,,,,,
605.5336146670161,unswapping,,,,,,,,,,,,,,,,,,,,,,,,,,,,,,,,,,,,,,,,,,,,,,,128,4,433648,3592,158,40,0,right,0,20,20,0,0,,,,,0,,,,,,,,,,,,,,,,,,,,,,,,,,,,,,,,,,,,,,,,,,
606.5445128750289,unswapping,,,,,,,,,,,,,,,,,,,,,,,,,,,,,,,,,,,,,,,,,,,,,,,128,4,433648,3592,158,40,0,right,1,19,19,0,0,,,,,0,,,,,,,,,,,,,,,,,,,,,,,,,,,,,,,,,,,,,,,,,,
606.830538084032,unswap_cycle_summary,,,,,,,,,,,,404,376,780,,,,,,,,,,,,,,,,,,,512,0.0006,,,,,,,,,,,,,128,4,433648,3592,158,40,,,,,,,,,,,,,,,,,,,,34,8.84742162504699,780,808,28,0,False,,,,,,,,,,,,,,,,,,,,,,,,,,,,
607.096630709013,rewiring,right,post_unswap,0.22030516702216119,43,False,False,,,,,,,,,,,,,,,,,,,,,,,,,,,,,,,,,,,,,,,,,,,,,,,,,,,,,,,,,,,,,,,,,,34,,,,,,,50,False,0,4,bond_profile,8,False,1,1132,"(721, 128, 13, 8, 21, 117, 41)",0.0025195410707965493,0.2177592499065213,"[{'seed': 123, 'score': (751, 128, 13, 8, 21, 118, 41), 'num_layers': 41, 'total_swaps': 118, 'max_layer_swaps': 10, 'swap_only_layers': 21, 'work_layers': 20, 'unitary_layers': 20, 'first_work_layer': 0, 'leading_no_work_layers': 0, 'bond_profile_layers_scored': 8, 'bond_profile_total_cost': 751, 'bond_profile_max_cost': 128, 'bond_profile_gate_count': 13}, {'seed': 1132, 'score': (721, 128, 13, 8, 21, 117, 41), 'num_layers': 41, 'total_swaps': 117, 'max_layer_swaps': 10, 'swap_only_layers': 21, 'work_layers': 20, 'unitary_layers': 20, 'first_work_layer': 0, 'leading_no_work_layers': 0, 'bond_profile_layers_scored': 8, 'bond_profile_total_cost': 721, 'bond_profile_max_cost': 128, 'bond_profile_gate_count': 13}, {'seed': 2141, 'score': (751, 128, 13, 8, 21, 118, 42), 'num_layers': 42, 'total_swaps': 118, 'max_layer_swaps': 10, 'swap_only_layers': 21, 'work_layers': 21, 'unitary_layers': 21, 'first_work_layer': 0, 'leading_no_work_layers': 0, 'bond_profile_layers_scored': 8, 'bond_profile_total_cost': 751, 'bond_profile_max_cost': 128, 'bond_profile_gate_count': 13}, {'seed': 3150, 'score': (751, 128, 13, 8, 21, 118, 42), 'num_layers': 42, 'total_swaps': 118, 'max_layer_swaps': 10, 'swap_only_layers': 21, 'work_layers': 21, 'unitary_layers': 21, 'first_work_layer': 0, 'leading_no_work_layers': 0, 'bond_profile_layers_scored': 8, 'bond_profile_total_cost': 751, 'bond_profile_max_cost': 128, 'bond_profile_gate_count': 13}]",0.22029845899669454,0.22049895802047104,,,,,,,,,,,,,
607.1416010000394,cycle_progress,,,,,,,,,,,,404,376,780,,,,,,,,,,,,,,,,,,,512,0.0006,,433648,22,,,,,,,,,,128,4,433648,3592,158,40,,,,,,,,,,,,,,,,,,,,34,,780,808,28,0,False,,,,,,,,,,,,,,,0.22049895802047104,,,,,,,,,,,,,
610.3594127499964,unswapping,,,,,,,,,,,,,,,,,,,,,,,,,,,,,,,,,,,,,,,,,,,,,,,128,4,433648,3592,158,40,0,both,0,20,20,0,0,,,,,0,,,,,,,,,,,,,,,,,,,,,,,,,,,,,,,,,,,,,,,,,,
612.5865702920128,unswapping,,,,,,,,,,,,,,,,,,,,,,,,,,,,,,,,,,,,,,,,,,,,,,,128,4,433648,3592,158,40,0,both,1,19,19,0,0,,,,,0,,,,,,,,,,,,,,,,,,,,,,,,,,,,,,,,,,,,,,,,,,
613.6628592089983,unswapping,,,,,,,,,,,,,,,,,,,,,,,,,,,,,,,,,,,,,,,,,,,,,,,128,4,433648,3592,158,40,0,left,0,20,20,0,0,,,,,0,,,,,,,,,,,,,,,,,,,,,,,,,,,,,,,,,,,,,,,,,,
614.7605735000107,unswapping,,,,,,,,,,,,,,,,,,,,,,,,,,,,,,,,,,,,,,,,,,,,,,,128,4,433648,3592,158,40,0,left,1,19,19,0,0,,,,,0,,,,,,,,,,,,,,,,,,,,,,,,,,,,,,,,,,,,,,,,,,
615.9538716670359,unswapping,,,,,,,,,,,,,,,,,,,,,,,,,,,,,,,,,,,,,,,,,,,,,,,128,4,433648,3592,158,40,0,right,0,20,20,0,0,,,,,0,,,,,,,,,,,,,,,,,,,,,,,,,,,,,,,,,,,,,,,,,,
616.9394229589961,unswapping,,,,,,,,,,,,,,,,,,,,,,,,,,,,,,,,,,,,,,,,,,,,,,,128,4,433648,3592,158,40,0,right,1,19,19,0,0,,,,,0,,,,,,,,,,,,,,,,,,,,,,,,,,,,,,,,,,,,,,,,,,
617.2177147500333,unswap_cycle_summary,,,,,,,,,,,,404,376,780,,,,,,,,,,,,,,,,,,,512,0.0006,,,,,,,,,,,,,128,4,433648,3592,158,40,,,,,,,,,,,,,,,,,,,,35,8.933964124997146,780,808,28,0,False,,,,,,,,,,,,,,,,,,,,,,,,,,,,
617.4202785420348,rewiring,right,post_unswap,0.15718470799038187,43,False,False,,,,,,,,,,,,,,,,,,,,,,,,,,,,,,,,,,,,,,,,,,,,,,,,,,,,,,,,,,,,,,,,,,35,,,,,,,50,False,0,4,bond_profile,8,False,1,1132,"(721, 128, 13, 8, 21, 117, 41)",0.0025013750419020653,0.15465616493020207,"[{'seed': 123, 'score': (751, 128, 13, 8, 21, 118, 41), 'num_layers': 41, 'total_swaps': 118, 'max_layer_swaps': 10, 'swap_only_layers': 21, 'work_layers': 20, 'unitary_layers': 20, 'first_work_layer': 0, 'leading_no_work_layers': 0, 'bond_profile_layers_scored': 8, 'bond_profile_total_cost': 751, 'bond_profile_max_cost': 128, 'bond_profile_gate_count': 13}, {'seed': 1132, 'score': (721, 128, 13, 8, 21, 117, 41), 'num_layers': 41, 'total_swaps': 117, 'max_layer_swaps': 10, 'swap_only_layers': 21, 'work_layers': 20, 'unitary_layers': 20, 'first_work_layer': 0, 'leading_no_work_layers': 0, 'bond_profile_layers_scored': 8, 'bond_profile_total_cost': 721, 'bond_profile_max_cost': 128, 'bond_profile_gate_count': 13}, {'seed': 2141, 'score': (751, 128, 13, 8, 21, 118, 42), 'num_layers': 42, 'total_swaps': 118, 'max_layer_swaps': 10, 'swap_only_layers': 21, 'work_layers': 21, 'unitary_layers': 21, 'first_work_layer': 0, 'leading_no_work_layers': 0, 'bond_profile_layers_scored': 8, 'bond_profile_total_cost': 751, 'bond_profile_max_cost': 128, 'bond_profile_gate_count': 13}, {'seed': 3150, 'score': (751, 128, 13, 8, 21, 118, 42), 'num_layers': 42, 'total_swaps': 118, 'max_layer_swaps': 10, 'swap_only_layers': 21, 'work_layers': 21, 'unitary_layers': 21, 'first_work_layer': 0, 'leading_no_work_layers': 0, 'bond_profile_layers_scored': 8, 'bond_profile_total_cost': 751, 'bond_profile_max_cost': 128, 'bond_profile_gate_count': 13}]",0.15717816696269438,0.15738866600440815,,,,,,,,,,,,,
617.4656320420327,cycle_progress,,,,,,,,,,,,404,376,780,,,,,,,,,,,,,,,,,,,512,0.0006,,433648,23,,,,,,,,,,128,4,433648,3592,158,40,,,,,,,,,,,,,,,,,,,,35,,780,808,28,0,False,,,,,,,,,,,,,,,0.15738866600440815,,,,,,,,,,,,,
620.7498768750229,unswapping,,,,,,,,,,,,,,,,,,,,,,,,,,,,,,,,,,,,,,,,,,,,,,,128,4,433648,3592,158,40,0,both,0,20,20,0,0,,,,,0,,,,,,,,,,,,,,,,,,,,,,,,,,,,,,,,,,,,,,,,,,
623.0336297090398,unswapping,,,,,,,,,,,,,,,,,,,,,,,,,,,,,,,,,,,,,,,,,,,,,,,128,4,433648,3592,158,40,0,both,1,19,19,0,0,,,,,0,,,,,,,,,,,,,,,,,,,,,,,,,,,,,,,,,,,,,,,,,,
624.1781442920328,unswapping,,,,,,,,,,,,,,,,,,,,,,,,,,,,,,,,,,,,,,,,,,,,,,,128,4,433648,3592,158,40,0,left,0,20,20,0,0,,,,,0,,,,,,,,,,,,,,,,,,,,,,,,,,,,,,,,,,,,,,,,,,
625.2436668340233,unswapping,,,,,,,,,,,,,,,,,,,,,,,,,,,,,,,,,,,,,,,,,,,,,,,128,4,433648,3592,158,40,0,left,1,19,19,0,0,,,,,0,,,,,,,,,,,,,,,,,,,,,,,,,,,,,,,,,,,,,,,,,,
626.3826539170113,unswapping,,,,,,,,,,,,,,,,,,,,,,,,,,,,,,,,,,,,,,,,,,,,,,,128,4,433648,3592,158,40,0,right,0,20,20,0,0,,,,,0,,,,,,,,,,,,,,,,,,,,,,,,,,,,,,,,,,,,,,,,,,
627.3736828750116,unswapping,,,,,,,,,,,,,,,,,,,,,,,,,,,,,,,,,,,,,,,,,,,,,,,128,4,433648,3592,158,40,0,right,1,19,19,0,0,,,,,0,,,,,,,,,,,,,,,,,,,,,,,,,,,,,,,,,,,,,,,,,,
627.6512236249982,unswap_cycle_summary,,,,,,,,,,,,404,376,780,,,,,,,,,,,,,,,,,,,512,0.0006,,,,,,,,,,,,,128,4,433648,3592,158,40,,,,,,,,,,,,,,,,,,,,36,9.026493083045352,780,808,28,0,False,,,,,,,,,,,,,,,,,,,,,,,,,,,,
627.8446607500082,rewiring,right,post_unswap,0.14801879099104553,43,False,False,,,,,,,,,,,,,,,,,,,,,,,,,,,,,,,,,,,,,,,,,,,,,,,,,,,,,,,,,,,,,,,,,,36,,,,,,,50,False,0,4,bond_profile,8,False,1,1132,"(721, 128, 13, 8, 21, 117, 41)",0.0029418329941108823,0.14504820900037885,"[{'seed': 123, 'score': (751, 128, 13, 8, 21, 118, 41), 'num_layers': 41, 'total_swaps': 118, 'max_layer_swaps': 10, 'swap_only_layers': 21, 'work_layers': 20, 'unitary_layers': 20, 'first_work_layer': 0, 'leading_no_work_layers': 0, 'bond_profile_layers_scored': 8, 'bond_profile_total_cost': 751, 'bond_profile_max_cost': 128, 'bond_profile_gate_count': 13}, {'seed': 1132, 'score': (721, 128, 13, 8, 21, 117, 41), 'num_layers': 41, 'total_swaps': 117, 'max_layer_swaps': 10, 'swap_only_layers': 21, 'work_layers': 20, 'unitary_layers': 20, 'first_work_layer': 0, 'leading_no_work_layers': 0, 'bond_profile_layers_scored': 8, 'bond_profile_total_cost': 721, 'bond_profile_max_cost': 128, 'bond_profile_gate_count': 13}, {'seed': 2141, 'score': (751, 128, 13, 8, 21, 118, 42), 'num_layers': 42, 'total_swaps': 118, 'max_layer_swaps': 10, 'swap_only_layers': 21, 'work_layers': 21, 'unitary_layers': 21, 'first_work_layer': 0, 'leading_no_work_layers': 0, 'bond_profile_layers_scored': 8, 'bond_profile_total_cost': 751, 'bond_profile_max_cost': 128, 'bond_profile_gate_count': 13}, {'seed': 3150, 'score': (751, 128, 13, 8, 21, 118, 42), 'num_layers': 42, 'total_swaps': 118, 'max_layer_swaps': 10, 'swap_only_layers': 21, 'work_layers': 21, 'unitary_layers': 21, 'first_work_layer': 0, 'leading_no_work_layers': 0, 'bond_profile_layers_scored': 8, 'bond_profile_total_cost': 751, 'bond_profile_max_cost': 128, 'bond_profile_gate_count': 13}]",0.14801212499151006,0.14822466601617634,,,,,,,,,,,,,
627.8921432920033,cycle_progress,,,,,,,,,,,,404,376,780,,,,,,,,,,,,,,,,,,,512,0.0006,,433648,24,,,,,,,,,,128,4,433648,3592,158,40,,,,,,,,,,,,,,,,,,,,36,,780,808,28,0,False,,,,,,,,,,,,,,,0.14822466601617634,,,,,,,,,,,,,
630.8684368340182,unswapping,,,,,,,,,,,,,,,,,,,,,,,,,,,,,,,,,,,,,,,,,,,,,,,128,4,433648,3592,158,40,0,both,0,20,20,0,0,,,,,0,,,,,,,,,,,,,,,,,,,,,,,,,,,,,,,,,,,,,,,,,,
632.5799551670207,unswapping,,,,,,,,,,,,,,,,,,,,,,,,,,,,,,,,,,,,,,,,,,,,,,,128,4,433648,3592,158,40,0,both,1,19,19,0,0,,,,,0,,,,,,,,,,,,,,,,,,,,,,,,,,,,,,,,,,,,,,,,,,
633.4644099170109,unswapping,,,,,,,,,,,,,,,,,,,,,,,,,,,,,,,,,,,,,,,,,,,,,,,128,4,433648,3592,158,40,0,left,0,20,20,0,0,,,,,0,,,,,,,,,,,,,,,,,,,,,,,,,,,,,,,,,,,,,,,,,,
634.2673787090462,unswapping,,,,,,,,,,,,,,,,,,,,,,,,,,,,,,,,,,,,,,,,,,,,,,,128,4,433648,3592,158,40,0,left,1,19,19,0,0,,,,,0,,,,,,,,,,,,,,,,,,,,,,,,,,,,,,,,,,,,,,,,,,
635.2165116670076,unswapping,,,,,,,,,,,,,,,,,,,,,,,,,,,,,,,,,,,,,,,,,,,,,,,128,4,433648,3592,158,40,0,right,0,20,20,0,0,,,,,0,,,,,,,,,,,,,,,,,,,,,,,,,,,,,,,,,,,,,,,,,,
636.0961664170027,unswapping,,,,,,,,,,,,,,,,,,,,,,,,,,,,,,,,,,,,,,,,,,,,,,,128,4,433648,3592,158,40,0,right,1,19,19,0,0,,,,,0,,,,,,,,,,,,,,,,,,,,,,,,,,,,,,,,,,,,,,,,,,
636.3794331669924,unswap_cycle_summary,,,,,,,,,,,,404,376,780,,,,,,,,,,,,,,,,,,,512,0.0006,,,,,,,,,,,,,128,4,433648,3592,158,40,,,,,,,,,,,,,,,,,,,,37,7.342641542025376,780,808,28,0,False,,,,,,,,,,,,,,,,,,,,,,,,,,,,
636.6716552500147,rewiring,right,post_unswap,0.2449173749773763,43,False,False,,,,,,,,,,,,,,,,,,,,,,,,,,,,,,,,,,,,,,,,,,,,,,,,,,,,,,,,,,,,,,,,,,37,,,,,,,50,False,0,4,bond_profile,8,False,1,1132,"(721, 128, 13, 8, 21, 117, 41)",0.0027102919411845505,0.24217716604471207,"[{'seed': 123, 'score': (751, 128, 13, 8, 21, 118, 41), 'num_layers': 41, 'total_swaps': 118, 'max_layer_swaps': 10, 'swap_only_layers': 21, 'work_layers': 20, 'unitary_layers': 20, 'first_work_layer': 0, 'leading_no_work_layers': 0, 'bond_profile_layers_scored': 8, 'bond_profile_total_cost': 751, 'bond_profile_max_cost': 128, 'bond_profile_gate_count': 13}, {'seed': 1132, 'score': (721, 128, 13, 8, 21, 117, 41), 'num_layers': 41, 'total_swaps': 117, 'max_layer_swaps': 10, 'swap_only_layers': 21, 'work_layers': 20, 'unitary_layers': 20, 'first_work_layer': 0, 'leading_no_work_layers': 0, 'bond_profile_layers_scored': 8, 'bond_profile_total_cost': 721, 'bond_profile_max_cost': 128, 'bond_profile_gate_count': 13}, {'seed': 2141, 'score': (751, 128, 13, 8, 21, 118, 42), 'num_layers': 42, 'total_swaps': 118, 'max_layer_swaps': 10, 'swap_only_layers': 21, 'work_layers': 21, 'unitary_layers': 21, 'first_work_layer': 0, 'leading_no_work_layers': 0, 'bond_profile_layers_scored': 8, 'bond_profile_total_cost': 751, 'bond_profile_max_cost': 128, 'bond_profile_gate_count': 13}, {'seed': 3150, 'score': (751, 128, 13, 8, 21, 118, 42), 'num_layers': 42, 'total_swaps': 118, 'max_layer_swaps': 10, 'swap_only_layers': 21, 'work_layers': 21, 'unitary_layers': 21, 'first_work_layer': 0, 'leading_no_work_layers': 0, 'bond_profile_layers_scored': 8, 'bond_profile_total_cost': 751, 'bond_profile_max_cost': 128, 'bond_profile_gate_count': 13}]",0.24490991700440645,0.24514983303379267,,,,,,,,,,,,,
636.7181154590216,cycle_progress,,,,,,,,,,,,404,376,780,,,,,,,,,,,,,,,,,,,512,0.0006,,433648,25,,,,,,,,,,128,4,433648,3592,158,40,,,,,,,,,,,,,,,,,,,,37,,780,808,28,0,False,,,,,,,,,,,,,,,0.24514983303379267,,,,,,,,,,,,,
639.4962730840198,unswapping,,,,,,,,,,,,,,,,,,,,,,,,,,,,,,,,,,,,,,,,,,,,,,,128,4,433648,3592,158,40,0,both,0,20,20,0,0,,,,,0,,,,,,,,,,,,,,,,,,,,,,,,,,,,,,,,,,,,,,,,,,
641.173829959007,unswapping,,,,,,,,,,,,,,,,,,,,,,,,,,,,,,,,,,,,,,,,,,,,,,,128,4,433648,3592,158,40,0,both,1,19,19,0,0,,,,,0,,,,,,,,,,,,,,,,,,,,,,,,,,,,,,,,,,,,,,,,,,
642.1174007920199,unswapping,,,,,,,,,,,,,,,,,,,,,,,,,,,,,,,,,,,,,,,,,,,,,,,128,4,433648,3592,158,40,0,left,0,20,20,0,0,,,,,0,,,,,,,,,,,,,,,,,,,,,,,,,,,,,,,,,,,,,,,,,,
642.9835954169976,unswapping,,,,,,,,,,,,,,,,,,,,,,,,,,,,,,,,,,,,,,,,,,,,,,,128,4,433648,3592,158,40,0,left,1,19,19,0,0,,,,,0,,,,,,,,,,,,,,,,,,,,,,,,,,,,,,,,,,,,,,,,,,
643.9037325420068,unswapping,,,,,,,,,,,,,,,,,,,,,,,,,,,,,,,,,,,,,,,,,,,,,,,128,4,433648,3592,158,40,0,right,0,20,20,0,0,,,,,0,,,,,,,,,,,,,,,,,,,,,,,,,,,,,,,,,,,,,,,,,,
644.7565535420435,unswapping,,,,,,,,,,,,,,,,,,,,,,,,,,,,,,,,,,,,,,,,,,,,,,,128,4,433648,3592,158,40,0,right,1,19,19,0,0,,,,,0,,,,,,,,,,,,,,,,,,,,,,,,,,,,,,,,,,,,,,,,,,
645.0432518750313,unswap_cycle_summary,,,,,,,,,,,,404,376,780,,,,,,,,,,,,,,,,,,,512,0.0006,,,,,,,,,,,,,128,4,433648,3592,158,40,,,,,,,,,,,,,,,,,,,,38,7.28467008296866,780,808,28,0,False,,,,,,,,,,,,,,,,,,,,,,,,,,,,
645.2376098340028,rewiring,right,post_unswap,0.1480372090009041,43,False,False,,,,,,,,,,,,,,,,,,,,,,,,,,,,,,,,,,,,,,,,,,,,,,,,,,,,,,,,,,,,,,,,,,38,,,,,,,50,False,0,4,bond_profile,8,False,1,1132,"(721, 128, 13, 8, 21, 117, 41)",0.0025406659697182477,0.14546908205375075,"[{'seed': 123, 'score': (751, 128, 13, 8, 21, 118, 41), 'num_layers': 41, 'total_swaps': 118, 'max_layer_swaps': 10, 'swap_only_layers': 21, 'work_layers': 20, 'unitary_layers': 20, 'first_work_layer': 0, 'leading_no_work_layers': 0, 'bond_profile_layers_scored': 8, 'bond_profile_total_cost': 751, 'bond_profile_max_cost': 128, 'bond_profile_gate_count': 13}, {'seed': 1132, 'score': (721, 128, 13, 8, 21, 117, 41), 'num_layers': 41, 'total_swaps': 117, 'max_layer_swaps': 10, 'swap_only_layers': 21, 'work_layers': 20, 'unitary_layers': 20, 'first_work_layer': 0, 'leading_no_work_layers': 0, 'bond_profile_layers_scored': 8, 'bond_profile_total_cost': 721, 'bond_profile_max_cost': 128, 'bond_profile_gate_count': 13}, {'seed': 2141, 'score': (751, 128, 13, 8, 21, 118, 42), 'num_layers': 42, 'total_swaps': 118, 'max_layer_swaps': 10, 'swap_only_layers': 21, 'work_layers': 21, 'unitary_layers': 21, 'first_work_layer': 0, 'leading_no_work_layers': 0, 'bond_profile_layers_scored': 8, 'bond_profile_total_cost': 751, 'bond_profile_max_cost': 128, 'bond_profile_gate_count': 13}, {'seed': 3150, 'score': (751, 128, 13, 8, 21, 118, 42), 'num_layers': 42, 'total_swaps': 118, 'max_layer_swaps': 10, 'swap_only_layers': 21, 'work_layers': 21, 'unitary_layers': 21, 'first_work_layer': 0, 'leading_no_work_layers': 0, 'bond_profile_layers_scored': 8, 'bond_profile_total_cost': 751, 'bond_profile_max_cost': 128, 'bond_profile_gate_count': 13}]",0.1480305829900317,0.14823737501865253,,,,,,,,,,,,,
645.2890371250105,cycle_progress,,,,,,,,,,,,404,376,780,,,,,,,,,,,,,,,,,,,512,0.0006,,433648,26,,,,,,,,,,128,4,433648,3592,158,40,,,,,,,,,,,,,,,,,,,,38,,780,808,28,0,False,,,,,,,,,,,,,,,0.14823737501865253,,,,,,,,,,,,,
648.3936551670195,unswapping,,,,,,,,,,,,,,,,,,,,,,,,,,,,,,,,,,,,,,,,,,,,,,,128,4,433648,3592,158,40,0,both,0,20,20,0,0,,,,,0,,,,,,,,,,,,,,,,,,,,,,,,,,,,,,,,,,,,,,,,,,
650.321240624995,unswapping,,,,,,,,,,,,,,,,,,,,,,,,,,,,,,,,,,,,,,,,,,,,,,,128,4,433648,3592,158,40,0,both,1,19,19,0,0,,,,,0,,,,,,,,,,,,,,,,,,,,,,,,,,,,,,,,,,,,,,,,,,
651.2874715420185,unswapping,,,,,,,,,,,,,,,,,,,,,,,,,,,,,,,,,,,,,,,,,,,,,,,128,4,433648,3592,158,40,0,left,0,20,20,0,0,,,,,0,,,,,,,,,,,,,,,,,,,,,,,,,,,,,,,,,,,,,,,,,,
652.2207167500164,unswapping,,,,,,,,,,,,,,,,,,,,,,,,,,,,,,,,,,,,,,,,,,,,,,,128,4,433648,3592,158,40,0,left,1,19,19,0,0,,,,,0,,,,,,,,,,,,,,,,,,,,,,,,,,,,,,,,,,,,,,,,,,
653.2431630000356,unswapping,,,,,,,,,,,,,,,,,,,,,,,,,,,,,,,,,,,,,,,,,,,,,,,128,4,433648,3592,158,40,0,right,0,20,20,0,0,,,,,0,,,,,,,,,,,,,,,,,,,,,,,,,,,,,,,,,,,,,,,,,,
654.1633091670228,unswapping,,,,,,,,,,,,,,,,,,,,,,,,,,,,,,,,,,,,,,,,,,,,,,,128,4,433648,3592,158,40,0,right,1,19,19,0,0,,,,,0,,,,,,,,,,,,,,,,,,,,,,,,,,,,,,,,,,,,,,,,,,
654.4579553750227,unswap_cycle_summary,,,,,,,,,,,,404,376,780,,,,,,,,,,,,,,,,,,,512,0.0006,,,,,,,,,,,,,128,4,433648,3592,158,40,,,,,,,,,,,,,,,,,,,,39,8.024460583052132,780,808,28,0,False,,,,,,,,,,,,,,,,,,,,,,,,,,,,
654.6586508750333,rewiring,right,post_unswap,0.15404037496773526,43,False,False,,,,,,,,,,,,,,,,,,,,,,,,,,,,,,,,,,,,,,,,,,,,,,,,,,,,,,,,,,,,,,,,,,39,,,,,,,50,False,0,4,bond_profile,8,False,1,1132,"(721, 128, 13, 8, 21, 117, 41)",0.00258050108095631,0.15143466705922037,"[{'seed': 123, 'score': (751, 128, 13, 8, 21, 118, 41), 'num_layers': 41, 'total_swaps': 118, 'max_layer_swaps': 10, 'swap_only_layers': 21, 'work_layers': 20, 'unitary_layers': 20, 'first_work_layer': 0, 'leading_no_work_layers': 0, 'bond_profile_layers_scored': 8, 'bond_profile_total_cost': 751, 'bond_profile_max_cost': 128, 'bond_profile_gate_count': 13}, {'seed': 1132, 'score': (721, 128, 13, 8, 21, 117, 41), 'num_layers': 41, 'total_swaps': 117, 'max_layer_swaps': 10, 'swap_only_layers': 21, 'work_layers': 20, 'unitary_layers': 20, 'first_work_layer': 0, 'leading_no_work_layers': 0, 'bond_profile_layers_scored': 8, 'bond_profile_total_cost': 721, 'bond_profile_max_cost': 128, 'bond_profile_gate_count': 13}, {'seed': 2141, 'score': (751, 128, 13, 8, 21, 118, 42), 'num_layers': 42, 'total_swaps': 118, 'max_layer_swaps': 10, 'swap_only_layers': 21, 'work_layers': 21, 'unitary_layers': 21, 'first_work_layer': 0, 'leading_no_work_layers': 0, 'bond_profile_layers_scored': 8, 'bond_profile_total_cost': 751, 'bond_profile_max_cost': 128, 'bond_profile_gate_count': 13}, {'seed': 3150, 'score': (751, 128, 13, 8, 21, 118, 42), 'num_layers': 42, 'total_swaps': 118, 'max_layer_swaps': 10, 'swap_only_layers': 21, 'work_layers': 21, 'unitary_layers': 21, 'first_work_layer': 0, 'leading_no_work_layers': 0, 'bond_profile_layers_scored': 8, 'bond_profile_total_cost': 751, 'bond_profile_max_cost': 128, 'bond_profile_gate_count': 13}]",0.1540348330163397,0.1542486660182476,,,,,,,,,,,,,
654.7065909170196,cycle_progress,,,,,,,,,,,,404,376,780,,,,,,,,,,,,,,,,,,,512,0.0006,,433648,27,,,,,,,,,,128,4,433648,3592,158,40,,,,,,,,,,,,,,,,,,,,39,,780,808,28,0,False,,,,,,,,,,,,,,,0.1542486660182476,,,,,,,,,,,,,
657.6589050420444,unswapping,,,,,,,,,,,,,,,,,,,,,,,,,,,,,,,,,,,,,,,,,,,,,,,128,4,433648,3592,158,40,0,both,0,20,20,0,0,,,,,0,,,,,,,,,,,,,,,,,,,,,,,,,,,,,,,,,,,,,,,,,,
659.622559334035,unswapping,,,,,,,,,,,,,,,,,,,,,,,,,,,,,,,,,,,,,,,,,,,,,,,128,4,433648,3592,158,40,0,both,1,19,19,0,0,,,,,0,,,,,,,,,,,,,,,,,,,,,,,,,,,,,,,,,,,,,,,,,,
660.6319540000404,unswapping,,,,,,,,,,,,,,,,,,,,,,,,,,,,,,,,,,,,,,,,,,,,,,,128,4,433648,3592,158,40,0,left,0,20,20,0,0,,,,,0,,,,,,,,,,,,,,,,,,,,,,,,,,,,,,,,,,,,,,,,,,
661.5955534999957,unswapping,,,,,,,,,,,,,,,,,,,,,,,,,,,,,,,,,,,,,,,,,,,,,,,128,4,433648,3592,158,40,0,left,1,19,19,0,0,,,,,0,,,,,,,,,,,,,,,,,,,,,,,,,,,,,,,,,,,,,,,,,,
662.664321334043,unswapping,,,,,,,,,,,,,,,,,,,,,,,,,,,,,,,,,,,,,,,,,,,,,,,128,4,433648,3592,158,40,0,right,0,20,20,0,0,,,,,0,,,,,,,,,,,,,,,,,,,,,,,,,,,,,,,,,,,,,,,,,,
663.5320197500405,unswapping,,,,,,,,,,,,,,,,,,,,,,,,,,,,,,,,,,,,,,,,,,,,,,,128,4,433648,3592,158,40,0,right,1,19,19,0,0,,,,,0,,,,,,,,,,,,,,,,,,,,,,,,,,,,,,,,,,,,,,,,,,
663.8191903340048,unswap_cycle_summary,,,,,,,,,,,,404,376,780,,,,,,,,,,,,,,,,,,,512,0.0006,,,,,,,,,,,,,128,4,433648,3592,158,40,,,,,,,,,,,,,,,,,,,,40,8.0363920420059,780,808,28,0,False,,,,,,,,,,,,,,,,,,,,,,,,,,,,
664.0865475420142,rewiring,right,post_unswap,0.21803649998037145,43,False,False,,,,,,,,,,,,,,,,,,,,,,,,,,,,,,,,,,,,,,,,,,,,,,,,,,,,,,,,,,,,,,,,,,40,,,,,,,50,False,0,4,bond_profile,8,False,1,1132,"(721, 128, 13, 8, 21, 117, 41)",0.002443332050461322,0.21556795900687575,"[{'seed': 123, 'score': (751, 128, 13, 8, 21, 118, 41), 'num_layers': 41, 'total_swaps': 118, 'max_layer_swaps': 10, 'swap_only_layers': 21, 'work_layers': 20, 'unitary_layers': 20, 'first_work_layer': 0, 'leading_no_work_layers': 0, 'bond_profile_layers_scored': 8, 'bond_profile_total_cost': 751, 'bond_profile_max_cost': 128, 'bond_profile_gate_count': 13}, {'seed': 1132, 'score': (721, 128, 13, 8, 21, 117, 41), 'num_layers': 41, 'total_swaps': 117, 'max_layer_swaps': 10, 'swap_only_layers': 21, 'work_layers': 20, 'unitary_layers': 20, 'first_work_layer': 0, 'leading_no_work_layers': 0, 'bond_profile_layers_scored': 8, 'bond_profile_total_cost': 721, 'bond_profile_max_cost': 128, 'bond_profile_gate_count': 13}, {'seed': 2141, 'score': (751, 128, 13, 8, 21, 118, 42), 'num_layers': 42, 'total_swaps': 118, 'max_layer_swaps': 10, 'swap_only_layers': 21, 'work_layers': 21, 'unitary_layers': 21, 'first_work_layer': 0, 'leading_no_work_layers': 0, 'bond_profile_layers_scored': 8, 'bond_profile_total_cost': 751, 'bond_profile_max_cost': 128, 'bond_profile_gate_count': 13}, {'seed': 3150, 'score': (751, 128, 13, 8, 21, 118, 42), 'num_layers': 42, 'total_swaps': 118, 'max_layer_swaps': 10, 'swap_only_layers': 21, 'work_layers': 21, 'unitary_layers': 21, 'first_work_layer': 0, 'leading_no_work_layers': 0, 'bond_profile_layers_scored': 8, 'bond_profile_total_cost': 751, 'bond_profile_max_cost': 128, 'bond_profile_gate_count': 13}]",0.21803074999479577,0.21824762498727068,,,,,,,,,,,,,
664.1338806670392,cycle_progress,,,,,,,,,,,,404,376,780,,,,,,,,,,,,,,,,,,,512,0.0006,,433648,28,,,,,,,,,,128,4,433648,3592,158,40,,,,,,,,,,,,,,,,,,,,40,,780,808,28,0,False,,,,,,,,,,,,,,,0.21824762498727068,,,,,,,,,,,,,
667.0050319170114,unswapping,,,,,,,,,,,,,,,,,,,,,,,,,,,,,,,,,,,,,,,,,,,,,,,128,4,433648,3592,158,40,0,both,0,20,20,0,0,,,,,0,,,,,,,,,,,,,,,,,,,,,,,,,,,,,,,,,,,,,,,,,,
668.9237087920192,unswapping,,,,,,,,,,,,,,,,,,,,,,,,,,,,,,,,,,,,,,,,,,,,,,,128,4,433648,3592,158,40,0,both,1,19,19,0,0,,,,,0,,,,,,,,,,,,,,,,,,,,,,,,,,,,,,,,,,,,,,,,,,
669.8882654590416,unswapping,,,,,,,,,,,,,,,,,,,,,,,,,,,,,,,,,,,,,,,,,,,,,,,128,4,433648,3592,158,40,0,left,0,20,20,0,0,,,,,0,,,,,,,,,,,,,,,,,,,,,,,,,,,,,,,,,,,,,,,,,,
670.8319112500176,unswapping,,,,,,,,,,,,,,,,,,,,,,,,,,,,,,,,,,,,,,,,,,,,,,,128,4,433648,3592,158,40,0,left,1,19,19,0,0,,,,,0,,,,,,,,,,,,,,,,,,,,,,,,,,,,,,,,,,,,,,,,,,
671.8338255000417,unswapping,,,,,,,,,,,,,,,,,,,,,,,,,,,,,,,,,,,,,,,,,,,,,,,128,4,433648,3592,158,40,0,right,0,20,20,0,0,,,,,0,,,,,,,,,,,,,,,,,,,,,,,,,,,,,,,,,,,,,,,,,,
672.708002792031,unswapping,,,,,,,,,,,,,,,,,,,,,,,,,,,,,,,,,,,,,,,,,,,,,,,128,4,433648,3592,158,40,0,right,1,19,19,0,0,,,,,0,,,,,,,,,,,,,,,,,,,,,,,,,,,,,,,,,,,,,,,,,,
672.9903551670141,unswap_cycle_summary,,,,,,,,,,,,404,376,780,,,,,,,,,,,,,,,,,,,512,0.0006,,,,,,,,,,,,,128,4,433648,3592,158,40,,,,,,,,,,,,,,,,,,,,41,7.8304075410123914,780,808,28,0,False,,,,,,,,,,,,,,,,,,,,,,,,,,,,
673.2246603340027,rewiring,right,post_unswap,0.1752598750172183,43,False,False,,,,,,,,,,,,,,,,,,,,,,,,,,,,,,,,,,,,,,,,,,,,,,,,,,,,,,,,,,,,,,,,,,41,,,,,,,50,False,0,4,bond_profile,8,False,1,1132,"(721, 128, 13, 8, 21, 117, 41)",0.0027367929578758776,0.1724967070040293,"[{'seed': 123, 'score': (751, 128, 13, 8, 21, 118, 41), 'num_layers': 41, 'total_swaps': 118, 'max_layer_swaps': 10, 'swap_only_layers': 21, 'work_layers': 20, 'unitary_layers': 20, 'first_work_layer': 0, 'leading_no_work_layers': 0, 'bond_profile_layers_scored': 8, 'bond_profile_total_cost': 751, 'bond_profile_max_cost': 128, 'bond_profile_gate_count': 13}, {'seed': 1132, 'score': (721, 128, 13, 8, 21, 117, 41), 'num_layers': 41, 'total_swaps': 117, 'max_layer_swaps': 10, 'swap_only_layers': 21, 'work_layers': 20, 'unitary_layers': 20, 'first_work_layer': 0, 'leading_no_work_layers': 0, 'bond_profile_layers_scored': 8, 'bond_profile_total_cost': 721, 'bond_profile_max_cost': 128, 'bond_profile_gate_count': 13}, {'seed': 2141, 'score': (751, 128, 13, 8, 21, 118, 42), 'num_layers': 42, 'total_swaps': 118, 'max_layer_swaps': 10, 'swap_only_layers': 21, 'work_layers': 21, 'unitary_layers': 21, 'first_work_layer': 0, 'leading_no_work_layers': 0, 'bond_profile_layers_scored': 8, 'bond_profile_total_cost': 751, 'bond_profile_max_cost': 128, 'bond_profile_gate_count': 13}, {'seed': 3150, 'score': (751, 128, 13, 8, 21, 118, 42), 'num_layers': 42, 'total_swaps': 118, 'max_layer_swaps': 10, 'swap_only_layers': 21, 'work_layers': 21, 'unitary_layers': 21, 'first_work_layer': 0, 'leading_no_work_layers': 0, 'bond_profile_layers_scored': 8, 'bond_profile_total_cost': 751, 'bond_profile_max_cost': 128, 'bond_profile_gate_count': 13}]",0.1752537089632824,0.1756674579810351,,,,,,,,,,,,,
673.2731292500393,cycle_progress,,,,,,,,,,,,404,376,780,,,,,,,,,,,,,,,,,,,512,0.0006,,433648,29,,,,,,,,,,128,4,433648,3592,158,40,,,,,,,,,,,,,,,,,,,,41,,780,808,28,0,False,,,,,,,,,,,,,,,0.1756674579810351,,,,,,,,,,,,,
676.117260125,unswapping,,,,,,,,,,,,,,,,,,,,,,,,,,,,,,,,,,,,,,,,,,,,,,,128,4,433648,3592,158,40,0,both,0,20,20,0,0,,,,,0,,,,,,,,,,,,,,,,,,,,,,,,,,,,,,,,,,,,,,,,,,
678.0857137500425,unswapping,,,,,,,,,,,,,,,,,,,,,,,,,,,,,,,,,,,,,,,,,,,,,,,128,4,433648,3592,158,40,0,both,1,19,19,0,0,,,,,0,,,,,,,,,,,,,,,,,,,,,,,,,,,,,,,,,,,,,,,,,,
679.0623079169891,unswapping,,,,,,,,,,,,,,,,,,,,,,,,,,,,,,,,,,,,,,,,,,,,,,,128,4,433648,3592,158,40,0,left,0,20,20,0,0,,,,,0,,,,,,,,,,,,,,,,,,,,,,,,,,,,,,,,,,,,,,,,,,
679.9499734170386,unswapping,,,,,,,,,,,,,,,,,,,,,,,,,,,,,,,,,,,,,,,,,,,,,,,128,4,433648,3592,158,40,0,left,1,19,19,0,0,,,,,0,,,,,,,,,,,,,,,,,,,,,,,,,,,,,,,,,,,,,,,,,,
680.898721042031,unswapping,,,,,,,,,,,,,,,,,,,,,,,,,,,,,,,,,,,,,,,,,,,,,,,128,4,433648,3592,158,40,0,right,0,20,20,0,0,,,,,0,,,,,,,,,,,,,,,,,,,,,,,,,,,,,,,,,,,,,,,,,,
681.7046965840273,unswapping,,,,,,,,,,,,,,,,,,,,,,,,,,,,,,,,,,,,,,,,,,,,,,,128,4,433648,3592,158,40,0,right,1,19,19,0,0,,,,,0,,,,,,,,,,,,,,,,,,,,,,,,,,,,,,,,,,,,,,,,,,
681.9890712500201,unswap_cycle_summary,,,,,,,,,,,,404,376,780,,,,,,,,,,,,,,,,,,,512,0.0006,,,,,,,,,,,,,128,4,433648,3592,158,40,,,,,,,,,,,,,,,,,,,,42,7.698963541013654,780,808,28,0,False,,,,,,,,,,,,,,,,,,,,,,,,,,,,
682.1720601670095,rewiring,right,post_unswap,0.13639225001679733,43,False,False,,,,,,,,,,,,,,,,,,,,,,,,,,,,,,,,,,,,,,,,,,,,,,,,,,,,,,,,,,,,,,,,,,42,,,,,,,50,False,0,4,bond_profile,8,False,1,1132,"(721, 128, 13, 8, 21, 117, 41)",0.0025387920904904604,0.1338287079706788,"[{'seed': 123, 'score': (751, 128, 13, 8, 21, 118, 41), 'num_layers': 41, 'total_swaps': 118, 'max_layer_swaps': 10, 'swap_only_layers': 21, 'work_layers': 20, 'unitary_layers': 20, 'first_work_layer': 0, 'leading_no_work_layers': 0, 'bond_profile_layers_scored': 8, 'bond_profile_total_cost': 751, 'bond_profile_max_cost': 128, 'bond_profile_gate_count': 13}, {'seed': 1132, 'score': (721, 128, 13, 8, 21, 117, 41), 'num_layers': 41, 'total_swaps': 117, 'max_layer_swaps': 10, 'swap_only_layers': 21, 'work_layers': 20, 'unitary_layers': 20, 'first_work_layer': 0, 'leading_no_work_layers': 0, 'bond_profile_layers_scored': 8, 'bond_profile_total_cost': 721, 'bond_profile_max_cost': 128, 'bond_profile_gate_count': 13}, {'seed': 2141, 'score': (751, 128, 13, 8, 21, 118, 42), 'num_layers': 42, 'total_swaps': 118, 'max_layer_swaps': 10, 'swap_only_layers': 21, 'work_layers': 21, 'unitary_layers': 21, 'first_work_layer': 0, 'leading_no_work_layers': 0, 'bond_profile_layers_scored': 8, 'bond_profile_total_cost': 751, 'bond_profile_max_cost': 128, 'bond_profile_gate_count': 13}, {'seed': 3150, 'score': (751, 128, 13, 8, 21, 118, 42), 'num_layers': 42, 'total_swaps': 118, 'max_layer_swaps': 10, 'swap_only_layers': 21, 'work_layers': 21, 'unitary_layers': 21, 'first_work_layer': 0, 'leading_no_work_layers': 0, 'bond_profile_layers_scored': 8, 'bond_profile_total_cost': 751, 'bond_profile_max_cost': 128, 'bond_profile_gate_count': 13}]",0.13638666598126292,0.13656912499573082,,,,,,,,,,,,,
682.2198361250339,cycle_progress,,,,,,,,,,,,404,376,780,,,,,,,,,,,,,,,,,,,512,0.0006,,433648,30,,,,,,,,,,128,4,433648,3592,158,40,,,,,,,,,,,,,,,,,,,,42,,780,808,28,0,False,,,,,,,,,,,,,,,0.13656912499573082,,,,,,,,,,,,,
684.984612292028,unswapping,,,,,,,,,,,,,,,,,,,,,,,,,,,,,,,,,,,,,,,,,,,,,,,128,4,433648,3592,158,40,0,both,0,20,20,0,0,,,,,0,,,,,,,,,,,,,,,,,,,,,,,,,,,,,,,,,,,,,,,,,,
686.8666213339893,unswapping,,,,,,,,,,,,,,,,,,,,,,,,,,,,,,,,,,,,,,,,,,,,,,,128,4,433648,3592,158,40,0,both,1,19,19,0,0,,,,,0,,,,,,,,,,,,,,,,,,,,,,,,,,,,,,,,,,,,,,,,,,
687.835656875046,unswapping,,,,,,,,,,,,,,,,,,,,,,,,,,,,,,,,,,,,,,,,,,,,,,,128,4,433648,3592,158,40,0,left,0,20,20,0,0,,,,,0,,,,,,,,,,,,,,,,,,,,,,,,,,,,,,,,,,,,,,,,,,
688.8137202500366,unswapping,,,,,,,,,,,,,,,,,,,,,,,,,,,,,,,,,,,,,,,,,,,,,,,128,4,433648,3592,158,40,0,left,1,19,19,0,0,,,,,0,,,,,,,,,,,,,,,,,,,,,,,,,,,,,,,,,,,,,,,,,,
689.8278562920168,unswapping,,,,,,,,,,,,,,,,,,,,,,,,,,,,,,,,,,,,,,,,,,,,,,,128,4,433648,3592,158,40,0,right,0,20,20,0,0,,,,,0,,,,,,,,,,,,,,,,,,,,,,,,,,,,,,,,,,,,,,,,,,
690.6645910840016,unswapping,,,,,,,,,,,,,,,,,,,,,,,,,,,,,,,,,,,,,,,,,,,,,,,128,4,433648,3592,158,40,0,right,1,19,19,0,0,,,,,0,,,,,,,,,,,,,,,,,,,,,,,,,,,,,,,,,,,,,,,,,,
690.9640152089996,unswap_cycle_summary,,,,,,,,,,,,404,376,780,,,,,,,,,,,,,,,,,,,512,0.0006,,,,,,,,,,,,,128,4,433648,3592,158,40,,,,,,,,,,,,,,,,,,,,43,7.691670040949248,780,808,28,0,False,,,,,,,,,,,,,,,,,,,,,,,,,,,,
691.2633530000458,rewiring,right,post_unswap,0.23424679198069498,43,False,False,,,,,,,,,,,,,,,,,,,,,,,,,,,,,,,,,,,,,,,,,,,,,,,,,,,,,,,,,,,,,,,,,,43,,,,,,,50,False,0,4,bond_profile,8,False,1,1132,"(721, 128, 13, 8, 21, 117, 41)",0.0026271259994246066,0.2315929580363445,"[{'seed': 123, 'score': (751, 128, 13, 8, 21, 118, 41), 'num_layers': 41, 'total_swaps': 118, 'max_layer_swaps': 10, 'swap_only_layers': 21, 'work_layers': 20, 'unitary_layers': 20, 'first_work_layer': 0, 'leading_no_work_layers': 0, 'bond_profile_layers_scored': 8, 'bond_profile_total_cost': 751, 'bond_profile_max_cost': 128, 'bond_profile_gate_count': 13}, {'seed': 1132, 'score': (721, 128, 13, 8, 21, 117, 41), 'num_layers': 41, 'total_swaps': 117, 'max_layer_swaps': 10, 'swap_only_layers': 21, 'work_layers': 20, 'unitary_layers': 20, 'first_work_layer': 0, 'leading_no_work_layers': 0, 'bond_profile_layers_scored': 8, 'bond_profile_total_cost': 721, 'bond_profile_max_cost': 128, 'bond_profile_gate_count': 13}, {'seed': 2141, 'score': (751, 128, 13, 8, 21, 118, 42), 'num_layers': 42, 'total_swaps': 118, 'max_layer_swaps': 10, 'swap_only_layers': 21, 'work_layers': 21, 'unitary_layers': 21, 'first_work_layer': 0, 'leading_no_work_layers': 0, 'bond_profile_layers_scored': 8, 'bond_profile_total_cost': 751, 'bond_profile_max_cost': 128, 'bond_profile_gate_count': 13}, {'seed': 3150, 'score': (751, 128, 13, 8, 21, 118, 42), 'num_layers': 42, 'total_swaps': 118, 'max_layer_swaps': 10, 'swap_only_layers': 21, 'work_layers': 21, 'unitary_layers': 21, 'first_work_layer': 0, 'leading_no_work_layers': 0, 'bond_profile_layers_scored': 8, 'bond_profile_total_cost': 751, 'bond_profile_max_cost': 128, 'bond_profile_gate_count': 13}]",0.2342398339533247,0.24599566700635478,,,,,,,,,,,,,
691.3118525840109,cycle_progress,,,,,,,,,,,,404,376,780,,,,,,,,,,,,,,,,,,,512,0.0006,,433648,31,,,,,,,,,,128,4,433648,3592,158,40,,,,,,,,,,,,,,,,,,,,43,,780,808,28,0,False,,,,,,,,,,,,,,,0.24599566700635478,,,,,,,,,,,,,
694.3449128339998,unswapping,,,,,,,,,,,,,,,,,,,,,,,,,,,,,,,,,,,,,,,,,,,,,,,128,4,433648,3592,158,40,0,both,0,20,20,0,0,,,,,0,,,,,,,,,,,,,,,,,,,,,,,,,,,,,,,,,,,,,,,,,,
696.1621576250182,unswapping,,,,,,,,,,,,,,,,,,,,,,,,,,,,,,,,,,,,,,,,,,,,,,,128,4,433648,3592,158,40,0,both,1,19,19,0,0,,,,,0,,,,,,,,,,,,,,,,,,,,,,,,,,,,,,,,,,,,,,,,,,
697.066361834004,unswapping,,,,,,,,,,,,,,,,,,,,,,,,,,,,,,,,,,,,,,,,,,,,,,,128,4,433648,3592,158,40,0,left,0,20,20,0,0,,,,,0,,,,,,,,,,,,,,,,,,,,,,,,,,,,,,,,,,,,,,,,,,
697.9126937920228,unswapping,,,,,,,,,,,,,,,,,,,,,,,,,,,,,,,,,,,,,,,,,,,,,,,128,4,433648,3592,158,40,0,left,1,19,19,0,0,,,,,0,,,,,,,,,,,,,,,,,,,,,,,,,,,,,,,,,,,,,,,,,,
698.8576340840082,unswapping,,,,,,,,,,,,,,,,,,,,,,,,,,,,,,,,,,,,,,,,,,,,,,,128,4,433648,3592,158,40,0,right,0,20,20,0,0,,,,,0,,,,,,,,,,,,,,,,,,,,,,,,,,,,,,,,,,,,,,,,,,
699.697705833998,unswapping,,,,,,,,,,,,,,,,,,,,,,,,,,,,,,,,,,,,,,,,,,,,,,,128,4,433648,3592,158,40,0,right,1,19,19,0,0,,,,,0,,,,,,,,,,,,,,,,,,,,,,,,,,,,,,,,,,,,,,,,,,
699.9995572500047,unswap_cycle_summary,,,,,,,,,,,,404,376,780,,,,,,,,,,,,,,,,,,,512,0.0006,,,,,,,,,,,,,128,4,433648,3592,158,40,,,,,,,,,,,,,,,,,,,,44,7.5569326669792645,780,808,28,0,False,,,,,,,,,,,,,,,,,,,,,,,,,,,,
700.1913504590048,rewiring,right,post_unswap,0.1432463340461254,43,False,False,,,,,,,,,,,,,,,,,,,,,,,,,,,,,,,,,,,,,,,,,,,,,,,,,,,,,,,,,,,,,,,,,,44,,,,,,,50,False,0,4,bond_profile,8,False,1,1132,"(721, 128, 13, 8, 21, 117, 41)",0.0024787510046735406,0.14074075093958527,"[{'seed': 123, 'score': (751, 128, 13, 8, 21, 118, 41), 'num_layers': 41, 'total_swaps': 118, 'max_layer_swaps': 10, 'swap_only_layers': 21, 'work_layers': 20, 'unitary_layers': 20, 'first_work_layer': 0, 'leading_no_work_layers': 0, 'bond_profile_layers_scored': 8, 'bond_profile_total_cost': 751, 'bond_profile_max_cost': 128, 'bond_profile_gate_count': 13}, {'seed': 1132, 'score': (721, 128, 13, 8, 21, 117, 41), 'num_layers': 41, 'total_swaps': 117, 'max_layer_swaps': 10, 'swap_only_layers': 21, 'work_layers': 20, 'unitary_layers': 20, 'first_work_layer': 0, 'leading_no_work_layers': 0, 'bond_profile_layers_scored': 8, 'bond_profile_total_cost': 721, 'bond_profile_max_cost': 128, 'bond_profile_gate_count': 13}, {'seed': 2141, 'score': (751, 128, 13, 8, 21, 118, 42), 'num_layers': 42, 'total_swaps': 118, 'max_layer_swaps': 10, 'swap_only_layers': 21, 'work_layers': 21, 'unitary_layers': 21, 'first_work_layer': 0, 'leading_no_work_layers': 0, 'bond_profile_layers_scored': 8, 'bond_profile_total_cost': 751, 'bond_profile_max_cost': 128, 'bond_profile_gate_count': 13}, {'seed': 3150, 'score': (751, 128, 13, 8, 21, 118, 42), 'num_layers': 42, 'total_swaps': 118, 'max_layer_swaps': 10, 'swap_only_layers': 21, 'work_layers': 21, 'unitary_layers': 21, 'first_work_layer': 0, 'leading_no_work_layers': 0, 'bond_profile_layers_scored': 8, 'bond_profile_total_cost': 751, 'bond_profile_max_cost': 128, 'bond_profile_gate_count': 13}]",0.14323979197070003,0.14345558400964364,,,,,,,,,,,,,
700.2396445420454,cycle_progress,,,,,,,,,,,,404,376,780,,,,,,,,,,,,,,,,,,,512,0.0006,,433648,32,,,,,,,,,,128,4,433648,3592,158,40,,,,,,,,,,,,,,,,,,,,44,,780,808,28,0,False,,,,,,,,,,,,,,,0.14345558400964364,,,,,,,,,,,,,
703.1127079590224,unswapping,,,,,,,,,,,,,,,,,,,,,,,,,,,,,,,,,,,,,,,,,,,,,,,128,4,433648,3592,158,40,0,both,0,20,20,0,0,,,,,0,,,,,,,,,,,,,,,,,,,,,,,,,,,,,,,,,,,,,,,,,,
704.9436709590373,unswapping,,,,,,,,,,,,,,,,,,,,,,,,,,,,,,,,,,,,,,,,,,,,,,,128,4,433648,3592,158,40,0,both,1,19,19,0,0,,,,,0,,,,,,,,,,,,,,,,,,,,,,,,,,,,,,,,,,,,,,,,,,
705.8433462090325,unswapping,,,,,,,,,,,,,,,,,,,,,,,,,,,,,,,,,,,,,,,,,,,,,,,128,4,433648,3592,158,40,0,left,0,20,20,0,0,,,,,0,,,,,,,,,,,,,,,,,,,,,,,,,,,,,,,,,,,,,,,,,,
706.6295977919945,unswapping,,,,,,,,,,,,,,,,,,,,,,,,,,,,,,,,,,,,,,,,,,,,,,,128,4,433648,3592,158,40,0,left,1,19,19,0,0,,,,,0,,,,,,,,,,,,,,,,,,,,,,,,,,,,,,,,,,,,,,,,,,
707.5368709170143,unswapping,,,,,,,,,,,,,,,,,,,,,,,,,,,,,,,,,,,,,,,,,,,,,,,128,4,433648,3592,158,40,0,right,0,20,20,0,0,,,,,0,,,,,,,,,,,,,,,,,,,,,,,,,,,,,,,,,,,,,,,,,,
708.3523609170225,unswapping,,,,,,,,,,,,,,,,,,,,,,,,,,,,,,,,,,,,,,,,,,,,,,,128,4,433648,3592,158,40,0,right,1,19,19,0,0,,,,,0,,,,,,,,,,,,,,,,,,,,,,,,,,,,,,,,,,,,,,,,,,
708.647758667008,unswap_cycle_summary,,,,,,,,,,,,404,376,780,,,,,,,,,,,,,,,,,,,512,0.0006,,,,,,,,,,,,,128,4,433648,3592,158,40,,,,,,,,,,,,,,,,,,,,45,7.314716208958998,780,808,28,0,False,,,,,,,,,,,,,,,,,,,,,,,,,,,,
708.851940374996,rewiring,right,post_unswap,0.15430237498367205,43,False,False,,,,,,,,,,,,,,,,,,,,,,,,,,,,,,,,,,,,,,,,,,,,,,,,,,,,,,,,,,,,,,,,,,45,,,,,,,50,False,0,4,bond_profile,8,False,1,1132,"(721, 128, 13, 8, 21, 117, 41)",0.0026416669716127217,0.15162991703255102,"[{'seed': 123, 'score': (751, 128, 13, 8, 21, 118, 41), 'num_layers': 41, 'total_swaps': 118, 'max_layer_swaps': 10, 'swap_only_layers': 21, 'work_layers': 20, 'unitary_layers': 20, 'first_work_layer': 0, 'leading_no_work_layers': 0, 'bond_profile_layers_scored': 8, 'bond_profile_total_cost': 751, 'bond_profile_max_cost': 128, 'bond_profile_gate_count': 13}, {'seed': 1132, 'score': (721, 128, 13, 8, 21, 117, 41), 'num_layers': 41, 'total_swaps': 117, 'max_layer_swaps': 10, 'swap_only_layers': 21, 'work_layers': 20, 'unitary_layers': 20, 'first_work_layer': 0, 'leading_no_work_layers': 0, 'bond_profile_layers_scored': 8, 'bond_profile_total_cost': 721, 'bond_profile_max_cost': 128, 'bond_profile_gate_count': 13}, {'seed': 2141, 'score': (751, 128, 13, 8, 21, 118, 42), 'num_layers': 42, 'total_swaps': 118, 'max_layer_swaps': 10, 'swap_only_layers': 21, 'work_layers': 21, 'unitary_layers': 21, 'first_work_layer': 0, 'leading_no_work_layers': 0, 'bond_profile_layers_scored': 8, 'bond_profile_total_cost': 751, 'bond_profile_max_cost': 128, 'bond_profile_gate_count': 13}, {'seed': 3150, 'score': (751, 128, 13, 8, 21, 118, 42), 'num_layers': 42, 'total_swaps': 118, 'max_layer_swaps': 10, 'swap_only_layers': 21, 'work_layers': 21, 'unitary_layers': 21, 'first_work_layer': 0, 'leading_no_work_layers': 0, 'bond_profile_layers_scored': 8, 'bond_profile_total_cost': 751, 'bond_profile_max_cost': 128, 'bond_profile_gate_count': 13}]",0.1542941660154611,0.15455204097088426,,,,,,,,,,,,,
708.8990935840411,cycle_progress,,,,,,,,,,,,404,376,780,,,,,,,,,,,,,,,,,,,512,0.0006,,433648,33,,,,,,,,,,128,4,433648,3592,158,40,,,,,,,,,,,,,,,,,,,,45,,780,808,28,0,False,,,,,,,,,,,,,,,0.15455204097088426,,,,,,,,,,,,,
711.7024530420313,unswapping,,,,,,,,,,,,,,,,,,,,,,,,,,,,,,,,,,,,,,,,,,,,,,,128,4,433648,3592,158,40,0,both,0,20,20,0,0,,,,,0,,,,,,,,,,,,,,,,,,,,,,,,,,,,,,,,,,,,,,,,,,
713.5279654170154,unswapping,,,,,,,,,,,,,,,,,,,,,,,,,,,,,,,,,,,,,,,,,,,,,,,128,4,433648,3592,158,40,0,both,1,19,19,0,0,,,,,0,,,,,,,,,,,,,,,,,,,,,,,,,,,,,,,,,,,,,,,,,,
714.4690675419988,unswapping,,,,,,,,,,,,,,,,,,,,,,,,,,,,,,,,,,,,,,,,,,,,,,,128,4,433648,3592,158,40,0,left,0,20,20,0,0,,,,,0,,,,,,,,,,,,,,,,,,,,,,,,,,,,,,,,,,,,,,,,,,
715.3429854590213,unswapping,,,,,,,,,,,,,,,,,,,,,,,,,,,,,,,,,,,,,,,,,,,,,,,128,4,433648,3592,158,40,0,left,1,19,19,0,0,,,,,0,,,,,,,,,,,,,,,,,,,,,,,,,,,,,,,,,,,,,,,,,,
716.2557404590189,unswapping,,,,,,,,,,,,,,,,,,,,,,,,,,,,,,,,,,,,,,,,,,,,,,,128,4,433648,3592,158,40,0,right,0,20,20,0,0,,,,,0,,,,,,,,,,,,,,,,,,,,,,,,,,,,,,,,,,,,,,,,,,
717.1024457500316,unswapping,,,,,,,,,,,,,,,,,,,,,,,,,,,,,,,,,,,,,,,,,,,,,,,128,4,433648,3592,158,40,0,right,1,19,19,0,0,,,,,0,,,,,,,,,,,,,,,,,,,,,,,,,,,,,,,,,,,,,,,,,,
717.4047331670299,unswap_cycle_summary,,,,,,,,,,,,404,376,780,,,,,,,,,,,,,,,,,,,512,0.0006,,,,,,,,,,,,,128,4,433648,3592,158,40,,,,,,,,,,,,,,,,,,,,46,7.421395624987781,780,808,28,0,False,,,,,,,,,,,,,,,,,,,,,,,,,,,,
717.6825284170336,rewiring,right,post_unswap,0.228412083000876,43,False,False,,,,,,,,,,,,,,,,,,,,,,,,,,,,,,,,,,,,,,,,,,,,,,,,,,,,,,,,,,,,,,,,,,46,,,,,,,50,False,0,4,bond_profile,8,False,1,1132,"(721, 128, 13, 8, 21, 117, 41)",0.002497124020010233,0.2258876680280082,"[{'seed': 123, 'score': (751, 128, 13, 8, 21, 118, 41), 'num_layers': 41, 'total_swaps': 118, 'max_layer_swaps': 10, 'swap_only_layers': 21, 'work_layers': 20, 'unitary_layers': 20, 'first_work_layer': 0, 'leading_no_work_layers': 0, 'bond_profile_layers_scored': 8, 'bond_profile_total_cost': 751, 'bond_profile_max_cost': 128, 'bond_profile_gate_count': 13}, {'seed': 1132, 'score': (721, 128, 13, 8, 21, 117, 41), 'num_layers': 41, 'total_swaps': 117, 'max_layer_swaps': 10, 'swap_only_layers': 21, 'work_layers': 20, 'unitary_layers': 20, 'first_work_layer': 0, 'leading_no_work_layers': 0, 'bond_profile_layers_scored': 8, 'bond_profile_total_cost': 721, 'bond_profile_max_cost': 128, 'bond_profile_gate_count': 13}, {'seed': 2141, 'score': (751, 128, 13, 8, 21, 118, 42), 'num_layers': 42, 'total_swaps': 118, 'max_layer_swaps': 10, 'swap_only_layers': 21, 'work_layers': 21, 'unitary_layers': 21, 'first_work_layer': 0, 'leading_no_work_layers': 0, 'bond_profile_layers_scored': 8, 'bond_profile_total_cost': 751, 'bond_profile_max_cost': 128, 'bond_profile_gate_count': 13}, {'seed': 3150, 'score': (751, 128, 13, 8, 21, 118, 42), 'num_layers': 42, 'total_swaps': 118, 'max_layer_swaps': 10, 'swap_only_layers': 21, 'work_layers': 21, 'unitary_layers': 21, 'first_work_layer': 0, 'leading_no_work_layers': 0, 'bond_profile_layers_scored': 8, 'bond_profile_total_cost': 751, 'bond_profile_max_cost': 128, 'bond_profile_gate_count': 13}]",0.22840566700324416,0.22863170900382102,,,,,,,,,,,,,
717.7320651250193,cycle_progress,,,,,,,,,,,,404,376,780,,,,,,,,,,,,,,,,,,,512,0.0006,,433648,34,,,,,,,,,,128,4,433648,3592,158,40,,,,,,,,,,,,,,,,,,,,46,,780,808,28,0,False,,,,,,,,,,,,,,,0.22863170900382102,,,,,,,,,,,,,
720.5716266669915,unswapping,,,,,,,,,,,,,,,,,,,,,,,,,,,,,,,,,,,,,,,,,,,,,,,128,4,433648,3592,158,40,0,both,0,20,20,0,0,,,,,0,,,,,,,,,,,,,,,,,,,,,,,,,,,,,,,,,,,,,,,,,,
722.2055073750089,unswapping,,,,,,,,,,,,,,,,,,,,,,,,,,,,,,,,,,,,,,,,,,,,,,,128,4,433648,3592,158,40,0,both,1,19,19,0,0,,,,,0,,,,,,,,,,,,,,,,,,,,,,,,,,,,,,,,,,,,,,,,,,
723.03883949999,unswapping,,,,,,,,,,,,,,,,,,,,,,,,,,,,,,,,,,,,,,,,,,,,,,,128,4,433648,3592,158,40,0,left,0,20,20,0,0,,,,,0,,,,,,,,,,,,,,,,,,,,,,,,,,,,,,,,,,,,,,,,,,
723.8653956250055,unswapping,,,,,,,,,,,,,,,,,,,,,,,,,,,,,,,,,,,,,,,,,,,,,,,128,4,433648,3592,158,40,0,left,1,19,19,0,0,,,,,0,,,,,,,,,,,,,,,,,,,,,,,,,,,,,,,,,,,,,,,,,,
724.7670379590127,unswapping,,,,,,,,,,,,,,,,,,,,,,,,,,,,,,,,,,,,,,,,,,,,,,,128,4,433648,3592,158,40,0,right,0,20,20,0,0,,,,,0,,,,,,,,,,,,,,,,,,,,,,,,,,,,,,,,,,,,,,,,,,
725.6005687500001,unswapping,,,,,,,,,,,,,,,,,,,,,,,,,,,,,,,,,,,,,,,,,,,,,,,128,4,433648,3592,158,40,0,right,1,19,19,0,0,,,,,0,,,,,,,,,,,,,,,,,,,,,,,,,,,,,,,,,,,,,,,,,,
725.8950273340452,unswap_cycle_summary,,,,,,,,,,,,404,376,780,,,,,,,,,,,,,,,,,,,512,0.0006,,,,,,,,,,,,,128,4,433648,3592,158,40,,,,,,,,,,,,,,,,,,,,47,7.086221374978777,780,808,28,0,False,,,,,,,,,,,,,,,,,,,,,,,,,,,,
726.0920569589944,rewiring,right,post_unswap,0.1481833750149235,43,False,False,,,,,,,,,,,,,,,,,,,,,,,,,,,,,,,,,,,,,,,,,,,,,,,,,,,,,,,,,,,,,,,,,,47,,,,,,,50,False,0,4,bond_profile,8,False,1,1132,"(721, 128, 13, 8, 21, 117, 41)",0.0024719180655665696,0.14568420901196077,"[{'seed': 123, 'score': (751, 128, 13, 8, 21, 118, 41), 'num_layers': 41, 'total_swaps': 118, 'max_layer_swaps': 10, 'swap_only_layers': 21, 'work_layers': 20, 'unitary_layers': 20, 'first_work_layer': 0, 'leading_no_work_layers': 0, 'bond_profile_layers_scored': 8, 'bond_profile_total_cost': 751, 'bond_profile_max_cost': 128, 'bond_profile_gate_count': 13}, {'seed': 1132, 'score': (721, 128, 13, 8, 21, 117, 41), 'num_layers': 41, 'total_swaps': 117, 'max_layer_swaps': 10, 'swap_only_layers': 21, 'work_layers': 20, 'unitary_layers': 20, 'first_work_layer': 0, 'leading_no_work_layers': 0, 'bond_profile_layers_scored': 8, 'bond_profile_total_cost': 721, 'bond_profile_max_cost': 128, 'bond_profile_gate_count': 13}, {'seed': 2141, 'score': (751, 128, 13, 8, 21, 118, 42), 'num_layers': 42, 'total_swaps': 118, 'max_layer_swaps': 10, 'swap_only_layers': 21, 'work_layers': 21, 'unitary_layers': 21, 'first_work_layer': 0, 'leading_no_work_layers': 0, 'bond_profile_layers_scored': 8, 'bond_profile_total_cost': 751, 'bond_profile_max_cost': 128, 'bond_profile_gate_count': 13}, {'seed': 3150, 'score': (751, 128, 13, 8, 21, 118, 42), 'num_layers': 42, 'total_swaps': 118, 'max_layer_swaps': 10, 'swap_only_layers': 21, 'work_layers': 21, 'unitary_layers': 21, 'first_work_layer': 0, 'leading_no_work_layers': 0, 'bond_profile_layers_scored': 8, 'bond_profile_total_cost': 751, 'bond_profile_max_cost': 128, 'bond_profile_gate_count': 13}]",0.14817724999738857,0.1483460000017658,,,,,,,,,,,,,
726.1403322090046,cycle_progress,,,,,,,,,,,,404,376,780,,,,,,,,,,,,,,,,,,,512,0.0006,,433648,35,,,,,,,,,,128,4,433648,3592,158,40,,,,,,,,,,,,,,,,,,,,47,,780,808,28,0,False,,,,,,,,,,,,,,,0.1483460000017658,,,,,,,,,,,,,
729.1944482090184,unswapping,,,,,,,,,,,,,,,,,,,,,,,,,,,,,,,,,,,,,,,,,,,,,,,128,4,433648,3592,158,40,0,both,0,20,20,0,0,,,,,0,,,,,,,,,,,,,,,,,,,,,,,,,,,,,,,,,,,,,,,,,,
731.2100445000106,unswapping,,,,,,,,,,,,,,,,,,,,,,,,,,,,,,,,,,,,,,,,,,,,,,,128,4,433648,3592,158,40,0,both,1,19,19,0,0,,,,,0,,,,,,,,,,,,,,,,,,,,,,,,,,,,,,,,,,,,,,,,,,
732.1503293340211,unswapping,,,,,,,,,,,,,,,,,,,,,,,,,,,,,,,,,,,,,,,,,,,,,,,128,4,433648,3592,158,40,0,left,0,20,20,0,0,,,,,0,,,,,,,,,,,,,,,,,,,,,,,,,,,,,,,,,,,,,,,,,,
733.0552637500223,unswapping,,,,,,,,,,,,,,,,,,,,,,,,,,,,,,,,,,,,,,,,,,,,,,,128,4,433648,3592,158,40,0,left,1,19,19,0,0,,,,,0,,,,,,,,,,,,,,,,,,,,,,,,,,,,,,,,,,,,,,,,,,
734.0303397920216,unswapping,,,,,,,,,,,,,,,,,,,,,,,,,,,,,,,,,,,,,,,,,,,,,,,128,4,433648,3592,158,40,0,right,0,20,20,0,0,,,,,0,,,,,,,,,,,,,,,,,,,,,,,,,,,,,,,,,,,,,,,,,,
734.8728577090078,unswapping,,,,,,,,,,,,,,,,,,,,,,,,,,,,,,,,,,,,,,,,,,,,,,,128,4,433648,3592,158,40,0,right,1,19,19,0,0,,,,,0,,,,,,,,,,,,,,,,,,,,,,,,,,,,,,,,,,,,,,,,,,
735.1698494590237,unswap_cycle_summary,,,,,,,,,,,,404,376,780,,,,,,,,,,,,,,,,,,,512,0.0006,,,,,,,,,,,,,128,4,433648,3592,158,40,,,,,,,,,,,,,,,,,,,,48,7.941758291970473,780,808,28,0,False,,,,,,,,,,,,,,,,,,,,,,,,,,,,
735.3603171250434,rewiring,right,post_unswap,0.1401331250090152,43,False,False,,,,,,,,,,,,,,,,,,,,,,,,,,,,,,,,,,,,,,,,,,,,,,,,,,,,,,,,,,,,,,,,,,48,,,,,,,50,False,0,4,bond_profile,8,False,1,1132,"(721, 128, 13, 8, 21, 117, 41)",0.002500083006452769,0.13760937395272776,"[{'seed': 123, 'score': (751, 128, 13, 8, 21, 118, 41), 'num_layers': 41, 'total_swaps': 118, 'max_layer_swaps': 10, 'swap_only_layers': 21, 'work_layers': 20, 'unitary_layers': 20, 'first_work_layer': 0, 'leading_no_work_layers': 0, 'bond_profile_layers_scored': 8, 'bond_profile_total_cost': 751, 'bond_profile_max_cost': 128, 'bond_profile_gate_count': 13}, {'seed': 1132, 'score': (721, 128, 13, 8, 21, 117, 41), 'num_layers': 41, 'total_swaps': 117, 'max_layer_swaps': 10, 'swap_only_layers': 21, 'work_layers': 20, 'unitary_layers': 20, 'first_work_layer': 0, 'leading_no_work_layers': 0, 'bond_profile_layers_scored': 8, 'bond_profile_total_cost': 721, 'bond_profile_max_cost': 128, 'bond_profile_gate_count': 13}, {'seed': 2141, 'score': (751, 128, 13, 8, 21, 118, 42), 'num_layers': 42, 'total_swaps': 118, 'max_layer_swaps': 10, 'swap_only_layers': 21, 'work_layers': 21, 'unitary_layers': 21, 'first_work_layer': 0, 'leading_no_work_layers': 0, 'bond_profile_layers_scored': 8, 'bond_profile_total_cost': 751, 'bond_profile_max_cost': 128, 'bond_profile_gate_count': 13}, {'seed': 3150, 'score': (751, 128, 13, 8, 21, 118, 42), 'num_layers': 42, 'total_swaps': 118, 'max_layer_swaps': 10, 'swap_only_layers': 21, 'work_layers': 21, 'unitary_layers': 21, 'first_work_layer': 0, 'leading_no_work_layers': 0, 'bond_profile_layers_scored': 8, 'bond_profile_total_cost': 751, 'bond_profile_max_cost': 128, 'bond_profile_gate_count': 13}]",0.14012770797125995,0.14031408401206136,,,,,,,,,,,,,
735.4081050840323,cycle_progress,,,,,,,,,,,,404,376,780,,,,,,,,,,,,,,,,,,,512,0.0006,,433648,36,,,,,,,,,,128,4,433648,3592,158,40,,,,,,,,,,,,,,,,,,,,48,,780,808,28,0,False,,,,,,,,,,,,,,,0.14031408401206136,,,,,,,,,,,,,
738.2601790840272,unswapping,,,,,,,,,,,,,,,,,,,,,,,,,,,,,,,,,,,,,,,,,,,,,,,128,4,433648,3592,158,40,0,both,0,20,20,0,0,,,,,0,,,,,,,,,,,,,,,,,,,,,,,,,,,,,,,,,,,,,,,,,,
740.0113849590416,unswapping,,,,,,,,,,,,,,,,,,,,,,,,,,,,,,,,,,,,,,,,,,,,,,,128,4,433648,3592,158,40,0,both,1,19,19,0,0,,,,,0,,,,,,,,,,,,,,,,,,,,,,,,,,,,,,,,,,,,,,,,,,
740.9265995000023,unswapping,,,,,,,,,,,,,,,,,,,,,,,,,,,,,,,,,,,,,,,,,,,,,,,128,4,433648,3592,158,40,0,left,0,20,20,0,0,,,,,0,,,,,,,,,,,,,,,,,,,,,,,,,,,,,,,,,,,,,,,,,,
741.8003125840332,unswapping,,,,,,,,,,,,,,,,,,,,,,,,,,,,,,,,,,,,,,,,,,,,,,,128,4,433648,3592,158,40,0,left,1,19,19,0,0,,,,,0,,,,,,,,,,,,,,,,,,,,,,,,,,,,,,,,,,,,,,,,,,
742.7071470840019,unswapping,,,,,,,,,,,,,,,,,,,,,,,,,,,,,,,,,,,,,,,,,,,,,,,128,4,433648,3592,158,40,0,right,0,20,20,0,0,,,,,0,,,,,,,,,,,,,,,,,,,,,,,,,,,,,,,,,,,,,,,,,,
743.5400937499944,unswapping,,,,,,,,,,,,,,,,,,,,,,,,,,,,,,,,,,,,,,,,,,,,,,,128,4,433648,3592,158,40,0,right,1,19,19,0,0,,,,,0,,,,,,,,,,,,,,,,,,,,,,,,,,,,,,,,,,,,,,,,,,
743.8449693340226,unswap_cycle_summary,,,,,,,,,,,,404,376,780,,,,,,,,,,,,,,,,,,,512,0.0006,,,,,,,,,,,,,128,4,433648,3592,158,40,,,,,,,,,,,,,,,,,,,,49,7.384326500003226,780,808,28,0,False,,,,,,,,,,,,,,,,,,,,,,,,,,,,
744.1117193750106,rewiring,right,post_unswap,0.21462595800403506,43,False,False,,,,,,,,,,,,,,,,,,,,,,,,,,,,,,,,,,,,,,,,,,,,,,,,,,,,,,,,,,,,,,,,,,49,,,,,,,50,False,0,4,bond_profile,8,False,1,1132,"(721, 128, 13, 8, 21, 117, 41)",0.00247316702734679,0.2121267489856109,"[{'seed': 123, 'score': (751, 128, 13, 8, 21, 118, 41), 'num_layers': 41, 'total_swaps': 118, 'max_layer_swaps': 10, 'swap_only_layers': 21, 'work_layers': 20, 'unitary_layers': 20, 'first_work_layer': 0, 'leading_no_work_layers': 0, 'bond_profile_layers_scored': 8, 'bond_profile_total_cost': 751, 'bond_profile_max_cost': 128, 'bond_profile_gate_count': 13}, {'seed': 1132, 'score': (721, 128, 13, 8, 21, 117, 41), 'num_layers': 41, 'total_swaps': 117, 'max_layer_swaps': 10, 'swap_only_layers': 21, 'work_layers': 20, 'unitary_layers': 20, 'first_work_layer': 0, 'leading_no_work_layers': 0, 'bond_profile_layers_scored': 8, 'bond_profile_total_cost': 721, 'bond_profile_max_cost': 128, 'bond_profile_gate_count': 13}, {'seed': 2141, 'score': (751, 128, 13, 8, 21, 118, 42), 'num_layers': 42, 'total_swaps': 118, 'max_layer_swaps': 10, 'swap_only_layers': 21, 'work_layers': 21, 'unitary_layers': 21, 'first_work_layer': 0, 'leading_no_work_layers': 0, 'bond_profile_layers_scored': 8, 'bond_profile_total_cost': 751, 'bond_profile_max_cost': 128, 'bond_profile_gate_count': 13}, {'seed': 3150, 'score': (751, 128, 13, 8, 21, 118, 42), 'num_layers': 42, 'total_swaps': 118, 'max_layer_swaps': 10, 'swap_only_layers': 21, 'work_layers': 21, 'unitary_layers': 21, 'first_work_layer': 0, 'leading_no_work_layers': 0, 'bond_profile_layers_scored': 8, 'bond_profile_total_cost': 751, 'bond_profile_max_cost': 128, 'bond_profile_gate_count': 13}]",0.21461962495232,0.21483320801053196,,,,,,,,,,,,,
744.1597822090262,cycle_progress,,,,,,,,,,,,404,376,780,,,,,,,,,,,,,,,,,,,512,0.0006,,433648,37,,,,,,,,,,128,4,433648,3592,158,40,,,,,,,,,,,,,,,,,,,,49,,780,808,28,0,False,,,,,,,,,,,,,,,0.21483320801053196,,,,,,,,,,,,,
746.9773935000412,unswapping,,,,,,,,,,,,,,,,,,,,,,,,,,,,,,,,,,,,,,,,,,,,,,,128,4,433648,3592,158,40,0,both,0,20,20,0,0,,,,,0,,,,,,,,,,,,,,,,,,,,,,,,,,,,,,,,,,,,,,,,,,
748.7781675000442,unswapping,,,,,,,,,,,,,,,,,,,,,,,,,,,,,,,,,,,,,,,,,,,,,,,128,4,433648,3592,158,40,0,both,1,19,19,0,0,,,,,0,,,,,,,,,,,,,,,,,,,,,,,,,,,,,,,,,,,,,,,,,,
749.6509687500075,unswapping,,,,,,,,,,,,,,,,,,,,,,,,,,,,,,,,,,,,,,,,,,,,,,,128,4,433648,3592,158,40,0,left,0,20,20,0,0,,,,,0,,,,,,,,,,,,,,,,,,,,,,,,,,,,,,,,,,,,,,,,,,
750.4096662499942,unswapping,,,,,,,,,,,,,,,,,,,,,,,,,,,,,,,,,,,,,,,,,,,,,,,128,4,433648,3592,158,40,0,left,1,19,19,0,0,,,,,0,,,,,,,,,,,,,,,,,,,,,,,,,,,,,,,,,,,,,,,,,,
751.2038712920039,unswapping,,,,,,,,,,,,,,,,,,,,,,,,,,,,,,,,,,,,,,,,,,,,,,,128,4,433648,3592,158,40,0,right,0,20,20,0,0,,,,,0,,,,,,,,,,,,,,,,,,,,,,,,,,,,,,,,,,,,,,,,,,
751.9654347920441,unswapping,,,,,,,,,,,,,,,,,,,,,,,,,,,,,,,,,,,,,,,,,,,,,,,128,4,433648,3592,158,40,0,right,1,19,19,0,0,,,,,0,,,,,,,,,,,,,,,,,,,,,,,,,,,,,,,,,,,,,,,,,,
752.2613439999986,unswap_cycle_summary,,,,,,,,,,,,404,376,780,,,,,,,,,,,,,,,,,,,512,0.0006,,,,,,,,,,,,,128,4,433648,3592,158,40,,,,,,,,,,,,,,,,,,,,50,7.038766375044361,780,808,28,0,False,,,,,,,,,,,,,,,,,,,,,,,,,,,,
752.46595320903,rewiring,right,post_unswap,0.15515245799906552,43,False,False,,,,,,,,,,,,,,,,,,,,,,,,,,,,,,,,,,,,,,,,,,,,,,,,,,,,,,,,,,,,,,,,,,50,,,,,,,50,False,0,4,bond_profile,8,False,1,1132,"(721, 128, 13, 8, 21, 117, 41)",0.0023975010262802243,0.15272750006988645,"[{'seed': 123, 'score': (751, 128, 13, 8, 21, 118, 41), 'num_layers': 41, 'total_swaps': 118, 'max_layer_swaps': 10, 'swap_only_layers': 21, 'work_layers': 20, 'unitary_layers': 20, 'first_work_layer': 0, 'leading_no_work_layers': 0, 'bond_profile_layers_scored': 8, 'bond_profile_total_cost': 751, 'bond_profile_max_cost': 128, 'bond_profile_gate_count': 13}, {'seed': 1132, 'score': (721, 128, 13, 8, 21, 117, 41), 'num_layers': 41, 'total_swaps': 117, 'max_layer_swaps': 10, 'swap_only_layers': 21, 'work_layers': 20, 'unitary_layers': 20, 'first_work_layer': 0, 'leading_no_work_layers': 0, 'bond_profile_layers_scored': 8, 'bond_profile_total_cost': 721, 'bond_profile_max_cost': 128, 'bond_profile_gate_count': 13}, {'seed': 2141, 'score': (751, 128, 13, 8, 21, 118, 42), 'num_layers': 42, 'total_swaps': 118, 'max_layer_swaps': 10, 'swap_only_layers': 21, 'work_layers': 21, 'unitary_layers': 21, 'first_work_layer': 0, 'leading_no_work_layers': 0, 'bond_profile_layers_scored': 8, 'bond_profile_total_cost': 751, 'bond_profile_max_cost': 128, 'bond_profile_gate_count': 13}, {'seed': 3150, 'score': (751, 128, 13, 8, 21, 118, 42), 'num_layers': 42, 'total_swaps': 118, 'max_layer_swaps': 10, 'swap_only_layers': 21, 'work_layers': 21, 'unitary_layers': 21, 'first_work_layer': 0, 'leading_no_work_layers': 0, 'bond_profile_layers_scored': 8, 'bond_profile_total_cost': 751, 'bond_profile_max_cost': 128, 'bond_profile_gate_count': 13}]",0.15514570899540558,0.1553316669887863,,,,,,,,,,,,,
752.514677166997,cycle_progress,,,,,,,,,,,,404,376,780,,,,,,,,,,,,,,,,,,,512,0.0006,,433648,38,,,,,,,,,,128,4,433648,3592,158,40,,,,,,,,,,,,,,,,,,,,50,,780,808,28,0,False,,,,,,,,,,,,,,,0.1553316669887863,,,,,,,,,,,,,
755.3349865000346,unswapping,,,,,,,,,,,,,,,,,,,,,,,,,,,,,,,,,,,,,,,,,,,,,,,128,4,433648,3592,158,40,0,both,0,20,20,0,0,,,,,0,,,,,,,,,,,,,,,,,,,,,,,,,,,,,,,,,,,,,,,,,,
757.2119168339996,unswapping,,,,,,,,,,,,,,,,,,,,,,,,,,,,,,,,,,,,,,,,,,,,,,,128,4,433648,3592,158,40,0,both,1,19,19,0,0,,,,,0,,,,,,,,,,,,,,,,,,,,,,,,,,,,,,,,,,,,,,,,,,
758.1814070420223,unswapping,,,,,,,,,,,,,,,,,,,,,,,,,,,,,,,,,,,,,,,,,,,,,,,128,4,433648,3592,158,40,0,left,0,20,20,0,0,,,,,0,,,,,,,,,,,,,,,,,,,,,,,,,,,,,,,,,,,,,,,,,,
759.0575705000083,unswapping,,,,,,,,,,,,,,,,,,,,,,,,,,,,,,,,,,,,,,,,,,,,,,,128,4,433648,3592,158,40,0,left,1,19,19,0,0,,,,,0,,,,,,,,,,,,,,,,,,,,,,,,,,,,,,,,,,,,,,,,,,
759.9929110420053,unswapping,,,,,,,,,,,,,,,,,,,,,,,,,,,,,,,,,,,,,,,,,,,,,,,128,4,433648,3592,158,40,0,right,0,20,20,0,0,,,,,0,,,,,,,,,,,,,,,,,,,,,,,,,,,,,,,,,,,,,,,,,,
760.8218381250044,unswapping,,,,,,,,,,,,,,,,,,,,,,,,,,,,,,,,,,,,,,,,,,,,,,,128,4,433648,3592,158,40,0,right,1,19,19,0,0,,,,,0,,,,,,,,,,,,,,,,,,,,,,,,,,,,,,,,,,,,,,,,,,
761.1267296250444,unswap_cycle_summary,,,,,,,,,,,,404,376,780,,,,,,,,,,,,,,,,,,,512,0.0006,,,,,,,,,,,,,128,4,433648,3592,158,40,,,,,,,,,,,,,,,,,,,,51,7.594109750003554,780,808,28,0,False,,,,,,,,,,,,,,,,,,,,,,,,,,,,
761.3242346670013,rewiring,right,post_unswap,0.14781316701555625,43,False,False,,,,,,,,,,,,,,,,,,,,,,,,,,,,,,,,,,,,,,,,,,,,,,,,,,,,,,,,,,,,,,,,,,51,,,,,,,50,False,0,4,bond_profile,8,False,1,1132,"(721, 128, 13, 8, 21, 117, 41)",0.002427792001981288,0.14536187396151945,"[{'seed': 123, 'score': (751, 128, 13, 8, 21, 118, 41), 'num_layers': 41, 'total_swaps': 118, 'max_layer_swaps': 10, 'swap_only_layers': 21, 'work_layers': 20, 'unitary_layers': 20, 'first_work_layer': 0, 'leading_no_work_layers': 0, 'bond_profile_layers_scored': 8, 'bond_profile_total_cost': 751, 'bond_profile_max_cost': 128, 'bond_profile_gate_count': 13}, {'seed': 1132, 'score': (721, 128, 13, 8, 21, 117, 41), 'num_layers': 41, 'total_swaps': 117, 'max_layer_swaps': 10, 'swap_only_layers': 21, 'work_layers': 20, 'unitary_layers': 20, 'first_work_layer': 0, 'leading_no_work_layers': 0, 'bond_profile_layers_scored': 8, 'bond_profile_total_cost': 721, 'bond_profile_max_cost': 128, 'bond_profile_gate_count': 13}, {'seed': 2141, 'score': (751, 128, 13, 8, 21, 118, 42), 'num_layers': 42, 'total_swaps': 118, 'max_layer_swaps': 10, 'swap_only_layers': 21, 'work_layers': 21, 'unitary_layers': 21, 'first_work_layer': 0, 'leading_no_work_layers': 0, 'bond_profile_layers_scored': 8, 'bond_profile_total_cost': 751, 'bond_profile_max_cost': 128, 'bond_profile_gate_count': 13}, {'seed': 3150, 'score': (751, 128, 13, 8, 21, 118, 42), 'num_layers': 42, 'total_swaps': 118, 'max_layer_swaps': 10, 'swap_only_layers': 21, 'work_layers': 21, 'unitary_layers': 21, 'first_work_layer': 0, 'leading_no_work_layers': 0, 'bond_profile_layers_scored': 8, 'bond_profile_total_cost': 751, 'bond_profile_max_cost': 128, 'bond_profile_gate_count': 13}]",0.147807749977801,0.1479954999522306,,,,,,,,,,,,,
761.3743440420367,cycle_progress,,,,,,,,,,,,404,376,780,,,,,,,,,,,,,,,,,,,512,0.0006,,433648,39,,,,,,,,,,128,4,433648,3592,158,40,,,,,,,,,,,,,,,,,,,,51,,780,808,28,0,False,,,,,,,,,,,,,,,0.1479954999522306,,,,,,,,,,,,,
764.4952954589971,unswapping,,,,,,,,,,,,,,,,,,,,,,,,,,,,,,,,,,,,,,,,,,,,,,,128,4,433648,3592,158,40,0,both,0,20,20,0,0,,,,,0,,,,,,,,,,,,,,,,,,,,,,,,,,,,,,,,,,,,,,,,,,
766.4197382500279,unswapping,,,,,,,,,,,,,,,,,,,,,,,,,,,,,,,,,,,,,,,,,,,,,,,128,4,433648,3592,158,40,0,both,1,19,19,0,0,,,,,0,,,,,,,,,,,,,,,,,,,,,,,,,,,,,,,,,,,,,,,,,,
767.4372519589961,unswapping,,,,,,,,,,,,,,,,,,,,,,,,,,,,,,,,,,,,,,,,,,,,,,,128,4,433648,3592,158,40,0,left,0,20,20,0,0,,,,,0,,,,,,,,,,,,,,,,,,,,,,,,,,,,,,,,,,,,,,,,,,
768.3644916670164,unswapping,,,,,,,,,,,,,,,,,,,,,,,,,,,,,,,,,,,,,,,,,,,,,,,128,4,433648,3592,158,40,0,left,1,19,19,0,0,,,,,0,,,,,,,,,,,,,,,,,,,,,,,,,,,,,,,,,,,,,,,,,,
769.3153670839965,unswapping,,,,,,,,,,,,,,,,,,,,,,,,,,,,,,,,,,,,,,,,,,,,,,,128,4,433648,3592,158,40,0,right,0,20,20,0,0,,,,,0,,,,,,,,,,,,,,,,,,,,,,,,,,,,,,,,,,,,,,,,,,
770.138916084019,unswapping,,,,,,,,,,,,,,,,,,,,,,,,,,,,,,,,,,,,,,,,,,,,,,,128,4,433648,3592,158,40,0,right,1,19,19,0,0,,,,,0,,,,,,,,,,,,,,,,,,,,,,,,,,,,,,,,,,,,,,,,,,
770.4469491250347,unswap_cycle_summary,,,,,,,,,,,,404,376,780,,,,,,,,,,,,,,,,,,,512,0.0006,,,,,,,,,,,,,128,4,433648,3592,158,40,,,,,,,,,,,,,,,,,,,,52,7.9279181670281105,780,808,28,0,False,,,,,,,,,,,,,,,,,,,,,,,,,,,,
770.7014804590144,rewiring,right,post_unswap,0.20476987498113886,43,False,False,,,,,,,,,,,,,,,,,,,,,,,,,,,,,,,,,,,,,,,,,,,,,,,,,,,,,,,,,,,,,,,,,,52,,,,,,,50,False,0,4,bond_profile,8,False,1,1132,"(721, 128, 13, 8, 21, 117, 41)",0.0024022089783102274,0.20234129199525341,"[{'seed': 123, 'score': (751, 128, 13, 8, 21, 118, 41), 'num_layers': 41, 'total_swaps': 118, 'max_layer_swaps': 10, 'swap_only_layers': 21, 'work_layers': 20, 'unitary_layers': 20, 'first_work_layer': 0, 'leading_no_work_layers': 0, 'bond_profile_layers_scored': 8, 'bond_profile_total_cost': 751, 'bond_profile_max_cost': 128, 'bond_profile_gate_count': 13}, {'seed': 1132, 'score': (721, 128, 13, 8, 21, 117, 41), 'num_layers': 41, 'total_swaps': 117, 'max_layer_swaps': 10, 'swap_only_layers': 21, 'work_layers': 20, 'unitary_layers': 20, 'first_work_layer': 0, 'leading_no_work_layers': 0, 'bond_profile_layers_scored': 8, 'bond_profile_total_cost': 721, 'bond_profile_max_cost': 128, 'bond_profile_gate_count': 13}, {'seed': 2141, 'score': (751, 128, 13, 8, 21, 118, 42), 'num_layers': 42, 'total_swaps': 118, 'max_layer_swaps': 10, 'swap_only_layers': 21, 'work_layers': 21, 'unitary_layers': 21, 'first_work_layer': 0, 'leading_no_work_layers': 0, 'bond_profile_layers_scored': 8, 'bond_profile_total_cost': 751, 'bond_profile_max_cost': 128, 'bond_profile_gate_count': 13}, {'seed': 3150, 'score': (751, 128, 13, 8, 21, 118, 42), 'num_layers': 42, 'total_swaps': 118, 'max_layer_swaps': 10, 'swap_only_layers': 21, 'work_layers': 21, 'unitary_layers': 21, 'first_work_layer': 0, 'leading_no_work_layers': 0, 'bond_profile_layers_scored': 8, 'bond_profile_total_cost': 751, 'bond_profile_max_cost': 128, 'bond_profile_gate_count': 13}]",0.2047640000237152,0.2049680829513818,,,,,,,,,,,,,
770.7513571670279,cycle_progress,,,,,,,,,,,,404,376,780,,,,,,,,,,,,,,,,,,,512,0.0006,,433648,40,,,,,,,,,,128,4,433648,3592,158,40,,,,,,,,,,,,,,,,,,,,52,,780,808,28,0,False,,,,,,,,,,,,,,,0.2049680829513818,,,,,,,,,,,,,
773.6449218750349,unswapping,,,,,,,,,,,,,,,,,,,,,,,,,,,,,,,,,,,,,,,,,,,,,,,128,4,433648,3592,158,40,0,both,0,20,20,0,0,,,,,0,,,,,,,,,,,,,,,,,,,,,,,,,,,,,,,,,,,,,,,,,,
775.5021572500118,unswapping,,,,,,,,,,,,,,,,,,,,,,,,,,,,,,,,,,,,,,,,,,,,,,,128,4,433648,3592,158,40,0,both,1,19,19,0,0,,,,,0,,,,,,,,,,,,,,,,,,,,,,,,,,,,,,,,,,,,,,,,,,
776.3930237090099,unswapping,,,,,,,,,,,,,,,,,,,,,,,,,,,,,,,,,,,,,,,,,,,,,,,128,4,433648,3592,158,40,0,left,0,20,20,0,0,,,,,0,,,,,,,,,,,,,,,,,,,,,,,,,,,,,,,,,,,,,,,,,,
777.1865243340144,unswapping,,,,,,,,,,,,,,,,,,,,,,,,,,,,,,,,,,,,,,,,,,,,,,,128,4,433648,3592,158,40,0,left,1,19,19,0,0,,,,,0,,,,,,,,,,,,,,,,,,,,,,,,,,,,,,,,,,,,,,,,,,
778.058823459025,unswapping,,,,,,,,,,,,,,,,,,,,,,,,,,,,,,,,,,,,,,,,,,,,,,,128,4,433648,3592,158,40,0,right,0,20,20,0,0,,,,,0,,,,,,,,,,,,,,,,,,,,,,,,,,,,,,,,,,,,,,,,,,
778.810013209004,unswapping,,,,,,,,,,,,,,,,,,,,,,,,,,,,,,,,,,,,,,,,,,,,,,,128,4,433648,3592,158,40,0,right,1,19,19,0,0,,,,,0,,,,,,,,,,,,,,,,,,,,,,,,,,,,,,,,,,,,,,,,,,
779.111286459025,unswap_cycle_summary,,,,,,,,,,,,404,376,780,,,,,,,,,,,,,,,,,,,512,0.0006,,,,,,,,,,,,,128,4,433648,3592,158,40,,,,,,,,,,,,,,,,,,,,53,7.303166750003584,780,808,28,0,False,,,,,,,,,,,,,,,,,,,,,,,,,,,,
779.3014316250337,rewiring,right,post_unswap,0.13935000001220033,43,False,False,,,,,,,,,,,,,,,,,,,,,,,,,,,,,,,,,,,,,,,,,,,,,,,,,,,,,,,,,,,,,,,,,,53,,,,,,,50,False,0,4,bond_profile,8,False,1,1132,"(721, 128, 13, 8, 21, 117, 41)",0.0024014590308070183,0.1369271240546368,"[{'seed': 123, 'score': (751, 128, 13, 8, 21, 118, 41), 'num_layers': 41, 'total_swaps': 118, 'max_layer_swaps': 10, 'swap_only_layers': 21, 'work_layers': 20, 'unitary_layers': 20, 'first_work_layer': 0, 'leading_no_work_layers': 0, 'bond_profile_layers_scored': 8, 'bond_profile_total_cost': 751, 'bond_profile_max_cost': 128, 'bond_profile_gate_count': 13}, {'seed': 1132, 'score': (721, 128, 13, 8, 21, 117, 41), 'num_layers': 41, 'total_swaps': 117, 'max_layer_swaps': 10, 'swap_only_layers': 21, 'work_layers': 20, 'unitary_layers': 20, 'first_work_layer': 0, 'leading_no_work_layers': 0, 'bond_profile_layers_scored': 8, 'bond_profile_total_cost': 721, 'bond_profile_max_cost': 128, 'bond_profile_gate_count': 13}, {'seed': 2141, 'score': (751, 128, 13, 8, 21, 118, 42), 'num_layers': 42, 'total_swaps': 118, 'max_layer_swaps': 10, 'swap_only_layers': 21, 'work_layers': 21, 'unitary_layers': 21, 'first_work_layer': 0, 'leading_no_work_layers': 0, 'bond_profile_layers_scored': 8, 'bond_profile_total_cost': 751, 'bond_profile_max_cost': 128, 'bond_profile_gate_count': 13}, {'seed': 3150, 'score': (751, 128, 13, 8, 21, 118, 42), 'num_layers': 42, 'total_swaps': 118, 'max_layer_swaps': 10, 'swap_only_layers': 21, 'work_layers': 21, 'unitary_layers': 21, 'first_work_layer': 0, 'leading_no_work_layers': 0, 'bond_profile_layers_scored': 8, 'bond_profile_total_cost': 751, 'bond_profile_max_cost': 128, 'bond_profile_gate_count': 13}]",0.1393453330383636,0.13950258295517415,,,,,,,,,,,,,
779.3513100839918,cycle_progress,,,,,,,,,,,,404,376,780,,,,,,,,,,,,,,,,,,,512,0.0006,,433648,41,,,,,,,,,,128,4,433648,3592,158,40,,,,,,,,,,,,,,,,,,,,53,,780,808,28,0,False,,,,,,,,,,,,,,,0.13950258295517415,,,,,,,,,,,,,
782.1760567920282,unswapping,,,,,,,,,,,,,,,,,,,,,,,,,,,,,,,,,,,,,,,,,,,,,,,128,4,433648,3592,158,40,0,both,0,20,20,0,0,,,,,0,,,,,,,,,,,,,,,,,,,,,,,,,,,,,,,,,,,,,,,,,,
783.9944807920256,unswapping,,,,,,,,,,,,,,,,,,,,,,,,,,,,,,,,,,,,,,,,,,,,,,,128,4,433648,3592,158,40,0,both,1,19,19,0,0,,,,,0,,,,,,,,,,,,,,,,,,,,,,,,,,,,,,,,,,,,,,,,,,
784.8954627090134,unswapping,,,,,,,,,,,,,,,,,,,,,,,,,,,,,,,,,,,,,,,,,,,,,,,128,4,433648,3592,158,40,0,left,0,20,20,0,0,,,,,0,,,,,,,,,,,,,,,,,,,,,,,,,,,,,,,,,,,,,,,,,,
785.7664212920354,unswapping,,,,,,,,,,,,,,,,,,,,,,,,,,,,,,,,,,,,,,,,,,,,,,,128,4,433648,3592,158,40,0,left,1,19,19,0,0,,,,,0,,,,,,,,,,,,,,,,,,,,,,,,,,,,,,,,,,,,,,,,,,
786.7115886250394,unswapping,,,,,,,,,,,,,,,,,,,,,,,,,,,,,,,,,,,,,,,,,,,,,,,128,4,433648,3592,158,40,0,right,0,20,20,0,0,,,,,0,,,,,,,,,,,,,,,,,,,,,,,,,,,,,,,,,,,,,,,,,,
787.5379831670434,unswapping,,,,,,,,,,,,,,,,,,,,,,,,,,,,,,,,,,,,,,,,,,,,,,,128,4,433648,3592,158,40,0,right,1,19,19,0,0,,,,,0,,,,,,,,,,,,,,,,,,,,,,,,,,,,,,,,,,,,,,,,,,
787.8509279590216,unswap_cycle_summary,,,,,,,,,,,,404,376,780,,,,,,,,,,,,,,,,,,,512,0.0006,,,,,,,,,,,,,128,4,433648,3592,158,40,,,,,,,,,,,,,,,,,,,,54,7.466920458013192,780,808,28,0,False,,,,,,,,,,,,,,,,,,,,,,,,,,,,
788.0709377920139,rewiring,right,post_unswap,0.16981099999975413,43,False,False,,,,,,,,,,,,,,,,,,,,,,,,,,,,,,,,,,,,,,,,,,,,,,,,,,,,,,,,,,,,,,,,,,54,,,,,,,50,False,0,4,bond_profile,8,False,1,1132,"(721, 128, 13, 8, 21, 117, 41)",0.0026541659608483315,0.16713329101912677,"[{'seed': 123, 'score': (751, 128, 13, 8, 21, 118, 41), 'num_layers': 41, 'total_swaps': 118, 'max_layer_swaps': 10, 'swap_only_layers': 21, 'work_layers': 20, 'unitary_layers': 20, 'first_work_layer': 0, 'leading_no_work_layers': 0, 'bond_profile_layers_scored': 8, 'bond_profile_total_cost': 751, 'bond_profile_max_cost': 128, 'bond_profile_gate_count': 13}, {'seed': 1132, 'score': (721, 128, 13, 8, 21, 117, 41), 'num_layers': 41, 'total_swaps': 117, 'max_layer_swaps': 10, 'swap_only_layers': 21, 'work_layers': 20, 'unitary_layers': 20, 'first_work_layer': 0, 'leading_no_work_layers': 0, 'bond_profile_layers_scored': 8, 'bond_profile_total_cost': 721, 'bond_profile_max_cost': 128, 'bond_profile_gate_count': 13}, {'seed': 2141, 'score': (751, 128, 13, 8, 21, 118, 42), 'num_layers': 42, 'total_swaps': 118, 'max_layer_swaps': 10, 'swap_only_layers': 21, 'work_layers': 21, 'unitary_layers': 21, 'first_work_layer': 0, 'leading_no_work_layers': 0, 'bond_profile_layers_scored': 8, 'bond_profile_total_cost': 751, 'bond_profile_max_cost': 128, 'bond_profile_gate_count': 13}, {'seed': 3150, 'score': (751, 128, 13, 8, 21, 118, 42), 'num_layers': 42, 'total_swaps': 118, 'max_layer_swaps': 10, 'swap_only_layers': 21, 'work_layers': 21, 'unitary_layers': 21, 'first_work_layer': 0, 'leading_no_work_layers': 0, 'bond_profile_layers_scored': 8, 'bond_profile_total_cost': 751, 'bond_profile_max_cost': 128, 'bond_profile_gate_count': 13}]",0.169805167010054,0.16999895800836384,,,,,,,,,,,,,
788.1215792089934,cycle_progress,,,,,,,,,,,,404,376,780,,,,,,,,,,,,,,,,,,,512,0.0006,,433648,42,,,,,,,,,,128,4,433648,3592,158,40,,,,,,,,,,,,,,,,,,,,54,,780,808,28,0,False,,,,,,,,,,,,,,,0.16999895800836384,,,,,,,,,,,,,
790.8386775000254,unswapping,,,,,,,,,,,,,,,,,,,,,,,,,,,,,,,,,,,,,,,,,,,,,,,128,4,433648,3592,158,40,0,both,0,20,20,0,0,,,,,0,,,,,,,,,,,,,,,,,,,,,,,,,,,,,,,,,,,,,,,,,,
792.6322332500131,unswapping,,,,,,,,,,,,,,,,,,,,,,,,,,,,,,,,,,,,,,,,,,,,,,,128,4,433648,3592,158,40,0,both,1,19,19,0,0,,,,,0,,,,,,,,,,,,,,,,,,,,,,,,,,,,,,,,,,,,,,,,,,
793.5894641670166,unswapping,,,,,,,,,,,,,,,,,,,,,,,,,,,,,,,,,,,,,,,,,,,,,,,128,4,433648,3592,158,40,0,left,0,20,20,0,0,,,,,0,,,,,,,,,,,,,,,,,,,,,,,,,,,,,,,,,,,,,,,,,,
794.477596584009,unswapping,,,,,,,,,,,,,,,,,,,,,,,,,,,,,,,,,,,,,,,,,,,,,,,128,4,433648,3592,158,40,0,left,1,19,19,0,0,,,,,0,,,,,,,,,,,,,,,,,,,,,,,,,,,,,,,,,,,,,,,,,,
795.4451281250222,unswapping,,,,,,,,,,,,,,,,,,,,,,,,,,,,,,,,,,,,,,,,,,,,,,,128,4,433648,3592,158,40,0,right,0,20,20,0,0,,,,,0,,,,,,,,,,,,,,,,,,,,,,,,,,,,,,,,,,,,,,,,,,
796.2596880000201,unswapping,,,,,,,,,,,,,,,,,,,,,,,,,,,,,,,,,,,,,,,,,,,,,,,128,4,433648,3592,158,40,0,right,1,19,19,0,0,,,,,0,,,,,,,,,,,,,,,,,,,,,,,,,,,,,,,,,,,,,,,,,,
796.5703372500138,unswap_cycle_summary,,,,,,,,,,,,404,376,780,,,,,,,,,,,,,,,,,,,512,0.0006,,,,,,,,,,,,,128,4,433648,3592,158,40,,,,,,,,,,,,,,,,,,,,55,7.3949822499998845,780,808,28,0,False,,,,,,,,,,,,,,,,,,,,,,,,,,,,
796.8361136250314,rewiring,right,post_unswap,0.21264049998717383,43,False,False,,,,,,,,,,,,,,,,,,,,,,,,,,,,,,,,,,,,,,,,,,,,,,,,,,,,,,,,,,,,,,,,,,55,,,,,,,50,False,0,4,bond_profile,8,False,1,1132,"(721, 128, 13, 8, 21, 117, 41)",0.002479876042343676,0.2101357089704834,"[{'seed': 123, 'score': (751, 128, 13, 8, 21, 118, 41), 'num_layers': 41, 'total_swaps': 118, 'max_layer_swaps': 10, 'swap_only_layers': 21, 'work_layers': 20, 'unitary_layers': 20, 'first_work_layer': 0, 'leading_no_work_layers': 0, 'bond_profile_layers_scored': 8, 'bond_profile_total_cost': 751, 'bond_profile_max_cost': 128, 'bond_profile_gate_count': 13}, {'seed': 1132, 'score': (721, 128, 13, 8, 21, 117, 41), 'num_layers': 41, 'total_swaps': 117, 'max_layer_swaps': 10, 'swap_only_layers': 21, 'work_layers': 20, 'unitary_layers': 20, 'first_work_layer': 0, 'leading_no_work_layers': 0, 'bond_profile_layers_scored': 8, 'bond_profile_total_cost': 721, 'bond_profile_max_cost': 128, 'bond_profile_gate_count': 13}, {'seed': 2141, 'score': (751, 128, 13, 8, 21, 118, 42), 'num_layers': 42, 'total_swaps': 118, 'max_layer_swaps': 10, 'swap_only_layers': 21, 'work_layers': 21, 'unitary_layers': 21, 'first_work_layer': 0, 'leading_no_work_layers': 0, 'bond_profile_layers_scored': 8, 'bond_profile_total_cost': 751, 'bond_profile_max_cost': 128, 'bond_profile_gate_count': 13}, {'seed': 3150, 'score': (751, 128, 13, 8, 21, 118, 42), 'num_layers': 42, 'total_swaps': 118, 'max_layer_swaps': 10, 'swap_only_layers': 21, 'work_layers': 21, 'unitary_layers': 21, 'first_work_layer': 0, 'leading_no_work_layers': 0, 'bond_profile_layers_scored': 8, 'bond_profile_total_cost': 751, 'bond_profile_max_cost': 128, 'bond_profile_gate_count': 13}]",0.21263437496963888,0.21282675000838935,,,,,,,,,,,,,
796.886229375028,cycle_progress,,,,,,,,,,,,404,376,780,,,,,,,,,,,,,,,,,,,512,0.0006,,433648,43,,,,,,,,,,128,4,433648,3592,158,40,,,,,,,,,,,,,,,,,,,,55,,780,808,28,0,False,,,,,,,,,,,,,,,0.21282675000838935,,,,,,,,,,,,,
799.5770805419888,unswapping,,,,,,,,,,,,,,,,,,,,,,,,,,,,,,,,,,,,,,,,,,,,,,,128,4,433648,3592,158,40,0,both,0,20,20,0,0,,,,,0,,,,,,,,,,,,,,,,,,,,,,,,,,,,,,,,,,,,,,,,,,
801.3667819590191,unswapping,,,,,,,,,,,,,,,,,,,,,,,,,,,,,,,,,,,,,,,,,,,,,,,128,4,433648,3592,158,40,0,both,1,19,19,0,0,,,,,0,,,,,,,,,,,,,,,,,,,,,,,,,,,,,,,,,,,,,,,,,,
802.3518402500194,unswapping,,,,,,,,,,,,,,,,,,,,,,,,,,,,,,,,,,,,,,,,,,,,,,,128,4,433648,3592,158,40,0,left,0,20,20,0,0,,,,,0,,,,,,,,,,,,,,,,,,,,,,,,,,,,,,,,,,,,,,,,,,
803.2820819590124,unswapping,,,,,,,,,,,,,,,,,,,,,,,,,,,,,,,,,,,,,,,,,,,,,,,128,4,433648,3592,158,40,0,left,1,19,19,0,0,,,,,0,,,,,,,,,,,,,,,,,,,,,,,,,,,,,,,,,,,,,,,,,,
804.2813426670036,unswapping,,,,,,,,,,,,,,,,,,,,,,,,,,,,,,,,,,,,,,,,,,,,,,,128,4,433648,3592,158,40,0,right,0,20,20,0,0,,,,,0,,,,,,,,,,,,,,,,,,,,,,,,,,,,,,,,,,,,,,,,,,
805.1212644170155,unswapping,,,,,,,,,,,,,,,,,,,,,,,,,,,,,,,,,,,,,,,,,,,,,,,128,4,433648,3592,158,40,0,right,1,19,19,0,0,,,,,0,,,,,,,,,,,,,,,,,,,,,,,,,,,,,,,,,,,,,,,,,,
805.4324198749964,unswap_cycle_summary,,,,,,,,,,,,404,376,780,,,,,,,,,,,,,,,,,,,512,0.0006,,,,,,,,,,,,,128,4,433648,3592,158,40,,,,,,,,,,,,,,,,,,,,56,7.516858959046658,780,808,28,0,False,,,,,,,,,,,,,,,,,,,,,,,,,,,,
805.6288190840278,rewiring,right,post_unswap,0.14382458402542397,43,False,False,,,,,,,,,,,,,,,,,,,,,,,,,,,,,,,,,,,,,,,,,,,,,,,,,,,,,,,,,,,,,,,,,,56,,,,,,,50,False,0,4,bond_profile,8,False,1,1132,"(721, 128, 13, 8, 21, 117, 41)",0.0023792089777998626,0.14142341708065942,"[{'seed': 123, 'score': (751, 128, 13, 8, 21, 118, 41), 'num_layers': 41, 'total_swaps': 118, 'max_layer_swaps': 10, 'swap_only_layers': 21, 'work_layers': 20, 'unitary_layers': 20, 'first_work_layer': 0, 'leading_no_work_layers': 0, 'bond_profile_layers_scored': 8, 'bond_profile_total_cost': 751, 'bond_profile_max_cost': 128, 'bond_profile_gate_count': 13}, {'seed': 1132, 'score': (721, 128, 13, 8, 21, 117, 41), 'num_layers': 41, 'total_swaps': 117, 'max_layer_swaps': 10, 'swap_only_layers': 21, 'work_layers': 20, 'unitary_layers': 20, 'first_work_layer': 0, 'leading_no_work_layers': 0, 'bond_profile_layers_scored': 8, 'bond_profile_total_cost': 721, 'bond_profile_max_cost': 128, 'bond_profile_gate_count': 13}, {'seed': 2141, 'score': (751, 128, 13, 8, 21, 118, 42), 'num_layers': 42, 'total_swaps': 118, 'max_layer_swaps': 10, 'swap_only_layers': 21, 'work_layers': 21, 'unitary_layers': 21, 'first_work_layer': 0, 'leading_no_work_layers': 0, 'bond_profile_layers_scored': 8, 'bond_profile_total_cost': 751, 'bond_profile_max_cost': 128, 'bond_profile_gate_count': 13}, {'seed': 3150, 'score': (751, 128, 13, 8, 21, 118, 42), 'num_layers': 42, 'total_swaps': 118, 'max_layer_swaps': 10, 'swap_only_layers': 21, 'work_layers': 21, 'unitary_layers': 21, 'first_work_layer': 0, 'leading_no_work_layers': 0, 'bond_profile_layers_scored': 8, 'bond_profile_total_cost': 751, 'bond_profile_max_cost': 128, 'bond_profile_gate_count': 13}]",0.14381945901550353,0.14400670799659565,,,,,,,,,,,,,
805.6808205420384,cycle_progress,,,,,,,,,,,,404,376,780,,,,,,,,,,,,,,,,,,,512,0.0006,,433648,44,,,,,,,,,,128,4,433648,3592,158,40,,,,,,,,,,,,,,,,,,,,56,,780,808,28,0,False,,,,,,,,,,,,,,,0.14400670799659565,,,,,,,,,,,,,
808.6756035840372,unswapping,,,,,,,,,,,,,,,,,,,,,,,,,,,,,,,,,,,,,,,,,,,,,,,128,4,433648,3592,158,40,0,both,0,20,20,0,0,,,,,0,,,,,,,,,,,,,,,,,,,,,,,,,,,,,,,,,,,,,,,,,,
810.6478591249906,unswapping,,,,,,,,,,,,,,,,,,,,,,,,,,,,,,,,,,,,,,,,,,,,,,,128,4,433648,3592,158,40,0,both,1,19,19,0,0,,,,,0,,,,,,,,,,,,,,,,,,,,,,,,,,,,,,,,,,,,,,,,,,
811.6456276670215,unswapping,,,,,,,,,,,,,,,,,,,,,,,,,,,,,,,,,,,,,,,,,,,,,,,128,4,433648,3592,158,40,0,left,0,20,20,0,0,,,,,0,,,,,,,,,,,,,,,,,,,,,,,,,,,,,,,,,,,,,,,,,,
812.5359394589905,unswapping,,,,,,,,,,,,,,,,,,,,,,,,,,,,,,,,,,,,,,,,,,,,,,,128,4,433648,3592,158,40,0,left,1,19,19,0,0,,,,,0,,,,,,,,,,,,,,,,,,,,,,,,,,,,,,,,,,,,,,,,,,
813.4798012090032,unswapping,,,,,,,,,,,,,,,,,,,,,,,,,,,,,,,,,,,,,,,,,,,,,,,128,4,433648,3592,158,40,0,right,0,20,20,0,0,,,,,0,,,,,,,,,,,,,,,,,,,,,,,,,,,,,,,,,,,,,,,,,,
814.2988952920423,unswapping,,,,,,,,,,,,,,,,,,,,,,,,,,,,,,,,,,,,,,,,,,,,,,,128,4,433648,3592,158,40,0,right,1,19,19,0,0,,,,,0,,,,,,,,,,,,,,,,,,,,,,,,,,,,,,,,,,,,,,,,,,
814.6206127500045,unswap_cycle_summary,,,,,,,,,,,,404,376,780,,,,,,,,,,,,,,,,,,,512,0.0006,,,,,,,,,,,,,128,4,433648,3592,158,40,,,,,,,,,,,,,,,,,,,,57,7.825112999998964,780,808,28,0,False,,,,,,,,,,,,,,,,,,,,,,,,,,,,
814.8137908750214,rewiring,right,post_unswap,0.14249254198512062,43,False,False,,,,,,,,,,,,,,,,,,,,,,,,,,,,,,,,,,,,,,,,,,,,,,,,,,,,,,,,,,,,,,,,,,57,,,,,,,50,False,0,4,bond_profile,8,False,1,1132,"(721, 128, 13, 8, 21, 117, 41)",0.0023726660292595625,0.1400953740812838,"[{'seed': 123, 'score': (751, 128, 13, 8, 21, 118, 41), 'num_layers': 41, 'total_swaps': 118, 'max_layer_swaps': 10, 'swap_only_layers': 21, 'work_layers': 20, 'unitary_layers': 20, 'first_work_layer': 0, 'leading_no_work_layers': 0, 'bond_profile_layers_scored': 8, 'bond_profile_total_cost': 751, 'bond_profile_max_cost': 128, 'bond_profile_gate_count': 13}, {'seed': 1132, 'score': (721, 128, 13, 8, 21, 117, 41), 'num_layers': 41, 'total_swaps': 117, 'max_layer_swaps': 10, 'swap_only_layers': 21, 'work_layers': 20, 'unitary_layers': 20, 'first_work_layer': 0, 'leading_no_work_layers': 0, 'bond_profile_layers_scored': 8, 'bond_profile_total_cost': 721, 'bond_profile_max_cost': 128, 'bond_profile_gate_count': 13}, {'seed': 2141, 'score': (751, 128, 13, 8, 21, 118, 42), 'num_layers': 42, 'total_swaps': 118, 'max_layer_swaps': 10, 'swap_only_layers': 21, 'work_layers': 21, 'unitary_layers': 21, 'first_work_layer': 0, 'leading_no_work_layers': 0, 'bond_profile_layers_scored': 8, 'bond_profile_total_cost': 751, 'bond_profile_max_cost': 128, 'bond_profile_gate_count': 13}, {'seed': 3150, 'score': (751, 128, 13, 8, 21, 118, 42), 'num_layers': 42, 'total_swaps': 118, 'max_layer_swaps': 10, 'swap_only_layers': 21, 'work_layers': 21, 'unitary_layers': 21, 'first_work_layer': 0, 'leading_no_work_layers': 0, 'bond_profile_layers_scored': 8, 'bond_profile_total_cost': 751, 'bond_profile_max_cost': 128, 'bond_profile_gate_count': 13}]",0.14248649997171015,0.14267687499523163,,,,,,,,,,,,,
814.8643122090143,cycle_progress,,,,,,,,,,,,404,376,780,,,,,,,,,,,,,,,,,,,512,0.0006,,433648,45,,,,,,,,,,128,4,433648,3592,158,40,,,,,,,,,,,,,,,,,,,,57,,780,808,28,0,False,,,,,,,,,,,,,,,0.14267687499523163,,,,,,,,,,,,,
817.4661962090177,unswapping,,,,,,,,,,,,,,,,,,,,,,,,,,,,,,,,,,,,,,,,,,,,,,,128,4,433648,3592,158,40,0,both,0,20,20,0,0,,,,,0,,,,,,,,,,,,,,,,,,,,,,,,,,,,,,,,,,,,,,,,,,
819.2986228340305,unswapping,,,,,,,,,,,,,,,,,,,,,,,,,,,,,,,,,,,,,,,,,,,,,,,128,4,433648,3592,158,40,0,both,1,19,19,0,0,,,,,0,,,,,,,,,,,,,,,,,,,,,,,,,,,,,,,,,,,,,,,,,,
820.2043803340057,unswapping,,,,,,,,,,,,,,,,,,,,,,,,,,,,,,,,,,,,,,,,,,,,,,,128,4,433648,3592,158,40,0,left,0,20,20,0,0,,,,,0,,,,,,,,,,,,,,,,,,,,,,,,,,,,,,,,,,,,,,,,,,
821.0286450840067,unswapping,,,,,,,,,,,,,,,,,,,,,,,,,,,,,,,,,,,,,,,,,,,,,,,128,4,433648,3592,158,40,0,left,1,19,19,0,0,,,,,0,,,,,,,,,,,,,,,,,,,,,,,,,,,,,,,,,,,,,,,,,,
821.9900847920217,unswapping,,,,,,,,,,,,,,,,,,,,,,,,,,,,,,,,,,,,,,,,,,,,,,,128,4,433648,3592,158,40,0,right,0,20,20,0,0,,,,,0,,,,,,,,,,,,,,,,,,,,,,,,,,,,,,,,,,,,,,,,,,
822.8179866250139,unswapping,,,,,,,,,,,,,,,,,,,,,,,,,,,,,,,,,,,,,,,,,,,,,,,128,4,433648,3592,158,40,0,right,1,19,19,0,0,,,,,0,,,,,,,,,,,,,,,,,,,,,,,,,,,,,,,,,,,,,,,,,,
823.1365377920447,unswap_cycle_summary,,,,,,,,,,,,404,376,780,,,,,,,,,,,,,,,,,,,512,0.0006,,,,,,,,,,,,,128,4,433648,3592,158,40,,,,,,,,,,,,,,,,,,,,58,7.271357458026614,780,808,28,0,False,,,,,,,,,,,,,,,,,,,,,,,,,,,,
823.4250918340404,rewiring,right,post_unswap,0.23617904196726158,43,False,False,,,,,,,,,,,,,,,,,,,,,,,,,,,,,,,,,,,,,,,,,,,,,,,,,,,,,,,,,,,,,,,,,,58,,,,,,,50,False,0,4,bond_profile,8,False,1,1132,"(721, 128, 13, 8, 21, 117, 41)",0.0026370430714450777,0.23351425002329051,"[{'seed': 123, 'score': (751, 128, 13, 8, 21, 118, 41), 'num_layers': 41, 'total_swaps': 118, 'max_layer_swaps': 10, 'swap_only_layers': 21, 'work_layers': 20, 'unitary_layers': 20, 'first_work_layer': 0, 'leading_no_work_layers': 0, 'bond_profile_layers_scored': 8, 'bond_profile_total_cost': 751, 'bond_profile_max_cost': 128, 'bond_profile_gate_count': 13}, {'seed': 1132, 'score': (721, 128, 13, 8, 21, 117, 41), 'num_layers': 41, 'total_swaps': 117, 'max_layer_swaps': 10, 'swap_only_layers': 21, 'work_layers': 20, 'unitary_layers': 20, 'first_work_layer': 0, 'leading_no_work_layers': 0, 'bond_profile_layers_scored': 8, 'bond_profile_total_cost': 721, 'bond_profile_max_cost': 128, 'bond_profile_gate_count': 13}, {'seed': 2141, 'score': (751, 128, 13, 8, 21, 118, 42), 'num_layers': 42, 'total_swaps': 118, 'max_layer_swaps': 10, 'swap_only_layers': 21, 'work_layers': 21, 'unitary_layers': 21, 'first_work_layer': 0, 'leading_no_work_layers': 0, 'bond_profile_layers_scored': 8, 'bond_profile_total_cost': 751, 'bond_profile_max_cost': 128, 'bond_profile_gate_count': 13}, {'seed': 3150, 'score': (751, 128, 13, 8, 21, 118, 42), 'num_layers': 42, 'total_swaps': 118, 'max_layer_swaps': 10, 'swap_only_layers': 21, 'work_layers': 21, 'unitary_layers': 21, 'first_work_layer': 0, 'leading_no_work_layers': 0, 'bond_profile_layers_scored': 8, 'bond_profile_total_cost': 751, 'bond_profile_max_cost': 128, 'bond_profile_gate_count': 13}]",0.23617341701174155,0.23641012504231185,,,,,,,,,,,,,
823.4795757090324,cycle_progress,,,,,,,,,,,,404,376,780,,,,,,,,,,,,,,,,,,,512,0.0006,,433648,46,,,,,,,,,,128,4,433648,3592,158,40,,,,,,,,,,,,,,,,,,,,58,,780,808,28,0,False,,,,,,,,,,,,,,,0.23641012504231185,,,,,,,,,,,,,
826.2705742500257,unswapping,,,,,,,,,,,,,,,,,,,,,,,,,,,,,,,,,,,,,,,,,,,,,,,128,4,433648,3592,158,40,0,both,0,20,20,0,0,,,,,0,,,,,,,,,,,,,,,,,,,,,,,,,,,,,,,,,,,,,,,,,,
828.0127730839886,unswapping,,,,,,,,,,,,,,,,,,,,,,,,,,,,,,,,,,,,,,,,,,,,,,,128,4,433648,3592,158,40,0,both,1,19,19,0,0,,,,,0,,,,,,,,,,,,,,,,,,,,,,,,,,,,,,,,,,,,,,,,,,
828.8543602920254,unswapping,,,,,,,,,,,,,,,,,,,,,,,,,,,,,,,,,,,,,,,,,,,,,,,128,4,433648,3592,158,40,0,left,0,20,20,0,0,,,,,0,,,,,,,,,,,,,,,,,,,,,,,,,,,,,,,,,,,,,,,,,,
829.6708401250071,unswapping,,,,,,,,,,,,,,,,,,,,,,,,,,,,,,,,,,,,,,,,,,,,,,,128,4,433648,3592,158,40,0,left,1,19,19,0,0,,,,,0,,,,,,,,,,,,,,,,,,,,,,,,,,,,,,,,,,,,,,,,,,
830.4795242919936,unswapping,,,,,,,,,,,,,,,,,,,,,,,,,,,,,,,,,,,,,,,,,,,,,,,128,4,433648,3592,158,40,0,right,0,20,20,0,0,,,,,0,,,,,,,,,,,,,,,,,,,,,,,,,,,,,,,,,,,,,,,,,,
831.2073667090153,unswapping,,,,,,,,,,,,,,,,,,,,,,,,,,,,,,,,,,,,,,,,,,,,,,,128,4,433648,3592,158,40,0,right,1,19,19,0,0,,,,,0,,,,,,,,,,,,,,,,,,,,,,,,,,,,,,,,,,,,,,,,,,
831.5404085420305,unswap_cycle_summary,,,,,,,,,,,,404,376,780,,,,,,,,,,,,,,,,,,,512,0.0006,,,,,,,,,,,,,128,4,433648,3592,158,40,,,,,,,,,,,,,,,,,,,,59,6.948701624991372,780,808,28,0,False,,,,,,,,,,,,,,,,,,,,,,,,,,,,
831.7358165000333,rewiring,right,post_unswap,0.14261270797578618,43,False,False,,,,,,,,,,,,,,,,,,,,,,,,,,,,,,,,,,,,,,,,,,,,,,,,,,,,,,,,,,,,,,,,,,59,,,,,,,50,False,0,4,bond_profile,8,False,1,1132,"(721, 128, 13, 8, 21, 117, 41)",0.002491583931259811,0.14009516697842628,"[{'seed': 123, 'score': (751, 128, 13, 8, 21, 118, 41), 'num_layers': 41, 'total_swaps': 118, 'max_layer_swaps': 10, 'swap_only_layers': 21, 'work_layers': 20, 'unitary_layers': 20, 'first_work_layer': 0, 'leading_no_work_layers': 0, 'bond_profile_layers_scored': 8, 'bond_profile_total_cost': 751, 'bond_profile_max_cost': 128, 'bond_profile_gate_count': 13}, {'seed': 1132, 'score': (721, 128, 13, 8, 21, 117, 41), 'num_layers': 41, 'total_swaps': 117, 'max_layer_swaps': 10, 'swap_only_layers': 21, 'work_layers': 20, 'unitary_layers': 20, 'first_work_layer': 0, 'leading_no_work_layers': 0, 'bond_profile_layers_scored': 8, 'bond_profile_total_cost': 721, 'bond_profile_max_cost': 128, 'bond_profile_gate_count': 13}, {'seed': 2141, 'score': (751, 128, 13, 8, 21, 118, 42), 'num_layers': 42, 'total_swaps': 118, 'max_layer_swaps': 10, 'swap_only_layers': 21, 'work_layers': 21, 'unitary_layers': 21, 'first_work_layer': 0, 'leading_no_work_layers': 0, 'bond_profile_layers_scored': 8, 'bond_profile_total_cost': 751, 'bond_profile_max_cost': 128, 'bond_profile_gate_count': 13}, {'seed': 3150, 'score': (751, 128, 13, 8, 21, 118, 42), 'num_layers': 42, 'total_swaps': 118, 'max_layer_swaps': 10, 'swap_only_layers': 21, 'work_layers': 21, 'unitary_layers': 21, 'first_work_layer': 0, 'leading_no_work_layers': 0, 'bond_profile_layers_scored': 8, 'bond_profile_total_cost': 751, 'bond_profile_max_cost': 128, 'bond_profile_gate_count': 13}]",0.14260612503858283,0.14279462496051565,,,,,,,,,,,,,
831.7873009170289,cycle_progress,,,,,,,,,,,,404,376,780,,,,,,,,,,,,,,,,,,,512,0.0006,,433648,47,,,,,,,,,,128,4,433648,3592,158,40,,,,,,,,,,,,,,,,,,,,59,,780,808,28,0,False,,,,,,,,,,,,,,,0.14279462496051565,,,,,,,,,,,,,
834.7109504590044,unswapping,,,,,,,,,,,,,,,,,,,,,,,,,,,,,,,,,,,,,,,,,,,,,,,128,4,433648,3592,158,40,0,both,0,20,20,0,0,,,,,0,,,,,,,,,,,,,,,,,,,,,,,,,,,,,,,,,,,,,,,,,,
836.6327285839943,unswapping,,,,,,,,,,,,,,,,,,,,,,,,,,,,,,,,,,,,,,,,,,,,,,,128,4,433648,3592,158,40,0,both,1,19,19,0,0,,,,,0,,,,,,,,,,,,,,,,,,,,,,,,,,,,,,,,,,,,,,,,,,
837.5330779590295,unswapping,,,,,,,,,,,,,,,,,,,,,,,,,,,,,,,,,,,,,,,,,,,,,,,128,4,433648,3592,158,40,0,left,0,20,20,0,0,,,,,0,,,,,,,,,,,,,,,,,,,,,,,,,,,,,,,,,,,,,,,,,,
838.3700517090037,unswapping,,,,,,,,,,,,,,,,,,,,,,,,,,,,,,,,,,,,,,,,,,,,,,,128,4,433648,3592,158,40,0,left,1,19,19,0,0,,,,,0,,,,,,,,,,,,,,,,,,,,,,,,,,,,,,,,,,,,,,,,,,
839.279699042032,unswapping,,,,,,,,,,,,,,,,,,,,,,,,,,,,,,,,,,,,,,,,,,,,,,,128,4,433648,3592,158,40,0,right,0,20,20,0,0,,,,,0,,,,,,,,,,,,,,,,,,,,,,,,,,,,,,,,,,,,,,,,,,
840.0983015000238,unswapping,,,,,,,,,,,,,,,,,,,,,,,,,,,,,,,,,,,,,,,,,,,,,,,128,4,433648,3592,158,40,0,right,1,19,19,0,0,,,,,0,,,,,,,,,,,,,,,,,,,,,,,,,,,,,,,,,,,,,,,,,,
840.4261177920271,unswap_cycle_summary,,,,,,,,,,,,404,376,780,,,,,,,,,,,,,,,,,,,512,0.0006,,,,,,,,,,,,,128,4,433648,3592,158,40,,,,,,,,,,,,,,,,,,,,60,7.570276000013109,780,808,28,0,False,,,,,,,,,,,,,,,,,,,,,,,,,,,,
840.6128984999959,rewiring,right,post_unswap,0.13422770897159353,43,False,False,,,,,,,,,,,,,,,,,,,,,,,,,,,,,,,,,,,,,,,,,,,,,,,,,,,,,,,,,,,,,,,,,,60,,,,,,,50,False,0,4,bond_profile,8,False,1,1132,"(721, 128, 13, 8, 21, 117, 41)",0.002405542996712029,0.13179687288356945,"[{'seed': 123, 'score': (751, 128, 13, 8, 21, 118, 41), 'num_layers': 41, 'total_swaps': 118, 'max_layer_swaps': 10, 'swap_only_layers': 21, 'work_layers': 20, 'unitary_layers': 20, 'first_work_layer': 0, 'leading_no_work_layers': 0, 'bond_profile_layers_scored': 8, 'bond_profile_total_cost': 751, 'bond_profile_max_cost': 128, 'bond_profile_gate_count': 13}, {'seed': 1132, 'score': (721, 128, 13, 8, 21, 117, 41), 'num_layers': 41, 'total_swaps': 117, 'max_layer_swaps': 10, 'swap_only_layers': 21, 'work_layers': 20, 'unitary_layers': 20, 'first_work_layer': 0, 'leading_no_work_layers': 0, 'bond_profile_layers_scored': 8, 'bond_profile_total_cost': 721, 'bond_profile_max_cost': 128, 'bond_profile_gate_count': 13}, {'seed': 2141, 'score': (751, 128, 13, 8, 21, 118, 42), 'num_layers': 42, 'total_swaps': 118, 'max_layer_swaps': 10, 'swap_only_layers': 21, 'work_layers': 21, 'unitary_layers': 21, 'first_work_layer': 0, 'leading_no_work_layers': 0, 'bond_profile_layers_scored': 8, 'bond_profile_total_cost': 751, 'bond_profile_max_cost': 128, 'bond_profile_gate_count': 13}, {'seed': 3150, 'score': (751, 128, 13, 8, 21, 118, 42), 'num_layers': 42, 'total_swaps': 118, 'max_layer_swaps': 10, 'swap_only_layers': 21, 'work_layers': 21, 'unitary_layers': 21, 'first_work_layer': 0, 'leading_no_work_layers': 0, 'bond_profile_layers_scored': 8, 'bond_profile_total_cost': 751, 'bond_profile_max_cost': 128, 'bond_profile_gate_count': 13}]",0.13422183296643198,0.13440854201326147,,,,,,,,,,,,,
840.6655036250013,cycle_progress,,,,,,,,,,,,404,376,780,,,,,,,,,,,,,,,,,,,512,0.0006,,433648,48,,,,,,,,,,128,4,433648,3592,158,40,,,,,,,,,,,,,,,,,,,,60,,780,808,28,0,False,,,,,,,,,,,,,,,0.13440854201326147,,,,,,,,,,,,,
843.7114148340188,unswapping,,,,,,,,,,,,,,,,,,,,,,,,,,,,,,,,,,,,,,,,,,,,,,,128,4,433648,3592,158,40,0,both,0,20,20,0,0,,,,,0,,,,,,,,,,,,,,,,,,,,,,,,,,,,,,,,,,,,,,,,,,
845.7887131670141,unswapping,,,,,,,,,,,,,,,,,,,,,,,,,,,,,,,,,,,,,,,,,,,,,,,128,4,433648,3592,158,40,0,both,1,19,19,0,0,,,,,0,,,,,,,,,,,,,,,,,,,,,,,,,,,,,,,,,,,,,,,,,,
846.7506002919981,unswapping,,,,,,,,,,,,,,,,,,,,,,,,,,,,,,,,,,,,,,,,,,,,,,,128,4,433648,3592,158,40,0,left,0,20,20,0,0,,,,,0,,,,,,,,,,,,,,,,,,,,,,,,,,,,,,,,,,,,,,,,,,
847.6837570840144,unswapping,,,,,,,,,,,,,,,,,,,,,,,,,,,,,,,,,,,,,,,,,,,,,,,128,4,433648,3592,158,40,0,left,1,19,19,0,0,,,,,0,,,,,,,,,,,,,,,,,,,,,,,,,,,,,,,,,,,,,,,,,,
848.650649541989,unswapping,,,,,,,,,,,,,,,,,,,,,,,,,,,,,,,,,,,,,,,,,,,,,,,128,4,433648,3592,158,40,0,right,0,20,20,0,0,,,,,0,,,,,,,,,,,,,,,,,,,,,,,,,,,,,,,,,,,,,,,,,,
849.5405326670152,unswapping,,,,,,,,,,,,,,,,,,,,,,,,,,,,,,,,,,,,,,,,,,,,,,,128,4,433648,3592,158,40,0,right,1,19,19,0,0,,,,,0,,,,,,,,,,,,,,,,,,,,,,,,,,,,,,,,,,,,,,,,,,
849.8698293340276,unswap_cycle_summary,,,,,,,,,,,,404,376,780,,,,,,,,,,,,,,,,,,,512,0.0006,,,,,,,,,,,,,128,4,433648,3592,158,40,,,,,,,,,,,,,,,,,,,,61,8.129660207952838,780,808,28,0,False,,,,,,,,,,,,,,,,,,,,,,,,,,,,
850.1353807499981,rewiring,right,post_unswap,0.21102733397856355,43,False,False,,,,,,,,,,,,,,,,,,,,,,,,,,,,,,,,,,,,,,,,,,,,,,,,,,,,,,,,,,,,,,,,,,61,,,,,,,50,False,0,4,bond_profile,8,False,1,1132,"(721, 128, 13, 8, 21, 117, 41)",0.0025555419852025807,0.20844691502861679,"[{'seed': 123, 'score': (751, 128, 13, 8, 21, 118, 41), 'num_layers': 41, 'total_swaps': 118, 'max_layer_swaps': 10, 'swap_only_layers': 21, 'work_layers': 20, 'unitary_layers': 20, 'first_work_layer': 0, 'leading_no_work_layers': 0, 'bond_profile_layers_scored': 8, 'bond_profile_total_cost': 751, 'bond_profile_max_cost': 128, 'bond_profile_gate_count': 13}, {'seed': 1132, 'score': (721, 128, 13, 8, 21, 117, 41), 'num_layers': 41, 'total_swaps': 117, 'max_layer_swaps': 10, 'swap_only_layers': 21, 'work_layers': 20, 'unitary_layers': 20, 'first_work_layer': 0, 'leading_no_work_layers': 0, 'bond_profile_layers_scored': 8, 'bond_profile_total_cost': 721, 'bond_profile_max_cost': 128, 'bond_profile_gate_count': 13}, {'seed': 2141, 'score': (751, 128, 13, 8, 21, 118, 42), 'num_layers': 42, 'total_swaps': 118, 'max_layer_swaps': 10, 'swap_only_layers': 21, 'work_layers': 21, 'unitary_layers': 21, 'first_work_layer': 0, 'leading_no_work_layers': 0, 'bond_profile_layers_scored': 8, 'bond_profile_total_cost': 751, 'bond_profile_max_cost': 128, 'bond_profile_gate_count': 13}, {'seed': 3150, 'score': (751, 128, 13, 8, 21, 118, 42), 'num_layers': 42, 'total_swaps': 118, 'max_layer_swaps': 10, 'swap_only_layers': 21, 'work_layers': 21, 'unitary_layers': 21, 'first_work_layer': 0, 'leading_no_work_layers': 0, 'bond_profile_layers_scored': 8, 'bond_profile_total_cost': 751, 'bond_profile_max_cost': 128, 'bond_profile_gate_count': 13}]",0.2110217500012368,0.21123633295064792,,,,,,,,,,,,,
850.1875240000081,cycle_progress,,,,,,,,,,,,404,376,780,,,,,,,,,,,,,,,,,,,512,0.0006,,433648,49,,,,,,,,,,128,4,433648,3592,158,40,,,,,,,,,,,,,,,,,,,,61,,780,808,28,0,False,,,,,,,,,,,,,,,0.21123633295064792,,,,,,,,,,,,,
853.1366925420007,unswapping,,,,,,,,,,,,,,,,,,,,,,,,,,,,,,,,,,,,,,,,,,,,,,,128,4,433648,3592,158,40,0,both,0,20,20,0,0,,,,,0,,,,,,,,,,,,,,,,,,,,,,,,,,,,,,,,,,,,,,,,,,
854.9989584170398,unswapping,,,,,,,,,,,,,,,,,,,,,,,,,,,,,,,,,,,,,,,,,,,,,,,128,4,433648,3592,158,40,0,both,1,19,19,0,0,,,,,0,,,,,,,,,,,,,,,,,,,,,,,,,,,,,,,,,,,,,,,,,,
855.8949177500326,unswapping,,,,,,,,,,,,,,,,,,,,,,,,,,,,,,,,,,,,,,,,,,,,,,,128,4,433648,3592,158,40,0,left,0,20,20,0,0,,,,,0,,,,,,,,,,,,,,,,,,,,,,,,,,,,,,,,,,,,,,,,,,
856.7240221670363,unswapping,,,,,,,,,,,,,,,,,,,,,,,,,,,,,,,,,,,,,,,,,,,,,,,128,4,433648,3592,158,40,0,left,1,19,19,0,0,,,,,0,,,,,,,,,,,,,,,,,,,,,,,,,,,,,,,,,,,,,,,,,,
857.5988290419918,unswapping,,,,,,,,,,,,,,,,,,,,,,,,,,,,,,,,,,,,,,,,,,,,,,,128,4,433648,3592,158,40,0,right,0,20,20,0,0,,,,,0,,,,,,,,,,,,,,,,,,,,,,,,,,,,,,,,,,,,,,,,,,
858.3478396250284,unswapping,,,,,,,,,,,,,,,,,,,,,,,,,,,,,,,,,,,,,,,,,,,,,,,128,4,433648,3592,158,40,0,right,1,19,19,0,0,,,,,0,,,,,,,,,,,,,,,,,,,,,,,,,,,,,,,,,,,,,,,,,,
858.6764702920336,unswap_cycle_summary,,,,,,,,,,,,404,376,780,,,,,,,,,,,,,,,,,,,512,0.0006,,,,,,,,,,,,,128,4,433648,3592,158,40,,,,,,,,,,,,,,,,,,,,62,7.3818472499842755,780,808,28,0,False,,,,,,,,,,,,,,,,,,,,,,,,,,,,
858.8863316670177,rewiring,right,post_unswap,0.1569729590555653,43,False,False,,,,,,,,,,,,,,,,,,,,,,,,,,,,,,,,,,,,,,,,,,,,,,,,,,,,,,,,,,,,,,,,,,62,,,,,,,50,False,0,4,bond_profile,8,False,1,1132,"(721, 128, 13, 8, 21, 117, 41)",0.002463041979353875,0.1544822909636423,"[{'seed': 123, 'score': (751, 128, 13, 8, 21, 118, 41), 'num_layers': 41, 'total_swaps': 118, 'max_layer_swaps': 10, 'swap_only_layers': 21, 'work_layers': 20, 'unitary_layers': 20, 'first_work_layer': 0, 'leading_no_work_layers': 0, 'bond_profile_layers_scored': 8, 'bond_profile_total_cost': 751, 'bond_profile_max_cost': 128, 'bond_profile_gate_count': 13}, {'seed': 1132, 'score': (721, 128, 13, 8, 21, 117, 41), 'num_layers': 41, 'total_swaps': 117, 'max_layer_swaps': 10, 'swap_only_layers': 21, 'work_layers': 20, 'unitary_layers': 20, 'first_work_layer': 0, 'leading_no_work_layers': 0, 'bond_profile_layers_scored': 8, 'bond_profile_total_cost': 721, 'bond_profile_max_cost': 128, 'bond_profile_gate_count': 13}, {'seed': 2141, 'score': (751, 128, 13, 8, 21, 118, 42), 'num_layers': 42, 'total_swaps': 118, 'max_layer_swaps': 10, 'swap_only_layers': 21, 'work_layers': 21, 'unitary_layers': 21, 'first_work_layer': 0, 'leading_no_work_layers': 0, 'bond_profile_layers_scored': 8, 'bond_profile_total_cost': 751, 'bond_profile_max_cost': 128, 'bond_profile_gate_count': 13}, {'seed': 3150, 'score': (751, 128, 13, 8, 21, 118, 42), 'num_layers': 42, 'total_swaps': 118, 'max_layer_swaps': 10, 'swap_only_layers': 21, 'work_layers': 21, 'unitary_layers': 21, 'first_work_layer': 0, 'leading_no_work_layers': 0, 'bond_profile_layers_scored': 8, 'bond_profile_total_cost': 751, 'bond_profile_max_cost': 128, 'bond_profile_gate_count': 13}]",0.1569663750124164,0.15715062501840293,,,,,,,,,,,,,
858.9413970420137,cycle_progress,,,,,,,,,,,,404,376,780,,,,,,,,,,,,,,,,,,,512,0.0006,,433648,50,,,,,,,,,,128,4,433648,3592,158,40,,,,,,,,,,,,,,,,,,,,62,,780,808,28,0,False,,,,,,,,,,,,,,,0.15715062501840293,,,,,,,,,,,,,
861.6886234590202,unswapping,,,,,,,,,,,,,,,,,,,,,,,,,,,,,,,,,,,,,,,,,,,,,,,128,4,433648,3592,158,40,0,both,0,20,20,0,0,,,,,0,,,,,,,,,,,,,,,,,,,,,,,,,,,,,,,,,,,,,,,,,,
863.5402838340378,unswapping,,,,,,,,,,,,,,,,,,,,,,,,,,,,,,,,,,,,,,,,,,,,,,,128,4,433648,3592,158,40,0,both,1,19,19,0,0,,,,,0,,,,,,,,,,,,,,,,,,,,,,,,,,,,,,,,,,,,,,,,,,
864.5192641670001,unswapping,,,,,,,,,,,,,,,,,,,,,,,,,,,,,,,,,,,,,,,,,,,,,,,128,4,433648,3592,158,40,0,left,0,20,20,0,0,,,,,0,,,,,,,,,,,,,,,,,,,,,,,,,,,,,,,,,,,,,,,,,,
865.4039062090451,unswapping,,,,,,,,,,,,,,,,,,,,,,,,,,,,,,,,,,,,,,,,,,,,,,,128,4,433648,3592,158,40,0,left,1,19,19,0,0,,,,,0,,,,,,,,,,,,,,,,,,,,,,,,,,,,,,,,,,,,,,,,,,
866.306531750015,unswapping,,,,,,,,,,,,,,,,,,,,,,,,,,,,,,,,,,,,,,,,,,,,,,,128,4,433648,3592,158,40,0,right,0,20,20,0,0,,,,,0,,,,,,,,,,,,,,,,,,,,,,,,,,,,,,,,,,,,,,,,,,
867.0985435839975,unswapping,,,,,,,,,,,,,,,,,,,,,,,,,,,,,,,,,,,,,,,,,,,,,,,128,4,433648,3592,158,40,0,right,1,19,19,0,0,,,,,0,,,,,,,,,,,,,,,,,,,,,,,,,,,,,,,,,,,,,,,,,,
867.4237800420378,unswap_cycle_summary,,,,,,,,,,,,404,376,780,,,,,,,,,,,,,,,,,,,512,0.0006,,,,,,,,,,,,,128,4,433648,3592,158,40,,,,,,,,,,,,,,,,,,,,63,7.443210375029594,780,808,28,0,False,,,,,,,,,,,,,,,,,,,,,,,,,,,,
867.6205830000108,rewiring,right,post_unswap,0.14201062498614192,43,False,False,,,,,,,,,,,,,,,,,,,,,,,,,,,,,,,,,,,,,,,,,,,,,,,,,,,,,,,,,,,,,,,,,,63,,,,,,,50,False,0,4,bond_profile,8,False,1,1132,"(721, 128, 13, 8, 21, 117, 41)",0.0024335419293493032,0.13955279003130272,"[{'seed': 123, 'score': (751, 128, 13, 8, 21, 118, 41), 'num_layers': 41, 'total_swaps': 118, 'max_layer_swaps': 10, 'swap_only_layers': 21, 'work_layers': 20, 'unitary_layers': 20, 'first_work_layer': 0, 'leading_no_work_layers': 0, 'bond_profile_layers_scored': 8, 'bond_profile_total_cost': 751, 'bond_profile_max_cost': 128, 'bond_profile_gate_count': 13}, {'seed': 1132, 'score': (721, 128, 13, 8, 21, 117, 41), 'num_layers': 41, 'total_swaps': 117, 'max_layer_swaps': 10, 'swap_only_layers': 21, 'work_layers': 20, 'unitary_layers': 20, 'first_work_layer': 0, 'leading_no_work_layers': 0, 'bond_profile_layers_scored': 8, 'bond_profile_total_cost': 721, 'bond_profile_max_cost': 128, 'bond_profile_gate_count': 13}, {'seed': 2141, 'score': (751, 128, 13, 8, 21, 118, 42), 'num_layers': 42, 'total_swaps': 118, 'max_layer_swaps': 10, 'swap_only_layers': 21, 'work_layers': 21, 'unitary_layers': 21, 'first_work_layer': 0, 'leading_no_work_layers': 0, 'bond_profile_layers_scored': 8, 'bond_profile_total_cost': 751, 'bond_profile_max_cost': 128, 'bond_profile_gate_count': 13}, {'seed': 3150, 'score': (751, 128, 13, 8, 21, 118, 42), 'num_layers': 42, 'total_swaps': 118, 'max_layer_swaps': 10, 'swap_only_layers': 21, 'work_layers': 21, 'unitary_layers': 21, 'first_work_layer': 0, 'leading_no_work_layers': 0, 'bond_profile_layers_scored': 8, 'bond_profile_total_cost': 751, 'bond_profile_max_cost': 128, 'bond_profile_gate_count': 13}]",0.14200441696448252,0.14218875003280118,,,,,,,,,,,,,
867.6732997500221,cycle_progress,,,,,,,,,,,,404,376,780,,,,,,,,,,,,,,,,,,,512,0.0006,,433648,51,,,,,,,,,,128,4,433648,3592,158,40,,,,,,,,,,,,,,,,,,,,63,,780,808,28,0,False,,,,,,,,,,,,,,,0.14218875003280118,,,,,,,,,,,,,
870.4315791249974,unswapping,,,,,,,,,,,,,,,,,,,,,,,,,,,,,,,,,,,,,,,,,,,,,,,128,4,433648,3592,158,40,0,both,0,20,20,0,0,,,,,0,,,,,,,,,,,,,,,,,,,,,,,,,,,,,,,,,,,,,,,,,,
872.2698542090366,unswapping,,,,,,,,,,,,,,,,,,,,,,,,,,,,,,,,,,,,,,,,,,,,,,,128,4,433648,3592,158,40,0,both,1,19,19,0,0,,,,,0,,,,,,,,,,,,,,,,,,,,,,,,,,,,,,,,,,,,,,,,,,
873.2130219590035,unswapping,,,,,,,,,,,,,,,,,,,,,,,,,,,,,,,,,,,,,,,,,,,,,,,128,4,433648,3592,158,40,0,left,0,20,20,0,0,,,,,0,,,,,,,,,,,,,,,,,,,,,,,,,,,,,,,,,,,,,,,,,,
874.0603547500214,unswapping,,,,,,,,,,,,,,,,,,,,,,,,,,,,,,,,,,,,,,,,,,,,,,,128,4,433648,3592,158,40,0,left,1,19,19,0,0,,,,,0,,,,,,,,,,,,,,,,,,,,,,,,,,,,,,,,,,,,,,,,,,
875.0388828340219,unswapping,,,,,,,,,,,,,,,,,,,,,,,,,,,,,,,,,,,,,,,,,,,,,,,128,4,433648,3592,158,40,0,right,0,20,20,0,0,,,,,0,,,,,,,,,,,,,,,,,,,,,,,,,,,,,,,,,,,,,,,,,,
875.8508169170236,unswapping,,,,,,,,,,,,,,,,,,,,,,,,,,,,,,,,,,,,,,,,,,,,,,,128,4,433648,3592,158,40,0,right,1,19,19,0,0,,,,,0,,,,,,,,,,,,,,,,,,,,,,,,,,,,,,,,,,,,,,,,,,
876.1952550000278,unswap_cycle_summary,,,,,,,,,,,,404,376,780,,,,,,,,,,,,,,,,,,,512,0.0006,,,,,,,,,,,,,128,4,433648,3592,158,40,,,,,,,,,,,,,,,,,,,,64,7.470885915972758,780,808,28,0,False,,,,,,,,,,,,,,,,,,,,,,,,,,,,
876.4481544170412,rewiring,right,post_unswap,0.19863254099618644,43,False,False,,,,,,,,,,,,,,,,,,,,,,,,,,,,,,,,,,,,,,,,,,,,,,,,,,,,,,,,,,,,,,,,,,64,,,,,,,50,False,0,4,bond_profile,8,False,1,1132,"(721, 128, 13, 8, 21, 117, 41)",0.002346623979974538,0.19626312603941187,"[{'seed': 123, 'score': (751, 128, 13, 8, 21, 118, 41), 'num_layers': 41, 'total_swaps': 118, 'max_layer_swaps': 10, 'swap_only_layers': 21, 'work_layers': 20, 'unitary_layers': 20, 'first_work_layer': 0, 'leading_no_work_layers': 0, 'bond_profile_layers_scored': 8, 'bond_profile_total_cost': 751, 'bond_profile_max_cost': 128, 'bond_profile_gate_count': 13}, {'seed': 1132, 'score': (721, 128, 13, 8, 21, 117, 41), 'num_layers': 41, 'total_swaps': 117, 'max_layer_swaps': 10, 'swap_only_layers': 21, 'work_layers': 20, 'unitary_layers': 20, 'first_work_layer': 0, 'leading_no_work_layers': 0, 'bond_profile_layers_scored': 8, 'bond_profile_total_cost': 721, 'bond_profile_max_cost': 128, 'bond_profile_gate_count': 13}, {'seed': 2141, 'score': (751, 128, 13, 8, 21, 118, 42), 'num_layers': 42, 'total_swaps': 118, 'max_layer_swaps': 10, 'swap_only_layers': 21, 'work_layers': 21, 'unitary_layers': 21, 'first_work_layer': 0, 'leading_no_work_layers': 0, 'bond_profile_layers_scored': 8, 'bond_profile_total_cost': 751, 'bond_profile_max_cost': 128, 'bond_profile_gate_count': 13}, {'seed': 3150, 'score': (751, 128, 13, 8, 21, 118, 42), 'num_layers': 42, 'total_swaps': 118, 'max_layer_swaps': 10, 'swap_only_layers': 21, 'work_layers': 21, 'unitary_layers': 21, 'first_work_layer': 0, 'leading_no_work_layers': 0, 'bond_profile_layers_scored': 8, 'bond_profile_total_cost': 751, 'bond_profile_max_cost': 128, 'bond_profile_gate_count': 13}]",0.19862658402416855,0.19879854196915403,,,,,,,,,,,,,
876.5003406250034,cycle_progress,,,,,,,,,,,,404,376,780,,,,,,,,,,,,,,,,,,,512,0.0006,,433648,52,,,,,,,,,,128,4,433648,3592,158,40,,,,,,,,,,,,,,,,,,,,64,,780,808,28,0,False,,,,,,,,,,,,,,,0.19879854196915403,,,,,,,,,,,,,
879.2220272500417,unswapping,,,,,,,,,,,,,,,,,,,,,,,,,,,,,,,,,,,,,,,,,,,,,,,128,4,433648,3592,158,40,0,both,0,20,20,0,0,,,,,0,,,,,,,,,,,,,,,,,,,,,,,,,,,,,,,,,,,,,,,,,,
880.9558498749975,unswapping,,,,,,,,,,,,,,,,,,,,,,,,,,,,,,,,,,,,,,,,,,,,,,,128,4,433648,3592,158,40,0,both,1,19,19,0,0,,,,,0,,,,,,,,,,,,,,,,,,,,,,,,,,,,,,,,,,,,,,,,,,
881.8210952090449,unswapping,,,,,,,,,,,,,,,,,,,,,,,,,,,,,,,,,,,,,,,,,,,,,,,128,4,433648,3592,158,40,0,left,0,20,20,0,0,,,,,0,,,,,,,,,,,,,,,,,,,,,,,,,,,,,,,,,,,,,,,,,,
882.561940375017,unswapping,,,,,,,,,,,,,,,,,,,,,,,,,,,,,,,,,,,,,,,,,,,,,,,128,4,433648,3592,158,40,0,left,1,19,19,0,0,,,,,0,,,,,,,,,,,,,,,,,,,,,,,,,,,,,,,,,,,,,,,,,,
883.3539037090377,unswapping,,,,,,,,,,,,,,,,,,,,,,,,,,,,,,,,,,,,,,,,,,,,,,,128,4,433648,3592,158,40,0,right,0,20,20,0,0,,,,,0,,,,,,,,,,,,,,,,,,,,,,,,,,,,,,,,,,,,,,,,,,
884.0767581670079,unswapping,,,,,,,,,,,,,,,,,,,,,,,,,,,,,,,,,,,,,,,,,,,,,,,128,4,433648,3592,158,40,0,right,1,19,19,0,0,,,,,0,,,,,,,,,,,,,,,,,,,,,,,,,,,,,,,,,,,,,,,,,,
884.4030771250254,unswap_cycle_summary,,,,,,,,,,,,404,376,780,,,,,,,,,,,,,,,,,,,512,0.0006,,,,,,,,,,,,,128,4,433648,3592,158,40,,,,,,,,,,,,,,,,,,,,65,6.871829083014745,780,808,28,0,False,,,,,,,,,,,,,,,,,,,,,,,,,,,,
884.6018622090342,rewiring,right,post_unswap,0.14284475002205,43,False,False,,,,,,,,,,,,,,,,,,,,,,,,,,,,,,,,,,,,,,,,,,,,,,,,,,,,,,,,,,,,,,,,,,65,,,,,,,50,False,0,4,bond_profile,8,False,1,1132,"(721, 128, 13, 8, 21, 117, 41)",0.0024287079577334225,0.14039262506412342,"[{'seed': 123, 'score': (751, 128, 13, 8, 21, 118, 41), 'num_layers': 41, 'total_swaps': 118, 'max_layer_swaps': 10, 'swap_only_layers': 21, 'work_layers': 20, 'unitary_layers': 20, 'first_work_layer': 0, 'leading_no_work_layers': 0, 'bond_profile_layers_scored': 8, 'bond_profile_total_cost': 751, 'bond_profile_max_cost': 128, 'bond_profile_gate_count': 13}, {'seed': 1132, 'score': (721, 128, 13, 8, 21, 117, 41), 'num_layers': 41, 'total_swaps': 117, 'max_layer_swaps': 10, 'swap_only_layers': 21, 'work_layers': 20, 'unitary_layers': 20, 'first_work_layer': 0, 'leading_no_work_layers': 0, 'bond_profile_layers_scored': 8, 'bond_profile_total_cost': 721, 'bond_profile_max_cost': 128, 'bond_profile_gate_count': 13}, {'seed': 2141, 'score': (751, 128, 13, 8, 21, 118, 42), 'num_layers': 42, 'total_swaps': 118, 'max_layer_swaps': 10, 'swap_only_layers': 21, 'work_layers': 21, 'unitary_layers': 21, 'first_work_layer': 0, 'leading_no_work_layers': 0, 'bond_profile_layers_scored': 8, 'bond_profile_total_cost': 751, 'bond_profile_max_cost': 128, 'bond_profile_gate_count': 13}, {'seed': 3150, 'score': (751, 128, 13, 8, 21, 118, 42), 'num_layers': 42, 'total_swaps': 118, 'max_layer_swaps': 10, 'swap_only_layers': 21, 'work_layers': 21, 'unitary_layers': 21, 'first_work_layer': 0, 'leading_no_work_layers': 0, 'bond_profile_layers_scored': 8, 'bond_profile_total_cost': 751, 'bond_profile_max_cost': 128, 'bond_profile_gate_count': 13}]",0.14283866703044623,0.14304466702742502,,,,,,,,,,,,,
884.6550803750288,cycle_progress,,,,,,,,,,,,404,376,780,,,,,,,,,,,,,,,,,,,512,0.0006,,433648,53,,,,,,,,,,128,4,433648,3592,158,40,,,,,,,,,,,,,,,,,,,,65,,780,808,28,0,False,,,,,,,,,,,,,,,0.14304466702742502,,,,,,,,,,,,,
887.5105080420035,unswapping,,,,,,,,,,,,,,,,,,,,,,,,,,,,,,,,,,,,,,,,,,,,,,,128,4,433648,3592,158,40,0,both,0,20,20,0,0,,,,,0,,,,,,,,,,,,,,,,,,,,,,,,,,,,,,,,,,,,,,,,,,
889.5362513750442,unswapping,,,,,,,,,,,,,,,,,,,,,,,,,,,,,,,,,,,,,,,,,,,,,,,128,4,433648,3592,158,40,0,both,1,19,19,0,0,,,,,0,,,,,,,,,,,,,,,,,,,,,,,,,,,,,,,,,,,,,,,,,,
890.5548678750056,unswapping,,,,,,,,,,,,,,,,,,,,,,,,,,,,,,,,,,,,,,,,,,,,,,,128,4,433648,3592,158,40,0,left,0,20,20,0,0,,,,,0,,,,,,,,,,,,,,,,,,,,,,,,,,,,,,,,,,,,,,,,,,
891.4700041670003,unswapping,,,,,,,,,,,,,,,,,,,,,,,,,,,,,,,,,,,,,,,,,,,,,,,128,4,433648,3592,158,40,0,left,1,19,19,0,0,,,,,0,,,,,,,,,,,,,,,,,,,,,,,,,,,,,,,,,,,,,,,,,,
892.398112667026,unswapping,,,,,,,,,,,,,,,,,,,,,,,,,,,,,,,,,,,,,,,,,,,,,,,128,4,433648,3592,158,40,0,right,0,20,20,0,0,,,,,0,,,,,,,,,,,,,,,,,,,,,,,,,,,,,,,,,,,,,,,,,,
893.2407245420036,unswapping,,,,,,,,,,,,,,,,,,,,,,,,,,,,,,,,,,,,,,,,,,,,,,,128,4,433648,3592,158,40,0,right,1,19,19,0,0,,,,,0,,,,,,,,,,,,,,,,,,,,,,,,,,,,,,,,,,,,,,,,,,
893.5732191670104,unswap_cycle_summary,,,,,,,,,,,,404,376,780,,,,,,,,,,,,,,,,,,,512,0.0006,,,,,,,,,,,,,128,4,433648,3592,158,40,,,,,,,,,,,,,,,,,,,,66,7.848778125015087,780,808,28,0,False,,,,,,,,,,,,,,,,,,,,,,,,,,,,
893.7749541249941,rewiring,right,post_unswap,0.1465147910057567,43,False,False,,,,,,,,,,,,,,,,,,,,,,,,,,,,,,,,,,,,,,,,,,,,,,,,,,,,,,,,,,,,,,,,,,66,,,,,,,50,False,0,4,bond_profile,8,False,1,1132,"(721, 128, 13, 8, 21, 117, 41)",0.0024425419396720827,0.14404866704717278,"[{'seed': 123, 'score': (751, 128, 13, 8, 21, 118, 41), 'num_layers': 41, 'total_swaps': 118, 'max_layer_swaps': 10, 'swap_only_layers': 21, 'work_layers': 20, 'unitary_layers': 20, 'first_work_layer': 0, 'leading_no_work_layers': 0, 'bond_profile_layers_scored': 8, 'bond_profile_total_cost': 751, 'bond_profile_max_cost': 128, 'bond_profile_gate_count': 13}, {'seed': 1132, 'score': (721, 128, 13, 8, 21, 117, 41), 'num_layers': 41, 'total_swaps': 117, 'max_layer_swaps': 10, 'swap_only_layers': 21, 'work_layers': 20, 'unitary_layers': 20, 'first_work_layer': 0, 'leading_no_work_layers': 0, 'bond_profile_layers_scored': 8, 'bond_profile_total_cost': 721, 'bond_profile_max_cost': 128, 'bond_profile_gate_count': 13}, {'seed': 2141, 'score': (751, 128, 13, 8, 21, 118, 42), 'num_layers': 42, 'total_swaps': 118, 'max_layer_swaps': 10, 'swap_only_layers': 21, 'work_layers': 21, 'unitary_layers': 21, 'first_work_layer': 0, 'leading_no_work_layers': 0, 'bond_profile_layers_scored': 8, 'bond_profile_total_cost': 751, 'bond_profile_max_cost': 128, 'bond_profile_gate_count': 13}, {'seed': 3150, 'score': (751, 128, 13, 8, 21, 118, 42), 'num_layers': 42, 'total_swaps': 118, 'max_layer_swaps': 10, 'swap_only_layers': 21, 'work_layers': 21, 'unitary_layers': 21, 'first_work_layer': 0, 'leading_no_work_layers': 0, 'bond_profile_layers_scored': 8, 'bond_profile_total_cost': 751, 'bond_profile_max_cost': 128, 'bond_profile_gate_count': 13}]",0.1465088750119321,0.1467178749735467,,,,,,,,,,,,,
893.8295990840415,cycle_progress,,,,,,,,,,,,404,376,780,,,,,,,,,,,,,,,,,,,512,0.0006,,433648,54,,,,,,,,,,128,4,433648,3592,158,40,,,,,,,,,,,,,,,,,,,,66,,780,808,28,0,False,,,,,,,,,,,,,,,0.1467178749735467,,,,,,,,,,,,,
896.702715041989,unswapping,,,,,,,,,,,,,,,,,,,,,,,,,,,,,,,,,,,,,,,,,,,,,,,128,4,433648,3592,158,40,0,both,0,20,20,0,0,,,,,0,,,,,,,,,,,,,,,,,,,,,,,,,,,,,,,,,,,,,,,,,,
898.5696998340427,unswapping,,,,,,,,,,,,,,,,,,,,,,,,,,,,,,,,,,,,,,,,,,,,,,,128,4,433648,3592,158,40,0,both,1,19,19,0,0,,,,,0,,,,,,,,,,,,,,,,,,,,,,,,,,,,,,,,,,,,,,,,,,
899.4830594590167,unswapping,,,,,,,,,,,,,,,,,,,,,,,,,,,,,,,,,,,,,,,,,,,,,,,128,4,433648,3592,158,40,0,left,0,20,20,0,0,,,,,0,,,,,,,,,,,,,,,,,,,,,,,,,,,,,,,,,,,,,,,,,,
900.3277010840247,unswapping,,,,,,,,,,,,,,,,,,,,,,,,,,,,,,,,,,,,,,,,,,,,,,,128,4,433648,3592,158,40,0,left,1,19,19,0,0,,,,,0,,,,,,,,,,,,,,,,,,,,,,,,,,,,,,,,,,,,,,,,,,
901.1610279590241,unswapping,,,,,,,,,,,,,,,,,,,,,,,,,,,,,,,,,,,,,,,,,,,,,,,128,4,433648,3592,158,40,0,right,0,20,20,0,0,,,,,0,,,,,,,,,,,,,,,,,,,,,,,,,,,,,,,,,,,,,,,,,,
901.8848814170342,unswapping,,,,,,,,,,,,,,,,,,,,,,,,,,,,,,,,,,,,,,,,,,,,,,,128,4,433648,3592,158,40,0,right,1,19,19,0,0,,,,,0,,,,,,,,,,,,,,,,,,,,,,,,,,,,,,,,,,,,,,,,,,
902.2182331249933,unswap_cycle_summary,,,,,,,,,,,,404,376,780,,,,,,,,,,,,,,,,,,,512,0.0006,,,,,,,,,,,,,128,4,433648,3592,158,40,,,,,,,,,,,,,,,,,,,,67,7.234691250021569,780,808,28,0,False,,,,,,,,,,,,,,,,,,,,,,,,,,,,
902.4769591250224,rewiring,right,post_unswap,0.2038304170127958,43,False,False,,,,,,,,,,,,,,,,,,,,,,,,,,,,,,,,,,,,,,,,,,,,,,,,,,,,,,,,,,,,,,,,,,67,,,,,,,50,False,0,4,bond_profile,8,False,1,1132,"(721, 128, 13, 8, 21, 117, 41)",0.0023695850977674127,0.20143541495781392,"[{'seed': 123, 'score': (751, 128, 13, 8, 21, 118, 41), 'num_layers': 41, 'total_swaps': 118, 'max_layer_swaps': 10, 'swap_only_layers': 21, 'work_layers': 20, 'unitary_layers': 20, 'first_work_layer': 0, 'leading_no_work_layers': 0, 'bond_profile_layers_scored': 8, 'bond_profile_total_cost': 751, 'bond_profile_max_cost': 128, 'bond_profile_gate_count': 13}, {'seed': 1132, 'score': (721, 128, 13, 8, 21, 117, 41), 'num_layers': 41, 'total_swaps': 117, 'max_layer_swaps': 10, 'swap_only_layers': 21, 'work_layers': 20, 'unitary_layers': 20, 'first_work_layer': 0, 'leading_no_work_layers': 0, 'bond_profile_layers_scored': 8, 'bond_profile_total_cost': 721, 'bond_profile_max_cost': 128, 'bond_profile_gate_count': 13}, {'seed': 2141, 'score': (751, 128, 13, 8, 21, 118, 42), 'num_layers': 42, 'total_swaps': 118, 'max_layer_swaps': 10, 'swap_only_layers': 21, 'work_layers': 21, 'unitary_layers': 21, 'first_work_layer': 0, 'leading_no_work_layers': 0, 'bond_profile_layers_scored': 8, 'bond_profile_total_cost': 751, 'bond_profile_max_cost': 128, 'bond_profile_gate_count': 13}, {'seed': 3150, 'score': (751, 128, 13, 8, 21, 118, 42), 'num_layers': 42, 'total_swaps': 118, 'max_layer_swaps': 10, 'swap_only_layers': 21, 'work_layers': 21, 'unitary_layers': 21, 'first_work_layer': 0, 'leading_no_work_layers': 0, 'bond_profile_layers_scored': 8, 'bond_profile_total_cost': 751, 'bond_profile_max_cost': 128, 'bond_profile_gate_count': 13}]",0.20382095902459696,0.20400358398910612,,,,,,,,,,,,,
902.5314561669948,cycle_progress,,,,,,,,,,,,404,376,780,,,,,,,,,,,,,,,,,,,512,0.0006,,433648,55,,,,,,,,,,128,4,433648,3592,158,40,,,,,,,,,,,,,,,,,,,,67,,780,808,28,0,False,,,,,,,,,,,,,,,0.20400358398910612,,,,,,,,,,,,,
905.3111499170191,unswapping,,,,,,,,,,,,,,,,,,,,,,,,,,,,,,,,,,,,,,,,,,,,,,,128,4,433648,3592,158,40,0,both,0,20,20,0,0,,,,,0,,,,,,,,,,,,,,,,,,,,,,,,,,,,,,,,,,,,,,,,,,
907.0875642499886,unswapping,,,,,,,,,,,,,,,,,,,,,,,,,,,,,,,,,,,,,,,,,,,,,,,128,4,433648,3592,158,40,0,both,1,19,19,0,0,,,,,0,,,,,,,,,,,,,,,,,,,,,,,,,,,,,,,,,,,,,,,,,,
907.9576829590369,unswapping,,,,,,,,,,,,,,,,,,,,,,,,,,,,,,,,,,,,,,,,,,,,,,,128,4,433648,3592,158,40,0,left,0,20,20,0,0,,,,,0,,,,,,,,,,,,,,,,,,,,,,,,,,,,,,,,,,,,,,,,,,
908.7474971670308,unswapping,,,,,,,,,,,,,,,,,,,,,,,,,,,,,,,,,,,,,,,,,,,,,,,128,4,433648,3592,158,40,0,left,1,19,19,0,0,,,,,0,,,,,,,,,,,,,,,,,,,,,,,,,,,,,,,,,,,,,,,,,,
909.5998740420328,unswapping,,,,,,,,,,,,,,,,,,,,,,,,,,,,,,,,,,,,,,,,,,,,,,,128,4,433648,3592,158,40,0,right,0,20,20,0,0,,,,,0,,,,,,,,,,,,,,,,,,,,,,,,,,,,,,,,,,,,,,,,,,
910.3987320840242,unswapping,,,,,,,,,,,,,,,,,,,,,,,,,,,,,,,,,,,,,,,,,,,,,,,128,4,433648,3592,158,40,0,right,1,19,19,0,0,,,,,0,,,,,,,,,,,,,,,,,,,,,,,,,,,,,,,,,,,,,,,,,,
910.7453295000014,unswap_cycle_summary,,,,,,,,,,,,404,376,780,,,,,,,,,,,,,,,,,,,512,0.0006,,,,,,,,,,,,,128,4,433648,3592,158,40,,,,,,,,,,,,,,,,,,,,68,7.180818833003286,780,808,28,0,False,,,,,,,,,,,,,,,,,,,,,,,,,,,,
910.952559917001,rewiring,right,post_unswap,0.15030908398330212,43,False,False,,,,,,,,,,,,,,,,,,,,,,,,,,,,,,,,,,,,,,,,,,,,,,,,,,,,,,,,,,,,,,,,,,68,,,,,,,50,False,0,4,bond_profile,8,False,1,1132,"(721, 128, 13, 8, 21, 117, 41)",0.0024772080359980464,0.14780633396003395,"[{'seed': 123, 'score': (751, 128, 13, 8, 21, 118, 41), 'num_layers': 41, 'total_swaps': 118, 'max_layer_swaps': 10, 'swap_only_layers': 21, 'work_layers': 20, 'unitary_layers': 20, 'first_work_layer': 0, 'leading_no_work_layers': 0, 'bond_profile_layers_scored': 8, 'bond_profile_total_cost': 751, 'bond_profile_max_cost': 128, 'bond_profile_gate_count': 13}, {'seed': 1132, 'score': (721, 128, 13, 8, 21, 117, 41), 'num_layers': 41, 'total_swaps': 117, 'max_layer_swaps': 10, 'swap_only_layers': 21, 'work_layers': 20, 'unitary_layers': 20, 'first_work_layer': 0, 'leading_no_work_layers': 0, 'bond_profile_layers_scored': 8, 'bond_profile_total_cost': 721, 'bond_profile_max_cost': 128, 'bond_profile_gate_count': 13}, {'seed': 2141, 'score': (751, 128, 13, 8, 21, 118, 42), 'num_layers': 42, 'total_swaps': 118, 'max_layer_swaps': 10, 'swap_only_layers': 21, 'work_layers': 21, 'unitary_layers': 21, 'first_work_layer': 0, 'leading_no_work_layers': 0, 'bond_profile_layers_scored': 8, 'bond_profile_total_cost': 751, 'bond_profile_max_cost': 128, 'bond_profile_gate_count': 13}, {'seed': 3150, 'score': (751, 128, 13, 8, 21, 118, 42), 'num_layers': 42, 'total_swaps': 118, 'max_layer_swaps': 10, 'swap_only_layers': 21, 'work_layers': 21, 'unitary_layers': 21, 'first_work_layer': 0, 'leading_no_work_layers': 0, 'bond_profile_layers_scored': 8, 'bond_profile_total_cost': 751, 'bond_profile_max_cost': 128, 'bond_profile_gate_count': 13}]",0.15030283300438896,0.15049620799254626,,,,,,,,,,,,,
911.0094345420366,cycle_progress,,,,,,,,,,,,404,376,780,,,,,,,,,,,,,,,,,,,512,0.0006,,433648,56,,,,,,,,,,128,4,433648,3592,158,40,,,,,,,,,,,,,,,,,,,,68,,780,808,28,0,False,,,,,,,,,,,,,,,0.15049620799254626,,,,,,,,,,,,,
913.8620888339938,unswapping,,,,,,,,,,,,,,,,,,,,,,,,,,,,,,,,,,,,,,,,,,,,,,,128,4,433648,3592,158,40,0,both,0,20,20,0,0,,,,,0,,,,,,,,,,,,,,,,,,,,,,,,,,,,,,,,,,,,,,,,,,
915.8091646670364,unswapping,,,,,,,,,,,,,,,,,,,,,,,,,,,,,,,,,,,,,,,,,,,,,,,128,4,433648,3592,158,40,0,both,1,19,19,0,0,,,,,0,,,,,,,,,,,,,,,,,,,,,,,,,,,,,,,,,,,,,,,,,,
916.7886775840307,unswapping,,,,,,,,,,,,,,,,,,,,,,,,,,,,,,,,,,,,,,,,,,,,,,,128,4,433648,3592,158,40,0,left,0,20,20,0,0,,,,,0,,,,,,,,,,,,,,,,,,,,,,,,,,,,,,,,,,,,,,,,,,
917.6135659170104,unswapping,,,,,,,,,,,,,,,,,,,,,,,,,,,,,,,,,,,,,,,,,,,,,,,128,4,433648,3592,158,40,0,left,1,19,19,0,0,,,,,0,,,,,,,,,,,,,,,,,,,,,,,,,,,,,,,,,,,,,,,,,,
918.4899995420128,unswapping,,,,,,,,,,,,,,,,,,,,,,,,,,,,,,,,,,,,,,,,,,,,,,,128,4,433648,3592,158,40,0,right,0,20,20,0,0,,,,,0,,,,,,,,,,,,,,,,,,,,,,,,,,,,,,,,,,,,,,,,,,
919.2792880420457,unswapping,,,,,,,,,,,,,,,,,,,,,,,,,,,,,,,,,,,,,,,,,,,,,,,128,4,433648,3592,158,40,0,right,1,19,19,0,0,,,,,0,,,,,,,,,,,,,,,,,,,,,,,,,,,,,,,,,,,,,,,,,,
919.6164432500373,unswap_cycle_summary,,,,,,,,,,,,404,376,780,,,,,,,,,,,,,,,,,,,512,0.0006,,,,,,,,,,,,,128,4,433648,3592,158,40,,,,,,,,,,,,,,,,,,,,69,7.519092458009254,780,808,28,0,False,,,,,,,,,,,,,,,,,,,,,,,,,,,,
919.8187084170058,rewiring,right,post_unswap,0.14666762499837205,43,False,False,,,,,,,,,,,,,,,,,,,,,,,,,,,,,,,,,,,,,,,,,,,,,,,,,,,,,,,,,,,,,,,,,,69,,,,,,,50,False,0,4,bond_profile,8,False,1,1132,"(721, 128, 13, 8, 21, 117, 41)",0.0025208330480381846,0.14412345690652728,"[{'seed': 123, 'score': (751, 128, 13, 8, 21, 118, 41), 'num_layers': 41, 'total_swaps': 118, 'max_layer_swaps': 10, 'swap_only_layers': 21, 'work_layers': 20, 'unitary_layers': 20, 'first_work_layer': 0, 'leading_no_work_layers': 0, 'bond_profile_layers_scored': 8, 'bond_profile_total_cost': 751, 'bond_profile_max_cost': 128, 'bond_profile_gate_count': 13}, {'seed': 1132, 'score': (721, 128, 13, 8, 21, 117, 41), 'num_layers': 41, 'total_swaps': 117, 'max_layer_swaps': 10, 'swap_only_layers': 21, 'work_layers': 20, 'unitary_layers': 20, 'first_work_layer': 0, 'leading_no_work_layers': 0, 'bond_profile_layers_scored': 8, 'bond_profile_total_cost': 721, 'bond_profile_max_cost': 128, 'bond_profile_gate_count': 13}, {'seed': 2141, 'score': (751, 128, 13, 8, 21, 118, 42), 'num_layers': 42, 'total_swaps': 118, 'max_layer_swaps': 10, 'swap_only_layers': 21, 'work_layers': 21, 'unitary_layers': 21, 'first_work_layer': 0, 'leading_no_work_layers': 0, 'bond_profile_layers_scored': 8, 'bond_profile_total_cost': 751, 'bond_profile_max_cost': 128, 'bond_profile_gate_count': 13}, {'seed': 3150, 'score': (751, 128, 13, 8, 21, 118, 42), 'num_layers': 42, 'total_swaps': 118, 'max_layer_swaps': 10, 'swap_only_layers': 21, 'work_layers': 21, 'unitary_layers': 21, 'first_work_layer': 0, 'leading_no_work_layers': 0, 'bond_profile_layers_scored': 8, 'bond_profile_total_cost': 751, 'bond_profile_max_cost': 128, 'bond_profile_gate_count': 13}]",0.14666129101533443,0.14684795797802508,,,,,,,,,,,,,
919.8736726670177,cycle_progress,,,,,,,,,,,,404,376,780,,,,,,,,,,,,,,,,,,,512,0.0006,,433648,57,,,,,,,,,,128,4,433648,3592,158,40,,,,,,,,,,,,,,,,,,,,69,,780,808,28,0,False,,,,,,,,,,,,,,,0.14684795797802508,,,,,,,,,,,,,
922.5719807500136,unswapping,,,,,,,,,,,,,,,,,,,,,,,,,,,,,,,,,,,,,,,,,,,,,,,128,4,433648,3592,158,40,0,both,0,20,20,0,0,,,,,0,,,,,,,,,,,,,,,,,,,,,,,,,,,,,,,,,,,,,,,,,,
924.6290052920231,unswapping,,,,,,,,,,,,,,,,,,,,,,,,,,,,,,,,,,,,,,,,,,,,,,,128,4,433648,3592,158,40,0,both,1,19,19,0,0,,,,,0,,,,,,,,,,,,,,,,,,,,,,,,,,,,,,,,,,,,,,,,,,
925.6168647920131,unswapping,,,,,,,,,,,,,,,,,,,,,,,,,,,,,,,,,,,,,,,,,,,,,,,128,4,433648,3592,158,40,0,left,0,20,20,0,0,,,,,0,,,,,,,,,,,,,,,,,,,,,,,,,,,,,,,,,,,,,,,,,,
926.5415686670458,unswapping,,,,,,,,,,,,,,,,,,,,,,,,,,,,,,,,,,,,,,,,,,,,,,,128,4,433648,3592,158,40,0,left,1,19,19,0,0,,,,,0,,,,,,,,,,,,,,,,,,,,,,,,,,,,,,,,,,,,,,,,,,
927.5450372920022,unswapping,,,,,,,,,,,,,,,,,,,,,,,,,,,,,,,,,,,,,,,,,,,,,,,128,4,433648,3592,158,40,0,right,0,20,20,0,0,,,,,0,,,,,,,,,,,,,,,,,,,,,,,,,,,,,,,,,,,,,,,,,,
928.4556164999958,unswapping,,,,,,,,,,,,,,,,,,,,,,,,,,,,,,,,,,,,,,,,,,,,,,,128,4,433648,3592,158,40,0,right,1,19,19,0,0,,,,,0,,,,,,,,,,,,,,,,,,,,,,,,,,,,,,,,,,,,,,,,,,
928.8026732500293,unswap_cycle_summary,,,,,,,,,,,,404,376,780,,,,,,,,,,,,,,,,,,,512,0.0006,,,,,,,,,,,,,128,4,433648,3592,158,40,,,,,,,,,,,,,,,,,,,,70,7.853970833006315,780,808,28,0,False,,,,,,,,,,,,,,,,,,,,,,,,,,,,
929.0981589590083,rewiring,right,post_unswap,0.23725704103708267,43,False,False,,,,,,,,,,,,,,,,,,,,,,,,,,,,,,,,,,,,,,,,,,,,,,,,,,,,,,,,,,,,,,,,,,70,,,,,,,50,False,0,4,bond_profile,8,False,1,1132,"(721, 128, 13, 8, 21, 117, 41)",0.0025296249659731984,0.23470279102912173,"[{'seed': 123, 'score': (751, 128, 13, 8, 21, 118, 41), 'num_layers': 41, 'total_swaps': 118, 'max_layer_swaps': 10, 'swap_only_layers': 21, 'work_layers': 20, 'unitary_layers': 20, 'first_work_layer': 0, 'leading_no_work_layers': 0, 'bond_profile_layers_scored': 8, 'bond_profile_total_cost': 751, 'bond_profile_max_cost': 128, 'bond_profile_gate_count': 13}, {'seed': 1132, 'score': (721, 128, 13, 8, 21, 117, 41), 'num_layers': 41, 'total_swaps': 117, 'max_layer_swaps': 10, 'swap_only_layers': 21, 'work_layers': 20, 'unitary_layers': 20, 'first_work_layer': 0, 'leading_no_work_layers': 0, 'bond_profile_layers_scored': 8, 'bond_profile_total_cost': 721, 'bond_profile_max_cost': 128, 'bond_profile_gate_count': 13}, {'seed': 2141, 'score': (751, 128, 13, 8, 21, 118, 42), 'num_layers': 42, 'total_swaps': 118, 'max_layer_swaps': 10, 'swap_only_layers': 21, 'work_layers': 21, 'unitary_layers': 21, 'first_work_layer': 0, 'leading_no_work_layers': 0, 'bond_profile_layers_scored': 8, 'bond_profile_total_cost': 751, 'bond_profile_max_cost': 128, 'bond_profile_gate_count': 13}, {'seed': 3150, 'score': (751, 128, 13, 8, 21, 118, 42), 'num_layers': 42, 'total_swaps': 118, 'max_layer_swaps': 10, 'swap_only_layers': 21, 'work_layers': 21, 'unitary_layers': 21, 'first_work_layer': 0, 'leading_no_work_layers': 0, 'bond_profile_layers_scored': 8, 'bond_profile_total_cost': 751, 'bond_profile_max_cost': 128, 'bond_profile_gate_count': 13}]",0.2372516660252586,0.23747529200045392,,,,,,,,,,,,,
929.1609644170385,cycle_progress,,,,,,,,,,,,404,376,780,,,,,,,,,,,,,,,,,,,512,0.0006,,433648,58,,,,,,,,,,128,4,433648,3592,158,40,,,,,,,,,,,,,,,,,,,,70,,780,808,28,0,False,,,,,,,,,,,,,,,0.23747529200045392,,,,,,,,,,,,,
932.2369447920355,unswapping,,,,,,,,,,,,,,,,,,,,,,,,,,,,,,,,,,,,,,,,,,,,,,,128,4,433648,3592,158,40,0,both,0,20,20,0,0,,,,,0,,,,,,,,,,,,,,,,,,,,,,,,,,,,,,,,,,,,,,,,,,
934.1579539169907,unswapping,,,,,,,,,,,,,,,,,,,,,,,,,,,,,,,,,,,,,,,,,,,,,,,128,4,433648,3592,158,40,0,both,1,19,19,0,0,,,,,0,,,,,,,,,,,,,,,,,,,,,,,,,,,,,,,,,,,,,,,,,,
935.0764192090137,unswapping,,,,,,,,,,,,,,,,,,,,,,,,,,,,,,,,,,,,,,,,,,,,,,,128,4,433648,3592,158,40,0,left,0,20,20,0,0,,,,,0,,,,,,,,,,,,,,,,,,,,,,,,,,,,,,,,,,,,,,,,,,
935.8709839170333,unswapping,,,,,,,,,,,,,,,,,,,,,,,,,,,,,,,,,,,,,,,,,,,,,,,128,4,433648,3592,158,40,0,left,1,19,19,0,0,,,,,0,,,,,,,,,,,,,,,,,,,,,,,,,,,,,,,,,,,,,,,,,,
936.6319499590318,unswapping,,,,,,,,,,,,,,,,,,,,,,,,,,,,,,,,,,,,,,,,,,,,,,,128,4,433648,3592,158,40,0,right,0,20,20,0,0,,,,,0,,,,,,,,,,,,,,,,,,,,,,,,,,,,,,,,,,,,,,,,,,
937.3367185420357,unswapping,,,,,,,,,,,,,,,,,,,,,,,,,,,,,,,,,,,,,,,,,,,,,,,128,4,433648,3592,158,40,0,right,1,19,19,0,0,,,,,0,,,,,,,,,,,,,,,,,,,,,,,,,,,,,,,,,,,,,,,,,,
937.6717163750436,unswap_cycle_summary,,,,,,,,,,,,404,376,780,,,,,,,,,,,,,,,,,,,512,0.0006,,,,,,,,,,,,,128,4,433648,3592,158,40,,,,,,,,,,,,,,,,,,,,71,7.297210082993843,780,808,28,0,False,,,,,,,,,,,,,,,,,,,,,,,,,,,,
937.8712007920258,rewiring,right,post_unswap,0.14126333297463134,43,False,False,,,,,,,,,,,,,,,,,,,,,,,,,,,,,,,,,,,,,,,,,,,,,,,,,,,,,,,,,,,,,,,,,,71,,,,,,,50,False,0,4,bond_profile,8,False,1,1132,"(721, 128, 13, 8, 21, 117, 41)",0.0023099579848349094,0.13893024902790785,"[{'seed': 123, 'score': (751, 128, 13, 8, 21, 118, 41), 'num_layers': 41, 'total_swaps': 118, 'max_layer_swaps': 10, 'swap_only_layers': 21, 'work_layers': 20, 'unitary_layers': 20, 'first_work_layer': 0, 'leading_no_work_layers': 0, 'bond_profile_layers_scored': 8, 'bond_profile_total_cost': 751, 'bond_profile_max_cost': 128, 'bond_profile_gate_count': 13}, {'seed': 1132, 'score': (721, 128, 13, 8, 21, 117, 41), 'num_layers': 41, 'total_swaps': 117, 'max_layer_swaps': 10, 'swap_only_layers': 21, 'work_layers': 20, 'unitary_layers': 20, 'first_work_layer': 0, 'leading_no_work_layers': 0, 'bond_profile_layers_scored': 8, 'bond_profile_total_cost': 721, 'bond_profile_max_cost': 128, 'bond_profile_gate_count': 13}, {'seed': 2141, 'score': (751, 128, 13, 8, 21, 118, 42), 'num_layers': 42, 'total_swaps': 118, 'max_layer_swaps': 10, 'swap_only_layers': 21, 'work_layers': 21, 'unitary_layers': 21, 'first_work_layer': 0, 'leading_no_work_layers': 0, 'bond_profile_layers_scored': 8, 'bond_profile_total_cost': 751, 'bond_profile_max_cost': 128, 'bond_profile_gate_count': 13}, {'seed': 3150, 'score': (751, 128, 13, 8, 21, 118, 42), 'num_layers': 42, 'total_swaps': 118, 'max_layer_swaps': 10, 'swap_only_layers': 21, 'work_layers': 21, 'unitary_layers': 21, 'first_work_layer': 0, 'leading_no_work_layers': 0, 'bond_profile_layers_scored': 8, 'bond_profile_total_cost': 751, 'bond_profile_max_cost': 128, 'bond_profile_gate_count': 13}]",0.14125758403679356,0.14142320898827165,,,,,,,,,,,,,
937.9270317920018,cycle_progress,,,,,,,,,,,,404,376,780,,,,,,,,,,,,,,,,,,,512,0.0006,,433648,59,,,,,,,,,,128,4,433648,3592,158,40,,,,,,,,,,,,,,,,,,,,71,,780,808,28,0,False,,,,,,,,,,,,,,,0.14142320898827165,,,,,,,,,,,,,
937.9834214170114,termination,,,,,,,,,,,,404,376,780,,,,,,,,,,,,,,,,,,,512,0.0006,,,60,,,,,,,,,,128,4,433648,3592,158,40,,,,,,,,,,,,,,,,,,,,71,,780,808,28,,False,,,,,,,,,,,,,,,,no_progress_cycle_limit,"60 consecutive unswap cycles consumed zero work gates at cutoff=0.0006 [mode=entanglement_blowup]. The MPO is pinned near the size limits (max_bond=128 vs cap 512, elems=433648 vs unswap_threshold 500000), so no block can be absorbed without overflowing. This is the cutoff-sensitive branch: retry with a different --cutoff (verified Apple Silicon Accelerate values are in BENCHMARKS.md; start with --cutoff 0.0006), or raise --max-bond / --unswap-threshold.",entanglement_blowup,60,,,,,,,,,
938.0405912090209,timing_summary,,,17.674775500723626,,,,,,,,,,,,,,,,,,,,,,,,,,,,,,,,,,,,,,,,,,,0.0,,,,,,,,,,,,,,,,,,,,,,,,,,,,,,,,,,,,,,,,,,,,,,,17.702962790906895,,,,,0.37461683398578316,0.3749205419444479,17.300158666737843,17.328042248962447,190.52505234908313,191.0921458323137,684.9617103714263,893.7286317044636,893.7568189946469
