2026-08-25 07:16:31,707 [INFO] loaded /Users/monitsharma/code_projects/qat/tracker/data/classically-verifiable-problems/circuit-models/peaked_circuit/peaked_circuit_P9_Hqap_56x1917.qasm: qubits=56 ops={'u': 3890, 'rzz': 1917}
2026-08-25 07:16:31,713 [INFO] Pass: Collect2qBlocks - 2.81596 (ms)
2026-08-25 07:16:31,723 [INFO] Pass: ConsolidateBlocks - 10.47182 (ms)
2026-08-25 07:16:31,725 [INFO] after two-qubit block consolidation: ops={'unitary': 1885}
2026-08-25 07:16:31,751 [INFO] environment: python=3.10.21 qiskit=1.4.5 quimb=1.11.2 numpy=2.2.6 scipy=1.15.2 machine=arm64
2026-08-25 07:16:31,926 [INFO] Total unitaries: 1885 = 942 (left) + 943 (right)
2026-08-25 07:16:31,926 [INFO] Rewiring with SabreSwap(trials=90, heuristic='decay', seed=123)
2026-08-25 07:16:31,926 [INFO] No-progress fail-fast guardrail enabled: abort after 40 consecutive zero-work unswap cycle(s)
2026-08-25 07:16:31,926 [INFO] [start rewire](phase=initial, side=left, layers=59, trials=90, seed=123, parallel=False)
2026-08-25 07:16:33,208 [INFO] [end rewire](phase=initial, side=left, routed_layers=1355, elapsed_s=1.28)
2026-08-25 07:16:33,208 [INFO] [start rewire](phase=initial, side=right, layers=58, trials=90, seed=123, parallel=False)
2026-08-25 07:16:34,593 [INFO] [end rewire](phase=initial, side=right, routed_layers=1561, elapsed_s=1.39)
2026-08-25 07:16:34,608 [INFO] [start compressing] -> {'max_bond': 1, 'max_links': 4, 'total_elems': 224, 'total_shapes': 334, 'total_links': 222, 'num_tensors': 56}
2026-08-25 07:16:34,673 [INFO] [1L/1353](swap: 11, u: 0 | c_u: 0 | t_u_l: 0/942 | t_u_r: 0/943 | t_u: 0/1885) -> {'max_bond': 1, 'max_links': 4, 'total_elems': 224, 'total_shapes': 334, 'total_links': 222, 'num_tensors': 56}
2026-08-25 07:16:34,676 [WARNING] live plot.png generation disabled: No module named 'matplotlib'
2026-08-25 07:16:34,731 [INFO] [1R/1559](swap: 12, u: 0 | c_u: 0 | t_u_l: 0/942 | t_u_r: 0/943 | t_u: 0/1885) -> {'max_bond': 4, 'max_links': 4, 'total_elems': 512, 'total_shapes': 406, 'total_links': 222, 'num_tensors': 56}
2026-08-25 07:16:34,787 [INFO] [2L/1353](swap: 11, u: 1 | c_u: 1 | t_u_l: 1/942 | t_u_r: 0/943 | t_u: 1/1885) -> {'max_bond': 4, 'max_links': 4, 'total_elems': 844, 'total_shapes': 450, 'total_links': 222, 'num_tensors': 56}
2026-08-25 07:16:34,843 [INFO] [2R/1559](swap: 10, u: 1 | c_u: 2 | t_u_l: 1/942 | t_u_r: 1/943 | t_u: 2/1885) -> {'max_bond': 4, 'max_links': 4, 'total_elems': 1456, 'total_shapes': 504, 'total_links': 222, 'num_tensors': 56}
2026-08-25 07:16:34,897 [INFO] [3L/1353](swap: 14, u: 0 | c_u: 2 | t_u_l: 1/942 | t_u_r: 1/943 | t_u: 2/1885) -> {'max_bond': 16, 'max_links': 4, 'total_elems': 2464, 'total_shapes': 576, 'total_links': 222, 'num_tensors': 56}
2026-08-25 07:16:34,953 [INFO] [3R/1559](swap: 13, u: 0 | c_u: 2 | t_u_l: 1/942 | t_u_r: 1/943 | t_u: 2/1885) -> {'max_bond': 16, 'max_links': 4, 'total_elems': 4316, 'total_shapes': 700, 'total_links': 222, 'num_tensors': 56}
2026-08-25 07:16:35,009 [INFO] [4R/1559](swap: 13, u: 0 | c_u: 2 | t_u_l: 1/942 | t_u_r: 1/943 | t_u: 2/1885) -> {'max_bond': 16, 'max_links': 4, 'total_elems': 9464, 'total_shapes': 844, 'total_links': 222, 'num_tensors': 56}
2026-08-25 07:16:35,069 [INFO] [5R/1559](swap: 13, u: 0 | c_u: 2 | t_u_l: 1/942 | t_u_r: 1/943 | t_u: 2/1885) -> {'max_bond': 16, 'max_links': 4, 'total_elems': 13496, 'total_shapes': 988, 'total_links': 222, 'num_tensors': 56}
2026-08-25 07:16:35,130 [INFO] [6R/1559](swap: 12, u: 0 | c_u: 2 | t_u_l: 1/942 | t_u_r: 1/943 | t_u: 2/1885) -> {'max_bond': 16, 'max_links': 4, 'total_elems': 17516, 'total_shapes': 1102, 'total_links': 222, 'num_tensors': 56}
2026-08-25 07:16:35,196 [INFO] [4L/1353](swap: 14, u: 1 | c_u: 3 | t_u_l: 2/942 | t_u_r: 1/943 | t_u: 3/1885) -> {'max_bond': 64, 'max_links': 4, 'total_elems': 33200, 'total_shapes': 1360, 'total_links': 222, 'num_tensors': 56}
2026-08-25 07:16:35,284 [INFO] [7R/1559](swap: 12, u: 0 | c_u: 3 | t_u_l: 2/942 | t_u_r: 1/943 | t_u: 3/1885) -> {'max_bond': 64, 'max_links': 4, 'total_elems': 50120, 'total_shapes': 1666, 'total_links': 222, 'num_tensors': 56}
2026-08-25 07:16:35,390 [INFO] [8R/1559](swap: 10, u: 1 | c_u: 4 | t_u_l: 2/942 | t_u_r: 2/943 | t_u: 4/1885) -> {'max_bond': 64, 'max_links': 4, 'total_elems': 85444, 'total_shapes': 1968, 'total_links': 222, 'num_tensors': 56}
2026-08-25 07:16:35,585 [INFO] [5L/1353](swap: 13, u: 1 | c_u: 5 | t_u_l: 3/942 | t_u_r: 2/943 | t_u: 5/1885) -> {'max_bond': 64, 'max_links': 4, 'total_elems': 124352, 'total_shapes': 2254, 'total_links': 222, 'num_tensors': 56}
2026-08-25 07:16:35,843 [INFO] [6L/1353](swap: 8, u: 1 | c_u: 6 | t_u_l: 4/942 | t_u_r: 2/943 | t_u: 6/1885) -> {'max_bond': 128, 'max_links': 4, 'total_elems': 154672, 'total_shapes': 2488, 'total_links': 222, 'num_tensors': 56}
2026-08-25 07:16:36,181 [INFO] [9R/1559](swap: 9, u: 1 | c_u: 7 | t_u_l: 4/942 | t_u_r: 3/943 | t_u: 7/1885) -> {'max_bond': 128, 'max_links': 4, 'total_elems': 230320, 'total_shapes': 2992, 'total_links': 222, 'num_tensors': 56}
2026-08-25 07:16:36,737 [INFO]     [start unswap] -> {'max_bond': 128, 'max_links': 4, 'total_elems': 230320, 'total_shapes': 2992, 'total_links': 222, 'num_tensors': 56}
2026-08-25 07:16:41,113 [INFO]     [0 | both | 0](candidate_pairs: 28/28 | new_swaps: 3 | total: 3) -> {'max_bond': 256, 'max_links': 4, 'total_elems': 360032, 'total_shapes': 3340, 'total_links': 222, 'num_tensors': 56}
2026-08-25 07:16:42,807 [INFO]     [0 | both | 1](candidate_pairs: 27/27 | new_swaps: 11 | total: 14) -> {'max_bond': 64, 'max_links': 4, 'total_elems': 192960, 'total_shapes': 2464, 'total_links': 222, 'num_tensors': 56}
2026-08-25 07:16:43,236 [INFO]     [0 | left | 0](candidate_pairs: 28/28 | new_swaps: 8 | total: 22) -> {'max_bond': 64, 'max_links': 4, 'total_elems': 189156, 'total_shapes': 2364, 'total_links': 222, 'num_tensors': 56}
2026-08-25 07:16:43,885 [INFO]     [0 | left | 1](candidate_pairs: 27/27 | new_swaps: 10 | total: 32) -> {'max_bond': 64, 'max_links': 4, 'total_elems': 129196, 'total_shapes': 2044, 'total_links': 222, 'num_tensors': 56}
2026-08-25 07:16:44,165 [INFO]     [0 | right | 0](candidate_pairs: 28/28 | new_swaps: 10 | total: 42) -> {'max_bond': 64, 'max_links': 4, 'total_elems': 59812, 'total_shapes': 1390, 'total_links': 222, 'num_tensors': 56}
2026-08-25 07:16:44,292 [INFO]     [0 | right | 1](candidate_pairs: 27/27 | new_swaps: 6 | total: 48) -> {'max_bond': 64, 'max_links': 4, 'total_elems': 40364, 'total_shapes': 1202, 'total_links': 222, 'num_tensors': 56}
2026-08-25 07:16:44,484 [INFO]     [1 | both | 0](candidate_pairs: 28/28 | new_swaps: 7 | total: 7) -> {'max_bond': 64, 'max_links': 4, 'total_elems': 22856, 'total_shapes': 1036, 'total_links': 222, 'num_tensors': 56}
2026-08-25 07:16:44,612 [INFO]     [1 | both | 1](candidate_pairs: 27/27 | new_swaps: 10 | total: 17) -> {'max_bond': 32, 'max_links': 4, 'total_elems': 11060, 'total_shapes': 794, 'total_links': 222, 'num_tensors': 56}
2026-08-25 07:16:44,671 [INFO]     [1 | left | 0](candidate_pairs: 28/28 | new_swaps: 5 | total: 22) -> {'max_bond': 32, 'max_links': 4, 'total_elems': 9908, 'total_shapes': 748, 'total_links': 222, 'num_tensors': 56}
2026-08-25 07:16:44,727 [INFO]     [1 | left | 1](candidate_pairs: 27/27 | new_swaps: 2 | total: 24) -> {'max_bond': 32, 'max_links': 4, 'total_elems': 9824, 'total_shapes': 738, 'total_links': 222, 'num_tensors': 56}
2026-08-25 07:16:44,783 [INFO]     [1 | right | 0](candidate_pairs: 28/28 | new_swaps: 3 | total: 27) -> {'max_bond': 32, 'max_links': 4, 'total_elems': 9668, 'total_shapes': 720, 'total_links': 222, 'num_tensors': 56}
2026-08-25 07:16:44,837 [INFO]     [1 | right | 1](candidate_pairs: 27/27 | new_swaps: 1 | total: 28) -> {'max_bond': 32, 'max_links': 4, 'total_elems': 9608, 'total_shapes': 714, 'total_links': 222, 'num_tensors': 56}
2026-08-25 07:16:44,945 [INFO]     [2 | both | 0](candidate_pairs: 28/28 | new_swaps: 9 | total: 9) -> {'max_bond': 32, 'max_links': 4, 'total_elems': 4184, 'total_shapes': 586, 'total_links': 222, 'num_tensors': 56}
2026-08-25 07:16:45,034 [INFO]     [2 | both | 1](candidate_pairs: 27/27 | new_swaps: 8 | total: 17) -> {'max_bond': 8, 'max_links': 4, 'total_elems': 1520, 'total_shapes': 464, 'total_links': 222, 'num_tensors': 56}
2026-08-25 07:16:45,082 [INFO]     [2 | left | 0](candidate_pairs: 28/28 | new_swaps: 2 | total: 19) -> {'max_bond': 8, 'max_links': 4, 'total_elems': 1256, 'total_shapes': 446, 'total_links': 222, 'num_tensors': 56}
2026-08-25 07:16:45,130 [INFO]     [2 | left | 1](candidate_pairs: 27/27 | new_swaps: 2 | total: 21) -> {'max_bond': 8, 'max_links': 4, 'total_elems': 1072, 'total_shapes': 432, 'total_links': 222, 'num_tensors': 56}
2026-08-25 07:16:45,178 [INFO]     [2 | right | 0](candidate_pairs: 28/28 | new_swaps: 3 | total: 24) -> {'max_bond': 4, 'max_links': 4, 'total_elems': 760, 'total_shapes': 408, 'total_links': 222, 'num_tensors': 56}
2026-08-25 07:16:45,224 [INFO]     [2 | right | 1](candidate_pairs: 27/27 | new_swaps: 2 | total: 26) -> {'max_bond': 4, 'max_links': 4, 'total_elems': 640, 'total_shapes': 396, 'total_links': 222, 'num_tensors': 56}
2026-08-25 07:16:45,306 [INFO]     [3 | both | 0](candidate_pairs: 28/28 | new_swaps: 3 | total: 3) -> {'max_bond': 4, 'max_links': 4, 'total_elems': 508, 'total_shapes': 382, 'total_links': 222, 'num_tensors': 56}
2026-08-25 07:16:45,389 [INFO]     [3 | both | 1](candidate_pairs: 27/27 | new_swaps: 4 | total: 7) -> {'max_bond': 4, 'max_links': 4, 'total_elems': 460, 'total_shapes': 374, 'total_links': 222, 'num_tensors': 56}
2026-08-25 07:16:45,409 [INFO]     [3 | left | 0](candidate_pairs: 28/28 | new_swaps: 0 | total: 7) -> {'max_bond': 4, 'max_links': 4, 'total_elems': 460, 'total_shapes': 374, 'total_links': 222, 'num_tensors': 56}
2026-08-25 07:16:45,455 [INFO]     [3 | left | 1](candidate_pairs: 27/27 | new_swaps: 2 | total: 9) -> {'max_bond': 4, 'max_links': 4, 'total_elems': 396, 'total_shapes': 364, 'total_links': 222, 'num_tensors': 56}
2026-08-25 07:16:45,505 [INFO]     [3 | right | 0](candidate_pairs: 28/28 | new_swaps: 1 | total: 10) -> {'max_bond': 4, 'max_links': 4, 'total_elems': 372, 'total_shapes': 360, 'total_links': 222, 'num_tensors': 56}
2026-08-25 07:16:45,525 [INFO]     [3 | right | 1](candidate_pairs: 27/27 | new_swaps: 0 | total: 10) -> {'max_bond': 4, 'max_links': 4, 'total_elems': 372, 'total_shapes': 360, 'total_links': 222, 'num_tensors': 56}
2026-08-25 07:16:45,620 [INFO]     [4 | both | 0](candidate_pairs: 28/28 | new_swaps: 3 | total: 3) -> {'max_bond': 4, 'max_links': 4, 'total_elems': 336, 'total_shapes': 354, 'total_links': 222, 'num_tensors': 56}
2026-08-25 07:16:45,662 [INFO]     [4 | both | 1](candidate_pairs: 27/27 | new_swaps: 0 | total: 3) -> {'max_bond': 4, 'max_links': 4, 'total_elems': 336, 'total_shapes': 354, 'total_links': 222, 'num_tensors': 56}
2026-08-25 07:16:45,685 [INFO]     [4 | left | 0](candidate_pairs: 28/28 | new_swaps: 0 | total: 3) -> {'max_bond': 4, 'max_links': 4, 'total_elems': 336, 'total_shapes': 354, 'total_links': 222, 'num_tensors': 56}
2026-08-25 07:16:45,708 [INFO]     [4 | left | 1](candidate_pairs: 27/27 | new_swaps: 0 | total: 3) -> {'max_bond': 4, 'max_links': 4, 'total_elems': 336, 'total_shapes': 354, 'total_links': 222, 'num_tensors': 56}
2026-08-25 07:16:45,730 [INFO]     [4 | right | 0](candidate_pairs: 28/28 | new_swaps: 0 | total: 3) -> {'max_bond': 4, 'max_links': 4, 'total_elems': 336, 'total_shapes': 354, 'total_links': 222, 'num_tensors': 56}
2026-08-25 07:16:45,752 [INFO]     [4 | right | 1](candidate_pairs: 27/27 | new_swaps: 0 | total: 3) -> {'max_bond': 4, 'max_links': 4, 'total_elems': 336, 'total_shapes': 354, 'total_links': 222, 'num_tensors': 56}
2026-08-25 07:16:45,792 [INFO]     [5 | both | 0](candidate_pairs: 28/28 | new_swaps: 0 | total: 0) -> {'max_bond': 4, 'max_links': 4, 'total_elems': 336, 'total_shapes': 354, 'total_links': 222, 'num_tensors': 56}
2026-08-25 07:16:45,831 [INFO]     [5 | both | 1](candidate_pairs: 27/27 | new_swaps: 0 | total: 0) -> {'max_bond': 4, 'max_links': 4, 'total_elems': 336, 'total_shapes': 354, 'total_links': 222, 'num_tensors': 56}
2026-08-25 07:16:45,852 [INFO]     [5 | left | 0](candidate_pairs: 28/28 | new_swaps: 0 | total: 0) -> {'max_bond': 4, 'max_links': 4, 'total_elems': 336, 'total_shapes': 354, 'total_links': 222, 'num_tensors': 56}
2026-08-25 07:16:45,875 [INFO]     [5 | left | 1](candidate_pairs: 27/27 | new_swaps: 0 | total: 0) -> {'max_bond': 4, 'max_links': 4, 'total_elems': 336, 'total_shapes': 354, 'total_links': 222, 'num_tensors': 56}
2026-08-25 07:16:45,896 [INFO]     [5 | right | 0](candidate_pairs: 28/28 | new_swaps: 0 | total: 0) -> {'max_bond': 4, 'max_links': 4, 'total_elems': 336, 'total_shapes': 354, 'total_links': 222, 'num_tensors': 56}
2026-08-25 07:16:45,918 [INFO]     [5 | right | 1](candidate_pairs: 27/27 | new_swaps: 0 | total: 0) -> {'max_bond': 4, 'max_links': 4, 'total_elems': 336, 'total_shapes': 354, 'total_links': 222, 'num_tensors': 56}
2026-08-25 07:16:45,918 [INFO]     [end unswap] -> {'max_bond': 4, 'max_links': 4, 'total_elems': 336, 'total_shapes': 354, 'total_links': 222, 'num_tensors': 56}
2026-08-25 07:16:45,919 [INFO] [start rewire](phase=post_unswap, cycle=1, side=left, layers=1349, trials=20, seed=123, parallel=False, route_candidates=1, route_score=none)
2026-08-25 07:16:47,311 [INFO] [end rewire](phase=post_unswap, cycle=1, side=left, routed_layers=1579, elapsed_s=1.39)
2026-08-25 07:16:47,311 [INFO] [start rewire](phase=post_unswap, cycle=1, side=right, layers=1552, trials=20, seed=123, parallel=False, route_candidates=1, route_score=none)
2026-08-25 07:16:48,925 [INFO] [end rewire](phase=post_unswap, cycle=1, side=right, routed_layers=1550, elapsed_s=1.61)
2026-08-25 07:16:49,000 [INFO] [1L/1577](swap: 12, u: 0 | c_u: 0 | t_u_l: 4/942 | t_u_r: 3/943 | t_u: 7/1885) -> {'max_bond': 4, 'max_links': 4, 'total_elems': 336, 'total_shapes': 354, 'total_links': 222, 'num_tensors': 56}
2026-08-25 07:16:49,060 [INFO] [2L/1577](swap: 12, u: 0 | c_u: 0 | t_u_l: 4/942 | t_u_r: 3/943 | t_u: 7/1885) -> {'max_bond': 4, 'max_links': 4, 'total_elems': 628, 'total_shapes': 422, 'total_links': 222, 'num_tensors': 56}
2026-08-25 07:16:49,121 [INFO] [1R/1548](swap: 12, u: 0 | c_u: 0 | t_u_l: 4/942 | t_u_r: 3/943 | t_u: 7/1885) -> {'max_bond': 4, 'max_links': 4, 'total_elems': 1028, 'total_shapes': 478, 'total_links': 222, 'num_tensors': 56}
2026-08-25 07:16:49,182 [INFO] [2R/1548](swap: 13, u: 0 | c_u: 0 | t_u_l: 4/942 | t_u_r: 3/943 | t_u: 7/1885) -> {'max_bond': 8, 'max_links': 4, 'total_elems': 1756, 'total_shapes': 542, 'total_links': 222, 'num_tensors': 56}
2026-08-25 07:16:49,241 [INFO] [3L/1577](swap: 12, u: 1 | c_u: 1 | t_u_l: 5/942 | t_u_r: 3/943 | t_u: 8/1885) -> {'max_bond': 8, 'max_links': 4, 'total_elems': 2640, 'total_shapes': 598, 'total_links': 222, 'num_tensors': 56}
2026-08-25 07:16:49,297 [INFO] [4L/1577](swap: 12, u: 0 | c_u: 1 | t_u_l: 5/942 | t_u_r: 3/943 | t_u: 8/1885) -> {'max_bond': 16, 'max_links': 4, 'total_elems': 4644, 'total_shapes': 714, 'total_links': 222, 'num_tensors': 56}
2026-08-25 07:16:49,359 [INFO] [3R/1548](swap: 12, u: 0 | c_u: 1 | t_u_l: 5/942 | t_u_r: 3/943 | t_u: 8/1885) -> {'max_bond': 16, 'max_links': 4, 'total_elems': 8772, 'total_shapes': 832, 'total_links': 222, 'num_tensors': 56}
2026-08-25 07:16:49,432 [INFO] [5L/1577](swap: 11, u: 0 | c_u: 1 | t_u_l: 5/942 | t_u_r: 3/943 | t_u: 8/1885) -> {'max_bond': 64, 'max_links': 4, 'total_elems': 19236, 'total_shapes': 1054, 'total_links': 222, 'num_tensors': 56}
2026-08-25 07:16:49,523 [INFO] [4R/1548](swap: 12, u: 0 | c_u: 1 | t_u_l: 5/942 | t_u_r: 3/943 | t_u: 8/1885) -> {'max_bond': 64, 'max_links': 4, 'total_elems': 29860, 'total_shapes': 1294, 'total_links': 222, 'num_tensors': 56}
2026-08-25 07:16:49,616 [INFO] [5R/1548](swap: 12, u: 1 | c_u: 2 | t_u_l: 5/942 | t_u_r: 4/943 | t_u: 9/1885) -> {'max_bond': 64, 'max_links': 4, 'total_elems': 52896, 'total_shapes': 1476, 'total_links': 222, 'num_tensors': 56}
2026-08-25 07:16:49,730 [INFO] [6L/1577](swap: 11, u: 0 | c_u: 2 | t_u_l: 5/942 | t_u_r: 4/943 | t_u: 9/1885) -> {'max_bond': 64, 'max_links': 4, 'total_elems': 45024, 'total_shapes': 1572, 'total_links': 222, 'num_tensors': 56}
2026-08-25 07:16:49,866 [INFO] [6R/1548](swap: 12, u: 2 | c_u: 4 | t_u_l: 5/942 | t_u_r: 6/943 | t_u: 11/1885) -> {'max_bond': 64, 'max_links': 4, 'total_elems': 42980, 'total_shapes': 1542, 'total_links': 222, 'num_tensors': 56}
2026-08-25 07:16:49,985 [INFO] [7R/1548](swap: 13, u: 1 | c_u: 5 | t_u_l: 5/942 | t_u_r: 7/943 | t_u: 12/1885) -> {'max_bond': 64, 'max_links': 4, 'total_elems': 75200, 'total_shapes': 1906, 'total_links': 222, 'num_tensors': 56}
2026-08-25 07:16:50,123 [INFO] [7L/1577](swap: 12, u: 0 | c_u: 5 | t_u_l: 5/942 | t_u_r: 7/943 | t_u: 12/1885) -> {'max_bond': 64, 'max_links': 4, 'total_elems': 102880, 'total_shapes': 2160, 'total_links': 222, 'num_tensors': 56}
2026-08-25 07:16:50,312 [INFO] [8R/1548](swap: 12, u: 0 | c_u: 5 | t_u_l: 5/942 | t_u_r: 7/943 | t_u: 12/1885) -> {'max_bond': 64, 'max_links': 4, 'total_elems': 154720, 'total_shapes': 2608, 'total_links': 222, 'num_tensors': 56}
2026-08-25 07:16:50,616 [INFO] [9R/1548](swap: 9, u: 1 | c_u: 6 | t_u_l: 5/942 | t_u_r: 8/943 | t_u: 13/1885) -> {'max_bond': 64, 'max_links': 4, 'total_elems': 189408, 'total_shapes': 2896, 'total_links': 222, 'num_tensors': 56}
2026-08-25 07:16:50,997 [INFO]     [start unswap] -> {'max_bond': 64, 'max_links': 4, 'total_elems': 189408, 'total_shapes': 2896, 'total_links': 222, 'num_tensors': 56}
2026-08-25 07:16:55,663 [INFO]     [0 | both | 0](candidate_pairs: 28/28 | new_swaps: 7 | total: 7) -> {'max_bond': 256, 'max_links': 4, 'total_elems': 306432, 'total_shapes': 3314, 'total_links': 222, 'num_tensors': 56}
2026-08-25 07:16:56,944 [INFO]     [0 | both | 1](candidate_pairs: 27/27 | new_swaps: 10 | total: 17) -> {'max_bond': 64, 'max_links': 4, 'total_elems': 140772, 'total_shapes': 2408, 'total_links': 222, 'num_tensors': 56}
2026-08-25 07:16:57,235 [INFO]     [0 | left | 0](candidate_pairs: 28/28 | new_swaps: 6 | total: 23) -> {'max_bond': 64, 'max_links': 4, 'total_elems': 122340, 'total_shapes': 2120, 'total_links': 222, 'num_tensors': 56}
2026-08-25 07:16:57,658 [INFO]     [0 | left | 1](candidate_pairs: 27/27 | new_swaps: 8 | total: 31) -> {'max_bond': 64, 'max_links': 4, 'total_elems': 77832, 'total_shapes': 1804, 'total_links': 222, 'num_tensors': 56}
2026-08-25 07:16:57,833 [INFO]     [0 | right | 0](candidate_pairs: 28/28 | new_swaps: 9 | total: 40) -> {'max_bond': 64, 'max_links': 4, 'total_elems': 46908, 'total_shapes': 1434, 'total_links': 222, 'num_tensors': 56}
2026-08-25 07:16:57,942 [INFO]     [0 | right | 1](candidate_pairs: 27/27 | new_swaps: 5 | total: 45) -> {'max_bond': 64, 'max_links': 4, 'total_elems': 32252, 'total_shapes': 1274, 'total_links': 222, 'num_tensors': 56}
2026-08-25 07:16:58,115 [INFO]     [1 | both | 0](candidate_pairs: 28/28 | new_swaps: 14 | total: 14) -> {'max_bond': 32, 'max_links': 4, 'total_elems': 16084, 'total_shapes': 1010, 'total_links': 222, 'num_tensors': 56}
2026-08-25 07:16:58,241 [INFO]     [1 | both | 1](candidate_pairs: 27/27 | new_swaps: 9 | total: 23) -> {'max_bond': 32, 'max_links': 4, 'total_elems': 12656, 'total_shapes': 886, 'total_links': 222, 'num_tensors': 56}
2026-08-25 07:16:58,305 [INFO]     [1 | left | 0](candidate_pairs: 28/28 | new_swaps: 4 | total: 27) -> {'max_bond': 32, 'max_links': 4, 'total_elems': 11504, 'total_shapes': 838, 'total_links': 222, 'num_tensors': 56}
2026-08-25 07:16:58,373 [INFO]     [1 | left | 1](candidate_pairs: 27/27 | new_swaps: 6 | total: 33) -> {'max_bond': 32, 'max_links': 4, 'total_elems': 9436, 'total_shapes': 754, 'total_links': 222, 'num_tensors': 56}
2026-08-25 07:16:58,437 [INFO]     [1 | right | 0](candidate_pairs: 28/28 | new_swaps: 4 | total: 37) -> {'max_bond': 32, 'max_links': 4, 'total_elems': 8248, 'total_shapes': 712, 'total_links': 222, 'num_tensors': 56}
2026-08-25 07:16:58,496 [INFO]     [1 | right | 1](candidate_pairs: 27/27 | new_swaps: 1 | total: 38) -> {'max_bond': 32, 'max_links': 4, 'total_elems': 8188, 'total_shapes': 706, 'total_links': 222, 'num_tensors': 56}
2026-08-25 07:16:58,612 [INFO]     [2 | both | 0](candidate_pairs: 28/28 | new_swaps: 6 | total: 6) -> {'max_bond': 32, 'max_links': 4, 'total_elems': 7576, 'total_shapes': 664, 'total_links': 222, 'num_tensors': 56}
2026-08-25 07:16:58,733 [INFO]     [2 | both | 1](candidate_pairs: 27/27 | new_swaps: 11 | total: 17) -> {'max_bond': 32, 'max_links': 4, 'total_elems': 5832, 'total_shapes': 588, 'total_links': 222, 'num_tensors': 56}
2026-08-25 07:16:58,793 [INFO]     [2 | left | 0](candidate_pairs: 28/28 | new_swaps: 4 | total: 21) -> {'max_bond': 32, 'max_links': 4, 'total_elems': 5604, 'total_shapes': 564, 'total_links': 222, 'num_tensors': 56}
2026-08-25 07:16:58,817 [INFO]     [2 | left | 1](candidate_pairs: 27/27 | new_swaps: 0 | total: 21) -> {'max_bond': 32, 'max_links': 4, 'total_elems': 5604, 'total_shapes': 564, 'total_links': 222, 'num_tensors': 56}
2026-08-25 07:16:58,869 [INFO]     [2 | right | 0](candidate_pairs: 28/28 | new_swaps: 2 | total: 23) -> {'max_bond': 32, 'max_links': 4, 'total_elems': 5460, 'total_shapes': 552, 'total_links': 222, 'num_tensors': 56}
2026-08-25 07:16:58,892 [INFO]     [2 | right | 1](candidate_pairs: 27/27 | new_swaps: 0 | total: 23) -> {'max_bond': 32, 'max_links': 4, 'total_elems': 5460, 'total_shapes': 552, 'total_links': 222, 'num_tensors': 56}
2026-08-25 07:16:58,987 [INFO]     [3 | both | 0](candidate_pairs: 28/28 | new_swaps: 3 | total: 3) -> {'max_bond': 32, 'max_links': 4, 'total_elems': 4248, 'total_shapes': 530, 'total_links': 222, 'num_tensors': 56}
2026-08-25 07:16:59,081 [INFO]     [3 | both | 1](candidate_pairs: 27/27 | new_swaps: 8 | total: 11) -> {'max_bond': 16, 'max_links': 4, 'total_elems': 1344, 'total_shapes': 450, 'total_links': 222, 'num_tensors': 56}
2026-08-25 07:16:59,134 [INFO]     [3 | left | 0](candidate_pairs: 28/28 | new_swaps: 2 | total: 13) -> {'max_bond': 8, 'max_links': 4, 'total_elems': 936, 'total_shapes': 420, 'total_links': 222, 'num_tensors': 56}
2026-08-25 07:16:59,218 [INFO]     [3 | left | 1](candidate_pairs: 27/27 | new_swaps: 1 | total: 14) -> {'max_bond': 8, 'max_links': 4, 'total_elems': 876, 'total_shapes': 414, 'total_links': 222, 'num_tensors': 56}
2026-08-25 07:16:59,247 [INFO]     [3 | right | 0](candidate_pairs: 28/28 | new_swaps: 0 | total: 14) -> {'max_bond': 8, 'max_links': 4, 'total_elems': 876, 'total_shapes': 414, 'total_links': 222, 'num_tensors': 56}
2026-08-25 07:16:59,269 [INFO]     [3 | right | 1](candidate_pairs: 27/27 | new_swaps: 0 | total: 14) -> {'max_bond': 8, 'max_links': 4, 'total_elems': 876, 'total_shapes': 414, 'total_links': 222, 'num_tensors': 56}
2026-08-25 07:16:59,362 [INFO]     [4 | both | 0](candidate_pairs: 28/28 | new_swaps: 3 | total: 3) -> {'max_bond': 8, 'max_links': 4, 'total_elems': 776, 'total_shapes': 404, 'total_links': 222, 'num_tensors': 56}
2026-08-25 07:16:59,448 [INFO]     [4 | both | 1](candidate_pairs: 27/27 | new_swaps: 1 | total: 4) -> {'max_bond': 8, 'max_links': 4, 'total_elems': 764, 'total_shapes': 402, 'total_links': 222, 'num_tensors': 56}
2026-08-25 07:16:59,469 [INFO]     [4 | left | 0](candidate_pairs: 28/28 | new_swaps: 0 | total: 4) -> {'max_bond': 8, 'max_links': 4, 'total_elems': 764, 'total_shapes': 402, 'total_links': 222, 'num_tensors': 56}
2026-08-25 07:16:59,517 [INFO]     [4 | left | 1](candidate_pairs: 27/27 | new_swaps: 1 | total: 5) -> {'max_bond': 8, 'max_links': 4, 'total_elems': 716, 'total_shapes': 396, 'total_links': 222, 'num_tensors': 56}
2026-08-25 07:16:59,537 [INFO]     [4 | right | 0](candidate_pairs: 28/28 | new_swaps: 0 | total: 5) -> {'max_bond': 8, 'max_links': 4, 'total_elems': 716, 'total_shapes': 396, 'total_links': 222, 'num_tensors': 56}
2026-08-25 07:16:59,557 [INFO]     [4 | right | 1](candidate_pairs: 27/27 | new_swaps: 0 | total: 5) -> {'max_bond': 8, 'max_links': 4, 'total_elems': 716, 'total_shapes': 396, 'total_links': 222, 'num_tensors': 56}
2026-08-25 07:16:59,640 [INFO]     [5 | both | 0](candidate_pairs: 28/28 | new_swaps: 1 | total: 1) -> {'max_bond': 8, 'max_links': 4, 'total_elems': 704, 'total_shapes': 394, 'total_links': 222, 'num_tensors': 56}
2026-08-25 07:16:59,722 [INFO]     [5 | both | 1](candidate_pairs: 27/27 | new_swaps: 1 | total: 2) -> {'max_bond': 8, 'max_links': 4, 'total_elems': 692, 'total_shapes': 392, 'total_links': 222, 'num_tensors': 56}
2026-08-25 07:16:59,742 [INFO]     [5 | left | 0](candidate_pairs: 28/28 | new_swaps: 0 | total: 2) -> {'max_bond': 8, 'max_links': 4, 'total_elems': 692, 'total_shapes': 392, 'total_links': 222, 'num_tensors': 56}
2026-08-25 07:16:59,764 [INFO]     [5 | left | 1](candidate_pairs: 27/27 | new_swaps: 0 | total: 2) -> {'max_bond': 8, 'max_links': 4, 'total_elems': 692, 'total_shapes': 392, 'total_links': 222, 'num_tensors': 56}
2026-08-25 07:16:59,785 [INFO]     [5 | right | 0](candidate_pairs: 28/28 | new_swaps: 0 | total: 2) -> {'max_bond': 8, 'max_links': 4, 'total_elems': 692, 'total_shapes': 392, 'total_links': 222, 'num_tensors': 56}
2026-08-25 07:16:59,807 [INFO]     [5 | right | 1](candidate_pairs: 27/27 | new_swaps: 0 | total: 2) -> {'max_bond': 8, 'max_links': 4, 'total_elems': 692, 'total_shapes': 392, 'total_links': 222, 'num_tensors': 56}
2026-08-25 07:16:59,899 [INFO]     [6 | both | 0](candidate_pairs: 28/28 | new_swaps: 1 | total: 1) -> {'max_bond': 8, 'max_links': 4, 'total_elems': 680, 'total_shapes': 390, 'total_links': 222, 'num_tensors': 56}
2026-08-25 07:16:59,990 [INFO]     [6 | both | 1](candidate_pairs: 27/27 | new_swaps: 1 | total: 2) -> {'max_bond': 8, 'max_links': 4, 'total_elems': 668, 'total_shapes': 388, 'total_links': 222, 'num_tensors': 56}
2026-08-25 07:17:00,011 [INFO]     [6 | left | 0](candidate_pairs: 28/28 | new_swaps: 0 | total: 2) -> {'max_bond': 8, 'max_links': 4, 'total_elems': 668, 'total_shapes': 388, 'total_links': 222, 'num_tensors': 56}
2026-08-25 07:17:00,031 [INFO]     [6 | left | 1](candidate_pairs: 27/27 | new_swaps: 0 | total: 2) -> {'max_bond': 8, 'max_links': 4, 'total_elems': 668, 'total_shapes': 388, 'total_links': 222, 'num_tensors': 56}
2026-08-25 07:17:00,051 [INFO]     [6 | right | 0](candidate_pairs: 28/28 | new_swaps: 0 | total: 2) -> {'max_bond': 8, 'max_links': 4, 'total_elems': 668, 'total_shapes': 388, 'total_links': 222, 'num_tensors': 56}
2026-08-25 07:17:00,072 [INFO]     [6 | right | 1](candidate_pairs: 27/27 | new_swaps: 0 | total: 2) -> {'max_bond': 8, 'max_links': 4, 'total_elems': 668, 'total_shapes': 388, 'total_links': 222, 'num_tensors': 56}
2026-08-25 07:17:00,110 [INFO]     [7 | both | 0](candidate_pairs: 28/28 | new_swaps: 0 | total: 0) -> {'max_bond': 8, 'max_links': 4, 'total_elems': 668, 'total_shapes': 388, 'total_links': 222, 'num_tensors': 56}
2026-08-25 07:17:00,148 [INFO]     [7 | both | 1](candidate_pairs: 27/27 | new_swaps: 0 | total: 0) -> {'max_bond': 8, 'max_links': 4, 'total_elems': 668, 'total_shapes': 388, 'total_links': 222, 'num_tensors': 56}
2026-08-25 07:17:00,169 [INFO]     [7 | left | 0](candidate_pairs: 28/28 | new_swaps: 0 | total: 0) -> {'max_bond': 8, 'max_links': 4, 'total_elems': 668, 'total_shapes': 388, 'total_links': 222, 'num_tensors': 56}
2026-08-25 07:17:00,188 [INFO]     [7 | left | 1](candidate_pairs: 27/27 | new_swaps: 0 | total: 0) -> {'max_bond': 8, 'max_links': 4, 'total_elems': 668, 'total_shapes': 388, 'total_links': 222, 'num_tensors': 56}
2026-08-25 07:17:00,208 [INFO]     [7 | right | 0](candidate_pairs: 28/28 | new_swaps: 0 | total: 0) -> {'max_bond': 8, 'max_links': 4, 'total_elems': 668, 'total_shapes': 388, 'total_links': 222, 'num_tensors': 56}
2026-08-25 07:17:00,228 [INFO]     [7 | right | 1](candidate_pairs: 27/27 | new_swaps: 0 | total: 0) -> {'max_bond': 8, 'max_links': 4, 'total_elems': 668, 'total_shapes': 388, 'total_links': 222, 'num_tensors': 56}
2026-08-25 07:17:00,228 [INFO]     [end unswap] -> {'max_bond': 8, 'max_links': 4, 'total_elems': 668, 'total_shapes': 388, 'total_links': 222, 'num_tensors': 56}
2026-08-25 07:17:00,229 [INFO] [start rewire](phase=post_unswap, cycle=2, side=left, layers=1572, trials=20, seed=123, parallel=False, route_candidates=1, route_score=none)
2026-08-25 07:17:02,095 [INFO] [end rewire](phase=post_unswap, cycle=2, side=left, routed_layers=1285, elapsed_s=1.87)
2026-08-25 07:17:02,096 [INFO] [start rewire](phase=post_unswap, cycle=2, side=right, layers=1541, trials=20, seed=123, parallel=False, route_candidates=1, route_score=none)
2026-08-25 07:17:03,823 [INFO] [end rewire](phase=post_unswap, cycle=2, side=right, routed_layers=1695, elapsed_s=1.73)
2026-08-25 07:17:03,895 [INFO] [1L/1283](swap: 11, u: 0 | c_u: 0 | t_u_l: 5/942 | t_u_r: 8/943 | t_u: 13/1885) -> {'max_bond': 8, 'max_links': 4, 'total_elems': 668, 'total_shapes': 388, 'total_links': 222, 'num_tensors': 56}
2026-08-25 07:17:03,952 [INFO] [2L/1283](swap: 12, u: 0 | c_u: 0 | t_u_l: 5/942 | t_u_r: 8/943 | t_u: 13/1885) -> {'max_bond': 8, 'max_links': 4, 'total_elems': 996, 'total_shapes': 452, 'total_links': 222, 'num_tensors': 56}
2026-08-25 07:17:04,021 [INFO] [1R/1693](swap: 12, u: 0 | c_u: 0 | t_u_l: 5/942 | t_u_r: 8/943 | t_u: 13/1885) -> {'max_bond': 8, 'max_links': 4, 'total_elems': 1416, 'total_shapes': 496, 'total_links': 222, 'num_tensors': 56}
2026-08-25 07:17:04,090 [INFO] [3L/1283](swap: 14, u: 0 | c_u: 0 | t_u_l: 5/942 | t_u_r: 8/943 | t_u: 13/1885) -> {'max_bond': 8, 'max_links': 4, 'total_elems': 2044, 'total_shapes': 546, 'total_links': 222, 'num_tensors': 56}
2026-08-25 07:17:04,162 [INFO] [2R/1693](swap: 12, u: 0 | c_u: 0 | t_u_l: 5/942 | t_u_r: 8/943 | t_u: 13/1885) -> {'max_bond': 16, 'max_links': 4, 'total_elems': 3208, 'total_shapes': 632, 'total_links': 222, 'num_tensors': 56}
2026-08-25 07:17:04,235 [INFO] [3R/1693](swap: 11, u: 0 | c_u: 0 | t_u_l: 5/942 | t_u_r: 8/943 | t_u: 13/1885) -> {'max_bond': 16, 'max_links': 4, 'total_elems': 5824, 'total_shapes': 722, 'total_links': 222, 'num_tensors': 56}
2026-08-25 07:17:04,298 [INFO] [4L/1283](swap: 16, u: 0 | c_u: 0 | t_u_l: 5/942 | t_u_r: 8/943 | t_u: 13/1885) -> {'max_bond': 16, 'max_links': 4, 'total_elems': 9372, 'total_shapes': 874, 'total_links': 222, 'num_tensors': 56}
2026-08-25 07:17:04,402 [INFO] [4R/1693](swap: 10, u: 0 | c_u: 0 | t_u_l: 5/942 | t_u_r: 8/943 | t_u: 13/1885) -> {'max_bond': 64, 'max_links': 4, 'total_elems': 16576, 'total_shapes': 1038, 'total_links': 222, 'num_tensors': 56}
2026-08-25 07:17:04,483 [INFO] [5R/1693](swap: 9, u: 0 | c_u: 0 | t_u_l: 5/942 | t_u_r: 8/943 | t_u: 13/1885) -> {'max_bond': 64, 'max_links': 4, 'total_elems': 21088, 'total_shapes': 1176, 'total_links': 222, 'num_tensors': 56}
2026-08-25 07:17:04,581 [INFO] [5L/1283](swap: 14, u: 0 | c_u: 0 | t_u_l: 5/942 | t_u_r: 8/943 | t_u: 13/1885) -> {'max_bond': 64, 'max_links': 4, 'total_elems': 30784, 'total_shapes': 1432, 'total_links': 222, 'num_tensors': 56}
2026-08-25 07:17:04,730 [INFO] [6R/1693](swap: 7, u: 1 | c_u: 1 | t_u_l: 5/942 | t_u_r: 9/943 | t_u: 14/1885) -> {'max_bond': 64, 'max_links': 4, 'total_elems': 46848, 'total_shapes': 1728, 'total_links': 222, 'num_tensors': 56}
2026-08-25 07:17:04,856 [INFO] [6L/1283](swap: 14, u: 1 | c_u: 2 | t_u_l: 6/942 | t_u_r: 9/943 | t_u: 15/1885) -> {'max_bond': 64, 'max_links': 4, 'total_elems': 75200, 'total_shapes': 2044, 'total_links': 222, 'num_tensors': 56}
2026-08-25 07:17:05,014 [INFO] [7R/1693](swap: 5, u: 0 | c_u: 2 | t_u_l: 6/942 | t_u_r: 9/943 | t_u: 15/1885) -> {'max_bond': 64, 'max_links': 4, 'total_elems': 94976, 'total_shapes': 2220, 'total_links': 222, 'num_tensors': 56}
2026-08-25 07:17:05,164 [INFO] [8R/1693](swap: 5, u: 0 | c_u: 2 | t_u_l: 6/942 | t_u_r: 9/943 | t_u: 15/1885) -> {'max_bond': 64, 'max_links': 4, 'total_elems': 95936, 'total_shapes': 2260, 'total_links': 222, 'num_tensors': 56}
2026-08-25 07:17:05,322 [INFO] [9R/1693](swap: 6, u: 0 | c_u: 2 | t_u_l: 6/942 | t_u_r: 9/943 | t_u: 15/1885) -> {'max_bond': 64, 'max_links': 4, 'total_elems': 96448, 'total_shapes': 2276, 'total_links': 222, 'num_tensors': 56}
2026-08-25 07:17:05,466 [INFO] [10R/1693](swap: 7, u: 0 | c_u: 2 | t_u_l: 6/942 | t_u_r: 9/943 | t_u: 15/1885) -> {'max_bond': 64, 'max_links': 4, 'total_elems': 103520, 'total_shapes': 2400, 'total_links': 222, 'num_tensors': 56}
2026-08-25 07:17:05,618 [INFO] [11R/1693](swap: 7, u: 1 | c_u: 3 | t_u_l: 6/942 | t_u_r: 10/943 | t_u: 16/1885) -> {'max_bond': 64, 'max_links': 4, 'total_elems': 131296, 'total_shapes': 2648, 'total_links': 222, 'num_tensors': 56}
2026-08-25 07:17:05,837 [INFO] [7L/1283](swap: 12, u: 0 | c_u: 3 | t_u_l: 6/942 | t_u_r: 10/943 | t_u: 16/1885) -> {'max_bond': 64, 'max_links': 4, 'total_elems': 196128, 'total_shapes': 3160, 'total_links': 222, 'num_tensors': 56}
2026-08-25 07:17:06,198 [INFO]     [start unswap] -> {'max_bond': 64, 'max_links': 4, 'total_elems': 196128, 'total_shapes': 3160, 'total_links': 222, 'num_tensors': 56}
2026-08-25 07:17:07,749 [INFO]     [0 | both | 0](candidate_pairs: 28/28 | new_swaps: 5 | total: 5) -> {'max_bond': 64, 'max_links': 4, 'total_elems': 217632, 'total_shapes': 3208, 'total_links': 222, 'num_tensors': 56}
2026-08-25 07:17:08,602 [INFO]     [0 | both | 1](candidate_pairs: 27/27 | new_swaps: 13 | total: 18) -> {'max_bond': 64, 'max_links': 4, 'total_elems': 118496, 'total_shapes': 2408, 'total_links': 222, 'num_tensors': 56}
2026-08-25 07:17:08,810 [INFO]     [0 | left | 0](candidate_pairs: 28/28 | new_swaps: 9 | total: 27) -> {'max_bond': 64, 'max_links': 4, 'total_elems': 66720, 'total_shapes': 1864, 'total_links': 222, 'num_tensors': 56}
2026-08-25 07:17:09,064 [INFO]     [0 | left | 1](candidate_pairs: 27/27 | new_swaps: 12 | total: 39) -> {'max_bond': 64, 'max_links': 4, 'total_elems': 36576, 'total_shapes': 1472, 'total_links': 222, 'num_tensors': 56}
2026-08-25 07:17:09,168 [INFO]     [0 | right | 0](candidate_pairs: 28/28 | new_swaps: 7 | total: 46) -> {'max_bond': 32, 'max_links': 4, 'total_elems': 25152, 'total_shapes': 1244, 'total_links': 222, 'num_tensors': 56}
2026-08-25 07:17:09,256 [INFO]     [0 | right | 1](candidate_pairs: 27/27 | new_swaps: 5 | total: 51) -> {'max_bond': 32, 'max_links': 4, 'total_elems': 21792, 'total_shapes': 1174, 'total_links': 222, 'num_tensors': 56}
2026-08-25 07:17:09,422 [INFO]     [1 | both | 0](candidate_pairs: 28/28 | new_swaps: 9 | total: 9) -> {'max_bond': 32, 'max_links': 4, 'total_elems': 15484, 'total_shapes': 1014, 'total_links': 222, 'num_tensors': 56}
2026-08-25 07:17:09,567 [INFO]     [1 | both | 1](candidate_pairs: 27/27 | new_swaps: 10 | total: 19) -> {'max_bond': 32, 'max_links': 4, 'total_elems': 11576, 'total_shapes': 890, 'total_links': 222, 'num_tensors': 56}
2026-08-25 07:17:09,633 [INFO]     [1 | left | 0](candidate_pairs: 28/28 | new_swaps: 5 | total: 24) -> {'max_bond': 32, 'max_links': 4, 'total_elems': 10156, 'total_shapes': 832, 'total_links': 222, 'num_tensors': 56}
2026-08-25 07:17:09,699 [INFO]     [1 | left | 1](candidate_pairs: 27/27 | new_swaps: 6 | total: 30) -> {'max_bond': 32, 'max_links': 4, 'total_elems': 8676, 'total_shapes': 772, 'total_links': 222, 'num_tensors': 56}
2026-08-25 07:17:09,762 [INFO]     [1 | right | 0](candidate_pairs: 28/28 | new_swaps: 5 | total: 35) -> {'max_bond': 32, 'max_links': 4, 'total_elems': 8104, 'total_shapes': 736, 'total_links': 222, 'num_tensors': 56}
2026-08-25 07:17:09,822 [INFO]     [1 | right | 1](candidate_pairs: 27/27 | new_swaps: 3 | total: 38) -> {'max_bond': 32, 'max_links': 4, 'total_elems': 7764, 'total_shapes': 714, 'total_links': 222, 'num_tensors': 56}
2026-08-25 07:17:09,924 [INFO]     [2 | both | 0](candidate_pairs: 28/28 | new_swaps: 9 | total: 9) -> {'max_bond': 32, 'max_links': 4, 'total_elems': 6900, 'total_shapes': 662, 'total_links': 222, 'num_tensors': 56}
2026-08-25 07:17:10,023 [INFO]     [2 | both | 1](candidate_pairs: 27/27 | new_swaps: 4 | total: 13) -> {'max_bond': 32, 'max_links': 4, 'total_elems': 6576, 'total_shapes': 636, 'total_links': 222, 'num_tensors': 56}
2026-08-25 07:17:10,083 [INFO]     [2 | left | 0](candidate_pairs: 28/28 | new_swaps: 4 | total: 17) -> {'max_bond': 32, 'max_links': 4, 'total_elems': 6296, 'total_shapes': 608, 'total_links': 222, 'num_tensors': 56}
2026-08-25 07:17:10,146 [INFO]     [2 | left | 1](candidate_pairs: 27/27 | new_swaps: 3 | total: 20) -> {'max_bond': 32, 'max_links': 4, 'total_elems': 6188, 'total_shapes': 594, 'total_links': 222, 'num_tensors': 56}
2026-08-25 07:17:10,208 [INFO]     [2 | right | 0](candidate_pairs: 28/28 | new_swaps: 1 | total: 21) -> {'max_bond': 32, 'max_links': 4, 'total_elems': 6116, 'total_shapes': 588, 'total_links': 222, 'num_tensors': 56}
2026-08-25 07:17:10,258 [INFO]     [2 | right | 1](candidate_pairs: 27/27 | new_swaps: 1 | total: 22) -> {'max_bond': 32, 'max_links': 4, 'total_elems': 6076, 'total_shapes': 584, 'total_links': 222, 'num_tensors': 56}
2026-08-25 07:17:10,373 [INFO]     [3 | both | 0](candidate_pairs: 28/28 | new_swaps: 5 | total: 5) -> {'max_bond': 32, 'max_links': 4, 'total_elems': 5868, 'total_shapes': 564, 'total_links': 222, 'num_tensors': 56}
2026-08-25 07:17:10,519 [INFO]     [3 | both | 1](candidate_pairs: 27/27 | new_swaps: 6 | total: 11) -> {'max_bond': 32, 'max_links': 4, 'total_elems': 5688, 'total_shapes': 546, 'total_links': 222, 'num_tensors': 56}
2026-08-25 07:17:10,567 [INFO]     [3 | left | 0](candidate_pairs: 28/28 | new_swaps: 1 | total: 12) -> {'max_bond': 32, 'max_links': 4, 'total_elems': 5592, 'total_shapes': 538, 'total_links': 222, 'num_tensors': 56}
2026-08-25 07:17:10,624 [INFO]     [3 | left | 1](candidate_pairs: 27/27 | new_swaps: 1 | total: 13) -> {'max_bond': 32, 'max_links': 4, 'total_elems': 5520, 'total_shapes': 532, 'total_links': 222, 'num_tensors': 56}
2026-08-25 07:17:10,681 [INFO]     [3 | right | 0](candidate_pairs: 28/28 | new_swaps: 2 | total: 15) -> {'max_bond': 32, 'max_links': 4, 'total_elems': 5412, 'total_shapes': 522, 'total_links': 222, 'num_tensors': 56}
2026-08-25 07:17:10,726 [INFO]     [3 | right | 1](candidate_pairs: 27/27 | new_swaps: 1 | total: 16) -> {'max_bond': 32, 'max_links': 4, 'total_elems': 5124, 'total_shapes': 514, 'total_links': 222, 'num_tensors': 56}
2026-08-25 07:17:10,827 [INFO]     [4 | both | 0](candidate_pairs: 28/28 | new_swaps: 2 | total: 2) -> {'max_bond': 32, 'max_links': 4, 'total_elems': 3960, 'total_shapes': 496, 'total_links': 222, 'num_tensors': 56}
2026-08-25 07:17:10,923 [INFO]     [4 | both | 1](candidate_pairs: 27/27 | new_swaps: 2 | total: 4) -> {'max_bond': 16, 'max_links': 4, 'total_elems': 1260, 'total_shapes': 438, 'total_links': 222, 'num_tensors': 56}
2026-08-25 07:17:10,976 [INFO]     [4 | left | 0](candidate_pairs: 28/28 | new_swaps: 1 | total: 5) -> {'max_bond': 8, 'max_links': 4, 'total_elems': 876, 'total_shapes': 414, 'total_links': 222, 'num_tensors': 56}
2026-08-25 07:17:11,028 [INFO]     [4 | left | 1](candidate_pairs: 27/27 | new_swaps: 1 | total: 6) -> {'max_bond': 8, 'max_links': 4, 'total_elems': 828, 'total_shapes': 410, 'total_links': 222, 'num_tensors': 56}
2026-08-25 07:17:11,050 [INFO]     [4 | right | 0](candidate_pairs: 28/28 | new_swaps: 0 | total: 6) -> {'max_bond': 8, 'max_links': 4, 'total_elems': 828, 'total_shapes': 410, 'total_links': 222, 'num_tensors': 56}
2026-08-25 07:17:11,072 [INFO]     [4 | right | 1](candidate_pairs: 27/27 | new_swaps: 0 | total: 6) -> {'max_bond': 8, 'max_links': 4, 'total_elems': 828, 'total_shapes': 410, 'total_links': 222, 'num_tensors': 56}
2026-08-25 07:17:11,162 [INFO]     [5 | both | 0](candidate_pairs: 28/28 | new_swaps: 1 | total: 1) -> {'max_bond': 8, 'max_links': 4, 'total_elems': 816, 'total_shapes': 408, 'total_links': 222, 'num_tensors': 56}
2026-08-25 07:17:11,202 [INFO]     [5 | both | 1](candidate_pairs: 27/27 | new_swaps: 0 | total: 1) -> {'max_bond': 8, 'max_links': 4, 'total_elems': 816, 'total_shapes': 408, 'total_links': 222, 'num_tensors': 56}
2026-08-25 07:17:11,223 [INFO]     [5 | left | 0](candidate_pairs: 28/28 | new_swaps: 0 | total: 1) -> {'max_bond': 8, 'max_links': 4, 'total_elems': 816, 'total_shapes': 408, 'total_links': 222, 'num_tensors': 56}
2026-08-25 07:17:11,245 [INFO]     [5 | left | 1](candidate_pairs: 27/27 | new_swaps: 0 | total: 1) -> {'max_bond': 8, 'max_links': 4, 'total_elems': 816, 'total_shapes': 408, 'total_links': 222, 'num_tensors': 56}
2026-08-25 07:17:11,265 [INFO]     [5 | right | 0](candidate_pairs: 28/28 | new_swaps: 0 | total: 1) -> {'max_bond': 8, 'max_links': 4, 'total_elems': 816, 'total_shapes': 408, 'total_links': 222, 'num_tensors': 56}
2026-08-25 07:17:11,287 [INFO]     [5 | right | 1](candidate_pairs: 27/27 | new_swaps: 0 | total: 1) -> {'max_bond': 8, 'max_links': 4, 'total_elems': 816, 'total_shapes': 408, 'total_links': 222, 'num_tensors': 56}
2026-08-25 07:17:11,328 [INFO]     [6 | both | 0](candidate_pairs: 28/28 | new_swaps: 0 | total: 0) -> {'max_bond': 8, 'max_links': 4, 'total_elems': 816, 'total_shapes': 408, 'total_links': 222, 'num_tensors': 56}
2026-08-25 07:17:11,370 [INFO]     [6 | both | 1](candidate_pairs: 27/27 | new_swaps: 0 | total: 0) -> {'max_bond': 8, 'max_links': 4, 'total_elems': 816, 'total_shapes': 408, 'total_links': 222, 'num_tensors': 56}
2026-08-25 07:17:11,393 [INFO]     [6 | left | 0](candidate_pairs: 28/28 | new_swaps: 0 | total: 0) -> {'max_bond': 8, 'max_links': 4, 'total_elems': 816, 'total_shapes': 408, 'total_links': 222, 'num_tensors': 56}
2026-08-25 07:17:11,415 [INFO]     [6 | left | 1](candidate_pairs: 27/27 | new_swaps: 0 | total: 0) -> {'max_bond': 8, 'max_links': 4, 'total_elems': 816, 'total_shapes': 408, 'total_links': 222, 'num_tensors': 56}
2026-08-25 07:17:11,436 [INFO]     [6 | right | 0](candidate_pairs: 28/28 | new_swaps: 0 | total: 0) -> {'max_bond': 8, 'max_links': 4, 'total_elems': 816, 'total_shapes': 408, 'total_links': 222, 'num_tensors': 56}
2026-08-25 07:17:11,457 [INFO]     [6 | right | 1](candidate_pairs: 27/27 | new_swaps: 0 | total: 0) -> {'max_bond': 8, 'max_links': 4, 'total_elems': 816, 'total_shapes': 408, 'total_links': 222, 'num_tensors': 56}
2026-08-25 07:17:11,458 [INFO]     [end unswap] -> {'max_bond': 8, 'max_links': 4, 'total_elems': 816, 'total_shapes': 408, 'total_links': 222, 'num_tensors': 56}
2026-08-25 07:17:11,459 [INFO] [start rewire](phase=post_unswap, cycle=3, side=left, layers=1278, trials=20, seed=123, parallel=False, route_candidates=1, route_score=none)
2026-08-25 07:17:13,556 [INFO] [end rewire](phase=post_unswap, cycle=3, side=left, routed_layers=1561, elapsed_s=2.10)
2026-08-25 07:17:13,556 [INFO] [start rewire](phase=post_unswap, cycle=3, side=right, layers=1684, trials=20, seed=123, parallel=False, route_candidates=1, route_score=none)
2026-08-25 07:17:15,286 [INFO] [end rewire](phase=post_unswap, cycle=3, side=right, routed_layers=1478, elapsed_s=1.73)
2026-08-25 07:17:15,361 [INFO] [1L/1559](swap: 11, u: 0 | c_u: 0 | t_u_l: 6/942 | t_u_r: 10/943 | t_u: 16/1885) -> {'max_bond': 8, 'max_links': 4, 'total_elems': 816, 'total_shapes': 408, 'total_links': 222, 'num_tensors': 56}
2026-08-25 07:17:15,420 [INFO] [2L/1559](swap: 12, u: 0 | c_u: 0 | t_u_l: 6/942 | t_u_r: 10/943 | t_u: 16/1885) -> {'max_bond': 8, 'max_links': 4, 'total_elems': 1288, 'total_shapes': 484, 'total_links': 222, 'num_tensors': 56}
2026-08-25 07:17:15,479 [INFO] [1R/1476](swap: 14, u: 0 | c_u: 0 | t_u_l: 6/942 | t_u_r: 10/943 | t_u: 16/1885) -> {'max_bond': 16, 'max_links': 4, 'total_elems': 2080, 'total_shapes': 526, 'total_links': 222, 'num_tensors': 56}
2026-08-25 07:17:15,540 [INFO] [3L/1559](swap: 16, u: 0 | c_u: 0 | t_u_l: 6/942 | t_u_r: 10/943 | t_u: 16/1885) -> {'max_bond': 16, 'max_links': 4, 'total_elems': 2832, 'total_shapes': 584, 'total_links': 222, 'num_tensors': 56}
2026-08-25 07:17:15,599 [INFO] [2R/1476](swap: 15, u: 0 | c_u: 0 | t_u_l: 6/942 | t_u_r: 10/943 | t_u: 16/1885) -> {'max_bond': 16, 'max_links': 4, 'total_elems': 4584, 'total_shapes': 692, 'total_links': 222, 'num_tensors': 56}
2026-08-25 07:17:15,658 [INFO] [3R/1476](swap: 14, u: 1 | c_u: 1 | t_u_l: 6/942 | t_u_r: 11/943 | t_u: 17/1885) -> {'max_bond': 16, 'max_links': 4, 'total_elems': 7704, 'total_shapes': 796, 'total_links': 222, 'num_tensors': 56}
2026-08-25 07:17:15,729 [INFO] [4R/1476](swap: 13, u: 0 | c_u: 1 | t_u_l: 6/942 | t_u_r: 11/943 | t_u: 17/1885) -> {'max_bond': 16, 'max_links': 4, 'total_elems': 11628, 'total_shapes': 924, 'total_links': 222, 'num_tensors': 56}
2026-08-25 07:17:15,805 [INFO] [5R/1476](swap: 13, u: 0 | c_u: 1 | t_u_l: 6/942 | t_u_r: 11/943 | t_u: 17/1885) -> {'max_bond': 64, 'max_links': 4, 'total_elems': 20632, 'total_shapes': 1162, 'total_links': 222, 'num_tensors': 56}
2026-08-25 07:17:15,884 [INFO] [6R/1476](swap: 13, u: 1 | c_u: 2 | t_u_l: 6/942 | t_u_r: 12/943 | t_u: 18/1885) -> {'max_bond': 64, 'max_links': 4, 'total_elems': 31600, 'total_shapes': 1456, 'total_links': 222, 'num_tensors': 56}
2026-08-25 07:17:15,980 [INFO] [4L/1559](swap: 16, u: 0 | c_u: 2 | t_u_l: 6/942 | t_u_r: 12/943 | t_u: 18/1885) -> {'max_bond': 64, 'max_links': 4, 'total_elems': 44272, 'total_shapes': 1616, 'total_links': 222, 'num_tensors': 56}
2026-08-25 07:17:16,088 [INFO] [5L/1559](swap: 15, u: 1 | c_u: 3 | t_u_l: 7/942 | t_u_r: 12/943 | t_u: 19/1885) -> {'max_bond': 64, 'max_links': 4, 'total_elems': 68016, 'total_shapes': 1896, 'total_links': 222, 'num_tensors': 56}
2026-08-25 07:17:16,204 [INFO] [7R/1476](swap: 15, u: 0 | c_u: 3 | t_u_l: 7/942 | t_u_r: 12/943 | t_u: 19/1885) -> {'max_bond': 64, 'max_links': 4, 'total_elems': 112288, 'total_shapes': 2444, 'total_links': 222, 'num_tensors': 56}
2026-08-25 07:17:16,408 [INFO] [6L/1559](swap: 14, u: 0 | c_u: 3 | t_u_l: 7/942 | t_u_r: 12/943 | t_u: 19/1885) -> {'max_bond': 64, 'max_links': 4, 'total_elems': 174168, 'total_shapes': 2942, 'total_links': 222, 'num_tensors': 56}
2026-08-25 07:17:16,815 [INFO] [8R/1476](swap: 17, u: 0 | c_u: 3 | t_u_l: 7/942 | t_u_r: 12/943 | t_u: 19/1885) -> {'max_bond': 128, 'max_links': 4, 'total_elems': 293184, 'total_shapes': 3794, 'total_links': 222, 'num_tensors': 56}
2026-08-25 07:17:17,508 [INFO]     [start unswap] -> {'max_bond': 128, 'max_links': 4, 'total_elems': 293184, 'total_shapes': 3794, 'total_links': 222, 'num_tensors': 56}
2026-08-25 07:17:27,604 [INFO]     [0 | both | 0](candidate_pairs: 28/28 | new_swaps: 9 | total: 9) -> {'max_bond': 256, 'max_links': 4, 'total_elems': 500608, 'total_shapes': 4410, 'total_links': 222, 'num_tensors': 56}
2026-08-25 07:17:29,500 [INFO]     [0 | both | 1](candidate_pairs: 27/27 | new_swaps: 14 | total: 23) -> {'max_bond': 64, 'max_links': 4, 'total_elems': 172124, 'total_shapes': 2792, 'total_links': 222, 'num_tensors': 56}
2026-08-25 07:17:29,944 [INFO]     [0 | left | 0](candidate_pairs: 28/28 | new_swaps: 13 | total: 36) -> {'max_bond': 64, 'max_links': 4, 'total_elems': 95996, 'total_shapes': 2186, 'total_links': 222, 'num_tensors': 56}
2026-08-25 07:17:30,164 [INFO]     [0 | left | 1](candidate_pairs: 27/27 | new_swaps: 15 | total: 51) -> {'max_bond': 64, 'max_links': 4, 'total_elems': 42560, 'total_shapes': 1612, 'total_links': 222, 'num_tensors': 56}
2026-08-25 07:17:30,289 [INFO]     [0 | right | 0](candidate_pairs: 28/28 | new_swaps: 11 | total: 62) -> {'max_bond': 16, 'max_links': 4, 'total_elems': 22904, 'total_shapes': 1210, 'total_links': 222, 'num_tensors': 56}
2026-08-25 07:17:30,375 [INFO]     [0 | right | 1](candidate_pairs: 27/27 | new_swaps: 10 | total: 72) -> {'max_bond': 16, 'max_links': 4, 'total_elems': 16912, 'total_shapes': 1078, 'total_links': 222, 'num_tensors': 56}
2026-08-25 07:17:30,522 [INFO]     [1 | both | 0](candidate_pairs: 28/28 | new_swaps: 8 | total: 8) -> {'max_bond': 16, 'max_links': 4, 'total_elems': 13392, 'total_shapes': 950, 'total_links': 222, 'num_tensors': 56}
2026-08-25 07:17:30,680 [INFO]     [1 | both | 1](candidate_pairs: 27/27 | new_swaps: 7 | total: 15) -> {'max_bond': 16, 'max_links': 4, 'total_elems': 10512, 'total_shapes': 842, 'total_links': 222, 'num_tensors': 56}
2026-08-25 07:17:30,751 [INFO]     [1 | left | 0](candidate_pairs: 28/28 | new_swaps: 7 | total: 22) -> {'max_bond': 16, 'max_links': 4, 'total_elems': 8432, 'total_shapes': 770, 'total_links': 222, 'num_tensors': 56}
2026-08-25 07:17:30,814 [INFO]     [1 | left | 1](candidate_pairs: 27/27 | new_swaps: 1 | total: 23) -> {'max_bond': 16, 'max_links': 4, 'total_elems': 8240, 'total_shapes': 762, 'total_links': 222, 'num_tensors': 56}
2026-08-25 07:17:30,878 [INFO]     [1 | right | 0](candidate_pairs: 28/28 | new_swaps: 3 | total: 26) -> {'max_bond': 16, 'max_links': 4, 'total_elems': 7488, 'total_shapes': 738, 'total_links': 222, 'num_tensors': 56}
2026-08-25 07:17:30,938 [INFO]     [1 | right | 1](candidate_pairs: 27/27 | new_swaps: 1 | total: 27) -> {'max_bond': 16, 'max_links': 4, 'total_elems': 7416, 'total_shapes': 734, 'total_links': 222, 'num_tensors': 56}
2026-08-25 07:17:31,048 [INFO]     [2 | both | 0](candidate_pairs: 28/28 | new_swaps: 3 | total: 3) -> {'max_bond': 16, 'max_links': 4, 'total_elems': 6552, 'total_shapes': 710, 'total_links': 222, 'num_tensors': 56}
2026-08-25 07:17:31,167 [INFO]     [2 | both | 1](candidate_pairs: 27/27 | new_swaps: 10 | total: 13) -> {'max_bond': 16, 'max_links': 4, 'total_elems': 3588, 'total_shapes': 610, 'total_links': 222, 'num_tensors': 56}
2026-08-25 07:17:31,226 [INFO]     [2 | left | 0](candidate_pairs: 28/28 | new_swaps: 3 | total: 16) -> {'max_bond': 8, 'max_links': 4, 'total_elems': 3028, 'total_shapes': 582, 'total_links': 222, 'num_tensors': 56}
2026-08-25 07:17:31,285 [INFO]     [2 | left | 1](candidate_pairs: 27/27 | new_swaps: 1 | total: 17) -> {'max_bond': 8, 'max_links': 4, 'total_elems': 2932, 'total_shapes': 576, 'total_links': 222, 'num_tensors': 56}
2026-08-25 07:17:31,344 [INFO]     [2 | right | 0](candidate_pairs: 28/28 | new_swaps: 3 | total: 20) -> {'max_bond': 8, 'max_links': 4, 'total_elems': 2444, 'total_shapes': 552, 'total_links': 222, 'num_tensors': 56}
2026-08-25 07:17:31,367 [INFO]     [2 | right | 1](candidate_pairs: 27/27 | new_swaps: 0 | total: 20) -> {'max_bond': 8, 'max_links': 4, 'total_elems': 2444, 'total_shapes': 552, 'total_links': 222, 'num_tensors': 56}
2026-08-25 07:17:31,463 [INFO]     [3 | both | 0](candidate_pairs: 28/28 | new_swaps: 6 | total: 6) -> {'max_bond': 8, 'max_links': 4, 'total_elems': 1880, 'total_shapes': 518, 'total_links': 222, 'num_tensors': 56}
2026-08-25 07:17:31,562 [INFO]     [3 | both | 1](candidate_pairs: 27/27 | new_swaps: 3 | total: 9) -> {'max_bond': 8, 'max_links': 4, 'total_elems': 1808, 'total_shapes': 510, 'total_links': 222, 'num_tensors': 56}
2026-08-25 07:17:31,606 [INFO]     [3 | left | 0](candidate_pairs: 28/28 | new_swaps: 1 | total: 10) -> {'max_bond': 8, 'max_links': 4, 'total_elems': 1748, 'total_shapes': 504, 'total_links': 222, 'num_tensors': 56}
2026-08-25 07:17:31,661 [INFO]     [3 | left | 1](candidate_pairs: 27/27 | new_swaps: 3 | total: 13) -> {'max_bond': 8, 'max_links': 4, 'total_elems': 1604, 'total_shapes': 484, 'total_links': 222, 'num_tensors': 56}
2026-08-25 07:17:31,682 [INFO]     [3 | right | 0](candidate_pairs: 28/28 | new_swaps: 0 | total: 13) -> {'max_bond': 8, 'max_links': 4, 'total_elems': 1604, 'total_shapes': 484, 'total_links': 222, 'num_tensors': 56}
2026-08-25 07:17:31,732 [INFO]     [3 | right | 1](candidate_pairs: 27/27 | new_swaps: 1 | total: 14) -> {'max_bond': 8, 'max_links': 4, 'total_elems': 1412, 'total_shapes': 472, 'total_links': 222, 'num_tensors': 56}
2026-08-25 07:17:31,822 [INFO]     [4 | both | 0](candidate_pairs: 28/28 | new_swaps: 3 | total: 3) -> {'max_bond': 8, 'max_links': 4, 'total_elems': 1376, 'total_shapes': 466, 'total_links': 222, 'num_tensors': 56}
2026-08-25 07:17:31,910 [INFO]     [4 | both | 1](candidate_pairs: 27/27 | new_swaps: 4 | total: 7) -> {'max_bond': 8, 'max_links': 4, 'total_elems': 1328, 'total_shapes': 458, 'total_links': 222, 'num_tensors': 56}
2026-08-25 07:17:31,931 [INFO]     [4 | left | 0](candidate_pairs: 28/28 | new_swaps: 0 | total: 7) -> {'max_bond': 8, 'max_links': 4, 'total_elems': 1328, 'total_shapes': 458, 'total_links': 222, 'num_tensors': 56}
2026-08-25 07:17:31,951 [INFO]     [4 | left | 1](candidate_pairs: 27/27 | new_swaps: 0 | total: 7) -> {'max_bond': 8, 'max_links': 4, 'total_elems': 1328, 'total_shapes': 458, 'total_links': 222, 'num_tensors': 56}
2026-08-25 07:17:31,972 [INFO]     [4 | right | 0](candidate_pairs: 28/28 | new_swaps: 0 | total: 7) -> {'max_bond': 8, 'max_links': 4, 'total_elems': 1328, 'total_shapes': 458, 'total_links': 222, 'num_tensors': 56}
2026-08-25 07:17:31,992 [INFO]     [4 | right | 1](candidate_pairs: 27/27 | new_swaps: 0 | total: 7) -> {'max_bond': 8, 'max_links': 4, 'total_elems': 1328, 'total_shapes': 458, 'total_links': 222, 'num_tensors': 56}
2026-08-25 07:17:32,032 [INFO]     [5 | both | 0](candidate_pairs: 28/28 | new_swaps: 0 | total: 0) -> {'max_bond': 8, 'max_links': 4, 'total_elems': 1328, 'total_shapes': 458, 'total_links': 222, 'num_tensors': 56}
2026-08-25 07:17:32,071 [INFO]     [5 | both | 1](candidate_pairs: 27/27 | new_swaps: 0 | total: 0) -> {'max_bond': 8, 'max_links': 4, 'total_elems': 1328, 'total_shapes': 458, 'total_links': 222, 'num_tensors': 56}
2026-08-25 07:17:32,092 [INFO]     [5 | left | 0](candidate_pairs: 28/28 | new_swaps: 0 | total: 0) -> {'max_bond': 8, 'max_links': 4, 'total_elems': 1328, 'total_shapes': 458, 'total_links': 222, 'num_tensors': 56}
2026-08-25 07:17:32,113 [INFO]     [5 | left | 1](candidate_pairs: 27/27 | new_swaps: 0 | total: 0) -> {'max_bond': 8, 'max_links': 4, 'total_elems': 1328, 'total_shapes': 458, 'total_links': 222, 'num_tensors': 56}
2026-08-25 07:17:32,135 [INFO]     [5 | right | 0](candidate_pairs: 28/28 | new_swaps: 0 | total: 0) -> {'max_bond': 8, 'max_links': 4, 'total_elems': 1328, 'total_shapes': 458, 'total_links': 222, 'num_tensors': 56}
2026-08-25 07:17:32,158 [INFO]     [5 | right | 1](candidate_pairs: 27/27 | new_swaps: 0 | total: 0) -> {'max_bond': 8, 'max_links': 4, 'total_elems': 1328, 'total_shapes': 458, 'total_links': 222, 'num_tensors': 56}
2026-08-25 07:17:32,159 [INFO]     [end unswap] -> {'max_bond': 8, 'max_links': 4, 'total_elems': 1328, 'total_shapes': 458, 'total_links': 222, 'num_tensors': 56}
2026-08-25 07:17:32,161 [INFO] [start rewire](phase=post_unswap, cycle=4, side=left, layers=1555, trials=20, seed=123, parallel=False, route_candidates=1, route_score=none)
2026-08-25 07:17:33,764 [INFO] [end rewire](phase=post_unswap, cycle=4, side=left, routed_layers=1359, elapsed_s=1.60)
2026-08-25 07:17:33,764 [INFO] [start rewire](phase=post_unswap, cycle=4, side=right, layers=1470, trials=20, seed=123, parallel=False, route_candidates=1, route_score=none)
2026-08-25 07:17:35,621 [INFO] [end rewire](phase=post_unswap, cycle=4, side=right, routed_layers=1569, elapsed_s=1.86)
2026-08-25 07:17:35,711 [INFO] [1L/1357](swap: 13, u: 0 | c_u: 0 | t_u_l: 7/942 | t_u_r: 12/943 | t_u: 19/1885) -> {'max_bond': 8, 'max_links': 4, 'total_elems': 1328, 'total_shapes': 458, 'total_links': 222, 'num_tensors': 56}
2026-08-25 07:17:35,774 [INFO] [1R/1567](swap: 15, u: 0 | c_u: 0 | t_u_l: 7/942 | t_u_r: 12/943 | t_u: 19/1885) -> {'max_bond': 16, 'max_links': 4, 'total_elems': 2408, 'total_shapes': 558, 'total_links': 222, 'num_tensors': 56}
2026-08-25 07:17:35,836 [INFO] [2L/1357](swap: 11, u: 1 | c_u: 1 | t_u_l: 8/942 | t_u_r: 12/943 | t_u: 20/1885) -> {'max_bond': 16, 'max_links': 4, 'total_elems': 3212, 'total_shapes': 604, 'total_links': 222, 'num_tensors': 56}
2026-08-25 07:17:35,906 [INFO] [2R/1567](swap: 16, u: 0 | c_u: 1 | t_u_l: 8/942 | t_u_r: 12/943 | t_u: 20/1885) -> {'max_bond': 16, 'max_links': 4, 'total_elems': 4444, 'total_shapes': 694, 'total_links': 222, 'num_tensors': 56}
2026-08-25 07:17:35,976 [INFO] [3L/1357](swap: 14, u: 0 | c_u: 1 | t_u_l: 8/942 | t_u_r: 12/943 | t_u: 20/1885) -> {'max_bond': 16, 'max_links': 4, 'total_elems': 6424, 'total_shapes': 738, 'total_links': 222, 'num_tensors': 56}
2026-08-25 07:17:36,043 [INFO] [4L/1357](swap: 13, u: 2 | c_u: 3 | t_u_l: 10/942 | t_u_r: 12/943 | t_u: 22/1885) -> {'max_bond': 32, 'max_links': 4, 'total_elems': 10184, 'total_shapes': 874, 'total_links': 222, 'num_tensors': 56}
2026-08-25 07:17:36,113 [INFO] [5L/1357](swap: 10, u: 1 | c_u: 4 | t_u_l: 11/942 | t_u_r: 12/943 | t_u: 23/1885) -> {'max_bond': 32, 'max_links': 4, 'total_elems': 17152, 'total_shapes': 1040, 'total_links': 222, 'num_tensors': 56}
2026-08-25 07:17:36,194 [INFO] [6L/1357](swap: 12, u: 0 | c_u: 4 | t_u_l: 11/942 | t_u_r: 12/943 | t_u: 23/1885) -> {'max_bond': 64, 'max_links': 4, 'total_elems': 33952, 'total_shapes': 1400, 'total_links': 222, 'num_tensors': 56}
2026-08-25 07:17:36,312 [INFO] [3R/1567](swap: 16, u: 0 | c_u: 4 | t_u_l: 11/942 | t_u_r: 12/943 | t_u: 23/1885) -> {'max_bond': 64, 'max_links': 4, 'total_elems': 67768, 'total_shapes': 1586, 'total_links': 222, 'num_tensors': 56}
2026-08-25 07:17:36,503 [INFO] [4R/1567](swap: 17, u: 1 | c_u: 5 | t_u_l: 11/942 | t_u_r: 13/943 | t_u: 24/1885) -> {'max_bond': 64, 'max_links': 4, 'total_elems': 79696, 'total_shapes': 1824, 'total_links': 222, 'num_tensors': 56}
2026-08-25 07:17:36,688 [INFO] [5R/1567](swap: 12, u: 1 | c_u: 6 | t_u_l: 11/942 | t_u_r: 14/943 | t_u: 25/1885) -> {'max_bond': 64, 'max_links': 4, 'total_elems': 109088, 'total_shapes': 2040, 'total_links': 222, 'num_tensors': 56}
2026-08-25 07:17:37,010 [INFO]     [start unswap] -> {'max_bond': 64, 'max_links': 4, 'total_elems': 109088, 'total_shapes': 2040, 'total_links': 222, 'num_tensors': 56}
2026-08-25 07:17:43,466 [INFO]     [0 | both | 0](candidate_pairs: 28/28 | new_swaps: 5 | total: 5) -> {'max_bond': 256, 'max_links': 4, 'total_elems': 303392, 'total_shapes': 2752, 'total_links': 222, 'num_tensors': 56}
2026-08-25 07:17:44,704 [INFO]     [0 | both | 1](candidate_pairs: 27/27 | new_swaps: 11 | total: 16) -> {'max_bond': 64, 'max_links': 4, 'total_elems': 72944, 'total_shapes': 1692, 'total_links': 222, 'num_tensors': 56}
2026-08-25 07:17:44,881 [INFO]     [0 | left | 0](candidate_pairs: 28/28 | new_swaps: 13 | total: 29) -> {'max_bond': 64, 'max_links': 4, 'total_elems': 44992, 'total_shapes': 1344, 'total_links': 222, 'num_tensors': 56}
2026-08-25 07:17:45,033 [INFO]     [0 | left | 1](candidate_pairs: 27/27 | new_swaps: 12 | total: 41) -> {'max_bond': 64, 'max_links': 4, 'total_elems': 20528, 'total_shapes': 1080, 'total_links': 222, 'num_tensors': 56}
2026-08-25 07:17:45,118 [INFO]     [0 | right | 0](candidate_pairs: 28/28 | new_swaps: 7 | total: 48) -> {'max_bond': 16, 'max_links': 4, 'total_elems': 10544, 'total_shapes': 866, 'total_links': 222, 'num_tensors': 56}
2026-08-25 07:17:45,183 [INFO]     [0 | right | 1](candidate_pairs: 27/27 | new_swaps: 4 | total: 52) -> {'max_bond': 16, 'max_links': 4, 'total_elems': 9176, 'total_shapes': 820, 'total_links': 222, 'num_tensors': 56}
2026-08-25 07:17:45,294 [INFO]     [1 | both | 0](candidate_pairs: 28/28 | new_swaps: 1 | total: 1) -> {'max_bond': 16, 'max_links': 4, 'total_elems': 9128, 'total_shapes': 816, 'total_links': 222, 'num_tensors': 56}
2026-08-25 07:17:45,441 [INFO]     [1 | both | 1](candidate_pairs: 27/27 | new_swaps: 4 | total: 5) -> {'max_bond': 16, 'max_links': 4, 'total_elems': 8636, 'total_shapes': 790, 'total_links': 222, 'num_tensors': 56}
2026-08-25 07:17:45,499 [INFO]     [1 | left | 0](candidate_pairs: 28/28 | new_swaps: 5 | total: 10) -> {'max_bond': 16, 'max_links': 4, 'total_elems': 6164, 'total_shapes': 722, 'total_links': 222, 'num_tensors': 56}
2026-08-25 07:17:45,554 [INFO]     [1 | left | 1](candidate_pairs: 27/27 | new_swaps: 3 | total: 13) -> {'max_bond': 16, 'max_links': 4, 'total_elems': 5008, 'total_shapes': 684, 'total_links': 222, 'num_tensors': 56}
2026-08-25 07:17:45,606 [INFO]     [1 | right | 0](candidate_pairs: 28/28 | new_swaps: 3 | total: 16) -> {'max_bond': 16, 'max_links': 4, 'total_elems': 4548, 'total_shapes': 658, 'total_links': 222, 'num_tensors': 56}
2026-08-25 07:17:45,656 [INFO]     [1 | right | 1](candidate_pairs: 27/27 | new_swaps: 2 | total: 18) -> {'max_bond': 16, 'max_links': 4, 'total_elems': 4020, 'total_shapes': 634, 'total_links': 222, 'num_tensors': 56}
2026-08-25 07:17:45,752 [INFO]     [2 | both | 0](candidate_pairs: 28/28 | new_swaps: 7 | total: 7) -> {'max_bond': 16, 'max_links': 4, 'total_elems': 2724, 'total_shapes': 586, 'total_links': 222, 'num_tensors': 56}
2026-08-25 07:17:45,843 [INFO]     [2 | both | 1](candidate_pairs: 27/27 | new_swaps: 6 | total: 13) -> {'max_bond': 8, 'max_links': 4, 'total_elems': 2012, 'total_shapes': 532, 'total_links': 222, 'num_tensors': 56}
2026-08-25 07:17:45,893 [INFO]     [2 | left | 0](candidate_pairs: 28/28 | new_swaps: 3 | total: 16) -> {'max_bond': 8, 'max_links': 4, 'total_elems': 1772, 'total_shapes': 508, 'total_links': 222, 'num_tensors': 56}
2026-08-25 07:17:45,933 [INFO]     [2 | left | 1](candidate_pairs: 27/27 | new_swaps: 1 | total: 17) -> {'max_bond': 8, 'max_links': 4, 'total_elems': 1724, 'total_shapes': 502, 'total_links': 222, 'num_tensors': 56}
2026-08-25 07:17:45,954 [INFO]     [2 | right | 0](candidate_pairs: 28/28 | new_swaps: 0 | total: 17) -> {'max_bond': 8, 'max_links': 4, 'total_elems': 1724, 'total_shapes': 502, 'total_links': 222, 'num_tensors': 56}
2026-08-25 07:17:45,975 [INFO]     [2 | right | 1](candidate_pairs: 27/27 | new_swaps: 0 | total: 17) -> {'max_bond': 8, 'max_links': 4, 'total_elems': 1724, 'total_shapes': 502, 'total_links': 222, 'num_tensors': 56}
2026-08-25 07:17:46,064 [INFO]     [3 | both | 0](candidate_pairs: 28/28 | new_swaps: 4 | total: 4) -> {'max_bond': 8, 'max_links': 4, 'total_elems': 1640, 'total_shapes': 492, 'total_links': 222, 'num_tensors': 56}
2026-08-25 07:17:46,177 [INFO]     [3 | both | 1](candidate_pairs: 27/27 | new_swaps: 2 | total: 6) -> {'max_bond': 8, 'max_links': 4, 'total_elems': 1616, 'total_shapes': 488, 'total_links': 222, 'num_tensors': 56}
2026-08-25 07:17:46,200 [INFO]     [3 | left | 0](candidate_pairs: 28/28 | new_swaps: 0 | total: 6) -> {'max_bond': 8, 'max_links': 4, 'total_elems': 1616, 'total_shapes': 488, 'total_links': 222, 'num_tensors': 56}
2026-08-25 07:17:46,294 [INFO]     [3 | left | 1](candidate_pairs: 27/27 | new_swaps: 1 | total: 7) -> {'max_bond': 8, 'max_links': 4, 'total_elems': 1592, 'total_shapes': 484, 'total_links': 222, 'num_tensors': 56}
2026-08-25 07:17:46,316 [INFO]     [3 | right | 0](candidate_pairs: 28/28 | new_swaps: 0 | total: 7) -> {'max_bond': 8, 'max_links': 4, 'total_elems': 1592, 'total_shapes': 484, 'total_links': 222, 'num_tensors': 56}
2026-08-25 07:17:46,337 [INFO]     [3 | right | 1](candidate_pairs: 27/27 | new_swaps: 0 | total: 7) -> {'max_bond': 8, 'max_links': 4, 'total_elems': 1592, 'total_shapes': 484, 'total_links': 222, 'num_tensors': 56}
2026-08-25 07:17:46,424 [INFO]     [4 | both | 0](candidate_pairs: 28/28 | new_swaps: 1 | total: 1) -> {'max_bond': 8, 'max_links': 4, 'total_elems': 1580, 'total_shapes': 482, 'total_links': 222, 'num_tensors': 56}
2026-08-25 07:17:46,464 [INFO]     [4 | both | 1](candidate_pairs: 27/27 | new_swaps: 0 | total: 1) -> {'max_bond': 8, 'max_links': 4, 'total_elems': 1580, 'total_shapes': 482, 'total_links': 222, 'num_tensors': 56}
2026-08-25 07:17:46,485 [INFO]     [4 | left | 0](candidate_pairs: 28/28 | new_swaps: 0 | total: 1) -> {'max_bond': 8, 'max_links': 4, 'total_elems': 1580, 'total_shapes': 482, 'total_links': 222, 'num_tensors': 56}
2026-08-25 07:17:46,506 [INFO]     [4 | left | 1](candidate_pairs: 27/27 | new_swaps: 0 | total: 1) -> {'max_bond': 8, 'max_links': 4, 'total_elems': 1580, 'total_shapes': 482, 'total_links': 222, 'num_tensors': 56}
2026-08-25 07:17:46,527 [INFO]     [4 | right | 0](candidate_pairs: 28/28 | new_swaps: 0 | total: 1) -> {'max_bond': 8, 'max_links': 4, 'total_elems': 1580, 'total_shapes': 482, 'total_links': 222, 'num_tensors': 56}
2026-08-25 07:17:46,548 [INFO]     [4 | right | 1](candidate_pairs: 27/27 | new_swaps: 0 | total: 1) -> {'max_bond': 8, 'max_links': 4, 'total_elems': 1580, 'total_shapes': 482, 'total_links': 222, 'num_tensors': 56}
2026-08-25 07:17:46,589 [INFO]     [5 | both | 0](candidate_pairs: 28/28 | new_swaps: 0 | total: 0) -> {'max_bond': 8, 'max_links': 4, 'total_elems': 1580, 'total_shapes': 482, 'total_links': 222, 'num_tensors': 56}
2026-08-25 07:17:46,629 [INFO]     [5 | both | 1](candidate_pairs: 27/27 | new_swaps: 0 | total: 0) -> {'max_bond': 8, 'max_links': 4, 'total_elems': 1580, 'total_shapes': 482, 'total_links': 222, 'num_tensors': 56}
2026-08-25 07:17:46,650 [INFO]     [5 | left | 0](candidate_pairs: 28/28 | new_swaps: 0 | total: 0) -> {'max_bond': 8, 'max_links': 4, 'total_elems': 1580, 'total_shapes': 482, 'total_links': 222, 'num_tensors': 56}
2026-08-25 07:17:46,671 [INFO]     [5 | left | 1](candidate_pairs: 27/27 | new_swaps: 0 | total: 0) -> {'max_bond': 8, 'max_links': 4, 'total_elems': 1580, 'total_shapes': 482, 'total_links': 222, 'num_tensors': 56}
2026-08-25 07:17:46,692 [INFO]     [5 | right | 0](candidate_pairs: 28/28 | new_swaps: 0 | total: 0) -> {'max_bond': 8, 'max_links': 4, 'total_elems': 1580, 'total_shapes': 482, 'total_links': 222, 'num_tensors': 56}
2026-08-25 07:17:46,712 [INFO]     [5 | right | 1](candidate_pairs: 27/27 | new_swaps: 0 | total: 0) -> {'max_bond': 8, 'max_links': 4, 'total_elems': 1580, 'total_shapes': 482, 'total_links': 222, 'num_tensors': 56}
2026-08-25 07:17:46,713 [INFO]     [end unswap] -> {'max_bond': 8, 'max_links': 4, 'total_elems': 1580, 'total_shapes': 482, 'total_links': 222, 'num_tensors': 56}
2026-08-25 07:17:46,713 [INFO] [start rewire](phase=post_unswap, cycle=5, side=left, layers=1353, trials=20, seed=123, parallel=False, route_candidates=1, route_score=none)
2026-08-25 07:17:48,782 [INFO] [end rewire](phase=post_unswap, cycle=5, side=left, routed_layers=1518, elapsed_s=2.07)
2026-08-25 07:17:48,782 [INFO] [start rewire](phase=post_unswap, cycle=5, side=right, layers=1564, trials=20, seed=123, parallel=False, route_candidates=1, route_score=none)
2026-08-25 07:17:50,607 [INFO] [end rewire](phase=post_unswap, cycle=5, side=right, routed_layers=1529, elapsed_s=1.82)
2026-08-25 07:17:50,688 [INFO] [1L/1516](swap: 12, u: 0 | c_u: 0 | t_u_l: 11/942 | t_u_r: 14/943 | t_u: 25/1885) -> {'max_bond': 8, 'max_links': 4, 'total_elems': 1580, 'total_shapes': 482, 'total_links': 222, 'num_tensors': 56}
2026-08-25 07:17:50,751 [INFO] [1R/1527](swap: 9, u: 0 | c_u: 0 | t_u_l: 11/942 | t_u_r: 14/943 | t_u: 25/1885) -> {'max_bond': 16, 'max_links': 4, 'total_elems': 2136, 'total_shapes': 548, 'total_links': 222, 'num_tensors': 56}
2026-08-25 07:17:50,816 [INFO] [2L/1516](swap: 12, u: 2 | c_u: 2 | t_u_l: 13/942 | t_u_r: 14/943 | t_u: 27/1885) -> {'max_bond': 16, 'max_links': 4, 'total_elems': 3188, 'total_shapes': 626, 'total_links': 222, 'num_tensors': 56}
2026-08-25 07:17:50,881 [INFO] [2R/1527](swap: 10, u: 0 | c_u: 2 | t_u_l: 13/942 | t_u_r: 14/943 | t_u: 27/1885) -> {'max_bond': 16, 'max_links': 4, 'total_elems': 6128, 'total_shapes': 722, 'total_links': 222, 'num_tensors': 56}
2026-08-25 07:17:50,949 [INFO] [3R/1527](swap: 15, u: 0 | c_u: 2 | t_u_l: 13/942 | t_u_r: 14/943 | t_u: 27/1885) -> {'max_bond': 16, 'max_links': 4, 'total_elems': 8004, 'total_shapes': 806, 'total_links': 222, 'num_tensors': 56}
2026-08-25 07:17:51,018 [INFO] [3L/1516](swap: 16, u: 0 | c_u: 2 | t_u_l: 13/942 | t_u_r: 14/943 | t_u: 27/1885) -> {'max_bond': 32, 'max_links': 4, 'total_elems': 14708, 'total_shapes': 960, 'total_links': 222, 'num_tensors': 56}
2026-08-25 07:17:51,101 [INFO] [4R/1527](swap: 13, u: 1 | c_u: 3 | t_u_l: 13/942 | t_u_r: 15/943 | t_u: 28/1885) -> {'max_bond': 64, 'max_links': 4, 'total_elems': 23536, 'total_shapes': 1170, 'total_links': 222, 'num_tensors': 56}
2026-08-25 07:17:51,201 [INFO] [4L/1516](swap: 17, u: 1 | c_u: 4 | t_u_l: 14/942 | t_u_r: 15/943 | t_u: 29/1885) -> {'max_bond': 64, 'max_links': 4, 'total_elems': 49544, 'total_shapes': 1464, 'total_links': 222, 'num_tensors': 56}
2026-08-25 07:17:51,339 [INFO] [5R/1527](swap: 13, u: 3 | c_u: 7 | t_u_l: 14/942 | t_u_r: 18/943 | t_u: 32/1885) -> {'max_bond': 64, 'max_links': 4, 'total_elems': 74088, 'total_shapes': 1754, 'total_links': 222, 'num_tensors': 56}
2026-08-25 07:17:51,485 [INFO] [6R/1527](swap: 11, u: 2 | c_u: 9 | t_u_l: 14/942 | t_u_r: 20/943 | t_u: 34/1885) -> {'max_bond': 64, 'max_links': 4, 'total_elems': 85848, 'total_shapes': 1970, 'total_links': 222, 'num_tensors': 56}
2026-08-25 07:17:51,639 [INFO] [5L/1516](swap: 14, u: 1 | c_u: 10 | t_u_l: 15/942 | t_u_r: 20/943 | t_u: 35/1885) -> {'max_bond': 64, 'max_links': 4, 'total_elems': 112216, 'total_shapes': 2266, 'total_links': 222, 'num_tensors': 56}
2026-08-25 07:17:51,811 [INFO] [7R/1527](swap: 15, u: 0 | c_u: 10 | t_u_l: 15/942 | t_u_r: 20/943 | t_u: 35/1885) -> {'max_bond': 64, 'max_links': 4, 'total_elems': 148024, 'total_shapes': 2606, 'total_links': 222, 'num_tensors': 56}
2026-08-25 07:17:52,084 [INFO] [8R/1527](swap: 16, u: 0 | c_u: 10 | t_u_l: 15/942 | t_u_r: 20/943 | t_u: 35/1885) -> {'max_bond': 128, 'max_links': 4, 'total_elems': 217528, 'total_shapes': 3326, 'total_links': 222, 'num_tensors': 56}
2026-08-25 07:17:52,523 [INFO] [6L/1516](swap: 15, u: 0 | c_u: 10 | t_u_l: 15/942 | t_u_r: 20/943 | t_u: 35/1885) -> {'max_bond': 128, 'max_links': 4, 'total_elems': 373888, 'total_shapes': 4108, 'total_links': 222, 'num_tensors': 56}
2026-08-25 07:17:53,516 [INFO]     [start unswap] -> {'max_bond': 128, 'max_links': 4, 'total_elems': 373888, 'total_shapes': 4108, 'total_links': 222, 'num_tensors': 56}
2026-08-25 07:18:01,852 [INFO]     [0 | both | 0](candidate_pairs: 28/28 | new_swaps: 8 | total: 8) -> {'max_bond': 256, 'max_links': 4, 'total_elems': 495488, 'total_shapes': 4538, 'total_links': 222, 'num_tensors': 56}
2026-08-25 07:18:04,040 [INFO]     [0 | both | 1](candidate_pairs: 27/27 | new_swaps: 13 | total: 21) -> {'max_bond': 64, 'max_links': 4, 'total_elems': 171328, 'total_shapes': 2858, 'total_links': 222, 'num_tensors': 56}
2026-08-25 07:18:04,402 [INFO]     [0 | left | 0](candidate_pairs: 28/28 | new_swaps: 9 | total: 30) -> {'max_bond': 64, 'max_links': 4, 'total_elems': 93472, 'total_shapes': 2230, 'total_links': 222, 'num_tensors': 56}
2026-08-25 07:18:04,626 [INFO]     [0 | left | 1](candidate_pairs: 27/27 | new_swaps: 13 | total: 43) -> {'max_bond': 64, 'max_links': 4, 'total_elems': 52128, 'total_shapes': 1778, 'total_links': 222, 'num_tensors': 56}
2026-08-25 07:18:04,737 [INFO]     [0 | right | 0](candidate_pairs: 28/28 | new_swaps: 12 | total: 55) -> {'max_bond': 32, 'max_links': 4, 'total_elems': 34308, 'total_shapes': 1432, 'total_links': 222, 'num_tensors': 56}
2026-08-25 07:18:04,832 [INFO]     [0 | right | 1](candidate_pairs: 27/27 | new_swaps: 8 | total: 63) -> {'max_bond': 32, 'max_links': 4, 'total_elems': 23268, 'total_shapes': 1252, 'total_links': 222, 'num_tensors': 56}
2026-08-25 07:18:04,971 [INFO]     [1 | both | 0](candidate_pairs: 28/28 | new_swaps: 11 | total: 11) -> {'max_bond': 16, 'max_links': 4, 'total_elems': 18692, 'total_shapes': 1092, 'total_links': 222, 'num_tensors': 56}
2026-08-25 07:18:05,103 [INFO]     [1 | both | 1](candidate_pairs: 27/27 | new_swaps: 6 | total: 17) -> {'max_bond': 16, 'max_links': 4, 'total_elems': 17412, 'total_shapes': 1036, 'total_links': 222, 'num_tensors': 56}
2026-08-25 07:18:05,171 [INFO]     [1 | left | 0](candidate_pairs: 28/28 | new_swaps: 5 | total: 22) -> {'max_bond': 16, 'max_links': 4, 'total_elems': 14660, 'total_shapes': 948, 'total_links': 222, 'num_tensors': 56}
2026-08-25 07:18:05,236 [INFO]     [1 | left | 1](candidate_pairs: 27/27 | new_swaps: 5 | total: 27) -> {'max_bond': 16, 'max_links': 4, 'total_elems': 13324, 'total_shapes': 902, 'total_links': 222, 'num_tensors': 56}
2026-08-25 07:18:05,300 [INFO]     [1 | right | 0](candidate_pairs: 28/28 | new_swaps: 5 | total: 32) -> {'max_bond': 16, 'max_links': 4, 'total_elems': 11452, 'total_shapes': 850, 'total_links': 222, 'num_tensors': 56}
2026-08-25 07:18:05,361 [INFO]     [1 | right | 1](candidate_pairs: 27/27 | new_swaps: 4 | total: 36) -> {'max_bond': 16, 'max_links': 4, 'total_elems': 10372, 'total_shapes': 816, 'total_links': 222, 'num_tensors': 56}
2026-08-25 07:18:05,470 [INFO]     [2 | both | 0](candidate_pairs: 28/28 | new_swaps: 5 | total: 5) -> {'max_bond': 16, 'max_links': 4, 'total_elems': 9100, 'total_shapes': 772, 'total_links': 222, 'num_tensors': 56}
2026-08-25 07:18:05,576 [INFO]     [2 | both | 1](candidate_pairs: 27/27 | new_swaps: 5 | total: 10) -> {'max_bond': 16, 'max_links': 4, 'total_elems': 8304, 'total_shapes': 720, 'total_links': 222, 'num_tensors': 56}
2026-08-25 07:18:05,633 [INFO]     [2 | left | 0](candidate_pairs: 28/28 | new_swaps: 3 | total: 13) -> {'max_bond': 16, 'max_links': 4, 'total_elems': 7992, 'total_shapes': 702, 'total_links': 222, 'num_tensors': 56}
2026-08-25 07:18:05,659 [INFO]     [2 | left | 1](candidate_pairs: 27/27 | new_swaps: 0 | total: 13) -> {'max_bond': 16, 'max_links': 4, 'total_elems': 7992, 'total_shapes': 702, 'total_links': 222, 'num_tensors': 56}
2026-08-25 07:18:05,714 [INFO]     [2 | right | 0](candidate_pairs: 28/28 | new_swaps: 2 | total: 15) -> {'max_bond': 16, 'max_links': 4, 'total_elems': 7728, 'total_shapes': 690, 'total_links': 222, 'num_tensors': 56}
2026-08-25 07:18:05,769 [INFO]     [2 | right | 1](candidate_pairs: 27/27 | new_swaps: 2 | total: 17) -> {'max_bond': 16, 'max_links': 4, 'total_elems': 7152, 'total_shapes': 670, 'total_links': 222, 'num_tensors': 56}
2026-08-25 07:18:05,869 [INFO]     [3 | both | 0](candidate_pairs: 28/28 | new_swaps: 5 | total: 5) -> {'max_bond': 16, 'max_links': 4, 'total_elems': 6860, 'total_shapes': 648, 'total_links': 222, 'num_tensors': 56}
2026-08-25 07:18:05,967 [INFO]     [3 | both | 1](candidate_pairs: 27/27 | new_swaps: 3 | total: 8) -> {'max_bond': 16, 'max_links': 4, 'total_elems': 6660, 'total_shapes': 632, 'total_links': 222, 'num_tensors': 56}
2026-08-25 07:18:05,991 [INFO]     [3 | left | 0](candidate_pairs: 28/28 | new_swaps: 0 | total: 8) -> {'max_bond': 16, 'max_links': 4, 'total_elems': 6660, 'total_shapes': 632, 'total_links': 222, 'num_tensors': 56}
2026-08-25 07:18:06,046 [INFO]     [3 | left | 1](candidate_pairs: 27/27 | new_swaps: 2 | total: 10) -> {'max_bond': 16, 'max_links': 4, 'total_elems': 6572, 'total_shapes': 622, 'total_links': 222, 'num_tensors': 56}
2026-08-25 07:18:06,099 [INFO]     [3 | right | 0](candidate_pairs: 28/28 | new_swaps: 2 | total: 12) -> {'max_bond': 16, 'max_links': 4, 'total_elems': 5896, 'total_shapes': 600, 'total_links': 222, 'num_tensors': 56}
2026-08-25 07:18:06,143 [INFO]     [3 | right | 1](candidate_pairs: 27/27 | new_swaps: 1 | total: 13) -> {'max_bond': 16, 'max_links': 4, 'total_elems': 4744, 'total_shapes': 576, 'total_links': 222, 'num_tensors': 56}
2026-08-25 07:18:06,226 [INFO]     [4 | both | 0](candidate_pairs: 28/28 | new_swaps: 1 | total: 1) -> {'max_bond': 16, 'max_links': 4, 'total_elems': 3784, 'total_shapes': 552, 'total_links': 222, 'num_tensors': 56}
2026-08-25 07:18:06,312 [INFO]     [4 | both | 1](candidate_pairs: 27/27 | new_swaps: 1 | total: 2) -> {'max_bond': 16, 'max_links': 4, 'total_elems': 2824, 'total_shapes': 528, 'total_links': 222, 'num_tensors': 56}
2026-08-25 07:18:06,466 [INFO]     [4 | left | 0](candidate_pairs: 28/28 | new_swaps: 1 | total: 3) -> {'max_bond': 16, 'max_links': 4, 'total_elems': 2184, 'total_shapes': 512, 'total_links': 222, 'num_tensors': 56}
2026-08-25 07:18:06,533 [INFO]     [4 | left | 1](candidate_pairs: 27/27 | new_swaps: 0 | total: 3) -> {'max_bond': 16, 'max_links': 4, 'total_elems': 2184, 'total_shapes': 512, 'total_links': 222, 'num_tensors': 56}
2026-08-25 07:18:06,597 [INFO]     [4 | right | 0](candidate_pairs: 28/28 | new_swaps: 0 | total: 3) -> {'max_bond': 16, 'max_links': 4, 'total_elems': 2184, 'total_shapes': 512, 'total_links': 222, 'num_tensors': 56}
2026-08-25 07:18:06,628 [INFO]     [4 | right | 1](candidate_pairs: 27/27 | new_swaps: 0 | total: 3) -> {'max_bond': 16, 'max_links': 4, 'total_elems': 2184, 'total_shapes': 512, 'total_links': 222, 'num_tensors': 56}
2026-08-25 07:18:06,684 [INFO]     [5 | both | 0](candidate_pairs: 28/28 | new_swaps: 0 | total: 0) -> {'max_bond': 16, 'max_links': 4, 'total_elems': 2184, 'total_shapes': 512, 'total_links': 222, 'num_tensors': 56}
2026-08-25 07:18:06,778 [INFO]     [5 | both | 1](candidate_pairs: 27/27 | new_swaps: 1 | total: 1) -> {'max_bond': 8, 'max_links': 4, 'total_elems': 1800, 'total_shapes': 496, 'total_links': 222, 'num_tensors': 56}
2026-08-25 07:18:06,801 [INFO]     [5 | left | 0](candidate_pairs: 28/28 | new_swaps: 0 | total: 1) -> {'max_bond': 8, 'max_links': 4, 'total_elems': 1800, 'total_shapes': 496, 'total_links': 222, 'num_tensors': 56}
2026-08-25 07:18:06,824 [INFO]     [5 | left | 1](candidate_pairs: 27/27 | new_swaps: 0 | total: 1) -> {'max_bond': 8, 'max_links': 4, 'total_elems': 1800, 'total_shapes': 496, 'total_links': 222, 'num_tensors': 56}
2026-08-25 07:18:06,847 [INFO]     [5 | right | 0](candidate_pairs: 28/28 | new_swaps: 0 | total: 1) -> {'max_bond': 8, 'max_links': 4, 'total_elems': 1800, 'total_shapes': 496, 'total_links': 222, 'num_tensors': 56}
2026-08-25 07:18:06,870 [INFO]     [5 | right | 1](candidate_pairs: 27/27 | new_swaps: 0 | total: 1) -> {'max_bond': 8, 'max_links': 4, 'total_elems': 1800, 'total_shapes': 496, 'total_links': 222, 'num_tensors': 56}
2026-08-25 07:18:06,915 [INFO]     [6 | both | 0](candidate_pairs: 28/28 | new_swaps: 0 | total: 0) -> {'max_bond': 8, 'max_links': 4, 'total_elems': 1800, 'total_shapes': 496, 'total_links': 222, 'num_tensors': 56}
2026-08-25 07:18:06,957 [INFO]     [6 | both | 1](candidate_pairs: 27/27 | new_swaps: 0 | total: 0) -> {'max_bond': 8, 'max_links': 4, 'total_elems': 1800, 'total_shapes': 496, 'total_links': 222, 'num_tensors': 56}
2026-08-25 07:18:06,979 [INFO]     [6 | left | 0](candidate_pairs: 28/28 | new_swaps: 0 | total: 0) -> {'max_bond': 8, 'max_links': 4, 'total_elems': 1800, 'total_shapes': 496, 'total_links': 222, 'num_tensors': 56}
2026-08-25 07:18:07,002 [INFO]     [6 | left | 1](candidate_pairs: 27/27 | new_swaps: 0 | total: 0) -> {'max_bond': 8, 'max_links': 4, 'total_elems': 1800, 'total_shapes': 496, 'total_links': 222, 'num_tensors': 56}
2026-08-25 07:18:07,023 [INFO]     [6 | right | 0](candidate_pairs: 28/28 | new_swaps: 0 | total: 0) -> {'max_bond': 8, 'max_links': 4, 'total_elems': 1800, 'total_shapes': 496, 'total_links': 222, 'num_tensors': 56}
2026-08-25 07:18:07,045 [INFO]     [6 | right | 1](candidate_pairs: 27/27 | new_swaps: 0 | total: 0) -> {'max_bond': 8, 'max_links': 4, 'total_elems': 1800, 'total_shapes': 496, 'total_links': 222, 'num_tensors': 56}
2026-08-25 07:18:07,045 [INFO]     [end unswap] -> {'max_bond': 8, 'max_links': 4, 'total_elems': 1800, 'total_shapes': 496, 'total_links': 222, 'num_tensors': 56}
2026-08-25 07:18:07,060 [INFO] [start rewire](phase=post_unswap, cycle=6, side=left, layers=1512, trials=20, seed=123, parallel=False, route_candidates=1, route_score=none)
2026-08-25 07:18:08,967 [INFO] [end rewire](phase=post_unswap, cycle=6, side=left, routed_layers=1589, elapsed_s=1.91)
2026-08-25 07:18:08,967 [INFO] [start rewire](phase=post_unswap, cycle=6, side=right, layers=1521, trials=20, seed=123, parallel=False, route_candidates=1, route_score=none)
2026-08-25 07:18:10,739 [INFO] [end rewire](phase=post_unswap, cycle=6, side=right, routed_layers=1606, elapsed_s=1.77)
2026-08-25 07:18:10,827 [INFO] [1L/1587](swap: 15, u: 0 | c_u: 0 | t_u_l: 15/942 | t_u_r: 20/943 | t_u: 35/1885) -> {'max_bond': 8, 'max_links': 4, 'total_elems': 1800, 'total_shapes': 496, 'total_links': 222, 'num_tensors': 56}
2026-08-25 07:18:10,890 [INFO] [1R/1604](swap: 13, u: 0 | c_u: 0 | t_u_l: 15/942 | t_u_r: 20/943 | t_u: 35/1885) -> {'max_bond': 16, 'max_links': 4, 'total_elems': 3028, 'total_shapes': 598, 'total_links': 222, 'num_tensors': 56}
2026-08-25 07:18:10,956 [INFO] [2L/1587](swap: 13, u: 0 | c_u: 0 | t_u_l: 15/942 | t_u_r: 20/943 | t_u: 35/1885) -> {'max_bond': 16, 'max_links': 4, 'total_elems': 4836, 'total_shapes': 676, 'total_links': 222, 'num_tensors': 56}
2026-08-25 07:18:11,021 [INFO] [3L/1587](swap: 15, u: 0 | c_u: 0 | t_u_l: 15/942 | t_u_r: 20/943 | t_u: 35/1885) -> {'max_bond': 16, 'max_links': 4, 'total_elems': 7208, 'total_shapes': 768, 'total_links': 222, 'num_tensors': 56}
2026-08-25 07:18:11,091 [INFO] [4L/1587](swap: 14, u: 0 | c_u: 0 | t_u_l: 15/942 | t_u_r: 20/943 | t_u: 35/1885) -> {'max_bond': 16, 'max_links': 4, 'total_elems': 11184, 'total_shapes': 926, 'total_links': 222, 'num_tensors': 56}
2026-08-25 07:18:11,174 [INFO] [2R/1604](swap: 13, u: 0 | c_u: 0 | t_u_l: 15/942 | t_u_r: 20/943 | t_u: 35/1885) -> {'max_bond': 64, 'max_links': 4, 'total_elems': 22184, 'total_shapes': 1180, 'total_links': 222, 'num_tensors': 56}
2026-08-25 07:18:11,254 [INFO] [3R/1604](swap: 13, u: 0 | c_u: 0 | t_u_l: 15/942 | t_u_r: 20/943 | t_u: 35/1885) -> {'max_bond': 64, 'max_links': 4, 'total_elems': 32472, 'total_shapes': 1340, 'total_links': 222, 'num_tensors': 56}
2026-08-25 07:18:11,353 [INFO] [4R/1604](swap: 10, u: 0 | c_u: 0 | t_u_l: 15/942 | t_u_r: 20/943 | t_u: 35/1885) -> {'max_bond': 64, 'max_links': 4, 'total_elems': 45352, 'total_shapes': 1616, 'total_links': 222, 'num_tensors': 56}
2026-08-25 07:18:11,460 [INFO] [5R/1604](swap: 8, u: 1 | c_u: 1 | t_u_l: 15/942 | t_u_r: 21/943 | t_u: 36/1885) -> {'max_bond': 64, 'max_links': 4, 'total_elems': 69416, 'total_shapes': 1908, 'total_links': 222, 'num_tensors': 56}
2026-08-25 07:18:11,612 [INFO] [5L/1587](swap: 17, u: 0 | c_u: 1 | t_u_l: 15/942 | t_u_r: 21/943 | t_u: 36/1885) -> {'max_bond': 64, 'max_links': 4, 'total_elems': 121144, 'total_shapes': 2368, 'total_links': 222, 'num_tensors': 56}
2026-08-25 07:18:11,903 [INFO] [6L/1587](swap: 16, u: 1 | c_u: 2 | t_u_l: 16/942 | t_u_r: 21/943 | t_u: 37/1885) -> {'max_bond': 128, 'max_links': 4, 'total_elems': 178016, 'total_shapes': 2848, 'total_links': 222, 'num_tensors': 56}
2026-08-25 07:18:12,204 [INFO] [7L/1587](swap: 14, u: 2 | c_u: 4 | t_u_l: 18/942 | t_u_r: 21/943 | t_u: 39/1885) -> {'max_bond': 128, 'max_links': 4, 'total_elems': 267424, 'total_shapes': 3504, 'total_links': 222, 'num_tensors': 56}
2026-08-25 07:18:12,873 [INFO]     [start unswap] -> {'max_bond': 128, 'max_links': 4, 'total_elems': 267424, 'total_shapes': 3504, 'total_links': 222, 'num_tensors': 56}
2026-08-25 07:18:16,804 [INFO]     [0 | both | 0](candidate_pairs: 28/28 | new_swaps: 6 | total: 6) -> {'max_bond': 128, 'max_links': 4, 'total_elems': 340256, 'total_shapes': 3784, 'total_links': 222, 'num_tensors': 56}
2026-08-25 07:18:18,899 [INFO]     [0 | both | 1](candidate_pairs: 27/27 | new_swaps: 12 | total: 18) -> {'max_bond': 128, 'max_links': 4, 'total_elems': 186272, 'total_shapes': 2824, 'total_links': 222, 'num_tensors': 56}
2026-08-25 07:18:19,304 [INFO]     [0 | left | 0](candidate_pairs: 28/28 | new_swaps: 13 | total: 31) -> {'max_bond': 64, 'max_links': 4, 'total_elems': 90976, 'total_shapes': 2108, 'total_links': 222, 'num_tensors': 56}
2026-08-25 07:18:19,508 [INFO]     [0 | left | 1](candidate_pairs: 27/27 | new_swaps: 11 | total: 42) -> {'max_bond': 64, 'max_links': 4, 'total_elems': 42624, 'total_shapes': 1660, 'total_links': 222, 'num_tensors': 56}
2026-08-25 07:18:19,596 [INFO]     [0 | right | 0](candidate_pairs: 28/28 | new_swaps: 7 | total: 49) -> {'max_bond': 32, 'max_links': 4, 'total_elems': 30080, 'total_shapes': 1404, 'total_links': 222, 'num_tensors': 56}
2026-08-25 07:18:19,679 [INFO]     [0 | right | 1](candidate_pairs: 27/27 | new_swaps: 8 | total: 57) -> {'max_bond': 32, 'max_links': 4, 'total_elems': 21232, 'total_shapes': 1240, 'total_links': 222, 'num_tensors': 56}
2026-08-25 07:18:19,806 [INFO]     [1 | both | 0](candidate_pairs: 28/28 | new_swaps: 13 | total: 13) -> {'max_bond': 16, 'max_links': 4, 'total_elems': 14552, 'total_shapes': 1046, 'total_links': 222, 'num_tensors': 56}
2026-08-25 07:18:19,921 [INFO]     [1 | both | 1](candidate_pairs: 27/27 | new_swaps: 9 | total: 22) -> {'max_bond': 16, 'max_links': 4, 'total_elems': 11764, 'total_shapes': 938, 'total_links': 222, 'num_tensors': 56}
2026-08-25 07:18:19,983 [INFO]     [1 | left | 0](candidate_pairs: 28/28 | new_swaps: 7 | total: 29) -> {'max_bond': 16, 'max_links': 4, 'total_elems': 10128, 'total_shapes': 856, 'total_links': 222, 'num_tensors': 56}
2026-08-25 07:18:20,043 [INFO]     [1 | left | 1](candidate_pairs: 27/27 | new_swaps: 4 | total: 33) -> {'max_bond': 16, 'max_links': 4, 'total_elems': 8276, 'total_shapes': 810, 'total_links': 222, 'num_tensors': 56}
2026-08-25 07:18:20,098 [INFO]     [1 | right | 0](candidate_pairs: 28/28 | new_swaps: 3 | total: 36) -> {'max_bond': 16, 'max_links': 4, 'total_elems': 6996, 'total_shapes': 770, 'total_links': 222, 'num_tensors': 56}
2026-08-25 07:18:20,122 [INFO]     [1 | right | 1](candidate_pairs: 27/27 | new_swaps: 0 | total: 36) -> {'max_bond': 16, 'max_links': 4, 'total_elems': 6996, 'total_shapes': 770, 'total_links': 222, 'num_tensors': 56}
2026-08-25 07:18:20,220 [INFO]     [2 | both | 0](candidate_pairs: 28/28 | new_swaps: 2 | total: 2) -> {'max_bond': 16, 'max_links': 4, 'total_elems': 6744, 'total_shapes': 756, 'total_links': 222, 'num_tensors': 56}
2026-08-25 07:18:20,321 [INFO]     [2 | both | 1](candidate_pairs: 27/27 | new_swaps: 6 | total: 8) -> {'max_bond': 16, 'max_links': 4, 'total_elems': 6372, 'total_shapes': 726, 'total_links': 222, 'num_tensors': 56}
2026-08-25 07:18:20,378 [INFO]     [2 | left | 0](candidate_pairs: 28/28 | new_swaps: 4 | total: 12) -> {'max_bond': 16, 'max_links': 4, 'total_elems': 5604, 'total_shapes': 698, 'total_links': 222, 'num_tensors': 56}
2026-08-25 07:18:20,435 [INFO]     [2 | left | 1](candidate_pairs: 27/27 | new_swaps: 2 | total: 14) -> {'max_bond': 16, 'max_links': 4, 'total_elems': 4764, 'total_shapes': 668, 'total_links': 222, 'num_tensors': 56}
2026-08-25 07:18:20,488 [INFO]     [2 | right | 0](candidate_pairs: 28/28 | new_swaps: 1 | total: 15) -> {'max_bond': 16, 'max_links': 4, 'total_elems': 4716, 'total_shapes': 664, 'total_links': 222, 'num_tensors': 56}
2026-08-25 07:18:20,511 [INFO]     [2 | right | 1](candidate_pairs: 27/27 | new_swaps: 0 | total: 15) -> {'max_bond': 16, 'max_links': 4, 'total_elems': 4716, 'total_shapes': 664, 'total_links': 222, 'num_tensors': 56}
2026-08-25 07:18:20,607 [INFO]     [3 | both | 0](candidate_pairs: 28/28 | new_swaps: 3 | total: 3) -> {'max_bond': 16, 'max_links': 4, 'total_elems': 4500, 'total_shapes': 652, 'total_links': 222, 'num_tensors': 56}
2026-08-25 07:18:20,705 [INFO]     [3 | both | 1](candidate_pairs: 27/27 | new_swaps: 5 | total: 8) -> {'max_bond': 16, 'max_links': 4, 'total_elems': 4152, 'total_shapes': 628, 'total_links': 222, 'num_tensors': 56}
2026-08-25 07:18:20,759 [INFO]     [3 | left | 0](candidate_pairs: 28/28 | new_swaps: 2 | total: 10) -> {'max_bond': 16, 'max_links': 4, 'total_elems': 4032, 'total_shapes': 620, 'total_links': 222, 'num_tensors': 56}
2026-08-25 07:18:20,801 [INFO]     [3 | left | 1](candidate_pairs: 27/27 | new_swaps: 1 | total: 11) -> {'max_bond': 16, 'max_links': 4, 'total_elems': 3872, 'total_shapes': 612, 'total_links': 222, 'num_tensors': 56}
2026-08-25 07:18:20,824 [INFO]     [3 | right | 0](candidate_pairs: 28/28 | new_swaps: 0 | total: 11) -> {'max_bond': 16, 'max_links': 4, 'total_elems': 3872, 'total_shapes': 612, 'total_links': 222, 'num_tensors': 56}
2026-08-25 07:18:20,847 [INFO]     [3 | right | 1](candidate_pairs: 27/27 | new_swaps: 0 | total: 11) -> {'max_bond': 16, 'max_links': 4, 'total_elems': 3872, 'total_shapes': 612, 'total_links': 222, 'num_tensors': 56}
2026-08-25 07:18:20,941 [INFO]     [4 | both | 0](candidate_pairs: 28/28 | new_swaps: 3 | total: 3) -> {'max_bond': 16, 'max_links': 4, 'total_elems': 3656, 'total_shapes': 596, 'total_links': 222, 'num_tensors': 56}
2026-08-25 07:18:21,034 [INFO]     [4 | both | 1](candidate_pairs: 27/27 | new_swaps: 2 | total: 5) -> {'max_bond': 16, 'max_links': 4, 'total_elems': 3596, 'total_shapes': 588, 'total_links': 222, 'num_tensors': 56}
2026-08-25 07:18:21,057 [INFO]     [4 | left | 0](candidate_pairs: 28/28 | new_swaps: 0 | total: 5) -> {'max_bond': 16, 'max_links': 4, 'total_elems': 3596, 'total_shapes': 588, 'total_links': 222, 'num_tensors': 56}
2026-08-25 07:18:21,080 [INFO]     [4 | left | 1](candidate_pairs: 27/27 | new_swaps: 0 | total: 5) -> {'max_bond': 16, 'max_links': 4, 'total_elems': 3596, 'total_shapes': 588, 'total_links': 222, 'num_tensors': 56}
2026-08-25 07:18:21,103 [INFO]     [4 | right | 0](candidate_pairs: 28/28 | new_swaps: 0 | total: 5) -> {'max_bond': 16, 'max_links': 4, 'total_elems': 3596, 'total_shapes': 588, 'total_links': 222, 'num_tensors': 56}
2026-08-25 07:18:21,126 [INFO]     [4 | right | 1](candidate_pairs: 27/27 | new_swaps: 0 | total: 5) -> {'max_bond': 16, 'max_links': 4, 'total_elems': 3596, 'total_shapes': 588, 'total_links': 222, 'num_tensors': 56}
2026-08-25 07:18:21,170 [INFO]     [5 | both | 0](candidate_pairs: 28/28 | new_swaps: 0 | total: 0) -> {'max_bond': 16, 'max_links': 4, 'total_elems': 3596, 'total_shapes': 588, 'total_links': 222, 'num_tensors': 56}
2026-08-25 07:18:21,216 [INFO]     [5 | both | 1](candidate_pairs: 27/27 | new_swaps: 0 | total: 0) -> {'max_bond': 16, 'max_links': 4, 'total_elems': 3596, 'total_shapes': 588, 'total_links': 222, 'num_tensors': 56}
2026-08-25 07:18:21,239 [INFO]     [5 | left | 0](candidate_pairs: 28/28 | new_swaps: 0 | total: 0) -> {'max_bond': 16, 'max_links': 4, 'total_elems': 3596, 'total_shapes': 588, 'total_links': 222, 'num_tensors': 56}
2026-08-25 07:18:21,262 [INFO]     [5 | left | 1](candidate_pairs: 27/27 | new_swaps: 0 | total: 0) -> {'max_bond': 16, 'max_links': 4, 'total_elems': 3596, 'total_shapes': 588, 'total_links': 222, 'num_tensors': 56}
2026-08-25 07:18:21,285 [INFO]     [5 | right | 0](candidate_pairs: 28/28 | new_swaps: 0 | total: 0) -> {'max_bond': 16, 'max_links': 4, 'total_elems': 3596, 'total_shapes': 588, 'total_links': 222, 'num_tensors': 56}
2026-08-25 07:18:21,307 [INFO]     [5 | right | 1](candidate_pairs: 27/27 | new_swaps: 0 | total: 0) -> {'max_bond': 16, 'max_links': 4, 'total_elems': 3596, 'total_shapes': 588, 'total_links': 222, 'num_tensors': 56}
2026-08-25 07:18:21,308 [INFO]     [end unswap] -> {'max_bond': 16, 'max_links': 4, 'total_elems': 3596, 'total_shapes': 588, 'total_links': 222, 'num_tensors': 56}
2026-08-25 07:18:21,309 [INFO] [start rewire](phase=post_unswap, cycle=7, side=left, layers=1582, trials=20, seed=123, parallel=False, route_candidates=1, route_score=none)
2026-08-25 07:18:23,209 [INFO] [end rewire](phase=post_unswap, cycle=7, side=left, routed_layers=1432, elapsed_s=1.90)
2026-08-25 07:18:23,209 [INFO] [start rewire](phase=post_unswap, cycle=7, side=right, layers=1601, trials=20, seed=123, parallel=False, route_candidates=1, route_score=none)
2026-08-25 07:18:24,872 [INFO] [end rewire](phase=post_unswap, cycle=7, side=right, routed_layers=1528, elapsed_s=1.66)
2026-08-25 07:18:24,964 [INFO] [1L/1430](swap: 11, u: 0 | c_u: 0 | t_u_l: 18/942 | t_u_r: 21/943 | t_u: 39/1885) -> {'max_bond': 16, 'max_links': 4, 'total_elems': 3596, 'total_shapes': 588, 'total_links': 222, 'num_tensors': 56}
2026-08-25 07:18:25,024 [INFO] [2L/1430](swap: 12, u: 0 | c_u: 0 | t_u_l: 18/942 | t_u_r: 21/943 | t_u: 39/1885) -> {'max_bond': 16, 'max_links': 4, 'total_elems': 4268, 'total_shapes': 650, 'total_links': 222, 'num_tensors': 56}
2026-08-25 07:18:25,086 [INFO] [1R/1526](swap: 13, u: 0 | c_u: 0 | t_u_l: 18/942 | t_u_r: 21/943 | t_u: 39/1885) -> {'max_bond': 16, 'max_links': 4, 'total_elems': 5256, 'total_shapes': 728, 'total_links': 222, 'num_tensors': 56}
2026-08-25 07:18:25,150 [INFO] [3L/1430](swap: 12, u: 0 | c_u: 0 | t_u_l: 18/942 | t_u_r: 21/943 | t_u: 39/1885) -> {'max_bond': 16, 'max_links': 4, 'total_elems': 7224, 'total_shapes': 834, 'total_links': 222, 'num_tensors': 56}
2026-08-25 07:18:25,216 [INFO] [2R/1526](swap: 13, u: 0 | c_u: 0 | t_u_l: 18/942 | t_u_r: 21/943 | t_u: 39/1885) -> {'max_bond': 16, 'max_links': 4, 'total_elems': 12264, 'total_shapes': 1046, 'total_links': 222, 'num_tensors': 56}
2026-08-25 07:18:25,284 [INFO] [3R/1526](swap: 10, u: 1 | c_u: 1 | t_u_l: 18/942 | t_u_r: 22/943 | t_u: 40/1885) -> {'max_bond': 16, 'max_links': 4, 'total_elems': 18232, 'total_shapes': 1194, 'total_links': 222, 'num_tensors': 56}
2026-08-25 07:18:25,366 [INFO] [4L/1430](swap: 14, u: 0 | c_u: 1 | t_u_l: 18/942 | t_u_r: 22/943 | t_u: 40/1885) -> {'max_bond': 64, 'max_links': 4, 'total_elems': 32736, 'total_shapes': 1472, 'total_links': 222, 'num_tensors': 56}
2026-08-25 07:18:25,468 [INFO] [4R/1526](swap: 15, u: 1 | c_u: 2 | t_u_l: 18/942 | t_u_r: 23/943 | t_u: 41/1885) -> {'max_bond': 64, 'max_links': 4, 'total_elems': 59488, 'total_shapes': 1828, 'total_links': 222, 'num_tensors': 56}
2026-08-25 07:18:25,614 [INFO] [5R/1526](swap: 12, u: 2 | c_u: 4 | t_u_l: 18/942 | t_u_r: 25/943 | t_u: 43/1885) -> {'max_bond': 64, 'max_links': 4, 'total_elems': 104128, 'total_shapes': 2284, 'total_links': 222, 'num_tensors': 56}
2026-08-25 07:18:25,844 [INFO] [6R/1526](swap: 13, u: 2 | c_u: 6 | t_u_l: 18/942 | t_u_r: 27/943 | t_u: 45/1885) -> {'max_bond': 64, 'max_links': 4, 'total_elems': 185824, 'total_shapes': 2760, 'total_links': 222, 'num_tensors': 56}
2026-08-25 07:18:26,254 [INFO]     [start unswap] -> {'max_bond': 64, 'max_links': 4, 'total_elems': 185824, 'total_shapes': 2760, 'total_links': 222, 'num_tensors': 56}
2026-08-25 07:18:28,169 [INFO]     [0 | both | 0](candidate_pairs: 28/28 | new_swaps: 6 | total: 6) -> {'max_bond': 256, 'max_links': 4, 'total_elems': 275072, 'total_shapes': 3164, 'total_links': 222, 'num_tensors': 56}
2026-08-25 07:18:29,198 [INFO]     [0 | both | 1](candidate_pairs: 27/27 | new_swaps: 9 | total: 15) -> {'max_bond': 64, 'max_links': 4, 'total_elems': 102560, 'total_shapes': 2236, 'total_links': 222, 'num_tensors': 56}
2026-08-25 07:18:29,389 [INFO]     [0 | left | 0](candidate_pairs: 28/28 | new_swaps: 9 | total: 24) -> {'max_bond': 64, 'max_links': 4, 'total_elems': 75168, 'total_shapes': 1836, 'total_links': 222, 'num_tensors': 56}
2026-08-25 07:18:29,629 [INFO]     [0 | left | 1](candidate_pairs: 27/27 | new_swaps: 13 | total: 37) -> {'max_bond': 64, 'max_links': 4, 'total_elems': 39448, 'total_shapes': 1486, 'total_links': 222, 'num_tensors': 56}
2026-08-25 07:18:29,724 [INFO]     [0 | right | 0](candidate_pairs: 28/28 | new_swaps: 9 | total: 46) -> {'max_bond': 32, 'max_links': 4, 'total_elems': 21848, 'total_shapes': 1174, 'total_links': 222, 'num_tensors': 56}
2026-08-25 07:18:29,796 [INFO]     [0 | right | 1](candidate_pairs: 27/27 | new_swaps: 9 | total: 55) -> {'max_bond': 32, 'max_links': 4, 'total_elems': 15248, 'total_shapes': 1044, 'total_links': 222, 'num_tensors': 56}
2026-08-25 07:18:29,912 [INFO]     [1 | both | 0](candidate_pairs: 28/28 | new_swaps: 7 | total: 7) -> {'max_bond': 32, 'max_links': 4, 'total_elems': 11712, 'total_shapes': 940, 'total_links': 222, 'num_tensors': 56}
2026-08-25 07:18:30,026 [INFO]     [1 | both | 1](candidate_pairs: 27/27 | new_swaps: 6 | total: 13) -> {'max_bond': 32, 'max_links': 4, 'total_elems': 8784, 'total_shapes': 842, 'total_links': 222, 'num_tensors': 56}
2026-08-25 07:18:30,086 [INFO]     [1 | left | 0](candidate_pairs: 28/28 | new_swaps: 5 | total: 18) -> {'max_bond': 16, 'max_links': 4, 'total_elems': 6676, 'total_shapes': 768, 'total_links': 222, 'num_tensors': 56}
2026-08-25 07:18:30,143 [INFO]     [1 | left | 1](candidate_pairs: 27/27 | new_swaps: 3 | total: 21) -> {'max_bond': 16, 'max_links': 4, 'total_elems': 5412, 'total_shapes': 736, 'total_links': 222, 'num_tensors': 56}
2026-08-25 07:18:30,199 [INFO]     [1 | right | 0](candidate_pairs: 28/28 | new_swaps: 5 | total: 26) -> {'max_bond': 8, 'max_links': 4, 'total_elems': 4216, 'total_shapes': 676, 'total_links': 222, 'num_tensors': 56}
2026-08-25 07:18:30,251 [INFO]     [1 | right | 1](candidate_pairs: 27/27 | new_swaps: 1 | total: 27) -> {'max_bond': 8, 'max_links': 4, 'total_elems': 4088, 'total_shapes': 668, 'total_links': 222, 'num_tensors': 56}
2026-08-25 07:18:30,346 [INFO]     [2 | both | 0](candidate_pairs: 28/28 | new_swaps: 4 | total: 4) -> {'max_bond': 8, 'max_links': 4, 'total_elems': 3764, 'total_shapes': 646, 'total_links': 222, 'num_tensors': 56}
2026-08-25 07:18:30,391 [INFO]     [2 | both | 1](candidate_pairs: 27/27 | new_swaps: 0 | total: 4) -> {'max_bond': 8, 'max_links': 4, 'total_elems': 3764, 'total_shapes': 646, 'total_links': 222, 'num_tensors': 56}
2026-08-25 07:18:30,414 [INFO]     [2 | left | 0](candidate_pairs: 28/28 | new_swaps: 0 | total: 4) -> {'max_bond': 8, 'max_links': 4, 'total_elems': 3764, 'total_shapes': 646, 'total_links': 222, 'num_tensors': 56}
2026-08-25 07:18:30,458 [INFO]     [2 | left | 1](candidate_pairs: 27/27 | new_swaps: 1 | total: 5) -> {'max_bond': 8, 'max_links': 4, 'total_elems': 3740, 'total_shapes': 640, 'total_links': 222, 'num_tensors': 56}
2026-08-25 07:18:30,480 [INFO]     [2 | right | 0](candidate_pairs: 28/28 | new_swaps: 0 | total: 5) -> {'max_bond': 8, 'max_links': 4, 'total_elems': 3740, 'total_shapes': 640, 'total_links': 222, 'num_tensors': 56}
2026-08-25 07:18:30,523 [INFO]     [2 | right | 1](candidate_pairs: 27/27 | new_swaps: 1 | total: 6) -> {'max_bond': 8, 'max_links': 4, 'total_elems': 3580, 'total_shapes': 632, 'total_links': 222, 'num_tensors': 56}
2026-08-25 07:18:30,567 [INFO]     [3 | both | 0](candidate_pairs: 28/28 | new_swaps: 0 | total: 0) -> {'max_bond': 8, 'max_links': 4, 'total_elems': 3580, 'total_shapes': 632, 'total_links': 222, 'num_tensors': 56}
2026-08-25 07:18:30,613 [INFO]     [3 | both | 1](candidate_pairs: 27/27 | new_swaps: 0 | total: 0) -> {'max_bond': 8, 'max_links': 4, 'total_elems': 3580, 'total_shapes': 632, 'total_links': 222, 'num_tensors': 56}
2026-08-25 07:18:30,636 [INFO]     [3 | left | 0](candidate_pairs: 28/28 | new_swaps: 0 | total: 0) -> {'max_bond': 8, 'max_links': 4, 'total_elems': 3580, 'total_shapes': 632, 'total_links': 222, 'num_tensors': 56}
2026-08-25 07:18:30,660 [INFO]     [3 | left | 1](candidate_pairs: 27/27 | new_swaps: 0 | total: 0) -> {'max_bond': 8, 'max_links': 4, 'total_elems': 3580, 'total_shapes': 632, 'total_links': 222, 'num_tensors': 56}
2026-08-25 07:18:30,704 [INFO]     [3 | right | 0](candidate_pairs: 28/28 | new_swaps: 1 | total: 1) -> {'max_bond': 8, 'max_links': 4, 'total_elems': 3388, 'total_shapes': 624, 'total_links': 222, 'num_tensors': 56}
2026-08-25 07:18:30,748 [INFO]     [3 | right | 1](candidate_pairs: 27/27 | new_swaps: 1 | total: 2) -> {'max_bond': 8, 'max_links': 4, 'total_elems': 3260, 'total_shapes': 616, 'total_links': 222, 'num_tensors': 56}
2026-08-25 07:18:30,794 [INFO]     [4 | both | 0](candidate_pairs: 28/28 | new_swaps: 0 | total: 0) -> {'max_bond': 8, 'max_links': 4, 'total_elems': 3260, 'total_shapes': 616, 'total_links': 222, 'num_tensors': 56}
2026-08-25 07:18:30,843 [INFO]     [4 | both | 1](candidate_pairs: 27/27 | new_swaps: 0 | total: 0) -> {'max_bond': 8, 'max_links': 4, 'total_elems': 3260, 'total_shapes': 616, 'total_links': 222, 'num_tensors': 56}
2026-08-25 07:18:30,867 [INFO]     [4 | left | 0](candidate_pairs: 28/28 | new_swaps: 0 | total: 0) -> {'max_bond': 8, 'max_links': 4, 'total_elems': 3260, 'total_shapes': 616, 'total_links': 222, 'num_tensors': 56}
2026-08-25 07:18:30,891 [INFO]     [4 | left | 1](candidate_pairs: 27/27 | new_swaps: 0 | total: 0) -> {'max_bond': 8, 'max_links': 4, 'total_elems': 3260, 'total_shapes': 616, 'total_links': 222, 'num_tensors': 56}
2026-08-25 07:18:30,914 [INFO]     [4 | right | 0](candidate_pairs: 28/28 | new_swaps: 0 | total: 0) -> {'max_bond': 8, 'max_links': 4, 'total_elems': 3260, 'total_shapes': 616, 'total_links': 222, 'num_tensors': 56}
2026-08-25 07:18:30,938 [INFO]     [4 | right | 1](candidate_pairs: 27/27 | new_swaps: 0 | total: 0) -> {'max_bond': 8, 'max_links': 4, 'total_elems': 3260, 'total_shapes': 616, 'total_links': 222, 'num_tensors': 56}
2026-08-25 07:18:30,939 [INFO]     [end unswap] -> {'max_bond': 8, 'max_links': 4, 'total_elems': 3260, 'total_shapes': 616, 'total_links': 222, 'num_tensors': 56}
2026-08-25 07:18:30,940 [INFO] [start rewire](phase=post_unswap, cycle=8, side=left, layers=1428, trials=20, seed=123, parallel=False, route_candidates=1, route_score=none)
2026-08-25 07:18:32,920 [INFO] [end rewire](phase=post_unswap, cycle=8, side=left, routed_layers=1427, elapsed_s=1.98)
2026-08-25 07:18:32,920 [INFO] [start rewire](phase=post_unswap, cycle=8, side=right, layers=1522, trials=20, seed=123, parallel=False, route_candidates=1, route_score=none)
2026-08-25 07:18:34,138 [INFO] [end rewire](phase=post_unswap, cycle=8, side=right, routed_layers=1565, elapsed_s=1.22)
2026-08-25 07:18:34,226 [INFO] [1L/1425](swap: 14, u: 0 | c_u: 0 | t_u_l: 18/942 | t_u_r: 27/943 | t_u: 45/1885) -> {'max_bond': 8, 'max_links': 4, 'total_elems': 3260, 'total_shapes': 616, 'total_links': 222, 'num_tensors': 56}
2026-08-25 07:18:34,290 [INFO] [1R/1563](swap: 13, u: 2 | c_u: 2 | t_u_l: 18/942 | t_u_r: 29/943 | t_u: 47/1885) -> {'max_bond': 16, 'max_links': 4, 'total_elems': 5356, 'total_shapes': 740, 'total_links': 222, 'num_tensors': 56}
2026-08-25 07:18:34,357 [INFO] [2L/1425](swap: 17, u: 0 | c_u: 2 | t_u_l: 18/942 | t_u_r: 29/943 | t_u: 47/1885) -> {'max_bond': 16, 'max_links': 4, 'total_elems': 7676, 'total_shapes': 836, 'total_links': 222, 'num_tensors': 56}
2026-08-25 07:18:34,426 [INFO] [2R/1563](swap: 10, u: 3 | c_u: 5 | t_u_l: 18/942 | t_u_r: 32/943 | t_u: 50/1885) -> {'max_bond': 16, 'max_links': 4, 'total_elems': 11964, 'total_shapes': 960, 'total_links': 222, 'num_tensors': 56}
2026-08-25 07:18:34,510 [INFO] [3L/1425](swap: 15, u: 1 | c_u: 6 | t_u_l: 19/942 | t_u_r: 32/943 | t_u: 51/1885) -> {'max_bond': 32, 'max_links': 4, 'total_elems': 16604, 'total_shapes': 1128, 'total_links': 222, 'num_tensors': 56}
2026-08-25 07:18:34,594 [INFO] [4L/1425](swap: 13, u: 1 | c_u: 7 | t_u_l: 20/942 | t_u_r: 32/943 | t_u: 52/1885) -> {'max_bond': 64, 'max_links': 4, 'total_elems': 34908, 'total_shapes': 1448, 'total_links': 222, 'num_tensors': 56}
2026-08-25 07:18:34,696 [INFO] [3R/1563](swap: 12, u: 1 | c_u: 8 | t_u_l: 20/942 | t_u_r: 33/943 | t_u: 53/1885) -> {'max_bond': 64, 'max_links': 4, 'total_elems': 51036, 'total_shapes': 1688, 'total_links': 222, 'num_tensors': 56}
2026-08-25 07:18:34,833 [INFO] [4R/1563](swap: 12, u: 1 | c_u: 9 | t_u_l: 20/942 | t_u_r: 34/943 | t_u: 54/1885) -> {'max_bond': 64, 'max_links': 4, 'total_elems': 80668, 'total_shapes': 1968, 'total_links': 222, 'num_tensors': 56}
2026-08-25 07:18:34,996 [INFO] [5R/1563](swap: 9, u: 0 | c_u: 9 | t_u_l: 20/942 | t_u_r: 34/943 | t_u: 54/1885) -> {'max_bond': 64, 'max_links': 4, 'total_elems': 92316, 'total_shapes': 2152, 'total_links': 222, 'num_tensors': 56}
2026-08-25 07:18:35,171 [INFO] [6R/1563](swap: 7, u: 4 | c_u: 13 | t_u_l: 20/942 | t_u_r: 38/943 | t_u: 58/1885) -> {'max_bond': 128, 'max_links': 4, 'total_elems': 139676, 'total_shapes': 2576, 'total_links': 222, 'num_tensors': 56}
2026-08-25 07:18:35,498 [INFO] [5L/1425](swap: 14, u: 2 | c_u: 15 | t_u_l: 22/942 | t_u_r: 38/943 | t_u: 60/1885) -> {'max_bond': 128, 'max_links': 4, 'total_elems': 279704, 'total_shapes': 3318, 'total_links': 222, 'num_tensors': 56}
2026-08-25 07:18:36,246 [INFO]     [start unswap] -> {'max_bond': 128, 'max_links': 4, 'total_elems': 279704, 'total_shapes': 3318, 'total_links': 222, 'num_tensors': 56}
2026-08-25 07:18:39,292 [INFO]     [0 | both | 0](candidate_pairs: 28/28 | new_swaps: 5 | total: 5) -> {'max_bond': 128, 'max_links': 4, 'total_elems': 236448, 'total_shapes': 3036, 'total_links': 222, 'num_tensors': 56}
2026-08-25 07:18:40,073 [INFO]     [0 | both | 1](candidate_pairs: 27/27 | new_swaps: 11 | total: 16) -> {'max_bond': 128, 'max_links': 4, 'total_elems': 111136, 'total_shapes': 2344, 'total_links': 222, 'num_tensors': 56}
2026-08-25 07:18:40,284 [INFO]     [0 | left | 0](candidate_pairs: 28/28 | new_swaps: 10 | total: 26) -> {'max_bond': 32, 'max_links': 4, 'total_elems': 56672, 'total_shapes': 1816, 'total_links': 222, 'num_tensors': 56}
2026-08-25 07:18:40,404 [INFO]     [0 | left | 1](candidate_pairs: 27/27 | new_swaps: 12 | total: 38) -> {'max_bond': 32, 'max_links': 4, 'total_elems': 38040, 'total_shapes': 1514, 'total_links': 222, 'num_tensors': 56}
2026-08-25 07:18:40,496 [INFO]     [0 | right | 0](candidate_pairs: 28/28 | new_swaps: 8 | total: 46) -> {'max_bond': 32, 'max_links': 4, 'total_elems': 32880, 'total_shapes': 1366, 'total_links': 222, 'num_tensors': 56}
2026-08-25 07:18:40,578 [INFO]     [0 | right | 1](candidate_pairs: 27/27 | new_swaps: 7 | total: 53) -> {'max_bond': 32, 'max_links': 4, 'total_elems': 30104, 'total_shapes': 1286, 'total_links': 222, 'num_tensors': 56}
2026-08-25 07:18:40,743 [INFO]     [1 | both | 0](candidate_pairs: 28/28 | new_swaps: 7 | total: 7) -> {'max_bond': 32, 'max_links': 4, 'total_elems': 24392, 'total_shapes': 1186, 'total_links': 222, 'num_tensors': 56}
2026-08-25 07:18:40,887 [INFO]     [1 | both | 1](candidate_pairs: 27/27 | new_swaps: 7 | total: 14) -> {'max_bond': 32, 'max_links': 4, 'total_elems': 16344, 'total_shapes': 1046, 'total_links': 222, 'num_tensors': 56}
2026-08-25 07:18:40,955 [INFO]     [1 | left | 0](candidate_pairs: 28/28 | new_swaps: 7 | total: 21) -> {'max_bond': 16, 'max_links': 4, 'total_elems': 12120, 'total_shapes': 940, 'total_links': 222, 'num_tensors': 56}
2026-08-25 07:18:41,018 [INFO]     [1 | left | 1](candidate_pairs: 27/27 | new_swaps: 5 | total: 26) -> {'max_bond': 16, 'max_links': 4, 'total_elems': 10136, 'total_shapes': 882, 'total_links': 222, 'num_tensors': 56}
2026-08-25 07:18:41,075 [INFO]     [1 | right | 0](candidate_pairs: 28/28 | new_swaps: 2 | total: 28) -> {'max_bond': 16, 'max_links': 4, 'total_elems': 9600, 'total_shapes': 862, 'total_links': 222, 'num_tensors': 56}
2026-08-25 07:18:41,102 [INFO]     [1 | right | 1](candidate_pairs: 27/27 | new_swaps: 0 | total: 28) -> {'max_bond': 16, 'max_links': 4, 'total_elems': 9600, 'total_shapes': 862, 'total_links': 222, 'num_tensors': 56}
2026-08-25 07:18:41,210 [INFO]     [2 | both | 0](candidate_pairs: 28/28 | new_swaps: 5 | total: 5) -> {'max_bond': 16, 'max_links': 4, 'total_elems': 8324, 'total_shapes': 816, 'total_links': 222, 'num_tensors': 56}
2026-08-25 07:18:41,313 [INFO]     [2 | both | 1](candidate_pairs: 27/27 | new_swaps: 4 | total: 9) -> {'max_bond': 16, 'max_links': 4, 'total_elems': 7368, 'total_shapes': 778, 'total_links': 222, 'num_tensors': 56}
2026-08-25 07:18:41,358 [INFO]     [2 | left | 0](candidate_pairs: 28/28 | new_swaps: 1 | total: 10) -> {'max_bond': 16, 'max_links': 4, 'total_elems': 7328, 'total_shapes': 774, 'total_links': 222, 'num_tensors': 56}
2026-08-25 07:18:41,384 [INFO]     [2 | left | 1](candidate_pairs: 27/27 | new_swaps: 0 | total: 10) -> {'max_bond': 16, 'max_links': 4, 'total_elems': 7328, 'total_shapes': 774, 'total_links': 222, 'num_tensors': 56}
2026-08-25 07:18:41,409 [INFO]     [2 | right | 0](candidate_pairs: 28/28 | new_swaps: 0 | total: 10) -> {'max_bond': 16, 'max_links': 4, 'total_elems': 7328, 'total_shapes': 774, 'total_links': 222, 'num_tensors': 56}
2026-08-25 07:18:41,464 [INFO]     [2 | right | 1](candidate_pairs: 27/27 | new_swaps: 2 | total: 12) -> {'max_bond': 16, 'max_links': 4, 'total_elems': 6912, 'total_shapes': 758, 'total_links': 222, 'num_tensors': 56}
2026-08-25 07:18:41,563 [INFO]     [3 | both | 0](candidate_pairs: 28/28 | new_swaps: 2 | total: 2) -> {'max_bond': 16, 'max_links': 4, 'total_elems': 6528, 'total_shapes': 742, 'total_links': 222, 'num_tensors': 56}
2026-08-25 07:18:41,669 [INFO]     [3 | both | 1](candidate_pairs: 27/27 | new_swaps: 1 | total: 3) -> {'max_bond': 16, 'max_links': 4, 'total_elems': 6336, 'total_shapes': 730, 'total_links': 222, 'num_tensors': 56}
2026-08-25 07:18:41,694 [INFO]     [3 | left | 0](candidate_pairs: 28/28 | new_swaps: 0 | total: 3) -> {'max_bond': 16, 'max_links': 4, 'total_elems': 6336, 'total_shapes': 730, 'total_links': 222, 'num_tensors': 56}
2026-08-25 07:18:41,720 [INFO]     [3 | left | 1](candidate_pairs: 27/27 | new_swaps: 0 | total: 3) -> {'max_bond': 16, 'max_links': 4, 'total_elems': 6336, 'total_shapes': 730, 'total_links': 222, 'num_tensors': 56}
2026-08-25 07:18:41,764 [INFO]     [3 | right | 0](candidate_pairs: 28/28 | new_swaps: 1 | total: 4) -> {'max_bond': 16, 'max_links': 4, 'total_elems': 6144, 'total_shapes': 722, 'total_links': 222, 'num_tensors': 56}
2026-08-25 07:18:41,789 [INFO]     [3 | right | 1](candidate_pairs: 27/27 | new_swaps: 0 | total: 4) -> {'max_bond': 16, 'max_links': 4, 'total_elems': 6144, 'total_shapes': 722, 'total_links': 222, 'num_tensors': 56}
2026-08-25 07:18:41,837 [INFO]     [4 | both | 0](candidate_pairs: 28/28 | new_swaps: 0 | total: 0) -> {'max_bond': 16, 'max_links': 4, 'total_elems': 6144, 'total_shapes': 722, 'total_links': 222, 'num_tensors': 56}
2026-08-25 07:18:41,884 [INFO]     [4 | both | 1](candidate_pairs: 27/27 | new_swaps: 0 | total: 0) -> {'max_bond': 16, 'max_links': 4, 'total_elems': 6144, 'total_shapes': 722, 'total_links': 222, 'num_tensors': 56}
2026-08-25 07:18:41,908 [INFO]     [4 | left | 0](candidate_pairs: 28/28 | new_swaps: 0 | total: 0) -> {'max_bond': 16, 'max_links': 4, 'total_elems': 6144, 'total_shapes': 722, 'total_links': 222, 'num_tensors': 56}
2026-08-25 07:18:41,932 [INFO]     [4 | left | 1](candidate_pairs: 27/27 | new_swaps: 0 | total: 0) -> {'max_bond': 16, 'max_links': 4, 'total_elems': 6144, 'total_shapes': 722, 'total_links': 222, 'num_tensors': 56}
2026-08-25 07:18:41,957 [INFO]     [4 | right | 0](candidate_pairs: 28/28 | new_swaps: 0 | total: 0) -> {'max_bond': 16, 'max_links': 4, 'total_elems': 6144, 'total_shapes': 722, 'total_links': 222, 'num_tensors': 56}
2026-08-25 07:18:41,981 [INFO]     [4 | right | 1](candidate_pairs: 27/27 | new_swaps: 0 | total: 0) -> {'max_bond': 16, 'max_links': 4, 'total_elems': 6144, 'total_shapes': 722, 'total_links': 222, 'num_tensors': 56}
2026-08-25 07:18:41,981 [INFO]     [end unswap] -> {'max_bond': 16, 'max_links': 4, 'total_elems': 6144, 'total_shapes': 722, 'total_links': 222, 'num_tensors': 56}
2026-08-25 07:18:42,003 [INFO] [start rewire](phase=post_unswap, cycle=9, side=left, layers=1422, trials=20, seed=123, parallel=False, route_candidates=1, route_score=none)
2026-08-25 07:18:44,340 [INFO] [end rewire](phase=post_unswap, cycle=9, side=left, routed_layers=1460, elapsed_s=2.34)
2026-08-25 07:18:44,341 [INFO] [start rewire](phase=post_unswap, cycle=9, side=right, layers=1559, trials=20, seed=123, parallel=False, route_candidates=1, route_score=none)
2026-08-25 07:18:45,513 [INFO] [end rewire](phase=post_unswap, cycle=9, side=right, routed_layers=1597, elapsed_s=1.17)
2026-08-25 07:18:45,609 [INFO] [1L/1458](swap: 13, u: 0 | c_u: 0 | t_u_l: 22/942 | t_u_r: 38/943 | t_u: 60/1885) -> {'max_bond': 16, 'max_links': 4, 'total_elems': 6144, 'total_shapes': 722, 'total_links': 222, 'num_tensors': 56}
2026-08-25 07:18:45,678 [INFO] [1R/1595](swap: 11, u: 1 | c_u: 1 | t_u_l: 22/942 | t_u_r: 39/943 | t_u: 61/1885) -> {'max_bond': 16, 'max_links': 4, 'total_elems': 7764, 'total_shapes': 812, 'total_links': 222, 'num_tensors': 56}
2026-08-25 07:18:45,746 [INFO] [2L/1458](swap: 16, u: 0 | c_u: 1 | t_u_l: 22/942 | t_u_r: 39/943 | t_u: 61/1885) -> {'max_bond': 16, 'max_links': 4, 'total_elems': 9148, 'total_shapes': 876, 'total_links': 222, 'num_tensors': 56}
2026-08-25 07:18:45,815 [INFO] [2R/1595](swap: 10, u: 2 | c_u: 3 | t_u_l: 22/942 | t_u_r: 41/943 | t_u: 63/1885) -> {'max_bond': 16, 'max_links': 4, 'total_elems': 12484, 'total_shapes': 978, 'total_links': 222, 'num_tensors': 56}
2026-08-25 07:18:45,886 [INFO] [3R/1595](swap: 10, u: 2 | c_u: 5 | t_u_l: 22/942 | t_u_r: 43/943 | t_u: 65/1885) -> {'max_bond': 32, 'max_links': 4, 'total_elems': 17316, 'total_shapes': 1122, 'total_links': 222, 'num_tensors': 56}
2026-08-25 07:18:45,957 [INFO] [4R/1595](swap: 9, u: 1 | c_u: 6 | t_u_l: 22/942 | t_u_r: 44/943 | t_u: 66/1885) -> {'max_bond': 32, 'max_links': 4, 'total_elems': 25540, 'total_shapes': 1254, 'total_links': 222, 'num_tensors': 56}
2026-08-25 07:18:46,024 [INFO] [5R/1595](swap: 8, u: 2 | c_u: 8 | t_u_l: 22/942 | t_u_r: 46/943 | t_u: 68/1885) -> {'max_bond': 32, 'max_links': 4, 'total_elems': 29796, 'total_shapes': 1342, 'total_links': 222, 'num_tensors': 56}
2026-08-25 07:18:46,098 [INFO] [6R/1595](swap: 6, u: 1 | c_u: 9 | t_u_l: 22/942 | t_u_r: 47/943 | t_u: 69/1885) -> {'max_bond': 32, 'max_links': 4, 'total_elems': 34500, 'total_shapes': 1436, 'total_links': 222, 'num_tensors': 56}
2026-08-25 07:18:46,173 [INFO] [7R/1595](swap: 8, u: 1 | c_u: 10 | t_u_l: 22/942 | t_u_r: 48/943 | t_u: 70/1885) -> {'max_bond': 64, 'max_links': 4, 'total_elems': 47684, 'total_shapes': 1644, 'total_links': 222, 'num_tensors': 56}
2026-08-25 07:18:46,252 [INFO] [8R/1595](swap: 7, u: 1 | c_u: 11 | t_u_l: 22/942 | t_u_r: 49/943 | t_u: 71/1885) -> {'max_bond': 64, 'max_links': 4, 'total_elems': 61252, 'total_shapes': 1820, 'total_links': 222, 'num_tensors': 56}
2026-08-25 07:18:46,348 [INFO] [9R/1595](swap: 6, u: 0 | c_u: 11 | t_u_l: 22/942 | t_u_r: 49/943 | t_u: 71/1885) -> {'max_bond': 64, 'max_links': 4, 'total_elems': 81988, 'total_shapes': 2076, 'total_links': 222, 'num_tensors': 56}
2026-08-25 07:18:46,454 [INFO] [10R/1595](swap: 6, u: 0 | c_u: 11 | t_u_l: 22/942 | t_u_r: 49/943 | t_u: 71/1885) -> {'max_bond': 64, 'max_links': 4, 'total_elems': 115328, 'total_shapes': 2306, 'total_links': 222, 'num_tensors': 56}
2026-08-25 07:18:46,581 [INFO] [11R/1595](swap: 5, u: 0 | c_u: 11 | t_u_l: 22/942 | t_u_r: 49/943 | t_u: 71/1885) -> {'max_bond': 64, 'max_links': 4, 'total_elems': 123872, 'total_shapes': 2400, 'total_links': 222, 'num_tensors': 56}
2026-08-25 07:18:46,713 [INFO] [12R/1595](swap: 5, u: 1 | c_u: 12 | t_u_l: 22/942 | t_u_r: 50/943 | t_u: 72/1885) -> {'max_bond': 64, 'max_links': 4, 'total_elems': 157024, 'total_shapes': 2744, 'total_links': 222, 'num_tensors': 56}
2026-08-25 07:18:46,914 [INFO] [3L/1458](swap: 18, u: 0 | c_u: 12 | t_u_l: 22/942 | t_u_r: 50/943 | t_u: 72/1885) -> {'max_bond': 64, 'max_links': 4, 'total_elems': 207200, 'total_shapes': 3160, 'total_links': 222, 'num_tensors': 56}
2026-08-25 07:18:47,317 [INFO] [13R/1595](swap: 7, u: 0 | c_u: 12 | t_u_l: 22/942 | t_u_r: 50/943 | t_u: 72/1885) -> {'max_bond': 128, 'max_links': 4, 'total_elems': 285984, 'total_shapes': 3520, 'total_links': 222, 'num_tensors': 56}
2026-08-25 07:18:47,754 [INFO] [14R/1595](swap: 7, u: 1 | c_u: 13 | t_u_l: 22/942 | t_u_r: 51/943 | t_u: 73/1885) -> {'max_bond': 128, 'max_links': 4, 'total_elems': 362016, 'total_shapes': 4072, 'total_links': 222, 'num_tensors': 56}
2026-08-25 07:18:48,284 [INFO] [15R/1595](swap: 7, u: 1 | c_u: 14 | t_u_l: 22/942 | t_u_r: 52/943 | t_u: 74/1885) -> {'max_bond': 128, 'max_links': 4, 'total_elems': 461856, 'total_shapes': 4664, 'total_links': 222, 'num_tensors': 56}
2026-08-25 07:18:49,015 [INFO]     [start unswap] -> {'max_bond': 128, 'max_links': 4, 'total_elems': 461856, 'total_shapes': 4664, 'total_links': 222, 'num_tensors': 56}
2026-08-25 07:18:57,197 [INFO]     [0 | both | 0](candidate_pairs: 28/28 | new_swaps: 5 | total: 5) -> {'max_bond': 256, 'max_links': 4, 'total_elems': 641824, 'total_shapes': 5128, 'total_links': 222, 'num_tensors': 56}
2026-08-25 07:18:59,598 [INFO]     [0 | both | 1](candidate_pairs: 27/27 | new_swaps: 13 | total: 18) -> {'max_bond': 128, 'max_links': 4, 'total_elems': 291488, 'total_shapes': 3864, 'total_links': 222, 'num_tensors': 56}
2026-08-25 07:19:00,039 [INFO]     [0 | left | 0](candidate_pairs: 28/28 | new_swaps: 9 | total: 27) -> {'max_bond': 64, 'max_links': 4, 'total_elems': 183968, 'total_shapes': 3144, 'total_links': 222, 'num_tensors': 56}
2026-08-25 07:19:00,366 [INFO]     [0 | left | 1](candidate_pairs: 27/27 | new_swaps: 15 | total: 42) -> {'max_bond': 64, 'max_links': 4, 'total_elems': 98304, 'total_shapes': 2484, 'total_links': 222, 'num_tensors': 56}
2026-08-25 07:19:00,484 [INFO]     [0 | right | 0](candidate_pairs: 28/28 | new_swaps: 8 | total: 50) -> {'max_bond': 32, 'max_links': 4, 'total_elems': 70632, 'total_shapes': 2064, 'total_links': 222, 'num_tensors': 56}
2026-08-25 07:19:00,602 [INFO]     [0 | right | 1](candidate_pairs: 27/27 | new_swaps: 9 | total: 59) -> {'max_bond': 32, 'max_links': 4, 'total_elems': 57512, 'total_shapes': 1872, 'total_links': 222, 'num_tensors': 56}
2026-08-25 07:19:00,766 [INFO]     [1 | both | 0](candidate_pairs: 28/28 | new_swaps: 12 | total: 12) -> {'max_bond': 32, 'max_links': 4, 'total_elems': 45068, 'total_shapes': 1590, 'total_links': 222, 'num_tensors': 56}
2026-08-25 07:19:00,912 [INFO]     [1 | both | 1](candidate_pairs: 27/27 | new_swaps: 4 | total: 16) -> {'max_bond': 32, 'max_links': 4, 'total_elems': 40844, 'total_shapes': 1502, 'total_links': 222, 'num_tensors': 56}
2026-08-25 07:19:00,986 [INFO]     [1 | left | 0](candidate_pairs: 28/28 | new_swaps: 5 | total: 21) -> {'max_bond': 32, 'max_links': 4, 'total_elems': 37068, 'total_shapes': 1418, 'total_links': 222, 'num_tensors': 56}
2026-08-25 07:19:01,062 [INFO]     [1 | left | 1](candidate_pairs: 27/27 | new_swaps: 4 | total: 25) -> {'max_bond': 32, 'max_links': 4, 'total_elems': 34732, 'total_shapes': 1370, 'total_links': 222, 'num_tensors': 56}
2026-08-25 07:19:01,127 [INFO]     [1 | right | 0](candidate_pairs: 28/28 | new_swaps: 4 | total: 29) -> {'max_bond': 32, 'max_links': 4, 'total_elems': 32356, 'total_shapes': 1310, 'total_links': 222, 'num_tensors': 56}
2026-08-25 07:19:01,194 [INFO]     [1 | right | 1](candidate_pairs: 27/27 | new_swaps: 4 | total: 33) -> {'max_bond': 32, 'max_links': 4, 'total_elems': 30228, 'total_shapes': 1242, 'total_links': 222, 'num_tensors': 56}
2026-08-25 07:19:01,319 [INFO]     [2 | both | 0](candidate_pairs: 28/28 | new_swaps: 3 | total: 3) -> {'max_bond': 32, 'max_links': 4, 'total_elems': 29796, 'total_shapes': 1222, 'total_links': 222, 'num_tensors': 56}
2026-08-25 07:19:01,391 [INFO]     [2 | both | 1](candidate_pairs: 27/27 | new_swaps: 0 | total: 3) -> {'max_bond': 32, 'max_links': 4, 'total_elems': 29796, 'total_shapes': 1222, 'total_links': 222, 'num_tensors': 56}
2026-08-25 07:19:01,456 [INFO]     [2 | left | 0](candidate_pairs: 28/28 | new_swaps: 3 | total: 6) -> {'max_bond': 32, 'max_links': 4, 'total_elems': 28356, 'total_shapes': 1170, 'total_links': 222, 'num_tensors': 56}
2026-08-25 07:19:01,517 [INFO]     [2 | left | 1](candidate_pairs: 27/27 | new_swaps: 1 | total: 7) -> {'max_bond': 32, 'max_links': 4, 'total_elems': 27844, 'total_shapes': 1154, 'total_links': 222, 'num_tensors': 56}
2026-08-25 07:19:01,579 [INFO]     [2 | right | 0](candidate_pairs: 28/28 | new_swaps: 1 | total: 8) -> {'max_bond': 32, 'max_links': 4, 'total_elems': 27652, 'total_shapes': 1146, 'total_links': 222, 'num_tensors': 56}
2026-08-25 07:19:01,630 [INFO]     [2 | right | 1](candidate_pairs: 27/27 | new_swaps: 1 | total: 9) -> {'max_bond': 32, 'max_links': 4, 'total_elems': 27524, 'total_shapes': 1138, 'total_links': 222, 'num_tensors': 56}
2026-08-25 07:19:01,703 [INFO]     [3 | both | 0](candidate_pairs: 28/28 | new_swaps: 0 | total: 0) -> {'max_bond': 32, 'max_links': 4, 'total_elems': 27524, 'total_shapes': 1138, 'total_links': 222, 'num_tensors': 56}
2026-08-25 07:19:01,770 [INFO]     [3 | both | 1](candidate_pairs: 27/27 | new_swaps: 0 | total: 0) -> {'max_bond': 32, 'max_links': 4, 'total_elems': 27524, 'total_shapes': 1138, 'total_links': 222, 'num_tensors': 56}
2026-08-25 07:19:01,810 [INFO]     [3 | left | 0](candidate_pairs: 28/28 | new_swaps: 0 | total: 0) -> {'max_bond': 32, 'max_links': 4, 'total_elems': 27524, 'total_shapes': 1138, 'total_links': 222, 'num_tensors': 56}
2026-08-25 07:19:01,842 [INFO]     [3 | left | 1](candidate_pairs: 27/27 | new_swaps: 0 | total: 0) -> {'max_bond': 32, 'max_links': 4, 'total_elems': 27524, 'total_shapes': 1138, 'total_links': 222, 'num_tensors': 56}
2026-08-25 07:19:01,879 [INFO]     [3 | right | 0](candidate_pairs: 28/28 | new_swaps: 0 | total: 0) -> {'max_bond': 32, 'max_links': 4, 'total_elems': 27524, 'total_shapes': 1138, 'total_links': 222, 'num_tensors': 56}
2026-08-25 07:19:01,910 [INFO]     [3 | right | 1](candidate_pairs: 27/27 | new_swaps: 0 | total: 0) -> {'max_bond': 32, 'max_links': 4, 'total_elems': 27524, 'total_shapes': 1138, 'total_links': 222, 'num_tensors': 56}
2026-08-25 07:19:01,911 [INFO]     [end unswap] -> {'max_bond': 32, 'max_links': 4, 'total_elems': 27524, 'total_shapes': 1138, 'total_links': 222, 'num_tensors': 56}
2026-08-25 07:19:01,912 [INFO] [start rewire](phase=post_unswap, cycle=10, side=left, layers=1457, trials=20, seed=123, parallel=False, route_candidates=1, route_score=none)
2026-08-25 07:19:03,442 [INFO] [end rewire](phase=post_unswap, cycle=10, side=left, routed_layers=1460, elapsed_s=1.53)
2026-08-25 07:19:03,442 [INFO] [start rewire](phase=post_unswap, cycle=10, side=right, layers=1582, trials=20, seed=123, parallel=False, route_candidates=1, route_score=none)
2026-08-25 07:19:04,293 [INFO] [end rewire](phase=post_unswap, cycle=10, side=right, routed_layers=1504, elapsed_s=0.85)
2026-08-25 07:19:04,371 [INFO] [1L/1458](swap: 14, u: 0 | c_u: 0 | t_u_l: 22/942 | t_u_r: 52/943 | t_u: 74/1885) -> {'max_bond': 32, 'max_links': 4, 'total_elems': 27524, 'total_shapes': 1138, 'total_links': 222, 'num_tensors': 56}
2026-08-25 07:19:04,429 [INFO] [1R/1502](swap: 7, u: 2 | c_u: 2 | t_u_l: 22/942 | t_u_r: 54/943 | t_u: 76/1885) -> {'max_bond': 32, 'max_links': 4, 'total_elems': 29644, 'total_shapes': 1238, 'total_links': 222, 'num_tensors': 56}
2026-08-25 07:19:04,497 [INFO] [2L/1458](swap: 15, u: 1 | c_u: 3 | t_u_l: 23/942 | t_u_r: 54/943 | t_u: 77/1885) -> {'max_bond': 32, 'max_links': 4, 'total_elems': 34528, 'total_shapes': 1412, 'total_links': 222, 'num_tensors': 56}
2026-08-25 07:19:04,562 [INFO] [2R/1502](swap: 9, u: 1 | c_u: 4 | t_u_l: 23/942 | t_u_r: 55/943 | t_u: 78/1885) -> {'max_bond': 32, 'max_links': 4, 'total_elems': 46496, 'total_shapes': 1600, 'total_links': 222, 'num_tensors': 56}
2026-08-25 07:19:04,642 [INFO] [3L/1458](swap: 14, u: 1 | c_u: 5 | t_u_l: 24/942 | t_u_r: 55/943 | t_u: 79/1885) -> {'max_bond': 32, 'max_links': 4, 'total_elems': 66272, 'total_shapes': 1904, 'total_links': 222, 'num_tensors': 56}
2026-08-25 07:19:04,741 [INFO] [3R/1502](swap: 11, u: 0 | c_u: 5 | t_u_l: 24/942 | t_u_r: 55/943 | t_u: 79/1885) -> {'max_bond': 64, 'max_links': 4, 'total_elems': 86240, 'total_shapes': 2216, 'total_links': 222, 'num_tensors': 56}
2026-08-25 07:19:04,867 [INFO] [4R/1502](swap: 12, u: 2 | c_u: 7 | t_u_l: 24/942 | t_u_r: 57/943 | t_u: 81/1885) -> {'max_bond': 64, 'max_links': 4, 'total_elems': 126944, 'total_shapes': 2592, 'total_links': 222, 'num_tensors': 56}
2026-08-25 07:19:05,019 [INFO] [4L/1458](swap: 18, u: 0 | c_u: 7 | t_u_l: 24/942 | t_u_r: 57/943 | t_u: 81/1885) -> {'max_bond': 64, 'max_links': 4, 'total_elems': 177568, 'total_shapes': 3088, 'total_links': 222, 'num_tensors': 56}
2026-08-25 07:19:05,300 [INFO] [5L/1458](swap: 13, u: 2 | c_u: 9 | t_u_l: 26/942 | t_u_r: 57/943 | t_u: 83/1885) -> {'max_bond': 128, 'max_links': 4, 'total_elems': 304544, 'total_shapes': 4072, 'total_links': 222, 'num_tensors': 56}
2026-08-25 07:19:05,786 [INFO]     [start unswap] -> {'max_bond': 128, 'max_links': 4, 'total_elems': 304544, 'total_shapes': 4072, 'total_links': 222, 'num_tensors': 56}
2026-08-25 07:19:09,325 [INFO]     [0 | both | 0](candidate_pairs: 28/28 | new_swaps: 2 | total: 2) -> {'max_bond': 256, 'max_links': 4, 'total_elems': 586656, 'total_shapes': 5152, 'total_links': 222, 'num_tensors': 56}
2026-08-25 07:19:11,397 [INFO]     [0 | both | 1](candidate_pairs: 27/27 | new_swaps: 10 | total: 12) -> {'max_bond': 128, 'max_links': 4, 'total_elems': 279456, 'total_shapes': 3728, 'total_links': 222, 'num_tensors': 56}
2026-08-25 07:19:11,836 [INFO]     [0 | left | 0](candidate_pairs: 28/28 | new_swaps: 10 | total: 22) -> {'max_bond': 64, 'max_links': 4, 'total_elems': 152352, 'total_shapes': 2904, 'total_links': 222, 'num_tensors': 56}
2026-08-25 07:19:12,105 [INFO]     [0 | left | 1](candidate_pairs: 27/27 | new_swaps: 12 | total: 34) -> {'max_bond': 64, 'max_links': 4, 'total_elems': 84640, 'total_shapes': 2312, 'total_links': 222, 'num_tensors': 56}
2026-08-25 07:19:12,210 [INFO]     [0 | right | 0](candidate_pairs: 28/28 | new_swaps: 8 | total: 42) -> {'max_bond': 32, 'max_links': 4, 'total_elems': 60000, 'total_shapes': 1952, 'total_links': 222, 'num_tensors': 56}
2026-08-25 07:19:12,305 [INFO]     [0 | right | 1](candidate_pairs: 27/27 | new_swaps: 8 | total: 50) -> {'max_bond': 32, 'max_links': 4, 'total_elems': 44000, 'total_shapes': 1744, 'total_links': 222, 'num_tensors': 56}
2026-08-25 07:19:12,444 [INFO]     [1 | both | 0](candidate_pairs: 28/28 | new_swaps: 11 | total: 11) -> {'max_bond': 32, 'max_links': 4, 'total_elems': 33048, 'total_shapes': 1468, 'total_links': 222, 'num_tensors': 56}
2026-08-25 07:19:12,560 [INFO]     [1 | both | 1](candidate_pairs: 27/27 | new_swaps: 7 | total: 18) -> {'max_bond': 32, 'max_links': 4, 'total_elems': 29528, 'total_shapes': 1356, 'total_links': 222, 'num_tensors': 56}
2026-08-25 07:19:12,622 [INFO]     [1 | left | 0](candidate_pairs: 28/28 | new_swaps: 6 | total: 24) -> {'max_bond': 32, 'max_links': 4, 'total_elems': 25560, 'total_shapes': 1256, 'total_links': 222, 'num_tensors': 56}
2026-08-25 07:19:12,678 [INFO]     [1 | left | 1](candidate_pairs: 27/27 | new_swaps: 6 | total: 30) -> {'max_bond': 32, 'max_links': 4, 'total_elems': 22312, 'total_shapes': 1160, 'total_links': 222, 'num_tensors': 56}
2026-08-25 07:19:12,732 [INFO]     [1 | right | 0](candidate_pairs: 28/28 | new_swaps: 3 | total: 33) -> {'max_bond': 32, 'max_links': 4, 'total_elems': 21792, 'total_shapes': 1132, 'total_links': 222, 'num_tensors': 56}
2026-08-25 07:19:12,774 [INFO]     [1 | right | 1](candidate_pairs: 27/27 | new_swaps: 1 | total: 34) -> {'max_bond': 32, 'max_links': 4, 'total_elems': 21408, 'total_shapes': 1120, 'total_links': 222, 'num_tensors': 56}
2026-08-25 07:19:12,879 [INFO]     [2 | both | 0](candidate_pairs: 28/28 | new_swaps: 6 | total: 6) -> {'max_bond': 32, 'max_links': 4, 'total_elems': 19636, 'total_shapes': 1070, 'total_links': 222, 'num_tensors': 56}
2026-08-25 07:19:12,973 [INFO]     [2 | both | 1](candidate_pairs: 27/27 | new_swaps: 5 | total: 11) -> {'max_bond': 32, 'max_links': 4, 'total_elems': 16260, 'total_shapes': 986, 'total_links': 222, 'num_tensors': 56}
2026-08-25 07:19:13,022 [INFO]     [2 | left | 0](candidate_pairs: 28/28 | new_swaps: 4 | total: 15) -> {'max_bond': 32, 'max_links': 4, 'total_elems': 15108, 'total_shapes': 938, 'total_links': 222, 'num_tensors': 56}
2026-08-25 07:19:13,069 [INFO]     [2 | left | 1](candidate_pairs: 27/27 | new_swaps: 2 | total: 17) -> {'max_bond': 32, 'max_links': 4, 'total_elems': 14884, 'total_shapes': 926, 'total_links': 222, 'num_tensors': 56}
2026-08-25 07:19:13,091 [INFO]     [2 | right | 0](candidate_pairs: 28/28 | new_swaps: 0 | total: 17) -> {'max_bond': 32, 'max_links': 4, 'total_elems': 14884, 'total_shapes': 926, 'total_links': 222, 'num_tensors': 56}
2026-08-25 07:19:13,131 [INFO]     [2 | right | 1](candidate_pairs: 27/27 | new_swaps: 1 | total: 18) -> {'max_bond': 32, 'max_links': 4, 'total_elems': 14724, 'total_shapes': 918, 'total_links': 222, 'num_tensors': 56}
2026-08-25 07:19:13,713 [INFO]     [3 | both | 0](candidate_pairs: 28/28 | new_swaps: 2 | total: 2) -> {'max_bond': 32, 'max_links': 4, 'total_elems': 14548, 'total_shapes': 906, 'total_links': 222, 'num_tensors': 56}
2026-08-25 07:19:13,797 [INFO]     [3 | both | 1](candidate_pairs: 27/27 | new_swaps: 1 | total: 3) -> {'max_bond': 32, 'max_links': 4, 'total_elems': 14536, 'total_shapes': 904, 'total_links': 222, 'num_tensors': 56}
2026-08-25 07:19:13,846 [INFO]     [3 | left | 0](candidate_pairs: 28/28 | new_swaps: 1 | total: 4) -> {'max_bond': 32, 'max_links': 4, 'total_elems': 14472, 'total_shapes': 900, 'total_links': 222, 'num_tensors': 56}
2026-08-25 07:19:13,869 [INFO]     [3 | left | 1](candidate_pairs: 27/27 | new_swaps: 0 | total: 4) -> {'max_bond': 32, 'max_links': 4, 'total_elems': 14472, 'total_shapes': 900, 'total_links': 222, 'num_tensors': 56}
2026-08-25 07:19:13,892 [INFO]     [3 | right | 0](candidate_pairs: 28/28 | new_swaps: 0 | total: 4) -> {'max_bond': 32, 'max_links': 4, 'total_elems': 14472, 'total_shapes': 900, 'total_links': 222, 'num_tensors': 56}
2026-08-25 07:19:13,915 [INFO]     [3 | right | 1](candidate_pairs: 27/27 | new_swaps: 0 | total: 4) -> {'max_bond': 32, 'max_links': 4, 'total_elems': 14472, 'total_shapes': 900, 'total_links': 222, 'num_tensors': 56}
2026-08-25 07:19:14,002 [INFO]     [4 | both | 0](candidate_pairs: 28/28 | new_swaps: 1 | total: 1) -> {'max_bond': 32, 'max_links': 4, 'total_elems': 14460, 'total_shapes': 898, 'total_links': 222, 'num_tensors': 56}
2026-08-25 07:19:14,079 [INFO]     [4 | both | 1](candidate_pairs: 27/27 | new_swaps: 1 | total: 2) -> {'max_bond': 32, 'max_links': 4, 'total_elems': 14412, 'total_shapes': 894, 'total_links': 222, 'num_tensors': 56}
2026-08-25 07:19:14,102 [INFO]     [4 | left | 0](candidate_pairs: 28/28 | new_swaps: 0 | total: 2) -> {'max_bond': 32, 'max_links': 4, 'total_elems': 14412, 'total_shapes': 894, 'total_links': 222, 'num_tensors': 56}
2026-08-25 07:19:14,125 [INFO]     [4 | left | 1](candidate_pairs: 27/27 | new_swaps: 0 | total: 2) -> {'max_bond': 32, 'max_links': 4, 'total_elems': 14412, 'total_shapes': 894, 'total_links': 222, 'num_tensors': 56}
2026-08-25 07:19:14,148 [INFO]     [4 | right | 0](candidate_pairs: 28/28 | new_swaps: 0 | total: 2) -> {'max_bond': 32, 'max_links': 4, 'total_elems': 14412, 'total_shapes': 894, 'total_links': 222, 'num_tensors': 56}
2026-08-25 07:19:14,170 [INFO]     [4 | right | 1](candidate_pairs: 27/27 | new_swaps: 0 | total: 2) -> {'max_bond': 32, 'max_links': 4, 'total_elems': 14412, 'total_shapes': 894, 'total_links': 222, 'num_tensors': 56}
2026-08-25 07:19:14,258 [INFO]     [5 | both | 0](candidate_pairs: 28/28 | new_swaps: 1 | total: 1) -> {'max_bond': 32, 'max_links': 4, 'total_elems': 14364, 'total_shapes': 890, 'total_links': 222, 'num_tensors': 56}
2026-08-25 07:19:14,304 [INFO]     [5 | both | 1](candidate_pairs: 27/27 | new_swaps: 0 | total: 1) -> {'max_bond': 32, 'max_links': 4, 'total_elems': 14364, 'total_shapes': 890, 'total_links': 222, 'num_tensors': 56}
2026-08-25 07:19:14,327 [INFO]     [5 | left | 0](candidate_pairs: 28/28 | new_swaps: 0 | total: 1) -> {'max_bond': 32, 'max_links': 4, 'total_elems': 14364, 'total_shapes': 890, 'total_links': 222, 'num_tensors': 56}
2026-08-25 07:19:14,350 [INFO]     [5 | left | 1](candidate_pairs: 27/27 | new_swaps: 0 | total: 1) -> {'max_bond': 32, 'max_links': 4, 'total_elems': 14364, 'total_shapes': 890, 'total_links': 222, 'num_tensors': 56}
2026-08-25 07:19:14,375 [INFO]     [5 | right | 0](candidate_pairs: 28/28 | new_swaps: 0 | total: 1) -> {'max_bond': 32, 'max_links': 4, 'total_elems': 14364, 'total_shapes': 890, 'total_links': 222, 'num_tensors': 56}
2026-08-25 07:19:14,399 [INFO]     [5 | right | 1](candidate_pairs: 27/27 | new_swaps: 0 | total: 1) -> {'max_bond': 32, 'max_links': 4, 'total_elems': 14364, 'total_shapes': 890, 'total_links': 222, 'num_tensors': 56}
2026-08-25 07:19:14,447 [INFO]     [6 | both | 0](candidate_pairs: 28/28 | new_swaps: 0 | total: 0) -> {'max_bond': 32, 'max_links': 4, 'total_elems': 14364, 'total_shapes': 890, 'total_links': 222, 'num_tensors': 56}
2026-08-25 07:19:14,493 [INFO]     [6 | both | 1](candidate_pairs: 27/27 | new_swaps: 0 | total: 0) -> {'max_bond': 32, 'max_links': 4, 'total_elems': 14364, 'total_shapes': 890, 'total_links': 222, 'num_tensors': 56}
2026-08-25 07:19:14,517 [INFO]     [6 | left | 0](candidate_pairs: 28/28 | new_swaps: 0 | total: 0) -> {'max_bond': 32, 'max_links': 4, 'total_elems': 14364, 'total_shapes': 890, 'total_links': 222, 'num_tensors': 56}
2026-08-25 07:19:14,540 [INFO]     [6 | left | 1](candidate_pairs: 27/27 | new_swaps: 0 | total: 0) -> {'max_bond': 32, 'max_links': 4, 'total_elems': 14364, 'total_shapes': 890, 'total_links': 222, 'num_tensors': 56}
2026-08-25 07:19:14,562 [INFO]     [6 | right | 0](candidate_pairs: 28/28 | new_swaps: 0 | total: 0) -> {'max_bond': 32, 'max_links': 4, 'total_elems': 14364, 'total_shapes': 890, 'total_links': 222, 'num_tensors': 56}
2026-08-25 07:19:14,585 [INFO]     [6 | right | 1](candidate_pairs: 27/27 | new_swaps: 0 | total: 0) -> {'max_bond': 32, 'max_links': 4, 'total_elems': 14364, 'total_shapes': 890, 'total_links': 222, 'num_tensors': 56}
2026-08-25 07:19:14,585 [INFO]     [end unswap] -> {'max_bond': 32, 'max_links': 4, 'total_elems': 14364, 'total_shapes': 890, 'total_links': 222, 'num_tensors': 56}
2026-08-25 07:19:14,606 [INFO] [start rewire](phase=post_unswap, cycle=11, side=left, layers=1455, trials=20, seed=123, parallel=False, route_candidates=1, route_score=none)
2026-08-25 07:19:15,619 [INFO] [end rewire](phase=post_unswap, cycle=11, side=left, routed_layers=1472, elapsed_s=1.01)
2026-08-25 07:19:15,619 [INFO] [start rewire](phase=post_unswap, cycle=11, side=right, layers=1500, trials=20, seed=123, parallel=False, route_candidates=1, route_score=none)
2026-08-25 07:19:16,835 [INFO] [end rewire](phase=post_unswap, cycle=11, side=right, routed_layers=1748, elapsed_s=1.22)
2026-08-25 07:19:16,912 [INFO] [1L/1470](swap: 11, u: 1 | c_u: 1 | t_u_l: 27/942 | t_u_r: 57/943 | t_u: 84/1885) -> {'max_bond': 32, 'max_links': 4, 'total_elems': 14044, 'total_shapes': 882, 'total_links': 222, 'num_tensors': 56}
2026-08-25 07:19:16,965 [INFO] [1R/1746](swap: 7, u: 0 | c_u: 1 | t_u_l: 27/942 | t_u_r: 57/943 | t_u: 84/1885) -> {'max_bond': 32, 'max_links': 4, 'total_elems': 18356, 'total_shapes': 998, 'total_links': 222, 'num_tensors': 56}
2026-08-25 07:19:17,023 [INFO] [2L/1470](swap: 10, u: 1 | c_u: 2 | t_u_l: 28/942 | t_u_r: 57/943 | t_u: 85/1885) -> {'max_bond': 32, 'max_links': 4, 'total_elems': 25660, 'total_shapes': 1160, 'total_links': 222, 'num_tensors': 56}
2026-08-25 07:19:17,091 [INFO] [3L/1470](swap: 12, u: 0 | c_u: 2 | t_u_l: 28/942 | t_u_r: 57/943 | t_u: 85/1885) -> {'max_bond': 64, 'max_links': 4, 'total_elems': 33840, 'total_shapes': 1312, 'total_links': 222, 'num_tensors': 56}
2026-08-25 07:19:17,164 [INFO] [4L/1470](swap: 10, u: 0 | c_u: 2 | t_u_l: 28/942 | t_u_r: 57/943 | t_u: 85/1885) -> {'max_bond': 64, 'max_links': 4, 'total_elems': 43936, 'total_shapes': 1492, 'total_links': 222, 'num_tensors': 56}
2026-08-25 07:19:17,239 [INFO] [5L/1470](swap: 10, u: 0 | c_u: 2 | t_u_l: 28/942 | t_u_r: 57/943 | t_u: 85/1885) -> {'max_bond': 64, 'max_links': 4, 'total_elems': 59104, 'total_shapes': 1768, 'total_links': 222, 'num_tensors': 56}
2026-08-25 07:19:17,326 [INFO] [2R/1746](swap: 10, u: 0 | c_u: 2 | t_u_l: 28/942 | t_u_r: 57/943 | t_u: 85/1885) -> {'max_bond': 64, 'max_links': 4, 'total_elems': 81312, 'total_shapes': 2008, 'total_links': 222, 'num_tensors': 56}
2026-08-25 07:19:17,437 [INFO] [6L/1470](swap: 10, u: 0 | c_u: 2 | t_u_l: 28/942 | t_u_r: 57/943 | t_u: 85/1885) -> {'max_bond': 64, 'max_links': 4, 'total_elems': 118624, 'total_shapes': 2336, 'total_links': 222, 'num_tensors': 56}
2026-08-25 07:19:17,572 [INFO] [7L/1470](swap: 10, u: 0 | c_u: 2 | t_u_l: 28/942 | t_u_r: 57/943 | t_u: 85/1885) -> {'max_bond': 64, 'max_links': 4, 'total_elems': 163040, 'total_shapes': 2792, 'total_links': 222, 'num_tensors': 56}
2026-08-25 07:19:17,797 [INFO] [8L/1470](swap: 9, u: 0 | c_u: 2 | t_u_l: 28/942 | t_u_r: 57/943 | t_u: 85/1885) -> {'max_bond': 128, 'max_links': 4, 'total_elems': 268000, 'total_shapes': 3448, 'total_links': 222, 'num_tensors': 56}
2026-08-25 07:19:18,177 [INFO] [9L/1470](swap: 8, u: 1 | c_u: 3 | t_u_l: 29/942 | t_u_r: 57/943 | t_u: 86/1885) -> {'max_bond': 128, 'max_links': 4, 'total_elems': 390368, 'total_shapes': 4072, 'total_links': 222, 'num_tensors': 56}
2026-08-25 07:19:18,750 [INFO]     [start unswap] -> {'max_bond': 128, 'max_links': 4, 'total_elems': 390368, 'total_shapes': 4072, 'total_links': 222, 'num_tensors': 56}
2026-08-25 07:19:22,162 [INFO]     [0 | both | 0](candidate_pairs: 28/28 | new_swaps: 2 | total: 2) -> {'max_bond': 256, 'max_links': 4, 'total_elems': 579808, 'total_shapes': 4872, 'total_links': 222, 'num_tensors': 56}
2026-08-25 07:19:24,821 [INFO]     [0 | both | 1](candidate_pairs: 27/27 | new_swaps: 9 | total: 11) -> {'max_bond': 128, 'max_links': 4, 'total_elems': 378016, 'total_shapes': 3816, 'total_links': 222, 'num_tensors': 56}
2026-08-25 07:19:25,480 [INFO]     [0 | left | 0](candidate_pairs: 28/28 | new_swaps: 9 | total: 20) -> {'max_bond': 128, 'max_links': 4, 'total_elems': 272992, 'total_shapes': 3168, 'total_links': 222, 'num_tensors': 56}
2026-08-25 07:19:26,038 [INFO]     [0 | left | 1](candidate_pairs: 27/27 | new_swaps: 9 | total: 29) -> {'max_bond': 128, 'max_links': 4, 'total_elems': 181216, 'total_shapes': 2664, 'total_links': 222, 'num_tensors': 56}
2026-08-25 07:19:26,285 [INFO]     [0 | right | 0](candidate_pairs: 28/28 | new_swaps: 6 | total: 35) -> {'max_bond': 128, 'max_links': 4, 'total_elems': 158716, 'total_shapes': 2430, 'total_links': 222, 'num_tensors': 56}
2026-08-25 07:19:26,595 [INFO]     [0 | right | 1](candidate_pairs: 27/27 | new_swaps: 3 | total: 38) -> {'max_bond': 128, 'max_links': 4, 'total_elems': 155828, 'total_shapes': 2394, 'total_links': 222, 'num_tensors': 56}
2026-08-25 07:19:27,141 [INFO]     [1 | both | 0](candidate_pairs: 28/28 | new_swaps: 7 | total: 7) -> {'max_bond': 64, 'max_links': 4, 'total_elems': 82500, 'total_shapes': 1954, 'total_links': 222, 'num_tensors': 56}
2026-08-25 07:19:27,360 [INFO]     [1 | both | 1](candidate_pairs: 27/27 | new_swaps: 4 | total: 11) -> {'max_bond': 64, 'max_links': 4, 'total_elems': 63524, 'total_shapes': 1706, 'total_links': 222, 'num_tensors': 56}
2026-08-25 07:19:27,461 [INFO]     [1 | left | 0](candidate_pairs: 28/28 | new_swaps: 7 | total: 18) -> {'max_bond': 64, 'max_links': 4, 'total_elems': 59044, 'total_shapes': 1594, 'total_links': 222, 'num_tensors': 56}
2026-08-25 07:19:27,578 [INFO]     [1 | left | 1](candidate_pairs: 27/27 | new_swaps: 6 | total: 24) -> {'max_bond': 64, 'max_links': 4, 'total_elems': 43204, 'total_shapes': 1446, 'total_links': 222, 'num_tensors': 56}
2026-08-25 07:19:27,643 [INFO]     [1 | right | 0](candidate_pairs: 28/28 | new_swaps: 2 | total: 26) -> {'max_bond': 64, 'max_links': 4, 'total_elems': 40452, 'total_shapes': 1406, 'total_links': 222, 'num_tensors': 56}
2026-08-25 07:19:27,724 [INFO]     [1 | right | 1](candidate_pairs: 27/27 | new_swaps: 2 | total: 28) -> {'max_bond': 64, 'max_links': 4, 'total_elems': 35140, 'total_shapes': 1366, 'total_links': 222, 'num_tensors': 56}
2026-08-25 07:19:27,835 [INFO]     [2 | both | 0](candidate_pairs: 28/28 | new_swaps: 5 | total: 5) -> {'max_bond': 32, 'max_links': 4, 'total_elems': 21380, 'total_shapes': 1174, 'total_links': 222, 'num_tensors': 56}
2026-08-25 07:19:27,930 [INFO]     [2 | both | 1](candidate_pairs: 27/27 | new_swaps: 4 | total: 9) -> {'max_bond': 16, 'max_links': 4, 'total_elems': 17108, 'total_shapes': 1082, 'total_links': 222, 'num_tensors': 56}
2026-08-25 07:19:27,977 [INFO]     [2 | left | 0](candidate_pairs: 28/28 | new_swaps: 2 | total: 11) -> {'max_bond': 16, 'max_links': 4, 'total_elems': 16436, 'total_shapes': 1052, 'total_links': 222, 'num_tensors': 56}
2026-08-25 07:19:28,027 [INFO]     [2 | left | 1](candidate_pairs: 27/27 | new_swaps: 5 | total: 16) -> {'max_bond': 16, 'max_links': 4, 'total_elems': 14956, 'total_shapes': 1002, 'total_links': 222, 'num_tensors': 56}
2026-08-25 07:19:28,072 [INFO]     [2 | right | 0](candidate_pairs: 28/28 | new_swaps: 3 | total: 19) -> {'max_bond': 16, 'max_links': 4, 'total_elems': 13996, 'total_shapes': 974, 'total_links': 222, 'num_tensors': 56}
2026-08-25 07:19:28,118 [INFO]     [2 | right | 1](candidate_pairs: 27/27 | new_swaps: 1 | total: 20) -> {'max_bond': 16, 'max_links': 4, 'total_elems': 13924, 'total_shapes': 968, 'total_links': 222, 'num_tensors': 56}
2026-08-25 07:19:28,202 [INFO]     [3 | both | 0](candidate_pairs: 28/28 | new_swaps: 3 | total: 3) -> {'max_bond': 16, 'max_links': 4, 'total_elems': 13244, 'total_shapes': 940, 'total_links': 222, 'num_tensors': 56}
2026-08-25 07:19:28,289 [INFO]     [3 | both | 1](candidate_pairs: 27/27 | new_swaps: 3 | total: 6) -> {'max_bond': 16, 'max_links': 4, 'total_elems': 12236, 'total_shapes': 912, 'total_links': 222, 'num_tensors': 56}
2026-08-25 07:19:28,334 [INFO]     [3 | left | 0](candidate_pairs: 28/28 | new_swaps: 3 | total: 9) -> {'max_bond': 16, 'max_links': 4, 'total_elems': 11520, 'total_shapes': 886, 'total_links': 222, 'num_tensors': 56}
2026-08-25 07:19:28,372 [INFO]     [3 | left | 1](candidate_pairs: 27/27 | new_swaps: 1 | total: 10) -> {'max_bond': 16, 'max_links': 4, 'total_elems': 10752, 'total_shapes': 870, 'total_links': 222, 'num_tensors': 56}
2026-08-25 07:19:28,407 [INFO]     [3 | right | 0](candidate_pairs: 28/28 | new_swaps: 1 | total: 11) -> {'max_bond': 16, 'max_links': 4, 'total_elems': 9984, 'total_shapes': 854, 'total_links': 222, 'num_tensors': 56}
2026-08-25 07:19:28,428 [INFO]     [3 | right | 1](candidate_pairs: 27/27 | new_swaps: 0 | total: 11) -> {'max_bond': 16, 'max_links': 4, 'total_elems': 9984, 'total_shapes': 854, 'total_links': 222, 'num_tensors': 56}
2026-08-25 07:19:28,506 [INFO]     [4 | both | 0](candidate_pairs: 28/28 | new_swaps: 3 | total: 3) -> {'max_bond': 16, 'max_links': 4, 'total_elems': 9412, 'total_shapes': 832, 'total_links': 222, 'num_tensors': 56}
2026-08-25 07:19:28,587 [INFO]     [4 | both | 1](candidate_pairs: 27/27 | new_swaps: 2 | total: 5) -> {'max_bond': 16, 'max_links': 4, 'total_elems': 8632, 'total_shapes': 814, 'total_links': 222, 'num_tensors': 56}
2026-08-25 07:19:28,620 [INFO]     [4 | left | 0](candidate_pairs: 28/28 | new_swaps: 1 | total: 6) -> {'max_bond': 16, 'max_links': 4, 'total_elems': 8120, 'total_shapes': 798, 'total_links': 222, 'num_tensors': 56}
2026-08-25 07:19:28,639 [INFO]     [4 | left | 1](candidate_pairs: 27/27 | new_swaps: 0 | total: 6) -> {'max_bond': 16, 'max_links': 4, 'total_elems': 8120, 'total_shapes': 798, 'total_links': 222, 'num_tensors': 56}
2026-08-25 07:19:28,673 [INFO]     [4 | right | 0](candidate_pairs: 28/28 | new_swaps: 1 | total: 7) -> {'max_bond': 16, 'max_links': 4, 'total_elems': 7864, 'total_shapes': 790, 'total_links': 222, 'num_tensors': 56}
2026-08-25 07:19:28,693 [INFO]     [4 | right | 1](candidate_pairs: 27/27 | new_swaps: 0 | total: 7) -> {'max_bond': 16, 'max_links': 4, 'total_elems': 7864, 'total_shapes': 790, 'total_links': 222, 'num_tensors': 56}
2026-08-25 07:19:28,730 [INFO]     [5 | both | 0](candidate_pairs: 28/28 | new_swaps: 0 | total: 0) -> {'max_bond': 16, 'max_links': 4, 'total_elems': 7864, 'total_shapes': 790, 'total_links': 222, 'num_tensors': 56}
2026-08-25 07:19:28,769 [INFO]     [5 | both | 1](candidate_pairs: 27/27 | new_swaps: 0 | total: 0) -> {'max_bond': 16, 'max_links': 4, 'total_elems': 7864, 'total_shapes': 790, 'total_links': 222, 'num_tensors': 56}
2026-08-25 07:19:28,788 [INFO]     [5 | left | 0](candidate_pairs: 28/28 | new_swaps: 0 | total: 0) -> {'max_bond': 16, 'max_links': 4, 'total_elems': 7864, 'total_shapes': 790, 'total_links': 222, 'num_tensors': 56}
2026-08-25 07:19:28,808 [INFO]     [5 | left | 1](candidate_pairs: 27/27 | new_swaps: 0 | total: 0) -> {'max_bond': 16, 'max_links': 4, 'total_elems': 7864, 'total_shapes': 790, 'total_links': 222, 'num_tensors': 56}
2026-08-25 07:19:28,827 [INFO]     [5 | right | 0](candidate_pairs: 28/28 | new_swaps: 0 | total: 0) -> {'max_bond': 16, 'max_links': 4, 'total_elems': 7864, 'total_shapes': 790, 'total_links': 222, 'num_tensors': 56}
2026-08-25 07:19:28,846 [INFO]     [5 | right | 1](candidate_pairs: 27/27 | new_swaps: 0 | total: 0) -> {'max_bond': 16, 'max_links': 4, 'total_elems': 7864, 'total_shapes': 790, 'total_links': 222, 'num_tensors': 56}
2026-08-25 07:19:28,847 [INFO]     [end unswap] -> {'max_bond': 16, 'max_links': 4, 'total_elems': 7864, 'total_shapes': 790, 'total_links': 222, 'num_tensors': 56}
2026-08-25 07:19:28,849 [INFO] [start rewire](phase=post_unswap, cycle=12, side=left, layers=1463, trials=20, seed=123, parallel=False, route_candidates=1, route_score=none)
2026-08-25 07:19:30,219 [INFO] [end rewire](phase=post_unswap, cycle=12, side=left, routed_layers=1522, elapsed_s=1.37)
2026-08-25 07:19:30,220 [INFO] [start rewire](phase=post_unswap, cycle=12, side=right, layers=1746, trials=20, seed=123, parallel=False, route_candidates=1, route_score=none)
2026-08-25 07:19:31,103 [INFO] [end rewire](phase=post_unswap, cycle=12, side=right, routed_layers=1515, elapsed_s=0.88)
2026-08-25 07:19:31,177 [INFO] [1L/1520](swap: 14, u: 0 | c_u: 0 | t_u_l: 29/942 | t_u_r: 57/943 | t_u: 86/1885) -> {'max_bond': 16, 'max_links': 4, 'total_elems': 7864, 'total_shapes': 790, 'total_links': 222, 'num_tensors': 56}
2026-08-25 07:19:31,227 [INFO] [1R/1513](swap: 8, u: 1 | c_u: 1 | t_u_l: 29/942 | t_u_r: 58/943 | t_u: 87/1885) -> {'max_bond': 32, 'max_links': 4, 'total_elems': 10568, 'total_shapes': 908, 'total_links': 222, 'num_tensors': 56}
2026-08-25 07:19:31,282 [INFO] [2R/1513](swap: 12, u: 0 | c_u: 1 | t_u_l: 29/942 | t_u_r: 58/943 | t_u: 87/1885) -> {'max_bond': 32, 'max_links': 4, 'total_elems': 20724, 'total_shapes': 1096, 'total_links': 222, 'num_tensors': 56}
2026-08-25 07:19:31,352 [INFO] [2L/1520](swap: 13, u: 0 | c_u: 1 | t_u_l: 29/942 | t_u_r: 58/943 | t_u: 87/1885) -> {'max_bond': 64, 'max_links': 4, 'total_elems': 39772, 'total_shapes': 1428, 'total_links': 222, 'num_tensors': 56}
2026-08-25 07:19:31,451 [INFO] [3L/1520](swap: 12, u: 1 | c_u: 2 | t_u_l: 30/942 | t_u_r: 58/943 | t_u: 88/1885) -> {'max_bond': 64, 'max_links': 4, 'total_elems': 68380, 'total_shapes': 1780, 'total_links': 222, 'num_tensors': 56}
2026-08-25 07:19:31,579 [INFO] [3R/1513](swap: 15, u: 0 | c_u: 2 | t_u_l: 30/942 | t_u_r: 58/943 | t_u: 88/1885) -> {'max_bond': 128, 'max_links': 4, 'total_elems': 116824, 'total_shapes': 2190, 'total_links': 222, 'num_tensors': 56}
2026-08-25 07:19:31,763 [INFO] [4R/1513](swap: 12, u: 1 | c_u: 3 | t_u_l: 30/942 | t_u_r: 59/943 | t_u: 89/1885) -> {'max_bond': 128, 'max_links': 4, 'total_elems': 195160, 'total_shapes': 2750, 'total_links': 222, 'num_tensors': 56}
2026-08-25 07:19:32,070 [INFO] [4L/1520](swap: 14, u: 0 | c_u: 3 | t_u_l: 30/942 | t_u_r: 59/943 | t_u: 89/1885) -> {'max_bond': 128, 'max_links': 4, 'total_elems': 258328, 'total_shapes': 3230, 'total_links': 222, 'num_tensors': 56}
2026-08-25 07:19:32,551 [INFO]     [start unswap] -> {'max_bond': 128, 'max_links': 4, 'total_elems': 258328, 'total_shapes': 3230, 'total_links': 222, 'num_tensors': 56}
2026-08-25 07:19:35,870 [INFO]     [0 | both | 0](candidate_pairs: 28/28 | new_swaps: 3 | total: 3) -> {'max_bond': 128, 'max_links': 4, 'total_elems': 424088, 'total_shapes': 3790, 'total_links': 222, 'num_tensors': 56}
2026-08-25 07:19:38,188 [INFO]     [0 | both | 1](candidate_pairs: 27/27 | new_swaps: 13 | total: 16) -> {'max_bond': 128, 'max_links': 4, 'total_elems': 276120, 'total_shapes': 2886, 'total_links': 222, 'num_tensors': 56}
2026-08-25 07:19:38,826 [INFO]     [0 | left | 0](candidate_pairs: 28/28 | new_swaps: 11 | total: 27) -> {'max_bond': 128, 'max_links': 4, 'total_elems': 163352, 'total_shapes': 2214, 'total_links': 222, 'num_tensors': 56}
2026-08-25 07:19:39,080 [INFO]     [0 | left | 1](candidate_pairs: 27/27 | new_swaps: 8 | total: 35) -> {'max_bond': 128, 'max_links': 4, 'total_elems': 143000, 'total_shapes': 1942, 'total_links': 222, 'num_tensors': 56}
2026-08-25 07:19:39,423 [INFO]     [0 | right | 0](candidate_pairs: 28/28 | new_swaps: 8 | total: 43) -> {'max_bond': 128, 'max_links': 4, 'total_elems': 137564, 'total_shapes': 1772, 'total_links': 222, 'num_tensors': 56}
2026-08-25 07:19:39,700 [INFO]     [0 | right | 1](candidate_pairs: 27/27 | new_swaps: 4 | total: 47) -> {'max_bond': 128, 'max_links': 4, 'total_elems': 116948, 'total_shapes': 1654, 'total_links': 222, 'num_tensors': 56}
2026-08-25 07:19:40,422 [INFO]     [1 | both | 0](candidate_pairs: 28/28 | new_swaps: 4 | total: 4) -> {'max_bond': 128, 'max_links': 4, 'total_elems': 53972, 'total_shapes': 1414, 'total_links': 222, 'num_tensors': 56}
2026-08-25 07:19:40,606 [INFO]     [1 | both | 1](candidate_pairs: 27/27 | new_swaps: 9 | total: 13) -> {'max_bond': 64, 'max_links': 4, 'total_elems': 30956, 'total_shapes': 1154, 'total_links': 222, 'num_tensors': 56}
2026-08-25 07:19:40,685 [INFO]     [1 | left | 0](candidate_pairs: 28/28 | new_swaps: 7 | total: 20) -> {'max_bond': 64, 'max_links': 4, 'total_elems': 23832, 'total_shapes': 1054, 'total_links': 222, 'num_tensors': 56}
2026-08-25 07:19:40,747 [INFO]     [1 | left | 1](candidate_pairs: 27/27 | new_swaps: 3 | total: 23) -> {'max_bond': 32, 'max_links': 4, 'total_elems': 14384, 'total_shapes': 942, 'total_links': 222, 'num_tensors': 56}
2026-08-25 07:19:40,793 [INFO]     [1 | right | 0](candidate_pairs: 28/28 | new_swaps: 3 | total: 26) -> {'max_bond': 32, 'max_links': 4, 'total_elems': 13656, 'total_shapes': 918, 'total_links': 222, 'num_tensors': 56}
2026-08-25 07:19:40,816 [INFO]     [1 | right | 1](candidate_pairs: 27/27 | new_swaps: 0 | total: 26) -> {'max_bond': 32, 'max_links': 4, 'total_elems': 13656, 'total_shapes': 918, 'total_links': 222, 'num_tensors': 56}
2026-08-25 07:19:40,902 [INFO]     [2 | both | 0](candidate_pairs: 28/28 | new_swaps: 4 | total: 4) -> {'max_bond': 16, 'max_links': 4, 'total_elems': 9448, 'total_shapes': 834, 'total_links': 222, 'num_tensors': 56}
2026-08-25 07:19:40,984 [INFO]     [2 | both | 1](candidate_pairs: 27/27 | new_swaps: 7 | total: 11) -> {'max_bond': 16, 'max_links': 4, 'total_elems': 6772, 'total_shapes': 752, 'total_links': 222, 'num_tensors': 56}
2026-08-25 07:19:41,026 [INFO]     [2 | left | 0](candidate_pairs: 28/28 | new_swaps: 3 | total: 14) -> {'max_bond': 16, 'max_links': 4, 'total_elems': 6280, 'total_shapes': 726, 'total_links': 222, 'num_tensors': 56}
2026-08-25 07:19:41,068 [INFO]     [2 | left | 1](candidate_pairs: 27/27 | new_swaps: 2 | total: 16) -> {'max_bond': 16, 'max_links': 4, 'total_elems': 6208, 'total_shapes': 718, 'total_links': 222, 'num_tensors': 56}
2026-08-25 07:19:41,101 [INFO]     [2 | right | 0](candidate_pairs: 28/28 | new_swaps: 2 | total: 18) -> {'max_bond': 16, 'max_links': 4, 'total_elems': 5536, 'total_shapes': 690, 'total_links': 222, 'num_tensors': 56}
2026-08-25 07:19:41,119 [INFO]     [2 | right | 1](candidate_pairs: 27/27 | new_swaps: 0 | total: 18) -> {'max_bond': 16, 'max_links': 4, 'total_elems': 5536, 'total_shapes': 690, 'total_links': 222, 'num_tensors': 56}
2026-08-25 07:19:41,192 [INFO]     [3 | both | 0](candidate_pairs: 28/28 | new_swaps: 2 | total: 2) -> {'max_bond': 16, 'max_links': 4, 'total_elems': 5332, 'total_shapes': 680, 'total_links': 222, 'num_tensors': 56}
2026-08-25 07:19:41,227 [INFO]     [3 | both | 1](candidate_pairs: 27/27 | new_swaps: 0 | total: 2) -> {'max_bond': 16, 'max_links': 4, 'total_elems': 5332, 'total_shapes': 680, 'total_links': 222, 'num_tensors': 56}
2026-08-25 07:19:41,259 [INFO]     [3 | left | 0](candidate_pairs: 28/28 | new_swaps: 1 | total: 3) -> {'max_bond': 16, 'max_links': 4, 'total_elems': 5140, 'total_shapes': 672, 'total_links': 222, 'num_tensors': 56}
2026-08-25 07:19:41,292 [INFO]     [3 | left | 1](candidate_pairs: 27/27 | new_swaps: 1 | total: 4) -> {'max_bond': 16, 'max_links': 4, 'total_elems': 5012, 'total_shapes': 664, 'total_links': 222, 'num_tensors': 56}
2026-08-25 07:19:41,310 [INFO]     [3 | right | 0](candidate_pairs: 28/28 | new_swaps: 0 | total: 4) -> {'max_bond': 16, 'max_links': 4, 'total_elems': 5012, 'total_shapes': 664, 'total_links': 222, 'num_tensors': 56}
2026-08-25 07:19:41,327 [INFO]     [3 | right | 1](candidate_pairs: 27/27 | new_swaps: 0 | total: 4) -> {'max_bond': 16, 'max_links': 4, 'total_elems': 5012, 'total_shapes': 664, 'total_links': 222, 'num_tensors': 56}
2026-08-25 07:19:41,363 [INFO]     [4 | both | 0](candidate_pairs: 28/28 | new_swaps: 0 | total: 0) -> {'max_bond': 16, 'max_links': 4, 'total_elems': 5012, 'total_shapes': 664, 'total_links': 222, 'num_tensors': 56}
2026-08-25 07:19:41,398 [INFO]     [4 | both | 1](candidate_pairs: 27/27 | new_swaps: 0 | total: 0) -> {'max_bond': 16, 'max_links': 4, 'total_elems': 5012, 'total_shapes': 664, 'total_links': 222, 'num_tensors': 56}
2026-08-25 07:19:41,416 [INFO]     [4 | left | 0](candidate_pairs: 28/28 | new_swaps: 0 | total: 0) -> {'max_bond': 16, 'max_links': 4, 'total_elems': 5012, 'total_shapes': 664, 'total_links': 222, 'num_tensors': 56}
2026-08-25 07:19:41,435 [INFO]     [4 | left | 1](candidate_pairs: 27/27 | new_swaps: 0 | total: 0) -> {'max_bond': 16, 'max_links': 4, 'total_elems': 5012, 'total_shapes': 664, 'total_links': 222, 'num_tensors': 56}
2026-08-25 07:19:41,453 [INFO]     [4 | right | 0](candidate_pairs: 28/28 | new_swaps: 0 | total: 0) -> {'max_bond': 16, 'max_links': 4, 'total_elems': 5012, 'total_shapes': 664, 'total_links': 222, 'num_tensors': 56}
2026-08-25 07:19:41,472 [INFO]     [4 | right | 1](candidate_pairs: 27/27 | new_swaps: 0 | total: 0) -> {'max_bond': 16, 'max_links': 4, 'total_elems': 5012, 'total_shapes': 664, 'total_links': 222, 'num_tensors': 56}
2026-08-25 07:19:41,472 [INFO]     [end unswap] -> {'max_bond': 16, 'max_links': 4, 'total_elems': 5012, 'total_shapes': 664, 'total_links': 222, 'num_tensors': 56}
2026-08-25 07:19:41,473 [INFO] [start rewire](phase=post_unswap, cycle=13, side=left, layers=1518, trials=20, seed=123, parallel=False, route_candidates=1, route_score=none)
2026-08-25 07:19:43,034 [INFO] [end rewire](phase=post_unswap, cycle=13, side=left, routed_layers=1410, elapsed_s=1.56)
2026-08-25 07:19:43,034 [INFO] [start rewire](phase=post_unswap, cycle=13, side=right, layers=1511, trials=20, seed=123, parallel=False, route_candidates=1, route_score=none)
2026-08-25 07:19:43,902 [INFO] [end rewire](phase=post_unswap, cycle=13, side=right, routed_layers=1560, elapsed_s=0.87)
2026-08-25 07:19:43,979 [INFO] [1L/1408](swap: 11, u: 0 | c_u: 0 | t_u_l: 30/942 | t_u_r: 59/943 | t_u: 89/1885) -> {'max_bond': 16, 'max_links': 4, 'total_elems': 5012, 'total_shapes': 664, 'total_links': 222, 'num_tensors': 56}
2026-08-25 07:19:44,026 [INFO] [1R/1558](swap: 10, u: 0 | c_u: 0 | t_u_l: 30/942 | t_u_r: 59/943 | t_u: 89/1885) -> {'max_bond': 16, 'max_links': 4, 'total_elems': 6356, 'total_shapes': 764, 'total_links': 222, 'num_tensors': 56}
2026-08-25 07:19:44,074 [INFO] [2R/1558](swap: 11, u: 0 | c_u: 0 | t_u_l: 30/942 | t_u_r: 59/943 | t_u: 89/1885) -> {'max_bond': 16, 'max_links': 4, 'total_elems': 7816, 'total_shapes': 842, 'total_links': 222, 'num_tensors': 56}
2026-08-25 07:19:44,124 [INFO] [2L/1408](swap: 10, u: 1 | c_u: 1 | t_u_l: 31/942 | t_u_r: 59/943 | t_u: 90/1885) -> {'max_bond': 16, 'max_links': 4, 'total_elems': 10112, 'total_shapes': 932, 'total_links': 222, 'num_tensors': 56}
2026-08-25 07:19:44,173 [INFO] [3R/1558](swap: 11, u: 0 | c_u: 1 | t_u_l: 31/942 | t_u_r: 59/943 | t_u: 90/1885) -> {'max_bond': 16, 'max_links': 4, 'total_elems': 16032, 'total_shapes': 1140, 'total_links': 222, 'num_tensors': 56}
2026-08-25 07:19:44,227 [INFO] [3L/1408](swap: 11, u: 0 | c_u: 1 | t_u_l: 31/942 | t_u_r: 59/943 | t_u: 90/1885) -> {'max_bond': 32, 'max_links': 4, 'total_elems': 24160, 'total_shapes': 1352, 'total_links': 222, 'num_tensors': 56}
2026-08-25 07:19:44,284 [INFO] [4L/1408](swap: 10, u: 0 | c_u: 1 | t_u_l: 31/942 | t_u_r: 59/943 | t_u: 90/1885) -> {'max_bond': 64, 'max_links': 4, 'total_elems': 38432, 'total_shapes': 1560, 'total_links': 222, 'num_tensors': 56}
2026-08-25 07:19:44,358 [INFO] [4R/1558](swap: 12, u: 0 | c_u: 1 | t_u_l: 31/942 | t_u_r: 59/943 | t_u: 90/1885) -> {'max_bond': 64, 'max_links': 4, 'total_elems': 61984, 'total_shapes': 1960, 'total_links': 222, 'num_tensors': 56}
2026-08-25 07:19:44,469 [INFO] [5R/1558](swap: 13, u: 0 | c_u: 1 | t_u_l: 31/942 | t_u_r: 59/943 | t_u: 90/1885) -> {'max_bond': 64, 'max_links': 4, 'total_elems': 99936, 'total_shapes': 2256, 'total_links': 222, 'num_tensors': 56}
2026-08-25 07:19:44,655 [INFO] [6R/1558](swap: 13, u: 0 | c_u: 1 | t_u_l: 31/942 | t_u_r: 59/943 | t_u: 90/1885) -> {'max_bond': 128, 'max_links': 4, 'total_elems': 168672, 'total_shapes': 2968, 'total_links': 222, 'num_tensors': 56}
2026-08-25 07:19:44,979 [INFO] [7R/1558](swap: 12, u: 0 | c_u: 1 | t_u_l: 31/942 | t_u_r: 59/943 | t_u: 90/1885) -> {'max_bond': 128, 'max_links': 4, 'total_elems': 313568, 'total_shapes': 3880, 'total_links': 222, 'num_tensors': 56}
2026-08-25 07:19:45,505 [INFO]     [start unswap] -> {'max_bond': 128, 'max_links': 4, 'total_elems': 313568, 'total_shapes': 3880, 'total_links': 222, 'num_tensors': 56}
2026-08-25 07:19:53,540 [INFO]     [0 | both | 0](candidate_pairs: 28/28 | new_swaps: 2 | total: 2) -> {'max_bond': 256, 'max_links': 4, 'total_elems': 681952, 'total_shapes': 5192, 'total_links': 222, 'num_tensors': 56}
2026-08-25 07:19:56,266 [INFO]     [0 | both | 1](candidate_pairs: 27/27 | new_swaps: 14 | total: 16) -> {'max_bond': 128, 'max_links': 4, 'total_elems': 191072, 'total_shapes': 3056, 'total_links': 222, 'num_tensors': 56}
2026-08-25 07:19:56,545 [INFO]     [0 | left | 0](candidate_pairs: 28/28 | new_swaps: 12 | total: 28) -> {'max_bond': 64, 'max_links': 4, 'total_elems': 119584, 'total_shapes': 2328, 'total_links': 222, 'num_tensors': 56}
2026-08-25 07:19:56,786 [INFO]     [0 | left | 1](candidate_pairs: 27/27 | new_swaps: 11 | total: 39) -> {'max_bond': 64, 'max_links': 4, 'total_elems': 75296, 'total_shapes': 1956, 'total_links': 222, 'num_tensors': 56}
2026-08-25 07:19:56,902 [INFO]     [0 | right | 0](candidate_pairs: 28/28 | new_swaps: 10 | total: 49) -> {'max_bond': 64, 'max_links': 4, 'total_elems': 57056, 'total_shapes': 1628, 'total_links': 222, 'num_tensors': 56}
2026-08-25 07:19:56,993 [INFO]     [0 | right | 1](candidate_pairs: 27/27 | new_swaps: 10 | total: 59) -> {'max_bond': 64, 'max_links': 4, 'total_elems': 29888, 'total_shapes': 1322, 'total_links': 222, 'num_tensors': 56}
2026-08-25 07:19:57,108 [INFO]     [1 | both | 0](candidate_pairs: 28/28 | new_swaps: 14 | total: 14) -> {'max_bond': 32, 'max_links': 4, 'total_elems': 16068, 'total_shapes': 1004, 'total_links': 222, 'num_tensors': 56}
2026-08-25 07:19:57,212 [INFO]     [1 | both | 1](candidate_pairs: 27/27 | new_swaps: 4 | total: 18) -> {'max_bond': 32, 'max_links': 4, 'total_elems': 14020, 'total_shapes': 948, 'total_links': 222, 'num_tensors': 56}
2026-08-25 07:19:57,267 [INFO]     [1 | left | 0](candidate_pairs: 28/28 | new_swaps: 6 | total: 24) -> {'max_bond': 32, 'max_links': 4, 'total_elems': 10908, 'total_shapes': 882, 'total_links': 222, 'num_tensors': 56}
2026-08-25 07:19:57,315 [INFO]     [1 | left | 1](candidate_pairs: 27/27 | new_swaps: 4 | total: 28) -> {'max_bond': 16, 'max_links': 4, 'total_elems': 8308, 'total_shapes': 814, 'total_links': 222, 'num_tensors': 56}
2026-08-25 07:19:57,357 [INFO]     [1 | right | 0](candidate_pairs: 28/28 | new_swaps: 2 | total: 30) -> {'max_bond': 16, 'max_links': 4, 'total_elems': 8236, 'total_shapes': 806, 'total_links': 222, 'num_tensors': 56}
2026-08-25 07:19:57,400 [INFO]     [1 | right | 1](candidate_pairs: 27/27 | new_swaps: 3 | total: 33) -> {'max_bond': 16, 'max_links': 4, 'total_elems': 7764, 'total_shapes': 782, 'total_links': 222, 'num_tensors': 56}
2026-08-25 07:19:57,482 [INFO]     [2 | both | 0](candidate_pairs: 28/28 | new_swaps: 7 | total: 7) -> {'max_bond': 16, 'max_links': 4, 'total_elems': 6604, 'total_shapes': 738, 'total_links': 222, 'num_tensors': 56}
2026-08-25 07:19:57,558 [INFO]     [2 | both | 1](candidate_pairs: 27/27 | new_swaps: 5 | total: 12) -> {'max_bond': 16, 'max_links': 4, 'total_elems': 5412, 'total_shapes': 702, 'total_links': 222, 'num_tensors': 56}
2026-08-25 07:19:57,598 [INFO]     [2 | left | 0](candidate_pairs: 28/28 | new_swaps: 1 | total: 13) -> {'max_bond': 16, 'max_links': 4, 'total_elems': 5028, 'total_shapes': 686, 'total_links': 222, 'num_tensors': 56}
2026-08-25 07:19:57,640 [INFO]     [2 | left | 1](candidate_pairs: 27/27 | new_swaps: 1 | total: 14) -> {'max_bond': 16, 'max_links': 4, 'total_elems': 4644, 'total_shapes': 674, 'total_links': 222, 'num_tensors': 56}
2026-08-25 07:19:57,681 [INFO]     [2 | right | 0](candidate_pairs: 28/28 | new_swaps: 3 | total: 17) -> {'max_bond': 8, 'max_links': 4, 'total_elems': 3964, 'total_shapes': 642, 'total_links': 222, 'num_tensors': 56}
2026-08-25 07:19:57,720 [INFO]     [2 | right | 1](candidate_pairs: 27/27 | new_swaps: 1 | total: 18) -> {'max_bond': 8, 'max_links': 4, 'total_elems': 3772, 'total_shapes': 634, 'total_links': 222, 'num_tensors': 56}
2026-08-25 07:19:57,783 [INFO]     [3 | both | 0](candidate_pairs: 28/28 | new_swaps: 2 | total: 2) -> {'max_bond': 8, 'max_links': 4, 'total_elems': 3712, 'total_shapes': 628, 'total_links': 222, 'num_tensors': 56}
2026-08-25 07:19:57,817 [INFO]     [3 | both | 1](candidate_pairs: 27/27 | new_swaps: 0 | total: 2) -> {'max_bond': 8, 'max_links': 4, 'total_elems': 3712, 'total_shapes': 628, 'total_links': 222, 'num_tensors': 56}
2026-08-25 07:19:57,835 [INFO]     [3 | left | 0](candidate_pairs: 28/28 | new_swaps: 0 | total: 2) -> {'max_bond': 8, 'max_links': 4, 'total_elems': 3712, 'total_shapes': 628, 'total_links': 222, 'num_tensors': 56}
2026-08-25 07:19:57,852 [INFO]     [3 | left | 1](candidate_pairs: 27/27 | new_swaps: 0 | total: 2) -> {'max_bond': 8, 'max_links': 4, 'total_elems': 3712, 'total_shapes': 628, 'total_links': 222, 'num_tensors': 56}
2026-08-25 07:19:57,891 [INFO]     [3 | right | 0](candidate_pairs: 28/28 | new_swaps: 1 | total: 3) -> {'max_bond': 8, 'max_links': 4, 'total_elems': 3664, 'total_shapes': 624, 'total_links': 222, 'num_tensors': 56}
2026-08-25 07:19:57,909 [INFO]     [3 | right | 1](candidate_pairs: 27/27 | new_swaps: 0 | total: 3) -> {'max_bond': 8, 'max_links': 4, 'total_elems': 3664, 'total_shapes': 624, 'total_links': 222, 'num_tensors': 56}
2026-08-25 07:19:57,943 [INFO]     [4 | both | 0](candidate_pairs: 28/28 | new_swaps: 0 | total: 0) -> {'max_bond': 8, 'max_links': 4, 'total_elems': 3664, 'total_shapes': 624, 'total_links': 222, 'num_tensors': 56}
2026-08-25 07:19:58,006 [INFO]     [4 | both | 1](candidate_pairs: 27/27 | new_swaps: 1 | total: 1) -> {'max_bond': 8, 'max_links': 4, 'total_elems': 3652, 'total_shapes': 622, 'total_links': 222, 'num_tensors': 56}
2026-08-25 07:19:58,024 [INFO]     [4 | left | 0](candidate_pairs: 28/28 | new_swaps: 0 | total: 1) -> {'max_bond': 8, 'max_links': 4, 'total_elems': 3652, 'total_shapes': 622, 'total_links': 222, 'num_tensors': 56}
2026-08-25 07:19:58,041 [INFO]     [4 | left | 1](candidate_pairs: 27/27 | new_swaps: 0 | total: 1) -> {'max_bond': 8, 'max_links': 4, 'total_elems': 3652, 'total_shapes': 622, 'total_links': 222, 'num_tensors': 56}
2026-08-25 07:19:58,059 [INFO]     [4 | right | 0](candidate_pairs: 28/28 | new_swaps: 0 | total: 1) -> {'max_bond': 8, 'max_links': 4, 'total_elems': 3652, 'total_shapes': 622, 'total_links': 222, 'num_tensors': 56}
2026-08-25 07:19:58,076 [INFO]     [4 | right | 1](candidate_pairs: 27/27 | new_swaps: 0 | total: 1) -> {'max_bond': 8, 'max_links': 4, 'total_elems': 3652, 'total_shapes': 622, 'total_links': 222, 'num_tensors': 56}
2026-08-25 07:19:58,110 [INFO]     [5 | both | 0](candidate_pairs: 28/28 | new_swaps: 0 | total: 0) -> {'max_bond': 8, 'max_links': 4, 'total_elems': 3652, 'total_shapes': 622, 'total_links': 222, 'num_tensors': 56}
2026-08-25 07:19:58,143 [INFO]     [5 | both | 1](candidate_pairs: 27/27 | new_swaps: 0 | total: 0) -> {'max_bond': 8, 'max_links': 4, 'total_elems': 3652, 'total_shapes': 622, 'total_links': 222, 'num_tensors': 56}
2026-08-25 07:19:58,161 [INFO]     [5 | left | 0](candidate_pairs: 28/28 | new_swaps: 0 | total: 0) -> {'max_bond': 8, 'max_links': 4, 'total_elems': 3652, 'total_shapes': 622, 'total_links': 222, 'num_tensors': 56}
2026-08-25 07:19:58,178 [INFO]     [5 | left | 1](candidate_pairs: 27/27 | new_swaps: 0 | total: 0) -> {'max_bond': 8, 'max_links': 4, 'total_elems': 3652, 'total_shapes': 622, 'total_links': 222, 'num_tensors': 56}
2026-08-25 07:19:58,196 [INFO]     [5 | right | 0](candidate_pairs: 28/28 | new_swaps: 0 | total: 0) -> {'max_bond': 8, 'max_links': 4, 'total_elems': 3652, 'total_shapes': 622, 'total_links': 222, 'num_tensors': 56}
2026-08-25 07:19:58,213 [INFO]     [5 | right | 1](candidate_pairs: 27/27 | new_swaps: 0 | total: 0) -> {'max_bond': 8, 'max_links': 4, 'total_elems': 3652, 'total_shapes': 622, 'total_links': 222, 'num_tensors': 56}
2026-08-25 07:19:58,214 [INFO]     [end unswap] -> {'max_bond': 8, 'max_links': 4, 'total_elems': 3652, 'total_shapes': 622, 'total_links': 222, 'num_tensors': 56}
2026-08-25 07:19:58,214 [INFO] [start rewire](phase=post_unswap, cycle=14, side=left, layers=1406, trials=20, seed=123, parallel=False, route_candidates=1, route_score=none)
2026-08-25 07:19:59,237 [INFO] [end rewire](phase=post_unswap, cycle=14, side=left, routed_layers=1466, elapsed_s=1.02)
2026-08-25 07:19:59,238 [INFO] [start rewire](phase=post_unswap, cycle=14, side=right, layers=1553, trials=20, seed=123, parallel=False, route_candidates=1, route_score=none)
2026-08-25 07:20:00,432 [INFO] [end rewire](phase=post_unswap, cycle=14, side=right, routed_layers=1568, elapsed_s=1.19)
2026-08-25 07:20:00,507 [INFO] [1L/1464](swap: 13, u: 0 | c_u: 0 | t_u_l: 31/942 | t_u_r: 59/943 | t_u: 90/1885) -> {'max_bond': 8, 'max_links': 4, 'total_elems': 3652, 'total_shapes': 622, 'total_links': 222, 'num_tensors': 56}
2026-08-25 07:20:00,554 [INFO] [1R/1566](swap: 11, u: 1 | c_u: 1 | t_u_l: 31/942 | t_u_r: 60/943 | t_u: 91/1885) -> {'max_bond': 8, 'max_links': 4, 'total_elems': 4228, 'total_shapes': 686, 'total_links': 222, 'num_tensors': 56}
2026-08-25 07:20:00,601 [INFO] [2R/1566](swap: 10, u: 0 | c_u: 1 | t_u_l: 31/942 | t_u_r: 60/943 | t_u: 91/1885) -> {'max_bond': 16, 'max_links': 4, 'total_elems': 5820, 'total_shapes': 776, 'total_links': 222, 'num_tensors': 56}
2026-08-25 07:20:00,651 [INFO] [2L/1464](swap: 11, u: 0 | c_u: 1 | t_u_l: 31/942 | t_u_r: 60/943 | t_u: 91/1885) -> {'max_bond': 16, 'max_links': 4, 'total_elems': 9328, 'total_shapes': 922, 'total_links': 222, 'num_tensors': 56}
2026-08-25 07:20:00,700 [INFO] [3R/1566](swap: 11, u: 0 | c_u: 1 | t_u_l: 31/942 | t_u_r: 60/943 | t_u: 91/1885) -> {'max_bond': 16, 'max_links': 4, 'total_elems': 14848, 'total_shapes': 1122, 'total_links': 222, 'num_tensors': 56}
2026-08-25 07:20:00,752 [INFO] [3L/1464](swap: 12, u: 0 | c_u: 1 | t_u_l: 31/942 | t_u_r: 60/943 | t_u: 91/1885) -> {'max_bond': 32, 'max_links': 4, 'total_elems': 23840, 'total_shapes': 1318, 'total_links': 222, 'num_tensors': 56}
2026-08-25 07:20:00,821 [INFO] [4L/1464](swap: 13, u: 0 | c_u: 1 | t_u_l: 31/942 | t_u_r: 60/943 | t_u: 91/1885) -> {'max_bond': 64, 'max_links': 4, 'total_elems': 40256, 'total_shapes': 1620, 'total_links': 222, 'num_tensors': 56}
2026-08-25 07:20:00,903 [INFO] [5L/1464](swap: 15, u: 0 | c_u: 1 | t_u_l: 31/942 | t_u_r: 60/943 | t_u: 91/1885) -> {'max_bond': 64, 'max_links': 4, 'total_elems': 56064, 'total_shapes': 1876, 'total_links': 222, 'num_tensors': 56}
2026-08-25 07:20:00,986 [INFO] [6L/1464](swap: 16, u: 0 | c_u: 1 | t_u_l: 31/942 | t_u_r: 60/943 | t_u: 91/1885) -> {'max_bond': 64, 'max_links': 4, 'total_elems': 79872, 'total_shapes': 2244, 'total_links': 222, 'num_tensors': 56}
2026-08-25 07:20:01,109 [INFO] [4R/1566](swap: 12, u: 1 | c_u: 2 | t_u_l: 31/942 | t_u_r: 61/943 | t_u: 92/1885) -> {'max_bond': 64, 'max_links': 4, 'total_elems': 143200, 'total_shapes': 2744, 'total_links': 222, 'num_tensors': 56}
2026-08-25 07:20:01,342 [INFO] [7L/1464](swap: 14, u: 0 | c_u: 2 | t_u_l: 31/942 | t_u_r: 61/943 | t_u: 92/1885) -> {'max_bond': 128, 'max_links': 4, 'total_elems': 260256, 'total_shapes': 3630, 'total_links': 222, 'num_tensors': 56}
2026-08-25 07:20:01,776 [INFO] [8L/1464](swap: 12, u: 1 | c_u: 3 | t_u_l: 32/942 | t_u_r: 61/943 | t_u: 93/1885) -> {'max_bond': 128, 'max_links': 4, 'total_elems': 500960, 'total_shapes': 4820, 'total_links': 222, 'num_tensors': 56}
2026-08-25 07:20:02,454 [INFO] [9L/1464](swap: 12, u: 0 | c_u: 3 | t_u_l: 32/942 | t_u_r: 61/943 | t_u: 93/1885) -> {'max_bond': 128, 'max_links': 4, 'total_elems': 869792, 'total_shapes': 6018, 'total_links': 222, 'num_tensors': 56}
2026-08-25 07:20:04,254 [INFO]     [start unswap] -> {'max_bond': 128, 'max_links': 4, 'total_elems': 869792, 'total_shapes': 6018, 'total_links': 222, 'num_tensors': 56}
2026-08-25 07:20:15,511 [INFO]     [0 | both | 0](candidate_pairs: 28/28 | new_swaps: 0 | total: 0) -> {'max_bond': 128, 'max_links': 4, 'total_elems': 869792, 'total_shapes': 6018, 'total_links': 222, 'num_tensors': 56}
2026-08-25 07:20:26,216 [INFO]     [0 | both | 1](candidate_pairs: 27/27 | new_swaps: 9 | total: 9) -> {'max_bond': 256, 'max_links': 4, 'total_elems': 960544, 'total_shapes': 6136, 'total_links': 222, 'num_tensors': 56}
2026-08-25 07:20:28,877 [INFO]     [0 | left | 0](candidate_pairs: 28/28 | new_swaps: 9 | total: 18) -> {'max_bond': 128, 'max_links': 4, 'total_elems': 544288, 'total_shapes': 4856, 'total_links': 222, 'num_tensors': 56}
2026-08-25 07:20:30,152 [INFO]     [0 | left | 1](candidate_pairs: 27/27 | new_swaps: 14 | total: 32) -> {'max_bond': 128, 'max_links': 4, 'total_elems': 242720, 'total_shapes': 3560, 'total_links': 222, 'num_tensors': 56}
2026-08-25 07:20:30,478 [INFO]     [0 | right | 0](candidate_pairs: 28/28 | new_swaps: 8 | total: 40) -> {'max_bond': 64, 'max_links': 4, 'total_elems': 180256, 'total_shapes': 3008, 'total_links': 222, 'num_tensors': 56}
2026-08-25 07:20:30,823 [INFO]     [0 | right | 1](candidate_pairs: 27/27 | new_swaps: 11 | total: 51) -> {'max_bond': 64, 'max_links': 4, 'total_elems': 134752, 'total_shapes': 2672, 'total_links': 222, 'num_tensors': 56}
2026-08-25 07:20:31,128 [INFO]     [1 | both | 0](candidate_pairs: 28/28 | new_swaps: 13 | total: 13) -> {'max_bond': 64, 'max_links': 4, 'total_elems': 77120, 'total_shapes': 2064, 'total_links': 222, 'num_tensors': 56}
2026-08-25 07:20:31,312 [INFO]     [1 | both | 1](candidate_pairs: 27/27 | new_swaps: 5 | total: 18) -> {'max_bond': 32, 'max_links': 4, 'total_elems': 57280, 'total_shapes': 1816, 'total_links': 222, 'num_tensors': 56}
2026-08-25 07:20:31,405 [INFO]     [1 | left | 0](candidate_pairs: 28/28 | new_swaps: 8 | total: 26) -> {'max_bond': 32, 'max_links': 4, 'total_elems': 47944, 'total_shapes': 1638, 'total_links': 222, 'num_tensors': 56}
2026-08-25 07:20:31,484 [INFO]     [1 | left | 1](candidate_pairs: 27/27 | new_swaps: 9 | total: 35) -> {'max_bond': 32, 'max_links': 4, 'total_elems': 37448, 'total_shapes': 1446, 'total_links': 222, 'num_tensors': 56}
2026-08-25 07:20:31,552 [INFO]     [1 | right | 0](candidate_pairs: 28/28 | new_swaps: 9 | total: 44) -> {'max_bond': 32, 'max_links': 4, 'total_elems': 33308, 'total_shapes': 1324, 'total_links': 222, 'num_tensors': 56}
2026-08-25 07:20:31,613 [INFO]     [1 | right | 1](candidate_pairs: 27/27 | new_swaps: 7 | total: 51) -> {'max_bond': 32, 'max_links': 4, 'total_elems': 29492, 'total_shapes': 1236, 'total_links': 222, 'num_tensors': 56}
2026-08-25 07:20:31,725 [INFO]     [2 | both | 0](candidate_pairs: 28/28 | new_swaps: 10 | total: 10) -> {'max_bond': 32, 'max_links': 4, 'total_elems': 23620, 'total_shapes': 1084, 'total_links': 222, 'num_tensors': 56}
2026-08-25 07:20:31,823 [INFO]     [2 | both | 1](candidate_pairs: 27/27 | new_swaps: 8 | total: 18) -> {'max_bond': 32, 'max_links': 4, 'total_elems': 18608, 'total_shapes': 982, 'total_links': 222, 'num_tensors': 56}
2026-08-25 07:20:31,873 [INFO]     [2 | left | 0](candidate_pairs: 28/28 | new_swaps: 5 | total: 23) -> {'max_bond': 32, 'max_links': 4, 'total_elems': 15440, 'total_shapes': 922, 'total_links': 222, 'num_tensors': 56}
2026-08-25 07:20:31,922 [INFO]     [2 | left | 1](candidate_pairs: 27/27 | new_swaps: 5 | total: 28) -> {'max_bond': 32, 'max_links': 4, 'total_elems': 12360, 'total_shapes': 836, 'total_links': 222, 'num_tensors': 56}
2026-08-25 07:20:31,968 [INFO]     [2 | right | 0](candidate_pairs: 28/28 | new_swaps: 4 | total: 32) -> {'max_bond': 32, 'max_links': 4, 'total_elems': 11712, 'total_shapes': 808, 'total_links': 222, 'num_tensors': 56}
2026-08-25 07:20:32,012 [INFO]     [2 | right | 1](candidate_pairs: 27/27 | new_swaps: 2 | total: 34) -> {'max_bond': 32, 'max_links': 4, 'total_elems': 11136, 'total_shapes': 788, 'total_links': 222, 'num_tensors': 56}
2026-08-25 07:20:32,093 [INFO]     [3 | both | 0](candidate_pairs: 28/28 | new_swaps: 3 | total: 3) -> {'max_bond': 32, 'max_links': 4, 'total_elems': 11064, 'total_shapes': 780, 'total_links': 222, 'num_tensors': 56}
2026-08-25 07:20:32,173 [INFO]     [3 | both | 1](candidate_pairs: 27/27 | new_swaps: 2 | total: 5) -> {'max_bond': 32, 'max_links': 4, 'total_elems': 11004, 'total_shapes': 772, 'total_links': 222, 'num_tensors': 56}
2026-08-25 07:20:32,218 [INFO]     [3 | left | 0](candidate_pairs: 28/28 | new_swaps: 2 | total: 7) -> {'max_bond': 32, 'max_links': 4, 'total_elems': 10868, 'total_shapes': 756, 'total_links': 222, 'num_tensors': 56}
2026-08-25 07:20:32,239 [INFO]     [3 | left | 1](candidate_pairs: 27/27 | new_swaps: 0 | total: 7) -> {'max_bond': 32, 'max_links': 4, 'total_elems': 10868, 'total_shapes': 756, 'total_links': 222, 'num_tensors': 56}
2026-08-25 07:20:32,259 [INFO]     [3 | right | 0](candidate_pairs: 28/28 | new_swaps: 0 | total: 7) -> {'max_bond': 32, 'max_links': 4, 'total_elems': 10868, 'total_shapes': 756, 'total_links': 222, 'num_tensors': 56}
2026-08-25 07:20:32,281 [INFO]     [3 | right | 1](candidate_pairs: 27/27 | new_swaps: 0 | total: 7) -> {'max_bond': 32, 'max_links': 4, 'total_elems': 10868, 'total_shapes': 756, 'total_links': 222, 'num_tensors': 56}
2026-08-25 07:20:32,324 [INFO]     [4 | both | 0](candidate_pairs: 28/28 | new_swaps: 0 | total: 0) -> {'max_bond': 32, 'max_links': 4, 'total_elems': 10868, 'total_shapes': 756, 'total_links': 222, 'num_tensors': 56}
2026-08-25 07:20:32,364 [INFO]     [4 | both | 1](candidate_pairs: 27/27 | new_swaps: 0 | total: 0) -> {'max_bond': 32, 'max_links': 4, 'total_elems': 10868, 'total_shapes': 756, 'total_links': 222, 'num_tensors': 56}
2026-08-25 07:20:32,385 [INFO]     [4 | left | 0](candidate_pairs: 28/28 | new_swaps: 0 | total: 0) -> {'max_bond': 32, 'max_links': 4, 'total_elems': 10868, 'total_shapes': 756, 'total_links': 222, 'num_tensors': 56}
2026-08-25 07:20:32,407 [INFO]     [4 | left | 1](candidate_pairs: 27/27 | new_swaps: 0 | total: 0) -> {'max_bond': 32, 'max_links': 4, 'total_elems': 10868, 'total_shapes': 756, 'total_links': 222, 'num_tensors': 56}
2026-08-25 07:20:32,427 [INFO]     [4 | right | 0](candidate_pairs: 28/28 | new_swaps: 0 | total: 0) -> {'max_bond': 32, 'max_links': 4, 'total_elems': 10868, 'total_shapes': 756, 'total_links': 222, 'num_tensors': 56}
2026-08-25 07:20:32,448 [INFO]     [4 | right | 1](candidate_pairs: 27/27 | new_swaps: 0 | total: 0) -> {'max_bond': 32, 'max_links': 4, 'total_elems': 10868, 'total_shapes': 756, 'total_links': 222, 'num_tensors': 56}
2026-08-25 07:20:32,448 [INFO]     [end unswap] -> {'max_bond': 32, 'max_links': 4, 'total_elems': 10868, 'total_shapes': 756, 'total_links': 222, 'num_tensors': 56}
2026-08-25 07:20:32,474 [INFO] [start rewire](phase=post_unswap, cycle=15, side=left, layers=1457, trials=20, seed=123, parallel=False, route_candidates=1, route_score=none)
2026-08-25 07:20:33,560 [INFO] [end rewire](phase=post_unswap, cycle=15, side=left, routed_layers=1373, elapsed_s=1.09)
2026-08-25 07:20:33,560 [INFO] [start rewire](phase=post_unswap, cycle=15, side=right, layers=1564, trials=20, seed=123, parallel=False, route_candidates=1, route_score=none)
2026-08-25 07:20:34,765 [INFO] [end rewire](phase=post_unswap, cycle=15, side=right, routed_layers=1699, elapsed_s=1.20)
2026-08-25 07:20:34,846 [INFO] [1L/1371](swap: 12, u: 0 | c_u: 0 | t_u_l: 32/942 | t_u_r: 61/943 | t_u: 93/1885) -> {'max_bond': 32, 'max_links': 4, 'total_elems': 10868, 'total_shapes': 756, 'total_links': 222, 'num_tensors': 56}
2026-08-25 07:20:34,901 [INFO] [2L/1371](swap: 14, u: 0 | c_u: 0 | t_u_l: 32/942 | t_u_r: 61/943 | t_u: 93/1885) -> {'max_bond': 32, 'max_links': 4, 'total_elems': 12100, 'total_shapes': 846, 'total_links': 222, 'num_tensors': 56}
2026-08-25 07:20:34,950 [INFO] [1R/1697](swap: 11, u: 0 | c_u: 0 | t_u_l: 32/942 | t_u_r: 61/943 | t_u: 93/1885) -> {'max_bond': 32, 'max_links': 4, 'total_elems': 13756, 'total_shapes': 914, 'total_links': 222, 'num_tensors': 56}
2026-08-25 07:20:35,006 [INFO] [2R/1697](swap: 11, u: 0 | c_u: 0 | t_u_l: 32/942 | t_u_r: 61/943 | t_u: 93/1885) -> {'max_bond': 32, 'max_links': 4, 'total_elems': 18828, 'total_shapes': 1032, 'total_links': 222, 'num_tensors': 56}
2026-08-25 07:20:35,073 [INFO] [3L/1371](swap: 16, u: 0 | c_u: 0 | t_u_l: 32/942 | t_u_r: 61/943 | t_u: 93/1885) -> {'max_bond': 32, 'max_links': 4, 'total_elems': 24992, 'total_shapes': 1234, 'total_links': 222, 'num_tensors': 56}
2026-08-25 07:20:35,141 [INFO] [4L/1371](swap: 12, u: 0 | c_u: 0 | t_u_l: 32/942 | t_u_r: 61/943 | t_u: 93/1885) -> {'max_bond': 64, 'max_links': 4, 'total_elems': 45280, 'total_shapes': 1600, 'total_links': 222, 'num_tensors': 56}
2026-08-25 07:20:35,225 [INFO] [5L/1371](swap: 11, u: 1 | c_u: 1 | t_u_l: 33/942 | t_u_r: 61/943 | t_u: 94/1885) -> {'max_bond': 64, 'max_links': 4, 'total_elems': 80224, 'total_shapes': 2024, 'total_links': 222, 'num_tensors': 56}
2026-08-25 07:20:35,354 [INFO] [3R/1697](swap: 15, u: 0 | c_u: 1 | t_u_l: 33/942 | t_u_r: 61/943 | t_u: 94/1885) -> {'max_bond': 128, 'max_links': 4, 'total_elems': 143840, 'total_shapes': 2624, 'total_links': 222, 'num_tensors': 56}
2026-08-25 07:20:35,567 [INFO] [4R/1697](swap: 12, u: 0 | c_u: 1 | t_u_l: 33/942 | t_u_r: 61/943 | t_u: 94/1885) -> {'max_bond': 128, 'max_links': 4, 'total_elems': 182624, 'total_shapes': 3040, 'total_links': 222, 'num_tensors': 56}
2026-08-25 07:20:35,777 [INFO] [5R/1697](swap: 10, u: 1 | c_u: 2 | t_u_l: 33/942 | t_u_r: 62/943 | t_u: 95/1885) -> {'max_bond': 128, 'max_links': 4, 'total_elems': 276512, 'total_shapes': 3630, 'total_links': 222, 'num_tensors': 56}
2026-08-25 07:20:36,248 [INFO]     [start unswap] -> {'max_bond': 128, 'max_links': 4, 'total_elems': 276512, 'total_shapes': 3630, 'total_links': 222, 'num_tensors': 56}
2026-08-25 07:20:37,867 [INFO]     [0 | both | 0](candidate_pairs: 28/28 | new_swaps: 6 | total: 6) -> {'max_bond': 128, 'max_links': 4, 'total_elems': 291992, 'total_shapes': 3812, 'total_links': 222, 'num_tensors': 56}
2026-08-25 07:20:38,987 [INFO]     [0 | both | 1](candidate_pairs: 27/27 | new_swaps: 8 | total: 14) -> {'max_bond': 127, 'max_links': 4, 'total_elems': 251480, 'total_shapes': 3342, 'total_links': 222, 'num_tensors': 56}
2026-08-25 07:20:39,591 [INFO]     [0 | left | 0](candidate_pairs: 28/28 | new_swaps: 14 | total: 28) -> {'max_bond': 126, 'max_links': 4, 'total_elems': 142584, 'total_shapes': 2552, 'total_links': 222, 'num_tensors': 56}
2026-08-25 07:20:39,820 [INFO]     [0 | left | 1](candidate_pairs: 27/27 | new_swaps: 15 | total: 43) -> {'max_bond': 64, 'max_links': 4, 'total_elems': 65328, 'total_shapes': 1806, 'total_links': 222, 'num_tensors': 56}
2026-08-25 07:20:39,919 [INFO]     [0 | right | 0](candidate_pairs: 28/28 | new_swaps: 7 | total: 50) -> {'max_bond': 64, 'max_links': 4, 'total_elems': 59832, 'total_shapes': 1670, 'total_links': 222, 'num_tensors': 56}
2026-08-25 07:20:40,015 [INFO]     [0 | right | 1](candidate_pairs: 27/27 | new_swaps: 8 | total: 58) -> {'max_bond': 64, 'max_links': 4, 'total_elems': 53192, 'total_shapes': 1554, 'total_links': 222, 'num_tensors': 56}
2026-08-25 07:20:40,211 [INFO]     [1 | both | 0](candidate_pairs: 28/28 | new_swaps: 15 | total: 15) -> {'max_bond': 64, 'max_links': 4, 'total_elems': 30000, 'total_shapes': 1274, 'total_links': 222, 'num_tensors': 56}
2026-08-25 07:20:40,319 [INFO]     [1 | both | 1](candidate_pairs: 27/27 | new_swaps: 6 | total: 21) -> {'max_bond': 64, 'max_links': 4, 'total_elems': 25896, 'total_shapes': 1156, 'total_links': 222, 'num_tensors': 56}
2026-08-25 07:20:40,387 [INFO]     [1 | left | 0](candidate_pairs: 28/28 | new_swaps: 5 | total: 26) -> {'max_bond': 64, 'max_links': 4, 'total_elems': 23928, 'total_shapes': 1088, 'total_links': 222, 'num_tensors': 56}
2026-08-25 07:20:40,448 [INFO]     [1 | left | 1](candidate_pairs: 27/27 | new_swaps: 4 | total: 30) -> {'max_bond': 64, 'max_links': 4, 'total_elems': 22000, 'total_shapes': 1046, 'total_links': 222, 'num_tensors': 56}
2026-08-25 07:20:40,508 [INFO]     [1 | right | 0](candidate_pairs: 28/28 | new_swaps: 5 | total: 35) -> {'max_bond': 64, 'max_links': 4, 'total_elems': 20360, 'total_shapes': 990, 'total_links': 222, 'num_tensors': 56}
2026-08-25 07:20:40,562 [INFO]     [1 | right | 1](candidate_pairs: 27/27 | new_swaps: 2 | total: 37) -> {'max_bond': 32, 'max_links': 4, 'total_elems': 13976, 'total_shapes': 914, 'total_links': 222, 'num_tensors': 56}
2026-08-25 07:20:40,647 [INFO]     [2 | both | 0](candidate_pairs: 28/28 | new_swaps: 2 | total: 2) -> {'max_bond': 32, 'max_links': 4, 'total_elems': 13924, 'total_shapes': 908, 'total_links': 222, 'num_tensors': 56}
2026-08-25 07:20:40,732 [INFO]     [2 | both | 1](candidate_pairs: 27/27 | new_swaps: 1 | total: 3) -> {'max_bond': 32, 'max_links': 4, 'total_elems': 13876, 'total_shapes': 904, 'total_links': 222, 'num_tensors': 56}
2026-08-25 07:20:40,756 [INFO]     [2 | left | 0](candidate_pairs: 28/28 | new_swaps: 0 | total: 3) -> {'max_bond': 32, 'max_links': 4, 'total_elems': 13876, 'total_shapes': 904, 'total_links': 222, 'num_tensors': 56}
2026-08-25 07:20:40,779 [INFO]     [2 | left | 1](candidate_pairs: 27/27 | new_swaps: 0 | total: 3) -> {'max_bond': 32, 'max_links': 4, 'total_elems': 13876, 'total_shapes': 904, 'total_links': 222, 'num_tensors': 56}
2026-08-25 07:20:40,828 [INFO]     [2 | right | 0](candidate_pairs: 28/28 | new_swaps: 2 | total: 5) -> {'max_bond': 32, 'max_links': 4, 'total_elems': 11156, 'total_shapes': 864, 'total_links': 222, 'num_tensors': 56}
2026-08-25 07:20:40,865 [INFO]     [2 | right | 1](candidate_pairs: 27/27 | new_swaps: 1 | total: 6) -> {'max_bond': 32, 'max_links': 4, 'total_elems': 10868, 'total_shapes': 852, 'total_links': 222, 'num_tensors': 56}
2026-08-25 07:20:40,947 [INFO]     [3 | both | 0](candidate_pairs: 28/28 | new_swaps: 2 | total: 2) -> {'max_bond': 32, 'max_links': 4, 'total_elems': 10696, 'total_shapes': 842, 'total_links': 222, 'num_tensors': 56}
2026-08-25 07:20:41,021 [INFO]     [3 | both | 1](candidate_pairs: 27/27 | new_swaps: 1 | total: 3) -> {'max_bond': 32, 'max_links': 4, 'total_elems': 10568, 'total_shapes': 834, 'total_links': 222, 'num_tensors': 56}
2026-08-25 07:20:41,065 [INFO]     [3 | left | 0](candidate_pairs: 28/28 | new_swaps: 1 | total: 4) -> {'max_bond': 32, 'max_links': 4, 'total_elems': 10472, 'total_shapes': 830, 'total_links': 222, 'num_tensors': 56}
2026-08-25 07:20:41,088 [INFO]     [3 | left | 1](candidate_pairs: 27/27 | new_swaps: 0 | total: 4) -> {'max_bond': 32, 'max_links': 4, 'total_elems': 10472, 'total_shapes': 830, 'total_links': 222, 'num_tensors': 56}
2026-08-25 07:20:41,110 [INFO]     [3 | right | 0](candidate_pairs: 28/28 | new_swaps: 0 | total: 4) -> {'max_bond': 32, 'max_links': 4, 'total_elems': 10472, 'total_shapes': 830, 'total_links': 222, 'num_tensors': 56}
2026-08-25 07:20:41,146 [INFO]     [3 | right | 1](candidate_pairs: 27/27 | new_swaps: 1 | total: 5) -> {'max_bond': 32, 'max_links': 4, 'total_elems': 10424, 'total_shapes': 826, 'total_links': 222, 'num_tensors': 56}
2026-08-25 07:20:41,191 [INFO]     [4 | both | 0](candidate_pairs: 28/28 | new_swaps: 0 | total: 0) -> {'max_bond': 32, 'max_links': 4, 'total_elems': 10424, 'total_shapes': 826, 'total_links': 222, 'num_tensors': 56}
2026-08-25 07:20:41,232 [INFO]     [4 | both | 1](candidate_pairs: 27/27 | new_swaps: 0 | total: 0) -> {'max_bond': 32, 'max_links': 4, 'total_elems': 10424, 'total_shapes': 826, 'total_links': 222, 'num_tensors': 56}
2026-08-25 07:20:41,253 [INFO]     [4 | left | 0](candidate_pairs: 28/28 | new_swaps: 0 | total: 0) -> {'max_bond': 32, 'max_links': 4, 'total_elems': 10424, 'total_shapes': 826, 'total_links': 222, 'num_tensors': 56}
2026-08-25 07:20:41,274 [INFO]     [4 | left | 1](candidate_pairs: 27/27 | new_swaps: 0 | total: 0) -> {'max_bond': 32, 'max_links': 4, 'total_elems': 10424, 'total_shapes': 826, 'total_links': 222, 'num_tensors': 56}
2026-08-25 07:20:41,296 [INFO]     [4 | right | 0](candidate_pairs: 28/28 | new_swaps: 0 | total: 0) -> {'max_bond': 32, 'max_links': 4, 'total_elems': 10424, 'total_shapes': 826, 'total_links': 222, 'num_tensors': 56}
2026-08-25 07:20:41,317 [INFO]     [4 | right | 1](candidate_pairs: 27/27 | new_swaps: 0 | total: 0) -> {'max_bond': 32, 'max_links': 4, 'total_elems': 10424, 'total_shapes': 826, 'total_links': 222, 'num_tensors': 56}
2026-08-25 07:20:41,318 [INFO]     [end unswap] -> {'max_bond': 32, 'max_links': 4, 'total_elems': 10424, 'total_shapes': 826, 'total_links': 222, 'num_tensors': 56}
2026-08-25 07:20:41,318 [INFO] [start rewire](phase=post_unswap, cycle=16, side=left, layers=1368, trials=20, seed=123, parallel=False, route_candidates=1, route_score=none)
2026-08-25 07:20:42,925 [INFO] [end rewire](phase=post_unswap, cycle=16, side=left, routed_layers=1396, elapsed_s=1.61)
2026-08-25 07:20:42,926 [INFO] [start rewire](phase=post_unswap, cycle=16, side=right, layers=1694, trials=20, seed=123, parallel=False, route_candidates=1, route_score=none)
2026-08-25 07:20:43,833 [INFO] [end rewire](phase=post_unswap, cycle=16, side=right, routed_layers=1551, elapsed_s=0.91)
2026-08-25 07:20:43,919 [INFO] [1L/1394](swap: 15, u: 0 | c_u: 0 | t_u_l: 33/942 | t_u_r: 62/943 | t_u: 95/1885) -> {'max_bond': 32, 'max_links': 4, 'total_elems': 10424, 'total_shapes': 826, 'total_links': 222, 'num_tensors': 56}
2026-08-25 07:20:43,972 [INFO] [1R/1549](swap: 14, u: 0 | c_u: 0 | t_u_l: 33/942 | t_u_r: 62/943 | t_u: 95/1885) -> {'max_bond': 32, 'max_links': 4, 'total_elems': 13924, 'total_shapes': 972, 'total_links': 222, 'num_tensors': 56}
2026-08-25 07:20:44,026 [INFO] [2R/1549](swap: 10, u: 1 | c_u: 1 | t_u_l: 33/942 | t_u_r: 63/943 | t_u: 96/1885) -> {'max_bond': 32, 'max_links': 4, 'total_elems': 22208, 'total_shapes': 1162, 'total_links': 222, 'num_tensors': 56}
2026-08-25 07:20:44,087 [INFO] [2L/1394](swap: 14, u: 0 | c_u: 1 | t_u_l: 33/942 | t_u_r: 63/943 | t_u: 96/1885) -> {'max_bond': 64, 'max_links': 4, 'total_elems': 34932, 'total_shapes': 1354, 'total_links': 222, 'num_tensors': 56}
2026-08-25 07:20:44,158 [INFO] [3R/1549](swap: 8, u: 0 | c_u: 1 | t_u_l: 33/942 | t_u_r: 63/943 | t_u: 96/1885) -> {'max_bond': 64, 'max_links': 4, 'total_elems': 51196, 'total_shapes': 1590, 'total_links': 222, 'num_tensors': 56}
2026-08-25 07:20:44,237 [INFO] [4R/1549](swap: 6, u: 1 | c_u: 2 | t_u_l: 33/942 | t_u_r: 64/943 | t_u: 97/1885) -> {'max_bond': 64, 'max_links': 4, 'total_elems': 70876, 'total_shapes': 1816, 'total_links': 222, 'num_tensors': 56}
2026-08-25 07:20:44,361 [INFO] [5R/1549](swap: 5, u: 0 | c_u: 2 | t_u_l: 33/942 | t_u_r: 64/943 | t_u: 97/1885) -> {'max_bond': 64, 'max_links': 4, 'total_elems': 96596, 'total_shapes': 1960, 'total_links': 222, 'num_tensors': 56}
2026-08-25 07:20:44,522 [INFO] [6R/1549](swap: 6, u: 0 | c_u: 2 | t_u_l: 33/942 | t_u_r: 64/943 | t_u: 97/1885) -> {'max_bond': 64, 'max_links': 4, 'total_elems': 123164, 'total_shapes': 2114, 'total_links': 222, 'num_tensors': 56}
2026-08-25 07:20:44,795 [INFO] [7R/1549](swap: 6, u: 1 | c_u: 3 | t_u_l: 33/942 | t_u_r: 65/943 | t_u: 98/1885) -> {'max_bond': 128, 'max_links': 4, 'total_elems': 172892, 'total_shapes': 2458, 'total_links': 222, 'num_tensors': 56}
2026-08-25 07:20:45,072 [INFO] [8R/1549](swap: 7, u: 0 | c_u: 3 | t_u_l: 33/942 | t_u_r: 65/943 | t_u: 98/1885) -> {'max_bond': 128, 'max_links': 4, 'total_elems': 213852, 'total_shapes': 2714, 'total_links': 222, 'num_tensors': 56}
2026-08-25 07:20:45,369 [INFO] [9R/1549](swap: 3, u: 0 | c_u: 3 | t_u_l: 33/942 | t_u_r: 65/943 | t_u: 98/1885) -> {'max_bond': 128, 'max_links': 4, 'total_elems': 217308, 'total_shapes': 2786, 'total_links': 222, 'num_tensors': 56}
2026-08-25 07:20:45,672 [INFO] [10R/1549](swap: 2, u: 0 | c_u: 3 | t_u_l: 33/942 | t_u_r: 65/943 | t_u: 98/1885) -> {'max_bond': 128, 'max_links': 4, 'total_elems': 220764, 'total_shapes': 2850, 'total_links': 222, 'num_tensors': 56}
2026-08-25 07:20:45,978 [INFO] [11R/1549](swap: 3, u: 0 | c_u: 3 | t_u_l: 33/942 | t_u_r: 65/943 | t_u: 98/1885) -> {'max_bond': 128, 'max_links': 4, 'total_elems': 228444, 'total_shapes': 2922, 'total_links': 222, 'num_tensors': 56}
2026-08-25 07:20:46,291 [INFO] [12R/1549](swap: 4, u: 0 | c_u: 3 | t_u_l: 33/942 | t_u_r: 65/943 | t_u: 98/1885) -> {'max_bond': 128, 'max_links': 4, 'total_elems': 242780, 'total_shapes': 3082, 'total_links': 222, 'num_tensors': 56}
2026-08-25 07:20:46,644 [INFO] [13R/1549](swap: 4, u: 0 | c_u: 3 | t_u_l: 33/942 | t_u_r: 65/943 | t_u: 98/1885) -> {'max_bond': 128, 'max_links': 4, 'total_elems': 299100, 'total_shapes': 3386, 'total_links': 222, 'num_tensors': 56}
2026-08-25 07:20:47,155 [INFO]     [start unswap] -> {'max_bond': 128, 'max_links': 4, 'total_elems': 299100, 'total_shapes': 3386, 'total_links': 222, 'num_tensors': 56}
2026-08-25 07:20:50,217 [INFO]     [0 | both | 0](candidate_pairs: 28/28 | new_swaps: 8 | total: 8) -> {'max_bond': 128, 'max_links': 4, 'total_elems': 330008, 'total_shapes': 3488, 'total_links': 222, 'num_tensors': 56}
2026-08-25 07:20:51,625 [INFO]     [0 | both | 1](candidate_pairs: 27/27 | new_swaps: 11 | total: 19) -> {'max_bond': 128, 'max_links': 4, 'total_elems': 158264, 'total_shapes': 2556, 'total_links': 222, 'num_tensors': 56}
2026-08-25 07:20:51,893 [INFO]     [0 | left | 0](candidate_pairs: 28/28 | new_swaps: 12 | total: 31) -> {'max_bond': 64, 'max_links': 4, 'total_elems': 89944, 'total_shapes': 2024, 'total_links': 222, 'num_tensors': 56}
2026-08-25 07:20:52,029 [INFO]     [0 | left | 1](candidate_pairs: 27/27 | new_swaps: 7 | total: 38) -> {'max_bond': 64, 'max_links': 4, 'total_elems': 73944, 'total_shapes': 1800, 'total_links': 222, 'num_tensors': 56}
2026-08-25 07:20:52,157 [INFO]     [0 | right | 0](candidate_pairs: 28/28 | new_swaps: 6 | total: 44) -> {'max_bond': 64, 'max_links': 4, 'total_elems': 51160, 'total_shapes': 1584, 'total_links': 222, 'num_tensors': 56}
2026-08-25 07:20:52,247 [INFO]     [0 | right | 1](candidate_pairs: 27/27 | new_swaps: 9 | total: 53) -> {'max_bond': 32, 'max_links': 4, 'total_elems': 28568, 'total_shapes': 1332, 'total_links': 222, 'num_tensors': 56}
2026-08-25 07:20:52,366 [INFO]     [1 | both | 0](candidate_pairs: 28/28 | new_swaps: 6 | total: 6) -> {'max_bond': 32, 'max_links': 4, 'total_elems': 20528, 'total_shapes': 1168, 'total_links': 222, 'num_tensors': 56}
2026-08-25 07:20:52,464 [INFO]     [1 | both | 1](candidate_pairs: 27/27 | new_swaps: 7 | total: 13) -> {'max_bond': 32, 'max_links': 4, 'total_elems': 17672, 'total_shapes': 1092, 'total_links': 222, 'num_tensors': 56}
2026-08-25 07:20:52,516 [INFO]     [1 | left | 0](candidate_pairs: 28/28 | new_swaps: 6 | total: 19) -> {'max_bond': 32, 'max_links': 4, 'total_elems': 14024, 'total_shapes': 996, 'total_links': 222, 'num_tensors': 56}
2026-08-25 07:20:52,564 [INFO]     [1 | left | 1](candidate_pairs: 27/27 | new_swaps: 5 | total: 24) -> {'max_bond': 32, 'max_links': 4, 'total_elems': 12760, 'total_shapes': 944, 'total_links': 222, 'num_tensors': 56}
2026-08-25 07:20:52,609 [INFO]     [1 | right | 0](candidate_pairs: 28/28 | new_swaps: 2 | total: 26) -> {'max_bond': 32, 'max_links': 4, 'total_elems': 12472, 'total_shapes': 928, 'total_links': 222, 'num_tensors': 56}
2026-08-25 07:20:52,653 [INFO]     [1 | right | 1](candidate_pairs: 27/27 | new_swaps: 2 | total: 28) -> {'max_bond': 32, 'max_links': 4, 'total_elems': 11640, 'total_shapes': 900, 'total_links': 222, 'num_tensors': 56}
2026-08-25 07:20:52,735 [INFO]     [2 | both | 0](candidate_pairs: 28/28 | new_swaps: 2 | total: 2) -> {'max_bond': 32, 'max_links': 4, 'total_elems': 11160, 'total_shapes': 884, 'total_links': 222, 'num_tensors': 56}
2026-08-25 07:20:52,814 [INFO]     [2 | both | 1](candidate_pairs: 27/27 | new_swaps: 1 | total: 3) -> {'max_bond': 32, 'max_links': 4, 'total_elems': 10488, 'total_shapes': 856, 'total_links': 222, 'num_tensors': 56}
2026-08-25 07:20:52,860 [INFO]     [2 | left | 0](candidate_pairs: 28/28 | new_swaps: 3 | total: 6) -> {'max_bond': 32, 'max_links': 4, 'total_elems': 10312, 'total_shapes': 838, 'total_links': 222, 'num_tensors': 56}
2026-08-25 07:20:52,881 [INFO]     [2 | left | 1](candidate_pairs: 27/27 | new_swaps: 0 | total: 6) -> {'max_bond': 32, 'max_links': 4, 'total_elems': 10312, 'total_shapes': 838, 'total_links': 222, 'num_tensors': 56}
2026-08-25 07:20:52,924 [INFO]     [2 | right | 0](candidate_pairs: 28/28 | new_swaps: 1 | total: 7) -> {'max_bond': 32, 'max_links': 4, 'total_elems': 10264, 'total_shapes': 834, 'total_links': 222, 'num_tensors': 56}
2026-08-25 07:20:52,960 [INFO]     [2 | right | 1](candidate_pairs: 27/27 | new_swaps: 1 | total: 8) -> {'max_bond': 32, 'max_links': 4, 'total_elems': 10192, 'total_shapes': 828, 'total_links': 222, 'num_tensors': 56}
2026-08-25 07:20:53,039 [INFO]     [3 | both | 0](candidate_pairs: 28/28 | new_swaps: 1 | total: 1) -> {'max_bond': 32, 'max_links': 4, 'total_elems': 10144, 'total_shapes': 824, 'total_links': 222, 'num_tensors': 56}
2026-08-25 07:20:53,079 [INFO]     [3 | both | 1](candidate_pairs: 27/27 | new_swaps: 0 | total: 1) -> {'max_bond': 32, 'max_links': 4, 'total_elems': 10144, 'total_shapes': 824, 'total_links': 222, 'num_tensors': 56}
2026-08-25 07:20:53,100 [INFO]     [3 | left | 0](candidate_pairs: 28/28 | new_swaps: 0 | total: 1) -> {'max_bond': 32, 'max_links': 4, 'total_elems': 10144, 'total_shapes': 824, 'total_links': 222, 'num_tensors': 56}
2026-08-25 07:20:53,121 [INFO]     [3 | left | 1](candidate_pairs: 27/27 | new_swaps: 0 | total: 1) -> {'max_bond': 32, 'max_links': 4, 'total_elems': 10144, 'total_shapes': 824, 'total_links': 222, 'num_tensors': 56}
2026-08-25 07:20:53,142 [INFO]     [3 | right | 0](candidate_pairs: 28/28 | new_swaps: 0 | total: 1) -> {'max_bond': 32, 'max_links': 4, 'total_elems': 10144, 'total_shapes': 824, 'total_links': 222, 'num_tensors': 56}
2026-08-25 07:20:53,162 [INFO]     [3 | right | 1](candidate_pairs: 27/27 | new_swaps: 0 | total: 1) -> {'max_bond': 32, 'max_links': 4, 'total_elems': 10144, 'total_shapes': 824, 'total_links': 222, 'num_tensors': 56}
2026-08-25 07:20:53,207 [INFO]     [4 | both | 0](candidate_pairs: 28/28 | new_swaps: 0 | total: 0) -> {'max_bond': 32, 'max_links': 4, 'total_elems': 10144, 'total_shapes': 824, 'total_links': 222, 'num_tensors': 56}
2026-08-25 07:20:53,250 [INFO]     [4 | both | 1](candidate_pairs: 27/27 | new_swaps: 0 | total: 0) -> {'max_bond': 32, 'max_links': 4, 'total_elems': 10144, 'total_shapes': 824, 'total_links': 222, 'num_tensors': 56}
2026-08-25 07:20:53,271 [INFO]     [4 | left | 0](candidate_pairs: 28/28 | new_swaps: 0 | total: 0) -> {'max_bond': 32, 'max_links': 4, 'total_elems': 10144, 'total_shapes': 824, 'total_links': 222, 'num_tensors': 56}
2026-08-25 07:20:53,291 [INFO]     [4 | left | 1](candidate_pairs: 27/27 | new_swaps: 0 | total: 0) -> {'max_bond': 32, 'max_links': 4, 'total_elems': 10144, 'total_shapes': 824, 'total_links': 222, 'num_tensors': 56}
2026-08-25 07:20:53,312 [INFO]     [4 | right | 0](candidate_pairs: 28/28 | new_swaps: 0 | total: 0) -> {'max_bond': 32, 'max_links': 4, 'total_elems': 10144, 'total_shapes': 824, 'total_links': 222, 'num_tensors': 56}
2026-08-25 07:20:53,333 [INFO]     [4 | right | 1](candidate_pairs: 27/27 | new_swaps: 0 | total: 0) -> {'max_bond': 32, 'max_links': 4, 'total_elems': 10144, 'total_shapes': 824, 'total_links': 222, 'num_tensors': 56}
2026-08-25 07:20:53,333 [INFO]     [end unswap] -> {'max_bond': 32, 'max_links': 4, 'total_elems': 10144, 'total_shapes': 824, 'total_links': 222, 'num_tensors': 56}
2026-08-25 07:20:53,334 [INFO] [start rewire](phase=post_unswap, cycle=17, side=left, layers=1394, trials=20, seed=123, parallel=False, route_candidates=1, route_score=none)
2026-08-25 07:20:54,985 [INFO] [end rewire](phase=post_unswap, cycle=17, side=left, routed_layers=1477, elapsed_s=1.65)
2026-08-25 07:20:54,985 [INFO] [start rewire](phase=post_unswap, cycle=17, side=right, layers=1538, trials=20, seed=123, parallel=False, route_candidates=1, route_score=none)
2026-08-25 07:20:55,891 [INFO] [end rewire](phase=post_unswap, cycle=17, side=right, routed_layers=1587, elapsed_s=0.91)
2026-08-25 07:20:55,975 [INFO] [1L/1475](swap: 16, u: 0 | c_u: 0 | t_u_l: 33/942 | t_u_r: 65/943 | t_u: 98/1885) -> {'max_bond': 32, 'max_links': 4, 'total_elems': 10144, 'total_shapes': 824, 'total_links': 222, 'num_tensors': 56}
2026-08-25 07:20:56,030 [INFO] [1R/1585](swap: 11, u: 0 | c_u: 0 | t_u_l: 33/942 | t_u_r: 65/943 | t_u: 98/1885) -> {'max_bond': 32, 'max_links': 4, 'total_elems': 13100, 'total_shapes': 954, 'total_links': 222, 'num_tensors': 56}
2026-08-25 07:20:56,087 [INFO] [2R/1585](swap: 9, u: 0 | c_u: 0 | t_u_l: 33/942 | t_u_r: 65/943 | t_u: 98/1885) -> {'max_bond': 32, 'max_links': 4, 'total_elems': 16724, 'total_shapes': 1064, 'total_links': 222, 'num_tensors': 56}
2026-08-25 07:20:56,145 [INFO] [3R/1585](swap: 7, u: 0 | c_u: 0 | t_u_l: 33/942 | t_u_r: 65/943 | t_u: 98/1885) -> {'max_bond': 32, 'max_links': 4, 'total_elems': 19796, 'total_shapes': 1158, 'total_links': 222, 'num_tensors': 56}
2026-08-25 07:20:56,206 [INFO] [2L/1475](swap: 17, u: 0 | c_u: 0 | t_u_l: 33/942 | t_u_r: 65/943 | t_u: 98/1885) -> {'max_bond': 32, 'max_links': 4, 'total_elems': 30268, 'total_shapes': 1364, 'total_links': 222, 'num_tensors': 56}
2026-08-25 07:20:56,281 [INFO] [4R/1585](swap: 6, u: 0 | c_u: 0 | t_u_l: 33/942 | t_u_r: 65/943 | t_u: 98/1885) -> {'max_bond': 64, 'max_links': 4, 'total_elems': 48988, 'total_shapes': 1608, 'total_links': 222, 'num_tensors': 56}
2026-08-25 07:20:56,398 [INFO] [5R/1585](swap: 5, u: 0 | c_u: 0 | t_u_l: 33/942 | t_u_r: 65/943 | t_u: 98/1885) -> {'max_bond': 64, 'max_links': 4, 'total_elems': 75452, 'total_shapes': 1760, 'total_links': 222, 'num_tensors': 56}
2026-08-25 07:20:56,555 [INFO] [6R/1585](swap: 3, u: 0 | c_u: 0 | t_u_l: 33/942 | t_u_r: 65/943 | t_u: 98/1885) -> {'max_bond': 128, 'max_links': 4, 'total_elems': 102716, 'total_shapes': 2012, 'total_links': 222, 'num_tensors': 56}
2026-08-25 07:20:56,735 [INFO] [7R/1585](swap: 3, u: 0 | c_u: 0 | t_u_l: 33/942 | t_u_r: 65/943 | t_u: 98/1885) -> {'max_bond': 128, 'max_links': 4, 'total_elems': 117692, 'total_shapes': 2172, 'total_links': 222, 'num_tensors': 56}
2026-08-25 07:20:56,923 [INFO] [8R/1585](swap: 4, u: 0 | c_u: 0 | t_u_l: 33/942 | t_u_r: 65/943 | t_u: 98/1885) -> {'max_bond': 128, 'max_links': 4, 'total_elems': 129852, 'total_shapes': 2260, 'total_links': 222, 'num_tensors': 56}
2026-08-25 07:20:57,126 [INFO] [9R/1585](swap: 4, u: 0 | c_u: 0 | t_u_l: 33/942 | t_u_r: 65/943 | t_u: 98/1885) -> {'max_bond': 128, 'max_links': 4, 'total_elems': 136764, 'total_shapes': 2340, 'total_links': 222, 'num_tensors': 56}
2026-08-25 07:20:57,330 [INFO] [10R/1585](swap: 4, u: 0 | c_u: 0 | t_u_l: 33/942 | t_u_r: 65/943 | t_u: 98/1885) -> {'max_bond': 128, 'max_links': 4, 'total_elems': 147516, 'total_shapes': 2436, 'total_links': 222, 'num_tensors': 56}
2026-08-25 07:20:57,536 [INFO] [11R/1585](swap: 4, u: 0 | c_u: 0 | t_u_l: 33/942 | t_u_r: 65/943 | t_u: 98/1885) -> {'max_bond': 128, 'max_links': 4, 'total_elems': 150972, 'total_shapes': 2508, 'total_links': 222, 'num_tensors': 56}
2026-08-25 07:20:57,745 [INFO] [12R/1585](swap: 3, u: 1 | c_u: 1 | t_u_l: 33/942 | t_u_r: 66/943 | t_u: 99/1885) -> {'max_bond': 128, 'max_links': 4, 'total_elems': 163900, 'total_shapes': 2652, 'total_links': 222, 'num_tensors': 56}
2026-08-25 07:20:57,970 [INFO] [13R/1585](swap: 2, u: 2 | c_u: 3 | t_u_l: 33/942 | t_u_r: 68/943 | t_u: 101/1885) -> {'max_bond': 128, 'max_links': 4, 'total_elems': 182844, 'total_shapes': 2852, 'total_links': 222, 'num_tensors': 56}
2026-08-25 07:20:58,199 [INFO] [14R/1585](swap: 3, u: 0 | c_u: 3 | t_u_l: 33/942 | t_u_r: 68/943 | t_u: 101/1885) -> {'max_bond': 128, 'max_links': 4, 'total_elems': 200764, 'total_shapes': 3012, 'total_links': 222, 'num_tensors': 56}
2026-08-25 07:20:58,456 [INFO] [15R/1585](swap: 4, u: 0 | c_u: 3 | t_u_l: 33/942 | t_u_r: 68/943 | t_u: 101/1885) -> {'max_bond': 128, 'max_links': 4, 'total_elems': 266044, 'total_shapes': 3412, 'total_links': 222, 'num_tensors': 56}
2026-08-25 07:20:58,876 [INFO]     [start unswap] -> {'max_bond': 128, 'max_links': 4, 'total_elems': 266044, 'total_shapes': 3412, 'total_links': 222, 'num_tensors': 56}
2026-08-25 07:21:02,271 [INFO]     [0 | both | 0](candidate_pairs: 28/28 | new_swaps: 5 | total: 5) -> {'max_bond': 128, 'max_links': 4, 'total_elems': 366392, 'total_shapes': 3950, 'total_links': 222, 'num_tensors': 56}
2026-08-25 07:21:03,435 [INFO]     [0 | both | 1](candidate_pairs: 27/27 | new_swaps: 7 | total: 12) -> {'max_bond': 128, 'max_links': 4, 'total_elems': 260184, 'total_shapes': 3358, 'total_links': 222, 'num_tensors': 56}
2026-08-25 07:21:04,032 [INFO]     [0 | left | 0](candidate_pairs: 28/28 | new_swaps: 11 | total: 23) -> {'max_bond': 128, 'max_links': 4, 'total_elems': 191068, 'total_shapes': 2848, 'total_links': 222, 'num_tensors': 56}
2026-08-25 07:21:04,345 [INFO]     [0 | left | 1](candidate_pairs: 27/27 | new_swaps: 12 | total: 35) -> {'max_bond': 64, 'max_links': 4, 'total_elems': 121884, 'total_shapes': 2300, 'total_links': 222, 'num_tensors': 56}
2026-08-25 07:21:04,519 [INFO]     [0 | right | 0](candidate_pairs: 28/28 | new_swaps: 5 | total: 40) -> {'max_bond': 64, 'max_links': 4, 'total_elems': 100316, 'total_shapes': 2092, 'total_links': 222, 'num_tensors': 56}
2026-08-25 07:21:04,678 [INFO]     [0 | right | 1](candidate_pairs: 27/27 | new_swaps: 7 | total: 47) -> {'max_bond': 64, 'max_links': 4, 'total_elems': 72572, 'total_shapes': 1830, 'total_links': 222, 'num_tensors': 56}
2026-08-25 07:21:04,919 [INFO]     [1 | both | 0](candidate_pairs: 28/28 | new_swaps: 7 | total: 7) -> {'max_bond': 64, 'max_links': 4, 'total_elems': 50868, 'total_shapes': 1586, 'total_links': 222, 'num_tensors': 56}
2026-08-25 07:21:05,094 [INFO]     [1 | both | 1](candidate_pairs: 27/27 | new_swaps: 5 | total: 12) -> {'max_bond': 32, 'max_links': 4, 'total_elems': 37068, 'total_shapes': 1430, 'total_links': 222, 'num_tensors': 56}
2026-08-25 07:21:05,160 [INFO]     [1 | left | 0](candidate_pairs: 28/28 | new_swaps: 5 | total: 17) -> {'max_bond': 32, 'max_links': 4, 'total_elems': 29416, 'total_shapes': 1320, 'total_links': 222, 'num_tensors': 56}
2026-08-25 07:21:05,211 [INFO]     [1 | left | 1](candidate_pairs: 27/27 | new_swaps: 2 | total: 19) -> {'max_bond': 32, 'max_links': 4, 'total_elems': 27240, 'total_shapes': 1280, 'total_links': 222, 'num_tensors': 56}
2026-08-25 07:21:05,267 [INFO]     [1 | right | 0](candidate_pairs: 28/28 | new_swaps: 2 | total: 21) -> {'max_bond': 32, 'max_links': 4, 'total_elems': 26152, 'total_shapes': 1240, 'total_links': 222, 'num_tensors': 56}
2026-08-25 07:21:05,323 [INFO]     [1 | right | 1](candidate_pairs: 27/27 | new_swaps: 3 | total: 24) -> {'max_bond': 32, 'max_links': 4, 'total_elems': 22664, 'total_shapes': 1176, 'total_links': 222, 'num_tensors': 56}
2026-08-25 07:21:05,419 [INFO]     [2 | both | 0](candidate_pairs: 28/28 | new_swaps: 3 | total: 3) -> {'max_bond': 32, 'max_links': 4, 'total_elems': 21064, 'total_shapes': 1136, 'total_links': 222, 'num_tensors': 56}
2026-08-25 07:21:05,518 [INFO]     [2 | both | 1](candidate_pairs: 27/27 | new_swaps: 1 | total: 4) -> {'max_bond': 32, 'max_links': 4, 'total_elems': 20296, 'total_shapes': 1112, 'total_links': 222, 'num_tensors': 56}
2026-08-25 07:21:05,543 [INFO]     [2 | left | 0](candidate_pairs: 28/28 | new_swaps: 0 | total: 4) -> {'max_bond': 32, 'max_links': 4, 'total_elems': 20296, 'total_shapes': 1112, 'total_links': 222, 'num_tensors': 56}
2026-08-25 07:21:05,571 [INFO]     [2 | left | 1](candidate_pairs: 27/27 | new_swaps: 0 | total: 4) -> {'max_bond': 32, 'max_links': 4, 'total_elems': 20296, 'total_shapes': 1112, 'total_links': 222, 'num_tensors': 56}
2026-08-25 07:21:05,612 [INFO]     [2 | right | 0](candidate_pairs: 28/28 | new_swaps: 1 | total: 5) -> {'max_bond': 32, 'max_links': 4, 'total_elems': 20104, 'total_shapes': 1104, 'total_links': 222, 'num_tensors': 56}
2026-08-25 07:21:05,639 [INFO]     [2 | right | 1](candidate_pairs: 27/27 | new_swaps: 0 | total: 5) -> {'max_bond': 32, 'max_links': 4, 'total_elems': 20104, 'total_shapes': 1104, 'total_links': 222, 'num_tensors': 56}
2026-08-25 07:21:05,732 [INFO]     [3 | both | 0](candidate_pairs: 28/28 | new_swaps: 2 | total: 2) -> {'max_bond': 32, 'max_links': 4, 'total_elems': 19720, 'total_shapes': 1084, 'total_links': 222, 'num_tensors': 56}
2026-08-25 07:21:05,828 [INFO]     [3 | both | 1](candidate_pairs: 27/27 | new_swaps: 1 | total: 3) -> {'max_bond': 32, 'max_links': 4, 'total_elems': 19672, 'total_shapes': 1080, 'total_links': 222, 'num_tensors': 56}
2026-08-25 07:21:05,853 [INFO]     [3 | left | 0](candidate_pairs: 28/28 | new_swaps: 0 | total: 3) -> {'max_bond': 32, 'max_links': 4, 'total_elems': 19672, 'total_shapes': 1080, 'total_links': 222, 'num_tensors': 56}
2026-08-25 07:21:05,898 [INFO]     [3 | left | 1](candidate_pairs: 27/27 | new_swaps: 1 | total: 4) -> {'max_bond': 32, 'max_links': 4, 'total_elems': 19480, 'total_shapes': 1072, 'total_links': 222, 'num_tensors': 56}
2026-08-25 07:21:05,923 [INFO]     [3 | right | 0](candidate_pairs: 28/28 | new_swaps: 0 | total: 4) -> {'max_bond': 32, 'max_links': 4, 'total_elems': 19480, 'total_shapes': 1072, 'total_links': 222, 'num_tensors': 56}
2026-08-25 07:21:05,950 [INFO]     [3 | right | 1](candidate_pairs: 27/27 | new_swaps: 0 | total: 4) -> {'max_bond': 32, 'max_links': 4, 'total_elems': 19480, 'total_shapes': 1072, 'total_links': 222, 'num_tensors': 56}
2026-08-25 07:21:06,034 [INFO]     [4 | both | 0](candidate_pairs: 28/28 | new_swaps: 1 | total: 1) -> {'max_bond': 32, 'max_links': 4, 'total_elems': 19288, 'total_shapes': 1064, 'total_links': 222, 'num_tensors': 56}
2026-08-25 07:21:06,139 [INFO]     [4 | both | 1](candidate_pairs: 27/27 | new_swaps: 1 | total: 2) -> {'max_bond': 32, 'max_links': 4, 'total_elems': 19096, 'total_shapes': 1056, 'total_links': 222, 'num_tensors': 56}
2026-08-25 07:21:06,164 [INFO]     [4 | left | 0](candidate_pairs: 28/28 | new_swaps: 0 | total: 2) -> {'max_bond': 32, 'max_links': 4, 'total_elems': 19096, 'total_shapes': 1056, 'total_links': 222, 'num_tensors': 56}
2026-08-25 07:21:06,191 [INFO]     [4 | left | 1](candidate_pairs: 27/27 | new_swaps: 0 | total: 2) -> {'max_bond': 32, 'max_links': 4, 'total_elems': 19096, 'total_shapes': 1056, 'total_links': 222, 'num_tensors': 56}
2026-08-25 07:21:06,215 [INFO]     [4 | right | 0](candidate_pairs: 28/28 | new_swaps: 0 | total: 2) -> {'max_bond': 32, 'max_links': 4, 'total_elems': 19096, 'total_shapes': 1056, 'total_links': 222, 'num_tensors': 56}
2026-08-25 07:21:06,241 [INFO]     [4 | right | 1](candidate_pairs: 27/27 | new_swaps: 0 | total: 2) -> {'max_bond': 32, 'max_links': 4, 'total_elems': 19096, 'total_shapes': 1056, 'total_links': 222, 'num_tensors': 56}
2026-08-25 07:21:06,332 [INFO]     [5 | both | 0](candidate_pairs: 28/28 | new_swaps: 1 | total: 1) -> {'max_bond': 32, 'max_links': 4, 'total_elems': 18904, 'total_shapes': 1044, 'total_links': 222, 'num_tensors': 56}
2026-08-25 07:21:06,426 [INFO]     [5 | both | 1](candidate_pairs: 27/27 | new_swaps: 1 | total: 2) -> {'max_bond': 32, 'max_links': 4, 'total_elems': 18856, 'total_shapes': 1040, 'total_links': 222, 'num_tensors': 56}
2026-08-25 07:21:06,451 [INFO]     [5 | left | 0](candidate_pairs: 28/28 | new_swaps: 0 | total: 2) -> {'max_bond': 32, 'max_links': 4, 'total_elems': 18856, 'total_shapes': 1040, 'total_links': 222, 'num_tensors': 56}
2026-08-25 07:21:06,478 [INFO]     [5 | left | 1](candidate_pairs: 27/27 | new_swaps: 0 | total: 2) -> {'max_bond': 32, 'max_links': 4, 'total_elems': 18856, 'total_shapes': 1040, 'total_links': 222, 'num_tensors': 56}
2026-08-25 07:21:06,502 [INFO]     [5 | right | 0](candidate_pairs: 28/28 | new_swaps: 0 | total: 2) -> {'max_bond': 32, 'max_links': 4, 'total_elems': 18856, 'total_shapes': 1040, 'total_links': 222, 'num_tensors': 56}
2026-08-25 07:21:06,528 [INFO]     [5 | right | 1](candidate_pairs: 27/27 | new_swaps: 0 | total: 2) -> {'max_bond': 32, 'max_links': 4, 'total_elems': 18856, 'total_shapes': 1040, 'total_links': 222, 'num_tensors': 56}
2026-08-25 07:21:06,580 [INFO]     [6 | both | 0](candidate_pairs: 28/28 | new_swaps: 0 | total: 0) -> {'max_bond': 32, 'max_links': 4, 'total_elems': 18856, 'total_shapes': 1040, 'total_links': 222, 'num_tensors': 56}
2026-08-25 07:21:06,642 [INFO]     [6 | both | 1](candidate_pairs: 27/27 | new_swaps: 0 | total: 0) -> {'max_bond': 32, 'max_links': 4, 'total_elems': 18856, 'total_shapes': 1040, 'total_links': 222, 'num_tensors': 56}
2026-08-25 07:21:06,666 [INFO]     [6 | left | 0](candidate_pairs: 28/28 | new_swaps: 0 | total: 0) -> {'max_bond': 32, 'max_links': 4, 'total_elems': 18856, 'total_shapes': 1040, 'total_links': 222, 'num_tensors': 56}
2026-08-25 07:21:06,696 [INFO]     [6 | left | 1](candidate_pairs: 27/27 | new_swaps: 0 | total: 0) -> {'max_bond': 32, 'max_links': 4, 'total_elems': 18856, 'total_shapes': 1040, 'total_links': 222, 'num_tensors': 56}
2026-08-25 07:21:06,721 [INFO]     [6 | right | 0](candidate_pairs: 28/28 | new_swaps: 0 | total: 0) -> {'max_bond': 32, 'max_links': 4, 'total_elems': 18856, 'total_shapes': 1040, 'total_links': 222, 'num_tensors': 56}
2026-08-25 07:21:06,748 [INFO]     [6 | right | 1](candidate_pairs: 27/27 | new_swaps: 0 | total: 0) -> {'max_bond': 32, 'max_links': 4, 'total_elems': 18856, 'total_shapes': 1040, 'total_links': 222, 'num_tensors': 56}
2026-08-25 07:21:06,748 [INFO]     [end unswap] -> {'max_bond': 32, 'max_links': 4, 'total_elems': 18856, 'total_shapes': 1040, 'total_links': 222, 'num_tensors': 56}
2026-08-25 07:21:06,777 [INFO] [start rewire](phase=post_unswap, cycle=18, side=left, layers=1475, trials=20, seed=123, parallel=False, route_candidates=1, route_score=none)
2026-08-25 07:21:08,438 [INFO] [end rewire](phase=post_unswap, cycle=18, side=left, routed_layers=1486, elapsed_s=1.66)
2026-08-25 07:21:08,438 [INFO] [start rewire](phase=post_unswap, cycle=18, side=right, layers=1572, trials=20, seed=123, parallel=False, route_candidates=1, route_score=none)
2026-08-25 07:21:09,325 [INFO] [end rewire](phase=post_unswap, cycle=18, side=right, routed_layers=1481, elapsed_s=0.89)
2026-08-25 07:21:09,423 [INFO] [1L/1484](swap: 11, u: 0 | c_u: 0 | t_u_l: 33/942 | t_u_r: 68/943 | t_u: 101/1885) -> {'max_bond': 32, 'max_links': 4, 'total_elems': 18856, 'total_shapes': 1040, 'total_links': 222, 'num_tensors': 56}
2026-08-25 07:21:09,491 [INFO] [1R/1479](swap: 8, u: 0 | c_u: 0 | t_u_l: 33/942 | t_u_r: 68/943 | t_u: 101/1885) -> {'max_bond': 64, 'max_links': 4, 'total_elems': 27544, 'total_shapes': 1244, 'total_links': 222, 'num_tensors': 56}
2026-08-25 07:21:09,568 [INFO] [2L/1484](swap: 11, u: 0 | c_u: 0 | t_u_l: 33/942 | t_u_r: 68/943 | t_u: 101/1885) -> {'max_bond': 64, 'max_links': 4, 'total_elems': 46380, 'total_shapes': 1438, 'total_links': 222, 'num_tensors': 56}
2026-08-25 07:21:09,642 [INFO] [2R/1479](swap: 10, u: 0 | c_u: 0 | t_u_l: 33/942 | t_u_r: 68/943 | t_u: 101/1885) -> {'max_bond': 64, 'max_links': 4, 'total_elems': 52252, 'total_shapes': 1562, 'total_links': 222, 'num_tensors': 56}
2026-08-25 07:21:09,721 [INFO] [3L/1484](swap: 10, u: 0 | c_u: 0 | t_u_l: 33/942 | t_u_r: 68/943 | t_u: 101/1885) -> {'max_bond': 64, 'max_links': 4, 'total_elems': 73752, 'total_shapes': 1762, 'total_links': 222, 'num_tensors': 56}
2026-08-25 07:21:09,858 [INFO] [3R/1479](swap: 8, u: 0 | c_u: 0 | t_u_l: 33/942 | t_u_r: 68/943 | t_u: 101/1885) -> {'max_bond': 64, 'max_links': 4, 'total_elems': 96664, 'total_shapes': 1958, 'total_links': 222, 'num_tensors': 56}
2026-08-25 07:21:09,995 [INFO] [4R/1479](swap: 8, u: 0 | c_u: 0 | t_u_l: 33/942 | t_u_r: 68/943 | t_u: 101/1885) -> {'max_bond': 64, 'max_links': 4, 'total_elems': 113560, 'total_shapes': 2206, 'total_links': 222, 'num_tensors': 56}
2026-08-25 07:21:10,157 [INFO] [5R/1479](swap: 7, u: 1 | c_u: 1 | t_u_l: 33/942 | t_u_r: 69/943 | t_u: 102/1885) -> {'max_bond': 64, 'max_links': 4, 'total_elems': 148248, 'total_shapes': 2558, 'total_links': 222, 'num_tensors': 56}
2026-08-25 07:21:10,375 [INFO] [6R/1479](swap: 6, u: 1 | c_u: 2 | t_u_l: 33/942 | t_u_r: 70/943 | t_u: 103/1885) -> {'max_bond': 128, 'max_links': 4, 'total_elems': 267320, 'total_shapes': 3270, 'total_links': 222, 'num_tensors': 56}
2026-08-25 07:21:10,881 [INFO]     [start unswap] -> {'max_bond': 128, 'max_links': 4, 'total_elems': 267320, 'total_shapes': 3270, 'total_links': 222, 'num_tensors': 56}
2026-08-25 07:21:13,991 [INFO]     [0 | both | 0](candidate_pairs: 28/28 | new_swaps: 1 | total: 1) -> {'max_bond': 256, 'max_links': 4, 'total_elems': 456960, 'total_shapes': 4092, 'total_links': 222, 'num_tensors': 56}
2026-08-25 07:21:15,772 [INFO]     [0 | both | 1](candidate_pairs: 27/27 | new_swaps: 7 | total: 8) -> {'max_bond': 256, 'max_links': 4, 'total_elems': 263200, 'total_shapes': 3068, 'total_links': 222, 'num_tensors': 56}
2026-08-25 07:21:16,218 [INFO]     [0 | left | 0](candidate_pairs: 28/28 | new_swaps: 5 | total: 13) -> {'max_bond': 64, 'max_links': 4, 'total_elems': 154592, 'total_shapes': 2548, 'total_links': 222, 'num_tensors': 56}
2026-08-25 07:21:16,521 [INFO]     [0 | left | 1](candidate_pairs: 27/27 | new_swaps: 11 | total: 24) -> {'max_bond': 64, 'max_links': 4, 'total_elems': 105208, 'total_shapes': 2196, 'total_links': 222, 'num_tensors': 56}
2026-08-25 07:21:16,683 [INFO]     [0 | right | 0](candidate_pairs: 28/28 | new_swaps: 10 | total: 34) -> {'max_bond': 64, 'max_links': 4, 'total_elems': 73696, 'total_shapes': 1832, 'total_links': 222, 'num_tensors': 56}
2026-08-25 07:21:16,806 [INFO]     [0 | right | 1](candidate_pairs: 27/27 | new_swaps: 5 | total: 39) -> {'max_bond': 64, 'max_links': 4, 'total_elems': 63200, 'total_shapes': 1672, 'total_links': 222, 'num_tensors': 56}
2026-08-25 07:21:17,053 [INFO]     [1 | both | 0](candidate_pairs: 28/28 | new_swaps: 10 | total: 10) -> {'max_bond': 64, 'max_links': 4, 'total_elems': 43404, 'total_shapes': 1418, 'total_links': 222, 'num_tensors': 56}
2026-08-25 07:21:17,203 [INFO]     [1 | both | 1](candidate_pairs: 27/27 | new_swaps: 3 | total: 13) -> {'max_bond': 64, 'max_links': 4, 'total_elems': 40364, 'total_shapes': 1346, 'total_links': 222, 'num_tensors': 56}
2026-08-25 07:21:17,295 [INFO]     [1 | left | 0](candidate_pairs: 28/28 | new_swaps: 4 | total: 17) -> {'max_bond': 64, 'max_links': 4, 'total_elems': 37104, 'total_shapes': 1284, 'total_links': 222, 'num_tensors': 56}
2026-08-25 07:21:17,357 [INFO]     [1 | left | 1](candidate_pairs: 27/27 | new_swaps: 1 | total: 18) -> {'max_bond': 64, 'max_links': 4, 'total_elems': 36720, 'total_shapes': 1272, 'total_links': 222, 'num_tensors': 56}
2026-08-25 07:21:17,440 [INFO]     [1 | right | 0](candidate_pairs: 28/28 | new_swaps: 2 | total: 20) -> {'max_bond': 64, 'max_links': 4, 'total_elems': 36384, 'total_shapes': 1252, 'total_links': 222, 'num_tensors': 56}
2026-08-25 07:21:17,508 [INFO]     [1 | right | 1](candidate_pairs: 27/27 | new_swaps: 2 | total: 22) -> {'max_bond': 64, 'max_links': 4, 'total_elems': 35424, 'total_shapes': 1224, 'total_links': 222, 'num_tensors': 56}
2026-08-25 07:21:17,676 [INFO]     [2 | both | 0](candidate_pairs: 28/28 | new_swaps: 3 | total: 3) -> {'max_bond': 64, 'max_links': 4, 'total_elems': 34640, 'total_shapes': 1188, 'total_links': 222, 'num_tensors': 56}
2026-08-25 07:21:17,806 [INFO]     [2 | both | 1](candidate_pairs: 27/27 | new_swaps: 2 | total: 5) -> {'max_bond': 64, 'max_links': 4, 'total_elems': 34408, 'total_shapes': 1172, 'total_links': 222, 'num_tensors': 56}
2026-08-25 07:21:17,858 [INFO]     [2 | left | 0](candidate_pairs: 28/28 | new_swaps: 0 | total: 5) -> {'max_bond': 64, 'max_links': 4, 'total_elems': 34408, 'total_shapes': 1172, 'total_links': 222, 'num_tensors': 56}
2026-08-25 07:21:17,898 [INFO]     [2 | left | 1](candidate_pairs: 27/27 | new_swaps: 0 | total: 5) -> {'max_bond': 64, 'max_links': 4, 'total_elems': 34408, 'total_shapes': 1172, 'total_links': 222, 'num_tensors': 56}
2026-08-25 07:21:17,953 [INFO]     [2 | right | 0](candidate_pairs: 28/28 | new_swaps: 0 | total: 5) -> {'max_bond': 64, 'max_links': 4, 'total_elems': 34408, 'total_shapes': 1172, 'total_links': 222, 'num_tensors': 56}
2026-08-25 07:21:17,991 [INFO]     [2 | right | 1](candidate_pairs: 27/27 | new_swaps: 0 | total: 5) -> {'max_bond': 64, 'max_links': 4, 'total_elems': 34408, 'total_shapes': 1172, 'total_links': 222, 'num_tensors': 56}
2026-08-25 07:21:18,110 [INFO]     [3 | both | 0](candidate_pairs: 28/28 | new_swaps: 0 | total: 0) -> {'max_bond': 64, 'max_links': 4, 'total_elems': 34408, 'total_shapes': 1172, 'total_links': 222, 'num_tensors': 56}
2026-08-25 07:21:18,189 [INFO]     [3 | both | 1](candidate_pairs: 27/27 | new_swaps: 0 | total: 0) -> {'max_bond': 64, 'max_links': 4, 'total_elems': 34408, 'total_shapes': 1172, 'total_links': 222, 'num_tensors': 56}
2026-08-25 07:21:18,241 [INFO]     [3 | left | 0](candidate_pairs: 28/28 | new_swaps: 0 | total: 0) -> {'max_bond': 64, 'max_links': 4, 'total_elems': 34408, 'total_shapes': 1172, 'total_links': 222, 'num_tensors': 56}
2026-08-25 07:21:18,280 [INFO]     [3 | left | 1](candidate_pairs: 27/27 | new_swaps: 0 | total: 0) -> {'max_bond': 64, 'max_links': 4, 'total_elems': 34408, 'total_shapes': 1172, 'total_links': 222, 'num_tensors': 56}
2026-08-25 07:21:18,334 [INFO]     [3 | right | 0](candidate_pairs: 28/28 | new_swaps: 0 | total: 0) -> {'max_bond': 64, 'max_links': 4, 'total_elems': 34408, 'total_shapes': 1172, 'total_links': 222, 'num_tensors': 56}
2026-08-25 07:21:18,374 [INFO]     [3 | right | 1](candidate_pairs: 27/27 | new_swaps: 0 | total: 0) -> {'max_bond': 64, 'max_links': 4, 'total_elems': 34408, 'total_shapes': 1172, 'total_links': 222, 'num_tensors': 56}
2026-08-25 07:21:18,375 [INFO]     [end unswap] -> {'max_bond': 64, 'max_links': 4, 'total_elems': 34408, 'total_shapes': 1172, 'total_links': 222, 'num_tensors': 56}
2026-08-25 07:21:18,377 [INFO] [start rewire](phase=post_unswap, cycle=19, side=left, layers=1483, trials=20, seed=123, parallel=False, route_candidates=1, route_score=none)
2026-08-25 07:21:19,781 [INFO] [end rewire](phase=post_unswap, cycle=19, side=left, routed_layers=1489, elapsed_s=1.40)
2026-08-25 07:21:19,781 [INFO] [start rewire](phase=post_unswap, cycle=19, side=right, layers=1475, trials=20, seed=123, parallel=False, route_candidates=1, route_score=none)
2026-08-25 07:21:21,000 [INFO] [end rewire](phase=post_unswap, cycle=19, side=right, routed_layers=1580, elapsed_s=1.22)
2026-08-25 07:21:21,098 [INFO] [1L/1487](swap: 12, u: 0 | c_u: 0 | t_u_l: 33/942 | t_u_r: 70/943 | t_u: 103/1885) -> {'max_bond': 64, 'max_links': 4, 'total_elems': 34408, 'total_shapes': 1172, 'total_links': 222, 'num_tensors': 56}
2026-08-25 07:21:21,175 [INFO] [1R/1578](swap: 5, u: 0 | c_u: 0 | t_u_l: 33/942 | t_u_r: 70/943 | t_u: 103/1885) -> {'max_bond': 64, 'max_links': 4, 'total_elems': 35848, 'total_shapes': 1244, 'total_links': 222, 'num_tensors': 56}
2026-08-25 07:21:21,251 [INFO] [2R/1578](swap: 6, u: 0 | c_u: 0 | t_u_l: 33/942 | t_u_r: 70/943 | t_u: 103/1885) -> {'max_bond': 64, 'max_links': 4, 'total_elems': 38408, 'total_shapes': 1324, 'total_links': 222, 'num_tensors': 56}
2026-08-25 07:21:21,330 [INFO] [3R/1578](swap: 7, u: 0 | c_u: 0 | t_u_l: 33/942 | t_u_r: 70/943 | t_u: 103/1885) -> {'max_bond': 64, 'max_links': 4, 'total_elems': 44360, 'total_shapes': 1468, 'total_links': 222, 'num_tensors': 56}
2026-08-25 07:21:21,407 [INFO] [4R/1578](swap: 7, u: 0 | c_u: 0 | t_u_l: 33/942 | t_u_r: 70/943 | t_u: 103/1885) -> {'max_bond': 64, 'max_links': 4, 'total_elems': 61256, 'total_shapes': 1748, 'total_links': 222, 'num_tensors': 56}
2026-08-25 07:21:21,507 [INFO] [2L/1487](swap: 14, u: 0 | c_u: 0 | t_u_l: 33/942 | t_u_r: 70/943 | t_u: 103/1885) -> {'max_bond': 64, 'max_links': 4, 'total_elems': 87860, 'total_shapes': 2022, 'total_links': 222, 'num_tensors': 56}
2026-08-25 07:21:21,625 [INFO] [3L/1487](swap: 13, u: 0 | c_u: 0 | t_u_l: 33/942 | t_u_r: 70/943 | t_u: 103/1885) -> {'max_bond': 64, 'max_links': 4, 'total_elems': 126704, 'total_shapes': 2352, 'total_links': 222, 'num_tensors': 56}
2026-08-25 07:21:21,780 [INFO] [5R/1578](swap: 6, u: 0 | c_u: 0 | t_u_l: 33/942 | t_u_r: 70/943 | t_u: 103/1885) -> {'max_bond': 128, 'max_links': 4, 'total_elems': 176496, 'total_shapes': 2752, 'total_links': 222, 'num_tensors': 56}
2026-08-25 07:21:22,020 [INFO] [4L/1487](swap: 13, u: 0 | c_u: 0 | t_u_l: 33/942 | t_u_r: 70/943 | t_u: 103/1885) -> {'max_bond': 128, 'max_links': 4, 'total_elems': 276088, 'total_shapes': 3422, 'total_links': 222, 'num_tensors': 56}
2026-08-25 07:21:22,591 [INFO] [5L/1487](swap: 10, u: 1 | c_u: 1 | t_u_l: 34/942 | t_u_r: 70/943 | t_u: 104/1885) -> {'max_bond': 128, 'max_links': 4, 'total_elems': 522936, 'total_shapes': 4314, 'total_links': 222, 'num_tensors': 56}
2026-08-25 07:21:23,645 [INFO]     [start unswap] -> {'max_bond': 128, 'max_links': 4, 'total_elems': 522936, 'total_shapes': 4314, 'total_links': 222, 'num_tensors': 56}
2026-08-25 07:21:27,798 [INFO]     [0 | both | 0](candidate_pairs: 28/28 | new_swaps: 4 | total: 4) -> {'max_bond': 128, 'max_links': 4, 'total_elems': 458776, 'total_shapes': 4336, 'total_links': 222, 'num_tensors': 56}
2026-08-25 07:21:30,153 [INFO]     [0 | both | 1](candidate_pairs: 27/27 | new_swaps: 12 | total: 16) -> {'max_bond': 128, 'max_links': 4, 'total_elems': 319896, 'total_shapes': 3408, 'total_links': 222, 'num_tensors': 56}
2026-08-25 07:21:30,719 [INFO]     [0 | left | 0](candidate_pairs: 28/28 | new_swaps: 14 | total: 30) -> {'max_bond': 128, 'max_links': 4, 'total_elems': 225208, 'total_shapes': 2700, 'total_links': 222, 'num_tensors': 56}
2026-08-25 07:21:31,222 [INFO]     [0 | left | 1](candidate_pairs: 27/27 | new_swaps: 10 | total: 40) -> {'max_bond': 128, 'max_links': 4, 'total_elems': 168184, 'total_shapes': 2426, 'total_links': 222, 'num_tensors': 56}
2026-08-25 07:21:31,471 [INFO]     [0 | right | 0](candidate_pairs: 28/28 | new_swaps: 5 | total: 45) -> {'max_bond': 128, 'max_links': 4, 'total_elems': 155488, 'total_shapes': 2278, 'total_links': 222, 'num_tensors': 56}
2026-08-25 07:21:31,805 [INFO]     [0 | right | 1](candidate_pairs: 27/27 | new_swaps: 6 | total: 51) -> {'max_bond': 128, 'max_links': 4, 'total_elems': 145400, 'total_shapes': 2152, 'total_links': 222, 'num_tensors': 56}
2026-08-25 07:21:32,316 [INFO]     [1 | both | 0](candidate_pairs: 28/28 | new_swaps: 5 | total: 5) -> {'max_bond': 64, 'max_links': 4, 'total_elems': 107756, 'total_shapes': 1942, 'total_links': 222, 'num_tensors': 56}
2026-08-25 07:21:32,718 [INFO]     [1 | both | 1](candidate_pairs: 27/27 | new_swaps: 7 | total: 12) -> {'max_bond': 64, 'max_links': 4, 'total_elems': 85356, 'total_shapes': 1750, 'total_links': 222, 'num_tensors': 56}
2026-08-25 07:21:32,847 [INFO]     [1 | left | 0](candidate_pairs: 28/28 | new_swaps: 5 | total: 17) -> {'max_bond': 64, 'max_links': 4, 'total_elems': 73904, 'total_shapes': 1600, 'total_links': 222, 'num_tensors': 56}
2026-08-25 07:21:32,997 [INFO]     [1 | left | 1](candidate_pairs: 27/27 | new_swaps: 2 | total: 19) -> {'max_bond': 64, 'max_links': 4, 'total_elems': 70448, 'total_shapes': 1552, 'total_links': 222, 'num_tensors': 56}
2026-08-25 07:21:33,109 [INFO]     [1 | right | 0](candidate_pairs: 28/28 | new_swaps: 3 | total: 22) -> {'max_bond': 64, 'max_links': 4, 'total_elems': 66032, 'total_shapes': 1472, 'total_links': 222, 'num_tensors': 56}
2026-08-25 07:21:33,254 [INFO]     [1 | right | 1](candidate_pairs: 27/27 | new_swaps: 4 | total: 26) -> {'max_bond': 64, 'max_links': 4, 'total_elems': 59312, 'total_shapes': 1400, 'total_links': 222, 'num_tensors': 56}
2026-08-25 07:21:33,486 [INFO]     [2 | both | 0](candidate_pairs: 28/28 | new_swaps: 4 | total: 4) -> {'max_bond': 64, 'max_links': 4, 'total_elems': 48256, 'total_shapes': 1300, 'total_links': 222, 'num_tensors': 56}
2026-08-25 07:21:33,664 [INFO]     [2 | both | 1](candidate_pairs: 27/27 | new_swaps: 2 | total: 6) -> {'max_bond': 64, 'max_links': 4, 'total_elems': 48088, 'total_shapes': 1288, 'total_links': 222, 'num_tensors': 56}
2026-08-25 07:21:33,753 [INFO]     [2 | left | 0](candidate_pairs: 28/28 | new_swaps: 2 | total: 8) -> {'max_bond': 64, 'max_links': 4, 'total_elems': 47480, 'total_shapes': 1266, 'total_links': 222, 'num_tensors': 56}
2026-08-25 07:21:33,837 [INFO]     [2 | left | 1](candidate_pairs: 27/27 | new_swaps: 1 | total: 9) -> {'max_bond': 64, 'max_links': 4, 'total_elems': 47224, 'total_shapes': 1258, 'total_links': 222, 'num_tensors': 56}
2026-08-25 07:21:33,890 [INFO]     [2 | right | 0](candidate_pairs: 28/28 | new_swaps: 0 | total: 9) -> {'max_bond': 64, 'max_links': 4, 'total_elems': 47224, 'total_shapes': 1258, 'total_links': 222, 'num_tensors': 56}
2026-08-25 07:21:33,952 [INFO]     [2 | right | 1](candidate_pairs: 27/27 | new_swaps: 0 | total: 9) -> {'max_bond': 64, 'max_links': 4, 'total_elems': 47224, 'total_shapes': 1258, 'total_links': 222, 'num_tensors': 56}
2026-08-25 07:21:34,128 [INFO]     [3 | both | 0](candidate_pairs: 28/28 | new_swaps: 1 | total: 1) -> {'max_bond': 64, 'max_links': 4, 'total_elems': 47032, 'total_shapes': 1250, 'total_links': 222, 'num_tensors': 56}
2026-08-25 07:21:34,250 [INFO]     [3 | both | 1](candidate_pairs: 27/27 | new_swaps: 0 | total: 1) -> {'max_bond': 64, 'max_links': 4, 'total_elems': 47032, 'total_shapes': 1250, 'total_links': 222, 'num_tensors': 56}
2026-08-25 07:21:34,310 [INFO]     [3 | left | 0](candidate_pairs: 28/28 | new_swaps: 0 | total: 1) -> {'max_bond': 64, 'max_links': 4, 'total_elems': 47032, 'total_shapes': 1250, 'total_links': 222, 'num_tensors': 56}
2026-08-25 07:21:34,370 [INFO]     [3 | left | 1](candidate_pairs: 27/27 | new_swaps: 0 | total: 1) -> {'max_bond': 64, 'max_links': 4, 'total_elems': 47032, 'total_shapes': 1250, 'total_links': 222, 'num_tensors': 56}
2026-08-25 07:21:34,425 [INFO]     [3 | right | 0](candidate_pairs: 28/28 | new_swaps: 0 | total: 1) -> {'max_bond': 64, 'max_links': 4, 'total_elems': 47032, 'total_shapes': 1250, 'total_links': 222, 'num_tensors': 56}
2026-08-25 07:21:34,487 [INFO]     [3 | right | 1](candidate_pairs: 27/27 | new_swaps: 0 | total: 1) -> {'max_bond': 64, 'max_links': 4, 'total_elems': 47032, 'total_shapes': 1250, 'total_links': 222, 'num_tensors': 56}
2026-08-25 07:21:34,617 [INFO]     [4 | both | 0](candidate_pairs: 28/28 | new_swaps: 0 | total: 0) -> {'max_bond': 64, 'max_links': 4, 'total_elems': 47032, 'total_shapes': 1250, 'total_links': 222, 'num_tensors': 56}
2026-08-25 07:21:34,740 [INFO]     [4 | both | 1](candidate_pairs: 27/27 | new_swaps: 0 | total: 0) -> {'max_bond': 64, 'max_links': 4, 'total_elems': 47032, 'total_shapes': 1250, 'total_links': 222, 'num_tensors': 56}
2026-08-25 07:21:34,797 [INFO]     [4 | left | 0](candidate_pairs: 28/28 | new_swaps: 0 | total: 0) -> {'max_bond': 64, 'max_links': 4, 'total_elems': 47032, 'total_shapes': 1250, 'total_links': 222, 'num_tensors': 56}
2026-08-25 07:21:34,854 [INFO]     [4 | left | 1](candidate_pairs: 27/27 | new_swaps: 0 | total: 0) -> {'max_bond': 64, 'max_links': 4, 'total_elems': 47032, 'total_shapes': 1250, 'total_links': 222, 'num_tensors': 56}
2026-08-25 07:21:34,906 [INFO]     [4 | right | 0](candidate_pairs: 28/28 | new_swaps: 0 | total: 0) -> {'max_bond': 64, 'max_links': 4, 'total_elems': 47032, 'total_shapes': 1250, 'total_links': 222, 'num_tensors': 56}
2026-08-25 07:21:34,970 [INFO]     [4 | right | 1](candidate_pairs: 27/27 | new_swaps: 0 | total: 0) -> {'max_bond': 64, 'max_links': 4, 'total_elems': 47032, 'total_shapes': 1250, 'total_links': 222, 'num_tensors': 56}
2026-08-25 07:21:34,970 [INFO]     [end unswap] -> {'max_bond': 64, 'max_links': 4, 'total_elems': 47032, 'total_shapes': 1250, 'total_links': 222, 'num_tensors': 56}
2026-08-25 07:21:34,971 [INFO] [start rewire](phase=post_unswap, cycle=20, side=left, layers=1484, trials=20, seed=123, parallel=False, route_candidates=1, route_score=none)
2026-08-25 07:21:36,389 [INFO] [end rewire](phase=post_unswap, cycle=20, side=left, routed_layers=1466, elapsed_s=1.42)
2026-08-25 07:21:36,390 [INFO] [start rewire](phase=post_unswap, cycle=20, side=right, layers=1575, trials=20, seed=123, parallel=False, route_candidates=1, route_score=none)
2026-08-25 07:21:37,684 [INFO] [end rewire](phase=post_unswap, cycle=20, side=right, routed_layers=1604, elapsed_s=1.29)
2026-08-25 07:21:37,817 [INFO] [1L/1464](swap: 11, u: 1 | c_u: 1 | t_u_l: 35/942 | t_u_r: 70/943 | t_u: 105/1885) -> {'max_bond': 64, 'max_links': 4, 'total_elems': 46968, 'total_shapes': 1246, 'total_links': 222, 'num_tensors': 56}
2026-08-25 07:21:37,890 [INFO] [1R/1602](swap: 9, u: 0 | c_u: 1 | t_u_l: 35/942 | t_u_r: 70/943 | t_u: 105/1885) -> {'max_bond': 64, 'max_links': 4, 'total_elems': 49704, 'total_shapes': 1368, 'total_links': 222, 'num_tensors': 56}
2026-08-25 07:21:37,959 [INFO] [2R/1602](swap: 7, u: 0 | c_u: 1 | t_u_l: 35/942 | t_u_r: 70/943 | t_u: 105/1885) -> {'max_bond': 64, 'max_links': 4, 'total_elems': 53768, 'total_shapes': 1476, 'total_links': 222, 'num_tensors': 56}
2026-08-25 07:21:38,033 [INFO] [2L/1464](swap: 11, u: 0 | c_u: 1 | t_u_l: 35/942 | t_u_r: 70/943 | t_u: 105/1885) -> {'max_bond': 64, 'max_links': 4, 'total_elems': 64372, 'total_shapes': 1706, 'total_links': 222, 'num_tensors': 56}
2026-08-25 07:21:38,121 [INFO] [3R/1602](swap: 6, u: 0 | c_u: 1 | t_u_l: 35/942 | t_u_r: 70/943 | t_u: 105/1885) -> {'max_bond': 64, 'max_links': 4, 'total_elems': 85556, 'total_shapes': 2010, 'total_links': 222, 'num_tensors': 56}
2026-08-25 07:21:38,238 [INFO] [4R/1602](swap: 5, u: 0 | c_u: 1 | t_u_l: 35/942 | t_u_r: 70/943 | t_u: 105/1885) -> {'max_bond': 64, 'max_links': 4, 'total_elems': 128308, 'total_shapes': 2306, 'total_links': 222, 'num_tensors': 56}
2026-08-25 07:21:38,445 [INFO] [3L/1464](swap: 10, u: 0 | c_u: 1 | t_u_l: 35/942 | t_u_r: 70/943 | t_u: 105/1885) -> {'max_bond': 128, 'max_links': 4, 'total_elems': 198960, 'total_shapes': 2812, 'total_links': 222, 'num_tensors': 56}
2026-08-25 07:21:38,765 [INFO] [4L/1464](swap: 8, u: 0 | c_u: 1 | t_u_l: 35/942 | t_u_r: 70/943 | t_u: 105/1885) -> {'max_bond': 128, 'max_links': 4, 'total_elems': 330552, 'total_shapes': 3538, 'total_links': 222, 'num_tensors': 56}
2026-08-25 07:21:39,375 [INFO]     [start unswap] -> {'max_bond': 128, 'max_links': 4, 'total_elems': 330552, 'total_shapes': 3538, 'total_links': 222, 'num_tensors': 56}
2026-08-25 07:21:42,525 [INFO]     [0 | both | 0](candidate_pairs: 28/28 | new_swaps: 3 | total: 3) -> {'max_bond': 254, 'max_links': 4, 'total_elems': 481752, 'total_shapes': 3914, 'total_links': 222, 'num_tensors': 56}
2026-08-25 07:21:45,491 [INFO]     [0 | both | 1](candidate_pairs: 27/27 | new_swaps: 6 | total: 9) -> {'max_bond': 252, 'max_links': 4, 'total_elems': 350424, 'total_shapes': 3286, 'total_links': 222, 'num_tensors': 56}
2026-08-25 07:21:46,330 [INFO]     [0 | left | 0](candidate_pairs: 28/28 | new_swaps: 9 | total: 18) -> {'max_bond': 128, 'max_links': 4, 'total_elems': 180344, 'total_shapes': 2474, 'total_links': 222, 'num_tensors': 56}
2026-08-25 07:21:46,705 [INFO]     [0 | left | 1](candidate_pairs: 27/27 | new_swaps: 13 | total: 31) -> {'max_bond': 64, 'max_links': 4, 'total_elems': 96272, 'total_shapes': 1956, 'total_links': 222, 'num_tensors': 56}
2026-08-25 07:21:46,847 [INFO]     [0 | right | 0](candidate_pairs: 28/28 | new_swaps: 6 | total: 37) -> {'max_bond': 64, 'max_links': 4, 'total_elems': 85480, 'total_shapes': 1796, 'total_links': 222, 'num_tensors': 56}
2026-08-25 07:21:47,012 [INFO]     [0 | right | 1](candidate_pairs: 27/27 | new_swaps: 6 | total: 43) -> {'max_bond': 64, 'max_links': 4, 'total_elems': 79688, 'total_shapes': 1692, 'total_links': 222, 'num_tensors': 56}
2026-08-25 07:21:47,350 [INFO]     [1 | both | 0](candidate_pairs: 28/28 | new_swaps: 8 | total: 8) -> {'max_bond': 64, 'max_links': 4, 'total_elems': 51036, 'total_shapes': 1464, 'total_links': 222, 'num_tensors': 56}
2026-08-25 07:21:47,526 [INFO]     [1 | both | 1](candidate_pairs: 27/27 | new_swaps: 3 | total: 11) -> {'max_bond': 32, 'max_links': 4, 'total_elems': 34908, 'total_shapes': 1312, 'total_links': 222, 'num_tensors': 56}
2026-08-25 07:21:47,585 [INFO]     [1 | left | 0](candidate_pairs: 28/28 | new_swaps: 2 | total: 13) -> {'max_bond': 32, 'max_links': 4, 'total_elems': 34080, 'total_shapes': 1286, 'total_links': 222, 'num_tensors': 56}
2026-08-25 07:21:47,666 [INFO]     [1 | left | 1](candidate_pairs: 27/27 | new_swaps: 4 | total: 17) -> {'max_bond': 32, 'max_links': 4, 'total_elems': 26976, 'total_shapes': 1206, 'total_links': 222, 'num_tensors': 56}
2026-08-25 07:21:47,727 [INFO]     [1 | right | 0](candidate_pairs: 28/28 | new_swaps: 6 | total: 23) -> {'max_bond': 32, 'max_links': 4, 'total_elems': 23920, 'total_shapes': 1124, 'total_links': 222, 'num_tensors': 56}
2026-08-25 07:21:47,785 [INFO]     [1 | right | 1](candidate_pairs: 27/27 | new_swaps: 2 | total: 25) -> {'max_bond': 32, 'max_links': 4, 'total_elems': 22656, 'total_shapes': 1096, 'total_links': 222, 'num_tensors': 56}
2026-08-25 07:21:47,887 [INFO]     [2 | both | 0](candidate_pairs: 28/28 | new_swaps: 2 | total: 2) -> {'max_bond': 32, 'max_links': 4, 'total_elems': 19248, 'total_shapes': 1030, 'total_links': 222, 'num_tensors': 56}
2026-08-25 07:21:47,986 [INFO]     [2 | both | 1](candidate_pairs: 27/27 | new_swaps: 2 | total: 4) -> {'max_bond': 32, 'max_links': 4, 'total_elems': 19128, 'total_shapes': 1022, 'total_links': 222, 'num_tensors': 56}
2026-08-25 07:21:48,030 [INFO]     [2 | left | 0](candidate_pairs: 28/28 | new_swaps: 1 | total: 5) -> {'max_bond': 32, 'max_links': 4, 'total_elems': 19032, 'total_shapes': 1014, 'total_links': 222, 'num_tensors': 56}
2026-08-25 07:21:48,073 [INFO]     [2 | left | 1](candidate_pairs: 27/27 | new_swaps: 1 | total: 6) -> {'max_bond': 32, 'max_links': 4, 'total_elems': 18984, 'total_shapes': 1010, 'total_links': 222, 'num_tensors': 56}
2026-08-25 07:21:48,115 [INFO]     [2 | right | 0](candidate_pairs: 28/28 | new_swaps: 1 | total: 7) -> {'max_bond': 32, 'max_links': 4, 'total_elems': 18936, 'total_shapes': 1004, 'total_links': 222, 'num_tensors': 56}
2026-08-25 07:21:48,141 [INFO]     [2 | right | 1](candidate_pairs: 27/27 | new_swaps: 0 | total: 7) -> {'max_bond': 32, 'max_links': 4, 'total_elems': 18936, 'total_shapes': 1004, 'total_links': 222, 'num_tensors': 56}
2026-08-25 07:21:48,198 [INFO]     [3 | both | 0](candidate_pairs: 28/28 | new_swaps: 0 | total: 0) -> {'max_bond': 32, 'max_links': 4, 'total_elems': 18936, 'total_shapes': 1004, 'total_links': 222, 'num_tensors': 56}
2026-08-25 07:21:48,286 [INFO]     [3 | both | 1](candidate_pairs: 27/27 | new_swaps: 1 | total: 1) -> {'max_bond': 32, 'max_links': 4, 'total_elems': 18924, 'total_shapes': 1002, 'total_links': 222, 'num_tensors': 56}
2026-08-25 07:21:48,313 [INFO]     [3 | left | 0](candidate_pairs: 28/28 | new_swaps: 0 | total: 1) -> {'max_bond': 32, 'max_links': 4, 'total_elems': 18924, 'total_shapes': 1002, 'total_links': 222, 'num_tensors': 56}
2026-08-25 07:21:48,339 [INFO]     [3 | left | 1](candidate_pairs: 27/27 | new_swaps: 0 | total: 1) -> {'max_bond': 32, 'max_links': 4, 'total_elems': 18924, 'total_shapes': 1002, 'total_links': 222, 'num_tensors': 56}
2026-08-25 07:21:48,366 [INFO]     [3 | right | 0](candidate_pairs: 28/28 | new_swaps: 0 | total: 1) -> {'max_bond': 32, 'max_links': 4, 'total_elems': 18924, 'total_shapes': 1002, 'total_links': 222, 'num_tensors': 56}
2026-08-25 07:21:48,392 [INFO]     [3 | right | 1](candidate_pairs: 27/27 | new_swaps: 0 | total: 1) -> {'max_bond': 32, 'max_links': 4, 'total_elems': 18924, 'total_shapes': 1002, 'total_links': 222, 'num_tensors': 56}
2026-08-25 07:21:48,448 [INFO]     [4 | both | 0](candidate_pairs: 28/28 | new_swaps: 0 | total: 0) -> {'max_bond': 32, 'max_links': 4, 'total_elems': 18924, 'total_shapes': 1002, 'total_links': 222, 'num_tensors': 56}
2026-08-25 07:21:48,505 [INFO]     [4 | both | 1](candidate_pairs: 27/27 | new_swaps: 0 | total: 0) -> {'max_bond': 32, 'max_links': 4, 'total_elems': 18924, 'total_shapes': 1002, 'total_links': 222, 'num_tensors': 56}
2026-08-25 07:21:48,532 [INFO]     [4 | left | 0](candidate_pairs: 28/28 | new_swaps: 0 | total: 0) -> {'max_bond': 32, 'max_links': 4, 'total_elems': 18924, 'total_shapes': 1002, 'total_links': 222, 'num_tensors': 56}
2026-08-25 07:21:48,558 [INFO]     [4 | left | 1](candidate_pairs: 27/27 | new_swaps: 0 | total: 0) -> {'max_bond': 32, 'max_links': 4, 'total_elems': 18924, 'total_shapes': 1002, 'total_links': 222, 'num_tensors': 56}
2026-08-25 07:21:48,583 [INFO]     [4 | right | 0](candidate_pairs: 28/28 | new_swaps: 0 | total: 0) -> {'max_bond': 32, 'max_links': 4, 'total_elems': 18924, 'total_shapes': 1002, 'total_links': 222, 'num_tensors': 56}
2026-08-25 07:21:48,609 [INFO]     [4 | right | 1](candidate_pairs: 27/27 | new_swaps: 0 | total: 0) -> {'max_bond': 32, 'max_links': 4, 'total_elems': 18924, 'total_shapes': 1002, 'total_links': 222, 'num_tensors': 56}
2026-08-25 07:21:48,609 [INFO]     [end unswap] -> {'max_bond': 32, 'max_links': 4, 'total_elems': 18924, 'total_shapes': 1002, 'total_links': 222, 'num_tensors': 56}
2026-08-25 07:21:48,610 [INFO] [start rewire](phase=post_unswap, cycle=21, side=left, layers=1462, trials=20, seed=123, parallel=False, route_candidates=1, route_score=none)
2026-08-25 07:21:49,773 [INFO] [end rewire](phase=post_unswap, cycle=21, side=left, routed_layers=1421, elapsed_s=1.16)
2026-08-25 07:21:49,773 [INFO] [start rewire](phase=post_unswap, cycle=21, side=right, layers=1600, trials=20, seed=123, parallel=False, route_candidates=1, route_score=none)
2026-08-25 07:21:51,062 [INFO] [end rewire](phase=post_unswap, cycle=21, side=right, routed_layers=1624, elapsed_s=1.29)
2026-08-25 07:21:51,159 [INFO] [1L/1419](swap: 8, u: 1 | c_u: 1 | t_u_l: 36/942 | t_u_r: 70/943 | t_u: 106/1885) -> {'max_bond': 32, 'max_links': 4, 'total_elems': 18924, 'total_shapes': 1002, 'total_links': 222, 'num_tensors': 56}
2026-08-25 07:21:51,217 [INFO] [1R/1622](swap: 6, u: 0 | c_u: 1 | t_u_l: 36/942 | t_u_r: 70/943 | t_u: 106/1885) -> {'max_bond': 32, 'max_links': 4, 'total_elems': 20076, 'total_shapes': 1056, 'total_links': 222, 'num_tensors': 56}
2026-08-25 07:21:51,273 [INFO] [2R/1622](swap: 7, u: 0 | c_u: 1 | t_u_l: 36/942 | t_u_r: 70/943 | t_u: 106/1885) -> {'max_bond': 32, 'max_links': 4, 'total_elems': 25548, 'total_shapes': 1204, 'total_links': 222, 'num_tensors': 56}
2026-08-25 07:21:51,328 [INFO] [3R/1622](swap: 5, u: 0 | c_u: 1 | t_u_l: 36/942 | t_u_r: 70/943 | t_u: 106/1885) -> {'max_bond': 32, 'max_links': 4, 'total_elems': 31756, 'total_shapes': 1340, 'total_links': 222, 'num_tensors': 56}
2026-08-25 07:21:51,393 [INFO] [2L/1419](swap: 9, u: 0 | c_u: 1 | t_u_l: 36/942 | t_u_r: 70/943 | t_u: 106/1885) -> {'max_bond': 64, 'max_links': 4, 'total_elems': 42088, 'total_shapes': 1522, 'total_links': 222, 'num_tensors': 56}
2026-08-25 07:21:51,465 [INFO] [3L/1419](swap: 9, u: 0 | c_u: 1 | t_u_l: 36/942 | t_u_r: 70/943 | t_u: 106/1885) -> {'max_bond': 64, 'max_links': 4, 'total_elems': 62516, 'total_shapes': 1802, 'total_links': 222, 'num_tensors': 56}
2026-08-25 07:21:51,564 [INFO] [4L/1419](swap: 9, u: 0 | c_u: 1 | t_u_l: 36/942 | t_u_r: 70/943 | t_u: 106/1885) -> {'max_bond': 64, 'max_links': 4, 'total_elems': 90404, 'total_shapes': 2026, 'total_links': 222, 'num_tensors': 56}
2026-08-25 07:21:51,692 [INFO] [5L/1419](swap: 10, u: 0 | c_u: 1 | t_u_l: 36/942 | t_u_r: 70/943 | t_u: 106/1885) -> {'max_bond': 64, 'max_links': 4, 'total_elems': 116768, 'total_shapes': 2318, 'total_links': 222, 'num_tensors': 56}
2026-08-25 07:21:51,860 [INFO] [4R/1622](swap: 5, u: 0 | c_u: 1 | t_u_l: 36/942 | t_u_r: 70/943 | t_u: 106/1885) -> {'max_bond': 128, 'max_links': 4, 'total_elems': 165280, 'total_shapes': 2636, 'total_links': 222, 'num_tensors': 56}
2026-08-25 07:21:52,099 [INFO] [6L/1419](swap: 10, u: 0 | c_u: 1 | t_u_l: 36/942 | t_u_r: 70/943 | t_u: 106/1885) -> {'max_bond': 128, 'max_links': 4, 'total_elems': 237760, 'total_shapes': 3160, 'total_links': 222, 'num_tensors': 56}
2026-08-25 07:21:52,503 [INFO] [5R/1622](swap: 5, u: 0 | c_u: 1 | t_u_l: 36/942 | t_u_r: 70/943 | t_u: 106/1885) -> {'max_bond': 128, 'max_links': 4, 'total_elems': 419008, 'total_shapes': 3756, 'total_links': 222, 'num_tensors': 56}
2026-08-25 07:21:53,702 [INFO]     [start unswap] -> {'max_bond': 128, 'max_links': 4, 'total_elems': 419008, 'total_shapes': 3756, 'total_links': 222, 'num_tensors': 56}
2026-08-25 07:22:03,562 [INFO]     [0 | both | 0](candidate_pairs: 28/28 | new_swaps: 4 | total: 4) -> {'max_bond': 254, 'max_links': 4, 'total_elems': 627456, 'total_shapes': 4496, 'total_links': 222, 'num_tensors': 56}
2026-08-25 07:22:05,793 [INFO]     [0 | both | 1](candidate_pairs: 27/27 | new_swaps: 12 | total: 16) -> {'max_bond': 128, 'max_links': 4, 'total_elems': 214720, 'total_shapes': 2862, 'total_links': 222, 'num_tensors': 56}
2026-08-25 07:22:06,267 [INFO]     [0 | left | 0](candidate_pairs: 28/28 | new_swaps: 12 | total: 28) -> {'max_bond': 64, 'max_links': 4, 'total_elems': 97608, 'total_shapes': 2150, 'total_links': 222, 'num_tensors': 56}
2026-08-25 07:22:06,413 [INFO]     [0 | left | 1](candidate_pairs: 27/27 | new_swaps: 11 | total: 39) -> {'max_bond': 64, 'max_links': 4, 'total_elems': 58808, 'total_shapes': 1686, 'total_links': 222, 'num_tensors': 56}
2026-08-25 07:22:06,520 [INFO]     [0 | right | 0](candidate_pairs: 28/28 | new_swaps: 8 | total: 47) -> {'max_bond': 64, 'max_links': 4, 'total_elems': 46216, 'total_shapes': 1516, 'total_links': 222, 'num_tensors': 56}
2026-08-25 07:22:06,594 [INFO]     [0 | right | 1](candidate_pairs: 27/27 | new_swaps: 6 | total: 53) -> {'max_bond': 32, 'max_links': 4, 'total_elems': 34840, 'total_shapes': 1368, 'total_links': 222, 'num_tensors': 56}
2026-08-25 07:22:06,739 [INFO]     [1 | both | 0](candidate_pairs: 28/28 | new_swaps: 6 | total: 6) -> {'max_bond': 32, 'max_links': 4, 'total_elems': 28396, 'total_shapes': 1250, 'total_links': 222, 'num_tensors': 56}
2026-08-25 07:22:06,856 [INFO]     [1 | both | 1](candidate_pairs: 27/27 | new_swaps: 4 | total: 10) -> {'max_bond': 32, 'max_links': 4, 'total_elems': 23148, 'total_shapes': 1152, 'total_links': 222, 'num_tensors': 56}
2026-08-25 07:22:06,910 [INFO]     [1 | left | 0](candidate_pairs: 28/28 | new_swaps: 2 | total: 12) -> {'max_bond': 32, 'max_links': 4, 'total_elems': 22092, 'total_shapes': 1122, 'total_links': 222, 'num_tensors': 56}
2026-08-25 07:22:06,957 [INFO]     [1 | left | 1](candidate_pairs: 27/27 | new_swaps: 1 | total: 13) -> {'max_bond': 32, 'max_links': 4, 'total_elems': 22032, 'total_shapes': 1116, 'total_links': 222, 'num_tensors': 56}
2026-08-25 07:22:07,012 [INFO]     [1 | right | 0](candidate_pairs: 28/28 | new_swaps: 3 | total: 16) -> {'max_bond': 32, 'max_links': 4, 'total_elems': 21388, 'total_shapes': 1088, 'total_links': 222, 'num_tensors': 56}
2026-08-25 07:22:07,039 [INFO]     [1 | right | 1](candidate_pairs: 27/27 | new_swaps: 0 | total: 16) -> {'max_bond': 32, 'max_links': 4, 'total_elems': 21388, 'total_shapes': 1088, 'total_links': 222, 'num_tensors': 56}
2026-08-25 07:22:07,098 [INFO]     [2 | both | 0](candidate_pairs: 28/28 | new_swaps: 0 | total: 0) -> {'max_bond': 32, 'max_links': 4, 'total_elems': 21388, 'total_shapes': 1088, 'total_links': 222, 'num_tensors': 56}
2026-08-25 07:22:07,156 [INFO]     [2 | both | 1](candidate_pairs: 27/27 | new_swaps: 0 | total: 0) -> {'max_bond': 32, 'max_links': 4, 'total_elems': 21388, 'total_shapes': 1088, 'total_links': 222, 'num_tensors': 56}
2026-08-25 07:22:07,183 [INFO]     [2 | left | 0](candidate_pairs: 28/28 | new_swaps: 0 | total: 0) -> {'max_bond': 32, 'max_links': 4, 'total_elems': 21388, 'total_shapes': 1088, 'total_links': 222, 'num_tensors': 56}
2026-08-25 07:22:07,212 [INFO]     [2 | left | 1](candidate_pairs: 27/27 | new_swaps: 0 | total: 0) -> {'max_bond': 32, 'max_links': 4, 'total_elems': 21388, 'total_shapes': 1088, 'total_links': 222, 'num_tensors': 56}
2026-08-25 07:22:07,242 [INFO]     [2 | right | 0](candidate_pairs: 28/28 | new_swaps: 0 | total: 0) -> {'max_bond': 32, 'max_links': 4, 'total_elems': 21388, 'total_shapes': 1088, 'total_links': 222, 'num_tensors': 56}
2026-08-25 07:22:07,269 [INFO]     [2 | right | 1](candidate_pairs: 27/27 | new_swaps: 0 | total: 0) -> {'max_bond': 32, 'max_links': 4, 'total_elems': 21388, 'total_shapes': 1088, 'total_links': 222, 'num_tensors': 56}
2026-08-25 07:22:07,269 [INFO]     [end unswap] -> {'max_bond': 32, 'max_links': 4, 'total_elems': 21388, 'total_shapes': 1088, 'total_links': 222, 'num_tensors': 56}
2026-08-25 07:22:07,270 [INFO] [start rewire](phase=post_unswap, cycle=22, side=left, layers=1415, trials=20, seed=123, parallel=False, route_candidates=1, route_score=none)
2026-08-25 07:22:08,453 [INFO] [end rewire](phase=post_unswap, cycle=22, side=left, routed_layers=1531, elapsed_s=1.18)
2026-08-25 07:22:08,453 [INFO] [start rewire](phase=post_unswap, cycle=22, side=right, layers=1619, trials=20, seed=123, parallel=False, route_candidates=1, route_score=none)
2026-08-25 07:22:09,681 [INFO] [end rewire](phase=post_unswap, cycle=22, side=right, routed_layers=1525, elapsed_s=1.23)
2026-08-25 07:22:09,812 [INFO] [1L/1529](swap: 13, u: 0 | c_u: 0 | t_u_l: 36/942 | t_u_r: 70/943 | t_u: 106/1885) -> {'max_bond': 32, 'max_links': 4, 'total_elems': 21388, 'total_shapes': 1088, 'total_links': 222, 'num_tensors': 56}
2026-08-25 07:22:09,871 [INFO] [1R/1523](swap: 7, u: 0 | c_u: 0 | t_u_l: 36/942 | t_u_r: 70/943 | t_u: 106/1885) -> {'max_bond': 32, 'max_links': 4, 'total_elems': 24540, 'total_shapes': 1202, 'total_links': 222, 'num_tensors': 56}
2026-08-25 07:22:09,932 [INFO] [2R/1523](swap: 8, u: 0 | c_u: 0 | t_u_l: 36/942 | t_u_r: 70/943 | t_u: 106/1885) -> {'max_bond': 32, 'max_links': 4, 'total_elems': 40060, 'total_shapes': 1444, 'total_links': 222, 'num_tensors': 56}
2026-08-25 07:22:10,017 [INFO] [2L/1529](swap: 12, u: 0 | c_u: 0 | t_u_l: 36/942 | t_u_r: 70/943 | t_u: 106/1885) -> {'max_bond': 64, 'max_links': 4, 'total_elems': 56136, 'total_shapes': 1712, 'total_links': 222, 'num_tensors': 56}
2026-08-25 07:22:10,118 [INFO] [3L/1529](swap: 9, u: 0 | c_u: 0 | t_u_l: 36/942 | t_u_r: 70/943 | t_u: 106/1885) -> {'max_bond': 64, 'max_links': 4, 'total_elems': 94080, 'total_shapes': 2140, 'total_links': 222, 'num_tensors': 56}
2026-08-25 07:22:10,248 [INFO] [3R/1523](swap: 6, u: 0 | c_u: 0 | t_u_l: 36/942 | t_u_r: 70/943 | t_u: 106/1885) -> {'max_bond': 110, 'max_links': 4, 'total_elems': 134912, 'total_shapes': 2436, 'total_links': 222, 'num_tensors': 56}
2026-08-25 07:22:10,425 [INFO] [4L/1529](swap: 9, u: 1 | c_u: 1 | t_u_l: 37/942 | t_u_r: 70/943 | t_u: 107/1885) -> {'max_bond': 128, 'max_links': 4, 'total_elems': 222944, 'total_shapes': 3044, 'total_links': 222, 'num_tensors': 56}
2026-08-25 07:22:10,853 [INFO] [4R/1523](swap: 6, u: 0 | c_u: 1 | t_u_l: 37/942 | t_u_r: 70/943 | t_u: 107/1885) -> {'max_bond': 128, 'max_links': 4, 'total_elems': 429280, 'total_shapes': 3824, 'total_links': 222, 'num_tensors': 56}
2026-08-25 07:22:12,154 [INFO]     [start unswap] -> {'max_bond': 128, 'max_links': 4, 'total_elems': 429280, 'total_shapes': 3824, 'total_links': 222, 'num_tensors': 56}
2026-08-25 07:22:20,446 [INFO]     [0 | both | 0](candidate_pairs: 28/28 | new_swaps: 1 | total: 1) -> {'max_bond': 253, 'max_links': 4, 'total_elems': 622240, 'total_shapes': 4616, 'total_links': 222, 'num_tensors': 56}
2026-08-25 07:22:22,944 [INFO]     [0 | both | 1](candidate_pairs: 27/27 | new_swaps: 12 | total: 13) -> {'max_bond': 128, 'max_links': 4, 'total_elems': 264960, 'total_shapes': 3078, 'total_links': 222, 'num_tensors': 56}
2026-08-25 07:22:23,551 [INFO]     [0 | left | 0](candidate_pairs: 28/28 | new_swaps: 13 | total: 26) -> {'max_bond': 94, 'max_links': 4, 'total_elems': 167044, 'total_shapes': 2470, 'total_links': 222, 'num_tensors': 56}
2026-08-25 07:22:23,849 [INFO]     [0 | left | 1](candidate_pairs: 27/27 | new_swaps: 9 | total: 35) -> {'max_bond': 92, 'max_links': 4, 'total_elems': 100576, 'total_shapes': 2012, 'total_links': 222, 'num_tensors': 56}
2026-08-25 07:22:24,024 [INFO]     [0 | right | 0](candidate_pairs: 28/28 | new_swaps: 8 | total: 43) -> {'max_bond': 89, 'max_links': 4, 'total_elems': 87564, 'total_shapes': 1824, 'total_links': 222, 'num_tensors': 56}
2026-08-25 07:22:24,182 [INFO]     [0 | right | 1](candidate_pairs: 27/27 | new_swaps: 6 | total: 49) -> {'max_bond': 87, 'max_links': 4, 'total_elems': 60536, 'total_shapes': 1632, 'total_links': 222, 'num_tensors': 56}
2026-08-25 07:22:24,365 [INFO]     [1 | both | 0](candidate_pairs: 28/28 | new_swaps: 4 | total: 4) -> {'max_bond': 32, 'max_links': 4, 'total_elems': 38980, 'total_shapes': 1382, 'total_links': 222, 'num_tensors': 56}
2026-08-25 07:22:24,509 [INFO]     [1 | both | 1](candidate_pairs: 27/27 | new_swaps: 6 | total: 10) -> {'max_bond': 32, 'max_links': 4, 'total_elems': 34860, 'total_shapes': 1312, 'total_links': 222, 'num_tensors': 56}
2026-08-25 07:22:24,575 [INFO]     [1 | left | 0](candidate_pairs: 28/28 | new_swaps: 3 | total: 13) -> {'max_bond': 32, 'max_links': 4, 'total_elems': 31244, 'total_shapes': 1260, 'total_links': 222, 'num_tensors': 56}
2026-08-25 07:22:24,639 [INFO]     [1 | left | 1](candidate_pairs: 27/27 | new_swaps: 2 | total: 15) -> {'max_bond': 32, 'max_links': 4, 'total_elems': 29596, 'total_shapes': 1228, 'total_links': 222, 'num_tensors': 56}
2026-08-25 07:22:24,671 [INFO]     [1 | right | 0](candidate_pairs: 28/28 | new_swaps: 0 | total: 15) -> {'max_bond': 32, 'max_links': 4, 'total_elems': 29596, 'total_shapes': 1228, 'total_links': 222, 'num_tensors': 56}
2026-08-25 07:22:24,709 [INFO]     [1 | right | 1](candidate_pairs: 27/27 | new_swaps: 0 | total: 15) -> {'max_bond': 32, 'max_links': 4, 'total_elems': 29596, 'total_shapes': 1228, 'total_links': 222, 'num_tensors': 56}
2026-08-25 07:22:24,778 [INFO]     [2 | both | 0](candidate_pairs: 28/28 | new_swaps: 0 | total: 0) -> {'max_bond': 32, 'max_links': 4, 'total_elems': 29596, 'total_shapes': 1228, 'total_links': 222, 'num_tensors': 56}
2026-08-25 07:22:24,906 [INFO]     [2 | both | 1](candidate_pairs: 27/27 | new_swaps: 2 | total: 2) -> {'max_bond': 32, 'max_links': 4, 'total_elems': 26972, 'total_shapes': 1180, 'total_links': 222, 'num_tensors': 56}
2026-08-25 07:22:24,955 [INFO]     [2 | left | 0](candidate_pairs: 28/28 | new_swaps: 1 | total: 3) -> {'max_bond': 32, 'max_links': 4, 'total_elems': 26444, 'total_shapes': 1168, 'total_links': 222, 'num_tensors': 56}
2026-08-25 07:22:24,990 [INFO]     [2 | left | 1](candidate_pairs: 27/27 | new_swaps: 0 | total: 3) -> {'max_bond': 32, 'max_links': 4, 'total_elems': 26444, 'total_shapes': 1168, 'total_links': 222, 'num_tensors': 56}
2026-08-25 07:22:25,021 [INFO]     [2 | right | 0](candidate_pairs: 28/28 | new_swaps: 0 | total: 3) -> {'max_bond': 32, 'max_links': 4, 'total_elems': 26444, 'total_shapes': 1168, 'total_links': 222, 'num_tensors': 56}
2026-08-25 07:22:25,054 [INFO]     [2 | right | 1](candidate_pairs: 27/27 | new_swaps: 0 | total: 3) -> {'max_bond': 32, 'max_links': 4, 'total_elems': 26444, 'total_shapes': 1168, 'total_links': 222, 'num_tensors': 56}
2026-08-25 07:22:25,122 [INFO]     [3 | both | 0](candidate_pairs: 28/28 | new_swaps: 0 | total: 0) -> {'max_bond': 32, 'max_links': 4, 'total_elems': 26444, 'total_shapes': 1168, 'total_links': 222, 'num_tensors': 56}
2026-08-25 07:22:25,195 [INFO]     [3 | both | 1](candidate_pairs: 27/27 | new_swaps: 0 | total: 0) -> {'max_bond': 32, 'max_links': 4, 'total_elems': 26444, 'total_shapes': 1168, 'total_links': 222, 'num_tensors': 56}
2026-08-25 07:22:25,224 [INFO]     [3 | left | 0](candidate_pairs: 28/28 | new_swaps: 0 | total: 0) -> {'max_bond': 32, 'max_links': 4, 'total_elems': 26444, 'total_shapes': 1168, 'total_links': 222, 'num_tensors': 56}
2026-08-25 07:22:25,267 [INFO]     [3 | left | 1](candidate_pairs: 27/27 | new_swaps: 0 | total: 0) -> {'max_bond': 32, 'max_links': 4, 'total_elems': 26444, 'total_shapes': 1168, 'total_links': 222, 'num_tensors': 56}
2026-08-25 07:22:25,296 [INFO]     [3 | right | 0](candidate_pairs: 28/28 | new_swaps: 0 | total: 0) -> {'max_bond': 32, 'max_links': 4, 'total_elems': 26444, 'total_shapes': 1168, 'total_links': 222, 'num_tensors': 56}
2026-08-25 07:22:25,328 [INFO]     [3 | right | 1](candidate_pairs: 27/27 | new_swaps: 0 | total: 0) -> {'max_bond': 32, 'max_links': 4, 'total_elems': 26444, 'total_shapes': 1168, 'total_links': 222, 'num_tensors': 56}
2026-08-25 07:22:25,329 [INFO]     [end unswap] -> {'max_bond': 32, 'max_links': 4, 'total_elems': 26444, 'total_shapes': 1168, 'total_links': 222, 'num_tensors': 56}
2026-08-25 07:22:25,329 [INFO] [start rewire](phase=post_unswap, cycle=23, side=left, layers=1527, trials=20, seed=123, parallel=False, route_candidates=1, route_score=none)
2026-08-25 07:22:26,755 [INFO] [end rewire](phase=post_unswap, cycle=23, side=left, routed_layers=1353, elapsed_s=1.43)
2026-08-25 07:22:26,755 [INFO] [start rewire](phase=post_unswap, cycle=23, side=right, layers=1521, trials=20, seed=123, parallel=False, route_candidates=1, route_score=none)
2026-08-25 07:22:28,011 [INFO] [end rewire](phase=post_unswap, cycle=23, side=right, routed_layers=1550, elapsed_s=1.26)
2026-08-25 07:22:28,108 [INFO] [1L/1351](swap: 9, u: 0 | c_u: 0 | t_u_l: 37/942 | t_u_r: 70/943 | t_u: 107/1885) -> {'max_bond': 32, 'max_links': 4, 'total_elems': 26444, 'total_shapes': 1168, 'total_links': 222, 'num_tensors': 56}
2026-08-25 07:22:28,167 [INFO] [1R/1548](swap: 9, u: 0 | c_u: 0 | t_u_l: 37/942 | t_u_r: 70/943 | t_u: 107/1885) -> {'max_bond': 32, 'max_links': 4, 'total_elems': 32612, 'total_shapes': 1336, 'total_links': 222, 'num_tensors': 56}
2026-08-25 07:22:28,241 [INFO] [2L/1351](swap: 11, u: 0 | c_u: 0 | t_u_l: 37/942 | t_u_r: 70/943 | t_u: 107/1885) -> {'max_bond': 64, 'max_links': 4, 'total_elems': 45888, 'total_shapes': 1520, 'total_links': 222, 'num_tensors': 56}
2026-08-25 07:22:28,338 [INFO] [3L/1351](swap: 8, u: 0 | c_u: 0 | t_u_l: 37/942 | t_u_r: 70/943 | t_u: 107/1885) -> {'max_bond': 64, 'max_links': 4, 'total_elems': 71600, 'total_shapes': 1850, 'total_links': 222, 'num_tensors': 56}
2026-08-25 07:22:28,446 [INFO] [4L/1351](swap: 8, u: 0 | c_u: 0 | t_u_l: 37/942 | t_u_r: 70/943 | t_u: 107/1885) -> {'max_bond': 64, 'max_links': 4, 'total_elems': 104664, 'total_shapes': 2188, 'total_links': 222, 'num_tensors': 56}
2026-08-25 07:22:28,613 [INFO] [2R/1548](swap: 9, u: 0 | c_u: 0 | t_u_l: 37/942 | t_u_r: 70/943 | t_u: 107/1885) -> {'max_bond': 64, 'max_links': 4, 'total_elems': 160608, 'total_shapes': 2680, 'total_links': 222, 'num_tensors': 56}
2026-08-25 07:22:28,870 [INFO] [5L/1351](swap: 9, u: 0 | c_u: 0 | t_u_l: 37/942 | t_u_r: 70/943 | t_u: 107/1885) -> {'max_bond': 128, 'max_links': 4, 'total_elems': 266144, 'total_shapes': 3368, 'total_links': 222, 'num_tensors': 56}
2026-08-25 07:22:29,299 [INFO] [6L/1351](swap: 6, u: 1 | c_u: 1 | t_u_l: 38/942 | t_u_r: 70/943 | t_u: 108/1885) -> {'max_bond': 128, 'max_links': 4, 'total_elems': 393760, 'total_shapes': 3852, 'total_links': 222, 'num_tensors': 56}
2026-08-25 07:22:29,896 [INFO]     [start unswap] -> {'max_bond': 128, 'max_links': 4, 'total_elems': 393760, 'total_shapes': 3852, 'total_links': 222, 'num_tensors': 56}
2026-08-25 07:22:36,587 [INFO]     [0 | both | 0](candidate_pairs: 28/28 | new_swaps: 4 | total: 4) -> {'max_bond': 256, 'max_links': 4, 'total_elems': 487584, 'total_shapes': 4008, 'total_links': 222, 'num_tensors': 56}
2026-08-25 07:22:38,370 [INFO]     [0 | both | 1](candidate_pairs: 27/27 | new_swaps: 10 | total: 14) -> {'max_bond': 128, 'max_links': 4, 'total_elems': 218784, 'total_shapes': 2970, 'total_links': 222, 'num_tensors': 56}
2026-08-25 07:22:38,730 [INFO]     [0 | left | 0](candidate_pairs: 28/28 | new_swaps: 6 | total: 20) -> {'max_bond': 64, 'max_links': 4, 'total_elems': 159296, 'total_shapes': 2538, 'total_links': 222, 'num_tensors': 56}
2026-08-25 07:22:39,019 [INFO]     [0 | left | 1](candidate_pairs: 27/27 | new_swaps: 8 | total: 28) -> {'max_bond': 64, 'max_links': 4, 'total_elems': 129920, 'total_shapes': 2262, 'total_links': 222, 'num_tensors': 56}
2026-08-25 07:22:39,253 [INFO]     [0 | right | 0](candidate_pairs: 28/28 | new_swaps: 5 | total: 33) -> {'max_bond': 64, 'max_links': 4, 'total_elems': 110720, 'total_shapes': 2014, 'total_links': 222, 'num_tensors': 56}
2026-08-25 07:22:39,438 [INFO]     [0 | right | 1](candidate_pairs: 27/27 | new_swaps: 8 | total: 41) -> {'max_bond': 64, 'max_links': 4, 'total_elems': 89148, 'total_shapes': 1818, 'total_links': 222, 'num_tensors': 56}
2026-08-25 07:22:39,803 [INFO]     [1 | both | 0](candidate_pairs: 28/28 | new_swaps: 6 | total: 6) -> {'max_bond': 64, 'max_links': 4, 'total_elems': 82956, 'total_shapes': 1678, 'total_links': 222, 'num_tensors': 56}
2026-08-25 07:22:40,109 [INFO]     [1 | both | 1](candidate_pairs: 27/27 | new_swaps: 0 | total: 6) -> {'max_bond': 64, 'max_links': 4, 'total_elems': 82956, 'total_shapes': 1678, 'total_links': 222, 'num_tensors': 56}
2026-08-25 07:22:40,254 [INFO]     [1 | left | 0](candidate_pairs: 28/28 | new_swaps: 1 | total: 7) -> {'max_bond': 64, 'max_links': 4, 'total_elems': 82896, 'total_shapes': 1672, 'total_links': 222, 'num_tensors': 56}
2026-08-25 07:22:40,418 [INFO]     [1 | left | 1](candidate_pairs: 27/27 | new_swaps: 2 | total: 9) -> {'max_bond': 64, 'max_links': 4, 'total_elems': 82068, 'total_shapes': 1642, 'total_links': 222, 'num_tensors': 56}
2026-08-25 07:22:40,567 [INFO]     [1 | right | 0](candidate_pairs: 28/28 | new_swaps: 1 | total: 10) -> {'max_bond': 64, 'max_links': 4, 'total_elems': 79508, 'total_shapes': 1610, 'total_links': 222, 'num_tensors': 56}
2026-08-25 07:22:40,679 [INFO]     [1 | right | 1](candidate_pairs: 27/27 | new_swaps: 0 | total: 10) -> {'max_bond': 64, 'max_links': 4, 'total_elems': 79508, 'total_shapes': 1610, 'total_links': 222, 'num_tensors': 56}
2026-08-25 07:22:41,034 [INFO]     [2 | both | 0](candidate_pairs: 28/28 | new_swaps: 1 | total: 1) -> {'max_bond': 64, 'max_links': 4, 'total_elems': 79468, 'total_shapes': 1606, 'total_links': 222, 'num_tensors': 56}
2026-08-25 07:22:41,332 [INFO]     [2 | both | 1](candidate_pairs: 27/27 | new_swaps: 0 | total: 1) -> {'max_bond': 64, 'max_links': 4, 'total_elems': 79468, 'total_shapes': 1606, 'total_links': 222, 'num_tensors': 56}
2026-08-25 07:22:41,444 [INFO]     [2 | left | 0](candidate_pairs: 28/28 | new_swaps: 0 | total: 1) -> {'max_bond': 64, 'max_links': 4, 'total_elems': 79468, 'total_shapes': 1606, 'total_links': 222, 'num_tensors': 56}
2026-08-25 07:22:41,567 [INFO]     [2 | left | 1](candidate_pairs: 27/27 | new_swaps: 0 | total: 1) -> {'max_bond': 64, 'max_links': 4, 'total_elems': 79468, 'total_shapes': 1606, 'total_links': 222, 'num_tensors': 56}
2026-08-25 07:22:41,678 [INFO]     [2 | right | 0](candidate_pairs: 28/28 | new_swaps: 0 | total: 1) -> {'max_bond': 64, 'max_links': 4, 'total_elems': 79468, 'total_shapes': 1606, 'total_links': 222, 'num_tensors': 56}
2026-08-25 07:22:41,791 [INFO]     [2 | right | 1](candidate_pairs: 27/27 | new_swaps: 0 | total: 1) -> {'max_bond': 64, 'max_links': 4, 'total_elems': 79468, 'total_shapes': 1606, 'total_links': 222, 'num_tensors': 56}
2026-08-25 07:22:42,087 [INFO]     [3 | both | 0](candidate_pairs: 28/28 | new_swaps: 0 | total: 0) -> {'max_bond': 64, 'max_links': 4, 'total_elems': 79468, 'total_shapes': 1606, 'total_links': 222, 'num_tensors': 56}
2026-08-25 07:22:42,377 [INFO]     [3 | both | 1](candidate_pairs: 27/27 | new_swaps: 0 | total: 0) -> {'max_bond': 64, 'max_links': 4, 'total_elems': 79468, 'total_shapes': 1606, 'total_links': 222, 'num_tensors': 56}
2026-08-25 07:22:42,488 [INFO]     [3 | left | 0](candidate_pairs: 28/28 | new_swaps: 0 | total: 0) -> {'max_bond': 64, 'max_links': 4, 'total_elems': 79468, 'total_shapes': 1606, 'total_links': 222, 'num_tensors': 56}
2026-08-25 07:22:42,608 [INFO]     [3 | left | 1](candidate_pairs: 27/27 | new_swaps: 0 | total: 0) -> {'max_bond': 64, 'max_links': 4, 'total_elems': 79468, 'total_shapes': 1606, 'total_links': 222, 'num_tensors': 56}
2026-08-25 07:22:42,713 [INFO]     [3 | right | 0](candidate_pairs: 28/28 | new_swaps: 0 | total: 0) -> {'max_bond': 64, 'max_links': 4, 'total_elems': 79468, 'total_shapes': 1606, 'total_links': 222, 'num_tensors': 56}
2026-08-25 07:22:42,825 [INFO]     [3 | right | 1](candidate_pairs: 27/27 | new_swaps: 0 | total: 0) -> {'max_bond': 64, 'max_links': 4, 'total_elems': 79468, 'total_shapes': 1606, 'total_links': 222, 'num_tensors': 56}
2026-08-25 07:22:42,825 [INFO]     [end unswap] -> {'max_bond': 64, 'max_links': 4, 'total_elems': 79468, 'total_shapes': 1606, 'total_links': 222, 'num_tensors': 56}
2026-08-25 07:22:42,862 [INFO] [start rewire](phase=post_unswap, cycle=24, side=left, layers=1347, trials=20, seed=123, parallel=False, route_candidates=1, route_score=none)
2026-08-25 07:22:44,391 [INFO] [end rewire](phase=post_unswap, cycle=24, side=left, routed_layers=1613, elapsed_s=1.53)
2026-08-25 07:22:44,391 [INFO] [start rewire](phase=post_unswap, cycle=24, side=right, layers=1548, trials=20, seed=123, parallel=False, route_candidates=1, route_score=none)
2026-08-25 07:22:45,329 [INFO] [end rewire](phase=post_unswap, cycle=24, side=right, routed_layers=1598, elapsed_s=0.94)
2026-08-25 07:22:45,455 [INFO] [1L/1611](swap: 13, u: 0 | c_u: 0 | t_u_l: 38/942 | t_u_r: 70/943 | t_u: 108/1885) -> {'max_bond': 64, 'max_links': 4, 'total_elems': 79468, 'total_shapes': 1606, 'total_links': 222, 'num_tensors': 56}
2026-08-25 07:22:45,554 [INFO] [1R/1596](swap: 9, u: 0 | c_u: 0 | t_u_l: 38/942 | t_u_r: 70/943 | t_u: 108/1885) -> {'max_bond': 64, 'max_links': 4, 'total_elems': 88476, 'total_shapes': 1782, 'total_links': 222, 'num_tensors': 56}
2026-08-25 07:22:45,664 [INFO] [2R/1596](swap: 10, u: 0 | c_u: 0 | t_u_l: 38/942 | t_u_r: 70/943 | t_u: 108/1885) -> {'max_bond': 64, 'max_links': 4, 'total_elems': 122012, 'total_shapes': 2132, 'total_links': 222, 'num_tensors': 56}
2026-08-25 07:22:45,858 [INFO] [2L/1611](swap: 9, u: 2 | c_u: 2 | t_u_l: 40/942 | t_u_r: 70/943 | t_u: 110/1885) -> {'max_bond': 64, 'max_links': 4, 'total_elems': 164804, 'total_shapes': 2582, 'total_links': 222, 'num_tensors': 56}
2026-08-25 07:22:46,065 [INFO] [3L/1611](swap: 8, u: 0 | c_u: 2 | t_u_l: 40/942 | t_u_r: 70/943 | t_u: 110/1885) -> {'max_bond': 128, 'max_links': 4, 'total_elems': 214112, 'total_shapes': 3008, 'total_links': 222, 'num_tensors': 56}
2026-08-25 07:22:46,357 [INFO] [4L/1611](swap: 9, u: 1 | c_u: 3 | t_u_l: 41/942 | t_u_r: 70/943 | t_u: 111/1885) -> {'max_bond': 128, 'max_links': 4, 'total_elems': 264896, 'total_shapes': 3254, 'total_links': 222, 'num_tensors': 56}
2026-08-25 07:22:46,782 [INFO] [5L/1611](swap: 4, u: 3 | c_u: 6 | t_u_l: 44/942 | t_u_r: 70/943 | t_u: 114/1885) -> {'max_bond': 128, 'max_links': 4, 'total_elems': 296416, 'total_shapes': 3570, 'total_links': 222, 'num_tensors': 56}
2026-08-25 07:22:47,155 [INFO] [6L/1611](swap: 6, u: 3 | c_u: 9 | t_u_l: 47/942 | t_u_r: 70/943 | t_u: 117/1885) -> {'max_bond': 128, 'max_links': 4, 'total_elems': 346480, 'total_shapes': 3824, 'total_links': 222, 'num_tensors': 56}
2026-08-25 07:22:47,634 [INFO]     [start unswap] -> {'max_bond': 128, 'max_links': 4, 'total_elems': 346480, 'total_shapes': 3824, 'total_links': 222, 'num_tensors': 56}
2026-08-25 07:22:50,504 [INFO]     [0 | both | 0](candidate_pairs: 28/28 | new_swaps: 5 | total: 5) -> {'max_bond': 256, 'max_links': 4, 'total_elems': 406516, 'total_shapes': 3826, 'total_links': 222, 'num_tensors': 56}
2026-08-25 07:22:52,129 [INFO]     [0 | both | 1](candidate_pairs: 27/27 | new_swaps: 10 | total: 15) -> {'max_bond': 64, 'max_links': 4, 'total_elems': 222784, 'total_shapes': 2940, 'total_links': 222, 'num_tensors': 56}
2026-08-25 07:22:52,522 [INFO]     [0 | left | 0](candidate_pairs: 28/28 | new_swaps: 4 | total: 19) -> {'max_bond': 64, 'max_links': 4, 'total_elems': 176960, 'total_shapes': 2666, 'total_links': 222, 'num_tensors': 56}
2026-08-25 07:22:52,862 [INFO]     [0 | left | 1](candidate_pairs: 27/27 | new_swaps: 8 | total: 27) -> {'max_bond': 64, 'max_links': 4, 'total_elems': 140576, 'total_shapes': 2392, 'total_links': 222, 'num_tensors': 56}
2026-08-25 07:22:53,084 [INFO]     [0 | right | 0](candidate_pairs: 28/28 | new_swaps: 8 | total: 35) -> {'max_bond': 64, 'max_links': 4, 'total_elems': 119968, 'total_shapes': 2162, 'total_links': 222, 'num_tensors': 56}
2026-08-25 07:22:53,288 [INFO]     [0 | right | 1](candidate_pairs: 27/27 | new_swaps: 3 | total: 38) -> {'max_bond': 64, 'max_links': 4, 'total_elems': 117728, 'total_shapes': 2122, 'total_links': 222, 'num_tensors': 56}
2026-08-25 07:22:53,754 [INFO]     [1 | both | 0](candidate_pairs: 28/28 | new_swaps: 6 | total: 6) -> {'max_bond': 64, 'max_links': 4, 'total_elems': 110000, 'total_shapes': 2028, 'total_links': 222, 'num_tensors': 56}
2026-08-25 07:22:54,251 [INFO]     [1 | both | 1](candidate_pairs: 27/27 | new_swaps: 5 | total: 11) -> {'max_bond': 64, 'max_links': 4, 'total_elems': 101960, 'total_shapes': 1896, 'total_links': 222, 'num_tensors': 56}
2026-08-25 07:22:54,443 [INFO]     [1 | left | 0](candidate_pairs: 28/28 | new_swaps: 3 | total: 14) -> {'max_bond': 64, 'max_links': 4, 'total_elems': 99256, 'total_shapes': 1836, 'total_links': 222, 'num_tensors': 56}
2026-08-25 07:22:54,595 [INFO]     [1 | left | 1](candidate_pairs: 27/27 | new_swaps: 0 | total: 14) -> {'max_bond': 64, 'max_links': 4, 'total_elems': 99256, 'total_shapes': 1836, 'total_links': 222, 'num_tensors': 56}
2026-08-25 07:22:54,767 [INFO]     [1 | right | 0](candidate_pairs: 28/28 | new_swaps: 1 | total: 15) -> {'max_bond': 64, 'max_links': 4, 'total_elems': 98104, 'total_shapes': 1812, 'total_links': 222, 'num_tensors': 56}
2026-08-25 07:22:54,936 [INFO]     [1 | right | 1](candidate_pairs: 27/27 | new_swaps: 2 | total: 17) -> {'max_bond': 64, 'max_links': 4, 'total_elems': 97216, 'total_shapes': 1790, 'total_links': 222, 'num_tensors': 56}
2026-08-25 07:22:55,342 [INFO]     [2 | both | 0](candidate_pairs: 28/28 | new_swaps: 3 | total: 3) -> {'max_bond': 64, 'max_links': 4, 'total_elems': 96120, 'total_shapes': 1760, 'total_links': 222, 'num_tensors': 56}
2026-08-25 07:22:55,792 [INFO]     [2 | both | 1](candidate_pairs: 27/27 | new_swaps: 2 | total: 5) -> {'max_bond': 64, 'max_links': 4, 'total_elems': 95724, 'total_shapes': 1742, 'total_links': 222, 'num_tensors': 56}
2026-08-25 07:22:55,929 [INFO]     [2 | left | 0](candidate_pairs: 28/28 | new_swaps: 0 | total: 5) -> {'max_bond': 64, 'max_links': 4, 'total_elems': 95724, 'total_shapes': 1742, 'total_links': 222, 'num_tensors': 56}
2026-08-25 07:22:56,118 [INFO]     [2 | left | 1](candidate_pairs: 27/27 | new_swaps: 1 | total: 6) -> {'max_bond': 64, 'max_links': 4, 'total_elems': 94956, 'total_shapes': 1718, 'total_links': 222, 'num_tensors': 56}
2026-08-25 07:22:56,274 [INFO]     [2 | right | 0](candidate_pairs: 28/28 | new_swaps: 1 | total: 7) -> {'max_bond': 64, 'max_links': 4, 'total_elems': 94188, 'total_shapes': 1702, 'total_links': 222, 'num_tensors': 56}
2026-08-25 07:22:56,445 [INFO]     [2 | right | 1](candidate_pairs: 27/27 | new_swaps: 1 | total: 8) -> {'max_bond': 64, 'max_links': 4, 'total_elems': 93996, 'total_shapes': 1694, 'total_links': 222, 'num_tensors': 56}
2026-08-25 07:22:56,844 [INFO]     [3 | both | 0](candidate_pairs: 28/28 | new_swaps: 2 | total: 2) -> {'max_bond': 64, 'max_links': 4, 'total_elems': 93612, 'total_shapes': 1678, 'total_links': 222, 'num_tensors': 56}
2026-08-25 07:22:57,216 [INFO]     [3 | both | 1](candidate_pairs: 27/27 | new_swaps: 0 | total: 2) -> {'max_bond': 64, 'max_links': 4, 'total_elems': 93612, 'total_shapes': 1678, 'total_links': 222, 'num_tensors': 56}
2026-08-25 07:22:57,352 [INFO]     [3 | left | 0](candidate_pairs: 28/28 | new_swaps: 0 | total: 2) -> {'max_bond': 64, 'max_links': 4, 'total_elems': 93612, 'total_shapes': 1678, 'total_links': 222, 'num_tensors': 56}
2026-08-25 07:22:57,505 [INFO]     [3 | left | 1](candidate_pairs: 27/27 | new_swaps: 0 | total: 2) -> {'max_bond': 64, 'max_links': 4, 'total_elems': 93612, 'total_shapes': 1678, 'total_links': 222, 'num_tensors': 56}
2026-08-25 07:22:57,635 [INFO]     [3 | right | 0](candidate_pairs: 28/28 | new_swaps: 0 | total: 2) -> {'max_bond': 64, 'max_links': 4, 'total_elems': 93612, 'total_shapes': 1678, 'total_links': 222, 'num_tensors': 56}
2026-08-25 07:22:57,779 [INFO]     [3 | right | 1](candidate_pairs: 27/27 | new_swaps: 0 | total: 2) -> {'max_bond': 64, 'max_links': 4, 'total_elems': 93612, 'total_shapes': 1678, 'total_links': 222, 'num_tensors': 56}
2026-08-25 07:22:58,113 [INFO]     [4 | both | 0](candidate_pairs: 28/28 | new_swaps: 0 | total: 0) -> {'max_bond': 64, 'max_links': 4, 'total_elems': 93612, 'total_shapes': 1678, 'total_links': 222, 'num_tensors': 56}
2026-08-25 07:22:58,485 [INFO]     [4 | both | 1](candidate_pairs: 27/27 | new_swaps: 0 | total: 0) -> {'max_bond': 64, 'max_links': 4, 'total_elems': 93612, 'total_shapes': 1678, 'total_links': 222, 'num_tensors': 56}
2026-08-25 07:22:58,617 [INFO]     [4 | left | 0](candidate_pairs: 28/28 | new_swaps: 0 | total: 0) -> {'max_bond': 64, 'max_links': 4, 'total_elems': 93612, 'total_shapes': 1678, 'total_links': 222, 'num_tensors': 56}
2026-08-25 07:22:58,764 [INFO]     [4 | left | 1](candidate_pairs: 27/27 | new_swaps: 0 | total: 0) -> {'max_bond': 64, 'max_links': 4, 'total_elems': 93612, 'total_shapes': 1678, 'total_links': 222, 'num_tensors': 56}
2026-08-25 07:22:58,888 [INFO]     [4 | right | 0](candidate_pairs: 28/28 | new_swaps: 0 | total: 0) -> {'max_bond': 64, 'max_links': 4, 'total_elems': 93612, 'total_shapes': 1678, 'total_links': 222, 'num_tensors': 56}
2026-08-25 07:22:59,026 [INFO]     [4 | right | 1](candidate_pairs: 27/27 | new_swaps: 0 | total: 0) -> {'max_bond': 64, 'max_links': 4, 'total_elems': 93612, 'total_shapes': 1678, 'total_links': 222, 'num_tensors': 56}
2026-08-25 07:22:59,026 [INFO]     [end unswap] -> {'max_bond': 64, 'max_links': 4, 'total_elems': 93612, 'total_shapes': 1678, 'total_links': 222, 'num_tensors': 56}
2026-08-25 07:22:59,029 [INFO] [start rewire](phase=post_unswap, cycle=25, side=left, layers=1607, trials=20, seed=123, parallel=False, route_candidates=1, route_score=none)
2026-08-25 07:23:00,807 [INFO] [end rewire](phase=post_unswap, cycle=25, side=left, routed_layers=1473, elapsed_s=1.78)
2026-08-25 07:23:00,808 [INFO] [start rewire](phase=post_unswap, cycle=25, side=right, layers=1596, trials=20, seed=123, parallel=False, route_candidates=1, route_score=none)
2026-08-25 07:23:01,768 [INFO] [end rewire](phase=post_unswap, cycle=25, side=right, routed_layers=1544, elapsed_s=0.96)
2026-08-25 07:23:01,900 [INFO] [1L/1471](swap: 14, u: 1 | c_u: 1 | t_u_l: 48/942 | t_u_r: 70/943 | t_u: 118/1885) -> {'max_bond': 64, 'max_links': 4, 'total_elems': 93804, 'total_shapes': 1686, 'total_links': 222, 'num_tensors': 56}
2026-08-25 07:23:02,010 [INFO] [1R/1542](swap: 8, u: 0 | c_u: 1 | t_u_l: 48/942 | t_u_r: 70/943 | t_u: 118/1885) -> {'max_bond': 64, 'max_links': 4, 'total_elems': 112092, 'total_shapes': 1882, 'total_links': 222, 'num_tensors': 56}
2026-08-25 07:23:02,180 [INFO] [2L/1471](swap: 10, u: 2 | c_u: 3 | t_u_l: 50/942 | t_u_r: 70/943 | t_u: 120/1885) -> {'max_bond': 64, 'max_links': 4, 'total_elems': 125292, 'total_shapes': 2070, 'total_links': 222, 'num_tensors': 56}
2026-08-25 07:23:02,366 [INFO] [3L/1471](swap: 8, u: 1 | c_u: 4 | t_u_l: 51/942 | t_u_r: 70/943 | t_u: 121/1885) -> {'max_bond': 64, 'max_links': 4, 'total_elems': 166664, 'total_shapes': 2352, 'total_links': 222, 'num_tensors': 56}
2026-08-25 07:23:02,611 [INFO] [4L/1471](swap: 7, u: 0 | c_u: 4 | t_u_l: 51/942 | t_u_r: 70/943 | t_u: 121/1885) -> {'max_bond': 128, 'max_links': 4, 'total_elems': 240944, 'total_shapes': 2744, 'total_links': 222, 'num_tensors': 56}
2026-08-25 07:23:03,038 [INFO]     [start unswap] -> {'max_bond': 128, 'max_links': 4, 'total_elems': 240944, 'total_shapes': 2744, 'total_links': 222, 'num_tensors': 56}
2026-08-25 07:23:04,779 [INFO]     [0 | both | 0](candidate_pairs: 28/28 | new_swaps: 4 | total: 4) -> {'max_bond': 256, 'max_links': 4, 'total_elems': 440768, 'total_shapes': 3312, 'total_links': 222, 'num_tensors': 56}
2026-08-25 07:23:08,174 [INFO]     [0 | both | 1](candidate_pairs: 27/27 | new_swaps: 5 | total: 9) -> {'max_bond': 256, 'max_links': 4, 'total_elems': 430056, 'total_shapes': 3184, 'total_links': 222, 'num_tensors': 56}
2026-08-25 07:23:09,129 [INFO]     [0 | left | 0](candidate_pairs: 28/28 | new_swaps: 12 | total: 21) -> {'max_bond': 128, 'max_links': 4, 'total_elems': 225344, 'total_shapes': 2470, 'total_links': 222, 'num_tensors': 56}
2026-08-25 07:23:09,607 [INFO]     [0 | left | 1](candidate_pairs: 27/27 | new_swaps: 7 | total: 28) -> {'max_bond': 64, 'max_links': 4, 'total_elems': 157968, 'total_shapes': 2126, 'total_links': 222, 'num_tensors': 56}
2026-08-25 07:23:09,934 [INFO]     [0 | right | 0](candidate_pairs: 28/28 | new_swaps: 2 | total: 30) -> {'max_bond': 64, 'max_links': 4, 'total_elems': 154988, 'total_shapes': 2090, 'total_links': 222, 'num_tensors': 56}
2026-08-25 07:23:10,246 [INFO]     [0 | right | 1](candidate_pairs: 27/27 | new_swaps: 5 | total: 35) -> {'max_bond': 64, 'max_links': 4, 'total_elems': 153224, 'total_shapes': 2040, 'total_links': 222, 'num_tensors': 56}
2026-08-25 07:23:10,950 [INFO]     [1 | both | 0](candidate_pairs: 28/28 | new_swaps: 5 | total: 5) -> {'max_bond': 64, 'max_links': 4, 'total_elems': 139840, 'total_shapes': 1938, 'total_links': 222, 'num_tensors': 56}
2026-08-25 07:23:11,571 [INFO]     [1 | both | 1](candidate_pairs: 27/27 | new_swaps: 4 | total: 9) -> {'max_bond': 64, 'max_links': 4, 'total_elems': 124008, 'total_shapes': 1824, 'total_links': 222, 'num_tensors': 56}
2026-08-25 07:23:11,867 [INFO]     [1 | left | 0](candidate_pairs: 28/28 | new_swaps: 3 | total: 12) -> {'max_bond': 64, 'max_links': 4, 'total_elems': 106236, 'total_shapes': 1738, 'total_links': 222, 'num_tensors': 56}
2026-08-25 07:23:12,086 [INFO]     [1 | left | 1](candidate_pairs: 27/27 | new_swaps: 3 | total: 15) -> {'max_bond': 64, 'max_links': 4, 'total_elems': 96960, 'total_shapes': 1652, 'total_links': 222, 'num_tensors': 56}
2026-08-25 07:23:12,255 [INFO]     [1 | right | 0](candidate_pairs: 28/28 | new_swaps: 1 | total: 16) -> {'max_bond': 64, 'max_links': 4, 'total_elems': 96656, 'total_shapes': 1646, 'total_links': 222, 'num_tensors': 56}
2026-08-25 07:23:12,403 [INFO]     [1 | right | 1](candidate_pairs: 27/27 | new_swaps: 0 | total: 16) -> {'max_bond': 64, 'max_links': 4, 'total_elems': 96656, 'total_shapes': 1646, 'total_links': 222, 'num_tensors': 56}
2026-08-25 07:23:12,865 [INFO]     [2 | both | 0](candidate_pairs: 28/28 | new_swaps: 4 | total: 4) -> {'max_bond': 64, 'max_links': 4, 'total_elems': 94204, 'total_shapes': 1618, 'total_links': 222, 'num_tensors': 56}
2026-08-25 07:23:13,306 [INFO]     [2 | both | 1](candidate_pairs: 27/27 | new_swaps: 1 | total: 5) -> {'max_bond': 64, 'max_links': 4, 'total_elems': 94192, 'total_shapes': 1616, 'total_links': 222, 'num_tensors': 56}
2026-08-25 07:23:13,492 [INFO]     [2 | left | 0](candidate_pairs: 28/28 | new_swaps: 1 | total: 6) -> {'max_bond': 64, 'max_links': 4, 'total_elems': 89584, 'total_shapes': 1568, 'total_links': 222, 'num_tensors': 56}
2026-08-25 07:23:13,663 [INFO]     [2 | left | 1](candidate_pairs: 27/27 | new_swaps: 1 | total: 7) -> {'max_bond': 64, 'max_links': 4, 'total_elems': 87024, 'total_shapes': 1536, 'total_links': 222, 'num_tensors': 56}
2026-08-25 07:23:13,796 [INFO]     [2 | right | 0](candidate_pairs: 28/28 | new_swaps: 0 | total: 7) -> {'max_bond': 64, 'max_links': 4, 'total_elems': 87024, 'total_shapes': 1536, 'total_links': 222, 'num_tensors': 56}
2026-08-25 07:23:13,965 [INFO]     [2 | right | 1](candidate_pairs: 27/27 | new_swaps: 1 | total: 8) -> {'max_bond': 64, 'max_links': 4, 'total_elems': 81520, 'total_shapes': 1504, 'total_links': 222, 'num_tensors': 56}
2026-08-25 07:23:14,311 [INFO]     [3 | both | 0](candidate_pairs: 28/28 | new_swaps: 1 | total: 1) -> {'max_bond': 64, 'max_links': 4, 'total_elems': 80608, 'total_shapes': 1492, 'total_links': 222, 'num_tensors': 56}
2026-08-25 07:23:14,649 [INFO]     [3 | both | 1](candidate_pairs: 27/27 | new_swaps: 0 | total: 1) -> {'max_bond': 64, 'max_links': 4, 'total_elems': 80608, 'total_shapes': 1492, 'total_links': 222, 'num_tensors': 56}
2026-08-25 07:23:14,801 [INFO]     [3 | left | 0](candidate_pairs: 28/28 | new_swaps: 1 | total: 2) -> {'max_bond': 64, 'max_links': 4, 'total_elems': 75488, 'total_shapes': 1460, 'total_links': 222, 'num_tensors': 56}
2026-08-25 07:23:14,970 [INFO]     [3 | left | 1](candidate_pairs: 27/27 | new_swaps: 1 | total: 3) -> {'max_bond': 64, 'max_links': 4, 'total_elems': 65248, 'total_shapes': 1396, 'total_links': 222, 'num_tensors': 56}
2026-08-25 07:23:15,044 [INFO]     [3 | right | 0](candidate_pairs: 28/28 | new_swaps: 0 | total: 3) -> {'max_bond': 64, 'max_links': 4, 'total_elems': 65248, 'total_shapes': 1396, 'total_links': 222, 'num_tensors': 56}
2026-08-25 07:23:15,147 [INFO]     [3 | right | 1](candidate_pairs: 27/27 | new_swaps: 0 | total: 3) -> {'max_bond': 64, 'max_links': 4, 'total_elems': 65248, 'total_shapes': 1396, 'total_links': 222, 'num_tensors': 56}
2026-08-25 07:23:15,419 [INFO]     [4 | both | 0](candidate_pairs: 28/28 | new_swaps: 1 | total: 1) -> {'max_bond': 64, 'max_links': 4, 'total_elems': 52960, 'total_shapes': 1332, 'total_links': 222, 'num_tensors': 56}
2026-08-25 07:23:15,567 [INFO]     [4 | both | 1](candidate_pairs: 27/27 | new_swaps: 0 | total: 1) -> {'max_bond': 64, 'max_links': 4, 'total_elems': 52960, 'total_shapes': 1332, 'total_links': 222, 'num_tensors': 56}
2026-08-25 07:23:15,632 [INFO]     [4 | left | 0](candidate_pairs: 28/28 | new_swaps: 0 | total: 1) -> {'max_bond': 64, 'max_links': 4, 'total_elems': 52960, 'total_shapes': 1332, 'total_links': 222, 'num_tensors': 56}
2026-08-25 07:23:15,702 [INFO]     [4 | left | 1](candidate_pairs: 27/27 | new_swaps: 0 | total: 1) -> {'max_bond': 64, 'max_links': 4, 'total_elems': 52960, 'total_shapes': 1332, 'total_links': 222, 'num_tensors': 56}
2026-08-25 07:23:15,765 [INFO]     [4 | right | 0](candidate_pairs: 28/28 | new_swaps: 0 | total: 1) -> {'max_bond': 64, 'max_links': 4, 'total_elems': 52960, 'total_shapes': 1332, 'total_links': 222, 'num_tensors': 56}
2026-08-25 07:23:15,839 [INFO]     [4 | right | 1](candidate_pairs: 27/27 | new_swaps: 0 | total: 1) -> {'max_bond': 64, 'max_links': 4, 'total_elems': 52960, 'total_shapes': 1332, 'total_links': 222, 'num_tensors': 56}
2026-08-25 07:23:16,004 [INFO]     [5 | both | 0](candidate_pairs: 28/28 | new_swaps: 0 | total: 0) -> {'max_bond': 64, 'max_links': 4, 'total_elems': 52960, 'total_shapes': 1332, 'total_links': 222, 'num_tensors': 56}
2026-08-25 07:23:16,149 [INFO]     [5 | both | 1](candidate_pairs: 27/27 | new_swaps: 0 | total: 0) -> {'max_bond': 64, 'max_links': 4, 'total_elems': 52960, 'total_shapes': 1332, 'total_links': 222, 'num_tensors': 56}
2026-08-25 07:23:16,211 [INFO]     [5 | left | 0](candidate_pairs: 28/28 | new_swaps: 0 | total: 0) -> {'max_bond': 64, 'max_links': 4, 'total_elems': 52960, 'total_shapes': 1332, 'total_links': 222, 'num_tensors': 56}
2026-08-25 07:23:16,282 [INFO]     [5 | left | 1](candidate_pairs: 27/27 | new_swaps: 0 | total: 0) -> {'max_bond': 64, 'max_links': 4, 'total_elems': 52960, 'total_shapes': 1332, 'total_links': 222, 'num_tensors': 56}
2026-08-25 07:23:16,349 [INFO]     [5 | right | 0](candidate_pairs: 28/28 | new_swaps: 0 | total: 0) -> {'max_bond': 64, 'max_links': 4, 'total_elems': 52960, 'total_shapes': 1332, 'total_links': 222, 'num_tensors': 56}
2026-08-25 07:23:16,419 [INFO]     [5 | right | 1](candidate_pairs: 27/27 | new_swaps: 0 | total: 0) -> {'max_bond': 64, 'max_links': 4, 'total_elems': 52960, 'total_shapes': 1332, 'total_links': 222, 'num_tensors': 56}
2026-08-25 07:23:16,419 [INFO]     [end unswap] -> {'max_bond': 64, 'max_links': 4, 'total_elems': 52960, 'total_shapes': 1332, 'total_links': 222, 'num_tensors': 56}
2026-08-25 07:23:16,459 [INFO] [start rewire](phase=post_unswap, cycle=26, side=left, layers=1469, trials=20, seed=123, parallel=False, route_candidates=1, route_score=none)
2026-08-25 07:23:17,957 [INFO] [end rewire](phase=post_unswap, cycle=26, side=left, routed_layers=1397, elapsed_s=1.50)
2026-08-25 07:23:17,957 [INFO] [start rewire](phase=post_unswap, cycle=26, side=right, layers=1543, trials=20, seed=123, parallel=False, route_candidates=1, route_score=none)
2026-08-25 07:23:19,237 [INFO] [end rewire](phase=post_unswap, cycle=26, side=right, routed_layers=1642, elapsed_s=1.28)
2026-08-25 07:23:19,353 [INFO] [1L/1395](swap: 14, u: 0 | c_u: 0 | t_u_l: 51/942 | t_u_r: 70/943 | t_u: 121/1885) -> {'max_bond': 64, 'max_links': 4, 'total_elems': 52960, 'total_shapes': 1332, 'total_links': 222, 'num_tensors': 56}
2026-08-25 07:23:19,437 [INFO] [1R/1640](swap: 11, u: 0 | c_u: 0 | t_u_l: 51/942 | t_u_r: 70/943 | t_u: 121/1885) -> {'max_bond': 64, 'max_links': 4, 'total_elems': 70956, 'total_shapes': 1544, 'total_links': 222, 'num_tensors': 56}
2026-08-25 07:23:19,577 [INFO] [2L/1395](swap: 14, u: 0 | c_u: 0 | t_u_l: 51/942 | t_u_r: 70/943 | t_u: 121/1885) -> {'max_bond': 64, 'max_links': 4, 'total_elems': 83060, 'total_shapes': 1736, 'total_links': 222, 'num_tensors': 56}
2026-08-25 07:23:19,734 [INFO] [3L/1395](swap: 8, u: 1 | c_u: 1 | t_u_l: 52/942 | t_u_r: 70/943 | t_u: 122/1885) -> {'max_bond': 64, 'max_links': 4, 'total_elems': 121312, 'total_shapes': 2062, 'total_links': 222, 'num_tensors': 56}
2026-08-25 07:23:19,955 [INFO]     [start unswap] -> {'max_bond': 64, 'max_links': 4, 'total_elems': 121312, 'total_shapes': 2062, 'total_links': 222, 'num_tensors': 56}
2026-08-25 07:23:22,113 [INFO]     [0 | both | 0](candidate_pairs: 28/28 | new_swaps: 4 | total: 4) -> {'max_bond': 256, 'max_links': 4, 'total_elems': 236164, 'total_shapes': 2526, 'total_links': 222, 'num_tensors': 56}
2026-08-25 07:23:22,816 [INFO]     [0 | both | 1](candidate_pairs: 27/27 | new_swaps: 6 | total: 10) -> {'max_bond': 64, 'max_links': 4, 'total_elems': 115972, 'total_shapes': 1954, 'total_links': 222, 'num_tensors': 56}
2026-08-25 07:23:23,058 [INFO]     [0 | left | 0](candidate_pairs: 28/28 | new_swaps: 9 | total: 19) -> {'max_bond': 64, 'max_links': 4, 'total_elems': 85764, 'total_shapes': 1718, 'total_links': 222, 'num_tensors': 56}
2026-08-25 07:23:23,201 [INFO]     [0 | left | 1](candidate_pairs: 27/27 | new_swaps: 7 | total: 26) -> {'max_bond': 64, 'max_links': 4, 'total_elems': 59236, 'total_shapes': 1472, 'total_links': 222, 'num_tensors': 56}
2026-08-25 07:23:23,309 [INFO]     [0 | right | 0](candidate_pairs: 28/28 | new_swaps: 4 | total: 30) -> {'max_bond': 64, 'max_links': 4, 'total_elems': 56500, 'total_shapes': 1424, 'total_links': 222, 'num_tensors': 56}
2026-08-25 07:23:23,424 [INFO]     [0 | right | 1](candidate_pairs: 27/27 | new_swaps: 5 | total: 35) -> {'max_bond': 64, 'max_links': 4, 'total_elems': 53380, 'total_shapes': 1366, 'total_links': 222, 'num_tensors': 56}
2026-08-25 07:23:23,656 [INFO]     [1 | both | 0](candidate_pairs: 28/28 | new_swaps: 2 | total: 2) -> {'max_bond': 64, 'max_links': 4, 'total_elems': 53356, 'total_shapes': 1362, 'total_links': 222, 'num_tensors': 56}
2026-08-25 07:23:23,860 [INFO]     [1 | both | 1](candidate_pairs: 27/27 | new_swaps: 1 | total: 3) -> {'max_bond': 64, 'max_links': 4, 'total_elems': 53344, 'total_shapes': 1360, 'total_links': 222, 'num_tensors': 56}
2026-08-25 07:23:23,929 [INFO]     [1 | left | 0](candidate_pairs: 28/28 | new_swaps: 0 | total: 3) -> {'max_bond': 64, 'max_links': 4, 'total_elems': 53344, 'total_shapes': 1360, 'total_links': 222, 'num_tensors': 56}
2026-08-25 07:23:23,997 [INFO]     [1 | left | 1](candidate_pairs: 27/27 | new_swaps: 0 | total: 3) -> {'max_bond': 64, 'max_links': 4, 'total_elems': 53344, 'total_shapes': 1360, 'total_links': 222, 'num_tensors': 56}
2026-08-25 07:23:24,087 [INFO]     [1 | right | 0](candidate_pairs: 28/28 | new_swaps: 1 | total: 4) -> {'max_bond': 64, 'max_links': 4, 'total_elems': 53296, 'total_shapes': 1356, 'total_links': 222, 'num_tensors': 56}
2026-08-25 07:23:24,157 [INFO]     [1 | right | 1](candidate_pairs: 27/27 | new_swaps: 0 | total: 4) -> {'max_bond': 64, 'max_links': 4, 'total_elems': 53296, 'total_shapes': 1356, 'total_links': 222, 'num_tensors': 56}
2026-08-25 07:23:24,323 [INFO]     [2 | both | 0](candidate_pairs: 28/28 | new_swaps: 0 | total: 0) -> {'max_bond': 64, 'max_links': 4, 'total_elems': 53296, 'total_shapes': 1356, 'total_links': 222, 'num_tensors': 56}
2026-08-25 07:23:24,535 [INFO]     [2 | both | 1](candidate_pairs: 27/27 | new_swaps: 1 | total: 1) -> {'max_bond': 64, 'max_links': 4, 'total_elems': 53248, 'total_shapes': 1350, 'total_links': 222, 'num_tensors': 56}
2026-08-25 07:23:24,602 [INFO]     [2 | left | 0](candidate_pairs: 28/28 | new_swaps: 0 | total: 1) -> {'max_bond': 64, 'max_links': 4, 'total_elems': 53248, 'total_shapes': 1350, 'total_links': 222, 'num_tensors': 56}
2026-08-25 07:23:24,675 [INFO]     [2 | left | 1](candidate_pairs: 27/27 | new_swaps: 0 | total: 1) -> {'max_bond': 64, 'max_links': 4, 'total_elems': 53248, 'total_shapes': 1350, 'total_links': 222, 'num_tensors': 56}
2026-08-25 07:23:24,739 [INFO]     [2 | right | 0](candidate_pairs: 28/28 | new_swaps: 0 | total: 1) -> {'max_bond': 64, 'max_links': 4, 'total_elems': 53248, 'total_shapes': 1350, 'total_links': 222, 'num_tensors': 56}
2026-08-25 07:23:24,811 [INFO]     [2 | right | 1](candidate_pairs: 27/27 | new_swaps: 0 | total: 1) -> {'max_bond': 64, 'max_links': 4, 'total_elems': 53248, 'total_shapes': 1350, 'total_links': 222, 'num_tensors': 56}
2026-08-25 07:23:24,973 [INFO]     [3 | both | 0](candidate_pairs: 28/28 | new_swaps: 0 | total: 0) -> {'max_bond': 64, 'max_links': 4, 'total_elems': 53248, 'total_shapes': 1350, 'total_links': 222, 'num_tensors': 56}
2026-08-25 07:23:25,133 [INFO]     [3 | both | 1](candidate_pairs: 27/27 | new_swaps: 0 | total: 0) -> {'max_bond': 64, 'max_links': 4, 'total_elems': 53248, 'total_shapes': 1350, 'total_links': 222, 'num_tensors': 56}
2026-08-25 07:23:25,199 [INFO]     [3 | left | 0](candidate_pairs: 28/28 | new_swaps: 0 | total: 0) -> {'max_bond': 64, 'max_links': 4, 'total_elems': 53248, 'total_shapes': 1350, 'total_links': 222, 'num_tensors': 56}
2026-08-25 07:23:25,271 [INFO]     [3 | left | 1](candidate_pairs: 27/27 | new_swaps: 0 | total: 0) -> {'max_bond': 64, 'max_links': 4, 'total_elems': 53248, 'total_shapes': 1350, 'total_links': 222, 'num_tensors': 56}
2026-08-25 07:23:25,336 [INFO]     [3 | right | 0](candidate_pairs: 28/28 | new_swaps: 0 | total: 0) -> {'max_bond': 64, 'max_links': 4, 'total_elems': 53248, 'total_shapes': 1350, 'total_links': 222, 'num_tensors': 56}
2026-08-25 07:23:25,410 [INFO]     [3 | right | 1](candidate_pairs: 27/27 | new_swaps: 0 | total: 0) -> {'max_bond': 64, 'max_links': 4, 'total_elems': 53248, 'total_shapes': 1350, 'total_links': 222, 'num_tensors': 56}
2026-08-25 07:23:25,411 [INFO]     [end unswap] -> {'max_bond': 64, 'max_links': 4, 'total_elems': 53248, 'total_shapes': 1350, 'total_links': 222, 'num_tensors': 56}
2026-08-25 07:23:25,412 [INFO] [start rewire](phase=post_unswap, cycle=27, side=left, layers=1394, trials=20, seed=123, parallel=False, route_candidates=1, route_score=none)
2026-08-25 07:23:26,891 [INFO] [end rewire](phase=post_unswap, cycle=27, side=left, routed_layers=1464, elapsed_s=1.48)
2026-08-25 07:23:26,891 [INFO] [start rewire](phase=post_unswap, cycle=27, side=right, layers=1641, trials=20, seed=123, parallel=False, route_candidates=1, route_score=none)
2026-08-25 07:23:28,217 [INFO] [end rewire](phase=post_unswap, cycle=27, side=right, routed_layers=1574, elapsed_s=1.33)
2026-08-25 07:23:28,334 [INFO] [1L/1462](swap: 14, u: 1 | c_u: 1 | t_u_l: 53/942 | t_u_r: 70/943 | t_u: 123/1885) -> {'max_bond': 64, 'max_links': 4, 'total_elems': 53248, 'total_shapes': 1350, 'total_links': 222, 'num_tensors': 56}
2026-08-25 07:23:28,421 [INFO] [1R/1572](swap: 10, u: 0 | c_u: 1 | t_u_l: 53/942 | t_u_r: 70/943 | t_u: 123/1885) -> {'max_bond': 64, 'max_links': 4, 'total_elems': 70372, 'total_shapes': 1512, 'total_links': 222, 'num_tensors': 56}
2026-08-25 07:23:28,565 [INFO] [2L/1462](swap: 10, u: 1 | c_u: 2 | t_u_l: 54/942 | t_u_r: 70/943 | t_u: 124/1885) -> {'max_bond': 64, 'max_links': 4, 'total_elems': 80852, 'total_shapes': 1688, 'total_links': 222, 'num_tensors': 56}
2026-08-25 07:23:28,752 [INFO] [3L/1462](swap: 15, u: 0 | c_u: 2 | t_u_l: 54/942 | t_u_r: 70/943 | t_u: 124/1885) -> {'max_bond': 128, 'max_links': 4, 'total_elems': 141680, 'total_shapes': 2070, 'total_links': 222, 'num_tensors': 56}
2026-08-25 07:23:29,066 [INFO] [2R/1572](swap: 9, u: 0 | c_u: 2 | t_u_l: 54/942 | t_u_r: 70/943 | t_u: 124/1885) -> {'max_bond': 79, 'max_links': 4, 'total_elems': 116224, 'total_shapes': 2032, 'total_links': 222, 'num_tensors': 56}
2026-08-25 07:23:29,294 [INFO] [3R/1572](swap: 8, u: 0 | c_u: 2 | t_u_l: 54/942 | t_u_r: 70/943 | t_u: 124/1885) -> {'max_bond': 128, 'max_links': 4, 'total_elems': 155736, 'total_shapes': 2332, 'total_links': 222, 'num_tensors': 56}
2026-08-25 07:23:29,577 [INFO] [4R/1572](swap: 6, u: 0 | c_u: 2 | t_u_l: 54/942 | t_u_r: 70/943 | t_u: 124/1885) -> {'max_bond': 128, 'max_links': 4, 'total_elems': 240496, 'total_shapes': 2742, 'total_links': 222, 'num_tensors': 56}
2026-08-25 07:23:29,986 [INFO] [5R/1572](swap: 6, u: 0 | c_u: 2 | t_u_l: 54/942 | t_u_r: 70/943 | t_u: 124/1885) -> {'max_bond': 128, 'max_links': 4, 'total_elems': 266008, 'total_shapes': 2992, 'total_links': 222, 'num_tensors': 56}
2026-08-25 07:23:30,437 [INFO] [6R/1572](swap: 4, u: 1 | c_u: 3 | t_u_l: 54/942 | t_u_r: 71/943 | t_u: 125/1885) -> {'max_bond': 128, 'max_links': 4, 'total_elems': 325584, 'total_shapes': 3386, 'total_links': 222, 'num_tensors': 56}
2026-08-25 07:23:31,042 [INFO] [4L/1462](swap: 10, u: 2 | c_u: 5 | t_u_l: 56/942 | t_u_r: 71/943 | t_u: 127/1885) -> {'max_bond': 128, 'max_links': 4, 'total_elems': 600304, 'total_shapes': 4404, 'total_links': 222, 'num_tensors': 56}
2026-08-25 07:23:32,221 [INFO]     [start unswap] -> {'max_bond': 128, 'max_links': 4, 'total_elems': 600304, 'total_shapes': 4404, 'total_links': 222, 'num_tensors': 56}
2026-08-25 07:23:37,762 [INFO]     [0 | both | 0](candidate_pairs: 28/28 | new_swaps: 7 | total: 7) -> {'max_bond': 128, 'max_links': 4, 'total_elems': 511432, 'total_shapes': 4200, 'total_links': 222, 'num_tensors': 56}
2026-08-25 07:23:40,046 [INFO]     [0 | both | 1](candidate_pairs: 27/27 | new_swaps: 6 | total: 13) -> {'max_bond': 128, 'max_links': 4, 'total_elems': 387272, 'total_shapes': 3448, 'total_links': 222, 'num_tensors': 56}
2026-08-25 07:23:41,258 [INFO]     [0 | left | 0](candidate_pairs: 28/28 | new_swaps: 12 | total: 25) -> {'max_bond': 128, 'max_links': 4, 'total_elems': 292416, 'total_shapes': 2982, 'total_links': 222, 'num_tensors': 56}
2026-08-25 07:23:41,989 [INFO]     [0 | left | 1](candidate_pairs: 27/27 | new_swaps: 8 | total: 33) -> {'max_bond': 128, 'max_links': 4, 'total_elems': 227752, 'total_shapes': 2654, 'total_links': 222, 'num_tensors': 56}
2026-08-25 07:23:42,439 [INFO]     [0 | right | 0](candidate_pairs: 28/28 | new_swaps: 4 | total: 37) -> {'max_bond': 128, 'max_links': 4, 'total_elems': 211392, 'total_shapes': 2500, 'total_links': 222, 'num_tensors': 56}
2026-08-25 07:23:42,862 [INFO]     [0 | right | 1](candidate_pairs: 27/27 | new_swaps: 6 | total: 43) -> {'max_bond': 128, 'max_links': 4, 'total_elems': 200536, 'total_shapes': 2370, 'total_links': 222, 'num_tensors': 56}
2026-08-25 07:23:43,773 [INFO]     [1 | both | 0](candidate_pairs: 28/28 | new_swaps: 5 | total: 5) -> {'max_bond': 128, 'max_links': 4, 'total_elems': 171648, 'total_shapes': 2184, 'total_links': 222, 'num_tensors': 56}
2026-08-25 07:23:44,429 [INFO]     [1 | both | 1](candidate_pairs: 27/27 | new_swaps: 4 | total: 9) -> {'max_bond': 128, 'max_links': 4, 'total_elems': 154816, 'total_shapes': 2038, 'total_links': 222, 'num_tensors': 56}
2026-08-25 07:23:44,807 [INFO]     [1 | left | 0](candidate_pairs: 28/28 | new_swaps: 5 | total: 14) -> {'max_bond': 128, 'max_links': 4, 'total_elems': 150668, 'total_shapes': 1940, 'total_links': 222, 'num_tensors': 56}
2026-08-25 07:23:45,029 [INFO]     [1 | left | 1](candidate_pairs: 27/27 | new_swaps: 0 | total: 14) -> {'max_bond': 128, 'max_links': 4, 'total_elems': 150668, 'total_shapes': 1940, 'total_links': 222, 'num_tensors': 56}
2026-08-25 07:23:45,397 [INFO]     [1 | right | 0](candidate_pairs: 28/28 | new_swaps: 3 | total: 17) -> {'max_bond': 128, 'max_links': 4, 'total_elems': 149100, 'total_shapes': 1896, 'total_links': 222, 'num_tensors': 56}
2026-08-25 07:23:45,665 [INFO]     [1 | right | 1](candidate_pairs: 27/27 | new_swaps: 2 | total: 19) -> {'max_bond': 128, 'max_links': 4, 'total_elems': 148716, 'total_shapes': 1880, 'total_links': 222, 'num_tensors': 56}
2026-08-25 07:23:46,404 [INFO]     [2 | both | 0](candidate_pairs: 28/28 | new_swaps: 3 | total: 3) -> {'max_bond': 128, 'max_links': 4, 'total_elems': 147564, 'total_shapes': 1844, 'total_links': 222, 'num_tensors': 56}
2026-08-25 07:23:46,994 [INFO]     [2 | both | 1](candidate_pairs: 27/27 | new_swaps: 4 | total: 7) -> {'max_bond': 128, 'max_links': 4, 'total_elems': 146688, 'total_shapes': 1810, 'total_links': 222, 'num_tensors': 56}
2026-08-25 07:23:47,345 [INFO]     [2 | left | 0](candidate_pairs: 28/28 | new_swaps: 1 | total: 8) -> {'max_bond': 128, 'max_links': 4, 'total_elems': 146400, 'total_shapes': 1798, 'total_links': 222, 'num_tensors': 56}
2026-08-25 07:23:47,555 [INFO]     [2 | left | 1](candidate_pairs: 27/27 | new_swaps: 0 | total: 8) -> {'max_bond': 128, 'max_links': 4, 'total_elems': 146400, 'total_shapes': 1798, 'total_links': 222, 'num_tensors': 56}
2026-08-25 07:23:47,853 [INFO]     [2 | right | 0](candidate_pairs: 28/28 | new_swaps: 0 | total: 8) -> {'max_bond': 128, 'max_links': 4, 'total_elems': 146400, 'total_shapes': 1798, 'total_links': 222, 'num_tensors': 56}
2026-08-25 07:23:48,062 [INFO]     [2 | right | 1](candidate_pairs: 27/27 | new_swaps: 0 | total: 8) -> {'max_bond': 128, 'max_links': 4, 'total_elems': 146400, 'total_shapes': 1798, 'total_links': 222, 'num_tensors': 56}
2026-08-25 07:23:48,687 [INFO]     [3 | both | 0](candidate_pairs: 28/28 | new_swaps: 0 | total: 0) -> {'max_bond': 128, 'max_links': 4, 'total_elems': 146400, 'total_shapes': 1798, 'total_links': 222, 'num_tensors': 56}
2026-08-25 07:23:49,162 [INFO]     [3 | both | 1](candidate_pairs: 27/27 | new_swaps: 0 | total: 0) -> {'max_bond': 128, 'max_links': 4, 'total_elems': 146400, 'total_shapes': 1798, 'total_links': 222, 'num_tensors': 56}
2026-08-25 07:23:49,465 [INFO]     [3 | left | 0](candidate_pairs: 28/28 | new_swaps: 0 | total: 0) -> {'max_bond': 128, 'max_links': 4, 'total_elems': 146400, 'total_shapes': 1798, 'total_links': 222, 'num_tensors': 56}
2026-08-25 07:23:49,678 [INFO]     [3 | left | 1](candidate_pairs: 27/27 | new_swaps: 0 | total: 0) -> {'max_bond': 128, 'max_links': 4, 'total_elems': 146400, 'total_shapes': 1798, 'total_links': 222, 'num_tensors': 56}
2026-08-25 07:23:49,975 [INFO]     [3 | right | 0](candidate_pairs: 28/28 | new_swaps: 0 | total: 0) -> {'max_bond': 128, 'max_links': 4, 'total_elems': 146400, 'total_shapes': 1798, 'total_links': 222, 'num_tensors': 56}
2026-08-25 07:23:50,176 [INFO]     [3 | right | 1](candidate_pairs: 27/27 | new_swaps: 0 | total: 0) -> {'max_bond': 128, 'max_links': 4, 'total_elems': 146400, 'total_shapes': 1798, 'total_links': 222, 'num_tensors': 56}
2026-08-25 07:23:50,176 [INFO]     [end unswap] -> {'max_bond': 128, 'max_links': 4, 'total_elems': 146400, 'total_shapes': 1798, 'total_links': 222, 'num_tensors': 56}
2026-08-25 07:23:50,218 [INFO] [start rewire](phase=post_unswap, cycle=28, side=left, layers=1460, trials=20, seed=123, parallel=False, route_candidates=1, route_score=none)
2026-08-25 07:23:51,501 [INFO] [end rewire](phase=post_unswap, cycle=28, side=left, routed_layers=1737, elapsed_s=1.28)
2026-08-25 07:23:51,501 [INFO] [start rewire](phase=post_unswap, cycle=28, side=right, layers=1568, trials=20, seed=123, parallel=False, route_candidates=1, route_score=none)
2026-08-25 07:23:52,824 [INFO] [end rewire](phase=post_unswap, cycle=28, side=right, routed_layers=1584, elapsed_s=1.32)
2026-08-25 07:23:53,023 [INFO] [1L/1735](swap: 12, u: 3 | c_u: 3 | t_u_l: 59/942 | t_u_r: 71/943 | t_u: 130/1885) -> {'max_bond': 128, 'max_links': 4, 'total_elems': 146400, 'total_shapes': 1798, 'total_links': 222, 'num_tensors': 56}
2026-08-25 07:23:53,268 [INFO] [1R/1582](swap: 8, u: 0 | c_u: 3 | t_u_l: 59/942 | t_u_r: 71/943 | t_u: 130/1885) -> {'max_bond': 128, 'max_links': 4, 'total_elems': 150852, 'total_shapes': 1908, 'total_links': 222, 'num_tensors': 56}
2026-08-25 07:23:53,512 [INFO] [2R/1582](swap: 9, u: 0 | c_u: 3 | t_u_l: 59/942 | t_u_r: 71/943 | t_u: 130/1885) -> {'max_bond': 128, 'max_links': 4, 'total_elems': 158388, 'total_shapes': 2076, 'total_links': 222, 'num_tensors': 56}
2026-08-25 07:23:53,766 [INFO] [3R/1582](swap: 6, u: 1 | c_u: 4 | t_u_l: 59/942 | t_u_r: 72/943 | t_u: 131/1885) -> {'max_bond': 128, 'max_links': 4, 'total_elems': 166972, 'total_shapes': 2224, 'total_links': 222, 'num_tensors': 56}
2026-08-25 07:23:54,019 [INFO] [4R/1582](swap: 6, u: 0 | c_u: 4 | t_u_l: 59/942 | t_u_r: 72/943 | t_u: 131/1885) -> {'max_bond': 128, 'max_links': 4, 'total_elems': 169348, 'total_shapes': 2270, 'total_links': 222, 'num_tensors': 56}
2026-08-25 07:23:54,279 [INFO] [5R/1582](swap: 7, u: 0 | c_u: 4 | t_u_l: 59/942 | t_u_r: 72/943 | t_u: 131/1885) -> {'max_bond': 128, 'max_links': 4, 'total_elems': 189508, 'total_shapes': 2526, 'total_links': 222, 'num_tensors': 56}
2026-08-25 07:23:54,553 [INFO] [2L/1735](swap: 13, u: 2 | c_u: 6 | t_u_l: 61/942 | t_u_r: 72/943 | t_u: 133/1885) -> {'max_bond': 128, 'max_links': 4, 'total_elems': 224452, 'total_shapes': 2718, 'total_links': 222, 'num_tensors': 56}
2026-08-25 07:23:54,892 [INFO] [6R/1582](swap: 6, u: 0 | c_u: 6 | t_u_l: 61/942 | t_u_r: 72/943 | t_u: 133/1885) -> {'max_bond': 128, 'max_links': 4, 'total_elems': 275140, 'total_shapes': 3134, 'total_links': 222, 'num_tensors': 56}
2026-08-25 07:23:55,385 [INFO] [3L/1735](swap: 10, u: 2 | c_u: 8 | t_u_l: 63/942 | t_u_r: 72/943 | t_u: 135/1885) -> {'max_bond': 128, 'max_links': 4, 'total_elems': 349440, 'total_shapes': 3438, 'total_links': 222, 'num_tensors': 56}
2026-08-25 07:23:55,879 [INFO] [7R/1582](swap: 6, u: 0 | c_u: 8 | t_u_l: 63/942 | t_u_r: 72/943 | t_u: 135/1885) -> {'max_bond': 128, 'max_links': 4, 'total_elems': 482448, 'total_shapes': 4086, 'total_links': 222, 'num_tensors': 56}
2026-08-25 07:23:56,971 [INFO]     [start unswap] -> {'max_bond': 128, 'max_links': 4, 'total_elems': 482448, 'total_shapes': 4086, 'total_links': 222, 'num_tensors': 56}
2026-08-25 07:24:00,935 [INFO]     [0 | both | 0](candidate_pairs: 28/28 | new_swaps: 4 | total: 4) -> {'max_bond': 254, 'max_links': 4, 'total_elems': 676272, 'total_shapes': 4572, 'total_links': 222, 'num_tensors': 56}
2026-08-25 07:24:06,541 [INFO]     [0 | both | 1](candidate_pairs: 27/27 | new_swaps: 11 | total: 15) -> {'max_bond': 252, 'max_links': 4, 'total_elems': 495520, 'total_shapes': 3568, 'total_links': 222, 'num_tensors': 56}
2026-08-25 07:24:07,846 [INFO]     [0 | left | 0](candidate_pairs: 28/28 | new_swaps: 11 | total: 26) -> {'max_bond': 128, 'max_links': 4, 'total_elems': 207344, 'total_shapes': 2602, 'total_links': 222, 'num_tensors': 56}
2026-08-25 07:24:08,279 [INFO]     [0 | left | 1](candidate_pairs: 27/27 | new_swaps: 13 | total: 39) -> {'max_bond': 64, 'max_links': 4, 'total_elems': 100912, 'total_shapes': 1982, 'total_links': 222, 'num_tensors': 56}
2026-08-25 07:24:08,436 [INFO]     [0 | right | 0](candidate_pairs: 28/28 | new_swaps: 9 | total: 48) -> {'max_bond': 64, 'max_links': 4, 'total_elems': 81552, 'total_shapes': 1724, 'total_links': 222, 'num_tensors': 56}
2026-08-25 07:24:08,571 [INFO]     [0 | right | 1](candidate_pairs: 27/27 | new_swaps: 5 | total: 53) -> {'max_bond': 64, 'max_links': 4, 'total_elems': 78624, 'total_shapes': 1644, 'total_links': 222, 'num_tensors': 56}
2026-08-25 07:24:08,834 [INFO]     [1 | both | 0](candidate_pairs: 28/28 | new_swaps: 9 | total: 9) -> {'max_bond': 64, 'max_links': 4, 'total_elems': 66856, 'total_shapes': 1500, 'total_links': 222, 'num_tensors': 56}
2026-08-25 07:24:09,084 [INFO]     [1 | both | 1](candidate_pairs: 27/27 | new_swaps: 4 | total: 13) -> {'max_bond': 64, 'max_links': 4, 'total_elems': 62752, 'total_shapes': 1450, 'total_links': 222, 'num_tensors': 56}
2026-08-25 07:24:09,224 [INFO]     [1 | left | 0](candidate_pairs: 28/28 | new_swaps: 4 | total: 17) -> {'max_bond': 64, 'max_links': 4, 'total_elems': 43648, 'total_shapes': 1314, 'total_links': 222, 'num_tensors': 56}
2026-08-25 07:24:09,305 [INFO]     [1 | left | 1](candidate_pairs: 27/27 | new_swaps: 3 | total: 20) -> {'max_bond': 32, 'max_links': 4, 'total_elems': 33408, 'total_shapes': 1202, 'total_links': 222, 'num_tensors': 56}
2026-08-25 07:24:09,363 [INFO]     [1 | right | 0](candidate_pairs: 28/28 | new_swaps: 1 | total: 21) -> {'max_bond': 32, 'max_links': 4, 'total_elems': 30336, 'total_shapes': 1170, 'total_links': 222, 'num_tensors': 56}
2026-08-25 07:24:09,423 [INFO]     [1 | right | 1](candidate_pairs: 27/27 | new_swaps: 2 | total: 23) -> {'max_bond': 32, 'max_links': 4, 'total_elems': 30088, 'total_shapes': 1158, 'total_links': 222, 'num_tensors': 56}
2026-08-25 07:24:09,555 [INFO]     [2 | both | 0](candidate_pairs: 28/28 | new_swaps: 4 | total: 4) -> {'max_bond': 32, 'max_links': 4, 'total_elems': 29264, 'total_shapes': 1120, 'total_links': 222, 'num_tensors': 56}
2026-08-25 07:24:09,683 [INFO]     [2 | both | 1](candidate_pairs: 27/27 | new_swaps: 2 | total: 6) -> {'max_bond': 32, 'max_links': 4, 'total_elems': 26032, 'total_shapes': 1080, 'total_links': 222, 'num_tensors': 56}
2026-08-25 07:24:09,738 [INFO]     [2 | left | 0](candidate_pairs: 28/28 | new_swaps: 1 | total: 7) -> {'max_bond': 32, 'max_links': 4, 'total_elems': 22960, 'total_shapes': 1048, 'total_links': 222, 'num_tensors': 56}
2026-08-25 07:24:09,785 [INFO]     [2 | left | 1](candidate_pairs: 27/27 | new_swaps: 1 | total: 8) -> {'max_bond': 32, 'max_links': 4, 'total_elems': 21936, 'total_shapes': 1032, 'total_links': 222, 'num_tensors': 56}
2026-08-25 07:24:09,815 [INFO]     [2 | right | 0](candidate_pairs: 28/28 | new_swaps: 0 | total: 8) -> {'max_bond': 32, 'max_links': 4, 'total_elems': 21936, 'total_shapes': 1032, 'total_links': 222, 'num_tensors': 56}
2026-08-25 07:24:09,850 [INFO]     [2 | right | 1](candidate_pairs: 27/27 | new_swaps: 0 | total: 8) -> {'max_bond': 32, 'max_links': 4, 'total_elems': 21936, 'total_shapes': 1032, 'total_links': 222, 'num_tensors': 56}
2026-08-25 07:24:09,954 [INFO]     [3 | both | 0](candidate_pairs: 28/28 | new_swaps: 1 | total: 1) -> {'max_bond': 32, 'max_links': 4, 'total_elems': 21168, 'total_shapes': 1016, 'total_links': 222, 'num_tensors': 56}
2026-08-25 07:24:10,053 [INFO]     [3 | both | 1](candidate_pairs: 27/27 | new_swaps: 1 | total: 2) -> {'max_bond': 32, 'max_links': 4, 'total_elems': 20400, 'total_shapes': 1000, 'total_links': 222, 'num_tensors': 56}
2026-08-25 07:24:10,083 [INFO]     [3 | left | 0](candidate_pairs: 28/28 | new_swaps: 0 | total: 2) -> {'max_bond': 32, 'max_links': 4, 'total_elems': 20400, 'total_shapes': 1000, 'total_links': 222, 'num_tensors': 56}
2026-08-25 07:24:10,110 [INFO]     [3 | left | 1](candidate_pairs: 27/27 | new_swaps: 0 | total: 2) -> {'max_bond': 32, 'max_links': 4, 'total_elems': 20400, 'total_shapes': 1000, 'total_links': 222, 'num_tensors': 56}
2026-08-25 07:24:10,140 [INFO]     [3 | right | 0](candidate_pairs: 28/28 | new_swaps: 0 | total: 2) -> {'max_bond': 32, 'max_links': 4, 'total_elems': 20400, 'total_shapes': 1000, 'total_links': 222, 'num_tensors': 56}
2026-08-25 07:24:10,168 [INFO]     [3 | right | 1](candidate_pairs: 27/27 | new_swaps: 0 | total: 2) -> {'max_bond': 32, 'max_links': 4, 'total_elems': 20400, 'total_shapes': 1000, 'total_links': 222, 'num_tensors': 56}
2026-08-25 07:24:10,227 [INFO]     [4 | both | 0](candidate_pairs: 28/28 | new_swaps: 0 | total: 0) -> {'max_bond': 32, 'max_links': 4, 'total_elems': 20400, 'total_shapes': 1000, 'total_links': 222, 'num_tensors': 56}
2026-08-25 07:24:10,283 [INFO]     [4 | both | 1](candidate_pairs: 27/27 | new_swaps: 0 | total: 0) -> {'max_bond': 32, 'max_links': 4, 'total_elems': 20400, 'total_shapes': 1000, 'total_links': 222, 'num_tensors': 56}
2026-08-25 07:24:10,315 [INFO]     [4 | left | 0](candidate_pairs: 28/28 | new_swaps: 0 | total: 0) -> {'max_bond': 32, 'max_links': 4, 'total_elems': 20400, 'total_shapes': 1000, 'total_links': 222, 'num_tensors': 56}
2026-08-25 07:24:10,347 [INFO]     [4 | left | 1](candidate_pairs: 27/27 | new_swaps: 0 | total: 0) -> {'max_bond': 32, 'max_links': 4, 'total_elems': 20400, 'total_shapes': 1000, 'total_links': 222, 'num_tensors': 56}
2026-08-25 07:24:10,376 [INFO]     [4 | right | 0](candidate_pairs: 28/28 | new_swaps: 0 | total: 0) -> {'max_bond': 32, 'max_links': 4, 'total_elems': 20400, 'total_shapes': 1000, 'total_links': 222, 'num_tensors': 56}
2026-08-25 07:24:10,403 [INFO]     [4 | right | 1](candidate_pairs: 27/27 | new_swaps: 0 | total: 0) -> {'max_bond': 32, 'max_links': 4, 'total_elems': 20400, 'total_shapes': 1000, 'total_links': 222, 'num_tensors': 56}
2026-08-25 07:24:10,404 [INFO]     [end unswap] -> {'max_bond': 32, 'max_links': 4, 'total_elems': 20400, 'total_shapes': 1000, 'total_links': 222, 'num_tensors': 56}
2026-08-25 07:24:10,405 [INFO] [start rewire](phase=post_unswap, cycle=29, side=left, layers=1734, trials=20, seed=123, parallel=False, route_candidates=1, route_score=none)
2026-08-25 07:24:11,958 [INFO] [end rewire](phase=post_unswap, cycle=29, side=left, routed_layers=1532, elapsed_s=1.55)
2026-08-25 07:24:11,958 [INFO] [start rewire](phase=post_unswap, cycle=29, side=right, layers=1577, trials=20, seed=123, parallel=False, route_candidates=1, route_score=none)
2026-08-25 07:24:13,291 [INFO] [end rewire](phase=post_unswap, cycle=29, side=right, routed_layers=1515, elapsed_s=1.33)
2026-08-25 07:24:13,395 [INFO] [1L/1530](swap: 10, u: 1 | c_u: 1 | t_u_l: 64/942 | t_u_r: 72/943 | t_u: 136/1885) -> {'max_bond': 32, 'max_links': 4, 'total_elems': 20400, 'total_shapes': 1000, 'total_links': 222, 'num_tensors': 56}
2026-08-25 07:24:13,454 [INFO] [1R/1513](swap: 10, u: 0 | c_u: 1 | t_u_l: 64/942 | t_u_r: 72/943 | t_u: 136/1885) -> {'max_bond': 32, 'max_links': 4, 'total_elems': 23732, 'total_shapes': 1114, 'total_links': 222, 'num_tensors': 56}
2026-08-25 07:24:13,513 [INFO] [2L/1530](swap: 12, u: 0 | c_u: 1 | t_u_l: 64/942 | t_u_r: 72/943 | t_u: 136/1885) -> {'max_bond': 32, 'max_links': 4, 'total_elems': 27360, 'total_shapes': 1190, 'total_links': 222, 'num_tensors': 56}
2026-08-25 07:24:13,569 [INFO] [3L/1530](swap: 8, u: 0 | c_u: 1 | t_u_l: 64/942 | t_u_r: 72/943 | t_u: 136/1885) -> {'max_bond': 32, 'max_links': 4, 'total_elems': 31316, 'total_shapes': 1320, 'total_links': 222, 'num_tensors': 56}
2026-08-25 07:24:13,635 [INFO] [2R/1513](swap: 8, u: 0 | c_u: 1 | t_u_l: 64/942 | t_u_r: 72/943 | t_u: 136/1885) -> {'max_bond': 32, 'max_links': 4, 'total_elems': 37820, 'total_shapes': 1448, 'total_links': 222, 'num_tensors': 56}
2026-08-25 07:24:13,702 [INFO] [3R/1513](swap: 7, u: 0 | c_u: 1 | t_u_l: 64/942 | t_u_r: 72/943 | t_u: 136/1885) -> {'max_bond': 32, 'max_links': 4, 'total_elems': 47260, 'total_shapes': 1630, 'total_links': 222, 'num_tensors': 56}
2026-08-25 07:24:13,784 [INFO] [4L/1530](swap: 5, u: 0 | c_u: 1 | t_u_l: 64/942 | t_u_r: 72/943 | t_u: 136/1885) -> {'max_bond': 64, 'max_links': 4, 'total_elems': 53892, 'total_shapes': 1714, 'total_links': 222, 'num_tensors': 56}
2026-08-25 07:24:13,870 [INFO] [5L/1530](swap: 8, u: 0 | c_u: 1 | t_u_l: 64/942 | t_u_r: 72/943 | t_u: 136/1885) -> {'max_bond': 64, 'max_links': 4, 'total_elems': 61760, 'total_shapes': 1824, 'total_links': 222, 'num_tensors': 56}
2026-08-25 07:24:13,954 [INFO] [6L/1530](swap: 7, u: 0 | c_u: 1 | t_u_l: 64/942 | t_u_r: 72/943 | t_u: 136/1885) -> {'max_bond': 32, 'max_links': 4, 'total_elems': 56992, 'total_shapes': 1822, 'total_links': 222, 'num_tensors': 56}
2026-08-25 07:24:14,033 [INFO] [7L/1530](swap: 6, u: 1 | c_u: 2 | t_u_l: 65/942 | t_u_r: 72/943 | t_u: 137/1885) -> {'max_bond': 32, 'max_links': 4, 'total_elems': 61856, 'total_shapes': 1902, 'total_links': 222, 'num_tensors': 56}
2026-08-25 07:24:14,119 [INFO] [8L/1530](swap: 5, u: 1 | c_u: 3 | t_u_l: 66/942 | t_u_r: 72/943 | t_u: 138/1885) -> {'max_bond': 64, 'max_links': 4, 'total_elems': 74656, 'total_shapes': 2014, 'total_links': 222, 'num_tensors': 56}
2026-08-25 07:24:14,222 [INFO] [4R/1513](swap: 8, u: 0 | c_u: 3 | t_u_l: 66/942 | t_u_r: 72/943 | t_u: 138/1885) -> {'max_bond': 64, 'max_links': 4, 'total_elems': 99260, 'total_shapes': 2320, 'total_links': 222, 'num_tensors': 56}
2026-08-25 07:24:14,361 [INFO] [5R/1513](swap: 7, u: 0 | c_u: 3 | t_u_l: 66/942 | t_u_r: 72/943 | t_u: 138/1885) -> {'max_bond': 64, 'max_links': 4, 'total_elems': 122456, 'total_shapes': 2498, 'total_links': 222, 'num_tensors': 56}
2026-08-25 07:24:14,538 [INFO] [9L/1530](swap: 6, u: 1 | c_u: 4 | t_u_l: 67/942 | t_u_r: 72/943 | t_u: 139/1885) -> {'max_bond': 127, 'max_links': 4, 'total_elems': 179800, 'total_shapes': 2822, 'total_links': 222, 'num_tensors': 56}
2026-08-25 07:24:14,775 [INFO] [10L/1530](swap: 3, u: 2 | c_u: 6 | t_u_l: 69/942 | t_u_r: 72/943 | t_u: 141/1885) -> {'max_bond': 126, 'max_links': 4, 'total_elems': 207832, 'total_shapes': 3106, 'total_links': 222, 'num_tensors': 56}
2026-08-25 07:24:14,987 [INFO] [11L/1530](swap: 3, u: 0 | c_u: 6 | t_u_l: 69/942 | t_u_r: 72/943 | t_u: 141/1885) -> {'max_bond': 128, 'max_links': 4, 'total_elems': 268632, 'total_shapes': 3486, 'total_links': 222, 'num_tensors': 56}
2026-08-25 07:24:15,293 [INFO] [6R/1513](swap: 7, u: 0 | c_u: 6 | t_u_l: 69/942 | t_u_r: 72/943 | t_u: 141/1885) -> {'max_bond': 128, 'max_links': 4, 'total_elems': 373464, 'total_shapes': 4052, 'total_links': 222, 'num_tensors': 56}
2026-08-25 07:24:15,787 [INFO] [12L/1530](swap: 4, u: 0 | c_u: 6 | t_u_l: 69/942 | t_u_r: 72/943 | t_u: 141/1885) -> {'max_bond': 128, 'max_links': 4, 'total_elems': 513752, 'total_shapes': 4386, 'total_links': 222, 'num_tensors': 56}
2026-08-25 07:24:16,702 [INFO]     [start unswap] -> {'max_bond': 128, 'max_links': 4, 'total_elems': 513752, 'total_shapes': 4386, 'total_links': 222, 'num_tensors': 56}
2026-08-25 07:24:21,895 [INFO]     [0 | both | 0](candidate_pairs: 28/28 | new_swaps: 10 | total: 10) -> {'max_bond': 128, 'max_links': 4, 'total_elems': 365848, 'total_shapes': 3836, 'total_links': 222, 'num_tensors': 56}
2026-08-25 07:24:23,177 [INFO]     [0 | both | 1](candidate_pairs: 27/27 | new_swaps: 10 | total: 20) -> {'max_bond': 64, 'max_links': 4, 'total_elems': 198264, 'total_shapes': 2868, 'total_links': 222, 'num_tensors': 56}
2026-08-25 07:24:23,509 [INFO]     [0 | left | 0](candidate_pairs: 28/28 | new_swaps: 8 | total: 28) -> {'max_bond': 64, 'max_links': 4, 'total_elems': 170140, 'total_shapes': 2564, 'total_links': 222, 'num_tensors': 56}
2026-08-25 07:24:23,977 [INFO]     [0 | left | 1](candidate_pairs: 27/27 | new_swaps: 14 | total: 42) -> {'max_bond': 64, 'max_links': 4, 'total_elems': 87832, 'total_shapes': 2080, 'total_links': 222, 'num_tensors': 56}
2026-08-25 07:24:24,099 [INFO]     [0 | right | 0](candidate_pairs: 28/28 | new_swaps: 10 | total: 52) -> {'max_bond': 64, 'max_links': 4, 'total_elems': 52568, 'total_shapes': 1648, 'total_links': 222, 'num_tensors': 56}
2026-08-25 07:24:24,209 [INFO]     [0 | right | 1](candidate_pairs: 27/27 | new_swaps: 10 | total: 62) -> {'max_bond': 64, 'max_links': 4, 'total_elems': 36408, 'total_shapes': 1436, 'total_links': 222, 'num_tensors': 56}
2026-08-25 07:24:24,331 [INFO]     [1 | both | 0](candidate_pairs: 28/28 | new_swaps: 8 | total: 8) -> {'max_bond': 32, 'max_links': 4, 'total_elems': 21976, 'total_shapes': 1196, 'total_links': 222, 'num_tensors': 56}
2026-08-25 07:24:24,433 [INFO]     [1 | both | 1](candidate_pairs: 27/27 | new_swaps: 3 | total: 11) -> {'max_bond': 32, 'max_links': 4, 'total_elems': 19304, 'total_shapes': 1132, 'total_links': 222, 'num_tensors': 56}
2026-08-25 07:24:24,484 [INFO]     [1 | left | 0](candidate_pairs: 28/28 | new_swaps: 3 | total: 14) -> {'max_bond': 16, 'max_links': 4, 'total_elems': 16456, 'total_shapes': 1066, 'total_links': 222, 'num_tensors': 56}
2026-08-25 07:24:24,535 [INFO]     [1 | left | 1](candidate_pairs: 27/27 | new_swaps: 3 | total: 17) -> {'max_bond': 16, 'max_links': 4, 'total_elems': 15160, 'total_shapes': 1030, 'total_links': 222, 'num_tensors': 56}
2026-08-25 07:24:24,582 [INFO]     [1 | right | 0](candidate_pairs: 28/28 | new_swaps: 2 | total: 19) -> {'max_bond': 16, 'max_links': 4, 'total_elems': 14904, 'total_shapes': 1018, 'total_links': 222, 'num_tensors': 56}
2026-08-25 07:24:24,631 [INFO]     [1 | right | 1](candidate_pairs: 27/27 | new_swaps: 3 | total: 22) -> {'max_bond': 16, 'max_links': 4, 'total_elems': 14320, 'total_shapes': 996, 'total_links': 222, 'num_tensors': 56}
2026-08-25 07:24:24,719 [INFO]     [2 | both | 0](candidate_pairs: 28/28 | new_swaps: 2 | total: 2) -> {'max_bond': 16, 'max_links': 4, 'total_elems': 13968, 'total_shapes': 980, 'total_links': 222, 'num_tensors': 56}
2026-08-25 07:24:24,806 [INFO]     [2 | both | 1](candidate_pairs: 27/27 | new_swaps: 2 | total: 4) -> {'max_bond': 16, 'max_links': 4, 'total_elems': 13728, 'total_shapes': 964, 'total_links': 222, 'num_tensors': 56}
2026-08-25 07:24:24,853 [INFO]     [2 | left | 0](candidate_pairs: 28/28 | new_swaps: 2 | total: 6) -> {'max_bond': 16, 'max_links': 4, 'total_elems': 13016, 'total_shapes': 942, 'total_links': 222, 'num_tensors': 56}
2026-08-25 07:24:24,901 [INFO]     [2 | left | 1](candidate_pairs: 27/27 | new_swaps: 2 | total: 8) -> {'max_bond': 16, 'max_links': 4, 'total_elems': 12224, 'total_shapes': 922, 'total_links': 222, 'num_tensors': 56}
2026-08-25 07:24:24,948 [INFO]     [2 | right | 0](candidate_pairs: 28/28 | new_swaps: 2 | total: 10) -> {'max_bond': 16, 'max_links': 4, 'total_elems': 11544, 'total_shapes': 902, 'total_links': 222, 'num_tensors': 56}
2026-08-25 07:24:24,984 [INFO]     [2 | right | 1](candidate_pairs: 27/27 | new_swaps: 1 | total: 11) -> {'max_bond': 16, 'max_links': 4, 'total_elems': 11480, 'total_shapes': 898, 'total_links': 222, 'num_tensors': 56}
2026-08-25 07:24:25,067 [INFO]     [3 | both | 0](candidate_pairs: 28/28 | new_swaps: 2 | total: 2) -> {'max_bond': 16, 'max_links': 4, 'total_elems': 10664, 'total_shapes': 878, 'total_links': 222, 'num_tensors': 56}
2026-08-25 07:24:25,138 [INFO]     [3 | both | 1](candidate_pairs: 27/27 | new_swaps: 1 | total: 3) -> {'max_bond': 16, 'max_links': 4, 'total_elems': 10652, 'total_shapes': 876, 'total_links': 222, 'num_tensors': 56}
2026-08-25 07:24:25,160 [INFO]     [3 | left | 0](candidate_pairs: 28/28 | new_swaps: 0 | total: 3) -> {'max_bond': 16, 'max_links': 4, 'total_elems': 10652, 'total_shapes': 876, 'total_links': 222, 'num_tensors': 56}
2026-08-25 07:24:25,197 [INFO]     [3 | left | 1](candidate_pairs: 27/27 | new_swaps: 1 | total: 4) -> {'max_bond': 16, 'max_links': 4, 'total_elems': 9884, 'total_shapes': 860, 'total_links': 222, 'num_tensors': 56}
2026-08-25 07:24:25,233 [INFO]     [3 | right | 0](candidate_pairs: 28/28 | new_swaps: 1 | total: 5) -> {'max_bond': 16, 'max_links': 4, 'total_elems': 9836, 'total_shapes': 856, 'total_links': 222, 'num_tensors': 56}
2026-08-25 07:24:25,253 [INFO]     [3 | right | 1](candidate_pairs: 27/27 | new_swaps: 0 | total: 5) -> {'max_bond': 16, 'max_links': 4, 'total_elems': 9836, 'total_shapes': 856, 'total_links': 222, 'num_tensors': 56}
2026-08-25 07:24:25,294 [INFO]     [4 | both | 0](candidate_pairs: 28/28 | new_swaps: 0 | total: 0) -> {'max_bond': 16, 'max_links': 4, 'total_elems': 9836, 'total_shapes': 856, 'total_links': 222, 'num_tensors': 56}
2026-08-25 07:24:25,366 [INFO]     [4 | both | 1](candidate_pairs: 27/27 | new_swaps: 1 | total: 1) -> {'max_bond': 16, 'max_links': 4, 'total_elems': 9788, 'total_shapes': 852, 'total_links': 222, 'num_tensors': 56}
2026-08-25 07:24:25,411 [INFO]     [4 | left | 0](candidate_pairs: 28/28 | new_swaps: 2 | total: 3) -> {'max_bond': 16, 'max_links': 4, 'total_elems': 8948, 'total_shapes': 830, 'total_links': 222, 'num_tensors': 56}
2026-08-25 07:24:25,456 [INFO]     [4 | left | 1](candidate_pairs: 27/27 | new_swaps: 2 | total: 5) -> {'max_bond': 16, 'max_links': 4, 'total_elems': 8140, 'total_shapes': 802, 'total_links': 222, 'num_tensors': 56}
2026-08-25 07:24:25,475 [INFO]     [4 | right | 0](candidate_pairs: 28/28 | new_swaps: 0 | total: 5) -> {'max_bond': 16, 'max_links': 4, 'total_elems': 8140, 'total_shapes': 802, 'total_links': 222, 'num_tensors': 56}
2026-08-25 07:24:25,495 [INFO]     [4 | right | 1](candidate_pairs: 27/27 | new_swaps: 0 | total: 5) -> {'max_bond': 16, 'max_links': 4, 'total_elems': 8140, 'total_shapes': 802, 'total_links': 222, 'num_tensors': 56}
2026-08-25 07:24:25,566 [INFO]     [5 | both | 0](candidate_pairs: 28/28 | new_swaps: 1 | total: 1) -> {'max_bond': 16, 'max_links': 4, 'total_elems': 7948, 'total_shapes': 794, 'total_links': 222, 'num_tensors': 56}
2026-08-25 07:24:25,635 [INFO]     [5 | both | 1](candidate_pairs: 27/27 | new_swaps: 1 | total: 2) -> {'max_bond': 16, 'max_links': 4, 'total_elems': 7936, 'total_shapes': 792, 'total_links': 222, 'num_tensors': 56}
2026-08-25 07:24:25,671 [INFO]     [5 | left | 0](candidate_pairs: 28/28 | new_swaps: 1 | total: 3) -> {'max_bond': 16, 'max_links': 4, 'total_elems': 7888, 'total_shapes': 788, 'total_links': 222, 'num_tensors': 56}
2026-08-25 07:24:25,706 [INFO]     [5 | left | 1](candidate_pairs: 27/27 | new_swaps: 1 | total: 4) -> {'max_bond': 16, 'max_links': 4, 'total_elems': 7840, 'total_shapes': 782, 'total_links': 222, 'num_tensors': 56}
2026-08-25 07:24:25,725 [INFO]     [5 | right | 0](candidate_pairs: 28/28 | new_swaps: 0 | total: 4) -> {'max_bond': 16, 'max_links': 4, 'total_elems': 7840, 'total_shapes': 782, 'total_links': 222, 'num_tensors': 56}
2026-08-25 07:24:25,744 [INFO]     [5 | right | 1](candidate_pairs: 27/27 | new_swaps: 0 | total: 4) -> {'max_bond': 16, 'max_links': 4, 'total_elems': 7840, 'total_shapes': 782, 'total_links': 222, 'num_tensors': 56}
2026-08-25 07:24:25,814 [INFO]     [6 | both | 0](candidate_pairs: 28/28 | new_swaps: 1 | total: 1) -> {'max_bond': 16, 'max_links': 4, 'total_elems': 7828, 'total_shapes': 780, 'total_links': 222, 'num_tensors': 56}
2026-08-25 07:24:25,852 [INFO]     [6 | both | 1](candidate_pairs: 27/27 | new_swaps: 0 | total: 1) -> {'max_bond': 16, 'max_links': 4, 'total_elems': 7828, 'total_shapes': 780, 'total_links': 222, 'num_tensors': 56}
2026-08-25 07:24:25,872 [INFO]     [6 | left | 0](candidate_pairs: 28/28 | new_swaps: 0 | total: 1) -> {'max_bond': 16, 'max_links': 4, 'total_elems': 7828, 'total_shapes': 780, 'total_links': 222, 'num_tensors': 56}
2026-08-25 07:24:25,892 [INFO]     [6 | left | 1](candidate_pairs: 27/27 | new_swaps: 0 | total: 1) -> {'max_bond': 16, 'max_links': 4, 'total_elems': 7828, 'total_shapes': 780, 'total_links': 222, 'num_tensors': 56}
2026-08-25 07:24:25,912 [INFO]     [6 | right | 0](candidate_pairs: 28/28 | new_swaps: 0 | total: 1) -> {'max_bond': 16, 'max_links': 4, 'total_elems': 7828, 'total_shapes': 780, 'total_links': 222, 'num_tensors': 56}
2026-08-25 07:24:25,932 [INFO]     [6 | right | 1](candidate_pairs: 27/27 | new_swaps: 0 | total: 1) -> {'max_bond': 16, 'max_links': 4, 'total_elems': 7828, 'total_shapes': 780, 'total_links': 222, 'num_tensors': 56}
2026-08-25 07:24:25,970 [INFO]     [7 | both | 0](candidate_pairs: 28/28 | new_swaps: 0 | total: 0) -> {'max_bond': 16, 'max_links': 4, 'total_elems': 7828, 'total_shapes': 780, 'total_links': 222, 'num_tensors': 56}
2026-08-25 07:24:26,009 [INFO]     [7 | both | 1](candidate_pairs: 27/27 | new_swaps: 0 | total: 0) -> {'max_bond': 16, 'max_links': 4, 'total_elems': 7828, 'total_shapes': 780, 'total_links': 222, 'num_tensors': 56}
2026-08-25 07:24:26,029 [INFO]     [7 | left | 0](candidate_pairs: 28/28 | new_swaps: 0 | total: 0) -> {'max_bond': 16, 'max_links': 4, 'total_elems': 7828, 'total_shapes': 780, 'total_links': 222, 'num_tensors': 56}
2026-08-25 07:24:26,049 [INFO]     [7 | left | 1](candidate_pairs: 27/27 | new_swaps: 0 | total: 0) -> {'max_bond': 16, 'max_links': 4, 'total_elems': 7828, 'total_shapes': 780, 'total_links': 222, 'num_tensors': 56}
2026-08-25 07:24:26,068 [INFO]     [7 | right | 0](candidate_pairs: 28/28 | new_swaps: 0 | total: 0) -> {'max_bond': 16, 'max_links': 4, 'total_elems': 7828, 'total_shapes': 780, 'total_links': 222, 'num_tensors': 56}
2026-08-25 07:24:26,088 [INFO]     [7 | right | 1](candidate_pairs: 27/27 | new_swaps: 0 | total: 0) -> {'max_bond': 16, 'max_links': 4, 'total_elems': 7828, 'total_shapes': 780, 'total_links': 222, 'num_tensors': 56}
2026-08-25 07:24:26,088 [INFO]     [end unswap] -> {'max_bond': 16, 'max_links': 4, 'total_elems': 7828, 'total_shapes': 780, 'total_links': 222, 'num_tensors': 56}
2026-08-25 07:24:26,132 [INFO] [start rewire](phase=post_unswap, cycle=30, side=left, layers=1520, trials=20, seed=123, parallel=False, route_candidates=1, route_score=none)
2026-08-25 07:24:27,745 [INFO] [end rewire](phase=post_unswap, cycle=30, side=left, routed_layers=1446, elapsed_s=1.61)
2026-08-25 07:24:27,745 [INFO] [start rewire](phase=post_unswap, cycle=30, side=right, layers=1509, trials=20, seed=123, parallel=False, route_candidates=1, route_score=none)
2026-08-25 07:24:28,662 [INFO] [end rewire](phase=post_unswap, cycle=30, side=right, routed_layers=1505, elapsed_s=0.92)
2026-08-25 07:24:28,763 [INFO] [1L/1444](swap: 9, u: 1 | c_u: 1 | t_u_l: 70/942 | t_u_r: 72/943 | t_u: 142/1885) -> {'max_bond': 16, 'max_links': 4, 'total_elems': 7876, 'total_shapes': 784, 'total_links': 222, 'num_tensors': 56}
2026-08-25 07:24:28,812 [INFO] [2L/1444](swap: 7, u: 0 | c_u: 1 | t_u_l: 70/942 | t_u_r: 72/943 | t_u: 142/1885) -> {'max_bond': 32, 'max_links': 4, 'total_elems': 10076, 'total_shapes': 866, 'total_links': 222, 'num_tensors': 56}
2026-08-25 07:24:28,867 [INFO] [3L/1444](swap: 6, u: 0 | c_u: 1 | t_u_l: 70/942 | t_u_r: 72/943 | t_u: 142/1885) -> {'max_bond': 32, 'max_links': 4, 'total_elems': 10916, 'total_shapes': 920, 'total_links': 222, 'num_tensors': 56}
2026-08-25 07:24:28,921 [INFO] [4L/1444](swap: 5, u: 0 | c_u: 1 | t_u_l: 70/942 | t_u_r: 72/943 | t_u: 142/1885) -> {'max_bond': 32, 'max_links': 4, 'total_elems': 12452, 'total_shapes': 1000, 'total_links': 222, 'num_tensors': 56}
2026-08-25 07:24:28,970 [INFO] [5L/1444](swap: 5, u: 0 | c_u: 1 | t_u_l: 70/942 | t_u_r: 72/943 | t_u: 142/1885) -> {'max_bond': 32, 'max_links': 4, 'total_elems': 14504, 'total_shapes': 1060, 'total_links': 222, 'num_tensors': 56}
2026-08-25 07:24:29,025 [INFO] [6L/1444](swap: 6, u: 0 | c_u: 1 | t_u_l: 70/942 | t_u_r: 72/943 | t_u: 142/1885) -> {'max_bond': 32, 'max_links': 4, 'total_elems': 15688, 'total_shapes': 1102, 'total_links': 222, 'num_tensors': 56}
2026-08-25 07:24:29,077 [INFO] [7L/1444](swap: 5, u: 0 | c_u: 1 | t_u_l: 70/942 | t_u_r: 72/943 | t_u: 142/1885) -> {'max_bond': 32, 'max_links': 4, 'total_elems': 22264, 'total_shapes': 1286, 'total_links': 222, 'num_tensors': 56}
2026-08-25 07:24:29,144 [INFO] [1R/1503](swap: 10, u: 0 | c_u: 1 | t_u_l: 70/942 | t_u_r: 72/943 | t_u: 142/1885) -> {'max_bond': 32, 'max_links': 4, 'total_elems': 33080, 'total_shapes': 1482, 'total_links': 222, 'num_tensors': 56}
2026-08-25 07:24:29,215 [INFO] [2R/1503](swap: 10, u: 0 | c_u: 1 | t_u_l: 70/942 | t_u_r: 72/943 | t_u: 142/1885) -> {'max_bond': 32, 'max_links': 4, 'total_elems': 38072, 'total_shapes': 1586, 'total_links': 222, 'num_tensors': 56}
2026-08-25 07:24:29,290 [INFO] [3R/1503](swap: 10, u: 0 | c_u: 1 | t_u_l: 70/942 | t_u_r: 72/943 | t_u: 142/1885) -> {'max_bond': 32, 'max_links': 4, 'total_elems': 50328, 'total_shapes': 1782, 'total_links': 222, 'num_tensors': 56}
2026-08-25 07:24:29,366 [INFO] [4R/1503](swap: 8, u: 0 | c_u: 1 | t_u_l: 70/942 | t_u_r: 72/943 | t_u: 142/1885) -> {'max_bond': 35, 'max_links': 4, 'total_elems': 60228, 'total_shapes': 1956, 'total_links': 222, 'num_tensors': 56}
2026-08-25 07:24:29,448 [INFO] [5R/1503](swap: 8, u: 0 | c_u: 1 | t_u_l: 70/942 | t_u_r: 72/943 | t_u: 142/1885) -> {'max_bond': 33, 'max_links': 4, 'total_elems': 78104, 'total_shapes': 2190, 'total_links': 222, 'num_tensors': 56}
2026-08-25 07:24:29,564 [INFO] [8L/1444](swap: 4, u: 0 | c_u: 1 | t_u_l: 70/942 | t_u_r: 72/943 | t_u: 142/1885) -> {'max_bond': 64, 'max_links': 4, 'total_elems': 104024, 'total_shapes': 2492, 'total_links': 222, 'num_tensors': 56}
2026-08-25 07:24:29,697 [INFO] [9L/1444](swap: 4, u: 0 | c_u: 1 | t_u_l: 70/942 | t_u_r: 72/943 | t_u: 142/1885) -> {'max_bond': 64, 'max_links': 4, 'total_elems': 115288, 'total_shapes': 2620, 'total_links': 222, 'num_tensors': 56}
2026-08-25 07:24:29,841 [INFO] [10L/1444](swap: 4, u: 0 | c_u: 1 | t_u_l: 70/942 | t_u_r: 72/943 | t_u: 142/1885) -> {'max_bond': 64, 'max_links': 4, 'total_elems': 125528, 'total_shapes': 2716, 'total_links': 222, 'num_tensors': 56}
2026-08-25 07:24:29,996 [INFO] [11L/1444](swap: 5, u: 0 | c_u: 1 | t_u_l: 70/942 | t_u_r: 72/943 | t_u: 142/1885) -> {'max_bond': 128, 'max_links': 4, 'total_elems': 174168, 'total_shapes': 3100, 'total_links': 222, 'num_tensors': 56}
2026-08-25 07:24:30,211 [INFO] [12L/1444](swap: 6, u: 0 | c_u: 1 | t_u_l: 70/942 | t_u_r: 72/943 | t_u: 142/1885) -> {'max_bond': 128, 'max_links': 4, 'total_elems': 242648, 'total_shapes': 3402, 'total_links': 222, 'num_tensors': 56}
2026-08-25 07:24:30,534 [INFO] [13L/1444](swap: 6, u: 0 | c_u: 1 | t_u_l: 70/942 | t_u_r: 72/943 | t_u: 142/1885) -> {'max_bond': 128, 'max_links': 4, 'total_elems': 303960, 'total_shapes': 3576, 'total_links': 222, 'num_tensors': 56}
2026-08-25 07:24:30,949 [INFO]     [start unswap] -> {'max_bond': 128, 'max_links': 4, 'total_elems': 303960, 'total_shapes': 3576, 'total_links': 222, 'num_tensors': 56}
2026-08-25 07:24:32,569 [INFO]     [0 | both | 0](candidate_pairs: 28/28 | new_swaps: 2 | total: 2) -> {'max_bond': 256, 'max_links': 4, 'total_elems': 480728, 'total_shapes': 4268, 'total_links': 222, 'num_tensors': 56}
2026-08-25 07:24:36,879 [INFO]     [0 | both | 1](candidate_pairs: 27/27 | new_swaps: 8 | total: 10) -> {'max_bond': 256, 'max_links': 4, 'total_elems': 411116, 'total_shapes': 3868, 'total_links': 222, 'num_tensors': 56}
2026-08-25 07:24:37,751 [INFO]     [0 | left | 0](candidate_pairs: 28/28 | new_swaps: 14 | total: 24) -> {'max_bond': 72, 'max_links': 4, 'total_elems': 188480, 'total_shapes': 2834, 'total_links': 222, 'num_tensors': 56}
2026-08-25 07:24:38,139 [INFO]     [0 | left | 1](candidate_pairs: 27/27 | new_swaps: 15 | total: 39) -> {'max_bond': 64, 'max_links': 4, 'total_elems': 121796, 'total_shapes': 2326, 'total_links': 222, 'num_tensors': 56}
2026-08-25 07:24:38,311 [INFO]     [0 | right | 0](candidate_pairs: 28/28 | new_swaps: 5 | total: 44) -> {'max_bond': 64, 'max_links': 4, 'total_elems': 105784, 'total_shapes': 2122, 'total_links': 222, 'num_tensors': 56}
2026-08-25 07:24:38,485 [INFO]     [0 | right | 1](candidate_pairs: 27/27 | new_swaps: 10 | total: 54) -> {'max_bond': 64, 'max_links': 4, 'total_elems': 83248, 'total_shapes': 1892, 'total_links': 222, 'num_tensors': 56}
2026-08-25 07:24:38,756 [INFO]     [1 | both | 0](candidate_pairs: 28/28 | new_swaps: 11 | total: 11) -> {'max_bond': 64, 'max_links': 4, 'total_elems': 54564, 'total_shapes': 1568, 'total_links': 222, 'num_tensors': 56}
2026-08-25 07:24:38,958 [INFO]     [1 | both | 1](candidate_pairs: 27/27 | new_swaps: 6 | total: 17) -> {'max_bond': 64, 'max_links': 4, 'total_elems': 37920, 'total_shapes': 1368, 'total_links': 222, 'num_tensors': 56}
2026-08-25 07:24:39,024 [INFO]     [1 | left | 0](candidate_pairs: 28/28 | new_swaps: 5 | total: 22) -> {'max_bond': 64, 'max_links': 4, 'total_elems': 33312, 'total_shapes': 1272, 'total_links': 222, 'num_tensors': 56}
2026-08-25 07:24:39,103 [INFO]     [1 | left | 1](candidate_pairs: 27/27 | new_swaps: 4 | total: 26) -> {'max_bond': 64, 'max_links': 4, 'total_elems': 30732, 'total_shapes': 1230, 'total_links': 222, 'num_tensors': 56}
2026-08-25 07:24:39,164 [INFO]     [1 | right | 0](candidate_pairs: 28/28 | new_swaps: 6 | total: 32) -> {'max_bond': 64, 'max_links': 4, 'total_elems': 25884, 'total_shapes': 1118, 'total_links': 222, 'num_tensors': 56}
2026-08-25 07:24:39,234 [INFO]     [1 | right | 1](candidate_pairs: 27/27 | new_swaps: 4 | total: 36) -> {'max_bond': 64, 'max_links': 4, 'total_elems': 24532, 'total_shapes': 1076, 'total_links': 222, 'num_tensors': 56}
2026-08-25 07:24:39,344 [INFO]     [2 | both | 0](candidate_pairs: 28/28 | new_swaps: 4 | total: 4) -> {'max_bond': 64, 'max_links': 4, 'total_elems': 22528, 'total_shapes': 1038, 'total_links': 222, 'num_tensors': 56}
2026-08-25 07:24:39,475 [INFO]     [2 | both | 1](candidate_pairs: 27/27 | new_swaps: 6 | total: 10) -> {'max_bond': 64, 'max_links': 4, 'total_elems': 16500, 'total_shapes': 964, 'total_links': 222, 'num_tensors': 56}
2026-08-25 07:24:39,529 [INFO]     [2 | left | 0](candidate_pairs: 28/28 | new_swaps: 2 | total: 12) -> {'max_bond': 16, 'max_links': 4, 'total_elems': 10308, 'total_shapes': 864, 'total_links': 222, 'num_tensors': 56}
2026-08-25 07:24:39,575 [INFO]     [2 | left | 1](candidate_pairs: 27/27 | new_swaps: 3 | total: 15) -> {'max_bond': 16, 'max_links': 4, 'total_elems': 9420, 'total_shapes': 838, 'total_links': 222, 'num_tensors': 56}
2026-08-25 07:24:39,621 [INFO]     [2 | right | 0](candidate_pairs: 28/28 | new_swaps: 1 | total: 16) -> {'max_bond': 16, 'max_links': 4, 'total_elems': 8268, 'total_shapes': 814, 'total_links': 222, 'num_tensors': 56}
2026-08-25 07:24:39,661 [INFO]     [2 | right | 1](candidate_pairs: 27/27 | new_swaps: 1 | total: 17) -> {'max_bond': 16, 'max_links': 4, 'total_elems': 7980, 'total_shapes': 802, 'total_links': 222, 'num_tensors': 56}
2026-08-25 07:24:39,740 [INFO]     [3 | both | 0](candidate_pairs: 28/28 | new_swaps: 3 | total: 3) -> {'max_bond': 16, 'max_links': 4, 'total_elems': 7656, 'total_shapes': 782, 'total_links': 222, 'num_tensors': 56}
2026-08-25 07:24:39,779 [INFO]     [3 | both | 1](candidate_pairs: 27/27 | new_swaps: 0 | total: 3) -> {'max_bond': 16, 'max_links': 4, 'total_elems': 7656, 'total_shapes': 782, 'total_links': 222, 'num_tensors': 56}
2026-08-25 07:24:39,799 [INFO]     [3 | left | 0](candidate_pairs: 28/28 | new_swaps: 0 | total: 3) -> {'max_bond': 16, 'max_links': 4, 'total_elems': 7656, 'total_shapes': 782, 'total_links': 222, 'num_tensors': 56}
2026-08-25 07:24:39,818 [INFO]     [3 | left | 1](candidate_pairs: 27/27 | new_swaps: 0 | total: 3) -> {'max_bond': 16, 'max_links': 4, 'total_elems': 7656, 'total_shapes': 782, 'total_links': 222, 'num_tensors': 56}
2026-08-25 07:24:39,838 [INFO]     [3 | right | 0](candidate_pairs: 28/28 | new_swaps: 0 | total: 3) -> {'max_bond': 16, 'max_links': 4, 'total_elems': 7656, 'total_shapes': 782, 'total_links': 222, 'num_tensors': 56}
2026-08-25 07:24:39,882 [INFO]     [3 | right | 1](candidate_pairs: 27/27 | new_swaps: 1 | total: 4) -> {'max_bond': 16, 'max_links': 4, 'total_elems': 7472, 'total_shapes': 772, 'total_links': 222, 'num_tensors': 56}
2026-08-25 07:24:39,920 [INFO]     [4 | both | 0](candidate_pairs: 28/28 | new_swaps: 0 | total: 0) -> {'max_bond': 16, 'max_links': 4, 'total_elems': 7472, 'total_shapes': 772, 'total_links': 222, 'num_tensors': 56}
2026-08-25 07:24:39,958 [INFO]     [4 | both | 1](candidate_pairs: 27/27 | new_swaps: 0 | total: 0) -> {'max_bond': 16, 'max_links': 4, 'total_elems': 7472, 'total_shapes': 772, 'total_links': 222, 'num_tensors': 56}
2026-08-25 07:24:39,978 [INFO]     [4 | left | 0](candidate_pairs: 28/28 | new_swaps: 0 | total: 0) -> {'max_bond': 16, 'max_links': 4, 'total_elems': 7472, 'total_shapes': 772, 'total_links': 222, 'num_tensors': 56}
2026-08-25 07:24:39,997 [INFO]     [4 | left | 1](candidate_pairs: 27/27 | new_swaps: 0 | total: 0) -> {'max_bond': 16, 'max_links': 4, 'total_elems': 7472, 'total_shapes': 772, 'total_links': 222, 'num_tensors': 56}
2026-08-25 07:24:40,016 [INFO]     [4 | right | 0](candidate_pairs: 28/28 | new_swaps: 0 | total: 0) -> {'max_bond': 16, 'max_links': 4, 'total_elems': 7472, 'total_shapes': 772, 'total_links': 222, 'num_tensors': 56}
2026-08-25 07:24:40,035 [INFO]     [4 | right | 1](candidate_pairs: 27/27 | new_swaps: 0 | total: 0) -> {'max_bond': 16, 'max_links': 4, 'total_elems': 7472, 'total_shapes': 772, 'total_links': 222, 'num_tensors': 56}
2026-08-25 07:24:40,036 [INFO]     [end unswap] -> {'max_bond': 16, 'max_links': 4, 'total_elems': 7472, 'total_shapes': 772, 'total_links': 222, 'num_tensors': 56}
2026-08-25 07:24:40,039 [INFO] [start rewire](phase=post_unswap, cycle=31, side=left, layers=1433, trials=20, seed=123, parallel=False, route_candidates=1, route_score=none)
2026-08-25 07:24:41,819 [INFO] [end rewire](phase=post_unswap, cycle=31, side=left, routed_layers=1374, elapsed_s=1.78)
2026-08-25 07:24:41,820 [INFO] [start rewire](phase=post_unswap, cycle=31, side=right, layers=1500, trials=20, seed=123, parallel=False, route_candidates=1, route_score=none)
2026-08-25 07:24:42,777 [INFO] [end rewire](phase=post_unswap, cycle=31, side=right, routed_layers=1516, elapsed_s=0.96)
2026-08-25 07:24:42,873 [INFO] [1L/1372](swap: 10, u: 0 | c_u: 0 | t_u_l: 70/942 | t_u_r: 72/943 | t_u: 142/1885) -> {'max_bond': 16, 'max_links': 4, 'total_elems': 7448, 'total_shapes': 770, 'total_links': 222, 'num_tensors': 56}
2026-08-25 07:24:42,922 [INFO] [2L/1372](swap: 11, u: 0 | c_u: 0 | t_u_l: 70/942 | t_u_r: 72/943 | t_u: 142/1885) -> {'max_bond': 16, 'max_links': 4, 'total_elems': 9668, 'total_shapes': 878, 'total_links': 222, 'num_tensors': 56}
2026-08-25 07:24:42,974 [INFO] [1R/1514](swap: 11, u: 0 | c_u: 0 | t_u_l: 70/942 | t_u_r: 72/943 | t_u: 142/1885) -> {'max_bond': 32, 'max_links': 4, 'total_elems': 13652, 'total_shapes': 1020, 'total_links': 222, 'num_tensors': 56}
2026-08-25 07:24:43,025 [INFO] [2R/1514](swap: 10, u: 0 | c_u: 0 | t_u_l: 70/942 | t_u_r: 72/943 | t_u: 142/1885) -> {'max_bond': 32, 'max_links': 4, 'total_elems': 19876, 'total_shapes': 1178, 'total_links': 222, 'num_tensors': 56}
2026-08-25 07:24:43,081 [INFO] [3L/1372](swap: 12, u: 0 | c_u: 0 | t_u_l: 70/942 | t_u_r: 72/943 | t_u: 142/1885) -> {'max_bond': 32, 'max_links': 4, 'total_elems': 27836, 'total_shapes': 1348, 'total_links': 222, 'num_tensors': 56}
2026-08-25 07:24:43,153 [INFO] [4L/1372](swap: 9, u: 1 | c_u: 1 | t_u_l: 71/942 | t_u_r: 72/943 | t_u: 143/1885) -> {'max_bond': 64, 'max_links': 4, 'total_elems': 45764, 'total_shapes': 1618, 'total_links': 222, 'num_tensors': 56}
2026-08-25 07:24:43,237 [INFO] [5L/1372](swap: 8, u: 0 | c_u: 1 | t_u_l: 71/942 | t_u_r: 72/943 | t_u: 143/1885) -> {'max_bond': 64, 'max_links': 4, 'total_elems': 54784, 'total_shapes': 1766, 'total_links': 222, 'num_tensors': 56}
2026-08-25 07:24:43,326 [INFO] [6L/1372](swap: 8, u: 0 | c_u: 1 | t_u_l: 71/942 | t_u_r: 72/943 | t_u: 143/1885) -> {'max_bond': 64, 'max_links': 4, 'total_elems': 78496, 'total_shapes': 1940, 'total_links': 222, 'num_tensors': 56}
2026-08-25 07:24:43,435 [INFO] [7L/1372](swap: 6, u: 0 | c_u: 1 | t_u_l: 71/942 | t_u_r: 72/943 | t_u: 143/1885) -> {'max_bond': 64, 'max_links': 4, 'total_elems': 94880, 'total_shapes': 2132, 'total_links': 222, 'num_tensors': 56}
2026-08-25 07:24:43,545 [INFO] [8L/1372](swap: 6, u: 0 | c_u: 1 | t_u_l: 71/942 | t_u_r: 72/943 | t_u: 143/1885) -> {'max_bond': 64, 'max_links': 4, 'total_elems': 115488, 'total_shapes': 2332, 'total_links': 222, 'num_tensors': 56}
2026-08-25 07:24:43,697 [INFO] [9L/1372](swap: 5, u: 0 | c_u: 1 | t_u_l: 71/942 | t_u_r: 72/943 | t_u: 143/1885) -> {'max_bond': 128, 'max_links': 4, 'total_elems': 184544, 'total_shapes': 2708, 'total_links': 222, 'num_tensors': 56}
2026-08-25 07:24:43,946 [INFO] [10L/1372](swap: 6, u: 0 | c_u: 1 | t_u_l: 71/942 | t_u_r: 72/943 | t_u: 143/1885) -> {'max_bond': 128, 'max_links': 4, 'total_elems': 208992, 'total_shapes': 2836, 'total_links': 222, 'num_tensors': 56}
2026-08-25 07:24:44,204 [INFO] [11L/1372](swap: 7, u: 0 | c_u: 1 | t_u_l: 71/942 | t_u_r: 72/943 | t_u: 143/1885) -> {'max_bond': 128, 'max_links': 4, 'total_elems': 237100, 'total_shapes': 3016, 'total_links': 222, 'num_tensors': 56}
2026-08-25 07:24:44,491 [INFO] [12L/1372](swap: 6, u: 1 | c_u: 2 | t_u_l: 72/942 | t_u_r: 72/943 | t_u: 144/1885) -> {'max_bond': 128, 'max_links': 4, 'total_elems': 264768, 'total_shapes': 3250, 'total_links': 222, 'num_tensors': 56}
2026-08-25 07:24:44,800 [INFO] [13L/1372](swap: 6, u: 2 | c_u: 4 | t_u_l: 74/942 | t_u_r: 72/943 | t_u: 146/1885) -> {'max_bond': 128, 'max_links': 4, 'total_elems': 314592, 'total_shapes': 3568, 'total_links': 222, 'num_tensors': 56}
2026-08-25 07:24:45,236 [INFO] [14L/1372](swap: 8, u: 1 | c_u: 5 | t_u_l: 75/942 | t_u_r: 72/943 | t_u: 147/1885) -> {'max_bond': 128, 'max_links': 4, 'total_elems': 441056, 'total_shapes': 4008, 'total_links': 222, 'num_tensors': 56}
2026-08-25 07:24:45,965 [INFO]     [start unswap] -> {'max_bond': 128, 'max_links': 4, 'total_elems': 441056, 'total_shapes': 4008, 'total_links': 222, 'num_tensors': 56}
2026-08-25 07:24:56,270 [INFO]     [0 | both | 0](candidate_pairs: 28/28 | new_swaps: 4 | total: 4) -> {'max_bond': 256, 'max_links': 4, 'total_elems': 802208, 'total_shapes': 4968, 'total_links': 222, 'num_tensors': 56}
2026-08-25 07:25:00,394 [INFO]     [0 | both | 1](candidate_pairs: 27/27 | new_swaps: 9 | total: 13) -> {'max_bond': 128, 'max_links': 4, 'total_elems': 461664, 'total_shapes': 4016, 'total_links': 222, 'num_tensors': 56}
2026-08-25 07:25:01,462 [INFO]     [0 | left | 0](candidate_pairs: 28/28 | new_swaps: 12 | total: 25) -> {'max_bond': 128, 'max_links': 4, 'total_elems': 254040, 'total_shapes': 3184, 'total_links': 222, 'num_tensors': 56}
2026-08-25 07:25:01,897 [INFO]     [0 | left | 1](candidate_pairs: 27/27 | new_swaps: 8 | total: 33) -> {'max_bond': 64, 'max_links': 4, 'total_elems': 195056, 'total_shapes': 2770, 'total_links': 222, 'num_tensors': 56}
2026-08-25 07:25:02,278 [INFO]     [0 | right | 0](candidate_pairs: 28/28 | new_swaps: 2 | total: 35) -> {'max_bond': 64, 'max_links': 4, 'total_elems': 191472, 'total_shapes': 2706, 'total_links': 222, 'num_tensors': 56}
2026-08-25 07:25:02,626 [INFO]     [0 | right | 1](candidate_pairs: 27/27 | new_swaps: 6 | total: 41) -> {'max_bond': 64, 'max_links': 4, 'total_elems': 161584, 'total_shapes': 2490, 'total_links': 222, 'num_tensors': 56}
2026-08-25 07:25:03,269 [INFO]     [1 | both | 0](candidate_pairs: 28/28 | new_swaps: 8 | total: 8) -> {'max_bond': 64, 'max_links': 4, 'total_elems': 130832, 'total_shapes': 2214, 'total_links': 222, 'num_tensors': 56}
2026-08-25 07:25:03,693 [INFO]     [1 | both | 1](candidate_pairs: 27/27 | new_swaps: 4 | total: 12) -> {'max_bond': 64, 'max_links': 4, 'total_elems': 104944, 'total_shapes': 2014, 'total_links': 222, 'num_tensors': 56}
2026-08-25 07:25:03,874 [INFO]     [1 | left | 0](candidate_pairs: 28/28 | new_swaps: 4 | total: 16) -> {'max_bond': 64, 'max_links': 4, 'total_elems': 83380, 'total_shapes': 1848, 'total_links': 222, 'num_tensors': 56}
2026-08-25 07:25:03,995 [INFO]     [1 | left | 1](candidate_pairs: 27/27 | new_swaps: 4 | total: 20) -> {'max_bond': 64, 'max_links': 4, 'total_elems': 73716, 'total_shapes': 1732, 'total_links': 222, 'num_tensors': 56}
2026-08-25 07:25:04,124 [INFO]     [1 | right | 0](candidate_pairs: 28/28 | new_swaps: 5 | total: 25) -> {'max_bond': 64, 'max_links': 4, 'total_elems': 63732, 'total_shapes': 1620, 'total_links': 222, 'num_tensors': 56}
2026-08-25 07:25:04,215 [INFO]     [1 | right | 1](candidate_pairs: 27/27 | new_swaps: 3 | total: 28) -> {'max_bond': 64, 'max_links': 4, 'total_elems': 53108, 'total_shapes': 1492, 'total_links': 222, 'num_tensors': 56}
2026-08-25 07:25:04,415 [INFO]     [2 | both | 0](candidate_pairs: 28/28 | new_swaps: 5 | total: 5) -> {'max_bond': 64, 'max_links': 4, 'total_elems': 46468, 'total_shapes': 1400, 'total_links': 222, 'num_tensors': 56}
2026-08-25 07:25:04,585 [INFO]     [2 | both | 1](candidate_pairs: 27/27 | new_swaps: 5 | total: 10) -> {'max_bond': 64, 'max_links': 4, 'total_elems': 40060, 'total_shapes': 1300, 'total_links': 222, 'num_tensors': 56}
2026-08-25 07:25:04,668 [INFO]     [2 | left | 0](candidate_pairs: 28/28 | new_swaps: 3 | total: 13) -> {'max_bond': 64, 'max_links': 4, 'total_elems': 35644, 'total_shapes': 1236, 'total_links': 222, 'num_tensors': 56}
2026-08-25 07:25:04,735 [INFO]     [2 | left | 1](candidate_pairs: 27/27 | new_swaps: 2 | total: 15) -> {'max_bond': 64, 'max_links': 4, 'total_elems': 34940, 'total_shapes': 1212, 'total_links': 222, 'num_tensors': 56}
2026-08-25 07:25:04,801 [INFO]     [2 | right | 0](candidate_pairs: 28/28 | new_swaps: 1 | total: 16) -> {'max_bond': 64, 'max_links': 4, 'total_elems': 34428, 'total_shapes': 1196, 'total_links': 222, 'num_tensors': 56}
2026-08-25 07:25:04,865 [INFO]     [2 | right | 1](candidate_pairs: 27/27 | new_swaps: 2 | total: 18) -> {'max_bond': 64, 'max_links': 4, 'total_elems': 34044, 'total_shapes': 1180, 'total_links': 222, 'num_tensors': 56}
2026-08-25 07:25:05,024 [INFO]     [3 | both | 0](candidate_pairs: 28/28 | new_swaps: 3 | total: 3) -> {'max_bond': 64, 'max_links': 4, 'total_elems': 32844, 'total_shapes': 1144, 'total_links': 222, 'num_tensors': 56}
2026-08-25 07:25:05,157 [INFO]     [3 | both | 1](candidate_pairs: 27/27 | new_swaps: 2 | total: 5) -> {'max_bond': 64, 'max_links': 4, 'total_elems': 32076, 'total_shapes': 1120, 'total_links': 222, 'num_tensors': 56}
2026-08-25 07:25:05,230 [INFO]     [3 | left | 0](candidate_pairs: 28/28 | new_swaps: 3 | total: 8) -> {'max_bond': 64, 'max_links': 4, 'total_elems': 30532, 'total_shapes': 1090, 'total_links': 222, 'num_tensors': 56}
2026-08-25 07:25:05,289 [INFO]     [3 | left | 1](candidate_pairs: 27/27 | new_swaps: 1 | total: 9) -> {'max_bond': 64, 'max_links': 4, 'total_elems': 28996, 'total_shapes': 1058, 'total_links': 222, 'num_tensors': 56}
2026-08-25 07:25:05,355 [INFO]     [3 | right | 0](candidate_pairs: 28/28 | new_swaps: 1 | total: 10) -> {'max_bond': 64, 'max_links': 4, 'total_elems': 28932, 'total_shapes': 1054, 'total_links': 222, 'num_tensors': 56}
2026-08-25 07:25:05,391 [INFO]     [3 | right | 1](candidate_pairs: 27/27 | new_swaps: 0 | total: 10) -> {'max_bond': 64, 'max_links': 4, 'total_elems': 28932, 'total_shapes': 1054, 'total_links': 222, 'num_tensors': 56}
2026-08-25 07:25:05,487 [INFO]     [4 | both | 0](candidate_pairs: 28/28 | new_swaps: 0 | total: 0) -> {'max_bond': 64, 'max_links': 4, 'total_elems': 28932, 'total_shapes': 1054, 'total_links': 222, 'num_tensors': 56}
2026-08-25 07:25:05,615 [INFO]     [4 | both | 1](candidate_pairs: 27/27 | new_swaps: 2 | total: 2) -> {'max_bond': 64, 'max_links': 4, 'total_elems': 28872, 'total_shapes': 1046, 'total_links': 222, 'num_tensors': 56}
2026-08-25 07:25:05,657 [INFO]     [4 | left | 0](candidate_pairs: 28/28 | new_swaps: 0 | total: 2) -> {'max_bond': 64, 'max_links': 4, 'total_elems': 28872, 'total_shapes': 1046, 'total_links': 222, 'num_tensors': 56}
2026-08-25 07:25:05,693 [INFO]     [4 | left | 1](candidate_pairs: 27/27 | new_swaps: 0 | total: 2) -> {'max_bond': 64, 'max_links': 4, 'total_elems': 28872, 'total_shapes': 1046, 'total_links': 222, 'num_tensors': 56}
2026-08-25 07:25:05,735 [INFO]     [4 | right | 0](candidate_pairs: 28/28 | new_swaps: 0 | total: 2) -> {'max_bond': 64, 'max_links': 4, 'total_elems': 28872, 'total_shapes': 1046, 'total_links': 222, 'num_tensors': 56}
2026-08-25 07:25:05,772 [INFO]     [4 | right | 1](candidate_pairs: 27/27 | new_swaps: 0 | total: 2) -> {'max_bond': 64, 'max_links': 4, 'total_elems': 28872, 'total_shapes': 1046, 'total_links': 222, 'num_tensors': 56}
2026-08-25 07:25:05,904 [INFO]     [5 | both | 0](candidate_pairs: 28/28 | new_swaps: 1 | total: 1) -> {'max_bond': 64, 'max_links': 4, 'total_elems': 28860, 'total_shapes': 1044, 'total_links': 222, 'num_tensors': 56}
2026-08-25 07:25:05,984 [INFO]     [5 | both | 1](candidate_pairs: 27/27 | new_swaps: 0 | total: 1) -> {'max_bond': 64, 'max_links': 4, 'total_elems': 28860, 'total_shapes': 1044, 'total_links': 222, 'num_tensors': 56}
2026-08-25 07:25:06,025 [INFO]     [5 | left | 0](candidate_pairs: 28/28 | new_swaps: 0 | total: 1) -> {'max_bond': 64, 'max_links': 4, 'total_elems': 28860, 'total_shapes': 1044, 'total_links': 222, 'num_tensors': 56}
2026-08-25 07:25:06,062 [INFO]     [5 | left | 1](candidate_pairs: 27/27 | new_swaps: 0 | total: 1) -> {'max_bond': 64, 'max_links': 4, 'total_elems': 28860, 'total_shapes': 1044, 'total_links': 222, 'num_tensors': 56}
2026-08-25 07:25:06,104 [INFO]     [5 | right | 0](candidate_pairs: 28/28 | new_swaps: 0 | total: 1) -> {'max_bond': 64, 'max_links': 4, 'total_elems': 28860, 'total_shapes': 1044, 'total_links': 222, 'num_tensors': 56}
2026-08-25 07:25:06,139 [INFO]     [5 | right | 1](candidate_pairs: 27/27 | new_swaps: 0 | total: 1) -> {'max_bond': 64, 'max_links': 4, 'total_elems': 28860, 'total_shapes': 1044, 'total_links': 222, 'num_tensors': 56}
2026-08-25 07:25:06,232 [INFO]     [6 | both | 0](candidate_pairs: 28/28 | new_swaps: 0 | total: 0) -> {'max_bond': 64, 'max_links': 4, 'total_elems': 28860, 'total_shapes': 1044, 'total_links': 222, 'num_tensors': 56}
2026-08-25 07:25:06,312 [INFO]     [6 | both | 1](candidate_pairs: 27/27 | new_swaps: 0 | total: 0) -> {'max_bond': 64, 'max_links': 4, 'total_elems': 28860, 'total_shapes': 1044, 'total_links': 222, 'num_tensors': 56}
2026-08-25 07:25:06,356 [INFO]     [6 | left | 0](candidate_pairs: 28/28 | new_swaps: 0 | total: 0) -> {'max_bond': 64, 'max_links': 4, 'total_elems': 28860, 'total_shapes': 1044, 'total_links': 222, 'num_tensors': 56}
2026-08-25 07:25:06,395 [INFO]     [6 | left | 1](candidate_pairs: 27/27 | new_swaps: 0 | total: 0) -> {'max_bond': 64, 'max_links': 4, 'total_elems': 28860, 'total_shapes': 1044, 'total_links': 222, 'num_tensors': 56}
2026-08-25 07:25:06,437 [INFO]     [6 | right | 0](candidate_pairs: 28/28 | new_swaps: 0 | total: 0) -> {'max_bond': 64, 'max_links': 4, 'total_elems': 28860, 'total_shapes': 1044, 'total_links': 222, 'num_tensors': 56}
2026-08-25 07:25:06,472 [INFO]     [6 | right | 1](candidate_pairs: 27/27 | new_swaps: 0 | total: 0) -> {'max_bond': 64, 'max_links': 4, 'total_elems': 28860, 'total_shapes': 1044, 'total_links': 222, 'num_tensors': 56}
2026-08-25 07:25:06,473 [INFO]     [end unswap] -> {'max_bond': 64, 'max_links': 4, 'total_elems': 28860, 'total_shapes': 1044, 'total_links': 222, 'num_tensors': 56}
2026-08-25 07:25:06,522 [INFO] [start rewire](phase=post_unswap, cycle=32, side=left, layers=1360, trials=20, seed=123, parallel=False, route_candidates=1, route_score=none)
2026-08-25 07:25:07,967 [INFO] [end rewire](phase=post_unswap, cycle=32, side=left, routed_layers=1314, elapsed_s=1.45)
2026-08-25 07:25:07,967 [INFO] [start rewire](phase=post_unswap, cycle=32, side=right, layers=1514, trials=20, seed=123, parallel=False, route_candidates=1, route_score=none)
2026-08-25 07:25:09,239 [INFO] [end rewire](phase=post_unswap, cycle=32, side=right, routed_layers=1594, elapsed_s=1.27)
2026-08-25 07:25:09,346 [INFO] [1L/1312](swap: 11, u: 0 | c_u: 0 | t_u_l: 75/942 | t_u_r: 72/943 | t_u: 147/1885) -> {'max_bond': 64, 'max_links': 4, 'total_elems': 28860, 'total_shapes': 1044, 'total_links': 222, 'num_tensors': 56}
2026-08-25 07:25:09,402 [INFO] [2L/1312](swap: 10, u: 1 | c_u: 1 | t_u_l: 76/942 | t_u_r: 72/943 | t_u: 148/1885) -> {'max_bond': 64, 'max_links': 4, 'total_elems': 30072, 'total_shapes': 1122, 'total_links': 222, 'num_tensors': 56}
2026-08-25 07:25:09,463 [INFO] [3L/1312](swap: 11, u: 1 | c_u: 2 | t_u_l: 77/942 | t_u_r: 72/943 | t_u: 149/1885) -> {'max_bond': 64, 'max_links': 4, 'total_elems': 34296, 'total_shapes': 1258, 'total_links': 222, 'num_tensors': 56}
2026-08-25 07:25:09,536 [INFO] [1R/1592](swap: 8, u: 0 | c_u: 2 | t_u_l: 77/942 | t_u_r: 72/943 | t_u: 149/1885) -> {'max_bond': 64, 'max_links': 4, 'total_elems': 41848, 'total_shapes': 1434, 'total_links': 222, 'num_tensors': 56}
2026-08-25 07:25:09,612 [INFO] [4L/1312](swap: 7, u: 1 | c_u: 3 | t_u_l: 78/942 | t_u_r: 72/943 | t_u: 150/1885) -> {'max_bond': 64, 'max_links': 4, 'total_elems': 57520, 'total_shapes': 1702, 'total_links': 222, 'num_tensors': 56}
2026-08-25 07:25:09,711 [INFO] [2R/1592](swap: 5, u: 0 | c_u: 3 | t_u_l: 78/942 | t_u_r: 72/943 | t_u: 150/1885) -> {'max_bond': 64, 'max_links': 4, 'total_elems': 87200, 'total_shapes': 1866, 'total_links': 222, 'num_tensors': 56}
2026-08-25 07:25:09,841 [INFO] [3R/1592](swap: 4, u: 0 | c_u: 3 | t_u_l: 78/942 | t_u_r: 72/943 | t_u: 150/1885) -> {'max_bond': 64, 'max_links': 4, 'total_elems': 87296, 'total_shapes': 1870, 'total_links': 222, 'num_tensors': 56}
2026-08-25 07:25:09,982 [INFO] [4R/1592](swap: 4, u: 0 | c_u: 3 | t_u_l: 78/942 | t_u_r: 72/943 | t_u: 150/1885) -> {'max_bond': 64, 'max_links': 4, 'total_elems': 93184, 'total_shapes': 1942, 'total_links': 222, 'num_tensors': 56}
2026-08-25 07:25:10,121 [INFO] [5R/1592](swap: 3, u: 0 | c_u: 3 | t_u_l: 78/942 | t_u_r: 72/943 | t_u: 150/1885) -> {'max_bond': 64, 'max_links': 4, 'total_elems': 96352, 'total_shapes': 1982, 'total_links': 222, 'num_tensors': 56}
2026-08-25 07:25:10,256 [INFO] [6R/1592](swap: 3, u: 0 | c_u: 3 | t_u_l: 78/942 | t_u_r: 72/943 | t_u: 150/1885) -> {'max_bond': 64, 'max_links': 4, 'total_elems': 96736, 'total_shapes': 2000, 'total_links': 222, 'num_tensors': 56}
2026-08-25 07:25:10,396 [INFO] [7R/1592](swap: 3, u: 0 | c_u: 3 | t_u_l: 78/942 | t_u_r: 72/943 | t_u: 150/1885) -> {'max_bond': 64, 'max_links': 4, 'total_elems': 98656, 'total_shapes': 2056, 'total_links': 222, 'num_tensors': 56}
2026-08-25 07:25:10,547 [INFO] [8R/1592](swap: 4, u: 0 | c_u: 3 | t_u_l: 78/942 | t_u_r: 72/943 | t_u: 150/1885) -> {'max_bond': 64, 'max_links': 4, 'total_elems': 100960, 'total_shapes': 2112, 'total_links': 222, 'num_tensors': 56}
2026-08-25 07:25:10,686 [INFO] [9R/1592](swap: 3, u: 0 | c_u: 3 | t_u_l: 78/942 | t_u_r: 72/943 | t_u: 150/1885) -> {'max_bond': 64, 'max_links': 4, 'total_elems': 105952, 'total_shapes': 2216, 'total_links': 222, 'num_tensors': 56}
2026-08-25 07:25:10,825 [INFO] [10R/1592](swap: 4, u: 0 | c_u: 3 | t_u_l: 78/942 | t_u_r: 72/943 | t_u: 150/1885) -> {'max_bond': 64, 'max_links': 4, 'total_elems': 114400, 'total_shapes': 2312, 'total_links': 222, 'num_tensors': 56}
2026-08-25 07:25:10,977 [INFO] [11R/1592](swap: 4, u: 0 | c_u: 3 | t_u_l: 78/942 | t_u_r: 72/943 | t_u: 150/1885) -> {'max_bond': 64, 'max_links': 4, 'total_elems': 121312, 'total_shapes': 2392, 'total_links': 222, 'num_tensors': 56}
2026-08-25 07:25:11,145 [INFO] [12R/1592](swap: 3, u: 1 | c_u: 4 | t_u_l: 78/942 | t_u_r: 73/943 | t_u: 151/1885) -> {'max_bond': 64, 'max_links': 4, 'total_elems': 145760, 'total_shapes': 2592, 'total_links': 222, 'num_tensors': 56}
2026-08-25 07:25:11,381 [INFO]     [start unswap] -> {'max_bond': 64, 'max_links': 4, 'total_elems': 145760, 'total_shapes': 2592, 'total_links': 222, 'num_tensors': 56}
2026-08-25 07:25:12,451 [INFO]     [0 | both | 0](candidate_pairs: 28/28 | new_swaps: 10 | total: 10) -> {'max_bond': 64, 'max_links': 4, 'total_elems': 114368, 'total_shapes': 2348, 'total_links': 222, 'num_tensors': 56}
2026-08-25 07:25:12,747 [INFO]     [0 | both | 1](candidate_pairs: 27/27 | new_swaps: 10 | total: 20) -> {'max_bond': 64, 'max_links': 4, 'total_elems': 87840, 'total_shapes': 1996, 'total_links': 222, 'num_tensors': 56}
2026-08-25 07:25:12,911 [INFO]     [0 | left | 0](candidate_pairs: 28/28 | new_swaps: 4 | total: 24) -> {'max_bond': 64, 'max_links': 4, 'total_elems': 79904, 'total_shapes': 1876, 'total_links': 222, 'num_tensors': 56}
2026-08-25 07:25:13,052 [INFO]     [0 | left | 1](candidate_pairs: 27/27 | new_swaps: 10 | total: 34) -> {'max_bond': 64, 'max_links': 4, 'total_elems': 51880, 'total_shapes': 1594, 'total_links': 222, 'num_tensors': 56}
2026-08-25 07:25:13,146 [INFO]     [0 | right | 0](candidate_pairs: 28/28 | new_swaps: 4 | total: 38) -> {'max_bond': 64, 'max_links': 4, 'total_elems': 45404, 'total_shapes': 1480, 'total_links': 222, 'num_tensors': 56}
2026-08-25 07:25:13,223 [INFO]     [0 | right | 1](candidate_pairs: 27/27 | new_swaps: 3 | total: 41) -> {'max_bond': 64, 'max_links': 4, 'total_elems': 41884, 'total_shapes': 1424, 'total_links': 222, 'num_tensors': 56}
2026-08-25 07:25:13,388 [INFO]     [1 | both | 0](candidate_pairs: 28/28 | new_swaps: 2 | total: 2) -> {'max_bond': 64, 'max_links': 4, 'total_elems': 38620, 'total_shapes': 1368, 'total_links': 222, 'num_tensors': 56}
2026-08-25 07:25:13,522 [INFO]     [1 | both | 1](candidate_pairs: 27/27 | new_swaps: 1 | total: 3) -> {'max_bond': 64, 'max_links': 4, 'total_elems': 37852, 'total_shapes': 1344, 'total_links': 222, 'num_tensors': 56}
2026-08-25 07:25:13,595 [INFO]     [1 | left | 0](candidate_pairs: 28/28 | new_swaps: 1 | total: 4) -> {'max_bond': 64, 'max_links': 4, 'total_elems': 37084, 'total_shapes': 1328, 'total_links': 222, 'num_tensors': 56}
2026-08-25 07:25:13,637 [INFO]     [1 | left | 1](candidate_pairs: 27/27 | new_swaps: 0 | total: 4) -> {'max_bond': 64, 'max_links': 4, 'total_elems': 37084, 'total_shapes': 1328, 'total_links': 222, 'num_tensors': 56}
2026-08-25 07:25:13,684 [INFO]     [1 | right | 0](candidate_pairs: 28/28 | new_swaps: 0 | total: 4) -> {'max_bond': 64, 'max_links': 4, 'total_elems': 37084, 'total_shapes': 1328, 'total_links': 222, 'num_tensors': 56}
2026-08-25 07:25:13,744 [INFO]     [1 | right | 1](candidate_pairs: 27/27 | new_swaps: 1 | total: 5) -> {'max_bond': 64, 'max_links': 4, 'total_elems': 35932, 'total_shapes': 1304, 'total_links': 222, 'num_tensors': 56}
2026-08-25 07:25:13,891 [INFO]     [2 | both | 0](candidate_pairs: 28/28 | new_swaps: 1 | total: 1) -> {'max_bond': 64, 'max_links': 4, 'total_elems': 34972, 'total_shapes': 1280, 'total_links': 222, 'num_tensors': 56}
2026-08-25 07:25:14,026 [INFO]     [2 | both | 1](candidate_pairs: 27/27 | new_swaps: 2 | total: 3) -> {'max_bond': 64, 'max_links': 4, 'total_elems': 33820, 'total_shapes': 1248, 'total_links': 222, 'num_tensors': 56}
2026-08-25 07:25:14,071 [INFO]     [2 | left | 0](candidate_pairs: 28/28 | new_swaps: 0 | total: 3) -> {'max_bond': 64, 'max_links': 4, 'total_elems': 33820, 'total_shapes': 1248, 'total_links': 222, 'num_tensors': 56}
2026-08-25 07:25:14,112 [INFO]     [2 | left | 1](candidate_pairs: 27/27 | new_swaps: 0 | total: 3) -> {'max_bond': 64, 'max_links': 4, 'total_elems': 33820, 'total_shapes': 1248, 'total_links': 222, 'num_tensors': 56}
2026-08-25 07:25:14,159 [INFO]     [2 | right | 0](candidate_pairs: 28/28 | new_swaps: 0 | total: 3) -> {'max_bond': 64, 'max_links': 4, 'total_elems': 33820, 'total_shapes': 1248, 'total_links': 222, 'num_tensors': 56}
2026-08-25 07:25:14,206 [INFO]     [2 | right | 1](candidate_pairs: 27/27 | new_swaps: 0 | total: 3) -> {'max_bond': 64, 'max_links': 4, 'total_elems': 33820, 'total_shapes': 1248, 'total_links': 222, 'num_tensors': 56}
2026-08-25 07:25:14,352 [INFO]     [3 | both | 0](candidate_pairs: 28/28 | new_swaps: 1 | total: 1) -> {'max_bond': 64, 'max_links': 4, 'total_elems': 33180, 'total_shapes': 1232, 'total_links': 222, 'num_tensors': 56}
2026-08-25 07:25:14,448 [INFO]     [3 | both | 1](candidate_pairs: 27/27 | new_swaps: 0 | total: 1) -> {'max_bond': 64, 'max_links': 4, 'total_elems': 33180, 'total_shapes': 1232, 'total_links': 222, 'num_tensors': 56}
2026-08-25 07:25:14,494 [INFO]     [3 | left | 0](candidate_pairs: 28/28 | new_swaps: 0 | total: 1) -> {'max_bond': 64, 'max_links': 4, 'total_elems': 33180, 'total_shapes': 1232, 'total_links': 222, 'num_tensors': 56}
2026-08-25 07:25:14,535 [INFO]     [3 | left | 1](candidate_pairs: 27/27 | new_swaps: 0 | total: 1) -> {'max_bond': 64, 'max_links': 4, 'total_elems': 33180, 'total_shapes': 1232, 'total_links': 222, 'num_tensors': 56}
2026-08-25 07:25:14,578 [INFO]     [3 | right | 0](candidate_pairs: 28/28 | new_swaps: 0 | total: 1) -> {'max_bond': 64, 'max_links': 4, 'total_elems': 33180, 'total_shapes': 1232, 'total_links': 222, 'num_tensors': 56}
2026-08-25 07:25:14,617 [INFO]     [3 | right | 1](candidate_pairs: 27/27 | new_swaps: 0 | total: 1) -> {'max_bond': 64, 'max_links': 4, 'total_elems': 33180, 'total_shapes': 1232, 'total_links': 222, 'num_tensors': 56}
2026-08-25 07:25:14,720 [INFO]     [4 | both | 0](candidate_pairs: 28/28 | new_swaps: 0 | total: 0) -> {'max_bond': 64, 'max_links': 4, 'total_elems': 33180, 'total_shapes': 1232, 'total_links': 222, 'num_tensors': 56}
2026-08-25 07:25:14,809 [INFO]     [4 | both | 1](candidate_pairs: 27/27 | new_swaps: 0 | total: 0) -> {'max_bond': 64, 'max_links': 4, 'total_elems': 33180, 'total_shapes': 1232, 'total_links': 222, 'num_tensors': 56}
2026-08-25 07:25:14,857 [INFO]     [4 | left | 0](candidate_pairs: 28/28 | new_swaps: 0 | total: 0) -> {'max_bond': 64, 'max_links': 4, 'total_elems': 33180, 'total_shapes': 1232, 'total_links': 222, 'num_tensors': 56}
2026-08-25 07:25:14,898 [INFO]     [4 | left | 1](candidate_pairs: 27/27 | new_swaps: 0 | total: 0) -> {'max_bond': 64, 'max_links': 4, 'total_elems': 33180, 'total_shapes': 1232, 'total_links': 222, 'num_tensors': 56}
2026-08-25 07:25:14,941 [INFO]     [4 | right | 0](candidate_pairs: 28/28 | new_swaps: 0 | total: 0) -> {'max_bond': 64, 'max_links': 4, 'total_elems': 33180, 'total_shapes': 1232, 'total_links': 222, 'num_tensors': 56}
2026-08-25 07:25:14,979 [INFO]     [4 | right | 1](candidate_pairs: 27/27 | new_swaps: 0 | total: 0) -> {'max_bond': 64, 'max_links': 4, 'total_elems': 33180, 'total_shapes': 1232, 'total_links': 222, 'num_tensors': 56}
2026-08-25 07:25:14,979 [INFO]     [end unswap] -> {'max_bond': 64, 'max_links': 4, 'total_elems': 33180, 'total_shapes': 1232, 'total_links': 222, 'num_tensors': 56}
2026-08-25 07:25:14,980 [INFO] [start rewire](phase=post_unswap, cycle=33, side=left, layers=1310, trials=20, seed=123, parallel=False, route_candidates=1, route_score=none)
2026-08-25 07:25:16,473 [INFO] [end rewire](phase=post_unswap, cycle=33, side=left, routed_layers=1559, elapsed_s=1.49)
2026-08-25 07:25:16,473 [INFO] [start rewire](phase=post_unswap, cycle=33, side=right, layers=1582, trials=20, seed=123, parallel=False, route_candidates=1, route_score=none)
2026-08-25 07:25:17,774 [INFO] [end rewire](phase=post_unswap, cycle=33, side=right, routed_layers=1529, elapsed_s=1.30)
2026-08-25 07:25:17,886 [INFO] [1L/1557](swap: 12, u: 3 | c_u: 3 | t_u_l: 81/942 | t_u_r: 73/943 | t_u: 154/1885) -> {'max_bond': 64, 'max_links': 4, 'total_elems': 32860, 'total_shapes': 1216, 'total_links': 222, 'num_tensors': 56}
2026-08-25 07:25:17,966 [INFO] [1R/1527](swap: 6, u: 1 | c_u: 4 | t_u_l: 81/942 | t_u_r: 74/943 | t_u: 155/1885) -> {'max_bond': 64, 'max_links': 4, 'total_elems': 40576, 'total_shapes': 1382, 'total_links': 222, 'num_tensors': 56}
2026-08-25 07:25:18,048 [INFO] [2R/1527](swap: 9, u: 0 | c_u: 4 | t_u_l: 81/942 | t_u_r: 74/943 | t_u: 155/1885) -> {'max_bond': 64, 'max_links': 4, 'total_elems': 54544, 'total_shapes': 1626, 'total_links': 222, 'num_tensors': 56}
2026-08-25 07:25:18,144 [INFO] [3R/1527](swap: 7, u: 0 | c_u: 4 | t_u_l: 81/942 | t_u_r: 74/943 | t_u: 155/1885) -> {'max_bond': 64, 'max_links': 4, 'total_elems': 77840, 'total_shapes': 1826, 'total_links': 222, 'num_tensors': 56}
2026-08-25 07:25:18,272 [INFO] [2L/1557](swap: 9, u: 1 | c_u: 5 | t_u_l: 82/942 | t_u_r: 74/943 | t_u: 156/1885) -> {'max_bond': 128, 'max_links': 4, 'total_elems': 112184, 'total_shapes': 2164, 'total_links': 222, 'num_tensors': 56}
2026-08-25 07:25:18,440 [INFO] [3L/1557](swap: 9, u: 1 | c_u: 6 | t_u_l: 83/942 | t_u_r: 74/943 | t_u: 157/1885) -> {'max_bond': 128, 'max_links': 4, 'total_elems': 153176, 'total_shapes': 2440, 'total_links': 222, 'num_tensors': 56}
2026-08-25 07:25:18,658 [INFO] [4R/1527](swap: 7, u: 0 | c_u: 6 | t_u_l: 83/942 | t_u_r: 74/943 | t_u: 157/1885) -> {'max_bond': 128, 'max_links': 4, 'total_elems': 222360, 'total_shapes': 2928, 'total_links': 222, 'num_tensors': 56}
2026-08-25 07:25:19,038 [INFO] [4L/1557](swap: 7, u: 0 | c_u: 6 | t_u_l: 83/942 | t_u_r: 74/943 | t_u: 157/1885) -> {'max_bond': 128, 'max_links': 4, 'total_elems': 370968, 'total_shapes': 3488, 'total_links': 222, 'num_tensors': 56}
2026-08-25 07:25:19,623 [INFO] [5L/1557](swap: 7, u: 0 | c_u: 6 | t_u_l: 83/942 | t_u_r: 74/943 | t_u: 157/1885) -> {'max_bond': 128, 'max_links': 4, 'total_elems': 525080, 'total_shapes': 4016, 'total_links': 222, 'num_tensors': 56}
2026-08-25 07:25:20,791 [INFO] [6L/1557](swap: 7, u: 0 | c_u: 6 | t_u_l: 83/942 | t_u_r: 74/943 | t_u: 157/1885) -> {'max_bond': 128, 'max_links': 4, 'total_elems': 691992, 'total_shapes': 4560, 'total_links': 222, 'num_tensors': 56}
2026-08-25 07:25:22,617 [INFO]     [start unswap] -> {'max_bond': 128, 'max_links': 4, 'total_elems': 691992, 'total_shapes': 4560, 'total_links': 222, 'num_tensors': 56}
2026-08-25 07:25:37,423 [INFO]     [0 | both | 0](candidate_pairs: 28/28 | new_swaps: 5 | total: 5) -> {'max_bond': 256, 'max_links': 4, 'total_elems': 866392, 'total_shapes': 5136, 'total_links': 222, 'num_tensors': 56}
2026-08-25 07:25:40,555 [INFO]     [0 | both | 1](candidate_pairs: 27/27 | new_swaps: 10 | total: 15) -> {'max_bond': 128, 'max_links': 4, 'total_elems': 440648, 'total_shapes': 3652, 'total_links': 222, 'num_tensors': 56}
2026-08-25 07:25:41,462 [INFO]     [0 | left | 0](candidate_pairs: 28/28 | new_swaps: 8 | total: 23) -> {'max_bond': 128, 'max_links': 4, 'total_elems': 393088, 'total_shapes': 3328, 'total_links': 222, 'num_tensors': 56}
2026-08-25 07:25:42,648 [INFO]     [0 | left | 1](candidate_pairs: 27/27 | new_swaps: 6 | total: 29) -> {'max_bond': 128, 'max_links': 4, 'total_elems': 185472, 'total_shapes': 2640, 'total_links': 222, 'num_tensors': 56}
2026-08-25 07:25:42,921 [INFO]     [0 | right | 0](candidate_pairs: 28/28 | new_swaps: 6 | total: 35) -> {'max_bond': 64, 'max_links': 4, 'total_elems': 107136, 'total_shapes': 2054, 'total_links': 222, 'num_tensors': 56}
2026-08-25 07:25:43,103 [INFO]     [0 | right | 1](candidate_pairs: 27/27 | new_swaps: 7 | total: 42) -> {'max_bond': 64, 'max_links': 4, 'total_elems': 91176, 'total_shapes': 1898, 'total_links': 222, 'num_tensors': 56}
2026-08-25 07:25:43,363 [INFO]     [1 | both | 0](candidate_pairs: 28/28 | new_swaps: 8 | total: 8) -> {'max_bond': 64, 'max_links': 4, 'total_elems': 70504, 'total_shapes': 1682, 'total_links': 222, 'num_tensors': 56}
2026-08-25 07:25:43,600 [INFO]     [1 | both | 1](candidate_pairs: 27/27 | new_swaps: 3 | total: 11) -> {'max_bond': 64, 'max_links': 4, 'total_elems': 66460, 'total_shapes': 1624, 'total_links': 222, 'num_tensors': 56}
2026-08-25 07:25:43,704 [INFO]     [1 | left | 0](candidate_pairs: 28/28 | new_swaps: 3 | total: 14) -> {'max_bond': 64, 'max_links': 4, 'total_elems': 56988, 'total_shapes': 1528, 'total_links': 222, 'num_tensors': 56}
2026-08-25 07:25:43,800 [INFO]     [1 | left | 1](candidate_pairs: 27/27 | new_swaps: 1 | total: 15) -> {'max_bond': 64, 'max_links': 4, 'total_elems': 53916, 'total_shapes': 1496, 'total_links': 222, 'num_tensors': 56}
2026-08-25 07:25:43,879 [INFO]     [1 | right | 0](candidate_pairs: 28/28 | new_swaps: 3 | total: 18) -> {'max_bond': 64, 'max_links': 4, 'total_elems': 52572, 'total_shapes': 1456, 'total_links': 222, 'num_tensors': 56}
2026-08-25 07:25:43,976 [INFO]     [1 | right | 1](candidate_pairs: 27/27 | new_swaps: 1 | total: 19) -> {'max_bond': 64, 'max_links': 4, 'total_elems': 42332, 'total_shapes': 1392, 'total_links': 222, 'num_tensors': 56}
2026-08-25 07:25:44,117 [INFO]     [2 | both | 0](candidate_pairs: 28/28 | new_swaps: 1 | total: 1) -> {'max_bond': 32, 'max_links': 4, 'total_elems': 33116, 'total_shapes': 1296, 'total_links': 222, 'num_tensors': 56}
2026-08-25 07:25:44,231 [INFO]     [2 | both | 1](candidate_pairs: 27/27 | new_swaps: 3 | total: 4) -> {'max_bond': 32, 'max_links': 4, 'total_elems': 29404, 'total_shapes': 1232, 'total_links': 222, 'num_tensors': 56}
2026-08-25 07:25:44,296 [INFO]     [2 | left | 0](candidate_pairs: 28/28 | new_swaps: 2 | total: 6) -> {'max_bond': 32, 'max_links': 4, 'total_elems': 25372, 'total_shapes': 1176, 'total_links': 222, 'num_tensors': 56}
2026-08-25 07:25:44,342 [INFO]     [2 | left | 1](candidate_pairs: 27/27 | new_swaps: 1 | total: 7) -> {'max_bond': 32, 'max_links': 4, 'total_elems': 23836, 'total_shapes': 1152, 'total_links': 222, 'num_tensors': 56}
2026-08-25 07:25:44,374 [INFO]     [2 | right | 0](candidate_pairs: 28/28 | new_swaps: 0 | total: 7) -> {'max_bond': 32, 'max_links': 4, 'total_elems': 23836, 'total_shapes': 1152, 'total_links': 222, 'num_tensors': 56}
2026-08-25 07:25:44,418 [INFO]     [2 | right | 1](candidate_pairs: 27/27 | new_swaps: 1 | total: 8) -> {'max_bond': 32, 'max_links': 4, 'total_elems': 22748, 'total_shapes': 1126, 'total_links': 222, 'num_tensors': 56}
2026-08-25 07:25:44,483 [INFO]     [3 | both | 0](candidate_pairs: 28/28 | new_swaps: 0 | total: 0) -> {'max_bond': 32, 'max_links': 4, 'total_elems': 22748, 'total_shapes': 1126, 'total_links': 222, 'num_tensors': 56}
2026-08-25 07:25:44,538 [INFO]     [3 | both | 1](candidate_pairs: 27/27 | new_swaps: 0 | total: 0) -> {'max_bond': 32, 'max_links': 4, 'total_elems': 22748, 'total_shapes': 1126, 'total_links': 222, 'num_tensors': 56}
2026-08-25 07:25:44,568 [INFO]     [3 | left | 0](candidate_pairs: 28/28 | new_swaps: 0 | total: 0) -> {'max_bond': 32, 'max_links': 4, 'total_elems': 22748, 'total_shapes': 1126, 'total_links': 222, 'num_tensors': 56}
2026-08-25 07:25:44,595 [INFO]     [3 | left | 1](candidate_pairs: 27/27 | new_swaps: 0 | total: 0) -> {'max_bond': 32, 'max_links': 4, 'total_elems': 22748, 'total_shapes': 1126, 'total_links': 222, 'num_tensors': 56}
2026-08-25 07:25:44,625 [INFO]     [3 | right | 0](candidate_pairs: 28/28 | new_swaps: 0 | total: 0) -> {'max_bond': 32, 'max_links': 4, 'total_elems': 22748, 'total_shapes': 1126, 'total_links': 222, 'num_tensors': 56}
2026-08-25 07:25:44,652 [INFO]     [3 | right | 1](candidate_pairs: 27/27 | new_swaps: 0 | total: 0) -> {'max_bond': 32, 'max_links': 4, 'total_elems': 22748, 'total_shapes': 1126, 'total_links': 222, 'num_tensors': 56}
2026-08-25 07:25:44,652 [INFO]     [end unswap] -> {'max_bond': 32, 'max_links': 4, 'total_elems': 22748, 'total_shapes': 1126, 'total_links': 222, 'num_tensors': 56}
2026-08-25 07:25:44,705 [INFO] [start rewire](phase=post_unswap, cycle=34, side=left, layers=1553, trials=20, seed=123, parallel=False, route_candidates=1, route_score=none)
2026-08-25 07:25:46,230 [INFO] [end rewire](phase=post_unswap, cycle=34, side=left, routed_layers=1454, elapsed_s=1.52)
2026-08-25 07:25:46,230 [INFO] [start rewire](phase=post_unswap, cycle=34, side=right, layers=1525, trials=20, seed=123, parallel=False, route_candidates=1, route_score=none)
2026-08-25 07:25:47,569 [INFO] [end rewire](phase=post_unswap, cycle=34, side=right, routed_layers=1551, elapsed_s=1.34)
2026-08-25 07:25:47,688 [INFO] [1L/1452](swap: 12, u: 0 | c_u: 0 | t_u_l: 83/942 | t_u_r: 74/943 | t_u: 157/1885) -> {'max_bond': 32, 'max_links': 4, 'total_elems': 22620, 'total_shapes': 1124, 'total_links': 222, 'num_tensors': 56}
2026-08-25 07:25:47,752 [INFO] [2L/1452](swap: 14, u: 0 | c_u: 0 | t_u_l: 83/942 | t_u_r: 74/943 | t_u: 157/1885) -> {'max_bond': 32, 'max_links': 4, 'total_elems': 31744, 'total_shapes': 1326, 'total_links': 222, 'num_tensors': 56}
2026-08-25 07:25:47,826 [INFO] [1R/1549](swap: 7, u: 1 | c_u: 1 | t_u_l: 83/942 | t_u_r: 75/943 | t_u: 158/1885) -> {'max_bond': 64, 'max_links': 4, 'total_elems': 49728, 'total_shapes': 1566, 'total_links': 222, 'num_tensors': 56}
2026-08-25 07:25:47,930 [INFO] [2R/1549](swap: 7, u: 0 | c_u: 1 | t_u_l: 83/942 | t_u_r: 75/943 | t_u: 158/1885) -> {'max_bond': 64, 'max_links': 4, 'total_elems': 72320, 'total_shapes': 1782, 'total_links': 222, 'num_tensors': 56}
2026-08-25 07:25:48,063 [INFO] [3R/1549](swap: 7, u: 0 | c_u: 1 | t_u_l: 83/942 | t_u_r: 75/943 | t_u: 158/1885) -> {'max_bond': 64, 'max_links': 4, 'total_elems': 108544, 'total_shapes': 2078, 'total_links': 222, 'num_tensors': 56}
2026-08-25 07:25:48,248 [INFO] [4R/1549](swap: 5, u: 1 | c_u: 2 | t_u_l: 83/942 | t_u_r: 76/943 | t_u: 159/1885) -> {'max_bond': 64, 'max_links': 4, 'total_elems': 121152, 'total_shapes': 2182, 'total_links': 222, 'num_tensors': 56}
2026-08-25 07:25:48,458 [INFO] [5R/1549](swap: 5, u: 1 | c_u: 3 | t_u_l: 83/942 | t_u_r: 77/943 | t_u: 160/1885) -> {'max_bond': 128, 'max_links': 4, 'total_elems': 166528, 'total_shapes': 2502, 'total_links': 222, 'num_tensors': 56}
2026-08-25 07:25:48,891 [INFO] [6R/1549](swap: 7, u: 0 | c_u: 3 | t_u_l: 83/942 | t_u_r: 77/943 | t_u: 160/1885) -> {'max_bond': 128, 'max_links': 4, 'total_elems': 202304, 'total_shapes': 2654, 'total_links': 222, 'num_tensors': 56}
2026-08-25 07:25:49,299 [INFO] [7R/1549](swap: 5, u: 1 | c_u: 4 | t_u_l: 83/942 | t_u_r: 78/943 | t_u: 161/1885) -> {'max_bond': 128, 'max_links': 4, 'total_elems': 253504, 'total_shapes': 2950, 'total_links': 222, 'num_tensors': 56}
2026-08-25 07:25:49,816 [INFO] [8R/1549](swap: 5, u: 1 | c_u: 5 | t_u_l: 83/942 | t_u_r: 79/943 | t_u: 162/1885) -> {'max_bond': 128, 'max_links': 4, 'total_elems': 274944, 'total_shapes': 3102, 'total_links': 222, 'num_tensors': 56}
2026-08-25 07:25:50,391 [INFO] [9R/1549](swap: 5, u: 0 | c_u: 5 | t_u_l: 83/942 | t_u_r: 79/943 | t_u: 162/1885) -> {'max_bond': 128, 'max_links': 4, 'total_elems': 352704, 'total_shapes': 3542, 'total_links': 222, 'num_tensors': 56}
2026-08-25 07:25:51,171 [INFO] [10R/1549](swap: 6, u: 0 | c_u: 5 | t_u_l: 83/942 | t_u_r: 79/943 | t_u: 162/1885) -> {'max_bond': 128, 'max_links': 4, 'total_elems': 455232, 'total_shapes': 4014, 'total_links': 222, 'num_tensors': 56}
2026-08-25 07:25:52,029 [INFO] [11R/1549](swap: 4, u: 1 | c_u: 6 | t_u_l: 83/942 | t_u_r: 80/943 | t_u: 163/1885) -> {'max_bond': 128, 'max_links': 4, 'total_elems': 496192, 'total_shapes': 4222, 'total_links': 222, 'num_tensors': 56}
2026-08-25 07:25:52,962 [INFO]     [start unswap] -> {'max_bond': 128, 'max_links': 4, 'total_elems': 496192, 'total_shapes': 4222, 'total_links': 222, 'num_tensors': 56}
2026-08-25 07:25:58,961 [INFO]     [0 | both | 0](candidate_pairs: 28/28 | new_swaps: 4 | total: 4) -> {'max_bond': 256, 'max_links': 4, 'total_elems': 844440, 'total_shapes': 4960, 'total_links': 222, 'num_tensors': 56}
2026-08-25 07:26:05,346 [INFO]     [0 | both | 1](candidate_pairs: 27/27 | new_swaps: 5 | total: 9) -> {'max_bond': 256, 'max_links': 4, 'total_elems': 803640, 'total_shapes': 4680, 'total_links': 222, 'num_tensors': 56}
2026-08-25 07:26:08,422 [INFO]     [0 | left | 0](candidate_pairs: 28/28 | new_swaps: 9 | total: 18) -> {'max_bond': 128, 'max_links': 4, 'total_elems': 448312, 'total_shapes': 3880, 'total_links': 222, 'num_tensors': 56}
2026-08-25 07:26:09,467 [INFO]     [0 | left | 1](candidate_pairs: 27/27 | new_swaps: 9 | total: 27) -> {'max_bond': 128, 'max_links': 4, 'total_elems': 295152, 'total_shapes': 3182, 'total_links': 222, 'num_tensors': 56}
2026-08-25 07:26:10,027 [INFO]     [0 | right | 0](candidate_pairs: 28/28 | new_swaps: 4 | total: 31) -> {'max_bond': 128, 'max_links': 4, 'total_elems': 240176, 'total_shapes': 2864, 'total_links': 222, 'num_tensors': 56}
2026-08-25 07:26:10,527 [INFO]     [0 | right | 1](candidate_pairs: 27/27 | new_swaps: 6 | total: 37) -> {'max_bond': 64, 'max_links': 4, 'total_elems': 172096, 'total_shapes': 2514, 'total_links': 222, 'num_tensors': 56}
2026-08-25 07:26:11,191 [INFO]     [1 | both | 0](candidate_pairs: 28/28 | new_swaps: 5 | total: 5) -> {'max_bond': 64, 'max_links': 4, 'total_elems': 144256, 'total_shapes': 2266, 'total_links': 222, 'num_tensors': 56}
2026-08-25 07:26:11,765 [INFO]     [1 | both | 1](candidate_pairs: 27/27 | new_swaps: 6 | total: 11) -> {'max_bond': 64, 'max_links': 4, 'total_elems': 107008, 'total_shapes': 1994, 'total_links': 222, 'num_tensors': 56}
2026-08-25 07:26:11,906 [INFO]     [1 | left | 0](candidate_pairs: 28/28 | new_swaps: 2 | total: 13) -> {'max_bond': 64, 'max_links': 4, 'total_elems': 96732, 'total_shapes': 1924, 'total_links': 222, 'num_tensors': 56}
2026-08-25 07:26:12,027 [INFO]     [1 | left | 1](candidate_pairs: 27/27 | new_swaps: 0 | total: 13) -> {'max_bond': 64, 'max_links': 4, 'total_elems': 96732, 'total_shapes': 1924, 'total_links': 222, 'num_tensors': 56}
2026-08-25 07:26:12,180 [INFO]     [1 | right | 0](candidate_pairs: 28/28 | new_swaps: 2 | total: 15) -> {'max_bond': 64, 'max_links': 4, 'total_elems': 81372, 'total_shapes': 1828, 'total_links': 222, 'num_tensors': 56}
2026-08-25 07:26:12,262 [INFO]     [1 | right | 1](candidate_pairs: 27/27 | new_swaps: 0 | total: 15) -> {'max_bond': 64, 'max_links': 4, 'total_elems': 81372, 'total_shapes': 1828, 'total_links': 222, 'num_tensors': 56}
2026-08-25 07:26:12,526 [INFO]     [2 | both | 0](candidate_pairs: 28/28 | new_swaps: 3 | total: 3) -> {'max_bond': 64, 'max_links': 4, 'total_elems': 64476, 'total_shapes': 1700, 'total_links': 222, 'num_tensors': 56}
2026-08-25 07:26:12,730 [INFO]     [2 | both | 1](candidate_pairs: 27/27 | new_swaps: 2 | total: 5) -> {'max_bond': 64, 'max_links': 4, 'total_elems': 57564, 'total_shapes': 1588, 'total_links': 222, 'num_tensors': 56}
2026-08-25 07:26:12,808 [INFO]     [2 | left | 0](candidate_pairs: 28/28 | new_swaps: 1 | total: 6) -> {'max_bond': 64, 'max_links': 4, 'total_elems': 56540, 'total_shapes': 1572, 'total_links': 222, 'num_tensors': 56}
2026-08-25 07:26:12,899 [INFO]     [2 | left | 1](candidate_pairs: 27/27 | new_swaps: 1 | total: 7) -> {'max_bond': 64, 'max_links': 4, 'total_elems': 55772, 'total_shapes': 1556, 'total_links': 222, 'num_tensors': 56}
2026-08-25 07:26:12,980 [INFO]     [2 | right | 0](candidate_pairs: 28/28 | new_swaps: 1 | total: 8) -> {'max_bond': 64, 'max_links': 4, 'total_elems': 55004, 'total_shapes': 1540, 'total_links': 222, 'num_tensors': 56}
2026-08-25 07:26:13,071 [INFO]     [2 | right | 1](candidate_pairs: 27/27 | new_swaps: 1 | total: 9) -> {'max_bond': 64, 'max_links': 4, 'total_elems': 54236, 'total_shapes': 1524, 'total_links': 222, 'num_tensors': 56}
2026-08-25 07:26:13,231 [INFO]     [3 | both | 0](candidate_pairs: 28/28 | new_swaps: 1 | total: 1) -> {'max_bond': 64, 'max_links': 4, 'total_elems': 53468, 'total_shapes': 1508, 'total_links': 222, 'num_tensors': 56}
2026-08-25 07:26:13,358 [INFO]     [3 | both | 1](candidate_pairs: 27/27 | new_swaps: 0 | total: 1) -> {'max_bond': 64, 'max_links': 4, 'total_elems': 53468, 'total_shapes': 1508, 'total_links': 222, 'num_tensors': 56}
2026-08-25 07:26:13,411 [INFO]     [3 | left | 0](candidate_pairs: 28/28 | new_swaps: 0 | total: 1) -> {'max_bond': 64, 'max_links': 4, 'total_elems': 53468, 'total_shapes': 1508, 'total_links': 222, 'num_tensors': 56}
2026-08-25 07:26:13,476 [INFO]     [3 | left | 1](candidate_pairs: 27/27 | new_swaps: 0 | total: 1) -> {'max_bond': 64, 'max_links': 4, 'total_elems': 53468, 'total_shapes': 1508, 'total_links': 222, 'num_tensors': 56}
2026-08-25 07:26:13,529 [INFO]     [3 | right | 0](candidate_pairs: 28/28 | new_swaps: 0 | total: 1) -> {'max_bond': 64, 'max_links': 4, 'total_elems': 53468, 'total_shapes': 1508, 'total_links': 222, 'num_tensors': 56}
2026-08-25 07:26:13,596 [INFO]     [3 | right | 1](candidate_pairs: 27/27 | new_swaps: 0 | total: 1) -> {'max_bond': 64, 'max_links': 4, 'total_elems': 53468, 'total_shapes': 1508, 'total_links': 222, 'num_tensors': 56}
2026-08-25 07:26:13,709 [INFO]     [4 | both | 0](candidate_pairs: 28/28 | new_swaps: 0 | total: 0) -> {'max_bond': 64, 'max_links': 4, 'total_elems': 53468, 'total_shapes': 1508, 'total_links': 222, 'num_tensors': 56}
2026-08-25 07:26:13,836 [INFO]     [4 | both | 1](candidate_pairs: 27/27 | new_swaps: 0 | total: 0) -> {'max_bond': 64, 'max_links': 4, 'total_elems': 53468, 'total_shapes': 1508, 'total_links': 222, 'num_tensors': 56}
2026-08-25 07:26:13,889 [INFO]     [4 | left | 0](candidate_pairs: 28/28 | new_swaps: 0 | total: 0) -> {'max_bond': 64, 'max_links': 4, 'total_elems': 53468, 'total_shapes': 1508, 'total_links': 222, 'num_tensors': 56}
2026-08-25 07:26:13,952 [INFO]     [4 | left | 1](candidate_pairs: 27/27 | new_swaps: 0 | total: 0) -> {'max_bond': 64, 'max_links': 4, 'total_elems': 53468, 'total_shapes': 1508, 'total_links': 222, 'num_tensors': 56}
2026-08-25 07:26:14,005 [INFO]     [4 | right | 0](candidate_pairs: 28/28 | new_swaps: 0 | total: 0) -> {'max_bond': 64, 'max_links': 4, 'total_elems': 53468, 'total_shapes': 1508, 'total_links': 222, 'num_tensors': 56}
2026-08-25 07:26:14,067 [INFO]     [4 | right | 1](candidate_pairs: 27/27 | new_swaps: 0 | total: 0) -> {'max_bond': 64, 'max_links': 4, 'total_elems': 53468, 'total_shapes': 1508, 'total_links': 222, 'num_tensors': 56}
2026-08-25 07:26:14,068 [INFO]     [end unswap] -> {'max_bond': 64, 'max_links': 4, 'total_elems': 53468, 'total_shapes': 1508, 'total_links': 222, 'num_tensors': 56}
2026-08-25 07:26:14,069 [INFO] [start rewire](phase=post_unswap, cycle=35, side=left, layers=1452, trials=20, seed=123, parallel=False, route_candidates=1, route_score=none)
2026-08-25 07:26:15,284 [INFO] [end rewire](phase=post_unswap, cycle=35, side=left, routed_layers=1435, elapsed_s=1.21)
2026-08-25 07:26:15,284 [INFO] [start rewire](phase=post_unswap, cycle=35, side=right, layers=1540, trials=20, seed=123, parallel=False, route_candidates=1, route_score=none)
2026-08-25 07:26:16,633 [INFO] [end rewire](phase=post_unswap, cycle=35, side=right, routed_layers=1630, elapsed_s=1.35)
2026-08-25 07:26:16,810 [INFO] [1L/1433](swap: 12, u: 0 | c_u: 0 | t_u_l: 83/942 | t_u_r: 80/943 | t_u: 163/1885) -> {'max_bond': 64, 'max_links': 4, 'total_elems': 53468, 'total_shapes': 1508, 'total_links': 222, 'num_tensors': 56}
2026-08-25 07:26:16,884 [INFO] [1R/1628](swap: 9, u: 1 | c_u: 1 | t_u_l: 83/942 | t_u_r: 81/943 | t_u: 164/1885) -> {'max_bond': 64, 'max_links': 4, 'total_elems': 60732, 'total_shapes': 1700, 'total_links': 222, 'num_tensors': 56}
2026-08-25 07:26:16,968 [INFO] [2L/1433](swap: 12, u: 0 | c_u: 1 | t_u_l: 83/942 | t_u_r: 81/943 | t_u: 164/1885) -> {'max_bond': 64, 'max_links': 4, 'total_elems': 77536, 'total_shapes': 1954, 'total_links': 222, 'num_tensors': 56}
2026-08-25 07:26:17,084 [INFO] [2R/1628](swap: 9, u: 0 | c_u: 1 | t_u_l: 83/942 | t_u_r: 81/943 | t_u: 164/1885) -> {'max_bond': 64, 'max_links': 4, 'total_elems': 98016, 'total_shapes': 2202, 'total_links': 222, 'num_tensors': 56}
2026-08-25 07:26:17,234 [INFO] [3R/1628](swap: 9, u: 0 | c_u: 1 | t_u_l: 83/942 | t_u_r: 81/943 | t_u: 164/1885) -> {'max_bond': 128, 'max_links': 4, 'total_elems': 149216, 'total_shapes': 2682, 'total_links': 222, 'num_tensors': 56}
2026-08-25 07:26:17,454 [INFO] [4R/1628](swap: 7, u: 0 | c_u: 1 | t_u_l: 83/942 | t_u_r: 81/943 | t_u: 164/1885) -> {'max_bond': 128, 'max_links': 4, 'total_elems': 232928, 'total_shapes': 3146, 'total_links': 222, 'num_tensors': 56}
2026-08-25 07:26:17,815 [INFO]     [start unswap] -> {'max_bond': 128, 'max_links': 4, 'total_elems': 232928, 'total_shapes': 3146, 'total_links': 222, 'num_tensors': 56}
2026-08-25 07:26:23,802 [INFO]     [0 | both | 0](candidate_pairs: 28/28 | new_swaps: 7 | total: 7) -> {'max_bond': 256, 'max_links': 4, 'total_elems': 412504, 'total_shapes': 3788, 'total_links': 222, 'num_tensors': 56}
2026-08-25 07:26:25,001 [INFO]     [0 | both | 1](candidate_pairs: 27/27 | new_swaps: 11 | total: 18) -> {'max_bond': 64, 'max_links': 4, 'total_elems': 146424, 'total_shapes': 2484, 'total_links': 222, 'num_tensors': 56}
2026-08-25 07:26:25,228 [INFO]     [0 | left | 0](candidate_pairs: 28/28 | new_swaps: 8 | total: 26) -> {'max_bond': 64, 'max_links': 4, 'total_elems': 107640, 'total_shapes': 2164, 'total_links': 222, 'num_tensors': 56}
2026-08-25 07:26:25,402 [INFO]     [0 | left | 1](candidate_pairs: 27/27 | new_swaps: 10 | total: 36) -> {'max_bond': 64, 'max_links': 4, 'total_elems': 78768, 'total_shapes': 1870, 'total_links': 222, 'num_tensors': 56}
2026-08-25 07:26:25,521 [INFO]     [0 | right | 0](candidate_pairs: 28/28 | new_swaps: 7 | total: 43) -> {'max_bond': 64, 'max_links': 4, 'total_elems': 58560, 'total_shapes': 1594, 'total_links': 222, 'num_tensors': 56}
2026-08-25 07:26:25,627 [INFO]     [0 | right | 1](candidate_pairs: 27/27 | new_swaps: 6 | total: 49) -> {'max_bond': 64, 'max_links': 4, 'total_elems': 49904, 'total_shapes': 1458, 'total_links': 222, 'num_tensors': 56}
2026-08-25 07:26:25,770 [INFO]     [1 | both | 0](candidate_pairs: 28/28 | new_swaps: 2 | total: 2) -> {'max_bond': 64, 'max_links': 4, 'total_elems': 47600, 'total_shapes': 1410, 'total_links': 222, 'num_tensors': 56}
2026-08-25 07:26:25,903 [INFO]     [1 | both | 1](candidate_pairs: 27/27 | new_swaps: 0 | total: 2) -> {'max_bond': 64, 'max_links': 4, 'total_elems': 47600, 'total_shapes': 1410, 'total_links': 222, 'num_tensors': 56}
2026-08-25 07:26:25,987 [INFO]     [1 | left | 0](candidate_pairs: 28/28 | new_swaps: 2 | total: 4) -> {'max_bond': 64, 'max_links': 4, 'total_elems': 46668, 'total_shapes': 1388, 'total_links': 222, 'num_tensors': 56}
2026-08-25 07:26:26,071 [INFO]     [1 | left | 1](candidate_pairs: 27/27 | new_swaps: 1 | total: 5) -> {'max_bond': 64, 'max_links': 4, 'total_elems': 45900, 'total_shapes': 1372, 'total_links': 222, 'num_tensors': 56}
2026-08-25 07:26:26,150 [INFO]     [1 | right | 0](candidate_pairs: 28/28 | new_swaps: 2 | total: 7) -> {'max_bond': 64, 'max_links': 4, 'total_elems': 44892, 'total_shapes': 1344, 'total_links': 222, 'num_tensors': 56}
2026-08-25 07:26:26,235 [INFO]     [1 | right | 1](candidate_pairs: 27/27 | new_swaps: 1 | total: 8) -> {'max_bond': 64, 'max_links': 4, 'total_elems': 44124, 'total_shapes': 1328, 'total_links': 222, 'num_tensors': 56}
2026-08-25 07:26:26,381 [INFO]     [2 | both | 0](candidate_pairs: 28/28 | new_swaps: 1 | total: 1) -> {'max_bond': 64, 'max_links': 4, 'total_elems': 43356, 'total_shapes': 1312, 'total_links': 222, 'num_tensors': 56}
2026-08-25 07:26:26,542 [INFO]     [2 | both | 1](candidate_pairs: 27/27 | new_swaps: 1 | total: 2) -> {'max_bond': 64, 'max_links': 4, 'total_elems': 43116, 'total_shapes': 1300, 'total_links': 222, 'num_tensors': 56}
2026-08-25 07:26:26,587 [INFO]     [2 | left | 0](candidate_pairs: 28/28 | new_swaps: 0 | total: 2) -> {'max_bond': 64, 'max_links': 4, 'total_elems': 43116, 'total_shapes': 1300, 'total_links': 222, 'num_tensors': 56}
2026-08-25 07:26:26,644 [INFO]     [2 | left | 1](candidate_pairs: 27/27 | new_swaps: 0 | total: 2) -> {'max_bond': 64, 'max_links': 4, 'total_elems': 43116, 'total_shapes': 1300, 'total_links': 222, 'num_tensors': 56}
2026-08-25 07:26:26,711 [INFO]     [2 | right | 0](candidate_pairs: 28/28 | new_swaps: 1 | total: 3) -> {'max_bond': 64, 'max_links': 4, 'total_elems': 42876, 'total_shapes': 1288, 'total_links': 222, 'num_tensors': 56}
2026-08-25 07:26:26,771 [INFO]     [2 | right | 1](candidate_pairs: 27/27 | new_swaps: 0 | total: 3) -> {'max_bond': 64, 'max_links': 4, 'total_elems': 42876, 'total_shapes': 1288, 'total_links': 222, 'num_tensors': 56}
2026-08-25 07:26:26,863 [INFO]     [3 | both | 0](candidate_pairs: 28/28 | new_swaps: 0 | total: 0) -> {'max_bond': 64, 'max_links': 4, 'total_elems': 42876, 'total_shapes': 1288, 'total_links': 222, 'num_tensors': 56}
2026-08-25 07:26:27,034 [INFO]     [3 | both | 1](candidate_pairs: 27/27 | new_swaps: 1 | total: 1) -> {'max_bond': 64, 'max_links': 4, 'total_elems': 42636, 'total_shapes': 1276, 'total_links': 222, 'num_tensors': 56}
2026-08-25 07:26:27,082 [INFO]     [3 | left | 0](candidate_pairs: 28/28 | new_swaps: 0 | total: 1) -> {'max_bond': 64, 'max_links': 4, 'total_elems': 42636, 'total_shapes': 1276, 'total_links': 222, 'num_tensors': 56}
2026-08-25 07:26:27,140 [INFO]     [3 | left | 1](candidate_pairs: 27/27 | new_swaps: 0 | total: 1) -> {'max_bond': 64, 'max_links': 4, 'total_elems': 42636, 'total_shapes': 1276, 'total_links': 222, 'num_tensors': 56}
2026-08-25 07:26:27,182 [INFO]     [3 | right | 0](candidate_pairs: 28/28 | new_swaps: 0 | total: 1) -> {'max_bond': 64, 'max_links': 4, 'total_elems': 42636, 'total_shapes': 1276, 'total_links': 222, 'num_tensors': 56}
2026-08-25 07:26:27,238 [INFO]     [3 | right | 1](candidate_pairs: 27/27 | new_swaps: 0 | total: 1) -> {'max_bond': 64, 'max_links': 4, 'total_elems': 42636, 'total_shapes': 1276, 'total_links': 222, 'num_tensors': 56}
2026-08-25 07:26:27,379 [INFO]     [4 | both | 0](candidate_pairs: 28/28 | new_swaps: 1 | total: 1) -> {'max_bond': 64, 'max_links': 4, 'total_elems': 42348, 'total_shapes': 1268, 'total_links': 222, 'num_tensors': 56}
2026-08-25 07:26:27,500 [INFO]     [4 | both | 1](candidate_pairs: 27/27 | new_swaps: 0 | total: 1) -> {'max_bond': 64, 'max_links': 4, 'total_elems': 42348, 'total_shapes': 1268, 'total_links': 222, 'num_tensors': 56}
2026-08-25 07:26:27,547 [INFO]     [4 | left | 0](candidate_pairs: 28/28 | new_swaps: 0 | total: 1) -> {'max_bond': 64, 'max_links': 4, 'total_elems': 42348, 'total_shapes': 1268, 'total_links': 222, 'num_tensors': 56}
2026-08-25 07:26:27,604 [INFO]     [4 | left | 1](candidate_pairs: 27/27 | new_swaps: 0 | total: 1) -> {'max_bond': 64, 'max_links': 4, 'total_elems': 42348, 'total_shapes': 1268, 'total_links': 222, 'num_tensors': 56}
2026-08-25 07:26:27,649 [INFO]     [4 | right | 0](candidate_pairs: 28/28 | new_swaps: 0 | total: 1) -> {'max_bond': 64, 'max_links': 4, 'total_elems': 42348, 'total_shapes': 1268, 'total_links': 222, 'num_tensors': 56}
2026-08-25 07:26:27,731 [INFO]     [4 | right | 1](candidate_pairs: 27/27 | new_swaps: 1 | total: 2) -> {'max_bond': 64, 'max_links': 4, 'total_elems': 41196, 'total_shapes': 1252, 'total_links': 222, 'num_tensors': 56}
2026-08-25 07:26:27,889 [INFO]     [5 | both | 0](candidate_pairs: 28/28 | new_swaps: 1 | total: 1) -> {'max_bond': 64, 'max_links': 4, 'total_elems': 36588, 'total_shapes': 1220, 'total_links': 222, 'num_tensors': 56}
2026-08-25 07:26:28,066 [INFO]     [5 | both | 1](candidate_pairs: 27/27 | new_swaps: 1 | total: 2) -> {'max_bond': 64, 'max_links': 4, 'total_elems': 21228, 'total_shapes': 1124, 'total_links': 222, 'num_tensors': 56}
2026-08-25 07:26:28,115 [INFO]     [5 | left | 0](candidate_pairs: 28/28 | new_swaps: 1 | total: 3) -> {'max_bond': 16, 'max_links': 4, 'total_elems': 15084, 'total_shapes': 1028, 'total_links': 222, 'num_tensors': 56}
2026-08-25 07:26:28,158 [INFO]     [5 | left | 1](candidate_pairs: 27/27 | new_swaps: 1 | total: 4) -> {'max_bond': 16, 'max_links': 4, 'total_elems': 13932, 'total_shapes': 1004, 'total_links': 222, 'num_tensors': 56}
2026-08-25 07:26:28,199 [INFO]     [5 | right | 0](candidate_pairs: 28/28 | new_swaps: 1 | total: 5) -> {'max_bond': 16, 'max_links': 4, 'total_elems': 12972, 'total_shapes': 980, 'total_links': 222, 'num_tensors': 56}
2026-08-25 07:26:28,224 [INFO]     [5 | right | 1](candidate_pairs: 27/27 | new_swaps: 0 | total: 5) -> {'max_bond': 16, 'max_links': 4, 'total_elems': 12972, 'total_shapes': 980, 'total_links': 222, 'num_tensors': 56}
2026-08-25 07:26:28,307 [INFO]     [6 | both | 0](candidate_pairs: 28/28 | new_swaps: 1 | total: 1) -> {'max_bond': 16, 'max_links': 4, 'total_elems': 12780, 'total_shapes': 972, 'total_links': 222, 'num_tensors': 56}
2026-08-25 07:26:28,391 [INFO]     [6 | both | 1](candidate_pairs: 27/27 | new_swaps: 1 | total: 2) -> {'max_bond': 16, 'max_links': 4, 'total_elems': 12588, 'total_shapes': 964, 'total_links': 222, 'num_tensors': 56}
2026-08-25 07:26:28,415 [INFO]     [6 | left | 0](candidate_pairs: 28/28 | new_swaps: 0 | total: 2) -> {'max_bond': 16, 'max_links': 4, 'total_elems': 12588, 'total_shapes': 964, 'total_links': 222, 'num_tensors': 56}
2026-08-25 07:26:28,437 [INFO]     [6 | left | 1](candidate_pairs: 27/27 | new_swaps: 0 | total: 2) -> {'max_bond': 16, 'max_links': 4, 'total_elems': 12588, 'total_shapes': 964, 'total_links': 222, 'num_tensors': 56}
2026-08-25 07:26:28,458 [INFO]     [6 | right | 0](candidate_pairs: 28/28 | new_swaps: 0 | total: 2) -> {'max_bond': 16, 'max_links': 4, 'total_elems': 12588, 'total_shapes': 964, 'total_links': 222, 'num_tensors': 56}
2026-08-25 07:26:28,480 [INFO]     [6 | right | 1](candidate_pairs: 27/27 | new_swaps: 0 | total: 2) -> {'max_bond': 16, 'max_links': 4, 'total_elems': 12588, 'total_shapes': 964, 'total_links': 222, 'num_tensors': 56}
2026-08-25 07:26:28,557 [INFO]     [7 | both | 0](candidate_pairs: 28/28 | new_swaps: 1 | total: 1) -> {'max_bond': 16, 'max_links': 4, 'total_elems': 12396, 'total_shapes': 956, 'total_links': 222, 'num_tensors': 56}
2026-08-25 07:26:28,631 [INFO]     [7 | both | 1](candidate_pairs: 27/27 | new_swaps: 1 | total: 2) -> {'max_bond': 16, 'max_links': 4, 'total_elems': 12204, 'total_shapes': 948, 'total_links': 222, 'num_tensors': 56}
2026-08-25 07:26:28,653 [INFO]     [7 | left | 0](candidate_pairs: 28/28 | new_swaps: 0 | total: 2) -> {'max_bond': 16, 'max_links': 4, 'total_elems': 12204, 'total_shapes': 948, 'total_links': 222, 'num_tensors': 56}
2026-08-25 07:26:28,674 [INFO]     [7 | left | 1](candidate_pairs: 27/27 | new_swaps: 0 | total: 2) -> {'max_bond': 16, 'max_links': 4, 'total_elems': 12204, 'total_shapes': 948, 'total_links': 222, 'num_tensors': 56}
2026-08-25 07:26:28,695 [INFO]     [7 | right | 0](candidate_pairs: 28/28 | new_swaps: 0 | total: 2) -> {'max_bond': 16, 'max_links': 4, 'total_elems': 12204, 'total_shapes': 948, 'total_links': 222, 'num_tensors': 56}
2026-08-25 07:26:28,716 [INFO]     [7 | right | 1](candidate_pairs: 27/27 | new_swaps: 0 | total: 2) -> {'max_bond': 16, 'max_links': 4, 'total_elems': 12204, 'total_shapes': 948, 'total_links': 222, 'num_tensors': 56}
2026-08-25 07:26:28,795 [INFO]     [8 | both | 0](candidate_pairs: 28/28 | new_swaps: 1 | total: 1) -> {'max_bond': 16, 'max_links': 4, 'total_elems': 12012, 'total_shapes': 940, 'total_links': 222, 'num_tensors': 56}
2026-08-25 07:26:28,870 [INFO]     [8 | both | 1](candidate_pairs: 27/27 | new_swaps: 1 | total: 2) -> {'max_bond': 16, 'max_links': 4, 'total_elems': 11820, 'total_shapes': 932, 'total_links': 222, 'num_tensors': 56}
2026-08-25 07:26:28,892 [INFO]     [8 | left | 0](candidate_pairs: 28/28 | new_swaps: 0 | total: 2) -> {'max_bond': 16, 'max_links': 4, 'total_elems': 11820, 'total_shapes': 932, 'total_links': 222, 'num_tensors': 56}
2026-08-25 07:26:28,913 [INFO]     [8 | left | 1](candidate_pairs: 27/27 | new_swaps: 0 | total: 2) -> {'max_bond': 16, 'max_links': 4, 'total_elems': 11820, 'total_shapes': 932, 'total_links': 222, 'num_tensors': 56}
2026-08-25 07:26:28,950 [INFO]     [8 | right | 0](candidate_pairs: 28/28 | new_swaps: 1 | total: 3) -> {'max_bond': 16, 'max_links': 4, 'total_elems': 11628, 'total_shapes': 924, 'total_links': 222, 'num_tensors': 56}
2026-08-25 07:26:28,972 [INFO]     [8 | right | 1](candidate_pairs: 27/27 | new_swaps: 0 | total: 3) -> {'max_bond': 16, 'max_links': 4, 'total_elems': 11628, 'total_shapes': 924, 'total_links': 222, 'num_tensors': 56}
2026-08-25 07:26:29,022 [INFO]     [9 | both | 0](candidate_pairs: 28/28 | new_swaps: 0 | total: 0) -> {'max_bond': 16, 'max_links': 4, 'total_elems': 11628, 'total_shapes': 924, 'total_links': 222, 'num_tensors': 56}
2026-08-25 07:26:29,096 [INFO]     [9 | both | 1](candidate_pairs: 27/27 | new_swaps: 1 | total: 1) -> {'max_bond': 16, 'max_links': 4, 'total_elems': 11436, 'total_shapes': 916, 'total_links': 222, 'num_tensors': 56}
2026-08-25 07:26:29,118 [INFO]     [9 | left | 0](candidate_pairs: 28/28 | new_swaps: 0 | total: 1) -> {'max_bond': 16, 'max_links': 4, 'total_elems': 11436, 'total_shapes': 916, 'total_links': 222, 'num_tensors': 56}
2026-08-25 07:26:29,138 [INFO]     [9 | left | 1](candidate_pairs: 27/27 | new_swaps: 0 | total: 1) -> {'max_bond': 16, 'max_links': 4, 'total_elems': 11436, 'total_shapes': 916, 'total_links': 222, 'num_tensors': 56}
2026-08-25 07:26:29,160 [INFO]     [9 | right | 0](candidate_pairs: 28/28 | new_swaps: 0 | total: 1) -> {'max_bond': 16, 'max_links': 4, 'total_elems': 11436, 'total_shapes': 916, 'total_links': 222, 'num_tensors': 56}
2026-08-25 07:26:29,182 [INFO]     [9 | right | 1](candidate_pairs: 27/27 | new_swaps: 0 | total: 1) -> {'max_bond': 16, 'max_links': 4, 'total_elems': 11436, 'total_shapes': 916, 'total_links': 222, 'num_tensors': 56}
2026-08-25 07:26:29,225 [INFO]     [10 | both | 0](candidate_pairs: 28/28 | new_swaps: 0 | total: 0) -> {'max_bond': 16, 'max_links': 4, 'total_elems': 11436, 'total_shapes': 916, 'total_links': 222, 'num_tensors': 56}
2026-08-25 07:26:29,268 [INFO]     [10 | both | 1](candidate_pairs: 27/27 | new_swaps: 0 | total: 0) -> {'max_bond': 16, 'max_links': 4, 'total_elems': 11436, 'total_shapes': 916, 'total_links': 222, 'num_tensors': 56}
2026-08-25 07:26:29,289 [INFO]     [10 | left | 0](candidate_pairs: 28/28 | new_swaps: 0 | total: 0) -> {'max_bond': 16, 'max_links': 4, 'total_elems': 11436, 'total_shapes': 916, 'total_links': 222, 'num_tensors': 56}
2026-08-25 07:26:29,310 [INFO]     [10 | left | 1](candidate_pairs: 27/27 | new_swaps: 0 | total: 0) -> {'max_bond': 16, 'max_links': 4, 'total_elems': 11436, 'total_shapes': 916, 'total_links': 222, 'num_tensors': 56}
2026-08-25 07:26:29,331 [INFO]     [10 | right | 0](candidate_pairs: 28/28 | new_swaps: 0 | total: 0) -> {'max_bond': 16, 'max_links': 4, 'total_elems': 11436, 'total_shapes': 916, 'total_links': 222, 'num_tensors': 56}
2026-08-25 07:26:29,352 [INFO]     [10 | right | 1](candidate_pairs: 27/27 | new_swaps: 0 | total: 0) -> {'max_bond': 16, 'max_links': 4, 'total_elems': 11436, 'total_shapes': 916, 'total_links': 222, 'num_tensors': 56}
2026-08-25 07:26:29,352 [INFO]     [end unswap] -> {'max_bond': 16, 'max_links': 4, 'total_elems': 11436, 'total_shapes': 916, 'total_links': 222, 'num_tensors': 56}
2026-08-25 07:26:29,353 [INFO] [start rewire](phase=post_unswap, cycle=36, side=left, layers=1433, trials=20, seed=123, parallel=False, route_candidates=1, route_score=none)
2026-08-25 07:26:30,900 [INFO] [end rewire](phase=post_unswap, cycle=36, side=left, routed_layers=1402, elapsed_s=1.55)
2026-08-25 07:26:30,901 [INFO] [start rewire](phase=post_unswap, cycle=36, side=right, layers=1626, trials=20, seed=123, parallel=False, route_candidates=1, route_score=none)
2026-08-25 07:26:31,897 [INFO] [end rewire](phase=post_unswap, cycle=36, side=right, routed_layers=1652, elapsed_s=1.00)
2026-08-25 07:26:32,008 [INFO] [1L/1400](swap: 12, u: 1 | c_u: 1 | t_u_l: 84/942 | t_u_r: 81/943 | t_u: 165/1885) -> {'max_bond': 16, 'max_links': 4, 'total_elems': 11436, 'total_shapes': 916, 'total_links': 222, 'num_tensors': 56}
2026-08-25 07:26:32,061 [INFO] [1R/1650](swap: 10, u: 0 | c_u: 1 | t_u_l: 84/942 | t_u_r: 81/943 | t_u: 165/1885) -> {'max_bond': 32, 'max_links': 4, 'total_elems': 16156, 'total_shapes': 1088, 'total_links': 222, 'num_tensors': 56}
2026-08-25 07:26:32,125 [INFO] [2L/1400](swap: 11, u: 1 | c_u: 2 | t_u_l: 85/942 | t_u_r: 81/943 | t_u: 166/1885) -> {'max_bond': 16, 'max_links': 4, 'total_elems': 17024, 'total_shapes': 1122, 'total_links': 222, 'num_tensors': 56}
2026-08-25 07:26:32,186 [INFO] [2R/1650](swap: 11, u: 0 | c_u: 2 | t_u_l: 85/942 | t_u_r: 81/943 | t_u: 166/1885) -> {'max_bond': 64, 'max_links': 4, 'total_elems': 28112, 'total_shapes': 1358, 'total_links': 222, 'num_tensors': 56}
2026-08-25 07:26:32,259 [INFO] [3L/1400](swap: 7, u: 0 | c_u: 2 | t_u_l: 85/942 | t_u_r: 81/943 | t_u: 166/1885) -> {'max_bond': 64, 'max_links': 4, 'total_elems': 40920, 'total_shapes': 1588, 'total_links': 222, 'num_tensors': 56}
2026-08-25 07:26:32,965 [INFO] [3R/1650](swap: 11, u: 0 | c_u: 2 | t_u_l: 85/942 | t_u_r: 81/943 | t_u: 166/1885) -> {'max_bond': 64, 'max_links': 4, 'total_elems': 54680, 'total_shapes': 1772, 'total_links': 222, 'num_tensors': 56}
2026-08-25 07:26:33,045 [INFO] [4L/1400](swap: 5, u: 0 | c_u: 2 | t_u_l: 85/942 | t_u_r: 81/943 | t_u: 166/1885) -> {'max_bond': 64, 'max_links': 4, 'total_elems': 76504, 'total_shapes': 1932, 'total_links': 222, 'num_tensors': 56}
2026-08-25 07:26:33,150 [INFO] [5L/1400](swap: 5, u: 0 | c_u: 2 | t_u_l: 85/942 | t_u_r: 81/943 | t_u: 166/1885) -> {'max_bond': 64, 'max_links': 4, 'total_elems': 83636, 'total_shapes': 2052, 'total_links': 222, 'num_tensors': 56}
2026-08-25 07:26:33,257 [INFO] [6L/1400](swap: 3, u: 1 | c_u: 3 | t_u_l: 86/942 | t_u_r: 81/943 | t_u: 167/1885) -> {'max_bond': 64, 'max_links': 4, 'total_elems': 90856, 'total_shapes': 2138, 'total_links': 222, 'num_tensors': 56}
2026-08-25 07:26:33,362 [INFO] [7L/1400](swap: 3, u: 0 | c_u: 3 | t_u_l: 86/942 | t_u_r: 81/943 | t_u: 167/1885) -> {'max_bond': 64, 'max_links': 4, 'total_elems': 108512, 'total_shapes': 2280, 'total_links': 222, 'num_tensors': 56}
2026-08-25 07:26:33,511 [INFO] [8L/1400](swap: 3, u: 0 | c_u: 3 | t_u_l: 86/942 | t_u_r: 81/943 | t_u: 167/1885) -> {'max_bond': 64, 'max_links': 4, 'total_elems': 146400, 'total_shapes': 2472, 'total_links': 222, 'num_tensors': 56}
2026-08-25 07:26:33,736 [INFO]     [start unswap] -> {'max_bond': 64, 'max_links': 4, 'total_elems': 146400, 'total_shapes': 2472, 'total_links': 222, 'num_tensors': 56}
2026-08-25 07:26:34,595 [INFO]     [0 | both | 0](candidate_pairs: 28/28 | new_swaps: 7 | total: 7) -> {'max_bond': 64, 'max_links': 4, 'total_elems': 105184, 'total_shapes': 2184, 'total_links': 222, 'num_tensors': 56}
2026-08-25 07:26:34,900 [INFO]     [0 | both | 1](candidate_pairs: 27/27 | new_swaps: 6 | total: 13) -> {'max_bond': 64, 'max_links': 4, 'total_elems': 86768, 'total_shapes': 1916, 'total_links': 222, 'num_tensors': 56}
2026-08-25 07:26:35,042 [INFO]     [0 | left | 0](candidate_pairs: 28/28 | new_swaps: 4 | total: 17) -> {'max_bond': 64, 'max_links': 4, 'total_elems': 68392, 'total_shapes': 1768, 'total_links': 222, 'num_tensors': 56}
2026-08-25 07:26:35,144 [INFO]     [0 | left | 1](candidate_pairs: 27/27 | new_swaps: 9 | total: 26) -> {'max_bond': 64, 'max_links': 4, 'total_elems': 44920, 'total_shapes': 1488, 'total_links': 222, 'num_tensors': 56}
2026-08-25 07:26:35,215 [INFO]     [0 | right | 0](candidate_pairs: 28/28 | new_swaps: 4 | total: 30) -> {'max_bond': 64, 'max_links': 4, 'total_elems': 44360, 'total_shapes': 1460, 'total_links': 222, 'num_tensors': 56}
2026-08-25 07:26:35,309 [INFO]     [0 | right | 1](candidate_pairs: 27/27 | new_swaps: 6 | total: 36) -> {'max_bond': 64, 'max_links': 4, 'total_elems': 39880, 'total_shapes': 1376, 'total_links': 222, 'num_tensors': 56}
2026-08-25 07:26:35,453 [INFO]     [1 | both | 0](candidate_pairs: 28/28 | new_swaps: 6 | total: 6) -> {'max_bond': 32, 'max_links': 4, 'total_elems': 29784, 'total_shapes': 1252, 'total_links': 222, 'num_tensors': 56}
2026-08-25 07:26:35,567 [INFO]     [1 | both | 1](candidate_pairs: 27/27 | new_swaps: 1 | total: 7) -> {'max_bond': 32, 'max_links': 4, 'total_elems': 26712, 'total_shapes': 1220, 'total_links': 222, 'num_tensors': 56}
2026-08-25 07:26:35,633 [INFO]     [1 | left | 0](candidate_pairs: 28/28 | new_swaps: 4 | total: 11) -> {'max_bond': 32, 'max_links': 4, 'total_elems': 19032, 'total_shapes': 1100, 'total_links': 222, 'num_tensors': 56}
2026-08-25 07:26:35,686 [INFO]     [1 | left | 1](candidate_pairs: 27/27 | new_swaps: 5 | total: 16) -> {'max_bond': 16, 'max_links': 4, 'total_elems': 15208, 'total_shapes': 1002, 'total_links': 222, 'num_tensors': 56}
2026-08-25 07:26:35,732 [INFO]     [1 | right | 0](candidate_pairs: 28/28 | new_swaps: 3 | total: 19) -> {'max_bond': 16, 'max_links': 4, 'total_elems': 14776, 'total_shapes': 976, 'total_links': 222, 'num_tensors': 56}
2026-08-25 07:26:35,780 [INFO]     [1 | right | 1](candidate_pairs: 27/27 | new_swaps: 3 | total: 22) -> {'max_bond': 16, 'max_links': 4, 'total_elems': 12600, 'total_shapes': 928, 'total_links': 222, 'num_tensors': 56}
2026-08-25 07:26:35,865 [INFO]     [2 | both | 0](candidate_pairs: 28/28 | new_swaps: 2 | total: 2) -> {'max_bond': 16, 'max_links': 4, 'total_elems': 11820, 'total_shapes': 910, 'total_links': 222, 'num_tensors': 56}
2026-08-25 07:26:35,943 [INFO]     [2 | both | 1](candidate_pairs: 27/27 | new_swaps: 1 | total: 3) -> {'max_bond': 16, 'max_links': 4, 'total_elems': 11052, 'total_shapes': 894, 'total_links': 222, 'num_tensors': 56}
2026-08-25 07:26:35,987 [INFO]     [2 | left | 0](candidate_pairs: 28/28 | new_swaps: 2 | total: 5) -> {'max_bond': 16, 'max_links': 4, 'total_elems': 9932, 'total_shapes': 862, 'total_links': 222, 'num_tensors': 56}
2026-08-25 07:26:36,008 [INFO]     [2 | left | 1](candidate_pairs: 27/27 | new_swaps: 0 | total: 5) -> {'max_bond': 16, 'max_links': 4, 'total_elems': 9932, 'total_shapes': 862, 'total_links': 222, 'num_tensors': 56}
2026-08-25 07:26:36,045 [INFO]     [2 | right | 0](candidate_pairs: 28/28 | new_swaps: 1 | total: 6) -> {'max_bond': 16, 'max_links': 4, 'total_elems': 9740, 'total_shapes': 854, 'total_links': 222, 'num_tensors': 56}
2026-08-25 07:26:36,081 [INFO]     [2 | right | 1](candidate_pairs: 27/27 | new_swaps: 1 | total: 7) -> {'max_bond': 16, 'max_links': 4, 'total_elems': 9356, 'total_shapes': 846, 'total_links': 222, 'num_tensors': 56}
2026-08-25 07:26:36,155 [INFO]     [3 | both | 0](candidate_pairs: 28/28 | new_swaps: 1 | total: 1) -> {'max_bond': 16, 'max_links': 4, 'total_elems': 8396, 'total_shapes': 822, 'total_links': 222, 'num_tensors': 56}
2026-08-25 07:26:36,194 [INFO]     [3 | both | 1](candidate_pairs: 27/27 | new_swaps: 0 | total: 1) -> {'max_bond': 16, 'max_links': 4, 'total_elems': 8396, 'total_shapes': 822, 'total_links': 222, 'num_tensors': 56}
2026-08-25 07:26:36,214 [INFO]     [3 | left | 0](candidate_pairs: 28/28 | new_swaps: 0 | total: 1) -> {'max_bond': 16, 'max_links': 4, 'total_elems': 8396, 'total_shapes': 822, 'total_links': 222, 'num_tensors': 56}
2026-08-25 07:26:36,249 [INFO]     [3 | left | 1](candidate_pairs: 27/27 | new_swaps: 1 | total: 2) -> {'max_bond': 16, 'max_links': 4, 'total_elems': 8012, 'total_shapes': 798, 'total_links': 222, 'num_tensors': 56}
2026-08-25 07:26:36,284 [INFO]     [3 | right | 0](candidate_pairs: 28/28 | new_swaps: 1 | total: 3) -> {'max_bond': 16, 'max_links': 4, 'total_elems': 7820, 'total_shapes': 790, 'total_links': 222, 'num_tensors': 56}
2026-08-25 07:26:36,303 [INFO]     [3 | right | 1](candidate_pairs: 27/27 | new_swaps: 0 | total: 3) -> {'max_bond': 16, 'max_links': 4, 'total_elems': 7820, 'total_shapes': 790, 'total_links': 222, 'num_tensors': 56}
2026-08-25 07:26:36,343 [INFO]     [4 | both | 0](candidate_pairs: 28/28 | new_swaps: 0 | total: 0) -> {'max_bond': 16, 'max_links': 4, 'total_elems': 7820, 'total_shapes': 790, 'total_links': 222, 'num_tensors': 56}
2026-08-25 07:26:36,382 [INFO]     [4 | both | 1](candidate_pairs: 27/27 | new_swaps: 0 | total: 0) -> {'max_bond': 16, 'max_links': 4, 'total_elems': 7820, 'total_shapes': 790, 'total_links': 222, 'num_tensors': 56}
2026-08-25 07:26:36,402 [INFO]     [4 | left | 0](candidate_pairs: 28/28 | new_swaps: 0 | total: 0) -> {'max_bond': 16, 'max_links': 4, 'total_elems': 7820, 'total_shapes': 790, 'total_links': 222, 'num_tensors': 56}
2026-08-25 07:26:36,421 [INFO]     [4 | left | 1](candidate_pairs: 27/27 | new_swaps: 0 | total: 0) -> {'max_bond': 16, 'max_links': 4, 'total_elems': 7820, 'total_shapes': 790, 'total_links': 222, 'num_tensors': 56}
2026-08-25 07:26:36,441 [INFO]     [4 | right | 0](candidate_pairs: 28/28 | new_swaps: 0 | total: 0) -> {'max_bond': 16, 'max_links': 4, 'total_elems': 7820, 'total_shapes': 790, 'total_links': 222, 'num_tensors': 56}
2026-08-25 07:26:36,460 [INFO]     [4 | right | 1](candidate_pairs: 27/27 | new_swaps: 0 | total: 0) -> {'max_bond': 16, 'max_links': 4, 'total_elems': 7820, 'total_shapes': 790, 'total_links': 222, 'num_tensors': 56}
2026-08-25 07:26:36,461 [INFO]     [end unswap] -> {'max_bond': 16, 'max_links': 4, 'total_elems': 7820, 'total_shapes': 790, 'total_links': 222, 'num_tensors': 56}
2026-08-25 07:26:36,463 [INFO] [start rewire](phase=post_unswap, cycle=37, side=left, layers=1394, trials=20, seed=123, parallel=False, route_candidates=1, route_score=none)
2026-08-25 07:26:37,661 [INFO] [end rewire](phase=post_unswap, cycle=37, side=left, routed_layers=1430, elapsed_s=1.20)
2026-08-25 07:26:37,662 [INFO] [start rewire](phase=post_unswap, cycle=37, side=right, layers=1649, trials=20, seed=123, parallel=False, route_candidates=1, route_score=none)
2026-08-25 07:26:39,105 [INFO] [end rewire](phase=post_unswap, cycle=37, side=right, routed_layers=1734, elapsed_s=1.44)
2026-08-25 07:26:39,215 [INFO] [1L/1428](swap: 13, u: 0 | c_u: 0 | t_u_l: 86/942 | t_u_r: 81/943 | t_u: 167/1885) -> {'max_bond': 16, 'max_links': 4, 'total_elems': 7820, 'total_shapes': 790, 'total_links': 222, 'num_tensors': 56}
2026-08-25 07:26:39,263 [INFO] [1R/1732](swap: 10, u: 0 | c_u: 0 | t_u_l: 86/942 | t_u_r: 81/943 | t_u: 167/1885) -> {'max_bond': 32, 'max_links': 4, 'total_elems': 11384, 'total_shapes': 956, 'total_links': 222, 'num_tensors': 56}
2026-08-25 07:26:39,313 [INFO] [2R/1732](swap: 7, u: 1 | c_u: 1 | t_u_l: 86/942 | t_u_r: 82/943 | t_u: 168/1885) -> {'max_bond': 32, 'max_links': 4, 'total_elems': 17640, 'total_shapes': 1088, 'total_links': 222, 'num_tensors': 56}
2026-08-25 07:26:39,371 [INFO] [2L/1428](swap: 10, u: 0 | c_u: 1 | t_u_l: 86/942 | t_u_r: 82/943 | t_u: 168/1885) -> {'max_bond': 32, 'max_links': 4, 'total_elems': 21304, 'total_shapes': 1214, 'total_links': 222, 'num_tensors': 56}
2026-08-25 07:26:39,430 [INFO] [3L/1428](swap: 8, u: 0 | c_u: 1 | t_u_l: 86/942 | t_u_r: 82/943 | t_u: 168/1885) -> {'max_bond': 32, 'max_links': 4, 'total_elems': 27976, 'total_shapes': 1362, 'total_links': 222, 'num_tensors': 56}
2026-08-25 07:26:39,496 [INFO] [4L/1428](swap: 8, u: 0 | c_u: 1 | t_u_l: 86/942 | t_u_r: 82/943 | t_u: 168/1885) -> {'max_bond': 32, 'max_links': 4, 'total_elems': 32264, 'total_shapes': 1474, 'total_links': 222, 'num_tensors': 56}
2026-08-25 07:26:39,568 [INFO] [3R/1732](swap: 7, u: 0 | c_u: 1 | t_u_l: 86/942 | t_u_r: 82/943 | t_u: 168/1885) -> {'max_bond': 32, 'max_links': 4, 'total_elems': 39976, 'total_shapes': 1618, 'total_links': 222, 'num_tensors': 56}
2026-08-25 07:26:39,638 [INFO] [5L/1428](swap: 7, u: 0 | c_u: 1 | t_u_l: 86/942 | t_u_r: 82/943 | t_u: 168/1885) -> {'max_bond': 32, 'max_links': 4, 'total_elems': 57384, 'total_shapes': 1810, 'total_links': 222, 'num_tensors': 56}
2026-08-25 07:26:39,729 [INFO] [6L/1428](swap: 6, u: 0 | c_u: 1 | t_u_l: 86/942 | t_u_r: 82/943 | t_u: 168/1885) -> {'max_bond': 128, 'max_links': 4, 'total_elems': 92208, 'total_shapes': 2126, 'total_links': 222, 'num_tensors': 56}
2026-08-25 07:26:39,876 [INFO] [4R/1732](swap: 7, u: 0 | c_u: 1 | t_u_l: 86/942 | t_u_r: 82/943 | t_u: 168/1885) -> {'max_bond': 128, 'max_links': 4, 'total_elems': 131072, 'total_shapes': 2462, 'total_links': 222, 'num_tensors': 56}
2026-08-25 07:26:40,093 [INFO] [5R/1732](swap: 5, u: 0 | c_u: 1 | t_u_l: 86/942 | t_u_r: 82/943 | t_u: 168/1885) -> {'max_bond': 128, 'max_links': 4, 'total_elems': 238656, 'total_shapes': 2778, 'total_links': 222, 'num_tensors': 56}
2026-08-25 07:26:40,628 [INFO] [6R/1732](swap: 4, u: 1 | c_u: 2 | t_u_l: 86/942 | t_u_r: 83/943 | t_u: 169/1885) -> {'max_bond': 128, 'max_links': 4, 'total_elems': 261696, 'total_shapes': 2986, 'total_links': 222, 'num_tensors': 56}
2026-08-25 07:26:41,170 [INFO] [7R/1732](swap: 4, u: 1 | c_u: 3 | t_u_l: 86/942 | t_u_r: 84/943 | t_u: 170/1885) -> {'max_bond': 128, 'max_links': 4, 'total_elems': 308736, 'total_shapes': 3266, 'total_links': 222, 'num_tensors': 56}
2026-08-25 07:26:41,821 [INFO]     [start unswap] -> {'max_bond': 128, 'max_links': 4, 'total_elems': 308736, 'total_shapes': 3266, 'total_links': 222, 'num_tensors': 56}
2026-08-25 07:26:44,911 [INFO]     [0 | both | 0](candidate_pairs: 28/28 | new_swaps: 4 | total: 4) -> {'max_bond': 128, 'max_links': 4, 'total_elems': 218368, 'total_shapes': 3210, 'total_links': 222, 'num_tensors': 56}
2026-08-25 07:26:45,614 [INFO]     [0 | both | 1](candidate_pairs: 27/27 | new_swaps: 5 | total: 9) -> {'max_bond': 64, 'max_links': 4, 'total_elems': 147200, 'total_shapes': 2602, 'total_links': 222, 'num_tensors': 56}
2026-08-25 07:26:45,900 [INFO]     [0 | left | 0](candidate_pairs: 28/28 | new_swaps: 12 | total: 21) -> {'max_bond': 64, 'max_links': 4, 'total_elems': 80440, 'total_shapes': 2062, 'total_links': 222, 'num_tensors': 56}
2026-08-25 07:26:46,032 [INFO]     [0 | left | 1](candidate_pairs: 27/27 | new_swaps: 14 | total: 35) -> {'max_bond': 32, 'max_links': 4, 'total_elems': 45440, 'total_shapes': 1630, 'total_links': 222, 'num_tensors': 56}
2026-08-25 07:26:46,102 [INFO]     [0 | right | 0](candidate_pairs: 28/28 | new_swaps: 4 | total: 39) -> {'max_bond': 32, 'max_links': 4, 'total_elems': 37328, 'total_shapes': 1506, 'total_links': 222, 'num_tensors': 56}
2026-08-25 07:26:46,172 [INFO]     [0 | right | 1](candidate_pairs: 27/27 | new_swaps: 6 | total: 45) -> {'max_bond': 32, 'max_links': 4, 'total_elems': 33880, 'total_shapes': 1438, 'total_links': 222, 'num_tensors': 56}
2026-08-25 07:26:46,293 [INFO]     [1 | both | 0](candidate_pairs: 28/28 | new_swaps: 6 | total: 6) -> {'max_bond': 32, 'max_links': 4, 'total_elems': 24344, 'total_shapes': 1270, 'total_links': 222, 'num_tensors': 56}
2026-08-25 07:26:46,401 [INFO]     [1 | both | 1](candidate_pairs: 27/27 | new_swaps: 4 | total: 10) -> {'max_bond': 32, 'max_links': 4, 'total_elems': 22040, 'total_shapes': 1182, 'total_links': 222, 'num_tensors': 56}
2026-08-25 07:26:46,461 [INFO]     [1 | left | 0](candidate_pairs: 28/28 | new_swaps: 2 | total: 12) -> {'max_bond': 32, 'max_links': 4, 'total_elems': 20840, 'total_shapes': 1152, 'total_links': 222, 'num_tensors': 56}
2026-08-25 07:26:46,513 [INFO]     [1 | left | 1](candidate_pairs: 27/27 | new_swaps: 3 | total: 15) -> {'max_bond': 32, 'max_links': 4, 'total_elems': 18344, 'total_shapes': 1080, 'total_links': 222, 'num_tensors': 56}
2026-08-25 07:26:46,563 [INFO]     [1 | right | 0](candidate_pairs: 28/28 | new_swaps: 2 | total: 17) -> {'max_bond': 32, 'max_links': 4, 'total_elems': 17976, 'total_shapes': 1068, 'total_links': 222, 'num_tensors': 56}
2026-08-25 07:26:46,606 [INFO]     [1 | right | 1](candidate_pairs: 27/27 | new_swaps: 1 | total: 18) -> {'max_bond': 32, 'max_links': 4, 'total_elems': 17016, 'total_shapes': 1044, 'total_links': 222, 'num_tensors': 56}
2026-08-25 07:26:46,703 [INFO]     [2 | both | 0](candidate_pairs: 28/28 | new_swaps: 2 | total: 2) -> {'max_bond': 32, 'max_links': 4, 'total_elems': 16712, 'total_shapes': 1024, 'total_links': 222, 'num_tensors': 56}
2026-08-25 07:26:46,792 [INFO]     [2 | both | 1](candidate_pairs: 27/27 | new_swaps: 2 | total: 4) -> {'max_bond': 32, 'max_links': 4, 'total_elems': 16316, 'total_shapes': 1006, 'total_links': 222, 'num_tensors': 56}
2026-08-25 07:26:46,833 [INFO]     [2 | left | 0](candidate_pairs: 28/28 | new_swaps: 1 | total: 5) -> {'max_bond': 32, 'max_links': 4, 'total_elems': 16188, 'total_shapes': 998, 'total_links': 222, 'num_tensors': 56}
2026-08-25 07:26:46,858 [INFO]     [2 | left | 1](candidate_pairs: 27/27 | new_swaps: 0 | total: 5) -> {'max_bond': 32, 'max_links': 4, 'total_elems': 16188, 'total_shapes': 998, 'total_links': 222, 'num_tensors': 56}
2026-08-25 07:26:46,898 [INFO]     [2 | right | 0](candidate_pairs: 28/28 | new_swaps: 1 | total: 6) -> {'max_bond': 32, 'max_links': 4, 'total_elems': 15996, 'total_shapes': 990, 'total_links': 222, 'num_tensors': 56}
2026-08-25 07:26:46,921 [INFO]     [2 | right | 1](candidate_pairs: 27/27 | new_swaps: 0 | total: 6) -> {'max_bond': 32, 'max_links': 4, 'total_elems': 15996, 'total_shapes': 990, 'total_links': 222, 'num_tensors': 56}
2026-08-25 07:26:46,973 [INFO]     [3 | both | 0](candidate_pairs: 28/28 | new_swaps: 0 | total: 0) -> {'max_bond': 32, 'max_links': 4, 'total_elems': 15996, 'total_shapes': 990, 'total_links': 222, 'num_tensors': 56}
2026-08-25 07:26:47,025 [INFO]     [3 | both | 1](candidate_pairs: 27/27 | new_swaps: 0 | total: 0) -> {'max_bond': 32, 'max_links': 4, 'total_elems': 15996, 'total_shapes': 990, 'total_links': 222, 'num_tensors': 56}
2026-08-25 07:26:47,049 [INFO]     [3 | left | 0](candidate_pairs: 28/28 | new_swaps: 0 | total: 0) -> {'max_bond': 32, 'max_links': 4, 'total_elems': 15996, 'total_shapes': 990, 'total_links': 222, 'num_tensors': 56}
2026-08-25 07:26:47,073 [INFO]     [3 | left | 1](candidate_pairs: 27/27 | new_swaps: 0 | total: 0) -> {'max_bond': 32, 'max_links': 4, 'total_elems': 15996, 'total_shapes': 990, 'total_links': 222, 'num_tensors': 56}
2026-08-25 07:26:47,097 [INFO]     [3 | right | 0](candidate_pairs: 28/28 | new_swaps: 0 | total: 0) -> {'max_bond': 32, 'max_links': 4, 'total_elems': 15996, 'total_shapes': 990, 'total_links': 222, 'num_tensors': 56}
2026-08-25 07:26:47,120 [INFO]     [3 | right | 1](candidate_pairs: 27/27 | new_swaps: 0 | total: 0) -> {'max_bond': 32, 'max_links': 4, 'total_elems': 15996, 'total_shapes': 990, 'total_links': 222, 'num_tensors': 56}
2026-08-25 07:26:47,120 [INFO]     [end unswap] -> {'max_bond': 32, 'max_links': 4, 'total_elems': 15996, 'total_shapes': 990, 'total_links': 222, 'num_tensors': 56}
2026-08-25 07:26:47,180 [INFO] [start rewire](phase=post_unswap, cycle=38, side=left, layers=1424, trials=20, seed=123, parallel=False, route_candidates=1, route_score=none)
2026-08-25 07:26:48,381 [INFO] [end rewire](phase=post_unswap, cycle=38, side=left, routed_layers=1269, elapsed_s=1.20)
2026-08-25 07:26:48,382 [INFO] [start rewire](phase=post_unswap, cycle=38, side=right, layers=1727, trials=20, seed=123, parallel=False, route_candidates=1, route_score=none)
2026-08-25 07:26:49,354 [INFO] [end rewire](phase=post_unswap, cycle=38, side=right, routed_layers=1628, elapsed_s=0.97)
2026-08-25 07:26:49,469 [INFO] [1L/1267](swap: 12, u: 0 | c_u: 0 | t_u_l: 86/942 | t_u_r: 84/943 | t_u: 170/1885) -> {'max_bond': 32, 'max_links': 4, 'total_elems': 15996, 'total_shapes': 990, 'total_links': 222, 'num_tensors': 56}
2026-08-25 07:26:49,522 [INFO] [1R/1626](swap: 7, u: 0 | c_u: 0 | t_u_l: 86/942 | t_u_r: 84/943 | t_u: 170/1885) -> {'max_bond': 32, 'max_links': 4, 'total_elems': 19900, 'total_shapes': 1110, 'total_links': 222, 'num_tensors': 56}
2026-08-25 07:26:49,585 [INFO] [2L/1267](swap: 10, u: 0 | c_u: 0 | t_u_l: 86/942 | t_u_r: 84/943 | t_u: 170/1885) -> {'max_bond': 32, 'max_links': 4, 'total_elems': 29960, 'total_shapes': 1340, 'total_links': 222, 'num_tensors': 56}
2026-08-25 07:26:49,648 [INFO] [2R/1626](swap: 7, u: 0 | c_u: 0 | t_u_l: 86/942 | t_u_r: 84/943 | t_u: 170/1885) -> {'max_bond': 64, 'max_links': 4, 'total_elems': 38728, 'total_shapes': 1396, 'total_links': 222, 'num_tensors': 56}
2026-08-25 07:26:49,722 [INFO] [3R/1626](swap: 7, u: 0 | c_u: 0 | t_u_l: 86/942 | t_u_r: 84/943 | t_u: 170/1885) -> {'max_bond': 64, 'max_links': 4, 'total_elems': 52808, 'total_shapes': 1556, 'total_links': 222, 'num_tensors': 56}
2026-08-25 07:26:49,798 [INFO] [4R/1626](swap: 4, u: 0 | c_u: 0 | t_u_l: 86/942 | t_u_r: 84/943 | t_u: 170/1885) -> {'max_bond': 64, 'max_links': 4, 'total_elems': 58952, 'total_shapes': 1644, 'total_links': 222, 'num_tensors': 56}
2026-08-25 07:26:49,879 [INFO] [5R/1626](swap: 4, u: 0 | c_u: 0 | t_u_l: 86/942 | t_u_r: 84/943 | t_u: 170/1885) -> {'max_bond': 64, 'max_links': 4, 'total_elems': 67496, 'total_shapes': 1776, 'total_links': 222, 'num_tensors': 56}
2026-08-25 07:26:49,967 [INFO] [6R/1626](swap: 2, u: 1 | c_u: 1 | t_u_l: 86/942 | t_u_r: 85/943 | t_u: 171/1885) -> {'max_bond': 64, 'max_links': 4, 'total_elems': 79528, 'total_shapes': 1920, 'total_links': 222, 'num_tensors': 56}
2026-08-25 07:26:50,074 [INFO] [7R/1626](swap: 3, u: 0 | c_u: 1 | t_u_l: 86/942 | t_u_r: 85/943 | t_u: 171/1885) -> {'max_bond': 64, 'max_links': 4, 'total_elems': 101800, 'total_shapes': 2064, 'total_links': 222, 'num_tensors': 56}
2026-08-25 07:26:50,188 [INFO] [8R/1626](swap: 2, u: 1 | c_u: 2 | t_u_l: 86/942 | t_u_r: 86/943 | t_u: 172/1885) -> {'max_bond': 64, 'max_links': 4, 'total_elems': 114728, 'total_shapes': 2152, 'total_links': 222, 'num_tensors': 56}
2026-08-25 07:26:50,346 [INFO] [9R/1626](swap: 3, u: 0 | c_u: 2 | t_u_l: 86/942 | t_u_r: 86/943 | t_u: 172/1885) -> {'max_bond': 64, 'max_links': 4, 'total_elems': 122216, 'total_shapes': 2208, 'total_links': 222, 'num_tensors': 56}
2026-08-25 07:26:50,526 [INFO] [10R/1626](swap: 3, u: 1 | c_u: 3 | t_u_l: 86/942 | t_u_r: 87/943 | t_u: 173/1885) -> {'max_bond': 64, 'max_links': 4, 'total_elems': 132328, 'total_shapes': 2304, 'total_links': 222, 'num_tensors': 56}
2026-08-25 07:26:50,754 [INFO] [11R/1626](swap: 5, u: 0 | c_u: 3 | t_u_l: 86/942 | t_u_r: 87/943 | t_u: 173/1885) -> {'max_bond': 64, 'max_links': 4, 'total_elems': 131304, 'total_shapes': 2336, 'total_links': 222, 'num_tensors': 56}
2026-08-25 07:26:50,922 [INFO] [12R/1626](swap: 4, u: 0 | c_u: 3 | t_u_l: 86/942 | t_u_r: 87/943 | t_u: 173/1885) -> {'max_bond': 64, 'max_links': 4, 'total_elems': 137288, 'total_shapes': 2328, 'total_links': 222, 'num_tensors': 56}
2026-08-25 07:26:51,063 [INFO] [13R/1626](swap: 3, u: 1 | c_u: 4 | t_u_l: 86/942 | t_u_r: 88/943 | t_u: 174/1885) -> {'max_bond': 64, 'max_links': 4, 'total_elems': 135216, 'total_shapes': 2326, 'total_links': 222, 'num_tensors': 56}
2026-08-25 07:26:51,193 [INFO] [14R/1626](swap: 3, u: 1 | c_u: 5 | t_u_l: 86/942 | t_u_r: 89/943 | t_u: 175/1885) -> {'max_bond': 64, 'max_links': 4, 'total_elems': 135208, 'total_shapes': 2324, 'total_links': 222, 'num_tensors': 56}
2026-08-25 07:26:51,329 [INFO] [15R/1626](swap: 3, u: 0 | c_u: 5 | t_u_l: 86/942 | t_u_r: 89/943 | t_u: 175/1885) -> {'max_bond': 64, 'max_links': 4, 'total_elems': 141352, 'total_shapes': 2420, 'total_links': 222, 'num_tensors': 56}
2026-08-25 07:26:51,470 [INFO] [16R/1626](swap: 3, u: 0 | c_u: 5 | t_u_l: 86/942 | t_u_r: 89/943 | t_u: 175/1885) -> {'max_bond': 64, 'max_links': 4, 'total_elems': 137256, 'total_shapes': 2388, 'total_links': 222, 'num_tensors': 56}
2026-08-25 07:26:51,599 [INFO] [17R/1626](swap: 2, u: 0 | c_u: 5 | t_u_l: 86/942 | t_u_r: 89/943 | t_u: 175/1885) -> {'max_bond': 64, 'max_links': 4, 'total_elems': 138216, 'total_shapes': 2412, 'total_links': 222, 'num_tensors': 56}
2026-08-25 07:26:51,729 [INFO] [18R/1626](swap: 2, u: 0 | c_u: 5 | t_u_l: 86/942 | t_u_r: 89/943 | t_u: 175/1885) -> {'max_bond': 64, 'max_links': 4, 'total_elems': 145896, 'total_shapes': 2532, 'total_links': 222, 'num_tensors': 56}
2026-08-25 07:26:51,862 [INFO] [19R/1626](swap: 2, u: 0 | c_u: 5 | t_u_l: 86/942 | t_u_r: 89/943 | t_u: 175/1885) -> {'max_bond': 64, 'max_links': 4, 'total_elems': 161256, 'total_shapes': 2628, 'total_links': 222, 'num_tensors': 56}
2026-08-25 07:26:52,015 [INFO] [20R/1626](swap: 2, u: 0 | c_u: 5 | t_u_l: 86/942 | t_u_r: 89/943 | t_u: 175/1885) -> {'max_bond': 64, 'max_links': 4, 'total_elems': 186792, 'total_shapes': 2748, 'total_links': 222, 'num_tensors': 56}
2026-08-25 07:26:52,191 [INFO] [21R/1626](swap: 2, u: 1 | c_u: 6 | t_u_l: 86/942 | t_u_r: 90/943 | t_u: 176/1885) -> {'max_bond': 64, 'max_links': 4, 'total_elems': 202664, 'total_shapes': 2852, 'total_links': 222, 'num_tensors': 56}
2026-08-25 07:26:52,976 [INFO] [22R/1626](swap: 2, u: 1 | c_u: 7 | t_u_l: 86/942 | t_u_r: 91/943 | t_u: 177/1885) -> {'max_bond': 64, 'max_links': 4, 'total_elems': 233384, 'total_shapes': 3012, 'total_links': 222, 'num_tensors': 56}
2026-08-25 07:26:53,258 [INFO]     [start unswap] -> {'max_bond': 64, 'max_links': 4, 'total_elems': 233384, 'total_shapes': 3012, 'total_links': 222, 'num_tensors': 56}
2026-08-25 07:26:55,875 [INFO]     [0 | both | 0](candidate_pairs: 28/28 | new_swaps: 1 | total: 1) -> {'max_bond': 256, 'max_links': 4, 'total_elems': 341312, 'total_shapes': 3470, 'total_links': 222, 'num_tensors': 56}
2026-08-25 07:26:56,880 [INFO]     [0 | both | 1](candidate_pairs: 27/27 | new_swaps: 4 | total: 5) -> {'max_bond': 64, 'max_links': 4, 'total_elems': 205856, 'total_shapes': 2916, 'total_links': 222, 'num_tensors': 56}
2026-08-25 07:26:57,300 [INFO]     [0 | left | 0](candidate_pairs: 28/28 | new_swaps: 4 | total: 9) -> {'max_bond': 64, 'max_links': 4, 'total_elems': 167712, 'total_shapes': 2690, 'total_links': 222, 'num_tensors': 56}
2026-08-25 07:26:57,573 [INFO]     [0 | left | 1](candidate_pairs: 27/27 | new_swaps: 12 | total: 21) -> {'max_bond': 64, 'max_links': 4, 'total_elems': 122768, 'total_shapes': 2262, 'total_links': 222, 'num_tensors': 56}
2026-08-25 07:26:57,762 [INFO]     [0 | right | 0](candidate_pairs: 28/28 | new_swaps: 2 | total: 23) -> {'max_bond': 64, 'max_links': 4, 'total_elems': 121792, 'total_shapes': 2240, 'total_links': 222, 'num_tensors': 56}
2026-08-25 07:26:57,941 [INFO]     [0 | right | 1](candidate_pairs: 27/27 | new_swaps: 4 | total: 27) -> {'max_bond': 64, 'max_links': 4, 'total_elems': 115392, 'total_shapes': 2160, 'total_links': 222, 'num_tensors': 56}
2026-08-25 07:26:58,317 [INFO]     [1 | both | 0](candidate_pairs: 28/28 | new_swaps: 2 | total: 2) -> {'max_bond': 64, 'max_links': 4, 'total_elems': 95424, 'total_shapes': 2032, 'total_links': 222, 'num_tensors': 56}
2026-08-25 07:26:58,625 [INFO]     [1 | both | 1](candidate_pairs: 27/27 | new_swaps: 3 | total: 5) -> {'max_bond': 64, 'max_links': 4, 'total_elems': 82368, 'total_shapes': 1856, 'total_links': 222, 'num_tensors': 56}
2026-08-25 07:26:58,756 [INFO]     [1 | left | 0](candidate_pairs: 28/28 | new_swaps: 3 | total: 8) -> {'max_bond': 64, 'max_links': 4, 'total_elems': 73116, 'total_shapes': 1754, 'total_links': 222, 'num_tensors': 56}
2026-08-25 07:26:58,877 [INFO]     [1 | left | 1](candidate_pairs: 27/27 | new_swaps: 1 | total: 9) -> {'max_bond': 64, 'max_links': 4, 'total_elems': 71068, 'total_shapes': 1722, 'total_links': 222, 'num_tensors': 56}
2026-08-25 07:26:58,978 [INFO]     [1 | right | 0](candidate_pairs: 28/28 | new_swaps: 2 | total: 11) -> {'max_bond': 64, 'max_links': 4, 'total_elems': 70012, 'total_shapes': 1698, 'total_links': 222, 'num_tensors': 56}
2026-08-25 07:26:59,096 [INFO]     [1 | right | 1](candidate_pairs: 27/27 | new_swaps: 1 | total: 12) -> {'max_bond': 64, 'max_links': 4, 'total_elems': 69244, 'total_shapes': 1682, 'total_links': 222, 'num_tensors': 56}
2026-08-25 07:26:59,315 [INFO]     [2 | both | 0](candidate_pairs: 28/28 | new_swaps: 2 | total: 2) -> {'max_bond': 64, 'max_links': 4, 'total_elems': 67708, 'total_shapes': 1650, 'total_links': 222, 'num_tensors': 56}
2026-08-25 07:26:59,564 [INFO]     [2 | both | 1](candidate_pairs: 27/27 | new_swaps: 2 | total: 4) -> {'max_bond': 64, 'max_links': 4, 'total_elems': 66556, 'total_shapes': 1618, 'total_links': 222, 'num_tensors': 56}
2026-08-25 07:26:59,663 [INFO]     [2 | left | 0](candidate_pairs: 28/28 | new_swaps: 1 | total: 5) -> {'max_bond': 64, 'max_links': 4, 'total_elems': 65276, 'total_shapes': 1602, 'total_links': 222, 'num_tensors': 56}
2026-08-25 07:26:59,775 [INFO]     [2 | left | 1](candidate_pairs: 27/27 | new_swaps: 1 | total: 6) -> {'max_bond': 64, 'max_links': 4, 'total_elems': 62716, 'total_shapes': 1570, 'total_links': 222, 'num_tensors': 56}
2026-08-25 07:26:59,866 [INFO]     [2 | right | 0](candidate_pairs: 28/28 | new_swaps: 1 | total: 7) -> {'max_bond': 64, 'max_links': 4, 'total_elems': 62524, 'total_shapes': 1562, 'total_links': 222, 'num_tensors': 56}
2026-08-25 07:26:59,949 [INFO]     [2 | right | 1](candidate_pairs: 27/27 | new_swaps: 0 | total: 7) -> {'max_bond': 64, 'max_links': 4, 'total_elems': 62524, 'total_shapes': 1562, 'total_links': 222, 'num_tensors': 56}
2026-08-25 07:27:00,099 [INFO]     [3 | both | 0](candidate_pairs: 28/28 | new_swaps: 0 | total: 0) -> {'max_bond': 64, 'max_links': 4, 'total_elems': 62524, 'total_shapes': 1562, 'total_links': 222, 'num_tensors': 56}
2026-08-25 07:27:00,276 [INFO]     [3 | both | 1](candidate_pairs: 27/27 | new_swaps: 0 | total: 0) -> {'max_bond': 64, 'max_links': 4, 'total_elems': 62524, 'total_shapes': 1562, 'total_links': 222, 'num_tensors': 56}
2026-08-25 07:27:00,374 [INFO]     [3 | left | 0](candidate_pairs: 28/28 | new_swaps: 1 | total: 1) -> {'max_bond': 64, 'max_links': 4, 'total_elems': 60476, 'total_shapes': 1530, 'total_links': 222, 'num_tensors': 56}
2026-08-25 07:27:00,447 [INFO]     [3 | left | 1](candidate_pairs: 27/27 | new_swaps: 0 | total: 1) -> {'max_bond': 64, 'max_links': 4, 'total_elems': 60476, 'total_shapes': 1530, 'total_links': 222, 'num_tensors': 56}
2026-08-25 07:27:00,521 [INFO]     [3 | right | 0](candidate_pairs: 28/28 | new_swaps: 0 | total: 1) -> {'max_bond': 64, 'max_links': 4, 'total_elems': 60476, 'total_shapes': 1530, 'total_links': 222, 'num_tensors': 56}
2026-08-25 07:27:00,596 [INFO]     [3 | right | 1](candidate_pairs: 27/27 | new_swaps: 0 | total: 1) -> {'max_bond': 64, 'max_links': 4, 'total_elems': 60476, 'total_shapes': 1530, 'total_links': 222, 'num_tensors': 56}
2026-08-25 07:27:00,757 [INFO]     [4 | both | 0](candidate_pairs: 28/28 | new_swaps: 0 | total: 0) -> {'max_bond': 64, 'max_links': 4, 'total_elems': 60476, 'total_shapes': 1530, 'total_links': 222, 'num_tensors': 56}
2026-08-25 07:27:00,929 [INFO]     [4 | both | 1](candidate_pairs: 27/27 | new_swaps: 0 | total: 0) -> {'max_bond': 64, 'max_links': 4, 'total_elems': 60476, 'total_shapes': 1530, 'total_links': 222, 'num_tensors': 56}
2026-08-25 07:27:01,007 [INFO]     [4 | left | 0](candidate_pairs: 28/28 | new_swaps: 0 | total: 0) -> {'max_bond': 64, 'max_links': 4, 'total_elems': 60476, 'total_shapes': 1530, 'total_links': 222, 'num_tensors': 56}
2026-08-25 07:27:01,084 [INFO]     [4 | left | 1](candidate_pairs: 27/27 | new_swaps: 0 | total: 0) -> {'max_bond': 64, 'max_links': 4, 'total_elems': 60476, 'total_shapes': 1530, 'total_links': 222, 'num_tensors': 56}
2026-08-25 07:27:01,154 [INFO]     [4 | right | 0](candidate_pairs: 28/28 | new_swaps: 0 | total: 0) -> {'max_bond': 64, 'max_links': 4, 'total_elems': 60476, 'total_shapes': 1530, 'total_links': 222, 'num_tensors': 56}
2026-08-25 07:27:01,229 [INFO]     [4 | right | 1](candidate_pairs: 27/27 | new_swaps: 0 | total: 0) -> {'max_bond': 64, 'max_links': 4, 'total_elems': 60476, 'total_shapes': 1530, 'total_links': 222, 'num_tensors': 56}
2026-08-25 07:27:01,230 [INFO]     [end unswap] -> {'max_bond': 64, 'max_links': 4, 'total_elems': 60476, 'total_shapes': 1530, 'total_links': 222, 'num_tensors': 56}
2026-08-25 07:27:01,232 [INFO] [start rewire](phase=post_unswap, cycle=39, side=left, layers=1267, trials=20, seed=123, parallel=False, route_candidates=1, route_score=none)
2026-08-25 07:27:02,397 [INFO] [end rewire](phase=post_unswap, cycle=39, side=left, routed_layers=1375, elapsed_s=1.17)
2026-08-25 07:27:02,397 [INFO] [start rewire](phase=post_unswap, cycle=39, side=right, layers=1606, trials=20, seed=123, parallel=False, route_candidates=1, route_score=none)
2026-08-25 07:27:03,330 [INFO] [end rewire](phase=post_unswap, cycle=39, side=right, routed_layers=1506, elapsed_s=0.93)
2026-08-25 07:27:03,468 [INFO] [1L/1373](swap: 12, u: 0 | c_u: 0 | t_u_l: 86/942 | t_u_r: 91/943 | t_u: 177/1885) -> {'max_bond': 64, 'max_links': 4, 'total_elems': 60476, 'total_shapes': 1530, 'total_links': 222, 'num_tensors': 56}
2026-08-25 07:27:03,548 [INFO] [1R/1504](swap: 3, u: 1 | c_u: 1 | t_u_l: 86/942 | t_u_r: 92/943 | t_u: 178/1885) -> {'max_bond': 64, 'max_links': 4, 'total_elems': 64764, 'total_shapes': 1634, 'total_links': 222, 'num_tensors': 56}
2026-08-25 07:27:03,625 [INFO] [2L/1373](swap: 12, u: 0 | c_u: 1 | t_u_l: 86/942 | t_u_r: 92/943 | t_u: 178/1885) -> {'max_bond': 64, 'max_links': 4, 'total_elems': 80392, 'total_shapes': 1904, 'total_links': 222, 'num_tensors': 56}
2026-08-25 07:27:03,722 [INFO] [2R/1504](swap: 4, u: 1 | c_u: 2 | t_u_l: 86/942 | t_u_r: 93/943 | t_u: 179/1885) -> {'max_bond': 64, 'max_links': 4, 'total_elems': 93832, 'total_shapes': 2032, 'total_links': 222, 'num_tensors': 56}
2026-08-25 07:27:03,854 [INFO] [3L/1373](swap: 8, u: 0 | c_u: 2 | t_u_l: 86/942 | t_u_r: 93/943 | t_u: 179/1885) -> {'max_bond': 64, 'max_links': 4, 'total_elems': 144796, 'total_shapes': 2448, 'total_links': 222, 'num_tensors': 56}
2026-08-25 07:27:04,083 [INFO]     [start unswap] -> {'max_bond': 64, 'max_links': 4, 'total_elems': 144796, 'total_shapes': 2448, 'total_links': 222, 'num_tensors': 56}
2026-08-25 07:27:05,001 [INFO]     [0 | both | 0](candidate_pairs: 28/28 | new_swaps: 4 | total: 4) -> {'max_bond': 256, 'max_links': 4, 'total_elems': 289596, 'total_shapes': 3084, 'total_links': 222, 'num_tensors': 56}
2026-08-25 07:27:07,876 [INFO]     [0 | both | 1](candidate_pairs: 27/27 | new_swaps: 5 | total: 9) -> {'max_bond': 256, 'max_links': 4, 'total_elems': 273948, 'total_shapes': 2962, 'total_links': 222, 'num_tensors': 56}
2026-08-25 07:27:08,475 [INFO]     [0 | left | 0](candidate_pairs: 28/28 | new_swaps: 10 | total: 19) -> {'max_bond': 64, 'max_links': 4, 'total_elems': 117920, 'total_shapes': 2178, 'total_links': 222, 'num_tensors': 56}
2026-08-25 07:27:08,691 [INFO]     [0 | left | 1](candidate_pairs: 27/27 | new_swaps: 13 | total: 32) -> {'max_bond': 64, 'max_links': 4, 'total_elems': 81336, 'total_shapes': 1816, 'total_links': 222, 'num_tensors': 56}
2026-08-25 07:27:08,775 [INFO]     [0 | right | 0](candidate_pairs: 28/28 | new_swaps: 0 | total: 32) -> {'max_bond': 64, 'max_links': 4, 'total_elems': 81336, 'total_shapes': 1816, 'total_links': 222, 'num_tensors': 56}
2026-08-25 07:27:08,908 [INFO]     [0 | right | 1](candidate_pairs: 27/27 | new_swaps: 3 | total: 35) -> {'max_bond': 64, 'max_links': 4, 'total_elems': 76296, 'total_shapes': 1764, 'total_links': 222, 'num_tensors': 56}
2026-08-25 07:27:09,147 [INFO]     [1 | both | 0](candidate_pairs: 28/28 | new_swaps: 2 | total: 2) -> {'max_bond': 64, 'max_links': 4, 'total_elems': 75516, 'total_shapes': 1746, 'total_links': 222, 'num_tensors': 56}
2026-08-25 07:27:09,442 [INFO]     [1 | both | 1](candidate_pairs: 27/27 | new_swaps: 2 | total: 4) -> {'max_bond': 64, 'max_links': 4, 'total_elems': 73980, 'total_shapes': 1714, 'total_links': 222, 'num_tensors': 56}
2026-08-25 07:27:09,567 [INFO]     [1 | left | 0](candidate_pairs: 28/28 | new_swaps: 2 | total: 6) -> {'max_bond': 64, 'max_links': 4, 'total_elems': 66556, 'total_shapes': 1634, 'total_links': 222, 'num_tensors': 56}
2026-08-25 07:27:09,679 [INFO]     [1 | left | 1](candidate_pairs: 27/27 | new_swaps: 1 | total: 7) -> {'max_bond': 64, 'max_links': 4, 'total_elems': 63996, 'total_shapes': 1602, 'total_links': 222, 'num_tensors': 56}
2026-08-25 07:27:09,780 [INFO]     [1 | right | 0](candidate_pairs: 28/28 | new_swaps: 1 | total: 8) -> {'max_bond': 64, 'max_links': 4, 'total_elems': 63804, 'total_shapes': 1594, 'total_links': 222, 'num_tensors': 56}
2026-08-25 07:27:09,866 [INFO]     [1 | right | 1](candidate_pairs: 27/27 | new_swaps: 0 | total: 8) -> {'max_bond': 64, 'max_links': 4, 'total_elems': 63804, 'total_shapes': 1594, 'total_links': 222, 'num_tensors': 56}
2026-08-25 07:27:10,027 [INFO]     [2 | both | 0](candidate_pairs: 28/28 | new_swaps: 0 | total: 0) -> {'max_bond': 64, 'max_links': 4, 'total_elems': 63804, 'total_shapes': 1594, 'total_links': 222, 'num_tensors': 56}
2026-08-25 07:27:10,195 [INFO]     [2 | both | 1](candidate_pairs: 27/27 | new_swaps: 0 | total: 0) -> {'max_bond': 64, 'max_links': 4, 'total_elems': 63804, 'total_shapes': 1594, 'total_links': 222, 'num_tensors': 56}
2026-08-25 07:27:10,292 [INFO]     [2 | left | 0](candidate_pairs: 28/28 | new_swaps: 1 | total: 1) -> {'max_bond': 64, 'max_links': 4, 'total_elems': 61756, 'total_shapes': 1562, 'total_links': 222, 'num_tensors': 56}
2026-08-25 07:27:10,367 [INFO]     [2 | left | 1](candidate_pairs: 27/27 | new_swaps: 0 | total: 1) -> {'max_bond': 64, 'max_links': 4, 'total_elems': 61756, 'total_shapes': 1562, 'total_links': 222, 'num_tensors': 56}
2026-08-25 07:27:10,433 [INFO]     [2 | right | 0](candidate_pairs: 28/28 | new_swaps: 0 | total: 1) -> {'max_bond': 64, 'max_links': 4, 'total_elems': 61756, 'total_shapes': 1562, 'total_links': 222, 'num_tensors': 56}
2026-08-25 07:27:10,513 [INFO]     [2 | right | 1](candidate_pairs: 27/27 | new_swaps: 0 | total: 1) -> {'max_bond': 64, 'max_links': 4, 'total_elems': 61756, 'total_shapes': 1562, 'total_links': 222, 'num_tensors': 56}
2026-08-25 07:27:10,667 [INFO]     [3 | both | 0](candidate_pairs: 28/28 | new_swaps: 0 | total: 0) -> {'max_bond': 64, 'max_links': 4, 'total_elems': 61756, 'total_shapes': 1562, 'total_links': 222, 'num_tensors': 56}
2026-08-25 07:27:10,838 [INFO]     [3 | both | 1](candidate_pairs: 27/27 | new_swaps: 0 | total: 0) -> {'max_bond': 64, 'max_links': 4, 'total_elems': 61756, 'total_shapes': 1562, 'total_links': 222, 'num_tensors': 56}
2026-08-25 07:27:10,910 [INFO]     [3 | left | 0](candidate_pairs: 28/28 | new_swaps: 0 | total: 0) -> {'max_bond': 64, 'max_links': 4, 'total_elems': 61756, 'total_shapes': 1562, 'total_links': 222, 'num_tensors': 56}
2026-08-25 07:27:10,992 [INFO]     [3 | left | 1](candidate_pairs: 27/27 | new_swaps: 0 | total: 0) -> {'max_bond': 64, 'max_links': 4, 'total_elems': 61756, 'total_shapes': 1562, 'total_links': 222, 'num_tensors': 56}
2026-08-25 07:27:11,058 [INFO]     [3 | right | 0](candidate_pairs: 28/28 | new_swaps: 0 | total: 0) -> {'max_bond': 64, 'max_links': 4, 'total_elems': 61756, 'total_shapes': 1562, 'total_links': 222, 'num_tensors': 56}
2026-08-25 07:27:11,135 [INFO]     [3 | right | 1](candidate_pairs: 27/27 | new_swaps: 0 | total: 0) -> {'max_bond': 64, 'max_links': 4, 'total_elems': 61756, 'total_shapes': 1562, 'total_links': 222, 'num_tensors': 56}
2026-08-25 07:27:11,135 [INFO]     [end unswap] -> {'max_bond': 64, 'max_links': 4, 'total_elems': 61756, 'total_shapes': 1562, 'total_links': 222, 'num_tensors': 56}
2026-08-25 07:27:11,138 [INFO] [start rewire](phase=post_unswap, cycle=40, side=left, layers=1372, trials=20, seed=123, parallel=False, route_candidates=1, route_score=none)
2026-08-25 07:27:12,631 [INFO] [end rewire](phase=post_unswap, cycle=40, side=left, routed_layers=1462, elapsed_s=1.49)
2026-08-25 07:27:12,631 [INFO] [start rewire](phase=post_unswap, cycle=40, side=right, layers=1504, trials=20, seed=123, parallel=False, route_candidates=1, route_score=none)
2026-08-25 07:27:13,938 [INFO] [end rewire](phase=post_unswap, cycle=40, side=right, routed_layers=1550, elapsed_s=1.31)
2026-08-25 07:27:14,079 [INFO] [1L/1460](swap: 13, u: 0 | c_u: 0 | t_u_l: 86/942 | t_u_r: 93/943 | t_u: 179/1885) -> {'max_bond': 64, 'max_links': 4, 'total_elems': 61756, 'total_shapes': 1562, 'total_links': 222, 'num_tensors': 56}
2026-08-25 07:27:14,165 [INFO] [1R/1548](swap: 5, u: 0 | c_u: 0 | t_u_l: 86/942 | t_u_r: 93/943 | t_u: 179/1885) -> {'max_bond': 64, 'max_links': 4, 'total_elems': 74748, 'total_shapes': 1746, 'total_links': 222, 'num_tensors': 56}
2026-08-25 07:27:14,263 [INFO] [2L/1460](swap: 12, u: 0 | c_u: 0 | t_u_l: 86/942 | t_u_r: 93/943 | t_u: 179/1885) -> {'max_bond': 64, 'max_links': 4, 'total_elems': 83988, 'total_shapes': 1904, 'total_links': 222, 'num_tensors': 56}
2026-08-25 07:27:14,394 [INFO] [3L/1460](swap: 8, u: 0 | c_u: 0 | t_u_l: 86/942 | t_u_r: 93/943 | t_u: 179/1885) -> {'max_bond': 64, 'max_links': 4, 'total_elems': 133888, 'total_shapes': 2342, 'total_links': 222, 'num_tensors': 56}
2026-08-25 07:27:14,634 [INFO]     [start unswap] -> {'max_bond': 64, 'max_links': 4, 'total_elems': 133888, 'total_shapes': 2342, 'total_links': 222, 'num_tensors': 56}
2026-08-25 07:27:15,397 [INFO]     [0 | both | 0](candidate_pairs: 28/28 | new_swaps: 2 | total: 2) -> {'max_bond': 256, 'max_links': 4, 'total_elems': 293512, 'total_shapes': 3170, 'total_links': 222, 'num_tensors': 56}
2026-08-25 07:27:18,512 [INFO]     [0 | both | 1](candidate_pairs: 27/27 | new_swaps: 3 | total: 5) -> {'max_bond': 256, 'max_links': 4, 'total_elems': 281736, 'total_shapes': 3058, 'total_links': 222, 'num_tensors': 56}
2026-08-25 07:27:19,000 [INFO]     [0 | left | 0](candidate_pairs: 28/28 | new_swaps: 9 | total: 14) -> {'max_bond': 64, 'max_links': 4, 'total_elems': 131948, 'total_shapes': 2258, 'total_links': 222, 'num_tensors': 56}
2026-08-25 07:27:19,314 [INFO]     [0 | left | 1](candidate_pairs: 27/27 | new_swaps: 13 | total: 27) -> {'max_bond': 64, 'max_links': 4, 'total_elems': 85468, 'total_shapes': 1896, 'total_links': 222, 'num_tensors': 56}
2026-08-25 07:27:19,432 [INFO]     [0 | right | 0](candidate_pairs: 28/28 | new_swaps: 4 | total: 31) -> {'max_bond': 64, 'max_links': 4, 'total_elems': 73980, 'total_shapes': 1756, 'total_links': 222, 'num_tensors': 56}
2026-08-25 07:27:19,537 [INFO]     [0 | right | 1](candidate_pairs: 27/27 | new_swaps: 0 | total: 31) -> {'max_bond': 64, 'max_links': 4, 'total_elems': 73980, 'total_shapes': 1756, 'total_links': 222, 'num_tensors': 56}
2026-08-25 07:27:19,765 [INFO]     [1 | both | 0](candidate_pairs: 28/28 | new_swaps: 2 | total: 2) -> {'max_bond': 64, 'max_links': 4, 'total_elems': 73116, 'total_shapes': 1732, 'total_links': 222, 'num_tensors': 56}
2026-08-25 07:27:20,046 [INFO]     [1 | both | 1](candidate_pairs: 27/27 | new_swaps: 2 | total: 4) -> {'max_bond': 64, 'max_links': 4, 'total_elems': 71580, 'total_shapes': 1700, 'total_links': 222, 'num_tensors': 56}
2026-08-25 07:27:20,167 [INFO]     [1 | left | 0](candidate_pairs: 28/28 | new_swaps: 2 | total: 6) -> {'max_bond': 64, 'max_links': 4, 'total_elems': 63388, 'total_shapes': 1604, 'total_links': 222, 'num_tensors': 56}
2026-08-25 07:27:20,276 [INFO]     [1 | left | 1](candidate_pairs: 27/27 | new_swaps: 1 | total: 7) -> {'max_bond': 64, 'max_links': 4, 'total_elems': 63316, 'total_shapes': 1598, 'total_links': 222, 'num_tensors': 56}
2026-08-25 07:27:20,375 [INFO]     [1 | right | 0](candidate_pairs: 28/28 | new_swaps: 2 | total: 9) -> {'max_bond': 64, 'max_links': 4, 'total_elems': 62524, 'total_shapes': 1578, 'total_links': 222, 'num_tensors': 56}
2026-08-25 07:27:20,460 [INFO]     [1 | right | 1](candidate_pairs: 27/27 | new_swaps: 0 | total: 9) -> {'max_bond': 64, 'max_links': 4, 'total_elems': 62524, 'total_shapes': 1578, 'total_links': 222, 'num_tensors': 56}
2026-08-25 07:27:20,617 [INFO]     [2 | both | 0](candidate_pairs: 28/28 | new_swaps: 0 | total: 0) -> {'max_bond': 64, 'max_links': 4, 'total_elems': 62524, 'total_shapes': 1578, 'total_links': 222, 'num_tensors': 56}
2026-08-25 07:27:20,785 [INFO]     [2 | both | 1](candidate_pairs: 27/27 | new_swaps: 0 | total: 0) -> {'max_bond': 64, 'max_links': 4, 'total_elems': 62524, 'total_shapes': 1578, 'total_links': 222, 'num_tensors': 56}
2026-08-25 07:27:20,858 [INFO]     [2 | left | 0](candidate_pairs: 28/28 | new_swaps: 0 | total: 0) -> {'max_bond': 64, 'max_links': 4, 'total_elems': 62524, 'total_shapes': 1578, 'total_links': 222, 'num_tensors': 56}
2026-08-25 07:27:20,940 [INFO]     [2 | left | 1](candidate_pairs: 27/27 | new_swaps: 0 | total: 0) -> {'max_bond': 64, 'max_links': 4, 'total_elems': 62524, 'total_shapes': 1578, 'total_links': 222, 'num_tensors': 56}
2026-08-25 07:27:21,013 [INFO]     [2 | right | 0](candidate_pairs: 28/28 | new_swaps: 0 | total: 0) -> {'max_bond': 64, 'max_links': 4, 'total_elems': 62524, 'total_shapes': 1578, 'total_links': 222, 'num_tensors': 56}
2026-08-25 07:27:21,094 [INFO]     [2 | right | 1](candidate_pairs: 27/27 | new_swaps: 0 | total: 0) -> {'max_bond': 64, 'max_links': 4, 'total_elems': 62524, 'total_shapes': 1578, 'total_links': 222, 'num_tensors': 56}
2026-08-25 07:27:21,095 [INFO]     [end unswap] -> {'max_bond': 64, 'max_links': 4, 'total_elems': 62524, 'total_shapes': 1578, 'total_links': 222, 'num_tensors': 56}
2026-08-25 07:27:21,157 [INFO] [start rewire](phase=post_unswap, cycle=41, side=left, layers=1459, trials=20, seed=123, parallel=False, route_candidates=1, route_score=none)
2026-08-25 07:27:22,687 [INFO] [end rewire](phase=post_unswap, cycle=41, side=left, routed_layers=1489, elapsed_s=1.53)
2026-08-25 07:27:22,687 [INFO] [start rewire](phase=post_unswap, cycle=41, side=right, layers=1549, trials=20, seed=123, parallel=False, route_candidates=1, route_score=none)
2026-08-25 07:27:24,037 [INFO] [end rewire](phase=post_unswap, cycle=41, side=right, routed_layers=1579, elapsed_s=1.35)
2026-08-25 07:27:24,183 [INFO] [1L/1487](swap: 11, u: 0 | c_u: 0 | t_u_l: 86/942 | t_u_r: 93/943 | t_u: 179/1885) -> {'max_bond': 64, 'max_links': 4, 'total_elems': 62524, 'total_shapes': 1578, 'total_links': 222, 'num_tensors': 56}
2026-08-25 07:27:24,268 [INFO] [1R/1577](swap: 5, u: 0 | c_u: 0 | t_u_l: 86/942 | t_u_r: 93/943 | t_u: 179/1885) -> {'max_bond': 64, 'max_links': 4, 'total_elems': 75772, 'total_shapes': 1762, 'total_links': 222, 'num_tensors': 56}
2026-08-25 07:27:24,373 [INFO] [2L/1487](swap: 11, u: 0 | c_u: 0 | t_u_l: 86/942 | t_u_r: 93/943 | t_u: 179/1885) -> {'max_bond': 64, 'max_links': 4, 'total_elems': 84612, 'total_shapes': 1908, 'total_links': 222, 'num_tensors': 56}
2026-08-25 07:27:24,507 [INFO] [3L/1487](swap: 10, u: 0 | c_u: 0 | t_u_l: 86/942 | t_u_r: 93/943 | t_u: 179/1885) -> {'max_bond': 64, 'max_links': 4, 'total_elems': 134100, 'total_shapes': 2324, 'total_links': 222, 'num_tensors': 56}
2026-08-25 07:27:24,744 [INFO]     [start unswap] -> {'max_bond': 64, 'max_links': 4, 'total_elems': 134100, 'total_shapes': 2324, 'total_links': 222, 'num_tensors': 56}
2026-08-25 07:27:25,209 [INFO]     [0 | both | 0](candidate_pairs: 28/28 | new_swaps: 0 | total: 0) -> {'max_bond': 64, 'max_links': 4, 'total_elems': 134100, 'total_shapes': 2324, 'total_links': 222, 'num_tensors': 56}
2026-08-25 07:27:28,372 [INFO]     [0 | both | 1](candidate_pairs: 27/27 | new_swaps: 2 | total: 2) -> {'max_bond': 256, 'max_links': 4, 'total_elems': 286108, 'total_shapes': 3120, 'total_links': 222, 'num_tensors': 56}
2026-08-25 07:27:28,882 [INFO]     [0 | left | 0](candidate_pairs: 28/28 | new_swaps: 8 | total: 10) -> {'max_bond': 64, 'max_links': 4, 'total_elems': 131356, 'total_shapes': 2294, 'total_links': 222, 'num_tensors': 56}
2026-08-25 07:27:29,190 [INFO]     [0 | left | 1](candidate_pairs: 27/27 | new_swaps: 13 | total: 23) -> {'max_bond': 64, 'max_links': 4, 'total_elems': 85244, 'total_shapes': 1908, 'total_links': 222, 'num_tensors': 56}
2026-08-25 07:27:29,308 [INFO]     [0 | right | 0](candidate_pairs: 28/28 | new_swaps: 2 | total: 25) -> {'max_bond': 64, 'max_links': 4, 'total_elems': 75708, 'total_shapes': 1802, 'total_links': 222, 'num_tensors': 56}
2026-08-25 07:27:29,431 [INFO]     [0 | right | 1](candidate_pairs: 27/27 | new_swaps: 1 | total: 26) -> {'max_bond': 64, 'max_links': 4, 'total_elems': 74556, 'total_shapes': 1784, 'total_links': 222, 'num_tensors': 56}
2026-08-25 07:27:29,680 [INFO]     [1 | both | 0](candidate_pairs: 28/28 | new_swaps: 4 | total: 4) -> {'max_bond': 64, 'max_links': 4, 'total_elems': 72796, 'total_shapes': 1736, 'total_links': 222, 'num_tensors': 56}
2026-08-25 07:27:29,950 [INFO]     [1 | both | 1](candidate_pairs: 27/27 | new_swaps: 1 | total: 5) -> {'max_bond': 64, 'max_links': 4, 'total_elems': 72028, 'total_shapes': 1720, 'total_links': 222, 'num_tensors': 56}
2026-08-25 07:27:30,074 [INFO]     [1 | left | 0](candidate_pairs: 28/28 | new_swaps: 3 | total: 8) -> {'max_bond': 64, 'max_links': 4, 'total_elems': 63452, 'total_shapes': 1608, 'total_links': 222, 'num_tensors': 56}
2026-08-25 07:27:30,181 [INFO]     [1 | left | 1](candidate_pairs: 27/27 | new_swaps: 1 | total: 9) -> {'max_bond': 64, 'max_links': 4, 'total_elems': 63356, 'total_shapes': 1602, 'total_links': 222, 'num_tensors': 56}
2026-08-25 07:27:30,296 [INFO]     [1 | right | 0](candidate_pairs: 28/28 | new_swaps: 3 | total: 12) -> {'max_bond': 64, 'max_links': 4, 'total_elems': 62524, 'total_shapes': 1578, 'total_links': 222, 'num_tensors': 56}
2026-08-25 07:27:30,371 [INFO]     [1 | right | 1](candidate_pairs: 27/27 | new_swaps: 0 | total: 12) -> {'max_bond': 64, 'max_links': 4, 'total_elems': 62524, 'total_shapes': 1578, 'total_links': 222, 'num_tensors': 56}
2026-08-25 07:27:30,538 [INFO]     [2 | both | 0](candidate_pairs: 28/28 | new_swaps: 0 | total: 0) -> {'max_bond': 64, 'max_links': 4, 'total_elems': 62524, 'total_shapes': 1578, 'total_links': 222, 'num_tensors': 56}
2026-08-25 07:27:30,691 [INFO]     [2 | both | 1](candidate_pairs: 27/27 | new_swaps: 0 | total: 0) -> {'max_bond': 64, 'max_links': 4, 'total_elems': 62524, 'total_shapes': 1578, 'total_links': 222, 'num_tensors': 56}
2026-08-25 07:27:30,766 [INFO]     [2 | left | 0](candidate_pairs: 28/28 | new_swaps: 0 | total: 0) -> {'max_bond': 64, 'max_links': 4, 'total_elems': 62524, 'total_shapes': 1578, 'total_links': 222, 'num_tensors': 56}
2026-08-25 07:27:30,843 [INFO]     [2 | left | 1](candidate_pairs: 27/27 | new_swaps: 0 | total: 0) -> {'max_bond': 64, 'max_links': 4, 'total_elems': 62524, 'total_shapes': 1578, 'total_links': 222, 'num_tensors': 56}
2026-08-25 07:27:30,912 [INFO]     [2 | right | 0](candidate_pairs: 28/28 | new_swaps: 0 | total: 0) -> {'max_bond': 64, 'max_links': 4, 'total_elems': 62524, 'total_shapes': 1578, 'total_links': 222, 'num_tensors': 56}
2026-08-25 07:27:30,995 [INFO]     [2 | right | 1](candidate_pairs: 27/27 | new_swaps: 0 | total: 0) -> {'max_bond': 64, 'max_links': 4, 'total_elems': 62524, 'total_shapes': 1578, 'total_links': 222, 'num_tensors': 56}
2026-08-25 07:27:30,995 [INFO]     [end unswap] -> {'max_bond': 64, 'max_links': 4, 'total_elems': 62524, 'total_shapes': 1578, 'total_links': 222, 'num_tensors': 56}
2026-08-25 07:27:30,996 [INFO] [start rewire](phase=post_unswap, cycle=42, side=left, layers=1486, trials=20, seed=123, parallel=False, route_candidates=1, route_score=none)
2026-08-25 07:27:32,594 [INFO] [end rewire](phase=post_unswap, cycle=42, side=left, routed_layers=1489, elapsed_s=1.60)
2026-08-25 07:27:32,594 [INFO] [start rewire](phase=post_unswap, cycle=42, side=right, layers=1578, trials=20, seed=123, parallel=False, route_candidates=1, route_score=none)
2026-08-25 07:27:33,589 [INFO] [end rewire](phase=post_unswap, cycle=42, side=right, routed_layers=1579, elapsed_s=0.99)
2026-08-25 07:27:33,725 [INFO] [1L/1487](swap: 11, u: 0 | c_u: 0 | t_u_l: 86/942 | t_u_r: 93/943 | t_u: 179/1885) -> {'max_bond': 64, 'max_links': 4, 'total_elems': 62524, 'total_shapes': 1578, 'total_links': 222, 'num_tensors': 56}
2026-08-25 07:27:33,811 [INFO] [1R/1577](swap: 5, u: 0 | c_u: 0 | t_u_l: 86/942 | t_u_r: 93/943 | t_u: 179/1885) -> {'max_bond': 64, 'max_links': 4, 'total_elems': 75772, 'total_shapes': 1762, 'total_links': 222, 'num_tensors': 56}
2026-08-25 07:27:33,918 [INFO] [2L/1487](swap: 11, u: 0 | c_u: 0 | t_u_l: 86/942 | t_u_r: 93/943 | t_u: 179/1885) -> {'max_bond': 64, 'max_links': 4, 'total_elems': 84612, 'total_shapes': 1908, 'total_links': 222, 'num_tensors': 56}
2026-08-25 07:27:34,049 [INFO] [3L/1487](swap: 10, u: 0 | c_u: 0 | t_u_l: 86/942 | t_u_r: 93/943 | t_u: 179/1885) -> {'max_bond': 64, 'max_links': 4, 'total_elems': 134100, 'total_shapes': 2324, 'total_links': 222, 'num_tensors': 56}
2026-08-25 07:27:34,280 [INFO]     [start unswap] -> {'max_bond': 64, 'max_links': 4, 'total_elems': 134100, 'total_shapes': 2324, 'total_links': 222, 'num_tensors': 56}
2026-08-25 07:27:34,756 [INFO]     [0 | both | 0](candidate_pairs: 28/28 | new_swaps: 0 | total: 0) -> {'max_bond': 64, 'max_links': 4, 'total_elems': 134100, 'total_shapes': 2324, 'total_links': 222, 'num_tensors': 56}
2026-08-25 07:27:37,912 [INFO]     [0 | both | 1](candidate_pairs: 27/27 | new_swaps: 2 | total: 2) -> {'max_bond': 256, 'max_links': 4, 'total_elems': 285596, 'total_shapes': 3112, 'total_links': 222, 'num_tensors': 56}
2026-08-25 07:27:38,405 [INFO]     [0 | left | 0](candidate_pairs: 28/28 | new_swaps: 8 | total: 10) -> {'max_bond': 64, 'max_links': 4, 'total_elems': 130972, 'total_shapes': 2288, 'total_links': 222, 'num_tensors': 56}
2026-08-25 07:27:38,689 [INFO]     [0 | left | 1](candidate_pairs: 27/27 | new_swaps: 13 | total: 23) -> {'max_bond': 64, 'max_links': 4, 'total_elems': 84988, 'total_shapes': 1904, 'total_links': 222, 'num_tensors': 56}
2026-08-25 07:27:38,793 [INFO]     [0 | right | 0](candidate_pairs: 28/28 | new_swaps: 2 | total: 25) -> {'max_bond': 64, 'max_links': 4, 'total_elems': 75580, 'total_shapes': 1800, 'total_links': 222, 'num_tensors': 56}
2026-08-25 07:27:38,916 [INFO]     [0 | right | 1](candidate_pairs: 27/27 | new_swaps: 1 | total: 26) -> {'max_bond': 64, 'max_links': 4, 'total_elems': 74556, 'total_shapes': 1784, 'total_links': 222, 'num_tensors': 56}
2026-08-25 07:27:39,134 [INFO]     [1 | both | 0](candidate_pairs: 28/28 | new_swaps: 4 | total: 4) -> {'max_bond': 64, 'max_links': 4, 'total_elems': 72796, 'total_shapes': 1736, 'total_links': 222, 'num_tensors': 56}
2026-08-25 07:27:39,410 [INFO]     [1 | both | 1](candidate_pairs: 27/27 | new_swaps: 1 | total: 5) -> {'max_bond': 64, 'max_links': 4, 'total_elems': 72028, 'total_shapes': 1720, 'total_links': 222, 'num_tensors': 56}
2026-08-25 07:27:39,516 [INFO]     [1 | left | 0](candidate_pairs: 28/28 | new_swaps: 3 | total: 8) -> {'max_bond': 64, 'max_links': 4, 'total_elems': 63452, 'total_shapes': 1608, 'total_links': 222, 'num_tensors': 56}
2026-08-25 07:27:39,620 [INFO]     [1 | left | 1](candidate_pairs: 27/27 | new_swaps: 1 | total: 9) -> {'max_bond': 64, 'max_links': 4, 'total_elems': 63356, 'total_shapes': 1602, 'total_links': 222, 'num_tensors': 56}
2026-08-25 07:27:39,716 [INFO]     [1 | right | 0](candidate_pairs: 28/28 | new_swaps: 3 | total: 12) -> {'max_bond': 64, 'max_links': 4, 'total_elems': 62524, 'total_shapes': 1578, 'total_links': 222, 'num_tensors': 56}
2026-08-25 07:27:39,797 [INFO]     [1 | right | 1](candidate_pairs: 27/27 | new_swaps: 0 | total: 12) -> {'max_bond': 64, 'max_links': 4, 'total_elems': 62524, 'total_shapes': 1578, 'total_links': 222, 'num_tensors': 56}
2026-08-25 07:27:39,953 [INFO]     [2 | both | 0](candidate_pairs: 28/28 | new_swaps: 0 | total: 0) -> {'max_bond': 64, 'max_links': 4, 'total_elems': 62524, 'total_shapes': 1578, 'total_links': 222, 'num_tensors': 56}
2026-08-25 07:27:40,109 [INFO]     [2 | both | 1](candidate_pairs: 27/27 | new_swaps: 0 | total: 0) -> {'max_bond': 64, 'max_links': 4, 'total_elems': 62524, 'total_shapes': 1578, 'total_links': 222, 'num_tensors': 56}
2026-08-25 07:27:40,176 [INFO]     [2 | left | 0](candidate_pairs: 28/28 | new_swaps: 0 | total: 0) -> {'max_bond': 64, 'max_links': 4, 'total_elems': 62524, 'total_shapes': 1578, 'total_links': 222, 'num_tensors': 56}
2026-08-25 07:27:40,255 [INFO]     [2 | left | 1](candidate_pairs: 27/27 | new_swaps: 0 | total: 0) -> {'max_bond': 64, 'max_links': 4, 'total_elems': 62524, 'total_shapes': 1578, 'total_links': 222, 'num_tensors': 56}
2026-08-25 07:27:40,325 [INFO]     [2 | right | 0](candidate_pairs: 28/28 | new_swaps: 0 | total: 0) -> {'max_bond': 64, 'max_links': 4, 'total_elems': 62524, 'total_shapes': 1578, 'total_links': 222, 'num_tensors': 56}
2026-08-25 07:27:40,401 [INFO]     [2 | right | 1](candidate_pairs: 27/27 | new_swaps: 0 | total: 0) -> {'max_bond': 64, 'max_links': 4, 'total_elems': 62524, 'total_shapes': 1578, 'total_links': 222, 'num_tensors': 56}
2026-08-25 07:27:40,402 [INFO]     [end unswap] -> {'max_bond': 64, 'max_links': 4, 'total_elems': 62524, 'total_shapes': 1578, 'total_links': 222, 'num_tensors': 56}
2026-08-25 07:27:40,407 [INFO] [start rewire](phase=post_unswap, cycle=43, side=left, layers=1486, trials=20, seed=123, parallel=False, route_candidates=1, route_score=none)
2026-08-25 07:27:41,969 [INFO] [end rewire](phase=post_unswap, cycle=43, side=left, routed_layers=1489, elapsed_s=1.56)
2026-08-25 07:27:41,969 [INFO] [start rewire](phase=post_unswap, cycle=43, side=right, layers=1578, trials=20, seed=123, parallel=False, route_candidates=1, route_score=none)
2026-08-25 07:27:43,342 [INFO] [end rewire](phase=post_unswap, cycle=43, side=right, routed_layers=1579, elapsed_s=1.37)
2026-08-25 07:27:43,481 [INFO] [1L/1487](swap: 11, u: 0 | c_u: 0 | t_u_l: 86/942 | t_u_r: 93/943 | t_u: 179/1885) -> {'max_bond': 64, 'max_links': 4, 'total_elems': 62524, 'total_shapes': 1578, 'total_links': 222, 'num_tensors': 56}
2026-08-25 07:27:43,558 [INFO] [1R/1577](swap: 5, u: 0 | c_u: 0 | t_u_l: 86/942 | t_u_r: 93/943 | t_u: 179/1885) -> {'max_bond': 64, 'max_links': 4, 'total_elems': 75772, 'total_shapes': 1762, 'total_links': 222, 'num_tensors': 56}
2026-08-25 07:27:43,663 [INFO] [2L/1487](swap: 11, u: 0 | c_u: 0 | t_u_l: 86/942 | t_u_r: 93/943 | t_u: 179/1885) -> {'max_bond': 64, 'max_links': 4, 'total_elems': 84612, 'total_shapes': 1908, 'total_links': 222, 'num_tensors': 56}
2026-08-25 07:27:43,794 [INFO] [3L/1487](swap: 10, u: 0 | c_u: 0 | t_u_l: 86/942 | t_u_r: 93/943 | t_u: 179/1885) -> {'max_bond': 64, 'max_links': 4, 'total_elems': 134100, 'total_shapes': 2324, 'total_links': 222, 'num_tensors': 56}
2026-08-25 07:27:44,013 [INFO]     [start unswap] -> {'max_bond': 64, 'max_links': 4, 'total_elems': 134100, 'total_shapes': 2324, 'total_links': 222, 'num_tensors': 56}
2026-08-25 07:27:44,479 [INFO]     [0 | both | 0](candidate_pairs: 28/28 | new_swaps: 0 | total: 0) -> {'max_bond': 64, 'max_links': 4, 'total_elems': 134100, 'total_shapes': 2324, 'total_links': 222, 'num_tensors': 56}
2026-08-25 07:27:47,631 [INFO]     [0 | both | 1](candidate_pairs: 27/27 | new_swaps: 2 | total: 2) -> {'max_bond': 256, 'max_links': 4, 'total_elems': 285596, 'total_shapes': 3112, 'total_links': 222, 'num_tensors': 56}
2026-08-25 07:27:48,126 [INFO]     [0 | left | 0](candidate_pairs: 28/28 | new_swaps: 8 | total: 10) -> {'max_bond': 64, 'max_links': 4, 'total_elems': 130972, 'total_shapes': 2288, 'total_links': 222, 'num_tensors': 56}
2026-08-25 07:27:48,413 [INFO]     [0 | left | 1](candidate_pairs: 27/27 | new_swaps: 13 | total: 23) -> {'max_bond': 64, 'max_links': 4, 'total_elems': 84988, 'total_shapes': 1904, 'total_links': 222, 'num_tensors': 56}
2026-08-25 07:27:48,523 [INFO]     [0 | right | 0](candidate_pairs: 28/28 | new_swaps: 2 | total: 25) -> {'max_bond': 64, 'max_links': 4, 'total_elems': 75580, 'total_shapes': 1800, 'total_links': 222, 'num_tensors': 56}
2026-08-25 07:27:48,640 [INFO]     [0 | right | 1](candidate_pairs: 27/27 | new_swaps: 1 | total: 26) -> {'max_bond': 64, 'max_links': 4, 'total_elems': 74556, 'total_shapes': 1784, 'total_links': 222, 'num_tensors': 56}
2026-08-25 07:27:48,860 [INFO]     [1 | both | 0](candidate_pairs: 28/28 | new_swaps: 4 | total: 4) -> {'max_bond': 64, 'max_links': 4, 'total_elems': 72796, 'total_shapes': 1736, 'total_links': 222, 'num_tensors': 56}
2026-08-25 07:27:49,143 [INFO]     [1 | both | 1](candidate_pairs: 27/27 | new_swaps: 1 | total: 5) -> {'max_bond': 64, 'max_links': 4, 'total_elems': 72028, 'total_shapes': 1720, 'total_links': 222, 'num_tensors': 56}
2026-08-25 07:27:49,252 [INFO]     [1 | left | 0](candidate_pairs: 28/28 | new_swaps: 3 | total: 8) -> {'max_bond': 64, 'max_links': 4, 'total_elems': 63452, 'total_shapes': 1608, 'total_links': 222, 'num_tensors': 56}
2026-08-25 07:27:49,356 [INFO]     [1 | left | 1](candidate_pairs: 27/27 | new_swaps: 1 | total: 9) -> {'max_bond': 64, 'max_links': 4, 'total_elems': 63356, 'total_shapes': 1602, 'total_links': 222, 'num_tensors': 56}
2026-08-25 07:27:49,456 [INFO]     [1 | right | 0](candidate_pairs: 28/28 | new_swaps: 3 | total: 12) -> {'max_bond': 64, 'max_links': 4, 'total_elems': 62524, 'total_shapes': 1578, 'total_links': 222, 'num_tensors': 56}
2026-08-25 07:27:49,531 [INFO]     [1 | right | 1](candidate_pairs: 27/27 | new_swaps: 0 | total: 12) -> {'max_bond': 64, 'max_links': 4, 'total_elems': 62524, 'total_shapes': 1578, 'total_links': 222, 'num_tensors': 56}
2026-08-25 07:27:49,685 [INFO]     [2 | both | 0](candidate_pairs: 28/28 | new_swaps: 0 | total: 0) -> {'max_bond': 64, 'max_links': 4, 'total_elems': 62524, 'total_shapes': 1578, 'total_links': 222, 'num_tensors': 56}
2026-08-25 07:27:49,850 [INFO]     [2 | both | 1](candidate_pairs: 27/27 | new_swaps: 0 | total: 0) -> {'max_bond': 64, 'max_links': 4, 'total_elems': 62524, 'total_shapes': 1578, 'total_links': 222, 'num_tensors': 56}
2026-08-25 07:27:49,918 [INFO]     [2 | left | 0](candidate_pairs: 28/28 | new_swaps: 0 | total: 0) -> {'max_bond': 64, 'max_links': 4, 'total_elems': 62524, 'total_shapes': 1578, 'total_links': 222, 'num_tensors': 56}
2026-08-25 07:27:50,000 [INFO]     [2 | left | 1](candidate_pairs: 27/27 | new_swaps: 0 | total: 0) -> {'max_bond': 64, 'max_links': 4, 'total_elems': 62524, 'total_shapes': 1578, 'total_links': 222, 'num_tensors': 56}
2026-08-25 07:27:50,070 [INFO]     [2 | right | 0](candidate_pairs: 28/28 | new_swaps: 0 | total: 0) -> {'max_bond': 64, 'max_links': 4, 'total_elems': 62524, 'total_shapes': 1578, 'total_links': 222, 'num_tensors': 56}
2026-08-25 07:27:50,150 [INFO]     [2 | right | 1](candidate_pairs: 27/27 | new_swaps: 0 | total: 0) -> {'max_bond': 64, 'max_links': 4, 'total_elems': 62524, 'total_shapes': 1578, 'total_links': 222, 'num_tensors': 56}
2026-08-25 07:27:50,151 [INFO]     [end unswap] -> {'max_bond': 64, 'max_links': 4, 'total_elems': 62524, 'total_shapes': 1578, 'total_links': 222, 'num_tensors': 56}
2026-08-25 07:27:50,153 [INFO] [start rewire](phase=post_unswap, cycle=44, side=left, layers=1486, trials=20, seed=123, parallel=False, route_candidates=1, route_score=none)
2026-08-25 07:27:51,791 [INFO] [end rewire](phase=post_unswap, cycle=44, side=left, routed_layers=1489, elapsed_s=1.64)
2026-08-25 07:27:51,792 [INFO] [start rewire](phase=post_unswap, cycle=44, side=right, layers=1578, trials=20, seed=123, parallel=False, route_candidates=1, route_score=none)
2026-08-25 07:27:52,793 [INFO] [end rewire](phase=post_unswap, cycle=44, side=right, routed_layers=1579, elapsed_s=1.00)
2026-08-25 07:27:52,993 [INFO] [1L/1487](swap: 11, u: 0 | c_u: 0 | t_u_l: 86/942 | t_u_r: 93/943 | t_u: 179/1885) -> {'max_bond': 64, 'max_links': 4, 'total_elems': 62524, 'total_shapes': 1578, 'total_links': 222, 'num_tensors': 56}
2026-08-25 07:27:53,078 [INFO] [1R/1577](swap: 5, u: 0 | c_u: 0 | t_u_l: 86/942 | t_u_r: 93/943 | t_u: 179/1885) -> {'max_bond': 64, 'max_links': 4, 'total_elems': 75772, 'total_shapes': 1762, 'total_links': 222, 'num_tensors': 56}
2026-08-25 07:27:53,183 [INFO] [2L/1487](swap: 11, u: 0 | c_u: 0 | t_u_l: 86/942 | t_u_r: 93/943 | t_u: 179/1885) -> {'max_bond': 64, 'max_links': 4, 'total_elems': 84612, 'total_shapes': 1908, 'total_links': 222, 'num_tensors': 56}
2026-08-25 07:27:53,321 [INFO] [3L/1487](swap: 10, u: 0 | c_u: 0 | t_u_l: 86/942 | t_u_r: 93/943 | t_u: 179/1885) -> {'max_bond': 64, 'max_links': 4, 'total_elems': 134100, 'total_shapes': 2324, 'total_links': 222, 'num_tensors': 56}
2026-08-25 07:27:53,546 [INFO]     [start unswap] -> {'max_bond': 64, 'max_links': 4, 'total_elems': 134100, 'total_shapes': 2324, 'total_links': 222, 'num_tensors': 56}
2026-08-25 07:27:54,004 [INFO]     [0 | both | 0](candidate_pairs: 28/28 | new_swaps: 0 | total: 0) -> {'max_bond': 64, 'max_links': 4, 'total_elems': 134100, 'total_shapes': 2324, 'total_links': 222, 'num_tensors': 56}
2026-08-25 07:27:57,157 [INFO]     [0 | both | 1](candidate_pairs: 27/27 | new_swaps: 2 | total: 2) -> {'max_bond': 256, 'max_links': 4, 'total_elems': 285596, 'total_shapes': 3112, 'total_links': 222, 'num_tensors': 56}
2026-08-25 07:27:57,649 [INFO]     [0 | left | 0](candidate_pairs: 28/28 | new_swaps: 8 | total: 10) -> {'max_bond': 64, 'max_links': 4, 'total_elems': 130972, 'total_shapes': 2288, 'total_links': 222, 'num_tensors': 56}
2026-08-25 07:27:57,944 [INFO]     [0 | left | 1](candidate_pairs: 27/27 | new_swaps: 13 | total: 23) -> {'max_bond': 64, 'max_links': 4, 'total_elems': 84988, 'total_shapes': 1904, 'total_links': 222, 'num_tensors': 56}
2026-08-25 07:27:58,063 [INFO]     [0 | right | 0](candidate_pairs: 28/28 | new_swaps: 2 | total: 25) -> {'max_bond': 64, 'max_links': 4, 'total_elems': 75580, 'total_shapes': 1800, 'total_links': 222, 'num_tensors': 56}
2026-08-25 07:27:58,191 [INFO]     [0 | right | 1](candidate_pairs: 27/27 | new_swaps: 1 | total: 26) -> {'max_bond': 64, 'max_links': 4, 'total_elems': 74556, 'total_shapes': 1784, 'total_links': 222, 'num_tensors': 56}
2026-08-25 07:27:58,419 [INFO]     [1 | both | 0](candidate_pairs: 28/28 | new_swaps: 4 | total: 4) -> {'max_bond': 64, 'max_links': 4, 'total_elems': 72796, 'total_shapes': 1736, 'total_links': 222, 'num_tensors': 56}
2026-08-25 07:27:58,690 [INFO]     [1 | both | 1](candidate_pairs: 27/27 | new_swaps: 1 | total: 5) -> {'max_bond': 64, 'max_links': 4, 'total_elems': 72028, 'total_shapes': 1720, 'total_links': 222, 'num_tensors': 56}
2026-08-25 07:27:58,806 [INFO]     [1 | left | 0](candidate_pairs: 28/28 | new_swaps: 3 | total: 8) -> {'max_bond': 64, 'max_links': 4, 'total_elems': 63452, 'total_shapes': 1608, 'total_links': 222, 'num_tensors': 56}
2026-08-25 07:27:58,917 [INFO]     [1 | left | 1](candidate_pairs: 27/27 | new_swaps: 1 | total: 9) -> {'max_bond': 64, 'max_links': 4, 'total_elems': 63356, 'total_shapes': 1602, 'total_links': 222, 'num_tensors': 56}
2026-08-25 07:27:59,020 [INFO]     [1 | right | 0](candidate_pairs: 28/28 | new_swaps: 3 | total: 12) -> {'max_bond': 64, 'max_links': 4, 'total_elems': 62524, 'total_shapes': 1578, 'total_links': 222, 'num_tensors': 56}
2026-08-25 07:27:59,109 [INFO]     [1 | right | 1](candidate_pairs: 27/27 | new_swaps: 0 | total: 12) -> {'max_bond': 64, 'max_links': 4, 'total_elems': 62524, 'total_shapes': 1578, 'total_links': 222, 'num_tensors': 56}
2026-08-25 07:27:59,273 [INFO]     [2 | both | 0](candidate_pairs: 28/28 | new_swaps: 0 | total: 0) -> {'max_bond': 64, 'max_links': 4, 'total_elems': 62524, 'total_shapes': 1578, 'total_links': 222, 'num_tensors': 56}
2026-08-25 07:27:59,439 [INFO]     [2 | both | 1](candidate_pairs: 27/27 | new_swaps: 0 | total: 0) -> {'max_bond': 64, 'max_links': 4, 'total_elems': 62524, 'total_shapes': 1578, 'total_links': 222, 'num_tensors': 56}
2026-08-25 07:27:59,511 [INFO]     [2 | left | 0](candidate_pairs: 28/28 | new_swaps: 0 | total: 0) -> {'max_bond': 64, 'max_links': 4, 'total_elems': 62524, 'total_shapes': 1578, 'total_links': 222, 'num_tensors': 56}
2026-08-25 07:27:59,591 [INFO]     [2 | left | 1](candidate_pairs: 27/27 | new_swaps: 0 | total: 0) -> {'max_bond': 64, 'max_links': 4, 'total_elems': 62524, 'total_shapes': 1578, 'total_links': 222, 'num_tensors': 56}
2026-08-25 07:27:59,657 [INFO]     [2 | right | 0](candidate_pairs: 28/28 | new_swaps: 0 | total: 0) -> {'max_bond': 64, 'max_links': 4, 'total_elems': 62524, 'total_shapes': 1578, 'total_links': 222, 'num_tensors': 56}
2026-08-25 07:27:59,730 [INFO]     [2 | right | 1](candidate_pairs: 27/27 | new_swaps: 0 | total: 0) -> {'max_bond': 64, 'max_links': 4, 'total_elems': 62524, 'total_shapes': 1578, 'total_links': 222, 'num_tensors': 56}
2026-08-25 07:27:59,731 [INFO]     [end unswap] -> {'max_bond': 64, 'max_links': 4, 'total_elems': 62524, 'total_shapes': 1578, 'total_links': 222, 'num_tensors': 56}
2026-08-25 07:27:59,733 [INFO] [start rewire](phase=post_unswap, cycle=45, side=left, layers=1486, trials=20, seed=123, parallel=False, route_candidates=1, route_score=none)
2026-08-25 07:28:01,322 [INFO] [end rewire](phase=post_unswap, cycle=45, side=left, routed_layers=1489, elapsed_s=1.59)
2026-08-25 07:28:01,322 [INFO] [start rewire](phase=post_unswap, cycle=45, side=right, layers=1578, trials=20, seed=123, parallel=False, route_candidates=1, route_score=none)
2026-08-25 07:28:02,711 [INFO] [end rewire](phase=post_unswap, cycle=45, side=right, routed_layers=1579, elapsed_s=1.39)
2026-08-25 07:28:02,846 [INFO] [1L/1487](swap: 11, u: 0 | c_u: 0 | t_u_l: 86/942 | t_u_r: 93/943 | t_u: 179/1885) -> {'max_bond': 64, 'max_links': 4, 'total_elems': 62524, 'total_shapes': 1578, 'total_links': 222, 'num_tensors': 56}
2026-08-25 07:28:02,924 [INFO] [1R/1577](swap: 5, u: 0 | c_u: 0 | t_u_l: 86/942 | t_u_r: 93/943 | t_u: 179/1885) -> {'max_bond': 64, 'max_links': 4, 'total_elems': 75772, 'total_shapes': 1762, 'total_links': 222, 'num_tensors': 56}
2026-08-25 07:28:03,029 [INFO] [2L/1487](swap: 11, u: 0 | c_u: 0 | t_u_l: 86/942 | t_u_r: 93/943 | t_u: 179/1885) -> {'max_bond': 64, 'max_links': 4, 'total_elems': 84612, 'total_shapes': 1908, 'total_links': 222, 'num_tensors': 56}
2026-08-25 07:28:03,161 [INFO] [3L/1487](swap: 10, u: 0 | c_u: 0 | t_u_l: 86/942 | t_u_r: 93/943 | t_u: 179/1885) -> {'max_bond': 64, 'max_links': 4, 'total_elems': 134100, 'total_shapes': 2324, 'total_links': 222, 'num_tensors': 56}
2026-08-25 07:28:03,400 [INFO]     [start unswap] -> {'max_bond': 64, 'max_links': 4, 'total_elems': 134100, 'total_shapes': 2324, 'total_links': 222, 'num_tensors': 56}
2026-08-25 07:28:03,887 [INFO]     [0 | both | 0](candidate_pairs: 28/28 | new_swaps: 0 | total: 0) -> {'max_bond': 64, 'max_links': 4, 'total_elems': 134100, 'total_shapes': 2324, 'total_links': 222, 'num_tensors': 56}
2026-08-25 07:28:07,063 [INFO]     [0 | both | 1](candidate_pairs: 27/27 | new_swaps: 2 | total: 2) -> {'max_bond': 256, 'max_links': 4, 'total_elems': 285596, 'total_shapes': 3112, 'total_links': 222, 'num_tensors': 56}
2026-08-25 07:28:07,563 [INFO]     [0 | left | 0](candidate_pairs: 28/28 | new_swaps: 8 | total: 10) -> {'max_bond': 64, 'max_links': 4, 'total_elems': 130972, 'total_shapes': 2288, 'total_links': 222, 'num_tensors': 56}
2026-08-25 07:28:07,852 [INFO]     [0 | left | 1](candidate_pairs: 27/27 | new_swaps: 13 | total: 23) -> {'max_bond': 64, 'max_links': 4, 'total_elems': 84988, 'total_shapes': 1904, 'total_links': 222, 'num_tensors': 56}
2026-08-25 07:28:07,957 [INFO]     [0 | right | 0](candidate_pairs: 28/28 | new_swaps: 2 | total: 25) -> {'max_bond': 64, 'max_links': 4, 'total_elems': 75580, 'total_shapes': 1800, 'total_links': 222, 'num_tensors': 56}
2026-08-25 07:28:08,082 [INFO]     [0 | right | 1](candidate_pairs: 27/27 | new_swaps: 1 | total: 26) -> {'max_bond': 64, 'max_links': 4, 'total_elems': 74556, 'total_shapes': 1784, 'total_links': 222, 'num_tensors': 56}
2026-08-25 07:28:08,325 [INFO]     [1 | both | 0](candidate_pairs: 28/28 | new_swaps: 4 | total: 4) -> {'max_bond': 64, 'max_links': 4, 'total_elems': 72796, 'total_shapes': 1736, 'total_links': 222, 'num_tensors': 56}
2026-08-25 07:28:08,602 [INFO]     [1 | both | 1](candidate_pairs: 27/27 | new_swaps: 1 | total: 5) -> {'max_bond': 64, 'max_links': 4, 'total_elems': 72028, 'total_shapes': 1720, 'total_links': 222, 'num_tensors': 56}
2026-08-25 07:28:08,717 [INFO]     [1 | left | 0](candidate_pairs: 28/28 | new_swaps: 3 | total: 8) -> {'max_bond': 64, 'max_links': 4, 'total_elems': 63452, 'total_shapes': 1608, 'total_links': 222, 'num_tensors': 56}
2026-08-25 07:28:08,825 [INFO]     [1 | left | 1](candidate_pairs: 27/27 | new_swaps: 1 | total: 9) -> {'max_bond': 64, 'max_links': 4, 'total_elems': 63356, 'total_shapes': 1602, 'total_links': 222, 'num_tensors': 56}
2026-08-25 07:28:08,927 [INFO]     [1 | right | 0](candidate_pairs: 28/28 | new_swaps: 3 | total: 12) -> {'max_bond': 64, 'max_links': 4, 'total_elems': 62524, 'total_shapes': 1578, 'total_links': 222, 'num_tensors': 56}
2026-08-25 07:28:09,014 [INFO]     [1 | right | 1](candidate_pairs: 27/27 | new_swaps: 0 | total: 12) -> {'max_bond': 64, 'max_links': 4, 'total_elems': 62524, 'total_shapes': 1578, 'total_links': 222, 'num_tensors': 56}
2026-08-25 07:28:09,173 [INFO]     [2 | both | 0](candidate_pairs: 28/28 | new_swaps: 0 | total: 0) -> {'max_bond': 64, 'max_links': 4, 'total_elems': 62524, 'total_shapes': 1578, 'total_links': 222, 'num_tensors': 56}
2026-08-25 07:28:09,337 [INFO]     [2 | both | 1](candidate_pairs: 27/27 | new_swaps: 0 | total: 0) -> {'max_bond': 64, 'max_links': 4, 'total_elems': 62524, 'total_shapes': 1578, 'total_links': 222, 'num_tensors': 56}
2026-08-25 07:28:09,404 [INFO]     [2 | left | 0](candidate_pairs: 28/28 | new_swaps: 0 | total: 0) -> {'max_bond': 64, 'max_links': 4, 'total_elems': 62524, 'total_shapes': 1578, 'total_links': 222, 'num_tensors': 56}
2026-08-25 07:28:09,479 [INFO]     [2 | left | 1](candidate_pairs: 27/27 | new_swaps: 0 | total: 0) -> {'max_bond': 64, 'max_links': 4, 'total_elems': 62524, 'total_shapes': 1578, 'total_links': 222, 'num_tensors': 56}
2026-08-25 07:28:09,552 [INFO]     [2 | right | 0](candidate_pairs: 28/28 | new_swaps: 0 | total: 0) -> {'max_bond': 64, 'max_links': 4, 'total_elems': 62524, 'total_shapes': 1578, 'total_links': 222, 'num_tensors': 56}
2026-08-25 07:28:09,634 [INFO]     [2 | right | 1](candidate_pairs: 27/27 | new_swaps: 0 | total: 0) -> {'max_bond': 64, 'max_links': 4, 'total_elems': 62524, 'total_shapes': 1578, 'total_links': 222, 'num_tensors': 56}
2026-08-25 07:28:09,634 [INFO]     [end unswap] -> {'max_bond': 64, 'max_links': 4, 'total_elems': 62524, 'total_shapes': 1578, 'total_links': 222, 'num_tensors': 56}
2026-08-25 07:28:09,635 [INFO] [start rewire](phase=post_unswap, cycle=46, side=left, layers=1486, trials=20, seed=123, parallel=False, route_candidates=1, route_score=none)
2026-08-25 07:28:10,944 [INFO] [end rewire](phase=post_unswap, cycle=46, side=left, routed_layers=1489, elapsed_s=1.31)
2026-08-25 07:28:10,944 [INFO] [start rewire](phase=post_unswap, cycle=46, side=right, layers=1578, trials=20, seed=123, parallel=False, route_candidates=1, route_score=none)
2026-08-25 07:28:12,308 [INFO] [end rewire](phase=post_unswap, cycle=46, side=right, routed_layers=1579, elapsed_s=1.36)
2026-08-25 07:28:12,451 [INFO] [1L/1487](swap: 11, u: 0 | c_u: 0 | t_u_l: 86/942 | t_u_r: 93/943 | t_u: 179/1885) -> {'max_bond': 64, 'max_links': 4, 'total_elems': 62524, 'total_shapes': 1578, 'total_links': 222, 'num_tensors': 56}
2026-08-25 07:28:12,529 [INFO] [1R/1577](swap: 5, u: 0 | c_u: 0 | t_u_l: 86/942 | t_u_r: 93/943 | t_u: 179/1885) -> {'max_bond': 64, 'max_links': 4, 'total_elems': 75772, 'total_shapes': 1762, 'total_links': 222, 'num_tensors': 56}
2026-08-25 07:28:12,631 [INFO] [2L/1487](swap: 11, u: 0 | c_u: 0 | t_u_l: 86/942 | t_u_r: 93/943 | t_u: 179/1885) -> {'max_bond': 64, 'max_links': 4, 'total_elems': 84612, 'total_shapes': 1908, 'total_links': 222, 'num_tensors': 56}
2026-08-25 07:28:12,760 [INFO] [3L/1487](swap: 10, u: 0 | c_u: 0 | t_u_l: 86/942 | t_u_r: 93/943 | t_u: 179/1885) -> {'max_bond': 64, 'max_links': 4, 'total_elems': 134100, 'total_shapes': 2324, 'total_links': 222, 'num_tensors': 56}
2026-08-25 07:28:12,986 [INFO]     [start unswap] -> {'max_bond': 64, 'max_links': 4, 'total_elems': 134100, 'total_shapes': 2324, 'total_links': 222, 'num_tensors': 56}
2026-08-25 07:28:13,467 [INFO]     [0 | both | 0](candidate_pairs: 28/28 | new_swaps: 0 | total: 0) -> {'max_bond': 64, 'max_links': 4, 'total_elems': 134100, 'total_shapes': 2324, 'total_links': 222, 'num_tensors': 56}
2026-08-25 07:28:16,637 [INFO]     [0 | both | 1](candidate_pairs: 27/27 | new_swaps: 2 | total: 2) -> {'max_bond': 256, 'max_links': 4, 'total_elems': 285596, 'total_shapes': 3112, 'total_links': 222, 'num_tensors': 56}
2026-08-25 07:28:17,131 [INFO]     [0 | left | 0](candidate_pairs: 28/28 | new_swaps: 8 | total: 10) -> {'max_bond': 64, 'max_links': 4, 'total_elems': 130972, 'total_shapes': 2288, 'total_links': 222, 'num_tensors': 56}
2026-08-25 07:28:17,429 [INFO]     [0 | left | 1](candidate_pairs: 27/27 | new_swaps: 13 | total: 23) -> {'max_bond': 64, 'max_links': 4, 'total_elems': 84988, 'total_shapes': 1904, 'total_links': 222, 'num_tensors': 56}
2026-08-25 07:28:17,539 [INFO]     [0 | right | 0](candidate_pairs: 28/28 | new_swaps: 2 | total: 25) -> {'max_bond': 64, 'max_links': 4, 'total_elems': 75580, 'total_shapes': 1800, 'total_links': 222, 'num_tensors': 56}
2026-08-25 07:28:17,665 [INFO]     [0 | right | 1](candidate_pairs: 27/27 | new_swaps: 1 | total: 26) -> {'max_bond': 64, 'max_links': 4, 'total_elems': 74556, 'total_shapes': 1784, 'total_links': 222, 'num_tensors': 56}
2026-08-25 07:28:17,903 [INFO]     [1 | both | 0](candidate_pairs: 28/28 | new_swaps: 4 | total: 4) -> {'max_bond': 64, 'max_links': 4, 'total_elems': 72796, 'total_shapes': 1736, 'total_links': 222, 'num_tensors': 56}
2026-08-25 07:28:18,182 [INFO]     [1 | both | 1](candidate_pairs: 27/27 | new_swaps: 1 | total: 5) -> {'max_bond': 64, 'max_links': 4, 'total_elems': 72028, 'total_shapes': 1720, 'total_links': 222, 'num_tensors': 56}
2026-08-25 07:28:18,298 [INFO]     [1 | left | 0](candidate_pairs: 28/28 | new_swaps: 3 | total: 8) -> {'max_bond': 64, 'max_links': 4, 'total_elems': 63452, 'total_shapes': 1608, 'total_links': 222, 'num_tensors': 56}
2026-08-25 07:28:18,399 [INFO]     [1 | left | 1](candidate_pairs: 27/27 | new_swaps: 1 | total: 9) -> {'max_bond': 64, 'max_links': 4, 'total_elems': 63356, 'total_shapes': 1602, 'total_links': 222, 'num_tensors': 56}
2026-08-25 07:28:18,491 [INFO]     [1 | right | 0](candidate_pairs: 28/28 | new_swaps: 3 | total: 12) -> {'max_bond': 64, 'max_links': 4, 'total_elems': 62524, 'total_shapes': 1578, 'total_links': 222, 'num_tensors': 56}
2026-08-25 07:28:18,571 [INFO]     [1 | right | 1](candidate_pairs: 27/27 | new_swaps: 0 | total: 12) -> {'max_bond': 64, 'max_links': 4, 'total_elems': 62524, 'total_shapes': 1578, 'total_links': 222, 'num_tensors': 56}
2026-08-25 07:28:18,723 [INFO]     [2 | both | 0](candidate_pairs: 28/28 | new_swaps: 0 | total: 0) -> {'max_bond': 64, 'max_links': 4, 'total_elems': 62524, 'total_shapes': 1578, 'total_links': 222, 'num_tensors': 56}
2026-08-25 07:28:18,882 [INFO]     [2 | both | 1](candidate_pairs: 27/27 | new_swaps: 0 | total: 0) -> {'max_bond': 64, 'max_links': 4, 'total_elems': 62524, 'total_shapes': 1578, 'total_links': 222, 'num_tensors': 56}
2026-08-25 07:28:18,953 [INFO]     [2 | left | 0](candidate_pairs: 28/28 | new_swaps: 0 | total: 0) -> {'max_bond': 64, 'max_links': 4, 'total_elems': 62524, 'total_shapes': 1578, 'total_links': 222, 'num_tensors': 56}
2026-08-25 07:28:19,034 [INFO]     [2 | left | 1](candidate_pairs: 27/27 | new_swaps: 0 | total: 0) -> {'max_bond': 64, 'max_links': 4, 'total_elems': 62524, 'total_shapes': 1578, 'total_links': 222, 'num_tensors': 56}
2026-08-25 07:28:19,103 [INFO]     [2 | right | 0](candidate_pairs: 28/28 | new_swaps: 0 | total: 0) -> {'max_bond': 64, 'max_links': 4, 'total_elems': 62524, 'total_shapes': 1578, 'total_links': 222, 'num_tensors': 56}
2026-08-25 07:28:19,180 [INFO]     [2 | right | 1](candidate_pairs: 27/27 | new_swaps: 0 | total: 0) -> {'max_bond': 64, 'max_links': 4, 'total_elems': 62524, 'total_shapes': 1578, 'total_links': 222, 'num_tensors': 56}
2026-08-25 07:28:19,181 [INFO]     [end unswap] -> {'max_bond': 64, 'max_links': 4, 'total_elems': 62524, 'total_shapes': 1578, 'total_links': 222, 'num_tensors': 56}
2026-08-25 07:28:19,182 [INFO] [start rewire](phase=post_unswap, cycle=47, side=left, layers=1486, trials=20, seed=123, parallel=False, route_candidates=1, route_score=none)
2026-08-25 07:28:20,785 [INFO] [end rewire](phase=post_unswap, cycle=47, side=left, routed_layers=1489, elapsed_s=1.60)
2026-08-25 07:28:20,785 [INFO] [start rewire](phase=post_unswap, cycle=47, side=right, layers=1578, trials=20, seed=123, parallel=False, route_candidates=1, route_score=none)
2026-08-25 07:28:22,195 [INFO] [end rewire](phase=post_unswap, cycle=47, side=right, routed_layers=1579, elapsed_s=1.41)
2026-08-25 07:28:22,333 [INFO] [1L/1487](swap: 11, u: 0 | c_u: 0 | t_u_l: 86/942 | t_u_r: 93/943 | t_u: 179/1885) -> {'max_bond': 64, 'max_links': 4, 'total_elems': 62524, 'total_shapes': 1578, 'total_links': 222, 'num_tensors': 56}
2026-08-25 07:28:22,410 [INFO] [1R/1577](swap: 5, u: 0 | c_u: 0 | t_u_l: 86/942 | t_u_r: 93/943 | t_u: 179/1885) -> {'max_bond': 64, 'max_links': 4, 'total_elems': 75772, 'total_shapes': 1762, 'total_links': 222, 'num_tensors': 56}
2026-08-25 07:28:22,519 [INFO] [2L/1487](swap: 11, u: 0 | c_u: 0 | t_u_l: 86/942 | t_u_r: 93/943 | t_u: 179/1885) -> {'max_bond': 64, 'max_links': 4, 'total_elems': 84612, 'total_shapes': 1908, 'total_links': 222, 'num_tensors': 56}
2026-08-25 07:28:22,652 [INFO] [3L/1487](swap: 10, u: 0 | c_u: 0 | t_u_l: 86/942 | t_u_r: 93/943 | t_u: 179/1885) -> {'max_bond': 64, 'max_links': 4, 'total_elems': 134100, 'total_shapes': 2324, 'total_links': 222, 'num_tensors': 56}
2026-08-25 07:28:22,884 [INFO]     [start unswap] -> {'max_bond': 64, 'max_links': 4, 'total_elems': 134100, 'total_shapes': 2324, 'total_links': 222, 'num_tensors': 56}
2026-08-25 07:28:23,348 [INFO]     [0 | both | 0](candidate_pairs: 28/28 | new_swaps: 0 | total: 0) -> {'max_bond': 64, 'max_links': 4, 'total_elems': 134100, 'total_shapes': 2324, 'total_links': 222, 'num_tensors': 56}
2026-08-25 07:28:26,535 [INFO]     [0 | both | 1](candidate_pairs: 27/27 | new_swaps: 2 | total: 2) -> {'max_bond': 256, 'max_links': 4, 'total_elems': 285596, 'total_shapes': 3112, 'total_links': 222, 'num_tensors': 56}
2026-08-25 07:28:27,031 [INFO]     [0 | left | 0](candidate_pairs: 28/28 | new_swaps: 8 | total: 10) -> {'max_bond': 64, 'max_links': 4, 'total_elems': 130972, 'total_shapes': 2288, 'total_links': 222, 'num_tensors': 56}
2026-08-25 07:28:27,324 [INFO]     [0 | left | 1](candidate_pairs: 27/27 | new_swaps: 13 | total: 23) -> {'max_bond': 64, 'max_links': 4, 'total_elems': 84988, 'total_shapes': 1904, 'total_links': 222, 'num_tensors': 56}
2026-08-25 07:28:27,434 [INFO]     [0 | right | 0](candidate_pairs: 28/28 | new_swaps: 2 | total: 25) -> {'max_bond': 64, 'max_links': 4, 'total_elems': 75580, 'total_shapes': 1800, 'total_links': 222, 'num_tensors': 56}
2026-08-25 07:28:27,562 [INFO]     [0 | right | 1](candidate_pairs: 27/27 | new_swaps: 1 | total: 26) -> {'max_bond': 64, 'max_links': 4, 'total_elems': 74556, 'total_shapes': 1784, 'total_links': 222, 'num_tensors': 56}
2026-08-25 07:28:27,784 [INFO]     [1 | both | 0](candidate_pairs: 28/28 | new_swaps: 4 | total: 4) -> {'max_bond': 64, 'max_links': 4, 'total_elems': 72796, 'total_shapes': 1736, 'total_links': 222, 'num_tensors': 56}
2026-08-25 07:28:28,058 [INFO]     [1 | both | 1](candidate_pairs: 27/27 | new_swaps: 1 | total: 5) -> {'max_bond': 64, 'max_links': 4, 'total_elems': 72028, 'total_shapes': 1720, 'total_links': 222, 'num_tensors': 56}
2026-08-25 07:28:28,171 [INFO]     [1 | left | 0](candidate_pairs: 28/28 | new_swaps: 3 | total: 8) -> {'max_bond': 64, 'max_links': 4, 'total_elems': 63452, 'total_shapes': 1608, 'total_links': 222, 'num_tensors': 56}
2026-08-25 07:28:28,284 [INFO]     [1 | left | 1](candidate_pairs: 27/27 | new_swaps: 1 | total: 9) -> {'max_bond': 64, 'max_links': 4, 'total_elems': 63356, 'total_shapes': 1602, 'total_links': 222, 'num_tensors': 56}
2026-08-25 07:28:28,381 [INFO]     [1 | right | 0](candidate_pairs: 28/28 | new_swaps: 3 | total: 12) -> {'max_bond': 64, 'max_links': 4, 'total_elems': 62524, 'total_shapes': 1578, 'total_links': 222, 'num_tensors': 56}
2026-08-25 07:28:28,453 [INFO]     [1 | right | 1](candidate_pairs: 27/27 | new_swaps: 0 | total: 12) -> {'max_bond': 64, 'max_links': 4, 'total_elems': 62524, 'total_shapes': 1578, 'total_links': 222, 'num_tensors': 56}
2026-08-25 07:28:28,619 [INFO]     [2 | both | 0](candidate_pairs: 28/28 | new_swaps: 0 | total: 0) -> {'max_bond': 64, 'max_links': 4, 'total_elems': 62524, 'total_shapes': 1578, 'total_links': 222, 'num_tensors': 56}
2026-08-25 07:28:28,811 [INFO]     [2 | both | 1](candidate_pairs: 27/27 | new_swaps: 0 | total: 0) -> {'max_bond': 64, 'max_links': 4, 'total_elems': 62524, 'total_shapes': 1578, 'total_links': 222, 'num_tensors': 56}
2026-08-25 07:28:28,889 [INFO]     [2 | left | 0](candidate_pairs: 28/28 | new_swaps: 0 | total: 0) -> {'max_bond': 64, 'max_links': 4, 'total_elems': 62524, 'total_shapes': 1578, 'total_links': 222, 'num_tensors': 56}
2026-08-25 07:28:28,969 [INFO]     [2 | left | 1](candidate_pairs: 27/27 | new_swaps: 0 | total: 0) -> {'max_bond': 64, 'max_links': 4, 'total_elems': 62524, 'total_shapes': 1578, 'total_links': 222, 'num_tensors': 56}
2026-08-25 07:28:29,044 [INFO]     [2 | right | 0](candidate_pairs: 28/28 | new_swaps: 0 | total: 0) -> {'max_bond': 64, 'max_links': 4, 'total_elems': 62524, 'total_shapes': 1578, 'total_links': 222, 'num_tensors': 56}
2026-08-25 07:28:29,128 [INFO]     [2 | right | 1](candidate_pairs: 27/27 | new_swaps: 0 | total: 0) -> {'max_bond': 64, 'max_links': 4, 'total_elems': 62524, 'total_shapes': 1578, 'total_links': 222, 'num_tensors': 56}
2026-08-25 07:28:29,129 [INFO]     [end unswap] -> {'max_bond': 64, 'max_links': 4, 'total_elems': 62524, 'total_shapes': 1578, 'total_links': 222, 'num_tensors': 56}
2026-08-25 07:28:29,198 [INFO] [start rewire](phase=post_unswap, cycle=48, side=left, layers=1486, trials=20, seed=123, parallel=False, route_candidates=1, route_score=none)
2026-08-25 07:28:30,521 [INFO] [end rewire](phase=post_unswap, cycle=48, side=left, routed_layers=1489, elapsed_s=1.32)
2026-08-25 07:28:30,521 [INFO] [start rewire](phase=post_unswap, cycle=48, side=right, layers=1578, trials=20, seed=123, parallel=False, route_candidates=1, route_score=none)
2026-08-25 07:28:31,902 [INFO] [end rewire](phase=post_unswap, cycle=48, side=right, routed_layers=1579, elapsed_s=1.38)
2026-08-25 07:28:32,040 [INFO] [1L/1487](swap: 11, u: 0 | c_u: 0 | t_u_l: 86/942 | t_u_r: 93/943 | t_u: 179/1885) -> {'max_bond': 64, 'max_links': 4, 'total_elems': 62524, 'total_shapes': 1578, 'total_links': 222, 'num_tensors': 56}
2026-08-25 07:28:32,123 [INFO] [1R/1577](swap: 5, u: 0 | c_u: 0 | t_u_l: 86/942 | t_u_r: 93/943 | t_u: 179/1885) -> {'max_bond': 64, 'max_links': 4, 'total_elems': 75772, 'total_shapes': 1762, 'total_links': 222, 'num_tensors': 56}
2026-08-25 07:28:32,228 [INFO] [2L/1487](swap: 11, u: 0 | c_u: 0 | t_u_l: 86/942 | t_u_r: 93/943 | t_u: 179/1885) -> {'max_bond': 64, 'max_links': 4, 'total_elems': 84612, 'total_shapes': 1908, 'total_links': 222, 'num_tensors': 56}
2026-08-25 07:28:32,360 [INFO] [3L/1487](swap: 10, u: 0 | c_u: 0 | t_u_l: 86/942 | t_u_r: 93/943 | t_u: 179/1885) -> {'max_bond': 64, 'max_links': 4, 'total_elems': 134100, 'total_shapes': 2324, 'total_links': 222, 'num_tensors': 56}
2026-08-25 07:28:32,588 [INFO]     [start unswap] -> {'max_bond': 64, 'max_links': 4, 'total_elems': 134100, 'total_shapes': 2324, 'total_links': 222, 'num_tensors': 56}
2026-08-25 07:28:33,058 [INFO]     [0 | both | 0](candidate_pairs: 28/28 | new_swaps: 0 | total: 0) -> {'max_bond': 64, 'max_links': 4, 'total_elems': 134100, 'total_shapes': 2324, 'total_links': 222, 'num_tensors': 56}
2026-08-25 07:28:36,221 [INFO]     [0 | both | 1](candidate_pairs: 27/27 | new_swaps: 2 | total: 2) -> {'max_bond': 256, 'max_links': 4, 'total_elems': 285596, 'total_shapes': 3112, 'total_links': 222, 'num_tensors': 56}
2026-08-25 07:28:36,720 [INFO]     [0 | left | 0](candidate_pairs: 28/28 | new_swaps: 8 | total: 10) -> {'max_bond': 64, 'max_links': 4, 'total_elems': 130972, 'total_shapes': 2288, 'total_links': 222, 'num_tensors': 56}
2026-08-25 07:28:37,016 [INFO]     [0 | left | 1](candidate_pairs: 27/27 | new_swaps: 13 | total: 23) -> {'max_bond': 64, 'max_links': 4, 'total_elems': 84988, 'total_shapes': 1904, 'total_links': 222, 'num_tensors': 56}
2026-08-25 07:28:37,123 [INFO]     [0 | right | 0](candidate_pairs: 28/28 | new_swaps: 2 | total: 25) -> {'max_bond': 64, 'max_links': 4, 'total_elems': 75580, 'total_shapes': 1800, 'total_links': 222, 'num_tensors': 56}
2026-08-25 07:28:37,246 [INFO]     [0 | right | 1](candidate_pairs: 27/27 | new_swaps: 1 | total: 26) -> {'max_bond': 64, 'max_links': 4, 'total_elems': 74556, 'total_shapes': 1784, 'total_links': 222, 'num_tensors': 56}
2026-08-25 07:28:37,467 [INFO]     [1 | both | 0](candidate_pairs: 28/28 | new_swaps: 4 | total: 4) -> {'max_bond': 64, 'max_links': 4, 'total_elems': 72796, 'total_shapes': 1736, 'total_links': 222, 'num_tensors': 56}
2026-08-25 07:28:37,739 [INFO]     [1 | both | 1](candidate_pairs: 27/27 | new_swaps: 1 | total: 5) -> {'max_bond': 64, 'max_links': 4, 'total_elems': 72028, 'total_shapes': 1720, 'total_links': 222, 'num_tensors': 56}
2026-08-25 07:28:37,852 [INFO]     [1 | left | 0](candidate_pairs: 28/28 | new_swaps: 3 | total: 8) -> {'max_bond': 64, 'max_links': 4, 'total_elems': 63452, 'total_shapes': 1608, 'total_links': 222, 'num_tensors': 56}
2026-08-25 07:28:37,956 [INFO]     [1 | left | 1](candidate_pairs: 27/27 | new_swaps: 1 | total: 9) -> {'max_bond': 64, 'max_links': 4, 'total_elems': 63356, 'total_shapes': 1602, 'total_links': 222, 'num_tensors': 56}
2026-08-25 07:28:38,052 [INFO]     [1 | right | 0](candidate_pairs: 28/28 | new_swaps: 3 | total: 12) -> {'max_bond': 64, 'max_links': 4, 'total_elems': 62524, 'total_shapes': 1578, 'total_links': 222, 'num_tensors': 56}
2026-08-25 07:28:38,133 [INFO]     [1 | right | 1](candidate_pairs: 27/27 | new_swaps: 0 | total: 12) -> {'max_bond': 64, 'max_links': 4, 'total_elems': 62524, 'total_shapes': 1578, 'total_links': 222, 'num_tensors': 56}
2026-08-25 07:28:38,296 [INFO]     [2 | both | 0](candidate_pairs: 28/28 | new_swaps: 0 | total: 0) -> {'max_bond': 64, 'max_links': 4, 'total_elems': 62524, 'total_shapes': 1578, 'total_links': 222, 'num_tensors': 56}
2026-08-25 07:28:38,458 [INFO]     [2 | both | 1](candidate_pairs: 27/27 | new_swaps: 0 | total: 0) -> {'max_bond': 64, 'max_links': 4, 'total_elems': 62524, 'total_shapes': 1578, 'total_links': 222, 'num_tensors': 56}
2026-08-25 07:28:38,526 [INFO]     [2 | left | 0](candidate_pairs: 28/28 | new_swaps: 0 | total: 0) -> {'max_bond': 64, 'max_links': 4, 'total_elems': 62524, 'total_shapes': 1578, 'total_links': 222, 'num_tensors': 56}
2026-08-25 07:28:38,598 [INFO]     [2 | left | 1](candidate_pairs: 27/27 | new_swaps: 0 | total: 0) -> {'max_bond': 64, 'max_links': 4, 'total_elems': 62524, 'total_shapes': 1578, 'total_links': 222, 'num_tensors': 56}
2026-08-25 07:28:38,662 [INFO]     [2 | right | 0](candidate_pairs: 28/28 | new_swaps: 0 | total: 0) -> {'max_bond': 64, 'max_links': 4, 'total_elems': 62524, 'total_shapes': 1578, 'total_links': 222, 'num_tensors': 56}
2026-08-25 07:28:38,735 [INFO]     [2 | right | 1](candidate_pairs: 27/27 | new_swaps: 0 | total: 0) -> {'max_bond': 64, 'max_links': 4, 'total_elems': 62524, 'total_shapes': 1578, 'total_links': 222, 'num_tensors': 56}
2026-08-25 07:28:38,736 [INFO]     [end unswap] -> {'max_bond': 64, 'max_links': 4, 'total_elems': 62524, 'total_shapes': 1578, 'total_links': 222, 'num_tensors': 56}
2026-08-25 07:28:38,737 [INFO] [start rewire](phase=post_unswap, cycle=49, side=left, layers=1486, trials=20, seed=123, parallel=False, route_candidates=1, route_score=none)
2026-08-25 07:28:40,351 [INFO] [end rewire](phase=post_unswap, cycle=49, side=left, routed_layers=1489, elapsed_s=1.61)
2026-08-25 07:28:40,351 [INFO] [start rewire](phase=post_unswap, cycle=49, side=right, layers=1578, trials=20, seed=123, parallel=False, route_candidates=1, route_score=none)
2026-08-25 07:28:41,783 [INFO] [end rewire](phase=post_unswap, cycle=49, side=right, routed_layers=1579, elapsed_s=1.43)
2026-08-25 07:28:41,922 [INFO] [1L/1487](swap: 11, u: 0 | c_u: 0 | t_u_l: 86/942 | t_u_r: 93/943 | t_u: 179/1885) -> {'max_bond': 64, 'max_links': 4, 'total_elems': 62524, 'total_shapes': 1578, 'total_links': 222, 'num_tensors': 56}
2026-08-25 07:28:42,007 [INFO] [1R/1577](swap: 5, u: 0 | c_u: 0 | t_u_l: 86/942 | t_u_r: 93/943 | t_u: 179/1885) -> {'max_bond': 64, 'max_links': 4, 'total_elems': 75772, 'total_shapes': 1762, 'total_links': 222, 'num_tensors': 56}
2026-08-25 07:28:42,115 [INFO] [2L/1487](swap: 11, u: 0 | c_u: 0 | t_u_l: 86/942 | t_u_r: 93/943 | t_u: 179/1885) -> {'max_bond': 64, 'max_links': 4, 'total_elems': 84612, 'total_shapes': 1908, 'total_links': 222, 'num_tensors': 56}
2026-08-25 07:28:42,250 [INFO] [3L/1487](swap: 10, u: 0 | c_u: 0 | t_u_l: 86/942 | t_u_r: 93/943 | t_u: 179/1885) -> {'max_bond': 64, 'max_links': 4, 'total_elems': 134100, 'total_shapes': 2324, 'total_links': 222, 'num_tensors': 56}
2026-08-25 07:28:42,472 [INFO]     [start unswap] -> {'max_bond': 64, 'max_links': 4, 'total_elems': 134100, 'total_shapes': 2324, 'total_links': 222, 'num_tensors': 56}
2026-08-25 07:28:42,946 [INFO]     [0 | both | 0](candidate_pairs: 28/28 | new_swaps: 0 | total: 0) -> {'max_bond': 64, 'max_links': 4, 'total_elems': 134100, 'total_shapes': 2324, 'total_links': 222, 'num_tensors': 56}
2026-08-25 07:28:46,084 [INFO]     [0 | both | 1](candidate_pairs: 27/27 | new_swaps: 2 | total: 2) -> {'max_bond': 256, 'max_links': 4, 'total_elems': 285596, 'total_shapes': 3112, 'total_links': 222, 'num_tensors': 56}
2026-08-25 07:28:46,586 [INFO]     [0 | left | 0](candidate_pairs: 28/28 | new_swaps: 8 | total: 10) -> {'max_bond': 64, 'max_links': 4, 'total_elems': 130972, 'total_shapes': 2288, 'total_links': 222, 'num_tensors': 56}
2026-08-25 07:28:46,864 [INFO]     [0 | left | 1](candidate_pairs: 27/27 | new_swaps: 13 | total: 23) -> {'max_bond': 64, 'max_links': 4, 'total_elems': 84988, 'total_shapes': 1904, 'total_links': 222, 'num_tensors': 56}
2026-08-25 07:28:46,971 [INFO]     [0 | right | 0](candidate_pairs: 28/28 | new_swaps: 2 | total: 25) -> {'max_bond': 64, 'max_links': 4, 'total_elems': 75580, 'total_shapes': 1800, 'total_links': 222, 'num_tensors': 56}
2026-08-25 07:28:47,090 [INFO]     [0 | right | 1](candidate_pairs: 27/27 | new_swaps: 1 | total: 26) -> {'max_bond': 64, 'max_links': 4, 'total_elems': 74556, 'total_shapes': 1784, 'total_links': 222, 'num_tensors': 56}
2026-08-25 07:28:47,318 [INFO]     [1 | both | 0](candidate_pairs: 28/28 | new_swaps: 4 | total: 4) -> {'max_bond': 64, 'max_links': 4, 'total_elems': 72796, 'total_shapes': 1736, 'total_links': 222, 'num_tensors': 56}
2026-08-25 07:28:47,605 [INFO]     [1 | both | 1](candidate_pairs: 27/27 | new_swaps: 1 | total: 5) -> {'max_bond': 64, 'max_links': 4, 'total_elems': 72028, 'total_shapes': 1720, 'total_links': 222, 'num_tensors': 56}
2026-08-25 07:28:47,719 [INFO]     [1 | left | 0](candidate_pairs: 28/28 | new_swaps: 3 | total: 8) -> {'max_bond': 64, 'max_links': 4, 'total_elems': 63452, 'total_shapes': 1608, 'total_links': 222, 'num_tensors': 56}
2026-08-25 07:28:47,826 [INFO]     [1 | left | 1](candidate_pairs: 27/27 | new_swaps: 1 | total: 9) -> {'max_bond': 64, 'max_links': 4, 'total_elems': 63356, 'total_shapes': 1602, 'total_links': 222, 'num_tensors': 56}
2026-08-25 07:28:47,927 [INFO]     [1 | right | 0](candidate_pairs: 28/28 | new_swaps: 3 | total: 12) -> {'max_bond': 64, 'max_links': 4, 'total_elems': 62524, 'total_shapes': 1578, 'total_links': 222, 'num_tensors': 56}
2026-08-25 07:28:48,011 [INFO]     [1 | right | 1](candidate_pairs: 27/27 | new_swaps: 0 | total: 12) -> {'max_bond': 64, 'max_links': 4, 'total_elems': 62524, 'total_shapes': 1578, 'total_links': 222, 'num_tensors': 56}
2026-08-25 07:28:48,179 [INFO]     [2 | both | 0](candidate_pairs: 28/28 | new_swaps: 0 | total: 0) -> {'max_bond': 64, 'max_links': 4, 'total_elems': 62524, 'total_shapes': 1578, 'total_links': 222, 'num_tensors': 56}
2026-08-25 07:28:48,336 [INFO]     [2 | both | 1](candidate_pairs: 27/27 | new_swaps: 0 | total: 0) -> {'max_bond': 64, 'max_links': 4, 'total_elems': 62524, 'total_shapes': 1578, 'total_links': 222, 'num_tensors': 56}
2026-08-25 07:28:48,411 [INFO]     [2 | left | 0](candidate_pairs: 28/28 | new_swaps: 0 | total: 0) -> {'max_bond': 64, 'max_links': 4, 'total_elems': 62524, 'total_shapes': 1578, 'total_links': 222, 'num_tensors': 56}
2026-08-25 07:28:48,484 [INFO]     [2 | left | 1](candidate_pairs: 27/27 | new_swaps: 0 | total: 0) -> {'max_bond': 64, 'max_links': 4, 'total_elems': 62524, 'total_shapes': 1578, 'total_links': 222, 'num_tensors': 56}
2026-08-25 07:28:48,557 [INFO]     [2 | right | 0](candidate_pairs: 28/28 | new_swaps: 0 | total: 0) -> {'max_bond': 64, 'max_links': 4, 'total_elems': 62524, 'total_shapes': 1578, 'total_links': 222, 'num_tensors': 56}
2026-08-25 07:28:48,631 [INFO]     [2 | right | 1](candidate_pairs: 27/27 | new_swaps: 0 | total: 0) -> {'max_bond': 64, 'max_links': 4, 'total_elems': 62524, 'total_shapes': 1578, 'total_links': 222, 'num_tensors': 56}
2026-08-25 07:28:48,632 [INFO]     [end unswap] -> {'max_bond': 64, 'max_links': 4, 'total_elems': 62524, 'total_shapes': 1578, 'total_links': 222, 'num_tensors': 56}
2026-08-25 07:28:48,634 [INFO] [start rewire](phase=post_unswap, cycle=50, side=left, layers=1486, trials=20, seed=123, parallel=False, route_candidates=1, route_score=none)
2026-08-25 07:28:50,352 [INFO] [end rewire](phase=post_unswap, cycle=50, side=left, routed_layers=1489, elapsed_s=1.72)
2026-08-25 07:28:50,352 [INFO] [start rewire](phase=post_unswap, cycle=50, side=right, layers=1578, trials=20, seed=123, parallel=False, route_candidates=1, route_score=none)
2026-08-25 07:28:51,372 [INFO] [end rewire](phase=post_unswap, cycle=50, side=right, routed_layers=1579, elapsed_s=1.02)
2026-08-25 07:28:51,515 [INFO] [1L/1487](swap: 11, u: 0 | c_u: 0 | t_u_l: 86/942 | t_u_r: 93/943 | t_u: 179/1885) -> {'max_bond': 64, 'max_links': 4, 'total_elems': 62524, 'total_shapes': 1578, 'total_links': 222, 'num_tensors': 56}
2026-08-25 07:28:51,604 [INFO] [1R/1577](swap: 5, u: 0 | c_u: 0 | t_u_l: 86/942 | t_u_r: 93/943 | t_u: 179/1885) -> {'max_bond': 64, 'max_links': 4, 'total_elems': 75772, 'total_shapes': 1762, 'total_links': 222, 'num_tensors': 56}
2026-08-25 07:28:51,716 [INFO] [2L/1487](swap: 11, u: 0 | c_u: 0 | t_u_l: 86/942 | t_u_r: 93/943 | t_u: 179/1885) -> {'max_bond': 64, 'max_links': 4, 'total_elems': 84612, 'total_shapes': 1908, 'total_links': 222, 'num_tensors': 56}
2026-08-25 07:28:51,853 [INFO] [3L/1487](swap: 10, u: 0 | c_u: 0 | t_u_l: 86/942 | t_u_r: 93/943 | t_u: 179/1885) -> {'max_bond': 64, 'max_links': 4, 'total_elems': 134100, 'total_shapes': 2324, 'total_links': 222, 'num_tensors': 56}
2026-08-25 07:28:52,093 [INFO]     [start unswap] -> {'max_bond': 64, 'max_links': 4, 'total_elems': 134100, 'total_shapes': 2324, 'total_links': 222, 'num_tensors': 56}
2026-08-25 07:28:52,579 [INFO]     [0 | both | 0](candidate_pairs: 28/28 | new_swaps: 0 | total: 0) -> {'max_bond': 64, 'max_links': 4, 'total_elems': 134100, 'total_shapes': 2324, 'total_links': 222, 'num_tensors': 56}
2026-08-25 07:28:55,751 [INFO]     [0 | both | 1](candidate_pairs: 27/27 | new_swaps: 2 | total: 2) -> {'max_bond': 256, 'max_links': 4, 'total_elems': 285596, 'total_shapes': 3112, 'total_links': 222, 'num_tensors': 56}
2026-08-25 07:28:56,237 [INFO]     [0 | left | 0](candidate_pairs: 28/28 | new_swaps: 8 | total: 10) -> {'max_bond': 64, 'max_links': 4, 'total_elems': 130972, 'total_shapes': 2288, 'total_links': 222, 'num_tensors': 56}
2026-08-25 07:28:56,521 [INFO]     [0 | left | 1](candidate_pairs: 27/27 | new_swaps: 13 | total: 23) -> {'max_bond': 64, 'max_links': 4, 'total_elems': 84988, 'total_shapes': 1904, 'total_links': 222, 'num_tensors': 56}
2026-08-25 07:28:56,628 [INFO]     [0 | right | 0](candidate_pairs: 28/28 | new_swaps: 2 | total: 25) -> {'max_bond': 64, 'max_links': 4, 'total_elems': 75580, 'total_shapes': 1800, 'total_links': 222, 'num_tensors': 56}
2026-08-25 07:28:56,746 [INFO]     [0 | right | 1](candidate_pairs: 27/27 | new_swaps: 1 | total: 26) -> {'max_bond': 64, 'max_links': 4, 'total_elems': 74556, 'total_shapes': 1784, 'total_links': 222, 'num_tensors': 56}
2026-08-25 07:28:56,980 [INFO]     [1 | both | 0](candidate_pairs: 28/28 | new_swaps: 4 | total: 4) -> {'max_bond': 64, 'max_links': 4, 'total_elems': 72796, 'total_shapes': 1736, 'total_links': 222, 'num_tensors': 56}
2026-08-25 07:28:57,249 [INFO]     [1 | both | 1](candidate_pairs: 27/27 | new_swaps: 1 | total: 5) -> {'max_bond': 64, 'max_links': 4, 'total_elems': 72028, 'total_shapes': 1720, 'total_links': 222, 'num_tensors': 56}
2026-08-25 07:28:57,358 [INFO]     [1 | left | 0](candidate_pairs: 28/28 | new_swaps: 3 | total: 8) -> {'max_bond': 64, 'max_links': 4, 'total_elems': 63452, 'total_shapes': 1608, 'total_links': 222, 'num_tensors': 56}
2026-08-25 07:28:57,471 [INFO]     [1 | left | 1](candidate_pairs: 27/27 | new_swaps: 1 | total: 9) -> {'max_bond': 64, 'max_links': 4, 'total_elems': 63356, 'total_shapes': 1602, 'total_links': 222, 'num_tensors': 56}
2026-08-25 07:28:57,570 [INFO]     [1 | right | 0](candidate_pairs: 28/28 | new_swaps: 3 | total: 12) -> {'max_bond': 64, 'max_links': 4, 'total_elems': 62524, 'total_shapes': 1578, 'total_links': 222, 'num_tensors': 56}
2026-08-25 07:28:57,649 [INFO]     [1 | right | 1](candidate_pairs: 27/27 | new_swaps: 0 | total: 12) -> {'max_bond': 64, 'max_links': 4, 'total_elems': 62524, 'total_shapes': 1578, 'total_links': 222, 'num_tensors': 56}
2026-08-25 07:28:57,814 [INFO]     [2 | both | 0](candidate_pairs: 28/28 | new_swaps: 0 | total: 0) -> {'max_bond': 64, 'max_links': 4, 'total_elems': 62524, 'total_shapes': 1578, 'total_links': 222, 'num_tensors': 56}
2026-08-25 07:28:57,974 [INFO]     [2 | both | 1](candidate_pairs: 27/27 | new_swaps: 0 | total: 0) -> {'max_bond': 64, 'max_links': 4, 'total_elems': 62524, 'total_shapes': 1578, 'total_links': 222, 'num_tensors': 56}
2026-08-25 07:28:58,048 [INFO]     [2 | left | 0](candidate_pairs: 28/28 | new_swaps: 0 | total: 0) -> {'max_bond': 64, 'max_links': 4, 'total_elems': 62524, 'total_shapes': 1578, 'total_links': 222, 'num_tensors': 56}
2026-08-25 07:28:58,131 [INFO]     [2 | left | 1](candidate_pairs: 27/27 | new_swaps: 0 | total: 0) -> {'max_bond': 64, 'max_links': 4, 'total_elems': 62524, 'total_shapes': 1578, 'total_links': 222, 'num_tensors': 56}
2026-08-25 07:28:58,197 [INFO]     [2 | right | 0](candidate_pairs: 28/28 | new_swaps: 0 | total: 0) -> {'max_bond': 64, 'max_links': 4, 'total_elems': 62524, 'total_shapes': 1578, 'total_links': 222, 'num_tensors': 56}
2026-08-25 07:28:58,272 [INFO]     [2 | right | 1](candidate_pairs: 27/27 | new_swaps: 0 | total: 0) -> {'max_bond': 64, 'max_links': 4, 'total_elems': 62524, 'total_shapes': 1578, 'total_links': 222, 'num_tensors': 56}
2026-08-25 07:28:58,273 [INFO]     [end unswap] -> {'max_bond': 64, 'max_links': 4, 'total_elems': 62524, 'total_shapes': 1578, 'total_links': 222, 'num_tensors': 56}
2026-08-25 07:28:58,275 [INFO] [start rewire](phase=post_unswap, cycle=51, side=left, layers=1486, trials=20, seed=123, parallel=False, route_candidates=1, route_score=none)
2026-08-25 07:28:59,935 [INFO] [end rewire](phase=post_unswap, cycle=51, side=left, routed_layers=1489, elapsed_s=1.66)
2026-08-25 07:28:59,937 [INFO] [start rewire](phase=post_unswap, cycle=51, side=right, layers=1578, trials=20, seed=123, parallel=False, route_candidates=1, route_score=none)
2026-08-25 07:29:01,410 [INFO] [end rewire](phase=post_unswap, cycle=51, side=right, routed_layers=1579, elapsed_s=1.47)
2026-08-25 07:29:01,620 [INFO] [1L/1487](swap: 11, u: 0 | c_u: 0 | t_u_l: 86/942 | t_u_r: 93/943 | t_u: 179/1885) -> {'max_bond': 64, 'max_links': 4, 'total_elems': 62524, 'total_shapes': 1578, 'total_links': 222, 'num_tensors': 56}
2026-08-25 07:29:01,699 [INFO] [1R/1577](swap: 5, u: 0 | c_u: 0 | t_u_l: 86/942 | t_u_r: 93/943 | t_u: 179/1885) -> {'max_bond': 64, 'max_links': 4, 'total_elems': 75772, 'total_shapes': 1762, 'total_links': 222, 'num_tensors': 56}
2026-08-25 07:29:01,810 [INFO] [2L/1487](swap: 11, u: 0 | c_u: 0 | t_u_l: 86/942 | t_u_r: 93/943 | t_u: 179/1885) -> {'max_bond': 64, 'max_links': 4, 'total_elems': 84612, 'total_shapes': 1908, 'total_links': 222, 'num_tensors': 56}
2026-08-25 07:29:01,948 [INFO] [3L/1487](swap: 10, u: 0 | c_u: 0 | t_u_l: 86/942 | t_u_r: 93/943 | t_u: 179/1885) -> {'max_bond': 64, 'max_links': 4, 'total_elems': 134100, 'total_shapes': 2324, 'total_links': 222, 'num_tensors': 56}
2026-08-25 07:29:02,173 [INFO]     [start unswap] -> {'max_bond': 64, 'max_links': 4, 'total_elems': 134100, 'total_shapes': 2324, 'total_links': 222, 'num_tensors': 56}
2026-08-25 07:29:02,652 [INFO]     [0 | both | 0](candidate_pairs: 28/28 | new_swaps: 0 | total: 0) -> {'max_bond': 64, 'max_links': 4, 'total_elems': 134100, 'total_shapes': 2324, 'total_links': 222, 'num_tensors': 56}
2026-08-25 07:29:05,812 [INFO]     [0 | both | 1](candidate_pairs: 27/27 | new_swaps: 2 | total: 2) -> {'max_bond': 256, 'max_links': 4, 'total_elems': 285596, 'total_shapes': 3112, 'total_links': 222, 'num_tensors': 56}
2026-08-25 07:29:06,299 [INFO]     [0 | left | 0](candidate_pairs: 28/28 | new_swaps: 8 | total: 10) -> {'max_bond': 64, 'max_links': 4, 'total_elems': 130972, 'total_shapes': 2288, 'total_links': 222, 'num_tensors': 56}
2026-08-25 07:29:06,591 [INFO]     [0 | left | 1](candidate_pairs: 27/27 | new_swaps: 13 | total: 23) -> {'max_bond': 64, 'max_links': 4, 'total_elems': 84988, 'total_shapes': 1904, 'total_links': 222, 'num_tensors': 56}
2026-08-25 07:29:06,704 [INFO]     [0 | right | 0](candidate_pairs: 28/28 | new_swaps: 2 | total: 25) -> {'max_bond': 64, 'max_links': 4, 'total_elems': 75580, 'total_shapes': 1800, 'total_links': 222, 'num_tensors': 56}
2026-08-25 07:29:06,821 [INFO]     [0 | right | 1](candidate_pairs: 27/27 | new_swaps: 1 | total: 26) -> {'max_bond': 64, 'max_links': 4, 'total_elems': 74556, 'total_shapes': 1784, 'total_links': 222, 'num_tensors': 56}
2026-08-25 07:29:07,054 [INFO]     [1 | both | 0](candidate_pairs: 28/28 | new_swaps: 4 | total: 4) -> {'max_bond': 64, 'max_links': 4, 'total_elems': 72796, 'total_shapes': 1736, 'total_links': 222, 'num_tensors': 56}
2026-08-25 07:29:07,354 [INFO]     [1 | both | 1](candidate_pairs: 27/27 | new_swaps: 1 | total: 5) -> {'max_bond': 64, 'max_links': 4, 'total_elems': 72028, 'total_shapes': 1720, 'total_links': 222, 'num_tensors': 56}
2026-08-25 07:29:07,467 [INFO]     [1 | left | 0](candidate_pairs: 28/28 | new_swaps: 3 | total: 8) -> {'max_bond': 64, 'max_links': 4, 'total_elems': 63452, 'total_shapes': 1608, 'total_links': 222, 'num_tensors': 56}
2026-08-25 07:29:07,583 [INFO]     [1 | left | 1](candidate_pairs: 27/27 | new_swaps: 1 | total: 9) -> {'max_bond': 64, 'max_links': 4, 'total_elems': 63356, 'total_shapes': 1602, 'total_links': 222, 'num_tensors': 56}
2026-08-25 07:29:07,680 [INFO]     [1 | right | 0](candidate_pairs: 28/28 | new_swaps: 3 | total: 12) -> {'max_bond': 64, 'max_links': 4, 'total_elems': 62524, 'total_shapes': 1578, 'total_links': 222, 'num_tensors': 56}
2026-08-25 07:29:07,755 [INFO]     [1 | right | 1](candidate_pairs: 27/27 | new_swaps: 0 | total: 12) -> {'max_bond': 64, 'max_links': 4, 'total_elems': 62524, 'total_shapes': 1578, 'total_links': 222, 'num_tensors': 56}
2026-08-25 07:29:07,911 [INFO]     [2 | both | 0](candidate_pairs: 28/28 | new_swaps: 0 | total: 0) -> {'max_bond': 64, 'max_links': 4, 'total_elems': 62524, 'total_shapes': 1578, 'total_links': 222, 'num_tensors': 56}
2026-08-25 07:29:08,062 [INFO]     [2 | both | 1](candidate_pairs: 27/27 | new_swaps: 0 | total: 0) -> {'max_bond': 64, 'max_links': 4, 'total_elems': 62524, 'total_shapes': 1578, 'total_links': 222, 'num_tensors': 56}
2026-08-25 07:29:08,134 [INFO]     [2 | left | 0](candidate_pairs: 28/28 | new_swaps: 0 | total: 0) -> {'max_bond': 64, 'max_links': 4, 'total_elems': 62524, 'total_shapes': 1578, 'total_links': 222, 'num_tensors': 56}
2026-08-25 07:29:08,209 [INFO]     [2 | left | 1](candidate_pairs: 27/27 | new_swaps: 0 | total: 0) -> {'max_bond': 64, 'max_links': 4, 'total_elems': 62524, 'total_shapes': 1578, 'total_links': 222, 'num_tensors': 56}
2026-08-25 07:29:08,283 [INFO]     [2 | right | 0](candidate_pairs: 28/28 | new_swaps: 0 | total: 0) -> {'max_bond': 64, 'max_links': 4, 'total_elems': 62524, 'total_shapes': 1578, 'total_links': 222, 'num_tensors': 56}
2026-08-25 07:29:08,360 [INFO]     [2 | right | 1](candidate_pairs: 27/27 | new_swaps: 0 | total: 0) -> {'max_bond': 64, 'max_links': 4, 'total_elems': 62524, 'total_shapes': 1578, 'total_links': 222, 'num_tensors': 56}
2026-08-25 07:29:08,361 [INFO]     [end unswap] -> {'max_bond': 64, 'max_links': 4, 'total_elems': 62524, 'total_shapes': 1578, 'total_links': 222, 'num_tensors': 56}
2026-08-25 07:29:08,363 [INFO] [start rewire](phase=post_unswap, cycle=52, side=left, layers=1486, trials=20, seed=123, parallel=False, route_candidates=1, route_score=none)
2026-08-25 07:29:09,732 [INFO] [end rewire](phase=post_unswap, cycle=52, side=left, routed_layers=1489, elapsed_s=1.37)
2026-08-25 07:29:09,732 [INFO] [start rewire](phase=post_unswap, cycle=52, side=right, layers=1578, trials=20, seed=123, parallel=False, route_candidates=1, route_score=none)
2026-08-25 07:29:11,175 [INFO] [end rewire](phase=post_unswap, cycle=52, side=right, routed_layers=1579, elapsed_s=1.44)
2026-08-25 07:29:11,330 [INFO] [1L/1487](swap: 11, u: 0 | c_u: 0 | t_u_l: 86/942 | t_u_r: 93/943 | t_u: 179/1885) -> {'max_bond': 64, 'max_links': 4, 'total_elems': 62524, 'total_shapes': 1578, 'total_links': 222, 'num_tensors': 56}
2026-08-25 07:29:11,407 [INFO] [1R/1577](swap: 5, u: 0 | c_u: 0 | t_u_l: 86/942 | t_u_r: 93/943 | t_u: 179/1885) -> {'max_bond': 64, 'max_links': 4, 'total_elems': 75772, 'total_shapes': 1762, 'total_links': 222, 'num_tensors': 56}
2026-08-25 07:29:11,512 [INFO] [2L/1487](swap: 11, u: 0 | c_u: 0 | t_u_l: 86/942 | t_u_r: 93/943 | t_u: 179/1885) -> {'max_bond': 64, 'max_links': 4, 'total_elems': 84612, 'total_shapes': 1908, 'total_links': 222, 'num_tensors': 56}
2026-08-25 07:29:11,649 [INFO] [3L/1487](swap: 10, u: 0 | c_u: 0 | t_u_l: 86/942 | t_u_r: 93/943 | t_u: 179/1885) -> {'max_bond': 64, 'max_links': 4, 'total_elems': 134100, 'total_shapes': 2324, 'total_links': 222, 'num_tensors': 56}
2026-08-25 07:29:11,884 [INFO]     [start unswap] -> {'max_bond': 64, 'max_links': 4, 'total_elems': 134100, 'total_shapes': 2324, 'total_links': 222, 'num_tensors': 56}
2026-08-25 07:29:12,392 [INFO]     [0 | both | 0](candidate_pairs: 28/28 | new_swaps: 0 | total: 0) -> {'max_bond': 64, 'max_links': 4, 'total_elems': 134100, 'total_shapes': 2324, 'total_links': 222, 'num_tensors': 56}
2026-08-25 07:29:15,536 [INFO]     [0 | both | 1](candidate_pairs: 27/27 | new_swaps: 2 | total: 2) -> {'max_bond': 256, 'max_links': 4, 'total_elems': 285596, 'total_shapes': 3112, 'total_links': 222, 'num_tensors': 56}
2026-08-25 07:29:16,021 [INFO]     [0 | left | 0](candidate_pairs: 28/28 | new_swaps: 8 | total: 10) -> {'max_bond': 64, 'max_links': 4, 'total_elems': 130972, 'total_shapes': 2288, 'total_links': 222, 'num_tensors': 56}
2026-08-25 07:29:16,319 [INFO]     [0 | left | 1](candidate_pairs: 27/27 | new_swaps: 13 | total: 23) -> {'max_bond': 64, 'max_links': 4, 'total_elems': 84988, 'total_shapes': 1904, 'total_links': 222, 'num_tensors': 56}
2026-08-25 07:29:16,425 [INFO]     [0 | right | 0](candidate_pairs: 28/28 | new_swaps: 2 | total: 25) -> {'max_bond': 64, 'max_links': 4, 'total_elems': 75580, 'total_shapes': 1800, 'total_links': 222, 'num_tensors': 56}
2026-08-25 07:29:16,552 [INFO]     [0 | right | 1](candidate_pairs: 27/27 | new_swaps: 1 | total: 26) -> {'max_bond': 64, 'max_links': 4, 'total_elems': 74556, 'total_shapes': 1784, 'total_links': 222, 'num_tensors': 56}
2026-08-25 07:29:16,772 [INFO]     [1 | both | 0](candidate_pairs: 28/28 | new_swaps: 4 | total: 4) -> {'max_bond': 64, 'max_links': 4, 'total_elems': 72796, 'total_shapes': 1736, 'total_links': 222, 'num_tensors': 56}
2026-08-25 07:29:17,048 [INFO]     [1 | both | 1](candidate_pairs: 27/27 | new_swaps: 1 | total: 5) -> {'max_bond': 64, 'max_links': 4, 'total_elems': 72028, 'total_shapes': 1720, 'total_links': 222, 'num_tensors': 56}
2026-08-25 07:29:17,152 [INFO]     [1 | left | 0](candidate_pairs: 28/28 | new_swaps: 3 | total: 8) -> {'max_bond': 64, 'max_links': 4, 'total_elems': 63452, 'total_shapes': 1608, 'total_links': 222, 'num_tensors': 56}
2026-08-25 07:29:17,257 [INFO]     [1 | left | 1](candidate_pairs: 27/27 | new_swaps: 1 | total: 9) -> {'max_bond': 64, 'max_links': 4, 'total_elems': 63356, 'total_shapes': 1602, 'total_links': 222, 'num_tensors': 56}
2026-08-25 07:29:17,349 [INFO]     [1 | right | 0](candidate_pairs: 28/28 | new_swaps: 3 | total: 12) -> {'max_bond': 64, 'max_links': 4, 'total_elems': 62524, 'total_shapes': 1578, 'total_links': 222, 'num_tensors': 56}
2026-08-25 07:29:17,423 [INFO]     [1 | right | 1](candidate_pairs: 27/27 | new_swaps: 0 | total: 12) -> {'max_bond': 64, 'max_links': 4, 'total_elems': 62524, 'total_shapes': 1578, 'total_links': 222, 'num_tensors': 56}
2026-08-25 07:29:17,574 [INFO]     [2 | both | 0](candidate_pairs: 28/28 | new_swaps: 0 | total: 0) -> {'max_bond': 64, 'max_links': 4, 'total_elems': 62524, 'total_shapes': 1578, 'total_links': 222, 'num_tensors': 56}
2026-08-25 07:29:17,733 [INFO]     [2 | both | 1](candidate_pairs: 27/27 | new_swaps: 0 | total: 0) -> {'max_bond': 64, 'max_links': 4, 'total_elems': 62524, 'total_shapes': 1578, 'total_links': 222, 'num_tensors': 56}
2026-08-25 07:29:17,802 [INFO]     [2 | left | 0](candidate_pairs: 28/28 | new_swaps: 0 | total: 0) -> {'max_bond': 64, 'max_links': 4, 'total_elems': 62524, 'total_shapes': 1578, 'total_links': 222, 'num_tensors': 56}
2026-08-25 07:29:17,878 [INFO]     [2 | left | 1](candidate_pairs: 27/27 | new_swaps: 0 | total: 0) -> {'max_bond': 64, 'max_links': 4, 'total_elems': 62524, 'total_shapes': 1578, 'total_links': 222, 'num_tensors': 56}
2026-08-25 07:29:17,949 [INFO]     [2 | right | 0](candidate_pairs: 28/28 | new_swaps: 0 | total: 0) -> {'max_bond': 64, 'max_links': 4, 'total_elems': 62524, 'total_shapes': 1578, 'total_links': 222, 'num_tensors': 56}
2026-08-25 07:29:18,032 [INFO]     [2 | right | 1](candidate_pairs: 27/27 | new_swaps: 0 | total: 0) -> {'max_bond': 64, 'max_links': 4, 'total_elems': 62524, 'total_shapes': 1578, 'total_links': 222, 'num_tensors': 56}
2026-08-25 07:29:18,033 [INFO]     [end unswap] -> {'max_bond': 64, 'max_links': 4, 'total_elems': 62524, 'total_shapes': 1578, 'total_links': 222, 'num_tensors': 56}
2026-08-25 07:29:18,034 [INFO] [start rewire](phase=post_unswap, cycle=53, side=left, layers=1486, trials=20, seed=123, parallel=False, route_candidates=1, route_score=none)
2026-08-25 07:29:19,352 [INFO] [end rewire](phase=post_unswap, cycle=53, side=left, routed_layers=1489, elapsed_s=1.32)
2026-08-25 07:29:19,352 [INFO] [start rewire](phase=post_unswap, cycle=53, side=right, layers=1578, trials=20, seed=123, parallel=False, route_candidates=1, route_score=none)
2026-08-25 07:29:20,799 [INFO] [end rewire](phase=post_unswap, cycle=53, side=right, routed_layers=1579, elapsed_s=1.45)
2026-08-25 07:29:20,946 [INFO] [1L/1487](swap: 11, u: 0 | c_u: 0 | t_u_l: 86/942 | t_u_r: 93/943 | t_u: 179/1885) -> {'max_bond': 64, 'max_links': 4, 'total_elems': 62524, 'total_shapes': 1578, 'total_links': 222, 'num_tensors': 56}
2026-08-25 07:29:21,029 [INFO] [1R/1577](swap: 5, u: 0 | c_u: 0 | t_u_l: 86/942 | t_u_r: 93/943 | t_u: 179/1885) -> {'max_bond': 64, 'max_links': 4, 'total_elems': 75772, 'total_shapes': 1762, 'total_links': 222, 'num_tensors': 56}
2026-08-25 07:29:21,135 [INFO] [2L/1487](swap: 11, u: 0 | c_u: 0 | t_u_l: 86/942 | t_u_r: 93/943 | t_u: 179/1885) -> {'max_bond': 64, 'max_links': 4, 'total_elems': 84612, 'total_shapes': 1908, 'total_links': 222, 'num_tensors': 56}
2026-08-25 07:29:21,265 [INFO] [3L/1487](swap: 10, u: 0 | c_u: 0 | t_u_l: 86/942 | t_u_r: 93/943 | t_u: 179/1885) -> {'max_bond': 64, 'max_links': 4, 'total_elems': 134100, 'total_shapes': 2324, 'total_links': 222, 'num_tensors': 56}
2026-08-25 07:29:21,493 [INFO]     [start unswap] -> {'max_bond': 64, 'max_links': 4, 'total_elems': 134100, 'total_shapes': 2324, 'total_links': 222, 'num_tensors': 56}
2026-08-25 07:29:21,966 [INFO]     [0 | both | 0](candidate_pairs: 28/28 | new_swaps: 0 | total: 0) -> {'max_bond': 64, 'max_links': 4, 'total_elems': 134100, 'total_shapes': 2324, 'total_links': 222, 'num_tensors': 56}
2026-08-25 07:29:25,146 [INFO]     [0 | both | 1](candidate_pairs: 27/27 | new_swaps: 2 | total: 2) -> {'max_bond': 256, 'max_links': 4, 'total_elems': 285596, 'total_shapes': 3112, 'total_links': 222, 'num_tensors': 56}
2026-08-25 07:29:25,655 [INFO]     [0 | left | 0](candidate_pairs: 28/28 | new_swaps: 8 | total: 10) -> {'max_bond': 64, 'max_links': 4, 'total_elems': 130972, 'total_shapes': 2288, 'total_links': 222, 'num_tensors': 56}
2026-08-25 07:29:25,964 [INFO]     [0 | left | 1](candidate_pairs: 27/27 | new_swaps: 13 | total: 23) -> {'max_bond': 64, 'max_links': 4, 'total_elems': 84988, 'total_shapes': 1904, 'total_links': 222, 'num_tensors': 56}
2026-08-25 07:29:26,071 [INFO]     [0 | right | 0](candidate_pairs: 28/28 | new_swaps: 2 | total: 25) -> {'max_bond': 64, 'max_links': 4, 'total_elems': 75580, 'total_shapes': 1800, 'total_links': 222, 'num_tensors': 56}
2026-08-25 07:29:26,197 [INFO]     [0 | right | 1](candidate_pairs: 27/27 | new_swaps: 1 | total: 26) -> {'max_bond': 64, 'max_links': 4, 'total_elems': 74556, 'total_shapes': 1784, 'total_links': 222, 'num_tensors': 56}
2026-08-25 07:29:26,427 [INFO]     [1 | both | 0](candidate_pairs: 28/28 | new_swaps: 4 | total: 4) -> {'max_bond': 64, 'max_links': 4, 'total_elems': 72796, 'total_shapes': 1736, 'total_links': 222, 'num_tensors': 56}
2026-08-25 07:29:26,695 [INFO]     [1 | both | 1](candidate_pairs: 27/27 | new_swaps: 1 | total: 5) -> {'max_bond': 64, 'max_links': 4, 'total_elems': 72028, 'total_shapes': 1720, 'total_links': 222, 'num_tensors': 56}
2026-08-25 07:29:26,801 [INFO]     [1 | left | 0](candidate_pairs: 28/28 | new_swaps: 3 | total: 8) -> {'max_bond': 64, 'max_links': 4, 'total_elems': 63452, 'total_shapes': 1608, 'total_links': 222, 'num_tensors': 56}
2026-08-25 07:29:26,903 [INFO]     [1 | left | 1](candidate_pairs: 27/27 | new_swaps: 1 | total: 9) -> {'max_bond': 64, 'max_links': 4, 'total_elems': 63356, 'total_shapes': 1602, 'total_links': 222, 'num_tensors': 56}
2026-08-25 07:29:27,002 [INFO]     [1 | right | 0](candidate_pairs: 28/28 | new_swaps: 3 | total: 12) -> {'max_bond': 64, 'max_links': 4, 'total_elems': 62524, 'total_shapes': 1578, 'total_links': 222, 'num_tensors': 56}
2026-08-25 07:29:27,085 [INFO]     [1 | right | 1](candidate_pairs: 27/27 | new_swaps: 0 | total: 12) -> {'max_bond': 64, 'max_links': 4, 'total_elems': 62524, 'total_shapes': 1578, 'total_links': 222, 'num_tensors': 56}
2026-08-25 07:29:27,241 [INFO]     [2 | both | 0](candidate_pairs: 28/28 | new_swaps: 0 | total: 0) -> {'max_bond': 64, 'max_links': 4, 'total_elems': 62524, 'total_shapes': 1578, 'total_links': 222, 'num_tensors': 56}
2026-08-25 07:29:27,407 [INFO]     [2 | both | 1](candidate_pairs: 27/27 | new_swaps: 0 | total: 0) -> {'max_bond': 64, 'max_links': 4, 'total_elems': 62524, 'total_shapes': 1578, 'total_links': 222, 'num_tensors': 56}
2026-08-25 07:29:27,475 [INFO]     [2 | left | 0](candidate_pairs: 28/28 | new_swaps: 0 | total: 0) -> {'max_bond': 64, 'max_links': 4, 'total_elems': 62524, 'total_shapes': 1578, 'total_links': 222, 'num_tensors': 56}
2026-08-25 07:29:27,554 [INFO]     [2 | left | 1](candidate_pairs: 27/27 | new_swaps: 0 | total: 0) -> {'max_bond': 64, 'max_links': 4, 'total_elems': 62524, 'total_shapes': 1578, 'total_links': 222, 'num_tensors': 56}
2026-08-25 07:29:27,627 [INFO]     [2 | right | 0](candidate_pairs: 28/28 | new_swaps: 0 | total: 0) -> {'max_bond': 64, 'max_links': 4, 'total_elems': 62524, 'total_shapes': 1578, 'total_links': 222, 'num_tensors': 56}
2026-08-25 07:29:27,701 [INFO]     [2 | right | 1](candidate_pairs: 27/27 | new_swaps: 0 | total: 0) -> {'max_bond': 64, 'max_links': 4, 'total_elems': 62524, 'total_shapes': 1578, 'total_links': 222, 'num_tensors': 56}
2026-08-25 07:29:27,702 [INFO]     [end unswap] -> {'max_bond': 64, 'max_links': 4, 'total_elems': 62524, 'total_shapes': 1578, 'total_links': 222, 'num_tensors': 56}
2026-08-25 07:29:27,704 [INFO] [start rewire](phase=post_unswap, cycle=54, side=left, layers=1486, trials=20, seed=123, parallel=False, route_candidates=1, route_score=none)
2026-08-25 07:29:29,427 [INFO] [end rewire](phase=post_unswap, cycle=54, side=left, routed_layers=1489, elapsed_s=1.72)
2026-08-25 07:29:29,427 [INFO] [start rewire](phase=post_unswap, cycle=54, side=right, layers=1578, trials=20, seed=123, parallel=False, route_candidates=1, route_score=none)
2026-08-25 07:29:30,438 [INFO] [end rewire](phase=post_unswap, cycle=54, side=right, routed_layers=1579, elapsed_s=1.01)
2026-08-25 07:29:30,579 [INFO] [1L/1487](swap: 11, u: 0 | c_u: 0 | t_u_l: 86/942 | t_u_r: 93/943 | t_u: 179/1885) -> {'max_bond': 64, 'max_links': 4, 'total_elems': 62524, 'total_shapes': 1578, 'total_links': 222, 'num_tensors': 56}
2026-08-25 07:29:30,668 [INFO] [1R/1577](swap: 5, u: 0 | c_u: 0 | t_u_l: 86/942 | t_u_r: 93/943 | t_u: 179/1885) -> {'max_bond': 64, 'max_links': 4, 'total_elems': 75772, 'total_shapes': 1762, 'total_links': 222, 'num_tensors': 56}
2026-08-25 07:29:30,766 [INFO] [2L/1487](swap: 11, u: 0 | c_u: 0 | t_u_l: 86/942 | t_u_r: 93/943 | t_u: 179/1885) -> {'max_bond': 64, 'max_links': 4, 'total_elems': 84612, 'total_shapes': 1908, 'total_links': 222, 'num_tensors': 56}
2026-08-25 07:29:30,890 [INFO] [3L/1487](swap: 10, u: 0 | c_u: 0 | t_u_l: 86/942 | t_u_r: 93/943 | t_u: 179/1885) -> {'max_bond': 64, 'max_links': 4, 'total_elems': 134100, 'total_shapes': 2324, 'total_links': 222, 'num_tensors': 56}
2026-08-25 07:29:31,111 [INFO]     [start unswap] -> {'max_bond': 64, 'max_links': 4, 'total_elems': 134100, 'total_shapes': 2324, 'total_links': 222, 'num_tensors': 56}
2026-08-25 07:29:31,592 [INFO]     [0 | both | 0](candidate_pairs: 28/28 | new_swaps: 0 | total: 0) -> {'max_bond': 64, 'max_links': 4, 'total_elems': 134100, 'total_shapes': 2324, 'total_links': 222, 'num_tensors': 56}
2026-08-25 07:29:34,767 [INFO]     [0 | both | 1](candidate_pairs: 27/27 | new_swaps: 2 | total: 2) -> {'max_bond': 256, 'max_links': 4, 'total_elems': 285596, 'total_shapes': 3112, 'total_links': 222, 'num_tensors': 56}
2026-08-25 07:29:35,271 [INFO]     [0 | left | 0](candidate_pairs: 28/28 | new_swaps: 8 | total: 10) -> {'max_bond': 64, 'max_links': 4, 'total_elems': 130972, 'total_shapes': 2288, 'total_links': 222, 'num_tensors': 56}
2026-08-25 07:29:35,560 [INFO]     [0 | left | 1](candidate_pairs: 27/27 | new_swaps: 13 | total: 23) -> {'max_bond': 64, 'max_links': 4, 'total_elems': 84988, 'total_shapes': 1904, 'total_links': 222, 'num_tensors': 56}
2026-08-25 07:29:35,661 [INFO]     [0 | right | 0](candidate_pairs: 28/28 | new_swaps: 2 | total: 25) -> {'max_bond': 64, 'max_links': 4, 'total_elems': 75580, 'total_shapes': 1800, 'total_links': 222, 'num_tensors': 56}
2026-08-25 07:29:35,778 [INFO]     [0 | right | 1](candidate_pairs: 27/27 | new_swaps: 1 | total: 26) -> {'max_bond': 64, 'max_links': 4, 'total_elems': 74556, 'total_shapes': 1784, 'total_links': 222, 'num_tensors': 56}
2026-08-25 07:29:36,009 [INFO]     [1 | both | 0](candidate_pairs: 28/28 | new_swaps: 4 | total: 4) -> {'max_bond': 64, 'max_links': 4, 'total_elems': 72796, 'total_shapes': 1736, 'total_links': 222, 'num_tensors': 56}
2026-08-25 07:29:36,290 [INFO]     [1 | both | 1](candidate_pairs: 27/27 | new_swaps: 1 | total: 5) -> {'max_bond': 64, 'max_links': 4, 'total_elems': 72028, 'total_shapes': 1720, 'total_links': 222, 'num_tensors': 56}
2026-08-25 07:29:36,396 [INFO]     [1 | left | 0](candidate_pairs: 28/28 | new_swaps: 3 | total: 8) -> {'max_bond': 64, 'max_links': 4, 'total_elems': 63452, 'total_shapes': 1608, 'total_links': 222, 'num_tensors': 56}
2026-08-25 07:29:36,501 [INFO]     [1 | left | 1](candidate_pairs: 27/27 | new_swaps: 1 | total: 9) -> {'max_bond': 64, 'max_links': 4, 'total_elems': 63356, 'total_shapes': 1602, 'total_links': 222, 'num_tensors': 56}
2026-08-25 07:29:36,598 [INFO]     [1 | right | 0](candidate_pairs: 28/28 | new_swaps: 3 | total: 12) -> {'max_bond': 64, 'max_links': 4, 'total_elems': 62524, 'total_shapes': 1578, 'total_links': 222, 'num_tensors': 56}
2026-08-25 07:29:36,677 [INFO]     [1 | right | 1](candidate_pairs: 27/27 | new_swaps: 0 | total: 12) -> {'max_bond': 64, 'max_links': 4, 'total_elems': 62524, 'total_shapes': 1578, 'total_links': 222, 'num_tensors': 56}
2026-08-25 07:29:36,849 [INFO]     [2 | both | 0](candidate_pairs: 28/28 | new_swaps: 0 | total: 0) -> {'max_bond': 64, 'max_links': 4, 'total_elems': 62524, 'total_shapes': 1578, 'total_links': 222, 'num_tensors': 56}
2026-08-25 07:29:37,024 [INFO]     [2 | both | 1](candidate_pairs: 27/27 | new_swaps: 0 | total: 0) -> {'max_bond': 64, 'max_links': 4, 'total_elems': 62524, 'total_shapes': 1578, 'total_links': 222, 'num_tensors': 56}
2026-08-25 07:29:37,099 [INFO]     [2 | left | 0](candidate_pairs: 28/28 | new_swaps: 0 | total: 0) -> {'max_bond': 64, 'max_links': 4, 'total_elems': 62524, 'total_shapes': 1578, 'total_links': 222, 'num_tensors': 56}
2026-08-25 07:29:37,180 [INFO]     [2 | left | 1](candidate_pairs: 27/27 | new_swaps: 0 | total: 0) -> {'max_bond': 64, 'max_links': 4, 'total_elems': 62524, 'total_shapes': 1578, 'total_links': 222, 'num_tensors': 56}
2026-08-25 07:29:37,246 [INFO]     [2 | right | 0](candidate_pairs: 28/28 | new_swaps: 0 | total: 0) -> {'max_bond': 64, 'max_links': 4, 'total_elems': 62524, 'total_shapes': 1578, 'total_links': 222, 'num_tensors': 56}
2026-08-25 07:29:37,327 [INFO]     [2 | right | 1](candidate_pairs: 27/27 | new_swaps: 0 | total: 0) -> {'max_bond': 64, 'max_links': 4, 'total_elems': 62524, 'total_shapes': 1578, 'total_links': 222, 'num_tensors': 56}
2026-08-25 07:29:37,327 [INFO]     [end unswap] -> {'max_bond': 64, 'max_links': 4, 'total_elems': 62524, 'total_shapes': 1578, 'total_links': 222, 'num_tensors': 56}
2026-08-25 07:29:37,401 [INFO] [start rewire](phase=post_unswap, cycle=55, side=left, layers=1486, trials=20, seed=123, parallel=False, route_candidates=1, route_score=none)
2026-08-25 07:29:39,428 [INFO] [end rewire](phase=post_unswap, cycle=55, side=left, routed_layers=1489, elapsed_s=2.03)
2026-08-25 07:29:39,428 [INFO] [start rewire](phase=post_unswap, cycle=55, side=right, layers=1578, trials=20, seed=123, parallel=False, route_candidates=1, route_score=none)
2026-08-25 07:29:40,446 [INFO] [end rewire](phase=post_unswap, cycle=55, side=right, routed_layers=1579, elapsed_s=1.02)
2026-08-25 07:29:40,589 [INFO] [1L/1487](swap: 11, u: 0 | c_u: 0 | t_u_l: 86/942 | t_u_r: 93/943 | t_u: 179/1885) -> {'max_bond': 64, 'max_links': 4, 'total_elems': 62524, 'total_shapes': 1578, 'total_links': 222, 'num_tensors': 56}
2026-08-25 07:29:40,672 [INFO] [1R/1577](swap: 5, u: 0 | c_u: 0 | t_u_l: 86/942 | t_u_r: 93/943 | t_u: 179/1885) -> {'max_bond': 64, 'max_links': 4, 'total_elems': 75772, 'total_shapes': 1762, 'total_links': 222, 'num_tensors': 56}
2026-08-25 07:29:40,788 [INFO] [2L/1487](swap: 11, u: 0 | c_u: 0 | t_u_l: 86/942 | t_u_r: 93/943 | t_u: 179/1885) -> {'max_bond': 64, 'max_links': 4, 'total_elems': 84612, 'total_shapes': 1908, 'total_links': 222, 'num_tensors': 56}
2026-08-25 07:29:40,929 [INFO] [3L/1487](swap: 10, u: 0 | c_u: 0 | t_u_l: 86/942 | t_u_r: 93/943 | t_u: 179/1885) -> {'max_bond': 64, 'max_links': 4, 'total_elems': 134100, 'total_shapes': 2324, 'total_links': 222, 'num_tensors': 56}
2026-08-25 07:29:41,169 [INFO]     [start unswap] -> {'max_bond': 64, 'max_links': 4, 'total_elems': 134100, 'total_shapes': 2324, 'total_links': 222, 'num_tensors': 56}
2026-08-25 07:29:41,636 [INFO]     [0 | both | 0](candidate_pairs: 28/28 | new_swaps: 0 | total: 0) -> {'max_bond': 64, 'max_links': 4, 'total_elems': 134100, 'total_shapes': 2324, 'total_links': 222, 'num_tensors': 56}
2026-08-25 07:29:44,804 [INFO]     [0 | both | 1](candidate_pairs: 27/27 | new_swaps: 2 | total: 2) -> {'max_bond': 256, 'max_links': 4, 'total_elems': 285596, 'total_shapes': 3112, 'total_links': 222, 'num_tensors': 56}
2026-08-25 07:29:45,304 [INFO]     [0 | left | 0](candidate_pairs: 28/28 | new_swaps: 8 | total: 10) -> {'max_bond': 64, 'max_links': 4, 'total_elems': 130972, 'total_shapes': 2288, 'total_links': 222, 'num_tensors': 56}
2026-08-25 07:29:45,602 [INFO]     [0 | left | 1](candidate_pairs: 27/27 | new_swaps: 13 | total: 23) -> {'max_bond': 64, 'max_links': 4, 'total_elems': 84988, 'total_shapes': 1904, 'total_links': 222, 'num_tensors': 56}
2026-08-25 07:29:45,715 [INFO]     [0 | right | 0](candidate_pairs: 28/28 | new_swaps: 2 | total: 25) -> {'max_bond': 64, 'max_links': 4, 'total_elems': 75580, 'total_shapes': 1800, 'total_links': 222, 'num_tensors': 56}
2026-08-25 07:29:45,838 [INFO]     [0 | right | 1](candidate_pairs: 27/27 | new_swaps: 1 | total: 26) -> {'max_bond': 64, 'max_links': 4, 'total_elems': 74556, 'total_shapes': 1784, 'total_links': 222, 'num_tensors': 56}
2026-08-25 07:29:46,064 [INFO]     [1 | both | 0](candidate_pairs: 28/28 | new_swaps: 4 | total: 4) -> {'max_bond': 64, 'max_links': 4, 'total_elems': 72796, 'total_shapes': 1736, 'total_links': 222, 'num_tensors': 56}
2026-08-25 07:29:46,347 [INFO]     [1 | both | 1](candidate_pairs: 27/27 | new_swaps: 1 | total: 5) -> {'max_bond': 64, 'max_links': 4, 'total_elems': 72028, 'total_shapes': 1720, 'total_links': 222, 'num_tensors': 56}
2026-08-25 07:29:46,452 [INFO]     [1 | left | 0](candidate_pairs: 28/28 | new_swaps: 3 | total: 8) -> {'max_bond': 64, 'max_links': 4, 'total_elems': 63452, 'total_shapes': 1608, 'total_links': 222, 'num_tensors': 56}
2026-08-25 07:29:46,560 [INFO]     [1 | left | 1](candidate_pairs: 27/27 | new_swaps: 1 | total: 9) -> {'max_bond': 64, 'max_links': 4, 'total_elems': 63356, 'total_shapes': 1602, 'total_links': 222, 'num_tensors': 56}
2026-08-25 07:29:46,659 [INFO]     [1 | right | 0](candidate_pairs: 28/28 | new_swaps: 3 | total: 12) -> {'max_bond': 64, 'max_links': 4, 'total_elems': 62524, 'total_shapes': 1578, 'total_links': 222, 'num_tensors': 56}
2026-08-25 07:29:46,736 [INFO]     [1 | right | 1](candidate_pairs: 27/27 | new_swaps: 0 | total: 12) -> {'max_bond': 64, 'max_links': 4, 'total_elems': 62524, 'total_shapes': 1578, 'total_links': 222, 'num_tensors': 56}
2026-08-25 07:29:46,894 [INFO]     [2 | both | 0](candidate_pairs: 28/28 | new_swaps: 0 | total: 0) -> {'max_bond': 64, 'max_links': 4, 'total_elems': 62524, 'total_shapes': 1578, 'total_links': 222, 'num_tensors': 56}
2026-08-25 07:29:47,059 [INFO]     [2 | both | 1](candidate_pairs: 27/27 | new_swaps: 0 | total: 0) -> {'max_bond': 64, 'max_links': 4, 'total_elems': 62524, 'total_shapes': 1578, 'total_links': 222, 'num_tensors': 56}
2026-08-25 07:29:47,129 [INFO]     [2 | left | 0](candidate_pairs: 28/28 | new_swaps: 0 | total: 0) -> {'max_bond': 64, 'max_links': 4, 'total_elems': 62524, 'total_shapes': 1578, 'total_links': 222, 'num_tensors': 56}
2026-08-25 07:29:47,204 [INFO]     [2 | left | 1](candidate_pairs: 27/27 | new_swaps: 0 | total: 0) -> {'max_bond': 64, 'max_links': 4, 'total_elems': 62524, 'total_shapes': 1578, 'total_links': 222, 'num_tensors': 56}
2026-08-25 07:29:47,271 [INFO]     [2 | right | 0](candidate_pairs: 28/28 | new_swaps: 0 | total: 0) -> {'max_bond': 64, 'max_links': 4, 'total_elems': 62524, 'total_shapes': 1578, 'total_links': 222, 'num_tensors': 56}
2026-08-25 07:29:47,352 [INFO]     [2 | right | 1](candidate_pairs: 27/27 | new_swaps: 0 | total: 0) -> {'max_bond': 64, 'max_links': 4, 'total_elems': 62524, 'total_shapes': 1578, 'total_links': 222, 'num_tensors': 56}
2026-08-25 07:29:47,352 [INFO]     [end unswap] -> {'max_bond': 64, 'max_links': 4, 'total_elems': 62524, 'total_shapes': 1578, 'total_links': 222, 'num_tensors': 56}
2026-08-25 07:29:47,355 [INFO] [start rewire](phase=post_unswap, cycle=56, side=left, layers=1486, trials=20, seed=123, parallel=False, route_candidates=1, route_score=none)
2026-08-25 07:29:49,039 [INFO] [end rewire](phase=post_unswap, cycle=56, side=left, routed_layers=1489, elapsed_s=1.68)
2026-08-25 07:29:49,039 [INFO] [start rewire](phase=post_unswap, cycle=56, side=right, layers=1578, trials=20, seed=123, parallel=False, route_candidates=1, route_score=none)
2026-08-25 07:29:50,470 [INFO] [end rewire](phase=post_unswap, cycle=56, side=right, routed_layers=1579, elapsed_s=1.43)
2026-08-25 07:29:50,614 [INFO] [1L/1487](swap: 11, u: 0 | c_u: 0 | t_u_l: 86/942 | t_u_r: 93/943 | t_u: 179/1885) -> {'max_bond': 64, 'max_links': 4, 'total_elems': 62524, 'total_shapes': 1578, 'total_links': 222, 'num_tensors': 56}
2026-08-25 07:29:50,698 [INFO] [1R/1577](swap: 5, u: 0 | c_u: 0 | t_u_l: 86/942 | t_u_r: 93/943 | t_u: 179/1885) -> {'max_bond': 64, 'max_links': 4, 'total_elems': 75772, 'total_shapes': 1762, 'total_links': 222, 'num_tensors': 56}
2026-08-25 07:29:50,804 [INFO] [2L/1487](swap: 11, u: 0 | c_u: 0 | t_u_l: 86/942 | t_u_r: 93/943 | t_u: 179/1885) -> {'max_bond': 64, 'max_links': 4, 'total_elems': 84612, 'total_shapes': 1908, 'total_links': 222, 'num_tensors': 56}
2026-08-25 07:29:50,934 [INFO] [3L/1487](swap: 10, u: 0 | c_u: 0 | t_u_l: 86/942 | t_u_r: 93/943 | t_u: 179/1885) -> {'max_bond': 64, 'max_links': 4, 'total_elems': 134100, 'total_shapes': 2324, 'total_links': 222, 'num_tensors': 56}
2026-08-25 07:29:51,164 [INFO]     [start unswap] -> {'max_bond': 64, 'max_links': 4, 'total_elems': 134100, 'total_shapes': 2324, 'total_links': 222, 'num_tensors': 56}
2026-08-25 07:29:51,654 [INFO]     [0 | both | 0](candidate_pairs: 28/28 | new_swaps: 0 | total: 0) -> {'max_bond': 64, 'max_links': 4, 'total_elems': 134100, 'total_shapes': 2324, 'total_links': 222, 'num_tensors': 56}
2026-08-25 07:29:54,808 [INFO]     [0 | both | 1](candidate_pairs: 27/27 | new_swaps: 2 | total: 2) -> {'max_bond': 256, 'max_links': 4, 'total_elems': 285596, 'total_shapes': 3112, 'total_links': 222, 'num_tensors': 56}
2026-08-25 07:29:55,300 [INFO]     [0 | left | 0](candidate_pairs: 28/28 | new_swaps: 8 | total: 10) -> {'max_bond': 64, 'max_links': 4, 'total_elems': 130972, 'total_shapes': 2288, 'total_links': 222, 'num_tensors': 56}
2026-08-25 07:29:55,593 [INFO]     [0 | left | 1](candidate_pairs: 27/27 | new_swaps: 13 | total: 23) -> {'max_bond': 64, 'max_links': 4, 'total_elems': 84988, 'total_shapes': 1904, 'total_links': 222, 'num_tensors': 56}
2026-08-25 07:29:55,712 [INFO]     [0 | right | 0](candidate_pairs: 28/28 | new_swaps: 2 | total: 25) -> {'max_bond': 64, 'max_links': 4, 'total_elems': 75580, 'total_shapes': 1800, 'total_links': 222, 'num_tensors': 56}
2026-08-25 07:29:55,837 [INFO]     [0 | right | 1](candidate_pairs: 27/27 | new_swaps: 1 | total: 26) -> {'max_bond': 64, 'max_links': 4, 'total_elems': 74556, 'total_shapes': 1784, 'total_links': 222, 'num_tensors': 56}
2026-08-25 07:29:56,075 [INFO]     [1 | both | 0](candidate_pairs: 28/28 | new_swaps: 4 | total: 4) -> {'max_bond': 64, 'max_links': 4, 'total_elems': 72796, 'total_shapes': 1736, 'total_links': 222, 'num_tensors': 56}
2026-08-25 07:29:56,365 [INFO]     [1 | both | 1](candidate_pairs: 27/27 | new_swaps: 1 | total: 5) -> {'max_bond': 64, 'max_links': 4, 'total_elems': 72028, 'total_shapes': 1720, 'total_links': 222, 'num_tensors': 56}
2026-08-25 07:29:56,485 [INFO]     [1 | left | 0](candidate_pairs: 28/28 | new_swaps: 3 | total: 8) -> {'max_bond': 64, 'max_links': 4, 'total_elems': 63452, 'total_shapes': 1608, 'total_links': 222, 'num_tensors': 56}
2026-08-25 07:29:56,605 [INFO]     [1 | left | 1](candidate_pairs: 27/27 | new_swaps: 1 | total: 9) -> {'max_bond': 64, 'max_links': 4, 'total_elems': 63356, 'total_shapes': 1602, 'total_links': 222, 'num_tensors': 56}
2026-08-25 07:29:56,712 [INFO]     [1 | right | 0](candidate_pairs: 28/28 | new_swaps: 3 | total: 12) -> {'max_bond': 64, 'max_links': 4, 'total_elems': 62524, 'total_shapes': 1578, 'total_links': 222, 'num_tensors': 56}
2026-08-25 07:29:56,794 [INFO]     [1 | right | 1](candidate_pairs: 27/27 | new_swaps: 0 | total: 12) -> {'max_bond': 64, 'max_links': 4, 'total_elems': 62524, 'total_shapes': 1578, 'total_links': 222, 'num_tensors': 56}
2026-08-25 07:29:56,963 [INFO]     [2 | both | 0](candidate_pairs: 28/28 | new_swaps: 0 | total: 0) -> {'max_bond': 64, 'max_links': 4, 'total_elems': 62524, 'total_shapes': 1578, 'total_links': 222, 'num_tensors': 56}
2026-08-25 07:29:57,145 [INFO]     [2 | both | 1](candidate_pairs: 27/27 | new_swaps: 0 | total: 0) -> {'max_bond': 64, 'max_links': 4, 'total_elems': 62524, 'total_shapes': 1578, 'total_links': 222, 'num_tensors': 56}
2026-08-25 07:29:57,217 [INFO]     [2 | left | 0](candidate_pairs: 28/28 | new_swaps: 0 | total: 0) -> {'max_bond': 64, 'max_links': 4, 'total_elems': 62524, 'total_shapes': 1578, 'total_links': 222, 'num_tensors': 56}
2026-08-25 07:29:57,292 [INFO]     [2 | left | 1](candidate_pairs: 27/27 | new_swaps: 0 | total: 0) -> {'max_bond': 64, 'max_links': 4, 'total_elems': 62524, 'total_shapes': 1578, 'total_links': 222, 'num_tensors': 56}
2026-08-25 07:29:57,364 [INFO]     [2 | right | 0](candidate_pairs: 28/28 | new_swaps: 0 | total: 0) -> {'max_bond': 64, 'max_links': 4, 'total_elems': 62524, 'total_shapes': 1578, 'total_links': 222, 'num_tensors': 56}
2026-08-25 07:29:57,446 [INFO]     [2 | right | 1](candidate_pairs: 27/27 | new_swaps: 0 | total: 0) -> {'max_bond': 64, 'max_links': 4, 'total_elems': 62524, 'total_shapes': 1578, 'total_links': 222, 'num_tensors': 56}
2026-08-25 07:29:57,446 [INFO]     [end unswap] -> {'max_bond': 64, 'max_links': 4, 'total_elems': 62524, 'total_shapes': 1578, 'total_links': 222, 'num_tensors': 56}
2026-08-25 07:29:57,448 [INFO] [start rewire](phase=post_unswap, cycle=57, side=left, layers=1486, trials=20, seed=123, parallel=False, route_candidates=1, route_score=none)
2026-08-25 07:29:58,752 [INFO] [end rewire](phase=post_unswap, cycle=57, side=left, routed_layers=1489, elapsed_s=1.30)
2026-08-25 07:29:58,752 [INFO] [start rewire](phase=post_unswap, cycle=57, side=right, layers=1578, trials=20, seed=123, parallel=False, route_candidates=1, route_score=none)
2026-08-25 07:30:00,143 [INFO] [end rewire](phase=post_unswap, cycle=57, side=right, routed_layers=1579, elapsed_s=1.39)
2026-08-25 07:30:00,296 [INFO] [1L/1487](swap: 11, u: 0 | c_u: 0 | t_u_l: 86/942 | t_u_r: 93/943 | t_u: 179/1885) -> {'max_bond': 64, 'max_links': 4, 'total_elems': 62524, 'total_shapes': 1578, 'total_links': 222, 'num_tensors': 56}
2026-08-25 07:30:00,380 [INFO] [1R/1577](swap: 5, u: 0 | c_u: 0 | t_u_l: 86/942 | t_u_r: 93/943 | t_u: 179/1885) -> {'max_bond': 64, 'max_links': 4, 'total_elems': 75772, 'total_shapes': 1762, 'total_links': 222, 'num_tensors': 56}
2026-08-25 07:30:00,485 [INFO] [2L/1487](swap: 11, u: 0 | c_u: 0 | t_u_l: 86/942 | t_u_r: 93/943 | t_u: 179/1885) -> {'max_bond': 64, 'max_links': 4, 'total_elems': 84612, 'total_shapes': 1908, 'total_links': 222, 'num_tensors': 56}
2026-08-25 07:30:00,619 [INFO] [3L/1487](swap: 10, u: 0 | c_u: 0 | t_u_l: 86/942 | t_u_r: 93/943 | t_u: 179/1885) -> {'max_bond': 64, 'max_links': 4, 'total_elems': 134100, 'total_shapes': 2324, 'total_links': 222, 'num_tensors': 56}
2026-08-25 07:30:00,850 [INFO]     [start unswap] -> {'max_bond': 64, 'max_links': 4, 'total_elems': 134100, 'total_shapes': 2324, 'total_links': 222, 'num_tensors': 56}
2026-08-25 07:30:01,326 [INFO]     [0 | both | 0](candidate_pairs: 28/28 | new_swaps: 0 | total: 0) -> {'max_bond': 64, 'max_links': 4, 'total_elems': 134100, 'total_shapes': 2324, 'total_links': 222, 'num_tensors': 56}
2026-08-25 07:30:04,507 [INFO]     [0 | both | 1](candidate_pairs: 27/27 | new_swaps: 2 | total: 2) -> {'max_bond': 256, 'max_links': 4, 'total_elems': 285596, 'total_shapes': 3112, 'total_links': 222, 'num_tensors': 56}
2026-08-25 07:30:04,999 [INFO]     [0 | left | 0](candidate_pairs: 28/28 | new_swaps: 8 | total: 10) -> {'max_bond': 64, 'max_links': 4, 'total_elems': 130972, 'total_shapes': 2288, 'total_links': 222, 'num_tensors': 56}
2026-08-25 07:30:05,297 [INFO]     [0 | left | 1](candidate_pairs: 27/27 | new_swaps: 13 | total: 23) -> {'max_bond': 64, 'max_links': 4, 'total_elems': 84988, 'total_shapes': 1904, 'total_links': 222, 'num_tensors': 56}
2026-08-25 07:30:05,400 [INFO]     [0 | right | 0](candidate_pairs: 28/28 | new_swaps: 2 | total: 25) -> {'max_bond': 64, 'max_links': 4, 'total_elems': 75580, 'total_shapes': 1800, 'total_links': 222, 'num_tensors': 56}
2026-08-25 07:30:05,530 [INFO]     [0 | right | 1](candidate_pairs: 27/27 | new_swaps: 1 | total: 26) -> {'max_bond': 64, 'max_links': 4, 'total_elems': 74556, 'total_shapes': 1784, 'total_links': 222, 'num_tensors': 56}
2026-08-25 07:30:05,754 [INFO]     [1 | both | 0](candidate_pairs: 28/28 | new_swaps: 4 | total: 4) -> {'max_bond': 64, 'max_links': 4, 'total_elems': 72796, 'total_shapes': 1736, 'total_links': 222, 'num_tensors': 56}
2026-08-25 07:30:06,023 [INFO]     [1 | both | 1](candidate_pairs: 27/27 | new_swaps: 1 | total: 5) -> {'max_bond': 64, 'max_links': 4, 'total_elems': 72028, 'total_shapes': 1720, 'total_links': 222, 'num_tensors': 56}
2026-08-25 07:30:06,138 [INFO]     [1 | left | 0](candidate_pairs: 28/28 | new_swaps: 3 | total: 8) -> {'max_bond': 64, 'max_links': 4, 'total_elems': 63452, 'total_shapes': 1608, 'total_links': 222, 'num_tensors': 56}
2026-08-25 07:30:06,239 [INFO]     [1 | left | 1](candidate_pairs: 27/27 | new_swaps: 1 | total: 9) -> {'max_bond': 64, 'max_links': 4, 'total_elems': 63356, 'total_shapes': 1602, 'total_links': 222, 'num_tensors': 56}
2026-08-25 07:30:06,332 [INFO]     [1 | right | 0](candidate_pairs: 28/28 | new_swaps: 3 | total: 12) -> {'max_bond': 64, 'max_links': 4, 'total_elems': 62524, 'total_shapes': 1578, 'total_links': 222, 'num_tensors': 56}
2026-08-25 07:30:06,412 [INFO]     [1 | right | 1](candidate_pairs: 27/27 | new_swaps: 0 | total: 12) -> {'max_bond': 64, 'max_links': 4, 'total_elems': 62524, 'total_shapes': 1578, 'total_links': 222, 'num_tensors': 56}
2026-08-25 07:30:06,570 [INFO]     [2 | both | 0](candidate_pairs: 28/28 | new_swaps: 0 | total: 0) -> {'max_bond': 64, 'max_links': 4, 'total_elems': 62524, 'total_shapes': 1578, 'total_links': 222, 'num_tensors': 56}
2026-08-25 07:30:06,731 [INFO]     [2 | both | 1](candidate_pairs: 27/27 | new_swaps: 0 | total: 0) -> {'max_bond': 64, 'max_links': 4, 'total_elems': 62524, 'total_shapes': 1578, 'total_links': 222, 'num_tensors': 56}
2026-08-25 07:30:06,801 [INFO]     [2 | left | 0](candidate_pairs: 28/28 | new_swaps: 0 | total: 0) -> {'max_bond': 64, 'max_links': 4, 'total_elems': 62524, 'total_shapes': 1578, 'total_links': 222, 'num_tensors': 56}
2026-08-25 07:30:06,879 [INFO]     [2 | left | 1](candidate_pairs: 27/27 | new_swaps: 0 | total: 0) -> {'max_bond': 64, 'max_links': 4, 'total_elems': 62524, 'total_shapes': 1578, 'total_links': 222, 'num_tensors': 56}
2026-08-25 07:30:06,950 [INFO]     [2 | right | 0](candidate_pairs: 28/28 | new_swaps: 0 | total: 0) -> {'max_bond': 64, 'max_links': 4, 'total_elems': 62524, 'total_shapes': 1578, 'total_links': 222, 'num_tensors': 56}
2026-08-25 07:30:07,024 [INFO]     [2 | right | 1](candidate_pairs: 27/27 | new_swaps: 0 | total: 0) -> {'max_bond': 64, 'max_links': 4, 'total_elems': 62524, 'total_shapes': 1578, 'total_links': 222, 'num_tensors': 56}
2026-08-25 07:30:07,024 [INFO]     [end unswap] -> {'max_bond': 64, 'max_links': 4, 'total_elems': 62524, 'total_shapes': 1578, 'total_links': 222, 'num_tensors': 56}
2026-08-25 07:30:07,027 [INFO] [start rewire](phase=post_unswap, cycle=58, side=left, layers=1486, trials=20, seed=123, parallel=False, route_candidates=1, route_score=none)
2026-08-25 07:30:08,702 [INFO] [end rewire](phase=post_unswap, cycle=58, side=left, routed_layers=1489, elapsed_s=1.67)
2026-08-25 07:30:08,702 [INFO] [start rewire](phase=post_unswap, cycle=58, side=right, layers=1578, trials=20, seed=123, parallel=False, route_candidates=1, route_score=none)
2026-08-25 07:30:09,699 [INFO] [end rewire](phase=post_unswap, cycle=58, side=right, routed_layers=1579, elapsed_s=1.00)
2026-08-25 07:30:09,927 [INFO] [1L/1487](swap: 11, u: 0 | c_u: 0 | t_u_l: 86/942 | t_u_r: 93/943 | t_u: 179/1885) -> {'max_bond': 64, 'max_links': 4, 'total_elems': 62524, 'total_shapes': 1578, 'total_links': 222, 'num_tensors': 56}
2026-08-25 07:30:10,005 [INFO] [1R/1577](swap: 5, u: 0 | c_u: 0 | t_u_l: 86/942 | t_u_r: 93/943 | t_u: 179/1885) -> {'max_bond': 64, 'max_links': 4, 'total_elems': 75772, 'total_shapes': 1762, 'total_links': 222, 'num_tensors': 56}
2026-08-25 07:30:10,111 [INFO] [2L/1487](swap: 11, u: 0 | c_u: 0 | t_u_l: 86/942 | t_u_r: 93/943 | t_u: 179/1885) -> {'max_bond': 64, 'max_links': 4, 'total_elems': 84612, 'total_shapes': 1908, 'total_links': 222, 'num_tensors': 56}
2026-08-25 07:30:10,241 [INFO] [3L/1487](swap: 10, u: 0 | c_u: 0 | t_u_l: 86/942 | t_u_r: 93/943 | t_u: 179/1885) -> {'max_bond': 64, 'max_links': 4, 'total_elems': 134100, 'total_shapes': 2324, 'total_links': 222, 'num_tensors': 56}
2026-08-25 07:30:10,464 [INFO]     [start unswap] -> {'max_bond': 64, 'max_links': 4, 'total_elems': 134100, 'total_shapes': 2324, 'total_links': 222, 'num_tensors': 56}
2026-08-25 07:30:10,944 [INFO]     [0 | both | 0](candidate_pairs: 28/28 | new_swaps: 0 | total: 0) -> {'max_bond': 64, 'max_links': 4, 'total_elems': 134100, 'total_shapes': 2324, 'total_links': 222, 'num_tensors': 56}
2026-08-25 07:30:14,109 [INFO]     [0 | both | 1](candidate_pairs: 27/27 | new_swaps: 2 | total: 2) -> {'max_bond': 256, 'max_links': 4, 'total_elems': 285596, 'total_shapes': 3112, 'total_links': 222, 'num_tensors': 56}
2026-08-25 07:30:14,610 [INFO]     [0 | left | 0](candidate_pairs: 28/28 | new_swaps: 8 | total: 10) -> {'max_bond': 64, 'max_links': 4, 'total_elems': 130972, 'total_shapes': 2288, 'total_links': 222, 'num_tensors': 56}
2026-08-25 07:30:14,916 [INFO]     [0 | left | 1](candidate_pairs: 27/27 | new_swaps: 13 | total: 23) -> {'max_bond': 64, 'max_links': 4, 'total_elems': 84988, 'total_shapes': 1904, 'total_links': 222, 'num_tensors': 56}
2026-08-25 07:30:15,032 [INFO]     [0 | right | 0](candidate_pairs: 28/28 | new_swaps: 2 | total: 25) -> {'max_bond': 64, 'max_links': 4, 'total_elems': 75580, 'total_shapes': 1800, 'total_links': 222, 'num_tensors': 56}
2026-08-25 07:30:15,151 [INFO]     [0 | right | 1](candidate_pairs: 27/27 | new_swaps: 1 | total: 26) -> {'max_bond': 64, 'max_links': 4, 'total_elems': 74556, 'total_shapes': 1784, 'total_links': 222, 'num_tensors': 56}
2026-08-25 07:30:15,392 [INFO]     [1 | both | 0](candidate_pairs: 28/28 | new_swaps: 4 | total: 4) -> {'max_bond': 64, 'max_links': 4, 'total_elems': 72796, 'total_shapes': 1736, 'total_links': 222, 'num_tensors': 56}
2026-08-25 07:30:16,355 [INFO]     [1 | both | 1](candidate_pairs: 27/27 | new_swaps: 1 | total: 5) -> {'max_bond': 64, 'max_links': 4, 'total_elems': 72028, 'total_shapes': 1720, 'total_links': 222, 'num_tensors': 56}
2026-08-25 07:30:16,469 [INFO]     [1 | left | 0](candidate_pairs: 28/28 | new_swaps: 3 | total: 8) -> {'max_bond': 64, 'max_links': 4, 'total_elems': 63452, 'total_shapes': 1608, 'total_links': 222, 'num_tensors': 56}
2026-08-25 07:30:16,594 [INFO]     [1 | left | 1](candidate_pairs: 27/27 | new_swaps: 1 | total: 9) -> {'max_bond': 64, 'max_links': 4, 'total_elems': 63356, 'total_shapes': 1602, 'total_links': 222, 'num_tensors': 56}
2026-08-25 07:30:16,689 [INFO]     [1 | right | 0](candidate_pairs: 28/28 | new_swaps: 3 | total: 12) -> {'max_bond': 64, 'max_links': 4, 'total_elems': 62524, 'total_shapes': 1578, 'total_links': 222, 'num_tensors': 56}
2026-08-25 07:30:16,768 [INFO]     [1 | right | 1](candidate_pairs: 27/27 | new_swaps: 0 | total: 12) -> {'max_bond': 64, 'max_links': 4, 'total_elems': 62524, 'total_shapes': 1578, 'total_links': 222, 'num_tensors': 56}
2026-08-25 07:30:16,944 [INFO]     [2 | both | 0](candidate_pairs: 28/28 | new_swaps: 0 | total: 0) -> {'max_bond': 64, 'max_links': 4, 'total_elems': 62524, 'total_shapes': 1578, 'total_links': 222, 'num_tensors': 56}
2026-08-25 07:30:17,106 [INFO]     [2 | both | 1](candidate_pairs: 27/27 | new_swaps: 0 | total: 0) -> {'max_bond': 64, 'max_links': 4, 'total_elems': 62524, 'total_shapes': 1578, 'total_links': 222, 'num_tensors': 56}
2026-08-25 07:30:17,174 [INFO]     [2 | left | 0](candidate_pairs: 28/28 | new_swaps: 0 | total: 0) -> {'max_bond': 64, 'max_links': 4, 'total_elems': 62524, 'total_shapes': 1578, 'total_links': 222, 'num_tensors': 56}
2026-08-25 07:30:17,257 [INFO]     [2 | left | 1](candidate_pairs: 27/27 | new_swaps: 0 | total: 0) -> {'max_bond': 64, 'max_links': 4, 'total_elems': 62524, 'total_shapes': 1578, 'total_links': 222, 'num_tensors': 56}
2026-08-25 07:30:17,323 [INFO]     [2 | right | 0](candidate_pairs: 28/28 | new_swaps: 0 | total: 0) -> {'max_bond': 64, 'max_links': 4, 'total_elems': 62524, 'total_shapes': 1578, 'total_links': 222, 'num_tensors': 56}
2026-08-25 07:30:17,395 [INFO]     [2 | right | 1](candidate_pairs: 27/27 | new_swaps: 0 | total: 0) -> {'max_bond': 64, 'max_links': 4, 'total_elems': 62524, 'total_shapes': 1578, 'total_links': 222, 'num_tensors': 56}
2026-08-25 07:30:17,396 [INFO]     [end unswap] -> {'max_bond': 64, 'max_links': 4, 'total_elems': 62524, 'total_shapes': 1578, 'total_links': 222, 'num_tensors': 56}
2026-08-25 07:30:17,397 [INFO] [start rewire](phase=post_unswap, cycle=59, side=left, layers=1486, trials=20, seed=123, parallel=False, route_candidates=1, route_score=none)
2026-08-25 07:30:18,658 [INFO] [end rewire](phase=post_unswap, cycle=59, side=left, routed_layers=1489, elapsed_s=1.26)
2026-08-25 07:30:18,659 [INFO] [start rewire](phase=post_unswap, cycle=59, side=right, layers=1578, trials=20, seed=123, parallel=False, route_candidates=1, route_score=none)
2026-08-25 07:30:19,674 [INFO] [end rewire](phase=post_unswap, cycle=59, side=right, routed_layers=1579, elapsed_s=1.02)
2026-08-25 07:30:19,820 [INFO] [1L/1487](swap: 11, u: 0 | c_u: 0 | t_u_l: 86/942 | t_u_r: 93/943 | t_u: 179/1885) -> {'max_bond': 64, 'max_links': 4, 'total_elems': 62524, 'total_shapes': 1578, 'total_links': 222, 'num_tensors': 56}
2026-08-25 07:30:19,900 [INFO] [1R/1577](swap: 5, u: 0 | c_u: 0 | t_u_l: 86/942 | t_u_r: 93/943 | t_u: 179/1885) -> {'max_bond': 64, 'max_links': 4, 'total_elems': 75772, 'total_shapes': 1762, 'total_links': 222, 'num_tensors': 56}
2026-08-25 07:30:20,012 [INFO] [2L/1487](swap: 11, u: 0 | c_u: 0 | t_u_l: 86/942 | t_u_r: 93/943 | t_u: 179/1885) -> {'max_bond': 64, 'max_links': 4, 'total_elems': 84612, 'total_shapes': 1908, 'total_links': 222, 'num_tensors': 56}
2026-08-25 07:30:20,150 [INFO] [3L/1487](swap: 10, u: 0 | c_u: 0 | t_u_l: 86/942 | t_u_r: 93/943 | t_u: 179/1885) -> {'max_bond': 64, 'max_links': 4, 'total_elems': 134100, 'total_shapes': 2324, 'total_links': 222, 'num_tensors': 56}
2026-08-25 07:30:20,382 [INFO]     [start unswap] -> {'max_bond': 64, 'max_links': 4, 'total_elems': 134100, 'total_shapes': 2324, 'total_links': 222, 'num_tensors': 56}
2026-08-25 07:30:20,842 [INFO]     [0 | both | 0](candidate_pairs: 28/28 | new_swaps: 0 | total: 0) -> {'max_bond': 64, 'max_links': 4, 'total_elems': 134100, 'total_shapes': 2324, 'total_links': 222, 'num_tensors': 56}
2026-08-25 07:30:23,987 [INFO]     [0 | both | 1](candidate_pairs: 27/27 | new_swaps: 2 | total: 2) -> {'max_bond': 256, 'max_links': 4, 'total_elems': 285596, 'total_shapes': 3112, 'total_links': 222, 'num_tensors': 56}
2026-08-25 07:30:24,474 [INFO]     [0 | left | 0](candidate_pairs: 28/28 | new_swaps: 8 | total: 10) -> {'max_bond': 64, 'max_links': 4, 'total_elems': 130972, 'total_shapes': 2288, 'total_links': 222, 'num_tensors': 56}
2026-08-25 07:30:24,767 [INFO]     [0 | left | 1](candidate_pairs: 27/27 | new_swaps: 13 | total: 23) -> {'max_bond': 64, 'max_links': 4, 'total_elems': 84988, 'total_shapes': 1904, 'total_links': 222, 'num_tensors': 56}
2026-08-25 07:30:24,888 [INFO]     [0 | right | 0](candidate_pairs: 28/28 | new_swaps: 2 | total: 25) -> {'max_bond': 64, 'max_links': 4, 'total_elems': 75580, 'total_shapes': 1800, 'total_links': 222, 'num_tensors': 56}
2026-08-25 07:30:25,018 [INFO]     [0 | right | 1](candidate_pairs: 27/27 | new_swaps: 1 | total: 26) -> {'max_bond': 64, 'max_links': 4, 'total_elems': 74556, 'total_shapes': 1784, 'total_links': 222, 'num_tensors': 56}
2026-08-25 07:30:25,236 [INFO]     [1 | both | 0](candidate_pairs: 28/28 | new_swaps: 4 | total: 4) -> {'max_bond': 64, 'max_links': 4, 'total_elems': 72796, 'total_shapes': 1736, 'total_links': 222, 'num_tensors': 56}
2026-08-25 07:30:25,506 [INFO]     [1 | both | 1](candidate_pairs: 27/27 | new_swaps: 1 | total: 5) -> {'max_bond': 64, 'max_links': 4, 'total_elems': 72028, 'total_shapes': 1720, 'total_links': 222, 'num_tensors': 56}
2026-08-25 07:30:25,611 [INFO]     [1 | left | 0](candidate_pairs: 28/28 | new_swaps: 3 | total: 8) -> {'max_bond': 64, 'max_links': 4, 'total_elems': 63452, 'total_shapes': 1608, 'total_links': 222, 'num_tensors': 56}
2026-08-25 07:30:25,722 [INFO]     [1 | left | 1](candidate_pairs: 27/27 | new_swaps: 1 | total: 9) -> {'max_bond': 64, 'max_links': 4, 'total_elems': 63356, 'total_shapes': 1602, 'total_links': 222, 'num_tensors': 56}
2026-08-25 07:30:25,821 [INFO]     [1 | right | 0](candidate_pairs: 28/28 | new_swaps: 3 | total: 12) -> {'max_bond': 64, 'max_links': 4, 'total_elems': 62524, 'total_shapes': 1578, 'total_links': 222, 'num_tensors': 56}
2026-08-25 07:30:25,896 [INFO]     [1 | right | 1](candidate_pairs: 27/27 | new_swaps: 0 | total: 12) -> {'max_bond': 64, 'max_links': 4, 'total_elems': 62524, 'total_shapes': 1578, 'total_links': 222, 'num_tensors': 56}
2026-08-25 07:30:26,060 [INFO]     [2 | both | 0](candidate_pairs: 28/28 | new_swaps: 0 | total: 0) -> {'max_bond': 64, 'max_links': 4, 'total_elems': 62524, 'total_shapes': 1578, 'total_links': 222, 'num_tensors': 56}
2026-08-25 07:30:26,225 [INFO]     [2 | both | 1](candidate_pairs: 27/27 | new_swaps: 0 | total: 0) -> {'max_bond': 64, 'max_links': 4, 'total_elems': 62524, 'total_shapes': 1578, 'total_links': 222, 'num_tensors': 56}
2026-08-25 07:30:26,296 [INFO]     [2 | left | 0](candidate_pairs: 28/28 | new_swaps: 0 | total: 0) -> {'max_bond': 64, 'max_links': 4, 'total_elems': 62524, 'total_shapes': 1578, 'total_links': 222, 'num_tensors': 56}
2026-08-25 07:30:26,372 [INFO]     [2 | left | 1](candidate_pairs: 27/27 | new_swaps: 0 | total: 0) -> {'max_bond': 64, 'max_links': 4, 'total_elems': 62524, 'total_shapes': 1578, 'total_links': 222, 'num_tensors': 56}
2026-08-25 07:30:26,439 [INFO]     [2 | right | 0](candidate_pairs: 28/28 | new_swaps: 0 | total: 0) -> {'max_bond': 64, 'max_links': 4, 'total_elems': 62524, 'total_shapes': 1578, 'total_links': 222, 'num_tensors': 56}
2026-08-25 07:30:26,515 [INFO]     [2 | right | 1](candidate_pairs: 27/27 | new_swaps: 0 | total: 0) -> {'max_bond': 64, 'max_links': 4, 'total_elems': 62524, 'total_shapes': 1578, 'total_links': 222, 'num_tensors': 56}
2026-08-25 07:30:26,516 [INFO]     [end unswap] -> {'max_bond': 64, 'max_links': 4, 'total_elems': 62524, 'total_shapes': 1578, 'total_links': 222, 'num_tensors': 56}
2026-08-25 07:30:26,518 [INFO] [start rewire](phase=post_unswap, cycle=60, side=left, layers=1486, trials=20, seed=123, parallel=False, route_candidates=1, route_score=none)
2026-08-25 07:30:28,140 [INFO] [end rewire](phase=post_unswap, cycle=60, side=left, routed_layers=1489, elapsed_s=1.62)
2026-08-25 07:30:28,140 [INFO] [start rewire](phase=post_unswap, cycle=60, side=right, layers=1578, trials=20, seed=123, parallel=False, route_candidates=1, route_score=none)
2026-08-25 07:30:29,547 [INFO] [end rewire](phase=post_unswap, cycle=60, side=right, routed_layers=1579, elapsed_s=1.41)
2026-08-25 07:30:29,697 [INFO] [1L/1487](swap: 11, u: 0 | c_u: 0 | t_u_l: 86/942 | t_u_r: 93/943 | t_u: 179/1885) -> {'max_bond': 64, 'max_links': 4, 'total_elems': 62524, 'total_shapes': 1578, 'total_links': 222, 'num_tensors': 56}
2026-08-25 07:30:29,787 [INFO] [1R/1577](swap: 5, u: 0 | c_u: 0 | t_u_l: 86/942 | t_u_r: 93/943 | t_u: 179/1885) -> {'max_bond': 64, 'max_links': 4, 'total_elems': 75772, 'total_shapes': 1762, 'total_links': 222, 'num_tensors': 56}
2026-08-25 07:30:29,900 [INFO] [2L/1487](swap: 11, u: 0 | c_u: 0 | t_u_l: 86/942 | t_u_r: 93/943 | t_u: 179/1885) -> {'max_bond': 64, 'max_links': 4, 'total_elems': 84612, 'total_shapes': 1908, 'total_links': 222, 'num_tensors': 56}
2026-08-25 07:30:30,036 [INFO] [3L/1487](swap: 10, u: 0 | c_u: 0 | t_u_l: 86/942 | t_u_r: 93/943 | t_u: 179/1885) -> {'max_bond': 64, 'max_links': 4, 'total_elems': 134100, 'total_shapes': 2324, 'total_links': 222, 'num_tensors': 56}
2026-08-25 07:30:30,265 [INFO]     [start unswap] -> {'max_bond': 64, 'max_links': 4, 'total_elems': 134100, 'total_shapes': 2324, 'total_links': 222, 'num_tensors': 56}
2026-08-25 07:30:30,742 [INFO]     [0 | both | 0](candidate_pairs: 28/28 | new_swaps: 0 | total: 0) -> {'max_bond': 64, 'max_links': 4, 'total_elems': 134100, 'total_shapes': 2324, 'total_links': 222, 'num_tensors': 56}
2026-08-25 07:30:33,936 [INFO]     [0 | both | 1](candidate_pairs: 27/27 | new_swaps: 2 | total: 2) -> {'max_bond': 256, 'max_links': 4, 'total_elems': 285596, 'total_shapes': 3112, 'total_links': 222, 'num_tensors': 56}
2026-08-25 07:30:34,439 [INFO]     [0 | left | 0](candidate_pairs: 28/28 | new_swaps: 8 | total: 10) -> {'max_bond': 64, 'max_links': 4, 'total_elems': 130972, 'total_shapes': 2288, 'total_links': 222, 'num_tensors': 56}
2026-08-25 07:30:34,740 [INFO]     [0 | left | 1](candidate_pairs: 27/27 | new_swaps: 13 | total: 23) -> {'max_bond': 64, 'max_links': 4, 'total_elems': 84988, 'total_shapes': 1904, 'total_links': 222, 'num_tensors': 56}
2026-08-25 07:30:34,851 [INFO]     [0 | right | 0](candidate_pairs: 28/28 | new_swaps: 2 | total: 25) -> {'max_bond': 64, 'max_links': 4, 'total_elems': 75580, 'total_shapes': 1800, 'total_links': 222, 'num_tensors': 56}
2026-08-25 07:30:34,990 [INFO]     [0 | right | 1](candidate_pairs: 27/27 | new_swaps: 1 | total: 26) -> {'max_bond': 64, 'max_links': 4, 'total_elems': 74556, 'total_shapes': 1784, 'total_links': 222, 'num_tensors': 56}
2026-08-25 07:30:35,210 [INFO]     [1 | both | 0](candidate_pairs: 28/28 | new_swaps: 4 | total: 4) -> {'max_bond': 64, 'max_links': 4, 'total_elems': 72796, 'total_shapes': 1736, 'total_links': 222, 'num_tensors': 56}
2026-08-25 07:30:35,489 [INFO]     [1 | both | 1](candidate_pairs: 27/27 | new_swaps: 1 | total: 5) -> {'max_bond': 64, 'max_links': 4, 'total_elems': 72028, 'total_shapes': 1720, 'total_links': 222, 'num_tensors': 56}
2026-08-25 07:30:35,599 [INFO]     [1 | left | 0](candidate_pairs: 28/28 | new_swaps: 3 | total: 8) -> {'max_bond': 64, 'max_links': 4, 'total_elems': 63452, 'total_shapes': 1608, 'total_links': 222, 'num_tensors': 56}
2026-08-25 07:30:35,700 [INFO]     [1 | left | 1](candidate_pairs: 27/27 | new_swaps: 1 | total: 9) -> {'max_bond': 64, 'max_links': 4, 'total_elems': 63356, 'total_shapes': 1602, 'total_links': 222, 'num_tensors': 56}
2026-08-25 07:30:35,794 [INFO]     [1 | right | 0](candidate_pairs: 28/28 | new_swaps: 3 | total: 12) -> {'max_bond': 64, 'max_links': 4, 'total_elems': 62524, 'total_shapes': 1578, 'total_links': 222, 'num_tensors': 56}
2026-08-25 07:30:35,876 [INFO]     [1 | right | 1](candidate_pairs: 27/27 | new_swaps: 0 | total: 12) -> {'max_bond': 64, 'max_links': 4, 'total_elems': 62524, 'total_shapes': 1578, 'total_links': 222, 'num_tensors': 56}
2026-08-25 07:30:36,037 [INFO]     [2 | both | 0](candidate_pairs: 28/28 | new_swaps: 0 | total: 0) -> {'max_bond': 64, 'max_links': 4, 'total_elems': 62524, 'total_shapes': 1578, 'total_links': 222, 'num_tensors': 56}
2026-08-25 07:30:36,199 [INFO]     [2 | both | 1](candidate_pairs: 27/27 | new_swaps: 0 | total: 0) -> {'max_bond': 64, 'max_links': 4, 'total_elems': 62524, 'total_shapes': 1578, 'total_links': 222, 'num_tensors': 56}
2026-08-25 07:30:36,270 [INFO]     [2 | left | 0](candidate_pairs: 28/28 | new_swaps: 0 | total: 0) -> {'max_bond': 64, 'max_links': 4, 'total_elems': 62524, 'total_shapes': 1578, 'total_links': 222, 'num_tensors': 56}
2026-08-25 07:30:36,348 [INFO]     [2 | left | 1](candidate_pairs: 27/27 | new_swaps: 0 | total: 0) -> {'max_bond': 64, 'max_links': 4, 'total_elems': 62524, 'total_shapes': 1578, 'total_links': 222, 'num_tensors': 56}
2026-08-25 07:30:36,423 [INFO]     [2 | right | 0](candidate_pairs: 28/28 | new_swaps: 0 | total: 0) -> {'max_bond': 64, 'max_links': 4, 'total_elems': 62524, 'total_shapes': 1578, 'total_links': 222, 'num_tensors': 56}
2026-08-25 07:30:36,510 [INFO]     [2 | right | 1](candidate_pairs: 27/27 | new_swaps: 0 | total: 0) -> {'max_bond': 64, 'max_links': 4, 'total_elems': 62524, 'total_shapes': 1578, 'total_links': 222, 'num_tensors': 56}
2026-08-25 07:30:36,510 [INFO]     [end unswap] -> {'max_bond': 64, 'max_links': 4, 'total_elems': 62524, 'total_shapes': 1578, 'total_links': 222, 'num_tensors': 56}
2026-08-25 07:30:36,512 [INFO] [start rewire](phase=post_unswap, cycle=61, side=left, layers=1486, trials=20, seed=123, parallel=False, route_candidates=1, route_score=none)
2026-08-25 07:30:38,182 [INFO] [end rewire](phase=post_unswap, cycle=61, side=left, routed_layers=1489, elapsed_s=1.67)
2026-08-25 07:30:38,182 [INFO] [start rewire](phase=post_unswap, cycle=61, side=right, layers=1578, trials=20, seed=123, parallel=False, route_candidates=1, route_score=none)
2026-08-25 07:30:39,180 [INFO] [end rewire](phase=post_unswap, cycle=61, side=right, routed_layers=1579, elapsed_s=1.00)
2026-08-25 07:30:39,342 [INFO] [1L/1487](swap: 11, u: 0 | c_u: 0 | t_u_l: 86/942 | t_u_r: 93/943 | t_u: 179/1885) -> {'max_bond': 64, 'max_links': 4, 'total_elems': 62524, 'total_shapes': 1578, 'total_links': 222, 'num_tensors': 56}
2026-08-25 07:30:39,426 [INFO] [1R/1577](swap: 5, u: 0 | c_u: 0 | t_u_l: 86/942 | t_u_r: 93/943 | t_u: 179/1885) -> {'max_bond': 64, 'max_links': 4, 'total_elems': 75772, 'total_shapes': 1762, 'total_links': 222, 'num_tensors': 56}
2026-08-25 07:30:39,531 [INFO] [2L/1487](swap: 11, u: 0 | c_u: 0 | t_u_l: 86/942 | t_u_r: 93/943 | t_u: 179/1885) -> {'max_bond': 64, 'max_links': 4, 'total_elems': 84612, 'total_shapes': 1908, 'total_links': 222, 'num_tensors': 56}
2026-08-25 07:30:39,667 [INFO] [3L/1487](swap: 10, u: 0 | c_u: 0 | t_u_l: 86/942 | t_u_r: 93/943 | t_u: 179/1885) -> {'max_bond': 64, 'max_links': 4, 'total_elems': 134100, 'total_shapes': 2324, 'total_links': 222, 'num_tensors': 56}
2026-08-25 07:30:39,907 [INFO]     [start unswap] -> {'max_bond': 64, 'max_links': 4, 'total_elems': 134100, 'total_shapes': 2324, 'total_links': 222, 'num_tensors': 56}
2026-08-25 07:30:40,395 [INFO]     [0 | both | 0](candidate_pairs: 28/28 | new_swaps: 0 | total: 0) -> {'max_bond': 64, 'max_links': 4, 'total_elems': 134100, 'total_shapes': 2324, 'total_links': 222, 'num_tensors': 56}
2026-08-25 07:30:43,556 [INFO]     [0 | both | 1](candidate_pairs: 27/27 | new_swaps: 2 | total: 2) -> {'max_bond': 256, 'max_links': 4, 'total_elems': 285596, 'total_shapes': 3112, 'total_links': 222, 'num_tensors': 56}
2026-08-25 07:30:44,032 [INFO]     [0 | left | 0](candidate_pairs: 28/28 | new_swaps: 8 | total: 10) -> {'max_bond': 64, 'max_links': 4, 'total_elems': 130972, 'total_shapes': 2288, 'total_links': 222, 'num_tensors': 56}
2026-08-25 07:30:44,326 [INFO]     [0 | left | 1](candidate_pairs: 27/27 | new_swaps: 13 | total: 23) -> {'max_bond': 64, 'max_links': 4, 'total_elems': 84988, 'total_shapes': 1904, 'total_links': 222, 'num_tensors': 56}
2026-08-25 07:30:44,430 [INFO]     [0 | right | 0](candidate_pairs: 28/28 | new_swaps: 2 | total: 25) -> {'max_bond': 64, 'max_links': 4, 'total_elems': 75580, 'total_shapes': 1800, 'total_links': 222, 'num_tensors': 56}
2026-08-25 07:30:44,557 [INFO]     [0 | right | 1](candidate_pairs: 27/27 | new_swaps: 1 | total: 26) -> {'max_bond': 64, 'max_links': 4, 'total_elems': 74556, 'total_shapes': 1784, 'total_links': 222, 'num_tensors': 56}
2026-08-25 07:30:44,786 [INFO]     [1 | both | 0](candidate_pairs: 28/28 | new_swaps: 4 | total: 4) -> {'max_bond': 64, 'max_links': 4, 'total_elems': 72796, 'total_shapes': 1736, 'total_links': 222, 'num_tensors': 56}
2026-08-25 07:30:45,062 [INFO]     [1 | both | 1](candidate_pairs: 27/27 | new_swaps: 1 | total: 5) -> {'max_bond': 64, 'max_links': 4, 'total_elems': 72028, 'total_shapes': 1720, 'total_links': 222, 'num_tensors': 56}
2026-08-25 07:30:45,175 [INFO]     [1 | left | 0](candidate_pairs: 28/28 | new_swaps: 3 | total: 8) -> {'max_bond': 64, 'max_links': 4, 'total_elems': 63452, 'total_shapes': 1608, 'total_links': 222, 'num_tensors': 56}
2026-08-25 07:30:45,283 [INFO]     [1 | left | 1](candidate_pairs: 27/27 | new_swaps: 1 | total: 9) -> {'max_bond': 64, 'max_links': 4, 'total_elems': 63356, 'total_shapes': 1602, 'total_links': 222, 'num_tensors': 56}
2026-08-25 07:30:45,388 [INFO]     [1 | right | 0](candidate_pairs: 28/28 | new_swaps: 3 | total: 12) -> {'max_bond': 64, 'max_links': 4, 'total_elems': 62524, 'total_shapes': 1578, 'total_links': 222, 'num_tensors': 56}
2026-08-25 07:30:45,459 [INFO]     [1 | right | 1](candidate_pairs: 27/27 | new_swaps: 0 | total: 12) -> {'max_bond': 64, 'max_links': 4, 'total_elems': 62524, 'total_shapes': 1578, 'total_links': 222, 'num_tensors': 56}
2026-08-25 07:30:45,611 [INFO]     [2 | both | 0](candidate_pairs: 28/28 | new_swaps: 0 | total: 0) -> {'max_bond': 64, 'max_links': 4, 'total_elems': 62524, 'total_shapes': 1578, 'total_links': 222, 'num_tensors': 56}
2026-08-25 07:30:45,776 [INFO]     [2 | both | 1](candidate_pairs: 27/27 | new_swaps: 0 | total: 0) -> {'max_bond': 64, 'max_links': 4, 'total_elems': 62524, 'total_shapes': 1578, 'total_links': 222, 'num_tensors': 56}
2026-08-25 07:30:45,856 [INFO]     [2 | left | 0](candidate_pairs: 28/28 | new_swaps: 0 | total: 0) -> {'max_bond': 64, 'max_links': 4, 'total_elems': 62524, 'total_shapes': 1578, 'total_links': 222, 'num_tensors': 56}
2026-08-25 07:30:45,934 [INFO]     [2 | left | 1](candidate_pairs: 27/27 | new_swaps: 0 | total: 0) -> {'max_bond': 64, 'max_links': 4, 'total_elems': 62524, 'total_shapes': 1578, 'total_links': 222, 'num_tensors': 56}
2026-08-25 07:30:46,012 [INFO]     [2 | right | 0](candidate_pairs: 28/28 | new_swaps: 0 | total: 0) -> {'max_bond': 64, 'max_links': 4, 'total_elems': 62524, 'total_shapes': 1578, 'total_links': 222, 'num_tensors': 56}
2026-08-25 07:30:46,091 [INFO]     [2 | right | 1](candidate_pairs: 27/27 | new_swaps: 0 | total: 0) -> {'max_bond': 64, 'max_links': 4, 'total_elems': 62524, 'total_shapes': 1578, 'total_links': 222, 'num_tensors': 56}
2026-08-25 07:30:46,092 [INFO]     [end unswap] -> {'max_bond': 64, 'max_links': 4, 'total_elems': 62524, 'total_shapes': 1578, 'total_links': 222, 'num_tensors': 56}
2026-08-25 07:30:46,168 [INFO] [start rewire](phase=post_unswap, cycle=62, side=left, layers=1486, trials=20, seed=123, parallel=False, route_candidates=1, route_score=none)
2026-08-25 07:30:47,774 [INFO] [end rewire](phase=post_unswap, cycle=62, side=left, routed_layers=1489, elapsed_s=1.61)
2026-08-25 07:30:47,774 [INFO] [start rewire](phase=post_unswap, cycle=62, side=right, layers=1578, trials=20, seed=123, parallel=False, route_candidates=1, route_score=none)
2026-08-25 07:30:49,159 [INFO] [end rewire](phase=post_unswap, cycle=62, side=right, routed_layers=1579, elapsed_s=1.39)
2026-08-25 07:30:49,311 [INFO] [1L/1487](swap: 11, u: 0 | c_u: 0 | t_u_l: 86/942 | t_u_r: 93/943 | t_u: 179/1885) -> {'max_bond': 64, 'max_links': 4, 'total_elems': 62524, 'total_shapes': 1578, 'total_links': 222, 'num_tensors': 56}
2026-08-25 07:30:49,396 [INFO] [1R/1577](swap: 5, u: 0 | c_u: 0 | t_u_l: 86/942 | t_u_r: 93/943 | t_u: 179/1885) -> {'max_bond': 64, 'max_links': 4, 'total_elems': 75772, 'total_shapes': 1762, 'total_links': 222, 'num_tensors': 56}
2026-08-25 07:30:49,503 [INFO] [2L/1487](swap: 11, u: 0 | c_u: 0 | t_u_l: 86/942 | t_u_r: 93/943 | t_u: 179/1885) -> {'max_bond': 64, 'max_links': 4, 'total_elems': 84612, 'total_shapes': 1908, 'total_links': 222, 'num_tensors': 56}
2026-08-25 07:30:49,634 [INFO] [3L/1487](swap: 10, u: 0 | c_u: 0 | t_u_l: 86/942 | t_u_r: 93/943 | t_u: 179/1885) -> {'max_bond': 64, 'max_links': 4, 'total_elems': 134100, 'total_shapes': 2324, 'total_links': 222, 'num_tensors': 56}
2026-08-25 07:30:49,863 [INFO]     [start unswap] -> {'max_bond': 64, 'max_links': 4, 'total_elems': 134100, 'total_shapes': 2324, 'total_links': 222, 'num_tensors': 56}
2026-08-25 07:30:50,331 [INFO]     [0 | both | 0](candidate_pairs: 28/28 | new_swaps: 0 | total: 0) -> {'max_bond': 64, 'max_links': 4, 'total_elems': 134100, 'total_shapes': 2324, 'total_links': 222, 'num_tensors': 56}
2026-08-25 07:30:53,496 [INFO]     [0 | both | 1](candidate_pairs: 27/27 | new_swaps: 2 | total: 2) -> {'max_bond': 256, 'max_links': 4, 'total_elems': 285596, 'total_shapes': 3112, 'total_links': 222, 'num_tensors': 56}
2026-08-25 07:30:53,989 [INFO]     [0 | left | 0](candidate_pairs: 28/28 | new_swaps: 8 | total: 10) -> {'max_bond': 64, 'max_links': 4, 'total_elems': 130972, 'total_shapes': 2288, 'total_links': 222, 'num_tensors': 56}
2026-08-25 07:30:54,286 [INFO]     [0 | left | 1](candidate_pairs: 27/27 | new_swaps: 13 | total: 23) -> {'max_bond': 64, 'max_links': 4, 'total_elems': 84988, 'total_shapes': 1904, 'total_links': 222, 'num_tensors': 56}
2026-08-25 07:30:54,386 [INFO]     [0 | right | 0](candidate_pairs: 28/28 | new_swaps: 2 | total: 25) -> {'max_bond': 64, 'max_links': 4, 'total_elems': 75580, 'total_shapes': 1800, 'total_links': 222, 'num_tensors': 56}
2026-08-25 07:30:54,504 [INFO]     [0 | right | 1](candidate_pairs: 27/27 | new_swaps: 1 | total: 26) -> {'max_bond': 64, 'max_links': 4, 'total_elems': 74556, 'total_shapes': 1784, 'total_links': 222, 'num_tensors': 56}
2026-08-25 07:30:54,725 [INFO]     [1 | both | 0](candidate_pairs: 28/28 | new_swaps: 4 | total: 4) -> {'max_bond': 64, 'max_links': 4, 'total_elems': 72796, 'total_shapes': 1736, 'total_links': 222, 'num_tensors': 56}
2026-08-25 07:30:54,988 [INFO]     [1 | both | 1](candidate_pairs: 27/27 | new_swaps: 1 | total: 5) -> {'max_bond': 64, 'max_links': 4, 'total_elems': 72028, 'total_shapes': 1720, 'total_links': 222, 'num_tensors': 56}
2026-08-25 07:30:55,093 [INFO]     [1 | left | 0](candidate_pairs: 28/28 | new_swaps: 3 | total: 8) -> {'max_bond': 64, 'max_links': 4, 'total_elems': 63452, 'total_shapes': 1608, 'total_links': 222, 'num_tensors': 56}
2026-08-25 07:30:55,191 [INFO]     [1 | left | 1](candidate_pairs: 27/27 | new_swaps: 1 | total: 9) -> {'max_bond': 64, 'max_links': 4, 'total_elems': 63356, 'total_shapes': 1602, 'total_links': 222, 'num_tensors': 56}
2026-08-25 07:30:55,289 [INFO]     [1 | right | 0](candidate_pairs: 28/28 | new_swaps: 3 | total: 12) -> {'max_bond': 64, 'max_links': 4, 'total_elems': 62524, 'total_shapes': 1578, 'total_links': 222, 'num_tensors': 56}
2026-08-25 07:30:55,366 [INFO]     [1 | right | 1](candidate_pairs: 27/27 | new_swaps: 0 | total: 12) -> {'max_bond': 64, 'max_links': 4, 'total_elems': 62524, 'total_shapes': 1578, 'total_links': 222, 'num_tensors': 56}
2026-08-25 07:30:55,518 [INFO]     [2 | both | 0](candidate_pairs: 28/28 | new_swaps: 0 | total: 0) -> {'max_bond': 64, 'max_links': 4, 'total_elems': 62524, 'total_shapes': 1578, 'total_links': 222, 'num_tensors': 56}
2026-08-25 07:30:55,687 [INFO]     [2 | both | 1](candidate_pairs: 27/27 | new_swaps: 0 | total: 0) -> {'max_bond': 64, 'max_links': 4, 'total_elems': 62524, 'total_shapes': 1578, 'total_links': 222, 'num_tensors': 56}
2026-08-25 07:30:55,763 [INFO]     [2 | left | 0](candidate_pairs: 28/28 | new_swaps: 0 | total: 0) -> {'max_bond': 64, 'max_links': 4, 'total_elems': 62524, 'total_shapes': 1578, 'total_links': 222, 'num_tensors': 56}
2026-08-25 07:30:55,836 [INFO]     [2 | left | 1](candidate_pairs: 27/27 | new_swaps: 0 | total: 0) -> {'max_bond': 64, 'max_links': 4, 'total_elems': 62524, 'total_shapes': 1578, 'total_links': 222, 'num_tensors': 56}
2026-08-25 07:30:55,900 [INFO]     [2 | right | 0](candidate_pairs: 28/28 | new_swaps: 0 | total: 0) -> {'max_bond': 64, 'max_links': 4, 'total_elems': 62524, 'total_shapes': 1578, 'total_links': 222, 'num_tensors': 56}
2026-08-25 07:30:55,982 [INFO]     [2 | right | 1](candidate_pairs: 27/27 | new_swaps: 0 | total: 0) -> {'max_bond': 64, 'max_links': 4, 'total_elems': 62524, 'total_shapes': 1578, 'total_links': 222, 'num_tensors': 56}
2026-08-25 07:30:55,983 [INFO]     [end unswap] -> {'max_bond': 64, 'max_links': 4, 'total_elems': 62524, 'total_shapes': 1578, 'total_links': 222, 'num_tensors': 56}
2026-08-25 07:30:55,985 [INFO] [start rewire](phase=post_unswap, cycle=63, side=left, layers=1486, trials=20, seed=123, parallel=False, route_candidates=1, route_score=none)
2026-08-25 07:30:57,614 [INFO] [end rewire](phase=post_unswap, cycle=63, side=left, routed_layers=1489, elapsed_s=1.63)
2026-08-25 07:30:57,614 [INFO] [start rewire](phase=post_unswap, cycle=63, side=right, layers=1578, trials=20, seed=123, parallel=False, route_candidates=1, route_score=none)
2026-08-25 07:30:59,027 [INFO] [end rewire](phase=post_unswap, cycle=63, side=right, routed_layers=1579, elapsed_s=1.41)
2026-08-25 07:30:59,177 [INFO] [1L/1487](swap: 11, u: 0 | c_u: 0 | t_u_l: 86/942 | t_u_r: 93/943 | t_u: 179/1885) -> {'max_bond': 64, 'max_links': 4, 'total_elems': 62524, 'total_shapes': 1578, 'total_links': 222, 'num_tensors': 56}
2026-08-25 07:30:59,256 [INFO] [1R/1577](swap: 5, u: 0 | c_u: 0 | t_u_l: 86/942 | t_u_r: 93/943 | t_u: 179/1885) -> {'max_bond': 64, 'max_links': 4, 'total_elems': 75772, 'total_shapes': 1762, 'total_links': 222, 'num_tensors': 56}
2026-08-25 07:30:59,367 [INFO] [2L/1487](swap: 11, u: 0 | c_u: 0 | t_u_l: 86/942 | t_u_r: 93/943 | t_u: 179/1885) -> {'max_bond': 64, 'max_links': 4, 'total_elems': 84612, 'total_shapes': 1908, 'total_links': 222, 'num_tensors': 56}
2026-08-25 07:30:59,498 [INFO] [3L/1487](swap: 10, u: 0 | c_u: 0 | t_u_l: 86/942 | t_u_r: 93/943 | t_u: 179/1885) -> {'max_bond': 64, 'max_links': 4, 'total_elems': 134100, 'total_shapes': 2324, 'total_links': 222, 'num_tensors': 56}
2026-08-25 07:30:59,734 [INFO]     [start unswap] -> {'max_bond': 64, 'max_links': 4, 'total_elems': 134100, 'total_shapes': 2324, 'total_links': 222, 'num_tensors': 56}
2026-08-25 07:31:00,215 [INFO]     [0 | both | 0](candidate_pairs: 28/28 | new_swaps: 0 | total: 0) -> {'max_bond': 64, 'max_links': 4, 'total_elems': 134100, 'total_shapes': 2324, 'total_links': 222, 'num_tensors': 56}
2026-08-25 07:31:03,364 [INFO]     [0 | both | 1](candidate_pairs: 27/27 | new_swaps: 2 | total: 2) -> {'max_bond': 256, 'max_links': 4, 'total_elems': 285596, 'total_shapes': 3112, 'total_links': 222, 'num_tensors': 56}
2026-08-25 07:31:03,853 [INFO]     [0 | left | 0](candidate_pairs: 28/28 | new_swaps: 8 | total: 10) -> {'max_bond': 64, 'max_links': 4, 'total_elems': 130972, 'total_shapes': 2288, 'total_links': 222, 'num_tensors': 56}
2026-08-25 07:31:04,139 [INFO]     [0 | left | 1](candidate_pairs: 27/27 | new_swaps: 13 | total: 23) -> {'max_bond': 64, 'max_links': 4, 'total_elems': 84988, 'total_shapes': 1904, 'total_links': 222, 'num_tensors': 56}
2026-08-25 07:31:04,248 [INFO]     [0 | right | 0](candidate_pairs: 28/28 | new_swaps: 2 | total: 25) -> {'max_bond': 64, 'max_links': 4, 'total_elems': 75580, 'total_shapes': 1800, 'total_links': 222, 'num_tensors': 56}
2026-08-25 07:31:04,369 [INFO]     [0 | right | 1](candidate_pairs: 27/27 | new_swaps: 1 | total: 26) -> {'max_bond': 64, 'max_links': 4, 'total_elems': 74556, 'total_shapes': 1784, 'total_links': 222, 'num_tensors': 56}
2026-08-25 07:31:04,602 [INFO]     [1 | both | 0](candidate_pairs: 28/28 | new_swaps: 4 | total: 4) -> {'max_bond': 64, 'max_links': 4, 'total_elems': 72796, 'total_shapes': 1736, 'total_links': 222, 'num_tensors': 56}
2026-08-25 07:31:04,873 [INFO]     [1 | both | 1](candidate_pairs: 27/27 | new_swaps: 1 | total: 5) -> {'max_bond': 64, 'max_links': 4, 'total_elems': 72028, 'total_shapes': 1720, 'total_links': 222, 'num_tensors': 56}
2026-08-25 07:31:04,983 [INFO]     [1 | left | 0](candidate_pairs: 28/28 | new_swaps: 3 | total: 8) -> {'max_bond': 64, 'max_links': 4, 'total_elems': 63452, 'total_shapes': 1608, 'total_links': 222, 'num_tensors': 56}
2026-08-25 07:31:05,087 [INFO]     [1 | left | 1](candidate_pairs: 27/27 | new_swaps: 1 | total: 9) -> {'max_bond': 64, 'max_links': 4, 'total_elems': 63356, 'total_shapes': 1602, 'total_links': 222, 'num_tensors': 56}
2026-08-25 07:31:05,179 [INFO]     [1 | right | 0](candidate_pairs: 28/28 | new_swaps: 3 | total: 12) -> {'max_bond': 64, 'max_links': 4, 'total_elems': 62524, 'total_shapes': 1578, 'total_links': 222, 'num_tensors': 56}
2026-08-25 07:31:05,260 [INFO]     [1 | right | 1](candidate_pairs: 27/27 | new_swaps: 0 | total: 12) -> {'max_bond': 64, 'max_links': 4, 'total_elems': 62524, 'total_shapes': 1578, 'total_links': 222, 'num_tensors': 56}
2026-08-25 07:31:05,430 [INFO]     [2 | both | 0](candidate_pairs: 28/28 | new_swaps: 0 | total: 0) -> {'max_bond': 64, 'max_links': 4, 'total_elems': 62524, 'total_shapes': 1578, 'total_links': 222, 'num_tensors': 56}
2026-08-25 07:31:05,596 [INFO]     [2 | both | 1](candidate_pairs: 27/27 | new_swaps: 0 | total: 0) -> {'max_bond': 64, 'max_links': 4, 'total_elems': 62524, 'total_shapes': 1578, 'total_links': 222, 'num_tensors': 56}
2026-08-25 07:31:05,670 [INFO]     [2 | left | 0](candidate_pairs: 28/28 | new_swaps: 0 | total: 0) -> {'max_bond': 64, 'max_links': 4, 'total_elems': 62524, 'total_shapes': 1578, 'total_links': 222, 'num_tensors': 56}
2026-08-25 07:31:05,749 [INFO]     [2 | left | 1](candidate_pairs: 27/27 | new_swaps: 0 | total: 0) -> {'max_bond': 64, 'max_links': 4, 'total_elems': 62524, 'total_shapes': 1578, 'total_links': 222, 'num_tensors': 56}
2026-08-25 07:31:05,827 [INFO]     [2 | right | 0](candidate_pairs: 28/28 | new_swaps: 0 | total: 0) -> {'max_bond': 64, 'max_links': 4, 'total_elems': 62524, 'total_shapes': 1578, 'total_links': 222, 'num_tensors': 56}
2026-08-25 07:31:05,906 [INFO]     [2 | right | 1](candidate_pairs: 27/27 | new_swaps: 0 | total: 0) -> {'max_bond': 64, 'max_links': 4, 'total_elems': 62524, 'total_shapes': 1578, 'total_links': 222, 'num_tensors': 56}
2026-08-25 07:31:05,907 [INFO]     [end unswap] -> {'max_bond': 64, 'max_links': 4, 'total_elems': 62524, 'total_shapes': 1578, 'total_links': 222, 'num_tensors': 56}
2026-08-25 07:31:05,909 [INFO] [start rewire](phase=post_unswap, cycle=64, side=left, layers=1486, trials=20, seed=123, parallel=False, route_candidates=1, route_score=none)
2026-08-25 07:31:07,211 [INFO] [end rewire](phase=post_unswap, cycle=64, side=left, routed_layers=1489, elapsed_s=1.30)
2026-08-25 07:31:07,211 [INFO] [start rewire](phase=post_unswap, cycle=64, side=right, layers=1578, trials=20, seed=123, parallel=False, route_candidates=1, route_score=none)
2026-08-25 07:31:08,604 [INFO] [end rewire](phase=post_unswap, cycle=64, side=right, routed_layers=1579, elapsed_s=1.39)
2026-08-25 07:31:08,761 [INFO] [1L/1487](swap: 11, u: 0 | c_u: 0 | t_u_l: 86/942 | t_u_r: 93/943 | t_u: 179/1885) -> {'max_bond': 64, 'max_links': 4, 'total_elems': 62524, 'total_shapes': 1578, 'total_links': 222, 'num_tensors': 56}
2026-08-25 07:31:08,847 [INFO] [1R/1577](swap: 5, u: 0 | c_u: 0 | t_u_l: 86/942 | t_u_r: 93/943 | t_u: 179/1885) -> {'max_bond': 64, 'max_links': 4, 'total_elems': 75772, 'total_shapes': 1762, 'total_links': 222, 'num_tensors': 56}
2026-08-25 07:31:08,960 [INFO] [2L/1487](swap: 11, u: 0 | c_u: 0 | t_u_l: 86/942 | t_u_r: 93/943 | t_u: 179/1885) -> {'max_bond': 64, 'max_links': 4, 'total_elems': 84612, 'total_shapes': 1908, 'total_links': 222, 'num_tensors': 56}
2026-08-25 07:31:09,091 [INFO] [3L/1487](swap: 10, u: 0 | c_u: 0 | t_u_l: 86/942 | t_u_r: 93/943 | t_u: 179/1885) -> {'max_bond': 64, 'max_links': 4, 'total_elems': 134100, 'total_shapes': 2324, 'total_links': 222, 'num_tensors': 56}
2026-08-25 07:31:09,314 [INFO]     [start unswap] -> {'max_bond': 64, 'max_links': 4, 'total_elems': 134100, 'total_shapes': 2324, 'total_links': 222, 'num_tensors': 56}
2026-08-25 07:31:09,792 [INFO]     [0 | both | 0](candidate_pairs: 28/28 | new_swaps: 0 | total: 0) -> {'max_bond': 64, 'max_links': 4, 'total_elems': 134100, 'total_shapes': 2324, 'total_links': 222, 'num_tensors': 56}
2026-08-25 07:31:12,960 [INFO]     [0 | both | 1](candidate_pairs: 27/27 | new_swaps: 2 | total: 2) -> {'max_bond': 256, 'max_links': 4, 'total_elems': 285596, 'total_shapes': 3112, 'total_links': 222, 'num_tensors': 56}
2026-08-25 07:31:13,450 [INFO]     [0 | left | 0](candidate_pairs: 28/28 | new_swaps: 8 | total: 10) -> {'max_bond': 64, 'max_links': 4, 'total_elems': 130972, 'total_shapes': 2288, 'total_links': 222, 'num_tensors': 56}
2026-08-25 07:31:13,743 [INFO]     [0 | left | 1](candidate_pairs: 27/27 | new_swaps: 13 | total: 23) -> {'max_bond': 64, 'max_links': 4, 'total_elems': 84988, 'total_shapes': 1904, 'total_links': 222, 'num_tensors': 56}
2026-08-25 07:31:13,866 [INFO]     [0 | right | 0](candidate_pairs: 28/28 | new_swaps: 2 | total: 25) -> {'max_bond': 64, 'max_links': 4, 'total_elems': 75580, 'total_shapes': 1800, 'total_links': 222, 'num_tensors': 56}
2026-08-25 07:31:13,985 [INFO]     [0 | right | 1](candidate_pairs: 27/27 | new_swaps: 1 | total: 26) -> {'max_bond': 64, 'max_links': 4, 'total_elems': 74556, 'total_shapes': 1784, 'total_links': 222, 'num_tensors': 56}
2026-08-25 07:31:14,213 [INFO]     [1 | both | 0](candidate_pairs: 28/28 | new_swaps: 4 | total: 4) -> {'max_bond': 64, 'max_links': 4, 'total_elems': 72796, 'total_shapes': 1736, 'total_links': 222, 'num_tensors': 56}
2026-08-25 07:31:14,491 [INFO]     [1 | both | 1](candidate_pairs: 27/27 | new_swaps: 1 | total: 5) -> {'max_bond': 64, 'max_links': 4, 'total_elems': 72028, 'total_shapes': 1720, 'total_links': 222, 'num_tensors': 56}
2026-08-25 07:31:14,595 [INFO]     [1 | left | 0](candidate_pairs: 28/28 | new_swaps: 3 | total: 8) -> {'max_bond': 64, 'max_links': 4, 'total_elems': 63452, 'total_shapes': 1608, 'total_links': 222, 'num_tensors': 56}
2026-08-25 07:31:14,703 [INFO]     [1 | left | 1](candidate_pairs: 27/27 | new_swaps: 1 | total: 9) -> {'max_bond': 64, 'max_links': 4, 'total_elems': 63356, 'total_shapes': 1602, 'total_links': 222, 'num_tensors': 56}
2026-08-25 07:31:14,805 [INFO]     [1 | right | 0](candidate_pairs: 28/28 | new_swaps: 3 | total: 12) -> {'max_bond': 64, 'max_links': 4, 'total_elems': 62524, 'total_shapes': 1578, 'total_links': 222, 'num_tensors': 56}
2026-08-25 07:31:14,885 [INFO]     [1 | right | 1](candidate_pairs: 27/27 | new_swaps: 0 | total: 12) -> {'max_bond': 64, 'max_links': 4, 'total_elems': 62524, 'total_shapes': 1578, 'total_links': 222, 'num_tensors': 56}
2026-08-25 07:31:15,057 [INFO]     [2 | both | 0](candidate_pairs: 28/28 | new_swaps: 0 | total: 0) -> {'max_bond': 64, 'max_links': 4, 'total_elems': 62524, 'total_shapes': 1578, 'total_links': 222, 'num_tensors': 56}
2026-08-25 07:31:15,213 [INFO]     [2 | both | 1](candidate_pairs: 27/27 | new_swaps: 0 | total: 0) -> {'max_bond': 64, 'max_links': 4, 'total_elems': 62524, 'total_shapes': 1578, 'total_links': 222, 'num_tensors': 56}
2026-08-25 07:31:15,285 [INFO]     [2 | left | 0](candidate_pairs: 28/28 | new_swaps: 0 | total: 0) -> {'max_bond': 64, 'max_links': 4, 'total_elems': 62524, 'total_shapes': 1578, 'total_links': 222, 'num_tensors': 56}
2026-08-25 07:31:15,370 [INFO]     [2 | left | 1](candidate_pairs: 27/27 | new_swaps: 0 | total: 0) -> {'max_bond': 64, 'max_links': 4, 'total_elems': 62524, 'total_shapes': 1578, 'total_links': 222, 'num_tensors': 56}
2026-08-25 07:31:15,438 [INFO]     [2 | right | 0](candidate_pairs: 28/28 | new_swaps: 0 | total: 0) -> {'max_bond': 64, 'max_links': 4, 'total_elems': 62524, 'total_shapes': 1578, 'total_links': 222, 'num_tensors': 56}
2026-08-25 07:31:15,514 [INFO]     [2 | right | 1](candidate_pairs: 27/27 | new_swaps: 0 | total: 0) -> {'max_bond': 64, 'max_links': 4, 'total_elems': 62524, 'total_shapes': 1578, 'total_links': 222, 'num_tensors': 56}
2026-08-25 07:31:15,515 [INFO]     [end unswap] -> {'max_bond': 64, 'max_links': 4, 'total_elems': 62524, 'total_shapes': 1578, 'total_links': 222, 'num_tensors': 56}
2026-08-25 07:31:15,517 [INFO] [start rewire](phase=post_unswap, cycle=65, side=left, layers=1486, trials=20, seed=123, parallel=False, route_candidates=1, route_score=none)
2026-08-25 07:31:17,169 [INFO] [end rewire](phase=post_unswap, cycle=65, side=left, routed_layers=1489, elapsed_s=1.65)
2026-08-25 07:31:17,169 [INFO] [start rewire](phase=post_unswap, cycle=65, side=right, layers=1578, trials=20, seed=123, parallel=False, route_candidates=1, route_score=none)
2026-08-25 07:31:18,616 [INFO] [end rewire](phase=post_unswap, cycle=65, side=right, routed_layers=1579, elapsed_s=1.45)
2026-08-25 07:31:18,845 [INFO] [1L/1487](swap: 11, u: 0 | c_u: 0 | t_u_l: 86/942 | t_u_r: 93/943 | t_u: 179/1885) -> {'max_bond': 64, 'max_links': 4, 'total_elems': 62524, 'total_shapes': 1578, 'total_links': 222, 'num_tensors': 56}
2026-08-25 07:31:18,919 [INFO] [1R/1577](swap: 5, u: 0 | c_u: 0 | t_u_l: 86/942 | t_u_r: 93/943 | t_u: 179/1885) -> {'max_bond': 64, 'max_links': 4, 'total_elems': 75772, 'total_shapes': 1762, 'total_links': 222, 'num_tensors': 56}
2026-08-25 07:31:19,021 [INFO] [2L/1487](swap: 11, u: 0 | c_u: 0 | t_u_l: 86/942 | t_u_r: 93/943 | t_u: 179/1885) -> {'max_bond': 64, 'max_links': 4, 'total_elems': 84612, 'total_shapes': 1908, 'total_links': 222, 'num_tensors': 56}
2026-08-25 07:31:19,149 [INFO] [3L/1487](swap: 10, u: 0 | c_u: 0 | t_u_l: 86/942 | t_u_r: 93/943 | t_u: 179/1885) -> {'max_bond': 64, 'max_links': 4, 'total_elems': 134100, 'total_shapes': 2324, 'total_links': 222, 'num_tensors': 56}
2026-08-25 07:31:19,378 [INFO]     [start unswap] -> {'max_bond': 64, 'max_links': 4, 'total_elems': 134100, 'total_shapes': 2324, 'total_links': 222, 'num_tensors': 56}
2026-08-25 07:31:19,859 [INFO]     [0 | both | 0](candidate_pairs: 28/28 | new_swaps: 0 | total: 0) -> {'max_bond': 64, 'max_links': 4, 'total_elems': 134100, 'total_shapes': 2324, 'total_links': 222, 'num_tensors': 56}
2026-08-25 07:31:23,008 [INFO]     [0 | both | 1](candidate_pairs: 27/27 | new_swaps: 2 | total: 2) -> {'max_bond': 256, 'max_links': 4, 'total_elems': 285596, 'total_shapes': 3112, 'total_links': 222, 'num_tensors': 56}
2026-08-25 07:31:23,499 [INFO]     [0 | left | 0](candidate_pairs: 28/28 | new_swaps: 8 | total: 10) -> {'max_bond': 64, 'max_links': 4, 'total_elems': 130972, 'total_shapes': 2288, 'total_links': 222, 'num_tensors': 56}
2026-08-25 07:31:23,796 [INFO]     [0 | left | 1](candidate_pairs: 27/27 | new_swaps: 13 | total: 23) -> {'max_bond': 64, 'max_links': 4, 'total_elems': 84988, 'total_shapes': 1904, 'total_links': 222, 'num_tensors': 56}
2026-08-25 07:31:23,903 [INFO]     [0 | right | 0](candidate_pairs: 28/28 | new_swaps: 2 | total: 25) -> {'max_bond': 64, 'max_links': 4, 'total_elems': 75580, 'total_shapes': 1800, 'total_links': 222, 'num_tensors': 56}
2026-08-25 07:31:24,038 [INFO]     [0 | right | 1](candidate_pairs: 27/27 | new_swaps: 1 | total: 26) -> {'max_bond': 64, 'max_links': 4, 'total_elems': 74556, 'total_shapes': 1784, 'total_links': 222, 'num_tensors': 56}
2026-08-25 07:31:24,261 [INFO]     [1 | both | 0](candidate_pairs: 28/28 | new_swaps: 4 | total: 4) -> {'max_bond': 64, 'max_links': 4, 'total_elems': 72796, 'total_shapes': 1736, 'total_links': 222, 'num_tensors': 56}
2026-08-25 07:31:24,542 [INFO]     [1 | both | 1](candidate_pairs: 27/27 | new_swaps: 1 | total: 5) -> {'max_bond': 64, 'max_links': 4, 'total_elems': 72028, 'total_shapes': 1720, 'total_links': 222, 'num_tensors': 56}
2026-08-25 07:31:24,657 [INFO]     [1 | left | 0](candidate_pairs: 28/28 | new_swaps: 3 | total: 8) -> {'max_bond': 64, 'max_links': 4, 'total_elems': 63452, 'total_shapes': 1608, 'total_links': 222, 'num_tensors': 56}
2026-08-25 07:31:24,765 [INFO]     [1 | left | 1](candidate_pairs: 27/27 | new_swaps: 1 | total: 9) -> {'max_bond': 64, 'max_links': 4, 'total_elems': 63356, 'total_shapes': 1602, 'total_links': 222, 'num_tensors': 56}
2026-08-25 07:31:24,859 [INFO]     [1 | right | 0](candidate_pairs: 28/28 | new_swaps: 3 | total: 12) -> {'max_bond': 64, 'max_links': 4, 'total_elems': 62524, 'total_shapes': 1578, 'total_links': 222, 'num_tensors': 56}
2026-08-25 07:31:24,934 [INFO]     [1 | right | 1](candidate_pairs: 27/27 | new_swaps: 0 | total: 12) -> {'max_bond': 64, 'max_links': 4, 'total_elems': 62524, 'total_shapes': 1578, 'total_links': 222, 'num_tensors': 56}
2026-08-25 07:31:25,117 [INFO]     [2 | both | 0](candidate_pairs: 28/28 | new_swaps: 0 | total: 0) -> {'max_bond': 64, 'max_links': 4, 'total_elems': 62524, 'total_shapes': 1578, 'total_links': 222, 'num_tensors': 56}
2026-08-25 07:31:25,282 [INFO]     [2 | both | 1](candidate_pairs: 27/27 | new_swaps: 0 | total: 0) -> {'max_bond': 64, 'max_links': 4, 'total_elems': 62524, 'total_shapes': 1578, 'total_links': 222, 'num_tensors': 56}
2026-08-25 07:31:25,351 [INFO]     [2 | left | 0](candidate_pairs: 28/28 | new_swaps: 0 | total: 0) -> {'max_bond': 64, 'max_links': 4, 'total_elems': 62524, 'total_shapes': 1578, 'total_links': 222, 'num_tensors': 56}
2026-08-25 07:31:25,427 [INFO]     [2 | left | 1](candidate_pairs: 27/27 | new_swaps: 0 | total: 0) -> {'max_bond': 64, 'max_links': 4, 'total_elems': 62524, 'total_shapes': 1578, 'total_links': 222, 'num_tensors': 56}
2026-08-25 07:31:25,499 [INFO]     [2 | right | 0](candidate_pairs: 28/28 | new_swaps: 0 | total: 0) -> {'max_bond': 64, 'max_links': 4, 'total_elems': 62524, 'total_shapes': 1578, 'total_links': 222, 'num_tensors': 56}
2026-08-25 07:31:25,571 [INFO]     [2 | right | 1](candidate_pairs: 27/27 | new_swaps: 0 | total: 0) -> {'max_bond': 64, 'max_links': 4, 'total_elems': 62524, 'total_shapes': 1578, 'total_links': 222, 'num_tensors': 56}
2026-08-25 07:31:25,572 [INFO]     [end unswap] -> {'max_bond': 64, 'max_links': 4, 'total_elems': 62524, 'total_shapes': 1578, 'total_links': 222, 'num_tensors': 56}
2026-08-25 07:31:25,572 [INFO] [start rewire](phase=post_unswap, cycle=66, side=left, layers=1486, trials=20, seed=123, parallel=False, route_candidates=1, route_score=none)
2026-08-25 07:31:26,905 [INFO] [end rewire](phase=post_unswap, cycle=66, side=left, routed_layers=1489, elapsed_s=1.33)
2026-08-25 07:31:26,905 [INFO] [start rewire](phase=post_unswap, cycle=66, side=right, layers=1578, trials=20, seed=123, parallel=False, route_candidates=1, route_score=none)
2026-08-25 07:31:28,315 [INFO] [end rewire](phase=post_unswap, cycle=66, side=right, routed_layers=1579, elapsed_s=1.41)
2026-08-25 07:31:28,466 [INFO] [1L/1487](swap: 11, u: 0 | c_u: 0 | t_u_l: 86/942 | t_u_r: 93/943 | t_u: 179/1885) -> {'max_bond': 64, 'max_links': 4, 'total_elems': 62524, 'total_shapes': 1578, 'total_links': 222, 'num_tensors': 56}
2026-08-25 07:31:28,542 [INFO] [1R/1577](swap: 5, u: 0 | c_u: 0 | t_u_l: 86/942 | t_u_r: 93/943 | t_u: 179/1885) -> {'max_bond': 64, 'max_links': 4, 'total_elems': 75772, 'total_shapes': 1762, 'total_links': 222, 'num_tensors': 56}
2026-08-25 07:31:28,654 [INFO] [2L/1487](swap: 11, u: 0 | c_u: 0 | t_u_l: 86/942 | t_u_r: 93/943 | t_u: 179/1885) -> {'max_bond': 64, 'max_links': 4, 'total_elems': 84612, 'total_shapes': 1908, 'total_links': 222, 'num_tensors': 56}
2026-08-25 07:31:28,789 [INFO] [3L/1487](swap: 10, u: 0 | c_u: 0 | t_u_l: 86/942 | t_u_r: 93/943 | t_u: 179/1885) -> {'max_bond': 64, 'max_links': 4, 'total_elems': 134100, 'total_shapes': 2324, 'total_links': 222, 'num_tensors': 56}
2026-08-25 07:31:29,013 [INFO]     [start unswap] -> {'max_bond': 64, 'max_links': 4, 'total_elems': 134100, 'total_shapes': 2324, 'total_links': 222, 'num_tensors': 56}
2026-08-25 07:31:29,485 [INFO]     [0 | both | 0](candidate_pairs: 28/28 | new_swaps: 0 | total: 0) -> {'max_bond': 64, 'max_links': 4, 'total_elems': 134100, 'total_shapes': 2324, 'total_links': 222, 'num_tensors': 56}
2026-08-25 07:31:32,670 [INFO]     [0 | both | 1](candidate_pairs: 27/27 | new_swaps: 2 | total: 2) -> {'max_bond': 256, 'max_links': 4, 'total_elems': 285596, 'total_shapes': 3112, 'total_links': 222, 'num_tensors': 56}
2026-08-25 07:31:33,166 [INFO]     [0 | left | 0](candidate_pairs: 28/28 | new_swaps: 8 | total: 10) -> {'max_bond': 64, 'max_links': 4, 'total_elems': 130972, 'total_shapes': 2288, 'total_links': 222, 'num_tensors': 56}
2026-08-25 07:31:33,472 [INFO]     [0 | left | 1](candidate_pairs: 27/27 | new_swaps: 13 | total: 23) -> {'max_bond': 64, 'max_links': 4, 'total_elems': 84988, 'total_shapes': 1904, 'total_links': 222, 'num_tensors': 56}
2026-08-25 07:31:33,579 [INFO]     [0 | right | 0](candidate_pairs: 28/28 | new_swaps: 2 | total: 25) -> {'max_bond': 64, 'max_links': 4, 'total_elems': 75580, 'total_shapes': 1800, 'total_links': 222, 'num_tensors': 56}
2026-08-25 07:31:33,707 [INFO]     [0 | right | 1](candidate_pairs: 27/27 | new_swaps: 1 | total: 26) -> {'max_bond': 64, 'max_links': 4, 'total_elems': 74556, 'total_shapes': 1784, 'total_links': 222, 'num_tensors': 56}
2026-08-25 07:31:33,936 [INFO]     [1 | both | 0](candidate_pairs: 28/28 | new_swaps: 4 | total: 4) -> {'max_bond': 64, 'max_links': 4, 'total_elems': 72796, 'total_shapes': 1736, 'total_links': 222, 'num_tensors': 56}
2026-08-25 07:31:34,211 [INFO]     [1 | both | 1](candidate_pairs: 27/27 | new_swaps: 1 | total: 5) -> {'max_bond': 64, 'max_links': 4, 'total_elems': 72028, 'total_shapes': 1720, 'total_links': 222, 'num_tensors': 56}
2026-08-25 07:31:34,316 [INFO]     [1 | left | 0](candidate_pairs: 28/28 | new_swaps: 3 | total: 8) -> {'max_bond': 64, 'max_links': 4, 'total_elems': 63452, 'total_shapes': 1608, 'total_links': 222, 'num_tensors': 56}
2026-08-25 07:31:34,417 [INFO]     [1 | left | 1](candidate_pairs: 27/27 | new_swaps: 1 | total: 9) -> {'max_bond': 64, 'max_links': 4, 'total_elems': 63356, 'total_shapes': 1602, 'total_links': 222, 'num_tensors': 56}
2026-08-25 07:31:34,507 [INFO]     [1 | right | 0](candidate_pairs: 28/28 | new_swaps: 3 | total: 12) -> {'max_bond': 64, 'max_links': 4, 'total_elems': 62524, 'total_shapes': 1578, 'total_links': 222, 'num_tensors': 56}
2026-08-25 07:31:34,588 [INFO]     [1 | right | 1](candidate_pairs: 27/27 | new_swaps: 0 | total: 12) -> {'max_bond': 64, 'max_links': 4, 'total_elems': 62524, 'total_shapes': 1578, 'total_links': 222, 'num_tensors': 56}
2026-08-25 07:31:34,755 [INFO]     [2 | both | 0](candidate_pairs: 28/28 | new_swaps: 0 | total: 0) -> {'max_bond': 64, 'max_links': 4, 'total_elems': 62524, 'total_shapes': 1578, 'total_links': 222, 'num_tensors': 56}
2026-08-25 07:31:34,922 [INFO]     [2 | both | 1](candidate_pairs: 27/27 | new_swaps: 0 | total: 0) -> {'max_bond': 64, 'max_links': 4, 'total_elems': 62524, 'total_shapes': 1578, 'total_links': 222, 'num_tensors': 56}
2026-08-25 07:31:34,989 [INFO]     [2 | left | 0](candidate_pairs: 28/28 | new_swaps: 0 | total: 0) -> {'max_bond': 64, 'max_links': 4, 'total_elems': 62524, 'total_shapes': 1578, 'total_links': 222, 'num_tensors': 56}
2026-08-25 07:31:35,062 [INFO]     [2 | left | 1](candidate_pairs: 27/27 | new_swaps: 0 | total: 0) -> {'max_bond': 64, 'max_links': 4, 'total_elems': 62524, 'total_shapes': 1578, 'total_links': 222, 'num_tensors': 56}
2026-08-25 07:31:35,132 [INFO]     [2 | right | 0](candidate_pairs: 28/28 | new_swaps: 0 | total: 0) -> {'max_bond': 64, 'max_links': 4, 'total_elems': 62524, 'total_shapes': 1578, 'total_links': 222, 'num_tensors': 56}
2026-08-25 07:31:35,211 [INFO]     [2 | right | 1](candidate_pairs: 27/27 | new_swaps: 0 | total: 0) -> {'max_bond': 64, 'max_links': 4, 'total_elems': 62524, 'total_shapes': 1578, 'total_links': 222, 'num_tensors': 56}
2026-08-25 07:31:35,212 [INFO]     [end unswap] -> {'max_bond': 64, 'max_links': 4, 'total_elems': 62524, 'total_shapes': 1578, 'total_links': 222, 'num_tensors': 56}
2026-08-25 07:31:35,214 [INFO] [start rewire](phase=post_unswap, cycle=67, side=left, layers=1486, trials=20, seed=123, parallel=False, route_candidates=1, route_score=none)
2026-08-25 07:31:36,522 [INFO] [end rewire](phase=post_unswap, cycle=67, side=left, routed_layers=1489, elapsed_s=1.31)
2026-08-25 07:31:36,522 [INFO] [start rewire](phase=post_unswap, cycle=67, side=right, layers=1578, trials=20, seed=123, parallel=False, route_candidates=1, route_score=none)
2026-08-25 07:31:37,931 [INFO] [end rewire](phase=post_unswap, cycle=67, side=right, routed_layers=1579, elapsed_s=1.41)
2026-08-25 07:31:38,091 [INFO] [1L/1487](swap: 11, u: 0 | c_u: 0 | t_u_l: 86/942 | t_u_r: 93/943 | t_u: 179/1885) -> {'max_bond': 64, 'max_links': 4, 'total_elems': 62524, 'total_shapes': 1578, 'total_links': 222, 'num_tensors': 56}
2026-08-25 07:31:38,171 [INFO] [1R/1577](swap: 5, u: 0 | c_u: 0 | t_u_l: 86/942 | t_u_r: 93/943 | t_u: 179/1885) -> {'max_bond': 64, 'max_links': 4, 'total_elems': 75772, 'total_shapes': 1762, 'total_links': 222, 'num_tensors': 56}
2026-08-25 07:31:38,270 [INFO] [2L/1487](swap: 11, u: 0 | c_u: 0 | t_u_l: 86/942 | t_u_r: 93/943 | t_u: 179/1885) -> {'max_bond': 64, 'max_links': 4, 'total_elems': 84612, 'total_shapes': 1908, 'total_links': 222, 'num_tensors': 56}
2026-08-25 07:31:38,403 [INFO] [3L/1487](swap: 10, u: 0 | c_u: 0 | t_u_l: 86/942 | t_u_r: 93/943 | t_u: 179/1885) -> {'max_bond': 64, 'max_links': 4, 'total_elems': 134100, 'total_shapes': 2324, 'total_links': 222, 'num_tensors': 56}
2026-08-25 07:31:38,630 [INFO]     [start unswap] -> {'max_bond': 64, 'max_links': 4, 'total_elems': 134100, 'total_shapes': 2324, 'total_links': 222, 'num_tensors': 56}
2026-08-25 07:31:39,096 [INFO]     [0 | both | 0](candidate_pairs: 28/28 | new_swaps: 0 | total: 0) -> {'max_bond': 64, 'max_links': 4, 'total_elems': 134100, 'total_shapes': 2324, 'total_links': 222, 'num_tensors': 56}
2026-08-25 07:31:42,260 [INFO]     [0 | both | 1](candidate_pairs: 27/27 | new_swaps: 2 | total: 2) -> {'max_bond': 256, 'max_links': 4, 'total_elems': 285596, 'total_shapes': 3112, 'total_links': 222, 'num_tensors': 56}
2026-08-25 07:31:42,755 [INFO]     [0 | left | 0](candidate_pairs: 28/28 | new_swaps: 8 | total: 10) -> {'max_bond': 64, 'max_links': 4, 'total_elems': 130972, 'total_shapes': 2288, 'total_links': 222, 'num_tensors': 56}
2026-08-25 07:31:43,049 [INFO]     [0 | left | 1](candidate_pairs: 27/27 | new_swaps: 13 | total: 23) -> {'max_bond': 64, 'max_links': 4, 'total_elems': 84988, 'total_shapes': 1904, 'total_links': 222, 'num_tensors': 56}
2026-08-25 07:31:43,160 [INFO]     [0 | right | 0](candidate_pairs: 28/28 | new_swaps: 2 | total: 25) -> {'max_bond': 64, 'max_links': 4, 'total_elems': 75580, 'total_shapes': 1800, 'total_links': 222, 'num_tensors': 56}
2026-08-25 07:31:43,287 [INFO]     [0 | right | 1](candidate_pairs: 27/27 | new_swaps: 1 | total: 26) -> {'max_bond': 64, 'max_links': 4, 'total_elems': 74556, 'total_shapes': 1784, 'total_links': 222, 'num_tensors': 56}
2026-08-25 07:31:43,511 [INFO]     [1 | both | 0](candidate_pairs: 28/28 | new_swaps: 4 | total: 4) -> {'max_bond': 64, 'max_links': 4, 'total_elems': 72796, 'total_shapes': 1736, 'total_links': 222, 'num_tensors': 56}
2026-08-25 07:31:43,788 [INFO]     [1 | both | 1](candidate_pairs: 27/27 | new_swaps: 1 | total: 5) -> {'max_bond': 64, 'max_links': 4, 'total_elems': 72028, 'total_shapes': 1720, 'total_links': 222, 'num_tensors': 56}
2026-08-25 07:31:43,899 [INFO]     [1 | left | 0](candidate_pairs: 28/28 | new_swaps: 3 | total: 8) -> {'max_bond': 64, 'max_links': 4, 'total_elems': 63452, 'total_shapes': 1608, 'total_links': 222, 'num_tensors': 56}
2026-08-25 07:31:44,014 [INFO]     [1 | left | 1](candidate_pairs: 27/27 | new_swaps: 1 | total: 9) -> {'max_bond': 64, 'max_links': 4, 'total_elems': 63356, 'total_shapes': 1602, 'total_links': 222, 'num_tensors': 56}
2026-08-25 07:31:44,111 [INFO]     [1 | right | 0](candidate_pairs: 28/28 | new_swaps: 3 | total: 12) -> {'max_bond': 64, 'max_links': 4, 'total_elems': 62524, 'total_shapes': 1578, 'total_links': 222, 'num_tensors': 56}
2026-08-25 07:31:44,196 [INFO]     [1 | right | 1](candidate_pairs: 27/27 | new_swaps: 0 | total: 12) -> {'max_bond': 64, 'max_links': 4, 'total_elems': 62524, 'total_shapes': 1578, 'total_links': 222, 'num_tensors': 56}
2026-08-25 07:31:44,356 [INFO]     [2 | both | 0](candidate_pairs: 28/28 | new_swaps: 0 | total: 0) -> {'max_bond': 64, 'max_links': 4, 'total_elems': 62524, 'total_shapes': 1578, 'total_links': 222, 'num_tensors': 56}
2026-08-25 07:31:44,524 [INFO]     [2 | both | 1](candidate_pairs: 27/27 | new_swaps: 0 | total: 0) -> {'max_bond': 64, 'max_links': 4, 'total_elems': 62524, 'total_shapes': 1578, 'total_links': 222, 'num_tensors': 56}
2026-08-25 07:31:44,596 [INFO]     [2 | left | 0](candidate_pairs: 28/28 | new_swaps: 0 | total: 0) -> {'max_bond': 64, 'max_links': 4, 'total_elems': 62524, 'total_shapes': 1578, 'total_links': 222, 'num_tensors': 56}
2026-08-25 07:31:44,677 [INFO]     [2 | left | 1](candidate_pairs: 27/27 | new_swaps: 0 | total: 0) -> {'max_bond': 64, 'max_links': 4, 'total_elems': 62524, 'total_shapes': 1578, 'total_links': 222, 'num_tensors': 56}
2026-08-25 07:31:44,751 [INFO]     [2 | right | 0](candidate_pairs: 28/28 | new_swaps: 0 | total: 0) -> {'max_bond': 64, 'max_links': 4, 'total_elems': 62524, 'total_shapes': 1578, 'total_links': 222, 'num_tensors': 56}
2026-08-25 07:31:44,835 [INFO]     [2 | right | 1](candidate_pairs: 27/27 | new_swaps: 0 | total: 0) -> {'max_bond': 64, 'max_links': 4, 'total_elems': 62524, 'total_shapes': 1578, 'total_links': 222, 'num_tensors': 56}
2026-08-25 07:31:44,835 [INFO]     [end unswap] -> {'max_bond': 64, 'max_links': 4, 'total_elems': 62524, 'total_shapes': 1578, 'total_links': 222, 'num_tensors': 56}
2026-08-25 07:31:44,837 [INFO] [start rewire](phase=post_unswap, cycle=68, side=left, layers=1486, trials=20, seed=123, parallel=False, route_candidates=1, route_score=none)
2026-08-25 07:31:46,526 [INFO] [end rewire](phase=post_unswap, cycle=68, side=left, routed_layers=1489, elapsed_s=1.69)
2026-08-25 07:31:46,526 [INFO] [start rewire](phase=post_unswap, cycle=68, side=right, layers=1578, trials=20, seed=123, parallel=False, route_candidates=1, route_score=none)
2026-08-25 07:31:47,988 [INFO] [end rewire](phase=post_unswap, cycle=68, side=right, routed_layers=1579, elapsed_s=1.46)
2026-08-25 07:31:48,142 [INFO] [1L/1487](swap: 11, u: 0 | c_u: 0 | t_u_l: 86/942 | t_u_r: 93/943 | t_u: 179/1885) -> {'max_bond': 64, 'max_links': 4, 'total_elems': 62524, 'total_shapes': 1578, 'total_links': 222, 'num_tensors': 56}
2026-08-25 07:31:48,223 [INFO] [1R/1577](swap: 5, u: 0 | c_u: 0 | t_u_l: 86/942 | t_u_r: 93/943 | t_u: 179/1885) -> {'max_bond': 64, 'max_links': 4, 'total_elems': 75772, 'total_shapes': 1762, 'total_links': 222, 'num_tensors': 56}
2026-08-25 07:31:48,321 [INFO] [2L/1487](swap: 11, u: 0 | c_u: 0 | t_u_l: 86/942 | t_u_r: 93/943 | t_u: 179/1885) -> {'max_bond': 64, 'max_links': 4, 'total_elems': 84612, 'total_shapes': 1908, 'total_links': 222, 'num_tensors': 56}
2026-08-25 07:31:48,452 [INFO] [3L/1487](swap: 10, u: 0 | c_u: 0 | t_u_l: 86/942 | t_u_r: 93/943 | t_u: 179/1885) -> {'max_bond': 64, 'max_links': 4, 'total_elems': 134100, 'total_shapes': 2324, 'total_links': 222, 'num_tensors': 56}
2026-08-25 07:31:48,685 [INFO]     [start unswap] -> {'max_bond': 64, 'max_links': 4, 'total_elems': 134100, 'total_shapes': 2324, 'total_links': 222, 'num_tensors': 56}
2026-08-25 07:31:49,150 [INFO]     [0 | both | 0](candidate_pairs: 28/28 | new_swaps: 0 | total: 0) -> {'max_bond': 64, 'max_links': 4, 'total_elems': 134100, 'total_shapes': 2324, 'total_links': 222, 'num_tensors': 56}
2026-08-25 07:31:52,330 [INFO]     [0 | both | 1](candidate_pairs: 27/27 | new_swaps: 2 | total: 2) -> {'max_bond': 256, 'max_links': 4, 'total_elems': 285596, 'total_shapes': 3112, 'total_links': 222, 'num_tensors': 56}
2026-08-25 07:31:52,820 [INFO]     [0 | left | 0](candidate_pairs: 28/28 | new_swaps: 8 | total: 10) -> {'max_bond': 64, 'max_links': 4, 'total_elems': 130972, 'total_shapes': 2288, 'total_links': 222, 'num_tensors': 56}
2026-08-25 07:31:53,118 [INFO]     [0 | left | 1](candidate_pairs: 27/27 | new_swaps: 13 | total: 23) -> {'max_bond': 64, 'max_links': 4, 'total_elems': 84988, 'total_shapes': 1904, 'total_links': 222, 'num_tensors': 56}
2026-08-25 07:31:53,232 [INFO]     [0 | right | 0](candidate_pairs: 28/28 | new_swaps: 2 | total: 25) -> {'max_bond': 64, 'max_links': 4, 'total_elems': 75580, 'total_shapes': 1800, 'total_links': 222, 'num_tensors': 56}
2026-08-25 07:31:53,354 [INFO]     [0 | right | 1](candidate_pairs: 27/27 | new_swaps: 1 | total: 26) -> {'max_bond': 64, 'max_links': 4, 'total_elems': 74556, 'total_shapes': 1784, 'total_links': 222, 'num_tensors': 56}
2026-08-25 07:31:53,572 [INFO]     [1 | both | 0](candidate_pairs: 28/28 | new_swaps: 4 | total: 4) -> {'max_bond': 64, 'max_links': 4, 'total_elems': 72796, 'total_shapes': 1736, 'total_links': 222, 'num_tensors': 56}
2026-08-25 07:31:53,861 [INFO]     [1 | both | 1](candidate_pairs: 27/27 | new_swaps: 1 | total: 5) -> {'max_bond': 64, 'max_links': 4, 'total_elems': 72028, 'total_shapes': 1720, 'total_links': 222, 'num_tensors': 56}
2026-08-25 07:31:53,973 [INFO]     [1 | left | 0](candidate_pairs: 28/28 | new_swaps: 3 | total: 8) -> {'max_bond': 64, 'max_links': 4, 'total_elems': 63452, 'total_shapes': 1608, 'total_links': 222, 'num_tensors': 56}
2026-08-25 07:31:54,078 [INFO]     [1 | left | 1](candidate_pairs: 27/27 | new_swaps: 1 | total: 9) -> {'max_bond': 64, 'max_links': 4, 'total_elems': 63356, 'total_shapes': 1602, 'total_links': 222, 'num_tensors': 56}
2026-08-25 07:31:54,168 [INFO]     [1 | right | 0](candidate_pairs: 28/28 | new_swaps: 3 | total: 12) -> {'max_bond': 64, 'max_links': 4, 'total_elems': 62524, 'total_shapes': 1578, 'total_links': 222, 'num_tensors': 56}
2026-08-25 07:31:54,248 [INFO]     [1 | right | 1](candidate_pairs: 27/27 | new_swaps: 0 | total: 12) -> {'max_bond': 64, 'max_links': 4, 'total_elems': 62524, 'total_shapes': 1578, 'total_links': 222, 'num_tensors': 56}
2026-08-25 07:31:54,415 [INFO]     [2 | both | 0](candidate_pairs: 28/28 | new_swaps: 0 | total: 0) -> {'max_bond': 64, 'max_links': 4, 'total_elems': 62524, 'total_shapes': 1578, 'total_links': 222, 'num_tensors': 56}
2026-08-25 07:31:54,587 [INFO]     [2 | both | 1](candidate_pairs: 27/27 | new_swaps: 0 | total: 0) -> {'max_bond': 64, 'max_links': 4, 'total_elems': 62524, 'total_shapes': 1578, 'total_links': 222, 'num_tensors': 56}
2026-08-25 07:31:54,657 [INFO]     [2 | left | 0](candidate_pairs: 28/28 | new_swaps: 0 | total: 0) -> {'max_bond': 64, 'max_links': 4, 'total_elems': 62524, 'total_shapes': 1578, 'total_links': 222, 'num_tensors': 56}
2026-08-25 07:31:54,731 [INFO]     [2 | left | 1](candidate_pairs: 27/27 | new_swaps: 0 | total: 0) -> {'max_bond': 64, 'max_links': 4, 'total_elems': 62524, 'total_shapes': 1578, 'total_links': 222, 'num_tensors': 56}
2026-08-25 07:31:54,797 [INFO]     [2 | right | 0](candidate_pairs: 28/28 | new_swaps: 0 | total: 0) -> {'max_bond': 64, 'max_links': 4, 'total_elems': 62524, 'total_shapes': 1578, 'total_links': 222, 'num_tensors': 56}
2026-08-25 07:31:54,874 [INFO]     [2 | right | 1](candidate_pairs: 27/27 | new_swaps: 0 | total: 0) -> {'max_bond': 64, 'max_links': 4, 'total_elems': 62524, 'total_shapes': 1578, 'total_links': 222, 'num_tensors': 56}
2026-08-25 07:31:54,874 [INFO]     [end unswap] -> {'max_bond': 64, 'max_links': 4, 'total_elems': 62524, 'total_shapes': 1578, 'total_links': 222, 'num_tensors': 56}
2026-08-25 07:31:54,957 [INFO] [start rewire](phase=post_unswap, cycle=69, side=left, layers=1486, trials=20, seed=123, parallel=False, route_candidates=1, route_score=none)
2026-08-25 07:31:56,284 [INFO] [end rewire](phase=post_unswap, cycle=69, side=left, routed_layers=1489, elapsed_s=1.33)
2026-08-25 07:31:56,284 [INFO] [start rewire](phase=post_unswap, cycle=69, side=right, layers=1578, trials=20, seed=123, parallel=False, route_candidates=1, route_score=none)
2026-08-25 07:31:57,701 [INFO] [end rewire](phase=post_unswap, cycle=69, side=right, routed_layers=1579, elapsed_s=1.42)
2026-08-25 07:31:57,862 [INFO] [1L/1487](swap: 11, u: 0 | c_u: 0 | t_u_l: 86/942 | t_u_r: 93/943 | t_u: 179/1885) -> {'max_bond': 64, 'max_links': 4, 'total_elems': 62524, 'total_shapes': 1578, 'total_links': 222, 'num_tensors': 56}
2026-08-25 07:31:57,943 [INFO] [1R/1577](swap: 5, u: 0 | c_u: 0 | t_u_l: 86/942 | t_u_r: 93/943 | t_u: 179/1885) -> {'max_bond': 64, 'max_links': 4, 'total_elems': 75772, 'total_shapes': 1762, 'total_links': 222, 'num_tensors': 56}
2026-08-25 07:31:58,059 [INFO] [2L/1487](swap: 11, u: 0 | c_u: 0 | t_u_l: 86/942 | t_u_r: 93/943 | t_u: 179/1885) -> {'max_bond': 64, 'max_links': 4, 'total_elems': 84612, 'total_shapes': 1908, 'total_links': 222, 'num_tensors': 56}
2026-08-25 07:31:58,194 [INFO] [3L/1487](swap: 10, u: 0 | c_u: 0 | t_u_l: 86/942 | t_u_r: 93/943 | t_u: 179/1885) -> {'max_bond': 64, 'max_links': 4, 'total_elems': 134100, 'total_shapes': 2324, 'total_links': 222, 'num_tensors': 56}
2026-08-25 07:31:58,432 [INFO]     [start unswap] -> {'max_bond': 64, 'max_links': 4, 'total_elems': 134100, 'total_shapes': 2324, 'total_links': 222, 'num_tensors': 56}
2026-08-25 07:31:58,918 [INFO]     [0 | both | 0](candidate_pairs: 28/28 | new_swaps: 0 | total: 0) -> {'max_bond': 64, 'max_links': 4, 'total_elems': 134100, 'total_shapes': 2324, 'total_links': 222, 'num_tensors': 56}
2026-08-25 07:32:02,088 [INFO]     [0 | both | 1](candidate_pairs: 27/27 | new_swaps: 2 | total: 2) -> {'max_bond': 256, 'max_links': 4, 'total_elems': 285596, 'total_shapes': 3112, 'total_links': 222, 'num_tensors': 56}
2026-08-25 07:32:02,590 [INFO]     [0 | left | 0](candidate_pairs: 28/28 | new_swaps: 8 | total: 10) -> {'max_bond': 64, 'max_links': 4, 'total_elems': 130972, 'total_shapes': 2288, 'total_links': 222, 'num_tensors': 56}
2026-08-25 07:32:02,885 [INFO]     [0 | left | 1](candidate_pairs: 27/27 | new_swaps: 13 | total: 23) -> {'max_bond': 64, 'max_links': 4, 'total_elems': 84988, 'total_shapes': 1904, 'total_links': 222, 'num_tensors': 56}
2026-08-25 07:32:02,994 [INFO]     [0 | right | 0](candidate_pairs: 28/28 | new_swaps: 2 | total: 25) -> {'max_bond': 64, 'max_links': 4, 'total_elems': 75580, 'total_shapes': 1800, 'total_links': 222, 'num_tensors': 56}
2026-08-25 07:32:03,112 [INFO]     [0 | right | 1](candidate_pairs: 27/27 | new_swaps: 1 | total: 26) -> {'max_bond': 64, 'max_links': 4, 'total_elems': 74556, 'total_shapes': 1784, 'total_links': 222, 'num_tensors': 56}
2026-08-25 07:32:03,331 [INFO]     [1 | both | 0](candidate_pairs: 28/28 | new_swaps: 4 | total: 4) -> {'max_bond': 64, 'max_links': 4, 'total_elems': 72796, 'total_shapes': 1736, 'total_links': 222, 'num_tensors': 56}
2026-08-25 07:32:03,602 [INFO]     [1 | both | 1](candidate_pairs: 27/27 | new_swaps: 1 | total: 5) -> {'max_bond': 64, 'max_links': 4, 'total_elems': 72028, 'total_shapes': 1720, 'total_links': 222, 'num_tensors': 56}
2026-08-25 07:32:03,720 [INFO]     [1 | left | 0](candidate_pairs: 28/28 | new_swaps: 3 | total: 8) -> {'max_bond': 64, 'max_links': 4, 'total_elems': 63452, 'total_shapes': 1608, 'total_links': 222, 'num_tensors': 56}
2026-08-25 07:32:03,824 [INFO]     [1 | left | 1](candidate_pairs: 27/27 | new_swaps: 1 | total: 9) -> {'max_bond': 64, 'max_links': 4, 'total_elems': 63356, 'total_shapes': 1602, 'total_links': 222, 'num_tensors': 56}
2026-08-25 07:32:03,916 [INFO]     [1 | right | 0](candidate_pairs: 28/28 | new_swaps: 3 | total: 12) -> {'max_bond': 64, 'max_links': 4, 'total_elems': 62524, 'total_shapes': 1578, 'total_links': 222, 'num_tensors': 56}
2026-08-25 07:32:04,000 [INFO]     [1 | right | 1](candidate_pairs: 27/27 | new_swaps: 0 | total: 12) -> {'max_bond': 64, 'max_links': 4, 'total_elems': 62524, 'total_shapes': 1578, 'total_links': 222, 'num_tensors': 56}
2026-08-25 07:32:04,159 [INFO]     [2 | both | 0](candidate_pairs: 28/28 | new_swaps: 0 | total: 0) -> {'max_bond': 64, 'max_links': 4, 'total_elems': 62524, 'total_shapes': 1578, 'total_links': 222, 'num_tensors': 56}
2026-08-25 07:32:04,332 [INFO]     [2 | both | 1](candidate_pairs: 27/27 | new_swaps: 0 | total: 0) -> {'max_bond': 64, 'max_links': 4, 'total_elems': 62524, 'total_shapes': 1578, 'total_links': 222, 'num_tensors': 56}
2026-08-25 07:32:04,404 [INFO]     [2 | left | 0](candidate_pairs: 28/28 | new_swaps: 0 | total: 0) -> {'max_bond': 64, 'max_links': 4, 'total_elems': 62524, 'total_shapes': 1578, 'total_links': 222, 'num_tensors': 56}
2026-08-25 07:32:04,485 [INFO]     [2 | left | 1](candidate_pairs: 27/27 | new_swaps: 0 | total: 0) -> {'max_bond': 64, 'max_links': 4, 'total_elems': 62524, 'total_shapes': 1578, 'total_links': 222, 'num_tensors': 56}
2026-08-25 07:32:04,563 [INFO]     [2 | right | 0](candidate_pairs: 28/28 | new_swaps: 0 | total: 0) -> {'max_bond': 64, 'max_links': 4, 'total_elems': 62524, 'total_shapes': 1578, 'total_links': 222, 'num_tensors': 56}
2026-08-25 07:32:04,644 [INFO]     [2 | right | 1](candidate_pairs: 27/27 | new_swaps: 0 | total: 0) -> {'max_bond': 64, 'max_links': 4, 'total_elems': 62524, 'total_shapes': 1578, 'total_links': 222, 'num_tensors': 56}
2026-08-25 07:32:04,644 [INFO]     [end unswap] -> {'max_bond': 64, 'max_links': 4, 'total_elems': 62524, 'total_shapes': 1578, 'total_links': 222, 'num_tensors': 56}
2026-08-25 07:32:04,645 [INFO] [start rewire](phase=post_unswap, cycle=70, side=left, layers=1486, trials=20, seed=123, parallel=False, route_candidates=1, route_score=none)
2026-08-25 07:32:05,979 [INFO] [end rewire](phase=post_unswap, cycle=70, side=left, routed_layers=1489, elapsed_s=1.33)
2026-08-25 07:32:05,979 [INFO] [start rewire](phase=post_unswap, cycle=70, side=right, layers=1578, trials=20, seed=123, parallel=False, route_candidates=1, route_score=none)
2026-08-25 07:32:07,382 [INFO] [end rewire](phase=post_unswap, cycle=70, side=right, routed_layers=1579, elapsed_s=1.40)
2026-08-25 07:32:07,540 [INFO] [1L/1487](swap: 11, u: 0 | c_u: 0 | t_u_l: 86/942 | t_u_r: 93/943 | t_u: 179/1885) -> {'max_bond': 64, 'max_links': 4, 'total_elems': 62524, 'total_shapes': 1578, 'total_links': 222, 'num_tensors': 56}
2026-08-25 07:32:07,617 [INFO] [1R/1577](swap: 5, u: 0 | c_u: 0 | t_u_l: 86/942 | t_u_r: 93/943 | t_u: 179/1885) -> {'max_bond': 64, 'max_links': 4, 'total_elems': 75772, 'total_shapes': 1762, 'total_links': 222, 'num_tensors': 56}
2026-08-25 07:32:07,727 [INFO] [2L/1487](swap: 11, u: 0 | c_u: 0 | t_u_l: 86/942 | t_u_r: 93/943 | t_u: 179/1885) -> {'max_bond': 64, 'max_links': 4, 'total_elems': 84612, 'total_shapes': 1908, 'total_links': 222, 'num_tensors': 56}
2026-08-25 07:32:07,859 [INFO] [3L/1487](swap: 10, u: 0 | c_u: 0 | t_u_l: 86/942 | t_u_r: 93/943 | t_u: 179/1885) -> {'max_bond': 64, 'max_links': 4, 'total_elems': 134100, 'total_shapes': 2324, 'total_links': 222, 'num_tensors': 56}
2026-08-25 07:32:08,092 [INFO]     [start unswap] -> {'max_bond': 64, 'max_links': 4, 'total_elems': 134100, 'total_shapes': 2324, 'total_links': 222, 'num_tensors': 56}
2026-08-25 07:32:08,564 [INFO]     [0 | both | 0](candidate_pairs: 28/28 | new_swaps: 0 | total: 0) -> {'max_bond': 64, 'max_links': 4, 'total_elems': 134100, 'total_shapes': 2324, 'total_links': 222, 'num_tensors': 56}
2026-08-25 07:32:11,713 [INFO]     [0 | both | 1](candidate_pairs: 27/27 | new_swaps: 2 | total: 2) -> {'max_bond': 256, 'max_links': 4, 'total_elems': 285596, 'total_shapes': 3112, 'total_links': 222, 'num_tensors': 56}
2026-08-25 07:32:12,194 [INFO]     [0 | left | 0](candidate_pairs: 28/28 | new_swaps: 8 | total: 10) -> {'max_bond': 64, 'max_links': 4, 'total_elems': 130972, 'total_shapes': 2288, 'total_links': 222, 'num_tensors': 56}
2026-08-25 07:32:12,501 [INFO]     [0 | left | 1](candidate_pairs: 27/27 | new_swaps: 13 | total: 23) -> {'max_bond': 64, 'max_links': 4, 'total_elems': 84988, 'total_shapes': 1904, 'total_links': 222, 'num_tensors': 56}
2026-08-25 07:32:12,603 [INFO]     [0 | right | 0](candidate_pairs: 28/28 | new_swaps: 2 | total: 25) -> {'max_bond': 64, 'max_links': 4, 'total_elems': 75580, 'total_shapes': 1800, 'total_links': 222, 'num_tensors': 56}
2026-08-25 07:32:12,727 [INFO]     [0 | right | 1](candidate_pairs: 27/27 | new_swaps: 1 | total: 26) -> {'max_bond': 64, 'max_links': 4, 'total_elems': 74556, 'total_shapes': 1784, 'total_links': 222, 'num_tensors': 56}
2026-08-25 07:32:12,952 [INFO]     [1 | both | 0](candidate_pairs: 28/28 | new_swaps: 4 | total: 4) -> {'max_bond': 64, 'max_links': 4, 'total_elems': 72796, 'total_shapes': 1736, 'total_links': 222, 'num_tensors': 56}
2026-08-25 07:32:13,235 [INFO]     [1 | both | 1](candidate_pairs: 27/27 | new_swaps: 1 | total: 5) -> {'max_bond': 64, 'max_links': 4, 'total_elems': 72028, 'total_shapes': 1720, 'total_links': 222, 'num_tensors': 56}
2026-08-25 07:32:13,349 [INFO]     [1 | left | 0](candidate_pairs: 28/28 | new_swaps: 3 | total: 8) -> {'max_bond': 64, 'max_links': 4, 'total_elems': 63452, 'total_shapes': 1608, 'total_links': 222, 'num_tensors': 56}
2026-08-25 07:32:13,455 [INFO]     [1 | left | 1](candidate_pairs: 27/27 | new_swaps: 1 | total: 9) -> {'max_bond': 64, 'max_links': 4, 'total_elems': 63356, 'total_shapes': 1602, 'total_links': 222, 'num_tensors': 56}
2026-08-25 07:32:13,546 [INFO]     [1 | right | 0](candidate_pairs: 28/28 | new_swaps: 3 | total: 12) -> {'max_bond': 64, 'max_links': 4, 'total_elems': 62524, 'total_shapes': 1578, 'total_links': 222, 'num_tensors': 56}
2026-08-25 07:32:13,619 [INFO]     [1 | right | 1](candidate_pairs: 27/27 | new_swaps: 0 | total: 12) -> {'max_bond': 64, 'max_links': 4, 'total_elems': 62524, 'total_shapes': 1578, 'total_links': 222, 'num_tensors': 56}
2026-08-25 07:32:13,771 [INFO]     [2 | both | 0](candidate_pairs: 28/28 | new_swaps: 0 | total: 0) -> {'max_bond': 64, 'max_links': 4, 'total_elems': 62524, 'total_shapes': 1578, 'total_links': 222, 'num_tensors': 56}
2026-08-25 07:32:13,931 [INFO]     [2 | both | 1](candidate_pairs: 27/27 | new_swaps: 0 | total: 0) -> {'max_bond': 64, 'max_links': 4, 'total_elems': 62524, 'total_shapes': 1578, 'total_links': 222, 'num_tensors': 56}
2026-08-25 07:32:13,999 [INFO]     [2 | left | 0](candidate_pairs: 28/28 | new_swaps: 0 | total: 0) -> {'max_bond': 64, 'max_links': 4, 'total_elems': 62524, 'total_shapes': 1578, 'total_links': 222, 'num_tensors': 56}
2026-08-25 07:32:14,077 [INFO]     [2 | left | 1](candidate_pairs: 27/27 | new_swaps: 0 | total: 0) -> {'max_bond': 64, 'max_links': 4, 'total_elems': 62524, 'total_shapes': 1578, 'total_links': 222, 'num_tensors': 56}
2026-08-25 07:32:14,145 [INFO]     [2 | right | 0](candidate_pairs: 28/28 | new_swaps: 0 | total: 0) -> {'max_bond': 64, 'max_links': 4, 'total_elems': 62524, 'total_shapes': 1578, 'total_links': 222, 'num_tensors': 56}
2026-08-25 07:32:14,224 [INFO]     [2 | right | 1](candidate_pairs: 27/27 | new_swaps: 0 | total: 0) -> {'max_bond': 64, 'max_links': 4, 'total_elems': 62524, 'total_shapes': 1578, 'total_links': 222, 'num_tensors': 56}
2026-08-25 07:32:14,224 [INFO]     [end unswap] -> {'max_bond': 64, 'max_links': 4, 'total_elems': 62524, 'total_shapes': 1578, 'total_links': 222, 'num_tensors': 56}
2026-08-25 07:32:14,228 [INFO] [start rewire](phase=post_unswap, cycle=71, side=left, layers=1486, trials=20, seed=123, parallel=False, route_candidates=1, route_score=none)
2026-08-25 07:32:15,917 [INFO] [end rewire](phase=post_unswap, cycle=71, side=left, routed_layers=1489, elapsed_s=1.69)
2026-08-25 07:32:15,917 [INFO] [start rewire](phase=post_unswap, cycle=71, side=right, layers=1578, trials=20, seed=123, parallel=False, route_candidates=1, route_score=none)
2026-08-25 07:32:17,378 [INFO] [end rewire](phase=post_unswap, cycle=71, side=right, routed_layers=1579, elapsed_s=1.46)
2026-08-25 07:32:17,530 [INFO] [1L/1487](swap: 11, u: 0 | c_u: 0 | t_u_l: 86/942 | t_u_r: 93/943 | t_u: 179/1885) -> {'max_bond': 64, 'max_links': 4, 'total_elems': 62524, 'total_shapes': 1578, 'total_links': 222, 'num_tensors': 56}
2026-08-25 07:32:17,623 [INFO] [1R/1577](swap: 5, u: 0 | c_u: 0 | t_u_l: 86/942 | t_u_r: 93/943 | t_u: 179/1885) -> {'max_bond': 64, 'max_links': 4, 'total_elems': 75772, 'total_shapes': 1762, 'total_links': 222, 'num_tensors': 56}
2026-08-25 07:32:17,727 [INFO] [2L/1487](swap: 11, u: 0 | c_u: 0 | t_u_l: 86/942 | t_u_r: 93/943 | t_u: 179/1885) -> {'max_bond': 64, 'max_links': 4, 'total_elems': 84612, 'total_shapes': 1908, 'total_links': 222, 'num_tensors': 56}
2026-08-25 07:32:17,860 [INFO] [3L/1487](swap: 10, u: 0 | c_u: 0 | t_u_l: 86/942 | t_u_r: 93/943 | t_u: 179/1885) -> {'max_bond': 64, 'max_links': 4, 'total_elems': 134100, 'total_shapes': 2324, 'total_links': 222, 'num_tensors': 56}
2026-08-25 07:32:18,084 [INFO]     [start unswap] -> {'max_bond': 64, 'max_links': 4, 'total_elems': 134100, 'total_shapes': 2324, 'total_links': 222, 'num_tensors': 56}
2026-08-25 07:32:18,577 [INFO]     [0 | both | 0](candidate_pairs: 28/28 | new_swaps: 0 | total: 0) -> {'max_bond': 64, 'max_links': 4, 'total_elems': 134100, 'total_shapes': 2324, 'total_links': 222, 'num_tensors': 56}
2026-08-25 07:32:21,711 [INFO]     [0 | both | 1](candidate_pairs: 27/27 | new_swaps: 2 | total: 2) -> {'max_bond': 256, 'max_links': 4, 'total_elems': 285596, 'total_shapes': 3112, 'total_links': 222, 'num_tensors': 56}
2026-08-25 07:32:22,201 [INFO]     [0 | left | 0](candidate_pairs: 28/28 | new_swaps: 8 | total: 10) -> {'max_bond': 64, 'max_links': 4, 'total_elems': 130972, 'total_shapes': 2288, 'total_links': 222, 'num_tensors': 56}
2026-08-25 07:32:22,502 [INFO]     [0 | left | 1](candidate_pairs: 27/27 | new_swaps: 13 | total: 23) -> {'max_bond': 64, 'max_links': 4, 'total_elems': 84988, 'total_shapes': 1904, 'total_links': 222, 'num_tensors': 56}
2026-08-25 07:32:22,611 [INFO]     [0 | right | 0](candidate_pairs: 28/28 | new_swaps: 2 | total: 25) -> {'max_bond': 64, 'max_links': 4, 'total_elems': 75580, 'total_shapes': 1800, 'total_links': 222, 'num_tensors': 56}
2026-08-25 07:32:22,726 [INFO]     [0 | right | 1](candidate_pairs: 27/27 | new_swaps: 1 | total: 26) -> {'max_bond': 64, 'max_links': 4, 'total_elems': 74556, 'total_shapes': 1784, 'total_links': 222, 'num_tensors': 56}
2026-08-25 07:32:22,942 [INFO]     [1 | both | 0](candidate_pairs: 28/28 | new_swaps: 4 | total: 4) -> {'max_bond': 64, 'max_links': 4, 'total_elems': 72796, 'total_shapes': 1736, 'total_links': 222, 'num_tensors': 56}
2026-08-25 07:32:23,217 [INFO]     [1 | both | 1](candidate_pairs: 27/27 | new_swaps: 1 | total: 5) -> {'max_bond': 64, 'max_links': 4, 'total_elems': 72028, 'total_shapes': 1720, 'total_links': 222, 'num_tensors': 56}
2026-08-25 07:32:23,335 [INFO]     [1 | left | 0](candidate_pairs: 28/28 | new_swaps: 3 | total: 8) -> {'max_bond': 64, 'max_links': 4, 'total_elems': 63452, 'total_shapes': 1608, 'total_links': 222, 'num_tensors': 56}
2026-08-25 07:32:23,436 [INFO]     [1 | left | 1](candidate_pairs: 27/27 | new_swaps: 1 | total: 9) -> {'max_bond': 64, 'max_links': 4, 'total_elems': 63356, 'total_shapes': 1602, 'total_links': 222, 'num_tensors': 56}
2026-08-25 07:32:23,531 [INFO]     [1 | right | 0](candidate_pairs: 28/28 | new_swaps: 3 | total: 12) -> {'max_bond': 64, 'max_links': 4, 'total_elems': 62524, 'total_shapes': 1578, 'total_links': 222, 'num_tensors': 56}
2026-08-25 07:32:23,612 [INFO]     [1 | right | 1](candidate_pairs: 27/27 | new_swaps: 0 | total: 12) -> {'max_bond': 64, 'max_links': 4, 'total_elems': 62524, 'total_shapes': 1578, 'total_links': 222, 'num_tensors': 56}
2026-08-25 07:32:23,774 [INFO]     [2 | both | 0](candidate_pairs: 28/28 | new_swaps: 0 | total: 0) -> {'max_bond': 64, 'max_links': 4, 'total_elems': 62524, 'total_shapes': 1578, 'total_links': 222, 'num_tensors': 56}
2026-08-25 07:32:23,930 [INFO]     [2 | both | 1](candidate_pairs: 27/27 | new_swaps: 0 | total: 0) -> {'max_bond': 64, 'max_links': 4, 'total_elems': 62524, 'total_shapes': 1578, 'total_links': 222, 'num_tensors': 56}
2026-08-25 07:32:24,003 [INFO]     [2 | left | 0](candidate_pairs: 28/28 | new_swaps: 0 | total: 0) -> {'max_bond': 64, 'max_links': 4, 'total_elems': 62524, 'total_shapes': 1578, 'total_links': 222, 'num_tensors': 56}
2026-08-25 07:32:24,076 [INFO]     [2 | left | 1](candidate_pairs: 27/27 | new_swaps: 0 | total: 0) -> {'max_bond': 64, 'max_links': 4, 'total_elems': 62524, 'total_shapes': 1578, 'total_links': 222, 'num_tensors': 56}
2026-08-25 07:32:24,142 [INFO]     [2 | right | 0](candidate_pairs: 28/28 | new_swaps: 0 | total: 0) -> {'max_bond': 64, 'max_links': 4, 'total_elems': 62524, 'total_shapes': 1578, 'total_links': 222, 'num_tensors': 56}
2026-08-25 07:32:24,220 [INFO]     [2 | right | 1](candidate_pairs: 27/27 | new_swaps: 0 | total: 0) -> {'max_bond': 64, 'max_links': 4, 'total_elems': 62524, 'total_shapes': 1578, 'total_links': 222, 'num_tensors': 56}
2026-08-25 07:32:24,220 [INFO]     [end unswap] -> {'max_bond': 64, 'max_links': 4, 'total_elems': 62524, 'total_shapes': 1578, 'total_links': 222, 'num_tensors': 56}
2026-08-25 07:32:24,223 [INFO] [start rewire](phase=post_unswap, cycle=72, side=left, layers=1486, trials=20, seed=123, parallel=False, route_candidates=1, route_score=none)
2026-08-25 07:32:25,572 [INFO] [end rewire](phase=post_unswap, cycle=72, side=left, routed_layers=1489, elapsed_s=1.35)
2026-08-25 07:32:25,572 [INFO] [start rewire](phase=post_unswap, cycle=72, side=right, layers=1578, trials=20, seed=123, parallel=False, route_candidates=1, route_score=none)
2026-08-25 07:32:26,986 [INFO] [end rewire](phase=post_unswap, cycle=72, side=right, routed_layers=1579, elapsed_s=1.41)
2026-08-25 07:32:27,229 [INFO] [1L/1487](swap: 11, u: 0 | c_u: 0 | t_u_l: 86/942 | t_u_r: 93/943 | t_u: 179/1885) -> {'max_bond': 64, 'max_links': 4, 'total_elems': 62524, 'total_shapes': 1578, 'total_links': 222, 'num_tensors': 56}
2026-08-25 07:32:27,315 [INFO] [1R/1577](swap: 5, u: 0 | c_u: 0 | t_u_l: 86/942 | t_u_r: 93/943 | t_u: 179/1885) -> {'max_bond': 64, 'max_links': 4, 'total_elems': 75772, 'total_shapes': 1762, 'total_links': 222, 'num_tensors': 56}
2026-08-25 07:32:27,420 [INFO] [2L/1487](swap: 11, u: 0 | c_u: 0 | t_u_l: 86/942 | t_u_r: 93/943 | t_u: 179/1885) -> {'max_bond': 64, 'max_links': 4, 'total_elems': 84612, 'total_shapes': 1908, 'total_links': 222, 'num_tensors': 56}
2026-08-25 07:32:27,552 [INFO] [3L/1487](swap: 10, u: 0 | c_u: 0 | t_u_l: 86/942 | t_u_r: 93/943 | t_u: 179/1885) -> {'max_bond': 64, 'max_links': 4, 'total_elems': 134100, 'total_shapes': 2324, 'total_links': 222, 'num_tensors': 56}
2026-08-25 07:32:27,780 [INFO]     [start unswap] -> {'max_bond': 64, 'max_links': 4, 'total_elems': 134100, 'total_shapes': 2324, 'total_links': 222, 'num_tensors': 56}
2026-08-25 07:32:28,239 [INFO]     [0 | both | 0](candidate_pairs: 28/28 | new_swaps: 0 | total: 0) -> {'max_bond': 64, 'max_links': 4, 'total_elems': 134100, 'total_shapes': 2324, 'total_links': 222, 'num_tensors': 56}
2026-08-25 07:32:31,382 [INFO]     [0 | both | 1](candidate_pairs: 27/27 | new_swaps: 2 | total: 2) -> {'max_bond': 256, 'max_links': 4, 'total_elems': 285596, 'total_shapes': 3112, 'total_links': 222, 'num_tensors': 56}
2026-08-25 07:32:31,866 [INFO]     [0 | left | 0](candidate_pairs: 28/28 | new_swaps: 8 | total: 10) -> {'max_bond': 64, 'max_links': 4, 'total_elems': 130972, 'total_shapes': 2288, 'total_links': 222, 'num_tensors': 56}
2026-08-25 07:32:32,151 [INFO]     [0 | left | 1](candidate_pairs: 27/27 | new_swaps: 13 | total: 23) -> {'max_bond': 64, 'max_links': 4, 'total_elems': 84988, 'total_shapes': 1904, 'total_links': 222, 'num_tensors': 56}
2026-08-25 07:32:32,250 [INFO]     [0 | right | 0](candidate_pairs: 28/28 | new_swaps: 2 | total: 25) -> {'max_bond': 64, 'max_links': 4, 'total_elems': 75580, 'total_shapes': 1800, 'total_links': 222, 'num_tensors': 56}
2026-08-25 07:32:32,369 [INFO]     [0 | right | 1](candidate_pairs: 27/27 | new_swaps: 1 | total: 26) -> {'max_bond': 64, 'max_links': 4, 'total_elems': 74556, 'total_shapes': 1784, 'total_links': 222, 'num_tensors': 56}
2026-08-25 07:32:32,578 [INFO]     [1 | both | 0](candidate_pairs: 28/28 | new_swaps: 4 | total: 4) -> {'max_bond': 64, 'max_links': 4, 'total_elems': 72796, 'total_shapes': 1736, 'total_links': 222, 'num_tensors': 56}
2026-08-25 07:32:32,842 [INFO]     [1 | both | 1](candidate_pairs: 27/27 | new_swaps: 1 | total: 5) -> {'max_bond': 64, 'max_links': 4, 'total_elems': 72028, 'total_shapes': 1720, 'total_links': 222, 'num_tensors': 56}
2026-08-25 07:32:32,948 [INFO]     [1 | left | 0](candidate_pairs: 28/28 | new_swaps: 3 | total: 8) -> {'max_bond': 64, 'max_links': 4, 'total_elems': 63452, 'total_shapes': 1608, 'total_links': 222, 'num_tensors': 56}
2026-08-25 07:32:33,049 [INFO]     [1 | left | 1](candidate_pairs: 27/27 | new_swaps: 1 | total: 9) -> {'max_bond': 64, 'max_links': 4, 'total_elems': 63356, 'total_shapes': 1602, 'total_links': 222, 'num_tensors': 56}
2026-08-25 07:32:33,146 [INFO]     [1 | right | 0](candidate_pairs: 28/28 | new_swaps: 3 | total: 12) -> {'max_bond': 64, 'max_links': 4, 'total_elems': 62524, 'total_shapes': 1578, 'total_links': 222, 'num_tensors': 56}
2026-08-25 07:32:33,222 [INFO]     [1 | right | 1](candidate_pairs: 27/27 | new_swaps: 0 | total: 12) -> {'max_bond': 64, 'max_links': 4, 'total_elems': 62524, 'total_shapes': 1578, 'total_links': 222, 'num_tensors': 56}
2026-08-25 07:32:33,380 [INFO]     [2 | both | 0](candidate_pairs: 28/28 | new_swaps: 0 | total: 0) -> {'max_bond': 64, 'max_links': 4, 'total_elems': 62524, 'total_shapes': 1578, 'total_links': 222, 'num_tensors': 56}
2026-08-25 07:32:33,536 [INFO]     [2 | both | 1](candidate_pairs: 27/27 | new_swaps: 0 | total: 0) -> {'max_bond': 64, 'max_links': 4, 'total_elems': 62524, 'total_shapes': 1578, 'total_links': 222, 'num_tensors': 56}
2026-08-25 07:32:33,599 [INFO]     [2 | left | 0](candidate_pairs: 28/28 | new_swaps: 0 | total: 0) -> {'max_bond': 64, 'max_links': 4, 'total_elems': 62524, 'total_shapes': 1578, 'total_links': 222, 'num_tensors': 56}
2026-08-25 07:32:33,675 [INFO]     [2 | left | 1](candidate_pairs: 27/27 | new_swaps: 0 | total: 0) -> {'max_bond': 64, 'max_links': 4, 'total_elems': 62524, 'total_shapes': 1578, 'total_links': 222, 'num_tensors': 56}
2026-08-25 07:32:33,744 [INFO]     [2 | right | 0](candidate_pairs: 28/28 | new_swaps: 0 | total: 0) -> {'max_bond': 64, 'max_links': 4, 'total_elems': 62524, 'total_shapes': 1578, 'total_links': 222, 'num_tensors': 56}
2026-08-25 07:32:33,826 [INFO]     [2 | right | 1](candidate_pairs: 27/27 | new_swaps: 0 | total: 0) -> {'max_bond': 64, 'max_links': 4, 'total_elems': 62524, 'total_shapes': 1578, 'total_links': 222, 'num_tensors': 56}
2026-08-25 07:32:33,827 [INFO]     [end unswap] -> {'max_bond': 64, 'max_links': 4, 'total_elems': 62524, 'total_shapes': 1578, 'total_links': 222, 'num_tensors': 56}
2026-08-25 07:32:33,828 [INFO] [start rewire](phase=post_unswap, cycle=73, side=left, layers=1486, trials=20, seed=123, parallel=False, route_candidates=1, route_score=none)
2026-08-25 07:32:35,511 [INFO] [end rewire](phase=post_unswap, cycle=73, side=left, routed_layers=1489, elapsed_s=1.68)
2026-08-25 07:32:35,511 [INFO] [start rewire](phase=post_unswap, cycle=73, side=right, layers=1578, trials=20, seed=123, parallel=False, route_candidates=1, route_score=none)
2026-08-25 07:32:36,996 [INFO] [end rewire](phase=post_unswap, cycle=73, side=right, routed_layers=1579, elapsed_s=1.48)
2026-08-25 07:32:37,157 [INFO] [1L/1487](swap: 11, u: 0 | c_u: 0 | t_u_l: 86/942 | t_u_r: 93/943 | t_u: 179/1885) -> {'max_bond': 64, 'max_links': 4, 'total_elems': 62524, 'total_shapes': 1578, 'total_links': 222, 'num_tensors': 56}
2026-08-25 07:32:37,236 [INFO] [1R/1577](swap: 5, u: 0 | c_u: 0 | t_u_l: 86/942 | t_u_r: 93/943 | t_u: 179/1885) -> {'max_bond': 64, 'max_links': 4, 'total_elems': 75772, 'total_shapes': 1762, 'total_links': 222, 'num_tensors': 56}
2026-08-25 07:32:37,348 [INFO] [2L/1487](swap: 11, u: 0 | c_u: 0 | t_u_l: 86/942 | t_u_r: 93/943 | t_u: 179/1885) -> {'max_bond': 64, 'max_links': 4, 'total_elems': 84612, 'total_shapes': 1908, 'total_links': 222, 'num_tensors': 56}
2026-08-25 07:32:37,483 [INFO] [3L/1487](swap: 10, u: 0 | c_u: 0 | t_u_l: 86/942 | t_u_r: 93/943 | t_u: 179/1885) -> {'max_bond': 64, 'max_links': 4, 'total_elems': 134100, 'total_shapes': 2324, 'total_links': 222, 'num_tensors': 56}
2026-08-25 07:32:37,716 [INFO]     [start unswap] -> {'max_bond': 64, 'max_links': 4, 'total_elems': 134100, 'total_shapes': 2324, 'total_links': 222, 'num_tensors': 56}
2026-08-25 07:32:38,206 [INFO]     [0 | both | 0](candidate_pairs: 28/28 | new_swaps: 0 | total: 0) -> {'max_bond': 64, 'max_links': 4, 'total_elems': 134100, 'total_shapes': 2324, 'total_links': 222, 'num_tensors': 56}
2026-08-25 07:32:41,354 [INFO]     [0 | both | 1](candidate_pairs: 27/27 | new_swaps: 2 | total: 2) -> {'max_bond': 256, 'max_links': 4, 'total_elems': 285596, 'total_shapes': 3112, 'total_links': 222, 'num_tensors': 56}
2026-08-25 07:32:41,849 [INFO]     [0 | left | 0](candidate_pairs: 28/28 | new_swaps: 8 | total: 10) -> {'max_bond': 64, 'max_links': 4, 'total_elems': 130972, 'total_shapes': 2288, 'total_links': 222, 'num_tensors': 56}
2026-08-25 07:32:42,135 [INFO]     [0 | left | 1](candidate_pairs: 27/27 | new_swaps: 13 | total: 23) -> {'max_bond': 64, 'max_links': 4, 'total_elems': 84988, 'total_shapes': 1904, 'total_links': 222, 'num_tensors': 56}
2026-08-25 07:32:42,239 [INFO]     [0 | right | 0](candidate_pairs: 28/28 | new_swaps: 2 | total: 25) -> {'max_bond': 64, 'max_links': 4, 'total_elems': 75580, 'total_shapes': 1800, 'total_links': 222, 'num_tensors': 56}
2026-08-25 07:32:42,364 [INFO]     [0 | right | 1](candidate_pairs: 27/27 | new_swaps: 1 | total: 26) -> {'max_bond': 64, 'max_links': 4, 'total_elems': 74556, 'total_shapes': 1784, 'total_links': 222, 'num_tensors': 56}
2026-08-25 07:32:42,608 [INFO]     [1 | both | 0](candidate_pairs: 28/28 | new_swaps: 4 | total: 4) -> {'max_bond': 64, 'max_links': 4, 'total_elems': 72796, 'total_shapes': 1736, 'total_links': 222, 'num_tensors': 56}
2026-08-25 07:32:42,878 [INFO]     [1 | both | 1](candidate_pairs: 27/27 | new_swaps: 1 | total: 5) -> {'max_bond': 64, 'max_links': 4, 'total_elems': 72028, 'total_shapes': 1720, 'total_links': 222, 'num_tensors': 56}
2026-08-25 07:32:42,990 [INFO]     [1 | left | 0](candidate_pairs: 28/28 | new_swaps: 3 | total: 8) -> {'max_bond': 64, 'max_links': 4, 'total_elems': 63452, 'total_shapes': 1608, 'total_links': 222, 'num_tensors': 56}
2026-08-25 07:32:43,088 [INFO]     [1 | left | 1](candidate_pairs: 27/27 | new_swaps: 1 | total: 9) -> {'max_bond': 64, 'max_links': 4, 'total_elems': 63356, 'total_shapes': 1602, 'total_links': 222, 'num_tensors': 56}
2026-08-25 07:32:43,177 [INFO]     [1 | right | 0](candidate_pairs: 28/28 | new_swaps: 3 | total: 12) -> {'max_bond': 64, 'max_links': 4, 'total_elems': 62524, 'total_shapes': 1578, 'total_links': 222, 'num_tensors': 56}
2026-08-25 07:32:43,255 [INFO]     [1 | right | 1](candidate_pairs: 27/27 | new_swaps: 0 | total: 12) -> {'max_bond': 64, 'max_links': 4, 'total_elems': 62524, 'total_shapes': 1578, 'total_links': 222, 'num_tensors': 56}
2026-08-25 07:32:43,420 [INFO]     [2 | both | 0](candidate_pairs: 28/28 | new_swaps: 0 | total: 0) -> {'max_bond': 64, 'max_links': 4, 'total_elems': 62524, 'total_shapes': 1578, 'total_links': 222, 'num_tensors': 56}
2026-08-25 07:32:43,575 [INFO]     [2 | both | 1](candidate_pairs: 27/27 | new_swaps: 0 | total: 0) -> {'max_bond': 64, 'max_links': 4, 'total_elems': 62524, 'total_shapes': 1578, 'total_links': 222, 'num_tensors': 56}
2026-08-25 07:32:43,643 [INFO]     [2 | left | 0](candidate_pairs: 28/28 | new_swaps: 0 | total: 0) -> {'max_bond': 64, 'max_links': 4, 'total_elems': 62524, 'total_shapes': 1578, 'total_links': 222, 'num_tensors': 56}
2026-08-25 07:32:43,716 [INFO]     [2 | left | 1](candidate_pairs: 27/27 | new_swaps: 0 | total: 0) -> {'max_bond': 64, 'max_links': 4, 'total_elems': 62524, 'total_shapes': 1578, 'total_links': 222, 'num_tensors': 56}
2026-08-25 07:32:43,784 [INFO]     [2 | right | 0](candidate_pairs: 28/28 | new_swaps: 0 | total: 0) -> {'max_bond': 64, 'max_links': 4, 'total_elems': 62524, 'total_shapes': 1578, 'total_links': 222, 'num_tensors': 56}
2026-08-25 07:32:43,866 [INFO]     [2 | right | 1](candidate_pairs: 27/27 | new_swaps: 0 | total: 0) -> {'max_bond': 64, 'max_links': 4, 'total_elems': 62524, 'total_shapes': 1578, 'total_links': 222, 'num_tensors': 56}
2026-08-25 07:32:43,866 [INFO]     [end unswap] -> {'max_bond': 64, 'max_links': 4, 'total_elems': 62524, 'total_shapes': 1578, 'total_links': 222, 'num_tensors': 56}
2026-08-25 07:32:43,867 [INFO] [start rewire](phase=post_unswap, cycle=74, side=left, layers=1486, trials=20, seed=123, parallel=False, route_candidates=1, route_score=none)
2026-08-25 07:32:45,232 [INFO] [end rewire](phase=post_unswap, cycle=74, side=left, routed_layers=1489, elapsed_s=1.37)
2026-08-25 07:32:45,233 [INFO] [start rewire](phase=post_unswap, cycle=74, side=right, layers=1578, trials=20, seed=123, parallel=False, route_candidates=1, route_score=none)
2026-08-25 07:32:46,705 [INFO] [end rewire](phase=post_unswap, cycle=74, side=right, routed_layers=1579, elapsed_s=1.47)
2026-08-25 07:32:46,874 [INFO] [1L/1487](swap: 11, u: 0 | c_u: 0 | t_u_l: 86/942 | t_u_r: 93/943 | t_u: 179/1885) -> {'max_bond': 64, 'max_links': 4, 'total_elems': 62524, 'total_shapes': 1578, 'total_links': 222, 'num_tensors': 56}
2026-08-25 07:32:46,961 [INFO] [1R/1577](swap: 5, u: 0 | c_u: 0 | t_u_l: 86/942 | t_u_r: 93/943 | t_u: 179/1885) -> {'max_bond': 64, 'max_links': 4, 'total_elems': 75772, 'total_shapes': 1762, 'total_links': 222, 'num_tensors': 56}
2026-08-25 07:32:47,063 [INFO] [2L/1487](swap: 11, u: 0 | c_u: 0 | t_u_l: 86/942 | t_u_r: 93/943 | t_u: 179/1885) -> {'max_bond': 64, 'max_links': 4, 'total_elems': 84612, 'total_shapes': 1908, 'total_links': 222, 'num_tensors': 56}
2026-08-25 07:32:47,193 [INFO] [3L/1487](swap: 10, u: 0 | c_u: 0 | t_u_l: 86/942 | t_u_r: 93/943 | t_u: 179/1885) -> {'max_bond': 64, 'max_links': 4, 'total_elems': 134100, 'total_shapes': 2324, 'total_links': 222, 'num_tensors': 56}
2026-08-25 07:32:47,423 [INFO]     [start unswap] -> {'max_bond': 64, 'max_links': 4, 'total_elems': 134100, 'total_shapes': 2324, 'total_links': 222, 'num_tensors': 56}
2026-08-25 07:32:47,898 [INFO]     [0 | both | 0](candidate_pairs: 28/28 | new_swaps: 0 | total: 0) -> {'max_bond': 64, 'max_links': 4, 'total_elems': 134100, 'total_shapes': 2324, 'total_links': 222, 'num_tensors': 56}
2026-08-25 07:32:51,057 [INFO]     [0 | both | 1](candidate_pairs: 27/27 | new_swaps: 2 | total: 2) -> {'max_bond': 256, 'max_links': 4, 'total_elems': 285596, 'total_shapes': 3112, 'total_links': 222, 'num_tensors': 56}
2026-08-25 07:32:51,531 [INFO]     [0 | left | 0](candidate_pairs: 28/28 | new_swaps: 8 | total: 10) -> {'max_bond': 64, 'max_links': 4, 'total_elems': 130972, 'total_shapes': 2288, 'total_links': 222, 'num_tensors': 56}
2026-08-25 07:32:51,818 [INFO]     [0 | left | 1](candidate_pairs: 27/27 | new_swaps: 13 | total: 23) -> {'max_bond': 64, 'max_links': 4, 'total_elems': 84988, 'total_shapes': 1904, 'total_links': 222, 'num_tensors': 56}
2026-08-25 07:32:51,920 [INFO]     [0 | right | 0](candidate_pairs: 28/28 | new_swaps: 2 | total: 25) -> {'max_bond': 64, 'max_links': 4, 'total_elems': 75580, 'total_shapes': 1800, 'total_links': 222, 'num_tensors': 56}
2026-08-25 07:32:52,037 [INFO]     [0 | right | 1](candidate_pairs: 27/27 | new_swaps: 1 | total: 26) -> {'max_bond': 64, 'max_links': 4, 'total_elems': 74556, 'total_shapes': 1784, 'total_links': 222, 'num_tensors': 56}
2026-08-25 07:32:52,254 [INFO]     [1 | both | 0](candidate_pairs: 28/28 | new_swaps: 4 | total: 4) -> {'max_bond': 64, 'max_links': 4, 'total_elems': 72796, 'total_shapes': 1736, 'total_links': 222, 'num_tensors': 56}
2026-08-25 07:32:52,525 [INFO]     [1 | both | 1](candidate_pairs: 27/27 | new_swaps: 1 | total: 5) -> {'max_bond': 64, 'max_links': 4, 'total_elems': 72028, 'total_shapes': 1720, 'total_links': 222, 'num_tensors': 56}
2026-08-25 07:32:52,633 [INFO]     [1 | left | 0](candidate_pairs: 28/28 | new_swaps: 3 | total: 8) -> {'max_bond': 64, 'max_links': 4, 'total_elems': 63452, 'total_shapes': 1608, 'total_links': 222, 'num_tensors': 56}
2026-08-25 07:32:52,734 [INFO]     [1 | left | 1](candidate_pairs: 27/27 | new_swaps: 1 | total: 9) -> {'max_bond': 64, 'max_links': 4, 'total_elems': 63356, 'total_shapes': 1602, 'total_links': 222, 'num_tensors': 56}
2026-08-25 07:32:52,831 [INFO]     [1 | right | 0](candidate_pairs: 28/28 | new_swaps: 3 | total: 12) -> {'max_bond': 64, 'max_links': 4, 'total_elems': 62524, 'total_shapes': 1578, 'total_links': 222, 'num_tensors': 56}
2026-08-25 07:32:52,904 [INFO]     [1 | right | 1](candidate_pairs: 27/27 | new_swaps: 0 | total: 12) -> {'max_bond': 64, 'max_links': 4, 'total_elems': 62524, 'total_shapes': 1578, 'total_links': 222, 'num_tensors': 56}
2026-08-25 07:32:53,067 [INFO]     [2 | both | 0](candidate_pairs: 28/28 | new_swaps: 0 | total: 0) -> {'max_bond': 64, 'max_links': 4, 'total_elems': 62524, 'total_shapes': 1578, 'total_links': 222, 'num_tensors': 56}
2026-08-25 07:32:53,224 [INFO]     [2 | both | 1](candidate_pairs: 27/27 | new_swaps: 0 | total: 0) -> {'max_bond': 64, 'max_links': 4, 'total_elems': 62524, 'total_shapes': 1578, 'total_links': 222, 'num_tensors': 56}
2026-08-25 07:32:53,292 [INFO]     [2 | left | 0](candidate_pairs: 28/28 | new_swaps: 0 | total: 0) -> {'max_bond': 64, 'max_links': 4, 'total_elems': 62524, 'total_shapes': 1578, 'total_links': 222, 'num_tensors': 56}
2026-08-25 07:32:53,365 [INFO]     [2 | left | 1](candidate_pairs: 27/27 | new_swaps: 0 | total: 0) -> {'max_bond': 64, 'max_links': 4, 'total_elems': 62524, 'total_shapes': 1578, 'total_links': 222, 'num_tensors': 56}
2026-08-25 07:32:53,434 [INFO]     [2 | right | 0](candidate_pairs: 28/28 | new_swaps: 0 | total: 0) -> {'max_bond': 64, 'max_links': 4, 'total_elems': 62524, 'total_shapes': 1578, 'total_links': 222, 'num_tensors': 56}
2026-08-25 07:32:53,509 [INFO]     [2 | right | 1](candidate_pairs: 27/27 | new_swaps: 0 | total: 0) -> {'max_bond': 64, 'max_links': 4, 'total_elems': 62524, 'total_shapes': 1578, 'total_links': 222, 'num_tensors': 56}
2026-08-25 07:32:53,510 [INFO]     [end unswap] -> {'max_bond': 64, 'max_links': 4, 'total_elems': 62524, 'total_shapes': 1578, 'total_links': 222, 'num_tensors': 56}
2026-08-25 07:32:53,510 [INFO] [start rewire](phase=post_unswap, cycle=75, side=left, layers=1486, trials=20, seed=123, parallel=False, route_candidates=1, route_score=none)
2026-08-25 07:32:54,859 [INFO] [end rewire](phase=post_unswap, cycle=75, side=left, routed_layers=1489, elapsed_s=1.35)
2026-08-25 07:32:54,859 [INFO] [start rewire](phase=post_unswap, cycle=75, side=right, layers=1578, trials=20, seed=123, parallel=False, route_candidates=1, route_score=none)
2026-08-25 07:32:56,321 [INFO] [end rewire](phase=post_unswap, cycle=75, side=right, routed_layers=1579, elapsed_s=1.46)
2026-08-25 07:32:56,481 [INFO] [1L/1487](swap: 11, u: 0 | c_u: 0 | t_u_l: 86/942 | t_u_r: 93/943 | t_u: 179/1885) -> {'max_bond': 64, 'max_links': 4, 'total_elems': 62524, 'total_shapes': 1578, 'total_links': 222, 'num_tensors': 56}
2026-08-25 07:32:56,565 [INFO] [1R/1577](swap: 5, u: 0 | c_u: 0 | t_u_l: 86/942 | t_u_r: 93/943 | t_u: 179/1885) -> {'max_bond': 64, 'max_links': 4, 'total_elems': 75772, 'total_shapes': 1762, 'total_links': 222, 'num_tensors': 56}
2026-08-25 07:32:56,670 [INFO] [2L/1487](swap: 11, u: 0 | c_u: 0 | t_u_l: 86/942 | t_u_r: 93/943 | t_u: 179/1885) -> {'max_bond': 64, 'max_links': 4, 'total_elems': 84612, 'total_shapes': 1908, 'total_links': 222, 'num_tensors': 56}
2026-08-25 07:32:56,801 [INFO] [3L/1487](swap: 10, u: 0 | c_u: 0 | t_u_l: 86/942 | t_u_r: 93/943 | t_u: 179/1885) -> {'max_bond': 64, 'max_links': 4, 'total_elems': 134100, 'total_shapes': 2324, 'total_links': 222, 'num_tensors': 56}
2026-08-25 07:32:57,031 [INFO]     [start unswap] -> {'max_bond': 64, 'max_links': 4, 'total_elems': 134100, 'total_shapes': 2324, 'total_links': 222, 'num_tensors': 56}
2026-08-25 07:32:57,492 [INFO]     [0 | both | 0](candidate_pairs: 28/28 | new_swaps: 0 | total: 0) -> {'max_bond': 64, 'max_links': 4, 'total_elems': 134100, 'total_shapes': 2324, 'total_links': 222, 'num_tensors': 56}
2026-08-25 07:33:00,640 [INFO]     [0 | both | 1](candidate_pairs: 27/27 | new_swaps: 2 | total: 2) -> {'max_bond': 256, 'max_links': 4, 'total_elems': 285596, 'total_shapes': 3112, 'total_links': 222, 'num_tensors': 56}
2026-08-25 07:33:01,122 [INFO]     [0 | left | 0](candidate_pairs: 28/28 | new_swaps: 8 | total: 10) -> {'max_bond': 64, 'max_links': 4, 'total_elems': 130972, 'total_shapes': 2288, 'total_links': 222, 'num_tensors': 56}
2026-08-25 07:33:01,392 [INFO]     [0 | left | 1](candidate_pairs: 27/27 | new_swaps: 13 | total: 23) -> {'max_bond': 64, 'max_links': 4, 'total_elems': 84988, 'total_shapes': 1904, 'total_links': 222, 'num_tensors': 56}
2026-08-25 07:33:01,501 [INFO]     [0 | right | 0](candidate_pairs: 28/28 | new_swaps: 2 | total: 25) -> {'max_bond': 64, 'max_links': 4, 'total_elems': 75580, 'total_shapes': 1800, 'total_links': 222, 'num_tensors': 56}
2026-08-25 07:33:01,622 [INFO]     [0 | right | 1](candidate_pairs: 27/27 | new_swaps: 1 | total: 26) -> {'max_bond': 64, 'max_links': 4, 'total_elems': 74556, 'total_shapes': 1784, 'total_links': 222, 'num_tensors': 56}
2026-08-25 07:33:01,840 [INFO]     [1 | both | 0](candidate_pairs: 28/28 | new_swaps: 4 | total: 4) -> {'max_bond': 64, 'max_links': 4, 'total_elems': 72796, 'total_shapes': 1736, 'total_links': 222, 'num_tensors': 56}
2026-08-25 07:33:02,116 [INFO]     [1 | both | 1](candidate_pairs: 27/27 | new_swaps: 1 | total: 5) -> {'max_bond': 64, 'max_links': 4, 'total_elems': 72028, 'total_shapes': 1720, 'total_links': 222, 'num_tensors': 56}
2026-08-25 07:33:02,225 [INFO]     [1 | left | 0](candidate_pairs: 28/28 | new_swaps: 3 | total: 8) -> {'max_bond': 64, 'max_links': 4, 'total_elems': 63452, 'total_shapes': 1608, 'total_links': 222, 'num_tensors': 56}
2026-08-25 07:33:02,332 [INFO]     [1 | left | 1](candidate_pairs: 27/27 | new_swaps: 1 | total: 9) -> {'max_bond': 64, 'max_links': 4, 'total_elems': 63356, 'total_shapes': 1602, 'total_links': 222, 'num_tensors': 56}
2026-08-25 07:33:02,428 [INFO]     [1 | right | 0](candidate_pairs: 28/28 | new_swaps: 3 | total: 12) -> {'max_bond': 64, 'max_links': 4, 'total_elems': 62524, 'total_shapes': 1578, 'total_links': 222, 'num_tensors': 56}
2026-08-25 07:33:02,508 [INFO]     [1 | right | 1](candidate_pairs: 27/27 | new_swaps: 0 | total: 12) -> {'max_bond': 64, 'max_links': 4, 'total_elems': 62524, 'total_shapes': 1578, 'total_links': 222, 'num_tensors': 56}
2026-08-25 07:33:02,661 [INFO]     [2 | both | 0](candidate_pairs: 28/28 | new_swaps: 0 | total: 0) -> {'max_bond': 64, 'max_links': 4, 'total_elems': 62524, 'total_shapes': 1578, 'total_links': 222, 'num_tensors': 56}
2026-08-25 07:33:02,817 [INFO]     [2 | both | 1](candidate_pairs: 27/27 | new_swaps: 0 | total: 0) -> {'max_bond': 64, 'max_links': 4, 'total_elems': 62524, 'total_shapes': 1578, 'total_links': 222, 'num_tensors': 56}
2026-08-25 07:33:02,883 [INFO]     [2 | left | 0](candidate_pairs: 28/28 | new_swaps: 0 | total: 0) -> {'max_bond': 64, 'max_links': 4, 'total_elems': 62524, 'total_shapes': 1578, 'total_links': 222, 'num_tensors': 56}
2026-08-25 07:33:02,960 [INFO]     [2 | left | 1](candidate_pairs: 27/27 | new_swaps: 0 | total: 0) -> {'max_bond': 64, 'max_links': 4, 'total_elems': 62524, 'total_shapes': 1578, 'total_links': 222, 'num_tensors': 56}
2026-08-25 07:33:03,024 [INFO]     [2 | right | 0](candidate_pairs: 28/28 | new_swaps: 0 | total: 0) -> {'max_bond': 64, 'max_links': 4, 'total_elems': 62524, 'total_shapes': 1578, 'total_links': 222, 'num_tensors': 56}
2026-08-25 07:33:03,097 [INFO]     [2 | right | 1](candidate_pairs: 27/27 | new_swaps: 0 | total: 0) -> {'max_bond': 64, 'max_links': 4, 'total_elems': 62524, 'total_shapes': 1578, 'total_links': 222, 'num_tensors': 56}
2026-08-25 07:33:03,098 [INFO]     [end unswap] -> {'max_bond': 64, 'max_links': 4, 'total_elems': 62524, 'total_shapes': 1578, 'total_links': 222, 'num_tensors': 56}
2026-08-25 07:33:03,187 [INFO] [start rewire](phase=post_unswap, cycle=76, side=left, layers=1486, trials=20, seed=123, parallel=False, route_candidates=1, route_score=none)
2026-08-25 07:33:04,957 [INFO] [end rewire](phase=post_unswap, cycle=76, side=left, routed_layers=1489, elapsed_s=1.77)
2026-08-25 07:33:04,957 [INFO] [start rewire](phase=post_unswap, cycle=76, side=right, layers=1578, trials=20, seed=123, parallel=False, route_candidates=1, route_score=none)
2026-08-25 07:33:05,995 [INFO] [end rewire](phase=post_unswap, cycle=76, side=right, routed_layers=1579, elapsed_s=1.04)
2026-08-25 07:33:06,160 [INFO] [1L/1487](swap: 11, u: 0 | c_u: 0 | t_u_l: 86/942 | t_u_r: 93/943 | t_u: 179/1885) -> {'max_bond': 64, 'max_links': 4, 'total_elems': 62524, 'total_shapes': 1578, 'total_links': 222, 'num_tensors': 56}
2026-08-25 07:33:06,239 [INFO] [1R/1577](swap: 5, u: 0 | c_u: 0 | t_u_l: 86/942 | t_u_r: 93/943 | t_u: 179/1885) -> {'max_bond': 64, 'max_links': 4, 'total_elems': 75772, 'total_shapes': 1762, 'total_links': 222, 'num_tensors': 56}
2026-08-25 07:33:06,344 [INFO] [2L/1487](swap: 11, u: 0 | c_u: 0 | t_u_l: 86/942 | t_u_r: 93/943 | t_u: 179/1885) -> {'max_bond': 64, 'max_links': 4, 'total_elems': 84612, 'total_shapes': 1908, 'total_links': 222, 'num_tensors': 56}
2026-08-25 07:33:06,480 [INFO] [3L/1487](swap: 10, u: 0 | c_u: 0 | t_u_l: 86/942 | t_u_r: 93/943 | t_u: 179/1885) -> {'max_bond': 64, 'max_links': 4, 'total_elems': 134100, 'total_shapes': 2324, 'total_links': 222, 'num_tensors': 56}
2026-08-25 07:33:06,709 [INFO]     [start unswap] -> {'max_bond': 64, 'max_links': 4, 'total_elems': 134100, 'total_shapes': 2324, 'total_links': 222, 'num_tensors': 56}
2026-08-25 07:33:07,166 [INFO]     [0 | both | 0](candidate_pairs: 28/28 | new_swaps: 0 | total: 0) -> {'max_bond': 64, 'max_links': 4, 'total_elems': 134100, 'total_shapes': 2324, 'total_links': 222, 'num_tensors': 56}
2026-08-25 07:33:10,336 [INFO]     [0 | both | 1](candidate_pairs: 27/27 | new_swaps: 2 | total: 2) -> {'max_bond': 256, 'max_links': 4, 'total_elems': 285596, 'total_shapes': 3112, 'total_links': 222, 'num_tensors': 56}
2026-08-25 07:33:10,831 [INFO]     [0 | left | 0](candidate_pairs: 28/28 | new_swaps: 8 | total: 10) -> {'max_bond': 64, 'max_links': 4, 'total_elems': 130972, 'total_shapes': 2288, 'total_links': 222, 'num_tensors': 56}
2026-08-25 07:33:11,131 [INFO]     [0 | left | 1](candidate_pairs: 27/27 | new_swaps: 13 | total: 23) -> {'max_bond': 64, 'max_links': 4, 'total_elems': 84988, 'total_shapes': 1904, 'total_links': 222, 'num_tensors': 56}
2026-08-25 07:33:11,237 [INFO]     [0 | right | 0](candidate_pairs: 28/28 | new_swaps: 2 | total: 25) -> {'max_bond': 64, 'max_links': 4, 'total_elems': 75580, 'total_shapes': 1800, 'total_links': 222, 'num_tensors': 56}
2026-08-25 07:33:11,362 [INFO]     [0 | right | 1](candidate_pairs: 27/27 | new_swaps: 1 | total: 26) -> {'max_bond': 64, 'max_links': 4, 'total_elems': 74556, 'total_shapes': 1784, 'total_links': 222, 'num_tensors': 56}
2026-08-25 07:33:11,592 [INFO]     [1 | both | 0](candidate_pairs: 28/28 | new_swaps: 4 | total: 4) -> {'max_bond': 64, 'max_links': 4, 'total_elems': 72796, 'total_shapes': 1736, 'total_links': 222, 'num_tensors': 56}
2026-08-25 07:33:11,869 [INFO]     [1 | both | 1](candidate_pairs: 27/27 | new_swaps: 1 | total: 5) -> {'max_bond': 64, 'max_links': 4, 'total_elems': 72028, 'total_shapes': 1720, 'total_links': 222, 'num_tensors': 56}
2026-08-25 07:33:11,992 [INFO]     [1 | left | 0](candidate_pairs: 28/28 | new_swaps: 3 | total: 8) -> {'max_bond': 64, 'max_links': 4, 'total_elems': 63452, 'total_shapes': 1608, 'total_links': 222, 'num_tensors': 56}
2026-08-25 07:33:12,097 [INFO]     [1 | left | 1](candidate_pairs: 27/27 | new_swaps: 1 | total: 9) -> {'max_bond': 64, 'max_links': 4, 'total_elems': 63356, 'total_shapes': 1602, 'total_links': 222, 'num_tensors': 56}
2026-08-25 07:33:12,198 [INFO]     [1 | right | 0](candidate_pairs: 28/28 | new_swaps: 3 | total: 12) -> {'max_bond': 64, 'max_links': 4, 'total_elems': 62524, 'total_shapes': 1578, 'total_links': 222, 'num_tensors': 56}
2026-08-25 07:33:12,283 [INFO]     [1 | right | 1](candidate_pairs: 27/27 | new_swaps: 0 | total: 12) -> {'max_bond': 64, 'max_links': 4, 'total_elems': 62524, 'total_shapes': 1578, 'total_links': 222, 'num_tensors': 56}
2026-08-25 07:33:12,444 [INFO]     [2 | both | 0](candidate_pairs: 28/28 | new_swaps: 0 | total: 0) -> {'max_bond': 64, 'max_links': 4, 'total_elems': 62524, 'total_shapes': 1578, 'total_links': 222, 'num_tensors': 56}
2026-08-25 07:33:12,607 [INFO]     [2 | both | 1](candidate_pairs: 27/27 | new_swaps: 0 | total: 0) -> {'max_bond': 64, 'max_links': 4, 'total_elems': 62524, 'total_shapes': 1578, 'total_links': 222, 'num_tensors': 56}
2026-08-25 07:33:12,683 [INFO]     [2 | left | 0](candidate_pairs: 28/28 | new_swaps: 0 | total: 0) -> {'max_bond': 64, 'max_links': 4, 'total_elems': 62524, 'total_shapes': 1578, 'total_links': 222, 'num_tensors': 56}
2026-08-25 07:33:12,756 [INFO]     [2 | left | 1](candidate_pairs: 27/27 | new_swaps: 0 | total: 0) -> {'max_bond': 64, 'max_links': 4, 'total_elems': 62524, 'total_shapes': 1578, 'total_links': 222, 'num_tensors': 56}
2026-08-25 07:33:12,829 [INFO]     [2 | right | 0](candidate_pairs: 28/28 | new_swaps: 0 | total: 0) -> {'max_bond': 64, 'max_links': 4, 'total_elems': 62524, 'total_shapes': 1578, 'total_links': 222, 'num_tensors': 56}
2026-08-25 07:33:12,903 [INFO]     [2 | right | 1](candidate_pairs: 27/27 | new_swaps: 0 | total: 0) -> {'max_bond': 64, 'max_links': 4, 'total_elems': 62524, 'total_shapes': 1578, 'total_links': 222, 'num_tensors': 56}
2026-08-25 07:33:12,903 [INFO]     [end unswap] -> {'max_bond': 64, 'max_links': 4, 'total_elems': 62524, 'total_shapes': 1578, 'total_links': 222, 'num_tensors': 56}
2026-08-25 07:33:12,907 [INFO] [start rewire](phase=post_unswap, cycle=77, side=left, layers=1486, trials=20, seed=123, parallel=False, route_candidates=1, route_score=none)
2026-08-25 07:33:14,634 [INFO] [end rewire](phase=post_unswap, cycle=77, side=left, routed_layers=1489, elapsed_s=1.73)
2026-08-25 07:33:14,634 [INFO] [start rewire](phase=post_unswap, cycle=77, side=right, layers=1578, trials=20, seed=123, parallel=False, route_candidates=1, route_score=none)
2026-08-25 07:33:16,116 [INFO] [end rewire](phase=post_unswap, cycle=77, side=right, routed_layers=1579, elapsed_s=1.48)
2026-08-25 07:33:16,278 [INFO] [1L/1487](swap: 11, u: 0 | c_u: 0 | t_u_l: 86/942 | t_u_r: 93/943 | t_u: 179/1885) -> {'max_bond': 64, 'max_links': 4, 'total_elems': 62524, 'total_shapes': 1578, 'total_links': 222, 'num_tensors': 56}
2026-08-25 07:33:16,366 [INFO] [1R/1577](swap: 5, u: 0 | c_u: 0 | t_u_l: 86/942 | t_u_r: 93/943 | t_u: 179/1885) -> {'max_bond': 64, 'max_links': 4, 'total_elems': 75772, 'total_shapes': 1762, 'total_links': 222, 'num_tensors': 56}
2026-08-25 07:33:16,470 [INFO] [2L/1487](swap: 11, u: 0 | c_u: 0 | t_u_l: 86/942 | t_u_r: 93/943 | t_u: 179/1885) -> {'max_bond': 64, 'max_links': 4, 'total_elems': 84612, 'total_shapes': 1908, 'total_links': 222, 'num_tensors': 56}
2026-08-25 07:33:16,595 [INFO] [3L/1487](swap: 10, u: 0 | c_u: 0 | t_u_l: 86/942 | t_u_r: 93/943 | t_u: 179/1885) -> {'max_bond': 64, 'max_links': 4, 'total_elems': 134100, 'total_shapes': 2324, 'total_links': 222, 'num_tensors': 56}
2026-08-25 07:33:16,809 [INFO]     [start unswap] -> {'max_bond': 64, 'max_links': 4, 'total_elems': 134100, 'total_shapes': 2324, 'total_links': 222, 'num_tensors': 56}
2026-08-25 07:33:17,289 [INFO]     [0 | both | 0](candidate_pairs: 28/28 | new_swaps: 0 | total: 0) -> {'max_bond': 64, 'max_links': 4, 'total_elems': 134100, 'total_shapes': 2324, 'total_links': 222, 'num_tensors': 56}
2026-08-25 07:33:20,478 [INFO]     [0 | both | 1](candidate_pairs: 27/27 | new_swaps: 2 | total: 2) -> {'max_bond': 256, 'max_links': 4, 'total_elems': 285596, 'total_shapes': 3112, 'total_links': 222, 'num_tensors': 56}
2026-08-25 07:33:20,978 [INFO]     [0 | left | 0](candidate_pairs: 28/28 | new_swaps: 8 | total: 10) -> {'max_bond': 64, 'max_links': 4, 'total_elems': 130972, 'total_shapes': 2288, 'total_links': 222, 'num_tensors': 56}
2026-08-25 07:33:21,273 [INFO]     [0 | left | 1](candidate_pairs: 27/27 | new_swaps: 13 | total: 23) -> {'max_bond': 64, 'max_links': 4, 'total_elems': 84988, 'total_shapes': 1904, 'total_links': 222, 'num_tensors': 56}
2026-08-25 07:33:21,375 [INFO]     [0 | right | 0](candidate_pairs: 28/28 | new_swaps: 2 | total: 25) -> {'max_bond': 64, 'max_links': 4, 'total_elems': 75580, 'total_shapes': 1800, 'total_links': 222, 'num_tensors': 56}
2026-08-25 07:33:21,506 [INFO]     [0 | right | 1](candidate_pairs: 27/27 | new_swaps: 1 | total: 26) -> {'max_bond': 64, 'max_links': 4, 'total_elems': 74556, 'total_shapes': 1784, 'total_links': 222, 'num_tensors': 56}
2026-08-25 07:33:21,732 [INFO]     [1 | both | 0](candidate_pairs: 28/28 | new_swaps: 4 | total: 4) -> {'max_bond': 64, 'max_links': 4, 'total_elems': 72796, 'total_shapes': 1736, 'total_links': 222, 'num_tensors': 56}
2026-08-25 07:33:22,013 [INFO]     [1 | both | 1](candidate_pairs: 27/27 | new_swaps: 1 | total: 5) -> {'max_bond': 64, 'max_links': 4, 'total_elems': 72028, 'total_shapes': 1720, 'total_links': 222, 'num_tensors': 56}
2026-08-25 07:33:22,131 [INFO]     [1 | left | 0](candidate_pairs: 28/28 | new_swaps: 3 | total: 8) -> {'max_bond': 64, 'max_links': 4, 'total_elems': 63452, 'total_shapes': 1608, 'total_links': 222, 'num_tensors': 56}
2026-08-25 07:33:22,237 [INFO]     [1 | left | 1](candidate_pairs: 27/27 | new_swaps: 1 | total: 9) -> {'max_bond': 64, 'max_links': 4, 'total_elems': 63356, 'total_shapes': 1602, 'total_links': 222, 'num_tensors': 56}
2026-08-25 07:33:22,339 [INFO]     [1 | right | 0](candidate_pairs: 28/28 | new_swaps: 3 | total: 12) -> {'max_bond': 64, 'max_links': 4, 'total_elems': 62524, 'total_shapes': 1578, 'total_links': 222, 'num_tensors': 56}
2026-08-25 07:33:22,428 [INFO]     [1 | right | 1](candidate_pairs: 27/27 | new_swaps: 0 | total: 12) -> {'max_bond': 64, 'max_links': 4, 'total_elems': 62524, 'total_shapes': 1578, 'total_links': 222, 'num_tensors': 56}
2026-08-25 07:33:22,586 [INFO]     [2 | both | 0](candidate_pairs: 28/28 | new_swaps: 0 | total: 0) -> {'max_bond': 64, 'max_links': 4, 'total_elems': 62524, 'total_shapes': 1578, 'total_links': 222, 'num_tensors': 56}
2026-08-25 07:33:22,749 [INFO]     [2 | both | 1](candidate_pairs: 27/27 | new_swaps: 0 | total: 0) -> {'max_bond': 64, 'max_links': 4, 'total_elems': 62524, 'total_shapes': 1578, 'total_links': 222, 'num_tensors': 56}
2026-08-25 07:33:22,813 [INFO]     [2 | left | 0](candidate_pairs: 28/28 | new_swaps: 0 | total: 0) -> {'max_bond': 64, 'max_links': 4, 'total_elems': 62524, 'total_shapes': 1578, 'total_links': 222, 'num_tensors': 56}
2026-08-25 07:33:22,893 [INFO]     [2 | left | 1](candidate_pairs: 27/27 | new_swaps: 0 | total: 0) -> {'max_bond': 64, 'max_links': 4, 'total_elems': 62524, 'total_shapes': 1578, 'total_links': 222, 'num_tensors': 56}
2026-08-25 07:33:22,969 [INFO]     [2 | right | 0](candidate_pairs: 28/28 | new_swaps: 0 | total: 0) -> {'max_bond': 64, 'max_links': 4, 'total_elems': 62524, 'total_shapes': 1578, 'total_links': 222, 'num_tensors': 56}
2026-08-25 07:33:23,051 [INFO]     [2 | right | 1](candidate_pairs: 27/27 | new_swaps: 0 | total: 0) -> {'max_bond': 64, 'max_links': 4, 'total_elems': 62524, 'total_shapes': 1578, 'total_links': 222, 'num_tensors': 56}
2026-08-25 07:33:23,051 [INFO]     [end unswap] -> {'max_bond': 64, 'max_links': 4, 'total_elems': 62524, 'total_shapes': 1578, 'total_links': 222, 'num_tensors': 56}
2026-08-25 07:33:23,053 [INFO] [start rewire](phase=post_unswap, cycle=78, side=left, layers=1486, trials=20, seed=123, parallel=False, route_candidates=1, route_score=none)
2026-08-25 07:33:24,429 [INFO] [end rewire](phase=post_unswap, cycle=78, side=left, routed_layers=1489, elapsed_s=1.38)
2026-08-25 07:33:24,429 [INFO] [start rewire](phase=post_unswap, cycle=78, side=right, layers=1578, trials=20, seed=123, parallel=False, route_candidates=1, route_score=none)
2026-08-25 07:33:25,882 [INFO] [end rewire](phase=post_unswap, cycle=78, side=right, routed_layers=1579, elapsed_s=1.45)
2026-08-25 07:33:26,054 [INFO] [1L/1487](swap: 11, u: 0 | c_u: 0 | t_u_l: 86/942 | t_u_r: 93/943 | t_u: 179/1885) -> {'max_bond': 64, 'max_links': 4, 'total_elems': 62524, 'total_shapes': 1578, 'total_links': 222, 'num_tensors': 56}
2026-08-25 07:33:26,135 [INFO] [1R/1577](swap: 5, u: 0 | c_u: 0 | t_u_l: 86/942 | t_u_r: 93/943 | t_u: 179/1885) -> {'max_bond': 64, 'max_links': 4, 'total_elems': 75772, 'total_shapes': 1762, 'total_links': 222, 'num_tensors': 56}
2026-08-25 07:33:26,236 [INFO] [2L/1487](swap: 11, u: 0 | c_u: 0 | t_u_l: 86/942 | t_u_r: 93/943 | t_u: 179/1885) -> {'max_bond': 64, 'max_links': 4, 'total_elems': 84612, 'total_shapes': 1908, 'total_links': 222, 'num_tensors': 56}
2026-08-25 07:33:26,377 [INFO] [3L/1487](swap: 10, u: 0 | c_u: 0 | t_u_l: 86/942 | t_u_r: 93/943 | t_u: 179/1885) -> {'max_bond': 64, 'max_links': 4, 'total_elems': 134100, 'total_shapes': 2324, 'total_links': 222, 'num_tensors': 56}
2026-08-25 07:33:26,607 [INFO]     [start unswap] -> {'max_bond': 64, 'max_links': 4, 'total_elems': 134100, 'total_shapes': 2324, 'total_links': 222, 'num_tensors': 56}
2026-08-25 07:33:27,086 [INFO]     [0 | both | 0](candidate_pairs: 28/28 | new_swaps: 0 | total: 0) -> {'max_bond': 64, 'max_links': 4, 'total_elems': 134100, 'total_shapes': 2324, 'total_links': 222, 'num_tensors': 56}
2026-08-25 07:33:30,241 [INFO]     [0 | both | 1](candidate_pairs: 27/27 | new_swaps: 2 | total: 2) -> {'max_bond': 256, 'max_links': 4, 'total_elems': 285596, 'total_shapes': 3112, 'total_links': 222, 'num_tensors': 56}
2026-08-25 07:33:30,739 [INFO]     [0 | left | 0](candidate_pairs: 28/28 | new_swaps: 8 | total: 10) -> {'max_bond': 64, 'max_links': 4, 'total_elems': 130972, 'total_shapes': 2288, 'total_links': 222, 'num_tensors': 56}
2026-08-25 07:33:31,020 [INFO]     [0 | left | 1](candidate_pairs: 27/27 | new_swaps: 13 | total: 23) -> {'max_bond': 64, 'max_links': 4, 'total_elems': 84988, 'total_shapes': 1904, 'total_links': 222, 'num_tensors': 56}
2026-08-25 07:33:31,123 [INFO]     [0 | right | 0](candidate_pairs: 28/28 | new_swaps: 2 | total: 25) -> {'max_bond': 64, 'max_links': 4, 'total_elems': 75580, 'total_shapes': 1800, 'total_links': 222, 'num_tensors': 56}
2026-08-25 07:33:31,242 [INFO]     [0 | right | 1](candidate_pairs: 27/27 | new_swaps: 1 | total: 26) -> {'max_bond': 64, 'max_links': 4, 'total_elems': 74556, 'total_shapes': 1784, 'total_links': 222, 'num_tensors': 56}
2026-08-25 07:33:31,470 [INFO]     [1 | both | 0](candidate_pairs: 28/28 | new_swaps: 4 | total: 4) -> {'max_bond': 64, 'max_links': 4, 'total_elems': 72796, 'total_shapes': 1736, 'total_links': 222, 'num_tensors': 56}
2026-08-25 07:33:31,725 [INFO]     [1 | both | 1](candidate_pairs: 27/27 | new_swaps: 1 | total: 5) -> {'max_bond': 64, 'max_links': 4, 'total_elems': 72028, 'total_shapes': 1720, 'total_links': 222, 'num_tensors': 56}
2026-08-25 07:33:31,844 [INFO]     [1 | left | 0](candidate_pairs: 28/28 | new_swaps: 3 | total: 8) -> {'max_bond': 64, 'max_links': 4, 'total_elems': 63452, 'total_shapes': 1608, 'total_links': 222, 'num_tensors': 56}
2026-08-25 07:33:31,947 [INFO]     [1 | left | 1](candidate_pairs: 27/27 | new_swaps: 1 | total: 9) -> {'max_bond': 64, 'max_links': 4, 'total_elems': 63356, 'total_shapes': 1602, 'total_links': 222, 'num_tensors': 56}
2026-08-25 07:33:32,041 [INFO]     [1 | right | 0](candidate_pairs: 28/28 | new_swaps: 3 | total: 12) -> {'max_bond': 64, 'max_links': 4, 'total_elems': 62524, 'total_shapes': 1578, 'total_links': 222, 'num_tensors': 56}
2026-08-25 07:33:32,115 [INFO]     [1 | right | 1](candidate_pairs: 27/27 | new_swaps: 0 | total: 12) -> {'max_bond': 64, 'max_links': 4, 'total_elems': 62524, 'total_shapes': 1578, 'total_links': 222, 'num_tensors': 56}
2026-08-25 07:33:32,264 [INFO]     [2 | both | 0](candidate_pairs: 28/28 | new_swaps: 0 | total: 0) -> {'max_bond': 64, 'max_links': 4, 'total_elems': 62524, 'total_shapes': 1578, 'total_links': 222, 'num_tensors': 56}
2026-08-25 07:33:32,427 [INFO]     [2 | both | 1](candidate_pairs: 27/27 | new_swaps: 0 | total: 0) -> {'max_bond': 64, 'max_links': 4, 'total_elems': 62524, 'total_shapes': 1578, 'total_links': 222, 'num_tensors': 56}
2026-08-25 07:33:32,495 [INFO]     [2 | left | 0](candidate_pairs: 28/28 | new_swaps: 0 | total: 0) -> {'max_bond': 64, 'max_links': 4, 'total_elems': 62524, 'total_shapes': 1578, 'total_links': 222, 'num_tensors': 56}
2026-08-25 07:33:32,566 [INFO]     [2 | left | 1](candidate_pairs: 27/27 | new_swaps: 0 | total: 0) -> {'max_bond': 64, 'max_links': 4, 'total_elems': 62524, 'total_shapes': 1578, 'total_links': 222, 'num_tensors': 56}
2026-08-25 07:33:32,635 [INFO]     [2 | right | 0](candidate_pairs: 28/28 | new_swaps: 0 | total: 0) -> {'max_bond': 64, 'max_links': 4, 'total_elems': 62524, 'total_shapes': 1578, 'total_links': 222, 'num_tensors': 56}
2026-08-25 07:33:32,712 [INFO]     [2 | right | 1](candidate_pairs: 27/27 | new_swaps: 0 | total: 0) -> {'max_bond': 64, 'max_links': 4, 'total_elems': 62524, 'total_shapes': 1578, 'total_links': 222, 'num_tensors': 56}
2026-08-25 07:33:32,712 [INFO]     [end unswap] -> {'max_bond': 64, 'max_links': 4, 'total_elems': 62524, 'total_shapes': 1578, 'total_links': 222, 'num_tensors': 56}
2026-08-25 07:33:32,713 [INFO] [start rewire](phase=post_unswap, cycle=79, side=left, layers=1486, trials=20, seed=123, parallel=False, route_candidates=1, route_score=none)
2026-08-25 07:33:34,441 [INFO] [end rewire](phase=post_unswap, cycle=79, side=left, routed_layers=1489, elapsed_s=1.73)
2026-08-25 07:33:34,441 [INFO] [start rewire](phase=post_unswap, cycle=79, side=right, layers=1578, trials=20, seed=123, parallel=False, route_candidates=1, route_score=none)
2026-08-25 07:33:35,940 [INFO] [end rewire](phase=post_unswap, cycle=79, side=right, routed_layers=1579, elapsed_s=1.50)
2026-08-25 07:33:36,187 [INFO] [1L/1487](swap: 11, u: 0 | c_u: 0 | t_u_l: 86/942 | t_u_r: 93/943 | t_u: 179/1885) -> {'max_bond': 64, 'max_links': 4, 'total_elems': 62524, 'total_shapes': 1578, 'total_links': 222, 'num_tensors': 56}
2026-08-25 07:33:36,264 [INFO] [1R/1577](swap: 5, u: 0 | c_u: 0 | t_u_l: 86/942 | t_u_r: 93/943 | t_u: 179/1885) -> {'max_bond': 64, 'max_links': 4, 'total_elems': 75772, 'total_shapes': 1762, 'total_links': 222, 'num_tensors': 56}
2026-08-25 07:33:36,371 [INFO] [2L/1487](swap: 11, u: 0 | c_u: 0 | t_u_l: 86/942 | t_u_r: 93/943 | t_u: 179/1885) -> {'max_bond': 64, 'max_links': 4, 'total_elems': 84612, 'total_shapes': 1908, 'total_links': 222, 'num_tensors': 56}
2026-08-25 07:33:36,505 [INFO] [3L/1487](swap: 10, u: 0 | c_u: 0 | t_u_l: 86/942 | t_u_r: 93/943 | t_u: 179/1885) -> {'max_bond': 64, 'max_links': 4, 'total_elems': 134100, 'total_shapes': 2324, 'total_links': 222, 'num_tensors': 56}
2026-08-25 07:33:36,718 [INFO]     [start unswap] -> {'max_bond': 64, 'max_links': 4, 'total_elems': 134100, 'total_shapes': 2324, 'total_links': 222, 'num_tensors': 56}
2026-08-25 07:33:37,164 [INFO]     [0 | both | 0](candidate_pairs: 28/28 | new_swaps: 0 | total: 0) -> {'max_bond': 64, 'max_links': 4, 'total_elems': 134100, 'total_shapes': 2324, 'total_links': 222, 'num_tensors': 56}
2026-08-25 07:33:40,311 [INFO]     [0 | both | 1](candidate_pairs: 27/27 | new_swaps: 2 | total: 2) -> {'max_bond': 256, 'max_links': 4, 'total_elems': 285596, 'total_shapes': 3112, 'total_links': 222, 'num_tensors': 56}
2026-08-25 07:33:40,792 [INFO]     [0 | left | 0](candidate_pairs: 28/28 | new_swaps: 8 | total: 10) -> {'max_bond': 64, 'max_links': 4, 'total_elems': 130972, 'total_shapes': 2288, 'total_links': 222, 'num_tensors': 56}
2026-08-25 07:33:41,076 [INFO]     [0 | left | 1](candidate_pairs: 27/27 | new_swaps: 13 | total: 23) -> {'max_bond': 64, 'max_links': 4, 'total_elems': 84988, 'total_shapes': 1904, 'total_links': 222, 'num_tensors': 56}
2026-08-25 07:33:41,175 [INFO]     [0 | right | 0](candidate_pairs: 28/28 | new_swaps: 2 | total: 25) -> {'max_bond': 64, 'max_links': 4, 'total_elems': 75580, 'total_shapes': 1800, 'total_links': 222, 'num_tensors': 56}
2026-08-25 07:33:41,294 [INFO]     [0 | right | 1](candidate_pairs: 27/27 | new_swaps: 1 | total: 26) -> {'max_bond': 64, 'max_links': 4, 'total_elems': 74556, 'total_shapes': 1784, 'total_links': 222, 'num_tensors': 56}
2026-08-25 07:33:41,499 [INFO]     [1 | both | 0](candidate_pairs: 28/28 | new_swaps: 4 | total: 4) -> {'max_bond': 64, 'max_links': 4, 'total_elems': 72796, 'total_shapes': 1736, 'total_links': 222, 'num_tensors': 56}
2026-08-25 07:33:41,776 [INFO]     [1 | both | 1](candidate_pairs: 27/27 | new_swaps: 1 | total: 5) -> {'max_bond': 64, 'max_links': 4, 'total_elems': 72028, 'total_shapes': 1720, 'total_links': 222, 'num_tensors': 56}
2026-08-25 07:33:41,884 [INFO]     [1 | left | 0](candidate_pairs: 28/28 | new_swaps: 3 | total: 8) -> {'max_bond': 64, 'max_links': 4, 'total_elems': 63452, 'total_shapes': 1608, 'total_links': 222, 'num_tensors': 56}
2026-08-25 07:33:41,996 [INFO]     [1 | left | 1](candidate_pairs: 27/27 | new_swaps: 1 | total: 9) -> {'max_bond': 64, 'max_links': 4, 'total_elems': 63356, 'total_shapes': 1602, 'total_links': 222, 'num_tensors': 56}
2026-08-25 07:33:42,097 [INFO]     [1 | right | 0](candidate_pairs: 28/28 | new_swaps: 3 | total: 12) -> {'max_bond': 64, 'max_links': 4, 'total_elems': 62524, 'total_shapes': 1578, 'total_links': 222, 'num_tensors': 56}
2026-08-25 07:33:42,173 [INFO]     [1 | right | 1](candidate_pairs: 27/27 | new_swaps: 0 | total: 12) -> {'max_bond': 64, 'max_links': 4, 'total_elems': 62524, 'total_shapes': 1578, 'total_links': 222, 'num_tensors': 56}
2026-08-25 07:33:42,328 [INFO]     [2 | both | 0](candidate_pairs: 28/28 | new_swaps: 0 | total: 0) -> {'max_bond': 64, 'max_links': 4, 'total_elems': 62524, 'total_shapes': 1578, 'total_links': 222, 'num_tensors': 56}
2026-08-25 07:33:42,498 [INFO]     [2 | both | 1](candidate_pairs: 27/27 | new_swaps: 0 | total: 0) -> {'max_bond': 64, 'max_links': 4, 'total_elems': 62524, 'total_shapes': 1578, 'total_links': 222, 'num_tensors': 56}
2026-08-25 07:33:42,570 [INFO]     [2 | left | 0](candidate_pairs: 28/28 | new_swaps: 0 | total: 0) -> {'max_bond': 64, 'max_links': 4, 'total_elems': 62524, 'total_shapes': 1578, 'total_links': 222, 'num_tensors': 56}
2026-08-25 07:33:42,649 [INFO]     [2 | left | 1](candidate_pairs: 27/27 | new_swaps: 0 | total: 0) -> {'max_bond': 64, 'max_links': 4, 'total_elems': 62524, 'total_shapes': 1578, 'total_links': 222, 'num_tensors': 56}
2026-08-25 07:33:42,715 [INFO]     [2 | right | 0](candidate_pairs: 28/28 | new_swaps: 0 | total: 0) -> {'max_bond': 64, 'max_links': 4, 'total_elems': 62524, 'total_shapes': 1578, 'total_links': 222, 'num_tensors': 56}
2026-08-25 07:33:42,790 [INFO]     [2 | right | 1](candidate_pairs: 27/27 | new_swaps: 0 | total: 0) -> {'max_bond': 64, 'max_links': 4, 'total_elems': 62524, 'total_shapes': 1578, 'total_links': 222, 'num_tensors': 56}
2026-08-25 07:33:42,790 [INFO]     [end unswap] -> {'max_bond': 64, 'max_links': 4, 'total_elems': 62524, 'total_shapes': 1578, 'total_links': 222, 'num_tensors': 56}
2026-08-25 07:33:42,792 [INFO] [start rewire](phase=post_unswap, cycle=80, side=left, layers=1486, trials=20, seed=123, parallel=False, route_candidates=1, route_score=none)
2026-08-25 07:33:44,190 [INFO] [end rewire](phase=post_unswap, cycle=80, side=left, routed_layers=1489, elapsed_s=1.40)
2026-08-25 07:33:44,190 [INFO] [start rewire](phase=post_unswap, cycle=80, side=right, layers=1578, trials=20, seed=123, parallel=False, route_candidates=1, route_score=none)
2026-08-25 07:33:45,674 [INFO] [end rewire](phase=post_unswap, cycle=80, side=right, routed_layers=1579, elapsed_s=1.48)
2026-08-25 07:33:45,766 [ERROR] aborting after 40 consecutive no-progress unswap cycles (limit=40, consumed=179/1885, cutoff=0.0006, mode=swap_thrash). The MPO is small at the stall (max_bond=64 vs cap 512, elems=62524 vs unswap_threshold 1000000) -- the last cycles absorbed only routing SWAP layers before reaching the next 2q block, so zero work gates were consumed. Changing --cutoff will NOT help. Raise --abort-after-no-progress-unswap-cycles (e.g. 20) or set it negative to disable the guard and let the reroute push past this patch.
2026-08-25 07:33:45,858 [INFO] [end compressing](left: 1489, right: 1579) -> {'max_bond': 64, 'max_links': 4, 'total_elems': 62524, 'total_shapes': 1578, 'total_links': 222, 'num_tensors': 56}
2026-08-25 07:33:45,953 [WARNING] samples.png generation disabled: No module named 'matplotlib'
