time,stage,absorb_side,it_left,it_right,layers_left,layers_right,u_consumed_total_left,u_consumed_total_right,u_consumed_total,swap_consumed,u_consumed,u_consumed_after_unswap,probe_left_time_s,probe_right_time_s,probe_total_time_s,probe_wall_time_s,probe_left_total_elems,probe_right_total_elems,probe_left_max_bond,probe_right_max_bond,probe_left_hit_max_bond,probe_right_hit_max_bond,probe_left_over_unswap_threshold,probe_right_over_unswap_threshold,selected_total_elems,selected_max_bond,selected_hit_max_bond,compression_max_bond_limit,compression_cutoff,unswap_trigger_max_bond,cycle_start_total_elems,no_progress_unswap_cycles,absorb_score_mode,probe_left_score,probe_right_score,absorb_lookahead_depth,absorb_lookahead_depth_used,absorb_lookahead_candidates,absorb_lookahead_choice,absorb_lookahead_score,absorb_lookahead_time_s,max_bond,max_links,total_elems,total_shapes,total_links,num_tensors,iteration,side,parity,candidate_pairs,candidate_pairs_total,new_swaps,total_swaps,pair_lookahead_probes,pair_lookahead_candidates,pair_lookahead_current_score,pair_lookahead_best_score,alignment_score,route_proxy_weight,route_proxy_lookahead,route_proxy_rejected_swaps,route_proxy_added_swaps,alignment_weight,alignment_protect_gain,alignment_tie_loss,unswap_cycle,unswap_cycle_time_s,gates_consumed,total_work_gates,remaining_work_gates,cycle_gates_consumed,hit_max_bond,rewire_side,rewire_phase,rewire_time_s,sabre_trials,remaining_layers_before_rewire,parallel_rewire,adaptive_parallel_rewire,adaptive_parallel_rewire_probed,cycle_work_consumed_before_rewire,route_candidates,route_score,route_score_lookahead,parallel_route_candidates,route_candidate_workers,route_chosen_seed,route_score_value,route_score_time_s,route_rewire_time_s,route_candidate_scores,route_total_time_s,rewire_wall_time_s
6.284243000001879,absorbing,L,1,0,2365,2264,0,0,0,19,0,0,0.05695970798842609,0.05272074998356402,0.10968045797199011,0.11058320899610408,392,736,1,4,False,False,False,False,392,1,False,4096,0.002,,392,0,total_elems,392,736,1,1,,,,0.0,1,4,392,586,390,98,,,,,,,,,,,,,,,,,,,,,,,,,,,,,,,,,,,,,,,,,,,,,,,
6.410710833006306,absorbing,R,1,1,2365,2264,0,1,1,14,1,1,0.06528995800181292,0.054884000011952594,0.12017395801376551,0.12146516700158827,848,736,4,4,False,False,False,False,736,4,False,4096,0.002,,392,0,total_elems,848,736,1,1,,,,0.0,4,4,736,672,390,98,,,,,,,,,,,,,,,,,,,,,,,,,,,,,,,,,,,,,,,,,,,,,,,
6.513527750008507,absorbing,L,2,1,2365,2264,0,1,1,21,0,1,0.049553041986655444,0.049104000005172566,0.09865704199182801,0.09966249999706633,1288,1756,4,4,False,False,False,False,1288,4,False,4096,0.002,,392,0,total_elems,1288,1756,1,1,,,,0.0,4,4,1288,774,390,98,,,,,,,,,,,,,,,,,,,,,,,,,,,,,,,,,,,,,,,,,,,,,,,
6.6226502500067,absorbing,R,2,2,2365,2264,0,1,1,15,0,1,0.05445504197268747,0.05049691698513925,0.10495195895782672,0.10603454199736007,2840,2164,8,4,False,False,False,False,2164,4,False,4096,0.002,,392,0,total_elems,2840,2164,1,1,,,,0.0,4,4,2164,846,390,98,,,,,,,,,,,,,,,,,,,,,,,,,,,,,,,,,,,,,,,,,,,,,,,
6.73203499999363,absorbing,R,2,3,2365,2264,0,1,1,15,0,1,0.05366958401282318,0.051588208007160574,0.10525779201998375,0.10628995799925178,4556,3596,16,16,False,False,False,False,3596,16,False,4096,0.002,,392,0,total_elems,4556,3596,1,1,,,,0.0,16,4,3596,946,390,98,,,,,,,,,,,,,,,,,,,,,,,,,,,,,,,,,,,,,,,,,,,,,,,
6.840552875015419,absorbing,R,2,4,2365,2264,0,1,1,16,0,1,0.0532439999806229,0.05095712500042282,0.10420112498104572,0.10526954199303873,6540,6488,16,16,False,False,False,False,6488,16,False,4096,0.002,,392,0,total_elems,6540,6488,1,1,,,,0.0,16,4,6488,1066,390,98,,,,,,,,,,,,,,,,,,,,,,,,,,,,,,,,,,,,,,,,,,,,,,,
6.951749833009671,absorbing,L,3,4,2365,2264,2,1,3,20,2,3,0.05445841597975232,0.05169679198297672,0.10615520796272904,0.1072766249999404,10044,11744,16,16,False,False,False,False,10044,16,False,4096,0.002,,392,0,total_elems,10044,11744,1,1,,,,0.0,16,4,10044,1292,390,98,,,,,,,,,,,,,,,,,,,,,,,,,,,,,,,,,,,,,,,,,,,,,,,
7.064473000005819,absorbing,R,3,5,2365,2264,2,1,3,16,0,3,0.05380695901112631,0.054767875000834465,0.10857483401196077,0.10960162497940473,18156,17040,16,16,False,False,False,False,17040,16,False,4096,0.002,,392,0,total_elems,18156,17040,1,1,,,,0.0,16,4,17040,1520,390,98,,,,,,,,,,,,,,,,,,,,,,,,,,,,,,,,,,,,,,,,,,,,,,,
7.185998500004644,absorbing,R,3,6,2365,2264,2,1,3,15,0,3,0.06123766701784916,0.05596329100080766,0.11720095801865682,0.11837883302359842,32064,30852,64,64,False,False,False,False,30852,64,False,4096,0.002,,392,0,total_elems,32064,30852,1,1,,,,0.0,64,4,30852,1826,390,98,,,,,,,,,,,,,,,,,,,,,,,,,,,,,,,,,,,,,,,,,,,,,,,
7.317937375017209,absorbing,L,4,6,2365,2264,2,1,3,20,0,3,0.06313075000070967,0.06419383297907189,0.12732458297978155,0.12835962499957532,55836,64736,64,64,False,False,False,False,55836,64,False,4096,0.002,,392,0,total_elems,55836,64736,1,1,,,,0.0,64,4,55836,2276,390,98,,,,,,,,,,,,,,,,,,,,,,,,,,,,,,,,,,,,,,,,,,,,,,,
7.481996707996586,absorbing,R,4,7,2365,2264,2,2,4,14,1,4,0.08131570802652277,0.0785021249903366,0.15981783301685937,0.16089908400317654,128112,106904,64,64,False,False,False,False,106904,64,False,4096,0.002,,392,0,total_elems,128112,106904,1,1,,,,0.0,64,4,106904,2758,390,98,,,,,,,,,,,,,,,,,,,,,,,,,,,,,,,,,,,,,,,,,,,,,,,
7.733234750019619,absorbing,R,4,8,2365,2264,2,2,4,15,0,4,0.12326095899334177,0.12275929198949598,0.24602025098283775,0.24710437501198612,200528,195320,128,128,False,False,False,False,195320,128,False,4096,0.002,,392,0,total_elems,200528,195320,1,1,,,,0.0,128,4,195320,3300,390,98,,,,,,,,,,,,,,,,,,,,,,,,,,,,,,,,,,,,,,,,,,,,,,,
8.268983874993864,absorbing,R,4,9,2365,2264,2,2,4,15,0,4,0.26493991698953323,0.26540762500371784,0.5303475419932511,0.5318888750043698,398000,304152,256,128,False,False,False,False,304152,128,False,4096,0.002,,392,0,total_elems,398000,304152,1,1,,,,0.0,128,4,304152,3850,390,98,,,,,,,,,,,,,,,,,,,,,,,,,,,,,,,,,,,,,,,,,,,,,,,
9.112316957995063,absorbing,L,5,9,2365,2264,2,2,4,19,0,4,0.3849501670047175,0.4526643750141375,0.837614542018855,0.8389780000143219,596304,610704,256,256,False,False,False,False,596304,256,False,4096,0.002,,392,0,total_elems,596304,610704,1,1,,,,0.0,256,4,596304,5094,390,98,,,,,,,,,,,,,,,,,,,,,,,,,,,,,,,,,,,,,,,,,,,,,,,
11.629823750001378,absorbing,L,6,9,2365,2264,3,2,5,18,1,5,1.234965583018493,1.2778354590118397,2.5128010420303326,2.514148667018162,800396,1074888,256,256,False,False,False,True,800396,256,False,4096,0.002,,392,0,total_elems,800396,1074888,1,1,,,,0.0,256,4,800396,5980,390,98,,,,,,,,,,,,,,,,,,,,,,,,,,,,,,,,,,,,,,,,,,,,,,,
14.212419624993345,absorbing,L,7,9,2365,2264,5,2,7,14,2,7,0.7925621659960598,1.784178374975454,2.576740540971514,2.5785502910148352,868548,1575428,256,256,False,False,False,True,868548,256,False,4096,0.002,,392,0,total_elems,868548,1575428,1,1,,,,0.0,256,4,868548,6612,390,98,,,,,,,,,,,,,,,,,,,,,,,,,,,,,,,,,,,,,,,,,,,,,,,
30.843395833013346,unswapping,,,,,,,,,,,,,,,,,,,,,,,,,,,,,,,,,,,,,,,,,256,4,1311812,7412,390,98,0,both,0,49,49,4,4,,,,,0,,,,,,,,,,,,,,,,,,,,,,,,,,,,,,,,,,,
41.93916624999838,unswapping,,,,,,,,,,,,,,,,,,,,,,,,,,,,,,,,,,,,,,,,,256,4,669988,5734,390,98,0,both,1,48,48,12,16,,,,,0,,,,,,,,,,,,,,,,,,,,,,,,,,,,,,,,,,,
44.19768075001775,unswapping,,,,,,,,,,,,,,,,,,,,,,,,,,,,,,,,,,,,,,,,,128,4,409540,4584,390,98,0,left,0,49,49,14,30,,,,,28,,,,,,,,,,,,,,,,,,,,,,,,,,,,,,,,,,,
45.51921762499842,unswapping,,,,,,,,,,,,,,,,,,,,,,,,,,,,,,,,,,,,,,,,,128,4,203520,3490,390,98,0,left,1,48,48,23,53,,,,,74,,,,,,,,,,,,,,,,,,,,,,,,,,,,,,,,,,,
45.90015745800338,unswapping,,,,,,,,,,,,,,,,,,,,,,,,,,,,,,,,,,,,,,,,,64,4,127368,2854,390,98,0,right,0,49,49,12,65,,,,,94,,,,,,,,,,,,,,,,,,,,,,,,,,,,,,,,,,,
46.21457825001562,unswapping,,,,,,,,,,,,,,,,,,,,,,,,,,,,,,,,,,,,,,,,,64,4,87848,2478,390,98,0,right,1,48,48,14,79,,,,,122,,,,,,,,,,,,,,,,,,,,,,,,,,,,,,,,,,,
46.60105162500986,unswapping,,,,,,,,,,,,,,,,,,,,,,,,,,,,,,,,,,,,,,,,,64,4,50676,1940,390,98,1,both,0,49,49,20,20,,,,,162,,,,,,,,,,,,,,,,,,,,,,,,,,,,,,,,,,,
46.8675007080019,unswapping,,,,,,,,,,,,,,,,,,,,,,,,,,,,,,,,,,,,,,,,,64,4,27212,1536,390,98,1,both,1,48,48,13,33,,,,,192,,,,,,,,,,,,,,,,,,,,,,,,,,,,,,,,,,,
46.99104283301858,unswapping,,,,,,,,,,,,,,,,,,,,,,,,,,,,,,,,,,,,,,,,,32,4,14660,1262,390,98,1,left,0,49,49,14,47,,,,,214,,,,,,,,,,,,,,,,,,,,,,,,,,,,,,,,,,,
47.089926083019236,unswapping,,,,,,,,,,,,,,,,,,,,,,,,,,,,,,,,,,,,,,,,,32,4,8724,1130,390,98,1,left,1,48,48,10,57,,,,,230,,,,,,,,,,,,,,,,,,,,,,,,,,,,,,,,,,,
47.17948366701603,unswapping,,,,,,,,,,,,,,,,,,,,,,,,,,,,,,,,,,,,,,,,,16,4,5796,1026,390,98,1,right,0,49,49,7,64,,,,,242,,,,,,,,,,,,,,,,,,,,,,,,,,,,,,,,,,,
47.26614116699784,unswapping,,,,,,,,,,,,,,,,,,,,,,,,,,,,,,,,,,,,,,,,,16,4,5256,988,390,98,1,right,1,48,48,6,70,,,,,250,,,,,,,,,,,,,,,,,,,,,,,,,,,,,,,,,,,
47.42075337501592,unswapping,,,,,,,,,,,,,,,,,,,,,,,,,,,,,,,,,,,,,,,,,16,4,3812,926,390,98,2,both,0,49,49,9,9,,,,,258,,,,,,,,,,,,,,,,,,,,,,,,,,,,,,,,,,,
47.578787875012495,unswapping,,,,,,,,,,,,,,,,,,,,,,,,,,,,,,,,,,,,,,,,,8,4,2660,838,390,98,2,both,1,48,48,13,22,,,,,274,,,,,,,,,,,,,,,,,,,,,,,,,,,,,,,,,,,
47.670667875005165,unswapping,,,,,,,,,,,,,,,,,,,,,,,,,,,,,,,,,,,,,,,,,8,4,2084,790,390,98,2,left,0,49,49,7,29,,,,,286,,,,,,,,,,,,,,,,,,,,,,,,,,,,,,,,,,,
47.7623876669968,unswapping,,,,,,,,,,,,,,,,,,,,,,,,,,,,,,,,,,,,,,,,,4,4,1856,766,390,98,2,left,1,48,48,3,32,,,,,290,,,,,,,,,,,,,,,,,,,,,,,,,,,,,,,,,,,
47.85486908300663,unswapping,,,,,,,,,,,,,,,,,,,,,,,,,,,,,,,,,,,,,,,,,4,4,1684,750,390,98,2,right,0,49,49,3,35,,,,,290,,,,,,,,,,,,,,,,,,,,,,,,,,,,,,,,,,,
47.94059149999521,unswapping,,,,,,,,,,,,,,,,,,,,,,,,,,,,,,,,,,,,,,,,,4,4,1624,744,390,98,2,right,1,48,48,1,36,,,,,292,,,,,,,,,,,,,,,,,,,,,,,,,,,,,,,,,,,
48.10824950001552,unswapping,,,,,,,,,,,,,,,,,,,,,,,,,,,,,,,,,,,,,,,,,4,4,1096,692,390,98,3,both,0,49,49,12,12,,,,,316,,,,,,,,,,,,,,,,,,,,,,,,,,,,,,,,,,,
48.26290674999473,unswapping,,,,,,,,,,,,,,,,,,,,,,,,,,,,,,,,,,,,,,,,,4,4,892,670,390,98,3,both,1,48,48,6,18,,,,,324,,,,,,,,,,,,,,,,,,,,,,,,,,,,,,,,,,,
48.35281516701798,unswapping,,,,,,,,,,,,,,,,,,,,,,,,,,,,,,,,,,,,,,,,,4,4,868,666,390,98,3,left,0,49,49,1,19,,,,,326,,,,,,,,,,,,,,,,,,,,,,,,,,,,,,,,,,,
48.445296916994266,unswapping,,,,,,,,,,,,,,,,,,,,,,,,,,,,,,,,,,,,,,,,,4,4,736,640,390,98,3,left,1,48,48,5,24,,,,,334,,,,,,,,,,,,,,,,,,,,,,,,,,,,,,,,,,,
48.52747229201486,unswapping,,,,,,,,,,,,,,,,,,,,,,,,,,,,,,,,,,,,,,,,,4,4,676,634,390,98,3,right,0,49,49,1,25,,,,,336,,,,,,,,,,,,,,,,,,,,,,,,,,,,,,,,,,,
48.562262666993774,unswapping,,,,,,,,,,,,,,,,,,,,,,,,,,,,,,,,,,,,,,,,,4,4,676,634,390,98,3,right,1,48,48,0,25,,,,,336,,,,,,,,,,,,,,,,,,,,,,,,,,,,,,,,,,,
48.711374833015725,unswapping,,,,,,,,,,,,,,,,,,,,,,,,,,,,,,,,,,,,,,,,,4,4,556,618,390,98,4,both,0,49,49,6,6,,,,,342,,,,,,,,,,,,,,,,,,,,,,,,,,,,,,,,,,,
48.85604687500745,unswapping,,,,,,,,,,,,,,,,,,,,,,,,,,,,,,,,,,,,,,,,,4,4,520,612,390,98,4,both,1,48,48,3,9,,,,,346,,,,,,,,,,,,,,,,,,,,,,,,,,,,,,,,,,,
48.890505292016314,unswapping,,,,,,,,,,,,,,,,,,,,,,,,,,,,,,,,,,,,,,,,,4,4,520,612,390,98,4,left,0,49,49,0,9,,,,,346,,,,,,,,,,,,,,,,,,,,,,,,,,,,,,,,,,,
48.97580854201806,unswapping,,,,,,,,,,,,,,,,,,,,,,,,,,,,,,,,,,,,,,,,,4,4,496,606,390,98,4,left,1,48,48,1,10,,,,,348,,,,,,,,,,,,,,,,,,,,,,,,,,,,,,,,,,,
49.01251937501365,unswapping,,,,,,,,,,,,,,,,,,,,,,,,,,,,,,,,,,,,,,,,,4,4,496,606,390,98,4,right,0,49,49,0,10,,,,,348,,,,,,,,,,,,,,,,,,,,,,,,,,,,,,,,,,,
49.0512126669928,unswapping,,,,,,,,,,,,,,,,,,,,,,,,,,,,,,,,,,,,,,,,,4,4,496,606,390,98,4,right,1,48,48,0,10,,,,,348,,,,,,,,,,,,,,,,,,,,,,,,,,,,,,,,,,,
49.12260095801321,unswapping,,,,,,,,,,,,,,,,,,,,,,,,,,,,,,,,,,,,,,,,,4,4,496,606,390,98,5,both,0,49,49,0,0,,,,,348,,,,,,,,,,,,,,,,,,,,,,,,,,,,,,,,,,,
49.19266379199689,unswapping,,,,,,,,,,,,,,,,,,,,,,,,,,,,,,,,,,,,,,,,,4,4,496,606,390,98,5,both,1,48,48,0,0,,,,,348,,,,,,,,,,,,,,,,,,,,,,,,,,,,,,,,,,,
49.227820000000065,unswapping,,,,,,,,,,,,,,,,,,,,,,,,,,,,,,,,,,,,,,,,,4,4,496,606,390,98,5,left,0,49,49,0,0,,,,,348,,,,,,,,,,,,,,,,,,,,,,,,,,,,,,,,,,,
49.26291108300211,unswapping,,,,,,,,,,,,,,,,,,,,,,,,,,,,,,,,,,,,,,,,,4,4,496,606,390,98,5,left,1,48,48,0,0,,,,,348,,,,,,,,,,,,,,,,,,,,,,,,,,,,,,,,,,,
49.29660441700253,unswapping,,,,,,,,,,,,,,,,,,,,,,,,,,,,,,,,,,,,,,,,,4,4,496,606,390,98,5,right,0,49,49,0,0,,,,,348,,,,,,,,,,,,,,,,,,,,,,,,,,,,,,,,,,,
49.332173292001244,unswapping,,,,,,,,,,,,,,,,,,,,,,,,,,,,,,,,,,,,,,,,,4,4,496,606,390,98,5,right,1,48,48,0,0,,,,,348,,,,,,,,,,,,,,,,,,,,,,,,,,,,,,,,,,,
49.33878695801832,unswap_cycle_summary,,,,,,5,2,7,,,,,,,,,,,,,,,,,,,4096,0.002,,,,,,,,,,,,,4,4,496,606,390,98,,,,,,,,,,,,,,,,,,,,1,32.76551045800443,7,1984,1977,7,False,,,,,,,,,,,,,,,,,,,,,
57.64333008299582,rewiring,,,,,,,,,,,,,,,,,,,,,,,,,,,,,,,,,,,,,,,,,,,,,,,,,,,,,,,,,,,,,,,,,,1,,,,,,,left,post_unswap,8.303043291991344,20,2360,False,False,False,7,2,lookahead_total,8,False,1,1132,"(57068, 57068, 64, 64, 1577, 20227, 2384)",0.9954126669908874,7.307575957995141,"[{'seed': 123, 'score': (116036, 116036, 64, 64, 1645, 20497, 2472), 'num_layers': 2472, 'total_swaps': 20497, 'max_layer_swaps': 23, 'swap_only_layers': 1645, 'work_layers': 827, 'unitary_layers': 827, 'first_work_layer': 4, 'leading_no_work_layers': 4, 'lookahead_layers_scored': 8, 'lookahead_final_elems': 116036, 'lookahead_final_max_bond': 64, 'lookahead_peak_elems': 116036, 'lookahead_peak_max_bond': 64, 'lookahead_peak_bond_l2': 41887}, {'seed': 1132, 'score': (57068, 57068, 64, 64, 1577, 20227, 2384), 'num_layers': 2384, 'total_swaps': 20227, 'max_layer_swaps': 22, 'swap_only_layers': 1577, 'work_layers': 807, 'unitary_layers': 807, 'first_work_layer': 4, 'leading_no_work_layers': 4, 'lookahead_layers_scored': 8, 'lookahead_final_elems': 57068, 'lookahead_final_max_bond': 64, 'lookahead_peak_elems': 57068, 'lookahead_peak_max_bond': 64, 'lookahead_peak_bond_l2': 20242}]",8.30301404200145,16.63233404100174
65.97173049999401,rewiring,,,,,,,,,,,,,,,,,,,,,,,,,,,,,,,,,,,,,,,,,,,,,,,,,,,,,,,,,,,,,,,,,,1,,,,,,,right,post_unswap,8.327705374977086,20,2257,False,False,False,7,2,lookahead_total,8,False,1,1132,"(116104, 116104, 64, 64, 1670, 18717, 2475)",1.0541185410111211,7.273521083989181,"[{'seed': 123, 'score': (137148, 137148, 64, 64, 1305, 18595, 2099), 'num_layers': 2099, 'total_swaps': 18595, 'max_layer_swaps': 23, 'swap_only_layers': 1305, 'work_layers': 794, 'unitary_layers': 794, 'first_work_layer': 3, 'leading_no_work_layers': 3, 'lookahead_layers_scored': 8, 'lookahead_final_elems': 137148, 'lookahead_final_max_bond': 64, 'lookahead_peak_elems': 137148, 'lookahead_peak_max_bond': 64, 'lookahead_peak_bond_l2': 45718}, {'seed': 1132, 'score': (116104, 116104, 64, 64, 1670, 18717, 2475), 'num_layers': 2475, 'total_swaps': 18717, 'max_layer_swaps': 21, 'swap_only_layers': 1670, 'work_layers': 805, 'unitary_layers': 805, 'first_work_layer': 3, 'leading_no_work_layers': 3, 'lookahead_layers_scored': 8, 'lookahead_final_elems': 116104, 'lookahead_final_max_bond': 64, 'lookahead_peak_elems': 116104, 'lookahead_peak_max_bond': 64, 'lookahead_peak_bond_l2': 40825}]",8.32766624999931,16.63233404100174
65.97179937499459,cycle_progress,,,,,,5,2,7,,,,,,,,,,,,,,,,,,,4096,0.002,,392,0,,,,,,,,,,4,4,496,606,390,98,,,,,,,,,,,,,,,,,,,,1,,7,1984,1977,7,False,,,,,,,,,,,,,,,,,,,,,16.63233404100174
66.10104470801889,absorbing,L,1,0,2384,2475,5,2,7,22,0,0,0.059138374985195696,0.05319091700948775,0.11232929199468344,0.11947725000209175,496,956,4,4,False,False,False,False,496,4,False,4096,0.002,,496,0,total_elems,496,956,1,1,,,,0.0,4,4,496,606,390,98,,,,,,,,,,,,,,,,,,,,,,,,,,,,,,,,,,,,,,,,,,,,,,,
66.20793391700136,absorbing,R,1,1,2384,2475,5,2,7,16,0,0,0.05316166699049063,0.04916487500304356,0.10232654199353419,0.1035097090061754,1004,956,4,4,False,False,False,False,956,4,False,4096,0.002,,496,0,total_elems,1004,956,1,1,,,,0.0,4,4,956,700,390,98,,,,,,,,,,,,,,,,,,,,,,,,,,,,,,,,,,,,,,,,,,,,,,,
66.32631533301901,absorbing,L,2,1,2384,2475,5,2,7,21,0,0,0.0585431250219699,0.0537578749936074,0.1123010000155773,0.11366983299376443,1656,1872,4,4,False,False,False,False,1656,4,False,4096,0.002,,496,0,total_elems,1656,1872,1,1,,,,0.0,4,4,1656,800,390,98,,,,,,,,,,,,,,,,,,,,,,,,,,,,,,,,,,,,,,,,,,,,,,,
66.44358341701445,absorbing,R,2,2,2384,2475,5,2,7,17,0,0,0.059193916007643566,0.05279133399017155,0.11198524999781512,0.11312725002062507,2728,2416,8,4,False,False,False,False,2416,4,False,4096,0.002,,496,0,total_elems,2728,2416,1,1,,,,0.0,4,4,2416,870,390,98,,,,,,,,,,,,,,,,,,,,,,,,,,,,,,,,,,,,,,,,,,,,,,,
66.55195745799574,absorbing,L,3,2,2384,2475,5,2,7,20,0,0,0.052151417010463774,0.05108170901075937,0.10323312602122314,0.104476959008025,4132,4700,16,16,False,False,False,False,4132,16,False,4096,0.002,,496,0,total_elems,4132,4700,1,1,,,,0.0,16,4,4132,1004,390,98,,,,,,,,,,,,,,,,,,,,,,,,,,,,,,,,,,,,,,,,,,,,,,,
66.65921095799422,absorbing,L,4,2,2384,2475,5,2,7,19,0,0,0.05285516698495485,0.049660707998555154,0.10251587498351,0.10361608301172964,7828,8884,16,16,False,False,False,False,7828,16,False,4096,0.002,,496,0,total_elems,7828,8884,1,1,,,,0.0,16,4,7828,1166,390,98,,,,,,,,,,,,,,,,,,,,,,,,,,,,,,,,,,,,,,,,,,,,,,,
66.77215387500473,absorbing,L,5,2,2384,2475,6,2,8,17,1,1,0.0553641660080757,0.05262995799421333,0.10799412400228903,0.10934295901097357,12456,18628,16,64,False,False,False,False,12456,16,False,4096,0.002,,496,0,total_elems,12456,18628,1,1,,,,0.0,16,4,12456,1370,390,98,,,,,,,,,,,,,,,,,,,,,,,,,,,,,,,,,,,,,,,,,,,,,,,
66.8808612920111,absorbing,L,6,2,2384,2475,7,2,9,15,1,2,0.0520007919985801,0.052306833007605746,0.10430762500618584,0.10541833401657641,20128,24988,16,64,False,False,False,False,20128,16,False,4096,0.002,,496,0,total_elems,20128,24988,1,1,,,,0.0,16,4,20128,1626,390,98,,,,,,,,,,,,,,,,,,,,,,,,,,,,,,,,,,,,,,,,,,,,,,,
66.99795791701763,absorbing,L,7,2,2384,2475,7,2,9,15,0,2,0.05510258299182169,0.05753104199538939,0.11263362498721108,0.11380579200340435,39964,44692,64,64,False,False,False,False,39964,64,False,4096,0.002,,496,0,total_elems,39964,44692,1,1,,,,0.0,64,4,39964,2040,390,98,,,,,,,,,,,,,,,,,,,,,,,,,,,,,,,,,,,,,,,,,,,,,,,
67.1540801670053,absorbing,L,8,2,2384,2475,7,2,9,13,0,2,0.07319991700933315,0.0782955419854261,0.15149545899475925,0.1527402919891756,62876,101008,64,64,False,False,False,False,62876,64,False,4096,0.002,,496,0,total_elems,62876,101008,1,1,,,,0.0,64,4,62876,2284,390,98,,,,,,,,,,,,,,,,,,,,,,,,,,,,,,,,,,,,,,,,,,,,,,,
67.32075720801367,absorbing,L,9,2,2384,2475,7,2,9,13,0,2,0.06608062499435619,0.09439704200485721,0.1604776669992134,0.1632139159773942,75032,107792,64,64,False,False,False,False,75032,64,False,4096,0.002,,496,0,total_elems,75032,107792,1,1,,,,0.0,64,4,75032,2506,390,98,,,,,,,,,,,,,,,,,,,,,,,,,,,,,,,,,,,,,,,,,,,,,,,
67.49698229201022,absorbing,L,10,2,2384,2475,7,2,9,13,0,2,0.0700383750081528,0.10182791599072516,0.17186629099887796,0.17306775000179186,94136,128144,64,64,False,False,False,False,94136,64,False,4096,0.002,,496,0,total_elems,94136,128144,1,1,,,,0.0,64,4,94136,2836,390,98,,,,,,,,,,,,,,,,,,,,,,,,,,,,,,,,,,,,,,,,,,,,,,,
67.6914836250071,absorbing,L,11,2,2384,2475,7,2,9,13,0,2,0.08425279200309888,0.10322541600908153,0.1874782080121804,0.1912920419999864,129716,166256,64,64,False,False,False,False,129716,64,False,4096,0.002,,496,0,total_elems,129716,166256,1,1,,,,0.0,64,4,129716,3154,390,98,,,,,,,,,,,,,,,,,,,,,,,,,,,,,,,,,,,,,,,,,,,,,,,
67.90467758299201,absorbing,L,12,2,2384,2475,8,2,10,12,1,3,0.10163920800550841,0.10613391699735075,0.20777312500285916,0.2089037089899648,182896,187052,64,64,False,False,False,False,182896,64,False,4096,0.002,,496,0,total_elems,182896,187052,1,1,,,,0.0,64,4,182896,3672,390,98,,,,,,,,,,,,,,,,,,,,,,,,,,,,,,,,,,,,,,,,,,,,,,,
68.25023304199567,absorbing,R,12,3,2384,2475,8,2,10,15,0,3,0.16387570899678394,0.17742291701142676,0.3412986260082107,0.34238741599256173,345516,249448,256,64,False,False,False,False,249448,64,False,4096,0.002,,496,0,total_elems,345516,249448,1,1,,,,0.0,64,4,249448,4020,390,98,,,,,,,,,,,,,,,,,,,,,,,,,,,,,,,,,,,,,,,,,,,,,,,
68.75527487500221,absorbing,L,13,3,2384,2475,10,2,12,12,2,5,0.17963137500919402,0.3194307500089053,0.4990621250180993,0.500586166017456,313764,461380,64,256,False,False,False,False,313764,64,False,4096,0.002,,496,0,total_elems,313764,461380,1,1,,,,0.0,64,4,313764,4490,390,98,,,,,,,,,,,,,,,,,,,,,,,,,,,,,,,,,,,,,,,,,,,,,,,
69.48420704199816,absorbing,R,13,4,2384,2475,10,3,13,15,1,6,0.3389325409953017,0.38460124999983236,0.723533790995134,0.7248965839971788,649316,519168,256,256,False,False,False,False,519168,256,False,4096,0.002,,496,0,total_elems,649316,519168,1,1,,,,0.0,256,4,519168,5558,390,98,,,,,,,,,,,,,,,,,,,,,,,,,,,,,,,,,,,,,,,,,,,,,,,
70.59316154199769,absorbing,L,14,4,2384,2475,11,3,14,14,1,7,0.41920308300177567,0.6839519579953048,1.1031550409970805,1.1051490840036422,782528,971808,256,256,False,False,False,False,782528,256,False,4096,0.002,,496,0,total_elems,782528,971808,1,1,,,,0.0,256,4,782528,6658,390,98,,,,,,,,,,,,,,,,,,,,,,,,,,,,,,,,,,,,,,,,,,,,,,,
88.66619887499837,unswapping,,,,,,,,,,,,,,,,,,,,,,,,,,,,,,,,,,,,,,,,,256,4,1637088,7564,390,98,0,both,0,49,49,7,7,,,,,0,,,,,,,,,,,,,,,,,,,,,,,,,,,,,,,,,,,
117.11901662501623,unswapping,,,,,,,,,,,,,,,,,,,,,,,,,,,,,,,,,,,,,,,,,256,4,1373432,6272,390,98,0,both,1,48,48,12,19,,,,,0,,,,,,,,,,,,,,,,,,,,,,,,,,,,,,,,,,,
127.88461433301563,unswapping,,,,,,,,,,,,,,,,,,,,,,,,,,,,,,,,,,,,,,,,,256,4,424432,4522,390,98,0,left,0,49,49,15,34,,,,,30,,,,,,,,,,,,,,,,,,,,,,,,,,,,,,,,,,,
128.95362054201541,unswapping,,,,,,,,,,,,,,,,,,,,,,,,,,,,,,,,,,,,,,,,,64,4,140152,3078,390,98,0,left,1,48,48,15,49,,,,,60,,,,,,,,,,,,,,,,,,,,,,,,,,,,,,,,,,,
129.2640844169946,unswapping,,,,,,,,,,,,,,,,,,,,,,,,,,,,,,,,,,,,,,,,,64,4,119992,2730,390,98,0,right,0,49,49,9,58,,,,,74,,,,,,,,,,,,,,,,,,,,,,,,,,,,,,,,,,,
129.6292741250072,unswapping,,,,,,,,,,,,,,,,,,,,,,,,,,,,,,,,,,,,,,,,,64,4,85504,2436,390,98,0,right,1,48,48,11,69,,,,,96,,,,,,,,,,,,,,,,,,,,,,,,,,,,,,,,,,,
130.05383537500165,unswapping,,,,,,,,,,,,,,,,,,,,,,,,,,,,,,,,,,,,,,,,,64,4,35764,1914,390,98,1,both,0,49,49,14,14,,,,,120,,,,,,,,,,,,,,,,,,,,,,,,,,,,,,,,,,,
130.27826120800455,unswapping,,,,,,,,,,,,,,,,,,,,,,,,,,,,,,,,,,,,,,,,,16,4,20948,1594,390,98,1,both,1,48,48,11,25,,,,,150,,,,,,,,,,,,,,,,,,,,,,,,,,,,,,,,,,,
130.38266487501096,unswapping,,,,,,,,,,,,,,,,,,,,,,,,,,,,,,,,,,,,,,,,,16,4,18904,1512,390,98,1,left,0,49,49,5,30,,,,,158,,,,,,,,,,,,,,,,,,,,,,,,,,,,,,,,,,,
130.4877312919998,unswapping,,,,,,,,,,,,,,,,,,,,,,,,,,,,,,,,,,,,,,,,,16,4,17872,1450,390,98,1,left,1,48,48,7,37,,,,,166,,,,,,,,,,,,,,,,,,,,,,,,,,,,,,,,,,,
130.59081074999995,unswapping,,,,,,,,,,,,,,,,,,,,,,,,,,,,,,,,,,,,,,,,,16,4,14584,1344,390,98,1,right,0,49,49,9,46,,,,,180,,,,,,,,,,,,,,,,,,,,,,,,,,,,,,,,,,,
130.69125379199977,unswapping,,,,,,,,,,,,,,,,,,,,,,,,,,,,,,,,,,,,,,,,,16,4,12112,1264,390,98,1,right,1,48,48,6,52,,,,,186,,,,,,,,,,,,,,,,,,,,,,,,,,,,,,,,,,,
130.90547550001065,unswapping,,,,,,,,,,,,,,,,,,,,,,,,,,,,,,,,,,,,,,,,,16,4,8768,1148,390,98,2,both,0,49,49,12,12,,,,,208,,,,,,,,,,,,,,,,,,,,,,,,,,,,,,,,,,,
131.07759358300245,unswapping,,,,,,,,,,,,,,,,,,,,,,,,,,,,,,,,,,,,,,,,,16,4,5312,1024,390,98,2,both,1,48,48,12,24,,,,,234,,,,,,,,,,,,,,,,,,,,,,,,,,,,,,,,,,,
131.168657333008,unswapping,,,,,,,,,,,,,,,,,,,,,,,,,,,,,,,,,,,,,,,,,8,4,4016,958,390,98,2,left,0,49,49,5,29,,,,,242,,,,,,,,,,,,,,,,,,,,,,,,,,,,,,,,,,,
131.26115662499797,unswapping,,,,,,,,,,,,,,,,,,,,,,,,,,,,,,,,,,,,,,,,,8,4,3548,916,390,98,2,left,1,48,48,7,36,,,,,250,,,,,,,,,,,,,,,,,,,,,,,,,,,,,,,,,,,
131.34975295801996,unswapping,,,,,,,,,,,,,,,,,,,,,,,,,,,,,,,,,,,,,,,,,8,4,3124,876,390,98,2,right,0,49,49,6,42,,,,,258,,,,,,,,,,,,,,,,,,,,,,,,,,,,,,,,,,,
131.4384818749968,unswapping,,,,,,,,,,,,,,,,,,,,,,,,,,,,,,,,,,,,,,,,,8,4,2944,862,390,98,2,right,1,48,48,3,45,,,,,264,,,,,,,,,,,,,,,,,,,,,,,,,,,,,,,,,,,
131.61118887501652,unswapping,,,,,,,,,,,,,,,,,,,,,,,,,,,,,,,,,,,,,,,,,8,4,2368,822,390,98,3,both,0,49,49,7,7,,,,,274,,,,,,,,,,,,,,,,,,,,,,,,,,,,,,,,,,,
131.78372320800554,unswapping,,,,,,,,,,,,,,,,,,,,,,,,,,,,,,,,,,,,,,,,,4,4,1744,766,390,98,3,both,1,48,48,9,16,,,,,288,,,,,,,,,,,,,,,,,,,,,,,,,,,,,,,,,,,
131.8808095419954,unswapping,,,,,,,,,,,,,,,,,,,,,,,,,,,,,,,,,,,,,,,,,4,4,1648,754,390,98,3,left,0,49,49,3,19,,,,,292,,,,,,,,,,,,,,,,,,,,,,,,,,,,,,,,,,,
131.97459837500355,unswapping,,,,,,,,,,,,,,,,,,,,,,,,,,,,,,,,,,,,,,,,,4,4,1592,744,390,98,3,left,1,48,48,2,21,,,,,294,,,,,,,,,,,,,,,,,,,,,,,,,,,,,,,,,,,
132.0607720419939,unswapping,,,,,,,,,,,,,,,,,,,,,,,,,,,,,,,,,,,,,,,,,4,4,1472,732,390,98,3,right,0,49,49,2,23,,,,,296,,,,,,,,,,,,,,,,,,,,,,,,,,,,,,,,,,,
132.14900204201695,unswapping,,,,,,,,,,,,,,,,,,,,,,,,,,,,,,,,,,,,,,,,,4,4,1364,722,390,98,3,right,1,48,48,2,25,,,,,300,,,,,,,,,,,,,,,,,,,,,,,,,,,,,,,,,,,
132.31790320799337,unswapping,,,,,,,,,,,,,,,,,,,,,,,,,,,,,,,,,,,,,,,,,4,4,1132,698,390,98,4,both,0,49,49,7,7,,,,,304,,,,,,,,,,,,,,,,,,,,,,,,,,,,,,,,,,,
132.4741228329949,unswapping,,,,,,,,,,,,,,,,,,,,,,,,,,,,,,,,,,,,,,,,,4,4,988,682,390,98,4,both,1,48,48,5,12,,,,,304,,,,,,,,,,,,,,,,,,,,,,,,,,,,,,,,,,,
132.511590042006,unswapping,,,,,,,,,,,,,,,,,,,,,,,,,,,,,,,,,,,,,,,,,4,4,988,682,390,98,4,left,0,49,49,0,12,,,,,304,,,,,,,,,,,,,,,,,,,,,,,,,,,,,,,,,,,
132.59949637501268,unswapping,,,,,,,,,,,,,,,,,,,,,,,,,,,,,,,,,,,,,,,,,4,4,932,674,390,98,4,left,1,48,48,2,14,,,,,308,,,,,,,,,,,,,,,,,,,,,,,,,,,,,,,,,,,
132.63580058299704,unswapping,,,,,,,,,,,,,,,,,,,,,,,,,,,,,,,,,,,,,,,,,4,4,932,674,390,98,4,right,0,49,49,0,14,,,,,308,,,,,,,,,,,,,,,,,,,,,,,,,,,,,,,,,,,
132.67279250000138,unswapping,,,,,,,,,,,,,,,,,,,,,,,,,,,,,,,,,,,,,,,,,4,4,932,674,390,98,4,right,1,48,48,0,14,,,,,308,,,,,,,,,,,,,,,,,,,,,,,,,,,,,,,,,,,
132.82437008299166,unswapping,,,,,,,,,,,,,,,,,,,,,,,,,,,,,,,,,,,,,,,,,4,4,776,656,390,98,5,both,0,49,49,6,6,,,,,312,,,,,,,,,,,,,,,,,,,,,,,,,,,,,,,,,,,
132.98150416699355,unswapping,,,,,,,,,,,,,,,,,,,,,,,,,,,,,,,,,,,,,,,,,4,4,728,648,390,98,5,both,1,48,48,4,10,,,,,310,,,,,,,,,,,,,,,,,,,,,,,,,,,,,,,,,,,
133.02156516700052,unswapping,,,,,,,,,,,,,,,,,,,,,,,,,,,,,,,,,,,,,,,,,4,4,728,648,390,98,5,left,0,49,49,0,10,,,,,310,,,,,,,,,,,,,,,,,,,,,,,,,,,,,,,,,,,
133.11638437499641,unswapping,,,,,,,,,,,,,,,,,,,,,,,,,,,,,,,,,,,,,,,,,2,4,704,644,390,98,5,left,1,48,48,1,11,,,,,312,,,,,,,,,,,,,,,,,,,,,,,,,,,,,,,,,,,
133.15659808300552,unswapping,,,,,,,,,,,,,,,,,,,,,,,,,,,,,,,,,,,,,,,,,2,4,704,644,390,98,5,right,0,49,49,0,11,,,,,312,,,,,,,,,,,,,,,,,,,,,,,,,,,,,,,,,,,
133.1941475420026,unswapping,,,,,,,,,,,,,,,,,,,,,,,,,,,,,,,,,,,,,,,,,2,4,704,644,390,98,5,right,1,48,48,0,11,,,,,312,,,,,,,,,,,,,,,,,,,,,,,,,,,,,,,,,,,
133.3517770000035,unswapping,,,,,,,,,,,,,,,,,,,,,,,,,,,,,,,,,,,,,,,,,2,4,656,636,390,98,6,both,0,49,49,4,4,,,,,316,,,,,,,,,,,,,,,,,,,,,,,,,,,,,,,,,,,
133.50338425001246,unswapping,,,,,,,,,,,,,,,,,,,,,,,,,,,,,,,,,,,,,,,,,2,4,608,628,390,98,6,both,1,48,48,4,8,,,,,318,,,,,,,,,,,,,,,,,,,,,,,,,,,,,,,,,,,
133.54064812499564,unswapping,,,,,,,,,,,,,,,,,,,,,,,,,,,,,,,,,,,,,,,,,2,4,608,628,390,98,6,left,0,49,49,0,8,,,,,318,,,,,,,,,,,,,,,,,,,,,,,,,,,,,,,,,,,
133.57784633300616,unswapping,,,,,,,,,,,,,,,,,,,,,,,,,,,,,,,,,,,,,,,,,2,4,608,628,390,98,6,left,1,48,48,0,8,,,,,318,,,,,,,,,,,,,,,,,,,,,,,,,,,,,,,,,,,
133.6150295830157,unswapping,,,,,,,,,,,,,,,,,,,,,,,,,,,,,,,,,,,,,,,,,2,4,608,628,390,98,6,right,0,49,49,0,8,,,,,318,,,,,,,,,,,,,,,,,,,,,,,,,,,,,,,,,,,
133.65140383300604,unswapping,,,,,,,,,,,,,,,,,,,,,,,,,,,,,,,,,,,,,,,,,2,4,608,628,390,98,6,right,1,48,48,0,8,,,,,318,,,,,,,,,,,,,,,,,,,,,,,,,,,,,,,,,,,
133.8042110830138,unswapping,,,,,,,,,,,,,,,,,,,,,,,,,,,,,,,,,,,,,,,,,2,4,572,622,390,98,7,both,0,49,49,3,3,,,,,322,,,,,,,,,,,,,,,,,,,,,,,,,,,,,,,,,,,
133.94666741701076,unswapping,,,,,,,,,,,,,,,,,,,,,,,,,,,,,,,,,,,,,,,,,2,4,560,620,390,98,7,both,1,48,48,1,4,,,,,324,,,,,,,,,,,,,,,,,,,,,,,,,,,,,,,,,,,
133.98152566701174,unswapping,,,,,,,,,,,,,,,,,,,,,,,,,,,,,,,,,,,,,,,,,2,4,560,620,390,98,7,left,0,49,49,0,4,,,,,324,,,,,,,,,,,,,,,,,,,,,,,,,,,,,,,,,,,
134.0165660000057,unswapping,,,,,,,,,,,,,,,,,,,,,,,,,,,,,,,,,,,,,,,,,2,4,560,620,390,98,7,left,1,48,48,0,4,,,,,324,,,,,,,,,,,,,,,,,,,,,,,,,,,,,,,,,,,
134.0618597920111,unswapping,,,,,,,,,,,,,,,,,,,,,,,,,,,,,,,,,,,,,,,,,2,4,560,620,390,98,7,right,0,49,49,0,4,,,,,324,,,,,,,,,,,,,,,,,,,,,,,,,,,,,,,,,,,
134.09708216701983,unswapping,,,,,,,,,,,,,,,,,,,,,,,,,,,,,,,,,,,,,,,,,2,4,560,620,390,98,7,right,1,48,48,0,4,,,,,324,,,,,,,,,,,,,,,,,,,,,,,,,,,,,,,,,,,
134.24339312501252,unswapping,,,,,,,,,,,,,,,,,,,,,,,,,,,,,,,,,,,,,,,,,2,4,548,618,390,98,8,both,0,49,49,1,1,,,,,326,,,,,,,,,,,,,,,,,,,,,,,,,,,,,,,,,,,
134.31215841701487,unswapping,,,,,,,,,,,,,,,,,,,,,,,,,,,,,,,,,,,,,,,,,2,4,548,618,390,98,8,both,1,48,48,0,1,,,,,326,,,,,,,,,,,,,,,,,,,,,,,,,,,,,,,,,,,
134.34736304200487,unswapping,,,,,,,,,,,,,,,,,,,,,,,,,,,,,,,,,,,,,,,,,2,4,548,618,390,98,8,left,0,49,49,0,1,,,,,326,,,,,,,,,,,,,,,,,,,,,,,,,,,,,,,,,,,
134.38197070799652,unswapping,,,,,,,,,,,,,,,,,,,,,,,,,,,,,,,,,,,,,,,,,2,4,548,618,390,98,8,left,1,48,48,0,1,,,,,326,,,,,,,,,,,,,,,,,,,,,,,,,,,,,,,,,,,
134.4160386250005,unswapping,,,,,,,,,,,,,,,,,,,,,,,,,,,,,,,,,,,,,,,,,2,4,548,618,390,98,8,right,0,49,49,0,1,,,,,326,,,,,,,,,,,,,,,,,,,,,,,,,,,,,,,,,,,
134.4499258750002,unswapping,,,,,,,,,,,,,,,,,,,,,,,,,,,,,,,,,,,,,,,,,2,4,548,618,390,98,8,right,1,48,48,0,1,,,,,326,,,,,,,,,,,,,,,,,,,,,,,,,,,,,,,,,,,
134.51587925001513,unswapping,,,,,,,,,,,,,,,,,,,,,,,,,,,,,,,,,,,,,,,,,2,4,548,618,390,98,9,both,0,49,49,0,0,,,,,326,,,,,,,,,,,,,,,,,,,,,,,,,,,,,,,,,,,
134.58177104199422,unswapping,,,,,,,,,,,,,,,,,,,,,,,,,,,,,,,,,,,,,,,,,2,4,548,618,390,98,9,both,1,48,48,0,0,,,,,326,,,,,,,,,,,,,,,,,,,,,,,,,,,,,,,,,,,
134.616804417019,unswapping,,,,,,,,,,,,,,,,,,,,,,,,,,,,,,,,,,,,,,,,,2,4,548,618,390,98,9,left,0,49,49,0,0,,,,,326,,,,,,,,,,,,,,,,,,,,,,,,,,,,,,,,,,,
134.6514489580004,unswapping,,,,,,,,,,,,,,,,,,,,,,,,,,,,,,,,,,,,,,,,,2,4,548,618,390,98,9,left,1,48,48,0,0,,,,,326,,,,,,,,,,,,,,,,,,,,,,,,,,,,,,,,,,,
134.68578829200123,unswapping,,,,,,,,,,,,,,,,,,,,,,,,,,,,,,,,,,,,,,,,,2,4,548,618,390,98,9,right,0,49,49,0,0,,,,,326,,,,,,,,,,,,,,,,,,,,,,,,,,,,,,,,,,,
134.71988841699203,unswapping,,,,,,,,,,,,,,,,,,,,,,,,,,,,,,,,,,,,,,,,,2,4,548,618,390,98,9,right,1,48,48,0,0,,,,,326,,,,,,,,,,,,,,,,,,,,,,,,,,,,,,,,,,,
134.72778229200048,unswap_cycle_summary,,,,,,11,3,14,,,,,,,,,,,,,,,,,,,4096,0.002,,,,,,,,,,,,,2,4,548,618,390,98,,,,,,,,,,,,,,,,,,,,2,61.92430191699532,14,1984,1970,7,False,,,,,,,,,,,,,,,,,,,,,
145.47736095800065,rewiring,,,,,,,,,,,,,,,,,,,,,,,,,,,,,,,,,,,,,,,,,,,,,,,,,,,,,,,,,,,,,,,,,,2,,,,,,,left,post_unswap,10.748604124994017,20,2372,False,False,False,7,2,lookahead_total,8,False,1,1132,"(103276, 103276, 64, 64, 1625, 20564, 2403)",0.90845612398698,9.840106041985564,"[{'seed': 123, 'score': (106436, 106436, 64, 64, 1705, 20389, 2504), 'num_layers': 2504, 'total_swaps': 20389, 'max_layer_swaps': 22, 'swap_only_layers': 1705, 'work_layers': 799, 'unitary_layers': 799, 'first_work_layer': 4, 'leading_no_work_layers': 4, 'lookahead_layers_scored': 8, 'lookahead_final_elems': 106436, 'lookahead_final_max_bond': 64, 'lookahead_peak_elems': 106436, 'lookahead_peak_max_bond': 64, 'lookahead_peak_bond_l2': 35668}, {'seed': 1132, 'score': (103276, 103276, 64, 64, 1625, 20564, 2403), 'num_layers': 2403, 'total_swaps': 20564, 'max_layer_swaps': 22, 'swap_only_layers': 1625, 'work_layers': 778, 'unitary_layers': 778, 'first_work_layer': 5, 'leading_no_work_layers': 5, 'lookahead_layers_scored': 8, 'lookahead_final_elems': 103276, 'lookahead_final_max_bond': 64, 'lookahead_peak_elems': 103276, 'lookahead_peak_max_bond': 64, 'lookahead_peak_bond_l2': 35059}]",10.748581291991286,19.5345743749931
154.2629625420086,rewiring,,,,,,,,,,,,,,,,,,,,,,,,,,,,,,,,,,,,,,,,,,,,,,,,,,,,,,,,,,,,,,,,,,2,,,,,,,right,post_unswap,8.785323457996128,20,2473,False,False,False,7,2,lookahead_total,8,False,1,123,"(212280, 212280, 128, 128, 1422, 19017, 2204)",1.2414950410020538,7.543795334000606,"[{'seed': 123, 'score': (212280, 212280, 128, 128, 1422, 19017, 2204), 'num_layers': 2204, 'total_swaps': 19017, 'max_layer_swaps': 21, 'swap_only_layers': 1422, 'work_layers': 782, 'unitary_layers': 782, 'first_work_layer': 6, 'leading_no_work_layers': 6, 'lookahead_layers_scored': 8, 'lookahead_final_elems': 212280, 'lookahead_final_max_bond': 128, 'lookahead_peak_elems': 212280, 'lookahead_peak_max_bond': 128, 'lookahead_peak_bond_l2': 67363}, {'seed': 1132, 'score': (212496, 212496, 128, 128, 1436, 18979, 2219), 'num_layers': 2219, 'total_swaps': 18979, 'max_layer_swaps': 21, 'swap_only_layers': 1436, 'work_layers': 783, 'unitary_layers': 783, 'first_work_layer': 6, 'leading_no_work_layers': 6, 'lookahead_layers_scored': 8, 'lookahead_final_elems': 212496, 'lookahead_final_max_bond': 128, 'lookahead_peak_elems': 212496, 'lookahead_peak_max_bond': 128, 'lookahead_peak_bond_l2': 67378}]",8.785315582994372,19.5345743749931
154.2630440829962,cycle_progress,,,,,,11,3,14,,,,,,,,,,,,,,,,,,,4096,0.002,,496,0,,,,,,,,,,2,4,548,618,390,98,,,,,,,,,,,,,,,,,,,,2,,14,1984,1970,7,False,,,,,,,,,,,,,,,,,,,,,19.5345743749931
154.3773146670137,absorbing,L,1,0,2403,2204,11,3,14,19,0,0,0.046473334019538015,0.045281542028533295,0.09175487604807131,0.10365824998007156,548,952,2,4,False,False,False,False,548,2,False,4096,0.002,,548,0,total_elems,548,952,1,1,,,,0.0,2,4,548,618,390,98,,,,,,,,,,,,,,,,,,,,,,,,,,,,,,,,,,,,,,,,,,,,,,,
154.4735522500123,absorbing,R,1,1,2403,2204,11,3,14,15,0,0,0.04718737499206327,0.044992375012952834,0.0921797500050161,0.09318287498899736,1124,952,8,4,False,False,False,False,952,4,False,4096,0.002,,548,0,total_elems,1124,952,1,1,,,,0.0,4,4,952,706,390,98,,,,,,,,,,,,,,,,,,,,,,,,,,,,,,,,,,,,,,,,,,,,,,,
154.5688479579985,absorbing,L,2,1,2403,2204,11,3,14,20,0,0,0.04636612499598414,0.04492016599397175,0.09128629098995589,0.09226000000489876,1672,1956,8,4,False,False,False,False,1672,8,False,4096,0.002,,548,0,total_elems,1672,1956,1,1,,,,0.0,8,4,1672,788,390,98,,,,,,,,,,,,,,,,,,,,,,,,,,,,,,,,,,,,,,,,,,,,,,,
154.6654064579925,absorbing,R,2,2,2403,2204,11,3,14,16,0,0,0.04699149998486973,0.04554016698966734,0.09253166697453707,0.09351983299711719,3368,3036,16,16,False,False,False,False,3036,16,False,4096,0.002,,548,0,total_elems,3368,3036,1,1,,,,0.0,16,4,3036,896,390,98,,,,,,,,,,,,,,,,,,,,,,,,,,,,,,,,,,,,,,,,,,,,,,,
154.76410195801873,absorbing,R,2,3,2403,2204,11,3,14,15,0,0,0.047070083004655316,0.04756725000333972,0.09463733300799504,0.09563683299347758,6060,4796,16,16,False,False,False,False,4796,16,False,4096,0.002,,548,0,total_elems,6060,4796,1,1,,,,0.0,16,4,4796,1018,390,98,,,,,,,,,,,,,,,,,,,,,,,,,,,,,,,,,,,,,,,,,,,,,,,
154.8616108330025,absorbing,L,3,3,2403,2204,11,3,14,19,0,0,0.04747345802024938,0.0460393330140505,0.09351279103429988,0.09451887500472367,9940,11336,16,16,False,False,False,False,9940,16,False,4096,0.002,,548,0,total_elems,9940,11336,1,1,,,,0.0,16,4,9940,1156,390,98,,,,,,,,,,,,,,,,,,,,,,,,,,,,,,,,,,,,,,,,,,,,,,,
154.97112816700246,absorbing,L,4,3,2403,2204,11,3,14,16,0,0,0.05339204199844971,0.05209204199491069,0.1054840839933604,0.10645470800227486,20076,25960,64,64,False,False,False,False,20076,64,False,4096,0.002,,548,0,total_elems,20076,25960,1,1,,,,0.0,64,4,20076,1388,390,98,,,,,,,,,,,,,,,,,,,,,,,,,,,,,,,,,,,,,,,,,,,,,,,
155.09232100000372,absorbing,L,5,3,2403,2204,11,3,14,15,0,0,0.05804825000814162,0.05904170800931752,0.11708995801745914,0.11808045898214914,45372,55284,64,64,False,False,False,False,45372,64,False,4096,0.002,,548,0,total_elems,45372,55284,1,1,,,,0.0,64,4,45372,1712,390,98,,,,,,,,,,,,,,,,,,,,,,,,,,,,,,,,,,,,,,,,,,,,,,,
155.23013195800013,absorbing,L,6,3,2403,2204,12,3,15,15,1,1,0.0591807920136489,0.07453558300039731,0.1337163750140462,0.13471345900325105,51540,65688,64,64,False,False,False,False,51540,64,False,4096,0.002,,548,0,total_elems,51540,65688,1,1,,,,0.0,64,4,51540,1922,390,98,,,,,,,,,,,,,,,,,,,,,,,,,,,,,,,,,,,,,,,,,,,,,,,
155.3700017920055,absorbing,L,7,3,2403,2204,12,3,15,15,0,1,0.05973620800068602,0.07602470900746994,0.13576091700815596,0.13677829198422842,71500,76680,64,64,False,False,False,False,71500,64,False,4096,0.002,,548,0,total_elems,71500,76680,1,1,,,,0.0,64,4,71500,2334,390,98,,,,,,,,,,,,,,,,,,,,,,,,,,,,,,,,,,,,,,,,,,,,,,,
155.53816783300135,absorbing,R,7,4,2403,2204,12,3,15,15,0,1,0.07744129101047292,0.08646470800158568,0.1639059990120586,0.16501374999643303,136164,116832,64,64,False,False,False,False,116832,64,False,4096,0.002,,548,0,total_elems,136164,116832,1,1,,,,0.0,64,4,116832,2630,390,98,,,,,,,,,,,,,,,,,,,,,,,,,,,,,,,,,,,,,,,,,,,,,,,
155.77807904200745,absorbing,R,7,5,2403,2204,12,3,15,14,0,1,0.14428670800407417,0.09118162500089966,0.23546833300497383,0.236573333007982,273404,137748,256,64,False,False,False,False,137748,64,False,4096,0.002,,548,0,total_elems,273404,137748,1,1,,,,0.0,64,4,137748,2950,390,98,,,,,,,,,,,,,,,,,,,,,,,,,,,,,,,,,,,,,,,,,,,,,,,
156.05285400000867,absorbing,R,7,6,2403,2204,12,3,15,15,0,1,0.16190995799843222,0.10860495798988268,0.2705149159883149,0.2716654169780668,336656,238876,256,64,False,False,False,False,238876,64,False,4096,0.002,,548,0,total_elems,336656,238876,1,1,,,,0.0,64,4,238876,3444,390,98,,,,,,,,,,,,,,,,,,,,,,,,,,,,,,,,,,,,,,,,,,,,,,,
156.688372833014,absorbing,R,7,7,2403,2204,12,4,16,15,1,2,0.33881516600376926,0.29215516700060107,0.6309703330043703,0.6321686659939587,657240,518040,256,256,False,False,False,False,518040,256,False,4096,0.002,,548,0,total_elems,657240,518040,1,1,,,,0.0,256,4,518040,4754,390,98,,,,,,,,,,,,,,,,,,,,,,,,,,,,,,,,,,,,,,,,,,,,,,,
185.56231270800345,unswapping,,,,,,,,,,,,,,,,,,,,,,,,,,,,,,,,,,,,,,,,,256,4,1154484,5858,390,98,0,both,0,49,49,7,7,,,,,0,,,,,,,,,,,,,,,,,,,,,,,,,,,,,,,,,,,
193.00166762500885,unswapping,,,,,,,,,,,,,,,,,,,,,,,,,,,,,,,,,,,,,,,,,256,4,394080,3820,390,98,0,both,1,48,48,19,26,,,,,0,,,,,,,,,,,,,,,,,,,,,,,,,,,,,,,,,,,
194.21251100001973,unswapping,,,,,,,,,,,,,,,,,,,,,,,,,,,,,,,,,,,,,,,,,128,4,163980,2818,390,98,0,left,0,49,49,14,40,,,,,28,,,,,,,,,,,,,,,,,,,,,,,,,,,,,,,,,,,
194.8692583749944,unswapping,,,,,,,,,,,,,,,,,,,,,,,,,,,,,,,,,,,,,,,,,64,4,71576,2186,390,98,0,left,1,48,48,16,56,,,,,60,,,,,,,,,,,,,,,,,,,,,,,,,,,,,,,,,,,
195.12934533299995,unswapping,,,,,,,,,,,,,,,,,,,,,,,,,,,,,,,,,,,,,,,,,64,4,49568,1758,390,98,0,right,0,49,49,13,69,,,,,74,,,,,,,,,,,,,,,,,,,,,,,,,,,,,,,,,,,
195.39392175001558,unswapping,,,,,,,,,,,,,,,,,,,,,,,,,,,,,,,,,,,,,,,,,64,4,26224,1534,390,98,0,right,1,48,48,12,81,,,,,98,,,,,,,,,,,,,,,,,,,,,,,,,,,,,,,,,,,
195.64720829200814,unswapping,,,,,,,,,,,,,,,,,,,,,,,,,,,,,,,,,,,,,,,,,32,4,13428,1220,390,98,1,both,0,49,49,18,18,,,,,130,,,,,,,,,,,,,,,,,,,,,,,,,,,,,,,,,,,
195.8690507080173,unswapping,,,,,,,,,,,,,,,,,,,,,,,,,,,,,,,,,,,,,,,,,32,4,10116,1124,390,98,1,both,1,48,48,8,26,,,,,150,,,,,,,,,,,,,,,,,,,,,,,,,,,,,,,,,,,
195.98582550001447,unswapping,,,,,,,,,,,,,,,,,,,,,,,,,,,,,,,,,,,,,,,,,16,4,7580,1050,390,98,1,left,0,49,49,7,33,,,,,162,,,,,,,,,,,,,,,,,,,,,,,,,,,,,,,,,,,
196.09985720799887,unswapping,,,,,,,,,,,,,,,,,,,,,,,,,,,,,,,,,,,,,,,,,16,4,5052,944,390,98,1,left,1,48,48,11,44,,,,,184,,,,,,,,,,,,,,,,,,,,,,,,,,,,,,,,,,,
196.21708087500883,unswapping,,,,,,,,,,,,,,,,,,,,,,,,,,,,,,,,,,,,,,,,,8,4,4020,884,390,98,1,right,0,49,49,6,50,,,,,196,,,,,,,,,,,,,,,,,,,,,,,,,,,,,,,,,,,
196.32062554199365,unswapping,,,,,,,,,,,,,,,,,,,,,,,,,,,,,,,,,,,,,,,,,8,4,3612,856,390,98,1,right,1,48,48,5,55,,,,,204,,,,,,,,,,,,,,,,,,,,,,,,,,,,,,,,,,,
196.49979812500533,unswapping,,,,,,,,,,,,,,,,,,,,,,,,,,,,,,,,,,,,,,,,,8,4,2928,808,390,98,2,both,0,49,49,7,7,,,,,220,,,,,,,,,,,,,,,,,,,,,,,,,,,,,,,,,,,
196.68455004200223,unswapping,,,,,,,,,,,,,,,,,,,,,,,,,,,,,,,,,,,,,,,,,8,4,2132,760,390,98,2,both,1,48,48,7,14,,,,,226,,,,,,,,,,,,,,,,,,,,,,,,,,,,,,,,,,,
196.78314474999206,unswapping,,,,,,,,,,,,,,,,,,,,,,,,,,,,,,,,,,,,,,,,,8,4,1800,730,390,98,2,left,0,49,49,5,19,,,,,234,,,,,,,,,,,,,,,,,,,,,,,,,,,,,,,,,,,
196.88453983300133,unswapping,,,,,,,,,,,,,,,,,,,,,,,,,,,,,,,,,,,,,,,,,8,4,1716,712,390,98,2,left,1,48,48,3,22,,,,,240,,,,,,,,,,,,,,,,,,,,,,,,,,,,,,,,,,,
197.00858312501805,unswapping,,,,,,,,,,,,,,,,,,,,,,,,,,,,,,,,,,,,,,,,,8,4,1380,696,390,98,2,right,0,49,49,2,24,,,,,242,,,,,,,,,,,,,,,,,,,,,,,,,,,,,,,,,,,
197.11872500000754,unswapping,,,,,,,,,,,,,,,,,,,,,,,,,,,,,,,,,,,,,,,,,8,4,1172,684,390,98,2,right,1,48,48,2,26,,,,,242,,,,,,,,,,,,,,,,,,,,,,,,,,,,,,,,,,,
197.31450933299493,unswapping,,,,,,,,,,,,,,,,,,,,,,,,,,,,,,,,,,,,,,,,,4,4,896,662,390,98,3,both,0,49,49,5,5,,,,,250,,,,,,,,,,,,,,,,,,,,,,,,,,,,,,,,,,,
197.5119816249935,unswapping,,,,,,,,,,,,,,,,,,,,,,,,,,,,,,,,,,,,,,,,,4,4,740,646,390,98,3,both,1,48,48,4,9,,,,,264,,,,,,,,,,,,,,,,,,,,,,,,,,,,,,,,,,,
197.6145143750182,unswapping,,,,,,,,,,,,,,,,,,,,,,,,,,,,,,,,,,,,,,,,,4,4,708,642,390,98,3,left,0,49,49,1,10,,,,,266,,,,,,,,,,,,,,,,,,,,,,,,,,,,,,,,,,,
197.7078283750161,unswapping,,,,,,,,,,,,,,,,,,,,,,,,,,,,,,,,,,,,,,,,,4,4,684,638,390,98,3,left,1,48,48,1,11,,,,,268,,,,,,,,,,,,,,,,,,,,,,,,,,,,,,,,,,,
197.74503941700095,unswapping,,,,,,,,,,,,,,,,,,,,,,,,,,,,,,,,,,,,,,,,,4,4,684,638,390,98,3,right,0,49,49,0,11,,,,,268,,,,,,,,,,,,,,,,,,,,,,,,,,,,,,,,,,,
197.78228458299418,unswapping,,,,,,,,,,,,,,,,,,,,,,,,,,,,,,,,,,,,,,,,,4,4,684,638,390,98,3,right,1,48,48,0,11,,,,,268,,,,,,,,,,,,,,,,,,,,,,,,,,,,,,,,,,,
197.9538272920181,unswapping,,,,,,,,,,,,,,,,,,,,,,,,,,,,,,,,,,,,,,,,,4,4,648,632,390,98,4,both,0,49,49,3,3,,,,,274,,,,,,,,,,,,,,,,,,,,,,,,,,,,,,,,,,,
198.13536812501843,unswapping,,,,,,,,,,,,,,,,,,,,,,,,,,,,,,,,,,,,,,,,,4,4,636,630,390,98,4,both,1,48,48,1,4,,,,,276,,,,,,,,,,,,,,,,,,,,,,,,,,,,,,,,,,,
198.1806982080161,unswapping,,,,,,,,,,,,,,,,,,,,,,,,,,,,,,,,,,,,,,,,,4,4,636,630,390,98,4,left,0,49,49,0,4,,,,,276,,,,,,,,,,,,,,,,,,,,,,,,,,,,,,,,,,,
198.22434541699477,unswapping,,,,,,,,,,,,,,,,,,,,,,,,,,,,,,,,,,,,,,,,,4,4,636,630,390,98,4,left,1,48,48,0,4,,,,,276,,,,,,,,,,,,,,,,,,,,,,,,,,,,,,,,,,,
198.26648175000446,unswapping,,,,,,,,,,,,,,,,,,,,,,,,,,,,,,,,,,,,,,,,,4,4,636,630,390,98,4,right,0,49,49,0,4,,,,,276,,,,,,,,,,,,,,,,,,,,,,,,,,,,,,,,,,,
198.30876195800374,unswapping,,,,,,,,,,,,,,,,,,,,,,,,,,,,,,,,,,,,,,,,,4,4,636,630,390,98,4,right,1,48,48,0,4,,,,,276,,,,,,,,,,,,,,,,,,,,,,,,,,,,,,,,,,,
198.39124512500712,unswapping,,,,,,,,,,,,,,,,,,,,,,,,,,,,,,,,,,,,,,,,,4,4,636,630,390,98,5,both,0,49,49,0,0,,,,,276,,,,,,,,,,,,,,,,,,,,,,,,,,,,,,,,,,,
198.46926183300093,unswapping,,,,,,,,,,,,,,,,,,,,,,,,,,,,,,,,,,,,,,,,,4,4,636,630,390,98,5,both,1,48,48,0,0,,,,,276,,,,,,,,,,,,,,,,,,,,,,,,,,,,,,,,,,,
198.50733325001784,unswapping,,,,,,,,,,,,,,,,,,,,,,,,,,,,,,,,,,,,,,,,,4,4,636,630,390,98,5,left,0,49,49,0,0,,,,,276,,,,,,,,,,,,,,,,,,,,,,,,,,,,,,,,,,,
198.54553754199878,unswapping,,,,,,,,,,,,,,,,,,,,,,,,,,,,,,,,,,,,,,,,,4,4,636,630,390,98,5,left,1,48,48,0,0,,,,,276,,,,,,,,,,,,,,,,,,,,,,,,,,,,,,,,,,,
198.5846129170095,unswapping,,,,,,,,,,,,,,,,,,,,,,,,,,,,,,,,,,,,,,,,,4,4,636,630,390,98,5,right,0,49,49,0,0,,,,,276,,,,,,,,,,,,,,,,,,,,,,,,,,,,,,,,,,,
198.62224633301958,unswapping,,,,,,,,,,,,,,,,,,,,,,,,,,,,,,,,,,,,,,,,,4,4,636,630,390,98,5,right,1,48,48,0,0,,,,,276,,,,,,,,,,,,,,,,,,,,,,,,,,,,,,,,,,,
198.6369272080192,unswap_cycle_summary,,,,,,12,4,16,,,,,,,,,,,,,,,,,,,4096,0.002,,,,,,,,,,,,,4,4,636,630,390,98,,,,,,,,,,,,,,,,,,,,3,40.10396695899544,16,1984,1968,2,False,,,,,,,,,,,,,,,,,,,,,
207.7575580830162,rewiring,,,,,,,,,,,,,,,,,,,,,,,,,,,,,,,,,,,,,,,,,,,,,,,,,,,,,,,,,,,,,,,,,,3,,,,,,,left,post_unswap,9.119376750022639,20,2398,False,False,False,2,2,lookahead_total,8,False,1,1132,"(335956, 335956, 256, 256, 1350, 20108, 2117)",1.3498122089949902,7.769521458016243,"[{'seed': 123, 'score': (458216, 458216, 256, 256, 1644, 20309, 2437), 'num_layers': 2437, 'total_swaps': 20309, 'max_layer_swaps': 22, 'swap_only_layers': 1644, 'work_layers': 793, 'unitary_layers': 793, 'first_work_layer': 2, 'leading_no_work_layers': 2, 'lookahead_layers_scored': 8, 'lookahead_final_elems': 458216, 'lookahead_final_max_bond': 256, 'lookahead_peak_elems': 458216, 'lookahead_peak_max_bond': 256, 'lookahead_peak_bond_l2': 198661}, {'seed': 1132, 'score': (335956, 335956, 256, 256, 1350, 20108, 2117), 'num_layers': 2117, 'total_swaps': 20108, 'max_layer_swaps': 23, 'swap_only_layers': 1350, 'work_layers': 767, 'unitary_layers': 767, 'first_work_layer': 2, 'leading_no_work_layers': 2, 'lookahead_layers_scored': 8, 'lookahead_final_elems': 335956, 'lookahead_final_max_bond': 256, 'lookahead_peak_elems': 335956, 'lookahead_peak_max_bond': 256, 'lookahead_peak_bond_l2': 131458}]",9.119355000002543,19.88651662497432
218.5241949170013,rewiring,,,,,,,,,,,,,,,,,,,,,,,,,,,,,,,,,,,,,,,,,,,,,,,,,,,,,,,,,,,,,,,,,,3,,,,,,,right,post_unswap,10.766359333996661,20,2199,False,False,False,2,2,lookahead_total,8,False,1,1132,"(488216, 488216, 256, 256, 1678, 19113, 2486)",1.9956743330112658,8.770649208017858,"[{'seed': 123, 'score': (856080, 856080, 256, 256, 1705, 18961, 2508), 'num_layers': 2508, 'total_swaps': 18961, 'max_layer_swaps': 24, 'swap_only_layers': 1705, 'work_layers': 803, 'unitary_layers': 803, 'first_work_layer': 8, 'leading_no_work_layers': 8, 'lookahead_layers_scored': 8, 'lookahead_final_elems': 856080, 'lookahead_final_max_bond': 256, 'lookahead_peak_elems': 856080, 'lookahead_peak_max_bond': 256, 'lookahead_peak_bond_l2': 250216}, {'seed': 1132, 'score': (488216, 488216, 256, 256, 1678, 19113, 2486), 'num_layers': 2486, 'total_swaps': 19113, 'max_layer_swaps': 21, 'swap_only_layers': 1678, 'work_layers': 808, 'unitary_layers': 808, 'first_work_layer': 9, 'leading_no_work_layers': 9, 'lookahead_layers_scored': 8, 'lookahead_final_elems': 488216, 'lookahead_final_max_bond': 256, 'lookahead_peak_elems': 488216, 'lookahead_peak_max_bond': 256, 'lookahead_peak_bond_l2': 166042}]",10.766340292000677,19.88651662497432
218.5242568750109,cycle_progress,,,,,,12,4,16,,,,,,,,,,,,,,,,,,,4096,0.002,,548,0,,,,,,,,,,4,4,636,630,390,98,,,,,,,,,,,,,,,,,,,,3,,16,1984,1968,2,False,,,,,,,,,,,,,,,,,,,,,19.88651662497432
218.6368720830069,absorbing,L,1,0,2117,2486,12,4,16,23,0,0,0.0481543329951819,0.0460095000162255,0.0941638330114074,0.09979483298957348,636,1124,4,8,False,False,False,False,636,4,False,4096,0.002,,636,0,total_elems,636,1124,1,1,,,,0.0,4,4,636,630,390,98,,,,,,,,,,,,,,,,,,,,,,,,,,,,,,,,,,,,,,,,,,,,,,,
218.7339268749929,absorbing,R,1,1,2117,2486,12,4,16,14,0,0,0.04747529100859538,0.045477540988940746,0.09295283199753612,0.09396862500580028,1264,1124,4,8,False,False,False,False,1124,8,False,4096,0.002,,636,0,total_elems,1264,1124,1,1,,,,0.0,8,4,1124,716,390,98,,,,,,,,,,,,,,,,,,,,,,,,,,,,,,,,,,,,,,,,,,,,,,,
218.8323477920203,absorbing,L,2,1,2117,2486,12,4,16,20,0,0,0.04756733402609825,0.04663125000661239,0.09419858403271064,0.09522824999294244,1692,2440,8,8,False,False,False,False,1692,8,False,4096,0.002,,636,0,total_elems,1692,2440,1,1,,,,0.0,8,4,1692,800,390,98,,,,,,,,,,,,,,,,,,,,,,,,,,,,,,,,,,,,,,,,,,,,,,,
218.93196791701484,absorbing,R,2,2,2117,2486,12,4,16,16,0,0,0.04886445801821537,0.046612167003331706,0.09547662502154708,0.0965022919990588,3424,2968,8,8,False,False,False,False,2968,8,False,4096,0.002,,636,0,total_elems,3424,2968,1,1,,,,0.0,8,4,2968,890,390,98,,,,,,,,,,,,,,,,,,,,,,,,,,,,,,,,,,,,,,,,,,,,,,,
219.0348619169963,absorbing,L,3,2,2117,2486,13,4,17,17,1,1,0.04974116699304432,0.048797083989484236,0.09853825098252855,0.0996491250116378,5360,7140,16,32,False,False,False,False,5360,16,False,4096,0.002,,636,0,total_elems,5360,7140,1,1,,,,0.0,16,4,5360,1040,390,98,,,,,,,,,,,,,,,,,,,,,,,,,,,,,,,,,,,,,,,,,,,,,,,
219.13694479200058,absorbing,R,3,3,2117,2486,13,4,17,16,0,1,0.049618541001109406,0.04797091701766476,0.09758945801877417,0.09867866599233821,11648,11508,16,32,False,False,False,False,11508,32,False,4096,0.002,,636,0,total_elems,11648,11508,1,1,,,,0.0,32,4,11508,1244,390,98,,,,,,,,,,,,,,,,,,,,,,,,,,,,,,,,,,,,,,,,,,,,,,,
219.24247941700742,absorbing,L,4,3,2117,2486,13,4,17,19,0,1,0.050562333984998986,0.050692624994553626,0.10125495897955261,0.10232595898560248,18788,27352,32,64,False,False,False,False,18788,32,False,4096,0.002,,636,0,total_elems,18788,27352,1,1,,,,0.0,32,4,18788,1486,390,98,,,,,,,,,,,,,,,,,,,,,,,,,,,,,,,,,,,,,,,,,,,,,,,
219.3627985000203,absorbing,R,4,4,2117,2486,13,4,17,13,0,1,0.06118233301094733,0.05480387498391792,0.11598620799486525,0.11712008301401511,43352,40964,64,64,False,False,False,False,40964,64,False,4096,0.002,,636,0,total_elems,43352,40964,1,1,,,,0.0,64,4,40964,1874,390,98,,,,,,,,,,,,,,,,,,,,,,,,,,,,,,,,,,,,,,,,,,,,,,,
219.50428537500557,absorbing,L,5,4,2117,2486,13,4,17,21,0,1,0.06573795800795779,0.07144654198782519,0.13718449999578297,0.13830970900016837,77768,79752,64,64,False,False,False,False,77768,64,False,4096,0.002,,636,0,total_elems,77768,79752,1,1,,,,0.0,64,4,77768,2260,390,98,,,,,,,,,,,,,,,,,,,,,,,,,,,,,,,,,,,,,,,,,,,,,,,
219.70906812499743,absorbing,R,5,5,2117,2486,13,4,17,14,0,1,0.10982974999933504,0.09055433300090954,0.20038408300024457,0.20153212500736117,172220,148812,128,128,False,False,False,False,148812,128,False,4096,0.002,,636,0,total_elems,172220,148812,1,1,,,,0.0,128,4,148812,2948,390,98,,,,,,,,,,,,,,,,,,,,,,,,,,,,,,,,,,,,,,,,,,,,,,,
220.0185924580146,absorbing,R,5,6,2117,2486,13,4,17,15,0,1,0.17618199999560602,0.1288931250164751,0.3050751250120811,0.3061630410084035,294528,257796,128,128,False,False,False,False,257796,128,False,4096,0.002,,636,0,total_elems,294528,257796,1,1,,,,0.0,128,4,257796,3560,390,98,,,,,,,,,,,,,,,,,,,,,,,,,,,,,,,,,,,,,,,,,,,,,,,
220.80722358301864,absorbing,L,6,6,2117,2486,13,4,17,21,0,1,0.3460884999949485,0.4373632089991588,0.7834517089941073,0.7848134159867186,506424,590772,256,256,False,False,False,False,506424,256,False,4096,0.002,,636,0,total_elems,506424,590772,1,1,,,,0.0,256,4,506424,4618,390,98,,,,,,,,,,,,,,,,,,,,,,,,,,,,,,,,,,,,,,,,,,,,,,,
222.6817695829959,absorbing,L,7,6,2117,2486,13,4,17,19,0,1,0.9120166249922477,0.9522868339845445,1.8643034589767922,1.867663334007375,957616,1299176,256,511,False,False,False,True,957616,256,False,4096,0.002,,636,0,total_elems,957616,1299176,1,1,,,,0.0,256,4,957616,5914,390,98,,,,,,,,,,,,,,,,,,,,,,,,,,,,,,,,,,,,,,,,,,,,,,,
249.80530750000617,unswapping,,,,,,,,,,,,,,,,,,,,,,,,,,,,,,,,,,,,,,,,,256,4,1224296,6654,390,98,0,both,0,49,49,7,7,,,,,0,,,,,,,,,,,,,,,,,,,,,,,,,,,,,,,,,,,
258.50558666701545,unswapping,,,,,,,,,,,,,,,,,,,,,,,,,,,,,,,,,,,,,,,,,256,4,721544,4864,390,98,0,both,1,48,48,13,20,,,,,0,,,,,,,,,,,,,,,,,,,,,,,,,,,,,,,,,,,
261.2888000830135,unswapping,,,,,,,,,,,,,,,,,,,,,,,,,,,,,,,,,,,,,,,,,256,4,524136,3850,390,98,0,left,0,49,49,18,38,,,,,36,,,,,,,,,,,,,,,,,,,,,,,,,,,,,,,,,,,
264.3797509169963,unswapping,,,,,,,,,,,,,,,,,,,,,,,,,,,,,,,,,,,,,,,,,256,4,230876,2984,390,98,0,left,1,48,48,21,59,,,,,78,,,,,,,,,,,,,,,,,,,,,,,,,,,,,,,,,,,
264.971204750007,unswapping,,,,,,,,,,,,,,,,,,,,,,,,,,,,,,,,,,,,,,,,,64,4,121796,2364,390,98,0,right,0,49,49,9,68,,,,,84,,,,,,,,,,,,,,,,,,,,,,,,,,,,,,,,,,,
265.2821760420047,unswapping,,,,,,,,,,,,,,,,,,,,,,,,,,,,,,,,,,,,,,,,,64,4,90224,2046,390,98,0,right,1,48,48,14,82,,,,,106,,,,,,,,,,,,,,,,,,,,,,,,,,,,,,,,,,,
265.91303891700227,unswapping,,,,,,,,,,,,,,,,,,,,,,,,,,,,,,,,,,,,,,,,,64,4,58744,1612,390,98,1,both,0,49,49,18,18,,,,,140,,,,,,,,,,,,,,,,,,,,,,,,,,,,,,,,,,,
266.4136475000123,unswapping,,,,,,,,,,,,,,,,,,,,,,,,,,,,,,,,,,,,,,,,,64,4,24256,1320,390,98,1,both,1,48,48,7,25,,,,,156,,,,,,,,,,,,,,,,,,,,,,,,,,,,,,,,,,,
266.5555419170123,unswapping,,,,,,,,,,,,,,,,,,,,,,,,,,,,,,,,,,,,,,,,,32,4,16540,1168,390,98,1,left,0,49,49,14,39,,,,,180,,,,,,,,,,,,,,,,,,,,,,,,,,,,,,,,,,,
266.70933350000996,unswapping,,,,,,,,,,,,,,,,,,,,,,,,,,,,,,,,,,,,,,,,,32,4,11308,1048,390,98,1,left,1,48,48,13,52,,,,,206,,,,,,,,,,,,,,,,,,,,,,,,,,,,,,,,,,,
266.8356172500062,unswapping,,,,,,,,,,,,,,,,,,,,,,,,,,,,,,,,,,,,,,,,,16,4,6664,938,390,98,1,right,0,49,49,7,59,,,,,218,,,,,,,,,,,,,,,,,,,,,,,,,,,,,,,,,,,
266.9488405830052,unswapping,,,,,,,,,,,,,,,,,,,,,,,,,,,,,,,,,,,,,,,,,16,4,5404,904,390,98,1,right,1,48,48,3,62,,,,,222,,,,,,,,,,,,,,,,,,,,,,,,,,,,,,,,,,,
267.1811729170149,unswapping,,,,,,,,,,,,,,,,,,,,,,,,,,,,,,,,,,,,,,,,,16,4,3004,824,390,98,2,both,0,49,49,8,8,,,,,232,,,,,,,,,,,,,,,,,,,,,,,,,,,,,,,,,,,
267.39032516701263,unswapping,,,,,,,,,,,,,,,,,,,,,,,,,,,,,,,,,,,,,,,,,8,4,1840,748,390,98,2,both,1,48,48,10,18,,,,,246,,,,,,,,,,,,,,,,,,,,,,,,,,,,,,,,,,,
267.49961225001607,unswapping,,,,,,,,,,,,,,,,,,,,,,,,,,,,,,,,,,,,,,,,,8,4,1728,734,390,98,2,left,0,49,49,3,21,,,,,250,,,,,,,,,,,,,,,,,,,,,,,,,,,,,,,,,,,
267.6090739170031,unswapping,,,,,,,,,,,,,,,,,,,,,,,,,,,,,,,,,,,,,,,,,8,4,1608,718,390,98,2,left,1,48,48,3,24,,,,,256,,,,,,,,,,,,,,,,,,,,,,,,,,,,,,,,,,,
267.70089454200934,unswapping,,,,,,,,,,,,,,,,,,,,,,,,,,,,,,,,,,,,,,,,,8,4,1132,688,390,98,2,right,0,49,49,4,28,,,,,260,,,,,,,,,,,,,,,,,,,,,,,,,,,,,,,,,,,
267.79072666700813,unswapping,,,,,,,,,,,,,,,,,,,,,,,,,,,,,,,,,,,,,,,,,4,4,948,672,390,98,2,right,1,48,48,3,31,,,,,262,,,,,,,,,,,,,,,,,,,,,,,,,,,,,,,,,,,
267.97148000000743,unswapping,,,,,,,,,,,,,,,,,,,,,,,,,,,,,,,,,,,,,,,,,4,4,888,666,390,98,3,both,0,49,49,2,2,,,,,262,,,,,,,,,,,,,,,,,,,,,,,,,,,,,,,,,,,
268.12850854199496,unswapping,,,,,,,,,,,,,,,,,,,,,,,,,,,,,,,,,,,,,,,,,4,4,816,656,390,98,3,both,1,48,48,3,5,,,,,262,,,,,,,,,,,,,,,,,,,,,,,,,,,,,,,,,,,
268.2156527500192,unswapping,,,,,,,,,,,,,,,,,,,,,,,,,,,,,,,,,,,,,,,,,4,4,744,648,390,98,3,left,0,49,49,2,7,,,,,260,,,,,,,,,,,,,,,,,,,,,,,,,,,,,,,,,,,
268.25330758301425,unswapping,,,,,,,,,,,,,,,,,,,,,,,,,,,,,,,,,,,,,,,,,4,4,744,648,390,98,3,left,1,48,48,0,7,,,,,260,,,,,,,,,,,,,,,,,,,,,,,,,,,,,,,,,,,
268.29040891700424,unswapping,,,,,,,,,,,,,,,,,,,,,,,,,,,,,,,,,,,,,,,,,4,4,744,648,390,98,3,right,0,49,49,0,7,,,,,260,,,,,,,,,,,,,,,,,,,,,,,,,,,,,,,,,,,
268.3277526250167,unswapping,,,,,,,,,,,,,,,,,,,,,,,,,,,,,,,,,,,,,,,,,4,4,744,648,390,98,3,right,1,48,48,0,7,,,,,260,,,,,,,,,,,,,,,,,,,,,,,,,,,,,,,,,,,
268.48132816699217,unswapping,,,,,,,,,,,,,,,,,,,,,,,,,,,,,,,,,,,,,,,,,4,4,720,644,390,98,4,both,0,49,49,2,2,,,,,260,,,,,,,,,,,,,,,,,,,,,,,,,,,,,,,,,,,
268.6330804169993,unswapping,,,,,,,,,,,,,,,,,,,,,,,,,,,,,,,,,,,,,,,,,2,4,672,638,390,98,4,both,1,48,48,1,3,,,,,260,,,,,,,,,,,,,,,,,,,,,,,,,,,,,,,,,,,
268.67029249999905,unswapping,,,,,,,,,,,,,,,,,,,,,,,,,,,,,,,,,,,,,,,,,2,4,672,638,390,98,4,left,0,49,49,0,3,,,,,260,,,,,,,,,,,,,,,,,,,,,,,,,,,,,,,,,,,
268.70798208299675,unswapping,,,,,,,,,,,,,,,,,,,,,,,,,,,,,,,,,,,,,,,,,2,4,672,638,390,98,4,left,1,48,48,0,3,,,,,260,,,,,,,,,,,,,,,,,,,,,,,,,,,,,,,,,,,
268.744210667006,unswapping,,,,,,,,,,,,,,,,,,,,,,,,,,,,,,,,,,,,,,,,,2,4,672,638,390,98,4,right,0,49,49,0,3,,,,,260,,,,,,,,,,,,,,,,,,,,,,,,,,,,,,,,,,,
268.7802354170126,unswapping,,,,,,,,,,,,,,,,,,,,,,,,,,,,,,,,,,,,,,,,,2,4,672,638,390,98,4,right,1,48,48,0,3,,,,,260,,,,,,,,,,,,,,,,,,,,,,,,,,,,,,,,,,,
268.85070579199237,unswapping,,,,,,,,,,,,,,,,,,,,,,,,,,,,,,,,,,,,,,,,,2,4,672,638,390,98,5,both,0,49,49,0,0,,,,,260,,,,,,,,,,,,,,,,,,,,,,,,,,,,,,,,,,,
268.9195382500184,unswapping,,,,,,,,,,,,,,,,,,,,,,,,,,,,,,,,,,,,,,,,,2,4,672,638,390,98,5,both,1,48,48,0,0,,,,,260,,,,,,,,,,,,,,,,,,,,,,,,,,,,,,,,,,,
268.9567760420032,unswapping,,,,,,,,,,,,,,,,,,,,,,,,,,,,,,,,,,,,,,,,,2,4,672,638,390,98,5,left,0,49,49,0,0,,,,,260,,,,,,,,,,,,,,,,,,,,,,,,,,,,,,,,,,,
268.9934719169978,unswapping,,,,,,,,,,,,,,,,,,,,,,,,,,,,,,,,,,,,,,,,,2,4,672,638,390,98,5,left,1,48,48,0,0,,,,,260,,,,,,,,,,,,,,,,,,,,,,,,,,,,,,,,,,,
269.02959441699204,unswapping,,,,,,,,,,,,,,,,,,,,,,,,,,,,,,,,,,,,,,,,,2,4,672,638,390,98,5,right,0,49,49,0,0,,,,,260,,,,,,,,,,,,,,,,,,,,,,,,,,,,,,,,,,,
269.06549633300165,unswapping,,,,,,,,,,,,,,,,,,,,,,,,,,,,,,,,,,,,,,,,,2,4,672,638,390,98,5,right,1,48,48,0,0,,,,,260,,,,,,,,,,,,,,,,,,,,,,,,,,,,,,,,,,,
269.08052712501376,unswap_cycle_summary,,,,,,13,4,17,,,,,,,,,,,,,,,,,,,4096,0.002,,,,,,,,,,,,,2,4,672,638,390,98,,,,,,,,,,,,,,,,,,,,4,42.79768000001786,17,1984,1967,1,False,,,,,,,,,,,,,,,,,,,,,
277.9280983750068,rewiring,,,,,,,,,,,,,,,,,,,,,,,,,,,,,,,,,,,,,,,,,,,,,,,,,,,,,,,,,,,,,,,,,,4,,,,,,,left,post_unswap,8.846618124982342,20,2112,False,False,False,1,2,lookahead_total,8,False,1,1132,"(225568, 225568, 64, 64, 1425, 20172, 2215)",1.0501254169794265,7.796419709018664,"[{'seed': 123, 'score': (262252, 262252, 64, 64, 1503, 20175, 2308), 'num_layers': 2308, 'total_swaps': 20175, 'max_layer_swaps': 25, 'swap_only_layers': 1503, 'work_layers': 805, 'unitary_layers': 805, 'first_work_layer': 7, 'leading_no_work_layers': 7, 'lookahead_layers_scored': 8, 'lookahead_final_elems': 262252, 'lookahead_final_max_bond': 64, 'lookahead_peak_elems': 262252, 'lookahead_peak_max_bond': 64, 'lookahead_peak_bond_l2': 84430}, {'seed': 1132, 'score': (225568, 225568, 64, 64, 1425, 20172, 2215), 'num_layers': 2215, 'total_swaps': 20172, 'max_layer_swaps': 24, 'swap_only_layers': 1425, 'work_layers': 790, 'unitary_layers': 790, 'first_work_layer': 7, 'leading_no_work_layers': 7, 'lookahead_layers_scored': 8, 'lookahead_final_elems': 225568, 'lookahead_final_max_bond': 64, 'lookahead_peak_elems': 225568, 'lookahead_peak_max_bond': 64, 'lookahead_peak_bond_l2': 71434}]",8.846571874979418,19.07660154098994
288.1577823330008,rewiring,,,,,,,,,,,,,,,,,,,,,,,,,,,,,,,,,,,,,,,,,,,,,,,,,,,,,,,,,,,,,,,,,,4,,,,,,,right,post_unswap,10.229425833007554,20,2482,False,False,False,1,2,lookahead_total,8,False,1,1132,"(178772, 178772, 64, 64, 1454, 18965, 2237)",1.541146666975692,8.688245958008338,"[{'seed': 123, 'score': (782604, 782604, 256, 256, 1569, 19251, 2377), 'num_layers': 2377, 'total_swaps': 19251, 'max_layer_swaps': 23, 'swap_only_layers': 1569, 'work_layers': 808, 'unitary_layers': 808, 'first_work_layer': 7, 'leading_no_work_layers': 7, 'lookahead_layers_scored': 8, 'lookahead_final_elems': 782604, 'lookahead_final_max_bond': 256, 'lookahead_peak_elems': 782604, 'lookahead_peak_max_bond': 256, 'lookahead_peak_bond_l2': 243448}, {'seed': 1132, 'score': (178772, 178772, 64, 64, 1454, 18965, 2237), 'num_layers': 2237, 'total_swaps': 18965, 'max_layer_swaps': 27, 'swap_only_layers': 1454, 'work_layers': 783, 'unitary_layers': 783, 'first_work_layer': 8, 'leading_no_work_layers': 8, 'lookahead_layers_scored': 8, 'lookahead_final_elems': 178772, 'lookahead_final_max_bond': 64, 'lookahead_peak_elems': 178772, 'lookahead_peak_max_bond': 64, 'lookahead_peak_bond_l2': 58624}]",10.229409583989764,19.07660154098994
288.1578364580055,cycle_progress,,,,,,13,4,17,,,,,,,,,,,,,,,,,,,4096,0.002,,636,0,,,,,,,,,,2,4,672,638,390,98,,,,,,,,,,,,,,,,,,,,4,,17,1984,1967,1,False,,,,,,,,,,,,,,,,,,,,,19.07660154098994
288.29506491700886,absorbing,L,1,0,2215,2237,13,4,17,20,0,0,0.055537625012220815,0.053629166999598965,0.10916679201181978,0.11861508301808499,672,1084,2,4,False,False,False,False,672,2,False,4096,0.002,,672,0,total_elems,672,1084,1,1,,,,0.0,2,4,672,638,390,98,,,,,,,,,,,,,,,,,,,,,,,,,,,,,,,,,,,,,,,,,,,,,,,
288.41180095801246,absorbing,R,1,1,2215,2237,13,4,17,14,0,0,0.05745158300851472,0.054653832979965955,0.11210541598848067,0.11328870800207369,1336,1084,8,4,False,False,False,False,1084,4,False,4096,0.002,,672,0,total_elems,1336,1084,1,1,,,,0.0,4,4,1084,716,390,98,,,,,,,,,,,,,,,,,,,,,,,,,,,,,,,,,,,,,,,,,,,,,,,
288.527588166995,absorbing,L,2,1,2215,2237,13,4,17,24,0,0,0.05619466697680764,0.053532332996837795,0.10972699997364543,0.11241679199156351,1748,2000,8,4,False,False,False,False,1748,8,False,4096,0.002,,672,0,total_elems,1748,2000,1,1,,,,0.0,8,4,1748,812,390,98,,,,,,,,,,,,,,,,,,,,,,,,,,,,,,,,,,,,,,,,,,,,,,,
288.64211391701247,absorbing,R,2,2,2215,2237,13,4,17,17,0,0,0.05716741699143313,0.053045667009428144,0.11021308400086127,0.11134308399050497,4072,2728,8,8,False,False,False,False,2728,8,False,4096,0.002,,672,0,total_elems,4072,2728,1,1,,,,0.0,8,4,2728,884,390,98,,,,,,,,,,,,,,,,,,,,,,,,,,,,,,,,,,,,,,,,,,,,,,,
288.75686379201943,absorbing,R,2,3,2215,2237,13,4,17,16,0,0,0.05697966698789969,0.05328645798726939,0.11026612497516908,0.11140591697767377,6588,4312,16,16,False,False,False,False,4312,16,False,4096,0.002,,672,0,total_elems,6588,4312,1,1,,,,0.0,16,4,4312,992,390,98,,,,,,,,,,,,,,,,,,,,,,,,,,,,,,,,,,,,,,,,,,,,,,,
288.8727540420077,absorbing,R,2,4,2215,2237,13,4,17,14,0,0,0.056164125009672716,0.05515100000775419,0.11131512501742691,0.11247391600045376,9900,8176,16,16,False,False,False,False,8176,16,False,4096,0.002,,672,0,total_elems,9900,8176,1,1,,,,0.0,16,4,8176,1172,390,98,,,,,,,,,,,,,,,,,,,,,,,,,,,,,,,,,,,,,,,,,,,,,,,
288.99153662499157,absorbing,L,3,4,2215,2237,13,4,17,22,0,0,0.057391875016037375,0.057000957982381806,0.11439283299841918,0.11551283398875967,17628,20804,16,64,False,False,False,False,17628,16,False,4096,0.002,,672,0,total_elems,17628,20804,1,1,,,,0.0,16,4,17628,1460,390,98,,,,,,,,,,,,,,,,,,,,,,,,,,,,,,,,,,,,,,,,,,,,,,,
289.1253036670096,absorbing,L,4,4,2215,2237,13,4,17,19,0,0,0.06371204199967906,0.06562266699620523,0.12933470899588428,0.1305215420143213,38204,41528,64,64,False,False,False,False,38204,64,False,4096,0.002,,672,0,total_elems,38204,41528,1,1,,,,0.0,64,4,38204,1880,390,98,,,,,,,,,,,,,,,,,,,,,,,,,,,,,,,,,,,,,,,,,,,,,,,
289.2956408330065,absorbing,L,5,4,2215,2237,13,4,17,21,0,0,0.0790970409871079,0.08664487500209361,0.16574191598920152,0.16701624999404885,76352,96184,64,64,False,False,False,False,76352,64,False,4096,0.002,,672,0,total_elems,76352,96184,1,1,,,,0.0,64,4,76352,2384,390,98,,,,,,,,,,,,,,,,,,,,,,,,,,,,,,,,,,,,,,,,,,,,,,,
289.5259296669974,absorbing,R,5,5,2215,2237,13,4,17,14,0,0,0.10080695798387751,0.12507270800415426,0.22587966598803177,0.22699904098408297,159272,152316,64,64,False,False,False,False,152316,64,False,4096,0.002,,672,0,total_elems,159272,152316,1,1,,,,0.0,64,4,152316,2998,390,98,,,,,,,,,,,,,,,,,,,,,,,,,,,,,,,,,,,,,,,,,,,,,,,
289.92148650001036,absorbing,L,6,5,2215,2237,13,4,17,19,0,0,0.18811012501828372,0.2030548749899026,0.3911650000081863,0.39229791599791497,352008,358232,256,256,False,False,False,False,352008,256,False,4096,0.002,,672,0,total_elems,352008,358232,1,1,,,,0.0,256,4,352008,4036,390,98,,,,,,,,,,,,,,,,,,,,,,,,,,,,,,,,,,,,,,,,,,,,,,,
291.1117233330151,absorbing,R,6,6,2215,2237,13,4,17,16,0,0,0.6289887090097181,0.554274207999697,1.183262917009415,1.1844777500082273,974980,911492,256,256,False,False,False,False,911492,256,False,4096,0.002,,672,0,total_elems,974980,911492,1,1,,,,0.0,256,4,911492,5778,390,98,,,,,,,,,,,,,,,,,,,,,,,,,,,,,,,,,,,,,,,,,,,,,,,
329.0531997499929,unswapping,,,,,,,,,,,,,,,,,,,,,,,,,,,,,,,,,,,,,,,,,256,4,1040736,5654,390,98,0,both,0,49,49,10,10,,,,,0,,,,,,,,,,,,,,,,,,,,,,,,,,,,,,,,,,,
337.67372595801135,unswapping,,,,,,,,,,,,,,,,,,,,,,,,,,,,,,,,,,,,,,,,,256,4,288864,3638,390,98,0,both,1,48,48,12,22,,,,,0,,,,,,,,,,,,,,,,,,,,,,,,,,,,,,,,,,,
338.3599085420137,unswapping,,,,,,,,,,,,,,,,,,,,,,,,,,,,,,,,,,,,,,,,,64,4,143492,2786,390,98,0,left,0,49,49,15,37,,,,,30,,,,,,,,,,,,,,,,,,,,,,,,,,,,,,,,,,,
338.78767570800846,unswapping,,,,,,,,,,,,,,,,,,,,,,,,,,,,,,,,,,,,,,,,,64,4,76460,2222,390,98,0,left,1,48,48,21,58,,,,,72,,,,,,,,,,,,,,,,,,,,,,,,,,,,,,,,,,,
338.9612616249942,unswapping,,,,,,,,,,,,,,,,,,,,,,,,,,,,,,,,,,,,,,,,,64,4,42928,1730,390,98,0,right,0,49,49,14,72,,,,,92,,,,,,,,,,,,,,,,,,,,,,,,,,,,,,,,,,,
339.09165533300256,unswapping,,,,,,,,,,,,,,,,,,,,,,,,,,,,,,,,,,,,,,,,,64,4,36416,1556,390,98,0,right,1,48,48,15,87,,,,,120,,,,,,,,,,,,,,,,,,,,,,,,,,,,,,,,,,,
339.4154603749921,unswapping,,,,,,,,,,,,,,,,,,,,,,,,,,,,,,,,,,,,,,,,,64,4,17088,1304,390,98,1,both,0,49,49,14,14,,,,,146,,,,,,,,,,,,,,,,,,,,,,,,,,,,,,,,,,,
339.5992275419994,unswapping,,,,,,,,,,,,,,,,,,,,,,,,,,,,,,,,,,,,,,,,,16,4,7808,1112,390,98,1,both,1,48,48,6,20,,,,,158,,,,,,,,,,,,,,,,,,,,,,,,,,,,,,,,,,,
339.69733758299844,unswapping,,,,,,,,,,,,,,,,,,,,,,,,,,,,,,,,,,,,,,,,,16,4,6960,1034,390,98,1,left,0,49,49,13,33,,,,,178,,,,,,,,,,,,,,,,,,,,,,,,,,,,,,,,,,,
339.7931536670076,unswapping,,,,,,,,,,,,,,,,,,,,,,,,,,,,,,,,,,,,,,,,,16,4,5884,968,390,98,1,left,1,48,48,9,42,,,,,194,,,,,,,,,,,,,,,,,,,,,,,,,,,,,,,,,,,
339.88133308300166,unswapping,,,,,,,,,,,,,,,,,,,,,,,,,,,,,,,,,,,,,,,,,16,4,5492,938,390,98,1,right,0,49,49,4,46,,,,,198,,,,,,,,,,,,,,,,,,,,,,,,,,,,,,,,,,,
339.96907270801603,unswapping,,,,,,,,,,,,,,,,,,,,,,,,,,,,,,,,,,,,,,,,,16,4,5336,924,390,98,1,right,1,48,48,3,49,,,,,202,,,,,,,,,,,,,,,,,,,,,,,,,,,,,,,,,,,
340.1404789579974,unswapping,,,,,,,,,,,,,,,,,,,,,,,,,,,,,,,,,,,,,,,,,16,4,2776,824,390,98,2,both,0,49,49,12,12,,,,,214,,,,,,,,,,,,,,,,,,,,,,,,,,,,,,,,,,,
340.321553457994,unswapping,,,,,,,,,,,,,,,,,,,,,,,,,,,,,,,,,,,,,,,,,8,4,2100,786,390,98,2,both,1,48,48,6,18,,,,,220,,,,,,,,,,,,,,,,,,,,,,,,,,,,,,,,,,,
340.4191317500081,unswapping,,,,,,,,,,,,,,,,,,,,,,,,,,,,,,,,,,,,,,,,,8,4,1812,768,390,98,2,left,0,49,49,3,21,,,,,226,,,,,,,,,,,,,,,,,,,,,,,,,,,,,,,,,,,
340.51683166701696,unswapping,,,,,,,,,,,,,,,,,,,,,,,,,,,,,,,,,,,,,,,,,4,4,1480,730,390,98,2,left,1,48,48,5,26,,,,,236,,,,,,,,,,,,,,,,,,,,,,,,,,,,,,,,,,,
340.6137085829978,unswapping,,,,,,,,,,,,,,,,,,,,,,,,,,,,,,,,,,,,,,,,,4,4,1356,716,390,98,2,right,0,49,49,3,29,,,,,240,,,,,,,,,,,,,,,,,,,,,,,,,,,,,,,,,,,
340.71075895801187,unswapping,,,,,,,,,,,,,,,,,,,,,,,,,,,,,,,,,,,,,,,,,4,4,1260,708,390,98,2,right,1,48,48,2,31,,,,,244,,,,,,,,,,,,,,,,,,,,,,,,,,,,,,,,,,,
340.87004179201904,unswapping,,,,,,,,,,,,,,,,,,,,,,,,,,,,,,,,,,,,,,,,,4,4,1200,698,390,98,3,both,0,49,49,5,5,,,,,248,,,,,,,,,,,,,,,,,,,,,,,,,,,,,,,,,,,
341.0326263330062,unswapping,,,,,,,,,,,,,,,,,,,,,,,,,,,,,,,,,,,,,,,,,4,4,1020,680,390,98,3,both,1,48,48,5,10,,,,,254,,,,,,,,,,,,,,,,,,,,,,,,,,,,,,,,,,,
341.071609333012,unswapping,,,,,,,,,,,,,,,,,,,,,,,,,,,,,,,,,,,,,,,,,4,4,1020,680,390,98,3,left,0,49,49,0,10,,,,,254,,,,,,,,,,,,,,,,,,,,,,,,,,,,,,,,,,,
341.1110537920031,unswapping,,,,,,,,,,,,,,,,,,,,,,,,,,,,,,,,,,,,,,,,,4,4,1020,680,390,98,3,left,1,48,48,0,10,,,,,254,,,,,,,,,,,,,,,,,,,,,,,,,,,,,,,,,,,
341.19598958300776,unswapping,,,,,,,,,,,,,,,,,,,,,,,,,,,,,,,,,,,,,,,,,4,4,972,676,390,98,3,right,0,49,49,1,11,,,,,256,,,,,,,,,,,,,,,,,,,,,,,,,,,,,,,,,,,
341.23352025001077,unswapping,,,,,,,,,,,,,,,,,,,,,,,,,,,,,,,,,,,,,,,,,4,4,972,676,390,98,3,right,1,48,48,0,11,,,,,256,,,,,,,,,,,,,,,,,,,,,,,,,,,,,,,,,,,
341.3992547079979,unswapping,,,,,,,,,,,,,,,,,,,,,,,,,,,,,,,,,,,,,,,,,4,4,900,668,390,98,4,both,0,49,49,2,2,,,,,258,,,,,,,,,,,,,,,,,,,,,,,,,,,,,,,,,,,
341.5630288750108,unswapping,,,,,,,,,,,,,,,,,,,,,,,,,,,,,,,,,,,,,,,,,4,4,888,666,390,98,4,both,1,48,48,1,3,,,,,258,,,,,,,,,,,,,,,,,,,,,,,,,,,,,,,,,,,
341.6039137500047,unswapping,,,,,,,,,,,,,,,,,,,,,,,,,,,,,,,,,,,,,,,,,4,4,888,666,390,98,4,left,0,49,49,0,3,,,,,258,,,,,,,,,,,,,,,,,,,,,,,,,,,,,,,,,,,
341.7209504999919,unswapping,,,,,,,,,,,,,,,,,,,,,,,,,,,,,,,,,,,,,,,,,4,4,852,660,390,98,4,left,1,48,48,1,4,,,,,260,,,,,,,,,,,,,,,,,,,,,,,,,,,,,,,,,,,
341.7594903749996,unswapping,,,,,,,,,,,,,,,,,,,,,,,,,,,,,,,,,,,,,,,,,4,4,852,660,390,98,4,right,0,49,49,0,4,,,,,260,,,,,,,,,,,,,,,,,,,,,,,,,,,,,,,,,,,
341.79878300000564,unswapping,,,,,,,,,,,,,,,,,,,,,,,,,,,,,,,,,,,,,,,,,4,4,852,660,390,98,4,right,1,48,48,0,4,,,,,260,,,,,,,,,,,,,,,,,,,,,,,,,,,,,,,,,,,
341.8750911249954,unswapping,,,,,,,,,,,,,,,,,,,,,,,,,,,,,,,,,,,,,,,,,4,4,852,660,390,98,5,both,0,49,49,0,0,,,,,260,,,,,,,,,,,,,,,,,,,,,,,,,,,,,,,,,,,
341.9494485830073,unswapping,,,,,,,,,,,,,,,,,,,,,,,,,,,,,,,,,,,,,,,,,4,4,852,660,390,98,5,both,1,48,48,0,0,,,,,260,,,,,,,,,,,,,,,,,,,,,,,,,,,,,,,,,,,
341.9885965420108,unswapping,,,,,,,,,,,,,,,,,,,,,,,,,,,,,,,,,,,,,,,,,4,4,852,660,390,98,5,left,0,49,49,0,0,,,,,260,,,,,,,,,,,,,,,,,,,,,,,,,,,,,,,,,,,
342.028998875001,unswapping,,,,,,,,,,,,,,,,,,,,,,,,,,,,,,,,,,,,,,,,,4,4,852,660,390,98,5,left,1,48,48,0,0,,,,,260,,,,,,,,,,,,,,,,,,,,,,,,,,,,,,,,,,,
342.0655772500031,unswapping,,,,,,,,,,,,,,,,,,,,,,,,,,,,,,,,,,,,,,,,,4,4,852,660,390,98,5,right,0,49,49,0,0,,,,,260,,,,,,,,,,,,,,,,,,,,,,,,,,,,,,,,,,,
342.1031641669979,unswapping,,,,,,,,,,,,,,,,,,,,,,,,,,,,,,,,,,,,,,,,,4,4,852,660,390,98,5,right,1,48,48,0,0,,,,,260,,,,,,,,,,,,,,,,,,,,,,,,,,,,,,,,,,,
342.12128883300466,unswap_cycle_summary,,,,,,13,4,17,,,,,,,,,,,,,,,,,,,4096,0.002,,,,,,,,,,,,,4,4,852,660,390,98,,,,,,,,,,,,,,,,,,,,5,47.558757541992236,17,1984,1967,0,False,,,,,,,,,,,,,,,,,,,,,
352.7134531670017,rewiring,,,,,,,,,,,,,,,,,,,,,,,,,,,,,,,,,,,,,,,,,,,,,,,,,,,,,,,,,,,,,,,,,,5,,,,,,,left,post_unswap,10.591010500007542,20,2211,False,False,False,0,2,lookahead_total,8,False,1,123,"(97708, 97708, 64, 64, 1547, 20288, 2361)",0.9863469999982044,9.604629083012696,"[{'seed': 123, 'score': (97708, 97708, 64, 64, 1547, 20288, 2361), 'num_layers': 2361, 'total_swaps': 20288, 'max_layer_swaps': 23, 'swap_only_layers': 1547, 'work_layers': 814, 'unitary_layers': 814, 'first_work_layer': 6, 'leading_no_work_layers': 6, 'lookahead_layers_scored': 8, 'lookahead_final_elems': 97708, 'lookahead_final_max_bond': 64, 'lookahead_peak_elems': 97708, 'lookahead_peak_max_bond': 64, 'lookahead_peak_bond_l2': 30826}, {'seed': 1132, 'score': (103120, 103120, 64, 64, 1710, 20254, 2500), 'num_layers': 2500, 'total_swaps': 20254, 'max_layer_swaps': 25, 'swap_only_layers': 1710, 'work_layers': 790, 'unitary_layers': 790, 'first_work_layer': 6, 'leading_no_work_layers': 6, 'lookahead_layers_scored': 8, 'lookahead_final_elems': 103120, 'lookahead_final_max_bond': 64, 'lookahead_peak_elems': 103120, 'lookahead_peak_max_bond': 64, 'lookahead_peak_bond_l2': 34006}]",10.590998750005383,19.238877625000896
361.3608718329924,rewiring,,,,,,,,,,,,,,,,,,,,,,,,,,,,,,,,,,,,,,,,,,,,,,,,,,,,,,,,,,,,,,,,,,5,,,,,,,right,post_unswap,8.647129499993753,20,2233,False,False,False,0,2,lookahead_total,8,False,1,1132,"(125076, 125076, 64, 64, 1254, 18555, 2011)",0.9662320009956602,7.680855666025309,"[{'seed': 123, 'score': (150008, 150008, 64, 64, 1679, 19124, 2458), 'num_layers': 2458, 'total_swaps': 19124, 'max_layer_swaps': 23, 'swap_only_layers': 1679, 'work_layers': 779, 'unitary_layers': 779, 'first_work_layer': 6, 'leading_no_work_layers': 6, 'lookahead_layers_scored': 8, 'lookahead_final_elems': 150008, 'lookahead_final_max_bond': 64, 'lookahead_peak_elems': 150008, 'lookahead_peak_max_bond': 64, 'lookahead_peak_bond_l2': 45427}, {'seed': 1132, 'score': (125076, 125076, 64, 64, 1254, 18555, 2011), 'num_layers': 2011, 'total_swaps': 18555, 'max_layer_swaps': 22, 'swap_only_layers': 1254, 'work_layers': 757, 'unitary_layers': 757, 'first_work_layer': 6, 'leading_no_work_layers': 6, 'lookahead_layers_scored': 8, 'lookahead_final_elems': 125076, 'lookahead_final_max_bond': 64, 'lookahead_peak_elems': 125076, 'lookahead_peak_max_bond': 64, 'lookahead_peak_bond_l2': 41509}]",8.64710937498603,19.238877625000896
361.3609435830149,cycle_progress,,,,,,13,4,17,,,,,,,,,,,,,,,,,,,4096,0.002,,672,0,,,,,,,,,,4,4,852,660,390,98,,,,,,,,,,,,,,,,,,,,5,,17,1984,1967,0,False,,,,,,,,,,,,,,,,,,,,,19.238877625000896
361.4898530000064,absorbing,L,1,0,2361,2011,13,4,17,19,0,0,0.048634834005497396,0.048421000014059246,0.09705583401955664,0.11053916701348498,852,1416,4,8,False,False,False,False,852,4,False,4096,0.002,,852,1,total_elems,852,1416,1,1,,,,0.0,4,4,852,660,390,98,,,,,,,,,,,,,,,,,,,,,,,,,,,,,,,,,,,,,,,,,,,,,,,
361.59103466701345,absorbing,R,1,1,2361,2011,13,4,17,17,0,0,0.05079104102333076,0.04626929201185703,0.0970603330351878,0.09809920800034888,1500,1416,8,8,False,False,False,False,1416,8,False,4096,0.002,,852,1,total_elems,1500,1416,1,1,,,,0.0,8,4,1416,758,390,98,,,,,,,,,,,,,,,,,,,,,,,,,,,,,,,,,,,,,,,,,,,,,,,
361.6908205420186,absorbing,L,2,1,2361,2011,13,4,17,20,0,0,0.04825612501008436,0.04723966697929427,0.09549579198937863,0.09653137499117292,2200,2716,8,8,False,False,False,False,2200,8,False,4096,0.002,,852,1,total_elems,2200,2716,1,1,,,,0.0,8,4,2200,838,390,98,,,,,,,,,,,,,,,,,,,,,,,,,,,,,,,,,,,,,,,,,,,,,,,
361.79152383300243,absorbing,R,2,2,2361,2011,13,4,17,18,0,0,0.049402707983972505,0.04712929201195948,0.09653199999593198,0.09758312499616295,4544,4024,16,16,False,False,False,False,4024,16,False,4096,0.002,,852,1,total_elems,4544,4024,1,1,,,,0.0,16,4,4024,964,390,98,,,,,,,,,,,,,,,,,,,,,,,,,,,,,,,,,,,,,,,,,,,,,,,
361.89114583301125,absorbing,R,2,3,2361,2011,13,4,17,11,0,0,0.04917370798648335,0.0464044589898549,0.09557816697633825,0.09656933299265802,7168,5220,16,16,False,False,False,False,5220,16,False,4096,0.002,,852,1,total_elems,7168,5220,1,1,,,,0.0,16,4,5220,1046,390,98,,,,,,,,,,,,,,,,,,,,,,,,,,,,,,,,,,,,,,,,,,,,,,,
361.99192112500896,absorbing,R,2,4,2361,2011,13,4,17,13,0,0,0.04895491700153798,0.04753683399758302,0.096491750999121,0.09751204200438224,8560,7980,16,16,False,False,False,False,7980,16,False,4096,0.002,,852,1,total_elems,8560,7980,1,1,,,,0.0,16,4,7980,1154,390,98,,,,,,,,,,,,,,,,,,,,,,,,,,,,,,,,,,,,,,,,,,,,,,,
362.0940909580095,absorbing,L,3,4,2361,2011,13,4,17,19,0,0,0.04988375000539236,0.04808462501387112,0.09796837501926348,0.09899554200819694,11672,14240,16,16,False,False,False,False,11672,16,False,4096,0.002,,852,1,total_elems,11672,14240,1,1,,,,0.0,16,4,11672,1328,390,98,,,,,,,,,,,,,,,,,,,,,,,,,,,,,,,,,,,,,,,,,,,,,,,
362.19821283299825,absorbing,L,4,4,2361,2011,13,4,17,18,0,0,0.05071404098998755,0.04917312497855164,0.0998871659685392,0.10092741600237787,17844,18964,32,32,False,False,False,False,17844,32,False,4096,0.002,,852,1,total_elems,17844,18964,1,1,,,,0.0,32,4,17844,1508,390,98,,,,,,,,,,,,,,,,,,,,,,,,,,,,,,,,,,,,,,,,,,,,,,,
362.3080542079988,absorbing,L,5,4,2361,2011,13,4,17,19,0,0,0.05475066602230072,0.050911166006699204,0.10566183202899992,0.10669383298954926,25004,27056,32,32,False,False,False,False,25004,32,False,4096,0.002,,852,1,total_elems,25004,27056,1,1,,,,0.0,32,4,25004,1704,390,98,,,,,,,,,,,,,,,,,,,,,,,,,,,,,,,,,,,,,,,,,,,,,,,
362.4241365000198,absorbing,R,5,5,2361,2011,13,4,17,15,0,0,0.05684779098373838,0.055078875011531636,0.11192666599527001,0.11295154099934734,53192,47304,64,64,False,False,False,False,47304,64,False,4096,0.002,,852,1,total_elems,53192,47304,1,1,,,,0.0,64,4,47304,2104,390,98,,,,,,,,,,,,,,,,,,,,,,,,,,,,,,,,,,,,,,,,,,,,,,,
362.5779305000033,absorbing,R,5,6,2361,2011,13,4,17,17,0,0,0.07659829198382795,0.07296891600708477,0.14956720799091272,0.15060758299659938,112548,96900,64,64,False,False,False,False,96900,64,False,4096,0.002,,852,1,total_elems,112548,96900,1,1,,,,0.0,64,4,96900,2484,390,98,,,,,,,,,,,,,,,,,,,,,,,,,,,,,,,,,,,,,,,,,,,,,,,
362.8367708750011,absorbing,R,5,7,2361,2011,13,5,18,17,1,1,0.15704854199429974,0.09755512501578778,0.2546036670100875,0.25564808302442543,240480,144524,256,64,False,False,False,False,144524,64,False,4096,0.002,,852,1,total_elems,240480,144524,1,1,,,,0.0,64,4,144524,2952,390,98,,,,,,,,,,,,,,,,,,,,,,,,,,,,,,,,,,,,,,,,,,,,,,,
363.16416779201245,absorbing,R,5,8,2361,2011,13,6,19,16,1,2,0.20837108400883153,0.11456866699154489,0.3229397510003764,0.3241842919960618,303848,248304,256,64,False,False,False,False,248304,64,False,4096,0.002,,852,1,total_elems,303848,248304,1,1,,,,0.0,64,4,248304,3650,390,98,,,,,,,,,,,,,,,,,,,,,,,,,,,,,,,,,,,,,,,,,,,,,,,
363.74172804201953,absorbing,L,6,8,2361,2011,13,6,19,19,0,2,0.26852512499317527,0.30464433299493976,0.573169457988115,0.5743514999921899,405132,607820,256,256,False,False,False,False,405132,256,False,4096,0.002,,852,1,total_elems,405132,607820,1,1,,,,0.0,256,4,405132,4516,390,98,,,,,,,,,,,,,,,,,,,,,,,,,,,,,,,,,,,,,,,,,,,,,,,
364.94092970801285,absorbing,L,7,8,2361,2011,14,6,20,19,1,3,0.5790587500086986,0.6155226250120904,1.194581375020789,1.1959813330031466,801096,1017000,256,256,False,False,False,True,801096,256,False,4096,0.002,,852,1,total_elems,801096,1017000,1,1,,,,0.0,256,4,801096,5434,390,98,,,,,,,,,,,,,,,,,,,,,,,,,,,,,,,,,,,,,,,,,,,,,,,
390.23616458300967,unswapping,,,,,,,,,,,,,,,,,,,,,,,,,,,,,,,,,,,,,,,,,256,4,619944,5580,390,98,0,both,0,49,49,9,9,,,,,0,,,,,,,,,,,,,,,,,,,,,,,,,,,,,,,,,,,
392.7745417919941,unswapping,,,,,,,,,,,,,,,,,,,,,,,,,,,,,,,,,,,,,,,,,128,4,227720,3828,390,98,0,both,1,48,48,13,22,,,,,0,,,,,,,,,,,,,,,,,,,,,,,,,,,,,,,,,,,
393.3161230419937,unswapping,,,,,,,,,,,,,,,,,,,,,,,,,,,,,,,,,,,,,,,,,128,4,127836,2988,390,98,0,left,0,49,49,19,41,,,,,38,,,,,,,,,,,,,,,,,,,,,,,,,,,,,,,,,,,
393.63188683299813,unswapping,,,,,,,,,,,,,,,,,,,,,,,,,,,,,,,,,,,,,,,,,64,4,61072,2332,390,98,0,left,1,48,48,18,59,,,,,74,,,,,,,,,,,,,,,,,,,,,,,,,,,,,,,,,,,
393.79844183300156,unswapping,,,,,,,,,,,,,,,,,,,,,,,,,,,,,,,,,,,,,,,,,32,4,50728,2140,390,98,0,right,0,49,49,9,68,,,,,84,,,,,,,,,,,,,,,,,,,,,,,,,,,,,,,,,,,
393.96760620799614,unswapping,,,,,,,,,,,,,,,,,,,,,,,,,,,,,,,,,,,,,,,,,32,4,38760,1902,390,98,0,right,1,48,48,13,81,,,,,110,,,,,,,,,,,,,,,,,,,,,,,,,,,,,,,,,,,
394.26090870800545,unswapping,,,,,,,,,,,,,,,,,,,,,,,,,,,,,,,,,,,,,,,,,32,4,17824,1440,390,98,1,both,0,49,49,21,21,,,,,150,,,,,,,,,,,,,,,,,,,,,,,,,,,,,,,,,,,
394.47015087501495,unswapping,,,,,,,,,,,,,,,,,,,,,,,,,,,,,,,,,,,,,,,,,32,4,11548,1210,390,98,1,both,1,48,48,14,35,,,,,182,,,,,,,,,,,,,,,,,,,,,,,,,,,,,,,,,,,
394.585932957998,unswapping,,,,,,,,,,,,,,,,,,,,,,,,,,,,,,,,,,,,,,,,,32,4,10240,1124,390,98,1,left,0,49,49,10,45,,,,,202,,,,,,,,,,,,,,,,,,,,,,,,,,,,,,,,,,,
394.6931197080121,unswapping,,,,,,,,,,,,,,,,,,,,,,,,,,,,,,,,,,,,,,,,,32,4,9004,1062,390,98,1,left,1,48,48,8,53,,,,,218,,,,,,,,,,,,,,,,,,,,,,,,,,,,,,,,,,,
394.79763012501644,unswapping,,,,,,,,,,,,,,,,,,,,,,,,,,,,,,,,,,,,,,,,,32,4,8508,1026,390,98,1,right,0,49,49,7,60,,,,,226,,,,,,,,,,,,,,,,,,,,,,,,,,,,,,,,,,,
394.90064008301124,unswapping,,,,,,,,,,,,,,,,,,,,,,,,,,,,,,,,,,,,,,,,,32,4,8460,1022,390,98,1,right,1,48,48,1,61,,,,,228,,,,,,,,,,,,,,,,,,,,,,,,,,,,,,,,,,,
395.103176500008,unswapping,,,,,,,,,,,,,,,,,,,,,,,,,,,,,,,,,,,,,,,,,32,4,6552,956,390,98,2,both,0,49,49,9,9,,,,,240,,,,,,,,,,,,,,,,,,,,,,,,,,,,,,,,,,,
395.28704516700236,unswapping,,,,,,,,,,,,,,,,,,,,,,,,,,,,,,,,,,,,,,,,,16,4,3432,876,390,98,2,both,1,48,48,7,16,,,,,242,,,,,,,,,,,,,,,,,,,,,,,,,,,,,,,,,,,
395.3767257920117,unswapping,,,,,,,,,,,,,,,,,,,,,,,,,,,,,,,,,,,,,,,,,8,4,2988,846,390,98,2,left,0,49,49,2,18,,,,,244,,,,,,,,,,,,,,,,,,,,,,,,,,,,,,,,,,,
395.46828216701397,unswapping,,,,,,,,,,,,,,,,,,,,,,,,,,,,,,,,,,,,,,,,,8,4,2700,814,390,98,2,left,1,48,48,5,23,,,,,254,,,,,,,,,,,,,,,,,,,,,,,,,,,,,,,,,,,
395.556964916992,unswapping,,,,,,,,,,,,,,,,,,,,,,,,,,,,,,,,,,,,,,,,,8,4,2652,810,390,98,2,right,0,49,49,1,24,,,,,256,,,,,,,,,,,,,,,,,,,,,,,,,,,,,,,,,,,
395.64906525000697,unswapping,,,,,,,,,,,,,,,,,,,,,,,,,,,,,,,,,,,,,,,,,8,4,2592,804,390,98,2,right,1,48,48,1,25,,,,,258,,,,,,,,,,,,,,,,,,,,,,,,,,,,,,,,,,,
395.82126616701134,unswapping,,,,,,,,,,,,,,,,,,,,,,,,,,,,,,,,,,,,,,,,,8,4,2328,780,390,98,3,both,0,49,49,6,6,,,,,264,,,,,,,,,,,,,,,,,,,,,,,,,,,,,,,,,,,
395.99660970800323,unswapping,,,,,,,,,,,,,,,,,,,,,,,,,,,,,,,,,,,,,,,,,8,4,2064,758,390,98,3,both,1,48,48,3,9,,,,,270,,,,,,,,,,,,,,,,,,,,,,,,,,,,,,,,,,,
396.0927009170118,unswapping,,,,,,,,,,,,,,,,,,,,,,,,,,,,,,,,,,,,,,,,,8,4,2004,752,390,98,3,left,0,49,49,1,10,,,,,272,,,,,,,,,,,,,,,,,,,,,,,,,,,,,,,,,,,
396.18661595799495,unswapping,,,,,,,,,,,,,,,,,,,,,,,,,,,,,,,,,,,,,,,,,8,4,1920,740,390,98,3,left,1,48,48,2,12,,,,,276,,,,,,,,,,,,,,,,,,,,,,,,,,,,,,,,,,,
396.22661245800555,unswapping,,,,,,,,,,,,,,,,,,,,,,,,,,,,,,,,,,,,,,,,,8,4,1920,740,390,98,3,right,0,49,49,0,12,,,,,276,,,,,,,,,,,,,,,,,,,,,,,,,,,,,,,,,,,
396.2686652080156,unswapping,,,,,,,,,,,,,,,,,,,,,,,,,,,,,,,,,,,,,,,,,8,4,1920,740,390,98,3,right,1,48,48,0,12,,,,,276,,,,,,,,,,,,,,,,,,,,,,,,,,,,,,,,,,,
396.43949150000117,unswapping,,,,,,,,,,,,,,,,,,,,,,,,,,,,,,,,,,,,,,,,,8,4,1752,724,390,98,4,both,0,49,49,4,4,,,,,282,,,,,,,,,,,,,,,,,,,,,,,,,,,,,,,,,,,
396.59126520800055,unswapping,,,,,,,,,,,,,,,,,,,,,,,,,,,,,,,,,,,,,,,,,8,4,1680,720,390,98,4,both,1,48,48,1,5,,,,,282,,,,,,,,,,,,,,,,,,,,,,,,,,,,,,,,,,,
396.6288754999987,unswapping,,,,,,,,,,,,,,,,,,,,,,,,,,,,,,,,,,,,,,,,,8,4,1680,720,390,98,4,left,0,49,49,0,5,,,,,282,,,,,,,,,,,,,,,,,,,,,,,,,,,,,,,,,,,
396.6682867500058,unswapping,,,,,,,,,,,,,,,,,,,,,,,,,,,,,,,,,,,,,,,,,8,4,1680,720,390,98,4,left,1,48,48,0,5,,,,,282,,,,,,,,,,,,,,,,,,,,,,,,,,,,,,,,,,,
396.75266070800717,unswapping,,,,,,,,,,,,,,,,,,,,,,,,,,,,,,,,,,,,,,,,,8,4,1520,712,390,98,4,right,0,49,49,1,6,,,,,284,,,,,,,,,,,,,,,,,,,,,,,,,,,,,,,,,,,
396.83678483299445,unswapping,,,,,,,,,,,,,,,,,,,,,,,,,,,,,,,,,,,,,,,,,8,4,1392,704,390,98,4,right,1,48,48,1,7,,,,,284,,,,,,,,,,,,,,,,,,,,,,,,,,,,,,,,,,,
396.9116342079942,unswapping,,,,,,,,,,,,,,,,,,,,,,,,,,,,,,,,,,,,,,,,,8,4,1392,704,390,98,5,both,0,49,49,0,0,,,,,284,,,,,,,,,,,,,,,,,,,,,,,,,,,,,,,,,,,
396.9879175829992,unswapping,,,,,,,,,,,,,,,,,,,,,,,,,,,,,,,,,,,,,,,,,8,4,1392,704,390,98,5,both,1,48,48,0,0,,,,,284,,,,,,,,,,,,,,,,,,,,,,,,,,,,,,,,,,,
397.0288562499918,unswapping,,,,,,,,,,,,,,,,,,,,,,,,,,,,,,,,,,,,,,,,,8,4,1392,704,390,98,5,left,0,49,49,0,0,,,,,284,,,,,,,,,,,,,,,,,,,,,,,,,,,,,,,,,,,
397.10716754200985,unswapping,,,,,,,,,,,,,,,,,,,,,,,,,,,,,,,,,,,,,,,,,8,4,1328,700,390,98,5,left,1,48,48,1,1,,,,,286,,,,,,,,,,,,,,,,,,,,,,,,,,,,,,,,,,,
397.19689862499945,unswapping,,,,,,,,,,,,,,,,,,,,,,,,,,,,,,,,,,,,,,,,,8,4,1248,696,390,98,5,right,0,49,49,1,2,,,,,288,,,,,,,,,,,,,,,,,,,,,,,,,,,,,,,,,,,
397.2854752080166,unswapping,,,,,,,,,,,,,,,,,,,,,,,,,,,,,,,,,,,,,,,,,8,4,1152,688,390,98,5,right,1,48,48,1,3,,,,,290,,,,,,,,,,,,,,,,,,,,,,,,,,,,,,,,,,,
397.42415108301793,unswapping,,,,,,,,,,,,,,,,,,,,,,,,,,,,,,,,,,,,,,,,,8,4,1120,684,390,98,6,both,0,49,49,1,1,,,,,290,,,,,,,,,,,,,,,,,,,,,,,,,,,,,,,,,,,
397.52924262499437,unswapping,,,,,,,,,,,,,,,,,,,,,,,,,,,,,,,,,,,,,,,,,8,4,1120,684,390,98,6,both,1,48,48,0,1,,,,,290,,,,,,,,,,,,,,,,,,,,,,,,,,,,,,,,,,,
397.56849787500687,unswapping,,,,,,,,,,,,,,,,,,,,,,,,,,,,,,,,,,,,,,,,,8,4,1120,684,390,98,6,left,0,49,49,0,1,,,,,290,,,,,,,,,,,,,,,,,,,,,,,,,,,,,,,,,,,
397.6070533330203,unswapping,,,,,,,,,,,,,,,,,,,,,,,,,,,,,,,,,,,,,,,,,8,4,1120,684,390,98,6,left,1,48,48,0,1,,,,,290,,,,,,,,,,,,,,,,,,,,,,,,,,,,,,,,,,,
397.6921954170102,unswapping,,,,,,,,,,,,,,,,,,,,,,,,,,,,,,,,,,,,,,,,,8,4,1060,678,390,98,6,right,0,49,49,1,2,,,,,292,,,,,,,,,,,,,,,,,,,,,,,,,,,,,,,,,,,
397.72907395800576,unswapping,,,,,,,,,,,,,,,,,,,,,,,,,,,,,,,,,,,,,,,,,8,4,1060,678,390,98,6,right,1,48,48,0,2,,,,,292,,,,,,,,,,,,,,,,,,,,,,,,,,,,,,,,,,,
397.7995802499936,unswapping,,,,,,,,,,,,,,,,,,,,,,,,,,,,,,,,,,,,,,,,,8,4,1060,678,390,98,7,both,0,49,49,0,0,,,,,292,,,,,,,,,,,,,,,,,,,,,,,,,,,,,,,,,,,
397.9458627080021,unswapping,,,,,,,,,,,,,,,,,,,,,,,,,,,,,,,,,,,,,,,,,8,4,1036,674,390,98,7,both,1,48,48,1,1,,,,,294,,,,,,,,,,,,,,,,,,,,,,,,,,,,,,,,,,,
397.987316542014,unswapping,,,,,,,,,,,,,,,,,,,,,,,,,,,,,,,,,,,,,,,,,8,4,1036,674,390,98,7,left,0,49,49,0,1,,,,,294,,,,,,,,,,,,,,,,,,,,,,,,,,,,,,,,,,,
398.0308855829935,unswapping,,,,,,,,,,,,,,,,,,,,,,,,,,,,,,,,,,,,,,,,,8,4,1036,674,390,98,7,left,1,48,48,0,1,,,,,294,,,,,,,,,,,,,,,,,,,,,,,,,,,,,,,,,,,
398.0721157499938,unswapping,,,,,,,,,,,,,,,,,,,,,,,,,,,,,,,,,,,,,,,,,8,4,1036,674,390,98,7,right,0,49,49,0,1,,,,,294,,,,,,,,,,,,,,,,,,,,,,,,,,,,,,,,,,,
398.11300395801663,unswapping,,,,,,,,,,,,,,,,,,,,,,,,,,,,,,,,,,,,,,,,,8,4,1036,674,390,98,7,right,1,48,48,0,1,,,,,294,,,,,,,,,,,,,,,,,,,,,,,,,,,,,,,,,,,
398.1942674170132,unswapping,,,,,,,,,,,,,,,,,,,,,,,,,,,,,,,,,,,,,,,,,8,4,1036,674,390,98,8,both,0,49,49,0,0,,,,,294,,,,,,,,,,,,,,,,,,,,,,,,,,,,,,,,,,,
398.2690238750074,unswapping,,,,,,,,,,,,,,,,,,,,,,,,,,,,,,,,,,,,,,,,,8,4,1036,674,390,98,8,both,1,48,48,0,0,,,,,294,,,,,,,,,,,,,,,,,,,,,,,,,,,,,,,,,,,
398.3117229170166,unswapping,,,,,,,,,,,,,,,,,,,,,,,,,,,,,,,,,,,,,,,,,8,4,1036,674,390,98,8,left,0,49,49,0,0,,,,,294,,,,,,,,,,,,,,,,,,,,,,,,,,,,,,,,,,,
398.3506309170043,unswapping,,,,,,,,,,,,,,,,,,,,,,,,,,,,,,,,,,,,,,,,,8,4,1036,674,390,98,8,left,1,48,48,0,0,,,,,294,,,,,,,,,,,,,,,,,,,,,,,,,,,,,,,,,,,
398.39072541700443,unswapping,,,,,,,,,,,,,,,,,,,,,,,,,,,,,,,,,,,,,,,,,8,4,1036,674,390,98,8,right,0,49,49,0,0,,,,,294,,,,,,,,,,,,,,,,,,,,,,,,,,,,,,,,,,,
398.43355933300336,unswapping,,,,,,,,,,,,,,,,,,,,,,,,,,,,,,,,,,,,,,,,,8,4,1036,674,390,98,8,right,1,48,48,0,0,,,,,294,,,,,,,,,,,,,,,,,,,,,,,,,,,,,,,,,,,
398.45684366699425,unswap_cycle_summary,,,,,,14,6,20,,,,,,,,,,,,,,,,,,,4096,0.002,,,,,,,,,,,,,8,4,1036,674,390,98,,,,,,,,,,,,,,,,,,,,6,30.204716000007465,20,1984,1964,3,False,,,,,,,,,,,,,,,,,,,,,
408.68895433301805,rewiring,,,,,,,,,,,,,,,,,,,,,,,,,,,,,,,,,,,,,,,,,,,,,,,,,,,,,,,,,,,,,,,,,,6,,,,,,,left,post_unswap,10.229560790990945,20,2356,False,False,False,3,2,lookahead_total,8,False,1,123,"(431896, 431896, 256, 256, 1566, 20630, 2357)",1.3803170419996604,8.849215416965308,"[{'seed': 123, 'score': (431896, 431896, 256, 256, 1566, 20630, 2357), 'num_layers': 2357, 'total_swaps': 20630, 'max_layer_swaps': 25, 'swap_only_layers': 1566, 'work_layers': 791, 'unitary_layers': 791, 'first_work_layer': 7, 'leading_no_work_layers': 7, 'lookahead_layers_scored': 8, 'lookahead_final_elems': 431896, 'lookahead_final_max_bond': 256, 'lookahead_peak_elems': 431896, 'lookahead_peak_max_bond': 256, 'lookahead_peak_bond_l2': 202135}, {'seed': 1132, 'score': (532712, 532712, 256, 256, 1753, 20590, 2537), 'num_layers': 2537, 'total_swaps': 20590, 'max_layer_swaps': 26, 'swap_only_layers': 1753, 'work_layers': 784, 'unitary_layers': 784, 'first_work_layer': 7, 'leading_no_work_layers': 7, 'lookahead_layers_scored': 8, 'lookahead_final_elems': 532712, 'lookahead_final_max_bond': 256, 'lookahead_peak_elems': 532712, 'lookahead_peak_max_bond': 256, 'lookahead_peak_bond_l2': 218866}]",10.229551208001794,20.73399100001552
419.1918635829934,rewiring,,,,,,,,,,,,,,,,,,,,,,,,,,,,,,,,,,,,,,,,,,,,,,,,,,,,,,,,,,,,,,,,,,6,,,,,,,right,post_unswap,10.50255050000851,20,2005,False,False,False,3,2,lookahead_total,8,False,1,1132,"(102608, 102608, 64, 64, 1536, 18676, 2331)",1.1217390409728978,9.38075008400483,"[{'seed': 123, 'score': (117076, 117076, 64, 64, 1569, 18886, 2365), 'num_layers': 2365, 'total_swaps': 18886, 'max_layer_swaps': 23, 'swap_only_layers': 1569, 'work_layers': 796, 'unitary_layers': 796, 'first_work_layer': 5, 'leading_no_work_layers': 5, 'lookahead_layers_scored': 8, 'lookahead_final_elems': 117076, 'lookahead_final_max_bond': 64, 'lookahead_peak_elems': 117076, 'lookahead_peak_max_bond': 64, 'lookahead_peak_bond_l2': 39190}, {'seed': 1132, 'score': (102608, 102608, 64, 64, 1536, 18676, 2331), 'num_layers': 2331, 'total_swaps': 18676, 'max_layer_swaps': 24, 'swap_only_layers': 1536, 'work_layers': 795, 'unitary_layers': 795, 'first_work_layer': 5, 'leading_no_work_layers': 5, 'lookahead_layers_scored': 8, 'lookahead_final_elems': 102608, 'lookahead_final_max_bond': 64, 'lookahead_peak_elems': 102608, 'lookahead_peak_max_bond': 64, 'lookahead_peak_bond_l2': 36334}]",10.502513292012736,20.73399100001552
419.19197662500665,cycle_progress,,,,,,14,6,20,,,,,,,,,,,,,,,,,,,4096,0.002,,852,1,,,,,,,,,,8,4,1036,674,390,98,,,,,,,,,,,,,,,,,,,,6,,20,1984,1964,3,False,,,,,,,,,,,,,,,,,,,,,20.73399100001552
419.33269616699545,absorbing,L,1,0,2357,2331,14,6,20,23,0,0,0.05464470901642926,0.055384542007232085,0.11002925102366135,0.11840325000230223,1036,1664,8,8,False,False,False,False,1036,8,False,4096,0.002,,1036,0,total_elems,1036,1664,1,1,,,,0.0,8,4,1036,674,390,98,,,,,,,,,,,,,,,,,,,,,,,,,,,,,,,,,,,,,,,,,,,,,,,
419.45712325000204,absorbing,R,1,1,2357,2331,14,6,20,16,0,0,0.05759016697993502,0.06099837500369176,0.11858854198362678,0.1207478329888545,2072,1664,8,8,False,False,False,False,1664,8,False,4096,0.002,,1036,0,total_elems,2072,1664,1,1,,,,0.0,8,4,1664,772,390,98,,,,,,,,,,,,,,,,,,,,,,,,,,,,,,,,,,,,,,,,,,,,,,,
419.57640629200614,absorbing,L,2,1,2357,2331,14,6,20,25,0,0,0.05874229202163406,0.055560790991876274,0.11430308301351033,0.11570899997605011,2928,3876,8,16,False,False,False,False,2928,8,False,4096,0.002,,1036,0,total_elems,2928,3876,1,1,,,,0.0,8,4,2928,912,390,98,,,,,,,,,,,,,,,,,,,,,,,,,,,,,,,,,,,,,,,,,,,,,,,
419.7002417500189,absorbing,R,2,2,2357,2331,14,6,20,19,0,0,0.05834991700248793,0.06026900000870228,0.1186189170111902,0.12003408299642615,6468,5068,16,16,False,False,False,False,5068,16,False,4096,0.002,,1036,0,total_elems,6468,5068,1,1,,,,0.0,16,4,5068,1042,390,98,,,,,,,,,,,,,,,,,,,,,,,,,,,,,,,,,,,,,,,,,,,,,,,
419.824603917019,absorbing,R,2,3,2357,2331,14,6,20,17,0,0,0.05886150000151247,0.060291417001280934,0.1191529170027934,0.12061566699412651,10108,8956,16,16,False,False,False,False,8956,16,False,4096,0.002,,1036,0,total_elems,10108,8956,1,1,,,,0.0,16,4,8956,1216,390,98,,,,,,,,,,,,,,,,,,,,,,,,,,,,,,,,,,,,,,,,,,,,,,,
419.9521297500178,absorbing,R,2,4,2357,2331,14,6,20,15,0,0,0.0651897499919869,0.057653124997159466,0.12284287498914637,0.12405370798660442,19468,19076,32,32,False,False,False,False,19076,32,False,4096,0.002,,1036,0,total_elems,19468,19076,1,1,,,,0.0,32,4,19076,1456,390,98,,,,,,,,,,,,,,,,,,,,,,,,,,,,,,,,,,,,,,,,,,,,,,,
420.08985258301254,absorbing,R,2,5,2357,2331,14,6,20,13,0,0,0.07164370798273012,0.059576749976258725,0.13122045795898885,0.13239045900991186,46772,31456,64,64,False,False,False,False,31456,64,False,4096,0.002,,1036,0,total_elems,46772,31456,1,1,,,,0.0,64,4,31456,1692,390,98,,,,,,,,,,,,,,,,,,,,,,,,,,,,,,,,,,,,,,,,,,,,,,,
420.24527400001534,absorbing,R,2,6,2357,2331,14,7,21,12,1,1,0.07472462501027621,0.07492966600693762,0.14965429101721384,0.15194941699155606,70768,68520,64,64,False,False,False,False,68520,64,False,4096,0.002,,1036,0,total_elems,70768,68520,1,1,,,,0.0,64,4,68520,2088,390,98,,,,,,,,,,,,,,,,,,,,,,,,,,,,,,,,,,,,,,,,,,,,,,,
420.44769304199144,absorbing,R,2,7,2357,2331,14,7,21,14,0,1,0.11191179198794998,0.08524833401315846,0.19716012600110844,0.1989891249977518,118992,88772,64,64,False,False,False,False,88772,64,False,4096,0.002,,1036,0,total_elems,118992,88772,1,1,,,,0.0,64,4,88772,2326,390,98,,,,,,,,,,,,,,,,,,,,,,,,,,,,,,,,,,,,,,,,,,,,,,,
420.7562716669927,absorbing,R,2,8,2357,2331,14,8,22,12,1,2,0.14929408300668,0.15254483299213462,0.3018389159988146,0.303177791996859,146540,135848,64,64,False,False,False,False,135848,64,False,4096,0.002,,1036,0,total_elems,146540,135848,1,1,,,,0.0,64,4,135848,2742,390,98,,,,,,,,,,,,,,,,,,,,,,,,,,,,,,,,,,,,,,,,,,,,,,,
421.1714414580201,absorbing,L,3,8,2357,2331,14,8,22,24,0,2,0.17981295799836516,0.22873924998566508,0.40855220798403025,0.4100381250027567,326864,399488,256,256,False,False,False,False,326864,256,False,4096,0.002,,1036,0,total_elems,326864,399488,1,1,,,,0.0,256,4,326864,3840,390,98,,,,,,,,,,,,,,,,,,,,,,,,,,,,,,,,,,,,,,,,,,,,,,,
422.3855753749958,absorbing,L,4,8,2357,2331,14,8,22,21,0,2,0.5306079170259181,0.6766888749843929,1.207296792010311,1.2091485419950914,792488,942896,256,256,False,False,False,False,792488,256,False,4096,0.002,,1036,0,total_elems,792488,942896,1,1,,,,0.0,256,4,792488,5304,390,98,,,,,,,,,,,,,,,,,,,,,,,,,,,,,,,,,,,,,,,,,,,,,,,
434.41165700001875,unswapping,,,,,,,,,,,,,,,,,,,,,,,,,,,,,,,,,,,,,,,,,256,4,1120896,6140,390,98,0,both,0,49,49,5,5,,,,,0,,,,,,,,,,,,,,,,,,,,,,,,,,,,,,,,,,,
444.0061249170103,unswapping,,,,,,,,,,,,,,,,,,,,,,,,,,,,,,,,,,,,,,,,,256,4,471008,4640,390,98,0,both,1,48,48,14,19,,,,,0,,,,,,,,,,,,,,,,,,,,,,,,,,,,,,,,,,,
445.31393108301563,unswapping,,,,,,,,,,,,,,,,,,,,,,,,,,,,,,,,,,,,,,,,,128,4,253200,3572,390,98,0,left,0,49,49,19,38,,,,,38,,,,,,,,,,,,,,,,,,,,,,,,,,,,,,,,,,,
446.2953589170065,unswapping,,,,,,,,,,,,,,,,,,,,,,,,,,,,,,,,,,,,,,,,,128,4,116136,2718,390,98,0,left,1,48,48,19,57,,,,,76,,,,,,,,,,,,,,,,,,,,,,,,,,,,,,,,,,,
446.5271936249919,unswapping,,,,,,,,,,,,,,,,,,,,,,,,,,,,,,,,,,,,,,,,,64,4,63536,2042,390,98,0,right,0,49,49,13,70,,,,,94,,,,,,,,,,,,,,,,,,,,,,,,,,,,,,,,,,,
446.6997413329955,unswapping,,,,,,,,,,,,,,,,,,,,,,,,,,,,,,,,,,,,,,,,,64,4,36872,1748,390,98,0,right,1,48,48,12,82,,,,,112,,,,,,,,,,,,,,,,,,,,,,,,,,,,,,,,,,,
446.9192819580203,unswapping,,,,,,,,,,,,,,,,,,,,,,,,,,,,,,,,,,,,,,,,,32,4,21308,1446,390,98,1,both,0,49,49,15,15,,,,,138,,,,,,,,,,,,,,,,,,,,,,,,,,,,,,,,,,,
447.1135235420079,unswapping,,,,,,,,,,,,,,,,,,,,,,,,,,,,,,,,,,,,,,,,,32,4,13404,1274,390,98,1,both,1,48,48,11,26,,,,,162,,,,,,,,,,,,,,,,,,,,,,,,,,,,,,,,,,,
447.2135798750096,unswapping,,,,,,,,,,,,,,,,,,,,,,,,,,,,,,,,,,,,,,,,,16,4,9372,1134,390,98,1,left,0,49,49,8,34,,,,,174,,,,,,,,,,,,,,,,,,,,,,,,,,,,,,,,,,,
447.3110025420028,unswapping,,,,,,,,,,,,,,,,,,,,,,,,,,,,,,,,,,,,,,,,,16,4,8076,1070,390,98,1,left,1,48,48,9,43,,,,,190,,,,,,,,,,,,,,,,,,,,,,,,,,,,,,,,,,,
447.40177091700025,unswapping,,,,,,,,,,,,,,,,,,,,,,,,,,,,,,,,,,,,,,,,,16,4,6828,1018,390,98,1,right,0,49,49,4,47,,,,,194,,,,,,,,,,,,,,,,,,,,,,,,,,,,,,,,,,,
447.4898363329994,unswapping,,,,,,,,,,,,,,,,,,,,,,,,,,,,,,,,,,,,,,,,,16,4,6288,992,390,98,1,right,1,48,48,3,50,,,,,198,,,,,,,,,,,,,,,,,,,,,,,,,,,,,,,,,,,
447.65743512500194,unswapping,,,,,,,,,,,,,,,,,,,,,,,,,,,,,,,,,,,,,,,,,16,4,5584,940,390,98,2,both,0,49,49,10,10,,,,,210,,,,,,,,,,,,,,,,,,,,,,,,,,,,,,,,,,,
447.8397603750054,unswapping,,,,,,,,,,,,,,,,,,,,,,,,,,,,,,,,,,,,,,,,,16,4,4308,886,390,98,2,both,1,48,48,8,18,,,,,218,,,,,,,,,,,,,,,,,,,,,,,,,,,,,,,,,,,
447.9411877079983,unswapping,,,,,,,,,,,,,,,,,,,,,,,,,,,,,,,,,,,,,,,,,16,4,3332,834,390,98,2,left,0,49,49,7,25,,,,,228,,,,,,,,,,,,,,,,,,,,,,,,,,,,,,,,,,,
448.0337559170148,unswapping,,,,,,,,,,,,,,,,,,,,,,,,,,,,,,,,,,,,,,,,,8,4,2156,780,390,98,2,left,1,48,48,6,31,,,,,238,,,,,,,,,,,,,,,,,,,,,,,,,,,,,,,,,,,
448.12291687499965,unswapping,,,,,,,,,,,,,,,,,,,,,,,,,,,,,,,,,,,,,,,,,8,4,1836,752,390,98,2,right,0,49,49,4,35,,,,,244,,,,,,,,,,,,,,,,,,,,,,,,,,,,,,,,,,,
448.19415008299984,unswapping,,,,,,,,,,,,,,,,,,,,,,,,,,,,,,,,,,,,,,,,,8,4,1788,748,390,98,2,right,1,48,48,1,36,,,,,246,,,,,,,,,,,,,,,,,,,,,,,,,,,,,,,,,,,
448.3511982920172,unswapping,,,,,,,,,,,,,,,,,,,,,,,,,,,,,,,,,,,,,,,,,8,4,1704,738,390,98,3,both,0,49,49,3,3,,,,,248,,,,,,,,,,,,,,,,,,,,,,,,,,,,,,,,,,,
448.50586162501713,unswapping,,,,,,,,,,,,,,,,,,,,,,,,,,,,,,,,,,,,,,,,,8,4,1680,734,390,98,3,both,1,48,48,2,5,,,,,248,,,,,,,,,,,,,,,,,,,,,,,,,,,,,,,,,,,
448.54404479201185,unswapping,,,,,,,,,,,,,,,,,,,,,,,,,,,,,,,,,,,,,,,,,8,4,1680,734,390,98,3,left,0,49,49,0,5,,,,,248,,,,,,,,,,,,,,,,,,,,,,,,,,,,,,,,,,,
448.5824135419971,unswapping,,,,,,,,,,,,,,,,,,,,,,,,,,,,,,,,,,,,,,,,,8,4,1680,734,390,98,3,left,1,48,48,0,5,,,,,248,,,,,,,,,,,,,,,,,,,,,,,,,,,,,,,,,,,
448.6523304580187,unswapping,,,,,,,,,,,,,,,,,,,,,,,,,,,,,,,,,,,,,,,,,8,4,1632,730,390,98,3,right,0,49,49,1,6,,,,,248,,,,,,,,,,,,,,,,,,,,,,,,,,,,,,,,,,,
448.68886379202013,unswapping,,,,,,,,,,,,,,,,,,,,,,,,,,,,,,,,,,,,,,,,,8,4,1632,730,390,98,3,right,1,48,48,0,6,,,,,248,,,,,,,,,,,,,,,,,,,,,,,,,,,,,,,,,,,
448.760691375006,unswapping,,,,,,,,,,,,,,,,,,,,,,,,,,,,,,,,,,,,,,,,,8,4,1632,730,390,98,4,both,0,49,49,0,0,,,,,248,,,,,,,,,,,,,,,,,,,,,,,,,,,,,,,,,,,
448.9135751250142,unswapping,,,,,,,,,,,,,,,,,,,,,,,,,,,,,,,,,,,,,,,,,8,4,1584,726,390,98,4,both,1,48,48,1,1,,,,,252,,,,,,,,,,,,,,,,,,,,,,,,,,,,,,,,,,,
448.95175633300096,unswapping,,,,,,,,,,,,,,,,,,,,,,,,,,,,,,,,,,,,,,,,,8,4,1584,726,390,98,4,left,0,49,49,0,1,,,,,252,,,,,,,,,,,,,,,,,,,,,,,,,,,,,,,,,,,
448.9900355419959,unswapping,,,,,,,,,,,,,,,,,,,,,,,,,,,,,,,,,,,,,,,,,8,4,1584,726,390,98,4,left,1,48,48,0,1,,,,,252,,,,,,,,,,,,,,,,,,,,,,,,,,,,,,,,,,,
449.05957641699933,unswapping,,,,,,,,,,,,,,,,,,,,,,,,,,,,,,,,,,,,,,,,,8,4,1536,722,390,98,4,right,0,49,49,1,2,,,,,254,,,,,,,,,,,,,,,,,,,,,,,,,,,,,,,,,,,
449.096291541995,unswapping,,,,,,,,,,,,,,,,,,,,,,,,,,,,,,,,,,,,,,,,,8,4,1536,722,390,98,4,right,1,48,48,0,2,,,,,254,,,,,,,,,,,,,,,,,,,,,,,,,,,,,,,,,,,
449.1676036250137,unswapping,,,,,,,,,,,,,,,,,,,,,,,,,,,,,,,,,,,,,,,,,8,4,1536,722,390,98,5,both,0,49,49,0,0,,,,,254,,,,,,,,,,,,,,,,,,,,,,,,,,,,,,,,,,,
449.3038572499936,unswapping,,,,,,,,,,,,,,,,,,,,,,,,,,,,,,,,,,,,,,,,,8,4,1488,718,390,98,5,both,1,48,48,1,1,,,,,256,,,,,,,,,,,,,,,,,,,,,,,,,,,,,,,,,,,
449.34162287501385,unswapping,,,,,,,,,,,,,,,,,,,,,,,,,,,,,,,,,,,,,,,,,8,4,1488,718,390,98,5,left,0,49,49,0,1,,,,,256,,,,,,,,,,,,,,,,,,,,,,,,,,,,,,,,,,,
449.37933712499216,unswapping,,,,,,,,,,,,,,,,,,,,,,,,,,,,,,,,,,,,,,,,,8,4,1488,718,390,98,5,left,1,48,48,0,1,,,,,256,,,,,,,,,,,,,,,,,,,,,,,,,,,,,,,,,,,
449.4173145829991,unswapping,,,,,,,,,,,,,,,,,,,,,,,,,,,,,,,,,,,,,,,,,8,4,1488,718,390,98,5,right,0,49,49,0,1,,,,,256,,,,,,,,,,,,,,,,,,,,,,,,,,,,,,,,,,,
449.4541225419962,unswapping,,,,,,,,,,,,,,,,,,,,,,,,,,,,,,,,,,,,,,,,,8,4,1488,718,390,98,5,right,1,48,48,0,1,,,,,256,,,,,,,,,,,,,,,,,,,,,,,,,,,,,,,,,,,
449.5271273330145,unswapping,,,,,,,,,,,,,,,,,,,,,,,,,,,,,,,,,,,,,,,,,8,4,1488,718,390,98,6,both,0,49,49,0,0,,,,,256,,,,,,,,,,,,,,,,,,,,,,,,,,,,,,,,,,,
449.5986110420199,unswapping,,,,,,,,,,,,,,,,,,,,,,,,,,,,,,,,,,,,,,,,,8,4,1488,718,390,98,6,both,1,48,48,0,0,,,,,256,,,,,,,,,,,,,,,,,,,,,,,,,,,,,,,,,,,
449.6366422919964,unswapping,,,,,,,,,,,,,,,,,,,,,,,,,,,,,,,,,,,,,,,,,8,4,1488,718,390,98,6,left,0,49,49,0,0,,,,,256,,,,,,,,,,,,,,,,,,,,,,,,,,,,,,,,,,,
449.67449262499576,unswapping,,,,,,,,,,,,,,,,,,,,,,,,,,,,,,,,,,,,,,,,,8,4,1488,718,390,98,6,left,1,48,48,0,0,,,,,256,,,,,,,,,,,,,,,,,,,,,,,,,,,,,,,,,,,
449.71175887499703,unswapping,,,,,,,,,,,,,,,,,,,,,,,,,,,,,,,,,,,,,,,,,8,4,1488,718,390,98,6,right,0,49,49,0,0,,,,,256,,,,,,,,,,,,,,,,,,,,,,,,,,,,,,,,,,,
449.74870912500774,unswapping,,,,,,,,,,,,,,,,,,,,,,,,,,,,,,,,,,,,,,,,,8,4,1488,718,390,98,6,right,1,48,48,0,0,,,,,256,,,,,,,,,,,,,,,,,,,,,,,,,,,,,,,,,,,
449.76987600000575,unswap_cycle_summary,,,,,,14,8,22,,,,,,,,,,,,,,,,,,,4096,0.002,,,,,,,,,,,,,8,4,1488,718,390,98,,,,,,,,,,,,,,,,,,,,7,24.784503624978242,22,1984,1962,2,False,,,,,,,,,,,,,,,,,,,,,
460.2857612920052,rewiring,,,,,,,,,,,,,,,,,,,,,,,,,,,,,,,,,,,,,,,,,,,,,,,,,,,,,,,,,,,,,,,,,,7,,,,,,,left,post_unswap,10.514872958010528,20,2355,False,False,False,2,2,lookahead_total,8,False,1,123,"(325948, 325948, 128, 128, 1700, 20466, 2496)",1.3539186250127386,9.16092587498133,"[{'seed': 123, 'score': (325948, 325948, 128, 128, 1700, 20466, 2496), 'num_layers': 2496, 'total_swaps': 20466, 'max_layer_swaps': 25, 'swap_only_layers': 1700, 'work_layers': 796, 'unitary_layers': 796, 'first_work_layer': 3, 'leading_no_work_layers': 3, 'lookahead_layers_scored': 8, 'lookahead_final_elems': 325948, 'lookahead_final_max_bond': 128, 'lookahead_peak_elems': 325948, 'lookahead_peak_max_bond': 128, 'lookahead_peak_bond_l2': 109126}, {'seed': 1132, 'score': (389548, 389548, 128, 128, 1665, 20667, 2464), 'num_layers': 2464, 'total_swaps': 20667, 'max_layer_swaps': 26, 'swap_only_layers': 1665, 'work_layers': 799, 'unitary_layers': 799, 'first_work_layer': 3, 'leading_no_work_layers': 3, 'lookahead_layers_scored': 8, 'lookahead_final_elems': 389548, 'lookahead_final_max_bond': 128, 'lookahead_peak_elems': 389548, 'lookahead_peak_max_bond': 128, 'lookahead_peak_bond_l2': 129658}]",10.514864625001792,19.92460158301401
469.69515983300516,rewiring,,,,,,,,,,,,,,,,,,,,,,,,,,,,,,,,,,,,,,,,,,,,,,,,,,,,,,,,,,,,,,,,,,7,,,,,,,right,post_unswap,9.409126790997107,20,2325,False,False,False,2,2,lookahead_total,8,False,1,123,"(321032, 321032, 256, 256, 1583, 19056, 2356)",1.2689714579901192,8.140126125013921,"[{'seed': 123, 'score': (321032, 321032, 256, 256, 1583, 19056, 2356), 'num_layers': 2356, 'total_swaps': 19056, 'max_layer_swaps': 23, 'swap_only_layers': 1583, 'work_layers': 773, 'unitary_layers': 773, 'first_work_layer': 9, 'leading_no_work_layers': 9, 'lookahead_layers_scored': 8, 'lookahead_final_elems': 321032, 'lookahead_final_max_bond': 256, 'lookahead_peak_elems': 321032, 'lookahead_peak_max_bond': 256, 'lookahead_peak_bond_l2': 130015}, {'seed': 1132, 'score': (337916, 337916, 256, 256, 1501, 18666, 2274), 'num_layers': 2274, 'total_swaps': 18666, 'max_layer_swaps': 22, 'swap_only_layers': 1501, 'work_layers': 773, 'unitary_layers': 773, 'first_work_layer': 9, 'leading_no_work_layers': 9, 'lookahead_layers_scored': 8, 'lookahead_final_elems': 337916, 'lookahead_final_max_bond': 256, 'lookahead_peak_elems': 337916, 'lookahead_peak_max_bond': 256, 'lookahead_peak_bond_l2': 134380}]",9.409119332995033,19.92460158301401
469.69523720801226,cycle_progress,,,,,,14,8,22,,,,,,,,,,,,,,,,,,,4096,0.002,,1036,0,,,,,,,,,,8,4,1488,718,390,98,,,,,,,,,,,,,,,,,,,,7,,22,1984,1962,2,False,,,,,,,,,,,,,,,,,,,,,19.92460158301401
469.8319168750022,absorbing,L,1,0,2496,2356,14,8,22,25,0,0,0.05058745900169015,0.05019479198381305,0.1007822509855032,0.11403820902341977,1488,2240,8,8,False,False,False,False,1488,8,False,4096,0.002,,1488,0,total_elems,1488,2240,1,1,,,,0.0,8,4,1488,718,390,98,,,,,,,,,,,,,,,,,,,,,,,,,,,,,,,,,,,,,,,,,,,,,,,
469.9380741670029,absorbing,R,1,1,2496,2356,14,8,22,17,0,0,0.050488209002651274,0.04923699999926612,0.09972520900191739,0.10084787500090897,3184,2240,16,8,False,False,False,False,2240,8,False,4096,0.002,,1488,0,total_elems,3184,2240,1,1,,,,0.0,8,4,2240,834,390,98,,,,,,,,,,,,,,,,,,,,,,,,,,,,,,,,,,,,,,,,,,,,,,,
470.048249125015,absorbing,L,2,1,2496,2356,14,8,22,25,0,0,0.05124016699846834,0.054048959020292386,0.10528912601876073,0.10643008298939094,4308,5128,16,16,False,False,False,False,4308,16,False,4096,0.002,,1488,0,total_elems,4308,5128,1,1,,,,0.0,16,4,4308,990,390,98,,,,,,,,,,,,,,,,,,,,,,,,,,,,,,,,,,,,,,,,,,,,,,,
470.1654642499925,absorbing,R,2,2,2496,2356,14,8,22,18,0,0,0.05370995798148215,0.05900658300379291,0.11271654098527506,0.11390070797642693,8484,8404,16,32,False,False,False,False,8404,32,False,4096,0.002,,1488,0,total_elems,8484,8404,1,1,,,,0.0,32,4,8404,1192,390,98,,,,,,,,,,,,,,,,,,,,,,,,,,,,,,,,,,,,,,,,,,,,,,,
470.28181504199165,absorbing,L,3,2,2496,2356,14,8,22,25,0,0,0.05586200000834651,0.05519383301725611,0.11105583302560262,0.112220792012522,15924,15952,32,32,False,False,False,False,15924,32,False,4096,0.002,,1488,0,total_elems,15924,15952,1,1,,,,0.0,32,4,15924,1444,390,98,,,,,,,,,,,,,,,,,,,,,,,,,,,,,,,,,,,,,,,,,,,,,,,
470.4006828330166,absorbing,L,4,2,2496,2356,15,8,23,21,1,1,0.057719165983144194,0.05579687500721775,0.11351604099036194,0.1148204579949379,29136,30608,32,64,False,False,False,False,29136,32,False,4096,0.002,,1488,0,total_elems,29136,30608,1,1,,,,0.0,32,4,29136,1796,390,98,,,,,,,,,,,,,,,,,,,,,,,,,,,,,,,,,,,,,,,,,,,,,,,
470.5501715000137,absorbing,R,4,3,2496,2356,15,8,23,17,0,1,0.06541783301508985,0.0790545419731643,0.14447237498825416,0.14576129202032462,60124,57228,64,64,False,False,False,False,57228,64,False,4096,0.002,,1488,0,total_elems,60124,57228,1,1,,,,0.0,64,4,57228,2160,390,98,,,,,,,,,,,,,,,,,,,,,,,,,,,,,,,,,,,,,,,,,,,,,,,
470.73155883300933,absorbing,L,5,3,2496,2356,16,8,24,24,1,2,0.08620670897653326,0.08999962502275594,0.1762063339992892,0.17742604098748416,87544,103400,64,128,False,False,False,False,87544,64,False,4096,0.002,,1488,0,total_elems,87544,103400,1,1,,,,0.0,64,4,87544,2614,390,98,,,,,,,,,,,,,,,,,,,,,,,,,,,,,,,,,,,,,,,,,,,,,,,
471.0449367919937,absorbing,R,5,4,2496,2356,16,8,24,13,0,2,0.1717717910069041,0.1368656670092605,0.3086374580161646,0.3099487080180552,198392,161044,128,128,False,False,False,False,161044,128,False,4096,0.002,,1488,0,total_elems,198392,161044,1,1,,,,0.0,128,4,161044,3128,390,98,,,,,,,,,,,,,,,,,,,,,,,,,,,,,,,,,,,,,,,,,,,,,,,
471.4501761670108,absorbing,R,5,5,2496,2356,16,8,24,14,0,2,0.2558837909891736,0.1407521670043934,0.396635957993567,0.3997246249928139,366100,241332,256,128,False,False,False,False,241332,128,False,4096,0.002,,1488,0,total_elems,366100,241332,1,1,,,,0.0,128,4,241332,3654,390,98,,,,,,,,,,,,,,,,,,,,,,,,,,,,,,,,,,,,,,,,,,,,,,,
472.086337582994,absorbing,R,5,6,2496,2356,16,8,24,16,0,2,0.36063358397223055,0.26671970801544376,0.6273532919876743,0.6312609580054414,479156,272372,256,128,False,False,False,False,272372,128,False,4096,0.002,,1488,0,total_elems,479156,272372,1,1,,,,0.0,128,4,272372,3990,390,98,,,,,,,,,,,,,,,,,,,,,,,,,,,,,,,,,,,,,,,,,,,,,,,
472.87809908299823,absorbing,L,6,6,2496,2356,17,8,25,22,1,3,0.38121883300482295,0.403445042000385,0.784663875005208,0.7884152090118732,617268,640436,256,256,False,False,False,False,617268,256,False,4096,0.002,,1488,0,total_elems,617268,640436,1,1,,,,0.0,256,4,617268,5566,390,98,,,,,,,,,,,,,,,,,,,,,,,,,,,,,,,,,,,,,,,,,,,,,,,
490.2740747920179,unswapping,,,,,,,,,,,,,,,,,,,,,,,,,,,,,,,,,,,,,,,,,256,4,922016,6118,390,98,0,both,0,49,49,6,6,,,,,0,,,,,,,,,,,,,,,,,,,,,,,,,,,,,,,,,,,
499.19802829201217,unswapping,,,,,,,,,,,,,,,,,,,,,,,,,,,,,,,,,,,,,,,,,256,4,393216,4408,390,98,0,both,1,48,48,19,25,,,,,0,,,,,,,,,,,,,,,,,,,,,,,,,,,,,,,,,,,
500.29532520801877,unswapping,,,,,,,,,,,,,,,,,,,,,,,,,,,,,,,,,,,,,,,,,64,4,181852,3148,390,98,0,left,0,49,49,23,48,,,,,46,,,,,,,,,,,,,,,,,,,,,,,,,,,,,,,,,,,
500.75023175001843,unswapping,,,,,,,,,,,,,,,,,,,,,,,,,,,,,,,,,,,,,,,,,64,4,129804,2726,390,98,0,left,1,48,48,20,68,,,,,86,,,,,,,,,,,,,,,,,,,,,,,,,,,,,,,,,,,
501.02600312500726,unswapping,,,,,,,,,,,,,,,,,,,,,,,,,,,,,,,,,,,,,,,,,64,4,109052,2412,390,98,0,right,0,49,49,10,78,,,,,94,,,,,,,,,,,,,,,,,,,,,,,,,,,,,,,,,,,
501.3117176250089,unswapping,,,,,,,,,,,,,,,,,,,,,,,,,,,,,,,,,,,,,,,,,64,4,86108,2178,390,98,0,right,1,48,48,12,90,,,,,112,,,,,,,,,,,,,,,,,,,,,,,,,,,,,,,,,,,
501.8499644580006,unswapping,,,,,,,,,,,,,,,,,,,,,,,,,,,,,,,,,,,,,,,,,64,4,53452,1866,390,98,1,both,0,49,49,16,16,,,,,126,,,,,,,,,,,,,,,,,,,,,,,,,,,,,,,,,,,
502.13903645801474,unswapping,,,,,,,,,,,,,,,,,,,,,,,,,,,,,,,,,,,,,,,,,32,4,26596,1506,390,98,1,both,1,48,48,12,28,,,,,156,,,,,,,,,,,,,,,,,,,,,,,,,,,,,,,,,,,
502.2751560420147,unswapping,,,,,,,,,,,,,,,,,,,,,,,,,,,,,,,,,,,,,,,,,32,4,18200,1302,390,98,1,left,0,49,49,15,43,,,,,178,,,,,,,,,,,,,,,,,,,,,,,,,,,,,,,,,,,
502.3985581250163,unswapping,,,,,,,,,,,,,,,,,,,,,,,,,,,,,,,,,,,,,,,,,32,4,12032,1184,390,98,1,left,1,48,48,8,51,,,,,190,,,,,,,,,,,,,,,,,,,,,,,,,,,,,,,,,,,
502.5037413329992,unswapping,,,,,,,,,,,,,,,,,,,,,,,,,,,,,,,,,,,,,,,,,16,4,8852,1070,390,98,1,right,0,49,49,7,58,,,,,202,,,,,,,,,,,,,,,,,,,,,,,,,,,,,,,,,,,
502.60192174999975,unswapping,,,,,,,,,,,,,,,,,,,,,,,,,,,,,,,,,,,,,,,,,16,4,7700,1022,390,98,1,right,1,48,48,6,64,,,,,212,,,,,,,,,,,,,,,,,,,,,,,,,,,,,,,,,,,
502.7782705000136,unswapping,,,,,,,,,,,,,,,,,,,,,,,,,,,,,,,,,,,,,,,,,16,4,5396,934,390,98,2,both,0,49,49,10,10,,,,,232,,,,,,,,,,,,,,,,,,,,,,,,,,,,,,,,,,,
502.958215791994,unswapping,,,,,,,,,,,,,,,,,,,,,,,,,,,,,,,,,,,,,,,,,16,4,4012,870,390,98,2,both,1,48,48,10,20,,,,,256,,,,,,,,,,,,,,,,,,,,,,,,,,,,,,,,,,,
503.05349462499726,unswapping,,,,,,,,,,,,,,,,,,,,,,,,,,,,,,,,,,,,,,,,,8,4,3060,830,390,98,2,left,0,49,49,5,25,,,,,264,,,,,,,,,,,,,,,,,,,,,,,,,,,,,,,,,,,
503.1639773329953,unswapping,,,,,,,,,,,,,,,,,,,,,,,,,,,,,,,,,,,,,,,,,8,4,2580,794,390,98,2,left,1,48,48,5,30,,,,,268,,,,,,,,,,,,,,,,,,,,,,,,,,,,,,,,,,,
503.26142749999417,unswapping,,,,,,,,,,,,,,,,,,,,,,,,,,,,,,,,,,,,,,,,,8,4,2520,788,390,98,2,right,0,49,49,1,31,,,,,270,,,,,,,,,,,,,,,,,,,,,,,,,,,,,,,,,,,
503.3510417499929,unswapping,,,,,,,,,,,,,,,,,,,,,,,,,,,,,,,,,,,,,,,,,8,4,2392,780,390,98,2,right,1,48,48,2,33,,,,,268,,,,,,,,,,,,,,,,,,,,,,,,,,,,,,,,,,,
503.5173899579968,unswapping,,,,,,,,,,,,,,,,,,,,,,,,,,,,,,,,,,,,,,,,,8,4,1888,752,390,98,3,both,0,49,49,5,5,,,,,266,,,,,,,,,,,,,,,,,,,,,,,,,,,,,,,,,,,
503.68869050001376,unswapping,,,,,,,,,,,,,,,,,,,,,,,,,,,,,,,,,,,,,,,,,8,4,1464,724,390,98,3,both,1,48,48,5,10,,,,,268,,,,,,,,,,,,,,,,,,,,,,,,,,,,,,,,,,,
503.79000629199436,unswapping,,,,,,,,,,,,,,,,,,,,,,,,,,,,,,,,,,,,,,,,,8,4,1144,708,390,98,3,left,0,49,49,2,12,,,,,272,,,,,,,,,,,,,,,,,,,,,,,,,,,,,,,,,,,
503.8856179169961,unswapping,,,,,,,,,,,,,,,,,,,,,,,,,,,,,,,,,,,,,,,,,4,4,1024,692,390,98,3,left,1,48,48,2,14,,,,,274,,,,,,,,,,,,,,,,,,,,,,,,,,,,,,,,,,,
503.92624770800467,unswapping,,,,,,,,,,,,,,,,,,,,,,,,,,,,,,,,,,,,,,,,,4,4,1024,692,390,98,3,right,0,49,49,0,14,,,,,274,,,,,,,,,,,,,,,,,,,,,,,,,,,,,,,,,,,
503.9647042080178,unswapping,,,,,,,,,,,,,,,,,,,,,,,,,,,,,,,,,,,,,,,,,4,4,1024,692,390,98,3,right,1,48,48,0,14,,,,,274,,,,,,,,,,,,,,,,,,,,,,,,,,,,,,,,,,,
504.153800458007,unswapping,,,,,,,,,,,,,,,,,,,,,,,,,,,,,,,,,,,,,,,,,4,4,1012,690,390,98,4,both,0,49,49,1,1,,,,,274,,,,,,,,,,,,,,,,,,,,,,,,,,,,,,,,,,,
504.32605470801354,unswapping,,,,,,,,,,,,,,,,,,,,,,,,,,,,,,,,,,,,,,,,,4,4,1000,688,390,98,4,both,1,48,48,1,2,,,,,274,,,,,,,,,,,,,,,,,,,,,,,,,,,,,,,,,,,
504.3674619579979,unswapping,,,,,,,,,,,,,,,,,,,,,,,,,,,,,,,,,,,,,,,,,4,4,1000,688,390,98,4,left,0,49,49,0,2,,,,,274,,,,,,,,,,,,,,,,,,,,,,,,,,,,,,,,,,,
504.41192762501305,unswapping,,,,,,,,,,,,,,,,,,,,,,,,,,,,,,,,,,,,,,,,,4,4,1000,688,390,98,4,left,1,48,48,0,2,,,,,274,,,,,,,,,,,,,,,,,,,,,,,,,,,,,,,,,,,
504.45094637500006,unswapping,,,,,,,,,,,,,,,,,,,,,,,,,,,,,,,,,,,,,,,,,4,4,1000,688,390,98,4,right,0,49,49,0,2,,,,,274,,,,,,,,,,,,,,,,,,,,,,,,,,,,,,,,,,,
504.4893307920138,unswapping,,,,,,,,,,,,,,,,,,,,,,,,,,,,,,,,,,,,,,,,,4,4,1000,688,390,98,4,right,1,48,48,0,2,,,,,274,,,,,,,,,,,,,,,,,,,,,,,,,,,,,,,,,,,
504.57055829200544,unswapping,,,,,,,,,,,,,,,,,,,,,,,,,,,,,,,,,,,,,,,,,4,4,1000,688,390,98,5,both,0,49,49,0,0,,,,,274,,,,,,,,,,,,,,,,,,,,,,,,,,,,,,,,,,,
504.6485134999966,unswapping,,,,,,,,,,,,,,,,,,,,,,,,,,,,,,,,,,,,,,,,,4,4,1000,688,390,98,5,both,1,48,48,0,0,,,,,274,,,,,,,,,,,,,,,,,,,,,,,,,,,,,,,,,,,
504.6879112920142,unswapping,,,,,,,,,,,,,,,,,,,,,,,,,,,,,,,,,,,,,,,,,4,4,1000,688,390,98,5,left,0,49,49,0,0,,,,,274,,,,,,,,,,,,,,,,,,,,,,,,,,,,,,,,,,,
504.73121104200254,unswapping,,,,,,,,,,,,,,,,,,,,,,,,,,,,,,,,,,,,,,,,,4,4,1000,688,390,98,5,left,1,48,48,0,0,,,,,274,,,,,,,,,,,,,,,,,,,,,,,,,,,,,,,,,,,
504.77093212501495,unswapping,,,,,,,,,,,,,,,,,,,,,,,,,,,,,,,,,,,,,,,,,4,4,1000,688,390,98,5,right,0,49,49,0,0,,,,,274,,,,,,,,,,,,,,,,,,,,,,,,,,,,,,,,,,,
504.8146478749986,unswapping,,,,,,,,,,,,,,,,,,,,,,,,,,,,,,,,,,,,,,,,,4,4,1000,688,390,98,5,right,1,48,48,0,0,,,,,274,,,,,,,,,,,,,,,,,,,,,,,,,,,,,,,,,,,
504.8408878330083,unswap_cycle_summary,,,,,,17,8,25,,,,,,,,,,,,,,,,,,,4096,0.002,,,,,,,,,,,,,4,4,1000,688,390,98,,,,,,,,,,,,,,,,,,,,8,29.76648258298519,25,1984,1959,3,False,,,,,,,,,,,,,,,,,,,,,
515.999629124999,rewiring,,,,,,,,,,,,,,,,,,,,,,,,,,,,,,,,,,,,,,,,,,,,,,,,,,,,,,,,,,,,,,,,,,8,,,,,,,left,post_unswap,11.157611041009659,20,2492,False,False,False,3,2,lookahead_total,8,False,1,1132,"(91272, 91272, 64, 64, 1627, 19986, 2405)",1.088408208976034,10.069152042036876,"[{'seed': 123, 'score': (261972, 261972, 128, 128, 1632, 19903, 2411), 'num_layers': 2411, 'total_swaps': 19903, 'max_layer_swaps': 23, 'swap_only_layers': 1632, 'work_layers': 779, 'unitary_layers': 779, 'first_work_layer': 3, 'leading_no_work_layers': 3, 'lookahead_layers_scored': 8, 'lookahead_final_elems': 261972, 'lookahead_final_max_bond': 128, 'lookahead_peak_elems': 261972, 'lookahead_peak_max_bond': 128, 'lookahead_peak_bond_l2': 78739}, {'seed': 1132, 'score': (91272, 91272, 64, 64, 1627, 19986, 2405), 'num_layers': 2405, 'total_swaps': 19986, 'max_layer_swaps': 25, 'swap_only_layers': 1627, 'work_layers': 778, 'unitary_layers': 778, 'first_work_layer': 3, 'leading_no_work_layers': 3, 'lookahead_layers_scored': 8, 'lookahead_final_elems': 91272, 'lookahead_final_max_bond': 64, 'lookahead_peak_elems': 91272, 'lookahead_peak_max_bond': 64, 'lookahead_peak_bond_l2': 28594}]",11.157580957980826,20.427369499986526
525.2689782500092,rewiring,,,,,,,,,,,,,,,,,,,,,,,,,,,,,,,,,,,,,,,,,,,,,,,,,,,,,,,,,,,,,,,,,,8,,,,,,,right,post_unswap,9.269056832999922,20,2352,False,False,False,3,2,lookahead_total,8,False,1,1132,"(148436, 148436, 128, 128, 1382, 18799, 2148)",0.9917724580154754,8.2772474999947,"[{'seed': 123, 'score': (208664, 208664, 128, 128, 1481, 18369, 2257), 'num_layers': 2257, 'total_swaps': 18369, 'max_layer_swaps': 22, 'swap_only_layers': 1481, 'work_layers': 776, 'unitary_layers': 776, 'first_work_layer': 4, 'leading_no_work_layers': 4, 'lookahead_layers_scored': 8, 'lookahead_final_elems': 208664, 'lookahead_final_max_bond': 128, 'lookahead_peak_elems': 208664, 'lookahead_peak_max_bond': 128, 'lookahead_peak_bond_l2': 73303}, {'seed': 1132, 'score': (148436, 148436, 128, 128, 1382, 18799, 2148), 'num_layers': 2148, 'total_swaps': 18799, 'max_layer_swaps': 24, 'swap_only_layers': 1382, 'work_layers': 766, 'unitary_layers': 766, 'first_work_layer': 4, 'leading_no_work_layers': 4, 'lookahead_layers_scored': 8, 'lookahead_final_elems': 148436, 'lookahead_final_max_bond': 128, 'lookahead_peak_elems': 148436, 'lookahead_peak_max_bond': 128, 'lookahead_peak_bond_l2': 59149}]",9.269037709018448,20.427369499986526
525.2690468330111,cycle_progress,,,,,,17,8,25,,,,,,,,,,,,,,,,,,,4096,0.002,,1488,0,,,,,,,,,,4,4,1000,688,390,98,,,,,,,,,,,,,,,,,,,,8,,25,1984,1959,3,False,,,,,,,,,,,,,,,,,,,,,20.427369499986526
525.399489125004,absorbing,L,1,0,2405,2148,17,8,25,22,0,0,0.04850429101497866,0.047194500017212704,0.09569879103219137,0.1047018340032082,1000,1552,4,8,False,False,False,False,1000,4,False,4096,0.002,,1000,0,total_elems,1000,1552,1,1,,,,0.0,4,4,1000,688,390,98,,,,,,,,,,,,,,,,,,,,,,,,,,,,,,,,,,,,,,,,,,,,,,,
525.5022856669966,absorbing,R,1,1,2405,2148,17,8,25,15,0,0,0.04962191701633856,0.047185542003717273,0.09680745902005583,0.09783450001850724,1956,1552,8,8,False,False,False,False,1552,8,False,4096,0.002,,1000,0,total_elems,1956,1552,1,1,,,,0.0,8,4,1552,780,390,98,,,,,,,,,,,,,,,,,,,,,,,,,,,,,,,,,,,,,,,,,,,,,,,
525.6025662920147,absorbing,L,2,1,2405,2148,17,8,25,21,0,0,0.049161165981786326,0.047079541021957994,0.09624070700374432,0.0972500839852728,2964,3092,8,8,False,False,False,False,2964,8,False,4096,0.002,,1000,0,total_elems,2964,3092,1,1,,,,0.0,8,4,2964,918,390,98,,,,,,,,,,,,,,,,,,,,,,,,,,,,,,,,,,,,,,,,,,,,,,,
525.7031276670168,absorbing,R,2,2,2405,2148,17,8,25,22,0,0,0.049283792002825066,0.047258959006285295,0.09654275100911036,0.09753783399355598,5220,4864,8,16,False,False,False,False,4864,16,False,4096,0.002,,1000,0,total_elems,5220,4864,1,1,,,,0.0,16,4,4864,1044,390,98,,,,,,,,,,,,,,,,,,,,,,,,,,,,,,,,,,,,,,,,,,,,,,,
525.807391875016,absorbing,L,3,2,2405,2148,17,8,25,21,0,0,0.051357583986828104,0.0487244579999242,0.1000820419867523,0.10112941698753275,9524,10752,32,32,False,False,False,False,9524,32,False,4096,0.002,,1000,0,total_elems,9524,10752,1,1,,,,0.0,32,4,9524,1294,390,98,,,,,,,,,,,,,,,,,,,,,,,,,,,,,,,,,,,,,,,,,,,,,,,
525.9149485420203,absorbing,R,3,3,2405,2148,17,8,25,21,0,0,0.0534340419981163,0.04995625000447035,0.10339029200258665,0.10442270801286213,25488,21384,32,32,False,False,False,False,21384,32,False,4096,0.002,,1000,0,total_elems,25488,21384,1,1,,,,0.0,32,4,21384,1602,390,98,,,,,,,,,,,,,,,,,,,,,,,,,,,,,,,,,,,,,,,,,,,,,,,
526.0331699170056,absorbing,R,3,4,2405,2148,17,8,25,20,0,0,0.057796417007921264,0.056188125017797574,0.11398454202571884,0.11503262500627898,45380,39900,64,64,False,False,False,False,39900,64,False,4096,0.002,,1000,0,total_elems,45380,39900,1,1,,,,0.0,64,4,39900,1960,390,98,,,,,,,,,,,,,,,,,,,,,,,,,,,,,,,,,,,,,,,,,,,,,,,
526.1781910420104,absorbing,R,3,5,2405,2148,17,9,26,17,1,1,0.07692016699002124,0.06384849999449216,0.1407686669845134,0.14184979101992212,96056,74004,64,64,False,False,False,False,74004,64,False,4096,0.002,,1000,0,total_elems,96056,74004,1,1,,,,0.0,64,4,74004,2328,390,98,,,,,,,,,,,,,,,,,,,,,,,,,,,,,,,,,,,,,,,,,,,,,,,
526.3857078750152,absorbing,R,3,6,2405,2148,17,9,26,18,0,1,0.1352745420008432,0.06801195800653659,0.2032865000073798,0.20437824999680743,206864,97844,256,64,False,False,False,False,97844,64,False,4096,0.002,,1000,0,total_elems,206864,97844,1,1,,,,0.0,64,4,97844,2704,390,98,,,,,,,,,,,,,,,,,,,,,,,,,,,,,,,,,,,,,,,,,,,,,,,
526.65739162502,absorbing,R,3,7,2405,2148,17,10,27,18,1,2,0.16330266697332263,0.10370708300615661,0.26700974997947924,0.26843112500500865,256496,130276,256,64,False,False,False,False,130276,64,False,4096,0.002,,1000,0,total_elems,256496,130276,1,1,,,,0.0,64,4,130276,3030,390,98,,,,,,,,,,,,,,,,,,,,,,,,,,,,,,,,,,,,,,,,,,,,,,,
526.9696987500065,absorbing,R,3,8,2405,2148,17,10,27,16,0,2,0.19807499999296851,0.10849429201334715,0.30656929200631566,0.3089597919897642,311008,193412,256,128,False,False,False,False,193412,128,False,4096,0.002,,1000,0,total_elems,311008,193412,1,1,,,,0.0,128,4,193412,3586,390,98,,,,,,,,,,,,,,,,,,,,,,,,,,,,,,,,,,,,,,,,,,,,,,,
527.4816117919981,absorbing,L,4,8,2405,2148,18,10,28,20,1,3,0.25656654199701734,0.24901237501762807,0.5055789170146454,0.5068576249759644,414432,432452,256,256,False,False,False,False,414432,256,False,4096,0.002,,1000,0,total_elems,414432,432452,1,1,,,,0.0,256,4,414432,4820,390,98,,,,,,,,,,,,,,,,,,,,,,,,,,,,,,,,,,,,,,,,,,,,,,,
528.5072180000134,absorbing,R,4,9,2405,2148,18,10,28,17,0,3,0.6083273339900188,0.41259716599597596,1.0209244999859948,1.0222379589977209,782976,592672,256,256,False,False,False,False,592672,256,False,4096,0.002,,1000,0,total_elems,782976,592672,1,1,,,,0.0,256,4,592672,5556,390,98,,,,,,,,,,,,,,,,,,,,,,,,,,,,,,,,,,,,,,,,,,,,,,,
540.5312989999948,unswapping,,,,,,,,,,,,,,,,,,,,,,,,,,,,,,,,,,,,,,,,,256,4,1035520,6176,390,98,0,both,0,49,49,3,3,,,,,0,,,,,,,,,,,,,,,,,,,,,,,,,,,,,,,,,,,
550.6894935829914,unswapping,,,,,,,,,,,,,,,,,,,,,,,,,,,,,,,,,,,,,,,,,256,4,541376,4664,390,98,0,both,1,48,48,19,22,,,,,0,,,,,,,,,,,,,,,,,,,,,,,,,,,,,,,,,,,
552.0670497920073,unswapping,,,,,,,,,,,,,,,,,,,,,,,,,,,,,,,,,,,,,,,,,128,4,324828,3822,390,98,0,left,0,49,49,15,37,,,,,30,,,,,,,,,,,,,,,,,,,,,,,,,,,,,,,,,,,
553.5216872080055,unswapping,,,,,,,,,,,,,,,,,,,,,,,,,,,,,,,,,,,,,,,,,128,4,145764,2984,390,98,0,left,1,48,48,20,57,,,,,70,,,,,,,,,,,,,,,,,,,,,,,,,,,,,,,,,,,
553.8819682080066,unswapping,,,,,,,,,,,,,,,,,,,,,,,,,,,,,,,,,,,,,,,,,64,4,75100,2302,390,98,0,right,0,49,49,18,75,,,,,98,,,,,,,,,,,,,,,,,,,,,,,,,,,,,,,,,,,
554.1172182080045,unswapping,,,,,,,,,,,,,,,,,,,,,,,,,,,,,,,,,,,,,,,,,64,4,45024,2028,390,98,0,right,1,48,48,11,86,,,,,112,,,,,,,,,,,,,,,,,,,,,,,,,,,,,,,,,,,
554.4289719170192,unswapping,,,,,,,,,,,,,,,,,,,,,,,,,,,,,,,,,,,,,,,,,32,4,26884,1670,390,98,1,both,0,49,49,15,15,,,,,136,,,,,,,,,,,,,,,,,,,,,,,,,,,,,,,,,,,
554.6688674580073,unswapping,,,,,,,,,,,,,,,,,,,,,,,,,,,,,,,,,,,,,,,,,32,4,20468,1472,390,98,1,both,1,48,48,13,28,,,,,160,,,,,,,,,,,,,,,,,,,,,,,,,,,,,,,,,,,
554.801098291995,unswapping,,,,,,,,,,,,,,,,,,,,,,,,,,,,,,,,,,,,,,,,,16,4,15440,1342,390,98,1,left,0,49,49,10,38,,,,,174,,,,,,,,,,,,,,,,,,,,,,,,,,,,,,,,,,,
554.9239820000075,unswapping,,,,,,,,,,,,,,,,,,,,,,,,,,,,,,,,,,,,,,,,,16,4,11632,1224,390,98,1,left,1,48,48,10,48,,,,,190,,,,,,,,,,,,,,,,,,,,,,,,,,,,,,,,,,,
555.025458292017,unswapping,,,,,,,,,,,,,,,,,,,,,,,,,,,,,,,,,,,,,,,,,16,4,10456,1144,390,98,1,right,0,49,49,7,55,,,,,200,,,,,,,,,,,,,,,,,,,,,,,,,,,,,,,,,,,
555.1200162500027,unswapping,,,,,,,,,,,,,,,,,,,,,,,,,,,,,,,,,,,,,,,,,16,4,9288,1108,390,98,1,right,1,48,48,3,58,,,,,206,,,,,,,,,,,,,,,,,,,,,,,,,,,,,,,,,,,
555.2943192080129,unswapping,,,,,,,,,,,,,,,,,,,,,,,,,,,,,,,,,,,,,,,,,16,4,7968,1060,390,98,2,both,0,49,49,6,6,,,,,218,,,,,,,,,,,,,,,,,,,,,,,,,,,,,,,,,,,
555.4739099169965,unswapping,,,,,,,,,,,,,,,,,,,,,,,,,,,,,,,,,,,,,,,,,16,4,6120,988,390,98,2,both,1,48,48,12,18,,,,,228,,,,,,,,,,,,,,,,,,,,,,,,,,,,,,,,,,,
555.5718752919929,unswapping,,,,,,,,,,,,,,,,,,,,,,,,,,,,,,,,,,,,,,,,,16,4,5000,950,390,98,2,left,0,49,49,3,21,,,,,230,,,,,,,,,,,,,,,,,,,,,,,,,,,,,,,,,,,
555.6660933330131,unswapping,,,,,,,,,,,,,,,,,,,,,,,,,,,,,,,,,,,,,,,,,8,4,4384,924,390,98,2,left,1,48,48,3,24,,,,,234,,,,,,,,,,,,,,,,,,,,,,,,,,,,,,,,,,,
555.7556765420013,unswapping,,,,,,,,,,,,,,,,,,,,,,,,,,,,,,,,,,,,,,,,,8,4,3472,884,390,98,2,right,0,49,49,4,28,,,,,238,,,,,,,,,,,,,,,,,,,,,,,,,,,,,,,,,,,
555.8259730419959,unswapping,,,,,,,,,,,,,,,,,,,,,,,,,,,,,,,,,,,,,,,,,8,4,3184,872,390,98,2,right,1,48,48,1,29,,,,,240,,,,,,,,,,,,,,,,,,,,,,,,,,,,,,,,,,,
555.9854060420184,unswapping,,,,,,,,,,,,,,,,,,,,,,,,,,,,,,,,,,,,,,,,,8,4,2716,838,390,98,3,both,0,49,49,7,7,,,,,244,,,,,,,,,,,,,,,,,,,,,,,,,,,,,,,,,,,
556.1544201250072,unswapping,,,,,,,,,,,,,,,,,,,,,,,,,,,,,,,,,,,,,,,,,8,4,2304,816,390,98,3,both,1,48,48,4,11,,,,,256,,,,,,,,,,,,,,,,,,,,,,,,,,,,,,,,,,,
556.2541557080112,unswapping,,,,,,,,,,,,,,,,,,,,,,,,,,,,,,,,,,,,,,,,,8,4,2176,808,390,98,3,left,0,49,49,1,12,,,,,258,,,,,,,,,,,,,,,,,,,,,,,,,,,,,,,,,,,
556.3484822080063,unswapping,,,,,,,,,,,,,,,,,,,,,,,,,,,,,,,,,,,,,,,,,8,4,2056,790,390,98,3,left,1,48,48,2,14,,,,,262,,,,,,,,,,,,,,,,,,,,,,,,,,,,,,,,,,,
556.4194911670056,unswapping,,,,,,,,,,,,,,,,,,,,,,,,,,,,,,,,,,,,,,,,,8,4,2008,786,390,98,3,right,0,49,49,1,15,,,,,264,,,,,,,,,,,,,,,,,,,,,,,,,,,,,,,,,,,
556.4609586670122,unswapping,,,,,,,,,,,,,,,,,,,,,,,,,,,,,,,,,,,,,,,,,8,4,2008,786,390,98,3,right,1,48,48,0,15,,,,,264,,,,,,,,,,,,,,,,,,,,,,,,,,,,,,,,,,,
556.6329720829963,unswapping,,,,,,,,,,,,,,,,,,,,,,,,,,,,,,,,,,,,,,,,,8,4,1960,782,390,98,4,both,0,49,49,1,1,,,,,266,,,,,,,,,,,,,,,,,,,,,,,,,,,,,,,,,,,
556.7191671670007,unswapping,,,,,,,,,,,,,,,,,,,,,,,,,,,,,,,,,,,,,,,,,8,4,1960,782,390,98,4,both,1,48,48,0,1,,,,,266,,,,,,,,,,,,,,,,,,,,,,,,,,,,,,,,,,,
556.764490667003,unswapping,,,,,,,,,,,,,,,,,,,,,,,,,,,,,,,,,,,,,,,,,8,4,1960,782,390,98,4,left,0,49,49,0,1,,,,,266,,,,,,,,,,,,,,,,,,,,,,,,,,,,,,,,,,,
556.809761875018,unswapping,,,,,,,,,,,,,,,,,,,,,,,,,,,,,,,,,,,,,,,,,8,4,1960,782,390,98,4,left,1,48,48,0,1,,,,,266,,,,,,,,,,,,,,,,,,,,,,,,,,,,,,,,,,,
556.8533894580032,unswapping,,,,,,,,,,,,,,,,,,,,,,,,,,,,,,,,,,,,,,,,,8,4,1960,782,390,98,4,right,0,49,49,0,1,,,,,266,,,,,,,,,,,,,,,,,,,,,,,,,,,,,,,,,,,
556.8964461249998,unswapping,,,,,,,,,,,,,,,,,,,,,,,,,,,,,,,,,,,,,,,,,8,4,1960,782,390,98,4,right,1,48,48,0,1,,,,,266,,,,,,,,,,,,,,,,,,,,,,,,,,,,,,,,,,,
556.9819924170151,unswapping,,,,,,,,,,,,,,,,,,,,,,,,,,,,,,,,,,,,,,,,,8,4,1960,782,390,98,5,both,0,49,49,0,0,,,,,266,,,,,,,,,,,,,,,,,,,,,,,,,,,,,,,,,,,
557.0668997080065,unswapping,,,,,,,,,,,,,,,,,,,,,,,,,,,,,,,,,,,,,,,,,8,4,1960,782,390,98,5,both,1,48,48,0,0,,,,,266,,,,,,,,,,,,,,,,,,,,,,,,,,,,,,,,,,,
557.1073967500124,unswapping,,,,,,,,,,,,,,,,,,,,,,,,,,,,,,,,,,,,,,,,,8,4,1960,782,390,98,5,left,0,49,49,0,0,,,,,266,,,,,,,,,,,,,,,,,,,,,,,,,,,,,,,,,,,
557.1474477500014,unswapping,,,,,,,,,,,,,,,,,,,,,,,,,,,,,,,,,,,,,,,,,8,4,1960,782,390,98,5,left,1,48,48,0,0,,,,,266,,,,,,,,,,,,,,,,,,,,,,,,,,,,,,,,,,,
557.1852925830171,unswapping,,,,,,,,,,,,,,,,,,,,,,,,,,,,,,,,,,,,,,,,,8,4,1960,782,390,98,5,right,0,49,49,0,0,,,,,266,,,,,,,,,,,,,,,,,,,,,,,,,,,,,,,,,,,
557.2229636250122,unswapping,,,,,,,,,,,,,,,,,,,,,,,,,,,,,,,,,,,,,,,,,8,4,1960,782,390,98,5,right,1,48,48,0,0,,,,,266,,,,,,,,,,,,,,,,,,,,,,,,,,,,,,,,,,,
557.2526246670168,unswap_cycle_summary,,,,,,18,10,28,,,,,,,,,,,,,,,,,,,4096,0.002,,,,,,,,,,,,,8,4,1960,782,390,98,,,,,,,,,,,,,,,,,,,,9,26.434440499986522,28,1984,1956,3,False,,,,,,,,,,,,,,,,,,,,,
568.5793395420187,rewiring,,,,,,,,,,,,,,,,,,,,,,,,,,,,,,,,,,,,,,,,,,,,,,,,,,,,,,,,,,,,,,,,,,9,,,,,,,left,post_unswap,11.3255694170075,20,2403,False,False,False,3,2,lookahead_total,8,False,1,123,"(142644, 142644, 128, 128, 1801, 20357, 2578)",1.2129279999935534,10.112609915988287,"[{'seed': 123, 'score': (142644, 142644, 128, 128, 1801, 20357, 2578), 'num_layers': 2578, 'total_swaps': 20357, 'max_layer_swaps': 25, 'swap_only_layers': 1801, 'work_layers': 777, 'unitary_layers': 777, 'first_work_layer': 1, 'leading_no_work_layers': 1, 'lookahead_layers_scored': 8, 'lookahead_final_elems': 142644, 'lookahead_final_max_bond': 128, 'lookahead_peak_elems': 142644, 'lookahead_peak_max_bond': 128, 'lookahead_peak_bond_l2': 48847}, {'seed': 1132, 'score': (143992, 143992, 128, 128, 1489, 20653, 2266), 'num_layers': 2266, 'total_swaps': 20653, 'max_layer_swaps': 23, 'swap_only_layers': 1489, 'work_layers': 777, 'unitary_layers': 777, 'first_work_layer': 2, 'leading_no_work_layers': 2, 'lookahead_layers_scored': 8, 'lookahead_final_elems': 143992, 'lookahead_final_max_bond': 128, 'lookahead_peak_elems': 143992, 'lookahead_peak_max_bond': 128, 'lookahead_peak_bond_l2': 48481}]",11.325558915996226,21.460072749992833
578.7134296250006,rewiring,,,,,,,,,,,,,,,,,,,,,,,,,,,,,,,,,,,,,,,,,,,,,,,,,,,,,,,,,,,,,,,,,,9,,,,,,,right,post_unswap,10.133841416012729,20,2141,False,False,False,3,2,lookahead_total,8,False,1,123,"(350016, 350016, 128, 128, 1418, 18631, 2192)",1.4183918759808876,8.715411749988561,"[{'seed': 123, 'score': (350016, 350016, 128, 128, 1418, 18631, 2192), 'num_layers': 2192, 'total_swaps': 18631, 'max_layer_swaps': 22, 'swap_only_layers': 1418, 'work_layers': 774, 'unitary_layers': 774, 'first_work_layer': 4, 'leading_no_work_layers': 4, 'lookahead_layers_scored': 8, 'lookahead_final_elems': 350016, 'lookahead_final_max_bond': 128, 'lookahead_peak_elems': 350016, 'lookahead_peak_max_bond': 128, 'lookahead_peak_bond_l2': 103276}, {'seed': 1132, 'score': (397304, 397304, 128, 128, 1777, 18777, 2578), 'num_layers': 2578, 'total_swaps': 18777, 'max_layer_swaps': 25, 'swap_only_layers': 1777, 'work_layers': 801, 'unitary_layers': 801, 'first_work_layer': 5, 'leading_no_work_layers': 5, 'lookahead_layers_scored': 8, 'lookahead_final_elems': 397304, 'lookahead_final_max_bond': 128, 'lookahead_peak_elems': 397304, 'lookahead_peak_max_bond': 128, 'lookahead_peak_bond_l2': 118441}]",10.133827291982016,21.460072749992833
578.7135070420045,cycle_progress,,,,,,18,10,28,,,,,,,,,,,,,,,,,,,4096,0.002,,1000,0,,,,,,,,,,8,4,1960,782,390,98,,,,,,,,,,,,,,,,,,,,9,,28,1984,1956,3,False,,,,,,,,,,,,,,,,,,,,,21.460072749992833
578.8452190000098,absorbing,L,1,0,2578,2192,18,10,28,25,0,0,0.05017145900637843,0.048917709005763754,0.09908916801214218,0.10431033401982859,1960,3068,8,8,False,False,False,False,1960,8,False,4096,0.002,,1960,0,total_elems,1960,3068,1,1,,,,0.0,8,4,1960,782,390,98,,,,,,,,,,,,,,,,,,,,,,,,,,,,,,,,,,,,,,,,,,,,,,,
578.9491139170132,absorbing,R,1,1,2578,2192,18,10,28,21,0,0,0.050946167000802234,0.048677625018171966,0.0996237920189742,0.10071916700690053,3880,3068,16,8,False,False,False,False,3068,8,False,4096,0.002,,1960,0,total_elems,3880,3068,1,1,,,,0.0,8,4,3068,920,390,98,,,,,,,,,,,,,,,,,,,,,,,,,,,,,,,,,,,,,,,,,,,,,,,
579.0546010420076,absorbing,L,2,1,2578,2192,19,10,29,22,1,1,0.05129470900283195,0.04988695800420828,0.10118166700704023,0.10228662501322106,5744,6460,16,16,False,False,False,False,5744,16,False,4096,0.002,,1960,0,total_elems,5744,6460,1,1,,,,0.0,16,4,5744,1106,390,98,,,,,,,,,,,,,,,,,,,,,,,,,,,,,,,,,,,,,,,,,,,,,,,
579.1585470830032,absorbing,L,3,1,2578,2192,19,10,29,22,0,1,0.050838958006352186,0.0489300409972202,0.09976899900357239,0.10082799999509007,10540,11364,16,32,False,False,False,False,10540,16,False,4096,0.002,,1960,0,total_elems,10540,11364,1,1,,,,0.0,16,4,10540,1346,390,98,,,,,,,,,,,,,,,,,,,,,,,,,,,,,,,,,,,,,,,,,,,,,,,
579.2641487499932,absorbing,R,3,2,2578,2192,19,10,29,19,0,1,0.05180695798480883,0.049604957981500775,0.10141191596630961,0.10245995898731053,20308,16596,16,32,False,False,False,False,16596,32,False,4096,0.002,,1960,0,total_elems,20308,16596,1,1,,,,0.0,32,4,16596,1518,390,98,,,,,,,,,,,,,,,,,,,,,,,,,,,,,,,,,,,,,,,,,,,,,,,
579.3724730829999,absorbing,R,3,3,2578,2192,19,10,29,17,0,1,0.05326641700230539,0.05082358399522491,0.1040900009975303,0.10518524999497458,25648,22444,32,32,False,False,False,False,22444,32,False,4096,0.002,,1960,0,total_elems,25648,22444,1,1,,,,0.0,32,4,22444,1740,390,98,,,,,,,,,,,,,,,,,,,,,,,,,,,,,,,,,,,,,,,,,,,,,,,
579.4827545830049,absorbing,L,4,3,2578,2192,19,10,29,17,0,1,0.054680583998560905,0.051433749991701916,0.10611433399026282,0.10714616702171043,36040,36236,32,32,False,False,False,False,36040,32,False,4096,0.002,,1960,0,total_elems,36040,36236,1,1,,,,0.0,32,4,36040,2072,390,98,,,,,,,,,,,,,,,,,,,,,,,,,,,,,,,,,,,,,,,,,,,,,,,
579.6021470419946,absorbing,R,4,4,2578,2192,19,10,29,14,0,1,0.0594858750118874,0.055687540996586904,0.1151734160084743,0.1162464170192834,68872,56744,64,64,False,False,False,False,56744,64,False,4096,0.002,,1960,0,total_elems,68872,56744,1,1,,,,0.0,64,4,56744,2434,390,98,,,,,,,,,,,,,,,,,,,,,,,,,,,,,,,,,,,,,,,,,,,,,,,
579.7448693329934,absorbing,R,4,5,2578,2192,19,11,30,15,1,2,0.07115874998271465,0.06727562498417683,0.13843437496689148,0.13953716700780205,98728,85864,64,64,False,False,False,False,85864,64,False,4096,0.002,,1960,0,total_elems,98728,85864,1,1,,,,0.0,64,4,85864,2794,390,98,,,,,,,,,,,,,,,,,,,,,,,,,,,,,,,,,,,,,,,,,,,,,,,
579.9367225829919,absorbing,L,5,5,2578,2192,19,11,30,16,0,2,0.09111108400975354,0.09634649998042732,0.18745758399018086,0.18858216700027697,151464,166696,128,128,False,False,False,False,151464,128,False,4096,0.002,,1960,0,total_elems,151464,166696,1,1,,,,0.0,128,4,151464,3538,390,98,,,,,,,,,,,,,,,,,,,,,,,,,,,,,,,,,,,,,,,,,,,,,,,
580.2322811670019,absorbing,L,6,5,2578,2192,20,11,31,13,1,3,0.13940829201601446,0.15158341597998515,0.2909917079959996,0.2922405830177013,258344,286824,128,128,False,False,False,False,258344,128,False,4096,0.002,,1960,0,total_elems,258344,286824,1,1,,,,0.0,128,4,258344,4418,390,98,,,,,,,,,,,,,,,,,,,,,,,,,,,,,,,,,,,,,,,,,,,,,,,
580.646193624998,absorbing,L,7,5,2578,2192,20,11,31,15,0,3,0.14175650000106543,0.2662359160021879,0.4079924160032533,0.4091132080066018,310176,484904,128,256,False,False,False,False,310176,128,False,4096,0.002,,1960,0,total_elems,310176,484904,1,1,,,,0.0,128,4,310176,4854,390,98,,,,,,,,,,,,,,,,,,,,,,,,,,,,,,,,,,,,,,,,,,,,,,,
581.1171266250021,absorbing,L,8,5,2578,2192,20,11,31,16,0,3,0.18207445897860453,0.28441720802220516,0.4664916670008097,0.46772341697942466,463452,560544,128,256,False,False,False,False,463452,128,False,4096,0.002,,1960,0,total_elems,463452,560544,1,1,,,,0.0,128,4,463452,5728,390,98,,,,,,,,,,,,,,,,,,,,,,,,,,,,,,,,,,,,,,,,,,,,,,,
581.9555822919938,absorbing,R,8,6,2578,2192,20,11,31,15,0,3,0.3943419580173213,0.4395803750085179,0.8339223330258392,0.835211875004461,748376,730716,256,256,False,False,False,False,730716,256,False,4096,0.002,,1960,0,total_elems,748376,730716,1,1,,,,0.0,256,4,730716,6792,390,98,,,,,,,,,,,,,,,,,,,,,,,,,,,,,,,,,,,,,,,,,,,,,,,
592.7186275419954,unswapping,,,,,,,,,,,,,,,,,,,,,,,,,,,,,,,,,,,,,,,,,256,4,844728,6602,390,98,0,both,0,49,49,11,11,,,,,0,,,,,,,,,,,,,,,,,,,,,,,,,,,,,,,,,,,
597.6004533329979,unswapping,,,,,,,,,,,,,,,,,,,,,,,,,,,,,,,,,,,,,,,,,256,4,373948,4798,390,98,0,both,1,48,48,22,33,,,,,0,,,,,,,,,,,,,,,,,,,,,,,,,,,,,,,,,,,
598.457755667012,unswapping,,,,,,,,,,,,,,,,,,,,,,,,,,,,,,,,,,,,,,,,,128,4,230504,3874,390,98,0,left,0,49,49,21,54,,,,,42,,,,,,,,,,,,,,,,,,,,,,,,,,,,,,,,,,,
599.2838980420202,unswapping,,,,,,,,,,,,,,,,,,,,,,,,,,,,,,,,,,,,,,,,,128,4,115144,3018,390,98,0,left,1,48,48,24,78,,,,,90,,,,,,,,,,,,,,,,,,,,,,,,,,,,,,,,,,,
599.4875662919949,unswapping,,,,,,,,,,,,,,,,,,,,,,,,,,,,,,,,,,,,,,,,,32,4,59440,2276,390,98,0,right,0,49,49,14,92,,,,,102,,,,,,,,,,,,,,,,,,,,,,,,,,,,,,,,,,,
599.6405503750138,unswapping,,,,,,,,,,,,,,,,,,,,,,,,,,,,,,,,,,,,,,,,,32,4,43520,2040,390,98,0,right,1,48,48,10,102,,,,,118,,,,,,,,,,,,,,,,,,,,,,,,,,,,,,,,,,,
599.8877565420116,unswapping,,,,,,,,,,,,,,,,,,,,,,,,,,,,,,,,,,,,,,,,,32,4,31256,1772,390,98,1,both,0,49,49,14,14,,,,,138,,,,,,,,,,,,,,,,,,,,,,,,,,,,,,,,,,,
600.1013427080179,unswapping,,,,,,,,,,,,,,,,,,,,,,,,,,,,,,,,,,,,,,,,,32,4,25392,1588,390,98,1,both,1,48,48,12,26,,,,,160,,,,,,,,,,,,,,,,,,,,,,,,,,,,,,,,,,,
600.21971450001,unswapping,,,,,,,,,,,,,,,,,,,,,,,,,,,,,,,,,,,,,,,,,32,4,21880,1472,390,98,1,left,0,49,49,10,36,,,,,174,,,,,,,,,,,,,,,,,,,,,,,,,,,,,,,,,,,
600.3365475829924,unswapping,,,,,,,,,,,,,,,,,,,,,,,,,,,,,,,,,,,,,,,,,32,4,17440,1392,390,98,1,left,1,48,48,6,42,,,,,184,,,,,,,,,,,,,,,,,,,,,,,,,,,,,,,,,,,
600.4513771670172,unswapping,,,,,,,,,,,,,,,,,,,,,,,,,,,,,,,,,,,,,,,,,16,4,13316,1286,390,98,1,right,0,49,49,9,51,,,,,194,,,,,,,,,,,,,,,,,,,,,,,,,,,,,,,,,,,
600.5504120420082,unswapping,,,,,,,,,,,,,,,,,,,,,,,,,,,,,,,,,,,,,,,,,16,4,11908,1232,390,98,1,right,1,48,48,6,57,,,,,200,,,,,,,,,,,,,,,,,,,,,,,,,,,,,,,,,,,
600.741300291993,unswapping,,,,,,,,,,,,,,,,,,,,,,,,,,,,,,,,,,,,,,,,,16,4,11120,1170,390,98,2,both,0,49,49,10,10,,,,,222,,,,,,,,,,,,,,,,,,,,,,,,,,,,,,,,,,,
600.9279385000118,unswapping,,,,,,,,,,,,,,,,,,,,,,,,,,,,,,,,,,,,,,,,,16,4,7020,1044,390,98,2,both,1,48,48,13,23,,,,,244,,,,,,,,,,,,,,,,,,,,,,,,,,,,,,,,,,,
601.0242495420098,unswapping,,,,,,,,,,,,,,,,,,,,,,,,,,,,,,,,,,,,,,,,,16,4,5076,984,390,98,2,left,0,49,49,6,29,,,,,250,,,,,,,,,,,,,,,,,,,,,,,,,,,,,,,,,,,
601.1162606670114,unswapping,,,,,,,,,,,,,,,,,,,,,,,,,,,,,,,,,,,,,,,,,8,4,4212,948,390,98,2,left,1,48,48,3,32,,,,,256,,,,,,,,,,,,,,,,,,,,,,,,,,,,,,,,,,,
601.2034730419982,unswapping,,,,,,,,,,,,,,,,,,,,,,,,,,,,,,,,,,,,,,,,,8,4,4164,944,390,98,2,right,0,49,49,1,33,,,,,258,,,,,,,,,,,,,,,,,,,,,,,,,,,,,,,,,,,
601.2901410420018,unswapping,,,,,,,,,,,,,,,,,,,,,,,,,,,,,,,,,,,,,,,,,8,4,4116,940,390,98,2,right,1,48,48,1,34,,,,,260,,,,,,,,,,,,,,,,,,,,,,,,,,,,,,,,,,,
601.4534442080185,unswapping,,,,,,,,,,,,,,,,,,,,,,,,,,,,,,,,,,,,,,,,,8,4,3308,892,390,98,3,both,0,49,49,9,9,,,,,278,,,,,,,,,,,,,,,,,,,,,,,,,,,,,,,,,,,
601.6133093750104,unswapping,,,,,,,,,,,,,,,,,,,,,,,,,,,,,,,,,,,,,,,,,8,4,2924,866,390,98,3,both,1,48,48,5,14,,,,,284,,,,,,,,,,,,,,,,,,,,,,,,,,,,,,,,,,,
601.685658708011,unswapping,,,,,,,,,,,,,,,,,,,,,,,,,,,,,,,,,,,,,,,,,8,4,2796,858,390,98,3,left,0,49,49,1,15,,,,,286,,,,,,,,,,,,,,,,,,,,,,,,,,,,,,,,,,,
601.7727070419933,unswapping,,,,,,,,,,,,,,,,,,,,,,,,,,,,,,,,,,,,,,,,,8,4,2772,852,390,98,3,left,1,48,48,1,16,,,,,288,,,,,,,,,,,,,,,,,,,,,,,,,,,,,,,,,,,
601.8587236250169,unswapping,,,,,,,,,,,,,,,,,,,,,,,,,,,,,,,,,,,,,,,,,8,4,2724,848,390,98,3,right,0,49,49,1,17,,,,,288,,,,,,,,,,,,,,,,,,,,,,,,,,,,,,,,,,,
601.928086083004,unswapping,,,,,,,,,,,,,,,,,,,,,,,,,,,,,,,,,,,,,,,,,8,4,2676,844,390,98,3,right,1,48,48,1,18,,,,,290,,,,,,,,,,,,,,,,,,,,,,,,,,,,,,,,,,,
602.0009689580183,unswapping,,,,,,,,,,,,,,,,,,,,,,,,,,,,,,,,,,,,,,,,,8,4,2676,844,390,98,4,both,0,49,49,0,0,,,,,290,,,,,,,,,,,,,,,,,,,,,,,,,,,,,,,,,,,
602.0736484170193,unswapping,,,,,,,,,,,,,,,,,,,,,,,,,,,,,,,,,,,,,,,,,8,4,2676,844,390,98,4,both,1,48,48,0,0,,,,,290,,,,,,,,,,,,,,,,,,,,,,,,,,,,,,,,,,,
602.1115532919939,unswapping,,,,,,,,,,,,,,,,,,,,,,,,,,,,,,,,,,,,,,,,,8,4,2676,844,390,98,4,left,0,49,49,0,0,,,,,290,,,,,,,,,,,,,,,,,,,,,,,,,,,,,,,,,,,
602.1496502080117,unswapping,,,,,,,,,,,,,,,,,,,,,,,,,,,,,,,,,,,,,,,,,8,4,2676,844,390,98,4,left,1,48,48,0,0,,,,,290,,,,,,,,,,,,,,,,,,,,,,,,,,,,,,,,,,,
602.2195667079941,unswapping,,,,,,,,,,,,,,,,,,,,,,,,,,,,,,,,,,,,,,,,,8,4,2628,840,390,98,4,right,0,49,49,1,1,,,,,292,,,,,,,,,,,,,,,,,,,,,,,,,,,,,,,,,,,
602.2898874999955,unswapping,,,,,,,,,,,,,,,,,,,,,,,,,,,,,,,,,,,,,,,,,8,4,2580,836,390,98,4,right,1,48,48,1,2,,,,,294,,,,,,,,,,,,,,,,,,,,,,,,,,,,,,,,,,,
602.3626351249986,unswapping,,,,,,,,,,,,,,,,,,,,,,,,,,,,,,,,,,,,,,,,,8,4,2580,836,390,98,5,both,0,49,49,0,0,,,,,294,,,,,,,,,,,,,,,,,,,,,,,,,,,,,,,,,,,
602.4363882500038,unswapping,,,,,,,,,,,,,,,,,,,,,,,,,,,,,,,,,,,,,,,,,8,4,2580,836,390,98,5,both,1,48,48,0,0,,,,,294,,,,,,,,,,,,,,,,,,,,,,,,,,,,,,,,,,,
602.4746318329999,unswapping,,,,,,,,,,,,,,,,,,,,,,,,,,,,,,,,,,,,,,,,,8,4,2580,836,390,98,5,left,0,49,49,0,0,,,,,294,,,,,,,,,,,,,,,,,,,,,,,,,,,,,,,,,,,
602.5126701669942,unswapping,,,,,,,,,,,,,,,,,,,,,,,,,,,,,,,,,,,,,,,,,8,4,2580,836,390,98,5,left,1,48,48,0,0,,,,,294,,,,,,,,,,,,,,,,,,,,,,,,,,,,,,,,,,,
602.5495602500159,unswapping,,,,,,,,,,,,,,,,,,,,,,,,,,,,,,,,,,,,,,,,,8,4,2580,836,390,98,5,right,0,49,49,0,0,,,,,294,,,,,,,,,,,,,,,,,,,,,,,,,,,,,,,,,,,
602.5863396250061,unswapping,,,,,,,,,,,,,,,,,,,,,,,,,,,,,,,,,,,,,,,,,8,4,2580,836,390,98,5,right,1,48,48,0,0,,,,,294,,,,,,,,,,,,,,,,,,,,,,,,,,,,,,,,,,,
602.6139223329956,unswap_cycle_summary,,,,,,20,11,31,,,,,,,,,,,,,,,,,,,4096,0.002,,,,,,,,,,,,,8,4,2580,836,390,98,,,,,,,,,,,,,,,,,,,,10,18.617802041990217,31,1984,1953,3,False,,,,,,,,,,,,,,,,,,,,,
613.0305385419924,rewiring,,,,,,,,,,,,,,,,,,,,,,,,,,,,,,,,,,,,,,,,,,,,,,,,,,,,,,,,,,,,,,,,,,10,,,,,,,left,post_unswap,10.415370665985392,20,2572,False,False,False,3,2,lookahead_total,8,False,1,1132,"(151856, 151856, 128, 128, 1814, 20155, 2610)",1.1655211249890272,9.249805666011525,"[{'seed': 123, 'score': (195680, 195680, 128, 128, 1823, 20440, 2613), 'num_layers': 2613, 'total_swaps': 20440, 'max_layer_swaps': 23, 'swap_only_layers': 1823, 'work_layers': 790, 'unitary_layers': 790, 'first_work_layer': 2, 'leading_no_work_layers': 2, 'lookahead_layers_scored': 8, 'lookahead_final_elems': 195680, 'lookahead_final_max_bond': 128, 'lookahead_peak_elems': 195680, 'lookahead_peak_max_bond': 128, 'lookahead_peak_bond_l2': 64372}, {'seed': 1132, 'score': (151856, 151856, 128, 128, 1814, 20155, 2610), 'num_layers': 2610, 'total_swaps': 20155, 'max_layer_swaps': 23, 'swap_only_layers': 1814, 'work_layers': 796, 'unitary_layers': 796, 'first_work_layer': 2, 'leading_no_work_layers': 2, 'lookahead_layers_scored': 8, 'lookahead_final_elems': 151856, 'lookahead_final_max_bond': 128, 'lookahead_peak_elems': 151856, 'lookahead_peak_max_bond': 128, 'lookahead_peak_bond_l2': 50440}]",10.415345209010411,20.495593166997423
623.1101674580132,rewiring,,,,,,,,,,,,,,,,,,,,,,,,,,,,,,,,,,,,,,,,,,,,,,,,,,,,,,,,,,,,,,,,,,10,,,,,,,right,post_unswap,10.07829041700461,20,2188,False,False,False,3,2,lookahead_total,8,False,1,123,"(224116, 224116, 128, 128, 1482, 18285, 2258)",1.54227066601743,8.535983667039545,"[{'seed': 123, 'score': (224116, 224116, 128, 128, 1482, 18285, 2258), 'num_layers': 2258, 'total_swaps': 18285, 'max_layer_swaps': 23, 'swap_only_layers': 1482, 'work_layers': 776, 'unitary_layers': 776, 'first_work_layer': 8, 'leading_no_work_layers': 8, 'lookahead_layers_scored': 8, 'lookahead_final_elems': 224116, 'lookahead_final_max_bond': 128, 'lookahead_peak_elems': 224116, 'lookahead_peak_max_bond': 128, 'lookahead_peak_bond_l2': 70945}, {'seed': 1132, 'score': (245240, 245240, 128, 128, 1369, 18307, 2151), 'num_layers': 2151, 'total_swaps': 18307, 'max_layer_swaps': 23, 'swap_only_layers': 1369, 'work_layers': 782, 'unitary_layers': 782, 'first_work_layer': 7, 'leading_no_work_layers': 7, 'lookahead_layers_scored': 8, 'lookahead_final_elems': 245240, 'lookahead_final_max_bond': 128, 'lookahead_peak_elems': 245240, 'lookahead_peak_max_bond': 128, 'lookahead_peak_bond_l2': 79090}]",10.07827958301641,20.495593166997423
623.1103225830011,cycle_progress,,,,,,20,11,31,,,,,,,,,,,,,,,,,,,4096,0.002,,1960,0,,,,,,,,,,8,4,2580,836,390,98,,,,,,,,,,,,,,,,,,,,10,,31,1984,1953,3,False,,,,,,,,,,,,,,,,,,,,,20.495593166997423
623.2551604170003,absorbing,L,1,0,2610,2258,20,11,31,20,0,0,0.05359008300001733,0.05285900001763366,0.10644908301765099,0.11274229199625552,2580,4756,8,16,False,False,False,False,2580,8,False,4096,0.002,,2580,0,total_elems,2580,4756,1,1,,,,0.0,8,4,2580,836,390,98,,,,,,,,,,,,,,,,,,,,,,,,,,,,,,,,,,,,,,,,,,,,,,,
623.3717922920187,absorbing,L,2,0,2610,2258,20,11,31,23,0,0,0.05649229200207628,0.0553455839981325,0.11183787600020878,0.1131574589817319,4508,4756,16,16,False,False,False,False,4508,16,False,4096,0.002,,2580,0,total_elems,4508,4756,1,1,,,,0.0,16,4,4508,1030,390,98,,,,,,,,,,,,,,,,,,,,,,,,,,,,,,,,,,,,,,,,,,,,,,,
623.4887294580112,absorbing,R,2,1,2610,2258,20,11,31,21,0,0,0.05744816700462252,0.0542687080160249,0.11171687502064742,0.11340354199637659,9860,7120,16,16,False,False,False,False,7120,16,False,4096,0.002,,2580,0,total_elems,9860,7120,1,1,,,,0.0,16,4,7120,1162,390,98,,,,,,,,,,,,,,,,,,,,,,,,,,,,,,,,,,,,,,,,,,,,,,,
623.60769587502,absorbing,R,2,2,2610,2258,20,11,31,23,0,0,0.05691029201261699,0.056819541001459584,0.11372983301407658,0.11545216699596494,15184,13912,32,32,False,False,False,False,13912,32,False,4096,0.002,,2580,0,total_elems,15184,13912,1,1,,,,0.0,32,4,13912,1434,390,98,,,,,,,,,,,,,,,,,,,,,,,,,,,,,,,,,,,,,,,,,,,,,,,
623.7303475000081,absorbing,L,3,2,2610,2258,21,11,32,20,1,1,0.058859124983428046,0.058262749982532114,0.11712187496596016,0.11896383299608715,25312,29700,32,64,False,False,False,False,25312,32,False,4096,0.002,,2580,0,total_elems,25312,29700,1,1,,,,0.0,32,4,25312,1752,390,98,,,,,,,,,,,,,,,,,,,,,,,,,,,,,,,,,,,,,,,,,,,,,,,
623.8580241670134,absorbing,R,3,3,2610,2258,21,11,32,22,0,1,0.06323133301339112,0.059734499984188005,0.12296583299757913,0.12429104201146401,53628,44828,64,64,False,False,False,False,44828,64,False,4096,0.002,,2580,0,total_elems,53628,44828,1,1,,,,0.0,64,4,44828,2208,390,98,,,,,,,,,,,,,,,,,,,,,,,,,,,,,,,,,,,,,,,,,,,,,,,
624.0182399170008,absorbing,L,4,3,2610,2258,21,11,32,18,0,1,0.07937354201567359,0.07588716599275358,0.15526070800842717,0.1566341249854304,90540,104736,64,64,False,False,False,False,90540,64,False,4096,0.002,,2580,0,total_elems,90540,104736,1,1,,,,0.0,64,4,90540,2740,390,98,,,,,,,,,,,,,,,,,,,,,,,,,,,,,,,,,,,,,,,,,,,,,,,
624.2600010000169,absorbing,L,5,3,2610,2258,21,11,32,13,0,1,0.12131387498811819,0.11472149999463,0.23603537498274818,0.23793116700835526,151060,192280,128,128,False,False,False,False,151060,128,False,4096,0.002,,2580,0,total_elems,151060,192280,1,1,,,,0.0,128,4,151060,3376,390,98,,,,,,,,,,,,,,,,,,,,,,,,,,,,,,,,,,,,,,,,,,,,,,,
624.5622848749917,absorbing,L,6,3,2610,2258,21,11,32,13,0,1,0.12413058301899582,0.17061541599105112,0.29474599901004694,0.2987782919954043,176252,277272,128,128,False,False,False,False,176252,128,False,4096,0.002,,2580,0,total_elems,176252,277272,1,1,,,,0.0,128,4,176252,3612,390,98,,,,,,,,,,,,,,,,,,,,,,,,,,,,,,,,,,,,,,,,,,,,,,,
624.8522432500031,absorbing,L,7,3,2610,2258,21,11,32,11,0,1,0.11766491699381731,0.16229762500734068,0.279962542001158,0.2816806669870857,211740,322776,128,128,False,False,False,False,211740,128,False,4096,0.002,,2580,0,total_elems,211740,322776,1,1,,,,0.0,128,4,211740,4010,390,98,,,,,,,,,,,,,,,,,,,,,,,,,,,,,,,,,,,,,,,,,,,,,,,
625.1869946670195,absorbing,L,8,3,2610,2258,21,11,32,10,0,1,0.14508741698227823,0.18421199999284,0.3292994169751182,0.3308067499892786,265124,397144,128,128,False,False,False,False,265124,128,False,4096,0.002,,2580,0,total_elems,265124,397144,1,1,,,,0.0,128,4,265124,4390,390,98,,,,,,,,,,,,,,,,,,,,,,,,,,,,,,,,,,,,,,,,,,,,,,,
625.666766667011,absorbing,L,9,3,2610,2258,21,11,32,11,0,1,0.20066891697933897,0.2744117499969434,0.4750806669762824,0.4763527500035707,263524,534752,64,256,False,False,False,False,263524,64,False,4096,0.002,,2580,0,total_elems,263524,534752,1,1,,,,0.0,64,4,263524,4486,390,98,,,,,,,,,,,,,,,,,,,,,,,,,,,,,,,,,,,,,,,,,,,,,,,
626.074577249994,absorbing,L,10,3,2610,2258,21,11,32,11,0,1,0.1696998330007773,0.23182066701701842,0.4015205000177957,0.4041969169920776,343332,488608,128,256,False,False,False,False,343332,128,False,4096,0.002,,2580,0,total_elems,343332,488608,1,1,,,,0.0,128,4,343332,5046,390,98,,,,,,,,,,,,,,,,,,,,,,,,,,,,,,,,,,,,,,,,,,,,,,,
626.6210387920146,absorbing,L,11,3,2610,2258,22,11,33,10,1,2,0.25512608399731107,0.28557533299317583,0.5407014169904869,0.5426077909942251,519268,592992,256,256,False,False,False,False,519268,256,False,4096,0.002,,2580,0,total_elems,519268,592992,1,1,,,,0.0,256,4,519268,5966,390,98,,,,,,,,,,,,,,,,,,,,,,,,,,,,,,,,,,,,,,,,,,,,,,,
627.5595576670021,absorbing,L,12,3,2610,2258,22,11,33,11,0,2,0.39071258300100453,0.5403117079986259,0.9310242909996305,0.9330546660057735,579812,990112,256,256,False,False,False,False,579812,256,False,4096,0.002,,2580,0,total_elems,579812,990112,1,1,,,,0.0,256,4,579812,6430,390,98,,,,,,,,,,,,,,,,,,,,,,,,,,,,,,,,,,,,,,,,,,,,,,,
628.4665067919996,absorbing,L,13,3,2610,2258,24,11,35,10,2,4,0.3235856249812059,0.5751821250014473,0.8987677499826532,0.9030136249784846,713700,1064096,256,256,False,False,False,True,713700,256,False,4096,0.002,,2580,0,total_elems,713700,1064096,1,1,,,,0.0,256,4,713700,7230,390,98,,,,,,,,,,,,,,,,,,,,,,,,,,,,,,,,,,,,,,,,,,,,,,,
629.5623556670034,absorbing,L,14,3,2610,2258,25,11,36,11,1,5,0.45220412500202656,0.6344036670052446,1.0866077920072712,1.090559750009561,887012,1195424,256,256,False,False,False,True,887012,256,False,4096,0.002,,2580,0,total_elems,887012,1195424,1,1,,,,0.0,256,4,887012,7918,390,98,,,,,,,,,,,,,,,,,,,,,,,,,,,,,,,,,,,,,,,,,,,,,,,
647.5896482499957,unswapping,,,,,,,,,,,,,,,,,,,,,,,,,,,,,,,,,,,,,,,,,256,4,1166756,8522,390,98,0,both,0,49,49,8,8,,,,,0,,,,,,,,,,,,,,,,,,,,,,,,,,,,,,,,,,,
653.9298250830034,unswapping,,,,,,,,,,,,,,,,,,,,,,,,,,,,,,,,,,,,,,,,,128,4,599748,6442,390,98,0,both,1,48,48,18,26,,,,,0,,,,,,,,,,,,,,,,,,,,,,,,,,,,,,,,,,,
655.4588068330195,unswapping,,,,,,,,,,,,,,,,,,,,,,,,,,,,,,,,,,,,,,,,,64,4,368192,5244,390,98,0,left,0,49,49,18,44,,,,,36,,,,,,,,,,,,,,,,,,,,,,,,,,,,,,,,,,,
656.2009868329915,unswapping,,,,,,,,,,,,,,,,,,,,,,,,,,,,,,,,,,,,,,,,,64,4,276252,4480,390,98,0,left,1,48,48,15,59,,,,,66,,,,,,,,,,,,,,,,,,,,,,,,,,,,,,,,,,,
656.7587582920096,unswapping,,,,,,,,,,,,,,,,,,,,,,,,,,,,,,,,,,,,,,,,,64,4,241256,4126,390,98,0,right,0,49,49,10,69,,,,,82,,,,,,,,,,,,,,,,,,,,,,,,,,,,,,,,,,,
657.2161382920167,unswapping,,,,,,,,,,,,,,,,,,,,,,,,,,,,,,,,,,,,,,,,,64,4,185452,3736,390,98,0,right,1,48,48,9,78,,,,,100,,,,,,,,,,,,,,,,,,,,,,,,,,,,,,,,,,,
658.0801733749977,unswapping,,,,,,,,,,,,,,,,,,,,,,,,,,,,,,,,,,,,,,,,,64,4,130800,3146,390,98,1,both,0,49,49,11,11,,,,,122,,,,,,,,,,,,,,,,,,,,,,,,,,,,,,,,,,,
658.6441823329951,unswapping,,,,,,,,,,,,,,,,,,,,,,,,,,,,,,,,,,,,,,,,,64,4,82968,2622,390,98,1,both,1,48,48,16,27,,,,,158,,,,,,,,,,,,,,,,,,,,,,,,,,,,,,,,,,,
658.8279737080156,unswapping,,,,,,,,,,,,,,,,,,,,,,,,,,,,,,,,,,,,,,,,,64,4,64196,2346,390,98,1,left,0,49,49,12,39,,,,,172,,,,,,,,,,,,,,,,,,,,,,,,,,,,,,,,,,,
659.0076012499921,unswapping,,,,,,,,,,,,,,,,,,,,,,,,,,,,,,,,,,,,,,,,,32,4,50896,2122,390,98,1,left,1,48,48,10,49,,,,,192,,,,,,,,,,,,,,,,,,,,,,,,,,,,,,,,,,,
659.1450750420045,unswapping,,,,,,,,,,,,,,,,,,,,,,,,,,,,,,,,,,,,,,,,,32,4,46776,2040,390,98,1,right,0,49,49,5,54,,,,,192,,,,,,,,,,,,,,,,,,,,,,,,,,,,,,,,,,,
659.2921142500127,unswapping,,,,,,,,,,,,,,,,,,,,,,,,,,,,,,,,,,,,,,,,,32,4,41592,1984,390,98,1,right,1,48,48,3,57,,,,,194,,,,,,,,,,,,,,,,,,,,,,,,,,,,,,,,,,,
659.5589582920074,unswapping,,,,,,,,,,,,,,,,,,,,,,,,,,,,,,,,,,,,,,,,,32,4,26904,1692,390,98,2,both,0,49,49,18,18,,,,,220,,,,,,,,,,,,,,,,,,,,,,,,,,,,,,,,,,,
659.7629678749945,unswapping,,,,,,,,,,,,,,,,,,,,,,,,,,,,,,,,,,,,,,,,,32,4,21084,1510,390,98,2,both,1,48,48,13,31,,,,,236,,,,,,,,,,,,,,,,,,,,,,,,,,,,,,,,,,,
659.8713490420196,unswapping,,,,,,,,,,,,,,,,,,,,,,,,,,,,,,,,,,,,,,,,,32,4,18992,1444,390,98,2,left,0,49,49,6,37,,,,,246,,,,,,,,,,,,,,,,,,,,,,,,,,,,,,,,,,,
659.9758944170026,unswapping,,,,,,,,,,,,,,,,,,,,,,,,,,,,,,,,,,,,,,,,,32,4,17204,1390,390,98,2,left,1,48,48,5,42,,,,,252,,,,,,,,,,,,,,,,,,,,,,,,,,,,,,,,,,,
660.0571717499988,unswapping,,,,,,,,,,,,,,,,,,,,,,,,,,,,,,,,,,,,,,,,,32,4,17076,1382,390,98,2,right,0,49,49,1,43,,,,,252,,,,,,,,,,,,,,,,,,,,,,,,,,,,,,,,,,,
660.1552399170178,unswapping,,,,,,,,,,,,,,,,,,,,,,,,,,,,,,,,,,,,,,,,,16,4,15028,1350,390,98,2,right,1,48,48,1,44,,,,,254,,,,,,,,,,,,,,,,,,,,,,,,,,,,,,,,,,,
660.3376547080115,unswapping,,,,,,,,,,,,,,,,,,,,,,,,,,,,,,,,,,,,,,,,,16,4,12856,1288,390,98,3,both,0,49,49,6,6,,,,,264,,,,,,,,,,,,,,,,,,,,,,,,,,,,,,,,,,,
660.5112514170178,unswapping,,,,,,,,,,,,,,,,,,,,,,,,,,,,,,,,,,,,,,,,,16,4,11852,1238,390,98,3,both,1,48,48,4,10,,,,,276,,,,,,,,,,,,,,,,,,,,,,,,,,,,,,,,,,,
660.5555780419963,unswapping,,,,,,,,,,,,,,,,,,,,,,,,,,,,,,,,,,,,,,,,,16,4,11852,1238,390,98,3,left,0,49,49,0,10,,,,,276,,,,,,,,,,,,,,,,,,,,,,,,,,,,,,,,,,,
660.6516768750153,unswapping,,,,,,,,,,,,,,,,,,,,,,,,,,,,,,,,,,,,,,,,,16,4,11340,1222,390,98,3,left,1,48,48,2,12,,,,,276,,,,,,,,,,,,,,,,,,,,,,,,,,,,,,,,,,,
660.7444496669923,unswapping,,,,,,,,,,,,,,,,,,,,,,,,,,,,,,,,,,,,,,,,,16,4,10460,1194,390,98,3,right,0,49,49,2,14,,,,,280,,,,,,,,,,,,,,,,,,,,,,,,,,,,,,,,,,,
660.8380124169926,unswapping,,,,,,,,,,,,,,,,,,,,,,,,,,,,,,,,,,,,,,,,,16,4,9628,1162,390,98,3,right,1,48,48,3,17,,,,,284,,,,,,,,,,,,,,,,,,,,,,,,,,,,,,,,,,,
663.4883090420044,unswapping,,,,,,,,,,,,,,,,,,,,,,,,,,,,,,,,,,,,,,,,,16,4,8964,1130,390,98,4,both,0,49,49,4,4,,,,,286,,,,,,,,,,,,,,,,,,,,,,,,,,,,,,,,,,,
663.6390750000137,unswapping,,,,,,,,,,,,,,,,,,,,,,,,,,,,,,,,,,,,,,,,,16,4,8772,1122,390,98,4,both,1,48,48,1,5,,,,,286,,,,,,,,,,,,,,,,,,,,,,,,,,,,,,,,,,,
663.6821322079923,unswapping,,,,,,,,,,,,,,,,,,,,,,,,,,,,,,,,,,,,,,,,,16,4,8772,1122,390,98,4,left,0,49,49,0,5,,,,,286,,,,,,,,,,,,,,,,,,,,,,,,,,,,,,,,,,,
663.7768348329992,unswapping,,,,,,,,,,,,,,,,,,,,,,,,,,,,,,,,,,,,,,,,,16,4,8340,1102,390,98,4,left,1,48,48,2,7,,,,,288,,,,,,,,,,,,,,,,,,,,,,,,,,,,,,,,,,,
663.8669025000127,unswapping,,,,,,,,,,,,,,,,,,,,,,,,,,,,,,,,,,,,,,,,,16,4,8084,1082,390,98,4,right,0,49,49,2,9,,,,,292,,,,,,,,,,,,,,,,,,,,,,,,,,,,,,,,,,,
663.9570568329946,unswapping,,,,,,,,,,,,,,,,,,,,,,,,,,,,,,,,,,,,,,,,,16,4,8036,1078,390,98,4,right,1,48,48,1,10,,,,,294,,,,,,,,,,,,,,,,,,,,,,,,,,,,,,,,,,,
664.039071792009,unswapping,,,,,,,,,,,,,,,,,,,,,,,,,,,,,,,,,,,,,,,,,16,4,8036,1078,390,98,5,both,0,49,49,0,0,,,,,294,,,,,,,,,,,,,,,,,,,,,,,,,,,,,,,,,,,
664.1890825830051,unswapping,,,,,,,,,,,,,,,,,,,,,,,,,,,,,,,,,,,,,,,,,16,4,7844,1070,390,98,5,both,1,48,48,1,1,,,,,296,,,,,,,,,,,,,,,,,,,,,,,,,,,,,,,,,,,
664.2310125830118,unswapping,,,,,,,,,,,,,,,,,,,,,,,,,,,,,,,,,,,,,,,,,16,4,7844,1070,390,98,5,left,0,49,49,0,1,,,,,296,,,,,,,,,,,,,,,,,,,,,,,,,,,,,,,,,,,
664.2730974580045,unswapping,,,,,,,,,,,,,,,,,,,,,,,,,,,,,,,,,,,,,,,,,16,4,7844,1070,390,98,5,left,1,48,48,0,1,,,,,296,,,,,,,,,,,,,,,,,,,,,,,,,,,,,,,,,,,
664.3479875000194,unswapping,,,,,,,,,,,,,,,,,,,,,,,,,,,,,,,,,,,,,,,,,16,4,7524,1062,390,98,5,right,0,49,49,1,2,,,,,298,,,,,,,,,,,,,,,,,,,,,,,,,,,,,,,,,,,
664.3883616669918,unswapping,,,,,,,,,,,,,,,,,,,,,,,,,,,,,,,,,,,,,,,,,16,4,7524,1062,390,98,5,right,1,48,48,0,2,,,,,298,,,,,,,,,,,,,,,,,,,,,,,,,,,,,,,,,,,
664.4697801670118,unswapping,,,,,,,,,,,,,,,,,,,,,,,,,,,,,,,,,,,,,,,,,16,4,7524,1062,390,98,6,both,0,49,49,0,0,,,,,298,,,,,,,,,,,,,,,,,,,,,,,,,,,,,,,,,,,
664.6335689169937,unswapping,,,,,,,,,,,,,,,,,,,,,,,,,,,,,,,,,,,,,,,,,16,4,6884,1046,390,98,6,both,1,48,48,1,1,,,,,300,,,,,,,,,,,,,,,,,,,,,,,,,,,,,,,,,,,
664.6750425420178,unswapping,,,,,,,,,,,,,,,,,,,,,,,,,,,,,,,,,,,,,,,,,16,4,6884,1046,390,98,6,left,0,49,49,0,1,,,,,300,,,,,,,,,,,,,,,,,,,,,,,,,,,,,,,,,,,
664.7168557920086,unswapping,,,,,,,,,,,,,,,,,,,,,,,,,,,,,,,,,,,,,,,,,16,4,6884,1046,390,98,6,left,1,48,48,0,1,,,,,300,,,,,,,,,,,,,,,,,,,,,,,,,,,,,,,,,,,
664.8078633749974,unswapping,,,,,,,,,,,,,,,,,,,,,,,,,,,,,,,,,,,,,,,,,16,4,6116,1022,390,98,6,right,0,49,49,1,2,,,,,302,,,,,,,,,,,,,,,,,,,,,,,,,,,,,,,,,,,
664.8487671250186,unswapping,,,,,,,,,,,,,,,,,,,,,,,,,,,,,,,,,,,,,,,,,16,4,6116,1022,390,98,6,right,1,48,48,0,2,,,,,302,,,,,,,,,,,,,,,,,,,,,,,,,,,,,,,,,,,
664.9286637080077,unswapping,,,,,,,,,,,,,,,,,,,,,,,,,,,,,,,,,,,,,,,,,16,4,6116,1022,390,98,7,both,0,49,49,0,0,,,,,302,,,,,,,,,,,,,,,,,,,,,,,,,,,,,,,,,,,
665.0753686249955,unswapping,,,,,,,,,,,,,,,,,,,,,,,,,,,,,,,,,,,,,,,,,16,4,5924,1014,390,98,7,both,1,48,48,1,1,,,,,304,,,,,,,,,,,,,,,,,,,,,,,,,,,,,,,,,,,
665.1166787080001,unswapping,,,,,,,,,,,,,,,,,,,,,,,,,,,,,,,,,,,,,,,,,16,4,5924,1014,390,98,7,left,0,49,49,0,1,,,,,304,,,,,,,,,,,,,,,,,,,,,,,,,,,,,,,,,,,
665.1575956669985,unswapping,,,,,,,,,,,,,,,,,,,,,,,,,,,,,,,,,,,,,,,,,16,4,5924,1014,390,98,7,left,1,48,48,0,1,,,,,304,,,,,,,,,,,,,,,,,,,,,,,,,,,,,,,,,,,
665.197864250018,unswapping,,,,,,,,,,,,,,,,,,,,,,,,,,,,,,,,,,,,,,,,,16,4,5924,1014,390,98,7,right,0,49,49,0,1,,,,,304,,,,,,,,,,,,,,,,,,,,,,,,,,,,,,,,,,,
665.2376834170136,unswapping,,,,,,,,,,,,,,,,,,,,,,,,,,,,,,,,,,,,,,,,,16,4,5924,1014,390,98,7,right,1,48,48,0,1,,,,,304,,,,,,,,,,,,,,,,,,,,,,,,,,,,,,,,,,,
665.317610291997,unswapping,,,,,,,,,,,,,,,,,,,,,,,,,,,,,,,,,,,,,,,,,16,4,5924,1014,390,98,8,both,0,49,49,0,0,,,,,304,,,,,,,,,,,,,,,,,,,,,,,,,,,,,,,,,,,
665.3961307080172,unswapping,,,,,,,,,,,,,,,,,,,,,,,,,,,,,,,,,,,,,,,,,16,4,5924,1014,390,98,8,both,1,48,48,0,0,,,,,304,,,,,,,,,,,,,,,,,,,,,,,,,,,,,,,,,,,
665.437764125003,unswapping,,,,,,,,,,,,,,,,,,,,,,,,,,,,,,,,,,,,,,,,,16,4,5924,1014,390,98,8,left,0,49,49,0,0,,,,,304,,,,,,,,,,,,,,,,,,,,,,,,,,,,,,,,,,,
665.4791163750051,unswapping,,,,,,,,,,,,,,,,,,,,,,,,,,,,,,,,,,,,,,,,,16,4,5924,1014,390,98,8,left,1,48,48,0,0,,,,,304,,,,,,,,,,,,,,,,,,,,,,,,,,,,,,,,,,,
665.5192564580066,unswapping,,,,,,,,,,,,,,,,,,,,,,,,,,,,,,,,,,,,,,,,,16,4,5924,1014,390,98,8,right,0,49,49,0,0,,,,,304,,,,,,,,,,,,,,,,,,,,,,,,,,,,,,,,,,,
665.558809500013,unswapping,,,,,,,,,,,,,,,,,,,,,,,,,,,,,,,,,,,,,,,,,16,4,5924,1014,390,98,8,right,1,48,48,0,0,,,,,304,,,,,,,,,,,,,,,,,,,,,,,,,,,,,,,,,,,
665.5944326670142,unswap_cycle_summary,,,,,,25,11,36,,,,,,,,,,,,,,,,,,,4096,0.002,,,,,,,,,,,,,16,4,5924,1014,390,98,,,,,,,,,,,,,,,,,,,,11,34.6930812500068,36,1984,1948,5,False,,,,,,,,,,,,,,,,,,,,,
674.3679514999967,rewiring,,,,,,,,,,,,,,,,,,,,,,,,,,,,,,,,,,,,,,,,,,,,,,,,,,,,,,,,,,,,,,,,,,11,,,,,,,left,post_unswap,8.77248650000547,20,2598,False,False,False,5,2,lookahead_total,8,False,1,1132,"(187932, 187932, 64, 64, 1628, 20335, 2398)",1.176688083971385,7.595725791004952,"[{'seed': 123, 'score': (242052, 242052, 128, 128, 1581, 20166, 2376), 'num_layers': 2376, 'total_swaps': 20166, 'max_layer_swaps': 22, 'swap_only_layers': 1581, 'work_layers': 795, 'unitary_layers': 795, 'first_work_layer': 1, 'leading_no_work_layers': 1, 'lookahead_layers_scored': 8, 'lookahead_final_elems': 242052, 'lookahead_final_max_bond': 128, 'lookahead_peak_elems': 242052, 'lookahead_peak_max_bond': 128, 'lookahead_peak_bond_l2': 80377}, {'seed': 1132, 'score': (187932, 187932, 64, 64, 1628, 20335, 2398), 'num_layers': 2398, 'total_swaps': 20335, 'max_layer_swaps': 27, 'swap_only_layers': 1628, 'work_layers': 770, 'unitary_layers': 770, 'first_work_layer': 1, 'leading_no_work_layers': 1, 'lookahead_layers_scored': 8, 'lookahead_final_elems': 187932, 'lookahead_final_max_bond': 64, 'lookahead_peak_elems': 187932, 'lookahead_peak_max_bond': 64, 'lookahead_peak_bond_l2': 60847}]",8.772437875013566,20.497640790999867
686.0927370419959,rewiring,,,,,,,,,,,,,,,,,,,,,,,,,,,,,,,,,,,,,,,,,,,,,,,,,,,,,,,,,,,,,,,,,,11,,,,,,,right,post_unswap,11.724417082994478,20,2257,False,False,False,5,2,lookahead_total,8,False,1,1132,"(467276, 467276, 128, 128, 1451, 18212, 2209)",4.044854667008622,7.679470208007842,"[{'seed': 123, 'score': (1990424, 1990424, 510, 511, 1398, 18417, 2147), 'num_layers': 2147, 'total_swaps': 18417, 'max_layer_swaps': 25, 'swap_only_layers': 1398, 'work_layers': 749, 'unitary_layers': 749, 'first_work_layer': 6, 'leading_no_work_layers': 6, 'lookahead_layers_scored': 8, 'lookahead_final_elems': 1990424, 'lookahead_final_max_bond': 510, 'lookahead_peak_elems': 1990424, 'lookahead_peak_max_bond': 511, 'lookahead_peak_bond_l2': 704187}, {'seed': 1132, 'score': (467276, 467276, 128, 128, 1451, 18212, 2209), 'num_layers': 2209, 'total_swaps': 18212, 'max_layer_swaps': 22, 'swap_only_layers': 1451, 'work_layers': 758, 'unitary_layers': 758, 'first_work_layer': 6, 'leading_no_work_layers': 6, 'lookahead_layers_scored': 8, 'lookahead_final_elems': 467276, 'lookahead_final_max_bond': 128, 'lookahead_peak_elems': 467276, 'lookahead_peak_max_bond': 128, 'lookahead_peak_bond_l2': 141985}]",11.724363082990749,20.497640790999867
686.092921583011,cycle_progress,,,,,,25,11,36,,,,,,,,,,,,,,,,,,,4096,0.002,,2580,0,,,,,,,,,,16,4,5924,1014,390,98,,,,,,,,,,,,,,,,,,,,11,,36,1984,1948,5,False,,,,,,,,,,,,,,,,,,,,,20.497640790999867
686.2372913330037,absorbing,L,1,0,2398,2209,25,11,36,17,0,0,0.05322979099582881,0.05005083300056867,0.10328062399639748,0.11038641698542051,5924,8844,16,16,False,False,False,False,5924,16,False,4096,0.002,,5924,0,total_elems,5924,8844,1,1,,,,0.0,16,4,5924,1014,390,98,,,,,,,,,,,,,,,,,,,,,,,,,,,,,,,,,,,,,,,,,,,,,,,
686.3447775419918,absorbing,L,2,0,2398,2209,26,11,37,17,1,1,0.0538480409886688,0.049269125011051074,0.10311716599971987,0.10423729100148194,8496,8844,16,16,False,False,False,False,8496,16,False,4096,0.002,,5924,0,total_elems,8496,8844,1,1,,,,0.0,16,4,8496,1182,390,98,,,,,,,,,,,,,,,,,,,,,,,,,,,,,,,,,,,,,,,,,,,,,,,
686.4524703749921,absorbing,R,2,1,2398,2209,26,11,37,20,0,1,0.05219554202631116,0.050734832999296486,0.10293037502560765,0.1041477500111796,14972,12320,32,16,False,False,False,False,12320,16,False,4096,0.002,,5924,0,total_elems,14972,12320,1,1,,,,0.0,16,4,12320,1362,390,98,,,,,,,,,,,,,,,,,,,,,,,,,,,,,,,,,,,,,,,,,,,,,,,
686.5611357919988,absorbing,L,3,1,2398,2209,26,11,37,20,0,1,0.05298774997936562,0.05122179101454094,0.10420954099390656,0.10529262499767356,17172,20188,16,16,False,False,False,False,17172,16,False,4096,0.002,,5924,0,total_elems,17172,20188,1,1,,,,0.0,16,4,17172,1546,390,98,,,,,,,,,,,,,,,,,,,,,,,,,,,,,,,,,,,,,,,,,,,,,,,
686.6731538330205,absorbing,R,3,2,2398,2209,26,11,37,22,0,1,0.05549599998630583,0.052092457975959405,0.10758845796226524,0.10873375000664964,29540,26240,32,16,False,False,False,False,26240,16,False,4096,0.002,,5924,0,total_elems,29540,26240,1,1,,,,0.0,16,4,26240,1848,390,98,,,,,,,,,,,,,,,,,,,,,,,,,,,,,,,,,,,,,,,,,,,,,,,
686.7917336249957,absorbing,L,4,2,2398,2209,26,11,37,19,0,1,0.057541374990250915,0.056475750025128946,0.11401712501537986,0.11515270799282007,40576,52220,32,64,False,False,False,False,40576,32,False,4096,0.002,,5924,0,total_elems,40576,52220,1,1,,,,0.0,32,4,40576,2172,390,98,,,,,,,,,,,,,,,,,,,,,,,,,,,,,,,,,,,,,,,,,,,,,,,
686.9404990420153,absorbing,L,5,2,2398,2209,28,11,39,18,2,3,0.07519562498782761,0.0688727920060046,0.14406841699383222,0.14523204098804854,65072,78844,64,64,False,False,False,False,65072,64,False,4096,0.002,,5924,0,total_elems,65072,78844,1,1,,,,0.0,64,4,65072,2592,390,98,,,,,,,,,,,,,,,,,,,,,,,,,,,,,,,,,,,,,,,,,,,,,,,
687.1030699580151,absorbing,L,6,2,2398,2209,28,11,39,19,0,3,0.0778580000041984,0.07971520800492726,0.15757320800912566,0.15889508300460875,102896,126380,64,64,False,False,False,False,102896,64,False,4096,0.002,,5924,0,total_elems,102896,126380,1,1,,,,0.0,64,4,102896,3140,390,98,,,,,,,,,,,,,,,,,,,,,,,,,,,,,,,,,,,,,,,,,,,,,,,
687.3133437920187,absorbing,L,7,2,2398,2209,28,11,39,15,0,3,0.10170941601973027,0.10384079199866392,0.2055502080183942,0.2068812500219792,177584,185900,64,64,False,False,False,False,177584,64,False,4096,0.002,,5924,0,total_elems,177584,185900,1,1,,,,0.0,64,4,177584,3868,390,98,,,,,,,,,,,,,,,,,,,,,,,,,,,,,,,,,,,,,,,,,,,,,,,
687.5733333330136,absorbing,L,8,2,2398,2209,28,11,39,13,0,3,0.11019945898442529,0.1448374580068048,0.2550369169912301,0.2566286660148762,236920,293356,64,128,False,False,False,False,236920,64,False,4096,0.002,,5924,0,total_elems,236920,293356,1,1,,,,0.0,64,4,236920,4568,390,98,,,,,,,,,,,,,,,,,,,,,,,,,,,,,,,,,,,,,,,,,,,,,,,
687.8786989579967,absorbing,L,9,2,2398,2209,28,11,39,14,0,3,0.12700974999461323,0.17327291698893532,0.30028266698354855,0.3019152919878252,339256,379316,64,128,False,False,False,False,339256,64,False,4096,0.002,,5924,0,total_elems,339256,379316,1,1,,,,0.0,64,4,339256,5328,390,98,,,,,,,,,,,,,,,,,,,,,,,,,,,,,,,,,,,,,,,,,,,,,,,
688.4110353750002,absorbing,R,9,3,2398,2209,28,11,39,20,0,3,0.3092170830059331,0.21829674998298287,0.527513832988916,0.5290201669849921,630072,507252,256,128,False,False,False,False,507252,128,False,4096,0.002,,5924,0,total_elems,630072,507252,1,1,,,,0.0,128,4,507252,6310,390,98,,,,,,,,,,,,,,,,,,,,,,,,,,,,,,,,,,,,,,,,,,,,,,,
689.3754158749944,absorbing,R,9,4,2398,2209,28,11,39,20,0,3,0.46643758402206004,0.4930030420073308,0.9594406260293908,0.9607249590044376,974196,828912,256,256,False,False,False,False,828912,256,False,4096,0.002,,5924,0,total_elems,974196,828912,1,1,,,,0.0,256,4,828912,7780,390,98,,,,,,,,,,,,,,,,,,,,,,,,,,,,,,,,,,,,,,,,,,,,,,,
699.6326455420058,unswapping,,,,,,,,,,,,,,,,,,,,,,,,,,,,,,,,,,,,,,,,,256,4,1136944,8404,390,98,0,both,0,49,49,10,10,,,,,0,,,,,,,,,,,,,,,,,,,,,,,,,,,,,,,,,,,
708.4385996670171,unswapping,,,,,,,,,,,,,,,,,,,,,,,,,,,,,,,,,,,,,,,,,256,4,493040,6020,390,98,0,both,1,48,48,14,24,,,,,0,,,,,,,,,,,,,,,,,,,,,,,,,,,,,,,,,,,
709.5098912079993,unswapping,,,,,,,,,,,,,,,,,,,,,,,,,,,,,,,,,,,,,,,,,64,4,230080,4268,390,98,0,left,0,49,49,24,48,,,,,48,,,,,,,,,,,,,,,,,,,,,,,,,,,,,,,,,,,
710.0062307920016,unswapping,,,,,,,,,,,,,,,,,,,,,,,,,,,,,,,,,,,,,,,,,64,4,143712,3478,390,98,0,left,1,48,48,20,68,,,,,88,,,,,,,,,,,,,,,,,,,,,,,,,,,,,,,,,,,
710.2710759170004,unswapping,,,,,,,,,,,,,,,,,,,,,,,,,,,,,,,,,,,,,,,,,64,4,122944,3178,390,98,0,right,0,49,49,7,75,,,,,86,,,,,,,,,,,,,,,,,,,,,,,,,,,,,,,,,,,
710.5198577920091,unswapping,,,,,,,,,,,,,,,,,,,,,,,,,,,,,,,,,,,,,,,,,64,4,94744,2946,390,98,0,right,1,48,48,9,84,,,,,98,,,,,,,,,,,,,,,,,,,,,,,,,,,,,,,,,,,
710.9363302080019,unswapping,,,,,,,,,,,,,,,,,,,,,,,,,,,,,,,,,,,,,,,,,32,4,66780,2532,390,98,1,both,0,49,49,17,17,,,,,122,,,,,,,,,,,,,,,,,,,,,,,,,,,,,,,,,,,
711.2578015420004,unswapping,,,,,,,,,,,,,,,,,,,,,,,,,,,,,,,,,,,,,,,,,32,4,42020,2088,390,98,1,both,1,48,48,20,37,,,,,170,,,,,,,,,,,,,,,,,,,,,,,,,,,,,,,,,,,
711.3895842920174,unswapping,,,,,,,,,,,,,,,,,,,,,,,,,,,,,,,,,,,,,,,,,16,4,31160,1822,390,98,1,left,0,49,49,13,50,,,,,194,,,,,,,,,,,,,,,,,,,,,,,,,,,,,,,,,,,
711.509639625001,unswapping,,,,,,,,,,,,,,,,,,,,,,,,,,,,,,,,,,,,,,,,,16,4,27964,1748,390,98,1,left,1,48,48,6,56,,,,,200,,,,,,,,,,,,,,,,,,,,,,,,,,,,,,,,,,,
711.6227749169921,unswapping,,,,,,,,,,,,,,,,,,,,,,,,,,,,,,,,,,,,,,,,,16,4,24404,1662,390,98,1,right,0,49,49,7,63,,,,,204,,,,,,,,,,,,,,,,,,,,,,,,,,,,,,,,,,,
711.7305113750044,unswapping,,,,,,,,,,,,,,,,,,,,,,,,,,,,,,,,,,,,,,,,,16,4,22628,1610,390,98,1,right,1,48,48,5,68,,,,,210,,,,,,,,,,,,,,,,,,,,,,,,,,,,,,,,,,,
711.9433577920136,unswapping,,,,,,,,,,,,,,,,,,,,,,,,,,,,,,,,,,,,,,,,,16,4,17620,1462,390,98,2,both,0,49,49,14,14,,,,,228,,,,,,,,,,,,,,,,,,,,,,,,,,,,,,,,,,,
712.139699042018,unswapping,,,,,,,,,,,,,,,,,,,,,,,,,,,,,,,,,,,,,,,,,16,4,13272,1328,390,98,2,both,1,48,48,12,26,,,,,250,,,,,,,,,,,,,,,,,,,,,,,,,,,,,,,,,,,
712.2404047500168,unswapping,,,,,,,,,,,,,,,,,,,,,,,,,,,,,,,,,,,,,,,,,16,4,11984,1272,390,98,2,left,0,49,49,4,30,,,,,256,,,,,,,,,,,,,,,,,,,,,,,,,,,,,,,,,,,
712.3421689170063,unswapping,,,,,,,,,,,,,,,,,,,,,,,,,,,,,,,,,,,,,,,,,16,4,10748,1230,390,98,2,left,1,48,48,5,35,,,,,262,,,,,,,,,,,,,,,,,,,,,,,,,,,,,,,,,,,
712.4197710000153,unswapping,,,,,,,,,,,,,,,,,,,,,,,,,,,,,,,,,,,,,,,,,16,4,10364,1214,390,98,2,right,0,49,49,1,36,,,,,264,,,,,,,,,,,,,,,,,,,,,,,,,,,,,,,,,,,
712.5140630420065,unswapping,,,,,,,,,,,,,,,,,,,,,,,,,,,,,,,,,,,,,,,,,16,4,10076,1202,390,98,2,right,1,48,48,2,38,,,,,262,,,,,,,,,,,,,,,,,,,,,,,,,,,,,,,,,,,
712.6933824169973,unswapping,,,,,,,,,,,,,,,,,,,,,,,,,,,,,,,,,,,,,,,,,16,4,8672,1156,390,98,3,both,0,49,49,6,6,,,,,272,,,,,,,,,,,,,,,,,,,,,,,,,,,,,,,,,,,
712.8667199170159,unswapping,,,,,,,,,,,,,,,,,,,,,,,,,,,,,,,,,,,,,,,,,16,4,7920,1128,390,98,3,both,1,48,48,3,9,,,,,272,,,,,,,,,,,,,,,,,,,,,,,,,,,,,,,,,,,
712.9612417920143,unswapping,,,,,,,,,,,,,,,,,,,,,,,,,,,,,,,,,,,,,,,,,16,4,7584,1112,390,98,3,left,0,49,49,2,11,,,,,276,,,,,,,,,,,,,,,,,,,,,,,,,,,,,,,,,,,
713.0561776669929,unswapping,,,,,,,,,,,,,,,,,,,,,,,,,,,,,,,,,,,,,,,,,16,4,7312,1092,390,98,3,left,1,48,48,2,13,,,,,280,,,,,,,,,,,,,,,,,,,,,,,,,,,,,,,,,,,
713.0969204580178,unswapping,,,,,,,,,,,,,,,,,,,,,,,,,,,,,,,,,,,,,,,,,16,4,7312,1092,390,98,3,right,0,49,49,0,13,,,,,280,,,,,,,,,,,,,,,,,,,,,,,,,,,,,,,,,,,
713.1381328330026,unswapping,,,,,,,,,,,,,,,,,,,,,,,,,,,,,,,,,,,,,,,,,16,4,7312,1092,390,98,3,right,1,48,48,0,13,,,,,280,,,,,,,,,,,,,,,,,,,,,,,,,,,,,,,,,,,
713.3082517500152,unswapping,,,,,,,,,,,,,,,,,,,,,,,,,,,,,,,,,,,,,,,,,16,4,7156,1078,390,98,4,both,0,49,49,4,4,,,,,282,,,,,,,,,,,,,,,,,,,,,,,,,,,,,,,,,,,
713.4739096669946,unswapping,,,,,,,,,,,,,,,,,,,,,,,,,,,,,,,,,,,,,,,,,16,4,7096,1072,390,98,4,both,1,48,48,2,6,,,,,286,,,,,,,,,,,,,,,,,,,,,,,,,,,,,,,,,,,
713.5159940420126,unswapping,,,,,,,,,,,,,,,,,,,,,,,,,,,,,,,,,,,,,,,,,16,4,7096,1072,390,98,4,left,0,49,49,0,6,,,,,286,,,,,,,,,,,,,,,,,,,,,,,,,,,,,,,,,,,
713.5582551250118,unswapping,,,,,,,,,,,,,,,,,,,,,,,,,,,,,,,,,,,,,,,,,16,4,7096,1072,390,98,4,left,1,48,48,0,6,,,,,286,,,,,,,,,,,,,,,,,,,,,,,,,,,,,,,,,,,
713.5993979579944,unswapping,,,,,,,,,,,,,,,,,,,,,,,,,,,,,,,,,,,,,,,,,16,4,7096,1072,390,98,4,right,0,49,49,0,6,,,,,286,,,,,,,,,,,,,,,,,,,,,,,,,,,,,,,,,,,
713.6407352079987,unswapping,,,,,,,,,,,,,,,,,,,,,,,,,,,,,,,,,,,,,,,,,16,4,7096,1072,390,98,4,right,1,48,48,0,6,,,,,286,,,,,,,,,,,,,,,,,,,,,,,,,,,,,,,,,,,
713.792237000016,unswapping,,,,,,,,,,,,,,,,,,,,,,,,,,,,,,,,,,,,,,,,,16,4,7048,1068,390,98,5,both,0,49,49,1,1,,,,,290,,,,,,,,,,,,,,,,,,,,,,,,,,,,,,,,,,,
713.8729490830156,unswapping,,,,,,,,,,,,,,,,,,,,,,,,,,,,,,,,,,,,,,,,,16,4,7048,1068,390,98,5,both,1,48,48,0,1,,,,,290,,,,,,,,,,,,,,,,,,,,,,,,,,,,,,,,,,,
713.9152999170183,unswapping,,,,,,,,,,,,,,,,,,,,,,,,,,,,,,,,,,,,,,,,,16,4,7048,1068,390,98,5,left,0,49,49,0,1,,,,,290,,,,,,,,,,,,,,,,,,,,,,,,,,,,,,,,,,,
713.9580524170015,unswapping,,,,,,,,,,,,,,,,,,,,,,,,,,,,,,,,,,,,,,,,,16,4,7048,1068,390,98,5,left,1,48,48,0,1,,,,,290,,,,,,,,,,,,,,,,,,,,,,,,,,,,,,,,,,,
713.9989692080126,unswapping,,,,,,,,,,,,,,,,,,,,,,,,,,,,,,,,,,,,,,,,,16,4,7048,1068,390,98,5,right,0,49,49,0,1,,,,,290,,,,,,,,,,,,,,,,,,,,,,,,,,,,,,,,,,,
714.0403134170047,unswapping,,,,,,,,,,,,,,,,,,,,,,,,,,,,,,,,,,,,,,,,,16,4,7048,1068,390,98,5,right,1,48,48,0,1,,,,,290,,,,,,,,,,,,,,,,,,,,,,,,,,,,,,,,,,,
714.1226446670189,unswapping,,,,,,,,,,,,,,,,,,,,,,,,,,,,,,,,,,,,,,,,,16,4,7048,1068,390,98,6,both,0,49,49,0,0,,,,,290,,,,,,,,,,,,,,,,,,,,,,,,,,,,,,,,,,,
714.2041375830013,unswapping,,,,,,,,,,,,,,,,,,,,,,,,,,,,,,,,,,,,,,,,,16,4,7048,1068,390,98,6,both,1,48,48,0,0,,,,,290,,,,,,,,,,,,,,,,,,,,,,,,,,,,,,,,,,,
714.2464692500071,unswapping,,,,,,,,,,,,,,,,,,,,,,,,,,,,,,,,,,,,,,,,,16,4,7048,1068,390,98,6,left,0,49,49,0,0,,,,,290,,,,,,,,,,,,,,,,,,,,,,,,,,,,,,,,,,,
714.2888809170108,unswapping,,,,,,,,,,,,,,,,,,,,,,,,,,,,,,,,,,,,,,,,,16,4,7048,1068,390,98,6,left,1,48,48,0,0,,,,,290,,,,,,,,,,,,,,,,,,,,,,,,,,,,,,,,,,,
714.3298565000005,unswapping,,,,,,,,,,,,,,,,,,,,,,,,,,,,,,,,,,,,,,,,,16,4,7048,1068,390,98,6,right,0,49,49,0,0,,,,,290,,,,,,,,,,,,,,,,,,,,,,,,,,,,,,,,,,,
714.3705653329962,unswapping,,,,,,,,,,,,,,,,,,,,,,,,,,,,,,,,,,,,,,,,,16,4,7048,1068,390,98,6,right,1,48,48,0,0,,,,,290,,,,,,,,,,,,,,,,,,,,,,,,,,,,,,,,,,,
714.4070784579962,unswap_cycle_summary,,,,,,28,11,39,,,,,,,,,,,,,,,,,,,4096,0.002,,,,,,,,,,,,,16,4,7048,1068,390,98,,,,,,,,,,,,,,,,,,,,12,23.30794404100743,39,1984,1945,3,False,,,,,,,,,,,,,,,,,,,,,
726.5445771249942,rewiring,,,,,,,,,,,,,,,,,,,,,,,,,,,,,,,,,,,,,,,,,,,,,,,,,,,,,,,,,,,,,,,,,,12,,,,,,,left,post_unswap,12.136296499986202,20,2391,False,False,False,3,2,lookahead_total,8,False,1,1132,"(1188172, 1188172, 511, 511, 1711, 20017, 2506)",3.627076708013192,8.509137250017375,"[{'seed': 123, 'score': (1282684, 1282684, 511, 511, 1609, 19913, 2384), 'num_layers': 2384, 'total_swaps': 19913, 'max_layer_swaps': 23, 'swap_only_layers': 1609, 'work_layers': 775, 'unitary_layers': 775, 'first_work_layer': 10, 'leading_no_work_layers': 10, 'lookahead_layers_scored': 8, 'lookahead_final_elems': 1282684, 'lookahead_final_max_bond': 511, 'lookahead_peak_elems': 1282684, 'lookahead_peak_max_bond': 511, 'lookahead_peak_bond_l2': 468442}, {'seed': 1132, 'score': (1188172, 1188172, 511, 511, 1711, 20017, 2506), 'num_layers': 2506, 'total_swaps': 20017, 'max_layer_swaps': 23, 'swap_only_layers': 1711, 'work_layers': 795, 'unitary_layers': 795, 'first_work_layer': 10, 'leading_no_work_layers': 10, 'lookahead_layers_scored': 8, 'lookahead_final_elems': 1188172, 'lookahead_final_max_bond': 511, 'lookahead_peak_elems': 1188172, 'lookahead_peak_max_bond': 511, 'lookahead_peak_bond_l2': 435988}]",12.13624137500301,22.42665004200535
736.8344134170038,rewiring,,,,,,,,,,,,,,,,,,,,,,,,,,,,,,,,,,,,,,,,,,,,,,,,,,,,,,,,,,,,,,,,,,12,,,,,,,right,post_unswap,10.289436374994693,20,2207,False,False,False,3,2,lookahead_total,8,False,1,1132,"(321104, 321104, 128, 128, 1380, 18267, 2156)",1.6172010419832077,8.672172375023365,"[{'seed': 123, 'score': (549344, 549344, 128, 128, 1337, 18578, 2129), 'num_layers': 2129, 'total_swaps': 18578, 'max_layer_swaps': 24, 'swap_only_layers': 1337, 'work_layers': 792, 'unitary_layers': 792, 'first_work_layer': 4, 'leading_no_work_layers': 4, 'lookahead_layers_scored': 8, 'lookahead_final_elems': 549344, 'lookahead_final_max_bond': 128, 'lookahead_peak_elems': 549344, 'lookahead_peak_max_bond': 128, 'lookahead_peak_bond_l2': 178555}, {'seed': 1132, 'score': (321104, 321104, 128, 128, 1380, 18267, 2156), 'num_layers': 2156, 'total_swaps': 18267, 'max_layer_swaps': 23, 'swap_only_layers': 1380, 'work_layers': 776, 'unitary_layers': 776, 'first_work_layer': 4, 'leading_no_work_layers': 4, 'lookahead_layers_scored': 8, 'lookahead_final_elems': 321104, 'lookahead_final_max_bond': 128, 'lookahead_peak_elems': 321104, 'lookahead_peak_max_bond': 128, 'lookahead_peak_bond_l2': 105715}]",10.289397500018822,22.42665004200535
736.8345621670014,cycle_progress,,,,,,28,11,39,,,,,,,,,,,,,,,,,,,4096,0.002,,5924,0,,,,,,,,,,16,4,7048,1068,390,98,,,,,,,,,,,,,,,,,,,,12,,39,1984,1945,3,False,,,,,,,,,,,,,,,,,,,,,22.42665004200535
736.978924666997,absorbing,L,1,0,2506,2156,28,11,39,17,0,0,0.0523123329912778,0.050010417005978525,0.10232274999725632,0.10801858399645425,7048,10020,16,16,False,False,False,False,7048,16,False,4096,0.002,,7048,0,total_elems,7048,10020,1,1,,,,0.0,16,4,7048,1068,390,98,,,,,,,,,,,,,,,,,,,,,,,,,,,,,,,,,,,,,,,,,,,,,,,
737.0849700830004,absorbing,L,2,0,2506,2156,28,11,39,20,0,0,0.05209820898016915,0.04954979199101217,0.10164800097118132,0.10273487499216571,9896,10020,16,16,False,False,False,False,9896,16,False,4096,0.002,,7048,0,total_elems,9896,10020,1,1,,,,0.0,16,4,9896,1246,390,98,,,,,,,,,,,,,,,,,,,,,,,,,,,,,,,,,,,,,,,,,,,,,,,
737.1928772919928,absorbing,R,2,1,2506,2156,28,11,39,18,0,0,0.05327762497472577,0.05031391599914059,0.10359154097386636,0.10469616699265316,18848,12360,32,16,False,False,False,False,12360,16,False,4096,0.002,,7048,0,total_elems,18848,12360,1,1,,,,0.0,16,4,12360,1366,390,98,,,,,,,,,,,,,,,,,,,,,,,,,,,,,,,,,,,,,,,,,,,,,,,
737.3020700830093,absorbing,R,2,2,2506,2156,28,11,39,19,0,0,0.0535427080176305,0.05119708299753256,0.10473979101516306,0.10577808300149627,20284,19460,32,16,False,False,False,False,19460,16,False,4096,0.002,,7048,0,total_elems,20284,19460,1,1,,,,0.0,16,4,19460,1594,390,98,,,,,,,,,,,,,,,,,,,,,,,,,,,,,,,,,,,,,,,,,,,,,,,
737.41484308301,absorbing,R,2,3,2506,2156,28,11,39,20,0,0,0.05566645800718106,0.05286174998036586,0.10852820798754692,0.10966012498829514,33064,28924,64,32,False,False,False,False,28924,32,False,4096,0.002,,7048,0,total_elems,33064,28924,1,1,,,,0.0,32,4,28924,1886,390,98,,,,,,,,,,,,,,,,,,,,,,,,,,,,,,,,,,,,,,,,,,,,,,,
737.5353612079925,absorbing,L,3,3,2506,2156,28,11,39,23,0,0,0.05912566700135358,0.05675058299675584,0.11587624999810942,0.11699637499987148,49760,54908,64,64,False,False,False,False,49760,64,False,4096,0.002,,7048,0,total_elems,49760,54908,1,1,,,,0.0,64,4,49760,2330,390,98,,,,,,,,,,,,,,,,,,,,,,,,,,,,,,,,,,,,,,,,,,,,,,,
737.6911590830132,absorbing,R,3,4,2506,2156,28,11,39,20,0,0,0.07587129200692289,0.07511350000277162,0.1509847920096945,0.15236583398655057,95820,88504,64,64,False,False,False,False,88504,64,False,4096,0.002,,7048,0,total_elems,95820,88504,1,1,,,,0.0,64,4,88504,2854,390,98,,,,,,,,,,,,,,,,,,,,,,,,,,,,,,,,,,,,,,,,,,,,,,,
737.9048285000026,absorbing,R,3,5,2506,2156,28,12,40,16,1,1,0.10986612498527393,0.09897912500309758,0.2088452499883715,0.21004912498756312,179396,169848,128,128,False,False,False,False,169848,128,False,4096,0.002,,7048,0,total_elems,179396,169848,1,1,,,,0.0,128,4,169848,3530,390,98,,,,,,,,,,,,,,,,,,,,,,,,,,,,,,,,,,,,,,,,,,,,,,,
738.2425732919946,absorbing,L,4,5,2506,2156,28,12,40,19,0,1,0.1705515840149019,0.1625413750007283,0.3330929590156302,0.3343089999980293,286980,307992,128,128,False,False,False,False,286980,128,False,4096,0.002,,7048,0,total_elems,286980,307992,1,1,,,,0.0,128,4,286980,4352,390,98,,,,,,,,,,,,,,,,,,,,,,,,,,,,,,,,,,,,,,,,,,,,,,,
738.8563698749931,absorbing,R,4,6,2506,2156,28,12,40,16,0,1,0.351906500000041,0.25668525000219233,0.6085917500022333,0.61017820800771,520916,464132,256,128,False,False,False,False,464132,128,False,4096,0.002,,7048,0,total_elems,520916,464132,1,1,,,,0.0,128,4,464132,5184,390,98,,,,,,,,,,,,,,,,,,,,,,,,,,,,,,,,,,,,,,,,,,,,,,,
739.7989827920101,absorbing,R,4,7,2506,2156,28,15,43,10,3,4,0.5710246250091586,0.36622937498032115,0.9372539999894798,0.9389020829985384,804436,633492,256,256,False,False,False,False,633492,256,False,4096,0.002,,7048,0,total_elems,804436,633492,1,1,,,,0.0,256,4,633492,5780,390,98,,,,,,,,,,,,,,,,,,,,,,,,,,,,,,,,,,,,,,,,,,,,,,,
742.0343338749954,absorbing,R,4,8,2506,2156,28,16,44,13,1,5,1.256286000018008,0.9708047079911921,2.2270907080092,2.2321297499875072,1076084,951572,256,256,False,False,True,False,951572,256,False,4096,0.002,,7048,0,total_elems,1076084,951572,1,1,,,,0.0,256,4,951572,6736,390,98,,,,,,,,,,,,,,,,,,,,,,,,,,,,,,,,,,,,,,,,,,,,,,,
784.7901591249974,unswapping,,,,,,,,,,,,,,,,,,,,,,,,,,,,,,,,,,,,,,,,,256,4,1233268,6920,390,98,0,both,0,49,49,11,11,,,,,0,,,,,,,,,,,,,,,,,,,,,,,,,,,,,,,,,,,
795.2390190830047,unswapping,,,,,,,,,,,,,,,,,,,,,,,,,,,,,,,,,,,,,,,,,256,4,565412,5036,390,98,0,both,1,48,48,18,29,,,,,0,,,,,,,,,,,,,,,,,,,,,,,,,,,,,,,,,,,
796.9666746250005,unswapping,,,,,,,,,,,,,,,,,,,,,,,,,,,,,,,,,,,,,,,,,128,4,292504,3974,390,98,0,left,0,49,49,14,43,,,,,28,,,,,,,,,,,,,,,,,,,,,,,,,,,,,,,,,,,
798.0506595420011,unswapping,,,,,,,,,,,,,,,,,,,,,,,,,,,,,,,,,,,,,,,,,128,4,149628,3084,390,98,0,left,1,48,48,21,64,,,,,70,,,,,,,,,,,,,,,,,,,,,,,,,,,,,,,,,,,
798.337263333,unswapping,,,,,,,,,,,,,,,,,,,,,,,,,,,,,,,,,,,,,,,,,64,4,96868,2646,390,98,0,right,0,49,49,11,75,,,,,88,,,,,,,,,,,,,,,,,,,,,,,,,,,,,,,,,,,
798.5541904999991,unswapping,,,,,,,,,,,,,,,,,,,,,,,,,,,,,,,,,,,,,,,,,64,4,71416,2436,390,98,0,right,1,48,48,8,83,,,,,100,,,,,,,,,,,,,,,,,,,,,,,,,,,,,,,,,,,
798.8969977080123,unswapping,,,,,,,,,,,,,,,,,,,,,,,,,,,,,,,,,,,,,,,,,32,4,57296,2156,390,98,1,both,0,49,49,12,12,,,,,118,,,,,,,,,,,,,,,,,,,,,,,,,,,,,,,,,,,
799.2027989579947,unswapping,,,,,,,,,,,,,,,,,,,,,,,,,,,,,,,,,,,,,,,,,32,4,40164,1890,390,98,1,both,1,48,48,12,24,,,,,134,,,,,,,,,,,,,,,,,,,,,,,,,,,,,,,,,,,
799.3391692920122,unswapping,,,,,,,,,,,,,,,,,,,,,,,,,,,,,,,,,,,,,,,,,32,4,27532,1658,390,98,1,left,0,49,49,9,33,,,,,150,,,,,,,,,,,,,,,,,,,,,,,,,,,,,,,,,,,
799.4532111250155,unswapping,,,,,,,,,,,,,,,,,,,,,,,,,,,,,,,,,,,,,,,,,32,4,25084,1578,390,98,1,left,1,48,48,8,41,,,,,162,,,,,,,,,,,,,,,,,,,,,,,,,,,,,,,,,,,
799.5635569170117,unswapping,,,,,,,,,,,,,,,,,,,,,,,,,,,,,,,,,,,,,,,,,32,4,23740,1538,390,98,1,right,0,49,49,2,43,,,,,162,,,,,,,,,,,,,,,,,,,,,,,,,,,,,,,,,,,
799.6682364169974,unswapping,,,,,,,,,,,,,,,,,,,,,,,,,,,,,,,,,,,,,,,,,32,4,23204,1514,390,98,1,right,1,48,48,4,47,,,,,164,,,,,,,,,,,,,,,,,,,,,,,,,,,,,,,,,,,
799.9060900830082,unswapping,,,,,,,,,,,,,,,,,,,,,,,,,,,,,,,,,,,,,,,,,32,4,20608,1424,390,98,2,both,0,49,49,10,10,,,,,178,,,,,,,,,,,,,,,,,,,,,,,,,,,,,,,,,,,
800.1176415829977,unswapping,,,,,,,,,,,,,,,,,,,,,,,,,,,,,,,,,,,,,,,,,32,4,11428,1258,390,98,2,both,1,48,48,11,21,,,,,194,,,,,,,,,,,,,,,,,,,,,,,,,,,,,,,,,,,
800.2164130829915,unswapping,,,,,,,,,,,,,,,,,,,,,,,,,,,,,,,,,,,,,,,,,16,4,9668,1194,390,98,2,left,0,49,49,4,25,,,,,202,,,,,,,,,,,,,,,,,,,,,,,,,,,,,,,,,,,
800.2595058330044,unswapping,,,,,,,,,,,,,,,,,,,,,,,,,,,,,,,,,,,,,,,,,16,4,9668,1194,390,98,2,left,1,48,48,0,25,,,,,202,,,,,,,,,,,,,,,,,,,,,,,,,,,,,,,,,,,
800.3361014580005,unswapping,,,,,,,,,,,,,,,,,,,,,,,,,,,,,,,,,,,,,,,,,16,4,9476,1186,390,98,2,right,0,49,49,1,26,,,,,204,,,,,,,,,,,,,,,,,,,,,,,,,,,,,,,,,,,
800.3774365830177,unswapping,,,,,,,,,,,,,,,,,,,,,,,,,,,,,,,,,,,,,,,,,16,4,9476,1186,390,98,2,right,1,48,48,0,26,,,,,204,,,,,,,,,,,,,,,,,,,,,,,,,,,,,,,,,,,
800.5572608330112,unswapping,,,,,,,,,,,,,,,,,,,,,,,,,,,,,,,,,,,,,,,,,16,4,8924,1154,390,98,3,both,0,49,49,6,6,,,,,216,,,,,,,,,,,,,,,,,,,,,,,,,,,,,,,,,,,
800.7294477919932,unswapping,,,,,,,,,,,,,,,,,,,,,,,,,,,,,,,,,,,,,,,,,16,4,8576,1132,390,98,3,both,1,48,48,4,10,,,,,222,,,,,,,,,,,,,,,,,,,,,,,,,,,,,,,,,,,
800.7725760829926,unswapping,,,,,,,,,,,,,,,,,,,,,,,,,,,,,,,,,,,,,,,,,16,4,8576,1132,390,98,3,left,0,49,49,0,10,,,,,222,,,,,,,,,,,,,,,,,,,,,,,,,,,,,,,,,,,
800.8671986249974,unswapping,,,,,,,,,,,,,,,,,,,,,,,,,,,,,,,,,,,,,,,,,16,4,8400,1120,390,98,3,left,1,48,48,2,12,,,,,224,,,,,,,,,,,,,,,,,,,,,,,,,,,,,,,,,,,
800.908530375018,unswapping,,,,,,,,,,,,,,,,,,,,,,,,,,,,,,,,,,,,,,,,,16,4,8400,1120,390,98,3,right,0,49,49,0,12,,,,,224,,,,,,,,,,,,,,,,,,,,,,,,,,,,,,,,,,,
800.9497963330068,unswapping,,,,,,,,,,,,,,,,,,,,,,,,,,,,,,,,,,,,,,,,,16,4,8400,1120,390,98,3,right,1,48,48,0,12,,,,,224,,,,,,,,,,,,,,,,,,,,,,,,,,,,,,,,,,,
801.1245860829949,unswapping,,,,,,,,,,,,,,,,,,,,,,,,,,,,,,,,,,,,,,,,,16,4,8064,1100,390,98,4,both,0,49,49,3,3,,,,,226,,,,,,,,,,,,,,,,,,,,,,,,,,,,,,,,,,,
801.2933511250012,unswapping,,,,,,,,,,,,,,,,,,,,,,,,,,,,,,,,,,,,,,,,,16,4,7776,1084,390,98,4,both,1,48,48,2,5,,,,,228,,,,,,,,,,,,,,,,,,,,,,,,,,,,,,,,,,,
801.3876579999924,unswapping,,,,,,,,,,,,,,,,,,,,,,,,,,,,,,,,,,,,,,,,,16,4,7616,1072,390,98,4,left,0,49,49,2,7,,,,,230,,,,,,,,,,,,,,,,,,,,,,,,,,,,,,,,,,,
801.4293766670162,unswapping,,,,,,,,,,,,,,,,,,,,,,,,,,,,,,,,,,,,,,,,,16,4,7616,1072,390,98,4,left,1,48,48,0,7,,,,,230,,,,,,,,,,,,,,,,,,,,,,,,,,,,,,,,,,,
801.470942917018,unswapping,,,,,,,,,,,,,,,,,,,,,,,,,,,,,,,,,,,,,,,,,16,4,7616,1072,390,98,4,right,0,49,49,0,7,,,,,230,,,,,,,,,,,,,,,,,,,,,,,,,,,,,,,,,,,
801.5110002919973,unswapping,,,,,,,,,,,,,,,,,,,,,,,,,,,,,,,,,,,,,,,,,16,4,7616,1072,390,98,4,right,1,48,48,0,7,,,,,230,,,,,,,,,,,,,,,,,,,,,,,,,,,,,,,,,,,
801.6852995420049,unswapping,,,,,,,,,,,,,,,,,,,,,,,,,,,,,,,,,,,,,,,,,16,4,7568,1068,390,98,5,both,0,49,49,1,1,,,,,230,,,,,,,,,,,,,,,,,,,,,,,,,,,,,,,,,,,
801.8503793330165,unswapping,,,,,,,,,,,,,,,,,,,,,,,,,,,,,,,,,,,,,,,,,16,4,7472,1058,390,98,5,both,1,48,48,2,3,,,,,230,,,,,,,,,,,,,,,,,,,,,,,,,,,,,,,,,,,
801.892954333016,unswapping,,,,,,,,,,,,,,,,,,,,,,,,,,,,,,,,,,,,,,,,,16,4,7472,1058,390,98,5,left,0,49,49,0,3,,,,,230,,,,,,,,,,,,,,,,,,,,,,,,,,,,,,,,,,,
801.9346512500197,unswapping,,,,,,,,,,,,,,,,,,,,,,,,,,,,,,,,,,,,,,,,,16,4,7472,1058,390,98,5,left,1,48,48,0,3,,,,,230,,,,,,,,,,,,,,,,,,,,,,,,,,,,,,,,,,,
801.9759616249939,unswapping,,,,,,,,,,,,,,,,,,,,,,,,,,,,,,,,,,,,,,,,,16,4,7472,1058,390,98,5,right,0,49,49,0,3,,,,,230,,,,,,,,,,,,,,,,,,,,,,,,,,,,,,,,,,,
802.0166647919978,unswapping,,,,,,,,,,,,,,,,,,,,,,,,,,,,,,,,,,,,,,,,,16,4,7472,1058,390,98,5,right,1,48,48,0,3,,,,,230,,,,,,,,,,,,,,,,,,,,,,,,,,,,,,,,,,,
802.1718577500142,unswapping,,,,,,,,,,,,,,,,,,,,,,,,,,,,,,,,,,,,,,,,,16,4,7424,1054,390,98,6,both,0,49,49,1,1,,,,,230,,,,,,,,,,,,,,,,,,,,,,,,,,,,,,,,,,,
802.251228750014,unswapping,,,,,,,,,,,,,,,,,,,,,,,,,,,,,,,,,,,,,,,,,16,4,7424,1054,390,98,6,both,1,48,48,0,1,,,,,230,,,,,,,,,,,,,,,,,,,,,,,,,,,,,,,,,,,
802.2941817500105,unswapping,,,,,,,,,,,,,,,,,,,,,,,,,,,,,,,,,,,,,,,,,16,4,7424,1054,390,98,6,left,0,49,49,0,1,,,,,230,,,,,,,,,,,,,,,,,,,,,,,,,,,,,,,,,,,
802.3355455000128,unswapping,,,,,,,,,,,,,,,,,,,,,,,,,,,,,,,,,,,,,,,,,16,4,7424,1054,390,98,6,left,1,48,48,0,1,,,,,230,,,,,,,,,,,,,,,,,,,,,,,,,,,,,,,,,,,
802.3772598750074,unswapping,,,,,,,,,,,,,,,,,,,,,,,,,,,,,,,,,,,,,,,,,16,4,7424,1054,390,98,6,right,0,49,49,0,1,,,,,230,,,,,,,,,,,,,,,,,,,,,,,,,,,,,,,,,,,
802.4181825830019,unswapping,,,,,,,,,,,,,,,,,,,,,,,,,,,,,,,,,,,,,,,,,16,4,7424,1054,390,98,6,right,1,48,48,0,1,,,,,230,,,,,,,,,,,,,,,,,,,,,,,,,,,,,,,,,,,
802.5053320419975,unswapping,,,,,,,,,,,,,,,,,,,,,,,,,,,,,,,,,,,,,,,,,16,4,7424,1054,390,98,7,both,0,49,49,0,0,,,,,230,,,,,,,,,,,,,,,,,,,,,,,,,,,,,,,,,,,
802.5853980829997,unswapping,,,,,,,,,,,,,,,,,,,,,,,,,,,,,,,,,,,,,,,,,16,4,7424,1054,390,98,7,both,1,48,48,0,0,,,,,230,,,,,,,,,,,,,,,,,,,,,,,,,,,,,,,,,,,
802.6280810000026,unswapping,,,,,,,,,,,,,,,,,,,,,,,,,,,,,,,,,,,,,,,,,16,4,7424,1054,390,98,7,left,0,49,49,0,0,,,,,230,,,,,,,,,,,,,,,,,,,,,,,,,,,,,,,,,,,
802.6703759170196,unswapping,,,,,,,,,,,,,,,,,,,,,,,,,,,,,,,,,,,,,,,,,16,4,7424,1054,390,98,7,left,1,48,48,0,0,,,,,230,,,,,,,,,,,,,,,,,,,,,,,,,,,,,,,,,,,
802.7121430830157,unswapping,,,,,,,,,,,,,,,,,,,,,,,,,,,,,,,,,,,,,,,,,16,4,7424,1054,390,98,7,right,0,49,49,0,0,,,,,230,,,,,,,,,,,,,,,,,,,,,,,,,,,,,,,,,,,
802.7526775000151,unswapping,,,,,,,,,,,,,,,,,,,,,,,,,,,,,,,,,,,,,,,,,16,4,7424,1054,390,98,7,right,1,48,48,0,0,,,,,230,,,,,,,,,,,,,,,,,,,,,,,,,,,,,,,,,,,
802.7899003330094,unswap_cycle_summary,,,,,,28,16,44,,,,,,,,,,,,,,,,,,,4096,0.002,,,,,,,,,,,,,16,4,7424,1054,390,98,,,,,,,,,,,,,,,,,,,,13,57.5964552089863,44,1984,1940,5,False,,,,,,,,,,,,,,,,,,,,,
813.8660015420173,rewiring,,,,,,,,,,,,,,,,,,,,,,,,,,,,,,,,,,,,,,,,,,,,,,,,,,,,,,,,,,,,,,,,,,13,,,,,,,left,post_unswap,11.074582542001735,20,2504,False,False,False,5,2,lookahead_total,8,False,1,123,"(601892, 601892, 256, 256, 1737, 20079, 2493)",2.485655833996134,8.588900582981296,"[{'seed': 123, 'score': (601892, 601892, 256, 256, 1737, 20079, 2493), 'num_layers': 2493, 'total_swaps': 20079, 'max_layer_swaps': 23, 'swap_only_layers': 1737, 'work_layers': 756, 'unitary_layers': 756, 'first_work_layer': 10, 'leading_no_work_layers': 10, 'lookahead_layers_scored': 8, 'lookahead_final_elems': 601892, 'lookahead_final_max_bond': 256, 'lookahead_peak_elems': 601892, 'lookahead_peak_max_bond': 256, 'lookahead_peak_bond_l2': 189526}, {'seed': 1132, 'score': (1097132, 1097132, 256, 256, 1753, 20263, 2536), 'num_layers': 2536, 'total_swaps': 20263, 'max_layer_swaps': 25, 'swap_only_layers': 1753, 'work_layers': 783, 'unitary_layers': 783, 'first_work_layer': 10, 'leading_no_work_layers': 10, 'lookahead_layers_scored': 8, 'lookahead_final_elems': 1097132, 'lookahead_final_max_bond': 256, 'lookahead_peak_elems': 1097132, 'lookahead_peak_max_bond': 256, 'lookahead_peak_bond_l2': 339970}]",11.074574208992999,20.316291333001573
823.1068610000075,rewiring,,,,,,,,,,,,,,,,,,,,,,,,,,,,,,,,,,,,,,,,,,,,,,,,,,,,,,,,,,,,,,,,,,13,,,,,,,right,post_unswap,9.24053675000323,20,2150,False,False,False,5,2,lookahead_total,8,False,1,1132,"(280664, 280664, 128, 128, 1369, 18404, 2140)",1.6726054179889616,7.567889291996835,"[{'seed': 123, 'score': (493368, 493368, 128, 128, 1622, 18725, 2400), 'num_layers': 2400, 'total_swaps': 18725, 'max_layer_swaps': 22, 'swap_only_layers': 1622, 'work_layers': 778, 'unitary_layers': 778, 'first_work_layer': 16, 'leading_no_work_layers': 16, 'lookahead_layers_scored': 8, 'lookahead_final_elems': 493368, 'lookahead_final_max_bond': 128, 'lookahead_peak_elems': 493368, 'lookahead_peak_max_bond': 128, 'lookahead_peak_bond_l2': 153076}, {'seed': 1132, 'score': (280664, 280664, 128, 128, 1369, 18404, 2140), 'num_layers': 2140, 'total_swaps': 18404, 'max_layer_swaps': 21, 'swap_only_layers': 1369, 'work_layers': 771, 'unitary_layers': 771, 'first_work_layer': 16, 'leading_no_work_layers': 16, 'lookahead_layers_scored': 8, 'lookahead_final_elems': 280664, 'lookahead_final_max_bond': 128, 'lookahead_peak_elems': 280664, 'lookahead_peak_max_bond': 128, 'lookahead_peak_bond_l2': 91492}]",9.240513500000816,20.316291333001573
823.1069384580187,cycle_progress,,,,,,28,16,44,,,,,,,,,,,,,,,,,,,4096,0.002,,7048,0,,,,,,,,,,16,4,7424,1054,390,98,,,,,,,,,,,,,,,,,,,,13,,44,1984,1940,5,False,,,,,,,,,,,,,,,,,,,,,20.316291333001573
823.2526789169933,absorbing,L,1,0,2493,2140,28,16,44,20,0,0,0.05165075001423247,0.049730375001672655,0.10138112501590513,0.1081505420152098,7424,9304,16,16,False,False,False,False,7424,16,False,4096,0.002,,7424,0,total_elems,7424,9304,1,1,,,,0.0,16,4,7424,1054,390,98,,,,,,,,,,,,,,,,,,,,,,,,,,,,,,,,,,,,,,,,,,,,,,,
823.3587023750006,absorbing,R,1,1,2493,2140,28,16,44,15,0,0,0.05233433298417367,0.04933841701131314,0.10167274999548681,0.10277941700769588,10640,9304,16,16,False,False,False,False,9304,16,False,4096,0.002,,7424,0,total_elems,10640,9304,1,1,,,,0.0,16,4,9304,1200,390,98,,,,,,,,,,,,,,,,,,,,,,,,,,,,,,,,,,,,,,,,,,,,,,,
823.465757041995,absorbing,L,2,1,2493,2140,28,16,44,23,0,0,0.052201291982783005,0.05034279098617844,0.10254408296896145,0.10374600000795908,12164,13912,16,16,False,False,False,False,12164,16,False,4096,0.002,,7424,0,total_elems,12164,13912,1,1,,,,0.0,16,4,12164,1358,390,98,,,,,,,,,,,,,,,,,,,,,,,,,,,,,,,,,,,,,,,,,,,,,,,
823.5734466669965,absorbing,R,2,2,2493,2140,28,16,44,13,0,0,0.05307699998957105,0.05028995900647715,0.1033669589960482,0.10442395799327642,22864,16440,32,16,False,False,False,False,16440,16,False,4096,0.002,,7424,0,total_elems,22864,16440,1,1,,,,0.0,16,4,16440,1498,390,98,,,,,,,,,,,,,,,,,,,,,,,,,,,,,,,,,,,,,,,,,,,,,,,
823.6880857500073,absorbing,R,2,3,2493,2140,28,16,44,13,0,0,0.05431833301554434,0.055686374980723485,0.11000470799626783,0.11116362499888055,28512,25152,32,32,False,False,False,False,25152,32,False,4096,0.002,,7424,0,total_elems,28512,25152,1,1,,,,0.0,32,4,25152,1694,390,98,,,,,,,,,,,,,,,,,,,,,,,,,,,,,,,,,,,,,,,,,,,,,,,
823.8205402080202,absorbing,L,3,3,2493,2140,28,16,44,19,0,0,0.06225099999574013,0.0656182499951683,0.12786924999090843,0.12909570799092762,37296,42900,32,64,False,False,False,False,37296,32,False,4096,0.002,,7424,0,total_elems,37296,42900,1,1,,,,0.0,32,4,37296,2048,390,98,,,,,,,,,,,,,,,,,,,,,,,,,,,,,,,,,,,,,,,,,,,,,,,
823.9638892500079,absorbing,R,3,4,2493,2140,28,16,44,17,0,0,0.06914966698968783,0.0693432499829214,0.13849291697260924,0.1396951659990009,64704,54376,64,32,False,False,False,False,54376,32,False,4096,0.002,,7424,0,total_elems,64704,54376,1,1,,,,0.0,32,4,54376,2352,390,98,,,,,,,,,,,,,,,,,,,,,,,,,,,,,,,,,,,,,,,,,,,,,,,
824.1182552500104,absorbing,R,3,5,2493,2140,28,16,44,16,0,0,0.07208899999386631,0.07752487499965355,0.14961387499351986,0.15073120800661854,90152,88904,64,64,False,False,False,False,88904,64,False,4096,0.002,,7424,0,total_elems,90152,88904,1,1,,,,0.0,64,4,88904,2768,390,98,,,,,,,,,,,,,,,,,,,,,,,,,,,,,,,,,,,,,,,,,,,,,,,
824.3197176670074,absorbing,L,4,5,2493,2140,28,16,44,15,0,0,0.09616499999538064,0.10022720799315721,0.19639220798853785,0.19799575000070035,135704,162728,64,128,False,False,False,False,135704,64,False,4096,0.002,,7424,0,total_elems,135704,162728,1,1,,,,0.0,64,4,135704,3304,390,98,,,,,,,,,,,,,,,,,,,,,,,,,,,,,,,,,,,,,,,,,,,,,,,
824.5828820420138,absorbing,R,4,6,2493,2140,28,16,44,13,0,0,0.13400141699821688,0.12405549999675713,0.258056916994974,0.25947495899163187,257144,234104,128,128,False,False,False,False,234104,128,False,4096,0.002,,7424,0,total_elems,257144,234104,1,1,,,,0.0,128,4,234104,3812,390,98,,,,,,,,,,,,,,,,,,,,,,,,,,,,,,,,,,,,,,,,,,,,,,,
825.0507570420159,absorbing,L,5,6,2493,2140,28,16,44,16,0,0,0.17723850000766106,0.2860835839819629,0.46332208398962393,0.4645284579892177,354584,471960,128,256,False,False,False,False,354584,128,False,4096,0.002,,7424,0,total_elems,354584,471960,1,1,,,,0.0,128,4,354584,4512,390,98,,,,,,,,,,,,,,,,,,,,,,,,,,,,,,,,,,,,,,,,,,,,,,,
825.7094681250164,absorbing,L,6,6,2493,2140,28,16,44,14,0,0,0.3168565420201048,0.33686425001360476,0.6537207920337096,0.6551434579887427,540632,611224,128,256,False,False,False,False,540632,128,False,4096,0.002,,7424,0,total_elems,540632,611224,1,1,,,,0.0,128,4,540632,5456,390,98,,,,,,,,,,,,,,,,,,,,,,,,,,,,,,,,,,,,,,,,,,,,,,,
827.077441750007,absorbing,R,6,7,2493,2140,28,16,44,12,0,0,0.8058425420022104,0.5532757909968495,1.35911833299906,1.3624380829860456,1064288,837400,256,256,False,False,True,False,837400,256,False,4096,0.002,,7424,0,total_elems,1064288,837400,1,1,,,,0.0,256,4,837400,6224,390,98,,,,,,,,,,,,,,,,,,,,,,,,,,,,,,,,,,,,,,,,,,,,,,,
839.7633439170022,unswapping,,,,,,,,,,,,,,,,,,,,,,,,,,,,,,,,,,,,,,,,,256,4,1142528,6694,390,98,0,both,0,49,49,9,9,,,,,0,,,,,,,,,,,,,,,,,,,,,,,,,,,,,,,,,,,
853.9974058330117,unswapping,,,,,,,,,,,,,,,,,,,,,,,,,,,,,,,,,,,,,,,,,256,4,742672,5426,390,98,0,both,1,48,48,15,24,,,,,0,,,,,,,,,,,,,,,,,,,,,,,,,,,,,,,,,,,
856.7858827500022,unswapping,,,,,,,,,,,,,,,,,,,,,,,,,,,,,,,,,,,,,,,,,128,4,281064,3798,390,98,0,left,0,49,49,19,43,,,,,38,,,,,,,,,,,,,,,,,,,,,,,,,,,,,,,,,,,
857.5085846669972,unswapping,,,,,,,,,,,,,,,,,,,,,,,,,,,,,,,,,,,,,,,,,64,4,159732,3048,390,98,0,left,1,48,48,21,64,,,,,80,,,,,,,,,,,,,,,,,,,,,,,,,,,,,,,,,,,
857.8136839170184,unswapping,,,,,,,,,,,,,,,,,,,,,,,,,,,,,,,,,,,,,,,,,64,4,154148,2968,390,98,0,right,0,49,49,4,68,,,,,88,,,,,,,,,,,,,,,,,,,,,,,,,,,,,,,,,,,
858.2626500420156,unswapping,,,,,,,,,,,,,,,,,,,,,,,,,,,,,,,,,,,,,,,,,64,4,129076,2776,390,98,0,right,1,48,48,8,76,,,,,102,,,,,,,,,,,,,,,,,,,,,,,,,,,,,,,,,,,
858.8921315830084,unswapping,,,,,,,,,,,,,,,,,,,,,,,,,,,,,,,,,,,,,,,,,64,4,56720,2150,390,98,1,both,0,49,49,16,16,,,,,120,,,,,,,,,,,,,,,,,,,,,,,,,,,,,,,,,,,
859.1628065000114,unswapping,,,,,,,,,,,,,,,,,,,,,,,,,,,,,,,,,,,,,,,,,32,4,28020,1712,390,98,1,both,1,48,48,13,29,,,,,150,,,,,,,,,,,,,,,,,,,,,,,,,,,,,,,,,,,
859.2809836670058,unswapping,,,,,,,,,,,,,,,,,,,,,,,,,,,,,,,,,,,,,,,,,32,4,23396,1588,390,98,1,left,0,49,49,7,36,,,,,164,,,,,,,,,,,,,,,,,,,,,,,,,,,,,,,,,,,
859.398873166996,unswapping,,,,,,,,,,,,,,,,,,,,,,,,,,,,,,,,,,,,,,,,,16,4,19268,1488,390,98,1,left,1,48,48,8,44,,,,,176,,,,,,,,,,,,,,,,,,,,,,,,,,,,,,,,,,,
859.5007964580145,unswapping,,,,,,,,,,,,,,,,,,,,,,,,,,,,,,,,,,,,,,,,,16,4,16740,1404,390,98,1,right,0,49,49,5,49,,,,,182,,,,,,,,,,,,,,,,,,,,,,,,,,,,,,,,,,,
859.6004207080114,unswapping,,,,,,,,,,,,,,,,,,,,,,,,,,,,,,,,,,,,,,,,,16,4,15748,1374,390,98,1,right,1,48,48,3,52,,,,,184,,,,,,,,,,,,,,,,,,,,,,,,,,,,,,,,,,,
859.791641082993,unswapping,,,,,,,,,,,,,,,,,,,,,,,,,,,,,,,,,,,,,,,,,16,4,12912,1296,390,98,2,both,0,49,49,7,7,,,,,200,,,,,,,,,,,,,,,,,,,,,,,,,,,,,,,,,,,
859.9730809580069,unswapping,,,,,,,,,,,,,,,,,,,,,,,,,,,,,,,,,,,,,,,,,16,4,11536,1244,390,98,2,both,1,48,48,7,14,,,,,206,,,,,,,,,,,,,,,,,,,,,,,,,,,,,,,,,,,
860.0695309170114,unswapping,,,,,,,,,,,,,,,,,,,,,,,,,,,,,,,,,,,,,,,,,16,4,10744,1224,390,98,2,left,0,49,49,2,16,,,,,208,,,,,,,,,,,,,,,,,,,,,,,,,,,,,,,,,,,
860.1492447500059,unswapping,,,,,,,,,,,,,,,,,,,,,,,,,,,,,,,,,,,,,,,,,16,4,10264,1200,390,98,2,left,1,48,48,2,18,,,,,210,,,,,,,,,,,,,,,,,,,,,,,,,,,,,,,,,,,
860.2406980000087,unswapping,,,,,,,,,,,,,,,,,,,,,,,,,,,,,,,,,,,,,,,,,16,4,10072,1192,390,98,2,right,0,49,49,1,19,,,,,208,,,,,,,,,,,,,,,,,,,,,,,,,,,,,,,,,,,
860.3328782079916,unswapping,,,,,,,,,,,,,,,,,,,,,,,,,,,,,,,,,,,,,,,,,16,4,9304,1176,390,98,2,right,1,48,48,1,20,,,,,208,,,,,,,,,,,,,,,,,,,,,,,,,,,,,,,,,,,
860.5080119580089,unswapping,,,,,,,,,,,,,,,,,,,,,,,,,,,,,,,,,,,,,,,,,16,4,7388,1106,390,98,3,both,0,49,49,9,9,,,,,224,,,,,,,,,,,,,,,,,,,,,,,,,,,,,,,,,,,
860.6767227500095,unswapping,,,,,,,,,,,,,,,,,,,,,,,,,,,,,,,,,,,,,,,,,16,4,6384,1052,390,98,3,both,1,48,48,7,16,,,,,236,,,,,,,,,,,,,,,,,,,,,,,,,,,,,,,,,,,
860.7533012499916,unswapping,,,,,,,,,,,,,,,,,,,,,,,,,,,,,,,,,,,,,,,,,16,4,6224,1044,390,98,3,left,0,49,49,1,17,,,,,236,,,,,,,,,,,,,,,,,,,,,,,,,,,,,,,,,,,
860.8290643749933,unswapping,,,,,,,,,,,,,,,,,,,,,,,,,,,,,,,,,,,,,,,,,16,4,6176,1040,390,98,3,left,1,48,48,1,18,,,,,236,,,,,,,,,,,,,,,,,,,,,,,,,,,,,,,,,,,
860.9024631250068,unswapping,,,,,,,,,,,,,,,,,,,,,,,,,,,,,,,,,,,,,,,,,16,4,6096,1036,390,98,3,right,0,49,49,1,19,,,,,238,,,,,,,,,,,,,,,,,,,,,,,,,,,,,,,,,,,
860.9753107080178,unswapping,,,,,,,,,,,,,,,,,,,,,,,,,,,,,,,,,,,,,,,,,16,4,5936,1028,390,98,3,right,1,48,48,1,20,,,,,238,,,,,,,,,,,,,,,,,,,,,,,,,,,,,,,,,,,
861.1404869580001,unswapping,,,,,,,,,,,,,,,,,,,,,,,,,,,,,,,,,,,,,,,,,16,4,5664,1006,390,98,4,both,0,49,49,4,4,,,,,246,,,,,,,,,,,,,,,,,,,,,,,,,,,,,,,,,,,
861.2869849170092,unswapping,,,,,,,,,,,,,,,,,,,,,,,,,,,,,,,,,,,,,,,,,16,4,5652,1004,390,98,4,both,1,48,48,1,5,,,,,248,,,,,,,,,,,,,,,,,,,,,,,,,,,,,,,,,,,
861.3280205000192,unswapping,,,,,,,,,,,,,,,,,,,,,,,,,,,,,,,,,,,,,,,,,16,4,5652,1004,390,98,4,left,0,49,49,0,5,,,,,248,,,,,,,,,,,,,,,,,,,,,,,,,,,,,,,,,,,
861.3687888749992,unswapping,,,,,,,,,,,,,,,,,,,,,,,,,,,,,,,,,,,,,,,,,16,4,5652,1004,390,98,4,left,1,48,48,0,5,,,,,248,,,,,,,,,,,,,,,,,,,,,,,,,,,,,,,,,,,
861.4090632919979,unswapping,,,,,,,,,,,,,,,,,,,,,,,,,,,,,,,,,,,,,,,,,16,4,5652,1004,390,98,4,right,0,49,49,0,5,,,,,248,,,,,,,,,,,,,,,,,,,,,,,,,,,,,,,,,,,
861.4822976670112,unswapping,,,,,,,,,,,,,,,,,,,,,,,,,,,,,,,,,,,,,,,,,16,4,5580,998,390,98,4,right,1,48,48,1,6,,,,,250,,,,,,,,,,,,,,,,,,,,,,,,,,,,,,,,,,,
861.6457640830195,unswapping,,,,,,,,,,,,,,,,,,,,,,,,,,,,,,,,,,,,,,,,,16,4,5516,990,390,98,5,both,0,49,49,3,3,,,,,252,,,,,,,,,,,,,,,,,,,,,,,,,,,,,,,,,,,
861.8078021669935,unswapping,,,,,,,,,,,,,,,,,,,,,,,,,,,,,,,,,,,,,,,,,16,4,5492,986,390,98,5,both,1,48,48,2,5,,,,,252,,,,,,,,,,,,,,,,,,,,,,,,,,,,,,,,,,,
861.8489951250085,unswapping,,,,,,,,,,,,,,,,,,,,,,,,,,,,,,,,,,,,,,,,,16,4,5492,986,390,98,5,left,0,49,49,0,5,,,,,252,,,,,,,,,,,,,,,,,,,,,,,,,,,,,,,,,,,
861.8894612500153,unswapping,,,,,,,,,,,,,,,,,,,,,,,,,,,,,,,,,,,,,,,,,16,4,5492,986,390,98,5,left,1,48,48,0,5,,,,,252,,,,,,,,,,,,,,,,,,,,,,,,,,,,,,,,,,,
861.9290715829993,unswapping,,,,,,,,,,,,,,,,,,,,,,,,,,,,,,,,,,,,,,,,,16,4,5492,986,390,98,5,right,0,49,49,0,5,,,,,252,,,,,,,,,,,,,,,,,,,,,,,,,,,,,,,,,,,
862.0023176670074,unswapping,,,,,,,,,,,,,,,,,,,,,,,,,,,,,,,,,,,,,,,,,16,4,5460,982,390,98,5,right,1,48,48,1,6,,,,,254,,,,,,,,,,,,,,,,,,,,,,,,,,,,,,,,,,,
862.0806660829985,unswapping,,,,,,,,,,,,,,,,,,,,,,,,,,,,,,,,,,,,,,,,,16,4,5460,982,390,98,6,both,0,49,49,0,0,,,,,254,,,,,,,,,,,,,,,,,,,,,,,,,,,,,,,,,,,
862.1579353749985,unswapping,,,,,,,,,,,,,,,,,,,,,,,,,,,,,,,,,,,,,,,,,16,4,5460,982,390,98,6,both,1,48,48,0,0,,,,,254,,,,,,,,,,,,,,,,,,,,,,,,,,,,,,,,,,,
862.1982124999922,unswapping,,,,,,,,,,,,,,,,,,,,,,,,,,,,,,,,,,,,,,,,,16,4,5460,982,390,98,6,left,0,49,49,0,0,,,,,254,,,,,,,,,,,,,,,,,,,,,,,,,,,,,,,,,,,
862.238005207997,unswapping,,,,,,,,,,,,,,,,,,,,,,,,,,,,,,,,,,,,,,,,,16,4,5460,982,390,98,6,left,1,48,48,0,0,,,,,254,,,,,,,,,,,,,,,,,,,,,,,,,,,,,,,,,,,
862.2775832500192,unswapping,,,,,,,,,,,,,,,,,,,,,,,,,,,,,,,,,,,,,,,,,16,4,5460,982,390,98,6,right,0,49,49,0,0,,,,,254,,,,,,,,,,,,,,,,,,,,,,,,,,,,,,,,,,,
862.317060292,unswapping,,,,,,,,,,,,,,,,,,,,,,,,,,,,,,,,,,,,,,,,,16,4,5460,982,390,98,6,right,1,48,48,0,0,,,,,254,,,,,,,,,,,,,,,,,,,,,,,,,,,,,,,,,,,
862.3552189579932,unswap_cycle_summary,,,,,,28,16,44,,,,,,,,,,,,,,,,,,,4096,0.002,,,,,,,,,,,,,16,4,5460,982,390,98,,,,,,,,,,,,,,,,,,,,14,33.326203165983316,44,1984,1940,0,False,,,,,,,,,,,,,,,,,,,,,
874.5781442919979,rewiring,,,,,,,,,,,,,,,,,,,,,,,,,,,,,,,,,,,,,,,,,,,,,,,,,,,,,,,,,,,,,,,,,,14,,,,,,,left,post_unswap,12.221816000004765,20,2489,False,False,False,0,2,lookahead_total,8,False,1,123,"(518324, 518324, 256, 256, 1464, 20279, 2232)",2.6587726659781765,9.563013749022502,"[{'seed': 123, 'score': (518324, 518324, 256, 256, 1464, 20279, 2232), 'num_layers': 2232, 'total_swaps': 20279, 'max_layer_swaps': 24, 'swap_only_layers': 1464, 'work_layers': 768, 'unitary_layers': 768, 'first_work_layer': 9, 'leading_no_work_layers': 9, 'lookahead_layers_scored': 8, 'lookahead_final_elems': 518324, 'lookahead_final_max_bond': 256, 'lookahead_peak_elems': 518324, 'lookahead_peak_max_bond': 256, 'lookahead_peak_bond_l2': 158683}, {'seed': 1132, 'score': (613724, 613724, 256, 256, 1717, 20429, 2502), 'num_layers': 2502, 'total_swaps': 20429, 'max_layer_swaps': 26, 'swap_only_layers': 1717, 'work_layers': 785, 'unitary_layers': 785, 'first_work_layer': 9, 'leading_no_work_layers': 9, 'lookahead_layers_scored': 8, 'lookahead_final_elems': 613724, 'lookahead_final_max_bond': 256, 'lookahead_peak_elems': 613724, 'lookahead_peak_max_bond': 256, 'lookahead_peak_bond_l2': 180772}]",12.221806166984607,20.963920250011142
883.3198261670186,rewiring,,,,,,,,,,,,,,,,,,,,,,,,,,,,,,,,,,,,,,,,,,,,,,,,,,,,,,,,,,,,,,,,,,14,,,,,,,right,post_unswap,8.741321416018764,20,2135,False,False,False,0,2,lookahead_total,8,False,1,1132,"(515184, 515184, 256, 256, 1576, 18570, 2333)",2.0961487499880604,6.6451177510025445,"[{'seed': 123, 'score': (707720, 707720, 256, 256, 1671, 18912, 2443), 'num_layers': 2443, 'total_swaps': 18912, 'max_layer_swaps': 22, 'swap_only_layers': 1671, 'work_layers': 772, 'unitary_layers': 772, 'first_work_layer': 10, 'leading_no_work_layers': 10, 'lookahead_layers_scored': 8, 'lookahead_final_elems': 707720, 'lookahead_final_max_bond': 256, 'lookahead_peak_elems': 707720, 'lookahead_peak_max_bond': 256, 'lookahead_peak_bond_l2': 249670}, {'seed': 1132, 'score': (515184, 515184, 256, 256, 1576, 18570, 2333), 'num_layers': 2333, 'total_swaps': 18570, 'max_layer_swaps': 21, 'swap_only_layers': 1576, 'work_layers': 757, 'unitary_layers': 757, 'first_work_layer': 11, 'leading_no_work_layers': 11, 'lookahead_layers_scored': 8, 'lookahead_final_elems': 515184, 'lookahead_final_max_bond': 256, 'lookahead_peak_elems': 515184, 'lookahead_peak_max_bond': 256, 'lookahead_peak_bond_l2': 173032}]",8.74128758299048,20.963920250011142
883.3199479579926,cycle_progress,,,,,,28,16,44,,,,,,,,,,,,,,,,,,,4096,0.002,,7424,0,,,,,,,,,,16,4,5460,982,390,98,,,,,,,,,,,,,,,,,,,,14,,44,1984,1940,0,False,,,,,,,,,,,,,,,,,,,,,20.963920250011142
883.470741541998,absorbing,L,1,0,2232,2333,28,16,44,22,0,0,0.052018500020494685,0.05005925000295974,0.10207775002345443,0.10958483401918784,5460,7704,16,16,False,False,False,False,5460,16,False,4096,0.002,,5460,1,total_elems,5460,7704,1,1,,,,0.0,16,4,5460,982,390,98,,,,,,,,,,,,,,,,,,,,,,,,,,,,,,,,,,,,,,,,,,,,,,,
883.5767862079956,absorbing,R,1,1,2232,2333,28,16,44,16,0,0,0.05255041699274443,0.04920779200620018,0.10175820899894461,0.10287512501236051,8468,7704,16,16,False,False,False,False,7704,16,False,4096,0.002,,5460,1,total_elems,8468,7704,1,1,,,,0.0,16,4,7704,1144,390,98,,,,,,,,,,,,,,,,,,,,,,,,,,,,,,,,,,,,,,,,,,,,,,,
883.6845965830144,absorbing,L,2,1,2232,2333,28,16,44,20,0,0,0.05264358301064931,0.05023500000243075,0.10287858301308006,0.10434399999212474,11924,13672,16,32,False,False,False,False,11924,16,False,4096,0.002,,5460,1,total_elems,11924,13672,1,1,,,,0.0,16,4,11924,1354,390,98,,,,,,,,,,,,,,,,,,,,,,,,,,,,,,,,,,,,,,,,,,,,,,,
883.7949875420018,absorbing,R,2,2,2232,2333,28,16,44,18,0,0,0.05397725000511855,0.05195129200001247,0.10592854200513102,0.10704437500680797,21512,21260,32,32,False,False,False,False,21260,32,False,4096,0.002,,5460,1,total_elems,21512,21260,1,1,,,,0.0,32,4,21260,1638,390,98,,,,,,,,,,,,,,,,,,,,,,,,,,,,,,,,,,,,,,,,,,,,,,,
883.9230440419924,absorbing,L,3,2,2232,2333,28,16,44,18,0,0,0.06328441700316034,0.060271791997365654,0.123556209000526,0.1247308749880176,34740,39300,32,32,False,False,False,False,34740,32,False,4096,0.002,,5460,1,total_elems,34740,39300,1,1,,,,0.0,32,4,34740,1980,390,98,,,,,,,,,,,,,,,,,,,,,,,,,,,,,,,,,,,,,,,,,,,,,,,
884.0641560420045,absorbing,L,4,2,2232,2333,28,16,44,16,0,0,0.06810245898668654,0.06843849999131635,0.1365409589780029,0.137790832988685,58412,67660,32,64,False,False,False,False,58412,32,False,4096,0.002,,5460,1,total_elems,58412,67660,1,1,,,,0.0,32,4,58412,2352,390,98,,,,,,,,,,,,,,,,,,,,,,,,,,,,,,,,,,,,,,,,,,,,,,,
884.2386707499973,absorbing,L,5,2,2232,2333,28,16,44,11,0,0,0.08176050000474788,0.08780508299241774,0.16956558299716562,0.17105870798695832,113484,117444,64,128,False,False,False,False,113484,64,False,4096,0.002,,5460,1,total_elems,113484,117444,1,1,,,,0.0,64,4,113484,2972,390,98,,,,,,,,,,,,,,,,,,,,,,,,,,,,,,,,,,,,,,,,,,,,,,,
887.0656022500189,absorbing,R,5,3,2232,2333,28,16,44,15,0,0,2.700841749989195,0.11707783298334107,2.817919582972536,2.8213977080013137,223736,195412,128,128,False,False,False,False,195412,128,False,4096,0.002,,5460,1,total_elems,223736,195412,1,1,,,,0.0,128,4,195412,3688,390,98,,,,,,,,,,,,,,,,,,,,,,,,,,,,,,,,,,,,,,,,,,,,,,,
887.4295520830201,absorbing,R,5,4,2232,2333,28,16,44,14,0,0,0.18916145799448714,0.16960683299112134,0.3587682909856085,0.3602732500003185,326048,297856,128,128,False,False,False,False,297856,128,False,4096,0.002,,5460,1,total_elems,326048,297856,1,1,,,,0.0,128,4,297856,4338,390,98,,,,,,,,,,,,,,,,,,,,,,,,,,,,,,,,,,,,,,,,,,,,,,,
887.9162633749947,absorbing,R,5,5,2232,2333,28,16,44,11,0,0,0.31352612501359545,0.16823358400142752,0.48175970901502296,0.48304458300117403,524604,388732,256,128,False,False,False,False,388732,128,False,4096,0.002,,5460,1,total_elems,524604,388732,1,1,,,,0.0,128,4,388732,4832,390,98,,,,,,,,,,,,,,,,,,,,,,,,,,,,,,,,,,,,,,,,,,,,,,,
888.6687220000022,absorbing,R,5,6,2232,2333,28,16,44,13,0,0,0.39482070799567737,0.35267900000326335,0.7474997079989407,0.7487534589890856,679004,598524,256,255,False,False,False,False,598524,255,False,4096,0.002,,5460,1,total_elems,679004,598524,1,1,,,,0.0,255,4,598524,5684,390,98,,,,,,,,,,,,,,,,,,,,,,,,,,,,,,,,,,,,,,,,,,,,,,,
890.0128941670118,absorbing,R,5,7,2232,2333,28,16,44,12,0,0,0.6890412080101669,0.6503224589978345,1.3393636670080014,1.3408981249958742,931068,785068,256,256,False,False,False,False,785068,256,False,4096,0.002,,5460,1,total_elems,931068,785068,1,1,,,,0.0,256,4,785068,6334,390,98,,,,,,,,,,,,,,,,,,,,,,,,,,,,,,,,,,,,,,,,,,,,,,,
892.3213233330171,absorbing,R,5,8,2232,2333,28,16,44,13,0,0,1.1986864159989636,1.1044117090059444,2.303098125004908,2.3047897499927785,1229676,934668,256,256,False,False,True,False,934668,256,False,4096,0.002,,5460,1,total_elems,1229676,934668,1,1,,,,0.0,256,4,934668,6796,390,98,,,,,,,,,,,,,,,,,,,,,,,,,,,,,,,,,,,,,,,,,,,,,,,
910.1796090000134,unswapping,,,,,,,,,,,,,,,,,,,,,,,,,,,,,,,,,,,,,,,,,256,4,1177164,6898,390,98,0,both,0,49,49,8,8,,,,,0,,,,,,,,,,,,,,,,,,,,,,,,,,,,,,,,,,,
925.8511112080014,unswapping,,,,,,,,,,,,,,,,,,,,,,,,,,,,,,,,,,,,,,,,,256,4,826444,5514,390,98,0,both,1,48,48,14,22,,,,,0,,,,,,,,,,,,,,,,,,,,,,,,,,,,,,,,,,,
929.2130104580137,unswapping,,,,,,,,,,,,,,,,,,,,,,,,,,,,,,,,,,,,,,,,,128,4,435244,4112,390,98,0,left,0,49,49,23,45,,,,,46,,,,,,,,,,,,,,,,,,,,,,,,,,,,,,,,,,,
931.2866564170108,unswapping,,,,,,,,,,,,,,,,,,,,,,,,,,,,,,,,,,,,,,,,,128,4,216104,3160,390,98,0,left,1,48,48,22,67,,,,,90,,,,,,,,,,,,,,,,,,,,,,,,,,,,,,,,,,,
931.8498352919996,unswapping,,,,,,,,,,,,,,,,,,,,,,,,,,,,,,,,,,,,,,,,,64,4,112648,2544,390,98,0,right,0,49,49,14,81,,,,,102,,,,,,,,,,,,,,,,,,,,,,,,,,,,,,,,,,,
932.1372305830009,unswapping,,,,,,,,,,,,,,,,,,,,,,,,,,,,,,,,,,,,,,,,,64,4,75752,2200,390,98,0,right,1,48,48,10,91,,,,,118,,,,,,,,,,,,,,,,,,,,,,,,,,,,,,,,,,,
932.4898434170173,unswapping,,,,,,,,,,,,,,,,,,,,,,,,,,,,,,,,,,,,,,,,,64,4,31176,1736,390,98,1,both,0,49,49,18,18,,,,,152,,,,,,,,,,,,,,,,,,,,,,,,,,,,,,,,,,,
932.704123500007,unswapping,,,,,,,,,,,,,,,,,,,,,,,,,,,,,,,,,,,,,,,,,32,4,20492,1506,390,98,1,both,1,48,48,12,30,,,,,180,,,,,,,,,,,,,,,,,,,,,,,,,,,,,,,,,,,
932.817433624994,unswapping,,,,,,,,,,,,,,,,,,,,,,,,,,,,,,,,,,,,,,,,,32,4,16748,1418,390,98,1,left,0,49,49,6,36,,,,,188,,,,,,,,,,,,,,,,,,,,,,,,,,,,,,,,,,,
932.9249200000195,unswapping,,,,,,,,,,,,,,,,,,,,,,,,,,,,,,,,,,,,,,,,,16,4,12588,1314,390,98,1,left,1,48,48,6,42,,,,,196,,,,,,,,,,,,,,,,,,,,,,,,,,,,,,,,,,,
933.0246554170153,unswapping,,,,,,,,,,,,,,,,,,,,,,,,,,,,,,,,,,,,,,,,,16,4,10548,1236,390,98,1,right,0,49,49,8,50,,,,,200,,,,,,,,,,,,,,,,,,,,,,,,,,,,,,,,,,,
933.102938875003,unswapping,,,,,,,,,,,,,,,,,,,,,,,,,,,,,,,,,,,,,,,,,16,4,10356,1228,390,98,1,right,1,48,48,1,51,,,,,202,,,,,,,,,,,,,,,,,,,,,,,,,,,,,,,,,,,
933.2794759579992,unswapping,,,,,,,,,,,,,,,,,,,,,,,,,,,,,,,,,,,,,,,,,16,4,9708,1188,390,98,2,both,0,49,49,7,7,,,,,210,,,,,,,,,,,,,,,,,,,,,,,,,,,,,,,,,,,
933.4539663750038,unswapping,,,,,,,,,,,,,,,,,,,,,,,,,,,,,,,,,,,,,,,,,16,4,9224,1162,390,98,2,both,1,48,48,5,12,,,,,216,,,,,,,,,,,,,,,,,,,,,,,,,,,,,,,,,,,
933.5489797079936,unswapping,,,,,,,,,,,,,,,,,,,,,,,,,,,,,,,,,,,,,,,,,16,4,9160,1158,390,98,2,left,0,49,49,1,13,,,,,216,,,,,,,,,,,,,,,,,,,,,,,,,,,,,,,,,,,
933.6456826250069,unswapping,,,,,,,,,,,,,,,,,,,,,,,,,,,,,,,,,,,,,,,,,16,4,8804,1136,390,98,2,left,1,48,48,3,16,,,,,222,,,,,,,,,,,,,,,,,,,,,,,,,,,,,,,,,,,
933.7380499580177,unswapping,,,,,,,,,,,,,,,,,,,,,,,,,,,,,,,,,,,,,,,,,16,4,8516,1120,390,98,2,right,0,49,49,2,18,,,,,226,,,,,,,,,,,,,,,,,,,,,,,,,,,,,,,,,,,
933.7796372919984,unswapping,,,,,,,,,,,,,,,,,,,,,,,,,,,,,,,,,,,,,,,,,16,4,8516,1120,390,98,2,right,1,48,48,0,18,,,,,226,,,,,,,,,,,,,,,,,,,,,,,,,,,,,,,,,,,
933.9486597079958,unswapping,,,,,,,,,,,,,,,,,,,,,,,,,,,,,,,,,,,,,,,,,16,4,8468,1116,390,98,3,both,0,49,49,1,1,,,,,230,,,,,,,,,,,,,,,,,,,,,,,,,,,,,,,,,,,
934.0318014580116,unswapping,,,,,,,,,,,,,,,,,,,,,,,,,,,,,,,,,,,,,,,,,16,4,8468,1116,390,98,3,both,1,48,48,0,1,,,,,230,,,,,,,,,,,,,,,,,,,,,,,,,,,,,,,,,,,
934.1105293330038,unswapping,,,,,,,,,,,,,,,,,,,,,,,,,,,,,,,,,,,,,,,,,16,4,8420,1112,390,98,3,left,0,49,49,1,2,,,,,230,,,,,,,,,,,,,,,,,,,,,,,,,,,,,,,,,,,
934.1536400000041,unswapping,,,,,,,,,,,,,,,,,,,,,,,,,,,,,,,,,,,,,,,,,16,4,8420,1112,390,98,3,left,1,48,48,0,2,,,,,230,,,,,,,,,,,,,,,,,,,,,,,,,,,,,,,,,,,
934.1957017919922,unswapping,,,,,,,,,,,,,,,,,,,,,,,,,,,,,,,,,,,,,,,,,16,4,8420,1112,390,98,3,right,0,49,49,0,2,,,,,230,,,,,,,,,,,,,,,,,,,,,,,,,,,,,,,,,,,
934.2873597500147,unswapping,,,,,,,,,,,,,,,,,,,,,,,,,,,,,,,,,,,,,,,,,16,4,8372,1106,390,98,3,right,1,48,48,1,3,,,,,232,,,,,,,,,,,,,,,,,,,,,,,,,,,,,,,,,,,
934.4401129579928,unswapping,,,,,,,,,,,,,,,,,,,,,,,,,,,,,,,,,,,,,,,,,16,4,8360,1104,390,98,4,both,0,49,49,1,1,,,,,230,,,,,,,,,,,,,,,,,,,,,,,,,,,,,,,,,,,
934.6096688329999,unswapping,,,,,,,,,,,,,,,,,,,,,,,,,,,,,,,,,,,,,,,,,16,4,8300,1098,390,98,4,both,1,48,48,2,3,,,,,230,,,,,,,,,,,,,,,,,,,,,,,,,,,,,,,,,,,
934.6883311670099,unswapping,,,,,,,,,,,,,,,,,,,,,,,,,,,,,,,,,,,,,,,,,16,4,8252,1094,390,98,4,left,0,49,49,1,4,,,,,232,,,,,,,,,,,,,,,,,,,,,,,,,,,,,,,,,,,
934.7314820000029,unswapping,,,,,,,,,,,,,,,,,,,,,,,,,,,,,,,,,,,,,,,,,16,4,8252,1094,390,98,4,left,1,48,48,0,4,,,,,232,,,,,,,,,,,,,,,,,,,,,,,,,,,,,,,,,,,
934.7729722080112,unswapping,,,,,,,,,,,,,,,,,,,,,,,,,,,,,,,,,,,,,,,,,16,4,8252,1094,390,98,4,right,0,49,49,0,4,,,,,232,,,,,,,,,,,,,,,,,,,,,,,,,,,,,,,,,,,
934.8143917499983,unswapping,,,,,,,,,,,,,,,,,,,,,,,,,,,,,,,,,,,,,,,,,16,4,8252,1094,390,98,4,right,1,48,48,0,4,,,,,232,,,,,,,,,,,,,,,,,,,,,,,,,,,,,,,,,,,
934.8976732919982,unswapping,,,,,,,,,,,,,,,,,,,,,,,,,,,,,,,,,,,,,,,,,16,4,8252,1094,390,98,5,both,0,49,49,0,0,,,,,232,,,,,,,,,,,,,,,,,,,,,,,,,,,,,,,,,,,
934.9806843330152,unswapping,,,,,,,,,,,,,,,,,,,,,,,,,,,,,,,,,,,,,,,,,16,4,8252,1094,390,98,5,both,1,48,48,0,0,,,,,232,,,,,,,,,,,,,,,,,,,,,,,,,,,,,,,,,,,
935.0240174579958,unswapping,,,,,,,,,,,,,,,,,,,,,,,,,,,,,,,,,,,,,,,,,16,4,8252,1094,390,98,5,left,0,49,49,0,0,,,,,232,,,,,,,,,,,,,,,,,,,,,,,,,,,,,,,,,,,
935.0670916250092,unswapping,,,,,,,,,,,,,,,,,,,,,,,,,,,,,,,,,,,,,,,,,16,4,8252,1094,390,98,5,left,1,48,48,0,0,,,,,232,,,,,,,,,,,,,,,,,,,,,,,,,,,,,,,,,,,
935.1084989999945,unswapping,,,,,,,,,,,,,,,,,,,,,,,,,,,,,,,,,,,,,,,,,16,4,8252,1094,390,98,5,right,0,49,49,0,0,,,,,232,,,,,,,,,,,,,,,,,,,,,,,,,,,,,,,,,,,
935.1500016670034,unswapping,,,,,,,,,,,,,,,,,,,,,,,,,,,,,,,,,,,,,,,,,16,4,8252,1094,390,98,5,right,1,48,48,0,0,,,,,232,,,,,,,,,,,,,,,,,,,,,,,,,,,,,,,,,,,
935.1918826670153,unswap_cycle_summary,,,,,,28,16,44,,,,,,,,,,,,,,,,,,,4096,0.002,,,,,,,,,,,,,16,4,8252,1094,390,98,,,,,,,,,,,,,,,,,,,,15,40.3201110829832,44,1984,1940,0,False,,,,,,,,,,,,,,,,,,,,,
947.9166012080095,rewiring,,,,,,,,,,,,,,,,,,,,,,,,,,,,,,,,,,,,,,,,,,,,,,,,,,,,,,,,,,,,,,,,,,15,,,,,,,left,post_unswap,12.723683500022162,20,2229,False,False,False,0,2,lookahead_total,8,False,1,1132,"(1640728, 1640728, 511, 511, 1807, 20603, 2600)",4.981835292011965,7.741807499987772,"[{'seed': 123, 'score': (1655760, 1655760, 511, 511, 1703, 20489, 2483), 'num_layers': 2483, 'total_swaps': 20489, 'max_layer_swaps': 22, 'swap_only_layers': 1703, 'work_layers': 780, 'unitary_layers': 780, 'first_work_layer': 7, 'leading_no_work_layers': 7, 'lookahead_layers_scored': 8, 'lookahead_final_elems': 1655760, 'lookahead_final_max_bond': 511, 'lookahead_peak_elems': 1655760, 'lookahead_peak_max_bond': 511, 'lookahead_peak_bond_l2': 555973}, {'seed': 1132, 'score': (1640728, 1640728, 511, 511, 1807, 20603, 2600), 'num_layers': 2600, 'total_swaps': 20603, 'max_layer_swaps': 19, 'swap_only_layers': 1807, 'work_layers': 793, 'unitary_layers': 793, 'first_work_layer': 11, 'leading_no_work_layers': 11, 'lookahead_layers_scored': 8, 'lookahead_final_elems': 1640728, 'lookahead_final_max_bond': 511, 'lookahead_peak_elems': 1640728, 'lookahead_peak_max_bond': 511, 'lookahead_peak_bond_l2': 544795}]",12.723660832998576,21.512200833007228
956.7047620420053,rewiring,,,,,,,,,,,,,,,,,,,,,,,,,,,,,,,,,,,,,,,,,,,,,,,,,,,,,,,,,,,,,,,,,,15,,,,,,,right,post_unswap,8.78779304100317,20,2327,False,False,False,0,2,lookahead_total,8,False,1,123,"(247752, 247752, 256, 256, 1329, 18127, 2108)",1.342283751029754,7.445457665977301,"[{'seed': 123, 'score': (247752, 247752, 256, 256, 1329, 18127, 2108), 'num_layers': 2108, 'total_swaps': 18127, 'max_layer_swaps': 24, 'swap_only_layers': 1329, 'work_layers': 779, 'unitary_layers': 779, 'first_work_layer': 8, 'leading_no_work_layers': 8, 'lookahead_layers_scored': 8, 'lookahead_final_elems': 247752, 'lookahead_final_max_bond': 256, 'lookahead_peak_elems': 247752, 'lookahead_peak_max_bond': 256, 'lookahead_peak_bond_l2': 107257}, {'seed': 1132, 'score': (545944, 545944, 256, 256, 1326, 18108, 2114), 'num_layers': 2114, 'total_swaps': 18108, 'max_layer_swaps': 21, 'swap_only_layers': 1326, 'work_layers': 788, 'unitary_layers': 788, 'first_work_layer': 9, 'leading_no_work_layers': 9, 'lookahead_layers_scored': 8, 'lookahead_final_elems': 545944, 'lookahead_final_max_bond': 256, 'lookahead_peak_elems': 545944, 'lookahead_peak_max_bond': 256, 'lookahead_peak_bond_l2': 235078}]",8.787776208977448,21.512200833007228
956.7048656670086,cycle_progress,,,,,,28,16,44,,,,,,,,,,,,,,,,,,,4096,0.002,,5460,1,,,,,,,,,,16,4,8252,1094,390,98,,,,,,,,,,,,,,,,,,,,15,,44,1984,1940,0,False,,,,,,,,,,,,,,,,,,,,,21.512200833007228
956.8579715829983,absorbing,L,1,0,2600,2108,28,16,44,18,0,0,0.05266095799743198,0.05063608300406486,0.10329704100149684,0.11083995801163837,8252,11964,16,16,False,False,False,False,8252,16,False,4096,0.002,,8252,2,total_elems,8252,11964,1,1,,,,0.0,16,4,8252,1094,390,98,,,,,,,,,,,,,,,,,,,,,,,,,,,,,,,,,,,,,,,,,,,,,,,
956.9658726250054,absorbing,L,2,0,2600,2108,28,16,44,18,0,0,0.05292024998925626,0.05037904100026935,0.10329929098952562,0.10456237499602139,9868,11964,16,16,False,False,False,False,9868,16,False,4096,0.002,,8252,2,total_elems,9868,11964,1,1,,,,0.0,16,4,9868,1248,390,98,,,,,,,,,,,,,,,,,,,,,,,,,,,,,,,,,,,,,,,,,,,,,,,
957.0740831670118,absorbing,L,3,0,2600,2108,28,16,44,19,0,0,0.053225083014694974,0.05063020798843354,0.10385529100312851,0.10500704200239852,14836,15128,16,16,False,False,False,False,14836,16,False,4096,0.002,,8252,2,total_elems,14836,15128,1,1,,,,0.0,16,4,14836,1444,390,98,,,,,,,,,,,,,,,,,,,,,,,,,,,,,,,,,,,,,,,,,,,,,,,
957.1852508330194,absorbing,R,3,1,2600,2108,28,16,44,20,0,0,0.05528274999232963,0.051325916982023045,0.10660866697435267,0.10799891699571162,30312,20288,32,32,False,False,False,False,20288,32,False,4096,0.002,,8252,2,total_elems,30312,20288,1,1,,,,0.0,32,4,20288,1640,390,98,,,,,,,,,,,,,,,,,,,,,,,,,,,,,,,,,,,,,,,,,,,,,,,
957.2988316669944,absorbing,R,3,2,2600,2108,28,16,44,13,0,0,0.05626254100934602,0.05274141699192114,0.10900395800126716,0.11030687499442138,36244,31864,32,32,False,False,False,False,31864,32,False,4096,0.002,,8252,2,total_elems,36244,31864,1,1,,,,0.0,32,4,31864,1896,390,98,,,,,,,,,,,,,,,,,,,,,,,,,,,,,,,,,,,,,,,,,,,,,,,
957.4233870420139,absorbing,R,3,3,2600,2108,28,16,44,13,0,0,0.06314875002135523,0.05670891600311734,0.11985766602447256,0.12122254201676697,48672,45224,32,32,False,False,False,False,45224,32,False,4096,0.002,,8252,2,total_elems,48672,45224,1,1,,,,0.0,32,4,45224,2156,390,98,,,,,,,,,,,,,,,,,,,,,,,,,,,,,,,,,,,,,,,,,,,,,,,
957.5620480420184,absorbing,R,3,4,2600,2108,28,16,44,12,0,0,0.07565654200152494,0.05833483301103115,0.1339913750125561,0.1352455000160262,64168,61208,32,32,False,False,False,False,61208,32,False,4096,0.002,,8252,2,total_elems,64168,61208,1,1,,,,0.0,32,4,61208,2424,390,98,,,,,,,,,,,,,,,,,,,,,,,,,,,,,,,,,,,,,,,,,,,,,,,
957.7101290830178,absorbing,R,3,5,2600,2108,28,16,44,13,0,0,0.08105533302295953,0.06246370798908174,0.14351904101204127,0.14470554099534638,87128,75304,32,32,False,False,False,False,75304,32,False,4096,0.002,,8252,2,total_elems,87128,75304,1,1,,,,0.0,32,4,75304,2708,390,98,,,,,,,,,,,,,,,,,,,,,,,,,,,,,,,,,,,,,,,,,,,,,,,
957.8711962499947,absorbing,R,3,6,2600,2108,28,16,44,11,0,0,0.09025345800910145,0.06623445800505579,0.15648791601415724,0.15775870802463032,119528,113096,64,64,False,False,False,False,113096,64,False,4096,0.002,,8252,2,total_elems,119528,113096,1,1,,,,0.0,64,4,113096,3176,390,98,,,,,,,,,,,,,,,,,,,,,,,,,,,,,,,,,,,,,,,,,,,,,,,
958.1196490830043,absorbing,R,3,7,2600,2108,28,16,44,11,0,0,0.12916066599427722,0.11442054199869744,0.24358120799297467,0.2449175420042593,206536,190532,128,128,False,False,False,False,190532,128,False,4096,0.002,,8252,2,total_elems,206536,190532,1,1,,,,0.0,128,4,190532,3606,390,98,,,,,,,,,,,,,,,,,,,,,,,,,,,,,,,,,,,,,,,,,,,,,,,
958.5470093330077,absorbing,R,3,8,2600,2108,28,16,44,11,0,0,0.24293979100184515,0.1787571670138277,0.42169695801567286,0.42349545800243504,384452,315812,256,256,False,False,False,False,315812,256,False,4096,0.002,,8252,2,total_elems,384452,315812,1,1,,,,0.0,256,4,315812,4252,390,98,,,,,,,,,,,,,,,,,,,,,,,,,,,,,,,,,,,,,,,,,,,,,,,
959.3784053749987,absorbing,R,3,9,2600,2108,28,17,45,12,1,1,0.44638329098233953,0.3801008340087719,0.8264841249911115,0.8277671250107232,662116,603684,256,256,False,False,False,False,603684,256,False,4096,0.002,,8252,2,total_elems,662116,603684,1,1,,,,0.0,256,4,603684,5108,390,98,,,,,,,,,,,,,,,,,,,,,,,,,,,,,,,,,,,,,,,,,,,,,,,
961.3127110830101,absorbing,R,3,10,2600,2108,28,17,45,13,0,1,0.6658618340152316,1.2589724159915932,1.9248342500068247,1.9266765420034062,962852,908512,256,256,False,False,False,False,908512,256,False,4096,0.002,,8252,2,total_elems,962852,908512,1,1,,,,0.0,256,4,908512,5978,390,98,,,,,,,,,,,,,,,,,,,,,,,,,,,,,,,,,,,,,,,,,,,,,,,
978.7722227920021,unswapping,,,,,,,,,,,,,,,,,,,,,,,,,,,,,,,,,,,,,,,,,256,4,1187364,6608,390,98,0,both,0,49,49,9,9,,,,,0,,,,,,,,,,,,,,,,,,,,,,,,,,,,,,,,,,,
992.514643958013,unswapping,,,,,,,,,,,,,,,,,,,,,,,,,,,,,,,,,,,,,,,,,256,4,908388,5368,390,98,0,both,1,48,48,16,25,,,,,0,,,,,,,,,,,,,,,,,,,,,,,,,,,,,,,,,,,
996.954019124998,unswapping,,,,,,,,,,,,,,,,,,,,,,,,,,,,,,,,,,,,,,,,,256,4,594292,4344,390,98,0,left,0,49,49,18,43,,,,,36,,,,,,,,,,,,,,,,,,,,,,,,,,,,,,,,,,,
1000.5050784170162,unswapping,,,,,,,,,,,,,,,,,,,,,,,,,,,,,,,,,,,,,,,,,256,4,314532,3548,390,98,0,left,1,48,48,15,58,,,,,66,,,,,,,,,,,,,,,,,,,,,,,,,,,,,,,,,,,
1001.316353458009,unswapping,,,,,,,,,,,,,,,,,,,,,,,,,,,,,,,,,,,,,,,,,128,4,195576,3034,390,98,0,right,0,49,49,12,70,,,,,86,,,,,,,,,,,,,,,,,,,,,,,,,,,,,,,,,,,
1002.0596677499998,unswapping,,,,,,,,,,,,,,,,,,,,,,,,,,,,,,,,,,,,,,,,,128,4,89224,2582,390,98,0,right,1,48,48,10,80,,,,,106,,,,,,,,,,,,,,,,,,,,,,,,,,,,,,,,,,,
1002.3984697920096,unswapping,,,,,,,,,,,,,,,,,,,,,,,,,,,,,,,,,,,,,,,,,64,4,51628,2148,390,98,1,both,0,49,49,13,13,,,,,122,,,,,,,,,,,,,,,,,,,,,,,,,,,,,,,,,,,
1002.6638891250186,unswapping,,,,,,,,,,,,,,,,,,,,,,,,,,,,,,,,,,,,,,,,,64,4,39856,1970,390,98,1,both,1,48,48,9,22,,,,,148,,,,,,,,,,,,,,,,,,,,,,,,,,,,,,,,,,,
1002.7908112920122,unswapping,,,,,,,,,,,,,,,,,,,,,,,,,,,,,,,,,,,,,,,,,32,4,31536,1816,390,98,1,left,0,49,49,5,27,,,,,156,,,,,,,,,,,,,,,,,,,,,,,,,,,,,,,,,,,
1002.911348166992,unswapping,,,,,,,,,,,,,,,,,,,,,,,,,,,,,,,,,,,,,,,,,32,4,28400,1708,390,98,1,left,1,48,48,8,35,,,,,170,,,,,,,,,,,,,,,,,,,,,,,,,,,,,,,,,,,
1003.0216295419959,unswapping,,,,,,,,,,,,,,,,,,,,,,,,,,,,,,,,,,,,,,,,,32,4,27284,1662,390,98,1,right,0,49,49,4,39,,,,,176,,,,,,,,,,,,,,,,,,,,,,,,,,,,,,,,,,,
1003.131637582992,unswapping,,,,,,,,,,,,,,,,,,,,,,,,,,,,,,,,,,,,,,,,,32,4,26072,1632,390,98,1,right,1,48,48,2,41,,,,,180,,,,,,,,,,,,,,,,,,,,,,,,,,,,,,,,,,,
1003.3413261669921,unswapping,,,,,,,,,,,,,,,,,,,,,,,,,,,,,,,,,,,,,,,,,32,4,23392,1544,390,98,2,both,0,49,49,9,9,,,,,194,,,,,,,,,,,,,,,,,,,,,,,,,,,,,,,,,,,
1003.544982499996,unswapping,,,,,,,,,,,,,,,,,,,,,,,,,,,,,,,,,,,,,,,,,32,4,21880,1488,390,98,2,both,1,48,48,6,15,,,,,200,,,,,,,,,,,,,,,,,,,,,,,,,,,,,,,,,,,
1003.653147917008,unswapping,,,,,,,,,,,,,,,,,,,,,,,,,,,,,,,,,,,,,,,,,32,4,21184,1456,390,98,2,left,0,49,49,3,18,,,,,206,,,,,,,,,,,,,,,,,,,,,,,,,,,,,,,,,,,
1003.7631265830132,unswapping,,,,,,,,,,,,,,,,,,,,,,,,,,,,,,,,,,,,,,,,,32,4,20624,1436,390,98,2,left,1,48,48,2,20,,,,,208,,,,,,,,,,,,,,,,,,,,,,,,,,,,,,,,,,,
1003.8671307500044,unswapping,,,,,,,,,,,,,,,,,,,,,,,,,,,,,,,,,,,,,,,,,32,4,20440,1420,390,98,2,right,0,49,49,2,22,,,,,210,,,,,,,,,,,,,,,,,,,,,,,,,,,,,,,,,,,
1003.971207458002,unswapping,,,,,,,,,,,,,,,,,,,,,,,,,,,,,,,,,,,,,,,,,32,4,19592,1396,390,98,2,right,1,48,48,3,25,,,,,210,,,,,,,,,,,,,,,,,,,,,,,,,,,,,,,,,,,
1004.1653460829984,unswapping,,,,,,,,,,,,,,,,,,,,,,,,,,,,,,,,,,,,,,,,,32,4,18688,1364,390,98,3,both,0,49,49,5,5,,,,,216,,,,,,,,,,,,,,,,,,,,,,,,,,,,,,,,,,,
1004.359452167002,unswapping,,,,,,,,,,,,,,,,,,,,,,,,,,,,,,,,,,,,,,,,,32,4,18532,1350,390,98,3,both,1,48,48,3,8,,,,,220,,,,,,,,,,,,,,,,,,,,,,,,,,,,,,,,,,,
1004.410277292016,unswapping,,,,,,,,,,,,,,,,,,,,,,,,,,,,,,,,,,,,,,,,,32,4,18532,1350,390,98,3,left,0,49,49,0,8,,,,,220,,,,,,,,,,,,,,,,,,,,,,,,,,,,,,,,,,,
1004.5155967500177,unswapping,,,,,,,,,,,,,,,,,,,,,,,,,,,,,,,,,,,,,,,,,32,4,17716,1330,390,98,3,left,1,48,48,2,10,,,,,222,,,,,,,,,,,,,,,,,,,,,,,,,,,,,,,,,,,
1004.5989497920091,unswapping,,,,,,,,,,,,,,,,,,,,,,,,,,,,,,,,,,,,,,,,,32,4,17668,1326,390,98,3,right,0,49,49,1,11,,,,,222,,,,,,,,,,,,,,,,,,,,,,,,,,,,,,,,,,,
1004.6475319580059,unswapping,,,,,,,,,,,,,,,,,,,,,,,,,,,,,,,,,,,,,,,,,32,4,17668,1326,390,98,3,right,1,48,48,0,11,,,,,222,,,,,,,,,,,,,,,,,,,,,,,,,,,,,,,,,,,
1004.8164928329934,unswapping,,,,,,,,,,,,,,,,,,,,,,,,,,,,,,,,,,,,,,,,,32,4,17620,1322,390,98,4,both,0,49,49,1,1,,,,,224,,,,,,,,,,,,,,,,,,,,,,,,,,,,,,,,,,,
1004.9206396249938,unswapping,,,,,,,,,,,,,,,,,,,,,,,,,,,,,,,,,,,,,,,,,32,4,17620,1322,390,98,4,both,1,48,48,0,1,,,,,224,,,,,,,,,,,,,,,,,,,,,,,,,,,,,,,,,,,
1004.9701166670129,unswapping,,,,,,,,,,,,,,,,,,,,,,,,,,,,,,,,,,,,,,,,,32,4,17620,1322,390,98,4,left,0,49,49,0,1,,,,,224,,,,,,,,,,,,,,,,,,,,,,,,,,,,,,,,,,,
1005.0204028750013,unswapping,,,,,,,,,,,,,,,,,,,,,,,,,,,,,,,,,,,,,,,,,32,4,17620,1322,390,98,4,left,1,48,48,0,1,,,,,224,,,,,,,,,,,,,,,,,,,,,,,,,,,,,,,,,,,
1005.0685090000043,unswapping,,,,,,,,,,,,,,,,,,,,,,,,,,,,,,,,,,,,,,,,,32,4,17620,1322,390,98,4,right,0,49,49,0,1,,,,,224,,,,,,,,,,,,,,,,,,,,,,,,,,,,,,,,,,,
1005.1168095419998,unswapping,,,,,,,,,,,,,,,,,,,,,,,,,,,,,,,,,,,,,,,,,32,4,17620,1322,390,98,4,right,1,48,48,0,1,,,,,224,,,,,,,,,,,,,,,,,,,,,,,,,,,,,,,,,,,
1005.2128976669919,unswapping,,,,,,,,,,,,,,,,,,,,,,,,,,,,,,,,,,,,,,,,,32,4,17620,1322,390,98,5,both,0,49,49,0,0,,,,,224,,,,,,,,,,,,,,,,,,,,,,,,,,,,,,,,,,,
1005.316674917005,unswapping,,,,,,,,,,,,,,,,,,,,,,,,,,,,,,,,,,,,,,,,,32,4,17620,1322,390,98,5,both,1,48,48,0,0,,,,,224,,,,,,,,,,,,,,,,,,,,,,,,,,,,,,,,,,,
1005.3660827499989,unswapping,,,,,,,,,,,,,,,,,,,,,,,,,,,,,,,,,,,,,,,,,32,4,17620,1322,390,98,5,left,0,49,49,0,0,,,,,224,,,,,,,,,,,,,,,,,,,,,,,,,,,,,,,,,,,
1005.4164181250089,unswapping,,,,,,,,,,,,,,,,,,,,,,,,,,,,,,,,,,,,,,,,,32,4,17620,1322,390,98,5,left,1,48,48,0,0,,,,,224,,,,,,,,,,,,,,,,,,,,,,,,,,,,,,,,,,,
1005.4646084580163,unswapping,,,,,,,,,,,,,,,,,,,,,,,,,,,,,,,,,,,,,,,,,32,4,17620,1322,390,98,5,right,0,49,49,0,0,,,,,224,,,,,,,,,,,,,,,,,,,,,,,,,,,,,,,,,,,
1005.5134729169949,unswapping,,,,,,,,,,,,,,,,,,,,,,,,,,,,,,,,,,,,,,,,,32,4,17620,1322,390,98,5,right,1,48,48,0,0,,,,,224,,,,,,,,,,,,,,,,,,,,,,,,,,,,,,,,,,,
1005.5568657080003,unswap_cycle_summary,,,,,,28,17,45,,,,,,,,,,,,,,,,,,,4096,0.002,,,,,,,,,,,,,32,4,17620,1322,390,98,,,,,,,,,,,,,,,,,,,,16,40.26346633301,45,1984,1939,1,False,,,,,,,,,,,,,,,,,,,,,
1019.7778011670162,rewiring,,,,,,,,,,,,,,,,,,,,,,,,,,,,,,,,,,,,,,,,,,,,,,,,,,,,,,,,,,,,,,,,,,16,,,,,,,left,post_unswap,14.219948207988637,20,2599,False,False,False,1,2,lookahead_total,8,False,1,1132,"(1049600, 1049600, 511, 511, 1555, 19806, 2332)",3.7937809159921017,10.426125041994965,"[{'seed': 123, 'score': (1357432, 1357432, 511, 511, 1739, 20570, 2532), 'num_layers': 2532, 'total_swaps': 20570, 'max_layer_swaps': 25, 'swap_only_layers': 1739, 'work_layers': 793, 'unitary_layers': 793, 'first_work_layer': 5, 'leading_no_work_layers': 5, 'lookahead_layers_scored': 8, 'lookahead_final_elems': 1357432, 'lookahead_final_max_bond': 511, 'lookahead_peak_elems': 1357432, 'lookahead_peak_max_bond': 511, 'lookahead_peak_bond_l2': 547462}, {'seed': 1132, 'score': (1049600, 1049600, 511, 511, 1555, 19806, 2332), 'num_layers': 2332, 'total_swaps': 19806, 'max_layer_swaps': 22, 'swap_only_layers': 1555, 'work_layers': 777, 'unitary_layers': 777, 'first_work_layer': 5, 'leading_no_work_layers': 5, 'lookahead_layers_scored': 8, 'lookahead_final_elems': 1049600, 'lookahead_final_max_bond': 511, 'lookahead_peak_elems': 1049600, 'lookahead_peak_max_bond': 511, 'lookahead_peak_bond_l2': 450250}]",14.219925999990664,30.529254207998747
1036.0867712080071,rewiring,,,,,,,,,,,,,,,,,,,,,,,,,,,,,,,,,,,,,,,,,,,,,,,,,,,,,,,,,,,,,,,,,,16,,,,,,,right,post_unswap,16.30745045799995,20,2100,False,False,False,1,2,lookahead_total,8,False,1,123,"(3046036, 3046036, 1022, 1022, 1451, 18232, 2235)",9.589024334040005,6.718387833010638,"[{'seed': 123, 'score': (3046036, 3046036, 1022, 1022, 1451, 18232, 2235), 'num_layers': 2235, 'total_swaps': 18232, 'max_layer_swaps': 24, 'swap_only_layers': 1451, 'work_layers': 784, 'unitary_layers': 784, 'first_work_layer': 13, 'leading_no_work_layers': 13, 'lookahead_layers_scored': 8, 'lookahead_final_elems': 3046036, 'lookahead_final_max_bond': 1022, 'lookahead_peak_elems': 3046036, 'lookahead_peak_max_bond': 1022, 'lookahead_peak_bond_l2': 1418332}, {'seed': 1132, 'score': (3084308, 3084308, 1022, 1022, 1665, 18798, 2453), 'num_layers': 2453, 'total_swaps': 18798, 'max_layer_swaps': 23, 'swap_only_layers': 1665, 'work_layers': 788, 'unitary_layers': 788, 'first_work_layer': 13, 'leading_no_work_layers': 13, 'lookahead_layers_scored': 8, 'lookahead_final_elems': 3084308, 'lookahead_final_max_bond': 1022, 'lookahead_peak_elems': 3084308, 'lookahead_peak_max_bond': 1022, 'lookahead_peak_bond_l2': 1428316}]",16.30743854100001,30.529254207998747
1036.127527708013,cycle_progress,,,,,,28,17,45,,,,,,,,,,,,,,,,,,,4096,0.002,,8252,2,,,,,,,,,,32,4,17620,1322,390,98,,,,,,,,,,,,,,,,,,,,16,,45,1984,1939,1,False,,,,,,,,,,,,,,,,,,,,,30.529254207998747
1036.2822837500134,absorbing,L,1,0,2332,2235,28,17,45,17,0,0,0.05376020900439471,0.05169033299898729,0.105450542003382,0.1120317500026431,17620,21072,32,32,False,False,False,False,17620,32,False,4096,0.002,,17620,0,total_elems,17620,21072,1,1,,,,0.0,32,4,17620,1322,390,98,,,,,,,,,,,,,,,,,,,,,,,,,,,,,,,,,,,,,,,,,,,,,,,
1036.400298624998,absorbing,L,2,0,2332,2235,28,17,45,18,0,0,0.057564959017327055,0.05589566598064266,0.11346062499796972,0.11480104198562913,20292,21072,32,32,False,False,False,False,20292,32,False,4096,0.002,,17620,0,total_elems,20292,21072,1,1,,,,0.0,32,4,20292,1476,390,98,,,,,,,,,,,,,,,,,,,,,,,,,,,,,,,,,,,,,,,,,,,,,,,
1036.5222750829998,absorbing,R,2,1,2332,2235,28,17,45,15,0,0,0.06071770898415707,0.05652733298484236,0.11724504196899943,0.11846870899898931,31760,22472,32,32,False,False,False,False,22472,32,False,4096,0.002,,17620,0,total_elems,31760,22472,1,1,,,,0.0,32,4,22472,1580,390,98,,,,,,,,,,,,,,,,,,,,,,,,,,,,,,,,,,,,,,,,,,,,,,,
1036.641298625007,absorbing,R,2,2,2332,2235,28,17,45,13,0,0,0.06019812499289401,0.05338158301310614,0.11357970800600015,0.11582091698073782,35364,29236,32,32,False,False,False,False,29236,32,False,4096,0.002,,17620,0,total_elems,35364,29236,1,1,,,,0.0,32,4,29236,1760,390,98,,,,,,,,,,,,,,,,,,,,,,,,,,,,,,,,,,,,,,,,,,,,,,,
1036.7676009580027,absorbing,R,2,3,2332,2235,28,17,45,14,0,0,0.06546179199358448,0.056415458995616063,0.12187725098920055,0.12302033399464563,44608,37312,32,32,False,False,False,False,37312,32,False,4096,0.002,,17620,0,total_elems,44608,37312,1,1,,,,0.0,32,4,37312,1964,390,98,,,,,,,,,,,,,,,,,,,,,,,,,,,,,,,,,,,,,,,,,,,,,,,
1036.9020899579918,absorbing,L,3,3,2332,2235,28,17,45,20,0,0,0.07046200000331737,0.05937770800665021,0.12983970800996758,0.13097150000976399,54440,56288,32,64,False,False,False,False,54440,32,False,4096,0.002,,17620,0,total_elems,54440,56288,1,1,,,,0.0,32,4,54440,2288,390,98,,,,,,,,,,,,,,,,,,,,,,,,,,,,,,,,,,,,,,,,,,,,,,,
1037.0577012920112,absorbing,R,3,4,2332,2235,28,17,45,12,0,0,0.0840545840037521,0.0671377079852391,0.1511922919889912,0.15239716600626707,124844,80328,128,64,False,False,False,False,80328,64,False,4096,0.002,,17620,0,total_elems,124844,80328,1,1,,,,0.0,64,4,80328,2682,390,98,,,,,,,,,,,,,,,,,,,,,,,,,,,,,,,,,,,,,,,,,,,,,,,
1037.2548832920147,absorbing,R,3,5,2332,2235,28,17,45,14,0,0,0.10376875000656582,0.088979082996957,0.19274783300352283,0.1939759579836391,167400,143428,128,64,False,False,False,False,143428,64,False,4096,0.002,,17620,0,total_elems,167400,143428,1,1,,,,0.0,64,4,143428,3224,390,98,,,,,,,,,,,,,,,,,,,,,,,,,,,,,,,,,,,,,,,,,,,,,,,
1037.5582553750137,absorbing,L,4,5,2332,2235,28,17,45,16,0,0,0.12877395798568614,0.16972679199534468,0.2985007499810308,0.29995250000501983,215776,313920,128,256,False,False,False,False,215776,128,False,4096,0.002,,17620,0,total_elems,215776,313920,1,1,,,,0.0,128,4,215776,3878,390,98,,,,,,,,,,,,,,,,,,,,,,,,,,,,,,,,,,,,,,,,,,,,,,,
1037.950711707992,absorbing,L,5,5,2332,2235,28,17,45,17,0,0,0.1844761669926811,0.20281862499541603,0.38729479198809713,0.38887208301457576,378432,405600,128,256,False,False,False,False,378432,128,False,4096,0.002,,17620,0,total_elems,378432,405600,1,1,,,,0.0,128,4,378432,4652,390,98,,,,,,,,,,,,,,,,,,,,,,,,,,,,,,,,,,,,,,,,,,,,,,,
1038.691895541997,absorbing,R,5,6,2332,2235,28,17,45,15,0,0,0.4676427920057904,0.26839062498766,0.7360334169934504,0.7376050000020768,847936,535136,256,256,False,False,False,False,535136,256,False,4096,0.002,,17620,0,total_elems,847936,535136,1,1,,,,0.0,256,4,535136,5530,390,98,,,,,,,,,,,,,,,,,,,,,,,,,,,,,,,,,,,,,,,,,,,,,,,
1048.107344374992,unswapping,,,,,,,,,,,,,,,,,,,,,,,,,,,,,,,,,,,,,,,,,256,4,1138272,7154,390,98,0,both,0,49,49,6,6,,,,,0,,,,,,,,,,,,,,,,,,,,,,,,,,,,,,,,,,,
1057.6317014170054,unswapping,,,,,,,,,,,,,,,,,,,,,,,,,,,,,,,,,,,,,,,,,256,4,656096,5954,390,98,0,both,1,48,48,11,17,,,,,0,,,,,,,,,,,,,,,,,,,,,,,,,,,,,,,,,,,
1059.3028341669997,unswapping,,,,,,,,,,,,,,,,,,,,,,,,,,,,,,,,,,,,,,,,,128,4,245020,4192,390,98,0,left,0,49,49,20,37,,,,,40,,,,,,,,,,,,,,,,,,,,,,,,,,,,,,,,,,,
1059.845865625015,unswapping,,,,,,,,,,,,,,,,,,,,,,,,,,,,,,,,,,,,,,,,,64,4,111580,3124,390,98,0,left,1,48,48,20,57,,,,,80,,,,,,,,,,,,,,,,,,,,,,,,,,,,,,,,,,,
1060.0342801670195,unswapping,,,,,,,,,,,,,,,,,,,,,,,,,,,,,,,,,,,,,,,,,64,4,96028,2804,390,98,0,right,0,49,49,8,65,,,,,92,,,,,,,,,,,,,,,,,,,,,,,,,,,,,,,,,,,
1060.2565979580104,unswapping,,,,,,,,,,,,,,,,,,,,,,,,,,,,,,,,,,,,,,,,,64,4,80096,2574,390,98,0,right,1,48,48,12,77,,,,,116,,,,,,,,,,,,,,,,,,,,,,,,,,,,,,,,,,,
1060.5817547079932,unswapping,,,,,,,,,,,,,,,,,,,,,,,,,,,,,,,,,,,,,,,,,64,4,53428,2188,390,98,1,both,0,49,49,17,17,,,,,152,,,,,,,,,,,,,,,,,,,,,,,,,,,,,,,,,,,
1060.8718510830076,unswapping,,,,,,,,,,,,,,,,,,,,,,,,,,,,,,,,,,,,,,,,,32,4,41844,1996,390,98,1,both,1,48,48,6,23,,,,,170,,,,,,,,,,,,,,,,,,,,,,,,,,,,,,,,,,,
1061.008142583014,unswapping,,,,,,,,,,,,,,,,,,,,,,,,,,,,,,,,,,,,,,,,,32,4,32436,1818,390,98,1,left,0,49,49,11,34,,,,,182,,,,,,,,,,,,,,,,,,,,,,,,,,,,,,,,,,,
1061.1286099170102,unswapping,,,,,,,,,,,,,,,,,,,,,,,,,,,,,,,,,,,,,,,,,32,4,29508,1722,390,98,1,left,1,48,48,7,41,,,,,190,,,,,,,,,,,,,,,,,,,,,,,,,,,,,,,,,,,
1061.2389954999962,unswapping,,,,,,,,,,,,,,,,,,,,,,,,,,,,,,,,,,,,,,,,,32,4,28192,1684,390,98,1,right,0,49,49,3,44,,,,,188,,,,,,,,,,,,,,,,,,,,,,,,,,,,,,,,,,,
1061.3319379170134,unswapping,,,,,,,,,,,,,,,,,,,,,,,,,,,,,,,,,,,,,,,,,32,4,27808,1672,390,98,1,right,1,48,48,1,45,,,,,190,,,,,,,,,,,,,,,,,,,,,,,,,,,,,,,,,,,
1061.5445667080057,unswapping,,,,,,,,,,,,,,,,,,,,,,,,,,,,,,,,,,,,,,,,,32,4,26080,1608,390,98,2,both,0,49,49,6,6,,,,,198,,,,,,,,,,,,,,,,,,,,,,,,,,,,,,,,,,,
1061.7550952080055,unswapping,,,,,,,,,,,,,,,,,,,,,,,,,,,,,,,,,,,,,,,,,32,4,22444,1510,390,98,2,both,1,48,48,8,14,,,,,206,,,,,,,,,,,,,,,,,,,,,,,,,,,,,,,,,,,
1061.8618981250038,unswapping,,,,,,,,,,,,,,,,,,,,,,,,,,,,,,,,,,,,,,,,,32,4,21764,1470,390,98,2,left,0,49,49,4,18,,,,,210,,,,,,,,,,,,,,,,,,,,,,,,,,,,,,,,,,,
1061.9707403329958,unswapping,,,,,,,,,,,,,,,,,,,,,,,,,,,,,,,,,,,,,,,,,32,4,21220,1438,390,98,2,left,1,48,48,3,21,,,,,216,,,,,,,,,,,,,,,,,,,,,,,,,,,,,,,,,,,
1062.0733718750125,unswapping,,,,,,,,,,,,,,,,,,,,,,,,,,,,,,,,,,,,,,,,,32,4,19864,1396,390,98,2,right,0,49,49,3,24,,,,,218,,,,,,,,,,,,,,,,,,,,,,,,,,,,,,,,,,,
1062.1591090000002,unswapping,,,,,,,,,,,,,,,,,,,,,,,,,,,,,,,,,,,,,,,,,32,4,19804,1390,390,98,2,right,1,48,48,1,25,,,,,220,,,,,,,,,,,,,,,,,,,,,,,,,,,,,,,,,,,
1062.348259292019,unswapping,,,,,,,,,,,,,,,,,,,,,,,,,,,,,,,,,,,,,,,,,32,4,19348,1366,390,98,3,both,0,49,49,4,4,,,,,224,,,,,,,,,,,,,,,,,,,,,,,,,,,,,,,,,,,
1062.542813167005,unswapping,,,,,,,,,,,,,,,,,,,,,,,,,,,,,,,,,,,,,,,,,32,4,18188,1326,390,98,3,both,1,48,48,4,8,,,,,234,,,,,,,,,,,,,,,,,,,,,,,,,,,,,,,,,,,
1062.6281494580035,unswapping,,,,,,,,,,,,,,,,,,,,,,,,,,,,,,,,,,,,,,,,,32,4,17548,1310,390,98,3,left,0,49,49,1,9,,,,,234,,,,,,,,,,,,,,,,,,,,,,,,,,,,,,,,,,,
1062.6780150830164,unswapping,,,,,,,,,,,,,,,,,,,,,,,,,,,,,,,,,,,,,,,,,32,4,17548,1310,390,98,3,left,1,48,48,0,9,,,,,234,,,,,,,,,,,,,,,,,,,,,,,,,,,,,,,,,,,
1062.7614147500135,unswapping,,,,,,,,,,,,,,,,,,,,,,,,,,,,,,,,,,,,,,,,,32,4,17228,1302,390,98,3,right,0,49,49,1,10,,,,,234,,,,,,,,,,,,,,,,,,,,,,,,,,,,,,,,,,,
1062.8609686669952,unswapping,,,,,,,,,,,,,,,,,,,,,,,,,,,,,,,,,,,,,,,,,32,4,16012,1282,390,98,3,right,1,48,48,2,12,,,,,234,,,,,,,,,,,,,,,,,,,,,,,,,,,,,,,,,,,
1063.0414868750086,unswapping,,,,,,,,,,,,,,,,,,,,,,,,,,,,,,,,,,,,,,,,,32,4,13284,1238,390,98,4,both,0,49,49,4,4,,,,,238,,,,,,,,,,,,,,,,,,,,,,,,,,,,,,,,,,,
1063.220785417012,unswapping,,,,,,,,,,,,,,,,,,,,,,,,,,,,,,,,,,,,,,,,,16,4,10868,1190,390,98,4,both,1,48,48,4,8,,,,,244,,,,,,,,,,,,,,,,,,,,,,,,,,,,,,,,,,,
1063.2642342920008,unswapping,,,,,,,,,,,,,,,,,,,,,,,,,,,,,,,,,,,,,,,,,16,4,10868,1190,390,98,4,left,0,49,49,0,8,,,,,244,,,,,,,,,,,,,,,,,,,,,,,,,,,,,,,,,,,
1063.3455214580172,unswapping,,,,,,,,,,,,,,,,,,,,,,,,,,,,,,,,,,,,,,,,,16,4,9844,1174,390,98,4,left,1,48,48,1,9,,,,,242,,,,,,,,,,,,,,,,,,,,,,,,,,,,,,,,,,,
1063.4209482920123,unswapping,,,,,,,,,,,,,,,,,,,,,,,,,,,,,,,,,,,,,,,,,16,4,9332,1158,390,98,4,right,0,49,49,1,10,,,,,244,,,,,,,,,,,,,,,,,,,,,,,,,,,,,,,,,,,
1063.4627784579934,unswapping,,,,,,,,,,,,,,,,,,,,,,,,,,,,,,,,,,,,,,,,,16,4,9332,1158,390,98,4,right,1,48,48,0,10,,,,,244,,,,,,,,,,,,,,,,,,,,,,,,,,,,,,,,,,,
1063.6156095830083,unswapping,,,,,,,,,,,,,,,,,,,,,,,,,,,,,,,,,,,,,,,,,16,4,8372,1134,390,98,5,both,0,49,49,1,1,,,,,248,,,,,,,,,,,,,,,,,,,,,,,,,,,,,,,,,,,
1063.7667451250018,unswapping,,,,,,,,,,,,,,,,,,,,,,,,,,,,,,,,,,,,,,,,,16,4,7988,1118,390,98,5,both,1,48,48,1,2,,,,,252,,,,,,,,,,,,,,,,,,,,,,,,,,,,,,,,,,,
1063.8441408750077,unswapping,,,,,,,,,,,,,,,,,,,,,,,,,,,,,,,,,,,,,,,,,16,4,7732,1110,390,98,5,left,0,49,49,1,3,,,,,252,,,,,,,,,,,,,,,,,,,,,,,,,,,,,,,,,,,
1063.8859514580108,unswapping,,,,,,,,,,,,,,,,,,,,,,,,,,,,,,,,,,,,,,,,,16,4,7732,1110,390,98,5,left,1,48,48,0,3,,,,,252,,,,,,,,,,,,,,,,,,,,,,,,,,,,,,,,,,,
1063.9270629580133,unswapping,,,,,,,,,,,,,,,,,,,,,,,,,,,,,,,,,,,,,,,,,16,4,7732,1110,390,98,5,right,0,49,49,0,3,,,,,252,,,,,,,,,,,,,,,,,,,,,,,,,,,,,,,,,,,
1064.0013449580001,unswapping,,,,,,,,,,,,,,,,,,,,,,,,,,,,,,,,,,,,,,,,,16,4,7540,1102,390,98,5,right,1,48,48,1,4,,,,,250,,,,,,,,,,,,,,,,,,,,,,,,,,,,,,,,,,,
1064.0823639169976,unswapping,,,,,,,,,,,,,,,,,,,,,,,,,,,,,,,,,,,,,,,,,16,4,7540,1102,390,98,6,both,0,49,49,0,0,,,,,250,,,,,,,,,,,,,,,,,,,,,,,,,,,,,,,,,,,
1064.1629155830014,unswapping,,,,,,,,,,,,,,,,,,,,,,,,,,,,,,,,,,,,,,,,,16,4,7540,1102,390,98,6,both,1,48,48,0,0,,,,,250,,,,,,,,,,,,,,,,,,,,,,,,,,,,,,,,,,,
1064.205511875014,unswapping,,,,,,,,,,,,,,,,,,,,,,,,,,,,,,,,,,,,,,,,,16,4,7540,1102,390,98,6,left,0,49,49,0,0,,,,,250,,,,,,,,,,,,,,,,,,,,,,,,,,,,,,,,,,,
1064.2471969579929,unswapping,,,,,,,,,,,,,,,,,,,,,,,,,,,,,,,,,,,,,,,,,16,4,7540,1102,390,98,6,left,1,48,48,0,0,,,,,250,,,,,,,,,,,,,,,,,,,,,,,,,,,,,,,,,,,
1064.2882899999968,unswapping,,,,,,,,,,,,,,,,,,,,,,,,,,,,,,,,,,,,,,,,,16,4,7540,1102,390,98,6,right,0,49,49,0,0,,,,,250,,,,,,,,,,,,,,,,,,,,,,,,,,,,,,,,,,,
1064.3289618749986,unswapping,,,,,,,,,,,,,,,,,,,,,,,,,,,,,,,,,,,,,,,,,16,4,7540,1102,390,98,6,right,1,48,48,0,0,,,,,250,,,,,,,,,,,,,,,,,,,,,,,,,,,,,,,,,,,
1064.3318318749953,unswap_cycle_summary,,,,,,28,17,45,,,,,,,,,,,,,,,,,,,4096,0.002,,,,,,,,,,,,,16,4,7540,1102,390,98,,,,,,,,,,,,,,,,,,,,17,24.15075933301705,45,1984,1939,0,False,,,,,,,,,,,,,,,,,,,,,
1076.891112458019,rewiring,,,,,,,,,,,,,,,,,,,,,,,,,,,,,,,,,,,,,,,,,,,,,,,,,,,,,,,,,,,,,,,,,,17,,,,,,,left,post_unswap,12.55840624999837,20,2329,False,False,False,0,2,lookahead_total,8,False,1,1132,"(764224, 764224, 256, 256, 1859, 20532, 2640)",2.359682417009026,10.198681417008629,"[{'seed': 123, 'score': (792264, 792264, 511, 511, 1702, 20566, 2494), 'num_layers': 2494, 'total_swaps': 20566, 'max_layer_swaps': 21, 'swap_only_layers': 1702, 'work_layers': 792, 'unitary_layers': 792, 'first_work_layer': 1, 'leading_no_work_layers': 1, 'lookahead_layers_scored': 8, 'lookahead_final_elems': 792264, 'lookahead_final_max_bond': 511, 'lookahead_peak_elems': 792264, 'lookahead_peak_max_bond': 511, 'lookahead_peak_bond_l2': 368311}, {'seed': 1132, 'score': (764224, 764224, 256, 256, 1859, 20532, 2640), 'num_layers': 2640, 'total_swaps': 20532, 'max_layer_swaps': 21, 'swap_only_layers': 1859, 'work_layers': 781, 'unitary_layers': 781, 'first_work_layer': 1, 'leading_no_work_layers': 1, 'lookahead_layers_scored': 8, 'lookahead_final_elems': 764224, 'lookahead_final_max_bond': 256, 'lookahead_peak_elems': 764224, 'lookahead_peak_max_bond': 256, 'lookahead_peak_bond_l2': 228379}]",12.558384083007695,21.861792417010292
1086.1941910420137,rewiring,,,,,,,,,,,,,,,,,,,,,,,,,,,,,,,,,,,,,,,,,,,,,,,,,,,,,,,,,,,,,,,,,,17,,,,,,,right,post_unswap,9.302688708994538,20,2231,False,False,False,0,2,lookahead_total,8,False,1,123,"(277032, 277032, 64, 64, 1551, 18291, 2346)",1.4322057079989463,7.8704414579842705,"[{'seed': 123, 'score': (277032, 277032, 64, 64, 1551, 18291, 2346), 'num_layers': 2346, 'total_swaps': 18291, 'max_layer_swaps': 20, 'swap_only_layers': 1551, 'work_layers': 795, 'unitary_layers': 795, 'first_work_layer': 12, 'leading_no_work_layers': 12, 'lookahead_layers_scored': 8, 'lookahead_final_elems': 277032, 'lookahead_final_max_bond': 64, 'lookahead_peak_elems': 277032, 'lookahead_peak_max_bond': 64, 'lookahead_peak_bond_l2': 83467}, {'seed': 1132, 'score': (613120, 613120, 256, 256, 1417, 18462, 2183), 'num_layers': 2183, 'total_swaps': 18462, 'max_layer_swaps': 22, 'swap_only_layers': 1417, 'work_layers': 766, 'unitary_layers': 766, 'first_work_layer': 12, 'leading_no_work_layers': 12, 'lookahead_layers_scored': 8, 'lookahead_final_elems': 613120, 'lookahead_final_max_bond': 256, 'lookahead_peak_elems': 613120, 'lookahead_peak_max_bond': 256, 'lookahead_peak_bond_l2': 222019}]",9.302670250006486,21.861792417010292
1086.2378552500159,cycle_progress,,,,,,28,17,45,,,,,,,,,,,,,,,,,,,4096,0.002,,17620,0,,,,,,,,,,16,4,7540,1102,390,98,,,,,,,,,,,,,,,,,,,,17,,45,1984,1939,0,False,,,,,,,,,,,,,,,,,,,,,21.861792417010292
1086.3922214170161,absorbing,L,1,0,2640,2346,28,17,45,21,0,0,0.05200254198280163,0.04971658400609158,0.10171912598889321,0.10842012500506826,7540,10744,16,16,False,False,False,False,7540,16,False,4096,0.002,,7540,1,total_elems,7540,10744,1,1,,,,0.0,16,4,7540,1102,390,98,,,,,,,,,,,,,,,,,,,,,,,,,,,,,,,,,,,,,,,,,,,,,,,
1086.500002042012,absorbing,R,1,1,2640,2346,28,17,45,17,0,0,0.053642415994545445,0.049595832999330014,0.10323824899387546,0.10436362499604002,12996,10744,32,16,False,False,False,False,10744,16,False,4096,0.002,,7540,1,total_elems,12996,10744,1,1,,,,0.0,16,4,10744,1288,390,98,,,,,,,,,,,,,,,,,,,,,,,,,,,,,,,,,,,,,,,,,,,,,,,
1086.6110314170073,absorbing,L,2,1,2640,2346,29,17,46,20,1,1,0.05534329201327637,0.05125316701014526,0.10659645902342163,0.10767608298920095,17224,20336,32,32,False,False,False,False,17224,32,False,4096,0.002,,7540,1,total_elems,17224,20336,1,1,,,,0.0,32,4,17224,1530,390,98,,,,,,,,,,,,,,,,,,,,,,,,,,,,,,,,,,,,,,,,,,,,,,,
1086.7246037920122,absorbing,L,3,1,2640,2346,30,17,47,16,1,2,0.05598783300956711,0.05305074999341741,0.10903858300298452,0.11033070800476708,24828,29988,32,32,False,False,False,False,24828,32,False,4096,0.002,,7540,1,total_elems,24828,29988,1,1,,,,0.0,32,4,24828,1756,390,98,,,,,,,,,,,,,,,,,,,,,,,,,,,,,,,,,,,,,,,,,,,,,,,
1086.8402747499931,absorbing,R,3,2,2640,2346,30,17,47,16,0,2,0.05718258299748413,0.05404133300180547,0.1112239159992896,0.11235379200661555,46476,41060,32,32,False,False,False,False,41060,32,False,4096,0.002,,7540,1,total_elems,46476,41060,1,1,,,,0.0,32,4,41060,2062,390,98,,,,,,,,,,,,,,,,,,,,,,,,,,,,,,,,,,,,,,,,,,,,,,,
1086.9842334999994,absorbing,R,3,3,2640,2346,30,17,47,14,0,2,0.07503220799844712,0.06402749998960644,0.13905970798805356,0.14038170900312252,86084,58532,128,64,False,False,False,False,58532,64,False,4096,0.002,,7540,1,total_elems,86084,58532,1,1,,,,0.0,64,4,58532,2292,390,98,,,,,,,,,,,,,,,,,,,,,,,,,,,,,,,,,,,,,,,,,,,,,,,
1087.1312361670134,absorbing,R,3,4,2640,2346,30,17,47,13,0,2,0.08078670801478438,0.061545792006654665,0.14233250002143905,0.14350466700852849,111140,74864,128,64,False,False,False,False,74864,64,False,4096,0.002,,7540,1,total_elems,111140,74864,1,1,,,,0.0,64,4,74864,2594,390,98,,,,,,,,,,,,,,,,,,,,,,,,,,,,,,,,,,,,,,,,,,,,,,,
1087.2888992920052,absorbing,R,3,5,2640,2346,30,17,47,13,0,2,0.08619620799436234,0.06662666599731892,0.15282287399168126,0.15416033298242837,142544,99724,128,64,False,False,False,False,99724,64,False,4096,0.002,,7540,1,total_elems,142544,99724,1,1,,,,0.0,64,4,99724,3028,390,98,,,,,,,,,,,,,,,,,,,,,,,,,,,,,,,,,,,,,,,,,,,,,,,
1087.4776345830178,absorbing,R,3,6,2640,2346,30,17,47,15,0,2,0.09954587498214096,0.08408079200307839,0.18362666698521934,0.18489512498490512,173548,150728,128,64,False,False,False,False,150728,64,False,4096,0.002,,7540,1,total_elems,173548,150728,1,1,,,,0.0,64,4,150728,3522,390,98,,,,,,,,,,,,,,,,,,,,,,,,,,,,,,,,,,,,,,,,,,,,,,,
1087.732087750017,absorbing,L,4,6,2640,2346,30,17,47,16,0,2,0.12252508298843168,0.12673950000316836,0.24926458299160004,0.25070516602136195,234472,281636,128,128,False,False,False,False,234472,128,False,4096,0.002,,7540,1,total_elems,234472,281636,1,1,,,,0.0,128,4,234472,4242,390,98,,,,,,,,,,,,,,,,,,,,,,,,,,,,,,,,,,,,,,,,,,,,,,,
1088.148893125006,absorbing,L,5,6,2640,2346,30,17,47,12,0,2,0.20317320799222216,0.2083627909887582,0.41153599898098037,0.413212499988731,375000,466724,128,256,False,False,False,False,375000,128,False,4096,0.002,,7540,1,total_elems,375000,466724,1,1,,,,0.0,128,4,375000,4958,390,98,,,,,,,,,,,,,,,,,,,,,,,,,,,,,,,,,,,,,,,,,,,,,,,
1088.7778558330028,absorbing,L,6,6,2640,2346,30,17,47,14,0,2,0.29668962498544715,0.3257341249845922,0.6224237499700394,0.6241671669995412,619096,644500,256,256,False,False,False,False,619096,256,False,4096,0.002,,7540,1,total_elems,619096,644500,1,1,,,,0.0,256,4,619096,6110,390,98,,,,,,,,,,,,,,,,,,,,,,,,,,,,,,,,,,,,,,,,,,,,,,,
1117.596473832993,unswapping,,,,,,,,,,,,,,,,,,,,,,,,,,,,,,,,,,,,,,,,,510,4,1508592,7862,390,98,0,both,0,49,49,8,8,,,,,0,,,,,,,,,,,,,,,,,,,,,,,,,,,,,,,,,,,
1128.0256085830042,unswapping,,,,,,,,,,,,,,,,,,,,,,,,,,,,,,,,,,,,,,,,,256,4,553008,5730,390,98,0,both,1,48,48,12,20,,,,,0,,,,,,,,,,,,,,,,,,,,,,,,,,,,,,,,,,,
1129.325461667002,unswapping,,,,,,,,,,,,,,,,,,,,,,,,,,,,,,,,,,,,,,,,,64,4,228568,4010,390,98,0,left,0,49,49,22,42,,,,,44,,,,,,,,,,,,,,,,,,,,,,,,,,,,,,,,,,,
1129.8173550420033,unswapping,,,,,,,,,,,,,,,,,,,,,,,,,,,,,,,,,,,,,,,,,64,4,133272,3150,390,98,0,left,1,48,48,23,65,,,,,90,,,,,,,,,,,,,,,,,,,,,,,,,,,,,,,,,,,
1130.0612620419997,unswapping,,,,,,,,,,,,,,,,,,,,,,,,,,,,,,,,,,,,,,,,,64,4,119772,2928,390,98,0,right,0,49,49,6,71,,,,,102,,,,,,,,,,,,,,,,,,,,,,,,,,,,,,,,,,,
1130.3403711249994,unswapping,,,,,,,,,,,,,,,,,,,,,,,,,,,,,,,,,,,,,,,,,64,4,97120,2690,390,98,0,right,1,48,48,11,82,,,,,124,,,,,,,,,,,,,,,,,,,,,,,,,,,,,,,,,,,
1130.7368000420101,unswapping,,,,,,,,,,,,,,,,,,,,,,,,,,,,,,,,,,,,,,,,,64,4,55092,2144,390,98,1,both,0,49,49,20,20,,,,,162,,,,,,,,,,,,,,,,,,,,,,,,,,,,,,,,,,,
1131.0078650829964,unswapping,,,,,,,,,,,,,,,,,,,,,,,,,,,,,,,,,,,,,,,,,32,4,36340,1864,390,98,1,both,1,48,48,10,30,,,,,182,,,,,,,,,,,,,,,,,,,,,,,,,,,,,,,,,,,
1131.1390727499966,unswapping,,,,,,,,,,,,,,,,,,,,,,,,,,,,,,,,,,,,,,,,,32,4,31572,1728,390,98,1,left,0,49,49,8,38,,,,,196,,,,,,,,,,,,,,,,,,,,,,,,,,,,,,,,,,,
1131.260031792015,unswapping,,,,,,,,,,,,,,,,,,,,,,,,,,,,,,,,,,,,,,,,,32,4,27948,1626,390,98,1,left,1,48,48,8,46,,,,,212,,,,,,,,,,,,,,,,,,,,,,,,,,,,,,,,,,,
1131.3760316249973,unswapping,,,,,,,,,,,,,,,,,,,,,,,,,,,,,,,,,,,,,,,,,32,4,26068,1586,390,98,1,right,0,49,49,4,50,,,,,212,,,,,,,,,,,,,,,,,,,,,,,,,,,,,,,,,,,
1131.487454792019,unswapping,,,,,,,,,,,,,,,,,,,,,,,,,,,,,,,,,,,,,,,,,32,4,24980,1550,390,98,1,right,1,48,48,4,54,,,,,214,,,,,,,,,,,,,,,,,,,,,,,,,,,,,,,,,,,
1131.7162489579932,unswapping,,,,,,,,,,,,,,,,,,,,,,,,,,,,,,,,,,,,,,,,,32,4,24200,1532,390,98,2,both,0,49,49,2,2,,,,,218,,,,,,,,,,,,,,,,,,,,,,,,,,,,,,,,,,,
1131.9264051670034,unswapping,,,,,,,,,,,,,,,,,,,,,,,,,,,,,,,,,,,,,,,,,32,4,18656,1420,390,98,2,both,1,48,48,8,10,,,,,234,,,,,,,,,,,,,,,,,,,,,,,,,,,,,,,,,,,
1132.0285058750014,unswapping,,,,,,,,,,,,,,,,,,,,,,,,,,,,,,,,,,,,,,,,,32,4,18188,1394,390,98,2,left,0,49,49,3,13,,,,,238,,,,,,,,,,,,,,,,,,,,,,,,,,,,,,,,,,,
1132.1182812920015,unswapping,,,,,,,,,,,,,,,,,,,,,,,,,,,,,,,,,,,,,,,,,32,4,18124,1390,390,98,2,left,1,48,48,1,14,,,,,238,,,,,,,,,,,,,,,,,,,,,,,,,,,,,,,,,,,
1132.216595750011,unswapping,,,,,,,,,,,,,,,,,,,,,,,,,,,,,,,,,,,,,,,,,32,4,16732,1354,390,98,2,right,0,49,49,2,16,,,,,242,,,,,,,,,,,,,,,,,,,,,,,,,,,,,,,,,,,
1132.3005942500022,unswapping,,,,,,,,,,,,,,,,,,,,,,,,,,,,,,,,,,,,,,,,,32,4,16092,1338,390,98,2,right,1,48,48,1,17,,,,,242,,,,,,,,,,,,,,,,,,,,,,,,,,,,,,,,,,,
1132.482608624996,unswapping,,,,,,,,,,,,,,,,,,,,,,,,,,,,,,,,,,,,,,,,,32,4,11568,1264,390,98,3,both,0,49,49,4,4,,,,,252,,,,,,,,,,,,,,,,,,,,,,,,,,,,,,,,,,,
1132.655828417017,unswapping,,,,,,,,,,,,,,,,,,,,,,,,,,,,,,,,,,,,,,,,,16,4,8868,1206,390,98,3,both,1,48,48,2,6,,,,,256,,,,,,,,,,,,,,,,,,,,,,,,,,,,,,,,,,,
1132.7503422500158,unswapping,,,,,,,,,,,,,,,,,,,,,,,,,,,,,,,,,,,,,,,,,16,4,8228,1182,390,98,3,left,0,49,49,2,8,,,,,258,,,,,,,,,,,,,,,,,,,,,,,,,,,,,,,,,,,
1132.8435417080182,unswapping,,,,,,,,,,,,,,,,,,,,,,,,,,,,,,,,,,,,,,,,,16,4,8084,1170,390,98,3,left,1,48,48,1,9,,,,,260,,,,,,,,,,,,,,,,,,,,,,,,,,,,,,,,,,,
1132.8841297920153,unswapping,,,,,,,,,,,,,,,,,,,,,,,,,,,,,,,,,,,,,,,,,16,4,8084,1170,390,98,3,right,0,49,49,0,9,,,,,260,,,,,,,,,,,,,,,,,,,,,,,,,,,,,,,,,,,
1132.958894167008,unswapping,,,,,,,,,,,,,,,,,,,,,,,,,,,,,,,,,,,,,,,,,16,4,7892,1162,390,98,3,right,1,48,48,1,10,,,,,260,,,,,,,,,,,,,,,,,,,,,,,,,,,,,,,,,,,
1133.1097778750118,unswapping,,,,,,,,,,,,,,,,,,,,,,,,,,,,,,,,,,,,,,,,,16,4,7700,1154,390,98,4,both,0,49,49,1,1,,,,,260,,,,,,,,,,,,,,,,,,,,,,,,,,,,,,,,,,,
1133.2622022080177,unswapping,,,,,,,,,,,,,,,,,,,,,,,,,,,,,,,,,,,,,,,,,16,4,7604,1146,390,98,4,both,1,48,48,1,2,,,,,260,,,,,,,,,,,,,,,,,,,,,,,,,,,,,,,,,,,
1133.3039221670188,unswapping,,,,,,,,,,,,,,,,,,,,,,,,,,,,,,,,,,,,,,,,,16,4,7604,1146,390,98,4,left,0,49,49,0,2,,,,,260,,,,,,,,,,,,,,,,,,,,,,,,,,,,,,,,,,,
1133.3835364580154,unswapping,,,,,,,,,,,,,,,,,,,,,,,,,,,,,,,,,,,,,,,,,16,4,7556,1142,390,98,4,left,1,48,48,1,3,,,,,260,,,,,,,,,,,,,,,,,,,,,,,,,,,,,,,,,,,
1133.4576766249957,unswapping,,,,,,,,,,,,,,,,,,,,,,,,,,,,,,,,,,,,,,,,,16,4,7364,1130,390,98,4,right,0,49,49,1,4,,,,,260,,,,,,,,,,,,,,,,,,,,,,,,,,,,,,,,,,,
1133.498933166993,unswapping,,,,,,,,,,,,,,,,,,,,,,,,,,,,,,,,,,,,,,,,,16,4,7364,1130,390,98,4,right,1,48,48,0,4,,,,,260,,,,,,,,,,,,,,,,,,,,,,,,,,,,,,,,,,,
1133.6495843750017,unswapping,,,,,,,,,,,,,,,,,,,,,,,,,,,,,,,,,,,,,,,,,16,4,7316,1126,390,98,5,both,0,49,49,1,1,,,,,260,,,,,,,,,,,,,,,,,,,,,,,,,,,,,,,,,,,
1133.8009747500182,unswapping,,,,,,,,,,,,,,,,,,,,,,,,,,,,,,,,,,,,,,,,,16,4,7268,1122,390,98,5,both,1,48,48,1,2,,,,,258,,,,,,,,,,,,,,,,,,,,,,,,,,,,,,,,,,,
1133.8429513330047,unswapping,,,,,,,,,,,,,,,,,,,,,,,,,,,,,,,,,,,,,,,,,16,4,7268,1122,390,98,5,left,0,49,49,0,2,,,,,258,,,,,,,,,,,,,,,,,,,,,,,,,,,,,,,,,,,
1133.8857380000118,unswapping,,,,,,,,,,,,,,,,,,,,,,,,,,,,,,,,,,,,,,,,,16,4,7268,1122,390,98,5,left,1,48,48,0,2,,,,,258,,,,,,,,,,,,,,,,,,,,,,,,,,,,,,,,,,,
1133.9263573749922,unswapping,,,,,,,,,,,,,,,,,,,,,,,,,,,,,,,,,,,,,,,,,16,4,7268,1122,390,98,5,right,0,49,49,0,2,,,,,258,,,,,,,,,,,,,,,,,,,,,,,,,,,,,,,,,,,
1133.967735000013,unswapping,,,,,,,,,,,,,,,,,,,,,,,,,,,,,,,,,,,,,,,,,16,4,7268,1122,390,98,5,right,1,48,48,0,2,,,,,258,,,,,,,,,,,,,,,,,,,,,,,,,,,,,,,,,,,
1134.118607875018,unswapping,,,,,,,,,,,,,,,,,,,,,,,,,,,,,,,,,,,,,,,,,16,4,7220,1118,390,98,6,both,0,49,49,1,1,,,,,258,,,,,,,,,,,,,,,,,,,,,,,,,,,,,,,,,,,
1134.2007490000105,unswapping,,,,,,,,,,,,,,,,,,,,,,,,,,,,,,,,,,,,,,,,,16,4,7220,1118,390,98,6,both,1,48,48,0,1,,,,,258,,,,,,,,,,,,,,,,,,,,,,,,,,,,,,,,,,,
1134.2425392919977,unswapping,,,,,,,,,,,,,,,,,,,,,,,,,,,,,,,,,,,,,,,,,16,4,7220,1118,390,98,6,left,0,49,49,0,1,,,,,258,,,,,,,,,,,,,,,,,,,,,,,,,,,,,,,,,,,
1134.2847814999986,unswapping,,,,,,,,,,,,,,,,,,,,,,,,,,,,,,,,,,,,,,,,,16,4,7220,1118,390,98,6,left,1,48,48,0,1,,,,,258,,,,,,,,,,,,,,,,,,,,,,,,,,,,,,,,,,,
1134.3257535830198,unswapping,,,,,,,,,,,,,,,,,,,,,,,,,,,,,,,,,,,,,,,,,16,4,7220,1118,390,98,6,right,0,49,49,0,1,,,,,258,,,,,,,,,,,,,,,,,,,,,,,,,,,,,,,,,,,
1134.3669855420012,unswapping,,,,,,,,,,,,,,,,,,,,,,,,,,,,,,,,,,,,,,,,,16,4,7220,1118,390,98,6,right,1,48,48,0,1,,,,,258,,,,,,,,,,,,,,,,,,,,,,,,,,,,,,,,,,,
1134.4480024170189,unswapping,,,,,,,,,,,,,,,,,,,,,,,,,,,,,,,,,,,,,,,,,16,4,7220,1118,390,98,7,both,0,49,49,0,0,,,,,258,,,,,,,,,,,,,,,,,,,,,,,,,,,,,,,,,,,
1134.5303852499928,unswapping,,,,,,,,,,,,,,,,,,,,,,,,,,,,,,,,,,,,,,,,,16,4,7220,1118,390,98,7,both,1,48,48,0,0,,,,,258,,,,,,,,,,,,,,,,,,,,,,,,,,,,,,,,,,,
1134.5721537499921,unswapping,,,,,,,,,,,,,,,,,,,,,,,,,,,,,,,,,,,,,,,,,16,4,7220,1118,390,98,7,left,0,49,49,0,0,,,,,258,,,,,,,,,,,,,,,,,,,,,,,,,,,,,,,,,,,
1134.6142398749944,unswapping,,,,,,,,,,,,,,,,,,,,,,,,,,,,,,,,,,,,,,,,,16,4,7220,1118,390,98,7,left,1,48,48,0,0,,,,,258,,,,,,,,,,,,,,,,,,,,,,,,,,,,,,,,,,,
1134.6550600000191,unswapping,,,,,,,,,,,,,,,,,,,,,,,,,,,,,,,,,,,,,,,,,16,4,7220,1118,390,98,7,right,0,49,49,0,0,,,,,258,,,,,,,,,,,,,,,,,,,,,,,,,,,,,,,,,,,
1134.6965839579934,unswapping,,,,,,,,,,,,,,,,,,,,,,,,,,,,,,,,,,,,,,,,,16,4,7220,1118,390,98,7,right,1,48,48,0,0,,,,,258,,,,,,,,,,,,,,,,,,,,,,,,,,,,,,,,,,,
1134.7462242080073,unswap_cycle_summary,,,,,,30,17,47,,,,,,,,,,,,,,,,,,,4096,0.002,,,,,,,,,,,,,16,4,7220,1118,390,98,,,,,,,,,,,,,,,,,,,,18,44.198925874981796,47,1984,1937,2,False,,,,,,,,,,,,,,,,,,,,,
1146.795499208005,rewiring,,,,,,,,,,,,,,,,,,,,,,,,,,,,,,,,,,,,,,,,,,,,,,,,,,,,,,,,,,,,,,,,,,18,,,,,,,left,post_unswap,12.047109375009313,20,2636,False,False,False,2,2,lookahead_total,8,False,1,1132,"(473200, 473200, 256, 256, 1600, 20493, 2392)",2.148698625009274,9.898357706988463,"[{'seed': 123, 'score': (564936, 564936, 256, 256, 1845, 20592, 2643), 'num_layers': 2643, 'total_swaps': 20592, 'max_layer_swaps': 21, 'swap_only_layers': 1845, 'work_layers': 798, 'unitary_layers': 798, 'first_work_layer': 8, 'leading_no_work_layers': 8, 'lookahead_layers_scored': 8, 'lookahead_final_elems': 564936, 'lookahead_final_max_bond': 256, 'lookahead_peak_elems': 564936, 'lookahead_peak_max_bond': 256, 'lookahead_peak_bond_l2': 208300}, {'seed': 1132, 'score': (473200, 473200, 256, 256, 1600, 20493, 2392), 'num_layers': 2392, 'total_swaps': 20493, 'max_layer_swaps': 22, 'swap_only_layers': 1600, 'work_layers': 792, 'unitary_layers': 792, 'first_work_layer': 8, 'leading_no_work_layers': 8, 'lookahead_layers_scored': 8, 'lookahead_final_elems': 473200, 'lookahead_final_max_bond': 256, 'lookahead_peak_elems': 473200, 'lookahead_peak_max_bond': 256, 'lookahead_peak_bond_l2': 154447}]",12.047081333003007,24.730123042012565
1159.4770412080106,rewiring,,,,,,,,,,,,,,,,,,,,,,,,,,,,,,,,,,,,,,,,,,,,,,,,,,,,,,,,,,,,,,,,,,18,,,,,,,right,post_unswap,12.681241916987346,20,2342,False,False,False,2,2,lookahead_total,8,False,1,1132,"(1224720, 1224720, 511, 511, 1526, 18299, 2297)",4.556215543008875,8.124946374999126,"[{'seed': 123, 'score': (1680072, 1680072, 511, 511, 1489, 18406, 2257), 'num_layers': 2257, 'total_swaps': 18406, 'max_layer_swaps': 27, 'swap_only_layers': 1489, 'work_layers': 768, 'unitary_layers': 768, 'first_work_layer': 4, 'leading_no_work_layers': 4, 'lookahead_layers_scored': 8, 'lookahead_final_elems': 1680072, 'lookahead_final_max_bond': 511, 'lookahead_peak_elems': 1680072, 'lookahead_peak_max_bond': 511, 'lookahead_peak_bond_l2': 622288}, {'seed': 1132, 'score': (1224720, 1224720, 511, 511, 1526, 18299, 2297), 'num_layers': 2297, 'total_swaps': 18299, 'max_layer_swaps': 21, 'swap_only_layers': 1526, 'work_layers': 771, 'unitary_layers': 771, 'first_work_layer': 4, 'leading_no_work_layers': 4, 'lookahead_layers_scored': 8, 'lookahead_final_elems': 1224720, 'lookahead_final_max_bond': 511, 'lookahead_peak_elems': 1224720, 'lookahead_peak_max_bond': 511, 'lookahead_peak_bond_l2': 481888}]",12.681187666981714,24.730123042012565
1159.4771205419966,cycle_progress,,,,,,30,17,47,,,,,,,,,,,,,,,,,,,4096,0.002,,7540,1,,,,,,,,,,16,4,7220,1118,390,98,,,,,,,,,,,,,,,,,,,,18,,47,1984,1937,2,False,,,,,,,,,,,,,,,,,,,,,24.730123042012565
1159.6389550830063,absorbing,L,1,0,2392,2297,30,17,47,20,0,0,0.05333791600423865,0.052877709007589146,0.1062156250118278,0.11090391699690372,7220,9812,16,16,False,False,False,False,7220,16,False,4096,0.002,,7220,0,total_elems,7220,9812,1,1,,,,0.0,16,4,7220,1118,390,98,,,,,,,,,,,,,,,,,,,,,,,,,,,,,,,,,,,,,,,,,,,,,,,
1159.7459422920074,absorbing,R,1,1,2392,2297,30,17,47,13,0,0,0.05326858299667947,0.04920183299691416,0.10247041599359363,0.10358312499010935,13184,9812,32,16,False,False,False,False,9812,16,False,4096,0.002,,7220,0,total_elems,13184,9812,1,1,,,,0.0,16,4,9812,1298,390,98,,,,,,,,,,,,,,,,,,,,,,,,,,,,,,,,,,,,,,,,,,,,,,,
1159.8547624170023,absorbing,L,2,1,2392,2297,30,17,47,21,0,0,0.05337291699834168,0.0509367500199005,0.10430966701824218,0.10557216600864194,15628,17176,32,16,False,False,False,False,15628,32,False,4096,0.002,,7220,0,total_elems,15628,17176,1,1,,,,0.0,32,4,15628,1506,390,98,,,,,,,,,,,,,,,,,,,,,,,,,,,,,,,,,,,,,,,,,,,,,,,
1159.9677687920048,absorbing,R,2,2,2392,2297,30,17,47,17,0,0,0.056100084009813145,0.052102249988820404,0.10820233399863355,0.10954258299898356,27396,23800,32,32,False,False,False,False,23800,32,False,4096,0.002,,7220,0,total_elems,27396,23800,1,1,,,,0.0,32,4,23800,1764,390,98,,,,,,,,,,,,,,,,,,,,,,,,,,,,,,,,,,,,,,,,,,,,,,,
1160.087844166992,absorbing,L,3,2,2392,2297,30,17,47,22,0,0,0.05823379100183956,0.05728995898971334,0.1155237499915529,0.11681766700348817,35016,47896,32,64,False,False,False,False,35016,32,False,4096,0.002,,7220,0,total_elems,35016,47896,1,1,,,,0.0,32,4,35016,2038,390,98,,,,,,,,,,,,,,,,,,,,,,,,,,,,,,,,,,,,,,,,,,,,,,,
1160.2177279170137,absorbing,R,3,3,2392,2297,30,17,47,16,0,0,0.06386795901926234,0.06123858399223536,0.1251065430114977,0.12654737499542534,70528,67264,64,64,False,False,False,False,67264,64,False,4096,0.002,,7220,0,total_elems,70528,67264,1,1,,,,0.0,64,4,67264,2640,390,98,,,,,,,,,,,,,,,,,,,,,,,,,,,,,,,,,,,,,,,,,,,,,,,
1160.385301041999,absorbing,L,4,3,2392,2297,30,17,47,14,0,0,0.07459679202293046,0.08832154198898934,0.1629183340119198,0.1642254589824006,104736,133152,64,64,False,False,False,False,104736,64,False,4096,0.002,,7220,0,total_elems,104736,133152,1,1,,,,0.0,64,4,104736,3120,390,98,,,,,,,,,,,,,,,,,,,,,,,,,,,,,,,,,,,,,,,,,,,,,,,
1160.6144287500065,absorbing,L,5,3,2392,2297,30,17,47,15,0,0,0.09964120801305398,0.12459941697306931,0.2242406249861233,0.2256713749957271,189984,202656,128,128,False,False,False,False,189984,128,False,4096,0.002,,7220,0,total_elems,189984,202656,1,1,,,,0.0,128,4,189984,3924,390,98,,,,,,,,,,,,,,,,,,,,,,,,,,,,,,,,,,,,,,,,,,,,,,,
1161.0521031249955,absorbing,R,5,4,2392,2297,30,17,47,17,0,0,0.21769866699469276,0.2151294159993995,0.43282808299409226,0.4342082079965621,374048,334368,128,128,False,False,False,False,334368,128,False,4096,0.002,,7220,0,total_elems,374048,334368,1,1,,,,0.0,128,4,334368,4644,390,98,,,,,,,,,,,,,,,,,,,,,,,,,,,,,,,,,,,,,,,,,,,,,,,
1161.783239750017,absorbing,R,5,5,2392,2297,30,18,48,14,1,1,0.3669667499780189,0.35902862501097843,0.7259953749889974,0.7272607920167502,639520,603264,256,256,False,False,False,False,603264,256,False,4096,0.002,,7220,0,total_elems,639520,603264,1,1,,,,0.0,256,4,603264,5842,390,98,,,,,,,,,,,,,,,,,,,,,,,,,,,,,,,,,,,,,,,,,,,,,,,
1163.0978657079977,absorbing,R,5,6,2392,2297,30,19,49,12,1,2,0.6728221249941271,0.6367010000103619,1.309523125004489,1.3108477079949807,990848,827712,256,256,False,False,False,False,827712,256,False,4096,0.002,,7220,0,total_elems,990848,827712,1,1,,,,0.0,256,4,827712,6714,390,98,,,,,,,,,,,,,,,,,,,,,,,,,,,,,,,,,,,,,,,,,,,,,,,
1199.8861953330052,unswapping,,,,,,,,,,,,,,,,,,,,,,,,,,,,,,,,,,,,,,,,,510,4,1547204,7740,390,98,0,both,0,49,49,9,9,,,,,0,,,,,,,,,,,,,,,,,,,,,,,,,,,,,,,,,,,
1209.4373881249921,unswapping,,,,,,,,,,,,,,,,,,,,,,,,,,,,,,,,,,,,,,,,,256,4,553604,5544,390,98,0,both,1,48,48,13,22,,,,,0,,,,,,,,,,,,,,,,,,,,,,,,,,,,,,,,,,,
1210.6213982920162,unswapping,,,,,,,,,,,,,,,,,,,,,,,,,,,,,,,,,,,,,,,,,128,4,247420,4068,390,98,0,left,0,49,49,18,40,,,,,36,,,,,,,,,,,,,,,,,,,,,,,,,,,,,,,,,,,
1211.1491392920143,unswapping,,,,,,,,,,,,,,,,,,,,,,,,,,,,,,,,,,,,,,,,,64,4,130668,3140,390,98,0,left,1,48,48,20,60,,,,,76,,,,,,,,,,,,,,,,,,,,,,,,,,,,,,,,,,,
1211.3915279170033,unswapping,,,,,,,,,,,,,,,,,,,,,,,,,,,,,,,,,,,,,,,,,64,4,111644,2808,390,98,0,right,0,49,49,8,68,,,,,76,,,,,,,,,,,,,,,,,,,,,,,,,,,,,,,,,,,
1211.6376033330162,unswapping,,,,,,,,,,,,,,,,,,,,,,,,,,,,,,,,,,,,,,,,,64,4,83888,2562,390,98,0,right,1,48,48,9,77,,,,,84,,,,,,,,,,,,,,,,,,,,,,,,,,,,,,,,,,,
1212.0287475420046,unswapping,,,,,,,,,,,,,,,,,,,,,,,,,,,,,,,,,,,,,,,,,64,4,48980,2104,390,98,1,both,0,49,49,14,14,,,,,112,,,,,,,,,,,,,,,,,,,,,,,,,,,,,,,,,,,
1212.287085042015,unswapping,,,,,,,,,,,,,,,,,,,,,,,,,,,,,,,,,,,,,,,,,32,4,36596,1920,390,98,1,both,1,48,48,7,21,,,,,128,,,,,,,,,,,,,,,,,,,,,,,,,,,,,,,,,,,
1212.411699417018,unswapping,,,,,,,,,,,,,,,,,,,,,,,,,,,,,,,,,,,,,,,,,32,4,33732,1828,390,98,1,left,0,49,49,7,28,,,,,140,,,,,,,,,,,,,,,,,,,,,,,,,,,,,,,,,,,
1212.5352162079944,unswapping,,,,,,,,,,,,,,,,,,,,,,,,,,,,,,,,,,,,,,,,,32,4,31420,1756,390,98,1,left,1,48,48,8,36,,,,,154,,,,,,,,,,,,,,,,,,,,,,,,,,,,,,,,,,,
1212.6503119580157,unswapping,,,,,,,,,,,,,,,,,,,,,,,,,,,,,,,,,,,,,,,,,32,4,29980,1692,390,98,1,right,0,49,49,5,41,,,,,158,,,,,,,,,,,,,,,,,,,,,,,,,,,,,,,,,,,
1212.7624377920001,unswapping,,,,,,,,,,,,,,,,,,,,,,,,,,,,,,,,,,,,,,,,,32,4,29596,1676,390,98,1,right,1,48,48,2,43,,,,,162,,,,,,,,,,,,,,,,,,,,,,,,,,,,,,,,,,,
1212.9875867080118,unswapping,,,,,,,,,,,,,,,,,,,,,,,,,,,,,,,,,,,,,,,,,32,4,21504,1558,390,98,2,both,0,49,49,7,7,,,,,168,,,,,,,,,,,,,,,,,,,,,,,,,,,,,,,,,,,
1213.1833467920078,unswapping,,,,,,,,,,,,,,,,,,,,,,,,,,,,,,,,,,,,,,,,,16,4,15460,1424,390,98,2,both,1,48,48,9,16,,,,,184,,,,,,,,,,,,,,,,,,,,,,,,,,,,,,,,,,,
1213.2838672920188,unswapping,,,,,,,,,,,,,,,,,,,,,,,,,,,,,,,,,,,,,,,,,16,4,14948,1408,390,98,2,left,0,49,49,2,18,,,,,186,,,,,,,,,,,,,,,,,,,,,,,,,,,,,,,,,,,
1213.3859838749922,unswapping,,,,,,,,,,,,,,,,,,,,,,,,,,,,,,,,,,,,,,,,,16,4,13188,1360,390,98,2,left,1,48,48,4,22,,,,,194,,,,,,,,,,,,,,,,,,,,,,,,,,,,,,,,,,,
1213.4812870000023,unswapping,,,,,,,,,,,,,,,,,,,,,,,,,,,,,,,,,,,,,,,,,16,4,12324,1324,390,98,2,right,0,49,49,2,24,,,,,196,,,,,,,,,,,,,,,,,,,,,,,,,,,,,,,,,,,
1213.5249500420177,unswapping,,,,,,,,,,,,,,,,,,,,,,,,,,,,,,,,,,,,,,,,,16,4,12324,1324,390,98,2,right,1,48,48,0,24,,,,,196,,,,,,,,,,,,,,,,,,,,,,,,,,,,,,,,,,,
1213.701290041994,unswapping,,,,,,,,,,,,,,,,,,,,,,,,,,,,,,,,,,,,,,,,,16,4,11976,1302,390,98,3,both,0,49,49,4,4,,,,,202,,,,,,,,,,,,,,,,,,,,,,,,,,,,,,,,,,,
1213.8801699579926,unswapping,,,,,,,,,,,,,,,,,,,,,,,,,,,,,,,,,,,,,,,,,16,4,11600,1282,390,98,3,both,1,48,48,4,8,,,,,204,,,,,,,,,,,,,,,,,,,,,,,,,,,,,,,,,,,
1213.9772112079954,unswapping,,,,,,,,,,,,,,,,,,,,,,,,,,,,,,,,,,,,,,,,,16,4,10256,1250,390,98,3,left,0,49,49,2,10,,,,,208,,,,,,,,,,,,,,,,,,,,,,,,,,,,,,,,,,,
1214.0564076250012,unswapping,,,,,,,,,,,,,,,,,,,,,,,,,,,,,,,,,,,,,,,,,16,4,10016,1238,390,98,3,left,1,48,48,1,11,,,,,210,,,,,,,,,,,,,,,,,,,,,,,,,,,,,,,,,,,
1214.133286917,unswapping,,,,,,,,,,,,,,,,,,,,,,,,,,,,,,,,,,,,,,,,,16,4,9872,1226,390,98,3,right,0,49,49,1,12,,,,,212,,,,,,,,,,,,,,,,,,,,,,,,,,,,,,,,,,,
1214.1753244580177,unswapping,,,,,,,,,,,,,,,,,,,,,,,,,,,,,,,,,,,,,,,,,16,4,9872,1226,390,98,3,right,1,48,48,0,12,,,,,212,,,,,,,,,,,,,,,,,,,,,,,,,,,,,,,,,,,
1214.2604577080056,unswapping,,,,,,,,,,,,,,,,,,,,,,,,,,,,,,,,,,,,,,,,,16,4,9872,1226,390,98,4,both,0,49,49,0,0,,,,,212,,,,,,,,,,,,,,,,,,,,,,,,,,,,,,,,,,,
1214.434081000014,unswapping,,,,,,,,,,,,,,,,,,,,,,,,,,,,,,,,,,,,,,,,,16,4,8864,1190,390,98,4,both,1,48,48,4,4,,,,,220,,,,,,,,,,,,,,,,,,,,,,,,,,,,,,,,,,,
1214.5291220000072,unswapping,,,,,,,,,,,,,,,,,,,,,,,,,,,,,,,,,,,,,,,,,16,4,8048,1162,390,98,4,left,0,49,49,2,6,,,,,222,,,,,,,,,,,,,,,,,,,,,,,,,,,,,,,,,,,
1214.5719477079983,unswapping,,,,,,,,,,,,,,,,,,,,,,,,,,,,,,,,,,,,,,,,,16,4,8048,1162,390,98,4,left,1,48,48,0,6,,,,,222,,,,,,,,,,,,,,,,,,,,,,,,,,,,,,,,,,,
1214.6474046249932,unswapping,,,,,,,,,,,,,,,,,,,,,,,,,,,,,,,,,,,,,,,,,16,4,7856,1154,390,98,4,right,0,49,49,1,7,,,,,222,,,,,,,,,,,,,,,,,,,,,,,,,,,,,,,,,,,
1214.7221167919924,unswapping,,,,,,,,,,,,,,,,,,,,,,,,,,,,,,,,,,,,,,,,,16,4,7728,1146,390,98,4,right,1,48,48,1,8,,,,,224,,,,,,,,,,,,,,,,,,,,,,,,,,,,,,,,,,,
1214.8038456670183,unswapping,,,,,,,,,,,,,,,,,,,,,,,,,,,,,,,,,,,,,,,,,16,4,7728,1146,390,98,5,both,0,49,49,0,0,,,,,224,,,,,,,,,,,,,,,,,,,,,,,,,,,,,,,,,,,
1214.954997541994,unswapping,,,,,,,,,,,,,,,,,,,,,,,,,,,,,,,,,,,,,,,,,16,4,7536,1138,390,98,5,both,1,48,48,1,1,,,,,224,,,,,,,,,,,,,,,,,,,,,,,,,,,,,,,,,,,
1215.0328351249918,unswapping,,,,,,,,,,,,,,,,,,,,,,,,,,,,,,,,,,,,,,,,,16,4,7344,1130,390,98,5,left,0,49,49,1,2,,,,,224,,,,,,,,,,,,,,,,,,,,,,,,,,,,,,,,,,,
1215.110681582999,unswapping,,,,,,,,,,,,,,,,,,,,,,,,,,,,,,,,,,,,,,,,,16,4,7216,1122,390,98,5,left,1,48,48,1,3,,,,,224,,,,,,,,,,,,,,,,,,,,,,,,,,,,,,,,,,,
1215.151524874993,unswapping,,,,,,,,,,,,,,,,,,,,,,,,,,,,,,,,,,,,,,,,,16,4,7216,1122,390,98,5,right,0,49,49,0,3,,,,,224,,,,,,,,,,,,,,,,,,,,,,,,,,,,,,,,,,,
1215.1923711250129,unswapping,,,,,,,,,,,,,,,,,,,,,,,,,,,,,,,,,,,,,,,,,16,4,7216,1122,390,98,5,right,1,48,48,0,3,,,,,224,,,,,,,,,,,,,,,,,,,,,,,,,,,,,,,,,,,
1215.273764542013,unswapping,,,,,,,,,,,,,,,,,,,,,,,,,,,,,,,,,,,,,,,,,16,4,7216,1122,390,98,6,both,0,49,49,0,0,,,,,224,,,,,,,,,,,,,,,,,,,,,,,,,,,,,,,,,,,
1215.3556587920175,unswapping,,,,,,,,,,,,,,,,,,,,,,,,,,,,,,,,,,,,,,,,,16,4,7216,1122,390,98,6,both,1,48,48,0,0,,,,,224,,,,,,,,,,,,,,,,,,,,,,,,,,,,,,,,,,,
1215.3981765829958,unswapping,,,,,,,,,,,,,,,,,,,,,,,,,,,,,,,,,,,,,,,,,16,4,7216,1122,390,98,6,left,0,49,49,0,0,,,,,224,,,,,,,,,,,,,,,,,,,,,,,,,,,,,,,,,,,
1215.4406250829925,unswapping,,,,,,,,,,,,,,,,,,,,,,,,,,,,,,,,,,,,,,,,,16,4,7216,1122,390,98,6,left,1,48,48,0,0,,,,,224,,,,,,,,,,,,,,,,,,,,,,,,,,,,,,,,,,,
1215.4816887080087,unswapping,,,,,,,,,,,,,,,,,,,,,,,,,,,,,,,,,,,,,,,,,16,4,7216,1122,390,98,6,right,0,49,49,0,0,,,,,224,,,,,,,,,,,,,,,,,,,,,,,,,,,,,,,,,,,
1215.5223533330136,unswapping,,,,,,,,,,,,,,,,,,,,,,,,,,,,,,,,,,,,,,,,,16,4,7216,1122,390,98,6,right,1,48,48,0,0,,,,,224,,,,,,,,,,,,,,,,,,,,,,,,,,,,,,,,,,,
1215.5728117499966,unswap_cycle_summary,,,,,,30,19,49,,,,,,,,,,,,,,,,,,,4096,0.002,,,,,,,,,,,,,16,4,7216,1122,390,98,,,,,,,,,,,,,,,,,,,,19,50.183949708007276,49,1984,1935,2,False,,,,,,,,,,,,,,,,,,,,,
1228.6521129170142,rewiring,,,,,,,,,,,,,,,,,,,,,,,,,,,,,,,,,,,,,,,,,,,,,,,,,,,,,,,,,,,,,,,,,,19,,,,,,,left,post_unswap,13.077793875010684,20,2389,False,False,False,2,2,lookahead_total,8,False,1,123,"(853296, 853296, 256, 256, 1698, 20412, 2485)",2.789210874994751,10.288522957998794,"[{'seed': 123, 'score': (853296, 853296, 256, 256, 1698, 20412, 2485), 'num_layers': 2485, 'total_swaps': 20412, 'max_layer_swaps': 23, 'swap_only_layers': 1698, 'work_layers': 787, 'unitary_layers': 787, 'first_work_layer': 4, 'leading_no_work_layers': 4, 'lookahead_layers_scored': 8, 'lookahead_final_elems': 853296, 'lookahead_final_max_bond': 256, 'lookahead_peak_elems': 853296, 'lookahead_peak_max_bond': 256, 'lookahead_peak_bond_l2': 268177}, {'seed': 1132, 'score': (899616, 899616, 256, 256, 1873, 20960, 2676), 'num_layers': 2676, 'total_swaps': 20960, 'max_layer_swaps': 25, 'swap_only_layers': 1873, 'work_layers': 803, 'unitary_layers': 803, 'first_work_layer': 4, 'leading_no_work_layers': 4, 'lookahead_layers_scored': 8, 'lookahead_final_elems': 899616, 'lookahead_final_max_bond': 256, 'lookahead_peak_elems': 899616, 'lookahead_peak_max_bond': 256, 'lookahead_peak_bond_l2': 278617}]",13.077767209004378,21.931166958005633
1237.504669292015,rewiring,,,,,,,,,,,,,,,,,,,,,,,,,,,,,,,,,,,,,,,,,,,,,,,,,,,,,,,,,,,,,,,,,,19,,,,,,,right,post_unswap,8.851261125004385,20,2293,False,False,False,2,2,lookahead_total,8,False,1,1132,"(154352, 154352, 64, 64, 1307, 18139, 2057)",2.28081420797389,6.5703991659975145,"[{'seed': 123, 'score': (1407824, 1407824, 511, 511, 1559, 18100, 2336), 'num_layers': 2336, 'total_swaps': 18100, 'max_layer_swaps': 20, 'swap_only_layers': 1559, 'work_layers': 777, 'unitary_layers': 777, 'first_work_layer': 13, 'leading_no_work_layers': 13, 'lookahead_layers_scored': 8, 'lookahead_final_elems': 1407824, 'lookahead_final_max_bond': 511, 'lookahead_peak_elems': 1407824, 'lookahead_peak_max_bond': 511, 'lookahead_peak_bond_l2': 539152}, {'seed': 1132, 'score': (154352, 154352, 64, 64, 1307, 18139, 2057), 'num_layers': 2057, 'total_swaps': 18139, 'max_layer_swaps': 21, 'swap_only_layers': 1307, 'work_layers': 750, 'unitary_layers': 750, 'first_work_layer': 13, 'leading_no_work_layers': 13, 'lookahead_layers_scored': 8, 'lookahead_final_elems': 154352, 'lookahead_final_max_bond': 64, 'lookahead_peak_elems': 154352, 'lookahead_peak_max_bond': 64, 'lookahead_peak_bond_l2': 48763}]",8.851236749993404,21.931166958005633
1237.504761958,cycle_progress,,,,,,30,19,49,,,,,,,,,,,,,,,,,,,4096,0.002,,7220,0,,,,,,,,,,16,4,7216,1122,390,98,,,,,,,,,,,,,,,,,,,,19,,49,1984,1935,2,False,,,,,,,,,,,,,,,,,,,,,21.931166958005633
1237.667258958012,absorbing,L,1,0,2485,2057,30,19,49,23,0,0,0.052148791000945494,0.04972374998033047,0.10187254098127596,0.11007158400025219,7216,8864,16,16,False,False,False,False,7216,16,False,4096,0.002,,7216,0,total_elems,7216,8864,1,1,,,,0.0,16,4,7216,1122,390,98,,,,,,,,,,,,,,,,,,,,,,,,,,,,,,,,,,,,,,,,,,,,,,,
1237.774076792004,absorbing,R,1,1,2485,2057,30,19,49,11,0,0,0.05374958401080221,0.04887187498388812,0.10262145899469033,0.10366337501909584,14656,8864,32,16,False,False,False,False,8864,16,False,4096,0.002,,7216,0,total_elems,14656,8864,1,1,,,,0.0,16,4,8864,1250,390,98,,,,,,,,,,,,,,,,,,,,,,,,,,,,,,,,,,,,,,,,,,,,,,,
1237.8815361250017,absorbing,R,1,2,2485,2057,30,19,49,14,0,0,0.05282433400861919,0.05014887501602061,0.1029732090246398,0.10404629199183546,17248,15032,32,16,False,False,False,False,15032,16,False,4096,0.002,,7216,0,total_elems,17248,15032,1,1,,,,0.0,16,4,15032,1454,390,98,,,,,,,,,,,,,,,,,,,,,,,,,,,,,,,,,,,,,,,,,,,,,,,
1237.9931319580064,absorbing,L,2,2,2485,2057,30,19,49,23,0,0,0.05466649998561479,0.05252850000397302,0.10719499998958781,0.1082550419960171,24456,28356,32,64,False,False,False,False,24456,32,False,4096,0.002,,7216,0,total_elems,24456,28356,1,1,,,,0.0,32,4,24456,1778,390,98,,,,,,,,,,,,,,,,,,,,,,,,,,,,,,,,,,,,,,,,,,,,,,,
1238.1091435000126,absorbing,R,2,3,2485,2057,30,19,49,13,0,0,0.05783908400917426,0.053827541996724904,0.11166662600589916,0.11273574997903779,43896,40264,64,64,False,False,False,False,40264,64,False,4096,0.002,,7216,0,total_elems,43896,40264,1,1,,,,0.0,64,4,40264,2100,390,98,,,,,,,,,,,,,,,,,,,,,,,,,,,,,,,,,,,,,,,,,,,,,,,
1238.2647982500202,absorbing,R,2,4,2485,2057,30,19,49,12,0,0,0.07443691699882038,0.07612537499517202,0.1505622919939924,0.15186241702758707,78808,72024,64,64,False,False,False,False,72024,64,False,4096,0.002,,7216,0,total_elems,78808,72024,1,1,,,,0.0,64,4,72024,2436,390,98,,,,,,,,,,,,,,,,,,,,,,,,,,,,,,,,,,,,,,,,,,,,,,,
1238.43817829201,absorbing,R,2,5,2485,2057,30,19,49,12,0,0,0.0859149579773657,0.08280474998173304,0.16871970795909874,0.16993462498066947,116760,105784,64,64,False,False,False,False,105784,64,False,4096,0.002,,7216,0,total_elems,116760,105784,1,1,,,,0.0,64,4,105784,2810,390,98,,,,,,,,,,,,,,,,,,,,,,,,,,,,,,,,,,,,,,,,,,,,,,,
1238.6241440830054,absorbing,R,2,6,2485,2057,30,19,49,10,0,0,0.10248095900169574,0.07888716601883061,0.18136812502052635,0.18262162499013357,138904,120056,64,64,False,False,False,False,120056,64,False,4096,0.002,,7216,0,total_elems,138904,120056,1,1,,,,0.0,64,4,120056,3018,390,98,,,,,,,,,,,,,,,,,,,,,,,,,,,,,,,,,,,,,,,,,,,,,,,
1238.8234599580173,absorbing,R,2,7,2485,2057,30,19,49,11,0,0,0.11162679200060666,0.08311516599496827,0.19474195799557492,0.1960834579949733,162968,148468,64,64,False,False,False,False,148468,64,False,4096,0.002,,7216,0,total_elems,162968,148468,1,1,,,,0.0,64,4,148468,3384,390,98,,,,,,,,,,,,,,,,,,,,,,,,,,,,,,,,,,,,,,,,,,,,,,,
1239.0790687080007,absorbing,R,2,8,2485,2057,30,19,49,14,0,0,0.1379579580097925,0.10976462499820627,0.24772258300799876,0.24919554198277183,221524,201136,64,64,False,False,False,False,201136,64,False,4096,0.002,,7216,0,total_elems,221524,201136,1,1,,,,0.0,64,4,201136,3902,390,98,,,,,,,,,,,,,,,,,,,,,,,,,,,,,,,,,,,,,,,,,,,,,,,
1239.350627500011,absorbing,R,2,9,2485,2057,30,19,49,13,0,0,0.15095437498530373,0.11589275000733323,0.26684712499263696,0.26811608299613,288464,278956,64,64,False,False,False,False,278956,64,False,4096,0.002,,7216,0,total_elems,288464,278956,1,1,,,,0.0,64,4,278956,4472,390,98,,,,,,,,,,,,,,,,,,,,,,,,,,,,,,,,,,,,,,,,,,,,,,,
1239.8928075000003,absorbing,L,3,9,2485,2057,30,19,49,22,0,0,0.290755750000244,0.2464987499988638,0.5372544999991078,0.5386511250108015,450380,535848,256,256,False,False,False,False,450380,256,False,4096,0.002,,7216,0,total_elems,450380,535848,1,1,,,,0.0,256,4,450380,5444,390,98,,,,,,,,,,,,,,,,,,,,,,,,,,,,,,,,,,,,,,,,,,,,,,,
1240.9621909169946,absorbing,L,4,9,2485,2057,30,19,49,19,0,0,0.42643616697750986,0.6381186670041643,1.0645548339816742,1.0658614589774515,797196,1083848,256,256,False,False,False,True,797196,256,False,4096,0.002,,7216,0,total_elems,797196,1083848,1,1,,,,0.0,256,4,797196,7168,390,98,,,,,,,,,,,,,,,,,,,,,,,,,,,,,,,,,,,,,,,,,,,,,,,
1257.8430406250118,unswapping,,,,,,,,,,,,,,,,,,,,,,,,,,,,,,,,,,,,,,,,,256,4,2183852,9544,390,98,0,both,0,49,49,5,5,,,,,0,,,,,,,,,,,,,,,,,,,,,,,,,,,,,,,,,,,
1291.5018926670018,unswapping,,,,,,,,,,,,,,,,,,,,,,,,,,,,,,,,,,,,,,,,,256,4,1875180,8552,390,98,0,both,1,48,48,11,16,,,,,0,,,,,,,,,,,,,,,,,,,,,,,,,,,,,,,,,,,
1301.2912759580067,unswapping,,,,,,,,,,,,,,,,,,,,,,,,,,,,,,,,,,,,,,,,,256,4,634972,6076,390,98,0,left,0,49,49,17,33,,,,,34,,,,,,,,,,,,,,,,,,,,,,,,,,,,,,,,,,,
1302.787446250004,unswapping,,,,,,,,,,,,,,,,,,,,,,,,,,,,,,,,,,,,,,,,,64,4,249916,4096,390,98,0,left,1,48,48,22,55,,,,,78,,,,,,,,,,,,,,,,,,,,,,,,,,,,,,,,,,,
1303.2802126250172,unswapping,,,,,,,,,,,,,,,,,,,,,,,,,,,,,,,,,,,,,,,,,64,4,234160,3822,390,98,0,right,0,49,49,11,66,,,,,92,,,,,,,,,,,,,,,,,,,,,,,,,,,,,,,,,,,
1303.8089784170152,unswapping,,,,,,,,,,,,,,,,,,,,,,,,,,,,,,,,,,,,,,,,,64,4,190020,3484,390,98,0,right,1,48,48,8,74,,,,,108,,,,,,,,,,,,,,,,,,,,,,,,,,,,,,,,,,,
1304.5338610420004,unswapping,,,,,,,,,,,,,,,,,,,,,,,,,,,,,,,,,,,,,,,,,64,4,86696,2710,390,98,1,both,0,49,49,19,19,,,,,138,,,,,,,,,,,,,,,,,,,,,,,,,,,,,,,,,,,
1304.8786308330018,unswapping,,,,,,,,,,,,,,,,,,,,,,,,,,,,,,,,,,,,,,,,,32,4,53864,2254,390,98,1,both,1,48,48,9,28,,,,,150,,,,,,,,,,,,,,,,,,,,,,,,,,,,,,,,,,,
1305.023641458014,unswapping,,,,,,,,,,,,,,,,,,,,,,,,,,,,,,,,,,,,,,,,,32,4,46136,2074,390,98,1,left,0,49,49,8,36,,,,,166,,,,,,,,,,,,,,,,,,,,,,,,,,,,,,,,,,,
1305.1694679580105,unswapping,,,,,,,,,,,,,,,,,,,,,,,,,,,,,,,,,,,,,,,,,32,4,36840,1914,390,98,1,left,1,48,48,9,45,,,,,182,,,,,,,,,,,,,,,,,,,,,,,,,,,,,,,,,,,
1305.2929598329938,unswapping,,,,,,,,,,,,,,,,,,,,,,,,,,,,,,,,,,,,,,,,,32,4,28428,1748,390,98,1,right,0,49,49,8,53,,,,,188,,,,,,,,,,,,,,,,,,,,,,,,,,,,,,,,,,,
1305.4083692920103,unswapping,,,,,,,,,,,,,,,,,,,,,,,,,,,,,,,,,,,,,,,,,32,4,23148,1636,390,98,1,right,1,48,48,6,59,,,,,198,,,,,,,,,,,,,,,,,,,,,,,,,,,,,,,,,,,
1305.6186450830137,unswapping,,,,,,,,,,,,,,,,,,,,,,,,,,,,,,,,,,,,,,,,,32,4,19468,1530,390,98,2,both,0,49,49,8,8,,,,,206,,,,,,,,,,,,,,,,,,,,,,,,,,,,,,,,,,,
1305.8221279169957,unswapping,,,,,,,,,,,,,,,,,,,,,,,,,,,,,,,,,,,,,,,,,32,4,16084,1438,390,98,2,both,1,48,48,8,16,,,,,220,,,,,,,,,,,,,,,,,,,,,,,,,,,,,,,,,,,
1305.9262960829947,unswapping,,,,,,,,,,,,,,,,,,,,,,,,,,,,,,,,,,,,,,,,,16,4,14196,1386,390,98,2,left,0,49,49,3,19,,,,,224,,,,,,,,,,,,,,,,,,,,,,,,,,,,,,,,,,,
1306.012404375011,unswapping,,,,,,,,,,,,,,,,,,,,,,,,,,,,,,,,,,,,,,,,,16,4,13428,1370,390,98,2,left,1,48,48,1,20,,,,,226,,,,,,,,,,,,,,,,,,,,,,,,,,,,,,,,,,,
1306.1158071249956,unswapping,,,,,,,,,,,,,,,,,,,,,,,,,,,,,,,,,,,,,,,,,16,4,11188,1306,390,98,2,right,0,49,49,4,24,,,,,230,,,,,,,,,,,,,,,,,,,,,,,,,,,,,,,,,,,
1306.21474270802,unswapping,,,,,,,,,,,,,,,,,,,,,,,,,,,,,,,,,,,,,,,,,16,4,10372,1278,390,98,2,right,1,48,48,3,27,,,,,232,,,,,,,,,,,,,,,,,,,,,,,,,,,,,,,,,,,
1306.393876749993,unswapping,,,,,,,,,,,,,,,,,,,,,,,,,,,,,,,,,,,,,,,,,16,4,9548,1242,390,98,3,both,0,49,49,4,4,,,,,238,,,,,,,,,,,,,,,,,,,,,,,,,,,,,,,,,,,
1306.5694315420114,unswapping,,,,,,,,,,,,,,,,,,,,,,,,,,,,,,,,,,,,,,,,,16,4,9056,1216,390,98,3,both,1,48,48,3,7,,,,,244,,,,,,,,,,,,,,,,,,,,,,,,,,,,,,,,,,,
1306.6492451670056,unswapping,,,,,,,,,,,,,,,,,,,,,,,,,,,,,,,,,,,,,,,,,16,4,8800,1208,390,98,3,left,0,49,49,1,8,,,,,244,,,,,,,,,,,,,,,,,,,,,,,,,,,,,,,,,,,
1306.6923514580121,unswapping,,,,,,,,,,,,,,,,,,,,,,,,,,,,,,,,,,,,,,,,,16,4,8800,1208,390,98,3,left,1,48,48,0,8,,,,,244,,,,,,,,,,,,,,,,,,,,,,,,,,,,,,,,,,,
1306.7689722499927,unswapping,,,,,,,,,,,,,,,,,,,,,,,,,,,,,,,,,,,,,,,,,16,4,8704,1200,390,98,3,right,0,49,49,1,9,,,,,246,,,,,,,,,,,,,,,,,,,,,,,,,,,,,,,,,,,
1306.8494968330197,unswapping,,,,,,,,,,,,,,,,,,,,,,,,,,,,,,,,,,,,,,,,,16,4,8512,1192,390,98,3,right,1,48,48,1,10,,,,,246,,,,,,,,,,,,,,,,,,,,,,,,,,,,,,,,,,,
1307.0292648750183,unswapping,,,,,,,,,,,,,,,,,,,,,,,,,,,,,,,,,,,,,,,,,16,4,8452,1186,390,98,4,both,0,49,49,1,1,,,,,248,,,,,,,,,,,,,,,,,,,,,,,,,,,,,,,,,,,
1307.1175124169968,unswapping,,,,,,,,,,,,,,,,,,,,,,,,,,,,,,,,,,,,,,,,,16,4,8452,1186,390,98,4,both,1,48,48,0,1,,,,,248,,,,,,,,,,,,,,,,,,,,,,,,,,,,,,,,,,,
1307.1971677500114,unswapping,,,,,,,,,,,,,,,,,,,,,,,,,,,,,,,,,,,,,,,,,16,4,8404,1182,390,98,4,left,0,49,49,1,2,,,,,248,,,,,,,,,,,,,,,,,,,,,,,,,,,,,,,,,,,
1307.292101458006,unswapping,,,,,,,,,,,,,,,,,,,,,,,,,,,,,,,,,,,,,,,,,16,4,8364,1178,390,98,4,left,1,48,48,1,3,,,,,250,,,,,,,,,,,,,,,,,,,,,,,,,,,,,,,,,,,
1307.3725817920058,unswapping,,,,,,,,,,,,,,,,,,,,,,,,,,,,,,,,,,,,,,,,,16,4,8172,1166,390,98,4,right,0,49,49,1,4,,,,,250,,,,,,,,,,,,,,,,,,,,,,,,,,,,,,,,,,,
1307.4178654580028,unswapping,,,,,,,,,,,,,,,,,,,,,,,,,,,,,,,,,,,,,,,,,16,4,8172,1166,390,98,4,right,1,48,48,0,4,,,,,250,,,,,,,,,,,,,,,,,,,,,,,,,,,,,,,,,,,
1307.5975994580076,unswapping,,,,,,,,,,,,,,,,,,,,,,,,,,,,,,,,,,,,,,,,,16,4,8124,1162,390,98,5,both,0,49,49,1,1,,,,,252,,,,,,,,,,,,,,,,,,,,,,,,,,,,,,,,,,,
1307.7540593750018,unswapping,,,,,,,,,,,,,,,,,,,,,,,,,,,,,,,,,,,,,,,,,16,4,8112,1160,390,98,5,both,1,48,48,1,2,,,,,252,,,,,,,,,,,,,,,,,,,,,,,,,,,,,,,,,,,
1307.7974102500011,unswapping,,,,,,,,,,,,,,,,,,,,,,,,,,,,,,,,,,,,,,,,,16,4,8112,1160,390,98,5,left,0,49,49,0,2,,,,,252,,,,,,,,,,,,,,,,,,,,,,,,,,,,,,,,,,,
1307.842996042018,unswapping,,,,,,,,,,,,,,,,,,,,,,,,,,,,,,,,,,,,,,,,,16,4,8112,1160,390,98,5,left,1,48,48,0,2,,,,,252,,,,,,,,,,,,,,,,,,,,,,,,,,,,,,,,,,,
1307.8904440000188,unswapping,,,,,,,,,,,,,,,,,,,,,,,,,,,,,,,,,,,,,,,,,16,4,8112,1160,390,98,5,right,0,49,49,0,2,,,,,252,,,,,,,,,,,,,,,,,,,,,,,,,,,,,,,,,,,
1307.9718971250113,unswapping,,,,,,,,,,,,,,,,,,,,,,,,,,,,,,,,,,,,,,,,,16,4,8064,1156,390,98,5,right,1,48,48,1,3,,,,,252,,,,,,,,,,,,,,,,,,,,,,,,,,,,,,,,,,,
1308.1503886670107,unswapping,,,,,,,,,,,,,,,,,,,,,,,,,,,,,,,,,,,,,,,,,16,4,8004,1150,390,98,6,both,0,49,49,2,2,,,,,254,,,,,,,,,,,,,,,,,,,,,,,,,,,,,,,,,,,
1308.3067444580083,unswapping,,,,,,,,,,,,,,,,,,,,,,,,,,,,,,,,,,,,,,,,,16,4,7992,1148,390,98,6,both,1,48,48,1,3,,,,,256,,,,,,,,,,,,,,,,,,,,,,,,,,,,,,,,,,,
1308.3500148330058,unswapping,,,,,,,,,,,,,,,,,,,,,,,,,,,,,,,,,,,,,,,,,16,4,7992,1148,390,98,6,left,0,49,49,0,3,,,,,256,,,,,,,,,,,,,,,,,,,,,,,,,,,,,,,,,,,
1308.4464119170152,unswapping,,,,,,,,,,,,,,,,,,,,,,,,,,,,,,,,,,,,,,,,,16,4,7944,1144,390,98,6,left,1,48,48,1,4,,,,,256,,,,,,,,,,,,,,,,,,,,,,,,,,,,,,,,,,,
1308.4933928750106,unswapping,,,,,,,,,,,,,,,,,,,,,,,,,,,,,,,,,,,,,,,,,16,4,7944,1144,390,98,6,right,0,49,49,0,4,,,,,256,,,,,,,,,,,,,,,,,,,,,,,,,,,,,,,,,,,
1308.5391483750136,unswapping,,,,,,,,,,,,,,,,,,,,,,,,,,,,,,,,,,,,,,,,,16,4,7944,1144,390,98,6,right,1,48,48,0,4,,,,,256,,,,,,,,,,,,,,,,,,,,,,,,,,,,,,,,,,,
1308.631998166995,unswapping,,,,,,,,,,,,,,,,,,,,,,,,,,,,,,,,,,,,,,,,,16,4,7944,1144,390,98,7,both,0,49,49,0,0,,,,,256,,,,,,,,,,,,,,,,,,,,,,,,,,,,,,,,,,,
1308.7185005420179,unswapping,,,,,,,,,,,,,,,,,,,,,,,,,,,,,,,,,,,,,,,,,16,4,7944,1144,390,98,7,both,1,48,48,0,0,,,,,256,,,,,,,,,,,,,,,,,,,,,,,,,,,,,,,,,,,
1308.7624762920022,unswapping,,,,,,,,,,,,,,,,,,,,,,,,,,,,,,,,,,,,,,,,,16,4,7944,1144,390,98,7,left,0,49,49,0,0,,,,,256,,,,,,,,,,,,,,,,,,,,,,,,,,,,,,,,,,,
1308.8053123750142,unswapping,,,,,,,,,,,,,,,,,,,,,,,,,,,,,,,,,,,,,,,,,16,4,7944,1144,390,98,7,left,1,48,48,0,0,,,,,256,,,,,,,,,,,,,,,,,,,,,,,,,,,,,,,,,,,
1308.852704000019,unswapping,,,,,,,,,,,,,,,,,,,,,,,,,,,,,,,,,,,,,,,,,16,4,7944,1144,390,98,7,right,0,49,49,0,0,,,,,256,,,,,,,,,,,,,,,,,,,,,,,,,,,,,,,,,,,
1308.898608916992,unswapping,,,,,,,,,,,,,,,,,,,,,,,,,,,,,,,,,,,,,,,,,16,4,7944,1144,390,98,7,right,1,48,48,0,0,,,,,256,,,,,,,,,,,,,,,,,,,,,,,,,,,,,,,,,,,
1308.952867792017,unswap_cycle_summary,,,,,,30,19,49,,,,,,,,,,,,,,,,,,,4096,0.002,,,,,,,,,,,,,16,4,7944,1144,390,98,,,,,,,,,,,,,,,,,,,,20,65.39514224999584,49,1984,1935,0,False,,,,,,,,,,,,,,,,,,,,,
1321.5647463329951,rewiring,,,,,,,,,,,,,,,,,,,,,,,,,,,,,,,,,,,,,,,,,,,,,,,,,,,,,,,,,,,,,,,,,,20,,,,,,,left,post_unswap,12.61078779201489,20,2483,False,False,False,0,2,lookahead_total,8,False,1,123,"(379676, 379676, 256, 256, 1560, 20372, 2325)",2.9243263750104234,9.68642433299101,"[{'seed': 123, 'score': (379676, 379676, 256, 256, 1560, 20372, 2325), 'num_layers': 2325, 'total_swaps': 20372, 'max_layer_swaps': 22, 'swap_only_layers': 1560, 'work_layers': 765, 'unitary_layers': 765, 'first_work_layer': 8, 'leading_no_work_layers': 8, 'lookahead_layers_scored': 8, 'lookahead_final_elems': 379676, 'lookahead_final_max_bond': 256, 'lookahead_peak_elems': 379676, 'lookahead_peak_max_bond': 256, 'lookahead_peak_bond_l2': 147598}, {'seed': 1132, 'score': (586924, 586924, 256, 256, 1687, 20404, 2481), 'num_layers': 2481, 'total_swaps': 20404, 'max_layer_swaps': 21, 'swap_only_layers': 1687, 'work_layers': 794, 'unitary_layers': 794, 'first_work_layer': 8, 'leading_no_work_layers': 8, 'lookahead_layers_scored': 8, 'lookahead_final_elems': 586924, 'lookahead_final_max_bond': 256, 'lookahead_peak_elems': 586924, 'lookahead_peak_max_bond': 256, 'lookahead_peak_bond_l2': 238090}]",12.610774124972522,21.979212124977494
1330.9327602919948,rewiring,,,,,,,,,,,,,,,,,,,,,,,,,,,,,,,,,,,,,,,,,,,,,,,,,,,,,,,,,,,,,,,,,,20,,,,,,,right,post_unswap,9.367659708019346,20,2050,False,False,False,0,2,lookahead_total,8,False,1,123,"(312752, 312752, 128, 128, 1325, 17946, 2086)",2.880297874013195,6.487332040967885,"[{'seed': 123, 'score': (312752, 312752, 128, 128, 1325, 17946, 2086), 'num_layers': 2086, 'total_swaps': 17946, 'max_layer_swaps': 22, 'swap_only_layers': 1325, 'work_layers': 761, 'unitary_layers': 761, 'first_work_layer': 10, 'leading_no_work_layers': 10, 'lookahead_layers_scored': 8, 'lookahead_final_elems': 312752, 'lookahead_final_max_bond': 128, 'lookahead_peak_elems': 312752, 'lookahead_peak_max_bond': 128, 'lookahead_peak_bond_l2': 93511}, {'seed': 1132, 'score': (1310048, 1310048, 511, 511, 1463, 18313, 2219), 'num_layers': 2219, 'total_swaps': 18313, 'max_layer_swaps': 23, 'swap_only_layers': 1463, 'work_layers': 756, 'unitary_layers': 756, 'first_work_layer': 11, 'leading_no_work_layers': 11, 'lookahead_layers_scored': 8, 'lookahead_final_elems': 1310048, 'lookahead_final_max_bond': 511, 'lookahead_peak_elems': 1310048, 'lookahead_peak_max_bond': 511, 'lookahead_peak_bond_l2': 462004}]",9.367651458014734,21.979212124977494
1330.932893374993,cycle_progress,,,,,,30,19,49,,,,,,,,,,,,,,,,,,,4096,0.002,,7216,0,,,,,,,,,,16,4,7944,1144,390,98,,,,,,,,,,,,,,,,,,,,20,,49,1984,1935,0,False,,,,,,,,,,,,,,,,,,,,,21.979212124977494
1331.102725500008,absorbing,L,1,0,2325,2086,30,19,49,21,0,0,0.053148916020290926,0.05103895900538191,0.10418787502567284,0.11396091600181535,7944,12156,16,32,False,False,False,False,7944,16,False,4096,0.002,,7944,1,total_elems,7944,12156,1,1,,,,0.0,16,4,7944,1144,390,98,,,,,,,,,,,,,,,,,,,,,,,,,,,,,,,,,,,,,,,,,,,,,,,
1331.211308583006,absorbing,R,1,1,2325,2086,30,19,49,15,0,0,0.053457917005289346,0.05028254198259674,0.10374045898788609,0.10516537498915568,13072,12156,16,32,False,False,False,False,12156,32,False,4096,0.002,,7944,1,total_elems,13072,12156,1,1,,,,0.0,32,4,12156,1344,390,98,,,,,,,,,,,,,,,,,,,,,,,,,,,,,,,,,,,,,,,,,,,,,,,
1331.3214792500075,absorbing,L,2,1,2325,2086,30,19,49,21,0,0,0.053832707984838635,0.051648791995830834,0.10548149998066947,0.1066343330021482,19844,20488,32,32,False,False,False,False,19844,32,False,4096,0.002,,7944,1,total_elems,19844,20488,1,1,,,,0.0,32,4,19844,1624,390,98,,,,,,,,,,,,,,,,,,,,,,,,,,,,,,,,,,,,,,,,,,,,,,,
1331.435280958016,absorbing,R,2,2,2325,2086,30,19,49,15,0,0,0.055595749989151955,0.053700750024290755,0.10929650001344271,0.11040579198743217,31420,30424,32,32,False,False,False,False,30424,32,False,4096,0.002,,7944,1,total_elems,31420,30424,1,1,,,,0.0,32,4,30424,1888,390,98,,,,,,,,,,,,,,,,,,,,,,,,,,,,,,,,,,,,,,,,,,,,,,,
1331.5546315000101,absorbing,R,2,3,2325,2086,30,19,49,14,0,0,0.05896487497375347,0.0557055420067627,0.11467041698051617,0.11578933298005722,49364,42808,64,32,False,False,False,False,42808,32,False,4096,0.002,,7944,1,total_elems,49364,42808,1,1,,,,0.0,32,4,42808,2158,390,98,,,,,,,,,,,,,,,,,,,,,,,,,,,,,,,,,,,,,,,,,,,,,,,
1331.6943534169986,absorbing,L,3,3,2325,2086,30,19,49,18,0,0,0.0654542499978561,0.06932174999383278,0.13477599999168888,0.1362770000123419,64724,67320,64,64,False,False,False,False,64724,64,False,4096,0.002,,7944,1,total_elems,64724,67320,1,1,,,,0.0,64,4,64724,2664,390,98,,,,,,,,,,,,,,,,,,,,,,,,,,,,,,,,,,,,,,,,,,,,,,,
1331.857549917011,absorbing,R,3,4,2325,2086,30,19,49,12,0,0,0.08290312497410923,0.0754237090004608,0.15832683397457004,0.1596732919861097,121856,100308,64,64,False,False,False,False,100308,64,False,4096,0.002,,7944,1,total_elems,121856,100308,1,1,,,,0.0,64,4,100308,3144,390,98,,,,,,,,,,,,,,,,,,,,,,,,,,,,,,,,,,,,,,,,,,,,,,,
1332.0479204170115,absorbing,R,3,5,2325,2086,30,19,49,12,0,0,0.1004390419984702,0.08530437498120591,0.1857434169796761,0.18698054100968875,175296,149204,64,64,False,False,False,False,149204,64,False,4096,0.002,,7944,1,total_elems,175296,149204,1,1,,,,0.0,64,4,149204,3576,390,98,,,,,,,,,,,,,,,,,,,,,,,,,,,,,,,,,,,,,,,,,,,,,,,
1332.2897998749977,absorbing,R,3,6,2325,2086,30,19,49,11,0,0,0.13194512500194833,0.10487325000576675,0.23681837500771508,0.23805541699402966,243392,212160,64,64,False,False,False,False,212160,64,False,4096,0.002,,7944,1,total_elems,243392,212160,1,1,,,,0.0,64,4,212160,4098,390,98,,,,,,,,,,,,,,,,,,,,,,,,,,,,,,,,,,,,,,,,,,,,,,,
1332.5822882080101,absorbing,R,3,7,2325,2086,30,19,49,10,0,0,0.16034170798957348,0.1274013750080485,0.28774308299762197,0.2890725000179373,311472,306988,128,128,False,False,False,False,306988,128,False,4096,0.002,,7944,1,total_elems,311472,306988,1,1,,,,0.0,128,4,306988,4684,390,98,,,,,,,,,,,,,,,,,,,,,,,,,,,,,,,,,,,,,,,,,,,,,,,
1333.1475372920104,absorbing,L,4,7,2325,2086,30,19,49,17,0,0,0.32445387498592027,0.23555508302524686,0.5600089580111671,0.5617212910146918,497580,519080,256,256,False,False,False,False,497580,256,False,4096,0.002,,7944,1,total_elems,497580,519080,1,1,,,,0.0,256,4,497580,5628,390,98,,,,,,,,,,,,,,,,,,,,,,,,,,,,,,,,,,,,,,,,,,,,,,,
1334.1109121250047,absorbing,R,4,8,2325,2086,30,19,49,12,0,0,0.48755958300898783,0.47040566700161435,0.9579652500106022,0.959729916008655,892716,876712,256,256,False,False,False,False,876712,256,False,4096,0.002,,7944,1,total_elems,892716,876712,1,1,,,,0.0,256,4,876712,6754,390,98,,,,,,,,,,,,,,,,,,,,,,,,,,,,,,,,,,,,,,,,,,,,,,,
1358.1195782500145,unswapping,,,,,,,,,,,,,,,,,,,,,,,,,,,,,,,,,,,,,,,,,256,4,1405800,8018,390,98,0,both,0,49,49,5,5,,,,,0,,,,,,,,,,,,,,,,,,,,,,,,,,,,,,,,,,,
1367.2451654580072,unswapping,,,,,,,,,,,,,,,,,,,,,,,,,,,,,,,,,,,,,,,,,256,4,871096,6258,390,98,0,both,1,48,48,14,19,,,,,0,,,,,,,,,,,,,,,,,,,,,,,,,,,,,,,,,,,
1369.8822690420202,unswapping,,,,,,,,,,,,,,,,,,,,,,,,,,,,,,,,,,,,,,,,,256,4,663672,5286,390,98,0,left,0,49,49,15,34,,,,,30,,,,,,,,,,,,,,,,,,,,,,,,,,,,,,,,,,,
1373.4613273330033,unswapping,,,,,,,,,,,,,,,,,,,,,,,,,,,,,,,,,,,,,,,,,256,4,338120,4346,390,98,0,left,1,48,48,15,49,,,,,60,,,,,,,,,,,,,,,,,,,,,,,,,,,,,,,,,,,
1374.29987037502,unswapping,,,,,,,,,,,,,,,,,,,,,,,,,,,,,,,,,,,,,,,,,64,4,198384,3638,390,98,0,right,0,49,49,9,58,,,,,70,,,,,,,,,,,,,,,,,,,,,,,,,,,,,,,,,,,
1374.718973458017,unswapping,,,,,,,,,,,,,,,,,,,,,,,,,,,,,,,,,,,,,,,,,64,4,146420,3224,390,98,0,right,1,48,48,10,68,,,,,86,,,,,,,,,,,,,,,,,,,,,,,,,,,,,,,,,,,
1375.436426417,unswapping,,,,,,,,,,,,,,,,,,,,,,,,,,,,,,,,,,,,,,,,,64,4,116552,2806,390,98,1,both,0,49,49,14,14,,,,,112,,,,,,,,,,,,,,,,,,,,,,,,,,,,,,,,,,,
1375.9913934170036,unswapping,,,,,,,,,,,,,,,,,,,,,,,,,,,,,,,,,,,,,,,,,64,4,78492,2468,390,98,1,both,1,48,48,11,25,,,,,132,,,,,,,,,,,,,,,,,,,,,,,,,,,,,,,,,,,
1376.1699944580032,unswapping,,,,,,,,,,,,,,,,,,,,,,,,,,,,,,,,,,,,,,,,,64,4,68316,2268,390,98,1,left,0,49,49,6,31,,,,,144,,,,,,,,,,,,,,,,,,,,,,,,,,,,,,,,,,,
1376.3539187080169,unswapping,,,,,,,,,,,,,,,,,,,,,,,,,,,,,,,,,,,,,,,,,64,4,64428,2164,390,98,1,left,1,48,48,8,39,,,,,156,,,,,,,,,,,,,,,,,,,,,,,,,,,,,,,,,,,
1376.5124903749966,unswapping,,,,,,,,,,,,,,,,,,,,,,,,,,,,,,,,,,,,,,,,,64,4,50604,2020,390,98,1,right,0,49,49,5,44,,,,,162,,,,,,,,,,,,,,,,,,,,,,,,,,,,,,,,,,,
1376.6546151670045,unswapping,,,,,,,,,,,,,,,,,,,,,,,,,,,,,,,,,,,,,,,,,32,4,37292,1896,390,98,1,right,1,48,48,4,48,,,,,168,,,,,,,,,,,,,,,,,,,,,,,,,,,,,,,,,,,
1376.913311625016,unswapping,,,,,,,,,,,,,,,,,,,,,,,,,,,,,,,,,,,,,,,,,32,4,29576,1742,390,98,2,both,0,49,49,10,10,,,,,190,,,,,,,,,,,,,,,,,,,,,,,,,,,,,,,,,,,
1377.1548582079995,unswapping,,,,,,,,,,,,,,,,,,,,,,,,,,,,,,,,,,,,,,,,,32,4,23580,1596,390,98,2,both,1,48,48,10,20,,,,,212,,,,,,,,,,,,,,,,,,,,,,,,,,,,,,,,,,,
1377.269771042018,unswapping,,,,,,,,,,,,,,,,,,,,,,,,,,,,,,,,,,,,,,,,,32,4,21108,1536,390,98,2,left,0,49,49,4,24,,,,,216,,,,,,,,,,,,,,,,,,,,,,,,,,,,,,,,,,,
1377.3868559580005,unswapping,,,,,,,,,,,,,,,,,,,,,,,,,,,,,,,,,,,,,,,,,32,4,17684,1450,390,98,2,left,1,48,48,7,31,,,,,224,,,,,,,,,,,,,,,,,,,,,,,,,,,,,,,,,,,
1377.4969507500064,unswapping,,,,,,,,,,,,,,,,,,,,,,,,,,,,,,,,,,,,,,,,,32,4,14808,1352,390,98,2,right,0,49,49,7,38,,,,,232,,,,,,,,,,,,,,,,,,,,,,,,,,,,,,,,,,,
1377.6029333750193,unswapping,,,,,,,,,,,,,,,,,,,,,,,,,,,,,,,,,,,,,,,,,32,4,13752,1316,390,98,2,right,1,48,48,3,41,,,,,236,,,,,,,,,,,,,,,,,,,,,,,,,,,,,,,,,,,
1377.7949227920035,unswapping,,,,,,,,,,,,,,,,,,,,,,,,,,,,,,,,,,,,,,,,,32,4,13020,1282,390,98,3,both,0,49,49,3,3,,,,,242,,,,,,,,,,,,,,,,,,,,,,,,,,,,,,,,,,,
1377.9676248750184,unswapping,,,,,,,,,,,,,,,,,,,,,,,,,,,,,,,,,,,,,,,,,32,4,13008,1280,390,98,3,both,1,48,48,1,4,,,,,244,,,,,,,,,,,,,,,,,,,,,,,,,,,,,,,,,,,
1378.0717700420064,unswapping,,,,,,,,,,,,,,,,,,,,,,,,,,,,,,,,,,,,,,,,,32,4,12800,1268,390,98,3,left,0,49,49,2,6,,,,,248,,,,,,,,,,,,,,,,,,,,,,,,,,,,,,,,,,,
1378.1763867500122,unswapping,,,,,,,,,,,,,,,,,,,,,,,,,,,,,,,,,,,,,,,,,32,4,12672,1256,390,98,3,left,1,48,48,2,8,,,,,250,,,,,,,,,,,,,,,,,,,,,,,,,,,,,,,,,,,
1378.276311583002,unswapping,,,,,,,,,,,,,,,,,,,,,,,,,,,,,,,,,,,,,,,,,32,4,12512,1248,390,98,3,right,0,49,49,1,9,,,,,252,,,,,,,,,,,,,,,,,,,,,,,,,,,,,,,,,,,
1378.3232045420154,unswapping,,,,,,,,,,,,,,,,,,,,,,,,,,,,,,,,,,,,,,,,,32,4,12512,1248,390,98,3,right,1,48,48,0,9,,,,,252,,,,,,,,,,,,,,,,,,,,,,,,,,,,,,,,,,,
1378.4210429170053,unswapping,,,,,,,,,,,,,,,,,,,,,,,,,,,,,,,,,,,,,,,,,32,4,12512,1248,390,98,4,both,0,49,49,0,0,,,,,252,,,,,,,,,,,,,,,,,,,,,,,,,,,,,,,,,,,
1378.516967250005,unswapping,,,,,,,,,,,,,,,,,,,,,,,,,,,,,,,,,,,,,,,,,32,4,12512,1248,390,98,4,both,1,48,48,0,0,,,,,252,,,,,,,,,,,,,,,,,,,,,,,,,,,,,,,,,,,
1378.5648357080063,unswapping,,,,,,,,,,,,,,,,,,,,,,,,,,,,,,,,,,,,,,,,,32,4,12512,1248,390,98,4,left,0,49,49,0,0,,,,,252,,,,,,,,,,,,,,,,,,,,,,,,,,,,,,,,,,,
1378.6122078330081,unswapping,,,,,,,,,,,,,,,,,,,,,,,,,,,,,,,,,,,,,,,,,32,4,12512,1248,390,98,4,left,1,48,48,0,0,,,,,252,,,,,,,,,,,,,,,,,,,,,,,,,,,,,,,,,,,
1378.6601862079988,unswapping,,,,,,,,,,,,,,,,,,,,,,,,,,,,,,,,,,,,,,,,,32,4,12512,1248,390,98,4,right,0,49,49,0,0,,,,,252,,,,,,,,,,,,,,,,,,,,,,,,,,,,,,,,,,,
1378.7085668329964,unswapping,,,,,,,,,,,,,,,,,,,,,,,,,,,,,,,,,,,,,,,,,32,4,12512,1248,390,98,4,right,1,48,48,0,0,,,,,252,,,,,,,,,,,,,,,,,,,,,,,,,,,,,,,,,,,
1378.765699917014,unswap_cycle_summary,,,,,,30,19,49,,,,,,,,,,,,,,,,,,,4096,0.002,,,,,,,,,,,,,32,4,12512,1248,390,98,,,,,,,,,,,,,,,,,,,,21,42.82275912500336,49,1984,1935,0,False,,,,,,,,,,,,,,,,,,,,,
1400.2371612499992,rewiring,,,,,,,,,,,,,,,,,,,,,,,,,,,,,,,,,,,,,,,,,,,,,,,,,,,,,,,,,,,,,,,,,,21,,,,,,,left,post_unswap,21.47021854101331,20,2323,False,False,False,0,2,lookahead_total,8,False,1,123,"(2616968, 2616968, 1022, 1022, 1816, 20853, 2597)",10.580933208984789,10.889241374999983,"[{'seed': 123, 'score': (2616968, 2616968, 1022, 1022, 1816, 20853, 2597), 'num_layers': 2597, 'total_swaps': 20853, 'max_layer_swaps': 25, 'swap_only_layers': 1816, 'work_layers': 781, 'unitary_layers': 781, 'first_work_layer': 6, 'leading_no_work_layers': 6, 'lookahead_layers_scored': 8, 'lookahead_final_elems': 2616968, 'lookahead_final_max_bond': 1022, 'lookahead_peak_elems': 2616968, 'lookahead_peak_max_bond': 1022, 'lookahead_peak_bond_l2': 1334701}, {'seed': 1132, 'score': (3290476, 3290476, 1022, 1022, 1736, 20698, 2535), 'num_layers': 2535, 'total_swaps': 20698, 'max_layer_swaps': 25, 'swap_only_layers': 1736, 'work_layers': 799, 'unitary_layers': 799, 'first_work_layer': 6, 'leading_no_work_layers': 6, 'lookahead_layers_scored': 8, 'lookahead_final_elems': 3290476, 'lookahead_final_max_bond': 1022, 'lookahead_peak_elems': 3290476, 'lookahead_peak_max_bond': 1022, 'lookahead_peak_bond_l2': 1541422}]",21.47020574999624,32.66019570801291
1411.4266131670156,rewiring,,,,,,,,,,,,,,,,,,,,,,,,,,,,,,,,,,,,,,,,,,,,,,,,,,,,,,,,,,,,,,,,,,21,,,,,,,right,post_unswap,11.189034624985652,20,2080,False,False,False,0,2,lookahead_total,8,False,1,123,"(993760, 993760, 256, 256, 1520, 18344, 2280)",3.295177124993643,7.893805083993357,"[{'seed': 123, 'score': (993760, 993760, 256, 256, 1520, 18344, 2280), 'num_layers': 2280, 'total_swaps': 18344, 'max_layer_swaps': 24, 'swap_only_layers': 1520, 'work_layers': 760, 'unitary_layers': 760, 'first_work_layer': 11, 'leading_no_work_layers': 11, 'lookahead_layers_scored': 8, 'lookahead_final_elems': 993760, 'lookahead_final_max_bond': 256, 'lookahead_peak_elems': 993760, 'lookahead_peak_max_bond': 256, 'lookahead_peak_bond_l2': 353023}, {'seed': 1132, 'score': (1304392, 1304392, 256, 256, 1397, 18410, 2147), 'num_layers': 2147, 'total_swaps': 18410, 'max_layer_swaps': 23, 'swap_only_layers': 1397, 'work_layers': 750, 'unitary_layers': 750, 'first_work_layer': 11, 'leading_no_work_layers': 11, 'lookahead_layers_scored': 8, 'lookahead_final_elems': 1304392, 'lookahead_final_max_bond': 256, 'lookahead_peak_elems': 1304392, 'lookahead_peak_max_bond': 256, 'lookahead_peak_bond_l2': 439741}]",11.189012916001957,32.66019570801291
1411.4811364170164,cycle_progress,,,,,,30,19,49,,,,,,,,,,,,,,,,,,,4096,0.002,,7944,1,,,,,,,,,,32,4,12512,1248,390,98,,,,,,,,,,,,,,,,,,,,21,,49,1984,1935,0,False,,,,,,,,,,,,,,,,,,,,,32.66019570801291
1411.6499194999924,absorbing,L,1,0,2597,2280,30,19,49,18,0,0,0.053456124995136634,0.05359312499058433,0.10704924998572096,0.11385024999617599,12512,17224,32,32,False,False,False,False,12512,32,False,4096,0.002,,12512,2,total_elems,12512,17224,1,1,,,,0.0,32,4,12512,1248,390,98,,,,,,,,,,,,,,,,,,,,,,,,,,,,,,,,,,,,,,,,,,,,,,,
1411.7628425000003,absorbing,L,2,0,2597,2280,30,19,49,22,0,0,0.05456908300402574,0.05342458400991745,0.1079936670139432,0.1093541249865666,15640,17224,32,32,False,False,False,False,15640,32,False,4096,0.002,,12512,2,total_elems,15640,17224,1,1,,,,0.0,32,4,15640,1462,390,98,,,,,,,,,,,,,,,,,,,,,,,,,,,,,,,,,,,,,,,,,,,,,,,
1411.8791795830184,absorbing,R,2,1,2597,2280,30,19,49,16,0,0,0.056870375003200024,0.05273137497715652,0.10960174998035654,0.11134729199693538,28772,21864,32,32,False,False,False,False,21864,32,False,4096,0.002,,12512,2,total_elems,28772,21864,1,1,,,,0.0,32,4,21864,1650,390,98,,,,,,,,,,,,,,,,,,,,,,,,,,,,,,,,,,,,,,,,,,,,,,,
1411.9998708750063,absorbing,L,3,1,2597,2280,30,19,49,20,0,0,0.05627987501793541,0.057650000002468005,0.11392987502040341,0.1173002080176957,36620,39744,32,64,False,False,False,False,36620,32,False,4096,0.002,,12512,2,total_elems,36620,39744,1,1,,,,0.0,32,4,36620,2034,390,98,,,,,,,,,,,,,,,,,,,,,,,,,,,,,,,,,,,,,,,,,,,,,,,
1412.1302710419986,absorbing,R,3,2,2597,2280,30,19,49,18,0,0,0.062404083990259096,0.06309241597773507,0.12549649996799417,0.12695812500896864,63052,62140,64,64,False,False,False,False,62140,64,False,4096,0.002,,12512,2,total_elems,63052,62140,1,1,,,,0.0,64,4,62140,2480,390,98,,,,,,,,,,,,,,,,,,,,,,,,,,,,,,,,,,,,,,,,,,,,,,,
1412.275228167011,absorbing,L,4,2,2597,2280,30,19,49,21,0,0,0.06976474999100901,0.070550957985688,0.140315707976697,0.14159116699011065,90268,90940,64,64,False,False,False,False,90268,64,False,4096,0.002,,12512,2,total_elems,90268,90940,1,1,,,,0.0,64,4,90268,2996,390,98,,,,,,,,,,,,,,,,,,,,,,,,,,,,,,,,,,,,,,,,,,,,,,,
1412.4685930419946,absorbing,R,4,3,2597,2280,30,19,49,18,0,0,0.09136733302148059,0.09698324999772012,0.1883505830192007,0.1899025000166148,160940,127900,64,64,False,False,False,False,127900,64,False,4096,0.002,,12512,2,total_elems,160940,127900,1,1,,,,0.0,64,4,127900,3496,390,98,,,,,,,,,,,,,,,,,,,,,,,,,,,,,,,,,,,,,,,,,,,,,,,
1412.710942250007,absorbing,L,5,3,2597,2280,30,19,49,23,0,0,0.12622854200890288,0.10776516702026129,0.23399370902916417,0.2382999999972526,209900,215644,64,128,False,False,False,False,209900,64,False,4096,0.002,,12512,2,total_elems,209900,215644,1,1,,,,0.0,64,4,209900,4336,390,98,,,,,,,,,,,,,,,,,,,,,,,,,,,,,,,,,,,,,,,,,,,,,,,
1413.0791684169963,absorbing,R,5,4,2597,2280,30,19,49,13,0,0,0.2251673330029007,0.13812433398561552,0.3632916669885162,0.3647695000108797,464532,306668,256,64,False,False,False,False,306668,64,False,4096,0.002,,12512,2,total_elems,464532,306668,1,1,,,,0.0,64,4,306668,5040,390,98,,,,,,,,,,,,,,,,,,,,,,,,,,,,,,,,,,,,,,,,,,,,,,,
1413.667026375013,absorbing,L,6,4,2597,2280,30,19,49,18,0,0,0.28312604199163616,0.2991088750131894,0.5822349170048255,0.5840221660037059,582036,614376,256,256,False,False,False,False,582036,256,False,4096,0.002,,12512,2,total_elems,582036,614376,1,1,,,,0.0,256,4,582036,6676,390,98,,,,,,,,,,,,,,,,,,,,,,,,,,,,,,,,,,,,,,,,,,,,,,,
1414.9518291669956,absorbing,R,6,5,2597,2280,30,19,49,14,0,0,0.7699595830054022,0.510025791998487,1.2799853750038892,1.2813975409953855,1350480,986064,256,256,False,False,True,False,986064,256,False,4096,0.002,,12512,2,total_elems,1350480,986064,1,1,,,,0.0,256,4,986064,8362,390,98,,,,,,,,,,,,,,,,,,,,,,,,,,,,,,,,,,,,,,,,,,,,,,,
1431.7941424169985,unswapping,,,,,,,,,,,,,,,,,,,,,,,,,,,,,,,,,,,,,,,,,256,4,1485636,8684,390,98,0,both,0,49,49,11,11,,,,,0,,,,,,,,,,,,,,,,,,,,,,,,,,,,,,,,,,,
1452.4998724579928,unswapping,,,,,,,,,,,,,,,,,,,,,,,,,,,,,,,,,,,,,,,,,256,4,1030532,6708,390,98,0,both,1,48,48,23,34,,,,,0,,,,,,,,,,,,,,,,,,,,,,,,,,,,,,,,,,,
1456.849498458003,unswapping,,,,,,,,,,,,,,,,,,,,,,,,,,,,,,,,,,,,,,,,,256,4,365572,4796,390,98,0,left,0,49,49,21,55,,,,,42,,,,,,,,,,,,,,,,,,,,,,,,,,,,,,,,,,,
1457.6928539579967,unswapping,,,,,,,,,,,,,,,,,,,,,,,,,,,,,,,,,,,,,,,,,64,4,176984,3626,390,98,0,left,1,48,48,21,76,,,,,84,,,,,,,,,,,,,,,,,,,,,,,,,,,,,,,,,,,
1457.979118542018,unswapping,,,,,,,,,,,,,,,,,,,,,,,,,,,,,,,,,,,,,,,,,64,4,146200,3234,390,98,0,right,0,49,49,12,88,,,,,88,,,,,,,,,,,,,,,,,,,,,,,,,,,,,,,,,,,
1458.330906957999,unswapping,,,,,,,,,,,,,,,,,,,,,,,,,,,,,,,,,,,,,,,,,64,4,119252,2976,390,98,0,right,1,48,48,11,99,,,,,106,,,,,,,,,,,,,,,,,,,,,,,,,,,,,,,,,,,
1458.8321440830186,unswapping,,,,,,,,,,,,,,,,,,,,,,,,,,,,,,,,,,,,,,,,,64,4,61704,2390,390,98,1,both,0,49,49,14,14,,,,,136,,,,,,,,,,,,,,,,,,,,,,,,,,,,,,,,,,,
1459.119043667015,unswapping,,,,,,,,,,,,,,,,,,,,,,,,,,,,,,,,,,,,,,,,,32,4,35528,1974,390,98,1,both,1,48,48,11,25,,,,,160,,,,,,,,,,,,,,,,,,,,,,,,,,,,,,,,,,,
1459.2433678749949,unswapping,,,,,,,,,,,,,,,,,,,,,,,,,,,,,,,,,,,,,,,,,32,4,33056,1874,390,98,1,left,0,49,49,7,32,,,,,174,,,,,,,,,,,,,,,,,,,,,,,,,,,,,,,,,,,
1459.3660249169916,unswapping,,,,,,,,,,,,,,,,,,,,,,,,,,,,,,,,,,,,,,,,,32,4,28544,1794,390,98,1,left,1,48,48,5,37,,,,,176,,,,,,,,,,,,,,,,,,,,,,,,,,,,,,,,,,,
1459.4799638330005,unswapping,,,,,,,,,,,,,,,,,,,,,,,,,,,,,,,,,,,,,,,,,16,4,23936,1682,390,98,1,right,0,49,49,6,43,,,,,180,,,,,,,,,,,,,,,,,,,,,,,,,,,,,,,,,,,
1459.5866410830058,unswapping,,,,,,,,,,,,,,,,,,,,,,,,,,,,,,,,,,,,,,,,,16,4,23748,1668,390,98,1,right,1,48,48,2,45,,,,,184,,,,,,,,,,,,,,,,,,,,,,,,,,,,,,,,,,,
1459.7952092500054,unswapping,,,,,,,,,,,,,,,,,,,,,,,,,,,,,,,,,,,,,,,,,16,4,21080,1594,390,98,2,both,0,49,49,6,6,,,,,186,,,,,,,,,,,,,,,,,,,,,,,,,,,,,,,,,,,
1460.0002215419954,unswapping,,,,,,,,,,,,,,,,,,,,,,,,,,,,,,,,,,,,,,,,,16,4,18564,1482,390,98,2,both,1,48,48,12,18,,,,,204,,,,,,,,,,,,,,,,,,,,,,,,,,,,,,,,,,,
1460.0880814580014,unswapping,,,,,,,,,,,,,,,,,,,,,,,,,,,,,,,,,,,,,,,,,16,4,17764,1462,390,98,2,left,0,49,49,2,20,,,,,208,,,,,,,,,,,,,,,,,,,,,,,,,,,,,,,,,,,
1460.1756490830157,unswapping,,,,,,,,,,,,,,,,,,,,,,,,,,,,,,,,,,,,,,,,,16,4,17740,1458,390,98,2,left,1,48,48,1,21,,,,,208,,,,,,,,,,,,,,,,,,,,,,,,,,,,,,,,,,,
1460.2608830420068,unswapping,,,,,,,,,,,,,,,,,,,,,,,,,,,,,,,,,,,,,,,,,16,4,17580,1450,390,98,2,right,0,49,49,1,22,,,,,210,,,,,,,,,,,,,,,,,,,,,,,,,,,,,,,,,,,
1460.362183292018,unswapping,,,,,,,,,,,,,,,,,,,,,,,,,,,,,,,,,,,,,,,,,16,4,16620,1426,390,98,2,right,1,48,48,2,24,,,,,212,,,,,,,,,,,,,,,,,,,,,,,,,,,,,,,,,,,
1460.551580667001,unswapping,,,,,,,,,,,,,,,,,,,,,,,,,,,,,,,,,,,,,,,,,16,4,16040,1392,390,98,3,both,0,49,49,6,6,,,,,224,,,,,,,,,,,,,,,,,,,,,,,,,,,,,,,,,,,
1460.738159875007,unswapping,,,,,,,,,,,,,,,,,,,,,,,,,,,,,,,,,,,,,,,,,16,4,15248,1372,390,98,3,both,1,48,48,3,9,,,,,230,,,,,,,,,,,,,,,,,,,,,,,,,,,,,,,,,,,
1460.7865478750027,unswapping,,,,,,,,,,,,,,,,,,,,,,,,,,,,,,,,,,,,,,,,,16,4,15248,1372,390,98,3,left,0,49,49,0,9,,,,,230,,,,,,,,,,,,,,,,,,,,,,,,,,,,,,,,,,,
1460.8353723750042,unswapping,,,,,,,,,,,,,,,,,,,,,,,,,,,,,,,,,,,,,,,,,16,4,15248,1372,390,98,3,left,1,48,48,0,9,,,,,230,,,,,,,,,,,,,,,,,,,,,,,,,,,,,,,,,,,
1460.918555125012,unswapping,,,,,,,,,,,,,,,,,,,,,,,,,,,,,,,,,,,,,,,,,16,4,14480,1356,390,98,3,right,0,49,49,1,10,,,,,232,,,,,,,,,,,,,,,,,,,,,,,,,,,,,,,,,,,
1461.0174230830162,unswapping,,,,,,,,,,,,,,,,,,,,,,,,,,,,,,,,,,,,,,,,,16,4,14144,1336,390,98,3,right,1,48,48,3,13,,,,,236,,,,,,,,,,,,,,,,,,,,,,,,,,,,,,,,,,,
1461.2010090830154,unswapping,,,,,,,,,,,,,,,,,,,,,,,,,,,,,,,,,,,,,,,,,16,4,13820,1314,390,98,4,both,0,49,49,5,5,,,,,238,,,,,,,,,,,,,,,,,,,,,,,,,,,,,,,,,,,
1461.3824917919992,unswapping,,,,,,,,,,,,,,,,,,,,,,,,,,,,,,,,,,,,,,,,,16,4,12992,1292,390,98,4,both,1,48,48,3,8,,,,,240,,,,,,,,,,,,,,,,,,,,,,,,,,,,,,,,,,,
1461.4808897080075,unswapping,,,,,,,,,,,,,,,,,,,,,,,,,,,,,,,,,,,,,,,,,16,4,12944,1288,390,98,4,left,0,49,49,1,9,,,,,240,,,,,,,,,,,,,,,,,,,,,,,,,,,,,,,,,,,
1461.5637630000128,unswapping,,,,,,,,,,,,,,,,,,,,,,,,,,,,,,,,,,,,,,,,,16,4,12784,1280,390,98,4,left,1,48,48,1,10,,,,,242,,,,,,,,,,,,,,,,,,,,,,,,,,,,,,,,,,,
1461.643531083013,unswapping,,,,,,,,,,,,,,,,,,,,,,,,,,,,,,,,,,,,,,,,,16,4,12016,1256,390,98,4,right,0,49,49,1,11,,,,,244,,,,,,,,,,,,,,,,,,,,,,,,,,,,,,,,,,,
1461.6868797920179,unswapping,,,,,,,,,,,,,,,,,,,,,,,,,,,,,,,,,,,,,,,,,16,4,12016,1256,390,98,4,right,1,48,48,0,11,,,,,244,,,,,,,,,,,,,,,,,,,,,,,,,,,,,,,,,,,
1461.8658250420121,unswapping,,,,,,,,,,,,,,,,,,,,,,,,,,,,,,,,,,,,,,,,,16,4,11812,1246,390,98,5,both,0,49,49,2,2,,,,,248,,,,,,,,,,,,,,,,,,,,,,,,,,,,,,,,,,,
1462.0445939170022,unswapping,,,,,,,,,,,,,,,,,,,,,,,,,,,,,,,,,,,,,,,,,16,4,11716,1238,390,98,5,both,1,48,48,2,4,,,,,250,,,,,,,,,,,,,,,,,,,,,,,,,,,,,,,,,,,
1462.0912774169992,unswapping,,,,,,,,,,,,,,,,,,,,,,,,,,,,,,,,,,,,,,,,,16,4,11716,1238,390,98,5,left,0,49,49,0,4,,,,,250,,,,,,,,,,,,,,,,,,,,,,,,,,,,,,,,,,,
1462.1385131250136,unswapping,,,,,,,,,,,,,,,,,,,,,,,,,,,,,,,,,,,,,,,,,16,4,11716,1238,390,98,5,left,1,48,48,0,4,,,,,250,,,,,,,,,,,,,,,,,,,,,,,,,,,,,,,,,,,
1462.1831565000175,unswapping,,,,,,,,,,,,,,,,,,,,,,,,,,,,,,,,,,,,,,,,,16,4,11716,1238,390,98,5,right,0,49,49,0,4,,,,,250,,,,,,,,,,,,,,,,,,,,,,,,,,,,,,,,,,,
1462.2612143750011,unswapping,,,,,,,,,,,,,,,,,,,,,,,,,,,,,,,,,,,,,,,,,16,4,11588,1230,390,98,5,right,1,48,48,1,5,,,,,252,,,,,,,,,,,,,,,,,,,,,,,,,,,,,,,,,,,
1462.4195476669993,unswapping,,,,,,,,,,,,,,,,,,,,,,,,,,,,,,,,,,,,,,,,,16,4,11540,1226,390,98,6,both,0,49,49,1,1,,,,,252,,,,,,,,,,,,,,,,,,,,,,,,,,,,,,,,,,,
1462.507797750004,unswapping,,,,,,,,,,,,,,,,,,,,,,,,,,,,,,,,,,,,,,,,,16,4,11540,1226,390,98,6,both,1,48,48,0,1,,,,,252,,,,,,,,,,,,,,,,,,,,,,,,,,,,,,,,,,,
1462.553279417014,unswapping,,,,,,,,,,,,,,,,,,,,,,,,,,,,,,,,,,,,,,,,,16,4,11540,1226,390,98,6,left,0,49,49,0,1,,,,,252,,,,,,,,,,,,,,,,,,,,,,,,,,,,,,,,,,,
1462.5979697919975,unswapping,,,,,,,,,,,,,,,,,,,,,,,,,,,,,,,,,,,,,,,,,16,4,11540,1226,390,98,6,left,1,48,48,0,1,,,,,252,,,,,,,,,,,,,,,,,,,,,,,,,,,,,,,,,,,
1462.6417032919999,unswapping,,,,,,,,,,,,,,,,,,,,,,,,,,,,,,,,,,,,,,,,,16,4,11540,1226,390,98,6,right,0,49,49,0,1,,,,,252,,,,,,,,,,,,,,,,,,,,,,,,,,,,,,,,,,,
1462.6852547920134,unswapping,,,,,,,,,,,,,,,,,,,,,,,,,,,,,,,,,,,,,,,,,16,4,11540,1226,390,98,6,right,1,48,48,0,1,,,,,252,,,,,,,,,,,,,,,,,,,,,,,,,,,,,,,,,,,
1462.7742376250098,unswapping,,,,,,,,,,,,,,,,,,,,,,,,,,,,,,,,,,,,,,,,,16,4,11540,1226,390,98,7,both,0,49,49,0,0,,,,,252,,,,,,,,,,,,,,,,,,,,,,,,,,,,,,,,,,,
1462.8638681670127,unswapping,,,,,,,,,,,,,,,,,,,,,,,,,,,,,,,,,,,,,,,,,16,4,11540,1226,390,98,7,both,1,48,48,0,0,,,,,252,,,,,,,,,,,,,,,,,,,,,,,,,,,,,,,,,,,
1462.9109301670105,unswapping,,,,,,,,,,,,,,,,,,,,,,,,,,,,,,,,,,,,,,,,,16,4,11540,1226,390,98,7,left,0,49,49,0,0,,,,,252,,,,,,,,,,,,,,,,,,,,,,,,,,,,,,,,,,,
1462.9567987080081,unswapping,,,,,,,,,,,,,,,,,,,,,,,,,,,,,,,,,,,,,,,,,16,4,11540,1226,390,98,7,left,1,48,48,0,0,,,,,252,,,,,,,,,,,,,,,,,,,,,,,,,,,,,,,,,,,
1463.0022495000158,unswapping,,,,,,,,,,,,,,,,,,,,,,,,,,,,,,,,,,,,,,,,,16,4,11540,1226,390,98,7,right,0,49,49,0,0,,,,,252,,,,,,,,,,,,,,,,,,,,,,,,,,,,,,,,,,,
1463.0464157919923,unswapping,,,,,,,,,,,,,,,,,,,,,,,,,,,,,,,,,,,,,,,,,16,4,11540,1226,390,98,7,right,1,48,48,0,0,,,,,252,,,,,,,,,,,,,,,,,,,,,,,,,,,,,,,,,,,
1463.1063207499974,unswap_cycle_summary,,,,,,30,19,49,,,,,,,,,,,,,,,,,,,4096,0.002,,,,,,,,,,,,,16,4,11540,1226,390,98,,,,,,,,,,,,,,,,,,,,22,45.512095208017854,49,1984,1935,0,False,,,,,,,,,,,,,,,,,,,,,
1478.4632898330165,rewiring,,,,,,,,,,,,,,,,,,,,,,,,,,,,,,,,,,,,,,,,,,,,,,,,,,,,,,,,,,,,,,,,,,22,,,,,,,left,post_unswap,15.354767000011634,20,2593,False,False,False,0,2,lookahead_total,8,False,1,1132,"(1878628, 1878628, 510, 511, 1742, 20401, 2528)",6.305416916991817,9.049302083993098,"[{'seed': 123, 'score': (1954876, 1954876, 510, 511, 1742, 20709, 2523), 'num_layers': 2523, 'total_swaps': 20709, 'max_layer_swaps': 25, 'swap_only_layers': 1742, 'work_layers': 781, 'unitary_layers': 781, 'first_work_layer': 1, 'leading_no_work_layers': 1, 'lookahead_layers_scored': 8, 'lookahead_final_elems': 1954876, 'lookahead_final_max_bond': 510, 'lookahead_peak_elems': 1954876, 'lookahead_peak_max_bond': 511, 'lookahead_peak_bond_l2': 699981}, {'seed': 1132, 'score': (1878628, 1878628, 510, 511, 1742, 20401, 2528), 'num_layers': 2528, 'total_swaps': 20401, 'max_layer_swaps': 23, 'swap_only_layers': 1742, 'work_layers': 786, 'unitary_layers': 786, 'first_work_layer': 1, 'leading_no_work_layers': 1, 'lookahead_layers_scored': 8, 'lookahead_final_elems': 1878628, 'lookahead_final_max_bond': 510, 'lookahead_peak_elems': 1878628, 'lookahead_peak_max_bond': 511, 'lookahead_peak_bond_l2': 683330}]",15.354745082993759,24.609654625004623
1487.716680042009,rewiring,,,,,,,,,,,,,,,,,,,,,,,,,,,,,,,,,,,,,,,,,,,,,,,,,,,,,,,,,,,,,,,,,,22,,,,,,,right,post_unswap,9.253121042012936,20,2277,False,False,False,0,2,lookahead_total,8,False,1,123,"(339544, 339544, 128, 128, 1534, 18361, 2311)",1.3324121249897871,7.920682959025726,"[{'seed': 123, 'score': (339544, 339544, 128, 128, 1534, 18361, 2311), 'num_layers': 2311, 'total_swaps': 18361, 'max_layer_swaps': 19, 'swap_only_layers': 1534, 'work_layers': 777, 'unitary_layers': 777, 'first_work_layer': 7, 'leading_no_work_layers': 7, 'lookahead_layers_scored': 8, 'lookahead_final_elems': 339544, 'lookahead_final_max_bond': 128, 'lookahead_peak_elems': 339544, 'lookahead_peak_max_bond': 128, 'lookahead_peak_bond_l2': 103294}, {'seed': 1132, 'score': (364656, 364656, 128, 128, 1264, 17823, 2026), 'num_layers': 2026, 'total_swaps': 17823, 'max_layer_swaps': 21, 'swap_only_layers': 1264, 'work_layers': 762, 'unitary_layers': 762, 'first_work_layer': 7, 'leading_no_work_layers': 7, 'lookahead_layers_scored': 8, 'lookahead_final_elems': 364656, 'lookahead_final_max_bond': 128, 'lookahead_peak_elems': 364656, 'lookahead_peak_max_bond': 128, 'lookahead_peak_bond_l2': 111130}]",9.25311399999191,24.609654625004623
1487.7167606670118,cycle_progress,,,,,,30,19,49,,,,,,,,,,,,,,,,,,,4096,0.002,,12512,2,,,,,,,,,,16,4,11540,1226,390,98,,,,,,,,,,,,,,,,,,,,22,,49,1984,1935,0,False,,,,,,,,,,,,,,,,,,,,,24.609654625004623
1487.8935877920012,absorbing,L,1,0,2528,2311,30,19,49,23,0,0,0.053368667024187744,0.05246804200578481,0.10583670902997255,0.11453629197785631,11540,15468,16,32,False,False,False,False,11540,16,False,4096,0.002,,11540,3,total_elems,11540,15468,1,1,,,,0.0,16,4,11540,1226,390,98,,,,,,,,,,,,,,,,,,,,,,,,,,,,,,,,,,,,,,,,,,,,,,,
1488.0167096670193,absorbing,R,1,1,2528,2311,30,19,49,13,0,0,0.061920124979224056,0.05633654198027216,0.11825666695949621,0.11962720900191925,22212,15468,64,32,False,False,False,False,15468,32,False,4096,0.002,,11540,3,total_elems,22212,15468,1,1,,,,0.0,32,4,15468,1388,390,98,,,,,,,,,,,,,,,,,,,,,,,,,,,,,,,,,,,,,,,,,,,,,,,
1488.1367472080165,absorbing,R,1,2,2528,2311,30,19,49,13,0,0,0.06358904199441895,0.05191279199789278,0.11550183399231173,0.11666954201064073,30420,20388,64,32,False,False,False,False,20388,32,False,4096,0.002,,11540,3,total_elems,30420,20388,1,1,,,,0.0,32,4,20388,1556,390,98,,,,,,,,,,,,,,,,,,,,,,,,,,,,,,,,,,,,,,,,,,,,,,,
1488.2610731669993,absorbing,R,1,3,2528,2311,30,19,49,14,0,0,0.06505454101716168,0.05456754201441072,0.1196220830315724,0.12088150001363829,37368,31472,64,32,False,False,False,False,31472,32,False,4096,0.002,,11540,3,total_elems,37368,31472,1,1,,,,0.0,32,4,31472,1846,390,98,,,,,,,,,,,,,,,,,,,,,,,,,,,,,,,,,,,,,,,,,,,,,,,
1488.3968323750014,absorbing,L,2,3,2528,2311,31,19,50,20,1,1,0.06843054099590518,0.0624034579959698,0.13083399899187498,0.13203912499011494,50136,50404,64,32,False,False,False,False,50136,64,False,4096,0.002,,11540,3,total_elems,50136,50404,1,1,,,,0.0,64,4,50136,2204,390,98,,,,,,,,,,,,,,,,,,,,,,,,,,,,,,,,,,,,,,,,,,,,,,,
1488.5569909579935,absorbing,R,2,4,2528,2311,31,19,50,13,0,1,0.07917462501791306,0.07623770801001228,0.15541233302792534,0.15671987499808893,83856,73688,64,64,False,False,False,False,73688,64,False,4096,0.002,,11540,3,total_elems,83856,73688,1,1,,,,0.0,64,4,73688,2566,390,98,,,,,,,,,,,,,,,,,,,,,,,,,,,,,,,,,,,,,,,,,,,,,,,
1488.7275149580091,absorbing,R,2,5,2528,2311,31,19,50,13,0,1,0.0900697500037495,0.07570204199873842,0.16577179200248793,0.16714766700170003,119632,110088,64,64,False,False,False,False,110088,64,False,4096,0.002,,11540,3,total_elems,119632,110088,1,1,,,,0.0,64,4,110088,2978,390,98,,,,,,,,,,,,,,,,,,,,,,,,,,,,,,,,,,,,,,,,,,,,,,,
1488.9481746249949,absorbing,R,2,6,2528,2311,31,19,50,14,0,1,0.11809574998915195,0.09722758398856968,0.21532333397772163,0.21698254201328382,163152,151692,64,64,False,False,False,False,151692,64,False,4096,0.002,,11540,3,total_elems,163152,151692,1,1,,,,0.0,64,4,151692,3402,390,98,,,,,,,,,,,,,,,,,,,,,,,,,,,,,,,,,,,,,,,,,,,,,,,
1489.2184796670044,absorbing,L,3,6,2528,2311,31,19,50,23,0,1,0.1453900829947088,0.12037233301089145,0.26576241600560024,0.266942290996667,214508,240968,64,128,False,False,False,False,214508,64,False,4096,0.002,,11540,3,total_elems,214508,240968,1,1,,,,0.0,64,4,214508,4026,390,98,,,,,,,,,,,,,,,,,,,,,,,,,,,,,,,,,,,,,,,,,,,,,,,
1489.5907045000058,absorbing,R,3,7,2528,2311,31,19,50,13,0,1,0.23656900000059977,0.1306121250090655,0.36718112500966527,0.3685913329827599,379888,303304,128,128,False,False,False,False,303304,128,False,4096,0.002,,11540,3,total_elems,379888,303304,1,1,,,,0.0,128,4,303304,4716,390,98,,,,,,,,,,,,,,,,,,,,,,,,,,,,,,,,,,,,,,,,,,,,,,,
1490.1434293749917,absorbing,R,3,8,2528,2311,31,20,51,11,1,2,0.33510583301540464,0.21251591699547134,0.547621750010876,0.5489635419799015,529772,492100,128,128,False,False,False,False,492100,128,False,4096,0.002,,11540,3,total_elems,529772,492100,1,1,,,,0.0,128,4,492100,5374,390,98,,,,,,,,,,,,,,,,,,,,,,,,,,,,,,,,,,,,,,,,,,,,,,,
1491.6638696670125,absorbing,L,4,8,2528,2311,32,20,52,21,1,3,0.6782709580147639,0.8373817499959841,1.515652708010748,1.5170260830200277,967784,1214912,256,511,False,False,False,True,967784,256,False,4096,0.002,,11540,3,total_elems,967784,1214912,1,1,,,,0.0,256,4,967784,7592,390,98,,,,,,,,,,,,,,,,,,,,,,,,,,,,,,,,,,,,,,,,,,,,,,,
1519.3177952500118,unswapping,,,,,,,,,,,,,,,,,,,,,,,,,,,,,,,,,,,,,,,,,256,4,1739140,9280,390,98,0,both,0,49,49,4,4,,,,,0,,,,,,,,,,,,,,,,,,,,,,,,,,,,,,,,,,,
1543.8349867500074,unswapping,,,,,,,,,,,,,,,,,,,,,,,,,,,,,,,,,,,,,,,,,256,4,1221928,7610,390,98,0,both,1,48,48,16,20,,,,,0,,,,,,,,,,,,,,,,,,,,,,,,,,,,,,,,,,,
1548.6029781250108,unswapping,,,,,,,,,,,,,,,,,,,,,,,,,,,,,,,,,,,,,,,,,128,4,591972,5674,390,98,0,left,0,49,49,20,40,,,,,40,,,,,,,,,,,,,,,,,,,,,,,,,,,,,,,,,,,
1550.5445788330107,unswapping,,,,,,,,,,,,,,,,,,,,,,,,,,,,,,,,,,,,,,,,,128,4,357376,4524,390,98,0,left,1,48,48,19,59,,,,,78,,,,,,,,,,,,,,,,,,,,,,,,,,,,,,,,,,,
1551.2676405420061,unswapping,,,,,,,,,,,,,,,,,,,,,,,,,,,,,,,,,,,,,,,,,128,4,290088,4094,390,98,0,right,0,49,49,9,68,,,,,88,,,,,,,,,,,,,,,,,,,,,,,,,,,,,,,,,,,
1552.0666946670099,unswapping,,,,,,,,,,,,,,,,,,,,,,,,,,,,,,,,,,,,,,,,,128,4,191628,3700,390,98,0,right,1,48,48,9,77,,,,,104,,,,,,,,,,,,,,,,,,,,,,,,,,,,,,,,,,,
1552.799955458002,unswapping,,,,,,,,,,,,,,,,,,,,,,,,,,,,,,,,,,,,,,,,,64,4,113376,2994,390,98,1,both,0,49,49,16,16,,,,,136,,,,,,,,,,,,,,,,,,,,,,,,,,,,,,,,,,,
1553.3286736670125,unswapping,,,,,,,,,,,,,,,,,,,,,,,,,,,,,,,,,,,,,,,,,64,4,81120,2642,390,98,1,both,1,48,48,9,25,,,,,160,,,,,,,,,,,,,,,,,,,,,,,,,,,,,,,,,,,
1553.519836833002,unswapping,,,,,,,,,,,,,,,,,,,,,,,,,,,,,,,,,,,,,,,,,32,4,57864,2322,390,98,1,left,0,49,49,12,37,,,,,176,,,,,,,,,,,,,,,,,,,,,,,,,,,,,,,,,,,
1553.6918335420196,unswapping,,,,,,,,,,,,,,,,,,,,,,,,,,,,,,,,,,,,,,,,,32,4,44504,2096,390,98,1,left,1,48,48,12,49,,,,,198,,,,,,,,,,,,,,,,,,,,,,,,,,,,,,,,,,,
1553.82545033301,unswapping,,,,,,,,,,,,,,,,,,,,,,,,,,,,,,,,,,,,,,,,,32,4,36740,1974,390,98,1,right,0,49,49,5,54,,,,,198,,,,,,,,,,,,,,,,,,,,,,,,,,,,,,,,,,,
1553.9522825829918,unswapping,,,,,,,,,,,,,,,,,,,,,,,,,,,,,,,,,,,,,,,,,32,4,30916,1870,390,98,1,right,1,48,48,5,59,,,,,202,,,,,,,,,,,,,,,,,,,,,,,,,,,,,,,,,,,
1556.6089540829998,unswapping,,,,,,,,,,,,,,,,,,,,,,,,,,,,,,,,,,,,,,,,,16,4,25164,1722,390,98,2,both,0,49,49,10,10,,,,,220,,,,,,,,,,,,,,,,,,,,,,,,,,,,,,,,,,,
1556.8185347079998,unswapping,,,,,,,,,,,,,,,,,,,,,,,,,,,,,,,,,,,,,,,,,16,4,23408,1652,390,98,2,both,1,48,48,6,16,,,,,234,,,,,,,,,,,,,,,,,,,,,,,,,,,,,,,,,,,
1556.9346518749953,unswapping,,,,,,,,,,,,,,,,,,,,,,,,,,,,,,,,,,,,,,,,,16,4,22000,1612,390,98,2,left,0,49,49,4,20,,,,,236,,,,,,,,,,,,,,,,,,,,,,,,,,,,,,,,,,,
1557.0499571250111,unswapping,,,,,,,,,,,,,,,,,,,,,,,,,,,,,,,,,,,,,,,,,16,4,20660,1558,390,98,2,left,1,48,48,5,25,,,,,246,,,,,,,,,,,,,,,,,,,,,,,,,,,,,,,,,,,
1557.1619109169987,unswapping,,,,,,,,,,,,,,,,,,,,,,,,,,,,,,,,,,,,,,,,,16,4,19852,1538,390,98,2,right,0,49,49,2,27,,,,,246,,,,,,,,,,,,,,,,,,,,,,,,,,,,,,,,,,,
1557.2515672500012,unswapping,,,,,,,,,,,,,,,,,,,,,,,,,,,,,,,,,,,,,,,,,16,4,19084,1514,390,98,2,right,1,48,48,1,28,,,,,246,,,,,,,,,,,,,,,,,,,,,,,,,,,,,,,,,,,
1557.4589295000187,unswapping,,,,,,,,,,,,,,,,,,,,,,,,,,,,,,,,,,,,,,,,,16,4,17664,1464,390,98,3,both,0,49,49,6,6,,,,,250,,,,,,,,,,,,,,,,,,,,,,,,,,,,,,,,,,,
1557.648125458014,unswapping,,,,,,,,,,,,,,,,,,,,,,,,,,,,,,,,,,,,,,,,,16,4,16512,1432,390,98,3,both,1,48,48,3,9,,,,,250,,,,,,,,,,,,,,,,,,,,,,,,,,,,,,,,,,,
1557.7365962500044,unswapping,,,,,,,,,,,,,,,,,,,,,,,,,,,,,,,,,,,,,,,,,16,4,16464,1428,390,98,3,left,0,49,49,1,10,,,,,252,,,,,,,,,,,,,,,,,,,,,,,,,,,,,,,,,,,
1557.8380940830102,unswapping,,,,,,,,,,,,,,,,,,,,,,,,,,,,,,,,,,,,,,,,,16,4,16440,1424,390,98,3,left,1,48,48,1,11,,,,,254,,,,,,,,,,,,,,,,,,,,,,,,,,,,,,,,,,,
1557.922177875007,unswapping,,,,,,,,,,,,,,,,,,,,,,,,,,,,,,,,,,,,,,,,,16,4,15672,1400,390,98,3,right,0,49,49,1,12,,,,,256,,,,,,,,,,,,,,,,,,,,,,,,,,,,,,,,,,,
1558.0105639999965,unswapping,,,,,,,,,,,,,,,,,,,,,,,,,,,,,,,,,,,,,,,,,16,4,15496,1388,390,98,3,right,1,48,48,2,14,,,,,260,,,,,,,,,,,,,,,,,,,,,,,,,,,,,,,,,,,
1558.1887722079991,unswapping,,,,,,,,,,,,,,,,,,,,,,,,,,,,,,,,,,,,,,,,,16,4,15400,1380,390,98,4,both,0,49,49,2,2,,,,,264,,,,,,,,,,,,,,,,,,,,,,,,,,,,,,,,,,,
1558.3542713329953,unswapping,,,,,,,,,,,,,,,,,,,,,,,,,,,,,,,,,,,,,,,,,16,4,15388,1378,390,98,4,both,1,48,48,1,3,,,,,264,,,,,,,,,,,,,,,,,,,,,,,,,,,,,,,,,,,
1558.402510667016,unswapping,,,,,,,,,,,,,,,,,,,,,,,,,,,,,,,,,,,,,,,,,16,4,15388,1378,390,98,4,left,0,49,49,0,3,,,,,264,,,,,,,,,,,,,,,,,,,,,,,,,,,,,,,,,,,
1558.4872353330138,unswapping,,,,,,,,,,,,,,,,,,,,,,,,,,,,,,,,,,,,,,,,,16,4,15308,1374,390,98,4,left,1,48,48,1,4,,,,,264,,,,,,,,,,,,,,,,,,,,,,,,,,,,,,,,,,,
1558.5349316670035,unswapping,,,,,,,,,,,,,,,,,,,,,,,,,,,,,,,,,,,,,,,,,16,4,15308,1374,390,98,4,right,0,49,49,0,4,,,,,264,,,,,,,,,,,,,,,,,,,,,,,,,,,,,,,,,,,
1558.5809479580203,unswapping,,,,,,,,,,,,,,,,,,,,,,,,,,,,,,,,,,,,,,,,,16,4,15308,1374,390,98,4,right,1,48,48,0,4,,,,,264,,,,,,,,,,,,,,,,,,,,,,,,,,,,,,,,,,,
1558.7658241250028,unswapping,,,,,,,,,,,,,,,,,,,,,,,,,,,,,,,,,,,,,,,,,16,4,15008,1364,390,98,5,both,0,49,49,2,2,,,,,268,,,,,,,,,,,,,,,,,,,,,,,,,,,,,,,,,,,
1558.9515991670196,unswapping,,,,,,,,,,,,,,,,,,,,,,,,,,,,,,,,,,,,,,,,,16,4,14324,1334,390,98,5,both,1,48,48,2,4,,,,,268,,,,,,,,,,,,,,,,,,,,,,,,,,,,,,,,,,,
1559.0375017500191,unswapping,,,,,,,,,,,,,,,,,,,,,,,,,,,,,,,,,,,,,,,,,16,4,14228,1326,390,98,5,left,0,49,49,1,5,,,,,270,,,,,,,,,,,,,,,,,,,,,,,,,,,,,,,,,,,
1559.1227224169997,unswapping,,,,,,,,,,,,,,,,,,,,,,,,,,,,,,,,,,,,,,,,,16,4,14164,1322,390,98,5,left,1,48,48,1,6,,,,,272,,,,,,,,,,,,,,,,,,,,,,,,,,,,,,,,,,,
1559.2042687920039,unswapping,,,,,,,,,,,,,,,,,,,,,,,,,,,,,,,,,,,,,,,,,16,4,14116,1316,390,98,5,right,0,49,49,1,7,,,,,272,,,,,,,,,,,,,,,,,,,,,,,,,,,,,,,,,,,
1559.2495509580185,unswapping,,,,,,,,,,,,,,,,,,,,,,,,,,,,,,,,,,,,,,,,,16,4,14116,1316,390,98,5,right,1,48,48,0,7,,,,,272,,,,,,,,,,,,,,,,,,,,,,,,,,,,,,,,,,,
1559.4299062920036,unswapping,,,,,,,,,,,,,,,,,,,,,,,,,,,,,,,,,,,,,,,,,16,4,14056,1310,390,98,6,both,0,49,49,2,2,,,,,274,,,,,,,,,,,,,,,,,,,,,,,,,,,,,,,,,,,
1559.6079122080118,unswapping,,,,,,,,,,,,,,,,,,,,,,,,,,,,,,,,,,,,,,,,,16,4,13996,1302,390,98,6,both,1,48,48,2,4,,,,,280,,,,,,,,,,,,,,,,,,,,,,,,,,,,,,,,,,,
1559.6550485420157,unswapping,,,,,,,,,,,,,,,,,,,,,,,,,,,,,,,,,,,,,,,,,16,4,13996,1302,390,98,6,left,0,49,49,0,4,,,,,280,,,,,,,,,,,,,,,,,,,,,,,,,,,,,,,,,,,
1559.7020499170176,unswapping,,,,,,,,,,,,,,,,,,,,,,,,,,,,,,,,,,,,,,,,,16,4,13996,1302,390,98,6,left,1,48,48,0,4,,,,,280,,,,,,,,,,,,,,,,,,,,,,,,,,,,,,,,,,,
1559.749501083017,unswapping,,,,,,,,,,,,,,,,,,,,,,,,,,,,,,,,,,,,,,,,,16,4,13996,1302,390,98,6,right,0,49,49,0,4,,,,,280,,,,,,,,,,,,,,,,,,,,,,,,,,,,,,,,,,,
1559.7955960000108,unswapping,,,,,,,,,,,,,,,,,,,,,,,,,,,,,,,,,,,,,,,,,16,4,13996,1302,390,98,6,right,1,48,48,0,4,,,,,280,,,,,,,,,,,,,,,,,,,,,,,,,,,,,,,,,,,
1559.8876114580198,unswapping,,,,,,,,,,,,,,,,,,,,,,,,,,,,,,,,,,,,,,,,,16,4,13996,1302,390,98,7,both,0,49,49,0,0,,,,,280,,,,,,,,,,,,,,,,,,,,,,,,,,,,,,,,,,,
1559.9793207500188,unswapping,,,,,,,,,,,,,,,,,,,,,,,,,,,,,,,,,,,,,,,,,16,4,13996,1302,390,98,7,both,1,48,48,0,0,,,,,280,,,,,,,,,,,,,,,,,,,,,,,,,,,,,,,,,,,
1560.026016332995,unswapping,,,,,,,,,,,,,,,,,,,,,,,,,,,,,,,,,,,,,,,,,16,4,13996,1302,390,98,7,left,0,49,49,0,0,,,,,280,,,,,,,,,,,,,,,,,,,,,,,,,,,,,,,,,,,
1560.0735161670018,unswapping,,,,,,,,,,,,,,,,,,,,,,,,,,,,,,,,,,,,,,,,,16,4,13996,1302,390,98,7,left,1,48,48,0,0,,,,,280,,,,,,,,,,,,,,,,,,,,,,,,,,,,,,,,,,,
1560.118973042001,unswapping,,,,,,,,,,,,,,,,,,,,,,,,,,,,,,,,,,,,,,,,,16,4,13996,1302,390,98,7,right,0,49,49,0,0,,,,,280,,,,,,,,,,,,,,,,,,,,,,,,,,,,,,,,,,,
1560.1636667080165,unswapping,,,,,,,,,,,,,,,,,,,,,,,,,,,,,,,,,,,,,,,,,16,4,13996,1302,390,98,7,right,1,48,48,0,0,,,,,280,,,,,,,,,,,,,,,,,,,,,,,,,,,,,,,,,,,
1560.2242064579914,unswap_cycle_summary,,,,,,32,20,52,,,,,,,,,,,,,,,,,,,4096,0.002,,,,,,,,,,,,,16,4,13996,1302,390,98,,,,,,,,,,,,,,,,,,,,23,64.86550675000763,52,1984,1932,3,False,,,,,,,,,,,,,,,,,,,,,
1571.8053555420192,rewiring,,,,,,,,,,,,,,,,,,,,,,,,,,,,,,,,,,,,,,,,,,,,,,,,,,,,,,,,,,,,,,,,,,23,,,,,,,left,post_unswap,11.579911749984603,20,2526,False,False,False,3,2,lookahead_total,8,False,1,123,"(1121308, 1121308, 256, 256, 2123, 20987, 2931)",3.11217750000651,8.467694625986042,"[{'seed': 123, 'score': (1121308, 1121308, 256, 256, 2123, 20987, 2931), 'num_layers': 2931, 'total_swaps': 20987, 'max_layer_swaps': 26, 'swap_only_layers': 2123, 'work_layers': 808, 'unitary_layers': 808, 'first_work_layer': 0, 'leading_no_work_layers': 0, 'lookahead_layers_scored': 8, 'lookahead_final_elems': 1121308, 'lookahead_final_max_bond': 256, 'lookahead_peak_elems': 1121308, 'lookahead_peak_max_bond': 256, 'lookahead_peak_bond_l2': 352075}, {'seed': 1132, 'score': (1159328, 1159328, 256, 256, 1625, 20443, 2404), 'num_layers': 2404, 'total_swaps': 20443, 'max_layer_swaps': 21, 'swap_only_layers': 1625, 'work_layers': 779, 'unitary_layers': 779, 'first_work_layer': 0, 'leading_no_work_layers': 0, 'lookahead_layers_scored': 8, 'lookahead_final_elems': 1159328, 'lookahead_final_max_bond': 256, 'lookahead_peak_elems': 1159328, 'lookahead_peak_max_bond': 256, 'lookahead_peak_bond_l2': 364690}]",11.579898541996954,21.213731625000946
1581.438660417014,rewiring,,,,,,,,,,,,,,,,,,,,,,,,,,,,,,,,,,,,,,,,,,,,,,,,,,,,,,,,,,,,,,,,,,23,,,,,,,right,post_unswap,9.632929124985822,20,2305,False,False,False,3,2,lookahead_total,8,False,1,123,"(511260, 511260, 256, 256, 1328, 18385, 2115)",1.6301263339992147,8.002768249978544,"[{'seed': 123, 'score': (511260, 511260, 256, 256, 1328, 18385, 2115), 'num_layers': 2115, 'total_swaps': 18385, 'max_layer_swaps': 22, 'swap_only_layers': 1328, 'work_layers': 787, 'unitary_layers': 787, 'first_work_layer': 11, 'leading_no_work_layers': 11, 'lookahead_layers_scored': 8, 'lookahead_final_elems': 511260, 'lookahead_final_max_bond': 256, 'lookahead_peak_elems': 511260, 'lookahead_peak_max_bond': 256, 'lookahead_peak_bond_l2': 204151}, {'seed': 1132, 'score': (733420, 733420, 256, 256, 1309, 17891, 2064), 'num_layers': 2064, 'total_swaps': 17891, 'max_layer_swaps': 21, 'swap_only_layers': 1309, 'work_layers': 755, 'unitary_layers': 755, 'first_work_layer': 11, 'leading_no_work_layers': 11, 'lookahead_layers_scored': 8, 'lookahead_final_elems': 733420, 'lookahead_final_max_bond': 256, 'lookahead_peak_elems': 733420, 'lookahead_peak_max_bond': 256, 'lookahead_peak_bond_l2': 250597}]",9.632919166004285,21.213731625000946
1581.4387926250056,cycle_progress,,,,,,32,20,52,,,,,,,,,,,,,,,,,,,4096,0.002,,11540,3,,,,,,,,,,16,4,13996,1302,390,98,,,,,,,,,,,,,,,,,,,,23,,52,1984,1932,3,False,,,,,,,,,,,,,,,,,,,,,21.213731625000946
1581.6241987920075,absorbing,L,1,0,2931,2115,33,20,53,17,1,1,0.05609174998244271,0.05316420801682398,0.10925595799926668,0.12105504199280404,13996,17232,16,16,False,False,False,False,13996,16,False,4096,0.002,,13996,0,total_elems,13996,17232,1,1,,,,0.0,16,4,13996,1302,390,98,,,,,,,,,,,,,,,,,,,,,,,,,,,,,,,,,,,,,,,,,,,,,,,
1581.7355638750014,absorbing,L,2,0,2931,2115,33,20,53,21,0,1,0.05366416598553769,0.05268824999802746,0.10635241598356515,0.10766974999569356,16584,17232,16,16,False,False,False,False,16584,16,False,4096,0.002,,13996,0,total_elems,16584,17232,1,1,,,,0.0,16,4,16584,1468,390,98,,,,,,,,,,,,,,,,,,,,,,,,,,,,,,,,,,,,,,,,,,,,,,,
1581.856050167,absorbing,R,2,1,2931,2115,33,20,53,15,0,1,0.05984979201457463,0.05583570900489576,0.1156855010194704,0.11706591700203717,29120,20812,32,16,False,False,False,False,20812,16,False,4096,0.002,,13996,0,total_elems,29120,20812,1,1,,,,0.0,16,4,20812,1646,390,98,,,,,,,,,,,,,,,,,,,,,,,,,,,,,,,,,,,,,,,,,,,,,,,
1581.979329291993,absorbing,R,2,2,2931,2115,33,20,53,15,0,1,0.05984550001448952,0.0589312499796506,0.11877674999414012,0.11991804098943248,33948,32648,32,64,False,False,False,False,32648,64,False,4096,0.002,,13996,0,total_elems,33948,32648,1,1,,,,0.0,64,4,32648,1910,390,98,,,,,,,,,,,,,,,,,,,,,,,,,,,,,,,,,,,,,,,,,,,,,,,
1582.118520832999,absorbing,L,3,2,2931,2115,33,20,53,19,0,1,0.06989908299874514,0.06468295902595855,0.1345820420247037,0.13590458399266936,48672,50712,64,64,False,False,False,False,48672,64,False,4096,0.002,,13996,0,total_elems,48672,50712,1,1,,,,0.0,64,4,48672,2294,390,98,,,,,,,,,,,,,,,,,,,,,,,,,,,,,,,,,,,,,,,,,,,,,,,
1582.2796477499942,absorbing,R,3,3,2931,2115,33,20,53,13,0,1,0.08163566698203795,0.0746583330037538,0.15629399998579174,0.1577686250093393,97500,74208,64,64,False,False,False,False,74208,64,False,4096,0.002,,13996,0,total_elems,97500,74208,1,1,,,,0.0,64,4,74208,2650,390,98,,,,,,,,,,,,,,,,,,,,,,,,,,,,,,,,,,,,,,,,,,,,,,,
1582.4498112500005,absorbing,R,3,4,2931,2115,33,20,53,13,0,1,0.09005904098739848,0.0753642089839559,0.16542324997135438,0.1667338330007624,146844,95264,128,64,False,False,False,False,95264,64,False,4096,0.002,,13996,0,total_elems,146844,95264,1,1,,,,0.0,64,4,95264,2998,390,98,,,,,,,,,,,,,,,,,,,,,,,,,,,,,,,,,,,,,,,,,,,,,,,
1582.691266083013,absorbing,R,3,5,2931,2115,33,20,53,15,0,1,0.13795337500050664,0.09821683299378492,0.23617020799429156,0.23763116699410602,203740,134080,128,64,False,False,False,False,134080,64,False,4096,0.002,,13996,0,total_elems,203740,134080,1,1,,,,0.0,64,4,134080,3404,390,98,,,,,,,,,,,,,,,,,,,,,,,,,,,,,,,,,,,,,,,,,,,,,,,
1582.9714072920033,absorbing,R,3,6,2931,2115,33,20,53,17,0,1,0.15844058300717734,0.11177683397545479,0.27021741698263213,0.27149966699653305,260220,175616,128,64,False,False,False,False,175616,64,False,4096,0.002,,13996,0,total_elems,260220,175616,1,1,,,,0.0,64,4,175616,3892,390,98,,,,,,,,,,,,,,,,,,,,,,,,,,,,,,,,,,,,,,,,,,,,,,,
1583.3383561249939,absorbing,L,4,6,2931,2115,33,20,53,18,0,1,0.19936120801139623,0.16258920900872909,0.3619504170201253,0.36327141599031165,308668,332672,128,128,False,False,False,False,308668,128,False,4096,0.002,,13996,0,total_elems,308668,332672,1,1,,,,0.0,128,4,308668,4810,390,98,,,,,,,,,,,,,,,,,,,,,,,,,,,,,,,,,,,,,,,,,,,,,,,
1583.9661742919998,absorbing,R,4,7,2931,2115,33,20,53,18,0,1,0.39624262499273755,0.22134020799421705,0.6175828329869546,0.6190495830087457,630016,493500,256,128,False,False,False,False,493500,128,False,4096,0.002,,13996,0,total_elems,630016,493500,1,1,,,,0.0,128,4,493500,5970,390,98,,,,,,,,,,,,,,,,,,,,,,,,,,,,,,,,,,,,,,,,,,,,,,,
1585.0234633329965,absorbing,L,5,7,2931,2115,33,20,53,18,0,1,0.5095292080077343,0.5409412500157487,1.050470458023483,1.0532527079922147,846592,965624,256,256,False,False,False,False,846592,256,False,4096,0.002,,13996,0,total_elems,846592,965624,1,1,,,,0.0,256,4,846592,7222,390,98,,,,,,,,,,,,,,,,,,,,,,,,,,,,,,,,,,,,,,,,,,,,,,,
1613.1696791250142,unswapping,,,,,,,,,,,,,,,,,,,,,,,,,,,,,,,,,,,,,,,,,256,4,1009888,8128,390,98,0,both,0,49,49,7,7,,,,,0,,,,,,,,,,,,,,,,,,,,,,,,,,,,,,,,,,,
1618.0885536250134,unswapping,,,,,,,,,,,,,,,,,,,,,,,,,,,,,,,,,,,,,,,,,128,4,347808,5064,390,98,0,both,1,48,48,23,30,,,,,0,,,,,,,,,,,,,,,,,,,,,,,,,,,,,,,,,,,
1618.8507180000015,unswapping,,,,,,,,,,,,,,,,,,,,,,,,,,,,,,,,,,,,,,,,,128,4,270576,4146,390,98,0,left,0,49,49,21,51,,,,,42,,,,,,,,,,,,,,,,,,,,,,,,,,,,,,,,,,,
1619.6666475830134,unswapping,,,,,,,,,,,,,,,,,,,,,,,,,,,,,,,,,,,,,,,,,128,4,164244,3486,390,98,0,left,1,48,48,19,70,,,,,80,,,,,,,,,,,,,,,,,,,,,,,,,,,,,,,,,,,
1619.9859597079922,unswapping,,,,,,,,,,,,,,,,,,,,,,,,,,,,,,,,,,,,,,,,,64,4,98516,2910,390,98,0,right,0,49,49,15,85,,,,,90,,,,,,,,,,,,,,,,,,,,,,,,,,,,,,,,,,,
1620.1994770829915,unswapping,,,,,,,,,,,,,,,,,,,,,,,,,,,,,,,,,,,,,,,,,32,4,70380,2634,390,98,0,right,1,48,48,9,94,,,,,104,,,,,,,,,,,,,,,,,,,,,,,,,,,,,,,,,,,
1620.5266392079939,unswapping,,,,,,,,,,,,,,,,,,,,,,,,,,,,,,,,,,,,,,,,,32,4,50788,2262,390,98,1,both,0,49,49,15,15,,,,,130,,,,,,,,,,,,,,,,,,,,,,,,,,,,,,,,,,,
1620.7996179579932,unswapping,,,,,,,,,,,,,,,,,,,,,,,,,,,,,,,,,,,,,,,,,32,4,38292,2034,390,98,1,both,1,48,48,12,27,,,,,156,,,,,,,,,,,,,,,,,,,,,,,,,,,,,,,,,,,
1620.9322224170028,unswapping,,,,,,,,,,,,,,,,,,,,,,,,,,,,,,,,,,,,,,,,,32,4,33272,1872,390,98,1,left,0,49,49,11,38,,,,,172,,,,,,,,,,,,,,,,,,,,,,,,,,,,,,,,,,,
1621.0566367499996,unswapping,,,,,,,,,,,,,,,,,,,,,,,,,,,,,,,,,,,,,,,,,32,4,30656,1786,390,98,1,left,1,48,48,10,48,,,,,190,,,,,,,,,,,,,,,,,,,,,,,,,,,,,,,,,,,
1621.1709050420031,unswapping,,,,,,,,,,,,,,,,,,,,,,,,,,,,,,,,,,,,,,,,,32,4,29396,1750,390,98,1,right,0,49,49,3,51,,,,,192,,,,,,,,,,,,,,,,,,,,,,,,,,,,,,,,,,,
1621.2833104169986,unswapping,,,,,,,,,,,,,,,,,,,,,,,,,,,,,,,,,,,,,,,,,32,4,29144,1736,390,98,1,right,1,48,48,2,53,,,,,192,,,,,,,,,,,,,,,,,,,,,,,,,,,,,,,,,,,
1621.5091327500122,unswapping,,,,,,,,,,,,,,,,,,,,,,,,,,,,,,,,,,,,,,,,,32,4,26644,1670,390,98,2,both,0,49,49,9,9,,,,,208,,,,,,,,,,,,,,,,,,,,,,,,,,,,,,,,,,,
1621.7227571670082,unswapping,,,,,,,,,,,,,,,,,,,,,,,,,,,,,,,,,,,,,,,,,32,4,22784,1554,390,98,2,both,1,48,48,10,19,,,,,222,,,,,,,,,,,,,,,,,,,,,,,,,,,,,,,,,,,
1621.8346135829925,unswapping,,,,,,,,,,,,,,,,,,,,,,,,,,,,,,,,,,,,,,,,,32,4,22340,1532,390,98,2,left,0,49,49,2,21,,,,,226,,,,,,,,,,,,,,,,,,,,,,,,,,,,,,,,,,,
1621.9456073330075,unswapping,,,,,,,,,,,,,,,,,,,,,,,,,,,,,,,,,,,,,,,,,32,4,22200,1518,390,98,2,left,1,48,48,3,24,,,,,232,,,,,,,,,,,,,,,,,,,,,,,,,,,,,,,,,,,
1622.0533098750166,unswapping,,,,,,,,,,,,,,,,,,,,,,,,,,,,,,,,,,,,,,,,,32,4,21408,1480,390,98,2,right,0,49,49,4,28,,,,,236,,,,,,,,,,,,,,,,,,,,,,,,,,,,,,,,,,,
1622.1407596670033,unswapping,,,,,,,,,,,,,,,,,,,,,,,,,,,,,,,,,,,,,,,,,32,4,21120,1468,390,98,2,right,1,48,48,2,30,,,,,234,,,,,,,,,,,,,,,,,,,,,,,,,,,,,,,,,,,
1622.3450452079996,unswapping,,,,,,,,,,,,,,,,,,,,,,,,,,,,,,,,,,,,,,,,,32,4,20628,1442,390,98,3,both,0,49,49,4,4,,,,,240,,,,,,,,,,,,,,,,,,,,,,,,,,,,,,,,,,,
1622.5248969999957,unswapping,,,,,,,,,,,,,,,,,,,,,,,,,,,,,,,,,,,,,,,,,32,4,20472,1428,390,98,3,both,1,48,48,3,7,,,,,246,,,,,,,,,,,,,,,,,,,,,,,,,,,,,,,,,,,
1622.5780917920056,unswapping,,,,,,,,,,,,,,,,,,,,,,,,,,,,,,,,,,,,,,,,,32,4,20472,1428,390,98,3,left,0,49,49,0,7,,,,,246,,,,,,,,,,,,,,,,,,,,,,,,,,,,,,,,,,,
1622.6688908330107,unswapping,,,,,,,,,,,,,,,,,,,,,,,,,,,,,,,,,,,,,,,,,32,4,20376,1416,390,98,3,left,1,48,48,1,8,,,,,248,,,,,,,,,,,,,,,,,,,,,,,,,,,,,,,,,,,
1622.7195075420022,unswapping,,,,,,,,,,,,,,,,,,,,,,,,,,,,,,,,,,,,,,,,,32,4,20376,1416,390,98,3,right,0,49,49,0,8,,,,,248,,,,,,,,,,,,,,,,,,,,,,,,,,,,,,,,,,,
1622.8065162080165,unswapping,,,,,,,,,,,,,,,,,,,,,,,,,,,,,,,,,,,,,,,,,32,4,20328,1412,390,98,3,right,1,48,48,1,9,,,,,248,,,,,,,,,,,,,,,,,,,,,,,,,,,,,,,,,,,
1623.0119085829938,unswapping,,,,,,,,,,,,,,,,,,,,,,,,,,,,,,,,,,,,,,,,,32,4,20232,1404,390,98,4,both,0,49,49,2,2,,,,,252,,,,,,,,,,,,,,,,,,,,,,,,,,,,,,,,,,,
1623.1221952500055,unswapping,,,,,,,,,,,,,,,,,,,,,,,,,,,,,,,,,,,,,,,,,32,4,20232,1404,390,98,4,both,1,48,48,0,2,,,,,252,,,,,,,,,,,,,,,,,,,,,,,,,,,,,,,,,,,
1623.1782011250034,unswapping,,,,,,,,,,,,,,,,,,,,,,,,,,,,,,,,,,,,,,,,,32,4,20232,1404,390,98,4,left,0,49,49,0,2,,,,,252,,,,,,,,,,,,,,,,,,,,,,,,,,,,,,,,,,,
1623.23214079201,unswapping,,,,,,,,,,,,,,,,,,,,,,,,,,,,,,,,,,,,,,,,,32,4,20232,1404,390,98,4,left,1,48,48,0,2,,,,,252,,,,,,,,,,,,,,,,,,,,,,,,,,,,,,,,,,,
1623.2835780830064,unswapping,,,,,,,,,,,,,,,,,,,,,,,,,,,,,,,,,,,,,,,,,32,4,20232,1404,390,98,4,right,0,49,49,0,2,,,,,252,,,,,,,,,,,,,,,,,,,,,,,,,,,,,,,,,,,
1623.3336997920123,unswapping,,,,,,,,,,,,,,,,,,,,,,,,,,,,,,,,,,,,,,,,,32,4,20232,1404,390,98,4,right,1,48,48,0,2,,,,,252,,,,,,,,,,,,,,,,,,,,,,,,,,,,,,,,,,,
1623.4396136249998,unswapping,,,,,,,,,,,,,,,,,,,,,,,,,,,,,,,,,,,,,,,,,32,4,20232,1404,390,98,5,both,0,49,49,0,0,,,,,252,,,,,,,,,,,,,,,,,,,,,,,,,,,,,,,,,,,
1623.541524417,unswapping,,,,,,,,,,,,,,,,,,,,,,,,,,,,,,,,,,,,,,,,,32,4,20232,1404,390,98,5,both,1,48,48,0,0,,,,,252,,,,,,,,,,,,,,,,,,,,,,,,,,,,,,,,,,,
1623.5951774580171,unswapping,,,,,,,,,,,,,,,,,,,,,,,,,,,,,,,,,,,,,,,,,32,4,20232,1404,390,98,5,left,0,49,49,0,0,,,,,252,,,,,,,,,,,,,,,,,,,,,,,,,,,,,,,,,,,
1623.6463447920105,unswapping,,,,,,,,,,,,,,,,,,,,,,,,,,,,,,,,,,,,,,,,,32,4,20232,1404,390,98,5,left,1,48,48,0,0,,,,,252,,,,,,,,,,,,,,,,,,,,,,,,,,,,,,,,,,,
1623.6974540420051,unswapping,,,,,,,,,,,,,,,,,,,,,,,,,,,,,,,,,,,,,,,,,32,4,20232,1404,390,98,5,right,0,49,49,0,0,,,,,252,,,,,,,,,,,,,,,,,,,,,,,,,,,,,,,,,,,
1623.7468340420164,unswapping,,,,,,,,,,,,,,,,,,,,,,,,,,,,,,,,,,,,,,,,,32,4,20232,1404,390,98,5,right,1,48,48,0,0,,,,,252,,,,,,,,,,,,,,,,,,,,,,,,,,,,,,,,,,,
1623.810948917002,unswap_cycle_summary,,,,,,33,20,53,,,,,,,,,,,,,,,,,,,4096,0.002,,,,,,,,,,,,,32,4,20232,1404,390,98,,,,,,,,,,,,,,,,,,,,24,36.554580541996984,53,1984,1931,1,False,,,,,,,,,,,,,,,,,,,,,
1638.4017142500088,rewiring,,,,,,,,,,,,,,,,,,,,,,,,,,,,,,,,,,,,,,,,,,,,,,,,,,,,,,,,,,,,,,,,,,24,,,,,,,left,post_unswap,14.589386749983532,20,2928,False,False,False,1,2,lookahead_total,8,False,1,123,"(1859040, 1859040, 511, 511, 1726, 20923, 2509)",5.241267125005834,9.34808354100096,"[{'seed': 123, 'score': (1859040, 1859040, 511, 511, 1726, 20923, 2509), 'num_layers': 2509, 'total_swaps': 20923, 'max_layer_swaps': 24, 'swap_only_layers': 1726, 'work_layers': 783, 'unitary_layers': 783, 'first_work_layer': 8, 'leading_no_work_layers': 8, 'lookahead_layers_scored': 8, 'lookahead_final_elems': 1859040, 'lookahead_final_max_bond': 511, 'lookahead_peak_elems': 1859040, 'lookahead_peak_max_bond': 511, 'lookahead_peak_bond_l2': 568243}, {'seed': 1132, 'score': (1878560, 1878560, 511, 511, 1755, 20077, 2520), 'num_layers': 2520, 'total_swaps': 20077, 'max_layer_swaps': 26, 'swap_only_layers': 1755, 'work_layers': 765, 'unitary_layers': 765, 'first_work_layer': 10, 'leading_no_work_layers': 10, 'lookahead_layers_scored': 8, 'lookahead_final_elems': 1878560, 'lookahead_final_max_bond': 511, 'lookahead_peak_elems': 1878560, 'lookahead_peak_max_bond': 511, 'lookahead_peak_bond_l2': 605239}]",14.589377124997554,24.54015824999078
1648.3517991249973,rewiring,,,,,,,,,,,,,,,,,,,,,,,,,,,,,,,,,,,,,,,,,,,,,,,,,,,,,,,,,,,,,,,,,,24,,,,,,,right,post_unswap,9.949727166997036,20,2110,False,False,False,1,2,lookahead_total,8,False,1,123,"(421296, 421296, 128, 128, 1278, 17826, 2022)",1.9628616250120103,7.98682979302248,"[{'seed': 123, 'score': (421296, 421296, 128, 128, 1278, 17826, 2022), 'num_layers': 2022, 'total_swaps': 17826, 'max_layer_swaps': 20, 'swap_only_layers': 1278, 'work_layers': 744, 'unitary_layers': 744, 'first_work_layer': 7, 'leading_no_work_layers': 7, 'lookahead_layers_scored': 8, 'lookahead_final_elems': 421296, 'lookahead_final_max_bond': 128, 'lookahead_peak_elems': 421296, 'lookahead_peak_max_bond': 128, 'lookahead_peak_bond_l2': 132796}, {'seed': 1132, 'score': (953704, 953704, 256, 256, 1394, 17833, 2173), 'num_layers': 2173, 'total_swaps': 17833, 'max_layer_swaps': 21, 'swap_only_layers': 1394, 'work_layers': 779, 'unitary_layers': 779, 'first_work_layer': 7, 'leading_no_work_layers': 7, 'lookahead_layers_scored': 8, 'lookahead_final_elems': 953704, 'lookahead_final_max_bond': 256, 'lookahead_peak_elems': 953704, 'lookahead_peak_max_bond': 256, 'lookahead_peak_bond_l2': 318271}]",9.949714415997732,24.54015824999078
1648.3520704580005,cycle_progress,,,,,,33,20,53,,,,,,,,,,,,,,,,,,,4096,0.002,,13996,0,,,,,,,,,,32,4,20232,1404,390,98,,,,,,,,,,,,,,,,,,,,24,,53,1984,1931,1,False,,,,,,,,,,,,,,,,,,,,,24.54015824999078
1648.5410268330015,absorbing,L,1,0,2509,2022,33,20,53,17,0,0,0.05431824998231605,0.0548022500006482,0.10912049998296425,0.12262787501094863,20232,24376,32,32,False,False,False,False,20232,32,False,4096,0.002,,20232,0,total_elems,20232,24376,1,1,,,,0.0,32,4,20232,1404,390,98,,,,,,,,,,,,,,,,,,,,,,,,,,,,,,,,,,,,,,,,,,,,,,,
1648.6582631250203,absorbing,R,1,1,2509,2022,33,20,53,16,0,0,0.058282542013330385,0.05249241599813104,0.11077495801146142,0.11374387500109151,25428,24376,32,32,False,False,False,False,24376,32,False,4096,0.002,,20232,0,total_elems,25428,24376,1,1,,,,0.0,32,4,24376,1582,390,98,,,,,,,,,,,,,,,,,,,,,,,,,,,,,,,,,,,,,,,,,,,,,,,
1648.7740679169947,absorbing,L,2,1,2509,2022,33,20,53,23,0,0,0.05712858299375512,0.05422549997456372,0.11135408296831883,0.1125522080110386,30324,33568,32,32,False,False,False,False,30324,32,False,4096,0.002,,20232,0,total_elems,30324,33568,1,1,,,,0.0,32,4,30324,1770,390,98,,,,,,,,,,,,,,,,,,,,,,,,,,,,,,,,,,,,,,,,,,,,,,,
1648.8958128750091,absorbing,R,2,2,2509,2022,33,20,53,17,0,0,0.06134737501270138,0.0557786250137724,0.11712600002647378,0.118502958008321,51172,39540,64,32,False,False,False,False,39540,32,False,4096,0.002,,20232,0,total_elems,51172,39540,1,1,,,,0.0,32,4,39540,2006,390,98,,,,,,,,,,,,,,,,,,,,,,,,,,,,,,,,,,,,,,,,,,,,,,,
1649.0230645420088,absorbing,R,2,3,2509,2022,33,20,53,18,0,0,0.06497420801315457,0.05771866597933695,0.12269287399249151,0.12385891602025367,64712,53468,64,32,False,False,False,False,53468,32,False,4096,0.002,,20232,0,total_elems,64712,53468,1,1,,,,0.0,32,4,53468,2314,390,98,,,,,,,,,,,,,,,,,,,,,,,,,,,,,,,,,,,,,,,,,,,,,,,
1649.172793250007,absorbing,R,2,4,2509,2022,33,20,53,14,0,0,0.07160370799829252,0.0734675420098938,0.14507125000818633,0.14633395901182666,81320,80476,64,64,False,False,False,False,80476,64,False,4096,0.002,,20232,0,total_elems,81320,80476,1,1,,,,0.0,64,4,80476,2722,390,98,,,,,,,,,,,,,,,,,,,,,,,,,,,,,,,,,,,,,,,,,,,,,,,
1649.3761010830058,absorbing,L,3,4,2509,2022,33,20,53,24,0,0,0.10324833300546743,0.09472808300051838,0.1979764160059858,0.19966745798592456,126888,130424,64,64,False,False,False,False,126888,64,False,4096,0.002,,20232,0,total_elems,126888,130424,1,1,,,,0.0,64,4,126888,3172,390,98,,,,,,,,,,,,,,,,,,,,,,,,,,,,,,,,,,,,,,,,,,,,,,,
1649.711083458009,absorbing,R,3,5,2509,2022,33,20,53,18,0,0,0.18712129100458696,0.14285216701682657,0.32997345802141353,0.33123516698833555,295556,207588,256,128,False,False,False,False,207588,128,False,4096,0.002,,20232,0,total_elems,295556,207588,1,1,,,,0.0,128,4,207588,3922,390,98,,,,,,,,,,,,,,,,,,,,,,,,,,,,,,,,,,,,,,,,,,,,,,,
1650.230137208011,absorbing,R,3,6,2509,2022,33,20,53,18,0,0,0.35069449999718927,0.15930812500300817,0.5100026250001974,0.5152348749979865,526656,286240,256,128,False,False,False,False,286240,128,False,4096,0.002,,20232,0,total_elems,526656,286240,1,1,,,,0.0,128,4,286240,4608,390,98,,,,,,,,,,,,,,,,,,,,,,,,,,,,,,,,,,,,,,,,,,,,,,,
1650.794250750012,absorbing,R,3,7,2509,2022,33,20,53,16,0,0,0.38490283401915804,0.17046112500247546,0.5553639590216335,0.5603073749807663,634784,418112,256,128,False,False,False,False,418112,128,False,4096,0.002,,20232,0,total_elems,634784,418112,1,1,,,,0.0,128,4,418112,5726,390,98,,,,,,,,,,,,,,,,,,,,,,,,,,,,,,,,,,,,,,,,,,,,,,,
1651.6253555830044,absorbing,R,3,8,2509,2022,33,21,54,14,1,1,0.503797458979534,0.32251925001037307,0.8263167089899071,0.8277417499921285,838368,750112,256,128,False,False,False,False,750112,128,False,4096,0.002,,20232,0,total_elems,838368,750112,1,1,,,,0.0,128,4,750112,7142,390,98,,,,,,,,,,,,,,,,,,,,,,,,,,,,,,,,,,,,,,,,,,,,,,,
1673.123063667008,unswapping,,,,,,,,,,,,,,,,,,,,,,,,,,,,,,,,,,,,,,,,,256,4,1264928,8464,390,98,0,both,0,49,49,7,7,,,,,0,,,,,,,,,,,,,,,,,,,,,,,,,,,,,,,,,,,
1680.118091375014,unswapping,,,,,,,,,,,,,,,,,,,,,,,,,,,,,,,,,,,,,,,,,128,4,540864,5924,390,98,0,both,1,48,48,20,27,,,,,0,,,,,,,,,,,,,,,,,,,,,,,,,,,,,,,,,,,
1681.7085880420054,unswapping,,,,,,,,,,,,,,,,,,,,,,,,,,,,,,,,,,,,,,,,,128,4,382872,4942,390,98,0,left,0,49,49,19,46,,,,,38,,,,,,,,,,,,,,,,,,,,,,,,,,,,,,,,,,,
1682.7340003330028,unswapping,,,,,,,,,,,,,,,,,,,,,,,,,,,,,,,,,,,,,,,,,128,4,262956,4126,390,98,0,left,1,48,48,21,67,,,,,80,,,,,,,,,,,,,,,,,,,,,,,,,,,,,,,,,,,
1683.367235875019,unswapping,,,,,,,,,,,,,,,,,,,,,,,,,,,,,,,,,,,,,,,,,128,4,228460,3662,390,98,0,right,0,49,49,13,80,,,,,86,,,,,,,,,,,,,,,,,,,,,,,,,,,,,,,,,,,
1684.0047553750046,unswapping,,,,,,,,,,,,,,,,,,,,,,,,,,,,,,,,,,,,,,,,,128,4,149020,3190,390,98,0,right,1,48,48,14,94,,,,,114,,,,,,,,,,,,,,,,,,,,,,,,,,,,,,,,,,,
1684.8085561250045,unswapping,,,,,,,,,,,,,,,,,,,,,,,,,,,,,,,,,,,,,,,,,64,4,91704,2608,390,98,1,both,0,49,49,18,18,,,,,160,,,,,,,,,,,,,,,,,,,,,,,,,,,,,,,,,,,
1685.245451708004,unswapping,,,,,,,,,,,,,,,,,,,,,,,,,,,,,,,,,,,,,,,,,64,4,83116,2462,390,98,1,both,1,48,48,9,27,,,,,186,,,,,,,,,,,,,,,,,,,,,,,,,,,,,,,,,,,
1685.483931416995,unswapping,,,,,,,,,,,,,,,,,,,,,,,,,,,,,,,,,,,,,,,,,64,4,76472,2332,390,98,1,left,0,49,49,7,34,,,,,200,,,,,,,,,,,,,,,,,,,,,,,,,,,,,,,,,,,
1685.7414443750167,unswapping,,,,,,,,,,,,,,,,,,,,,,,,,,,,,,,,,,,,,,,,,64,4,60040,2138,390,98,1,left,1,48,48,11,45,,,,,216,,,,,,,,,,,,,,,,,,,,,,,,,,,,,,,,,,,
1685.9370171670162,unswapping,,,,,,,,,,,,,,,,,,,,,,,,,,,,,,,,,,,,,,,,,32,4,45352,1966,390,98,1,right,0,49,49,9,54,,,,,232,,,,,,,,,,,,,,,,,,,,,,,,,,,,,,,,,,,
1686.0905941670062,unswapping,,,,,,,,,,,,,,,,,,,,,,,,,,,,,,,,,,,,,,,,,32,4,41020,1890,390,98,1,right,1,48,48,5,59,,,,,242,,,,,,,,,,,,,,,,,,,,,,,,,,,,,,,,,,,
1686.3889952079917,unswapping,,,,,,,,,,,,,,,,,,,,,,,,,,,,,,,,,,,,,,,,,32,4,36732,1802,390,98,2,both,0,49,49,7,7,,,,,250,,,,,,,,,,,,,,,,,,,,,,,,,,,,,,,,,,,
1686.669408457994,unswapping,,,,,,,,,,,,,,,,,,,,,,,,,,,,,,,,,,,,,,,,,32,4,35548,1754,390,98,2,both,1,48,48,5,12,,,,,258,,,,,,,,,,,,,,,,,,,,,,,,,,,,,,,,,,,
1686.8199832499959,unswapping,,,,,,,,,,,,,,,,,,,,,,,,,,,,,,,,,,,,,,,,,32,4,35020,1730,390,98,2,left,0,49,49,2,14,,,,,262,,,,,,,,,,,,,,,,,,,,,,,,,,,,,,,,,,,
1686.967063832999,unswapping,,,,,,,,,,,,,,,,,,,,,,,,,,,,,,,,,,,,,,,,,32,4,34620,1710,390,98,2,left,1,48,48,2,16,,,,,260,,,,,,,,,,,,,,,,,,,,,,,,,,,,,,,,,,,
1687.0494244169968,unswapping,,,,,,,,,,,,,,,,,,,,,,,,,,,,,,,,,,,,,,,,,32,4,34620,1710,390,98,2,right,0,49,49,0,16,,,,,260,,,,,,,,,,,,,,,,,,,,,,,,,,,,,,,,,,,
1687.1829193750164,unswapping,,,,,,,,,,,,,,,,,,,,,,,,,,,,,,,,,,,,,,,,,32,4,33084,1670,390,98,2,right,1,48,48,2,18,,,,,260,,,,,,,,,,,,,,,,,,,,,,,,,,,,,,,,,,,
1687.4510280420072,unswapping,,,,,,,,,,,,,,,,,,,,,,,,,,,,,,,,,,,,,,,,,32,4,32580,1642,390,98,3,both,0,49,49,5,5,,,,,262,,,,,,,,,,,,,,,,,,,,,,,,,,,,,,,,,,,
1687.7077737500076,unswapping,,,,,,,,,,,,,,,,,,,,,,,,,,,,,,,,,,,,,,,,,32,4,32136,1620,390,98,3,both,1,48,48,3,8,,,,,260,,,,,,,,,,,,,,,,,,,,,,,,,,,,,,,,,,,
1687.7792642080167,unswapping,,,,,,,,,,,,,,,,,,,,,,,,,,,,,,,,,,,,,,,,,32,4,32136,1620,390,98,3,left,0,49,49,0,8,,,,,260,,,,,,,,,,,,,,,,,,,,,,,,,,,,,,,,,,,
1687.8902690419927,unswapping,,,,,,,,,,,,,,,,,,,,,,,,,,,,,,,,,,,,,,,,,32,4,32040,1608,390,98,3,left,1,48,48,1,9,,,,,262,,,,,,,,,,,,,,,,,,,,,,,,,,,,,,,,,,,
1687.9603832499997,unswapping,,,,,,,,,,,,,,,,,,,,,,,,,,,,,,,,,,,,,,,,,32,4,32040,1608,390,98,3,right,0,49,49,0,9,,,,,262,,,,,,,,,,,,,,,,,,,,,,,,,,,,,,,,,,,
1688.0283845000085,unswapping,,,,,,,,,,,,,,,,,,,,,,,,,,,,,,,,,,,,,,,,,32,4,32040,1608,390,98,3,right,1,48,48,0,9,,,,,262,,,,,,,,,,,,,,,,,,,,,,,,,,,,,,,,,,,
1688.2607411250065,unswapping,,,,,,,,,,,,,,,,,,,,,,,,,,,,,,,,,,,,,,,,,32,4,31800,1596,390,98,4,both,0,49,49,1,1,,,,,266,,,,,,,,,,,,,,,,,,,,,,,,,,,,,,,,,,,
1688.398999958008,unswapping,,,,,,,,,,,,,,,,,,,,,,,,,,,,,,,,,,,,,,,,,32,4,31800,1596,390,98,4,both,1,48,48,0,1,,,,,266,,,,,,,,,,,,,,,,,,,,,,,,,,,,,,,,,,,
1688.4675761669932,unswapping,,,,,,,,,,,,,,,,,,,,,,,,,,,,,,,,,,,,,,,,,32,4,31800,1596,390,98,4,left,0,49,49,0,1,,,,,266,,,,,,,,,,,,,,,,,,,,,,,,,,,,,,,,,,,
1688.5339070420014,unswapping,,,,,,,,,,,,,,,,,,,,,,,,,,,,,,,,,,,,,,,,,32,4,31800,1596,390,98,4,left,1,48,48,0,1,,,,,266,,,,,,,,,,,,,,,,,,,,,,,,,,,,,,,,,,,
1688.5987529999984,unswapping,,,,,,,,,,,,,,,,,,,,,,,,,,,,,,,,,,,,,,,,,32,4,31800,1596,390,98,4,right,0,49,49,0,1,,,,,266,,,,,,,,,,,,,,,,,,,,,,,,,,,,,,,,,,,
1688.7008802500204,unswapping,,,,,,,,,,,,,,,,,,,,,,,,,,,,,,,,,,,,,,,,,32,4,31560,1584,390,98,4,right,1,48,48,1,2,,,,,266,,,,,,,,,,,,,,,,,,,,,,,,,,,,,,,,,,,
1688.9277205420076,unswapping,,,,,,,,,,,,,,,,,,,,,,,,,,,,,,,,,,,,,,,,,32,4,31464,1576,390,98,5,both,0,49,49,1,1,,,,,270,,,,,,,,,,,,,,,,,,,,,,,,,,,,,,,,,,,
1689.0629376670113,unswapping,,,,,,,,,,,,,,,,,,,,,,,,,,,,,,,,,,,,,,,,,32,4,31464,1576,390,98,5,both,1,48,48,0,1,,,,,270,,,,,,,,,,,,,,,,,,,,,,,,,,,,,,,,,,,
1689.1719054999994,unswapping,,,,,,,,,,,,,,,,,,,,,,,,,,,,,,,,,,,,,,,,,32,4,31416,1572,390,98,5,left,0,49,49,1,2,,,,,268,,,,,,,,,,,,,,,,,,,,,,,,,,,,,,,,,,,
1689.2375052080024,unswapping,,,,,,,,,,,,,,,,,,,,,,,,,,,,,,,,,,,,,,,,,32,4,31416,1572,390,98,5,left,1,48,48,0,2,,,,,268,,,,,,,,,,,,,,,,,,,,,,,,,,,,,,,,,,,
1689.313578583009,unswapping,,,,,,,,,,,,,,,,,,,,,,,,,,,,,,,,,,,,,,,,,32,4,31416,1572,390,98,5,right,0,49,49,0,2,,,,,268,,,,,,,,,,,,,,,,,,,,,,,,,,,,,,,,,,,
1689.382162416994,unswapping,,,,,,,,,,,,,,,,,,,,,,,,,,,,,,,,,,,,,,,,,32,4,31416,1572,390,98,5,right,1,48,48,0,2,,,,,268,,,,,,,,,,,,,,,,,,,,,,,,,,,,,,,,,,,
1689.542198042007,unswapping,,,,,,,,,,,,,,,,,,,,,,,,,,,,,,,,,,,,,,,,,32,4,31416,1572,390,98,6,both,0,49,49,0,0,,,,,268,,,,,,,,,,,,,,,,,,,,,,,,,,,,,,,,,,,
1689.6827775420097,unswapping,,,,,,,,,,,,,,,,,,,,,,,,,,,,,,,,,,,,,,,,,32,4,31416,1572,390,98,6,both,1,48,48,0,0,,,,,268,,,,,,,,,,,,,,,,,,,,,,,,,,,,,,,,,,,
1689.7537489999959,unswapping,,,,,,,,,,,,,,,,,,,,,,,,,,,,,,,,,,,,,,,,,32,4,31416,1572,390,98,6,left,0,49,49,0,0,,,,,268,,,,,,,,,,,,,,,,,,,,,,,,,,,,,,,,,,,
1689.8193609169975,unswapping,,,,,,,,,,,,,,,,,,,,,,,,,,,,,,,,,,,,,,,,,32,4,31416,1572,390,98,6,left,1,48,48,0,0,,,,,268,,,,,,,,,,,,,,,,,,,,,,,,,,,,,,,,,,,
1689.8838835830102,unswapping,,,,,,,,,,,,,,,,,,,,,,,,,,,,,,,,,,,,,,,,,32,4,31416,1572,390,98,6,right,0,49,49,0,0,,,,,268,,,,,,,,,,,,,,,,,,,,,,,,,,,,,,,,,,,
1689.946247957996,unswapping,,,,,,,,,,,,,,,,,,,,,,,,,,,,,,,,,,,,,,,,,32,4,31416,1572,390,98,6,right,1,48,48,0,0,,,,,268,,,,,,,,,,,,,,,,,,,,,,,,,,,,,,,,,,,
1690.017631249997,unswap_cycle_summary,,,,,,33,21,54,,,,,,,,,,,,,,,,,,,4096,0.002,,,,,,,,,,,,,32,4,31416,1572,390,98,,,,,,,,,,,,,,,,,,,,25,36.385355875012465,54,1984,1930,1,False,,,,,,,,,,,,,,,,,,,,,
1707.143234417017,rewiring,,,,,,,,,,,,,,,,,,,,,,,,,,,,,,,,,,,,,,,,,,,,,,,,,,,,,,,,,,,,,,,,,,25,,,,,,,left,post_unswap,17.12439599999925,20,2508,False,False,False,1,2,lookahead_total,8,False,1,1132,"(1967588, 1967588, 511, 511, 1604, 19951, 2358)",6.248246375005692,10.876088832999812,"[{'seed': 123, 'score': (1971872, 1971872, 511, 511, 1755, 20453, 2516), 'num_layers': 2516, 'total_swaps': 20453, 'max_layer_swaps': 21, 'swap_only_layers': 1755, 'work_layers': 761, 'unitary_layers': 761, 'first_work_layer': 10, 'leading_no_work_layers': 10, 'lookahead_layers_scored': 8, 'lookahead_final_elems': 1971872, 'lookahead_final_max_bond': 511, 'lookahead_peak_elems': 1971872, 'lookahead_peak_max_bond': 511, 'lookahead_peak_bond_l2': 629302}, {'seed': 1132, 'score': (1967588, 1967588, 511, 511, 1604, 19951, 2358), 'num_layers': 2358, 'total_swaps': 19951, 'max_layer_swaps': 21, 'swap_only_layers': 1604, 'work_layers': 754, 'unitary_layers': 754, 'first_work_layer': 10, 'leading_no_work_layers': 10, 'lookahead_layers_scored': 8, 'lookahead_final_elems': 1967588, 'lookahead_final_max_bond': 511, 'lookahead_peak_elems': 1967588, 'lookahead_peak_max_bond': 511, 'lookahead_peak_bond_l2': 628135}]",17.124362458009273,27.10752954200143
1717.1259248749993,rewiring,,,,,,,,,,,,,,,,,,,,,,,,,,,,,,,,,,,,,,,,,,,,,,,,,,,,,,,,,,,,,,,,,,25,,,,,,,right,post_unswap,9.982373042003019,20,2016,False,False,False,1,2,lookahead_total,8,False,1,123,"(278632, 278632, 128, 128, 1491, 18041, 2264)",1.6475842910003848,8.334761250007432,"[{'seed': 123, 'score': (278632, 278632, 128, 128, 1491, 18041, 2264), 'num_layers': 2264, 'total_swaps': 18041, 'max_layer_swaps': 21, 'swap_only_layers': 1491, 'work_layers': 773, 'unitary_layers': 773, 'first_work_layer': 2, 'leading_no_work_layers': 2, 'lookahead_layers_scored': 8, 'lookahead_final_elems': 278632, 'lookahead_final_max_bond': 128, 'lookahead_peak_elems': 278632, 'lookahead_peak_max_bond': 128, 'lookahead_peak_bond_l2': 91675}, {'seed': 1132, 'score': (378768, 378768, 128, 128, 1421, 18033, 2182), 'num_layers': 2182, 'total_swaps': 18033, 'max_layer_swaps': 25, 'swap_only_layers': 1421, 'work_layers': 761, 'unitary_layers': 761, 'first_work_layer': 1, 'leading_no_work_layers': 1, 'lookahead_layers_scored': 8, 'lookahead_final_elems': 378768, 'lookahead_final_max_bond': 128, 'lookahead_peak_elems': 378768, 'lookahead_peak_max_bond': 128, 'lookahead_peak_bond_l2': 123241}]",9.982365540985484,27.10752954200143
1717.1260064170056,cycle_progress,,,,,,33,21,54,,,,,,,,,,,,,,,,,,,4096,0.002,,20232,0,,,,,,,,,,32,4,31416,1572,390,98,,,,,,,,,,,,,,,,,,,,25,,54,1984,1930,1,False,,,,,,,,,,,,,,,,,,,,,27.10752954200143
1717.3167856670043,absorbing,L,1,0,2358,2264,33,21,54,18,0,0,0.05703820800408721,0.057225458993343636,0.11426366699743085,0.12238220899598673,31416,36672,32,32,False,False,False,False,31416,32,False,4096,0.002,,31416,0,total_elems,31416,36672,1,1,,,,0.0,32,4,31416,1572,390,98,,,,,,,,,,,,,,,,,,,,,,,,,,,,,,,,,,,,,,,,,,,,,,,
1717.4429899170063,absorbing,R,1,1,2358,2264,33,21,54,17,0,0,0.06614666600944474,0.05511750001460314,0.12126416602404788,0.12238120802794583,47952,36672,64,32,False,False,False,False,36672,32,False,4096,0.002,,31416,0,total_elems,47952,36672,1,1,,,,0.0,32,4,36672,1806,390,98,,,,,,,,,,,,,,,,,,,,,,,,,,,,,,,,,,,,,,,,,,,,,,,
1717.5775105000066,absorbing,R,1,2,2358,2264,33,21,54,15,0,0,0.07084183400729671,0.059325290989363566,0.13016712499666028,0.13123933301540092,54960,54744,64,64,False,False,False,False,54744,64,False,4096,0.002,,31416,0,total_elems,54960,54744,1,1,,,,0.0,64,4,54744,2130,390,98,,,,,,,,,,,,,,,,,,,,,,,,,,,,,,,,,,,,,,,,,,,,,,,
1717.7233349580201,absorbing,L,2,2,2358,2264,33,21,54,18,0,0,0.07326004200149328,0.0680721250246279,0.14133216702612117,0.14260991700575687,78044,83284,64,64,False,False,False,False,78044,64,False,4096,0.002,,31416,0,total_elems,78044,83284,1,1,,,,0.0,64,4,78044,2494,390,98,,,,,,,,,,,,,,,,,,,,,,,,,,,,,,,,,,,,,,,,,,,,,,,
1717.8995799169934,absorbing,L,3,2,2358,2264,33,21,54,18,0,0,0.08673633297439665,0.0818735420180019,0.16860987499239855,0.16988387497258373,111328,124552,64,64,False,False,False,False,111328,64,False,4096,0.002,,31416,0,total_elems,111328,124552,1,1,,,,0.0,64,4,111328,2792,390,98,,,,,,,,,,,,,,,,,,,,,,,,,,,,,,,,,,,,,,,,,,,,,,,
1718.1099310830177,absorbing,L,4,2,2358,2264,33,21,54,19,0,0,0.1053857090009842,0.09999408302246593,0.20537979202345014,0.2068483750044834,174492,178348,128,128,False,False,False,False,174492,128,False,4096,0.002,,31416,0,total_elems,174492,178348,1,1,,,,0.0,128,4,174492,3344,390,98,,,,,,,,,,,,,,,,,,,,,,,,,,,,,,,,,,,,,,,,,,,,,,,
1718.3674642920087,absorbing,L,5,2,2358,2264,33,21,54,17,0,0,0.11828870899626054,0.1337831249984447,0.25207183399470523,0.2537617080088239,231672,243400,128,128,False,False,False,False,231672,128,False,4096,0.002,,31416,0,total_elems,231672,243400,1,1,,,,0.0,128,4,231672,3970,390,98,,,,,,,,,,,,,,,,,,,,,,,,,,,,,,,,,,,,,,,,,,,,,,,
1718.7450672500127,absorbing,R,5,3,2358,2264,33,23,56,14,2,2,0.21588224999140948,0.15697125002043322,0.3728535000118427,0.3742972500040196,430692,305124,256,128,False,False,False,False,305124,128,False,4096,0.002,,31416,0,total_elems,430692,305124,1,1,,,,0.0,128,4,305124,4524,390,98,,,,,,,,,,,,,,,,,,,,,,,,,,,,,,,,,,,,,,,,,,,,,,,
1719.1708551670017,absorbing,R,5,4,2358,2264,33,23,56,13,0,2,0.24584262500866316,0.17408166601671837,0.41992429102538154,0.4220707080094144,519648,368608,256,128,False,False,False,False,368608,128,False,4096,0.002,,31416,0,total_elems,519648,368608,1,1,,,,0.0,128,4,368608,4966,390,98,,,,,,,,,,,,,,,,,,,,,,,,,,,,,,,,,,,,,,,,,,,,,,,
1719.670365500002,absorbing,R,5,5,2358,2264,33,23,56,14,0,2,0.2998116250091698,0.1943414169945754,0.4941530420037452,0.49558220797916874,612352,423936,256,128,False,False,False,False,423936,128,False,4096,0.002,,31416,0,total_elems,612352,423936,1,1,,,,0.0,128,4,423936,5348,390,98,,,,,,,,,,,,,,,,,,,,,,,,,,,,,,,,,,,,,,,,,,,,,,,
1720.281230416993,absorbing,R,5,6,2358,2264,33,23,56,16,0,2,0.37087562499800697,0.23471029198844917,0.6055859169864561,0.60719841599348,753984,511040,256,128,False,False,False,False,511040,128,False,4096,0.002,,31416,0,total_elems,753984,511040,1,1,,,,0.0,128,4,511040,6076,390,98,,,,,,,,,,,,,,,,,,,,,,,,,,,,,,,,,,,,,,,,,,,,,,,
1721.2065801249992,absorbing,R,5,7,2358,2264,33,23,56,16,0,2,0.5364322919922415,0.31660883300355636,0.8530411249957979,0.8566117080044933,1017344,652800,256,128,False,False,True,False,652800,128,False,4096,0.002,,31416,0,total_elems,1017344,652800,1,1,,,,0.0,128,4,652800,7148,390,98,,,,,,,,,,,,,,,,,,,,,,,,,,,,,,,,,,,,,,,,,,,,,,,
1722.4448411250196,absorbing,R,5,8,2358,2264,33,23,56,14,0,2,0.792700791003881,0.4391274999943562,1.2318282909982372,1.2344522920029704,1406400,869824,256,128,False,False,True,False,869824,128,False,4096,0.002,,31416,0,total_elems,1406400,869824,1,1,,,,0.0,128,4,869824,8292,390,98,,,,,,,,,,,,,,,,,,,,,,,,,,,,,,,,,,,,,,,,,,,,,,,
1749.9618331670063,unswapping,,,,,,,,,,,,,,,,,,,,,,,,,,,,,,,,,,,,,,,,,256,4,1789888,10580,390,98,0,both,0,49,49,8,8,,,,,0,,,,,,,,,,,,,,,,,,,,,,,,,,,,,,,,,,,
1761.672347625019,unswapping,,,,,,,,,,,,,,,,,,,,,,,,,,,,,,,,,,,,,,,,,255,4,1052096,7998,390,98,0,both,1,48,48,17,25,,,,,0,,,,,,,,,,,,,,,,,,,,,,,,,,,,,,,,,,,
1766.114281667018,unswapping,,,,,,,,,,,,,,,,,,,,,,,,,,,,,,,,,,,,,,,,,254,4,616672,6400,390,98,0,left,0,49,49,24,49,,,,,48,,,,,,,,,,,,,,,,,,,,,,,,,,,,,,,,,,,
1767.6221294999996,unswapping,,,,,,,,,,,,,,,,,,,,,,,,,,,,,,,,,,,,,,,,,128,4,351328,4884,390,98,0,left,1,48,48,20,69,,,,,88,,,,,,,,,,,,,,,,,,,,,,,,,,,,,,,,,,,
1768.291556375014,unswapping,,,,,,,,,,,,,,,,,,,,,,,,,,,,,,,,,,,,,,,,,128,4,328352,4492,390,98,0,right,0,49,49,13,82,,,,,94,,,,,,,,,,,,,,,,,,,,,,,,,,,,,,,,,,,
1769.3080272499938,unswapping,,,,,,,,,,,,,,,,,,,,,,,,,,,,,,,,,,,,,,,,,128,4,213280,3876,390,98,0,right,1,48,48,15,97,,,,,116,,,,,,,,,,,,,,,,,,,,,,,,,,,,,,,,,,,
1770.0709841670177,unswapping,,,,,,,,,,,,,,,,,,,,,,,,,,,,,,,,,,,,,,,,,64,4,152112,3244,390,98,1,both,0,49,49,16,16,,,,,150,,,,,,,,,,,,,,,,,,,,,,,,,,,,,,,,,,,
1770.8513887500158,unswapping,,,,,,,,,,,,,,,,,,,,,,,,,,,,,,,,,,,,,,,,,64,4,131280,2968,390,98,1,both,1,48,48,11,27,,,,,182,,,,,,,,,,,,,,,,,,,,,,,,,,,,,,,,,,,
1771.1383692919917,unswapping,,,,,,,,,,,,,,,,,,,,,,,,,,,,,,,,,,,,,,,,,64,4,106208,2674,390,98,1,left,0,49,49,10,37,,,,,196,,,,,,,,,,,,,,,,,,,,,,,,,,,,,,,,,,,
1771.3956266670139,unswapping,,,,,,,,,,,,,,,,,,,,,,,,,,,,,,,,,,,,,,,,,64,4,97460,2534,390,98,1,left,1,48,48,7,44,,,,,210,,,,,,,,,,,,,,,,,,,,,,,,,,,,,,,,,,,
1771.651616624993,unswapping,,,,,,,,,,,,,,,,,,,,,,,,,,,,,,,,,,,,,,,,,64,4,82484,2398,390,98,1,right,0,49,49,4,48,,,,,216,,,,,,,,,,,,,,,,,,,,,,,,,,,,,,,,,,,
1771.8409133329988,unswapping,,,,,,,,,,,,,,,,,,,,,,,,,,,,,,,,,,,,,,,,,64,4,82148,2376,390,98,1,right,1,48,48,4,52,,,,,222,,,,,,,,,,,,,,,,,,,,,,,,,,,,,,,,,,,
1772.2922286670073,unswapping,,,,,,,,,,,,,,,,,,,,,,,,,,,,,,,,,,,,,,,,,64,4,80944,2330,390,98,2,both,0,49,49,6,6,,,,,226,,,,,,,,,,,,,,,,,,,,,,,,,,,,,,,,,,,
1772.7001800420112,unswapping,,,,,,,,,,,,,,,,,,,,,,,,,,,,,,,,,,,,,,,,,64,4,76552,2250,390,98,2,both,1,48,48,6,12,,,,,234,,,,,,,,,,,,,,,,,,,,,,,,,,,,,,,,,,,
1772.8878122500028,unswapping,,,,,,,,,,,,,,,,,,,,,,,,,,,,,,,,,,,,,,,,,64,4,76488,2242,390,98,2,left,0,49,49,2,14,,,,,236,,,,,,,,,,,,,,,,,,,,,,,,,,,,,,,,,,,
1773.0723107079975,unswapping,,,,,,,,,,,,,,,,,,,,,,,,,,,,,,,,,,,,,,,,,64,4,76408,2234,390,98,2,left,1,48,48,2,16,,,,,240,,,,,,,,,,,,,,,,,,,,,,,,,,,,,,,,,,,
1773.2502718750038,unswapping,,,,,,,,,,,,,,,,,,,,,,,,,,,,,,,,,,,,,,,,,64,4,76372,2228,390,98,2,right,0,49,49,1,17,,,,,240,,,,,,,,,,,,,,,,,,,,,,,,,,,,,,,,,,,
1773.4099487499916,unswapping,,,,,,,,,,,,,,,,,,,,,,,,,,,,,,,,,,,,,,,,,64,4,76132,2216,390,98,2,right,1,48,48,1,18,,,,,242,,,,,,,,,,,,,,,,,,,,,,,,,,,,,,,,,,,
1773.8079525000066,unswapping,,,,,,,,,,,,,,,,,,,,,,,,,,,,,,,,,,,,,,,,,64,4,73996,2156,390,98,3,both,0,49,49,7,7,,,,,252,,,,,,,,,,,,,,,,,,,,,,,,,,,,,,,,,,,
1774.1742532080098,unswapping,,,,,,,,,,,,,,,,,,,,,,,,,,,,,,,,,,,,,,,,,64,4,72544,2110,390,98,3,both,1,48,48,3,10,,,,,256,,,,,,,,,,,,,,,,,,,,,,,,,,,,,,,,,,,
1774.3404897500004,unswapping,,,,,,,,,,,,,,,,,,,,,,,,,,,,,,,,,,,,,,,,,64,4,72448,2102,390,98,3,left,0,49,49,1,11,,,,,256,,,,,,,,,,,,,,,,,,,,,,,,,,,,,,,,,,,
1774.501950292004,unswapping,,,,,,,,,,,,,,,,,,,,,,,,,,,,,,,,,,,,,,,,,64,4,72400,2098,390,98,3,left,1,48,48,1,12,,,,,258,,,,,,,,,,,,,,,,,,,,,,,,,,,,,,,,,,,
1774.6597383329936,unswapping,,,,,,,,,,,,,,,,,,,,,,,,,,,,,,,,,,,,,,,,,64,4,72352,2092,390,98,3,right,0,49,49,1,13,,,,,260,,,,,,,,,,,,,,,,,,,,,,,,,,,,,,,,,,,
1774.814739207999,unswapping,,,,,,,,,,,,,,,,,,,,,,,,,,,,,,,,,,,,,,,,,64,4,72112,2080,390,98,3,right,1,48,48,1,14,,,,,262,,,,,,,,,,,,,,,,,,,,,,,,,,,,,,,,,,,
1775.2213831249974,unswapping,,,,,,,,,,,,,,,,,,,,,,,,,,,,,,,,,,,,,,,,,64,4,72100,2078,390,98,4,both,0,49,49,1,1,,,,,264,,,,,,,,,,,,,,,,,,,,,,,,,,,,,,,,,,,
1775.59451325002,unswapping,,,,,,,,,,,,,,,,,,,,,,,,,,,,,,,,,,,,,,,,,64,4,72076,2074,390,98,4,both,1,48,48,2,3,,,,,264,,,,,,,,,,,,,,,,,,,,,,,,,,,,,,,,,,,
1775.7129592499987,unswapping,,,,,,,,,,,,,,,,,,,,,,,,,,,,,,,,,,,,,,,,,64,4,72076,2074,390,98,4,left,0,49,49,0,3,,,,,264,,,,,,,,,,,,,,,,,,,,,,,,,,,,,,,,,,,
1775.8272102500196,unswapping,,,,,,,,,,,,,,,,,,,,,,,,,,,,,,,,,,,,,,,,,64,4,72076,2074,390,98,4,left,1,48,48,0,3,,,,,264,,,,,,,,,,,,,,,,,,,,,,,,,,,,,,,,,,,
1775.9387782920094,unswapping,,,,,,,,,,,,,,,,,,,,,,,,,,,,,,,,,,,,,,,,,64,4,72076,2074,390,98,4,right,0,49,49,0,3,,,,,264,,,,,,,,,,,,,,,,,,,,,,,,,,,,,,,,,,,
1776.0560744169925,unswapping,,,,,,,,,,,,,,,,,,,,,,,,,,,,,,,,,,,,,,,,,64,4,72076,2074,390,98,4,right,1,48,48,0,3,,,,,264,,,,,,,,,,,,,,,,,,,,,,,,,,,,,,,,,,,
1776.451173792011,unswapping,,,,,,,,,,,,,,,,,,,,,,,,,,,,,,,,,,,,,,,,,64,4,72064,2072,390,98,5,both,0,49,49,1,1,,,,,262,,,,,,,,,,,,,,,,,,,,,,,,,,,,,,,,,,,
1776.713668875018,unswapping,,,,,,,,,,,,,,,,,,,,,,,,,,,,,,,,,,,,,,,,,64,4,72064,2072,390,98,5,both,1,48,48,0,1,,,,,262,,,,,,,,,,,,,,,,,,,,,,,,,,,,,,,,,,,
1776.8337609170121,unswapping,,,,,,,,,,,,,,,,,,,,,,,,,,,,,,,,,,,,,,,,,64,4,72064,2072,390,98,5,left,0,49,49,0,1,,,,,262,,,,,,,,,,,,,,,,,,,,,,,,,,,,,,,,,,,
1776.9568808329932,unswapping,,,,,,,,,,,,,,,,,,,,,,,,,,,,,,,,,,,,,,,,,64,4,72064,2072,390,98,5,left,1,48,48,0,1,,,,,262,,,,,,,,,,,,,,,,,,,,,,,,,,,,,,,,,,,
1777.0778087920044,unswapping,,,,,,,,,,,,,,,,,,,,,,,,,,,,,,,,,,,,,,,,,64,4,72064,2072,390,98,5,right,0,49,49,0,1,,,,,262,,,,,,,,,,,,,,,,,,,,,,,,,,,,,,,,,,,
1777.193669708009,unswapping,,,,,,,,,,,,,,,,,,,,,,,,,,,,,,,,,,,,,,,,,64,4,72064,2072,390,98,5,right,1,48,48,0,1,,,,,262,,,,,,,,,,,,,,,,,,,,,,,,,,,,,,,,,,,
1777.4884976250178,unswapping,,,,,,,,,,,,,,,,,,,,,,,,,,,,,,,,,,,,,,,,,64,4,72064,2072,390,98,6,both,0,49,49,0,0,,,,,262,,,,,,,,,,,,,,,,,,,,,,,,,,,,,,,,,,,
1777.7514398749918,unswapping,,,,,,,,,,,,,,,,,,,,,,,,,,,,,,,,,,,,,,,,,64,4,72064,2072,390,98,6,both,1,48,48,0,0,,,,,262,,,,,,,,,,,,,,,,,,,,,,,,,,,,,,,,,,,
1777.8695663750113,unswapping,,,,,,,,,,,,,,,,,,,,,,,,,,,,,,,,,,,,,,,,,64,4,72064,2072,390,98,6,left,0,49,49,0,0,,,,,262,,,,,,,,,,,,,,,,,,,,,,,,,,,,,,,,,,,
1777.9906744170003,unswapping,,,,,,,,,,,,,,,,,,,,,,,,,,,,,,,,,,,,,,,,,64,4,72064,2072,390,98,6,left,1,48,48,0,0,,,,,262,,,,,,,,,,,,,,,,,,,,,,,,,,,,,,,,,,,
1778.112174000009,unswapping,,,,,,,,,,,,,,,,,,,,,,,,,,,,,,,,,,,,,,,,,64,4,72064,2072,390,98,6,right,0,49,49,0,0,,,,,262,,,,,,,,,,,,,,,,,,,,,,,,,,,,,,,,,,,
1778.2252452500106,unswapping,,,,,,,,,,,,,,,,,,,,,,,,,,,,,,,,,,,,,,,,,64,4,72064,2072,390,98,6,right,1,48,48,0,0,,,,,262,,,,,,,,,,,,,,,,,,,,,,,,,,,,,,,,,,,
1778.2957905000076,unswap_cycle_summary,,,,,,33,23,56,,,,,,,,,,,,,,,,,,,4096,0.002,,,,,,,,,,,,,64,4,72064,2072,390,98,,,,,,,,,,,,,,,,,,,,26,53.946215792006114,56,1984,1928,2,False,,,,,,,,,,,,,,,,,,,,,
1962.75308533301,rewiring,,,,,,,,,,,,,,,,,,,,,,,,,,,,,,,,,,,,,,,,,,,,,,,,,,,,,,,,,,,,,,,,,,26,,,,,,,left,post_unswap,184.45525795800495,20,2355,False,False,False,2,2,lookahead_total,8,False,1,123,"(21594648, 21594648, 2002, 2002, 1690, 20452, 2473)",174.51119825002388,9.94402070902288,"[{'seed': 123, 'score': (21594648, 21594648, 2002, 2002, 1690, 20452, 2473), 'num_layers': 2473, 'total_swaps': 20452, 'max_layer_swaps': 22, 'swap_only_layers': 1690, 'work_layers': 783, 'unitary_layers': 783, 'first_work_layer': 10, 'leading_no_work_layers': 10, 'lookahead_layers_scored': 8, 'lookahead_final_elems': 21594648, 'lookahead_final_max_bond': 2002, 'lookahead_peak_elems': 21594648, 'lookahead_peak_max_bond': 2002, 'lookahead_peak_bond_l2': 6895714}, {'seed': 1132, 'score': (21943148, 21943148, 2004, 2004, 1553, 20206, 2310), 'num_layers': 2310, 'total_swaps': 20206, 'max_layer_swaps': 24, 'swap_only_layers': 1553, 'work_layers': 757, 'unitary_layers': 757, 'first_work_layer': 10, 'leading_no_work_layers': 10, 'lookahead_layers_scored': 8, 'lookahead_final_elems': 21943148, 'lookahead_final_max_bond': 2004, 'lookahead_peak_elems': 21943148, 'lookahead_peak_max_bond': 2004, 'lookahead_peak_bond_l2': 6972511}]",184.4552476250101,195.40029491699534
1973.6967673329927,rewiring,,,,,,,,,,,,,,,,,,,,,,,,,,,,,,,,,,,,,,,,,,,,,,,,,,,,,,,,,,,,,,,,,,26,,,,,,,right,post_unswap,10.94331154198153,20,2258,False,False,False,2,2,lookahead_total,8,False,1,123,"(856904, 856904, 256, 256, 1510, 17954, 2275)",2.8311473340145312,8.112134708964732,"[{'seed': 123, 'score': (856904, 856904, 256, 256, 1510, 17954, 2275), 'num_layers': 2275, 'total_swaps': 17954, 'max_layer_swaps': 21, 'swap_only_layers': 1510, 'work_layers': 765, 'unitary_layers': 765, 'first_work_layer': 7, 'leading_no_work_layers': 7, 'lookahead_layers_scored': 8, 'lookahead_final_elems': 856904, 'lookahead_final_max_bond': 256, 'lookahead_peak_elems': 856904, 'lookahead_peak_max_bond': 256, 'lookahead_peak_bond_l2': 298584}, {'seed': 1132, 'score': (903736, 903736, 256, 256, 1532, 18336, 2314), 'num_layers': 2314, 'total_swaps': 18336, 'max_layer_swaps': 20, 'swap_only_layers': 1532, 'work_layers': 782, 'unitary_layers': 782, 'first_work_layer': 8, 'leading_no_work_layers': 8, 'lookahead_layers_scored': 8, 'lookahead_final_elems': 903736, 'lookahead_final_max_bond': 256, 'lookahead_peak_elems': 903736, 'lookahead_peak_max_bond': 256, 'lookahead_peak_bond_l2': 317010}]",10.943302750005387,195.40029491699534
1973.765539874992,cycle_progress,,,,,,33,23,56,,,,,,,,,,,,,,,,,,,4096,0.002,,31416,0,,,,,,,,,,64,4,72064,2072,390,98,,,,,,,,,,,,,,,,,,,,26,,56,1984,1928,2,False,,,,,,,,,,,,,,,,,,,,,195.40029491699534
1973.994385958009,absorbing,L,1,0,2473,2275,33,23,56,19,0,0,0.07347766699967906,0.07437691700761206,0.14785458400729112,0.15822433299035765,72064,86280,64,64,False,False,False,False,72064,64,False,4096,0.002,,72064,0,total_elems,72064,86280,1,1,,,,0.0,64,4,72064,2072,390,98,,,,,,,,,,,,,,,,,,,,,,,,,,,,,,,,,,,,,,,,,,,,,,,
1974.1616109579918,absorbing,R,1,1,2473,2275,33,23,56,15,0,0,0.08893724999506958,0.0713231659901794,0.16026041598524898,0.163335958000971,87476,86280,64,64,False,False,False,False,86280,64,False,4096,0.002,,72064,0,total_elems,87476,86280,1,1,,,,0.0,64,4,86280,2354,390,98,,,,,,,,,,,,,,,,,,,,,,,,,,,,,,,,,,,,,,,,,,,,,,,
1974.3356348749949,absorbing,L,2,1,2473,2275,33,23,56,22,0,0,0.09517387501546182,0.07397962501272559,0.1691535000281874,0.17049108300125226,97752,120288,64,64,False,False,False,False,97752,64,False,4096,0.002,,72064,0,total_elems,97752,120288,1,1,,,,0.0,64,4,97752,2582,390,98,,,,,,,,,,,,,,,,,,,,,,,,,,,,,,,,,,,,,,,,,,,,,,,
1974.5662819580175,absorbing,R,2,2,2473,2275,33,23,56,15,0,0,0.14370241700089537,0.08217045798664913,0.2258728749875445,0.22709895900334232,227172,135396,128,64,False,False,False,False,135396,64,False,4096,0.002,,72064,0,total_elems,227172,135396,1,1,,,,0.0,64,4,135396,3058,390,98,,,,,,,,,,,,,,,,,,,,,,,,,,,,,,,,,,,,,,,,,,,,,,,
1974.847282667004,absorbing,R,2,3,2473,2275,33,23,56,15,0,0,0.16064149999874644,0.1153486669936683,0.27599016699241474,0.27719412502483465,274112,233072,128,128,False,False,False,False,233072,128,False,4096,0.002,,72064,0,total_elems,274112,233072,1,1,,,,0.0,128,4,233072,3656,390,98,,,,,,,,,,,,,,,,,,,,,,,,,,,,,,,,,,,,,,,,,,,,,,,
1975.3643896249996,absorbing,R,2,4,2473,2275,33,23,56,14,0,0,0.29576037498191,0.2165268339740578,0.5122872089559678,0.5135397499834653,407020,345132,128,256,False,False,False,False,345132,256,False,4096,0.002,,72064,0,total_elems,407020,345132,1,1,,,,0.0,256,4,345132,4258,390,98,,,,,,,,,,,,,,,,,,,,,,,,,,,,,,,,,,,,,,,,,,,,,,,
1975.9989372080017,absorbing,R,2,5,2473,2275,33,23,56,13,0,0,0.35337112497654743,0.27302812499692664,0.6263992499734741,0.6289663749921601,542472,392360,256,256,False,False,False,False,392360,256,False,4096,0.002,,72064,0,total_elems,542472,392360,1,1,,,,0.0,256,4,392360,4760,390,98,,,,,,,,,,,,,,,,,,,,,,,,,,,,,,,,,,,,,,,,,,,,,,,
1976.686104458,absorbing,R,2,6,2473,2275,33,23,56,12,0,0,0.4753777500009164,0.20412479198421352,0.6795025419851299,0.6811147920088843,629224,445544,256,256,False,False,False,False,445544,256,False,4096,0.002,,72064,0,total_elems,629224,445544,1,1,,,,0.0,256,4,445544,5246,390,98,,,,,,,,,,,,,,,,,,,,,,,,,,,,,,,,,,,,,,,,,,,,,,,
1977.4859612080036,absorbing,R,2,7,2473,2275,33,23,56,13,0,0,0.4741548750025686,0.3205582500086166,0.7947131250111852,0.7962432499916758,681416,653000,256,256,False,False,False,False,653000,256,False,4096,0.002,,72064,0,total_elems,681416,653000,1,1,,,,0.0,256,4,653000,6206,390,98,,,,,,,,,,,,,,,,,,,,,,,,,,,,,,,,,,,,,,,,,,,,,,,
1978.827330250002,absorbing,L,3,7,2473,2275,33,23,56,20,0,0,0.6776569590147119,0.6526049580133986,1.3302619170281105,1.3343878750165459,890024,1123960,256,256,False,False,False,True,890024,256,False,4096,0.002,,72064,0,total_elems,890024,1123960,1,1,,,,0.0,256,4,890024,7274,390,98,,,,,,,,,,,,,,,,,,,,,,,,,,,,,,,,,,,,,,,,,,,,,,,
2003.851051583013,unswapping,,,,,,,,,,,,,,,,,,,,,,,,,,,,,,,,,,,,,,,,,256,4,1424960,8604,390,98,0,both,0,49,49,7,7,,,,,0,,,,,,,,,,,,,,,,,,,,,,,,,,,,,,,,,,,
2015.016865625017,unswapping,,,,,,,,,,,,,,,,,,,,,,,,,,,,,,,,,,,,,,,,,128,4,867712,6762,390,98,0,both,1,48,48,18,25,,,,,0,,,,,,,,,,,,,,,,,,,,,,,,,,,,,,,,,,,
2018.6756397499994,unswapping,,,,,,,,,,,,,,,,,,,,,,,,,,,,,,,,,,,,,,,,,128,4,527312,5636,390,98,0,left,0,49,49,19,44,,,,,38,,,,,,,,,,,,,,,,,,,,,,,,,,,,,,,,,,,
2020.4533937080123,unswapping,,,,,,,,,,,,,,,,,,,,,,,,,,,,,,,,,,,,,,,,,128,4,341224,4700,390,98,0,left,1,48,48,21,65,,,,,80,,,,,,,,,,,,,,,,,,,,,,,,,,,,,,,,,,,
2021.2535998749954,unswapping,,,,,,,,,,,,,,,,,,,,,,,,,,,,,,,,,,,,,,,,,128,4,253840,4024,390,98,0,right,0,49,49,11,76,,,,,98,,,,,,,,,,,,,,,,,,,,,,,,,,,,,,,,,,,
2021.7769397500088,unswapping,,,,,,,,,,,,,,,,,,,,,,,,,,,,,,,,,,,,,,,,,128,4,199664,3544,390,98,0,right,1,48,48,14,90,,,,,124,,,,,,,,,,,,,,,,,,,,,,,,,,,,,,,,,,,
2022.9613379579969,unswapping,,,,,,,,,,,,,,,,,,,,,,,,,,,,,,,,,,,,,,,,,128,4,180936,3176,390,98,1,both,0,49,49,13,13,,,,,154,,,,,,,,,,,,,,,,,,,,,,,,,,,,,,,,,,,
2023.7914305420127,unswapping,,,,,,,,,,,,,,,,,,,,,,,,,,,,,,,,,,,,,,,,,128,4,179004,3114,390,98,1,both,1,48,48,5,18,,,,,168,,,,,,,,,,,,,,,,,,,,,,,,,,,,,,,,,,,
2024.3081175420084,unswapping,,,,,,,,,,,,,,,,,,,,,,,,,,,,,,,,,,,,,,,,,128,4,175692,3024,390,98,1,left,0,49,49,6,24,,,,,176,,,,,,,,,,,,,,,,,,,,,,,,,,,,,,,,,,,
2024.6945210419944,unswapping,,,,,,,,,,,,,,,,,,,,,,,,,,,,,,,,,,,,,,,,,128,4,168912,2926,390,98,1,left,1,48,48,8,32,,,,,188,,,,,,,,,,,,,,,,,,,,,,,,,,,,,,,,,,,
2025.217495000019,unswapping,,,,,,,,,,,,,,,,,,,,,,,,,,,,,,,,,,,,,,,,,128,4,161164,2764,390,98,1,right,0,49,49,6,38,,,,,192,,,,,,,,,,,,,,,,,,,,,,,,,,,,,,,,,,,
2025.5567333750078,unswapping,,,,,,,,,,,,,,,,,,,,,,,,,,,,,,,,,,,,,,,,,128,4,157584,2694,390,98,1,right,1,48,48,5,43,,,,,202,,,,,,,,,,,,,,,,,,,,,,,,,,,,,,,,,,,
2026.6892990829947,unswapping,,,,,,,,,,,,,,,,,,,,,,,,,,,,,,,,,,,,,,,,,128,4,153792,2618,390,98,2,both,0,49,49,5,5,,,,,210,,,,,,,,,,,,,,,,,,,,,,,,,,,,,,,,,,,
2027.4560592500202,unswapping,,,,,,,,,,,,,,,,,,,,,,,,,,,,,,,,,,,,,,,,,128,4,152496,2574,390,98,2,both,1,48,48,5,10,,,,,212,,,,,,,,,,,,,,,,,,,,,,,,,,,,,,,,,,,
2027.9593133330054,unswapping,,,,,,,,,,,,,,,,,,,,,,,,,,,,,,,,,,,,,,,,,128,4,151016,2534,390,98,2,left,0,49,49,4,14,,,,,214,,,,,,,,,,,,,,,,,,,,,,,,,,,,,,,,,,,
2028.3118752920127,unswapping,,,,,,,,,,,,,,,,,,,,,,,,,,,,,,,,,,,,,,,,,128,4,150328,2502,390,98,2,left,1,48,48,3,17,,,,,218,,,,,,,,,,,,,,,,,,,,,,,,,,,,,,,,,,,
2028.8248326250177,unswapping,,,,,,,,,,,,,,,,,,,,,,,,,,,,,,,,,,,,,,,,,128,4,150080,2480,390,98,2,right,0,49,49,3,20,,,,,224,,,,,,,,,,,,,,,,,,,,,,,,,,,,,,,,,,,
2029.138608542009,unswapping,,,,,,,,,,,,,,,,,,,,,,,,,,,,,,,,,,,,,,,,,128,4,150040,2476,390,98,2,right,1,48,48,1,21,,,,,224,,,,,,,,,,,,,,,,,,,,,,,,,,,,,,,,,,,
2030.2446173329954,unswapping,,,,,,,,,,,,,,,,,,,,,,,,,,,,,,,,,,,,,,,,,128,4,149836,2466,390,98,3,both,0,49,49,2,2,,,,,226,,,,,,,,,,,,,,,,,,,,,,,,,,,,,,,,,,,
2031.0118318329914,unswapping,,,,,,,,,,,,,,,,,,,,,,,,,,,,,,,,,,,,,,,,,128,4,149044,2446,390,98,3,both,1,48,48,3,5,,,,,234,,,,,,,,,,,,,,,,,,,,,,,,,,,,,,,,,,,
2031.411748832994,unswapping,,,,,,,,,,,,,,,,,,,,,,,,,,,,,,,,,,,,,,,,,128,4,149044,2446,390,98,3,left,0,49,49,0,5,,,,,234,,,,,,,,,,,,,,,,,,,,,,,,,,,,,,,,,,,
2031.663974791998,unswapping,,,,,,,,,,,,,,,,,,,,,,,,,,,,,,,,,,,,,,,,,128,4,149044,2446,390,98,3,left,1,48,48,0,5,,,,,234,,,,,,,,,,,,,,,,,,,,,,,,,,,,,,,,,,,
2032.1721482920111,unswapping,,,,,,,,,,,,,,,,,,,,,,,,,,,,,,,,,,,,,,,,,128,4,149012,2442,390,98,3,right,0,49,49,1,6,,,,,236,,,,,,,,,,,,,,,,,,,,,,,,,,,,,,,,,,,
2032.4055086669978,unswapping,,,,,,,,,,,,,,,,,,,,,,,,,,,,,,,,,,,,,,,,,128,4,149012,2442,390,98,3,right,1,48,48,0,6,,,,,236,,,,,,,,,,,,,,,,,,,,,,,,,,,,,,,,,,,
2033.4860073750024,unswapping,,,,,,,,,,,,,,,,,,,,,,,,,,,,,,,,,,,,,,,,,128,4,148244,2426,390,98,4,both,0,49,49,1,1,,,,,238,,,,,,,,,,,,,,,,,,,,,,,,,,,,,,,,,,,
2034.0692889170023,unswapping,,,,,,,,,,,,,,,,,,,,,,,,,,,,,,,,,,,,,,,,,128,4,148244,2426,390,98,4,both,1,48,48,0,1,,,,,238,,,,,,,,,,,,,,,,,,,,,,,,,,,,,,,,,,,
2034.4643302920158,unswapping,,,,,,,,,,,,,,,,,,,,,,,,,,,,,,,,,,,,,,,,,128,4,148244,2426,390,98,4,left,0,49,49,0,1,,,,,238,,,,,,,,,,,,,,,,,,,,,,,,,,,,,,,,,,,
2034.7195409169944,unswapping,,,,,,,,,,,,,,,,,,,,,,,,,,,,,,,,,,,,,,,,,128,4,148244,2426,390,98,4,left,1,48,48,0,1,,,,,238,,,,,,,,,,,,,,,,,,,,,,,,,,,,,,,,,,,
2035.1375962920138,unswapping,,,,,,,,,,,,,,,,,,,,,,,,,,,,,,,,,,,,,,,,,128,4,148244,2426,390,98,4,right,0,49,49,0,1,,,,,238,,,,,,,,,,,,,,,,,,,,,,,,,,,,,,,,,,,
2035.3711390829994,unswapping,,,,,,,,,,,,,,,,,,,,,,,,,,,,,,,,,,,,,,,,,128,4,148244,2426,390,98,4,right,1,48,48,0,1,,,,,238,,,,,,,,,,,,,,,,,,,,,,,,,,,,,,,,,,,
2036.3044513330096,unswapping,,,,,,,,,,,,,,,,,,,,,,,,,,,,,,,,,,,,,,,,,128,4,148244,2426,390,98,5,both,0,49,49,0,0,,,,,238,,,,,,,,,,,,,,,,,,,,,,,,,,,,,,,,,,,
2036.8778697499947,unswapping,,,,,,,,,,,,,,,,,,,,,,,,,,,,,,,,,,,,,,,,,128,4,148244,2426,390,98,5,both,1,48,48,0,0,,,,,238,,,,,,,,,,,,,,,,,,,,,,,,,,,,,,,,,,,
2037.2640770419966,unswapping,,,,,,,,,,,,,,,,,,,,,,,,,,,,,,,,,,,,,,,,,128,4,148244,2426,390,98,5,left,0,49,49,0,0,,,,,238,,,,,,,,,,,,,,,,,,,,,,,,,,,,,,,,,,,
2037.506858083012,unswapping,,,,,,,,,,,,,,,,,,,,,,,,,,,,,,,,,,,,,,,,,128,4,148244,2426,390,98,5,left,1,48,48,0,0,,,,,238,,,,,,,,,,,,,,,,,,,,,,,,,,,,,,,,,,,
2037.9130557500175,unswapping,,,,,,,,,,,,,,,,,,,,,,,,,,,,,,,,,,,,,,,,,128,4,148244,2426,390,98,5,right,0,49,49,0,0,,,,,238,,,,,,,,,,,,,,,,,,,,,,,,,,,,,,,,,,,
2038.143164292007,unswapping,,,,,,,,,,,,,,,,,,,,,,,,,,,,,,,,,,,,,,,,,128,4,148244,2426,390,98,5,right,1,48,48,0,0,,,,,238,,,,,,,,,,,,,,,,,,,,,,,,,,,,,,,,,,,
2038.2182850420068,unswap_cycle_summary,,,,,,33,23,56,,,,,,,,,,,,,,,,,,,4096,0.002,,,,,,,,,,,,,128,4,148244,2426,390,98,,,,,,,,,,,,,,,,,,,,27,57.52140929098823,56,1984,1928,0,False,,,,,,,,,,,,,,,,,,,,,
2399.610271792015,rewiring,,,,,,,,,,,,,,,,,,,,,,,,,,,,,,,,,,,,,,,,,,,,,,,,,,,,,,,,,,,,,,,,,,27,,,,,,,left,post_unswap,361.3894501249888,20,2472,False,False,False,0,2,lookahead_total,8,False,1,123,"(32175672, 32175672, 1976, 1995, 1672, 20151, 2440)",351.07464649996837,10.31474599899957,"[{'seed': 123, 'score': (32175672, 32175672, 1976, 1995, 1672, 20151, 2440), 'num_layers': 2440, 'total_swaps': 20151, 'max_layer_swaps': 24, 'swap_only_layers': 1672, 'work_layers': 768, 'unitary_layers': 768, 'first_work_layer': 7, 'leading_no_work_layers': 7, 'lookahead_layers_scored': 8, 'lookahead_final_elems': 32175672, 'lookahead_final_max_bond': 1976, 'lookahead_peak_elems': 32175672, 'lookahead_peak_max_bond': 1995, 'lookahead_peak_bond_l2': 10016781}, {'seed': 1132, 'score': (32183896, 32183896, 1975, 1995, 1762, 20807, 2545), 'num_layers': 2545, 'total_swaps': 20807, 'max_layer_swaps': 23, 'swap_only_layers': 1762, 'work_layers': 783, 'unitary_layers': 783, 'first_work_layer': 8, 'leading_no_work_layers': 8, 'lookahead_layers_scored': 8, 'lookahead_final_elems': 32183896, 'lookahead_final_max_bond': 1975, 'lookahead_peak_elems': 32183896, 'lookahead_peak_max_bond': 1995, 'lookahead_peak_bond_l2': 10001277}]",361.38943741700496,374.3776483749971
2412.5966449170082,rewiring,,,,,,,,,,,,,,,,,,,,,,,,,,,,,,,,,,,,,,,,,,,,,,,,,,,,,,,,,,,,,,,,,,27,,,,,,,right,post_unswap,12.98575312498724,20,2270,False,False,False,0,2,lookahead_total,8,False,1,123,"(1119636, 1119636, 256, 256, 1302, 18569, 2066)",6.393171333998907,6.592528666020371,"[{'seed': 123, 'score': (1119636, 1119636, 256, 256, 1302, 18569, 2066), 'num_layers': 2066, 'total_swaps': 18569, 'max_layer_swaps': 21, 'swap_only_layers': 1302, 'work_layers': 764, 'unitary_layers': 764, 'first_work_layer': 6, 'leading_no_work_layers': 6, 'lookahead_layers_scored': 8, 'lookahead_final_elems': 1119636, 'lookahead_final_max_bond': 256, 'lookahead_peak_elems': 1119636, 'lookahead_peak_max_bond': 256, 'lookahead_peak_bond_l2': 381165}, {'seed': 1132, 'score': (1130292, 1130292, 256, 256, 1403, 17733, 2152), 'num_layers': 2152, 'total_swaps': 17733, 'max_layer_swaps': 21, 'swap_only_layers': 1403, 'work_layers': 749, 'unitary_layers': 749, 'first_work_layer': 6, 'leading_no_work_layers': 6, 'lookahead_layers_scored': 8, 'lookahead_final_elems': 1130292, 'lookahead_final_max_bond': 256, 'lookahead_peak_elems': 1130292, 'lookahead_peak_max_bond': 256, 'lookahead_peak_bond_l2': 384285}]",12.98573887499515,374.3776483749971
2412.6656986669987,cycle_progress,,,,,,33,23,56,,,,,,,,,,,,,,,,,,,4096,0.002,,72064,0,,,,,,,,,,128,4,148244,2426,390,98,,,,,,,,,,,,,,,,,,,,27,,56,1984,1928,0,False,,,,,,,,,,,,,,,,,,,,,374.3776483749971
2412.9483745830075,absorbing,L,1,0,2440,2066,33,23,56,19,0,0,0.09709145899978466,0.10149245799402706,0.19858391699381173,0.20998387501458637,148244,152512,128,128,False,False,False,False,148244,128,False,4096,0.002,,148244,1,total_elems,148244,152512,1,1,,,,0.0,128,4,148244,2426,390,98,,,,,,,,,,,,,,,,,,,,,,,,,,,,,,,,,,,,,,,,,,,,,,,
2413.1876536250056,absorbing,R,1,1,2440,2066,33,23,56,11,0,0,0.13964295899495482,0.09416379200411029,0.23380675099906512,0.23546437500044703,205040,152512,128,128,False,False,False,False,152512,128,False,4096,0.002,,148244,1,total_elems,205040,152512,1,1,,,,0.0,128,4,152512,2592,390,98,,,,,,,,,,,,,,,,,,,,,,,,,,,,,,,,,,,,,,,,,,,,,,,
2413.429954457999,absorbing,R,1,2,2440,2066,33,23,56,12,0,0,0.1409893749805633,0.09605645798728801,0.2370458329678513,0.23855008400278166,208336,165572,128,128,False,False,False,False,165572,128,False,4096,0.002,,148244,1,total_elems,208336,165572,1,1,,,,0.0,128,4,165572,2848,390,98,,,,,,,,,,,,,,,,,,,,,,,,,,,,,,,,,,,,,,,,,,,,,,,
2413.685275708005,absorbing,R,1,3,2440,2066,33,23,56,11,0,0,0.14416100000380538,0.10339104098966345,0.24755204099346884,0.24879241600865498,219796,196624,128,128,False,False,False,False,196624,128,False,4096,0.002,,148244,1,total_elems,219796,196624,1,1,,,,0.0,128,4,196624,3206,390,98,,,,,,,,,,,,,,,,,,,,,,,,,,,,,,,,,,,,,,,,,,,,,,,
2414.0204617080162,absorbing,L,2,3,2440,2066,33,23,56,23,0,0,0.15758487500716,0.17268112499732524,0.33026600000448525,0.33163712499663234,252768,307164,128,128,False,False,False,False,252768,128,False,4096,0.002,,148244,1,total_elems,252768,307164,1,1,,,,0.0,128,4,252768,3738,390,98,,,,,,,,,,,,,,,,,,,,,,,,,,,,,,,,,,,,,,,,,,,,,,,
2414.581757750013,absorbing,R,2,4,2440,2066,33,23,56,13,0,0,0.3814339170057792,0.17521487499470823,0.5566487920004874,0.5578999170102179,530732,361004,128,128,False,False,False,False,361004,128,False,4096,0.002,,148244,1,total_elems,530732,361004,1,1,,,,0.0,128,4,361004,4352,390,98,,,,,,,,,,,,,,,,,,,,,,,,,,,,,,,,,,,,,,,,,,,,,,,
2415.407224041992,absorbing,R,2,5,2440,2066,33,23,56,12,0,0,0.44047599998884834,0.3793807080073748,0.8198567079962231,0.8216224589850754,685144,628660,128,255,False,False,False,False,628660,255,False,4096,0.002,,148244,1,total_elems,685144,628660,1,1,,,,0.0,255,4,628660,5080,390,98,,,,,,,,,,,,,,,,,,,,,,,,,,,,,,,,,,,,,,,,,,,,,,,
2416.6805113330192,absorbing,R,2,6,2440,2066,33,23,56,12,0,0,0.6193931250018068,0.6432443750090897,1.2626375000108965,1.2664165000023786,908792,714420,254,254,False,False,False,False,714420,254,False,4096,0.002,,148244,1,total_elems,908792,714420,1,1,,,,0.0,254,4,714420,5618,390,98,,,,,,,,,,,,,,,,,,,,,,,,,,,,,,,,,,,,,,,,,,,,,,,
2418.5688864169933,absorbing,R,2,7,2440,2066,33,24,57,12,1,1,0.9819567500089761,0.8991404580010567,1.8810972080100328,1.8851417090045288,1031736,988388,253,256,False,False,True,False,988388,256,False,4096,0.002,,148244,1,total_elems,1031736,988388,1,1,,,,0.0,256,4,988388,6460,390,98,,,,,,,,,,,,,,,,,,,,,,,,,,,,,,,,,,,,,,,,,,,,,,,
2434.8203647079936,unswapping,,,,,,,,,,,,,,,,,,,,,,,,,,,,,,,,,,,,,,,,,505,4,1391380,7492,390,98,0,both,0,49,49,3,3,,,,,0,,,,,,,,,,,,,,,,,,,,,,,,,,,,,,,,,,,
2454.0076513749955,unswapping,,,,,,,,,,,,,,,,,,,,,,,,,,,,,,,,,,,,,,,,,498,4,1274448,6994,390,98,0,both,1,48,48,10,13,,,,,0,,,,,,,,,,,,,,,,,,,,,,,,,,,,,,,,,,,
2458.8152145420026,unswapping,,,,,,,,,,,,,,,,,,,,,,,,,,,,,,,,,,,,,,,,,248,4,722660,5598,390,98,0,left,0,49,49,18,31,,,,,36,,,,,,,,,,,,,,,,,,,,,,,,,,,,,,,,,,,
2461.348078458017,unswapping,,,,,,,,,,,,,,,,,,,,,,,,,,,,,,,,,,,,,,,,,247,4,624404,5052,390,98,0,left,1,48,48,20,51,,,,,76,,,,,,,,,,,,,,,,,,,,,,,,,,,,,,,,,,,
2463.820395167015,unswapping,,,,,,,,,,,,,,,,,,,,,,,,,,,,,,,,,,,,,,,,,246,4,608980,4786,390,98,0,right,0,49,49,8,59,,,,,92,,,,,,,,,,,,,,,,,,,,,,,,,,,,,,,,,,,
2466.407146042009,unswapping,,,,,,,,,,,,,,,,,,,,,,,,,,,,,,,,,,,,,,,,,244,4,591780,4628,390,98,0,right,1,48,48,7,66,,,,,106,,,,,,,,,,,,,,,,,,,,,,,,,,,,,,,,,,,
2472.874774291995,unswapping,,,,,,,,,,,,,,,,,,,,,,,,,,,,,,,,,,,,,,,,,128,4,412820,4116,390,98,1,both,0,49,49,8,8,,,,,114,,,,,,,,,,,,,,,,,,,,,,,,,,,,,,,,,,,
2475.744070749992,unswapping,,,,,,,,,,,,,,,,,,,,,,,,,,,,,,,,,,,,,,,,,128,4,295188,3586,390,98,1,both,1,48,48,7,15,,,,,134,,,,,,,,,,,,,,,,,,,,,,,,,,,,,,,,,,,
2476.6304731249984,unswapping,,,,,,,,,,,,,,,,,,,,,,,,,,,,,,,,,,,,,,,,,120,4,238020,3278,390,98,1,left,0,49,49,8,23,,,,,150,,,,,,,,,,,,,,,,,,,,,,,,,,,,,,,,,,,
2477.195915624994,unswapping,,,,,,,,,,,,,,,,,,,,,,,,,,,,,,,,,,,,,,,,,120,4,236964,3250,390,98,1,left,1,48,48,2,25,,,,,154,,,,,,,,,,,,,,,,,,,,,,,,,,,,,,,,,,,
2478.0717600420176,unswapping,,,,,,,,,,,,,,,,,,,,,,,,,,,,,,,,,,,,,,,,,120,4,234868,3206,390,98,1,right,0,49,49,5,30,,,,,164,,,,,,,,,,,,,,,,,,,,,,,,,,,,,,,,,,,
2478.669487292005,unswapping,,,,,,,,,,,,,,,,,,,,,,,,,,,,,,,,,,,,,,,,,120,4,232964,3158,390,98,1,right,1,48,48,4,34,,,,,172,,,,,,,,,,,,,,,,,,,,,,,,,,,,,,,,,,,
2480.3789917500108,unswapping,,,,,,,,,,,,,,,,,,,,,,,,,,,,,,,,,,,,,,,,,120,4,215712,3018,390,98,2,both,0,49,49,7,7,,,,,178,,,,,,,,,,,,,,,,,,,,,,,,,,,,,,,,,,,
2481.5027249169943,unswapping,,,,,,,,,,,,,,,,,,,,,,,,,,,,,,,,,,,,,,,,,64,4,183092,2840,390,98,2,both,1,48,48,5,12,,,,,180,,,,,,,,,,,,,,,,,,,,,,,,,,,,,,,,,,,
2481.975113374996,unswapping,,,,,,,,,,,,,,,,,,,,,,,,,,,,,,,,,,,,,,,,,64,4,183044,2836,390,98,2,left,0,49,49,1,13,,,,,180,,,,,,,,,,,,,,,,,,,,,,,,,,,,,,,,,,,
2482.468515250017,unswapping,,,,,,,,,,,,,,,,,,,,,,,,,,,,,,,,,,,,,,,,,64,4,182536,2818,390,98,2,left,1,48,48,3,16,,,,,182,,,,,,,,,,,,,,,,,,,,,,,,,,,,,,,,,,,
2482.945014750003,unswapping,,,,,,,,,,,,,,,,,,,,,,,,,,,,,,,,,,,,,,,,,64,4,181384,2794,390,98,2,right,0,49,49,1,17,,,,,184,,,,,,,,,,,,,,,,,,,,,,,,,,,,,,,,,,,
2483.296182582999,unswapping,,,,,,,,,,,,,,,,,,,,,,,,,,,,,,,,,,,,,,,,,64,4,181384,2794,390,98,2,right,1,48,48,0,17,,,,,184,,,,,,,,,,,,,,,,,,,,,,,,,,,,,,,,,,,
2484.515392833011,unswapping,,,,,,,,,,,,,,,,,,,,,,,,,,,,,,,,,,,,,,,,,64,4,179848,2762,390,98,3,both,0,49,49,3,3,,,,,184,,,,,,,,,,,,,,,,,,,,,,,,,,,,,,,,,,,
2485.479944874998,unswapping,,,,,,,,,,,,,,,,,,,,,,,,,,,,,,,,,,,,,,,,,64,4,167380,2680,390,98,3,both,1,48,48,3,6,,,,,184,,,,,,,,,,,,,,,,,,,,,,,,,,,,,,,,,,,
2485.8246706250065,unswapping,,,,,,,,,,,,,,,,,,,,,,,,,,,,,,,,,,,,,,,,,64,4,167380,2680,390,98,3,left,0,49,49,0,6,,,,,184,,,,,,,,,,,,,,,,,,,,,,,,,,,,,,,,,,,
2486.1774858330027,unswapping,,,,,,,,,,,,,,,,,,,,,,,,,,,,,,,,,,,,,,,,,64,4,167380,2680,390,98,3,left,1,48,48,0,6,,,,,184,,,,,,,,,,,,,,,,,,,,,,,,,,,,,,,,,,,
2486.6214751670195,unswapping,,,,,,,,,,,,,,,,,,,,,,,,,,,,,,,,,,,,,,,,,64,4,155476,2618,390,98,3,right,0,49,49,1,7,,,,,184,,,,,,,,,,,,,,,,,,,,,,,,,,,,,,,,,,,
2486.9124061670154,unswapping,,,,,,,,,,,,,,,,,,,,,,,,,,,,,,,,,,,,,,,,,64,4,155476,2618,390,98,3,right,1,48,48,0,7,,,,,184,,,,,,,,,,,,,,,,,,,,,,,,,,,,,,,,,,,
2487.949656917015,unswapping,,,,,,,,,,,,,,,,,,,,,,,,,,,,,,,,,,,,,,,,,64,4,151588,2566,390,98,4,both,0,49,49,3,3,,,,,188,,,,,,,,,,,,,,,,,,,,,,,,,,,,,,,,,,,
2488.7179154579935,unswapping,,,,,,,,,,,,,,,,,,,,,,,,,,,,,,,,,,,,,,,,,64,4,150436,2540,390,98,4,both,1,48,48,2,5,,,,,190,,,,,,,,,,,,,,,,,,,,,,,,,,,,,,,,,,,
2489.0561765829916,unswapping,,,,,,,,,,,,,,,,,,,,,,,,,,,,,,,,,,,,,,,,,64,4,150436,2540,390,98,4,left,0,49,49,0,5,,,,,190,,,,,,,,,,,,,,,,,,,,,,,,,,,,,,,,,,,
2489.3372814579925,unswapping,,,,,,,,,,,,,,,,,,,,,,,,,,,,,,,,,,,,,,,,,64,4,150436,2540,390,98,4,left,1,48,48,0,5,,,,,190,,,,,,,,,,,,,,,,,,,,,,,,,,,,,,,,,,,
2489.673559125018,unswapping,,,,,,,,,,,,,,,,,,,,,,,,,,,,,,,,,,,,,,,,,64,4,150436,2540,390,98,4,right,0,49,49,0,5,,,,,190,,,,,,,,,,,,,,,,,,,,,,,,,,,,,,,,,,,
2490.052230833011,unswapping,,,,,,,,,,,,,,,,,,,,,,,,,,,,,,,,,,,,,,,,,64,4,147700,2506,390,98,4,right,1,48,48,2,7,,,,,194,,,,,,,,,,,,,,,,,,,,,,,,,,,,,,,,,,,
2491.0428752920125,unswapping,,,,,,,,,,,,,,,,,,,,,,,,,,,,,,,,,,,,,,,,,64,4,146728,2486,390,98,5,both,0,49,49,2,2,,,,,196,,,,,,,,,,,,,,,,,,,,,,,,,,,,,,,,,,,
2491.64680925,unswapping,,,,,,,,,,,,,,,,,,,,,,,,,,,,,,,,,,,,,,,,,64,4,146728,2486,390,98,5,both,1,48,48,0,2,,,,,196,,,,,,,,,,,,,,,,,,,,,,,,,,,,,,,,,,,
2491.9847012080136,unswapping,,,,,,,,,,,,,,,,,,,,,,,,,,,,,,,,,,,,,,,,,64,4,146728,2486,390,98,5,left,0,49,49,0,2,,,,,196,,,,,,,,,,,,,,,,,,,,,,,,,,,,,,,,,,,
2492.262465208012,unswapping,,,,,,,,,,,,,,,,,,,,,,,,,,,,,,,,,,,,,,,,,64,4,146728,2486,390,98,5,left,1,48,48,0,2,,,,,196,,,,,,,,,,,,,,,,,,,,,,,,,,,,,,,,,,,
2492.5934654170123,unswapping,,,,,,,,,,,,,,,,,,,,,,,,,,,,,,,,,,,,,,,,,64,4,146728,2486,390,98,5,right,0,49,49,0,2,,,,,196,,,,,,,,,,,,,,,,,,,,,,,,,,,,,,,,,,,
2492.872012500011,unswapping,,,,,,,,,,,,,,,,,,,,,,,,,,,,,,,,,,,,,,,,,64,4,146728,2486,390,98,5,right,1,48,48,0,2,,,,,196,,,,,,,,,,,,,,,,,,,,,,,,,,,,,,,,,,,
2493.6949089170084,unswapping,,,,,,,,,,,,,,,,,,,,,,,,,,,,,,,,,,,,,,,,,64,4,146728,2486,390,98,6,both,0,49,49,0,0,,,,,196,,,,,,,,,,,,,,,,,,,,,,,,,,,,,,,,,,,
2494.3032755000168,unswapping,,,,,,,,,,,,,,,,,,,,,,,,,,,,,,,,,,,,,,,,,64,4,146728,2486,390,98,6,both,1,48,48,0,0,,,,,196,,,,,,,,,,,,,,,,,,,,,,,,,,,,,,,,,,,
2494.6343407499953,unswapping,,,,,,,,,,,,,,,,,,,,,,,,,,,,,,,,,,,,,,,,,64,4,146728,2486,390,98,6,left,0,49,49,0,0,,,,,196,,,,,,,,,,,,,,,,,,,,,,,,,,,,,,,,,,,
2494.9190414579934,unswapping,,,,,,,,,,,,,,,,,,,,,,,,,,,,,,,,,,,,,,,,,64,4,146728,2486,390,98,6,left,1,48,48,0,0,,,,,196,,,,,,,,,,,,,,,,,,,,,,,,,,,,,,,,,,,
2495.2503812920186,unswapping,,,,,,,,,,,,,,,,,,,,,,,,,,,,,,,,,,,,,,,,,64,4,146728,2486,390,98,6,right,0,49,49,0,0,,,,,196,,,,,,,,,,,,,,,,,,,,,,,,,,,,,,,,,,,
2495.5291966249933,unswapping,,,,,,,,,,,,,,,,,,,,,,,,,,,,,,,,,,,,,,,,,64,4,146728,2486,390,98,6,right,1,48,48,0,0,,,,,196,,,,,,,,,,,,,,,,,,,,,,,,,,,,,,,,,,,
2495.6012825829966,unswap_cycle_summary,,,,,,33,24,57,,,,,,,,,,,,,,,,,,,4096,0.002,,,,,,,,,,,,,64,4,146728,2486,390,98,,,,,,,,,,,,,,,,,,,,28,74.53833666699938,57,1984,1927,1,False,,,,,,,,,,,,,,,,,,,,,
2846.664539374993,rewiring,,,,,,,,,,,,,,,,,,,,,,,,,,,,,,,,,,,,,,,,,,,,,,,,,,,,,,,,,,,,,,,,,,28,,,,,,,left,post_unswap,351.0609055829991,20,2440,False,False,False,1,2,lookahead_total,8,False,1,123,"(30752752, 30752752, 1931, 1977, 1599, 20409, 2365)",341.3250483330048,9.735797749977792,"[{'seed': 123, 'score': (30752752, 30752752, 1931, 1977, 1599, 20409, 2365), 'num_layers': 2365, 'total_swaps': 20409, 'max_layer_swaps': 22, 'swap_only_layers': 1599, 'work_layers': 766, 'unitary_layers': 766, 'first_work_layer': 10, 'leading_no_work_layers': 10, 'lookahead_layers_scored': 8, 'lookahead_final_elems': 30752752, 'lookahead_final_max_bond': 1931, 'lookahead_peak_elems': 30752752, 'lookahead_peak_max_bond': 1977, 'lookahead_peak_bond_l2': 9554814}, {'seed': 1132, 'score': (34737376, 34737376, 1925, 1967, 1575, 20443, 2366), 'num_layers': 2366, 'total_swaps': 20443, 'max_layer_swaps': 23, 'swap_only_layers': 1575, 'work_layers': 791, 'unitary_layers': 791, 'first_work_layer': 11, 'leading_no_work_layers': 11, 'lookahead_layers_scored': 8, 'lookahead_final_elems': 34737376, 'lookahead_final_max_bond': 1925, 'lookahead_peak_elems': 34737376, 'lookahead_peak_max_bond': 1967, 'lookahead_peak_bond_l2': 10196933}]",351.0608839170018,381.36404895901796
2876.9660124170186,rewiring,,,,,,,,,,,,,,,,,,,,,,,,,,,,,,,,,,,,,,,,,,,,,,,,,,,,,,,,,,,,,,,,,,28,,,,,,,right,post_unswap,30.299988457991276,20,2061,False,False,False,1,2,lookahead_total,8,False,1,1132,"(2333724, 2347672, 500, 508, 1121, 17637, 1868)",22.620769666013075,7.679172874981305,"[{'seed': 123, 'score': (3271068, 3271068, 509, 509, 1251, 18171, 2004), 'num_layers': 2004, 'total_swaps': 18171, 'max_layer_swaps': 26, 'swap_only_layers': 1251, 'work_layers': 753, 'unitary_layers': 753, 'first_work_layer': 5, 'leading_no_work_layers': 5, 'lookahead_layers_scored': 8, 'lookahead_final_elems': 3271068, 'lookahead_final_max_bond': 509, 'lookahead_peak_elems': 3271068, 'lookahead_peak_max_bond': 509, 'lookahead_peak_bond_l2': 1186096}, {'seed': 1132, 'score': (2333724, 2347672, 500, 508, 1121, 17637, 1868), 'num_layers': 1868, 'total_swaps': 17637, 'max_layer_swaps': 22, 'swap_only_layers': 1121, 'work_layers': 747, 'unitary_layers': 747, 'first_work_layer': 5, 'leading_no_work_layers': 5, 'lookahead_layers_scored': 8, 'lookahead_final_elems': 2333724, 'lookahead_final_max_bond': 500, 'lookahead_peak_elems': 2347672, 'lookahead_peak_max_bond': 508, 'lookahead_peak_bond_l2': 779793}]",30.29996899998514,381.36404895901796
2877.0376852920162,cycle_progress,,,,,,33,24,57,,,,,,,,,,,,,,,,,,,4096,0.002,,148244,1,,,,,,,,,,64,4,146728,2486,390,98,,,,,,,,,,,,,,,,,,,,28,,57,1984,1927,1,False,,,,,,,,,,,,,,,,,,,,,381.36404895901796
2877.3093192919914,absorbing,L,1,0,2365,1868,33,24,57,18,0,0,0.08865274998242967,0.09867129201302305,0.18732404199545272,0.1967429170035757,146728,160780,64,64,False,False,False,False,146728,64,False,4096,0.002,,146728,0,total_elems,146728,160780,1,1,,,,0.0,64,4,146728,2486,390,98,,,,,,,,,,,,,,,,,,,,,,,,,,,,,,,,,,,,,,,,,,,,,,,
2877.592831792019,absorbing,R,1,1,2365,1868,33,24,57,15,0,0,0.18934187502600253,0.08907950000138953,0.27842137502739206,0.2798301669827197,216456,160780,128,64,False,False,False,False,160780,64,False,4096,0.002,,146728,0,total_elems,216456,160780,1,1,,,,0.0,64,4,160780,2788,390,98,,,,,,,,,,,,,,,,,,,,,,,,,,,,,,,,,,,,,,,,,,,,,,,
2877.873693542002,absorbing,R,1,2,2365,1868,33,24,57,16,0,0,0.18335537498933263,0.09251516699441709,0.2758705419837497,0.2773008329968434,228936,180256,128,64,False,False,False,False,180256,64,False,4096,0.002,,146728,0,total_elems,228936,180256,1,1,,,,0.0,64,4,180256,3140,390,98,,,,,,,,,,,,,,,,,,,,,,,,,,,,,,,,,,,,,,,,,,,,,,,
2878.1948990829987,absorbing,R,1,3,2365,1868,33,24,57,14,0,0,0.19437604100676253,0.12173520898795687,0.3161112499947194,0.31745387497358024,248124,231832,128,128,False,False,False,False,231832,128,False,4096,0.002,,146728,0,total_elems,248124,231832,1,1,,,,0.0,128,4,231832,3742,390,98,,,,,,,,,,,,,,,,,,,,,,,,,,,,,,,,,,,,,,,,,,,,,,,
2878.588213500014,absorbing,L,2,3,2365,1868,33,24,57,21,0,0,0.2232253339898307,0.15772808299516328,0.38095341698499396,0.3858306669862941,280212,307480,128,128,False,False,False,False,280212,128,False,4096,0.002,,146728,0,total_elems,280212,307480,1,1,,,,0.0,128,4,280212,4040,390,98,,,,,,,,,,,,,,,,,,,,,,,,,,,,,,,,,,,,,,,,,,,,,,,
2879.1989488750114,absorbing,R,2,4,2365,1868,33,24,57,13,0,0,0.4272219169943128,0.1780074580165092,0.605229375010822,0.6069080000161193,586072,352132,243,128,False,False,False,False,352132,128,False,4096,0.002,,146728,0,total_elems,586072,352132,1,1,,,,0.0,128,4,352132,4600,390,98,,,,,,,,,,,,,,,,,,,,,,,,,,,,,,,,,,,,,,,,,,,,,,,
2879.9813301670074,absorbing,R,2,5,2365,1868,33,24,57,13,0,0,0.4434951669827569,0.3294070000119973,0.7729021669947542,0.7767122499935795,703720,659604,243,255,False,False,False,False,659604,255,False,4096,0.002,,146728,0,total_elems,703720,659604,1,1,,,,0.0,255,4,659604,5956,390,98,,,,,,,,,,,,,,,,,,,,,,,,,,,,,,,,,,,,,,,,,,,,,,,
2881.4841970420093,absorbing,L,3,5,2365,1868,33,24,57,22,0,0,0.562358333991142,0.9359017090173438,1.4982600430084858,1.499682916997699,953144,1432148,254,474,False,False,False,True,953144,254,False,4096,0.002,,146728,0,total_elems,953144,1432148,1,1,,,,0.0,254,4,953144,6972,390,98,,,,,,,,,,,,,,,,,,,,,,,,,,,,,,,,,,,,,,,,,,,,,,,
2912.9914124170027,unswapping,,,,,,,,,,,,,,,,,,,,,,,,,,,,,,,,,,,,,,,,,506,4,1726348,8664,390,98,0,both,0,49,49,10,10,,,,,0,,,,,,,,,,,,,,,,,,,,,,,,,,,,,,,,,,,
2925.873495125008,unswapping,,,,,,,,,,,,,,,,,,,,,,,,,,,,,,,,,,,,,,,,,256,4,995992,6484,390,98,0,both,1,48,48,21,31,,,,,0,,,,,,,,,,,,,,,,,,,,,,,,,,,,,,,,,,,
2930.3062726670178,unswapping,,,,,,,,,,,,,,,,,,,,,,,,,,,,,,,,,,,,,,,,,233,4,430160,4874,390,98,0,left,0,49,49,18,49,,,,,36,,,,,,,,,,,,,,,,,,,,,,,,,,,,,,,,,,,
2931.295973417,unswapping,,,,,,,,,,,,,,,,,,,,,,,,,,,,,,,,,,,,,,,,,64,4,232984,3762,390,98,0,left,1,48,48,24,73,,,,,84,,,,,,,,,,,,,,,,,,,,,,,,,,,,,,,,,,,
2931.7417382920103,unswapping,,,,,,,,,,,,,,,,,,,,,,,,,,,,,,,,,,,,,,,,,64,4,213416,3442,390,98,0,right,0,49,49,11,84,,,,,102,,,,,,,,,,,,,,,,,,,,,,,,,,,,,,,,,,,
2932.289438833017,unswapping,,,,,,,,,,,,,,,,,,,,,,,,,,,,,,,,,,,,,,,,,64,4,206040,3316,390,98,0,right,1,48,48,9,93,,,,,118,,,,,,,,,,,,,,,,,,,,,,,,,,,,,,,,,,,
2933.3204960000003,unswapping,,,,,,,,,,,,,,,,,,,,,,,,,,,,,,,,,,,,,,,,,64,4,166528,3042,390,98,1,both,0,49,49,8,8,,,,,128,,,,,,,,,,,,,,,,,,,,,,,,,,,,,,,,,,,
2934.0897772079916,unswapping,,,,,,,,,,,,,,,,,,,,,,,,,,,,,,,,,,,,,,,,,64,4,151696,2854,390,98,1,both,1,48,48,6,14,,,,,138,,,,,,,,,,,,,,,,,,,,,,,,,,,,,,,,,,,
2934.4960969169915,unswapping,,,,,,,,,,,,,,,,,,,,,,,,,,,,,,,,,,,,,,,,,64,4,134468,2738,390,98,1,left,0,49,49,6,20,,,,,148,,,,,,,,,,,,,,,,,,,,,,,,,,,,,,,,,,,
2934.808507083013,unswapping,,,,,,,,,,,,,,,,,,,,,,,,,,,,,,,,,,,,,,,,,64,4,126388,2650,390,98,1,left,1,48,48,5,25,,,,,154,,,,,,,,,,,,,,,,,,,,,,,,,,,,,,,,,,,
2935.1208813750127,unswapping,,,,,,,,,,,,,,,,,,,,,,,,,,,,,,,,,,,,,,,,,64,4,122260,2578,390,98,1,right,0,49,49,4,29,,,,,160,,,,,,,,,,,,,,,,,,,,,,,,,,,,,,,,,,,
2935.3207116250123,unswapping,,,,,,,,,,,,,,,,,,,,,,,,,,,,,,,,,,,,,,,,,64,4,122260,2578,390,98,1,right,1,48,48,0,29,,,,,160,,,,,,,,,,,,,,,,,,,,,,,,,,,,,,,,,,,
2936.098219000007,unswapping,,,,,,,,,,,,,,,,,,,,,,,,,,,,,,,,,,,,,,,,,64,4,120436,2530,390,98,2,both,0,49,49,4,4,,,,,166,,,,,,,,,,,,,,,,,,,,,,,,,,,,,,,,,,,
2936.697681791993,unswapping,,,,,,,,,,,,,,,,,,,,,,,,,,,,,,,,,,,,,,,,,64,4,119464,2504,390,98,2,both,1,48,48,2,6,,,,,166,,,,,,,,,,,,,,,,,,,,,,,,,,,,,,,,,,,
2937.0012715829944,unswapping,,,,,,,,,,,,,,,,,,,,,,,,,,,,,,,,,,,,,,,,,64,4,118536,2476,390,98,2,left,0,49,49,2,8,,,,,170,,,,,,,,,,,,,,,,,,,,,,,,,,,,,,,,,,,
2937.2541163749993,unswapping,,,,,,,,,,,,,,,,,,,,,,,,,,,,,,,,,,,,,,,,,64,4,118440,2464,390,98,2,left,1,48,48,1,9,,,,,172,,,,,,,,,,,,,,,,,,,,,,,,,,,,,,,,,,,
2937.4680092500057,unswapping,,,,,,,,,,,,,,,,,,,,,,,,,,,,,,,,,,,,,,,,,64,4,118440,2464,390,98,2,right,0,49,49,0,9,,,,,172,,,,,,,,,,,,,,,,,,,,,,,,,,,,,,,,,,,
2937.719653750013,unswapping,,,,,,,,,,,,,,,,,,,,,,,,,,,,,,,,,,,,,,,,,64,4,118392,2458,390,98,2,right,1,48,48,1,10,,,,,174,,,,,,,,,,,,,,,,,,,,,,,,,,,,,,,,,,,
2938.4129112079972,unswapping,,,,,,,,,,,,,,,,,,,,,,,,,,,,,,,,,,,,,,,,,64,4,118380,2456,390,98,3,both,0,49,49,1,1,,,,,176,,,,,,,,,,,,,,,,,,,,,,,,,,,,,,,,,,,
2938.9599115000165,unswapping,,,,,,,,,,,,,,,,,,,,,,,,,,,,,,,,,,,,,,,,,64,4,118368,2454,390,98,3,both,1,48,48,1,2,,,,,178,,,,,,,,,,,,,,,,,,,,,,,,,,,,,,,,,,,
2939.1860662919935,unswapping,,,,,,,,,,,,,,,,,,,,,,,,,,,,,,,,,,,,,,,,,64,4,118368,2454,390,98,3,left,0,49,49,0,2,,,,,178,,,,,,,,,,,,,,,,,,,,,,,,,,,,,,,,,,,
2939.376544208004,unswapping,,,,,,,,,,,,,,,,,,,,,,,,,,,,,,,,,,,,,,,,,64,4,118368,2454,390,98,3,left,1,48,48,0,2,,,,,178,,,,,,,,,,,,,,,,,,,,,,,,,,,,,,,,,,,
2939.591278250009,unswapping,,,,,,,,,,,,,,,,,,,,,,,,,,,,,,,,,,,,,,,,,64,4,118368,2454,390,98,3,right,0,49,49,0,2,,,,,178,,,,,,,,,,,,,,,,,,,,,,,,,,,,,,,,,,,
2939.7822252080077,unswapping,,,,,,,,,,,,,,,,,,,,,,,,,,,,,,,,,,,,,,,,,64,4,118368,2454,390,98,3,right,1,48,48,0,2,,,,,178,,,,,,,,,,,,,,,,,,,,,,,,,,,,,,,,,,,
2940.351407833019,unswapping,,,,,,,,,,,,,,,,,,,,,,,,,,,,,,,,,,,,,,,,,64,4,118368,2454,390,98,4,both,0,49,49,0,0,,,,,178,,,,,,,,,,,,,,,,,,,,,,,,,,,,,,,,,,,
2940.77764366701,unswapping,,,,,,,,,,,,,,,,,,,,,,,,,,,,,,,,,,,,,,,,,64,4,118368,2454,390,98,4,both,1,48,48,0,0,,,,,178,,,,,,,,,,,,,,,,,,,,,,,,,,,,,,,,,,,
2941.0037059579918,unswapping,,,,,,,,,,,,,,,,,,,,,,,,,,,,,,,,,,,,,,,,,64,4,118368,2454,390,98,4,left,0,49,49,0,0,,,,,178,,,,,,,,,,,,,,,,,,,,,,,,,,,,,,,,,,,
2941.1920906669984,unswapping,,,,,,,,,,,,,,,,,,,,,,,,,,,,,,,,,,,,,,,,,64,4,118368,2454,390,98,4,left,1,48,48,0,0,,,,,178,,,,,,,,,,,,,,,,,,,,,,,,,,,,,,,,,,,
2941.408058583009,unswapping,,,,,,,,,,,,,,,,,,,,,,,,,,,,,,,,,,,,,,,,,64,4,118368,2454,390,98,4,right,0,49,49,0,0,,,,,178,,,,,,,,,,,,,,,,,,,,,,,,,,,,,,,,,,,
2941.600338832999,unswapping,,,,,,,,,,,,,,,,,,,,,,,,,,,,,,,,,,,,,,,,,64,4,118368,2454,390,98,4,right,1,48,48,0,0,,,,,178,,,,,,,,,,,,,,,,,,,,,,,,,,,,,,,,,,,
2941.674751750019,unswap_cycle_summary,,,,,,33,24,57,,,,,,,,,,,,,,,,,,,4096,0.002,,,,,,,,,,,,,64,4,118368,2454,390,98,,,,,,,,,,,,,,,,,,,,29,57.796910708013456,57,1984,1927,0,False,,,,,,,,,,,,,,,,,,,,,
3379.879168707994,rewiring,,,,,,,,,,,,,,,,,,,,,,,,,,,,,,,,,,,,,,,,,,,,,,,,,,,,,,,,,,,,,,,,,,29,,,,,,,left,post_unswap,438.20226320801885,20,2364,False,False,False,0,2,lookahead_total,8,False,1,123,"(5995012, 5995012, 915, 935, 1688, 20383, 2472)",428.2709750830254,9.931242916994961,"[{'seed': 123, 'score': (5995012, 5995012, 915, 935, 1688, 20383, 2472), 'num_layers': 2472, 'total_swaps': 20383, 'max_layer_swaps': 25, 'swap_only_layers': 1688, 'work_layers': 784, 'unitary_layers': 784, 'first_work_layer': 5, 'leading_no_work_layers': 5, 'lookahead_layers_scored': 8, 'lookahead_final_elems': 5995012, 'lookahead_final_max_bond': 915, 'lookahead_peak_elems': 5995012, 'lookahead_peak_max_bond': 935, 'lookahead_peak_bond_l2': 1907073}, {'seed': 1132, 'score': (57732624, 57732624, 3378, 3456, 1594, 20232, 2376), 'num_layers': 2376, 'total_swaps': 20232, 'max_layer_swaps': 25, 'swap_only_layers': 1594, 'work_layers': 782, 'unitary_layers': 782, 'first_work_layer': 7, 'leading_no_work_layers': 7, 'lookahead_layers_scored': 8, 'lookahead_final_elems': 57732624, 'lookahead_final_max_bond': 3378, 'lookahead_peak_elems': 57732624, 'lookahead_peak_max_bond': 3456, 'lookahead_peak_bond_l2': 22639929}]",438.2022526660003,452.3245604590047
3394.0000321670086,rewiring,,,,,,,,,,,,,,,,,,,,,,,,,,,,,,,,,,,,,,,,,,,,,,,,,,,,,,,,,,,,,,,,,,29,,,,,,,right,post_unswap,14.119402041978901,20,1865,False,False,False,0,2,lookahead_total,8,False,1,1132,"(1227012, 1227012, 448, 456, 1356, 18088, 2126)",6.411333374970127,7.7079932920169085,"[{'seed': 123, 'score': (1232172, 1232172, 448, 456, 1307, 17760, 2070), 'num_layers': 2070, 'total_swaps': 17760, 'max_layer_swaps': 21, 'swap_only_layers': 1307, 'work_layers': 763, 'unitary_layers': 763, 'first_work_layer': 2, 'leading_no_work_layers': 2, 'lookahead_layers_scored': 8, 'lookahead_final_elems': 1232172, 'lookahead_final_max_bond': 448, 'lookahead_peak_elems': 1232172, 'lookahead_peak_max_bond': 456, 'lookahead_peak_bond_l2': 462485}, {'seed': 1132, 'score': (1227012, 1227012, 448, 456, 1356, 18088, 2126), 'num_layers': 2126, 'total_swaps': 18088, 'max_layer_swaps': 21, 'swap_only_layers': 1356, 'work_layers': 770, 'unitary_layers': 770, 'first_work_layer': 2, 'leading_no_work_layers': 2, 'lookahead_layers_scored': 8, 'lookahead_final_elems': 1227012, 'lookahead_final_max_bond': 448, 'lookahead_peak_elems': 1227012, 'lookahead_peak_max_bond': 456, 'lookahead_peak_bond_l2': 461429}]",14.119349750020774,452.3245604590047
3394.0709875829925,cycle_progress,,,,,,33,24,57,,,,,,,,,,,,,,,,,,,4096,0.002,,146728,0,,,,,,,,,,64,4,118368,2454,390,98,,,,,,,,,,,,,,,,,,,,29,,57,1984,1927,0,False,,,,,,,,,,,,,,,,,,,,,452.3245604590047
3394.3329389580176,absorbing,L,1,0,2472,2126,33,24,57,17,0,0,0.08434408300672658,0.09173662500688806,0.17608070801361464,0.1855027920100838,118368,148692,64,120,False,False,False,False,118368,64,False,4096,0.002,,118368,1,total_elems,118368,148692,1,1,,,,0.0,64,4,118368,2454,390,98,,,,,,,,,,,,,,,,,,,,,,,,,,,,,,,,,,,,,,,,,,,,,,,
3394.549145166995,absorbing,R,1,1,2472,2126,33,24,57,12,0,0,0.12156112500815652,0.08970791700994596,0.21126904201810248,0.21269245800795034,161524,148692,120,120,False,False,False,False,148692,120,False,4096,0.002,,118368,1,total_elems,161524,148692,1,1,,,,0.0,120,4,148692,2844,390,98,,,,,,,,,,,,,,,,,,,,,,,,,,,,,,,,,,,,,,,,,,,,,,,
3394.8251894580026,absorbing,L,2,1,2472,2126,33,24,57,18,0,0,0.1481389999971725,0.12285579097806476,0.27099479097523727,0.27233195799635723,222512,234472,120,120,False,False,False,False,222512,120,False,4096,0.002,,118368,1,total_elems,222512,234472,1,1,,,,0.0,120,4,222512,3164,390,98,,,,,,,,,,,,,,,,,,,,,,,,,,,,,,,,,,,,,,,,,,,,,,,
3395.2672937920142,absorbing,R,2,2,2472,2126,33,24,57,13,0,0,0.1712470000202302,0.2660623329866212,0.4373093330068514,0.43869045801693574,322536,320844,128,239,False,False,False,False,320844,239,False,4096,0.002,,118368,1,total_elems,322536,320844,1,1,,,,0.0,239,4,320844,3622,390,98,,,,,,,,,,,,,,,,,,,,,,,,,,,,,,,,,,,,,,,,,,,,,,,
3395.8594635000045,absorbing,L,3,2,2472,2126,33,24,57,15,0,0,0.23879795899847522,0.3459214580070693,0.5847194170055445,0.586402166984044,422840,563792,237,238,False,False,False,False,422840,237,False,4096,0.002,,118368,1,total_elems,422840,563792,1,1,,,,0.0,237,4,422840,4170,390,98,,,,,,,,,,,,,,,,,,,,,,,,,,,,,,,,,,,,,,,,,,,,,,,
3396.6457480420067,absorbing,L,4,2,2472,2126,33,24,57,14,0,0,0.38414675000240095,0.39402766700368375,0.7781744170060847,0.7801902089850046,646504,660032,239,235,False,False,False,False,646504,239,False,4096,0.002,,118368,1,total_elems,646504,660032,1,1,,,,0.0,239,4,646504,5014,390,98,,,,,,,,,,,,,,,,,,,,,,,,,,,,,,,,,,,,,,,,,,,,,,,
3397.7195917920035,absorbing,R,4,3,2472,2126,33,25,58,14,1,1,0.5607350409845822,0.5039392079925165,1.0646742489770986,1.0663309999799822,929008,863140,255,233,False,False,False,False,863140,233,False,4096,0.002,,118368,1,total_elems,929008,863140,1,1,,,,0.0,233,4,863140,5766,390,98,,,,,,,,,,,,,,,,,,,,,,,,,,,,,,,,,,,,,,,,,,,,,,,
3416.0074945829983,unswapping,,,,,,,,,,,,,,,,,,,,,,,,,,,,,,,,,,,,,,,,,254,4,1074156,6430,390,98,0,both,0,49,49,7,7,,,,,0,,,,,,,,,,,,,,,,,,,,,,,,,,,,,,,,,,,
3423.1101187080203,unswapping,,,,,,,,,,,,,,,,,,,,,,,,,,,,,,,,,,,,,,,,,224,4,742096,5428,390,98,0,both,1,48,48,12,19,,,,,0,,,,,,,,,,,,,,,,,,,,,,,,,,,,,,,,,,,
3426.020237082994,unswapping,,,,,,,,,,,,,,,,,,,,,,,,,,,,,,,,,,,,,,,,,224,4,476284,4384,390,98,0,left,0,49,49,17,36,,,,,34,,,,,,,,,,,,,,,,,,,,,,,,,,,,,,,,,,,
3427.2037439169944,unswapping,,,,,,,,,,,,,,,,,,,,,,,,,,,,,,,,,,,,,,,,,224,4,234844,3446,390,98,0,left,1,48,48,18,54,,,,,70,,,,,,,,,,,,,,,,,,,,,,,,,,,,,,,,,,,
3427.762083083013,unswapping,,,,,,,,,,,,,,,,,,,,,,,,,,,,,,,,,,,,,,,,,63,4,154788,2984,390,98,0,right,0,49,49,10,64,,,,,86,,,,,,,,,,,,,,,,,,,,,,,,,,,,,,,,,,,
3428.105259917007,unswapping,,,,,,,,,,,,,,,,,,,,,,,,,,,,,,,,,,,,,,,,,63,4,142368,2830,390,98,0,right,1,48,48,8,72,,,,,102,,,,,,,,,,,,,,,,,,,,,,,,,,,,,,,,,,,
3428.9870027500147,unswapping,,,,,,,,,,,,,,,,,,,,,,,,,,,,,,,,,,,,,,,,,63,4,131232,2734,390,98,1,both,0,49,49,3,3,,,,,106,,,,,,,,,,,,,,,,,,,,,,,,,,,,,,,,,,,
3429.613644041994,unswapping,,,,,,,,,,,,,,,,,,,,,,,,,,,,,,,,,,,,,,,,,62,4,125692,2666,390,98,1,both,1,48,48,5,8,,,,,118,,,,,,,,,,,,,,,,,,,,,,,,,,,,,,,,,,,
3429.9514932500024,unswapping,,,,,,,,,,,,,,,,,,,,,,,,,,,,,,,,,,,,,,,,,62,4,124236,2604,390,98,1,left,0,49,49,6,14,,,,,126,,,,,,,,,,,,,,,,,,,,,,,,,,,,,,,,,,,
3430.2296410830168,unswapping,,,,,,,,,,,,,,,,,,,,,,,,,,,,,,,,,,,,,,,,,62,4,122660,2542,390,98,1,left,1,48,48,5,19,,,,,134,,,,,,,,,,,,,,,,,,,,,,,,,,,,,,,,,,,
3430.5689254169993,unswapping,,,,,,,,,,,,,,,,,,,,,,,,,,,,,,,,,,,,,,,,,62,4,121904,2510,390,98,1,right,0,49,49,4,23,,,,,140,,,,,,,,,,,,,,,,,,,,,,,,,,,,,,,,,,,
3430.7691592920164,unswapping,,,,,,,,,,,,,,,,,,,,,,,,,,,,,,,,,,,,,,,,,62,4,121904,2510,390,98,1,right,1,48,48,0,23,,,,,140,,,,,,,,,,,,,,,,,,,,,,,,,,,,,,,,,,,
3431.5835117080132,unswapping,,,,,,,,,,,,,,,,,,,,,,,,,,,,,,,,,,,,,,,,,62,4,120128,2466,390,98,2,both,0,49,49,3,3,,,,,146,,,,,,,,,,,,,,,,,,,,,,,,,,,,,,,,,,,
3432.155322375009,unswapping,,,,,,,,,,,,,,,,,,,,,,,,,,,,,,,,,,,,,,,,,62,4,120060,2456,390,98,2,both,1,48,48,4,7,,,,,154,,,,,,,,,,,,,,,,,,,,,,,,,,,,,,,,,,,
3432.4184852920007,unswapping,,,,,,,,,,,,,,,,,,,,,,,,,,,,,,,,,,,,,,,,,62,4,120060,2456,390,98,2,left,0,49,49,0,7,,,,,154,,,,,,,,,,,,,,,,,,,,,,,,,,,,,,,,,,,
3432.6762098330073,unswapping,,,,,,,,,,,,,,,,,,,,,,,,,,,,,,,,,,,,,,,,,62,4,119820,2444,390,98,2,left,1,48,48,1,8,,,,,156,,,,,,,,,,,,,,,,,,,,,,,,,,,,,,,,,,,
3432.941795999999,unswapping,,,,,,,,,,,,,,,,,,,,,,,,,,,,,,,,,,,,,,,,,62,4,119820,2444,390,98,2,right,0,49,49,0,8,,,,,156,,,,,,,,,,,,,,,,,,,,,,,,,,,,,,,,,,,
3433.13189650001,unswapping,,,,,,,,,,,,,,,,,,,,,,,,,,,,,,,,,,,,,,,,,62,4,119820,2444,390,98,2,right,1,48,48,0,8,,,,,156,,,,,,,,,,,,,,,,,,,,,,,,,,,,,,,,,,,
3433.790091792005,unswapping,,,,,,,,,,,,,,,,,,,,,,,,,,,,,,,,,,,,,,,,,62,4,119820,2444,390,98,3,both,0,49,49,0,0,,,,,156,,,,,,,,,,,,,,,,,,,,,,,,,,,,,,,,,,,
3434.2032112080196,unswapping,,,,,,,,,,,,,,,,,,,,,,,,,,,,,,,,,,,,,,,,,62,4,119820,2444,390,98,3,both,1,48,48,0,0,,,,,156,,,,,,,,,,,,,,,,,,,,,,,,,,,,,,,,,,,
3434.4510546250094,unswapping,,,,,,,,,,,,,,,,,,,,,,,,,,,,,,,,,,,,,,,,,62,4,119820,2444,390,98,3,left,0,49,49,0,0,,,,,156,,,,,,,,,,,,,,,,,,,,,,,,,,,,,,,,,,,
3434.6697905000183,unswapping,,,,,,,,,,,,,,,,,,,,,,,,,,,,,,,,,,,,,,,,,62,4,119820,2444,390,98,3,left,1,48,48,0,0,,,,,156,,,,,,,,,,,,,,,,,,,,,,,,,,,,,,,,,,,
3434.924639625009,unswapping,,,,,,,,,,,,,,,,,,,,,,,,,,,,,,,,,,,,,,,,,62,4,119820,2444,390,98,3,right,0,49,49,0,0,,,,,156,,,,,,,,,,,,,,,,,,,,,,,,,,,,,,,,,,,
3435.1142375830095,unswapping,,,,,,,,,,,,,,,,,,,,,,,,,,,,,,,,,,,,,,,,,62,4,119820,2444,390,98,3,right,1,48,48,0,0,,,,,156,,,,,,,,,,,,,,,,,,,,,,,,,,,,,,,,,,,
3435.190075999999,unswap_cycle_summary,,,,,,33,25,58,,,,,,,,,,,,,,,,,,,4096,0.002,,,,,,,,,,,,,62,4,119820,2444,390,98,,,,,,,,,,,,,,,,,,,,30,36.08341904199915,58,1984,1926,1,False,,,,,,,,,,,,,,,,,,,,,
3546.928318833001,rewiring,,,,,,,,,,,,,,,,,,,,,,,,,,,,,,,,,,,,,,,,,,,,,,,,,,,,,,,,,,,,,,,,,,30,,,,,,,left,post_unswap,111.73571637499845,20,2470,False,False,False,1,2,lookahead_total,8,False,1,123,"(13107712, 13107712, 1681, 1681, 1763, 20584, 2549)",101.57558462501038,10.160095083003398,"[{'seed': 123, 'score': (13107712, 13107712, 1681, 1681, 1763, 20584, 2549), 'num_layers': 2549, 'total_swaps': 20584, 'max_layer_swaps': 21, 'swap_only_layers': 1763, 'work_layers': 786, 'unitary_layers': 786, 'first_work_layer': 6, 'leading_no_work_layers': 6, 'lookahead_layers_scored': 8, 'lookahead_final_elems': 13107712, 'lookahead_final_max_bond': 1681, 'lookahead_peak_elems': 13107712, 'lookahead_peak_max_bond': 1681, 'lookahead_peak_bond_l2': 4715336}, {'seed': 1132, 'score': (16808000, 16808000, 1677, 1677, 1633, 20220, 2427), 'num_layers': 2427, 'total_swaps': 20220, 'max_layer_swaps': 24, 'swap_only_layers': 1633, 'work_layers': 794, 'unitary_layers': 794, 'first_work_layer': 6, 'leading_no_work_layers': 6, 'lookahead_layers_scored': 8, 'lookahead_final_elems': 16808000, 'lookahead_final_max_bond': 1677, 'lookahead_peak_elems': 16808000, 'lookahead_peak_max_bond': 1677, 'lookahead_peak_bond_l2': 6022868}]",111.73570804100018,128.5293043749989
3563.7200816250115,rewiring,,,,,,,,,,,,,,,,,,,,,,,,,,,,,,,,,,,,,,,,,,,,,,,,,,,,,,,,,,,,,,,,,,30,,,,,,,right,post_unswap,16.791382875002455,20,2125,False,False,False,1,2,lookahead_total,8,False,1,123,"(1040324, 1040324, 208, 223, 1469, 18529, 2225)",8.651973957981681,8.139365791983437,"[{'seed': 123, 'score': (1040324, 1040324, 208, 223, 1469, 18529, 2225), 'num_layers': 2225, 'total_swaps': 18529, 'max_layer_swaps': 23, 'swap_only_layers': 1469, 'work_layers': 756, 'unitary_layers': 756, 'first_work_layer': 3, 'leading_no_work_layers': 3, 'lookahead_layers_scored': 8, 'lookahead_final_elems': 1040324, 'lookahead_final_max_bond': 208, 'lookahead_peak_elems': 1040324, 'lookahead_peak_max_bond': 223, 'lookahead_peak_bond_l2': 300896}, {'seed': 1132, 'score': (2445024, 2445024, 506, 509, 1429, 17695, 2211), 'num_layers': 2211, 'total_swaps': 17695, 'max_layer_swaps': 21, 'swap_only_layers': 1429, 'work_layers': 782, 'unitary_layers': 782, 'first_work_layer': 3, 'leading_no_work_layers': 3, 'lookahead_layers_scored': 8, 'lookahead_final_elems': 2445024, 'lookahead_final_max_bond': 506, 'lookahead_peak_elems': 2445024, 'lookahead_peak_max_bond': 509, 'lookahead_peak_bond_l2': 796858}]",16.7913682909857,128.5293043749989
3563.7970759580203,cycle_progress,,,,,,33,25,58,,,,,,,,,,,,,,,,,,,4096,0.002,,118368,1,,,,,,,,,,62,4,119820,2444,390,98,,,,,,,,,,,,,,,,,,,,30,,58,1984,1926,1,False,,,,,,,,,,,,,,,,,,,,,128.5293043749989
3564.0662228750007,absorbing,L,1,0,2549,2225,33,25,58,19,0,0,0.08558395798900165,0.09900325001217425,0.1845872080011759,0.1905217919847928,119820,154104,62,112,False,False,False,False,119820,62,False,4096,0.002,,119820,0,total_elems,119820,154104,1,1,,,,0.0,62,4,119820,2444,390,98,,,,,,,,,,,,,,,,,,,,,,,,,,,,,,,,,,,,,,,,,,,,,,,
3564.316632000002,absorbing,R,1,1,2549,2225,33,25,58,13,0,0,0.15539141700719483,0.09005429199896753,0.24544570900616236,0.24698633400839753,246188,154104,219,112,False,False,False,False,154104,112,False,4096,0.002,,119820,0,total_elems,246188,154104,1,1,,,,0.0,112,4,154104,2772,390,98,,,,,,,,,,,,,,,,,,,,,,,,,,,,,,,,,,,,,,,,,,,,,,,
3564.6453734580136,absorbing,L,2,1,2549,2225,33,25,58,20,0,0,0.1621317089884542,0.16187137499218807,0.32400308398064226,0.32528095800080337,276232,293872,219,223,False,False,False,False,276232,219,False,4096,0.002,,119820,0,total_elems,276232,293872,1,1,,,,0.0,219,4,276232,3434,390,98,,,,,,,,,,,,,,,,,,,,,,,,,,,,,,,,,,,,,,,,,,,,,,,
3565.04512533301,absorbing,L,3,1,2549,2225,33,25,58,19,0,0,0.16982962499605492,0.2249254159978591,0.394755040993914,0.39636233300552703,337512,413872,218,223,False,False,False,False,337512,218,False,4096,0.002,,119820,0,total_elems,337512,413872,1,1,,,,0.0,218,4,337512,3896,390,98,,,,,,,,,,,,,,,,,,,,,,,,,,,,,,,,,,,,,,,,,,,,,,,
3565.625773208012,absorbing,R,3,2,2549,2225,33,25,58,12,0,0,0.33617395799956284,0.2396841250010766,0.5758580830006395,0.5772182500222698,607868,453552,225,222,False,False,False,False,453552,222,False,4096,0.002,,119820,0,total_elems,607868,453552,1,1,,,,0.0,222,4,453552,4396,390,98,,,,,,,,,,,,,,,,,,,,,,,,,,,,,,,,,,,,,,,,,,,,,,,
3566.371945791994,absorbing,R,3,3,2549,2225,33,25,58,14,0,0,0.3819901250244584,0.35912908299360424,0.7411192080180626,0.7425417919876054,706248,651832,223,216,False,False,False,False,651832,216,False,4096,0.002,,119820,0,total_elems,706248,651832,1,1,,,,0.0,216,4,651832,5080,390,98,,,,,,,,,,,,,,,,,,,,,,,,,,,,,,,,,,,,,,,,,,,,,,,
3567.451709042012,absorbing,L,4,3,2549,2225,33,25,58,20,0,0,0.4859222079976462,0.5886457079905085,1.0745679159881547,1.0760135420132428,924176,990312,223,216,False,False,False,False,924176,223,False,4096,0.002,,119820,0,total_elems,924176,990312,1,1,,,,0.0,223,4,924176,6266,390,98,,,,,,,,,,,,,,,,,,,,,,,,,,,,,,,,,,,,,,,,,,,,,,,
3588.112478666997,unswapping,,,,,,,,,,,,,,,,,,,,,,,,,,,,,,,,,,,,,,,,,236,4,1103096,6722,390,98,0,both,0,49,49,9,9,,,,,0,,,,,,,,,,,,,,,,,,,,,,,,,,,,,,,,,,,
3596.4735179580166,unswapping,,,,,,,,,,,,,,,,,,,,,,,,,,,,,,,,,,,,,,,,,207,4,609876,5314,390,98,0,both,1,48,48,15,24,,,,,0,,,,,,,,,,,,,,,,,,,,,,,,,,,,,,,,,,,
3598.7046230419946,unswapping,,,,,,,,,,,,,,,,,,,,,,,,,,,,,,,,,,,,,,,,,204,4,422792,4372,390,98,0,left,0,49,49,25,49,,,,,50,,,,,,,,,,,,,,,,,,,,,,,,,,,,,,,,,,,
3600.033522792015,unswapping,,,,,,,,,,,,,,,,,,,,,,,,,,,,,,,,,,,,,,,,,200,4,352144,3806,390,98,0,left,1,48,48,18,67,,,,,86,,,,,,,,,,,,,,,,,,,,,,,,,,,,,,,,,,,
3601.1050936669926,unswapping,,,,,,,,,,,,,,,,,,,,,,,,,,,,,,,,,,,,,,,,,100,4,257024,3426,390,98,0,right,0,49,49,8,75,,,,,94,,,,,,,,,,,,,,,,,,,,,,,,,,,,,,,,,,,
3601.767485499993,unswapping,,,,,,,,,,,,,,,,,,,,,,,,,,,,,,,,,,,,,,,,,100,4,200600,3144,390,98,0,right,1,48,48,5,80,,,,,104,,,,,,,,,,,,,,,,,,,,,,,,,,,,,,,,,,,
3602.868957208004,unswapping,,,,,,,,,,,,,,,,,,,,,,,,,,,,,,,,,,,,,,,,,100,4,154396,2842,390,98,1,both,0,49,49,11,11,,,,,120,,,,,,,,,,,,,,,,,,,,,,,,,,,,,,,,,,,
3603.622984375019,unswapping,,,,,,,,,,,,,,,,,,,,,,,,,,,,,,,,,,,,,,,,,100,4,150016,2748,390,98,1,both,1,48,48,8,19,,,,,142,,,,,,,,,,,,,,,,,,,,,,,,,,,,,,,,,,,
3603.9945874169935,unswapping,,,,,,,,,,,,,,,,,,,,,,,,,,,,,,,,,,,,,,,,,100,4,149172,2704,390,98,1,left,0,49,49,6,25,,,,,154,,,,,,,,,,,,,,,,,,,,,,,,,,,,,,,,,,,
3604.3578656669997,unswapping,,,,,,,,,,,,,,,,,,,,,,,,,,,,,,,,,,,,,,,,,99,4,133720,2574,390,98,1,left,1,48,48,5,30,,,,,162,,,,,,,,,,,,,,,,,,,,,,,,,,,,,,,,,,,
3604.6503677080036,unswapping,,,,,,,,,,,,,,,,,,,,,,,,,,,,,,,,,,,,,,,,,99,4,133672,2570,390,98,1,right,0,49,49,1,31,,,,,162,,,,,,,,,,,,,,,,,,,,,,,,,,,,,,,,,,,
3604.989926792012,unswapping,,,,,,,,,,,,,,,,,,,,,,,,,,,,,,,,,,,,,,,,,99,4,133624,2564,390,98,1,right,1,48,48,1,32,,,,,162,,,,,,,,,,,,,,,,,,,,,,,,,,,,,,,,,,,
3605.692295957997,unswapping,,,,,,,,,,,,,,,,,,,,,,,,,,,,,,,,,,,,,,,,,99,4,130940,2522,390,98,2,both,0,49,49,4,4,,,,,168,,,,,,,,,,,,,,,,,,,,,,,,,,,,,,,,,,,
3606.4367958749935,unswapping,,,,,,,,,,,,,,,,,,,,,,,,,,,,,,,,,,,,,,,,,99,4,123348,2462,390,98,2,both,1,48,48,4,8,,,,,174,,,,,,,,,,,,,,,,,,,,,,,,,,,,,,,,,,,
3606.626192750002,unswapping,,,,,,,,,,,,,,,,,,,,,,,,,,,,,,,,,,,,,,,,,99,4,123348,2462,390,98,2,left,0,49,49,0,8,,,,,174,,,,,,,,,,,,,,,,,,,,,,,,,,,,,,,,,,,
3606.9463116670086,unswapping,,,,,,,,,,,,,,,,,,,,,,,,,,,,,,,,,,,,,,,,,99,4,123184,2460,390,98,2,left,1,48,48,1,9,,,,,174,,,,,,,,,,,,,,,,,,,,,,,,,,,,,,,,,,,
3607.125979458011,unswapping,,,,,,,,,,,,,,,,,,,,,,,,,,,,,,,,,,,,,,,,,99,4,123184,2460,390,98,2,right,0,49,49,0,9,,,,,174,,,,,,,,,,,,,,,,,,,,,,,,,,,,,,,,,,,
3607.398793750006,unswapping,,,,,,,,,,,,,,,,,,,,,,,,,,,,,,,,,,,,,,,,,99,4,123184,2460,390,98,2,right,1,48,48,0,9,,,,,174,,,,,,,,,,,,,,,,,,,,,,,,,,,,,,,,,,,
3608.020200708008,unswapping,,,,,,,,,,,,,,,,,,,,,,,,,,,,,,,,,,,,,,,,,99,4,123136,2456,390,98,3,both,0,49,49,1,1,,,,,178,,,,,,,,,,,,,,,,,,,,,,,,,,,,,,,,,,,
3608.7013816249964,unswapping,,,,,,,,,,,,,,,,,,,,,,,,,,,,,,,,,,,,,,,,,99,4,121496,2436,390,98,3,both,1,48,48,1,2,,,,,180,,,,,,,,,,,,,,,,,,,,,,,,,,,,,,,,,,,
3608.883069167001,unswapping,,,,,,,,,,,,,,,,,,,,,,,,,,,,,,,,,,,,,,,,,99,4,121496,2436,390,98,3,left,0,49,49,0,2,,,,,180,,,,,,,,,,,,,,,,,,,,,,,,,,,,,,,,,,,
3609.1918705000135,unswapping,,,,,,,,,,,,,,,,,,,,,,,,,,,,,,,,,,,,,,,,,99,4,121448,2432,390,98,3,left,1,48,48,1,3,,,,,182,,,,,,,,,,,,,,,,,,,,,,,,,,,,,,,,,,,
3609.3649353749934,unswapping,,,,,,,,,,,,,,,,,,,,,,,,,,,,,,,,,,,,,,,,,99,4,121448,2432,390,98,3,right,0,49,49,0,3,,,,,182,,,,,,,,,,,,,,,,,,,,,,,,,,,,,,,,,,,
3609.615731333004,unswapping,,,,,,,,,,,,,,,,,,,,,,,,,,,,,,,,,,,,,,,,,99,4,121448,2432,390,98,3,right,1,48,48,0,3,,,,,182,,,,,,,,,,,,,,,,,,,,,,,,,,,,,,,,,,,
3610.223744167015,unswapping,,,,,,,,,,,,,,,,,,,,,,,,,,,,,,,,,,,,,,,,,99,4,121400,2428,390,98,4,both,0,49,49,1,1,,,,,184,,,,,,,,,,,,,,,,,,,,,,,,,,,,,,,,,,,
3610.782968292013,unswapping,,,,,,,,,,,,,,,,,,,,,,,,,,,,,,,,,,,,,,,,,99,4,121400,2428,390,98,4,both,1,48,48,0,1,,,,,184,,,,,,,,,,,,,,,,,,,,,,,,,,,,,,,,,,,
3610.9644250420097,unswapping,,,,,,,,,,,,,,,,,,,,,,,,,,,,,,,,,,,,,,,,,99,4,121400,2428,390,98,4,left,0,49,49,0,1,,,,,184,,,,,,,,,,,,,,,,,,,,,,,,,,,,,,,,,,,
3611.2099233329936,unswapping,,,,,,,,,,,,,,,,,,,,,,,,,,,,,,,,,,,,,,,,,99,4,121400,2428,390,98,4,left,1,48,48,0,1,,,,,184,,,,,,,,,,,,,,,,,,,,,,,,,,,,,,,,,,,
3611.385390792013,unswapping,,,,,,,,,,,,,,,,,,,,,,,,,,,,,,,,,,,,,,,,,99,4,121400,2428,390,98,4,right,0,49,49,0,1,,,,,184,,,,,,,,,,,,,,,,,,,,,,,,,,,,,,,,,,,
3611.699248167017,unswapping,,,,,,,,,,,,,,,,,,,,,,,,,,,,,,,,,,,,,,,,,99,4,121352,2424,390,98,4,right,1,48,48,1,2,,,,,184,,,,,,,,,,,,,,,,,,,,,,,,,,,,,,,,,,,
3612.151927333005,unswapping,,,,,,,,,,,,,,,,,,,,,,,,,,,,,,,,,,,,,,,,,99,4,121352,2424,390,98,5,both,0,49,49,0,0,,,,,184,,,,,,,,,,,,,,,,,,,,,,,,,,,,,,,,,,,
3612.7166716250067,unswapping,,,,,,,,,,,,,,,,,,,,,,,,,,,,,,,,,,,,,,,,,99,4,121352,2424,390,98,5,both,1,48,48,0,0,,,,,184,,,,,,,,,,,,,,,,,,,,,,,,,,,,,,,,,,,
3612.897633707995,unswapping,,,,,,,,,,,,,,,,,,,,,,,,,,,,,,,,,,,,,,,,,99,4,121352,2424,390,98,5,left,0,49,49,0,0,,,,,184,,,,,,,,,,,,,,,,,,,,,,,,,,,,,,,,,,,
3613.137649832992,unswapping,,,,,,,,,,,,,,,,,,,,,,,,,,,,,,,,,,,,,,,,,99,4,121352,2424,390,98,5,left,1,48,48,0,0,,,,,184,,,,,,,,,,,,,,,,,,,,,,,,,,,,,,,,,,,
3613.3097077500133,unswapping,,,,,,,,,,,,,,,,,,,,,,,,,,,,,,,,,,,,,,,,,99,4,121352,2424,390,98,5,right,0,49,49,0,0,,,,,184,,,,,,,,,,,,,,,,,,,,,,,,,,,,,,,,,,,
3613.561302999995,unswapping,,,,,,,,,,,,,,,,,,,,,,,,,,,,,,,,,,,,,,,,,99,4,121352,2424,390,98,5,right,1,48,48,0,0,,,,,184,,,,,,,,,,,,,,,,,,,,,,,,,,,,,,,,,,,
3613.6410911669955,unswap_cycle_summary,,,,,,33,25,58,,,,,,,,,,,,,,,,,,,4096,0.002,,,,,,,,,,,,,99,4,121352,2424,390,98,,,,,,,,,,,,,,,,,,,,31,44.20246295799734,58,1984,1926,0,False,,,,,,,,,,,,,,,,,,,,,
3647.5001345420023,rewiring,,,,,,,,,,,,,,,,,,,,,,,,,,,,,,,,,,,,,,,,,,,,,,,,,,,,,,,,,,,,,,,,,,31,,,,,,,left,post_unswap,33.85795591698843,20,2547,False,False,False,0,2,lookahead_total,8,False,1,1132,"(2636168, 2636168, 511, 511, 1870, 20402, 2663)",23.313141916994937,10.544766540988348,"[{'seed': 123, 'score': (6404980, 6404980, 765, 767, 1705, 20520, 2505), 'num_layers': 2505, 'total_swaps': 20520, 'max_layer_swaps': 23, 'swap_only_layers': 1705, 'work_layers': 800, 'unitary_layers': 800, 'first_work_layer': 4, 'leading_no_work_layers': 4, 'lookahead_layers_scored': 8, 'lookahead_final_elems': 6404980, 'lookahead_final_max_bond': 765, 'lookahead_peak_elems': 6404980, 'lookahead_peak_max_bond': 767, 'lookahead_peak_bond_l2': 1977487}, {'seed': 1132, 'score': (2636168, 2636168, 511, 511, 1870, 20402, 2663), 'num_layers': 2663, 'total_swaps': 20402, 'max_layer_swaps': 24, 'swap_only_layers': 1870, 'work_layers': 793, 'unitary_layers': 793, 'first_work_layer': 4, 'leading_no_work_layers': 4, 'lookahead_layers_scored': 8, 'lookahead_final_elems': 2636168, 'lookahead_final_max_bond': 511, 'lookahead_peak_elems': 2636168, 'lookahead_peak_max_bond': 511, 'lookahead_peak_bond_l2': 835846}]",33.857931542006554,50.26332408300368
3663.9051190419996,rewiring,,,,,,,,,,,,,,,,,,,,,,,,,,,,,,,,,,,,,,,,,,,,,,,,,,,,,,,,,,,,,,,,,,31,,,,,,,right,post_unswap,16.403656333015533,20,2224,False,False,False,0,2,lookahead_total,8,False,1,123,"(1043248, 1043248, 192, 200, 1563, 18042, 2325)",7.761837166995974,8.641779748984845,"[{'seed': 123, 'score': (1043248, 1043248, 192, 200, 1563, 18042, 2325), 'num_layers': 2325, 'total_swaps': 18042, 'max_layer_swaps': 20, 'swap_only_layers': 1563, 'work_layers': 762, 'unitary_layers': 762, 'first_work_layer': 3, 'leading_no_work_layers': 3, 'lookahead_layers_scored': 8, 'lookahead_final_elems': 1043248, 'lookahead_final_max_bond': 192, 'lookahead_peak_elems': 1043248, 'lookahead_peak_max_bond': 200, 'lookahead_peak_bond_l2': 316464}, {'seed': 1132, 'score': (2229144, 2229144, 380, 384, 1264, 17713, 2018), 'num_layers': 2018, 'total_swaps': 17713, 'max_layer_swaps': 22, 'swap_only_layers': 1264, 'work_layers': 754, 'unitary_layers': 754, 'first_work_layer': 3, 'leading_no_work_layers': 3, 'lookahead_layers_scored': 8, 'lookahead_final_elems': 2229144, 'lookahead_final_max_bond': 380, 'lookahead_peak_elems': 2229144, 'lookahead_peak_max_bond': 384, 'lookahead_peak_bond_l2': 705837}]",16.403645042009884,50.26332408300368
3663.9827866250125,cycle_progress,,,,,,33,25,58,,,,,,,,,,,,,,,,,,,4096,0.002,,119820,0,,,,,,,,,,99,4,121352,2424,390,98,,,,,,,,,,,,,,,,,,,,31,,58,1984,1926,0,False,,,,,,,,,,,,,,,,,,,,,50.26332408300368
3664.2679379580077,absorbing,L,1,0,2663,2325,33,25,58,15,0,0,0.09599245799472556,0.0994101660035085,0.19540262399823405,0.20217416700324975,121352,141444,99,100,False,False,False,False,121352,99,False,4096,0.002,,121352,1,total_elems,121352,141444,1,1,,,,0.0,99,4,121352,2424,390,98,,,,,,,,,,,,,,,,,,,,,,,,,,,,,,,,,,,,,,,,,,,,,,,
3664.514609875012,absorbing,R,1,1,2663,2325,33,25,58,13,0,0,0.1524386660021264,0.08597658298094757,0.23841524898307398,0.23962987499544397,259676,141444,198,100,False,False,False,False,141444,100,False,4096,0.002,,121352,1,total_elems,259676,141444,1,1,,,,0.0,100,4,141444,2708,390,98,,,,,,,,,,,,,,,,,,,,,,,,,,,,,,,,,,,,,,,,,,,,,,,
3664.792876541993,absorbing,R,1,2,2663,2325,33,25,58,16,0,0,0.1596164160000626,0.11387754199677147,0.27349395799683407,0.2747267090016976,277824,207040,198,100,False,False,False,False,207040,100,False,4096,0.002,,121352,1,total_elems,277824,207040,1,1,,,,0.0,100,4,207040,3156,390,98,,,,,,,,,,,,,,,,,,,,,,,,,,,,,,,,,,,,,,,,,,,,,,,
3665.228668166994,absorbing,R,1,3,2663,2325,33,25,58,18,0,0,0.23332008300349116,0.19541929100523703,0.4287393740087282,0.43127279201871715,357112,348064,198,200,False,False,False,False,348064,200,False,4096,0.002,,121352,1,total_elems,357112,348064,1,1,,,,0.0,200,4,348064,3838,390,98,,,,,,,,,,,,,,,,,,,,,,,,,,,,,,,,,,,,,,,,,,,,,,,
3665.9372617079935,absorbing,L,2,3,2663,2325,33,25,58,16,0,0,0.34966704100952484,0.3479782909853384,0.6976453319948632,0.7016949579992797,467120,518732,200,199,False,False,False,False,467120,200,False,4096,0.002,,121352,1,total_elems,467120,518732,1,1,,,,0.0,200,4,467120,4542,390,98,,,,,,,,,,,,,,,,,,,,,,,,,,,,,,,,,,,,,,,,,,,,,,,
3666.808366042009,absorbing,R,2,4,2663,2325,33,26,59,16,1,1,0.4129154580004979,0.4530042079859413,0.8659196659864392,0.8674497079919092,742896,718352,199,199,False,False,False,False,718352,199,False,4096,0.002,,121352,1,total_elems,742896,718352,1,1,,,,0.0,199,4,718352,5168,390,98,,,,,,,,,,,,,,,,,,,,,,,,,,,,,,,,,,,,,,,,,,,,,,,
3669.1871795000043,absorbing,R,2,5,2663,2325,33,27,60,13,1,2,1.637687916023424,0.7298360420099925,2.3675239580334164,2.3719755000201985,1600364,767676,760,192,False,False,True,False,767676,192,False,4096,0.002,,121352,1,total_elems,1600364,767676,1,1,,,,0.0,192,4,767676,5618,390,98,,,,,,,,,,,,,,,,,,,,,,,,,,,,,,,,,,,,,,,,,,,,,,,
3700.549254542013,unswapping,,,,,,,,,,,,,,,,,,,,,,,,,,,,,,,,,,,,,,,,,754,4,1650976,6814,390,98,0,both,0,49,49,6,6,,,,,0,,,,,,,,,,,,,,,,,,,,,,,,,,,,,,,,,,,
3716.7904670420103,unswapping,,,,,,,,,,,,,,,,,,,,,,,,,,,,,,,,,,,,,,,,,192,4,583080,5162,390,98,0,both,1,48,48,8,14,,,,,0,,,,,,,,,,,,,,,,,,,,,,,,,,,,,,,,,,,
3718.357991416997,unswapping,,,,,,,,,,,,,,,,,,,,,,,,,,,,,,,,,,,,,,,,,191,4,427072,4392,390,98,0,left,0,49,49,13,27,,,,,26,,,,,,,,,,,,,,,,,,,,,,,,,,,,,,,,,,,
3720.283559542004,unswapping,,,,,,,,,,,,,,,,,,,,,,,,,,,,,,,,,,,,,,,,,190,4,293244,3754,390,98,0,left,1,48,48,20,47,,,,,66,,,,,,,,,,,,,,,,,,,,,,,,,,,,,,,,,,,
3720.9744696250127,unswapping,,,,,,,,,,,,,,,,,,,,,,,,,,,,,,,,,,,,,,,,,96,4,219028,3274,390,98,0,right,0,49,49,10,57,,,,,86,,,,,,,,,,,,,,,,,,,,,,,,,,,,,,,,,,,
3721.7882035830116,unswapping,,,,,,,,,,,,,,,,,,,,,,,,,,,,,,,,,,,,,,,,,96,4,147912,2908,390,98,0,right,1,48,48,10,67,,,,,106,,,,,,,,,,,,,,,,,,,,,,,,,,,,,,,,,,,
3722.51086858302,unswapping,,,,,,,,,,,,,,,,,,,,,,,,,,,,,,,,,,,,,,,,,96,4,142376,2782,390,98,1,both,0,49,49,9,9,,,,,122,,,,,,,,,,,,,,,,,,,,,,,,,,,,,,,,,,,
3723.602561042004,unswapping,,,,,,,,,,,,,,,,,,,,,,,,,,,,,,,,,,,,,,,,,96,4,139984,2724,390,98,1,both,1,48,48,4,13,,,,,128,,,,,,,,,,,,,,,,,,,,,,,,,,,,,,,,,,,
3723.8979192920087,unswapping,,,,,,,,,,,,,,,,,,,,,,,,,,,,,,,,,,,,,,,,,95,4,111472,2438,390,98,1,left,0,49,49,8,21,,,,,134,,,,,,,,,,,,,,,,,,,,,,,,,,,,,,,,,,,
3724.1836538329953,unswapping,,,,,,,,,,,,,,,,,,,,,,,,,,,,,,,,,,,,,,,,,95,4,111440,2434,390,98,1,left,1,48,48,1,22,,,,,136,,,,,,,,,,,,,,,,,,,,,,,,,,,,,,,,,,,
3724.4094034169975,unswapping,,,,,,,,,,,,,,,,,,,,,,,,,,,,,,,,,,,,,,,,,95,4,110800,2418,390,98,1,right,0,49,49,1,23,,,,,138,,,,,,,,,,,,,,,,,,,,,,,,,,,,,,,,,,,
3724.710813417012,unswapping,,,,,,,,,,,,,,,,,,,,,,,,,,,,,,,,,,,,,,,,,95,4,109648,2394,390,98,1,right,1,48,48,1,24,,,,,140,,,,,,,,,,,,,,,,,,,,,,,,,,,,,,,,,,,
3725.303371624992,unswapping,,,,,,,,,,,,,,,,,,,,,,,,,,,,,,,,,,,,,,,,,95,4,108308,2368,390,98,2,both,0,49,49,4,4,,,,,144,,,,,,,,,,,,,,,,,,,,,,,,,,,,,,,,,,,
3725.936266167002,unswapping,,,,,,,,,,,,,,,,,,,,,,,,,,,,,,,,,,,,,,,,,95,4,105836,2320,390,98,2,both,1,48,48,5,9,,,,,152,,,,,,,,,,,,,,,,,,,,,,,,,,,,,,,,,,,
3726.10055225002,unswapping,,,,,,,,,,,,,,,,,,,,,,,,,,,,,,,,,,,,,,,,,95,4,105836,2320,390,98,2,left,0,49,49,0,9,,,,,152,,,,,,,,,,,,,,,,,,,,,,,,,,,,,,,,,,,
3726.377146750019,unswapping,,,,,,,,,,,,,,,,,,,,,,,,,,,,,,,,,,,,,,,,,95,4,105756,2316,390,98,2,left,1,48,48,1,10,,,,,152,,,,,,,,,,,,,,,,,,,,,,,,,,,,,,,,,,,
3726.606387208012,unswapping,,,,,,,,,,,,,,,,,,,,,,,,,,,,,,,,,,,,,,,,,95,4,104972,2288,390,98,2,right,0,49,49,2,12,,,,,152,,,,,,,,,,,,,,,,,,,,,,,,,,,,,,,,,,,
3726.8321200000064,unswapping,,,,,,,,,,,,,,,,,,,,,,,,,,,,,,,,,,,,,,,,,95,4,104972,2288,390,98,2,right,1,48,48,0,12,,,,,152,,,,,,,,,,,,,,,,,,,,,,,,,,,,,,,,,,,
3727.4129516250105,unswapping,,,,,,,,,,,,,,,,,,,,,,,,,,,,,,,,,,,,,,,,,95,4,102144,2238,390,98,3,both,0,49,49,5,5,,,,,160,,,,,,,,,,,,,,,,,,,,,,,,,,,,,,,,,,,
3727.9852798329957,unswapping,,,,,,,,,,,,,,,,,,,,,,,,,,,,,,,,,,,,,,,,,95,4,101704,2228,390,98,3,both,1,48,48,1,6,,,,,162,,,,,,,,,,,,,,,,,,,,,,,,,,,,,,,,,,,
3728.1474162499944,unswapping,,,,,,,,,,,,,,,,,,,,,,,,,,,,,,,,,,,,,,,,,95,4,101704,2228,390,98,3,left,0,49,49,0,6,,,,,162,,,,,,,,,,,,,,,,,,,,,,,,,,,,,,,,,,,
3728.351776458003,unswapping,,,,,,,,,,,,,,,,,,,,,,,,,,,,,,,,,,,,,,,,,95,4,101704,2228,390,98,3,left,1,48,48,0,6,,,,,162,,,,,,,,,,,,,,,,,,,,,,,,,,,,,,,,,,,
3728.5096003329963,unswapping,,,,,,,,,,,,,,,,,,,,,,,,,,,,,,,,,,,,,,,,,95,4,101704,2228,390,98,3,right,0,49,49,0,6,,,,,162,,,,,,,,,,,,,,,,,,,,,,,,,,,,,,,,,,,
3728.7202730830177,unswapping,,,,,,,,,,,,,,,,,,,,,,,,,,,,,,,,,,,,,,,,,95,4,101704,2228,390,98,3,right,1,48,48,0,6,,,,,162,,,,,,,,,,,,,,,,,,,,,,,,,,,,,,,,,,,
3729.2912185830064,unswapping,,,,,,,,,,,,,,,,,,,,,,,,,,,,,,,,,,,,,,,,,95,4,101616,2226,390,98,4,both,0,49,49,1,1,,,,,162,,,,,,,,,,,,,,,,,,,,,,,,,,,,,,,,,,,
3729.7494267919974,unswapping,,,,,,,,,,,,,,,,,,,,,,,,,,,,,,,,,,,,,,,,,95,4,101616,2226,390,98,4,both,1,48,48,0,1,,,,,162,,,,,,,,,,,,,,,,,,,,,,,,,,,,,,,,,,,
3729.9126946670003,unswapping,,,,,,,,,,,,,,,,,,,,,,,,,,,,,,,,,,,,,,,,,95,4,101616,2226,390,98,4,left,0,49,49,0,1,,,,,162,,,,,,,,,,,,,,,,,,,,,,,,,,,,,,,,,,,
3730.1256995830045,unswapping,,,,,,,,,,,,,,,,,,,,,,,,,,,,,,,,,,,,,,,,,95,4,101616,2226,390,98,4,left,1,48,48,0,1,,,,,162,,,,,,,,,,,,,,,,,,,,,,,,,,,,,,,,,,,
3730.2801302080043,unswapping,,,,,,,,,,,,,,,,,,,,,,,,,,,,,,,,,,,,,,,,,95,4,101616,2226,390,98,4,right,0,49,49,0,1,,,,,162,,,,,,,,,,,,,,,,,,,,,,,,,,,,,,,,,,,
3730.501283666992,unswapping,,,,,,,,,,,,,,,,,,,,,,,,,,,,,,,,,,,,,,,,,95,4,101616,2226,390,98,4,right,1,48,48,0,1,,,,,162,,,,,,,,,,,,,,,,,,,,,,,,,,,,,,,,,,,
3731.064199457993,unswapping,,,,,,,,,,,,,,,,,,,,,,,,,,,,,,,,,,,,,,,,,95,4,101616,2226,390,98,5,both,0,49,49,1,1,,,,,162,,,,,,,,,,,,,,,,,,,,,,,,,,,,,,,,,,,
3731.5292826670047,unswapping,,,,,,,,,,,,,,,,,,,,,,,,,,,,,,,,,,,,,,,,,95,4,101616,2226,390,98,5,both,1,48,48,0,1,,,,,162,,,,,,,,,,,,,,,,,,,,,,,,,,,,,,,,,,,
3731.698899458017,unswapping,,,,,,,,,,,,,,,,,,,,,,,,,,,,,,,,,,,,,,,,,95,4,101616,2226,390,98,5,left,0,49,49,0,1,,,,,162,,,,,,,,,,,,,,,,,,,,,,,,,,,,,,,,,,,
3731.91696058301,unswapping,,,,,,,,,,,,,,,,,,,,,,,,,,,,,,,,,,,,,,,,,95,4,101616,2226,390,98,5,left,1,48,48,0,1,,,,,162,,,,,,,,,,,,,,,,,,,,,,,,,,,,,,,,,,,
3732.0794573750172,unswapping,,,,,,,,,,,,,,,,,,,,,,,,,,,,,,,,,,,,,,,,,95,4,101616,2226,390,98,5,right,0,49,49,0,1,,,,,162,,,,,,,,,,,,,,,,,,,,,,,,,,,,,,,,,,,
3732.301869499992,unswapping,,,,,,,,,,,,,,,,,,,,,,,,,,,,,,,,,,,,,,,,,95,4,101616,2226,390,98,5,right,1,48,48,0,1,,,,,162,,,,,,,,,,,,,,,,,,,,,,,,,,,,,,,,,,,
3732.3875971670204,unswap_cycle_summary,,,,,,33,27,60,,,,,,,,,,,,,,,,,,,4096,0.002,,,,,,,,,,,,,95,4,101616,2226,390,98,,,,,,,,,,,,,,,,,,,,32,60.92520624998724,60,1984,1924,2,False,,,,,,,,,,,,,,,,,,,,,
3771.2056683330156,rewiring,,,,,,,,,,,,,,,,,,,,,,,,,,,,,,,,,,,,,,,,,,,,,,,,,,,,,,,,,,,,,,,,,,32,,,,,,,left,post_unswap,38.81583012500778,20,2663,False,False,False,2,2,lookahead_total,8,False,1,1132,"(6851460, 6851460, 716, 723, 1711, 20570, 2482)",29.43482504200074,9.380931500985753,"[{'seed': 123, 'score': (6859256, 6859256, 716, 723, 1688, 20164, 2475), 'num_layers': 2475, 'total_swaps': 20164, 'max_layer_swaps': 22, 'swap_only_layers': 1688, 'work_layers': 787, 'unitary_layers': 787, 'first_work_layer': 4, 'leading_no_work_layers': 4, 'lookahead_layers_scored': 8, 'lookahead_final_elems': 6859256, 'lookahead_final_max_bond': 716, 'lookahead_peak_elems': 6859256, 'lookahead_peak_max_bond': 723, 'lookahead_peak_bond_l2': 2367790}, {'seed': 1132, 'score': (6851460, 6851460, 716, 723, 1711, 20570, 2482), 'num_layers': 2482, 'total_swaps': 20570, 'max_layer_swaps': 23, 'swap_only_layers': 1711, 'work_layers': 771, 'unitary_layers': 771, 'first_work_layer': 5, 'leading_no_work_layers': 5, 'lookahead_layers_scored': 8, 'lookahead_final_elems': 6851460, 'lookahead_final_max_bond': 716, 'lookahead_peak_elems': 6851460, 'lookahead_peak_max_bond': 723, 'lookahead_peak_bond_l2': 2405634}]",38.815794833004475,56.21821691602236
3788.6065922080015,rewiring,,,,,,,,,,,,,,,,,,,,,,,,,,,,,,,,,,,,,,,,,,,,,,,,,,,,,,,,,,,,,,,,,,32,,,,,,,right,post_unswap,17.400627208000515,20,2322,False,False,False,2,2,lookahead_total,8,False,1,1132,"(2275948, 2275948, 701, 701, 1502, 18094, 2279)",8.734444959001848,8.66612812501262,"[{'seed': 123, 'score': (2311576, 2311576, 703, 703, 1329, 17791, 2083), 'num_layers': 2083, 'total_swaps': 17791, 'max_layer_swaps': 23, 'swap_only_layers': 1329, 'work_layers': 754, 'unitary_layers': 754, 'first_work_layer': 4, 'leading_no_work_layers': 4, 'lookahead_layers_scored': 8, 'lookahead_final_elems': 2311576, 'lookahead_final_max_bond': 703, 'lookahead_peak_elems': 2311576, 'lookahead_peak_max_bond': 703, 'lookahead_peak_bond_l2': 837492}, {'seed': 1132, 'score': (2275948, 2275948, 701, 701, 1502, 18094, 2279), 'num_layers': 2279, 'total_swaps': 18094, 'max_layer_swaps': 24, 'swap_only_layers': 1502, 'work_layers': 777, 'unitary_layers': 777, 'first_work_layer': 4, 'leading_no_work_layers': 4, 'lookahead_layers_scored': 8, 'lookahead_final_elems': 2275948, 'lookahead_final_max_bond': 701, 'lookahead_peak_elems': 2275948, 'lookahead_peak_max_bond': 701, 'lookahead_peak_bond_l2': 825864}]",17.400604499998735,56.21821691602236
3788.6877960420097,cycle_progress,,,,,,33,27,60,,,,,,,,,,,,,,,,,,,4096,0.002,,121352,1,,,,,,,,,,95,4,101616,2226,390,98,,,,,,,,,,,,,,,,,,,,32,,60,1984,1924,2,False,,,,,,,,,,,,,,,,,,,,,56.21821691602236
3788.9300066250144,absorbing,L,1,0,2482,2279,33,27,60,18,0,0,0.07641379101551138,0.07548220900935121,0.1518960000248626,0.1621865839988459,101616,108700,95,95,False,False,False,False,101616,95,False,4096,0.002,,101616,0,total_elems,101616,108700,1,1,,,,0.0,95,4,101616,2226,390,98,,,,,,,,,,,,,,,,,,,,,,,,,,,,,,,,,,,,,,,,,,,,,,,
3789.1035438750114,absorbing,R,1,1,2482,2279,33,27,60,11,0,0,0.0886557920021005,0.08001295899157412,0.16866875099367462,0.17014475000905804,127480,108700,96,95,False,False,False,False,108700,95,False,4096,0.002,,101616,0,total_elems,127480,108700,1,1,,,,0.0,95,4,108700,2454,390,98,,,,,,,,,,,,,,,,,,,,,,,,,,,,,,,,,,,,,,,,,,,,,,,
3789.27647791701,absorbing,R,1,2,2482,2279,33,27,60,13,0,0,0.08972983300918713,0.07774904099642299,0.16747887400561012,0.16896675000316463,134044,126924,95,95,False,False,False,False,126924,95,False,4096,0.002,,101616,0,total_elems,134044,126924,1,1,,,,0.0,95,4,126924,2720,390,98,,,,,,,,,,,,,,,,,,,,,,,,,,,,,,,,,,,,,,,,,,,,,,,
3789.485783083015,absorbing,L,2,2,2482,2279,33,27,60,19,0,0,0.10269175001303665,0.10187150002457201,0.20456325003760867,0.2059275420033373,149844,185136,95,99,False,False,False,False,149844,95,False,4096,0.002,,101616,0,total_elems,149844,185136,1,1,,,,0.0,95,4,149844,3004,390,98,,,,,,,,,,,,,,,,,,,,,,,,,,,,,,,,,,,,,,,,,,,,,,,
3789.746867208014,absorbing,L,3,2,2482,2279,33,27,60,20,0,0,0.1365266659995541,0.11946854199049994,0.25599520799005404,0.2574036250007339,213904,223576,95,99,False,False,False,False,213904,95,False,4096,0.002,,101616,0,total_elems,213904,223576,1,1,,,,0.0,95,4,213904,3494,390,98,,,,,,,,,,,,,,,,,,,,,,,,,,,,,,,,,,,,,,,,,,,,,,,
3790.1303056250035,absorbing,R,3,3,2482,2279,33,27,60,15,0,0,0.23406291601713747,0.14410295800189488,0.37816587401903234,0.37967216700781137,424668,290512,184,96,False,False,False,False,290512,96,False,4096,0.002,,101616,0,total_elems,424668,290512,1,1,,,,0.0,96,4,290512,3952,390,98,,,,,,,,,,,,,,,,,,,,,,,,,,,,,,,,,,,,,,,,,,,,,,,
3790.6707713330106,absorbing,R,3,4,2482,2279,33,27,60,11,0,0,0.24580483400495723,0.2897965839947574,0.5356014179997146,0.5370272499858402,509376,402608,184,184,False,False,False,False,402608,184,False,4096,0.002,,101616,0,total_elems,509376,402608,1,1,,,,0.0,184,4,402608,4430,390,98,,,,,,,,,,,,,,,,,,,,,,,,,,,,,,,,,,,,,,,,,,,,,,,
3791.3700096250104,absorbing,R,3,5,2482,2279,33,28,61,10,1,1,0.2927123749977909,0.4010884999879636,0.6938008749857545,0.6953742500045337,622752,548544,184,184,False,False,False,False,548544,184,False,4096,0.002,,101616,0,total_elems,622752,548544,1,1,,,,0.0,184,4,548544,5046,390,98,,,,,,,,,,,,,,,,,,,,,,,,,,,,,,,,,,,,,,,,,,,,,,,
3792.1756694579963,absorbing,R,3,6,2482,2279,33,29,62,10,1,2,0.40950045801582746,0.39043320799828507,0.7999336660141125,0.8015938750177156,811792,719544,184,184,False,False,False,False,719544,184,False,4096,0.002,,101616,0,total_elems,811792,719544,1,1,,,,0.0,184,4,719544,5656,390,98,,,,,,,,,,,,,,,,,,,,,,,,,,,,,,,,,,,,,,,,,,,,,,,
3793.480076833017,absorbing,L,4,6,2482,2279,33,29,62,20,0,2,0.49862783300341107,0.798936125007458,1.297563958010869,1.3007739169988781,960536,1249700,183,360,False,False,False,True,960536,183,False,4096,0.002,,101616,0,total_elems,960536,1249700,1,1,,,,0.0,183,4,960536,6564,390,98,,,,,,,,,,,,,,,,,,,,,,,,,,,,,,,,,,,,,,,,,,,,,,,
3824.7105045420176,unswapping,,,,,,,,,,,,,,,,,,,,,,,,,,,,,,,,,,,,,,,,,697,4,1716772,7880,390,98,0,both,0,49,49,9,9,,,,,0,,,,,,,,,,,,,,,,,,,,,,,,,,,,,,,,,,,
3838.0506444170023,unswapping,,,,,,,,,,,,,,,,,,,,,,,,,,,,,,,,,,,,,,,,,176,4,665112,5766,390,98,0,both,1,48,48,16,25,,,,,0,,,,,,,,,,,,,,,,,,,,,,,,,,,,,,,,,,,
3839.9428757920105,unswapping,,,,,,,,,,,,,,,,,,,,,,,,,,,,,,,,,,,,,,,,,176,4,425360,4656,390,98,0,left,0,49,49,15,40,,,,,30,,,,,,,,,,,,,,,,,,,,,,,,,,,,,,,,,,,
3841.068688875006,unswapping,,,,,,,,,,,,,,,,,,,,,,,,,,,,,,,,,,,,,,,,,176,4,273696,3916,390,98,0,left,1,48,48,18,58,,,,,66,,,,,,,,,,,,,,,,,,,,,,,,,,,,,,,,,,,
3841.695099042001,unswapping,,,,,,,,,,,,,,,,,,,,,,,,,,,,,,,,,,,,,,,,,88,4,206176,3412,390,98,0,right,0,49,49,12,70,,,,,86,,,,,,,,,,,,,,,,,,,,,,,,,,,,,,,,,,,
3842.229119249998,unswapping,,,,,,,,,,,,,,,,,,,,,,,,,,,,,,,,,,,,,,,,,88,4,170208,3136,390,98,0,right,1,48,48,8,78,,,,,102,,,,,,,,,,,,,,,,,,,,,,,,,,,,,,,,,,,
3842.9523412499984,unswapping,,,,,,,,,,,,,,,,,,,,,,,,,,,,,,,,,,,,,,,,,88,4,165032,2998,390,98,1,both,0,49,49,10,10,,,,,118,,,,,,,,,,,,,,,,,,,,,,,,,,,,,,,,,,,
3844.21895900002,unswapping,,,,,,,,,,,,,,,,,,,,,,,,,,,,,,,,,,,,,,,,,88,4,145672,2830,390,98,1,both,1,48,48,8,18,,,,,132,,,,,,,,,,,,,,,,,,,,,,,,,,,,,,,,,,,
3844.541088958009,unswapping,,,,,,,,,,,,,,,,,,,,,,,,,,,,,,,,,,,,,,,,,88,4,108392,2578,390,98,1,left,0,49,49,5,23,,,,,138,,,,,,,,,,,,,,,,,,,,,,,,,,,,,,,,,,,
3844.8250627499947,unswapping,,,,,,,,,,,,,,,,,,,,,,,,,,,,,,,,,,,,,,,,,88,4,100172,2462,390,98,1,left,1,48,48,7,30,,,,,148,,,,,,,,,,,,,,,,,,,,,,,,,,,,,,,,,,,
3845.044056542014,unswapping,,,,,,,,,,,,,,,,,,,,,,,,,,,,,,,,,,,,,,,,,88,4,98004,2382,390,98,1,right,0,49,49,8,38,,,,,156,,,,,,,,,,,,,,,,,,,,,,,,,,,,,,,,,,,
3845.3461114999955,unswapping,,,,,,,,,,,,,,,,,,,,,,,,,,,,,,,,,,,,,,,,,88,4,96844,2344,390,98,1,right,1,48,48,3,41,,,,,160,,,,,,,,,,,,,,,,,,,,,,,,,,,,,,,,,,,
3845.8586130000185,unswapping,,,,,,,,,,,,,,,,,,,,,,,,,,,,,,,,,,,,,,,,,88,4,94044,2252,390,98,2,both,0,49,49,10,10,,,,,168,,,,,,,,,,,,,,,,,,,,,,,,,,,,,,,,,,,
3846.392095916992,unswapping,,,,,,,,,,,,,,,,,,,,,,,,,,,,,,,,,,,,,,,,,88,4,92620,2204,390,98,2,both,1,48,48,4,14,,,,,180,,,,,,,,,,,,,,,,,,,,,,,,,,,,,,,,,,,
3846.58927604201,unswapping,,,,,,,,,,,,,,,,,,,,,,,,,,,,,,,,,,,,,,,,,88,4,92492,2196,390,98,2,left,0,49,49,1,15,,,,,182,,,,,,,,,,,,,,,,,,,,,,,,,,,,,,,,,,,
3846.8423134170007,unswapping,,,,,,,,,,,,,,,,,,,,,,,,,,,,,,,,,,,,,,,,,88,4,92092,2168,390,98,2,left,1,48,48,5,20,,,,,192,,,,,,,,,,,,,,,,,,,,,,,,,,,,,,,,,,,
3846.9727018330013,unswapping,,,,,,,,,,,,,,,,,,,,,,,,,,,,,,,,,,,,,,,,,88,4,92092,2168,390,98,2,right,0,49,49,0,20,,,,,192,,,,,,,,,,,,,,,,,,,,,,,,,,,,,,,,,,,
3847.1546560419956,unswapping,,,,,,,,,,,,,,,,,,,,,,,,,,,,,,,,,,,,,,,,,88,4,92092,2168,390,98,2,right,1,48,48,0,20,,,,,192,,,,,,,,,,,,,,,,,,,,,,,,,,,,,,,,,,,
3847.485328083014,unswapping,,,,,,,,,,,,,,,,,,,,,,,,,,,,,,,,,,,,,,,,,88,4,92092,2168,390,98,3,both,0,49,49,0,0,,,,,192,,,,,,,,,,,,,,,,,,,,,,,,,,,,,,,,,,,
3847.9874098750006,unswapping,,,,,,,,,,,,,,,,,,,,,,,,,,,,,,,,,,,,,,,,,88,4,92080,2166,390,98,3,both,1,48,48,1,1,,,,,192,,,,,,,,,,,,,,,,,,,,,,,,,,,,,,,,,,,
3848.1837728329992,unswapping,,,,,,,,,,,,,,,,,,,,,,,,,,,,,,,,,,,,,,,,,88,4,91920,2158,390,98,3,left,0,49,49,1,2,,,,,194,,,,,,,,,,,,,,,,,,,,,,,,,,,,,,,,,,,
3848.3625610000163,unswapping,,,,,,,,,,,,,,,,,,,,,,,,,,,,,,,,,,,,,,,,,88,4,91920,2158,390,98,3,left,1,48,48,0,2,,,,,194,,,,,,,,,,,,,,,,,,,,,,,,,,,,,,,,,,,
3848.4960373750073,unswapping,,,,,,,,,,,,,,,,,,,,,,,,,,,,,,,,,,,,,,,,,88,4,91920,2158,390,98,3,right,0,49,49,0,2,,,,,194,,,,,,,,,,,,,,,,,,,,,,,,,,,,,,,,,,,
3848.6802443329943,unswapping,,,,,,,,,,,,,,,,,,,,,,,,,,,,,,,,,,,,,,,,,88,4,91920,2158,390,98,3,right,1,48,48,0,2,,,,,194,,,,,,,,,,,,,,,,,,,,,,,,,,,,,,,,,,,
3849.020994791994,unswapping,,,,,,,,,,,,,,,,,,,,,,,,,,,,,,,,,,,,,,,,,88,4,91920,2158,390,98,4,both,0,49,49,0,0,,,,,194,,,,,,,,,,,,,,,,,,,,,,,,,,,,,,,,,,,
3849.421962249995,unswapping,,,,,,,,,,,,,,,,,,,,,,,,,,,,,,,,,,,,,,,,,88,4,91920,2158,390,98,4,both,1,48,48,0,0,,,,,194,,,,,,,,,,,,,,,,,,,,,,,,,,,,,,,,,,,
3849.561753624992,unswapping,,,,,,,,,,,,,,,,,,,,,,,,,,,,,,,,,,,,,,,,,88,4,91920,2158,390,98,4,left,0,49,49,0,0,,,,,194,,,,,,,,,,,,,,,,,,,,,,,,,,,,,,,,,,,
3849.7420721249946,unswapping,,,,,,,,,,,,,,,,,,,,,,,,,,,,,,,,,,,,,,,,,88,4,91920,2158,390,98,4,left,1,48,48,0,0,,,,,194,,,,,,,,,,,,,,,,,,,,,,,,,,,,,,,,,,,
3849.8727459580114,unswapping,,,,,,,,,,,,,,,,,,,,,,,,,,,,,,,,,,,,,,,,,88,4,91920,2158,390,98,4,right,0,49,49,0,0,,,,,194,,,,,,,,,,,,,,,,,,,,,,,,,,,,,,,,,,,
3850.052576292015,unswapping,,,,,,,,,,,,,,,,,,,,,,,,,,,,,,,,,,,,,,,,,88,4,91920,2158,390,98,4,right,1,48,48,0,0,,,,,194,,,,,,,,,,,,,,,,,,,,,,,,,,,,,,,,,,,
3850.1372553750116,unswap_cycle_summary,,,,,,33,29,62,,,,,,,,,,,,,,,,,,,4096,0.002,,,,,,,,,,,,,88,4,91920,2158,390,98,,,,,,,,,,,,,,,,,,,,33,54.05617679201532,62,1984,1922,2,False,,,,,,,,,,,,,,,,,,,,,
3866.6486789580085,rewiring,,,,,,,,,,,,,,,,,,,,,,,,,,,,,,,,,,,,,,,,,,,,,,,,,,,,,,,,,,,,,,,,,,33,,,,,,,left,post_unswap,16.50906016700901,20,2480,False,False,False,2,2,lookahead_total,8,False,1,123,"(1573872, 1573872, 350, 351, 1687, 20452, 2445)",8.251179873972433,8.257841207989259,"[{'seed': 123, 'score': (1573872, 1573872, 350, 351, 1687, 20452, 2445), 'num_layers': 2445, 'total_swaps': 20452, 'max_layer_swaps': 23, 'swap_only_layers': 1687, 'work_layers': 758, 'unitary_layers': 758, 'first_work_layer': 3, 'leading_no_work_layers': 3, 'lookahead_layers_scored': 8, 'lookahead_final_elems': 1573872, 'lookahead_final_max_bond': 350, 'lookahead_peak_elems': 1573872, 'lookahead_peak_max_bond': 351, 'lookahead_peak_bond_l2': 475228}, {'seed': 1132, 'score': (1727408, 1727408, 350, 351, 1628, 20734, 2406), 'num_layers': 2406, 'total_swaps': 20734, 'max_layer_swaps': 24, 'swap_only_layers': 1628, 'work_layers': 778, 'unitary_layers': 778, 'first_work_layer': 3, 'leading_no_work_layers': 3, 'lookahead_layers_scored': 8, 'lookahead_final_elems': 1727408, 'lookahead_final_max_bond': 350, 'lookahead_peak_elems': 1727408, 'lookahead_peak_max_bond': 351, 'lookahead_peak_bond_l2': 517084}]",16.509048957988853,245.73885449999943
4095.8767897080106,rewiring,,,,,,,,,,,,,,,,,,,,,,,,,,,,,,,,,,,,,,,,,,,,,,,,,,,,,,,,,,,,,,,,,,33,,,,,,,right,post_unswap,229.22669804200996,20,2275,False,False,False,2,2,lookahead_total,8,False,1,123,"(13844596, 13844596, 1357, 1405, 1527, 17952, 2303)",220.90368274998036,8.322971167013748,"[{'seed': 123, 'score': (13844596, 13844596, 1357, 1405, 1527, 17952, 2303), 'num_layers': 2303, 'total_swaps': 17952, 'max_layer_swaps': 25, 'swap_only_layers': 1527, 'work_layers': 776, 'unitary_layers': 776, 'first_work_layer': 6, 'leading_no_work_layers': 6, 'lookahead_layers_scored': 8, 'lookahead_final_elems': 13844596, 'lookahead_final_max_bond': 1357, 'lookahead_peak_elems': 13844596, 'lookahead_peak_max_bond': 1405, 'lookahead_peak_bond_l2': 4475749}, {'seed': 1132, 'score': (14547748, 14547748, 1353, 1405, 1421, 17452, 2182), 'num_layers': 2182, 'total_swaps': 17452, 'max_layer_swaps': 23, 'swap_only_layers': 1421, 'work_layers': 761, 'unitary_layers': 761, 'first_work_layer': 6, 'leading_no_work_layers': 6, 'lookahead_layers_scored': 8, 'lookahead_final_elems': 14547748, 'lookahead_final_max_bond': 1353, 'lookahead_peak_elems': 14547748, 'lookahead_peak_max_bond': 1405, 'lookahead_peak_bond_l2': 4834622}]",229.2266884589917,245.73885449999943
4095.959464417014,cycle_progress,,,,,,33,29,62,,,,,,,,,,,,,,,,,,,4096,0.002,,101616,0,,,,,,,,,,88,4,91920,2158,390,98,,,,,,,,,,,,,,,,,,,,33,,62,1984,1922,2,False,,,,,,,,,,,,,,,,,,,,,245.73885449999943
4096.215571708017,absorbing,L,1,0,2445,2303,33,29,62,16,0,0,0.07752129199798219,0.08378712501144037,0.16130841700942256,0.16859254200244322,91920,117168,88,88,False,False,False,False,91920,88,False,4096,0.002,,91920,0,total_elems,91920,117168,1,1,,,,0.0,88,4,91920,2158,390,98,,,,,,,,,,,,,,,,,,,,,,,,,,,,,,,,,,,,,,,,,,,,,,,
4096.39613358301,absorbing,R,1,1,2445,2303,33,29,62,14,0,0,0.09191575000295416,0.08385158400051296,0.1757673340034671,0.17704566702013835,125100,117168,88,88,False,False,False,False,117168,88,False,4096,0.002,,91920,0,total_elems,125100,117168,1,1,,,,0.0,88,4,117168,2514,390,98,,,,,,,,,,,,,,,,,,,,,,,,,,,,,,,,,,,,,,,,,,,,,,,
4096.647660417017,absorbing,L,2,1,2445,2303,33,29,62,13,0,0,0.11609237501397729,0.13067854201653972,0.246770917030517,0.24806754200835712,159976,242496,88,176,False,False,False,False,159976,88,False,4096,0.002,,91920,0,total_elems,159976,242496,1,1,,,,0.0,88,4,159976,2862,390,98,,,,,,,,,,,,,,,,,,,,,,,,,,,,,,,,,,,,,,,,,,,,,,,
4096.934440250014,absorbing,L,3,1,2445,2303,33,29,62,16,0,0,0.11064124997938052,0.17134583299048245,0.28198708296986297,0.283513334026793,204464,263256,112,176,False,False,False,False,204464,112,False,4096,0.002,,91920,0,total_elems,204464,263256,1,1,,,,0.0,112,4,204464,3178,390,98,,,,,,,,,,,,,,,,,,,,,,,,,,,,,,,,,,,,,,,,,,,,,,,
4097.416918792005,absorbing,L,4,1,2445,2303,35,29,64,17,2,2,0.27815675002057105,0.196267083985731,0.47442383400630206,0.47797491698293015,260632,308224,112,176,False,False,False,False,260632,112,False,4096,0.002,,91920,0,total_elems,260632,308224,1,1,,,,0.0,112,4,260632,3560,390,98,,,,,,,,,,,,,,,,,,,,,,,,,,,,,,,,,,,,,,,,,,,,,,,
4098.001259042008,absorbing,R,4,2,2445,2303,35,29,64,16,0,2,0.3690208329935558,0.20700108297751285,0.5760219159710687,0.577652375010075,447472,366536,176,176,False,False,False,False,366536,176,False,4096,0.002,,91920,0,total_elems,447472,366536,1,1,,,,0.0,176,4,366536,4196,390,98,,,,,,,,,,,,,,,,,,,,,,,,,,,,,,,,,,,,,,,,,,,,,,,
4098.965741082997,absorbing,L,5,2,2445,2303,35,29,64,16,0,2,0.39366970799164847,0.5650463750062045,0.9587160829978529,0.9603543330158573,556224,907304,176,352,False,False,False,False,556224,176,False,4096,0.002,,91920,0,total_elems,556224,907304,1,1,,,,0.0,176,4,556224,5040,390,98,,,,,,,,,,,,,,,,,,,,,,,,,,,,,,,,,,,,,,,,,,,,,,,
4107.320055167016,unswapping,,,,,,,,,,,,,,,,,,,,,,,,,,,,,,,,,,,,,,,,,350,4,924440,5806,390,98,0,both,0,49,49,6,6,,,,,0,,,,,,,,,,,,,,,,,,,,,,,,,,,,,,,,,,,
4118.574303458008,unswapping,,,,,,,,,,,,,,,,,,,,,,,,,,,,,,,,,,,,,,,,,350,4,819568,5124,390,98,0,both,1,48,48,12,18,,,,,0,,,,,,,,,,,,,,,,,,,,,,,,,,,,,,,,,,,
4122.616527542006,unswapping,,,,,,,,,,,,,,,,,,,,,,,,,,,,,,,,,,,,,,,,,176,4,404188,4104,390,98,0,left,0,49,49,17,35,,,,,34,,,,,,,,,,,,,,,,,,,,,,,,,,,,,,,,,,,
4124.003467208007,unswapping,,,,,,,,,,,,,,,,,,,,,,,,,,,,,,,,,,,,,,,,,111,4,246952,3326,390,98,0,left,1,48,48,20,55,,,,,74,,,,,,,,,,,,,,,,,,,,,,,,,,,,,,,,,,,
4124.759675875015,unswapping,,,,,,,,,,,,,,,,,,,,,,,,,,,,,,,,,,,,,,,,,110,4,238992,3188,390,98,0,right,0,49,49,8,63,,,,,86,,,,,,,,,,,,,,,,,,,,,,,,,,,,,,,,,,,
4125.585987917002,unswapping,,,,,,,,,,,,,,,,,,,,,,,,,,,,,,,,,,,,,,,,,108,4,214176,3050,390,98,0,right,1,48,48,5,68,,,,,96,,,,,,,,,,,,,,,,,,,,,,,,,,,,,,,,,,,
4126.624962000002,unswapping,,,,,,,,,,,,,,,,,,,,,,,,,,,,,,,,,,,,,,,,,86,4,187768,2868,390,98,1,both,0,49,49,9,9,,,,,108,,,,,,,,,,,,,,,,,,,,,,,,,,,,,,,,,,,
4127.663790167018,unswapping,,,,,,,,,,,,,,,,,,,,,,,,,,,,,,,,,,,,,,,,,86,4,185708,2794,390,98,1,both,1,48,48,8,17,,,,,116,,,,,,,,,,,,,,,,,,,,,,,,,,,,,,,,,,,
4128.134322792001,unswapping,,,,,,,,,,,,,,,,,,,,,,,,,,,,,,,,,,,,,,,,,86,4,180412,2706,390,98,1,left,0,49,49,6,23,,,,,124,,,,,,,,,,,,,,,,,,,,,,,,,,,,,,,,,,,
4128.705102500011,unswapping,,,,,,,,,,,,,,,,,,,,,,,,,,,,,,,,,,,,,,,,,86,4,146644,2554,390,98,1,left,1,48,48,4,27,,,,,130,,,,,,,,,,,,,,,,,,,,,,,,,,,,,,,,,,,
4129.01983241702,unswapping,,,,,,,,,,,,,,,,,,,,,,,,,,,,,,,,,,,,,,,,,86,4,140692,2492,390,98,1,right,0,49,49,4,31,,,,,128,,,,,,,,,,,,,,,,,,,,,,,,,,,,,,,,,,,
4129.326423791994,unswapping,,,,,,,,,,,,,,,,,,,,,,,,,,,,,,,,,,,,,,,,,86,4,140692,2492,390,98,1,right,1,48,48,0,31,,,,,128,,,,,,,,,,,,,,,,,,,,,,,,,,,,,,,,,,,
4129.9413980829995,unswapping,,,,,,,,,,,,,,,,,,,,,,,,,,,,,,,,,,,,,,,,,86,4,140352,2470,390,98,2,both,0,49,49,4,4,,,,,138,,,,,,,,,,,,,,,,,,,,,,,,,,,,,,,,,,,
4130.882376166992,unswapping,,,,,,,,,,,,,,,,,,,,,,,,,,,,,,,,,,,,,,,,,86,4,136980,2412,390,98,2,both,1,48,48,5,9,,,,,146,,,,,,,,,,,,,,,,,,,,,,,,,,,,,,,,,,,
4131.235153375019,unswapping,,,,,,,,,,,,,,,,,,,,,,,,,,,,,,,,,,,,,,,,,86,4,110100,2288,390,98,2,left,0,49,49,3,12,,,,,148,,,,,,,,,,,,,,,,,,,,,,,,,,,,,,,,,,,
4131.570262207999,unswapping,,,,,,,,,,,,,,,,,,,,,,,,,,,,,,,,,,,,,,,,,86,4,95532,2212,390,98,2,left,1,48,48,4,16,,,,,152,,,,,,,,,,,,,,,,,,,,,,,,,,,,,,,,,,,
4131.773235417,unswapping,,,,,,,,,,,,,,,,,,,,,,,,,,,,,,,,,,,,,,,,,86,4,93400,2186,390,98,2,right,0,49,49,1,17,,,,,154,,,,,,,,,,,,,,,,,,,,,,,,,,,,,,,,,,,
4131.966450625012,unswapping,,,,,,,,,,,,,,,,,,,,,,,,,,,,,,,,,,,,,,,,,86,4,93400,2186,390,98,2,right,1,48,48,0,17,,,,,154,,,,,,,,,,,,,,,,,,,,,,,,,,,,,,,,,,,
4132.416797832993,unswapping,,,,,,,,,,,,,,,,,,,,,,,,,,,,,,,,,,,,,,,,,86,4,93208,2178,390,98,3,both,0,49,49,1,1,,,,,158,,,,,,,,,,,,,,,,,,,,,,,,,,,,,,,,,,,
4132.948986250005,unswapping,,,,,,,,,,,,,,,,,,,,,,,,,,,,,,,,,,,,,,,,,86,4,91064,2150,390,98,3,both,1,48,48,2,3,,,,,160,,,,,,,,,,,,,,,,,,,,,,,,,,,,,,,,,,,
4133.1706794580095,unswapping,,,,,,,,,,,,,,,,,,,,,,,,,,,,,,,,,,,,,,,,,54,4,68172,2032,390,98,3,left,0,49,49,1,4,,,,,160,,,,,,,,,,,,,,,,,,,,,,,,,,,,,,,,,,,
4133.280407417013,unswapping,,,,,,,,,,,,,,,,,,,,,,,,,,,,,,,,,,,,,,,,,54,4,68172,2032,390,98,3,left,1,48,48,0,4,,,,,160,,,,,,,,,,,,,,,,,,,,,,,,,,,,,,,,,,,
4133.400318958011,unswapping,,,,,,,,,,,,,,,,,,,,,,,,,,,,,,,,,,,,,,,,,54,4,68172,2032,390,98,3,right,0,49,49,0,4,,,,,160,,,,,,,,,,,,,,,,,,,,,,,,,,,,,,,,,,,
4133.512410875002,unswapping,,,,,,,,,,,,,,,,,,,,,,,,,,,,,,,,,,,,,,,,,54,4,68172,2032,390,98,3,right,1,48,48,0,4,,,,,160,,,,,,,,,,,,,,,,,,,,,,,,,,,,,,,,,,,
4133.815706875001,unswapping,,,,,,,,,,,,,,,,,,,,,,,,,,,,,,,,,,,,,,,,,54,4,68172,2032,390,98,4,both,0,49,49,0,0,,,,,160,,,,,,,,,,,,,,,,,,,,,,,,,,,,,,,,,,,
4134.057227125013,unswapping,,,,,,,,,,,,,,,,,,,,,,,,,,,,,,,,,,,,,,,,,54,4,68172,2032,390,98,4,both,1,48,48,0,0,,,,,160,,,,,,,,,,,,,,,,,,,,,,,,,,,,,,,,,,,
4134.1801385,unswapping,,,,,,,,,,,,,,,,,,,,,,,,,,,,,,,,,,,,,,,,,54,4,68172,2032,390,98,4,left,0,49,49,0,0,,,,,160,,,,,,,,,,,,,,,,,,,,,,,,,,,,,,,,,,,
4134.288666458015,unswapping,,,,,,,,,,,,,,,,,,,,,,,,,,,,,,,,,,,,,,,,,54,4,68172,2032,390,98,4,left,1,48,48,0,0,,,,,160,,,,,,,,,,,,,,,,,,,,,,,,,,,,,,,,,,,
4134.406189917005,unswapping,,,,,,,,,,,,,,,,,,,,,,,,,,,,,,,,,,,,,,,,,54,4,68172,2032,390,98,4,right,0,49,49,0,0,,,,,160,,,,,,,,,,,,,,,,,,,,,,,,,,,,,,,,,,,
4134.520820000005,unswapping,,,,,,,,,,,,,,,,,,,,,,,,,,,,,,,,,,,,,,,,,54,4,68172,2032,390,98,4,right,1,48,48,0,0,,,,,160,,,,,,,,,,,,,,,,,,,,,,,,,,,,,,,,,,,
4134.610945541994,unswap_cycle_summary,,,,,,35,29,64,,,,,,,,,,,,,,,,,,,4096,0.002,,,,,,,,,,,,,54,4,68172,2032,390,98,,,,,,,,,,,,,,,,,,,,34,34.29159524998977,64,1984,1920,2,False,,,,,,,,,,,,,,,,,,,,,
4159.975826667011,rewiring,,,,,,,,,,,,,,,,,,,,,,,,,,,,,,,,,,,,,,,,,,,,,,,,,,,,,,,,,,,,,,,,,,34,,,,,,,left,post_unswap,25.363717958010966,20,2442,False,False,False,2,2,lookahead_total,8,False,1,1132,"(3662896, 3662896, 1022, 1022, 1918, 20615, 2722)",12.974724208994303,12.388924957980635,"[{'seed': 123, 'score': (3771736, 3771736, 1022, 1022, 1843, 20478, 2615), 'num_layers': 2615, 'total_swaps': 20478, 'max_layer_swaps': 21, 'swap_only_layers': 1843, 'work_layers': 772, 'unitary_layers': 772, 'first_work_layer': 6, 'leading_no_work_layers': 6, 'lookahead_layers_scored': 8, 'lookahead_final_elems': 3771736, 'lookahead_final_max_bond': 1022, 'lookahead_peak_elems': 3771736, 'lookahead_peak_max_bond': 1022, 'lookahead_peak_bond_l2': 1646575}, {'seed': 1132, 'score': (3662896, 3662896, 1022, 1022, 1918, 20615, 2722), 'num_layers': 2722, 'total_swaps': 20615, 'max_layer_swaps': 22, 'swap_only_layers': 1918, 'work_layers': 804, 'unitary_layers': 804, 'first_work_layer': 6, 'leading_no_work_layers': 6, 'lookahead_layers_scored': 8, 'lookahead_final_elems': 3662896, 'lookahead_final_max_bond': 1022, 'lookahead_peak_elems': 3662896, 'lookahead_peak_max_bond': 1022, 'lookahead_peak_bond_l2': 1598992}]",25.36368462498649,227.31022608402418
4361.921860875009,rewiring,,,,,,,,,,,,,,,,,,,,,,,,,,,,,,,,,,,,,,,,,,,,,,,,,,,,,,,,,,,,,,,,,,34,,,,,,,right,post_unswap,201.94442174999858,20,2303,False,False,False,2,2,lookahead_total,8,False,1,1132,"(10889440, 10889440, 1293, 1369, 1337, 17907, 2087)",194.53929025001707,7.405044290993828,"[{'seed': 123, 'score': (12289772, 12289772, 1301, 1369, 1479, 18043, 2241), 'num_layers': 2241, 'total_swaps': 18043, 'max_layer_swaps': 22, 'swap_only_layers': 1479, 'work_layers': 762, 'unitary_layers': 762, 'first_work_layer': 7, 'leading_no_work_layers': 7, 'lookahead_layers_scored': 8, 'lookahead_final_elems': 12289772, 'lookahead_final_max_bond': 1301, 'lookahead_peak_elems': 12289772, 'lookahead_peak_max_bond': 1369, 'lookahead_peak_bond_l2': 4074293}, {'seed': 1132, 'score': (10889440, 10889440, 1293, 1369, 1337, 17907, 2087), 'num_layers': 2087, 'total_swaps': 17907, 'max_layer_swaps': 22, 'swap_only_layers': 1337, 'work_layers': 750, 'unitary_layers': 750, 'first_work_layer': 6, 'leading_no_work_layers': 6, 'lookahead_layers_scored': 8, 'lookahead_final_elems': 10889440, 'lookahead_final_max_bond': 1293, 'lookahead_peak_elems': 10889440, 'lookahead_peak_max_bond': 1369, 'lookahead_peak_bond_l2': 3539903}]",201.9443770830112,227.31022608402418
4362.007187750016,cycle_progress,,,,,,35,29,64,,,,,,,,,,,,,,,,,,,4096,0.002,,91920,0,,,,,,,,,,54,4,68172,2032,390,98,,,,,,,,,,,,,,,,,,,,34,,64,1984,1920,2,False,,,,,,,,,,,,,,,,,,,,,227.31022608402418
4362.23786004202,absorbing,L,1,0,2722,2087,35,29,64,18,0,0,0.06554025001241826,0.07594229199457914,0.1414825420069974,0.14812120801070705,68172,100084,54,88,False,False,False,False,68172,54,False,4096,0.002,,68172,0,total_elems,68172,100084,1,1,,,,0.0,54,4,68172,2032,390,98,,,,,,,,,,,,,,,,,,,,,,,,,,,,,,,,,,,,,,,,,,,,,,,
4362.399445082992,absorbing,R,1,1,2722,2087,35,29,64,17,0,0,0.0849410840019118,0.07188016700092703,0.15682125100283884,0.15807316699647345,110544,100084,88,88,False,False,False,False,100084,88,False,4096,0.002,,68172,0,total_elems,110544,100084,1,1,,,,0.0,88,4,100084,2484,390,98,,,,,,,,,,,,,,,,,,,,,,,,,,,,,,,,,,,,,,,,,,,,,,,
4362.6526910419925,absorbing,L,2,1,2722,2087,35,29,64,16,0,0,0.11486087497905828,0.1319995419762563,0.24686041695531458,0.24990370898740366,150172,229552,88,176,False,False,False,False,150172,88,False,4096,0.002,,68172,0,total_elems,150172,229552,1,1,,,,0.0,88,4,150172,2870,390,98,,,,,,,,,,,,,,,,,,,,,,,,,,,,,,,,,,,,,,,,,,,,,,,
4362.980533708003,absorbing,L,3,1,2722,2087,35,29,64,15,0,0,0.10459495798568241,0.21782129199709743,0.32241624998277985,0.32374358401284553,182912,256968,108,176,False,False,False,False,182912,108,False,4096,0.002,,68172,0,total_elems,182912,256968,1,1,,,,0.0,108,4,182912,3212,390,98,,,,,,,,,,,,,,,,,,,,,,,,,,,,,,,,,,,,,,,,,,,,,,,
4363.381269958016,absorbing,R,3,2,2722,2087,35,29,64,17,0,0,0.20783366600517184,0.18637208401924,0.3942057500244118,0.3973959579889197,310424,291388,172,176,False,False,False,False,291388,176,False,4096,0.002,,68172,0,total_elems,310424,291388,1,1,,,,0.0,176,4,291388,3878,390,98,,,,,,,,,,,,,,,,,,,,,,,,,,,,,,,,,,,,,,,,,,,,,,,
4364.152899625013,absorbing,L,4,2,2722,2087,35,29,64,16,0,0,0.24279433299670927,0.5188683750166092,0.7616627080133185,0.7651722080190666,420160,804044,176,351,False,False,False,False,420160,176,False,4096,0.002,,68172,0,total_elems,420160,804044,1,1,,,,0.0,176,4,420160,4512,390,98,,,,,,,,,,,,,,,,,,,,,,,,,,,,,,,,,,,,,,,,,,,,,,,
4365.175972291996,absorbing,L,5,2,2722,2087,35,29,64,18,0,0,0.4406769999768585,0.5718005419766996,1.012477541953558,1.0176710409868974,547592,940368,176,351,False,False,False,False,547592,176,False,4096,0.002,,68172,0,total_elems,547592,940368,1,1,,,,0.0,176,4,547592,5234,390,98,,,,,,,,,,,,,,,,,,,,,,,,,,,,,,,,,,,,,,,,,,,,,,,
4366.328982792009,absorbing,L,6,2,2722,2087,35,29,64,16,0,0,0.511887333006598,0.6359739170002285,1.1478612500068266,1.1496285420143977,896144,1077704,256,351,False,False,False,True,896144,256,False,4096,0.002,,68172,0,total_elems,896144,1077704,1,1,,,,0.0,256,4,896144,6608,390,98,,,,,,,,,,,,,,,,,,,,,,,,,,,,,,,,,,,,,,,,,,,,,,,
4391.524603208003,unswapping,,,,,,,,,,,,,,,,,,,,,,,,,,,,,,,,,,,,,,,,,256,4,1285432,7104,390,98,0,both,0,49,49,14,14,,,,,0,,,,,,,,,,,,,,,,,,,,,,,,,,,,,,,,,,,
4400.2335813750105,unswapping,,,,,,,,,,,,,,,,,,,,,,,,,,,,,,,,,,,,,,,,,256,4,772600,5776,390,98,0,both,1,48,48,13,27,,,,,0,,,,,,,,,,,,,,,,,,,,,,,,,,,,,,,,,,,
4403.239426957996,unswapping,,,,,,,,,,,,,,,,,,,,,,,,,,,,,,,,,,,,,,,,,172,4,382600,4452,390,98,0,left,0,49,49,18,45,,,,,36,,,,,,,,,,,,,,,,,,,,,,,,,,,,,,,,,,,
4404.335494458006,unswapping,,,,,,,,,,,,,,,,,,,,,,,,,,,,,,,,,,,,,,,,,108,4,229984,3568,390,98,0,left,1,48,48,19,64,,,,,74,,,,,,,,,,,,,,,,,,,,,,,,,,,,,,,,,,,
4404.902187542,unswapping,,,,,,,,,,,,,,,,,,,,,,,,,,,,,,,,,,,,,,,,,108,4,196424,3300,390,98,0,right,0,49,49,9,73,,,,,84,,,,,,,,,,,,,,,,,,,,,,,,,,,,,,,,,,,
4405.480741667008,unswapping,,,,,,,,,,,,,,,,,,,,,,,,,,,,,,,,,,,,,,,,,86,4,119912,2864,390,98,0,right,1,48,48,9,82,,,,,96,,,,,,,,,,,,,,,,,,,,,,,,,,,,,,,,,,,
4405.956110041996,unswapping,,,,,,,,,,,,,,,,,,,,,,,,,,,,,,,,,,,,,,,,,56,4,88736,2532,390,98,1,both,0,49,49,9,9,,,,,112,,,,,,,,,,,,,,,,,,,,,,,,,,,,,,,,,,,
4406.388575999998,unswapping,,,,,,,,,,,,,,,,,,,,,,,,,,,,,,,,,,,,,,,,,56,4,87240,2464,390,98,1,both,1,48,48,10,19,,,,,130,,,,,,,,,,,,,,,,,,,,,,,,,,,,,,,,,,,
4406.589571749995,unswapping,,,,,,,,,,,,,,,,,,,,,,,,,,,,,,,,,,,,,,,,,56,4,78284,2322,390,98,1,left,0,49,49,7,26,,,,,140,,,,,,,,,,,,,,,,,,,,,,,,,,,,,,,,,,,
4406.782289958006,unswapping,,,,,,,,,,,,,,,,,,,,,,,,,,,,,,,,,,,,,,,,,56,4,75668,2246,390,98,1,left,1,48,48,6,32,,,,,152,,,,,,,,,,,,,,,,,,,,,,,,,,,,,,,,,,,
4406.950498042017,unswapping,,,,,,,,,,,,,,,,,,,,,,,,,,,,,,,,,,,,,,,,,56,4,75492,2242,390,98,1,right,0,49,49,1,33,,,,,154,,,,,,,,,,,,,,,,,,,,,,,,,,,,,,,,,,,
4407.150349333009,unswapping,,,,,,,,,,,,,,,,,,,,,,,,,,,,,,,,,,,,,,,,,56,4,72260,2202,390,98,1,right,1,48,48,3,36,,,,,154,,,,,,,,,,,,,,,,,,,,,,,,,,,,,,,,,,,
4407.547474708001,unswapping,,,,,,,,,,,,,,,,,,,,,,,,,,,,,,,,,,,,,,,,,56,4,71356,2162,390,98,2,both,0,49,49,7,7,,,,,156,,,,,,,,,,,,,,,,,,,,,,,,,,,,,,,,,,,
4407.924604667001,unswapping,,,,,,,,,,,,,,,,,,,,,,,,,,,,,,,,,,,,,,,,,56,4,70492,2138,390,98,2,both,1,48,48,3,10,,,,,164,,,,,,,,,,,,,,,,,,,,,,,,,,,,,,,,,,,
4408.117953125009,unswapping,,,,,,,,,,,,,,,,,,,,,,,,,,,,,,,,,,,,,,,,,56,4,69756,2112,390,98,2,left,0,49,49,3,13,,,,,170,,,,,,,,,,,,,,,,,,,,,,,,,,,,,,,,,,,
4408.288818083005,unswapping,,,,,,,,,,,,,,,,,,,,,,,,,,,,,,,,,,,,,,,,,56,4,69052,2084,390,98,2,left,1,48,48,2,15,,,,,174,,,,,,,,,,,,,,,,,,,,,,,,,,,,,,,,,,,
4408.446333625005,unswapping,,,,,,,,,,,,,,,,,,,,,,,,,,,,,,,,,,,,,,,,,56,4,67004,2052,390,98,2,right,0,49,49,1,16,,,,,174,,,,,,,,,,,,,,,,,,,,,,,,,,,,,,,,,,,
4408.617884333013,unswapping,,,,,,,,,,,,,,,,,,,,,,,,,,,,,,,,,,,,,,,,,56,4,66236,2036,390,98,2,right,1,48,48,1,17,,,,,176,,,,,,,,,,,,,,,,,,,,,,,,,,,,,,,,,,,
4408.988175792008,unswapping,,,,,,,,,,,,,,,,,,,,,,,,,,,,,,,,,,,,,,,,,56,4,65228,2006,390,98,3,both,0,49,49,3,3,,,,,188,,,,,,,,,,,,,,,,,,,,,,,,,,,,,,,,,,,
4409.324148957996,unswapping,,,,,,,,,,,,,,,,,,,,,,,,,,,,,,,,,,,,,,,,,56,4,65216,2004,390,98,3,both,1,48,48,1,4,,,,,188,,,,,,,,,,,,,,,,,,,,,,,,,,,,,,,,,,,
4409.432021749992,unswapping,,,,,,,,,,,,,,,,,,,,,,,,,,,,,,,,,,,,,,,,,56,4,65216,2004,390,98,3,left,0,49,49,0,4,,,,,188,,,,,,,,,,,,,,,,,,,,,,,,,,,,,,,,,,,
4409.607513291994,unswapping,,,,,,,,,,,,,,,,,,,,,,,,,,,,,,,,,,,,,,,,,56,4,64256,1980,390,98,3,left,1,48,48,2,6,,,,,192,,,,,,,,,,,,,,,,,,,,,,,,,,,,,,,,,,,
4409.755557541997,unswapping,,,,,,,,,,,,,,,,,,,,,,,,,,,,,,,,,,,,,,,,,56,4,63488,1964,390,98,3,right,0,49,49,1,7,,,,,194,,,,,,,,,,,,,,,,,,,,,,,,,,,,,,,,,,,
4409.952500500018,unswapping,,,,,,,,,,,,,,,,,,,,,,,,,,,,,,,,,,,,,,,,,56,4,62720,1948,390,98,3,right,1,48,48,1,8,,,,,196,,,,,,,,,,,,,,,,,,,,,,,,,,,,,,,,,,,
4410.324003000016,unswapping,,,,,,,,,,,,,,,,,,,,,,,,,,,,,,,,,,,,,,,,,56,4,62528,1940,390,98,4,both,0,49,49,1,1,,,,,196,,,,,,,,,,,,,,,,,,,,,,,,,,,,,,,,,,,
4410.5994197080145,unswapping,,,,,,,,,,,,,,,,,,,,,,,,,,,,,,,,,,,,,,,,,56,4,62528,1940,390,98,4,both,1,48,48,0,1,,,,,196,,,,,,,,,,,,,,,,,,,,,,,,,,,,,,,,,,,
4410.706925167004,unswapping,,,,,,,,,,,,,,,,,,,,,,,,,,,,,,,,,,,,,,,,,56,4,62528,1940,390,98,4,left,0,49,49,0,1,,,,,196,,,,,,,,,,,,,,,,,,,,,,,,,,,,,,,,,,,
4410.820377374999,unswapping,,,,,,,,,,,,,,,,,,,,,,,,,,,,,,,,,,,,,,,,,56,4,62528,1940,390,98,4,left,1,48,48,0,1,,,,,196,,,,,,,,,,,,,,,,,,,,,,,,,,,,,,,,,,,
4410.978211792011,unswapping,,,,,,,,,,,,,,,,,,,,,,,,,,,,,,,,,,,,,,,,,56,4,61760,1916,390,98,4,right,0,49,49,1,2,,,,,196,,,,,,,,,,,,,,,,,,,,,,,,,,,,,,,,,,,
4411.093444458005,unswapping,,,,,,,,,,,,,,,,,,,,,,,,,,,,,,,,,,,,,,,,,56,4,61760,1916,390,98,4,right,1,48,48,0,2,,,,,196,,,,,,,,,,,,,,,,,,,,,,,,,,,,,,,,,,,
4411.352913583018,unswapping,,,,,,,,,,,,,,,,,,,,,,,,,,,,,,,,,,,,,,,,,56,4,61760,1916,390,98,5,both,0,49,49,0,0,,,,,196,,,,,,,,,,,,,,,,,,,,,,,,,,,,,,,,,,,
4411.679405041999,unswapping,,,,,,,,,,,,,,,,,,,,,,,,,,,,,,,,,,,,,,,,,56,4,61632,1908,390,98,5,both,1,48,48,1,1,,,,,196,,,,,,,,,,,,,,,,,,,,,,,,,,,,,,,,,,,
4411.785658375011,unswapping,,,,,,,,,,,,,,,,,,,,,,,,,,,,,,,,,,,,,,,,,56,4,61632,1908,390,98,5,left,0,49,49,0,1,,,,,196,,,,,,,,,,,,,,,,,,,,,,,,,,,,,,,,,,,
4411.893241542013,unswapping,,,,,,,,,,,,,,,,,,,,,,,,,,,,,,,,,,,,,,,,,56,4,61632,1908,390,98,5,left,1,48,48,0,1,,,,,196,,,,,,,,,,,,,,,,,,,,,,,,,,,,,,,,,,,
4411.993327125005,unswapping,,,,,,,,,,,,,,,,,,,,,,,,,,,,,,,,,,,,,,,,,56,4,61632,1908,390,98,5,right,0,49,49,0,1,,,,,196,,,,,,,,,,,,,,,,,,,,,,,,,,,,,,,,,,,
4412.103380083019,unswapping,,,,,,,,,,,,,,,,,,,,,,,,,,,,,,,,,,,,,,,,,56,4,61632,1908,390,98,5,right,1,48,48,0,1,,,,,196,,,,,,,,,,,,,,,,,,,,,,,,,,,,,,,,,,,
4412.351428374997,unswapping,,,,,,,,,,,,,,,,,,,,,,,,,,,,,,,,,,,,,,,,,56,4,61632,1908,390,98,6,both,0,49,49,0,0,,,,,196,,,,,,,,,,,,,,,,,,,,,,,,,,,,,,,,,,,
4412.583278708014,unswapping,,,,,,,,,,,,,,,,,,,,,,,,,,,,,,,,,,,,,,,,,56,4,61632,1908,390,98,6,both,1,48,48,0,0,,,,,196,,,,,,,,,,,,,,,,,,,,,,,,,,,,,,,,,,,
4412.689277083002,unswapping,,,,,,,,,,,,,,,,,,,,,,,,,,,,,,,,,,,,,,,,,56,4,61632,1908,390,98,6,left,0,49,49,0,0,,,,,196,,,,,,,,,,,,,,,,,,,,,,,,,,,,,,,,,,,
4412.796688750008,unswapping,,,,,,,,,,,,,,,,,,,,,,,,,,,,,,,,,,,,,,,,,56,4,61632,1908,390,98,6,left,1,48,48,0,0,,,,,196,,,,,,,,,,,,,,,,,,,,,,,,,,,,,,,,,,,
4412.911768292019,unswapping,,,,,,,,,,,,,,,,,,,,,,,,,,,,,,,,,,,,,,,,,56,4,61632,1908,390,98,6,right,0,49,49,0,0,,,,,196,,,,,,,,,,,,,,,,,,,,,,,,,,,,,,,,,,,
4413.026430541999,unswapping,,,,,,,,,,,,,,,,,,,,,,,,,,,,,,,,,,,,,,,,,56,4,61632,1908,390,98,6,right,1,48,48,0,0,,,,,196,,,,,,,,,,,,,,,,,,,,,,,,,,,,,,,,,,,
4413.122073625011,unswap_cycle_summary,,,,,,35,29,64,,,,,,,,,,,,,,,,,,,4096,0.002,,,,,,,,,,,,,56,4,61632,1908,390,98,,,,,,,,,,,,,,,,,,,,35,44.6442403330002,64,1984,1920,0,False,,,,,,,,,,,,,,,,,,,,,
4430.6065045,rewiring,,,,,,,,,,,,,,,,,,,,,,,,,,,,,,,,,,,,,,,,,,,,,,,,,,,,,,,,,,,,,,,,,,35,,,,,,,left,post_unswap,17.48221291700611,20,2718,False,False,False,0,2,lookahead_total,8,False,1,123,"(1608032, 1608032, 256, 256, 1672, 20602, 2452)",5.94562745798612,11.53655279200757,"[{'seed': 123, 'score': (1608032, 1608032, 256, 256, 1672, 20602, 2452), 'num_layers': 2452, 'total_swaps': 20602, 'max_layer_swaps': 24, 'swap_only_layers': 1672, 'work_layers': 780, 'unitary_layers': 780, 'first_work_layer': 6, 'leading_no_work_layers': 6, 'lookahead_layers_scored': 8, 'lookahead_final_elems': 1608032, 'lookahead_final_max_bond': 256, 'lookahead_peak_elems': 1608032, 'lookahead_peak_max_bond': 256, 'lookahead_peak_bond_l2': 516113}, {'seed': 1132, 'score': (1902672, 1902672, 256, 256, 2260, 20751, 3077), 'num_layers': 3077, 'total_swaps': 20751, 'max_layer_swaps': 21, 'swap_only_layers': 2260, 'work_layers': 817, 'unitary_layers': 817, 'first_work_layer': 7, 'leading_no_work_layers': 7, 'lookahead_layers_scored': 8, 'lookahead_final_elems': 1902672, 'lookahead_final_max_bond': 256, 'lookahead_peak_elems': 1902672, 'lookahead_peak_max_bond': 256, 'lookahead_peak_bond_l2': 627682}]",17.482202583021717,217.05133687498164
4630.174141333002,rewiring,,,,,,,,,,,,,,,,,,,,,,,,,,,,,,,,,,,,,,,,,,,,,,,,,,,,,,,,,,,,,,,,,,35,,,,,,,right,post_unswap,199.56636337502277,20,2087,False,False,False,0,2,lookahead_total,8,False,1,123,"(11227056, 11227056, 1294, 1369, 1426, 18044, 2207)",190.72034633299336,8.845976375014288,"[{'seed': 123, 'score': (11227056, 11227056, 1294, 1369, 1426, 18044, 2207), 'num_layers': 2207, 'total_swaps': 18044, 'max_layer_swaps': 22, 'swap_only_layers': 1426, 'work_layers': 781, 'unitary_layers': 781, 'first_work_layer': 5, 'leading_no_work_layers': 5, 'lookahead_layers_scored': 8, 'lookahead_final_elems': 11227056, 'lookahead_final_max_bond': 1294, 'lookahead_peak_elems': 11227056, 'lookahead_peak_max_bond': 1369, 'lookahead_peak_bond_l2': 3617706}, {'seed': 1132, 'score': (11234056, 11234056, 1294, 1369, 1420, 18118, 2194), 'num_layers': 2194, 'total_swaps': 18118, 'max_layer_swaps': 21, 'swap_only_layers': 1420, 'work_layers': 774, 'unitary_layers': 774, 'first_work_layer': 5, 'leading_no_work_layers': 5, 'lookahead_layers_scored': 8, 'lookahead_final_elems': 11234056, 'lookahead_final_max_bond': 1294, 'lookahead_peak_elems': 11234056, 'lookahead_peak_max_bond': 1369, 'lookahead_peak_bond_l2': 3633146}]",199.56635075001395,217.05133687498164
4630.262853624998,cycle_progress,,,,,,35,29,64,,,,,,,,,,,,,,,,,,,4096,0.002,,68172,0,,,,,,,,,,56,4,61632,1908,390,98,,,,,,,,,,,,,,,,,,,,35,,64,1984,1920,0,False,,,,,,,,,,,,,,,,,,,,,217.05133687498164
4630.495695999998,absorbing,L,1,0,2452,2207,35,29,64,17,0,0,0.06487062497762963,0.07362945799832232,0.13850008297595195,0.14473958397866227,61632,88608,56,88,False,False,False,False,61632,56,False,4096,0.002,,61632,1,total_elems,61632,88608,1,1,,,,0.0,56,4,61632,1908,390,98,,,,,,,,,,,,,,,,,,,,,,,,,,,,,,,,,,,,,,,,,,,,,,,
4630.658210291993,absorbing,R,1,1,2452,2207,35,29,64,19,0,0,0.0818518329760991,0.07395170899690129,0.1558035419730004,0.15720445799524896,91476,88608,88,88,False,False,False,False,88608,88,False,4096,0.002,,61632,1,total_elems,91476,88608,1,1,,,,0.0,88,4,88608,2332,390,98,,,,,,,,,,,,,,,,,,,,,,,,,,,,,,,,,,,,,,,,,,,,,,,
4630.907397250005,absorbing,L,2,1,2452,2207,35,29,64,17,0,0,0.1105253330024425,0.13408975000493228,0.24461508300737478,0.24585920901154168,142412,243724,88,176,False,False,False,False,142412,88,False,4096,0.002,,61632,1,total_elems,142412,243724,1,1,,,,0.0,88,4,142412,2774,390,98,,,,,,,,,,,,,,,,,,,,,,,,,,,,,,,,,,,,,,,,,,,,,,,
4631.251141917019,absorbing,L,3,1,2452,2207,35,29,64,16,0,0,0.14869112501037307,0.19017216700012796,0.338863292010501,0.3401130419806577,200964,296456,88,176,False,False,False,False,200964,88,False,4096,0.002,,61632,1,total_elems,200964,296456,1,1,,,,0.0,88,4,200964,3240,390,98,,,,,,,,,,,,,,,,,,,,,,,,,,,,,,,,,,,,,,,,,,,,,,,
4631.712395833019,absorbing,L,4,1,2452,2207,35,29,64,16,0,0,0.17707295800209977,0.27901858402765356,0.4560915420297533,0.4575299999851268,288020,365872,172,176,False,False,False,False,288020,172,False,4096,0.002,,61632,1,total_elems,288020,365872,1,1,,,,0.0,172,4,288020,3856,390,98,,,,,,,,,,,,,,,,,,,,,,,,,,,,,,,,,,,,,,,,,,,,,,,
4632.335236750019,absorbing,R,4,2,2452,2207,35,29,64,22,0,0,0.28832995900302194,0.32616741699166596,0.6144973759946879,0.6162003749923315,554564,466416,176,176,False,False,False,False,466416,176,False,4096,0.002,,61632,1,total_elems,554564,466416,1,1,,,,0.0,176,4,466416,4782,390,98,,,,,,,,,,,,,,,,,,,,,,,,,,,,,,,,,,,,,,,,,,,,,,,
4633.545154457999,absorbing,L,5,2,2452,2207,35,29,64,18,0,0,0.42306958299013786,0.780935083021177,1.2040046660113148,1.2061907919996884,792032,1120960,176,351,False,False,False,True,792032,176,False,4096,0.002,,61632,1,total_elems,792032,1120960,1,1,,,,0.0,176,4,792032,5898,390,98,,,,,,,,,,,,,,,,,,,,,,,,,,,,,,,,,,,,,,,,,,,,,,,
4646.856062792009,unswapping,,,,,,,,,,,,,,,,,,,,,,,,,,,,,,,,,,,,,,,,,176,4,819084,5966,390,98,0,both,0,49,49,11,11,,,,,0,,,,,,,,,,,,,,,,,,,,,,,,,,,,,,,,,,,
4653.291134250001,unswapping,,,,,,,,,,,,,,,,,,,,,,,,,,,,,,,,,,,,,,,,,176,4,561692,5036,390,98,0,both,1,48,48,14,25,,,,,0,,,,,,,,,,,,,,,,,,,,,,,,,,,,,,,,,,,
4655.168177582993,unswapping,,,,,,,,,,,,,,,,,,,,,,,,,,,,,,,,,,,,,,,,,168,4,323272,4058,390,98,0,left,0,49,49,17,42,,,,,34,,,,,,,,,,,,,,,,,,,,,,,,,,,,,,,,,,,
4656.066053125018,unswapping,,,,,,,,,,,,,,,,,,,,,,,,,,,,,,,,,,,,,,,,,168,4,237440,3482,390,98,0,left,1,48,48,18,60,,,,,70,,,,,,,,,,,,,,,,,,,,,,,,,,,,,,,,,,,
4656.552731583011,unswapping,,,,,,,,,,,,,,,,,,,,,,,,,,,,,,,,,,,,,,,,,168,4,204544,3124,390,98,0,right,0,49,49,11,71,,,,,80,,,,,,,,,,,,,,,,,,,,,,,,,,,,,,,,,,,
4657.145241958002,unswapping,,,,,,,,,,,,,,,,,,,,,,,,,,,,,,,,,,,,,,,,,84,4,135400,2688,390,98,0,right,1,48,48,12,83,,,,,98,,,,,,,,,,,,,,,,,,,,,,,,,,,,,,,,,,,
4657.804362416995,unswapping,,,,,,,,,,,,,,,,,,,,,,,,,,,,,,,,,,,,,,,,,84,4,119436,2548,390,98,1,both,0,49,49,9,9,,,,,116,,,,,,,,,,,,,,,,,,,,,,,,,,,,,,,,,,,
4658.432892083016,unswapping,,,,,,,,,,,,,,,,,,,,,,,,,,,,,,,,,,,,,,,,,84,4,109172,2452,390,98,1,both,1,48,48,7,16,,,,,126,,,,,,,,,,,,,,,,,,,,,,,,,,,,,,,,,,,
4658.702275582997,unswapping,,,,,,,,,,,,,,,,,,,,,,,,,,,,,,,,,,,,,,,,,84,4,90136,2198,390,98,1,left,0,49,49,8,24,,,,,140,,,,,,,,,,,,,,,,,,,,,,,,,,,,,,,,,,,
4659.012119249994,unswapping,,,,,,,,,,,,,,,,,,,,,,,,,,,,,,,,,,,,,,,,,84,4,61724,2016,390,98,1,left,1,48,48,7,31,,,,,148,,,,,,,,,,,,,,,,,,,,,,,,,,,,,,,,,,,
4659.170163750008,unswapping,,,,,,,,,,,,,,,,,,,,,,,,,,,,,,,,,,,,,,,,,42,4,50916,1916,390,98,1,right,0,49,49,4,35,,,,,152,,,,,,,,,,,,,,,,,,,,,,,,,,,,,,,,,,,
4659.311382457992,unswapping,,,,,,,,,,,,,,,,,,,,,,,,,,,,,,,,,,,,,,,,,42,4,50852,1912,390,98,1,right,1,48,48,1,36,,,,,152,,,,,,,,,,,,,,,,,,,,,,,,,,,,,,,,,,,
4659.613743416994,unswapping,,,,,,,,,,,,,,,,,,,,,,,,,,,,,,,,,,,,,,,,,42,4,50564,1896,390,98,2,both,0,49,49,3,3,,,,,154,,,,,,,,,,,,,,,,,,,,,,,,,,,,,,,,,,,
4659.9409275420185,unswapping,,,,,,,,,,,,,,,,,,,,,,,,,,,,,,,,,,,,,,,,,42,4,45476,1824,390,98,2,both,1,48,48,6,9,,,,,156,,,,,,,,,,,,,,,,,,,,,,,,,,,,,,,,,,,
4660.080457000004,unswapping,,,,,,,,,,,,,,,,,,,,,,,,,,,,,,,,,,,,,,,,,42,4,44084,1786,390,98,2,left,0,49,49,3,12,,,,,160,,,,,,,,,,,,,,,,,,,,,,,,,,,,,,,,,,,
4660.233474708017,unswapping,,,,,,,,,,,,,,,,,,,,,,,,,,,,,,,,,,,,,,,,,42,4,43236,1752,390,98,2,left,1,48,48,3,15,,,,,166,,,,,,,,,,,,,,,,,,,,,,,,,,,,,,,,,,,
4660.307354791992,unswapping,,,,,,,,,,,,,,,,,,,,,,,,,,,,,,,,,,,,,,,,,42,4,43236,1752,390,98,2,right,0,49,49,0,15,,,,,166,,,,,,,,,,,,,,,,,,,,,,,,,,,,,,,,,,,
4660.398359000013,unswapping,,,,,,,,,,,,,,,,,,,,,,,,,,,,,,,,,,,,,,,,,42,4,43236,1752,390,98,2,right,1,48,48,0,15,,,,,166,,,,,,,,,,,,,,,,,,,,,,,,,,,,,,,,,,,
4660.671779041993,unswapping,,,,,,,,,,,,,,,,,,,,,,,,,,,,,,,,,,,,,,,,,42,4,43224,1750,390,98,3,both,0,49,49,1,1,,,,,168,,,,,,,,,,,,,,,,,,,,,,,,,,,,,,,,,,,
4660.874910707993,unswapping,,,,,,,,,,,,,,,,,,,,,,,,,,,,,,,,,,,,,,,,,42,4,43224,1750,390,98,3,both,1,48,48,0,1,,,,,168,,,,,,,,,,,,,,,,,,,,,,,,,,,,,,,,,,,
4661.000430292013,unswapping,,,,,,,,,,,,,,,,,,,,,,,,,,,,,,,,,,,,,,,,,42,4,43128,1742,390,98,3,left,0,49,49,1,2,,,,,170,,,,,,,,,,,,,,,,,,,,,,,,,,,,,,,,,,,
4661.093714207993,unswapping,,,,,,,,,,,,,,,,,,,,,,,,,,,,,,,,,,,,,,,,,42,4,43128,1742,390,98,3,left,1,48,48,0,2,,,,,170,,,,,,,,,,,,,,,,,,,,,,,,,,,,,,,,,,,
4661.1705704579945,unswapping,,,,,,,,,,,,,,,,,,,,,,,,,,,,,,,,,,,,,,,,,42,4,43128,1742,390,98,3,right,0,49,49,0,2,,,,,170,,,,,,,,,,,,,,,,,,,,,,,,,,,,,,,,,,,
4661.265166500001,unswapping,,,,,,,,,,,,,,,,,,,,,,,,,,,,,,,,,,,,,,,,,42,4,43128,1742,390,98,3,right,1,48,48,0,2,,,,,170,,,,,,,,,,,,,,,,,,,,,,,,,,,,,,,,,,,
4661.444014458015,unswapping,,,,,,,,,,,,,,,,,,,,,,,,,,,,,,,,,,,,,,,,,42,4,43128,1742,390,98,4,both,0,49,49,0,0,,,,,170,,,,,,,,,,,,,,,,,,,,,,,,,,,,,,,,,,,
4661.647402041999,unswapping,,,,,,,,,,,,,,,,,,,,,,,,,,,,,,,,,,,,,,,,,42,4,43128,1742,390,98,4,both,1,48,48,0,0,,,,,170,,,,,,,,,,,,,,,,,,,,,,,,,,,,,,,,,,,
4661.722728332999,unswapping,,,,,,,,,,,,,,,,,,,,,,,,,,,,,,,,,,,,,,,,,42,4,43128,1742,390,98,4,left,0,49,49,0,0,,,,,170,,,,,,,,,,,,,,,,,,,,,,,,,,,,,,,,,,,
4661.816671875014,unswapping,,,,,,,,,,,,,,,,,,,,,,,,,,,,,,,,,,,,,,,,,42,4,43128,1742,390,98,4,left,1,48,48,0,0,,,,,170,,,,,,,,,,,,,,,,,,,,,,,,,,,,,,,,,,,
4661.894749792002,unswapping,,,,,,,,,,,,,,,,,,,,,,,,,,,,,,,,,,,,,,,,,42,4,43128,1742,390,98,4,right,0,49,49,0,0,,,,,170,,,,,,,,,,,,,,,,,,,,,,,,,,,,,,,,,,,
4661.990127583005,unswapping,,,,,,,,,,,,,,,,,,,,,,,,,,,,,,,,,,,,,,,,,42,4,43128,1742,390,98,4,right,1,48,48,0,0,,,,,170,,,,,,,,,,,,,,,,,,,,,,,,,,,,,,,,,,,
4662.082464083011,unswap_cycle_summary,,,,,,35,29,64,,,,,,,,,,,,,,,,,,,4096,0.002,,,,,,,,,,,,,42,4,43128,1742,390,98,,,,,,,,,,,,,,,,,,,,36,25.4867987500038,64,1984,1920,0,False,,,,,,,,,,,,,,,,,,,,,
4679.476754958014,rewiring,,,,,,,,,,,,,,,,,,,,,,,,,,,,,,,,,,,,,,,,,,,,,,,,,,,,,,,,,,,,,,,,,,36,,,,,,,left,post_unswap,17.39311387500493,20,2449,False,False,False,0,2,lookahead_total,8,False,1,1132,"(1488044, 1488044, 333, 335, 1850, 20972, 2637)",7.510123500978807,9.882918040995719,"[{'seed': 123, 'score': (2062148, 2062148, 333, 335, 1746, 20676, 2520), 'num_layers': 2520, 'total_swaps': 20676, 'max_layer_swaps': 24, 'swap_only_layers': 1746, 'work_layers': 774, 'unitary_layers': 774, 'first_work_layer': 5, 'leading_no_work_layers': 5, 'lookahead_layers_scored': 8, 'lookahead_final_elems': 2062148, 'lookahead_final_max_bond': 333, 'lookahead_peak_elems': 2062148, 'lookahead_peak_max_bond': 335, 'lookahead_peak_bond_l2': 622014}, {'seed': 1132, 'score': (1488044, 1488044, 333, 335, 1850, 20972, 2637), 'num_layers': 2637, 'total_swaps': 20972, 'max_layer_swaps': 24, 'swap_only_layers': 1850, 'work_layers': 787, 'unitary_layers': 787, 'first_work_layer': 5, 'leading_no_work_layers': 5, 'lookahead_layers_scored': 8, 'lookahead_final_elems': 1488044, 'lookahead_final_max_bond': 333, 'lookahead_peak_elems': 1488044, 'lookahead_peak_max_bond': 335, 'lookahead_peak_bond_l2': 474930}]",17.393068665987812,212.22659841700806
4874.30977183301,rewiring,,,,,,,,,,,,,,,,,,,,,,,,,,,,,,,,,,,,,,,,,,,,,,,,,,,,,,,,,,,,,,,,,,36,,,,,,,right,post_unswap,194.83164608399966,20,2207,False,False,False,0,2,lookahead_total,8,False,1,1132,"(10378920, 10378920, 1302, 1340, 1388, 18229, 2136)",185.91795149998507,8.913638708996587,"[{'seed': 123, 'score': (11011728, 11011728, 1272, 1340, 1496, 18105, 2253), 'num_layers': 2253, 'total_swaps': 18105, 'max_layer_swaps': 20, 'swap_only_layers': 1496, 'work_layers': 757, 'unitary_layers': 757, 'first_work_layer': 9, 'leading_no_work_layers': 9, 'lookahead_layers_scored': 8, 'lookahead_final_elems': 11011728, 'lookahead_final_max_bond': 1272, 'lookahead_peak_elems': 11011728, 'lookahead_peak_max_bond': 1340, 'lookahead_peak_bond_l2': 3679148}, {'seed': 1132, 'score': (10378920, 10378920, 1302, 1340, 1388, 18229, 2136), 'num_layers': 2136, 'total_swaps': 18229, 'max_layer_swaps': 23, 'swap_only_layers': 1388, 'work_layers': 748, 'unitary_layers': 748, 'first_work_layer': 9, 'leading_no_work_layers': 9, 'lookahead_layers_scored': 8, 'lookahead_final_elems': 10378920, 'lookahead_final_max_bond': 1302, 'lookahead_peak_elems': 10378920, 'lookahead_peak_max_bond': 1340, 'lookahead_peak_bond_l2': 3399465}]",194.8316160410177,212.22659841700806
4874.402197957999,cycle_progress,,,,,,35,29,64,,,,,,,,,,,,,,,,,,,4096,0.002,,61632,1,,,,,,,,,,42,4,43128,1742,390,98,,,,,,,,,,,,,,,,,,,,36,,64,1984,1920,0,False,,,,,,,,,,,,,,,,,,,,,212.22659841700806
4874.628452833014,absorbing,L,1,0,2637,2136,35,29,64,15,0,0,0.061367415997665375,0.06766308299847879,0.12903049899614416,0.14109720900887623,43128,70116,42,84,False,False,False,False,43128,42,False,4096,0.002,,43128,2,total_elems,43128,70116,1,1,,,,0.0,42,4,43128,1742,390,98,,,,,,,,,,,,,,,,,,,,,,,,,,,,,,,,,,,,,,,,,,,,,,,
4874.769818583009,absorbing,L,2,0,2637,2136,35,29,64,16,0,0,0.06939287501154467,0.06738658298854716,0.13677945800009184,0.13801300001796335,62172,70116,56,84,False,False,False,False,62172,56,False,4096,0.002,,43128,2,total_elems,62172,70116,1,1,,,,0.0,56,4,62172,2054,390,98,,,,,,,,,,,,,,,,,,,,,,,,,,,,,,,,,,,,,,,,,,,,,,,
4874.936913957994,absorbing,R,2,1,2637,2136,35,29,64,15,0,0,0.08883629099000245,0.07344291600747965,0.1622792069974821,0.1635607079952024,133268,92556,168,84,False,False,False,False,92556,84,False,4096,0.002,,43128,2,total_elems,133268,92556,1,1,,,,0.0,84,4,92556,2498,390,98,,,,,,,,,,,,,,,,,,,,,,,,,,,,,,,,,,,,,,,,,,,,,,,
4875.157028582995,absorbing,L,3,1,2637,2136,35,29,64,18,0,0,0.09654324999428354,0.11846366702229716,0.2150069170165807,0.21624029200756922,163844,216504,168,168,False,False,False,False,163844,168,False,4096,0.002,,43128,2,total_elems,163844,216504,1,1,,,,0.0,168,4,163844,3104,390,98,,,,,,,,,,,,,,,,,,,,,,,,,,,,,,,,,,,,,,,,,,,,,,,
4875.494483417016,absorbing,R,3,2,2637,2136,35,29,64,16,0,0,0.17376470801536925,0.1580954999953974,0.33186020801076666,0.3337210409808904,334116,290224,168,168,False,False,False,False,290224,168,False,4096,0.002,,43128,2,total_elems,334116,290224,1,1,,,,0.0,168,4,290224,3854,390,98,,,,,,,,,,,,,,,,,,,,,,,,,,,,,,,,,,,,,,,,,,,,,,,
4876.267884958012,absorbing,L,4,2,2637,2136,35,29,64,16,0,0,0.26377054199110717,0.5040162079967558,0.767786749987863,0.7693795000086538,538168,831880,168,336,False,False,False,False,538168,168,False,4096,0.002,,43128,2,total_elems,538168,831880,1,1,,,,0.0,168,4,538168,4820,390,98,,,,,,,,,,,,,,,,,,,,,,,,,,,,,,,,,,,,,,,,,,,,,,,
4878.392449333012,absorbing,L,5,2,2637,2136,35,29,64,15,0,0,0.7439663330151234,1.375282333989162,2.1192486670042854,2.120874999993248,880316,1620312,336,669,False,False,False,True,880316,336,False,4096,0.002,,43128,2,total_elems,880316,1620312,1,1,,,,0.0,336,4,880316,6088,390,98,,,,,,,,,,,,,,,,,,,,,,,,,,,,,,,,,,,,,,,,,,,,,,,
4895.542656500009,unswapping,,,,,,,,,,,,,,,,,,,,,,,,,,,,,,,,,,,,,,,,,218,4,893628,6000,390,98,0,both,0,49,49,12,12,,,,,0,,,,,,,,,,,,,,,,,,,,,,,,,,,,,,,,,,,
4903.677887541999,unswapping,,,,,,,,,,,,,,,,,,,,,,,,,,,,,,,,,,,,,,,,,211,4,683548,5410,390,98,0,both,1,48,48,9,21,,,,,0,,,,,,,,,,,,,,,,,,,,,,,,,,,,,,,,,,,
4906.231836874998,unswapping,,,,,,,,,,,,,,,,,,,,,,,,,,,,,,,,,,,,,,,,,168,4,420708,4356,390,98,0,left,0,49,49,16,37,,,,,32,,,,,,,,,,,,,,,,,,,,,,,,,,,,,,,,,,,
4907.340247250017,unswapping,,,,,,,,,,,,,,,,,,,,,,,,,,,,,,,,,,,,,,,,,168,4,361456,3812,390,98,0,left,1,48,48,19,56,,,,,70,,,,,,,,,,,,,,,,,,,,,,,,,,,,,,,,,,,
4908.650887750002,unswapping,,,,,,,,,,,,,,,,,,,,,,,,,,,,,,,,,,,,,,,,,167,4,254364,3462,390,98,0,right,0,49,49,7,63,,,,,80,,,,,,,,,,,,,,,,,,,,,,,,,,,,,,,,,,,
4909.30546808301,unswapping,,,,,,,,,,,,,,,,,,,,,,,,,,,,,,,,,,,,,,,,,104,4,184024,3094,390,98,0,right,1,48,48,7,70,,,,,94,,,,,,,,,,,,,,,,,,,,,,,,,,,,,,,,,,,
4910.465256708005,unswapping,,,,,,,,,,,,,,,,,,,,,,,,,,,,,,,,,,,,,,,,,80,4,110448,2616,390,98,1,both,0,49,49,11,11,,,,,108,,,,,,,,,,,,,,,,,,,,,,,,,,,,,,,,,,,
4910.947538917011,unswapping,,,,,,,,,,,,,,,,,,,,,,,,,,,,,,,,,,,,,,,,,80,4,97408,2466,390,98,1,both,1,48,48,8,19,,,,,116,,,,,,,,,,,,,,,,,,,,,,,,,,,,,,,,,,,
4911.220370458002,unswapping,,,,,,,,,,,,,,,,,,,,,,,,,,,,,,,,,,,,,,,,,80,4,84972,2296,390,98,1,left,0,49,49,9,28,,,,,130,,,,,,,,,,,,,,,,,,,,,,,,,,,,,,,,,,,
4911.432095625001,unswapping,,,,,,,,,,,,,,,,,,,,,,,,,,,,,,,,,,,,,,,,,40,4,61236,2014,390,98,1,left,1,48,48,10,38,,,,,150,,,,,,,,,,,,,,,,,,,,,,,,,,,,,,,,,,,
4911.607819124998,unswapping,,,,,,,,,,,,,,,,,,,,,,,,,,,,,,,,,,,,,,,,,40,4,60548,1982,390,98,1,right,0,49,49,5,43,,,,,152,,,,,,,,,,,,,,,,,,,,,,,,,,,,,,,,,,,
4911.717289042019,unswapping,,,,,,,,,,,,,,,,,,,,,,,,,,,,,,,,,,,,,,,,,40,4,60548,1982,390,98,1,right,1,48,48,0,43,,,,,152,,,,,,,,,,,,,,,,,,,,,,,,,,,,,,,,,,,
4912.081846292014,unswapping,,,,,,,,,,,,,,,,,,,,,,,,,,,,,,,,,,,,,,,,,40,4,60036,1966,390,98,2,both,0,49,49,2,2,,,,,156,,,,,,,,,,,,,,,,,,,,,,,,,,,,,,,,,,,
4912.456461541995,unswapping,,,,,,,,,,,,,,,,,,,,,,,,,,,,,,,,,,,,,,,,,40,4,55140,1918,390,98,2,both,1,48,48,3,5,,,,,156,,,,,,,,,,,,,,,,,,,,,,,,,,,,,,,,,,,
4912.61960104201,unswapping,,,,,,,,,,,,,,,,,,,,,,,,,,,,,,,,,,,,,,,,,40,4,51380,1852,390,98,2,left,0,49,49,5,10,,,,,164,,,,,,,,,,,,,,,,,,,,,,,,,,,,,,,,,,,
4912.766036207991,unswapping,,,,,,,,,,,,,,,,,,,,,,,,,,,,,,,,,,,,,,,,,40,4,50868,1836,390,98,2,left,1,48,48,1,11,,,,,166,,,,,,,,,,,,,,,,,,,,,,,,,,,,,,,,,,,
4912.860102750012,unswapping,,,,,,,,,,,,,,,,,,,,,,,,,,,,,,,,,,,,,,,,,40,4,50868,1836,390,98,2,right,0,49,49,0,11,,,,,166,,,,,,,,,,,,,,,,,,,,,,,,,,,,,,,,,,,
4912.961383292015,unswapping,,,,,,,,,,,,,,,,,,,,,,,,,,,,,,,,,,,,,,,,,40,4,50868,1836,390,98,2,right,1,48,48,0,11,,,,,166,,,,,,,,,,,,,,,,,,,,,,,,,,,,,,,,,,,
4913.279359708016,unswapping,,,,,,,,,,,,,,,,,,,,,,,,,,,,,,,,,,,,,,,,,40,4,46068,1796,390,98,3,both,0,49,49,1,1,,,,,168,,,,,,,,,,,,,,,,,,,,,,,,,,,,,,,,,,,
4913.456272375013,unswapping,,,,,,,,,,,,,,,,,,,,,,,,,,,,,,,,,,,,,,,,,40,4,46068,1796,390,98,3,both,1,48,48,0,1,,,,,168,,,,,,,,,,,,,,,,,,,,,,,,,,,,,,,,,,,
4913.544837166992,unswapping,,,,,,,,,,,,,,,,,,,,,,,,,,,,,,,,,,,,,,,,,40,4,46068,1796,390,98,3,left,0,49,49,0,1,,,,,168,,,,,,,,,,,,,,,,,,,,,,,,,,,,,,,,,,,
4913.625646625005,unswapping,,,,,,,,,,,,,,,,,,,,,,,,,,,,,,,,,,,,,,,,,40,4,46068,1796,390,98,3,left,1,48,48,0,1,,,,,168,,,,,,,,,,,,,,,,,,,,,,,,,,,,,,,,,,,
4913.71516404202,unswapping,,,,,,,,,,,,,,,,,,,,,,,,,,,,,,,,,,,,,,,,,40,4,46068,1796,390,98,3,right,0,49,49,0,1,,,,,168,,,,,,,,,,,,,,,,,,,,,,,,,,,,,,,,,,,
4913.792489542015,unswapping,,,,,,,,,,,,,,,,,,,,,,,,,,,,,,,,,,,,,,,,,40,4,46068,1796,390,98,3,right,1,48,48,0,1,,,,,168,,,,,,,,,,,,,,,,,,,,,,,,,,,,,,,,,,,
4913.991998667014,unswapping,,,,,,,,,,,,,,,,,,,,,,,,,,,,,,,,,,,,,,,,,40,4,46068,1796,390,98,4,both,0,49,49,0,0,,,,,168,,,,,,,,,,,,,,,,,,,,,,,,,,,,,,,,,,,
4914.161998041993,unswapping,,,,,,,,,,,,,,,,,,,,,,,,,,,,,,,,,,,,,,,,,40,4,46068,1796,390,98,4,both,1,48,48,0,0,,,,,168,,,,,,,,,,,,,,,,,,,,,,,,,,,,,,,,,,,
4914.250684833009,unswapping,,,,,,,,,,,,,,,,,,,,,,,,,,,,,,,,,,,,,,,,,40,4,46068,1796,390,98,4,left,0,49,49,0,0,,,,,168,,,,,,,,,,,,,,,,,,,,,,,,,,,,,,,,,,,
4914.3301977920055,unswapping,,,,,,,,,,,,,,,,,,,,,,,,,,,,,,,,,,,,,,,,,40,4,46068,1796,390,98,4,left,1,48,48,0,0,,,,,168,,,,,,,,,,,,,,,,,,,,,,,,,,,,,,,,,,,
4914.422002667008,unswapping,,,,,,,,,,,,,,,,,,,,,,,,,,,,,,,,,,,,,,,,,40,4,46068,1796,390,98,4,right,0,49,49,0,0,,,,,168,,,,,,,,,,,,,,,,,,,,,,,,,,,,,,,,,,,
4914.5019378330035,unswapping,,,,,,,,,,,,,,,,,,,,,,,,,,,,,,,,,,,,,,,,,40,4,46068,1796,390,98,4,right,1,48,48,0,0,,,,,168,,,,,,,,,,,,,,,,,,,,,,,,,,,,,,,,,,,
4914.594490749994,unswap_cycle_summary,,,,,,35,29,64,,,,,,,,,,,,,,,,,,,4096,0.002,,,,,,,,,,,,,40,4,46068,1796,390,98,,,,,,,,,,,,,,,,,,,,37,32.76512912497856,64,1984,1920,0,False,,,,,,,,,,,,,,,,,,,,,
4929.380771166994,rewiring,,,,,,,,,,,,,,,,,,,,,,,,,,,,,,,,,,,,,,,,,,,,,,,,,,,,,,,,,,,,,,,,,,37,,,,,,,left,post_unswap,14.78507250000257,20,2634,False,False,False,0,2,lookahead_total,8,False,1,1132,"(1042656, 1042656, 256, 256, 1962, 20992, 2759)",3.7459769590059295,11.039021709002554,"[{'seed': 123, 'score': (1289800, 1289800, 256, 256, 1852, 20635, 2644), 'num_layers': 2644, 'total_swaps': 20635, 'max_layer_swaps': 22, 'swap_only_layers': 1852, 'work_layers': 792, 'unitary_layers': 792, 'first_work_layer': 4, 'leading_no_work_layers': 4, 'lookahead_layers_scored': 8, 'lookahead_final_elems': 1289800, 'lookahead_final_max_bond': 256, 'lookahead_peak_elems': 1289800, 'lookahead_peak_max_bond': 256, 'lookahead_peak_bond_l2': 390591}, {'seed': 1132, 'score': (1042656, 1042656, 256, 256, 1962, 20992, 2759), 'num_layers': 2759, 'total_swaps': 20992, 'max_layer_swaps': 19, 'swap_only_layers': 1962, 'work_layers': 797, 'unitary_layers': 797, 'first_work_layer': 4, 'leading_no_work_layers': 4, 'lookahead_layers_scored': 8, 'lookahead_final_elems': 1042656, 'lookahead_final_max_bond': 256, 'lookahead_peak_elems': 1042656, 'lookahead_peak_max_bond': 256, 'lookahead_peak_bond_l2': 322954}]",14.785024374985369,155.40578666701913
5070.001015832997,rewiring,,,,,,,,,,,,,,,,,,,,,,,,,,,,,,,,,,,,,,,,,,,,,,,,,,,,,,,,,,,,,,,,,,37,,,,,,,right,post_unswap,140.61862349999137,20,2136,False,False,False,0,2,lookahead_total,8,False,1,1132,"(8706536, 8706536, 1237, 1277, 1466, 17884, 2212)",132.1928577919898,8.425703916000202,"[{'seed': 123, 'score': (8894652, 8894652, 1237, 1277, 1434, 17713, 2216), 'num_layers': 2216, 'total_swaps': 17713, 'max_layer_swaps': 20, 'swap_only_layers': 1434, 'work_layers': 782, 'unitary_layers': 782, 'first_work_layer': 8, 'leading_no_work_layers': 8, 'lookahead_layers_scored': 8, 'lookahead_final_elems': 8894652, 'lookahead_final_max_bond': 1237, 'lookahead_peak_elems': 8894652, 'lookahead_peak_max_bond': 1277, 'lookahead_peak_bond_l2': 3266004}, {'seed': 1132, 'score': (8706536, 8706536, 1237, 1277, 1466, 17884, 2212), 'num_layers': 2212, 'total_swaps': 17884, 'max_layer_swaps': 19, 'swap_only_layers': 1466, 'work_layers': 746, 'unitary_layers': 746, 'first_work_layer': 8, 'leading_no_work_layers': 8, 'lookahead_layers_scored': 8, 'lookahead_final_elems': 8706536, 'lookahead_final_max_bond': 1237, 'lookahead_peak_elems': 8706536, 'lookahead_peak_max_bond': 1277, 'lookahead_peak_bond_l2': 3203616}]",140.6185904169979,155.40578666701913
5070.087508917,cycle_progress,,,,,,35,29,64,,,,,,,,,,,,,,,,,,,4096,0.002,,43128,2,,,,,,,,,,40,4,46068,1796,390,98,,,,,,,,,,,,,,,,,,,,37,,64,1984,1920,0,False,,,,,,,,,,,,,,,,,,,,,155.40578666701913
5070.315018833004,absorbing,L,1,0,2759,2212,35,29,64,14,0,0,0.05951733299298212,0.0670601669989992,0.1265774999919813,0.13642645900836214,46068,85812,40,80,False,False,False,False,46068,40,False,4096,0.002,,46068,3,total_elems,46068,85812,1,1,,,,0.0,40,4,46068,1796,390,98,,,,,,,,,,,,,,,,,,,,,,,,,,,,,,,,,,,,,,,,,,,,,,,
5070.466791832994,absorbing,L,2,0,2759,2212,35,29,64,15,0,0,0.08032999999704771,0.06698075000895187,0.14731075000599958,0.1484929580183234,75880,85812,80,80,False,False,False,False,75880,80,False,4096,0.002,,46068,3,total_elems,75880,85812,1,1,,,,0.0,80,4,75880,2166,390,98,,,,,,,,,,,,,,,,,,,,,,,,,,,,,,,,,,,,,,,,,,,,,,,
5070.639472583018,absorbing,R,2,1,2759,2212,35,29,64,15,0,0,0.09118504199432209,0.07702920900192112,0.1682142509962432,0.169384708016878,112456,99964,80,80,False,False,False,False,99964,80,False,4096,0.002,,46068,3,total_elems,112456,99964,1,1,,,,0.0,80,4,99964,2478,390,98,,,,,,,,,,,,,,,,,,,,,,,,,,,,,,,,,,,,,,,,,,,,,,,
5070.893238332996,absorbing,L,3,1,2759,2212,35,29,64,16,0,0,0.09595270798308775,0.15303612500429153,0.24898883298737928,0.2503512499970384,133836,237920,80,160,False,False,False,False,133836,80,False,4096,0.002,,46068,3,total_elems,133836,237920,1,1,,,,0.0,80,4,133836,2806,390,98,,,,,,,,,,,,,,,,,,,,,,,,,,,,,,,,,,,,,,,,,,,,,,,
5071.193890291994,absorbing,L,4,1,2759,2212,35,29,64,15,0,0,0.12119362500379793,0.17409170800237916,0.2952853330061771,0.29675795801449567,203540,298816,96,160,False,False,False,False,203540,96,False,4096,0.002,,46068,3,total_elems,203540,298816,1,1,,,,0.0,96,4,203540,3294,390,98,,,,,,,,,,,,,,,,,,,,,,,,,,,,,,,,,,,,,,,,,,,,,,,
5071.578481125005,absorbing,L,5,1,2759,2212,36,29,65,13,1,1,0.18415716700837947,0.19252450001658872,0.3766816670249682,0.38104904198553413,268532,378872,160,160,False,False,False,False,268532,160,False,4096,0.002,,46068,3,total_elems,268532,378872,1,1,,,,0.0,160,4,268532,3794,390,98,,,,,,,,,,,,,,,,,,,,,,,,,,,,,,,,,,,,,,,,,,,,,,,
5072.036704917002,absorbing,L,6,1,2759,2212,36,29,65,12,0,1,0.20564425000338815,0.24402754098991863,0.4496717909933068,0.45105816700379364,413152,461816,160,160,False,False,False,False,413152,160,False,4096,0.002,,46068,3,total_elems,413152,461816,1,1,,,,0.0,160,4,413152,4548,390,98,,,,,,,,,,,,,,,,,,,,,,,,,,,,,,,,,,,,,,,,,,,,,,,
5072.842085500015,absorbing,R,6,2,2759,2212,36,29,65,16,0,1,0.34612141601974145,0.45412462498643436,0.8002460410061758,0.8015952499990817,698200,599992,192,192,False,False,False,False,599992,192,False,4096,0.002,,46068,3,total_elems,698200,599992,1,1,,,,0.0,192,4,599992,5552,390,98,,,,,,,,,,,,,,,,,,,,,,,,,,,,,,,,,,,,,,,,,,,,,,,
5074.066049792018,absorbing,L,7,2,2759,2212,36,29,65,14,0,1,0.46614274999592453,0.7528154170140624,1.218958167009987,1.2208004589774646,957188,1044980,192,320,False,False,False,True,957188,192,False,4096,0.002,,46068,3,total_elems,957188,1044980,1,1,,,,0.0,192,4,957188,6732,390,98,,,,,,,,,,,,,,,,,,,,,,,,,,,,,,,,,,,,,,,,,,,,,,,
5091.11318491702,unswapping,,,,,,,,,,,,,,,,,,,,,,,,,,,,,,,,,,,,,,,,,192,4,875808,6626,390,98,0,both,0,49,49,9,9,,,,,0,,,,,,,,,,,,,,,,,,,,,,,,,,,,,,,,,,,
5097.30535900002,unswapping,,,,,,,,,,,,,,,,,,,,,,,,,,,,,,,,,,,,,,,,,160,4,480704,5272,390,98,0,both,1,48,48,15,24,,,,,0,,,,,,,,,,,,,,,,,,,,,,,,,,,,,,,,,,,
5098.466555833002,unswapping,,,,,,,,,,,,,,,,,,,,,,,,,,,,,,,,,,,,,,,,,96,4,328132,4374,390,98,0,left,0,49,49,15,39,,,,,30,,,,,,,,,,,,,,,,,,,,,,,,,,,,,,,,,,,
5099.463864000019,unswapping,,,,,,,,,,,,,,,,,,,,,,,,,,,,,,,,,,,,,,,,,80,4,200020,3472,390,98,0,left,1,48,48,22,61,,,,,74,,,,,,,,,,,,,,,,,,,,,,,,,,,,,,,,,,,
5099.846235792007,unswapping,,,,,,,,,,,,,,,,,,,,,,,,,,,,,,,,,,,,,,,,,80,4,178004,3180,390,98,0,right,0,49,49,9,70,,,,,84,,,,,,,,,,,,,,,,,,,,,,,,,,,,,,,,,,,
5100.327656875015,unswapping,,,,,,,,,,,,,,,,,,,,,,,,,,,,,,,,,,,,,,,,,80,4,147476,2980,390,98,0,right,1,48,48,5,75,,,,,94,,,,,,,,,,,,,,,,,,,,,,,,,,,,,,,,,,,
5100.887351875019,unswapping,,,,,,,,,,,,,,,,,,,,,,,,,,,,,,,,,,,,,,,,,80,4,110532,2600,390,98,1,both,0,49,49,13,13,,,,,114,,,,,,,,,,,,,,,,,,,,,,,,,,,,,,,,,,,
5101.61580179201,unswapping,,,,,,,,,,,,,,,,,,,,,,,,,,,,,,,,,,,,,,,,,80,4,85992,2458,390,98,1,both,1,48,48,5,18,,,,,118,,,,,,,,,,,,,,,,,,,,,,,,,,,,,,,,,,,
5101.84190470801,unswapping,,,,,,,,,,,,,,,,,,,,,,,,,,,,,,,,,,,,,,,,,40,4,58880,2206,390,98,1,left,0,49,49,6,24,,,,,128,,,,,,,,,,,,,,,,,,,,,,,,,,,,,,,,,,,
5102.017343208019,unswapping,,,,,,,,,,,,,,,,,,,,,,,,,,,,,,,,,,,,,,,,,40,4,50912,2034,390,98,1,left,1,48,48,9,33,,,,,144,,,,,,,,,,,,,,,,,,,,,,,,,,,,,,,,,,,
5102.163565541996,unswapping,,,,,,,,,,,,,,,,,,,,,,,,,,,,,,,,,,,,,,,,,40,4,49632,1986,390,98,1,right,0,49,49,3,36,,,,,144,,,,,,,,,,,,,,,,,,,,,,,,,,,,,,,,,,,
5102.260470292007,unswapping,,,,,,,,,,,,,,,,,,,,,,,,,,,,,,,,,,,,,,,,,40,4,49632,1986,390,98,1,right,1,48,48,0,36,,,,,144,,,,,,,,,,,,,,,,,,,,,,,,,,,,,,,,,,,
5102.606035667006,unswapping,,,,,,,,,,,,,,,,,,,,,,,,,,,,,,,,,,,,,,,,,40,4,39832,1890,390,98,2,both,0,49,49,5,5,,,,,144,,,,,,,,,,,,,,,,,,,,,,,,,,,,,,,,,,,
5102.87371504202,unswapping,,,,,,,,,,,,,,,,,,,,,,,,,,,,,,,,,,,,,,,,,24,4,35920,1822,390,98,2,both,1,48,48,5,10,,,,,146,,,,,,,,,,,,,,,,,,,,,,,,,,,,,,,,,,,
5102.998742708005,unswapping,,,,,,,,,,,,,,,,,,,,,,,,,,,,,,,,,,,,,,,,,24,4,35088,1794,390,98,2,left,0,49,49,2,12,,,,,150,,,,,,,,,,,,,,,,,,,,,,,,,,,,,,,,,,,
5103.121438542003,unswapping,,,,,,,,,,,,,,,,,,,,,,,,,,,,,,,,,,,,,,,,,24,4,34504,1772,390,98,2,left,1,48,48,2,14,,,,,154,,,,,,,,,,,,,,,,,,,,,,,,,,,,,,,,,,,
5103.185176708008,unswapping,,,,,,,,,,,,,,,,,,,,,,,,,,,,,,,,,,,,,,,,,24,4,34504,1772,390,98,2,right,0,49,49,0,14,,,,,154,,,,,,,,,,,,,,,,,,,,,,,,,,,,,,,,,,,
5103.25052070801,unswapping,,,,,,,,,,,,,,,,,,,,,,,,,,,,,,,,,,,,,,,,,24,4,34504,1772,390,98,2,right,1,48,48,0,14,,,,,154,,,,,,,,,,,,,,,,,,,,,,,,,,,,,,,,,,,
5103.50043408302,unswapping,,,,,,,,,,,,,,,,,,,,,,,,,,,,,,,,,,,,,,,,,24,4,33936,1748,390,98,3,both,0,49,49,4,4,,,,,156,,,,,,,,,,,,,,,,,,,,,,,,,,,,,,,,,,,
5103.721136042004,unswapping,,,,,,,,,,,,,,,,,,,,,,,,,,,,,,,,,,,,,,,,,24,4,33924,1746,390,98,3,both,1,48,48,1,5,,,,,156,,,,,,,,,,,,,,,,,,,,,,,,,,,,,,,,,,,
5103.7908038329915,unswapping,,,,,,,,,,,,,,,,,,,,,,,,,,,,,,,,,,,,,,,,,24,4,33924,1746,390,98,3,left,0,49,49,0,5,,,,,156,,,,,,,,,,,,,,,,,,,,,,,,,,,,,,,,,,,
5103.900015583,unswapping,,,,,,,,,,,,,,,,,,,,,,,,,,,,,,,,,,,,,,,,,24,4,33892,1742,390,98,3,left,1,48,48,1,6,,,,,156,,,,,,,,,,,,,,,,,,,,,,,,,,,,,,,,,,,
5103.965366707998,unswapping,,,,,,,,,,,,,,,,,,,,,,,,,,,,,,,,,,,,,,,,,24,4,33892,1742,390,98,3,right,0,49,49,0,6,,,,,156,,,,,,,,,,,,,,,,,,,,,,,,,,,,,,,,,,,
5104.033730374998,unswapping,,,,,,,,,,,,,,,,,,,,,,,,,,,,,,,,,,,,,,,,,24,4,33892,1742,390,98,3,right,1,48,48,0,6,,,,,156,,,,,,,,,,,,,,,,,,,,,,,,,,,,,,,,,,,
5104.184944292007,unswapping,,,,,,,,,,,,,,,,,,,,,,,,,,,,,,,,,,,,,,,,,24,4,33892,1742,390,98,4,both,0,49,49,0,0,,,,,156,,,,,,,,,,,,,,,,,,,,,,,,,,,,,,,,,,,
5104.323389708006,unswapping,,,,,,,,,,,,,,,,,,,,,,,,,,,,,,,,,,,,,,,,,24,4,33892,1742,390,98,4,both,1,48,48,0,0,,,,,156,,,,,,,,,,,,,,,,,,,,,,,,,,,,,,,,,,,
5104.393440917018,unswapping,,,,,,,,,,,,,,,,,,,,,,,,,,,,,,,,,,,,,,,,,24,4,33892,1742,390,98,4,left,0,49,49,0,0,,,,,156,,,,,,,,,,,,,,,,,,,,,,,,,,,,,,,,,,,
5104.463417082996,unswapping,,,,,,,,,,,,,,,,,,,,,,,,,,,,,,,,,,,,,,,,,24,4,33892,1742,390,98,4,left,1,48,48,0,0,,,,,156,,,,,,,,,,,,,,,,,,,,,,,,,,,,,,,,,,,
5104.529913667007,unswapping,,,,,,,,,,,,,,,,,,,,,,,,,,,,,,,,,,,,,,,,,24,4,33892,1742,390,98,4,right,0,49,49,0,0,,,,,156,,,,,,,,,,,,,,,,,,,,,,,,,,,,,,,,,,,
5104.59774925001,unswapping,,,,,,,,,,,,,,,,,,,,,,,,,,,,,,,,,,,,,,,,,24,4,33892,1742,390,98,4,right,1,48,48,0,0,,,,,156,,,,,,,,,,,,,,,,,,,,,,,,,,,,,,,,,,,
5104.691025250009,unswap_cycle_summary,,,,,,36,29,65,,,,,,,,,,,,,,,,,,,4096,0.002,,,,,,,,,,,,,24,4,33892,1742,390,98,,,,,,,,,,,,,,,,,,,,38,28.134205625014147,65,1984,1919,1,False,,,,,,,,,,,,,,,,,,,,,
5120.871844875015,rewiring,,,,,,,,,,,,,,,,,,,,,,,,,,,,,,,,,,,,,,,,,,,,,,,,,,,,,,,,,,,,,,,,,,38,,,,,,,left,post_unswap,16.179670875018928,20,2754,False,False,False,1,2,lookahead_total,8,False,1,1132,"(929008, 929008, 256, 256, 2031, 20950, 2842)",3.514719625003636,12.664901624986669,"[{'seed': 123, 'score': (953304, 953304, 256, 256, 1773, 20190, 2562), 'num_layers': 2562, 'total_swaps': 20190, 'max_layer_swaps': 21, 'swap_only_layers': 1773, 'work_layers': 789, 'unitary_layers': 789, 'first_work_layer': 3, 'leading_no_work_layers': 3, 'lookahead_layers_scored': 8, 'lookahead_final_elems': 953304, 'lookahead_final_max_bond': 256, 'lookahead_peak_elems': 953304, 'lookahead_peak_max_bond': 256, 'lookahead_peak_bond_l2': 304153}, {'seed': 1132, 'score': (929008, 929008, 256, 256, 2031, 20950, 2842), 'num_layers': 2842, 'total_swaps': 20950, 'max_layer_swaps': 21, 'swap_only_layers': 2031, 'work_layers': 811, 'unitary_layers': 811, 'first_work_layer': 3, 'leading_no_work_layers': 3, 'lookahead_layers_scored': 8, 'lookahead_final_elems': 929008, 'lookahead_final_max_bond': 256, 'lookahead_peak_elems': 929008, 'lookahead_peak_max_bond': 256, 'lookahead_peak_bond_l2': 299677}]",16.179645625001285,52.970081042003585
5157.6618145419925,rewiring,,,,,,,,,,,,,,,,,,,,,,,,,,,,,,,,,,,,,,,,,,,,,,,,,,,,,,,,,,,,,,,,,,38,,,,,,,right,post_unswap,36.788955958007136,20,2212,False,False,False,1,2,lookahead_total,8,False,1,1132,"(4239380, 4239380, 622, 638, 1311, 17679, 2089)",29.301896458986448,7.486892875022022,"[{'seed': 123, 'score': (4258688, 4258688, 622, 638, 1629, 18306, 2411), 'num_layers': 2411, 'total_swaps': 18306, 'max_layer_swaps': 21, 'swap_only_layers': 1629, 'work_layers': 782, 'unitary_layers': 782, 'first_work_layer': 8, 'leading_no_work_layers': 8, 'lookahead_layers_scored': 8, 'lookahead_final_elems': 4258688, 'lookahead_final_max_bond': 622, 'lookahead_peak_elems': 4258688, 'lookahead_peak_max_bond': 638, 'lookahead_peak_bond_l2': 1288230}, {'seed': 1132, 'score': (4239380, 4239380, 622, 638, 1311, 17679, 2089), 'num_layers': 2089, 'total_swaps': 17679, 'max_layer_swaps': 21, 'swap_only_layers': 1311, 'work_layers': 778, 'unitary_layers': 778, 'first_work_layer': 8, 'leading_no_work_layers': 8, 'lookahead_layers_scored': 8, 'lookahead_final_elems': 4239380, 'lookahead_final_max_bond': 622, 'lookahead_peak_elems': 4239380, 'lookahead_peak_max_bond': 638, 'lookahead_peak_bond_l2': 1278341}]",36.78885970797273,52.970081042003585
5157.759665124991,cycle_progress,,,,,,36,29,65,,,,,,,,,,,,,,,,,,,4096,0.002,,46068,3,,,,,,,,,,24,4,33892,1742,390,98,,,,,,,,,,,,,,,,,,,,38,,65,1984,1919,1,False,,,,,,,,,,,,,,,,,,,,,52.970081042003585
5158.001353750005,absorbing,L,1,0,2842,2089,36,29,65,19,0,0,0.06686254200758412,0.06929016698268242,0.13615270899026655,0.14372037502471358,33892,52148,24,80,False,False,False,False,33892,24,False,4096,0.002,,33892,0,total_elems,33892,52148,1,1,,,,0.0,24,4,33892,1742,390,98,,,,,,,,,,,,,,,,,,,,,,,,,,,,,,,,,,,,,,,,,,,,,,,
5158.154932042002,absorbing,L,2,0,2842,2089,36,29,65,21,0,0,0.0793012919893954,0.06895549999899231,0.1482567919883877,0.149942165997345,46788,52148,48,80,False,False,False,False,46788,48,False,4096,0.002,,33892,0,total_elems,46788,52148,1,1,,,,0.0,48,4,46788,2034,390,98,,,,,,,,,,,,,,,,,,,,,,,,,,,,,,,,,,,,,,,,,,,,,,,
5158.315573125001,absorbing,R,2,1,2842,2089,36,29,65,18,0,0,0.08933487502508797,0.06625675002578646,0.15559162505087443,0.15690366699709557,94960,57588,80,48,False,False,False,False,57588,48,False,4096,0.002,,33892,0,total_elems,94960,57588,1,1,,,,0.0,48,4,57588,2292,390,98,,,,,,,,,,,,,,,,,,,,,,,,,,,,,,,,,,,,,,,,,,,,,,,
5158.511656582996,absorbing,L,3,1,2842,2089,36,29,65,20,0,0,0.09827629101346247,0.09257504099514335,0.19085133200860582,0.19224991602823138,107040,116692,80,80,False,False,False,False,107040,80,False,4096,0.002,,33892,0,total_elems,107040,116692,1,1,,,,0.0,80,4,107040,2930,390,98,,,,,,,,,,,,,,,,,,,,,,,,,,,,,,,,,,,,,,,,,,,,,,,
5158.742391208012,absorbing,L,4,1,2842,2089,37,29,66,18,1,1,0.1194258329924196,0.10472262499388307,0.22414845798630267,0.22713308400125243,163632,169232,80,80,False,False,False,False,163632,80,False,4096,0.002,,33892,0,total_elems,163632,169232,1,1,,,,0.0,80,4,163632,3488,390,98,,,,,,,,,,,,,,,,,,,,,,,,,,,,,,,,,,,,,,,,,,,,,,,
5159.088544375001,absorbing,R,4,2,2842,2089,37,29,66,19,0,1,0.16531908401520923,0.1746525830239989,0.3399716670392081,0.3420013329887297,246336,233264,96,80,False,False,False,False,233264,80,False,4096,0.002,,33892,0,total_elems,246336,233264,1,1,,,,0.0,80,4,233264,4200,390,98,,,,,,,,,,,,,,,,,,,,,,,,,,,,,,,,,,,,,,,,,,,,,,,
5159.588808792003,absorbing,L,5,2,2842,2089,37,29,66,16,0,1,0.1942411249910947,0.29853904197807424,0.49278016696916893,0.49602391599910334,317152,421232,80,160,False,False,False,False,317152,80,False,4096,0.002,,33892,0,total_elems,317152,421232,1,1,,,,0.0,80,4,317152,4844,390,98,,,,,,,,,,,,,,,,,,,,,,,,,,,,,,,,,,,,,,,,,,,,,,,
5160.235281583009,absorbing,L,6,2,2842,2089,37,29,66,15,0,1,0.27506004099268466,0.3639666670060251,0.6390267079987098,0.640901250008028,483920,535200,160,160,False,False,False,False,483920,160,False,4096,0.002,,33892,0,total_elems,483920,535200,1,1,,,,0.0,160,4,483920,5840,390,98,,,,,,,,,,,,,,,,,,,,,,,,,,,,,,,,,,,,,,,,,,,,,,,
5161.400528583006,absorbing,R,6,3,2842,2089,37,29,66,19,0,1,0.6706108330108691,0.48851966598886065,1.1591304989997298,1.1611752080207225,794224,792656,192,160,False,False,False,False,792656,160,False,4096,0.002,,33892,0,total_elems,794224,792656,1,1,,,,0.0,160,4,792656,7288,390,98,,,,,,,,,,,,,,,,,,,,,,,,,,,,,,,,,,,,,,,,,,,,,,,
5176.772353417007,unswapping,,,,,,,,,,,,,,,,,,,,,,,,,,,,,,,,,,,,,,,,,320,4,1131248,8340,390,98,0,both,0,49,49,8,8,,,,,0,,,,,,,,,,,,,,,,,,,,,,,,,,,,,,,,,,,
5183.365220292006,unswapping,,,,,,,,,,,,,,,,,,,,,,,,,,,,,,,,,,,,,,,,,192,4,579616,6056,390,98,0,both,1,48,48,22,30,,,,,0,,,,,,,,,,,,,,,,,,,,,,,,,,,,,,,,,,,
5185.203611125005,unswapping,,,,,,,,,,,,,,,,,,,,,,,,,,,,,,,,,,,,,,,,,160,4,374516,4706,390,98,0,left,0,49,49,20,50,,,,,40,,,,,,,,,,,,,,,,,,,,,,,,,,,,,,,,,,,
5186.338555166993,unswapping,,,,,,,,,,,,,,,,,,,,,,,,,,,,,,,,,,,,,,,,,80,4,281828,4102,390,98,0,left,1,48,48,17,67,,,,,74,,,,,,,,,,,,,,,,,,,,,,,,,,,,,,,,,,,
5187.000601958018,unswapping,,,,,,,,,,,,,,,,,,,,,,,,,,,,,,,,,,,,,,,,,80,4,266068,3830,390,98,0,right,0,49,49,10,77,,,,,82,,,,,,,,,,,,,,,,,,,,,,,,,,,,,,,,,,,
5187.817947292002,unswapping,,,,,,,,,,,,,,,,,,,,,,,,,,,,,,,,,,,,,,,,,80,4,233832,3640,390,98,0,right,1,48,48,8,85,,,,,98,,,,,,,,,,,,,,,,,,,,,,,,,,,,,,,,,,,
5188.985149792017,unswapping,,,,,,,,,,,,,,,,,,,,,,,,,,,,,,,,,,,,,,,,,80,4,200248,3240,390,98,1,both,0,49,49,15,15,,,,,122,,,,,,,,,,,,,,,,,,,,,,,,,,,,,,,,,,,
5190.254684375017,unswapping,,,,,,,,,,,,,,,,,,,,,,,,,,,,,,,,,,,,,,,,,80,4,188200,3040,390,98,1,both,1,48,48,11,26,,,,,148,,,,,,,,,,,,,,,,,,,,,,,,,,,,,,,,,,,
5190.828402500018,unswapping,,,,,,,,,,,,,,,,,,,,,,,,,,,,,,,,,,,,,,,,,80,4,141696,2792,390,98,1,left,0,49,49,9,35,,,,,160,,,,,,,,,,,,,,,,,,,,,,,,,,,,,,,,,,,
5191.183204917004,unswapping,,,,,,,,,,,,,,,,,,,,,,,,,,,,,,,,,,,,,,,,,80,4,96736,2492,390,98,1,left,1,48,48,8,43,,,,,172,,,,,,,,,,,,,,,,,,,,,,,,,,,,,,,,,,,
5191.402901583002,unswapping,,,,,,,,,,,,,,,,,,,,,,,,,,,,,,,,,,,,,,,,,80,4,94376,2420,390,98,1,right,0,49,49,7,50,,,,,176,,,,,,,,,,,,,,,,,,,,,,,,,,,,,,,,,,,
5191.633661333006,unswapping,,,,,,,,,,,,,,,,,,,,,,,,,,,,,,,,,,,,,,,,,80,4,93416,2388,390,98,1,right,1,48,48,2,52,,,,,180,,,,,,,,,,,,,,,,,,,,,,,,,,,,,,,,,,,
5192.048859750008,unswapping,,,,,,,,,,,,,,,,,,,,,,,,,,,,,,,,,,,,,,,,,80,4,77468,2218,390,98,2,both,0,49,49,8,8,,,,,200,,,,,,,,,,,,,,,,,,,,,,,,,,,,,,,,,,,
5192.507907499996,unswapping,,,,,,,,,,,,,,,,,,,,,,,,,,,,,,,,,,,,,,,,,80,4,76140,2166,390,98,2,both,1,48,48,5,13,,,,,210,,,,,,,,,,,,,,,,,,,,,,,,,,,,,,,,,,,
5192.726335582993,unswapping,,,,,,,,,,,,,,,,,,,,,,,,,,,,,,,,,,,,,,,,,48,4,63836,2066,390,98,2,left,0,49,49,4,17,,,,,216,,,,,,,,,,,,,,,,,,,,,,,,,,,,,,,,,,,
5192.90159587501,unswapping,,,,,,,,,,,,,,,,,,,,,,,,,,,,,,,,,,,,,,,,,48,4,59644,1992,390,98,2,left,1,48,48,4,21,,,,,220,,,,,,,,,,,,,,,,,,,,,,,,,,,,,,,,,,,
5193.013070125016,unswapping,,,,,,,,,,,,,,,,,,,,,,,,,,,,,,,,,,,,,,,,,48,4,59644,1992,390,98,2,right,0,49,49,0,21,,,,,220,,,,,,,,,,,,,,,,,,,,,,,,,,,,,,,,,,,
5193.161817417014,unswapping,,,,,,,,,,,,,,,,,,,,,,,,,,,,,,,,,,,,,,,,,48,4,59596,1988,390,98,2,right,1,48,48,1,22,,,,,222,,,,,,,,,,,,,,,,,,,,,,,,,,,,,,,,,,,
5193.5188710000075,unswapping,,,,,,,,,,,,,,,,,,,,,,,,,,,,,,,,,,,,,,,,,48,4,59152,1962,390,98,3,both,0,49,49,4,4,,,,,232,,,,,,,,,,,,,,,,,,,,,,,,,,,,,,,,,,,
5193.846011542017,unswapping,,,,,,,,,,,,,,,,,,,,,,,,,,,,,,,,,,,,,,,,,48,4,59092,1954,390,98,3,both,1,48,48,2,6,,,,,236,,,,,,,,,,,,,,,,,,,,,,,,,,,,,,,,,,,
5193.956930792017,unswapping,,,,,,,,,,,,,,,,,,,,,,,,,,,,,,,,,,,,,,,,,48,4,59092,1954,390,98,3,left,0,49,49,0,6,,,,,236,,,,,,,,,,,,,,,,,,,,,,,,,,,,,,,,,,,
5194.055613625009,unswapping,,,,,,,,,,,,,,,,,,,,,,,,,,,,,,,,,,,,,,,,,48,4,59092,1954,390,98,3,left,1,48,48,0,6,,,,,236,,,,,,,,,,,,,,,,,,,,,,,,,,,,,,,,,,,
5194.16410766702,unswapping,,,,,,,,,,,,,,,,,,,,,,,,,,,,,,,,,,,,,,,,,48,4,59092,1954,390,98,3,right,0,49,49,0,6,,,,,236,,,,,,,,,,,,,,,,,,,,,,,,,,,,,,,,,,,
5194.264130625001,unswapping,,,,,,,,,,,,,,,,,,,,,,,,,,,,,,,,,,,,,,,,,48,4,59092,1954,390,98,3,right,1,48,48,0,6,,,,,236,,,,,,,,,,,,,,,,,,,,,,,,,,,,,,,,,,,
5194.5002653750125,unswapping,,,,,,,,,,,,,,,,,,,,,,,,,,,,,,,,,,,,,,,,,48,4,59092,1954,390,98,4,both,0,49,49,0,0,,,,,236,,,,,,,,,,,,,,,,,,,,,,,,,,,,,,,,,,,
5194.713098292006,unswapping,,,,,,,,,,,,,,,,,,,,,,,,,,,,,,,,,,,,,,,,,48,4,59092,1954,390,98,4,both,1,48,48,0,0,,,,,236,,,,,,,,,,,,,,,,,,,,,,,,,,,,,,,,,,,
5194.820932500006,unswapping,,,,,,,,,,,,,,,,,,,,,,,,,,,,,,,,,,,,,,,,,48,4,59092,1954,390,98,4,left,0,49,49,0,0,,,,,236,,,,,,,,,,,,,,,,,,,,,,,,,,,,,,,,,,,
5194.917362292006,unswapping,,,,,,,,,,,,,,,,,,,,,,,,,,,,,,,,,,,,,,,,,48,4,59092,1954,390,98,4,left,1,48,48,0,0,,,,,236,,,,,,,,,,,,,,,,,,,,,,,,,,,,,,,,,,,
5195.025129792019,unswapping,,,,,,,,,,,,,,,,,,,,,,,,,,,,,,,,,,,,,,,,,48,4,59092,1954,390,98,4,right,0,49,49,0,0,,,,,236,,,,,,,,,,,,,,,,,,,,,,,,,,,,,,,,,,,
5195.121859583014,unswapping,,,,,,,,,,,,,,,,,,,,,,,,,,,,,,,,,,,,,,,,,48,4,59092,1954,390,98,4,right,1,48,48,0,0,,,,,236,,,,,,,,,,,,,,,,,,,,,,,,,,,,,,,,,,,
5195.21981000001,unswap_cycle_summary,,,,,,37,29,66,,,,,,,,,,,,,,,,,,,4096,0.002,,,,,,,,,,,,,48,4,59092,1954,390,98,,,,,,,,,,,,,,,,,,,,39,31.545527917012805,66,1984,1918,1,False,,,,,,,,,,,,,,,,,,,,,
5210.519299083011,rewiring,,,,,,,,,,,,,,,,,,,,,,,,,,,,,,,,,,,,,,,,,,,,,,,,,,,,,,,,,,,,,,,,,,39,,,,,,,left,post_unswap,15.298185834020842,20,2838,False,False,False,1,2,lookahead_total,8,False,1,1132,"(820552, 820552, 192, 192, 1729, 20643, 2502)",3.841164874989772,11.456959166011075,"[{'seed': 123, 'score': (1143232, 1143232, 320, 320, 1809, 20873, 2595), 'num_layers': 2595, 'total_swaps': 20873, 'max_layer_swaps': 23, 'swap_only_layers': 1809, 'work_layers': 786, 'unitary_layers': 786, 'first_work_layer': 16, 'leading_no_work_layers': 16, 'lookahead_layers_scored': 8, 'lookahead_final_elems': 1143232, 'lookahead_final_max_bond': 320, 'lookahead_peak_elems': 1143232, 'lookahead_peak_max_bond': 320, 'lookahead_peak_bond_l2': 413777}, {'seed': 1132, 'score': (820552, 820552, 192, 192, 1729, 20643, 2502), 'num_layers': 2502, 'total_swaps': 20643, 'max_layer_swaps': 21, 'swap_only_layers': 1729, 'work_layers': 773, 'unitary_layers': 773, 'first_work_layer': 18, 'leading_no_work_layers': 18, 'lookahead_layers_scored': 8, 'lookahead_final_elems': 820552, 'lookahead_final_max_bond': 192, 'lookahead_peak_elems': 820552, 'lookahead_peak_max_bond': 192, 'lookahead_peak_bond_l2': 243305}]",15.298157749988604,506.4688682499982
5701.689416792011,rewiring,,,,,,,,,,,,,,,,,,,,,,,,,,,,,,,,,,,,,,,,,,,,,,,,,,,,,,,,,,,,,,,,,,39,,,,,,,right,post_unswap,491.1680308750074,20,2088,False,False,False,1,2,lookahead_total,8,False,1,1132,"(25973652, 25973652, 2444, 2444, 1505, 17862, 2258)",483.5947286259907,7.5732233339804225,"[{'seed': 123, 'score': (26016148, 26016148, 2476, 2476, 1549, 18007, 2309), 'num_layers': 2309, 'total_swaps': 18007, 'max_layer_swaps': 24, 'swap_only_layers': 1549, 'work_layers': 760, 'unitary_layers': 760, 'first_work_layer': 8, 'leading_no_work_layers': 8, 'lookahead_layers_scored': 8, 'lookahead_final_elems': 26016148, 'lookahead_final_max_bond': 2476, 'lookahead_peak_elems': 26016148, 'lookahead_peak_max_bond': 2476, 'lookahead_peak_bond_l2': 9800107}, {'seed': 1132, 'score': (25973652, 25973652, 2444, 2444, 1505, 17862, 2258), 'num_layers': 2258, 'total_swaps': 17862, 'max_layer_swaps': 21, 'swap_only_layers': 1505, 'work_layers': 753, 'unitary_layers': 753, 'first_work_layer': 6, 'leading_no_work_layers': 6, 'lookahead_layers_scored': 8, 'lookahead_final_elems': 25973652, 'lookahead_final_max_bond': 2444, 'lookahead_peak_elems': 25973652, 'lookahead_peak_max_bond': 2444, 'lookahead_peak_bond_l2': 9619670}]",491.1679920000024,506.4688682499982
5701.7827051249915,cycle_progress,,,,,,37,29,66,,,,,,,,,,,,,,,,,,,4096,0.002,,33892,0,,,,,,,,,,48,4,59092,1954,390,98,,,,,,,,,,,,,,,,,,,,39,,66,1984,1918,1,False,,,,,,,,,,,,,,,,,,,,,506.4688682499982
5702.0295062920195,absorbing,L,1,0,2502,2258,37,29,66,21,0,0,0.0638535000034608,0.07240270799957216,0.13625620800303295,0.15076562500325963,59092,80880,48,80,False,False,False,False,59092,48,False,4096,0.002,,59092,0,total_elems,59092,80880,1,1,,,,0.0,48,4,59092,1954,390,98,,,,,,,,,,,,,,,,,,,,,,,,,,,,,,,,,,,,,,,,,,,,,,,
5702.193574375007,absorbing,R,1,1,2502,2258,37,29,66,16,0,0,0.08821029198588803,0.07094154198421165,0.1591518339700997,0.16041800001403317,87364,80880,80,80,False,False,False,False,80880,80,False,4096,0.002,,59092,0,total_elems,87364,80880,1,1,,,,0.0,80,4,80880,2330,390,98,,,,,,,,,,,,,,,,,,,,,,,,,,,,,,,,,,,,,,,,,,,,,,,
5702.401161332993,absorbing,L,2,1,2502,2258,37,29,66,20,0,0,0.09196287501254119,0.11096529199858196,0.20292816701112315,0.2041775000107009,103580,184640,80,128,False,False,False,False,103580,80,False,4096,0.002,,59092,0,total_elems,103580,184640,1,1,,,,0.0,80,4,103580,2668,390,98,,,,,,,,,,,,,,,,,,,,,,,,,,,,,,,,,,,,,,,,,,,,,,,
5702.626006292005,absorbing,L,3,1,2502,2258,37,29,66,21,0,0,0.09756041600485332,0.12184795900247991,0.21940837500733323,0.22089645799132995,159928,210744,80,128,False,False,False,False,159928,80,False,4096,0.002,,59092,0,total_elems,159928,210744,1,1,,,,0.0,80,4,159928,3182,390,98,,,,,,,,,,,,,,,,,,,,,,,,,,,,,,,,,,,,,,,,,,,,,,,
5702.956145542004,absorbing,L,4,1,2502,2258,37,29,66,16,0,0,0.1365404579846654,0.18798629200318828,0.3245267499878537,0.32630970800528303,251832,292820,80,160,False,False,False,False,251832,80,False,4096,0.002,,59092,0,total_elems,251832,292820,1,1,,,,0.0,80,4,251832,4076,390,98,,,,,,,,,,,,,,,,,,,,,,,,,,,,,,,,,,,,,,,,,,,,,,,
5703.4216239170055,absorbing,L,5,1,2502,2258,37,29,66,13,0,0,0.17985666700406,0.27868579200003296,0.45854245900409296,0.4603733340045437,391112,439924,80,160,False,False,False,False,391112,80,False,4096,0.002,,59092,0,total_elems,391112,439924,1,1,,,,0.0,80,4,391112,4908,390,98,,,,,,,,,,,,,,,,,,,,,,,,,,,,,,,,,,,,,,,,,,,,,,,
5704.065369874996,absorbing,L,6,1,2502,2258,37,29,66,14,0,0,0.21366370798205025,0.42314195801736787,0.6368056659994181,0.6381741669902112,510328,733636,160,320,False,False,False,False,510328,160,False,4096,0.002,,59092,0,total_elems,510328,733636,1,1,,,,0.0,160,4,510328,5576,390,98,,,,,,,,,,,,,,,,,,,,,,,,,,,,,,,,,,,,,,,,,,,,,,,
5705.088927667006,absorbing,L,7,1,2502,2258,37,29,66,13,0,0,0.5041949170117732,0.5133481670054607,1.017543084017234,1.0194668749754783,693368,862516,192,320,False,False,False,False,693368,192,False,4096,0.002,,59092,0,total_elems,693368,862516,1,1,,,,0.0,192,4,693368,6416,390,98,,,,,,,,,,,,,,,,,,,,,,,,,,,,,,,,,,,,,,,,,,,,,,,
5706.258073958015,absorbing,L,8,1,2502,2258,37,29,66,13,0,0,0.5303314169868827,0.6282536670041736,1.1585850839910563,1.1642462919990066,929144,1126964,192,320,False,False,False,True,929144,192,False,4096,0.002,,59092,0,total_elems,929144,1126964,1,1,,,,0.0,192,4,929144,7472,390,98,,,,,,,,,,,,,,,,,,,,,,,,,,,,,,,,,,,,,,,,,,,,,,,
5717.165619542007,unswapping,,,,,,,,,,,,,,,,,,,,,,,,,,,,,,,,,,,,,,,,,318,4,1172152,8156,390,98,0,both,0,49,49,7,7,,,,,0,,,,,,,,,,,,,,,,,,,,,,,,,,,,,,,,,,,
5727.958700082992,unswapping,,,,,,,,,,,,,,,,,,,,,,,,,,,,,,,,,,,,,,,,,316,4,1050684,7268,390,98,0,both,1,48,48,14,21,,,,,0,,,,,,,,,,,,,,,,,,,,,,,,,,,,,,,,,,,
5732.199660083017,unswapping,,,,,,,,,,,,,,,,,,,,,,,,,,,,,,,,,,,,,,,,,189,4,690784,5914,390,98,0,left,0,49,49,16,37,,,,,32,,,,,,,,,,,,,,,,,,,,,,,,,,,,,,,,,,,
5734.442319416994,unswapping,,,,,,,,,,,,,,,,,,,,,,,,,,,,,,,,,,,,,,,,,187,4,556008,5046,390,98,0,left,1,48,48,18,55,,,,,68,,,,,,,,,,,,,,,,,,,,,,,,,,,,,,,,,,,
5736.198983000009,unswapping,,,,,,,,,,,,,,,,,,,,,,,,,,,,,,,,,,,,,,,,,186,4,525848,4800,390,98,0,right,0,49,49,5,60,,,,,74,,,,,,,,,,,,,,,,,,,,,,,,,,,,,,,,,,,
5738.188544875011,unswapping,,,,,,,,,,,,,,,,,,,,,,,,,,,,,,,,,,,,,,,,,185,4,469876,4444,390,98,0,right,1,48,48,14,74,,,,,100,,,,,,,,,,,,,,,,,,,,,,,,,,,,,,,,,,,
5741.743123541994,unswapping,,,,,,,,,,,,,,,,,,,,,,,,,,,,,,,,,,,,,,,,,156,4,318912,3736,390,98,1,both,0,49,49,15,15,,,,,134,,,,,,,,,,,,,,,,,,,,,,,,,,,,,,,,,,,
5743.541257583012,unswapping,,,,,,,,,,,,,,,,,,,,,,,,,,,,,,,,,,,,,,,,,80,4,211696,3248,390,98,1,both,1,48,48,7,22,,,,,144,,,,,,,,,,,,,,,,,,,,,,,,,,,,,,,,,,,
5744.081324625004,unswapping,,,,,,,,,,,,,,,,,,,,,,,,,,,,,,,,,,,,,,,,,80,4,178392,2988,390,98,1,left,0,49,49,11,33,,,,,162,,,,,,,,,,,,,,,,,,,,,,,,,,,,,,,,,,,
5744.462458875001,unswapping,,,,,,,,,,,,,,,,,,,,,,,,,,,,,,,,,,,,,,,,,80,4,175976,2890,390,98,1,left,1,48,48,7,40,,,,,176,,,,,,,,,,,,,,,,,,,,,,,,,,,,,,,,,,,
5744.796852500003,unswapping,,,,,,,,,,,,,,,,,,,,,,,,,,,,,,,,,,,,,,,,,80,4,175976,2890,390,98,1,right,0,49,49,0,40,,,,,176,,,,,,,,,,,,,,,,,,,,,,,,,,,,,,,,,,,
5745.214285875001,unswapping,,,,,,,,,,,,,,,,,,,,,,,,,,,,,,,,,,,,,,,,,80,4,151016,2738,390,98,1,right,1,48,48,3,43,,,,,182,,,,,,,,,,,,,,,,,,,,,,,,,,,,,,,,,,,
5746.104680624994,unswapping,,,,,,,,,,,,,,,,,,,,,,,,,,,,,,,,,,,,,,,,,80,4,104300,2480,390,98,2,both,0,49,49,8,8,,,,,192,,,,,,,,,,,,,,,,,,,,,,,,,,,,,,,,,,,
5746.590956625005,unswapping,,,,,,,,,,,,,,,,,,,,,,,,,,,,,,,,,,,,,,,,,64,4,67372,2154,390,98,2,both,1,48,48,10,18,,,,,210,,,,,,,,,,,,,,,,,,,,,,,,,,,,,,,,,,,
5746.767360208003,unswapping,,,,,,,,,,,,,,,,,,,,,,,,,,,,,,,,,,,,,,,,,64,4,57692,2004,390,98,2,left,0,49,49,6,24,,,,,220,,,,,,,,,,,,,,,,,,,,,,,,,,,,,,,,,,,
5746.9438792500005,unswapping,,,,,,,,,,,,,,,,,,,,,,,,,,,,,,,,,,,,,,,,,64,4,54828,1948,390,98,2,left,1,48,48,3,27,,,,,226,,,,,,,,,,,,,,,,,,,,,,,,,,,,,,,,,,,
5747.103635042004,unswapping,,,,,,,,,,,,,,,,,,,,,,,,,,,,,,,,,,,,,,,,,64,4,54780,1944,390,98,2,right,0,49,49,1,28,,,,,226,,,,,,,,,,,,,,,,,,,,,,,,,,,,,,,,,,,
5747.211241792014,unswapping,,,,,,,,,,,,,,,,,,,,,,,,,,,,,,,,,,,,,,,,,64,4,54780,1944,390,98,2,right,1,48,48,0,28,,,,,226,,,,,,,,,,,,,,,,,,,,,,,,,,,,,,,,,,,
5747.546876750013,unswapping,,,,,,,,,,,,,,,,,,,,,,,,,,,,,,,,,,,,,,,,,64,4,53248,1906,390,98,3,both,0,49,49,4,4,,,,,228,,,,,,,,,,,,,,,,,,,,,,,,,,,,,,,,,,,
5747.892008333001,unswapping,,,,,,,,,,,,,,,,,,,,,,,,,,,,,,,,,,,,,,,,,64,4,51988,1878,390,98,3,both,1,48,48,3,7,,,,,228,,,,,,,,,,,,,,,,,,,,,,,,,,,,,,,,,,,
5747.9898652080155,unswapping,,,,,,,,,,,,,,,,,,,,,,,,,,,,,,,,,,,,,,,,,64,4,51988,1878,390,98,3,left,0,49,49,0,7,,,,,228,,,,,,,,,,,,,,,,,,,,,,,,,,,,,,,,,,,
5748.099059708009,unswapping,,,,,,,,,,,,,,,,,,,,,,,,,,,,,,,,,,,,,,,,,64,4,51988,1878,390,98,3,left,1,48,48,0,7,,,,,228,,,,,,,,,,,,,,,,,,,,,,,,,,,,,,,,,,,
5748.19739687501,unswapping,,,,,,,,,,,,,,,,,,,,,,,,,,,,,,,,,,,,,,,,,64,4,51988,1878,390,98,3,right,0,49,49,0,7,,,,,228,,,,,,,,,,,,,,,,,,,,,,,,,,,,,,,,,,,
5748.303605875,unswapping,,,,,,,,,,,,,,,,,,,,,,,,,,,,,,,,,,,,,,,,,64,4,51988,1878,390,98,3,right,1,48,48,0,7,,,,,228,,,,,,,,,,,,,,,,,,,,,,,,,,,,,,,,,,,
5748.624382708018,unswapping,,,,,,,,,,,,,,,,,,,,,,,,,,,,,,,,,,,,,,,,,64,4,50532,1850,390,98,4,both,0,49,49,2,2,,,,,230,,,,,,,,,,,,,,,,,,,,,,,,,,,,,,,,,,,
5751.9383490420005,unswapping,,,,,,,,,,,,,,,,,,,,,,,,,,,,,,,,,,,,,,,,,64,4,50276,1842,390,98,4,both,1,48,48,1,3,,,,,230,,,,,,,,,,,,,,,,,,,,,,,,,,,,,,,,,,,
5752.0297028750065,unswapping,,,,,,,,,,,,,,,,,,,,,,,,,,,,,,,,,,,,,,,,,64,4,50276,1842,390,98,4,left,0,49,49,0,3,,,,,230,,,,,,,,,,,,,,,,,,,,,,,,,,,,,,,,,,,
5752.173251625005,unswapping,,,,,,,,,,,,,,,,,,,,,,,,,,,,,,,,,,,,,,,,,64,4,49076,1822,390,98,4,left,1,48,48,1,4,,,,,232,,,,,,,,,,,,,,,,,,,,,,,,,,,,,,,,,,,
5752.2610580420005,unswapping,,,,,,,,,,,,,,,,,,,,,,,,,,,,,,,,,,,,,,,,,64,4,49076,1822,390,98,4,right,0,49,49,0,4,,,,,232,,,,,,,,,,,,,,,,,,,,,,,,,,,,,,,,,,,
5752.355970458011,unswapping,,,,,,,,,,,,,,,,,,,,,,,,,,,,,,,,,,,,,,,,,64,4,49076,1822,390,98,4,right,1,48,48,0,4,,,,,232,,,,,,,,,,,,,,,,,,,,,,,,,,,,,,,,,,,
5752.644239000016,unswapping,,,,,,,,,,,,,,,,,,,,,,,,,,,,,,,,,,,,,,,,,64,4,47876,1802,390,98,5,both,0,49,49,1,1,,,,,234,,,,,,,,,,,,,,,,,,,,,,,,,,,,,,,,,,,
5752.854127291997,unswapping,,,,,,,,,,,,,,,,,,,,,,,,,,,,,,,,,,,,,,,,,64,4,47876,1802,390,98,5,both,1,48,48,0,1,,,,,234,,,,,,,,,,,,,,,,,,,,,,,,,,,,,,,,,,,
5752.942755541997,unswapping,,,,,,,,,,,,,,,,,,,,,,,,,,,,,,,,,,,,,,,,,64,4,47876,1802,390,98,5,left,0,49,49,0,1,,,,,234,,,,,,,,,,,,,,,,,,,,,,,,,,,,,,,,,,,
5753.036956750002,unswapping,,,,,,,,,,,,,,,,,,,,,,,,,,,,,,,,,,,,,,,,,64,4,47876,1802,390,98,5,left,1,48,48,0,1,,,,,234,,,,,,,,,,,,,,,,,,,,,,,,,,,,,,,,,,,
5753.124019458017,unswapping,,,,,,,,,,,,,,,,,,,,,,,,,,,,,,,,,,,,,,,,,64,4,47876,1802,390,98,5,right,0,49,49,0,1,,,,,234,,,,,,,,,,,,,,,,,,,,,,,,,,,,,,,,,,,
5753.21706187501,unswapping,,,,,,,,,,,,,,,,,,,,,,,,,,,,,,,,,,,,,,,,,64,4,47876,1802,390,98,5,right,1,48,48,0,1,,,,,234,,,,,,,,,,,,,,,,,,,,,,,,,,,,,,,,,,,
5753.409851000004,unswapping,,,,,,,,,,,,,,,,,,,,,,,,,,,,,,,,,,,,,,,,,64,4,47876,1802,390,98,6,both,0,49,49,0,0,,,,,234,,,,,,,,,,,,,,,,,,,,,,,,,,,,,,,,,,,
5753.6179112080135,unswapping,,,,,,,,,,,,,,,,,,,,,,,,,,,,,,,,,,,,,,,,,64,4,47876,1802,390,98,6,both,1,48,48,0,0,,,,,234,,,,,,,,,,,,,,,,,,,,,,,,,,,,,,,,,,,
5753.705657542014,unswapping,,,,,,,,,,,,,,,,,,,,,,,,,,,,,,,,,,,,,,,,,64,4,47876,1802,390,98,6,left,0,49,49,0,0,,,,,234,,,,,,,,,,,,,,,,,,,,,,,,,,,,,,,,,,,
5753.798722208012,unswapping,,,,,,,,,,,,,,,,,,,,,,,,,,,,,,,,,,,,,,,,,64,4,47876,1802,390,98,6,left,1,48,48,0,0,,,,,234,,,,,,,,,,,,,,,,,,,,,,,,,,,,,,,,,,,
5753.885911999998,unswapping,,,,,,,,,,,,,,,,,,,,,,,,,,,,,,,,,,,,,,,,,64,4,47876,1802,390,98,6,right,0,49,49,0,0,,,,,234,,,,,,,,,,,,,,,,,,,,,,,,,,,,,,,,,,,
5753.9832789580105,unswapping,,,,,,,,,,,,,,,,,,,,,,,,,,,,,,,,,,,,,,,,,64,4,47876,1802,390,98,6,right,1,48,48,0,0,,,,,234,,,,,,,,,,,,,,,,,,,,,,,,,,,,,,,,,,,
5754.081749583012,unswap_cycle_summary,,,,,,37,29,66,,,,,,,,,,,,,,,,,,,4096,0.002,,,,,,,,,,,,,64,4,47876,1802,390,98,,,,,,,,,,,,,,,,,,,,40,45.998913124989485,66,1984,1918,0,False,,,,,,,,,,,,,,,,,,,,,
5766.08518254201,rewiring,,,,,,,,,,,,,,,,,,,,,,,,,,,,,,,,,,,,,,,,,,,,,,,,,,,,,,,,,,,,,,,,,,40,,,,,,,left,post_unswap,12.001685416005785,20,2496,False,False,False,0,2,lookahead_total,8,False,1,1132,"(580096, 580096, 256, 256, 1837, 20698, 2631)",2.69699087497429,9.304642125003738,"[{'seed': 123, 'score': (891832, 891832, 317, 317, 1883, 20342, 2666), 'num_layers': 2666, 'total_swaps': 20342, 'max_layer_swaps': 24, 'swap_only_layers': 1883, 'work_layers': 783, 'unitary_layers': 783, 'first_work_layer': 16, 'leading_no_work_layers': 16, 'lookahead_layers_scored': 8, 'lookahead_final_elems': 891832, 'lookahead_final_max_bond': 317, 'lookahead_peak_elems': 891832, 'lookahead_peak_max_bond': 317, 'lookahead_peak_bond_l2': 305288}, {'seed': 1132, 'score': (580096, 580096, 256, 256, 1837, 20698, 2631), 'num_layers': 2631, 'total_swaps': 20698, 'max_layer_swaps': 25, 'swap_only_layers': 1837, 'work_layers': 794, 'unitary_layers': 794, 'first_work_layer': 14, 'leading_no_work_layers': 14, 'lookahead_layers_scored': 8, 'lookahead_final_elems': 580096, 'lookahead_final_max_bond': 256, 'lookahead_peak_elems': 580096, 'lookahead_peak_max_bond': 256, 'lookahead_peak_bond_l2': 218878}]",12.001657249988057,161.71749758301303
5915.80005429202,rewiring,,,,,,,,,,,,,,,,,,,,,,,,,,,,,,,,,,,,,,,,,,,,,,,,,,,,,,,,,,,,,,,,,,40,,,,,,,right,post_unswap,149.71364362500026,20,2259,False,False,False,0,2,lookahead_total,8,False,1,123,"(5302396, 5337936, 1191, 1228, 1437, 18285, 2206)",140.63659570802702,9.077001292986097,"[{'seed': 123, 'score': (5302396, 5337936, 1191, 1228, 1437, 18285, 2206), 'num_layers': 2206, 'total_swaps': 18285, 'max_layer_swaps': 22, 'swap_only_layers': 1437, 'work_layers': 769, 'unitary_layers': 769, 'first_work_layer': 8, 'leading_no_work_layers': 8, 'lookahead_layers_scored': 8, 'lookahead_final_elems': 5302396, 'lookahead_final_max_bond': 1191, 'lookahead_peak_elems': 5337936, 'lookahead_peak_max_bond': 1228, 'lookahead_peak_bond_l2': 2187193}, {'seed': 1132, 'score': (18006068, 18006068, 1171, 1228, 1479, 17960, 2236), 'num_layers': 2236, 'total_swaps': 17960, 'max_layer_swaps': 22, 'swap_only_layers': 1479, 'work_layers': 757, 'unitary_layers': 757, 'first_work_layer': 7, 'leading_no_work_layers': 7, 'lookahead_layers_scored': 8, 'lookahead_final_elems': 18006068, 'lookahead_final_max_bond': 1171, 'lookahead_peak_elems': 18006068, 'lookahead_peak_max_bond': 1228, 'lookahead_peak_bond_l2': 5285655}]",149.71363275000476,161.71749758301303
5915.917447832995,cycle_progress,,,,,,37,29,66,,,,,,,,,,,,,,,,,,,4096,0.002,,59092,0,,,,,,,,,,64,4,47876,1802,390,98,,,,,,,,,,,,,,,,,,,,40,,66,1984,1918,0,False,,,,,,,,,,,,,,,,,,,,,161.71749758301303
5916.182811750012,absorbing,L,1,0,2631,2206,37,29,66,16,0,0,0.06768370801000856,0.0740146669850219,0.14169837499503046,0.15175083299982361,47876,60980,64,64,False,False,False,False,47876,64,False,4096,0.002,,47876,1,total_elems,47876,60980,1,1,,,,0.0,64,4,47876,1802,390,98,,,,,,,,,,,,,,,,,,,,,,,,,,,,,,,,,,,,,,,,,,,,,,,
5916.334994000004,absorbing,L,2,0,2631,2206,37,29,66,17,0,0,0.07087974998285063,0.07370325000374578,0.1445829999865964,0.1461681250075344,58876,60980,64,64,False,False,False,False,58876,64,False,4096,0.002,,47876,1,total_elems,58876,60980,1,1,,,,0.0,64,4,58876,2086,390,98,,,,,,,,,,,,,,,,,,,,,,,,,,,,,,,,,,,,,,,,,,,,,,,
5916.516802041995,absorbing,R,2,1,2631,2206,37,29,66,15,0,0,0.09471133298939094,0.08189624999067746,0.1766075829800684,0.17808174999663606,87420,72352,80,64,False,False,False,False,72352,64,False,4096,0.002,,47876,1,total_elems,87420,72352,1,1,,,,0.0,64,4,72352,2334,390,98,,,,,,,,,,,,,,,,,,,,,,,,,,,,,,,,,,,,,,,,,,,,,,,
5916.748670667002,absorbing,L,3,1,2631,2206,37,29,66,16,0,0,0.09506687498651445,0.13154920801753178,0.22661608300404623,0.22800204099621624,101976,137084,80,128,False,False,False,False,101976,80,False,4096,0.002,,47876,1,total_elems,101976,137084,1,1,,,,0.0,80,4,101976,2756,390,98,,,,,,,,,,,,,,,,,,,,,,,,,,,,,,,,,,,,,,,,,,,,,,,
5917.004830582999,absorbing,L,4,1,2631,2206,37,29,66,16,0,0,0.11241529198014177,0.1380083339754492,0.250423625955591,0.25194424999062903,163464,175796,96,128,False,False,False,False,163464,96,False,4096,0.002,,47876,1,total_elems,163464,175796,1,1,,,,0.0,96,4,163464,3372,390,98,,,,,,,,,,,,,,,,,,,,,,,,,,,,,,,,,,,,,,,,,,,,,,,
5917.369747167017,absorbing,L,5,1,2631,2206,37,29,66,13,0,0,0.17309541601571254,0.1863866249914281,0.35948204100714065,0.36114770799758844,210424,267076,96,128,False,False,False,False,210424,96,False,4096,0.002,,47876,1,total_elems,210424,267076,1,1,,,,0.0,96,4,210424,3880,390,98,,,,,,,,,,,,,,,,,,,,,,,,,,,,,,,,,,,,,,,,,,,,,,,
5917.742972417007,absorbing,L,6,1,2631,2206,37,29,66,13,0,0,0.179555957991397,0.18675962500856258,0.3663155829999596,0.3676909999921918,277416,311988,96,128,False,False,False,False,277416,96,False,4096,0.002,,47876,1,total_elems,277416,311988,1,1,,,,0.0,96,4,277416,4488,390,98,,,,,,,,,,,,,,,,,,,,,,,,,,,,,,,,,,,,,,,,,,,,,,,
5918.251633708016,absorbing,R,6,2,2631,2206,37,29,66,18,0,0,0.2345287499774713,0.2691046670079231,0.5036334169853944,0.5050362499896437,428552,395300,128,128,False,False,False,False,395300,128,False,4096,0.002,,47876,1,total_elems,428552,395300,1,1,,,,0.0,128,4,395300,5246,390,98,,,,,,,,,,,,,,,,,,,,,,,,,,,,,,,,,,,,,,,,,,,,,,,
5918.944512707996,absorbing,L,7,2,2631,2206,37,29,66,12,0,0,0.2976319169974886,0.3898351670068223,0.6874670840043109,0.6890516249986831,606148,664640,160,160,False,False,False,False,606148,160,False,4096,0.002,,47876,1,total_elems,606148,664640,1,1,,,,0.0,160,4,606148,6418,390,98,,,,,,,,,,,,,,,,,,,,,,,,,,,,,,,,,,,,,,,,,,,,,,,
5928.555411542009,unswapping,,,,,,,,,,,,,,,,,,,,,,,,,,,,,,,,,,,,,,,,,256,4,898948,6982,390,98,0,both,0,49,49,8,8,,,,,0,,,,,,,,,,,,,,,,,,,,,,,,,,,,,,,,,,,
5934.9590725419985,unswapping,,,,,,,,,,,,,,,,,,,,,,,,,,,,,,,,,,,,,,,,,159,4,531964,5382,390,98,0,both,1,48,48,16,24,,,,,0,,,,,,,,,,,,,,,,,,,,,,,,,,,,,,,,,,,
5936.552137833001,unswapping,,,,,,,,,,,,,,,,,,,,,,,,,,,,,,,,,,,,,,,,,126,4,408996,4582,390,98,0,left,0,49,49,13,37,,,,,26,,,,,,,,,,,,,,,,,,,,,,,,,,,,,,,,,,,
5938.0808553330135,unswapping,,,,,,,,,,,,,,,,,,,,,,,,,,,,,,,,,,,,,,,,,126,4,281500,3896,390,98,0,left,1,48,48,16,53,,,,,58,,,,,,,,,,,,,,,,,,,,,,,,,,,,,,,,,,,
5938.775101250008,unswapping,,,,,,,,,,,,,,,,,,,,,,,,,,,,,,,,,,,,,,,,,94,4,204664,3420,390,98,0,right,0,49,49,9,62,,,,,68,,,,,,,,,,,,,,,,,,,,,,,,,,,,,,,,,,,
5939.326476082992,unswapping,,,,,,,,,,,,,,,,,,,,,,,,,,,,,,,,,,,,,,,,,92,4,199804,3326,390,98,0,right,1,48,48,6,68,,,,,76,,,,,,,,,,,,,,,,,,,,,,,,,,,,,,,,,,,
5940.678961958009,unswapping,,,,,,,,,,,,,,,,,,,,,,,,,,,,,,,,,,,,,,,,,88,4,159972,3080,390,98,1,both,0,49,49,9,9,,,,,84,,,,,,,,,,,,,,,,,,,,,,,,,,,,,,,,,,,
5941.44038795802,unswapping,,,,,,,,,,,,,,,,,,,,,,,,,,,,,,,,,,,,,,,,,64,4,107048,2684,390,98,1,both,1,48,48,10,19,,,,,104,,,,,,,,,,,,,,,,,,,,,,,,,,,,,,,,,,,
5941.675984208006,unswapping,,,,,,,,,,,,,,,,,,,,,,,,,,,,,,,,,,,,,,,,,64,4,95856,2510,390,98,1,left,0,49,49,7,26,,,,,114,,,,,,,,,,,,,,,,,,,,,,,,,,,,,,,,,,,
5941.898304833012,unswapping,,,,,,,,,,,,,,,,,,,,,,,,,,,,,,,,,,,,,,,,,64,4,95408,2496,390,98,1,left,1,48,48,1,27,,,,,116,,,,,,,,,,,,,,,,,,,,,,,,,,,,,,,,,,,
5942.112596167019,unswapping,,,,,,,,,,,,,,,,,,,,,,,,,,,,,,,,,,,,,,,,,64,4,93672,2462,390,98,1,right,0,49,49,2,29,,,,,120,,,,,,,,,,,,,,,,,,,,,,,,,,,,,,,,,,,
5942.354152083019,unswapping,,,,,,,,,,,,,,,,,,,,,,,,,,,,,,,,,,,,,,,,,64,4,88136,2408,390,98,1,right,1,48,48,2,31,,,,,116,,,,,,,,,,,,,,,,,,,,,,,,,,,,,,,,,,,
5942.800008791994,unswapping,,,,,,,,,,,,,,,,,,,,,,,,,,,,,,,,,,,,,,,,,64,4,81440,2324,390,98,2,both,0,49,49,7,7,,,,,124,,,,,,,,,,,,,,,,,,,,,,,,,,,,,,,,,,,
5943.263837208011,unswapping,,,,,,,,,,,,,,,,,,,,,,,,,,,,,,,,,,,,,,,,,64,4,77404,2262,390,98,2,both,1,48,48,4,11,,,,,130,,,,,,,,,,,,,,,,,,,,,,,,,,,,,,,,,,,
5943.386647208012,unswapping,,,,,,,,,,,,,,,,,,,,,,,,,,,,,,,,,,,,,,,,,64,4,77404,2262,390,98,2,left,0,49,49,0,11,,,,,130,,,,,,,,,,,,,,,,,,,,,,,,,,,,,,,,,,,
5943.603919125017,unswapping,,,,,,,,,,,,,,,,,,,,,,,,,,,,,,,,,,,,,,,,,64,4,72444,2212,390,98,2,left,1,48,48,3,14,,,,,134,,,,,,,,,,,,,,,,,,,,,,,,,,,,,,,,,,,
5943.70850966702,unswapping,,,,,,,,,,,,,,,,,,,,,,,,,,,,,,,,,,,,,,,,,64,4,72444,2212,390,98,2,right,0,49,49,0,14,,,,,134,,,,,,,,,,,,,,,,,,,,,,,,,,,,,,,,,,,
5943.961558125011,unswapping,,,,,,,,,,,,,,,,,,,,,,,,,,,,,,,,,,,,,,,,,64,4,71676,2196,390,98,2,right,1,48,48,1,15,,,,,134,,,,,,,,,,,,,,,,,,,,,,,,,,,,,,,,,,,
5944.365215750004,unswapping,,,,,,,,,,,,,,,,,,,,,,,,,,,,,,,,,,,,,,,,,64,4,60972,2076,390,98,3,both,0,49,49,6,6,,,,,140,,,,,,,,,,,,,,,,,,,,,,,,,,,,,,,,,,,
5944.714791375009,unswapping,,,,,,,,,,,,,,,,,,,,,,,,,,,,,,,,,,,,,,,,,64,4,54788,2006,390,98,3,both,1,48,48,4,10,,,,,148,,,,,,,,,,,,,,,,,,,,,,,,,,,,,,,,,,,
5944.871650250017,unswapping,,,,,,,,,,,,,,,,,,,,,,,,,,,,,,,,,,,,,,,,,64,4,52348,1964,390,98,3,left,0,49,49,3,13,,,,,152,,,,,,,,,,,,,,,,,,,,,,,,,,,,,,,,,,,
5945.024047500017,unswapping,,,,,,,,,,,,,,,,,,,,,,,,,,,,,,,,,,,,,,,,,64,4,51756,1946,390,98,3,left,1,48,48,1,14,,,,,154,,,,,,,,,,,,,,,,,,,,,,,,,,,,,,,,,,,
5945.185705583019,unswapping,,,,,,,,,,,,,,,,,,,,,,,,,,,,,,,,,,,,,,,,,64,4,46876,1904,390,98,3,right,0,49,49,1,15,,,,,156,,,,,,,,,,,,,,,,,,,,,,,,,,,,,,,,,,,
5945.331439166999,unswapping,,,,,,,,,,,,,,,,,,,,,,,,,,,,,,,,,,,,,,,,,64,4,46540,1894,390,98,3,right,1,48,48,1,16,,,,,156,,,,,,,,,,,,,,,,,,,,,,,,,,,,,,,,,,,
5945.672258417006,unswapping,,,,,,,,,,,,,,,,,,,,,,,,,,,,,,,,,,,,,,,,,64,4,46188,1882,390,98,4,both,0,49,49,1,1,,,,,156,,,,,,,,,,,,,,,,,,,,,,,,,,,,,,,,,,,
5946.015159917006,unswapping,,,,,,,,,,,,,,,,,,,,,,,,,,,,,,,,,,,,,,,,,64,4,45916,1872,390,98,4,both,1,48,48,2,3,,,,,156,,,,,,,,,,,,,,,,,,,,,,,,,,,,,,,,,,,
5946.164674458007,unswapping,,,,,,,,,,,,,,,,,,,,,,,,,,,,,,,,,,,,,,,,,64,4,45916,1872,390,98,4,left,0,49,49,0,3,,,,,156,,,,,,,,,,,,,,,,,,,,,,,,,,,,,,,,,,,
5946.261280792009,unswapping,,,,,,,,,,,,,,,,,,,,,,,,,,,,,,,,,,,,,,,,,64,4,45916,1872,390,98,4,left,1,48,48,0,3,,,,,156,,,,,,,,,,,,,,,,,,,,,,,,,,,,,,,,,,,
5946.349669582996,unswapping,,,,,,,,,,,,,,,,,,,,,,,,,,,,,,,,,,,,,,,,,64,4,45916,1872,390,98,4,right,0,49,49,0,3,,,,,156,,,,,,,,,,,,,,,,,,,,,,,,,,,,,,,,,,,
5946.440387333016,unswapping,,,,,,,,,,,,,,,,,,,,,,,,,,,,,,,,,,,,,,,,,64,4,45916,1872,390,98,4,right,1,48,48,0,3,,,,,156,,,,,,,,,,,,,,,,,,,,,,,,,,,,,,,,,,,
5946.738899542019,unswapping,,,,,,,,,,,,,,,,,,,,,,,,,,,,,,,,,,,,,,,,,64,4,45724,1864,390,98,5,both,0,49,49,1,1,,,,,158,,,,,,,,,,,,,,,,,,,,,,,,,,,,,,,,,,,
5947.047929875,unswapping,,,,,,,,,,,,,,,,,,,,,,,,,,,,,,,,,,,,,,,,,64,4,45532,1856,390,98,5,both,1,48,48,1,2,,,,,158,,,,,,,,,,,,,,,,,,,,,,,,,,,,,,,,,,,
5947.207658625004,unswapping,,,,,,,,,,,,,,,,,,,,,,,,,,,,,,,,,,,,,,,,,64,4,45340,1848,390,98,5,left,0,49,49,1,3,,,,,160,,,,,,,,,,,,,,,,,,,,,,,,,,,,,,,,,,,
5947.307368917012,unswapping,,,,,,,,,,,,,,,,,,,,,,,,,,,,,,,,,,,,,,,,,64,4,45340,1848,390,98,5,left,1,48,48,0,3,,,,,160,,,,,,,,,,,,,,,,,,,,,,,,,,,,,,,,,,,
5947.410690791992,unswapping,,,,,,,,,,,,,,,,,,,,,,,,,,,,,,,,,,,,,,,,,64,4,45340,1848,390,98,5,right,0,49,49,0,3,,,,,160,,,,,,,,,,,,,,,,,,,,,,,,,,,,,,,,,,,
5947.503250708018,unswapping,,,,,,,,,,,,,,,,,,,,,,,,,,,,,,,,,,,,,,,,,64,4,45340,1848,390,98,5,right,1,48,48,0,3,,,,,160,,,,,,,,,,,,,,,,,,,,,,,,,,,,,,,,,,,
5947.696285917016,unswapping,,,,,,,,,,,,,,,,,,,,,,,,,,,,,,,,,,,,,,,,,64,4,45340,1848,390,98,6,both,0,49,49,0,0,,,,,160,,,,,,,,,,,,,,,,,,,,,,,,,,,,,,,,,,,
5947.886303792009,unswapping,,,,,,,,,,,,,,,,,,,,,,,,,,,,,,,,,,,,,,,,,64,4,45340,1848,390,98,6,both,1,48,48,0,0,,,,,160,,,,,,,,,,,,,,,,,,,,,,,,,,,,,,,,,,,
5947.974677999999,unswapping,,,,,,,,,,,,,,,,,,,,,,,,,,,,,,,,,,,,,,,,,64,4,45340,1848,390,98,6,left,0,49,49,0,0,,,,,160,,,,,,,,,,,,,,,,,,,,,,,,,,,,,,,,,,,
5948.061294542014,unswapping,,,,,,,,,,,,,,,,,,,,,,,,,,,,,,,,,,,,,,,,,64,4,45340,1848,390,98,6,left,1,48,48,0,0,,,,,160,,,,,,,,,,,,,,,,,,,,,,,,,,,,,,,,,,,
5948.143843416998,unswapping,,,,,,,,,,,,,,,,,,,,,,,,,,,,,,,,,,,,,,,,,64,4,45340,1848,390,98,6,right,0,49,49,0,0,,,,,160,,,,,,,,,,,,,,,,,,,,,,,,,,,,,,,,,,,
5948.226145082997,unswapping,,,,,,,,,,,,,,,,,,,,,,,,,,,,,,,,,,,,,,,,,64,4,45340,1848,390,98,6,right,1,48,48,0,0,,,,,160,,,,,,,,,,,,,,,,,,,,,,,,,,,,,,,,,,,
5948.32466087502,unswap_cycle_summary,,,,,,37,29,66,,,,,,,,,,,,,,,,,,,4096,0.002,,,,,,,,,,,,,64,4,45340,1848,390,98,,,,,,,,,,,,,,,,,,,,41,27.679490625014296,66,1984,1918,0,False,,,,,,,,,,,,,,,,,,,,,
5961.080501999997,rewiring,,,,,,,,,,,,,,,,,,,,,,,,,,,,,,,,,,,,,,,,,,,,,,,,,,,,,,,,,,,,,,,,,,41,,,,,,,left,post_unswap,12.75460104100057,20,2626,False,False,False,0,2,lookahead_total,8,False,1,123,"(499368, 499368, 130, 130, 1878, 20536, 2660)",2.5083051249966957,10.246253291959874,"[{'seed': 123, 'score': (499368, 499368, 130, 130, 1878, 20536, 2660), 'num_layers': 2660, 'total_swaps': 20536, 'max_layer_swaps': 20, 'swap_only_layers': 1878, 'work_layers': 782, 'unitary_layers': 782, 'first_work_layer': 13, 'leading_no_work_layers': 13, 'lookahead_layers_scored': 8, 'lookahead_final_elems': 499368, 'lookahead_final_max_bond': 130, 'lookahead_peak_elems': 499368, 'lookahead_peak_max_bond': 130, 'lookahead_peak_bond_l2': 149071}, {'seed': 1132, 'score': (545464, 545464, 256, 256, 1724, 20876, 2494), 'num_layers': 2494, 'total_swaps': 20876, 'max_layer_swaps': 20, 'swap_only_layers': 1724, 'work_layers': 770, 'unitary_layers': 770, 'first_work_layer': 13, 'leading_no_work_layers': 13, 'lookahead_layers_scored': 8, 'lookahead_final_elems': 545464, 'lookahead_final_max_bond': 256, 'lookahead_peak_elems': 545464, 'lookahead_peak_max_bond': 256, 'lookahead_peak_bond_l2': 188959}]",12.754586833994836,325.4891613750078
6273.814409750019,rewiring,,,,,,,,,,,,,,,,,,,,,,,,,,,,,,,,,,,,,,,,,,,,,,,,,,,,,,,,,,,,,,,,,,41,,,,,,,right,post_unswap,312.7328746250132,20,2206,False,False,False,0,2,lookahead_total,8,False,1,1132,"(16085604, 16085604, 1827, 1827, 1352, 18036, 2093)",302.978637667984,9.753958458983107,"[{'seed': 123, 'score': (36932228, 36932228, 1839, 1839, 1482, 17597, 2231), 'num_layers': 2231, 'total_swaps': 17597, 'max_layer_swaps': 22, 'swap_only_layers': 1482, 'work_layers': 749, 'unitary_layers': 749, 'first_work_layer': 9, 'leading_no_work_layers': 9, 'lookahead_layers_scored': 8, 'lookahead_final_elems': 36932228, 'lookahead_final_max_bond': 1839, 'lookahead_peak_elems': 36932228, 'lookahead_peak_max_bond': 1839, 'lookahead_peak_bond_l2': 12069917}, {'seed': 1132, 'score': (16085604, 16085604, 1827, 1827, 1352, 18036, 2093), 'num_layers': 2093, 'total_swaps': 18036, 'max_layer_swaps': 23, 'swap_only_layers': 1352, 'work_layers': 741, 'unitary_layers': 741, 'first_work_layer': 9, 'leading_no_work_layers': 9, 'lookahead_layers_scored': 8, 'lookahead_final_elems': 16085604, 'lookahead_final_max_bond': 1827, 'lookahead_peak_elems': 16085604, 'lookahead_peak_max_bond': 1827, 'lookahead_peak_bond_l2': 6365505}]",312.7326581249945,325.4891613750078
6273.916514167009,cycle_progress,,,,,,37,29,66,,,,,,,,,,,,,,,,,,,4096,0.002,,47876,1,,,,,,,,,,64,4,45340,1848,390,98,,,,,,,,,,,,,,,,,,,,41,,66,1984,1918,0,False,,,,,,,,,,,,,,,,,,,,,325.4891613750078
6274.1645212919975,absorbing,L,1,0,2660,2093,37,29,66,19,0,0,0.06218045801506378,0.06523524998920038,0.12741570800426416,0.14645162501255982,45340,68192,64,64,False,False,False,False,45340,64,False,4096,0.002,,45340,2,total_elems,45340,68192,1,1,,,,0.0,64,4,45340,1848,390,98,,,,,,,,,,,,,,,,,,,,,,,,,,,,,,,,,,,,,,,,,,,,,,,
6274.3002758749935,absorbing,R,1,1,2660,2093,37,29,66,15,0,0,0.06741087499540299,0.06350341599318199,0.13091429098858498,0.13240520801628008,71012,68192,78,64,False,False,False,False,68192,64,False,4096,0.002,,45340,2,total_elems,71012,68192,1,1,,,,0.0,64,4,68192,2280,390,98,,,,,,,,,,,,,,,,,,,,,,,,,,,,,,,,,,,,,,,,,,,,,,,
6274.477156875015,absorbing,L,2,1,2660,2093,37,29,66,16,0,0,0.07440541702089831,0.09722991599119268,0.171635333012091,0.17310733397607692,80256,152800,78,127,False,False,False,False,80256,78,False,4096,0.002,,45340,2,total_elems,80256,152800,1,1,,,,0.0,78,4,80256,2590,390,98,,,,,,,,,,,,,,,,,,,,,,,,,,,,,,,,,,,,,,,,,,,,,,,
6274.656696874998,absorbing,L,3,1,2660,2093,37,29,66,15,0,0,0.08218674999079667,0.09226124998531304,0.1744479999761097,0.17615016701165587,118800,147976,80,127,False,False,False,False,118800,80,False,4096,0.002,,45340,2,total_elems,118800,147976,1,1,,,,0.0,80,4,118800,3004,390,98,,,,,,,,,,,,,,,,,,,,,,,,,,,,,,,,,,,,,,,,,,,,,,,
6274.894894249999,absorbing,L,4,1,2660,2093,37,29,66,14,0,0,0.12369437501183711,0.10752341599436477,0.23121779100620188,0.23430650000227615,164984,183196,80,127,False,False,False,False,164984,80,False,4096,0.002,,45340,2,total_elems,164984,183196,1,1,,,,0.0,80,4,164984,3476,390,98,,,,,,,,,,,,,,,,,,,,,,,,,,,,,,,,,,,,,,,,,,,,,,,
6275.210830583004,absorbing,R,4,2,2660,2093,37,29,66,17,0,0,0.16118183298385702,0.14725820801686496,0.308440041000722,0.3119788749900181,251804,243684,128,128,False,False,False,False,243684,128,False,4096,0.002,,45340,2,total_elems,251804,243684,1,1,,,,0.0,128,4,243684,4142,390,98,,,,,,,,,,,,,,,,,,,,,,,,,,,,,,,,,,,,,,,,,,,,,,,
6275.723409458005,absorbing,L,5,2,2660,2093,37,29,66,13,0,0,0.18095637499936856,0.32336779197794385,0.5043241669773124,0.5088812919857446,355504,545576,128,155,False,False,False,False,355504,128,False,4096,0.002,,45340,2,total_elems,355504,545576,1,1,,,,0.0,128,4,355504,4920,390,98,,,,,,,,,,,,,,,,,,,,,,,,,,,,,,,,,,,,,,,,,,,,,,,
6276.4862006670155,absorbing,L,6,2,2660,2093,37,29,66,12,0,0,0.32134937500813976,0.43493941600900143,0.7562887910171412,0.758785790996626,611120,752160,128,155,False,False,False,False,611120,128,False,4096,0.002,,45340,2,total_elems,611120,752160,1,1,,,,0.0,128,4,611120,5870,390,98,,,,,,,,,,,,,,,,,,,,,,,,,,,,,,,,,,,,,,,,,,,,,,,
6278.406003000011,absorbing,L,7,2,2660,2093,37,29,66,11,0,0,0.6230427089903969,1.2901445839961525,1.9131872929865494,1.9155209580203518,750944,1618708,247,511,False,False,False,True,750944,247,False,4096,0.002,,45340,2,total_elems,750944,1618708,1,1,,,,0.0,247,4,750944,6384,390,98,,,,,,,,,,,,,,,,,,,,,,,,,,,,,,,,,,,,,,,,,,,,,,,
6280.588225167012,absorbing,L,8,2,2660,2093,37,29,66,10,0,0,0.5532352500013076,1.6180009999952745,2.171236249996582,2.176989458006574,982564,2005180,245,511,False,False,False,True,982564,245,False,4096,0.002,,45340,2,total_elems,982564,2005180,1,1,,,,0.0,245,4,982564,7226,390,98,,,,,,,,,,,,,,,,,,,,,,,,,,,,,,,,,,,,,,,,,,,,,,,
6296.992952708009,unswapping,,,,,,,,,,,,,,,,,,,,,,,,,,,,,,,,,,,,,,,,,256,4,1227744,7934,390,98,0,both,0,49,49,3,3,,,,,0,,,,,,,,,,,,,,,,,,,,,,,,,,,,,,,,,,,
6306.232564833015,unswapping,,,,,,,,,,,,,,,,,,,,,,,,,,,,,,,,,,,,,,,,,128,4,651936,5936,390,98,0,both,1,48,48,13,16,,,,,0,,,,,,,,,,,,,,,,,,,,,,,,,,,,,,,,,,,
6308.326776083006,unswapping,,,,,,,,,,,,,,,,,,,,,,,,,,,,,,,,,,,,,,,,,128,4,441272,5062,390,98,0,left,0,49,49,16,32,,,,,32,,,,,,,,,,,,,,,,,,,,,,,,,,,,,,,,,,,
6309.767876667,unswapping,,,,,,,,,,,,,,,,,,,,,,,,,,,,,,,,,,,,,,,,,115,4,281452,4138,390,98,0,left,1,48,48,20,52,,,,,72,,,,,,,,,,,,,,,,,,,,,,,,,,,,,,,,,,,
6310.441096124996,unswapping,,,,,,,,,,,,,,,,,,,,,,,,,,,,,,,,,,,,,,,,,113,4,230800,3752,390,98,0,right,0,49,49,9,61,,,,,86,,,,,,,,,,,,,,,,,,,,,,,,,,,,,,,,,,,
6311.100301667,unswapping,,,,,,,,,,,,,,,,,,,,,,,,,,,,,,,,,,,,,,,,,112,4,223156,3610,390,98,0,right,1,48,48,11,72,,,,,108,,,,,,,,,,,,,,,,,,,,,,,,,,,,,,,,,,,
6312.2680323749955,unswapping,,,,,,,,,,,,,,,,,,,,,,,,,,,,,,,,,,,,,,,,,107,4,192484,3334,390,98,1,both,0,49,49,13,13,,,,,126,,,,,,,,,,,,,,,,,,,,,,,,,,,,,,,,,,,
6313.334802541998,unswapping,,,,,,,,,,,,,,,,,,,,,,,,,,,,,,,,,,,,,,,,,106,4,159436,3026,390,98,1,both,1,48,48,12,25,,,,,148,,,,,,,,,,,,,,,,,,,,,,,,,,,,,,,,,,,
6313.675912583014,unswapping,,,,,,,,,,,,,,,,,,,,,,,,,,,,,,,,,,,,,,,,,106,4,147404,2868,390,98,1,left,0,49,49,7,32,,,,,162,,,,,,,,,,,,,,,,,,,,,,,,,,,,,,,,,,,
6314.129910707998,unswapping,,,,,,,,,,,,,,,,,,,,,,,,,,,,,,,,,,,,,,,,,106,4,113140,2652,390,98,1,left,1,48,48,7,39,,,,,174,,,,,,,,,,,,,,,,,,,,,,,,,,,,,,,,,,,
6314.372235582996,unswapping,,,,,,,,,,,,,,,,,,,,,,,,,,,,,,,,,,,,,,,,,74,4,86996,2450,390,98,1,right,0,49,49,5,44,,,,,178,,,,,,,,,,,,,,,,,,,,,,,,,,,,,,,,,,,
6314.582976833015,unswapping,,,,,,,,,,,,,,,,,,,,,,,,,,,,,,,,,,,,,,,,,74,4,85728,2412,390,98,1,right,1,48,48,5,49,,,,,178,,,,,,,,,,,,,,,,,,,,,,,,,,,,,,,,,,,
6315.113064000005,unswapping,,,,,,,,,,,,,,,,,,,,,,,,,,,,,,,,,,,,,,,,,53,4,70816,2252,390,98,2,both,0,49,49,11,11,,,,,186,,,,,,,,,,,,,,,,,,,,,,,,,,,,,,,,,,,
6315.452300458011,unswapping,,,,,,,,,,,,,,,,,,,,,,,,,,,,,,,,,,,,,,,,,40,4,56920,2084,390,98,2,both,1,48,48,8,19,,,,,190,,,,,,,,,,,,,,,,,,,,,,,,,,,,,,,,,,,
6315.621384208003,unswapping,,,,,,,,,,,,,,,,,,,,,,,,,,,,,,,,,,,,,,,,,40,4,50668,1992,390,98,2,left,0,49,49,5,24,,,,,196,,,,,,,,,,,,,,,,,,,,,,,,,,,,,,,,,,,
6315.769836791995,unswapping,,,,,,,,,,,,,,,,,,,,,,,,,,,,,,,,,,,,,,,,,40,4,47000,1886,390,98,2,left,1,48,48,6,30,,,,,204,,,,,,,,,,,,,,,,,,,,,,,,,,,,,,,,,,,
6315.862668375019,unswapping,,,,,,,,,,,,,,,,,,,,,,,,,,,,,,,,,,,,,,,,,40,4,47000,1886,390,98,2,right,0,49,49,0,30,,,,,204,,,,,,,,,,,,,,,,,,,,,,,,,,,,,,,,,,,
6315.988662832999,unswapping,,,,,,,,,,,,,,,,,,,,,,,,,,,,,,,,,,,,,,,,,39,4,46796,1884,390,98,2,right,1,48,48,1,31,,,,,202,,,,,,,,,,,,,,,,,,,,,,,,,,,,,,,,,,,
6316.3083915000025,unswapping,,,,,,,,,,,,,,,,,,,,,,,,,,,,,,,,,,,,,,,,,38,4,42816,1824,390,98,3,both,0,49,49,3,3,,,,,204,,,,,,,,,,,,,,,,,,,,,,,,,,,,,,,,,,,
6316.5668144170195,unswapping,,,,,,,,,,,,,,,,,,,,,,,,,,,,,,,,,,,,,,,,,38,4,40404,1790,390,98,3,both,1,48,48,3,6,,,,,206,,,,,,,,,,,,,,,,,,,,,,,,,,,,,,,,,,,
6316.7143365830125,unswapping,,,,,,,,,,,,,,,,,,,,,,,,,,,,,,,,,,,,,,,,,38,4,39524,1762,390,98,3,left,0,49,49,2,8,,,,,210,,,,,,,,,,,,,,,,,,,,,,,,,,,,,,,,,,,
6316.788084375003,unswapping,,,,,,,,,,,,,,,,,,,,,,,,,,,,,,,,,,,,,,,,,38,4,39524,1762,390,98,3,left,1,48,48,0,8,,,,,210,,,,,,,,,,,,,,,,,,,,,,,,,,,,,,,,,,,
6316.8770557919925,unswapping,,,,,,,,,,,,,,,,,,,,,,,,,,,,,,,,,,,,,,,,,38,4,39524,1762,390,98,3,right,0,49,49,0,8,,,,,210,,,,,,,,,,,,,,,,,,,,,,,,,,,,,,,,,,,
6316.945543792011,unswapping,,,,,,,,,,,,,,,,,,,,,,,,,,,,,,,,,,,,,,,,,38,4,39524,1762,390,98,3,right,1,48,48,0,8,,,,,210,,,,,,,,,,,,,,,,,,,,,,,,,,,,,,,,,,,
6317.239894750004,unswapping,,,,,,,,,,,,,,,,,,,,,,,,,,,,,,,,,,,,,,,,,38,4,37796,1746,390,98,4,both,0,49,49,1,1,,,,,210,,,,,,,,,,,,,,,,,,,,,,,,,,,,,,,,,,,
6317.488315374998,unswapping,,,,,,,,,,,,,,,,,,,,,,,,,,,,,,,,,,,,,,,,,38,4,35044,1714,390,98,4,both,1,48,48,1,2,,,,,212,,,,,,,,,,,,,,,,,,,,,,,,,,,,,,,,,,,
6317.565734833013,unswapping,,,,,,,,,,,,,,,,,,,,,,,,,,,,,,,,,,,,,,,,,38,4,35044,1714,390,98,4,left,0,49,49,0,2,,,,,212,,,,,,,,,,,,,,,,,,,,,,,,,,,,,,,,,,,
6317.633615917002,unswapping,,,,,,,,,,,,,,,,,,,,,,,,,,,,,,,,,,,,,,,,,38,4,35044,1714,390,98,4,left,1,48,48,0,2,,,,,212,,,,,,,,,,,,,,,,,,,,,,,,,,,,,,,,,,,
6317.7118162080005,unswapping,,,,,,,,,,,,,,,,,,,,,,,,,,,,,,,,,,,,,,,,,38,4,35044,1714,390,98,4,right,0,49,49,0,2,,,,,212,,,,,,,,,,,,,,,,,,,,,,,,,,,,,,,,,,,
6317.836587124999,unswapping,,,,,,,,,,,,,,,,,,,,,,,,,,,,,,,,,,,,,,,,,38,4,34436,1706,390,98,4,right,1,48,48,1,3,,,,,210,,,,,,,,,,,,,,,,,,,,,,,,,,,,,,,,,,,
6318.136957750015,unswapping,,,,,,,,,,,,,,,,,,,,,,,,,,,,,,,,,,,,,,,,,38,4,33956,1698,390,98,5,both,0,49,49,2,2,,,,,212,,,,,,,,,,,,,,,,,,,,,,,,,,,,,,,,,,,
6318.278831083007,unswapping,,,,,,,,,,,,,,,,,,,,,,,,,,,,,,,,,,,,,,,,,38,4,33956,1698,390,98,5,both,1,48,48,0,2,,,,,212,,,,,,,,,,,,,,,,,,,,,,,,,,,,,,,,,,,
6318.361251583003,unswapping,,,,,,,,,,,,,,,,,,,,,,,,,,,,,,,,,,,,,,,,,38,4,33956,1698,390,98,5,left,0,49,49,0,2,,,,,212,,,,,,,,,,,,,,,,,,,,,,,,,,,,,,,,,,,
6318.4297106250015,unswapping,,,,,,,,,,,,,,,,,,,,,,,,,,,,,,,,,,,,,,,,,38,4,33956,1698,390,98,5,left,1,48,48,0,2,,,,,212,,,,,,,,,,,,,,,,,,,,,,,,,,,,,,,,,,,
6318.50824658302,unswapping,,,,,,,,,,,,,,,,,,,,,,,,,,,,,,,,,,,,,,,,,38,4,33956,1698,390,98,5,right,0,49,49,0,2,,,,,212,,,,,,,,,,,,,,,,,,,,,,,,,,,,,,,,,,,
6318.573025457998,unswapping,,,,,,,,,,,,,,,,,,,,,,,,,,,,,,,,,,,,,,,,,38,4,33956,1698,390,98,5,right,1,48,48,0,2,,,,,212,,,,,,,,,,,,,,,,,,,,,,,,,,,,,,,,,,,
6318.734485291992,unswapping,,,,,,,,,,,,,,,,,,,,,,,,,,,,,,,,,,,,,,,,,38,4,33956,1698,390,98,6,both,0,49,49,0,0,,,,,212,,,,,,,,,,,,,,,,,,,,,,,,,,,,,,,,,,,
6318.873537333013,unswapping,,,,,,,,,,,,,,,,,,,,,,,,,,,,,,,,,,,,,,,,,38,4,33956,1698,390,98,6,both,1,48,48,0,0,,,,,212,,,,,,,,,,,,,,,,,,,,,,,,,,,,,,,,,,,
6318.955246458005,unswapping,,,,,,,,,,,,,,,,,,,,,,,,,,,,,,,,,,,,,,,,,38,4,33956,1698,390,98,6,left,0,49,49,0,0,,,,,212,,,,,,,,,,,,,,,,,,,,,,,,,,,,,,,,,,,
6319.02642095802,unswapping,,,,,,,,,,,,,,,,,,,,,,,,,,,,,,,,,,,,,,,,,38,4,33956,1698,390,98,6,left,1,48,48,0,0,,,,,212,,,,,,,,,,,,,,,,,,,,,,,,,,,,,,,,,,,
6319.113316750008,unswapping,,,,,,,,,,,,,,,,,,,,,,,,,,,,,,,,,,,,,,,,,38,4,33956,1698,390,98,6,right,0,49,49,0,0,,,,,212,,,,,,,,,,,,,,,,,,,,,,,,,,,,,,,,,,,
6319.182389207999,unswapping,,,,,,,,,,,,,,,,,,,,,,,,,,,,,,,,,,,,,,,,,38,4,33956,1698,390,98,6,right,1,48,48,0,0,,,,,212,,,,,,,,,,,,,,,,,,,,,,,,,,,,,,,,,,,
6319.292592832993,unswap_cycle_summary,,,,,,37,29,66,,,,,,,,,,,,,,,,,,,4096,0.002,,,,,,,,,,,,,38,4,33956,1698,390,98,,,,,,,,,,,,,,,,,,,,42,35.512240291020134,66,1984,1918,0,False,,,,,,,,,,,,,,,,,,,,,
6333.723363541998,rewiring,,,,,,,,,,,,,,,,,,,,,,,,,,,,,,,,,,,,,,,,,,,,,,,,,,,,,,,,,,,,,,,,,,42,,,,,,,left,post_unswap,14.42831641700468,20,2654,False,False,False,0,2,lookahead_total,8,False,1,1132,"(787416, 787416, 160, 160, 1701, 20507, 2477)",3.832160332996864,10.596101166011067,"[{'seed': 123, 'score': (1140856, 1140856, 319, 319, 1738, 20712, 2522), 'num_layers': 2522, 'total_swaps': 20712, 'max_layer_swaps': 22, 'swap_only_layers': 1738, 'work_layers': 784, 'unitary_layers': 784, 'first_work_layer': 8, 'leading_no_work_layers': 8, 'lookahead_layers_scored': 8, 'lookahead_final_elems': 1140856, 'lookahead_final_max_bond': 319, 'lookahead_peak_elems': 1140856, 'lookahead_peak_max_bond': 319, 'lookahead_peak_bond_l2': 405062}, {'seed': 1132, 'score': (787416, 787416, 160, 160, 1701, 20507, 2477), 'num_layers': 2477, 'total_swaps': 20507, 'max_layer_swaps': 26, 'swap_only_layers': 1701, 'work_layers': 776, 'unitary_layers': 776, 'first_work_layer': 8, 'leading_no_work_layers': 8, 'lookahead_layers_scored': 8, 'lookahead_final_elems': 787416, 'lookahead_final_max_bond': 160, 'lookahead_peak_elems': 787416, 'lookahead_peak_max_bond': 160, 'lookahead_peak_bond_l2': 234473}]",14.428292541997507,88.14827816700563
6407.441718957998,rewiring,,,,,,,,,,,,,,,,,,,,,,,,,,,,,,,,,,,,,,,,,,,,,,,,,,,,,,,,,,,,,,,,,,42,,,,,,,right,post_unswap,73.71716999998898,20,2093,False,False,False,0,2,lookahead_total,8,False,1,123,"(3567196, 3567196, 484, 484, 1371, 17605, 2159)",66.30556616702233,7.411563207977451,"[{'seed': 123, 'score': (3567196, 3567196, 484, 484, 1371, 17605, 2159), 'num_layers': 2159, 'total_swaps': 17605, 'max_layer_swaps': 23, 'swap_only_layers': 1371, 'work_layers': 788, 'unitary_layers': 788, 'first_work_layer': 4, 'leading_no_work_layers': 4, 'lookahead_layers_scored': 8, 'lookahead_final_elems': 3567196, 'lookahead_final_max_bond': 484, 'lookahead_peak_elems': 3567196, 'lookahead_peak_max_bond': 484, 'lookahead_peak_bond_l2': 1072544}, {'seed': 1132, 'score': (16602280, 16602280, 1452, 1480, 1339, 17900, 2093), 'num_layers': 2093, 'total_swaps': 17900, 'max_layer_swaps': 24, 'swap_only_layers': 1339, 'work_layers': 754, 'unitary_layers': 754, 'first_work_layer': 4, 'leading_no_work_layers': 4, 'lookahead_layers_scored': 8, 'lookahead_final_elems': 16602280, 'lookahead_final_max_bond': 1452, 'lookahead_peak_elems': 16602280, 'lookahead_peak_max_bond': 1480, 'lookahead_peak_bond_l2': 5565085}]",73.71716075000586,88.14827816700563
6407.542180457996,cycle_progress,,,,,,37,29,66,,,,,,,,,,,,,,,,,,,4096,0.002,,45340,2,,,,,,,,,,38,4,33956,1698,390,98,,,,,,,,,,,,,,,,,,,,42,,66,1984,1918,0,False,,,,,,,,,,,,,,,,,,,,,88.14827816700563
6407.778035458003,absorbing,L,1,0,2477,2159,37,29,66,22,0,0,0.05868674998055212,0.05986591600230895,0.11855266598286107,0.13463954199687578,33956,43948,38,44,False,False,False,False,33956,38,False,4096,0.002,,33956,3,total_elems,33956,43948,1,1,,,,0.0,38,4,33956,1698,390,98,,,,,,,,,,,,,,,,,,,,,,,,,,,,,,,,,,,,,,,,,,,,,,,
6407.918660875002,absorbing,R,1,1,2477,2159,37,29,66,17,0,0,0.07482583401724696,0.0608632089861203,0.13568904300336726,0.13715875000343658,55260,43948,76,44,False,False,False,False,43948,44,False,4096,0.002,,33956,3,total_elems,55260,43948,1,1,,,,0.0,44,4,43948,2012,390,98,,,,,,,,,,,,,,,,,,,,,,,,,,,,,,,,,,,,,,,,,,,,,,,
6408.059710500005,absorbing,L,2,1,2477,2159,37,29,66,18,0,0,0.07101070799399167,0.06522899999981746,0.13623970799380913,0.13748499998473562,65896,75124,76,52,False,False,False,False,65896,76,False,4096,0.002,,33956,3,total_elems,65896,75124,1,1,,,,0.0,76,4,65896,2360,390,98,,,,,,,,,,,,,,,,,,,,,,,,,,,,,,,,,,,,,,,,,,,,,,,
6408.226923750015,absorbing,R,2,2,2477,2159,37,29,66,20,0,0,0.08970154100097716,0.0728879579983186,0.16258949899929576,0.16383029200369492,125608,99228,76,76,False,False,False,False,99228,76,False,4096,0.002,,33956,3,total_elems,125608,99228,1,1,,,,0.0,76,4,99228,2778,390,98,,,,,,,,,,,,,,,,,,,,,,,,,,,,,,,,,,,,,,,,,,,,,,,
6408.434024417016,absorbing,L,3,2,2477,2159,37,29,66,18,0,0,0.09271758401882835,0.10942212500958703,0.20213970902841538,0.20347775000846013,154700,200648,75,168,False,False,False,False,154700,75,False,4096,0.002,,33956,3,total_elems,154700,200648,1,1,,,,0.0,75,4,154700,3302,390,98,,,,,,,,,,,,,,,,,,,,,,,,,,,,,,,,,,,,,,,,,,,,,,,
6408.743707957998,absorbing,L,4,2,2477,2159,37,29,66,14,0,0,0.1543827920104377,0.15028274999349378,0.3046655420039315,0.30606395899667405,247916,263776,144,159,False,False,False,False,247916,144,False,4096,0.002,,33956,3,total_elems,247916,263776,1,1,,,,0.0,144,4,247916,4016,390,98,,,,,,,,,,,,,,,,,,,,,,,,,,,,,,,,,,,,,,,,,,,,,,,
6409.301670125016,absorbing,L,5,2,2477,2159,37,29,66,12,0,0,0.36338112500379793,0.18904083300731145,0.5524219580111094,0.5541100410046056,392004,410384,160,160,False,False,False,False,392004,160,False,4096,0.002,,33956,3,total_elems,392004,410384,1,1,,,,0.0,160,4,392004,4766,390,98,,,,,,,,,,,,,,,,,,,,,,,,,,,,,,,,,,,,,,,,,,,,,,,
6410.030093750014,absorbing,L,6,2,2477,2159,37,29,66,12,0,0,0.34723966600722633,0.375981250021141,0.7232209160283674,0.7245117919810582,627876,752760,160,160,False,False,False,False,627876,160,False,4096,0.002,,33956,3,total_elems,627876,752760,1,1,,,,0.0,160,4,627876,5518,390,98,,,,,,,,,,,,,,,,,,,,,,,,,,,,,,,,,,,,,,,,,,,,,,,
6411.809372292017,absorbing,L,7,2,2477,2159,37,29,66,13,0,0,0.6003608329920098,1.1739559170091525,1.7743167500011623,1.775964833010221,791740,1502296,201,638,False,False,False,True,791740,201,False,4096,0.002,,33956,3,total_elems,791740,1502296,1,1,,,,0.0,201,4,791740,6238,390,98,,,,,,,,,,,,,,,,,,,,,,,,,,,,,,,,,,,,,,,,,,,,,,,
6425.649715208012,unswapping,,,,,,,,,,,,,,,,,,,,,,,,,,,,,,,,,,,,,,,,,160,4,687332,5992,390,98,0,both,0,49,49,7,7,,,,,0,,,,,,,,,,,,,,,,,,,,,,,,,,,,,,,,,,,
6430.282844000001,unswapping,,,,,,,,,,,,,,,,,,,,,,,,,,,,,,,,,,,,,,,,,158,4,424060,4514,390,98,0,both,1,48,48,20,27,,,,,0,,,,,,,,,,,,,,,,,,,,,,,,,,,,,,,,,,,
6431.630550292,unswapping,,,,,,,,,,,,,,,,,,,,,,,,,,,,,,,,,,,,,,,,,157,4,343440,3942,390,98,0,left,0,49,49,18,45,,,,,36,,,,,,,,,,,,,,,,,,,,,,,,,,,,,,,,,,,
6432.661836042011,unswapping,,,,,,,,,,,,,,,,,,,,,,,,,,,,,,,,,,,,,,,,,155,4,268392,3394,390,98,0,left,1,48,48,18,63,,,,,72,,,,,,,,,,,,,,,,,,,,,,,,,,,,,,,,,,,
6433.705518958013,unswapping,,,,,,,,,,,,,,,,,,,,,,,,,,,,,,,,,,,,,,,,,144,4,251688,3204,390,98,0,right,0,49,49,7,70,,,,,78,,,,,,,,,,,,,,,,,,,,,,,,,,,,,,,,,,,
6434.630796208017,unswapping,,,,,,,,,,,,,,,,,,,,,,,,,,,,,,,,,,,,,,,,,140,4,174492,2888,390,98,0,right,1,48,48,12,82,,,,,96,,,,,,,,,,,,,,,,,,,,,,,,,,,,,,,,,,,
6435.536554374994,unswapping,,,,,,,,,,,,,,,,,,,,,,,,,,,,,,,,,,,,,,,,,72,4,132784,2524,390,98,1,both,0,49,49,14,14,,,,,120,,,,,,,,,,,,,,,,,,,,,,,,,,,,,,,,,,,
6436.3021907079965,unswapping,,,,,,,,,,,,,,,,,,,,,,,,,,,,,,,,,,,,,,,,,72,4,128712,2440,390,98,1,both,1,48,48,4,18,,,,,128,,,,,,,,,,,,,,,,,,,,,,,,,,,,,,,,,,,
6436.641851374996,unswapping,,,,,,,,,,,,,,,,,,,,,,,,,,,,,,,,,,,,,,,,,72,4,119468,2286,390,98,1,left,0,49,49,7,25,,,,,140,,,,,,,,,,,,,,,,,,,,,,,,,,,,,,,,,,,
6437.061487208004,unswapping,,,,,,,,,,,,,,,,,,,,,,,,,,,,,,,,,,,,,,,,,72,4,86524,2096,390,98,1,left,1,48,48,9,34,,,,,154,,,,,,,,,,,,,,,,,,,,,,,,,,,,,,,,,,,
6437.302064417017,unswapping,,,,,,,,,,,,,,,,,,,,,,,,,,,,,,,,,,,,,,,,,72,4,65768,1918,390,98,1,right,0,49,49,7,41,,,,,152,,,,,,,,,,,,,,,,,,,,,,,,,,,,,,,,,,,
6437.420372583001,unswapping,,,,,,,,,,,,,,,,,,,,,,,,,,,,,,,,,,,,,,,,,72,4,65768,1918,390,98,1,right,1,48,48,0,41,,,,,152,,,,,,,,,,,,,,,,,,,,,,,,,,,,,,,,,,,
6437.813985917019,unswapping,,,,,,,,,,,,,,,,,,,,,,,,,,,,,,,,,,,,,,,,,72,4,64984,1894,390,98,2,both,0,49,49,4,4,,,,,158,,,,,,,,,,,,,,,,,,,,,,,,,,,,,,,,,,,
6438.323723625013,unswapping,,,,,,,,,,,,,,,,,,,,,,,,,,,,,,,,,,,,,,,,,72,4,49272,1814,390,98,2,both,1,48,48,3,7,,,,,168,,,,,,,,,,,,,,,,,,,,,,,,,,,,,,,,,,,
6438.4801427499915,unswapping,,,,,,,,,,,,,,,,,,,,,,,,,,,,,,,,,,,,,,,,,36,4,38720,1732,390,98,2,left,0,49,49,3,10,,,,,174,,,,,,,,,,,,,,,,,,,,,,,,,,,,,,,,,,,
6438.622235624993,unswapping,,,,,,,,,,,,,,,,,,,,,,,,,,,,,,,,,,,,,,,,,36,4,35800,1696,390,98,2,left,1,48,48,2,12,,,,,176,,,,,,,,,,,,,,,,,,,,,,,,,,,,,,,,,,,
6438.694723124994,unswapping,,,,,,,,,,,,,,,,,,,,,,,,,,,,,,,,,,,,,,,,,36,4,35800,1696,390,98,2,right,0,49,49,0,12,,,,,176,,,,,,,,,,,,,,,,,,,,,,,,,,,,,,,,,,,
6438.769671167014,unswapping,,,,,,,,,,,,,,,,,,,,,,,,,,,,,,,,,,,,,,,,,36,4,35800,1696,390,98,2,right,1,48,48,0,12,,,,,176,,,,,,,,,,,,,,,,,,,,,,,,,,,,,,,,,,,
6439.0096481250075,unswapping,,,,,,,,,,,,,,,,,,,,,,,,,,,,,,,,,,,,,,,,,36,4,33580,1666,390,98,3,both,0,49,49,1,1,,,,,176,,,,,,,,,,,,,,,,,,,,,,,,,,,,,,,,,,,
6439.1660439580155,unswapping,,,,,,,,,,,,,,,,,,,,,,,,,,,,,,,,,,,,,,,,,36,4,33580,1666,390,98,3,both,1,48,48,0,1,,,,,176,,,,,,,,,,,,,,,,,,,,,,,,,,,,,,,,,,,
6439.278562249994,unswapping,,,,,,,,,,,,,,,,,,,,,,,,,,,,,,,,,,,,,,,,,36,4,33548,1662,390,98,3,left,0,49,49,1,2,,,,,178,,,,,,,,,,,,,,,,,,,,,,,,,,,,,,,,,,,
6439.347600208013,unswapping,,,,,,,,,,,,,,,,,,,,,,,,,,,,,,,,,,,,,,,,,36,4,33548,1662,390,98,3,left,1,48,48,0,2,,,,,178,,,,,,,,,,,,,,,,,,,,,,,,,,,,,,,,,,,
6439.419396875019,unswapping,,,,,,,,,,,,,,,,,,,,,,,,,,,,,,,,,,,,,,,,,36,4,33548,1662,390,98,3,right,0,49,49,0,2,,,,,178,,,,,,,,,,,,,,,,,,,,,,,,,,,,,,,,,,,
6439.487999875011,unswapping,,,,,,,,,,,,,,,,,,,,,,,,,,,,,,,,,,,,,,,,,36,4,33548,1662,390,98,3,right,1,48,48,0,2,,,,,178,,,,,,,,,,,,,,,,,,,,,,,,,,,,,,,,,,,
6439.640184292017,unswapping,,,,,,,,,,,,,,,,,,,,,,,,,,,,,,,,,,,,,,,,,36,4,33548,1662,390,98,4,both,0,49,49,0,0,,,,,178,,,,,,,,,,,,,,,,,,,,,,,,,,,,,,,,,,,
6439.79738808301,unswapping,,,,,,,,,,,,,,,,,,,,,,,,,,,,,,,,,,,,,,,,,36,4,33548,1662,390,98,4,both,1,48,48,0,0,,,,,178,,,,,,,,,,,,,,,,,,,,,,,,,,,,,,,,,,,
6439.867618542019,unswapping,,,,,,,,,,,,,,,,,,,,,,,,,,,,,,,,,,,,,,,,,36,4,33548,1662,390,98,4,left,0,49,49,0,0,,,,,178,,,,,,,,,,,,,,,,,,,,,,,,,,,,,,,,,,,
6439.937351500004,unswapping,,,,,,,,,,,,,,,,,,,,,,,,,,,,,,,,,,,,,,,,,36,4,33548,1662,390,98,4,left,1,48,48,0,0,,,,,178,,,,,,,,,,,,,,,,,,,,,,,,,,,,,,,,,,,
6440.008335042017,unswapping,,,,,,,,,,,,,,,,,,,,,,,,,,,,,,,,,,,,,,,,,36,4,33548,1662,390,98,4,right,0,49,49,0,0,,,,,178,,,,,,,,,,,,,,,,,,,,,,,,,,,,,,,,,,,
6440.076527875004,unswapping,,,,,,,,,,,,,,,,,,,,,,,,,,,,,,,,,,,,,,,,,36,4,33548,1662,390,98,4,right,1,48,48,0,0,,,,,178,,,,,,,,,,,,,,,,,,,,,,,,,,,,,,,,,,,
6440.181313333014,unswap_cycle_summary,,,,,,37,29,66,,,,,,,,,,,,,,,,,,,4096,0.002,,,,,,,,,,,,,36,4,33548,1662,390,98,,,,,,,,,,,,,,,,,,,,43,26.213707999995677,66,1984,1918,0,False,,,,,,,,,,,,,,,,,,,,,
6453.89738525002,rewiring,,,,,,,,,,,,,,,,,,,,,,,,,,,,,,,,,,,,,,,,,,,,,,,,,,,,,,,,,,,,,,,,,,43,,,,,,,left,post_unswap,13.714377583994064,20,2472,False,False,False,0,2,lookahead_total,8,False,1,1132,"(378816, 378816, 144, 144, 1809, 20379, 2611)",2.6200018749805167,11.094315750000533,"[{'seed': 123, 'score': (567200, 567200, 144, 144, 1728, 20385, 2516), 'num_layers': 2516, 'total_swaps': 20385, 'max_layer_swaps': 21, 'swap_only_layers': 1728, 'work_layers': 788, 'unitary_layers': 788, 'first_work_layer': 4, 'leading_no_work_layers': 4, 'lookahead_layers_scored': 8, 'lookahead_final_elems': 567200, 'lookahead_final_max_bond': 144, 'lookahead_peak_elems': 567200, 'lookahead_peak_max_bond': 144, 'lookahead_peak_bond_l2': 158550}, {'seed': 1132, 'score': (378816, 378816, 144, 144, 1809, 20379, 2611), 'num_layers': 2611, 'total_swaps': 20379, 'max_layer_swaps': 22, 'swap_only_layers': 1809, 'work_layers': 802, 'unitary_layers': 802, 'first_work_layer': 4, 'leading_no_work_layers': 4, 'lookahead_layers_scored': 8, 'lookahead_final_elems': 378816, 'lookahead_final_max_bond': 144, 'lookahead_peak_elems': 378816, 'lookahead_peak_max_bond': 144, 'lookahead_peak_bond_l2': 113334}]",13.714341584010981,89.77611862498452
6529.958253082994,rewiring,,,,,,,,,,,,,,,,,,,,,,,,,,,,,,,,,,,,,,,,,,,,,,,,,,,,,,,,,,,,,,,,,,43,,,,,,,right,post_unswap,76.05838941701222,20,2159,False,False,False,0,2,lookahead_total,8,False,1,123,"(1444452, 1444452, 256, 256, 1329, 17656, 2085)",67.25688533301582,8.801455250009894,"[{'seed': 123, 'score': (1444452, 1444452, 256, 256, 1329, 17656, 2085), 'num_layers': 2085, 'total_swaps': 17656, 'max_layer_swaps': 25, 'swap_only_layers': 1329, 'work_layers': 756, 'unitary_layers': 756, 'first_work_layer': 9, 'leading_no_work_layers': 9, 'lookahead_layers_scored': 8, 'lookahead_final_elems': 1444452, 'lookahead_final_max_bond': 256, 'lookahead_peak_elems': 1444452, 'lookahead_peak_max_bond': 256, 'lookahead_peak_bond_l2': 464778}, {'seed': 1132, 'score': (17078032, 17078032, 2122, 2122, 1447, 17895, 2205), 'num_layers': 2205, 'total_swaps': 17895, 'max_layer_swaps': 23, 'swap_only_layers': 1447, 'work_layers': 758, 'unitary_layers': 758, 'first_work_layer': 9, 'leading_no_work_layers': 9, 'lookahead_layers_scored': 8, 'lookahead_final_elems': 17078032, 'lookahead_final_max_bond': 2122, 'lookahead_peak_elems': 17078032, 'lookahead_peak_max_bond': 2122, 'lookahead_peak_bond_l2': 6461970}]",76.05837625000277,89.77611862498452
6530.05772791701,cycle_progress,,,,,,37,29,66,,,,,,,,,,,,,,,,,,,4096,0.002,,33956,3,,,,,,,,,,36,4,33548,1662,390,98,,,,,,,,,,,,,,,,,,,,43,,66,1984,1918,0,False,,,,,,,,,,,,,,,,,,,,,89.77611862498452
6530.28531508302,absorbing,L,1,0,2611,2085,37,29,66,19,0,0,0.05828783300239593,0.058430250006495044,0.11671808300889097,0.12887816698639654,33548,45108,36,36,False,False,False,False,33548,36,False,4096,0.002,,33548,4,total_elems,33548,45108,1,1,,,,0.0,36,4,33548,1662,390,98,,,,,,,,,,,,,,,,,,,,,,,,,,,,,,,,,,,,,,,,,,,,,,,
6530.419341250003,absorbing,R,1,1,2611,2085,37,29,66,16,0,0,0.07193758399807848,0.057616917008999735,0.12955450100707822,0.1307141249999404,60252,45108,72,36,False,False,False,False,45108,36,False,4096,0.002,,33548,4,total_elems,60252,45108,1,1,,,,0.0,36,4,45108,1990,390,98,,,,,,,,,,,,,,,,,,,,,,,,,,,,,,,,,,,,,,,,,,,,,,,
6530.570234542014,absorbing,L,2,1,2611,2085,37,29,66,21,0,0,0.07308512498275377,0.0729239999782294,0.14600912496098317,0.14745441600098275,68164,83212,72,72,False,False,False,False,68164,72,False,4096,0.002,,33548,4,total_elems,68164,83212,1,1,,,,0.0,72,4,68164,2312,390,98,,,,,,,,,,,,,,,,,,,,,,,,,,,,,,,,,,,,,,,,,,,,,,,
6530.780356708012,absorbing,R,2,2,2611,2085,37,29,66,20,0,0,0.10869058402022347,0.09613508300390095,0.2048256670241244,0.2064879160025157,158856,113364,144,72,False,False,False,False,113364,72,False,4096,0.002,,33548,4,total_elems,158856,113364,1,1,,,,0.0,72,4,113364,2858,390,98,,,,,,,,,,,,,,,,,,,,,,,,,,,,,,,,,,,,,,,,,,,,,,,
6530.992136667017,absorbing,L,3,2,2611,2085,37,29,66,16,0,0,0.1155932919937186,0.09097095800098032,0.2065642499946989,0.20802366599673405,159728,180484,72,76,False,False,False,False,159728,72,False,4096,0.002,,33548,4,total_elems,159728,180484,1,1,,,,0.0,72,4,159728,3268,390,98,,,,,,,,,,,,,,,,,,,,,,,,,,,,,,,,,,,,,,,,,,,,,,,
6531.287207999994,absorbing,L,4,2,2611,2085,37,29,66,16,0,0,0.15069870799197815,0.13946879102149978,0.29016749901347794,0.2915365410153754,214144,267984,140,144,False,False,False,False,214144,140,False,4096,0.002,,33548,4,total_elems,214144,267984,1,1,,,,0.0,140,4,214144,3796,390,98,,,,,,,,,,,,,,,,,,,,,,,,,,,,,,,,,,,,,,,,,,,,,,,
6531.691563041997,absorbing,L,5,2,2611,2085,38,29,67,9,1,1,0.21359345800010487,0.1810207500238903,0.39461420802399516,0.3996617080119904,338928,366512,144,144,False,False,False,False,338928,144,False,4096,0.002,,33548,4,total_elems,338928,366512,1,1,,,,0.0,144,4,338928,4586,390,98,,,,,,,,,,,,,,,,,,,,,,,,,,,,,,,,,,,,,,,,,,,,,,,
6532.204126291996,absorbing,L,6,2,2611,2085,38,29,67,9,0,1,0.1933263750106562,0.3143153330020141,0.5076417080126703,0.5089935419964604,361008,612904,144,303,False,False,False,False,361008,144,False,4096,0.002,,33548,4,total_elems,361008,612904,1,1,,,,0.0,144,4,361008,4870,390,98,,,,,,,,,,,,,,,,,,,,,,,,,,,,,,,,,,,,,,,,,,,,,,,
6532.725037958007,absorbing,L,7,2,2611,2085,38,29,67,9,0,1,0.1848314999951981,0.3291479169856757,0.5139794169808738,0.51730129099451,439424,654656,144,303,False,False,False,False,439424,144,False,4096,0.002,,33548,4,total_elems,439424,654656,1,1,,,,0.0,144,4,439424,5454,390,98,,,,,,,,,,,,,,,,,,,,,,,,,,,,,,,,,,,,,,,,,,,,,,,
6533.358145958016,absorbing,L,8,2,2611,2085,39,29,68,8,1,2,0.23906074999831617,0.3857689169817604,0.6248296669800766,0.6288566669973079,484868,773952,144,303,False,False,False,False,484868,144,False,4096,0.002,,33548,4,total_elems,484868,773952,1,1,,,,0.0,144,4,484868,5712,390,98,,,,,,,,,,,,,,,,,,,,,,,,,,,,,,,,,,,,,,,,,,,,,,,
6534.003689000005,absorbing,L,9,2,2611,2085,39,29,68,9,0,2,0.21603454099386,0.4241388749796897,0.6401734159735497,0.6419314579979982,522748,820832,144,303,False,False,False,False,522748,144,False,4096,0.002,,33548,4,total_elems,522748,820832,1,1,,,,0.0,144,4,522748,6060,390,98,,,,,,,,,,,,,,,,,,,,,,,,,,,,,,,,,,,,,,,,,,,,,,,
6534.748235708015,absorbing,L,10,2,2611,2085,39,29,68,12,0,2,0.23861891598789953,0.4967897919996176,0.7354087079875171,0.7405093330016825,606400,877136,144,303,False,False,False,False,606400,144,False,4096,0.002,,33548,4,total_elems,606400,877136,1,1,,,,0.0,144,4,606400,6582,390,98,,,,,,,,,,,,,,,,,,,,,,,,,,,,,,,,,,,,,,,,,,,,,,,
6535.830103500019,absorbing,L,11,2,2611,2085,40,29,69,10,1,3,0.48086475001764484,0.5924854999757372,1.073350249993382,1.074772749998374,957344,1088832,256,303,False,False,False,True,957344,256,False,4096,0.002,,33548,4,total_elems,957344,1088832,1,1,,,,0.0,256,4,957344,7830,390,98,,,,,,,,,,,,,,,,,,,,,,,,,,,,,,,,,,,,,,,,,,,,,,,
6554.350406625017,unswapping,,,,,,,,,,,,,,,,,,,,,,,,,,,,,,,,,,,,,,,,,250,4,766656,7096,390,98,0,both,0,49,49,11,11,,,,,0,,,,,,,,,,,,,,,,,,,,,,,,,,,,,,,,,,,
6558.3839739169925,unswapping,,,,,,,,,,,,,,,,,,,,,,,,,,,,,,,,,,,,,,,,,124,4,437704,5276,390,98,0,both,1,48,48,21,32,,,,,0,,,,,,,,,,,,,,,,,,,,,,,,,,,,,,,,,,,
6559.662399875,unswapping,,,,,,,,,,,,,,,,,,,,,,,,,,,,,,,,,,,,,,,,,124,4,338004,4522,390,98,0,left,0,49,49,17,49,,,,,34,,,,,,,,,,,,,,,,,,,,,,,,,,,,,,,,,,,
6560.5219286670035,unswapping,,,,,,,,,,,,,,,,,,,,,,,,,,,,,,,,,,,,,,,,,72,4,254676,3994,390,98,0,left,1,48,48,14,63,,,,,62,,,,,,,,,,,,,,,,,,,,,,,,,,,,,,,,,,,
6561.0734062080155,unswapping,,,,,,,,,,,,,,,,,,,,,,,,,,,,,,,,,,,,,,,,,72,4,233900,3756,390,98,0,right,0,49,49,9,72,,,,,76,,,,,,,,,,,,,,,,,,,,,,,,,,,,,,,,,,,
6561.655856333004,unswapping,,,,,,,,,,,,,,,,,,,,,,,,,,,,,,,,,,,,,,,,,72,4,184956,3452,390,98,0,right,1,48,48,10,82,,,,,94,,,,,,,,,,,,,,,,,,,,,,,,,,,,,,,,,,,
6562.485758249997,unswapping,,,,,,,,,,,,,,,,,,,,,,,,,,,,,,,,,,,,,,,,,70,4,135192,3048,390,98,1,both,0,49,49,9,9,,,,,106,,,,,,,,,,,,,,,,,,,,,,,,,,,,,,,,,,,
6563.105137458013,unswapping,,,,,,,,,,,,,,,,,,,,,,,,,,,,,,,,,,,,,,,,,70,4,100988,2678,390,98,1,both,1,48,48,9,18,,,,,126,,,,,,,,,,,,,,,,,,,,,,,,,,,,,,,,,,,
6563.34565904201,unswapping,,,,,,,,,,,,,,,,,,,,,,,,,,,,,,,,,,,,,,,,,70,4,90064,2490,390,98,1,left,0,49,49,7,25,,,,,138,,,,,,,,,,,,,,,,,,,,,,,,,,,,,,,,,,,
6563.584071207995,unswapping,,,,,,,,,,,,,,,,,,,,,,,,,,,,,,,,,,,,,,,,,70,4,82276,2428,390,98,1,left,1,48,48,3,28,,,,,144,,,,,,,,,,,,,,,,,,,,,,,,,,,,,,,,,,,
6563.825371957995,unswapping,,,,,,,,,,,,,,,,,,,,,,,,,,,,,,,,,,,,,,,,,70,4,70080,2346,390,98,1,right,0,49,49,4,32,,,,,150,,,,,,,,,,,,,,,,,,,,,,,,,,,,,,,,,,,
6563.977934541996,unswapping,,,,,,,,,,,,,,,,,,,,,,,,,,,,,,,,,,,,,,,,,70,4,70008,2340,390,98,1,right,1,48,48,1,33,,,,,152,,,,,,,,,,,,,,,,,,,,,,,,,,,,,,,,,,,
6564.451018082997,unswapping,,,,,,,,,,,,,,,,,,,,,,,,,,,,,,,,,,,,,,,,,70,4,67092,2286,390,98,2,both,0,49,49,6,6,,,,,154,,,,,,,,,,,,,,,,,,,,,,,,,,,,,,,,,,,
6564.81993341702,unswapping,,,,,,,,,,,,,,,,,,,,,,,,,,,,,,,,,,,,,,,,,36,4,50276,2110,390,98,2,both,1,48,48,8,14,,,,,170,,,,,,,,,,,,,,,,,,,,,,,,,,,,,,,,,,,
6564.967013417016,unswapping,,,,,,,,,,,,,,,,,,,,,,,,,,,,,,,,,,,,,,,,,36,4,48020,2050,390,98,2,left,0,49,49,4,18,,,,,174,,,,,,,,,,,,,,,,,,,,,,,,,,,,,,,,,,,
6565.119488124998,unswapping,,,,,,,,,,,,,,,,,,,,,,,,,,,,,,,,,,,,,,,,,36,4,47188,2022,390,98,2,left,1,48,48,3,21,,,,,178,,,,,,,,,,,,,,,,,,,,,,,,,,,,,,,,,,,
6565.262136583013,unswapping,,,,,,,,,,,,,,,,,,,,,,,,,,,,,,,,,,,,,,,,,36,4,47012,2006,390,98,2,right,0,49,49,2,23,,,,,180,,,,,,,,,,,,,,,,,,,,,,,,,,,,,,,,,,,
6565.409103917016,unswapping,,,,,,,,,,,,,,,,,,,,,,,,,,,,,,,,,,,,,,,,,36,4,46820,1998,390,98,2,right,1,48,48,1,24,,,,,178,,,,,,,,,,,,,,,,,,,,,,,,,,,,,,,,,,,
6565.697237667016,unswapping,,,,,,,,,,,,,,,,,,,,,,,,,,,,,,,,,,,,,,,,,36,4,46056,1976,390,98,3,both,0,49,49,4,4,,,,,182,,,,,,,,,,,,,,,,,,,,,,,,,,,,,,,,,,,
6566.0046970419935,unswapping,,,,,,,,,,,,,,,,,,,,,,,,,,,,,,,,,,,,,,,,,36,4,44836,1948,390,98,3,both,1,48,48,4,8,,,,,190,,,,,,,,,,,,,,,,,,,,,,,,,,,,,,,,,,,
6566.12763433301,unswapping,,,,,,,,,,,,,,,,,,,,,,,,,,,,,,,,,,,,,,,,,36,4,44644,1940,390,98,3,left,0,49,49,1,9,,,,,192,,,,,,,,,,,,,,,,,,,,,,,,,,,,,,,,,,,
6566.213467541995,unswapping,,,,,,,,,,,,,,,,,,,,,,,,,,,,,,,,,,,,,,,,,36,4,44644,1940,390,98,3,left,1,48,48,0,9,,,,,192,,,,,,,,,,,,,,,,,,,,,,,,,,,,,,,,,,,
6566.295630667009,unswapping,,,,,,,,,,,,,,,,,,,,,,,,,,,,,,,,,,,,,,,,,36,4,44644,1940,390,98,3,right,0,49,49,0,9,,,,,192,,,,,,,,,,,,,,,,,,,,,,,,,,,,,,,,,,,
6566.427459958009,unswapping,,,,,,,,,,,,,,,,,,,,,,,,,,,,,,,,,,,,,,,,,36,4,44164,1928,390,98,3,right,1,48,48,1,10,,,,,190,,,,,,,,,,,,,,,,,,,,,,,,,,,,,,,,,,,
6566.707286167017,unswapping,,,,,,,,,,,,,,,,,,,,,,,,,,,,,,,,,,,,,,,,,36,4,42684,1888,390,98,4,both,0,49,49,4,4,,,,,192,,,,,,,,,,,,,,,,,,,,,,,,,,,,,,,,,,,
6567.0041569170135,unswapping,,,,,,,,,,,,,,,,,,,,,,,,,,,,,,,,,,,,,,,,,36,4,42260,1872,390,98,4,both,1,48,48,3,7,,,,,196,,,,,,,,,,,,,,,,,,,,,,,,,,,,,,,,,,,
6567.081163625,unswapping,,,,,,,,,,,,,,,,,,,,,,,,,,,,,,,,,,,,,,,,,36,4,42260,1872,390,98,4,left,0,49,49,0,7,,,,,196,,,,,,,,,,,,,,,,,,,,,,,,,,,,,,,,,,,
6567.22386537501,unswapping,,,,,,,,,,,,,,,,,,,,,,,,,,,,,,,,,,,,,,,,,36,4,40996,1844,390,98,4,left,1,48,48,2,9,,,,,200,,,,,,,,,,,,,,,,,,,,,,,,,,,,,,,,,,,
6567.300936042011,unswapping,,,,,,,,,,,,,,,,,,,,,,,,,,,,,,,,,,,,,,,,,36,4,40996,1844,390,98,4,right,0,49,49,0,9,,,,,200,,,,,,,,,,,,,,,,,,,,,,,,,,,,,,,,,,,
6567.386848291993,unswapping,,,,,,,,,,,,,,,,,,,,,,,,,,,,,,,,,,,,,,,,,36,4,40996,1844,390,98,4,right,1,48,48,0,9,,,,,200,,,,,,,,,,,,,,,,,,,,,,,,,,,,,,,,,,,
6567.640989458014,unswapping,,,,,,,,,,,,,,,,,,,,,,,,,,,,,,,,,,,,,,,,,36,4,40036,1820,390,98,5,both,0,49,49,1,1,,,,,200,,,,,,,,,,,,,,,,,,,,,,,,,,,,,,,,,,,
6567.837466625002,unswapping,,,,,,,,,,,,,,,,,,,,,,,,,,,,,,,,,,,,,,,,,36,4,40036,1820,390,98,5,both,1,48,48,0,1,,,,,200,,,,,,,,,,,,,,,,,,,,,,,,,,,,,,,,,,,
6567.969953082997,unswapping,,,,,,,,,,,,,,,,,,,,,,,,,,,,,,,,,,,,,,,,,36,4,39924,1816,390,98,5,left,0,49,49,1,2,,,,,202,,,,,,,,,,,,,,,,,,,,,,,,,,,,,,,,,,,
6568.097655958001,unswapping,,,,,,,,,,,,,,,,,,,,,,,,,,,,,,,,,,,,,,,,,36,4,39284,1800,390,98,5,left,1,48,48,1,3,,,,,204,,,,,,,,,,,,,,,,,,,,,,,,,,,,,,,,,,,
6568.171153125004,unswapping,,,,,,,,,,,,,,,,,,,,,,,,,,,,,,,,,,,,,,,,,36,4,39284,1800,390,98,5,right,0,49,49,0,3,,,,,204,,,,,,,,,,,,,,,,,,,,,,,,,,,,,,,,,,,
6568.249491208,unswapping,,,,,,,,,,,,,,,,,,,,,,,,,,,,,,,,,,,,,,,,,36,4,39284,1800,390,98,5,right,1,48,48,0,3,,,,,204,,,,,,,,,,,,,,,,,,,,,,,,,,,,,,,,,,,
6568.404545541998,unswapping,,,,,,,,,,,,,,,,,,,,,,,,,,,,,,,,,,,,,,,,,36,4,39284,1800,390,98,6,both,0,49,49,0,0,,,,,204,,,,,,,,,,,,,,,,,,,,,,,,,,,,,,,,,,,
6568.583238332998,unswapping,,,,,,,,,,,,,,,,,,,,,,,,,,,,,,,,,,,,,,,,,36,4,39284,1800,390,98,6,both,1,48,48,0,0,,,,,204,,,,,,,,,,,,,,,,,,,,,,,,,,,,,,,,,,,
6568.699051583011,unswapping,,,,,,,,,,,,,,,,,,,,,,,,,,,,,,,,,,,,,,,,,36,4,38772,1784,390,98,6,left,0,49,49,1,1,,,,,206,,,,,,,,,,,,,,,,,,,,,,,,,,,,,,,,,,,
6568.776871750015,unswapping,,,,,,,,,,,,,,,,,,,,,,,,,,,,,,,,,,,,,,,,,36,4,38772,1784,390,98,6,left,1,48,48,0,1,,,,,206,,,,,,,,,,,,,,,,,,,,,,,,,,,,,,,,,,,
6568.8521892080025,unswapping,,,,,,,,,,,,,,,,,,,,,,,,,,,,,,,,,,,,,,,,,36,4,38772,1784,390,98,6,right,0,49,49,0,1,,,,,206,,,,,,,,,,,,,,,,,,,,,,,,,,,,,,,,,,,
6568.930175582995,unswapping,,,,,,,,,,,,,,,,,,,,,,,,,,,,,,,,,,,,,,,,,36,4,38772,1784,390,98,6,right,1,48,48,0,1,,,,,206,,,,,,,,,,,,,,,,,,,,,,,,,,,,,,,,,,,
6569.085280542,unswapping,,,,,,,,,,,,,,,,,,,,,,,,,,,,,,,,,,,,,,,,,36,4,38772,1784,390,98,7,both,0,49,49,0,0,,,,,206,,,,,,,,,,,,,,,,,,,,,,,,,,,,,,,,,,,
6569.261960958014,unswapping,,,,,,,,,,,,,,,,,,,,,,,,,,,,,,,,,,,,,,,,,36,4,38772,1784,390,98,7,both,1,48,48,0,0,,,,,206,,,,,,,,,,,,,,,,,,,,,,,,,,,,,,,,,,,
6569.335550542019,unswapping,,,,,,,,,,,,,,,,,,,,,,,,,,,,,,,,,,,,,,,,,36,4,38772,1784,390,98,7,left,0,49,49,0,0,,,,,206,,,,,,,,,,,,,,,,,,,,,,,,,,,,,,,,,,,
6569.413890666998,unswapping,,,,,,,,,,,,,,,,,,,,,,,,,,,,,,,,,,,,,,,,,36,4,38772,1784,390,98,7,left,1,48,48,0,0,,,,,206,,,,,,,,,,,,,,,,,,,,,,,,,,,,,,,,,,,
6569.487708041997,unswapping,,,,,,,,,,,,,,,,,,,,,,,,,,,,,,,,,,,,,,,,,36,4,38772,1784,390,98,7,right,0,49,49,0,0,,,,,206,,,,,,,,,,,,,,,,,,,,,,,,,,,,,,,,,,,
6569.565224791993,unswapping,,,,,,,,,,,,,,,,,,,,,,,,,,,,,,,,,,,,,,,,,36,4,38772,1784,390,98,7,right,1,48,48,0,0,,,,,206,,,,,,,,,,,,,,,,,,,,,,,,,,,,,,,,,,,
6569.66992700001,unswap_cycle_summary,,,,,,40,29,69,,,,,,,,,,,,,,,,,,,4096,0.002,,,,,,,,,,,,,36,4,38772,1784,390,98,,,,,,,,,,,,,,,,,,,,44,31.501741833024425,69,1984,1915,3,False,,,,,,,,,,,,,,,,,,,,,
6582.43452941702,rewiring,,,,,,,,,,,,,,,,,,,,,,,,,,,,,,,,,,,,,,,,,,,,,,,,,,,,,,,,,,,,,,,,,,44,,,,,,,left,post_unswap,12.762404875014909,20,2602,False,False,False,3,2,lookahead_total,8,False,1,123,"(391916, 391916, 144, 144, 1469, 19683, 2223)",1.990904291975312,10.771471584012033,"[{'seed': 123, 'score': (391916, 391916, 144, 144, 1469, 19683, 2223), 'num_layers': 2223, 'total_swaps': 19683, 'max_layer_swaps': 22, 'swap_only_layers': 1469, 'work_layers': 754, 'unitary_layers': 754, 'first_work_layer': 3, 'leading_no_work_layers': 3, 'lookahead_layers_scored': 8, 'lookahead_final_elems': 391916, 'lookahead_final_max_bond': 144, 'lookahead_peak_elems': 391916, 'lookahead_peak_max_bond': 144, 'lookahead_peak_bond_l2': 128924}, {'seed': 1132, 'score': (466908, 466908, 144, 144, 1666, 20255, 2464), 'num_layers': 2464, 'total_swaps': 20255, 'max_layer_swaps': 23, 'swap_only_layers': 1666, 'work_layers': 798, 'unitary_layers': 798, 'first_work_layer': 3, 'leading_no_work_layers': 3, 'lookahead_layers_scored': 8, 'lookahead_final_elems': 466908, 'lookahead_final_max_bond': 144, 'lookahead_peak_elems': 466908, 'lookahead_peak_max_bond': 144, 'lookahead_peak_bond_l2': 158246}]",12.762396250007441,62.984000083000865
6632.654631250014,rewiring,,,,,,,,,,,,,,,,,,,,,,,,,,,,,,,,,,,,,,,,,,,,,,,,,,,,,,,,,,,,,,,,,,44,,,,,,,right,post_unswap,50.21870949998265,20,2085,False,False,False,3,2,lookahead_total,8,False,1,123,"(3491876, 3491876, 569, 574, 1484, 17998, 2240)",41.580825290991925,8.637845374993049,"[{'seed': 123, 'score': (3491876, 3491876, 569, 574, 1484, 17998, 2240), 'num_layers': 2240, 'total_swaps': 17998, 'max_layer_swaps': 23, 'swap_only_layers': 1484, 'work_layers': 756, 'unitary_layers': 756, 'first_work_layer': 5, 'leading_no_work_layers': 5, 'lookahead_layers_scored': 8, 'lookahead_final_elems': 3491876, 'lookahead_final_max_bond': 569, 'lookahead_peak_elems': 3491876, 'lookahead_peak_max_bond': 574, 'lookahead_peak_bond_l2': 1199823}, {'seed': 1132, 'score': (11186608, 11186608, 1196, 1196, 1494, 18187, 2248), 'num_layers': 2248, 'total_swaps': 18187, 'max_layer_swaps': 21, 'swap_only_layers': 1494, 'work_layers': 754, 'unitary_layers': 754, 'first_work_layer': 6, 'leading_no_work_layers': 6, 'lookahead_layers_scored': 8, 'lookahead_final_elems': 11186608, 'lookahead_final_max_bond': 1196, 'lookahead_peak_elems': 11186608, 'lookahead_peak_max_bond': 1196, 'lookahead_peak_bond_l2': 3855516}]",50.2186996669916,62.984000083000865
6632.75900291701,cycle_progress,,,,,,40,29,69,,,,,,,,,,,,,,,,,,,4096,0.002,,33548,4,,,,,,,,,,36,4,38772,1784,390,98,,,,,,,,,,,,,,,,,,,,44,,69,1984,1915,3,False,,,,,,,,,,,,,,,,,,,,,62.984000083000865
6632.986527000001,absorbing,L,1,0,2223,2240,40,29,69,19,0,0,0.05967004201374948,0.05919537501176819,0.11886541702551767,0.12587708301725797,38772,48284,36,36,False,False,False,False,38772,36,False,4096,0.002,,38772,0,total_elems,38772,48284,1,1,,,,0.0,36,4,38772,1784,390,98,,,,,,,,,,,,,,,,,,,,,,,,,,,,,,,,,,,,,,,,,,,,,,,
6633.127136416995,absorbing,R,1,1,2223,2240,40,29,69,17,0,0,0.07681945900549181,0.05894237500615418,0.135761834011646,0.136958584014792,92200,48284,144,36,False,False,False,False,48284,36,False,4096,0.002,,38772,0,total_elems,92200,48284,1,1,,,,0.0,36,4,48284,2074,390,98,,,,,,,,,,,,,,,,,,,,,,,,,,,,,,,,,,,,,,,,,,,,,,,
6633.273813292006,absorbing,R,1,2,2223,2240,40,29,69,20,0,0,0.07640912500210106,0.06555245799245313,0.1419615829945542,0.1433098750130739,98136,73904,144,38,False,False,False,False,73904,38,False,4096,0.002,,38772,0,total_elems,98136,73904,1,1,,,,0.0,38,4,73904,2518,390,98,,,,,,,,,,,,,,,,,,,,,,,,,,,,,,,,,,,,,,,,,,,,,,,
6633.469280999998,absorbing,L,2,2,2223,2240,40,29,69,19,0,0,0.09298641700297594,0.09786783400340937,0.1908542510063853,0.19207900000037625,121912,162656,144,144,False,False,False,False,121912,144,False,4096,0.002,,38772,0,total_elems,121912,162656,1,1,,,,0.0,144,4,121912,2976,390,98,,,,,,,,,,,,,,,,,,,,,,,,,,,,,,,,,,,,,,,,,,,,,,,
6633.715745249996,absorbing,L,3,2,2223,2240,40,29,69,16,0,0,0.13944233299116604,0.10202912500244565,0.2414714579936117,0.2428750839899294,170796,191088,144,144,False,False,False,False,170796,144,False,4096,0.002,,38772,0,total_elems,170796,191088,1,1,,,,0.0,144,4,170796,3374,390,98,,,,,,,,,,,,,,,,,,,,,,,,,,,,,,,,,,,,,,,,,,,,,,,
6633.975854167016,absorbing,L,4,2,2223,2240,41,29,70,14,1,1,0.11486979099572636,0.14033716599806212,0.2552069569937885,0.25667612499091774,199292,257752,144,144,False,False,False,False,199292,144,False,4096,0.002,,38772,0,total_elems,199292,257752,1,1,,,,0.0,144,4,199292,3788,390,98,,,,,,,,,,,,,,,,,,,,,,,,,,,,,,,,,,,,,,,,,,,,,,,
6634.302198666992,absorbing,L,5,2,2223,2240,42,29,71,13,1,2,0.1629604590125382,0.15850925000268035,0.32146970901521854,0.3228999999992084,255420,326424,144,144,False,False,False,False,255420,144,False,4096,0.002,,38772,0,total_elems,255420,326424,1,1,,,,0.0,144,4,255420,4356,390,98,,,,,,,,,,,,,,,,,,,,,,,,,,,,,,,,,,,,,,,,,,,,,,,
6634.698583916994,absorbing,L,6,2,2223,2240,42,29,71,12,0,2,0.17520712499390356,0.21609683299902827,0.39130395799293183,0.39269379200413823,324156,448728,144,144,False,False,False,False,324156,144,False,4096,0.002,,38772,0,total_elems,324156,448728,1,1,,,,0.0,144,4,324156,4940,390,98,,,,,,,,,,,,,,,,,,,,,,,,,,,,,,,,,,,,,,,,,,,,,,,
6635.248888375005,absorbing,L,7,2,2223,2240,42,29,71,11,0,2,0.2217250829853583,0.323532874986995,0.5452579579723533,0.5466588340059388,427628,550200,144,152,False,False,False,False,427628,144,False,4096,0.002,,38772,0,total_elems,427628,550200,1,1,,,,0.0,144,4,427628,5488,390,98,,,,,,,,,,,,,,,,,,,,,,,,,,,,,,,,,,,,,,,,,,,,,,,
6636.002197499998,absorbing,L,8,2,2223,2240,42,29,71,11,0,2,0.25426295900251716,0.4942392089869827,0.7485021679894999,0.7499198750010692,558668,734952,144,254,False,False,False,False,558668,144,False,4096,0.002,,38772,0,total_elems,558668,734952,1,1,,,,0.0,144,4,558668,6170,390,98,,,,,,,,,,,,,,,,,,,,,,,,,,,,,,,,,,,,,,,,,,,,,,,
6637.1634261670115,absorbing,L,9,2,2223,2240,42,29,71,9,0,2,0.29173987498506904,0.8645584159821738,1.1562982909672428,1.1576482499949634,637068,929576,144,250,False,False,False,False,637068,144,False,4096,0.002,,38772,0,total_elems,637068,929576,1,1,,,,0.0,144,4,637068,6732,390,98,,,,,,,,,,,,,,,,,,,,,,,,,,,,,,,,,,,,,,,,,,,,,,,
6638.405357000011,absorbing,L,10,2,2223,2240,42,29,71,8,0,2,0.2862902919878252,0.9506774169858545,1.2369677089736797,1.2387363330053631,734012,1017400,144,247,False,False,False,True,734012,144,False,4096,0.002,,38772,0,total_elems,734012,1017400,1,1,,,,0.0,144,4,734012,7366,390,98,,,,,,,,,,,,,,,,,,,,,,,,,,,,,,,,,,,,,,,,,,,,,,,
6639.755692875013,absorbing,L,11,2,2223,2240,43,29,72,8,1,3,0.34811529199942015,0.9967430410033558,1.344858333002776,1.347016582993092,897004,1130152,144,247,False,False,False,True,897004,144,False,4096,0.002,,38772,0,total_elems,897004,1130152,1,1,,,,0.0,144,4,897004,8172,390,98,,,,,,,,,,,,,,,,,,,,,,,,,,,,,,,,,,,,,,,,,,,,,,,
6651.7594467920135,unswapping,,,,,,,,,,,,,,,,,,,,,,,,,,,,,,,,,,,,,,,,,256,4,1023132,8530,390,98,0,both,0,49,49,7,7,,,,,0,,,,,,,,,,,,,,,,,,,,,,,,,,,,,,,,,,,
6656.153602375009,unswapping,,,,,,,,,,,,,,,,,,,,,,,,,,,,,,,,,,,,,,,,,128,4,603680,6776,390,98,0,both,1,48,48,13,20,,,,,0,,,,,,,,,,,,,,,,,,,,,,,,,,,,,,,,,,,
6657.550000999996,unswapping,,,,,,,,,,,,,,,,,,,,,,,,,,,,,,,,,,,,,,,,,76,4,462500,5850,390,98,0,left,0,49,49,16,36,,,,,32,,,,,,,,,,,,,,,,,,,,,,,,,,,,,,,,,,,
6658.565094749996,unswapping,,,,,,,,,,,,,,,,,,,,,,,,,,,,,,,,,,,,,,,,,76,4,312492,4882,390,98,0,left,1,48,48,20,56,,,,,72,,,,,,,,,,,,,,,,,,,,,,,,,,,,,,,,,,,
6659.1197940830025,unswapping,,,,,,,,,,,,,,,,,,,,,,,,,,,,,,,,,,,,,,,,,76,4,275524,4534,390,98,0,right,0,49,49,9,65,,,,,78,,,,,,,,,,,,,,,,,,,,,,,,,,,,,,,,,,,
6659.785755958001,unswapping,,,,,,,,,,,,,,,,,,,,,,,,,,,,,,,,,,,,,,,,,76,4,227404,4166,390,98,0,right,1,48,48,9,74,,,,,94,,,,,,,,,,,,,,,,,,,,,,,,,,,,,,,,,,,
6660.711337457993,unswapping,,,,,,,,,,,,,,,,,,,,,,,,,,,,,,,,,,,,,,,,,76,4,169648,3580,390,98,1,both,0,49,49,17,17,,,,,126,,,,,,,,,,,,,,,,,,,,,,,,,,,,,,,,,,,
6661.453963292006,unswapping,,,,,,,,,,,,,,,,,,,,,,,,,,,,,,,,,,,,,,,,,72,4,152192,3342,390,98,1,both,1,48,48,12,29,,,,,144,,,,,,,,,,,,,,,,,,,,,,,,,,,,,,,,,,,
6661.777021874994,unswapping,,,,,,,,,,,,,,,,,,,,,,,,,,,,,,,,,,,,,,,,,70,4,126452,3030,390,98,1,left,0,49,49,11,40,,,,,162,,,,,,,,,,,,,,,,,,,,,,,,,,,,,,,,,,,
6662.057736542018,unswapping,,,,,,,,,,,,,,,,,,,,,,,,,,,,,,,,,,,,,,,,,70,4,114492,2834,390,98,1,left,1,48,48,9,49,,,,,172,,,,,,,,,,,,,,,,,,,,,,,,,,,,,,,,,,,
6662.322221833019,unswapping,,,,,,,,,,,,,,,,,,,,,,,,,,,,,,,,,,,,,,,,,70,4,112668,2794,390,98,1,right,0,49,49,3,52,,,,,174,,,,,,,,,,,,,,,,,,,,,,,,,,,,,,,,,,,
6662.628535750002,unswapping,,,,,,,,,,,,,,,,,,,,,,,,,,,,,,,,,,,,,,,,,70,4,92524,2646,390,98,1,right,1,48,48,5,57,,,,,180,,,,,,,,,,,,,,,,,,,,,,,,,,,,,,,,,,,
6663.0764107500145,unswapping,,,,,,,,,,,,,,,,,,,,,,,,,,,,,,,,,,,,,,,,,70,4,86020,2512,390,98,2,both,0,49,49,8,8,,,,,186,,,,,,,,,,,,,,,,,,,,,,,,,,,,,,,,,,,
6663.5620244580205,unswapping,,,,,,,,,,,,,,,,,,,,,,,,,,,,,,,,,,,,,,,,,70,4,75604,2360,390,98,2,both,1,48,48,8,16,,,,,200,,,,,,,,,,,,,,,,,,,,,,,,,,,,,,,,,,,
6663.74719283302,unswapping,,,,,,,,,,,,,,,,,,,,,,,,,,,,,,,,,,,,,,,,,70,4,65436,2190,390,98,2,left,0,49,49,8,24,,,,,206,,,,,,,,,,,,,,,,,,,,,,,,,,,,,,,,,,,
6663.942614333006,unswapping,,,,,,,,,,,,,,,,,,,,,,,,,,,,,,,,,,,,,,,,,70,4,63984,2168,390,98,2,left,1,48,48,3,27,,,,,210,,,,,,,,,,,,,,,,,,,,,,,,,,,,,,,,,,,
6664.094323208003,unswapping,,,,,,,,,,,,,,,,,,,,,,,,,,,,,,,,,,,,,,,,,70,4,63372,2162,390,98,2,right,0,49,49,1,28,,,,,212,,,,,,,,,,,,,,,,,,,,,,,,,,,,,,,,,,,
6664.280746833014,unswapping,,,,,,,,,,,,,,,,,,,,,,,,,,,,,,,,,,,,,,,,,70,4,61516,2142,390,98,2,right,1,48,48,2,30,,,,,214,,,,,,,,,,,,,,,,,,,,,,,,,,,,,,,,,,,
6664.611591124994,unswapping,,,,,,,,,,,,,,,,,,,,,,,,,,,,,,,,,,,,,,,,,36,4,47716,2022,390,98,3,both,0,49,49,5,5,,,,,222,,,,,,,,,,,,,,,,,,,,,,,,,,,,,,,,,,,
6664.9002645,unswapping,,,,,,,,,,,,,,,,,,,,,,,,,,,,,,,,,,,,,,,,,36,4,46644,1982,390,98,3,both,1,48,48,4,9,,,,,228,,,,,,,,,,,,,,,,,,,,,,,,,,,,,,,,,,,
6665.049964917009,unswapping,,,,,,,,,,,,,,,,,,,,,,,,,,,,,,,,,,,,,,,,,36,4,45492,1950,390,98,3,left,0,49,49,3,12,,,,,232,,,,,,,,,,,,,,,,,,,,,,,,,,,,,,,,,,,
6665.195757042005,unswapping,,,,,,,,,,,,,,,,,,,,,,,,,,,,,,,,,,,,,,,,,36,4,40580,1894,390,98,3,left,1,48,48,3,15,,,,,236,,,,,,,,,,,,,,,,,,,,,,,,,,,,,,,,,,,
6665.27325150001,unswapping,,,,,,,,,,,,,,,,,,,,,,,,,,,,,,,,,,,,,,,,,36,4,40580,1894,390,98,3,right,0,49,49,0,15,,,,,236,,,,,,,,,,,,,,,,,,,,,,,,,,,,,,,,,,,
6665.347442958009,unswapping,,,,,,,,,,,,,,,,,,,,,,,,,,,,,,,,,,,,,,,,,36,4,40580,1894,390,98,3,right,1,48,48,0,15,,,,,236,,,,,,,,,,,,,,,,,,,,,,,,,,,,,,,,,,,
6665.6270484169945,unswapping,,,,,,,,,,,,,,,,,,,,,,,,,,,,,,,,,,,,,,,,,36,4,36692,1858,390,98,4,both,0,49,49,1,1,,,,,240,,,,,,,,,,,,,,,,,,,,,,,,,,,,,,,,,,,
6665.846771125012,unswapping,,,,,,,,,,,,,,,,,,,,,,,,,,,,,,,,,,,,,,,,,36,4,36500,1850,390,98,4,both,1,48,48,1,2,,,,,240,,,,,,,,,,,,,,,,,,,,,,,,,,,,,,,,,,,
6665.966685833002,unswapping,,,,,,,,,,,,,,,,,,,,,,,,,,,,,,,,,,,,,,,,,36,4,36388,1846,390,98,4,left,0,49,49,1,3,,,,,242,,,,,,,,,,,,,,,,,,,,,,,,,,,,,,,,,,,
6666.03114937502,unswapping,,,,,,,,,,,,,,,,,,,,,,,,,,,,,,,,,,,,,,,,,36,4,36388,1846,390,98,4,left,1,48,48,0,3,,,,,242,,,,,,,,,,,,,,,,,,,,,,,,,,,,,,,,,,,
6666.107044875011,unswapping,,,,,,,,,,,,,,,,,,,,,,,,,,,,,,,,,,,,,,,,,36,4,36388,1846,390,98,4,right,0,49,49,0,3,,,,,242,,,,,,,,,,,,,,,,,,,,,,,,,,,,,,,,,,,
6666.169723667001,unswapping,,,,,,,,,,,,,,,,,,,,,,,,,,,,,,,,,,,,,,,,,36,4,36388,1846,390,98,4,right,1,48,48,0,3,,,,,242,,,,,,,,,,,,,,,,,,,,,,,,,,,,,,,,,,,
6666.437329125009,unswapping,,,,,,,,,,,,,,,,,,,,,,,,,,,,,,,,,,,,,,,,,36,4,36196,1838,390,98,5,both,0,49,49,1,1,,,,,246,,,,,,,,,,,,,,,,,,,,,,,,,,,,,,,,,,,
6666.67784650001,unswapping,,,,,,,,,,,,,,,,,,,,,,,,,,,,,,,,,,,,,,,,,36,4,36084,1834,390,98,5,both,1,48,48,1,2,,,,,248,,,,,,,,,,,,,,,,,,,,,,,,,,,,,,,,,,,
6666.758102833002,unswapping,,,,,,,,,,,,,,,,,,,,,,,,,,,,,,,,,,,,,,,,,36,4,36084,1834,390,98,5,left,0,49,49,0,2,,,,,248,,,,,,,,,,,,,,,,,,,,,,,,,,,,,,,,,,,
6666.826312916994,unswapping,,,,,,,,,,,,,,,,,,,,,,,,,,,,,,,,,,,,,,,,,36,4,36084,1834,390,98,5,left,1,48,48,0,2,,,,,248,,,,,,,,,,,,,,,,,,,,,,,,,,,,,,,,,,,
6666.907928291999,unswapping,,,,,,,,,,,,,,,,,,,,,,,,,,,,,,,,,,,,,,,,,36,4,36084,1834,390,98,5,right,0,49,49,0,2,,,,,248,,,,,,,,,,,,,,,,,,,,,,,,,,,,,,,,,,,
6666.975880917016,unswapping,,,,,,,,,,,,,,,,,,,,,,,,,,,,,,,,,,,,,,,,,36,4,36084,1834,390,98,5,right,1,48,48,0,2,,,,,248,,,,,,,,,,,,,,,,,,,,,,,,,,,,,,,,,,,
6667.150600333,unswapping,,,,,,,,,,,,,,,,,,,,,,,,,,,,,,,,,,,,,,,,,36,4,36084,1834,390,98,6,both,0,49,49,0,0,,,,,248,,,,,,,,,,,,,,,,,,,,,,,,,,,,,,,,,,,
6667.291886082996,unswapping,,,,,,,,,,,,,,,,,,,,,,,,,,,,,,,,,,,,,,,,,36,4,36084,1834,390,98,6,both,1,48,48,0,0,,,,,248,,,,,,,,,,,,,,,,,,,,,,,,,,,,,,,,,,,
6667.372242625017,unswapping,,,,,,,,,,,,,,,,,,,,,,,,,,,,,,,,,,,,,,,,,36,4,36084,1834,390,98,6,left,0,49,49,0,0,,,,,248,,,,,,,,,,,,,,,,,,,,,,,,,,,,,,,,,,,
6667.44053308302,unswapping,,,,,,,,,,,,,,,,,,,,,,,,,,,,,,,,,,,,,,,,,36,4,36084,1834,390,98,6,left,1,48,48,0,0,,,,,248,,,,,,,,,,,,,,,,,,,,,,,,,,,,,,,,,,,
6667.521590042015,unswapping,,,,,,,,,,,,,,,,,,,,,,,,,,,,,,,,,,,,,,,,,36,4,36084,1834,390,98,6,right,0,49,49,0,0,,,,,248,,,,,,,,,,,,,,,,,,,,,,,,,,,,,,,,,,,
6667.588704791997,unswapping,,,,,,,,,,,,,,,,,,,,,,,,,,,,,,,,,,,,,,,,,36,4,36084,1834,390,98,6,right,1,48,48,0,0,,,,,248,,,,,,,,,,,,,,,,,,,,,,,,,,,,,,,,,,,
6667.699764707999,unswap_cycle_summary,,,,,,43,29,72,,,,,,,,,,,,,,,,,,,4096,0.002,,,,,,,,,,,,,36,4,36084,1834,390,98,,,,,,,,,,,,,,,,,,,,45,26.192411124997307,72,1984,1912,3,False,,,,,,,,,,,,,,,,,,,,,
6681.497400541994,rewiring,,,,,,,,,,,,,,,,,,,,,,,,,,,,,,,,,,,,,,,,,,,,,,,,,,,,,,,,,,,,,,,,,,45,,,,,,,left,post_unswap,13.796343416994205,20,2214,False,False,False,3,2,lookahead_total,8,False,1,1132,"(250240, 250240, 128, 128, 1673, 20452, 2454)",3.1348628750129137,10.661421957978746,"[{'seed': 123, 'score': (1837660, 1837660, 511, 511, 1473, 19851, 2229), 'num_layers': 2229, 'total_swaps': 19851, 'max_layer_swaps': 21, 'swap_only_layers': 1473, 'work_layers': 756, 'unitary_layers': 756, 'first_work_layer': 15, 'leading_no_work_layers': 15, 'lookahead_layers_scored': 8, 'lookahead_final_elems': 1837660, 'lookahead_final_max_bond': 511, 'lookahead_peak_elems': 1837660, 'lookahead_peak_max_bond': 511, 'lookahead_peak_bond_l2': 654496}, {'seed': 1132, 'score': (250240, 250240, 128, 128, 1673, 20452, 2454), 'num_layers': 2454, 'total_swaps': 20452, 'max_layer_swaps': 21, 'swap_only_layers': 1673, 'work_layers': 781, 'unitary_layers': 781, 'first_work_layer': 15, 'leading_no_work_layers': 15, 'lookahead_layers_scored': 8, 'lookahead_final_elems': 250240, 'lookahead_final_max_bond': 128, 'lookahead_peak_elems': 250240, 'lookahead_peak_max_bond': 128, 'lookahead_peak_bond_l2': 85905}]",13.79631066598813,28.53508816700196
6696.235627125017,rewiring,,,,,,,,,,,,,,,,,,,,,,,,,,,,,,,,,,,,,,,,,,,,,,,,,,,,,,,,,,,,,,,,,,45,,,,,,,right,post_unswap,14.737910416006343,20,2240,False,False,False,3,2,lookahead_total,8,False,1,1132,"(1360776, 1360776, 286, 287, 1590, 18430, 2375)",5.690114583034301,9.047751040983712,"[{'seed': 123, 'score': (2051996, 2051996, 505, 505, 1397, 17793, 2177), 'num_layers': 2177, 'total_swaps': 17793, 'max_layer_swaps': 24, 'swap_only_layers': 1397, 'work_layers': 780, 'unitary_layers': 780, 'first_work_layer': 6, 'leading_no_work_layers': 6, 'lookahead_layers_scored': 8, 'lookahead_final_elems': 2051996, 'lookahead_final_max_bond': 505, 'lookahead_peak_elems': 2051996, 'lookahead_peak_max_bond': 505, 'lookahead_peak_bond_l2': 742118}, {'seed': 1132, 'score': (1360776, 1360776, 286, 287, 1590, 18430, 2375), 'num_layers': 2375, 'total_swaps': 18430, 'max_layer_swaps': 20, 'swap_only_layers': 1590, 'work_layers': 785, 'unitary_layers': 785, 'first_work_layer': 7, 'leading_no_work_layers': 7, 'lookahead_layers_scored': 8, 'lookahead_final_elems': 1360776, 'lookahead_final_max_bond': 286, 'lookahead_peak_elems': 1360776, 'lookahead_peak_max_bond': 287, 'lookahead_peak_bond_l2': 410028}]",14.737886916991556,28.53508816700196
6696.235691250011,cycle_progress,,,,,,43,29,72,,,,,,,,,,,,,,,,,,,4096,0.002,,38772,0,,,,,,,,,,36,4,36084,1834,390,98,,,,,,,,,,,,,,,,,,,,45,,72,1984,1912,3,False,,,,,,,,,,,,,,,,,,,,,28.53508816700196
6696.482755417004,absorbing,L,1,0,2454,2375,43,29,72,19,0,0,0.06300858300528489,0.06440495900460519,0.12741354200989008,0.13442429198767059,36084,45560,36,36,False,False,False,False,36084,36,False,4096,0.002,,36084,0,total_elems,36084,45560,1,1,,,,0.0,36,4,36084,1834,390,98,,,,,,,,,,,,,,,,,,,,,,,,,,,,,,,,,,,,,,,,,,,,,,,
6696.623234083003,absorbing,R,1,1,2454,2375,43,29,72,15,0,0,0.07720487500773743,0.05852904199855402,0.13573391700629145,0.1370221249817405,53920,45560,72,36,False,False,False,False,45560,36,False,4096,0.002,,36084,0,total_elems,53920,45560,1,1,,,,0.0,36,4,45560,2136,390,98,,,,,,,,,,,,,,,,,,,,,,,,,,,,,,,,,,,,,,,,,,,,,,,
6696.76982258301,absorbing,L,2,1,2454,2375,43,29,72,17,0,0,0.07471179100684822,0.06749062502058223,0.14220241602743044,0.1433959580026567,65432,81940,72,61,False,False,False,False,65432,72,False,4096,0.002,,36084,0,total_elems,65432,81940,1,1,,,,0.0,72,4,65432,2480,390,98,,,,,,,,,,,,,,,,,,,,,,,,,,,,,,,,,,,,,,,,,,,,,,,
6696.926101624995,absorbing,L,3,1,2454,2375,43,29,72,15,0,0,0.07260791698354296,0.07850383297773078,0.15111174996127374,0.15253737499006093,79912,102664,72,72,False,False,False,False,79912,72,False,4096,0.002,,36084,0,total_elems,79912,102664,1,1,,,,0.0,72,4,79912,2752,390,98,,,,,,,,,,,,,,,,,,,,,,,,,,,,,,,,,,,,,,,,,,,,,,,
6697.083876582998,absorbing,L,4,1,2454,2375,43,29,72,12,0,0,0.07018904201686382,0.08246629100176506,0.15265533301862888,0.15397429201402701,97480,117736,72,72,False,False,False,False,97480,72,False,4096,0.002,,36084,0,total_elems,97480,117736,1,1,,,,0.0,72,4,97480,3108,390,98,,,,,,,,,,,,,,,,,,,,,,,,,,,,,,,,,,,,,,,,,,,,,,,
6697.255556457996,absorbing,L,5,1,2454,2375,43,29,72,11,0,0,0.07669124999665655,0.09009700000751764,0.1667882500041742,0.16814854100812227,124616,146440,72,72,False,False,False,False,124616,72,False,4096,0.002,,36084,0,total_elems,124616,146440,1,1,,,,0.0,72,4,124616,3548,390,98,,,,,,,,,,,,,,,,,,,,,,,,,,,,,,,,,,,,,,,,,,,,,,,
6697.468452083005,absorbing,L,6,1,2454,2375,43,29,72,10,0,0,0.10293108300538734,0.10492475001956336,0.2078558330249507,0.2093218749796506,159432,192520,72,72,False,False,False,False,159432,72,False,4096,0.002,,36084,0,total_elems,159432,192520,1,1,,,,0.0,72,4,159432,3852,390,98,,,,,,,,,,,,,,,,,,,,,,,,,,,,,,,,,,,,,,,,,,,,,,,
6697.740632083005,absorbing,R,6,2,2454,2375,43,29,72,18,0,0,0.13715387499541976,0.12997679199906997,0.26713066699448973,0.26870454201707616,256776,249352,128,128,False,False,False,False,249352,128,False,4096,0.002,,36084,0,total_elems,256776,249352,1,1,,,,0.0,128,4,249352,4720,390,98,,,,,,,,,,,,,,,,,,,,,,,,,,,,,,,,,,,,,,,,,,,,,,,
6698.291230958013,absorbing,L,7,2,2454,2375,43,29,72,9,0,0,0.22513125001569279,0.215997833001893,0.4411290830175858,0.4426433330227155,436864,436888,128,144,False,False,False,False,436864,128,False,4096,0.002,,36084,0,total_elems,436864,436888,1,1,,,,0.0,128,4,436864,5508,390,98,,,,,,,,,,,,,,,,,,,,,,,,,,,,,,,,,,,,,,,,,,,,,,,
6698.986962666997,absorbing,L,8,2,2454,2375,43,29,72,7,0,0,0.30308666700148024,0.3870294170046691,0.6901160840061493,0.6919117500074208,556604,626104,128,144,False,False,False,False,556604,128,False,4096,0.002,,36084,0,total_elems,556604,626104,1,1,,,,0.0,128,4,556604,6092,390,98,,,,,,,,,,,,,,,,,,,,,,,,,,,,,,,,,,,,,,,,,,,,,,,
6700.009135208005,absorbing,L,9,2,2454,2375,43,29,72,7,0,0,0.3262594999978319,0.6911310000286903,1.0173905000265222,1.018751625000732,652028,759304,128,144,False,False,False,False,652028,128,False,4096,0.002,,36084,0,total_elems,652028,759304,1,1,,,,0.0,128,4,652028,6484,390,98,,,,,,,,,,,,,,,,,,,,,,,,,,,,,,,,,,,,,,,,,,,,,,,
6701.161522667011,absorbing,L,10,2,2454,2375,43,29,72,8,0,0,0.32038491699495353,0.8264404170040507,1.1468253339990042,1.1488536249962635,678296,885688,128,144,False,False,False,False,678296,128,False,4096,0.002,,36084,0,total_elems,678296,885688,1,1,,,,0.0,128,4,678296,6750,390,98,,,,,,,,,,,,,,,,,,,,,,,,,,,,,,,,,,,,,,,,,,,,,,,
6702.392340249993,absorbing,L,11,2,2454,2375,43,29,72,9,0,0,0.36302320900722407,0.8620701670006383,1.2250933760078624,1.2271039160259534,775552,946520,128,144,False,False,False,False,775552,128,False,4096,0.002,,36084,0,total_elems,775552,946520,1,1,,,,0.0,128,4,775552,7322,390,98,,,,,,,,,,,,,,,,,,,,,,,,,,,,,,,,,,,,,,,,,,,,,,,
6703.743897875014,absorbing,L,12,2,2454,2375,43,29,72,9,0,0,0.40646870800992474,0.938799083000049,1.3452677910099737,1.3479533339850605,885664,994328,144,144,False,False,False,False,885664,144,False,4096,0.002,,36084,0,total_elems,885664,994328,1,1,,,,0.0,144,4,885664,8024,390,98,,,,,,,,,,,,,,,,,,,,,,,,,,,,,,,,,,,,,,,,,,,,,,,
6712.776965083001,unswapping,,,,,,,,,,,,,,,,,,,,,,,,,,,,,,,,,,,,,,,,,144,4,900076,8008,390,98,0,both,0,49,49,14,14,,,,,0,,,,,,,,,,,,,,,,,,,,,,,,,,,,,,,,,,,
6718.031487166998,unswapping,,,,,,,,,,,,,,,,,,,,,,,,,,,,,,,,,,,,,,,,,128,4,604676,6814,390,98,0,both,1,48,48,15,29,,,,,0,,,,,,,,,,,,,,,,,,,,,,,,,,,,,,,,,,,
6719.292745542014,unswapping,,,,,,,,,,,,,,,,,,,,,,,,,,,,,,,,,,,,,,,,,109,4,424752,5640,390,98,0,left,0,49,49,20,49,,,,,40,,,,,,,,,,,,,,,,,,,,,,,,,,,,,,,,,,,
6720.4297709999955,unswapping,,,,,,,,,,,,,,,,,,,,,,,,,,,,,,,,,,,,,,,,,108,4,312648,4898,390,98,0,left,1,48,48,16,65,,,,,72,,,,,,,,,,,,,,,,,,,,,,,,,,,,,,,,,,,
6720.971078833012,unswapping,,,,,,,,,,,,,,,,,,,,,,,,,,,,,,,,,,,,,,,,,107,4,265940,4422,390,98,0,right,0,49,49,7,72,,,,,82,,,,,,,,,,,,,,,,,,,,,,,,,,,,,,,,,,,
6721.540085957997,unswapping,,,,,,,,,,,,,,,,,,,,,,,,,,,,,,,,,,,,,,,,,106,4,246164,4204,390,98,0,right,1,48,48,7,79,,,,,96,,,,,,,,,,,,,,,,,,,,,,,,,,,,,,,,,,,
6722.4077416250075,unswapping,,,,,,,,,,,,,,,,,,,,,,,,,,,,,,,,,,,,,,,,,104,4,232328,4038,390,98,1,both,0,49,49,5,5,,,,,106,,,,,,,,,,,,,,,,,,,,,,,,,,,,,,,,,,,
6723.554443083005,unswapping,,,,,,,,,,,,,,,,,,,,,,,,,,,,,,,,,,,,,,,,,102,4,226372,3958,390,98,1,both,1,48,48,7,12,,,,,124,,,,,,,,,,,,,,,,,,,,,,,,,,,,,,,,,,,
6724.057123333012,unswapping,,,,,,,,,,,,,,,,,,,,,,,,,,,,,,,,,,,,,,,,,101,4,188688,3596,390,98,1,left,0,49,49,11,23,,,,,142,,,,,,,,,,,,,,,,,,,,,,,,,,,,,,,,,,,
6724.502327416994,unswapping,,,,,,,,,,,,,,,,,,,,,,,,,,,,,,,,,,,,,,,,,100,4,158076,3330,390,98,1,left,1,48,48,8,31,,,,,158,,,,,,,,,,,,,,,,,,,,,,,,,,,,,,,,,,,
6724.874546458013,unswapping,,,,,,,,,,,,,,,,,,,,,,,,,,,,,,,,,,,,,,,,,67,4,132920,3148,390,98,1,right,0,49,49,6,37,,,,,164,,,,,,,,,,,,,,,,,,,,,,,,,,,,,,,,,,,
6725.152647750016,unswapping,,,,,,,,,,,,,,,,,,,,,,,,,,,,,,,,,,,,,,,,,64,4,117696,3052,390,98,1,right,1,48,48,2,39,,,,,164,,,,,,,,,,,,,,,,,,,,,,,,,,,,,,,,,,,
6725.67859270802,unswapping,,,,,,,,,,,,,,,,,,,,,,,,,,,,,,,,,,,,,,,,,55,4,92572,2822,390,98,2,both,0,49,49,8,8,,,,,174,,,,,,,,,,,,,,,,,,,,,,,,,,,,,,,,,,,
6726.0885386670125,unswapping,,,,,,,,,,,,,,,,,,,,,,,,,,,,,,,,,,,,,,,,,40,4,73152,2584,390,98,2,both,1,48,48,9,17,,,,,192,,,,,,,,,,,,,,,,,,,,,,,,,,,,,,,,,,,
6726.263581250008,unswapping,,,,,,,,,,,,,,,,,,,,,,,,,,,,,,,,,,,,,,,,,40,4,65516,2448,390,98,2,left,0,49,49,8,25,,,,,204,,,,,,,,,,,,,,,,,,,,,,,,,,,,,,,,,,,
6726.428039541992,unswapping,,,,,,,,,,,,,,,,,,,,,,,,,,,,,,,,,,,,,,,,,40,4,60444,2330,390,98,2,left,1,48,48,8,33,,,,,212,,,,,,,,,,,,,,,,,,,,,,,,,,,,,,,,,,,
6726.588220875012,unswapping,,,,,,,,,,,,,,,,,,,,,,,,,,,,,,,,,,,,,,,,,36,4,56444,2266,390,98,2,right,0,49,49,3,36,,,,,216,,,,,,,,,,,,,,,,,,,,,,,,,,,,,,,,,,,
6726.7504158329975,unswapping,,,,,,,,,,,,,,,,,,,,,,,,,,,,,,,,,,,,,,,,,36,4,53472,2212,390,98,2,right,1,48,48,3,39,,,,,218,,,,,,,,,,,,,,,,,,,,,,,,,,,,,,,,,,,
6727.098732750019,unswapping,,,,,,,,,,,,,,,,,,,,,,,,,,,,,,,,,,,,,,,,,36,4,48928,2122,390,98,3,both,0,49,49,6,6,,,,,224,,,,,,,,,,,,,,,,,,,,,,,,,,,,,,,,,,,
6727.421855833003,unswapping,,,,,,,,,,,,,,,,,,,,,,,,,,,,,,,,,,,,,,,,,36,4,44896,2066,390,98,3,both,1,48,48,2,8,,,,,230,,,,,,,,,,,,,,,,,,,,,,,,,,,,,,,,,,,
6727.580428749992,unswapping,,,,,,,,,,,,,,,,,,,,,,,,,,,,,,,,,,,,,,,,,36,4,39928,1966,390,98,3,left,0,49,49,6,14,,,,,236,,,,,,,,,,,,,,,,,,,,,,,,,,,,,,,,,,,
6727.710408542014,unswapping,,,,,,,,,,,,,,,,,,,,,,,,,,,,,,,,,,,,,,,,,36,4,39848,1962,390,98,3,left,1,48,48,1,15,,,,,236,,,,,,,,,,,,,,,,,,,,,,,,,,,,,,,,,,,
6727.850528250012,unswapping,,,,,,,,,,,,,,,,,,,,,,,,,,,,,,,,,,,,,,,,,36,4,39624,1954,390,98,3,right,0,49,49,1,16,,,,,236,,,,,,,,,,,,,,,,,,,,,,,,,,,,,,,,,,,
6727.976010792016,unswapping,,,,,,,,,,,,,,,,,,,,,,,,,,,,,,,,,,,,,,,,,36,4,39432,1942,390,98,3,right,1,48,48,1,17,,,,,238,,,,,,,,,,,,,,,,,,,,,,,,,,,,,,,,,,,
6728.250297624996,unswapping,,,,,,,,,,,,,,,,,,,,,,,,,,,,,,,,,,,,,,,,,36,4,37704,1902,390,98,4,both,0,49,49,2,2,,,,,242,,,,,,,,,,,,,,,,,,,,,,,,,,,,,,,,,,,
6728.491526333004,unswapping,,,,,,,,,,,,,,,,,,,,,,,,,,,,,,,,,,,,,,,,,36,4,35352,1840,390,98,4,both,1,48,48,4,6,,,,,250,,,,,,,,,,,,,,,,,,,,,,,,,,,,,,,,,,,
6728.625362457999,unswapping,,,,,,,,,,,,,,,,,,,,,,,,,,,,,,,,,,,,,,,,,36,4,33784,1800,390,98,4,left,0,49,49,3,9,,,,,254,,,,,,,,,,,,,,,,,,,,,,,,,,,,,,,,,,,
6728.750855082995,unswapping,,,,,,,,,,,,,,,,,,,,,,,,,,,,,,,,,,,,,,,,,36,4,32632,1756,390,98,4,left,1,48,48,4,13,,,,,258,,,,,,,,,,,,,,,,,,,,,,,,,,,,,,,,,,,
6728.827675333014,unswapping,,,,,,,,,,,,,,,,,,,,,,,,,,,,,,,,,,,,,,,,,36,4,32632,1756,390,98,4,right,0,49,49,0,13,,,,,258,,,,,,,,,,,,,,,,,,,,,,,,,,,,,,,,,,,
6728.892299875006,unswapping,,,,,,,,,,,,,,,,,,,,,,,,,,,,,,,,,,,,,,,,,36,4,32632,1756,390,98,4,right,1,48,48,0,13,,,,,258,,,,,,,,,,,,,,,,,,,,,,,,,,,,,,,,,,,
6729.160295833019,unswapping,,,,,,,,,,,,,,,,,,,,,,,,,,,,,,,,,,,,,,,,,36,4,32392,1748,390,98,5,both,0,49,49,2,2,,,,,258,,,,,,,,,,,,,,,,,,,,,,,,,,,,,,,,,,,
6729.38853562501,unswapping,,,,,,,,,,,,,,,,,,,,,,,,,,,,,,,,,,,,,,,,,36,4,31960,1736,390,98,5,both,1,48,48,1,3,,,,,258,,,,,,,,,,,,,,,,,,,,,,,,,,,,,,,,,,,
6729.5036555000115,unswapping,,,,,,,,,,,,,,,,,,,,,,,,,,,,,,,,,,,,,,,,,36,4,31192,1720,390,98,5,left,0,49,49,1,4,,,,,260,,,,,,,,,,,,,,,,,,,,,,,,,,,,,,,,,,,
6729.56904100001,unswapping,,,,,,,,,,,,,,,,,,,,,,,,,,,,,,,,,,,,,,,,,36,4,31192,1720,390,98,5,left,1,48,48,0,4,,,,,260,,,,,,,,,,,,,,,,,,,,,,,,,,,,,,,,,,,
6729.646319207997,unswapping,,,,,,,,,,,,,,,,,,,,,,,,,,,,,,,,,,,,,,,,,36,4,31192,1720,390,98,5,right,0,49,49,0,4,,,,,260,,,,,,,,,,,,,,,,,,,,,,,,,,,,,,,,,,,
6729.709393416997,unswapping,,,,,,,,,,,,,,,,,,,,,,,,,,,,,,,,,,,,,,,,,36,4,31192,1720,390,98,5,right,1,48,48,0,4,,,,,260,,,,,,,,,,,,,,,,,,,,,,,,,,,,,,,,,,,
6729.872334083018,unswapping,,,,,,,,,,,,,,,,,,,,,,,,,,,,,,,,,,,,,,,,,36,4,31192,1720,390,98,6,both,0,49,49,0,0,,,,,260,,,,,,,,,,,,,,,,,,,,,,,,,,,,,,,,,,,
6730.009037375014,unswapping,,,,,,,,,,,,,,,,,,,,,,,,,,,,,,,,,,,,,,,,,36,4,31192,1720,390,98,6,both,1,48,48,0,0,,,,,260,,,,,,,,,,,,,,,,,,,,,,,,,,,,,,,,,,,
6730.087492624996,unswapping,,,,,,,,,,,,,,,,,,,,,,,,,,,,,,,,,,,,,,,,,36,4,31192,1720,390,98,6,left,0,49,49,0,0,,,,,260,,,,,,,,,,,,,,,,,,,,,,,,,,,,,,,,,,,
6730.154682791996,unswapping,,,,,,,,,,,,,,,,,,,,,,,,,,,,,,,,,,,,,,,,,36,4,31192,1720,390,98,6,left,1,48,48,0,0,,,,,260,,,,,,,,,,,,,,,,,,,,,,,,,,,,,,,,,,,
6730.233612500015,unswapping,,,,,,,,,,,,,,,,,,,,,,,,,,,,,,,,,,,,,,,,,36,4,31192,1720,390,98,6,right,0,49,49,0,0,,,,,260,,,,,,,,,,,,,,,,,,,,,,,,,,,,,,,,,,,
6730.294568292011,unswapping,,,,,,,,,,,,,,,,,,,,,,,,,,,,,,,,,,,,,,,,,36,4,31192,1720,390,98,6,right,1,48,48,0,0,,,,,260,,,,,,,,,,,,,,,,,,,,,,,,,,,,,,,,,,,
6730.409229957993,unswap_cycle_summary,,,,,,43,29,72,,,,,,,,,,,,,,,,,,,4096,0.002,,,,,,,,,,,,,36,4,31192,1720,390,98,,,,,,,,,,,,,,,,,,,,46,25.00753920900752,72,1984,1912,0,False,,,,,,,,,,,,,,,,,,,,,
6743.309224708006,rewiring,,,,,,,,,,,,,,,,,,,,,,,,,,,,,,,,,,,,,,,,,,,,,,,,,,,,,,,,,,,,,,,,,,46,,,,,,,left,post_unswap,12.898822084011044,20,2444,False,False,False,0,2,lookahead_total,8,False,1,1132,"(307616, 307616, 144, 144, 1581, 20108, 2355)",1.545642751007108,11.35313716600649,"[{'seed': 123, 'score': (314608, 314608, 144, 144, 1826, 20291, 2600), 'num_layers': 2600, 'total_swaps': 20291, 'max_layer_swaps': 19, 'swap_only_layers': 1826, 'work_layers': 774, 'unitary_layers': 774, 'first_work_layer': 15, 'leading_no_work_layers': 15, 'lookahead_layers_scored': 8, 'lookahead_final_elems': 314608, 'lookahead_final_max_bond': 144, 'lookahead_peak_elems': 314608, 'lookahead_peak_max_bond': 144, 'lookahead_peak_bond_l2': 105621}, {'seed': 1132, 'score': (307616, 307616, 144, 144, 1581, 20108, 2355), 'num_layers': 2355, 'total_swaps': 20108, 'max_layer_swaps': 21, 'swap_only_layers': 1581, 'work_layers': 774, 'unitary_layers': 774, 'first_work_layer': 15, 'leading_no_work_layers': 15, 'lookahead_layers_scored': 8, 'lookahead_final_elems': 307616, 'lookahead_final_max_bond': 144, 'lookahead_peak_elems': 307616, 'lookahead_peak_max_bond': 144, 'lookahead_peak_bond_l2': 103125}]",12.89879983299761,27.381210833991645
6757.791160791996,rewiring,,,,,,,,,,,,,,,,,,,,,,,,,,,,,,,,,,,,,,,,,,,,,,,,,,,,,,,,,,,,,,,,,,46,,,,,,,right,post_unswap,14.481542499997886,20,2375,False,False,False,0,2,lookahead_total,8,False,1,1132,"(1783488, 1783488, 447, 447, 1307, 17926, 2061)",6.955366125010187,7.526105916011147,"[{'seed': 123, 'score': (2151748, 2151748, 447, 447, 1402, 18185, 2169), 'num_layers': 2169, 'total_swaps': 18185, 'max_layer_swaps': 20, 'swap_only_layers': 1402, 'work_layers': 767, 'unitary_layers': 767, 'first_work_layer': 5, 'leading_no_work_layers': 5, 'lookahead_layers_scored': 8, 'lookahead_final_elems': 2151748, 'lookahead_final_max_bond': 447, 'lookahead_peak_elems': 2151748, 'lookahead_peak_max_bond': 447, 'lookahead_peak_bond_l2': 694452}, {'seed': 1132, 'score': (1783488, 1783488, 447, 447, 1307, 17926, 2061), 'num_layers': 2061, 'total_swaps': 17926, 'max_layer_swaps': 22, 'swap_only_layers': 1307, 'work_layers': 754, 'unitary_layers': 754, 'first_work_layer': 8, 'leading_no_work_layers': 8, 'lookahead_layers_scored': 8, 'lookahead_final_elems': 1783488, 'lookahead_final_max_bond': 447, 'lookahead_peak_elems': 1783488, 'lookahead_peak_max_bond': 447, 'lookahead_peak_bond_l2': 579616}]",14.481504916999256,27.381210833991645
6757.791304625018,cycle_progress,,,,,,43,29,72,,,,,,,,,,,,,,,,,,,4096,0.002,,36084,0,,,,,,,,,,36,4,31192,1720,390,98,,,,,,,,,,,,,,,,,,,,46,,72,1984,1912,0,False,,,,,,,,,,,,,,,,,,,,,27.381210833991645
6758.061646874994,absorbing,L,1,0,2355,2061,43,29,72,19,0,0,0.06870554099441506,0.06150895799510181,0.13021449898951687,0.13700808299472556,31192,44280,36,36,False,False,False,False,31192,36,False,4096,0.002,,31192,1,total_elems,31192,44280,1,1,,,,0.0,36,4,31192,1720,390,98,,,,,,,,,,,,,,,,,,,,,,,,,,,,,,,,,,,,,,,,,,,,,,,
6758.210901625018,absorbing,R,1,1,2355,2061,43,29,72,18,0,0,0.07675391601515003,0.06758216701564379,0.14433608303079382,0.1456172920006793,51592,44280,72,36,False,False,False,False,44280,36,False,4096,0.002,,31192,1,total_elems,51592,44280,1,1,,,,0.0,36,4,44280,2080,390,98,,,,,,,,,,,,,,,,,,,,,,,,,,,,,,,,,,,,,,,,,,,,,,,
6758.363087292004,absorbing,L,2,1,2355,2061,43,29,72,16,0,0,0.08236241701524705,0.06453587498981506,0.1468982920050621,0.1483612079755403,65856,70664,72,48,False,False,False,False,65856,72,False,4096,0.002,,31192,1,total_elems,65856,70664,1,1,,,,0.0,72,4,65856,2414,390,98,,,,,,,,,,,,,,,,,,,,,,,,,,,,,,,,,,,,,,,,,,,,,,,
6758.528185333009,absorbing,L,3,1,2355,2061,43,29,72,16,0,0,0.07813616600469686,0.08176354199531488,0.15989970800001174,0.16140804201131687,89600,90840,72,72,False,False,False,False,89600,72,False,4096,0.002,,31192,1,total_elems,89600,90840,1,1,,,,0.0,72,4,89600,2836,390,98,,,,,,,,,,,,,,,,,,,,,,,,,,,,,,,,,,,,,,,,,,,,,,,
6758.736008917011,absorbing,L,4,1,2355,2061,43,29,72,16,0,0,0.08728054101811722,0.11567716699209996,0.20295770801021717,0.20429504200001247,105568,116976,72,72,False,False,False,False,105568,72,False,4096,0.002,,31192,1,total_elems,105568,116976,1,1,,,,0.0,72,4,105568,3136,390,98,,,,,,,,,,,,,,,,,,,,,,,,,,,,,,,,,,,,,,,,,,,,,,,
6758.972641333006,absorbing,L,5,1,2355,2061,43,29,72,13,0,0,0.08782387498649769,0.1435840000049211,0.2314078749914188,0.23284783301642165,131040,136072,72,72,False,False,False,False,131040,72,False,4096,0.002,,31192,1,total_elems,131040,136072,1,1,,,,0.0,72,4,131040,3462,390,98,,,,,,,,,,,,,,,,,,,,,,,,,,,,,,,,,,,,,,,,,,,,,,,
6759.237651917007,absorbing,R,5,2,2355,2061,43,29,72,19,0,0,0.13700920800329186,0.11962958300136961,0.25663879100466147,0.26110787500510924,210336,196008,144,144,False,False,False,False,196008,144,False,4096,0.002,,31192,1,total_elems,210336,196008,1,1,,,,0.0,144,4,196008,4210,390,98,,,,,,,,,,,,,,,,,,,,,,,,,,,,,,,,,,,,,,,,,,,,,,,
6759.619513750018,absorbing,R,5,3,2355,2061,43,29,72,20,0,0,0.20372512500034645,0.17149495799094439,0.37522008299129084,0.3784099580079783,331632,330232,144,144,False,False,False,False,330232,144,False,4096,0.002,,31192,1,total_elems,331632,330232,1,1,,,,0.0,144,4,330232,5442,390,98,,,,,,,,,,,,,,,,,,,,,,,,,,,,,,,,,,,,,,,,,,,,,,,
6760.232741167012,absorbing,L,6,3,2355,2061,43,29,72,9,0,0,0.23430095802177675,0.36988529202062637,0.6041862500424031,0.6091209159931168,506720,688872,144,144,False,False,False,False,506720,144,False,4096,0.002,,31192,1,total_elems,506720,688872,1,1,,,,0.0,144,4,506720,6460,390,98,,,,,,,,,,,,,,,,,,,,,,,,,,,,,,,,,,,,,,,,,,,,,,,
6761.227746332996,absorbing,L,7,3,2355,2061,43,29,72,9,0,0,0.4087013329844922,0.5791939999908209,0.9878953329753131,0.9895179999875836,726504,1040720,144,144,False,False,False,True,726504,144,False,4096,0.002,,31192,1,total_elems,726504,1040720,1,1,,,,0.0,144,4,726504,7176,390,98,,,,,,,,,,,,,,,,,,,,,,,,,,,,,,,,,,,,,,,,,,,,,,,
6762.476478791999,absorbing,L,8,3,2355,2061,43,29,72,8,0,0,0.42907249997369945,0.6990030000160914,1.1280754999897908,1.1299224169924855,759704,1317104,144,239,False,False,False,True,759704,144,False,4096,0.002,,31192,1,total_elems,759704,1317104,1,1,,,,0.0,144,4,759704,7308,390,98,,,,,,,,,,,,,,,,,,,,,,,,,,,,,,,,,,,,,,,,,,,,,,,
6763.663669875008,absorbing,L,9,3,2355,2061,43,29,72,6,0,0,0.40361195799778216,0.7724889579985756,1.1761009159963578,1.1798492090019863,846248,1296248,144,236,False,False,False,True,846248,144,False,4096,0.002,,31192,1,total_elems,846248,1296248,1,1,,,,0.0,144,4,846248,7722,390,98,,,,,,,,,,,,,,,,,,,,,,,,,,,,,,,,,,,,,,,,,,,,,,,
6764.886864458007,absorbing,L,10,3,2355,2061,43,29,72,6,0,0,0.4987167090002913,0.7124304169847164,1.2111471259850077,1.2141408330062404,896072,1343788,144,234,False,False,False,True,896072,144,False,4096,0.002,,31192,1,total_elems,896072,1343788,1,1,,,,0.0,144,4,896072,8072,390,98,,,,,,,,,,,,,,,,,,,,,,,,,,,,,,,,,,,,,,,,,,,,,,,
6773.714463625016,unswapping,,,,,,,,,,,,,,,,,,,,,,,,,,,,,,,,,,,,,,,,,144,4,874128,7658,390,98,0,both,0,49,49,9,9,,,,,0,,,,,,,,,,,,,,,,,,,,,,,,,,,,,,,,,,,
6779.5921232080145,unswapping,,,,,,,,,,,,,,,,,,,,,,,,,,,,,,,,,,,,,,,,,144,4,583908,6180,390,98,0,both,1,48,48,18,27,,,,,0,,,,,,,,,,,,,,,,,,,,,,,,,,,,,,,,,,,
6781.422891416994,unswapping,,,,,,,,,,,,,,,,,,,,,,,,,,,,,,,,,,,,,,,,,128,4,437240,5426,390,98,0,left,0,49,49,17,44,,,,,34,,,,,,,,,,,,,,,,,,,,,,,,,,,,,,,,,,,
6782.759766125004,unswapping,,,,,,,,,,,,,,,,,,,,,,,,,,,,,,,,,,,,,,,,,104,4,274656,4600,390,98,0,left,1,48,48,16,60,,,,,66,,,,,,,,,,,,,,,,,,,,,,,,,,,,,,,,,,,
6783.229841124994,unswapping,,,,,,,,,,,,,,,,,,,,,,,,,,,,,,,,,,,,,,,,,103,4,240548,4158,390,98,0,right,0,49,49,13,73,,,,,88,,,,,,,,,,,,,,,,,,,,,,,,,,,,,,,,,,,
6783.823987167008,unswapping,,,,,,,,,,,,,,,,,,,,,,,,,,,,,,,,,,,,,,,,,102,4,200956,3848,390,98,0,right,1,48,48,10,83,,,,,108,,,,,,,,,,,,,,,,,,,,,,,,,,,,,,,,,,,
6784.500585542002,unswapping,,,,,,,,,,,,,,,,,,,,,,,,,,,,,,,,,,,,,,,,,72,4,138008,3342,390,98,1,both,0,49,49,9,9,,,,,120,,,,,,,,,,,,,,,,,,,,,,,,,,,,,,,,,,,
6785.241280042013,unswapping,,,,,,,,,,,,,,,,,,,,,,,,,,,,,,,,,,,,,,,,,72,4,114428,3004,390,98,1,both,1,48,48,11,20,,,,,150,,,,,,,,,,,,,,,,,,,,,,,,,,,,,,,,,,,
6785.495126291993,unswapping,,,,,,,,,,,,,,,,,,,,,,,,,,,,,,,,,,,,,,,,,72,4,83204,2702,390,98,1,left,0,49,49,9,29,,,,,162,,,,,,,,,,,,,,,,,,,,,,,,,,,,,,,,,,,
6785.68622987502,unswapping,,,,,,,,,,,,,,,,,,,,,,,,,,,,,,,,,,,,,,,,,51,4,74128,2582,390,98,1,left,1,48,48,8,37,,,,,174,,,,,,,,,,,,,,,,,,,,,,,,,,,,,,,,,,,
6785.874929333018,unswapping,,,,,,,,,,,,,,,,,,,,,,,,,,,,,,,,,,,,,,,,,49,4,69756,2474,390,98,1,right,0,49,49,8,45,,,,,186,,,,,,,,,,,,,,,,,,,,,,,,,,,,,,,,,,,
6786.041849417001,unswapping,,,,,,,,,,,,,,,,,,,,,,,,,,,,,,,,,,,,,,,,,48,4,60864,2394,390,98,1,right,1,48,48,3,48,,,,,188,,,,,,,,,,,,,,,,,,,,,,,,,,,,,,,,,,,
6786.354977667012,unswapping,,,,,,,,,,,,,,,,,,,,,,,,,,,,,,,,,,,,,,,,,36,4,54704,2290,390,98,2,both,0,49,49,7,7,,,,,194,,,,,,,,,,,,,,,,,,,,,,,,,,,,,,,,,,,
6786.648369083006,unswapping,,,,,,,,,,,,,,,,,,,,,,,,,,,,,,,,,,,,,,,,,36,4,51160,2186,390,98,2,both,1,48,48,8,15,,,,,198,,,,,,,,,,,,,,,,,,,,,,,,,,,,,,,,,,,
6786.803102542006,unswapping,,,,,,,,,,,,,,,,,,,,,,,,,,,,,,,,,,,,,,,,,36,4,49208,2122,390,98,2,left,0,49,49,5,20,,,,,206,,,,,,,,,,,,,,,,,,,,,,,,,,,,,,,,,,,
6786.958414499997,unswapping,,,,,,,,,,,,,,,,,,,,,,,,,,,,,,,,,,,,,,,,,36,4,44472,2058,390,98,2,left,1,48,48,3,23,,,,,210,,,,,,,,,,,,,,,,,,,,,,,,,,,,,,,,,,,
6787.084789749992,unswapping,,,,,,,,,,,,,,,,,,,,,,,,,,,,,,,,,,,,,,,,,36,4,41752,2018,390,98,2,right,0,49,49,1,24,,,,,208,,,,,,,,,,,,,,,,,,,,,,,,,,,,,,,,,,,
6787.154998125014,unswapping,,,,,,,,,,,,,,,,,,,,,,,,,,,,,,,,,,,,,,,,,36,4,41752,2018,390,98,2,right,1,48,48,0,24,,,,,208,,,,,,,,,,,,,,,,,,,,,,,,,,,,,,,,,,,
6787.450660250004,unswapping,,,,,,,,,,,,,,,,,,,,,,,,,,,,,,,,,,,,,,,,,36,4,38412,1940,390,98,3,both,0,49,49,7,7,,,,,216,,,,,,,,,,,,,,,,,,,,,,,,,,,,,,,,,,,
6787.698207500012,unswapping,,,,,,,,,,,,,,,,,,,,,,,,,,,,,,,,,,,,,,,,,36,4,37404,1912,390,98,3,both,1,48,48,2,9,,,,,218,,,,,,,,,,,,,,,,,,,,,,,,,,,,,,,,,,,
6787.822049000009,unswapping,,,,,,,,,,,,,,,,,,,,,,,,,,,,,,,,,,,,,,,,,36,4,37276,1904,390,98,3,left,0,49,49,1,10,,,,,220,,,,,,,,,,,,,,,,,,,,,,,,,,,,,,,,,,,
6787.9601490000205,unswapping,,,,,,,,,,,,,,,,,,,,,,,,,,,,,,,,,,,,,,,,,36,4,35632,1866,390,98,3,left,1,48,48,3,13,,,,,222,,,,,,,,,,,,,,,,,,,,,,,,,,,,,,,,,,,
6788.109993042017,unswapping,,,,,,,,,,,,,,,,,,,,,,,,,,,,,,,,,,,,,,,,,36,4,34560,1838,390,98,3,right,0,49,49,2,15,,,,,222,,,,,,,,,,,,,,,,,,,,,,,,,,,,,,,,,,,
6788.177886457997,unswapping,,,,,,,,,,,,,,,,,,,,,,,,,,,,,,,,,,,,,,,,,36,4,34560,1838,390,98,3,right,1,48,48,0,15,,,,,222,,,,,,,,,,,,,,,,,,,,,,,,,,,,,,,,,,,
6788.4307450420165,unswapping,,,,,,,,,,,,,,,,,,,,,,,,,,,,,,,,,,,,,,,,,36,4,34448,1834,390,98,4,both,0,49,49,1,1,,,,,222,,,,,,,,,,,,,,,,,,,,,,,,,,,,,,,,,,,
6788.571416082996,unswapping,,,,,,,,,,,,,,,,,,,,,,,,,,,,,,,,,,,,,,,,,36,4,34448,1834,390,98,4,both,1,48,48,0,1,,,,,222,,,,,,,,,,,,,,,,,,,,,,,,,,,,,,,,,,,
6788.70480425001,unswapping,,,,,,,,,,,,,,,,,,,,,,,,,,,,,,,,,,,,,,,,,36,4,34152,1822,390,98,4,left,0,49,49,2,3,,,,,226,,,,,,,,,,,,,,,,,,,,,,,,,,,,,,,,,,,
6788.8264517500065,unswapping,,,,,,,,,,,,,,,,,,,,,,,,,,,,,,,,,,,,,,,,,36,4,33088,1788,390,98,4,left,1,48,48,3,6,,,,,232,,,,,,,,,,,,,,,,,,,,,,,,,,,,,,,,,,,
6788.898396917008,unswapping,,,,,,,,,,,,,,,,,,,,,,,,,,,,,,,,,,,,,,,,,36,4,33088,1788,390,98,4,right,0,49,49,0,6,,,,,232,,,,,,,,,,,,,,,,,,,,,,,,,,,,,,,,,,,
6788.961711832992,unswapping,,,,,,,,,,,,,,,,,,,,,,,,,,,,,,,,,,,,,,,,,36,4,33088,1788,390,98,4,right,1,48,48,0,6,,,,,232,,,,,,,,,,,,,,,,,,,,,,,,,,,,,,,,,,,
6789.233827749995,unswapping,,,,,,,,,,,,,,,,,,,,,,,,,,,,,,,,,,,,,,,,,36,4,32872,1780,390,98,5,both,0,49,49,2,2,,,,,236,,,,,,,,,,,,,,,,,,,,,,,,,,,,,,,,,,,
6789.367383583012,unswapping,,,,,,,,,,,,,,,,,,,,,,,,,,,,,,,,,,,,,,,,,36,4,32872,1780,390,98,5,both,1,48,48,0,2,,,,,236,,,,,,,,,,,,,,,,,,,,,,,,,,,,,,,,,,,
6789.441214749997,unswapping,,,,,,,,,,,,,,,,,,,,,,,,,,,,,,,,,,,,,,,,,36,4,32872,1780,390,98,5,left,0,49,49,0,2,,,,,236,,,,,,,,,,,,,,,,,,,,,,,,,,,,,,,,,,,
6789.550502416998,unswapping,,,,,,,,,,,,,,,,,,,,,,,,,,,,,,,,,,,,,,,,,36,4,32488,1772,390,98,5,left,1,48,48,1,3,,,,,236,,,,,,,,,,,,,,,,,,,,,,,,,,,,,,,,,,,
6789.647046124999,unswapping,,,,,,,,,,,,,,,,,,,,,,,,,,,,,,,,,,,,,,,,,36,4,32488,1772,390,98,5,right,0,49,49,0,3,,,,,236,,,,,,,,,,,,,,,,,,,,,,,,,,,,,,,,,,,
6789.71664275002,unswapping,,,,,,,,,,,,,,,,,,,,,,,,,,,,,,,,,,,,,,,,,36,4,32488,1772,390,98,5,right,1,48,48,0,3,,,,,236,,,,,,,,,,,,,,,,,,,,,,,,,,,,,,,,,,,
6789.922783832997,unswapping,,,,,,,,,,,,,,,,,,,,,,,,,,,,,,,,,,,,,,,,,36,4,32488,1772,390,98,6,both,0,49,49,0,0,,,,,236,,,,,,,,,,,,,,,,,,,,,,,,,,,,,,,,,,,
6790.088266625011,unswapping,,,,,,,,,,,,,,,,,,,,,,,,,,,,,,,,,,,,,,,,,36,4,32488,1772,390,98,6,both,1,48,48,0,0,,,,,236,,,,,,,,,,,,,,,,,,,,,,,,,,,,,,,,,,,
6790.2151503750065,unswapping,,,,,,,,,,,,,,,,,,,,,,,,,,,,,,,,,,,,,,,,,36,4,32104,1760,390,98,6,left,0,49,49,1,1,,,,,238,,,,,,,,,,,,,,,,,,,,,,,,,,,,,,,,,,,
6790.281687750015,unswapping,,,,,,,,,,,,,,,,,,,,,,,,,,,,,,,,,,,,,,,,,36,4,32104,1760,390,98,6,left,1,48,48,0,1,,,,,238,,,,,,,,,,,,,,,,,,,,,,,,,,,,,,,,,,,
6790.363854958006,unswapping,,,,,,,,,,,,,,,,,,,,,,,,,,,,,,,,,,,,,,,,,36,4,32104,1760,390,98,6,right,0,49,49,0,1,,,,,238,,,,,,,,,,,,,,,,,,,,,,,,,,,,,,,,,,,
6790.4381705830165,unswapping,,,,,,,,,,,,,,,,,,,,,,,,,,,,,,,,,,,,,,,,,36,4,32104,1760,390,98,6,right,1,48,48,0,1,,,,,238,,,,,,,,,,,,,,,,,,,,,,,,,,,,,,,,,,,
6790.6026958330185,unswapping,,,,,,,,,,,,,,,,,,,,,,,,,,,,,,,,,,,,,,,,,36,4,32104,1760,390,98,7,both,0,49,49,0,0,,,,,238,,,,,,,,,,,,,,,,,,,,,,,,,,,,,,,,,,,
6790.73460133301,unswapping,,,,,,,,,,,,,,,,,,,,,,,,,,,,,,,,,,,,,,,,,36,4,32104,1760,390,98,7,both,1,48,48,0,0,,,,,238,,,,,,,,,,,,,,,,,,,,,,,,,,,,,,,,,,,
6790.806805875007,unswapping,,,,,,,,,,,,,,,,,,,,,,,,,,,,,,,,,,,,,,,,,36,4,32104,1760,390,98,7,left,0,49,49,0,0,,,,,238,,,,,,,,,,,,,,,,,,,,,,,,,,,,,,,,,,,
6790.879045583017,unswapping,,,,,,,,,,,,,,,,,,,,,,,,,,,,,,,,,,,,,,,,,36,4,32104,1760,390,98,7,left,1,48,48,0,0,,,,,238,,,,,,,,,,,,,,,,,,,,,,,,,,,,,,,,,,,
6790.958716416993,unswapping,,,,,,,,,,,,,,,,,,,,,,,,,,,,,,,,,,,,,,,,,36,4,32104,1760,390,98,7,right,0,49,49,0,0,,,,,238,,,,,,,,,,,,,,,,,,,,,,,,,,,,,,,,,,,
6791.024457042018,unswapping,,,,,,,,,,,,,,,,,,,,,,,,,,,,,,,,,,,,,,,,,36,4,32104,1760,390,98,7,right,1,48,48,0,0,,,,,238,,,,,,,,,,,,,,,,,,,,,,,,,,,,,,,,,,,
6791.028499500011,unswap_cycle_summary,,,,,,43,29,72,,,,,,,,,,,,,,,,,,,4096,0.002,,,,,,,,,,,,,36,4,32104,1760,390,98,,,,,,,,,,,,,,,,,,,,47,24.709804124984657,72,1984,1912,0,False,,,,,,,,,,,,,,,,,,,,,
6805.28133966701,rewiring,,,,,,,,,,,,,,,,,,,,,,,,,,,,,,,,,,,,,,,,,,,,,,,,,,,,,,,,,,,,,,,,,,47,,,,,,,left,post_unswap,14.251970165991224,20,2347,False,False,False,0,2,lookahead_total,8,False,1,123,"(389096, 389096, 142, 143, 1753, 20452, 2501)",2.2356363750004675,12.016303957992932,"[{'seed': 123, 'score': (389096, 389096, 142, 143, 1753, 20452, 2501), 'num_layers': 2501, 'total_swaps': 20452, 'max_layer_swaps': 21, 'swap_only_layers': 1753, 'work_layers': 748, 'unitary_layers': 748, 'first_work_layer': 12, 'leading_no_work_layers': 12, 'lookahead_layers_scored': 8, 'lookahead_final_elems': 389096, 'lookahead_final_max_bond': 142, 'lookahead_peak_elems': 389096, 'lookahead_peak_max_bond': 143, 'lookahead_peak_bond_l2': 134055}, {'seed': 1132, 'score': (537152, 537152, 286, 287, 1616, 19922, 2403), 'num_layers': 2403, 'total_swaps': 19922, 'max_layer_swaps': 22, 'swap_only_layers': 1616, 'work_layers': 787, 'unitary_layers': 787, 'first_work_layer': 12, 'leading_no_work_layers': 12, 'lookahead_layers_scored': 8, 'lookahead_final_elems': 537152, 'lookahead_final_max_bond': 286, 'lookahead_peak_elems': 537152, 'lookahead_peak_max_bond': 287, 'lookahead_peak_bond_l2': 186740}]",14.251961000001756,25.406010540988063
6816.435011124995,rewiring,,,,,,,,,,,,,,,,,,,,,,,,,,,,,,,,,,,,,,,,,,,,,,,,,,,,,,,,,,,,,,,,,,47,,,,,,,right,post_unswap,11.152027292002458,20,2060,False,False,False,0,2,lookahead_total,8,False,1,123,"(607636, 607636, 144, 144, 1332, 18077, 2088)",3.8000479170004837,7.351941207976779,"[{'seed': 123, 'score': (607636, 607636, 144, 144, 1332, 18077, 2088), 'num_layers': 2088, 'total_swaps': 18077, 'max_layer_swaps': 22, 'swap_only_layers': 1332, 'work_layers': 756, 'unitary_layers': 756, 'first_work_layer': 7, 'leading_no_work_layers': 7, 'lookahead_layers_scored': 8, 'lookahead_final_elems': 607636, 'lookahead_final_max_bond': 144, 'lookahead_peak_elems': 607636, 'lookahead_peak_max_bond': 144, 'lookahead_peak_bond_l2': 184786}, {'seed': 1132, 'score': (1019880, 1019880, 284, 287, 1290, 17857, 2057), 'num_layers': 2057, 'total_swaps': 17857, 'max_layer_swaps': 21, 'swap_only_layers': 1290, 'work_layers': 767, 'unitary_layers': 767, 'first_work_layer': 7, 'leading_no_work_layers': 7, 'lookahead_layers_scored': 8, 'lookahead_final_elems': 1019880, 'lookahead_final_max_bond': 284, 'lookahead_peak_elems': 1019880, 'lookahead_peak_max_bond': 287, 'lookahead_peak_bond_l2': 332409}]",11.152016957988963,25.406010540988063
6816.546609707992,cycle_progress,,,,,,43,29,72,,,,,,,,,,,,,,,,,,,4096,0.002,,31192,1,,,,,,,,,,36,4,32104,1760,390,98,,,,,,,,,,,,,,,,,,,,47,,72,1984,1912,0,False,,,,,,,,,,,,,,,,,,,,,25.406010540988063
6816.822233542014,absorbing,L,1,0,2501,2088,43,29,72,18,0,0,0.06585866698878817,0.06547604201477952,0.1313347090035677,0.14814920799108222,32104,45936,36,72,False,False,False,False,32104,36,False,4096,0.002,,32104,2,total_elems,32104,45936,1,1,,,,0.0,36,4,32104,1760,390,98,,,,,,,,,,,,,,,,,,,,,,,,,,,,,,,,,,,,,,,,,,,,,,,
6816.978353999992,absorbing,R,1,1,2501,2088,43,29,72,14,0,0,0.08356212501530536,0.06510733300819993,0.14866945802350529,0.1500175420078449,55424,45936,72,72,False,False,False,False,45936,72,False,4096,0.002,,32104,2,total_elems,55424,45936,1,1,,,,0.0,72,4,45936,2102,390,98,,,,,,,,,,,,,,,,,,,,,,,,,,,,,,,,,,,,,,,,,,,,,,,
6817.180077333003,absorbing,L,2,1,2501,2088,43,29,72,19,0,0,0.10335037502227351,0.0928407080064062,0.1961910830286797,0.19797170799574815,70424,72980,72,72,False,False,False,False,70424,72,False,4096,0.002,,32104,2,total_elems,70424,72980,1,1,,,,0.0,72,4,70424,2456,390,98,,,,,,,,,,,,,,,,,,,,,,,,,,,,,,,,,,,,,,,,,,,,,,,
6817.42128816701,absorbing,R,2,2,2501,2088,43,29,72,14,0,0,0.12672912498237565,0.10862104198895395,0.2353501669713296,0.2372302919975482,130640,99412,143,72,False,False,False,False,99412,72,False,4096,0.002,,32104,2,total_elems,130640,99412,1,1,,,,0.0,72,4,99412,2796,390,98,,,,,,,,,,,,,,,,,,,,,,,,,,,,,,,,,,,,,,,,,,,,,,,
6817.678512083017,absorbing,R,2,3,2501,2088,43,29,72,16,0,0,0.11485799998627044,0.134778291976545,0.24963629196281545,0.2531915419967845,162828,144876,143,95,False,False,False,False,144876,95,False,4096,0.002,,32104,2,total_elems,162828,144876,1,1,,,,0.0,95,4,144876,3328,390,98,,,,,,,,,,,,,,,,,,,,,,,,,,,,,,,,,,,,,,,,,,,,,,,
6818.035954541992,absorbing,L,3,3,2501,2088,43,29,72,19,0,0,0.15028670799802057,0.19957233298919164,0.3498590409872122,0.353382082976168,213616,281432,143,144,False,False,False,False,213616,143,False,4096,0.002,,32104,2,total_elems,213616,281432,1,1,,,,0.0,143,4,213616,3938,390,98,,,,,,,,,,,,,,,,,,,,,,,,,,,,,,,,,,,,,,,,,,,,,,,
6818.430112083006,absorbing,L,4,3,2501,2088,43,29,72,12,0,0,0.1457734590221662,0.23832241600030102,0.3840958750224672,0.3875496669788845,235980,355300,142,144,False,False,False,False,235980,142,False,4096,0.002,,32104,2,total_elems,235980,355300,1,1,,,,0.0,142,4,235980,4338,390,98,,,,,,,,,,,,,,,,,,,,,,,,,,,,,,,,,,,,,,,,,,,,,,,
6818.868718417012,absorbing,L,5,3,2501,2088,43,29,72,12,0,0,0.17370183300226927,0.2567761249956675,0.43047795799793676,0.4344179590116255,305968,408720,142,144,False,False,False,False,305968,142,False,4096,0.002,,32104,2,total_elems,305968,408720,1,1,,,,0.0,142,4,305968,4928,390,98,,,,,,,,,,,,,,,,,,,,,,,,,,,,,,,,,,,,,,,,,,,,,,,
6819.517777917004,absorbing,L,6,3,2501,2088,43,29,72,9,0,0,0.2826347920054104,0.3552208330074791,0.6378556250128895,0.6420078749943059,477172,584140,175,191,False,False,False,False,477172,175,False,4096,0.002,,32104,2,total_elems,477172,584140,1,1,,,,0.0,175,4,477172,5780,390,98,,,,,,,,,,,,,,,,,,,,,,,,,,,,,,,,,,,,,,,,,,,,,,,
6820.3492494170205,absorbing,L,7,3,2501,2088,43,29,72,10,0,0,0.37742550001712516,0.4434991670132149,0.8209246670303401,0.8253175000136252,577016,774876,169,191,False,False,False,False,577016,169,False,4096,0.002,,32104,2,total_elems,577016,774876,1,1,,,,0.0,169,4,577016,6226,390,98,,,,,,,,,,,,,,,,,,,,,,,,,,,,,,,,,,,,,,,,,,,,,,,
6821.469221458014,absorbing,L,8,3,2501,2088,43,29,72,10,0,0,0.6384742079826538,0.4745826250000391,1.1130568329826929,1.1149740410037339,778068,881420,256,191,False,False,False,False,778068,256,False,4096,0.002,,32104,2,total_elems,778068,881420,1,1,,,,0.0,256,4,778068,7092,390,98,,,,,,,,,,,,,,,,,,,,,,,,,,,,,,,,,,,,,,,,,,,,,,,
6833.511473249993,unswapping,,,,,,,,,,,,,,,,,,,,,,,,,,,,,,,,,,,,,,,,,256,4,1071244,7008,390,98,0,both,0,49,49,11,11,,,,,0,,,,,,,,,,,,,,,,,,,,,,,,,,,,,,,,,,,
6846.992983375007,unswapping,,,,,,,,,,,,,,,,,,,,,,,,,,,,,,,,,,,,,,,,,256,4,650380,5744,390,98,0,both,1,48,48,11,22,,,,,0,,,,,,,,,,,,,,,,,,,,,,,,,,,,,,,,,,,
6849.427941542002,unswapping,,,,,,,,,,,,,,,,,,,,,,,,,,,,,,,,,,,,,,,,,128,4,335536,4666,390,98,0,left,0,49,49,12,34,,,,,24,,,,,,,,,,,,,,,,,,,,,,,,,,,,,,,,,,,
6850.411126332998,unswapping,,,,,,,,,,,,,,,,,,,,,,,,,,,,,,,,,,,,,,,,,128,4,167188,3804,390,98,0,left,1,48,48,16,50,,,,,56,,,,,,,,,,,,,,,,,,,,,,,,,,,,,,,,,,,
6850.712054167001,unswapping,,,,,,,,,,,,,,,,,,,,,,,,,,,,,,,,,,,,,,,,,64,4,132948,3384,390,98,0,right,0,49,49,8,58,,,,,72,,,,,,,,,,,,,,,,,,,,,,,,,,,,,,,,,,,
6851.063016208005,unswapping,,,,,,,,,,,,,,,,,,,,,,,,,,,,,,,,,,,,,,,,,64,4,116004,3180,390,98,0,right,1,48,48,8,66,,,,,88,,,,,,,,,,,,,,,,,,,,,,,,,,,,,,,,,,,
6851.5818487080105,unswapping,,,,,,,,,,,,,,,,,,,,,,,,,,,,,,,,,,,,,,,,,40,4,85092,2816,390,98,1,both,0,49,49,13,13,,,,,112,,,,,,,,,,,,,,,,,,,,,,,,,,,,,,,,,,,
6851.957293667016,unswapping,,,,,,,,,,,,,,,,,,,,,,,,,,,,,,,,,,,,,,,,,36,4,81204,2726,390,98,1,both,1,48,48,7,20,,,,,122,,,,,,,,,,,,,,,,,,,,,,,,,,,,,,,,,,,
6852.150125957996,unswapping,,,,,,,,,,,,,,,,,,,,,,,,,,,,,,,,,,,,,,,,,36,4,78464,2668,390,98,1,left,0,49,49,5,25,,,,,126,,,,,,,,,,,,,,,,,,,,,,,,,,,,,,,,,,,
6852.3371306670015,unswapping,,,,,,,,,,,,,,,,,,,,,,,,,,,,,,,,,,,,,,,,,36,4,72320,2572,390,98,1,left,1,48,48,5,30,,,,,134,,,,,,,,,,,,,,,,,,,,,,,,,,,,,,,,,,,
6852.528466417018,unswapping,,,,,,,,,,,,,,,,,,,,,,,,,,,,,,,,,,,,,,,,,36,4,70488,2526,390,98,1,right,0,49,49,4,34,,,,,140,,,,,,,,,,,,,,,,,,,,,,,,,,,,,,,,,,,
6852.704964792007,unswapping,,,,,,,,,,,,,,,,,,,,,,,,,,,,,,,,,,,,,,,,,36,4,60756,2388,390,98,1,right,1,48,48,6,40,,,,,150,,,,,,,,,,,,,,,,,,,,,,,,,,,,,,,,,,,
6853.091528167017,unswapping,,,,,,,,,,,,,,,,,,,,,,,,,,,,,,,,,,,,,,,,,36,4,52280,2246,390,98,2,both,0,49,49,6,6,,,,,158,,,,,,,,,,,,,,,,,,,,,,,,,,,,,,,,,,,
6853.396072917007,unswapping,,,,,,,,,,,,,,,,,,,,,,,,,,,,,,,,,,,,,,,,,36,4,49420,2188,390,98,2,both,1,48,48,5,11,,,,,162,,,,,,,,,,,,,,,,,,,,,,,,,,,,,,,,,,,
6853.552505917003,unswapping,,,,,,,,,,,,,,,,,,,,,,,,,,,,,,,,,,,,,,,,,36,4,46996,2124,390,98,2,left,0,49,49,5,16,,,,,170,,,,,,,,,,,,,,,,,,,,,,,,,,,,,,,,,,,
6853.702280792,unswapping,,,,,,,,,,,,,,,,,,,,,,,,,,,,,,,,,,,,,,,,,36,4,44312,2062,390,98,2,left,1,48,48,4,20,,,,,178,,,,,,,,,,,,,,,,,,,,,,,,,,,,,,,,,,,
6853.794629083015,unswapping,,,,,,,,,,,,,,,,,,,,,,,,,,,,,,,,,,,,,,,,,36,4,44312,2062,390,98,2,right,0,49,49,0,20,,,,,178,,,,,,,,,,,,,,,,,,,,,,,,,,,,,,,,,,,
6853.87430270802,unswapping,,,,,,,,,,,,,,,,,,,,,,,,,,,,,,,,,,,,,,,,,36,4,44312,2062,390,98,2,right,1,48,48,0,20,,,,,178,,,,,,,,,,,,,,,,,,,,,,,,,,,,,,,,,,,
6854.175106083014,unswapping,,,,,,,,,,,,,,,,,,,,,,,,,,,,,,,,,,,,,,,,,36,4,39912,2000,390,98,3,both,0,49,49,3,3,,,,,180,,,,,,,,,,,,,,,,,,,,,,,,,,,,,,,,,,,
6854.434361958003,unswapping,,,,,,,,,,,,,,,,,,,,,,,,,,,,,,,,,,,,,,,,,36,4,36600,1924,390,98,3,both,1,48,48,4,7,,,,,184,,,,,,,,,,,,,,,,,,,,,,,,,,,,,,,,,,,
6854.570384541992,unswapping,,,,,,,,,,,,,,,,,,,,,,,,,,,,,,,,,,,,,,,,,36,4,34672,1864,390,98,3,left,0,49,49,4,11,,,,,192,,,,,,,,,,,,,,,,,,,,,,,,,,,,,,,,,,,
6854.680171042011,unswapping,,,,,,,,,,,,,,,,,,,,,,,,,,,,,,,,,,,,,,,,,36,4,34056,1850,390,98,3,left,1,48,48,1,12,,,,,192,,,,,,,,,,,,,,,,,,,,,,,,,,,,,,,,,,,
6854.776006458007,unswapping,,,,,,,,,,,,,,,,,,,,,,,,,,,,,,,,,,,,,,,,,36,4,34056,1850,390,98,3,right,0,49,49,0,12,,,,,192,,,,,,,,,,,,,,,,,,,,,,,,,,,,,,,,,,,
6854.842524417007,unswapping,,,,,,,,,,,,,,,,,,,,,,,,,,,,,,,,,,,,,,,,,36,4,34056,1850,390,98,3,right,1,48,48,0,12,,,,,192,,,,,,,,,,,,,,,,,,,,,,,,,,,,,,,,,,,
6855.100171458005,unswapping,,,,,,,,,,,,,,,,,,,,,,,,,,,,,,,,,,,,,,,,,36,4,33864,1842,390,98,4,both,0,49,49,1,1,,,,,194,,,,,,,,,,,,,,,,,,,,,,,,,,,,,,,,,,,
6855.345278124994,unswapping,,,,,,,,,,,,,,,,,,,,,,,,,,,,,,,,,,,,,,,,,36,4,33480,1826,390,98,4,both,1,48,48,2,3,,,,,196,,,,,,,,,,,,,,,,,,,,,,,,,,,,,,,,,,,
6855.459267458005,unswapping,,,,,,,,,,,,,,,,,,,,,,,,,,,,,,,,,,,,,,,,,36,4,33344,1822,390,98,4,left,0,49,49,1,4,,,,,196,,,,,,,,,,,,,,,,,,,,,,,,,,,,,,,,,,,
6855.520517666999,unswapping,,,,,,,,,,,,,,,,,,,,,,,,,,,,,,,,,,,,,,,,,36,4,33344,1822,390,98,4,left,1,48,48,0,4,,,,,196,,,,,,,,,,,,,,,,,,,,,,,,,,,,,,,,,,,
6855.591763625009,unswapping,,,,,,,,,,,,,,,,,,,,,,,,,,,,,,,,,,,,,,,,,36,4,33344,1822,390,98,4,right,0,49,49,0,4,,,,,196,,,,,,,,,,,,,,,,,,,,,,,,,,,,,,,,,,,
6855.65254845802,unswapping,,,,,,,,,,,,,,,,,,,,,,,,,,,,,,,,,,,,,,,,,36,4,33344,1822,390,98,4,right,1,48,48,0,4,,,,,196,,,,,,,,,,,,,,,,,,,,,,,,,,,,,,,,,,,
6855.885493292008,unswapping,,,,,,,,,,,,,,,,,,,,,,,,,,,,,,,,,,,,,,,,,36,4,32960,1806,390,98,5,both,0,49,49,2,2,,,,,194,,,,,,,,,,,,,,,,,,,,,,,,,,,,,,,,,,,
6856.110402124992,unswapping,,,,,,,,,,,,,,,,,,,,,,,,,,,,,,,,,,,,,,,,,36,4,32592,1794,390,98,5,both,1,48,48,2,4,,,,,196,,,,,,,,,,,,,,,,,,,,,,,,,,,,,,,,,,,
6856.220239792019,unswapping,,,,,,,,,,,,,,,,,,,,,,,,,,,,,,,,,,,,,,,,,36,4,32208,1786,390,98,5,left,0,49,49,1,5,,,,,198,,,,,,,,,,,,,,,,,,,,,,,,,,,,,,,,,,,
6856.337553874997,unswapping,,,,,,,,,,,,,,,,,,,,,,,,,,,,,,,,,,,,,,,,,36,4,31632,1766,390,98,5,left,1,48,48,2,7,,,,,198,,,,,,,,,,,,,,,,,,,,,,,,,,,,,,,,,,,
6856.406173458003,unswapping,,,,,,,,,,,,,,,,,,,,,,,,,,,,,,,,,,,,,,,,,36,4,31632,1766,390,98,5,right,0,49,49,0,7,,,,,198,,,,,,,,,,,,,,,,,,,,,,,,,,,,,,,,,,,
6856.465815750009,unswapping,,,,,,,,,,,,,,,,,,,,,,,,,,,,,,,,,,,,,,,,,36,4,31632,1766,390,98,5,right,1,48,48,0,7,,,,,198,,,,,,,,,,,,,,,,,,,,,,,,,,,,,,,,,,,
6856.695993500005,unswapping,,,,,,,,,,,,,,,,,,,,,,,,,,,,,,,,,,,,,,,,,36,4,31140,1748,390,98,6,both,0,49,49,2,2,,,,,202,,,,,,,,,,,,,,,,,,,,,,,,,,,,,,,,,,,
6856.914036000002,unswapping,,,,,,,,,,,,,,,,,,,,,,,,,,,,,,,,,,,,,,,,,36,4,30972,1742,390,98,6,both,1,48,48,1,3,,,,,202,,,,,,,,,,,,,,,,,,,,,,,,,,,,,,,,,,,
6856.981981292018,unswapping,,,,,,,,,,,,,,,,,,,,,,,,,,,,,,,,,,,,,,,,,36,4,30972,1742,390,98,6,left,0,49,49,0,3,,,,,202,,,,,,,,,,,,,,,,,,,,,,,,,,,,,,,,,,,
6857.042845874996,unswapping,,,,,,,,,,,,,,,,,,,,,,,,,,,,,,,,,,,,,,,,,36,4,30972,1742,390,98,6,left,1,48,48,0,3,,,,,202,,,,,,,,,,,,,,,,,,,,,,,,,,,,,,,,,,,
6857.112909292016,unswapping,,,,,,,,,,,,,,,,,,,,,,,,,,,,,,,,,,,,,,,,,36,4,30972,1742,390,98,6,right,0,49,49,0,3,,,,,202,,,,,,,,,,,,,,,,,,,,,,,,,,,,,,,,,,,
6857.172646624997,unswapping,,,,,,,,,,,,,,,,,,,,,,,,,,,,,,,,,,,,,,,,,36,4,30972,1742,390,98,6,right,1,48,48,0,3,,,,,202,,,,,,,,,,,,,,,,,,,,,,,,,,,,,,,,,,,
6857.322856167011,unswapping,,,,,,,,,,,,,,,,,,,,,,,,,,,,,,,,,,,,,,,,,36,4,30972,1742,390,98,7,both,0,49,49,0,0,,,,,202,,,,,,,,,,,,,,,,,,,,,,,,,,,,,,,,,,,
6857.450611583015,unswapping,,,,,,,,,,,,,,,,,,,,,,,,,,,,,,,,,,,,,,,,,36,4,30972,1742,390,98,7,both,1,48,48,0,0,,,,,202,,,,,,,,,,,,,,,,,,,,,,,,,,,,,,,,,,,
6857.52459395802,unswapping,,,,,,,,,,,,,,,,,,,,,,,,,,,,,,,,,,,,,,,,,36,4,30972,1742,390,98,7,left,0,49,49,0,0,,,,,202,,,,,,,,,,,,,,,,,,,,,,,,,,,,,,,,,,,
6857.587672249996,unswapping,,,,,,,,,,,,,,,,,,,,,,,,,,,,,,,,,,,,,,,,,36,4,30972,1742,390,98,7,left,1,48,48,0,0,,,,,202,,,,,,,,,,,,,,,,,,,,,,,,,,,,,,,,,,,
6857.660763207998,unswapping,,,,,,,,,,,,,,,,,,,,,,,,,,,,,,,,,,,,,,,,,36,4,30972,1742,390,98,7,right,0,49,49,0,0,,,,,202,,,,,,,,,,,,,,,,,,,,,,,,,,,,,,,,,,,
6857.72446341702,unswapping,,,,,,,,,,,,,,,,,,,,,,,,,,,,,,,,,,,,,,,,,36,4,30972,1742,390,98,7,right,1,48,48,0,0,,,,,202,,,,,,,,,,,,,,,,,,,,,,,,,,,,,,,,,,,
6857.84676741701,unswap_cycle_summary,,,,,,43,29,72,,,,,,,,,,,,,,,,,,,4096,0.002,,,,,,,,,,,,,36,4,30972,1742,390,98,,,,,,,,,,,,,,,,,,,,48,34.65985308299423,72,1984,1912,0,False,,,,,,,,,,,,,,,,,,,,,
6871.435568500019,rewiring,,,,,,,,,,,,,,,,,,,,,,,,,,,,,,,,,,,,,,,,,,,,,,,,,,,,,,,,,,,,,,,,,,48,,,,,,,left,post_unswap,13.58642599999439,20,2495,False,False,False,0,2,lookahead_total,8,False,1,1132,"(240264, 240264, 144, 144, 2009, 20354, 2770)",1.7795530419971328,11.806812957976945,"[{'seed': 123, 'score': (289608, 289608, 144, 144, 1788, 20242, 2572), 'num_layers': 2572, 'total_swaps': 20242, 'max_layer_swaps': 21, 'swap_only_layers': 1788, 'work_layers': 784, 'unitary_layers': 784, 'first_work_layer': 11, 'leading_no_work_layers': 11, 'lookahead_layers_scored': 8, 'lookahead_final_elems': 289608, 'lookahead_final_max_bond': 144, 'lookahead_peak_elems': 289608, 'lookahead_peak_max_bond': 144, 'lookahead_peak_bond_l2': 94683}, {'seed': 1132, 'score': (240264, 240264, 144, 144, 2009, 20354, 2770), 'num_layers': 2770, 'total_swaps': 20354, 'max_layer_swaps': 23, 'swap_only_layers': 2009, 'work_layers': 761, 'unitary_layers': 761, 'first_work_layer': 11, 'leading_no_work_layers': 11, 'lookahead_layers_scored': 8, 'lookahead_final_elems': 240264, 'lookahead_final_max_bond': 144, 'lookahead_peak_elems': 240264, 'lookahead_peak_max_bond': 144, 'lookahead_peak_bond_l2': 81579}]",13.586390749987913,32.252361082995776
6890.0998698750045,rewiring,,,,,,,,,,,,,,,,,,,,,,,,,,,,,,,,,,,,,,,,,,,,,,,,,,,,,,,,,,,,,,,,,,48,,,,,,,right,post_unswap,18.663977167016128,20,2087,False,False,False,0,2,lookahead_total,8,False,1,1132,"(1169580, 1169580, 284, 287, 1288, 17744, 2047)",9.327264624997042,9.33666762599023,"[{'seed': 123, 'score': (2442660, 2442660, 532, 553, 1248, 17781, 2006), 'num_layers': 2006, 'total_swaps': 17781, 'max_layer_swaps': 23, 'swap_only_layers': 1248, 'work_layers': 758, 'unitary_layers': 758, 'first_work_layer': 2, 'leading_no_work_layers': 2, 'lookahead_layers_scored': 8, 'lookahead_final_elems': 2442660, 'lookahead_final_max_bond': 532, 'lookahead_peak_elems': 2442660, 'lookahead_peak_max_bond': 553, 'lookahead_peak_bond_l2': 823337}, {'seed': 1132, 'score': (1169580, 1169580, 284, 287, 1288, 17744, 2047), 'num_layers': 2047, 'total_swaps': 17744, 'max_layer_swaps': 23, 'swap_only_layers': 1288, 'work_layers': 759, 'unitary_layers': 759, 'first_work_layer': 2, 'leading_no_work_layers': 2, 'lookahead_layers_scored': 8, 'lookahead_final_elems': 1169580, 'lookahead_final_max_bond': 284, 'lookahead_peak_elems': 1169580, 'lookahead_peak_max_bond': 287, 'lookahead_peak_bond_l2': 340176}]",18.66396104200976,32.252361082995776
6890.21914679202,cycle_progress,,,,,,43,29,72,,,,,,,,,,,,,,,,,,,4096,0.002,,32104,2,,,,,,,,,,36,4,30972,1742,390,98,,,,,,,,,,,,,,,,,,,,48,,72,1984,1912,0,False,,,,,,,,,,,,,,,,,,,,,32.252361082995776
6890.4860363750195,absorbing,L,1,0,2770,2047,43,29,72,17,0,0,0.06086704198969528,0.06385274999774992,0.1247197919874452,0.14259870897512883,30972,40232,36,36,False,False,False,False,30972,36,False,4096,0.002,,30972,3,total_elems,30972,40232,1,1,,,,0.0,36,4,30972,1742,390,98,,,,,,,,,,,,,,,,,,,,,,,,,,,,,,,,,,,,,,,,,,,,,,,
6890.6319969170145,absorbing,R,1,1,2770,2047,43,29,72,16,0,0,0.0786281660257373,0.06216608302202076,0.14079424904775806,0.14249100000597537,54496,40232,72,36,False,False,False,False,40232,36,False,4096,0.002,,30972,3,total_elems,54496,40232,1,1,,,,0.0,36,4,40232,2028,390,98,,,,,,,,,,,,,,,,,,,,,,,,,,,,,,,,,,,,,,,,,,,,,,,
6890.79483233302,absorbing,L,2,1,2770,2047,43,29,72,19,0,0,0.08718820798094384,0.0701722499798052,0.15736045796074905,0.1590776660013944,66256,73500,72,72,False,False,False,False,66256,72,False,4096,0.002,,30972,3,total_elems,66256,73500,1,1,,,,0.0,72,4,66256,2364,390,98,,,,,,,,,,,,,,,,,,,,,,,,,,,,,,,,,,,,,,,,,,,,,,,
6890.991859417001,absorbing,R,2,2,2770,2047,43,29,72,15,0,0,0.10834325000178069,0.08354604200576432,0.191889292007545,0.19345483399229124,123312,95292,144,72,False,False,False,False,95292,72,False,4096,0.002,,30972,3,total_elems,123312,95292,1,1,,,,0.0,72,4,95292,2794,390,98,,,,,,,,,,,,,,,,,,,,,,,,,,,,,,,,,,,,,,,,,,,,,,,
6891.266562500008,absorbing,L,3,2,2770,2047,43,29,72,19,0,0,0.11977070799912326,0.14930675001232885,0.2690774580114521,0.27084058299078606,159276,218412,144,144,False,False,False,False,159276,144,False,4096,0.002,,30972,3,total_elems,159276,218412,1,1,,,,0.0,144,4,159276,3358,390,98,,,,,,,,,,,,,,,,,,,,,,,,,,,,,,,,,,,,,,,,,,,,,,,
6891.584228541993,absorbing,L,4,2,2770,2047,43,29,72,11,0,0,0.12185283299186267,0.18872000000556,0.31057283299742267,0.31239504099357873,189996,278364,144,144,False,False,False,False,189996,144,False,4096,0.002,,30972,3,total_elems,189996,278364,1,1,,,,0.0,144,4,189996,3762,390,98,,,,,,,,,,,,,,,,,,,,,,,,,,,,,,,,,,,,,,,,,,,,,,,
6891.895365417004,absorbing,L,5,2,2770,2047,43,29,72,9,0,0,0.11821762498584576,0.17794895797851495,0.2961665829643607,0.302339416986797,215740,327644,144,144,False,False,False,False,215740,144,False,4096,0.002,,30972,3,total_elems,215740,327644,1,1,,,,0.0,144,4,215740,4134,390,98,,,,,,,,,,,,,,,,,,,,,,,,,,,,,,,,,,,,,,,,,,,,,,,
6892.253631333006,absorbing,L,6,2,2770,2047,43,29,72,8,0,0,0.13953354099066928,0.21200900000985712,0.3515425410005264,0.3541849580069538,267868,366892,144,144,False,False,False,False,267868,144,False,4096,0.002,,30972,3,total_elems,267868,366892,1,1,,,,0.0,144,4,267868,4582,390,98,,,,,,,,,,,,,,,,,,,,,,,,,,,,,,,,,,,,,,,,,,,,,,,
6892.653300667007,absorbing,L,7,2,2770,2047,43,29,72,9,0,0,0.18212854201556183,0.20905833298456855,0.3911868750001304,0.39309875000617467,315004,429580,144,144,False,False,False,False,315004,144,False,4096,0.002,,30972,3,total_elems,315004,429580,1,1,,,,0.0,144,4,315004,4934,390,98,,,,,,,,,,,,,,,,,,,,,,,,,,,,,,,,,,,,,,,,,,,,,,,
6893.090061166993,absorbing,L,8,2,2770,2047,43,29,72,9,0,0,0.20002854202175513,0.2290442080120556,0.42907275003381073,0.4307225000229664,428188,506508,144,144,False,False,False,False,428188,144,False,4096,0.002,,30972,3,total_elems,428188,506508,1,1,,,,0.0,144,4,428188,5450,390,98,,,,,,,,,,,,,,,,,,,,,,,,,,,,,,,,,,,,,,,,,,,,,,,
6893.783001000003,absorbing,L,9,2,2770,2047,43,29,72,11,0,0,0.3428171669947915,0.34472420800011605,0.6875413749949075,0.6891460409970023,648876,665868,256,160,False,False,False,False,648876,256,False,4096,0.002,,30972,3,total_elems,648876,665868,1,1,,,,0.0,256,4,648876,6226,390,98,,,,,,,,,,,,,,,,,,,,,,,,,,,,,,,,,,,,,,,,,,,,,,,
6895.101344750001,absorbing,L,10,2,2770,2047,43,29,72,12,0,0,0.6572659170196857,0.6558931250183377,1.3131590420380235,1.3145835000032093,759912,927260,256,256,False,False,False,False,759912,256,False,4096,0.002,,30972,3,total_elems,759912,927260,1,1,,,,0.0,256,4,759912,6768,390,98,,,,,,,,,,,,,,,,,,,,,,,,,,,,,,,,,,,,,,,,,,,,,,,
6903.342155207996,unswapping,,,,,,,,,,,,,,,,,,,,,,,,,,,,,,,,,,,,,,,,,144,4,614076,6264,390,98,0,both,0,49,49,12,12,,,,,0,,,,,,,,,,,,,,,,,,,,,,,,,,,,,,,,,,,
6906.416621208016,unswapping,,,,,,,,,,,,,,,,,,,,,,,,,,,,,,,,,,,,,,,,,144,4,502732,5378,390,98,0,both,1,48,48,14,26,,,,,0,,,,,,,,,,,,,,,,,,,,,,,,,,,,,,,,,,,
6907.892280875007,unswapping,,,,,,,,,,,,,,,,,,,,,,,,,,,,,,,,,,,,,,,,,144,4,370616,4704,390,98,0,left,0,49,49,14,40,,,,,28,,,,,,,,,,,,,,,,,,,,,,,,,,,,,,,,,,,
6908.88278408302,unswapping,,,,,,,,,,,,,,,,,,,,,,,,,,,,,,,,,,,,,,,,,128,4,207204,3878,390,98,0,left,1,48,48,16,56,,,,,60,,,,,,,,,,,,,,,,,,,,,,,,,,,,,,,,,,,
6909.261273625016,unswapping,,,,,,,,,,,,,,,,,,,,,,,,,,,,,,,,,,,,,,,,,72,4,163908,3486,390,98,0,right,0,49,49,6,62,,,,,72,,,,,,,,,,,,,,,,,,,,,,,,,,,,,,,,,,,
6909.661574124999,unswapping,,,,,,,,,,,,,,,,,,,,,,,,,,,,,,,,,,,,,,,,,72,4,128696,3268,390,98,0,right,1,48,48,7,69,,,,,86,,,,,,,,,,,,,,,,,,,,,,,,,,,,,,,,,,,
6910.149637124996,unswapping,,,,,,,,,,,,,,,,,,,,,,,,,,,,,,,,,,,,,,,,,40,4,88016,2852,390,98,1,both,0,49,49,11,11,,,,,114,,,,,,,,,,,,,,,,,,,,,,,,,,,,,,,,,,,
6910.511088667001,unswapping,,,,,,,,,,,,,,,,,,,,,,,,,,,,,,,,,,,,,,,,,36,4,72276,2630,390,98,1,both,1,48,48,7,18,,,,,134,,,,,,,,,,,,,,,,,,,,,,,,,,,,,,,,,,,
6910.679997333005,unswapping,,,,,,,,,,,,,,,,,,,,,,,,,,,,,,,,,,,,,,,,,36,4,66940,2514,390,98,1,left,0,49,49,6,24,,,,,142,,,,,,,,,,,,,,,,,,,,,,,,,,,,,,,,,,,
6910.857376041997,unswapping,,,,,,,,,,,,,,,,,,,,,,,,,,,,,,,,,,,,,,,,,36,4,57916,2386,390,98,1,left,1,48,48,5,29,,,,,150,,,,,,,,,,,,,,,,,,,,,,,,,,,,,,,,,,,
6911.005250832997,unswapping,,,,,,,,,,,,,,,,,,,,,,,,,,,,,,,,,,,,,,,,,36,4,56636,2346,390,98,1,right,0,49,49,4,33,,,,,152,,,,,,,,,,,,,,,,,,,,,,,,,,,,,,,,,,,
6911.162581375014,unswapping,,,,,,,,,,,,,,,,,,,,,,,,,,,,,,,,,,,,,,,,,36,4,53340,2306,390,98,1,right,1,48,48,2,35,,,,,154,,,,,,,,,,,,,,,,,,,,,,,,,,,,,,,,,,,
6911.451080291998,unswapping,,,,,,,,,,,,,,,,,,,,,,,,,,,,,,,,,,,,,,,,,36,4,44276,2166,390,98,2,both,0,49,49,8,8,,,,,164,,,,,,,,,,,,,,,,,,,,,,,,,,,,,,,,,,,
6911.7123026670015,unswapping,,,,,,,,,,,,,,,,,,,,,,,,,,,,,,,,,,,,,,,,,36,4,39412,2070,390,98,2,both,1,48,48,6,14,,,,,172,,,,,,,,,,,,,,,,,,,,,,,,,,,,,,,,,,,
6911.841981958016,unswapping,,,,,,,,,,,,,,,,,,,,,,,,,,,,,,,,,,,,,,,,,36,4,35316,1986,390,98,2,left,0,49,49,5,19,,,,,182,,,,,,,,,,,,,,,,,,,,,,,,,,,,,,,,,,,
6911.97157295802,unswapping,,,,,,,,,,,,,,,,,,,,,,,,,,,,,,,,,,,,,,,,,36,4,31052,1902,390,98,2,left,1,48,48,6,25,,,,,186,,,,,,,,,,,,,,,,,,,,,,,,,,,,,,,,,,,
6912.086680167005,unswapping,,,,,,,,,,,,,,,,,,,,,,,,,,,,,,,,,,,,,,,,,36,4,29740,1870,390,98,2,right,0,49,49,2,27,,,,,188,,,,,,,,,,,,,,,,,,,,,,,,,,,,,,,,,,,
6912.146687250002,unswapping,,,,,,,,,,,,,,,,,,,,,,,,,,,,,,,,,,,,,,,,,36,4,29740,1870,390,98,2,right,1,48,48,0,27,,,,,188,,,,,,,,,,,,,,,,,,,,,,,,,,,,,,,,,,,
6912.369194833009,unswapping,,,,,,,,,,,,,,,,,,,,,,,,,,,,,,,,,,,,,,,,,36,4,29196,1854,390,98,3,both,0,49,49,2,2,,,,,190,,,,,,,,,,,,,,,,,,,,,,,,,,,,,,,,,,,
6912.599364249996,unswapping,,,,,,,,,,,,,,,,,,,,,,,,,,,,,,,,,,,,,,,,,36,4,28092,1820,390,98,3,both,1,48,48,4,6,,,,,196,,,,,,,,,,,,,,,,,,,,,,,,,,,,,,,,,,,
6912.7167637920065,unswapping,,,,,,,,,,,,,,,,,,,,,,,,,,,,,,,,,,,,,,,,,36,4,26004,1766,390,98,3,left,0,49,49,4,10,,,,,200,,,,,,,,,,,,,,,,,,,,,,,,,,,,,,,,,,,
6912.834483625018,unswapping,,,,,,,,,,,,,,,,,,,,,,,,,,,,,,,,,,,,,,,,,36,4,25740,1754,390,98,3,left,1,48,48,2,12,,,,,204,,,,,,,,,,,,,,,,,,,,,,,,,,,,,,,,,,,
6912.894213666994,unswapping,,,,,,,,,,,,,,,,,,,,,,,,,,,,,,,,,,,,,,,,,36,4,25740,1754,390,98,3,right,0,49,49,0,12,,,,,204,,,,,,,,,,,,,,,,,,,,,,,,,,,,,,,,,,,
6912.957385999995,unswapping,,,,,,,,,,,,,,,,,,,,,,,,,,,,,,,,,,,,,,,,,36,4,25740,1754,390,98,3,right,1,48,48,0,12,,,,,204,,,,,,,,,,,,,,,,,,,,,,,,,,,,,,,,,,,
6913.1800307079975,unswapping,,,,,,,,,,,,,,,,,,,,,,,,,,,,,,,,,,,,,,,,,36,4,24576,1728,390,98,4,both,0,49,49,2,2,,,,,206,,,,,,,,,,,,,,,,,,,,,,,,,,,,,,,,,,,
6913.385381667002,unswapping,,,,,,,,,,,,,,,,,,,,,,,,,,,,,,,,,,,,,,,,,36,4,23616,1704,390,98,4,both,1,48,48,2,4,,,,,208,,,,,,,,,,,,,,,,,,,,,,,,,,,,,,,,,,,
6913.500518999994,unswapping,,,,,,,,,,,,,,,,,,,,,,,,,,,,,,,,,,,,,,,,,36,4,22464,1672,390,98,4,left,0,49,49,2,6,,,,,212,,,,,,,,,,,,,,,,,,,,,,,,,,,,,,,,,,,
6913.615059417003,unswapping,,,,,,,,,,,,,,,,,,,,,,,,,,,,,,,,,,,,,,,,,36,4,22080,1660,390,98,4,left,1,48,48,1,7,,,,,214,,,,,,,,,,,,,,,,,,,,,,,,,,,,,,,,,,,
6913.671237417002,unswapping,,,,,,,,,,,,,,,,,,,,,,,,,,,,,,,,,,,,,,,,,36,4,22080,1660,390,98,4,right,0,49,49,0,7,,,,,214,,,,,,,,,,,,,,,,,,,,,,,,,,,,,,,,,,,
6913.729806916992,unswapping,,,,,,,,,,,,,,,,,,,,,,,,,,,,,,,,,,,,,,,,,36,4,22080,1660,390,98,4,right,1,48,48,0,7,,,,,214,,,,,,,,,,,,,,,,,,,,,,,,,,,,,,,,,,,
6913.923866792,unswapping,,,,,,,,,,,,,,,,,,,,,,,,,,,,,,,,,,,,,,,,,36,4,21888,1652,390,98,5,both,0,49,49,1,1,,,,,212,,,,,,,,,,,,,,,,,,,,,,,,,,,,,,,,,,,
6914.034040125,unswapping,,,,,,,,,,,,,,,,,,,,,,,,,,,,,,,,,,,,,,,,,36,4,21888,1652,390,98,5,both,1,48,48,0,1,,,,,212,,,,,,,,,,,,,,,,,,,,,,,,,,,,,,,,,,,
6914.088878167007,unswapping,,,,,,,,,,,,,,,,,,,,,,,,,,,,,,,,,,,,,,,,,36,4,21888,1652,390,98,5,left,0,49,49,0,1,,,,,212,,,,,,,,,,,,,,,,,,,,,,,,,,,,,,,,,,,
6914.1470524170145,unswapping,,,,,,,,,,,,,,,,,,,,,,,,,,,,,,,,,,,,,,,,,36,4,21888,1652,390,98,5,left,1,48,48,0,1,,,,,212,,,,,,,,,,,,,,,,,,,,,,,,,,,,,,,,,,,
6914.204070833017,unswapping,,,,,,,,,,,,,,,,,,,,,,,,,,,,,,,,,,,,,,,,,36,4,21888,1652,390,98,5,right,0,49,49,0,1,,,,,212,,,,,,,,,,,,,,,,,,,,,,,,,,,,,,,,,,,
6914.263315167016,unswapping,,,,,,,,,,,,,,,,,,,,,,,,,,,,,,,,,,,,,,,,,36,4,21888,1652,390,98,5,right,1,48,48,0,1,,,,,212,,,,,,,,,,,,,,,,,,,,,,,,,,,,,,,,,,,
6914.380227417016,unswapping,,,,,,,,,,,,,,,,,,,,,,,,,,,,,,,,,,,,,,,,,36,4,21888,1652,390,98,6,both,0,49,49,0,0,,,,,212,,,,,,,,,,,,,,,,,,,,,,,,,,,,,,,,,,,
6914.490259167011,unswapping,,,,,,,,,,,,,,,,,,,,,,,,,,,,,,,,,,,,,,,,,36,4,21888,1652,390,98,6,both,1,48,48,0,0,,,,,212,,,,,,,,,,,,,,,,,,,,,,,,,,,,,,,,,,,
6914.544704458007,unswapping,,,,,,,,,,,,,,,,,,,,,,,,,,,,,,,,,,,,,,,,,36,4,21888,1652,390,98,6,left,0,49,49,0,0,,,,,212,,,,,,,,,,,,,,,,,,,,,,,,,,,,,,,,,,,
6914.5982853329915,unswapping,,,,,,,,,,,,,,,,,,,,,,,,,,,,,,,,,,,,,,,,,36,4,21888,1652,390,98,6,left,1,48,48,0,0,,,,,212,,,,,,,,,,,,,,,,,,,,,,,,,,,,,,,,,,,
6914.654607875011,unswapping,,,,,,,,,,,,,,,,,,,,,,,,,,,,,,,,,,,,,,,,,36,4,21888,1652,390,98,6,right,0,49,49,0,0,,,,,212,,,,,,,,,,,,,,,,,,,,,,,,,,,,,,,,,,,
6914.712800750014,unswapping,,,,,,,,,,,,,,,,,,,,,,,,,,,,,,,,,,,,,,,,,36,4,21888,1652,390,98,6,right,1,48,48,0,0,,,,,212,,,,,,,,,,,,,,,,,,,,,,,,,,,,,,,,,,,
6914.715960833011,unswap_cycle_summary,,,,,,43,29,72,,,,,,,,,,,,,,,,,,,4096,0.002,,,,,,,,,,,,,36,4,21888,1652,390,98,,,,,,,,,,,,,,,,,,,,49,18.026010749978013,72,1984,1912,0,False,,,,,,,,,,,,,,,,,,,,,
6926.269935874996,rewiring,,,,,,,,,,,,,,,,,,,,,,,,,,,,,,,,,,,,,,,,,,,,,,,,,,,,,,,,,,,,,,,,,,49,,,,,,,left,post_unswap,11.553018999984488,20,2762,False,False,False,0,2,lookahead_total,8,False,1,123,"(208076, 208076, 96, 96, 1701, 20164, 2465)",1.3715808340057265,10.181406416988466,"[{'seed': 123, 'score': (208076, 208076, 96, 96, 1701, 20164, 2465), 'num_layers': 2465, 'total_swaps': 20164, 'max_layer_swaps': 20, 'swap_only_layers': 1701, 'work_layers': 764, 'unitary_layers': 764, 'first_work_layer': 7, 'leading_no_work_layers': 7, 'lookahead_layers_scored': 8, 'lookahead_final_elems': 208076, 'lookahead_final_max_bond': 96, 'lookahead_peak_elems': 208076, 'lookahead_peak_max_bond': 96, 'lookahead_peak_bond_l2': 63610}, {'seed': 1132, 'score': (331248, 331248, 128, 128, 1555, 20421, 2336), 'num_layers': 2336, 'total_swaps': 20421, 'max_layer_swaps': 20, 'swap_only_layers': 1555, 'work_layers': 781, 'unitary_layers': 781, 'first_work_layer': 6, 'leading_no_work_layers': 6, 'lookahead_layers_scored': 8, 'lookahead_final_elems': 331248, 'lookahead_final_max_bond': 128, 'lookahead_peak_elems': 331248, 'lookahead_peak_max_bond': 128, 'lookahead_peak_bond_l2': 99088}]",11.553008624992799,22.800841791002313
6937.517408457992,rewiring,,,,,,,,,,,,,,,,,,,,,,,,,,,,,,,,,,,,,,,,,,,,,,,,,,,,,,,,,,,,,,,,,,49,,,,,,,right,post_unswap,11.247172332979972,20,2047,False,False,False,0,2,lookahead_total,8,False,1,123,"(1043444, 1043444, 285, 287, 1282, 17792, 2052)",4.080814499990083,7.1663265410170425,"[{'seed': 123, 'score': (1043444, 1043444, 285, 287, 1282, 17792, 2052), 'num_layers': 2052, 'total_swaps': 17792, 'max_layer_swaps': 25, 'swap_only_layers': 1282, 'work_layers': 770, 'unitary_layers': 770, 'first_work_layer': 1, 'leading_no_work_layers': 1, 'lookahead_layers_scored': 8, 'lookahead_final_elems': 1043444, 'lookahead_final_max_bond': 285, 'lookahead_peak_elems': 1043444, 'lookahead_peak_max_bond': 287, 'lookahead_peak_bond_l2': 352352}, {'seed': 1132, 'score': (1189480, 1189480, 284, 287, 1447, 17580, 2200), 'num_layers': 2200, 'total_swaps': 17580, 'max_layer_swaps': 23, 'swap_only_layers': 1447, 'work_layers': 753, 'unitary_layers': 753, 'first_work_layer': 1, 'leading_no_work_layers': 1, 'lookahead_layers_scored': 8, 'lookahead_final_elems': 1189480, 'lookahead_final_max_bond': 284, 'lookahead_peak_elems': 1189480, 'lookahead_peak_max_bond': 287, 'lookahead_peak_bond_l2': 352641}]",11.247163583990186,22.800841791002313
6937.637083708018,cycle_progress,,,,,,43,29,72,,,,,,,,,,,,,,,,,,,4096,0.002,,30972,3,,,,,,,,,,36,4,21888,1652,390,98,,,,,,,,,,,,,,,,,,,,49,,72,1984,1912,0,False,,,,,,,,,,,,,,,,,,,,,22.800841791002313
6937.870116542006,absorbing,L,1,0,2465,2052,43,29,72,17,0,0,0.05546124998363666,0.055804000003263354,0.11126524998690002,0.11879908398259431,21888,31688,36,36,False,False,False,False,21888,36,False,4096,0.002,,21888,4,total_elems,21888,31688,1,1,,,,0.0,36,4,21888,1652,390,98,,,,,,,,,,,,,,,,,,,,,,,,,,,,,,,,,,,,,,,,,,,,,,,
6937.989809167018,absorbing,R,1,1,2465,2052,43,29,72,15,0,0,0.05911162501433864,0.05590008301078342,0.11501170802512206,0.1163301250198856,34764,31688,36,36,False,False,False,False,31688,36,False,4096,0.002,,21888,4,total_elems,34764,31688,1,1,,,,0.0,36,4,31688,1956,390,98,,,,,,,,,,,,,,,,,,,,,,,,,,,,,,,,,,,,,,,,,,,,,,,
6938.121384917002,absorbing,L,2,1,2465,2052,43,29,72,15,0,0,0.06103629097924568,0.06566199997905642,0.1266982909583021,0.12806191699928604,40704,66304,36,71,False,False,False,False,40704,36,False,4096,0.002,,21888,4,total_elems,40704,66304,1,1,,,,0.0,36,4,40704,2232,390,98,,,,,,,,,,,,,,,,,,,,,,,,,,,,,,,,,,,,,,,,,,,,,,,
6938.257022833015,absorbing,L,3,1,2465,2052,43,29,72,14,0,0,0.06325787500827573,0.06740429101046175,0.13066216601873748,0.1319267920043785,57788,73436,36,71,False,False,False,False,57788,36,False,4096,0.002,,21888,4,total_elems,57788,73436,1,1,,,,0.0,36,4,57788,2568,390,98,,,,,,,,,,,,,,,,,,,,,,,,,,,,,,,,,,,,,,,,,,,,,,,
6938.399982000003,absorbing,L,4,1,2465,2052,43,29,72,11,0,0,0.06807974999537691,0.07020433401339687,0.1382840840087738,0.13957725002546795,81272,91416,48,71,False,False,False,False,81272,48,False,4096,0.002,,21888,4,total_elems,81272,91416,1,1,,,,0.0,48,4,81272,2898,390,98,,,,,,,,,,,,,,,,,,,,,,,,,,,,,,,,,,,,,,,,,,,,,,,
6938.574982541992,absorbing,L,5,1,2465,2052,43,29,72,8,0,0,0.08022433298174292,0.08931116602616385,0.16953549900790676,0.17113979198620655,123444,123988,96,71,False,False,False,False,123444,96,False,4096,0.002,,21888,4,total_elems,123444,123988,1,1,,,,0.0,96,4,123444,3400,390,98,,,,,,,,,,,,,,,,,,,,,,,,,,,,,,,,,,,,,,,,,,,,,,,
6938.7930016250175,absorbing,L,6,1,2465,2052,43,29,72,8,0,0,0.10588433299562894,0.10702683401177637,0.2129111670074053,0.21437375000095926,155860,181212,96,96,False,False,False,False,155860,96,False,4096,0.002,,21888,4,total_elems,155860,181212,1,1,,,,0.0,96,4,155860,3702,390,98,,,,,,,,,,,,,,,,,,,,,,,,,,,,,,,,,,,,,,,,,,,,,,,
6939.036529917008,absorbing,L,7,1,2465,2052,43,29,72,9,0,0,0.12471004098188132,0.11400929201045074,0.23871933299233206,0.24007783297565766,181072,216468,96,96,False,False,False,False,181072,96,False,4096,0.002,,21888,4,total_elems,181072,216468,1,1,,,,0.0,96,4,181072,3956,390,98,,,,,,,,,,,,,,,,,,,,,,,,,,,,,,,,,,,,,,,,,,,,,,,
6939.288113707997,absorbing,R,7,2,2465,2052,43,30,73,20,1,1,0.12352783299866132,0.12288395801442675,0.24641179101308808,0.24777733298833482,258816,252912,96,96,False,False,False,False,252912,96,False,4096,0.002,,21888,4,total_elems,258816,252912,1,1,,,,0.0,96,4,252912,4628,390,98,,,,,,,,,,,,,,,,,,,,,,,,,,,,,,,,,,,,,,,,,,,,,,,
6939.624990792014,absorbing,L,8,2,2465,2052,44,30,74,8,1,2,0.1745820000069216,0.15716462500859052,0.3317466250155121,0.3332171250076499,349152,366344,128,128,False,False,False,False,349152,128,False,4096,0.002,,21888,4,total_elems,349152,366344,1,1,,,,0.0,128,4,349152,5134,390,98,,,,,,,,,,,,,,,,,,,,,,,,,,,,,,,,,,,,,,,,,,,,,,,
6940.115438042005,absorbing,R,8,3,2465,2052,44,30,74,19,0,2,0.2477202909940388,0.23723475000588223,0.48495504099992104,0.48668241599807516,536624,521384,160,159,False,False,False,False,521384,159,False,4096,0.002,,21888,4,total_elems,536624,521384,1,1,,,,0.0,159,4,521384,6182,390,98,,,,,,,,,,,,,,,,,,,,,,,,,,,,,,,,,,,,,,,,,,,,,,,
6940.902125458,absorbing,L,9,3,2465,2052,45,30,75,9,1,3,0.423758834018372,0.35769016700214706,0.7814490010205191,0.7831006250053179,726672,739552,160,158,False,False,False,False,726672,160,False,4096,0.002,,21888,4,total_elems,726672,739552,1,1,,,,0.0,160,4,726672,6882,390,98,,,,,,,,,,,,,,,,,,,,,,,,,,,,,,,,,,,,,,,,,,,,,,,
6941.8632392080035,absorbing,L,10,3,2465,2052,45,30,75,10,0,3,0.48144733300432563,0.4749312079802621,0.9563785409845877,0.9579553749936167,897016,1009408,256,160,False,False,False,True,897016,256,False,4096,0.002,,21888,4,total_elems,897016,1009408,1,1,,,,0.0,256,4,897016,7512,390,98,,,,,,,,,,,,,,,,,,,,,,,,,,,,,,,,,,,,,,,,,,,,,,,
6958.479274625017,unswapping,,,,,,,,,,,,,,,,,,,,,,,,,,,,,,,,,,,,,,,,,256,4,1093536,7882,390,98,0,both,0,49,49,5,5,,,,,0,,,,,,,,,,,,,,,,,,,,,,,,,,,,,,,,,,,
6967.960584957997,unswapping,,,,,,,,,,,,,,,,,,,,,,,,,,,,,,,,,,,,,,,,,256,4,685472,6554,390,98,0,both,1,48,48,15,20,,,,,0,,,,,,,,,,,,,,,,,,,,,,,,,,,,,,,,,,,
6970.119184625015,unswapping,,,,,,,,,,,,,,,,,,,,,,,,,,,,,,,,,,,,,,,,,144,4,412968,5570,390,98,0,left,0,49,49,11,31,,,,,22,,,,,,,,,,,,,,,,,,,,,,,,,,,,,,,,,,,
6971.0488750420045,unswapping,,,,,,,,,,,,,,,,,,,,,,,,,,,,,,,,,,,,,,,,,80,4,228996,4474,390,98,0,left,1,48,48,18,49,,,,,58,,,,,,,,,,,,,,,,,,,,,,,,,,,,,,,,,,,
6971.406623417017,unswapping,,,,,,,,,,,,,,,,,,,,,,,,,,,,,,,,,,,,,,,,,72,4,179896,3904,390,98,0,right,0,49,49,13,62,,,,,80,,,,,,,,,,,,,,,,,,,,,,,,,,,,,,,,,,,
6971.796754167008,unswapping,,,,,,,,,,,,,,,,,,,,,,,,,,,,,,,,,,,,,,,,,72,4,143148,3564,390,98,0,right,1,48,48,14,76,,,,,104,,,,,,,,,,,,,,,,,,,,,,,,,,,,,,,,,,,
6972.299787041993,unswapping,,,,,,,,,,,,,,,,,,,,,,,,,,,,,,,,,,,,,,,,,40,4,103180,3110,390,98,1,both,0,49,49,13,13,,,,,122,,,,,,,,,,,,,,,,,,,,,,,,,,,,,,,,,,,
6972.755408833007,unswapping,,,,,,,,,,,,,,,,,,,,,,,,,,,,,,,,,,,,,,,,,36,4,92108,2954,390,98,1,both,1,48,48,6,19,,,,,138,,,,,,,,,,,,,,,,,,,,,,,,,,,,,,,,,,,
6972.957978999999,unswapping,,,,,,,,,,,,,,,,,,,,,,,,,,,,,,,,,,,,,,,,,36,4,74404,2720,390,98,1,left,0,49,49,9,28,,,,,152,,,,,,,,,,,,,,,,,,,,,,,,,,,,,,,,,,,
6973.133321458008,unswapping,,,,,,,,,,,,,,,,,,,,,,,,,,,,,,,,,,,,,,,,,36,4,62564,2562,390,98,1,left,1,48,48,7,35,,,,,164,,,,,,,,,,,,,,,,,,,,,,,,,,,,,,,,,,,
6973.289392583014,unswapping,,,,,,,,,,,,,,,,,,,,,,,,,,,,,,,,,,,,,,,,,36,4,56324,2434,390,98,1,right,0,49,49,8,43,,,,,170,,,,,,,,,,,,,,,,,,,,,,,,,,,,,,,,,,,
6973.370157208003,unswapping,,,,,,,,,,,,,,,,,,,,,,,,,,,,,,,,,,,,,,,,,36,4,56324,2434,390,98,1,right,1,48,48,0,43,,,,,170,,,,,,,,,,,,,,,,,,,,,,,,,,,,,,,,,,,
6973.654783458012,unswapping,,,,,,,,,,,,,,,,,,,,,,,,,,,,,,,,,,,,,,,,,36,4,54980,2394,390,98,2,both,0,49,49,3,3,,,,,174,,,,,,,,,,,,,,,,,,,,,,,,,,,,,,,,,,,
6973.946400250017,unswapping,,,,,,,,,,,,,,,,,,,,,,,,,,,,,,,,,,,,,,,,,36,4,52548,2330,390,98,2,both,1,48,48,5,8,,,,,184,,,,,,,,,,,,,,,,,,,,,,,,,,,,,,,,,,,
6974.090233791998,unswapping,,,,,,,,,,,,,,,,,,,,,,,,,,,,,,,,,,,,,,,,,36,4,47368,2228,390,98,2,left,0,49,49,5,13,,,,,188,,,,,,,,,,,,,,,,,,,,,,,,,,,,,,,,,,,
6974.207245708007,unswapping,,,,,,,,,,,,,,,,,,,,,,,,,,,,,,,,,,,,,,,,,36,4,46468,2210,390,98,2,left,1,48,48,1,14,,,,,190,,,,,,,,,,,,,,,,,,,,,,,,,,,,,,,,,,,
6974.323792208015,unswapping,,,,,,,,,,,,,,,,,,,,,,,,,,,,,,,,,,,,,,,,,36,4,46276,2202,390,98,2,right,0,49,49,1,15,,,,,190,,,,,,,,,,,,,,,,,,,,,,,,,,,,,,,,,,,
6974.393537666998,unswapping,,,,,,,,,,,,,,,,,,,,,,,,,,,,,,,,,,,,,,,,,36,4,46276,2202,390,98,2,right,1,48,48,0,15,,,,,190,,,,,,,,,,,,,,,,,,,,,,,,,,,,,,,,,,,
6974.55865375002,unswapping,,,,,,,,,,,,,,,,,,,,,,,,,,,,,,,,,,,,,,,,,36,4,46276,2202,390,98,3,both,0,49,49,0,0,,,,,190,,,,,,,,,,,,,,,,,,,,,,,,,,,,,,,,,,,
6974.824732792011,unswapping,,,,,,,,,,,,,,,,,,,,,,,,,,,,,,,,,,,,,,,,,36,4,42532,2130,390,98,3,both,1,48,48,5,5,,,,,192,,,,,,,,,,,,,,,,,,,,,,,,,,,,,,,,,,,
6974.955058583,unswapping,,,,,,,,,,,,,,,,,,,,,,,,,,,,,,,,,,,,,,,,,36,4,40612,2090,390,98,3,left,0,49,49,2,7,,,,,196,,,,,,,,,,,,,,,,,,,,,,,,,,,,,,,,,,,
6975.065546875005,unswapping,,,,,,,,,,,,,,,,,,,,,,,,,,,,,,,,,,,,,,,,,36,4,39844,2074,390,98,3,left,1,48,48,1,8,,,,,196,,,,,,,,,,,,,,,,,,,,,,,,,,,,,,,,,,,
6975.13362841701,unswapping,,,,,,,,,,,,,,,,,,,,,,,,,,,,,,,,,,,,,,,,,36,4,39844,2074,390,98,3,right,0,49,49,0,8,,,,,196,,,,,,,,,,,,,,,,,,,,,,,,,,,,,,,,,,,
6975.2008047499985,unswapping,,,,,,,,,,,,,,,,,,,,,,,,,,,,,,,,,,,,,,,,,36,4,39844,2074,390,98,3,right,1,48,48,0,8,,,,,196,,,,,,,,,,,,,,,,,,,,,,,,,,,,,,,,,,,
6975.449186000013,unswapping,,,,,,,,,,,,,,,,,,,,,,,,,,,,,,,,,,,,,,,,,36,4,38948,2042,390,98,4,both,0,49,49,4,4,,,,,204,,,,,,,,,,,,,,,,,,,,,,,,,,,,,,,,,,,
6975.69456033301,unswapping,,,,,,,,,,,,,,,,,,,,,,,,,,,,,,,,,,,,,,,,,36,4,38244,2018,390,98,4,both,1,48,48,3,7,,,,,212,,,,,,,,,,,,,,,,,,,,,,,,,,,,,,,,,,,
6975.821083207993,unswapping,,,,,,,,,,,,,,,,,,,,,,,,,,,,,,,,,,,,,,,,,36,4,37284,1994,390,98,4,left,0,49,49,2,9,,,,,216,,,,,,,,,,,,,,,,,,,,,,,,,,,,,,,,,,,
6975.9278079170035,unswapping,,,,,,,,,,,,,,,,,,,,,,,,,,,,,,,,,,,,,,,,,36,4,37156,1986,390,98,4,left,1,48,48,1,10,,,,,216,,,,,,,,,,,,,,,,,,,,,,,,,,,,,,,,,,,
6975.994037124998,unswapping,,,,,,,,,,,,,,,,,,,,,,,,,,,,,,,,,,,,,,,,,36,4,37156,1986,390,98,4,right,0,49,49,0,10,,,,,216,,,,,,,,,,,,,,,,,,,,,,,,,,,,,,,,,,,
6976.057630208001,unswapping,,,,,,,,,,,,,,,,,,,,,,,,,,,,,,,,,,,,,,,,,36,4,37156,1986,390,98,4,right,1,48,48,0,10,,,,,216,,,,,,,,,,,,,,,,,,,,,,,,,,,,,,,,,,,
6976.281581417017,unswapping,,,,,,,,,,,,,,,,,,,,,,,,,,,,,,,,,,,,,,,,,36,4,37012,1980,390,98,5,both,0,49,49,1,1,,,,,218,,,,,,,,,,,,,,,,,,,,,,,,,,,,,,,,,,,
6976.519031125004,unswapping,,,,,,,,,,,,,,,,,,,,,,,,,,,,,,,,,,,,,,,,,36,4,36088,1958,390,98,5,both,1,48,48,2,3,,,,,222,,,,,,,,,,,,,,,,,,,,,,,,,,,,,,,,,,,
6976.64351254201,unswapping,,,,,,,,,,,,,,,,,,,,,,,,,,,,,,,,,,,,,,,,,36,4,35320,1934,390,98,5,left,0,49,49,1,4,,,,,224,,,,,,,,,,,,,,,,,,,,,,,,,,,,,,,,,,,
6976.708419708011,unswapping,,,,,,,,,,,,,,,,,,,,,,,,,,,,,,,,,,,,,,,,,36,4,35320,1934,390,98,5,left,1,48,48,0,4,,,,,224,,,,,,,,,,,,,,,,,,,,,,,,,,,,,,,,,,,
6976.774735417013,unswapping,,,,,,,,,,,,,,,,,,,,,,,,,,,,,,,,,,,,,,,,,36,4,35320,1934,390,98,5,right,0,49,49,0,4,,,,,224,,,,,,,,,,,,,,,,,,,,,,,,,,,,,,,,,,,
6976.838025625009,unswapping,,,,,,,,,,,,,,,,,,,,,,,,,,,,,,,,,,,,,,,,,36,4,35320,1934,390,98,5,right,1,48,48,0,4,,,,,224,,,,,,,,,,,,,,,,,,,,,,,,,,,,,,,,,,,
6977.060507832997,unswapping,,,,,,,,,,,,,,,,,,,,,,,,,,,,,,,,,,,,,,,,,36,4,35128,1926,390,98,6,both,0,49,49,2,2,,,,,228,,,,,,,,,,,,,,,,,,,,,,,,,,,,,,,,,,,
6977.277456583019,unswapping,,,,,,,,,,,,,,,,,,,,,,,,,,,,,,,,,,,,,,,,,36,4,35092,1924,390,98,6,both,1,48,48,1,3,,,,,228,,,,,,,,,,,,,,,,,,,,,,,,,,,,,,,,,,,
6977.343807500001,unswapping,,,,,,,,,,,,,,,,,,,,,,,,,,,,,,,,,,,,,,,,,36,4,35092,1924,390,98,6,left,0,49,49,0,3,,,,,228,,,,,,,,,,,,,,,,,,,,,,,,,,,,,,,,,,,
6977.408998708008,unswapping,,,,,,,,,,,,,,,,,,,,,,,,,,,,,,,,,,,,,,,,,36,4,35092,1924,390,98,6,left,1,48,48,0,3,,,,,228,,,,,,,,,,,,,,,,,,,,,,,,,,,,,,,,,,,
6977.475118667004,unswapping,,,,,,,,,,,,,,,,,,,,,,,,,,,,,,,,,,,,,,,,,36,4,35092,1924,390,98,6,right,0,49,49,0,3,,,,,228,,,,,,,,,,,,,,,,,,,,,,,,,,,,,,,,,,,
6977.538415417017,unswapping,,,,,,,,,,,,,,,,,,,,,,,,,,,,,,,,,,,,,,,,,36,4,35092,1924,390,98,6,right,1,48,48,0,3,,,,,228,,,,,,,,,,,,,,,,,,,,,,,,,,,,,,,,,,,
6977.67778204201,unswapping,,,,,,,,,,,,,,,,,,,,,,,,,,,,,,,,,,,,,,,,,36,4,35092,1924,390,98,7,both,0,49,49,0,0,,,,,228,,,,,,,,,,,,,,,,,,,,,,,,,,,,,,,,,,,
6977.814893792005,unswapping,,,,,,,,,,,,,,,,,,,,,,,,,,,,,,,,,,,,,,,,,36,4,35092,1924,390,98,7,both,1,48,48,0,0,,,,,228,,,,,,,,,,,,,,,,,,,,,,,,,,,,,,,,,,,
6977.881503957993,unswapping,,,,,,,,,,,,,,,,,,,,,,,,,,,,,,,,,,,,,,,,,36,4,35092,1924,390,98,7,left,0,49,49,0,0,,,,,228,,,,,,,,,,,,,,,,,,,,,,,,,,,,,,,,,,,
6977.945833167003,unswapping,,,,,,,,,,,,,,,,,,,,,,,,,,,,,,,,,,,,,,,,,36,4,35092,1924,390,98,7,left,1,48,48,0,0,,,,,228,,,,,,,,,,,,,,,,,,,,,,,,,,,,,,,,,,,
6978.011861708015,unswapping,,,,,,,,,,,,,,,,,,,,,,,,,,,,,,,,,,,,,,,,,36,4,35092,1924,390,98,7,right,0,49,49,0,0,,,,,228,,,,,,,,,,,,,,,,,,,,,,,,,,,,,,,,,,,
6978.074152042012,unswapping,,,,,,,,,,,,,,,,,,,,,,,,,,,,,,,,,,,,,,,,,36,4,35092,1924,390,98,7,right,1,48,48,0,0,,,,,228,,,,,,,,,,,,,,,,,,,,,,,,,,,,,,,,,,,
6978.195754999993,unswap_cycle_summary,,,,,,45,30,75,,,,,,,,,,,,,,,,,,,4096,0.002,,,,,,,,,,,,,36,4,35092,1924,390,98,,,,,,,,,,,,,,,,,,,,50,34.700410374993226,75,1984,1909,3,False,,,,,,,,,,,,,,,,,,,,,
6991.049265792011,rewiring,,,,,,,,,,,,,,,,,,,,,,,,,,,,,,,,,,,,,,,,,,,,,,,,,,,,,,,,,,,,,,,,,,50,,,,,,,left,post_unswap,12.852259167004377,20,2457,False,False,False,3,2,lookahead_total,8,False,1,123,"(261064, 261064, 96, 96, 1696, 20134, 2436)",1.715969083015807,11.136254250013735,"[{'seed': 123, 'score': (261064, 261064, 96, 96, 1696, 20134, 2436), 'num_layers': 2436, 'total_swaps': 20134, 'max_layer_swaps': 22, 'swap_only_layers': 1696, 'work_layers': 740, 'unitary_layers': 740, 'first_work_layer': 11, 'leading_no_work_layers': 11, 'lookahead_layers_scored': 8, 'lookahead_final_elems': 261064, 'lookahead_final_max_bond': 96, 'lookahead_peak_elems': 261064, 'lookahead_peak_max_bond': 96, 'lookahead_peak_bond_l2': 77513}, {'seed': 1132, 'score': (392904, 392904, 128, 128, 1930, 20416, 2724), 'num_layers': 2724, 'total_swaps': 20416, 'max_layer_swaps': 24, 'swap_only_layers': 1930, 'work_layers': 794, 'unitary_layers': 794, 'first_work_layer': 9, 'leading_no_work_layers': 9, 'lookahead_layers_scored': 8, 'lookahead_final_elems': 392904, 'lookahead_final_max_bond': 128, 'lookahead_peak_elems': 392904, 'lookahead_peak_max_bond': 128, 'lookahead_peak_bond_l2': 117065}]",12.852248749986757,29.28467525000451
7007.481217749999,rewiring,,,,,,,,,,,,,,,,,,,,,,,,,,,,,,,,,,,,,,,,,,,,,,,,,,,,,,,,,,,,,,,,,,50,,,,,,,right,post_unswap,16.43164799999795,20,2051,False,False,False,3,2,lookahead_total,8,False,1,123,"(2051272, 2051272, 373, 373, 1564, 18056, 2312)",5.7345200840209145,10.697099499986507,"[{'seed': 123, 'score': (2051272, 2051272, 373, 373, 1564, 18056, 2312), 'num_layers': 2312, 'total_swaps': 18056, 'max_layer_swaps': 22, 'swap_only_layers': 1564, 'work_layers': 748, 'unitary_layers': 748, 'first_work_layer': 1, 'leading_no_work_layers': 1, 'lookahead_layers_scored': 8, 'lookahead_final_elems': 2051272, 'lookahead_final_max_bond': 373, 'lookahead_peak_elems': 2051272, 'lookahead_peak_max_bond': 373, 'lookahead_peak_bond_l2': 652270}, {'seed': 1132, 'score': (2435928, 2435928, 373, 373, 1534, 18100, 2321), 'num_layers': 2321, 'total_swaps': 18100, 'max_layer_swaps': 19, 'swap_only_layers': 1534, 'work_layers': 787, 'unitary_layers': 787, 'first_work_layer': 1, 'leading_no_work_layers': 1, 'lookahead_layers_scored': 8, 'lookahead_final_elems': 2435928, 'lookahead_final_max_bond': 373, 'lookahead_peak_elems': 2435928, 'lookahead_peak_max_bond': 373, 'lookahead_peak_bond_l2': 764402}]",16.43163945901324,29.28467525000451
7007.481290708005,cycle_progress,,,,,,45,30,75,,,,,,,,,,,,,,,,,,,4096,0.002,,21888,4,,,,,,,,,,36,4,35092,1924,390,98,,,,,,,,,,,,,,,,,,,,50,,75,1984,1909,3,False,,,,,,,,,,,,,,,,,,,,,29.28467525000451
7007.729085041996,absorbing,L,1,0,2436,2312,45,30,75,19,0,0,0.0578571250080131,0.059440125012770295,0.1172972500207834,0.12529433297459036,35092,53328,36,72,False,False,False,False,35092,36,False,4096,0.002,,35092,0,total_elems,35092,53328,1,1,,,,0.0,36,4,35092,1924,390,98,,,,,,,,,,,,,,,,,,,,,,,,,,,,,,,,,,,,,,,,,,,,,,,
7007.87352545801,absorbing,R,1,1,2436,2312,45,30,75,15,0,0,0.06997416698141024,0.06953637499827892,0.13951054197968915,0.1409402499848511,57740,53328,72,72,False,False,False,False,53328,72,False,4096,0.002,,35092,0,total_elems,57740,53328,1,1,,,,0.0,72,4,53328,2278,390,98,,,,,,,,,,,,,,,,,,,,,,,,,,,,,,,,,,,,,,,,,,,,,,,
7008.033020292001,absorbing,L,2,1,2436,2312,45,30,75,17,0,0,0.0758417499891948,0.07884129200829193,0.15468304199748673,0.1561005830008071,67312,87564,48,72,False,False,False,False,67312,48,False,4096,0.002,,35092,0,total_elems,67312,87564,1,1,,,,0.0,48,4,67312,2536,390,98,,,,,,,,,,,,,,,,,,,,,,,,,,,,,,,,,,,,,,,,,,,,,,,
7008.208925582992,absorbing,L,3,1,2436,2312,45,30,75,14,0,0,0.08109520800644532,0.0897230000118725,0.17081820801831782,0.17237424998893403,90672,97732,48,96,False,False,False,False,90672,48,False,4096,0.002,,35092,0,total_elems,90672,97732,1,1,,,,0.0,48,4,90672,2928,390,98,,,,,,,,,,,,,,,,,,,,,,,,,,,,,,,,,,,,,,,,,,,,,,,
7008.5159167920065,absorbing,L,4,1,2436,2312,45,30,75,12,0,0,0.0796623750065919,0.10580491699511185,0.18546729200170375,0.1867469999997411,128480,138380,64,96,False,False,False,False,128480,64,False,4096,0.002,,35092,0,total_elems,128480,138380,1,1,,,,0.0,64,4,128480,3408,390,98,,,,,,,,,,,,,,,,,,,,,,,,,,,,,,,,,,,,,,,,,,,,,,,
7008.7336027919955,absorbing,L,5,1,2436,2312,45,30,75,10,0,0,0.09005958298803307,0.12264704200788401,0.21270662499591708,0.21407270801137201,165392,188116,64,96,False,False,False,False,165392,64,False,4096,0.002,,35092,0,total_elems,165392,188116,1,1,,,,0.0,64,4,165392,3748,390,98,,,,,,,,,,,,,,,,,,,,,,,,,,,,,,,,,,,,,,,,,,,,,,,
7008.990858958015,absorbing,L,6,1,2436,2312,45,30,75,10,0,0,0.11570566598675214,0.13621887500630692,0.25192454099305905,0.253585500002373,199040,224756,64,96,False,False,False,False,199040,64,False,4096,0.002,,35092,0,total_elems,199040,224756,1,1,,,,0.0,64,4,199040,4104,390,98,,,,,,,,,,,,,,,,,,,,,,,,,,,,,,,,,,,,,,,,,,,,,,,
7009.279057292006,absorbing,R,6,2,2436,2312,45,31,76,16,1,1,0.12436791701475158,0.15911420801421627,0.28348212502896786,0.28482637502020225,271472,267540,128,96,False,False,False,False,267540,96,False,4096,0.002,,35092,0,total_elems,271472,267540,1,1,,,,0.0,96,4,267540,4700,390,98,,,,,,,,,,,,,,,,,,,,,,,,,,,,,,,,,,,,,,,,,,,,,,,
7009.603402208013,absorbing,L,7,2,2436,2312,45,31,76,10,0,1,0.147891750006238,0.17163083399645984,0.31952258400269784,0.32087904200307094,342356,367584,128,128,False,False,False,False,342356,128,False,4096,0.002,,35092,0,total_elems,342356,367584,1,1,,,,0.0,128,4,342356,5196,390,98,,,,,,,,,,,,,,,,,,,,,,,,,,,,,,,,,,,,,,,,,,,,,,,
7010.223762042006,absorbing,L,8,2,2436,2312,45,31,76,9,0,1,0.3194774999865331,0.29537720800726674,0.6148547079937998,0.6165941249928437,380580,521804,128,174,False,False,False,False,380580,128,False,4096,0.002,,35092,0,total_elems,380580,521804,1,1,,,,0.0,128,4,380580,5496,390,98,,,,,,,,,,,,,,,,,,,,,,,,,,,,,,,,,,,,,,,,,,,,,,,
7010.741167333006,absorbing,L,9,2,2436,2312,45,31,76,9,0,1,0.18009687500307336,0.33181883400538936,0.5119157090084627,0.5134133750107139,411200,678388,128,256,False,False,False,False,411200,128,False,4096,0.002,,35092,0,total_elems,411200,678388,1,1,,,,0.0,128,4,411200,5752,390,98,,,,,,,,,,,,,,,,,,,,,,,,,,,,,,,,,,,,,,,,,,,,,,,
7011.27681179202,absorbing,L,10,2,2436,2312,45,31,76,11,0,1,0.19497245800448582,0.3351949590141885,0.5301674170186743,0.5320177910034545,518400,709716,144,256,False,False,False,False,518400,144,False,4096,0.002,,35092,0,total_elems,518400,709716,1,1,,,,0.0,144,4,518400,6478,390,98,,,,,,,,,,,,,,,,,,,,,,,,,,,,,,,,,,,,,,,,,,,,,,,
7012.021555417014,absorbing,L,11,2,2436,2312,45,31,76,9,0,1,0.3600940000033006,0.37944083398906514,0.7395348339923657,0.7410419579828158,742900,815064,143,256,False,False,False,False,742900,143,False,4096,0.002,,35092,0,total_elems,742900,815064,1,1,,,,0.0,143,4,742900,7276,390,98,,,,,,,,,,,,,,,,,,,,,,,,,,,,,,,,,,,,,,,,,,,,,,,
7023.261780542001,unswapping,,,,,,,,,,,,,,,,,,,,,,,,,,,,,,,,,,,,,,,,,358,4,977052,7744,390,98,0,both,0,49,49,9,9,,,,,0,,,,,,,,,,,,,,,,,,,,,,,,,,,,,,,,,,,
7028.744450917002,unswapping,,,,,,,,,,,,,,,,,,,,,,,,,,,,,,,,,,,,,,,,,140,4,649108,6544,390,98,0,both,1,48,48,15,24,,,,,0,,,,,,,,,,,,,,,,,,,,,,,,,,,,,,,,,,,
7030.954244875,unswapping,,,,,,,,,,,,,,,,,,,,,,,,,,,,,,,,,,,,,,,,,140,4,454776,5756,390,98,0,left,0,49,49,12,36,,,,,24,,,,,,,,,,,,,,,,,,,,,,,,,,,,,,,,,,,
7032.027193792019,unswapping,,,,,,,,,,,,,,,,,,,,,,,,,,,,,,,,,,,,,,,,,72,4,273424,4596,390,98,0,left,1,48,48,25,61,,,,,74,,,,,,,,,,,,,,,,,,,,,,,,,,,,,,,,,,,
7032.588164582994,unswapping,,,,,,,,,,,,,,,,,,,,,,,,,,,,,,,,,,,,,,,,,72,4,246496,4294,390,98,0,right,0,49,49,7,68,,,,,88,,,,,,,,,,,,,,,,,,,,,,,,,,,,,,,,,,,
7033.184099792008,unswapping,,,,,,,,,,,,,,,,,,,,,,,,,,,,,,,,,,,,,,,,,72,4,208580,4044,390,98,0,right,1,48,48,9,77,,,,,98,,,,,,,,,,,,,,,,,,,,,,,,,,,,,,,,,,,
7034.029989542003,unswapping,,,,,,,,,,,,,,,,,,,,,,,,,,,,,,,,,,,,,,,,,64,4,131468,3382,390,98,1,both,0,49,49,17,17,,,,,126,,,,,,,,,,,,,,,,,,,,,,,,,,,,,,,,,,,
7034.608986792009,unswapping,,,,,,,,,,,,,,,,,,,,,,,,,,,,,,,,,,,,,,,,,64,4,108412,3104,390,98,1,both,1,48,48,10,27,,,,,142,,,,,,,,,,,,,,,,,,,,,,,,,,,,,,,,,,,
7034.85808008301,unswapping,,,,,,,,,,,,,,,,,,,,,,,,,,,,,,,,,,,,,,,,,64,4,95708,2920,390,98,1,left,0,49,49,7,34,,,,,156,,,,,,,,,,,,,,,,,,,,,,,,,,,,,,,,,,,
7035.071887208003,unswapping,,,,,,,,,,,,,,,,,,,,,,,,,,,,,,,,,,,,,,,,,44,4,77044,2696,390,98,1,left,1,48,48,8,42,,,,,170,,,,,,,,,,,,,,,,,,,,,,,,,,,,,,,,,,,
7035.247775458003,unswapping,,,,,,,,,,,,,,,,,,,,,,,,,,,,,,,,,,,,,,,,,42,4,69140,2612,390,98,1,right,0,49,49,3,45,,,,,172,,,,,,,,,,,,,,,,,,,,,,,,,,,,,,,,,,,
7035.395660375012,unswapping,,,,,,,,,,,,,,,,,,,,,,,,,,,,,,,,,,,,,,,,,42,4,66164,2576,390,98,1,right,1,48,48,2,47,,,,,176,,,,,,,,,,,,,,,,,,,,,,,,,,,,,,,,,,,
7035.7462644170155,unswapping,,,,,,,,,,,,,,,,,,,,,,,,,,,,,,,,,,,,,,,,,42,4,59860,2472,390,98,2,both,0,49,49,7,7,,,,,186,,,,,,,,,,,,,,,,,,,,,,,,,,,,,,,,,,,
7036.031978417013,unswapping,,,,,,,,,,,,,,,,,,,,,,,,,,,,,,,,,,,,,,,,,36,4,55428,2392,390,98,2,both,1,48,48,5,12,,,,,190,,,,,,,,,,,,,,,,,,,,,,,,,,,,,,,,,,,
7036.186399958009,unswapping,,,,,,,,,,,,,,,,,,,,,,,,,,,,,,,,,,,,,,,,,36,4,53956,2356,390,98,2,left,0,49,49,4,16,,,,,198,,,,,,,,,,,,,,,,,,,,,,,,,,,,,,,,,,,
7036.360894875019,unswapping,,,,,,,,,,,,,,,,,,,,,,,,,,,,,,,,,,,,,,,,,36,4,49448,2284,390,98,2,left,1,48,48,5,21,,,,,202,,,,,,,,,,,,,,,,,,,,,,,,,,,,,,,,,,,
7036.510713625001,unswapping,,,,,,,,,,,,,,,,,,,,,,,,,,,,,,,,,,,,,,,,,32,4,45420,2218,390,98,2,right,0,49,49,2,23,,,,,202,,,,,,,,,,,,,,,,,,,,,,,,,,,,,,,,,,,
7036.609304792015,unswapping,,,,,,,,,,,,,,,,,,,,,,,,,,,,,,,,,,,,,,,,,32,4,45420,2218,390,98,2,right,1,48,48,0,23,,,,,202,,,,,,,,,,,,,,,,,,,,,,,,,,,,,,,,,,,
7036.870997374994,unswapping,,,,,,,,,,,,,,,,,,,,,,,,,,,,,,,,,,,,,,,,,32,4,44460,2194,390,98,3,both,0,49,49,2,2,,,,,204,,,,,,,,,,,,,,,,,,,,,,,,,,,,,,,,,,,
7037.126249624998,unswapping,,,,,,,,,,,,,,,,,,,,,,,,,,,,,,,,,,,,,,,,,32,4,43164,2156,390,98,3,both,1,48,48,4,6,,,,,210,,,,,,,,,,,,,,,,,,,,,,,,,,,,,,,,,,,
7037.254578458,unswapping,,,,,,,,,,,,,,,,,,,,,,,,,,,,,,,,,,,,,,,,,32,4,41004,2106,390,98,3,left,0,49,49,3,9,,,,,216,,,,,,,,,,,,,,,,,,,,,,,,,,,,,,,,,,,
7037.31879637501,unswapping,,,,,,,,,,,,,,,,,,,,,,,,,,,,,,,,,,,,,,,,,32,4,41004,2106,390,98,3,left,1,48,48,0,9,,,,,216,,,,,,,,,,,,,,,,,,,,,,,,,,,,,,,,,,,
7037.387153667019,unswapping,,,,,,,,,,,,,,,,,,,,,,,,,,,,,,,,,,,,,,,,,32,4,41004,2106,390,98,3,right,0,49,49,0,9,,,,,216,,,,,,,,,,,,,,,,,,,,,,,,,,,,,,,,,,,
7037.449872500001,unswapping,,,,,,,,,,,,,,,,,,,,,,,,,,,,,,,,,,,,,,,,,32,4,41004,2106,390,98,3,right,1,48,48,0,9,,,,,216,,,,,,,,,,,,,,,,,,,,,,,,,,,,,,,,,,,
7037.695137625007,unswapping,,,,,,,,,,,,,,,,,,,,,,,,,,,,,,,,,,,,,,,,,32,4,40812,2098,390,98,4,both,0,49,49,1,1,,,,,216,,,,,,,,,,,,,,,,,,,,,,,,,,,,,,,,,,,
7037.989937667007,unswapping,,,,,,,,,,,,,,,,,,,,,,,,,,,,,,,,,,,,,,,,,32,4,39212,2058,390,98,4,both,1,48,48,3,4,,,,,216,,,,,,,,,,,,,,,,,,,,,,,,,,,,,,,,,,,
7038.139739750011,unswapping,,,,,,,,,,,,,,,,,,,,,,,,,,,,,,,,,,,,,,,,,32,4,37932,2018,390,98,4,left,0,49,49,2,6,,,,,220,,,,,,,,,,,,,,,,,,,,,,,,,,,,,,,,,,,
7038.218308542011,unswapping,,,,,,,,,,,,,,,,,,,,,,,,,,,,,,,,,,,,,,,,,32,4,37932,2018,390,98,4,left,1,48,48,0,6,,,,,220,,,,,,,,,,,,,,,,,,,,,,,,,,,,,,,,,,,
7038.360965041997,unswapping,,,,,,,,,,,,,,,,,,,,,,,,,,,,,,,,,,,,,,,,,32,4,37740,2010,390,98,4,right,0,49,49,1,7,,,,,222,,,,,,,,,,,,,,,,,,,,,,,,,,,,,,,,,,,
7038.432998792006,unswapping,,,,,,,,,,,,,,,,,,,,,,,,,,,,,,,,,,,,,,,,,32,4,37740,2010,390,98,4,right,1,48,48,0,7,,,,,222,,,,,,,,,,,,,,,,,,,,,,,,,,,,,,,,,,,
7038.596439542016,unswapping,,,,,,,,,,,,,,,,,,,,,,,,,,,,,,,,,,,,,,,,,32,4,37740,2010,390,98,5,both,0,49,49,0,0,,,,,222,,,,,,,,,,,,,,,,,,,,,,,,,,,,,,,,,,,
7038.8647800000035,unswapping,,,,,,,,,,,,,,,,,,,,,,,,,,,,,,,,,,,,,,,,,32,4,37548,2002,390,98,5,both,1,48,48,1,1,,,,,224,,,,,,,,,,,,,,,,,,,,,,,,,,,,,,,,,,,
7038.987318750005,unswapping,,,,,,,,,,,,,,,,,,,,,,,,,,,,,,,,,,,,,,,,,32,4,37228,1994,390,98,5,left,0,49,49,1,2,,,,,224,,,,,,,,,,,,,,,,,,,,,,,,,,,,,,,,,,,
7039.10566500001,unswapping,,,,,,,,,,,,,,,,,,,,,,,,,,,,,,,,,,,,,,,,,32,4,36588,1978,390,98,5,left,1,48,48,1,3,,,,,226,,,,,,,,,,,,,,,,,,,,,,,,,,,,,,,,,,,
7039.181208416994,unswapping,,,,,,,,,,,,,,,,,,,,,,,,,,,,,,,,,,,,,,,,,32,4,36588,1978,390,98,5,right,0,49,49,0,3,,,,,226,,,,,,,,,,,,,,,,,,,,,,,,,,,,,,,,,,,
7039.253531958006,unswapping,,,,,,,,,,,,,,,,,,,,,,,,,,,,,,,,,,,,,,,,,32,4,36588,1978,390,98,5,right,1,48,48,0,3,,,,,226,,,,,,,,,,,,,,,,,,,,,,,,,,,,,,,,,,,
7039.423341332993,unswapping,,,,,,,,,,,,,,,,,,,,,,,,,,,,,,,,,,,,,,,,,32,4,36588,1978,390,98,6,both,0,49,49,0,0,,,,,226,,,,,,,,,,,,,,,,,,,,,,,,,,,,,,,,,,,
7039.583608542016,unswapping,,,,,,,,,,,,,,,,,,,,,,,,,,,,,,,,,,,,,,,,,32,4,36588,1978,390,98,6,both,1,48,48,0,0,,,,,226,,,,,,,,,,,,,,,,,,,,,,,,,,,,,,,,,,,
7039.693781000009,unswapping,,,,,,,,,,,,,,,,,,,,,,,,,,,,,,,,,,,,,,,,,32,4,35436,1954,390,98,6,left,0,49,49,1,1,,,,,228,,,,,,,,,,,,,,,,,,,,,,,,,,,,,,,,,,,
7039.8140129169915,unswapping,,,,,,,,,,,,,,,,,,,,,,,,,,,,,,,,,,,,,,,,,32,4,34796,1938,390,98,6,left,1,48,48,1,2,,,,,228,,,,,,,,,,,,,,,,,,,,,,,,,,,,,,,,,,,
7039.878896083013,unswapping,,,,,,,,,,,,,,,,,,,,,,,,,,,,,,,,,,,,,,,,,32,4,34796,1938,390,98,6,right,0,49,49,0,2,,,,,228,,,,,,,,,,,,,,,,,,,,,,,,,,,,,,,,,,,
7039.938130374998,unswapping,,,,,,,,,,,,,,,,,,,,,,,,,,,,,,,,,,,,,,,,,32,4,34796,1938,390,98,6,right,1,48,48,0,2,,,,,228,,,,,,,,,,,,,,,,,,,,,,,,,,,,,,,,,,,
7040.168412375002,unswapping,,,,,,,,,,,,,,,,,,,,,,,,,,,,,,,,,,,,,,,,,32,4,34284,1922,390,98,7,both,0,49,49,1,1,,,,,232,,,,,,,,,,,,,,,,,,,,,,,,,,,,,,,,,,,
7040.30013370802,unswapping,,,,,,,,,,,,,,,,,,,,,,,,,,,,,,,,,,,,,,,,,32,4,34284,1922,390,98,7,both,1,48,48,0,1,,,,,232,,,,,,,,,,,,,,,,,,,,,,,,,,,,,,,,,,,
7040.36515025,unswapping,,,,,,,,,,,,,,,,,,,,,,,,,,,,,,,,,,,,,,,,,32,4,34284,1922,390,98,7,left,0,49,49,0,1,,,,,232,,,,,,,,,,,,,,,,,,,,,,,,,,,,,,,,,,,
7040.425537583011,unswapping,,,,,,,,,,,,,,,,,,,,,,,,,,,,,,,,,,,,,,,,,32,4,34284,1922,390,98,7,left,1,48,48,0,1,,,,,232,,,,,,,,,,,,,,,,,,,,,,,,,,,,,,,,,,,
7040.53053066702,unswapping,,,,,,,,,,,,,,,,,,,,,,,,,,,,,,,,,,,,,,,,,32,4,34028,1914,390,98,7,right,0,49,49,1,2,,,,,230,,,,,,,,,,,,,,,,,,,,,,,,,,,,,,,,,,,
7040.590918458009,unswapping,,,,,,,,,,,,,,,,,,,,,,,,,,,,,,,,,,,,,,,,,32,4,34028,1914,390,98,7,right,1,48,48,0,2,,,,,230,,,,,,,,,,,,,,,,,,,,,,,,,,,,,,,,,,,
7040.731904542015,unswapping,,,,,,,,,,,,,,,,,,,,,,,,,,,,,,,,,,,,,,,,,32,4,34028,1914,390,98,8,both,0,49,49,0,0,,,,,230,,,,,,,,,,,,,,,,,,,,,,,,,,,,,,,,,,,
7040.859474375,unswapping,,,,,,,,,,,,,,,,,,,,,,,,,,,,,,,,,,,,,,,,,32,4,34028,1914,390,98,8,both,1,48,48,0,0,,,,,230,,,,,,,,,,,,,,,,,,,,,,,,,,,,,,,,,,,
7040.924198332999,unswapping,,,,,,,,,,,,,,,,,,,,,,,,,,,,,,,,,,,,,,,,,32,4,34028,1914,390,98,8,left,0,49,49,0,0,,,,,230,,,,,,,,,,,,,,,,,,,,,,,,,,,,,,,,,,,
7040.9854105419945,unswapping,,,,,,,,,,,,,,,,,,,,,,,,,,,,,,,,,,,,,,,,,32,4,34028,1914,390,98,8,left,1,48,48,0,0,,,,,230,,,,,,,,,,,,,,,,,,,,,,,,,,,,,,,,,,,
7041.051740875002,unswapping,,,,,,,,,,,,,,,,,,,,,,,,,,,,,,,,,,,,,,,,,32,4,34028,1914,390,98,8,right,0,49,49,0,0,,,,,230,,,,,,,,,,,,,,,,,,,,,,,,,,,,,,,,,,,
7041.111147749994,unswapping,,,,,,,,,,,,,,,,,,,,,,,,,,,,,,,,,,,,,,,,,32,4,34028,1914,390,98,8,right,1,48,48,0,0,,,,,230,,,,,,,,,,,,,,,,,,,,,,,,,,,,,,,,,,,
7041.230116833001,unswap_cycle_summary,,,,,,45,31,76,,,,,,,,,,,,,,,,,,,4096,0.002,,,,,,,,,,,,,32,4,34028,1914,390,98,,,,,,,,,,,,,,,,,,,,51,28.015679291973356,76,1984,1908,1,False,,,,,,,,,,,,,,,,,,,,,
7053.799347916996,rewiring,,,,,,,,,,,,,,,,,,,,,,,,,,,,,,,,,,,,,,,,,,,,,,,,,,,,,,,,,,,,,,,,,,51,,,,,,,left,post_unswap,12.56825912502245,20,2427,False,False,False,1,2,lookahead_total,8,False,1,1132,"(462160, 462160, 140, 140, 1666, 20370, 2414)",1.7147677910106722,10.853452084003948,"[{'seed': 123, 'score': (479336, 479336, 140, 140, 1833, 20646, 2611), 'num_layers': 2611, 'total_swaps': 20646, 'max_layer_swaps': 20, 'swap_only_layers': 1833, 'work_layers': 778, 'unitary_layers': 778, 'first_work_layer': 8, 'leading_no_work_layers': 8, 'lookahead_layers_scored': 8, 'lookahead_final_elems': 479336, 'lookahead_final_max_bond': 140, 'lookahead_peak_elems': 479336, 'lookahead_peak_max_bond': 140, 'lookahead_peak_bond_l2': 137487}, {'seed': 1132, 'score': (462160, 462160, 140, 140, 1666, 20370, 2414), 'num_layers': 2414, 'total_swaps': 20370, 'max_layer_swaps': 23, 'swap_only_layers': 1666, 'work_layers': 748, 'unitary_layers': 748, 'first_work_layer': 10, 'leading_no_work_layers': 10, 'lookahead_layers_scored': 8, 'lookahead_final_elems': 462160, 'lookahead_final_max_bond': 140, 'lookahead_peak_elems': 462160, 'lookahead_peak_max_bond': 140, 'lookahead_peak_bond_l2': 133925}]",12.568238666979596,50.4588455830235
7091.689622917009,rewiring,,,,,,,,,,,,,,,,,,,,,,,,,,,,,,,,,,,,,,,,,,,,,,,,,,,,,,,,,,,,,,,,,,51,,,,,,,right,post_unswap,37.89002895797603,20,2312,False,False,False,1,2,lookahead_total,8,False,1,1132,"(4500628, 4500628, 961, 981, 1462, 18128, 2219)",29.562816916994052,8.327179167012218,"[{'seed': 123, 'score': (4877512, 4877512, 931, 965, 1564, 18379, 2324), 'num_layers': 2324, 'total_swaps': 18379, 'max_layer_swaps': 18, 'swap_only_layers': 1564, 'work_layers': 760, 'unitary_layers': 760, 'first_work_layer': 1, 'leading_no_work_layers': 1, 'lookahead_layers_scored': 8, 'lookahead_final_elems': 4877512, 'lookahead_final_max_bond': 931, 'lookahead_peak_elems': 4877512, 'lookahead_peak_max_bond': 965, 'lookahead_peak_bond_l2': 1696625}, {'seed': 1132, 'score': (4500628, 4500628, 961, 981, 1462, 18128, 2219), 'num_layers': 2219, 'total_swaps': 18128, 'max_layer_swaps': 22, 'swap_only_layers': 1462, 'work_layers': 757, 'unitary_layers': 757, 'first_work_layer': 1, 'leading_no_work_layers': 1, 'lookahead_layers_scored': 8, 'lookahead_final_elems': 4500628, 'lookahead_final_max_bond': 961, 'lookahead_peak_elems': 4500628, 'lookahead_peak_max_bond': 981, 'lookahead_peak_bond_l2': 1722892}]",37.89001245799591,50.4588455830235
7091.807958749996,cycle_progress,,,,,,45,31,76,,,,,,,,,,,,,,,,,,,4096,0.002,,35092,0,,,,,,,,,,32,4,34028,1914,390,98,,,,,,,,,,,,,,,,,,,,51,,76,1984,1908,1,False,,,,,,,,,,,,,,,,,,,,,50.4588455830235
7092.046513375011,absorbing,L,1,0,2414,2219,45,31,76,18,0,0,0.055454083980293944,0.05992483301088214,0.11537891699117608,0.12011841699131764,34028,55020,32,72,False,False,False,False,34028,32,False,4096,0.002,,34028,0,total_elems,34028,55020,1,1,,,,0.0,32,4,34028,1914,390,98,,,,,,,,,,,,,,,,,,,,,,,,,,,,,,,,,,,,,,,,,,,,,,,
7092.169025583018,absorbing,L,2,0,2414,2219,45,31,76,18,0,0,0.05835812501027249,0.05984420797904022,0.11820233298931271,0.1193011249997653,41924,55020,32,72,False,False,False,False,41924,32,False,4096,0.002,,34028,0,total_elems,41924,55020,1,1,,,,0.0,32,4,41924,2174,390,98,,,,,,,,,,,,,,,,,,,,,,,,,,,,,,,,,,,,,,,,,,,,,,,
7092.298371957993,absorbing,L,3,0,2414,2219,45,31,76,14,0,0,0.06245379100437276,0.06258383300155401,0.12503762400592677,0.1261334159935359,63984,65908,56,72,False,False,False,False,63984,56,False,4096,0.002,,34028,0,total_elems,63984,65908,1,1,,,,0.0,56,4,63984,2574,390,98,,,,,,,,,,,,,,,,,,,,,,,,,,,,,,,,,,,,,,,,,,,,,,,
7092.439681374992,absorbing,L,4,0,2414,2219,45,31,76,12,0,0,0.06822708298568614,0.06877675000578165,0.1370038329914678,0.13810808397829533,81104,90128,56,72,False,False,False,False,81104,56,False,4096,0.002,,34028,0,total_elems,81104,90128,1,1,,,,0.0,56,4,81104,2894,390,98,,,,,,,,,,,,,,,,,,,,,,,,,,,,,,,,,,,,,,,,,,,,,,,
7092.596005625004,absorbing,L,5,0,2414,2219,45,31,76,10,0,0,0.07154991698917001,0.08042162502533756,0.15197154201450758,0.15309679199708626,106160,111600,64,72,False,False,False,False,106160,64,False,4096,0.002,,34028,0,total_elems,106160,111600,1,1,,,,0.0,64,4,106160,3206,390,98,,,,,,,,,,,,,,,,,,,,,,,,,,,,,,,,,,,,,,,,,,,,,,,
7092.787692417012,absorbing,R,5,1,2414,2219,45,31,76,19,0,0,0.0996960409975145,0.08726850000675768,0.18696454100427218,0.1882372079999186,156176,135248,76,72,False,False,False,False,135248,72,False,4096,0.002,,34028,0,total_elems,156176,135248,1,1,,,,0.0,72,4,135248,3606,390,98,,,,,,,,,,,,,,,,,,,,,,,,,,,,,,,,,,,,,,,,,,,,,,,
7093.010116999998,absorbing,L,6,1,2414,2219,45,31,76,10,0,0,0.10812833299860358,0.10986479101120494,0.21799312400980853,0.21914825000567362,189232,199600,76,72,False,False,False,False,189232,76,False,4096,0.002,,34028,0,total_elems,189232,199600,1,1,,,,0.0,76,4,189232,4088,390,98,,,,,,,,,,,,,,,,,,,,,,,,,,,,,,,,,,,,,,,,,,,,,,,
7093.312351583008,absorbing,R,6,2,2414,2219,45,32,77,20,1,1,0.16967295898939483,0.1281452499970328,0.29781820898642763,0.2990178749896586,309328,266512,128,76,False,False,False,False,266512,76,False,4096,0.002,,34028,0,total_elems,309328,266512,1,1,,,,0.0,76,4,266512,4750,390,98,,,,,,,,,,,,,,,,,,,,,,,,,,,,,,,,,,,,,,,,,,,,,,,
7093.789770833013,absorbing,R,6,3,2414,2219,45,32,77,22,0,1,0.2540270839817822,0.21896862500580028,0.4729957089875825,0.47419308399548754,482336,476328,286,253,False,False,False,False,476328,253,False,4096,0.002,,34028,0,total_elems,482336,476328,1,1,,,,0.0,253,4,476328,6118,390,98,,,,,,,,,,,,,,,,,,,,,,,,,,,,,,,,,,,,,,,,,,,,,,,
7094.783800292003,absorbing,R,6,4,2414,2219,45,32,77,21,0,1,0.5657984580029733,0.42339875001925975,0.9891972080222331,0.9904302089998964,895568,737228,286,250,False,False,False,False,737228,250,False,4096,0.002,,34028,0,total_elems,895568,737228,1,1,,,,0.0,250,4,737228,7582,390,98,,,,,,,,,,,,,,,,,,,,,,,,,,,,,,,,,,,,,,,,,,,,,,,
7108.227417417016,unswapping,,,,,,,,,,,,,,,,,,,,,,,,,,,,,,,,,,,,,,,,,281,4,973780,7422,390,98,0,both,0,49,49,13,13,,,,,0,,,,,,,,,,,,,,,,,,,,,,,,,,,,,,,,,,,
7113.595112500014,unswapping,,,,,,,,,,,,,,,,,,,,,,,,,,,,,,,,,,,,,,,,,235,4,467860,5732,390,98,0,both,1,48,48,19,32,,,,,0,,,,,,,,,,,,,,,,,,,,,,,,,,,,,,,,,,,
7114.535376292013,unswapping,,,,,,,,,,,,,,,,,,,,,,,,,,,,,,,,,,,,,,,,,78,4,309000,4764,390,98,0,left,0,49,49,20,52,,,,,40,,,,,,,,,,,,,,,,,,,,,,,,,,,,,,,,,,,
7115.376439832995,unswapping,,,,,,,,,,,,,,,,,,,,,,,,,,,,,,,,,,,,,,,,,78,4,211020,3952,390,98,0,left,1,48,48,26,78,,,,,92,,,,,,,,,,,,,,,,,,,,,,,,,,,,,,,,,,,
7115.809375458019,unswapping,,,,,,,,,,,,,,,,,,,,,,,,,,,,,,,,,,,,,,,,,72,4,151036,3480,390,98,0,right,0,49,49,15,93,,,,,106,,,,,,,,,,,,,,,,,,,,,,,,,,,,,,,,,,,
7116.175235041999,unswapping,,,,,,,,,,,,,,,,,,,,,,,,,,,,,,,,,,,,,,,,,72,4,104332,3110,390,98,0,right,1,48,48,11,104,,,,,124,,,,,,,,,,,,,,,,,,,,,,,,,,,,,,,,,,,
7116.548031250015,unswapping,,,,,,,,,,,,,,,,,,,,,,,,,,,,,,,,,,,,,,,,,72,4,85420,2796,390,98,1,both,0,49,49,16,16,,,,,162,,,,,,,,,,,,,,,,,,,,,,,,,,,,,,,,,,,
7116.958908917004,unswapping,,,,,,,,,,,,,,,,,,,,,,,,,,,,,,,,,,,,,,,,,72,4,76892,2656,390,98,1,both,1,48,48,6,22,,,,,174,,,,,,,,,,,,,,,,,,,,,,,,,,,,,,,,,,,
7117.1372458749975,unswapping,,,,,,,,,,,,,,,,,,,,,,,,,,,,,,,,,,,,,,,,,36,4,55368,2374,390,98,1,left,0,49,49,10,32,,,,,188,,,,,,,,,,,,,,,,,,,,,,,,,,,,,,,,,,,
7117.2821987500065,unswapping,,,,,,,,,,,,,,,,,,,,,,,,,,,,,,,,,,,,,,,,,36,4,51100,2296,390,98,1,left,1,48,48,5,37,,,,,194,,,,,,,,,,,,,,,,,,,,,,,,,,,,,,,,,,,
7117.423282250005,unswapping,,,,,,,,,,,,,,,,,,,,,,,,,,,,,,,,,,,,,,,,,36,4,44444,2192,390,98,1,right,0,49,49,6,43,,,,,196,,,,,,,,,,,,,,,,,,,,,,,,,,,,,,,,,,,
7117.549622833001,unswapping,,,,,,,,,,,,,,,,,,,,,,,,,,,,,,,,,,,,,,,,,36,4,41276,2140,390,98,1,right,1,48,48,3,46,,,,,202,,,,,,,,,,,,,,,,,,,,,,,,,,,,,,,,,,,
7117.8063515830145,unswapping,,,,,,,,,,,,,,,,,,,,,,,,,,,,,,,,,,,,,,,,,36,4,39104,2070,390,98,2,both,0,49,49,6,6,,,,,212,,,,,,,,,,,,,,,,,,,,,,,,,,,,,,,,,,,
7118.040869292017,unswapping,,,,,,,,,,,,,,,,,,,,,,,,,,,,,,,,,,,,,,,,,36,4,38096,2028,390,98,2,both,1,48,48,7,13,,,,,226,,,,,,,,,,,,,,,,,,,,,,,,,,,,,,,,,,,
7118.109725542017,unswapping,,,,,,,,,,,,,,,,,,,,,,,,,,,,,,,,,,,,,,,,,36,4,38096,2028,390,98,2,left,0,49,49,0,13,,,,,226,,,,,,,,,,,,,,,,,,,,,,,,,,,,,,,,,,,
7118.232467708003,unswapping,,,,,,,,,,,,,,,,,,,,,,,,,,,,,,,,,,,,,,,,,36,4,37512,2006,390,98,2,left,1,48,48,2,15,,,,,224,,,,,,,,,,,,,,,,,,,,,,,,,,,,,,,,,,,
7118.341307625,unswapping,,,,,,,,,,,,,,,,,,,,,,,,,,,,,,,,,,,,,,,,,36,4,37400,2002,390,98,2,right,0,49,49,1,16,,,,,222,,,,,,,,,,,,,,,,,,,,,,,,,,,,,,,,,,,
7118.404589917016,unswapping,,,,,,,,,,,,,,,,,,,,,,,,,,,,,,,,,,,,,,,,,36,4,37400,2002,390,98,2,right,1,48,48,0,16,,,,,222,,,,,,,,,,,,,,,,,,,,,,,,,,,,,,,,,,,
7118.654432333016,unswapping,,,,,,,,,,,,,,,,,,,,,,,,,,,,,,,,,,,,,,,,,36,4,37160,1988,390,98,3,both,0,49,49,2,2,,,,,224,,,,,,,,,,,,,,,,,,,,,,,,,,,,,,,,,,,
7118.8652190830035,unswapping,,,,,,,,,,,,,,,,,,,,,,,,,,,,,,,,,,,,,,,,,36,4,36968,1980,390,98,3,both,1,48,48,1,3,,,,,228,,,,,,,,,,,,,,,,,,,,,,,,,,,,,,,,,,,
7118.932329542004,unswapping,,,,,,,,,,,,,,,,,,,,,,,,,,,,,,,,,,,,,,,,,36,4,36968,1980,390,98,3,left,0,49,49,0,3,,,,,228,,,,,,,,,,,,,,,,,,,,,,,,,,,,,,,,,,,
7118.993927333009,unswapping,,,,,,,,,,,,,,,,,,,,,,,,,,,,,,,,,,,,,,,,,36,4,36968,1980,390,98,3,left,1,48,48,0,3,,,,,228,,,,,,,,,,,,,,,,,,,,,,,,,,,,,,,,,,,
7119.061180167017,unswapping,,,,,,,,,,,,,,,,,,,,,,,,,,,,,,,,,,,,,,,,,36,4,36968,1980,390,98,3,right,0,49,49,0,3,,,,,228,,,,,,,,,,,,,,,,,,,,,,,,,,,,,,,,,,,
7119.120947417017,unswapping,,,,,,,,,,,,,,,,,,,,,,,,,,,,,,,,,,,,,,,,,36,4,36968,1980,390,98,3,right,1,48,48,0,3,,,,,228,,,,,,,,,,,,,,,,,,,,,,,,,,,,,,,,,,,
7119.349216750008,unswapping,,,,,,,,,,,,,,,,,,,,,,,,,,,,,,,,,,,,,,,,,36,4,36776,1968,390,98,4,both,0,49,49,1,1,,,,,230,,,,,,,,,,,,,,,,,,,,,,,,,,,,,,,,,,,
7119.558107249992,unswapping,,,,,,,,,,,,,,,,,,,,,,,,,,,,,,,,,,,,,,,,,36,4,36728,1964,390,98,4,both,1,48,48,1,2,,,,,234,,,,,,,,,,,,,,,,,,,,,,,,,,,,,,,,,,,
7119.625350417016,unswapping,,,,,,,,,,,,,,,,,,,,,,,,,,,,,,,,,,,,,,,,,36,4,36728,1964,390,98,4,left,0,49,49,0,2,,,,,234,,,,,,,,,,,,,,,,,,,,,,,,,,,,,,,,,,,
7119.686918124993,unswapping,,,,,,,,,,,,,,,,,,,,,,,,,,,,,,,,,,,,,,,,,36,4,36728,1964,390,98,4,left,1,48,48,0,2,,,,,234,,,,,,,,,,,,,,,,,,,,,,,,,,,,,,,,,,,
7119.753555667005,unswapping,,,,,,,,,,,,,,,,,,,,,,,,,,,,,,,,,,,,,,,,,36,4,36728,1964,390,98,4,right,0,49,49,0,2,,,,,234,,,,,,,,,,,,,,,,,,,,,,,,,,,,,,,,,,,
7119.813296292006,unswapping,,,,,,,,,,,,,,,,,,,,,,,,,,,,,,,,,,,,,,,,,36,4,36728,1964,390,98,4,right,1,48,48,0,2,,,,,234,,,,,,,,,,,,,,,,,,,,,,,,,,,,,,,,,,,
7119.961968582997,unswapping,,,,,,,,,,,,,,,,,,,,,,,,,,,,,,,,,,,,,,,,,36,4,36728,1964,390,98,5,both,0,49,49,0,0,,,,,234,,,,,,,,,,,,,,,,,,,,,,,,,,,,,,,,,,,
7120.090437125007,unswapping,,,,,,,,,,,,,,,,,,,,,,,,,,,,,,,,,,,,,,,,,36,4,36728,1964,390,98,5,both,1,48,48,0,0,,,,,234,,,,,,,,,,,,,,,,,,,,,,,,,,,,,,,,,,,
7120.1576155000075,unswapping,,,,,,,,,,,,,,,,,,,,,,,,,,,,,,,,,,,,,,,,,36,4,36728,1964,390,98,5,left,0,49,49,0,0,,,,,234,,,,,,,,,,,,,,,,,,,,,,,,,,,,,,,,,,,
7120.218904125009,unswapping,,,,,,,,,,,,,,,,,,,,,,,,,,,,,,,,,,,,,,,,,36,4,36728,1964,390,98,5,left,1,48,48,0,0,,,,,234,,,,,,,,,,,,,,,,,,,,,,,,,,,,,,,,,,,
7120.285233333008,unswapping,,,,,,,,,,,,,,,,,,,,,,,,,,,,,,,,,,,,,,,,,36,4,36728,1964,390,98,5,right,0,49,49,0,0,,,,,234,,,,,,,,,,,,,,,,,,,,,,,,,,,,,,,,,,,
7120.344755833008,unswapping,,,,,,,,,,,,,,,,,,,,,,,,,,,,,,,,,,,,,,,,,36,4,36728,1964,390,98,5,right,1,48,48,0,0,,,,,234,,,,,,,,,,,,,,,,,,,,,,,,,,,,,,,,,,,
7120.347632000019,unswap_cycle_summary,,,,,,45,32,77,,,,,,,,,,,,,,,,,,,4096,0.002,,,,,,,,,,,,,36,4,36728,1964,390,98,,,,,,,,,,,,,,,,,,,,52,24.181370667007286,77,1984,1907,1,False,,,,,,,,,,,,,,,,,,,,,
7133.961937500018,rewiring,,,,,,,,,,,,,,,,,,,,,,,,,,,,,,,,,,,,,,,,,,,,,,,,,,,,,,,,,,,,,,,,,,52,,,,,,,left,post_unswap,13.613479457999347,20,2410,False,False,False,1,2,lookahead_total,8,False,1,1132,"(331656, 331656, 128, 128, 1701, 20328, 2489)",1.4307326669804752,12.182715875009308,"[{'seed': 123, 'score': (409576, 409576, 128, 128, 1544, 19977, 2306), 'num_layers': 2306, 'total_swaps': 19977, 'max_layer_swaps': 21, 'swap_only_layers': 1544, 'work_layers': 762, 'unitary_layers': 762, 'first_work_layer': 8, 'leading_no_work_layers': 8, 'lookahead_layers_scored': 8, 'lookahead_final_elems': 409576, 'lookahead_final_max_bond': 128, 'lookahead_peak_elems': 409576, 'lookahead_peak_max_bond': 128, 'lookahead_peak_bond_l2': 130884}, {'seed': 1132, 'score': (331656, 331656, 128, 128, 1701, 20328, 2489), 'num_layers': 2489, 'total_swaps': 20328, 'max_layer_swaps': 22, 'swap_only_layers': 1701, 'work_layers': 788, 'unitary_layers': 788, 'first_work_layer': 8, 'leading_no_work_layers': 8, 'lookahead_layers_scored': 8, 'lookahead_final_elems': 331656, 'lookahead_final_max_bond': 128, 'lookahead_peak_elems': 331656, 'lookahead_peak_max_bond': 128, 'lookahead_peak_bond_l2': 105388}]",13.613464416994248,30.431263999984367
7150.779493708018,rewiring,,,,,,,,,,,,,,,,,,,,,,,,,,,,,,,,,,,,,,,,,,,,,,,,,,,,,,,,,,,,,,,,,,52,,,,,,,right,post_unswap,16.817308166995645,20,2217,False,False,False,1,2,lookahead_total,8,False,1,123,"(2011592, 2011592, 256, 262, 1390, 18295, 2153)",7.581533415999729,9.23574629201903,"[{'seed': 123, 'score': (2011592, 2011592, 256, 262, 1390, 18295, 2153), 'num_layers': 2153, 'total_swaps': 18295, 'max_layer_swaps': 20, 'swap_only_layers': 1390, 'work_layers': 763, 'unitary_layers': 763, 'first_work_layer': 4, 'leading_no_work_layers': 4, 'lookahead_layers_scored': 8, 'lookahead_final_elems': 2011592, 'lookahead_final_max_bond': 256, 'lookahead_peak_elems': 2011592, 'lookahead_peak_max_bond': 262, 'lookahead_peak_bond_l2': 624012}, {'seed': 1132, 'score': (2596436, 2596436, 380, 382, 1334, 18224, 2091), 'num_layers': 2091, 'total_swaps': 18224, 'max_layer_swaps': 22, 'swap_only_layers': 1334, 'work_layers': 757, 'unitary_layers': 757, 'first_work_layer': 3, 'leading_no_work_layers': 3, 'lookahead_layers_scored': 8, 'lookahead_final_elems': 2596436, 'lookahead_final_max_bond': 380, 'lookahead_peak_elems': 2596436, 'lookahead_peak_max_bond': 382, 'lookahead_peak_bond_l2': 801325}]",16.817300958005944,30.431263999984367
7150.906141500018,cycle_progress,,,,,,45,32,77,,,,,,,,,,,,,,,,,,,4096,0.002,,34028,0,,,,,,,,,,36,4,36728,1964,390,98,,,,,,,,,,,,,,,,,,,,52,,77,1984,1907,1,False,,,,,,,,,,,,,,,,,,,,,30.431263999984367
7151.16662975002,absorbing,L,1,0,2489,2153,45,32,77,17,0,0,0.061758666997775435,0.05961608298821375,0.12137474998598918,0.12972412499948405,36728,54272,36,72,False,False,False,False,36728,36,False,4096,0.002,,36728,0,total_elems,36728,54272,1,1,,,,0.0,36,4,36728,1964,390,98,,,,,,,,,,,,,,,,,,,,,,,,,,,,,,,,,,,,,,,,,,,,,,,
7151.292999750003,absorbing,L,2,0,2489,2153,45,32,77,16,0,0,0.058481000014580786,0.0634050410008058,0.12188604101538658,0.12303904199507087,44828,54272,36,72,False,False,False,False,44828,36,False,4096,0.002,,36728,0,total_elems,44828,54272,1,1,,,,0.0,36,4,44828,2232,390,98,,,,,,,,,,,,,,,,,,,,,,,,,,,,,,,,,,,,,,,,,,,,,,,
7151.42094166702,absorbing,L,3,0,2489,2153,45,32,77,13,0,0,0.06151283299550414,0.06193262498709373,0.12344545798259787,0.12462154199602082,58248,61832,36,72,False,False,False,False,58248,36,False,4096,0.002,,36728,0,total_elems,58248,61832,1,1,,,,0.0,36,4,58248,2542,390,98,,,,,,,,,,,,,,,,,,,,,,,,,,,,,,,,,,,,,,,,,,,,,,,
7151.555499875016,absorbing,R,3,1,2489,2153,45,32,77,16,0,0,0.06523000000743195,0.06475716701243073,0.12998716701986268,0.13109591699321754,77672,76856,64,72,False,False,False,False,76856,72,False,4096,0.002,,36728,0,total_elems,77672,76856,1,1,,,,0.0,72,4,76856,2868,390,98,,,,,,,,,,,,,,,,,,,,,,,,,,,,,,,,,,,,,,,,,,,,,,,
7151.704960375006,absorbing,L,4,1,2489,2153,45,32,77,13,0,0,0.06958054102142341,0.07548662499175407,0.14506716601317748,0.1461832500062883,96344,130340,72,72,False,False,False,False,96344,72,False,4096,0.002,,36728,0,total_elems,96344,130340,1,1,,,,0.0,72,4,96344,3184,390,98,,,,,,,,,,,,,,,,,,,,,,,,,,,,,,,,,,,,,,,,,,,,,,,
7151.875926125009,absorbing,L,5,1,2489,2153,45,32,77,12,0,0,0.07736437499988824,0.08887399997911416,0.1662383749790024,0.16754304099595174,117736,150404,72,72,False,False,False,False,117736,72,False,4096,0.002,,36728,0,total_elems,117736,150404,1,1,,,,0.0,72,4,117736,3468,390,98,,,,,,,,,,,,,,,,,,,,,,,,,,,,,,,,,,,,,,,,,,,,,,,
7152.074365000008,absorbing,L,6,1,2489,2153,45,32,77,13,0,0,0.08661475000553764,0.10711220899247564,0.1937269589980133,0.19500649999827147,156952,182932,72,72,False,False,False,False,156952,72,False,4096,0.002,,36728,0,total_elems,156952,182932,1,1,,,,0.0,72,4,156952,3960,390,98,,,,,,,,,,,,,,,,,,,,,,,,,,,,,,,,,,,,,,,,,,,,,,,
7152.315556917019,absorbing,R,6,2,2489,2153,45,32,77,16,0,0,0.12287675001425669,0.11378812498878688,0.23666487500304356,0.2379147500032559,259080,231476,128,72,False,False,False,False,231476,72,False,4096,0.002,,36728,0,total_elems,259080,231476,1,1,,,,0.0,72,4,231476,4620,390,98,,,,,,,,,,,,,,,,,,,,,,,,,,,,,,,,,,,,,,,,,,,,,,,
7152.6692010000115,absorbing,R,6,3,2489,2153,45,32,77,18,0,0,0.1705484999984037,0.17863120799302123,0.34917970799142495,0.3503584999998566,383104,364128,213,128,False,False,False,False,364128,128,False,4096,0.002,,36728,0,total_elems,383104,364128,1,1,,,,0.0,128,4,364128,5538,390,98,,,,,,,,,,,,,,,,,,,,,,,,,,,,,,,,,,,,,,,,,,,,,,,
7153.17947808301,absorbing,L,7,3,2489,2153,45,32,77,14,0,0,0.22178758299560286,0.2837420830037445,0.5055296659993473,0.506780666008126,532668,588140,211,135,False,False,False,False,532668,211,False,4096,0.002,,36728,0,total_elems,532668,588140,1,1,,,,0.0,211,4,532668,6486,390,98,,,,,,,,,,,,,,,,,,,,,,,,,,,,,,,,,,,,,,,,,,,,,,,
7154.021823082992,absorbing,L,8,3,2489,2153,45,32,77,9,0,0,0.4421117919846438,0.3905295830045361,0.8326413749891799,0.8383952919975854,740592,747660,210,210,False,False,False,False,740592,210,False,4096,0.002,,36728,0,total_elems,740592,747660,1,1,,,,0.0,210,4,740592,7280,390,98,,,,,,,,,,,,,,,,,,,,,,,,,,,,,,,,,,,,,,,,,,,,,,,
7155.039784416993,absorbing,L,9,3,2489,2153,46,32,78,7,1,1,0.43564879201585427,0.5735668750130571,1.0092156670289114,1.0110471670050174,924340,1040648,209,208,False,False,False,True,924340,209,False,4096,0.002,,36728,0,total_elems,924340,1040648,1,1,,,,0.0,209,4,924340,8072,390,98,,,,,,,,,,,,,,,,,,,,,,,,,,,,,,,,,,,,,,,,,,,,,,,
7164.969587041996,unswapping,,,,,,,,,,,,,,,,,,,,,,,,,,,,,,,,,,,,,,,,,255,4,717912,7180,390,98,0,both,0,49,49,14,14,,,,,0,,,,,,,,,,,,,,,,,,,,,,,,,,,,,,,,,,,
7168.095922917011,unswapping,,,,,,,,,,,,,,,,,,,,,,,,,,,,,,,,,,,,,,,,,128,4,406280,5626,390,98,0,both,1,48,48,13,27,,,,,0,,,,,,,,,,,,,,,,,,,,,,,,,,,,,,,,,,,
7169.182056791993,unswapping,,,,,,,,,,,,,,,,,,,,,,,,,,,,,,,,,,,,,,,,,128,4,280104,4806,390,98,0,left,0,49,49,16,43,,,,,32,,,,,,,,,,,,,,,,,,,,,,,,,,,,,,,,,,,
7169.854897458019,unswapping,,,,,,,,,,,,,,,,,,,,,,,,,,,,,,,,,,,,,,,,,100,4,156136,3858,390,98,0,left,1,48,48,21,64,,,,,74,,,,,,,,,,,,,,,,,,,,,,,,,,,,,,,,,,,
7170.113062082994,unswapping,,,,,,,,,,,,,,,,,,,,,,,,,,,,,,,,,,,,,,,,,100,4,132072,3554,390,98,0,right,0,49,49,8,72,,,,,78,,,,,,,,,,,,,,,,,,,,,,,,,,,,,,,,,,,
7170.389536542003,unswapping,,,,,,,,,,,,,,,,,,,,,,,,,,,,,,,,,,,,,,,,,100,4,113320,3330,390,98,0,right,1,48,48,10,82,,,,,92,,,,,,,,,,,,,,,,,,,,,,,,,,,,,,,,,,,
7170.934611042001,unswapping,,,,,,,,,,,,,,,,,,,,,,,,,,,,,,,,,,,,,,,,,36,4,82572,2900,390,98,1,both,0,49,49,16,16,,,,,130,,,,,,,,,,,,,,,,,,,,,,,,,,,,,,,,,,,
7171.282638583012,unswapping,,,,,,,,,,,,,,,,,,,,,,,,,,,,,,,,,,,,,,,,,35,4,76264,2804,390,98,1,both,1,48,48,5,21,,,,,134,,,,,,,,,,,,,,,,,,,,,,,,,,,,,,,,,,,
7171.461112999998,unswapping,,,,,,,,,,,,,,,,,,,,,,,,,,,,,,,,,,,,,,,,,32,4,64796,2618,390,98,1,left,0,49,49,9,30,,,,,146,,,,,,,,,,,,,,,,,,,,,,,,,,,,,,,,,,,
7171.613621791999,unswapping,,,,,,,,,,,,,,,,,,,,,,,,,,,,,,,,,,,,,,,,,32,4,58588,2494,390,98,1,left,1,48,48,7,37,,,,,158,,,,,,,,,,,,,,,,,,,,,,,,,,,,,,,,,,,
7171.763352875016,unswapping,,,,,,,,,,,,,,,,,,,,,,,,,,,,,,,,,,,,,,,,,32,4,56732,2426,390,98,1,right,0,49,49,7,44,,,,,152,,,,,,,,,,,,,,,,,,,,,,,,,,,,,,,,,,,
7171.915974792006,unswapping,,,,,,,,,,,,,,,,,,,,,,,,,,,,,,,,,,,,,,,,,32,4,54364,2386,390,98,1,right,1,48,48,2,46,,,,,156,,,,,,,,,,,,,,,,,,,,,,,,,,,,,,,,,,,
7172.201510582992,unswapping,,,,,,,,,,,,,,,,,,,,,,,,,,,,,,,,,,,,,,,,,32,4,53344,2362,390,98,2,both,0,49,49,3,3,,,,,160,,,,,,,,,,,,,,,,,,,,,,,,,,,,,,,,,,,
7172.477019875019,unswapping,,,,,,,,,,,,,,,,,,,,,,,,,,,,,,,,,,,,,,,,,32,4,49008,2272,390,98,2,both,1,48,48,8,11,,,,,170,,,,,,,,,,,,,,,,,,,,,,,,,,,,,,,,,,,
7172.616487958003,unswapping,,,,,,,,,,,,,,,,,,,,,,,,,,,,,,,,,,,,,,,,,32,4,46144,2202,390,98,2,left,0,49,49,6,17,,,,,180,,,,,,,,,,,,,,,,,,,,,,,,,,,,,,,,,,,
7172.754535083019,unswapping,,,,,,,,,,,,,,,,,,,,,,,,,,,,,,,,,,,,,,,,,32,4,44992,2166,390,98,2,left,1,48,48,4,21,,,,,188,,,,,,,,,,,,,,,,,,,,,,,,,,,,,,,,,,,
7172.885811957996,unswapping,,,,,,,,,,,,,,,,,,,,,,,,,,,,,,,,,,,,,,,,,32,4,44912,2162,390,98,2,right,0,49,49,1,22,,,,,190,,,,,,,,,,,,,,,,,,,,,,,,,,,,,,,,,,,
7172.9537269170105,unswapping,,,,,,,,,,,,,,,,,,,,,,,,,,,,,,,,,,,,,,,,,32,4,44912,2162,390,98,2,right,1,48,48,0,22,,,,,190,,,,,,,,,,,,,,,,,,,,,,,,,,,,,,,,,,,
7173.215889542014,unswapping,,,,,,,,,,,,,,,,,,,,,,,,,,,,,,,,,,,,,,,,,32,4,43960,2124,390,98,3,both,0,49,49,4,4,,,,,196,,,,,,,,,,,,,,,,,,,,,,,,,,,,,,,,,,,
7173.464802708011,unswapping,,,,,,,,,,,,,,,,,,,,,,,,,,,,,,,,,,,,,,,,,32,4,43496,2104,390,98,3,both,1,48,48,3,7,,,,,206,,,,,,,,,,,,,,,,,,,,,,,,,,,,,,,,,,,
7173.579700833012,unswapping,,,,,,,,,,,,,,,,,,,,,,,,,,,,,,,,,,,,,,,,,32,4,43304,2096,390,98,3,left,0,49,49,1,8,,,,,206,,,,,,,,,,,,,,,,,,,,,,,,,,,,,,,,,,,
7173.693423874996,unswapping,,,,,,,,,,,,,,,,,,,,,,,,,,,,,,,,,,,,,,,,,32,4,43176,2088,390,98,3,left,1,48,48,1,9,,,,,208,,,,,,,,,,,,,,,,,,,,,,,,,,,,,,,,,,,
7173.76812558301,unswapping,,,,,,,,,,,,,,,,,,,,,,,,,,,,,,,,,,,,,,,,,32,4,43176,2088,390,98,3,right,0,49,49,0,9,,,,,208,,,,,,,,,,,,,,,,,,,,,,,,,,,,,,,,,,,
7173.841313917015,unswapping,,,,,,,,,,,,,,,,,,,,,,,,,,,,,,,,,,,,,,,,,32,4,43176,2088,390,98,3,right,1,48,48,0,9,,,,,208,,,,,,,,,,,,,,,,,,,,,,,,,,,,,,,,,,,
7174.119796917017,unswapping,,,,,,,,,,,,,,,,,,,,,,,,,,,,,,,,,,,,,,,,,32,4,42904,2076,390,98,4,both,0,49,49,2,2,,,,,214,,,,,,,,,,,,,,,,,,,,,,,,,,,,,,,,,,,
7174.281896875007,unswapping,,,,,,,,,,,,,,,,,,,,,,,,,,,,,,,,,,,,,,,,,32,4,42904,2076,390,98,4,both,1,48,48,0,2,,,,,214,,,,,,,,,,,,,,,,,,,,,,,,,,,,,,,,,,,
7174.354547166993,unswapping,,,,,,,,,,,,,,,,,,,,,,,,,,,,,,,,,,,,,,,,,32,4,42904,2076,390,98,4,left,0,49,49,0,2,,,,,214,,,,,,,,,,,,,,,,,,,,,,,,,,,,,,,,,,,
7174.422665499995,unswapping,,,,,,,,,,,,,,,,,,,,,,,,,,,,,,,,,,,,,,,,,32,4,42904,2076,390,98,4,left,1,48,48,0,2,,,,,214,,,,,,,,,,,,,,,,,,,,,,,,,,,,,,,,,,,
7174.494242874993,unswapping,,,,,,,,,,,,,,,,,,,,,,,,,,,,,,,,,,,,,,,,,32,4,42904,2076,390,98,4,right,0,49,49,0,2,,,,,214,,,,,,,,,,,,,,,,,,,,,,,,,,,,,,,,,,,
7174.559913667006,unswapping,,,,,,,,,,,,,,,,,,,,,,,,,,,,,,,,,,,,,,,,,32,4,42904,2076,390,98,4,right,1,48,48,0,2,,,,,214,,,,,,,,,,,,,,,,,,,,,,,,,,,,,,,,,,,
7174.711906458018,unswapping,,,,,,,,,,,,,,,,,,,,,,,,,,,,,,,,,,,,,,,,,32,4,42904,2076,390,98,5,both,0,49,49,0,0,,,,,214,,,,,,,,,,,,,,,,,,,,,,,,,,,,,,,,,,,
7174.85757612501,unswapping,,,,,,,,,,,,,,,,,,,,,,,,,,,,,,,,,,,,,,,,,32,4,42904,2076,390,98,5,both,1,48,48,0,0,,,,,214,,,,,,,,,,,,,,,,,,,,,,,,,,,,,,,,,,,
7174.977002,unswapping,,,,,,,,,,,,,,,,,,,,,,,,,,,,,,,,,,,,,,,,,32,4,42904,2076,390,98,5,left,0,49,49,0,0,,,,,214,,,,,,,,,,,,,,,,,,,,,,,,,,,,,,,,,,,
7175.07100741702,unswapping,,,,,,,,,,,,,,,,,,,,,,,,,,,,,,,,,,,,,,,,,32,4,42904,2076,390,98,5,left,1,48,48,0,0,,,,,214,,,,,,,,,,,,,,,,,,,,,,,,,,,,,,,,,,,
7175.147213457996,unswapping,,,,,,,,,,,,,,,,,,,,,,,,,,,,,,,,,,,,,,,,,32,4,42904,2076,390,98,5,right,0,49,49,0,0,,,,,214,,,,,,,,,,,,,,,,,,,,,,,,,,,,,,,,,,,
7175.219102042,unswapping,,,,,,,,,,,,,,,,,,,,,,,,,,,,,,,,,,,,,,,,,32,4,42904,2076,390,98,5,right,1,48,48,0,0,,,,,214,,,,,,,,,,,,,,,,,,,,,,,,,,,,,,,,,,,
7175.222660250001,unswap_cycle_summary,,,,,,46,32,78,,,,,,,,,,,,,,,,,,,4096,0.002,,,,,,,,,,,,,32,4,42904,2076,390,98,,,,,,,,,,,,,,,,,,,,53,18.558240375015885,78,1984,1906,1,False,,,,,,,,,,,,,,,,,,,,,
7188.9849841670075,rewiring,,,,,,,,,,,,,,,,,,,,,,,,,,,,,,,,,,,,,,,,,,,,,,,,,,,,,,,,,,,,,,,,,,53,,,,,,,left,post_unswap,13.761422624986153,20,2482,False,False,False,1,2,lookahead_total,8,False,1,1132,"(357000, 357000, 128, 128, 1809, 20396, 2592)",1.65758395800367,12.103797791001853,"[{'seed': 123, 'score': (452080, 452080, 128, 128, 1804, 20391, 2590), 'num_layers': 2590, 'total_swaps': 20391, 'max_layer_swaps': 19, 'swap_only_layers': 1804, 'work_layers': 786, 'unitary_layers': 786, 'first_work_layer': 7, 'leading_no_work_layers': 7, 'lookahead_layers_scored': 8, 'lookahead_final_elems': 452080, 'lookahead_final_max_bond': 128, 'lookahead_peak_elems': 452080, 'lookahead_peak_max_bond': 128, 'lookahead_peak_bond_l2': 141900}, {'seed': 1132, 'score': (357000, 357000, 128, 128, 1809, 20396, 2592), 'num_layers': 2592, 'total_swaps': 20396, 'max_layer_swaps': 20, 'swap_only_layers': 1809, 'work_layers': 783, 'unitary_layers': 783, 'first_work_layer': 7, 'leading_no_work_layers': 7, 'lookahead_layers_scored': 8, 'lookahead_final_elems': 357000, 'lookahead_final_max_bond': 128, 'lookahead_peak_elems': 357000, 'lookahead_peak_max_bond': 128, 'lookahead_peak_bond_l2': 106272}]",13.761402709002141,30.33533879200695
7205.558617833012,rewiring,,,,,,,,,,,,,,,,,,,,,,,,,,,,,,,,,,,,,,,,,,,,,,,,,,,,,,,,,,,,,,,,,,53,,,,,,,right,post_unswap,16.5733843340131,20,2152,False,False,False,1,2,lookahead_total,8,False,1,1132,"(1842136, 1842136, 256, 256, 1378, 17997, 2138)",6.553579667001031,10.019762749987422,"[{'seed': 123, 'score': (2349880, 2349880, 256, 256, 1294, 18016, 2045), 'num_layers': 2045, 'total_swaps': 18016, 'max_layer_swaps': 23, 'swap_only_layers': 1294, 'work_layers': 751, 'unitary_layers': 751, 'first_work_layer': 4, 'leading_no_work_layers': 4, 'lookahead_layers_scored': 8, 'lookahead_final_elems': 2349880, 'lookahead_final_max_bond': 256, 'lookahead_peak_elems': 2349880, 'lookahead_peak_max_bond': 256, 'lookahead_peak_bond_l2': 734529}, {'seed': 1132, 'score': (1842136, 1842136, 256, 256, 1378, 17997, 2138), 'num_layers': 2138, 'total_swaps': 17997, 'max_layer_swaps': 22, 'swap_only_layers': 1378, 'work_layers': 760, 'unitary_layers': 760, 'first_work_layer': 3, 'leading_no_work_layers': 3, 'lookahead_layers_scored': 8, 'lookahead_final_elems': 1842136, 'lookahead_final_max_bond': 256, 'lookahead_peak_elems': 1842136, 'lookahead_peak_max_bond': 256, 'lookahead_peak_bond_l2': 567844}]",16.57336966699222,30.33533879200695
7205.689363832993,cycle_progress,,,,,,46,32,78,,,,,,,,,,,,,,,,,,,4096,0.002,,36728,0,,,,,,,,,,32,4,42904,2076,390,98,,,,,,,,,,,,,,,,,,,,53,,78,1984,1906,1,False,,,,,,,,,,,,,,,,,,,,,30.33533879200695
