time,stage,rewire_side,rewire_phase,rewire_time_s,remaining_layers_before_rewire,parallel_rewire,adaptive_parallel_rewire,absorb_side,it_left,it_right,layers_left,layers_right,u_consumed_total_left,u_consumed_total_right,u_consumed_total,swap_consumed,u_consumed,u_consumed_after_unswap,probe_left_time_s,probe_right_time_s,probe_total_time_s,probe_wall_time_s,probe_left_total_elems,probe_right_total_elems,probe_left_max_bond,probe_right_max_bond,probe_left_hit_max_bond,probe_right_hit_max_bond,probe_left_over_unswap_threshold,probe_right_over_unswap_threshold,selected_total_elems,selected_max_bond,selected_hit_max_bond,compression_max_bond_limit,compression_cutoff,unswap_trigger_max_bond,cycle_start_total_elems,no_progress_unswap_cycles,tail_virtual_swaps,absorb_score_mode,probe_left_score,probe_right_score,absorb_lookahead_depth,absorb_lookahead_depth_used,absorb_lookahead_candidates,absorb_lookahead_choice,absorb_lookahead_score,absorb_lookahead_time_s,max_bond,max_links,total_elems,total_shapes,total_links,num_tensors,fid10,fid10_retained_fraction,fid10_svd_events,fid10_svd_fallbacks,termination_reason,termination_detail,unswap_cycle,gates_consumed,total_work_gates,remaining_work_gates,abort_after_no_progress_unswap_cycles,hit_max_bond,initial_rewire_time_s,initial_rewire_wall_time_s,post_unswap_rewire_time_s,post_unswap_rewire_wall_time_s,absorb_probe_time_s,absorb_probe_wall_time_s,unswap_time_s,accounted_time_s,rewire_wall_time_s,accounted_wall_time_s
0.14530145900789648,rewiring,left,initial,0.1082974579767324,239,False,False,,,,,,,,,,,,,,,,,,,,,,,,,,,,,,,,,,,,,,,,,,,,,,,,,,,,,,,,,,,,,,,,,,,,,
0.21124145900830626,rewiring,right,initial,0.06582545803394169,249,False,False,,,,,,,,,,,,,,,,,,,,,,,,,,,,,,,,,,,,,,,,,,,,,,,,,,,,,,,,,,,,,,,,,,,,,
0.26262866699835286,absorbing,,,,,,,L,1,0,237,247,4,0,4,5,4,4,0.029730584006756544,0.012455958989448845,0.04218654299620539,0.04243420797865838,256,280,4,4,False,False,False,False,256,4,False,64,0.01,,160,0,False,total_elems,256,280,1,1,,,,0.0,4,4,256,262,158,40,,,0,0,,,,,,,,,,,,,,,,,,
0.29186358401784673,absorbing,,,,,,,R,1,1,237,247,4,0,4,5,0,4,0.015124708006624132,0.011934042035136372,0.027058750041760504,0.027349500043783337,592,388,4,4,False,False,False,False,388,4,False,64,0.01,,160,0,False,total_elems,592,388,1,1,,,,0.0,4,4,388,286,158,40,,,0,0,,,,,,,,,,,,,,,,,,
0.3206052089808509,absorbing,,,,,,,R,1,2,237,247,4,0,4,5,0,4,0.014834792003966868,0.011831291019916534,0.026666083023883402,0.026952083979267627,796,628,4,4,False,False,False,False,628,4,False,64,0.01,,160,0,False,total_elems,796,628,1,1,,,,0.0,4,4,628,310,158,40,,,0,0,,,,,,,,,,,,,,,,,,
0.3495427090092562,absorbing,,,,,,,L,2,2,237,247,7,0,7,4,3,7,0.014835750043857843,0.011916500050574541,0.026752250094432384,0.027049208991229534,976,1516,4,16,False,False,False,False,976,4,False,64,0.01,,160,0,False,total_elems,976,1516,1,1,,,,0.0,4,4,976,352,158,40,,,0,0,,,,,,,,,,,,,,,,,,
0.37956379202660173,absorbing,,,,,,,L,3,2,237,247,10,0,10,5,3,10,0.015427082951646298,0.012312875012867153,0.02773995796451345,0.028051791014149785,1192,1900,4,16,False,False,False,False,1192,4,False,64,0.01,,160,0,False,total_elems,1192,1900,1,1,,,,0.0,4,4,1192,370,158,40,,,0,0,,,,,,,,,,,,,,,,,,
0.4084034999832511,absorbing,,,,,,,L,4,2,237,247,12,0,12,6,2,12,0.014555417001247406,0.011958832968957722,0.026514249970205128,0.026798584032803774,1696,2116,16,16,False,False,False,False,1696,16,False,64,0.01,,160,0,False,total_elems,1696,2116,1,1,,,,0.0,16,4,1696,406,158,40,,,0,0,,,,,,,,,,,,,,,,,,
0.4391994170146063,absorbing,,,,,,,R,4,3,237,247,12,0,12,4,0,12,0.01615495898295194,0.012314083985984325,0.028469042968936265,0.028767499956302345,3616,3196,16,16,False,False,False,False,3196,16,False,64,0.01,,160,0,False,total_elems,3616,3196,1,1,,,,0.0,16,4,3196,466,158,40,,,0,0,,,,,,,,,,,,,,,,,,
0.4730214590090327,absorbing,,,,,,,R,4,4,237,247,12,2,14,3,2,14,0.01641824998660013,0.014881249982863665,0.031299499969463795,0.03157216700492427,5116,5096,16,16,False,False,False,False,5096,16,False,64,0.01,,160,0,False,total_elems,5116,5096,1,1,,,,0.0,16,4,5096,518,158,40,,,0,0,,,,,,,,,,,,,,,,,,
0.5086222920217551,absorbing,,,,,,,R,4,5,237,247,12,3,15,4,1,15,0.017426541016902775,0.015256000042427331,0.032682541059330106,0.032973207999020815,6936,5880,16,16,False,False,False,False,5880,16,False,64,0.01,,160,0,False,total_elems,6936,5880,1,1,,,,0.0,16,4,5880,546,158,40,,,0,0,,,,,,,,,,,,,,,,,,
0.5441645419923589,absorbing,,,,,,,R,4,6,237,247,12,4,16,4,1,16,0.01767637499142438,0.015408916980959475,0.03308529197238386,0.03336399997351691,13744,12588,64,64,True,True,False,False,12588,64,True,64,0.01,,160,0,False,total_elems,13744,12588,1,1,,,,0.0,64,4,12588,658,158,40,,,0,0,,,,,,,,,,,,,,,,,,
0.5879011250217445,absorbing,,,,,,,R,4,7,237,247,12,6,18,3,2,18,0.021246332966256887,0.019850334036163986,0.04109666700242087,0.041392458020709455,29868,29004,64,64,True,True,False,False,29004,64,True,64,0.01,,160,0,False,total_elems,29868,29004,1,1,,,,0.0,64,4,29004,808,158,40,,,0,0,,,,,,,,,,,,,,,,,,
0.6339279999956489,absorbing,,,,,,,R,4,8,237,247,12,6,18,4,0,18,0.024670499959029257,0.018340791983064264,0.04301129194209352,0.043341832992155105,45900,29708,64,64,True,True,False,False,29708,64,True,64,0.01,,160,0,False,total_elems,45900,29708,1,1,,,,0.0,64,4,29708,816,158,40,,,0,0,,,,,,,,,,,,,,,,,,
0.6820952499983832,absorbing,,,,,,,R,4,9,237,247,12,8,20,3,2,20,0.02482079202309251,0.020616792025975883,0.04543758404906839,0.0457460000179708,46860,32444,64,64,True,True,False,False,32444,64,True,64,0.01,,160,0,False,total_elems,46860,32444,1,1,,,,0.0,64,4,32444,874,158,40,,,0,0,,,,,,,,,,,,,,,,,,
0.7307007919880562,absorbing,,,,,,,R,4,10,237,247,12,8,20,5,0,20,0.02586983301443979,0.01976645801914856,0.04563629103358835,0.04595283296657726,48920,35176,64,64,True,True,False,False,35176,64,True,64,0.01,,160,0,False,total_elems,48920,35176,1,1,,,,0.0,64,4,35176,964,158,40,,,0,0,,,,,,,,,,,,,,,,,,
0.7844275420065969,absorbing,,,,,,,R,4,11,237,247,12,11,23,1,3,23,0.026373792032245547,0.0242616250179708,0.05063541705021635,0.050966333015821874,51336,40900,64,64,True,True,False,False,40900,64,True,64,0.01,,160,0,False,total_elems,51336,40900,1,1,,,,0.0,64,4,40900,1040,158,40,,,0,0,,,,,,,,,,,,,,,,,,
0.8403830000315793,absorbing,,,,,,,R,4,12,237,247,12,13,25,2,2,25,0.0278554999968037,0.024898459028918296,0.052753959025722,0.05317837500479072,56776,39460,64,64,True,True,False,False,39460,64,True,64,0.01,,160,0,False,total_elems,56776,39460,1,1,,,,0.0,64,4,39460,1024,158,40,,,0,0,,,,,,,,,,,,,,,,,,
0.8941645000013523,absorbing,,,,,,,R,4,13,237,247,12,14,26,2,1,26,0.027814333036076277,0.02280437498120591,0.05061870801728219,0.05098229204304516,56232,38856,64,64,True,True,False,False,38856,64,True,64,0.01,,160,0,False,total_elems,56232,38856,1,1,,,,0.0,64,4,38856,1012,158,40,,,0,0,,,,,,,,,,,,,,,,,,
0.9476874170359224,absorbing,,,,,,,R,4,14,237,247,12,16,28,2,2,28,0.027699375001247972,0.022690792044159025,0.050390167045407,0.05072712496621534,56008,38728,64,64,True,True,False,False,38728,64,True,64,0.01,,160,0,False,total_elems,56008,38728,1,1,,,,0.0,64,4,38728,1010,158,40,,,0,0,,,,,,,,,,,,,,,,,,
0.9996813340112567,absorbing,,,,,,,R,4,15,237,247,12,16,28,3,0,28,0.027712041046470404,0.02103070804150775,0.048742749087978154,0.04907179198926315,55948,43192,64,64,True,True,False,False,43192,64,True,64,0.01,,160,0,False,total_elems,55948,43192,1,1,,,,0.0,64,4,43192,1102,158,40,,,0,0,,,,,,,,,,,,,,,,,,
1.1092261250014417,absorbing,,,,,,,R,4,16,237,247,12,17,29,5,1,29,0.08029887499287724,0.02585775003535673,0.10615662502823398,0.10652199998730794,60172,58804,64,64,True,True,False,False,58804,64,True,64,0.01,,160,0,False,total_elems,60172,58804,1,1,,,,0.0,64,4,58804,1248,158,40,,,0,0,,,,,,,,,,,,,,,,,,
1.1805992919835262,absorbing,,,,,,,R,4,17,237,247,12,19,31,4,2,31,0.031240625015925616,0.03699916700134054,0.06823979201726615,0.06855454196920618,73300,69348,64,64,True,True,False,False,69348,64,True,64,0.01,,160,0,False,total_elems,73300,69348,1,1,,,,0.0,64,4,69348,1314,158,40,,,0,0,,,,,,,,,,,,,,,,,,
1.2539052499923855,absorbing,,,,,,,R,4,18,237,247,12,19,31,6,0,31,0.0331849999492988,0.036746000056155026,0.06993100000545382,0.07026062498334795,75916,57928,64,64,True,True,False,False,57928,64,True,64,0.01,,160,0,False,total_elems,75916,57928,1,1,,,,0.0,64,4,57928,1266,158,40,,,0,0,,,,,,,,,,,,,,,,,,
1.3264464589883573,absorbing,,,,,,,L,5,18,237,247,15,19,34,6,3,34,0.033519625023473054,0.03411795798456296,0.06763758300803602,0.06799025001237169,73856,74240,64,64,True,True,False,False,73856,64,True,64,0.01,,160,0,False,total_elems,73856,74240,1,1,,,,0.0,64,4,73856,1430,158,40,,,0,0,,,,,,,,,,,,,,,,,,
1.4487744590151124,absorbing,,,,,,,L,6,18,237,247,19,19,38,5,4,38,0.08119537500897422,0.037684167036786675,0.1188795420457609,0.11926962499273941,78416,90392,64,64,True,True,False,False,78416,64,True,64,0.01,,160,0,False,total_elems,78416,90392,1,1,,,,0.0,64,4,78416,1580,158,40,,,0,0,,,,,,,,,,,,,,,,,,
1.5236437499988824,absorbing,,,,,,,L,7,18,237,247,21,19,40,8,2,40,0.03337241703411564,0.03799829201307148,0.07137070904718712,0.07172604202060029,85244,96496,64,64,True,True,False,False,85244,64,True,64,0.01,,160,0,False,total_elems,85244,96496,1,1,,,,0.0,64,4,85244,1718,158,40,,,0,0,,,,,,,,,,,,,,,,,,
1.6237925420282409,absorbing,,,,,,,L,8,18,237,247,24,19,43,5,3,43,0.05733716697432101,0.039280791010241956,0.09661795798456296,0.09699554200051352,102136,105948,64,64,True,True,False,False,102136,64,True,64,0.01,,160,0,False,total_elems,102136,105948,1,1,,,,0.0,64,4,102136,1916,158,40,,,0,0,,,,,,,,,,,,,,,,,,
1.734283542027697,absorbing,,,,,,,L,9,18,237,247,27,19,46,3,3,46,0.05812574998708442,0.04877237498294562,0.10689812497003004,0.1072666670079343,120576,134176,64,64,True,True,False,False,120576,64,True,64,0.01,,160,0,False,total_elems,120576,134176,1,1,,,,0.0,64,4,120576,2094,158,40,,,0,0,,,,,,,,,,,,,,,,,,
1.8426024169893935,absorbing,,,,,,,L,10,18,237,247,30,19,49,2,3,49,0.05123045796062797,0.053411000000778586,0.10464145796140656,0.10501295805443078,134428,154292,64,64,True,True,False,False,134428,64,True,64,0.01,,160,0,False,total_elems,134428,154292,1,1,,,,0.0,64,4,134428,2194,158,40,,,0,0,,,,,,,,,,,,,,,,,,
1.9712687919964083,absorbing,,,,,,,L,11,18,237,247,32,19,51,5,2,51,0.06777329201577231,0.057284000038634986,0.1250572920544073,0.12542904197471216,117528,165456,64,64,True,True,False,False,117528,64,True,64,0.01,,160,0,False,total_elems,117528,165456,1,1,,,,0.0,64,4,117528,2082,158,40,,,0,0,,,,,,,,,,,,,,,,,,
2.0846451250254177,absorbing,,,,,,,R,11,19,237,247,32,21,53,5,2,53,0.05640462500741705,0.0531709169736132,0.10957554198103026,0.1099365419941023,181436,147924,64,64,True,True,False,False,147924,64,True,64,0.01,,160,0,False,total_elems,181436,147924,1,1,,,,0.0,64,4,147924,2336,158,40,,,0,0,,,,,,,,,,,,,,,,,,
2.236643209005706,absorbing,,,,,,,R,11,20,237,247,32,25,57,4,4,57,0.06207587500102818,0.08618554199347273,0.1482614169945009,0.14860958297504112,207892,181472,64,64,True,True,False,False,181472,64,True,64,0.01,,160,0,False,total_elems,207892,181472,1,1,,,,0.0,64,4,181472,2554,158,40,,,0,0,,,,,,,,,,,,,,,,,,
2.4100037090247497,absorbing,,,,,,,R,11,21,237,247,32,28,60,4,3,60,0.07033191696973518,0.09916275000432506,0.16949466697406024,0.1698392920079641,241548,200952,64,64,True,True,False,False,200952,64,True,64,0.01,,160,0,False,total_elems,241548,200952,1,1,,,,0.0,64,4,200952,2606,158,40,,,0,0,,,,,,,,,,,,,,,,,,
2.5795864590327255,absorbing,,,,,,,R,11,22,237,247,32,31,63,3,3,63,0.07476079097250476,0.09102970897220075,0.16579049994470552,0.16614475002279505,262656,188808,64,64,True,True,False,False,188808,64,True,64,0.01,,160,0,False,total_elems,262656,188808,1,1,,,,0.0,64,4,188808,2548,158,40,,,0,0,,,,,,,,,,,,,,,,,,
2.7130849590175785,absorbing,,,,,,,R,11,23,237,247,32,31,63,3,0,63,0.07094708300428465,0.05873737501678988,0.12968445802107453,0.1300182500272058,252088,180892,64,64,True,True,False,False,180892,64,True,64,0.01,,160,0,False,total_elems,252088,180892,1,1,,,,0.0,64,4,180892,2466,158,40,,,0,0,,,,,,,,,,,,,,,,,,
2.8486529589863494,absorbing,,,,,,,R,11,24,237,247,32,34,66,2,3,66,0.07080254098400474,0.06077641702722758,0.13157895801123232,0.13193316699471325,244844,178400,64,64,True,True,False,False,178400,64,True,64,0.01,,160,0,False,total_elems,244844,178400,1,1,,,,0.0,64,4,178400,2442,158,40,,,0,0,,,,,,,,,,,,,,,,,,
2.9871620000340044,absorbing,,,,,,,R,11,25,237,247,32,38,70,2,4,70,0.0702398749999702,0.0643267499981448,0.134566624998115,0.13493758399272338,242972,166912,64,64,True,True,False,False,166912,64,True,64,0.01,,160,0,False,total_elems,242972,166912,1,1,,,,0.0,64,4,166912,2400,158,40,,,0,0,,,,,,,,,,,,,,,,,,
3.134856458986178,absorbing,,,,,,,R,11,26,237,247,32,38,70,4,0,70,0.07205054099904373,0.07147987501230091,0.14353041601134464,0.14390183298382908,240700,189824,64,64,True,True,False,False,189824,64,True,64,0.01,,160,0,False,total_elems,240700,189824,1,1,,,,0.0,64,4,189824,2452,158,40,,,0,0,,,,,,,,,,,,,,,,,,
3.3060952500090934,absorbing,,,,,,,R,11,27,237,247,32,40,72,4,2,72,0.08763508300762624,0.07939133298350498,0.16702641599113122,0.16738787497160956,205372,173776,64,64,True,True,False,False,173776,64,True,64,0.01,,160,0,False,total_elems,205372,173776,1,1,,,,0.0,64,4,173776,2318,158,40,,,0,0,,,,,,,,,,,,,,,,,,
3.4778336249873973,absorbing,,,,,,,R,11,28,237,247,32,46,78,2,6,78,0.08556999999564141,0.08191579097183421,0.16748579096747562,0.16780795896193013,194076,171276,64,64,True,True,False,False,171276,64,True,64,0.01,,160,0,False,total_elems,194076,171276,1,1,,,,0.0,64,4,171276,2310,158,40,,,0,0,,,,,,,,,,,,,,,,,,
3.640713084023446,absorbing,,,,,,,L,12,28,237,247,34,46,80,3,2,80,0.08109666599193588,0.07741500000702217,0.15851166599895805,0.15889012499246746,171476,173312,64,64,True,True,False,False,171476,64,True,64,0.01,,160,0,False,total_elems,171476,173312,1,1,,,,0.0,64,4,171476,2278,158,40,,,0,0,,,,,,,,,,,,,,,,,,
3.7884655839879997,absorbing,,,,,,,R,12,29,237,247,34,50,84,1,4,84,0.06580649997340515,0.07767379196593538,0.14348029193934053,0.14385575003689155,173504,160384,64,64,True,True,False,False,160384,64,True,64,0.01,,160,0,False,total_elems,173504,160384,1,1,,,,0.0,64,4,160384,2236,158,40,,,0,0,,,,,,,,,,,,,,,,,,
3.946467792033218,absorbing,,,,,,,R,12,30,237,247,34,51,85,5,1,85,0.06296804099110886,0.09005400002934039,0.15302204102044925,0.15335824998328462,168696,137176,64,64,True,True,False,False,137176,64,True,64,0.01,,160,0,False,total_elems,168696,137176,1,1,,,,0.0,64,4,137176,2010,158,40,,,0,0,,,,,,,,,,,,,,,,,,
4.063390084018465,absorbing,,,,,,,R,12,31,237,247,34,54,88,2,3,88,0.05787916696863249,0.05449149996275082,0.11237066693138331,0.11274258303456008,146072,124488,64,64,True,True,False,False,124488,64,True,64,0.01,,160,0,False,total_elems,146072,124488,1,1,,,,0.0,64,4,124488,1942,158,40,,,0,0,,,,,,,,,,,,,,,,,,
4.179142999986652,absorbing,,,,,,,R,12,32,237,247,34,55,89,5,1,89,0.05457320902496576,0.056231791037134826,0.11080500006210059,0.11116724996827543,129832,107704,64,64,True,True,False,False,107704,64,True,64,0.01,,160,0,False,total_elems,129832,107704,1,1,,,,0.0,64,4,107704,1882,158,40,,,0,0,,,,,,,,,,,,,,,,,,
4.279658249986824,absorbing,,,,,,,R,12,33,237,247,34,55,89,7,0,89,0.0444615000160411,0.05151716701220721,0.09597866702824831,0.09635108301881701,122008,95536,64,64,True,True,False,False,95536,64,True,64,0.01,,160,0,False,total_elems,122008,95536,1,1,,,,0.0,64,4,95536,1808,158,40,,,0,0,,,,,,,,,,,,,,,,,,
4.376273709000088,absorbing,,,,,,,L,13,33,237,247,37,55,92,3,3,92,0.040760333999060094,0.0512568749836646,0.0920172089827247,0.09238533297320828,101360,104472,64,64,True,True,False,False,101360,64,True,64,0.01,,160,0,False,total_elems,101360,104472,1,1,,,,0.0,64,4,101360,1898,158,40,,,0,0,,,,,,,,,,,,,,,,,,
4.476327958982438,absorbing,,,,,,,L,14,33,237,247,38,55,93,3,1,93,0.04261354199843481,0.052829916996415704,0.09544345899485052,0.0958570420043543,99020,115848,64,64,True,True,False,False,99020,64,True,64,0.01,,160,0,False,total_elems,99020,115848,1,1,,,,0.0,64,4,99020,1906,158,40,,,0,0,,,,,,,,,,,,,,,,,,
4.600282750034239,absorbing,,,,,,,R,14,34,237,247,38,55,93,7,0,93,0.07181225001113489,0.047681541997008026,0.11949379200814292,0.11983212496852502,115856,113088,64,64,True,True,False,False,113088,64,True,64,0.01,,160,0,False,total_elems,115856,113088,1,1,,,,0.0,64,4,113088,2070,158,40,,,0,0,,,,,,,,,,,,,,,,,,
4.7434174590162,absorbing,,,,,,,L,15,34,237,247,39,55,94,3,1,94,0.0745384999900125,0.06416554201859981,0.1387040420086123,0.13903916697017848,129464,149184,64,64,True,True,False,False,129464,64,True,64,0.01,,160,0,False,total_elems,129464,149184,1,1,,,,0.0,64,4,129464,2154,158,40,,,0,0,,,,,,,,,,,,,,,,,,
4.869123958982527,absorbing,,,,,,,L,16,34,237,247,40,55,95,4,1,95,0.05439400003524497,0.06667266599833965,0.12106666603358462,0.12141091597732157,92128,124988,64,64,True,True,False,False,92128,64,True,64,0.01,,160,0,False,total_elems,92128,124988,1,1,,,,0.0,64,4,92128,1890,158,40,,,0,0,,,,,,,,,,,,,,,,,,
4.985915625002235,absorbing,,,,,,,L,17,34,237,247,42,55,97,3,2,97,0.05959591700229794,0.05255095800384879,0.11214687500614673,0.11249520897399634,120688,125968,64,64,True,True,False,False,120688,64,True,64,0.01,,160,0,False,total_elems,120688,125968,1,1,,,,0.0,64,4,120688,2118,158,40,,,0,0,,,,,,,,,,,,,,,,,,
5.123005000001285,absorbing,,,,,,,L,18,34,237,247,46,55,101,2,4,101,0.06906633399194106,0.06313700001919642,0.13220333401113749,0.13256083300802857,139132,155956,64,64,True,True,False,False,139132,64,True,64,0.01,,160,0,False,total_elems,139132,155956,1,1,,,,0.0,64,4,139132,2194,158,40,,,0,0,,,,,,,,,,,,,,,,,,
5.281434292031918,absorbing,,,,,,,L,19,34,237,247,49,55,104,1,3,104,0.07215237501077354,0.08117633400252089,0.15332870901329443,0.15370575000997633,132504,163780,64,64,True,True,False,False,132504,64,True,64,0.01,,160,0,False,total_elems,132504,163780,1,1,,,,0.0,64,4,132504,2128,158,40,,,0,0,,,,,,,,,,,,,,,,,,
5.426733500033151,absorbing,,,,,,,L,20,34,237,247,52,55,107,3,3,107,0.05582154099829495,0.0844343330245465,0.14025587402284145,0.1406633750302717,138328,162300,64,64,True,True,False,False,138328,64,True,64,0.01,,160,0,False,total_elems,138328,162300,1,1,,,,0.0,64,4,138328,2148,158,40,,,0,0,,,,,,,,,,,,,,,,,,
5.571533625014126,absorbing,,,,,,,L,21,34,237,247,53,55,108,4,1,108,0.055886082991492,0.08395816700067371,0.13984424999216571,0.14025379199301824,146940,148296,64,64,True,True,False,False,146940,64,True,64,0.01,,160,0,False,total_elems,146940,148296,1,1,,,,0.0,64,4,146940,2194,158,40,,,0,0,,,,,,,,,,,,,,,,,,
5.761795833997894,absorbing,,,,,,,R,21,35,237,247,53,56,109,8,1,109,0.08791433298029006,0.09738812502473593,0.18530245800502598,0.18564687494654208,155488,153760,64,64,True,True,False,False,153760,64,True,64,0.01,,160,0,False,total_elems,155488,153760,1,1,,,,0.0,64,4,153760,2246,158,40,,,0,0,,,,,,,,,,,,,,,,,,
5.913475459034089,absorbing,,,,,,,R,21,36,237,247,53,58,111,8,2,111,0.08113262499682605,0.06562091695377603,0.14675354195060208,0.14709854102693498,123912,119476,64,64,True,True,False,False,119476,64,True,64,0.01,,160,0,False,total_elems,123912,119476,1,1,,,,0.0,64,4,119476,2036,158,40,,,0,0,,,,,,,,,,,,,,,,,,
6.063434750016313,absorbing,,,,,,,R,21,37,237,247,53,61,114,9,3,114,0.06347566697513685,0.0813281669979915,0.14480383397312835,0.14517133397748694,113508,108296,64,64,True,True,False,False,108296,64,True,64,0.01,,160,0,False,total_elems,113508,108296,1,1,,,,0.0,64,4,108296,2012,158,40,,,0,0,,,,,,,,,,,,,,,,,,
6.186030084034428,absorbing,,,,,,,R,21,38,237,247,53,61,114,9,0,114,0.051386874984018505,0.06579862500075251,0.11718549998477101,0.1175546669983305,104500,98364,64,64,True,True,False,False,98364,64,True,64,0.01,,160,0,False,total_elems,104500,98364,1,1,,,,0.0,64,4,98364,1876,158,40,,,0,0,,,,,,,,,,,,,,,,,,
6.311333084013313,absorbing,,,,,,,L,22,38,237,247,55,61,116,1,2,116,0.04647170804673806,0.07353449997026473,0.12000620801700279,0.1204055409762077,99776,157416,64,64,True,True,False,False,99776,64,True,64,0.01,,160,0,False,total_elems,99776,157416,1,1,,,,0.0,64,4,99776,1900,158,40,,,0,0,,,,,,,,,,,,,,,,,,
6.4292733339825645,absorbing,,,,,,,L,23,38,237,247,56,61,117,2,1,117,0.03941954200854525,0.07305754203116521,0.11247708403971046,0.1128528339904733,105308,161452,64,64,True,True,False,False,105308,64,True,64,0.01,,160,0,False,total_elems,105308,161452,1,1,,,,0.0,64,4,105308,1950,158,40,,,0,0,,,,,,,,,,,,,,,,,,
6.570525459013879,absorbing,,,,,,,L,24,38,237,247,57,61,118,3,1,118,0.05435025005135685,0.08148275001440197,0.13583300006575882,0.13620183302555233,119980,176680,64,64,True,True,False,False,119980,64,True,64,0.01,,160,0,False,total_elems,119980,176680,1,1,,,,0.0,64,4,119980,1998,158,40,,,0,0,,,,,,,,,,,,,,,,,,
6.703928959032055,absorbing,,,,,,,L,25,38,237,247,57,61,118,5,0,118,0.04163649998372421,0.08617570903152227,0.12781220901524648,0.12824179203016683,117008,144048,64,64,True,True,False,False,117008,64,True,64,0.01,,160,0,False,total_elems,117008,144048,1,1,,,,0.0,64,4,117008,1956,158,40,,,0,0,,,,,,,,,,,,,,,,,,
6.837120125012007,absorbing,,,,,,,R,25,39,237,247,57,62,119,8,1,119,0.04548112500924617,0.08248341700527817,0.12796454201452434,0.12830016697989777,138556,129948,64,64,True,True,False,False,129948,64,True,64,0.01,,160,0,False,total_elems,138556,129948,1,1,,,,0.0,64,4,129948,2082,158,40,,,0,0,,,,,,,,,,,,,,,,,,
6.976391459000297,absorbing,,,,,,,L,26,39,237,247,57,62,119,6,0,119,0.04493262496544048,0.088982124987524,0.13391474995296448,0.1342720000538975,120392,147044,64,64,True,True,False,False,120392,64,True,64,0.01,,160,0,False,total_elems,120392,147044,1,1,,,,0.0,64,4,120392,2024,158,40,,,0,0,,,,,,,,,,,,,,,,,,
7.1514544999809,absorbing,,,,,,,L,27,39,237,247,59,62,121,5,2,121,0.08501808397704735,0.08463624998694286,0.1696543339639902,0.17004374996758997,118748,143756,64,64,True,True,False,False,118748,64,True,64,0.01,,160,0,False,total_elems,118748,143756,1,1,,,,0.0,64,4,118748,2026,158,40,,,0,0,,,,,,,,,,,,,,,,,,
7.30342200002633,absorbing,,,,,,,L,28,39,237,247,62,62,124,3,3,124,0.07548354100435972,0.07098637497983873,0.14646991598419845,0.14687137497821823,79820,101964,63,64,False,True,False,False,79820,63,False,64,0.01,,160,0,False,total_elems,79820,101964,1,1,,,,0.0,63,4,79820,1704,158,40,,,0,0,,,,,,,,,,,,,,,,,,
7.396135999995749,absorbing,,,,,,,L,29,39,237,247,63,62,125,6,1,125,0.034284207969903946,0.052654124971013516,0.08693833294091746,0.08731212501879781,79000,90808,62,62,False,False,False,False,79000,62,False,64,0.01,,160,0,False,total_elems,79000,90808,1,1,,,,0.0,62,4,79000,1712,158,40,,,0,0,,,,,,,,,,,,,,,,,,
7.5034117919858545,absorbing,,,,,,,L,30,39,237,247,65,62,127,3,2,127,0.048574250016827136,0.052955708000808954,0.10152995801763609,0.10190050001256168,82084,83372,61,62,False,False,False,False,82084,61,False,64,0.01,,160,0,False,total_elems,82084,83372,1,1,,,,0.0,61,4,82084,1688,158,40,,,0,0,,,,,,,,,,,,,,,,,,
7.597001291986089,absorbing,,,,,,,L,31,39,237,247,67,62,129,4,2,129,0.035280207986943424,0.05248395900707692,0.08776416699402034,0.08813508303137496,76648,85324,59,60,False,False,False,False,76648,59,False,64,0.01,,160,0,False,total_elems,76648,85324,1,1,,,,0.0,59,4,76648,1658,158,40,,,0,0,,,,,,,,,,,,,,,,,,
7.696829000022262,absorbing,,,,,,,L,32,39,237,247,69,62,131,3,2,131,0.0351702090119943,0.05891749996226281,0.09408770897425711,0.09446420799940825,66336,79880,55,57,False,False,False,False,66336,55,False,64,0.01,,160,0,False,total_elems,66336,79880,1,1,,,,0.0,55,4,66336,1560,158,40,,,0,0,,,,,,,,,,,,,,,,,,
7.788065625005402,absorbing,,,,,,,L,33,39,237,247,73,62,135,2,4,135,0.03519399999640882,0.05012633401202038,0.0853203340084292,0.08567408396629617,52840,65568,52,51,False,False,False,False,52840,52,False,64,0.01,,160,0,False,total_elems,52840,65568,1,1,,,,0.0,52,4,52840,1384,158,40,,,0,0,,,,,,,,,,,,,,,,,,
7.863241166982334,absorbing,,,,,,,L,34,39,237,247,75,62,137,2,2,137,0.026673957996536046,0.04262370796641335,0.0692976659629494,0.06971441704081371,38980,50408,48,48,False,False,False,False,38980,48,False,64,0.01,,160,0,False,total_elems,38980,50408,1,1,,,,0.0,48,4,38980,1210,158,40,,,0,0,,,,,,,,,,,,,,,,,,
7.924180959002115,absorbing,,,,,,,L,35,39,237,247,75,62,137,2,0,137,0.021776582987513393,0.0331096249865368,0.054886207974050194,0.055275666003581136,32252,40088,48,48,False,False,False,False,32252,48,False,64,0.01,,160,0,False,total_elems,32252,40088,1,1,,,,0.0,48,4,32252,1126,158,40,,,0,0,,,,,,,,,,,,,,,,,,
7.982015167013742,absorbing,,,,,,,L,36,39,237,247,76,62,138,1,1,138,0.021472542022820562,0.03032329201232642,0.05179583403514698,0.05218575004255399,30952,39112,48,48,False,False,False,False,30952,48,False,64,0.01,,160,0,False,total_elems,30952,39112,1,1,,,,0.0,48,4,30952,1088,158,40,,,0,0,,,,,,,,,,,,,,,,,,
8.037405500013847,absorbing,,,,,,,L,37,39,237,247,76,62,138,2,0,138,0.019560832995921373,0.02992862497922033,0.049489457975141704,0.049837666971143335,31232,38532,48,48,False,False,False,False,31232,48,False,64,0.01,,160,0,False,total_elems,31232,38532,1,1,,,,0.0,48,4,31232,1092,158,40,,,0,0,,,,,,,,,,,,,,,,,,
8.09325895900838,absorbing,,,,,,,L,38,39,237,247,77,62,139,2,1,139,0.0207205829792656,0.02945012500276789,0.05017070798203349,0.05050154199125245,29808,39008,48,48,False,False,False,False,29808,48,False,64,0.01,,160,0,False,total_elems,29808,39008,1,1,,,,0.0,48,4,29808,1064,158,40,,,0,0,,,,,,,,,,,,,,,,,,
8.148830458987504,absorbing,,,,,,,L,39,39,237,247,77,62,139,3,0,139,0.019795625004917383,0.029833750042598695,0.04962937504751608,0.05001133301993832,28272,37668,48,48,False,False,False,False,28272,48,False,64,0.01,,160,0,False,total_elems,28272,37668,1,1,,,,0.0,48,4,28272,1032,158,40,,,0,0,,,,,,,,,,,,,,,,,,
8.203557792003267,absorbing,,,,,,,L,40,39,237,247,77,62,139,4,0,139,0.01977495802566409,0.029099582985509187,0.04887454101117328,0.04927333298837766,26864,36004,48,48,False,False,False,False,26864,48,False,64,0.01,,160,0,False,total_elems,26864,36004,1,1,,,,0.0,48,4,26864,1008,158,40,,,0,0,,,,,,,,,,,,,,,,,,
8.256422917009331,absorbing,,,,,,,L,41,39,237,247,77,62,139,4,0,139,0.018579209048766643,0.028343542013317347,0.04692275106208399,0.04728179197991267,25136,34596,48,48,False,False,False,False,25136,48,False,64,0.01,,160,0,False,total_elems,25136,34596,1,1,,,,0.0,48,4,25136,968,158,40,,,0,0,,,,,,,,,,,,,,,,,,
8.320252417004667,absorbing,,,,,,,L,42,39,237,247,79,62,141,2,2,141,0.029035207990091294,0.02878079196671024,0.057815999956801534,0.058173333993181586,31152,32932,48,48,False,False,False,False,31152,48,False,64,0.01,,160,0,False,total_elems,31152,32932,1,1,,,,0.0,48,4,31152,1028,158,40,,,0,0,,,,,,,,,,,,,,,,,,
8.379980834026355,absorbing,,,,,,,L,43,39,237,247,79,62,141,3,0,141,0.02018012502230704,0.03320641699247062,0.05338654201477766,0.05376716598402709,32272,41508,48,48,False,False,False,False,32272,48,False,64,0.01,,160,0,False,total_elems,32272,41508,1,1,,,,0.0,48,4,32272,1036,158,40,,,0,0,,,,,,,,,,,,,,,,,,
8.453266167023685,absorbing,,,,,,,L,44,39,237,247,80,62,142,3,1,142,0.032376332965213805,0.03450529201654717,0.06688162498176098,0.06723641697317362,31168,42884,48,48,False,False,False,False,31168,48,False,64,0.01,,160,0,False,total_elems,31168,42884,1,1,,,,0.0,48,4,31168,1024,158,40,,,0,0,,,,,,,,,,,,,,,,,,
8.530757542001083,absorbing,,,,,,,L,45,39,237,247,81,62,143,3,1,143,0.038020083971787244,0.033191958034876734,0.07121204200666398,0.07157829101197422,34800,40132,47,48,False,False,False,False,34800,47,False,64,0.01,,160,0,False,total_elems,34800,40132,1,1,,,,0.0,47,4,34800,1056,158,40,,,0,0,,,,,,,,,,,,,,,,,,
8.602734291984234,absorbing,,,,,,,L,46,39,237,247,82,62,144,3,1,144,0.030095625028479844,0.03518649999750778,0.06528212502598763,0.06565670896088704,36788,43220,45,48,False,False,False,False,36788,45,False,64,0.01,,160,0,False,total_elems,36788,43220,1,1,,,,0.0,45,4,36788,1096,158,40,,,0,0,,,,,,,,,,,,,,,,,,
8.671932000026572,absorbing,,,,,,,L,47,39,237,247,83,62,145,5,1,145,0.027886125026270747,0.03473408397985622,0.06262020900612697,0.06296620797365904,35944,44956,43,47,False,False,False,False,35944,43,False,64,0.01,,160,0,False,total_elems,35944,44956,1,1,,,,0.0,43,4,35944,1102,158,40,,,0,0,,,,,,,,,,,,,,,,,,
8.74191945901839,absorbing,,,,,,,L,48,39,237,247,83,62,145,6,0,145,0.03000308299669996,0.03320370800793171,0.06320679100463167,0.06360758299706504,42636,43160,58,47,False,False,False,False,42636,58,False,64,0.01,,160,0,False,total_elems,42636,43160,1,1,,,,0.0,58,4,42636,1176,158,40,,,0,0,,,,,,,,,,,,,,,,,,
8.846976125030778,absorbing,,,,,,,R,48,40,237,247,83,63,146,8,1,146,0.06476812495384365,0.034002791973762214,0.09877091692760587,0.09912537503987551,51160,45084,64,47,True,False,False,False,45084,47,False,64,0.01,,160,0,False,total_elems,51160,45084,1,1,,,,0.0,47,4,45084,1200,158,40,,,0,0,,,,,,,,,,,,,,,,,,
8.95720641699154,absorbing,,,,,,,L,49,40,237,247,86,63,149,3,3,149,0.06568558298749849,0.0379212920088321,0.10360687499633059,0.10398491699015722,50204,50868,64,60,True,False,False,False,50204,64,True,64,0.01,,160,0,False,total_elems,50204,50868,1,1,,,,0.0,64,4,50204,1224,158,40,,,0,0,,,,,,,,,,,,,,,,,,
9.028572625014931,absorbing,,,,,,,R,49,41,237,247,86,67,153,4,4,153,0.027539375005289912,0.037279791955370456,0.06481916696066037,0.06517787498887628,44408,41968,63,48,False,False,False,False,41968,48,False,64,0.01,,160,0,False,total_elems,44408,41968,1,1,,,,0.0,48,4,41968,1176,158,40,,,0,0,,,,,,,,,,,,,,,,,,
9.099052499979734,absorbing,,,,,,,L,50,41,237,247,87,67,154,4,1,154,0.02522374998079613,0.038576000020839274,0.0637997500016354,0.0641698749968782,38920,51356,46,64,False,True,False,False,38920,46,False,64,0.01,,160,0,False,total_elems,38920,51356,1,1,,,,0.0,46,4,38920,1148,158,40,,,0,0,,,,,,,,,,,,,,,,,,
9.168938959017396,absorbing,,,,,,,L,51,41,237,247,88,67,155,5,1,155,0.026412917010020465,0.03684199997223914,0.0632549169822596,0.06362166599137709,40332,51008,42,64,False,True,False,False,40332,42,False,64,0.01,,160,0,False,total_elems,40332,51008,1,1,,,,0.0,42,4,40332,1194,158,40,,,0,0,,,,,,,,,,,,,,,,,,
9.242319750017487,absorbing,,,,,,,L,52,41,237,247,90,67,157,5,2,157,0.030242167005781084,0.036112583009526134,0.06635475001530722,0.06673966703237966,44168,50708,47,64,False,True,False,False,44168,47,False,64,0.01,,160,0,False,total_elems,44168,50708,1,1,,,,0.0,47,4,44168,1222,158,40,,,0,0,,,,,,,,,,,,,,,,,,
9.333910959016066,absorbing,,,,,,,L,53,41,237,247,91,67,158,6,1,158,0.04955954197794199,0.03531324997311458,0.08487279195105657,0.08527058403706178,48676,53112,64,64,True,True,False,False,48676,64,True,64,0.01,,160,0,False,total_elems,48676,53112,1,1,,,,0.0,64,4,48676,1208,158,40,,,0,0,,,,,,,,,,,,,,,,,,
9.41073054203298,absorbing,,,,,,,L,54,41,237,247,92,67,159,6,1,159,0.03347637498518452,0.03649224998662248,0.069968624971807,0.0703562920098193,47564,54480,61,61,False,False,False,False,47564,61,False,64,0.01,,160,0,False,total_elems,47564,54480,1,1,,,,0.0,61,4,47564,1196,158,40,,,0,0,,,,,,,,,,,,,,,,,,
9.487546792021021,absorbing,,,,,,,L,55,41,237,247,93,67,160,7,1,160,0.034563666966278106,0.035054749983828515,0.06961841695010662,0.06997341697569937,38180,49772,43,56,False,False,False,False,38180,43,False,64,0.01,,160,0,False,total_elems,38180,49772,1,1,,,,0.0,43,4,38180,1144,158,40,,,0,0,,,,,,,,,,,,,,,,,,
9.561571958998684,absorbing,,,,,,,L,56,41,237,247,96,67,163,7,3,163,0.033867958991322666,0.03313812497071922,0.06700608396204188,0.06737429101485759,36424,43272,33,48,False,False,False,False,36424,33,False,64,0.01,,160,0,False,total_elems,36424,43272,1,1,,,,0.0,33,4,36424,1178,158,40,,,0,0,,,,,,,,,,,,,,,,,,
9.62981683399994,absorbing,,,,,,,L,57,41,237,247,97,67,164,6,1,164,0.031647375028114766,0.029405665991362184,0.06105304101947695,0.06142749998252839,39844,40012,64,50,True,False,False,False,39844,64,True,64,0.01,,160,0,False,total_elems,39844,40012,1,1,,,,0.0,64,4,39844,1208,158,40,,,0,0,,,,,,,,,,,,,,,,,,
9.689070791995618,absorbing,,,,,,,L,58,41,237,247,98,67,165,6,1,165,0.025070916046388447,0.026959125010762364,0.05203004105715081,0.05239479197189212,38360,43820,64,64,True,True,False,False,38360,64,True,64,0.01,,160,0,False,total_elems,38360,43820,1,1,,,,0.0,64,4,38360,1188,158,40,,,0,0,,,,,,,,,,,,,,,,,,
9.761233041994274,absorbing,,,,,,,R,58,42,237,247,98,69,167,6,2,167,0.03765354200731963,0.02741237496957183,0.06506591697689146,0.0654508339939639,47548,40928,62,64,False,True,False,False,40928,64,True,64,0.01,,160,0,False,total_elems,47548,40928,1,1,,,,0.0,64,4,40928,1190,158,40,,,0,0,,,,,,,,,,,,,,,,,,
9.846876459021587,absorbing,,,,,,,R,58,43,237,247,98,70,168,6,1,168,0.04985533305443823,0.028604666993487626,0.07846000004792586,0.07881533302133903,51348,32676,62,32,False,False,False,False,32676,32,False,64,0.01,,160,0,False,total_elems,51348,32676,1,1,,,,0.0,32,4,32676,1104,158,40,,,0,0,,,,,,,,,,,,,,,,,,
9.929311292013153,absorbing,,,,,,,R,58,44,237,247,98,72,170,7,2,170,0.04606366698862985,0.029229666979517788,0.07529333396814764,0.07565999997314066,40968,34884,62,39,False,False,False,False,34884,39,False,64,0.01,,160,0,False,total_elems,40968,34884,1,1,,,,0.0,39,4,34884,1144,158,40,,,0,0,,,,,,,,,,,,,,,,,,
10.003323792014271,absorbing,,,,,,,R,58,45,237,247,98,77,175,5,5,175,0.03468416701070964,0.03214062500046566,0.0668247920111753,0.06717783398926258,37828,32752,33,48,False,False,False,False,32752,48,False,64,0.01,,160,0,False,total_elems,37828,32752,1,1,,,,0.0,48,4,32752,1142,158,40,,,0,0,,,,,,,,,,,,,,,,,,
10.070495666994248,absorbing,,,,,,,R,58,46,237,247,98,78,176,8,1,176,0.029991582967340946,0.02999070897931233,0.05998229194665328,0.06036454200511798,34284,30076,40,41,False,False,False,False,30076,41,False,64,0.01,,160,0,False,total_elems,34284,30076,1,1,,,,0.0,41,4,30076,1158,158,40,,,0,0,,,,,,,,,,,,,,,,,,
10.136676708993036,absorbing,,,,,,,L,59,46,237,247,100,78,178,7,2,178,0.02923129202099517,0.029646750015672296,0.058878042036667466,0.0592488749534823,33268,43812,34,53,False,False,False,False,33268,34,False,64,0.01,,160,0,False,total_elems,33268,43812,1,1,,,,0.0,34,4,33268,1176,158,40,,,0,0,,,,,,,,,,,,,,,,,,
10.205404000007547,absorbing,,,,,,,L,60,46,237,247,103,78,181,6,3,181,0.029015875014010817,0.03237287496449426,0.061388749978505075,0.06174512498546392,33900,47224,32,64,False,True,False,False,33900,32,False,64,0.01,,160,0,False,total_elems,33900,47224,1,1,,,,0.0,32,4,33900,1194,158,40,,,0,0,,,,,,,,,,,,,,,,,,
10.274753250007052,absorbing,,,,,,,L,61,46,237,247,105,78,183,4,2,183,0.02934116596588865,0.03258045902475715,0.061921624990645796,0.062307999993208796,32812,47336,32,64,False,True,False,False,32812,32,False,64,0.01,,160,0,False,total_elems,32812,47336,1,1,,,,0.0,32,4,32812,1214,158,40,,,0,0,,,,,,,,,,,,,,,,,,
10.342129042022862,absorbing,,,,,,,L,62,46,237,247,107,78,185,6,2,185,0.028654124995227903,0.03140870900824666,0.06006283400347456,0.06045179202919826,41324,49396,63,64,False,True,False,False,41324,63,False,64,0.01,,160,0,False,total_elems,41324,49396,1,1,,,,0.0,63,4,41324,1258,158,40,,,0,0,,,,,,,,,,,,,,,,,,
10.422744583978783,absorbing,,,,,,,R,62,47,237,247,107,80,187,8,2,187,0.039616875001229346,0.03352808399358764,0.07314495899481699,0.07352145801996812,57384,38904,62,53,False,False,False,False,38904,53,False,64,0.01,,160,0,False,total_elems,57384,38904,1,1,,,,0.0,53,4,38904,1256,158,40,,,0,0,,,,,,,,,,,,,,,,,,
10.50600991700776,absorbing,,,,,,,R,62,48,237,247,107,82,189,8,2,189,0.046980374958366156,0.02809400000842288,0.07507437496678904,0.07545791700249538,48356,47048,60,48,False,False,False,False,47048,48,False,64,0.01,,160,0,False,total_elems,48356,47048,1,1,,,,0.0,48,4,47048,1334,158,40,,,0,0,,,,,,,,,,,,,,,,,,
10.60119879199192,absorbing,,,,,,,L,63,48,237,247,111,82,193,5,4,193,0.05044529202859849,0.03712387499399483,0.08756916702259332,0.08796104101929814,53880,59464,59,64,False,True,False,False,53880,59,False,64,0.01,,160,0,False,total_elems,53880,59464,1,1,,,,0.0,59,4,53880,1406,158,40,,,0,0,,,,,,,,,,,,,,,,,,
10.687570500012953,absorbing,,,,,,,L,64,48,237,247,115,82,197,5,4,197,0.038132416957523674,0.040315833990462124,0.0784482509479858,0.07881591701880097,51636,66544,57,64,False,True,False,False,51636,57,False,64,0.01,,160,0,False,total_elems,51636,66544,1,1,,,,0.0,57,4,51636,1350,158,40,,,0,0,,,,,,,,,,,,,,,,,,
10.760125875007361,absorbing,,,,,,,L,65,48,237,247,115,82,197,8,0,197,0.025854834006167948,0.03896404104307294,0.06481887504924089,0.0651860409998335,44056,63412,55,64,False,True,False,False,44056,55,False,64,0.01,,160,0,False,total_elems,44056,63412,1,1,,,,0.0,55,4,44056,1258,158,40,,,0,0,,,,,,,,,,,,,,,,,,
10.829164333990775,absorbing,,,,,,,L,66,48,237,247,115,82,197,6,0,197,0.02461383299669251,0.036466916964855045,0.061080749961547554,0.06145654199644923,42360,59168,54,64,False,True,False,False,42360,54,False,64,0.01,,160,0,False,total_elems,42360,59168,1,1,,,,0.0,54,4,42360,1276,158,40,,,0,0,,,,,,,,,,,,,,,,,,
10.895824374980293,absorbing,,,,,,,L,67,48,237,247,115,82,197,7,0,197,0.02491295797517523,0.033665541966911405,0.05857849994208664,0.05893945798743516,45328,51960,54,64,False,True,False,False,45328,54,False,64,0.01,,160,0,False,total_elems,45328,51960,1,1,,,,0.0,54,4,45328,1292,158,40,,,0,0,,,,,,,,,,,,,,,,,,
10.971941750030965,absorbing,,,,,,,R,67,49,237,247,115,83,198,11,1,198,0.03187341697048396,0.0365372920059599,0.06841070897644386,0.06875974999275059,57556,53260,56,62,False,False,False,False,53260,62,False,64,0.01,,160,0,False,total_elems,57556,53260,1,1,,,,0.0,62,4,53260,1338,158,40,,,0,0,,,,,,,,,,,,,,,,,,
11.053066416992806,absorbing,,,,,,,R,67,50,237,247,115,86,201,11,3,201,0.032861042011063546,0.040653874981217086,0.07351491699228063,0.07391416700556874,59352,56844,59,64,False,True,False,False,56844,64,True,64,0.01,,160,0,False,total_elems,59352,56844,1,1,,,,0.0,64,4,56844,1404,158,40,,,0,0,,,,,,,,,,,,,,,,,,
11.151597167016007,absorbing,,,,,,,L,68,50,237,247,117,86,203,7,2,203,0.03531741601182148,0.05515149998245761,0.09046891599427909,0.09082237503025681,59308,75164,58,64,False,True,False,False,59308,58,False,64,0.01,,160,0,False,total_elems,59308,75164,1,1,,,,0.0,58,4,59308,1458,158,40,,,0,0,,,,,,,,,,,,,,,,,,
11.25606358400546,absorbing,,,,,,,R,68,51,237,247,117,92,209,7,6,209,0.04261941701406613,0.0538799159694463,0.09649933298351243,0.09685454197460786,76384,70792,64,61,True,False,False,False,70792,61,False,64,0.01,,160,0,False,total_elems,76384,70792,1,1,,,,0.0,61,4,70792,1570,158,40,,,0,0,,,,,,,,,,,,,,,,,,
11.359599124989472,absorbing,,,,,,,R,68,52,237,247,117,93,210,9,1,210,0.0442621250404045,0.051240709028206766,0.09550283406861126,0.09595533303217962,79336,65312,64,64,True,True,False,False,65312,64,True,64,0.01,,160,0,False,total_elems,79336,65312,1,1,,,,0.0,64,4,65312,1534,158,40,,,0,0,,,,,,,,,,,,,,,,,,
11.468586917035282,absorbing,,,,,,,L,69,52,237,247,119,93,212,6,2,212,0.046518417017068714,0.05456779198721051,0.10108620900427923,0.10148541699163616,69496,86244,64,64,True,True,False,False,69496,64,True,64,0.01,,160,0,False,total_elems,69496,86244,1,1,,,,0.0,64,4,69496,1598,158,40,,,0,0,,,,,,,,,,,,,,,,,,
11.608415791997686,absorbing,,,,,,,R,69,53,237,247,119,95,214,8,2,214,0.07349450001493096,0.05792208400089294,0.1314165840158239,0.13185199996223673,98344,97604,64,64,True,True,False,False,97604,64,True,64,0.01,,160,0,False,total_elems,98344,97604,1,1,,,,0.0,64,4,97604,1762,158,40,,,0,0,,,,,,,,,,,,,,,,,,
11.764606292010285,absorbing,,,,,,,L,70,53,237,247,120,95,215,5,1,215,0.10122566699283198,0.04630512499716133,0.1475307919899933,0.14792629197472706,90604,97172,64,64,True,True,False,False,90604,64,True,64,0.01,,160,0,False,total_elems,90604,97172,1,1,,,,0.0,64,4,90604,1706,158,40,,,0,0,,,,,,,,,,,,,,,,,,
11.896266249998007,absorbing,,,,,,,R,70,54,237,247,120,98,218,5,3,218,0.07499641599133611,0.048205707978922874,0.12320212397025898,0.12360187497688457,82296,80448,64,63,True,False,False,False,80448,63,False,64,0.01,,160,0,False,total_elems,82296,80448,1,1,,,,0.0,63,4,80448,1654,158,40,,,0,0,,,,,,,,,,,,,,,,,,
12.032299917016644,absorbing,,,,,,,R,70,55,237,247,120,101,221,5,3,221,0.07610808295430616,0.051139999995939434,0.1272480829502456,0.12761466699885204,84884,78780,64,58,True,False,False,False,78780,58,False,64,0.01,,160,0,False,total_elems,84884,78780,1,1,,,,0.0,58,4,78780,1686,158,40,,,0,0,,,,,,,,,,,,,,,,,,
12.14912491699215,absorbing,,,,,,,R,70,56,237,247,120,103,223,4,2,223,0.06776216701837257,0.04060333297820762,0.10836549999658018,0.10878683300688863,84416,72776,53,54,False,False,False,False,72776,54,False,64,0.01,,160,0,False,total_elems,84416,72776,1,1,,,,0.0,54,4,72776,1632,158,40,,,0,0,,,,,,,,,,,,,,,,,,
12.2552922089817,absorbing,,,,,,,R,70,57,237,247,120,104,224,4,1,224,0.06168866605730727,0.03579529095441103,0.0974839570117183,0.097843625000678,78348,75552,49,60,False,False,False,False,75552,60,False,64,0.01,,160,0,False,total_elems,78348,75552,1,1,,,,0.0,60,4,75552,1652,158,40,,,0,0,,,,,,,,,,,,,,,,,,
12.43172091699671,absorbing,,,,,,,L,71,57,237,247,122,104,226,4,2,226,0.11965304100885987,0.04825320799136534,0.16790624900022522,0.16834916698280722,79544,102928,60,64,False,True,False,False,79544,60,False,64,0.01,,160,0,False,total_elems,79544,102928,1,1,,,,0.0,60,4,79544,1668,158,40,,,0,0,,,,,,,,,,,,,,,,,,
12.528615541988984,absorbing,,,,,,,L,72,57,237,247,122,104,226,6,0,226,0.037947333010379225,0.050386832968797535,0.08833416597917676,0.08875429100589827,64200,97924,58,64,False,True,False,False,64200,58,False,64,0.01,,160,0,False,total_elems,64200,97924,1,1,,,,0.0,58,4,64200,1532,158,40,,,0,0,,,,,,,,,,,,,,,,,,
12.622724000015296,absorbing,,,,,,,L,73,57,237,247,122,104,226,7,0,226,0.04337987501639873,0.042364416003692895,0.08574429102009162,0.08612970798276365,62644,88140,64,64,True,True,False,False,62644,64,True,64,0.01,,160,0,False,total_elems,62644,88140,1,1,,,,0.0,64,4,62644,1512,158,40,,,0,0,,,,,,,,,,,,,,,,,,
12.748430375009775,absorbing,,,,,,,L,74,57,237,247,124,104,228,5,2,228,0.07323145802365616,0.043278458004351705,0.11650991602800786,0.1169001660309732,52600,86060,44,64,False,True,False,False,52600,44,False,64,0.01,,160,0,False,total_elems,52600,86060,1,1,,,,0.0,44,4,52600,1424,158,40,,,0,0,,,,,,,,,,,,,,,,,,
12.825445084017701,absorbing,,,,,,,L,75,57,237,247,125,104,229,7,1,229,0.031236875045578927,0.037146917020436376,0.0683837920660153,0.06876687495969236,46456,66444,41,60,False,False,False,False,46456,41,False,64,0.01,,160,0,False,total_elems,46456,66444,1,1,,,,0.0,41,4,46456,1372,158,40,,,0,0,,,,,,,,,,,,,,,,,,
12.900166750012431,absorbing,,,,,,,L,76,57,237,247,126,104,230,7,1,230,0.031210374960210174,0.03445812501013279,0.06566849997034296,0.06605454196687788,43124,63084,38,58,False,False,False,False,43124,38,False,64,0.01,,160,0,False,total_elems,43124,63084,1,1,,,,0.0,38,4,43124,1332,158,40,,,0,0,,,,,,,,,,,,,,,,,,
12.98116399999708,absorbing,,,,,,,L,77,57,237,247,128,104,232,5,2,232,0.04003987496253103,0.03224612498888746,0.07228599995141849,0.07266762503422797,41616,55412,36,52,False,False,False,False,41616,36,False,64,0.01,,160,0,False,total_elems,41616,55412,1,1,,,,0.0,36,4,41616,1312,158,40,,,0,0,,,,,,,,,,,,,,,,,,
13.04952158400556,absorbing,,,,,,,L,78,57,237,247,129,104,233,6,1,233,0.028536957979667932,0.031150457973126322,0.059687415952794254,0.060072457999922335,43700,54276,39,52,False,False,False,False,43700,39,False,64,0.01,,160,0,False,total_elems,43700,54276,1,1,,,,0.0,39,4,43700,1376,158,40,,,0,0,,,,,,,,,,,,,,,,,,
13.13295029202709,absorbing,,,,,,,L,79,57,237,247,131,104,235,9,2,235,0.04171841696370393,0.03298279200680554,0.07470120897050947,0.07509687496349216,51676,58684,46,52,False,False,False,False,51676,46,False,64,0.01,,160,0,False,total_elems,51676,58684,1,1,,,,0.0,46,4,51676,1444,158,40,,,0,0,,,,,,,,,,,,,,,,,,
13.221624042023905,absorbing,,,,,,,L,80,57,237,247,133,104,237,8,2,237,0.038913417025469244,0.040880999993532896,0.07979441701900214,0.08015770901693031,61876,71276,55,64,False,True,False,False,61876,55,False,64,0.01,,160,0,False,total_elems,61876,71276,1,1,,,,0.0,55,4,61876,1538,158,40,,,0,0,,,,,,,,,,,,,,,,,,
13.333204458991531,absorbing,,,,,,,R,80,58,237,247,133,106,239,6,2,239,0.05853908299468458,0.044063417008146644,0.10260250000283122,0.10302658303407952,91672,73384,64,64,True,True,False,False,73384,64,True,64,0.01,,160,0,False,total_elems,91672,73384,1,1,,,,0.0,64,4,73384,1632,158,40,,,0,0,,,,,,,,,,,,,,,,,,
13.45323870901484,absorbing,,,,,,,R,80,59,237,247,133,110,243,4,4,243,0.06224829197162762,0.04889633401762694,0.11114462598925456,0.11151370796142146,85944,79636,64,63,True,False,False,False,79636,63,False,64,0.01,,160,0,False,total_elems,85944,79636,1,1,,,,0.0,63,4,79636,1696,158,40,,,0,0,,,,,,,,,,,,,,,,,,
13.58353529201122,absorbing,,,,,,,R,80,60,237,247,133,112,245,5,2,245,0.07395649998215958,0.04713525000261143,0.12109174998477101,0.12146837497130036,82724,74864,64,62,True,False,False,False,74864,62,False,64,0.01,,160,0,False,total_elems,82724,74864,1,1,,,,0.0,62,4,74864,1632,158,40,,,0,0,,,,,,,,,,,,,,,,,,
13.720464834012091,absorbing,,,,,,,L,81,60,237,247,135,112,247,6,2,247,0.07672800001455471,0.03903754201019183,0.11576554202474654,0.11614725005347282,74708,77712,64,60,True,False,False,False,74708,64,True,64,0.01,,160,0,False,total_elems,74708,77712,1,1,,,,0.0,64,4,74708,1608,158,40,,,0,0,,,,,,,,,,,,,,,,,,
13.84915775002446,absorbing,,,,,,,R,81,61,237,247,135,115,250,4,3,250,0.07932162494398654,0.0400963329593651,0.11941795790335163,0.11986887501552701,72144,68312,64,58,True,False,False,False,68312,58,False,64,0.01,,160,0,False,total_elems,72144,68312,1,1,,,,0.0,58,4,68312,1598,158,40,,,0,0,,,,,,,,,,,,,,,,,,
13.959765084029641,absorbing,,,,,,,R,81,62,237,247,135,117,252,5,2,252,0.06503408297430724,0.036288291041273624,0.10132237401558086,0.10171583300689235,71568,66132,60,54,False,False,False,False,66132,54,False,64,0.01,,160,0,False,total_elems,71568,66132,1,1,,,,0.0,54,4,66132,1596,158,40,,,0,0,,,,,,,,,,,,,,,,,,
14.071369250013959,absorbing,,,,,,,L,82,62,237,247,138,117,255,6,3,255,0.06266079196939245,0.03962399996817112,0.10228479193756357,0.10264595795888454,68164,70356,54,54,False,False,False,False,68164,54,False,64,0.01,,160,0,False,total_elems,68164,70356,1,1,,,,0.0,54,4,68164,1616,158,40,,,0,0,,,,,,,,,,,,,,,,,,
14.167334125027992,absorbing,,,,,,,L,83,62,237,247,141,117,258,4,3,258,0.04569458297919482,0.04104124999139458,0.0867358329705894,0.08720216702204198,67460,71208,50,53,False,False,False,False,67460,50,False,64,0.01,,160,0,False,total_elems,67460,71208,1,1,,,,0.0,50,4,67460,1620,158,40,,,0,0,,,,,,,,,,,,,,,,,,
14.263355792034417,absorbing,,,,,,,R,83,63,237,247,141,118,259,8,1,259,0.04847949999384582,0.03839233296457678,0.0868718329584226,0.08725012501236051,81608,71036,54,51,False,False,False,False,71036,51,False,64,0.01,,160,0,False,total_elems,81608,71036,1,1,,,,0.0,51,4,71036,1680,158,40,,,0,0,,,,,,,,,,,,,,,,,,
14.366429209010676,absorbing,,,,,,,L,84,63,237,247,143,118,261,4,2,261,0.04873995902016759,0.045080791984219104,0.0938207510043867,0.09420754201710224,79296,89636,49,64,False,True,False,False,79296,49,False,64,0.01,,160,0,False,total_elems,79296,89636,1,1,,,,0.0,49,4,79296,1732,158,40,,,0,0,,,,,,,,,,,,,,,,,,
14.463754667027388,absorbing,,,,,,,L,85,63,237,247,144,118,262,7,1,262,0.03774395800428465,0.05045054201036692,0.08819450001465157,0.08855662500718608,66528,86908,45,64,False,True,False,False,66528,45,False,64,0.01,,160,0,False,total_elems,66528,86908,1,1,,,,0.0,45,4,66528,1610,158,40,,,0,0,,,,,,,,,,,,,,,,,,
14.566055459028576,absorbing,,,,,,,L,86,63,237,247,145,118,263,8,1,263,0.04809245798969641,0.04480491601862013,0.09289737400831655,0.09330612496705726,73180,73340,57,64,False,True,False,False,73180,57,False,64,0.01,,160,0,False,total_elems,73180,73340,1,1,,,,0.0,57,4,73180,1652,158,40,,,0,0,,,,,,,,,,,,,,,,,,
14.673346708994359,absorbing,,,,,,,L,87,63,237,247,146,118,264,7,1,264,0.04913674999261275,0.04873791604768485,0.0978746660402976,0.09827324998332188,74480,84640,54,64,False,True,False,False,74480,54,False,64,0.01,,160,0,False,total_elems,74480,84640,1,1,,,,0.0,54,4,74480,1682,158,40,,,0,0,,,,,,,,,,,,,,,,,,
14.789141041983385,absorbing,,,,,,,R,87,64,237,247,146,120,266,8,2,266,0.058181458967737854,0.047966749989427626,0.10614820895716548,0.10653941700002179,72228,70332,64,60,True,False,False,False,70332,60,False,64,0.01,,160,0,False,total_elems,72228,70332,1,1,,,,0.0,60,4,70332,1640,158,40,,,0,0,,,,,,,,,,,,,,,,,,
14.960425833996851,absorbing,,,,,,,L,88,64,237,247,148,120,268,8,2,268,0.061389458016492426,0.09884258400416002,0.16023204202065244,0.1611290829605423,78008,93572,64,62,True,False,False,False,78008,64,True,64,0.01,,160,0,False,total_elems,78008,93572,1,1,,,,0.0,64,4,78008,1698,158,40,,,0,0,,,,,,,,,,,,,,,,,,
15.097268041979987,absorbing,,,,,,,R,88,65,237,247,148,124,272,7,4,272,0.07418850000249222,0.051513582991901785,0.125702082994394,0.12612024997361004,84220,77212,59,64,False,True,False,False,77212,64,True,64,0.01,,160,0,False,total_elems,84220,77212,1,1,,,,0.0,64,4,77212,1700,158,40,,,0,0,,,,,,,,,,,,,,,,,,
15.22694754198892,absorbing,,,,,,,L,89,65,237,247,153,124,277,6,5,277,0.07046795799396932,0.04945645801490173,0.11992441600887105,0.12028558296151459,84688,93220,61,64,False,True,False,False,84688,61,False,64,0.01,,160,0,False,total_elems,84688,93220,1,1,,,,0.0,61,4,84688,1854,158,40,,,0,0,,,,,,,,,,,,,,,,,,
15.339183250034694,absorbing,,,,,,,R,89,66,237,247,153,127,280,6,3,280,0.05171770800370723,0.05088312498992309,0.10260083299363032,0.10298341704765335,101064,88136,64,57,True,False,False,False,88136,57,False,64,0.01,,160,0,False,total_elems,101064,88136,1,1,,,,0.0,57,4,88136,1848,158,40,,,0,0,,,,,,,,,,,,,,,,,,
15.442722209030762,absorbing,,,,,,,R,89,67,237,247,153,130,283,4,3,283,0.05195375002222136,0.04170604096725583,0.09365979098947719,0.09404766699299216,104228,74064,64,52,True,False,False,False,74064,52,False,64,0.01,,160,0,False,total_elems,104228,74064,1,1,,,,0.0,52,4,74064,1738,158,40,,,0,0,,,,,,,,,,,,,,,,,,
15.544869709003251,absorbing,,,,,,,R,89,68,237,247,153,132,285,6,2,285,0.05017983296420425,0.04216583300149068,0.09234566596569493,0.09269879100611433,96980,93140,64,57,True,False,False,False,93140,57,False,64,0.01,,160,0,False,total_elems,96980,93140,1,1,,,,0.0,57,4,93140,1916,158,40,,,0,0,,,,,,,,,,,,,,,,,,
15.669918042025529,absorbing,,,,,,,L,90,68,237,247,155,132,287,10,2,287,0.05343891598749906,0.06190612498903647,0.11534504097653553,0.11577145900810137,101320,118632,64,64,True,True,False,False,101320,64,True,64,0.01,,160,0,False,total_elems,101320,118632,1,1,,,,0.0,64,4,101320,1962,158,40,,,0,0,,,,,,,,,,,,,,,,,,
15.846263042010833,absorbing,,,,,,,L,91,68,237,247,159,132,291,6,4,291,0.10224412498064339,0.06392420805059373,0.16616833303123713,0.16660120798042044,121200,127372,64,64,True,True,False,False,121200,64,True,64,0.01,,160,0,False,total_elems,121200,127372,1,1,,,,0.0,64,4,121200,2108,158,40,,,0,0,,,,,,,,,,,,,,,,,,
16.031094125006348,absorbing,,,,,,,L,92,68,237,247,163,132,295,6,4,295,0.09340166702168062,0.0813515410409309,0.17475320806261152,0.17513495800085366,107904,125436,64,64,True,True,False,False,107904,64,True,64,0.01,,160,0,False,total_elems,107904,125436,1,1,,,,0.0,64,4,107904,2032,158,40,,,0,0,,,,,,,,,,,,,,,,,,
16.17714258399792,absorbing,,,,,,,L,93,68,237,247,165,132,297,9,2,297,0.0678247080068104,0.0677421250147745,0.1355668330215849,0.1359287920058705,95736,103800,54,62,False,False,False,False,95736,54,False,64,0.01,,160,0,False,total_elems,95736,103800,1,1,,,,0.0,54,4,95736,1894,158,40,,,0,0,,,,,,,,,,,,,,,,,,
16.336205333995167,absorbing,,,,,,,R,93,69,237,247,165,137,302,4,5,302,0.08893016702495515,0.06015854200813919,0.14908870903309435,0.14947750000283122,109128,101836,64,64,True,True,False,False,101836,64,True,64,0.01,,160,0,False,total_elems,109128,101836,1,1,,,,0.0,64,4,101836,1950,158,40,,,0,0,,,,,,,,,,,,,,,,,,
16.507909334031865,absorbing,,,,,,,R,93,70,237,247,165,139,304,5,2,304,0.10192845901474357,0.05979120795382187,0.16171966696856543,0.16209383303066716,133464,108448,64,64,True,True,False,False,108448,64,True,64,0.01,,160,0,False,total_elems,133464,108448,1,1,,,,0.0,64,4,108448,2016,158,40,,,0,0,,,,,,,,,,,,,,,,,,
16.689882625010796,absorbing,,,,,,,R,93,71,237,247,165,141,306,5,2,306,0.10843595903133973,0.06335529201896861,0.17179125105030835,0.17219475004822016,125520,101328,64,59,True,False,False,False,101328,59,False,64,0.01,,160,0,False,total_elems,125520,101328,1,1,,,,0.0,59,4,101328,1906,158,40,,,0,0,,,,,,,,,,,,,,,,,,
16.85394462500699,absorbing,,,,,,,R,93,72,237,247,165,142,307,6,1,307,0.10053850000258535,0.05291937501169741,0.15345787501428276,0.15388524997979403,100636,82464,54,64,False,True,False,False,82464,64,True,64,0.01,,160,0,False,total_elems,100636,82464,1,1,,,,0.0,64,4,82464,1764,158,40,,,0,0,,,,,,,,,,,,,,,,,,
16.98666404199321,absorbing,,,,,,,R,93,73,237,247,165,144,309,5,2,309,0.07525425002677366,0.047316750045865774,0.12257100007263944,0.12295479199383408,82360,73208,53,62,False,False,False,False,73208,62,False,64,0.01,,160,0,False,total_elems,82360,73208,1,1,,,,0.0,62,4,73208,1658,158,40,,,0,0,,,,,,,,,,,,,,,,,,
17.104626333981287,absorbing,,,,,,,R,93,74,237,247,165,145,310,6,1,310,0.06925254198722541,0.0378973750048317,0.10714991699205711,0.10757641698000953,76184,69632,52,59,False,False,False,False,69632,59,False,64,0.01,,160,0,False,total_elems,76184,69632,1,1,,,,0.0,59,4,69632,1658,158,40,,,0,0,,,,,,,,,,,,,,,,,,
17.228151459014043,absorbing,,,,,,,L,94,74,237,247,169,145,314,7,4,314,0.06802962499205023,0.04467145894886926,0.11270108394091949,0.113093874999322,77828,90608,56,62,False,False,False,False,77828,56,False,64,0.01,,160,0,False,total_elems,77828,90608,1,1,,,,0.0,56,4,77828,1746,158,40,,,0,0,,,,,,,,,,,,,,,,,,
17.324763209035154,absorbing,,,,,,,L,95,74,237,247,169,145,314,6,0,314,0.038329208036884665,0.04802162497071549,0.08635083300760016,0.08675129199400544,71956,89028,50,50,False,False,False,False,71956,50,False,64,0.01,,160,0,False,total_elems,71956,89028,1,1,,,,0.0,50,4,71956,1680,158,40,,,0,0,,,,,,,,,,,,,,,,,,
17.439579709025566,absorbing,,,,,,,R,95,75,237,247,169,148,317,5,3,317,0.06009962497046217,0.04430287500144914,0.10440249997191131,0.10477512498619035,103180,82320,64,47,True,False,False,False,82320,47,False,64,0.01,,160,0,False,total_elems,103180,82320,1,1,,,,0.0,47,4,82320,1768,158,40,,,0,0,,,,,,,,,,,,,,,,,,
17.563295709027443,absorbing,,,,,,,R,95,76,237,247,169,150,319,5,2,319,0.062313082977198064,0.050934125029016286,0.11324720800621435,0.11363062501186505,107040,95004,64,64,True,True,False,False,95004,64,True,64,0.01,,160,0,False,total_elems,107040,95004,1,1,,,,0.0,64,4,95004,1874,158,40,,,0,0,,,,,,,,,,,,,,,,,,
17.701471292006318,absorbing,,,,,,,R,95,77,237,247,169,152,321,5,2,321,0.06775020802160725,0.0599173330119811,0.12766754103358835,0.1280781669775024,125132,106440,64,61,True,False,False,False,106440,61,False,64,0.01,,160,0,False,total_elems,125132,106440,1,1,,,,0.0,61,4,106440,1914,158,40,,,0,0,,,,,,,,,,,,,,,,,,
17.823633584019262,absorbing,,,,,,,R,95,78,237,247,169,153,322,4,1,322,0.06993658299325034,0.04116737499134615,0.11110395798459649,0.11155195801984519,126892,105004,64,57,True,False,False,False,105004,57,False,64,0.01,,160,0,False,total_elems,126892,105004,1,1,,,,0.0,57,4,105004,1900,158,40,,,0,0,,,,,,,,,,,,,,,,,,
17.96374358399771,absorbing,,,,,,,R,95,79,237,247,169,155,324,5,2,324,0.07207541598472744,0.057269042008556426,0.12934445799328387,0.12973258295096457,125888,103500,64,64,True,True,False,False,103500,64,True,64,0.01,,160,0,False,total_elems,125888,103500,1,1,,,,0.0,64,4,103500,1880,158,40,,,0,0,,,,,,,,,,,,,,,,,,
18.098728958982974,absorbing,,,,,,,R,95,80,237,247,169,158,327,4,3,327,0.07241237501148134,0.05158520903205499,0.12399758404353634,0.12439133401494473,130760,109792,64,64,True,True,False,False,109792,64,True,64,0.01,,160,0,False,total_elems,130760,109792,1,1,,,,0.0,64,4,109792,1956,158,40,,,0,0,,,,,,,,,,,,,,,,,,
18.248781625006814,absorbing,,,,,,,R,95,81,237,247,169,161,330,6,3,330,0.0752302500186488,0.06381270795827731,0.13904295797692612,0.13947312498930842,161656,128020,63,64,False,True,False,False,128020,64,True,64,0.01,,160,0,False,total_elems,161656,128020,1,1,,,,0.0,64,4,128020,2092,158,40,,,0,0,,,,,,,,,,,,,,,,,,
18.41693554201629,absorbing,,,,,,,R,95,82,237,247,169,164,333,6,3,333,0.08244291704613715,0.07454983401112258,0.15699275105725974,0.15736816701246426,159080,132616,64,64,True,True,False,False,132616,64,True,64,0.01,,160,0,False,total_elems,159080,132616,1,1,,,,0.0,64,4,132616,2148,158,40,,,0,0,,,,,,,,,,,,,,,,,,
18.5714425839833,absorbing,,,,,,,R,95,83,237,247,169,166,335,5,2,335,0.07872033299645409,0.06484083295799792,0.143561165954452,0.1439446249860339,172024,128144,64,64,True,True,False,False,128144,64,True,64,0.01,,160,0,False,total_elems,172024,128144,1,1,,,,0.0,64,4,128144,2144,158,40,,,0,0,,,,,,,,,,,,,,,,,,
18.735198416979983,absorbing,,,,,,,L,96,83,237,247,172,166,338,6,3,338,0.0854454169748351,0.06748604198219255,0.15293145895702764,0.1533151670009829,152708,156380,64,64,True,True,False,False,152708,64,True,64,0.01,,160,0,False,total_elems,152708,156380,1,1,,,,0.0,64,4,152708,2306,158,40,,,0,0,,,,,,,,,,,,,,,,,,
18.928797959000804,absorbing,,,,,,,R,96,84,237,247,172,167,339,6,1,339,0.10041129204910249,0.08216674998402596,0.18257804203312844,0.1830051249708049,169232,161624,64,64,True,True,False,False,161624,64,True,64,0.01,,160,0,False,total_elems,169232,161624,1,1,,,,0.0,64,4,161624,2348,158,40,,,0,0,,,,,,,,,,,,,,,,,,
19.140628584020305,absorbing,,,,,,,R,96,85,237,247,172,168,340,8,1,340,0.11061920796055347,0.08998012501979247,0.20059933298034593,0.20102433301508427,176152,163304,64,64,True,True,False,False,163304,64,True,64,0.01,,160,0,False,total_elems,176152,163304,1,1,,,,0.0,64,4,163304,2358,158,40,,,0,0,,,,,,,,,,,,,,,,,,
19.337772542028688,absorbing,,,,,,,R,96,86,237,247,172,170,342,8,2,342,0.0929802079917863,0.09267845802241936,0.18565866601420566,0.18607599998358637,162060,161320,64,64,True,True,False,False,161320,64,True,64,0.01,,160,0,False,total_elems,162060,161320,1,1,,,,0.0,64,4,161320,2442,158,40,,,0,0,,,,,,,,,,,,,,,,,,
19.517872166994493,absorbing,,,,,,,R,96,87,237,247,172,172,344,6,2,344,0.08937108400277793,0.07953470799839124,0.16890579200116917,0.16932095895754173,176576,164384,64,64,True,True,False,False,164384,64,True,64,0.01,,160,0,False,total_elems,176576,164384,1,1,,,,0.0,64,4,164384,2502,158,40,,,0,0,,,,,,,,,,,,,,,,,,
19.698823041981086,absorbing,,,,,,,R,96,88,237,247,172,173,345,6,1,345,0.08593866700539365,0.08408075000625104,0.1700194170116447,0.1704118339694105,163068,161468,59,64,False,True,False,False,161468,64,True,64,0.01,,160,0,False,total_elems,163068,161468,1,1,,,,0.0,64,4,161468,2486,158,40,,,0,0,,,,,,,,,,,,,,,,,,
19.86206845898414,absorbing,,,,,,,L,97,88,237,247,175,173,348,4,3,348,0.07739024999318644,0.074840540997684,0.15223079099087045,0.15260150004178286,150744,160328,64,58,True,False,False,False,150744,64,True,64,0.01,,160,0,False,total_elems,150744,160328,1,1,,,,0.0,64,4,150744,2428,158,40,,,0,0,,,,,,,,,,,,,,,,,,
20.04072858399013,absorbing,,,,,,,L,98,88,237,247,177,173,350,7,2,350,0.0975026250234805,0.06980858399765566,0.16731120902113616,0.1677807499654591,126772,158584,64,64,True,True,False,False,126772,64,True,64,0.01,,160,0,False,total_elems,126772,158584,1,1,,,,0.0,64,4,126772,2228,158,40,,,0,0,,,,,,,,,,,,,,,,,,
20.199494083994068,absorbing,,,,,,,R,98,89,237,247,177,175,352,5,2,352,0.0865395839791745,0.06089820800116286,0.14743779198033735,0.1479180830065161,141828,132108,64,64,True,True,False,False,132108,64,True,64,0.01,,160,0,False,total_elems,141828,132108,1,1,,,,0.0,64,4,132108,2276,158,40,,,0,0,,,,,,,,,,,,,,,,,,
20.377290999982506,absorbing,,,,,,,L,99,89,237,247,180,175,355,5,3,355,0.09891262499149889,0.06711654196260497,0.16602916695410386,0.16648079099832103,133328,147348,64,64,True,True,False,False,133328,64,True,64,0.01,,160,0,False,total_elems,133328,147348,1,1,,,,0.0,64,4,133328,2264,158,40,,,0,0,,,,,,,,,,,,,,,,,,
20.566056124982424,absorbing,,,,,,,R,99,90,237,247,180,177,357,5,2,357,0.1076620839885436,0.0695171250263229,0.1771792090148665,0.17762383300578222,149608,133324,64,64,True,True,False,False,133324,64,True,64,0.01,,160,0,False,total_elems,149608,133324,1,1,,,,0.0,64,4,133324,2258,158,40,,,0,0,,,,,,,,,,,,,,,,,,
20.747014874999877,absorbing,,,,,,,L,100,90,237,247,184,177,361,2,4,361,0.10192704095970839,0.0676543329609558,0.1695813739206642,0.16996429197024554,148628,154308,64,64,True,True,False,False,148628,64,True,64,0.01,,160,0,False,total_elems,148628,154308,1,1,,,,0.0,64,4,148628,2372,158,40,,,0,0,,,,,,,,,,,,,,,,,,
20.88287691702135,absorbing,,,,,,,L,101,90,237,247,184,177,361,5,0,361,0.04516924999188632,0.07874575001187623,0.12391500000376254,0.12436270801117644,123452,167504,61,64,False,True,False,False,123452,61,False,64,0.01,,160,0,False,total_elems,123452,167504,1,1,,,,0.0,61,4,123452,2180,158,40,,,0,0,,,,,,,,,,,,,,,,,,
21.008749084023293,absorbing,,,,,,,L,102,90,237,247,184,177,361,7,0,361,0.047560042003169656,0.06595070898765698,0.11351075099082664,0.11391916702268645,117868,136576,59,63,False,False,False,False,117868,59,False,64,0.01,,160,0,False,total_elems,117868,136576,1,1,,,,0.0,59,4,117868,2158,158,40,,,0,0,,,,,,,,,,,,,,,,,,
21.135602916998323,absorbing,,,,,,,L,103,90,237,247,184,177,361,8,0,361,0.05484704195987433,0.06027499999618158,0.11512204195605591,0.11552666703937575,112360,129668,57,64,False,True,False,False,112360,57,False,64,0.01,,160,0,False,total_elems,112360,129668,1,1,,,,0.0,57,4,112360,2118,158,40,,,0,0,,,,,,,,,,,,,,,,,,
21.272146709030494,absorbing,,,,,,,L,104,90,237,247,186,177,363,7,2,363,0.06464879203122109,0.06003116600913927,0.12467995804036036,0.1251017909962684,118020,128768,54,64,False,True,False,False,118020,54,False,64,0.01,,160,0,False,total_elems,118020,128768,1,1,,,,0.0,54,4,118020,2226,158,40,,,0,0,,,,,,,,,,,,,,,,,,
21.471365834004246,absorbing,,,,,,,L,105,90,237,247,188,177,365,7,2,365,0.1266244580037892,0.06081724999239668,0.18744170799618587,0.18783658294705674,122512,138564,52,64,False,True,False,False,122512,52,False,64,0.01,,160,0,False,total_elems,122512,138564,1,1,,,,0.0,52,4,122512,2246,158,40,,,0,0,,,,,,,,,,,,,,,,,,
21.653808667033445,absorbing,,,,,,,R,105,91,237,247,188,178,366,7,1,366,0.11209537502145395,0.058653749991208315,0.17074912501266226,0.17114212503656745,141556,130460,64,57,True,False,False,False,130460,57,False,64,0.01,,160,0,False,total_elems,141556,130460,1,1,,,,0.0,57,4,130460,2288,158,40,,,0,0,,,,,,,,,,,,,,,,,,
21.857949541998096,absorbing,,,,,,,R,105,92,237,247,188,182,370,4,4,370,0.11533724999753758,0.07709979196079075,0.19243704195832834,0.19283141702180728,125368,123948,64,64,True,True,False,False,123948,64,True,64,0.01,,160,0,False,total_elems,125368,123948,1,1,,,,0.0,64,4,123948,2202,158,40,,,0,0,,,,,,,,,,,,,,,,,,
22.051875750010367,absorbing,,,,,,,R,105,93,237,247,188,183,371,6,1,371,0.11431024997727945,0.06789145804941654,0.182201708026696,0.18263470800593495,123084,121088,64,64,True,True,False,False,121088,64,True,64,0.01,,160,0,False,total_elems,123084,121088,1,1,,,,0.0,64,4,121088,2146,158,40,,,0,0,,,,,,,,,,,,,,,,,,
22.243022500013467,absorbing,,,,,,,L,106,93,237,247,192,183,375,5,4,375,0.1047825840068981,0.07422875001793727,0.17901133402483538,0.1794318329775706,129144,131448,64,64,True,True,False,False,129144,64,True,64,0.01,,160,0,False,total_elems,129144,131448,1,1,,,,0.0,64,4,129144,2240,158,40,,,0,0,,,,,,,,,,,,,,,,,,
22.406610500009265,absorbing,,,,,,,L,107,93,237,247,194,183,377,8,2,377,0.07908304099692032,0.07260279200272635,0.15168583299964666,0.1521102500264533,133684,140832,64,64,True,True,False,False,133684,64,True,64,0.01,,160,0,False,total_elems,133684,140832,1,1,,,,0.0,64,4,133684,2248,158,40,,,0,0,,,,,,,,,,,,,,,,,,
22.61464516702108,absorbing,,,,,,,R,107,94,237,247,194,185,379,6,2,379,0.12550025002565235,0.07028183399233967,0.19578208401799202,0.19619062502169982,151900,143960,64,64,True,True,False,False,143960,64,True,64,0.01,,160,0,False,total_elems,151900,143960,1,1,,,,0.0,64,4,143960,2278,158,40,,,0,0,,,,,,,,,,,,,,,,,,
22.8353592500207,absorbing,,,,,,,R,107,95,237,247,194,187,381,8,2,381,0.11709779204102233,0.09173454198753461,0.20883233402855694,0.2092317920178175,149420,135604,64,64,True,True,False,False,135604,64,True,64,0.01,,160,0,False,total_elems,149420,135604,1,1,,,,0.0,64,4,135604,2228,158,40,,,0,0,,,,,,,,,,,,,,,,,,
23.03888150001876,absorbing,,,,,,,R,107,96,237,247,194,191,385,5,4,385,0.11825204099295661,0.07318299997132272,0.19143504096427932,0.19188341597327963,140496,120536,64,64,True,True,False,False,120536,64,True,64,0.01,,160,0,False,total_elems,140496,120536,1,1,,,,0.0,64,4,120536,2082,158,40,,,0,0,,,,,,,,,,,,,,,,,,
23.227091417007614,absorbing,,,,,,,R,107,97,237,247,194,193,387,7,2,387,0.1027594159822911,0.0734260409954004,0.1761854569776915,0.1765726669691503,112132,108272,64,64,True,True,False,False,108272,64,True,64,0.01,,160,0,False,total_elems,112132,108272,1,1,,,,0.0,64,4,108272,1984,158,40,,,0,0,,,,,,,,,,,,,,,,,,
23.39751691702986,absorbing,,,,,,,R,107,98,237,247,194,195,389,5,2,389,0.09736262500518933,0.060737417021300644,0.15810004202648997,0.15852937498129904,119376,105984,64,64,True,True,False,False,105984,64,True,64,0.01,,160,0,False,total_elems,119376,105984,1,1,,,,0.0,64,4,105984,1960,158,40,,,0,0,,,,,,,,,,,,,,,,,,
23.541615792026278,absorbing,,,,,,,R,107,99,237,247,194,196,390,6,1,390,0.08649466600036249,0.044809209008235484,0.13130387500859797,0.1317246250109747,118216,98408,64,58,True,False,False,False,98408,58,False,64,0.01,,160,0,False,total_elems,118216,98408,1,1,,,,0.0,58,4,98408,1952,158,40,,,0,0,,,,,,,,,,,,,,,,,,
23.68738470901735,absorbing,,,,,,,R,107,100,237,247,194,198,392,5,2,392,0.08671583299292251,0.04663137503666803,0.13334720802959055,0.13379858300322667,120104,109272,64,64,True,True,False,False,109272,64,True,64,0.01,,160,0,False,total_elems,120104,109272,1,1,,,,0.0,64,4,109272,2064,158,40,,,0,0,,,,,,,,,,,,,,,,,,
23.847463459009305,absorbing,,,,,,,R,107,101,237,247,194,202,396,3,4,396,0.08847120904829353,0.05928712501190603,0.14775833406019956,0.14814725000178441,136156,119092,64,64,True,True,False,False,119092,64,True,64,0.01,,160,0,False,total_elems,136156,119092,1,1,,,,0.0,64,4,119092,2142,158,40,,,0,0,,,,,,,,,,,,,,,,,,
24.020595791982487,absorbing,,,,,,,R,107,102,237,247,194,202,396,6,0,396,0.1108574160025455,0.04997441696468741,0.1608318329672329,0.1612347909831442,149816,108240,64,59,True,False,False,False,108240,59,False,64,0.01,,160,0,False,total_elems,149816,108240,1,1,,,,0.0,59,4,108240,2088,158,40,,,0,0,,,,,,,,,,,,,,,,,,
24.19978941703448,absorbing,,,,,,,R,107,103,237,247,194,202,396,5,0,396,0.11935137497493997,0.047369000036269426,0.1667203750112094,0.1671153749921359,133620,108908,64,64,True,True,False,False,108908,64,True,64,0.01,,160,0,False,total_elems,133620,108908,1,1,,,,0.0,64,4,108908,2084,158,40,,,0,0,,,,,,,,,,,,,,,,,,
24.41131229198072,absorbing,,,,,,,R,107,104,237,247,194,205,399,5,3,399,0.1261723330244422,0.07298004202311859,0.19915237504756078,0.1995586670236662,141008,116212,64,58,True,False,False,False,116212,58,False,64,0.01,,160,0,False,total_elems,141008,116212,1,1,,,,0.0,58,4,116212,2130,158,40,,,0,0,,,,,,,,,,,,,,,,,,
24.604327999986708,absorbing,,,,,,,R,107,105,237,247,194,206,400,8,1,400,0.11904245900223032,0.060746458009816706,0.17978891701204702,0.18022204202134162,134880,131980,64,64,True,True,False,False,131980,64,True,64,0.01,,160,0,False,total_elems,134880,131980,1,1,,,,0.0,64,4,131980,2280,158,40,,,0,0,,,,,,,,,,,,,,,,,,
24.847878459026106,absorbing,,,,,,,L,108,105,237,247,199,206,405,4,5,405,0.15231791703263298,0.07840987504459918,0.23072779207723215,0.23113808303605765,154628,172272,64,64,True,True,False,False,154628,64,True,64,0.01,,160,0,False,total_elems,154628,172272,1,1,,,,0.0,64,4,154628,2436,158,40,,,0,0,,,,,,,,,,,,,,,,,,
25.019369416986592,absorbing,,,,,,,L,109,105,237,247,201,206,407,7,2,407,0.07439379201969132,0.08460683299927041,0.15900062501896173,0.15944645897252485,141036,173956,62,64,False,True,False,False,141036,62,False,64,0.01,,160,0,False,total_elems,141036,173956,1,1,,,,0.0,62,4,141036,2344,158,40,,,0,0,,,,,,,,,,,,,,,,,,
25.196344500000123,absorbing,,,,,,,L,110,105,237,247,202,206,408,5,1,408,0.08854350005276501,0.0759028330212459,0.1644463330740109,0.16484608402242884,153596,166704,64,64,True,True,False,False,153596,64,True,64,0.01,,160,0,False,total_elems,153596,166704,1,1,,,,0.0,64,4,153596,2384,158,40,,,0,0,,,,,,,,,,,,,,,,,,
25.40052562498022,absorbing,,,,,,,L,111,105,237,247,206,206,412,5,4,412,0.09730741597013548,0.0941509580006823,0.19145837397081777,0.19191212498117238,141924,179700,64,64,True,True,False,False,141924,64,True,64,0.01,,160,0,False,total_elems,141924,179700,1,1,,,,0.0,64,4,141924,2282,158,40,,,0,0,,,,,,,,,,,,,,,,,,
25.599722584011033,absorbing,,,,,,,L,112,105,237,247,209,206,415,7,3,415,0.10175020899623632,0.08491779200267047,0.1866680009989068,0.18719070800580084,143740,155000,64,64,True,True,False,False,143740,64,True,64,0.01,,160,0,False,total_elems,143740,155000,1,1,,,,0.0,64,4,143740,2304,158,40,,,0,0,,,,,,,,,,,,,,,,,,
25.76493720902363,absorbing,,,,,,,L,113,105,237,247,212,206,418,6,3,418,0.06939354195492342,0.08256450004409999,0.1519580419990234,0.1523716669762507,153300,156444,64,64,True,True,False,False,153300,64,True,64,0.01,,160,0,False,total_elems,153300,156444,1,1,,,,0.0,64,4,153300,2442,158,40,,,0,0,,,,,,,,,,,,,,,,,,
25.9487289590179,absorbing,,,,,,,L,114,105,237,247,212,206,418,8,0,418,0.08647708303760737,0.08428883296437562,0.170765916001983,0.17117937497096136,172940,186800,64,64,True,True,False,False,172940,64,True,64,0.01,,160,0,False,total_elems,172940,186800,1,1,,,,0.0,64,4,172940,2474,158,40,,,0,0,,,,,,,,,,,,,,,,,,
26.19957329198951,absorbing,,,,,,,R,114,106,237,247,212,207,419,9,1,419,0.14051008300157264,0.09729904204141349,0.23780912504298612,0.23826841701520607,191272,181008,64,64,True,True,False,False,181008,64,True,64,0.01,,160,0,False,total_elems,191272,181008,1,1,,,,0.0,64,4,181008,2550,158,40,,,0,0,,,,,,,,,,,,,,,,,,
26.453546125034336,absorbing,,,,,,,L,115,106,237,247,214,207,421,6,2,421,0.14767145895166323,0.0935219589737244,0.24119341792538762,0.2416044159908779,168632,175076,64,64,True,True,False,False,168632,64,True,64,0.01,,160,0,False,total_elems,168632,175076,1,1,,,,0.0,64,4,168632,2482,158,40,,,0,0,,,,,,,,,,,,,,,,,,
26.64427233400056,absorbing,,,,,,,L,116,106,237,247,217,207,424,4,3,424,0.09044429095229134,0.08739645901368931,0.17784074996598065,0.17823316698195413,156844,170244,60,64,False,True,False,False,156844,60,False,64,0.01,,160,0,False,total_elems,156844,170244,1,1,,,,0.0,60,4,156844,2420,158,40,,,0,0,,,,,,,,,,,,,,,,,,
26.810215750010684,absorbing,,,,,,,L,117,106,237,247,218,207,425,6,1,425,0.07427229097811505,0.07870087499031797,0.15297316596843302,0.15338166599394754,154456,163708,64,64,True,True,False,False,154456,64,True,64,0.01,,160,0,False,total_elems,154456,163708,1,1,,,,0.0,64,4,154456,2368,158,40,,,0,0,,,,,,,,,,,,,,,,,,
27.029275249980856,absorbing,,,,,,,R,117,107,237,247,218,212,430,4,5,430,0.11530191701604053,0.0903859999962151,0.20568791701225564,0.2060796670266427,168800,165600,64,64,True,True,False,False,165600,64,True,64,0.01,,160,0,False,total_elems,168800,165600,1,1,,,,0.0,64,4,165600,2488,158,40,,,0,0,,,,,,,,,,,,,,,,,,
27.24991225003032,absorbing,,,,,,,R,117,108,237,247,218,214,432,6,2,432,0.11971108301077038,0.0873577079619281,0.20706879097269848,0.20747645798837766,175548,163636,64,64,True,True,False,False,163636,64,True,64,0.01,,160,0,False,total_elems,175548,163636,1,1,,,,0.0,64,4,163636,2484,158,40,,,0,0,,,,,,,,,,,,,,,,,,
27.452806458983105,absorbing,,,,,,,R,117,109,237,247,218,214,432,6,0,432,0.12432791700121015,0.06569095799932256,0.19001887500053272,0.1904378749895841,174884,145732,64,59,True,False,False,False,145732,59,False,64,0.01,,160,0,False,total_elems,174884,145732,1,1,,,,0.0,59,4,145732,2360,158,40,,,0,0,,,,,,,,,,,,,,,,,,
27.660543625010177,absorbing,,,,,,,L,118,109,237,247,221,214,435,4,3,435,0.1093414580100216,0.08518379199085757,0.19452525000087917,0.19491366599686444,158240,159124,64,64,True,True,False,False,158240,64,True,64,0.01,,160,0,False,total_elems,158240,159124,1,1,,,,0.0,64,4,158240,2400,158,40,,,0,0,,,,,,,,,,,,,,,,,,
27.830022584006656,absorbing,,,,,,,L,119,109,237,247,223,214,437,4,2,437,0.06986425002105534,0.08586529101012275,0.1557295410311781,0.1561384160304442,137464,162832,64,64,True,True,False,False,137464,64,True,64,0.01,,160,0,False,total_elems,137464,162832,1,1,,,,0.0,64,4,137464,2280,158,40,,,0,0,,,,,,,,,,,,,,,,,,
27.998890749993734,absorbing,,,,,,,L,120,109,237,247,224,214,438,8,1,438,0.08036183298099786,0.07457895798143,0.15494079096242785,0.15537658298853785,117452,149084,59,64,False,True,False,False,117452,59,False,64,0.01,,160,0,False,total_elems,117452,149084,1,1,,,,0.0,59,4,117452,2106,158,40,,,0,0,,,,,,,,,,,,,,,,,,
28.15697187499609,absorbing,,,,,,,L,121,109,237,247,225,214,439,7,1,439,0.078975000011269,0.06548512500012293,0.14446012501139194,0.14487600000575185,109120,126764,64,64,True,True,False,False,109120,64,True,64,0.01,,160,0,False,total_elems,109120,126764,1,1,,,,0.0,64,4,109120,2042,158,40,,,0,0,,,,,,,,,,,,,,,,,,
28.309384708991274,absorbing,,,,,,,L,122,109,237,247,228,214,442,5,3,442,0.07623691600747406,0.06262195797171444,0.1388588739791885,0.13929154200013727,93284,115896,64,64,True,True,False,False,93284,64,True,64,0.01,,160,0,False,total_elems,93284,115896,1,1,,,,0.0,64,4,93284,1908,158,40,,,0,0,,,,,,,,,,,,,,,,,,
28.418279792007525,absorbing,,,,,,,L,123,109,237,247,229,214,443,7,1,443,0.03997758298646659,0.0557063749874942,0.09568395797396079,0.09609766700305045,76784,109740,57,64,False,True,False,False,76784,57,False,64,0.01,,160,0,False,total_elems,76784,109740,1,1,,,,0.0,57,4,76784,1754,158,40,,,0,0,,,,,,,,,,,,,,,,,,
28.522884084028192,absorbing,,,,,,,L,124,109,237,247,230,214,444,8,1,444,0.04034000000683591,0.050475334050133824,0.09081533405696973,0.09121037495788187,72940,96232,48,63,False,False,False,False,72940,48,False,64,0.01,,160,0,False,total_elems,72940,96232,1,1,,,,0.0,48,4,72940,1730,158,40,,,0,0,,,,,,,,,,,,,,,,,,
28.63342016702518,absorbing,,,,,,,L,125,109,237,247,232,214,446,7,2,446,0.043827291985508054,0.053183124982751906,0.09701041696825996,0.09741204202873632,81844,94132,64,59,True,False,False,False,81844,64,True,64,0.01,,160,0,False,total_elems,81844,94132,1,1,,,,0.0,64,4,81844,1852,158,40,,,0,0,,,,,,,,,,,,,,,,,,
28.75121720903553,absorbing,,,,,,,L,126,109,237,247,234,214,448,8,2,448,0.050213375012390316,0.05409079202217981,0.10430416703457013,0.10475537501042709,86656,98008,62,57,False,False,False,False,86656,62,False,64,0.01,,160,0,False,total_elems,86656,98008,1,1,,,,0.0,62,4,86656,1900,158,40,,,0,0,,,,,,,,,,,,,,,,,,
28.879420417011715,absorbing,,,,,,,L,127,109,237,247,237,214,451,7,3,451,0.0584880419773981,0.05631600000197068,0.11480404197936878,0.1152044580085203,89444,96860,56,52,False,False,False,False,89444,56,False,64,0.01,,160,0,False,total_elems,89444,96860,1,1,,,,0.0,56,4,89444,1898,158,40,,,0,0,,,,,,,,,,,,,,,,,,
29.001241584017407,absorbing,,,,,,,L,128,109,237,247,240,214,454,8,3,454,0.050129582989029586,0.05773512501036748,0.10786470799939707,0.10832108301110566,83964,102244,46,64,False,True,False,False,83964,46,False,64,0.01,,160,0,False,total_elems,83964,102244,1,1,,,,0.0,46,4,83964,1866,158,40,,,0,0,,,,,,,,,,,,,,,,,,
29.12698995898245,absorbing,,,,,,,L,129,109,237,247,243,214,457,4,3,457,0.056380500027444214,0.05542520899325609,0.1118057090207003,0.11222379200626165,92104,96572,54,64,False,True,False,False,92104,54,False,64,0.01,,160,0,False,total_elems,92104,96572,1,1,,,,0.0,54,4,92104,1924,158,40,,,0,0,,,,,,,,,,,,,,,,,,
29.247242417011876,absorbing,,,,,,,L,130,109,237,247,244,214,458,5,1,458,0.04310479201376438,0.06310075003420934,0.10620554204797372,0.10663320799358189,71168,99884,45,64,False,True,False,False,71168,45,False,64,0.01,,160,0,False,total_elems,71168,99884,1,1,,,,0.0,45,4,71168,1718,158,40,,,0,0,,,,,,,,,,,,,,,,,,
29.360620542021934,absorbing,,,,,,,L,131,109,237,247,248,214,462,5,4,462,0.04814537498168647,0.05123016599100083,0.0993755409726873,0.09977329097455367,65888,84404,41,64,False,True,False,False,65888,41,False,64,0.01,,160,0,False,total_elems,65888,84404,1,1,,,,0.0,41,4,65888,1652,158,40,,,0,0,,,,,,,,,,,,,,,,,,
29.46252108400222,absorbing,,,,,,,L,132,109,237,247,249,214,463,6,1,463,0.03809420799370855,0.0500160829978995,0.08811029099160805,0.08849595801439136,58860,80284,40,64,False,True,False,False,58860,40,False,64,0.01,,160,0,False,total_elems,58860,80284,1,1,,,,0.0,40,4,58860,1598,158,40,,,0,0,,,,,,,,,,,,,,,,,,
29.551983541983645,absorbing,,,,,,,L,133,109,237,247,249,214,463,5,0,463,0.02977816597558558,0.0459165420033969,0.07569470797898248,0.07607712497701868,52696,70048,36,64,False,True,False,False,52696,36,False,64,0.01,,160,0,False,total_elems,52696,70048,1,1,,,,0.0,36,4,52696,1532,158,40,,,0,0,,,,,,,,,,,,,,,,,,
29.636273375013843,absorbing,,,,,,,L,134,109,237,247,249,214,463,5,0,463,0.02790091698989272,0.04246308299480006,0.07036399998469278,0.07074474997352809,50336,67528,36,64,False,True,False,False,50336,36,False,64,0.01,,160,0,False,total_elems,50336,67528,1,1,,,,0.0,36,4,50336,1494,158,40,,,0,0,,,,,,,,,,,,,,,,,,
29.726610041980166,absorbing,,,,,,,L,135,109,237,247,250,214,464,4,1,464,0.03633362503023818,0.040022665983997285,0.07635629101423547,0.07675358298001811,49092,62516,41,64,False,True,False,False,49092,41,False,64,0.01,,160,0,False,total_elems,49092,62516,1,1,,,,0.0,41,4,49092,1464,158,40,,,0,0,,,,,,,,,,,,,,,,,,
29.811885125003755,absorbing,,,,,,,L,136,109,237,247,251,214,465,5,1,465,0.03177345899166539,0.0397600419819355,0.0715335009736009,0.0719425420393236,49004,60324,37,62,False,False,False,False,49004,37,False,64,0.01,,160,0,False,total_elems,49004,60324,1,1,,,,0.0,37,4,49004,1472,158,40,,,0,0,,,,,,,,,,,,,,,,,,
29.904839458991773,absorbing,,,,,,,R,136,110,237,247,251,220,471,2,6,471,0.03987391700502485,0.03910316695692018,0.07897708396194503,0.07940770796267316,57420,56532,49,57,False,False,False,False,56532,57,False,64,0.01,,160,0,False,total_elems,57420,56532,1,1,,,,0.0,57,4,56532,1558,158,40,,,0,0,,,,,,,,,,,,,,,,,,
30.000836667022668,absorbing,,,,,,,R,136,111,237,247,251,223,474,4,3,474,0.04307462502038106,0.03827466699294746,0.08134929201332852,0.08177983300993219,66732,60244,58,46,False,False,False,False,60244,46,False,64,0.01,,160,0,False,total_elems,66732,60244,1,1,,,,0.0,46,4,60244,1546,158,40,,,0,0,,,,,,,,,,,,,,,,,,
30.106640874990262,absorbing,,,,,,,R,136,112,237,247,251,225,476,8,2,476,0.04832912504207343,0.042871958983596414,0.09120108402566984,0.0916147920070216,69756,64040,55,50,False,False,False,False,64040,50,False,64,0.01,,160,0,False,total_elems,69756,64040,1,1,,,,0.0,50,4,64040,1584,158,40,,,0,0,,,,,,,,,,,,,,,,,,
30.218337833997793,absorbing,,,,,,,R,136,113,237,247,251,228,479,6,3,479,0.05037650000303984,0.04707220895215869,0.09744870895519853,0.09785208298126236,71328,69768,64,42,True,False,False,False,69768,42,False,64,0.01,,160,0,False,total_elems,71328,69768,1,1,,,,0.0,42,4,69768,1630,158,40,,,0,0,,,,,,,,,,,,,,,,,,
30.32084283401491,absorbing,,,,,,,R,136,114,237,247,251,230,481,5,2,481,0.049653915979433805,0.038113375019747764,0.08776729099918157,0.08824745804304257,72860,62272,59,64,False,True,False,False,62272,64,True,64,0.01,,160,0,False,total_elems,72860,62272,1,1,,,,0.0,64,4,62272,1580,158,40,,,0,0,,,,,,,,,,,,,,,,,,
30.419676167017315,absorbing,,,,,,,R,136,115,237,247,251,235,486,2,5,486,0.04529987496789545,0.03878279100172222,0.08408266596961766,0.08449674997245893,64456,60368,53,52,False,False,False,False,60368,52,False,64,0.01,,160,0,False,total_elems,64456,60368,1,1,,,,0.0,52,4,60368,1574,158,40,,,0,0,,,,,,,,,,,,,,,,,,
30.517430209030863,absorbing,,,,,,,R,136,116,237,247,251,237,488,7,2,488,0.045711500046309084,0.037798042001668364,0.08350954204797745,0.08390754205174744,66444,62548,64,50,True,False,False,False,62548,50,False,64,0.01,,160,0,False,total_elems,66444,62548,1,1,,,,0.0,50,4,62548,1636,158,40,,,0,0,,,,,,,,,,,,,,,,,,
30.61439133400563,absorbing,,,,,,,R,136,117,237,247,251,237,488,7,0,488,0.047574665979482234,0.03509158396627754,0.08266624994575977,0.08306475001154467,69696,67820,64,46,True,False,False,False,67820,46,False,64,0.01,,160,0,False,total_elems,69696,67820,1,1,,,,0.0,46,4,67820,1690,158,40,,,0,0,,,,,,,,,,,,,,,,,,
30.716279833985027,absorbing,,,,,,,L,137,117,237,247,253,237,490,4,2,490,0.046409208967816085,0.04099237499758601,0.0874015839654021,0.08784362499136478,69488,81796,57,52,False,False,False,False,69488,57,False,64,0.01,,160,0,False,total_elems,69488,81796,1,1,,,,0.0,57,4,69488,1678,158,40,,,0,0,,,,,,,,,,,,,,,,,,
30.816435583983548,absorbing,,,,,,,L,138,117,237,247,255,237,492,5,2,492,0.0452508750022389,0.04045141697861254,0.08570229198085144,0.08617804100504145,64440,75852,64,49,True,False,False,False,64440,64,True,64,0.01,,160,0,False,total_elems,64440,75852,1,1,,,,0.0,64,4,64440,1624,158,40,,,0,0,,,,,,,,,,,,,,,,,,
30.92424583400134,absorbing,,,,,,,L,139,117,237,247,257,237,494,5,2,494,0.05119887494947761,0.04202074999921024,0.09321962494868785,0.09367087495047599,71232,77944,64,59,True,False,False,False,71232,64,True,64,0.01,,160,0,False,total_elems,71232,77944,1,1,,,,0.0,64,4,71232,1650,158,40,,,0,0,,,,,,,,,,,,,,,,,,
31.031447916990146,absorbing,,,,,,,R,139,118,237,247,257,237,494,8,0,494,0.04784850002033636,0.04472845798591152,0.09257695800624788,0.09300054202321917,80112,78368,56,58,False,False,False,False,78368,58,False,64,0.01,,160,0,False,total_elems,80112,78368,1,1,,,,0.0,58,4,78368,1698,158,40,,,0,0,,,,,,,,,,,,,,,,,,
31.13397691701539,absorbing,,,,,,,R,139,119,237,247,257,238,495,4,1,495,0.0438036669511348,0.04376945801777765,0.08757312496891245,0.08797579101519659,80820,74740,48,64,False,True,False,False,74740,64,True,64,0.01,,160,0,False,total_elems,80820,74740,1,1,,,,0.0,64,4,74740,1680,158,40,,,0,0,,,,,,,,,,,,,,,,,,
31.23272775002988,absorbing,,,,,,,R,139,120,237,247,257,240,497,4,2,497,0.040477917005773634,0.042972875002305955,0.08345079200807959,0.08384645800106227,75340,69244,58,58,False,False,False,False,69244,58,False,64,0.01,,160,0,False,total_elems,75340,69244,1,1,,,,0.0,58,4,69244,1638,158,40,,,0,0,,,,,,,,,,,,,,,,,,
31.32550254202215,absorbing,,,,,,,L,140,120,237,247,260,240,500,6,3,500,0.03798687504604459,0.039802332990802824,0.07778920803684741,0.07817704102490097,67224,75176,50,48,False,False,False,False,67224,50,False,64,0.01,,160,0,False,total_elems,67224,75176,1,1,,,,0.0,50,4,67224,1666,158,40,,,0,0,,,,,,,,,,,,,,,,,,
31.437612875015475,absorbing,,,,,,,L,141,120,237,247,261,240,501,4,1,501,0.060412790975533426,0.036687875050120056,0.09710066602565348,0.09751154197147116,67360,70332,54,44,False,False,False,False,67360,54,False,64,0.01,,160,0,False,total_elems,67360,70332,1,1,,,,0.0,54,4,67360,1614,158,40,,,0,0,,,,,,,,,,,,,,,,,,
31.528441292000934,absorbing,,,,,,,L,142,120,237,247,262,240,502,3,1,502,0.03703762497752905,0.039038582995999604,0.07607620797352865,0.07650099997408688,54748,67840,46,64,False,True,False,False,54748,46,False,64,0.01,,160,0,False,total_elems,54748,67840,1,1,,,,0.0,46,4,54748,1486,158,40,,,0,0,,,,,,,,,,,,,,,,,,
31.607607749989256,absorbing,,,,,,,L,143,120,237,247,263,240,503,5,1,503,0.029753249953500926,0.03455466695595533,0.06430791690945625,0.06471658399095759,47648,59356,39,64,False,True,False,False,47648,39,False,64,0.01,,160,0,False,total_elems,47648,59356,1,1,,,,0.0,39,4,47648,1418,158,40,,,0,0,,,,,,,,,,,,,,,,,,
31.689441375026945,absorbing,,,,,,,R,143,121,237,247,263,241,504,6,1,504,0.03497795801376924,0.03201387502485886,0.0669918330386281,0.06738908297847956,58892,56168,64,64,True,True,False,False,56168,64,True,64,0.01,,160,0,False,total_elems,58892,56168,1,1,,,,0.0,64,4,56168,1504,158,40,,,0,0,,,,,,,,,,,,,,,,,,
31.781930625031237,absorbing,,,,,,,L,144,121,237,247,265,241,506,5,2,506,0.03979716601315886,0.037801958969794214,0.07759912498295307,0.07799595803953707,65900,67788,64,64,True,True,False,False,65900,64,True,64,0.01,,160,0,False,total_elems,65900,67788,1,1,,,,0.0,64,4,65900,1616,158,40,,,0,0,,,,,,,,,,,,,,,,,,
31.884807083988562,absorbing,,,,,,,L,145,121,237,247,268,241,509,7,3,509,0.047432375024072826,0.04049562499858439,0.08792800002265722,0.0883599590160884,63256,67316,55,55,False,False,False,False,63256,55,False,64,0.01,,160,0,False,total_elems,63256,67316,1,1,,,,0.0,55,4,63256,1552,158,40,,,0,0,,,,,,,,,,,,,,,,,,
32.01399983401643,absorbing,,,,,,,L,146,121,237,247,270,241,511,6,2,511,0.07304691703757271,0.040937375044450164,0.11398429208202288,0.11439908295869827,56412,58580,57,50,False,False,False,False,56412,57,False,64,0.01,,160,0,False,total_elems,56412,58580,1,1,,,,0.0,57,4,56412,1464,158,40,,,0,0,,,,,,,,,,,,,,,,,,
32.104631208989304,absorbing,,,,,,,R,146,122,237,247,270,242,512,6,1,512,0.03881083300802857,0.03636866598390043,0.075179498991929,0.07559758296702057,53500,50152,48,47,False,False,False,False,50152,47,False,64,0.01,,160,0,False,total_elems,53500,50152,1,1,,,,0.0,47,4,50152,1420,158,40,,,0,0,,,,,,,,,,,,,,,,,,
32.19154241698561,absorbing,,,,,,,R,146,123,237,247,270,243,513,6,1,513,0.03748791600810364,0.033875083026941866,0.0713629990350455,0.07186149997869506,53468,43616,43,44,False,False,False,False,43616,44,False,64,0.01,,160,0,False,total_elems,53468,43616,1,1,,,,0.0,44,4,43616,1380,158,40,,,0,0,,,,,,,,,,,,,,,,,,
32.26988400000846,absorbing,,,,,,,R,146,124,237,247,270,244,514,5,1,514,0.032463125011418015,0.030519916967023164,0.06298304197844118,0.06339808303164318,49944,44988,41,40,False,False,False,False,44988,40,False,64,0.01,,160,0,False,total_elems,49944,44988,1,1,,,,0.0,40,4,44988,1398,158,40,,,0,0,,,,,,,,,,,,,,,,,,
32.350076667033136,absorbing,,,,,,,R,146,125,237,247,270,244,514,7,0,514,0.03258137498050928,0.03202545898966491,0.0646068339701742,0.0650497919996269,52056,50468,44,36,False,False,False,False,50468,36,False,64,0.01,,160,0,False,total_elems,52056,50468,1,1,,,,0.0,36,4,50468,1474,158,40,,,0,0,,,,,,,,,,,,,,,,,,
32.4379647920141,absorbing,,,,,,,L,147,125,237,247,272,244,516,5,2,516,0.03322575002675876,0.039367749996017665,0.07259350002277642,0.07299104199046269,55584,67032,53,62,False,False,False,False,55584,53,False,64,0.01,,160,0,False,total_elems,55584,67032,1,1,,,,0.0,53,4,55584,1552,158,40,,,0,0,,,,,,,,,,,,,,,,,,
32.552808541979175,absorbing,,,,,,,R,147,126,237,247,272,246,518,6,2,518,0.059919332969002426,0.03912441700231284,0.09904374997131526,0.09946754103293642,81828,75916,62,62,False,False,False,False,75916,62,False,64,0.01,,160,0,False,total_elems,81828,75916,1,1,,,,0.0,62,4,75916,1734,158,40,,,0,0,,,,,,,,,,,,,,,,,,
32.71143783401931,absorbing,,,,,,,L,148,126,237,247,275,246,521,5,3,521,0.0896576659870334,0.05352633399888873,0.14318399998592213,0.14359904202865437,87504,98800,56,64,False,True,False,False,87504,56,False,64,0.01,,160,0,False,total_elems,87504,98800,1,1,,,,0.0,56,4,87504,1790,158,40,,,0,0,,,,,,,,,,,,,,,,,,
32.82520362501964,absorbing,,,,,,,L,149,126,237,247,276,246,522,8,1,522,0.04373533296165988,0.05339225003262982,0.0971275829942897,0.09754845895804465,77924,99816,52,64,False,True,False,False,77924,52,False,64,0.01,,160,0,False,total_elems,77924,99816,1,1,,,,0.0,52,4,77924,1730,158,40,,,0,0,,,,,,,,,,,,,,,,,,
32.94668512500357,absorbing,,,,,,,R,149,127,237,247,276,247,523,7,1,523,0.05520574998809025,0.05060325004160404,0.10580900002969429,0.10624920803820714,99136,93440,64,64,True,True,False,False,93440,64,True,64,0.01,,160,0,False,total_elems,99136,93440,1,1,,,,0.0,64,4,93440,1894,158,40,,,0,0,,,,,,,,,,,,,,,,,,
33.08613587502623,absorbing,,,,,,,R,149,128,237,247,276,249,525,6,2,525,0.061980208032764494,0.061371207993943244,0.12335141602670774,0.1238424580078572,115872,105772,64,64,True,True,False,False,105772,64,True,64,0.01,,160,0,False,total_elems,115872,105772,1,1,,,,0.0,64,4,105772,1982,158,40,,,0,0,,,,,,,,,,,,,,,,,,
33.217632416985,absorbing,,,,,,,R,149,129,237,247,276,252,528,4,3,528,0.06543320801574737,0.05053366703214124,0.1159668750478886,0.11640150001039729,124696,106224,64,64,True,True,False,False,106224,64,True,64,0.01,,160,0,False,total_elems,124696,106224,1,1,,,,0.0,64,4,106224,1984,158,40,,,0,0,,,,,,,,,,,,,,,,,,
33.36049104202539,absorbing,,,,,,,R,149,130,237,247,276,254,530,5,2,530,0.06707816704874858,0.05970079096732661,0.1267789580160752,0.1272281669662334,119420,110736,63,61,False,False,False,False,110736,61,False,64,0.01,,160,0,False,total_elems,119420,110736,1,1,,,,0.0,61,4,110736,1990,158,40,,,0,0,,,,,,,,,,,,,,,,,,
33.49895187502261,absorbing,,,,,,,R,149,131,237,247,276,257,533,2,3,533,0.0655694580054842,0.05633491696789861,0.1219043749733828,0.12234062497736886,129604,106724,64,64,True,True,False,False,106724,64,True,64,0.01,,160,0,False,total_elems,129604,106724,1,1,,,,0.0,64,4,106724,1992,158,40,,,0,0,,,,,,,,,,,,,,,,,,
33.64115325000603,absorbing,,,,,,,R,149,132,237,247,276,258,534,4,1,534,0.07283737498801202,0.053734041983261704,0.12657141697127372,0.12698133301455528,119360,96180,64,64,True,True,False,False,96180,64,True,64,0.01,,160,0,False,total_elems,119360,96180,1,1,,,,0.0,64,4,96180,1888,158,40,,,0,0,,,,,,,,,,,,,,,,,,
33.75828608399024,absorbing,,,,,,,R,149,133,237,247,276,259,535,3,1,535,0.0611580410040915,0.040172250010073185,0.10133029101416469,0.10175945801893249,112620,89484,64,62,True,False,False,False,89484,62,False,64,0.01,,160,0,False,total_elems,112620,89484,1,1,,,,0.0,62,4,89484,1864,158,40,,,0,0,,,,,,,,,,,,,,,,,,
33.87267000001157,absorbing,,,,,,,R,149,134,237,247,276,259,535,4,0,535,0.058824957988690585,0.03986791695933789,0.09869287494802848,0.0991129589965567,110968,81448,64,59,True,False,False,False,81448,59,False,64,0.01,,160,0,False,total_elems,110968,81448,1,1,,,,0.0,59,4,81448,1792,158,40,,,0,0,,,,,,,,,,,,,,,,,,
33.978273209009785,absorbing,,,,,,,R,149,135,237,247,276,259,535,5,0,535,0.0524415840045549,0.037357459019403905,0.0897990430239588,0.09020545799285173,99368,77180,64,57,True,False,False,False,77180,57,False,64,0.01,,160,0,False,total_elems,99368,77180,1,1,,,,0.0,57,4,77180,1744,158,40,,,0,0,,,,,,,,,,,,,,,,,,
34.08547070901841,absorbing,,,,,,,R,149,136,237,247,276,260,536,4,1,536,0.05053370801033452,0.04081795795354992,0.09135166596388444,0.09175912500359118,93044,71868,63,62,False,False,False,False,71868,62,False,64,0.01,,160,0,False,total_elems,93044,71868,1,1,,,,0.0,62,4,71868,1700,158,40,,,0,0,,,,,,,,,,,,,,,,,,
34.246325250016525,absorbing,,,,,,,R,149,137,237,247,276,262,538,1,2,538,0.10804733296390623,0.03633995802374557,0.1443872909876518,0.14483804197516292,91376,72676,59,56,False,False,False,False,72676,56,False,64,0.01,,160,0,False,total_elems,91376,72676,1,1,,,,0.0,56,4,72676,1712,158,40,,,0,0,,,,,,,,,,,,,,,,,,
34.349930291995406,absorbing,,,,,,,R,149,138,237,247,276,263,539,3,1,539,0.04352716699941084,0.04402833397034556,0.0875555009697564,0.08797141700051725,94104,85860,59,64,False,True,False,False,85860,64,True,64,0.01,,160,0,False,total_elems,94104,85860,1,1,,,,0.0,64,4,85860,1776,158,40,,,0,0,,,,,,,,,,,,,,,,,,
34.46034791698912,absorbing,,,,,,,R,149,139,237,247,276,265,541,3,2,541,0.04670812498079613,0.047340207966044545,0.09404833294684067,0.09446212503826246,103512,88908,60,60,False,False,False,False,88908,60,False,64,0.01,,160,0,False,total_elems,103512,88908,1,1,,,,0.0,60,4,88908,1794,158,40,,,0,0,,,,,,,,,,,,,,,,,,
34.57062725001015,absorbing,,,,,,,R,149,140,237,247,276,265,541,5,0,541,0.046787958999630064,0.04710904200328514,0.0938970010029152,0.09432283404748887,105256,80752,58,64,False,True,False,False,80752,64,True,64,0.01,,160,0,False,total_elems,105256,80752,1,1,,,,0.0,64,4,80752,1726,158,40,,,0,0,,,,,,,,,,,,,,,,,,
34.669121625018306,absorbing,,,,,,,R,149,141,237,247,276,265,541,7,0,541,0.044818707974627614,0.037569791020359844,0.08238849899498746,0.08277862501563504,96680,86168,58,63,False,False,False,False,86168,63,False,64,0.01,,160,0,False,total_elems,96680,86168,1,1,,,,0.0,63,4,86168,1792,158,40,,,0,0,,,,,,,,,,,,,,,,,,
34.77615525003057,absorbing,,,,,,,R,149,142,237,247,276,267,543,5,2,543,0.04909466695971787,0.04186695802491158,0.09096162498462945,0.09139745798893273,101776,84192,64,58,True,False,False,False,84192,58,False,64,0.01,,160,0,False,total_elems,101776,84192,1,1,,,,0.0,58,4,84192,1768,158,40,,,0,0,,,,,,,,,,,,,,,,,,
34.88306104199728,absorbing,,,,,,,R,149,143,237,247,276,269,545,7,2,545,0.04708995803957805,0.04377491702325642,0.09086487506283447,0.09125854197191074,98632,88824,64,60,True,False,False,False,88824,60,False,64,0.01,,160,0,False,total_elems,98632,88824,1,1,,,,0.0,60,4,88824,1824,158,40,,,0,0,,,,,,,,,,,,,,,,,,
34.99672091699904,absorbing,,,,,,,R,149,144,237,247,276,271,547,7,2,547,0.05291412502992898,0.04451541701564565,0.09742954204557464,0.09783304197480902,101936,91548,63,64,False,True,False,False,91548,64,True,64,0.01,,160,0,False,total_elems,101936,91548,1,1,,,,0.0,64,4,91548,1862,158,40,,,0,0,,,,,,,,,,,,,,,,,,
35.1198054170236,absorbing,,,,,,,R,149,145,237,247,276,274,550,4,3,550,0.059954875032417476,0.0468400830286555,0.10679495806107298,0.10721054096939042,111900,95732,64,60,True,False,False,False,95732,60,False,64,0.01,,160,0,False,total_elems,111900,95732,1,1,,,,0.0,60,4,95732,1928,158,40,,,0,0,,,,,,,,,,,,,,,,,,
35.24863812502008,absorbing,,,,,,,R,149,146,237,247,276,276,552,5,2,552,0.06181762501364574,0.05025883298367262,0.11207645799731836,0.11248766700737178,112848,110156,64,64,True,True,False,False,110156,64,True,64,0.01,,160,0,False,total_elems,112848,110156,1,1,,,,0.0,64,4,110156,2066,158,40,,,0,0,,,,,,,,,,,,,,,,,,
35.390533666999545,absorbing,,,,,,,L,150,146,237,247,278,276,554,7,2,554,0.06502416700823233,0.060077999951317906,0.12510216695955023,0.1255373329622671,123084,123620,64,64,True,True,False,False,123084,64,True,64,0.01,,160,0,False,total_elems,123084,123620,1,1,,,,0.0,64,4,123084,2164,158,40,,,0,0,,,,,,,,,,,,,,,,,,
35.531747333996464,absorbing,,,,,,,L,151,146,237,247,279,276,555,7,1,555,0.06106041697785258,0.0632588749867864,0.12431929196463898,0.12474804202793166,106032,126012,58,58,False,False,False,False,106032,58,False,64,0.01,,160,0,False,total_elems,106032,126012,1,1,,,,0.0,58,4,106032,2018,158,40,,,0,0,,,,,,,,,,,,,,,,,,
35.73374591697939,absorbing,,,,,,,R,151,147,237,247,279,279,558,4,3,558,0.1283592500258237,0.056931666971649975,0.1852909169974737,0.1857027499936521,123100,105544,64,64,True,True,False,False,105544,64,True,64,0.01,,160,0,False,total_elems,123100,105544,1,1,,,,0.0,64,4,105544,1984,158,40,,,0,0,,,,,,,,,,,,,,,,,,
35.931513333984185,absorbing,,,,,,,R,151,148,237,247,279,279,558,7,0,558,0.13102670898661017,0.050027750025037676,0.18105445901164785,0.18145483400439844,106508,102504,64,62,True,False,False,False,102504,62,False,64,0.01,,160,0,False,total_elems,106508,102504,1,1,,,,0.0,62,4,102504,1950,158,40,,,0,0,,,,,,,,,,,,,,,,,,
36.14275800000178,absorbing,,,,,,,R,151,149,237,247,279,280,559,6,1,559,0.13228074996732175,0.06201920902822167,0.19429995899554342,0.19473212503362447,118564,117888,64,64,True,True,False,False,117888,64,True,64,0.01,,160,0,False,total_elems,118564,117888,1,1,,,,0.0,64,4,117888,2056,158,40,,,0,0,,,,,,,,,,,,,,,,,,
36.35984179202933,absorbing,,,,,,,R,151,150,237,247,279,281,560,7,1,560,0.13436508300947025,0.06548341701272875,0.199848500022199,0.20027004199801013,139908,124832,64,64,True,True,False,False,124832,64,True,64,0.01,,160,0,False,total_elems,139908,124832,1,1,,,,0.0,64,4,124832,2098,158,40,,,0,0,,,,,,,,,,,,,,,,,,
36.54172016703524,absorbing,,,,,,,R,151,151,237,247,279,282,561,4,1,561,0.11761595797725022,0.04666729201562703,0.16428324999287724,0.16493691701907665,113416,98796,64,56,True,False,False,False,98796,56,False,64,0.01,,160,0,False,total_elems,113416,98796,1,1,,,,0.0,56,4,98796,1948,158,40,,,0,0,,,,,,,,,,,,,,,,,,
36.686899541993625,absorbing,,,,,,,R,151,152,237,247,279,285,564,3,3,564,0.08416395797394216,0.04381404200103134,0.1279779999749735,0.12842320901108906,99116,87164,64,48,True,False,False,False,87164,48,False,64,0.01,,160,0,False,total_elems,99116,87164,1,1,,,,0.0,48,4,87164,1868,158,40,,,0,0,,,,,,,,,,,,,,,,,,
36.81530108401785,absorbing,,,,,,,L,152,152,237,247,283,285,568,4,4,568,0.0695333750336431,0.04139704100089148,0.11093041603453457,0.11134687496814877,88280,88348,64,64,True,True,False,False,88280,64,True,64,0.01,,160,0,False,total_elems,88280,88348,1,1,,,,0.0,64,4,88280,1880,158,40,,,0,0,,,,,,,,,,,,,,,,,,
36.921457541990094,absorbing,,,,,,,R,152,153,237,247,283,286,569,5,1,569,0.04878241702681407,0.040522958035580814,0.08930537506239489,0.08972104202257469,98616,94276,64,64,True,True,False,False,94276,64,True,64,0.01,,160,0,False,total_elems,98616,94276,1,1,,,,0.0,64,4,94276,1976,158,40,,,0,0,,,,,,,,,,,,,,,,,,
37.040082124993205,absorbing,,,,,,,R,152,154,237,247,283,288,571,5,2,571,0.04697712499182671,0.05456287495326251,0.10153999994508922,0.10194399999454618,106908,103760,64,64,True,True,False,False,103760,64,True,64,0.01,,160,0,False,total_elems,106908,103760,1,1,,,,0.0,64,4,103760,2026,158,40,,,0,0,,,,,,,,,,,,,,,,,,
37.15565241698641,absorbing,,,,,,,R,152,155,237,247,283,290,573,4,2,573,0.04895870899781585,0.04918495798483491,0.09814366698265076,0.0985619580023922,113804,106280,64,57,True,False,False,False,106280,57,False,64,0.01,,160,0,False,total_elems,113804,106280,1,1,,,,0.0,57,4,106280,2032,158,40,,,0,0,,,,,,,,,,,,,,,,,,
37.26534037501551,absorbing,,,,,,,R,152,156,237,247,283,291,574,3,1,574,0.04811849998077378,0.04410812497371808,0.09222662495449185,0.09267083398299292,116884,94236,64,52,True,False,False,False,94236,52,False,64,0.01,,160,0,False,total_elems,116884,94236,1,1,,,,0.0,52,4,94236,1940,158,40,,,0,0,,,,,,,,,,,,,,,,,,
37.371784167014994,absorbing,,,,,,,R,152,157,237,247,283,291,574,5,0,574,0.04577445797622204,0.04351454199058935,0.08928899996681139,0.08969312498811632,105940,95288,61,48,False,False,False,False,95288,48,False,64,0.01,,160,0,False,total_elems,105940,95288,1,1,,,,0.0,48,4,95288,1922,158,40,,,0,0,,,,,,,,,,,,,,,,,,
37.49080020899419,absorbing,,,,,,,R,152,158,237,247,283,291,574,6,0,574,0.04767545801587403,0.05393595795612782,0.10161141597200185,0.10207337496103719,101364,98232,64,56,True,False,False,False,98232,56,False,64,0.01,,160,0,False,total_elems,101364,98232,1,1,,,,0.0,56,4,98232,1934,158,40,,,0,0,,,,,,,,,,,,,,,,,,
37.62436399998842,absorbing,,,,,,,L,153,158,237,247,284,291,575,7,1,575,0.047407542006112635,0.06856054201489314,0.11596808402100578,0.11637824994977564,101564,112380,64,64,True,True,False,False,101564,64,True,64,0.01,,160,0,False,total_elems,101564,112380,1,1,,,,0.0,64,4,101564,2006,158,40,,,0,0,,,,,,,,,,,,,,,,,,
37.781371416989714,absorbing,,,,,,,R,153,159,237,247,284,292,576,7,1,576,0.0761951669701375,0.06345175002934411,0.13964691699948162,0.14007370796753094,125776,106760,64,64,True,True,False,False,106760,64,True,64,0.01,,160,0,False,total_elems,125776,106760,1,1,,,,0.0,64,4,106760,2018,158,40,,,0,0,,,,,,,,,,,,,,,,,,
37.9506881670095,absorbing,,,,,,,L,154,159,237,247,285,292,577,5,1,577,0.08293345797574148,0.0692126250360161,0.15214608301175758,0.15254908299539238,115140,120048,64,64,True,True,False,False,115140,64,True,64,0.01,,160,0,False,total_elems,115140,120048,1,1,,,,0.0,64,4,115140,2030,158,40,,,0,0,,,,,,,,,,,,,,,,,,
38.09196041699033,absorbing,,,,,,,L,155,159,237,247,286,292,578,5,1,578,0.05381241696886718,0.07004366698674858,0.12385608395561576,0.1243031250196509,107456,123592,59,64,False,True,False,False,107456,59,False,64,0.01,,160,0,False,total_elems,107456,123592,1,1,,,,0.0,59,4,107456,2008,158,40,,,0,0,,,,,,,,,,,,,,,,,,
38.238343209028244,absorbing,,,,,,,L,156,159,237,247,287,292,579,7,1,579,0.06478874996537343,0.06409150001127273,0.12888024997664616,0.1292906659655273,102052,114788,54,62,False,False,False,False,102052,54,False,64,0.01,,160,0,False,total_elems,102052,114788,1,1,,,,0.0,54,4,102052,1940,158,40,,,0,0,,,,,,,,,,,,,,,,,,
38.387736750009935,absorbing,,,,,,,R,156,160,237,247,287,293,580,6,1,580,0.07307495799614117,0.05841195804532617,0.13148691604146734,0.13190333399688825,108864,106616,56,64,False,True,False,False,106616,64,True,64,0.01,,160,0,False,total_elems,108864,106616,1,1,,,,0.0,64,4,106616,1952,158,40,,,0,0,,,,,,,,,,,,,,,,,,
38.54717741702916,absorbing,,,,,,,R,156,161,237,247,287,295,582,4,2,582,0.07740012503927574,0.06410312501247972,0.14150325005175546,0.14195479202317074,111784,99196,56,64,False,True,False,False,99196,64,True,64,0.01,,160,0,False,total_elems,111784,99196,1,1,,,,0.0,64,4,99196,1870,158,40,,,0,0,,,,,,,,,,,,,,,,,,
38.68597312498605,absorbing,,,,,,,R,156,162,237,247,287,298,585,3,3,585,0.06429270800435916,0.05669666704488918,0.12098937504924834,0.12140500004170462,93296,89840,64,58,True,False,False,False,89840,58,False,64,0.01,,160,0,False,total_elems,93296,89840,1,1,,,,0.0,58,4,89840,1804,158,40,,,0,0,,,,,,,,,,,,,,,,,,
38.822423917008564,absorbing,,,,,,,R,156,163,237,247,287,299,586,8,1,586,0.06134829198708758,0.057397875003516674,0.11874616699060425,0.11916758300503716,89764,86928,64,55,True,False,False,False,86928,55,False,64,0.01,,160,0,False,total_elems,89764,86928,1,1,,,,0.0,55,4,86928,1846,158,40,,,0,0,,,,,,,,,,,,,,,,,,
38.957748833985534,absorbing,,,,,,,L,157,163,237,247,288,299,587,7,1,587,0.05696145800175145,0.06025129201589152,0.11721275001764297,0.11763608298497275,86396,88828,45,47,False,False,False,False,86396,45,False,64,0.01,,160,0,False,total_elems,86396,88828,1,1,,,,0.0,45,4,86396,1822,158,40,,,0,0,,,,,,,,,,,,,,,,,,
39.122304250020534,absorbing,,,,,,,R,157,164,237,247,288,302,590,7,3,590,0.08521654101787135,0.06174791697412729,0.14696445799199864,0.14737770904321223,102508,85088,64,47,True,False,False,False,85088,47,False,64,0.01,,160,0,False,total_elems,102508,85088,1,1,,,,0.0,47,4,85088,1846,158,40,,,0,0,,,,,,,,,,,,,,,,,,
39.27838183398126,absorbing,,,,,,,R,157,165,237,247,288,304,592,7,2,592,0.07933279097778723,0.05647766700712964,0.13581045798491687,0.13623654196271673,91808,87232,64,64,True,True,False,False,87232,64,True,64,0.01,,160,0,False,total_elems,91808,87232,1,1,,,,0.0,64,4,87232,1878,158,40,,,0,0,,,,,,,,,,,,,,,,,,
39.423797417024616,absorbing,,,,,,,R,157,166,237,247,288,305,593,7,1,593,0.0767473749583587,0.048961041029542685,0.1257084159879014,0.12621958402451128,93460,81336,61,60,False,False,False,False,81336,60,False,64,0.01,,160,0,False,total_elems,93460,81336,1,1,,,,0.0,60,4,81336,1836,158,40,,,0,0,,,,,,,,,,,,,,,,,,
39.56018387502991,absorbing,,,,,,,L,158,166,237,247,292,305,597,5,4,597,0.07116908399621025,0.04607408301671967,0.11724316701292992,0.11767216701991856,85492,94364,56,60,False,False,False,False,85492,56,False,64,0.01,,160,0,False,total_elems,85492,94364,1,1,,,,0.0,56,4,85492,1872,158,40,,,0,0,,,,,,,,,,,,,,,,,,
39.707095958990976,absorbing,,,,,,,R,158,167,237,247,292,305,597,7,0,597,0.08401004102779552,0.043151916994247586,0.1271619580220431,0.12759741599438712,97848,92340,64,56,True,False,False,False,92340,56,False,64,0.01,,160,0,False,total_elems,97848,92340,1,1,,,,0.0,56,4,92340,1864,158,40,,,0,0,,,,,,,,,,,,,,,,,,
39.901014250004664,absorbing,,,,,,,L,159,167,237,247,294,305,599,7,2,599,0.1175576249952428,0.05761725001502782,0.17517487501027063,0.1756237919908017,91656,92088,64,64,True,True,False,False,91656,64,True,64,0.01,,160,0,False,total_elems,91656,92088,1,1,,,,0.0,64,4,91656,1846,158,40,,,0,0,,,,,,,,,,,,,,,,,,
40.033757625031285,absorbing,,,,,,,L,160,167,237,247,295,305,600,8,1,600,0.05594799999380484,0.057479667011648417,0.11342766700545326,0.113886708044447,86396,93204,62,64,False,True,False,False,86396,62,False,64,0.01,,160,0,False,total_elems,86396,93204,1,1,,,,0.0,62,4,86396,1812,158,40,,,0,0,,,,,,,,,,,,,,,,,,
40.19715762499254,absorbing,,,,,,,R,160,168,237,247,295,306,601,8,1,601,0.09448166703805327,0.050398833001963794,0.14488050004001707,0.14528624998638406,115196,88092,64,64,True,True,False,False,88092,64,True,64,0.01,,160,0,False,total_elems,115196,88092,1,1,,,,0.0,64,4,88092,1776,158,40,,,0,0,,,,,,,,,,,,,,,,,,
40.376461791980546,absorbing,,,,,,,R,160,169,237,247,295,309,604,7,3,604,0.10868616600055248,0.052446541958488524,0.161132707959041,0.16163262497866526,107864,83036,64,56,True,False,False,False,83036,56,False,64,0.01,,160,0,False,total_elems,107864,83036,1,1,,,,0.0,56,4,83036,1750,158,40,,,0,0,,,,,,,,,,,,,,,,,,
40.56335129198851,absorbing,,,,,,,R,160,170,237,247,295,312,607,8,3,607,0.10933220898732543,0.05850933404872194,0.16784154303604737,0.16836883296491578,100800,95452,64,64,True,True,False,False,95452,64,True,64,0.01,,160,0,False,total_elems,100800,95452,1,1,,,,0.0,64,4,95452,1900,158,40,,,0,0,,,,,,,,,,,,,,,,,,
40.76507366698934,absorbing,,,,,,,R,160,171,237,247,295,316,611,7,4,611,0.11150533298496157,0.07104025001171976,0.18254558299668133,0.1829709159792401,114056,112000,64,63,True,False,False,False,112000,63,False,64,0.01,,160,0,False,total_elems,114056,112000,1,1,,,,0.0,63,4,112000,2042,158,40,,,0,0,,,,,,,,,,,,,,,,,,
41.03487520903582,absorbing,,,,,,,R,160,172,237,247,295,317,612,7,1,612,0.1597193750203587,0.07007729198085144,0.22979666700121015,0.23021262499969453,120496,112360,64,64,True,True,False,False,112360,64,True,64,0.01,,160,0,False,total_elems,120496,112360,1,1,,,,0.0,64,4,112360,2028,158,40,,,0,0,,,,,,,,,,,,,,,,,,
41.241126958979294,absorbing,,,,,,,R,160,173,237,247,295,319,614,5,2,614,0.12331870797788724,0.06452483305474743,0.18784354103263468,0.18829600000754,117292,112668,64,64,True,True,False,False,112668,64,True,64,0.01,,160,0,False,total_elems,117292,112668,1,1,,,,0.0,64,4,112668,2020,158,40,,,0,0,,,,,,,,,,,,,,,,,,
41.45103012502659,absorbing,,,,,,,R,160,174,237,247,295,322,617,4,3,617,0.12855012499494478,0.061163875041529536,0.18971400003647432,0.19044224999379367,119184,94888,64,64,True,True,False,False,94888,64,True,64,0.01,,160,0,False,total_elems,119184,94888,1,1,,,,0.0,64,4,94888,1880,158,40,,,0,0,,,,,,,,,,,,,,,,,,
41.6321568749845,absorbing,,,,,,,R,160,175,237,247,295,323,618,6,1,618,0.1085929159889929,0.0545666660182178,0.1631595820072107,0.16359208396170288,106436,91676,64,64,True,True,False,False,91676,64,True,64,0.01,,160,0,False,total_elems,106436,91676,1,1,,,,0.0,64,4,91676,1862,158,40,,,0,0,,,,,,,,,,,,,,,,,,
41.79286516702268,absorbing,,,,,,,R,160,176,237,247,295,327,622,3,4,622,0.088999291008804,0.05334487499203533,0.14234416600083932,0.14273270801641047,106452,100692,64,56,True,False,False,False,100692,56,False,64,0.01,,160,0,False,total_elems,106452,100692,1,1,,,,0.0,56,4,100692,1948,158,40,,,0,0,,,,,,,,,,,,,,,,,,
41.95382658398012,absorbing,,,,,,,L,161,176,237,247,297,327,624,6,2,624,0.09157704201061279,0.051773375016637146,0.14335041702724993,0.14373583300039172,110264,111244,64,64,True,True,False,False,110264,64,True,64,0.01,,160,0,False,total_elems,110264,111244,1,1,,,,0.0,64,4,110264,1966,158,40,,,0,0,,,,,,,,,,,,,,,,,,
42.10354004200781,absorbing,,,,,,,R,161,177,237,247,297,328,625,6,1,625,0.07099862501490861,0.061010792036540806,0.13200941705144942,0.13240270904498175,109488,106788,64,64,True,True,False,False,106788,64,True,64,0.01,,160,0,False,total_elems,109488,106788,1,1,,,,0.0,64,4,106788,1940,158,40,,,0,0,,,,,,,,,,,,,,,,,,
42.25510566699086,absorbing,,,,,,,L,162,177,237,247,299,328,627,6,2,627,0.07170058396877721,0.06220720801502466,0.13390779198380187,0.13430012500612065,104524,109432,64,64,True,True,False,False,104524,64,True,64,0.01,,160,0,False,total_elems,104524,109432,1,1,,,,0.0,64,4,104524,1870,158,40,,,0,0,,,,,,,,,,,,,,,,,,
42.391666708979756,absorbing,,,,,,,L,163,177,237,247,301,328,629,5,2,629,0.057621541956905276,0.06073970801662654,0.11836124997353181,0.11874616600107402,97812,108756,64,59,True,False,False,False,97812,64,True,64,0.01,,160,0,False,total_elems,97812,108756,1,1,,,,0.0,64,4,97812,1848,158,40,,,0,0,,,,,,,,,,,,,,,,,,
42.51822116703261,absorbing,,,,,,,L,164,177,237,247,303,328,631,5,2,631,0.04901129100471735,0.05939458397915587,0.10840587498387322,0.10881708399392664,88632,98236,61,64,False,True,False,False,88632,61,False,64,0.01,,160,0,False,total_elems,88632,98236,1,1,,,,0.0,61,4,88632,1782,158,40,,,0,0,,,,,,,,,,,,,,,,,,
42.63560575002339,absorbing,,,,,,,L,165,177,237,247,305,328,633,3,2,633,0.04590370802907273,0.05217500001890585,0.09807870804797858,0.09847862500464544,79936,92816,58,64,False,True,False,False,79936,58,False,64,0.01,,160,0,False,total_elems,79936,92816,1,1,,,,0.0,58,4,79936,1714,158,40,,,0,0,,,,,,,,,,,,,,,,,,
42.74326137499884,absorbing,,,,,,,L,166,177,237,247,306,328,634,5,1,634,0.039253750001080334,0.049884459003806114,0.08913820900488645,0.0895244589773938,80316,86580,56,64,False,True,False,False,80316,56,False,64,0.01,,160,0,False,total_elems,80316,86580,1,1,,,,0.0,56,4,80316,1706,158,40,,,0,0,,,,,,,,,,,,,,,,,,
42.845544459007215,absorbing,,,,,,,L,167,177,237,247,306,328,634,7,0,634,0.034462584007997066,0.04945504100760445,0.08391762501560152,0.08434445800958201,72240,84300,52,64,False,True,False,False,72240,52,False,64,0.01,,160,0,False,total_elems,72240,84300,1,1,,,,0.0,52,4,72240,1648,158,40,,,0,0,,,,,,,,,,,,,,,,,,
42.97700600000098,absorbing,,,,,,,R,167,178,237,247,306,332,638,4,4,638,0.06814608298009261,0.0456346669816412,0.11378074996173382,0.11415070795919746,87240,78356,64,64,True,True,False,False,78356,64,True,64,0.01,,160,0,False,total_elems,87240,78356,1,1,,,,0.0,64,4,78356,1742,158,40,,,0,0,,,,,,,,,,,,,,,,,,
43.111473124998156,absorbing,,,,,,,L,168,178,237,247,308,332,640,5,2,640,0.06740883301245049,0.0492880410165526,0.11669687402900308,0.11715587502112612,90888,95640,64,64,True,True,False,False,90888,64,True,64,0.01,,160,0,False,total_elems,90888,95640,1,1,,,,0.0,64,4,90888,1816,158,40,,,0,0,,,,,,,,,,,,,,,,,,
43.2178788750316,absorbing,,,,,,,L,169,178,237,247,309,332,641,6,1,641,0.03898779099108651,0.049514666956383735,0.08850245794747025,0.08885724999709055,76228,103704,56,64,False,True,False,False,76228,56,False,64,0.01,,160,0,False,total_elems,76228,103704,1,1,,,,0.0,56,4,76228,1722,158,40,,,0,0,,,,,,,,,,,,,,,,,,
43.3388374170172,absorbing,,,,,,,L,170,178,237,247,311,332,643,4,2,643,0.05724183295387775,0.045477000006940216,0.10271883296081796,0.10308220802107826,79256,92176,64,64,True,True,False,False,79256,64,True,64,0.01,,160,0,False,total_elems,79256,92176,1,1,,,,0.0,64,4,79256,1722,158,40,,,0,0,,,,,,,,,,,,,,,,,,
43.440431917028036,absorbing,,,,,,,L,171,178,237,247,313,332,645,5,2,645,0.03413020900916308,0.04946187499444932,0.0835920840036124,0.08398391702212393,71240,90136,61,64,False,True,False,False,71240,61,False,64,0.01,,160,0,False,total_elems,71240,90136,1,1,,,,0.0,61,4,71240,1694,158,40,,,0,0,,,,,,,,,,,,,,,,,,
43.562510667019524,absorbing,,,,,,,L,172,178,237,247,315,332,647,6,2,647,0.0397401669761166,0.04455450002569705,0.08429466700181365,0.08467662503244355,73140,87068,57,64,False,True,False,False,73140,57,False,64,0.01,,160,0,False,total_elems,73140,87068,1,1,,,,0.0,57,4,73140,1724,158,40,,,0,0,,,,,,,,,,,,,,,,,,
43.67057716700947,absorbing,,,,,,,L,173,178,237,247,316,332,648,7,1,648,0.04144841601373628,0.04843429196625948,0.08988270797999576,0.09027658303966746,85844,91240,58,64,False,True,False,False,85844,58,False,64,0.01,,160,0,False,total_elems,85844,91240,1,1,,,,0.0,58,4,85844,1804,158,40,,,0,0,,,,,,,,,,,,,,,,,,
43.803071542002726,absorbing,,,,,,,R,173,179,237,247,316,336,652,4,4,652,0.06019525002921,0.053748207981698215,0.11394345801090822,0.11433549999492243,94924,89392,64,64,True,True,False,False,89392,64,True,64,0.01,,160,0,False,total_elems,94924,89392,1,1,,,,0.0,64,4,89392,1820,158,40,,,0,0,,,,,,,,,,,,,,,,,,
43.94370429200353,absorbing,,,,,,,L,174,179,237,247,319,336,655,6,3,655,0.061406166991218925,0.05848879204131663,0.11989495903253555,0.12026341701857746,88356,94928,61,64,False,True,False,False,88356,61,False,64,0.01,,160,0,False,total_elems,88356,94928,1,1,,,,0.0,61,4,88356,1812,158,40,,,0,0,,,,,,,,,,,,,,,,,,
44.06101866700919,absorbing,,,,,,,L,175,179,237,247,322,336,658,5,3,658,0.04763212497346103,0.05160091700963676,0.09923304198309779,0.09960449999198318,75684,90972,57,64,False,True,False,False,75684,57,False,64,0.01,,160,0,False,total_elems,75684,90972,1,1,,,,0.0,57,4,75684,1710,158,40,,,0,0,,,,,,,,,,,,,,,,,,
44.1725453340332,absorbing,,,,,,,R,175,180,237,247,322,337,659,7,1,659,0.04590983397793025,0.04744691599626094,0.09335674997419119,0.09371254098368809,81780,78612,55,64,False,True,False,False,78612,64,True,64,0.01,,160,0,False,total_elems,81780,78612,1,1,,,,0.0,64,4,78612,1670,158,40,,,0,0,,,,,,,,,,,,,,,,,,
44.27883587498218,absorbing,,,,,,,L,176,180,237,247,324,337,661,5,2,661,0.043461999972350895,0.04471583297709003,0.08817783294944093,0.08857704198453575,72808,76684,64,64,True,True,False,False,72808,64,True,64,0.01,,160,0,False,total_elems,72808,76684,1,1,,,,0.0,64,4,72808,1688,158,40,,,0,0,,,,,,,,,,,,,,,,,,
44.37268462503562,absorbing,,,,,,,L,177,180,237,247,325,337,662,7,1,662,0.0318762919632718,0.04332116601290181,0.07519745797617361,0.0755618330440484,61624,75660,60,60,False,False,False,False,61624,60,False,64,0.01,,160,0,False,total_elems,61624,75660,1,1,,,,0.0,60,4,61624,1588,158,40,,,0,0,,,,,,,,,,,,,,,,,,
44.466854083992075,absorbing,,,,,,,L,178,180,237,247,329,337,666,4,4,666,0.036756708985194564,0.03933079197304323,0.0760875009582378,0.07645683403825387,62628,62876,54,54,False,False,False,False,62628,54,False,64,0.01,,160,0,False,total_elems,62628,62876,1,1,,,,0.0,54,4,62628,1634,158,40,,,0,0,,,,,,,,,,,,,,,,,,
44.55689250002615,absorbing,,,,,,,L,179,180,237,247,330,337,667,5,1,667,0.03020174999255687,0.04113437497289851,0.07133612496545538,0.07172591704875231,53324,62388,51,51,False,False,False,False,53324,51,False,64,0.01,,160,0,False,total_elems,53324,62388,1,1,,,,0.0,51,4,53324,1522,158,40,,,0,0,,,,,,,,,,,,,,,,,,
44.64259416703135,absorbing,,,,,,,L,180,180,237,247,332,337,669,4,2,669,0.0323109999881126,0.034645792038645595,0.0669567920267582,0.0673407920403406,46684,51708,48,48,False,False,False,False,46684,48,False,64,0.01,,160,0,False,total_elems,46684,51708,1,1,,,,0.0,48,4,46684,1420,158,40,,,0,0,,,,,,,,,,,,,,,,,,
44.72143962502014,absorbing,,,,,,,L,181,180,237,247,333,337,670,3,1,670,0.027926291979383677,0.03222724999068305,0.060153541970066726,0.060511708026751876,44972,46828,46,46,False,False,False,False,44972,46,False,64,0.01,,160,0,False,total_elems,44972,46828,1,1,,,,0.0,46,4,44972,1398,158,40,,,0,0,,,,,,,,,,,,,,,,,,
44.79917045898037,absorbing,,,,,,,L,182,180,237,247,334,337,671,4,1,671,0.028201250010170043,0.0307776250410825,0.058978875051252544,0.059350249997805804,38128,43440,42,42,False,False,False,False,38128,42,False,64,0.01,,160,0,False,total_elems,38128,43440,1,1,,,,0.0,42,4,38128,1304,158,40,,,0,0,,,,,,,,,,,,,,,,,,
44.8765823750291,absorbing,,,,,,,R,182,181,237,247,334,339,673,6,2,673,0.030337957956362516,0.028271916962694377,0.05860987491905689,0.058945125027094036,40728,38872,39,38,False,False,False,False,38872,38,False,64,0.01,,160,0,False,total_elems,40728,38872,1,1,,,,0.0,38,4,38872,1282,158,40,,,0,0,,,,,,,,,,,,,,,,,,
44.948847124993335,absorbing,,,,,,,R,182,182,237,247,334,340,674,7,1,674,0.029148374975193292,0.02487841696711257,0.05402679194230586,0.05434983398299664,42632,37528,37,36,False,False,False,False,37528,36,False,64,0.01,,160,0,False,total_elems,42632,37528,1,1,,,,0.0,36,4,37528,1272,158,40,,,0,0,,,,,,,,,,,,,,,,,,
45.02632491698023,absorbing,,,,,,,L,183,182,237,247,336,340,676,3,2,676,0.02802916697692126,0.03111229103524238,0.05914145801216364,0.05946979101281613,40712,42484,35,41,False,False,False,False,40712,35,False,64,0.01,,160,0,False,total_elems,40712,42484,1,1,,,,0.0,35,4,40712,1304,158,40,,,0,0,,,,,,,,,,,,,,,,,,
45.1095193750225,absorbing,,,,,,,L,184,182,237,247,340,340,680,3,4,680,0.031726457993499935,0.032367915962822735,0.06409437395632267,0.06442537496332079,42216,47368,53,58,False,False,False,False,42216,53,False,64,0.01,,160,0,False,total_elems,42216,47368,1,1,,,,0.0,53,4,42216,1304,158,40,,,0,0,,,,,,,,,,,,,,,,,,
45.200738916988485,absorbing,,,,,,,L,185,182,237,247,344,340,684,3,4,684,0.03658058401197195,0.036258457985240966,0.07283904199721292,0.07318787497933954,47316,49640,48,51,False,False,False,False,47316,48,False,64,0.01,,160,0,False,total_elems,47316,49640,1,1,,,,0.0,48,4,47316,1362,158,40,,,0,0,,,,,,,,,,,,,,,,,,
45.28729775000829,absorbing,,,,,,,L,186,182,237,247,345,340,685,3,1,685,0.031252415967173874,0.03698333300417289,0.06823574897134677,0.06855741702020168,49544,53436,43,64,False,True,False,False,49544,43,False,64,0.01,,160,0,False,total_elems,49544,53436,1,1,,,,0.0,43,4,49544,1380,158,40,,,0,0,,,,,,,,,,,,,,,,,,
45.416808958980255,absorbing,,,,,,,L,187,182,237,247,345,340,685,5,0,685,0.07306370796868578,0.03776458295760676,0.11082829092629254,0.11118591704871505,53144,56344,56,57,False,False,False,False,53144,56,False,64,0.01,,160,0,False,total_elems,53144,56344,1,1,,,,0.0,56,4,53144,1388,158,40,,,0,0,,,,,,,,,,,,,,,,,,
45.525091667019296,absorbing,,,,,,,R,187,183,237,247,345,344,689,6,4,689,0.04597570898476988,0.043061874981503934,0.08903758396627381,0.08941333298571408,62564,61872,64,52,True,False,False,False,61872,52,False,64,0.01,,160,0,False,total_elems,62564,61872,1,1,,,,0.0,52,4,61872,1480,158,40,,,0,0,,,,,,,,,,,,,,,,,,
45.62741449999157,absorbing,,,,,,,R,187,184,237,247,345,346,691,6,2,691,0.05034800001885742,0.032939249998889863,0.08328725001774728,0.08365116699133068,75628,64064,62,49,False,False,False,False,64064,49,False,64,0.01,,160,0,False,total_elems,75628,64064,1,1,,,,0.0,49,4,64064,1524,158,40,,,0,0,,,,,,,,,,,,,,,,,,
45.73625445901416,absorbing,,,,,,,R,187,185,237,247,345,346,691,12,0,691,0.04911770799662918,0.04064074996858835,0.08975845796521753,0.09015224996255711,76212,73796,58,57,False,False,False,False,73796,57,False,64,0.01,,160,0,False,total_elems,76212,73796,1,1,,,,0.0,57,4,73796,1652,158,40,,,0,0,,,,,,,,,,,,,,,,,,
45.86808587500127,absorbing,,,,,,,L,188,185,237,247,348,346,694,2,3,694,0.054255374998319894,0.058191291987895966,0.11244666698621586,0.11282812501303852,86480,89496,54,53,False,False,False,False,86480,54,False,64,0.01,,160,0,False,total_elems,86480,89496,1,1,,,,0.0,54,4,86480,1758,158,40,,,0,0,,,,,,,,,,,,,,,,,,
45.98434204200748,absorbing,,,,,,,L,189,185,237,247,349,346,695,5,1,695,0.03660145803587511,0.06080133299110457,0.09740279102697968,0.09774362499592826,82216,103116,58,64,False,True,False,False,82216,58,False,64,0.01,,160,0,False,total_elems,82216,103116,1,1,,,,0.0,58,4,82216,1702,158,40,,,0,0,,,,,,,,,,,,,,,,,,
46.09452233399497,absorbing,,,,,,,L,190,185,237,247,350,346,696,4,1,696,0.031861958967056125,0.05967804102692753,0.09153999999398366,0.09187633299734443,70016,97188,50,62,False,False,False,False,70016,50,False,64,0.01,,160,0,False,total_elems,70016,97188,1,1,,,,0.0,50,4,70016,1608,158,40,,,0,0,,,,,,,,,,,,,,,,,,
46.199587834009435,absorbing,,,,,,,L,191,185,237,247,350,346,696,6,0,696,0.03403254196746275,0.05222170799970627,0.08625424996716902,0.08659600000828505,63892,85184,43,56,False,False,False,False,63892,43,False,64,0.01,,160,0,False,total_elems,63892,85184,1,1,,,,0.0,43,4,63892,1558,158,40,,,0,0,,,,,,,,,,,,,,,,,,
46.30088033399079,absorbing,,,,,,,L,192,185,237,247,351,346,697,6,1,697,0.035413125006016344,0.04700729198521003,0.08242041699122638,0.08276199997635558,57208,75624,38,52,False,False,False,False,57208,38,False,64,0.01,,160,0,False,total_elems,57208,75624,1,1,,,,0.0,38,4,57208,1508,158,40,,,0,0,,,,,,,,,,,,,,,,,,
46.414341084018815,absorbing,,,,,,,R,192,186,237,247,351,348,699,11,2,699,0.04867604200262576,0.04513683298137039,0.09381287498399615,0.09415516705485061,80064,66144,64,45,True,False,False,False,66144,45,False,64,0.01,,160,0,False,total_elems,80064,66144,1,1,,,,0.0,45,4,66144,1594,158,40,,,0,0,,,,,,,,,,,,,,,,,,
46.53401233401382,absorbing,,,,,,,R,192,187,237,247,351,350,701,10,2,701,0.05294491699896753,0.04775570804486051,0.10070062504382804,0.1010808750288561,84496,74796,64,61,True,False,False,False,74796,61,False,64,0.01,,160,0,False,total_elems,84496,74796,1,1,,,,0.0,61,4,74796,1684,158,40,,,0,0,,,,,,,,,,,,,,,,,,
46.673045209026895,absorbing,,,,,,,L,193,187,237,247,354,350,704,4,3,704,0.060644084005616605,0.05894824996357784,0.11959233396919444,0.11997520801378414,87612,99040,64,64,True,True,False,False,87612,64,True,64,0.01,,160,0,False,total_elems,87612,99040,1,1,,,,0.0,64,4,87612,1776,158,40,,,0,0,,,,,,,,,,,,,,,,,,
46.80016095901374,absorbing,,,,,,,L,194,187,237,247,356,350,706,5,2,706,0.04355583299184218,0.06364591704914346,0.10720175004098564,0.10758795897709206,77252,100356,60,64,False,True,False,False,77252,60,False,64,0.01,,160,0,False,total_elems,77252,100356,1,1,,,,0.0,60,4,77252,1680,158,40,,,0,0,,,,,,,,,,,,,,,,,,
46.920813792035915,absorbing,,,,,,,L,195,187,237,247,356,350,706,6,0,706,0.04130824998719618,0.05895887495717034,0.10026712494436651,0.1006676250253804,59412,94424,57,64,False,True,False,False,59412,57,False,64,0.01,,160,0,False,total_elems,59412,94424,1,1,,,,0.0,57,4,59412,1526,158,40,,,0,0,,,,,,,,,,,,,,,,,,
47.01881595898885,absorbing,,,,,,,L,196,187,237,247,357,350,707,5,1,707,0.02878141700057313,0.050012457999400795,0.07879387499997392,0.07915633299853653,53604,77068,53,53,False,False,False,False,53604,53,False,64,0.01,,160,0,False,total_elems,53604,77068,1,1,,,,0.0,53,4,53604,1484,158,40,,,0,0,,,,,,,,,,,,,,,,,,
47.12178433401277,absorbing,,,,,,,L,197,187,237,247,360,350,710,3,3,710,0.03970770799787715,0.043534207972697914,0.08324191597057506,0.08361575001617894,56680,68032,49,49,False,False,False,False,56680,49,False,64,0.01,,160,0,False,total_elems,56680,68032,1,1,,,,0.0,49,4,56680,1520,158,40,,,0,0,,,,,,,,,,,,,,,,,,
47.21428970899433,absorbing,,,,,,,L,198,187,237,247,361,350,711,4,1,711,0.029557750036474317,0.04212120902957395,0.07167895906604826,0.07204145798459649,47912,67296,45,45,False,False,False,False,47912,45,False,64,0.01,,160,0,False,total_elems,47912,67296,1,1,,,,0.0,45,4,47912,1418,158,40,,,0,0,,,,,,,,,,,,,,,,,,
47.29749858402647,absorbing,,,,,,,L,199,187,237,247,361,350,711,6,0,711,0.02588958403794095,0.03815304196905345,0.0640426260069944,0.06436104205204174,48228,61384,52,43,False,False,False,False,48228,52,False,64,0.01,,160,0,False,total_elems,48228,61384,1,1,,,,0.0,52,4,48228,1408,158,40,,,0,0,,,,,,,,,,,,,,,,,,
47.393799958983436,absorbing,,,,,,,R,199,188,237,247,361,354,715,9,4,715,0.039970208948943764,0.037038874987047166,0.07700908393599093,0.07736100000329316,65624,60776,61,46,False,False,False,False,60776,46,False,64,0.01,,160,0,False,total_elems,65624,60776,1,1,,,,0.0,46,4,60776,1612,158,40,,,0,0,,,,,,,,,,,,,,,,,,
47.49172512500081,absorbing,,,,,,,R,199,189,237,247,361,358,719,7,4,719,0.03896833298495039,0.039595458016265184,0.07856379100121558,0.07892150001134723,71128,70596,55,58,False,False,False,False,70596,58,False,64,0.01,,160,0,False,total_elems,71128,70596,1,1,,,,0.0,58,4,70596,1714,158,40,,,0,0,,,,,,,,,,,,,,,,,,
47.596816917008255,absorbing,,,,,,,L,200,189,237,247,362,358,720,4,1,720,0.04319524997845292,0.04089112498331815,0.08408637496177107,0.08446916699176654,77740,78016,52,49,False,False,False,False,77740,52,False,64,0.01,,160,0,False,total_elems,77740,78016,1,1,,,,0.0,52,4,77740,1738,158,40,,,0,0,,,,,,,,,,,,,,,,,,
47.70069633400999,absorbing,,,,,,,L,201,189,237,247,364,358,722,4,2,722,0.04240637499606237,0.041596541996113956,0.08400291699217632,0.08437387499725446,71644,82072,49,44,False,False,False,False,71644,49,False,64,0.01,,160,0,False,total_elems,71644,82072,1,1,,,,0.0,49,4,71644,1676,158,40,,,0,0,,,,,,,,,,,,,,,,,,
47.80773083399981,absorbing,,,,,,,R,201,190,237,247,364,362,726,5,4,726,0.045729792036581784,0.04140649997862056,0.08713629201520234,0.08753041701857,79388,77788,64,64,True,True,False,False,77788,64,True,64,0.01,,160,0,False,total_elems,79388,77788,1,1,,,,0.0,64,4,77788,1740,158,40,,,0,0,,,,,,,,,,,,,,,,,,
47.91875083401101,absorbing,,,,,,,R,201,191,237,247,364,365,729,5,3,729,0.05174845800502226,0.03899954096414149,0.09074799896916375,0.09115595801267773,89428,79176,64,59,True,False,False,False,79176,59,False,64,0.01,,160,0,False,total_elems,89428,79176,1,1,,,,0.0,59,4,79176,1768,158,40,,,0,0,,,,,,,,,,,,,,,,,,
48.03118429199094,absorbing,,,,,,,R,201,192,237,247,364,367,731,5,2,731,0.05072225001640618,0.041386457975022495,0.09210870799142867,0.09248358296463266,93072,91100,64,56,True,False,False,False,91100,56,False,64,0.01,,160,0,False,total_elems,93072,91100,1,1,,,,0.0,56,4,91100,1860,158,40,,,0,0,,,,,,,,,,,,,,,,,,
48.15254216699395,absorbing,,,,,,,R,201,193,237,247,364,369,733,3,2,733,0.05822708300547674,0.04340937494998798,0.10163645795546472,0.10199604200897738,98836,88736,64,53,True,False,False,False,88736,53,False,64,0.01,,160,0,False,total_elems,98836,88736,1,1,,,,0.0,53,4,88736,1828,158,40,,,0,0,,,,,,,,,,,,,,,,,,
48.273878459003754,absorbing,,,,,,,R,201,194,237,247,364,369,733,6,0,733,0.05605866602854803,0.04532850004034117,0.1013871660688892,0.10178133298177272,96064,88496,60,64,False,True,False,False,88496,64,True,64,0.01,,160,0,False,total_elems,96064,88496,1,1,,,,0.0,64,4,88496,1828,158,40,,,0,0,,,,,,,,,,,,,,,,,,
48.399221917032264,absorbing,,,,,,,L,202,194,237,247,366,369,735,4,2,735,0.05304904200602323,0.052512708003632724,0.10556175000965595,0.10594508401118219,93408,104820,56,64,False,True,False,False,93408,56,False,64,0.01,,160,0,False,total_elems,93408,104820,1,1,,,,0.0,56,4,93408,1842,158,40,,,0,0,,,,,,,,,,,,,,,,,,
48.52257895900402,absorbing,,,,,,,L,203,194,237,247,367,369,736,4,1,736,0.047597625001799315,0.0554556249990128,0.10305325000081211,0.10344012500718236,96556,109392,64,64,True,True,False,False,96556,64,True,64,0.01,,160,0,False,total_elems,96556,109392,1,1,,,,0.0,64,4,96556,1844,158,40,,,0,0,,,,,,,,,,,,,,,,,,
48.64435241703177,absorbing,,,,,,,L,204,194,237,247,367,369,736,7,0,736,0.044836250017397106,0.056084875017404556,0.10092112503480166,0.10131908400217071,89480,110380,64,64,True,True,False,False,89480,64,True,64,0.01,,160,0,False,total_elems,89480,110380,1,1,,,,0.0,64,4,89480,1790,158,40,,,0,0,,,,,,,,,,,,,,,,,,
48.77491404203465,absorbing,,,,,,,L,205,194,237,247,368,369,737,6,1,737,0.05307479196926579,0.05703525000717491,0.1101100419764407,0.11053354199975729,85560,107724,59,64,False,True,False,False,85560,59,False,64,0.01,,160,0,False,total_elems,85560,107724,1,1,,,,0.0,59,4,85560,1760,158,40,,,0,0,,,,,,,,,,,,,,,,,,
48.895772791991476,absorbing,,,,,,,L,206,194,237,247,369,369,738,5,1,738,0.04825008299667388,0.05179766600485891,0.10004774900153279,0.100456333020702,81640,101056,63,64,False,True,False,False,81640,63,False,64,0.01,,160,0,False,total_elems,81640,101056,1,1,,,,0.0,63,4,81640,1700,158,40,,,0,0,,,,,,,,,,,,,,,,,,
49.01313970901538,absorbing,,,,,,,L,207,194,237,247,372,369,741,2,3,741,0.04670929099665955,0.050009625032544136,0.09671891602920368,0.09708829200826585,77988,98548,64,61,True,False,False,False,77988,64,True,64,0.01,,160,0,False,total_elems,77988,98548,1,1,,,,0.0,64,4,77988,1680,158,40,,,0,0,,,,,,,,,,,,,,,,,,
49.12235362501815,absorbing,,,,,,,L,208,194,237,247,375,369,744,1,3,744,0.043086082965601236,0.04594012501183897,0.08902620797744021,0.08938620903063565,82760,87688,64,61,True,False,False,False,82760,64,True,64,0.01,,160,0,False,total_elems,82760,87688,1,1,,,,0.0,64,4,82760,1678,158,40,,,0,0,,,,,,,,,,,,,,,,,,
49.21471458399901,absorbing,,,,,,,L,209,194,237,247,375,369,744,4,0,744,0.029340333014260978,0.042806916986592114,0.07214725000085309,0.07251862494740635,68452,90272,58,58,False,False,False,False,68452,58,False,64,0.01,,160,0,False,total_elems,68452,90272,1,1,,,,0.0,58,4,68452,1556,158,40,,,0,0,,,,,,,,,,,,,,,,,,
49.31242995901266,absorbing,,,,,,,L,210,194,237,247,375,369,744,5,0,744,0.03795845899730921,0.038867958006449044,0.07682641700375825,0.07717887498438358,59268,76712,47,52,False,False,False,False,59268,47,False,64,0.01,,160,0,False,total_elems,59268,76712,1,1,,,,0.0,47,4,59268,1490,158,40,,,0,0,,,,,,,,,,,,,,,,,,
49.40796679200139,absorbing,,,,,,,L,211,194,237,247,376,369,745,4,1,745,0.0397345419623889,0.035572374996263534,0.07530691695865244,0.0756512499647215,67304,69828,64,49,True,False,False,False,67304,64,True,64,0.01,,160,0,False,total_elems,67304,69828,1,1,,,,0.0,64,4,67304,1588,158,40,,,0,0,,,,,,,,,,,,,,,,,,
49.521648499998264,absorbing,,,,,,,L,212,194,237,247,377,369,746,3,1,746,0.052135834004729986,0.040895249985624105,0.09303108399035409,0.09337725001387298,73012,75976,55,57,False,False,False,False,73012,55,False,64,0.01,,160,0,False,total_elems,73012,75976,1,1,,,,0.0,55,4,73012,1598,158,40,,,0,0,,,,,,,,,,,,,,,,,,
49.62127566698473,absorbing,,,,,,,L,213,194,237,247,378,369,747,4,1,747,0.03543041698867455,0.043841542035806924,0.07927195902448148,0.07965029199840501,68004,78348,57,64,False,True,False,False,68004,57,False,64,0.01,,160,0,False,total_elems,68004,78348,1,1,,,,0.0,57,4,68004,1570,158,40,,,0,0,,,,,,,,,,,,,,,,,,
49.726639792032074,absorbing,,,,,,,L,214,194,237,247,379,369,748,3,1,748,0.04258558398578316,0.04206262499792501,0.08464820898370817,0.08501324994722381,77608,77916,61,64,False,True,False,False,77608,61,False,64,0.01,,160,0,False,total_elems,77608,77916,1,1,,,,0.0,61,4,77608,1618,158,40,,,0,0,,,,,,,,,,,,,,,,,,
49.82296529202722,absorbing,,,,,,,L,215,194,237,247,379,369,748,4,0,748,0.030591415998060256,0.044846125005278736,0.07543754100333899,0.07579895801609382,69044,82480,51,64,False,True,False,False,69044,51,False,64,0.01,,160,0,False,total_elems,69044,82480,1,1,,,,0.0,51,4,69044,1558,158,40,,,0,0,,,,,,,,,,,,,,,,,,
49.9195085419924,absorbing,,,,,,,L,216,194,237,247,380,369,749,4,1,749,0.03486545797204599,0.0408359169960022,0.07570137496804819,0.07606849999865517,63440,78120,45,64,False,True,False,False,63440,45,False,64,0.01,,160,0,False,total_elems,63440,78120,1,1,,,,0.0,45,4,63440,1512,158,40,,,0,0,,,,,,,,,,,,,,,,,,
50.012288417026866,absorbing,,,,,,,L,217,194,237,247,380,369,749,7,0,749,0.033284374978393316,0.03835829201852903,0.07164266699692234,0.07199141598539427,65036,73124,64,64,True,True,False,False,65036,64,True,64,0.01,,160,0,False,total_elems,65036,73124,1,1,,,,0.0,64,4,65036,1532,158,40,,,0,0,,,,,,,,,,,,,,,,,,
50.13954687502701,absorbing,,,,,,,L,218,194,237,247,383,369,752,4,3,752,0.06644112500362098,0.040296333958394825,0.10673745896201581,0.10708995803724974,77448,77872,64,64,True,True,False,False,77448,64,True,64,0.01,,160,0,False,total_elems,77448,77872,1,1,,,,0.0,64,4,77448,1652,158,40,,,0,0,,,,,,,,,,,,,,,,,,
50.23805591702694,absorbing,,,,,,,L,219,194,237,247,384,369,753,5,1,753,0.03515704197343439,0.04291016701608896,0.07806720898952335,0.0783996669924818,63836,81448,58,58,False,False,False,False,63836,58,False,64,0.01,,160,0,False,total_elems,63836,81448,1,1,,,,0.0,58,4,63836,1558,158,40,,,0,0,,,,,,,,,,,,,,,,,,
50.3384076670045,absorbing,,,,,,,L,220,194,237,247,386,369,755,5,2,755,0.04080054198857397,0.03891929204110056,0.07971983402967453,0.08008004102157429,62344,67500,59,54,False,False,False,False,62344,59,False,64,0.01,,160,0,False,total_elems,62344,67500,1,1,,,,0.0,59,4,62344,1536,158,40,,,0,0,,,,,,,,,,,,,,,,,,
50.42986408399884,absorbing,,,,,,,L,221,194,237,247,388,369,757,5,2,757,0.03475324995815754,0.0359808339853771,0.07073408394353464,0.07106245803879574,57872,66220,49,51,False,False,False,False,57872,49,False,64,0.01,,160,0,False,total_elems,57872,66220,1,1,,,,0.0,49,4,57872,1546,158,40,,,0,0,,,,,,,,,,,,,,,,,,
50.516859417024534,absorbing,,,,,,,R,221,195,237,247,388,373,761,2,4,761,0.03250508295604959,0.033770416979677975,0.06627549993572757,0.06659770896658301,62308,62108,50,47,False,False,False,False,62108,47,False,64,0.01,,160,0,False,total_elems,62308,62108,1,1,,,,0.0,47,4,62108,1608,158,40,,,0,0,,,,,,,,,,,,,,,,,,
50.610881542030256,absorbing,,,,,,,L,222,195,237,247,389,373,762,5,1,762,0.03397887496976182,0.03928762499708682,0.07326649996684864,0.07365666702389717,66308,70080,44,64,False,True,False,False,66308,44,False,64,0.01,,160,0,False,total_elems,66308,70080,1,1,,,,0.0,44,4,66308,1628,158,40,,,0,0,,,,,,,,,,,,,,,,,,
50.70448016701266,absorbing,,,,,,,L,223,195,237,247,390,373,763,5,1,763,0.03370729100424796,0.03853408299619332,0.07224137400044128,0.07264279096852988,60448,72724,42,64,False,True,False,False,60448,42,False,64,0.01,,160,0,False,total_elems,60448,72724,1,1,,,,0.0,42,4,60448,1588,158,40,,,0,0,,,,,,,,,,,,,,,,,,
50.79358958400553,absorbing,,,,,,,L,224,195,237,247,390,373,763,6,0,763,0.032702500000596046,0.03472862497437745,0.0674311249749735,0.06783870799699798,57656,64928,45,64,False,True,False,False,57656,45,False,64,0.01,,160,0,False,total_elems,57656,64928,1,1,,,,0.0,45,4,57656,1570,158,40,,,0,0,,,,,,,,,,,,,,,,,,
50.89532145898556,absorbing,,,,,,,R,224,196,237,247,390,374,764,4,1,764,0.046328833035659045,0.03383579198271036,0.0801646250183694,0.08054687501862645,77420,62484,54,60,False,False,False,False,62484,60,False,64,0.01,,160,0,False,total_elems,77420,62484,1,1,,,,0.0,60,4,62484,1582,158,40,,,0,0,,,,,,,,,,,,,,,,,,
50.99160062498413,absorbing,,,,,,,R,224,197,237,247,390,376,766,2,2,766,0.043996041000355035,0.030670124979224056,0.07466616597957909,0.07506554201245308,76344,56312,54,55,False,False,False,False,56312,55,False,64,0.01,,160,0,False,total_elems,76344,56312,1,1,,,,0.0,55,4,56312,1510,158,40,,,0,0,,,,,,,,,,,,,,,,,,
51.08027858403511,absorbing,,,,,,,R,224,198,237,247,390,377,767,3,1,767,0.04006262501934543,0.027237874979618937,0.06730049999896437,0.06766037497436628,67740,48680,50,50,False,False,False,False,48680,50,False,64,0.01,,160,0,False,total_elems,67740,48680,1,1,,,,0.0,50,4,48680,1444,158,40,,,0,0,,,,,,,,,,,,,,,,,,
51.16353491699556,absorbing,,,,,,,R,224,199,237,247,390,377,767,4,0,767,0.037342833005823195,0.024650792009197176,0.06199362501502037,0.06234654097352177,63336,47032,48,48,False,False,False,False,47032,48,False,64,0.01,,160,0,False,total_elems,63336,47032,1,1,,,,0.0,48,4,47032,1424,158,40,,,0,0,,,,,,,,,,,,,,,,,,
51.24493874999462,absorbing,,,,,,,R,224,200,237,247,390,378,768,3,1,768,0.03571395797189325,0.02471450000302866,0.06042845797492191,0.06078954099211842,59160,45212,45,47,False,False,False,False,45212,47,False,64,0.01,,160,0,False,total_elems,59160,45212,1,1,,,,0.0,47,4,45212,1388,158,40,,,0,0,,,,,,,,,,,,,,,,,,
51.322844209033065,absorbing,,,,,,,R,224,201,237,247,390,379,769,1,1,769,0.03465704096015543,0.022183166001923382,0.05684020696207881,0.05718649999471381,57292,39780,44,43,False,False,False,False,39780,43,False,64,0.01,,160,0,False,total_elems,57292,39780,1,1,,,,0.0,43,4,39780,1320,158,40,,,0,0,,,,,,,,,,,,,,,,,,
51.39674225001363,absorbing,,,,,,,R,224,202,237,247,390,379,769,1,0,769,0.0324528330238536,0.02002566703595221,0.05247850005980581,0.05281199997989461,52640,36504,42,41,False,False,False,False,36504,41,False,64,0.01,,160,0,False,total_elems,52640,36504,1,1,,,,0.0,41,4,36504,1272,158,40,,,0,0,,,,,,,,,,,,,,,,,,
51.47151050000684,absorbing,,,,,,,R,224,203,237,247,390,380,770,1,1,770,0.03237950004404411,0.021218958019744605,0.05359845806378871,0.05395345902070403,49016,33584,42,39,False,False,False,False,33584,39,False,64,0.01,,160,0,False,total_elems,49016,33584,1,1,,,,0.0,39,4,33584,1230,158,40,,,0,0,,,,,,,,,,,,,,,,,,
51.54338116699364,absorbing,,,,,,,R,224,204,237,247,390,380,770,2,0,770,0.031073249992914498,0.01944750000257045,0.05052074999548495,0.05086874996777624,45444,32504,42,37,False,False,False,False,32504,37,False,64,0.01,,160,0,False,total_elems,45444,32504,1,1,,,,0.0,37,4,32504,1218,158,40,,,0,0,,,,,,,,,,,,,,,,,,
51.616860750014894,absorbing,,,,,,,R,224,205,237,247,390,381,771,2,1,771,0.030735709005966783,0.021478125010617077,0.05221383401658386,0.052595583954826,44224,32068,42,36,False,False,False,False,32068,36,False,64,0.01,,160,0,False,total_elems,44224,32068,1,1,,,,0.0,36,4,32068,1218,158,40,,,0,0,,,,,,,,,,,,,,,,,,
51.692239792027976,absorbing,,,,,,,R,224,206,237,247,390,383,773,1,2,773,0.031683499983046204,0.021249542012810707,0.05293304199585691,0.053281666012480855,43516,31216,42,34,False,False,False,False,31216,34,False,64,0.01,,160,0,False,total_elems,43516,31216,1,1,,,,0.0,34,4,31216,1220,158,40,,,0,0,,,,,,,,,,,,,,,,,,
51.7649870000314,absorbing,,,,,,,R,224,207,237,247,390,384,774,2,1,774,0.030441374983638525,0.02041262498823926,0.050853999971877784,0.05120962503133342,43680,32588,42,33,False,False,False,False,32588,33,False,64,0.01,,160,0,False,total_elems,43680,32588,1,1,,,,0.0,33,4,32588,1238,158,40,,,0,0,,,,,,,,,,,,,,,,,,
51.83820804202696,absorbing,,,,,,,R,224,208,237,247,390,384,774,3,0,774,0.030509790987707675,0.020730875025037676,0.05124066601274535,0.051603542000520974,44284,32840,42,32,False,False,False,False,32840,32,False,64,0.01,,160,0,False,total_elems,44284,32840,1,1,,,,0.0,32,4,32840,1242,158,40,,,0,0,,,,,,,,,,,,,,,,,,
51.91453054198064,absorbing,,,,,,,R,224,209,237,247,390,385,775,3,1,775,0.03168687497964129,0.02234679099638015,0.05403366597602144,0.05439391598338261,44108,31588,42,31,False,False,False,False,31588,31,False,64,0.01,,160,0,False,total_elems,44108,31588,1,1,,,,0.0,31,4,31588,1226,158,40,,,0,0,,,,,,,,,,,,,,,,,,
51.988818417012226,absorbing,,,,,,,R,224,210,237,247,390,385,775,4,0,775,0.030126874975394458,0.02166616596514359,0.05179304094053805,0.052190958987921476,41264,29896,40,29,False,False,False,False,29896,29,False,64,0.01,,160,0,False,total_elems,41264,29896,1,1,,,,0.0,29,4,29896,1188,158,40,,,0,0,,,,,,,,,,,,,,,,,,
52.062650834035594,absorbing,,,,,,,R,224,211,237,247,390,385,775,5,0,775,0.0299353749724105,0.02155762503389269,0.05149300000630319,0.05190241598756984,38940,27848,40,27,False,False,False,False,27848,27,False,64,0.01,,160,0,False,total_elems,38940,27848,1,1,,,,0.0,27,4,27848,1152,158,40,,,0,0,,,,,,,,,,,,,,,,,,
52.13278462499147,absorbing,,,,,,,R,224,212,237,247,390,385,775,5,0,775,0.028153999999631196,0.02032758400309831,0.048481584002729505,0.04882787499809638,36532,26976,40,29,False,False,False,False,26976,29,False,64,0.01,,160,0,False,total_elems,36532,26976,1,1,,,,0.0,29,4,26976,1144,158,40,,,0,0,,,,,,,,,,,,,,,,,,
52.20057225000346,absorbing,,,,,,,R,224,213,237,247,390,385,775,5,0,775,0.027636332961264998,0.018422875029500574,0.04605920799076557,0.04641083296155557,37324,26468,40,27,False,False,False,False,26468,27,False,64,0.01,,160,0,False,total_elems,37324,26468,1,1,,,,0.0,27,4,26468,1146,158,40,,,0,0,,,,,,,,,,,,,,,,,,
52.273663708998356,absorbing,,,,,,,R,224,214,237,247,390,388,778,2,3,778,0.029484958038665354,0.021614208002574742,0.051099166041240096,0.05147191701689735,38072,27920,40,26,False,False,False,False,27920,26,False,64,0.01,,160,0,False,total_elems,38072,27920,1,1,,,,0.0,26,4,27920,1184,158,40,,,0,0,,,,,,,,,,,,,,,,,,
52.34603287500795,absorbing,,,,,,,R,224,215,237,247,390,389,779,3,1,779,0.02952395798638463,0.020923040981870145,0.050446998968254775,0.050795249990187585,41128,32096,40,29,False,False,False,False,32096,29,False,64,0.01,,160,0,False,total_elems,41128,32096,1,1,,,,0.0,29,4,32096,1242,158,40,,,0,0,,,,,,,,,,,,,,,,,,
52.425648125004955,absorbing,,,,,,,R,224,216,237,247,390,391,781,2,2,781,0.033158334030304104,0.023947291017975658,0.05710562504827976,0.0574677080148831,43912,36724,40,44,False,False,False,False,36724,44,False,64,0.01,,160,0,False,total_elems,43912,36724,1,1,,,,0.0,44,4,36724,1298,158,40,,,0,0,,,,,,,,,,,,,,,,,,
52.50367400003597,absorbing,,,,,,,R,224,217,237,247,390,393,783,1,2,783,0.0335033749579452,0.022462415974587202,0.0559657909325324,0.05632125004194677,47776,36752,40,40,False,False,False,False,36752,40,False,64,0.01,,160,0,False,total_elems,47776,36752,1,1,,,,0.0,40,4,36752,1312,158,40,,,0,0,,,,,,,,,,,,,,,,,,
52.5811397919897,absorbing,,,,,,,R,224,218,237,247,390,393,783,3,0,783,0.033214750001206994,0.02106754097621888,0.05428229097742587,0.05463095800951123,50684,41228,40,38,False,False,False,False,41228,38,False,64,0.01,,160,0,False,total_elems,50684,41228,1,1,,,,0.0,38,4,41228,1370,158,40,,,0,0,,,,,,,,,,,,,,,,,,
52.673535291978624,absorbing,,,,,,,L,225,218,237,247,393,393,786,4,3,786,0.040548291988670826,0.02890241699060425,0.06945070897927508,0.06985912501113489,58536,59016,54,62,False,False,False,False,58536,54,False,64,0.01,,160,0,False,total_elems,58536,59016,1,1,,,,0.0,54,4,58536,1550,158,40,,,0,0,,,,,,,,,,,,,,,,,,
52.769384625018574,absorbing,,,,,,,L,226,218,237,247,395,393,788,4,2,788,0.03805558301974088,0.034969542000908405,0.07302512502064928,0.07346145802875981,65664,72552,49,64,False,True,False,False,65664,49,False,64,0.01,,160,0,False,total_elems,65664,72552,1,1,,,,0.0,49,4,65664,1636,158,40,,,0,0,,,,,,,,,,,,,,,,,,
52.86717074998887,absorbing,,,,,,,R,226,219,237,247,395,394,789,4,1,789,0.03885625000111759,0.036459208000451326,0.07531545800156891,0.07571341696893796,87244,78512,64,64,True,True,False,False,78512,64,True,64,0.01,,160,0,False,total_elems,87244,78512,1,1,,,,0.0,64,4,78512,1756,158,40,,,0,0,,,,,,,,,,,,,,,,,,
52.97630370903062,absorbing,,,,,,,R,226,220,237,247,395,394,789,5,0,789,0.04372720798710361,0.042790249979589134,0.08651745796669275,0.08692358300322667,96744,89392,60,60,False,False,False,False,89392,60,False,64,0.01,,160,0,False,total_elems,96744,89392,1,1,,,,0.0,60,4,89392,1816,158,40,,,0,0,,,,,,,,,,,,,,,,,,
53.095260334026534,absorbing,,,,,,,R,226,221,237,247,395,395,790,3,1,790,0.04632850002963096,0.049759917019400746,0.0960884170490317,0.09646008297568187,105696,97828,60,64,False,True,False,False,97828,64,True,64,0.01,,160,0,False,total_elems,105696,97828,1,1,,,,0.0,64,4,97828,1818,158,40,,,0,0,,,,,,,,,,,,,,,,,,
53.220774042012636,absorbing,,,,,,,R,226,222,237,247,395,396,791,2,1,791,0.051688333973288536,0.05138512497069314,0.10307345894398168,0.1034466249984689,100940,92964,64,64,True,True,False,False,92964,64,True,64,0.01,,160,0,False,total_elems,100940,92964,1,1,,,,0.0,64,4,92964,1772,158,40,,,0,0,,,,,,,,,,,,,,,,,,
53.32152679201681,absorbing,,,,,,,R,226,223,237,247,395,396,791,1,0,791,0.048862457973882556,0.02993516600690782,0.07879762398079038,0.07913833402562886,97016,71028,64,56,True,False,False,False,71028,56,False,64,0.01,,160,0,False,total_elems,97016,71028,1,1,,,,0.0,56,4,71028,1606,158,40,,,0,0,,,,,,,,,,,,,,,,,,
53.41242383403005,absorbing,,,,,,,R,226,224,237,247,395,397,792,0,1,792,0.04172308399574831,0.026940207986626774,0.06866329198237509,0.06903137505287305,74568,54716,58,47,False,False,False,False,54716,47,False,64,0.01,,160,0,False,total_elems,74568,54716,1,1,,,,0.0,47,4,54716,1466,158,40,,,0,0,,,,,,,,,,,,,,,,,,
53.491048709023744,absorbing,,,,,,,R,226,225,237,247,395,398,793,0,1,793,0.03288220800459385,0.02348291699308902,0.05636512499768287,0.056696708023082465,60536,45104,50,42,False,False,False,False,45104,42,False,64,0.01,,160,0,False,total_elems,60536,45104,1,1,,,,0.0,42,4,45104,1352,158,40,,,0,0,,,,,,,,,,,,,,,,,,
53.563082417007536,absorbing,,,,,,,R,226,226,237,247,395,398,793,1,0,793,0.028888707980513573,0.020924540993291885,0.04981324897380546,0.05015404103323817,44300,33912,38,33,False,False,False,False,33912,33,False,64,0.01,,160,0,False,total_elems,44300,33912,1,1,,,,0.0,33,4,33912,1204,158,40,,,0,0,,,,,,,,,,,,,,,,,,
53.6285705420305,absorbing,,,,,,,R,226,227,237,247,395,398,793,1,0,793,0.02474099997198209,0.018532666959799826,0.04327366693178192,0.04358095797942951,37756,28900,35,29,False,False,False,False,28900,29,False,64,0.01,,160,0,False,total_elems,37756,28900,1,1,,,,0.0,29,4,28900,1120,158,40,,,0,0,,,,,,,,,,,,,,,,,,
53.69437370903324,absorbing,,,,,,,R,226,228,237,247,395,398,793,1,0,793,0.023700207995716482,0.01922770799137652,0.042927915987093,0.043310249981004745,31204,24232,30,25,False,False,False,False,24232,25,False,64,0.01,,160,0,False,total_elems,31204,24232,1,1,,,,0.0,25,4,24232,1042,158,40,,,0,0,,,,,,,,,,,,,,,,,,
53.75665158400079,absorbing,,,,,,,R,226,229,237,247,395,398,793,1,0,793,0.022301207995042205,0.016930291953030974,0.03923149994807318,0.039568500011228025,27984,21732,30,24,False,False,False,False,21732,24,False,64,0.01,,160,0,False,total_elems,27984,21732,1,1,,,,0.0,24,4,21732,994,158,40,,,0,0,,,,,,,,,,,,,,,,,,
53.81764679198386,absorbing,,,,,,,R,226,230,237,247,395,398,793,1,0,793,0.02147929195780307,0.016621332964859903,0.03810062492266297,0.038442332996055484,26208,20688,30,23,False,False,False,False,20688,23,False,64,0.01,,160,0,False,total_elems,26208,20688,1,1,,,,0.0,23,4,20688,978,158,40,,,0,0,,,,,,,,,,,,,,,,,,
53.87913066701731,absorbing,,,,,,,R,226,231,237,247,395,399,794,1,1,794,0.020949582976754755,0.017567291972227395,0.03851687494898215,0.03885958302998915,25200,19908,30,23,False,False,False,False,19908,23,False,64,0.01,,160,0,False,total_elems,25200,19908,1,1,,,,0.0,23,4,19908,972,158,40,,,0,0,,,,,,,,,,,,,,,,,,
53.940946292015724,absorbing,,,,,,,R,226,232,237,247,395,399,794,2,0,794,0.021071291994303465,0.016736124991439283,0.03780741698574275,0.03815991699229926,23980,18832,30,22,False,False,False,False,18832,22,False,64,0.01,,160,0,False,total_elems,23980,18832,1,1,,,,0.0,22,4,18832,950,158,40,,,0,0,,,,,,,,,,,,,,,,,,
54.0013635000214,absorbing,,,,,,,R,226,233,237,247,395,399,794,2,0,794,0.020924084004946053,0.01647254195995629,0.03739662596490234,0.03774762502871454,22972,18304,30,22,False,False,False,False,18304,22,False,64,0.01,,160,0,False,total_elems,22972,18304,1,1,,,,0.0,22,4,18304,938,158,40,,,0,0,,,,,,,,,,,,,,,,,,
54.062785667018034,absorbing,,,,,,,R,226,234,237,247,395,399,794,2,0,794,0.02122258400777355,0.016689541982486844,0.03791212599026039,0.038252541969995946,22832,18356,30,22,False,False,False,False,18356,22,False,64,0.01,,160,0,False,total_elems,22832,18356,1,1,,,,0.0,22,4,18356,940,158,40,,,0,0,,,,,,,,,,,,,,,,,,
54.12258595903404,absorbing,,,,,,,R,226,235,237,247,395,399,794,2,0,794,0.02049054199596867,0.01663291599834338,0.03712345799431205,0.037592749984469265,22884,19124,30,22,False,False,False,False,19124,22,False,64,0.01,,160,0,False,total_elems,22884,19124,1,1,,,,0.0,22,4,19124,956,158,40,,,0,0,,,,,,,,,,,,,,,,,,
54.182708958978765,absorbing,,,,,,,R,226,236,237,247,395,399,794,2,0,794,0.020795291988179088,0.01648841699352488,0.03728370898170397,0.03762654197635129,23396,20152,30,22,False,False,False,False,20152,22,False,64,0.01,,160,0,False,total_elems,23396,20152,1,1,,,,0.0,22,4,20152,982,158,40,,,0,0,,,,,,,,,,,,,,,,,,
54.243943459005095,absorbing,,,,,,,R,226,237,237,247,395,399,794,1,0,794,0.02113504201406613,0.01636004203464836,0.03749508404871449,0.03780912503134459,24424,22264,30,30,False,False,False,False,22264,30,False,64,0.01,,160,0,False,total_elems,24424,22264,1,1,,,,0.0,30,4,22264,1026,158,40,,,0,0,,,,,,,,,,,,,,,,,,
54.304419375024736,absorbing,,,,,,,R,226,238,237,247,395,399,794,1,0,794,0.02111149998381734,0.016685749986208975,0.037797249970026314,0.038116290990728885,28140,22168,29,29,False,False,False,False,22168,29,False,64,0.01,,160,0,False,total_elems,28140,22168,1,1,,,,0.0,29,4,22168,1024,158,40,,,0,0,,,,,,,,,,,,,,,,,,
54.36699975002557,absorbing,,,,,,,R,226,239,237,247,395,400,795,0,1,795,0.02236908400664106,0.017607000016141683,0.03997608402278274,0.04031916701933369,28248,22456,31,28,False,False,False,False,22456,28,False,64,0.01,,160,0,False,total_elems,28248,22456,1,1,,,,0.0,28,4,22456,1038,158,40,,,0,0,,,,,,,,,,,,,,,,,,
54.428162584023084,absorbing,,,,,,,R,226,240,237,247,395,400,795,2,0,795,0.02140120801050216,0.017022583982907236,0.038423791993409395,0.03873249999014661,29276,24360,31,27,False,False,False,False,24360,27,False,64,0.01,,160,0,False,total_elems,29276,24360,1,1,,,,0.0,27,4,24360,1070,158,40,,,0,0,,,,,,,,,,,,,,,,,,
54.49227254203288,absorbing,,,,,,,R,226,241,237,247,395,400,795,2,0,795,0.023468624975066632,0.017805124982260168,0.0412737499573268,0.041586457984521985,33900,23368,50,22,False,False,False,False,23368,22,False,64,0.01,,160,0,False,total_elems,33900,23368,1,1,,,,0.0,22,4,23368,1054,158,40,,,0,0,,,,,,,,,,,,,,,,,,
54.559926334011834,absorbing,,,,,,,R,226,242,237,247,395,400,795,2,0,795,0.024604792008176446,0.018965375027619302,0.04357016703579575,0.04390195797896013,33968,25220,48,32,False,False,False,False,25220,32,False,64,0.01,,160,0,False,total_elems,33968,25220,1,1,,,,0.0,32,4,25220,1088,158,40,,,0,0,,,,,,,,,,,,,,,,,,
54.626394834020175,absorbing,,,,,,,R,226,243,237,247,395,400,795,2,0,795,0.02465699997264892,0.018740040948614478,0.0433970409212634,0.0437219170271419,37096,27024,48,29,False,False,False,False,27024,29,False,64,0.01,,160,0,False,total_elems,37096,27024,1,1,,,,0.0,29,4,27024,1108,158,40,,,0,0,,,,,,,,,,,,,,,,,,
54.694440875027794,absorbing,,,,,,,R,226,244,237,247,395,401,796,1,1,796,0.024619042000267655,0.020472625037655234,0.04509166703792289,0.04544849996455014,38780,28928,48,29,False,False,False,False,28928,29,False,64,0.01,,160,0,False,total_elems,38780,28928,1,1,,,,0.0,29,4,28928,1140,158,40,,,0,0,,,,,,,,,,,,,,,,,,
54.76584449998336,absorbing,,,,,,,R,226,245,237,247,395,402,797,2,1,797,0.025697958015371114,0.022059334034565836,0.04775729204993695,0.04810345801524818,40236,30764,48,27,False,False,False,False,30764,27,False,64,0.01,,160,0,False,total_elems,40236,30764,1,1,,,,0.0,27,4,30764,1166,158,40,,,0,0,,,,,,,,,,,,,,,,,,
54.83671291702194,absorbing,,,,,,,R,226,246,237,247,395,402,797,2,0,797,0.026786166010424495,0.0205227910191752,0.047308957029599696,0.04766191600356251,42616,32608,48,38,False,False,False,False,32608,38,False,64,0.01,,160,0,False,total_elems,42616,32608,1,1,,,,0.0,38,4,32608,1192,158,40,,,0,0,,,,,,,,,,,,,,,,,,
54.910485166998114,absorbing,,,,,,,R,226,247,237,247,395,404,799,0,2,799,0.027459290984552354,0.0223524589673616,0.04981174995191395,0.050184749998152256,43032,32568,48,34,False,False,False,False,32568,34,False,64,0.01,,160,0,False,total_elems,43032,32568,1,1,,,,0.0,34,4,32568,1190,158,40,,,0,0,,,,,,,,,,,,,,,,,,
54.961902750015724,absorbing,,,,,,,L,227,247,237,247,397,404,801,4,2,801,0.027465582999866456,0.0,0.027465582999866456,0.027704917010851204,43888,,49,,False,False,False,False,43888,49,False,64,0.01,,160,0,False,total_elems,43888,,1,1,,,,0.0,49,4,43888,1352,158,40,,,0,0,,,,,,,,,,,,,,,,,,
55.01630854199175,absorbing,,,,,,,L,228,247,237,247,397,404,801,4,0,801,0.030735457956325263,0.0,0.030735457956325263,0.030883958039339632,48648,,45,,False,False,False,False,48648,45,False,64,0.01,,160,0,False,total_elems,48648,,1,1,,,,0.0,45,4,48648,1384,158,40,,,0,0,,,,,,,,,,,,,,,,,,
55.07536112499656,absorbing,,,,,,,L,229,247,237,247,399,404,803,0,2,803,0.03511620801873505,0.0,0.03511620801873505,0.03528758295578882,41868,,37,,False,False,False,False,41868,37,False,64,0.01,,160,0,False,total_elems,41868,,1,1,,,,0.0,37,4,41868,1326,158,40,,,0,0,,,,,,,,,,,,,,,,,,
55.11991754203336,absorbing,,,,,,,L,230,247,237,247,399,404,803,1,0,803,0.02097737498115748,0.0,0.02097737498115748,0.021096209005918354,36664,,32,,False,False,False,False,36664,32,False,64,0.01,,160,0,False,total_elems,36664,,1,1,,,,0.0,32,4,36664,1256,158,40,,,0,0,,,,,,,,,,,,,,,,,,
55.16268862498691,absorbing,,,,,,,L,231,247,237,247,399,404,803,2,0,803,0.019996582996100187,0.0,0.019996582996100187,0.02011729101650417,35932,,31,,False,False,False,False,35932,31,False,64,0.01,,160,0,False,total_elems,35932,,1,1,,,,0.0,31,4,35932,1256,158,40,,,0,0,,,,,,,,,,,,,,,,,,
55.20998087502085,absorbing,,,,,,,L,232,247,237,247,401,404,805,1,2,805,0.02413879201048985,0.0,0.02413879201048985,0.02426249999552965,34208,,29,,False,False,False,False,34208,29,False,64,0.01,,160,0,False,total_elems,34208,,1,1,,,,0.0,29,4,34208,1234,158,40,,,0,0,,,,,,,,,,,,,,,,,,
55.25333725003293,absorbing,,,,,,,L,233,247,237,247,401,404,805,3,0,805,0.020064249983988702,0.0,0.020064249983988702,0.02018400002270937,34436,,27,,False,False,False,False,34436,27,False,64,0.01,,160,0,False,total_elems,34436,,1,1,,,,0.0,27,4,34436,1242,158,40,,,0,0,,,,,,,,,,,,,,,,,,
55.299077667004894,absorbing,,,,,,,L,234,247,237,247,402,404,806,2,1,806,0.02286912500858307,0.0,0.02286912500858307,0.022992500045802444,35640,,28,,False,False,False,False,35640,28,False,64,0.01,,160,0,False,total_elems,35640,,1,1,,,,0.0,28,4,35640,1264,158,40,,,0,0,,,,,,,,,,,,,,,,,,
55.34548170899507,absorbing,,,,,,,L,235,247,237,247,402,404,806,1,0,806,0.02318699995521456,0.0,0.02318699995521456,0.023331208038143814,37208,,35,,False,False,False,False,37208,35,False,64,0.01,,160,0,False,total_elems,37208,,1,1,,,,0.0,35,4,37208,1278,158,40,,,0,0,,,,,,,,,,,,,,,,,,
55.390801375033334,absorbing,,,,,,,L,236,247,237,247,402,404,806,2,0,806,0.021772374981082976,0.0,0.021772374981082976,0.021894374978728592,38764,,39,,False,False,False,False,38764,39,False,64,0.01,,160,0,False,total_elems,38764,,1,1,,,,0.0,39,4,38764,1276,158,40,,,0,0,,,,,,,,,,,,,,,,,,
55.455423875013366,absorbing,,,,,,,L,237,247,237,247,404,404,808,0,2,808,0.04106012504780665,0.0,0.04106012504780665,0.04118808300700039,47572,,64,,True,False,False,False,47572,64,True,64,0.01,,160,0,False,total_elems,47572,,1,1,,,,0.0,64,4,47572,1364,158,40,,,0,0,,,,,,,,,,,,,,,,,,
55.47814029199071,termination,,,,,,,,,,,,404,404,808,,,,,,,,,,,,,,,,,,,64,0.01,,,0,,,,,,,,,,,64,4,47572,1364,158,40,,,,,completed,,0,808,808,0,2,True,,,,,,,,,,
55.478311875020154,timing_summary,,,0.1741229160106741,,,,,,,,,,,,,,,,,,,,,,,,,,,,,,,,,,,,,,,,,,,,0.0,,,,,,,,,,,,,,,,,,,0.1741229160106741,0.1743730420130305,0.0,0.0,48.56676304253051,48.752394792914856,0.0,48.92651770892553,0.1743730420130305,48.92676783492789
