2026-08-26 07:30:08,898 [INFO] loaded /Users/monitsharma/code_projects/qat/tracker/data/classically-verifiable-problems/circuit-models/peaked_circuit/peaked_circuit_P9_Hqap_56x1917.qasm: qubits=56 ops={'u': 3890, 'rzz': 1917}
2026-08-26 07:30:08,901 [INFO] Pass: Collect2qBlocks - 2.08998 (ms)
2026-08-26 07:30:08,909 [INFO] Pass: ConsolidateBlocks - 7.53570 (ms)
2026-08-26 07:30:08,910 [INFO] after two-qubit block consolidation: ops={'unitary': 1885}
2026-08-26 07:30:08,929 [INFO] environment: python=3.10.21 qiskit=1.4.5 quimb=1.11.2 numpy=2.2.6 scipy=1.15.2 machine=arm64
2026-08-26 07:30:09,034 [INFO] Total unitaries: 1885 = 942 (left) + 943 (right)
2026-08-26 07:30:09,034 [INFO] Rewiring with SabreSwap(trials=90, heuristic='decay', seed=123)
2026-08-26 07:30:09,034 [INFO] Post-unswap rewire candidate scoring enabled: candidates=2, score='lookahead_total', lookahead=8, seed_stride=1009
2026-08-26 07:30:09,034 [INFO] No-progress fail-fast guardrail enabled: abort after 40 consecutive zero-work unswap cycle(s)
2026-08-26 07:30:09,034 [INFO] [start rewire](phase=initial, side=left, layers=59, trials=90, seed=123, parallel=False)
2026-08-26 07:30:09,833 [INFO] [end rewire](phase=initial, side=left, routed_layers=1355, elapsed_s=0.80)
2026-08-26 07:30:09,833 [INFO] [start rewire](phase=initial, side=right, layers=58, trials=90, seed=123, parallel=False)
2026-08-26 07:30:10,694 [INFO] [end rewire](phase=initial, side=right, routed_layers=1561, elapsed_s=0.86)
2026-08-26 07:30:10,705 [INFO] [start compressing] -> {'max_bond': 1, 'max_links': 4, 'total_elems': 224, 'total_shapes': 334, 'total_links': 222, 'num_tensors': 56}
2026-08-26 07:30:10,749 [INFO] [1L/1353](swap: 11, u: 0 | c_u: 0 | t_u_l: 0/942 | t_u_r: 0/943 | t_u: 0/1885) -> {'max_bond': 1, 'max_links': 4, 'total_elems': 224, 'total_shapes': 334, 'total_links': 222, 'num_tensors': 56}
2026-08-26 07:30:10,751 [WARNING] live plot.png generation disabled: No module named 'matplotlib'
2026-08-26 07:30:10,791 [INFO] [1R/1559](swap: 12, u: 0 | c_u: 0 | t_u_l: 0/942 | t_u_r: 0/943 | t_u: 0/1885) -> {'max_bond': 4, 'max_links': 4, 'total_elems': 512, 'total_shapes': 406, 'total_links': 222, 'num_tensors': 56}
2026-08-26 07:30:10,832 [INFO] [2L/1353](swap: 11, u: 1 | c_u: 1 | t_u_l: 1/942 | t_u_r: 0/943 | t_u: 1/1885) -> {'max_bond': 4, 'max_links': 4, 'total_elems': 844, 'total_shapes': 450, 'total_links': 222, 'num_tensors': 56}
2026-08-26 07:30:10,874 [INFO] [2R/1559](swap: 10, u: 1 | c_u: 2 | t_u_l: 1/942 | t_u_r: 1/943 | t_u: 2/1885) -> {'max_bond': 4, 'max_links': 4, 'total_elems': 1456, 'total_shapes': 504, 'total_links': 222, 'num_tensors': 56}
2026-08-26 07:30:10,914 [INFO] [3L/1353](swap: 14, u: 0 | c_u: 2 | t_u_l: 1/942 | t_u_r: 1/943 | t_u: 2/1885) -> {'max_bond': 16, 'max_links': 4, 'total_elems': 2464, 'total_shapes': 576, 'total_links': 222, 'num_tensors': 56}
2026-08-26 07:30:10,956 [INFO] [3R/1559](swap: 13, u: 0 | c_u: 2 | t_u_l: 1/942 | t_u_r: 1/943 | t_u: 2/1885) -> {'max_bond': 16, 'max_links': 4, 'total_elems': 4316, 'total_shapes': 700, 'total_links': 222, 'num_tensors': 56}
2026-08-26 07:30:10,998 [INFO] [4R/1559](swap: 13, u: 0 | c_u: 2 | t_u_l: 1/942 | t_u_r: 1/943 | t_u: 2/1885) -> {'max_bond': 16, 'max_links': 4, 'total_elems': 9464, 'total_shapes': 844, 'total_links': 222, 'num_tensors': 56}
2026-08-26 07:30:11,043 [INFO] [5R/1559](swap: 13, u: 0 | c_u: 2 | t_u_l: 1/942 | t_u_r: 1/943 | t_u: 2/1885) -> {'max_bond': 16, 'max_links': 4, 'total_elems': 13496, 'total_shapes': 988, 'total_links': 222, 'num_tensors': 56}
2026-08-26 07:30:11,089 [INFO] [6R/1559](swap: 12, u: 0 | c_u: 2 | t_u_l: 1/942 | t_u_r: 1/943 | t_u: 2/1885) -> {'max_bond': 16, 'max_links': 4, 'total_elems': 17516, 'total_shapes': 1102, 'total_links': 222, 'num_tensors': 56}
2026-08-26 07:30:11,137 [INFO] [4L/1353](swap: 14, u: 1 | c_u: 3 | t_u_l: 2/942 | t_u_r: 1/943 | t_u: 3/1885) -> {'max_bond': 64, 'max_links': 4, 'total_elems': 33200, 'total_shapes': 1360, 'total_links': 222, 'num_tensors': 56}
2026-08-26 07:30:11,198 [INFO] [7R/1559](swap: 12, u: 0 | c_u: 3 | t_u_l: 2/942 | t_u_r: 1/943 | t_u: 3/1885) -> {'max_bond': 64, 'max_links': 4, 'total_elems': 50120, 'total_shapes': 1666, 'total_links': 222, 'num_tensors': 56}
2026-08-26 07:30:11,273 [INFO] [8R/1559](swap: 10, u: 1 | c_u: 4 | t_u_l: 2/942 | t_u_r: 2/943 | t_u: 4/1885) -> {'max_bond': 64, 'max_links': 4, 'total_elems': 85444, 'total_shapes': 1968, 'total_links': 222, 'num_tensors': 56}
2026-08-26 07:30:11,415 [INFO] [5L/1353](swap: 13, u: 1 | c_u: 5 | t_u_l: 3/942 | t_u_r: 2/943 | t_u: 5/1885) -> {'max_bond': 64, 'max_links': 4, 'total_elems': 124352, 'total_shapes': 2254, 'total_links': 222, 'num_tensors': 56}
2026-08-26 07:30:11,605 [INFO] [6L/1353](swap: 8, u: 1 | c_u: 6 | t_u_l: 4/942 | t_u_r: 2/943 | t_u: 6/1885) -> {'max_bond': 128, 'max_links': 4, 'total_elems': 154672, 'total_shapes': 2488, 'total_links': 222, 'num_tensors': 56}
2026-08-26 07:30:11,846 [INFO] [9R/1559](swap: 9, u: 1 | c_u: 7 | t_u_l: 4/942 | t_u_r: 3/943 | t_u: 7/1885) -> {'max_bond': 128, 'max_links': 4, 'total_elems': 230320, 'total_shapes': 2992, 'total_links': 222, 'num_tensors': 56}
2026-08-26 07:30:12,241 [INFO]     [start unswap] -> {'max_bond': 128, 'max_links': 4, 'total_elems': 230320, 'total_shapes': 2992, 'total_links': 222, 'num_tensors': 56}
2026-08-26 07:30:15,281 [INFO]     [0 | both | 0](candidate_pairs: 28/28 | new_swaps: 3 | total: 3) -> {'max_bond': 256, 'max_links': 4, 'total_elems': 360032, 'total_shapes': 3340, 'total_links': 222, 'num_tensors': 56}
2026-08-26 07:30:16,467 [INFO]     [0 | both | 1](candidate_pairs: 27/27 | new_swaps: 11 | total: 14) -> {'max_bond': 64, 'max_links': 4, 'total_elems': 192960, 'total_shapes': 2464, 'total_links': 222, 'num_tensors': 56}
2026-08-26 07:30:16,763 [INFO]     [0 | left | 0](candidate_pairs: 28/28 | new_swaps: 8 | total: 22) -> {'max_bond': 64, 'max_links': 4, 'total_elems': 189156, 'total_shapes': 2364, 'total_links': 222, 'num_tensors': 56}
2026-08-26 07:30:17,230 [INFO]     [0 | left | 1](candidate_pairs: 27/27 | new_swaps: 10 | total: 32) -> {'max_bond': 64, 'max_links': 4, 'total_elems': 129196, 'total_shapes': 2044, 'total_links': 222, 'num_tensors': 56}
2026-08-26 07:30:17,423 [INFO]     [0 | right | 0](candidate_pairs: 28/28 | new_swaps: 10 | total: 42) -> {'max_bond': 64, 'max_links': 4, 'total_elems': 59812, 'total_shapes': 1390, 'total_links': 222, 'num_tensors': 56}
2026-08-26 07:30:17,508 [INFO]     [0 | right | 1](candidate_pairs: 27/27 | new_swaps: 6 | total: 48) -> {'max_bond': 64, 'max_links': 4, 'total_elems': 40364, 'total_shapes': 1202, 'total_links': 222, 'num_tensors': 56}
2026-08-26 07:30:17,641 [INFO]     [1 | both | 0](candidate_pairs: 28/28 | new_swaps: 7 | total: 7) -> {'max_bond': 64, 'max_links': 4, 'total_elems': 22856, 'total_shapes': 1036, 'total_links': 222, 'num_tensors': 56}
2026-08-26 07:30:17,734 [INFO]     [1 | both | 1](candidate_pairs: 27/27 | new_swaps: 10 | total: 17) -> {'max_bond': 32, 'max_links': 4, 'total_elems': 11060, 'total_shapes': 794, 'total_links': 222, 'num_tensors': 56}
2026-08-26 07:30:17,776 [INFO]     [1 | left | 0](candidate_pairs: 28/28 | new_swaps: 5 | total: 22) -> {'max_bond': 32, 'max_links': 4, 'total_elems': 9908, 'total_shapes': 748, 'total_links': 222, 'num_tensors': 56}
2026-08-26 07:30:17,818 [INFO]     [1 | left | 1](candidate_pairs: 27/27 | new_swaps: 2 | total: 24) -> {'max_bond': 32, 'max_links': 4, 'total_elems': 9824, 'total_shapes': 738, 'total_links': 222, 'num_tensors': 56}
2026-08-26 07:30:17,862 [INFO]     [1 | right | 0](candidate_pairs: 28/28 | new_swaps: 3 | total: 27) -> {'max_bond': 32, 'max_links': 4, 'total_elems': 9668, 'total_shapes': 720, 'total_links': 222, 'num_tensors': 56}
2026-08-26 07:30:17,903 [INFO]     [1 | right | 1](candidate_pairs: 27/27 | new_swaps: 1 | total: 28) -> {'max_bond': 32, 'max_links': 4, 'total_elems': 9608, 'total_shapes': 714, 'total_links': 222, 'num_tensors': 56}
2026-08-26 07:30:17,986 [INFO]     [2 | both | 0](candidate_pairs: 28/28 | new_swaps: 9 | total: 9) -> {'max_bond': 32, 'max_links': 4, 'total_elems': 4184, 'total_shapes': 586, 'total_links': 222, 'num_tensors': 56}
2026-08-26 07:30:18,056 [INFO]     [2 | both | 1](candidate_pairs: 27/27 | new_swaps: 8 | total: 17) -> {'max_bond': 8, 'max_links': 4, 'total_elems': 1520, 'total_shapes': 464, 'total_links': 222, 'num_tensors': 56}
2026-08-26 07:30:18,092 [INFO]     [2 | left | 0](candidate_pairs: 28/28 | new_swaps: 2 | total: 19) -> {'max_bond': 8, 'max_links': 4, 'total_elems': 1256, 'total_shapes': 446, 'total_links': 222, 'num_tensors': 56}
2026-08-26 07:30:18,128 [INFO]     [2 | left | 1](candidate_pairs: 27/27 | new_swaps: 2 | total: 21) -> {'max_bond': 8, 'max_links': 4, 'total_elems': 1072, 'total_shapes': 432, 'total_links': 222, 'num_tensors': 56}
2026-08-26 07:30:18,164 [INFO]     [2 | right | 0](candidate_pairs: 28/28 | new_swaps: 3 | total: 24) -> {'max_bond': 4, 'max_links': 4, 'total_elems': 760, 'total_shapes': 408, 'total_links': 222, 'num_tensors': 56}
2026-08-26 07:30:18,199 [INFO]     [2 | right | 1](candidate_pairs: 27/27 | new_swaps: 2 | total: 26) -> {'max_bond': 4, 'max_links': 4, 'total_elems': 640, 'total_shapes': 396, 'total_links': 222, 'num_tensors': 56}
2026-08-26 07:30:18,261 [INFO]     [3 | both | 0](candidate_pairs: 28/28 | new_swaps: 3 | total: 3) -> {'max_bond': 4, 'max_links': 4, 'total_elems': 508, 'total_shapes': 382, 'total_links': 222, 'num_tensors': 56}
2026-08-26 07:30:18,324 [INFO]     [3 | both | 1](candidate_pairs: 27/27 | new_swaps: 4 | total: 7) -> {'max_bond': 4, 'max_links': 4, 'total_elems': 460, 'total_shapes': 374, 'total_links': 222, 'num_tensors': 56}
2026-08-26 07:30:18,339 [INFO]     [3 | left | 0](candidate_pairs: 28/28 | new_swaps: 0 | total: 7) -> {'max_bond': 4, 'max_links': 4, 'total_elems': 460, 'total_shapes': 374, 'total_links': 222, 'num_tensors': 56}
2026-08-26 07:30:18,373 [INFO]     [3 | left | 1](candidate_pairs: 27/27 | new_swaps: 2 | total: 9) -> {'max_bond': 4, 'max_links': 4, 'total_elems': 396, 'total_shapes': 364, 'total_links': 222, 'num_tensors': 56}
2026-08-26 07:30:18,407 [INFO]     [3 | right | 0](candidate_pairs: 28/28 | new_swaps: 1 | total: 10) -> {'max_bond': 4, 'max_links': 4, 'total_elems': 372, 'total_shapes': 360, 'total_links': 222, 'num_tensors': 56}
2026-08-26 07:30:18,422 [INFO]     [3 | right | 1](candidate_pairs: 27/27 | new_swaps: 0 | total: 10) -> {'max_bond': 4, 'max_links': 4, 'total_elems': 372, 'total_shapes': 360, 'total_links': 222, 'num_tensors': 56}
2026-08-26 07:30:18,485 [INFO]     [4 | both | 0](candidate_pairs: 28/28 | new_swaps: 3 | total: 3) -> {'max_bond': 4, 'max_links': 4, 'total_elems': 336, 'total_shapes': 354, 'total_links': 222, 'num_tensors': 56}
2026-08-26 07:30:18,513 [INFO]     [4 | both | 1](candidate_pairs: 27/27 | new_swaps: 0 | total: 3) -> {'max_bond': 4, 'max_links': 4, 'total_elems': 336, 'total_shapes': 354, 'total_links': 222, 'num_tensors': 56}
2026-08-26 07:30:18,527 [INFO]     [4 | left | 0](candidate_pairs: 28/28 | new_swaps: 0 | total: 3) -> {'max_bond': 4, 'max_links': 4, 'total_elems': 336, 'total_shapes': 354, 'total_links': 222, 'num_tensors': 56}
2026-08-26 07:30:18,541 [INFO]     [4 | left | 1](candidate_pairs: 27/27 | new_swaps: 0 | total: 3) -> {'max_bond': 4, 'max_links': 4, 'total_elems': 336, 'total_shapes': 354, 'total_links': 222, 'num_tensors': 56}
2026-08-26 07:30:18,556 [INFO]     [4 | right | 0](candidate_pairs: 28/28 | new_swaps: 0 | total: 3) -> {'max_bond': 4, 'max_links': 4, 'total_elems': 336, 'total_shapes': 354, 'total_links': 222, 'num_tensors': 56}
2026-08-26 07:30:18,570 [INFO]     [4 | right | 1](candidate_pairs: 27/27 | new_swaps: 0 | total: 3) -> {'max_bond': 4, 'max_links': 4, 'total_elems': 336, 'total_shapes': 354, 'total_links': 222, 'num_tensors': 56}
2026-08-26 07:30:18,598 [INFO]     [5 | both | 0](candidate_pairs: 28/28 | new_swaps: 0 | total: 0) -> {'max_bond': 4, 'max_links': 4, 'total_elems': 336, 'total_shapes': 354, 'total_links': 222, 'num_tensors': 56}
2026-08-26 07:30:18,625 [INFO]     [5 | both | 1](candidate_pairs: 27/27 | new_swaps: 0 | total: 0) -> {'max_bond': 4, 'max_links': 4, 'total_elems': 336, 'total_shapes': 354, 'total_links': 222, 'num_tensors': 56}
2026-08-26 07:30:18,639 [INFO]     [5 | left | 0](candidate_pairs: 28/28 | new_swaps: 0 | total: 0) -> {'max_bond': 4, 'max_links': 4, 'total_elems': 336, 'total_shapes': 354, 'total_links': 222, 'num_tensors': 56}
2026-08-26 07:30:18,654 [INFO]     [5 | left | 1](candidate_pairs: 27/27 | new_swaps: 0 | total: 0) -> {'max_bond': 4, 'max_links': 4, 'total_elems': 336, 'total_shapes': 354, 'total_links': 222, 'num_tensors': 56}
2026-08-26 07:30:18,668 [INFO]     [5 | right | 0](candidate_pairs: 28/28 | new_swaps: 0 | total: 0) -> {'max_bond': 4, 'max_links': 4, 'total_elems': 336, 'total_shapes': 354, 'total_links': 222, 'num_tensors': 56}
2026-08-26 07:30:18,682 [INFO]     [5 | right | 1](candidate_pairs: 27/27 | new_swaps: 0 | total: 0) -> {'max_bond': 4, 'max_links': 4, 'total_elems': 336, 'total_shapes': 354, 'total_links': 222, 'num_tensors': 56}
2026-08-26 07:30:18,683 [INFO]     [end unswap] -> {'max_bond': 4, 'max_links': 4, 'total_elems': 336, 'total_shapes': 354, 'total_links': 222, 'num_tensors': 56}
2026-08-26 07:30:18,683 [INFO] [start rewire](phase=post_unswap, cycle=1, side=left, layers=1349, trials=20, seed=123, parallel=False, route_candidates=2, route_score=lookahead_total)
2026-08-26 07:30:21,030 [INFO] [end rewire](phase=post_unswap, cycle=1, side=left, routed_layers=1546, elapsed_s=2.35)
2026-08-26 07:30:21,030 [INFO] [start rewire](phase=post_unswap, cycle=1, side=right, layers=1552, trials=20, seed=123, parallel=False, route_candidates=2, route_score=lookahead_total)
2026-08-26 07:30:23,433 [INFO] [end rewire](phase=post_unswap, cycle=1, side=right, routed_layers=1749, elapsed_s=2.40)
2026-08-26 07:30:23,479 [INFO] [1L/1544](swap: 12, u: 0 | c_u: 0 | t_u_l: 4/942 | t_u_r: 3/943 | t_u: 7/1885) -> {'max_bond': 4, 'max_links': 4, 'total_elems': 336, 'total_shapes': 354, 'total_links': 222, 'num_tensors': 56}
2026-08-26 07:30:23,520 [INFO] [2L/1544](swap: 13, u: 0 | c_u: 0 | t_u_l: 4/942 | t_u_r: 3/943 | t_u: 7/1885) -> {'max_bond': 4, 'max_links': 4, 'total_elems': 628, 'total_shapes': 422, 'total_links': 222, 'num_tensors': 56}
2026-08-26 07:30:23,562 [INFO] [1R/1747](swap: 12, u: 0 | c_u: 0 | t_u_l: 4/942 | t_u_r: 3/943 | t_u: 7/1885) -> {'max_bond': 4, 'max_links': 4, 'total_elems': 1028, 'total_shapes': 478, 'total_links': 222, 'num_tensors': 56}
2026-08-26 07:30:23,604 [INFO] [2R/1747](swap: 12, u: 0 | c_u: 0 | t_u_l: 4/942 | t_u_r: 3/943 | t_u: 7/1885) -> {'max_bond': 8, 'max_links': 4, 'total_elems': 1728, 'total_shapes': 538, 'total_links': 222, 'num_tensors': 56}
2026-08-26 07:30:23,646 [INFO] [3L/1544](swap: 12, u: 1 | c_u: 1 | t_u_l: 5/942 | t_u_r: 3/943 | t_u: 8/1885) -> {'max_bond': 8, 'max_links': 4, 'total_elems': 2676, 'total_shapes': 600, 'total_links': 222, 'num_tensors': 56}
2026-08-26 07:30:23,689 [INFO] [4L/1544](swap: 13, u: 0 | c_u: 1 | t_u_l: 5/942 | t_u_r: 3/943 | t_u: 8/1885) -> {'max_bond': 16, 'max_links': 4, 'total_elems': 4680, 'total_shapes': 716, 'total_links': 222, 'num_tensors': 56}
2026-08-26 07:30:23,733 [INFO] [3R/1747](swap: 10, u: 0 | c_u: 1 | t_u_l: 5/942 | t_u_r: 3/943 | t_u: 8/1885) -> {'max_bond': 16, 'max_links': 4, 'total_elems': 8232, 'total_shapes': 828, 'total_links': 222, 'num_tensors': 56}
2026-08-26 07:30:23,784 [INFO] [4R/1747](swap: 11, u: 0 | c_u: 1 | t_u_l: 5/942 | t_u_r: 3/943 | t_u: 8/1885) -> {'max_bond': 16, 'max_links': 4, 'total_elems': 12712, 'total_shapes': 940, 'total_links': 222, 'num_tensors': 56}
2026-08-26 07:30:23,836 [INFO] [5L/1544](swap: 11, u: 0 | c_u: 1 | t_u_l: 5/942 | t_u_r: 3/943 | t_u: 8/1885) -> {'max_bond': 64, 'max_links': 4, 'total_elems': 22216, 'total_shapes': 1138, 'total_links': 222, 'num_tensors': 56}
2026-08-26 07:30:23,898 [INFO] [5R/1747](swap: 12, u: 1 | c_u: 2 | t_u_l: 5/942 | t_u_r: 4/943 | t_u: 9/1885) -> {'max_bond': 64, 'max_links': 4, 'total_elems': 27660, 'total_shapes': 1268, 'total_links': 222, 'num_tensors': 56}
2026-08-26 07:30:23,956 [INFO] [6R/1747](swap: 11, u: 0 | c_u: 2 | t_u_l: 5/942 | t_u_r: 4/943 | t_u: 9/1885) -> {'max_bond': 64, 'max_links': 4, 'total_elems': 32904, 'total_shapes': 1382, 'total_links': 222, 'num_tensors': 56}
2026-08-26 07:30:24,018 [INFO] [6L/1544](swap: 11, u: 0 | c_u: 2 | t_u_l: 5/942 | t_u_r: 4/943 | t_u: 9/1885) -> {'max_bond': 64, 'max_links': 4, 'total_elems': 33736, 'total_shapes': 1422, 'total_links': 222, 'num_tensors': 56}
2026-08-26 07:30:24,087 [INFO] [7R/1747](swap: 15, u: 0 | c_u: 2 | t_u_l: 5/942 | t_u_r: 4/943 | t_u: 9/1885) -> {'max_bond': 64, 'max_links': 4, 'total_elems': 65860, 'total_shapes': 1820, 'total_links': 222, 'num_tensors': 56}
2026-08-26 07:30:24,180 [INFO] [7L/1544](swap: 13, u: 0 | c_u: 2 | t_u_l: 5/942 | t_u_r: 4/943 | t_u: 9/1885) -> {'max_bond': 64, 'max_links': 4, 'total_elems': 102208, 'total_shapes': 2114, 'total_links': 222, 'num_tensors': 56}
2026-08-26 07:30:24,329 [INFO] [8R/1747](swap: 12, u: 1 | c_u: 3 | t_u_l: 5/942 | t_u_r: 5/943 | t_u: 10/1885) -> {'max_bond': 64, 'max_links': 4, 'total_elems': 158496, 'total_shapes': 2552, 'total_links': 222, 'num_tensors': 56}
2026-08-26 07:30:24,548 [INFO]     [start unswap] -> {'max_bond': 64, 'max_links': 4, 'total_elems': 158496, 'total_shapes': 2552, 'total_links': 222, 'num_tensors': 56}
2026-08-26 07:30:27,242 [INFO]     [0 | both | 0](candidate_pairs: 28/28 | new_swaps: 6 | total: 6) -> {'max_bond': 256, 'max_links': 4, 'total_elems': 305912, 'total_shapes': 3254, 'total_links': 222, 'num_tensors': 56}
2026-08-26 07:30:28,058 [INFO]     [0 | both | 1](candidate_pairs: 27/27 | new_swaps: 11 | total: 17) -> {'max_bond': 64, 'max_links': 4, 'total_elems': 118832, 'total_shapes': 2130, 'total_links': 222, 'num_tensors': 56}
2026-08-26 07:30:28,217 [INFO]     [0 | left | 0](candidate_pairs: 28/28 | new_swaps: 9 | total: 26) -> {'max_bond': 64, 'max_links': 4, 'total_elems': 89432, 'total_shapes': 1760, 'total_links': 222, 'num_tensors': 56}
2026-08-26 07:30:28,382 [INFO]     [0 | left | 1](candidate_pairs: 27/27 | new_swaps: 8 | total: 34) -> {'max_bond': 64, 'max_links': 4, 'total_elems': 61216, 'total_shapes': 1484, 'total_links': 222, 'num_tensors': 56}
2026-08-26 07:30:28,469 [INFO]     [0 | right | 0](candidate_pairs: 28/28 | new_swaps: 5 | total: 39) -> {'max_bond': 64, 'max_links': 4, 'total_elems': 57124, 'total_shapes': 1390, 'total_links': 222, 'num_tensors': 56}
2026-08-26 07:30:28,582 [INFO]     [0 | right | 1](candidate_pairs: 27/27 | new_swaps: 5 | total: 44) -> {'max_bond': 64, 'max_links': 4, 'total_elems': 54880, 'total_shapes': 1324, 'total_links': 222, 'num_tensors': 56}
2026-08-26 07:30:28,747 [INFO]     [1 | both | 0](candidate_pairs: 28/28 | new_swaps: 11 | total: 11) -> {'max_bond': 64, 'max_links': 4, 'total_elems': 24304, 'total_shapes': 1024, 'total_links': 222, 'num_tensors': 56}
2026-08-26 07:30:28,844 [INFO]     [1 | both | 1](candidate_pairs: 27/27 | new_swaps: 11 | total: 22) -> {'max_bond': 32, 'max_links': 4, 'total_elems': 13804, 'total_shapes': 826, 'total_links': 222, 'num_tensors': 56}
2026-08-26 07:30:28,890 [INFO]     [1 | left | 0](candidate_pairs: 28/28 | new_swaps: 3 | total: 25) -> {'max_bond': 32, 'max_links': 4, 'total_elems': 9804, 'total_shapes': 766, 'total_links': 222, 'num_tensors': 56}
2026-08-26 07:30:28,934 [INFO]     [1 | left | 1](candidate_pairs: 27/27 | new_swaps: 5 | total: 30) -> {'max_bond': 16, 'max_links': 4, 'total_elems': 7236, 'total_shapes': 696, 'total_links': 222, 'num_tensors': 56}
2026-08-26 07:30:28,975 [INFO]     [1 | right | 0](candidate_pairs: 28/28 | new_swaps: 5 | total: 35) -> {'max_bond': 16, 'max_links': 4, 'total_elems': 5408, 'total_shapes': 640, 'total_links': 222, 'num_tensors': 56}
2026-08-26 07:30:29,014 [INFO]     [1 | right | 1](candidate_pairs: 27/27 | new_swaps: 1 | total: 36) -> {'max_bond': 16, 'max_links': 4, 'total_elems': 5360, 'total_shapes': 636, 'total_links': 222, 'num_tensors': 56}
2026-08-26 07:30:29,090 [INFO]     [2 | both | 0](candidate_pairs: 28/28 | new_swaps: 6 | total: 6) -> {'max_bond': 16, 'max_links': 4, 'total_elems': 3200, 'total_shapes': 564, 'total_links': 222, 'num_tensors': 56}
2026-08-26 07:30:29,164 [INFO]     [2 | both | 1](candidate_pairs: 27/27 | new_swaps: 10 | total: 16) -> {'max_bond': 8, 'max_links': 4, 'total_elems': 1752, 'total_shapes': 480, 'total_links': 222, 'num_tensors': 56}
2026-08-26 07:30:29,201 [INFO]     [2 | left | 0](candidate_pairs: 28/28 | new_swaps: 3 | total: 19) -> {'max_bond': 8, 'max_links': 4, 'total_elems': 1408, 'total_shapes': 460, 'total_links': 222, 'num_tensors': 56}
2026-08-26 07:30:29,237 [INFO]     [2 | left | 1](candidate_pairs: 27/27 | new_swaps: 1 | total: 20) -> {'max_bond': 8, 'max_links': 4, 'total_elems': 1264, 'total_shapes': 448, 'total_links': 222, 'num_tensors': 56}
2026-08-26 07:30:29,272 [INFO]     [2 | right | 0](candidate_pairs: 28/28 | new_swaps: 1 | total: 21) -> {'max_bond': 8, 'max_links': 4, 'total_elems': 1204, 'total_shapes': 442, 'total_links': 222, 'num_tensors': 56}
2026-08-26 07:30:29,287 [INFO]     [2 | right | 1](candidate_pairs: 27/27 | new_swaps: 0 | total: 21) -> {'max_bond': 8, 'max_links': 4, 'total_elems': 1204, 'total_shapes': 442, 'total_links': 222, 'num_tensors': 56}
2026-08-26 07:30:29,355 [INFO]     [3 | both | 0](candidate_pairs: 28/28 | new_swaps: 8 | total: 8) -> {'max_bond': 8, 'max_links': 4, 'total_elems': 772, 'total_shapes': 410, 'total_links': 222, 'num_tensors': 56}
2026-08-26 07:30:29,418 [INFO]     [3 | both | 1](candidate_pairs: 27/27 | new_swaps: 4 | total: 12) -> {'max_bond': 4, 'max_links': 4, 'total_elems': 532, 'total_shapes': 388, 'total_links': 222, 'num_tensors': 56}
2026-08-26 07:30:29,454 [INFO]     [3 | left | 0](candidate_pairs: 28/28 | new_swaps: 2 | total: 14) -> {'max_bond': 4, 'max_links': 4, 'total_elems': 460, 'total_shapes': 378, 'total_links': 222, 'num_tensors': 56}
2026-08-26 07:30:29,490 [INFO]     [3 | left | 1](candidate_pairs: 27/27 | new_swaps: 2 | total: 16) -> {'max_bond': 2, 'max_links': 4, 'total_elems': 388, 'total_shapes': 366, 'total_links': 222, 'num_tensors': 56}
2026-08-26 07:30:29,505 [INFO]     [3 | right | 0](candidate_pairs: 28/28 | new_swaps: 0 | total: 16) -> {'max_bond': 2, 'max_links': 4, 'total_elems': 388, 'total_shapes': 366, 'total_links': 222, 'num_tensors': 56}
2026-08-26 07:30:29,519 [INFO]     [3 | right | 1](candidate_pairs: 27/27 | new_swaps: 0 | total: 16) -> {'max_bond': 2, 'max_links': 4, 'total_elems': 388, 'total_shapes': 366, 'total_links': 222, 'num_tensors': 56}
2026-08-26 07:30:29,583 [INFO]     [4 | both | 0](candidate_pairs: 28/28 | new_swaps: 4 | total: 4) -> {'max_bond': 2, 'max_links': 4, 'total_elems': 340, 'total_shapes': 358, 'total_links': 222, 'num_tensors': 56}
2026-08-26 07:30:29,611 [INFO]     [4 | both | 1](candidate_pairs: 27/27 | new_swaps: 0 | total: 4) -> {'max_bond': 2, 'max_links': 4, 'total_elems': 340, 'total_shapes': 358, 'total_links': 222, 'num_tensors': 56}
2026-08-26 07:30:29,625 [INFO]     [4 | left | 0](candidate_pairs: 28/28 | new_swaps: 0 | total: 4) -> {'max_bond': 2, 'max_links': 4, 'total_elems': 340, 'total_shapes': 358, 'total_links': 222, 'num_tensors': 56}
2026-08-26 07:30:29,639 [INFO]     [4 | left | 1](candidate_pairs: 27/27 | new_swaps: 0 | total: 4) -> {'max_bond': 2, 'max_links': 4, 'total_elems': 340, 'total_shapes': 358, 'total_links': 222, 'num_tensors': 56}
2026-08-26 07:30:29,654 [INFO]     [4 | right | 0](candidate_pairs: 28/28 | new_swaps: 0 | total: 4) -> {'max_bond': 2, 'max_links': 4, 'total_elems': 340, 'total_shapes': 358, 'total_links': 222, 'num_tensors': 56}
2026-08-26 07:30:29,669 [INFO]     [4 | right | 1](candidate_pairs: 27/27 | new_swaps: 0 | total: 4) -> {'max_bond': 2, 'max_links': 4, 'total_elems': 340, 'total_shapes': 358, 'total_links': 222, 'num_tensors': 56}
2026-08-26 07:30:29,697 [INFO]     [5 | both | 0](candidate_pairs: 28/28 | new_swaps: 0 | total: 0) -> {'max_bond': 2, 'max_links': 4, 'total_elems': 340, 'total_shapes': 358, 'total_links': 222, 'num_tensors': 56}
2026-08-26 07:30:29,724 [INFO]     [5 | both | 1](candidate_pairs: 27/27 | new_swaps: 0 | total: 0) -> {'max_bond': 2, 'max_links': 4, 'total_elems': 340, 'total_shapes': 358, 'total_links': 222, 'num_tensors': 56}
2026-08-26 07:30:29,738 [INFO]     [5 | left | 0](candidate_pairs: 28/28 | new_swaps: 0 | total: 0) -> {'max_bond': 2, 'max_links': 4, 'total_elems': 340, 'total_shapes': 358, 'total_links': 222, 'num_tensors': 56}
2026-08-26 07:30:29,753 [INFO]     [5 | left | 1](candidate_pairs: 27/27 | new_swaps: 0 | total: 0) -> {'max_bond': 2, 'max_links': 4, 'total_elems': 340, 'total_shapes': 358, 'total_links': 222, 'num_tensors': 56}
2026-08-26 07:30:29,767 [INFO]     [5 | right | 0](candidate_pairs: 28/28 | new_swaps: 0 | total: 0) -> {'max_bond': 2, 'max_links': 4, 'total_elems': 340, 'total_shapes': 358, 'total_links': 222, 'num_tensors': 56}
2026-08-26 07:30:29,782 [INFO]     [5 | right | 1](candidate_pairs: 27/27 | new_swaps: 0 | total: 0) -> {'max_bond': 2, 'max_links': 4, 'total_elems': 340, 'total_shapes': 358, 'total_links': 222, 'num_tensors': 56}
2026-08-26 07:30:29,782 [INFO]     [end unswap] -> {'max_bond': 2, 'max_links': 4, 'total_elems': 340, 'total_shapes': 358, 'total_links': 222, 'num_tensors': 56}
2026-08-26 07:30:29,783 [INFO] [start rewire](phase=post_unswap, cycle=2, side=left, layers=1539, trials=20, seed=123, parallel=False, route_candidates=2, route_score=lookahead_total)
2026-08-26 07:30:32,571 [INFO] [end rewire](phase=post_unswap, cycle=2, side=left, routed_layers=1540, elapsed_s=2.79)
2026-08-26 07:30:32,571 [INFO] [start rewire](phase=post_unswap, cycle=2, side=right, layers=1741, trials=20, seed=123, parallel=False, route_candidates=2, route_score=lookahead_total)
2026-08-26 07:30:35,022 [INFO] [end rewire](phase=post_unswap, cycle=2, side=right, routed_layers=1643, elapsed_s=2.45)
2026-08-26 07:30:35,071 [INFO] [1L/1538](swap: 10, u: 0 | c_u: 0 | t_u_l: 5/942 | t_u_r: 5/943 | t_u: 10/1885) -> {'max_bond': 2, 'max_links': 4, 'total_elems': 340, 'total_shapes': 358, 'total_links': 222, 'num_tensors': 56}
2026-08-26 07:30:35,113 [INFO] [2L/1538](swap: 13, u: 0 | c_u: 0 | t_u_l: 5/942 | t_u_r: 5/943 | t_u: 10/1885) -> {'max_bond': 4, 'max_links': 4, 'total_elems': 604, 'total_shapes': 418, 'total_links': 222, 'num_tensors': 56}
2026-08-26 07:30:35,156 [INFO] [1R/1641](swap: 11, u: 1 | c_u: 1 | t_u_l: 5/942 | t_u_r: 6/943 | t_u: 11/1885) -> {'max_bond': 8, 'max_links': 4, 'total_elems': 1348, 'total_shapes': 494, 'total_links': 222, 'num_tensors': 56}
2026-08-26 07:30:35,198 [INFO] [3L/1538](swap: 12, u: 1 | c_u: 2 | t_u_l: 6/942 | t_u_r: 6/943 | t_u: 12/1885) -> {'max_bond': 8, 'max_links': 4, 'total_elems': 2356, 'total_shapes': 576, 'total_links': 222, 'num_tensors': 56}
2026-08-26 07:30:35,241 [INFO] [2R/1641](swap: 13, u: 0 | c_u: 2 | t_u_l: 6/942 | t_u_r: 6/943 | t_u: 12/1885) -> {'max_bond': 16, 'max_links': 4, 'total_elems': 4312, 'total_shapes': 680, 'total_links': 222, 'num_tensors': 56}
2026-08-26 07:30:35,285 [INFO] [3R/1641](swap: 12, u: 0 | c_u: 2 | t_u_l: 6/942 | t_u_r: 6/943 | t_u: 12/1885) -> {'max_bond': 16, 'max_links': 4, 'total_elems': 7620, 'total_shapes': 806, 'total_links': 222, 'num_tensors': 56}
2026-08-26 07:30:35,333 [INFO] [4L/1538](swap: 16, u: 0 | c_u: 2 | t_u_l: 6/942 | t_u_r: 6/943 | t_u: 12/1885) -> {'max_bond': 16, 'max_links': 4, 'total_elems': 14364, 'total_shapes': 960, 'total_links': 222, 'num_tensors': 56}
2026-08-26 07:30:35,389 [INFO] [4R/1641](swap: 11, u: 0 | c_u: 2 | t_u_l: 6/942 | t_u_r: 6/943 | t_u: 12/1885) -> {'max_bond': 64, 'max_links': 4, 'total_elems': 25464, 'total_shapes': 1196, 'total_links': 222, 'num_tensors': 56}
2026-08-26 07:30:35,450 [INFO] [5R/1641](swap: 11, u: 1 | c_u: 3 | t_u_l: 6/942 | t_u_r: 7/943 | t_u: 13/1885) -> {'max_bond': 64, 'max_links': 4, 'total_elems': 35120, 'total_shapes': 1408, 'total_links': 222, 'num_tensors': 56}
2026-08-26 07:30:35,517 [INFO] [6R/1641](swap: 13, u: 0 | c_u: 3 | t_u_l: 6/942 | t_u_r: 7/943 | t_u: 13/1885) -> {'max_bond': 64, 'max_links': 4, 'total_elems': 49520, 'total_shapes': 1612, 'total_links': 222, 'num_tensors': 56}
2026-08-26 07:30:35,604 [INFO] [7R/1641](swap: 12, u: 0 | c_u: 3 | t_u_l: 6/942 | t_u_r: 7/943 | t_u: 13/1885) -> {'max_bond': 64, 'max_links': 4, 'total_elems': 77528, 'total_shapes': 1846, 'total_links': 222, 'num_tensors': 56}
2026-08-26 07:30:35,731 [INFO] [8R/1641](swap: 10, u: 0 | c_u: 3 | t_u_l: 6/942 | t_u_r: 7/943 | t_u: 13/1885) -> {'max_bond': 64, 'max_links': 4, 'total_elems': 83904, 'total_shapes': 1970, 'total_links': 222, 'num_tensors': 56}
2026-08-26 07:30:35,866 [INFO] [9R/1641](swap: 8, u: 0 | c_u: 3 | t_u_l: 6/942 | t_u_r: 7/943 | t_u: 13/1885) -> {'max_bond': 64, 'max_links': 4, 'total_elems': 95264, 'total_shapes': 2160, 'total_links': 222, 'num_tensors': 56}
2026-08-26 07:30:36,006 [INFO] [10R/1641](swap: 7, u: 1 | c_u: 4 | t_u_l: 6/942 | t_u_r: 8/943 | t_u: 14/1885) -> {'max_bond': 64, 'max_links': 4, 'total_elems': 115808, 'total_shapes': 2352, 'total_links': 222, 'num_tensors': 56}
2026-08-26 07:30:36,157 [INFO] [11R/1641](swap: 8, u: 0 | c_u: 4 | t_u_l: 6/942 | t_u_r: 8/943 | t_u: 14/1885) -> {'max_bond': 64, 'max_links': 4, 'total_elems': 135968, 'total_shapes': 2528, 'total_links': 222, 'num_tensors': 56}
2026-08-26 07:30:36,337 [INFO] [12R/1641](swap: 10, u: 0 | c_u: 4 | t_u_l: 6/942 | t_u_r: 8/943 | t_u: 14/1885) -> {'max_bond': 64, 'max_links': 4, 'total_elems': 152352, 'total_shapes': 2720, 'total_links': 222, 'num_tensors': 56}
2026-08-26 07:30:36,533 [INFO] [13R/1641](swap: 10, u: 1 | c_u: 5 | t_u_l: 6/942 | t_u_r: 9/943 | t_u: 15/1885) -> {'max_bond': 128, 'max_links': 4, 'total_elems': 236576, 'total_shapes': 3472, 'total_links': 222, 'num_tensors': 56}
2026-08-26 07:30:36,808 [INFO] [14R/1641](swap: 7, u: 2 | c_u: 7 | t_u_l: 6/942 | t_u_r: 11/943 | t_u: 17/1885) -> {'max_bond': 128, 'max_links': 4, 'total_elems': 390176, 'total_shapes': 3952, 'total_links': 222, 'num_tensors': 56}
2026-08-26 07:30:37,321 [INFO]     [start unswap] -> {'max_bond': 128, 'max_links': 4, 'total_elems': 390176, 'total_shapes': 3952, 'total_links': 222, 'num_tensors': 56}
2026-08-26 07:30:39,494 [INFO]     [0 | both | 0](candidate_pairs: 28/28 | new_swaps: 6 | total: 6) -> {'max_bond': 128, 'max_links': 4, 'total_elems': 226084, 'total_shapes': 3354, 'total_links': 222, 'num_tensors': 56}
2026-08-26 07:30:40,133 [INFO]     [0 | both | 1](candidate_pairs: 27/27 | new_swaps: 11 | total: 17) -> {'max_bond': 64, 'max_links': 4, 'total_elems': 135908, 'total_shapes': 2602, 'total_links': 222, 'num_tensors': 56}
2026-08-26 07:30:40,334 [INFO]     [0 | left | 0](candidate_pairs: 28/28 | new_swaps: 10 | total: 27) -> {'max_bond': 64, 'max_links': 4, 'total_elems': 87844, 'total_shapes': 2082, 'total_links': 222, 'num_tensors': 56}
2026-08-26 07:30:40,451 [INFO]     [0 | left | 1](candidate_pairs: 27/27 | new_swaps: 11 | total: 38) -> {'max_bond': 64, 'max_links': 4, 'total_elems': 61096, 'total_shapes': 1768, 'total_links': 222, 'num_tensors': 56}
2026-08-26 07:30:40,523 [INFO]     [0 | right | 0](candidate_pairs: 28/28 | new_swaps: 6 | total: 44) -> {'max_bond': 64, 'max_links': 4, 'total_elems': 57496, 'total_shapes': 1668, 'total_links': 222, 'num_tensors': 56}
2026-08-26 07:30:40,625 [INFO]     [0 | right | 1](candidate_pairs: 27/27 | new_swaps: 8 | total: 52) -> {'max_bond': 64, 'max_links': 4, 'total_elems': 38584, 'total_shapes': 1480, 'total_links': 222, 'num_tensors': 56}
2026-08-26 07:30:40,744 [INFO]     [1 | both | 0](candidate_pairs: 28/28 | new_swaps: 13 | total: 13) -> {'max_bond': 32, 'max_links': 4, 'total_elems': 18900, 'total_shapes': 1114, 'total_links': 222, 'num_tensors': 56}
2026-08-26 07:30:40,833 [INFO]     [1 | both | 1](candidate_pairs: 27/27 | new_swaps: 10 | total: 23) -> {'max_bond': 32, 'max_links': 4, 'total_elems': 13748, 'total_shapes': 940, 'total_links': 222, 'num_tensors': 56}
2026-08-26 07:30:40,878 [INFO]     [1 | left | 0](candidate_pairs: 28/28 | new_swaps: 4 | total: 27) -> {'max_bond': 32, 'max_links': 4, 'total_elems': 12704, 'total_shapes': 892, 'total_links': 222, 'num_tensors': 56}
2026-08-26 07:30:40,926 [INFO]     [1 | left | 1](candidate_pairs: 27/27 | new_swaps: 5 | total: 32) -> {'max_bond': 32, 'max_links': 4, 'total_elems': 11456, 'total_shapes': 848, 'total_links': 222, 'num_tensors': 56}
2026-08-26 07:30:40,970 [INFO]     [1 | right | 0](candidate_pairs: 28/28 | new_swaps: 3 | total: 35) -> {'max_bond': 32, 'max_links': 4, 'total_elems': 10560, 'total_shapes': 808, 'total_links': 222, 'num_tensors': 56}
2026-08-26 07:30:41,013 [INFO]     [1 | right | 1](candidate_pairs: 27/27 | new_swaps: 3 | total: 38) -> {'max_bond': 32, 'max_links': 4, 'total_elems': 10380, 'total_shapes': 792, 'total_links': 222, 'num_tensors': 56}
2026-08-26 07:30:41,097 [INFO]     [2 | both | 0](candidate_pairs: 28/28 | new_swaps: 7 | total: 7) -> {'max_bond': 32, 'max_links': 4, 'total_elems': 9552, 'total_shapes': 746, 'total_links': 222, 'num_tensors': 56}
2026-08-26 07:30:41,173 [INFO]     [2 | both | 1](candidate_pairs: 27/27 | new_swaps: 4 | total: 11) -> {'max_bond': 32, 'max_links': 4, 'total_elems': 9256, 'total_shapes': 722, 'total_links': 222, 'num_tensors': 56}
2026-08-26 07:30:41,789 [INFO]     [2 | left | 0](candidate_pairs: 28/28 | new_swaps: 3 | total: 14) -> {'max_bond': 32, 'max_links': 4, 'total_elems': 8908, 'total_shapes': 702, 'total_links': 222, 'num_tensors': 56}
2026-08-26 07:30:41,831 [INFO]     [2 | left | 1](candidate_pairs: 27/27 | new_swaps: 2 | total: 16) -> {'max_bond': 32, 'max_links': 4, 'total_elems': 8800, 'total_shapes': 692, 'total_links': 222, 'num_tensors': 56}
2026-08-26 07:30:41,873 [INFO]     [2 | right | 0](candidate_pairs: 28/28 | new_swaps: 1 | total: 17) -> {'max_bond': 32, 'max_links': 4, 'total_elems': 8776, 'total_shapes': 688, 'total_links': 222, 'num_tensors': 56}
2026-08-26 07:30:41,914 [INFO]     [2 | right | 1](candidate_pairs: 27/27 | new_swaps: 1 | total: 18) -> {'max_bond': 32, 'max_links': 4, 'total_elems': 8488, 'total_shapes': 680, 'total_links': 222, 'num_tensors': 56}
2026-08-26 07:30:41,994 [INFO]     [3 | both | 0](candidate_pairs: 28/28 | new_swaps: 4 | total: 4) -> {'max_bond': 32, 'max_links': 4, 'total_elems': 7408, 'total_shapes': 644, 'total_links': 222, 'num_tensors': 56}
2026-08-26 07:30:42,069 [INFO]     [3 | both | 1](candidate_pairs: 27/27 | new_swaps: 6 | total: 10) -> {'max_bond': 32, 'max_links': 4, 'total_elems': 6096, 'total_shapes': 596, 'total_links': 222, 'num_tensors': 56}
2026-08-26 07:30:42,087 [INFO]     [3 | left | 0](candidate_pairs: 28/28 | new_swaps: 0 | total: 10) -> {'max_bond': 32, 'max_links': 4, 'total_elems': 6096, 'total_shapes': 596, 'total_links': 222, 'num_tensors': 56}
2026-08-26 07:30:42,126 [INFO]     [3 | left | 1](candidate_pairs: 27/27 | new_swaps: 1 | total: 11) -> {'max_bond': 32, 'max_links': 4, 'total_elems': 6056, 'total_shapes': 592, 'total_links': 222, 'num_tensors': 56}
2026-08-26 07:30:42,165 [INFO]     [3 | right | 0](candidate_pairs: 28/28 | new_swaps: 1 | total: 12) -> {'max_bond': 32, 'max_links': 4, 'total_elems': 5984, 'total_shapes': 586, 'total_links': 222, 'num_tensors': 56}
2026-08-26 07:30:42,184 [INFO]     [3 | right | 1](candidate_pairs: 27/27 | new_swaps: 0 | total: 12) -> {'max_bond': 32, 'max_links': 4, 'total_elems': 5984, 'total_shapes': 586, 'total_links': 222, 'num_tensors': 56}
2026-08-26 07:30:42,257 [INFO]     [4 | both | 0](candidate_pairs: 28/28 | new_swaps: 4 | total: 4) -> {'max_bond': 32, 'max_links': 4, 'total_elems': 4712, 'total_shapes': 558, 'total_links': 222, 'num_tensors': 56}
2026-08-26 07:30:42,326 [INFO]     [4 | both | 1](candidate_pairs: 27/27 | new_swaps: 2 | total: 6) -> {'max_bond': 16, 'max_links': 4, 'total_elems': 2012, 'total_shapes': 500, 'total_links': 222, 'num_tensors': 56}
2026-08-26 07:30:42,363 [INFO]     [4 | left | 0](candidate_pairs: 28/28 | new_swaps: 2 | total: 8) -> {'max_bond': 8, 'max_links': 4, 'total_elems': 1556, 'total_shapes': 470, 'total_links': 222, 'num_tensors': 56}
2026-08-26 07:30:42,400 [INFO]     [4 | left | 1](candidate_pairs: 27/27 | new_swaps: 3 | total: 11) -> {'max_bond': 8, 'max_links': 4, 'total_elems': 1388, 'total_shapes': 454, 'total_links': 222, 'num_tensors': 56}
2026-08-26 07:30:42,415 [INFO]     [4 | right | 0](candidate_pairs: 28/28 | new_swaps: 0 | total: 11) -> {'max_bond': 8, 'max_links': 4, 'total_elems': 1388, 'total_shapes': 454, 'total_links': 222, 'num_tensors': 56}
2026-08-26 07:30:42,430 [INFO]     [4 | right | 1](candidate_pairs: 27/27 | new_swaps: 0 | total: 11) -> {'max_bond': 8, 'max_links': 4, 'total_elems': 1388, 'total_shapes': 454, 'total_links': 222, 'num_tensors': 56}
2026-08-26 07:30:42,495 [INFO]     [5 | both | 0](candidate_pairs: 28/28 | new_swaps: 1 | total: 1) -> {'max_bond': 8, 'max_links': 4, 'total_elems': 1348, 'total_shapes': 450, 'total_links': 222, 'num_tensors': 56}
2026-08-26 07:30:42,557 [INFO]     [5 | both | 1](candidate_pairs: 27/27 | new_swaps: 1 | total: 2) -> {'max_bond': 8, 'max_links': 4, 'total_elems': 1288, 'total_shapes': 444, 'total_links': 222, 'num_tensors': 56}
2026-08-26 07:30:42,593 [INFO]     [5 | left | 0](candidate_pairs: 28/28 | new_swaps: 1 | total: 3) -> {'max_bond': 8, 'max_links': 4, 'total_elems': 1128, 'total_shapes': 436, 'total_links': 222, 'num_tensors': 56}
2026-08-26 07:30:42,629 [INFO]     [5 | left | 1](candidate_pairs: 27/27 | new_swaps: 1 | total: 4) -> {'max_bond': 8, 'max_links': 4, 'total_elems': 936, 'total_shapes': 424, 'total_links': 222, 'num_tensors': 56}
2026-08-26 07:30:42,664 [INFO]     [5 | right | 0](candidate_pairs: 28/28 | new_swaps: 1 | total: 5) -> {'max_bond': 8, 'max_links': 4, 'total_elems': 912, 'total_shapes': 420, 'total_links': 222, 'num_tensors': 56}
2026-08-26 07:30:42,679 [INFO]     [5 | right | 1](candidate_pairs: 27/27 | new_swaps: 0 | total: 5) -> {'max_bond': 8, 'max_links': 4, 'total_elems': 912, 'total_shapes': 420, 'total_links': 222, 'num_tensors': 56}
2026-08-26 07:30:42,734 [INFO]     [6 | both | 0](candidate_pairs: 28/28 | new_swaps: 1 | total: 1) -> {'max_bond': 8, 'max_links': 4, 'total_elems': 900, 'total_shapes': 418, 'total_links': 222, 'num_tensors': 56}
2026-08-26 07:30:42,762 [INFO]     [6 | both | 1](candidate_pairs: 27/27 | new_swaps: 0 | total: 1) -> {'max_bond': 8, 'max_links': 4, 'total_elems': 900, 'total_shapes': 418, 'total_links': 222, 'num_tensors': 56}
2026-08-26 07:30:42,777 [INFO]     [6 | left | 0](candidate_pairs: 28/28 | new_swaps: 0 | total: 1) -> {'max_bond': 8, 'max_links': 4, 'total_elems': 900, 'total_shapes': 418, 'total_links': 222, 'num_tensors': 56}
2026-08-26 07:30:42,792 [INFO]     [6 | left | 1](candidate_pairs: 27/27 | new_swaps: 0 | total: 1) -> {'max_bond': 8, 'max_links': 4, 'total_elems': 900, 'total_shapes': 418, 'total_links': 222, 'num_tensors': 56}
2026-08-26 07:30:42,807 [INFO]     [6 | right | 0](candidate_pairs: 28/28 | new_swaps: 0 | total: 1) -> {'max_bond': 8, 'max_links': 4, 'total_elems': 900, 'total_shapes': 418, 'total_links': 222, 'num_tensors': 56}
2026-08-26 07:30:42,822 [INFO]     [6 | right | 1](candidate_pairs: 27/27 | new_swaps: 0 | total: 1) -> {'max_bond': 8, 'max_links': 4, 'total_elems': 900, 'total_shapes': 418, 'total_links': 222, 'num_tensors': 56}
2026-08-26 07:30:42,851 [INFO]     [7 | both | 0](candidate_pairs: 28/28 | new_swaps: 0 | total: 0) -> {'max_bond': 8, 'max_links': 4, 'total_elems': 900, 'total_shapes': 418, 'total_links': 222, 'num_tensors': 56}
2026-08-26 07:30:42,880 [INFO]     [7 | both | 1](candidate_pairs: 27/27 | new_swaps: 0 | total: 0) -> {'max_bond': 8, 'max_links': 4, 'total_elems': 900, 'total_shapes': 418, 'total_links': 222, 'num_tensors': 56}
2026-08-26 07:30:42,895 [INFO]     [7 | left | 0](candidate_pairs: 28/28 | new_swaps: 0 | total: 0) -> {'max_bond': 8, 'max_links': 4, 'total_elems': 900, 'total_shapes': 418, 'total_links': 222, 'num_tensors': 56}
2026-08-26 07:30:42,910 [INFO]     [7 | left | 1](candidate_pairs: 27/27 | new_swaps: 0 | total: 0) -> {'max_bond': 8, 'max_links': 4, 'total_elems': 900, 'total_shapes': 418, 'total_links': 222, 'num_tensors': 56}
2026-08-26 07:30:42,925 [INFO]     [7 | right | 0](candidate_pairs: 28/28 | new_swaps: 0 | total: 0) -> {'max_bond': 8, 'max_links': 4, 'total_elems': 900, 'total_shapes': 418, 'total_links': 222, 'num_tensors': 56}
2026-08-26 07:30:42,941 [INFO]     [7 | right | 1](candidate_pairs: 27/27 | new_swaps: 0 | total: 0) -> {'max_bond': 8, 'max_links': 4, 'total_elems': 900, 'total_shapes': 418, 'total_links': 222, 'num_tensors': 56}
2026-08-26 07:30:42,941 [INFO]     [end unswap] -> {'max_bond': 8, 'max_links': 4, 'total_elems': 900, 'total_shapes': 418, 'total_links': 222, 'num_tensors': 56}
2026-08-26 07:30:42,947 [INFO] [start rewire](phase=post_unswap, cycle=3, side=left, layers=1536, trials=20, seed=123, parallel=False, route_candidates=2, route_score=lookahead_total)
2026-08-26 07:30:45,516 [INFO] [end rewire](phase=post_unswap, cycle=3, side=left, routed_layers=1450, elapsed_s=2.57)
2026-08-26 07:30:45,516 [INFO] [start rewire](phase=post_unswap, cycle=3, side=right, layers=1629, trials=20, seed=123, parallel=False, route_candidates=2, route_score=lookahead_total)
2026-08-26 07:30:48,202 [INFO] [end rewire](phase=post_unswap, cycle=3, side=right, routed_layers=1522, elapsed_s=2.69)
2026-08-26 07:30:48,253 [INFO] [1L/1448](swap: 14, u: 0 | c_u: 0 | t_u_l: 6/942 | t_u_r: 11/943 | t_u: 17/1885) -> {'max_bond': 8, 'max_links': 4, 'total_elems': 900, 'total_shapes': 418, 'total_links': 222, 'num_tensors': 56}
2026-08-26 07:30:48,295 [INFO] [1R/1520](swap: 9, u: 0 | c_u: 0 | t_u_l: 6/942 | t_u_r: 11/943 | t_u: 17/1885) -> {'max_bond': 8, 'max_links': 4, 'total_elems': 1276, 'total_shapes': 482, 'total_links': 222, 'num_tensors': 56}
2026-08-26 07:30:48,337 [INFO] [2L/1448](swap: 13, u: 0 | c_u: 0 | t_u_l: 6/942 | t_u_r: 11/943 | t_u: 17/1885) -> {'max_bond': 8, 'max_links': 4, 'total_elems': 1416, 'total_shapes': 498, 'total_links': 222, 'num_tensors': 56}
2026-08-26 07:30:48,379 [INFO] [2R/1520](swap: 11, u: 0 | c_u: 0 | t_u_l: 6/942 | t_u_r: 11/943 | t_u: 17/1885) -> {'max_bond': 8, 'max_links': 4, 'total_elems': 2052, 'total_shapes': 566, 'total_links': 222, 'num_tensors': 56}
2026-08-26 07:30:48,422 [INFO] [3L/1448](swap: 15, u: 0 | c_u: 0 | t_u_l: 6/942 | t_u_r: 11/943 | t_u: 17/1885) -> {'max_bond': 8, 'max_links': 4, 'total_elems': 2380, 'total_shapes': 568, 'total_links': 222, 'num_tensors': 56}
2026-08-26 07:30:48,464 [INFO] [3R/1520](swap: 11, u: 0 | c_u: 0 | t_u_l: 6/942 | t_u_r: 11/943 | t_u: 17/1885) -> {'max_bond': 16, 'max_links': 4, 'total_elems': 3316, 'total_shapes': 640, 'total_links': 222, 'num_tensors': 56}
2026-08-26 07:30:48,507 [INFO] [4R/1520](swap: 11, u: 0 | c_u: 0 | t_u_l: 6/942 | t_u_r: 11/943 | t_u: 17/1885) -> {'max_bond': 16, 'max_links': 4, 'total_elems': 4428, 'total_shapes': 706, 'total_links': 222, 'num_tensors': 56}
2026-08-26 07:30:48,551 [INFO] [4L/1448](swap: 13, u: 0 | c_u: 0 | t_u_l: 6/942 | t_u_r: 11/943 | t_u: 17/1885) -> {'max_bond': 16, 'max_links': 4, 'total_elems': 7288, 'total_shapes': 812, 'total_links': 222, 'num_tensors': 56}
2026-08-26 07:30:48,595 [INFO] [5R/1520](swap: 10, u: 0 | c_u: 0 | t_u_l: 6/942 | t_u_r: 11/943 | t_u: 17/1885) -> {'max_bond': 16, 'max_links': 4, 'total_elems': 10948, 'total_shapes': 922, 'total_links': 222, 'num_tensors': 56}
2026-08-26 07:30:48,642 [INFO] [6R/1520](swap: 7, u: 0 | c_u: 0 | t_u_l: 6/942 | t_u_r: 11/943 | t_u: 17/1885) -> {'max_bond': 16, 'max_links': 4, 'total_elems': 12620, 'total_shapes': 980, 'total_links': 222, 'num_tensors': 56}
2026-08-26 07:30:48,690 [INFO] [7R/1520](swap: 8, u: 1 | c_u: 1 | t_u_l: 6/942 | t_u_r: 12/943 | t_u: 18/1885) -> {'max_bond': 16, 'max_links': 4, 'total_elems': 16204, 'total_shapes': 1064, 'total_links': 222, 'num_tensors': 56}
2026-08-26 07:30:48,740 [INFO] [5L/1448](swap: 13, u: 0 | c_u: 1 | t_u_l: 6/942 | t_u_r: 12/943 | t_u: 18/1885) -> {'max_bond': 32, 'max_links': 4, 'total_elems': 20240, 'total_shapes': 1154, 'total_links': 222, 'num_tensors': 56}
2026-08-26 07:30:48,798 [INFO] [8R/1520](swap: 9, u: 0 | c_u: 1 | t_u_l: 6/942 | t_u_r: 12/943 | t_u: 18/1885) -> {'max_bond': 64, 'max_links': 4, 'total_elems': 36396, 'total_shapes': 1452, 'total_links': 222, 'num_tensors': 56}
2026-08-26 07:30:48,877 [INFO] [6L/1448](swap: 11, u: 0 | c_u: 1 | t_u_l: 6/942 | t_u_r: 12/943 | t_u: 18/1885) -> {'max_bond': 64, 'max_links': 4, 'total_elems': 83276, 'total_shapes': 1706, 'total_links': 222, 'num_tensors': 56}
2026-08-26 07:30:49,066 [INFO]     [start unswap] -> {'max_bond': 64, 'max_links': 4, 'total_elems': 83276, 'total_shapes': 1706, 'total_links': 222, 'num_tensors': 56}
2026-08-26 07:30:51,763 [INFO]     [0 | both | 0](candidate_pairs: 28/28 | new_swaps: 6 | total: 6) -> {'max_bond': 256, 'max_links': 4, 'total_elems': 213560, 'total_shapes': 2280, 'total_links': 222, 'num_tensors': 56}
2026-08-26 07:30:52,354 [INFO]     [0 | both | 1](candidate_pairs: 27/27 | new_swaps: 9 | total: 15) -> {'max_bond': 64, 'max_links': 4, 'total_elems': 34972, 'total_shapes': 1372, 'total_links': 222, 'num_tensors': 56}
2026-08-26 07:30:52,417 [INFO]     [0 | left | 0](candidate_pairs: 28/28 | new_swaps: 9 | total: 24) -> {'max_bond': 32, 'max_links': 4, 'total_elems': 18492, 'total_shapes': 1072, 'total_links': 222, 'num_tensors': 56}
2026-08-26 07:30:52,473 [INFO]     [0 | left | 1](candidate_pairs: 27/27 | new_swaps: 11 | total: 35) -> {'max_bond': 16, 'max_links': 4, 'total_elems': 11644, 'total_shapes': 882, 'total_links': 222, 'num_tensors': 56}
2026-08-26 07:30:52,518 [INFO]     [0 | right | 0](candidate_pairs: 28/28 | new_swaps: 8 | total: 43) -> {'max_bond': 16, 'max_links': 4, 'total_elems': 8572, 'total_shapes': 770, 'total_links': 222, 'num_tensors': 56}
2026-08-26 07:30:52,558 [INFO]     [0 | right | 1](candidate_pairs: 27/27 | new_swaps: 3 | total: 46) -> {'max_bond': 16, 'max_links': 4, 'total_elems': 7420, 'total_shapes': 738, 'total_links': 222, 'num_tensors': 56}
2026-08-26 07:30:52,631 [INFO]     [1 | both | 0](candidate_pairs: 28/28 | new_swaps: 6 | total: 6) -> {'max_bond': 16, 'max_links': 4, 'total_elems': 6668, 'total_shapes': 694, 'total_links': 222, 'num_tensors': 56}
2026-08-26 07:30:52,707 [INFO]     [1 | both | 1](candidate_pairs: 27/27 | new_swaps: 7 | total: 13) -> {'max_bond': 16, 'max_links': 4, 'total_elems': 4988, 'total_shapes': 624, 'total_links': 222, 'num_tensors': 56}
2026-08-26 07:30:52,745 [INFO]     [1 | left | 0](candidate_pairs: 28/28 | new_swaps: 3 | total: 16) -> {'max_bond': 16, 'max_links': 4, 'total_elems': 3884, 'total_shapes': 590, 'total_links': 222, 'num_tensors': 56}
2026-08-26 07:30:52,784 [INFO]     [1 | left | 1](candidate_pairs: 27/27 | new_swaps: 4 | total: 20) -> {'max_bond': 16, 'max_links': 4, 'total_elems': 2816, 'total_shapes': 548, 'total_links': 222, 'num_tensors': 56}
2026-08-26 07:30:52,822 [INFO]     [1 | right | 0](candidate_pairs: 28/28 | new_swaps: 3 | total: 23) -> {'max_bond': 8, 'max_links': 4, 'total_elems': 2144, 'total_shapes': 518, 'total_links': 222, 'num_tensors': 56}
2026-08-26 07:30:52,857 [INFO]     [1 | right | 1](candidate_pairs: 27/27 | new_swaps: 1 | total: 24) -> {'max_bond': 8, 'max_links': 4, 'total_elems': 2048, 'total_shapes': 514, 'total_links': 222, 'num_tensors': 56}
2026-08-26 07:30:52,924 [INFO]     [2 | both | 0](candidate_pairs: 28/28 | new_swaps: 6 | total: 6) -> {'max_bond': 8, 'max_links': 4, 'total_elems': 1600, 'total_shapes': 482, 'total_links': 222, 'num_tensors': 56}
2026-08-26 07:30:52,988 [INFO]     [2 | both | 1](candidate_pairs: 27/27 | new_swaps: 2 | total: 8) -> {'max_bond': 8, 'max_links': 4, 'total_elems': 1444, 'total_shapes': 468, 'total_links': 222, 'num_tensors': 56}
2026-08-26 07:30:53,017 [INFO]     [2 | left | 0](candidate_pairs: 28/28 | new_swaps: 1 | total: 9) -> {'max_bond': 8, 'max_links': 4, 'total_elems': 1384, 'total_shapes': 462, 'total_links': 222, 'num_tensors': 56}
2026-08-26 07:30:53,055 [INFO]     [2 | left | 1](candidate_pairs: 27/27 | new_swaps: 3 | total: 12) -> {'max_bond': 8, 'max_links': 4, 'total_elems': 1264, 'total_shapes': 444, 'total_links': 222, 'num_tensors': 56}
2026-08-26 07:30:53,070 [INFO]     [2 | right | 0](candidate_pairs: 28/28 | new_swaps: 0 | total: 12) -> {'max_bond': 8, 'max_links': 4, 'total_elems': 1264, 'total_shapes': 444, 'total_links': 222, 'num_tensors': 56}
2026-08-26 07:30:53,099 [INFO]     [2 | right | 1](candidate_pairs: 27/27 | new_swaps: 1 | total: 13) -> {'max_bond': 8, 'max_links': 4, 'total_elems': 1224, 'total_shapes': 440, 'total_links': 222, 'num_tensors': 56}
2026-08-26 07:30:53,163 [INFO]     [3 | both | 0](candidate_pairs: 28/28 | new_swaps: 3 | total: 3) -> {'max_bond': 8, 'max_links': 4, 'total_elems': 1188, 'total_shapes': 434, 'total_links': 222, 'num_tensors': 56}
2026-08-26 07:30:53,192 [INFO]     [3 | both | 1](candidate_pairs: 27/27 | new_swaps: 0 | total: 3) -> {'max_bond': 8, 'max_links': 4, 'total_elems': 1188, 'total_shapes': 434, 'total_links': 222, 'num_tensors': 56}
2026-08-26 07:30:53,207 [INFO]     [3 | left | 0](candidate_pairs: 28/28 | new_swaps: 0 | total: 3) -> {'max_bond': 8, 'max_links': 4, 'total_elems': 1188, 'total_shapes': 434, 'total_links': 222, 'num_tensors': 56}
2026-08-26 07:30:53,223 [INFO]     [3 | left | 1](candidate_pairs: 27/27 | new_swaps: 0 | total: 3) -> {'max_bond': 8, 'max_links': 4, 'total_elems': 1188, 'total_shapes': 434, 'total_links': 222, 'num_tensors': 56}
2026-08-26 07:30:53,238 [INFO]     [3 | right | 0](candidate_pairs: 28/28 | new_swaps: 0 | total: 3) -> {'max_bond': 8, 'max_links': 4, 'total_elems': 1188, 'total_shapes': 434, 'total_links': 222, 'num_tensors': 56}
2026-08-26 07:30:53,253 [INFO]     [3 | right | 1](candidate_pairs: 27/27 | new_swaps: 0 | total: 3) -> {'max_bond': 8, 'max_links': 4, 'total_elems': 1188, 'total_shapes': 434, 'total_links': 222, 'num_tensors': 56}
2026-08-26 07:30:53,282 [INFO]     [4 | both | 0](candidate_pairs: 28/28 | new_swaps: 0 | total: 0) -> {'max_bond': 8, 'max_links': 4, 'total_elems': 1188, 'total_shapes': 434, 'total_links': 222, 'num_tensors': 56}
2026-08-26 07:30:53,311 [INFO]     [4 | both | 1](candidate_pairs: 27/27 | new_swaps: 0 | total: 0) -> {'max_bond': 8, 'max_links': 4, 'total_elems': 1188, 'total_shapes': 434, 'total_links': 222, 'num_tensors': 56}
2026-08-26 07:30:53,327 [INFO]     [4 | left | 0](candidate_pairs: 28/28 | new_swaps: 0 | total: 0) -> {'max_bond': 8, 'max_links': 4, 'total_elems': 1188, 'total_shapes': 434, 'total_links': 222, 'num_tensors': 56}
2026-08-26 07:30:53,342 [INFO]     [4 | left | 1](candidate_pairs: 27/27 | new_swaps: 0 | total: 0) -> {'max_bond': 8, 'max_links': 4, 'total_elems': 1188, 'total_shapes': 434, 'total_links': 222, 'num_tensors': 56}
2026-08-26 07:30:53,357 [INFO]     [4 | right | 0](candidate_pairs: 28/28 | new_swaps: 0 | total: 0) -> {'max_bond': 8, 'max_links': 4, 'total_elems': 1188, 'total_shapes': 434, 'total_links': 222, 'num_tensors': 56}
2026-08-26 07:30:53,372 [INFO]     [4 | right | 1](candidate_pairs: 27/27 | new_swaps: 0 | total: 0) -> {'max_bond': 8, 'max_links': 4, 'total_elems': 1188, 'total_shapes': 434, 'total_links': 222, 'num_tensors': 56}
2026-08-26 07:30:53,373 [INFO]     [end unswap] -> {'max_bond': 8, 'max_links': 4, 'total_elems': 1188, 'total_shapes': 434, 'total_links': 222, 'num_tensors': 56}
2026-08-26 07:30:53,373 [INFO] [start rewire](phase=post_unswap, cycle=4, side=left, layers=1444, trials=20, seed=123, parallel=False, route_candidates=2, route_score=lookahead_total)
2026-08-26 07:30:56,076 [INFO] [end rewire](phase=post_unswap, cycle=4, side=left, routed_layers=1473, elapsed_s=2.70)
2026-08-26 07:30:56,076 [INFO] [start rewire](phase=post_unswap, cycle=4, side=right, layers=1514, trials=20, seed=123, parallel=False, route_candidates=2, route_score=lookahead_total)
2026-08-26 07:30:59,080 [INFO] [end rewire](phase=post_unswap, cycle=4, side=right, routed_layers=1639, elapsed_s=3.00)
2026-08-26 07:30:59,132 [INFO] [1L/1471](swap: 16, u: 0 | c_u: 0 | t_u_l: 6/942 | t_u_r: 12/943 | t_u: 18/1885) -> {'max_bond': 8, 'max_links': 4, 'total_elems': 1188, 'total_shapes': 434, 'total_links': 222, 'num_tensors': 56}
2026-08-26 07:30:59,175 [INFO] [1R/1637](swap: 15, u: 0 | c_u: 0 | t_u_l: 6/942 | t_u_r: 12/943 | t_u: 18/1885) -> {'max_bond': 8, 'max_links': 4, 'total_elems': 1712, 'total_shapes': 522, 'total_links': 222, 'num_tensors': 56}
2026-08-26 07:30:59,219 [INFO] [2R/1637](swap: 11, u: 0 | c_u: 0 | t_u_l: 6/942 | t_u_r: 12/943 | t_u: 18/1885) -> {'max_bond': 8, 'max_links': 4, 'total_elems': 2504, 'total_shapes': 586, 'total_links': 222, 'num_tensors': 56}
2026-08-26 07:30:59,264 [INFO] [2L/1471](swap: 10, u: 1 | c_u: 1 | t_u_l: 7/942 | t_u_r: 12/943 | t_u: 19/1885) -> {'max_bond': 16, 'max_links': 4, 'total_elems': 3624, 'total_shapes': 634, 'total_links': 222, 'num_tensors': 56}
2026-08-26 07:30:59,308 [INFO] [3L/1471](swap: 10, u: 1 | c_u: 2 | t_u_l: 8/942 | t_u_r: 12/943 | t_u: 20/1885) -> {'max_bond': 16, 'max_links': 4, 'total_elems': 5032, 'total_shapes': 706, 'total_links': 222, 'num_tensors': 56}
2026-08-26 07:30:59,351 [INFO] [3R/1637](swap: 13, u: 0 | c_u: 2 | t_u_l: 8/942 | t_u_r: 12/943 | t_u: 20/1885) -> {'max_bond': 16, 'max_links': 4, 'total_elems': 7408, 'total_shapes': 788, 'total_links': 222, 'num_tensors': 56}
2026-08-26 07:30:59,399 [INFO] [4R/1637](swap: 12, u: 1 | c_u: 3 | t_u_l: 8/942 | t_u_r: 13/943 | t_u: 21/1885) -> {'max_bond': 16, 'max_links': 4, 'total_elems': 8888, 'total_shapes': 878, 'total_links': 222, 'num_tensors': 56}
2026-08-26 07:30:59,448 [INFO] [5R/1637](swap: 13, u: 2 | c_u: 5 | t_u_l: 8/942 | t_u_r: 15/943 | t_u: 23/1885) -> {'max_bond': 16, 'max_links': 4, 'total_elems': 13408, 'total_shapes': 1044, 'total_links': 222, 'num_tensors': 56}
2026-08-26 07:30:59,501 [INFO] [4L/1471](swap: 12, u: 0 | c_u: 5 | t_u_l: 8/942 | t_u_r: 15/943 | t_u: 23/1885) -> {'max_bond': 64, 'max_links': 4, 'total_elems': 24576, 'total_shapes': 1252, 'total_links': 222, 'num_tensors': 56}
2026-08-26 07:30:59,561 [INFO] [6R/1637](swap: 13, u: 1 | c_u: 6 | t_u_l: 8/942 | t_u_r: 16/943 | t_u: 24/1885) -> {'max_bond': 64, 'max_links': 4, 'total_elems': 37968, 'total_shapes': 1502, 'total_links': 222, 'num_tensors': 56}
2026-08-26 07:30:59,634 [INFO] [5L/1471](swap: 13, u: 1 | c_u: 7 | t_u_l: 9/942 | t_u_r: 16/943 | t_u: 25/1885) -> {'max_bond': 64, 'max_links': 4, 'total_elems': 77432, 'total_shapes': 1850, 'total_links': 222, 'num_tensors': 56}
2026-08-26 07:30:59,776 [INFO] [7R/1637](swap: 15, u: 0 | c_u: 7 | t_u_l: 9/942 | t_u_r: 16/943 | t_u: 25/1885) -> {'max_bond': 64, 'max_links': 4, 'total_elems': 166920, 'total_shapes': 2518, 'total_links': 222, 'num_tensors': 56}
2026-08-26 07:31:00,107 [INFO]     [start unswap] -> {'max_bond': 64, 'max_links': 4, 'total_elems': 166920, 'total_shapes': 2518, 'total_links': 222, 'num_tensors': 56}
2026-08-26 07:31:07,918 [INFO]     [0 | both | 0](candidate_pairs: 28/28 | new_swaps: 5 | total: 5) -> {'max_bond': 256, 'max_links': 4, 'total_elems': 454008, 'total_shapes': 3552, 'total_links': 222, 'num_tensors': 56}
2026-08-26 07:31:09,134 [INFO]     [0 | both | 1](candidate_pairs: 27/27 | new_swaps: 13 | total: 18) -> {'max_bond': 64, 'max_links': 4, 'total_elems': 50544, 'total_shapes': 1686, 'total_links': 222, 'num_tensors': 56}
2026-08-26 07:31:09,210 [INFO]     [0 | left | 0](candidate_pairs: 28/28 | new_swaps: 13 | total: 31) -> {'max_bond': 16, 'max_links': 4, 'total_elems': 20624, 'total_shapes': 1154, 'total_links': 222, 'num_tensors': 56}
2026-08-26 07:31:09,271 [INFO]     [0 | left | 1](candidate_pairs: 27/27 | new_swaps: 15 | total: 46) -> {'max_bond': 16, 'max_links': 4, 'total_elems': 8040, 'total_shapes': 886, 'total_links': 222, 'num_tensors': 56}
2026-08-26 07:31:09,315 [INFO]     [0 | right | 0](candidate_pairs: 28/28 | new_swaps: 9 | total: 55) -> {'max_bond': 16, 'max_links': 4, 'total_elems': 4760, 'total_shapes': 690, 'total_links': 222, 'num_tensors': 56}
2026-08-26 07:31:09,355 [INFO]     [0 | right | 1](candidate_pairs: 27/27 | new_swaps: 6 | total: 61) -> {'max_bond': 16, 'max_links': 4, 'total_elems': 4088, 'total_shapes': 654, 'total_links': 222, 'num_tensors': 56}
2026-08-26 07:31:09,424 [INFO]     [1 | both | 0](candidate_pairs: 28/28 | new_swaps: 5 | total: 5) -> {'max_bond': 16, 'max_links': 4, 'total_elems': 3472, 'total_shapes': 614, 'total_links': 222, 'num_tensors': 56}
2026-08-26 07:31:09,492 [INFO]     [1 | both | 1](candidate_pairs: 27/27 | new_swaps: 5 | total: 10) -> {'max_bond': 16, 'max_links': 4, 'total_elems': 3108, 'total_shapes': 588, 'total_links': 222, 'num_tensors': 56}
2026-08-26 07:31:09,534 [INFO]     [1 | left | 0](candidate_pairs: 28/28 | new_swaps: 7 | total: 17) -> {'max_bond': 16, 'max_links': 4, 'total_elems': 2732, 'total_shapes': 550, 'total_links': 222, 'num_tensors': 56}
2026-08-26 07:31:09,572 [INFO]     [1 | left | 1](candidate_pairs: 27/27 | new_swaps: 2 | total: 19) -> {'max_bond': 16, 'max_links': 4, 'total_elems': 2660, 'total_shapes': 540, 'total_links': 222, 'num_tensors': 56}
2026-08-26 07:31:09,608 [INFO]     [1 | right | 0](candidate_pairs: 28/28 | new_swaps: 1 | total: 20) -> {'max_bond': 16, 'max_links': 4, 'total_elems': 2564, 'total_shapes': 534, 'total_links': 222, 'num_tensors': 56}
2026-08-26 07:31:09,646 [INFO]     [1 | right | 1](candidate_pairs: 27/27 | new_swaps: 2 | total: 22) -> {'max_bond': 16, 'max_links': 4, 'total_elems': 2420, 'total_shapes': 524, 'total_links': 222, 'num_tensors': 56}
2026-08-26 07:31:09,714 [INFO]     [2 | both | 0](candidate_pairs: 28/28 | new_swaps: 7 | total: 7) -> {'max_bond': 16, 'max_links': 4, 'total_elems': 1964, 'total_shapes': 496, 'total_links': 222, 'num_tensors': 56}
2026-08-26 07:31:09,779 [INFO]     [2 | both | 1](candidate_pairs: 27/27 | new_swaps: 3 | total: 10) -> {'max_bond': 8, 'max_links': 4, 'total_elems': 1364, 'total_shapes': 468, 'total_links': 222, 'num_tensors': 56}
2026-08-26 07:31:09,816 [INFO]     [2 | left | 0](candidate_pairs: 28/28 | new_swaps: 1 | total: 11) -> {'max_bond': 8, 'max_links': 4, 'total_elems': 1236, 'total_shapes': 460, 'total_links': 222, 'num_tensors': 56}
2026-08-26 07:31:09,854 [INFO]     [2 | left | 1](candidate_pairs: 27/27 | new_swaps: 2 | total: 13) -> {'max_bond': 8, 'max_links': 4, 'total_elems': 1188, 'total_shapes': 448, 'total_links': 222, 'num_tensors': 56}
2026-08-26 07:31:09,869 [INFO]     [2 | right | 0](candidate_pairs: 28/28 | new_swaps: 0 | total: 13) -> {'max_bond': 8, 'max_links': 4, 'total_elems': 1188, 'total_shapes': 448, 'total_links': 222, 'num_tensors': 56}
2026-08-26 07:31:09,884 [INFO]     [2 | right | 1](candidate_pairs: 27/27 | new_swaps: 0 | total: 13) -> {'max_bond': 8, 'max_links': 4, 'total_elems': 1188, 'total_shapes': 448, 'total_links': 222, 'num_tensors': 56}
2026-08-26 07:31:09,941 [INFO]     [3 | both | 0](candidate_pairs: 28/28 | new_swaps: 1 | total: 1) -> {'max_bond': 8, 'max_links': 4, 'total_elems': 1176, 'total_shapes': 446, 'total_links': 222, 'num_tensors': 56}
2026-08-26 07:31:09,998 [INFO]     [3 | both | 1](candidate_pairs: 27/27 | new_swaps: 1 | total: 2) -> {'max_bond': 8, 'max_links': 4, 'total_elems': 1164, 'total_shapes': 444, 'total_links': 222, 'num_tensors': 56}
2026-08-26 07:31:10,014 [INFO]     [3 | left | 0](candidate_pairs: 28/28 | new_swaps: 0 | total: 2) -> {'max_bond': 8, 'max_links': 4, 'total_elems': 1164, 'total_shapes': 444, 'total_links': 222, 'num_tensors': 56}
2026-08-26 07:31:10,030 [INFO]     [3 | left | 1](candidate_pairs: 27/27 | new_swaps: 0 | total: 2) -> {'max_bond': 8, 'max_links': 4, 'total_elems': 1164, 'total_shapes': 444, 'total_links': 222, 'num_tensors': 56}
2026-08-26 07:31:10,045 [INFO]     [3 | right | 0](candidate_pairs: 28/28 | new_swaps: 0 | total: 2) -> {'max_bond': 8, 'max_links': 4, 'total_elems': 1164, 'total_shapes': 444, 'total_links': 222, 'num_tensors': 56}
2026-08-26 07:31:10,060 [INFO]     [3 | right | 1](candidate_pairs: 27/27 | new_swaps: 0 | total: 2) -> {'max_bond': 8, 'max_links': 4, 'total_elems': 1164, 'total_shapes': 444, 'total_links': 222, 'num_tensors': 56}
2026-08-26 07:31:10,090 [INFO]     [4 | both | 0](candidate_pairs: 28/28 | new_swaps: 0 | total: 0) -> {'max_bond': 8, 'max_links': 4, 'total_elems': 1164, 'total_shapes': 444, 'total_links': 222, 'num_tensors': 56}
2026-08-26 07:31:10,119 [INFO]     [4 | both | 1](candidate_pairs: 27/27 | new_swaps: 0 | total: 0) -> {'max_bond': 8, 'max_links': 4, 'total_elems': 1164, 'total_shapes': 444, 'total_links': 222, 'num_tensors': 56}
2026-08-26 07:31:10,134 [INFO]     [4 | left | 0](candidate_pairs: 28/28 | new_swaps: 0 | total: 0) -> {'max_bond': 8, 'max_links': 4, 'total_elems': 1164, 'total_shapes': 444, 'total_links': 222, 'num_tensors': 56}
2026-08-26 07:31:10,150 [INFO]     [4 | left | 1](candidate_pairs: 27/27 | new_swaps: 0 | total: 0) -> {'max_bond': 8, 'max_links': 4, 'total_elems': 1164, 'total_shapes': 444, 'total_links': 222, 'num_tensors': 56}
2026-08-26 07:31:10,165 [INFO]     [4 | right | 0](candidate_pairs: 28/28 | new_swaps: 0 | total: 0) -> {'max_bond': 8, 'max_links': 4, 'total_elems': 1164, 'total_shapes': 444, 'total_links': 222, 'num_tensors': 56}
2026-08-26 07:31:10,180 [INFO]     [4 | right | 1](candidate_pairs: 27/27 | new_swaps: 0 | total: 0) -> {'max_bond': 8, 'max_links': 4, 'total_elems': 1164, 'total_shapes': 444, 'total_links': 222, 'num_tensors': 56}
2026-08-26 07:31:10,181 [INFO]     [end unswap] -> {'max_bond': 8, 'max_links': 4, 'total_elems': 1164, 'total_shapes': 444, 'total_links': 222, 'num_tensors': 56}
2026-08-26 07:31:10,181 [INFO] [start rewire](phase=post_unswap, cycle=5, side=left, layers=1468, trials=20, seed=123, parallel=False, route_candidates=2, route_score=lookahead_total)
2026-08-26 07:31:13,019 [INFO] [end rewire](phase=post_unswap, cycle=5, side=left, routed_layers=1422, elapsed_s=2.84)
2026-08-26 07:31:13,019 [INFO] [start rewire](phase=post_unswap, cycle=5, side=right, layers=1632, trials=20, seed=123, parallel=False, route_candidates=2, route_score=lookahead_total)
2026-08-26 07:31:15,932 [INFO] [end rewire](phase=post_unswap, cycle=5, side=right, routed_layers=1608, elapsed_s=2.91)
2026-08-26 07:31:15,997 [INFO] [1L/1420](swap: 11, u: 0 | c_u: 0 | t_u_l: 9/942 | t_u_r: 16/943 | t_u: 25/1885) -> {'max_bond': 8, 'max_links': 4, 'total_elems': 1164, 'total_shapes': 444, 'total_links': 222, 'num_tensors': 56}
2026-08-26 07:31:16,040 [INFO] [2L/1420](swap: 14, u: 0 | c_u: 0 | t_u_l: 9/942 | t_u_r: 16/943 | t_u: 25/1885) -> {'max_bond': 16, 'max_links': 4, 'total_elems': 2464, 'total_shapes': 550, 'total_links': 222, 'num_tensors': 56}
2026-08-26 07:31:16,084 [INFO] [1R/1606](swap: 17, u: 0 | c_u: 0 | t_u_l: 9/942 | t_u_r: 16/943 | t_u: 25/1885) -> {'max_bond': 16, 'max_links': 4, 'total_elems': 3488, 'total_shapes': 600, 'total_links': 222, 'num_tensors': 56}
2026-08-26 07:31:16,128 [INFO] [3L/1420](swap: 14, u: 0 | c_u: 0 | t_u_l: 9/942 | t_u_r: 16/943 | t_u: 25/1885) -> {'max_bond': 16, 'max_links': 4, 'total_elems': 4744, 'total_shapes': 698, 'total_links': 222, 'num_tensors': 56}
2026-08-26 07:31:16,174 [INFO] [2R/1606](swap: 16, u: 0 | c_u: 0 | t_u_l: 9/942 | t_u_r: 16/943 | t_u: 25/1885) -> {'max_bond': 16, 'max_links': 4, 'total_elems': 8028, 'total_shapes': 834, 'total_links': 222, 'num_tensors': 56}
2026-08-26 07:31:16,220 [INFO] [4L/1420](swap: 11, u: 0 | c_u: 0 | t_u_l: 9/942 | t_u_r: 16/943 | t_u: 25/1885) -> {'max_bond': 16, 'max_links': 4, 'total_elems': 13316, 'total_shapes': 984, 'total_links': 222, 'num_tensors': 56}
2026-08-26 07:31:16,277 [INFO] [5L/1420](swap: 10, u: 2 | c_u: 2 | t_u_l: 11/942 | t_u_r: 16/943 | t_u: 27/1885) -> {'max_bond': 32, 'max_links': 4, 'total_elems': 19008, 'total_shapes': 1136, 'total_links': 222, 'num_tensors': 56}
2026-08-26 07:31:16,341 [INFO] [6L/1420](swap: 8, u: 2 | c_u: 4 | t_u_l: 13/942 | t_u_r: 16/943 | t_u: 29/1885) -> {'max_bond': 64, 'max_links': 4, 'total_elems': 35360, 'total_shapes': 1426, 'total_links': 222, 'num_tensors': 56}
2026-08-26 07:31:16,425 [INFO] [7L/1420](swap: 11, u: 0 | c_u: 4 | t_u_l: 13/942 | t_u_r: 16/943 | t_u: 29/1885) -> {'max_bond': 64, 'max_links': 4, 'total_elems': 85504, 'total_shapes': 1722, 'total_links': 222, 'num_tensors': 56}
2026-08-26 07:31:16,592 [INFO] [8L/1420](swap: 8, u: 2 | c_u: 6 | t_u_l: 15/942 | t_u_r: 16/943 | t_u: 31/1885) -> {'max_bond': 64, 'max_links': 4, 'total_elems': 103616, 'total_shapes': 1986, 'total_links': 222, 'num_tensors': 56}
2026-08-26 07:31:16,766 [INFO] [9L/1420](swap: 8, u: 0 | c_u: 6 | t_u_l: 15/942 | t_u_r: 16/943 | t_u: 31/1885) -> {'max_bond': 64, 'max_links': 4, 'total_elems': 134528, 'total_shapes': 2394, 'total_links': 222, 'num_tensors': 56}
2026-08-26 07:31:17,017 [INFO]     [start unswap] -> {'max_bond': 64, 'max_links': 4, 'total_elems': 134528, 'total_shapes': 2394, 'total_links': 222, 'num_tensors': 56}
2026-08-26 07:31:18,963 [INFO]     [0 | both | 0](candidate_pairs: 28/28 | new_swaps: 5 | total: 5) -> {'max_bond': 256, 'max_links': 4, 'total_elems': 267200, 'total_shapes': 3074, 'total_links': 222, 'num_tensors': 56}
2026-08-26 07:31:19,638 [INFO]     [0 | both | 1](candidate_pairs: 27/27 | new_swaps: 12 | total: 17) -> {'max_bond': 64, 'max_links': 4, 'total_elems': 69504, 'total_shapes': 1818, 'total_links': 222, 'num_tensors': 56}
2026-08-26 07:31:19,740 [INFO]     [0 | left | 0](candidate_pairs: 28/28 | new_swaps: 12 | total: 29) -> {'max_bond': 64, 'max_links': 4, 'total_elems': 41304, 'total_shapes': 1462, 'total_links': 222, 'num_tensors': 56}
2026-08-26 07:31:19,826 [INFO]     [0 | left | 1](candidate_pairs: 27/27 | new_swaps: 14 | total: 43) -> {'max_bond': 32, 'max_links': 4, 'total_elems': 22176, 'total_shapes': 1168, 'total_links': 222, 'num_tensors': 56}
2026-08-26 07:31:19,877 [INFO]     [0 | right | 0](candidate_pairs: 28/28 | new_swaps: 9 | total: 52) -> {'max_bond': 32, 'max_links': 4, 'total_elems': 16736, 'total_shapes': 992, 'total_links': 222, 'num_tensors': 56}
2026-08-26 07:31:19,930 [INFO]     [0 | right | 1](candidate_pairs: 27/27 | new_swaps: 7 | total: 59) -> {'max_bond': 32, 'max_links': 4, 'total_elems': 10172, 'total_shapes': 872, 'total_links': 222, 'num_tensors': 56}
2026-08-26 07:31:20,012 [INFO]     [1 | both | 0](candidate_pairs: 28/28 | new_swaps: 12 | total: 12) -> {'max_bond': 16, 'max_links': 4, 'total_elems': 5332, 'total_shapes': 708, 'total_links': 222, 'num_tensors': 56}
2026-08-26 07:31:20,084 [INFO]     [1 | both | 1](candidate_pairs: 27/27 | new_swaps: 5 | total: 17) -> {'max_bond': 16, 'max_links': 4, 'total_elems': 3928, 'total_shapes': 658, 'total_links': 222, 'num_tensors': 56}
2026-08-26 07:31:20,123 [INFO]     [1 | left | 0](candidate_pairs: 28/28 | new_swaps: 3 | total: 20) -> {'max_bond': 8, 'max_links': 4, 'total_elems': 3196, 'total_shapes': 620, 'total_links': 222, 'num_tensors': 56}
2026-08-26 07:31:20,164 [INFO]     [1 | left | 1](candidate_pairs: 27/27 | new_swaps: 7 | total: 27) -> {'max_bond': 8, 'max_links': 4, 'total_elems': 2628, 'total_shapes': 578, 'total_links': 222, 'num_tensors': 56}
2026-08-26 07:31:20,203 [INFO]     [1 | right | 0](candidate_pairs: 28/28 | new_swaps: 5 | total: 32) -> {'max_bond': 8, 'max_links': 4, 'total_elems': 2460, 'total_shapes': 554, 'total_links': 222, 'num_tensors': 56}
2026-08-26 07:31:20,218 [INFO]     [1 | right | 1](candidate_pairs: 27/27 | new_swaps: 0 | total: 32) -> {'max_bond': 8, 'max_links': 4, 'total_elems': 2460, 'total_shapes': 554, 'total_links': 222, 'num_tensors': 56}
2026-08-26 07:31:20,288 [INFO]     [2 | both | 0](candidate_pairs: 28/28 | new_swaps: 7 | total: 7) -> {'max_bond': 8, 'max_links': 4, 'total_elems': 2120, 'total_shapes': 528, 'total_links': 222, 'num_tensors': 56}
2026-08-26 07:31:20,354 [INFO]     [2 | both | 1](candidate_pairs: 27/27 | new_swaps: 3 | total: 10) -> {'max_bond': 8, 'max_links': 4, 'total_elems': 2084, 'total_shapes': 522, 'total_links': 222, 'num_tensors': 56}
2026-08-26 07:31:20,383 [INFO]     [2 | left | 0](candidate_pairs: 28/28 | new_swaps: 1 | total: 11) -> {'max_bond': 8, 'max_links': 4, 'total_elems': 2036, 'total_shapes': 518, 'total_links': 222, 'num_tensors': 56}
2026-08-26 07:31:20,421 [INFO]     [2 | left | 1](candidate_pairs: 27/27 | new_swaps: 2 | total: 13) -> {'max_bond': 8, 'max_links': 4, 'total_elems': 1872, 'total_shapes': 504, 'total_links': 222, 'num_tensors': 56}
2026-08-26 07:31:20,436 [INFO]     [2 | right | 0](candidate_pairs: 28/28 | new_swaps: 0 | total: 13) -> {'max_bond': 8, 'max_links': 4, 'total_elems': 1872, 'total_shapes': 504, 'total_links': 222, 'num_tensors': 56}
2026-08-26 07:31:20,452 [INFO]     [2 | right | 1](candidate_pairs: 27/27 | new_swaps: 0 | total: 13) -> {'max_bond': 8, 'max_links': 4, 'total_elems': 1872, 'total_shapes': 504, 'total_links': 222, 'num_tensors': 56}
2026-08-26 07:31:20,510 [INFO]     [3 | both | 0](candidate_pairs: 28/28 | new_swaps: 1 | total: 1) -> {'max_bond': 8, 'max_links': 4, 'total_elems': 1824, 'total_shapes': 500, 'total_links': 222, 'num_tensors': 56}
2026-08-26 07:31:20,575 [INFO]     [3 | both | 1](candidate_pairs: 27/27 | new_swaps: 2 | total: 3) -> {'max_bond': 8, 'max_links': 4, 'total_elems': 1800, 'total_shapes': 496, 'total_links': 222, 'num_tensors': 56}
2026-08-26 07:31:20,612 [INFO]     [3 | left | 0](candidate_pairs: 28/28 | new_swaps: 1 | total: 4) -> {'max_bond': 8, 'max_links': 4, 'total_elems': 1752, 'total_shapes': 492, 'total_links': 222, 'num_tensors': 56}
2026-08-26 07:31:20,627 [INFO]     [3 | left | 1](candidate_pairs: 27/27 | new_swaps: 0 | total: 4) -> {'max_bond': 8, 'max_links': 4, 'total_elems': 1752, 'total_shapes': 492, 'total_links': 222, 'num_tensors': 56}
2026-08-26 07:31:20,643 [INFO]     [3 | right | 0](candidate_pairs: 28/28 | new_swaps: 0 | total: 4) -> {'max_bond': 8, 'max_links': 4, 'total_elems': 1752, 'total_shapes': 492, 'total_links': 222, 'num_tensors': 56}
2026-08-26 07:31:20,658 [INFO]     [3 | right | 1](candidate_pairs: 27/27 | new_swaps: 0 | total: 4) -> {'max_bond': 8, 'max_links': 4, 'total_elems': 1752, 'total_shapes': 492, 'total_links': 222, 'num_tensors': 56}
2026-08-26 07:31:20,689 [INFO]     [4 | both | 0](candidate_pairs: 28/28 | new_swaps: 0 | total: 0) -> {'max_bond': 8, 'max_links': 4, 'total_elems': 1752, 'total_shapes': 492, 'total_links': 222, 'num_tensors': 56}
2026-08-26 07:31:20,719 [INFO]     [4 | both | 1](candidate_pairs: 27/27 | new_swaps: 0 | total: 0) -> {'max_bond': 8, 'max_links': 4, 'total_elems': 1752, 'total_shapes': 492, 'total_links': 222, 'num_tensors': 56}
2026-08-26 07:31:20,735 [INFO]     [4 | left | 0](candidate_pairs: 28/28 | new_swaps: 0 | total: 0) -> {'max_bond': 8, 'max_links': 4, 'total_elems': 1752, 'total_shapes': 492, 'total_links': 222, 'num_tensors': 56}
2026-08-26 07:31:20,750 [INFO]     [4 | left | 1](candidate_pairs: 27/27 | new_swaps: 0 | total: 0) -> {'max_bond': 8, 'max_links': 4, 'total_elems': 1752, 'total_shapes': 492, 'total_links': 222, 'num_tensors': 56}
2026-08-26 07:31:20,766 [INFO]     [4 | right | 0](candidate_pairs: 28/28 | new_swaps: 0 | total: 0) -> {'max_bond': 8, 'max_links': 4, 'total_elems': 1752, 'total_shapes': 492, 'total_links': 222, 'num_tensors': 56}
2026-08-26 07:31:20,781 [INFO]     [4 | right | 1](candidate_pairs: 27/27 | new_swaps: 0 | total: 0) -> {'max_bond': 8, 'max_links': 4, 'total_elems': 1752, 'total_shapes': 492, 'total_links': 222, 'num_tensors': 56}
2026-08-26 07:31:20,781 [INFO]     [end unswap] -> {'max_bond': 8, 'max_links': 4, 'total_elems': 1752, 'total_shapes': 492, 'total_links': 222, 'num_tensors': 56}
2026-08-26 07:31:20,782 [INFO] [start rewire](phase=post_unswap, cycle=6, side=left, layers=1413, trials=20, seed=123, parallel=False, route_candidates=2, route_score=lookahead_total)
2026-08-26 07:31:23,407 [INFO] [end rewire](phase=post_unswap, cycle=6, side=left, routed_layers=1494, elapsed_s=2.62)
2026-08-26 07:31:23,407 [INFO] [start rewire](phase=post_unswap, cycle=6, side=right, layers=1606, trials=20, seed=123, parallel=False, route_candidates=2, route_score=lookahead_total)
2026-08-26 07:31:26,519 [INFO] [end rewire](phase=post_unswap, cycle=6, side=right, routed_layers=1547, elapsed_s=3.11)
2026-08-26 07:31:26,576 [INFO] [1L/1492](swap: 11, u: 0 | c_u: 0 | t_u_l: 15/942 | t_u_r: 16/943 | t_u: 31/1885) -> {'max_bond': 8, 'max_links': 4, 'total_elems': 1752, 'total_shapes': 492, 'total_links': 222, 'num_tensors': 56}
2026-08-26 07:31:26,621 [INFO] [2L/1492](swap: 10, u: 0 | c_u: 0 | t_u_l: 15/942 | t_u_r: 16/943 | t_u: 31/1885) -> {'max_bond': 16, 'max_links': 4, 'total_elems': 2816, 'total_shapes': 570, 'total_links': 222, 'num_tensors': 56}
2026-08-26 07:31:26,665 [INFO] [3L/1492](swap: 13, u: 0 | c_u: 0 | t_u_l: 15/942 | t_u_r: 16/943 | t_u: 31/1885) -> {'max_bond': 16, 'max_links': 4, 'total_elems': 3768, 'total_shapes': 640, 'total_links': 222, 'num_tensors': 56}
2026-08-26 07:31:26,710 [INFO] [1R/1545](swap: 16, u: 1 | c_u: 1 | t_u_l: 15/942 | t_u_r: 17/943 | t_u: 32/1885) -> {'max_bond': 16, 'max_links': 4, 'total_elems': 6068, 'total_shapes': 784, 'total_links': 222, 'num_tensors': 56}
2026-08-26 07:31:26,757 [INFO] [2R/1545](swap: 11, u: 3 | c_u: 4 | t_u_l: 15/942 | t_u_r: 20/943 | t_u: 35/1885) -> {'max_bond': 16, 'max_links': 4, 'total_elems': 9676, 'total_shapes': 924, 'total_links': 222, 'num_tensors': 56}
2026-08-26 07:31:26,804 [INFO] [3R/1545](swap: 16, u: 1 | c_u: 5 | t_u_l: 15/942 | t_u_r: 21/943 | t_u: 36/1885) -> {'max_bond': 16, 'max_links': 4, 'total_elems': 14296, 'total_shapes': 1084, 'total_links': 222, 'num_tensors': 56}
2026-08-26 07:31:26,854 [INFO] [4R/1545](swap: 14, u: 0 | c_u: 5 | t_u_l: 15/942 | t_u_r: 21/943 | t_u: 36/1885) -> {'max_bond': 32, 'max_links': 4, 'total_elems': 22968, 'total_shapes': 1244, 'total_links': 222, 'num_tensors': 56}
2026-08-26 07:31:26,912 [INFO] [4L/1492](swap: 13, u: 0 | c_u: 5 | t_u_l: 15/942 | t_u_r: 21/943 | t_u: 36/1885) -> {'max_bond': 64, 'max_links': 4, 'total_elems': 37848, 'total_shapes': 1512, 'total_links': 222, 'num_tensors': 56}
2026-08-26 07:31:26,977 [INFO] [5L/1492](swap: 8, u: 0 | c_u: 5 | t_u_l: 15/942 | t_u_r: 21/943 | t_u: 36/1885) -> {'max_bond': 64, 'max_links': 4, 'total_elems': 60736, 'total_shapes': 1768, 'total_links': 222, 'num_tensors': 56}
2026-08-26 07:31:27,052 [INFO] [6L/1492](swap: 7, u: 1 | c_u: 6 | t_u_l: 16/942 | t_u_r: 21/943 | t_u: 37/1885) -> {'max_bond': 64, 'max_links': 4, 'total_elems': 77248, 'total_shapes': 2068, 'total_links': 222, 'num_tensors': 56}
2026-08-26 07:31:27,147 [INFO] [7L/1492](swap: 6, u: 1 | c_u: 7 | t_u_l: 17/942 | t_u_r: 21/943 | t_u: 38/1885) -> {'max_bond': 64, 'max_links': 4, 'total_elems': 112768, 'total_shapes': 2244, 'total_links': 222, 'num_tensors': 56}
2026-08-26 07:31:27,320 [INFO] [8L/1492](swap: 6, u: 2 | c_u: 9 | t_u_l: 19/942 | t_u_r: 21/943 | t_u: 40/1885) -> {'max_bond': 128, 'max_links': 4, 'total_elems': 150976, 'total_shapes': 2588, 'total_links': 222, 'num_tensors': 56}
2026-08-26 07:31:27,578 [INFO] [9L/1492](swap: 5, u: 1 | c_u: 10 | t_u_l: 20/942 | t_u_r: 21/943 | t_u: 41/1885) -> {'max_bond': 128, 'max_links': 4, 'total_elems': 233600, 'total_shapes': 2876, 'total_links': 222, 'num_tensors': 56}
2026-08-26 07:31:27,977 [INFO] [10L/1492](swap: 9, u: 0 | c_u: 10 | t_u_l: 20/942 | t_u_r: 21/943 | t_u: 41/1885) -> {'max_bond': 128, 'max_links': 4, 'total_elems': 249152, 'total_shapes': 3044, 'total_links': 222, 'num_tensors': 56}
2026-08-26 07:31:28,393 [INFO] [11L/1492](swap: 5, u: 1 | c_u: 11 | t_u_l: 21/942 | t_u_r: 21/943 | t_u: 42/1885) -> {'max_bond': 128, 'max_links': 4, 'total_elems': 289600, 'total_shapes': 3356, 'total_links': 222, 'num_tensors': 56}
2026-08-26 07:31:28,863 [INFO] [12L/1492](swap: 4, u: 2 | c_u: 13 | t_u_l: 23/942 | t_u_r: 21/943 | t_u: 44/1885) -> {'max_bond': 128, 'max_links': 4, 'total_elems': 363168, 'total_shapes': 3728, 'total_links': 222, 'num_tensors': 56}
2026-08-26 07:31:29,448 [INFO] [13L/1492](swap: 5, u: 2 | c_u: 15 | t_u_l: 25/942 | t_u_r: 21/943 | t_u: 46/1885) -> {'max_bond': 128, 'max_links': 4, 'total_elems': 390432, 'total_shapes': 3864, 'total_links': 222, 'num_tensors': 56}
2026-08-26 07:31:30,039 [INFO] [14L/1492](swap: 6, u: 1 | c_u: 16 | t_u_l: 26/942 | t_u_r: 21/943 | t_u: 47/1885) -> {'max_bond': 128, 'max_links': 4, 'total_elems': 413984, 'total_shapes': 4024, 'total_links': 222, 'num_tensors': 56}
2026-08-26 07:31:30,800 [INFO] [15L/1492](swap: 7, u: 1 | c_u: 17 | t_u_l: 27/942 | t_u_r: 21/943 | t_u: 48/1885) -> {'max_bond': 128, 'max_links': 4, 'total_elems': 484448, 'total_shapes': 4342, 'total_links': 222, 'num_tensors': 56}
2026-08-26 07:31:31,619 [INFO]     [start unswap] -> {'max_bond': 128, 'max_links': 4, 'total_elems': 484448, 'total_shapes': 4342, 'total_links': 222, 'num_tensors': 56}
2026-08-26 07:31:34,765 [INFO]     [0 | both | 0](candidate_pairs: 28/28 | new_swaps: 3 | total: 3) -> {'max_bond': 128, 'max_links': 4, 'total_elems': 477024, 'total_shapes': 4322, 'total_links': 222, 'num_tensors': 56}
2026-08-26 07:31:37,046 [INFO]     [0 | both | 1](candidate_pairs: 27/27 | new_swaps: 11 | total: 14) -> {'max_bond': 128, 'max_links': 4, 'total_elems': 311200, 'total_shapes': 3552, 'total_links': 222, 'num_tensors': 56}
2026-08-26 07:31:37,596 [INFO]     [0 | left | 0](candidate_pairs: 28/28 | new_swaps: 9 | total: 23) -> {'max_bond': 64, 'max_links': 4, 'total_elems': 224856, 'total_shapes': 3028, 'total_links': 222, 'num_tensors': 56}
2026-08-26 07:31:38,059 [INFO]     [0 | left | 1](candidate_pairs: 27/27 | new_swaps: 13 | total: 36) -> {'max_bond': 64, 'max_links': 4, 'total_elems': 168760, 'total_shapes': 2618, 'total_links': 222, 'num_tensors': 56}
2026-08-26 07:31:38,313 [INFO]     [0 | right | 0](candidate_pairs: 28/28 | new_swaps: 8 | total: 44) -> {'max_bond': 64, 'max_links': 4, 'total_elems': 127164, 'total_shapes': 2266, 'total_links': 222, 'num_tensors': 56}
2026-08-26 07:31:38,533 [INFO]     [0 | right | 1](candidate_pairs: 27/27 | new_swaps: 8 | total: 52) -> {'max_bond': 64, 'max_links': 4, 'total_elems': 88956, 'total_shapes': 1976, 'total_links': 222, 'num_tensors': 56}
2026-08-26 07:31:38,812 [INFO]     [1 | both | 0](candidate_pairs: 28/28 | new_swaps: 6 | total: 6) -> {'max_bond': 59, 'max_links': 4, 'total_elems': 64156, 'total_shapes': 1720, 'total_links': 222, 'num_tensors': 56}
2026-08-26 07:31:39,009 [INFO]     [1 | both | 1](candidate_pairs: 27/27 | new_swaps: 5 | total: 11) -> {'max_bond': 49, 'max_links': 4, 'total_elems': 60132, 'total_shapes': 1640, 'total_links': 222, 'num_tensors': 56}
2026-08-26 07:31:39,103 [INFO]     [1 | left | 0](candidate_pairs: 28/28 | new_swaps: 5 | total: 16) -> {'max_bond': 35, 'max_links': 4, 'total_elems': 54372, 'total_shapes': 1540, 'total_links': 222, 'num_tensors': 56}
2026-08-26 07:31:39,202 [INFO]     [1 | left | 1](candidate_pairs: 27/27 | new_swaps: 4 | total: 20) -> {'max_bond': 32, 'max_links': 4, 'total_elems': 48436, 'total_shapes': 1482, 'total_links': 222, 'num_tensors': 56}
2026-08-26 07:31:39,286 [INFO]     [1 | right | 0](candidate_pairs: 28/28 | new_swaps: 6 | total: 26) -> {'max_bond': 32, 'max_links': 4, 'total_elems': 42940, 'total_shapes': 1390, 'total_links': 222, 'num_tensors': 56}
2026-08-26 07:31:39,369 [INFO]     [1 | right | 1](candidate_pairs: 27/27 | new_swaps: 4 | total: 30) -> {'max_bond': 32, 'max_links': 4, 'total_elems': 39516, 'total_shapes': 1314, 'total_links': 222, 'num_tensors': 56}
2026-08-26 07:31:39,529 [INFO]     [2 | both | 0](candidate_pairs: 28/28 | new_swaps: 5 | total: 5) -> {'max_bond': 32, 'max_links': 4, 'total_elems': 37940, 'total_shapes': 1276, 'total_links': 222, 'num_tensors': 56}
2026-08-26 07:31:39,676 [INFO]     [2 | both | 1](candidate_pairs: 27/27 | new_swaps: 4 | total: 9) -> {'max_bond': 32, 'max_links': 4, 'total_elems': 36668, 'total_shapes': 1248, 'total_links': 222, 'num_tensors': 56}
2026-08-26 07:31:39,733 [INFO]     [2 | left | 0](candidate_pairs: 28/28 | new_swaps: 1 | total: 10) -> {'max_bond': 32, 'max_links': 4, 'total_elems': 35132, 'total_shapes': 1216, 'total_links': 222, 'num_tensors': 56}
2026-08-26 07:31:39,808 [INFO]     [2 | left | 1](candidate_pairs: 27/27 | new_swaps: 4 | total: 14) -> {'max_bond': 32, 'max_links': 4, 'total_elems': 33124, 'total_shapes': 1188, 'total_links': 222, 'num_tensors': 56}
2026-08-26 07:31:39,872 [INFO]     [2 | right | 0](candidate_pairs: 28/28 | new_swaps: 2 | total: 16) -> {'max_bond': 32, 'max_links': 4, 'total_elems': 31520, 'total_shapes': 1150, 'total_links': 222, 'num_tensors': 56}
2026-08-26 07:31:39,937 [INFO]     [2 | right | 1](candidate_pairs: 27/27 | new_swaps: 2 | total: 18) -> {'max_bond': 32, 'max_links': 4, 'total_elems': 29624, 'total_shapes': 1116, 'total_links': 222, 'num_tensors': 56}
2026-08-26 07:31:40,070 [INFO]     [3 | both | 0](candidate_pairs: 28/28 | new_swaps: 5 | total: 5) -> {'max_bond': 32, 'max_links': 4, 'total_elems': 26040, 'total_shapes': 1056, 'total_links': 222, 'num_tensors': 56}
2026-08-26 07:31:40,183 [INFO]     [3 | both | 1](candidate_pairs: 27/27 | new_swaps: 1 | total: 6) -> {'max_bond': 32, 'max_links': 4, 'total_elems': 22556, 'total_shapes': 1012, 'total_links': 222, 'num_tensors': 56}
2026-08-26 07:31:40,210 [INFO]     [3 | left | 0](candidate_pairs: 28/28 | new_swaps: 0 | total: 6) -> {'max_bond': 32, 'max_links': 4, 'total_elems': 22556, 'total_shapes': 1012, 'total_links': 222, 'num_tensors': 56}
2026-08-26 07:31:40,241 [INFO]     [3 | left | 1](candidate_pairs: 27/27 | new_swaps: 0 | total: 6) -> {'max_bond': 32, 'max_links': 4, 'total_elems': 22556, 'total_shapes': 1012, 'total_links': 222, 'num_tensors': 56}
2026-08-26 07:31:40,861 [INFO]     [3 | right | 0](candidate_pairs: 28/28 | new_swaps: 2 | total: 8) -> {'max_bond': 32, 'max_links': 4, 'total_elems': 20912, 'total_shapes': 980, 'total_links': 222, 'num_tensors': 56}
2026-08-26 07:31:40,907 [INFO]     [3 | right | 1](candidate_pairs: 27/27 | new_swaps: 2 | total: 10) -> {'max_bond': 32, 'max_links': 4, 'total_elems': 20724, 'total_shapes': 966, 'total_links': 222, 'num_tensors': 56}
2026-08-26 07:31:40,998 [INFO]     [4 | both | 0](candidate_pairs: 28/28 | new_swaps: 3 | total: 3) -> {'max_bond': 32, 'max_links': 4, 'total_elems': 18932, 'total_shapes': 932, 'total_links': 222, 'num_tensors': 56}
2026-08-26 07:31:41,094 [INFO]     [4 | both | 1](candidate_pairs: 27/27 | new_swaps: 1 | total: 4) -> {'max_bond': 32, 'max_links': 4, 'total_elems': 18332, 'total_shapes': 914, 'total_links': 222, 'num_tensors': 56}
2026-08-26 07:31:41,138 [INFO]     [4 | left | 0](candidate_pairs: 28/28 | new_swaps: 1 | total: 5) -> {'max_bond': 32, 'max_links': 4, 'total_elems': 18284, 'total_shapes': 912, 'total_links': 222, 'num_tensors': 56}
2026-08-26 07:31:41,167 [INFO]     [4 | left | 1](candidate_pairs: 27/27 | new_swaps: 0 | total: 5) -> {'max_bond': 32, 'max_links': 4, 'total_elems': 18284, 'total_shapes': 912, 'total_links': 222, 'num_tensors': 56}
2026-08-26 07:31:41,194 [INFO]     [4 | right | 0](candidate_pairs: 28/28 | new_swaps: 0 | total: 5) -> {'max_bond': 32, 'max_links': 4, 'total_elems': 18284, 'total_shapes': 912, 'total_links': 222, 'num_tensors': 56}
2026-08-26 07:31:41,240 [INFO]     [4 | right | 1](candidate_pairs: 27/27 | new_swaps: 1 | total: 6) -> {'max_bond': 32, 'max_links': 4, 'total_elems': 16544, 'total_shapes': 886, 'total_links': 222, 'num_tensors': 56}
2026-08-26 07:31:41,322 [INFO]     [5 | both | 0](candidate_pairs: 28/28 | new_swaps: 4 | total: 4) -> {'max_bond': 32, 'max_links': 4, 'total_elems': 13648, 'total_shapes': 844, 'total_links': 222, 'num_tensors': 56}
2026-08-26 07:31:41,397 [INFO]     [5 | both | 1](candidate_pairs: 27/27 | new_swaps: 1 | total: 5) -> {'max_bond': 32, 'max_links': 4, 'total_elems': 13456, 'total_shapes': 836, 'total_links': 222, 'num_tensors': 56}
2026-08-26 07:31:41,421 [INFO]     [5 | left | 0](candidate_pairs: 28/28 | new_swaps: 0 | total: 5) -> {'max_bond': 32, 'max_links': 4, 'total_elems': 13456, 'total_shapes': 836, 'total_links': 222, 'num_tensors': 56}
2026-08-26 07:31:41,443 [INFO]     [5 | left | 1](candidate_pairs: 27/27 | new_swaps: 0 | total: 5) -> {'max_bond': 32, 'max_links': 4, 'total_elems': 13456, 'total_shapes': 836, 'total_links': 222, 'num_tensors': 56}
2026-08-26 07:31:41,467 [INFO]     [5 | right | 0](candidate_pairs: 28/28 | new_swaps: 0 | total: 5) -> {'max_bond': 32, 'max_links': 4, 'total_elems': 13456, 'total_shapes': 836, 'total_links': 222, 'num_tensors': 56}
2026-08-26 07:31:41,514 [INFO]     [5 | right | 1](candidate_pairs: 27/27 | new_swaps: 1 | total: 6) -> {'max_bond': 32, 'max_links': 4, 'total_elems': 10384, 'total_shapes': 804, 'total_links': 222, 'num_tensors': 56}
2026-08-26 07:31:41,588 [INFO]     [6 | both | 0](candidate_pairs: 28/28 | new_swaps: 1 | total: 1) -> {'max_bond': 16, 'max_links': 4, 'total_elems': 7312, 'total_shapes': 756, 'total_links': 222, 'num_tensors': 56}
2026-08-26 07:31:41,660 [INFO]     [6 | both | 1](candidate_pairs: 27/27 | new_swaps: 1 | total: 2) -> {'max_bond': 16, 'max_links': 4, 'total_elems': 6800, 'total_shapes': 740, 'total_links': 222, 'num_tensors': 56}
2026-08-26 07:31:41,678 [INFO]     [6 | left | 0](candidate_pairs: 28/28 | new_swaps: 0 | total: 2) -> {'max_bond': 16, 'max_links': 4, 'total_elems': 6800, 'total_shapes': 740, 'total_links': 222, 'num_tensors': 56}
2026-08-26 07:31:41,697 [INFO]     [6 | left | 1](candidate_pairs: 27/27 | new_swaps: 0 | total: 2) -> {'max_bond': 16, 'max_links': 4, 'total_elems': 6800, 'total_shapes': 740, 'total_links': 222, 'num_tensors': 56}
2026-08-26 07:31:41,715 [INFO]     [6 | right | 0](candidate_pairs: 28/28 | new_swaps: 0 | total: 2) -> {'max_bond': 16, 'max_links': 4, 'total_elems': 6800, 'total_shapes': 740, 'total_links': 222, 'num_tensors': 56}
2026-08-26 07:31:41,732 [INFO]     [6 | right | 1](candidate_pairs: 27/27 | new_swaps: 0 | total: 2) -> {'max_bond': 16, 'max_links': 4, 'total_elems': 6800, 'total_shapes': 740, 'total_links': 222, 'num_tensors': 56}
2026-08-26 07:31:41,768 [INFO]     [7 | both | 0](candidate_pairs: 28/28 | new_swaps: 0 | total: 0) -> {'max_bond': 16, 'max_links': 4, 'total_elems': 6800, 'total_shapes': 740, 'total_links': 222, 'num_tensors': 56}
2026-08-26 07:31:41,804 [INFO]     [7 | both | 1](candidate_pairs: 27/27 | new_swaps: 0 | total: 0) -> {'max_bond': 16, 'max_links': 4, 'total_elems': 6800, 'total_shapes': 740, 'total_links': 222, 'num_tensors': 56}
2026-08-26 07:31:41,822 [INFO]     [7 | left | 0](candidate_pairs: 28/28 | new_swaps: 0 | total: 0) -> {'max_bond': 16, 'max_links': 4, 'total_elems': 6800, 'total_shapes': 740, 'total_links': 222, 'num_tensors': 56}
2026-08-26 07:31:41,840 [INFO]     [7 | left | 1](candidate_pairs: 27/27 | new_swaps: 0 | total: 0) -> {'max_bond': 16, 'max_links': 4, 'total_elems': 6800, 'total_shapes': 740, 'total_links': 222, 'num_tensors': 56}
2026-08-26 07:31:41,858 [INFO]     [7 | right | 0](candidate_pairs: 28/28 | new_swaps: 0 | total: 0) -> {'max_bond': 16, 'max_links': 4, 'total_elems': 6800, 'total_shapes': 740, 'total_links': 222, 'num_tensors': 56}
2026-08-26 07:31:41,876 [INFO]     [7 | right | 1](candidate_pairs: 27/27 | new_swaps: 0 | total: 0) -> {'max_bond': 16, 'max_links': 4, 'total_elems': 6800, 'total_shapes': 740, 'total_links': 222, 'num_tensors': 56}
2026-08-26 07:31:41,877 [INFO]     [end unswap] -> {'max_bond': 16, 'max_links': 4, 'total_elems': 6800, 'total_shapes': 740, 'total_links': 222, 'num_tensors': 56}
2026-08-26 07:31:41,877 [INFO] [start rewire](phase=post_unswap, cycle=7, side=left, layers=1479, trials=20, seed=123, parallel=False, route_candidates=2, route_score=lookahead_total)
2026-08-26 07:31:44,854 [INFO] [end rewire](phase=post_unswap, cycle=7, side=left, routed_layers=1300, elapsed_s=2.98)
2026-08-26 07:31:44,855 [INFO] [start rewire](phase=post_unswap, cycle=7, side=right, layers=1543, trials=20, seed=123, parallel=False, route_candidates=2, route_score=lookahead_total)
2026-08-26 07:31:47,912 [INFO] [end rewire](phase=post_unswap, cycle=7, side=right, routed_layers=1495, elapsed_s=3.06)
2026-08-26 07:31:47,987 [INFO] [1L/1298](swap: 8, u: 0 | c_u: 0 | t_u_l: 27/942 | t_u_r: 21/943 | t_u: 48/1885) -> {'max_bond': 16, 'max_links': 4, 'total_elems': 6800, 'total_shapes': 740, 'total_links': 222, 'num_tensors': 56}
2026-08-26 07:31:48,033 [INFO] [2L/1298](swap: 9, u: 1 | c_u: 1 | t_u_l: 28/942 | t_u_r: 21/943 | t_u: 49/1885) -> {'max_bond': 32, 'max_links': 4, 'total_elems': 9660, 'total_shapes': 860, 'total_links': 222, 'num_tensors': 56}
2026-08-26 07:31:48,081 [INFO] [1R/1493](swap: 10, u: 1 | c_u: 2 | t_u_l: 28/942 | t_u_r: 22/943 | t_u: 50/1885) -> {'max_bond': 32, 'max_links': 4, 'total_elems': 11924, 'total_shapes': 930, 'total_links': 222, 'num_tensors': 56}
2026-08-26 07:31:48,129 [INFO] [2R/1493](swap: 11, u: 1 | c_u: 3 | t_u_l: 28/942 | t_u_r: 23/943 | t_u: 51/1885) -> {'max_bond': 32, 'max_links': 4, 'total_elems': 17608, 'total_shapes': 1092, 'total_links': 222, 'num_tensors': 56}
2026-08-26 07:31:48,181 [INFO] [3L/1298](swap: 9, u: 0 | c_u: 3 | t_u_l: 28/942 | t_u_r: 23/943 | t_u: 51/1885) -> {'max_bond': 32, 'max_links': 4, 'total_elems': 24180, 'total_shapes': 1218, 'total_links': 222, 'num_tensors': 56}
2026-08-26 07:31:48,242 [INFO] [3R/1493](swap: 11, u: 1 | c_u: 4 | t_u_l: 28/942 | t_u_r: 24/943 | t_u: 52/1885) -> {'max_bond': 32, 'max_links': 4, 'total_elems': 33328, 'total_shapes': 1406, 'total_links': 222, 'num_tensors': 56}
2026-08-26 07:31:48,308 [INFO] [4L/1298](swap: 7, u: 1 | c_u: 5 | t_u_l: 29/942 | t_u_r: 24/943 | t_u: 53/1885) -> {'max_bond': 64, 'max_links': 4, 'total_elems': 50720, 'total_shapes': 1654, 'total_links': 222, 'num_tensors': 56}
2026-08-26 07:31:48,410 [INFO] [4R/1493](swap: 9, u: 1 | c_u: 6 | t_u_l: 29/942 | t_u_r: 25/943 | t_u: 54/1885) -> {'max_bond': 128, 'max_links': 4, 'total_elems': 94944, 'total_shapes': 2118, 'total_links': 222, 'num_tensors': 56}
2026-08-26 07:31:48,659 [INFO] [5R/1493](swap: 7, u: 1 | c_u: 7 | t_u_l: 29/942 | t_u_r: 26/943 | t_u: 55/1885) -> {'max_bond': 128, 'max_links': 4, 'total_elems': 187104, 'total_shapes': 2518, 'total_links': 222, 'num_tensors': 56}
2026-08-26 07:31:49,182 [INFO] [6R/1493](swap: 6, u: 1 | c_u: 8 | t_u_l: 29/942 | t_u_r: 27/943 | t_u: 56/1885) -> {'max_bond': 128, 'max_links': 4, 'total_elems': 218784, 'total_shapes': 2694, 'total_links': 222, 'num_tensors': 56}
2026-08-26 07:31:49,692 [INFO] [7R/1493](swap: 4, u: 2 | c_u: 10 | t_u_l: 29/942 | t_u_r: 29/943 | t_u: 58/1885) -> {'max_bond': 128, 'max_links': 4, 'total_elems': 221024, 'total_shapes': 2734, 'total_links': 222, 'num_tensors': 56}
2026-08-26 07:31:50,203 [INFO] [8R/1493](swap: 4, u: 3 | c_u: 13 | t_u_l: 29/942 | t_u_r: 32/943 | t_u: 61/1885) -> {'max_bond': 128, 'max_links': 4, 'total_elems': 223936, 'total_shapes': 2830, 'total_links': 222, 'num_tensors': 56}
2026-08-26 07:31:50,709 [INFO] [9R/1493](swap: 3, u: 4 | c_u: 17 | t_u_l: 29/942 | t_u_r: 36/943 | t_u: 65/1885) -> {'max_bond': 128, 'max_links': 4, 'total_elems': 240800, 'total_shapes': 2972, 'total_links': 222, 'num_tensors': 56}
2026-08-26 07:31:51,218 [INFO] [10R/1493](swap: 5, u: 0 | c_u: 17 | t_u_l: 29/942 | t_u_r: 36/943 | t_u: 65/1885) -> {'max_bond': 128, 'max_links': 4, 'total_elems': 257184, 'total_shapes': 3084, 'total_links': 222, 'num_tensors': 56}
2026-08-26 07:31:51,766 [INFO]     [start unswap] -> {'max_bond': 128, 'max_links': 4, 'total_elems': 257184, 'total_shapes': 3084, 'total_links': 222, 'num_tensors': 56}
2026-08-26 07:31:54,962 [INFO]     [0 | both | 0](candidate_pairs: 28/28 | new_swaps: 4 | total: 4) -> {'max_bond': 256, 'max_links': 4, 'total_elems': 384768, 'total_shapes': 3498, 'total_links': 222, 'num_tensors': 56}
2026-08-26 07:31:56,419 [INFO]     [0 | both | 1](candidate_pairs: 27/27 | new_swaps: 9 | total: 13) -> {'max_bond': 128, 'max_links': 4, 'total_elems': 180864, 'total_shapes': 2594, 'total_links': 222, 'num_tensors': 56}
2026-08-26 07:31:56,713 [INFO]     [0 | left | 0](candidate_pairs: 28/28 | new_swaps: 9 | total: 22) -> {'max_bond': 64, 'max_links': 4, 'total_elems': 131708, 'total_shapes': 2272, 'total_links': 222, 'num_tensors': 56}
2026-08-26 07:31:56,962 [INFO]     [0 | left | 1](candidate_pairs: 27/27 | new_swaps: 12 | total: 34) -> {'max_bond': 64, 'max_links': 4, 'total_elems': 78748, 'total_shapes': 1878, 'total_links': 222, 'num_tensors': 56}
2026-08-26 07:31:57,077 [INFO]     [0 | right | 0](candidate_pairs: 28/28 | new_swaps: 14 | total: 48) -> {'max_bond': 64, 'max_links': 4, 'total_elems': 42056, 'total_shapes': 1436, 'total_links': 222, 'num_tensors': 56}
2026-08-26 07:31:57,155 [INFO]     [0 | right | 1](candidate_pairs: 27/27 | new_swaps: 10 | total: 58) -> {'max_bond': 32, 'max_links': 4, 'total_elems': 24348, 'total_shapes': 1206, 'total_links': 222, 'num_tensors': 56}
2026-08-26 07:31:57,256 [INFO]     [1 | both | 0](candidate_pairs: 28/28 | new_swaps: 12 | total: 12) -> {'max_bond': 32, 'max_links': 4, 'total_elems': 15092, 'total_shapes': 980, 'total_links': 222, 'num_tensors': 56}
2026-08-26 07:31:57,340 [INFO]     [1 | both | 1](candidate_pairs: 27/27 | new_swaps: 6 | total: 18) -> {'max_bond': 32, 'max_links': 4, 'total_elems': 12700, 'total_shapes': 892, 'total_links': 222, 'num_tensors': 56}
2026-08-26 07:31:57,385 [INFO]     [1 | left | 0](candidate_pairs: 28/28 | new_swaps: 4 | total: 22) -> {'max_bond': 32, 'max_links': 4, 'total_elems': 12312, 'total_shapes': 866, 'total_links': 222, 'num_tensors': 56}
2026-08-26 07:31:57,431 [INFO]     [1 | left | 1](candidate_pairs: 27/27 | new_swaps: 5 | total: 27) -> {'max_bond': 32, 'max_links': 4, 'total_elems': 11680, 'total_shapes': 834, 'total_links': 222, 'num_tensors': 56}
2026-08-26 07:31:57,474 [INFO]     [1 | right | 0](candidate_pairs: 28/28 | new_swaps: 3 | total: 30) -> {'max_bond': 32, 'max_links': 4, 'total_elems': 10824, 'total_shapes': 806, 'total_links': 222, 'num_tensors': 56}
2026-08-26 07:31:57,516 [INFO]     [1 | right | 1](candidate_pairs: 27/27 | new_swaps: 2 | total: 32) -> {'max_bond': 32, 'max_links': 4, 'total_elems': 9984, 'total_shapes': 776, 'total_links': 222, 'num_tensors': 56}
2026-08-26 07:31:57,596 [INFO]     [2 | both | 0](candidate_pairs: 28/28 | new_swaps: 7 | total: 7) -> {'max_bond': 32, 'max_links': 4, 'total_elems': 8392, 'total_shapes': 720, 'total_links': 222, 'num_tensors': 56}
2026-08-26 07:31:57,672 [INFO]     [2 | both | 1](candidate_pairs: 27/27 | new_swaps: 3 | total: 10) -> {'max_bond': 32, 'max_links': 4, 'total_elems': 6536, 'total_shapes': 680, 'total_links': 222, 'num_tensors': 56}
2026-08-26 07:31:57,713 [INFO]     [2 | left | 0](candidate_pairs: 28/28 | new_swaps: 2 | total: 12) -> {'max_bond': 16, 'max_links': 4, 'total_elems': 4808, 'total_shapes': 640, 'total_links': 222, 'num_tensors': 56}
2026-08-26 07:31:57,745 [INFO]     [2 | left | 1](candidate_pairs: 27/27 | new_swaps: 1 | total: 13) -> {'max_bond': 16, 'max_links': 4, 'total_elems': 4040, 'total_shapes': 624, 'total_links': 222, 'num_tensors': 56}
2026-08-26 07:31:57,785 [INFO]     [2 | right | 0](candidate_pairs: 28/28 | new_swaps: 3 | total: 16) -> {'max_bond': 8, 'max_links': 4, 'total_elems': 3020, 'total_shapes': 586, 'total_links': 222, 'num_tensors': 56}
2026-08-26 07:31:57,815 [INFO]     [2 | right | 1](candidate_pairs: 27/27 | new_swaps: 2 | total: 18) -> {'max_bond': 8, 'max_links': 4, 'total_elems': 2788, 'total_shapes': 574, 'total_links': 222, 'num_tensors': 56}
2026-08-26 07:31:57,876 [INFO]     [3 | both | 0](candidate_pairs: 28/28 | new_swaps: 1 | total: 1) -> {'max_bond': 8, 'max_links': 4, 'total_elems': 2660, 'total_shapes': 566, 'total_links': 222, 'num_tensors': 56}
2026-08-26 07:31:57,909 [INFO]     [3 | both | 1](candidate_pairs: 27/27 | new_swaps: 0 | total: 1) -> {'max_bond': 8, 'max_links': 4, 'total_elems': 2660, 'total_shapes': 566, 'total_links': 222, 'num_tensors': 56}
2026-08-26 07:31:57,926 [INFO]     [3 | left | 0](candidate_pairs: 28/28 | new_swaps: 0 | total: 1) -> {'max_bond': 8, 'max_links': 4, 'total_elems': 2660, 'total_shapes': 566, 'total_links': 222, 'num_tensors': 56}
2026-08-26 07:31:57,957 [INFO]     [3 | left | 1](candidate_pairs: 27/27 | new_swaps: 1 | total: 2) -> {'max_bond': 8, 'max_links': 4, 'total_elems': 2596, 'total_shapes': 562, 'total_links': 222, 'num_tensors': 56}
2026-08-26 07:31:57,987 [INFO]     [3 | right | 0](candidate_pairs: 28/28 | new_swaps: 1 | total: 3) -> {'max_bond': 8, 'max_links': 4, 'total_elems': 2548, 'total_shapes': 558, 'total_links': 222, 'num_tensors': 56}
2026-08-26 07:31:58,003 [INFO]     [3 | right | 1](candidate_pairs: 27/27 | new_swaps: 0 | total: 3) -> {'max_bond': 8, 'max_links': 4, 'total_elems': 2548, 'total_shapes': 558, 'total_links': 222, 'num_tensors': 56}
2026-08-26 07:31:58,036 [INFO]     [4 | both | 0](candidate_pairs: 28/28 | new_swaps: 0 | total: 0) -> {'max_bond': 8, 'max_links': 4, 'total_elems': 2548, 'total_shapes': 558, 'total_links': 222, 'num_tensors': 56}
2026-08-26 07:31:58,070 [INFO]     [4 | both | 1](candidate_pairs: 27/27 | new_swaps: 0 | total: 0) -> {'max_bond': 8, 'max_links': 4, 'total_elems': 2548, 'total_shapes': 558, 'total_links': 222, 'num_tensors': 56}
2026-08-26 07:31:58,086 [INFO]     [4 | left | 0](candidate_pairs: 28/28 | new_swaps: 0 | total: 0) -> {'max_bond': 8, 'max_links': 4, 'total_elems': 2548, 'total_shapes': 558, 'total_links': 222, 'num_tensors': 56}
2026-08-26 07:31:58,103 [INFO]     [4 | left | 1](candidate_pairs: 27/27 | new_swaps: 0 | total: 0) -> {'max_bond': 8, 'max_links': 4, 'total_elems': 2548, 'total_shapes': 558, 'total_links': 222, 'num_tensors': 56}
2026-08-26 07:31:58,120 [INFO]     [4 | right | 0](candidate_pairs: 28/28 | new_swaps: 0 | total: 0) -> {'max_bond': 8, 'max_links': 4, 'total_elems': 2548, 'total_shapes': 558, 'total_links': 222, 'num_tensors': 56}
2026-08-26 07:31:58,135 [INFO]     [4 | right | 1](candidate_pairs: 27/27 | new_swaps: 0 | total: 0) -> {'max_bond': 8, 'max_links': 4, 'total_elems': 2548, 'total_shapes': 558, 'total_links': 222, 'num_tensors': 56}
2026-08-26 07:31:58,136 [INFO]     [end unswap] -> {'max_bond': 8, 'max_links': 4, 'total_elems': 2548, 'total_shapes': 558, 'total_links': 222, 'num_tensors': 56}
2026-08-26 07:31:58,136 [INFO] [start rewire](phase=post_unswap, cycle=8, side=left, layers=1296, trials=20, seed=123, parallel=False, route_candidates=2, route_score=lookahead_total)
2026-08-26 07:32:00,816 [INFO] [end rewire](phase=post_unswap, cycle=8, side=left, routed_layers=1461, elapsed_s=2.68)
2026-08-26 07:32:00,817 [INFO] [start rewire](phase=post_unswap, cycle=8, side=right, layers=1485, trials=20, seed=123, parallel=False, route_candidates=2, route_score=lookahead_total)
2026-08-26 07:32:10,773 [INFO] [end rewire](phase=post_unswap, cycle=8, side=right, routed_layers=1396, elapsed_s=9.96)
2026-08-26 07:32:10,836 [INFO] [1L/1459](swap: 9, u: 0 | c_u: 0 | t_u_l: 29/942 | t_u_r: 36/943 | t_u: 65/1885) -> {'max_bond': 8, 'max_links': 4, 'total_elems': 2548, 'total_shapes': 558, 'total_links': 222, 'num_tensors': 56}
2026-08-26 07:32:10,882 [INFO] [1R/1394](swap: 8, u: 2 | c_u: 2 | t_u_l: 29/942 | t_u_r: 38/943 | t_u: 67/1885) -> {'max_bond': 16, 'max_links': 4, 'total_elems': 3484, 'total_shapes': 610, 'total_links': 222, 'num_tensors': 56}
2026-08-26 07:32:10,929 [INFO] [2L/1459](swap: 7, u: 1 | c_u: 3 | t_u_l: 30/942 | t_u_r: 38/943 | t_u: 68/1885) -> {'max_bond': 16, 'max_links': 4, 'total_elems': 4936, 'total_shapes': 694, 'total_links': 222, 'num_tensors': 56}
2026-08-26 07:32:10,975 [INFO] [3L/1459](swap: 10, u: 0 | c_u: 3 | t_u_l: 30/942 | t_u_r: 38/943 | t_u: 68/1885) -> {'max_bond': 16, 'max_links': 4, 'total_elems': 7264, 'total_shapes': 786, 'total_links': 222, 'num_tensors': 56}
2026-08-26 07:32:11,023 [INFO] [4L/1459](swap: 9, u: 0 | c_u: 3 | t_u_l: 30/942 | t_u_r: 38/943 | t_u: 68/1885) -> {'max_bond': 16, 'max_links': 4, 'total_elems': 10792, 'total_shapes': 886, 'total_links': 222, 'num_tensors': 56}
2026-08-26 07:32:11,070 [INFO] [2R/1394](swap: 11, u: 2 | c_u: 5 | t_u_l: 30/942 | t_u_r: 40/943 | t_u: 70/1885) -> {'max_bond': 16, 'max_links': 4, 'total_elems': 14844, 'total_shapes': 1018, 'total_links': 222, 'num_tensors': 56}
2026-08-26 07:32:11,119 [INFO] [5L/1459](swap: 10, u: 0 | c_u: 5 | t_u_l: 30/942 | t_u_r: 40/943 | t_u: 70/1885) -> {'max_bond': 32, 'max_links': 4, 'total_elems': 23772, 'total_shapes': 1208, 'total_links': 222, 'num_tensors': 56}
2026-08-26 07:32:11,179 [INFO] [3R/1394](swap: 13, u: 0 | c_u: 5 | t_u_l: 30/942 | t_u_r: 40/943 | t_u: 70/1885) -> {'max_bond': 64, 'max_links': 4, 'total_elems': 37980, 'total_shapes': 1508, 'total_links': 222, 'num_tensors': 56}
2026-08-26 07:32:11,252 [INFO] [6L/1459](swap: 6, u: 2 | c_u: 7 | t_u_l: 32/942 | t_u_r: 40/943 | t_u: 72/1885) -> {'max_bond': 64, 'max_links': 4, 'total_elems': 55388, 'total_shapes': 1744, 'total_links': 222, 'num_tensors': 56}
2026-08-26 07:32:11,328 [INFO] [7L/1459](swap: 7, u: 0 | c_u: 7 | t_u_l: 32/942 | t_u_r: 40/943 | t_u: 72/1885) -> {'max_bond': 64, 'max_links': 4, 'total_elems': 77336, 'total_shapes': 2066, 'total_links': 222, 'num_tensors': 56}
2026-08-26 07:32:11,415 [INFO] [8L/1459](swap: 6, u: 1 | c_u: 8 | t_u_l: 33/942 | t_u_r: 40/943 | t_u: 73/1885) -> {'max_bond': 64, 'max_links': 4, 'total_elems': 88440, 'total_shapes': 2164, 'total_links': 222, 'num_tensors': 56}
2026-08-26 07:32:11,504 [INFO] [9L/1459](swap: 7, u: 0 | c_u: 8 | t_u_l: 33/942 | t_u_r: 40/943 | t_u: 73/1885) -> {'max_bond': 64, 'max_links': 4, 'total_elems': 98360, 'total_shapes': 2304, 'total_links': 222, 'num_tensors': 56}
2026-08-26 07:32:11,601 [INFO] [10L/1459](swap: 7, u: 1 | c_u: 9 | t_u_l: 34/942 | t_u_r: 40/943 | t_u: 74/1885) -> {'max_bond': 64, 'max_links': 4, 'total_elems': 130040, 'total_shapes': 2580, 'total_links': 222, 'num_tensors': 56}
2026-08-26 07:32:11,709 [INFO] [11L/1459](swap: 6, u: 0 | c_u: 9 | t_u_l: 34/942 | t_u_r: 40/943 | t_u: 74/1885) -> {'max_bond': 64, 'max_links': 4, 'total_elems': 147512, 'total_shapes': 2792, 'total_links': 222, 'num_tensors': 56}
2026-08-26 07:32:11,842 [INFO] [12L/1459](swap: 6, u: 2 | c_u: 11 | t_u_l: 36/942 | t_u_r: 40/943 | t_u: 76/1885) -> {'max_bond': 64, 'max_links': 4, 'total_elems': 201272, 'total_shapes': 3156, 'total_links': 222, 'num_tensors': 56}
2026-08-26 07:32:12,020 [INFO] [13L/1459](swap: 7, u: 1 | c_u: 12 | t_u_l: 37/942 | t_u_r: 40/943 | t_u: 77/1885) -> {'max_bond': 64, 'max_links': 4, 'total_elems': 222080, 'total_shapes': 3286, 'total_links': 222, 'num_tensors': 56}
2026-08-26 07:32:12,194 [INFO] [14L/1459](swap: 6, u: 1 | c_u: 13 | t_u_l: 38/942 | t_u_r: 40/943 | t_u: 78/1885) -> {'max_bond': 128, 'max_links': 4, 'total_elems': 280832, 'total_shapes': 3562, 'total_links': 222, 'num_tensors': 56}
2026-08-26 07:32:12,396 [INFO] [15L/1459](swap: 8, u: 0 | c_u: 13 | t_u_l: 38/942 | t_u_r: 40/943 | t_u: 78/1885) -> {'max_bond': 128, 'max_links': 4, 'total_elems': 308416, 'total_shapes': 3746, 'total_links': 222, 'num_tensors': 56}
2026-08-26 07:32:12,754 [INFO] [4R/1394](swap: 11, u: 0 | c_u: 13 | t_u_l: 38/942 | t_u_r: 40/943 | t_u: 78/1885) -> {'max_bond': 128, 'max_links': 4, 'total_elems': 388832, 'total_shapes': 4280, 'total_links': 222, 'num_tensors': 56}
2026-08-26 07:32:13,214 [INFO]     [start unswap] -> {'max_bond': 128, 'max_links': 4, 'total_elems': 388832, 'total_shapes': 4280, 'total_links': 222, 'num_tensors': 56}
2026-08-26 07:32:15,618 [INFO]     [0 | both | 0](candidate_pairs: 28/28 | new_swaps: 5 | total: 5) -> {'max_bond': 128, 'max_links': 4, 'total_elems': 442048, 'total_shapes': 4474, 'total_links': 222, 'num_tensors': 56}
2026-08-26 07:32:17,086 [INFO]     [0 | both | 1](candidate_pairs: 27/27 | new_swaps: 10 | total: 15) -> {'max_bond': 128, 'max_links': 4, 'total_elems': 318532, 'total_shapes': 3820, 'total_links': 222, 'num_tensors': 56}
2026-08-26 07:32:17,564 [INFO]     [0 | left | 0](candidate_pairs: 28/28 | new_swaps: 11 | total: 26) -> {'max_bond': 64, 'max_links': 4, 'total_elems': 250620, 'total_shapes': 3306, 'total_links': 222, 'num_tensors': 56}
2026-08-26 07:32:18,037 [INFO]     [0 | left | 1](candidate_pairs: 27/27 | new_swaps: 14 | total: 40) -> {'max_bond': 64, 'max_links': 4, 'total_elems': 166624, 'total_shapes': 2742, 'total_links': 222, 'num_tensors': 56}
2026-08-26 07:32:18,234 [INFO]     [0 | right | 0](candidate_pairs: 28/28 | new_swaps: 9 | total: 49) -> {'max_bond': 64, 'max_links': 4, 'total_elems': 122528, 'total_shapes': 2242, 'total_links': 222, 'num_tensors': 56}
2026-08-26 07:32:18,400 [INFO]     [0 | right | 1](candidate_pairs: 27/27 | new_swaps: 5 | total: 54) -> {'max_bond': 64, 'max_links': 4, 'total_elems': 114200, 'total_shapes': 2120, 'total_links': 222, 'num_tensors': 56}
2026-08-26 07:32:18,724 [INFO]     [1 | both | 0](candidate_pairs: 28/28 | new_swaps: 9 | total: 9) -> {'max_bond': 64, 'max_links': 4, 'total_elems': 84836, 'total_shapes': 1854, 'total_links': 222, 'num_tensors': 56}
2026-08-26 07:32:18,959 [INFO]     [1 | both | 1](candidate_pairs: 27/27 | new_swaps: 9 | total: 18) -> {'max_bond': 64, 'max_links': 4, 'total_elems': 54500, 'total_shapes': 1566, 'total_links': 222, 'num_tensors': 56}
2026-08-26 07:32:19,053 [INFO]     [1 | left | 0](candidate_pairs: 28/28 | new_swaps: 6 | total: 24) -> {'max_bond': 32, 'max_links': 4, 'total_elems': 41020, 'total_shapes': 1414, 'total_links': 222, 'num_tensors': 56}
2026-08-26 07:32:19,117 [INFO]     [1 | left | 1](candidate_pairs: 27/27 | new_swaps: 4 | total: 28) -> {'max_bond': 32, 'max_links': 4, 'total_elems': 36916, 'total_shapes': 1336, 'total_links': 222, 'num_tensors': 56}
2026-08-26 07:32:19,183 [INFO]     [1 | right | 0](candidate_pairs: 28/28 | new_swaps: 4 | total: 32) -> {'max_bond': 32, 'max_links': 4, 'total_elems': 30904, 'total_shapes': 1234, 'total_links': 222, 'num_tensors': 56}
2026-08-26 07:32:19,239 [INFO]     [1 | right | 1](candidate_pairs: 27/27 | new_swaps: 3 | total: 35) -> {'max_bond': 32, 'max_links': 4, 'total_elems': 27512, 'total_shapes': 1166, 'total_links': 222, 'num_tensors': 56}
2026-08-26 07:32:19,348 [INFO]     [2 | both | 0](candidate_pairs: 28/28 | new_swaps: 5 | total: 5) -> {'max_bond': 32, 'max_links': 4, 'total_elems': 25628, 'total_shapes': 1112, 'total_links': 222, 'num_tensors': 56}
2026-08-26 07:32:19,445 [INFO]     [2 | both | 1](candidate_pairs: 27/27 | new_swaps: 3 | total: 8) -> {'max_bond': 32, 'max_links': 4, 'total_elems': 24680, 'total_shapes': 1072, 'total_links': 222, 'num_tensors': 56}
2026-08-26 07:32:19,474 [INFO]     [2 | left | 0](candidate_pairs: 28/28 | new_swaps: 0 | total: 8) -> {'max_bond': 32, 'max_links': 4, 'total_elems': 24680, 'total_shapes': 1072, 'total_links': 222, 'num_tensors': 56}
2026-08-26 07:32:19,519 [INFO]     [2 | left | 1](candidate_pairs: 27/27 | new_swaps: 1 | total: 9) -> {'max_bond': 32, 'max_links': 4, 'total_elems': 23912, 'total_shapes': 1056, 'total_links': 222, 'num_tensors': 56}
2026-08-26 07:32:19,564 [INFO]     [2 | right | 0](candidate_pairs: 28/28 | new_swaps: 1 | total: 10) -> {'max_bond': 32, 'max_links': 4, 'total_elems': 23720, 'total_shapes': 1048, 'total_links': 222, 'num_tensors': 56}
2026-08-26 07:32:19,613 [INFO]     [2 | right | 1](candidate_pairs: 27/27 | new_swaps: 1 | total: 11) -> {'max_bond': 32, 'max_links': 4, 'total_elems': 23660, 'total_shapes': 1042, 'total_links': 222, 'num_tensors': 56}
2026-08-26 07:32:19,713 [INFO]     [3 | both | 0](candidate_pairs: 28/28 | new_swaps: 2 | total: 2) -> {'max_bond': 32, 'max_links': 4, 'total_elems': 23528, 'total_shapes': 1032, 'total_links': 222, 'num_tensors': 56}
2026-08-26 07:32:19,807 [INFO]     [3 | both | 1](candidate_pairs: 27/27 | new_swaps: 2 | total: 4) -> {'max_bond': 32, 'max_links': 4, 'total_elems': 23300, 'total_shapes': 1012, 'total_links': 222, 'num_tensors': 56}
2026-08-26 07:32:19,859 [INFO]     [3 | left | 0](candidate_pairs: 28/28 | new_swaps: 1 | total: 5) -> {'max_bond': 32, 'max_links': 4, 'total_elems': 23264, 'total_shapes': 1006, 'total_links': 222, 'num_tensors': 56}
2026-08-26 07:32:19,887 [INFO]     [3 | left | 1](candidate_pairs: 27/27 | new_swaps: 0 | total: 5) -> {'max_bond': 32, 'max_links': 4, 'total_elems': 23264, 'total_shapes': 1006, 'total_links': 222, 'num_tensors': 56}
2026-08-26 07:32:19,916 [INFO]     [3 | right | 0](candidate_pairs: 28/28 | new_swaps: 0 | total: 5) -> {'max_bond': 32, 'max_links': 4, 'total_elems': 23264, 'total_shapes': 1006, 'total_links': 222, 'num_tensors': 56}
2026-08-26 07:32:19,945 [INFO]     [3 | right | 1](candidate_pairs: 27/27 | new_swaps: 0 | total: 5) -> {'max_bond': 32, 'max_links': 4, 'total_elems': 23264, 'total_shapes': 1006, 'total_links': 222, 'num_tensors': 56}
2026-08-26 07:32:20,049 [INFO]     [4 | both | 0](candidate_pairs: 28/28 | new_swaps: 1 | total: 1) -> {'max_bond': 32, 'max_links': 4, 'total_elems': 23204, 'total_shapes': 1000, 'total_links': 222, 'num_tensors': 56}
2026-08-26 07:32:20,137 [INFO]     [4 | both | 1](candidate_pairs: 27/27 | new_swaps: 1 | total: 2) -> {'max_bond': 32, 'max_links': 4, 'total_elems': 23192, 'total_shapes': 998, 'total_links': 222, 'num_tensors': 56}
2026-08-26 07:32:20,167 [INFO]     [4 | left | 0](candidate_pairs: 28/28 | new_swaps: 0 | total: 2) -> {'max_bond': 32, 'max_links': 4, 'total_elems': 23192, 'total_shapes': 998, 'total_links': 222, 'num_tensors': 56}
2026-08-26 07:32:20,195 [INFO]     [4 | left | 1](candidate_pairs: 27/27 | new_swaps: 0 | total: 2) -> {'max_bond': 32, 'max_links': 4, 'total_elems': 23192, 'total_shapes': 998, 'total_links': 222, 'num_tensors': 56}
2026-08-26 07:32:20,226 [INFO]     [4 | right | 0](candidate_pairs: 28/28 | new_swaps: 0 | total: 2) -> {'max_bond': 32, 'max_links': 4, 'total_elems': 23192, 'total_shapes': 998, 'total_links': 222, 'num_tensors': 56}
2026-08-26 07:32:20,255 [INFO]     [4 | right | 1](candidate_pairs: 27/27 | new_swaps: 0 | total: 2) -> {'max_bond': 32, 'max_links': 4, 'total_elems': 23192, 'total_shapes': 998, 'total_links': 222, 'num_tensors': 56}
2026-08-26 07:32:20,318 [INFO]     [5 | both | 0](candidate_pairs: 28/28 | new_swaps: 0 | total: 0) -> {'max_bond': 32, 'max_links': 4, 'total_elems': 23192, 'total_shapes': 998, 'total_links': 222, 'num_tensors': 56}
2026-08-26 07:32:20,376 [INFO]     [5 | both | 1](candidate_pairs: 27/27 | new_swaps: 0 | total: 0) -> {'max_bond': 32, 'max_links': 4, 'total_elems': 23192, 'total_shapes': 998, 'total_links': 222, 'num_tensors': 56}
2026-08-26 07:32:20,406 [INFO]     [5 | left | 0](candidate_pairs: 28/28 | new_swaps: 0 | total: 0) -> {'max_bond': 32, 'max_links': 4, 'total_elems': 23192, 'total_shapes': 998, 'total_links': 222, 'num_tensors': 56}
2026-08-26 07:32:20,434 [INFO]     [5 | left | 1](candidate_pairs: 27/27 | new_swaps: 0 | total: 0) -> {'max_bond': 32, 'max_links': 4, 'total_elems': 23192, 'total_shapes': 998, 'total_links': 222, 'num_tensors': 56}
2026-08-26 07:32:20,464 [INFO]     [5 | right | 0](candidate_pairs: 28/28 | new_swaps: 0 | total: 0) -> {'max_bond': 32, 'max_links': 4, 'total_elems': 23192, 'total_shapes': 998, 'total_links': 222, 'num_tensors': 56}
2026-08-26 07:32:20,492 [INFO]     [5 | right | 1](candidate_pairs: 27/27 | new_swaps: 0 | total: 0) -> {'max_bond': 32, 'max_links': 4, 'total_elems': 23192, 'total_shapes': 998, 'total_links': 222, 'num_tensors': 56}
2026-08-26 07:32:20,493 [INFO]     [end unswap] -> {'max_bond': 32, 'max_links': 4, 'total_elems': 23192, 'total_shapes': 998, 'total_links': 222, 'num_tensors': 56}
2026-08-26 07:32:20,510 [INFO] [start rewire](phase=post_unswap, cycle=9, side=left, layers=1446, trials=20, seed=123, parallel=False, route_candidates=2, route_score=lookahead_total)
2026-08-26 07:32:24,834 [INFO] [end rewire](phase=post_unswap, cycle=9, side=left, routed_layers=1529, elapsed_s=4.32)
2026-08-26 07:32:24,834 [INFO] [start rewire](phase=post_unswap, cycle=9, side=right, layers=1392, trials=20, seed=123, parallel=False, route_candidates=2, route_score=lookahead_total)
2026-08-26 07:32:50,919 [INFO] [end rewire](phase=post_unswap, cycle=9, side=right, routed_layers=1676, elapsed_s=26.08)
2026-08-26 07:32:51,008 [INFO] [1L/1527](swap: 13, u: 0 | c_u: 0 | t_u_l: 38/942 | t_u_r: 40/943 | t_u: 78/1885) -> {'max_bond': 32, 'max_links': 4, 'total_elems': 23192, 'total_shapes': 998, 'total_links': 222, 'num_tensors': 56}
2026-08-26 07:32:51,067 [INFO] [2L/1527](swap: 17, u: 1 | c_u: 1 | t_u_l: 39/942 | t_u_r: 40/943 | t_u: 79/1885) -> {'max_bond': 32, 'max_links': 4, 'total_elems': 26972, 'total_shapes': 1094, 'total_links': 222, 'num_tensors': 56}
2026-08-26 07:32:51,129 [INFO] [1R/1674](swap: 12, u: 0 | c_u: 1 | t_u_l: 39/942 | t_u_r: 40/943 | t_u: 79/1885) -> {'max_bond': 32, 'max_links': 4, 'total_elems': 32512, 'total_shapes': 1212, 'total_links': 222, 'num_tensors': 56}
2026-08-26 07:32:51,203 [INFO] [3L/1527](swap: 15, u: 1 | c_u: 2 | t_u_l: 40/942 | t_u_r: 40/943 | t_u: 80/1885) -> {'max_bond': 64, 'max_links': 4, 'total_elems': 53432, 'total_shapes': 1534, 'total_links': 222, 'num_tensors': 56}
2026-08-26 07:32:51,302 [INFO] [4L/1527](swap: 15, u: 0 | c_u: 2 | t_u_l: 40/942 | t_u_r: 40/943 | t_u: 80/1885) -> {'max_bond': 64, 'max_links': 4, 'total_elems': 85344, 'total_shapes': 1874, 'total_links': 222, 'num_tensors': 56}
2026-08-26 07:32:51,423 [INFO] [2R/1674](swap: 14, u: 0 | c_u: 2 | t_u_l: 40/942 | t_u_r: 40/943 | t_u: 80/1885) -> {'max_bond': 64, 'max_links': 4, 'total_elems': 117920, 'total_shapes': 2140, 'total_links': 222, 'num_tensors': 56}
2026-08-26 07:32:51,621 [INFO] [5L/1527](swap: 11, u: 1 | c_u: 3 | t_u_l: 41/942 | t_u_r: 40/943 | t_u: 81/1885) -> {'max_bond': 128, 'max_links': 4, 'total_elems': 196256, 'total_shapes': 2708, 'total_links': 222, 'num_tensors': 56}
2026-08-26 07:32:51,852 [INFO] [6L/1527](swap: 6, u: 5 | c_u: 8 | t_u_l: 46/942 | t_u_r: 40/943 | t_u: 86/1885) -> {'max_bond': 128, 'max_links': 4, 'total_elems': 230624, 'total_shapes': 3068, 'total_links': 222, 'num_tensors': 56}
2026-08-26 07:32:52,096 [INFO] [7L/1527](swap: 5, u: 2 | c_u: 10 | t_u_l: 48/942 | t_u_r: 40/943 | t_u: 88/1885) -> {'max_bond': 128, 'max_links': 4, 'total_elems': 261792, 'total_shapes': 3404, 'total_links': 222, 'num_tensors': 56}
2026-08-26 07:32:52,372 [INFO] [8L/1527](swap: 8, u: 0 | c_u: 10 | t_u_l: 48/942 | t_u_r: 40/943 | t_u: 88/1885) -> {'max_bond': 128, 'max_links': 4, 'total_elems': 290400, 'total_shapes': 3556, 'total_links': 222, 'num_tensors': 56}
2026-08-26 07:32:52,673 [INFO] [9L/1527](swap: 8, u: 0 | c_u: 10 | t_u_l: 48/942 | t_u_r: 40/943 | t_u: 88/1885) -> {'max_bond': 128, 'max_links': 4, 'total_elems': 314208, 'total_shapes': 3860, 'total_links': 222, 'num_tensors': 56}
2026-08-26 07:32:53,015 [INFO] [10L/1527](swap: 5, u: 1 | c_u: 11 | t_u_l: 49/942 | t_u_r: 40/943 | t_u: 89/1885) -> {'max_bond': 128, 'max_links': 4, 'total_elems': 407392, 'total_shapes': 4244, 'total_links': 222, 'num_tensors': 56}
2026-08-26 07:32:53,617 [INFO]     [start unswap] -> {'max_bond': 128, 'max_links': 4, 'total_elems': 407392, 'total_shapes': 4244, 'total_links': 222, 'num_tensors': 56}
2026-08-26 07:32:59,971 [INFO]     [0 | both | 0](candidate_pairs: 28/28 | new_swaps: 8 | total: 8) -> {'max_bond': 256, 'max_links': 4, 'total_elems': 567904, 'total_shapes': 4772, 'total_links': 222, 'num_tensors': 56}
2026-08-26 07:33:01,777 [INFO]     [0 | both | 1](candidate_pairs: 27/27 | new_swaps: 13 | total: 21) -> {'max_bond': 64, 'max_links': 4, 'total_elems': 223840, 'total_shapes': 3172, 'total_links': 222, 'num_tensors': 56}
2026-08-26 07:33:02,244 [INFO]     [0 | left | 0](candidate_pairs: 28/28 | new_swaps: 15 | total: 36) -> {'max_bond': 64, 'max_links': 4, 'total_elems': 105024, 'total_shapes': 2368, 'total_links': 222, 'num_tensors': 56}
2026-08-26 07:33:02,378 [INFO]     [0 | left | 1](candidate_pairs: 27/27 | new_swaps: 15 | total: 51) -> {'max_bond': 64, 'max_links': 4, 'total_elems': 59204, 'total_shapes': 1794, 'total_links': 222, 'num_tensors': 56}
2026-08-26 07:33:02,469 [INFO]     [0 | right | 0](candidate_pairs: 28/28 | new_swaps: 4 | total: 55) -> {'max_bond': 64, 'max_links': 4, 'total_elems': 54532, 'total_shapes': 1658, 'total_links': 222, 'num_tensors': 56}
2026-08-26 07:33:02,553 [INFO]     [0 | right | 1](candidate_pairs: 27/27 | new_swaps: 6 | total: 61) -> {'max_bond': 32, 'max_links': 4, 'total_elems': 38820, 'total_shapes': 1470, 'total_links': 222, 'num_tensors': 56}
2026-08-26 07:33:02,680 [INFO]     [1 | both | 0](candidate_pairs: 28/28 | new_swaps: 9 | total: 9) -> {'max_bond': 32, 'max_links': 4, 'total_elems': 34156, 'total_shapes': 1334, 'total_links': 222, 'num_tensors': 56}
2026-08-26 07:33:02,812 [INFO]     [1 | both | 1](candidate_pairs: 27/27 | new_swaps: 4 | total: 13) -> {'max_bond': 32, 'max_links': 4, 'total_elems': 32228, 'total_shapes': 1272, 'total_links': 222, 'num_tensors': 56}
2026-08-26 07:33:02,871 [INFO]     [1 | left | 0](candidate_pairs: 28/28 | new_swaps: 3 | total: 16) -> {'max_bond': 32, 'max_links': 4, 'total_elems': 31204, 'total_shapes': 1232, 'total_links': 222, 'num_tensors': 56}
2026-08-26 07:33:02,938 [INFO]     [1 | left | 1](candidate_pairs: 27/27 | new_swaps: 4 | total: 20) -> {'max_bond': 32, 'max_links': 4, 'total_elems': 29020, 'total_shapes': 1166, 'total_links': 222, 'num_tensors': 56}
2026-08-26 07:33:02,995 [INFO]     [1 | right | 0](candidate_pairs: 28/28 | new_swaps: 3 | total: 23) -> {'max_bond': 32, 'max_links': 4, 'total_elems': 28420, 'total_shapes': 1130, 'total_links': 222, 'num_tensors': 56}
2026-08-26 07:33:03,034 [INFO]     [1 | right | 1](candidate_pairs: 27/27 | new_swaps: 0 | total: 23) -> {'max_bond': 32, 'max_links': 4, 'total_elems': 28420, 'total_shapes': 1130, 'total_links': 222, 'num_tensors': 56}
2026-08-26 07:33:03,151 [INFO]     [2 | both | 0](candidate_pairs: 28/28 | new_swaps: 5 | total: 5) -> {'max_bond': 32, 'max_links': 4, 'total_elems': 26224, 'total_shapes': 1080, 'total_links': 222, 'num_tensors': 56}
2026-08-26 07:33:03,274 [INFO]     [2 | both | 1](candidate_pairs: 27/27 | new_swaps: 3 | total: 8) -> {'max_bond': 32, 'max_links': 4, 'total_elems': 22152, 'total_shapes': 1020, 'total_links': 222, 'num_tensors': 56}
2026-08-26 07:33:03,325 [INFO]     [2 | left | 0](candidate_pairs: 28/28 | new_swaps: 2 | total: 10) -> {'max_bond': 32, 'max_links': 4, 'total_elems': 19400, 'total_shapes': 980, 'total_links': 222, 'num_tensors': 56}
2026-08-26 07:33:03,383 [INFO]     [2 | left | 1](candidate_pairs: 27/27 | new_swaps: 3 | total: 13) -> {'max_bond': 32, 'max_links': 4, 'total_elems': 15080, 'total_shapes': 912, 'total_links': 222, 'num_tensors': 56}
2026-08-26 07:33:03,427 [INFO]     [2 | right | 0](candidate_pairs: 28/28 | new_swaps: 2 | total: 15) -> {'max_bond': 32, 'max_links': 4, 'total_elems': 14264, 'total_shapes': 892, 'total_links': 222, 'num_tensors': 56}
2026-08-26 07:33:03,477 [INFO]     [2 | right | 1](candidate_pairs: 27/27 | new_swaps: 1 | total: 16) -> {'max_bond': 32, 'max_links': 4, 'total_elems': 12984, 'total_shapes': 876, 'total_links': 222, 'num_tensors': 56}
2026-08-26 07:33:03,557 [INFO]     [3 | both | 0](candidate_pairs: 28/28 | new_swaps: 3 | total: 3) -> {'max_bond': 32, 'max_links': 4, 'total_elems': 9560, 'total_shapes': 788, 'total_links': 222, 'num_tensors': 56}
2026-08-26 07:33:03,638 [INFO]     [3 | both | 1](candidate_pairs: 27/27 | new_swaps: 1 | total: 4) -> {'max_bond': 32, 'max_links': 4, 'total_elems': 8408, 'total_shapes': 772, 'total_links': 222, 'num_tensors': 56}
2026-08-26 07:33:03,678 [INFO]     [3 | left | 0](candidate_pairs: 28/28 | new_swaps: 1 | total: 5) -> {'max_bond': 16, 'max_links': 4, 'total_elems': 6872, 'total_shapes': 740, 'total_links': 222, 'num_tensors': 56}
2026-08-26 07:33:03,697 [INFO]     [3 | left | 1](candidate_pairs: 27/27 | new_swaps: 0 | total: 5) -> {'max_bond': 16, 'max_links': 4, 'total_elems': 6872, 'total_shapes': 740, 'total_links': 222, 'num_tensors': 56}
2026-08-26 07:33:03,729 [INFO]     [3 | right | 0](candidate_pairs: 28/28 | new_swaps: 1 | total: 6) -> {'max_bond': 16, 'max_links': 4, 'total_elems': 5720, 'total_shapes': 716, 'total_links': 222, 'num_tensors': 56}
2026-08-26 07:33:03,768 [INFO]     [3 | right | 1](candidate_pairs: 27/27 | new_swaps: 1 | total: 7) -> {'max_bond': 16, 'max_links': 4, 'total_elems': 5080, 'total_shapes': 700, 'total_links': 222, 'num_tensors': 56}
2026-08-26 07:33:03,805 [INFO]     [4 | both | 0](candidate_pairs: 28/28 | new_swaps: 0 | total: 0) -> {'max_bond': 16, 'max_links': 4, 'total_elems': 5080, 'total_shapes': 700, 'total_links': 222, 'num_tensors': 56}
2026-08-26 07:33:03,840 [INFO]     [4 | both | 1](candidate_pairs: 27/27 | new_swaps: 0 | total: 0) -> {'max_bond': 16, 'max_links': 4, 'total_elems': 5080, 'total_shapes': 700, 'total_links': 222, 'num_tensors': 56}
2026-08-26 07:33:03,857 [INFO]     [4 | left | 0](candidate_pairs: 28/28 | new_swaps: 0 | total: 0) -> {'max_bond': 16, 'max_links': 4, 'total_elems': 5080, 'total_shapes': 700, 'total_links': 222, 'num_tensors': 56}
2026-08-26 07:33:03,874 [INFO]     [4 | left | 1](candidate_pairs: 27/27 | new_swaps: 0 | total: 0) -> {'max_bond': 16, 'max_links': 4, 'total_elems': 5080, 'total_shapes': 700, 'total_links': 222, 'num_tensors': 56}
2026-08-26 07:33:03,906 [INFO]     [4 | right | 0](candidate_pairs: 28/28 | new_swaps: 1 | total: 1) -> {'max_bond': 8, 'max_links': 4, 'total_elems': 4312, 'total_shapes': 676, 'total_links': 222, 'num_tensors': 56}
2026-08-26 07:33:03,936 [INFO]     [4 | right | 1](candidate_pairs: 27/27 | new_swaps: 1 | total: 2) -> {'max_bond': 8, 'max_links': 4, 'total_elems': 4184, 'total_shapes': 668, 'total_links': 222, 'num_tensors': 56}
2026-08-26 07:33:03,972 [INFO]     [5 | both | 0](candidate_pairs: 28/28 | new_swaps: 0 | total: 0) -> {'max_bond': 8, 'max_links': 4, 'total_elems': 4184, 'total_shapes': 668, 'total_links': 222, 'num_tensors': 56}
2026-08-26 07:33:04,005 [INFO]     [5 | both | 1](candidate_pairs: 27/27 | new_swaps: 0 | total: 0) -> {'max_bond': 8, 'max_links': 4, 'total_elems': 4184, 'total_shapes': 668, 'total_links': 222, 'num_tensors': 56}
2026-08-26 07:33:04,023 [INFO]     [5 | left | 0](candidate_pairs: 28/28 | new_swaps: 0 | total: 0) -> {'max_bond': 8, 'max_links': 4, 'total_elems': 4184, 'total_shapes': 668, 'total_links': 222, 'num_tensors': 56}
2026-08-26 07:33:04,056 [INFO]     [5 | left | 1](candidate_pairs: 27/27 | new_swaps: 1 | total: 1) -> {'max_bond': 8, 'max_links': 4, 'total_elems': 4120, 'total_shapes': 664, 'total_links': 222, 'num_tensors': 56}
2026-08-26 07:33:04,073 [INFO]     [5 | right | 0](candidate_pairs: 28/28 | new_swaps: 0 | total: 1) -> {'max_bond': 8, 'max_links': 4, 'total_elems': 4120, 'total_shapes': 664, 'total_links': 222, 'num_tensors': 56}
2026-08-26 07:33:04,091 [INFO]     [5 | right | 1](candidate_pairs: 27/27 | new_swaps: 0 | total: 1) -> {'max_bond': 8, 'max_links': 4, 'total_elems': 4120, 'total_shapes': 664, 'total_links': 222, 'num_tensors': 56}
2026-08-26 07:33:04,164 [INFO]     [6 | both | 0](candidate_pairs: 28/28 | new_swaps: 1 | total: 1) -> {'max_bond': 8, 'max_links': 4, 'total_elems': 4072, 'total_shapes': 658, 'total_links': 222, 'num_tensors': 56}
2026-08-26 07:33:04,198 [INFO]     [6 | both | 1](candidate_pairs: 27/27 | new_swaps: 0 | total: 1) -> {'max_bond': 8, 'max_links': 4, 'total_elems': 4072, 'total_shapes': 658, 'total_links': 222, 'num_tensors': 56}
2026-08-26 07:33:04,216 [INFO]     [6 | left | 0](candidate_pairs: 28/28 | new_swaps: 0 | total: 1) -> {'max_bond': 8, 'max_links': 4, 'total_elems': 4072, 'total_shapes': 658, 'total_links': 222, 'num_tensors': 56}
2026-08-26 07:33:04,234 [INFO]     [6 | left | 1](candidate_pairs: 27/27 | new_swaps: 0 | total: 1) -> {'max_bond': 8, 'max_links': 4, 'total_elems': 4072, 'total_shapes': 658, 'total_links': 222, 'num_tensors': 56}
2026-08-26 07:33:04,252 [INFO]     [6 | right | 0](candidate_pairs: 28/28 | new_swaps: 0 | total: 1) -> {'max_bond': 8, 'max_links': 4, 'total_elems': 4072, 'total_shapes': 658, 'total_links': 222, 'num_tensors': 56}
2026-08-26 07:33:04,269 [INFO]     [6 | right | 1](candidate_pairs: 27/27 | new_swaps: 0 | total: 1) -> {'max_bond': 8, 'max_links': 4, 'total_elems': 4072, 'total_shapes': 658, 'total_links': 222, 'num_tensors': 56}
2026-08-26 07:33:04,304 [INFO]     [7 | both | 0](candidate_pairs: 28/28 | new_swaps: 0 | total: 0) -> {'max_bond': 8, 'max_links': 4, 'total_elems': 4072, 'total_shapes': 658, 'total_links': 222, 'num_tensors': 56}
2026-08-26 07:33:04,337 [INFO]     [7 | both | 1](candidate_pairs: 27/27 | new_swaps: 0 | total: 0) -> {'max_bond': 8, 'max_links': 4, 'total_elems': 4072, 'total_shapes': 658, 'total_links': 222, 'num_tensors': 56}
2026-08-26 07:33:04,354 [INFO]     [7 | left | 0](candidate_pairs: 28/28 | new_swaps: 0 | total: 0) -> {'max_bond': 8, 'max_links': 4, 'total_elems': 4072, 'total_shapes': 658, 'total_links': 222, 'num_tensors': 56}
2026-08-26 07:33:04,372 [INFO]     [7 | left | 1](candidate_pairs: 27/27 | new_swaps: 0 | total: 0) -> {'max_bond': 8, 'max_links': 4, 'total_elems': 4072, 'total_shapes': 658, 'total_links': 222, 'num_tensors': 56}
2026-08-26 07:33:04,388 [INFO]     [7 | right | 0](candidate_pairs: 28/28 | new_swaps: 0 | total: 0) -> {'max_bond': 8, 'max_links': 4, 'total_elems': 4072, 'total_shapes': 658, 'total_links': 222, 'num_tensors': 56}
2026-08-26 07:33:04,405 [INFO]     [7 | right | 1](candidate_pairs: 27/27 | new_swaps: 0 | total: 0) -> {'max_bond': 8, 'max_links': 4, 'total_elems': 4072, 'total_shapes': 658, 'total_links': 222, 'num_tensors': 56}
2026-08-26 07:33:04,406 [INFO]     [end unswap] -> {'max_bond': 8, 'max_links': 4, 'total_elems': 4072, 'total_shapes': 658, 'total_links': 222, 'num_tensors': 56}
2026-08-26 07:33:04,408 [INFO] [start rewire](phase=post_unswap, cycle=10, side=left, layers=1519, trials=20, seed=123, parallel=False, route_candidates=2, route_score=lookahead_total)
2026-08-26 07:33:08,154 [INFO] [end rewire](phase=post_unswap, cycle=10, side=left, routed_layers=1466, elapsed_s=3.75)
2026-08-26 07:33:08,154 [INFO] [start rewire](phase=post_unswap, cycle=10, side=right, layers=1674, trials=20, seed=123, parallel=False, route_candidates=2, route_score=lookahead_total)
2026-08-26 07:33:11,224 [INFO] [end rewire](phase=post_unswap, cycle=10, side=right, routed_layers=1443, elapsed_s=3.07)
2026-08-26 07:33:11,291 [INFO] [1L/1464](swap: 10, u: 0 | c_u: 0 | t_u_l: 49/942 | t_u_r: 40/943 | t_u: 89/1885) -> {'max_bond': 8, 'max_links': 4, 'total_elems': 4072, 'total_shapes': 658, 'total_links': 222, 'num_tensors': 56}
2026-08-26 07:33:11,337 [INFO] [2L/1464](swap: 11, u: 0 | c_u: 0 | t_u_l: 49/942 | t_u_r: 40/943 | t_u: 89/1885) -> {'max_bond': 16, 'max_links': 4, 'total_elems': 6280, 'total_shapes': 774, 'total_links': 222, 'num_tensors': 56}
2026-08-26 07:33:11,384 [INFO] [1R/1441](swap: 9, u: 2 | c_u: 2 | t_u_l: 49/942 | t_u_r: 42/943 | t_u: 91/1885) -> {'max_bond': 16, 'max_links': 4, 'total_elems': 9128, 'total_shapes': 900, 'total_links': 222, 'num_tensors': 56}
2026-08-26 07:33:11,432 [INFO] [3L/1464](swap: 14, u: 0 | c_u: 2 | t_u_l: 49/942 | t_u_r: 42/943 | t_u: 91/1885) -> {'max_bond': 16, 'max_links': 4, 'total_elems': 14360, 'total_shapes': 1050, 'total_links': 222, 'num_tensors': 56}
2026-08-26 07:33:11,485 [INFO] [2R/1441](swap: 12, u: 0 | c_u: 2 | t_u_l: 49/942 | t_u_r: 42/943 | t_u: 91/1885) -> {'max_bond': 16, 'max_links': 4, 'total_elems': 19352, 'total_shapes': 1178, 'total_links': 222, 'num_tensors': 56}
2026-08-26 07:33:11,546 [INFO] [4L/1464](swap: 15, u: 0 | c_u: 2 | t_u_l: 49/942 | t_u_r: 42/943 | t_u: 91/1885) -> {'max_bond': 64, 'max_links': 4, 'total_elems': 30620, 'total_shapes': 1422, 'total_links': 222, 'num_tensors': 56}
2026-08-26 07:33:11,611 [INFO] [3R/1441](swap: 13, u: 1 | c_u: 3 | t_u_l: 49/942 | t_u_r: 43/943 | t_u: 92/1885) -> {'max_bond': 64, 'max_links': 4, 'total_elems': 49788, 'total_shapes': 1742, 'total_links': 222, 'num_tensors': 56}
2026-08-26 07:33:11,692 [INFO] [5L/1464](swap: 13, u: 0 | c_u: 3 | t_u_l: 49/942 | t_u_r: 43/943 | t_u: 92/1885) -> {'max_bond': 64, 'max_links': 4, 'total_elems': 86936, 'total_shapes': 2196, 'total_links': 222, 'num_tensors': 56}
2026-08-26 07:33:11,807 [INFO] [4R/1441](swap: 12, u: 0 | c_u: 3 | t_u_l: 49/942 | t_u_r: 43/943 | t_u: 92/1885) -> {'max_bond': 64, 'max_links': 4, 'total_elems': 123736, 'total_shapes': 2452, 'total_links': 222, 'num_tensors': 56}
2026-08-26 07:33:11,964 [INFO] [5R/1441](swap: 13, u: 0 | c_u: 3 | t_u_l: 49/942 | t_u_r: 43/943 | t_u: 92/1885) -> {'max_bond': 64, 'max_links': 4, 'total_elems': 213144, 'total_shapes': 3164, 'total_links': 222, 'num_tensors': 56}
2026-08-26 07:33:12,299 [INFO]     [start unswap] -> {'max_bond': 64, 'max_links': 4, 'total_elems': 213144, 'total_shapes': 3164, 'total_links': 222, 'num_tensors': 56}
2026-08-26 07:33:13,495 [INFO]     [0 | both | 0](candidate_pairs: 28/28 | new_swaps: 7 | total: 7) -> {'max_bond': 64, 'max_links': 4, 'total_elems': 134488, 'total_shapes': 2924, 'total_links': 222, 'num_tensors': 56}
2026-08-26 07:33:13,760 [INFO]     [0 | both | 1](candidate_pairs: 27/27 | new_swaps: 14 | total: 21) -> {'max_bond': 32, 'max_links': 4, 'total_elems': 64888, 'total_shapes': 1988, 'total_links': 222, 'num_tensors': 56}
2026-08-26 07:33:13,858 [INFO]     [0 | left | 0](candidate_pairs: 28/28 | new_swaps: 13 | total: 34) -> {'max_bond': 32, 'max_links': 4, 'total_elems': 43804, 'total_shapes': 1650, 'total_links': 222, 'num_tensors': 56}
2026-08-26 07:33:13,932 [INFO]     [0 | left | 1](candidate_pairs: 27/27 | new_swaps: 13 | total: 47) -> {'max_bond': 32, 'max_links': 4, 'total_elems': 30652, 'total_shapes': 1398, 'total_links': 222, 'num_tensors': 56}
2026-08-26 07:33:13,990 [INFO]     [0 | right | 0](candidate_pairs: 28/28 | new_swaps: 6 | total: 53) -> {'max_bond': 32, 'max_links': 4, 'total_elems': 26172, 'total_shapes': 1278, 'total_links': 222, 'num_tensors': 56}
2026-08-26 07:33:14,048 [INFO]     [0 | right | 1](candidate_pairs: 27/27 | new_swaps: 7 | total: 60) -> {'max_bond': 16, 'max_links': 4, 'total_elems': 20844, 'total_shapes': 1164, 'total_links': 222, 'num_tensors': 56}
2026-08-26 07:33:14,143 [INFO]     [1 | both | 0](candidate_pairs: 28/28 | new_swaps: 6 | total: 6) -> {'max_bond': 16, 'max_links': 4, 'total_elems': 17532, 'total_shapes': 1072, 'total_links': 222, 'num_tensors': 56}
2026-08-26 07:33:14,234 [INFO]     [1 | both | 1](candidate_pairs: 27/27 | new_swaps: 7 | total: 13) -> {'max_bond': 16, 'max_links': 4, 'total_elems': 13660, 'total_shapes': 968, 'total_links': 222, 'num_tensors': 56}
2026-08-26 07:33:14,282 [INFO]     [1 | left | 0](candidate_pairs: 28/28 | new_swaps: 9 | total: 22) -> {'max_bond': 16, 'max_links': 4, 'total_elems': 11424, 'total_shapes': 876, 'total_links': 222, 'num_tensors': 56}
2026-08-26 07:33:14,326 [INFO]     [1 | left | 1](candidate_pairs: 27/27 | new_swaps: 2 | total: 24) -> {'max_bond': 16, 'max_links': 4, 'total_elems': 11208, 'total_shapes': 864, 'total_links': 222, 'num_tensors': 56}
2026-08-26 07:33:14,373 [INFO]     [1 | right | 0](candidate_pairs: 28/28 | new_swaps: 4 | total: 28) -> {'max_bond': 16, 'max_links': 4, 'total_elems': 9288, 'total_shapes': 804, 'total_links': 222, 'num_tensors': 56}
2026-08-26 07:33:14,407 [INFO]     [1 | right | 1](candidate_pairs: 27/27 | new_swaps: 1 | total: 29) -> {'max_bond': 16, 'max_links': 4, 'total_elems': 9224, 'total_shapes': 800, 'total_links': 222, 'num_tensors': 56}
2026-08-26 07:33:14,491 [INFO]     [2 | both | 0](candidate_pairs: 28/28 | new_swaps: 4 | total: 4) -> {'max_bond': 16, 'max_links': 4, 'total_elems': 8924, 'total_shapes': 782, 'total_links': 222, 'num_tensors': 56}
2026-08-26 07:33:14,576 [INFO]     [2 | both | 1](candidate_pairs: 27/27 | new_swaps: 13 | total: 17) -> {'max_bond': 16, 'max_links': 4, 'total_elems': 6848, 'total_shapes': 694, 'total_links': 222, 'num_tensors': 56}
2026-08-26 07:33:14,618 [INFO]     [2 | left | 0](candidate_pairs: 28/28 | new_swaps: 2 | total: 19) -> {'max_bond': 16, 'max_links': 4, 'total_elems': 6404, 'total_shapes': 672, 'total_links': 222, 'num_tensors': 56}
2026-08-26 07:33:14,638 [INFO]     [2 | left | 1](candidate_pairs: 27/27 | new_swaps: 0 | total: 19) -> {'max_bond': 16, 'max_links': 4, 'total_elems': 6404, 'total_shapes': 672, 'total_links': 222, 'num_tensors': 56}
2026-08-26 07:33:14,658 [INFO]     [2 | right | 0](candidate_pairs: 28/28 | new_swaps: 0 | total: 19) -> {'max_bond': 16, 'max_links': 4, 'total_elems': 6404, 'total_shapes': 672, 'total_links': 222, 'num_tensors': 56}
2026-08-26 07:33:14,678 [INFO]     [2 | right | 1](candidate_pairs: 27/27 | new_swaps: 0 | total: 19) -> {'max_bond': 16, 'max_links': 4, 'total_elems': 6404, 'total_shapes': 672, 'total_links': 222, 'num_tensors': 56}
2026-08-26 07:33:14,756 [INFO]     [3 | both | 0](candidate_pairs: 28/28 | new_swaps: 3 | total: 3) -> {'max_bond': 16, 'max_links': 4, 'total_elems': 6092, 'total_shapes': 652, 'total_links': 222, 'num_tensors': 56}
2026-08-26 07:33:14,830 [INFO]     [3 | both | 1](candidate_pairs: 27/27 | new_swaps: 1 | total: 4) -> {'max_bond': 16, 'max_links': 4, 'total_elems': 6052, 'total_shapes': 648, 'total_links': 222, 'num_tensors': 56}
2026-08-26 07:33:14,850 [INFO]     [3 | left | 0](candidate_pairs: 28/28 | new_swaps: 0 | total: 4) -> {'max_bond': 16, 'max_links': 4, 'total_elems': 6052, 'total_shapes': 648, 'total_links': 222, 'num_tensors': 56}
2026-08-26 07:33:14,891 [INFO]     [3 | left | 1](candidate_pairs: 27/27 | new_swaps: 1 | total: 5) -> {'max_bond': 16, 'max_links': 4, 'total_elems': 5992, 'total_shapes': 642, 'total_links': 222, 'num_tensors': 56}
2026-08-26 07:33:14,910 [INFO]     [3 | right | 0](candidate_pairs: 28/28 | new_swaps: 0 | total: 5) -> {'max_bond': 16, 'max_links': 4, 'total_elems': 5992, 'total_shapes': 642, 'total_links': 222, 'num_tensors': 56}
2026-08-26 07:33:14,942 [INFO]     [3 | right | 1](candidate_pairs: 27/27 | new_swaps: 1 | total: 6) -> {'max_bond': 16, 'max_links': 4, 'total_elems': 5952, 'total_shapes': 638, 'total_links': 222, 'num_tensors': 56}
2026-08-26 07:33:14,977 [INFO]     [4 | both | 0](candidate_pairs: 28/28 | new_swaps: 0 | total: 0) -> {'max_bond': 16, 'max_links': 4, 'total_elems': 5952, 'total_shapes': 638, 'total_links': 222, 'num_tensors': 56}
2026-08-26 07:33:15,012 [INFO]     [4 | both | 1](candidate_pairs: 27/27 | new_swaps: 0 | total: 0) -> {'max_bond': 16, 'max_links': 4, 'total_elems': 5952, 'total_shapes': 638, 'total_links': 222, 'num_tensors': 56}
2026-08-26 07:33:15,044 [INFO]     [4 | left | 0](candidate_pairs: 28/28 | new_swaps: 1 | total: 1) -> {'max_bond': 16, 'max_links': 4, 'total_elems': 5892, 'total_shapes': 632, 'total_links': 222, 'num_tensors': 56}
2026-08-26 07:33:15,062 [INFO]     [4 | left | 1](candidate_pairs: 27/27 | new_swaps: 0 | total: 1) -> {'max_bond': 16, 'max_links': 4, 'total_elems': 5892, 'total_shapes': 632, 'total_links': 222, 'num_tensors': 56}
2026-08-26 07:33:15,080 [INFO]     [4 | right | 0](candidate_pairs: 28/28 | new_swaps: 0 | total: 1) -> {'max_bond': 16, 'max_links': 4, 'total_elems': 5892, 'total_shapes': 632, 'total_links': 222, 'num_tensors': 56}
2026-08-26 07:33:15,098 [INFO]     [4 | right | 1](candidate_pairs: 27/27 | new_swaps: 0 | total: 1) -> {'max_bond': 16, 'max_links': 4, 'total_elems': 5892, 'total_shapes': 632, 'total_links': 222, 'num_tensors': 56}
2026-08-26 07:33:15,133 [INFO]     [5 | both | 0](candidate_pairs: 28/28 | new_swaps: 0 | total: 0) -> {'max_bond': 16, 'max_links': 4, 'total_elems': 5892, 'total_shapes': 632, 'total_links': 222, 'num_tensors': 56}
2026-08-26 07:33:15,168 [INFO]     [5 | both | 1](candidate_pairs: 27/27 | new_swaps: 0 | total: 0) -> {'max_bond': 16, 'max_links': 4, 'total_elems': 5892, 'total_shapes': 632, 'total_links': 222, 'num_tensors': 56}
2026-08-26 07:33:15,186 [INFO]     [5 | left | 0](candidate_pairs: 28/28 | new_swaps: 0 | total: 0) -> {'max_bond': 16, 'max_links': 4, 'total_elems': 5892, 'total_shapes': 632, 'total_links': 222, 'num_tensors': 56}
2026-08-26 07:33:15,204 [INFO]     [5 | left | 1](candidate_pairs: 27/27 | new_swaps: 0 | total: 0) -> {'max_bond': 16, 'max_links': 4, 'total_elems': 5892, 'total_shapes': 632, 'total_links': 222, 'num_tensors': 56}
2026-08-26 07:33:15,221 [INFO]     [5 | right | 0](candidate_pairs: 28/28 | new_swaps: 0 | total: 0) -> {'max_bond': 16, 'max_links': 4, 'total_elems': 5892, 'total_shapes': 632, 'total_links': 222, 'num_tensors': 56}
2026-08-26 07:33:15,239 [INFO]     [5 | right | 1](candidate_pairs: 27/27 | new_swaps: 0 | total: 0) -> {'max_bond': 16, 'max_links': 4, 'total_elems': 5892, 'total_shapes': 632, 'total_links': 222, 'num_tensors': 56}
2026-08-26 07:33:15,240 [INFO]     [end unswap] -> {'max_bond': 16, 'max_links': 4, 'total_elems': 5892, 'total_shapes': 632, 'total_links': 222, 'num_tensors': 56}
2026-08-26 07:33:15,241 [INFO] [start rewire](phase=post_unswap, cycle=11, side=left, layers=1461, trials=20, seed=123, parallel=False, route_candidates=2, route_score=lookahead_total)
2026-08-26 07:33:18,448 [INFO] [end rewire](phase=post_unswap, cycle=11, side=left, routed_layers=1474, elapsed_s=3.21)
2026-08-26 07:33:18,448 [INFO] [start rewire](phase=post_unswap, cycle=11, side=right, layers=1438, trials=20, seed=123, parallel=False, route_candidates=2, route_score=lookahead_total)
2026-08-26 07:33:23,095 [INFO] [end rewire](phase=post_unswap, cycle=11, side=right, routed_layers=1736, elapsed_s=4.65)
2026-08-26 07:33:23,185 [INFO] [1L/1472](swap: 11, u: 0 | c_u: 0 | t_u_l: 49/942 | t_u_r: 43/943 | t_u: 92/1885) -> {'max_bond': 16, 'max_links': 4, 'total_elems': 5892, 'total_shapes': 632, 'total_links': 222, 'num_tensors': 56}
2026-08-26 07:33:23,233 [INFO] [2L/1472](swap: 13, u: 0 | c_u: 0 | t_u_l: 49/942 | t_u_r: 43/943 | t_u: 92/1885) -> {'max_bond': 16, 'max_links': 4, 'total_elems': 7656, 'total_shapes': 738, 'total_links': 222, 'num_tensors': 56}
2026-08-26 07:33:23,282 [INFO] [1R/1734](swap: 17, u: 0 | c_u: 0 | t_u_l: 49/942 | t_u_r: 43/943 | t_u: 92/1885) -> {'max_bond': 32, 'max_links': 4, 'total_elems': 10616, 'total_shapes': 830, 'total_links': 222, 'num_tensors': 56}
2026-08-26 07:33:23,335 [INFO] [3L/1472](swap: 13, u: 0 | c_u: 0 | t_u_l: 49/942 | t_u_r: 43/943 | t_u: 92/1885) -> {'max_bond': 32, 'max_links': 4, 'total_elems': 16036, 'total_shapes': 1020, 'total_links': 222, 'num_tensors': 56}
2026-08-26 07:33:23,390 [INFO] [4L/1472](swap: 12, u: 0 | c_u: 0 | t_u_l: 49/942 | t_u_r: 43/943 | t_u: 92/1885) -> {'max_bond': 64, 'max_links': 4, 'total_elems': 27524, 'total_shapes': 1258, 'total_links': 222, 'num_tensors': 56}
2026-08-26 07:33:23,457 [INFO] [2R/1734](swap: 12, u: 1 | c_u: 1 | t_u_l: 49/942 | t_u_r: 44/943 | t_u: 93/1885) -> {'max_bond': 64, 'max_links': 4, 'total_elems': 53668, 'total_shapes': 1554, 'total_links': 222, 'num_tensors': 56}
2026-08-26 07:33:23,544 [INFO] [3R/1734](swap: 12, u: 1 | c_u: 2 | t_u_l: 49/942 | t_u_r: 45/943 | t_u: 94/1885) -> {'max_bond': 64, 'max_links': 4, 'total_elems': 74404, 'total_shapes': 1760, 'total_links': 222, 'num_tensors': 56}
2026-08-26 07:33:23,635 [INFO] [4R/1734](swap: 13, u: 0 | c_u: 2 | t_u_l: 49/942 | t_u_r: 45/943 | t_u: 94/1885) -> {'max_bond': 64, 'max_links': 4, 'total_elems': 86628, 'total_shapes': 1952, 'total_links': 222, 'num_tensors': 56}
2026-08-26 07:33:23,745 [INFO] [5L/1472](swap: 11, u: 0 | c_u: 2 | t_u_l: 49/942 | t_u_r: 45/943 | t_u: 94/1885) -> {'max_bond': 64, 'max_links': 4, 'total_elems': 128228, 'total_shapes': 2272, 'total_links': 222, 'num_tensors': 56}
2026-08-26 07:33:23,909 [INFO] [5R/1734](swap: 14, u: 1 | c_u: 3 | t_u_l: 49/942 | t_u_r: 46/943 | t_u: 95/1885) -> {'max_bond': 128, 'max_links': 4, 'total_elems': 177380, 'total_shapes': 2752, 'total_links': 222, 'num_tensors': 56}
2026-08-26 07:33:24,810 [INFO] [6L/1472](swap: 11, u: 0 | c_u: 3 | t_u_l: 49/942 | t_u_r: 46/943 | t_u: 95/1885) -> {'max_bond': 128, 'max_links': 4, 'total_elems': 247900, 'total_shapes': 3156, 'total_links': 222, 'num_tensors': 56}
2026-08-26 07:33:25,282 [INFO]     [start unswap] -> {'max_bond': 128, 'max_links': 4, 'total_elems': 247900, 'total_shapes': 3156, 'total_links': 222, 'num_tensors': 56}
2026-08-26 07:33:28,216 [INFO]     [0 | both | 0](candidate_pairs: 28/28 | new_swaps: 8 | total: 8) -> {'max_bond': 256, 'max_links': 4, 'total_elems': 339712, 'total_shapes': 3490, 'total_links': 222, 'num_tensors': 56}
2026-08-26 07:33:29,138 [INFO]     [0 | both | 1](candidate_pairs: 27/27 | new_swaps: 14 | total: 22) -> {'max_bond': 64, 'max_links': 4, 'total_elems': 125828, 'total_shapes': 2156, 'total_links': 222, 'num_tensors': 56}
2026-08-26 07:33:29,329 [INFO]     [0 | left | 0](candidate_pairs: 28/28 | new_swaps: 11 | total: 33) -> {'max_bond': 64, 'max_links': 4, 'total_elems': 90784, 'total_shapes': 1806, 'total_links': 222, 'num_tensors': 56}
2026-08-26 07:33:29,456 [INFO]     [0 | left | 1](candidate_pairs: 27/27 | new_swaps: 14 | total: 47) -> {'max_bond': 64, 'max_links': 4, 'total_elems': 66224, 'total_shapes': 1518, 'total_links': 222, 'num_tensors': 56}
2026-08-26 07:33:29,581 [INFO]     [0 | right | 0](candidate_pairs: 28/28 | new_swaps: 9 | total: 56) -> {'max_bond': 64, 'max_links': 4, 'total_elems': 58796, 'total_shapes': 1334, 'total_links': 222, 'num_tensors': 56}
2026-08-26 07:33:29,688 [INFO]     [0 | right | 1](candidate_pairs: 27/27 | new_swaps: 4 | total: 60) -> {'max_bond': 64, 'max_links': 4, 'total_elems': 45108, 'total_shapes': 1242, 'total_links': 222, 'num_tensors': 56}
2026-08-26 07:33:29,859 [INFO]     [1 | both | 0](candidate_pairs: 28/28 | new_swaps: 10 | total: 10) -> {'max_bond': 64, 'max_links': 4, 'total_elems': 26168, 'total_shapes': 1044, 'total_links': 222, 'num_tensors': 56}
2026-08-26 07:33:29,963 [INFO]     [1 | both | 1](candidate_pairs: 27/27 | new_swaps: 7 | total: 17) -> {'max_bond': 32, 'max_links': 4, 'total_elems': 14824, 'total_shapes': 880, 'total_links': 222, 'num_tensors': 56}
2026-08-26 07:33:30,012 [INFO]     [1 | left | 0](candidate_pairs: 28/28 | new_swaps: 7 | total: 24) -> {'max_bond': 32, 'max_links': 4, 'total_elems': 9140, 'total_shapes': 770, 'total_links': 222, 'num_tensors': 56}
2026-08-26 07:33:30,058 [INFO]     [1 | left | 1](candidate_pairs: 27/27 | new_swaps: 5 | total: 29) -> {'max_bond': 16, 'max_links': 4, 'total_elems': 6668, 'total_shapes': 702, 'total_links': 222, 'num_tensors': 56}
2026-08-26 07:33:30,097 [INFO]     [1 | right | 0](candidate_pairs: 28/28 | new_swaps: 1 | total: 30) -> {'max_bond': 16, 'max_links': 4, 'total_elems': 6572, 'total_shapes': 694, 'total_links': 222, 'num_tensors': 56}
2026-08-26 07:33:30,133 [INFO]     [1 | right | 1](candidate_pairs: 27/27 | new_swaps: 1 | total: 31) -> {'max_bond': 16, 'max_links': 4, 'total_elems': 5420, 'total_shapes': 670, 'total_links': 222, 'num_tensors': 56}
2026-08-26 07:33:30,214 [INFO]     [2 | both | 0](candidate_pairs: 28/28 | new_swaps: 3 | total: 3) -> {'max_bond': 16, 'max_links': 4, 'total_elems': 4220, 'total_shapes': 632, 'total_links': 222, 'num_tensors': 56}
2026-08-26 07:33:30,291 [INFO]     [2 | both | 1](candidate_pairs: 27/27 | new_swaps: 6 | total: 9) -> {'max_bond': 8, 'max_links': 4, 'total_elems': 3344, 'total_shapes': 590, 'total_links': 222, 'num_tensors': 56}
2026-08-26 07:33:30,331 [INFO]     [2 | left | 0](candidate_pairs: 28/28 | new_swaps: 3 | total: 12) -> {'max_bond': 8, 'max_links': 4, 'total_elems': 2984, 'total_shapes': 568, 'total_links': 222, 'num_tensors': 56}
2026-08-26 07:33:30,348 [INFO]     [2 | left | 1](candidate_pairs: 27/27 | new_swaps: 0 | total: 12) -> {'max_bond': 8, 'max_links': 4, 'total_elems': 2984, 'total_shapes': 568, 'total_links': 222, 'num_tensors': 56}
2026-08-26 07:33:30,386 [INFO]     [2 | right | 0](candidate_pairs: 28/28 | new_swaps: 2 | total: 14) -> {'max_bond': 8, 'max_links': 4, 'total_elems': 2784, 'total_shapes': 554, 'total_links': 222, 'num_tensors': 56}
2026-08-26 07:33:30,416 [INFO]     [2 | right | 1](candidate_pairs: 27/27 | new_swaps: 1 | total: 15) -> {'max_bond': 8, 'max_links': 4, 'total_elems': 2744, 'total_shapes': 550, 'total_links': 222, 'num_tensors': 56}
2026-08-26 07:33:30,487 [INFO]     [3 | both | 0](candidate_pairs: 28/28 | new_swaps: 1 | total: 1) -> {'max_bond': 8, 'max_links': 4, 'total_elems': 2732, 'total_shapes': 548, 'total_links': 222, 'num_tensors': 56}
2026-08-26 07:33:30,550 [INFO]     [3 | both | 1](candidate_pairs: 27/27 | new_swaps: 1 | total: 2) -> {'max_bond': 8, 'max_links': 4, 'total_elems': 2540, 'total_shapes': 540, 'total_links': 222, 'num_tensors': 56}
2026-08-26 07:33:30,580 [INFO]     [3 | left | 0](candidate_pairs: 28/28 | new_swaps: 1 | total: 3) -> {'max_bond': 8, 'max_links': 4, 'total_elems': 2476, 'total_shapes': 536, 'total_links': 222, 'num_tensors': 56}
2026-08-26 07:33:30,598 [INFO]     [3 | left | 1](candidate_pairs: 27/27 | new_swaps: 0 | total: 3) -> {'max_bond': 8, 'max_links': 4, 'total_elems': 2476, 'total_shapes': 536, 'total_links': 222, 'num_tensors': 56}
2026-08-26 07:33:30,614 [INFO]     [3 | right | 0](candidate_pairs: 28/28 | new_swaps: 0 | total: 3) -> {'max_bond': 8, 'max_links': 4, 'total_elems': 2476, 'total_shapes': 536, 'total_links': 222, 'num_tensors': 56}
2026-08-26 07:33:30,630 [INFO]     [3 | right | 1](candidate_pairs: 27/27 | new_swaps: 0 | total: 3) -> {'max_bond': 8, 'max_links': 4, 'total_elems': 2476, 'total_shapes': 536, 'total_links': 222, 'num_tensors': 56}
2026-08-26 07:33:30,701 [INFO]     [4 | both | 0](candidate_pairs: 28/28 | new_swaps: 2 | total: 2) -> {'max_bond': 8, 'max_links': 4, 'total_elems': 2236, 'total_shapes': 524, 'total_links': 222, 'num_tensors': 56}
2026-08-26 07:33:30,769 [INFO]     [4 | both | 1](candidate_pairs: 27/27 | new_swaps: 2 | total: 4) -> {'max_bond': 8, 'max_links': 4, 'total_elems': 2176, 'total_shapes': 518, 'total_links': 222, 'num_tensors': 56}
2026-08-26 07:33:30,785 [INFO]     [4 | left | 0](candidate_pairs: 28/28 | new_swaps: 0 | total: 4) -> {'max_bond': 8, 'max_links': 4, 'total_elems': 2176, 'total_shapes': 518, 'total_links': 222, 'num_tensors': 56}
2026-08-26 07:33:30,802 [INFO]     [4 | left | 1](candidate_pairs: 27/27 | new_swaps: 0 | total: 4) -> {'max_bond': 8, 'max_links': 4, 'total_elems': 2176, 'total_shapes': 518, 'total_links': 222, 'num_tensors': 56}
2026-08-26 07:33:30,818 [INFO]     [4 | right | 0](candidate_pairs: 28/28 | new_swaps: 0 | total: 4) -> {'max_bond': 8, 'max_links': 4, 'total_elems': 2176, 'total_shapes': 518, 'total_links': 222, 'num_tensors': 56}
2026-08-26 07:33:30,834 [INFO]     [4 | right | 1](candidate_pairs: 27/27 | new_swaps: 0 | total: 4) -> {'max_bond': 8, 'max_links': 4, 'total_elems': 2176, 'total_shapes': 518, 'total_links': 222, 'num_tensors': 56}
2026-08-26 07:33:30,895 [INFO]     [5 | both | 0](candidate_pairs: 28/28 | new_swaps: 1 | total: 1) -> {'max_bond': 8, 'max_links': 4, 'total_elems': 2164, 'total_shapes': 516, 'total_links': 222, 'num_tensors': 56}
2026-08-26 07:33:30,927 [INFO]     [5 | both | 1](candidate_pairs: 27/27 | new_swaps: 0 | total: 1) -> {'max_bond': 8, 'max_links': 4, 'total_elems': 2164, 'total_shapes': 516, 'total_links': 222, 'num_tensors': 56}
2026-08-26 07:33:30,944 [INFO]     [5 | left | 0](candidate_pairs: 28/28 | new_swaps: 0 | total: 1) -> {'max_bond': 8, 'max_links': 4, 'total_elems': 2164, 'total_shapes': 516, 'total_links': 222, 'num_tensors': 56}
2026-08-26 07:33:30,961 [INFO]     [5 | left | 1](candidate_pairs: 27/27 | new_swaps: 0 | total: 1) -> {'max_bond': 8, 'max_links': 4, 'total_elems': 2164, 'total_shapes': 516, 'total_links': 222, 'num_tensors': 56}
2026-08-26 07:33:30,977 [INFO]     [5 | right | 0](candidate_pairs: 28/28 | new_swaps: 0 | total: 1) -> {'max_bond': 8, 'max_links': 4, 'total_elems': 2164, 'total_shapes': 516, 'total_links': 222, 'num_tensors': 56}
2026-08-26 07:33:30,993 [INFO]     [5 | right | 1](candidate_pairs: 27/27 | new_swaps: 0 | total: 1) -> {'max_bond': 8, 'max_links': 4, 'total_elems': 2164, 'total_shapes': 516, 'total_links': 222, 'num_tensors': 56}
2026-08-26 07:33:31,025 [INFO]     [6 | both | 0](candidate_pairs: 28/28 | new_swaps: 0 | total: 0) -> {'max_bond': 8, 'max_links': 4, 'total_elems': 2164, 'total_shapes': 516, 'total_links': 222, 'num_tensors': 56}
2026-08-26 07:33:31,058 [INFO]     [6 | both | 1](candidate_pairs: 27/27 | new_swaps: 0 | total: 0) -> {'max_bond': 8, 'max_links': 4, 'total_elems': 2164, 'total_shapes': 516, 'total_links': 222, 'num_tensors': 56}
2026-08-26 07:33:31,074 [INFO]     [6 | left | 0](candidate_pairs: 28/28 | new_swaps: 0 | total: 0) -> {'max_bond': 8, 'max_links': 4, 'total_elems': 2164, 'total_shapes': 516, 'total_links': 222, 'num_tensors': 56}
2026-08-26 07:33:31,091 [INFO]     [6 | left | 1](candidate_pairs: 27/27 | new_swaps: 0 | total: 0) -> {'max_bond': 8, 'max_links': 4, 'total_elems': 2164, 'total_shapes': 516, 'total_links': 222, 'num_tensors': 56}
2026-08-26 07:33:31,107 [INFO]     [6 | right | 0](candidate_pairs: 28/28 | new_swaps: 0 | total: 0) -> {'max_bond': 8, 'max_links': 4, 'total_elems': 2164, 'total_shapes': 516, 'total_links': 222, 'num_tensors': 56}
2026-08-26 07:33:31,123 [INFO]     [6 | right | 1](candidate_pairs: 27/27 | new_swaps: 0 | total: 0) -> {'max_bond': 8, 'max_links': 4, 'total_elems': 2164, 'total_shapes': 516, 'total_links': 222, 'num_tensors': 56}
2026-08-26 07:33:31,123 [INFO]     [end unswap] -> {'max_bond': 8, 'max_links': 4, 'total_elems': 2164, 'total_shapes': 516, 'total_links': 222, 'num_tensors': 56}
2026-08-26 07:33:31,124 [INFO] [start rewire](phase=post_unswap, cycle=12, side=left, layers=1468, trials=20, seed=123, parallel=False, route_candidates=2, route_score=lookahead_total)
2026-08-26 07:33:33,766 [INFO] [end rewire](phase=post_unswap, cycle=12, side=left, routed_layers=1465, elapsed_s=2.64)
2026-08-26 07:33:33,767 [INFO] [start rewire](phase=post_unswap, cycle=12, side=right, layers=1731, trials=20, seed=123, parallel=False, route_candidates=2, route_score=lookahead_total)
2026-08-26 07:33:36,343 [INFO] [end rewire](phase=post_unswap, cycle=12, side=right, routed_layers=1564, elapsed_s=2.58)
2026-08-26 07:33:36,411 [INFO] [1L/1463](swap: 16, u: 0 | c_u: 0 | t_u_l: 49/942 | t_u_r: 46/943 | t_u: 95/1885) -> {'max_bond': 8, 'max_links': 4, 'total_elems': 2164, 'total_shapes': 516, 'total_links': 222, 'num_tensors': 56}
2026-08-26 07:33:36,455 [INFO] [1R/1562](swap: 12, u: 0 | c_u: 0 | t_u_l: 49/942 | t_u_r: 46/943 | t_u: 95/1885) -> {'max_bond': 16, 'max_links': 4, 'total_elems': 3044, 'total_shapes': 602, 'total_links': 222, 'num_tensors': 56}
2026-08-26 07:33:36,499 [INFO] [2L/1463](swap: 16, u: 0 | c_u: 0 | t_u_l: 49/942 | t_u_r: 46/943 | t_u: 95/1885) -> {'max_bond': 8, 'max_links': 4, 'total_elems': 3480, 'total_shapes': 654, 'total_links': 222, 'num_tensors': 56}
2026-08-26 07:33:36,543 [INFO] [2R/1562](swap: 11, u: 0 | c_u: 0 | t_u_l: 49/942 | t_u_r: 46/943 | t_u: 95/1885) -> {'max_bond': 16, 'max_links': 4, 'total_elems': 6136, 'total_shapes': 794, 'total_links': 222, 'num_tensors': 56}
2026-08-26 07:33:36,589 [INFO] [3R/1562](swap: 12, u: 0 | c_u: 0 | t_u_l: 49/942 | t_u_r: 46/943 | t_u: 95/1885) -> {'max_bond': 16, 'max_links': 4, 'total_elems': 10104, 'total_shapes': 938, 'total_links': 222, 'num_tensors': 56}
2026-08-26 07:33:36,637 [INFO] [3L/1463](swap: 14, u: 0 | c_u: 0 | t_u_l: 49/942 | t_u_r: 46/943 | t_u: 95/1885) -> {'max_bond': 16, 'max_links': 4, 'total_elems': 15104, 'total_shapes': 1126, 'total_links': 222, 'num_tensors': 56}
2026-08-26 07:33:36,693 [INFO] [4L/1463](swap: 10, u: 2 | c_u: 2 | t_u_l: 51/942 | t_u_r: 46/943 | t_u: 97/1885) -> {'max_bond': 32, 'max_links': 4, 'total_elems': 30592, 'total_shapes': 1422, 'total_links': 222, 'num_tensors': 56}
2026-08-26 07:33:37,364 [INFO] [4R/1562](swap: 12, u: 1 | c_u: 3 | t_u_l: 51/942 | t_u_r: 47/943 | t_u: 98/1885) -> {'max_bond': 64, 'max_links': 4, 'total_elems': 63232, 'total_shapes': 1910, 'total_links': 222, 'num_tensors': 56}
2026-08-26 07:33:37,468 [INFO] [5R/1562](swap: 8, u: 2 | c_u: 5 | t_u_l: 51/942 | t_u_r: 49/943 | t_u: 100/1885) -> {'max_bond': 64, 'max_links': 4, 'total_elems': 112800, 'total_shapes': 2316, 'total_links': 222, 'num_tensors': 56}
2026-08-26 07:33:37,634 [INFO] [6R/1562](swap: 9, u: 2 | c_u: 7 | t_u_l: 51/942 | t_u_r: 51/943 | t_u: 102/1885) -> {'max_bond': 128, 'max_links': 4, 'total_elems': 205344, 'total_shapes': 3060, 'total_links': 222, 'num_tensors': 56}
2026-08-26 07:33:37,930 [INFO] [7R/1562](swap: 9, u: 1 | c_u: 8 | t_u_l: 51/942 | t_u_r: 52/943 | t_u: 103/1885) -> {'max_bond': 128, 'max_links': 4, 'total_elems': 377568, 'total_shapes': 3676, 'total_links': 222, 'num_tensors': 56}
2026-08-26 07:33:38,744 [INFO]     [start unswap] -> {'max_bond': 128, 'max_links': 4, 'total_elems': 377568, 'total_shapes': 3676, 'total_links': 222, 'num_tensors': 56}
2026-08-26 07:33:56,642 [INFO]     [0 | both | 0](candidate_pairs: 28/28 | new_swaps: 3 | total: 3) -> {'max_bond': 512, 'max_links': 4, 'total_elems': 1068384, 'total_shapes': 5428, 'total_links': 222, 'num_tensors': 56}
2026-08-26 07:34:00,937 [INFO]     [0 | both | 1](candidate_pairs: 27/27 | new_swaps: 14 | total: 17) -> {'max_bond': 128, 'max_links': 4, 'total_elems': 225104, 'total_shapes': 3090, 'total_links': 222, 'num_tensors': 56}
2026-08-26 07:34:01,193 [INFO]     [0 | left | 0](candidate_pairs: 28/28 | new_swaps: 11 | total: 28) -> {'max_bond': 128, 'max_links': 4, 'total_elems': 163380, 'total_shapes': 2508, 'total_links': 222, 'num_tensors': 56}
2026-08-26 07:34:01,518 [INFO]     [0 | left | 1](candidate_pairs: 27/27 | new_swaps: 11 | total: 39) -> {'max_bond': 128, 'max_links': 4, 'total_elems': 114628, 'total_shapes': 2172, 'total_links': 222, 'num_tensors': 56}
2026-08-26 07:34:01,694 [INFO]     [0 | right | 0](candidate_pairs: 28/28 | new_swaps: 11 | total: 50) -> {'max_bond': 64, 'max_links': 4, 'total_elems': 59452, 'total_shapes': 1590, 'total_links': 222, 'num_tensors': 56}
2026-08-26 07:34:01,789 [INFO]     [0 | right | 1](candidate_pairs: 27/27 | new_swaps: 11 | total: 61) -> {'max_bond': 64, 'max_links': 4, 'total_elems': 33612, 'total_shapes': 1362, 'total_links': 222, 'num_tensors': 56}
2026-08-26 07:34:01,901 [INFO]     [1 | both | 0](candidate_pairs: 28/28 | new_swaps: 9 | total: 9) -> {'max_bond': 32, 'max_links': 4, 'total_elems': 19084, 'total_shapes': 1090, 'total_links': 222, 'num_tensors': 56}
2026-08-26 07:34:01,994 [INFO]     [1 | both | 1](candidate_pairs: 27/27 | new_swaps: 6 | total: 15) -> {'max_bond': 16, 'max_links': 4, 'total_elems': 13552, 'total_shapes': 968, 'total_links': 222, 'num_tensors': 56}
2026-08-26 07:34:02,042 [INFO]     [1 | left | 0](candidate_pairs: 28/28 | new_swaps: 6 | total: 21) -> {'max_bond': 16, 'max_links': 4, 'total_elems': 9856, 'total_shapes': 876, 'total_links': 222, 'num_tensors': 56}
2026-08-26 07:34:02,085 [INFO]     [1 | left | 1](candidate_pairs: 27/27 | new_swaps: 4 | total: 25) -> {'max_bond': 16, 'max_links': 4, 'total_elems': 8476, 'total_shapes': 814, 'total_links': 222, 'num_tensors': 56}
2026-08-26 07:34:02,127 [INFO]     [1 | right | 0](candidate_pairs: 28/28 | new_swaps: 3 | total: 28) -> {'max_bond': 16, 'max_links': 4, 'total_elems': 7100, 'total_shapes': 774, 'total_links': 222, 'num_tensors': 56}
2026-08-26 07:34:02,167 [INFO]     [1 | right | 1](candidate_pairs: 27/27 | new_swaps: 2 | total: 30) -> {'max_bond': 16, 'max_links': 4, 'total_elems': 6844, 'total_shapes': 762, 'total_links': 222, 'num_tensors': 56}
2026-08-26 07:34:02,244 [INFO]     [2 | both | 0](candidate_pairs: 28/28 | new_swaps: 4 | total: 4) -> {'max_bond': 16, 'max_links': 4, 'total_elems': 5860, 'total_shapes': 726, 'total_links': 222, 'num_tensors': 56}
2026-08-26 07:34:02,316 [INFO]     [2 | both | 1](candidate_pairs: 27/27 | new_swaps: 3 | total: 7) -> {'max_bond': 16, 'max_links': 4, 'total_elems': 5300, 'total_shapes': 698, 'total_links': 222, 'num_tensors': 56}
2026-08-26 07:34:02,356 [INFO]     [2 | left | 0](candidate_pairs: 28/28 | new_swaps: 2 | total: 9) -> {'max_bond': 16, 'max_links': 4, 'total_elems': 5036, 'total_shapes': 684, 'total_links': 222, 'num_tensors': 56}
2026-08-26 07:34:02,388 [INFO]     [2 | left | 1](candidate_pairs: 27/27 | new_swaps: 1 | total: 10) -> {'max_bond': 16, 'max_links': 4, 'total_elems': 4908, 'total_shapes': 676, 'total_links': 222, 'num_tensors': 56}
2026-08-26 07:34:02,419 [INFO]     [2 | right | 0](candidate_pairs: 28/28 | new_swaps: 1 | total: 11) -> {'max_bond': 16, 'max_links': 4, 'total_elems': 4828, 'total_shapes': 672, 'total_links': 222, 'num_tensors': 56}
2026-08-26 07:34:02,458 [INFO]     [2 | right | 1](candidate_pairs: 27/27 | new_swaps: 1 | total: 12) -> {'max_bond': 16, 'max_links': 4, 'total_elems': 4668, 'total_shapes': 664, 'total_links': 222, 'num_tensors': 56}
2026-08-26 07:34:02,493 [INFO]     [3 | both | 0](candidate_pairs: 28/28 | new_swaps: 0 | total: 0) -> {'max_bond': 16, 'max_links': 4, 'total_elems': 4668, 'total_shapes': 664, 'total_links': 222, 'num_tensors': 56}
2026-08-26 07:34:02,525 [INFO]     [3 | both | 1](candidate_pairs: 27/27 | new_swaps: 0 | total: 0) -> {'max_bond': 16, 'max_links': 4, 'total_elems': 4668, 'total_shapes': 664, 'total_links': 222, 'num_tensors': 56}
2026-08-26 07:34:02,543 [INFO]     [3 | left | 0](candidate_pairs: 28/28 | new_swaps: 0 | total: 0) -> {'max_bond': 16, 'max_links': 4, 'total_elems': 4668, 'total_shapes': 664, 'total_links': 222, 'num_tensors': 56}
2026-08-26 07:34:02,574 [INFO]     [3 | left | 1](candidate_pairs: 27/27 | new_swaps: 1 | total: 1) -> {'max_bond': 16, 'max_links': 4, 'total_elems': 4588, 'total_shapes': 660, 'total_links': 222, 'num_tensors': 56}
2026-08-26 07:34:02,611 [INFO]     [3 | right | 0](candidate_pairs: 28/28 | new_swaps: 1 | total: 2) -> {'max_bond': 16, 'max_links': 4, 'total_elems': 4428, 'total_shapes': 652, 'total_links': 222, 'num_tensors': 56}
2026-08-26 07:34:02,642 [INFO]     [3 | right | 1](candidate_pairs: 27/27 | new_swaps: 1 | total: 3) -> {'max_bond': 16, 'max_links': 4, 'total_elems': 4300, 'total_shapes': 644, 'total_links': 222, 'num_tensors': 56}
2026-08-26 07:34:02,675 [INFO]     [4 | both | 0](candidate_pairs: 28/28 | new_swaps: 0 | total: 0) -> {'max_bond': 16, 'max_links': 4, 'total_elems': 4300, 'total_shapes': 644, 'total_links': 222, 'num_tensors': 56}
2026-08-26 07:34:02,708 [INFO]     [4 | both | 1](candidate_pairs: 27/27 | new_swaps: 0 | total: 0) -> {'max_bond': 16, 'max_links': 4, 'total_elems': 4300, 'total_shapes': 644, 'total_links': 222, 'num_tensors': 56}
2026-08-26 07:34:02,739 [INFO]     [4 | left | 0](candidate_pairs: 28/28 | new_swaps: 1 | total: 1) -> {'max_bond': 16, 'max_links': 4, 'total_elems': 4252, 'total_shapes': 640, 'total_links': 222, 'num_tensors': 56}
2026-08-26 07:34:02,770 [INFO]     [4 | left | 1](candidate_pairs: 27/27 | new_swaps: 1 | total: 2) -> {'max_bond': 16, 'max_links': 4, 'total_elems': 4180, 'total_shapes': 634, 'total_links': 222, 'num_tensors': 56}
2026-08-26 07:34:02,787 [INFO]     [4 | right | 0](candidate_pairs: 28/28 | new_swaps: 0 | total: 2) -> {'max_bond': 16, 'max_links': 4, 'total_elems': 4180, 'total_shapes': 634, 'total_links': 222, 'num_tensors': 56}
2026-08-26 07:34:02,803 [INFO]     [4 | right | 1](candidate_pairs: 27/27 | new_swaps: 0 | total: 2) -> {'max_bond': 16, 'max_links': 4, 'total_elems': 4180, 'total_shapes': 634, 'total_links': 222, 'num_tensors': 56}
2026-08-26 07:34:02,872 [INFO]     [5 | both | 0](candidate_pairs: 28/28 | new_swaps: 1 | total: 1) -> {'max_bond': 16, 'max_links': 4, 'total_elems': 4120, 'total_shapes': 628, 'total_links': 222, 'num_tensors': 56}
2026-08-26 07:34:02,905 [INFO]     [5 | both | 1](candidate_pairs: 27/27 | new_swaps: 0 | total: 1) -> {'max_bond': 16, 'max_links': 4, 'total_elems': 4120, 'total_shapes': 628, 'total_links': 222, 'num_tensors': 56}
2026-08-26 07:34:02,922 [INFO]     [5 | left | 0](candidate_pairs: 28/28 | new_swaps: 0 | total: 1) -> {'max_bond': 16, 'max_links': 4, 'total_elems': 4120, 'total_shapes': 628, 'total_links': 222, 'num_tensors': 56}
2026-08-26 07:34:02,961 [INFO]     [5 | left | 1](candidate_pairs: 27/27 | new_swaps: 1 | total: 2) -> {'max_bond': 16, 'max_links': 4, 'total_elems': 4060, 'total_shapes': 622, 'total_links': 222, 'num_tensors': 56}
2026-08-26 07:34:02,977 [INFO]     [5 | right | 0](candidate_pairs: 28/28 | new_swaps: 0 | total: 2) -> {'max_bond': 16, 'max_links': 4, 'total_elems': 4060, 'total_shapes': 622, 'total_links': 222, 'num_tensors': 56}
2026-08-26 07:34:02,994 [INFO]     [5 | right | 1](candidate_pairs: 27/27 | new_swaps: 0 | total: 2) -> {'max_bond': 16, 'max_links': 4, 'total_elems': 4060, 'total_shapes': 622, 'total_links': 222, 'num_tensors': 56}
2026-08-26 07:34:03,027 [INFO]     [6 | both | 0](candidate_pairs: 28/28 | new_swaps: 0 | total: 0) -> {'max_bond': 16, 'max_links': 4, 'total_elems': 4060, 'total_shapes': 622, 'total_links': 222, 'num_tensors': 56}
2026-08-26 07:34:03,060 [INFO]     [6 | both | 1](candidate_pairs: 27/27 | new_swaps: 0 | total: 0) -> {'max_bond': 16, 'max_links': 4, 'total_elems': 4060, 'total_shapes': 622, 'total_links': 222, 'num_tensors': 56}
2026-08-26 07:34:03,098 [INFO]     [6 | left | 0](candidate_pairs: 28/28 | new_swaps: 1 | total: 1) -> {'max_bond': 16, 'max_links': 4, 'total_elems': 4036, 'total_shapes': 618, 'total_links': 222, 'num_tensors': 56}
2026-08-26 07:34:03,115 [INFO]     [6 | left | 1](candidate_pairs: 27/27 | new_swaps: 0 | total: 1) -> {'max_bond': 16, 'max_links': 4, 'total_elems': 4036, 'total_shapes': 618, 'total_links': 222, 'num_tensors': 56}
2026-08-26 07:34:03,132 [INFO]     [6 | right | 0](candidate_pairs: 28/28 | new_swaps: 0 | total: 1) -> {'max_bond': 16, 'max_links': 4, 'total_elems': 4036, 'total_shapes': 618, 'total_links': 222, 'num_tensors': 56}
2026-08-26 07:34:03,148 [INFO]     [6 | right | 1](candidate_pairs: 27/27 | new_swaps: 0 | total: 1) -> {'max_bond': 16, 'max_links': 4, 'total_elems': 4036, 'total_shapes': 618, 'total_links': 222, 'num_tensors': 56}
2026-08-26 07:34:03,181 [INFO]     [7 | both | 0](candidate_pairs: 28/28 | new_swaps: 0 | total: 0) -> {'max_bond': 16, 'max_links': 4, 'total_elems': 4036, 'total_shapes': 618, 'total_links': 222, 'num_tensors': 56}
2026-08-26 07:34:03,214 [INFO]     [7 | both | 1](candidate_pairs: 27/27 | new_swaps: 0 | total: 0) -> {'max_bond': 16, 'max_links': 4, 'total_elems': 4036, 'total_shapes': 618, 'total_links': 222, 'num_tensors': 56}
2026-08-26 07:34:03,231 [INFO]     [7 | left | 0](candidate_pairs: 28/28 | new_swaps: 0 | total: 0) -> {'max_bond': 16, 'max_links': 4, 'total_elems': 4036, 'total_shapes': 618, 'total_links': 222, 'num_tensors': 56}
2026-08-26 07:34:03,248 [INFO]     [7 | left | 1](candidate_pairs: 27/27 | new_swaps: 0 | total: 0) -> {'max_bond': 16, 'max_links': 4, 'total_elems': 4036, 'total_shapes': 618, 'total_links': 222, 'num_tensors': 56}
2026-08-26 07:34:03,265 [INFO]     [7 | right | 0](candidate_pairs: 28/28 | new_swaps: 0 | total: 0) -> {'max_bond': 16, 'max_links': 4, 'total_elems': 4036, 'total_shapes': 618, 'total_links': 222, 'num_tensors': 56}
2026-08-26 07:34:03,281 [INFO]     [7 | right | 1](candidate_pairs: 27/27 | new_swaps: 0 | total: 0) -> {'max_bond': 16, 'max_links': 4, 'total_elems': 4036, 'total_shapes': 618, 'total_links': 222, 'num_tensors': 56}
2026-08-26 07:34:03,282 [INFO]     [end unswap] -> {'max_bond': 16, 'max_links': 4, 'total_elems': 4036, 'total_shapes': 618, 'total_links': 222, 'num_tensors': 56}
2026-08-26 07:34:03,305 [INFO] [start rewire](phase=post_unswap, cycle=13, side=left, layers=1461, trials=20, seed=123, parallel=False, route_candidates=2, route_score=lookahead_total)
2026-08-26 07:34:06,048 [INFO] [end rewire](phase=post_unswap, cycle=13, side=left, routed_layers=1425, elapsed_s=2.74)
2026-08-26 07:34:06,048 [INFO] [start rewire](phase=post_unswap, cycle=13, side=right, layers=1557, trials=20, seed=123, parallel=False, route_candidates=2, route_score=lookahead_total)
2026-08-26 07:34:08,665 [INFO] [end rewire](phase=post_unswap, cycle=13, side=right, routed_layers=1530, elapsed_s=2.62)
2026-08-26 07:34:08,739 [INFO] [1L/1423](swap: 14, u: 0 | c_u: 0 | t_u_l: 51/942 | t_u_r: 52/943 | t_u: 103/1885) -> {'max_bond': 16, 'max_links': 4, 'total_elems': 4036, 'total_shapes': 618, 'total_links': 222, 'num_tensors': 56}
2026-08-26 07:34:08,784 [INFO] [1R/1528](swap: 10, u: 1 | c_u: 1 | t_u_l: 51/942 | t_u_r: 53/943 | t_u: 104/1885) -> {'max_bond': 16, 'max_links': 4, 'total_elems': 4508, 'total_shapes': 672, 'total_links': 222, 'num_tensors': 56}
2026-08-26 07:34:08,828 [INFO] [2L/1423](swap: 10, u: 0 | c_u: 1 | t_u_l: 51/942 | t_u_r: 53/943 | t_u: 104/1885) -> {'max_bond': 16, 'max_links': 4, 'total_elems': 6032, 'total_shapes': 774, 'total_links': 222, 'num_tensors': 56}
2026-08-26 07:34:08,874 [INFO] [3L/1423](swap: 10, u: 0 | c_u: 1 | t_u_l: 51/942 | t_u_r: 53/943 | t_u: 104/1885) -> {'max_bond': 16, 'max_links': 4, 'total_elems': 9200, 'total_shapes': 906, 'total_links': 222, 'num_tensors': 56}
2026-08-26 07:34:08,921 [INFO] [2R/1528](swap: 11, u: 0 | c_u: 1 | t_u_l: 51/942 | t_u_r: 53/943 | t_u: 104/1885) -> {'max_bond': 32, 'max_links': 4, 'total_elems': 13232, 'total_shapes': 1064, 'total_links': 222, 'num_tensors': 56}
2026-08-26 07:34:08,974 [INFO] [4L/1423](swap: 9, u: 0 | c_u: 1 | t_u_l: 51/942 | t_u_r: 53/943 | t_u: 104/1885) -> {'max_bond': 32, 'max_links': 4, 'total_elems': 19392, 'total_shapes': 1224, 'total_links': 222, 'num_tensors': 56}
2026-08-26 07:34:09,033 [INFO] [5L/1423](swap: 9, u: 0 | c_u: 1 | t_u_l: 51/942 | t_u_r: 53/943 | t_u: 104/1885) -> {'max_bond': 32, 'max_links': 4, 'total_elems': 30720, 'total_shapes': 1444, 'total_links': 222, 'num_tensors': 56}
2026-08-26 07:34:09,097 [INFO] [3R/1528](swap: 9, u: 1 | c_u: 2 | t_u_l: 51/942 | t_u_r: 54/943 | t_u: 105/1885) -> {'max_bond': 64, 'max_links': 4, 'total_elems': 47904, 'total_shapes': 1728, 'total_links': 222, 'num_tensors': 56}
2026-08-26 07:34:09,168 [INFO] [4R/1528](swap: 5, u: 1 | c_u: 3 | t_u_l: 51/942 | t_u_r: 55/943 | t_u: 106/1885) -> {'max_bond': 64, 'max_links': 4, 'total_elems': 66720, 'total_shapes': 1936, 'total_links': 222, 'num_tensors': 56}
2026-08-26 07:34:09,245 [INFO] [5R/1528](swap: 4, u: 1 | c_u: 4 | t_u_l: 51/942 | t_u_r: 56/943 | t_u: 107/1885) -> {'max_bond': 64, 'max_links': 4, 'total_elems': 69280, 'total_shapes': 1976, 'total_links': 222, 'num_tensors': 56}
2026-08-26 07:34:09,322 [INFO] [6R/1528](swap: 3, u: 2 | c_u: 6 | t_u_l: 51/942 | t_u_r: 58/943 | t_u: 109/1885) -> {'max_bond': 64, 'max_links': 4, 'total_elems': 80608, 'total_shapes': 2080, 'total_links': 222, 'num_tensors': 56}
2026-08-26 07:34:09,404 [INFO] [7R/1528](swap: 3, u: 0 | c_u: 6 | t_u_l: 51/942 | t_u_r: 58/943 | t_u: 109/1885) -> {'max_bond': 64, 'max_links': 4, 'total_elems': 88672, 'total_shapes': 2160, 'total_links': 222, 'num_tensors': 56}
2026-08-26 07:34:09,497 [INFO] [8R/1528](swap: 3, u: 0 | c_u: 6 | t_u_l: 51/942 | t_u_r: 58/943 | t_u: 109/1885) -> {'max_bond': 64, 'max_links': 4, 'total_elems': 102880, 'total_shapes': 2224, 'total_links': 222, 'num_tensors': 56}
2026-08-26 07:34:09,597 [INFO] [9R/1528](swap: 3, u: 1 | c_u: 7 | t_u_l: 51/942 | t_u_r: 59/943 | t_u: 110/1885) -> {'max_bond': 64, 'max_links': 4, 'total_elems': 122144, 'total_shapes': 2376, 'total_links': 222, 'num_tensors': 56}
2026-08-26 07:34:09,708 [INFO] [10R/1528](swap: 3, u: 0 | c_u: 7 | t_u_l: 51/942 | t_u_r: 59/943 | t_u: 110/1885) -> {'max_bond': 64, 'max_links': 4, 'total_elems': 134368, 'total_shapes': 2496, 'total_links': 222, 'num_tensors': 56}
2026-08-26 07:34:09,837 [INFO] [11R/1528](swap: 3, u: 0 | c_u: 7 | t_u_l: 51/942 | t_u_r: 59/943 | t_u: 110/1885) -> {'max_bond': 64, 'max_links': 4, 'total_elems': 141024, 'total_shapes': 2552, 'total_links': 222, 'num_tensors': 56}
2026-08-26 07:34:09,960 [INFO] [12R/1528](swap: 5, u: 0 | c_u: 7 | t_u_l: 51/942 | t_u_r: 59/943 | t_u: 110/1885) -> {'max_bond': 64, 'max_links': 4, 'total_elems': 152288, 'total_shapes': 2632, 'total_links': 222, 'num_tensors': 56}
2026-08-26 07:34:10,081 [INFO] [13R/1528](swap: 4, u: 0 | c_u: 7 | t_u_l: 51/942 | t_u_r: 59/943 | t_u: 110/1885) -> {'max_bond': 64, 'max_links': 4, 'total_elems': 157216, 'total_shapes': 2728, 'total_links': 222, 'num_tensors': 56}
2026-08-26 07:34:10,204 [INFO] [14R/1528](swap: 3, u: 1 | c_u: 8 | t_u_l: 51/942 | t_u_r: 60/943 | t_u: 111/1885) -> {'max_bond': 64, 'max_links': 4, 'total_elems': 168736, 'total_shapes': 2864, 'total_links': 222, 'num_tensors': 56}
2026-08-26 07:34:10,339 [INFO] [15R/1528](swap: 5, u: 0 | c_u: 8 | t_u_l: 51/942 | t_u_r: 60/943 | t_u: 111/1885) -> {'max_bond': 64, 'max_links': 4, 'total_elems': 192800, 'total_shapes': 3104, 'total_links': 222, 'num_tensors': 56}
2026-08-26 07:34:10,523 [INFO] [6L/1423](swap: 10, u: 0 | c_u: 8 | t_u_l: 51/942 | t_u_r: 60/943 | t_u: 111/1885) -> {'max_bond': 128, 'max_links': 4, 'total_elems': 262048, 'total_shapes': 3632, 'total_links': 222, 'num_tensors': 56}
2026-08-26 07:34:10,839 [INFO] [7L/1423](swap: 8, u: 0 | c_u: 8 | t_u_l: 51/942 | t_u_r: 60/943 | t_u: 111/1885) -> {'max_bond': 128, 'max_links': 4, 'total_elems': 320736, 'total_shapes': 3928, 'total_links': 222, 'num_tensors': 56}
2026-08-26 07:34:11,260 [INFO] [16R/1528](swap: 7, u: 1 | c_u: 9 | t_u_l: 51/942 | t_u_r: 61/943 | t_u: 112/1885) -> {'max_bond': 128, 'max_links': 4, 'total_elems': 459232, 'total_shapes': 4470, 'total_links': 222, 'num_tensors': 56}
2026-08-26 07:34:11,747 [INFO]     [start unswap] -> {'max_bond': 128, 'max_links': 4, 'total_elems': 459232, 'total_shapes': 4470, 'total_links': 222, 'num_tensors': 56}
2026-08-26 07:34:13,940 [INFO]     [0 | both | 0](candidate_pairs: 28/28 | new_swaps: 7 | total: 7) -> {'max_bond': 128, 'max_links': 4, 'total_elems': 443840, 'total_shapes': 4310, 'total_links': 222, 'num_tensors': 56}
2026-08-26 07:34:15,758 [INFO]     [0 | both | 1](candidate_pairs: 27/27 | new_swaps: 11 | total: 18) -> {'max_bond': 128, 'max_links': 4, 'total_elems': 364736, 'total_shapes': 3746, 'total_links': 222, 'num_tensors': 56}
2026-08-26 07:34:16,476 [INFO]     [0 | left | 0](candidate_pairs: 28/28 | new_swaps: 10 | total: 28) -> {'max_bond': 122, 'max_links': 4, 'total_elems': 243952, 'total_shapes': 3184, 'total_links': 222, 'num_tensors': 56}
2026-08-26 07:34:16,827 [INFO]     [0 | left | 1](candidate_pairs: 27/27 | new_swaps: 13 | total: 41) -> {'max_bond': 121, 'max_links': 4, 'total_elems': 188728, 'total_shapes': 2716, 'total_links': 222, 'num_tensors': 56}
2026-08-26 07:34:17,150 [INFO]     [0 | right | 0](candidate_pairs: 28/28 | new_swaps: 8 | total: 49) -> {'max_bond': 120, 'max_links': 4, 'total_elems': 173908, 'total_shapes': 2436, 'total_links': 222, 'num_tensors': 56}
2026-08-26 07:34:17,440 [INFO]     [0 | right | 1](candidate_pairs: 27/27 | new_swaps: 12 | total: 61) -> {'max_bond': 64, 'max_links': 4, 'total_elems': 118740, 'total_shapes': 2016, 'total_links': 222, 'num_tensors': 56}
2026-08-26 07:34:17,790 [INFO]     [1 | both | 0](candidate_pairs: 28/28 | new_swaps: 12 | total: 12) -> {'max_bond': 64, 'max_links': 4, 'total_elems': 99372, 'total_shapes': 1772, 'total_links': 222, 'num_tensors': 56}
2026-08-26 07:34:18,114 [INFO]     [1 | both | 1](candidate_pairs: 27/27 | new_swaps: 2 | total: 14) -> {'max_bond': 64, 'max_links': 4, 'total_elems': 98220, 'total_shapes': 1740, 'total_links': 222, 'num_tensors': 56}
2026-08-26 07:34:18,278 [INFO]     [1 | left | 0](candidate_pairs: 28/28 | new_swaps: 6 | total: 20) -> {'max_bond': 64, 'max_links': 4, 'total_elems': 81036, 'total_shapes': 1568, 'total_links': 222, 'num_tensors': 56}
2026-08-26 07:34:18,424 [INFO]     [1 | left | 1](candidate_pairs: 27/27 | new_swaps: 6 | total: 26) -> {'max_bond': 64, 'max_links': 4, 'total_elems': 70532, 'total_shapes': 1414, 'total_links': 222, 'num_tensors': 56}
2026-08-26 07:34:18,556 [INFO]     [1 | right | 0](candidate_pairs: 28/28 | new_swaps: 4 | total: 30) -> {'max_bond': 64, 'max_links': 4, 'total_elems': 55088, 'total_shapes': 1308, 'total_links': 222, 'num_tensors': 56}
2026-08-26 07:34:18,669 [INFO]     [1 | right | 1](candidate_pairs: 27/27 | new_swaps: 2 | total: 32) -> {'max_bond': 64, 'max_links': 4, 'total_elems': 39728, 'total_shapes': 1212, 'total_links': 222, 'num_tensors': 56}
2026-08-26 07:34:18,844 [INFO]     [2 | both | 0](candidate_pairs: 28/28 | new_swaps: 7 | total: 7) -> {'max_bond': 32, 'max_links': 4, 'total_elems': 28980, 'total_shapes': 1086, 'total_links': 222, 'num_tensors': 56}
2026-08-26 07:34:18,961 [INFO]     [2 | both | 1](candidate_pairs: 27/27 | new_swaps: 5 | total: 12) -> {'max_bond': 32, 'max_links': 4, 'total_elems': 23976, 'total_shapes': 996, 'total_links': 222, 'num_tensors': 56}
2026-08-26 07:34:19,017 [INFO]     [2 | left | 0](candidate_pairs: 28/28 | new_swaps: 3 | total: 15) -> {'max_bond': 32, 'max_links': 4, 'total_elems': 21248, 'total_shapes': 952, 'total_links': 222, 'num_tensors': 56}
2026-08-26 07:34:19,063 [INFO]     [2 | left | 1](candidate_pairs: 27/27 | new_swaps: 1 | total: 16) -> {'max_bond': 32, 'max_links': 4, 'total_elems': 18176, 'total_shapes': 920, 'total_links': 222, 'num_tensors': 56}
2026-08-26 07:34:19,103 [INFO]     [2 | right | 0](candidate_pairs: 28/28 | new_swaps: 1 | total: 17) -> {'max_bond': 32, 'max_links': 4, 'total_elems': 17936, 'total_shapes': 908, 'total_links': 222, 'num_tensors': 56}
2026-08-26 07:34:19,146 [INFO]     [2 | right | 1](candidate_pairs: 27/27 | new_swaps: 1 | total: 18) -> {'max_bond': 32, 'max_links': 4, 'total_elems': 17888, 'total_shapes': 904, 'total_links': 222, 'num_tensors': 56}
2026-08-26 07:34:19,243 [INFO]     [3 | both | 0](candidate_pairs: 28/28 | new_swaps: 2 | total: 2) -> {'max_bond': 32, 'max_links': 4, 'total_elems': 17200, 'total_shapes': 884, 'total_links': 222, 'num_tensors': 56}
2026-08-26 07:34:19,337 [INFO]     [3 | both | 1](candidate_pairs: 27/27 | new_swaps: 4 | total: 6) -> {'max_bond': 32, 'max_links': 4, 'total_elems': 16308, 'total_shapes': 858, 'total_links': 222, 'num_tensors': 56}
2026-08-26 07:34:19,390 [INFO]     [3 | left | 0](candidate_pairs: 28/28 | new_swaps: 2 | total: 8) -> {'max_bond': 32, 'max_links': 4, 'total_elems': 13044, 'total_shapes': 818, 'total_links': 222, 'num_tensors': 56}
2026-08-26 07:34:19,430 [INFO]     [3 | left | 1](candidate_pairs: 27/27 | new_swaps: 1 | total: 9) -> {'max_bond': 16, 'max_links': 4, 'total_elems': 10996, 'total_shapes': 786, 'total_links': 222, 'num_tensors': 56}
2026-08-26 07:34:19,465 [INFO]     [3 | right | 0](candidate_pairs: 28/28 | new_swaps: 1 | total: 10) -> {'max_bond': 16, 'max_links': 4, 'total_elems': 10836, 'total_shapes': 778, 'total_links': 222, 'num_tensors': 56}
2026-08-26 07:34:19,511 [INFO]     [3 | right | 1](candidate_pairs: 27/27 | new_swaps: 3 | total: 13) -> {'max_bond': 16, 'max_links': 4, 'total_elems': 9556, 'total_shapes': 746, 'total_links': 222, 'num_tensors': 56}
2026-08-26 07:34:19,593 [INFO]     [4 | both | 0](candidate_pairs: 28/28 | new_swaps: 3 | total: 3) -> {'max_bond': 16, 'max_links': 4, 'total_elems': 7844, 'total_shapes': 706, 'total_links': 222, 'num_tensors': 56}
2026-08-26 07:34:19,660 [INFO]     [4 | both | 1](candidate_pairs: 27/27 | new_swaps: 1 | total: 4) -> {'max_bond': 16, 'max_links': 4, 'total_elems': 7076, 'total_shapes': 690, 'total_links': 222, 'num_tensors': 56}
2026-08-26 07:34:19,694 [INFO]     [4 | left | 0](candidate_pairs: 28/28 | new_swaps: 1 | total: 5) -> {'max_bond': 16, 'max_links': 4, 'total_elems': 7044, 'total_shapes': 686, 'total_links': 222, 'num_tensors': 56}
2026-08-26 07:34:19,731 [INFO]     [4 | left | 1](candidate_pairs: 27/27 | new_swaps: 1 | total: 6) -> {'max_bond': 16, 'max_links': 4, 'total_elems': 6276, 'total_shapes': 670, 'total_links': 222, 'num_tensors': 56}
2026-08-26 07:34:19,750 [INFO]     [4 | right | 0](candidate_pairs: 28/28 | new_swaps: 0 | total: 6) -> {'max_bond': 16, 'max_links': 4, 'total_elems': 6276, 'total_shapes': 670, 'total_links': 222, 'num_tensors': 56}
2026-08-26 07:34:19,772 [INFO]     [4 | right | 1](candidate_pairs: 27/27 | new_swaps: 0 | total: 6) -> {'max_bond': 16, 'max_links': 4, 'total_elems': 6276, 'total_shapes': 670, 'total_links': 222, 'num_tensors': 56}
2026-08-26 07:34:19,839 [INFO]     [5 | both | 0](candidate_pairs: 28/28 | new_swaps: 1 | total: 1) -> {'max_bond': 16, 'max_links': 4, 'total_elems': 5764, 'total_shapes': 654, 'total_links': 222, 'num_tensors': 56}
2026-08-26 07:34:19,878 [INFO]     [5 | both | 1](candidate_pairs: 27/27 | new_swaps: 0 | total: 1) -> {'max_bond': 16, 'max_links': 4, 'total_elems': 5764, 'total_shapes': 654, 'total_links': 222, 'num_tensors': 56}
2026-08-26 07:34:19,898 [INFO]     [5 | left | 0](candidate_pairs: 28/28 | new_swaps: 0 | total: 1) -> {'max_bond': 16, 'max_links': 4, 'total_elems': 5764, 'total_shapes': 654, 'total_links': 222, 'num_tensors': 56}
2026-08-26 07:34:19,933 [INFO]     [5 | left | 1](candidate_pairs: 27/27 | new_swaps: 1 | total: 2) -> {'max_bond': 16, 'max_links': 4, 'total_elems': 5508, 'total_shapes': 646, 'total_links': 222, 'num_tensors': 56}
2026-08-26 07:34:19,966 [INFO]     [5 | right | 0](candidate_pairs: 28/28 | new_swaps: 1 | total: 3) -> {'max_bond': 16, 'max_links': 4, 'total_elems': 5316, 'total_shapes': 638, 'total_links': 222, 'num_tensors': 56}
2026-08-26 07:34:19,986 [INFO]     [5 | right | 1](candidate_pairs: 27/27 | new_swaps: 0 | total: 3) -> {'max_bond': 16, 'max_links': 4, 'total_elems': 5316, 'total_shapes': 638, 'total_links': 222, 'num_tensors': 56}
2026-08-26 07:34:20,052 [INFO]     [6 | both | 0](candidate_pairs: 28/28 | new_swaps: 1 | total: 1) -> {'max_bond': 16, 'max_links': 4, 'total_elems': 5188, 'total_shapes': 630, 'total_links': 222, 'num_tensors': 56}
2026-08-26 07:34:20,118 [INFO]     [6 | both | 1](candidate_pairs: 27/27 | new_swaps: 1 | total: 2) -> {'max_bond': 16, 'max_links': 4, 'total_elems': 4996, 'total_shapes': 622, 'total_links': 222, 'num_tensors': 56}
2026-08-26 07:34:20,137 [INFO]     [6 | left | 0](candidate_pairs: 28/28 | new_swaps: 0 | total: 2) -> {'max_bond': 16, 'max_links': 4, 'total_elems': 4996, 'total_shapes': 622, 'total_links': 222, 'num_tensors': 56}
2026-08-26 07:34:20,157 [INFO]     [6 | left | 1](candidate_pairs: 27/27 | new_swaps: 0 | total: 2) -> {'max_bond': 16, 'max_links': 4, 'total_elems': 4996, 'total_shapes': 622, 'total_links': 222, 'num_tensors': 56}
2026-08-26 07:34:20,176 [INFO]     [6 | right | 0](candidate_pairs: 28/28 | new_swaps: 0 | total: 2) -> {'max_bond': 16, 'max_links': 4, 'total_elems': 4996, 'total_shapes': 622, 'total_links': 222, 'num_tensors': 56}
2026-08-26 07:34:20,196 [INFO]     [6 | right | 1](candidate_pairs: 27/27 | new_swaps: 0 | total: 2) -> {'max_bond': 16, 'max_links': 4, 'total_elems': 4996, 'total_shapes': 622, 'total_links': 222, 'num_tensors': 56}
2026-08-26 07:34:20,261 [INFO]     [7 | both | 0](candidate_pairs: 28/28 | new_swaps: 1 | total: 1) -> {'max_bond': 16, 'max_links': 4, 'total_elems': 4804, 'total_shapes': 614, 'total_links': 222, 'num_tensors': 56}
2026-08-26 07:34:20,300 [INFO]     [7 | both | 1](candidate_pairs: 27/27 | new_swaps: 0 | total: 1) -> {'max_bond': 16, 'max_links': 4, 'total_elems': 4804, 'total_shapes': 614, 'total_links': 222, 'num_tensors': 56}
2026-08-26 07:34:20,318 [INFO]     [7 | left | 0](candidate_pairs: 28/28 | new_swaps: 0 | total: 1) -> {'max_bond': 16, 'max_links': 4, 'total_elems': 4804, 'total_shapes': 614, 'total_links': 222, 'num_tensors': 56}
2026-08-26 07:34:20,337 [INFO]     [7 | left | 1](candidate_pairs: 27/27 | new_swaps: 0 | total: 1) -> {'max_bond': 16, 'max_links': 4, 'total_elems': 4804, 'total_shapes': 614, 'total_links': 222, 'num_tensors': 56}
2026-08-26 07:34:20,355 [INFO]     [7 | right | 0](candidate_pairs: 28/28 | new_swaps: 0 | total: 1) -> {'max_bond': 16, 'max_links': 4, 'total_elems': 4804, 'total_shapes': 614, 'total_links': 222, 'num_tensors': 56}
2026-08-26 07:34:20,375 [INFO]     [7 | right | 1](candidate_pairs: 27/27 | new_swaps: 0 | total: 1) -> {'max_bond': 16, 'max_links': 4, 'total_elems': 4804, 'total_shapes': 614, 'total_links': 222, 'num_tensors': 56}
2026-08-26 07:34:20,411 [INFO]     [8 | both | 0](candidate_pairs: 28/28 | new_swaps: 0 | total: 0) -> {'max_bond': 16, 'max_links': 4, 'total_elems': 4804, 'total_shapes': 614, 'total_links': 222, 'num_tensors': 56}
2026-08-26 07:34:20,448 [INFO]     [8 | both | 1](candidate_pairs: 27/27 | new_swaps: 0 | total: 0) -> {'max_bond': 16, 'max_links': 4, 'total_elems': 4804, 'total_shapes': 614, 'total_links': 222, 'num_tensors': 56}
2026-08-26 07:34:20,467 [INFO]     [8 | left | 0](candidate_pairs: 28/28 | new_swaps: 0 | total: 0) -> {'max_bond': 16, 'max_links': 4, 'total_elems': 4804, 'total_shapes': 614, 'total_links': 222, 'num_tensors': 56}
2026-08-26 07:34:20,486 [INFO]     [8 | left | 1](candidate_pairs: 27/27 | new_swaps: 0 | total: 0) -> {'max_bond': 16, 'max_links': 4, 'total_elems': 4804, 'total_shapes': 614, 'total_links': 222, 'num_tensors': 56}
2026-08-26 07:34:20,504 [INFO]     [8 | right | 0](candidate_pairs: 28/28 | new_swaps: 0 | total: 0) -> {'max_bond': 16, 'max_links': 4, 'total_elems': 4804, 'total_shapes': 614, 'total_links': 222, 'num_tensors': 56}
2026-08-26 07:34:20,524 [INFO]     [8 | right | 1](candidate_pairs: 27/27 | new_swaps: 0 | total: 0) -> {'max_bond': 16, 'max_links': 4, 'total_elems': 4804, 'total_shapes': 614, 'total_links': 222, 'num_tensors': 56}
2026-08-26 07:34:20,524 [INFO]     [end unswap] -> {'max_bond': 16, 'max_links': 4, 'total_elems': 4804, 'total_shapes': 614, 'total_links': 222, 'num_tensors': 56}
2026-08-26 07:34:20,525 [INFO] [start rewire](phase=post_unswap, cycle=14, side=left, layers=1418, trials=20, seed=123, parallel=False, route_candidates=2, route_score=lookahead_total)
2026-08-26 07:34:22,981 [INFO] [end rewire](phase=post_unswap, cycle=14, side=left, routed_layers=1383, elapsed_s=2.46)
2026-08-26 07:34:22,981 [INFO] [start rewire](phase=post_unswap, cycle=14, side=right, layers=1514, trials=20, seed=123, parallel=False, route_candidates=2, route_score=lookahead_total)
2026-08-26 07:34:27,274 [INFO] [end rewire](phase=post_unswap, cycle=14, side=right, routed_layers=1500, elapsed_s=4.29)
2026-08-26 07:34:27,349 [INFO] [1L/1381](swap: 18, u: 0 | c_u: 0 | t_u_l: 51/942 | t_u_r: 61/943 | t_u: 112/1885) -> {'max_bond': 16, 'max_links': 4, 'total_elems': 4804, 'total_shapes': 614, 'total_links': 222, 'num_tensors': 56}
2026-08-26 07:34:27,396 [INFO] [1R/1498](swap: 13, u: 0 | c_u: 0 | t_u_l: 51/942 | t_u_r: 61/943 | t_u: 112/1885) -> {'max_bond': 16, 'max_links': 4, 'total_elems': 6960, 'total_shapes': 742, 'total_links': 222, 'num_tensors': 56}
2026-08-26 07:34:27,444 [INFO] [2R/1498](swap: 7, u: 0 | c_u: 0 | t_u_l: 51/942 | t_u_r: 61/943 | t_u: 112/1885) -> {'max_bond': 32, 'max_links': 4, 'total_elems': 10592, 'total_shapes': 858, 'total_links': 222, 'num_tensors': 56}
2026-08-26 07:34:27,493 [INFO] [2L/1381](swap: 16, u: 0 | c_u: 0 | t_u_l: 51/942 | t_u_r: 61/943 | t_u: 112/1885) -> {'max_bond': 32, 'max_links': 4, 'total_elems': 14928, 'total_shapes': 1038, 'total_links': 222, 'num_tensors': 56}
2026-08-26 07:34:27,544 [INFO] [3R/1498](swap: 7, u: 0 | c_u: 0 | t_u_l: 51/942 | t_u_r: 61/943 | t_u: 112/1885) -> {'max_bond': 32, 'max_links': 4, 'total_elems': 21168, 'total_shapes': 1114, 'total_links': 222, 'num_tensors': 56}
2026-08-26 07:34:27,597 [INFO] [3L/1381](swap: 9, u: 1 | c_u: 1 | t_u_l: 52/942 | t_u_r: 61/943 | t_u: 113/1885) -> {'max_bond': 32, 'max_links': 4, 'total_elems': 27328, 'total_shapes': 1298, 'total_links': 222, 'num_tensors': 56}
2026-08-26 07:34:27,656 [INFO] [4L/1381](swap: 7, u: 0 | c_u: 1 | t_u_l: 52/942 | t_u_r: 61/943 | t_u: 113/1885) -> {'max_bond': 32, 'max_links': 4, 'total_elems': 31232, 'total_shapes': 1422, 'total_links': 222, 'num_tensors': 56}
2026-08-26 07:34:27,715 [INFO] [4R/1498](swap: 7, u: 0 | c_u: 1 | t_u_l: 52/942 | t_u_r: 61/943 | t_u: 113/1885) -> {'max_bond': 32, 'max_links': 4, 'total_elems': 39808, 'total_shapes': 1590, 'total_links': 222, 'num_tensors': 56}
2026-08-26 07:34:27,782 [INFO] [5L/1381](swap: 8, u: 1 | c_u: 2 | t_u_l: 53/942 | t_u_r: 61/943 | t_u: 114/1885) -> {'max_bond': 64, 'max_links': 4, 'total_elems': 56960, 'total_shapes': 1806, 'total_links': 222, 'num_tensors': 56}
2026-08-26 07:34:27,860 [INFO] [6L/1381](swap: 9, u: 1 | c_u: 3 | t_u_l: 54/942 | t_u_r: 61/943 | t_u: 115/1885) -> {'max_bond': 64, 'max_links': 4, 'total_elems': 68416, 'total_shapes': 1974, 'total_links': 222, 'num_tensors': 56}
2026-08-26 07:34:27,941 [INFO] [7L/1381](swap: 9, u: 0 | c_u: 3 | t_u_l: 54/942 | t_u_r: 61/943 | t_u: 115/1885) -> {'max_bond': 64, 'max_links': 4, 'total_elems': 75712, 'total_shapes': 2102, 'total_links': 222, 'num_tensors': 56}
2026-08-26 07:34:28,021 [INFO] [8L/1381](swap: 8, u: 0 | c_u: 3 | t_u_l: 54/942 | t_u_r: 61/943 | t_u: 115/1885) -> {'max_bond': 64, 'max_links': 4, 'total_elems': 85888, 'total_shapes': 2254, 'total_links': 222, 'num_tensors': 56}
2026-08-26 07:34:28,108 [INFO] [9L/1381](swap: 7, u: 1 | c_u: 4 | t_u_l: 55/942 | t_u_r: 61/943 | t_u: 116/1885) -> {'max_bond': 64, 'max_links': 4, 'total_elems': 114088, 'total_shapes': 2474, 'total_links': 222, 'num_tensors': 56}
2026-08-26 07:34:28,229 [INFO] [10L/1381](swap: 6, u: 2 | c_u: 6 | t_u_l: 57/942 | t_u_r: 61/943 | t_u: 118/1885) -> {'max_bond': 88, 'max_links': 4, 'total_elems': 120840, 'total_shapes': 2552, 'total_links': 222, 'num_tensors': 56}
2026-08-26 07:34:28,339 [INFO] [11L/1381](swap: 3, u: 3 | c_u: 9 | t_u_l: 60/942 | t_u_r: 61/943 | t_u: 121/1885) -> {'max_bond': 78, 'max_links': 4, 'total_elems': 147784, 'total_shapes': 2772, 'total_links': 222, 'num_tensors': 56}
2026-08-26 07:34:28,458 [INFO] [12L/1381](swap: 6, u: 1 | c_u: 10 | t_u_l: 61/942 | t_u_r: 61/943 | t_u: 122/1885) -> {'max_bond': 68, 'max_links': 4, 'total_elems': 146248, 'total_shapes': 2800, 'total_links': 222, 'num_tensors': 56}
2026-08-26 07:34:28,574 [INFO] [13L/1381](swap: 5, u: 1 | c_u: 11 | t_u_l: 62/942 | t_u_r: 61/943 | t_u: 123/1885) -> {'max_bond': 64, 'max_links': 4, 'total_elems': 165192, 'total_shapes': 3000, 'total_links': 222, 'num_tensors': 56}
2026-08-26 07:34:28,712 [INFO] [14L/1381](swap: 3, u: 2 | c_u: 13 | t_u_l: 64/942 | t_u_r: 61/943 | t_u: 125/1885) -> {'max_bond': 128, 'max_links': 4, 'total_elems': 220488, 'total_shapes': 3384, 'total_links': 222, 'num_tensors': 56}
2026-08-26 07:34:28,920 [INFO] [15L/1381](swap: 4, u: 1 | c_u: 14 | t_u_l: 65/942 | t_u_r: 61/943 | t_u: 126/1885) -> {'max_bond': 128, 'max_links': 4, 'total_elems': 311624, 'total_shapes': 3672, 'total_links': 222, 'num_tensors': 56}
2026-08-26 07:34:29,303 [INFO] [16L/1381](swap: 5, u: 0 | c_u: 14 | t_u_l: 65/942 | t_u_r: 61/943 | t_u: 126/1885) -> {'max_bond': 128, 'max_links': 4, 'total_elems': 365768, 'total_shapes': 3944, 'total_links': 222, 'num_tensors': 56}
2026-08-26 07:34:29,719 [INFO] [17L/1381](swap: 3, u: 1 | c_u: 15 | t_u_l: 66/942 | t_u_r: 61/943 | t_u: 127/1885) -> {'max_bond': 128, 'max_links': 4, 'total_elems': 399944, 'total_shapes': 4032, 'total_links': 222, 'num_tensors': 56}
2026-08-26 07:34:30,154 [INFO] [18L/1381](swap: 3, u: 1 | c_u: 16 | t_u_l: 67/942 | t_u_r: 61/943 | t_u: 128/1885) -> {'max_bond': 128, 'max_links': 4, 'total_elems': 398664, 'total_shapes': 4016, 'total_links': 222, 'num_tensors': 56}
2026-08-26 07:34:30,667 [INFO] [19L/1381](swap: 4, u: 0 | c_u: 16 | t_u_l: 67/942 | t_u_r: 61/943 | t_u: 128/1885) -> {'max_bond': 128, 'max_links': 4, 'total_elems': 447432, 'total_shapes': 4136, 'total_links': 222, 'num_tensors': 56}
2026-08-26 07:34:31,409 [INFO]     [start unswap] -> {'max_bond': 128, 'max_links': 4, 'total_elems': 447432, 'total_shapes': 4136, 'total_links': 222, 'num_tensors': 56}
2026-08-26 07:34:35,501 [INFO]     [0 | both | 0](candidate_pairs: 28/28 | new_swaps: 3 | total: 3) -> {'max_bond': 256, 'max_links': 4, 'total_elems': 553032, 'total_shapes': 4184, 'total_links': 222, 'num_tensors': 56}
2026-08-26 07:34:38,216 [INFO]     [0 | both | 1](candidate_pairs: 27/27 | new_swaps: 10 | total: 13) -> {'max_bond': 128, 'max_links': 4, 'total_elems': 288712, 'total_shapes': 3272, 'total_links': 222, 'num_tensors': 56}
2026-08-26 07:34:38,785 [INFO]     [0 | left | 0](candidate_pairs: 28/28 | new_swaps: 10 | total: 23) -> {'max_bond': 64, 'max_links': 4, 'total_elems': 186120, 'total_shapes': 2744, 'total_links': 222, 'num_tensors': 56}
2026-08-26 07:34:39,142 [INFO]     [0 | left | 1](candidate_pairs: 27/27 | new_swaps: 12 | total: 35) -> {'max_bond': 64, 'max_links': 4, 'total_elems': 111656, 'total_shapes': 2226, 'total_links': 222, 'num_tensors': 56}
2026-08-26 07:34:39,281 [INFO]     [0 | right | 0](candidate_pairs: 28/28 | new_swaps: 4 | total: 39) -> {'max_bond': 64, 'max_links': 4, 'total_elems': 101904, 'total_shapes': 2118, 'total_links': 222, 'num_tensors': 56}
2026-08-26 07:34:39,429 [INFO]     [0 | right | 1](candidate_pairs: 27/27 | new_swaps: 4 | total: 43) -> {'max_bond': 64, 'max_links': 4, 'total_elems': 84240, 'total_shapes': 1970, 'total_links': 222, 'num_tensors': 56}
2026-08-26 07:34:39,657 [INFO]     [1 | both | 0](candidate_pairs: 28/28 | new_swaps: 9 | total: 9) -> {'max_bond': 32, 'max_links': 4, 'total_elems': 50268, 'total_shapes': 1588, 'total_links': 222, 'num_tensors': 56}
2026-08-26 07:34:39,811 [INFO]     [1 | both | 1](candidate_pairs: 27/27 | new_swaps: 6 | total: 15) -> {'max_bond': 32, 'max_links': 4, 'total_elems': 42908, 'total_shapes': 1468, 'total_links': 222, 'num_tensors': 56}
2026-08-26 07:34:39,884 [INFO]     [1 | left | 0](candidate_pairs: 28/28 | new_swaps: 2 | total: 17) -> {'max_bond': 32, 'max_links': 4, 'total_elems': 39812, 'total_shapes': 1432, 'total_links': 222, 'num_tensors': 56}
2026-08-26 07:34:39,953 [INFO]     [1 | left | 1](candidate_pairs: 27/27 | new_swaps: 2 | total: 19) -> {'max_bond': 32, 'max_links': 4, 'total_elems': 37692, 'total_shapes': 1394, 'total_links': 222, 'num_tensors': 56}
2026-08-26 07:34:40,010 [INFO]     [1 | right | 0](candidate_pairs: 28/28 | new_swaps: 1 | total: 20) -> {'max_bond': 32, 'max_links': 4, 'total_elems': 34620, 'total_shapes': 1362, 'total_links': 222, 'num_tensors': 56}
2026-08-26 07:34:40,071 [INFO]     [1 | right | 1](candidate_pairs: 27/27 | new_swaps: 1 | total: 21) -> {'max_bond': 32, 'max_links': 4, 'total_elems': 34236, 'total_shapes': 1354, 'total_links': 222, 'num_tensors': 56}
2026-08-26 07:34:40,210 [INFO]     [2 | both | 0](candidate_pairs: 28/28 | new_swaps: 6 | total: 6) -> {'max_bond': 32, 'max_links': 4, 'total_elems': 31808, 'total_shapes': 1292, 'total_links': 222, 'num_tensors': 56}
2026-08-26 07:34:40,321 [INFO]     [2 | both | 1](candidate_pairs: 27/27 | new_swaps: 3 | total: 9) -> {'max_bond': 32, 'max_links': 4, 'total_elems': 30836, 'total_shapes': 1266, 'total_links': 222, 'num_tensors': 56}
2026-08-26 07:34:40,382 [INFO]     [2 | left | 0](candidate_pairs: 28/28 | new_swaps: 2 | total: 11) -> {'max_bond': 32, 'max_links': 4, 'total_elems': 30584, 'total_shapes': 1252, 'total_links': 222, 'num_tensors': 56}
2026-08-26 07:34:40,437 [INFO]     [2 | left | 1](candidate_pairs: 27/27 | new_swaps: 1 | total: 12) -> {'max_bond': 32, 'max_links': 4, 'total_elems': 30392, 'total_shapes': 1244, 'total_links': 222, 'num_tensors': 56}
2026-08-26 07:34:40,472 [INFO]     [2 | right | 0](candidate_pairs: 28/28 | new_swaps: 0 | total: 12) -> {'max_bond': 32, 'max_links': 4, 'total_elems': 30392, 'total_shapes': 1244, 'total_links': 222, 'num_tensors': 56}
2026-08-26 07:34:40,520 [INFO]     [2 | right | 1](candidate_pairs: 27/27 | new_swaps: 1 | total: 13) -> {'max_bond': 32, 'max_links': 4, 'total_elems': 30072, 'total_shapes': 1236, 'total_links': 222, 'num_tensors': 56}
2026-08-26 07:34:40,604 [INFO]     [3 | both | 0](candidate_pairs: 28/28 | new_swaps: 0 | total: 0) -> {'max_bond': 32, 'max_links': 4, 'total_elems': 30072, 'total_shapes': 1236, 'total_links': 222, 'num_tensors': 56}
2026-08-26 07:34:40,708 [INFO]     [3 | both | 1](candidate_pairs: 27/27 | new_swaps: 1 | total: 1) -> {'max_bond': 32, 'max_links': 4, 'total_elems': 30012, 'total_shapes': 1230, 'total_links': 222, 'num_tensors': 56}
2026-08-26 07:34:40,760 [INFO]     [3 | left | 0](candidate_pairs: 28/28 | new_swaps: 1 | total: 2) -> {'max_bond': 32, 'max_links': 4, 'total_elems': 29952, 'total_shapes': 1224, 'total_links': 222, 'num_tensors': 56}
2026-08-26 07:34:40,792 [INFO]     [3 | left | 1](candidate_pairs: 27/27 | new_swaps: 0 | total: 2) -> {'max_bond': 32, 'max_links': 4, 'total_elems': 29952, 'total_shapes': 1224, 'total_links': 222, 'num_tensors': 56}
2026-08-26 07:34:40,827 [INFO]     [3 | right | 0](candidate_pairs: 28/28 | new_swaps: 0 | total: 2) -> {'max_bond': 32, 'max_links': 4, 'total_elems': 29952, 'total_shapes': 1224, 'total_links': 222, 'num_tensors': 56}
2026-08-26 07:34:40,859 [INFO]     [3 | right | 1](candidate_pairs: 27/27 | new_swaps: 0 | total: 2) -> {'max_bond': 32, 'max_links': 4, 'total_elems': 29952, 'total_shapes': 1224, 'total_links': 222, 'num_tensors': 56}
2026-08-26 07:34:40,943 [INFO]     [4 | both | 0](candidate_pairs: 28/28 | new_swaps: 0 | total: 0) -> {'max_bond': 32, 'max_links': 4, 'total_elems': 29952, 'total_shapes': 1224, 'total_links': 222, 'num_tensors': 56}
2026-08-26 07:34:41,045 [INFO]     [4 | both | 1](candidate_pairs: 27/27 | new_swaps: 1 | total: 1) -> {'max_bond': 32, 'max_links': 4, 'total_elems': 29892, 'total_shapes': 1218, 'total_links': 222, 'num_tensors': 56}
2026-08-26 07:34:41,098 [INFO]     [4 | left | 0](candidate_pairs: 28/28 | new_swaps: 1 | total: 2) -> {'max_bond': 32, 'max_links': 4, 'total_elems': 29820, 'total_shapes': 1214, 'total_links': 222, 'num_tensors': 56}
2026-08-26 07:34:41,148 [INFO]     [4 | left | 1](candidate_pairs: 27/27 | new_swaps: 1 | total: 3) -> {'max_bond': 32, 'max_links': 4, 'total_elems': 29660, 'total_shapes': 1206, 'total_links': 222, 'num_tensors': 56}
2026-08-26 07:34:41,184 [INFO]     [4 | right | 0](candidate_pairs: 28/28 | new_swaps: 0 | total: 3) -> {'max_bond': 32, 'max_links': 4, 'total_elems': 29660, 'total_shapes': 1206, 'total_links': 222, 'num_tensors': 56}
2026-08-26 07:34:41,233 [INFO]     [4 | right | 1](candidate_pairs: 27/27 | new_swaps: 1 | total: 4) -> {'max_bond': 32, 'max_links': 4, 'total_elems': 29580, 'total_shapes': 1202, 'total_links': 222, 'num_tensors': 56}
2026-08-26 07:34:41,350 [INFO]     [5 | both | 0](candidate_pairs: 28/28 | new_swaps: 1 | total: 1) -> {'max_bond': 32, 'max_links': 4, 'total_elems': 29484, 'total_shapes': 1194, 'total_links': 222, 'num_tensors': 56}
2026-08-26 07:34:41,418 [INFO]     [5 | both | 1](candidate_pairs: 27/27 | new_swaps: 0 | total: 1) -> {'max_bond': 32, 'max_links': 4, 'total_elems': 29484, 'total_shapes': 1194, 'total_links': 222, 'num_tensors': 56}
2026-08-26 07:34:41,472 [INFO]     [5 | left | 0](candidate_pairs: 28/28 | new_swaps: 1 | total: 2) -> {'max_bond': 32, 'max_links': 4, 'total_elems': 29436, 'total_shapes': 1190, 'total_links': 222, 'num_tensors': 56}
2026-08-26 07:34:41,505 [INFO]     [5 | left | 1](candidate_pairs: 27/27 | new_swaps: 0 | total: 2) -> {'max_bond': 32, 'max_links': 4, 'total_elems': 29436, 'total_shapes': 1190, 'total_links': 222, 'num_tensors': 56}
2026-08-26 07:34:41,540 [INFO]     [5 | right | 0](candidate_pairs: 28/28 | new_swaps: 0 | total: 2) -> {'max_bond': 32, 'max_links': 4, 'total_elems': 29436, 'total_shapes': 1190, 'total_links': 222, 'num_tensors': 56}
2026-08-26 07:34:41,573 [INFO]     [5 | right | 1](candidate_pairs: 27/27 | new_swaps: 0 | total: 2) -> {'max_bond': 32, 'max_links': 4, 'total_elems': 29436, 'total_shapes': 1190, 'total_links': 222, 'num_tensors': 56}
2026-08-26 07:34:41,657 [INFO]     [6 | both | 0](candidate_pairs: 28/28 | new_swaps: 0 | total: 0) -> {'max_bond': 32, 'max_links': 4, 'total_elems': 29436, 'total_shapes': 1190, 'total_links': 222, 'num_tensors': 56}
2026-08-26 07:34:41,726 [INFO]     [6 | both | 1](candidate_pairs: 27/27 | new_swaps: 0 | total: 0) -> {'max_bond': 32, 'max_links': 4, 'total_elems': 29436, 'total_shapes': 1190, 'total_links': 222, 'num_tensors': 56}
2026-08-26 07:34:41,763 [INFO]     [6 | left | 0](candidate_pairs: 28/28 | new_swaps: 0 | total: 0) -> {'max_bond': 32, 'max_links': 4, 'total_elems': 29436, 'total_shapes': 1190, 'total_links': 222, 'num_tensors': 56}
2026-08-26 07:34:41,796 [INFO]     [6 | left | 1](candidate_pairs: 27/27 | new_swaps: 0 | total: 0) -> {'max_bond': 32, 'max_links': 4, 'total_elems': 29436, 'total_shapes': 1190, 'total_links': 222, 'num_tensors': 56}
2026-08-26 07:34:41,830 [INFO]     [6 | right | 0](candidate_pairs: 28/28 | new_swaps: 0 | total: 0) -> {'max_bond': 32, 'max_links': 4, 'total_elems': 29436, 'total_shapes': 1190, 'total_links': 222, 'num_tensors': 56}
2026-08-26 07:34:41,862 [INFO]     [6 | right | 1](candidate_pairs: 27/27 | new_swaps: 0 | total: 0) -> {'max_bond': 32, 'max_links': 4, 'total_elems': 29436, 'total_shapes': 1190, 'total_links': 222, 'num_tensors': 56}
2026-08-26 07:34:41,863 [INFO]     [end unswap] -> {'max_bond': 32, 'max_links': 4, 'total_elems': 29436, 'total_shapes': 1190, 'total_links': 222, 'num_tensors': 56}
2026-08-26 07:34:41,893 [INFO] [start rewire](phase=post_unswap, cycle=15, side=left, layers=1364, trials=20, seed=123, parallel=False, route_candidates=2, route_score=lookahead_total)
2026-08-26 07:34:45,547 [INFO] [end rewire](phase=post_unswap, cycle=15, side=left, routed_layers=1349, elapsed_s=3.65)
2026-08-26 07:34:45,548 [INFO] [start rewire](phase=post_unswap, cycle=15, side=right, layers=1496, trials=20, seed=123, parallel=False, route_candidates=2, route_score=lookahead_total)
2026-08-26 07:34:51,039 [INFO] [end rewire](phase=post_unswap, cycle=15, side=right, routed_layers=1445, elapsed_s=5.49)
2026-08-26 07:34:51,133 [INFO] [1L/1347](swap: 11, u: 1 | c_u: 1 | t_u_l: 68/942 | t_u_r: 61/943 | t_u: 129/1885) -> {'max_bond': 32, 'max_links': 4, 'total_elems': 29532, 'total_shapes': 1198, 'total_links': 222, 'num_tensors': 56}
2026-08-26 07:34:51,207 [INFO] [1R/1443](swap: 10, u: 1 | c_u: 2 | t_u_l: 68/942 | t_u_r: 62/943 | t_u: 130/1885) -> {'max_bond': 64, 'max_links': 4, 'total_elems': 42436, 'total_shapes': 1424, 'total_links': 222, 'num_tensors': 56}
2026-08-26 07:34:51,304 [INFO] [2L/1347](swap: 9, u: 1 | c_u: 3 | t_u_l: 69/942 | t_u_r: 62/943 | t_u: 131/1885) -> {'max_bond': 64, 'max_links': 4, 'total_elems': 72524, 'total_shapes': 1706, 'total_links': 222, 'num_tensors': 56}
2026-08-26 07:34:51,397 [INFO] [3L/1347](swap: 9, u: 0 | c_u: 3 | t_u_l: 69/942 | t_u_r: 62/943 | t_u: 131/1885) -> {'max_bond': 64, 'max_links': 4, 'total_elems': 84344, 'total_shapes': 1902, 'total_links': 222, 'num_tensors': 56}
2026-08-26 07:34:51,498 [INFO] [4L/1347](swap: 10, u: 0 | c_u: 3 | t_u_l: 69/942 | t_u_r: 62/943 | t_u: 131/1885) -> {'max_bond': 64, 'max_links': 4, 'total_elems': 95272, 'total_shapes': 1994, 'total_links': 222, 'num_tensors': 56}
2026-08-26 07:34:51,658 [INFO] [5L/1347](swap: 10, u: 0 | c_u: 3 | t_u_l: 69/942 | t_u_r: 62/943 | t_u: 131/1885) -> {'max_bond': 64, 'max_links': 4, 'total_elems': 108276, 'total_shapes': 2204, 'total_links': 222, 'num_tensors': 56}
2026-08-26 07:34:51,808 [INFO] [6L/1347](swap: 7, u: 1 | c_u: 4 | t_u_l: 70/942 | t_u_r: 62/943 | t_u: 132/1885) -> {'max_bond': 64, 'max_links': 4, 'total_elems': 136916, 'total_shapes': 2390, 'total_links': 222, 'num_tensors': 56}
2026-08-26 07:34:51,992 [INFO] [7L/1347](swap: 8, u: 0 | c_u: 4 | t_u_l: 70/942 | t_u_r: 62/943 | t_u: 132/1885) -> {'max_bond': 128, 'max_links': 4, 'total_elems': 188116, 'total_shapes': 2614, 'total_links': 222, 'num_tensors': 56}
2026-08-26 07:34:52,361 [INFO] [2R/1443](swap: 9, u: 0 | c_u: 4 | t_u_l: 70/942 | t_u_r: 62/943 | t_u: 132/1885) -> {'max_bond': 128, 'max_links': 4, 'total_elems': 260764, 'total_shapes': 2996, 'total_links': 222, 'num_tensors': 56}
2026-08-26 07:34:52,774 [INFO] [8L/1347](swap: 9, u: 1 | c_u: 5 | t_u_l: 71/942 | t_u_r: 62/943 | t_u: 133/1885) -> {'max_bond': 128, 'max_links': 4, 'total_elems': 289372, 'total_shapes': 3276, 'total_links': 222, 'num_tensors': 56}
2026-08-26 07:34:53,139 [INFO] [3R/1443](swap: 8, u: 0 | c_u: 5 | t_u_l: 71/942 | t_u_r: 62/943 | t_u: 133/1885) -> {'max_bond': 128, 'max_links': 4, 'total_elems': 343324, 'total_shapes': 3544, 'total_links': 222, 'num_tensors': 56}
2026-08-26 07:34:53,521 [INFO] [9L/1347](swap: 11, u: 0 | c_u: 5 | t_u_l: 71/942 | t_u_r: 62/943 | t_u: 133/1885) -> {'max_bond': 128, 'max_links': 4, 'total_elems': 485500, 'total_shapes': 4190, 'total_links': 222, 'num_tensors': 56}
2026-08-26 07:34:54,328 [INFO]     [start unswap] -> {'max_bond': 128, 'max_links': 4, 'total_elems': 485500, 'total_shapes': 4190, 'total_links': 222, 'num_tensors': 56}
2026-08-26 07:35:01,027 [INFO]     [0 | both | 0](candidate_pairs: 28/28 | new_swaps: 5 | total: 5) -> {'max_bond': 256, 'max_links': 4, 'total_elems': 725792, 'total_shapes': 4820, 'total_links': 222, 'num_tensors': 56}
2026-08-26 07:35:04,142 [INFO]     [0 | both | 1](candidate_pairs: 27/27 | new_swaps: 7 | total: 12) -> {'max_bond': 128, 'max_links': 4, 'total_elems': 463968, 'total_shapes': 3872, 'total_links': 222, 'num_tensors': 56}
2026-08-26 07:35:05,129 [INFO]     [0 | left | 0](candidate_pairs: 28/28 | new_swaps: 8 | total: 20) -> {'max_bond': 128, 'max_links': 4, 'total_elems': 424512, 'total_shapes': 3524, 'total_links': 222, 'num_tensors': 56}
2026-08-26 07:35:06,399 [INFO]     [0 | left | 1](candidate_pairs: 27/27 | new_swaps: 10 | total: 30) -> {'max_bond': 128, 'max_links': 4, 'total_elems': 329732, 'total_shapes': 3126, 'total_links': 222, 'num_tensors': 56}
2026-08-26 07:35:06,959 [INFO]     [0 | right | 0](candidate_pairs: 28/28 | new_swaps: 6 | total: 36) -> {'max_bond': 128, 'max_links': 4, 'total_elems': 272900, 'total_shapes': 2750, 'total_links': 222, 'num_tensors': 56}
2026-08-26 07:35:07,630 [INFO]     [0 | right | 1](candidate_pairs: 27/27 | new_swaps: 7 | total: 43) -> {'max_bond': 128, 'max_links': 4, 'total_elems': 250788, 'total_shapes': 2536, 'total_links': 222, 'num_tensors': 56}
2026-08-26 07:35:08,532 [INFO]     [1 | both | 0](candidate_pairs: 28/28 | new_swaps: 5 | total: 5) -> {'max_bond': 128, 'max_links': 4, 'total_elems': 190396, 'total_shapes': 2252, 'total_links': 222, 'num_tensors': 56}
2026-08-26 07:35:09,143 [INFO]     [1 | both | 1](candidate_pairs: 27/27 | new_swaps: 8 | total: 13) -> {'max_bond': 128, 'max_links': 4, 'total_elems': 105844, 'total_shapes': 1860, 'total_links': 222, 'num_tensors': 56}
2026-08-26 07:35:09,297 [INFO]     [1 | left | 0](candidate_pairs: 28/28 | new_swaps: 5 | total: 18) -> {'max_bond': 64, 'max_links': 4, 'total_elems': 74612, 'total_shapes': 1604, 'total_links': 222, 'num_tensors': 56}
2026-08-26 07:35:09,486 [INFO]     [1 | left | 1](candidate_pairs: 27/27 | new_swaps: 4 | total: 22) -> {'max_bond': 64, 'max_links': 4, 'total_elems': 42932, 'total_shapes': 1452, 'total_links': 222, 'num_tensors': 56}
2026-08-26 07:35:09,551 [INFO]     [1 | right | 0](candidate_pairs: 28/28 | new_swaps: 5 | total: 27) -> {'max_bond': 32, 'max_links': 4, 'total_elems': 30924, 'total_shapes': 1280, 'total_links': 222, 'num_tensors': 56}
2026-08-26 07:35:09,616 [INFO]     [1 | right | 1](candidate_pairs: 27/27 | new_swaps: 4 | total: 31) -> {'max_bond': 32, 'max_links': 4, 'total_elems': 27636, 'total_shapes': 1214, 'total_links': 222, 'num_tensors': 56}
2026-08-26 07:35:09,725 [INFO]     [2 | both | 0](candidate_pairs: 28/28 | new_swaps: 6 | total: 6) -> {'max_bond': 32, 'max_links': 4, 'total_elems': 20116, 'total_shapes': 1082, 'total_links': 222, 'num_tensors': 56}
2026-08-26 07:35:09,816 [INFO]     [2 | both | 1](candidate_pairs: 27/27 | new_swaps: 4 | total: 10) -> {'max_bond': 32, 'max_links': 4, 'total_elems': 18676, 'total_shapes': 1026, 'total_links': 222, 'num_tensors': 56}
2026-08-26 07:35:09,868 [INFO]     [2 | left | 0](candidate_pairs: 28/28 | new_swaps: 2 | total: 12) -> {'max_bond': 32, 'max_links': 4, 'total_elems': 18420, 'total_shapes': 1010, 'total_links': 222, 'num_tensors': 56}
2026-08-26 07:35:09,910 [INFO]     [2 | left | 1](candidate_pairs: 27/27 | new_swaps: 1 | total: 13) -> {'max_bond': 32, 'max_links': 4, 'total_elems': 18340, 'total_shapes': 1006, 'total_links': 222, 'num_tensors': 56}
2026-08-26 07:35:09,951 [INFO]     [2 | right | 0](candidate_pairs: 28/28 | new_swaps: 2 | total: 15) -> {'max_bond': 32, 'max_links': 4, 'total_elems': 18188, 'total_shapes': 996, 'total_links': 222, 'num_tensors': 56}
2026-08-26 07:35:09,993 [INFO]     [2 | right | 1](candidate_pairs: 27/27 | new_swaps: 1 | total: 16) -> {'max_bond': 32, 'max_links': 4, 'total_elems': 17988, 'total_shapes': 986, 'total_links': 222, 'num_tensors': 56}
2026-08-26 07:35:10,089 [INFO]     [3 | both | 0](candidate_pairs: 28/28 | new_swaps: 2 | total: 2) -> {'max_bond': 32, 'max_links': 4, 'total_elems': 17896, 'total_shapes': 976, 'total_links': 222, 'num_tensors': 56}
2026-08-26 07:35:10,831 [INFO]     [3 | both | 1](candidate_pairs: 27/27 | new_swaps: 2 | total: 4) -> {'max_bond': 32, 'max_links': 4, 'total_elems': 17812, 'total_shapes': 970, 'total_links': 222, 'num_tensors': 56}
2026-08-26 07:35:10,871 [INFO]     [3 | left | 0](candidate_pairs: 28/28 | new_swaps: 1 | total: 5) -> {'max_bond': 32, 'max_links': 4, 'total_elems': 17772, 'total_shapes': 966, 'total_links': 222, 'num_tensors': 56}
2026-08-26 07:35:10,896 [INFO]     [3 | left | 1](candidate_pairs: 27/27 | new_swaps: 0 | total: 5) -> {'max_bond': 32, 'max_links': 4, 'total_elems': 17772, 'total_shapes': 966, 'total_links': 222, 'num_tensors': 56}
2026-08-26 07:35:10,945 [INFO]     [3 | right | 0](candidate_pairs: 28/28 | new_swaps: 1 | total: 6) -> {'max_bond': 32, 'max_links': 4, 'total_elems': 17484, 'total_shapes': 958, 'total_links': 222, 'num_tensors': 56}
2026-08-26 07:35:10,970 [INFO]     [3 | right | 1](candidate_pairs: 27/27 | new_swaps: 0 | total: 6) -> {'max_bond': 32, 'max_links': 4, 'total_elems': 17484, 'total_shapes': 958, 'total_links': 222, 'num_tensors': 56}
2026-08-26 07:35:11,063 [INFO]     [4 | both | 0](candidate_pairs: 28/28 | new_swaps: 1 | total: 1) -> {'max_bond': 32, 'max_links': 4, 'total_elems': 17472, 'total_shapes': 956, 'total_links': 222, 'num_tensors': 56}
2026-08-26 07:35:11,148 [INFO]     [4 | both | 1](candidate_pairs: 27/27 | new_swaps: 1 | total: 2) -> {'max_bond': 32, 'max_links': 4, 'total_elems': 16320, 'total_shapes': 940, 'total_links': 222, 'num_tensors': 56}
2026-08-26 07:35:11,191 [INFO]     [4 | left | 0](candidate_pairs: 28/28 | new_swaps: 1 | total: 3) -> {'max_bond': 16, 'max_links': 4, 'total_elems': 14784, 'total_shapes': 908, 'total_links': 222, 'num_tensors': 56}
2026-08-26 07:35:11,231 [INFO]     [4 | left | 1](candidate_pairs: 27/27 | new_swaps: 1 | total: 4) -> {'max_bond': 16, 'max_links': 4, 'total_elems': 13248, 'total_shapes': 884, 'total_links': 222, 'num_tensors': 56}
2026-08-26 07:35:11,269 [INFO]     [4 | right | 0](candidate_pairs: 28/28 | new_swaps: 1 | total: 5) -> {'max_bond': 16, 'max_links': 4, 'total_elems': 12672, 'total_shapes': 860, 'total_links': 222, 'num_tensors': 56}
2026-08-26 07:35:11,291 [INFO]     [4 | right | 1](candidate_pairs: 27/27 | new_swaps: 0 | total: 5) -> {'max_bond': 16, 'max_links': 4, 'total_elems': 12672, 'total_shapes': 860, 'total_links': 222, 'num_tensors': 56}
2026-08-26 07:35:11,340 [INFO]     [5 | both | 0](candidate_pairs: 28/28 | new_swaps: 0 | total: 0) -> {'max_bond': 16, 'max_links': 4, 'total_elems': 12672, 'total_shapes': 860, 'total_links': 222, 'num_tensors': 56}
2026-08-26 07:35:11,385 [INFO]     [5 | both | 1](candidate_pairs: 27/27 | new_swaps: 0 | total: 0) -> {'max_bond': 16, 'max_links': 4, 'total_elems': 12672, 'total_shapes': 860, 'total_links': 222, 'num_tensors': 56}
2026-08-26 07:35:11,409 [INFO]     [5 | left | 0](candidate_pairs: 28/28 | new_swaps: 0 | total: 0) -> {'max_bond': 16, 'max_links': 4, 'total_elems': 12672, 'total_shapes': 860, 'total_links': 222, 'num_tensors': 56}
2026-08-26 07:35:11,431 [INFO]     [5 | left | 1](candidate_pairs: 27/27 | new_swaps: 0 | total: 0) -> {'max_bond': 16, 'max_links': 4, 'total_elems': 12672, 'total_shapes': 860, 'total_links': 222, 'num_tensors': 56}
2026-08-26 07:35:11,454 [INFO]     [5 | right | 0](candidate_pairs: 28/28 | new_swaps: 0 | total: 0) -> {'max_bond': 16, 'max_links': 4, 'total_elems': 12672, 'total_shapes': 860, 'total_links': 222, 'num_tensors': 56}
2026-08-26 07:35:11,477 [INFO]     [5 | right | 1](candidate_pairs: 27/27 | new_swaps: 0 | total: 0) -> {'max_bond': 16, 'max_links': 4, 'total_elems': 12672, 'total_shapes': 860, 'total_links': 222, 'num_tensors': 56}
2026-08-26 07:35:11,477 [INFO]     [end unswap] -> {'max_bond': 16, 'max_links': 4, 'total_elems': 12672, 'total_shapes': 860, 'total_links': 222, 'num_tensors': 56}
2026-08-26 07:35:11,479 [INFO] [start rewire](phase=post_unswap, cycle=16, side=left, layers=1340, trials=20, seed=123, parallel=False, route_candidates=2, route_score=lookahead_total)
2026-08-26 07:35:16,009 [INFO] [end rewire](phase=post_unswap, cycle=16, side=left, routed_layers=1306, elapsed_s=4.53)
2026-08-26 07:35:16,009 [INFO] [start rewire](phase=post_unswap, cycle=16, side=right, layers=1442, trials=20, seed=123, parallel=False, route_candidates=2, route_score=lookahead_total)
2026-08-26 07:35:19,813 [INFO] [end rewire](phase=post_unswap, cycle=16, side=right, routed_layers=1426, elapsed_s=3.80)
2026-08-26 07:35:19,927 [INFO] [1L/1304](swap: 9, u: 2 | c_u: 2 | t_u_l: 73/942 | t_u_r: 62/943 | t_u: 135/1885) -> {'max_bond': 16, 'max_links': 4, 'total_elems': 12664, 'total_shapes': 858, 'total_links': 222, 'num_tensors': 56}
2026-08-26 07:35:19,977 [INFO] [2L/1304](swap: 10, u: 1 | c_u: 3 | t_u_l: 74/942 | t_u_r: 62/943 | t_u: 136/1885) -> {'max_bond': 32, 'max_links': 4, 'total_elems': 17792, 'total_shapes': 1008, 'total_links': 222, 'num_tensors': 56}
2026-08-26 07:35:20,037 [INFO] [1R/1424](swap: 8, u: 0 | c_u: 3 | t_u_l: 74/942 | t_u_r: 62/943 | t_u: 136/1885) -> {'max_bond': 64, 'max_links': 4, 'total_elems': 27528, 'total_shapes': 1206, 'total_links': 222, 'num_tensors': 56}
2026-08-26 07:35:20,098 [INFO] [2R/1424](swap: 8, u: 0 | c_u: 3 | t_u_l: 74/942 | t_u_r: 62/943 | t_u: 136/1885) -> {'max_bond': 64, 'max_links': 4, 'total_elems': 48036, 'total_shapes': 1448, 'total_links': 222, 'num_tensors': 56}
2026-08-26 07:35:20,178 [INFO] [3L/1304](swap: 8, u: 0 | c_u: 3 | t_u_l: 74/942 | t_u_r: 62/943 | t_u: 136/1885) -> {'max_bond': 64, 'max_links': 4, 'total_elems': 79192, 'total_shapes': 1642, 'total_links': 222, 'num_tensors': 56}
2026-08-26 07:35:20,314 [INFO] [4L/1304](swap: 10, u: 0 | c_u: 3 | t_u_l: 74/942 | t_u_r: 62/943 | t_u: 136/1885) -> {'max_bond': 64, 'max_links': 4, 'total_elems': 90400, 'total_shapes': 1752, 'total_links': 222, 'num_tensors': 56}
2026-08-26 07:35:20,472 [INFO] [5L/1304](swap: 9, u: 0 | c_u: 3 | t_u_l: 74/942 | t_u_r: 62/943 | t_u: 136/1885) -> {'max_bond': 128, 'max_links': 4, 'total_elems': 159888, 'total_shapes': 2232, 'total_links': 222, 'num_tensors': 56}
2026-08-26 07:35:20,692 [INFO] [6L/1304](swap: 9, u: 1 | c_u: 4 | t_u_l: 75/942 | t_u_r: 62/943 | t_u: 137/1885) -> {'max_bond': 128, 'max_links': 4, 'total_elems': 264488, 'total_shapes': 2740, 'total_links': 222, 'num_tensors': 56}
2026-08-26 07:35:21,119 [INFO] [7L/1304](swap: 9, u: 0 | c_u: 4 | t_u_l: 75/942 | t_u_r: 62/943 | t_u: 137/1885) -> {'max_bond': 128, 'max_links': 4, 'total_elems': 420132, 'total_shapes': 3326, 'total_links': 222, 'num_tensors': 56}
2026-08-26 07:35:21,941 [INFO]     [start unswap] -> {'max_bond': 128, 'max_links': 4, 'total_elems': 420132, 'total_shapes': 3326, 'total_links': 222, 'num_tensors': 56}
2026-08-26 07:35:30,488 [INFO]     [0 | both | 0](candidate_pairs: 28/28 | new_swaps: 3 | total: 3) -> {'max_bond': 256, 'max_links': 4, 'total_elems': 934560, 'total_shapes': 4604, 'total_links': 222, 'num_tensors': 56}
2026-08-26 07:35:34,529 [INFO]     [0 | both | 1](candidate_pairs: 27/27 | new_swaps: 8 | total: 11) -> {'max_bond': 128, 'max_links': 4, 'total_elems': 437568, 'total_shapes': 3302, 'total_links': 222, 'num_tensors': 56}
2026-08-26 07:35:35,754 [INFO]     [0 | left | 0](candidate_pairs: 28/28 | new_swaps: 9 | total: 20) -> {'max_bond': 128, 'max_links': 4, 'total_elems': 245400, 'total_shapes': 2538, 'total_links': 222, 'num_tensors': 56}
2026-08-26 07:35:36,149 [INFO]     [0 | left | 1](candidate_pairs: 27/27 | new_swaps: 10 | total: 30) -> {'max_bond': 128, 'max_links': 4, 'total_elems': 124572, 'total_shapes': 1922, 'total_links': 222, 'num_tensors': 56}
2026-08-26 07:35:36,328 [INFO]     [0 | right | 0](candidate_pairs: 28/28 | new_swaps: 8 | total: 38) -> {'max_bond': 64, 'max_links': 4, 'total_elems': 72248, 'total_shapes': 1570, 'total_links': 222, 'num_tensors': 56}
2026-08-26 07:35:36,452 [INFO]     [0 | right | 1](candidate_pairs: 27/27 | new_swaps: 5 | total: 43) -> {'max_bond': 64, 'max_links': 4, 'total_elems': 56292, 'total_shapes': 1416, 'total_links': 222, 'num_tensors': 56}
2026-08-26 07:35:36,633 [INFO]     [1 | both | 0](candidate_pairs: 28/28 | new_swaps: 8 | total: 8) -> {'max_bond': 64, 'max_links': 4, 'total_elems': 28648, 'total_shapes': 1162, 'total_links': 222, 'num_tensors': 56}
2026-08-26 07:35:36,739 [INFO]     [1 | both | 1](candidate_pairs: 27/27 | new_swaps: 7 | total: 15) -> {'max_bond': 16, 'max_links': 4, 'total_elems': 15544, 'total_shapes': 934, 'total_links': 222, 'num_tensors': 56}
2026-08-26 07:35:36,786 [INFO]     [1 | left | 0](candidate_pairs: 28/28 | new_swaps: 3 | total: 18) -> {'max_bond': 16, 'max_links': 4, 'total_elems': 13240, 'total_shapes': 878, 'total_links': 222, 'num_tensors': 56}
2026-08-26 07:35:36,833 [INFO]     [1 | left | 1](candidate_pairs: 27/27 | new_swaps: 4 | total: 22) -> {'max_bond': 16, 'max_links': 4, 'total_elems': 12256, 'total_shapes': 842, 'total_links': 222, 'num_tensors': 56}
2026-08-26 07:35:36,869 [INFO]     [1 | right | 0](candidate_pairs: 28/28 | new_swaps: 1 | total: 23) -> {'max_bond': 16, 'max_links': 4, 'total_elems': 12196, 'total_shapes': 836, 'total_links': 222, 'num_tensors': 56}
2026-08-26 07:35:36,914 [INFO]     [1 | right | 1](candidate_pairs: 27/27 | new_swaps: 2 | total: 25) -> {'max_bond': 16, 'max_links': 4, 'total_elems': 11148, 'total_shapes': 816, 'total_links': 222, 'num_tensors': 56}
2026-08-26 07:35:36,995 [INFO]     [2 | both | 0](candidate_pairs: 28/28 | new_swaps: 4 | total: 4) -> {'max_bond': 16, 'max_links': 4, 'total_elems': 9616, 'total_shapes': 770, 'total_links': 222, 'num_tensors': 56}
2026-08-26 07:35:37,074 [INFO]     [2 | both | 1](candidate_pairs: 27/27 | new_swaps: 3 | total: 7) -> {'max_bond': 16, 'max_links': 4, 'total_elems': 8632, 'total_shapes': 742, 'total_links': 222, 'num_tensors': 56}
2026-08-26 07:35:37,108 [INFO]     [2 | left | 0](candidate_pairs: 28/28 | new_swaps: 1 | total: 8) -> {'max_bond': 16, 'max_links': 4, 'total_elems': 8376, 'total_shapes': 734, 'total_links': 222, 'num_tensors': 56}
2026-08-26 07:35:37,127 [INFO]     [2 | left | 1](candidate_pairs: 27/27 | new_swaps: 0 | total: 8) -> {'max_bond': 16, 'max_links': 4, 'total_elems': 8376, 'total_shapes': 734, 'total_links': 222, 'num_tensors': 56}
2026-08-26 07:35:37,161 [INFO]     [2 | right | 0](candidate_pairs: 28/28 | new_swaps: 1 | total: 9) -> {'max_bond': 16, 'max_links': 4, 'total_elems': 7736, 'total_shapes': 718, 'total_links': 222, 'num_tensors': 56}
2026-08-26 07:35:37,179 [INFO]     [2 | right | 1](candidate_pairs: 27/27 | new_swaps: 0 | total: 9) -> {'max_bond': 16, 'max_links': 4, 'total_elems': 7736, 'total_shapes': 718, 'total_links': 222, 'num_tensors': 56}
2026-08-26 07:35:37,217 [INFO]     [3 | both | 0](candidate_pairs: 28/28 | new_swaps: 0 | total: 0) -> {'max_bond': 16, 'max_links': 4, 'total_elems': 7736, 'total_shapes': 718, 'total_links': 222, 'num_tensors': 56}
2026-08-26 07:35:37,285 [INFO]     [3 | both | 1](candidate_pairs: 27/27 | new_swaps: 1 | total: 1) -> {'max_bond': 16, 'max_links': 4, 'total_elems': 7544, 'total_shapes': 710, 'total_links': 222, 'num_tensors': 56}
2026-08-26 07:35:37,303 [INFO]     [3 | left | 0](candidate_pairs: 28/28 | new_swaps: 0 | total: 1) -> {'max_bond': 16, 'max_links': 4, 'total_elems': 7544, 'total_shapes': 710, 'total_links': 222, 'num_tensors': 56}
2026-08-26 07:35:37,322 [INFO]     [3 | left | 1](candidate_pairs: 27/27 | new_swaps: 0 | total: 1) -> {'max_bond': 16, 'max_links': 4, 'total_elems': 7544, 'total_shapes': 710, 'total_links': 222, 'num_tensors': 56}
2026-08-26 07:35:37,341 [INFO]     [3 | right | 0](candidate_pairs: 28/28 | new_swaps: 0 | total: 1) -> {'max_bond': 16, 'max_links': 4, 'total_elems': 7544, 'total_shapes': 710, 'total_links': 222, 'num_tensors': 56}
2026-08-26 07:35:37,359 [INFO]     [3 | right | 1](candidate_pairs: 27/27 | new_swaps: 0 | total: 1) -> {'max_bond': 16, 'max_links': 4, 'total_elems': 7544, 'total_shapes': 710, 'total_links': 222, 'num_tensors': 56}
2026-08-26 07:35:37,396 [INFO]     [4 | both | 0](candidate_pairs: 28/28 | new_swaps: 0 | total: 0) -> {'max_bond': 16, 'max_links': 4, 'total_elems': 7544, 'total_shapes': 710, 'total_links': 222, 'num_tensors': 56}
2026-08-26 07:35:37,434 [INFO]     [4 | both | 1](candidate_pairs: 27/27 | new_swaps: 0 | total: 0) -> {'max_bond': 16, 'max_links': 4, 'total_elems': 7544, 'total_shapes': 710, 'total_links': 222, 'num_tensors': 56}
2026-08-26 07:35:37,453 [INFO]     [4 | left | 0](candidate_pairs: 28/28 | new_swaps: 0 | total: 0) -> {'max_bond': 16, 'max_links': 4, 'total_elems': 7544, 'total_shapes': 710, 'total_links': 222, 'num_tensors': 56}
2026-08-26 07:35:37,472 [INFO]     [4 | left | 1](candidate_pairs: 27/27 | new_swaps: 0 | total: 0) -> {'max_bond': 16, 'max_links': 4, 'total_elems': 7544, 'total_shapes': 710, 'total_links': 222, 'num_tensors': 56}
2026-08-26 07:35:37,491 [INFO]     [4 | right | 0](candidate_pairs: 28/28 | new_swaps: 0 | total: 0) -> {'max_bond': 16, 'max_links': 4, 'total_elems': 7544, 'total_shapes': 710, 'total_links': 222, 'num_tensors': 56}
2026-08-26 07:35:37,509 [INFO]     [4 | right | 1](candidate_pairs: 27/27 | new_swaps: 0 | total: 0) -> {'max_bond': 16, 'max_links': 4, 'total_elems': 7544, 'total_shapes': 710, 'total_links': 222, 'num_tensors': 56}
2026-08-26 07:35:37,510 [INFO]     [end unswap] -> {'max_bond': 16, 'max_links': 4, 'total_elems': 7544, 'total_shapes': 710, 'total_links': 222, 'num_tensors': 56}
2026-08-26 07:35:37,510 [INFO] [start rewire](phase=post_unswap, cycle=17, side=left, layers=1299, trials=20, seed=123, parallel=False, route_candidates=2, route_score=lookahead_total)
2026-08-26 07:35:40,272 [INFO] [end rewire](phase=post_unswap, cycle=17, side=left, routed_layers=1429, elapsed_s=2.76)
2026-08-26 07:35:40,272 [INFO] [start rewire](phase=post_unswap, cycle=17, side=right, layers=1424, trials=20, seed=123, parallel=False, route_candidates=2, route_score=lookahead_total)
2026-08-26 07:35:44,722 [INFO] [end rewire](phase=post_unswap, cycle=17, side=right, routed_layers=1648, elapsed_s=4.45)
2026-08-26 07:35:44,805 [INFO] [1L/1427](swap: 11, u: 1 | c_u: 1 | t_u_l: 76/942 | t_u_r: 62/943 | t_u: 138/1885) -> {'max_bond': 16, 'max_links': 4, 'total_elems': 7544, 'total_shapes': 710, 'total_links': 222, 'num_tensors': 56}
2026-08-26 07:35:44,855 [INFO] [2L/1427](swap: 14, u: 1 | c_u: 2 | t_u_l: 77/942 | t_u_r: 62/943 | t_u: 139/1885) -> {'max_bond': 16, 'max_links': 4, 'total_elems': 8956, 'total_shapes': 794, 'total_links': 222, 'num_tensors': 56}
2026-08-26 07:35:44,906 [INFO] [3L/1427](swap: 11, u: 1 | c_u: 3 | t_u_l: 78/942 | t_u_r: 62/943 | t_u: 140/1885) -> {'max_bond': 32, 'max_links': 4, 'total_elems': 14448, 'total_shapes': 978, 'total_links': 222, 'num_tensors': 56}
2026-08-26 07:35:44,959 [INFO] [1R/1646](swap: 11, u: 0 | c_u: 3 | t_u_l: 78/942 | t_u_r: 62/943 | t_u: 140/1885) -> {'max_bond': 32, 'max_links': 4, 'total_elems': 16628, 'total_shapes': 1020, 'total_links': 222, 'num_tensors': 56}
2026-08-26 07:35:45,018 [INFO] [2R/1646](swap: 8, u: 0 | c_u: 3 | t_u_l: 78/942 | t_u_r: 62/943 | t_u: 140/1885) -> {'max_bond': 64, 'max_links': 4, 'total_elems': 26956, 'total_shapes': 1176, 'total_links': 222, 'num_tensors': 56}
2026-08-26 07:35:45,085 [INFO] [4L/1427](swap: 11, u: 1 | c_u: 4 | t_u_l: 79/942 | t_u_r: 62/943 | t_u: 141/1885) -> {'max_bond': 64, 'max_links': 4, 'total_elems': 35372, 'total_shapes': 1360, 'total_links': 222, 'num_tensors': 56}
2026-08-26 07:35:45,150 [INFO] [5L/1427](swap: 12, u: 1 | c_u: 5 | t_u_l: 80/942 | t_u_r: 62/943 | t_u: 142/1885) -> {'max_bond': 64, 'max_links': 4, 'total_elems': 46476, 'total_shapes': 1564, 'total_links': 222, 'num_tensors': 56}
2026-08-26 07:35:45,235 [INFO] [6L/1427](swap: 10, u: 3 | c_u: 8 | t_u_l: 83/942 | t_u_r: 62/943 | t_u: 145/1885) -> {'max_bond': 64, 'max_links': 4, 'total_elems': 67948, 'total_shapes': 1802, 'total_links': 222, 'num_tensors': 56}
2026-08-26 07:35:45,309 [INFO] [7L/1427](swap: 9, u: 2 | c_u: 10 | t_u_l: 85/942 | t_u_r: 62/943 | t_u: 147/1885) -> {'max_bond': 64, 'max_links': 4, 'total_elems': 73544, 'total_shapes': 1870, 'total_links': 222, 'num_tensors': 56}
2026-08-26 07:35:45,389 [INFO] [8L/1427](swap: 13, u: 0 | c_u: 10 | t_u_l: 85/942 | t_u_r: 62/943 | t_u: 147/1885) -> {'max_bond': 64, 'max_links': 4, 'total_elems': 65448, 'total_shapes': 1856, 'total_links': 222, 'num_tensors': 56}
2026-08-26 07:35:45,464 [INFO] [3R/1646](swap: 8, u: 0 | c_u: 10 | t_u_l: 85/942 | t_u_r: 62/943 | t_u: 147/1885) -> {'max_bond': 64, 'max_links': 4, 'total_elems': 78920, 'total_shapes': 2064, 'total_links': 222, 'num_tensors': 56}
2026-08-26 07:35:45,564 [INFO] [9L/1427](swap: 9, u: 3 | c_u: 13 | t_u_l: 88/942 | t_u_r: 62/943 | t_u: 150/1885) -> {'max_bond': 64, 'max_links': 4, 'total_elems': 102560, 'total_shapes': 2208, 'total_links': 222, 'num_tensors': 56}
2026-08-26 07:35:45,698 [INFO] [4R/1646](swap: 9, u: 0 | c_u: 13 | t_u_l: 88/942 | t_u_r: 62/943 | t_u: 150/1885) -> {'max_bond': 128, 'max_links': 4, 'total_elems': 153144, 'total_shapes': 2610, 'total_links': 222, 'num_tensors': 56}
2026-08-26 07:35:45,920 [INFO] [5R/1646](swap: 9, u: 0 | c_u: 13 | t_u_l: 88/942 | t_u_r: 62/943 | t_u: 150/1885) -> {'max_bond': 128, 'max_links': 4, 'total_elems': 226104, 'total_shapes': 2954, 'total_links': 222, 'num_tensors': 56}
2026-08-26 07:35:46,284 [INFO] [10L/1427](swap: 10, u: 1 | c_u: 14 | t_u_l: 89/942 | t_u_r: 62/943 | t_u: 151/1885) -> {'max_bond': 128, 'max_links': 4, 'total_elems': 287224, 'total_shapes': 3066, 'total_links': 222, 'num_tensors': 56}
2026-08-26 07:35:46,806 [INFO] [11L/1427](swap: 8, u: 3 | c_u: 17 | t_u_l: 92/942 | t_u_r: 62/943 | t_u: 154/1885) -> {'max_bond': 128, 'max_links': 4, 'total_elems': 341640, 'total_shapes': 3246, 'total_links': 222, 'num_tensors': 56}
2026-08-26 07:35:47,299 [INFO] [12L/1427](swap: 11, u: 1 | c_u: 18 | t_u_l: 93/942 | t_u_r: 62/943 | t_u: 155/1885) -> {'max_bond': 128, 'max_links': 4, 'total_elems': 344280, 'total_shapes': 3290, 'total_links': 222, 'num_tensors': 56}
2026-08-26 07:35:47,867 [INFO] [13L/1427](swap: 12, u: 1 | c_u: 19 | t_u_l: 94/942 | t_u_r: 62/943 | t_u: 156/1885) -> {'max_bond': 128, 'max_links': 4, 'total_elems': 359128, 'total_shapes': 3438, 'total_links': 222, 'num_tensors': 56}
2026-08-26 07:35:48,570 [INFO]     [start unswap] -> {'max_bond': 128, 'max_links': 4, 'total_elems': 359128, 'total_shapes': 3438, 'total_links': 222, 'num_tensors': 56}
2026-08-26 07:35:54,609 [INFO]     [0 | both | 0](candidate_pairs: 28/28 | new_swaps: 7 | total: 7) -> {'max_bond': 256, 'max_links': 4, 'total_elems': 506672, 'total_shapes': 4050, 'total_links': 222, 'num_tensors': 56}
2026-08-26 07:35:56,461 [INFO]     [0 | both | 1](candidate_pairs: 27/27 | new_swaps: 10 | total: 17) -> {'max_bond': 128, 'max_links': 4, 'total_elems': 250992, 'total_shapes': 2988, 'total_links': 222, 'num_tensors': 56}
2026-08-26 07:35:56,871 [INFO]     [0 | left | 0](candidate_pairs: 28/28 | new_swaps: 14 | total: 31) -> {'max_bond': 128, 'max_links': 4, 'total_elems': 159128, 'total_shapes': 2302, 'total_links': 222, 'num_tensors': 56}
2026-08-26 07:35:57,168 [INFO]     [0 | left | 1](candidate_pairs: 27/27 | new_swaps: 12 | total: 43) -> {'max_bond': 64, 'max_links': 4, 'total_elems': 112656, 'total_shapes': 1944, 'total_links': 222, 'num_tensors': 56}
2026-08-26 07:35:57,364 [INFO]     [0 | right | 0](candidate_pairs: 28/28 | new_swaps: 7 | total: 50) -> {'max_bond': 64, 'max_links': 4, 'total_elems': 95760, 'total_shapes': 1744, 'total_links': 222, 'num_tensors': 56}
2026-08-26 07:35:57,522 [INFO]     [0 | right | 1](candidate_pairs: 27/27 | new_swaps: 4 | total: 54) -> {'max_bond': 64, 'max_links': 4, 'total_elems': 92372, 'total_shapes': 1690, 'total_links': 222, 'num_tensors': 56}
2026-08-26 07:35:57,871 [INFO]     [1 | both | 0](candidate_pairs: 28/28 | new_swaps: 7 | total: 7) -> {'max_bond': 64, 'max_links': 4, 'total_elems': 70456, 'total_shapes': 1500, 'total_links': 222, 'num_tensors': 56}
2026-08-26 07:35:58,087 [INFO]     [1 | both | 1](candidate_pairs: 27/27 | new_swaps: 5 | total: 12) -> {'max_bond': 64, 'max_links': 4, 'total_elems': 63804, 'total_shapes': 1362, 'total_links': 222, 'num_tensors': 56}
2026-08-26 07:35:58,210 [INFO]     [1 | left | 0](candidate_pairs: 28/28 | new_swaps: 7 | total: 19) -> {'max_bond': 64, 'max_links': 4, 'total_elems': 62392, 'total_shapes': 1302, 'total_links': 222, 'num_tensors': 56}
2026-08-26 07:35:58,317 [INFO]     [1 | left | 1](candidate_pairs: 27/27 | new_swaps: 3 | total: 22) -> {'max_bond': 64, 'max_links': 4, 'total_elems': 60904, 'total_shapes': 1272, 'total_links': 222, 'num_tensors': 56}
2026-08-26 07:35:58,442 [INFO]     [1 | right | 0](candidate_pairs: 28/28 | new_swaps: 1 | total: 23) -> {'max_bond': 64, 'max_links': 4, 'total_elems': 56296, 'total_shapes': 1240, 'total_links': 222, 'num_tensors': 56}
2026-08-26 07:35:58,547 [INFO]     [1 | right | 1](candidate_pairs: 27/27 | new_swaps: 2 | total: 25) -> {'max_bond': 64, 'max_links': 4, 'total_elems': 43960, 'total_shapes': 1172, 'total_links': 222, 'num_tensors': 56}
2026-08-26 07:35:58,714 [INFO]     [2 | both | 0](candidate_pairs: 28/28 | new_swaps: 5 | total: 5) -> {'max_bond': 64, 'max_links': 4, 'total_elems': 27496, 'total_shapes': 1038, 'total_links': 222, 'num_tensors': 56}
2026-08-26 07:35:58,819 [INFO]     [2 | both | 1](candidate_pairs: 27/27 | new_swaps: 7 | total: 12) -> {'max_bond': 32, 'max_links': 4, 'total_elems': 17012, 'total_shapes': 900, 'total_links': 222, 'num_tensors': 56}
2026-08-26 07:35:58,867 [INFO]     [2 | left | 0](candidate_pairs: 28/28 | new_swaps: 3 | total: 15) -> {'max_bond': 32, 'max_links': 4, 'total_elems': 13036, 'total_shapes': 844, 'total_links': 222, 'num_tensors': 56}
2026-08-26 07:35:58,906 [INFO]     [2 | left | 1](candidate_pairs: 27/27 | new_swaps: 1 | total: 16) -> {'max_bond': 32, 'max_links': 4, 'total_elems': 10732, 'total_shapes': 796, 'total_links': 222, 'num_tensors': 56}
2026-08-26 07:35:58,927 [INFO]     [2 | right | 0](candidate_pairs: 28/28 | new_swaps: 0 | total: 16) -> {'max_bond': 32, 'max_links': 4, 'total_elems': 10732, 'total_shapes': 796, 'total_links': 222, 'num_tensors': 56}
2026-08-26 07:35:58,949 [INFO]     [2 | right | 1](candidate_pairs: 27/27 | new_swaps: 0 | total: 16) -> {'max_bond': 32, 'max_links': 4, 'total_elems': 10732, 'total_shapes': 796, 'total_links': 222, 'num_tensors': 56}
2026-08-26 07:35:59,030 [INFO]     [3 | both | 0](candidate_pairs: 28/28 | new_swaps: 2 | total: 2) -> {'max_bond': 32, 'max_links': 4, 'total_elems': 9580, 'total_shapes': 764, 'total_links': 222, 'num_tensors': 56}
2026-08-26 07:35:59,070 [INFO]     [3 | both | 1](candidate_pairs: 27/27 | new_swaps: 0 | total: 2) -> {'max_bond': 32, 'max_links': 4, 'total_elems': 9580, 'total_shapes': 764, 'total_links': 222, 'num_tensors': 56}
2026-08-26 07:35:59,092 [INFO]     [3 | left | 0](candidate_pairs: 28/28 | new_swaps: 0 | total: 2) -> {'max_bond': 32, 'max_links': 4, 'total_elems': 9580, 'total_shapes': 764, 'total_links': 222, 'num_tensors': 56}
2026-08-26 07:35:59,127 [INFO]     [3 | left | 1](candidate_pairs: 27/27 | new_swaps: 1 | total: 3) -> {'max_bond': 32, 'max_links': 4, 'total_elems': 9324, 'total_shapes': 756, 'total_links': 222, 'num_tensors': 56}
2026-08-26 07:35:59,163 [INFO]     [3 | right | 0](candidate_pairs: 28/28 | new_swaps: 1 | total: 4) -> {'max_bond': 32, 'max_links': 4, 'total_elems': 9132, 'total_shapes': 748, 'total_links': 222, 'num_tensors': 56}
2026-08-26 07:35:59,197 [INFO]     [3 | right | 1](candidate_pairs: 27/27 | new_swaps: 1 | total: 5) -> {'max_bond': 32, 'max_links': 4, 'total_elems': 8364, 'total_shapes': 724, 'total_links': 222, 'num_tensors': 56}
2026-08-26 07:35:59,278 [INFO]     [4 | both | 0](candidate_pairs: 28/28 | new_swaps: 2 | total: 2) -> {'max_bond': 32, 'max_links': 4, 'total_elems': 8044, 'total_shapes': 704, 'total_links': 222, 'num_tensors': 56}
2026-08-26 07:35:59,355 [INFO]     [4 | both | 1](candidate_pairs: 27/27 | new_swaps: 2 | total: 4) -> {'max_bond': 32, 'max_links': 4, 'total_elems': 7804, 'total_shapes': 690, 'total_links': 222, 'num_tensors': 56}
2026-08-26 07:35:59,375 [INFO]     [4 | left | 0](candidate_pairs: 28/28 | new_swaps: 0 | total: 4) -> {'max_bond': 32, 'max_links': 4, 'total_elems': 7804, 'total_shapes': 690, 'total_links': 222, 'num_tensors': 56}
2026-08-26 07:35:59,410 [INFO]     [4 | left | 1](candidate_pairs: 27/27 | new_swaps: 1 | total: 5) -> {'max_bond': 32, 'max_links': 4, 'total_elems': 7756, 'total_shapes': 686, 'total_links': 222, 'num_tensors': 56}
2026-08-26 07:35:59,444 [INFO]     [4 | right | 0](candidate_pairs: 28/28 | new_swaps: 1 | total: 6) -> {'max_bond': 32, 'max_links': 4, 'total_elems': 7564, 'total_shapes': 678, 'total_links': 222, 'num_tensors': 56}
2026-08-26 07:35:59,463 [INFO]     [4 | right | 1](candidate_pairs: 27/27 | new_swaps: 0 | total: 6) -> {'max_bond': 32, 'max_links': 4, 'total_elems': 7564, 'total_shapes': 678, 'total_links': 222, 'num_tensors': 56}
2026-08-26 07:35:59,504 [INFO]     [5 | both | 0](candidate_pairs: 28/28 | new_swaps: 0 | total: 0) -> {'max_bond': 32, 'max_links': 4, 'total_elems': 7564, 'total_shapes': 678, 'total_links': 222, 'num_tensors': 56}
2026-08-26 07:35:59,543 [INFO]     [5 | both | 1](candidate_pairs: 27/27 | new_swaps: 0 | total: 0) -> {'max_bond': 32, 'max_links': 4, 'total_elems': 7564, 'total_shapes': 678, 'total_links': 222, 'num_tensors': 56}
2026-08-26 07:35:59,564 [INFO]     [5 | left | 0](candidate_pairs: 28/28 | new_swaps: 0 | total: 0) -> {'max_bond': 32, 'max_links': 4, 'total_elems': 7564, 'total_shapes': 678, 'total_links': 222, 'num_tensors': 56}
2026-08-26 07:35:59,583 [INFO]     [5 | left | 1](candidate_pairs: 27/27 | new_swaps: 0 | total: 0) -> {'max_bond': 32, 'max_links': 4, 'total_elems': 7564, 'total_shapes': 678, 'total_links': 222, 'num_tensors': 56}
2026-08-26 07:35:59,604 [INFO]     [5 | right | 0](candidate_pairs: 28/28 | new_swaps: 0 | total: 0) -> {'max_bond': 32, 'max_links': 4, 'total_elems': 7564, 'total_shapes': 678, 'total_links': 222, 'num_tensors': 56}
2026-08-26 07:35:59,622 [INFO]     [5 | right | 1](candidate_pairs: 27/27 | new_swaps: 0 | total: 0) -> {'max_bond': 32, 'max_links': 4, 'total_elems': 7564, 'total_shapes': 678, 'total_links': 222, 'num_tensors': 56}
2026-08-26 07:35:59,623 [INFO]     [end unswap] -> {'max_bond': 32, 'max_links': 4, 'total_elems': 7564, 'total_shapes': 678, 'total_links': 222, 'num_tensors': 56}
2026-08-26 07:35:59,657 [INFO] [start rewire](phase=post_unswap, cycle=18, side=left, layers=1416, trials=20, seed=123, parallel=False, route_candidates=2, route_score=lookahead_total)
2026-08-26 07:36:02,408 [INFO] [end rewire](phase=post_unswap, cycle=18, side=left, routed_layers=1377, elapsed_s=2.75)
2026-08-26 07:36:02,408 [INFO] [start rewire](phase=post_unswap, cycle=18, side=right, layers=1643, trials=20, seed=123, parallel=False, route_candidates=2, route_score=lookahead_total)
2026-08-26 07:36:05,187 [INFO] [end rewire](phase=post_unswap, cycle=18, side=right, routed_layers=1448, elapsed_s=2.78)
2026-08-26 07:36:05,273 [INFO] [1L/1375](swap: 12, u: 1 | c_u: 1 | t_u_l: 95/942 | t_u_r: 62/943 | t_u: 157/1885) -> {'max_bond': 32, 'max_links': 4, 'total_elems': 7532, 'total_shapes': 674, 'total_links': 222, 'num_tensors': 56}
2026-08-26 07:36:05,320 [INFO] [1R/1446](swap: 9, u: 1 | c_u: 2 | t_u_l: 95/942 | t_u_r: 63/943 | t_u: 158/1885) -> {'max_bond': 32, 'max_links': 4, 'total_elems': 9320, 'total_shapes': 748, 'total_links': 222, 'num_tensors': 56}
2026-08-26 07:36:05,371 [INFO] [2L/1375](swap: 14, u: 0 | c_u: 2 | t_u_l: 95/942 | t_u_r: 63/943 | t_u: 158/1885) -> {'max_bond': 32, 'max_links': 4, 'total_elems': 13340, 'total_shapes': 868, 'total_links': 222, 'num_tensors': 56}
2026-08-26 07:36:05,430 [INFO] [2R/1446](swap: 10, u: 1 | c_u: 3 | t_u_l: 95/942 | t_u_r: 64/943 | t_u: 159/1885) -> {'max_bond': 32, 'max_links': 4, 'total_elems': 21500, 'total_shapes': 1022, 'total_links': 222, 'num_tensors': 56}
2026-08-26 07:36:05,491 [INFO] [3L/1375](swap: 14, u: 0 | c_u: 3 | t_u_l: 95/942 | t_u_r: 64/943 | t_u: 159/1885) -> {'max_bond': 64, 'max_links': 4, 'total_elems': 35008, 'total_shapes': 1202, 'total_links': 222, 'num_tensors': 56}
2026-08-26 07:36:05,568 [INFO] [3R/1446](swap: 10, u: 0 | c_u: 3 | t_u_l: 95/942 | t_u_r: 64/943 | t_u: 159/1885) -> {'max_bond': 64, 'max_links': 4, 'total_elems': 61232, 'total_shapes': 1516, 'total_links': 222, 'num_tensors': 56}
2026-08-26 07:36:05,684 [INFO] [4R/1446](swap: 6, u: 3 | c_u: 6 | t_u_l: 95/942 | t_u_r: 67/943 | t_u: 162/1885) -> {'max_bond': 64, 'max_links': 4, 'total_elems': 69088, 'total_shapes': 1560, 'total_links': 222, 'num_tensors': 56}
2026-08-26 07:36:05,803 [INFO] [5R/1446](swap: 7, u: 1 | c_u: 7 | t_u_l: 95/942 | t_u_r: 68/943 | t_u: 163/1885) -> {'max_bond': 64, 'max_links': 4, 'total_elems': 65504, 'total_shapes': 1556, 'total_links': 222, 'num_tensors': 56}
2026-08-26 07:36:05,920 [INFO] [6R/1446](swap: 6, u: 1 | c_u: 8 | t_u_l: 95/942 | t_u_r: 69/943 | t_u: 164/1885) -> {'max_bond': 64, 'max_links': 4, 'total_elems': 83456, 'total_shapes': 1706, 'total_links': 222, 'num_tensors': 56}
2026-08-26 07:36:06,092 [INFO] [4L/1375](swap: 14, u: 0 | c_u: 8 | t_u_l: 95/942 | t_u_r: 69/943 | t_u: 164/1885) -> {'max_bond': 128, 'max_links': 4, 'total_elems': 122364, 'total_shapes': 1946, 'total_links': 222, 'num_tensors': 56}
2026-08-26 07:36:06,404 [INFO] [5L/1375](swap: 11, u: 1 | c_u: 9 | t_u_l: 96/942 | t_u_r: 69/943 | t_u: 165/1885) -> {'max_bond': 128, 'max_links': 4, 'total_elems': 103684, 'total_shapes': 2076, 'total_links': 222, 'num_tensors': 56}
2026-08-26 07:36:06,532 [INFO] [6L/1375](swap: 10, u: 0 | c_u: 9 | t_u_l: 96/942 | t_u_r: 69/943 | t_u: 165/1885) -> {'max_bond': 128, 'max_links': 4, 'total_elems': 108468, 'total_shapes': 2176, 'total_links': 222, 'num_tensors': 56}
2026-08-26 07:36:06,677 [INFO] [7L/1375](swap: 8, u: 2 | c_u: 11 | t_u_l: 98/942 | t_u_r: 69/943 | t_u: 167/1885) -> {'max_bond': 128, 'max_links': 4, 'total_elems': 136448, 'total_shapes': 2484, 'total_links': 222, 'num_tensors': 56}
2026-08-26 07:36:06,823 [INFO] [8L/1375](swap: 8, u: 0 | c_u: 11 | t_u_l: 98/942 | t_u_r: 69/943 | t_u: 167/1885) -> {'max_bond': 128, 'max_links': 4, 'total_elems': 157280, 'total_shapes': 2604, 'total_links': 222, 'num_tensors': 56}
2026-08-26 07:36:06,976 [INFO] [9L/1375](swap: 5, u: 2 | c_u: 13 | t_u_l: 100/942 | t_u_r: 69/943 | t_u: 169/1885) -> {'max_bond': 128, 'max_links': 4, 'total_elems': 164512, 'total_shapes': 2684, 'total_links': 222, 'num_tensors': 56}
2026-08-26 07:36:07,141 [INFO] [10L/1375](swap: 9, u: 0 | c_u: 13 | t_u_l: 100/942 | t_u_r: 69/943 | t_u: 169/1885) -> {'max_bond': 128, 'max_links': 4, 'total_elems': 170912, 'total_shapes': 2762, 'total_links': 222, 'num_tensors': 56}
2026-08-26 07:36:07,312 [INFO] [11L/1375](swap: 9, u: 1 | c_u: 14 | t_u_l: 101/942 | t_u_r: 69/943 | t_u: 170/1885) -> {'max_bond': 128, 'max_links': 4, 'total_elems': 194816, 'total_shapes': 3094, 'total_links': 222, 'num_tensors': 56}
2026-08-26 07:36:07,516 [INFO] [12L/1375](swap: 9, u: 0 | c_u: 14 | t_u_l: 101/942 | t_u_r: 69/943 | t_u: 170/1885) -> {'max_bond': 128, 'max_links': 4, 'total_elems': 254784, 'total_shapes': 3462, 'total_links': 222, 'num_tensors': 56}
2026-08-26 07:36:07,770 [INFO] [7R/1446](swap: 6, u: 1 | c_u: 15 | t_u_l: 101/942 | t_u_r: 70/943 | t_u: 171/1885) -> {'max_bond': 128, 'max_links': 4, 'total_elems': 330688, 'total_shapes': 3720, 'total_links': 222, 'num_tensors': 56}
2026-08-26 07:36:08,275 [INFO]     [start unswap] -> {'max_bond': 128, 'max_links': 4, 'total_elems': 330688, 'total_shapes': 3720, 'total_links': 222, 'num_tensors': 56}
2026-08-26 07:36:09,884 [INFO]     [0 | both | 0](candidate_pairs: 28/28 | new_swaps: 8 | total: 8) -> {'max_bond': 256, 'max_links': 4, 'total_elems': 368992, 'total_shapes': 3688, 'total_links': 222, 'num_tensors': 56}
2026-08-26 07:36:11,145 [INFO]     [0 | both | 1](candidate_pairs: 27/27 | new_swaps: 9 | total: 17) -> {'max_bond': 128, 'max_links': 4, 'total_elems': 143328, 'total_shapes': 2636, 'total_links': 222, 'num_tensors': 56}
2026-08-26 07:36:11,349 [INFO]     [0 | left | 0](candidate_pairs: 28/28 | new_swaps: 15 | total: 32) -> {'max_bond': 64, 'max_links': 4, 'total_elems': 53232, 'total_shapes': 1792, 'total_links': 222, 'num_tensors': 56}
2026-08-26 07:36:11,433 [INFO]     [0 | left | 1](candidate_pairs: 27/27 | new_swaps: 9 | total: 41) -> {'max_bond': 32, 'max_links': 4, 'total_elems': 33584, 'total_shapes': 1480, 'total_links': 222, 'num_tensors': 56}
2026-08-26 07:36:11,493 [INFO]     [0 | right | 0](candidate_pairs: 28/28 | new_swaps: 5 | total: 46) -> {'max_bond': 32, 'max_links': 4, 'total_elems': 31560, 'total_shapes': 1398, 'total_links': 222, 'num_tensors': 56}
2026-08-26 07:36:11,551 [INFO]     [0 | right | 1](candidate_pairs: 27/27 | new_swaps: 4 | total: 50) -> {'max_bond': 32, 'max_links': 4, 'total_elems': 29040, 'total_shapes': 1338, 'total_links': 222, 'num_tensors': 56}
2026-08-26 07:36:11,677 [INFO]     [1 | both | 0](candidate_pairs: 28/28 | new_swaps: 8 | total: 8) -> {'max_bond': 32, 'max_links': 4, 'total_elems': 20688, 'total_shapes': 1166, 'total_links': 222, 'num_tensors': 56}
2026-08-26 07:36:11,774 [INFO]     [1 | both | 1](candidate_pairs: 27/27 | new_swaps: 10 | total: 18) -> {'max_bond': 16, 'max_links': 4, 'total_elems': 15076, 'total_shapes': 1008, 'total_links': 222, 'num_tensors': 56}
2026-08-26 07:36:11,821 [INFO]     [1 | left | 0](candidate_pairs: 28/28 | new_swaps: 4 | total: 22) -> {'max_bond': 16, 'max_links': 4, 'total_elems': 13948, 'total_shapes': 972, 'total_links': 222, 'num_tensors': 56}
2026-08-26 07:36:11,868 [INFO]     [1 | left | 1](candidate_pairs: 27/27 | new_swaps: 6 | total: 28) -> {'max_bond': 16, 'max_links': 4, 'total_elems': 12660, 'total_shapes': 920, 'total_links': 222, 'num_tensors': 56}
2026-08-26 07:36:11,913 [INFO]     [1 | right | 0](candidate_pairs: 28/28 | new_swaps: 2 | total: 30) -> {'max_bond': 16, 'max_links': 4, 'total_elems': 11652, 'total_shapes': 890, 'total_links': 222, 'num_tensors': 56}
2026-08-26 07:36:11,956 [INFO]     [1 | right | 1](candidate_pairs: 27/27 | new_swaps: 1 | total: 31) -> {'max_bond': 16, 'max_links': 4, 'total_elems': 10628, 'total_shapes': 874, 'total_links': 222, 'num_tensors': 56}
2026-08-26 07:36:12,637 [INFO]     [2 | both | 0](candidate_pairs: 28/28 | new_swaps: 9 | total: 9) -> {'max_bond': 16, 'max_links': 4, 'total_elems': 7776, 'total_shapes': 780, 'total_links': 222, 'num_tensors': 56}
2026-08-26 07:36:12,712 [INFO]     [2 | both | 1](candidate_pairs: 27/27 | new_swaps: 3 | total: 12) -> {'max_bond': 16, 'max_links': 4, 'total_elems': 6464, 'total_shapes': 732, 'total_links': 222, 'num_tensors': 56}
2026-08-26 07:36:12,731 [INFO]     [2 | left | 0](candidate_pairs: 28/28 | new_swaps: 0 | total: 12) -> {'max_bond': 16, 'max_links': 4, 'total_elems': 6464, 'total_shapes': 732, 'total_links': 222, 'num_tensors': 56}
2026-08-26 07:36:12,771 [INFO]     [2 | left | 1](candidate_pairs: 27/27 | new_swaps: 2 | total: 14) -> {'max_bond': 16, 'max_links': 4, 'total_elems': 6248, 'total_shapes': 720, 'total_links': 222, 'num_tensors': 56}
2026-08-26 07:36:12,803 [INFO]     [2 | right | 0](candidate_pairs: 28/28 | new_swaps: 1 | total: 15) -> {'max_bond': 16, 'max_links': 4, 'total_elems': 6056, 'total_shapes': 712, 'total_links': 222, 'num_tensors': 56}
2026-08-26 07:36:12,845 [INFO]     [2 | right | 1](candidate_pairs: 27/27 | new_swaps: 2 | total: 17) -> {'max_bond': 16, 'max_links': 4, 'total_elems': 5868, 'total_shapes': 698, 'total_links': 222, 'num_tensors': 56}
2026-08-26 07:36:12,910 [INFO]     [3 | both | 0](candidate_pairs: 28/28 | new_swaps: 1 | total: 1) -> {'max_bond': 16, 'max_links': 4, 'total_elems': 5676, 'total_shapes': 690, 'total_links': 222, 'num_tensors': 56}
2026-08-26 07:36:12,982 [INFO]     [3 | both | 1](candidate_pairs: 27/27 | new_swaps: 3 | total: 4) -> {'max_bond': 16, 'max_links': 4, 'total_elems': 5424, 'total_shapes': 676, 'total_links': 222, 'num_tensors': 56}
2026-08-26 07:36:13,022 [INFO]     [3 | left | 0](candidate_pairs: 28/28 | new_swaps: 1 | total: 5) -> {'max_bond': 16, 'max_links': 4, 'total_elems': 5384, 'total_shapes': 672, 'total_links': 222, 'num_tensors': 56}
2026-08-26 07:36:13,054 [INFO]     [3 | left | 1](candidate_pairs: 27/27 | new_swaps: 1 | total: 6) -> {'max_bond': 16, 'max_links': 4, 'total_elems': 5336, 'total_shapes': 668, 'total_links': 222, 'num_tensors': 56}
2026-08-26 07:36:13,094 [INFO]     [3 | right | 0](candidate_pairs: 28/28 | new_swaps: 2 | total: 8) -> {'max_bond': 16, 'max_links': 4, 'total_elems': 5232, 'total_shapes': 660, 'total_links': 222, 'num_tensors': 56}
2026-08-26 07:36:13,112 [INFO]     [3 | right | 1](candidate_pairs: 27/27 | new_swaps: 0 | total: 8) -> {'max_bond': 16, 'max_links': 4, 'total_elems': 5232, 'total_shapes': 660, 'total_links': 222, 'num_tensors': 56}
2026-08-26 07:36:13,185 [INFO]     [4 | both | 0](candidate_pairs: 28/28 | new_swaps: 3 | total: 3) -> {'max_bond': 16, 'max_links': 4, 'total_elems': 4980, 'total_shapes': 646, 'total_links': 222, 'num_tensors': 56}
2026-08-26 07:36:13,259 [INFO]     [4 | both | 1](candidate_pairs: 27/27 | new_swaps: 2 | total: 5) -> {'max_bond': 16, 'max_links': 4, 'total_elems': 4884, 'total_shapes': 638, 'total_links': 222, 'num_tensors': 56}
2026-08-26 07:36:13,279 [INFO]     [4 | left | 0](candidate_pairs: 28/28 | new_swaps: 0 | total: 5) -> {'max_bond': 16, 'max_links': 4, 'total_elems': 4884, 'total_shapes': 638, 'total_links': 222, 'num_tensors': 56}
2026-08-26 07:36:13,298 [INFO]     [4 | left | 1](candidate_pairs: 27/27 | new_swaps: 0 | total: 5) -> {'max_bond': 16, 'max_links': 4, 'total_elems': 4884, 'total_shapes': 638, 'total_links': 222, 'num_tensors': 56}
2026-08-26 07:36:13,317 [INFO]     [4 | right | 0](candidate_pairs: 28/28 | new_swaps: 0 | total: 5) -> {'max_bond': 16, 'max_links': 4, 'total_elems': 4884, 'total_shapes': 638, 'total_links': 222, 'num_tensors': 56}
2026-08-26 07:36:13,335 [INFO]     [4 | right | 1](candidate_pairs: 27/27 | new_swaps: 0 | total: 5) -> {'max_bond': 16, 'max_links': 4, 'total_elems': 4884, 'total_shapes': 638, 'total_links': 222, 'num_tensors': 56}
2026-08-26 07:36:13,370 [INFO]     [5 | both | 0](candidate_pairs: 28/28 | new_swaps: 0 | total: 0) -> {'max_bond': 16, 'max_links': 4, 'total_elems': 4884, 'total_shapes': 638, 'total_links': 222, 'num_tensors': 56}
2026-08-26 07:36:13,404 [INFO]     [5 | both | 1](candidate_pairs: 27/27 | new_swaps: 0 | total: 0) -> {'max_bond': 16, 'max_links': 4, 'total_elems': 4884, 'total_shapes': 638, 'total_links': 222, 'num_tensors': 56}
2026-08-26 07:36:13,421 [INFO]     [5 | left | 0](candidate_pairs: 28/28 | new_swaps: 0 | total: 0) -> {'max_bond': 16, 'max_links': 4, 'total_elems': 4884, 'total_shapes': 638, 'total_links': 222, 'num_tensors': 56}
2026-08-26 07:36:13,438 [INFO]     [5 | left | 1](candidate_pairs: 27/27 | new_swaps: 0 | total: 0) -> {'max_bond': 16, 'max_links': 4, 'total_elems': 4884, 'total_shapes': 638, 'total_links': 222, 'num_tensors': 56}
2026-08-26 07:36:13,456 [INFO]     [5 | right | 0](candidate_pairs: 28/28 | new_swaps: 0 | total: 0) -> {'max_bond': 16, 'max_links': 4, 'total_elems': 4884, 'total_shapes': 638, 'total_links': 222, 'num_tensors': 56}
2026-08-26 07:36:13,473 [INFO]     [5 | right | 1](candidate_pairs: 27/27 | new_swaps: 0 | total: 0) -> {'max_bond': 16, 'max_links': 4, 'total_elems': 4884, 'total_shapes': 638, 'total_links': 222, 'num_tensors': 56}
2026-08-26 07:36:13,473 [INFO]     [end unswap] -> {'max_bond': 16, 'max_links': 4, 'total_elems': 4884, 'total_shapes': 638, 'total_links': 222, 'num_tensors': 56}
2026-08-26 07:36:13,474 [INFO] [start rewire](phase=post_unswap, cycle=19, side=left, layers=1365, trials=20, seed=123, parallel=False, route_candidates=2, route_score=lookahead_total)
2026-08-26 07:36:16,659 [INFO] [end rewire](phase=post_unswap, cycle=19, side=left, routed_layers=1429, elapsed_s=3.19)
2026-08-26 07:36:16,659 [INFO] [start rewire](phase=post_unswap, cycle=19, side=right, layers=1441, trials=20, seed=123, parallel=False, route_candidates=2, route_score=lookahead_total)
2026-08-26 07:36:19,673 [INFO] [end rewire](phase=post_unswap, cycle=19, side=right, routed_layers=1585, elapsed_s=3.01)
2026-08-26 07:36:19,759 [INFO] [1L/1427](swap: 13, u: 1 | c_u: 1 | t_u_l: 102/942 | t_u_r: 70/943 | t_u: 172/1885) -> {'max_bond': 16, 'max_links': 4, 'total_elems': 4116, 'total_shapes': 622, 'total_links': 222, 'num_tensors': 56}
2026-08-26 07:36:19,805 [INFO] [2L/1427](swap: 13, u: 1 | c_u: 2 | t_u_l: 103/942 | t_u_r: 70/943 | t_u: 173/1885) -> {'max_bond': 16, 'max_links': 4, 'total_elems': 5288, 'total_shapes': 740, 'total_links': 222, 'num_tensors': 56}
2026-08-26 07:36:19,851 [INFO] [1R/1583](swap: 9, u: 1 | c_u: 3 | t_u_l: 103/942 | t_u_r: 71/943 | t_u: 174/1885) -> {'max_bond': 16, 'max_links': 4, 'total_elems': 5716, 'total_shapes': 738, 'total_links': 222, 'num_tensors': 56}
2026-08-26 07:36:19,896 [INFO] [2R/1583](swap: 10, u: 0 | c_u: 3 | t_u_l: 103/942 | t_u_r: 71/943 | t_u: 174/1885) -> {'max_bond': 32, 'max_links': 4, 'total_elems': 8700, 'total_shapes': 826, 'total_links': 222, 'num_tensors': 56}
2026-08-26 07:36:19,944 [INFO] [3L/1427](swap: 14, u: 0 | c_u: 3 | t_u_l: 103/942 | t_u_r: 71/943 | t_u: 174/1885) -> {'max_bond': 32, 'max_links': 4, 'total_elems': 12532, 'total_shapes': 984, 'total_links': 222, 'num_tensors': 56}
2026-08-26 07:36:19,991 [INFO] [3R/1583](swap: 10, u: 0 | c_u: 3 | t_u_l: 103/942 | t_u_r: 71/943 | t_u: 174/1885) -> {'max_bond': 32, 'max_links': 4, 'total_elems': 17856, 'total_shapes': 1102, 'total_links': 222, 'num_tensors': 56}
2026-08-26 07:36:20,041 [INFO] [4L/1427](swap: 16, u: 0 | c_u: 3 | t_u_l: 103/942 | t_u_r: 71/943 | t_u: 174/1885) -> {'max_bond': 32, 'max_links': 4, 'total_elems': 25552, 'total_shapes': 1320, 'total_links': 222, 'num_tensors': 56}
2026-08-26 07:36:20,103 [INFO] [4R/1583](swap: 9, u: 0 | c_u: 3 | t_u_l: 103/942 | t_u_r: 71/943 | t_u: 174/1885) -> {'max_bond': 32, 'max_links': 4, 'total_elems': 33840, 'total_shapes': 1482, 'total_links': 222, 'num_tensors': 56}
2026-08-26 07:36:20,166 [INFO] [5R/1583](swap: 6, u: 0 | c_u: 3 | t_u_l: 103/942 | t_u_r: 71/943 | t_u: 174/1885) -> {'max_bond': 64, 'max_links': 4, 'total_elems': 50160, 'total_shapes': 1722, 'total_links': 222, 'num_tensors': 56}
2026-08-26 07:36:20,247 [INFO] [6R/1583](swap: 7, u: 0 | c_u: 3 | t_u_l: 103/942 | t_u_r: 71/943 | t_u: 174/1885) -> {'max_bond': 64, 'max_links': 4, 'total_elems': 74160, 'total_shapes': 1922, 'total_links': 222, 'num_tensors': 56}
2026-08-26 07:36:20,343 [INFO] [7R/1583](swap: 5, u: 0 | c_u: 3 | t_u_l: 103/942 | t_u_r: 71/943 | t_u: 174/1885) -> {'max_bond': 64, 'max_links': 4, 'total_elems': 95736, 'total_shapes': 2120, 'total_links': 222, 'num_tensors': 56}
2026-08-26 07:36:20,453 [INFO] [8R/1583](swap: 3, u: 0 | c_u: 3 | t_u_l: 103/942 | t_u_r: 71/943 | t_u: 174/1885) -> {'max_bond': 64, 'max_links': 4, 'total_elems': 91896, 'total_shapes': 2104, 'total_links': 222, 'num_tensors': 56}
2026-08-26 07:36:20,562 [INFO] [9R/1583](swap: 4, u: 0 | c_u: 3 | t_u_l: 103/942 | t_u_r: 71/943 | t_u: 174/1885) -> {'max_bond': 64, 'max_links': 4, 'total_elems': 99832, 'total_shapes': 2184, 'total_links': 222, 'num_tensors': 56}
2026-08-26 07:36:20,665 [INFO] [10R/1583](swap: 4, u: 0 | c_u: 3 | t_u_l: 103/942 | t_u_r: 71/943 | t_u: 174/1885) -> {'max_bond': 64, 'max_links': 4, 'total_elems': 107512, 'total_shapes': 2256, 'total_links': 222, 'num_tensors': 56}
2026-08-26 07:36:20,786 [INFO] [11R/1583](swap: 4, u: 0 | c_u: 3 | t_u_l: 103/942 | t_u_r: 71/943 | t_u: 174/1885) -> {'max_bond': 128, 'max_links': 4, 'total_elems': 138232, 'total_shapes': 2512, 'total_links': 222, 'num_tensors': 56}
2026-08-26 07:36:20,951 [INFO] [12R/1583](swap: 4, u: 0 | c_u: 3 | t_u_l: 103/942 | t_u_r: 71/943 | t_u: 174/1885) -> {'max_bond': 128, 'max_links': 4, 'total_elems': 168952, 'total_shapes': 2704, 'total_links': 222, 'num_tensors': 56}
2026-08-26 07:36:21,151 [INFO] [13R/1583](swap: 4, u: 0 | c_u: 3 | t_u_l: 103/942 | t_u_r: 71/943 | t_u: 174/1885) -> {'max_bond': 128, 'max_links': 4, 'total_elems': 208888, 'total_shapes': 2992, 'total_links': 222, 'num_tensors': 56}
2026-08-26 07:36:21,378 [INFO] [14R/1583](swap: 4, u: 0 | c_u: 3 | t_u_l: 103/942 | t_u_r: 71/943 | t_u: 174/1885) -> {'max_bond': 128, 'max_links': 4, 'total_elems': 227960, 'total_shapes': 3072, 'total_links': 222, 'num_tensors': 56}
2026-08-26 07:36:21,603 [INFO] [15R/1583](swap: 4, u: 0 | c_u: 3 | t_u_l: 103/942 | t_u_r: 71/943 | t_u: 174/1885) -> {'max_bond': 128, 'max_links': 4, 'total_elems': 242296, 'total_shapes': 3248, 'total_links': 222, 'num_tensors': 56}
2026-08-26 07:36:21,851 [INFO] [16R/1583](swap: 4, u: 1 | c_u: 4 | t_u_l: 103/942 | t_u_r: 72/943 | t_u: 175/1885) -> {'max_bond': 128, 'max_links': 4, 'total_elems': 293496, 'total_shapes': 3568, 'total_links': 222, 'num_tensors': 56}
2026-08-26 07:36:22,243 [INFO]     [start unswap] -> {'max_bond': 128, 'max_links': 4, 'total_elems': 293496, 'total_shapes': 3568, 'total_links': 222, 'num_tensors': 56}
2026-08-26 07:36:29,721 [INFO]     [0 | both | 0](candidate_pairs: 28/28 | new_swaps: 6 | total: 6) -> {'max_bond': 256, 'max_links': 4, 'total_elems': 465240, 'total_shapes': 4132, 'total_links': 222, 'num_tensors': 56}
2026-08-26 07:36:31,064 [INFO]     [0 | both | 1](candidate_pairs: 27/27 | new_swaps: 10 | total: 16) -> {'max_bond': 64, 'max_links': 4, 'total_elems': 151800, 'total_shapes': 2620, 'total_links': 222, 'num_tensors': 56}
2026-08-26 07:36:31,327 [INFO]     [0 | left | 0](candidate_pairs: 28/28 | new_swaps: 8 | total: 24) -> {'max_bond': 64, 'max_links': 4, 'total_elems': 95032, 'total_shapes': 2108, 'total_links': 222, 'num_tensors': 56}
2026-08-26 07:36:31,502 [INFO]     [0 | left | 1](candidate_pairs: 27/27 | new_swaps: 11 | total: 35) -> {'max_bond': 64, 'max_links': 4, 'total_elems': 67704, 'total_shapes': 1802, 'total_links': 222, 'num_tensors': 56}
2026-08-26 07:36:31,605 [INFO]     [0 | right | 0](candidate_pairs: 28/28 | new_swaps: 6 | total: 41) -> {'max_bond': 32, 'max_links': 4, 'total_elems': 56176, 'total_shapes': 1652, 'total_links': 222, 'num_tensors': 56}
2026-08-26 07:36:31,692 [INFO]     [0 | right | 1](candidate_pairs: 27/27 | new_swaps: 5 | total: 46) -> {'max_bond': 32, 'max_links': 4, 'total_elems': 49408, 'total_shapes': 1544, 'total_links': 222, 'num_tensors': 56}
2026-08-26 07:36:31,858 [INFO]     [1 | both | 0](candidate_pairs: 28/28 | new_swaps: 9 | total: 9) -> {'max_bond': 32, 'max_links': 4, 'total_elems': 41432, 'total_shapes': 1404, 'total_links': 222, 'num_tensors': 56}
2026-08-26 07:36:32,010 [INFO]     [1 | both | 1](candidate_pairs: 27/27 | new_swaps: 5 | total: 14) -> {'max_bond': 32, 'max_links': 4, 'total_elems': 39068, 'total_shapes': 1334, 'total_links': 222, 'num_tensors': 56}
2026-08-26 07:36:32,086 [INFO]     [1 | left | 0](candidate_pairs: 28/28 | new_swaps: 5 | total: 19) -> {'max_bond': 32, 'max_links': 4, 'total_elems': 34916, 'total_shapes': 1266, 'total_links': 222, 'num_tensors': 56}
2026-08-26 07:36:32,154 [INFO]     [1 | left | 1](candidate_pairs: 27/27 | new_swaps: 3 | total: 22) -> {'max_bond': 32, 'max_links': 4, 'total_elems': 34284, 'total_shapes': 1240, 'total_links': 222, 'num_tensors': 56}
2026-08-26 07:36:32,224 [INFO]     [1 | right | 0](candidate_pairs: 28/28 | new_swaps: 3 | total: 25) -> {'max_bond': 32, 'max_links': 4, 'total_elems': 33220, 'total_shapes': 1206, 'total_links': 222, 'num_tensors': 56}
2026-08-26 07:36:32,287 [INFO]     [1 | right | 1](candidate_pairs: 27/27 | new_swaps: 3 | total: 28) -> {'max_bond': 32, 'max_links': 4, 'total_elems': 29916, 'total_shapes': 1162, 'total_links': 222, 'num_tensors': 56}
2026-08-26 07:36:32,419 [INFO]     [2 | both | 0](candidate_pairs: 28/28 | new_swaps: 5 | total: 5) -> {'max_bond': 32, 'max_links': 4, 'total_elems': 26256, 'total_shapes': 1104, 'total_links': 222, 'num_tensors': 56}
2026-08-26 07:36:32,530 [INFO]     [2 | both | 1](candidate_pairs: 27/27 | new_swaps: 7 | total: 12) -> {'max_bond': 32, 'max_links': 4, 'total_elems': 19684, 'total_shapes': 990, 'total_links': 222, 'num_tensors': 56}
2026-08-26 07:36:32,579 [INFO]     [2 | left | 0](candidate_pairs: 28/28 | new_swaps: 2 | total: 14) -> {'max_bond': 32, 'max_links': 4, 'total_elems': 18972, 'total_shapes': 968, 'total_links': 222, 'num_tensors': 56}
2026-08-26 07:36:32,605 [INFO]     [2 | left | 1](candidate_pairs: 27/27 | new_swaps: 0 | total: 14) -> {'max_bond': 32, 'max_links': 4, 'total_elems': 18972, 'total_shapes': 968, 'total_links': 222, 'num_tensors': 56}
2026-08-26 07:36:32,633 [INFO]     [2 | right | 0](candidate_pairs: 28/28 | new_swaps: 0 | total: 14) -> {'max_bond': 32, 'max_links': 4, 'total_elems': 18972, 'total_shapes': 968, 'total_links': 222, 'num_tensors': 56}
2026-08-26 07:36:32,661 [INFO]     [2 | right | 1](candidate_pairs: 27/27 | new_swaps: 0 | total: 14) -> {'max_bond': 32, 'max_links': 4, 'total_elems': 18972, 'total_shapes': 968, 'total_links': 222, 'num_tensors': 56}
2026-08-26 07:36:32,761 [INFO]     [3 | both | 0](candidate_pairs: 28/28 | new_swaps: 4 | total: 4) -> {'max_bond': 32, 'max_links': 4, 'total_elems': 15456, 'total_shapes': 914, 'total_links': 222, 'num_tensors': 56}
2026-08-26 07:36:32,856 [INFO]     [3 | both | 1](candidate_pairs: 27/27 | new_swaps: 4 | total: 8) -> {'max_bond': 16, 'max_links': 4, 'total_elems': 12120, 'total_shapes': 850, 'total_links': 222, 'num_tensors': 56}
2026-08-26 07:36:32,895 [INFO]     [3 | left | 0](candidate_pairs: 28/28 | new_swaps: 1 | total: 9) -> {'max_bond': 16, 'max_links': 4, 'total_elems': 11608, 'total_shapes': 834, 'total_links': 222, 'num_tensors': 56}
2026-08-26 07:36:32,933 [INFO]     [3 | left | 1](candidate_pairs: 27/27 | new_swaps: 1 | total: 10) -> {'max_bond': 16, 'max_links': 4, 'total_elems': 11416, 'total_shapes': 826, 'total_links': 222, 'num_tensors': 56}
2026-08-26 07:36:32,970 [INFO]     [3 | right | 0](candidate_pairs: 28/28 | new_swaps: 1 | total: 11) -> {'max_bond': 16, 'max_links': 4, 'total_elems': 11224, 'total_shapes': 818, 'total_links': 222, 'num_tensors': 56}
2026-08-26 07:36:33,015 [INFO]     [3 | right | 1](candidate_pairs: 27/27 | new_swaps: 2 | total: 13) -> {'max_bond': 16, 'max_links': 4, 'total_elems': 11100, 'total_shapes': 808, 'total_links': 222, 'num_tensors': 56}
2026-08-26 07:36:33,097 [INFO]     [4 | both | 0](candidate_pairs: 28/28 | new_swaps: 3 | total: 3) -> {'max_bond': 16, 'max_links': 4, 'total_elems': 10824, 'total_shapes': 794, 'total_links': 222, 'num_tensors': 56}
2026-08-26 07:36:33,179 [INFO]     [4 | both | 1](candidate_pairs: 27/27 | new_swaps: 2 | total: 5) -> {'max_bond': 16, 'max_links': 4, 'total_elems': 10472, 'total_shapes': 778, 'total_links': 222, 'num_tensors': 56}
2026-08-26 07:36:33,216 [INFO]     [4 | left | 0](candidate_pairs: 28/28 | new_swaps: 1 | total: 6) -> {'max_bond': 16, 'max_links': 4, 'total_elems': 10440, 'total_shapes': 774, 'total_links': 222, 'num_tensors': 56}
2026-08-26 07:36:33,241 [INFO]     [4 | left | 1](candidate_pairs: 27/27 | new_swaps: 0 | total: 6) -> {'max_bond': 16, 'max_links': 4, 'total_elems': 10440, 'total_shapes': 774, 'total_links': 222, 'num_tensors': 56}
2026-08-26 07:36:33,276 [INFO]     [4 | right | 0](candidate_pairs: 28/28 | new_swaps: 1 | total: 7) -> {'max_bond': 16, 'max_links': 4, 'total_elems': 10400, 'total_shapes': 770, 'total_links': 222, 'num_tensors': 56}
2026-08-26 07:36:33,298 [INFO]     [4 | right | 1](candidate_pairs: 27/27 | new_swaps: 0 | total: 7) -> {'max_bond': 16, 'max_links': 4, 'total_elems': 10400, 'total_shapes': 770, 'total_links': 222, 'num_tensors': 56}
2026-08-26 07:36:33,345 [INFO]     [5 | both | 0](candidate_pairs: 28/28 | new_swaps: 0 | total: 0) -> {'max_bond': 16, 'max_links': 4, 'total_elems': 10400, 'total_shapes': 770, 'total_links': 222, 'num_tensors': 56}
2026-08-26 07:36:33,431 [INFO]     [5 | both | 1](candidate_pairs: 27/27 | new_swaps: 2 | total: 2) -> {'max_bond': 16, 'max_links': 4, 'total_elems': 10340, 'total_shapes': 764, 'total_links': 222, 'num_tensors': 56}
2026-08-26 07:36:33,455 [INFO]     [5 | left | 0](candidate_pairs: 28/28 | new_swaps: 0 | total: 2) -> {'max_bond': 16, 'max_links': 4, 'total_elems': 10340, 'total_shapes': 764, 'total_links': 222, 'num_tensors': 56}
2026-08-26 07:36:33,479 [INFO]     [5 | left | 1](candidate_pairs: 27/27 | new_swaps: 0 | total: 2) -> {'max_bond': 16, 'max_links': 4, 'total_elems': 10340, 'total_shapes': 764, 'total_links': 222, 'num_tensors': 56}
2026-08-26 07:36:33,503 [INFO]     [5 | right | 0](candidate_pairs: 28/28 | new_swaps: 0 | total: 2) -> {'max_bond': 16, 'max_links': 4, 'total_elems': 10340, 'total_shapes': 764, 'total_links': 222, 'num_tensors': 56}
2026-08-26 07:36:33,523 [INFO]     [5 | right | 1](candidate_pairs: 27/27 | new_swaps: 0 | total: 2) -> {'max_bond': 16, 'max_links': 4, 'total_elems': 10340, 'total_shapes': 764, 'total_links': 222, 'num_tensors': 56}
2026-08-26 07:36:33,596 [INFO]     [6 | both | 0](candidate_pairs: 28/28 | new_swaps: 1 | total: 1) -> {'max_bond': 16, 'max_links': 4, 'total_elems': 10328, 'total_shapes': 762, 'total_links': 222, 'num_tensors': 56}
2026-08-26 07:36:33,645 [INFO]     [6 | both | 1](candidate_pairs: 27/27 | new_swaps: 0 | total: 1) -> {'max_bond': 16, 'max_links': 4, 'total_elems': 10328, 'total_shapes': 762, 'total_links': 222, 'num_tensors': 56}
2026-08-26 07:36:33,670 [INFO]     [6 | left | 0](candidate_pairs: 28/28 | new_swaps: 0 | total: 1) -> {'max_bond': 16, 'max_links': 4, 'total_elems': 10328, 'total_shapes': 762, 'total_links': 222, 'num_tensors': 56}
2026-08-26 07:36:33,695 [INFO]     [6 | left | 1](candidate_pairs: 27/27 | new_swaps: 0 | total: 1) -> {'max_bond': 16, 'max_links': 4, 'total_elems': 10328, 'total_shapes': 762, 'total_links': 222, 'num_tensors': 56}
2026-08-26 07:36:33,719 [INFO]     [6 | right | 0](candidate_pairs: 28/28 | new_swaps: 0 | total: 1) -> {'max_bond': 16, 'max_links': 4, 'total_elems': 10328, 'total_shapes': 762, 'total_links': 222, 'num_tensors': 56}
2026-08-26 07:36:33,741 [INFO]     [6 | right | 1](candidate_pairs: 27/27 | new_swaps: 0 | total: 1) -> {'max_bond': 16, 'max_links': 4, 'total_elems': 10328, 'total_shapes': 762, 'total_links': 222, 'num_tensors': 56}
2026-08-26 07:36:33,787 [INFO]     [7 | both | 0](candidate_pairs: 28/28 | new_swaps: 0 | total: 0) -> {'max_bond': 16, 'max_links': 4, 'total_elems': 10328, 'total_shapes': 762, 'total_links': 222, 'num_tensors': 56}
2026-08-26 07:36:33,833 [INFO]     [7 | both | 1](candidate_pairs: 27/27 | new_swaps: 0 | total: 0) -> {'max_bond': 16, 'max_links': 4, 'total_elems': 10328, 'total_shapes': 762, 'total_links': 222, 'num_tensors': 56}
2026-08-26 07:36:33,853 [INFO]     [7 | left | 0](candidate_pairs: 28/28 | new_swaps: 0 | total: 0) -> {'max_bond': 16, 'max_links': 4, 'total_elems': 10328, 'total_shapes': 762, 'total_links': 222, 'num_tensors': 56}
2026-08-26 07:36:33,874 [INFO]     [7 | left | 1](candidate_pairs: 27/27 | new_swaps: 0 | total: 0) -> {'max_bond': 16, 'max_links': 4, 'total_elems': 10328, 'total_shapes': 762, 'total_links': 222, 'num_tensors': 56}
2026-08-26 07:36:33,895 [INFO]     [7 | right | 0](candidate_pairs: 28/28 | new_swaps: 0 | total: 0) -> {'max_bond': 16, 'max_links': 4, 'total_elems': 10328, 'total_shapes': 762, 'total_links': 222, 'num_tensors': 56}
2026-08-26 07:36:33,915 [INFO]     [7 | right | 1](candidate_pairs: 27/27 | new_swaps: 0 | total: 0) -> {'max_bond': 16, 'max_links': 4, 'total_elems': 10328, 'total_shapes': 762, 'total_links': 222, 'num_tensors': 56}
2026-08-26 07:36:33,915 [INFO]     [end unswap] -> {'max_bond': 16, 'max_links': 4, 'total_elems': 10328, 'total_shapes': 762, 'total_links': 222, 'num_tensors': 56}
2026-08-26 07:36:33,952 [INFO] [start rewire](phase=post_unswap, cycle=20, side=left, layers=1425, trials=20, seed=123, parallel=False, route_candidates=2, route_score=lookahead_total)
2026-08-26 07:36:42,641 [INFO] [end rewire](phase=post_unswap, cycle=20, side=left, routed_layers=1320, elapsed_s=8.69)
2026-08-26 07:36:42,641 [INFO] [start rewire](phase=post_unswap, cycle=20, side=right, layers=1569, trials=20, seed=123, parallel=False, route_candidates=2, route_score=lookahead_total)
2026-08-26 07:36:45,371 [INFO] [end rewire](phase=post_unswap, cycle=20, side=right, routed_layers=1551, elapsed_s=2.73)
2026-08-26 07:36:45,456 [INFO] [1L/1318](swap: 10, u: 0 | c_u: 0 | t_u_l: 103/942 | t_u_r: 72/943 | t_u: 175/1885) -> {'max_bond': 16, 'max_links': 4, 'total_elems': 10328, 'total_shapes': 762, 'total_links': 222, 'num_tensors': 56}
2026-08-26 07:36:45,502 [INFO] [1R/1549](swap: 9, u: 0 | c_u: 0 | t_u_l: 103/942 | t_u_r: 72/943 | t_u: 175/1885) -> {'max_bond': 16, 'max_links': 4, 'total_elems': 11268, 'total_shapes': 826, 'total_links': 222, 'num_tensors': 56}
2026-08-26 07:36:45,548 [INFO] [2L/1318](swap: 12, u: 0 | c_u: 0 | t_u_l: 103/942 | t_u_r: 72/943 | t_u: 175/1885) -> {'max_bond': 16, 'max_links': 4, 'total_elems': 11884, 'total_shapes': 872, 'total_links': 222, 'num_tensors': 56}
2026-08-26 07:36:45,595 [INFO] [2R/1549](swap: 7, u: 0 | c_u: 0 | t_u_l: 103/942 | t_u_r: 72/943 | t_u: 175/1885) -> {'max_bond': 16, 'max_links': 4, 'total_elems': 13336, 'total_shapes': 926, 'total_links': 222, 'num_tensors': 56}
2026-08-26 07:36:45,642 [INFO] [3R/1549](swap: 6, u: 0 | c_u: 0 | t_u_l: 103/942 | t_u_r: 72/943 | t_u: 175/1885) -> {'max_bond': 16, 'max_links': 4, 'total_elems': 14340, 'total_shapes': 966, 'total_links': 222, 'num_tensors': 56}
2026-08-26 07:36:45,690 [INFO] [4R/1549](swap: 5, u: 0 | c_u: 0 | t_u_l: 103/942 | t_u_r: 72/943 | t_u: 175/1885) -> {'max_bond': 16, 'max_links': 4, 'total_elems': 16204, 'total_shapes': 1012, 'total_links': 222, 'num_tensors': 56}
2026-08-26 07:36:45,740 [INFO] [5R/1549](swap: 4, u: 1 | c_u: 1 | t_u_l: 103/942 | t_u_r: 73/943 | t_u: 176/1885) -> {'max_bond': 64, 'max_links': 4, 'total_elems': 22600, 'total_shapes': 1122, 'total_links': 222, 'num_tensors': 56}
2026-08-26 07:36:45,802 [INFO] [6R/1549](swap: 5, u: 0 | c_u: 1 | t_u_l: 103/942 | t_u_r: 73/943 | t_u: 176/1885) -> {'max_bond': 64, 'max_links': 4, 'total_elems': 39400, 'total_shapes': 1272, 'total_links': 222, 'num_tensors': 56}
2026-08-26 07:36:45,876 [INFO] [7R/1549](swap: 3, u: 1 | c_u: 2 | t_u_l: 103/942 | t_u_r: 74/943 | t_u: 177/1885) -> {'max_bond': 64, 'max_links': 4, 'total_elems': 42792, 'total_shapes': 1352, 'total_links': 222, 'num_tensors': 56}
2026-08-26 07:36:45,952 [INFO] [3L/1318](swap: 13, u: 0 | c_u: 2 | t_u_l: 103/942 | t_u_r: 74/943 | t_u: 177/1885) -> {'max_bond': 64, 'max_links': 4, 'total_elems': 53856, 'total_shapes': 1452, 'total_links': 222, 'num_tensors': 56}
2026-08-26 07:36:46,061 [INFO] [8R/1549](swap: 4, u: 1 | c_u: 3 | t_u_l: 103/942 | t_u_r: 75/943 | t_u: 178/1885) -> {'max_bond': 128, 'max_links': 4, 'total_elems': 82464, 'total_shapes': 1636, 'total_links': 222, 'num_tensors': 56}
2026-08-26 07:36:46,215 [INFO] [4L/1318](swap: 15, u: 0 | c_u: 3 | t_u_l: 103/942 | t_u_r: 75/943 | t_u: 178/1885) -> {'max_bond': 128, 'max_links': 4, 'total_elems': 161832, 'total_shapes': 2026, 'total_links': 222, 'num_tensors': 56}
2026-08-26 07:36:46,596 [INFO]     [start unswap] -> {'max_bond': 128, 'max_links': 4, 'total_elems': 161832, 'total_shapes': 2026, 'total_links': 222, 'num_tensors': 56}
2026-08-26 07:36:48,010 [INFO]     [0 | both | 0](candidate_pairs: 28/28 | new_swaps: 4 | total: 4) -> {'max_bond': 128, 'max_links': 4, 'total_elems': 102392, 'total_shapes': 2042, 'total_links': 222, 'num_tensors': 56}
2026-08-26 07:36:48,284 [INFO]     [0 | both | 1](candidate_pairs: 27/27 | new_swaps: 6 | total: 10) -> {'max_bond': 64, 'max_links': 4, 'total_elems': 64536, 'total_shapes': 1674, 'total_links': 222, 'num_tensors': 56}
2026-08-26 07:36:48,396 [INFO]     [0 | left | 0](candidate_pairs: 28/28 | new_swaps: 8 | total: 18) -> {'max_bond': 64, 'max_links': 4, 'total_elems': 41800, 'total_shapes': 1432, 'total_links': 222, 'num_tensors': 56}
2026-08-26 07:36:48,477 [INFO]     [0 | left | 1](candidate_pairs: 27/27 | new_swaps: 11 | total: 29) -> {'max_bond': 32, 'max_links': 4, 'total_elems': 25512, 'total_shapes': 1164, 'total_links': 222, 'num_tensors': 56}
2026-08-26 07:36:48,528 [INFO]     [0 | right | 0](candidate_pairs: 28/28 | new_swaps: 3 | total: 32) -> {'max_bond': 32, 'max_links': 4, 'total_elems': 23532, 'total_shapes': 1110, 'total_links': 222, 'num_tensors': 56}
2026-08-26 07:36:48,585 [INFO]     [0 | right | 1](candidate_pairs: 27/27 | new_swaps: 4 | total: 36) -> {'max_bond': 32, 'max_links': 4, 'total_elems': 23336, 'total_shapes': 1092, 'total_links': 222, 'num_tensors': 56}
2026-08-26 07:36:48,691 [INFO]     [1 | both | 0](candidate_pairs: 28/28 | new_swaps: 4 | total: 4) -> {'max_bond': 32, 'max_links': 4, 'total_elems': 18344, 'total_shapes': 1012, 'total_links': 222, 'num_tensors': 56}
2026-08-26 07:36:48,785 [INFO]     [1 | both | 1](candidate_pairs: 27/27 | new_swaps: 3 | total: 7) -> {'max_bond': 32, 'max_links': 4, 'total_elems': 17768, 'total_shapes': 988, 'total_links': 222, 'num_tensors': 56}
2026-08-26 07:36:48,834 [INFO]     [1 | left | 0](candidate_pairs: 28/28 | new_swaps: 4 | total: 11) -> {'max_bond': 32, 'max_links': 4, 'total_elems': 13772, 'total_shapes': 922, 'total_links': 222, 'num_tensors': 56}
2026-08-26 07:36:48,880 [INFO]     [1 | left | 1](candidate_pairs: 27/27 | new_swaps: 3 | total: 14) -> {'max_bond': 16, 'max_links': 4, 'total_elems': 12648, 'total_shapes': 880, 'total_links': 222, 'num_tensors': 56}
2026-08-26 07:36:48,925 [INFO]     [1 | right | 0](candidate_pairs: 28/28 | new_swaps: 3 | total: 17) -> {'max_bond': 16, 'max_links': 4, 'total_elems': 12496, 'total_shapes': 868, 'total_links': 222, 'num_tensors': 56}
2026-08-26 07:36:48,947 [INFO]     [1 | right | 1](candidate_pairs: 27/27 | new_swaps: 0 | total: 17) -> {'max_bond': 16, 'max_links': 4, 'total_elems': 12496, 'total_shapes': 868, 'total_links': 222, 'num_tensors': 56}
2026-08-26 07:36:49,033 [INFO]     [2 | both | 0](candidate_pairs: 28/28 | new_swaps: 3 | total: 3) -> {'max_bond': 16, 'max_links': 4, 'total_elems': 12244, 'total_shapes': 854, 'total_links': 222, 'num_tensors': 56}
2026-08-26 07:36:49,121 [INFO]     [2 | both | 1](candidate_pairs: 27/27 | new_swaps: 3 | total: 6) -> {'max_bond': 16, 'max_links': 4, 'total_elems': 11528, 'total_shapes': 828, 'total_links': 222, 'num_tensors': 56}
2026-08-26 07:36:49,143 [INFO]     [2 | left | 0](candidate_pairs: 28/28 | new_swaps: 0 | total: 6) -> {'max_bond': 16, 'max_links': 4, 'total_elems': 11528, 'total_shapes': 828, 'total_links': 222, 'num_tensors': 56}
2026-08-26 07:36:49,164 [INFO]     [2 | left | 1](candidate_pairs: 27/27 | new_swaps: 0 | total: 6) -> {'max_bond': 16, 'max_links': 4, 'total_elems': 11528, 'total_shapes': 828, 'total_links': 222, 'num_tensors': 56}
2026-08-26 07:36:49,186 [INFO]     [2 | right | 0](candidate_pairs: 28/28 | new_swaps: 0 | total: 6) -> {'max_bond': 16, 'max_links': 4, 'total_elems': 11528, 'total_shapes': 828, 'total_links': 222, 'num_tensors': 56}
2026-08-26 07:36:49,207 [INFO]     [2 | right | 1](candidate_pairs: 27/27 | new_swaps: 0 | total: 6) -> {'max_bond': 16, 'max_links': 4, 'total_elems': 11528, 'total_shapes': 828, 'total_links': 222, 'num_tensors': 56}
2026-08-26 07:36:49,288 [INFO]     [3 | both | 0](candidate_pairs: 28/28 | new_swaps: 1 | total: 1) -> {'max_bond': 16, 'max_links': 4, 'total_elems': 11336, 'total_shapes': 820, 'total_links': 222, 'num_tensors': 56}
2026-08-26 07:36:49,368 [INFO]     [3 | both | 1](candidate_pairs: 27/27 | new_swaps: 1 | total: 2) -> {'max_bond': 16, 'max_links': 4, 'total_elems': 11144, 'total_shapes': 812, 'total_links': 222, 'num_tensors': 56}
2026-08-26 07:36:49,389 [INFO]     [3 | left | 0](candidate_pairs: 28/28 | new_swaps: 0 | total: 2) -> {'max_bond': 16, 'max_links': 4, 'total_elems': 11144, 'total_shapes': 812, 'total_links': 222, 'num_tensors': 56}
2026-08-26 07:36:49,412 [INFO]     [3 | left | 1](candidate_pairs: 27/27 | new_swaps: 0 | total: 2) -> {'max_bond': 16, 'max_links': 4, 'total_elems': 11144, 'total_shapes': 812, 'total_links': 222, 'num_tensors': 56}
2026-08-26 07:36:49,433 [INFO]     [3 | right | 0](candidate_pairs: 28/28 | new_swaps: 0 | total: 2) -> {'max_bond': 16, 'max_links': 4, 'total_elems': 11144, 'total_shapes': 812, 'total_links': 222, 'num_tensors': 56}
2026-08-26 07:36:49,454 [INFO]     [3 | right | 1](candidate_pairs: 27/27 | new_swaps: 0 | total: 2) -> {'max_bond': 16, 'max_links': 4, 'total_elems': 11144, 'total_shapes': 812, 'total_links': 222, 'num_tensors': 56}
2026-08-26 07:36:49,530 [INFO]     [4 | both | 0](candidate_pairs: 28/28 | new_swaps: 1 | total: 1) -> {'max_bond': 16, 'max_links': 4, 'total_elems': 10952, 'total_shapes': 804, 'total_links': 222, 'num_tensors': 56}
2026-08-26 07:36:49,607 [INFO]     [4 | both | 1](candidate_pairs: 27/27 | new_swaps: 1 | total: 2) -> {'max_bond': 16, 'max_links': 4, 'total_elems': 10760, 'total_shapes': 796, 'total_links': 222, 'num_tensors': 56}
2026-08-26 07:36:49,628 [INFO]     [4 | left | 0](candidate_pairs: 28/28 | new_swaps: 0 | total: 2) -> {'max_bond': 16, 'max_links': 4, 'total_elems': 10760, 'total_shapes': 796, 'total_links': 222, 'num_tensors': 56}
2026-08-26 07:36:49,653 [INFO]     [4 | left | 1](candidate_pairs: 27/27 | new_swaps: 0 | total: 2) -> {'max_bond': 16, 'max_links': 4, 'total_elems': 10760, 'total_shapes': 796, 'total_links': 222, 'num_tensors': 56}
2026-08-26 07:36:49,678 [INFO]     [4 | right | 0](candidate_pairs: 28/28 | new_swaps: 0 | total: 2) -> {'max_bond': 16, 'max_links': 4, 'total_elems': 10760, 'total_shapes': 796, 'total_links': 222, 'num_tensors': 56}
2026-08-26 07:36:49,701 [INFO]     [4 | right | 1](candidate_pairs: 27/27 | new_swaps: 0 | total: 2) -> {'max_bond': 16, 'max_links': 4, 'total_elems': 10760, 'total_shapes': 796, 'total_links': 222, 'num_tensors': 56}
2026-08-26 07:36:49,749 [INFO]     [5 | both | 0](candidate_pairs: 28/28 | new_swaps: 0 | total: 0) -> {'max_bond': 16, 'max_links': 4, 'total_elems': 10760, 'total_shapes': 796, 'total_links': 222, 'num_tensors': 56}
2026-08-26 07:36:49,794 [INFO]     [5 | both | 1](candidate_pairs: 27/27 | new_swaps: 0 | total: 0) -> {'max_bond': 16, 'max_links': 4, 'total_elems': 10760, 'total_shapes': 796, 'total_links': 222, 'num_tensors': 56}
2026-08-26 07:36:49,815 [INFO]     [5 | left | 0](candidate_pairs: 28/28 | new_swaps: 0 | total: 0) -> {'max_bond': 16, 'max_links': 4, 'total_elems': 10760, 'total_shapes': 796, 'total_links': 222, 'num_tensors': 56}
2026-08-26 07:36:49,836 [INFO]     [5 | left | 1](candidate_pairs: 27/27 | new_swaps: 0 | total: 0) -> {'max_bond': 16, 'max_links': 4, 'total_elems': 10760, 'total_shapes': 796, 'total_links': 222, 'num_tensors': 56}
2026-08-26 07:36:49,856 [INFO]     [5 | right | 0](candidate_pairs: 28/28 | new_swaps: 0 | total: 0) -> {'max_bond': 16, 'max_links': 4, 'total_elems': 10760, 'total_shapes': 796, 'total_links': 222, 'num_tensors': 56}
2026-08-26 07:36:49,877 [INFO]     [5 | right | 1](candidate_pairs: 27/27 | new_swaps: 0 | total: 0) -> {'max_bond': 16, 'max_links': 4, 'total_elems': 10760, 'total_shapes': 796, 'total_links': 222, 'num_tensors': 56}
2026-08-26 07:36:49,877 [INFO]     [end unswap] -> {'max_bond': 16, 'max_links': 4, 'total_elems': 10760, 'total_shapes': 796, 'total_links': 222, 'num_tensors': 56}
2026-08-26 07:36:49,878 [INFO] [start rewire](phase=post_unswap, cycle=21, side=left, layers=1316, trials=20, seed=123, parallel=False, route_candidates=2, route_score=lookahead_total)
2026-08-26 07:37:11,608 [INFO] [end rewire](phase=post_unswap, cycle=21, side=left, routed_layers=1373, elapsed_s=21.73)
2026-08-26 07:37:11,608 [INFO] [start rewire](phase=post_unswap, cycle=21, side=right, layers=1543, trials=20, seed=123, parallel=False, route_candidates=2, route_score=lookahead_total)
2026-08-26 07:37:23,592 [INFO] [end rewire](phase=post_unswap, cycle=21, side=right, routed_layers=1530, elapsed_s=11.98)
2026-08-26 07:37:23,722 [INFO] [1L/1371](swap: 13, u: 1 | c_u: 1 | t_u_l: 104/942 | t_u_r: 75/943 | t_u: 179/1885) -> {'max_bond': 16, 'max_links': 4, 'total_elems': 10728, 'total_shapes': 792, 'total_links': 222, 'num_tensors': 56}
2026-08-26 07:37:23,772 [INFO] [1R/1528](swap: 6, u: 0 | c_u: 1 | t_u_l: 104/942 | t_u_r: 75/943 | t_u: 179/1885) -> {'max_bond': 16, 'max_links': 4, 'total_elems': 11500, 'total_shapes': 852, 'total_links': 222, 'num_tensors': 56}
2026-08-26 07:37:23,820 [INFO] [2R/1528](swap: 6, u: 0 | c_u: 1 | t_u_l: 104/942 | t_u_r: 75/943 | t_u: 179/1885) -> {'max_bond': 16, 'max_links': 4, 'total_elems': 14164, 'total_shapes': 936, 'total_links': 222, 'num_tensors': 56}
2026-08-26 07:37:23,871 [INFO] [2L/1371](swap: 15, u: 0 | c_u: 1 | t_u_l: 104/942 | t_u_r: 75/943 | t_u: 179/1885) -> {'max_bond': 32, 'max_links': 4, 'total_elems': 21348, 'total_shapes': 1120, 'total_links': 222, 'num_tensors': 56}
2026-08-26 07:37:23,936 [INFO] [3R/1528](swap: 5, u: 0 | c_u: 1 | t_u_l: 104/942 | t_u_r: 75/943 | t_u: 179/1885) -> {'max_bond': 64, 'max_links': 4, 'total_elems': 36068, 'total_shapes': 1296, 'total_links': 222, 'num_tensors': 56}
2026-08-26 07:37:24,018 [INFO] [3L/1371](swap: 16, u: 0 | c_u: 1 | t_u_l: 104/942 | t_u_r: 75/943 | t_u: 179/1885) -> {'max_bond': 64, 'max_links': 4, 'total_elems': 50708, 'total_shapes': 1556, 'total_links': 222, 'num_tensors': 56}
2026-08-26 07:37:24,123 [INFO] [4R/1528](swap: 4, u: 0 | c_u: 1 | t_u_l: 104/942 | t_u_r: 75/943 | t_u: 179/1885) -> {'max_bond': 128, 'max_links': 4, 'total_elems': 94484, 'total_shapes': 1804, 'total_links': 222, 'num_tensors': 56}
2026-08-26 07:37:24,295 [INFO] [5R/1528](swap: 3, u: 0 | c_u: 1 | t_u_l: 104/942 | t_u_r: 75/943 | t_u: 179/1885) -> {'max_bond': 128, 'max_links': 4, 'total_elems': 136980, 'total_shapes': 1956, 'total_links': 222, 'num_tensors': 56}
2026-08-26 07:37:24,496 [INFO] [4L/1371](swap: 16, u: 0 | c_u: 1 | t_u_l: 104/942 | t_u_r: 75/943 | t_u: 179/1885) -> {'max_bond': 128, 'max_links': 4, 'total_elems': 190004, 'total_shapes': 2334, 'total_links': 222, 'num_tensors': 56}
2026-08-26 07:37:24,834 [INFO] [6R/1528](swap: 4, u: 0 | c_u: 1 | t_u_l: 104/942 | t_u_r: 75/943 | t_u: 179/1885) -> {'max_bond': 128, 'max_links': 4, 'total_elems': 194612, 'total_shapes': 2382, 'total_links': 222, 'num_tensors': 56}
2026-08-26 07:37:25,161 [INFO] [5L/1371](swap: 16, u: 0 | c_u: 1 | t_u_l: 104/942 | t_u_r: 75/943 | t_u: 179/1885) -> {'max_bond': 128, 'max_links': 4, 'total_elems': 269432, 'total_shapes': 2842, 'total_links': 222, 'num_tensors': 56}
2026-08-26 07:37:25,762 [INFO] [7R/1528](swap: 5, u: 0 | c_u: 1 | t_u_l: 104/942 | t_u_r: 75/943 | t_u: 179/1885) -> {'max_bond': 128, 'max_links': 4, 'total_elems': 281720, 'total_shapes': 2906, 'total_links': 222, 'num_tensors': 56}
2026-08-26 07:37:26,463 [INFO] [6L/1371](swap: 15, u: 0 | c_u: 1 | t_u_l: 104/942 | t_u_r: 75/943 | t_u: 179/1885) -> {'max_bond': 128, 'max_links': 4, 'total_elems': 397064, 'total_shapes': 3502, 'total_links': 222, 'num_tensors': 56}
2026-08-26 07:37:27,336 [INFO] [8R/1528](swap: 5, u: 0 | c_u: 1 | t_u_l: 104/942 | t_u_r: 75/943 | t_u: 179/1885) -> {'max_bond': 128, 'max_links': 4, 'total_elems': 427784, 'total_shapes': 3598, 'total_links': 222, 'num_tensors': 56}
2026-08-26 07:37:28,614 [INFO] [9R/1528](swap: 5, u: 0 | c_u: 1 | t_u_l: 104/942 | t_u_r: 75/943 | t_u: 179/1885) -> {'max_bond': 128, 'max_links': 4, 'total_elems': 553736, 'total_shapes': 4014, 'total_links': 222, 'num_tensors': 56}
2026-08-26 07:37:30,190 [INFO] [7L/1371](swap: 16, u: 0 | c_u: 1 | t_u_l: 104/942 | t_u_r: 75/943 | t_u: 179/1885) -> {'max_bond': 128, 'max_links': 4, 'total_elems': 607608, 'total_shapes': 4560, 'total_links': 222, 'num_tensors': 56}
2026-08-26 07:37:32,065 [INFO] [10R/1528](swap: 5, u: 1 | c_u: 2 | t_u_l: 104/942 | t_u_r: 76/943 | t_u: 180/1885) -> {'max_bond': 128, 'max_links': 4, 'total_elems': 685240, 'total_shapes': 4846, 'total_links': 222, 'num_tensors': 56}
2026-08-26 07:37:33,750 [INFO] [11R/1528](swap: 5, u: 0 | c_u: 2 | t_u_l: 104/942 | t_u_r: 76/943 | t_u: 180/1885) -> {'max_bond': 128, 'max_links': 4, 'total_elems': 815096, 'total_shapes': 5260, 'total_links': 222, 'num_tensors': 56}
2026-08-26 07:37:35,647 [INFO]     [start unswap] -> {'max_bond': 128, 'max_links': 4, 'total_elems': 815096, 'total_shapes': 5260, 'total_links': 222, 'num_tensors': 56}
2026-08-26 07:37:53,174 [INFO]     [0 | both | 0](candidate_pairs: 28/28 | new_swaps: 4 | total: 4) -> {'max_bond': 256, 'max_links': 4, 'total_elems': 1021144, 'total_shapes': 5970, 'total_links': 222, 'num_tensors': 56}
2026-08-26 07:37:57,777 [INFO]     [0 | both | 1](candidate_pairs: 27/27 | new_swaps: 10 | total: 14) -> {'max_bond': 128, 'max_links': 4, 'total_elems': 757368, 'total_shapes': 4830, 'total_links': 222, 'num_tensors': 56}
2026-08-26 07:38:00,138 [INFO]     [0 | left | 0](candidate_pairs: 28/28 | new_swaps: 8 | total: 22) -> {'max_bond': 128, 'max_links': 4, 'total_elems': 553964, 'total_shapes': 4078, 'total_links': 222, 'num_tensors': 56}
2026-08-26 07:38:01,573 [INFO]     [0 | left | 1](candidate_pairs: 27/27 | new_swaps: 14 | total: 36) -> {'max_bond': 128, 'max_links': 4, 'total_elems': 375532, 'total_shapes': 3078, 'total_links': 222, 'num_tensors': 56}
2026-08-26 07:38:02,493 [INFO]     [0 | right | 0](candidate_pairs: 28/28 | new_swaps: 10 | total: 46) -> {'max_bond': 128, 'max_links': 4, 'total_elems': 311172, 'total_shapes': 2702, 'total_links': 222, 'num_tensors': 56}
2026-08-26 07:38:03,297 [INFO]     [0 | right | 1](candidate_pairs: 27/27 | new_swaps: 6 | total: 52) -> {'max_bond': 128, 'max_links': 4, 'total_elems': 256164, 'total_shapes': 2492, 'total_links': 222, 'num_tensors': 56}
2026-08-26 07:38:04,290 [INFO]     [1 | both | 0](candidate_pairs: 28/28 | new_swaps: 11 | total: 11) -> {'max_bond': 128, 'max_links': 4, 'total_elems': 190484, 'total_shapes': 2188, 'total_links': 222, 'num_tensors': 56}
2026-08-26 07:38:05,090 [INFO]     [1 | both | 1](candidate_pairs: 27/27 | new_swaps: 6 | total: 17) -> {'max_bond': 128, 'max_links': 4, 'total_elems': 177212, 'total_shapes': 2074, 'total_links': 222, 'num_tensors': 56}
2026-08-26 07:38:05,399 [INFO]     [1 | left | 0](candidate_pairs: 28/28 | new_swaps: 4 | total: 21) -> {'max_bond': 128, 'max_links': 4, 'total_elems': 172868, 'total_shapes': 1988, 'total_links': 222, 'num_tensors': 56}
2026-08-26 07:38:05,864 [INFO]     [1 | left | 1](candidate_pairs: 27/27 | new_swaps: 2 | total: 23) -> {'max_bond': 128, 'max_links': 4, 'total_elems': 110276, 'total_shapes': 1772, 'total_links': 222, 'num_tensors': 56}
2026-08-26 07:38:06,047 [INFO]     [1 | right | 0](candidate_pairs: 28/28 | new_swaps: 3 | total: 26) -> {'max_bond': 64, 'max_links': 4, 'total_elems': 85012, 'total_shapes': 1624, 'total_links': 222, 'num_tensors': 56}
2026-08-26 07:38:06,212 [INFO]     [1 | right | 1](candidate_pairs: 27/27 | new_swaps: 1 | total: 27) -> {'max_bond': 64, 'max_links': 4, 'total_elems': 84964, 'total_shapes': 1620, 'total_links': 222, 'num_tensors': 56}
2026-08-26 07:38:06,574 [INFO]     [2 | both | 0](candidate_pairs: 28/28 | new_swaps: 6 | total: 6) -> {'max_bond': 64, 'max_links': 4, 'total_elems': 56884, 'total_shapes': 1440, 'total_links': 222, 'num_tensors': 56}
2026-08-26 07:38:06,773 [INFO]     [2 | both | 1](candidate_pairs: 27/27 | new_swaps: 8 | total: 14) -> {'max_bond': 32, 'max_links': 4, 'total_elems': 41348, 'total_shapes': 1274, 'total_links': 222, 'num_tensors': 56}
2026-08-26 07:38:06,842 [INFO]     [2 | left | 0](candidate_pairs: 28/28 | new_swaps: 1 | total: 15) -> {'max_bond': 32, 'max_links': 4, 'total_elems': 38200, 'total_shapes': 1238, 'total_links': 222, 'num_tensors': 56}
2026-08-26 07:38:06,915 [INFO]     [2 | left | 1](candidate_pairs: 27/27 | new_swaps: 1 | total: 16) -> {'max_bond': 32, 'max_links': 4, 'total_elems': 38128, 'total_shapes': 1232, 'total_links': 222, 'num_tensors': 56}
2026-08-26 07:38:06,958 [INFO]     [2 | right | 0](candidate_pairs: 28/28 | new_swaps: 0 | total: 16) -> {'max_bond': 32, 'max_links': 4, 'total_elems': 38128, 'total_shapes': 1232, 'total_links': 222, 'num_tensors': 56}
2026-08-26 07:38:07,004 [INFO]     [2 | right | 1](candidate_pairs: 27/27 | new_swaps: 0 | total: 16) -> {'max_bond': 32, 'max_links': 4, 'total_elems': 38128, 'total_shapes': 1232, 'total_links': 222, 'num_tensors': 56}
2026-08-26 07:38:07,172 [INFO]     [3 | both | 0](candidate_pairs: 28/28 | new_swaps: 6 | total: 6) -> {'max_bond': 32, 'max_links': 4, 'total_elems': 34024, 'total_shapes': 1168, 'total_links': 222, 'num_tensors': 56}
2026-08-26 07:38:07,308 [INFO]     [3 | both | 1](candidate_pairs: 27/27 | new_swaps: 2 | total: 8) -> {'max_bond': 32, 'max_links': 4, 'total_elems': 33064, 'total_shapes': 1144, 'total_links': 222, 'num_tensors': 56}
2026-08-26 07:38:07,382 [INFO]     [3 | left | 0](candidate_pairs: 28/28 | new_swaps: 1 | total: 9) -> {'max_bond': 32, 'max_links': 4, 'total_elems': 33004, 'total_shapes': 1138, 'total_links': 222, 'num_tensors': 56}
2026-08-26 07:38:07,442 [INFO]     [3 | left | 1](candidate_pairs: 27/27 | new_swaps: 1 | total: 10) -> {'max_bond': 32, 'max_links': 4, 'total_elems': 29932, 'total_shapes': 1106, 'total_links': 222, 'num_tensors': 56}
2026-08-26 07:38:07,476 [INFO]     [3 | right | 0](candidate_pairs: 28/28 | new_swaps: 0 | total: 10) -> {'max_bond': 32, 'max_links': 4, 'total_elems': 29932, 'total_shapes': 1106, 'total_links': 222, 'num_tensors': 56}
2026-08-26 07:38:07,513 [INFO]     [3 | right | 1](candidate_pairs: 27/27 | new_swaps: 0 | total: 10) -> {'max_bond': 32, 'max_links': 4, 'total_elems': 29932, 'total_shapes': 1106, 'total_links': 222, 'num_tensors': 56}
2026-08-26 07:38:07,651 [INFO]     [4 | both | 0](candidate_pairs: 28/28 | new_swaps: 3 | total: 3) -> {'max_bond': 32, 'max_links': 4, 'total_elems': 25900, 'total_shapes': 1050, 'total_links': 222, 'num_tensors': 56}
2026-08-26 07:38:07,771 [INFO]     [4 | both | 1](candidate_pairs: 27/27 | new_swaps: 4 | total: 7) -> {'max_bond': 32, 'max_links': 4, 'total_elems': 21828, 'total_shapes': 990, 'total_links': 222, 'num_tensors': 56}
2026-08-26 07:38:07,816 [INFO]     [4 | left | 0](candidate_pairs: 28/28 | new_swaps: 1 | total: 8) -> {'max_bond': 32, 'max_links': 4, 'total_elems': 20548, 'total_shapes': 974, 'total_links': 222, 'num_tensors': 56}
2026-08-26 07:38:08,518 [INFO]     [4 | left | 1](candidate_pairs: 27/27 | new_swaps: 0 | total: 8) -> {'max_bond': 32, 'max_links': 4, 'total_elems': 20548, 'total_shapes': 974, 'total_links': 222, 'num_tensors': 56}
2026-08-26 07:38:08,543 [INFO]     [4 | right | 0](candidate_pairs: 28/28 | new_swaps: 0 | total: 8) -> {'max_bond': 32, 'max_links': 4, 'total_elems': 20548, 'total_shapes': 974, 'total_links': 222, 'num_tensors': 56}
2026-08-26 07:38:08,574 [INFO]     [4 | right | 1](candidate_pairs: 27/27 | new_swaps: 0 | total: 8) -> {'max_bond': 32, 'max_links': 4, 'total_elems': 20548, 'total_shapes': 974, 'total_links': 222, 'num_tensors': 56}
2026-08-26 07:38:08,678 [INFO]     [5 | both | 0](candidate_pairs: 28/28 | new_swaps: 2 | total: 2) -> {'max_bond': 32, 'max_links': 4, 'total_elems': 20308, 'total_shapes': 962, 'total_links': 222, 'num_tensors': 56}
2026-08-26 07:38:08,777 [INFO]     [5 | both | 1](candidate_pairs: 27/27 | new_swaps: 2 | total: 4) -> {'max_bond': 32, 'max_links': 4, 'total_elems': 17736, 'total_shapes': 928, 'total_links': 222, 'num_tensors': 56}
2026-08-26 07:38:08,819 [INFO]     [5 | left | 0](candidate_pairs: 28/28 | new_swaps: 1 | total: 5) -> {'max_bond': 32, 'max_links': 4, 'total_elems': 15688, 'total_shapes': 896, 'total_links': 222, 'num_tensors': 56}
2026-08-26 07:38:08,844 [INFO]     [5 | left | 1](candidate_pairs: 27/27 | new_swaps: 0 | total: 5) -> {'max_bond': 32, 'max_links': 4, 'total_elems': 15688, 'total_shapes': 896, 'total_links': 222, 'num_tensors': 56}
2026-08-26 07:38:08,867 [INFO]     [5 | right | 0](candidate_pairs: 28/28 | new_swaps: 0 | total: 5) -> {'max_bond': 32, 'max_links': 4, 'total_elems': 15688, 'total_shapes': 896, 'total_links': 222, 'num_tensors': 56}
2026-08-26 07:38:08,891 [INFO]     [5 | right | 1](candidate_pairs: 27/27 | new_swaps: 0 | total: 5) -> {'max_bond': 32, 'max_links': 4, 'total_elems': 15688, 'total_shapes': 896, 'total_links': 222, 'num_tensors': 56}
2026-08-26 07:38:08,943 [INFO]     [6 | both | 0](candidate_pairs: 28/28 | new_swaps: 0 | total: 0) -> {'max_bond': 32, 'max_links': 4, 'total_elems': 15688, 'total_shapes': 896, 'total_links': 222, 'num_tensors': 56}
2026-08-26 07:38:08,998 [INFO]     [6 | both | 1](candidate_pairs: 27/27 | new_swaps: 0 | total: 0) -> {'max_bond': 32, 'max_links': 4, 'total_elems': 15688, 'total_shapes': 896, 'total_links': 222, 'num_tensors': 56}
2026-08-26 07:38:09,022 [INFO]     [6 | left | 0](candidate_pairs: 28/28 | new_swaps: 0 | total: 0) -> {'max_bond': 32, 'max_links': 4, 'total_elems': 15688, 'total_shapes': 896, 'total_links': 222, 'num_tensors': 56}
2026-08-26 07:38:09,047 [INFO]     [6 | left | 1](candidate_pairs: 27/27 | new_swaps: 0 | total: 0) -> {'max_bond': 32, 'max_links': 4, 'total_elems': 15688, 'total_shapes': 896, 'total_links': 222, 'num_tensors': 56}
2026-08-26 07:38:09,071 [INFO]     [6 | right | 0](candidate_pairs: 28/28 | new_swaps: 0 | total: 0) -> {'max_bond': 32, 'max_links': 4, 'total_elems': 15688, 'total_shapes': 896, 'total_links': 222, 'num_tensors': 56}
2026-08-26 07:38:09,097 [INFO]     [6 | right | 1](candidate_pairs: 27/27 | new_swaps: 0 | total: 0) -> {'max_bond': 32, 'max_links': 4, 'total_elems': 15688, 'total_shapes': 896, 'total_links': 222, 'num_tensors': 56}
2026-08-26 07:38:09,097 [INFO]     [end unswap] -> {'max_bond': 32, 'max_links': 4, 'total_elems': 15688, 'total_shapes': 896, 'total_links': 222, 'num_tensors': 56}
2026-08-26 07:38:09,138 [INFO] [start rewire](phase=post_unswap, cycle=22, side=left, layers=1366, trials=20, seed=123, parallel=False, route_candidates=2, route_score=lookahead_total)
2026-08-26 07:38:13,209 [INFO] [end rewire](phase=post_unswap, cycle=22, side=left, routed_layers=1454, elapsed_s=4.07)
2026-08-26 07:38:13,209 [INFO] [start rewire](phase=post_unswap, cycle=22, side=right, layers=1519, trials=20, seed=123, parallel=False, route_candidates=2, route_score=lookahead_total)
2026-08-26 07:38:27,152 [INFO] [end rewire](phase=post_unswap, cycle=22, side=right, routed_layers=1459, elapsed_s=13.94)
2026-08-26 07:38:27,256 [INFO] [1L/1452](swap: 14, u: 1 | c_u: 1 | t_u_l: 105/942 | t_u_r: 76/943 | t_u: 181/1885) -> {'max_bond': 32, 'max_links': 4, 'total_elems': 18760, 'total_shapes': 928, 'total_links': 222, 'num_tensors': 56}
2026-08-26 07:38:27,322 [INFO] [1R/1457](swap: 8, u: 0 | c_u: 1 | t_u_l: 105/942 | t_u_r: 76/943 | t_u: 181/1885) -> {'max_bond': 64, 'max_links': 4, 'total_elems': 31472, 'total_shapes': 1148, 'total_links': 222, 'num_tensors': 56}
2026-08-26 07:38:27,398 [INFO] [2L/1452](swap: 16, u: 1 | c_u: 2 | t_u_l: 106/942 | t_u_r: 76/943 | t_u: 182/1885) -> {'max_bond': 32, 'max_links': 4, 'total_elems': 22736, 'total_shapes': 1066, 'total_links': 222, 'num_tensors': 56}
2026-08-26 07:38:27,462 [INFO] [3L/1452](swap: 15, u: 0 | c_u: 2 | t_u_l: 106/942 | t_u_r: 76/943 | t_u: 182/1885) -> {'max_bond': 64, 'max_links': 4, 'total_elems': 42032, 'total_shapes': 1440, 'total_links': 222, 'num_tensors': 56}
2026-08-26 07:38:27,538 [INFO] [2R/1457](swap: 8, u: 0 | c_u: 2 | t_u_l: 106/942 | t_u_r: 76/943 | t_u: 182/1885) -> {'max_bond': 64, 'max_links': 4, 'total_elems': 38816, 'total_shapes': 1324, 'total_links': 222, 'num_tensors': 56}
2026-08-26 07:38:27,610 [INFO] [3R/1457](swap: 6, u: 0 | c_u: 2 | t_u_l: 106/942 | t_u_r: 76/943 | t_u: 182/1885) -> {'max_bond': 64, 'max_links': 4, 'total_elems': 67872, 'total_shapes': 1636, 'total_links': 222, 'num_tensors': 56}
2026-08-26 07:38:27,711 [INFO] [4L/1452](swap: 15, u: 1 | c_u: 3 | t_u_l: 107/942 | t_u_r: 76/943 | t_u: 183/1885) -> {'max_bond': 64, 'max_links': 4, 'total_elems': 82988, 'total_shapes': 1876, 'total_links': 222, 'num_tensors': 56}
2026-08-26 07:38:27,821 [INFO] [4R/1457](swap: 6, u: 0 | c_u: 3 | t_u_l: 107/942 | t_u_r: 76/943 | t_u: 183/1885) -> {'max_bond': 128, 'max_links': 4, 'total_elems': 139244, 'total_shapes': 2220, 'total_links': 222, 'num_tensors': 56}
2026-08-26 07:38:27,995 [INFO] [5L/1452](swap: 13, u: 2 | c_u: 5 | t_u_l: 109/942 | t_u_r: 76/943 | t_u: 185/1885) -> {'max_bond': 128, 'max_links': 4, 'total_elems': 223704, 'total_shapes': 2826, 'total_links': 222, 'num_tensors': 56}
2026-08-26 07:38:28,365 [INFO] [6L/1452](swap: 12, u: 0 | c_u: 5 | t_u_l: 109/942 | t_u_r: 76/943 | t_u: 185/1885) -> {'max_bond': 128, 'max_links': 4, 'total_elems': 279776, 'total_shapes': 3312, 'total_links': 222, 'num_tensors': 56}
2026-08-26 07:38:28,734 [INFO] [5R/1457](swap: 6, u: 0 | c_u: 5 | t_u_l: 109/942 | t_u_r: 76/943 | t_u: 185/1885) -> {'max_bond': 128, 'max_links': 4, 'total_elems': 390752, 'total_shapes': 3624, 'total_links': 222, 'num_tensors': 56}
2026-08-26 07:38:29,280 [INFO]     [start unswap] -> {'max_bond': 128, 'max_links': 4, 'total_elems': 390752, 'total_shapes': 3624, 'total_links': 222, 'num_tensors': 56}
2026-08-26 07:38:36,930 [INFO]     [0 | both | 0](candidate_pairs: 28/28 | new_swaps: 5 | total: 5) -> {'max_bond': 256, 'max_links': 4, 'total_elems': 537184, 'total_shapes': 4176, 'total_links': 222, 'num_tensors': 56}
2026-08-26 07:38:38,511 [INFO]     [0 | both | 1](candidate_pairs: 27/27 | new_swaps: 16 | total: 21) -> {'max_bond': 128, 'max_links': 4, 'total_elems': 194944, 'total_shapes': 2554, 'total_links': 222, 'num_tensors': 56}
2026-08-26 07:38:38,790 [INFO]     [0 | left | 0](candidate_pairs: 28/28 | new_swaps: 14 | total: 35) -> {'max_bond': 128, 'max_links': 4, 'total_elems': 151356, 'total_shapes': 2120, 'total_links': 222, 'num_tensors': 56}
2026-08-26 07:38:39,169 [INFO]     [0 | left | 1](candidate_pairs: 27/27 | new_swaps: 8 | total: 43) -> {'max_bond': 128, 'max_links': 4, 'total_elems': 86656, 'total_shapes': 1840, 'total_links': 222, 'num_tensors': 56}
2026-08-26 07:38:39,302 [INFO]     [0 | right | 0](candidate_pairs: 28/28 | new_swaps: 6 | total: 49) -> {'max_bond': 64, 'max_links': 4, 'total_elems': 60384, 'total_shapes': 1582, 'total_links': 222, 'num_tensors': 56}
2026-08-26 07:38:39,400 [INFO]     [0 | right | 1](candidate_pairs: 27/27 | new_swaps: 7 | total: 56) -> {'max_bond': 32, 'max_links': 4, 'total_elems': 45024, 'total_shapes': 1398, 'total_links': 222, 'num_tensors': 56}
2026-08-26 07:38:39,563 [INFO]     [1 | both | 0](candidate_pairs: 28/28 | new_swaps: 9 | total: 9) -> {'max_bond': 32, 'max_links': 4, 'total_elems': 36420, 'total_shapes': 1248, 'total_links': 222, 'num_tensors': 56}
2026-08-26 07:38:39,711 [INFO]     [1 | both | 1](candidate_pairs: 27/27 | new_swaps: 10 | total: 19) -> {'max_bond': 32, 'max_links': 4, 'total_elems': 27052, 'total_shapes': 1088, 'total_links': 222, 'num_tensors': 56}
2026-08-26 07:38:39,773 [INFO]     [1 | left | 0](candidate_pairs: 28/28 | new_swaps: 7 | total: 26) -> {'max_bond': 32, 'max_links': 4, 'total_elems': 21920, 'total_shapes': 1002, 'total_links': 222, 'num_tensors': 56}
2026-08-26 07:38:39,826 [INFO]     [1 | left | 1](candidate_pairs: 27/27 | new_swaps: 3 | total: 29) -> {'max_bond': 32, 'max_links': 4, 'total_elems': 17988, 'total_shapes': 944, 'total_links': 222, 'num_tensors': 56}
2026-08-26 07:38:39,866 [INFO]     [1 | right | 0](candidate_pairs: 28/28 | new_swaps: 1 | total: 30) -> {'max_bond': 32, 'max_links': 4, 'total_elems': 16964, 'total_shapes': 912, 'total_links': 222, 'num_tensors': 56}
2026-08-26 07:38:39,891 [INFO]     [1 | right | 1](candidate_pairs: 27/27 | new_swaps: 0 | total: 30) -> {'max_bond': 32, 'max_links': 4, 'total_elems': 16964, 'total_shapes': 912, 'total_links': 222, 'num_tensors': 56}
2026-08-26 07:38:39,989 [INFO]     [2 | both | 0](candidate_pairs: 28/28 | new_swaps: 5 | total: 5) -> {'max_bond': 32, 'max_links': 4, 'total_elems': 13308, 'total_shapes': 856, 'total_links': 222, 'num_tensors': 56}
2026-08-26 07:38:40,076 [INFO]     [2 | both | 1](candidate_pairs: 27/27 | new_swaps: 5 | total: 10) -> {'max_bond': 16, 'max_links': 4, 'total_elems': 9396, 'total_shapes': 784, 'total_links': 222, 'num_tensors': 56}
2026-08-26 07:38:40,119 [INFO]     [2 | left | 0](candidate_pairs: 28/28 | new_swaps: 2 | total: 12) -> {'max_bond': 16, 'max_links': 4, 'total_elems': 8824, 'total_shapes': 762, 'total_links': 222, 'num_tensors': 56}
2026-08-26 07:38:40,154 [INFO]     [2 | left | 1](candidate_pairs: 27/27 | new_swaps: 1 | total: 13) -> {'max_bond': 16, 'max_links': 4, 'total_elems': 8784, 'total_shapes': 758, 'total_links': 222, 'num_tensors': 56}
2026-08-26 07:38:40,174 [INFO]     [2 | right | 0](candidate_pairs: 28/28 | new_swaps: 0 | total: 13) -> {'max_bond': 16, 'max_links': 4, 'total_elems': 8784, 'total_shapes': 758, 'total_links': 222, 'num_tensors': 56}
2026-08-26 07:38:40,208 [INFO]     [2 | right | 1](candidate_pairs: 27/27 | new_swaps: 1 | total: 14) -> {'max_bond': 16, 'max_links': 4, 'total_elems': 8760, 'total_shapes': 754, 'total_links': 222, 'num_tensors': 56}
2026-08-26 07:38:40,287 [INFO]     [3 | both | 0](candidate_pairs: 28/28 | new_swaps: 2 | total: 2) -> {'max_bond': 16, 'max_links': 4, 'total_elems': 7944, 'total_shapes': 734, 'total_links': 222, 'num_tensors': 56}
2026-08-26 07:38:40,364 [INFO]     [3 | both | 1](candidate_pairs: 27/27 | new_swaps: 3 | total: 5) -> {'max_bond': 16, 'max_links': 4, 'total_elems': 7116, 'total_shapes': 712, 'total_links': 222, 'num_tensors': 56}
2026-08-26 07:38:40,384 [INFO]     [3 | left | 0](candidate_pairs: 28/28 | new_swaps: 0 | total: 5) -> {'max_bond': 16, 'max_links': 4, 'total_elems': 7116, 'total_shapes': 712, 'total_links': 222, 'num_tensors': 56}
2026-08-26 07:38:40,403 [INFO]     [3 | left | 1](candidate_pairs: 27/27 | new_swaps: 0 | total: 5) -> {'max_bond': 16, 'max_links': 4, 'total_elems': 7116, 'total_shapes': 712, 'total_links': 222, 'num_tensors': 56}
2026-08-26 07:38:40,421 [INFO]     [3 | right | 0](candidate_pairs: 28/28 | new_swaps: 0 | total: 5) -> {'max_bond': 16, 'max_links': 4, 'total_elems': 7116, 'total_shapes': 712, 'total_links': 222, 'num_tensors': 56}
2026-08-26 07:38:40,441 [INFO]     [3 | right | 1](candidate_pairs: 27/27 | new_swaps: 0 | total: 5) -> {'max_bond': 16, 'max_links': 4, 'total_elems': 7116, 'total_shapes': 712, 'total_links': 222, 'num_tensors': 56}
2026-08-26 07:38:40,519 [INFO]     [4 | both | 0](candidate_pairs: 28/28 | new_swaps: 3 | total: 3) -> {'max_bond': 16, 'max_links': 4, 'total_elems': 6288, 'total_shapes': 690, 'total_links': 222, 'num_tensors': 56}
2026-08-26 07:38:40,597 [INFO]     [4 | both | 1](candidate_pairs: 27/27 | new_swaps: 2 | total: 5) -> {'max_bond': 16, 'max_links': 4, 'total_elems': 5508, 'total_shapes': 672, 'total_links': 222, 'num_tensors': 56}
2026-08-26 07:38:40,629 [INFO]     [4 | left | 0](candidate_pairs: 28/28 | new_swaps: 1 | total: 6) -> {'max_bond': 8, 'max_links': 4, 'total_elems': 4996, 'total_shapes': 656, 'total_links': 222, 'num_tensors': 56}
2026-08-26 07:38:40,647 [INFO]     [4 | left | 1](candidate_pairs: 27/27 | new_swaps: 0 | total: 6) -> {'max_bond': 8, 'max_links': 4, 'total_elems': 4996, 'total_shapes': 656, 'total_links': 222, 'num_tensors': 56}
2026-08-26 07:38:40,679 [INFO]     [4 | right | 0](candidate_pairs: 28/28 | new_swaps: 1 | total: 7) -> {'max_bond': 8, 'max_links': 4, 'total_elems': 4740, 'total_shapes': 648, 'total_links': 222, 'num_tensors': 56}
2026-08-26 07:38:40,697 [INFO]     [4 | right | 1](candidate_pairs: 27/27 | new_swaps: 0 | total: 7) -> {'max_bond': 8, 'max_links': 4, 'total_elems': 4740, 'total_shapes': 648, 'total_links': 222, 'num_tensors': 56}
2026-08-26 07:38:40,733 [INFO]     [5 | both | 0](candidate_pairs: 28/28 | new_swaps: 0 | total: 0) -> {'max_bond': 8, 'max_links': 4, 'total_elems': 4740, 'total_shapes': 648, 'total_links': 222, 'num_tensors': 56}
2026-08-26 07:38:40,795 [INFO]     [5 | both | 1](candidate_pairs: 27/27 | new_swaps: 1 | total: 1) -> {'max_bond': 8, 'max_links': 4, 'total_elems': 4548, 'total_shapes': 640, 'total_links': 222, 'num_tensors': 56}
2026-08-26 07:38:40,827 [INFO]     [5 | left | 0](candidate_pairs: 28/28 | new_swaps: 1 | total: 2) -> {'max_bond': 8, 'max_links': 4, 'total_elems': 4356, 'total_shapes': 632, 'total_links': 222, 'num_tensors': 56}
2026-08-26 07:38:40,845 [INFO]     [5 | left | 1](candidate_pairs: 27/27 | new_swaps: 0 | total: 2) -> {'max_bond': 8, 'max_links': 4, 'total_elems': 4356, 'total_shapes': 632, 'total_links': 222, 'num_tensors': 56}
2026-08-26 07:38:40,862 [INFO]     [5 | right | 0](candidate_pairs: 28/28 | new_swaps: 0 | total: 2) -> {'max_bond': 8, 'max_links': 4, 'total_elems': 4356, 'total_shapes': 632, 'total_links': 222, 'num_tensors': 56}
2026-08-26 07:38:40,879 [INFO]     [5 | right | 1](candidate_pairs: 27/27 | new_swaps: 0 | total: 2) -> {'max_bond': 8, 'max_links': 4, 'total_elems': 4356, 'total_shapes': 632, 'total_links': 222, 'num_tensors': 56}
2026-08-26 07:38:40,914 [INFO]     [6 | both | 0](candidate_pairs: 28/28 | new_swaps: 0 | total: 0) -> {'max_bond': 8, 'max_links': 4, 'total_elems': 4356, 'total_shapes': 632, 'total_links': 222, 'num_tensors': 56}
2026-08-26 07:38:40,947 [INFO]     [6 | both | 1](candidate_pairs: 27/27 | new_swaps: 0 | total: 0) -> {'max_bond': 8, 'max_links': 4, 'total_elems': 4356, 'total_shapes': 632, 'total_links': 222, 'num_tensors': 56}
2026-08-26 07:38:40,965 [INFO]     [6 | left | 0](candidate_pairs: 28/28 | new_swaps: 0 | total: 0) -> {'max_bond': 8, 'max_links': 4, 'total_elems': 4356, 'total_shapes': 632, 'total_links': 222, 'num_tensors': 56}
2026-08-26 07:38:40,982 [INFO]     [6 | left | 1](candidate_pairs: 27/27 | new_swaps: 0 | total: 0) -> {'max_bond': 8, 'max_links': 4, 'total_elems': 4356, 'total_shapes': 632, 'total_links': 222, 'num_tensors': 56}
2026-08-26 07:38:40,999 [INFO]     [6 | right | 0](candidate_pairs: 28/28 | new_swaps: 0 | total: 0) -> {'max_bond': 8, 'max_links': 4, 'total_elems': 4356, 'total_shapes': 632, 'total_links': 222, 'num_tensors': 56}
2026-08-26 07:38:41,016 [INFO]     [6 | right | 1](candidate_pairs: 27/27 | new_swaps: 0 | total: 0) -> {'max_bond': 8, 'max_links': 4, 'total_elems': 4356, 'total_shapes': 632, 'total_links': 222, 'num_tensors': 56}
2026-08-26 07:38:41,017 [INFO]     [end unswap] -> {'max_bond': 8, 'max_links': 4, 'total_elems': 4356, 'total_shapes': 632, 'total_links': 222, 'num_tensors': 56}
2026-08-26 07:38:41,060 [INFO] [start rewire](phase=post_unswap, cycle=23, side=left, layers=1448, trials=20, seed=123, parallel=False, route_candidates=2, route_score=lookahead_total)
2026-08-26 07:38:45,106 [INFO] [end rewire](phase=post_unswap, cycle=23, side=left, routed_layers=1428, elapsed_s=4.05)
2026-08-26 07:38:45,107 [INFO] [start rewire](phase=post_unswap, cycle=23, side=right, layers=1454, trials=20, seed=123, parallel=False, route_candidates=2, route_score=lookahead_total)
2026-08-26 07:38:47,932 [INFO] [end rewire](phase=post_unswap, cycle=23, side=right, routed_layers=1525, elapsed_s=2.83)
2026-08-26 07:38:48,026 [INFO] [1L/1426](swap: 14, u: 1 | c_u: 1 | t_u_l: 110/942 | t_u_r: 76/943 | t_u: 186/1885) -> {'max_bond': 8, 'max_links': 4, 'total_elems': 4228, 'total_shapes': 624, 'total_links': 222, 'num_tensors': 56}
2026-08-26 07:38:48,072 [INFO] [2L/1426](swap: 14, u: 0 | c_u: 1 | t_u_l: 110/942 | t_u_r: 76/943 | t_u: 186/1885) -> {'max_bond': 16, 'max_links': 4, 'total_elems': 5876, 'total_shapes': 752, 'total_links': 222, 'num_tensors': 56}
2026-08-26 07:38:48,118 [INFO] [1R/1523](swap: 14, u: 0 | c_u: 1 | t_u_l: 110/942 | t_u_r: 76/943 | t_u: 186/1885) -> {'max_bond': 16, 'max_links': 4, 'total_elems': 7984, 'total_shapes': 814, 'total_links': 222, 'num_tensors': 56}
2026-08-26 07:38:48,166 [INFO] [2R/1523](swap: 12, u: 0 | c_u: 1 | t_u_l: 110/942 | t_u_r: 76/943 | t_u: 186/1885) -> {'max_bond': 16, 'max_links': 4, 'total_elems': 12652, 'total_shapes': 946, 'total_links': 222, 'num_tensors': 56}
2026-08-26 07:38:48,218 [INFO] [3L/1426](swap: 15, u: 0 | c_u: 1 | t_u_l: 110/942 | t_u_r: 76/943 | t_u: 186/1885) -> {'max_bond': 16, 'max_links': 4, 'total_elems': 14092, 'total_shapes': 1016, 'total_links': 222, 'num_tensors': 56}
2026-08-26 07:38:48,270 [INFO] [3R/1523](swap: 8, u: 1 | c_u: 2 | t_u_l: 110/942 | t_u_r: 77/943 | t_u: 187/1885) -> {'max_bond': 32, 'max_links': 4, 'total_elems': 21004, 'total_shapes': 1188, 'total_links': 222, 'num_tensors': 56}
2026-08-26 07:38:48,330 [INFO] [4L/1426](swap: 16, u: 0 | c_u: 2 | t_u_l: 110/942 | t_u_r: 77/943 | t_u: 187/1885) -> {'max_bond': 32, 'max_links': 4, 'total_elems': 25028, 'total_shapes': 1312, 'total_links': 222, 'num_tensors': 56}
2026-08-26 07:38:48,392 [INFO] [5L/1426](swap: 16, u: 0 | c_u: 2 | t_u_l: 110/942 | t_u_r: 77/943 | t_u: 187/1885) -> {'max_bond': 64, 'max_links': 4, 'total_elems': 41520, 'total_shapes': 1598, 'total_links': 222, 'num_tensors': 56}
2026-08-26 07:38:48,460 [INFO] [4R/1523](swap: 6, u: 0 | c_u: 2 | t_u_l: 110/942 | t_u_r: 77/943 | t_u: 187/1885) -> {'max_bond': 64, 'max_links': 4, 'total_elems': 58608, 'total_shapes': 1862, 'total_links': 222, 'num_tensors': 56}
2026-08-26 07:38:48,541 [INFO] [6L/1426](swap: 15, u: 1 | c_u: 3 | t_u_l: 111/942 | t_u_r: 77/943 | t_u: 188/1885) -> {'max_bond': 64, 'max_links': 4, 'total_elems': 87640, 'total_shapes': 2232, 'total_links': 222, 'num_tensors': 56}
2026-08-26 07:38:48,673 [INFO] [5R/1523](swap: 7, u: 0 | c_u: 3 | t_u_l: 111/942 | t_u_r: 77/943 | t_u: 188/1885) -> {'max_bond': 64, 'max_links': 4, 'total_elems': 129304, 'total_shapes': 2512, 'total_links': 222, 'num_tensors': 56}
2026-08-26 07:38:48,834 [INFO] [6R/1523](swap: 5, u: 0 | c_u: 3 | t_u_l: 111/942 | t_u_r: 77/943 | t_u: 188/1885) -> {'max_bond': 64, 'max_links': 4, 'total_elems': 173336, 'total_shapes': 2784, 'total_links': 222, 'num_tensors': 56}
2026-08-26 07:38:49,087 [INFO] [7L/1426](swap: 14, u: 1 | c_u: 4 | t_u_l: 112/942 | t_u_r: 77/943 | t_u: 189/1885) -> {'max_bond': 128, 'max_links': 4, 'total_elems': 235092, 'total_shapes': 3382, 'total_links': 222, 'num_tensors': 56}
2026-08-26 07:38:49,421 [INFO] [7R/1523](swap: 5, u: 0 | c_u: 4 | t_u_l: 112/942 | t_u_r: 77/943 | t_u: 189/1885) -> {'max_bond': 128, 'max_links': 4, 'total_elems': 318036, 'total_shapes': 3734, 'total_links': 222, 'num_tensors': 56}
2026-08-26 07:38:49,877 [INFO] [8R/1523](swap: 3, u: 1 | c_u: 5 | t_u_l: 112/942 | t_u_r: 78/943 | t_u: 190/1885) -> {'max_bond': 128, 'max_links': 4, 'total_elems': 303700, 'total_shapes': 3702, 'total_links': 222, 'num_tensors': 56}
2026-08-26 07:38:50,255 [INFO] [9R/1523](swap: 2, u: 1 | c_u: 6 | t_u_l: 112/942 | t_u_r: 79/943 | t_u: 191/1885) -> {'max_bond': 128, 'max_links': 4, 'total_elems': 294484, 'total_shapes': 3702, 'total_links': 222, 'num_tensors': 56}
2026-08-26 07:38:50,650 [INFO] [10R/1523](swap: 4, u: 0 | c_u: 6 | t_u_l: 112/942 | t_u_r: 79/943 | t_u: 191/1885) -> {'max_bond': 128, 'max_links': 4, 'total_elems': 343636, 'total_shapes': 3990, 'total_links': 222, 'num_tensors': 56}
2026-08-26 07:38:51,176 [INFO]     [start unswap] -> {'max_bond': 128, 'max_links': 4, 'total_elems': 343636, 'total_shapes': 3990, 'total_links': 222, 'num_tensors': 56}
2026-08-26 07:38:55,672 [INFO]     [0 | both | 0](candidate_pairs: 28/28 | new_swaps: 5 | total: 5) -> {'max_bond': 256, 'max_links': 4, 'total_elems': 587708, 'total_shapes': 5072, 'total_links': 222, 'num_tensors': 56}
2026-08-26 07:38:57,915 [INFO]     [0 | both | 1](candidate_pairs: 27/27 | new_swaps: 11 | total: 16) -> {'max_bond': 256, 'max_links': 4, 'total_elems': 317852, 'total_shapes': 3640, 'total_links': 222, 'num_tensors': 56}
2026-08-26 07:38:58,403 [INFO]     [0 | left | 0](candidate_pairs: 28/28 | new_swaps: 14 | total: 30) -> {'max_bond': 64, 'max_links': 4, 'total_elems': 141548, 'total_shapes': 2522, 'total_links': 222, 'num_tensors': 56}
2026-08-26 07:38:58,609 [INFO]     [0 | left | 1](candidate_pairs: 27/27 | new_swaps: 12 | total: 42) -> {'max_bond': 64, 'max_links': 4, 'total_elems': 107380, 'total_shapes': 2130, 'total_links': 222, 'num_tensors': 56}
2026-08-26 07:38:58,760 [INFO]     [0 | right | 0](candidate_pairs: 28/28 | new_swaps: 7 | total: 49) -> {'max_bond': 64, 'max_links': 4, 'total_elems': 93700, 'total_shapes': 1882, 'total_links': 222, 'num_tensors': 56}
2026-08-26 07:38:58,929 [INFO]     [0 | right | 1](candidate_pairs: 27/27 | new_swaps: 6 | total: 55) -> {'max_bond': 64, 'max_links': 4, 'total_elems': 84736, 'total_shapes': 1744, 'total_links': 222, 'num_tensors': 56}
2026-08-26 07:38:59,266 [INFO]     [1 | both | 0](candidate_pairs: 28/28 | new_swaps: 10 | total: 10) -> {'max_bond': 64, 'max_links': 4, 'total_elems': 59056, 'total_shapes': 1468, 'total_links': 222, 'num_tensors': 56}
2026-08-26 07:38:59,468 [INFO]     [1 | both | 1](candidate_pairs: 27/27 | new_swaps: 10 | total: 20) -> {'max_bond': 64, 'max_links': 4, 'total_elems': 23200, 'total_shapes': 1144, 'total_links': 222, 'num_tensors': 56}
2026-08-26 07:38:59,520 [INFO]     [1 | left | 0](candidate_pairs: 28/28 | new_swaps: 5 | total: 25) -> {'max_bond': 16, 'max_links': 4, 'total_elems': 15708, 'total_shapes': 1004, 'total_links': 222, 'num_tensors': 56}
2026-08-26 07:38:59,569 [INFO]     [1 | left | 1](candidate_pairs: 27/27 | new_swaps: 5 | total: 30) -> {'max_bond': 16, 'max_links': 4, 'total_elems': 15028, 'total_shapes': 972, 'total_links': 222, 'num_tensors': 56}
2026-08-26 07:38:59,612 [INFO]     [1 | right | 0](candidate_pairs: 28/28 | new_swaps: 1 | total: 31) -> {'max_bond': 16, 'max_links': 4, 'total_elems': 14956, 'total_shapes': 968, 'total_links': 222, 'num_tensors': 56}
2026-08-26 07:38:59,659 [INFO]     [1 | right | 1](candidate_pairs: 27/27 | new_swaps: 3 | total: 34) -> {'max_bond': 16, 'max_links': 4, 'total_elems': 13884, 'total_shapes': 932, 'total_links': 222, 'num_tensors': 56}
2026-08-26 07:38:59,745 [INFO]     [2 | both | 0](candidate_pairs: 28/28 | new_swaps: 7 | total: 7) -> {'max_bond': 16, 'max_links': 4, 'total_elems': 10824, 'total_shapes': 842, 'total_links': 222, 'num_tensors': 56}
2026-08-26 07:38:59,822 [INFO]     [2 | both | 1](candidate_pairs: 27/27 | new_swaps: 2 | total: 9) -> {'max_bond': 16, 'max_links': 4, 'total_elems': 8904, 'total_shapes': 794, 'total_links': 222, 'num_tensors': 56}
2026-08-26 07:38:59,866 [INFO]     [2 | left | 0](candidate_pairs: 28/28 | new_swaps: 5 | total: 14) -> {'max_bond': 16, 'max_links': 4, 'total_elems': 7980, 'total_shapes': 756, 'total_links': 222, 'num_tensors': 56}
2026-08-26 07:38:59,909 [INFO]     [2 | left | 1](candidate_pairs: 27/27 | new_swaps: 3 | total: 17) -> {'max_bond': 16, 'max_links': 4, 'total_elems': 6956, 'total_shapes': 724, 'total_links': 222, 'num_tensors': 56}
2026-08-26 07:38:59,941 [INFO]     [2 | right | 0](candidate_pairs: 28/28 | new_swaps: 1 | total: 18) -> {'max_bond': 16, 'max_links': 4, 'total_elems': 6188, 'total_shapes': 700, 'total_links': 222, 'num_tensors': 56}
2026-08-26 07:38:59,972 [INFO]     [2 | right | 1](candidate_pairs: 27/27 | new_swaps: 1 | total: 19) -> {'max_bond': 16, 'max_links': 4, 'total_elems': 5548, 'total_shapes': 684, 'total_links': 222, 'num_tensors': 56}
2026-08-26 07:39:00,044 [INFO]     [3 | both | 0](candidate_pairs: 28/28 | new_swaps: 3 | total: 3) -> {'max_bond': 16, 'max_links': 4, 'total_elems': 4156, 'total_shapes': 640, 'total_links': 222, 'num_tensors': 56}
2026-08-26 07:39:00,116 [INFO]     [3 | both | 1](candidate_pairs: 27/27 | new_swaps: 7 | total: 10) -> {'max_bond': 8, 'max_links': 4, 'total_elems': 3304, 'total_shapes': 598, 'total_links': 222, 'num_tensors': 56}
2026-08-26 07:39:00,133 [INFO]     [3 | left | 0](candidate_pairs: 28/28 | new_swaps: 0 | total: 10) -> {'max_bond': 8, 'max_links': 4, 'total_elems': 3304, 'total_shapes': 598, 'total_links': 222, 'num_tensors': 56}
2026-08-26 07:39:00,164 [INFO]     [3 | left | 1](candidate_pairs: 27/27 | new_swaps: 1 | total: 11) -> {'max_bond': 8, 'max_links': 4, 'total_elems': 3112, 'total_shapes': 590, 'total_links': 222, 'num_tensors': 56}
2026-08-26 07:39:00,204 [INFO]     [3 | right | 0](candidate_pairs: 28/28 | new_swaps: 2 | total: 13) -> {'max_bond': 8, 'max_links': 4, 'total_elems': 2912, 'total_shapes': 576, 'total_links': 222, 'num_tensors': 56}
2026-08-26 07:39:00,222 [INFO]     [3 | right | 1](candidate_pairs: 27/27 | new_swaps: 0 | total: 13) -> {'max_bond': 8, 'max_links': 4, 'total_elems': 2912, 'total_shapes': 576, 'total_links': 222, 'num_tensors': 56}
2026-08-26 07:39:00,282 [INFO]     [4 | both | 0](candidate_pairs: 28/28 | new_swaps: 1 | total: 1) -> {'max_bond': 8, 'max_links': 4, 'total_elems': 2900, 'total_shapes': 574, 'total_links': 222, 'num_tensors': 56}
2026-08-26 07:39:00,342 [INFO]     [4 | both | 1](candidate_pairs: 27/27 | new_swaps: 1 | total: 2) -> {'max_bond': 8, 'max_links': 4, 'total_elems': 2840, 'total_shapes': 568, 'total_links': 222, 'num_tensors': 56}
2026-08-26 07:39:00,373 [INFO]     [4 | left | 0](candidate_pairs: 28/28 | new_swaps: 1 | total: 3) -> {'max_bond': 8, 'max_links': 4, 'total_elems': 2780, 'total_shapes': 562, 'total_links': 222, 'num_tensors': 56}
2026-08-26 07:39:00,389 [INFO]     [4 | left | 1](candidate_pairs: 27/27 | new_swaps: 0 | total: 3) -> {'max_bond': 8, 'max_links': 4, 'total_elems': 2780, 'total_shapes': 562, 'total_links': 222, 'num_tensors': 56}
2026-08-26 07:39:00,405 [INFO]     [4 | right | 0](candidate_pairs: 28/28 | new_swaps: 0 | total: 3) -> {'max_bond': 8, 'max_links': 4, 'total_elems': 2780, 'total_shapes': 562, 'total_links': 222, 'num_tensors': 56}
2026-08-26 07:39:00,421 [INFO]     [4 | right | 1](candidate_pairs: 27/27 | new_swaps: 0 | total: 3) -> {'max_bond': 8, 'max_links': 4, 'total_elems': 2780, 'total_shapes': 562, 'total_links': 222, 'num_tensors': 56}
2026-08-26 07:39:00,453 [INFO]     [5 | both | 0](candidate_pairs: 28/28 | new_swaps: 0 | total: 0) -> {'max_bond': 8, 'max_links': 4, 'total_elems': 2780, 'total_shapes': 562, 'total_links': 222, 'num_tensors': 56}
2026-08-26 07:39:00,512 [INFO]     [5 | both | 1](candidate_pairs: 27/27 | new_swaps: 1 | total: 1) -> {'max_bond': 8, 'max_links': 4, 'total_elems': 2720, 'total_shapes': 556, 'total_links': 222, 'num_tensors': 56}
2026-08-26 07:39:00,529 [INFO]     [5 | left | 0](candidate_pairs: 28/28 | new_swaps: 0 | total: 1) -> {'max_bond': 8, 'max_links': 4, 'total_elems': 2720, 'total_shapes': 556, 'total_links': 222, 'num_tensors': 56}
2026-08-26 07:39:00,546 [INFO]     [5 | left | 1](candidate_pairs: 27/27 | new_swaps: 0 | total: 1) -> {'max_bond': 8, 'max_links': 4, 'total_elems': 2720, 'total_shapes': 556, 'total_links': 222, 'num_tensors': 56}
2026-08-26 07:39:00,576 [INFO]     [5 | right | 0](candidate_pairs: 28/28 | new_swaps: 1 | total: 2) -> {'max_bond': 8, 'max_links': 4, 'total_elems': 2680, 'total_shapes': 552, 'total_links': 222, 'num_tensors': 56}
2026-08-26 07:39:00,592 [INFO]     [5 | right | 1](candidate_pairs: 27/27 | new_swaps: 0 | total: 2) -> {'max_bond': 8, 'max_links': 4, 'total_elems': 2680, 'total_shapes': 552, 'total_links': 222, 'num_tensors': 56}
2026-08-26 07:39:00,623 [INFO]     [6 | both | 0](candidate_pairs: 28/28 | new_swaps: 0 | total: 0) -> {'max_bond': 8, 'max_links': 4, 'total_elems': 2680, 'total_shapes': 552, 'total_links': 222, 'num_tensors': 56}
2026-08-26 07:39:00,655 [INFO]     [6 | both | 1](candidate_pairs: 27/27 | new_swaps: 0 | total: 0) -> {'max_bond': 8, 'max_links': 4, 'total_elems': 2680, 'total_shapes': 552, 'total_links': 222, 'num_tensors': 56}
2026-08-26 07:39:00,671 [INFO]     [6 | left | 0](candidate_pairs: 28/28 | new_swaps: 0 | total: 0) -> {'max_bond': 8, 'max_links': 4, 'total_elems': 2680, 'total_shapes': 552, 'total_links': 222, 'num_tensors': 56}
2026-08-26 07:39:00,688 [INFO]     [6 | left | 1](candidate_pairs: 27/27 | new_swaps: 0 | total: 0) -> {'max_bond': 8, 'max_links': 4, 'total_elems': 2680, 'total_shapes': 552, 'total_links': 222, 'num_tensors': 56}
2026-08-26 07:39:00,705 [INFO]     [6 | right | 0](candidate_pairs: 28/28 | new_swaps: 0 | total: 0) -> {'max_bond': 8, 'max_links': 4, 'total_elems': 2680, 'total_shapes': 552, 'total_links': 222, 'num_tensors': 56}
2026-08-26 07:39:00,721 [INFO]     [6 | right | 1](candidate_pairs: 27/27 | new_swaps: 0 | total: 0) -> {'max_bond': 8, 'max_links': 4, 'total_elems': 2680, 'total_shapes': 552, 'total_links': 222, 'num_tensors': 56}
2026-08-26 07:39:00,721 [INFO]     [end unswap] -> {'max_bond': 8, 'max_links': 4, 'total_elems': 2680, 'total_shapes': 552, 'total_links': 222, 'num_tensors': 56}
2026-08-26 07:39:00,722 [INFO] [start rewire](phase=post_unswap, cycle=24, side=left, layers=1421, trials=20, seed=123, parallel=False, route_candidates=2, route_score=lookahead_total)
2026-08-26 07:39:04,017 [INFO] [end rewire](phase=post_unswap, cycle=24, side=left, routed_layers=1381, elapsed_s=3.29)
2026-08-26 07:39:04,017 [INFO] [start rewire](phase=post_unswap, cycle=24, side=right, layers=1515, trials=20, seed=123, parallel=False, route_candidates=2, route_score=lookahead_total)
2026-08-26 07:39:06,709 [INFO] [end rewire](phase=post_unswap, cycle=24, side=right, routed_layers=1336, elapsed_s=2.69)
2026-08-26 07:39:06,804 [INFO] [1L/1379](swap: 12, u: 1 | c_u: 1 | t_u_l: 113/942 | t_u_r: 79/943 | t_u: 192/1885) -> {'max_bond': 8, 'max_links': 4, 'total_elems': 2680, 'total_shapes': 552, 'total_links': 222, 'num_tensors': 56}
2026-08-26 07:39:06,850 [INFO] [2L/1379](swap: 16, u: 0 | c_u: 1 | t_u_l: 113/942 | t_u_r: 79/943 | t_u: 192/1885) -> {'max_bond': 16, 'max_links': 4, 'total_elems': 4044, 'total_shapes': 654, 'total_links': 222, 'num_tensors': 56}
2026-08-26 07:39:06,895 [INFO] [1R/1334](swap: 9, u: 1 | c_u: 2 | t_u_l: 113/942 | t_u_r: 80/943 | t_u: 193/1885) -> {'max_bond': 16, 'max_links': 4, 'total_elems': 4484, 'total_shapes': 694, 'total_links': 222, 'num_tensors': 56}
2026-08-26 07:39:06,941 [INFO] [3L/1379](swap: 17, u: 0 | c_u: 2 | t_u_l: 113/942 | t_u_r: 80/943 | t_u: 193/1885) -> {'max_bond': 16, 'max_links': 4, 'total_elems': 7328, 'total_shapes': 834, 'total_links': 222, 'num_tensors': 56}
2026-08-26 07:39:06,989 [INFO] [2R/1334](swap: 10, u: 0 | c_u: 2 | t_u_l: 113/942 | t_u_r: 80/943 | t_u: 193/1885) -> {'max_bond': 16, 'max_links': 4, 'total_elems': 9392, 'total_shapes': 870, 'total_links': 222, 'num_tensors': 56}
2026-08-26 07:39:07,043 [INFO] [3R/1334](swap: 10, u: 0 | c_u: 2 | t_u_l: 113/942 | t_u_r: 80/943 | t_u: 193/1885) -> {'max_bond': 32, 'max_links': 4, 'total_elems': 13712, 'total_shapes': 1002, 'total_links': 222, 'num_tensors': 56}
2026-08-26 07:39:07,095 [INFO] [4R/1334](swap: 6, u: 0 | c_u: 2 | t_u_l: 113/942 | t_u_r: 80/943 | t_u: 193/1885) -> {'max_bond': 32, 'max_links': 4, 'total_elems': 16628, 'total_shapes': 1072, 'total_links': 222, 'num_tensors': 56}
2026-08-26 07:39:07,151 [INFO] [5R/1334](swap: 4, u: 1 | c_u: 3 | t_u_l: 113/942 | t_u_r: 81/943 | t_u: 194/1885) -> {'max_bond': 32, 'max_links': 4, 'total_elems': 18484, 'total_shapes': 1116, 'total_links': 222, 'num_tensors': 56}
2026-08-26 07:39:07,209 [INFO] [6R/1334](swap: 4, u: 0 | c_u: 3 | t_u_l: 113/942 | t_u_r: 81/943 | t_u: 194/1885) -> {'max_bond': 32, 'max_links': 4, 'total_elems': 20020, 'total_shapes': 1188, 'total_links': 222, 'num_tensors': 56}
2026-08-26 07:39:07,266 [INFO] [7R/1334](swap: 3, u: 1 | c_u: 4 | t_u_l: 113/942 | t_u_r: 82/943 | t_u: 195/1885) -> {'max_bond': 32, 'max_links': 4, 'total_elems': 24500, 'total_shapes': 1276, 'total_links': 222, 'num_tensors': 56}
2026-08-26 07:39:07,331 [INFO] [4L/1379](swap: 16, u: 2 | c_u: 6 | t_u_l: 115/942 | t_u_r: 82/943 | t_u: 197/1885) -> {'max_bond': 64, 'max_links': 4, 'total_elems': 31560, 'total_shapes': 1400, 'total_links': 222, 'num_tensors': 56}
2026-08-26 07:39:07,397 [INFO] [8R/1334](swap: 4, u: 0 | c_u: 6 | t_u_l: 115/942 | t_u_r: 82/943 | t_u: 197/1885) -> {'max_bond': 64, 'max_links': 4, 'total_elems': 46344, 'total_shapes': 1568, 'total_links': 222, 'num_tensors': 56}
2026-08-26 07:39:07,491 [INFO] [5L/1379](swap: 15, u: 0 | c_u: 6 | t_u_l: 115/942 | t_u_r: 82/943 | t_u: 197/1885) -> {'max_bond': 64, 'max_links': 4, 'total_elems': 89640, 'total_shapes': 1926, 'total_links': 222, 'num_tensors': 56}
2026-08-26 07:39:07,659 [INFO] [9R/1334](swap: 3, u: 1 | c_u: 7 | t_u_l: 115/942 | t_u_r: 83/943 | t_u: 198/1885) -> {'max_bond': 64, 'max_links': 4, 'total_elems': 110120, 'total_shapes': 2054, 'total_links': 222, 'num_tensors': 56}
2026-08-26 07:39:07,905 [INFO]     [start unswap] -> {'max_bond': 64, 'max_links': 4, 'total_elems': 110120, 'total_shapes': 2054, 'total_links': 222, 'num_tensors': 56}
2026-08-26 07:39:08,681 [INFO]     [0 | both | 0](candidate_pairs: 28/28 | new_swaps: 9 | total: 9) -> {'max_bond': 64, 'max_links': 4, 'total_elems': 94892, 'total_shapes': 1986, 'total_links': 222, 'num_tensors': 56}
2026-08-26 07:39:09,006 [INFO]     [0 | both | 1](candidate_pairs: 27/27 | new_swaps: 11 | total: 20) -> {'max_bond': 64, 'max_links': 4, 'total_elems': 57988, 'total_shapes': 1486, 'total_links': 222, 'num_tensors': 56}
2026-08-26 07:39:09,100 [INFO]     [0 | left | 0](candidate_pairs: 28/28 | new_swaps: 9 | total: 29) -> {'max_bond': 64, 'max_links': 4, 'total_elems': 37252, 'total_shapes': 1206, 'total_links': 222, 'num_tensors': 56}
2026-08-26 07:39:09,169 [INFO]     [0 | left | 1](candidate_pairs: 27/27 | new_swaps: 10 | total: 39) -> {'max_bond': 64, 'max_links': 4, 'total_elems': 19756, 'total_shapes': 1020, 'total_links': 222, 'num_tensors': 56}
2026-08-26 07:39:09,225 [INFO]     [0 | right | 0](candidate_pairs: 28/28 | new_swaps: 8 | total: 47) -> {'max_bond': 32, 'max_links': 4, 'total_elems': 12608, 'total_shapes': 870, 'total_links': 222, 'num_tensors': 56}
2026-08-26 07:39:09,274 [INFO]     [0 | right | 1](candidate_pairs: 27/27 | new_swaps: 4 | total: 51) -> {'max_bond': 32, 'max_links': 4, 'total_elems': 8640, 'total_shapes': 806, 'total_links': 222, 'num_tensors': 56}
2026-08-26 07:39:09,349 [INFO]     [1 | both | 0](candidate_pairs: 28/28 | new_swaps: 3 | total: 3) -> {'max_bond': 16, 'max_links': 4, 'total_elems': 6996, 'total_shapes': 748, 'total_links': 222, 'num_tensors': 56}
2026-08-26 07:39:09,423 [INFO]     [1 | both | 1](candidate_pairs: 27/27 | new_swaps: 3 | total: 6) -> {'max_bond': 16, 'max_links': 4, 'total_elems': 6744, 'total_shapes': 734, 'total_links': 222, 'num_tensors': 56}
2026-08-26 07:39:09,466 [INFO]     [1 | left | 0](candidate_pairs: 28/28 | new_swaps: 4 | total: 10) -> {'max_bond': 16, 'max_links': 4, 'total_elems': 5696, 'total_shapes': 694, 'total_links': 222, 'num_tensors': 56}
2026-08-26 07:39:09,507 [INFO]     [1 | left | 1](candidate_pairs: 27/27 | new_swaps: 2 | total: 12) -> {'max_bond': 16, 'max_links': 4, 'total_elems': 5612, 'total_shapes': 684, 'total_links': 222, 'num_tensors': 56}
2026-08-26 07:39:09,541 [INFO]     [1 | right | 0](candidate_pairs: 28/28 | new_swaps: 1 | total: 13) -> {'max_bond': 16, 'max_links': 4, 'total_elems': 5356, 'total_shapes': 676, 'total_links': 222, 'num_tensors': 56}
2026-08-26 07:39:09,584 [INFO]     [1 | right | 1](candidate_pairs: 27/27 | new_swaps: 2 | total: 15) -> {'max_bond': 16, 'max_links': 4, 'total_elems': 4976, 'total_shapes': 662, 'total_links': 222, 'num_tensors': 56}
2026-08-26 07:39:09,661 [INFO]     [2 | both | 0](candidate_pairs: 28/28 | new_swaps: 3 | total: 3) -> {'max_bond': 16, 'max_links': 4, 'total_elems': 4312, 'total_shapes': 642, 'total_links': 222, 'num_tensors': 56}
2026-08-26 07:39:09,731 [INFO]     [2 | both | 1](candidate_pairs: 27/27 | new_swaps: 3 | total: 6) -> {'max_bond': 8, 'max_links': 4, 'total_elems': 3596, 'total_shapes': 616, 'total_links': 222, 'num_tensors': 56}
2026-08-26 07:39:09,763 [INFO]     [2 | left | 0](candidate_pairs: 28/28 | new_swaps: 1 | total: 7) -> {'max_bond': 8, 'max_links': 4, 'total_elems': 3404, 'total_shapes': 608, 'total_links': 222, 'num_tensors': 56}
2026-08-26 07:39:09,780 [INFO]     [2 | left | 1](candidate_pairs: 27/27 | new_swaps: 0 | total: 7) -> {'max_bond': 8, 'max_links': 4, 'total_elems': 3404, 'total_shapes': 608, 'total_links': 222, 'num_tensors': 56}
2026-08-26 07:39:09,818 [INFO]     [2 | right | 0](candidate_pairs: 28/28 | new_swaps: 2 | total: 9) -> {'max_bond': 8, 'max_links': 4, 'total_elems': 3172, 'total_shapes': 596, 'total_links': 222, 'num_tensors': 56}
2026-08-26 07:39:09,848 [INFO]     [2 | right | 1](candidate_pairs: 27/27 | new_swaps: 1 | total: 10) -> {'max_bond': 8, 'max_links': 4, 'total_elems': 3100, 'total_shapes': 590, 'total_links': 222, 'num_tensors': 56}
2026-08-26 07:39:09,918 [INFO]     [3 | both | 0](candidate_pairs: 28/28 | new_swaps: 2 | total: 2) -> {'max_bond': 8, 'max_links': 4, 'total_elems': 3028, 'total_shapes': 582, 'total_links': 222, 'num_tensors': 56}
2026-08-26 07:39:09,978 [INFO]     [3 | both | 1](candidate_pairs: 27/27 | new_swaps: 1 | total: 3) -> {'max_bond': 8, 'max_links': 4, 'total_elems': 2968, 'total_shapes': 576, 'total_links': 222, 'num_tensors': 56}
2026-08-26 07:39:09,995 [INFO]     [3 | left | 0](candidate_pairs: 28/28 | new_swaps: 0 | total: 3) -> {'max_bond': 8, 'max_links': 4, 'total_elems': 2968, 'total_shapes': 576, 'total_links': 222, 'num_tensors': 56}
2026-08-26 07:39:10,011 [INFO]     [3 | left | 1](candidate_pairs: 27/27 | new_swaps: 0 | total: 3) -> {'max_bond': 8, 'max_links': 4, 'total_elems': 2968, 'total_shapes': 576, 'total_links': 222, 'num_tensors': 56}
2026-08-26 07:39:10,042 [INFO]     [3 | right | 0](candidate_pairs: 28/28 | new_swaps: 1 | total: 4) -> {'max_bond': 8, 'max_links': 4, 'total_elems': 2928, 'total_shapes': 572, 'total_links': 222, 'num_tensors': 56}
2026-08-26 07:39:10,058 [INFO]     [3 | right | 1](candidate_pairs: 27/27 | new_swaps: 0 | total: 4) -> {'max_bond': 8, 'max_links': 4, 'total_elems': 2928, 'total_shapes': 572, 'total_links': 222, 'num_tensors': 56}
2026-08-26 07:39:10,091 [INFO]     [4 | both | 0](candidate_pairs: 28/28 | new_swaps: 0 | total: 0) -> {'max_bond': 8, 'max_links': 4, 'total_elems': 2928, 'total_shapes': 572, 'total_links': 222, 'num_tensors': 56}
2026-08-26 07:39:10,151 [INFO]     [4 | both | 1](candidate_pairs: 27/27 | new_swaps: 1 | total: 1) -> {'max_bond': 8, 'max_links': 4, 'total_elems': 2880, 'total_shapes': 568, 'total_links': 222, 'num_tensors': 56}
2026-08-26 07:39:10,168 [INFO]     [4 | left | 0](candidate_pairs: 28/28 | new_swaps: 0 | total: 1) -> {'max_bond': 8, 'max_links': 4, 'total_elems': 2880, 'total_shapes': 568, 'total_links': 222, 'num_tensors': 56}
2026-08-26 07:39:10,184 [INFO]     [4 | left | 1](candidate_pairs: 27/27 | new_swaps: 0 | total: 1) -> {'max_bond': 8, 'max_links': 4, 'total_elems': 2880, 'total_shapes': 568, 'total_links': 222, 'num_tensors': 56}
2026-08-26 07:39:10,201 [INFO]     [4 | right | 0](candidate_pairs: 28/28 | new_swaps: 0 | total: 1) -> {'max_bond': 8, 'max_links': 4, 'total_elems': 2880, 'total_shapes': 568, 'total_links': 222, 'num_tensors': 56}
2026-08-26 07:39:10,217 [INFO]     [4 | right | 1](candidate_pairs: 27/27 | new_swaps: 0 | total: 1) -> {'max_bond': 8, 'max_links': 4, 'total_elems': 2880, 'total_shapes': 568, 'total_links': 222, 'num_tensors': 56}
2026-08-26 07:39:10,278 [INFO]     [5 | both | 0](candidate_pairs: 28/28 | new_swaps: 1 | total: 1) -> {'max_bond': 8, 'max_links': 4, 'total_elems': 2868, 'total_shapes': 566, 'total_links': 222, 'num_tensors': 56}
2026-08-26 07:39:10,309 [INFO]     [5 | both | 1](candidate_pairs: 27/27 | new_swaps: 0 | total: 1) -> {'max_bond': 8, 'max_links': 4, 'total_elems': 2868, 'total_shapes': 566, 'total_links': 222, 'num_tensors': 56}
2026-08-26 07:39:10,326 [INFO]     [5 | left | 0](candidate_pairs: 28/28 | new_swaps: 0 | total: 1) -> {'max_bond': 8, 'max_links': 4, 'total_elems': 2868, 'total_shapes': 566, 'total_links': 222, 'num_tensors': 56}
2026-08-26 07:39:10,342 [INFO]     [5 | left | 1](candidate_pairs: 27/27 | new_swaps: 0 | total: 1) -> {'max_bond': 8, 'max_links': 4, 'total_elems': 2868, 'total_shapes': 566, 'total_links': 222, 'num_tensors': 56}
2026-08-26 07:39:10,359 [INFO]     [5 | right | 0](candidate_pairs: 28/28 | new_swaps: 0 | total: 1) -> {'max_bond': 8, 'max_links': 4, 'total_elems': 2868, 'total_shapes': 566, 'total_links': 222, 'num_tensors': 56}
2026-08-26 07:39:10,375 [INFO]     [5 | right | 1](candidate_pairs: 27/27 | new_swaps: 0 | total: 1) -> {'max_bond': 8, 'max_links': 4, 'total_elems': 2868, 'total_shapes': 566, 'total_links': 222, 'num_tensors': 56}
2026-08-26 07:39:10,408 [INFO]     [6 | both | 0](candidate_pairs: 28/28 | new_swaps: 0 | total: 0) -> {'max_bond': 8, 'max_links': 4, 'total_elems': 2868, 'total_shapes': 566, 'total_links': 222, 'num_tensors': 56}
2026-08-26 07:39:10,440 [INFO]     [6 | both | 1](candidate_pairs: 27/27 | new_swaps: 0 | total: 0) -> {'max_bond': 8, 'max_links': 4, 'total_elems': 2868, 'total_shapes': 566, 'total_links': 222, 'num_tensors': 56}
2026-08-26 07:39:10,457 [INFO]     [6 | left | 0](candidate_pairs: 28/28 | new_swaps: 0 | total: 0) -> {'max_bond': 8, 'max_links': 4, 'total_elems': 2868, 'total_shapes': 566, 'total_links': 222, 'num_tensors': 56}
2026-08-26 07:39:10,473 [INFO]     [6 | left | 1](candidate_pairs: 27/27 | new_swaps: 0 | total: 0) -> {'max_bond': 8, 'max_links': 4, 'total_elems': 2868, 'total_shapes': 566, 'total_links': 222, 'num_tensors': 56}
2026-08-26 07:39:10,490 [INFO]     [6 | right | 0](candidate_pairs: 28/28 | new_swaps: 0 | total: 0) -> {'max_bond': 8, 'max_links': 4, 'total_elems': 2868, 'total_shapes': 566, 'total_links': 222, 'num_tensors': 56}
2026-08-26 07:39:10,506 [INFO]     [6 | right | 1](candidate_pairs: 27/27 | new_swaps: 0 | total: 0) -> {'max_bond': 8, 'max_links': 4, 'total_elems': 2868, 'total_shapes': 566, 'total_links': 222, 'num_tensors': 56}
2026-08-26 07:39:10,506 [INFO]     [end unswap] -> {'max_bond': 8, 'max_links': 4, 'total_elems': 2868, 'total_shapes': 566, 'total_links': 222, 'num_tensors': 56}
2026-08-26 07:39:10,507 [INFO] [start rewire](phase=post_unswap, cycle=25, side=left, layers=1376, trials=20, seed=123, parallel=False, route_candidates=2, route_score=lookahead_total)
2026-08-26 07:39:13,271 [INFO] [end rewire](phase=post_unswap, cycle=25, side=left, routed_layers=1409, elapsed_s=2.76)
2026-08-26 07:39:13,271 [INFO] [start rewire](phase=post_unswap, cycle=25, side=right, layers=1327, trials=20, seed=123, parallel=False, route_candidates=2, route_score=lookahead_total)
2026-08-26 07:39:16,007 [INFO] [end rewire](phase=post_unswap, cycle=25, side=right, routed_layers=1489, elapsed_s=2.74)
2026-08-26 07:39:16,150 [INFO] [1L/1407](swap: 10, u: 2 | c_u: 2 | t_u_l: 117/942 | t_u_r: 83/943 | t_u: 200/1885) -> {'max_bond': 8, 'max_links': 4, 'total_elems': 2612, 'total_shapes': 550, 'total_links': 222, 'num_tensors': 56}
2026-08-26 07:39:16,195 [INFO] [2L/1407](swap: 11, u: 1 | c_u: 3 | t_u_l: 118/942 | t_u_r: 83/943 | t_u: 201/1885) -> {'max_bond': 16, 'max_links': 4, 'total_elems': 3384, 'total_shapes': 610, 'total_links': 222, 'num_tensors': 56}
2026-08-26 07:39:16,240 [INFO] [3L/1407](swap: 11, u: 0 | c_u: 3 | t_u_l: 118/942 | t_u_r: 83/943 | t_u: 201/1885) -> {'max_bond': 16, 'max_links': 4, 'total_elems': 4052, 'total_shapes': 666, 'total_links': 222, 'num_tensors': 56}
2026-08-26 07:39:16,285 [INFO] [1R/1487](swap: 9, u: 0 | c_u: 3 | t_u_l: 118/942 | t_u_r: 83/943 | t_u: 201/1885) -> {'max_bond': 16, 'max_links': 4, 'total_elems': 5320, 'total_shapes': 746, 'total_links': 222, 'num_tensors': 56}
2026-08-26 07:39:16,330 [INFO] [2R/1487](swap: 6, u: 0 | c_u: 3 | t_u_l: 118/942 | t_u_r: 83/943 | t_u: 201/1885) -> {'max_bond': 16, 'max_links': 4, 'total_elems': 7144, 'total_shapes': 802, 'total_links': 222, 'num_tensors': 56}
2026-08-26 07:39:16,377 [INFO] [3R/1487](swap: 6, u: 0 | c_u: 3 | t_u_l: 118/942 | t_u_r: 83/943 | t_u: 201/1885) -> {'max_bond': 16, 'max_links': 4, 'total_elems': 10380, 'total_shapes': 888, 'total_links': 222, 'num_tensors': 56}
2026-08-26 07:39:16,422 [INFO] [4L/1407](swap: 9, u: 0 | c_u: 3 | t_u_l: 118/942 | t_u_r: 83/943 | t_u: 201/1885) -> {'max_bond': 16, 'max_links': 4, 'total_elems': 14028, 'total_shapes': 990, 'total_links': 222, 'num_tensors': 56}
2026-08-26 07:39:16,472 [INFO] [4R/1487](swap: 4, u: 0 | c_u: 3 | t_u_l: 118/942 | t_u_r: 83/943 | t_u: 201/1885) -> {'max_bond': 64, 'max_links': 4, 'total_elems': 22156, 'total_shapes': 1150, 'total_links': 222, 'num_tensors': 56}
2026-08-26 07:39:16,528 [INFO] [5R/1487](swap: 4, u: 0 | c_u: 3 | t_u_l: 118/942 | t_u_r: 83/943 | t_u: 201/1885) -> {'max_bond': 64, 'max_links': 4, 'total_elems': 30796, 'total_shapes': 1294, 'total_links': 222, 'num_tensors': 56}
2026-08-26 07:39:16,593 [INFO] [6R/1487](swap: 4, u: 0 | c_u: 3 | t_u_l: 118/942 | t_u_r: 83/943 | t_u: 201/1885) -> {'max_bond': 64, 'max_links': 4, 'total_elems': 37996, 'total_shapes': 1420, 'total_links': 222, 'num_tensors': 56}
2026-08-26 07:39:16,661 [INFO] [7R/1487](swap: 4, u: 0 | c_u: 3 | t_u_l: 118/942 | t_u_r: 83/943 | t_u: 201/1885) -> {'max_bond': 64, 'max_links': 4, 'total_elems': 55852, 'total_shapes': 1564, 'total_links': 222, 'num_tensors': 56}
2026-08-26 07:39:16,747 [INFO] [8R/1487](swap: 3, u: 0 | c_u: 3 | t_u_l: 118/942 | t_u_r: 83/943 | t_u: 201/1885) -> {'max_bond': 64, 'max_links': 4, 'total_elems': 71284, 'total_shapes': 1666, 'total_links': 222, 'num_tensors': 56}
2026-08-26 07:39:16,847 [INFO] [9R/1487](swap: 2, u: 1 | c_u: 4 | t_u_l: 118/942 | t_u_r: 84/943 | t_u: 202/1885) -> {'max_bond': 64, 'max_links': 4, 'total_elems': 87004, 'total_shapes': 1774, 'total_links': 222, 'num_tensors': 56}
2026-08-26 07:39:16,947 [INFO] [10R/1487](swap: 2, u: 0 | c_u: 4 | t_u_l: 118/942 | t_u_r: 84/943 | t_u: 202/1885) -> {'max_bond': 64, 'max_links': 4, 'total_elems': 87676, 'total_shapes': 1804, 'total_links': 222, 'num_tensors': 56}
2026-08-26 07:39:17,053 [INFO] [11R/1487](swap: 2, u: 0 | c_u: 4 | t_u_l: 118/942 | t_u_r: 84/943 | t_u: 202/1885) -> {'max_bond': 64, 'max_links': 4, 'total_elems': 88700, 'total_shapes': 1820, 'total_links': 222, 'num_tensors': 56}
2026-08-26 07:39:17,160 [INFO] [12R/1487](swap: 1, u: 2 | c_u: 6 | t_u_l: 118/942 | t_u_r: 86/943 | t_u: 204/1885) -> {'max_bond': 64, 'max_links': 4, 'total_elems': 94140, 'total_shapes': 1860, 'total_links': 222, 'num_tensors': 56}
2026-08-26 07:39:17,276 [INFO] [13R/1487](swap: 4, u: 0 | c_u: 6 | t_u_l: 118/942 | t_u_r: 86/943 | t_u: 204/1885) -> {'max_bond': 64, 'max_links': 4, 'total_elems': 106428, 'total_shapes': 1972, 'total_links': 222, 'num_tensors': 56}
2026-08-26 07:39:17,401 [INFO] [14R/1487](swap: 4, u: 0 | c_u: 6 | t_u_l: 118/942 | t_u_r: 86/943 | t_u: 204/1885) -> {'max_bond': 64, 'max_links': 4, 'total_elems': 128412, 'total_shapes': 2120, 'total_links': 222, 'num_tensors': 56}
2026-08-26 07:39:17,539 [INFO] [15R/1487](swap: 4, u: 1 | c_u: 7 | t_u_l: 118/942 | t_u_r: 87/943 | t_u: 205/1885) -> {'max_bond': 64, 'max_links': 4, 'total_elems': 127388, 'total_shapes': 2096, 'total_links': 222, 'num_tensors': 56}
2026-08-26 07:39:17,681 [INFO] [16R/1487](swap: 3, u: 1 | c_u: 8 | t_u_l: 118/942 | t_u_r: 88/943 | t_u: 206/1885) -> {'max_bond': 64, 'max_links': 4, 'total_elems': 125788, 'total_shapes': 2092, 'total_links': 222, 'num_tensors': 56}
2026-08-26 07:39:17,805 [INFO] [5L/1407](swap: 8, u: 0 | c_u: 8 | t_u_l: 118/942 | t_u_r: 88/943 | t_u: 206/1885) -> {'max_bond': 64, 'max_links': 4, 'total_elems': 121564, 'total_shapes': 2124, 'total_links': 222, 'num_tensors': 56}
2026-08-26 07:39:17,932 [INFO] [17R/1487](swap: 4, u: 0 | c_u: 8 | t_u_l: 118/942 | t_u_r: 88/943 | t_u: 206/1885) -> {'max_bond': 64, 'max_links': 4, 'total_elems': 120316, 'total_shapes': 2132, 'total_links': 222, 'num_tensors': 56}
2026-08-26 07:39:18,046 [INFO] [6L/1407](swap: 7, u: 0 | c_u: 8 | t_u_l: 118/942 | t_u_r: 88/943 | t_u: 206/1885) -> {'max_bond': 64, 'max_links': 4, 'total_elems': 103292, 'total_shapes': 1984, 'total_links': 222, 'num_tensors': 56}
2026-08-26 07:39:18,151 [INFO] [7L/1407](swap: 7, u: 0 | c_u: 8 | t_u_l: 118/942 | t_u_r: 88/943 | t_u: 206/1885) -> {'max_bond': 64, 'max_links': 4, 'total_elems': 97564, 'total_shapes': 2004, 'total_links': 222, 'num_tensors': 56}
2026-08-26 07:39:18,267 [INFO] [8L/1407](swap: 6, u: 1 | c_u: 9 | t_u_l: 119/942 | t_u_r: 88/943 | t_u: 207/1885) -> {'max_bond': 64, 'max_links': 4, 'total_elems': 84860, 'total_shapes': 1956, 'total_links': 222, 'num_tensors': 56}
2026-08-26 07:39:18,352 [INFO] [18R/1487](swap: 2, u: 1 | c_u: 10 | t_u_l: 119/942 | t_u_r: 89/943 | t_u: 208/1885) -> {'max_bond': 64, 'max_links': 4, 'total_elems': 83324, 'total_shapes': 1940, 'total_links': 222, 'num_tensors': 56}
2026-08-26 07:39:18,435 [INFO] [19R/1487](swap: 3, u: 0 | c_u: 10 | t_u_l: 119/942 | t_u_r: 89/943 | t_u: 208/1885) -> {'max_bond': 64, 'max_links': 4, 'total_elems': 84988, 'total_shapes': 1964, 'total_links': 222, 'num_tensors': 56}
2026-08-26 07:39:18,515 [INFO] [20R/1487](swap: 3, u: 0 | c_u: 10 | t_u_l: 119/942 | t_u_r: 89/943 | t_u: 208/1885) -> {'max_bond': 64, 'max_links': 4, 'total_elems': 84988, 'total_shapes': 1964, 'total_links': 222, 'num_tensors': 56}
2026-08-26 07:39:18,595 [INFO] [21R/1487](swap: 2, u: 0 | c_u: 10 | t_u_l: 119/942 | t_u_r: 89/943 | t_u: 208/1885) -> {'max_bond': 64, 'max_links': 4, 'total_elems': 84828, 'total_shapes': 1956, 'total_links': 222, 'num_tensors': 56}
2026-08-26 07:39:18,674 [INFO] [22R/1487](swap: 2, u: 0 | c_u: 10 | t_u_l: 119/942 | t_u_r: 89/943 | t_u: 208/1885) -> {'max_bond': 64, 'max_links': 4, 'total_elems': 84924, 'total_shapes': 1960, 'total_links': 222, 'num_tensors': 56}
2026-08-26 07:39:18,753 [INFO] [23R/1487](swap: 2, u: 0 | c_u: 10 | t_u_l: 119/942 | t_u_r: 89/943 | t_u: 208/1885) -> {'max_bond': 64, 'max_links': 4, 'total_elems': 85116, 'total_shapes': 1976, 'total_links': 222, 'num_tensors': 56}
2026-08-26 07:39:18,833 [INFO] [24R/1487](swap: 2, u: 1 | c_u: 11 | t_u_l: 119/942 | t_u_r: 90/943 | t_u: 209/1885) -> {'max_bond': 64, 'max_links': 4, 'total_elems': 88316, 'total_shapes': 2024, 'total_links': 222, 'num_tensors': 56}
2026-08-26 07:39:18,915 [INFO] [25R/1487](swap: 2, u: 0 | c_u: 11 | t_u_l: 119/942 | t_u_r: 90/943 | t_u: 209/1885) -> {'max_bond': 64, 'max_links': 4, 'total_elems': 91388, 'total_shapes': 2088, 'total_links': 222, 'num_tensors': 56}
2026-08-26 07:39:19,003 [INFO] [9L/1407](swap: 6, u: 1 | c_u: 12 | t_u_l: 120/942 | t_u_r: 90/943 | t_u: 210/1885) -> {'max_bond': 64, 'max_links': 4, 'total_elems': 100348, 'total_shapes': 2256, 'total_links': 222, 'num_tensors': 56}
2026-08-26 07:39:19,109 [INFO] [26R/1487](swap: 2, u: 1 | c_u: 13 | t_u_l: 120/942 | t_u_r: 91/943 | t_u: 211/1885) -> {'max_bond': 64, 'max_links': 4, 'total_elems': 112636, 'total_shapes': 2320, 'total_links': 222, 'num_tensors': 56}
2026-08-26 07:39:19,220 [INFO] [27R/1487](swap: 3, u: 0 | c_u: 13 | t_u_l: 120/942 | t_u_r: 91/943 | t_u: 211/1885) -> {'max_bond': 64, 'max_links': 4, 'total_elems': 137212, 'total_shapes': 2416, 'total_links': 222, 'num_tensors': 56}
2026-08-26 07:39:19,437 [INFO]     [start unswap] -> {'max_bond': 64, 'max_links': 4, 'total_elems': 137212, 'total_shapes': 2416, 'total_links': 222, 'num_tensors': 56}
2026-08-26 07:39:20,743 [INFO]     [0 | both | 0](candidate_pairs: 28/28 | new_swaps: 5 | total: 5) -> {'max_bond': 256, 'max_links': 4, 'total_elems': 230996, 'total_shapes': 2732, 'total_links': 222, 'num_tensors': 56}
2026-08-26 07:39:21,373 [INFO]     [0 | both | 1](candidate_pairs: 27/27 | new_swaps: 10 | total: 15) -> {'max_bond': 64, 'max_links': 4, 'total_elems': 78476, 'total_shapes': 1888, 'total_links': 222, 'num_tensors': 56}
2026-08-26 07:39:21,482 [INFO]     [0 | left | 0](candidate_pairs: 28/28 | new_swaps: 9 | total: 24) -> {'max_bond': 64, 'max_links': 4, 'total_elems': 59356, 'total_shapes': 1588, 'total_links': 222, 'num_tensors': 56}
2026-08-26 07:39:21,604 [INFO]     [0 | left | 1](candidate_pairs: 27/27 | new_swaps: 8 | total: 32) -> {'max_bond': 64, 'max_links': 4, 'total_elems': 36092, 'total_shapes': 1366, 'total_links': 222, 'num_tensors': 56}
2026-08-26 07:39:21,670 [INFO]     [0 | right | 0](candidate_pairs: 28/28 | new_swaps: 4 | total: 36) -> {'max_bond': 32, 'max_links': 4, 'total_elems': 28732, 'total_shapes': 1262, 'total_links': 222, 'num_tensors': 56}
2026-08-26 07:39:21,733 [INFO]     [0 | right | 1](candidate_pairs: 27/27 | new_swaps: 4 | total: 40) -> {'max_bond': 32, 'max_links': 4, 'total_elems': 26556, 'total_shapes': 1210, 'total_links': 222, 'num_tensors': 56}
2026-08-26 07:39:21,852 [INFO]     [1 | both | 0](candidate_pairs: 28/28 | new_swaps: 10 | total: 10) -> {'max_bond': 32, 'max_links': 4, 'total_elems': 16768, 'total_shapes': 1032, 'total_links': 222, 'num_tensors': 56}
2026-08-26 07:39:21,950 [INFO]     [1 | both | 1](candidate_pairs: 27/27 | new_swaps: 5 | total: 15) -> {'max_bond': 16, 'max_links': 4, 'total_elems': 13472, 'total_shapes': 960, 'total_links': 222, 'num_tensors': 56}
2026-08-26 07:39:22,001 [INFO]     [1 | left | 0](candidate_pairs: 28/28 | new_swaps: 5 | total: 20) -> {'max_bond': 16, 'max_links': 4, 'total_elems': 11808, 'total_shapes': 906, 'total_links': 222, 'num_tensors': 56}
2026-08-26 07:39:22,049 [INFO]     [1 | left | 1](candidate_pairs: 27/27 | new_swaps: 5 | total: 25) -> {'max_bond': 16, 'max_links': 4, 'total_elems': 10972, 'total_shapes': 858, 'total_links': 222, 'num_tensors': 56}
2026-08-26 07:39:22,088 [INFO]     [1 | right | 0](candidate_pairs: 28/28 | new_swaps: 1 | total: 26) -> {'max_bond': 16, 'max_links': 4, 'total_elems': 10732, 'total_shapes': 846, 'total_links': 222, 'num_tensors': 56}
2026-08-26 07:39:22,135 [INFO]     [1 | right | 1](candidate_pairs: 27/27 | new_swaps: 2 | total: 28) -> {'max_bond': 16, 'max_links': 4, 'total_elems': 9628, 'total_shapes': 826, 'total_links': 222, 'num_tensors': 56}
2026-08-26 07:39:22,222 [INFO]     [2 | both | 0](candidate_pairs: 28/28 | new_swaps: 6 | total: 6) -> {'max_bond': 16, 'max_links': 4, 'total_elems': 6912, 'total_shapes': 756, 'total_links': 222, 'num_tensors': 56}
2026-08-26 07:39:22,297 [INFO]     [2 | both | 1](candidate_pairs: 27/27 | new_swaps: 5 | total: 11) -> {'max_bond': 16, 'max_links': 4, 'total_elems': 6260, 'total_shapes': 722, 'total_links': 222, 'num_tensors': 56}
2026-08-26 07:39:22,338 [INFO]     [2 | left | 0](candidate_pairs: 28/28 | new_swaps: 2 | total: 13) -> {'max_bond': 16, 'max_links': 4, 'total_elems': 6060, 'total_shapes': 710, 'total_links': 222, 'num_tensors': 56}
2026-08-26 07:39:22,372 [INFO]     [2 | left | 1](candidate_pairs: 27/27 | new_swaps: 1 | total: 14) -> {'max_bond': 16, 'max_links': 4, 'total_elems': 5548, 'total_shapes': 694, 'total_links': 222, 'num_tensors': 56}
2026-08-26 07:39:22,389 [INFO]     [2 | right | 0](candidate_pairs: 28/28 | new_swaps: 0 | total: 14) -> {'max_bond': 16, 'max_links': 4, 'total_elems': 5548, 'total_shapes': 694, 'total_links': 222, 'num_tensors': 56}
2026-08-26 07:39:22,421 [INFO]     [2 | right | 1](candidate_pairs: 27/27 | new_swaps: 1 | total: 15) -> {'max_bond': 16, 'max_links': 4, 'total_elems': 5356, 'total_shapes': 686, 'total_links': 222, 'num_tensors': 56}
2026-08-26 07:39:22,496 [INFO]     [3 | both | 0](candidate_pairs: 28/28 | new_swaps: 3 | total: 3) -> {'max_bond': 16, 'max_links': 4, 'total_elems': 4924, 'total_shapes': 666, 'total_links': 222, 'num_tensors': 56}
2026-08-26 07:39:22,563 [INFO]     [3 | both | 1](candidate_pairs: 27/27 | new_swaps: 3 | total: 6) -> {'max_bond': 16, 'max_links': 4, 'total_elems': 4636, 'total_shapes': 650, 'total_links': 222, 'num_tensors': 56}
2026-08-26 07:39:22,580 [INFO]     [3 | left | 0](candidate_pairs: 28/28 | new_swaps: 0 | total: 6) -> {'max_bond': 16, 'max_links': 4, 'total_elems': 4636, 'total_shapes': 650, 'total_links': 222, 'num_tensors': 56}
2026-08-26 07:39:22,598 [INFO]     [3 | left | 1](candidate_pairs: 27/27 | new_swaps: 0 | total: 6) -> {'max_bond': 16, 'max_links': 4, 'total_elems': 4636, 'total_shapes': 650, 'total_links': 222, 'num_tensors': 56}
2026-08-26 07:39:22,615 [INFO]     [3 | right | 0](candidate_pairs: 28/28 | new_swaps: 0 | total: 6) -> {'max_bond': 16, 'max_links': 4, 'total_elems': 4636, 'total_shapes': 650, 'total_links': 222, 'num_tensors': 56}
2026-08-26 07:39:22,632 [INFO]     [3 | right | 1](candidate_pairs: 27/27 | new_swaps: 0 | total: 6) -> {'max_bond': 16, 'max_links': 4, 'total_elems': 4636, 'total_shapes': 650, 'total_links': 222, 'num_tensors': 56}
2026-08-26 07:39:22,704 [INFO]     [4 | both | 0](candidate_pairs: 28/28 | new_swaps: 2 | total: 2) -> {'max_bond': 16, 'max_links': 4, 'total_elems': 4396, 'total_shapes': 638, 'total_links': 222, 'num_tensors': 56}
2026-08-26 07:39:22,774 [INFO]     [4 | both | 1](candidate_pairs: 27/27 | new_swaps: 2 | total: 4) -> {'max_bond': 16, 'max_links': 4, 'total_elems': 4156, 'total_shapes': 626, 'total_links': 222, 'num_tensors': 56}
2026-08-26 07:39:22,791 [INFO]     [4 | left | 0](candidate_pairs: 28/28 | new_swaps: 0 | total: 4) -> {'max_bond': 16, 'max_links': 4, 'total_elems': 4156, 'total_shapes': 626, 'total_links': 222, 'num_tensors': 56}
2026-08-26 07:39:22,808 [INFO]     [4 | left | 1](candidate_pairs: 27/27 | new_swaps: 0 | total: 4) -> {'max_bond': 16, 'max_links': 4, 'total_elems': 4156, 'total_shapes': 626, 'total_links': 222, 'num_tensors': 56}
2026-08-26 07:39:22,825 [INFO]     [4 | right | 0](candidate_pairs: 28/28 | new_swaps: 0 | total: 4) -> {'max_bond': 16, 'max_links': 4, 'total_elems': 4156, 'total_shapes': 626, 'total_links': 222, 'num_tensors': 56}
2026-08-26 07:39:22,842 [INFO]     [4 | right | 1](candidate_pairs: 27/27 | new_swaps: 0 | total: 4) -> {'max_bond': 16, 'max_links': 4, 'total_elems': 4156, 'total_shapes': 626, 'total_links': 222, 'num_tensors': 56}
2026-08-26 07:39:22,904 [INFO]     [5 | both | 0](candidate_pairs: 28/28 | new_swaps: 1 | total: 1) -> {'max_bond': 16, 'max_links': 4, 'total_elems': 4108, 'total_shapes': 622, 'total_links': 222, 'num_tensors': 56}
2026-08-26 07:39:22,937 [INFO]     [5 | both | 1](candidate_pairs: 27/27 | new_swaps: 0 | total: 1) -> {'max_bond': 16, 'max_links': 4, 'total_elems': 4108, 'total_shapes': 622, 'total_links': 222, 'num_tensors': 56}
2026-08-26 07:39:22,954 [INFO]     [5 | left | 0](candidate_pairs: 28/28 | new_swaps: 0 | total: 1) -> {'max_bond': 16, 'max_links': 4, 'total_elems': 4108, 'total_shapes': 622, 'total_links': 222, 'num_tensors': 56}
2026-08-26 07:39:22,971 [INFO]     [5 | left | 1](candidate_pairs: 27/27 | new_swaps: 0 | total: 1) -> {'max_bond': 16, 'max_links': 4, 'total_elems': 4108, 'total_shapes': 622, 'total_links': 222, 'num_tensors': 56}
2026-08-26 07:39:22,991 [INFO]     [5 | right | 0](candidate_pairs: 28/28 | new_swaps: 0 | total: 1) -> {'max_bond': 16, 'max_links': 4, 'total_elems': 4108, 'total_shapes': 622, 'total_links': 222, 'num_tensors': 56}
2026-08-26 07:39:23,009 [INFO]     [5 | right | 1](candidate_pairs: 27/27 | new_swaps: 0 | total: 1) -> {'max_bond': 16, 'max_links': 4, 'total_elems': 4108, 'total_shapes': 622, 'total_links': 222, 'num_tensors': 56}
2026-08-26 07:39:23,045 [INFO]     [6 | both | 0](candidate_pairs: 28/28 | new_swaps: 0 | total: 0) -> {'max_bond': 16, 'max_links': 4, 'total_elems': 4108, 'total_shapes': 622, 'total_links': 222, 'num_tensors': 56}
2026-08-26 07:39:23,080 [INFO]     [6 | both | 1](candidate_pairs: 27/27 | new_swaps: 0 | total: 0) -> {'max_bond': 16, 'max_links': 4, 'total_elems': 4108, 'total_shapes': 622, 'total_links': 222, 'num_tensors': 56}
2026-08-26 07:39:23,098 [INFO]     [6 | left | 0](candidate_pairs: 28/28 | new_swaps: 0 | total: 0) -> {'max_bond': 16, 'max_links': 4, 'total_elems': 4108, 'total_shapes': 622, 'total_links': 222, 'num_tensors': 56}
2026-08-26 07:39:23,115 [INFO]     [6 | left | 1](candidate_pairs: 27/27 | new_swaps: 0 | total: 0) -> {'max_bond': 16, 'max_links': 4, 'total_elems': 4108, 'total_shapes': 622, 'total_links': 222, 'num_tensors': 56}
2026-08-26 07:39:23,132 [INFO]     [6 | right | 0](candidate_pairs: 28/28 | new_swaps: 0 | total: 0) -> {'max_bond': 16, 'max_links': 4, 'total_elems': 4108, 'total_shapes': 622, 'total_links': 222, 'num_tensors': 56}
2026-08-26 07:39:23,148 [INFO]     [6 | right | 1](candidate_pairs: 27/27 | new_swaps: 0 | total: 0) -> {'max_bond': 16, 'max_links': 4, 'total_elems': 4108, 'total_shapes': 622, 'total_links': 222, 'num_tensors': 56}
2026-08-26 07:39:23,149 [INFO]     [end unswap] -> {'max_bond': 16, 'max_links': 4, 'total_elems': 4108, 'total_shapes': 622, 'total_links': 222, 'num_tensors': 56}
2026-08-26 07:39:23,149 [INFO] [start rewire](phase=post_unswap, cycle=26, side=left, layers=1400, trials=20, seed=123, parallel=False, route_candidates=2, route_score=lookahead_total)
2026-08-26 07:39:26,786 [INFO] [end rewire](phase=post_unswap, cycle=26, side=left, routed_layers=1341, elapsed_s=3.64)
2026-08-26 07:39:26,787 [INFO] [start rewire](phase=post_unswap, cycle=26, side=right, layers=1462, trials=20, seed=123, parallel=False, route_candidates=2, route_score=lookahead_total)
2026-08-26 07:39:29,344 [INFO] [end rewire](phase=post_unswap, cycle=26, side=right, routed_layers=1353, elapsed_s=2.56)
2026-08-26 07:39:29,445 [INFO] [1L/1339](swap: 14, u: 2 | c_u: 2 | t_u_l: 122/942 | t_u_r: 91/943 | t_u: 213/1885) -> {'max_bond': 8, 'max_links': 4, 'total_elems': 3516, 'total_shapes': 602, 'total_links': 222, 'num_tensors': 56}
2026-08-26 07:39:29,490 [INFO] [1R/1351](swap: 5, u: 0 | c_u: 2 | t_u_l: 122/942 | t_u_r: 91/943 | t_u: 213/1885) -> {'max_bond': 8, 'max_links': 4, 'total_elems': 3864, 'total_shapes': 634, 'total_links': 222, 'num_tensors': 56}
2026-08-26 07:39:29,535 [INFO] [2R/1351](swap: 5, u: 0 | c_u: 2 | t_u_l: 122/942 | t_u_r: 91/943 | t_u: 213/1885) -> {'max_bond': 8, 'max_links': 4, 'total_elems': 4292, 'total_shapes': 664, 'total_links': 222, 'num_tensors': 56}
2026-08-26 07:39:29,580 [INFO] [3R/1351](swap: 5, u: 0 | c_u: 2 | t_u_l: 122/942 | t_u_r: 91/943 | t_u: 213/1885) -> {'max_bond': 16, 'max_links': 4, 'total_elems': 5020, 'total_shapes': 698, 'total_links': 222, 'num_tensors': 56}
2026-08-26 07:39:29,626 [INFO] [4R/1351](swap: 4, u: 0 | c_u: 2 | t_u_l: 122/942 | t_u_r: 91/943 | t_u: 213/1885) -> {'max_bond': 16, 'max_links': 4, 'total_elems': 6024, 'total_shapes': 728, 'total_links': 222, 'num_tensors': 56}
2026-08-26 07:39:29,675 [INFO] [5R/1351](swap: 1, u: 1 | c_u: 3 | t_u_l: 122/942 | t_u_r: 92/943 | t_u: 214/1885) -> {'max_bond': 16, 'max_links': 4, 'total_elems': 6280, 'total_shapes': 732, 'total_links': 222, 'num_tensors': 56}
2026-08-26 07:39:29,723 [INFO] [6R/1351](swap: 0, u: 1 | c_u: 4 | t_u_l: 122/942 | t_u_r: 93/943 | t_u: 215/1885) -> {'max_bond': 16, 'max_links': 4, 'total_elems': 6360, 'total_shapes': 736, 'total_links': 222, 'num_tensors': 56}
2026-08-26 07:39:29,771 [INFO] [7R/1351](swap: 1, u: 0 | c_u: 4 | t_u_l: 122/942 | t_u_r: 93/943 | t_u: 215/1885) -> {'max_bond': 16, 'max_links': 4, 'total_elems': 6504, 'total_shapes': 748, 'total_links': 222, 'num_tensors': 56}
2026-08-26 07:39:29,817 [INFO] [8R/1351](swap: 1, u: 0 | c_u: 4 | t_u_l: 122/942 | t_u_r: 93/943 | t_u: 215/1885) -> {'max_bond': 16, 'max_links': 4, 'total_elems': 6744, 'total_shapes': 760, 'total_links': 222, 'num_tensors': 56}
2026-08-26 07:39:29,864 [INFO] [9R/1351](swap: 1, u: 0 | c_u: 4 | t_u_l: 122/942 | t_u_r: 93/943 | t_u: 215/1885) -> {'max_bond': 16, 'max_links': 4, 'total_elems': 6984, 'total_shapes': 772, 'total_links': 222, 'num_tensors': 56}
2026-08-26 07:39:29,910 [INFO] [10R/1351](swap: 1, u: 0 | c_u: 4 | t_u_l: 122/942 | t_u_r: 93/943 | t_u: 215/1885) -> {'max_bond': 16, 'max_links': 4, 'total_elems': 7224, 'total_shapes': 784, 'total_links': 222, 'num_tensors': 56}
2026-08-26 07:39:29,957 [INFO] [11R/1351](swap: 1, u: 0 | c_u: 4 | t_u_l: 122/942 | t_u_r: 93/943 | t_u: 215/1885) -> {'max_bond': 16, 'max_links': 4, 'total_elems': 7464, 'total_shapes': 796, 'total_links': 222, 'num_tensors': 56}
2026-08-26 07:39:30,004 [INFO] [12R/1351](swap: 1, u: 0 | c_u: 4 | t_u_l: 122/942 | t_u_r: 93/943 | t_u: 215/1885) -> {'max_bond': 16, 'max_links': 4, 'total_elems': 7704, 'total_shapes': 808, 'total_links': 222, 'num_tensors': 56}
2026-08-26 07:39:30,052 [INFO] [13R/1351](swap: 1, u: 0 | c_u: 4 | t_u_l: 122/942 | t_u_r: 93/943 | t_u: 215/1885) -> {'max_bond': 16, 'max_links': 4, 'total_elems': 7944, 'total_shapes': 820, 'total_links': 222, 'num_tensors': 56}
2026-08-26 07:39:30,101 [INFO] [14R/1351](swap: 1, u: 0 | c_u: 4 | t_u_l: 122/942 | t_u_r: 93/943 | t_u: 215/1885) -> {'max_bond': 16, 'max_links': 4, 'total_elems': 8184, 'total_shapes': 832, 'total_links': 222, 'num_tensors': 56}
2026-08-26 07:39:30,150 [INFO] [15R/1351](swap: 0, u: 1 | c_u: 5 | t_u_l: 122/942 | t_u_r: 94/943 | t_u: 216/1885) -> {'max_bond': 16, 'max_links': 4, 'total_elems': 8312, 'total_shapes': 836, 'total_links': 222, 'num_tensors': 56}
2026-08-26 07:39:30,199 [INFO] [16R/1351](swap: 1, u: 0 | c_u: 5 | t_u_l: 122/942 | t_u_r: 94/943 | t_u: 216/1885) -> {'max_bond': 16, 'max_links': 4, 'total_elems': 8568, 'total_shapes': 844, 'total_links': 222, 'num_tensors': 56}
2026-08-26 07:39:30,251 [INFO] [17R/1351](swap: 1, u: 0 | c_u: 5 | t_u_l: 122/942 | t_u_r: 94/943 | t_u: 216/1885) -> {'max_bond': 16, 'max_links': 4, 'total_elems': 8568, 'total_shapes': 844, 'total_links': 222, 'num_tensors': 56}
2026-08-26 07:39:30,297 [INFO] [18R/1351](swap: 1, u: 0 | c_u: 5 | t_u_l: 122/942 | t_u_r: 94/943 | t_u: 216/1885) -> {'max_bond': 16, 'max_links': 4, 'total_elems': 8808, 'total_shapes': 856, 'total_links': 222, 'num_tensors': 56}
2026-08-26 07:39:30,344 [INFO] [19R/1351](swap: 1, u: 0 | c_u: 5 | t_u_l: 122/942 | t_u_r: 94/943 | t_u: 216/1885) -> {'max_bond': 16, 'max_links': 4, 'total_elems': 9192, 'total_shapes': 868, 'total_links': 222, 'num_tensors': 56}
2026-08-26 07:39:30,393 [INFO] [2L/1339](swap: 16, u: 0 | c_u: 5 | t_u_l: 122/942 | t_u_r: 94/943 | t_u: 216/1885) -> {'max_bond': 16, 'max_links': 4, 'total_elems': 10044, 'total_shapes': 936, 'total_links': 222, 'num_tensors': 56}
2026-08-26 07:39:30,443 [INFO] [20R/1351](swap: 1, u: 0 | c_u: 5 | t_u_l: 122/942 | t_u_r: 94/943 | t_u: 216/1885) -> {'max_bond': 32, 'max_links': 4, 'total_elems': 11580, 'total_shapes': 984, 'total_links': 222, 'num_tensors': 56}
2026-08-26 07:39:30,496 [INFO] [21R/1351](swap: 1, u: 0 | c_u: 5 | t_u_l: 122/942 | t_u_r: 94/943 | t_u: 216/1885) -> {'max_bond': 32, 'max_links': 4, 'total_elems': 15420, 'total_shapes': 1032, 'total_links': 222, 'num_tensors': 56}
2026-08-26 07:39:30,553 [INFO] [22R/1351](swap: 1, u: 0 | c_u: 5 | t_u_l: 122/942 | t_u_r: 94/943 | t_u: 216/1885) -> {'max_bond': 32, 'max_links': 4, 'total_elems': 19260, 'total_shapes': 1080, 'total_links': 222, 'num_tensors': 56}
2026-08-26 07:39:30,611 [INFO] [23R/1351](swap: 1, u: 0 | c_u: 5 | t_u_l: 122/942 | t_u_r: 94/943 | t_u: 216/1885) -> {'max_bond': 32, 'max_links': 4, 'total_elems': 20412, 'total_shapes': 1096, 'total_links': 222, 'num_tensors': 56}
2026-08-26 07:39:30,667 [INFO] [24R/1351](swap: 1, u: 0 | c_u: 5 | t_u_l: 122/942 | t_u_r: 94/943 | t_u: 216/1885) -> {'max_bond': 32, 'max_links': 4, 'total_elems': 21372, 'total_shapes': 1120, 'total_links': 222, 'num_tensors': 56}
2026-08-26 07:39:30,723 [INFO] [25R/1351](swap: 1, u: 0 | c_u: 5 | t_u_l: 122/942 | t_u_r: 94/943 | t_u: 216/1885) -> {'max_bond': 32, 'max_links': 4, 'total_elems': 22332, 'total_shapes': 1144, 'total_links': 222, 'num_tensors': 56}
2026-08-26 07:39:30,783 [INFO] [26R/1351](swap: 1, u: 1 | c_u: 6 | t_u_l: 122/942 | t_u_r: 95/943 | t_u: 217/1885) -> {'max_bond': 32, 'max_links': 4, 'total_elems': 22844, 'total_shapes': 1152, 'total_links': 222, 'num_tensors': 56}
2026-08-26 07:39:30,841 [INFO] [27R/1351](swap: 1, u: 0 | c_u: 6 | t_u_l: 122/942 | t_u_r: 95/943 | t_u: 217/1885) -> {'max_bond': 32, 'max_links': 4, 'total_elems': 25916, 'total_shapes': 1184, 'total_links': 222, 'num_tensors': 56}
2026-08-26 07:39:30,906 [INFO] [28R/1351](swap: 1, u: 0 | c_u: 6 | t_u_l: 122/942 | t_u_r: 95/943 | t_u: 217/1885) -> {'max_bond': 32, 'max_links': 4, 'total_elems': 25916, 'total_shapes': 1184, 'total_links': 222, 'num_tensors': 56}
2026-08-26 07:39:30,966 [INFO] [29R/1351](swap: 1, u: 0 | c_u: 6 | t_u_l: 122/942 | t_u_r: 95/943 | t_u: 217/1885) -> {'max_bond': 32, 'max_links': 4, 'total_elems': 25916, 'total_shapes': 1184, 'total_links': 222, 'num_tensors': 56}
2026-08-26 07:39:31,021 [INFO] [30R/1351](swap: 1, u: 0 | c_u: 6 | t_u_l: 122/942 | t_u_r: 95/943 | t_u: 217/1885) -> {'max_bond': 32, 'max_links': 4, 'total_elems': 25916, 'total_shapes': 1184, 'total_links': 222, 'num_tensors': 56}
2026-08-26 07:39:31,078 [INFO] [31R/1351](swap: 1, u: 0 | c_u: 6 | t_u_l: 122/942 | t_u_r: 95/943 | t_u: 217/1885) -> {'max_bond': 32, 'max_links': 4, 'total_elems': 25916, 'total_shapes': 1184, 'total_links': 222, 'num_tensors': 56}
2026-08-26 07:39:31,135 [INFO] [32R/1351](swap: 1, u: 0 | c_u: 6 | t_u_l: 122/942 | t_u_r: 95/943 | t_u: 217/1885) -> {'max_bond': 32, 'max_links': 4, 'total_elems': 25916, 'total_shapes': 1184, 'total_links': 222, 'num_tensors': 56}
2026-08-26 07:39:31,192 [INFO] [33R/1351](swap: 1, u: 0 | c_u: 6 | t_u_l: 122/942 | t_u_r: 95/943 | t_u: 217/1885) -> {'max_bond': 32, 'max_links': 4, 'total_elems': 27452, 'total_shapes': 1232, 'total_links': 222, 'num_tensors': 56}
2026-08-26 07:39:31,252 [INFO] [34R/1351](swap: 1, u: 0 | c_u: 6 | t_u_l: 122/942 | t_u_r: 95/943 | t_u: 217/1885) -> {'max_bond': 32, 'max_links': 4, 'total_elems': 27452, 'total_shapes': 1232, 'total_links': 222, 'num_tensors': 56}
2026-08-26 07:39:31,308 [INFO] [35R/1351](swap: 1, u: 0 | c_u: 6 | t_u_l: 122/942 | t_u_r: 95/943 | t_u: 217/1885) -> {'max_bond': 32, 'max_links': 4, 'total_elems': 27964, 'total_shapes': 1248, 'total_links': 222, 'num_tensors': 56}
2026-08-26 07:39:31,364 [INFO] [36R/1351](swap: 1, u: 0 | c_u: 6 | t_u_l: 122/942 | t_u_r: 95/943 | t_u: 217/1885) -> {'max_bond': 32, 'max_links': 4, 'total_elems': 27964, 'total_shapes': 1248, 'total_links': 222, 'num_tensors': 56}
2026-08-26 07:39:31,421 [INFO] [37R/1351](swap: 1, u: 0 | c_u: 6 | t_u_l: 122/942 | t_u_r: 95/943 | t_u: 217/1885) -> {'max_bond': 32, 'max_links': 4, 'total_elems': 27964, 'total_shapes': 1248, 'total_links': 222, 'num_tensors': 56}
2026-08-26 07:39:31,478 [INFO] [38R/1351](swap: 1, u: 0 | c_u: 6 | t_u_l: 122/942 | t_u_r: 95/943 | t_u: 217/1885) -> {'max_bond': 32, 'max_links': 4, 'total_elems': 29500, 'total_shapes': 1296, 'total_links': 222, 'num_tensors': 56}
2026-08-26 07:39:31,542 [INFO] [39R/1351](swap: 1, u: 0 | c_u: 6 | t_u_l: 122/942 | t_u_r: 95/943 | t_u: 217/1885) -> {'max_bond': 32, 'max_links': 4, 'total_elems': 29500, 'total_shapes': 1296, 'total_links': 222, 'num_tensors': 56}
2026-08-26 07:39:31,607 [INFO] [40R/1351](swap: 1, u: 0 | c_u: 6 | t_u_l: 122/942 | t_u_r: 95/943 | t_u: 217/1885) -> {'max_bond': 32, 'max_links': 4, 'total_elems': 29500, 'total_shapes': 1296, 'total_links': 222, 'num_tensors': 56}
2026-08-26 07:39:31,670 [INFO] [41R/1351](swap: 1, u: 0 | c_u: 6 | t_u_l: 122/942 | t_u_r: 95/943 | t_u: 217/1885) -> {'max_bond': 32, 'max_links': 4, 'total_elems': 31036, 'total_shapes': 1344, 'total_links': 222, 'num_tensors': 56}
2026-08-26 07:39:31,730 [INFO] [42R/1351](swap: 1, u: 0 | c_u: 6 | t_u_l: 122/942 | t_u_r: 95/943 | t_u: 217/1885) -> {'max_bond': 32, 'max_links': 4, 'total_elems': 31036, 'total_shapes': 1344, 'total_links': 222, 'num_tensors': 56}
2026-08-26 07:39:31,789 [INFO] [43R/1351](swap: 1, u: 0 | c_u: 6 | t_u_l: 122/942 | t_u_r: 95/943 | t_u: 217/1885) -> {'max_bond': 32, 'max_links': 4, 'total_elems': 32572, 'total_shapes': 1392, 'total_links': 222, 'num_tensors': 56}
2026-08-26 07:39:31,848 [INFO] [44R/1351](swap: 1, u: 0 | c_u: 6 | t_u_l: 122/942 | t_u_r: 95/943 | t_u: 217/1885) -> {'max_bond': 32, 'max_links': 4, 'total_elems': 34108, 'total_shapes': 1408, 'total_links': 222, 'num_tensors': 56}
2026-08-26 07:39:31,908 [INFO] [45R/1351](swap: 1, u: 0 | c_u: 6 | t_u_l: 122/942 | t_u_r: 95/943 | t_u: 217/1885) -> {'max_bond': 32, 'max_links': 4, 'total_elems': 34108, 'total_shapes': 1408, 'total_links': 222, 'num_tensors': 56}
2026-08-26 07:39:31,967 [INFO] [46R/1351](swap: 1, u: 0 | c_u: 6 | t_u_l: 122/942 | t_u_r: 95/943 | t_u: 217/1885) -> {'max_bond': 32, 'max_links': 4, 'total_elems': 34876, 'total_shapes': 1424, 'total_links': 222, 'num_tensors': 56}
2026-08-26 07:39:32,025 [INFO] [47R/1351](swap: 1, u: 0 | c_u: 6 | t_u_l: 122/942 | t_u_r: 95/943 | t_u: 217/1885) -> {'max_bond': 32, 'max_links': 4, 'total_elems': 34876, 'total_shapes': 1424, 'total_links': 222, 'num_tensors': 56}
2026-08-26 07:39:32,084 [INFO] [48R/1351](swap: 1, u: 0 | c_u: 6 | t_u_l: 122/942 | t_u_r: 95/943 | t_u: 217/1885) -> {'max_bond': 32, 'max_links': 4, 'total_elems': 35116, 'total_shapes': 1436, 'total_links': 222, 'num_tensors': 56}
2026-08-26 07:39:32,148 [INFO] [49R/1351](swap: 0, u: 1 | c_u: 7 | t_u_l: 122/942 | t_u_r: 96/943 | t_u: 218/1885) -> {'max_bond': 32, 'max_links': 4, 'total_elems': 35244, 'total_shapes': 1440, 'total_links': 222, 'num_tensors': 56}
2026-08-26 07:39:32,211 [INFO] [50R/1351](swap: 1, u: 1 | c_u: 8 | t_u_l: 122/942 | t_u_r: 97/943 | t_u: 219/1885) -> {'max_bond': 32, 'max_links': 4, 'total_elems': 35052, 'total_shapes': 1432, 'total_links': 222, 'num_tensors': 56}
2026-08-26 07:39:32,274 [INFO] [51R/1351](swap: 3, u: 0 | c_u: 8 | t_u_l: 122/942 | t_u_r: 97/943 | t_u: 219/1885) -> {'max_bond': 32, 'max_links': 4, 'total_elems': 36140, 'total_shapes': 1464, 'total_links': 222, 'num_tensors': 56}
2026-08-26 07:39:32,342 [INFO] [52R/1351](swap: 2, u: 0 | c_u: 8 | t_u_l: 122/942 | t_u_r: 97/943 | t_u: 219/1885) -> {'max_bond': 32, 'max_links': 4, 'total_elems': 37676, 'total_shapes': 1512, 'total_links': 222, 'num_tensors': 56}
2026-08-26 07:39:32,405 [INFO] [53R/1351](swap: 1, u: 0 | c_u: 8 | t_u_l: 122/942 | t_u_r: 97/943 | t_u: 219/1885) -> {'max_bond': 32, 'max_links': 4, 'total_elems': 39724, 'total_shapes': 1544, 'total_links': 222, 'num_tensors': 56}
2026-08-26 07:39:32,469 [INFO] [54R/1351](swap: 1, u: 0 | c_u: 8 | t_u_l: 122/942 | t_u_r: 97/943 | t_u: 219/1885) -> {'max_bond': 32, 'max_links': 4, 'total_elems': 39724, 'total_shapes': 1544, 'total_links': 222, 'num_tensors': 56}
2026-08-26 07:39:32,530 [INFO] [55R/1351](swap: 1, u: 0 | c_u: 8 | t_u_l: 122/942 | t_u_r: 97/943 | t_u: 219/1885) -> {'max_bond': 32, 'max_links': 4, 'total_elems': 38188, 'total_shapes': 1512, 'total_links': 222, 'num_tensors': 56}
2026-08-26 07:39:32,590 [INFO] [56R/1351](swap: 1, u: 0 | c_u: 8 | t_u_l: 122/942 | t_u_r: 97/943 | t_u: 219/1885) -> {'max_bond': 32, 'max_links': 4, 'total_elems': 39724, 'total_shapes': 1528, 'total_links': 222, 'num_tensors': 56}
2026-08-26 07:39:32,660 [INFO] [57R/1351](swap: 1, u: 0 | c_u: 8 | t_u_l: 122/942 | t_u_r: 97/943 | t_u: 219/1885) -> {'max_bond': 32, 'max_links': 4, 'total_elems': 38188, 'total_shapes': 1496, 'total_links': 222, 'num_tensors': 56}
2026-08-26 07:39:32,729 [INFO] [58R/1351](swap: 1, u: 0 | c_u: 8 | t_u_l: 122/942 | t_u_r: 97/943 | t_u: 219/1885) -> {'max_bond': 32, 'max_links': 4, 'total_elems': 38956, 'total_shapes': 1512, 'total_links': 222, 'num_tensors': 56}
2026-08-26 07:39:32,797 [INFO] [59R/1351](swap: 1, u: 0 | c_u: 8 | t_u_l: 122/942 | t_u_r: 97/943 | t_u: 219/1885) -> {'max_bond': 32, 'max_links': 4, 'total_elems': 40492, 'total_shapes': 1528, 'total_links': 222, 'num_tensors': 56}
2026-08-26 07:39:32,862 [INFO] [60R/1351](swap: 1, u: 0 | c_u: 8 | t_u_l: 122/942 | t_u_r: 97/943 | t_u: 219/1885) -> {'max_bond': 32, 'max_links': 4, 'total_elems': 38956, 'total_shapes': 1496, 'total_links': 222, 'num_tensors': 56}
2026-08-26 07:39:32,923 [INFO] [61R/1351](swap: 1, u: 0 | c_u: 8 | t_u_l: 122/942 | t_u_r: 97/943 | t_u: 219/1885) -> {'max_bond': 32, 'max_links': 4, 'total_elems': 39724, 'total_shapes': 1512, 'total_links': 222, 'num_tensors': 56}
2026-08-26 07:39:32,991 [INFO] [62R/1351](swap: 1, u: 0 | c_u: 8 | t_u_l: 122/942 | t_u_r: 97/943 | t_u: 219/1885) -> {'max_bond': 32, 'max_links': 4, 'total_elems': 40748, 'total_shapes': 1528, 'total_links': 222, 'num_tensors': 56}
2026-08-26 07:39:33,056 [INFO] [63R/1351](swap: 1, u: 0 | c_u: 8 | t_u_l: 122/942 | t_u_r: 97/943 | t_u: 219/1885) -> {'max_bond': 32, 'max_links': 4, 'total_elems': 40748, 'total_shapes': 1528, 'total_links': 222, 'num_tensors': 56}
2026-08-26 07:39:33,117 [INFO] [64R/1351](swap: 1, u: 0 | c_u: 8 | t_u_l: 122/942 | t_u_r: 97/943 | t_u: 219/1885) -> {'max_bond': 32, 'max_links': 4, 'total_elems': 42284, 'total_shapes': 1544, 'total_links': 222, 'num_tensors': 56}
2026-08-26 07:39:33,180 [INFO] [65R/1351](swap: 1, u: 0 | c_u: 8 | t_u_l: 122/942 | t_u_r: 97/943 | t_u: 219/1885) -> {'max_bond': 32, 'max_links': 4, 'total_elems': 40748, 'total_shapes': 1512, 'total_links': 222, 'num_tensors': 56}
2026-08-26 07:39:33,244 [INFO] [66R/1351](swap: 1, u: 0 | c_u: 8 | t_u_l: 122/942 | t_u_r: 97/943 | t_u: 219/1885) -> {'max_bond': 32, 'max_links': 4, 'total_elems': 41516, 'total_shapes': 1528, 'total_links': 222, 'num_tensors': 56}
2026-08-26 07:39:33,312 [INFO] [67R/1351](swap: 1, u: 0 | c_u: 8 | t_u_l: 122/942 | t_u_r: 97/943 | t_u: 219/1885) -> {'max_bond': 32, 'max_links': 4, 'total_elems': 43052, 'total_shapes': 1544, 'total_links': 222, 'num_tensors': 56}
2026-08-26 07:39:33,388 [INFO] [68R/1351](swap: 1, u: 0 | c_u: 8 | t_u_l: 122/942 | t_u_r: 97/943 | t_u: 219/1885) -> {'max_bond': 64, 'max_links': 4, 'total_elems': 49196, 'total_shapes': 1608, 'total_links': 222, 'num_tensors': 56}
2026-08-26 07:39:33,469 [INFO] [69R/1351](swap: 1, u: 0 | c_u: 8 | t_u_l: 122/942 | t_u_r: 97/943 | t_u: 219/1885) -> {'max_bond': 64, 'max_links': 4, 'total_elems': 61484, 'total_shapes': 1672, 'total_links': 222, 'num_tensors': 56}
2026-08-26 07:39:33,563 [INFO] [70R/1351](swap: 1, u: 0 | c_u: 8 | t_u_l: 122/942 | t_u_r: 97/943 | t_u: 219/1885) -> {'max_bond': 64, 'max_links': 4, 'total_elems': 73772, 'total_shapes': 1736, 'total_links': 222, 'num_tensors': 56}
2026-08-26 07:39:33,655 [INFO] [71R/1351](swap: 1, u: 0 | c_u: 8 | t_u_l: 122/942 | t_u_r: 97/943 | t_u: 219/1885) -> {'max_bond': 64, 'max_links': 4, 'total_elems': 73772, 'total_shapes': 1736, 'total_links': 222, 'num_tensors': 56}
2026-08-26 07:39:33,745 [INFO] [72R/1351](swap: 1, u: 0 | c_u: 8 | t_u_l: 122/942 | t_u_r: 97/943 | t_u: 219/1885) -> {'max_bond': 64, 'max_links': 4, 'total_elems': 76844, 'total_shapes': 1768, 'total_links': 222, 'num_tensors': 56}
2026-08-26 07:39:33,834 [INFO] [73R/1351](swap: 1, u: 0 | c_u: 8 | t_u_l: 122/942 | t_u_r: 97/943 | t_u: 219/1885) -> {'max_bond': 64, 'max_links': 4, 'total_elems': 76844, 'total_shapes': 1768, 'total_links': 222, 'num_tensors': 56}
2026-08-26 07:39:33,920 [INFO] [74R/1351](swap: 1, u: 0 | c_u: 8 | t_u_l: 122/942 | t_u_r: 97/943 | t_u: 219/1885) -> {'max_bond': 64, 'max_links': 4, 'total_elems': 77868, 'total_shapes': 1784, 'total_links': 222, 'num_tensors': 56}
2026-08-26 07:39:34,008 [INFO] [75R/1351](swap: 1, u: 0 | c_u: 8 | t_u_l: 122/942 | t_u_r: 97/943 | t_u: 219/1885) -> {'max_bond': 64, 'max_links': 4, 'total_elems': 77868, 'total_shapes': 1784, 'total_links': 222, 'num_tensors': 56}
2026-08-26 07:39:34,095 [INFO] [76R/1351](swap: 1, u: 0 | c_u: 8 | t_u_l: 122/942 | t_u_r: 97/943 | t_u: 219/1885) -> {'max_bond': 64, 'max_links': 4, 'total_elems': 78220, 'total_shapes': 1792, 'total_links': 222, 'num_tensors': 56}
2026-08-26 07:39:34,182 [INFO] [77R/1351](swap: 1, u: 0 | c_u: 8 | t_u_l: 122/942 | t_u_r: 97/943 | t_u: 219/1885) -> {'max_bond': 64, 'max_links': 4, 'total_elems': 78220, 'total_shapes': 1792, 'total_links': 222, 'num_tensors': 56}
2026-08-26 07:39:34,268 [INFO] [78R/1351](swap: 1, u: 0 | c_u: 8 | t_u_l: 122/942 | t_u_r: 97/943 | t_u: 219/1885) -> {'max_bond': 64, 'max_links': 4, 'total_elems': 78220, 'total_shapes': 1792, 'total_links': 222, 'num_tensors': 56}
2026-08-26 07:39:34,355 [INFO] [79R/1351](swap: 0, u: 1 | c_u: 9 | t_u_l: 122/942 | t_u_r: 98/943 | t_u: 220/1885) -> {'max_bond': 64, 'max_links': 4, 'total_elems': 78572, 'total_shapes': 1800, 'total_links': 222, 'num_tensors': 56}
2026-08-26 07:39:34,442 [INFO] [80R/1351](swap: 2, u: 0 | c_u: 9 | t_u_l: 122/942 | t_u_r: 98/943 | t_u: 220/1885) -> {'max_bond': 64, 'max_links': 4, 'total_elems': 78524, 'total_shapes': 1796, 'total_links': 222, 'num_tensors': 56}
2026-08-26 07:39:34,527 [INFO] [81R/1351](swap: 2, u: 0 | c_u: 9 | t_u_l: 122/942 | t_u_r: 98/943 | t_u: 220/1885) -> {'max_bond': 64, 'max_links': 4, 'total_elems': 78852, 'total_shapes': 1802, 'total_links': 222, 'num_tensors': 56}
2026-08-26 07:39:34,618 [INFO] [82R/1351](swap: 2, u: 0 | c_u: 9 | t_u_l: 122/942 | t_u_r: 98/943 | t_u: 220/1885) -> {'max_bond': 64, 'max_links': 4, 'total_elems': 78772, 'total_shapes': 1804, 'total_links': 222, 'num_tensors': 56}
2026-08-26 07:39:34,708 [INFO] [83R/1351](swap: 2, u: 0 | c_u: 9 | t_u_l: 122/942 | t_u_r: 98/943 | t_u: 220/1885) -> {'max_bond': 64, 'max_links': 4, 'total_elems': 80260, 'total_shapes': 1840, 'total_links': 222, 'num_tensors': 56}
2026-08-26 07:39:34,796 [INFO] [84R/1351](swap: 1, u: 1 | c_u: 10 | t_u_l: 122/942 | t_u_r: 99/943 | t_u: 221/1885) -> {'max_bond': 64, 'max_links': 4, 'total_elems': 80204, 'total_shapes': 1840, 'total_links': 222, 'num_tensors': 56}
2026-08-26 07:39:34,891 [INFO] [85R/1351](swap: 1, u: 1 | c_u: 11 | t_u_l: 122/942 | t_u_r: 100/943 | t_u: 222/1885) -> {'max_bond': 64, 'max_links': 4, 'total_elems': 80140, 'total_shapes': 1838, 'total_links': 222, 'num_tensors': 56}
2026-08-26 07:39:34,984 [INFO] [86R/1351](swap: 2, u: 0 | c_u: 11 | t_u_l: 122/942 | t_u_r: 100/943 | t_u: 222/1885) -> {'max_bond': 64, 'max_links': 4, 'total_elems': 77068, 'total_shapes': 1806, 'total_links': 222, 'num_tensors': 56}
2026-08-26 07:39:35,079 [INFO] [87R/1351](swap: 2, u: 0 | c_u: 11 | t_u_l: 122/942 | t_u_r: 100/943 | t_u: 222/1885) -> {'max_bond': 64, 'max_links': 4, 'total_elems': 77356, 'total_shapes': 1818, 'total_links': 222, 'num_tensors': 56}
2026-08-26 07:39:35,179 [INFO] [88R/1351](swap: 2, u: 0 | c_u: 11 | t_u_l: 122/942 | t_u_r: 100/943 | t_u: 222/1885) -> {'max_bond': 64, 'max_links': 4, 'total_elems': 66604, 'total_shapes': 1802, 'total_links': 222, 'num_tensors': 56}
2026-08-26 07:39:35,273 [INFO] [89R/1351](swap: 2, u: 0 | c_u: 11 | t_u_l: 122/942 | t_u_r: 100/943 | t_u: 222/1885) -> {'max_bond': 64, 'max_links': 4, 'total_elems': 58156, 'total_shapes': 1786, 'total_links': 222, 'num_tensors': 56}
2026-08-26 07:39:35,348 [INFO] [90R/1351](swap: 2, u: 0 | c_u: 11 | t_u_l: 122/942 | t_u_r: 100/943 | t_u: 222/1885) -> {'max_bond': 32, 'max_links': 4, 'total_elems': 55852, 'total_shapes': 1770, 'total_links': 222, 'num_tensors': 56}
2026-08-26 07:39:35,428 [INFO] [91R/1351](swap: 2, u: 0 | c_u: 11 | t_u_l: 122/942 | t_u_r: 100/943 | t_u: 222/1885) -> {'max_bond': 32, 'max_links': 4, 'total_elems': 58156, 'total_shapes': 1802, 'total_links': 222, 'num_tensors': 56}
2026-08-26 07:39:35,503 [INFO] [92R/1351](swap: 2, u: 0 | c_u: 11 | t_u_l: 122/942 | t_u_r: 100/943 | t_u: 222/1885) -> {'max_bond': 32, 'max_links': 4, 'total_elems': 63532, 'total_shapes': 1834, 'total_links': 222, 'num_tensors': 56}
2026-08-26 07:39:35,592 [INFO] [93R/1351](swap: 2, u: 0 | c_u: 11 | t_u_l: 122/942 | t_u_r: 100/943 | t_u: 222/1885) -> {'max_bond': 64, 'max_links': 4, 'total_elems': 71212, 'total_shapes': 1930, 'total_links': 222, 'num_tensors': 56}
2026-08-26 07:39:35,687 [INFO] [94R/1351](swap: 2, u: 0 | c_u: 11 | t_u_l: 122/942 | t_u_r: 100/943 | t_u: 222/1885) -> {'max_bond': 64, 'max_links': 4, 'total_elems': 74796, 'total_shapes': 1946, 'total_links': 222, 'num_tensors': 56}
2026-08-26 07:39:35,784 [INFO] [95R/1351](swap: 2, u: 0 | c_u: 11 | t_u_l: 122/942 | t_u_r: 100/943 | t_u: 222/1885) -> {'max_bond': 64, 'max_links': 4, 'total_elems': 84012, 'total_shapes': 2042, 'total_links': 222, 'num_tensors': 56}
2026-08-26 07:39:35,897 [INFO] [96R/1351](swap: 2, u: 0 | c_u: 11 | t_u_l: 122/942 | t_u_r: 100/943 | t_u: 222/1885) -> {'max_bond': 64, 'max_links': 4, 'total_elems': 101420, 'total_shapes': 2122, 'total_links': 222, 'num_tensors': 56}
2026-08-26 07:39:36,029 [INFO] [97R/1351](swap: 2, u: 0 | c_u: 11 | t_u_l: 122/942 | t_u_r: 100/943 | t_u: 222/1885) -> {'max_bond': 64, 'max_links': 4, 'total_elems': 112940, 'total_shapes': 2170, 'total_links': 222, 'num_tensors': 56}
2026-08-26 07:39:36,166 [INFO] [98R/1351](swap: 2, u: 0 | c_u: 11 | t_u_l: 122/942 | t_u_r: 100/943 | t_u: 222/1885) -> {'max_bond': 128, 'max_links': 4, 'total_elems': 151340, 'total_shapes': 2394, 'total_links': 222, 'num_tensors': 56}
2026-08-26 07:39:36,337 [INFO] [99R/1351](swap: 2, u: 0 | c_u: 11 | t_u_l: 122/942 | t_u_r: 100/943 | t_u: 222/1885) -> {'max_bond': 128, 'max_links': 4, 'total_elems': 211244, 'total_shapes': 2570, 'total_links': 222, 'num_tensors': 56}
2026-08-26 07:39:36,546 [INFO] [100R/1351](swap: 2, u: 0 | c_u: 11 | t_u_l: 122/942 | t_u_r: 100/943 | t_u: 222/1885) -> {'max_bond': 128, 'max_links': 4, 'total_elems': 210476, 'total_shapes': 2554, 'total_links': 222, 'num_tensors': 56}
2026-08-26 07:39:36,751 [INFO] [101R/1351](swap: 2, u: 0 | c_u: 11 | t_u_l: 122/942 | t_u_r: 100/943 | t_u: 222/1885) -> {'max_bond': 128, 'max_links': 4, 'total_elems': 215852, 'total_shapes': 2634, 'total_links': 222, 'num_tensors': 56}
2026-08-26 07:39:36,969 [INFO] [102R/1351](swap: 2, u: 0 | c_u: 11 | t_u_l: 122/942 | t_u_r: 100/943 | t_u: 222/1885) -> {'max_bond': 128, 'max_links': 4, 'total_elems': 220460, 'total_shapes': 2666, 'total_links': 222, 'num_tensors': 56}
2026-08-26 07:39:37,182 [INFO] [103R/1351](swap: 2, u: 0 | c_u: 11 | t_u_l: 122/942 | t_u_r: 100/943 | t_u: 222/1885) -> {'max_bond': 128, 'max_links': 4, 'total_elems': 221996, 'total_shapes': 2698, 'total_links': 222, 'num_tensors': 56}
2026-08-26 07:39:37,397 [INFO] [104R/1351](swap: 2, u: 0 | c_u: 11 | t_u_l: 122/942 | t_u_r: 100/943 | t_u: 222/1885) -> {'max_bond': 128, 'max_links': 4, 'total_elems': 223532, 'total_shapes': 2714, 'total_links': 222, 'num_tensors': 56}
2026-08-26 07:39:37,611 [INFO] [105R/1351](swap: 2, u: 0 | c_u: 11 | t_u_l: 122/942 | t_u_r: 100/943 | t_u: 222/1885) -> {'max_bond': 128, 'max_links': 4, 'total_elems': 221484, 'total_shapes': 2682, 'total_links': 222, 'num_tensors': 56}
2026-08-26 07:39:37,822 [INFO] [106R/1351](swap: 2, u: 0 | c_u: 11 | t_u_l: 122/942 | t_u_r: 100/943 | t_u: 222/1885) -> {'max_bond': 128, 'max_links': 4, 'total_elems': 223788, 'total_shapes': 2730, 'total_links': 222, 'num_tensors': 56}
2026-08-26 07:39:38,030 [INFO] [107R/1351](swap: 2, u: 0 | c_u: 11 | t_u_l: 122/942 | t_u_r: 100/943 | t_u: 222/1885) -> {'max_bond': 128, 'max_links': 4, 'total_elems': 229292, 'total_shapes': 2762, 'total_links': 222, 'num_tensors': 56}
2026-08-26 07:39:38,250 [INFO] [108R/1351](swap: 1, u: 1 | c_u: 12 | t_u_l: 122/942 | t_u_r: 101/943 | t_u: 223/1885) -> {'max_bond': 128, 'max_links': 4, 'total_elems': 229164, 'total_shapes': 2758, 'total_links': 222, 'num_tensors': 56}
2026-08-26 07:39:38,463 [INFO] [109R/1351](swap: 3, u: 0 | c_u: 12 | t_u_l: 122/942 | t_u_r: 101/943 | t_u: 223/1885) -> {'max_bond': 128, 'max_links': 4, 'total_elems': 233004, 'total_shapes': 2806, 'total_links': 222, 'num_tensors': 56}
2026-08-26 07:39:38,679 [INFO] [110R/1351](swap: 4, u: 0 | c_u: 12 | t_u_l: 122/942 | t_u_r: 101/943 | t_u: 223/1885) -> {'max_bond': 128, 'max_links': 4, 'total_elems': 237228, 'total_shapes': 2802, 'total_links': 222, 'num_tensors': 56}
2026-08-26 07:39:38,913 [INFO] [111R/1351](swap: 3, u: 1 | c_u: 13 | t_u_l: 122/942 | t_u_r: 102/943 | t_u: 224/1885) -> {'max_bond': 128, 'max_links': 4, 'total_elems': 238508, 'total_shapes': 2842, 'total_links': 222, 'num_tensors': 56}
2026-08-26 07:39:39,148 [INFO] [112R/1351](swap: 2, u: 0 | c_u: 13 | t_u_l: 122/942 | t_u_r: 102/943 | t_u: 224/1885) -> {'max_bond': 128, 'max_links': 4, 'total_elems': 244908, 'total_shapes': 2898, 'total_links': 222, 'num_tensors': 56}
2026-08-26 07:39:39,386 [INFO] [113R/1351](swap: 2, u: 0 | c_u: 13 | t_u_l: 122/942 | t_u_r: 102/943 | t_u: 224/1885) -> {'max_bond': 128, 'max_links': 4, 'total_elems': 251564, 'total_shapes': 2978, 'total_links': 222, 'num_tensors': 56}
2026-08-26 07:39:39,633 [INFO] [114R/1351](swap: 2, u: 0 | c_u: 13 | t_u_l: 122/942 | t_u_r: 102/943 | t_u: 224/1885) -> {'max_bond': 128, 'max_links': 4, 'total_elems': 252332, 'total_shapes': 2994, 'total_links': 222, 'num_tensors': 56}
2026-08-26 07:39:39,882 [INFO] [115R/1351](swap: 2, u: 1 | c_u: 14 | t_u_l: 122/942 | t_u_r: 103/943 | t_u: 225/1885) -> {'max_bond': 128, 'max_links': 4, 'total_elems': 246188, 'total_shapes': 2930, 'total_links': 222, 'num_tensors': 56}
2026-08-26 07:39:40,132 [INFO] [116R/1351](swap: 2, u: 1 | c_u: 15 | t_u_l: 122/942 | t_u_r: 104/943 | t_u: 226/1885) -> {'max_bond': 128, 'max_links': 4, 'total_elems': 241580, 'total_shapes': 2898, 'total_links': 222, 'num_tensors': 56}
2026-08-26 07:39:40,360 [INFO] [117R/1351](swap: 3, u: 1 | c_u: 16 | t_u_l: 122/942 | t_u_r: 105/943 | t_u: 227/1885) -> {'max_bond': 128, 'max_links': 4, 'total_elems': 243628, 'total_shapes': 2930, 'total_links': 222, 'num_tensors': 56}
2026-08-26 07:39:40,587 [INFO] [118R/1351](swap: 1, u: 2 | c_u: 18 | t_u_l: 122/942 | t_u_r: 107/943 | t_u: 229/1885) -> {'max_bond': 128, 'max_links': 4, 'total_elems': 237484, 'total_shapes': 2882, 'total_links': 222, 'num_tensors': 56}
2026-08-26 07:39:40,803 [INFO] [119R/1351](swap: 2, u: 0 | c_u: 18 | t_u_l: 122/942 | t_u_r: 107/943 | t_u: 229/1885) -> {'max_bond': 128, 'max_links': 4, 'total_elems': 232876, 'total_shapes': 2818, 'total_links': 222, 'num_tensors': 56}
2026-08-26 07:39:41,032 [INFO] [120R/1351](swap: 4, u: 0 | c_u: 18 | t_u_l: 122/942 | t_u_r: 107/943 | t_u: 229/1885) -> {'max_bond': 128, 'max_links': 4, 'total_elems': 236204, 'total_shapes': 2850, 'total_links': 222, 'num_tensors': 56}
2026-08-26 07:39:41,262 [INFO] [121R/1351](swap: 4, u: 1 | c_u: 19 | t_u_l: 122/942 | t_u_r: 108/943 | t_u: 230/1885) -> {'max_bond': 128, 'max_links': 4, 'total_elems': 231596, 'total_shapes': 2850, 'total_links': 222, 'num_tensors': 56}
2026-08-26 07:39:41,485 [INFO] [122R/1351](swap: 5, u: 0 | c_u: 19 | t_u_l: 122/942 | t_u_r: 108/943 | t_u: 230/1885) -> {'max_bond': 128, 'max_links': 4, 'total_elems': 242732, 'total_shapes': 2934, 'total_links': 222, 'num_tensors': 56}
2026-08-26 07:39:41,731 [INFO] [123R/1351](swap: 4, u: 1 | c_u: 20 | t_u_l: 122/942 | t_u_r: 109/943 | t_u: 231/1885) -> {'max_bond': 128, 'max_links': 4, 'total_elems': 279180, 'total_shapes': 3228, 'total_links': 222, 'num_tensors': 56}
2026-08-26 07:39:42,043 [INFO] [124R/1351](swap: 5, u: 0 | c_u: 20 | t_u_l: 122/942 | t_u_r: 109/943 | t_u: 231/1885) -> {'max_bond': 128, 'max_links': 4, 'total_elems': 350988, 'total_shapes': 3514, 'total_links': 222, 'num_tensors': 56}
2026-08-26 07:39:42,399 [INFO] [125R/1351](swap: 4, u: 1 | c_u: 21 | t_u_l: 122/942 | t_u_r: 110/943 | t_u: 232/1885) -> {'max_bond': 128, 'max_links': 4, 'total_elems': 374156, 'total_shapes': 3560, 'total_links': 222, 'num_tensors': 56}
2026-08-26 07:39:42,809 [INFO] [126R/1351](swap: 4, u: 0 | c_u: 21 | t_u_l: 122/942 | t_u_r: 110/943 | t_u: 232/1885) -> {'max_bond': 128, 'max_links': 4, 'total_elems': 379468, 'total_shapes': 3566, 'total_links': 222, 'num_tensors': 56}
2026-08-26 07:39:43,237 [INFO] [127R/1351](swap: 4, u: 1 | c_u: 22 | t_u_l: 122/942 | t_u_r: 111/943 | t_u: 233/1885) -> {'max_bond': 128, 'max_links': 4, 'total_elems': 450668, 'total_shapes': 3894, 'total_links': 222, 'num_tensors': 56}
2026-08-26 07:39:43,725 [INFO] [128R/1351](swap: 4, u: 1 | c_u: 23 | t_u_l: 122/942 | t_u_r: 112/943 | t_u: 234/1885) -> {'max_bond': 128, 'max_links': 4, 'total_elems': 469996, 'total_shapes': 3924, 'total_links': 222, 'num_tensors': 56}
2026-08-26 07:39:44,344 [INFO] [129R/1351](swap: 6, u: 0 | c_u: 23 | t_u_l: 122/942 | t_u_r: 112/943 | t_u: 234/1885) -> {'max_bond': 128, 'max_links': 4, 'total_elems': 377264, 'total_shapes': 3628, 'total_links': 222, 'num_tensors': 56}
2026-08-26 07:39:44,798 [INFO] [130R/1351](swap: 4, u: 1 | c_u: 24 | t_u_l: 122/942 | t_u_r: 113/943 | t_u: 235/1885) -> {'max_bond': 128, 'max_links': 4, 'total_elems': 322736, 'total_shapes': 3354, 'total_links': 222, 'num_tensors': 56}
2026-08-26 07:39:45,171 [INFO] [131R/1351](swap: 4, u: 0 | c_u: 24 | t_u_l: 122/942 | t_u_r: 113/943 | t_u: 235/1885) -> {'max_bond': 128, 'max_links': 4, 'total_elems': 309208, 'total_shapes': 3258, 'total_links': 222, 'num_tensors': 56}
2026-08-26 07:39:45,528 [INFO] [132R/1351](swap: 3, u: 0 | c_u: 24 | t_u_l: 122/942 | t_u_r: 113/943 | t_u: 235/1885) -> {'max_bond': 128, 'max_links': 4, 'total_elems': 290488, 'total_shapes': 3180, 'total_links': 222, 'num_tensors': 56}
2026-08-26 07:39:45,859 [INFO] [133R/1351](swap: 2, u: 0 | c_u: 24 | t_u_l: 122/942 | t_u_r: 113/943 | t_u: 235/1885) -> {'max_bond': 128, 'max_links': 4, 'total_elems': 281784, 'total_shapes': 3098, 'total_links': 222, 'num_tensors': 56}
2026-08-26 07:39:46,197 [INFO] [134R/1351](swap: 3, u: 0 | c_u: 24 | t_u_l: 122/942 | t_u_r: 113/943 | t_u: 235/1885) -> {'max_bond': 128, 'max_links': 4, 'total_elems': 298040, 'total_shapes': 3160, 'total_links': 222, 'num_tensors': 56}
2026-08-26 07:39:46,714 [INFO] [3L/1339](swap: 12, u: 0 | c_u: 24 | t_u_l: 122/942 | t_u_r: 113/943 | t_u: 235/1885) -> {'max_bond': 128, 'max_links': 4, 'total_elems': 375356, 'total_shapes': 3580, 'total_links': 222, 'num_tensors': 56}
2026-08-26 07:39:47,242 [INFO] [4L/1339](swap: 10, u: 0 | c_u: 24 | t_u_l: 122/942 | t_u_r: 113/943 | t_u: 235/1885) -> {'max_bond': 128, 'max_links': 4, 'total_elems': 398328, 'total_shapes': 3774, 'total_links': 222, 'num_tensors': 56}
2026-08-26 07:39:47,838 [INFO] [135R/1351](swap: 4, u: 0 | c_u: 24 | t_u_l: 122/942 | t_u_r: 113/943 | t_u: 235/1885) -> {'max_bond': 128, 'max_links': 4, 'total_elems': 377884, 'total_shapes': 3702, 'total_links': 222, 'num_tensors': 56}
2026-08-26 07:39:48,355 [INFO] [136R/1351](swap: 3, u: 1 | c_u: 25 | t_u_l: 122/942 | t_u_r: 114/943 | t_u: 236/1885) -> {'max_bond': 128, 'max_links': 4, 'total_elems': 360696, 'total_shapes': 3608, 'total_links': 222, 'num_tensors': 56}
2026-08-26 07:39:48,965 [INFO] [137R/1351](swap: 3, u: 0 | c_u: 25 | t_u_l: 122/942 | t_u_r: 114/943 | t_u: 236/1885) -> {'max_bond': 128, 'max_links': 4, 'total_elems': 341496, 'total_shapes': 3510, 'total_links': 222, 'num_tensors': 56}
2026-08-26 07:39:49,496 [INFO] [138R/1351](swap: 4, u: 0 | c_u: 25 | t_u_l: 122/942 | t_u_r: 114/943 | t_u: 236/1885) -> {'max_bond': 128, 'max_links': 4, 'total_elems': 323768, 'total_shapes': 3412, 'total_links': 222, 'num_tensors': 56}
2026-08-26 07:39:50,138 [INFO] [139R/1351](swap: 5, u: 0 | c_u: 25 | t_u_l: 122/942 | t_u_r: 114/943 | t_u: 236/1885) -> {'max_bond': 128, 'max_links': 4, 'total_elems': 358392, 'total_shapes': 3362, 'total_links': 222, 'num_tensors': 56}
2026-08-26 07:39:50,743 [INFO]     [start unswap] -> {'max_bond': 128, 'max_links': 4, 'total_elems': 358392, 'total_shapes': 3362, 'total_links': 222, 'num_tensors': 56}
2026-08-26 07:39:53,450 [INFO]     [0 | both | 0](candidate_pairs: 28/28 | new_swaps: 2 | total: 2) -> {'max_bond': 256, 'max_links': 4, 'total_elems': 521528, 'total_shapes': 3594, 'total_links': 222, 'num_tensors': 56}
2026-08-26 07:39:56,927 [INFO]     [0 | both | 1](candidate_pairs: 27/27 | new_swaps: 7 | total: 9) -> {'max_bond': 256, 'max_links': 4, 'total_elems': 464272, 'total_shapes': 3198, 'total_links': 222, 'num_tensors': 56}
2026-08-26 07:39:58,261 [INFO]     [0 | left | 0](candidate_pairs: 28/28 | new_swaps: 9 | total: 18) -> {'max_bond': 128, 'max_links': 4, 'total_elems': 228592, 'total_shapes': 2494, 'total_links': 222, 'num_tensors': 56}
2026-08-26 07:39:58,743 [INFO]     [0 | left | 1](candidate_pairs: 27/27 | new_swaps: 8 | total: 26) -> {'max_bond': 128, 'max_links': 4, 'total_elems': 107420, 'total_shapes': 1970, 'total_links': 222, 'num_tensors': 56}
2026-08-26 07:39:58,889 [INFO]     [0 | right | 0](candidate_pairs: 28/28 | new_swaps: 5 | total: 31) -> {'max_bond': 127, 'max_links': 4, 'total_elems': 98516, 'total_shapes': 1850, 'total_links': 222, 'num_tensors': 56}
2026-08-26 07:39:59,178 [INFO]     [0 | right | 1](candidate_pairs: 27/27 | new_swaps: 3 | total: 34) -> {'max_bond': 125, 'max_links': 4, 'total_elems': 86512, 'total_shapes': 1788, 'total_links': 222, 'num_tensors': 56}
2026-08-26 07:39:59,379 [INFO]     [1 | both | 0](candidate_pairs: 28/28 | new_swaps: 6 | total: 6) -> {'max_bond': 42, 'max_links': 4, 'total_elems': 39016, 'total_shapes': 1414, 'total_links': 222, 'num_tensors': 56}
2026-08-26 07:39:59,504 [INFO]     [1 | both | 1](candidate_pairs: 27/27 | new_swaps: 6 | total: 12) -> {'max_bond': 38, 'max_links': 4, 'total_elems': 29980, 'total_shapes': 1260, 'total_links': 222, 'num_tensors': 56}
2026-08-26 07:39:59,564 [INFO]     [1 | left | 0](candidate_pairs: 28/28 | new_swaps: 6 | total: 18) -> {'max_bond': 36, 'max_links': 4, 'total_elems': 22692, 'total_shapes': 1142, 'total_links': 222, 'num_tensors': 56}
2026-08-26 07:39:59,620 [INFO]     [1 | left | 1](candidate_pairs: 27/27 | new_swaps: 5 | total: 23) -> {'max_bond': 16, 'max_links': 4, 'total_elems': 17776, 'total_shapes': 1042, 'total_links': 222, 'num_tensors': 56}
2026-08-26 07:39:59,668 [INFO]     [1 | right | 0](candidate_pairs: 28/28 | new_swaps: 2 | total: 25) -> {'max_bond': 16, 'max_links': 4, 'total_elems': 16900, 'total_shapes': 1014, 'total_links': 222, 'num_tensors': 56}
2026-08-26 07:39:59,707 [INFO]     [1 | right | 1](candidate_pairs: 27/27 | new_swaps: 1 | total: 26) -> {'max_bond': 16, 'max_links': 4, 'total_elems': 16676, 'total_shapes': 1008, 'total_links': 222, 'num_tensors': 56}
2026-08-26 07:39:59,756 [INFO]     [2 | both | 0](candidate_pairs: 28/28 | new_swaps: 0 | total: 0) -> {'max_bond': 16, 'max_links': 4, 'total_elems': 16676, 'total_shapes': 1008, 'total_links': 222, 'num_tensors': 56}
2026-08-26 07:39:59,807 [INFO]     [2 | both | 1](candidate_pairs: 27/27 | new_swaps: 0 | total: 0) -> {'max_bond': 16, 'max_links': 4, 'total_elems': 16676, 'total_shapes': 1008, 'total_links': 222, 'num_tensors': 56}
2026-08-26 07:39:59,855 [INFO]     [2 | left | 0](candidate_pairs: 28/28 | new_swaps: 2 | total: 2) -> {'max_bond': 16, 'max_links': 4, 'total_elems': 14756, 'total_shapes': 968, 'total_links': 222, 'num_tensors': 56}
2026-08-26 07:39:59,899 [INFO]     [2 | left | 1](candidate_pairs: 27/27 | new_swaps: 1 | total: 3) -> {'max_bond': 16, 'max_links': 4, 'total_elems': 14516, 'total_shapes': 960, 'total_links': 222, 'num_tensors': 56}
2026-08-26 07:39:59,925 [INFO]     [2 | right | 0](candidate_pairs: 28/28 | new_swaps: 0 | total: 3) -> {'max_bond': 16, 'max_links': 4, 'total_elems': 14516, 'total_shapes': 960, 'total_links': 222, 'num_tensors': 56}
2026-08-26 07:39:59,947 [INFO]     [2 | right | 1](candidate_pairs: 27/27 | new_swaps: 0 | total: 3) -> {'max_bond': 16, 'max_links': 4, 'total_elems': 14516, 'total_shapes': 960, 'total_links': 222, 'num_tensors': 56}
2026-08-26 07:40:00,028 [INFO]     [3 | both | 0](candidate_pairs: 28/28 | new_swaps: 1 | total: 1) -> {'max_bond': 16, 'max_links': 4, 'total_elems': 14200, 'total_shapes': 950, 'total_links': 222, 'num_tensors': 56}
2026-08-26 07:40:00,120 [INFO]     [3 | both | 1](candidate_pairs: 27/27 | new_swaps: 3 | total: 4) -> {'max_bond': 16, 'max_links': 4, 'total_elems': 13556, 'total_shapes': 924, 'total_links': 222, 'num_tensors': 56}
2026-08-26 07:40:00,159 [INFO]     [3 | left | 0](candidate_pairs: 28/28 | new_swaps: 1 | total: 5) -> {'max_bond': 16, 'max_links': 4, 'total_elems': 13448, 'total_shapes': 918, 'total_links': 222, 'num_tensors': 56}
2026-08-26 07:40:00,181 [INFO]     [3 | left | 1](candidate_pairs: 27/27 | new_swaps: 0 | total: 5) -> {'max_bond': 16, 'max_links': 4, 'total_elems': 13448, 'total_shapes': 918, 'total_links': 222, 'num_tensors': 56}
2026-08-26 07:40:00,206 [INFO]     [3 | right | 0](candidate_pairs: 28/28 | new_swaps: 0 | total: 5) -> {'max_bond': 16, 'max_links': 4, 'total_elems': 13448, 'total_shapes': 918, 'total_links': 222, 'num_tensors': 56}
2026-08-26 07:40:00,249 [INFO]     [3 | right | 1](candidate_pairs: 27/27 | new_swaps: 1 | total: 6) -> {'max_bond': 16, 'max_links': 4, 'total_elems': 13412, 'total_shapes': 916, 'total_links': 222, 'num_tensors': 56}
2026-08-26 07:40:00,302 [INFO]     [4 | both | 0](candidate_pairs: 28/28 | new_swaps: 0 | total: 0) -> {'max_bond': 16, 'max_links': 4, 'total_elems': 13412, 'total_shapes': 916, 'total_links': 222, 'num_tensors': 56}
2026-08-26 07:40:00,352 [INFO]     [4 | both | 1](candidate_pairs: 27/27 | new_swaps: 0 | total: 0) -> {'max_bond': 16, 'max_links': 4, 'total_elems': 13412, 'total_shapes': 916, 'total_links': 222, 'num_tensors': 56}
2026-08-26 07:40:00,375 [INFO]     [4 | left | 0](candidate_pairs: 28/28 | new_swaps: 0 | total: 0) -> {'max_bond': 16, 'max_links': 4, 'total_elems': 13412, 'total_shapes': 916, 'total_links': 222, 'num_tensors': 56}
2026-08-26 07:40:00,397 [INFO]     [4 | left | 1](candidate_pairs: 27/27 | new_swaps: 0 | total: 0) -> {'max_bond': 16, 'max_links': 4, 'total_elems': 13412, 'total_shapes': 916, 'total_links': 222, 'num_tensors': 56}
2026-08-26 07:40:00,434 [INFO]     [4 | right | 0](candidate_pairs: 28/28 | new_swaps: 1 | total: 1) -> {'max_bond': 16, 'max_links': 4, 'total_elems': 13380, 'total_shapes': 914, 'total_links': 222, 'num_tensors': 56}
2026-08-26 07:40:00,456 [INFO]     [4 | right | 1](candidate_pairs: 27/27 | new_swaps: 0 | total: 1) -> {'max_bond': 16, 'max_links': 4, 'total_elems': 13380, 'total_shapes': 914, 'total_links': 222, 'num_tensors': 56}
2026-08-26 07:40:00,502 [INFO]     [5 | both | 0](candidate_pairs: 28/28 | new_swaps: 0 | total: 0) -> {'max_bond': 16, 'max_links': 4, 'total_elems': 13380, 'total_shapes': 914, 'total_links': 222, 'num_tensors': 56}
2026-08-26 07:40:00,549 [INFO]     [5 | both | 1](candidate_pairs: 27/27 | new_swaps: 0 | total: 0) -> {'max_bond': 16, 'max_links': 4, 'total_elems': 13380, 'total_shapes': 914, 'total_links': 222, 'num_tensors': 56}
2026-08-26 07:40:00,571 [INFO]     [5 | left | 0](candidate_pairs: 28/28 | new_swaps: 0 | total: 0) -> {'max_bond': 16, 'max_links': 4, 'total_elems': 13380, 'total_shapes': 914, 'total_links': 222, 'num_tensors': 56}
2026-08-26 07:40:00,593 [INFO]     [5 | left | 1](candidate_pairs: 27/27 | new_swaps: 0 | total: 0) -> {'max_bond': 16, 'max_links': 4, 'total_elems': 13380, 'total_shapes': 914, 'total_links': 222, 'num_tensors': 56}
2026-08-26 07:40:00,615 [INFO]     [5 | right | 0](candidate_pairs: 28/28 | new_swaps: 0 | total: 0) -> {'max_bond': 16, 'max_links': 4, 'total_elems': 13380, 'total_shapes': 914, 'total_links': 222, 'num_tensors': 56}
2026-08-26 07:40:00,637 [INFO]     [5 | right | 1](candidate_pairs: 27/27 | new_swaps: 0 | total: 0) -> {'max_bond': 16, 'max_links': 4, 'total_elems': 13380, 'total_shapes': 914, 'total_links': 222, 'num_tensors': 56}
2026-08-26 07:40:00,637 [INFO]     [end unswap] -> {'max_bond': 16, 'max_links': 4, 'total_elems': 13380, 'total_shapes': 914, 'total_links': 222, 'num_tensors': 56}
2026-08-26 07:40:00,639 [INFO] [start rewire](phase=post_unswap, cycle=27, side=left, layers=1337, trials=20, seed=123, parallel=False, route_candidates=2, route_score=lookahead_total)
2026-08-26 07:40:04,272 [INFO] [end rewire](phase=post_unswap, cycle=27, side=left, routed_layers=1264, elapsed_s=3.63)
2026-08-26 07:40:04,272 [INFO] [start rewire](phase=post_unswap, cycle=27, side=right, layers=1214, trials=20, seed=123, parallel=False, route_candidates=2, route_score=lookahead_total)
2026-08-26 07:40:06,972 [INFO] [end rewire](phase=post_unswap, cycle=27, side=right, routed_layers=1456, elapsed_s=2.70)
2026-08-26 07:40:07,083 [INFO] [1L/1262](swap: 7, u: 2 | c_u: 2 | t_u_l: 124/942 | t_u_r: 114/943 | t_u: 238/1885) -> {'max_bond': 16, 'max_links': 4, 'total_elems': 13252, 'total_shapes': 906, 'total_links': 222, 'num_tensors': 56}
2026-08-26 07:40:07,135 [INFO] [2L/1262](swap: 10, u: 0 | c_u: 2 | t_u_l: 124/942 | t_u_r: 114/943 | t_u: 238/1885) -> {'max_bond': 32, 'max_links': 4, 'total_elems': 16116, 'total_shapes': 1006, 'total_links': 222, 'num_tensors': 56}
2026-08-26 07:40:07,192 [INFO] [1R/1454](swap: 10, u: 0 | c_u: 2 | t_u_l: 124/942 | t_u_r: 114/943 | t_u: 238/1885) -> {'max_bond': 32, 'max_links': 4, 'total_elems': 17200, 'total_shapes': 1062, 'total_links': 222, 'num_tensors': 56}
2026-08-26 07:40:07,249 [INFO] [2R/1454](swap: 7, u: 1 | c_u: 3 | t_u_l: 124/942 | t_u_r: 115/943 | t_u: 239/1885) -> {'max_bond': 64, 'max_links': 4, 'total_elems': 24232, 'total_shapes': 1186, 'total_links': 222, 'num_tensors': 56}
2026-08-26 07:40:07,306 [INFO] [3L/1262](swap: 10, u: 0 | c_u: 3 | t_u_l: 124/942 | t_u_r: 115/943 | t_u: 239/1885) -> {'max_bond': 32, 'max_links': 4, 'total_elems': 22564, 'total_shapes': 1208, 'total_links': 222, 'num_tensors': 56}
2026-08-26 07:40:07,363 [INFO] [3R/1454](swap: 9, u: 0 | c_u: 3 | t_u_l: 124/942 | t_u_r: 115/943 | t_u: 239/1885) -> {'max_bond': 32, 'max_links': 4, 'total_elems': 27496, 'total_shapes': 1300, 'total_links': 222, 'num_tensors': 56}
2026-08-26 07:40:07,425 [INFO] [4R/1454](swap: 8, u: 0 | c_u: 3 | t_u_l: 124/942 | t_u_r: 115/943 | t_u: 239/1885) -> {'max_bond': 32, 'max_links': 4, 'total_elems': 32360, 'total_shapes': 1424, 'total_links': 222, 'num_tensors': 56}
2026-08-26 07:40:07,493 [INFO] [5R/1454](swap: 5, u: 0 | c_u: 3 | t_u_l: 124/942 | t_u_r: 115/943 | t_u: 239/1885) -> {'max_bond': 32, 'max_links': 4, 'total_elems': 38504, 'total_shapes': 1496, 'total_links': 222, 'num_tensors': 56}
2026-08-26 07:40:07,563 [INFO] [6R/1454](swap: 4, u: 0 | c_u: 3 | t_u_l: 124/942 | t_u_r: 115/943 | t_u: 239/1885) -> {'max_bond': 64, 'max_links': 4, 'total_elems': 58088, 'total_shapes': 1760, 'total_links': 222, 'num_tensors': 56}
2026-08-26 07:40:07,645 [INFO] [4L/1262](swap: 8, u: 1 | c_u: 4 | t_u_l: 125/942 | t_u_r: 115/943 | t_u: 240/1885) -> {'max_bond': 64, 'max_links': 4, 'total_elems': 90088, 'total_shapes': 2056, 'total_links': 222, 'num_tensors': 56}
2026-08-26 07:40:07,762 [INFO] [7R/1454](swap: 3, u: 0 | c_u: 4 | t_u_l: 125/942 | t_u_r: 115/943 | t_u: 240/1885) -> {'max_bond': 64, 'max_links': 4, 'total_elems': 126952, 'total_shapes': 2296, 'total_links': 222, 'num_tensors': 56}
2026-08-26 07:40:07,928 [INFO] [8R/1454](swap: 3, u: 0 | c_u: 4 | t_u_l: 125/942 | t_u_r: 115/943 | t_u: 240/1885) -> {'max_bond': 128, 'max_links': 4, 'total_elems': 185320, 'total_shapes': 2680, 'total_links': 222, 'num_tensors': 56}
2026-08-26 07:40:08,193 [INFO] [9R/1454](swap: 2, u: 0 | c_u: 4 | t_u_l: 125/942 | t_u_r: 115/943 | t_u: 240/1885) -> {'max_bond': 128, 'max_links': 4, 'total_elems': 225256, 'total_shapes': 2840, 'total_links': 222, 'num_tensors': 56}
2026-08-26 07:40:08,501 [INFO] [10R/1454](swap: 2, u: 0 | c_u: 4 | t_u_l: 125/942 | t_u_r: 115/943 | t_u: 240/1885) -> {'max_bond': 128, 'max_links': 4, 'total_elems': 240616, 'total_shapes': 2936, 'total_links': 222, 'num_tensors': 56}
2026-08-26 07:40:08,805 [INFO] [11R/1454](swap: 2, u: 0 | c_u: 4 | t_u_l: 125/942 | t_u_r: 115/943 | t_u: 240/1885) -> {'max_bond': 128, 'max_links': 4, 'total_elems': 262120, 'total_shapes': 3064, 'total_links': 222, 'num_tensors': 56}
2026-08-26 07:40:09,159 [INFO] [12R/1454](swap: 2, u: 1 | c_u: 5 | t_u_l: 125/942 | t_u_r: 116/943 | t_u: 241/1885) -> {'max_bond': 128, 'max_links': 4, 'total_elems': 314344, 'total_shapes': 3352, 'total_links': 222, 'num_tensors': 56}
2026-08-26 07:40:09,712 [INFO] [13R/1454](swap: 3, u: 0 | c_u: 5 | t_u_l: 125/942 | t_u_r: 116/943 | t_u: 241/1885) -> {'max_bond': 128, 'max_links': 4, 'total_elems': 354280, 'total_shapes': 3512, 'total_links': 222, 'num_tensors': 56}
2026-08-26 07:40:10,266 [INFO] [14R/1454](swap: 2, u: 0 | c_u: 5 | t_u_l: 125/942 | t_u_r: 116/943 | t_u: 241/1885) -> {'max_bond': 128, 'max_links': 4, 'total_elems': 354280, 'total_shapes': 3512, 'total_links': 222, 'num_tensors': 56}
2026-08-26 07:40:10,768 [INFO] [15R/1454](swap: 1, u: 0 | c_u: 5 | t_u_l: 125/942 | t_u_r: 116/943 | t_u: 241/1885) -> {'max_bond': 128, 'max_links': 4, 'total_elems': 363496, 'total_shapes': 3608, 'total_links': 222, 'num_tensors': 56}
2026-08-26 07:40:11,302 [INFO] [16R/1454](swap: 1, u: 0 | c_u: 5 | t_u_l: 125/942 | t_u_r: 116/943 | t_u: 241/1885) -> {'max_bond': 128, 'max_links': 4, 'total_elems': 400360, 'total_shapes': 3800, 'total_links': 222, 'num_tensors': 56}
2026-08-26 07:40:11,862 [INFO] [17R/1454](swap: 1, u: 0 | c_u: 5 | t_u_l: 125/942 | t_u_r: 116/943 | t_u: 241/1885) -> {'max_bond': 128, 'max_links': 4, 'total_elems': 461800, 'total_shapes': 3992, 'total_links': 222, 'num_tensors': 56}
2026-08-26 07:40:12,467 [INFO] [18R/1454](swap: 1, u: 0 | c_u: 5 | t_u_l: 125/942 | t_u_r: 116/943 | t_u: 241/1885) -> {'max_bond': 128, 'max_links': 4, 'total_elems': 523240, 'total_shapes': 4184, 'total_links': 222, 'num_tensors': 56}
2026-08-26 07:40:13,152 [INFO] [19R/1454](swap: 1, u: 0 | c_u: 5 | t_u_l: 125/942 | t_u_r: 116/943 | t_u: 241/1885) -> {'max_bond': 128, 'max_links': 4, 'total_elems': 621544, 'total_shapes': 4376, 'total_links': 222, 'num_tensors': 56}
2026-08-26 07:40:14,188 [INFO] [20R/1454](swap: 0, u: 1 | c_u: 6 | t_u_l: 125/942 | t_u_r: 117/943 | t_u: 242/1885) -> {'max_bond': 128, 'max_links': 4, 'total_elems': 621544, 'total_shapes': 4376, 'total_links': 222, 'num_tensors': 56}
2026-08-26 07:40:15,499 [INFO] [21R/1454](swap: 2, u: 0 | c_u: 6 | t_u_l: 125/942 | t_u_r: 117/943 | t_u: 242/1885) -> {'max_bond': 128, 'max_links': 4, 'total_elems': 523240, 'total_shapes': 4184, 'total_links': 222, 'num_tensors': 56}
2026-08-26 07:40:16,234 [INFO] [22R/1454](swap: 3, u: 0 | c_u: 6 | t_u_l: 125/942 | t_u_r: 117/943 | t_u: 242/1885) -> {'max_bond': 128, 'max_links': 4, 'total_elems': 437224, 'total_shapes': 3864, 'total_links': 222, 'num_tensors': 56}
2026-08-26 07:40:16,857 [INFO] [23R/1454](swap: 3, u: 0 | c_u: 6 | t_u_l: 125/942 | t_u_r: 117/943 | t_u: 242/1885) -> {'max_bond': 128, 'max_links': 4, 'total_elems': 345064, 'total_shapes': 3576, 'total_links': 222, 'num_tensors': 56}
2026-08-26 07:40:17,362 [INFO] [24R/1454](swap: 4, u: 0 | c_u: 6 | t_u_l: 125/942 | t_u_r: 117/943 | t_u: 242/1885) -> {'max_bond': 64, 'max_links': 4, 'total_elems': 280552, 'total_shapes': 3224, 'total_links': 222, 'num_tensors': 56}
2026-08-26 07:40:17,728 [INFO] [25R/1454](swap: 4, u: 1 | c_u: 7 | t_u_l: 125/942 | t_u_r: 118/943 | t_u: 243/1885) -> {'max_bond': 64, 'max_links': 4, 'total_elems': 243688, 'total_shapes': 3000, 'total_links': 222, 'num_tensors': 56}
2026-08-26 07:40:18,020 [INFO] [26R/1454](swap: 4, u: 0 | c_u: 7 | t_u_l: 125/942 | t_u_r: 118/943 | t_u: 243/1885) -> {'max_bond': 64, 'max_links': 4, 'total_elems': 235496, 'total_shapes': 2872, 'total_links': 222, 'num_tensors': 56}
2026-08-26 07:40:18,333 [INFO] [27R/1454](swap: 4, u: 0 | c_u: 7 | t_u_l: 125/942 | t_u_r: 118/943 | t_u: 243/1885) -> {'max_bond': 64, 'max_links': 4, 'total_elems': 209896, 'total_shapes': 2808, 'total_links': 222, 'num_tensors': 56}
2026-08-26 07:40:18,568 [INFO] [28R/1454](swap: 5, u: 0 | c_u: 7 | t_u_l: 125/942 | t_u_r: 118/943 | t_u: 243/1885) -> {'max_bond': 64, 'max_links': 4, 'total_elems': 197608, 'total_shapes': 2744, 'total_links': 222, 'num_tensors': 56}
2026-08-26 07:40:18,783 [INFO] [29R/1454](swap: 6, u: 0 | c_u: 7 | t_u_l: 125/942 | t_u_r: 118/943 | t_u: 243/1885) -> {'max_bond': 64, 'max_links': 4, 'total_elems': 189928, 'total_shapes': 2688, 'total_links': 222, 'num_tensors': 56}
2026-08-26 07:40:18,997 [INFO] [30R/1454](swap: 7, u: 0 | c_u: 7 | t_u_l: 125/942 | t_u_r: 118/943 | t_u: 243/1885) -> {'max_bond': 128, 'max_links': 4, 'total_elems': 228648, 'total_shapes': 2968, 'total_links': 222, 'num_tensors': 56}
2026-08-26 07:40:19,271 [INFO] [31R/1454](swap: 7, u: 0 | c_u: 7 | t_u_l: 125/942 | t_u_r: 118/943 | t_u: 243/1885) -> {'max_bond': 128, 'max_links': 4, 'total_elems': 300456, 'total_shapes': 3144, 'total_links': 222, 'num_tensors': 56}
2026-08-26 07:40:19,643 [INFO] [32R/1454](swap: 5, u: 2 | c_u: 9 | t_u_l: 125/942 | t_u_r: 120/943 | t_u: 245/1885) -> {'max_bond': 128, 'max_links': 4, 'total_elems': 330024, 'total_shapes': 3232, 'total_links': 222, 'num_tensors': 56}
2026-08-26 07:40:20,485 [INFO] [33R/1454](swap: 7, u: 0 | c_u: 9 | t_u_l: 125/942 | t_u_r: 120/943 | t_u: 245/1885) -> {'max_bond': 128, 'max_links': 4, 'total_elems': 342696, 'total_shapes': 3216, 'total_links': 222, 'num_tensors': 56}
2026-08-26 07:40:21,157 [INFO] [34R/1454](swap: 6, u: 2 | c_u: 11 | t_u_l: 125/942 | t_u_r: 122/943 | t_u: 247/1885) -> {'max_bond': 128, 'max_links': 4, 'total_elems': 330984, 'total_shapes': 3144, 'total_links': 222, 'num_tensors': 56}
2026-08-26 07:40:21,770 [INFO] [35R/1454](swap: 7, u: 0 | c_u: 11 | t_u_l: 125/942 | t_u_r: 122/943 | t_u: 247/1885) -> {'max_bond': 128, 'max_links': 4, 'total_elems': 412904, 'total_shapes': 3312, 'total_links': 222, 'num_tensors': 56}
2026-08-26 07:40:22,800 [INFO]     [start unswap] -> {'max_bond': 128, 'max_links': 4, 'total_elems': 412904, 'total_shapes': 3312, 'total_links': 222, 'num_tensors': 56}
2026-08-26 07:40:26,449 [INFO]     [0 | both | 0](candidate_pairs: 28/28 | new_swaps: 9 | total: 9) -> {'max_bond': 256, 'max_links': 4, 'total_elems': 464240, 'total_shapes': 3236, 'total_links': 222, 'num_tensors': 56}
2026-08-26 07:40:30,858 [INFO]     [0 | both | 1](candidate_pairs: 27/27 | new_swaps: 7 | total: 16) -> {'max_bond': 256, 'max_links': 4, 'total_elems': 431024, 'total_shapes': 2908, 'total_links': 222, 'num_tensors': 56}
2026-08-26 07:40:31,914 [INFO]     [0 | left | 0](candidate_pairs: 28/28 | new_swaps: 6 | total: 22) -> {'max_bond': 128, 'max_links': 4, 'total_elems': 260400, 'total_shapes': 2372, 'total_links': 222, 'num_tensors': 56}
2026-08-26 07:40:32,474 [INFO]     [0 | left | 1](candidate_pairs: 27/27 | new_swaps: 9 | total: 31) -> {'max_bond': 128, 'max_links': 4, 'total_elems': 179844, 'total_shapes': 1986, 'total_links': 222, 'num_tensors': 56}
2026-08-26 07:40:32,842 [INFO]     [0 | right | 0](candidate_pairs: 28/28 | new_swaps: 5 | total: 36) -> {'max_bond': 128, 'max_links': 4, 'total_elems': 178852, 'total_shapes': 1944, 'total_links': 222, 'num_tensors': 56}
2026-08-26 07:40:33,228 [INFO]     [0 | right | 1](candidate_pairs: 27/27 | new_swaps: 5 | total: 41) -> {'max_bond': 128, 'max_links': 4, 'total_elems': 129312, 'total_shapes': 1792, 'total_links': 222, 'num_tensors': 56}
2026-08-26 07:40:33,697 [INFO]     [1 | both | 0](candidate_pairs: 28/28 | new_swaps: 4 | total: 4) -> {'max_bond': 64, 'max_links': 4, 'total_elems': 100808, 'total_shapes': 1608, 'total_links': 222, 'num_tensors': 56}
2026-08-26 07:40:34,054 [INFO]     [1 | both | 1](candidate_pairs: 27/27 | new_swaps: 5 | total: 9) -> {'max_bond': 64, 'max_links': 4, 'total_elems': 80012, 'total_shapes': 1458, 'total_links': 222, 'num_tensors': 56}
2026-08-26 07:40:34,180 [INFO]     [1 | left | 0](candidate_pairs: 28/28 | new_swaps: 3 | total: 12) -> {'max_bond': 64, 'max_links': 4, 'total_elems': 64436, 'total_shapes': 1348, 'total_links': 222, 'num_tensors': 56}
2026-08-26 07:40:34,309 [INFO]     [1 | left | 1](candidate_pairs: 27/27 | new_swaps: 3 | total: 15) -> {'max_bond': 64, 'max_links': 4, 'total_elems': 58068, 'total_shapes': 1272, 'total_links': 222, 'num_tensors': 56}
2026-08-26 07:40:34,409 [INFO]     [1 | right | 0](candidate_pairs: 28/28 | new_swaps: 3 | total: 18) -> {'max_bond': 64, 'max_links': 4, 'total_elems': 42576, 'total_shapes': 1164, 'total_links': 222, 'num_tensors': 56}
2026-08-26 07:40:34,493 [INFO]     [1 | right | 1](candidate_pairs: 27/27 | new_swaps: 3 | total: 21) -> {'max_bond': 64, 'max_links': 4, 'total_elems': 38696, 'total_shapes': 1112, 'total_links': 222, 'num_tensors': 56}
2026-08-26 07:40:34,621 [INFO]     [2 | both | 0](candidate_pairs: 28/28 | new_swaps: 7 | total: 7) -> {'max_bond': 64, 'max_links': 4, 'total_elems': 20112, 'total_shapes': 948, 'total_links': 222, 'num_tensors': 56}
2026-08-26 07:40:34,713 [INFO]     [2 | both | 1](candidate_pairs: 27/27 | new_swaps: 2 | total: 9) -> {'max_bond': 16, 'max_links': 4, 'total_elems': 13776, 'total_shapes': 844, 'total_links': 222, 'num_tensors': 56}
2026-08-26 07:40:34,736 [INFO]     [2 | left | 0](candidate_pairs: 28/28 | new_swaps: 0 | total: 9) -> {'max_bond': 16, 'max_links': 4, 'total_elems': 13776, 'total_shapes': 844, 'total_links': 222, 'num_tensors': 56}
2026-08-26 07:40:34,775 [INFO]     [2 | left | 1](candidate_pairs: 27/27 | new_swaps: 1 | total: 10) -> {'max_bond': 16, 'max_links': 4, 'total_elems': 13008, 'total_shapes': 828, 'total_links': 222, 'num_tensors': 56}
2026-08-26 07:40:34,820 [INFO]     [2 | right | 0](candidate_pairs: 28/28 | new_swaps: 2 | total: 12) -> {'max_bond': 16, 'max_links': 4, 'total_elems': 11472, 'total_shapes': 796, 'total_links': 222, 'num_tensors': 56}
2026-08-26 07:40:34,856 [INFO]     [2 | right | 1](candidate_pairs: 27/27 | new_swaps: 1 | total: 13) -> {'max_bond': 16, 'max_links': 4, 'total_elems': 10704, 'total_shapes': 780, 'total_links': 222, 'num_tensors': 56}
2026-08-26 07:40:34,939 [INFO]     [3 | both | 0](candidate_pairs: 28/28 | new_swaps: 2 | total: 2) -> {'max_bond': 16, 'max_links': 4, 'total_elems': 9744, 'total_shapes': 756, 'total_links': 222, 'num_tensors': 56}
2026-08-26 07:40:35,011 [INFO]     [3 | both | 1](candidate_pairs: 27/27 | new_swaps: 1 | total: 3) -> {'max_bond': 16, 'max_links': 4, 'total_elems': 9552, 'total_shapes': 748, 'total_links': 222, 'num_tensors': 56}
2026-08-26 07:40:35,032 [INFO]     [3 | left | 0](candidate_pairs: 28/28 | new_swaps: 0 | total: 3) -> {'max_bond': 16, 'max_links': 4, 'total_elems': 9552, 'total_shapes': 748, 'total_links': 222, 'num_tensors': 56}
2026-08-26 07:40:35,052 [INFO]     [3 | left | 1](candidate_pairs: 27/27 | new_swaps: 0 | total: 3) -> {'max_bond': 16, 'max_links': 4, 'total_elems': 9552, 'total_shapes': 748, 'total_links': 222, 'num_tensors': 56}
2026-08-26 07:40:35,072 [INFO]     [3 | right | 0](candidate_pairs: 28/28 | new_swaps: 0 | total: 3) -> {'max_bond': 16, 'max_links': 4, 'total_elems': 9552, 'total_shapes': 748, 'total_links': 222, 'num_tensors': 56}
2026-08-26 07:40:35,093 [INFO]     [3 | right | 1](candidate_pairs: 27/27 | new_swaps: 0 | total: 3) -> {'max_bond': 16, 'max_links': 4, 'total_elems': 9552, 'total_shapes': 748, 'total_links': 222, 'num_tensors': 56}
2026-08-26 07:40:35,167 [INFO]     [4 | both | 0](candidate_pairs: 28/28 | new_swaps: 1 | total: 1) -> {'max_bond': 16, 'max_links': 4, 'total_elems': 9360, 'total_shapes': 740, 'total_links': 222, 'num_tensors': 56}
2026-08-26 07:40:35,239 [INFO]     [4 | both | 1](candidate_pairs: 27/27 | new_swaps: 1 | total: 2) -> {'max_bond': 16, 'max_links': 4, 'total_elems': 9168, 'total_shapes': 732, 'total_links': 222, 'num_tensors': 56}
2026-08-26 07:40:35,259 [INFO]     [4 | left | 0](candidate_pairs: 28/28 | new_swaps: 0 | total: 2) -> {'max_bond': 16, 'max_links': 4, 'total_elems': 9168, 'total_shapes': 732, 'total_links': 222, 'num_tensors': 56}
2026-08-26 07:40:35,279 [INFO]     [4 | left | 1](candidate_pairs: 27/27 | new_swaps: 0 | total: 2) -> {'max_bond': 16, 'max_links': 4, 'total_elems': 9168, 'total_shapes': 732, 'total_links': 222, 'num_tensors': 56}
2026-08-26 07:40:35,301 [INFO]     [4 | right | 0](candidate_pairs: 28/28 | new_swaps: 0 | total: 2) -> {'max_bond': 16, 'max_links': 4, 'total_elems': 9168, 'total_shapes': 732, 'total_links': 222, 'num_tensors': 56}
2026-08-26 07:40:35,323 [INFO]     [4 | right | 1](candidate_pairs: 27/27 | new_swaps: 0 | total: 2) -> {'max_bond': 16, 'max_links': 4, 'total_elems': 9168, 'total_shapes': 732, 'total_links': 222, 'num_tensors': 56}
2026-08-26 07:40:35,366 [INFO]     [5 | both | 0](candidate_pairs: 28/28 | new_swaps: 0 | total: 0) -> {'max_bond': 16, 'max_links': 4, 'total_elems': 9168, 'total_shapes': 732, 'total_links': 222, 'num_tensors': 56}
2026-08-26 07:40:35,407 [INFO]     [5 | both | 1](candidate_pairs: 27/27 | new_swaps: 0 | total: 0) -> {'max_bond': 16, 'max_links': 4, 'total_elems': 9168, 'total_shapes': 732, 'total_links': 222, 'num_tensors': 56}
2026-08-26 07:40:35,428 [INFO]     [5 | left | 0](candidate_pairs: 28/28 | new_swaps: 0 | total: 0) -> {'max_bond': 16, 'max_links': 4, 'total_elems': 9168, 'total_shapes': 732, 'total_links': 222, 'num_tensors': 56}
2026-08-26 07:40:35,448 [INFO]     [5 | left | 1](candidate_pairs: 27/27 | new_swaps: 0 | total: 0) -> {'max_bond': 16, 'max_links': 4, 'total_elems': 9168, 'total_shapes': 732, 'total_links': 222, 'num_tensors': 56}
2026-08-26 07:40:35,469 [INFO]     [5 | right | 0](candidate_pairs: 28/28 | new_swaps: 0 | total: 0) -> {'max_bond': 16, 'max_links': 4, 'total_elems': 9168, 'total_shapes': 732, 'total_links': 222, 'num_tensors': 56}
2026-08-26 07:40:35,489 [INFO]     [5 | right | 1](candidate_pairs: 27/27 | new_swaps: 0 | total: 0) -> {'max_bond': 16, 'max_links': 4, 'total_elems': 9168, 'total_shapes': 732, 'total_links': 222, 'num_tensors': 56}
2026-08-26 07:40:35,489 [INFO]     [end unswap] -> {'max_bond': 16, 'max_links': 4, 'total_elems': 9168, 'total_shapes': 732, 'total_links': 222, 'num_tensors': 56}
2026-08-26 07:40:35,491 [INFO] [start rewire](phase=post_unswap, cycle=28, side=left, layers=1260, trials=20, seed=123, parallel=False, route_candidates=2, route_score=lookahead_total)
2026-08-26 07:40:39,061 [INFO] [end rewire](phase=post_unswap, cycle=28, side=left, routed_layers=1301, elapsed_s=3.57)
2026-08-26 07:40:39,061 [INFO] [start rewire](phase=post_unswap, cycle=28, side=right, layers=1421, trials=20, seed=123, parallel=False, route_candidates=2, route_score=lookahead_total)
2026-08-26 07:40:41,719 [INFO] [end rewire](phase=post_unswap, cycle=28, side=right, routed_layers=1251, elapsed_s=2.66)
2026-08-26 07:40:41,830 [INFO] [1L/1299](swap: 9, u: 2 | c_u: 2 | t_u_l: 127/942 | t_u_r: 122/943 | t_u: 249/1885) -> {'max_bond': 16, 'max_links': 4, 'total_elems': 9104, 'total_shapes': 728, 'total_links': 222, 'num_tensors': 56}
2026-08-26 07:40:41,879 [INFO] [1R/1249](swap: 6, u: 3 | c_u: 5 | t_u_l: 127/942 | t_u_r: 125/943 | t_u: 252/1885) -> {'max_bond': 16, 'max_links': 4, 'total_elems': 10144, 'total_shapes': 802, 'total_links': 222, 'num_tensors': 56}
2026-08-26 07:40:41,880 [INFO] [end compressing](left: 1300, right: 1250) -> {'max_bond': 16, 'max_links': 4, 'total_elems': 10144, 'total_shapes': 802, 'total_links': 222, 'num_tensors': 56}
2026-08-26 07:40:41,943 [WARNING] samples.png generation disabled: No module named 'matplotlib'
