2026-08-26 11:16:09,469 [INFO] loaded /Users/monitsharma/code_projects/qat/tracker/data/classically-verifiable-problems/circuit-models/peaked_circuit/peaked_circuit_P11_Hqap_98x1999.qasm: qubits=98 ops={'u': 7996, 'cz': 1999}
2026-08-26 11:16:09,478 [INFO] Pass: Collect2qBlocks - 5.62406 (ms)
2026-08-26 11:16:09,491 [INFO] Pass: ConsolidateBlocks - 12.68506 (ms)
2026-08-26 11:16:09,492 [INFO] after two-qubit block consolidation: ops={'unitary': 1984}
2026-08-26 11:16:09,519 [INFO] environment: python=3.10.21 qiskit=1.4.5 quimb=1.11.2 numpy=2.2.6 scipy=1.15.2 machine=arm64
2026-08-26 11:16:09,820 [INFO] Total unitaries: 1984 = 992 (left) + 992 (right)
2026-08-26 11:16:09,820 [INFO] Rewiring with SabreSwap(trials=90, heuristic='decay', seed=123)
2026-08-26 11:16:09,820 [INFO] Post-unswap rewire candidate scoring enabled: candidates=2, score='lookahead_total', lookahead=8, seed_stride=1009
2026-08-26 11:16:09,820 [INFO] No-progress fail-fast guardrail enabled: abort after 40 consecutive zero-work unswap cycle(s)
2026-08-26 11:16:09,820 [INFO] [start rewire](phase=initial, side=left, layers=57, trials=90, seed=123, parallel=False)
2026-08-26 11:16:12,858 [INFO] [end rewire](phase=initial, side=left, routed_layers=2367, elapsed_s=3.04)
2026-08-26 11:16:12,858 [INFO] [start rewire](phase=initial, side=right, layers=71, trials=90, seed=123, parallel=False)
2026-08-26 11:16:15,312 [INFO] [end rewire](phase=initial, side=right, routed_layers=2266, elapsed_s=2.45)
2026-08-26 11:16:15,331 [INFO] [start compressing] -> {'max_bond': 1, 'max_links': 4, 'total_elems': 392, 'total_shapes': 586, 'total_links': 390, 'num_tensors': 98}
2026-08-26 11:16:15,433 [INFO] [1L/2365](swap: 19, u: 0 | c_u: 0 | t_u_l: 0/992 | t_u_r: 0/992 | t_u: 0/1984) -> {'max_bond': 1, 'max_links': 4, 'total_elems': 392, 'total_shapes': 586, 'total_links': 390, 'num_tensors': 98}
2026-08-26 11:16:15,436 [WARNING] live plot.png generation disabled: No module named 'matplotlib'
2026-08-26 11:16:15,528 [INFO] [1R/2264](swap: 14, u: 1 | c_u: 1 | t_u_l: 0/992 | t_u_r: 1/992 | t_u: 1/1984) -> {'max_bond': 4, 'max_links': 4, 'total_elems': 736, 'total_shapes': 672, 'total_links': 390, 'num_tensors': 98}
2026-08-26 11:16:15,620 [INFO] [2L/2365](swap: 21, u: 0 | c_u: 1 | t_u_l: 0/992 | t_u_r: 1/992 | t_u: 1/1984) -> {'max_bond': 4, 'max_links': 4, 'total_elems': 1288, 'total_shapes': 774, 'total_links': 390, 'num_tensors': 98}
2026-08-26 11:16:15,715 [INFO] [2R/2264](swap: 15, u: 0 | c_u: 1 | t_u_l: 0/992 | t_u_r: 1/992 | t_u: 1/1984) -> {'max_bond': 4, 'max_links': 4, 'total_elems': 2164, 'total_shapes': 846, 'total_links': 390, 'num_tensors': 98}
2026-08-26 11:16:15,808 [INFO] [3R/2264](swap: 15, u: 0 | c_u: 1 | t_u_l: 0/992 | t_u_r: 1/992 | t_u: 1/1984) -> {'max_bond': 16, 'max_links': 4, 'total_elems': 3596, 'total_shapes': 946, 'total_links': 390, 'num_tensors': 98}
2026-08-26 11:16:15,902 [INFO] [4R/2264](swap: 16, u: 0 | c_u: 1 | t_u_l: 0/992 | t_u_r: 1/992 | t_u: 1/1984) -> {'max_bond': 16, 'max_links': 4, 'total_elems': 6488, 'total_shapes': 1066, 'total_links': 390, 'num_tensors': 98}
2026-08-26 11:16:15,997 [INFO] [3L/2365](swap: 20, u: 2 | c_u: 3 | t_u_l: 2/992 | t_u_r: 1/992 | t_u: 3/1984) -> {'max_bond': 16, 'max_links': 4, 'total_elems': 10044, 'total_shapes': 1292, 'total_links': 390, 'num_tensors': 98}
2026-08-26 11:16:16,093 [INFO] [5R/2264](swap: 16, u: 0 | c_u: 3 | t_u_l: 2/992 | t_u_r: 1/992 | t_u: 3/1984) -> {'max_bond': 16, 'max_links': 4, 'total_elems': 17040, 'total_shapes': 1520, 'total_links': 390, 'num_tensors': 98}
2026-08-26 11:16:16,193 [INFO] [6R/2264](swap: 15, u: 0 | c_u: 3 | t_u_l: 2/992 | t_u_r: 1/992 | t_u: 3/1984) -> {'max_bond': 64, 'max_links': 4, 'total_elems': 30852, 'total_shapes': 1826, 'total_links': 390, 'num_tensors': 98}
2026-08-26 11:16:16,309 [INFO] [4L/2365](swap: 20, u: 0 | c_u: 3 | t_u_l: 2/992 | t_u_r: 1/992 | t_u: 3/1984) -> {'max_bond': 64, 'max_links': 4, 'total_elems': 55836, 'total_shapes': 2276, 'total_links': 390, 'num_tensors': 98}
2026-08-26 11:16:16,458 [INFO] [7R/2264](swap: 14, u: 1 | c_u: 4 | t_u_l: 2/992 | t_u_r: 2/992 | t_u: 4/1984) -> {'max_bond': 64, 'max_links': 4, 'total_elems': 106904, 'total_shapes': 2758, 'total_links': 390, 'num_tensors': 98}
2026-08-26 11:16:16,696 [INFO] [8R/2264](swap: 15, u: 0 | c_u: 4 | t_u_l: 2/992 | t_u_r: 2/992 | t_u: 4/1984) -> {'max_bond': 128, 'max_links': 4, 'total_elems': 195320, 'total_shapes': 3300, 'total_links': 390, 'num_tensors': 98}
2026-08-26 11:16:17,211 [INFO] [9R/2264](swap: 15, u: 0 | c_u: 4 | t_u_l: 2/992 | t_u_r: 2/992 | t_u: 4/1984) -> {'max_bond': 128, 'max_links': 4, 'total_elems': 304152, 'total_shapes': 3850, 'total_links': 390, 'num_tensors': 98}
2026-08-26 11:16:18,056 [INFO] [5L/2365](swap: 19, u: 0 | c_u: 4 | t_u_l: 2/992 | t_u_r: 2/992 | t_u: 4/1984) -> {'max_bond': 255, 'max_links': 4, 'total_elems': 595024, 'total_shapes': 5090, 'total_links': 390, 'num_tensors': 98}
2026-08-26 11:16:20,466 [INFO] [6L/2365](swap: 18, u: 1 | c_u: 5 | t_u_l: 3/992 | t_u_r: 2/992 | t_u: 5/1984) -> {'max_bond': 255, 'max_links': 4, 'total_elems': 796812, 'total_shapes': 5970, 'total_links': 390, 'num_tensors': 98}
2026-08-26 11:16:22,814 [INFO] [7L/2365](swap: 14, u: 2 | c_u: 7 | t_u_l: 5/992 | t_u_r: 2/992 | t_u: 7/1984) -> {'max_bond': 255, 'max_links': 4, 'total_elems': 864452, 'total_shapes': 6600, 'total_links': 390, 'num_tensors': 98}
2026-08-26 11:16:25,143 [INFO]     [start unswap] -> {'max_bond': 255, 'max_links': 4, 'total_elems': 864452, 'total_shapes': 6600, 'total_links': 390, 'num_tensors': 98}
2026-08-26 11:16:38,483 [INFO]     [0 | both | 0](candidate_pairs: 49/49 | new_swaps: 4 | total: 4) -> {'max_bond': 251, 'max_links': 4, 'total_elems': 1277360, 'total_shapes': 7362, 'total_links': 390, 'num_tensors': 98}
2026-08-26 11:16:48,723 [INFO]     [0 | both | 1](candidate_pairs: 48/48 | new_swaps: 12 | total: 16) -> {'max_bond': 246, 'max_links': 4, 'total_elems': 671524, 'total_shapes': 5738, 'total_links': 390, 'num_tensors': 98}
2026-08-26 11:16:50,874 [INFO]     [0 | left | 0](candidate_pairs: 49/49 | new_swaps: 14 | total: 30) -> {'max_bond': 145, 'max_links': 4, 'total_elems': 421760, 'total_shapes': 4616, 'total_links': 390, 'num_tensors': 98}
2026-08-26 11:16:52,234 [INFO]     [0 | left | 1](candidate_pairs: 48/48 | new_swaps: 23 | total: 53) -> {'max_bond': 130, 'max_links': 4, 'total_elems': 215672, 'total_shapes': 3524, 'total_links': 390, 'num_tensors': 98}
2026-08-26 11:16:52,658 [INFO]     [0 | right | 0](candidate_pairs: 49/49 | new_swaps: 12 | total: 65) -> {'max_bond': 64, 'max_links': 4, 'total_elems': 127880, 'total_shapes': 2858, 'total_links': 390, 'num_tensors': 98}
2026-08-26 11:16:52,997 [INFO]     [0 | right | 1](candidate_pairs: 48/48 | new_swaps: 14 | total: 79) -> {'max_bond': 64, 'max_links': 4, 'total_elems': 87848, 'total_shapes': 2478, 'total_links': 390, 'num_tensors': 98}
2026-08-26 11:16:53,421 [INFO]     [1 | both | 0](candidate_pairs: 49/49 | new_swaps: 20 | total: 20) -> {'max_bond': 64, 'max_links': 4, 'total_elems': 50676, 'total_shapes': 1940, 'total_links': 390, 'num_tensors': 98}
2026-08-26 11:16:53,702 [INFO]     [1 | both | 1](candidate_pairs: 48/48 | new_swaps: 13 | total: 33) -> {'max_bond': 64, 'max_links': 4, 'total_elems': 27212, 'total_shapes': 1536, 'total_links': 390, 'num_tensors': 98}
2026-08-26 11:16:53,830 [INFO]     [1 | left | 0](candidate_pairs: 49/49 | new_swaps: 14 | total: 47) -> {'max_bond': 32, 'max_links': 4, 'total_elems': 14660, 'total_shapes': 1262, 'total_links': 390, 'num_tensors': 98}
2026-08-26 11:16:53,939 [INFO]     [1 | left | 1](candidate_pairs: 48/48 | new_swaps: 10 | total: 57) -> {'max_bond': 32, 'max_links': 4, 'total_elems': 8724, 'total_shapes': 1130, 'total_links': 390, 'num_tensors': 98}
2026-08-26 11:16:54,031 [INFO]     [1 | right | 0](candidate_pairs: 49/49 | new_swaps: 7 | total: 64) -> {'max_bond': 16, 'max_links': 4, 'total_elems': 5796, 'total_shapes': 1026, 'total_links': 390, 'num_tensors': 98}
2026-08-26 11:16:54,122 [INFO]     [1 | right | 1](candidate_pairs: 48/48 | new_swaps: 6 | total: 70) -> {'max_bond': 16, 'max_links': 4, 'total_elems': 5256, 'total_shapes': 988, 'total_links': 390, 'num_tensors': 98}
2026-08-26 11:16:54,282 [INFO]     [2 | both | 0](candidate_pairs: 49/49 | new_swaps: 9 | total: 9) -> {'max_bond': 16, 'max_links': 4, 'total_elems': 3812, 'total_shapes': 926, 'total_links': 390, 'num_tensors': 98}
2026-08-26 11:16:54,440 [INFO]     [2 | both | 1](candidate_pairs: 48/48 | new_swaps: 13 | total: 22) -> {'max_bond': 8, 'max_links': 4, 'total_elems': 2660, 'total_shapes': 838, 'total_links': 390, 'num_tensors': 98}
2026-08-26 11:16:54,526 [INFO]     [2 | left | 0](candidate_pairs: 49/49 | new_swaps: 7 | total: 29) -> {'max_bond': 8, 'max_links': 4, 'total_elems': 2084, 'total_shapes': 790, 'total_links': 390, 'num_tensors': 98}
2026-08-26 11:16:54,611 [INFO]     [2 | left | 1](candidate_pairs: 48/48 | new_swaps: 3 | total: 32) -> {'max_bond': 4, 'max_links': 4, 'total_elems': 1856, 'total_shapes': 766, 'total_links': 390, 'num_tensors': 98}
2026-08-26 11:16:54,703 [INFO]     [2 | right | 0](candidate_pairs: 49/49 | new_swaps: 3 | total: 35) -> {'max_bond': 4, 'max_links': 4, 'total_elems': 1684, 'total_shapes': 750, 'total_links': 390, 'num_tensors': 98}
2026-08-26 11:16:54,798 [INFO]     [2 | right | 1](candidate_pairs: 48/48 | new_swaps: 1 | total: 36) -> {'max_bond': 4, 'max_links': 4, 'total_elems': 1624, 'total_shapes': 744, 'total_links': 390, 'num_tensors': 98}
2026-08-26 11:16:54,967 [INFO]     [3 | both | 0](candidate_pairs: 49/49 | new_swaps: 12 | total: 12) -> {'max_bond': 4, 'max_links': 4, 'total_elems': 1096, 'total_shapes': 692, 'total_links': 390, 'num_tensors': 98}
2026-08-26 11:16:55,122 [INFO]     [3 | both | 1](candidate_pairs: 48/48 | new_swaps: 6 | total: 18) -> {'max_bond': 4, 'max_links': 4, 'total_elems': 892, 'total_shapes': 670, 'total_links': 390, 'num_tensors': 98}
2026-08-26 11:16:55,205 [INFO]     [3 | left | 0](candidate_pairs: 49/49 | new_swaps: 1 | total: 19) -> {'max_bond': 4, 'max_links': 4, 'total_elems': 868, 'total_shapes': 666, 'total_links': 390, 'num_tensors': 98}
2026-08-26 11:16:55,292 [INFO]     [3 | left | 1](candidate_pairs: 48/48 | new_swaps: 5 | total: 24) -> {'max_bond': 4, 'max_links': 4, 'total_elems': 736, 'total_shapes': 640, 'total_links': 390, 'num_tensors': 98}
2026-08-26 11:16:55,378 [INFO]     [3 | right | 0](candidate_pairs: 49/49 | new_swaps: 1 | total: 25) -> {'max_bond': 4, 'max_links': 4, 'total_elems': 676, 'total_shapes': 634, 'total_links': 390, 'num_tensors': 98}
2026-08-26 11:16:55,414 [INFO]     [3 | right | 1](candidate_pairs: 48/48 | new_swaps: 0 | total: 25) -> {'max_bond': 4, 'max_links': 4, 'total_elems': 676, 'total_shapes': 634, 'total_links': 390, 'num_tensors': 98}
2026-08-26 11:16:55,566 [INFO]     [4 | both | 0](candidate_pairs: 49/49 | new_swaps: 6 | total: 6) -> {'max_bond': 4, 'max_links': 4, 'total_elems': 556, 'total_shapes': 618, 'total_links': 390, 'num_tensors': 98}
2026-08-26 11:16:55,716 [INFO]     [4 | both | 1](candidate_pairs: 48/48 | new_swaps: 3 | total: 9) -> {'max_bond': 4, 'max_links': 4, 'total_elems': 520, 'total_shapes': 612, 'total_links': 390, 'num_tensors': 98}
2026-08-26 11:16:55,751 [INFO]     [4 | left | 0](candidate_pairs: 49/49 | new_swaps: 0 | total: 9) -> {'max_bond': 4, 'max_links': 4, 'total_elems': 520, 'total_shapes': 612, 'total_links': 390, 'num_tensors': 98}
2026-08-26 11:16:55,849 [INFO]     [4 | left | 1](candidate_pairs: 48/48 | new_swaps: 1 | total: 10) -> {'max_bond': 4, 'max_links': 4, 'total_elems': 496, 'total_shapes': 606, 'total_links': 390, 'num_tensors': 98}
2026-08-26 11:16:55,887 [INFO]     [4 | right | 0](candidate_pairs: 49/49 | new_swaps: 0 | total: 10) -> {'max_bond': 4, 'max_links': 4, 'total_elems': 496, 'total_shapes': 606, 'total_links': 390, 'num_tensors': 98}
2026-08-26 11:16:55,924 [INFO]     [4 | right | 1](candidate_pairs: 48/48 | new_swaps: 0 | total: 10) -> {'max_bond': 4, 'max_links': 4, 'total_elems': 496, 'total_shapes': 606, 'total_links': 390, 'num_tensors': 98}
2026-08-26 11:16:55,996 [INFO]     [5 | both | 0](candidate_pairs: 49/49 | new_swaps: 0 | total: 0) -> {'max_bond': 4, 'max_links': 4, 'total_elems': 496, 'total_shapes': 606, 'total_links': 390, 'num_tensors': 98}
2026-08-26 11:16:56,070 [INFO]     [5 | both | 1](candidate_pairs: 48/48 | new_swaps: 0 | total: 0) -> {'max_bond': 4, 'max_links': 4, 'total_elems': 496, 'total_shapes': 606, 'total_links': 390, 'num_tensors': 98}
2026-08-26 11:16:56,108 [INFO]     [5 | left | 0](candidate_pairs: 49/49 | new_swaps: 0 | total: 0) -> {'max_bond': 4, 'max_links': 4, 'total_elems': 496, 'total_shapes': 606, 'total_links': 390, 'num_tensors': 98}
2026-08-26 11:16:56,145 [INFO]     [5 | left | 1](candidate_pairs: 48/48 | new_swaps: 0 | total: 0) -> {'max_bond': 4, 'max_links': 4, 'total_elems': 496, 'total_shapes': 606, 'total_links': 390, 'num_tensors': 98}
2026-08-26 11:16:56,182 [INFO]     [5 | right | 0](candidate_pairs: 49/49 | new_swaps: 0 | total: 0) -> {'max_bond': 4, 'max_links': 4, 'total_elems': 496, 'total_shapes': 606, 'total_links': 390, 'num_tensors': 98}
2026-08-26 11:16:56,219 [INFO]     [5 | right | 1](candidate_pairs: 48/48 | new_swaps: 0 | total: 0) -> {'max_bond': 4, 'max_links': 4, 'total_elems': 496, 'total_shapes': 606, 'total_links': 390, 'num_tensors': 98}
2026-08-26 11:16:56,220 [INFO]     [end unswap] -> {'max_bond': 4, 'max_links': 4, 'total_elems': 496, 'total_shapes': 606, 'total_links': 390, 'num_tensors': 98}
2026-08-26 11:16:56,224 [INFO] [start rewire](phase=post_unswap, cycle=1, side=left, layers=2360, trials=20, seed=123, parallel=False, route_candidates=2, route_score=lookahead_total)
2026-08-26 11:17:04,458 [INFO] [end rewire](phase=post_unswap, cycle=1, side=left, routed_layers=2386, elapsed_s=8.23)
2026-08-26 11:17:04,459 [INFO] [start rewire](phase=post_unswap, cycle=1, side=right, layers=2257, trials=20, seed=123, parallel=False, route_candidates=2, route_score=lookahead_total)
2026-08-26 11:17:12,573 [INFO] [end rewire](phase=post_unswap, cycle=1, side=right, routed_layers=2477, elapsed_s=8.11)
2026-08-26 11:17:12,679 [INFO] [1L/2384](swap: 22, u: 0 | c_u: 0 | t_u_l: 5/992 | t_u_r: 2/992 | t_u: 7/1984) -> {'max_bond': 4, 'max_links': 4, 'total_elems': 496, 'total_shapes': 606, 'total_links': 390, 'num_tensors': 98}
2026-08-26 11:17:12,775 [INFO] [1R/2475](swap: 16, u: 0 | c_u: 0 | t_u_l: 5/992 | t_u_r: 2/992 | t_u: 7/1984) -> {'max_bond': 4, 'max_links': 4, 'total_elems': 956, 'total_shapes': 700, 'total_links': 390, 'num_tensors': 98}
2026-08-26 11:17:12,870 [INFO] [2L/2384](swap: 21, u: 0 | c_u: 0 | t_u_l: 5/992 | t_u_r: 2/992 | t_u: 7/1984) -> {'max_bond': 4, 'max_links': 4, 'total_elems': 1656, 'total_shapes': 800, 'total_links': 390, 'num_tensors': 98}
2026-08-26 11:17:12,966 [INFO] [2R/2475](swap: 17, u: 0 | c_u: 0 | t_u_l: 5/992 | t_u_r: 2/992 | t_u: 7/1984) -> {'max_bond': 4, 'max_links': 4, 'total_elems': 2416, 'total_shapes': 870, 'total_links': 390, 'num_tensors': 98}
2026-08-26 11:17:13,064 [INFO] [3L/2384](swap: 20, u: 0 | c_u: 0 | t_u_l: 5/992 | t_u_r: 2/992 | t_u: 7/1984) -> {'max_bond': 16, 'max_links': 4, 'total_elems': 4132, 'total_shapes': 1004, 'total_links': 390, 'num_tensors': 98}
2026-08-26 11:17:13,165 [INFO] [4L/2384](swap: 19, u: 0 | c_u: 0 | t_u_l: 5/992 | t_u_r: 2/992 | t_u: 7/1984) -> {'max_bond': 16, 'max_links': 4, 'total_elems': 7828, 'total_shapes': 1166, 'total_links': 390, 'num_tensors': 98}
2026-08-26 11:17:13,272 [INFO] [5L/2384](swap: 17, u: 1 | c_u: 1 | t_u_l: 6/992 | t_u_r: 2/992 | t_u: 8/1984) -> {'max_bond': 16, 'max_links': 4, 'total_elems': 12456, 'total_shapes': 1370, 'total_links': 390, 'num_tensors': 98}
2026-08-26 11:17:13,377 [INFO] [6L/2384](swap: 15, u: 1 | c_u: 2 | t_u_l: 7/992 | t_u_r: 2/992 | t_u: 9/1984) -> {'max_bond': 16, 'max_links': 4, 'total_elems': 20128, 'total_shapes': 1626, 'total_links': 390, 'num_tensors': 98}
2026-08-26 11:17:13,488 [INFO] [7L/2384](swap: 15, u: 0 | c_u: 2 | t_u_l: 7/992 | t_u_r: 2/992 | t_u: 9/1984) -> {'max_bond': 64, 'max_links': 4, 'total_elems': 39964, 'total_shapes': 2040, 'total_links': 390, 'num_tensors': 98}
2026-08-26 11:17:13,621 [INFO] [8L/2384](swap: 13, u: 0 | c_u: 2 | t_u_l: 7/992 | t_u_r: 2/992 | t_u: 9/1984) -> {'max_bond': 64, 'max_links': 4, 'total_elems': 62876, 'total_shapes': 2284, 'total_links': 390, 'num_tensors': 98}
2026-08-26 11:17:13,776 [INFO] [9L/2384](swap: 13, u: 0 | c_u: 2 | t_u_l: 7/992 | t_u_r: 2/992 | t_u: 9/1984) -> {'max_bond': 64, 'max_links': 4, 'total_elems': 75032, 'total_shapes': 2506, 'total_links': 390, 'num_tensors': 98}
2026-08-26 11:17:13,947 [INFO] [10L/2384](swap: 13, u: 0 | c_u: 2 | t_u_l: 7/992 | t_u_r: 2/992 | t_u: 9/1984) -> {'max_bond': 64, 'max_links': 4, 'total_elems': 94136, 'total_shapes': 2836, 'total_links': 390, 'num_tensors': 98}
2026-08-26 11:17:14,148 [INFO] [11L/2384](swap: 13, u: 0 | c_u: 2 | t_u_l: 7/992 | t_u_r: 2/992 | t_u: 9/1984) -> {'max_bond': 64, 'max_links': 4, 'total_elems': 129716, 'total_shapes': 3154, 'total_links': 390, 'num_tensors': 98}
2026-08-26 11:17:14,375 [INFO] [12L/2384](swap: 12, u: 1 | c_u: 3 | t_u_l: 8/992 | t_u_r: 2/992 | t_u: 10/1984) -> {'max_bond': 64, 'max_links': 4, 'total_elems': 182896, 'total_shapes': 3672, 'total_links': 390, 'num_tensors': 98}
2026-08-26 11:17:14,733 [INFO] [3R/2475](swap: 15, u: 0 | c_u: 3 | t_u_l: 8/992 | t_u_r: 2/992 | t_u: 10/1984) -> {'max_bond': 64, 'max_links': 4, 'total_elems': 249448, 'total_shapes': 4020, 'total_links': 390, 'num_tensors': 98}
2026-08-26 11:17:15,207 [INFO] [13L/2384](swap: 12, u: 2 | c_u: 5 | t_u_l: 10/992 | t_u_r: 2/992 | t_u: 12/1984) -> {'max_bond': 64, 'max_links': 4, 'total_elems': 313764, 'total_shapes': 4490, 'total_links': 390, 'num_tensors': 98}
2026-08-26 11:17:15,881 [INFO] [4R/2475](swap: 15, u: 1 | c_u: 6 | t_u_l: 10/992 | t_u_r: 3/992 | t_u: 13/1984) -> {'max_bond': 255, 'max_links': 4, 'total_elems': 518144, 'total_shapes': 5554, 'total_links': 390, 'num_tensors': 98}
2026-08-26 11:17:16,934 [INFO] [14L/2384](swap: 14, u: 1 | c_u: 7 | t_u_l: 11/992 | t_u_r: 3/992 | t_u: 14/1984) -> {'max_bond': 255, 'max_links': 4, 'total_elems': 778944, 'total_shapes': 6644, 'total_links': 390, 'num_tensors': 98}
2026-08-26 11:17:19,055 [INFO]     [start unswap] -> {'max_bond': 255, 'max_links': 4, 'total_elems': 778944, 'total_shapes': 6644, 'total_links': 390, 'num_tensors': 98}
2026-08-26 11:17:34,031 [INFO]     [0 | both | 0](candidate_pairs: 49/49 | new_swaps: 7 | total: 7) -> {'max_bond': 252, 'max_links': 4, 'total_elems': 1575572, 'total_shapes': 7480, 'total_links': 390, 'num_tensors': 98}
2026-08-26 11:18:15,574 [INFO]     [0 | both | 1](candidate_pairs: 48/48 | new_swaps: 14 | total: 21) -> {'max_bond': 246, 'max_links': 4, 'total_elems': 1245424, 'total_shapes': 6122, 'total_links': 390, 'num_tensors': 98}
2026-08-26 11:18:21,367 [INFO]     [0 | left | 0](candidate_pairs: 49/49 | new_swaps: 13 | total: 34) -> {'max_bond': 242, 'max_links': 4, 'total_elems': 1137412, 'total_shapes': 5470, 'total_links': 390, 'num_tensors': 98}
2026-08-26 11:18:31,743 [INFO]     [0 | left | 1](candidate_pairs: 48/48 | new_swaps: 14 | total: 48) -> {'max_bond': 234, 'max_links': 4, 'total_elems': 702080, 'total_shapes': 4560, 'total_links': 390, 'num_tensors': 98}
2026-08-26 11:18:34,322 [INFO]     [0 | right | 0](candidate_pairs: 49/49 | new_swaps: 11 | total: 59) -> {'max_bond': 223, 'max_links': 4, 'total_elems': 393384, 'total_shapes': 3490, 'total_links': 390, 'num_tensors': 98}
2026-08-26 11:18:36,183 [INFO]     [0 | right | 1](candidate_pairs: 48/48 | new_swaps: 14 | total: 73) -> {'max_bond': 220, 'max_links': 4, 'total_elems': 159008, 'total_shapes': 2776, 'total_links': 390, 'num_tensors': 98}
2026-08-26 11:18:36,810 [INFO]     [1 | both | 0](candidate_pairs: 49/49 | new_swaps: 14 | total: 14) -> {'max_bond': 56, 'max_links': 4, 'total_elems': 56876, 'total_shapes': 2054, 'total_links': 390, 'num_tensors': 98}
2026-08-26 11:18:37,060 [INFO]     [1 | both | 1](candidate_pairs: 48/48 | new_swaps: 11 | total: 25) -> {'max_bond': 56, 'max_links': 4, 'total_elems': 38832, 'total_shapes': 1780, 'total_links': 390, 'num_tensors': 98}
2026-08-26 11:18:37,177 [INFO]     [1 | left | 0](candidate_pairs: 49/49 | new_swaps: 4 | total: 29) -> {'max_bond': 56, 'max_links': 4, 'total_elems': 37364, 'total_shapes': 1720, 'total_links': 390, 'num_tensors': 98}
2026-08-26 11:18:37,323 [INFO]     [1 | left | 1](candidate_pairs: 48/48 | new_swaps: 10 | total: 39) -> {'max_bond': 56, 'max_links': 4, 'total_elems': 22964, 'total_shapes': 1546, 'total_links': 390, 'num_tensors': 98}
2026-08-26 11:18:37,432 [INFO]     [1 | right | 0](candidate_pairs: 49/49 | new_swaps: 11 | total: 50) -> {'max_bond': 16, 'max_links': 4, 'total_elems': 15240, 'total_shapes': 1352, 'total_links': 390, 'num_tensors': 98}
2026-08-26 11:18:37,531 [INFO]     [1 | right | 1](candidate_pairs: 48/48 | new_swaps: 6 | total: 56) -> {'max_bond': 16, 'max_links': 4, 'total_elems': 13688, 'total_shapes': 1292, 'total_links': 390, 'num_tensors': 98}
2026-08-26 11:18:37,706 [INFO]     [2 | both | 0](candidate_pairs: 49/49 | new_swaps: 11 | total: 11) -> {'max_bond': 16, 'max_links': 4, 'total_elems': 10624, 'total_shapes': 1184, 'total_links': 390, 'num_tensors': 98}
2026-08-26 11:18:37,878 [INFO]     [2 | both | 1](candidate_pairs: 48/48 | new_swaps: 11 | total: 22) -> {'max_bond': 16, 'max_links': 4, 'total_elems': 8656, 'total_shapes': 1096, 'total_links': 390, 'num_tensors': 98}
2026-08-26 11:18:37,970 [INFO]     [2 | left | 0](candidate_pairs: 49/49 | new_swaps: 5 | total: 27) -> {'max_bond': 16, 'max_links': 4, 'total_elems': 6856, 'total_shapes': 1050, 'total_links': 390, 'num_tensors': 98}
2026-08-26 11:18:38,062 [INFO]     [2 | left | 1](candidate_pairs: 48/48 | new_swaps: 7 | total: 34) -> {'max_bond': 16, 'max_links': 4, 'total_elems': 5464, 'total_shapes': 990, 'total_links': 390, 'num_tensors': 98}
2026-08-26 11:18:38,150 [INFO]     [2 | right | 0](candidate_pairs: 49/49 | new_swaps: 6 | total: 40) -> {'max_bond': 14, 'max_links': 4, 'total_elems': 4720, 'total_shapes': 938, 'total_links': 390, 'num_tensors': 98}
2026-08-26 11:18:38,235 [INFO]     [2 | right | 1](candidate_pairs: 48/48 | new_swaps: 2 | total: 42) -> {'max_bond': 14, 'max_links': 4, 'total_elems': 4588, 'total_shapes': 928, 'total_links': 390, 'num_tensors': 98}
2026-08-26 11:18:38,395 [INFO]     [3 | both | 0](candidate_pairs: 49/49 | new_swaps: 9 | total: 9) -> {'max_bond': 14, 'max_links': 4, 'total_elems': 3328, 'total_shapes': 870, 'total_links': 390, 'num_tensors': 98}
2026-08-26 11:18:38,553 [INFO]     [3 | both | 1](candidate_pairs: 48/48 | new_swaps: 12 | total: 21) -> {'max_bond': 8, 'max_links': 4, 'total_elems': 1984, 'total_shapes': 782, 'total_links': 390, 'num_tensors': 98}
2026-08-26 11:18:38,637 [INFO]     [3 | left | 0](candidate_pairs: 49/49 | new_swaps: 4 | total: 25) -> {'max_bond': 7, 'max_links': 4, 'total_elems': 1856, 'total_shapes': 768, 'total_links': 390, 'num_tensors': 98}
2026-08-26 11:18:38,720 [INFO]     [3 | left | 1](candidate_pairs: 48/48 | new_swaps: 1 | total: 26) -> {'max_bond': 6, 'max_links': 4, 'total_elems': 1800, 'total_shapes': 760, 'total_links': 390, 'num_tensors': 98}
2026-08-26 11:18:38,804 [INFO]     [3 | right | 0](candidate_pairs: 49/49 | new_swaps: 3 | total: 29) -> {'max_bond': 4, 'max_links': 4, 'total_elems': 1584, 'total_shapes': 742, 'total_links': 390, 'num_tensors': 98}
2026-08-26 11:18:38,885 [INFO]     [3 | right | 1](candidate_pairs: 48/48 | new_swaps: 1 | total: 30) -> {'max_bond': 4, 'max_links': 4, 'total_elems': 1524, 'total_shapes': 736, 'total_links': 390, 'num_tensors': 98}
2026-08-26 11:18:39,035 [INFO]     [4 | both | 0](candidate_pairs: 49/49 | new_swaps: 7 | total: 7) -> {'max_bond': 4, 'max_links': 4, 'total_elems': 1292, 'total_shapes': 712, 'total_links': 390, 'num_tensors': 98}
2026-08-26 11:18:39,185 [INFO]     [4 | both | 1](candidate_pairs: 48/48 | new_swaps: 6 | total: 13) -> {'max_bond': 4, 'max_links': 4, 'total_elems': 1100, 'total_shapes': 692, 'total_links': 390, 'num_tensors': 98}
2026-08-26 11:18:39,221 [INFO]     [4 | left | 0](candidate_pairs: 49/49 | new_swaps: 0 | total: 13) -> {'max_bond': 4, 'max_links': 4, 'total_elems': 1100, 'total_shapes': 692, 'total_links': 390, 'num_tensors': 98}
2026-08-26 11:18:39,306 [INFO]     [4 | left | 1](candidate_pairs: 48/48 | new_swaps: 2 | total: 15) -> {'max_bond': 4, 'max_links': 4, 'total_elems': 1056, 'total_shapes': 686, 'total_links': 390, 'num_tensors': 98}
2026-08-26 11:18:39,387 [INFO]     [4 | right | 0](candidate_pairs: 49/49 | new_swaps: 1 | total: 16) -> {'max_bond': 4, 'max_links': 4, 'total_elems': 1008, 'total_shapes': 682, 'total_links': 390, 'num_tensors': 98}
2026-08-26 11:18:39,422 [INFO]     [4 | right | 1](candidate_pairs: 48/48 | new_swaps: 0 | total: 16) -> {'max_bond': 4, 'max_links': 4, 'total_elems': 1008, 'total_shapes': 682, 'total_links': 390, 'num_tensors': 98}
2026-08-26 11:18:39,573 [INFO]     [5 | both | 0](candidate_pairs: 49/49 | new_swaps: 6 | total: 6) -> {'max_bond': 4, 'max_links': 4, 'total_elems': 852, 'total_shapes': 664, 'total_links': 390, 'num_tensors': 98}
2026-08-26 11:18:39,720 [INFO]     [5 | both | 1](candidate_pairs: 48/48 | new_swaps: 5 | total: 11) -> {'max_bond': 4, 'max_links': 4, 'total_elems': 764, 'total_shapes': 652, 'total_links': 390, 'num_tensors': 98}
2026-08-26 11:18:39,756 [INFO]     [5 | left | 0](candidate_pairs: 49/49 | new_swaps: 0 | total: 11) -> {'max_bond': 4, 'max_links': 4, 'total_elems': 764, 'total_shapes': 652, 'total_links': 390, 'num_tensors': 98}
2026-08-26 11:18:39,837 [INFO]     [5 | left | 1](candidate_pairs: 48/48 | new_swaps: 1 | total: 12) -> {'max_bond': 3, 'max_links': 4, 'total_elems': 740, 'total_shapes': 648, 'total_links': 390, 'num_tensors': 98}
2026-08-26 11:18:39,872 [INFO]     [5 | right | 0](candidate_pairs: 49/49 | new_swaps: 0 | total: 12) -> {'max_bond': 3, 'max_links': 4, 'total_elems': 740, 'total_shapes': 648, 'total_links': 390, 'num_tensors': 98}
2026-08-26 11:18:39,907 [INFO]     [5 | right | 1](candidate_pairs: 48/48 | new_swaps: 0 | total: 12) -> {'max_bond': 3, 'max_links': 4, 'total_elems': 740, 'total_shapes': 648, 'total_links': 390, 'num_tensors': 98}
2026-08-26 11:18:40,055 [INFO]     [6 | both | 0](candidate_pairs: 49/49 | new_swaps: 4 | total: 4) -> {'max_bond': 3, 'max_links': 4, 'total_elems': 692, 'total_shapes': 640, 'total_links': 390, 'num_tensors': 98}
2026-08-26 11:18:40,202 [INFO]     [6 | both | 1](candidate_pairs: 48/48 | new_swaps: 5 | total: 9) -> {'max_bond': 3, 'max_links': 4, 'total_elems': 632, 'total_shapes': 630, 'total_links': 390, 'num_tensors': 98}
2026-08-26 11:18:40,238 [INFO]     [6 | left | 0](candidate_pairs: 49/49 | new_swaps: 0 | total: 9) -> {'max_bond': 3, 'max_links': 4, 'total_elems': 632, 'total_shapes': 630, 'total_links': 390, 'num_tensors': 98}
2026-08-26 11:18:40,274 [INFO]     [6 | left | 1](candidate_pairs: 48/48 | new_swaps: 0 | total: 9) -> {'max_bond': 3, 'max_links': 4, 'total_elems': 632, 'total_shapes': 630, 'total_links': 390, 'num_tensors': 98}
2026-08-26 11:18:40,309 [INFO]     [6 | right | 0](candidate_pairs: 49/49 | new_swaps: 0 | total: 9) -> {'max_bond': 3, 'max_links': 4, 'total_elems': 632, 'total_shapes': 630, 'total_links': 390, 'num_tensors': 98}
2026-08-26 11:18:40,345 [INFO]     [6 | right | 1](candidate_pairs: 48/48 | new_swaps: 0 | total: 9) -> {'max_bond': 3, 'max_links': 4, 'total_elems': 632, 'total_shapes': 630, 'total_links': 390, 'num_tensors': 98}
2026-08-26 11:18:40,494 [INFO]     [7 | both | 0](candidate_pairs: 49/49 | new_swaps: 3 | total: 3) -> {'max_bond': 3, 'max_links': 4, 'total_elems': 596, 'total_shapes': 624, 'total_links': 390, 'num_tensors': 98}
2026-08-26 11:18:40,644 [INFO]     [7 | both | 1](candidate_pairs: 48/48 | new_swaps: 1 | total: 4) -> {'max_bond': 3, 'max_links': 4, 'total_elems': 584, 'total_shapes': 622, 'total_links': 390, 'num_tensors': 98}
2026-08-26 11:18:40,682 [INFO]     [7 | left | 0](candidate_pairs: 49/49 | new_swaps: 0 | total: 4) -> {'max_bond': 3, 'max_links': 4, 'total_elems': 584, 'total_shapes': 622, 'total_links': 390, 'num_tensors': 98}
2026-08-26 11:18:40,718 [INFO]     [7 | left | 1](candidate_pairs: 48/48 | new_swaps: 0 | total: 4) -> {'max_bond': 3, 'max_links': 4, 'total_elems': 584, 'total_shapes': 622, 'total_links': 390, 'num_tensors': 98}
2026-08-26 11:18:40,753 [INFO]     [7 | right | 0](candidate_pairs: 49/49 | new_swaps: 0 | total: 4) -> {'max_bond': 3, 'max_links': 4, 'total_elems': 584, 'total_shapes': 622, 'total_links': 390, 'num_tensors': 98}
2026-08-26 11:18:40,788 [INFO]     [7 | right | 1](candidate_pairs: 48/48 | new_swaps: 0 | total: 4) -> {'max_bond': 3, 'max_links': 4, 'total_elems': 584, 'total_shapes': 622, 'total_links': 390, 'num_tensors': 98}
2026-08-26 11:18:40,931 [INFO]     [8 | both | 0](candidate_pairs: 49/49 | new_swaps: 1 | total: 1) -> {'max_bond': 3, 'max_links': 4, 'total_elems': 572, 'total_shapes': 620, 'total_links': 390, 'num_tensors': 98}
2026-08-26 11:18:40,998 [INFO]     [8 | both | 1](candidate_pairs: 48/48 | new_swaps: 0 | total: 1) -> {'max_bond': 3, 'max_links': 4, 'total_elems': 572, 'total_shapes': 620, 'total_links': 390, 'num_tensors': 98}
2026-08-26 11:18:41,034 [INFO]     [8 | left | 0](candidate_pairs: 49/49 | new_swaps: 0 | total: 1) -> {'max_bond': 3, 'max_links': 4, 'total_elems': 572, 'total_shapes': 620, 'total_links': 390, 'num_tensors': 98}
2026-08-26 11:18:41,069 [INFO]     [8 | left | 1](candidate_pairs: 48/48 | new_swaps: 0 | total: 1) -> {'max_bond': 3, 'max_links': 4, 'total_elems': 572, 'total_shapes': 620, 'total_links': 390, 'num_tensors': 98}
2026-08-26 11:18:41,104 [INFO]     [8 | right | 0](candidate_pairs: 49/49 | new_swaps: 0 | total: 1) -> {'max_bond': 3, 'max_links': 4, 'total_elems': 572, 'total_shapes': 620, 'total_links': 390, 'num_tensors': 98}
2026-08-26 11:18:41,139 [INFO]     [8 | right | 1](candidate_pairs: 48/48 | new_swaps: 0 | total: 1) -> {'max_bond': 3, 'max_links': 4, 'total_elems': 572, 'total_shapes': 620, 'total_links': 390, 'num_tensors': 98}
2026-08-26 11:18:41,206 [INFO]     [9 | both | 0](candidate_pairs: 49/49 | new_swaps: 0 | total: 0) -> {'max_bond': 3, 'max_links': 4, 'total_elems': 572, 'total_shapes': 620, 'total_links': 390, 'num_tensors': 98}
2026-08-26 11:18:41,272 [INFO]     [9 | both | 1](candidate_pairs: 48/48 | new_swaps: 0 | total: 0) -> {'max_bond': 3, 'max_links': 4, 'total_elems': 572, 'total_shapes': 620, 'total_links': 390, 'num_tensors': 98}
2026-08-26 11:18:41,308 [INFO]     [9 | left | 0](candidate_pairs: 49/49 | new_swaps: 0 | total: 0) -> {'max_bond': 3, 'max_links': 4, 'total_elems': 572, 'total_shapes': 620, 'total_links': 390, 'num_tensors': 98}
2026-08-26 11:18:41,343 [INFO]     [9 | left | 1](candidate_pairs: 48/48 | new_swaps: 0 | total: 0) -> {'max_bond': 3, 'max_links': 4, 'total_elems': 572, 'total_shapes': 620, 'total_links': 390, 'num_tensors': 98}
2026-08-26 11:18:41,379 [INFO]     [9 | right | 0](candidate_pairs: 49/49 | new_swaps: 0 | total: 0) -> {'max_bond': 3, 'max_links': 4, 'total_elems': 572, 'total_shapes': 620, 'total_links': 390, 'num_tensors': 98}
2026-08-26 11:18:41,415 [INFO]     [9 | right | 1](candidate_pairs: 48/48 | new_swaps: 0 | total: 0) -> {'max_bond': 3, 'max_links': 4, 'total_elems': 572, 'total_shapes': 620, 'total_links': 390, 'num_tensors': 98}
2026-08-26 11:18:41,416 [INFO]     [end unswap] -> {'max_bond': 3, 'max_links': 4, 'total_elems': 572, 'total_shapes': 620, 'total_links': 390, 'num_tensors': 98}
2026-08-26 11:18:41,423 [INFO] [start rewire](phase=post_unswap, cycle=2, side=left, layers=2372, trials=20, seed=123, parallel=False, route_candidates=2, route_score=lookahead_total)
2026-08-26 11:18:51,998 [INFO] [end rewire](phase=post_unswap, cycle=2, side=left, routed_layers=2280, elapsed_s=10.58)
2026-08-26 11:18:51,998 [INFO] [start rewire](phase=post_unswap, cycle=2, side=right, layers=2473, trials=20, seed=123, parallel=False, route_candidates=2, route_score=lookahead_total)
2026-08-26 11:19:00,574 [INFO] [end rewire](phase=post_unswap, cycle=2, side=right, routed_layers=2310, elapsed_s=8.58)
2026-08-26 11:19:00,693 [INFO] [1L/2278](swap: 18, u: 0 | c_u: 0 | t_u_l: 11/992 | t_u_r: 3/992 | t_u: 14/1984) -> {'max_bond': 3, 'max_links': 4, 'total_elems': 572, 'total_shapes': 620, 'total_links': 390, 'num_tensors': 98}
2026-08-26 11:19:00,791 [INFO] [1R/2308](swap: 13, u: 0 | c_u: 0 | t_u_l: 11/992 | t_u_r: 3/992 | t_u: 14/1984) -> {'max_bond': 4, 'max_links': 4, 'total_elems': 924, 'total_shapes': 694, 'total_links': 390, 'num_tensors': 98}
2026-08-26 11:19:00,888 [INFO] [2L/2278](swap: 19, u: 0 | c_u: 0 | t_u_l: 11/992 | t_u_r: 3/992 | t_u: 14/1984) -> {'max_bond': 4, 'max_links': 4, 'total_elems': 1436, 'total_shapes': 760, 'total_links': 390, 'num_tensors': 98}
2026-08-26 11:19:00,988 [INFO] [2R/2308](swap: 13, u: 0 | c_u: 0 | t_u_l: 11/992 | t_u_r: 3/992 | t_u: 14/1984) -> {'max_bond': 4, 'max_links': 4, 'total_elems': 2032, 'total_shapes': 828, 'total_links': 390, 'num_tensors': 98}
2026-08-26 11:19:01,091 [INFO] [3L/2278](swap: 21, u: 0 | c_u: 0 | t_u_l: 11/992 | t_u_r: 3/992 | t_u: 14/1984) -> {'max_bond': 8, 'max_links': 4, 'total_elems': 2892, 'total_shapes': 884, 'total_links': 390, 'num_tensors': 98}
2026-08-26 11:19:01,191 [INFO] [3R/2308](swap: 13, u: 0 | c_u: 0 | t_u_l: 11/992 | t_u_r: 3/992 | t_u: 14/1984) -> {'max_bond': 16, 'max_links': 4, 'total_elems': 5524, 'total_shapes': 1058, 'total_links': 390, 'num_tensors': 98}
2026-08-26 11:19:01,300 [INFO] [4L/2278](swap: 22, u: 0 | c_u: 0 | t_u_l: 11/992 | t_u_r: 3/992 | t_u: 14/1984) -> {'max_bond': 16, 'max_links': 4, 'total_elems': 15072, 'total_shapes': 1280, 'total_links': 390, 'num_tensors': 98}
2026-08-26 11:19:01,420 [INFO] [4R/2308](swap: 15, u: 0 | c_u: 0 | t_u_l: 11/992 | t_u_r: 3/992 | t_u: 14/1984) -> {'max_bond': 64, 'max_links': 4, 'total_elems': 43376, 'total_shapes': 1794, 'total_links': 390, 'num_tensors': 98}
2026-08-26 11:19:01,602 [INFO] [5L/2278](swap: 20, u: 1 | c_u: 1 | t_u_l: 12/992 | t_u_r: 3/992 | t_u: 15/1984) -> {'max_bond': 64, 'max_links': 4, 'total_elems': 131188, 'total_shapes': 2324, 'total_links': 390, 'num_tensors': 98}
2026-08-26 11:19:02,038 [INFO] [6L/2278](swap: 21, u: 1 | c_u: 2 | t_u_l: 13/992 | t_u_r: 3/992 | t_u: 16/1984) -> {'max_bond': 255, 'max_links': 4, 'total_elems': 245896, 'total_shapes': 3080, 'total_links': 390, 'num_tensors': 98}
2026-08-26 11:19:03,020 [INFO] [7L/2278](swap: 19, u: 0 | c_u: 2 | t_u_l: 13/992 | t_u_r: 3/992 | t_u: 16/1984) -> {'max_bond': 254, 'max_links': 4, 'total_elems': 315408, 'total_shapes': 3658, 'total_links': 390, 'num_tensors': 98}
2026-08-26 11:19:03,943 [INFO] [8L/2278](swap: 18, u: 0 | c_u: 2 | t_u_l: 13/992 | t_u_r: 3/992 | t_u: 16/1984) -> {'max_bond': 255, 'max_links': 4, 'total_elems': 663540, 'total_shapes': 5330, 'total_links': 390, 'num_tensors': 98}
2026-08-26 11:19:06,351 [INFO]     [start unswap] -> {'max_bond': 255, 'max_links': 4, 'total_elems': 663540, 'total_shapes': 5330, 'total_links': 390, 'num_tensors': 98}
2026-08-26 11:19:17,950 [INFO]     [0 | both | 0](candidate_pairs: 49/49 | new_swaps: 6 | total: 6) -> {'max_bond': 253, 'max_links': 4, 'total_elems': 1188264, 'total_shapes': 6430, 'total_links': 390, 'num_tensors': 98}
2026-08-26 11:19:42,778 [INFO]     [0 | both | 1](candidate_pairs: 48/48 | new_swaps: 14 | total: 20) -> {'max_bond': 247, 'max_links': 4, 'total_elems': 796812, 'total_shapes': 4656, 'total_links': 390, 'num_tensors': 98}
2026-08-26 11:19:45,115 [INFO]     [0 | left | 0](candidate_pairs: 49/49 | new_swaps: 12 | total: 32) -> {'max_bond': 243, 'max_links': 4, 'total_elems': 705116, 'total_shapes': 4056, 'total_links': 390, 'num_tensors': 98}
2026-08-26 11:19:50,871 [INFO]     [0 | left | 1](candidate_pairs: 48/48 | new_swaps: 19 | total: 51) -> {'max_bond': 240, 'max_links': 4, 'total_elems': 290072, 'total_shapes': 3140, 'total_links': 390, 'num_tensors': 98}
2026-08-26 11:19:51,477 [INFO]     [0 | right | 0](candidate_pairs: 49/49 | new_swaps: 13 | total: 64) -> {'max_bond': 64, 'max_links': 4, 'total_elems': 89676, 'total_shapes': 2002, 'total_links': 390, 'num_tensors': 98}
2026-08-26 11:19:51,760 [INFO]     [0 | right | 1](candidate_pairs: 48/48 | new_swaps: 10 | total: 74) -> {'max_bond': 64, 'max_links': 4, 'total_elems': 31272, 'total_shapes': 1614, 'total_links': 390, 'num_tensors': 98}
2026-08-26 11:19:51,959 [INFO]     [1 | both | 0](candidate_pairs: 49/49 | new_swaps: 18 | total: 18) -> {'max_bond': 16, 'max_links': 4, 'total_elems': 11812, 'total_shapes': 1216, 'total_links': 390, 'num_tensors': 98}
2026-08-26 11:19:52,132 [INFO]     [1 | both | 1](candidate_pairs: 48/48 | new_swaps: 10 | total: 28) -> {'max_bond': 16, 'max_links': 4, 'total_elems': 8360, 'total_shapes': 1098, 'total_links': 390, 'num_tensors': 98}
2026-08-26 11:19:52,230 [INFO]     [1 | left | 0](candidate_pairs: 49/49 | new_swaps: 11 | total: 39) -> {'max_bond': 16, 'max_links': 4, 'total_elems': 5148, 'total_shapes': 972, 'total_links': 390, 'num_tensors': 98}
2026-08-26 11:19:52,325 [INFO]     [1 | left | 1](candidate_pairs: 48/48 | new_swaps: 11 | total: 50) -> {'max_bond': 10, 'max_links': 4, 'total_elems': 4008, 'total_shapes': 904, 'total_links': 390, 'num_tensors': 98}
2026-08-26 11:19:52,414 [INFO]     [1 | right | 0](candidate_pairs: 49/49 | new_swaps: 6 | total: 56) -> {'max_bond': 10, 'max_links': 4, 'total_elems': 3576, 'total_shapes': 870, 'total_links': 390, 'num_tensors': 98}
2026-08-26 11:19:52,483 [INFO]     [1 | right | 1](candidate_pairs: 48/48 | new_swaps: 1 | total: 57) -> {'max_bond': 10, 'max_links': 4, 'total_elems': 3528, 'total_shapes': 866, 'total_links': 390, 'num_tensors': 98}
2026-08-26 11:19:52,638 [INFO]     [2 | both | 0](candidate_pairs: 49/49 | new_swaps: 5 | total: 5) -> {'max_bond': 9, 'max_links': 4, 'total_elems': 3136, 'total_shapes': 840, 'total_links': 390, 'num_tensors': 98}
2026-08-26 11:19:52,797 [INFO]     [2 | both | 1](candidate_pairs: 48/48 | new_swaps: 11 | total: 16) -> {'max_bond': 8, 'max_links': 4, 'total_elems': 2188, 'total_shapes': 778, 'total_links': 390, 'num_tensors': 98}
2026-08-26 11:19:52,884 [INFO]     [2 | left | 0](candidate_pairs: 49/49 | new_swaps: 6 | total: 22) -> {'max_bond': 8, 'max_links': 4, 'total_elems': 1620, 'total_shapes': 734, 'total_links': 390, 'num_tensors': 98}
2026-08-26 11:19:52,970 [INFO]     [2 | left | 1](candidate_pairs: 48/48 | new_swaps: 4 | total: 26) -> {'max_bond': 5, 'max_links': 4, 'total_elems': 1296, 'total_shapes': 708, 'total_links': 390, 'num_tensors': 98}
2026-08-26 11:19:53,053 [INFO]     [2 | right | 0](candidate_pairs: 49/49 | new_swaps: 2 | total: 28) -> {'max_bond': 5, 'max_links': 4, 'total_elems': 1212, 'total_shapes': 698, 'total_links': 390, 'num_tensors': 98}
2026-08-26 11:19:53,135 [INFO]     [2 | right | 1](candidate_pairs: 48/48 | new_swaps: 1 | total: 29) -> {'max_bond': 5, 'max_links': 4, 'total_elems': 1128, 'total_shapes': 692, 'total_links': 390, 'num_tensors': 98}
2026-08-26 11:19:53,285 [INFO]     [3 | both | 0](candidate_pairs: 49/49 | new_swaps: 5 | total: 5) -> {'max_bond': 5, 'max_links': 4, 'total_elems': 972, 'total_shapes': 674, 'total_links': 390, 'num_tensors': 98}
2026-08-26 11:19:53,436 [INFO]     [3 | both | 1](candidate_pairs: 48/48 | new_swaps: 1 | total: 6) -> {'max_bond': 5, 'max_links': 4, 'total_elems': 960, 'total_shapes': 672, 'total_links': 390, 'num_tensors': 98}
2026-08-26 11:19:53,523 [INFO]     [3 | left | 0](candidate_pairs: 49/49 | new_swaps: 2 | total: 8) -> {'max_bond': 4, 'max_links': 4, 'total_elems': 840, 'total_shapes': 660, 'total_links': 390, 'num_tensors': 98}
2026-08-26 11:19:53,608 [INFO]     [3 | left | 1](candidate_pairs: 48/48 | new_swaps: 2 | total: 10) -> {'max_bond': 4, 'max_links': 4, 'total_elems': 780, 'total_shapes': 648, 'total_links': 390, 'num_tensors': 98}
2026-08-26 11:19:53,643 [INFO]     [3 | right | 0](candidate_pairs: 49/49 | new_swaps: 0 | total: 10) -> {'max_bond': 4, 'max_links': 4, 'total_elems': 780, 'total_shapes': 648, 'total_links': 390, 'num_tensors': 98}
2026-08-26 11:19:53,679 [INFO]     [3 | right | 1](candidate_pairs: 48/48 | new_swaps: 0 | total: 10) -> {'max_bond': 4, 'max_links': 4, 'total_elems': 780, 'total_shapes': 648, 'total_links': 390, 'num_tensors': 98}
2026-08-26 11:19:53,825 [INFO]     [4 | both | 0](candidate_pairs: 49/49 | new_swaps: 1 | total: 1) -> {'max_bond': 4, 'max_links': 4, 'total_elems': 768, 'total_shapes': 646, 'total_links': 390, 'num_tensors': 98}
2026-08-26 11:19:53,893 [INFO]     [4 | both | 1](candidate_pairs: 48/48 | new_swaps: 0 | total: 1) -> {'max_bond': 4, 'max_links': 4, 'total_elems': 768, 'total_shapes': 646, 'total_links': 390, 'num_tensors': 98}
2026-08-26 11:19:53,929 [INFO]     [4 | left | 0](candidate_pairs: 49/49 | new_swaps: 0 | total: 1) -> {'max_bond': 4, 'max_links': 4, 'total_elems': 768, 'total_shapes': 646, 'total_links': 390, 'num_tensors': 98}
2026-08-26 11:19:53,964 [INFO]     [4 | left | 1](candidate_pairs: 48/48 | new_swaps: 0 | total: 1) -> {'max_bond': 4, 'max_links': 4, 'total_elems': 768, 'total_shapes': 646, 'total_links': 390, 'num_tensors': 98}
2026-08-26 11:19:54,000 [INFO]     [4 | right | 0](candidate_pairs: 49/49 | new_swaps: 0 | total: 1) -> {'max_bond': 4, 'max_links': 4, 'total_elems': 768, 'total_shapes': 646, 'total_links': 390, 'num_tensors': 98}
2026-08-26 11:19:54,035 [INFO]     [4 | right | 1](candidate_pairs: 48/48 | new_swaps: 0 | total: 1) -> {'max_bond': 4, 'max_links': 4, 'total_elems': 768, 'total_shapes': 646, 'total_links': 390, 'num_tensors': 98}
2026-08-26 11:19:54,103 [INFO]     [5 | both | 0](candidate_pairs: 49/49 | new_swaps: 0 | total: 0) -> {'max_bond': 4, 'max_links': 4, 'total_elems': 768, 'total_shapes': 646, 'total_links': 390, 'num_tensors': 98}
2026-08-26 11:19:54,171 [INFO]     [5 | both | 1](candidate_pairs: 48/48 | new_swaps: 0 | total: 0) -> {'max_bond': 4, 'max_links': 4, 'total_elems': 768, 'total_shapes': 646, 'total_links': 390, 'num_tensors': 98}
2026-08-26 11:19:54,206 [INFO]     [5 | left | 0](candidate_pairs: 49/49 | new_swaps: 0 | total: 0) -> {'max_bond': 4, 'max_links': 4, 'total_elems': 768, 'total_shapes': 646, 'total_links': 390, 'num_tensors': 98}
2026-08-26 11:19:54,242 [INFO]     [5 | left | 1](candidate_pairs: 48/48 | new_swaps: 0 | total: 0) -> {'max_bond': 4, 'max_links': 4, 'total_elems': 768, 'total_shapes': 646, 'total_links': 390, 'num_tensors': 98}
2026-08-26 11:19:54,278 [INFO]     [5 | right | 0](candidate_pairs: 49/49 | new_swaps: 0 | total: 0) -> {'max_bond': 4, 'max_links': 4, 'total_elems': 768, 'total_shapes': 646, 'total_links': 390, 'num_tensors': 98}
2026-08-26 11:19:54,313 [INFO]     [5 | right | 1](candidate_pairs: 48/48 | new_swaps: 0 | total: 0) -> {'max_bond': 4, 'max_links': 4, 'total_elems': 768, 'total_shapes': 646, 'total_links': 390, 'num_tensors': 98}
2026-08-26 11:19:54,314 [INFO]     [end unswap] -> {'max_bond': 4, 'max_links': 4, 'total_elems': 768, 'total_shapes': 646, 'total_links': 390, 'num_tensors': 98}
2026-08-26 11:19:54,324 [INFO] [start rewire](phase=post_unswap, cycle=3, side=left, layers=2272, trials=20, seed=123, parallel=False, route_candidates=2, route_score=lookahead_total)
2026-08-26 11:20:04,589 [INFO] [end rewire](phase=post_unswap, cycle=3, side=left, routed_layers=2613, elapsed_s=10.27)
2026-08-26 11:20:04,590 [INFO] [start rewire](phase=post_unswap, cycle=3, side=right, layers=2306, trials=20, seed=123, parallel=False, route_candidates=2, route_score=lookahead_total)
2026-08-26 11:20:12,185 [INFO] [end rewire](phase=post_unswap, cycle=3, side=right, routed_layers=2240, elapsed_s=7.59)
2026-08-26 11:20:12,302 [INFO] [1L/2611](swap: 21, u: 0 | c_u: 0 | t_u_l: 13/992 | t_u_r: 3/992 | t_u: 16/1984) -> {'max_bond': 4, 'max_links': 4, 'total_elems': 768, 'total_shapes': 646, 'total_links': 390, 'num_tensors': 98}
2026-08-26 11:20:12,401 [INFO] [1R/2238](swap: 13, u: 0 | c_u: 0 | t_u_l: 13/992 | t_u_r: 3/992 | t_u: 16/1984) -> {'max_bond': 5, 'max_links': 4, 'total_elems': 1156, 'total_shapes': 718, 'total_links': 390, 'num_tensors': 98}
2026-08-26 11:20:12,500 [INFO] [2R/2238](swap: 15, u: 0 | c_u: 0 | t_u_l: 13/992 | t_u_r: 3/992 | t_u: 16/1984) -> {'max_bond': 5, 'max_links': 4, 'total_elems': 1976, 'total_shapes': 792, 'total_links': 390, 'num_tensors': 98}
2026-08-26 11:20:12,599 [INFO] [2L/2611](swap: 24, u: 0 | c_u: 0 | t_u_l: 13/992 | t_u_r: 3/992 | t_u: 16/1984) -> {'max_bond': 16, 'max_links': 4, 'total_elems': 2988, 'total_shapes': 894, 'total_links': 390, 'num_tensors': 98}
2026-08-26 11:20:12,699 [INFO] [3R/2238](swap: 16, u: 0 | c_u: 0 | t_u_l: 13/992 | t_u_r: 3/992 | t_u: 16/1984) -> {'max_bond': 16, 'max_links': 4, 'total_elems': 5504, 'total_shapes': 1046, 'total_links': 390, 'num_tensors': 98}
2026-08-26 11:20:12,800 [INFO] [3L/2611](swap: 24, u: 0 | c_u: 0 | t_u_l: 13/992 | t_u_r: 3/992 | t_u: 16/1984) -> {'max_bond': 16, 'max_links': 4, 'total_elems': 10952, 'total_shapes': 1248, 'total_links': 390, 'num_tensors': 98}
2026-08-26 11:20:12,909 [INFO] [4L/2611](swap: 17, u: 0 | c_u: 0 | t_u_l: 13/992 | t_u_r: 3/992 | t_u: 16/1984) -> {'max_bond': 62, 'max_links': 4, 'total_elems': 22984, 'total_shapes': 1512, 'total_links': 390, 'num_tensors': 98}
2026-08-26 11:20:13,039 [INFO] [5L/2611](swap: 17, u: 0 | c_u: 0 | t_u_l: 13/992 | t_u_r: 3/992 | t_u: 16/1984) -> {'max_bond': 64, 'max_links': 4, 'total_elems': 53692, 'total_shapes': 1956, 'total_links': 390, 'num_tensors': 98}
2026-08-26 11:20:13,211 [INFO] [6L/2611](swap: 18, u: 0 | c_u: 0 | t_u_l: 13/992 | t_u_r: 3/992 | t_u: 16/1984) -> {'max_bond': 64, 'max_links': 4, 'total_elems': 103612, 'total_shapes': 2448, 'total_links': 390, 'num_tensors': 98}
2026-08-26 11:20:13,506 [INFO] [4R/2238](swap: 15, u: 0 | c_u: 0 | t_u_l: 13/992 | t_u_r: 3/992 | t_u: 16/1984) -> {'max_bond': 234, 'max_links': 4, 'total_elems': 224532, 'total_shapes': 3148, 'total_links': 390, 'num_tensors': 98}
2026-08-26 11:20:14,277 [INFO] [7L/2611](swap: 18, u: 1 | c_u: 1 | t_u_l: 14/992 | t_u_r: 3/992 | t_u: 17/1984) -> {'max_bond': 227, 'max_links': 4, 'total_elems': 546496, 'total_shapes': 4368, 'total_links': 390, 'num_tensors': 98}
2026-08-26 11:20:15,640 [INFO] [5R/2238](swap: 13, u: 0 | c_u: 1 | t_u_l: 14/992 | t_u_r: 3/992 | t_u: 17/1984) -> {'max_bond': 225, 'max_links': 4, 'total_elems': 820440, 'total_shapes': 5210, 'total_links': 390, 'num_tensors': 98}
2026-08-26 11:20:17,572 [INFO]     [start unswap] -> {'max_bond': 225, 'max_links': 4, 'total_elems': 820440, 'total_shapes': 5210, 'total_links': 390, 'num_tensors': 98}
2026-08-26 11:20:49,000 [INFO]     [0 | both | 0](candidate_pairs: 49/49 | new_swaps: 5 | total: 5) -> {'max_bond': 219, 'max_links': 4, 'total_elems': 1627736, 'total_shapes': 6904, 'total_links': 390, 'num_tensors': 98}
2026-08-26 11:21:12,312 [INFO]     [0 | both | 1](candidate_pairs: 48/48 | new_swaps: 16 | total: 21) -> {'max_bond': 206, 'max_links': 4, 'total_elems': 860420, 'total_shapes': 4960, 'total_links': 390, 'num_tensors': 98}
2026-08-26 11:21:16,806 [INFO]     [0 | left | 0](candidate_pairs: 49/49 | new_swaps: 22 | total: 43) -> {'max_bond': 184, 'max_links': 4, 'total_elems': 724100, 'total_shapes': 4120, 'total_links': 390, 'num_tensors': 98}
2026-08-26 11:21:20,870 [INFO]     [0 | left | 1](candidate_pairs: 48/48 | new_swaps: 14 | total: 57) -> {'max_bond': 176, 'max_links': 4, 'total_elems': 502904, 'total_shapes': 3684, 'total_links': 390, 'num_tensors': 98}
2026-08-26 11:21:22,575 [INFO]     [0 | right | 0](candidate_pairs: 49/49 | new_swaps: 10 | total: 67) -> {'max_bond': 174, 'max_links': 4, 'total_elems': 372568, 'total_shapes': 3222, 'total_links': 390, 'num_tensors': 98}
2026-08-26 11:21:24,491 [INFO]     [0 | right | 1](candidate_pairs: 48/48 | new_swaps: 9 | total: 76) -> {'max_bond': 172, 'max_links': 4, 'total_elems': 196756, 'total_shapes': 2738, 'total_links': 390, 'num_tensors': 98}
2026-08-26 11:21:25,247 [INFO]     [1 | both | 0](candidate_pairs: 49/49 | new_swaps: 15 | total: 15) -> {'max_bond': 54, 'max_links': 4, 'total_elems': 59140, 'total_shapes': 1856, 'total_links': 390, 'num_tensors': 98}
2026-08-26 11:21:25,548 [INFO]     [1 | both | 1](candidate_pairs: 48/48 | new_swaps: 17 | total: 32) -> {'max_bond': 53, 'max_links': 4, 'total_elems': 28620, 'total_shapes': 1496, 'total_links': 390, 'num_tensors': 98}
2026-08-26 11:21:25,671 [INFO]     [1 | left | 0](candidate_pairs: 49/49 | new_swaps: 10 | total: 42) -> {'max_bond': 50, 'max_links': 4, 'total_elems': 19512, 'total_shapes': 1324, 'total_links': 390, 'num_tensors': 98}
2026-08-26 11:21:25,780 [INFO]     [1 | left | 1](candidate_pairs: 48/48 | new_swaps: 10 | total: 52) -> {'max_bond': 16, 'max_links': 4, 'total_elems': 12108, 'total_shapes': 1158, 'total_links': 390, 'num_tensors': 98}
2026-08-26 11:21:25,876 [INFO]     [1 | right | 0](candidate_pairs: 49/49 | new_swaps: 7 | total: 59) -> {'max_bond': 16, 'max_links': 4, 'total_elems': 10212, 'total_shapes': 1086, 'total_links': 390, 'num_tensors': 98}
2026-08-26 11:21:25,968 [INFO]     [1 | right | 1](candidate_pairs: 48/48 | new_swaps: 3 | total: 62) -> {'max_bond': 16, 'max_links': 4, 'total_elems': 9972, 'total_shapes': 1068, 'total_links': 390, 'num_tensors': 98}
2026-08-26 11:21:26,140 [INFO]     [2 | both | 0](candidate_pairs: 49/49 | new_swaps: 10 | total: 10) -> {'max_bond': 16, 'max_links': 4, 'total_elems': 7332, 'total_shapes': 976, 'total_links': 390, 'num_tensors': 98}
2026-08-26 11:21:26,308 [INFO]     [2 | both | 1](candidate_pairs: 48/48 | new_swaps: 10 | total: 20) -> {'max_bond': 16, 'max_links': 4, 'total_elems': 4624, 'total_shapes': 876, 'total_links': 390, 'num_tensors': 98}
2026-08-26 11:21:26,400 [INFO]     [2 | left | 0](candidate_pairs: 49/49 | new_swaps: 5 | total: 25) -> {'max_bond': 12, 'max_links': 4, 'total_elems': 3576, 'total_shapes': 830, 'total_links': 390, 'num_tensors': 98}
2026-08-26 11:21:26,492 [INFO]     [2 | left | 1](candidate_pairs: 48/48 | new_swaps: 5 | total: 30) -> {'max_bond': 12, 'max_links': 4, 'total_elems': 2452, 'total_shapes': 790, 'total_links': 390, 'num_tensors': 98}
2026-08-26 11:21:26,579 [INFO]     [2 | right | 0](candidate_pairs: 49/49 | new_swaps: 4 | total: 34) -> {'max_bond': 8, 'max_links': 4, 'total_elems': 1860, 'total_shapes': 748, 'total_links': 390, 'num_tensors': 98}
2026-08-26 11:21:26,663 [INFO]     [2 | right | 1](candidate_pairs: 48/48 | new_swaps: 1 | total: 35) -> {'max_bond': 8, 'max_links': 4, 'total_elems': 1836, 'total_shapes': 744, 'total_links': 390, 'num_tensors': 98}
2026-08-26 11:21:26,817 [INFO]     [3 | both | 0](candidate_pairs: 49/49 | new_swaps: 7 | total: 7) -> {'max_bond': 8, 'max_links': 4, 'total_elems': 1496, 'total_shapes': 718, 'total_links': 390, 'num_tensors': 98}
2026-08-26 11:21:26,969 [INFO]     [3 | both | 1](candidate_pairs: 48/48 | new_swaps: 3 | total: 10) -> {'max_bond': 5, 'max_links': 4, 'total_elems': 1272, 'total_shapes': 702, 'total_links': 390, 'num_tensors': 98}
2026-08-26 11:21:27,056 [INFO]     [3 | left | 0](candidate_pairs: 49/49 | new_swaps: 2 | total: 12) -> {'max_bond': 5, 'max_links': 4, 'total_elems': 1172, 'total_shapes': 692, 'total_links': 390, 'num_tensors': 98}
2026-08-26 11:21:27,144 [INFO]     [3 | left | 1](candidate_pairs: 48/48 | new_swaps: 4 | total: 16) -> {'max_bond': 4, 'max_links': 4, 'total_elems': 1016, 'total_shapes': 674, 'total_links': 390, 'num_tensors': 98}
2026-08-26 11:21:27,180 [INFO]     [3 | right | 0](candidate_pairs: 49/49 | new_swaps: 0 | total: 16) -> {'max_bond': 4, 'max_links': 4, 'total_elems': 1016, 'total_shapes': 674, 'total_links': 390, 'num_tensors': 98}
2026-08-26 11:21:27,216 [INFO]     [3 | right | 1](candidate_pairs: 48/48 | new_swaps: 0 | total: 16) -> {'max_bond': 4, 'max_links': 4, 'total_elems': 1016, 'total_shapes': 674, 'total_links': 390, 'num_tensors': 98}
2026-08-26 11:21:27,368 [INFO]     [4 | both | 0](candidate_pairs: 49/49 | new_swaps: 3 | total: 3) -> {'max_bond': 4, 'max_links': 4, 'total_elems': 944, 'total_shapes': 666, 'total_links': 390, 'num_tensors': 98}
2026-08-26 11:21:27,520 [INFO]     [4 | both | 1](candidate_pairs: 48/48 | new_swaps: 3 | total: 6) -> {'max_bond': 4, 'max_links': 4, 'total_elems': 872, 'total_shapes': 658, 'total_links': 390, 'num_tensors': 98}
2026-08-26 11:21:27,603 [INFO]     [4 | left | 0](candidate_pairs: 49/49 | new_swaps: 1 | total: 7) -> {'max_bond': 4, 'max_links': 4, 'total_elems': 832, 'total_shapes': 654, 'total_links': 390, 'num_tensors': 98}
2026-08-26 11:21:27,688 [INFO]     [4 | left | 1](candidate_pairs: 48/48 | new_swaps: 1 | total: 8) -> {'max_bond': 4, 'max_links': 4, 'total_elems': 808, 'total_shapes': 652, 'total_links': 390, 'num_tensors': 98}
2026-08-26 11:21:27,770 [INFO]     [4 | right | 0](candidate_pairs: 49/49 | new_swaps: 1 | total: 9) -> {'max_bond': 4, 'max_links': 4, 'total_elems': 788, 'total_shapes': 650, 'total_links': 390, 'num_tensors': 98}
2026-08-26 11:21:27,805 [INFO]     [4 | right | 1](candidate_pairs: 48/48 | new_swaps: 0 | total: 9) -> {'max_bond': 4, 'max_links': 4, 'total_elems': 788, 'total_shapes': 650, 'total_links': 390, 'num_tensors': 98}
2026-08-26 11:21:27,954 [INFO]     [5 | both | 0](candidate_pairs: 49/49 | new_swaps: 1 | total: 1) -> {'max_bond': 4, 'max_links': 4, 'total_elems': 772, 'total_shapes': 648, 'total_links': 390, 'num_tensors': 98}
2026-08-26 11:21:28,023 [INFO]     [5 | both | 1](candidate_pairs: 48/48 | new_swaps: 0 | total: 1) -> {'max_bond': 4, 'max_links': 4, 'total_elems': 772, 'total_shapes': 648, 'total_links': 390, 'num_tensors': 98}
2026-08-26 11:21:28,106 [INFO]     [5 | left | 0](candidate_pairs: 49/49 | new_swaps: 1 | total: 2) -> {'max_bond': 3, 'max_links': 4, 'total_elems': 748, 'total_shapes': 646, 'total_links': 390, 'num_tensors': 98}
2026-08-26 11:21:28,176 [INFO]     [5 | left | 1](candidate_pairs: 48/48 | new_swaps: 1 | total: 3) -> {'max_bond': 3, 'max_links': 4, 'total_elems': 728, 'total_shapes': 644, 'total_links': 390, 'num_tensors': 98}
2026-08-26 11:21:28,211 [INFO]     [5 | right | 0](candidate_pairs: 49/49 | new_swaps: 0 | total: 3) -> {'max_bond': 3, 'max_links': 4, 'total_elems': 728, 'total_shapes': 644, 'total_links': 390, 'num_tensors': 98}
2026-08-26 11:21:28,247 [INFO]     [5 | right | 1](candidate_pairs: 48/48 | new_swaps: 0 | total: 3) -> {'max_bond': 3, 'max_links': 4, 'total_elems': 728, 'total_shapes': 644, 'total_links': 390, 'num_tensors': 98}
2026-08-26 11:21:28,317 [INFO]     [6 | both | 0](candidate_pairs: 49/49 | new_swaps: 0 | total: 0) -> {'max_bond': 3, 'max_links': 4, 'total_elems': 728, 'total_shapes': 644, 'total_links': 390, 'num_tensors': 98}
2026-08-26 11:21:28,386 [INFO]     [6 | both | 1](candidate_pairs: 48/48 | new_swaps: 0 | total: 0) -> {'max_bond': 3, 'max_links': 4, 'total_elems': 728, 'total_shapes': 644, 'total_links': 390, 'num_tensors': 98}
2026-08-26 11:21:28,423 [INFO]     [6 | left | 0](candidate_pairs: 49/49 | new_swaps: 0 | total: 0) -> {'max_bond': 3, 'max_links': 4, 'total_elems': 728, 'total_shapes': 644, 'total_links': 390, 'num_tensors': 98}
2026-08-26 11:21:28,460 [INFO]     [6 | left | 1](candidate_pairs: 48/48 | new_swaps: 0 | total: 0) -> {'max_bond': 3, 'max_links': 4, 'total_elems': 728, 'total_shapes': 644, 'total_links': 390, 'num_tensors': 98}
2026-08-26 11:21:28,495 [INFO]     [6 | right | 0](candidate_pairs: 49/49 | new_swaps: 0 | total: 0) -> {'max_bond': 3, 'max_links': 4, 'total_elems': 728, 'total_shapes': 644, 'total_links': 390, 'num_tensors': 98}
2026-08-26 11:21:28,531 [INFO]     [6 | right | 1](candidate_pairs: 48/48 | new_swaps: 0 | total: 0) -> {'max_bond': 3, 'max_links': 4, 'total_elems': 728, 'total_shapes': 644, 'total_links': 390, 'num_tensors': 98}
2026-08-26 11:21:28,532 [INFO]     [end unswap] -> {'max_bond': 3, 'max_links': 4, 'total_elems': 728, 'total_shapes': 644, 'total_links': 390, 'num_tensors': 98}
2026-08-26 11:21:28,545 [INFO] [start rewire](phase=post_unswap, cycle=4, side=left, layers=2606, trials=20, seed=123, parallel=False, route_candidates=2, route_score=lookahead_total)
2026-08-26 11:21:39,756 [INFO] [end rewire](phase=post_unswap, cycle=4, side=left, routed_layers=2240, elapsed_s=11.21)
2026-08-26 11:21:39,756 [INFO] [start rewire](phase=post_unswap, cycle=4, side=right, layers=2235, trials=20, seed=123, parallel=False, route_candidates=2, route_score=lookahead_total)
2026-08-26 11:21:46,919 [INFO] [end rewire](phase=post_unswap, cycle=4, side=right, routed_layers=2387, elapsed_s=7.16)
2026-08-26 11:21:47,045 [INFO] [1L/2238](swap: 19, u: 0 | c_u: 0 | t_u_l: 14/992 | t_u_r: 3/992 | t_u: 17/1984) -> {'max_bond': 3, 'max_links': 4, 'total_elems': 728, 'total_shapes': 644, 'total_links': 390, 'num_tensors': 98}
2026-08-26 11:21:47,150 [INFO] [1R/2385](swap: 10, u: 0 | c_u: 0 | t_u_l: 14/992 | t_u_r: 3/992 | t_u: 17/1984) -> {'max_bond': 5, 'max_links': 4, 'total_elems': 1036, 'total_shapes': 698, 'total_links': 390, 'num_tensors': 98}
2026-08-26 11:21:47,252 [INFO] [2R/2385](swap: 11, u: 0 | c_u: 0 | t_u_l: 14/992 | t_u_r: 3/992 | t_u: 17/1984) -> {'max_bond': 6, 'max_links': 4, 'total_elems': 1688, 'total_shapes': 756, 'total_links': 390, 'num_tensors': 98}
2026-08-26 11:21:47,353 [INFO] [2L/2238](swap: 21, u: 1 | c_u: 1 | t_u_l: 15/992 | t_u_r: 3/992 | t_u: 18/1984) -> {'max_bond': 8, 'max_links': 4, 'total_elems': 2424, 'total_shapes': 862, 'total_links': 390, 'num_tensors': 98}
2026-08-26 11:21:47,454 [INFO] [3R/2385](swap: 13, u: 0 | c_u: 1 | t_u_l: 15/992 | t_u_r: 3/992 | t_u: 18/1984) -> {'max_bond': 16, 'max_links': 4, 'total_elems': 4156, 'total_shapes': 972, 'total_links': 390, 'num_tensors': 98}
2026-08-26 11:21:47,557 [INFO] [3L/2238](swap: 20, u: 0 | c_u: 1 | t_u_l: 15/992 | t_u_r: 3/992 | t_u: 18/1984) -> {'max_bond': 16, 'max_links': 4, 'total_elems': 7392, 'total_shapes': 1152, 'total_links': 390, 'num_tensors': 98}
2026-08-26 11:21:47,664 [INFO] [4R/2385](swap: 15, u: 0 | c_u: 1 | t_u_l: 15/992 | t_u_r: 3/992 | t_u: 18/1984) -> {'max_bond': 29, 'max_links': 4, 'total_elems': 12332, 'total_shapes': 1282, 'total_links': 390, 'num_tensors': 98}
2026-08-26 11:21:47,782 [INFO] [4L/2238](swap: 19, u: 0 | c_u: 1 | t_u_l: 15/992 | t_u_r: 3/992 | t_u: 18/1984) -> {'max_bond': 64, 'max_links': 4, 'total_elems': 22756, 'total_shapes': 1540, 'total_links': 390, 'num_tensors': 98}
2026-08-26 11:21:47,911 [INFO] [5L/2238](swap: 16, u: 0 | c_u: 1 | t_u_l: 15/992 | t_u_r: 3/992 | t_u: 18/1984) -> {'max_bond': 64, 'max_links': 4, 'total_elems': 37368, 'total_shapes': 1904, 'total_links': 390, 'num_tensors': 98}
2026-08-26 11:21:48,043 [INFO] [6L/2238](swap: 16, u: 0 | c_u: 1 | t_u_l: 15/992 | t_u_r: 3/992 | t_u: 18/1984) -> {'max_bond': 64, 'max_links': 4, 'total_elems': 62032, 'total_shapes': 2270, 'total_links': 390, 'num_tensors': 98}
2026-08-26 11:21:48,215 [INFO] [5R/2385](swap: 15, u: 0 | c_u: 1 | t_u_l: 15/992 | t_u_r: 3/992 | t_u: 18/1984) -> {'max_bond': 64, 'max_links': 4, 'total_elems': 100892, 'total_shapes': 2776, 'total_links': 390, 'num_tensors': 98}
2026-08-26 11:21:48,455 [INFO] [6R/2385](swap: 15, u: 0 | c_u: 1 | t_u_l: 15/992 | t_u_r: 3/992 | t_u: 18/1984) -> {'max_bond': 71, 'max_links': 4, 'total_elems': 181700, 'total_shapes': 3330, 'total_links': 390, 'num_tensors': 98}
2026-08-26 11:21:48,872 [INFO] [7L/2238](swap: 17, u: 1 | c_u: 2 | t_u_l: 16/992 | t_u_r: 3/992 | t_u: 19/1984) -> {'max_bond': 187, 'max_links': 4, 'total_elems': 375260, 'total_shapes': 4482, 'total_links': 390, 'num_tensors': 98}
2026-08-26 11:21:49,977 [INFO] [7R/2385](swap: 14, u: 1 | c_u: 3 | t_u_l: 16/992 | t_u_r: 4/992 | t_u: 20/1984) -> {'max_bond': 211, 'max_links': 4, 'total_elems': 782936, 'total_shapes': 5428, 'total_links': 390, 'num_tensors': 98}
2026-08-26 11:21:53,469 [INFO]     [start unswap] -> {'max_bond': 211, 'max_links': 4, 'total_elems': 782936, 'total_shapes': 5428, 'total_links': 390, 'num_tensors': 98}
2026-08-26 11:22:56,008 [INFO]     [0 | both | 0](candidate_pairs: 49/49 | new_swaps: 8 | total: 8) -> {'max_bond': 605, 'max_links': 4, 'total_elems': 1605168, 'total_shapes': 7032, 'total_links': 390, 'num_tensors': 98}
2026-08-26 11:23:05,061 [INFO]     [0 | both | 1](candidate_pairs: 48/48 | new_swaps: 19 | total: 27) -> {'max_bond': 166, 'max_links': 4, 'total_elems': 487964, 'total_shapes': 4434, 'total_links': 390, 'num_tensors': 98}
2026-08-26 11:23:06,568 [INFO]     [0 | left | 0](candidate_pairs: 49/49 | new_swaps: 17 | total: 44) -> {'max_bond': 165, 'max_links': 4, 'total_elems': 294608, 'total_shapes': 3446, 'total_links': 390, 'num_tensors': 98}
2026-08-26 11:23:07,367 [INFO]     [0 | left | 1](candidate_pairs: 48/48 | new_swaps: 22 | total: 66) -> {'max_bond': 134, 'max_links': 4, 'total_elems': 155708, 'total_shapes': 2604, 'total_links': 390, 'num_tensors': 98}
2026-08-26 11:23:07,748 [INFO]     [0 | right | 0](candidate_pairs: 49/49 | new_swaps: 10 | total: 76) -> {'max_bond': 132, 'max_links': 4, 'total_elems': 134976, 'total_shapes': 2294, 'total_links': 390, 'num_tensors': 98}
2026-08-26 11:23:08,076 [INFO]     [0 | right | 1](candidate_pairs: 48/48 | new_swaps: 14 | total: 90) -> {'max_bond': 119, 'max_links': 4, 'total_elems': 84396, 'total_shapes': 1984, 'total_links': 390, 'num_tensors': 98}
2026-08-26 11:23:08,480 [INFO]     [1 | both | 0](candidate_pairs: 49/49 | new_swaps: 16 | total: 16) -> {'max_bond': 63, 'max_links': 4, 'total_elems': 38512, 'total_shapes': 1564, 'total_links': 390, 'num_tensors': 98}
2026-08-26 11:23:08,714 [INFO]     [1 | both | 1](candidate_pairs: 48/48 | new_swaps: 12 | total: 28) -> {'max_bond': 44, 'max_links': 4, 'total_elems': 19424, 'total_shapes': 1304, 'total_links': 390, 'num_tensors': 98}
2026-08-26 11:23:08,827 [INFO]     [1 | left | 0](candidate_pairs: 49/49 | new_swaps: 11 | total: 39) -> {'max_bond': 33, 'max_links': 4, 'total_elems': 13192, 'total_shapes': 1168, 'total_links': 390, 'num_tensors': 98}
2026-08-26 11:23:08,927 [INFO]     [1 | left | 1](candidate_pairs: 48/48 | new_swaps: 6 | total: 45) -> {'max_bond': 32, 'max_links': 4, 'total_elems': 8008, 'total_shapes': 1082, 'total_links': 390, 'num_tensors': 98}
2026-08-26 11:23:09,021 [INFO]     [1 | right | 0](candidate_pairs: 49/49 | new_swaps: 8 | total: 53) -> {'max_bond': 12, 'max_links': 4, 'total_elems': 5572, 'total_shapes': 980, 'total_links': 390, 'num_tensors': 98}
2026-08-26 11:23:09,109 [INFO]     [1 | right | 1](candidate_pairs: 48/48 | new_swaps: 4 | total: 57) -> {'max_bond': 12, 'max_links': 4, 'total_elems': 4960, 'total_shapes': 950, 'total_links': 390, 'num_tensors': 98}
2026-08-26 11:23:09,272 [INFO]     [2 | both | 0](candidate_pairs: 49/49 | new_swaps: 10 | total: 10) -> {'max_bond': 12, 'max_links': 4, 'total_elems': 4604, 'total_shapes': 912, 'total_links': 390, 'num_tensors': 98}
2026-08-26 11:23:09,436 [INFO]     [2 | both | 1](candidate_pairs: 48/48 | new_swaps: 13 | total: 23) -> {'max_bond': 12, 'max_links': 4, 'total_elems': 3156, 'total_shapes': 842, 'total_links': 390, 'num_tensors': 98}
2026-08-26 11:23:09,525 [INFO]     [2 | left | 0](candidate_pairs: 49/49 | new_swaps: 5 | total: 28) -> {'max_bond': 8, 'max_links': 4, 'total_elems': 2500, 'total_shapes': 798, 'total_links': 390, 'num_tensors': 98}
2026-08-26 11:23:09,614 [INFO]     [2 | left | 1](candidate_pairs: 48/48 | new_swaps: 5 | total: 33) -> {'max_bond': 8, 'max_links': 4, 'total_elems': 2260, 'total_shapes': 774, 'total_links': 390, 'num_tensors': 98}
2026-08-26 11:23:09,699 [INFO]     [2 | right | 0](candidate_pairs: 49/49 | new_swaps: 3 | total: 36) -> {'max_bond': 8, 'max_links': 4, 'total_elems': 2136, 'total_shapes': 758, 'total_links': 390, 'num_tensors': 98}
2026-08-26 11:23:09,735 [INFO]     [2 | right | 1](candidate_pairs: 48/48 | new_swaps: 0 | total: 36) -> {'max_bond': 8, 'max_links': 4, 'total_elems': 2136, 'total_shapes': 758, 'total_links': 390, 'num_tensors': 98}
2026-08-26 11:23:09,890 [INFO]     [3 | both | 0](candidate_pairs: 49/49 | new_swaps: 6 | total: 6) -> {'max_bond': 8, 'max_links': 4, 'total_elems': 1976, 'total_shapes': 742, 'total_links': 390, 'num_tensors': 98}
2026-08-26 11:23:10,043 [INFO]     [3 | both | 1](candidate_pairs: 48/48 | new_swaps: 4 | total: 10) -> {'max_bond': 8, 'max_links': 4, 'total_elems': 1912, 'total_shapes': 734, 'total_links': 390, 'num_tensors': 98}
2026-08-26 11:23:10,127 [INFO]     [3 | left | 0](candidate_pairs: 49/49 | new_swaps: 1 | total: 11) -> {'max_bond': 8, 'max_links': 4, 'total_elems': 1852, 'total_shapes': 728, 'total_links': 390, 'num_tensors': 98}
2026-08-26 11:23:10,212 [INFO]     [3 | left | 1](candidate_pairs: 48/48 | new_swaps: 2 | total: 13) -> {'max_bond': 8, 'max_links': 4, 'total_elems': 1792, 'total_shapes': 718, 'total_links': 390, 'num_tensors': 98}
2026-08-26 11:23:10,248 [INFO]     [3 | right | 0](candidate_pairs: 49/49 | new_swaps: 0 | total: 13) -> {'max_bond': 8, 'max_links': 4, 'total_elems': 1792, 'total_shapes': 718, 'total_links': 390, 'num_tensors': 98}
2026-08-26 11:23:10,284 [INFO]     [3 | right | 1](candidate_pairs: 48/48 | new_swaps: 0 | total: 13) -> {'max_bond': 8, 'max_links': 4, 'total_elems': 1792, 'total_shapes': 718, 'total_links': 390, 'num_tensors': 98}
2026-08-26 11:23:10,435 [INFO]     [4 | both | 0](candidate_pairs: 49/49 | new_swaps: 2 | total: 2) -> {'max_bond': 8, 'max_links': 4, 'total_elems': 1760, 'total_shapes': 714, 'total_links': 390, 'num_tensors': 98}
2026-08-26 11:23:10,585 [INFO]     [4 | both | 1](candidate_pairs: 48/48 | new_swaps: 2 | total: 4) -> {'max_bond': 8, 'max_links': 4, 'total_elems': 1736, 'total_shapes': 710, 'total_links': 390, 'num_tensors': 98}
2026-08-26 11:23:10,622 [INFO]     [4 | left | 0](candidate_pairs: 49/49 | new_swaps: 0 | total: 4) -> {'max_bond': 8, 'max_links': 4, 'total_elems': 1736, 'total_shapes': 710, 'total_links': 390, 'num_tensors': 98}
2026-08-26 11:23:10,658 [INFO]     [4 | left | 1](candidate_pairs: 48/48 | new_swaps: 0 | total: 4) -> {'max_bond': 8, 'max_links': 4, 'total_elems': 1736, 'total_shapes': 710, 'total_links': 390, 'num_tensors': 98}
2026-08-26 11:23:10,694 [INFO]     [4 | right | 0](candidate_pairs: 49/49 | new_swaps: 0 | total: 4) -> {'max_bond': 8, 'max_links': 4, 'total_elems': 1736, 'total_shapes': 710, 'total_links': 390, 'num_tensors': 98}
2026-08-26 11:23:10,730 [INFO]     [4 | right | 1](candidate_pairs: 48/48 | new_swaps: 0 | total: 4) -> {'max_bond': 8, 'max_links': 4, 'total_elems': 1736, 'total_shapes': 710, 'total_links': 390, 'num_tensors': 98}
2026-08-26 11:23:10,880 [INFO]     [5 | both | 0](candidate_pairs: 49/49 | new_swaps: 1 | total: 1) -> {'max_bond': 8, 'max_links': 4, 'total_elems': 1724, 'total_shapes': 708, 'total_links': 390, 'num_tensors': 98}
2026-08-26 11:23:11,029 [INFO]     [5 | both | 1](candidate_pairs: 48/48 | new_swaps: 1 | total: 2) -> {'max_bond': 8, 'max_links': 4, 'total_elems': 1712, 'total_shapes': 706, 'total_links': 390, 'num_tensors': 98}
2026-08-26 11:23:11,066 [INFO]     [5 | left | 0](candidate_pairs: 49/49 | new_swaps: 0 | total: 2) -> {'max_bond': 8, 'max_links': 4, 'total_elems': 1712, 'total_shapes': 706, 'total_links': 390, 'num_tensors': 98}
2026-08-26 11:23:11,102 [INFO]     [5 | left | 1](candidate_pairs: 48/48 | new_swaps: 0 | total: 2) -> {'max_bond': 8, 'max_links': 4, 'total_elems': 1712, 'total_shapes': 706, 'total_links': 390, 'num_tensors': 98}
2026-08-26 11:23:11,138 [INFO]     [5 | right | 0](candidate_pairs: 49/49 | new_swaps: 0 | total: 2) -> {'max_bond': 8, 'max_links': 4, 'total_elems': 1712, 'total_shapes': 706, 'total_links': 390, 'num_tensors': 98}
2026-08-26 11:23:11,174 [INFO]     [5 | right | 1](candidate_pairs: 48/48 | new_swaps: 0 | total: 2) -> {'max_bond': 8, 'max_links': 4, 'total_elems': 1712, 'total_shapes': 706, 'total_links': 390, 'num_tensors': 98}
2026-08-26 11:23:11,245 [INFO]     [6 | both | 0](candidate_pairs: 49/49 | new_swaps: 0 | total: 0) -> {'max_bond': 8, 'max_links': 4, 'total_elems': 1712, 'total_shapes': 706, 'total_links': 390, 'num_tensors': 98}
2026-08-26 11:23:11,314 [INFO]     [6 | both | 1](candidate_pairs: 48/48 | new_swaps: 0 | total: 0) -> {'max_bond': 8, 'max_links': 4, 'total_elems': 1712, 'total_shapes': 706, 'total_links': 390, 'num_tensors': 98}
2026-08-26 11:23:11,351 [INFO]     [6 | left | 0](candidate_pairs: 49/49 | new_swaps: 0 | total: 0) -> {'max_bond': 8, 'max_links': 4, 'total_elems': 1712, 'total_shapes': 706, 'total_links': 390, 'num_tensors': 98}
2026-08-26 11:23:11,388 [INFO]     [6 | left | 1](candidate_pairs: 48/48 | new_swaps: 0 | total: 0) -> {'max_bond': 8, 'max_links': 4, 'total_elems': 1712, 'total_shapes': 706, 'total_links': 390, 'num_tensors': 98}
2026-08-26 11:23:11,423 [INFO]     [6 | right | 0](candidate_pairs: 49/49 | new_swaps: 0 | total: 0) -> {'max_bond': 8, 'max_links': 4, 'total_elems': 1712, 'total_shapes': 706, 'total_links': 390, 'num_tensors': 98}
2026-08-26 11:23:11,459 [INFO]     [6 | right | 1](candidate_pairs: 48/48 | new_swaps: 0 | total: 0) -> {'max_bond': 8, 'max_links': 4, 'total_elems': 1712, 'total_shapes': 706, 'total_links': 390, 'num_tensors': 98}
2026-08-26 11:23:11,460 [INFO]     [end unswap] -> {'max_bond': 8, 'max_links': 4, 'total_elems': 1712, 'total_shapes': 706, 'total_links': 390, 'num_tensors': 98}
2026-08-26 11:23:11,476 [INFO] [start rewire](phase=post_unswap, cycle=5, side=left, layers=2233, trials=20, seed=123, parallel=False, route_candidates=2, route_score=lookahead_total)
2026-08-26 11:23:22,511 [INFO] [end rewire](phase=post_unswap, cycle=5, side=left, routed_layers=2444, elapsed_s=11.03)
2026-08-26 11:23:22,511 [INFO] [start rewire](phase=post_unswap, cycle=5, side=right, layers=2380, trials=20, seed=123, parallel=False, route_candidates=2, route_score=lookahead_total)
2026-08-26 11:23:31,911 [INFO] [end rewire](phase=post_unswap, cycle=5, side=right, routed_layers=2308, elapsed_s=9.40)
2026-08-26 11:23:32,031 [INFO] [1L/2442](swap: 23, u: 0 | c_u: 0 | t_u_l: 16/992 | t_u_r: 4/992 | t_u: 20/1984) -> {'max_bond': 8, 'max_links': 4, 'total_elems': 1712, 'total_shapes': 706, 'total_links': 390, 'num_tensors': 98}
2026-08-26 11:23:32,130 [INFO] [2L/2442](swap: 23, u: 0 | c_u: 0 | t_u_l: 16/992 | t_u_r: 4/992 | t_u: 20/1984) -> {'max_bond': 12, 'max_links': 4, 'total_elems': 2696, 'total_shapes': 842, 'total_links': 390, 'num_tensors': 98}
2026-08-26 11:23:32,230 [INFO] [1R/2306](swap: 16, u: 0 | c_u: 0 | t_u_l: 16/992 | t_u_r: 4/992 | t_u: 20/1984) -> {'max_bond': 12, 'max_links': 4, 'total_elems': 3056, 'total_shapes': 896, 'total_links': 390, 'num_tensors': 98}
2026-08-26 11:23:32,329 [INFO] [2R/2306](swap: 16, u: 0 | c_u: 0 | t_u_l: 16/992 | t_u_r: 4/992 | t_u: 20/1984) -> {'max_bond': 16, 'max_links': 4, 'total_elems': 4512, 'total_shapes': 1006, 'total_links': 390, 'num_tensors': 98}
2026-08-26 11:23:32,430 [INFO] [3R/2306](swap: 14, u: 0 | c_u: 0 | t_u_l: 16/992 | t_u_r: 4/992 | t_u: 20/1984) -> {'max_bond': 16, 'max_links': 4, 'total_elems': 7212, 'total_shapes': 1118, 'total_links': 390, 'num_tensors': 98}
2026-08-26 11:23:32,534 [INFO] [3L/2442](swap: 20, u: 0 | c_u: 0 | t_u_l: 16/992 | t_u_r: 4/992 | t_u: 20/1984) -> {'max_bond': 46, 'max_links': 4, 'total_elems': 13168, 'total_shapes': 1328, 'total_links': 390, 'num_tensors': 98}
2026-08-26 11:23:32,644 [INFO] [4L/2442](swap: 22, u: 0 | c_u: 0 | t_u_l: 16/992 | t_u_r: 4/992 | t_u: 20/1984) -> {'max_bond': 42, 'max_links': 4, 'total_elems': 17356, 'total_shapes': 1472, 'total_links': 390, 'num_tensors': 98}
2026-08-26 11:23:32,757 [INFO] [5L/2442](swap: 21, u: 0 | c_u: 0 | t_u_l: 16/992 | t_u_r: 4/992 | t_u: 20/1984) -> {'max_bond': 40, 'max_links': 4, 'total_elems': 26104, 'total_shapes': 1772, 'total_links': 390, 'num_tensors': 98}
2026-08-26 11:23:32,885 [INFO] [4R/2306](swap: 14, u: 0 | c_u: 0 | t_u_l: 16/992 | t_u_r: 4/992 | t_u: 20/1984) -> {'max_bond': 45, 'max_links': 4, 'total_elems': 39112, 'total_shapes': 1964, 'total_links': 390, 'num_tensors': 98}
2026-08-26 11:23:33,028 [INFO] [6L/2442](swap: 18, u: 2 | c_u: 2 | t_u_l: 18/992 | t_u_r: 4/992 | t_u: 22/1984) -> {'max_bond': 58, 'max_links': 4, 'total_elems': 61044, 'total_shapes': 2304, 'total_links': 390, 'num_tensors': 98}
2026-08-26 11:23:33,193 [INFO] [5R/2306](swap: 15, u: 0 | c_u: 2 | t_u_l: 18/992 | t_u_r: 4/992 | t_u: 22/1984) -> {'max_bond': 70, 'max_links': 4, 'total_elems': 92152, 'total_shapes': 2612, 'total_links': 390, 'num_tensors': 98}
2026-08-26 11:23:33,432 [INFO] [7L/2442](swap: 19, u: 0 | c_u: 2 | t_u_l: 18/992 | t_u_r: 4/992 | t_u: 22/1984) -> {'max_bond': 96, 'max_links': 4, 'total_elems': 143508, 'total_shapes': 3324, 'total_links': 390, 'num_tensors': 98}
2026-08-26 11:23:33,766 [INFO] [6R/2306](swap: 16, u: 0 | c_u: 2 | t_u_l: 18/992 | t_u_r: 4/992 | t_u: 22/1984) -> {'max_bond': 191, 'max_links': 4, 'total_elems': 327820, 'total_shapes': 4526, 'total_links': 390, 'num_tensors': 98}
2026-08-26 11:23:34,544 [INFO] [8L/2442](swap: 17, u: 0 | c_u: 2 | t_u_l: 18/992 | t_u_r: 4/992 | t_u: 22/1984) -> {'max_bond': 188, 'max_links': 4, 'total_elems': 671484, 'total_shapes': 5692, 'total_links': 390, 'num_tensors': 98}
2026-08-26 11:23:36,399 [INFO]     [start unswap] -> {'max_bond': 188, 'max_links': 4, 'total_elems': 671484, 'total_shapes': 5692, 'total_links': 390, 'num_tensors': 98}
2026-08-26 11:23:44,205 [INFO]     [0 | both | 0](candidate_pairs: 49/49 | new_swaps: 13 | total: 13) -> {'max_bond': 254, 'max_links': 4, 'total_elems': 625320, 'total_shapes': 5780, 'total_links': 390, 'num_tensors': 98}
2026-08-26 11:23:46,983 [INFO]     [0 | both | 1](candidate_pairs: 48/48 | new_swaps: 20 | total: 33) -> {'max_bond': 252, 'max_links': 4, 'total_elems': 315988, 'total_shapes': 4136, 'total_links': 390, 'num_tensors': 98}
2026-08-26 11:23:47,601 [INFO]     [0 | left | 0](candidate_pairs: 49/49 | new_swaps: 19 | total: 52) -> {'max_bond': 92, 'max_links': 4, 'total_elems': 150512, 'total_shapes': 3102, 'total_links': 390, 'num_tensors': 98}
2026-08-26 11:23:47,934 [INFO]     [0 | left | 1](candidate_pairs: 48/48 | new_swaps: 22 | total: 74) -> {'max_bond': 92, 'max_links': 4, 'total_elems': 92012, 'total_shapes': 2528, 'total_links': 390, 'num_tensors': 98}
2026-08-26 11:23:48,119 [INFO]     [0 | right | 0](candidate_pairs: 49/49 | new_swaps: 10 | total: 84) -> {'max_bond': 64, 'max_links': 4, 'total_elems': 73060, 'total_shapes': 2250, 'total_links': 390, 'num_tensors': 98}
2026-08-26 11:23:48,283 [INFO]     [0 | right | 1](candidate_pairs: 48/48 | new_swaps: 9 | total: 93) -> {'max_bond': 64, 'max_links': 4, 'total_elems': 67256, 'total_shapes': 2116, 'total_links': 390, 'num_tensors': 98}
2026-08-26 11:23:48,640 [INFO]     [1 | both | 0](candidate_pairs: 49/49 | new_swaps: 18 | total: 18) -> {'max_bond': 64, 'max_links': 4, 'total_elems': 33044, 'total_shapes': 1696, 'total_links': 390, 'num_tensors': 98}
2026-08-26 11:23:48,859 [INFO]     [1 | both | 1](candidate_pairs: 48/48 | new_swaps: 15 | total: 33) -> {'max_bond': 28, 'max_links': 4, 'total_elems': 15680, 'total_shapes': 1336, 'total_links': 390, 'num_tensors': 98}
2026-08-26 11:23:48,967 [INFO]     [1 | left | 0](candidate_pairs: 49/49 | new_swaps: 15 | total: 48) -> {'max_bond': 16, 'max_links': 4, 'total_elems': 10548, 'total_shapes': 1162, 'total_links': 390, 'num_tensors': 98}
2026-08-26 11:23:49,069 [INFO]     [1 | left | 1](candidate_pairs: 48/48 | new_swaps: 9 | total: 57) -> {'max_bond': 14, 'max_links': 4, 'total_elems': 8972, 'total_shapes': 1088, 'total_links': 390, 'num_tensors': 98}
2026-08-26 11:23:49,163 [INFO]     [1 | right | 0](candidate_pairs: 49/49 | new_swaps: 5 | total: 62) -> {'max_bond': 14, 'max_links': 4, 'total_elems': 8480, 'total_shapes': 1056, 'total_links': 390, 'num_tensors': 98}
2026-08-26 11:23:49,253 [INFO]     [1 | right | 1](candidate_pairs: 48/48 | new_swaps: 1 | total: 63) -> {'max_bond': 14, 'max_links': 4, 'total_elems': 8440, 'total_shapes': 1052, 'total_links': 390, 'num_tensors': 98}
2026-08-26 11:23:49,428 [INFO]     [2 | both | 0](candidate_pairs: 49/49 | new_swaps: 12 | total: 12) -> {'max_bond': 14, 'max_links': 4, 'total_elems': 6448, 'total_shapes': 966, 'total_links': 390, 'num_tensors': 98}
2026-08-26 11:23:49,595 [INFO]     [2 | both | 1](candidate_pairs: 48/48 | new_swaps: 11 | total: 23) -> {'max_bond': 13, 'max_links': 4, 'total_elems': 4856, 'total_shapes': 894, 'total_links': 390, 'num_tensors': 98}
2026-08-26 11:23:49,685 [INFO]     [2 | left | 0](candidate_pairs: 49/49 | new_swaps: 3 | total: 26) -> {'max_bond': 13, 'max_links': 4, 'total_elems': 4752, 'total_shapes': 882, 'total_links': 390, 'num_tensors': 98}
2026-08-26 11:23:49,778 [INFO]     [2 | left | 1](candidate_pairs: 48/48 | new_swaps: 5 | total: 31) -> {'max_bond': 13, 'max_links': 4, 'total_elems': 4504, 'total_shapes': 856, 'total_links': 390, 'num_tensors': 98}
2026-08-26 11:23:49,848 [INFO]     [2 | right | 0](candidate_pairs: 49/49 | new_swaps: 1 | total: 32) -> {'max_bond': 13, 'max_links': 4, 'total_elems': 4232, 'total_shapes': 848, 'total_links': 390, 'num_tensors': 98}
2026-08-26 11:23:49,934 [INFO]     [2 | right | 1](candidate_pairs: 48/48 | new_swaps: 1 | total: 33) -> {'max_bond': 13, 'max_links': 4, 'total_elems': 4220, 'total_shapes': 846, 'total_links': 390, 'num_tensors': 98}
2026-08-26 11:23:50,096 [INFO]     [3 | both | 0](candidate_pairs: 49/49 | new_swaps: 7 | total: 7) -> {'max_bond': 13, 'max_links': 4, 'total_elems': 3344, 'total_shapes': 808, 'total_links': 390, 'num_tensors': 98}
2026-08-26 11:23:50,255 [INFO]     [3 | both | 1](candidate_pairs: 48/48 | new_swaps: 8 | total: 15) -> {'max_bond': 13, 'max_links': 4, 'total_elems': 1872, 'total_shapes': 750, 'total_links': 390, 'num_tensors': 98}
2026-08-26 11:23:50,341 [INFO]     [3 | left | 0](candidate_pairs: 49/49 | new_swaps: 2 | total: 17) -> {'max_bond': 5, 'max_links': 4, 'total_elems': 1576, 'total_shapes': 730, 'total_links': 390, 'num_tensors': 98}
2026-08-26 11:23:50,379 [INFO]     [3 | left | 1](candidate_pairs: 48/48 | new_swaps: 0 | total: 17) -> {'max_bond': 5, 'max_links': 4, 'total_elems': 1576, 'total_shapes': 730, 'total_links': 390, 'num_tensors': 98}
2026-08-26 11:23:50,463 [INFO]     [3 | right | 0](candidate_pairs: 49/49 | new_swaps: 2 | total: 19) -> {'max_bond': 5, 'max_links': 4, 'total_elems': 1464, 'total_shapes': 720, 'total_links': 390, 'num_tensors': 98}
2026-08-26 11:23:50,499 [INFO]     [3 | right | 1](candidate_pairs: 48/48 | new_swaps: 0 | total: 19) -> {'max_bond': 5, 'max_links': 4, 'total_elems': 1464, 'total_shapes': 720, 'total_links': 390, 'num_tensors': 98}
2026-08-26 11:23:50,650 [INFO]     [4 | both | 0](candidate_pairs: 49/49 | new_swaps: 1 | total: 1) -> {'max_bond': 5, 'max_links': 4, 'total_elems': 1452, 'total_shapes': 718, 'total_links': 390, 'num_tensors': 98}
2026-08-26 11:23:50,801 [INFO]     [4 | both | 1](candidate_pairs: 48/48 | new_swaps: 2 | total: 3) -> {'max_bond': 5, 'max_links': 4, 'total_elems': 1372, 'total_shapes': 710, 'total_links': 390, 'num_tensors': 98}
2026-08-26 11:23:50,838 [INFO]     [4 | left | 0](candidate_pairs: 49/49 | new_swaps: 0 | total: 3) -> {'max_bond': 5, 'max_links': 4, 'total_elems': 1372, 'total_shapes': 710, 'total_links': 390, 'num_tensors': 98}
2026-08-26 11:23:50,875 [INFO]     [4 | left | 1](candidate_pairs: 48/48 | new_swaps: 0 | total: 3) -> {'max_bond': 5, 'max_links': 4, 'total_elems': 1372, 'total_shapes': 710, 'total_links': 390, 'num_tensors': 98}
2026-08-26 11:23:50,911 [INFO]     [4 | right | 0](candidate_pairs: 49/49 | new_swaps: 0 | total: 3) -> {'max_bond': 5, 'max_links': 4, 'total_elems': 1372, 'total_shapes': 710, 'total_links': 390, 'num_tensors': 98}
2026-08-26 11:23:50,947 [INFO]     [4 | right | 1](candidate_pairs: 48/48 | new_swaps: 0 | total: 3) -> {'max_bond': 5, 'max_links': 4, 'total_elems': 1372, 'total_shapes': 710, 'total_links': 390, 'num_tensors': 98}
2026-08-26 11:23:51,082 [INFO]     [5 | both | 0](candidate_pairs: 49/49 | new_swaps: 1 | total: 1) -> {'max_bond': 5, 'max_links': 4, 'total_elems': 1312, 'total_shapes': 704, 'total_links': 390, 'num_tensors': 98}
2026-08-26 11:23:51,152 [INFO]     [5 | both | 1](candidate_pairs: 48/48 | new_swaps: 0 | total: 1) -> {'max_bond': 5, 'max_links': 4, 'total_elems': 1312, 'total_shapes': 704, 'total_links': 390, 'num_tensors': 98}
2026-08-26 11:23:51,190 [INFO]     [5 | left | 0](candidate_pairs: 49/49 | new_swaps: 0 | total: 1) -> {'max_bond': 5, 'max_links': 4, 'total_elems': 1312, 'total_shapes': 704, 'total_links': 390, 'num_tensors': 98}
2026-08-26 11:23:51,226 [INFO]     [5 | left | 1](candidate_pairs: 48/48 | new_swaps: 0 | total: 1) -> {'max_bond': 5, 'max_links': 4, 'total_elems': 1312, 'total_shapes': 704, 'total_links': 390, 'num_tensors': 98}
2026-08-26 11:23:51,262 [INFO]     [5 | right | 0](candidate_pairs: 49/49 | new_swaps: 0 | total: 1) -> {'max_bond': 5, 'max_links': 4, 'total_elems': 1312, 'total_shapes': 704, 'total_links': 390, 'num_tensors': 98}
2026-08-26 11:23:51,298 [INFO]     [5 | right | 1](candidate_pairs: 48/48 | new_swaps: 0 | total: 1) -> {'max_bond': 5, 'max_links': 4, 'total_elems': 1312, 'total_shapes': 704, 'total_links': 390, 'num_tensors': 98}
2026-08-26 11:23:51,369 [INFO]     [6 | both | 0](candidate_pairs: 49/49 | new_swaps: 0 | total: 0) -> {'max_bond': 5, 'max_links': 4, 'total_elems': 1312, 'total_shapes': 704, 'total_links': 390, 'num_tensors': 98}
2026-08-26 11:23:51,439 [INFO]     [6 | both | 1](candidate_pairs: 48/48 | new_swaps: 0 | total: 0) -> {'max_bond': 5, 'max_links': 4, 'total_elems': 1312, 'total_shapes': 704, 'total_links': 390, 'num_tensors': 98}
2026-08-26 11:23:51,476 [INFO]     [6 | left | 0](candidate_pairs: 49/49 | new_swaps: 0 | total: 0) -> {'max_bond': 5, 'max_links': 4, 'total_elems': 1312, 'total_shapes': 704, 'total_links': 390, 'num_tensors': 98}
2026-08-26 11:23:51,513 [INFO]     [6 | left | 1](candidate_pairs: 48/48 | new_swaps: 0 | total: 0) -> {'max_bond': 5, 'max_links': 4, 'total_elems': 1312, 'total_shapes': 704, 'total_links': 390, 'num_tensors': 98}
2026-08-26 11:23:51,549 [INFO]     [6 | right | 0](candidate_pairs: 49/49 | new_swaps: 0 | total: 0) -> {'max_bond': 5, 'max_links': 4, 'total_elems': 1312, 'total_shapes': 704, 'total_links': 390, 'num_tensors': 98}
2026-08-26 11:23:51,585 [INFO]     [6 | right | 1](candidate_pairs: 48/48 | new_swaps: 0 | total: 0) -> {'max_bond': 5, 'max_links': 4, 'total_elems': 1312, 'total_shapes': 704, 'total_links': 390, 'num_tensors': 98}
2026-08-26 11:23:51,585 [INFO]     [end unswap] -> {'max_bond': 5, 'max_links': 4, 'total_elems': 1312, 'total_shapes': 704, 'total_links': 390, 'num_tensors': 98}
2026-08-26 11:23:51,602 [INFO] [start rewire](phase=post_unswap, cycle=6, side=left, layers=2436, trials=20, seed=123, parallel=False, route_candidates=2, route_score=lookahead_total)
2026-08-26 11:24:02,709 [INFO] [end rewire](phase=post_unswap, cycle=6, side=left, routed_layers=2425, elapsed_s=11.11)
2026-08-26 11:24:02,710 [INFO] [start rewire](phase=post_unswap, cycle=6, side=right, layers=2302, trials=20, seed=123, parallel=False, route_candidates=2, route_score=lookahead_total)
2026-08-26 11:24:10,903 [INFO] [end rewire](phase=post_unswap, cycle=6, side=right, routed_layers=2333, elapsed_s=8.19)
2026-08-26 11:24:11,025 [INFO] [1L/2423](swap: 21, u: 0 | c_u: 0 | t_u_l: 18/992 | t_u_r: 4/992 | t_u: 22/1984) -> {'max_bond': 5, 'max_links': 4, 'total_elems': 1312, 'total_shapes': 704, 'total_links': 390, 'num_tensors': 98}
2026-08-26 11:24:11,126 [INFO] [2L/2423](swap: 19, u: 1 | c_u: 1 | t_u_l: 19/992 | t_u_r: 4/992 | t_u: 23/1984) -> {'max_bond': 8, 'max_links': 4, 'total_elems': 2180, 'total_shapes': 830, 'total_links': 390, 'num_tensors': 98}
2026-08-26 11:24:11,227 [INFO] [1R/2331](swap: 17, u: 0 | c_u: 1 | t_u_l: 19/992 | t_u_r: 4/992 | t_u: 23/1984) -> {'max_bond': 8, 'max_links': 4, 'total_elems': 3096, 'total_shapes': 894, 'total_links': 390, 'num_tensors': 98}
2026-08-26 11:24:11,328 [INFO] [3L/2423](swap: 18, u: 0 | c_u: 1 | t_u_l: 19/992 | t_u_r: 4/992 | t_u: 23/1984) -> {'max_bond': 16, 'max_links': 4, 'total_elems': 5672, 'total_shapes': 1062, 'total_links': 390, 'num_tensors': 98}
2026-08-26 11:24:11,431 [INFO] [2R/2331](swap: 18, u: 0 | c_u: 1 | t_u_l: 19/992 | t_u_r: 4/992 | t_u: 23/1984) -> {'max_bond': 32, 'max_links': 4, 'total_elems': 11148, 'total_shapes': 1272, 'total_links': 390, 'num_tensors': 98}
2026-08-26 11:24:11,540 [INFO] [3R/2331](swap: 17, u: 0 | c_u: 1 | t_u_l: 19/992 | t_u_r: 4/992 | t_u: 23/1984) -> {'max_bond': 32, 'max_links': 4, 'total_elems': 23264, 'total_shapes': 1488, 'total_links': 390, 'num_tensors': 98}
2026-08-26 11:24:11,663 [INFO] [4L/2423](swap: 20, u: 0 | c_u: 1 | t_u_l: 19/992 | t_u_r: 4/992 | t_u: 23/1984) -> {'max_bond': 94, 'max_links': 4, 'total_elems': 47156, 'total_shapes': 1852, 'total_links': 390, 'num_tensors': 98}
2026-08-26 11:24:11,813 [INFO] [5L/2423](swap: 19, u: 0 | c_u: 1 | t_u_l: 19/992 | t_u_r: 4/992 | t_u: 23/1984) -> {'max_bond': 92, 'max_links': 4, 'total_elems': 69360, 'total_shapes': 2180, 'total_links': 390, 'num_tensors': 98}
2026-08-26 11:24:14,531 [INFO] [4R/2331](swap: 17, u: 0 | c_u: 1 | t_u_l: 19/992 | t_u_r: 4/992 | t_u: 23/1984) -> {'max_bond': 86, 'max_links': 4, 'total_elems': 117244, 'total_shapes': 2546, 'total_links': 390, 'num_tensors': 98}
2026-08-26 11:24:14,870 [INFO] [5R/2331](swap: 15, u: 0 | c_u: 1 | t_u_l: 19/992 | t_u_r: 4/992 | t_u: 23/1984) -> {'max_bond': 95, 'max_links': 4, 'total_elems': 173836, 'total_shapes': 2996, 'total_links': 390, 'num_tensors': 98}
2026-08-26 11:24:15,320 [INFO] [6R/2331](swap: 16, u: 0 | c_u: 1 | t_u_l: 19/992 | t_u_r: 4/992 | t_u: 23/1984) -> {'max_bond': 288, 'max_links': 4, 'total_elems': 337588, 'total_shapes': 3826, 'total_links': 390, 'num_tensors': 98}
2026-08-26 11:24:16,372 [INFO] [7R/2331](swap: 17, u: 0 | c_u: 1 | t_u_l: 19/992 | t_u_r: 4/992 | t_u: 23/1984) -> {'max_bond': 266, 'max_links': 4, 'total_elems': 600664, 'total_shapes': 4416, 'total_links': 390, 'num_tensors': 98}
2026-08-26 11:24:18,043 [INFO] [8R/2331](swap: 16, u: 0 | c_u: 1 | t_u_l: 19/992 | t_u_r: 4/992 | t_u: 23/1984) -> {'max_bond': 255, 'max_links': 4, 'total_elems': 640384, 'total_shapes': 4832, 'total_links': 390, 'num_tensors': 98}
2026-08-26 11:24:19,259 [INFO] [6L/2423](swap: 18, u: 0 | c_u: 1 | t_u_l: 19/992 | t_u_r: 4/992 | t_u: 23/1984) -> {'max_bond': 253, 'max_links': 4, 'total_elems': 926188, 'total_shapes': 5740, 'total_links': 390, 'num_tensors': 98}
2026-08-26 11:24:21,093 [INFO]     [start unswap] -> {'max_bond': 253, 'max_links': 4, 'total_elems': 926188, 'total_shapes': 5740, 'total_links': 390, 'num_tensors': 98}
2026-08-26 11:24:26,684 [INFO]     [0 | both | 0](candidate_pairs: 49/49 | new_swaps: 13 | total: 13) -> {'max_bond': 245, 'max_links': 4, 'total_elems': 820832, 'total_shapes': 5462, 'total_links': 390, 'num_tensors': 98}
2026-08-26 11:24:41,351 [INFO]     [0 | both | 1](candidate_pairs: 48/48 | new_swaps: 21 | total: 34) -> {'max_bond': 240, 'max_links': 4, 'total_elems': 686072, 'total_shapes': 4444, 'total_links': 390, 'num_tensors': 98}
2026-08-26 11:24:44,258 [INFO]     [0 | left | 0](candidate_pairs: 49/49 | new_swaps: 21 | total: 55) -> {'max_bond': 233, 'max_links': 4, 'total_elems': 477764, 'total_shapes': 3614, 'total_links': 390, 'num_tensors': 98}
2026-08-26 11:24:47,107 [INFO]     [0 | left | 1](candidate_pairs: 48/48 | new_swaps: 23 | total: 78) -> {'max_bond': 229, 'max_links': 4, 'total_elems': 186024, 'total_shapes': 2740, 'total_links': 390, 'num_tensors': 98}
2026-08-26 11:24:47,530 [INFO]     [0 | right | 0](candidate_pairs: 49/49 | new_swaps: 12 | total: 90) -> {'max_bond': 61, 'max_links': 4, 'total_elems': 77256, 'total_shapes': 2082, 'total_links': 390, 'num_tensors': 98}
2026-08-26 11:24:47,777 [INFO]     [0 | right | 1](candidate_pairs: 48/48 | new_swaps: 11 | total: 101) -> {'max_bond': 60, 'max_links': 4, 'total_elems': 32992, 'total_shapes': 1746, 'total_links': 390, 'num_tensors': 98}
2026-08-26 11:24:47,983 [INFO]     [1 | both | 0](candidate_pairs: 49/49 | new_swaps: 16 | total: 16) -> {'max_bond': 16, 'max_links': 4, 'total_elems': 13168, 'total_shapes': 1338, 'total_links': 390, 'num_tensors': 98}
2026-08-26 11:24:48,161 [INFO]     [1 | both | 1](candidate_pairs: 48/48 | new_swaps: 11 | total: 27) -> {'max_bond': 16, 'max_links': 4, 'total_elems': 10736, 'total_shapes': 1228, 'total_links': 390, 'num_tensors': 98}
2026-08-26 11:24:48,263 [INFO]     [1 | left | 0](candidate_pairs: 49/49 | new_swaps: 10 | total: 37) -> {'max_bond': 16, 'max_links': 4, 'total_elems': 8276, 'total_shapes': 1142, 'total_links': 390, 'num_tensors': 98}
2026-08-26 11:24:48,365 [INFO]     [1 | left | 1](candidate_pairs: 48/48 | new_swaps: 13 | total: 50) -> {'max_bond': 12, 'max_links': 4, 'total_elems': 5488, 'total_shapes': 1006, 'total_links': 390, 'num_tensors': 98}
2026-08-26 11:24:48,458 [INFO]     [1 | right | 0](candidate_pairs: 49/49 | new_swaps: 7 | total: 57) -> {'max_bond': 12, 'max_links': 4, 'total_elems': 5004, 'total_shapes': 962, 'total_links': 390, 'num_tensors': 98}
2026-08-26 11:24:48,549 [INFO]     [1 | right | 1](candidate_pairs: 48/48 | new_swaps: 5 | total: 62) -> {'max_bond': 12, 'max_links': 4, 'total_elems': 4212, 'total_shapes': 924, 'total_links': 390, 'num_tensors': 98}
2026-08-26 11:24:48,716 [INFO]     [2 | both | 0](candidate_pairs: 49/49 | new_swaps: 11 | total: 11) -> {'max_bond': 12, 'max_links': 4, 'total_elems': 2904, 'total_shapes': 854, 'total_links': 390, 'num_tensors': 98}
2026-08-26 11:24:48,878 [INFO]     [2 | both | 1](candidate_pairs: 48/48 | new_swaps: 10 | total: 21) -> {'max_bond': 12, 'max_links': 4, 'total_elems': 2496, 'total_shapes': 816, 'total_links': 390, 'num_tensors': 98}
2026-08-26 11:24:48,967 [INFO]     [2 | left | 0](candidate_pairs: 49/49 | new_swaps: 4 | total: 25) -> {'max_bond': 12, 'max_links': 4, 'total_elems': 2308, 'total_shapes': 796, 'total_links': 390, 'num_tensors': 98}
2026-08-26 11:24:49,058 [INFO]     [2 | left | 1](candidate_pairs: 48/48 | new_swaps: 5 | total: 30) -> {'max_bond': 8, 'max_links': 4, 'total_elems': 1804, 'total_shapes': 766, 'total_links': 390, 'num_tensors': 98}
2026-08-26 11:24:49,143 [INFO]     [2 | right | 0](candidate_pairs: 49/49 | new_swaps: 2 | total: 32) -> {'max_bond': 8, 'max_links': 4, 'total_elems': 1724, 'total_shapes': 756, 'total_links': 390, 'num_tensors': 98}
2026-08-26 11:24:49,179 [INFO]     [2 | right | 1](candidate_pairs: 48/48 | new_swaps: 0 | total: 32) -> {'max_bond': 8, 'max_links': 4, 'total_elems': 1724, 'total_shapes': 756, 'total_links': 390, 'num_tensors': 98}
2026-08-26 11:24:49,336 [INFO]     [3 | both | 0](candidate_pairs: 49/49 | new_swaps: 6 | total: 6) -> {'max_bond': 7, 'max_links': 4, 'total_elems': 1528, 'total_shapes': 736, 'total_links': 390, 'num_tensors': 98}
2026-08-26 11:24:49,491 [INFO]     [3 | both | 1](candidate_pairs: 48/48 | new_swaps: 4 | total: 10) -> {'max_bond': 7, 'max_links': 4, 'total_elems': 1444, 'total_shapes': 726, 'total_links': 390, 'num_tensors': 98}
2026-08-26 11:24:49,529 [INFO]     [3 | left | 0](candidate_pairs: 49/49 | new_swaps: 0 | total: 10) -> {'max_bond': 7, 'max_links': 4, 'total_elems': 1444, 'total_shapes': 726, 'total_links': 390, 'num_tensors': 98}
2026-08-26 11:24:49,567 [INFO]     [3 | left | 1](candidate_pairs: 48/48 | new_swaps: 0 | total: 10) -> {'max_bond': 7, 'max_links': 4, 'total_elems': 1444, 'total_shapes': 726, 'total_links': 390, 'num_tensors': 98}
2026-08-26 11:24:49,604 [INFO]     [3 | right | 0](candidate_pairs: 49/49 | new_swaps: 0 | total: 10) -> {'max_bond': 7, 'max_links': 4, 'total_elems': 1444, 'total_shapes': 726, 'total_links': 390, 'num_tensors': 98}
2026-08-26 11:24:49,672 [INFO]     [3 | right | 1](candidate_pairs: 48/48 | new_swaps: 1 | total: 11) -> {'max_bond': 7, 'max_links': 4, 'total_elems': 1384, 'total_shapes': 720, 'total_links': 390, 'num_tensors': 98}
2026-08-26 11:24:49,830 [INFO]     [4 | both | 0](candidate_pairs: 49/49 | new_swaps: 8 | total: 8) -> {'max_bond': 6, 'max_links': 4, 'total_elems': 1076, 'total_shapes': 692, 'total_links': 390, 'num_tensors': 98}
2026-08-26 11:24:49,984 [INFO]     [4 | both | 1](candidate_pairs: 48/48 | new_swaps: 4 | total: 12) -> {'max_bond': 6, 'max_links': 4, 'total_elems': 1000, 'total_shapes': 682, 'total_links': 390, 'num_tensors': 98}
2026-08-26 11:24:50,021 [INFO]     [4 | left | 0](candidate_pairs: 49/49 | new_swaps: 0 | total: 12) -> {'max_bond': 6, 'max_links': 4, 'total_elems': 1000, 'total_shapes': 682, 'total_links': 390, 'num_tensors': 98}
2026-08-26 11:24:50,058 [INFO]     [4 | left | 1](candidate_pairs: 48/48 | new_swaps: 0 | total: 12) -> {'max_bond': 6, 'max_links': 4, 'total_elems': 1000, 'total_shapes': 682, 'total_links': 390, 'num_tensors': 98}
2026-08-26 11:24:50,095 [INFO]     [4 | right | 0](candidate_pairs: 49/49 | new_swaps: 0 | total: 12) -> {'max_bond': 6, 'max_links': 4, 'total_elems': 1000, 'total_shapes': 682, 'total_links': 390, 'num_tensors': 98}
2026-08-26 11:24:50,131 [INFO]     [4 | right | 1](candidate_pairs: 48/48 | new_swaps: 0 | total: 12) -> {'max_bond': 6, 'max_links': 4, 'total_elems': 1000, 'total_shapes': 682, 'total_links': 390, 'num_tensors': 98}
2026-08-26 11:24:50,284 [INFO]     [5 | both | 0](candidate_pairs: 49/49 | new_swaps: 3 | total: 3) -> {'max_bond': 6, 'max_links': 4, 'total_elems': 960, 'total_shapes': 676, 'total_links': 390, 'num_tensors': 98}
2026-08-26 11:24:50,355 [INFO]     [5 | both | 1](candidate_pairs: 48/48 | new_swaps: 0 | total: 3) -> {'max_bond': 6, 'max_links': 4, 'total_elems': 960, 'total_shapes': 676, 'total_links': 390, 'num_tensors': 98}
2026-08-26 11:24:50,392 [INFO]     [5 | left | 0](candidate_pairs: 49/49 | new_swaps: 0 | total: 3) -> {'max_bond': 6, 'max_links': 4, 'total_elems': 960, 'total_shapes': 676, 'total_links': 390, 'num_tensors': 98}
2026-08-26 11:24:50,429 [INFO]     [5 | left | 1](candidate_pairs: 48/48 | new_swaps: 0 | total: 3) -> {'max_bond': 6, 'max_links': 4, 'total_elems': 960, 'total_shapes': 676, 'total_links': 390, 'num_tensors': 98}
2026-08-26 11:24:50,465 [INFO]     [5 | right | 0](candidate_pairs: 49/49 | new_swaps: 0 | total: 3) -> {'max_bond': 6, 'max_links': 4, 'total_elems': 960, 'total_shapes': 676, 'total_links': 390, 'num_tensors': 98}
2026-08-26 11:24:50,500 [INFO]     [5 | right | 1](candidate_pairs: 48/48 | new_swaps: 0 | total: 3) -> {'max_bond': 6, 'max_links': 4, 'total_elems': 960, 'total_shapes': 676, 'total_links': 390, 'num_tensors': 98}
2026-08-26 11:24:50,571 [INFO]     [6 | both | 0](candidate_pairs: 49/49 | new_swaps: 0 | total: 0) -> {'max_bond': 6, 'max_links': 4, 'total_elems': 960, 'total_shapes': 676, 'total_links': 390, 'num_tensors': 98}
2026-08-26 11:24:50,641 [INFO]     [6 | both | 1](candidate_pairs: 48/48 | new_swaps: 0 | total: 0) -> {'max_bond': 6, 'max_links': 4, 'total_elems': 960, 'total_shapes': 676, 'total_links': 390, 'num_tensors': 98}
2026-08-26 11:24:50,678 [INFO]     [6 | left | 0](candidate_pairs: 49/49 | new_swaps: 0 | total: 0) -> {'max_bond': 6, 'max_links': 4, 'total_elems': 960, 'total_shapes': 676, 'total_links': 390, 'num_tensors': 98}
2026-08-26 11:24:50,716 [INFO]     [6 | left | 1](candidate_pairs: 48/48 | new_swaps: 0 | total: 0) -> {'max_bond': 6, 'max_links': 4, 'total_elems': 960, 'total_shapes': 676, 'total_links': 390, 'num_tensors': 98}
2026-08-26 11:24:50,752 [INFO]     [6 | right | 0](candidate_pairs: 49/49 | new_swaps: 0 | total: 0) -> {'max_bond': 6, 'max_links': 4, 'total_elems': 960, 'total_shapes': 676, 'total_links': 390, 'num_tensors': 98}
2026-08-26 11:24:50,788 [INFO]     [6 | right | 1](candidate_pairs: 48/48 | new_swaps: 0 | total: 0) -> {'max_bond': 6, 'max_links': 4, 'total_elems': 960, 'total_shapes': 676, 'total_links': 390, 'num_tensors': 98}
2026-08-26 11:24:50,789 [INFO]     [end unswap] -> {'max_bond': 6, 'max_links': 4, 'total_elems': 960, 'total_shapes': 676, 'total_links': 390, 'num_tensors': 98}
2026-08-26 11:24:50,807 [INFO] [start rewire](phase=post_unswap, cycle=7, side=left, layers=2419, trials=20, seed=123, parallel=False, route_candidates=2, route_score=lookahead_total)
2026-08-26 11:24:59,113 [INFO] [end rewire](phase=post_unswap, cycle=7, side=left, routed_layers=2184, elapsed_s=8.31)
2026-08-26 11:24:59,113 [INFO] [start rewire](phase=post_unswap, cycle=7, side=right, layers=2325, trials=20, seed=123, parallel=False, route_candidates=2, route_score=lookahead_total)
2026-08-26 11:25:07,471 [INFO] [end rewire](phase=post_unswap, cycle=7, side=right, routed_layers=2276, elapsed_s=8.36)
2026-08-26 11:25:07,595 [INFO] [1L/2182](swap: 21, u: 0 | c_u: 0 | t_u_l: 19/992 | t_u_r: 4/992 | t_u: 23/1984) -> {'max_bond': 6, 'max_links': 4, 'total_elems': 960, 'total_shapes': 676, 'total_links': 390, 'num_tensors': 98}
2026-08-26 11:25:07,694 [INFO] [1R/2274](swap: 18, u: 0 | c_u: 0 | t_u_l: 19/992 | t_u_r: 4/992 | t_u: 23/1984) -> {'max_bond': 8, 'max_links': 4, 'total_elems': 1576, 'total_shapes': 776, 'total_links': 390, 'num_tensors': 98}
2026-08-26 11:25:07,794 [INFO] [2L/2182](swap: 24, u: 0 | c_u: 0 | t_u_l: 19/992 | t_u_r: 4/992 | t_u: 23/1984) -> {'max_bond': 8, 'max_links': 4, 'total_elems': 2632, 'total_shapes': 880, 'total_links': 390, 'num_tensors': 98}
2026-08-26 11:25:07,896 [INFO] [3L/2182](swap: 23, u: 0 | c_u: 0 | t_u_l: 19/992 | t_u_r: 4/992 | t_u: 23/1984) -> {'max_bond': 16, 'max_links': 4, 'total_elems': 5472, 'total_shapes': 1074, 'total_links': 390, 'num_tensors': 98}
2026-08-26 11:25:07,999 [INFO] [2R/2274](swap: 22, u: 0 | c_u: 0 | t_u_l: 19/992 | t_u_r: 4/992 | t_u: 23/1984) -> {'max_bond': 16, 'max_links': 4, 'total_elems': 11044, 'total_shapes': 1288, 'total_links': 390, 'num_tensors': 98}
2026-08-26 11:25:08,106 [INFO] [4L/2182](swap: 21, u: 0 | c_u: 0 | t_u_l: 19/992 | t_u_r: 4/992 | t_u: 23/1984) -> {'max_bond': 16, 'max_links': 4, 'total_elems': 18724, 'total_shapes': 1530, 'total_links': 390, 'num_tensors': 98}
2026-08-26 11:25:08,221 [INFO] [3R/2274](swap: 18, u: 0 | c_u: 0 | t_u_l: 19/992 | t_u_r: 4/992 | t_u: 23/1984) -> {'max_bond': 58, 'max_links': 4, 'total_elems': 34096, 'total_shapes': 1844, 'total_links': 390, 'num_tensors': 98}
2026-08-26 11:25:08,359 [INFO] [4R/2274](swap: 17, u: 1 | c_u: 1 | t_u_l: 19/992 | t_u_r: 5/992 | t_u: 24/1984) -> {'max_bond': 64, 'max_links': 4, 'total_elems': 61516, 'total_shapes': 2192, 'total_links': 390, 'num_tensors': 98}
2026-08-26 11:25:08,534 [INFO] [5R/2274](swap: 16, u: 1 | c_u: 2 | t_u_l: 19/992 | t_u_r: 6/992 | t_u: 25/1984) -> {'max_bond': 64, 'max_links': 4, 'total_elems': 93580, 'total_shapes': 2562, 'total_links': 390, 'num_tensors': 98}
2026-08-26 11:25:08,737 [INFO] [6R/2274](swap: 14, u: 0 | c_u: 2 | t_u_l: 19/992 | t_u_r: 6/992 | t_u: 25/1984) -> {'max_bond': 64, 'max_links': 4, 'total_elems': 112380, 'total_shapes': 2918, 'total_links': 390, 'num_tensors': 98}
2026-08-26 11:25:08,946 [INFO] [7R/2274](swap: 12, u: 1 | c_u: 3 | t_u_l: 19/992 | t_u_r: 7/992 | t_u: 26/1984) -> {'max_bond': 64, 'max_links': 4, 'total_elems': 137128, 'total_shapes': 3200, 'total_links': 390, 'num_tensors': 98}
2026-08-26 11:25:09,173 [INFO] [8R/2274](swap: 13, u: 0 | c_u: 3 | t_u_l: 19/992 | t_u_r: 7/992 | t_u: 26/1984) -> {'max_bond': 128, 'max_links': 4, 'total_elems': 185812, 'total_shapes': 3624, 'total_links': 390, 'num_tensors': 98}
2026-08-26 11:25:09,489 [INFO] [5L/2182](swap: 20, u: 0 | c_u: 3 | t_u_l: 19/992 | t_u_r: 7/992 | t_u: 26/1984) -> {'max_bond': 128, 'max_links': 4, 'total_elems': 263412, 'total_shapes': 4286, 'total_links': 390, 'num_tensors': 98}
2026-08-26 11:25:09,926 [INFO] [9R/2274](swap: 15, u: 0 | c_u: 3 | t_u_l: 19/992 | t_u_r: 7/992 | t_u: 26/1984) -> {'max_bond': 128, 'max_links': 4, 'total_elems': 381364, 'total_shapes': 5044, 'total_links': 390, 'num_tensors': 98}
2026-08-26 11:25:10,505 [INFO] [6L/2182](swap: 19, u: 0 | c_u: 3 | t_u_l: 19/992 | t_u_r: 7/992 | t_u: 26/1984) -> {'max_bond': 216, 'max_links': 4, 'total_elems': 592304, 'total_shapes': 6164, 'total_links': 390, 'num_tensors': 98}
2026-08-26 11:25:11,653 [INFO] [10R/2274](swap: 12, u: 0 | c_u: 3 | t_u_l: 19/992 | t_u_r: 7/992 | t_u: 26/1984) -> {'max_bond': 228, 'max_links': 4, 'total_elems': 881152, 'total_shapes': 7512, 'total_links': 390, 'num_tensors': 98}
2026-08-26 11:25:13,342 [INFO]     [start unswap] -> {'max_bond': 228, 'max_links': 4, 'total_elems': 881152, 'total_shapes': 7512, 'total_links': 390, 'num_tensors': 98}
2026-08-26 11:25:24,231 [INFO]     [0 | both | 0](candidate_pairs: 49/49 | new_swaps: 15 | total: 15) -> {'max_bond': 204, 'max_links': 4, 'total_elems': 748908, 'total_shapes': 7160, 'total_links': 390, 'num_tensors': 98}
2026-08-26 11:25:27,046 [INFO]     [0 | both | 1](candidate_pairs: 48/48 | new_swaps: 20 | total: 35) -> {'max_bond': 128, 'max_links': 4, 'total_elems': 360648, 'total_shapes': 5062, 'total_links': 390, 'num_tensors': 98}
2026-08-26 11:25:27,788 [INFO]     [0 | left | 0](candidate_pairs: 49/49 | new_swaps: 15 | total: 50) -> {'max_bond': 102, 'max_links': 4, 'total_elems': 228480, 'total_shapes': 4200, 'total_links': 390, 'num_tensors': 98}
2026-08-26 11:25:28,234 [INFO]     [0 | left | 1](candidate_pairs: 48/48 | new_swaps: 24 | total: 74) -> {'max_bond': 64, 'max_links': 4, 'total_elems': 110144, 'total_shapes': 3146, 'total_links': 390, 'num_tensors': 98}
2026-08-26 11:25:28,444 [INFO]     [0 | right | 0](candidate_pairs: 49/49 | new_swaps: 15 | total: 89) -> {'max_bond': 51, 'max_links': 4, 'total_elems': 76900, 'total_shapes': 2618, 'total_links': 390, 'num_tensors': 98}
2026-08-26 11:25:28,631 [INFO]     [0 | right | 1](candidate_pairs: 48/48 | new_swaps: 19 | total: 108) -> {'max_bond': 51, 'max_links': 4, 'total_elems': 45072, 'total_shapes': 2200, 'total_links': 390, 'num_tensors': 98}
2026-08-26 11:25:28,864 [INFO]     [1 | both | 0](candidate_pairs: 49/49 | new_swaps: 25 | total: 25) -> {'max_bond': 27, 'max_links': 4, 'total_elems': 20392, 'total_shapes': 1640, 'total_links': 390, 'num_tensors': 98}
2026-08-26 11:25:29,054 [INFO]     [1 | both | 1](candidate_pairs: 48/48 | new_swaps: 11 | total: 36) -> {'max_bond': 16, 'max_links': 4, 'total_elems': 16116, 'total_shapes': 1492, 'total_links': 390, 'num_tensors': 98}
2026-08-26 11:25:29,161 [INFO]     [1 | left | 0](candidate_pairs: 49/49 | new_swaps: 14 | total: 50) -> {'max_bond': 16, 'max_links': 4, 'total_elems': 11772, 'total_shapes': 1320, 'total_links': 390, 'num_tensors': 98}
2026-08-26 11:25:29,265 [INFO]     [1 | left | 1](candidate_pairs: 48/48 | new_swaps: 13 | total: 63) -> {'max_bond': 16, 'max_links': 4, 'total_elems': 8696, 'total_shapes': 1194, 'total_links': 390, 'num_tensors': 98}
2026-08-26 11:25:29,360 [INFO]     [1 | right | 0](candidate_pairs: 49/49 | new_swaps: 8 | total: 71) -> {'max_bond': 12, 'max_links': 4, 'total_elems': 7464, 'total_shapes': 1132, 'total_links': 390, 'num_tensors': 98}
2026-08-26 11:25:29,453 [INFO]     [1 | right | 1](candidate_pairs: 48/48 | new_swaps: 5 | total: 76) -> {'max_bond': 12, 'max_links': 4, 'total_elems': 6392, 'total_shapes': 1090, 'total_links': 390, 'num_tensors': 98}
2026-08-26 11:25:29,622 [INFO]     [2 | both | 0](candidate_pairs: 49/49 | new_swaps: 11 | total: 11) -> {'max_bond': 10, 'max_links': 4, 'total_elems': 4968, 'total_shapes': 1010, 'total_links': 390, 'num_tensors': 98}
2026-08-26 11:25:29,786 [INFO]     [2 | both | 1](candidate_pairs: 48/48 | new_swaps: 9 | total: 20) -> {'max_bond': 10, 'max_links': 4, 'total_elems': 4132, 'total_shapes': 950, 'total_links': 390, 'num_tensors': 98}
2026-08-26 11:25:29,879 [INFO]     [2 | left | 0](candidate_pairs: 49/49 | new_swaps: 6 | total: 26) -> {'max_bond': 10, 'max_links': 4, 'total_elems': 3836, 'total_shapes': 924, 'total_links': 390, 'num_tensors': 98}
2026-08-26 11:25:29,970 [INFO]     [2 | left | 1](candidate_pairs: 48/48 | new_swaps: 3 | total: 29) -> {'max_bond': 8, 'max_links': 4, 'total_elems': 3520, 'total_shapes': 902, 'total_links': 390, 'num_tensors': 98}
2026-08-26 11:25:30,057 [INFO]     [2 | right | 0](candidate_pairs: 49/49 | new_swaps: 3 | total: 32) -> {'max_bond': 8, 'max_links': 4, 'total_elems': 3348, 'total_shapes': 888, 'total_links': 390, 'num_tensors': 98}
2026-08-26 11:25:30,144 [INFO]     [2 | right | 1](candidate_pairs: 48/48 | new_swaps: 2 | total: 34) -> {'max_bond': 8, 'max_links': 4, 'total_elems': 3144, 'total_shapes': 874, 'total_links': 390, 'num_tensors': 98}
2026-08-26 11:25:30,303 [INFO]     [3 | both | 0](candidate_pairs: 49/49 | new_swaps: 6 | total: 6) -> {'max_bond': 8, 'max_links': 4, 'total_elems': 2772, 'total_shapes': 844, 'total_links': 390, 'num_tensors': 98}
2026-08-26 11:25:30,463 [INFO]     [3 | both | 1](candidate_pairs: 48/48 | new_swaps: 7 | total: 13) -> {'max_bond': 8, 'max_links': 4, 'total_elems': 2508, 'total_shapes': 822, 'total_links': 390, 'num_tensors': 98}
2026-08-26 11:25:30,501 [INFO]     [3 | left | 0](candidate_pairs: 49/49 | new_swaps: 0 | total: 13) -> {'max_bond': 8, 'max_links': 4, 'total_elems': 2508, 'total_shapes': 822, 'total_links': 390, 'num_tensors': 98}
2026-08-26 11:25:30,588 [INFO]     [3 | left | 1](candidate_pairs: 48/48 | new_swaps: 1 | total: 14) -> {'max_bond': 8, 'max_links': 4, 'total_elems': 2472, 'total_shapes': 816, 'total_links': 390, 'num_tensors': 98}
2026-08-26 11:25:30,675 [INFO]     [3 | right | 0](candidate_pairs: 49/49 | new_swaps: 2 | total: 16) -> {'max_bond': 8, 'max_links': 4, 'total_elems': 2256, 'total_shapes': 804, 'total_links': 390, 'num_tensors': 98}
2026-08-26 11:25:30,761 [INFO]     [3 | right | 1](candidate_pairs: 48/48 | new_swaps: 2 | total: 18) -> {'max_bond': 4, 'max_links': 4, 'total_elems': 1992, 'total_shapes': 786, 'total_links': 390, 'num_tensors': 98}
2026-08-26 11:25:30,917 [INFO]     [4 | both | 0](candidate_pairs: 49/49 | new_swaps: 5 | total: 5) -> {'max_bond': 4, 'max_links': 4, 'total_elems': 1776, 'total_shapes': 766, 'total_links': 390, 'num_tensors': 98}
2026-08-26 11:25:31,071 [INFO]     [4 | both | 1](candidate_pairs: 48/48 | new_swaps: 3 | total: 8) -> {'max_bond': 4, 'max_links': 4, 'total_elems': 1648, 'total_shapes': 754, 'total_links': 390, 'num_tensors': 98}
2026-08-26 11:25:31,159 [INFO]     [4 | left | 0](candidate_pairs: 49/49 | new_swaps: 2 | total: 10) -> {'max_bond': 4, 'max_links': 4, 'total_elems': 1584, 'total_shapes': 748, 'total_links': 390, 'num_tensors': 98}
2026-08-26 11:25:31,246 [INFO]     [4 | left | 1](candidate_pairs: 48/48 | new_swaps: 1 | total: 11) -> {'max_bond': 4, 'max_links': 4, 'total_elems': 1560, 'total_shapes': 744, 'total_links': 390, 'num_tensors': 98}
2026-08-26 11:25:31,331 [INFO]     [4 | right | 0](candidate_pairs: 49/49 | new_swaps: 1 | total: 12) -> {'max_bond': 4, 'max_links': 4, 'total_elems': 1512, 'total_shapes': 740, 'total_links': 390, 'num_tensors': 98}
2026-08-26 11:25:31,368 [INFO]     [4 | right | 1](candidate_pairs: 48/48 | new_swaps: 0 | total: 12) -> {'max_bond': 4, 'max_links': 4, 'total_elems': 1512, 'total_shapes': 740, 'total_links': 390, 'num_tensors': 98}
2026-08-26 11:25:31,521 [INFO]     [5 | both | 0](candidate_pairs: 49/49 | new_swaps: 1 | total: 1) -> {'max_bond': 4, 'max_links': 4, 'total_elems': 1464, 'total_shapes': 736, 'total_links': 390, 'num_tensors': 98}
2026-08-26 11:25:31,658 [INFO]     [5 | both | 1](candidate_pairs: 48/48 | new_swaps: 1 | total: 2) -> {'max_bond': 4, 'max_links': 4, 'total_elems': 1452, 'total_shapes': 734, 'total_links': 390, 'num_tensors': 98}
2026-08-26 11:25:31,695 [INFO]     [5 | left | 0](candidate_pairs: 49/49 | new_swaps: 0 | total: 2) -> {'max_bond': 4, 'max_links': 4, 'total_elems': 1452, 'total_shapes': 734, 'total_links': 390, 'num_tensors': 98}
2026-08-26 11:25:31,733 [INFO]     [5 | left | 1](candidate_pairs: 48/48 | new_swaps: 0 | total: 2) -> {'max_bond': 4, 'max_links': 4, 'total_elems': 1452, 'total_shapes': 734, 'total_links': 390, 'num_tensors': 98}
2026-08-26 11:25:31,769 [INFO]     [5 | right | 0](candidate_pairs: 49/49 | new_swaps: 0 | total: 2) -> {'max_bond': 4, 'max_links': 4, 'total_elems': 1452, 'total_shapes': 734, 'total_links': 390, 'num_tensors': 98}
2026-08-26 11:25:31,853 [INFO]     [5 | right | 1](candidate_pairs: 48/48 | new_swaps: 1 | total: 3) -> {'max_bond': 4, 'max_links': 4, 'total_elems': 1404, 'total_shapes': 730, 'total_links': 390, 'num_tensors': 98}
2026-08-26 11:25:31,925 [INFO]     [6 | both | 0](candidate_pairs: 49/49 | new_swaps: 0 | total: 0) -> {'max_bond': 4, 'max_links': 4, 'total_elems': 1404, 'total_shapes': 730, 'total_links': 390, 'num_tensors': 98}
2026-08-26 11:25:31,995 [INFO]     [6 | both | 1](candidate_pairs: 48/48 | new_swaps: 0 | total: 0) -> {'max_bond': 4, 'max_links': 4, 'total_elems': 1404, 'total_shapes': 730, 'total_links': 390, 'num_tensors': 98}
2026-08-26 11:25:32,031 [INFO]     [6 | left | 0](candidate_pairs: 49/49 | new_swaps: 0 | total: 0) -> {'max_bond': 4, 'max_links': 4, 'total_elems': 1404, 'total_shapes': 730, 'total_links': 390, 'num_tensors': 98}
2026-08-26 11:25:32,068 [INFO]     [6 | left | 1](candidate_pairs: 48/48 | new_swaps: 0 | total: 0) -> {'max_bond': 4, 'max_links': 4, 'total_elems': 1404, 'total_shapes': 730, 'total_links': 390, 'num_tensors': 98}
2026-08-26 11:25:32,152 [INFO]     [6 | right | 0](candidate_pairs: 49/49 | new_swaps: 1 | total: 1) -> {'max_bond': 4, 'max_links': 4, 'total_elems': 1356, 'total_shapes': 724, 'total_links': 390, 'num_tensors': 98}
2026-08-26 11:25:32,188 [INFO]     [6 | right | 1](candidate_pairs: 48/48 | new_swaps: 0 | total: 1) -> {'max_bond': 4, 'max_links': 4, 'total_elems': 1356, 'total_shapes': 724, 'total_links': 390, 'num_tensors': 98}
2026-08-26 11:25:32,259 [INFO]     [7 | both | 0](candidate_pairs: 49/49 | new_swaps: 0 | total: 0) -> {'max_bond': 4, 'max_links': 4, 'total_elems': 1356, 'total_shapes': 724, 'total_links': 390, 'num_tensors': 98}
2026-08-26 11:25:32,329 [INFO]     [7 | both | 1](candidate_pairs: 48/48 | new_swaps: 0 | total: 0) -> {'max_bond': 4, 'max_links': 4, 'total_elems': 1356, 'total_shapes': 724, 'total_links': 390, 'num_tensors': 98}
2026-08-26 11:25:32,366 [INFO]     [7 | left | 0](candidate_pairs: 49/49 | new_swaps: 0 | total: 0) -> {'max_bond': 4, 'max_links': 4, 'total_elems': 1356, 'total_shapes': 724, 'total_links': 390, 'num_tensors': 98}
2026-08-26 11:25:32,403 [INFO]     [7 | left | 1](candidate_pairs: 48/48 | new_swaps: 0 | total: 0) -> {'max_bond': 4, 'max_links': 4, 'total_elems': 1356, 'total_shapes': 724, 'total_links': 390, 'num_tensors': 98}
2026-08-26 11:25:32,439 [INFO]     [7 | right | 0](candidate_pairs: 49/49 | new_swaps: 0 | total: 0) -> {'max_bond': 4, 'max_links': 4, 'total_elems': 1356, 'total_shapes': 724, 'total_links': 390, 'num_tensors': 98}
2026-08-26 11:25:32,475 [INFO]     [7 | right | 1](candidate_pairs: 48/48 | new_swaps: 0 | total: 0) -> {'max_bond': 4, 'max_links': 4, 'total_elems': 1356, 'total_shapes': 724, 'total_links': 390, 'num_tensors': 98}
2026-08-26 11:25:32,475 [INFO]     [end unswap] -> {'max_bond': 4, 'max_links': 4, 'total_elems': 1356, 'total_shapes': 724, 'total_links': 390, 'num_tensors': 98}
2026-08-26 11:25:32,499 [INFO] [start rewire](phase=post_unswap, cycle=8, side=left, layers=2178, trials=20, seed=123, parallel=False, route_candidates=2, route_score=lookahead_total)
2026-08-26 11:25:43,224 [INFO] [end rewire](phase=post_unswap, cycle=8, side=left, routed_layers=2534, elapsed_s=10.73)
2026-08-26 11:25:43,225 [INFO] [start rewire](phase=post_unswap, cycle=8, side=right, layers=2266, trials=20, seed=123, parallel=False, route_candidates=2, route_score=lookahead_total)
2026-08-26 11:25:53,765 [INFO] [end rewire](phase=post_unswap, cycle=8, side=right, routed_layers=2487, elapsed_s=10.54)
2026-08-26 11:25:53,894 [INFO] [1L/2532](swap: 24, u: 0 | c_u: 0 | t_u_l: 19/992 | t_u_r: 7/992 | t_u: 26/1984) -> {'max_bond': 4, 'max_links': 4, 'total_elems': 1356, 'total_shapes': 724, 'total_links': 390, 'num_tensors': 98}
2026-08-26 11:25:53,996 [INFO] [1R/2485](swap: 19, u: 0 | c_u: 0 | t_u_l: 19/992 | t_u_r: 7/992 | t_u: 26/1984) -> {'max_bond': 8, 'max_links': 4, 'total_elems': 2360, 'total_shapes': 844, 'total_links': 390, 'num_tensors': 98}
2026-08-26 11:25:54,099 [INFO] [2L/2532](swap: 27, u: 0 | c_u: 0 | t_u_l: 19/992 | t_u_r: 7/992 | t_u: 26/1984) -> {'max_bond': 12, 'max_links': 4, 'total_elems': 3540, 'total_shapes': 960, 'total_links': 390, 'num_tensors': 98}
2026-08-26 11:25:54,213 [INFO] [3L/2532](swap: 23, u: 0 | c_u: 0 | t_u_l: 19/992 | t_u_r: 7/992 | t_u: 26/1984) -> {'max_bond': 16, 'max_links': 4, 'total_elems': 6908, 'total_shapes': 1156, 'total_links': 390, 'num_tensors': 98}
2026-08-26 11:25:54,330 [INFO] [2R/2485](swap: 20, u: 0 | c_u: 0 | t_u_l: 19/992 | t_u_r: 7/992 | t_u: 26/1984) -> {'max_bond': 16, 'max_links': 4, 'total_elems': 13128, 'total_shapes': 1386, 'total_links': 390, 'num_tensors': 98}
2026-08-26 11:25:54,446 [INFO] [3R/2485](swap: 19, u: 0 | c_u: 0 | t_u_l: 19/992 | t_u_r: 7/992 | t_u: 26/1984) -> {'max_bond': 32, 'max_links': 4, 'total_elems': 21740, 'total_shapes': 1672, 'total_links': 390, 'num_tensors': 98}
2026-08-26 11:25:54,574 [INFO] [4R/2485](swap: 17, u: 0 | c_u: 0 | t_u_l: 19/992 | t_u_r: 7/992 | t_u: 26/1984) -> {'max_bond': 48, 'max_links': 4, 'total_elems': 37116, 'total_shapes': 1960, 'total_links': 390, 'num_tensors': 98}
2026-08-26 11:25:54,717 [INFO] [5R/2485](swap: 14, u: 0 | c_u: 0 | t_u_l: 19/992 | t_u_r: 7/992 | t_u: 26/1984) -> {'max_bond': 64, 'max_links': 4, 'total_elems': 63516, 'total_shapes': 2308, 'total_links': 390, 'num_tensors': 98}
2026-08-26 11:25:54,882 [INFO] [6R/2485](swap: 12, u: 1 | c_u: 1 | t_u_l: 19/992 | t_u_r: 8/992 | t_u: 27/1984) -> {'max_bond': 64, 'max_links': 4, 'total_elems': 103288, 'total_shapes': 2614, 'total_links': 390, 'num_tensors': 98}
2026-08-26 11:25:55,154 [INFO] [7R/2485](swap: 16, u: 0 | c_u: 1 | t_u_l: 19/992 | t_u_r: 8/992 | t_u: 27/1984) -> {'max_bond': 198, 'max_links': 4, 'total_elems': 185084, 'total_shapes': 3114, 'total_links': 390, 'num_tensors': 98}
2026-08-26 11:25:55,661 [INFO] [8R/2485](swap: 18, u: 0 | c_u: 1 | t_u_l: 19/992 | t_u_r: 8/992 | t_u: 27/1984) -> {'max_bond': 193, 'max_links': 4, 'total_elems': 260108, 'total_shapes': 3686, 'total_links': 390, 'num_tensors': 98}
2026-08-26 11:25:56,203 [INFO] [9R/2485](swap: 20, u: 0 | c_u: 1 | t_u_l: 19/992 | t_u_r: 8/992 | t_u: 27/1984) -> {'max_bond': 191, 'max_links': 4, 'total_elems': 297924, 'total_shapes': 4162, 'total_links': 390, 'num_tensors': 98}
2026-08-26 11:25:56,826 [INFO] [10R/2485](swap: 19, u: 0 | c_u: 1 | t_u_l: 19/992 | t_u_r: 8/992 | t_u: 27/1984) -> {'max_bond': 191, 'max_links': 4, 'total_elems': 413164, 'total_shapes': 4892, 'total_links': 390, 'num_tensors': 98}
2026-08-26 11:25:57,844 [INFO] [4L/2532](swap: 23, u: 0 | c_u: 1 | t_u_l: 19/992 | t_u_r: 8/992 | t_u: 27/1984) -> {'max_bond': 190, 'max_links': 4, 'total_elems': 565220, 'total_shapes': 5432, 'total_links': 390, 'num_tensors': 98}
2026-08-26 11:25:59,290 [INFO] [11R/2485](swap: 17, u: 0 | c_u: 1 | t_u_l: 19/992 | t_u_r: 8/992 | t_u: 27/1984) -> {'max_bond': 188, 'max_links': 4, 'total_elems': 843456, 'total_shapes': 6194, 'total_links': 390, 'num_tensors': 98}
2026-08-26 11:26:01,793 [INFO]     [start unswap] -> {'max_bond': 188, 'max_links': 4, 'total_elems': 843456, 'total_shapes': 6194, 'total_links': 390, 'num_tensors': 98}
2026-08-26 11:26:31,717 [INFO]     [0 | both | 0](candidate_pairs: 49/49 | new_swaps: 15 | total: 15) -> {'max_bond': 356, 'max_links': 4, 'total_elems': 984076, 'total_shapes': 6458, 'total_links': 390, 'num_tensors': 98}
2026-08-26 11:26:37,438 [INFO]     [0 | both | 1](candidate_pairs: 48/48 | new_swaps: 18 | total: 33) -> {'max_bond': 172, 'max_links': 4, 'total_elems': 363200, 'total_shapes': 4518, 'total_links': 390, 'num_tensors': 98}
2026-08-26 11:26:38,129 [INFO]     [0 | left | 0](candidate_pairs: 49/49 | new_swaps: 19 | total: 52) -> {'max_bond': 123, 'max_links': 4, 'total_elems': 188604, 'total_shapes': 3494, 'total_links': 390, 'num_tensors': 98}
2026-08-26 11:26:38,558 [INFO]     [0 | left | 1](candidate_pairs: 48/48 | new_swaps: 23 | total: 75) -> {'max_bond': 55, 'max_links': 4, 'total_elems': 112332, 'total_shapes': 2782, 'total_links': 390, 'num_tensors': 98}
2026-08-26 11:26:38,784 [INFO]     [0 | right | 0](candidate_pairs: 49/49 | new_swaps: 12 | total: 87) -> {'max_bond': 51, 'max_links': 4, 'total_elems': 86272, 'total_shapes': 2462, 'total_links': 390, 'num_tensors': 98}
2026-08-26 11:26:38,980 [INFO]     [0 | right | 1](candidate_pairs: 48/48 | new_swaps: 10 | total: 97) -> {'max_bond': 50, 'max_links': 4, 'total_elems': 80032, 'total_shapes': 2328, 'total_links': 390, 'num_tensors': 98}
2026-08-26 11:26:39,358 [INFO]     [1 | both | 0](candidate_pairs: 49/49 | new_swaps: 17 | total: 17) -> {'max_bond': 49, 'max_links': 4, 'total_elems': 47564, 'total_shapes': 1932, 'total_links': 390, 'num_tensors': 98}
2026-08-26 11:26:39,621 [INFO]     [1 | both | 1](candidate_pairs: 48/48 | new_swaps: 15 | total: 32) -> {'max_bond': 44, 'max_links': 4, 'total_elems': 26104, 'total_shapes': 1590, 'total_links': 390, 'num_tensors': 98}
2026-08-26 11:26:39,741 [INFO]     [1 | left | 0](candidate_pairs: 49/49 | new_swaps: 11 | total: 43) -> {'max_bond': 33, 'max_links': 4, 'total_elems': 22080, 'total_shapes': 1482, 'total_links': 390, 'num_tensors': 98}
2026-08-26 11:26:39,859 [INFO]     [1 | left | 1](candidate_pairs: 48/48 | new_swaps: 6 | total: 49) -> {'max_bond': 32, 'max_links': 4, 'total_elems': 20228, 'total_shapes': 1434, 'total_links': 390, 'num_tensors': 98}
2026-08-26 11:26:39,971 [INFO]     [1 | right | 0](candidate_pairs: 49/49 | new_swaps: 9 | total: 58) -> {'max_bond': 19, 'max_links': 4, 'total_elems': 14668, 'total_shapes': 1310, 'total_links': 390, 'num_tensors': 98}
2026-08-26 11:26:40,073 [INFO]     [1 | right | 1](candidate_pairs: 48/48 | new_swaps: 5 | total: 63) -> {'max_bond': 16, 'max_links': 4, 'total_elems': 11552, 'total_shapes': 1238, 'total_links': 390, 'num_tensors': 98}
2026-08-26 11:26:40,259 [INFO]     [2 | both | 0](candidate_pairs: 49/49 | new_swaps: 11 | total: 11) -> {'max_bond': 16, 'max_links': 4, 'total_elems': 8524, 'total_shapes': 1134, 'total_links': 390, 'num_tensors': 98}
2026-08-26 11:26:40,440 [INFO]     [2 | both | 1](candidate_pairs: 48/48 | new_swaps: 15 | total: 26) -> {'max_bond': 13, 'max_links': 4, 'total_elems': 4844, 'total_shapes': 982, 'total_links': 390, 'num_tensors': 98}
2026-08-26 11:26:40,532 [INFO]     [2 | left | 0](candidate_pairs: 49/49 | new_swaps: 5 | total: 31) -> {'max_bond': 8, 'max_links': 4, 'total_elems': 3908, 'total_shapes': 932, 'total_links': 390, 'num_tensors': 98}
2026-08-26 11:26:40,623 [INFO]     [2 | left | 1](candidate_pairs: 48/48 | new_swaps: 1 | total: 32) -> {'max_bond': 8, 'max_links': 4, 'total_elems': 3864, 'total_shapes': 928, 'total_links': 390, 'num_tensors': 98}
2026-08-26 11:26:40,711 [INFO]     [2 | right | 0](candidate_pairs: 49/49 | new_swaps: 2 | total: 34) -> {'max_bond': 8, 'max_links': 4, 'total_elems': 3528, 'total_shapes': 910, 'total_links': 390, 'num_tensors': 98}
2026-08-26 11:26:40,798 [INFO]     [2 | right | 1](candidate_pairs: 48/48 | new_swaps: 1 | total: 35) -> {'max_bond': 8, 'max_links': 4, 'total_elems': 3464, 'total_shapes': 902, 'total_links': 390, 'num_tensors': 98}
2026-08-26 11:26:40,962 [INFO]     [3 | both | 0](candidate_pairs: 49/49 | new_swaps: 8 | total: 8) -> {'max_bond': 8, 'max_links': 4, 'total_elems': 2676, 'total_shapes': 852, 'total_links': 390, 'num_tensors': 98}
2026-08-26 11:26:41,123 [INFO]     [3 | both | 1](candidate_pairs: 48/48 | new_swaps: 7 | total: 15) -> {'max_bond': 8, 'max_links': 4, 'total_elems': 2156, 'total_shapes': 812, 'total_links': 390, 'num_tensors': 98}
2026-08-26 11:26:41,195 [INFO]     [3 | left | 0](candidate_pairs: 49/49 | new_swaps: 1 | total: 16) -> {'max_bond': 8, 'max_links': 4, 'total_elems': 2108, 'total_shapes': 808, 'total_links': 390, 'num_tensors': 98}
2026-08-26 11:26:41,284 [INFO]     [3 | left | 1](candidate_pairs: 48/48 | new_swaps: 3 | total: 19) -> {'max_bond': 8, 'max_links': 4, 'total_elems': 2012, 'total_shapes': 796, 'total_links': 390, 'num_tensors': 98}
2026-08-26 11:26:41,321 [INFO]     [3 | right | 0](candidate_pairs: 49/49 | new_swaps: 0 | total: 19) -> {'max_bond': 8, 'max_links': 4, 'total_elems': 2012, 'total_shapes': 796, 'total_links': 390, 'num_tensors': 98}
2026-08-26 11:26:41,405 [INFO]     [3 | right | 1](candidate_pairs: 48/48 | new_swaps: 1 | total: 20) -> {'max_bond': 8, 'max_links': 4, 'total_elems': 1972, 'total_shapes': 792, 'total_links': 390, 'num_tensors': 98}
2026-08-26 11:26:41,563 [INFO]     [4 | both | 0](candidate_pairs: 49/49 | new_swaps: 5 | total: 5) -> {'max_bond': 8, 'max_links': 4, 'total_elems': 1832, 'total_shapes': 778, 'total_links': 390, 'num_tensors': 98}
2026-08-26 11:26:41,719 [INFO]     [4 | both | 1](candidate_pairs: 48/48 | new_swaps: 5 | total: 10) -> {'max_bond': 8, 'max_links': 4, 'total_elems': 1720, 'total_shapes': 766, 'total_links': 390, 'num_tensors': 98}
2026-08-26 11:26:41,758 [INFO]     [4 | left | 0](candidate_pairs: 49/49 | new_swaps: 0 | total: 10) -> {'max_bond': 8, 'max_links': 4, 'total_elems': 1720, 'total_shapes': 766, 'total_links': 390, 'num_tensors': 98}
2026-08-26 11:26:41,796 [INFO]     [4 | left | 1](candidate_pairs: 48/48 | new_swaps: 0 | total: 10) -> {'max_bond': 8, 'max_links': 4, 'total_elems': 1720, 'total_shapes': 766, 'total_links': 390, 'num_tensors': 98}
2026-08-26 11:26:41,833 [INFO]     [4 | right | 0](candidate_pairs: 49/49 | new_swaps: 0 | total: 10) -> {'max_bond': 8, 'max_links': 4, 'total_elems': 1720, 'total_shapes': 766, 'total_links': 390, 'num_tensors': 98}
2026-08-26 11:26:41,870 [INFO]     [4 | right | 1](candidate_pairs: 48/48 | new_swaps: 0 | total: 10) -> {'max_bond': 8, 'max_links': 4, 'total_elems': 1720, 'total_shapes': 766, 'total_links': 390, 'num_tensors': 98}
2026-08-26 11:26:42,028 [INFO]     [5 | both | 0](candidate_pairs: 49/49 | new_swaps: 4 | total: 4) -> {'max_bond': 8, 'max_links': 4, 'total_elems': 1640, 'total_shapes': 758, 'total_links': 390, 'num_tensors': 98}
2026-08-26 11:26:42,180 [INFO]     [5 | both | 1](candidate_pairs: 48/48 | new_swaps: 1 | total: 5) -> {'max_bond': 8, 'max_links': 4, 'total_elems': 1620, 'total_shapes': 756, 'total_links': 390, 'num_tensors': 98}
2026-08-26 11:26:42,219 [INFO]     [5 | left | 0](candidate_pairs: 49/49 | new_swaps: 0 | total: 5) -> {'max_bond': 8, 'max_links': 4, 'total_elems': 1620, 'total_shapes': 756, 'total_links': 390, 'num_tensors': 98}
2026-08-26 11:26:42,257 [INFO]     [5 | left | 1](candidate_pairs: 48/48 | new_swaps: 0 | total: 5) -> {'max_bond': 8, 'max_links': 4, 'total_elems': 1620, 'total_shapes': 756, 'total_links': 390, 'num_tensors': 98}
2026-08-26 11:26:42,341 [INFO]     [5 | right | 0](candidate_pairs: 49/49 | new_swaps: 1 | total: 6) -> {'max_bond': 8, 'max_links': 4, 'total_elems': 1600, 'total_shapes': 754, 'total_links': 390, 'num_tensors': 98}
2026-08-26 11:26:42,410 [INFO]     [5 | right | 1](candidate_pairs: 48/48 | new_swaps: 1 | total: 7) -> {'max_bond': 8, 'max_links': 4, 'total_elems': 1584, 'total_shapes': 752, 'total_links': 390, 'num_tensors': 98}
2026-08-26 11:26:42,564 [INFO]     [6 | both | 0](candidate_pairs: 49/49 | new_swaps: 1 | total: 1) -> {'max_bond': 8, 'max_links': 4, 'total_elems': 1560, 'total_shapes': 748, 'total_links': 390, 'num_tensors': 98}
2026-08-26 11:26:42,635 [INFO]     [6 | both | 1](candidate_pairs: 48/48 | new_swaps: 0 | total: 1) -> {'max_bond': 8, 'max_links': 4, 'total_elems': 1560, 'total_shapes': 748, 'total_links': 390, 'num_tensors': 98}
2026-08-26 11:26:42,673 [INFO]     [6 | left | 0](candidate_pairs: 49/49 | new_swaps: 0 | total: 1) -> {'max_bond': 8, 'max_links': 4, 'total_elems': 1560, 'total_shapes': 748, 'total_links': 390, 'num_tensors': 98}
2026-08-26 11:26:42,711 [INFO]     [6 | left | 1](candidate_pairs: 48/48 | new_swaps: 0 | total: 1) -> {'max_bond': 8, 'max_links': 4, 'total_elems': 1560, 'total_shapes': 748, 'total_links': 390, 'num_tensors': 98}
2026-08-26 11:26:42,748 [INFO]     [6 | right | 0](candidate_pairs: 49/49 | new_swaps: 0 | total: 1) -> {'max_bond': 8, 'max_links': 4, 'total_elems': 1560, 'total_shapes': 748, 'total_links': 390, 'num_tensors': 98}
2026-08-26 11:26:42,784 [INFO]     [6 | right | 1](candidate_pairs: 48/48 | new_swaps: 0 | total: 1) -> {'max_bond': 8, 'max_links': 4, 'total_elems': 1560, 'total_shapes': 748, 'total_links': 390, 'num_tensors': 98}
2026-08-26 11:26:42,858 [INFO]     [7 | both | 0](candidate_pairs: 49/49 | new_swaps: 0 | total: 0) -> {'max_bond': 8, 'max_links': 4, 'total_elems': 1560, 'total_shapes': 748, 'total_links': 390, 'num_tensors': 98}
2026-08-26 11:26:42,930 [INFO]     [7 | both | 1](candidate_pairs: 48/48 | new_swaps: 0 | total: 0) -> {'max_bond': 8, 'max_links': 4, 'total_elems': 1560, 'total_shapes': 748, 'total_links': 390, 'num_tensors': 98}
2026-08-26 11:26:42,968 [INFO]     [7 | left | 0](candidate_pairs: 49/49 | new_swaps: 0 | total: 0) -> {'max_bond': 8, 'max_links': 4, 'total_elems': 1560, 'total_shapes': 748, 'total_links': 390, 'num_tensors': 98}
2026-08-26 11:26:43,006 [INFO]     [7 | left | 1](candidate_pairs: 48/48 | new_swaps: 0 | total: 0) -> {'max_bond': 8, 'max_links': 4, 'total_elems': 1560, 'total_shapes': 748, 'total_links': 390, 'num_tensors': 98}
2026-08-26 11:26:43,043 [INFO]     [7 | right | 0](candidate_pairs: 49/49 | new_swaps: 0 | total: 0) -> {'max_bond': 8, 'max_links': 4, 'total_elems': 1560, 'total_shapes': 748, 'total_links': 390, 'num_tensors': 98}
2026-08-26 11:26:43,079 [INFO]     [7 | right | 1](candidate_pairs: 48/48 | new_swaps: 0 | total: 0) -> {'max_bond': 8, 'max_links': 4, 'total_elems': 1560, 'total_shapes': 748, 'total_links': 390, 'num_tensors': 98}
2026-08-26 11:26:43,080 [INFO]     [end unswap] -> {'max_bond': 8, 'max_links': 4, 'total_elems': 1560, 'total_shapes': 748, 'total_links': 390, 'num_tensors': 98}
2026-08-26 11:26:43,106 [INFO] [start rewire](phase=post_unswap, cycle=9, side=left, layers=2530, trials=20, seed=123, parallel=False, route_candidates=2, route_score=lookahead_total)
2026-08-26 11:26:53,196 [INFO] [end rewire](phase=post_unswap, cycle=9, side=left, routed_layers=2647, elapsed_s=10.09)
2026-08-26 11:26:53,197 [INFO] [start rewire](phase=post_unswap, cycle=9, side=right, layers=2476, trials=20, seed=123, parallel=False, route_candidates=2, route_score=lookahead_total)
2026-08-26 11:27:02,188 [INFO] [end rewire](phase=post_unswap, cycle=9, side=right, routed_layers=2098, elapsed_s=8.99)
2026-08-26 11:27:02,323 [INFO] [1L/2645](swap: 24, u: 1 | c_u: 1 | t_u_l: 20/992 | t_u_r: 8/992 | t_u: 28/1984) -> {'max_bond': 8, 'max_links': 4, 'total_elems': 1608, 'total_shapes': 752, 'total_links': 390, 'num_tensors': 98}
2026-08-26 11:27:02,425 [INFO] [1R/2096](swap: 15, u: 0 | c_u: 1 | t_u_l: 20/992 | t_u_r: 8/992 | t_u: 28/1984) -> {'max_bond': 8, 'max_links': 4, 'total_elems': 2360, 'total_shapes': 852, 'total_links': 390, 'num_tensors': 98}
2026-08-26 11:27:02,527 [INFO] [2L/2645](swap: 20, u: 0 | c_u: 1 | t_u_l: 20/992 | t_u_r: 8/992 | t_u: 28/1984) -> {'max_bond': 9, 'max_links': 4, 'total_elems': 3748, 'total_shapes': 970, 'total_links': 390, 'num_tensors': 98}
2026-08-26 11:27:02,630 [INFO] [2R/2096](swap: 20, u: 0 | c_u: 1 | t_u_l: 20/992 | t_u_r: 8/992 | t_u: 28/1984) -> {'max_bond': 9, 'max_links': 4, 'total_elems': 5724, 'total_shapes': 1104, 'total_links': 390, 'num_tensors': 98}
2026-08-26 11:27:02,734 [INFO] [3L/2645](swap: 23, u: 0 | c_u: 1 | t_u_l: 20/992 | t_u_r: 8/992 | t_u: 28/1984) -> {'max_bond': 32, 'max_links': 4, 'total_elems': 9540, 'total_shapes': 1278, 'total_links': 390, 'num_tensors': 98}
2026-08-26 11:27:02,845 [INFO] [3R/2096](swap: 20, u: 0 | c_u: 1 | t_u_l: 20/992 | t_u_r: 8/992 | t_u: 28/1984) -> {'max_bond': 32, 'max_links': 4, 'total_elems': 16380, 'total_shapes': 1522, 'total_links': 390, 'num_tensors': 98}
2026-08-26 11:27:02,964 [INFO] [4R/2096](swap: 16, u: 0 | c_u: 1 | t_u_l: 20/992 | t_u_r: 8/992 | t_u: 28/1984) -> {'max_bond': 38, 'max_links': 4, 'total_elems': 26104, 'total_shapes': 1736, 'total_links': 390, 'num_tensors': 98}
2026-08-26 11:27:03,088 [INFO] [5R/2096](swap: 15, u: 0 | c_u: 1 | t_u_l: 20/992 | t_u_r: 8/992 | t_u: 28/1984) -> {'max_bond': 33, 'max_links': 4, 'total_elems': 25724, 'total_shapes': 1810, 'total_links': 390, 'num_tensors': 98}
2026-08-26 11:27:03,214 [INFO] [6R/2096](swap: 18, u: 0 | c_u: 1 | t_u_l: 20/992 | t_u_r: 8/992 | t_u: 28/1984) -> {'max_bond': 32, 'max_links': 4, 'total_elems': 31900, 'total_shapes': 1998, 'total_links': 390, 'num_tensors': 98}
2026-08-26 11:27:03,349 [INFO] [4L/2645](swap: 20, u: 0 | c_u: 1 | t_u_l: 20/992 | t_u_r: 8/992 | t_u: 28/1984) -> {'max_bond': 32, 'max_links': 4, 'total_elems': 45880, 'total_shapes': 2276, 'total_links': 390, 'num_tensors': 98}
2026-08-26 11:27:03,507 [INFO] [7R/2096](swap: 17, u: 1 | c_u: 2 | t_u_l: 20/992 | t_u_r: 9/992 | t_u: 29/1984) -> {'max_bond': 64, 'max_links': 4, 'total_elems': 59064, 'total_shapes': 2528, 'total_links': 390, 'num_tensors': 98}
2026-08-26 11:27:03,655 [INFO] [8R/2096](swap: 14, u: 1 | c_u: 3 | t_u_l: 20/992 | t_u_r: 10/992 | t_u: 30/1984) -> {'max_bond': 127, 'max_links': 4, 'total_elems': 96504, 'total_shapes': 2982, 'total_links': 390, 'num_tensors': 98}
2026-08-26 11:27:03,817 [INFO] [9R/2096](swap: 14, u: 1 | c_u: 4 | t_u_l: 20/992 | t_u_r: 11/992 | t_u: 31/1984) -> {'max_bond': 126, 'max_links': 4, 'total_elems': 112424, 'total_shapes': 3208, 'total_links': 390, 'num_tensors': 98}
2026-08-26 11:27:03,994 [INFO] [10R/2096](swap: 11, u: 1 | c_u: 5 | t_u_l: 20/992 | t_u_r: 12/992 | t_u: 32/1984) -> {'max_bond': 125, 'max_links': 4, 'total_elems': 143464, 'total_shapes': 3644, 'total_links': 390, 'num_tensors': 98}
2026-08-26 11:27:04,220 [INFO] [5L/2645](swap: 18, u: 1 | c_u: 6 | t_u_l: 21/992 | t_u_r: 12/992 | t_u: 33/1984) -> {'max_bond': 126, 'max_links': 4, 'total_elems': 206032, 'total_shapes': 4266, 'total_links': 390, 'num_tensors': 98}
2026-08-26 11:27:04,595 [INFO] [11R/2096](swap: 11, u: 1 | c_u: 7 | t_u_l: 21/992 | t_u_r: 13/992 | t_u: 34/1984) -> {'max_bond': 128, 'max_links': 4, 'total_elems': 335644, 'total_shapes': 4988, 'total_links': 390, 'num_tensors': 98}
2026-08-26 11:27:05,152 [INFO] [6L/2645](swap: 19, u: 0 | c_u: 7 | t_u_l: 21/992 | t_u_r: 13/992 | t_u: 34/1984) -> {'max_bond': 128, 'max_links': 4, 'total_elems': 426048, 'total_shapes': 5608, 'total_links': 390, 'num_tensors': 98}
2026-08-26 11:27:05,958 [INFO] [7L/2645](swap: 19, u: 0 | c_u: 7 | t_u_l: 21/992 | t_u_r: 13/992 | t_u: 34/1984) -> {'max_bond': 128, 'max_links': 4, 'total_elems': 536092, 'total_shapes': 6236, 'total_links': 390, 'num_tensors': 98}
2026-08-26 11:27:07,086 [INFO] [12R/2096](swap: 14, u: 0 | c_u: 7 | t_u_l: 21/992 | t_u_r: 13/992 | t_u: 34/1984) -> {'max_bond': 128, 'max_links': 4, 'total_elems': 693056, 'total_shapes': 7038, 'total_links': 390, 'num_tensors': 98}
2026-08-26 11:27:08,276 [INFO] [13R/2096](swap: 13, u: 0 | c_u: 7 | t_u_l: 21/992 | t_u_r: 13/992 | t_u: 34/1984) -> {'max_bond': 255, 'max_links': 4, 'total_elems': 992968, 'total_shapes': 8128, 'total_links': 390, 'num_tensors': 98}
2026-08-26 11:27:10,195 [INFO]     [start unswap] -> {'max_bond': 255, 'max_links': 4, 'total_elems': 992968, 'total_shapes': 8128, 'total_links': 390, 'num_tensors': 98}
2026-08-26 11:27:42,774 [INFO]     [0 | both | 0](candidate_pairs: 49/49 | new_swaps: 14 | total: 14) -> {'max_bond': 390, 'max_links': 4, 'total_elems': 1495040, 'total_shapes': 8912, 'total_links': 390, 'num_tensors': 98}
2026-08-26 11:27:49,356 [INFO]     [0 | both | 1](candidate_pairs: 48/48 | new_swaps: 25 | total: 39) -> {'max_bond': 248, 'max_links': 4, 'total_elems': 461308, 'total_shapes': 5634, 'total_links': 390, 'num_tensors': 98}
2026-08-26 11:27:50,462 [INFO]     [0 | left | 0](candidate_pairs: 49/49 | new_swaps: 24 | total: 63) -> {'max_bond': 96, 'max_links': 4, 'total_elems': 257740, 'total_shapes': 4164, 'total_links': 390, 'num_tensors': 98}
2026-08-26 11:27:51,088 [INFO]     [0 | left | 1](candidate_pairs: 48/48 | new_swaps: 24 | total: 87) -> {'max_bond': 84, 'max_links': 4, 'total_elems': 164404, 'total_shapes': 3444, 'total_links': 390, 'num_tensors': 98}
2026-08-26 11:27:51,370 [INFO]     [0 | right | 0](candidate_pairs: 49/49 | new_swaps: 14 | total: 101) -> {'max_bond': 83, 'max_links': 4, 'total_elems': 128168, 'total_shapes': 3000, 'total_links': 390, 'num_tensors': 98}
2026-08-26 11:27:51,688 [INFO]     [0 | right | 1](candidate_pairs: 48/48 | new_swaps: 15 | total: 116) -> {'max_bond': 83, 'max_links': 4, 'total_elems': 113220, 'total_shapes': 2776, 'total_links': 390, 'num_tensors': 98}
2026-08-26 11:27:52,147 [INFO]     [1 | both | 0](candidate_pairs: 49/49 | new_swaps: 18 | total: 18) -> {'max_bond': 82, 'max_links': 4, 'total_elems': 73336, 'total_shapes': 2352, 'total_links': 390, 'num_tensors': 98}
2026-08-26 11:27:52,470 [INFO]     [1 | both | 1](candidate_pairs: 48/48 | new_swaps: 18 | total: 36) -> {'max_bond': 62, 'max_links': 4, 'total_elems': 52680, 'total_shapes': 1986, 'total_links': 390, 'num_tensors': 98}
2026-08-26 11:27:52,611 [INFO]     [1 | left | 0](candidate_pairs: 49/49 | new_swaps: 12 | total: 48) -> {'max_bond': 60, 'max_links': 4, 'total_elems': 45284, 'total_shapes': 1822, 'total_links': 390, 'num_tensors': 98}
2026-08-26 11:27:52,756 [INFO]     [1 | left | 1](candidate_pairs: 48/48 | new_swaps: 7 | total: 55) -> {'max_bond': 60, 'max_links': 4, 'total_elems': 42636, 'total_shapes': 1744, 'total_links': 390, 'num_tensors': 98}
2026-08-26 11:27:52,884 [INFO]     [1 | right | 0](candidate_pairs: 49/49 | new_swaps: 9 | total: 64) -> {'max_bond': 60, 'max_links': 4, 'total_elems': 37808, 'total_shapes': 1626, 'total_links': 390, 'num_tensors': 98}
2026-08-26 11:27:53,015 [INFO]     [1 | right | 1](candidate_pairs: 48/48 | new_swaps: 4 | total: 68) -> {'max_bond': 60, 'max_links': 4, 'total_elems': 35944, 'total_shapes': 1580, 'total_links': 390, 'num_tensors': 98}
2026-08-26 11:27:53,286 [INFO]     [2 | both | 0](candidate_pairs: 49/49 | new_swaps: 11 | total: 11) -> {'max_bond': 60, 'max_links': 4, 'total_elems': 18764, 'total_shapes': 1382, 'total_links': 390, 'num_tensors': 98}
2026-08-26 11:27:53,482 [INFO]     [2 | both | 1](candidate_pairs: 48/48 | new_swaps: 13 | total: 24) -> {'max_bond': 60, 'max_links': 4, 'total_elems': 15880, 'total_shapes': 1256, 'total_links': 390, 'num_tensors': 98}
2026-08-26 11:27:53,586 [INFO]     [2 | left | 0](candidate_pairs: 49/49 | new_swaps: 2 | total: 26) -> {'max_bond': 60, 'max_links': 4, 'total_elems': 15688, 'total_shapes': 1244, 'total_links': 390, 'num_tensors': 98}
2026-08-26 11:27:53,687 [INFO]     [2 | left | 1](candidate_pairs: 48/48 | new_swaps: 3 | total: 29) -> {'max_bond': 19, 'max_links': 4, 'total_elems': 10184, 'total_shapes': 1146, 'total_links': 390, 'num_tensors': 98}
2026-08-26 11:27:53,781 [INFO]     [2 | right | 0](candidate_pairs: 49/49 | new_swaps: 3 | total: 32) -> {'max_bond': 18, 'max_links': 4, 'total_elems': 9184, 'total_shapes': 1120, 'total_links': 390, 'num_tensors': 98}
2026-08-26 11:27:53,874 [INFO]     [2 | right | 1](candidate_pairs: 48/48 | new_swaps: 3 | total: 35) -> {'max_bond': 17, 'max_links': 4, 'total_elems': 8556, 'total_shapes': 1098, 'total_links': 390, 'num_tensors': 98}
2026-08-26 11:27:54,049 [INFO]     [3 | both | 0](candidate_pairs: 49/49 | new_swaps: 9 | total: 9) -> {'max_bond': 16, 'max_links': 4, 'total_elems': 6728, 'total_shapes': 1030, 'total_links': 390, 'num_tensors': 98}
2026-08-26 11:27:54,216 [INFO]     [3 | both | 1](candidate_pairs: 48/48 | new_swaps: 8 | total: 17) -> {'max_bond': 16, 'max_links': 4, 'total_elems': 4732, 'total_shapes': 968, 'total_links': 390, 'num_tensors': 98}
2026-08-26 11:27:54,306 [INFO]     [3 | left | 0](candidate_pairs: 49/49 | new_swaps: 2 | total: 19) -> {'max_bond': 8, 'max_links': 4, 'total_elems': 3920, 'total_shapes': 936, 'total_links': 390, 'num_tensors': 98}
2026-08-26 11:27:54,395 [INFO]     [3 | left | 1](candidate_pairs: 48/48 | new_swaps: 1 | total: 20) -> {'max_bond': 8, 'max_links': 4, 'total_elems': 3860, 'total_shapes': 930, 'total_links': 390, 'num_tensors': 98}
2026-08-26 11:27:54,483 [INFO]     [3 | right | 0](candidate_pairs: 49/49 | new_swaps: 3 | total: 23) -> {'max_bond': 8, 'max_links': 4, 'total_elems': 3660, 'total_shapes': 918, 'total_links': 390, 'num_tensors': 98}
2026-08-26 11:27:54,554 [INFO]     [3 | right | 1](candidate_pairs: 48/48 | new_swaps: 1 | total: 24) -> {'max_bond': 8, 'max_links': 4, 'total_elems': 3572, 'total_shapes': 912, 'total_links': 390, 'num_tensors': 98}
2026-08-26 11:27:54,714 [INFO]     [4 | both | 0](candidate_pairs: 49/49 | new_swaps: 4 | total: 4) -> {'max_bond': 8, 'max_links': 4, 'total_elems': 3320, 'total_shapes': 898, 'total_links': 390, 'num_tensors': 98}
2026-08-26 11:27:54,874 [INFO]     [4 | both | 1](candidate_pairs: 48/48 | new_swaps: 5 | total: 9) -> {'max_bond': 8, 'max_links': 4, 'total_elems': 3020, 'total_shapes': 868, 'total_links': 390, 'num_tensors': 98}
2026-08-26 11:27:54,947 [INFO]     [4 | left | 0](candidate_pairs: 49/49 | new_swaps: 1 | total: 10) -> {'max_bond': 8, 'max_links': 4, 'total_elems': 3008, 'total_shapes': 866, 'total_links': 390, 'num_tensors': 98}
2026-08-26 11:27:54,986 [INFO]     [4 | left | 1](candidate_pairs: 48/48 | new_swaps: 0 | total: 10) -> {'max_bond': 8, 'max_links': 4, 'total_elems': 3008, 'total_shapes': 866, 'total_links': 390, 'num_tensors': 98}
2026-08-26 11:27:55,024 [INFO]     [4 | right | 0](candidate_pairs: 49/49 | new_swaps: 0 | total: 10) -> {'max_bond': 8, 'max_links': 4, 'total_elems': 3008, 'total_shapes': 866, 'total_links': 390, 'num_tensors': 98}
2026-08-26 11:27:55,061 [INFO]     [4 | right | 1](candidate_pairs: 48/48 | new_swaps: 0 | total: 10) -> {'max_bond': 8, 'max_links': 4, 'total_elems': 3008, 'total_shapes': 866, 'total_links': 390, 'num_tensors': 98}
2026-08-26 11:27:55,222 [INFO]     [5 | both | 0](candidate_pairs: 49/49 | new_swaps: 3 | total: 3) -> {'max_bond': 8, 'max_links': 4, 'total_elems': 2912, 'total_shapes': 858, 'total_links': 390, 'num_tensors': 98}
2026-08-26 11:27:55,384 [INFO]     [5 | both | 1](candidate_pairs: 48/48 | new_swaps: 3 | total: 6) -> {'max_bond': 8, 'max_links': 4, 'total_elems': 2832, 'total_shapes': 850, 'total_links': 390, 'num_tensors': 98}
2026-08-26 11:27:55,423 [INFO]     [5 | left | 0](candidate_pairs: 49/49 | new_swaps: 0 | total: 6) -> {'max_bond': 8, 'max_links': 4, 'total_elems': 2832, 'total_shapes': 850, 'total_links': 390, 'num_tensors': 98}
2026-08-26 11:27:55,511 [INFO]     [5 | left | 1](candidate_pairs: 48/48 | new_swaps: 1 | total: 7) -> {'max_bond': 8, 'max_links': 4, 'total_elems': 2784, 'total_shapes': 846, 'total_links': 390, 'num_tensors': 98}
2026-08-26 11:27:55,549 [INFO]     [5 | right | 0](candidate_pairs: 49/49 | new_swaps: 0 | total: 7) -> {'max_bond': 8, 'max_links': 4, 'total_elems': 2784, 'total_shapes': 846, 'total_links': 390, 'num_tensors': 98}
2026-08-26 11:27:55,587 [INFO]     [5 | right | 1](candidate_pairs: 48/48 | new_swaps: 0 | total: 7) -> {'max_bond': 8, 'max_links': 4, 'total_elems': 2784, 'total_shapes': 846, 'total_links': 390, 'num_tensors': 98}
2026-08-26 11:27:55,745 [INFO]     [6 | both | 0](candidate_pairs: 49/49 | new_swaps: 2 | total: 2) -> {'max_bond': 8, 'max_links': 4, 'total_elems': 2724, 'total_shapes': 840, 'total_links': 390, 'num_tensors': 98}
2026-08-26 11:27:55,887 [INFO]     [6 | both | 1](candidate_pairs: 48/48 | new_swaps: 1 | total: 3) -> {'max_bond': 8, 'max_links': 4, 'total_elems': 2712, 'total_shapes': 838, 'total_links': 390, 'num_tensors': 98}
2026-08-26 11:27:55,926 [INFO]     [6 | left | 0](candidate_pairs: 49/49 | new_swaps: 0 | total: 3) -> {'max_bond': 8, 'max_links': 4, 'total_elems': 2712, 'total_shapes': 838, 'total_links': 390, 'num_tensors': 98}
2026-08-26 11:27:55,964 [INFO]     [6 | left | 1](candidate_pairs: 48/48 | new_swaps: 0 | total: 3) -> {'max_bond': 8, 'max_links': 4, 'total_elems': 2712, 'total_shapes': 838, 'total_links': 390, 'num_tensors': 98}
2026-08-26 11:27:56,049 [INFO]     [6 | right | 0](candidate_pairs: 49/49 | new_swaps: 1 | total: 4) -> {'max_bond': 8, 'max_links': 4, 'total_elems': 2700, 'total_shapes': 836, 'total_links': 390, 'num_tensors': 98}
2026-08-26 11:27:56,135 [INFO]     [6 | right | 1](candidate_pairs: 48/48 | new_swaps: 2 | total: 6) -> {'max_bond': 8, 'max_links': 4, 'total_elems': 2640, 'total_shapes': 830, 'total_links': 390, 'num_tensors': 98}
2026-08-26 11:27:56,293 [INFO]     [7 | both | 0](candidate_pairs: 49/49 | new_swaps: 2 | total: 2) -> {'max_bond': 8, 'max_links': 4, 'total_elems': 2580, 'total_shapes': 824, 'total_links': 390, 'num_tensors': 98}
2026-08-26 11:27:56,367 [INFO]     [7 | both | 1](candidate_pairs: 48/48 | new_swaps: 0 | total: 2) -> {'max_bond': 8, 'max_links': 4, 'total_elems': 2580, 'total_shapes': 824, 'total_links': 390, 'num_tensors': 98}
2026-08-26 11:27:56,405 [INFO]     [7 | left | 0](candidate_pairs: 49/49 | new_swaps: 0 | total: 2) -> {'max_bond': 8, 'max_links': 4, 'total_elems': 2580, 'total_shapes': 824, 'total_links': 390, 'num_tensors': 98}
2026-08-26 11:27:56,444 [INFO]     [7 | left | 1](candidate_pairs: 48/48 | new_swaps: 0 | total: 2) -> {'max_bond': 8, 'max_links': 4, 'total_elems': 2580, 'total_shapes': 824, 'total_links': 390, 'num_tensors': 98}
2026-08-26 11:27:56,482 [INFO]     [7 | right | 0](candidate_pairs: 49/49 | new_swaps: 0 | total: 2) -> {'max_bond': 8, 'max_links': 4, 'total_elems': 2580, 'total_shapes': 824, 'total_links': 390, 'num_tensors': 98}
2026-08-26 11:27:56,552 [INFO]     [7 | right | 1](candidate_pairs: 48/48 | new_swaps: 1 | total: 3) -> {'max_bond': 8, 'max_links': 4, 'total_elems': 2568, 'total_shapes': 822, 'total_links': 390, 'num_tensors': 98}
2026-08-26 11:27:56,710 [INFO]     [8 | both | 0](candidate_pairs: 49/49 | new_swaps: 1 | total: 1) -> {'max_bond': 8, 'max_links': 4, 'total_elems': 2556, 'total_shapes': 820, 'total_links': 390, 'num_tensors': 98}
2026-08-26 11:27:56,869 [INFO]     [8 | both | 1](candidate_pairs: 48/48 | new_swaps: 1 | total: 2) -> {'max_bond': 8, 'max_links': 4, 'total_elems': 2544, 'total_shapes': 818, 'total_links': 390, 'num_tensors': 98}
2026-08-26 11:27:56,908 [INFO]     [8 | left | 0](candidate_pairs: 49/49 | new_swaps: 0 | total: 2) -> {'max_bond': 8, 'max_links': 4, 'total_elems': 2544, 'total_shapes': 818, 'total_links': 390, 'num_tensors': 98}
2026-08-26 11:27:56,948 [INFO]     [8 | left | 1](candidate_pairs: 48/48 | new_swaps: 0 | total: 2) -> {'max_bond': 8, 'max_links': 4, 'total_elems': 2544, 'total_shapes': 818, 'total_links': 390, 'num_tensors': 98}
2026-08-26 11:27:56,989 [INFO]     [8 | right | 0](candidate_pairs: 49/49 | new_swaps: 0 | total: 2) -> {'max_bond': 8, 'max_links': 4, 'total_elems': 2544, 'total_shapes': 818, 'total_links': 390, 'num_tensors': 98}
2026-08-26 11:27:57,030 [INFO]     [8 | right | 1](candidate_pairs: 48/48 | new_swaps: 0 | total: 2) -> {'max_bond': 8, 'max_links': 4, 'total_elems': 2544, 'total_shapes': 818, 'total_links': 390, 'num_tensors': 98}
2026-08-26 11:27:57,172 [INFO]     [9 | both | 0](candidate_pairs: 49/49 | new_swaps: 1 | total: 1) -> {'max_bond': 8, 'max_links': 4, 'total_elems': 2532, 'total_shapes': 816, 'total_links': 390, 'num_tensors': 98}
2026-08-26 11:27:57,337 [INFO]     [9 | both | 1](candidate_pairs: 48/48 | new_swaps: 1 | total: 2) -> {'max_bond': 8, 'max_links': 4, 'total_elems': 2520, 'total_shapes': 814, 'total_links': 390, 'num_tensors': 98}
2026-08-26 11:27:57,378 [INFO]     [9 | left | 0](candidate_pairs: 49/49 | new_swaps: 0 | total: 2) -> {'max_bond': 8, 'max_links': 4, 'total_elems': 2520, 'total_shapes': 814, 'total_links': 390, 'num_tensors': 98}
2026-08-26 11:27:57,420 [INFO]     [9 | left | 1](candidate_pairs: 48/48 | new_swaps: 0 | total: 2) -> {'max_bond': 8, 'max_links': 4, 'total_elems': 2520, 'total_shapes': 814, 'total_links': 390, 'num_tensors': 98}
2026-08-26 11:27:57,461 [INFO]     [9 | right | 0](candidate_pairs: 49/49 | new_swaps: 0 | total: 2) -> {'max_bond': 8, 'max_links': 4, 'total_elems': 2520, 'total_shapes': 814, 'total_links': 390, 'num_tensors': 98}
2026-08-26 11:27:57,501 [INFO]     [9 | right | 1](candidate_pairs: 48/48 | new_swaps: 0 | total: 2) -> {'max_bond': 8, 'max_links': 4, 'total_elems': 2520, 'total_shapes': 814, 'total_links': 390, 'num_tensors': 98}
2026-08-26 11:27:57,576 [INFO]     [10 | both | 0](candidate_pairs: 49/49 | new_swaps: 0 | total: 0) -> {'max_bond': 8, 'max_links': 4, 'total_elems': 2520, 'total_shapes': 814, 'total_links': 390, 'num_tensors': 98}
2026-08-26 11:27:57,650 [INFO]     [10 | both | 1](candidate_pairs: 48/48 | new_swaps: 0 | total: 0) -> {'max_bond': 8, 'max_links': 4, 'total_elems': 2520, 'total_shapes': 814, 'total_links': 390, 'num_tensors': 98}
2026-08-26 11:27:57,689 [INFO]     [10 | left | 0](candidate_pairs: 49/49 | new_swaps: 0 | total: 0) -> {'max_bond': 8, 'max_links': 4, 'total_elems': 2520, 'total_shapes': 814, 'total_links': 390, 'num_tensors': 98}
2026-08-26 11:27:57,727 [INFO]     [10 | left | 1](candidate_pairs: 48/48 | new_swaps: 0 | total: 0) -> {'max_bond': 8, 'max_links': 4, 'total_elems': 2520, 'total_shapes': 814, 'total_links': 390, 'num_tensors': 98}
2026-08-26 11:27:57,767 [INFO]     [10 | right | 0](candidate_pairs: 49/49 | new_swaps: 0 | total: 0) -> {'max_bond': 8, 'max_links': 4, 'total_elems': 2520, 'total_shapes': 814, 'total_links': 390, 'num_tensors': 98}
2026-08-26 11:27:57,806 [INFO]     [10 | right | 1](candidate_pairs: 48/48 | new_swaps: 0 | total: 0) -> {'max_bond': 8, 'max_links': 4, 'total_elems': 2520, 'total_shapes': 814, 'total_links': 390, 'num_tensors': 98}
2026-08-26 11:27:57,806 [INFO]     [end unswap] -> {'max_bond': 8, 'max_links': 4, 'total_elems': 2520, 'total_shapes': 814, 'total_links': 390, 'num_tensors': 98}
2026-08-26 11:27:57,836 [INFO] [start rewire](phase=post_unswap, cycle=10, side=left, layers=2640, trials=20, seed=123, parallel=False, route_candidates=2, route_score=lookahead_total)
2026-08-26 11:28:07,925 [INFO] [end rewire](phase=post_unswap, cycle=10, side=left, routed_layers=2478, elapsed_s=10.09)
2026-08-26 11:28:07,926 [INFO] [start rewire](phase=post_unswap, cycle=10, side=right, layers=2085, trials=20, seed=123, parallel=False, route_candidates=2, route_score=lookahead_total)
2026-08-26 11:28:16,756 [INFO] [end rewire](phase=post_unswap, cycle=10, side=right, routed_layers=2256, elapsed_s=8.83)
2026-08-26 11:28:16,892 [INFO] [1L/2476](swap: 26, u: 0 | c_u: 0 | t_u_l: 21/992 | t_u_r: 13/992 | t_u: 34/1984) -> {'max_bond': 8, 'max_links': 4, 'total_elems': 2520, 'total_shapes': 814, 'total_links': 390, 'num_tensors': 98}
2026-08-26 11:28:16,995 [INFO] [1R/2254](swap: 15, u: 0 | c_u: 0 | t_u_l: 21/992 | t_u_r: 13/992 | t_u: 34/1984) -> {'max_bond': 8, 'max_links': 4, 'total_elems': 3528, 'total_shapes': 928, 'total_links': 390, 'num_tensors': 98}
2026-08-26 11:28:17,097 [INFO] [2R/2254](swap: 12, u: 0 | c_u: 0 | t_u_l: 21/992 | t_u_r: 13/992 | t_u: 34/1984) -> {'max_bond': 8, 'max_links': 4, 'total_elems': 4908, 'total_shapes': 1014, 'total_links': 390, 'num_tensors': 98}
2026-08-26 11:28:17,201 [INFO] [3R/2254](swap: 11, u: 0 | c_u: 0 | t_u_l: 21/992 | t_u_r: 13/992 | t_u: 34/1984) -> {'max_bond': 16, 'max_links': 4, 'total_elems': 7128, 'total_shapes': 1118, 'total_links': 390, 'num_tensors': 98}
2026-08-26 11:28:17,306 [INFO] [2L/2476](swap: 24, u: 0 | c_u: 0 | t_u_l: 21/992 | t_u_r: 13/992 | t_u: 34/1984) -> {'max_bond': 21, 'max_links': 4, 'total_elems': 10968, 'total_shapes': 1300, 'total_links': 390, 'num_tensors': 98}
2026-08-26 11:28:17,415 [INFO] [3L/2476](swap: 24, u: 0 | c_u: 0 | t_u_l: 21/992 | t_u_r: 13/992 | t_u: 34/1984) -> {'max_bond': 32, 'max_links': 4, 'total_elems': 19324, 'total_shapes': 1548, 'total_links': 390, 'num_tensors': 98}
2026-08-26 11:28:17,531 [INFO] [4R/2254](swap: 10, u: 0 | c_u: 0 | t_u_l: 21/992 | t_u_r: 13/992 | t_u: 34/1984) -> {'max_bond': 64, 'max_links': 4, 'total_elems': 30764, 'total_shapes': 1806, 'total_links': 390, 'num_tensors': 98}
2026-08-26 11:28:17,654 [INFO] [5R/2254](swap: 12, u: 0 | c_u: 0 | t_u_l: 21/992 | t_u_r: 13/992 | t_u: 34/1984) -> {'max_bond': 64, 'max_links': 4, 'total_elems': 47224, 'total_shapes': 2022, 'total_links': 390, 'num_tensors': 98}
2026-08-26 11:28:17,786 [INFO] [6R/2254](swap: 14, u: 0 | c_u: 0 | t_u_l: 21/992 | t_u_r: 13/992 | t_u: 34/1984) -> {'max_bond': 64, 'max_links': 4, 'total_elems': 50844, 'total_shapes': 2116, 'total_links': 390, 'num_tensors': 98}
2026-08-26 11:28:17,923 [INFO] [4L/2476](swap: 26, u: 0 | c_u: 0 | t_u_l: 21/992 | t_u_r: 13/992 | t_u: 34/1984) -> {'max_bond': 80, 'max_links': 4, 'total_elems': 74416, 'total_shapes': 2474, 'total_links': 390, 'num_tensors': 98}
2026-08-26 11:28:18,095 [INFO] [7R/2254](swap: 12, u: 0 | c_u: 0 | t_u_l: 21/992 | t_u_r: 13/992 | t_u: 34/1984) -> {'max_bond': 80, 'max_links': 4, 'total_elems': 91984, 'total_shapes': 2746, 'total_links': 390, 'num_tensors': 98}
2026-08-26 11:28:18,286 [INFO] [8R/2254](swap: 12, u: 0 | c_u: 0 | t_u_l: 21/992 | t_u_r: 13/992 | t_u: 34/1984) -> {'max_bond': 126, 'max_links': 4, 'total_elems': 137552, 'total_shapes': 3230, 'total_links': 390, 'num_tensors': 98}
2026-08-26 11:28:18,578 [INFO] [9R/2254](swap: 13, u: 0 | c_u: 0 | t_u_l: 21/992 | t_u_r: 13/992 | t_u: 34/1984) -> {'max_bond': 128, 'max_links': 4, 'total_elems': 230512, 'total_shapes': 3794, 'total_links': 390, 'num_tensors': 98}
2026-08-26 11:28:19,078 [INFO] [10R/2254](swap: 13, u: 0 | c_u: 0 | t_u_l: 21/992 | t_u_r: 13/992 | t_u: 34/1984) -> {'max_bond': 128, 'max_links': 4, 'total_elems': 400192, 'total_shapes': 4610, 'total_links': 390, 'num_tensors': 98}
2026-08-26 11:28:19,875 [INFO] [5L/2476](swap: 21, u: 0 | c_u: 0 | t_u_l: 21/992 | t_u_r: 13/992 | t_u: 34/1984) -> {'max_bond': 127, 'max_links': 4, 'total_elems': 502928, 'total_shapes': 5268, 'total_links': 390, 'num_tensors': 98}
2026-08-26 11:28:21,134 [INFO] [6L/2476](swap: 16, u: 0 | c_u: 0 | t_u_l: 21/992 | t_u_r: 13/992 | t_u: 34/1984) -> {'max_bond': 128, 'max_links': 4, 'total_elems': 599200, 'total_shapes': 5980, 'total_links': 390, 'num_tensors': 98}
2026-08-26 11:28:22,601 [INFO] [11R/2254](swap: 11, u: 0 | c_u: 0 | t_u_l: 21/992 | t_u_r: 13/992 | t_u: 34/1984) -> {'max_bond': 392, 'max_links': 4, 'total_elems': 888512, 'total_shapes': 6882, 'total_links': 390, 'num_tensors': 98}
2026-08-26 11:28:24,147 [INFO] [12R/2254](swap: 8, u: 0 | c_u: 0 | t_u_l: 21/992 | t_u_r: 13/992 | t_u: 34/1984) -> {'max_bond': 128, 'max_links': 4, 'total_elems': 686788, 'total_shapes': 6538, 'total_links': 390, 'num_tensors': 98}
2026-08-26 11:28:25,330 [INFO] [13R/2254](swap: 7, u: 1 | c_u: 1 | t_u_l: 21/992 | t_u_r: 14/992 | t_u: 35/1984) -> {'max_bond': 128, 'max_links': 4, 'total_elems': 644556, 'total_shapes': 6490, 'total_links': 390, 'num_tensors': 98}
2026-08-26 11:28:26,363 [INFO] [14R/2254](swap: 9, u: 0 | c_u: 1 | t_u_l: 21/992 | t_u_r: 14/992 | t_u: 35/1984) -> {'max_bond': 128, 'max_links': 4, 'total_elems': 670328, 'total_shapes': 6702, 'total_links': 390, 'num_tensors': 98}
2026-08-26 11:28:27,531 [INFO] [15R/2254](swap: 6, u: 1 | c_u: 2 | t_u_l: 21/992 | t_u_r: 15/992 | t_u: 36/1984) -> {'max_bond': 323, 'max_links': 4, 'total_elems': 873808, 'total_shapes': 7510, 'total_links': 390, 'num_tensors': 98}
2026-08-26 11:28:29,134 [INFO]     [start unswap] -> {'max_bond': 323, 'max_links': 4, 'total_elems': 873808, 'total_shapes': 7510, 'total_links': 390, 'num_tensors': 98}
2026-08-26 11:28:41,256 [INFO]     [0 | both | 0](candidate_pairs: 49/49 | new_swaps: 14 | total: 14) -> {'max_bond': 128, 'max_links': 4, 'total_elems': 574800, 'total_shapes': 6578, 'total_links': 390, 'num_tensors': 98}
2026-08-26 11:28:43,458 [INFO]     [0 | both | 1](candidate_pairs: 48/48 | new_swaps: 18 | total: 32) -> {'max_bond': 104, 'max_links': 4, 'total_elems': 222324, 'total_shapes': 4312, 'total_links': 390, 'num_tensors': 98}
2026-08-26 11:28:43,880 [INFO]     [0 | left | 0](candidate_pairs: 49/49 | new_swaps: 20 | total: 52) -> {'max_bond': 62, 'max_links': 4, 'total_elems': 148636, 'total_shapes': 3556, 'total_links': 390, 'num_tensors': 98}
2026-08-26 11:28:44,210 [INFO]     [0 | left | 1](candidate_pairs: 48/48 | new_swaps: 27 | total: 79) -> {'max_bond': 48, 'max_links': 4, 'total_elems': 90512, 'total_shapes': 2852, 'total_links': 390, 'num_tensors': 98}
2026-08-26 11:28:44,392 [INFO]     [0 | right | 0](candidate_pairs: 49/49 | new_swaps: 16 | total: 95) -> {'max_bond': 48, 'max_links': 4, 'total_elems': 65596, 'total_shapes': 2428, 'total_links': 390, 'num_tensors': 98}
2026-08-26 11:28:44,545 [INFO]     [0 | right | 1](candidate_pairs: 48/48 | new_swaps: 7 | total: 102) -> {'max_bond': 48, 'max_links': 4, 'total_elems': 54144, 'total_shapes': 2278, 'total_links': 390, 'num_tensors': 98}
2026-08-26 11:28:44,827 [INFO]     [1 | both | 0](candidate_pairs: 49/49 | new_swaps: 19 | total: 19) -> {'max_bond': 32, 'max_links': 4, 'total_elems': 36820, 'total_shapes': 1958, 'total_links': 390, 'num_tensors': 98}
2026-08-26 11:28:45,061 [INFO]     [1 | both | 1](candidate_pairs: 48/48 | new_swaps: 14 | total: 33) -> {'max_bond': 26, 'max_links': 4, 'total_elems': 24256, 'total_shapes': 1706, 'total_links': 390, 'num_tensors': 98}
2026-08-26 11:28:45,169 [INFO]     [1 | left | 0](candidate_pairs: 49/49 | new_swaps: 5 | total: 38) -> {'max_bond': 16, 'max_links': 4, 'total_elems': 22232, 'total_shapes': 1642, 'total_links': 390, 'num_tensors': 98}
2026-08-26 11:28:45,283 [INFO]     [1 | left | 1](candidate_pairs: 48/48 | new_swaps: 10 | total: 48) -> {'max_bond': 16, 'max_links': 4, 'total_elems': 20324, 'total_shapes': 1580, 'total_links': 390, 'num_tensors': 98}
2026-08-26 11:28:45,389 [INFO]     [1 | right | 0](candidate_pairs: 49/49 | new_swaps: 8 | total: 56) -> {'max_bond': 16, 'max_links': 4, 'total_elems': 18236, 'total_shapes': 1518, 'total_links': 390, 'num_tensors': 98}
2026-08-26 11:28:45,494 [INFO]     [1 | right | 1](candidate_pairs: 48/48 | new_swaps: 6 | total: 62) -> {'max_bond': 16, 'max_links': 4, 'total_elems': 15176, 'total_shapes': 1432, 'total_links': 390, 'num_tensors': 98}
2026-08-26 11:28:45,688 [INFO]     [2 | both | 0](candidate_pairs: 49/49 | new_swaps: 21 | total: 21) -> {'max_bond': 16, 'max_links': 4, 'total_elems': 9588, 'total_shapes': 1236, 'total_links': 390, 'num_tensors': 98}
2026-08-26 11:28:45,865 [INFO]     [2 | both | 1](candidate_pairs: 48/48 | new_swaps: 12 | total: 33) -> {'max_bond': 16, 'max_links': 4, 'total_elems': 7640, 'total_shapes': 1142, 'total_links': 390, 'num_tensors': 98}
2026-08-26 11:28:45,958 [INFO]     [2 | left | 0](candidate_pairs: 49/49 | new_swaps: 2 | total: 35) -> {'max_bond': 16, 'max_links': 4, 'total_elems': 7324, 'total_shapes': 1120, 'total_links': 390, 'num_tensors': 98}
2026-08-26 11:28:46,053 [INFO]     [2 | left | 1](candidate_pairs: 48/48 | new_swaps: 3 | total: 38) -> {'max_bond': 8, 'max_links': 4, 'total_elems': 6660, 'total_shapes': 1088, 'total_links': 390, 'num_tensors': 98}
2026-08-26 11:28:46,141 [INFO]     [2 | right | 0](candidate_pairs: 49/49 | new_swaps: 1 | total: 39) -> {'max_bond': 8, 'max_links': 4, 'total_elems': 6500, 'total_shapes': 1080, 'total_links': 390, 'num_tensors': 98}
2026-08-26 11:28:46,215 [INFO]     [2 | right | 1](candidate_pairs: 48/48 | new_swaps: 1 | total: 40) -> {'max_bond': 8, 'max_links': 4, 'total_elems': 6420, 'total_shapes': 1076, 'total_links': 390, 'num_tensors': 98}
2026-08-26 11:28:46,382 [INFO]     [3 | both | 0](candidate_pairs: 49/49 | new_swaps: 7 | total: 7) -> {'max_bond': 8, 'max_links': 4, 'total_elems': 5636, 'total_shapes': 1036, 'total_links': 390, 'num_tensors': 98}
2026-08-26 11:28:46,546 [INFO]     [3 | both | 1](candidate_pairs: 48/48 | new_swaps: 3 | total: 10) -> {'max_bond': 8, 'max_links': 4, 'total_elems': 5404, 'total_shapes': 1024, 'total_links': 390, 'num_tensors': 98}
2026-08-26 11:28:46,586 [INFO]     [3 | left | 0](candidate_pairs: 49/49 | new_swaps: 0 | total: 10) -> {'max_bond': 8, 'max_links': 4, 'total_elems': 5404, 'total_shapes': 1024, 'total_links': 390, 'num_tensors': 98}
2026-08-26 11:28:46,677 [INFO]     [3 | left | 1](candidate_pairs: 48/48 | new_swaps: 1 | total: 11) -> {'max_bond': 8, 'max_links': 4, 'total_elems': 5276, 'total_shapes': 1016, 'total_links': 390, 'num_tensors': 98}
2026-08-26 11:28:46,717 [INFO]     [3 | right | 0](candidate_pairs: 49/49 | new_swaps: 0 | total: 11) -> {'max_bond': 8, 'max_links': 4, 'total_elems': 5276, 'total_shapes': 1016, 'total_links': 390, 'num_tensors': 98}
2026-08-26 11:28:46,789 [INFO]     [3 | right | 1](candidate_pairs: 48/48 | new_swaps: 1 | total: 12) -> {'max_bond': 8, 'max_links': 4, 'total_elems': 5168, 'total_shapes': 1010, 'total_links': 390, 'num_tensors': 98}
2026-08-26 11:28:46,952 [INFO]     [4 | both | 0](candidate_pairs: 49/49 | new_swaps: 3 | total: 3) -> {'max_bond': 8, 'max_links': 4, 'total_elems': 4916, 'total_shapes': 996, 'total_links': 390, 'num_tensors': 98}
2026-08-26 11:28:47,114 [INFO]     [4 | both | 1](candidate_pairs: 48/48 | new_swaps: 2 | total: 5) -> {'max_bond': 8, 'max_links': 4, 'total_elems': 4712, 'total_shapes': 986, 'total_links': 390, 'num_tensors': 98}
2026-08-26 11:28:47,154 [INFO]     [4 | left | 0](candidate_pairs: 49/49 | new_swaps: 0 | total: 5) -> {'max_bond': 8, 'max_links': 4, 'total_elems': 4712, 'total_shapes': 986, 'total_links': 390, 'num_tensors': 98}
2026-08-26 11:28:47,194 [INFO]     [4 | left | 1](candidate_pairs: 48/48 | new_swaps: 0 | total: 5) -> {'max_bond': 8, 'max_links': 4, 'total_elems': 4712, 'total_shapes': 986, 'total_links': 390, 'num_tensors': 98}
2026-08-26 11:28:47,233 [INFO]     [4 | right | 0](candidate_pairs: 49/49 | new_swaps: 0 | total: 5) -> {'max_bond': 8, 'max_links': 4, 'total_elems': 4712, 'total_shapes': 986, 'total_links': 390, 'num_tensors': 98}
2026-08-26 11:28:47,272 [INFO]     [4 | right | 1](candidate_pairs: 48/48 | new_swaps: 0 | total: 5) -> {'max_bond': 8, 'max_links': 4, 'total_elems': 4712, 'total_shapes': 986, 'total_links': 390, 'num_tensors': 98}
2026-08-26 11:28:47,433 [INFO]     [5 | both | 0](candidate_pairs: 49/49 | new_swaps: 2 | total: 2) -> {'max_bond': 8, 'max_links': 4, 'total_elems': 4508, 'total_shapes': 976, 'total_links': 390, 'num_tensors': 98}
2026-08-26 11:28:47,594 [INFO]     [5 | both | 1](candidate_pairs: 48/48 | new_swaps: 2 | total: 4) -> {'max_bond': 8, 'max_links': 4, 'total_elems': 4304, 'total_shapes': 966, 'total_links': 390, 'num_tensors': 98}
2026-08-26 11:28:47,634 [INFO]     [5 | left | 0](candidate_pairs: 49/49 | new_swaps: 0 | total: 4) -> {'max_bond': 8, 'max_links': 4, 'total_elems': 4304, 'total_shapes': 966, 'total_links': 390, 'num_tensors': 98}
2026-08-26 11:28:47,673 [INFO]     [5 | left | 1](candidate_pairs: 48/48 | new_swaps: 0 | total: 4) -> {'max_bond': 8, 'max_links': 4, 'total_elems': 4304, 'total_shapes': 966, 'total_links': 390, 'num_tensors': 98}
2026-08-26 11:28:47,762 [INFO]     [5 | right | 0](candidate_pairs: 49/49 | new_swaps: 2 | total: 6) -> {'max_bond': 8, 'max_links': 4, 'total_elems': 4164, 'total_shapes': 956, 'total_links': 390, 'num_tensors': 98}
2026-08-26 11:28:47,800 [INFO]     [5 | right | 1](candidate_pairs: 48/48 | new_swaps: 0 | total: 6) -> {'max_bond': 8, 'max_links': 4, 'total_elems': 4164, 'total_shapes': 956, 'total_links': 390, 'num_tensors': 98}
2026-08-26 11:28:47,876 [INFO]     [6 | both | 0](candidate_pairs: 49/49 | new_swaps: 0 | total: 0) -> {'max_bond': 8, 'max_links': 4, 'total_elems': 4164, 'total_shapes': 956, 'total_links': 390, 'num_tensors': 98}
2026-08-26 11:28:47,951 [INFO]     [6 | both | 1](candidate_pairs: 48/48 | new_swaps: 0 | total: 0) -> {'max_bond': 8, 'max_links': 4, 'total_elems': 4164, 'total_shapes': 956, 'total_links': 390, 'num_tensors': 98}
2026-08-26 11:28:48,025 [INFO]     [6 | left | 0](candidate_pairs: 49/49 | new_swaps: 1 | total: 1) -> {'max_bond': 8, 'max_links': 4, 'total_elems': 4100, 'total_shapes': 952, 'total_links': 390, 'num_tensors': 98}
2026-08-26 11:28:48,065 [INFO]     [6 | left | 1](candidate_pairs: 48/48 | new_swaps: 0 | total: 1) -> {'max_bond': 8, 'max_links': 4, 'total_elems': 4100, 'total_shapes': 952, 'total_links': 390, 'num_tensors': 98}
2026-08-26 11:28:48,103 [INFO]     [6 | right | 0](candidate_pairs: 49/49 | new_swaps: 0 | total: 1) -> {'max_bond': 8, 'max_links': 4, 'total_elems': 4100, 'total_shapes': 952, 'total_links': 390, 'num_tensors': 98}
2026-08-26 11:28:48,142 [INFO]     [6 | right | 1](candidate_pairs: 48/48 | new_swaps: 0 | total: 1) -> {'max_bond': 8, 'max_links': 4, 'total_elems': 4100, 'total_shapes': 952, 'total_links': 390, 'num_tensors': 98}
2026-08-26 11:28:48,219 [INFO]     [7 | both | 0](candidate_pairs: 49/49 | new_swaps: 0 | total: 0) -> {'max_bond': 8, 'max_links': 4, 'total_elems': 4100, 'total_shapes': 952, 'total_links': 390, 'num_tensors': 98}
2026-08-26 11:28:48,362 [INFO]     [7 | both | 1](candidate_pairs: 48/48 | new_swaps: 1 | total: 1) -> {'max_bond': 8, 'max_links': 4, 'total_elems': 4052, 'total_shapes': 948, 'total_links': 390, 'num_tensors': 98}
2026-08-26 11:28:48,402 [INFO]     [7 | left | 0](candidate_pairs: 49/49 | new_swaps: 0 | total: 1) -> {'max_bond': 8, 'max_links': 4, 'total_elems': 4052, 'total_shapes': 948, 'total_links': 390, 'num_tensors': 98}
2026-08-26 11:28:48,442 [INFO]     [7 | left | 1](candidate_pairs: 48/48 | new_swaps: 0 | total: 1) -> {'max_bond': 8, 'max_links': 4, 'total_elems': 4052, 'total_shapes': 948, 'total_links': 390, 'num_tensors': 98}
2026-08-26 11:28:48,481 [INFO]     [7 | right | 0](candidate_pairs: 49/49 | new_swaps: 0 | total: 1) -> {'max_bond': 8, 'max_links': 4, 'total_elems': 4052, 'total_shapes': 948, 'total_links': 390, 'num_tensors': 98}
2026-08-26 11:28:48,519 [INFO]     [7 | right | 1](candidate_pairs: 48/48 | new_swaps: 0 | total: 1) -> {'max_bond': 8, 'max_links': 4, 'total_elems': 4052, 'total_shapes': 948, 'total_links': 390, 'num_tensors': 98}
2026-08-26 11:28:48,595 [INFO]     [8 | both | 0](candidate_pairs: 49/49 | new_swaps: 0 | total: 0) -> {'max_bond': 8, 'max_links': 4, 'total_elems': 4052, 'total_shapes': 948, 'total_links': 390, 'num_tensors': 98}
2026-08-26 11:28:48,671 [INFO]     [8 | both | 1](candidate_pairs: 48/48 | new_swaps: 0 | total: 0) -> {'max_bond': 8, 'max_links': 4, 'total_elems': 4052, 'total_shapes': 948, 'total_links': 390, 'num_tensors': 98}
2026-08-26 11:28:48,711 [INFO]     [8 | left | 0](candidate_pairs: 49/49 | new_swaps: 0 | total: 0) -> {'max_bond': 8, 'max_links': 4, 'total_elems': 4052, 'total_shapes': 948, 'total_links': 390, 'num_tensors': 98}
2026-08-26 11:28:48,750 [INFO]     [8 | left | 1](candidate_pairs: 48/48 | new_swaps: 0 | total: 0) -> {'max_bond': 8, 'max_links': 4, 'total_elems': 4052, 'total_shapes': 948, 'total_links': 390, 'num_tensors': 98}
2026-08-26 11:28:48,789 [INFO]     [8 | right | 0](candidate_pairs: 49/49 | new_swaps: 0 | total: 0) -> {'max_bond': 8, 'max_links': 4, 'total_elems': 4052, 'total_shapes': 948, 'total_links': 390, 'num_tensors': 98}
2026-08-26 11:28:48,827 [INFO]     [8 | right | 1](candidate_pairs: 48/48 | new_swaps: 0 | total: 0) -> {'max_bond': 8, 'max_links': 4, 'total_elems': 4052, 'total_shapes': 948, 'total_links': 390, 'num_tensors': 98}
2026-08-26 11:28:48,828 [INFO]     [end unswap] -> {'max_bond': 8, 'max_links': 4, 'total_elems': 4052, 'total_shapes': 948, 'total_links': 390, 'num_tensors': 98}
2026-08-26 11:28:48,860 [INFO] [start rewire](phase=post_unswap, cycle=11, side=left, layers=2472, trials=20, seed=123, parallel=False, route_candidates=2, route_score=lookahead_total)
2026-08-26 11:29:01,243 [INFO] [end rewire](phase=post_unswap, cycle=11, side=left, routed_layers=2458, elapsed_s=12.38)
2026-08-26 11:29:01,244 [INFO] [start rewire](phase=post_unswap, cycle=11, side=right, layers=2241, trials=20, seed=123, parallel=False, route_candidates=2, route_score=lookahead_total)
2026-08-26 11:29:09,386 [INFO] [end rewire](phase=post_unswap, cycle=11, side=right, routed_layers=1996, elapsed_s=8.14)
2026-08-26 11:29:09,526 [INFO] [1L/2456](swap: 23, u: 0 | c_u: 0 | t_u_l: 21/992 | t_u_r: 15/992 | t_u: 36/1984) -> {'max_bond': 8, 'max_links': 4, 'total_elems': 4052, 'total_shapes': 948, 'total_links': 390, 'num_tensors': 98}
2026-08-26 11:29:09,632 [INFO] [1R/1994](swap: 16, u: 1 | c_u: 1 | t_u_l: 21/992 | t_u_r: 16/992 | t_u: 37/1984) -> {'max_bond': 8, 'max_links': 4, 'total_elems': 5140, 'total_shapes': 1054, 'total_links': 390, 'num_tensors': 98}
2026-08-26 11:29:09,736 [INFO] [2R/1994](swap: 17, u: 0 | c_u: 1 | t_u_l: 21/992 | t_u_r: 16/992 | t_u: 37/1984) -> {'max_bond': 16, 'max_links': 4, 'total_elems': 8172, 'total_shapes': 1210, 'total_links': 390, 'num_tensors': 98}
2026-08-26 11:29:09,843 [INFO] [2L/2456](swap: 27, u: 0 | c_u: 1 | t_u_l: 21/992 | t_u_r: 16/992 | t_u: 37/1984) -> {'max_bond': 16, 'max_links': 4, 'total_elems': 12360, 'total_shapes': 1450, 'total_links': 390, 'num_tensors': 98}
2026-08-26 11:29:09,953 [INFO] [3R/1994](swap: 19, u: 0 | c_u: 1 | t_u_l: 21/992 | t_u_r: 16/992 | t_u: 37/1984) -> {'max_bond': 32, 'max_links': 4, 'total_elems': 23048, 'total_shapes': 1746, 'total_links': 390, 'num_tensors': 98}
2026-08-26 11:29:10,075 [INFO] [3L/2456](swap: 26, u: 0 | c_u: 1 | t_u_l: 21/992 | t_u_r: 16/992 | t_u: 37/1984) -> {'max_bond': 32, 'max_links': 4, 'total_elems': 39676, 'total_shapes': 2182, 'total_links': 390, 'num_tensors': 98}
2026-08-26 11:29:10,217 [INFO] [4R/1994](swap: 17, u: 0 | c_u: 1 | t_u_l: 21/992 | t_u_r: 16/992 | t_u: 37/1984) -> {'max_bond': 64, 'max_links': 4, 'total_elems': 68100, 'total_shapes': 2574, 'total_links': 390, 'num_tensors': 98}
2026-08-26 11:29:10,399 [INFO] [4L/2456](swap: 22, u: 0 | c_u: 1 | t_u_l: 21/992 | t_u_r: 16/992 | t_u: 37/1984) -> {'max_bond': 128, 'max_links': 4, 'total_elems': 127448, 'total_shapes': 3330, 'total_links': 390, 'num_tensors': 98}
2026-08-26 11:29:10,691 [INFO] [5L/2456](swap: 18, u: 0 | c_u: 1 | t_u_l: 21/992 | t_u_r: 16/992 | t_u: 37/1984) -> {'max_bond': 127, 'max_links': 4, 'total_elems': 243832, 'total_shapes': 4038, 'total_links': 390, 'num_tensors': 98}
2026-08-26 11:29:11,140 [INFO] [5R/1994](swap: 16, u: 0 | c_u: 1 | t_u_l: 21/992 | t_u_r: 16/992 | t_u: 37/1984) -> {'max_bond': 158, 'max_links': 4, 'total_elems': 336512, 'total_shapes': 4530, 'total_links': 390, 'num_tensors': 98}
2026-08-26 11:29:11,735 [INFO] [6L/2456](swap: 12, u: 1 | c_u: 2 | t_u_l: 22/992 | t_u_r: 16/992 | t_u: 38/1984) -> {'max_bond': 149, 'max_links': 4, 'total_elems': 434312, 'total_shapes': 5034, 'total_links': 390, 'num_tensors': 98}
2026-08-26 11:29:12,427 [INFO] [7L/2456](swap: 14, u: 1 | c_u: 3 | t_u_l: 23/992 | t_u_r: 16/992 | t_u: 39/1984) -> {'max_bond': 128, 'max_links': 4, 'total_elems': 506340, 'total_shapes': 5526, 'total_links': 390, 'num_tensors': 98}
2026-08-26 11:29:13,174 [INFO] [8L/2456](swap: 14, u: 2 | c_u: 5 | t_u_l: 25/992 | t_u_r: 16/992 | t_u: 41/1984) -> {'max_bond': 128, 'max_links': 4, 'total_elems': 632932, 'total_shapes': 6250, 'total_links': 390, 'num_tensors': 98}
2026-08-26 11:29:14,421 [INFO] [9L/2456](swap: 14, u: 0 | c_u: 5 | t_u_l: 25/992 | t_u_r: 16/992 | t_u: 41/1984) -> {'max_bond': 128, 'max_links': 4, 'total_elems': 825556, 'total_shapes': 7070, 'total_links': 390, 'num_tensors': 98}
2026-08-26 11:29:16,429 [INFO]     [start unswap] -> {'max_bond': 128, 'max_links': 4, 'total_elems': 825556, 'total_shapes': 7070, 'total_links': 390, 'num_tensors': 98}
2026-08-26 11:29:24,214 [INFO]     [0 | both | 0](candidate_pairs: 49/49 | new_swaps: 10 | total: 10) -> {'max_bond': 238, 'max_links': 4, 'total_elems': 921044, 'total_shapes': 6972, 'total_links': 390, 'num_tensors': 98}
2026-08-26 11:29:32,004 [INFO]     [0 | both | 1](candidate_pairs: 48/48 | new_swaps: 17 | total: 27) -> {'max_bond': 225, 'max_links': 4, 'total_elems': 715344, 'total_shapes': 5848, 'total_links': 390, 'num_tensors': 98}
2026-08-26 11:29:34,499 [INFO]     [0 | left | 0](candidate_pairs: 49/49 | new_swaps: 21 | total: 48) -> {'max_bond': 128, 'max_links': 4, 'total_elems': 473024, 'total_shapes': 4896, 'total_links': 390, 'num_tensors': 98}
2026-08-26 11:29:35,966 [INFO]     [0 | left | 1](candidate_pairs: 48/48 | new_swaps: 26 | total: 74) -> {'max_bond': 128, 'max_links': 4, 'total_elems': 280184, 'total_shapes': 3888, 'total_links': 390, 'num_tensors': 98}
2026-08-26 11:29:36,521 [INFO]     [0 | right | 0](candidate_pairs: 49/49 | new_swaps: 14 | total: 88) -> {'max_bond': 109, 'max_links': 4, 'total_elems': 226168, 'total_shapes': 3358, 'total_links': 390, 'num_tensors': 98}
2026-08-26 11:29:37,139 [INFO]     [0 | right | 1](candidate_pairs: 48/48 | new_swaps: 15 | total: 103) -> {'max_bond': 108, 'max_links': 4, 'total_elems': 188976, 'total_shapes': 2996, 'total_links': 390, 'num_tensors': 98}
2026-08-26 11:29:38,245 [INFO]     [1 | both | 0](candidate_pairs: 49/49 | new_swaps: 23 | total: 23) -> {'max_bond': 107, 'max_links': 4, 'total_elems': 102700, 'total_shapes': 2384, 'total_links': 390, 'num_tensors': 98}
2026-08-26 11:29:38,804 [INFO]     [1 | both | 1](candidate_pairs: 48/48 | new_swaps: 10 | total: 33) -> {'max_bond': 64, 'max_links': 4, 'total_elems': 59940, 'total_shapes': 2080, 'total_links': 390, 'num_tensors': 98}
2026-08-26 11:29:38,964 [INFO]     [1 | left | 0](candidate_pairs: 49/49 | new_swaps: 11 | total: 44) -> {'max_bond': 53, 'max_links': 4, 'total_elems': 47312, 'total_shapes': 1858, 'total_links': 390, 'num_tensors': 98}
2026-08-26 11:29:39,120 [INFO]     [1 | left | 1](candidate_pairs: 48/48 | new_swaps: 14 | total: 58) -> {'max_bond': 53, 'max_links': 4, 'total_elems': 43956, 'total_shapes': 1736, 'total_links': 390, 'num_tensors': 98}
2026-08-26 11:29:39,278 [INFO]     [1 | right | 0](candidate_pairs: 49/49 | new_swaps: 8 | total: 66) -> {'max_bond': 53, 'max_links': 4, 'total_elems': 31604, 'total_shapes': 1588, 'total_links': 390, 'num_tensors': 98}
2026-08-26 11:29:39,400 [INFO]     [1 | right | 1](candidate_pairs: 48/48 | new_swaps: 6 | total: 72) -> {'max_bond': 53, 'max_links': 4, 'total_elems': 27708, 'total_shapes': 1512, 'total_links': 390, 'num_tensors': 98}
2026-08-26 11:29:39,640 [INFO]     [2 | both | 0](candidate_pairs: 49/49 | new_swaps: 10 | total: 10) -> {'max_bond': 53, 'max_links': 4, 'total_elems': 25240, 'total_shapes': 1438, 'total_links': 390, 'num_tensors': 98}
2026-08-26 11:29:39,862 [INFO]     [2 | both | 1](candidate_pairs: 48/48 | new_swaps: 12 | total: 22) -> {'max_bond': 53, 'max_links': 4, 'total_elems': 22484, 'total_shapes': 1352, 'total_links': 390, 'num_tensors': 98}
2026-08-26 11:29:39,975 [INFO]     [2 | left | 0](candidate_pairs: 49/49 | new_swaps: 5 | total: 27) -> {'max_bond': 53, 'max_links': 4, 'total_elems': 22064, 'total_shapes': 1326, 'total_links': 390, 'num_tensors': 98}
2026-08-26 11:29:40,088 [INFO]     [2 | left | 1](candidate_pairs: 48/48 | new_swaps: 3 | total: 30) -> {'max_bond': 53, 'max_links': 4, 'total_elems': 21720, 'total_shapes': 1304, 'total_links': 390, 'num_tensors': 98}
2026-08-26 11:29:40,198 [INFO]     [2 | right | 0](candidate_pairs: 49/49 | new_swaps: 3 | total: 33) -> {'max_bond': 53, 'max_links': 4, 'total_elems': 21248, 'total_shapes': 1282, 'total_links': 390, 'num_tensors': 98}
2026-08-26 11:29:40,305 [INFO]     [2 | right | 1](candidate_pairs: 48/48 | new_swaps: 3 | total: 36) -> {'max_bond': 53, 'max_links': 4, 'total_elems': 20972, 'total_shapes': 1268, 'total_links': 390, 'num_tensors': 98}
2026-08-26 11:29:40,517 [INFO]     [3 | both | 0](candidate_pairs: 49/49 | new_swaps: 8 | total: 8) -> {'max_bond': 53, 'max_links': 4, 'total_elems': 17332, 'total_shapes': 1212, 'total_links': 390, 'num_tensors': 98}
2026-08-26 11:29:40,705 [INFO]     [3 | both | 1](candidate_pairs: 48/48 | new_swaps: 3 | total: 11) -> {'max_bond': 27, 'max_links': 4, 'total_elems': 9720, 'total_shapes': 1118, 'total_links': 390, 'num_tensors': 98}
2026-08-26 11:29:40,808 [INFO]     [3 | left | 0](candidate_pairs: 49/49 | new_swaps: 2 | total: 13) -> {'max_bond': 17, 'max_links': 4, 'total_elems': 8784, 'total_shapes': 1096, 'total_links': 390, 'num_tensors': 98}
2026-08-26 11:29:40,909 [INFO]     [3 | left | 1](candidate_pairs: 48/48 | new_swaps: 2 | total: 15) -> {'max_bond': 17, 'max_links': 4, 'total_elems': 8256, 'total_shapes': 1082, 'total_links': 390, 'num_tensors': 98}
2026-08-26 11:29:41,004 [INFO]     [3 | right | 0](candidate_pairs: 49/49 | new_swaps: 1 | total: 16) -> {'max_bond': 16, 'max_links': 4, 'total_elems': 7392, 'total_shapes': 1058, 'total_links': 390, 'num_tensors': 98}
2026-08-26 11:29:41,097 [INFO]     [3 | right | 1](candidate_pairs: 48/48 | new_swaps: 2 | total: 18) -> {'max_bond': 16, 'max_links': 4, 'total_elems': 7092, 'total_shapes': 1044, 'total_links': 390, 'num_tensors': 98}
2026-08-26 11:29:41,251 [INFO]     [4 | both | 0](candidate_pairs: 49/49 | new_swaps: 1 | total: 1) -> {'max_bond': 16, 'max_links': 4, 'total_elems': 7080, 'total_shapes': 1042, 'total_links': 390, 'num_tensors': 98}
2026-08-26 11:29:41,403 [INFO]     [4 | both | 1](candidate_pairs: 48/48 | new_swaps: 1 | total: 2) -> {'max_bond': 16, 'max_links': 4, 'total_elems': 7068, 'total_shapes': 1040, 'total_links': 390, 'num_tensors': 98}
2026-08-26 11:29:41,496 [INFO]     [4 | left | 0](candidate_pairs: 49/49 | new_swaps: 1 | total: 3) -> {'max_bond': 16, 'max_links': 4, 'total_elems': 7012, 'total_shapes': 1036, 'total_links': 390, 'num_tensors': 98}
2026-08-26 11:29:41,542 [INFO]     [4 | left | 1](candidate_pairs: 48/48 | new_swaps: 0 | total: 3) -> {'max_bond': 16, 'max_links': 4, 'total_elems': 7012, 'total_shapes': 1036, 'total_links': 390, 'num_tensors': 98}
2026-08-26 11:29:41,585 [INFO]     [4 | right | 0](candidate_pairs: 49/49 | new_swaps: 0 | total: 3) -> {'max_bond': 16, 'max_links': 4, 'total_elems': 7012, 'total_shapes': 1036, 'total_links': 390, 'num_tensors': 98}
2026-08-26 11:29:41,629 [INFO]     [4 | right | 1](candidate_pairs: 48/48 | new_swaps: 0 | total: 3) -> {'max_bond': 16, 'max_links': 4, 'total_elems': 7012, 'total_shapes': 1036, 'total_links': 390, 'num_tensors': 98}
2026-08-26 11:29:41,783 [INFO]     [5 | both | 0](candidate_pairs: 49/49 | new_swaps: 2 | total: 2) -> {'max_bond': 16, 'max_links': 4, 'total_elems': 6944, 'total_shapes': 1030, 'total_links': 390, 'num_tensors': 98}
2026-08-26 11:29:41,949 [INFO]     [5 | both | 1](candidate_pairs: 48/48 | new_swaps: 2 | total: 4) -> {'max_bond': 16, 'max_links': 4, 'total_elems': 6892, 'total_shapes': 1024, 'total_links': 390, 'num_tensors': 98}
2026-08-26 11:29:41,992 [INFO]     [5 | left | 0](candidate_pairs: 49/49 | new_swaps: 0 | total: 4) -> {'max_bond': 16, 'max_links': 4, 'total_elems': 6892, 'total_shapes': 1024, 'total_links': 390, 'num_tensors': 98}
2026-08-26 11:29:42,037 [INFO]     [5 | left | 1](candidate_pairs: 48/48 | new_swaps: 0 | total: 4) -> {'max_bond': 16, 'max_links': 4, 'total_elems': 6892, 'total_shapes': 1024, 'total_links': 390, 'num_tensors': 98}
2026-08-26 11:29:42,114 [INFO]     [5 | right | 0](candidate_pairs: 49/49 | new_swaps: 1 | total: 5) -> {'max_bond': 16, 'max_links': 4, 'total_elems': 6880, 'total_shapes': 1022, 'total_links': 390, 'num_tensors': 98}
2026-08-26 11:29:42,157 [INFO]     [5 | right | 1](candidate_pairs: 48/48 | new_swaps: 0 | total: 5) -> {'max_bond': 16, 'max_links': 4, 'total_elems': 6880, 'total_shapes': 1022, 'total_links': 390, 'num_tensors': 98}
2026-08-26 11:29:42,240 [INFO]     [6 | both | 0](candidate_pairs: 49/49 | new_swaps: 0 | total: 0) -> {'max_bond': 16, 'max_links': 4, 'total_elems': 6880, 'total_shapes': 1022, 'total_links': 390, 'num_tensors': 98}
2026-08-26 11:29:42,321 [INFO]     [6 | both | 1](candidate_pairs: 48/48 | new_swaps: 0 | total: 0) -> {'max_bond': 16, 'max_links': 4, 'total_elems': 6880, 'total_shapes': 1022, 'total_links': 390, 'num_tensors': 98}
2026-08-26 11:29:42,364 [INFO]     [6 | left | 0](candidate_pairs: 49/49 | new_swaps: 0 | total: 0) -> {'max_bond': 16, 'max_links': 4, 'total_elems': 6880, 'total_shapes': 1022, 'total_links': 390, 'num_tensors': 98}
2026-08-26 11:29:42,407 [INFO]     [6 | left | 1](candidate_pairs: 48/48 | new_swaps: 0 | total: 0) -> {'max_bond': 16, 'max_links': 4, 'total_elems': 6880, 'total_shapes': 1022, 'total_links': 390, 'num_tensors': 98}
2026-08-26 11:29:42,449 [INFO]     [6 | right | 0](candidate_pairs: 49/49 | new_swaps: 0 | total: 0) -> {'max_bond': 16, 'max_links': 4, 'total_elems': 6880, 'total_shapes': 1022, 'total_links': 390, 'num_tensors': 98}
2026-08-26 11:29:42,492 [INFO]     [6 | right | 1](candidate_pairs: 48/48 | new_swaps: 0 | total: 0) -> {'max_bond': 16, 'max_links': 4, 'total_elems': 6880, 'total_shapes': 1022, 'total_links': 390, 'num_tensors': 98}
2026-08-26 11:29:42,493 [INFO]     [end unswap] -> {'max_bond': 16, 'max_links': 4, 'total_elems': 6880, 'total_shapes': 1022, 'total_links': 390, 'num_tensors': 98}
2026-08-26 11:29:42,529 [INFO] [start rewire](phase=post_unswap, cycle=12, side=left, layers=2449, trials=20, seed=123, parallel=False, route_candidates=2, route_score=lookahead_total)
2026-08-26 11:29:53,773 [INFO] [end rewire](phase=post_unswap, cycle=12, side=left, routed_layers=2155, elapsed_s=11.24)
2026-08-26 11:29:53,774 [INFO] [start rewire](phase=post_unswap, cycle=12, side=right, layers=1991, trials=20, seed=123, parallel=False, route_candidates=2, route_score=lookahead_total)
2026-08-26 11:30:02,569 [INFO] [end rewire](phase=post_unswap, cycle=12, side=right, routed_layers=2057, elapsed_s=8.80)
2026-08-26 11:30:02,713 [INFO] [1L/2153](swap: 23, u: 0 | c_u: 0 | t_u_l: 25/992 | t_u_r: 16/992 | t_u: 41/1984) -> {'max_bond': 16, 'max_links': 4, 'total_elems': 6880, 'total_shapes': 1022, 'total_links': 390, 'num_tensors': 98}
2026-08-26 11:30:02,821 [INFO] [1R/2055](swap: 19, u: 0 | c_u: 0 | t_u_l: 25/992 | t_u_r: 16/992 | t_u: 41/1984) -> {'max_bond': 16, 'max_links': 4, 'total_elems': 8736, 'total_shapes': 1156, 'total_links': 390, 'num_tensors': 98}
2026-08-26 11:30:02,931 [INFO] [2L/2153](swap: 25, u: 0 | c_u: 0 | t_u_l: 25/992 | t_u_r: 16/992 | t_u: 41/1984) -> {'max_bond': 32, 'max_links': 4, 'total_elems': 12856, 'total_shapes': 1356, 'total_links': 390, 'num_tensors': 98}
2026-08-26 11:30:03,049 [INFO] [2R/2055](swap: 19, u: 0 | c_u: 0 | t_u_l: 25/992 | t_u_r: 16/992 | t_u: 41/1984) -> {'max_bond': 32, 'max_links': 4, 'total_elems': 18092, 'total_shapes': 1558, 'total_links': 390, 'num_tensors': 98}
2026-08-26 11:30:03,174 [INFO] [3R/2055](swap: 18, u: 0 | c_u: 0 | t_u_l: 25/992 | t_u_r: 16/992 | t_u: 41/1984) -> {'max_bond': 64, 'max_links': 4, 'total_elems': 32872, 'total_shapes': 1838, 'total_links': 390, 'num_tensors': 98}
2026-08-26 11:30:03,304 [INFO] [3L/2153](swap: 20, u: 1 | c_u: 1 | t_u_l: 26/992 | t_u_r: 16/992 | t_u: 42/1984) -> {'max_bond': 32, 'max_links': 4, 'total_elems': 41084, 'total_shapes': 2094, 'total_links': 390, 'num_tensors': 98}
2026-08-26 11:30:03,444 [INFO] [4R/2055](swap: 16, u: 0 | c_u: 1 | t_u_l: 26/992 | t_u_r: 16/992 | t_u: 42/1984) -> {'max_bond': 32, 'max_links': 4, 'total_elems': 55632, 'total_shapes': 2382, 'total_links': 390, 'num_tensors': 98}
2026-08-26 11:30:03,597 [INFO] [4L/2153](swap: 19, u: 1 | c_u: 2 | t_u_l: 27/992 | t_u_r: 16/992 | t_u: 43/1984) -> {'max_bond': 64, 'max_links': 4, 'total_elems': 79788, 'total_shapes': 2742, 'total_links': 390, 'num_tensors': 98}
2026-08-26 11:30:03,773 [INFO] [5L/2153](swap: 18, u: 1 | c_u: 3 | t_u_l: 28/992 | t_u_r: 16/992 | t_u: 44/1984) -> {'max_bond': 110, 'max_links': 4, 'total_elems': 118804, 'total_shapes': 3202, 'total_links': 390, 'num_tensors': 98}
2026-08-26 11:30:03,998 [INFO] [6L/2153](swap: 19, u: 1 | c_u: 4 | t_u_l: 29/992 | t_u_r: 16/992 | t_u: 45/1984) -> {'max_bond': 127, 'max_links': 4, 'total_elems': 176712, 'total_shapes': 3868, 'total_links': 390, 'num_tensors': 98}
2026-08-26 11:30:04,341 [INFO] [7L/2153](swap: 18, u: 0 | c_u: 4 | t_u_l: 29/992 | t_u_r: 16/992 | t_u: 45/1984) -> {'max_bond': 128, 'max_links': 4, 'total_elems': 340212, 'total_shapes': 4748, 'total_links': 390, 'num_tensors': 98}
2026-08-26 11:30:04,938 [INFO] [8L/2153](swap: 15, u: 3 | c_u: 7 | t_u_l: 32/992 | t_u_r: 16/992 | t_u: 48/1984) -> {'max_bond': 128, 'max_links': 4, 'total_elems': 485940, 'total_shapes': 5466, 'total_links': 390, 'num_tensors': 98}
2026-08-26 11:30:05,794 [INFO] [9L/2153](swap: 18, u: 0 | c_u: 7 | t_u_l: 32/992 | t_u_r: 16/992 | t_u: 48/1984) -> {'max_bond': 235, 'max_links': 4, 'total_elems': 627112, 'total_shapes': 6380, 'total_links': 390, 'num_tensors': 98}
2026-08-26 11:30:07,040 [INFO] [10L/2153](swap: 18, u: 0 | c_u: 7 | t_u_l: 32/992 | t_u_r: 16/992 | t_u: 48/1984) -> {'max_bond': 240, 'max_links': 4, 'total_elems': 948824, 'total_shapes': 7754, 'total_links': 390, 'num_tensors': 98}
2026-08-26 11:30:09,394 [INFO]     [start unswap] -> {'max_bond': 240, 'max_links': 4, 'total_elems': 948824, 'total_shapes': 7754, 'total_links': 390, 'num_tensors': 98}
2026-08-26 11:30:25,747 [INFO]     [0 | both | 0](candidate_pairs: 49/49 | new_swaps: 13 | total: 13) -> {'max_bond': 253, 'max_links': 4, 'total_elems': 1003464, 'total_shapes': 7698, 'total_links': 390, 'num_tensors': 98}
2026-08-26 11:30:31,536 [INFO]     [0 | both | 1](candidate_pairs: 48/48 | new_swaps: 21 | total: 34) -> {'max_bond': 248, 'max_links': 4, 'total_elems': 530548, 'total_shapes': 5634, 'total_links': 390, 'num_tensors': 98}
2026-08-26 11:30:32,689 [INFO]     [0 | left | 0](candidate_pairs: 49/49 | new_swaps: 17 | total: 51) -> {'max_bond': 123, 'max_links': 4, 'total_elems': 270796, 'total_shapes': 4314, 'total_links': 390, 'num_tensors': 98}
2026-08-26 11:30:33,317 [INFO]     [0 | left | 1](candidate_pairs: 48/48 | new_swaps: 22 | total: 73) -> {'max_bond': 94, 'max_links': 4, 'total_elems': 141416, 'total_shapes': 3432, 'total_links': 390, 'num_tensors': 98}
2026-08-26 11:30:33,560 [INFO]     [0 | right | 0](candidate_pairs: 49/49 | new_swaps: 16 | total: 89) -> {'max_bond': 64, 'max_links': 4, 'total_elems': 91976, 'total_shapes': 2860, 'total_links': 390, 'num_tensors': 98}
2026-08-26 11:30:33,764 [INFO]     [0 | right | 1](candidate_pairs: 48/48 | new_swaps: 11 | total: 100) -> {'max_bond': 32, 'max_links': 4, 'total_elems': 64284, 'total_shapes': 2550, 'total_links': 390, 'num_tensors': 98}
2026-08-26 11:30:34,063 [INFO]     [1 | both | 0](candidate_pairs: 49/49 | new_swaps: 20 | total: 20) -> {'max_bond': 32, 'max_links': 4, 'total_elems': 41792, 'total_shapes': 2104, 'total_links': 390, 'num_tensors': 98}
2026-08-26 11:30:34,310 [INFO]     [1 | both | 1](candidate_pairs: 48/48 | new_swaps: 14 | total: 34) -> {'max_bond': 32, 'max_links': 4, 'total_elems': 31708, 'total_shapes': 1868, 'total_links': 390, 'num_tensors': 98}
2026-08-26 11:30:34,432 [INFO]     [1 | left | 0](candidate_pairs: 49/49 | new_swaps: 10 | total: 44) -> {'max_bond': 24, 'max_links': 4, 'total_elems': 26096, 'total_shapes': 1716, 'total_links': 390, 'num_tensors': 98}
2026-08-26 11:30:34,553 [INFO]     [1 | left | 1](candidate_pairs: 48/48 | new_swaps: 13 | total: 57) -> {'max_bond': 24, 'max_links': 4, 'total_elems': 19512, 'total_shapes': 1552, 'total_links': 390, 'num_tensors': 98}
2026-08-26 11:30:34,655 [INFO]     [1 | right | 0](candidate_pairs: 49/49 | new_swaps: 4 | total: 61) -> {'max_bond': 24, 'max_links': 4, 'total_elems': 18240, 'total_shapes': 1508, 'total_links': 390, 'num_tensors': 98}
2026-08-26 11:30:34,756 [INFO]     [1 | right | 1](candidate_pairs: 48/48 | new_swaps: 2 | total: 63) -> {'max_bond': 24, 'max_links': 4, 'total_elems': 18008, 'total_shapes': 1496, 'total_links': 390, 'num_tensors': 98}
2026-08-26 11:30:34,954 [INFO]     [2 | both | 0](candidate_pairs: 49/49 | new_swaps: 16 | total: 16) -> {'max_bond': 24, 'max_links': 4, 'total_elems': 13072, 'total_shapes': 1356, 'total_links': 390, 'num_tensors': 98}
2026-08-26 11:30:35,135 [INFO]     [2 | both | 1](candidate_pairs: 48/48 | new_swaps: 10 | total: 26) -> {'max_bond': 16, 'max_links': 4, 'total_elems': 10024, 'total_shapes': 1256, 'total_links': 390, 'num_tensors': 98}
2026-08-26 11:30:35,235 [INFO]     [2 | left | 0](candidate_pairs: 49/49 | new_swaps: 6 | total: 32) -> {'max_bond': 16, 'max_links': 4, 'total_elems': 9056, 'total_shapes': 1204, 'total_links': 390, 'num_tensors': 98}
2026-08-26 11:30:35,334 [INFO]     [2 | left | 1](candidate_pairs: 48/48 | new_swaps: 6 | total: 38) -> {'max_bond': 12, 'max_links': 4, 'total_elems': 7256, 'total_shapes': 1132, 'total_links': 390, 'num_tensors': 98}
2026-08-26 11:30:35,426 [INFO]     [2 | right | 0](candidate_pairs: 49/49 | new_swaps: 3 | total: 41) -> {'max_bond': 12, 'max_links': 4, 'total_elems': 7092, 'total_shapes': 1118, 'total_links': 390, 'num_tensors': 98}
2026-08-26 11:30:35,518 [INFO]     [2 | right | 1](candidate_pairs: 48/48 | new_swaps: 1 | total: 42) -> {'max_bond': 12, 'max_links': 4, 'total_elems': 7012, 'total_shapes': 1114, 'total_links': 390, 'num_tensors': 98}
2026-08-26 11:30:35,688 [INFO]     [3 | both | 0](candidate_pairs: 49/49 | new_swaps: 8 | total: 8) -> {'max_bond': 12, 'max_links': 4, 'total_elems': 6008, 'total_shapes': 1058, 'total_links': 390, 'num_tensors': 98}
2026-08-26 11:30:35,854 [INFO]     [3 | both | 1](candidate_pairs: 48/48 | new_swaps: 4 | total: 12) -> {'max_bond': 12, 'max_links': 4, 'total_elems': 5732, 'total_shapes': 1040, 'total_links': 390, 'num_tensors': 98}
2026-08-26 11:30:35,947 [INFO]     [3 | left | 0](candidate_pairs: 49/49 | new_swaps: 2 | total: 14) -> {'max_bond': 12, 'max_links': 4, 'total_elems': 5588, 'total_shapes': 1032, 'total_links': 390, 'num_tensors': 98}
2026-08-26 11:30:36,041 [INFO]     [3 | left | 1](candidate_pairs: 48/48 | new_swaps: 3 | total: 17) -> {'max_bond': 12, 'max_links': 4, 'total_elems': 5412, 'total_shapes': 1010, 'total_links': 390, 'num_tensors': 98}
2026-08-26 11:30:36,115 [INFO]     [3 | right | 0](candidate_pairs: 49/49 | new_swaps: 1 | total: 18) -> {'max_bond': 12, 'max_links': 4, 'total_elems': 5380, 'total_shapes': 1008, 'total_links': 390, 'num_tensors': 98}
2026-08-26 11:30:36,188 [INFO]     [3 | right | 1](candidate_pairs: 48/48 | new_swaps: 1 | total: 19) -> {'max_bond': 12, 'max_links': 4, 'total_elems': 5344, 'total_shapes': 1006, 'total_links': 390, 'num_tensors': 98}
2026-08-26 11:30:36,335 [INFO]     [4 | both | 0](candidate_pairs: 49/49 | new_swaps: 1 | total: 1) -> {'max_bond': 12, 'max_links': 4, 'total_elems': 5332, 'total_shapes': 1004, 'total_links': 390, 'num_tensors': 98}
2026-08-26 11:30:36,488 [INFO]     [4 | both | 1](candidate_pairs: 48/48 | new_swaps: 1 | total: 2) -> {'max_bond': 12, 'max_links': 4, 'total_elems': 5320, 'total_shapes': 1002, 'total_links': 390, 'num_tensors': 98}
2026-08-26 11:30:36,529 [INFO]     [4 | left | 0](candidate_pairs: 49/49 | new_swaps: 0 | total: 2) -> {'max_bond': 12, 'max_links': 4, 'total_elems': 5320, 'total_shapes': 1002, 'total_links': 390, 'num_tensors': 98}
2026-08-26 11:30:36,572 [INFO]     [4 | left | 1](candidate_pairs: 48/48 | new_swaps: 0 | total: 2) -> {'max_bond': 12, 'max_links': 4, 'total_elems': 5320, 'total_shapes': 1002, 'total_links': 390, 'num_tensors': 98}
2026-08-26 11:30:36,614 [INFO]     [4 | right | 0](candidate_pairs: 49/49 | new_swaps: 0 | total: 2) -> {'max_bond': 12, 'max_links': 4, 'total_elems': 5320, 'total_shapes': 1002, 'total_links': 390, 'num_tensors': 98}
2026-08-26 11:30:36,655 [INFO]     [4 | right | 1](candidate_pairs: 48/48 | new_swaps: 0 | total: 2) -> {'max_bond': 12, 'max_links': 4, 'total_elems': 5320, 'total_shapes': 1002, 'total_links': 390, 'num_tensors': 98}
2026-08-26 11:30:36,737 [INFO]     [5 | both | 0](candidate_pairs: 49/49 | new_swaps: 0 | total: 0) -> {'max_bond': 12, 'max_links': 4, 'total_elems': 5320, 'total_shapes': 1002, 'total_links': 390, 'num_tensors': 98}
2026-08-26 11:30:36,818 [INFO]     [5 | both | 1](candidate_pairs: 48/48 | new_swaps: 0 | total: 0) -> {'max_bond': 12, 'max_links': 4, 'total_elems': 5320, 'total_shapes': 1002, 'total_links': 390, 'num_tensors': 98}
2026-08-26 11:30:36,859 [INFO]     [5 | left | 0](candidate_pairs: 49/49 | new_swaps: 0 | total: 0) -> {'max_bond': 12, 'max_links': 4, 'total_elems': 5320, 'total_shapes': 1002, 'total_links': 390, 'num_tensors': 98}
2026-08-26 11:30:36,899 [INFO]     [5 | left | 1](candidate_pairs: 48/48 | new_swaps: 0 | total: 0) -> {'max_bond': 12, 'max_links': 4, 'total_elems': 5320, 'total_shapes': 1002, 'total_links': 390, 'num_tensors': 98}
2026-08-26 11:30:36,939 [INFO]     [5 | right | 0](candidate_pairs: 49/49 | new_swaps: 0 | total: 0) -> {'max_bond': 12, 'max_links': 4, 'total_elems': 5320, 'total_shapes': 1002, 'total_links': 390, 'num_tensors': 98}
2026-08-26 11:30:36,980 [INFO]     [5 | right | 1](candidate_pairs: 48/48 | new_swaps: 0 | total: 0) -> {'max_bond': 12, 'max_links': 4, 'total_elems': 5320, 'total_shapes': 1002, 'total_links': 390, 'num_tensors': 98}
2026-08-26 11:30:36,981 [INFO]     [end unswap] -> {'max_bond': 12, 'max_links': 4, 'total_elems': 5320, 'total_shapes': 1002, 'total_links': 390, 'num_tensors': 98}
2026-08-26 11:30:37,019 [INFO] [start rewire](phase=post_unswap, cycle=13, side=left, layers=2145, trials=20, seed=123, parallel=False, route_candidates=2, route_score=lookahead_total)
2026-08-26 11:30:48,516 [INFO] [end rewire](phase=post_unswap, cycle=13, side=left, routed_layers=2263, elapsed_s=11.50)
2026-08-26 11:30:48,516 [INFO] [start rewire](phase=post_unswap, cycle=13, side=right, layers=2053, trials=20, seed=123, parallel=False, route_candidates=2, route_score=lookahead_total)
2026-08-26 11:30:56,087 [INFO] [end rewire](phase=post_unswap, cycle=13, side=right, routed_layers=2230, elapsed_s=7.57)
2026-08-26 11:30:56,235 [INFO] [1L/2261](swap: 20, u: 0 | c_u: 0 | t_u_l: 32/992 | t_u_r: 16/992 | t_u: 48/1984) -> {'max_bond': 12, 'max_links': 4, 'total_elems': 5320, 'total_shapes': 1002, 'total_links': 390, 'num_tensors': 98}
2026-08-26 11:30:56,341 [INFO] [1R/2228](swap: 16, u: 0 | c_u: 0 | t_u_l: 32/992 | t_u_r: 16/992 | t_u: 48/1984) -> {'max_bond': 12, 'max_links': 4, 'total_elems': 6336, 'total_shapes': 1108, 'total_links': 390, 'num_tensors': 98}
2026-08-26 11:30:56,448 [INFO] [2L/2261](swap: 21, u: 0 | c_u: 0 | t_u_l: 32/992 | t_u_r: 16/992 | t_u: 48/1984) -> {'max_bond': 16, 'max_links': 4, 'total_elems': 8912, 'total_shapes': 1242, 'total_links': 390, 'num_tensors': 98}
2026-08-26 11:30:56,555 [INFO] [2R/2228](swap: 18, u: 0 | c_u: 0 | t_u_l: 32/992 | t_u_r: 16/992 | t_u: 48/1984) -> {'max_bond': 16, 'max_links': 4, 'total_elems': 13336, 'total_shapes': 1416, 'total_links': 390, 'num_tensors': 98}
2026-08-26 11:30:56,665 [INFO] [3L/2261](swap: 19, u: 0 | c_u: 0 | t_u_l: 32/992 | t_u_r: 16/992 | t_u: 48/1984) -> {'max_bond': 27, 'max_links': 4, 'total_elems': 19036, 'total_shapes': 1616, 'total_links': 390, 'num_tensors': 98}
2026-08-26 11:30:56,780 [INFO] [3R/2228](swap: 13, u: 0 | c_u: 0 | t_u_l: 32/992 | t_u_r: 16/992 | t_u: 48/1984) -> {'max_bond': 32, 'max_links': 4, 'total_elems': 27020, 'total_shapes': 1798, 'total_links': 390, 'num_tensors': 98}
2026-08-26 11:30:56,903 [INFO] [4R/2228](swap: 12, u: 0 | c_u: 0 | t_u_l: 32/992 | t_u_r: 16/992 | t_u: 48/1984) -> {'max_bond': 32, 'max_links': 4, 'total_elems': 38212, 'total_shapes': 2062, 'total_links': 390, 'num_tensors': 98}
2026-08-26 11:30:57,030 [INFO] [5R/2228](swap: 11, u: 0 | c_u: 0 | t_u_l: 32/992 | t_u_r: 16/992 | t_u: 48/1984) -> {'max_bond': 32, 'max_links': 4, 'total_elems': 49368, 'total_shapes': 2298, 'total_links': 390, 'num_tensors': 98}
2026-08-26 11:30:57,164 [INFO] [6R/2228](swap: 11, u: 0 | c_u: 0 | t_u_l: 32/992 | t_u_r: 16/992 | t_u: 48/1984) -> {'max_bond': 64, 'max_links': 4, 'total_elems': 67320, 'total_shapes': 2512, 'total_links': 390, 'num_tensors': 98}
2026-08-26 11:30:57,319 [INFO] [7R/2228](swap: 11, u: 0 | c_u: 0 | t_u_l: 32/992 | t_u_r: 16/992 | t_u: 48/1984) -> {'max_bond': 64, 'max_links': 4, 'total_elems': 97216, 'total_shapes': 2898, 'total_links': 390, 'num_tensors': 98}
2026-08-26 11:30:57,496 [INFO] [8R/2228](swap: 6, u: 0 | c_u: 0 | t_u_l: 32/992 | t_u_r: 16/992 | t_u: 48/1984) -> {'max_bond': 64, 'max_links': 4, 'total_elems': 113824, 'total_shapes': 3038, 'total_links': 390, 'num_tensors': 98}
2026-08-26 11:30:57,670 [INFO] [9R/2228](swap: 6, u: 0 | c_u: 0 | t_u_l: 32/992 | t_u_r: 16/992 | t_u: 48/1984) -> {'max_bond': 64, 'max_links': 4, 'total_elems': 121120, 'total_shapes': 3130, 'total_links': 390, 'num_tensors': 98}
2026-08-26 11:30:57,847 [INFO] [10R/2228](swap: 7, u: 0 | c_u: 0 | t_u_l: 32/992 | t_u_r: 16/992 | t_u: 48/1984) -> {'max_bond': 64, 'max_links': 4, 'total_elems': 132112, 'total_shapes': 3332, 'total_links': 390, 'num_tensors': 98}
2026-08-26 11:30:58,039 [INFO] [11R/2228](swap: 8, u: 1 | c_u: 1 | t_u_l: 32/992 | t_u_r: 17/992 | t_u: 49/1984) -> {'max_bond': 64, 'max_links': 4, 'total_elems': 162828, 'total_shapes': 3626, 'total_links': 390, 'num_tensors': 98}
2026-08-26 11:30:58,304 [INFO] [4L/2261](swap: 17, u: 0 | c_u: 1 | t_u_l: 32/992 | t_u_r: 17/992 | t_u: 49/1984) -> {'max_bond': 78, 'max_links': 4, 'total_elems': 220336, 'total_shapes': 4202, 'total_links': 390, 'num_tensors': 98}
2026-08-26 11:30:58,611 [INFO] [12R/2228](swap: 10, u: 0 | c_u: 1 | t_u_l: 32/992 | t_u_r: 17/992 | t_u: 49/1984) -> {'max_bond': 128, 'max_links': 4, 'total_elems': 323340, 'total_shapes': 4740, 'total_links': 390, 'num_tensors': 98}
2026-08-26 11:30:59,117 [INFO] [13R/2228](swap: 10, u: 0 | c_u: 1 | t_u_l: 32/992 | t_u_r: 17/992 | t_u: 49/1984) -> {'max_bond': 127, 'max_links': 4, 'total_elems': 446792, 'total_shapes': 5178, 'total_links': 390, 'num_tensors': 98}
2026-08-26 11:30:59,776 [INFO] [14R/2228](swap: 12, u: 0 | c_u: 1 | t_u_l: 32/992 | t_u_r: 17/992 | t_u: 49/1984) -> {'max_bond': 126, 'max_links': 4, 'total_elems': 481112, 'total_shapes': 5604, 'total_links': 390, 'num_tensors': 98}
2026-08-26 11:31:00,353 [INFO] [15R/2228](swap: 10, u: 0 | c_u: 1 | t_u_l: 32/992 | t_u_r: 17/992 | t_u: 49/1984) -> {'max_bond': 125, 'max_links': 4, 'total_elems': 550732, 'total_shapes': 5962, 'total_links': 390, 'num_tensors': 98}
2026-08-26 11:31:01,072 [INFO] [16R/2228](swap: 10, u: 0 | c_u: 1 | t_u_l: 32/992 | t_u_r: 17/992 | t_u: 49/1984) -> {'max_bond': 181, 'max_links': 4, 'total_elems': 690812, 'total_shapes': 6724, 'total_links': 390, 'num_tensors': 98}
2026-08-26 11:31:01,976 [INFO] [17R/2228](swap: 9, u: 0 | c_u: 1 | t_u_l: 32/992 | t_u_r: 17/992 | t_u: 49/1984) -> {'max_bond': 170, 'max_links': 4, 'total_elems': 845216, 'total_shapes': 7076, 'total_links': 390, 'num_tensors': 98}
2026-08-26 11:31:03,233 [INFO] [18R/2228](swap: 7, u: 2 | c_u: 3 | t_u_l: 32/992 | t_u_r: 19/992 | t_u: 51/1984) -> {'max_bond': 161, 'max_links': 4, 'total_elems': 868040, 'total_shapes': 7136, 'total_links': 390, 'num_tensors': 98}
2026-08-26 11:31:04,643 [INFO] [19R/2228](swap: 6, u: 0 | c_u: 3 | t_u_l: 32/992 | t_u_r: 19/992 | t_u: 51/1984) -> {'max_bond': 145, 'max_links': 4, 'total_elems': 898916, 'total_shapes': 7188, 'total_links': 390, 'num_tensors': 98}
2026-08-26 11:31:06,054 [INFO] [20R/2228](swap: 6, u: 0 | c_u: 3 | t_u_l: 32/992 | t_u_r: 19/992 | t_u: 51/1984) -> {'max_bond': 138, 'max_links': 4, 'total_elems': 789372, 'total_shapes': 6848, 'total_links': 390, 'num_tensors': 98}
2026-08-26 11:31:07,267 [INFO] [21R/2228](swap: 6, u: 0 | c_u: 3 | t_u_l: 32/992 | t_u_r: 19/992 | t_u: 51/1984) -> {'max_bond': 127, 'max_links': 4, 'total_elems': 739840, 'total_shapes': 6734, 'total_links': 390, 'num_tensors': 98}
2026-08-26 11:31:08,414 [INFO] [22R/2228](swap: 6, u: 0 | c_u: 3 | t_u_l: 32/992 | t_u_r: 19/992 | t_u: 51/1984) -> {'max_bond': 120, 'max_links': 4, 'total_elems': 711028, 'total_shapes': 6756, 'total_links': 390, 'num_tensors': 98}
2026-08-26 11:31:09,374 [INFO] [23R/2228](swap: 2, u: 1 | c_u: 4 | t_u_l: 32/992 | t_u_r: 20/992 | t_u: 52/1984) -> {'max_bond': 115, 'max_links': 4, 'total_elems': 703260, 'total_shapes': 6852, 'total_links': 390, 'num_tensors': 98}
2026-08-26 11:31:10,340 [INFO] [24R/2228](swap: 5, u: 0 | c_u: 4 | t_u_l: 32/992 | t_u_r: 20/992 | t_u: 52/1984) -> {'max_bond': 112, 'max_links': 4, 'total_elems': 685424, 'total_shapes': 6862, 'total_links': 390, 'num_tensors': 98}
2026-08-26 11:31:11,210 [INFO] [25R/2228](swap: 6, u: 1 | c_u: 5 | t_u_l: 32/992 | t_u_r: 21/992 | t_u: 53/1984) -> {'max_bond': 112, 'max_links': 4, 'total_elems': 651852, 'total_shapes': 6728, 'total_links': 390, 'num_tensors': 98}
2026-08-26 11:31:12,013 [INFO] [26R/2228](swap: 5, u: 1 | c_u: 6 | t_u_l: 32/992 | t_u_r: 22/992 | t_u: 54/1984) -> {'max_bond': 112, 'max_links': 4, 'total_elems': 619336, 'total_shapes': 6634, 'total_links': 390, 'num_tensors': 98}
2026-08-26 11:31:12,796 [INFO] [27R/2228](swap: 6, u: 1 | c_u: 7 | t_u_l: 32/992 | t_u_r: 23/992 | t_u: 55/1984) -> {'max_bond': 112, 'max_links': 4, 'total_elems': 614484, 'total_shapes': 6760, 'total_links': 390, 'num_tensors': 98}
2026-08-26 11:31:13,552 [INFO] [28R/2228](swap: 5, u: 1 | c_u: 8 | t_u_l: 32/992 | t_u_r: 24/992 | t_u: 56/1984) -> {'max_bond': 125, 'max_links': 4, 'total_elems': 658616, 'total_shapes': 7004, 'total_links': 390, 'num_tensors': 98}
2026-08-26 11:31:14,292 [INFO] [29R/2228](swap: 5, u: 0 | c_u: 8 | t_u_l: 32/992 | t_u_r: 24/992 | t_u: 56/1984) -> {'max_bond': 120, 'max_links': 4, 'total_elems': 632112, 'total_shapes': 6910, 'total_links': 390, 'num_tensors': 98}
2026-08-26 11:31:15,062 [INFO] [30R/2228](swap: 4, u: 1 | c_u: 9 | t_u_l: 32/992 | t_u_r: 25/992 | t_u: 57/1984) -> {'max_bond': 127, 'max_links': 4, 'total_elems': 654320, 'total_shapes': 7120, 'total_links': 390, 'num_tensors': 98}
2026-08-26 11:31:15,966 [INFO] [5L/2261](swap: 16, u: 0 | c_u: 9 | t_u_l: 32/992 | t_u_r: 25/992 | t_u: 57/1984) -> {'max_bond': 211, 'max_links': 4, 'total_elems': 870864, 'total_shapes': 8078, 'total_links': 390, 'num_tensors': 98}
2026-08-26 11:31:17,090 [INFO]     [start unswap] -> {'max_bond': 211, 'max_links': 4, 'total_elems': 870864, 'total_shapes': 8078, 'total_links': 390, 'num_tensors': 98}
2026-08-26 11:31:25,412 [INFO]     [0 | both | 0](candidate_pairs: 49/49 | new_swaps: 12 | total: 12) -> {'max_bond': 190, 'max_links': 4, 'total_elems': 876292, 'total_shapes': 7864, 'total_links': 390, 'num_tensors': 98}
2026-08-26 11:31:31,777 [INFO]     [0 | both | 1](candidate_pairs: 48/48 | new_swaps: 25 | total: 37) -> {'max_bond': 182, 'max_links': 4, 'total_elems': 625416, 'total_shapes': 6428, 'total_links': 390, 'num_tensors': 98}
2026-08-26 11:31:33,453 [INFO]     [0 | left | 0](candidate_pairs: 49/49 | new_swaps: 17 | total: 54) -> {'max_bond': 177, 'max_links': 4, 'total_elems': 521784, 'total_shapes': 5710, 'total_links': 390, 'num_tensors': 98}
2026-08-26 11:31:35,162 [INFO]     [0 | left | 1](candidate_pairs: 48/48 | new_swaps: 20 | total: 74) -> {'max_bond': 116, 'max_links': 4, 'total_elems': 382208, 'total_shapes': 4960, 'total_links': 390, 'num_tensors': 98}
2026-08-26 11:31:35,982 [INFO]     [0 | right | 0](candidate_pairs: 49/49 | new_swaps: 14 | total: 88) -> {'max_bond': 114, 'max_links': 4, 'total_elems': 294352, 'total_shapes': 4342, 'total_links': 390, 'num_tensors': 98}
2026-08-26 11:31:36,805 [INFO]     [0 | right | 1](candidate_pairs: 48/48 | new_swaps: 19 | total: 107) -> {'max_bond': 112, 'max_links': 4, 'total_elems': 172560, 'total_shapes': 3692, 'total_links': 390, 'num_tensors': 98}
2026-08-26 11:31:37,362 [INFO]     [1 | both | 0](candidate_pairs: 49/49 | new_swaps: 20 | total: 20) -> {'max_bond': 84, 'max_links': 4, 'total_elems': 120516, 'total_shapes': 3108, 'total_links': 390, 'num_tensors': 98}
2026-08-26 11:31:37,963 [INFO]     [1 | both | 1](candidate_pairs: 48/48 | new_swaps: 13 | total: 33) -> {'max_bond': 83, 'max_links': 4, 'total_elems': 92592, 'total_shapes': 2800, 'total_links': 390, 'num_tensors': 98}
2026-08-26 11:31:38,153 [INFO]     [1 | left | 0](candidate_pairs: 49/49 | new_swaps: 11 | total: 44) -> {'max_bond': 41, 'max_links': 4, 'total_elems': 62948, 'total_shapes': 2474, 'total_links': 390, 'num_tensors': 98}
2026-08-26 11:31:40,709 [INFO]     [1 | left | 1](candidate_pairs: 48/48 | new_swaps: 12 | total: 56) -> {'max_bond': 30, 'max_links': 4, 'total_elems': 51628, 'total_shapes': 2272, 'total_links': 390, 'num_tensors': 98}
2026-08-26 11:31:40,858 [INFO]     [1 | right | 0](candidate_pairs: 49/49 | new_swaps: 12 | total: 68) -> {'max_bond': 30, 'max_links': 4, 'total_elems': 45224, 'total_shapes': 2136, 'total_links': 390, 'num_tensors': 98}
2026-08-26 11:31:40,995 [INFO]     [1 | right | 1](candidate_pairs: 48/48 | new_swaps: 6 | total: 74) -> {'max_bond': 30, 'max_links': 4, 'total_elems': 42240, 'total_shapes': 2074, 'total_links': 390, 'num_tensors': 98}
2026-08-26 11:31:41,267 [INFO]     [2 | both | 0](candidate_pairs: 49/49 | new_swaps: 15 | total: 15) -> {'max_bond': 28, 'max_links': 4, 'total_elems': 34120, 'total_shapes': 1916, 'total_links': 390, 'num_tensors': 98}
2026-08-26 11:31:41,507 [INFO]     [2 | both | 1](candidate_pairs: 48/48 | new_swaps: 13 | total: 28) -> {'max_bond': 24, 'max_links': 4, 'total_elems': 25024, 'total_shapes': 1696, 'total_links': 390, 'num_tensors': 98}
2026-08-26 11:31:41,618 [INFO]     [2 | left | 0](candidate_pairs: 49/49 | new_swaps: 3 | total: 31) -> {'max_bond': 24, 'max_links': 4, 'total_elems': 22612, 'total_shapes': 1638, 'total_links': 390, 'num_tensors': 98}
2026-08-26 11:31:41,730 [INFO]     [2 | left | 1](candidate_pairs: 48/48 | new_swaps: 5 | total: 36) -> {'max_bond': 24, 'max_links': 4, 'total_elems': 20652, 'total_shapes': 1586, 'total_links': 390, 'num_tensors': 98}
2026-08-26 11:31:41,838 [INFO]     [2 | right | 0](candidate_pairs: 49/49 | new_swaps: 4 | total: 40) -> {'max_bond': 12, 'max_links': 4, 'total_elems': 18568, 'total_shapes': 1532, 'total_links': 390, 'num_tensors': 98}
2026-08-26 11:31:41,940 [INFO]     [2 | right | 1](candidate_pairs: 48/48 | new_swaps: 2 | total: 42) -> {'max_bond': 12, 'max_links': 4, 'total_elems': 18308, 'total_shapes': 1522, 'total_links': 390, 'num_tensors': 98}
2026-08-26 11:31:42,139 [INFO]     [3 | both | 0](candidate_pairs: 49/49 | new_swaps: 6 | total: 6) -> {'max_bond': 12, 'max_links': 4, 'total_elems': 17652, 'total_shapes': 1492, 'total_links': 390, 'num_tensors': 98}
2026-08-26 11:31:42,332 [INFO]     [3 | both | 1](candidate_pairs: 48/48 | new_swaps: 4 | total: 10) -> {'max_bond': 12, 'max_links': 4, 'total_elems': 17104, 'total_shapes': 1472, 'total_links': 390, 'num_tensors': 98}
2026-08-26 11:31:42,438 [INFO]     [3 | left | 0](candidate_pairs: 49/49 | new_swaps: 2 | total: 12) -> {'max_bond': 12, 'max_links': 4, 'total_elems': 16320, 'total_shapes': 1452, 'total_links': 390, 'num_tensors': 98}
2026-08-26 11:31:42,489 [INFO]     [3 | left | 1](candidate_pairs: 48/48 | new_swaps: 0 | total: 12) -> {'max_bond': 12, 'max_links': 4, 'total_elems': 16320, 'total_shapes': 1452, 'total_links': 390, 'num_tensors': 98}
2026-08-26 11:31:42,590 [INFO]     [3 | right | 0](candidate_pairs: 49/49 | new_swaps: 2 | total: 14) -> {'max_bond': 12, 'max_links': 4, 'total_elems': 15944, 'total_shapes': 1440, 'total_links': 390, 'num_tensors': 98}
2026-08-26 11:31:42,694 [INFO]     [3 | right | 1](candidate_pairs: 48/48 | new_swaps: 2 | total: 16) -> {'max_bond': 12, 'max_links': 4, 'total_elems': 15720, 'total_shapes': 1434, 'total_links': 390, 'num_tensors': 98}
2026-08-26 11:31:42,887 [INFO]     [4 | both | 0](candidate_pairs: 49/49 | new_swaps: 3 | total: 3) -> {'max_bond': 12, 'max_links': 4, 'total_elems': 15392, 'total_shapes': 1420, 'total_links': 390, 'num_tensors': 98}
2026-08-26 11:31:43,075 [INFO]     [4 | both | 1](candidate_pairs: 48/48 | new_swaps: 3 | total: 6) -> {'max_bond': 12, 'max_links': 4, 'total_elems': 14896, 'total_shapes': 1402, 'total_links': 390, 'num_tensors': 98}
2026-08-26 11:31:43,175 [INFO]     [4 | left | 0](candidate_pairs: 49/49 | new_swaps: 1 | total: 7) -> {'max_bond': 12, 'max_links': 4, 'total_elems': 14848, 'total_shapes': 1398, 'total_links': 390, 'num_tensors': 98}
2026-08-26 11:31:43,261 [INFO]     [4 | left | 1](candidate_pairs: 48/48 | new_swaps: 1 | total: 8) -> {'max_bond': 12, 'max_links': 4, 'total_elems': 14816, 'total_shapes': 1394, 'total_links': 390, 'num_tensors': 98}
2026-08-26 11:31:43,346 [INFO]     [4 | right | 0](candidate_pairs: 49/49 | new_swaps: 1 | total: 9) -> {'max_bond': 12, 'max_links': 4, 'total_elems': 14648, 'total_shapes': 1390, 'total_links': 390, 'num_tensors': 98}
2026-08-26 11:31:43,433 [INFO]     [4 | right | 1](candidate_pairs: 48/48 | new_swaps: 1 | total: 10) -> {'max_bond': 12, 'max_links': 4, 'total_elems': 14360, 'total_shapes': 1380, 'total_links': 390, 'num_tensors': 98}
2026-08-26 11:31:43,618 [INFO]     [5 | both | 0](candidate_pairs: 49/49 | new_swaps: 2 | total: 2) -> {'max_bond': 12, 'max_links': 4, 'total_elems': 13836, 'total_shapes': 1364, 'total_links': 390, 'num_tensors': 98}
2026-08-26 11:31:43,800 [INFO]     [5 | both | 1](candidate_pairs: 48/48 | new_swaps: 2 | total: 4) -> {'max_bond': 12, 'max_links': 4, 'total_elems': 13068, 'total_shapes': 1340, 'total_links': 390, 'num_tensors': 98}
2026-08-26 11:31:43,846 [INFO]     [5 | left | 0](candidate_pairs: 49/49 | new_swaps: 0 | total: 4) -> {'max_bond': 12, 'max_links': 4, 'total_elems': 13068, 'total_shapes': 1340, 'total_links': 390, 'num_tensors': 98}
2026-08-26 11:31:43,893 [INFO]     [5 | left | 1](candidate_pairs: 48/48 | new_swaps: 0 | total: 4) -> {'max_bond': 12, 'max_links': 4, 'total_elems': 13068, 'total_shapes': 1340, 'total_links': 390, 'num_tensors': 98}
2026-08-26 11:31:43,976 [INFO]     [5 | right | 0](candidate_pairs: 49/49 | new_swaps: 1 | total: 5) -> {'max_bond': 12, 'max_links': 4, 'total_elems': 12428, 'total_shapes': 1324, 'total_links': 390, 'num_tensors': 98}
2026-08-26 11:31:44,024 [INFO]     [5 | right | 1](candidate_pairs: 48/48 | new_swaps: 0 | total: 5) -> {'max_bond': 12, 'max_links': 4, 'total_elems': 12428, 'total_shapes': 1324, 'total_links': 390, 'num_tensors': 98}
2026-08-26 11:31:44,204 [INFO]     [6 | both | 0](candidate_pairs: 49/49 | new_swaps: 1 | total: 1) -> {'max_bond': 12, 'max_links': 4, 'total_elems': 12236, 'total_shapes': 1316, 'total_links': 390, 'num_tensors': 98}
2026-08-26 11:31:44,382 [INFO]     [6 | both | 1](candidate_pairs: 48/48 | new_swaps: 2 | total: 3) -> {'max_bond': 12, 'max_links': 4, 'total_elems': 11532, 'total_shapes': 1292, 'total_links': 390, 'num_tensors': 98}
2026-08-26 11:31:44,465 [INFO]     [6 | left | 0](candidate_pairs: 49/49 | new_swaps: 1 | total: 4) -> {'max_bond': 12, 'max_links': 4, 'total_elems': 11468, 'total_shapes': 1290, 'total_links': 390, 'num_tensors': 98}
2026-08-26 11:31:44,547 [INFO]     [6 | left | 1](candidate_pairs: 48/48 | new_swaps: 1 | total: 5) -> {'max_bond': 12, 'max_links': 4, 'total_elems': 10972, 'total_shapes': 1276, 'total_links': 390, 'num_tensors': 98}
2026-08-26 11:31:44,628 [INFO]     [6 | right | 0](candidate_pairs: 49/49 | new_swaps: 1 | total: 6) -> {'max_bond': 12, 'max_links': 4, 'total_elems': 10812, 'total_shapes': 1268, 'total_links': 390, 'num_tensors': 98}
2026-08-26 11:31:44,711 [INFO]     [6 | right | 1](candidate_pairs: 48/48 | new_swaps: 1 | total: 7) -> {'max_bond': 12, 'max_links': 4, 'total_elems': 10700, 'total_shapes': 1264, 'total_links': 390, 'num_tensors': 98}
2026-08-26 11:31:44,872 [INFO]     [7 | both | 0](candidate_pairs: 49/49 | new_swaps: 1 | total: 1) -> {'max_bond': 12, 'max_links': 4, 'total_elems': 10636, 'total_shapes': 1260, 'total_links': 390, 'num_tensors': 98}
2026-08-26 11:31:44,961 [INFO]     [7 | both | 1](candidate_pairs: 48/48 | new_swaps: 0 | total: 1) -> {'max_bond': 12, 'max_links': 4, 'total_elems': 10636, 'total_shapes': 1260, 'total_links': 390, 'num_tensors': 98}
2026-08-26 11:31:45,043 [INFO]     [7 | left | 0](candidate_pairs: 49/49 | new_swaps: 1 | total: 2) -> {'max_bond': 12, 'max_links': 4, 'total_elems': 10508, 'total_shapes': 1252, 'total_links': 390, 'num_tensors': 98}
2026-08-26 11:31:45,091 [INFO]     [7 | left | 1](candidate_pairs: 48/48 | new_swaps: 0 | total: 2) -> {'max_bond': 12, 'max_links': 4, 'total_elems': 10508, 'total_shapes': 1252, 'total_links': 390, 'num_tensors': 98}
2026-08-26 11:31:45,136 [INFO]     [7 | right | 0](candidate_pairs: 49/49 | new_swaps: 0 | total: 2) -> {'max_bond': 12, 'max_links': 4, 'total_elems': 10508, 'total_shapes': 1252, 'total_links': 390, 'num_tensors': 98}
2026-08-26 11:31:45,182 [INFO]     [7 | right | 1](candidate_pairs: 48/48 | new_swaps: 0 | total: 2) -> {'max_bond': 12, 'max_links': 4, 'total_elems': 10508, 'total_shapes': 1252, 'total_links': 390, 'num_tensors': 98}
2026-08-26 11:31:45,273 [INFO]     [8 | both | 0](candidate_pairs: 49/49 | new_swaps: 0 | total: 0) -> {'max_bond': 12, 'max_links': 4, 'total_elems': 10508, 'total_shapes': 1252, 'total_links': 390, 'num_tensors': 98}
2026-08-26 11:31:45,433 [INFO]     [8 | both | 1](candidate_pairs: 48/48 | new_swaps: 1 | total: 1) -> {'max_bond': 12, 'max_links': 4, 'total_elems': 10460, 'total_shapes': 1248, 'total_links': 390, 'num_tensors': 98}
2026-08-26 11:31:45,479 [INFO]     [8 | left | 0](candidate_pairs: 49/49 | new_swaps: 0 | total: 1) -> {'max_bond': 12, 'max_links': 4, 'total_elems': 10460, 'total_shapes': 1248, 'total_links': 390, 'num_tensors': 98}
2026-08-26 11:31:45,526 [INFO]     [8 | left | 1](candidate_pairs: 48/48 | new_swaps: 0 | total: 1) -> {'max_bond': 12, 'max_links': 4, 'total_elems': 10460, 'total_shapes': 1248, 'total_links': 390, 'num_tensors': 98}
2026-08-26 11:31:45,606 [INFO]     [8 | right | 0](candidate_pairs: 49/49 | new_swaps: 1 | total: 2) -> {'max_bond': 12, 'max_links': 4, 'total_elems': 10412, 'total_shapes': 1244, 'total_links': 390, 'num_tensors': 98}
2026-08-26 11:31:45,686 [INFO]     [8 | right | 1](candidate_pairs: 48/48 | new_swaps: 1 | total: 3) -> {'max_bond': 12, 'max_links': 4, 'total_elems': 10388, 'total_shapes': 1242, 'total_links': 390, 'num_tensors': 98}
2026-08-26 11:31:45,776 [INFO]     [9 | both | 0](candidate_pairs: 49/49 | new_swaps: 0 | total: 0) -> {'max_bond': 12, 'max_links': 4, 'total_elems': 10388, 'total_shapes': 1242, 'total_links': 390, 'num_tensors': 98}
2026-08-26 11:31:45,864 [INFO]     [9 | both | 1](candidate_pairs: 48/48 | new_swaps: 0 | total: 0) -> {'max_bond': 12, 'max_links': 4, 'total_elems': 10388, 'total_shapes': 1242, 'total_links': 390, 'num_tensors': 98}
2026-08-26 11:31:45,909 [INFO]     [9 | left | 0](candidate_pairs: 49/49 | new_swaps: 0 | total: 0) -> {'max_bond': 12, 'max_links': 4, 'total_elems': 10388, 'total_shapes': 1242, 'total_links': 390, 'num_tensors': 98}
2026-08-26 11:31:45,953 [INFO]     [9 | left | 1](candidate_pairs: 48/48 | new_swaps: 0 | total: 0) -> {'max_bond': 12, 'max_links': 4, 'total_elems': 10388, 'total_shapes': 1242, 'total_links': 390, 'num_tensors': 98}
2026-08-26 11:31:46,033 [INFO]     [9 | right | 0](candidate_pairs: 49/49 | new_swaps: 1 | total: 1) -> {'max_bond': 12, 'max_links': 4, 'total_elems': 10332, 'total_shapes': 1238, 'total_links': 390, 'num_tensors': 98}
2026-08-26 11:31:46,079 [INFO]     [9 | right | 1](candidate_pairs: 48/48 | new_swaps: 0 | total: 1) -> {'max_bond': 12, 'max_links': 4, 'total_elems': 10332, 'total_shapes': 1238, 'total_links': 390, 'num_tensors': 98}
2026-08-26 11:31:46,168 [INFO]     [10 | both | 0](candidate_pairs: 49/49 | new_swaps: 0 | total: 0) -> {'max_bond': 12, 'max_links': 4, 'total_elems': 10332, 'total_shapes': 1238, 'total_links': 390, 'num_tensors': 98}
2026-08-26 11:31:46,341 [INFO]     [10 | both | 1](candidate_pairs: 48/48 | new_swaps: 1 | total: 1) -> {'max_bond': 12, 'max_links': 4, 'total_elems': 10284, 'total_shapes': 1234, 'total_links': 390, 'num_tensors': 98}
2026-08-26 11:31:46,386 [INFO]     [10 | left | 0](candidate_pairs: 49/49 | new_swaps: 0 | total: 1) -> {'max_bond': 12, 'max_links': 4, 'total_elems': 10284, 'total_shapes': 1234, 'total_links': 390, 'num_tensors': 98}
2026-08-26 11:31:46,433 [INFO]     [10 | left | 1](candidate_pairs: 48/48 | new_swaps: 0 | total: 1) -> {'max_bond': 12, 'max_links': 4, 'total_elems': 10284, 'total_shapes': 1234, 'total_links': 390, 'num_tensors': 98}
2026-08-26 11:31:46,478 [INFO]     [10 | right | 0](candidate_pairs: 49/49 | new_swaps: 0 | total: 1) -> {'max_bond': 12, 'max_links': 4, 'total_elems': 10284, 'total_shapes': 1234, 'total_links': 390, 'num_tensors': 98}
2026-08-26 11:31:46,523 [INFO]     [10 | right | 1](candidate_pairs: 48/48 | new_swaps: 0 | total: 1) -> {'max_bond': 12, 'max_links': 4, 'total_elems': 10284, 'total_shapes': 1234, 'total_links': 390, 'num_tensors': 98}
2026-08-26 11:31:46,685 [INFO]     [11 | both | 0](candidate_pairs: 49/49 | new_swaps: 1 | total: 1) -> {'max_bond': 12, 'max_links': 4, 'total_elems': 10236, 'total_shapes': 1230, 'total_links': 390, 'num_tensors': 98}
2026-08-26 11:31:46,772 [INFO]     [11 | both | 1](candidate_pairs: 48/48 | new_swaps: 0 | total: 1) -> {'max_bond': 12, 'max_links': 4, 'total_elems': 10236, 'total_shapes': 1230, 'total_links': 390, 'num_tensors': 98}
2026-08-26 11:31:46,816 [INFO]     [11 | left | 0](candidate_pairs: 49/49 | new_swaps: 0 | total: 1) -> {'max_bond': 12, 'max_links': 4, 'total_elems': 10236, 'total_shapes': 1230, 'total_links': 390, 'num_tensors': 98}
2026-08-26 11:31:46,863 [INFO]     [11 | left | 1](candidate_pairs: 48/48 | new_swaps: 0 | total: 1) -> {'max_bond': 12, 'max_links': 4, 'total_elems': 10236, 'total_shapes': 1230, 'total_links': 390, 'num_tensors': 98}
2026-08-26 11:31:46,908 [INFO]     [11 | right | 0](candidate_pairs: 49/49 | new_swaps: 0 | total: 1) -> {'max_bond': 12, 'max_links': 4, 'total_elems': 10236, 'total_shapes': 1230, 'total_links': 390, 'num_tensors': 98}
2026-08-26 11:31:46,954 [INFO]     [11 | right | 1](candidate_pairs: 48/48 | new_swaps: 0 | total: 1) -> {'max_bond': 12, 'max_links': 4, 'total_elems': 10236, 'total_shapes': 1230, 'total_links': 390, 'num_tensors': 98}
2026-08-26 11:31:47,045 [INFO]     [12 | both | 0](candidate_pairs: 49/49 | new_swaps: 0 | total: 0) -> {'max_bond': 12, 'max_links': 4, 'total_elems': 10236, 'total_shapes': 1230, 'total_links': 390, 'num_tensors': 98}
2026-08-26 11:31:47,133 [INFO]     [12 | both | 1](candidate_pairs: 48/48 | new_swaps: 0 | total: 0) -> {'max_bond': 12, 'max_links': 4, 'total_elems': 10236, 'total_shapes': 1230, 'total_links': 390, 'num_tensors': 98}
2026-08-26 11:31:47,179 [INFO]     [12 | left | 0](candidate_pairs: 49/49 | new_swaps: 0 | total: 0) -> {'max_bond': 12, 'max_links': 4, 'total_elems': 10236, 'total_shapes': 1230, 'total_links': 390, 'num_tensors': 98}
2026-08-26 11:31:47,224 [INFO]     [12 | left | 1](candidate_pairs: 48/48 | new_swaps: 0 | total: 0) -> {'max_bond': 12, 'max_links': 4, 'total_elems': 10236, 'total_shapes': 1230, 'total_links': 390, 'num_tensors': 98}
2026-08-26 11:31:47,267 [INFO]     [12 | right | 0](candidate_pairs: 49/49 | new_swaps: 0 | total: 0) -> {'max_bond': 12, 'max_links': 4, 'total_elems': 10236, 'total_shapes': 1230, 'total_links': 390, 'num_tensors': 98}
2026-08-26 11:31:47,313 [INFO]     [12 | right | 1](candidate_pairs: 48/48 | new_swaps: 0 | total: 0) -> {'max_bond': 12, 'max_links': 4, 'total_elems': 10236, 'total_shapes': 1230, 'total_links': 390, 'num_tensors': 98}
2026-08-26 11:31:47,314 [INFO]     [end unswap] -> {'max_bond': 12, 'max_links': 4, 'total_elems': 10236, 'total_shapes': 1230, 'total_links': 390, 'num_tensors': 98}
2026-08-26 11:31:47,354 [INFO] [start rewire](phase=post_unswap, cycle=14, side=left, layers=2258, trials=20, seed=123, parallel=False, route_candidates=2, route_score=lookahead_total)
2026-08-26 11:31:57,036 [INFO] [end rewire](phase=post_unswap, cycle=14, side=left, routed_layers=2415, elapsed_s=9.68)
2026-08-26 11:31:57,036 [INFO] [start rewire](phase=post_unswap, cycle=14, side=right, layers=2200, trials=20, seed=123, parallel=False, route_candidates=2, route_score=lookahead_total)
2026-08-26 11:32:07,051 [INFO] [end rewire](phase=post_unswap, cycle=14, side=right, routed_layers=2094, elapsed_s=10.01)
2026-08-26 11:32:07,204 [INFO] [1L/2413](swap: 21, u: 0 | c_u: 0 | t_u_l: 32/992 | t_u_r: 25/992 | t_u: 57/1984) -> {'max_bond': 12, 'max_links': 4, 'total_elems': 10236, 'total_shapes': 1230, 'total_links': 390, 'num_tensors': 98}
2026-08-26 11:32:07,317 [INFO] [1R/2092](swap: 20, u: 0 | c_u: 0 | t_u_l: 32/992 | t_u_r: 25/992 | t_u: 57/1984) -> {'max_bond': 24, 'max_links': 4, 'total_elems': 13040, 'total_shapes': 1400, 'total_links': 390, 'num_tensors': 98}
2026-08-26 11:32:07,440 [INFO] [2L/2413](swap: 21, u: 0 | c_u: 0 | t_u_l: 32/992 | t_u_r: 25/992 | t_u: 57/1984) -> {'max_bond': 24, 'max_links': 4, 'total_elems': 17004, 'total_shapes': 1532, 'total_links': 390, 'num_tensors': 98}
2026-08-26 11:32:07,558 [INFO] [3L/2413](swap: 20, u: 0 | c_u: 0 | t_u_l: 32/992 | t_u_r: 25/992 | t_u: 57/1984) -> {'max_bond': 48, 'max_links': 4, 'total_elems': 26232, 'total_shapes': 1810, 'total_links': 390, 'num_tensors': 98}
2026-08-26 11:32:07,696 [INFO] [2R/2092](swap: 23, u: 0 | c_u: 0 | t_u_l: 32/992 | t_u_r: 25/992 | t_u: 57/1984) -> {'max_bond': 48, 'max_links': 4, 'total_elems': 41300, 'total_shapes': 2052, 'total_links': 390, 'num_tensors': 98}
2026-08-26 11:32:07,858 [INFO] [4L/2413](swap: 20, u: 0 | c_u: 0 | t_u_l: 32/992 | t_u_r: 25/992 | t_u: 57/1984) -> {'max_bond': 48, 'max_links': 4, 'total_elems': 65536, 'total_shapes': 2448, 'total_links': 390, 'num_tensors': 98}
2026-08-26 11:32:08,071 [INFO] [5L/2413](swap: 20, u: 1 | c_u: 1 | t_u_l: 33/992 | t_u_r: 25/992 | t_u: 58/1984) -> {'max_bond': 48, 'max_links': 4, 'total_elems': 85384, 'total_shapes': 2824, 'total_links': 390, 'num_tensors': 98}
2026-08-26 11:32:08,288 [INFO] [6L/2413](swap: 17, u: 0 | c_u: 1 | t_u_l: 33/992 | t_u_r: 25/992 | t_u: 58/1984) -> {'max_bond': 96, 'max_links': 4, 'total_elems': 151928, 'total_shapes': 3384, 'total_links': 390, 'num_tensors': 98}
2026-08-26 11:32:08,645 [INFO] [7L/2413](swap: 15, u: 0 | c_u: 1 | t_u_l: 33/992 | t_u_r: 25/992 | t_u: 58/1984) -> {'max_bond': 95, 'max_links': 4, 'total_elems': 215176, 'total_shapes': 4014, 'total_links': 390, 'num_tensors': 98}
2026-08-26 11:32:09,097 [INFO] [3R/2092](swap: 23, u: 0 | c_u: 1 | t_u_l: 33/992 | t_u_r: 25/992 | t_u: 58/1984) -> {'max_bond': 94, 'max_links': 4, 'total_elems': 268928, 'total_shapes': 4460, 'total_links': 390, 'num_tensors': 98}
2026-08-26 11:32:09,568 [INFO] [4R/2092](swap: 21, u: 1 | c_u: 2 | t_u_l: 33/992 | t_u_r: 26/992 | t_u: 59/1984) -> {'max_bond': 185, 'max_links': 4, 'total_elems': 419908, 'total_shapes': 5524, 'total_links': 390, 'num_tensors': 98}
2026-08-26 11:32:10,418 [INFO] [5R/2092](swap: 19, u: 0 | c_u: 2 | t_u_l: 33/992 | t_u_r: 26/992 | t_u: 59/1984) -> {'max_bond': 180, 'max_links': 4, 'total_elems': 695344, 'total_shapes': 6596, 'total_links': 390, 'num_tensors': 98}
2026-08-26 11:32:11,933 [INFO] [6R/2092](swap: 19, u: 0 | c_u: 2 | t_u_l: 33/992 | t_u_r: 26/992 | t_u: 59/1984) -> {'max_bond': 338, 'max_links': 4, 'total_elems': 979128, 'total_shapes': 7686, 'total_links': 390, 'num_tensors': 98}
2026-08-26 11:32:14,767 [INFO]     [start unswap] -> {'max_bond': 338, 'max_links': 4, 'total_elems': 979128, 'total_shapes': 7686, 'total_links': 390, 'num_tensors': 98}
2026-08-26 11:32:32,161 [INFO]     [0 | both | 0](candidate_pairs: 49/49 | new_swaps: 10 | total: 10) -> {'max_bond': 327, 'max_links': 4, 'total_elems': 1520864, 'total_shapes': 8248, 'total_links': 390, 'num_tensors': 98}
2026-08-26 11:32:51,829 [INFO]     [0 | both | 1](candidate_pairs: 48/48 | new_swaps: 17 | total: 27) -> {'max_bond': 310, 'max_links': 4, 'total_elems': 794500, 'total_shapes': 6468, 'total_links': 390, 'num_tensors': 98}
2026-08-26 11:32:54,096 [INFO]     [0 | left | 0](candidate_pairs: 49/49 | new_swaps: 21 | total: 48) -> {'max_bond': 123, 'max_links': 4, 'total_elems': 436096, 'total_shapes': 4968, 'total_links': 390, 'num_tensors': 98}
2026-08-26 11:32:55,520 [INFO]     [0 | left | 1](candidate_pairs: 48/48 | new_swaps: 21 | total: 69) -> {'max_bond': 121, 'max_links': 4, 'total_elems': 215376, 'total_shapes': 3896, 'total_links': 390, 'num_tensors': 98}
2026-08-26 11:32:55,921 [INFO]     [0 | right | 0](candidate_pairs: 49/49 | new_swaps: 9 | total: 78) -> {'max_bond': 88, 'max_links': 4, 'total_elems': 144224, 'total_shapes': 3306, 'total_links': 390, 'num_tensors': 98}
2026-08-26 11:32:56,297 [INFO]     [0 | right | 1](candidate_pairs: 48/48 | new_swaps: 12 | total: 90) -> {'max_bond': 83, 'max_links': 4, 'total_elems': 109428, 'total_shapes': 2998, 'total_links': 390, 'num_tensors': 98}
2026-08-26 11:32:56,776 [INFO]     [1 | both | 0](candidate_pairs: 49/49 | new_swaps: 21 | total: 21) -> {'max_bond': 48, 'max_links': 4, 'total_elems': 60960, 'total_shapes': 2390, 'total_links': 390, 'num_tensors': 98}
2026-08-26 11:32:57,057 [INFO]     [1 | both | 1](candidate_pairs: 48/48 | new_swaps: 16 | total: 37) -> {'max_bond': 32, 'max_links': 4, 'total_elems': 45212, 'total_shapes': 2136, 'total_links': 390, 'num_tensors': 98}
2026-08-26 11:32:57,195 [INFO]     [1 | left | 0](candidate_pairs: 49/49 | new_swaps: 9 | total: 46) -> {'max_bond': 32, 'max_links': 4, 'total_elems': 37628, 'total_shapes': 1974, 'total_links': 390, 'num_tensors': 98}
2026-08-26 11:32:57,332 [INFO]     [1 | left | 1](candidate_pairs: 48/48 | new_swaps: 15 | total: 61) -> {'max_bond': 32, 'max_links': 4, 'total_elems': 24780, 'total_shapes': 1720, 'total_links': 390, 'num_tensors': 98}
2026-08-26 11:32:57,442 [INFO]     [1 | right | 0](candidate_pairs: 49/49 | new_swaps: 6 | total: 67) -> {'max_bond': 24, 'max_links': 4, 'total_elems': 21412, 'total_shapes': 1622, 'total_links': 390, 'num_tensors': 98}
2026-08-26 11:32:57,550 [INFO]     [1 | right | 1](candidate_pairs: 48/48 | new_swaps: 6 | total: 73) -> {'max_bond': 24, 'max_links': 4, 'total_elems': 19300, 'total_shapes': 1554, 'total_links': 390, 'num_tensors': 98}
2026-08-26 11:32:57,754 [INFO]     [2 | both | 0](candidate_pairs: 49/49 | new_swaps: 17 | total: 17) -> {'max_bond': 24, 'max_links': 4, 'total_elems': 15428, 'total_shapes': 1430, 'total_links': 390, 'num_tensors': 98}
2026-08-26 11:32:57,942 [INFO]     [2 | both | 1](candidate_pairs: 48/48 | new_swaps: 11 | total: 28) -> {'max_bond': 24, 'max_links': 4, 'total_elems': 11976, 'total_shapes': 1334, 'total_links': 390, 'num_tensors': 98}
2026-08-26 11:32:58,041 [INFO]     [2 | left | 0](candidate_pairs: 49/49 | new_swaps: 3 | total: 31) -> {'max_bond': 16, 'max_links': 4, 'total_elems': 10604, 'total_shapes': 1290, 'total_links': 390, 'num_tensors': 98}
2026-08-26 11:32:58,141 [INFO]     [2 | left | 1](candidate_pairs: 48/48 | new_swaps: 4 | total: 35) -> {'max_bond': 16, 'max_links': 4, 'total_elems': 9488, 'total_shapes': 1244, 'total_links': 390, 'num_tensors': 98}
2026-08-26 11:32:58,236 [INFO]     [2 | right | 0](candidate_pairs: 49/49 | new_swaps: 4 | total: 39) -> {'max_bond': 16, 'max_links': 4, 'total_elems': 8944, 'total_shapes': 1224, 'total_links': 390, 'num_tensors': 98}
2026-08-26 11:32:58,328 [INFO]     [2 | right | 1](candidate_pairs: 48/48 | new_swaps: 2 | total: 41) -> {'max_bond': 16, 'max_links': 4, 'total_elems': 8604, 'total_shapes': 1204, 'total_links': 390, 'num_tensors': 98}
2026-08-26 11:32:58,502 [INFO]     [3 | both | 0](candidate_pairs: 49/49 | new_swaps: 7 | total: 7) -> {'max_bond': 16, 'max_links': 4, 'total_elems': 8172, 'total_shapes': 1178, 'total_links': 390, 'num_tensors': 98}
2026-08-26 11:32:58,675 [INFO]     [3 | both | 1](candidate_pairs: 48/48 | new_swaps: 7 | total: 14) -> {'max_bond': 16, 'max_links': 4, 'total_elems': 7740, 'total_shapes': 1152, 'total_links': 390, 'num_tensors': 98}
2026-08-26 11:32:58,770 [INFO]     [3 | left | 0](candidate_pairs: 49/49 | new_swaps: 2 | total: 16) -> {'max_bond': 16, 'max_links': 4, 'total_elems': 7644, 'total_shapes': 1144, 'total_links': 390, 'num_tensors': 98}
2026-08-26 11:32:58,848 [INFO]     [3 | left | 1](candidate_pairs: 48/48 | new_swaps: 1 | total: 17) -> {'max_bond': 16, 'max_links': 4, 'total_elems': 7636, 'total_shapes': 1142, 'total_links': 390, 'num_tensors': 98}
2026-08-26 11:32:58,889 [INFO]     [3 | right | 0](candidate_pairs: 49/49 | new_swaps: 0 | total: 17) -> {'max_bond': 16, 'max_links': 4, 'total_elems': 7636, 'total_shapes': 1142, 'total_links': 390, 'num_tensors': 98}
2026-08-26 11:32:58,930 [INFO]     [3 | right | 1](candidate_pairs: 48/48 | new_swaps: 0 | total: 17) -> {'max_bond': 16, 'max_links': 4, 'total_elems': 7636, 'total_shapes': 1142, 'total_links': 390, 'num_tensors': 98}
2026-08-26 11:32:59,102 [INFO]     [4 | both | 0](candidate_pairs: 49/49 | new_swaps: 5 | total: 5) -> {'max_bond': 16, 'max_links': 4, 'total_elems': 7400, 'total_shapes': 1128, 'total_links': 390, 'num_tensors': 98}
2026-08-26 11:32:59,270 [INFO]     [4 | both | 1](candidate_pairs: 48/48 | new_swaps: 4 | total: 9) -> {'max_bond': 16, 'max_links': 4, 'total_elems': 7068, 'total_shapes': 1108, 'total_links': 390, 'num_tensors': 98}
2026-08-26 11:32:59,312 [INFO]     [4 | left | 0](candidate_pairs: 49/49 | new_swaps: 0 | total: 9) -> {'max_bond': 16, 'max_links': 4, 'total_elems': 7068, 'total_shapes': 1108, 'total_links': 390, 'num_tensors': 98}
2026-08-26 11:32:59,354 [INFO]     [4 | left | 1](candidate_pairs: 48/48 | new_swaps: 0 | total: 9) -> {'max_bond': 16, 'max_links': 4, 'total_elems': 7068, 'total_shapes': 1108, 'total_links': 390, 'num_tensors': 98}
2026-08-26 11:32:59,395 [INFO]     [4 | right | 0](candidate_pairs: 49/49 | new_swaps: 0 | total: 9) -> {'max_bond': 16, 'max_links': 4, 'total_elems': 7068, 'total_shapes': 1108, 'total_links': 390, 'num_tensors': 98}
2026-08-26 11:32:59,436 [INFO]     [4 | right | 1](candidate_pairs: 48/48 | new_swaps: 0 | total: 9) -> {'max_bond': 16, 'max_links': 4, 'total_elems': 7068, 'total_shapes': 1108, 'total_links': 390, 'num_tensors': 98}
2026-08-26 11:32:59,604 [INFO]     [5 | both | 0](candidate_pairs: 49/49 | new_swaps: 3 | total: 3) -> {'max_bond': 16, 'max_links': 4, 'total_elems': 6904, 'total_shapes': 1096, 'total_links': 390, 'num_tensors': 98}
2026-08-26 11:32:59,771 [INFO]     [5 | both | 1](candidate_pairs: 48/48 | new_swaps: 2 | total: 5) -> {'max_bond': 16, 'max_links': 4, 'total_elems': 6752, 'total_shapes': 1088, 'total_links': 390, 'num_tensors': 98}
2026-08-26 11:32:59,848 [INFO]     [5 | left | 0](candidate_pairs: 49/49 | new_swaps: 1 | total: 6) -> {'max_bond': 16, 'max_links': 4, 'total_elems': 6728, 'total_shapes': 1086, 'total_links': 390, 'num_tensors': 98}
2026-08-26 11:32:59,890 [INFO]     [5 | left | 1](candidate_pairs: 48/48 | new_swaps: 0 | total: 6) -> {'max_bond': 16, 'max_links': 4, 'total_elems': 6728, 'total_shapes': 1086, 'total_links': 390, 'num_tensors': 98}
2026-08-26 11:32:59,931 [INFO]     [5 | right | 0](candidate_pairs: 49/49 | new_swaps: 0 | total: 6) -> {'max_bond': 16, 'max_links': 4, 'total_elems': 6728, 'total_shapes': 1086, 'total_links': 390, 'num_tensors': 98}
2026-08-26 11:32:59,971 [INFO]     [5 | right | 1](candidate_pairs: 48/48 | new_swaps: 0 | total: 6) -> {'max_bond': 16, 'max_links': 4, 'total_elems': 6728, 'total_shapes': 1086, 'total_links': 390, 'num_tensors': 98}
2026-08-26 11:33:00,127 [INFO]     [6 | both | 0](candidate_pairs: 49/49 | new_swaps: 1 | total: 1) -> {'max_bond': 16, 'max_links': 4, 'total_elems': 6428, 'total_shapes': 1068, 'total_links': 390, 'num_tensors': 98}
2026-08-26 11:33:00,305 [INFO]     [6 | both | 1](candidate_pairs: 48/48 | new_swaps: 1 | total: 2) -> {'max_bond': 16, 'max_links': 4, 'total_elems': 6236, 'total_shapes': 1060, 'total_links': 390, 'num_tensors': 98}
2026-08-26 11:33:00,347 [INFO]     [6 | left | 0](candidate_pairs: 49/49 | new_swaps: 0 | total: 2) -> {'max_bond': 16, 'max_links': 4, 'total_elems': 6236, 'total_shapes': 1060, 'total_links': 390, 'num_tensors': 98}
2026-08-26 11:33:00,390 [INFO]     [6 | left | 1](candidate_pairs: 48/48 | new_swaps: 0 | total: 2) -> {'max_bond': 16, 'max_links': 4, 'total_elems': 6236, 'total_shapes': 1060, 'total_links': 390, 'num_tensors': 98}
2026-08-26 11:33:00,431 [INFO]     [6 | right | 0](candidate_pairs: 49/49 | new_swaps: 0 | total: 2) -> {'max_bond': 16, 'max_links': 4, 'total_elems': 6236, 'total_shapes': 1060, 'total_links': 390, 'num_tensors': 98}
2026-08-26 11:33:00,471 [INFO]     [6 | right | 1](candidate_pairs: 48/48 | new_swaps: 0 | total: 2) -> {'max_bond': 16, 'max_links': 4, 'total_elems': 6236, 'total_shapes': 1060, 'total_links': 390, 'num_tensors': 98}
2026-08-26 11:33:00,552 [INFO]     [7 | both | 0](candidate_pairs: 49/49 | new_swaps: 0 | total: 0) -> {'max_bond': 16, 'max_links': 4, 'total_elems': 6236, 'total_shapes': 1060, 'total_links': 390, 'num_tensors': 98}
2026-08-26 11:33:00,631 [INFO]     [7 | both | 1](candidate_pairs: 48/48 | new_swaps: 0 | total: 0) -> {'max_bond': 16, 'max_links': 4, 'total_elems': 6236, 'total_shapes': 1060, 'total_links': 390, 'num_tensors': 98}
2026-08-26 11:33:00,673 [INFO]     [7 | left | 0](candidate_pairs: 49/49 | new_swaps: 0 | total: 0) -> {'max_bond': 16, 'max_links': 4, 'total_elems': 6236, 'total_shapes': 1060, 'total_links': 390, 'num_tensors': 98}
2026-08-26 11:33:00,715 [INFO]     [7 | left | 1](candidate_pairs: 48/48 | new_swaps: 0 | total: 0) -> {'max_bond': 16, 'max_links': 4, 'total_elems': 6236, 'total_shapes': 1060, 'total_links': 390, 'num_tensors': 98}
2026-08-26 11:33:00,755 [INFO]     [7 | right | 0](candidate_pairs: 49/49 | new_swaps: 0 | total: 0) -> {'max_bond': 16, 'max_links': 4, 'total_elems': 6236, 'total_shapes': 1060, 'total_links': 390, 'num_tensors': 98}
2026-08-26 11:33:00,796 [INFO]     [7 | right | 1](candidate_pairs: 48/48 | new_swaps: 0 | total: 0) -> {'max_bond': 16, 'max_links': 4, 'total_elems': 6236, 'total_shapes': 1060, 'total_links': 390, 'num_tensors': 98}
2026-08-26 11:33:00,797 [INFO]     [end unswap] -> {'max_bond': 16, 'max_links': 4, 'total_elems': 6236, 'total_shapes': 1060, 'total_links': 390, 'num_tensors': 98}
2026-08-26 11:33:00,842 [INFO] [start rewire](phase=post_unswap, cycle=15, side=left, layers=2408, trials=20, seed=123, parallel=False, route_candidates=2, route_score=lookahead_total)
2026-08-26 11:33:13,447 [INFO] [end rewire](phase=post_unswap, cycle=15, side=left, routed_layers=2656, elapsed_s=12.60)
2026-08-26 11:33:13,447 [INFO] [start rewire](phase=post_unswap, cycle=15, side=right, layers=2088, trials=20, seed=123, parallel=False, route_candidates=2, route_score=lookahead_total)
2026-08-26 11:33:22,854 [INFO] [end rewire](phase=post_unswap, cycle=15, side=right, routed_layers=2037, elapsed_s=9.41)
2026-08-26 11:33:23,023 [INFO] [1L/2654](swap: 19, u: 0 | c_u: 0 | t_u_l: 33/992 | t_u_r: 26/992 | t_u: 59/1984) -> {'max_bond': 16, 'max_links': 4, 'total_elems': 6236, 'total_shapes': 1060, 'total_links': 390, 'num_tensors': 98}
2026-08-26 11:33:23,136 [INFO] [1R/2035](swap: 16, u: 0 | c_u: 0 | t_u_l: 33/992 | t_u_r: 26/992 | t_u: 59/1984) -> {'max_bond': 16, 'max_links': 4, 'total_elems': 7556, 'total_shapes': 1176, 'total_links': 390, 'num_tensors': 98}
2026-08-26 11:33:23,250 [INFO] [2L/2654](swap: 21, u: 0 | c_u: 0 | t_u_l: 33/992 | t_u_r: 26/992 | t_u: 59/1984) -> {'max_bond': 16, 'max_links': 4, 'total_elems': 9764, 'total_shapes': 1294, 'total_links': 390, 'num_tensors': 98}
2026-08-26 11:33:23,363 [INFO] [2R/2035](swap: 17, u: 1 | c_u: 1 | t_u_l: 33/992 | t_u_r: 27/992 | t_u: 60/1984) -> {'max_bond': 16, 'max_links': 4, 'total_elems': 12796, 'total_shapes': 1404, 'total_links': 390, 'num_tensors': 98}
2026-08-26 11:33:23,478 [INFO] [3L/2654](swap: 23, u: 0 | c_u: 1 | t_u_l: 33/992 | t_u_r: 27/992 | t_u: 60/1984) -> {'max_bond': 20, 'max_links': 4, 'total_elems': 18904, 'total_shapes': 1616, 'total_links': 390, 'num_tensors': 98}
2026-08-26 11:33:23,598 [INFO] [3R/2035](swap: 14, u: 1 | c_u: 2 | t_u_l: 33/992 | t_u_r: 28/992 | t_u: 61/1984) -> {'max_bond': 32, 'max_links': 4, 'total_elems': 27812, 'total_shapes': 1850, 'total_links': 390, 'num_tensors': 98}
2026-08-26 11:33:23,723 [INFO] [4R/2035](swap: 17, u: 0 | c_u: 2 | t_u_l: 33/992 | t_u_r: 28/992 | t_u: 61/1984) -> {'max_bond': 32, 'max_links': 4, 'total_elems': 41604, 'total_shapes': 2120, 'total_links': 390, 'num_tensors': 98}
2026-08-26 11:33:23,860 [INFO] [4L/2654](swap: 22, u: 0 | c_u: 2 | t_u_l: 33/992 | t_u_r: 28/992 | t_u: 61/1984) -> {'max_bond': 32, 'max_links': 4, 'total_elems': 63460, 'total_shapes': 2528, 'total_links': 390, 'num_tensors': 98}
2026-08-26 11:33:24,021 [INFO] [5R/2035](swap: 18, u: 0 | c_u: 2 | t_u_l: 33/992 | t_u_r: 28/992 | t_u: 61/1984) -> {'max_bond': 63, 'max_links': 4, 'total_elems': 91476, 'total_shapes': 2926, 'total_links': 390, 'num_tensors': 98}
2026-08-26 11:33:24,205 [INFO] [6R/2035](swap: 18, u: 0 | c_u: 2 | t_u_l: 33/992 | t_u_r: 28/992 | t_u: 61/1984) -> {'max_bond': 64, 'max_links': 4, 'total_elems': 138080, 'total_shapes': 3342, 'total_links': 390, 'num_tensors': 98}
2026-08-26 11:33:24,453 [INFO] [5L/2654](swap: 20, u: 0 | c_u: 2 | t_u_l: 33/992 | t_u_r: 28/992 | t_u: 61/1984) -> {'max_bond': 101, 'max_links': 4, 'total_elems': 184160, 'total_shapes': 3982, 'total_links': 390, 'num_tensors': 98}
2026-08-26 11:33:24,767 [INFO] [7R/2035](swap: 19, u: 0 | c_u: 2 | t_u_l: 33/992 | t_u_r: 28/992 | t_u: 61/1984) -> {'max_bond': 128, 'max_links': 4, 'total_elems': 275844, 'total_shapes': 4670, 'total_links': 390, 'num_tensors': 98}
2026-08-26 11:33:25,208 [INFO] [8R/2035](swap: 16, u: 0 | c_u: 2 | t_u_l: 33/992 | t_u_r: 28/992 | t_u: 61/1984) -> {'max_bond': 128, 'max_links': 4, 'total_elems': 380432, 'total_shapes': 5342, 'total_links': 390, 'num_tensors': 98}
2026-08-26 11:33:25,932 [INFO] [6L/2654](swap: 18, u: 1 | c_u: 3 | t_u_l: 34/992 | t_u_r: 28/992 | t_u: 62/1984) -> {'max_bond': 234, 'max_links': 4, 'total_elems': 554684, 'total_shapes': 6252, 'total_links': 390, 'num_tensors': 98}
2026-08-26 11:33:26,911 [INFO] [7L/2654](swap: 18, u: 0 | c_u: 3 | t_u_l: 34/992 | t_u_r: 28/992 | t_u: 62/1984) -> {'max_bond': 222, 'max_links': 4, 'total_elems': 589584, 'total_shapes': 6730, 'total_links': 390, 'num_tensors': 98}
2026-08-26 11:33:27,926 [INFO] [8L/2654](swap: 17, u: 0 | c_u: 3 | t_u_l: 34/992 | t_u_r: 28/992 | t_u: 62/1984) -> {'max_bond': 205, 'max_links': 4, 'total_elems': 690472, 'total_shapes': 7344, 'total_links': 390, 'num_tensors': 98}
2026-08-26 11:33:28,956 [INFO] [9L/2654](swap: 15, u: 0 | c_u: 3 | t_u_l: 34/992 | t_u_r: 28/992 | t_u: 62/1984) -> {'max_bond': 171, 'max_links': 4, 'total_elems': 811856, 'total_shapes': 7972, 'total_links': 390, 'num_tensors': 98}
2026-08-26 11:33:30,142 [INFO] [10L/2654](swap: 15, u: 0 | c_u: 3 | t_u_l: 34/992 | t_u_r: 28/992 | t_u: 62/1984) -> {'max_bond': 150, 'max_links': 4, 'total_elems': 905696, 'total_shapes': 8154, 'total_links': 390, 'num_tensors': 98}
2026-08-26 11:33:31,844 [INFO]     [start unswap] -> {'max_bond': 150, 'max_links': 4, 'total_elems': 905696, 'total_shapes': 8154, 'total_links': 390, 'num_tensors': 98}
2026-08-26 11:33:47,245 [INFO]     [0 | both | 0](candidate_pairs: 49/49 | new_swaps: 12 | total: 12) -> {'max_bond': 252, 'max_links': 4, 'total_elems': 1147772, 'total_shapes': 8682, 'total_links': 390, 'num_tensors': 98}
2026-08-26 11:33:53,093 [INFO]     [0 | both | 1](candidate_pairs: 48/48 | new_swaps: 28 | total: 40) -> {'max_bond': 128, 'max_links': 4, 'total_elems': 488400, 'total_shapes': 6002, 'total_links': 390, 'num_tensors': 98}
2026-08-26 11:33:54,094 [INFO]     [0 | left | 0](candidate_pairs: 49/49 | new_swaps: 16 | total: 56) -> {'max_bond': 128, 'max_links': 4, 'total_elems': 344304, 'total_shapes': 4972, 'total_links': 390, 'num_tensors': 98}
2026-08-26 11:33:54,841 [INFO]     [0 | left | 1](candidate_pairs: 48/48 | new_swaps: 21 | total: 77) -> {'max_bond': 106, 'max_links': 4, 'total_elems': 218504, 'total_shapes': 4136, 'total_links': 390, 'num_tensors': 98}
2026-08-26 11:33:55,247 [INFO]     [0 | right | 0](candidate_pairs: 49/49 | new_swaps: 18 | total: 95) -> {'max_bond': 64, 'max_links': 4, 'total_elems': 175228, 'total_shapes': 3600, 'total_links': 390, 'num_tensors': 98}
2026-08-26 11:33:55,605 [INFO]     [0 | right | 1](candidate_pairs: 48/48 | new_swaps: 17 | total: 112) -> {'max_bond': 64, 'max_links': 4, 'total_elems': 137524, 'total_shapes': 3210, 'total_links': 390, 'num_tensors': 98}
2026-08-26 11:33:56,191 [INFO]     [1 | both | 0](candidate_pairs: 49/49 | new_swaps: 24 | total: 24) -> {'max_bond': 64, 'max_links': 4, 'total_elems': 103356, 'total_shapes': 2682, 'total_links': 390, 'num_tensors': 98}
2026-08-26 11:33:56,683 [INFO]     [1 | both | 1](candidate_pairs: 48/48 | new_swaps: 15 | total: 39) -> {'max_bond': 64, 'max_links': 4, 'total_elems': 73636, 'total_shapes': 2322, 'total_links': 390, 'num_tensors': 98}
2026-08-26 11:33:56,853 [INFO]     [1 | left | 0](candidate_pairs: 49/49 | new_swaps: 8 | total: 47) -> {'max_bond': 64, 'max_links': 4, 'total_elems': 55320, 'total_shapes': 2112, 'total_links': 390, 'num_tensors': 98}
2026-08-26 11:33:57,008 [INFO]     [1 | left | 1](candidate_pairs: 48/48 | new_swaps: 13 | total: 60) -> {'max_bond': 64, 'max_links': 4, 'total_elems': 47928, 'total_shapes': 1950, 'total_links': 390, 'num_tensors': 98}
2026-08-26 11:33:57,145 [INFO]     [1 | right | 0](candidate_pairs: 49/49 | new_swaps: 9 | total: 69) -> {'max_bond': 64, 'max_links': 4, 'total_elems': 44732, 'total_shapes': 1854, 'total_links': 390, 'num_tensors': 98}
2026-08-26 11:33:57,274 [INFO]     [1 | right | 1](candidate_pairs: 48/48 | new_swaps: 2 | total: 71) -> {'max_bond': 64, 'max_links': 4, 'total_elems': 44380, 'total_shapes': 1844, 'total_links': 390, 'num_tensors': 98}
2026-08-26 11:33:57,554 [INFO]     [2 | both | 0](candidate_pairs: 49/49 | new_swaps: 15 | total: 15) -> {'max_bond': 64, 'max_links': 4, 'total_elems': 30556, 'total_shapes': 1638, 'total_links': 390, 'num_tensors': 98}
2026-08-26 11:33:57,769 [INFO]     [2 | both | 1](candidate_pairs: 48/48 | new_swaps: 12 | total: 27) -> {'max_bond': 32, 'max_links': 4, 'total_elems': 17064, 'total_shapes': 1434, 'total_links': 390, 'num_tensors': 98}
2026-08-26 11:33:57,874 [INFO]     [2 | left | 0](candidate_pairs: 49/49 | new_swaps: 4 | total: 31) -> {'max_bond': 30, 'max_links': 4, 'total_elems': 15380, 'total_shapes': 1390, 'total_links': 390, 'num_tensors': 98}
2026-08-26 11:33:57,982 [INFO]     [2 | left | 1](candidate_pairs: 48/48 | new_swaps: 7 | total: 38) -> {'max_bond': 16, 'max_links': 4, 'total_elems': 12628, 'total_shapes': 1306, 'total_links': 390, 'num_tensors': 98}
2026-08-26 11:33:58,079 [INFO]     [2 | right | 0](candidate_pairs: 49/49 | new_swaps: 3 | total: 41) -> {'max_bond': 16, 'max_links': 4, 'total_elems': 11952, 'total_shapes': 1276, 'total_links': 390, 'num_tensors': 98}
2026-08-26 11:33:58,178 [INFO]     [2 | right | 1](candidate_pairs: 48/48 | new_swaps: 3 | total: 44) -> {'max_bond': 16, 'max_links': 4, 'total_elems': 11064, 'total_shapes': 1252, 'total_links': 390, 'num_tensors': 98}
2026-08-26 11:33:58,364 [INFO]     [3 | both | 0](candidate_pairs: 49/49 | new_swaps: 16 | total: 16) -> {'max_bond': 16, 'max_links': 4, 'total_elems': 9012, 'total_shapes': 1166, 'total_links': 390, 'num_tensors': 98}
2026-08-26 11:33:58,539 [INFO]     [3 | both | 1](candidate_pairs: 48/48 | new_swaps: 5 | total: 21) -> {'max_bond': 16, 'max_links': 4, 'total_elems': 8448, 'total_shapes': 1130, 'total_links': 390, 'num_tensors': 98}
2026-08-26 11:33:58,634 [INFO]     [3 | left | 0](candidate_pairs: 49/49 | new_swaps: 2 | total: 23) -> {'max_bond': 16, 'max_links': 4, 'total_elems': 8368, 'total_shapes': 1122, 'total_links': 390, 'num_tensors': 98}
2026-08-26 11:33:58,731 [INFO]     [3 | left | 1](candidate_pairs: 48/48 | new_swaps: 3 | total: 26) -> {'max_bond': 16, 'max_links': 4, 'total_elems': 8340, 'total_shapes': 1116, 'total_links': 390, 'num_tensors': 98}
2026-08-26 11:33:58,772 [INFO]     [3 | right | 0](candidate_pairs: 49/49 | new_swaps: 0 | total: 26) -> {'max_bond': 16, 'max_links': 4, 'total_elems': 8340, 'total_shapes': 1116, 'total_links': 390, 'num_tensors': 98}
2026-08-26 11:33:58,814 [INFO]     [3 | right | 1](candidate_pairs: 48/48 | new_swaps: 0 | total: 26) -> {'max_bond': 16, 'max_links': 4, 'total_elems': 8340, 'total_shapes': 1116, 'total_links': 390, 'num_tensors': 98}
2026-08-26 11:33:58,987 [INFO]     [4 | both | 0](candidate_pairs: 49/49 | new_swaps: 3 | total: 3) -> {'max_bond': 16, 'max_links': 4, 'total_elems': 8196, 'total_shapes': 1104, 'total_links': 390, 'num_tensors': 98}
2026-08-26 11:33:59,157 [INFO]     [4 | both | 1](candidate_pairs: 48/48 | new_swaps: 2 | total: 5) -> {'max_bond': 16, 'max_links': 4, 'total_elems': 8144, 'total_shapes': 1098, 'total_links': 390, 'num_tensors': 98}
2026-08-26 11:33:59,200 [INFO]     [4 | left | 0](candidate_pairs: 49/49 | new_swaps: 0 | total: 5) -> {'max_bond': 16, 'max_links': 4, 'total_elems': 8144, 'total_shapes': 1098, 'total_links': 390, 'num_tensors': 98}
2026-08-26 11:33:59,243 [INFO]     [4 | left | 1](candidate_pairs: 48/48 | new_swaps: 0 | total: 5) -> {'max_bond': 16, 'max_links': 4, 'total_elems': 8144, 'total_shapes': 1098, 'total_links': 390, 'num_tensors': 98}
2026-08-26 11:33:59,285 [INFO]     [4 | right | 0](candidate_pairs: 49/49 | new_swaps: 0 | total: 5) -> {'max_bond': 16, 'max_links': 4, 'total_elems': 8144, 'total_shapes': 1098, 'total_links': 390, 'num_tensors': 98}
2026-08-26 11:33:59,327 [INFO]     [4 | right | 1](candidate_pairs: 48/48 | new_swaps: 0 | total: 5) -> {'max_bond': 16, 'max_links': 4, 'total_elems': 8144, 'total_shapes': 1098, 'total_links': 390, 'num_tensors': 98}
2026-08-26 11:33:59,497 [INFO]     [5 | both | 0](candidate_pairs: 49/49 | new_swaps: 1 | total: 1) -> {'max_bond': 16, 'max_links': 4, 'total_elems': 8132, 'total_shapes': 1096, 'total_links': 390, 'num_tensors': 98}
2026-08-26 11:33:59,667 [INFO]     [5 | both | 1](candidate_pairs: 48/48 | new_swaps: 1 | total: 2) -> {'max_bond': 16, 'max_links': 4, 'total_elems': 8120, 'total_shapes': 1094, 'total_links': 390, 'num_tensors': 98}
2026-08-26 11:33:59,710 [INFO]     [5 | left | 0](candidate_pairs: 49/49 | new_swaps: 0 | total: 2) -> {'max_bond': 16, 'max_links': 4, 'total_elems': 8120, 'total_shapes': 1094, 'total_links': 390, 'num_tensors': 98}
2026-08-26 11:33:59,753 [INFO]     [5 | left | 1](candidate_pairs: 48/48 | new_swaps: 0 | total: 2) -> {'max_bond': 16, 'max_links': 4, 'total_elems': 8120, 'total_shapes': 1094, 'total_links': 390, 'num_tensors': 98}
2026-08-26 11:33:59,795 [INFO]     [5 | right | 0](candidate_pairs: 49/49 | new_swaps: 0 | total: 2) -> {'max_bond': 16, 'max_links': 4, 'total_elems': 8120, 'total_shapes': 1094, 'total_links': 390, 'num_tensors': 98}
2026-08-26 11:33:59,837 [INFO]     [5 | right | 1](candidate_pairs: 48/48 | new_swaps: 0 | total: 2) -> {'max_bond': 16, 'max_links': 4, 'total_elems': 8120, 'total_shapes': 1094, 'total_links': 390, 'num_tensors': 98}
2026-08-26 11:33:59,923 [INFO]     [6 | both | 0](candidate_pairs: 49/49 | new_swaps: 0 | total: 0) -> {'max_bond': 16, 'max_links': 4, 'total_elems': 8120, 'total_shapes': 1094, 'total_links': 390, 'num_tensors': 98}
2026-08-26 11:34:00,007 [INFO]     [6 | both | 1](candidate_pairs: 48/48 | new_swaps: 0 | total: 0) -> {'max_bond': 16, 'max_links': 4, 'total_elems': 8120, 'total_shapes': 1094, 'total_links': 390, 'num_tensors': 98}
2026-08-26 11:34:00,051 [INFO]     [6 | left | 0](candidate_pairs: 49/49 | new_swaps: 0 | total: 0) -> {'max_bond': 16, 'max_links': 4, 'total_elems': 8120, 'total_shapes': 1094, 'total_links': 390, 'num_tensors': 98}
2026-08-26 11:34:00,094 [INFO]     [6 | left | 1](candidate_pairs: 48/48 | new_swaps: 0 | total: 0) -> {'max_bond': 16, 'max_links': 4, 'total_elems': 8120, 'total_shapes': 1094, 'total_links': 390, 'num_tensors': 98}
2026-08-26 11:34:00,136 [INFO]     [6 | right | 0](candidate_pairs: 49/49 | new_swaps: 0 | total: 0) -> {'max_bond': 16, 'max_links': 4, 'total_elems': 8120, 'total_shapes': 1094, 'total_links': 390, 'num_tensors': 98}
2026-08-26 11:34:00,178 [INFO]     [6 | right | 1](candidate_pairs: 48/48 | new_swaps: 0 | total: 0) -> {'max_bond': 16, 'max_links': 4, 'total_elems': 8120, 'total_shapes': 1094, 'total_links': 390, 'num_tensors': 98}
2026-08-26 11:34:00,179 [INFO]     [end unswap] -> {'max_bond': 16, 'max_links': 4, 'total_elems': 8120, 'total_shapes': 1094, 'total_links': 390, 'num_tensors': 98}
2026-08-26 11:34:00,226 [INFO] [start rewire](phase=post_unswap, cycle=16, side=left, layers=2646, trials=20, seed=123, parallel=False, route_candidates=2, route_score=lookahead_total)
2026-08-26 11:34:11,687 [INFO] [end rewire](phase=post_unswap, cycle=16, side=left, routed_layers=2444, elapsed_s=11.46)
2026-08-26 11:34:11,687 [INFO] [start rewire](phase=post_unswap, cycle=16, side=right, layers=2029, trials=20, seed=123, parallel=False, route_candidates=2, route_score=lookahead_total)
2026-08-26 11:34:20,902 [INFO] [end rewire](phase=post_unswap, cycle=16, side=right, routed_layers=2240, elapsed_s=9.21)
2026-08-26 11:34:21,075 [INFO] [1L/2442](swap: 20, u: 0 | c_u: 0 | t_u_l: 34/992 | t_u_r: 28/992 | t_u: 62/1984) -> {'max_bond': 16, 'max_links': 4, 'total_elems': 8120, 'total_shapes': 1094, 'total_links': 390, 'num_tensors': 98}
2026-08-26 11:34:21,186 [INFO] [1R/2238](swap: 17, u: 0 | c_u: 0 | t_u_l: 34/992 | t_u_r: 28/992 | t_u: 62/1984) -> {'max_bond': 16, 'max_links': 4, 'total_elems': 9360, 'total_shapes': 1212, 'total_links': 390, 'num_tensors': 98}
2026-08-26 11:34:21,298 [INFO] [2L/2442](swap: 19, u: 0 | c_u: 0 | t_u_l: 34/992 | t_u_r: 28/992 | t_u: 62/1984) -> {'max_bond': 16, 'max_links': 4, 'total_elems': 11904, 'total_shapes': 1324, 'total_links': 390, 'num_tensors': 98}
2026-08-26 11:34:21,411 [INFO] [2R/2238](swap: 18, u: 0 | c_u: 0 | t_u_l: 34/992 | t_u_r: 28/992 | t_u: 62/1984) -> {'max_bond': 32, 'max_links': 4, 'total_elems': 17048, 'total_shapes': 1510, 'total_links': 390, 'num_tensors': 98}
2026-08-26 11:34:21,529 [INFO] [3L/2442](swap: 23, u: 0 | c_u: 0 | t_u_l: 34/992 | t_u_r: 28/992 | t_u: 62/1984) -> {'max_bond': 32, 'max_links': 4, 'total_elems': 28168, 'total_shapes': 1742, 'total_links': 390, 'num_tensors': 98}
2026-08-26 11:34:21,663 [INFO] [4L/2442](swap: 21, u: 0 | c_u: 0 | t_u_l: 34/992 | t_u_r: 28/992 | t_u: 62/1984) -> {'max_bond': 32, 'max_links': 4, 'total_elems': 43348, 'total_shapes': 2080, 'total_links': 390, 'num_tensors': 98}
2026-08-26 11:34:21,804 [INFO] [5L/2442](swap: 16, u: 1 | c_u: 1 | t_u_l: 35/992 | t_u_r: 28/992 | t_u: 63/1984) -> {'max_bond': 64, 'max_links': 4, 'total_elems': 73600, 'total_shapes': 2552, 'total_links': 390, 'num_tensors': 98}
2026-08-26 11:34:21,972 [INFO] [3R/2238](swap: 21, u: 1 | c_u: 2 | t_u_l: 35/992 | t_u_r: 29/992 | t_u: 64/1984) -> {'max_bond': 128, 'max_links': 4, 'total_elems': 104188, 'total_shapes': 2928, 'total_links': 390, 'num_tensors': 98}
2026-08-26 11:34:22,193 [INFO] [6L/2442](swap: 17, u: 1 | c_u: 3 | t_u_l: 36/992 | t_u_r: 29/992 | t_u: 65/1984) -> {'max_bond': 128, 'max_links': 4, 'total_elems': 139376, 'total_shapes': 3326, 'total_links': 390, 'num_tensors': 98}
2026-08-26 11:34:22,452 [INFO] [7L/2442](swap: 17, u: 1 | c_u: 4 | t_u_l: 37/992 | t_u_r: 29/992 | t_u: 66/1984) -> {'max_bond': 128, 'max_links': 4, 'total_elems': 150692, 'total_shapes': 3488, 'total_links': 390, 'num_tensors': 98}
2026-08-26 11:34:22,710 [INFO] [8L/2442](swap: 16, u: 1 | c_u: 5 | t_u_l: 38/992 | t_u_r: 29/992 | t_u: 67/1984) -> {'max_bond': 128, 'max_links': 4, 'total_elems': 188268, 'total_shapes': 3964, 'total_links': 390, 'num_tensors': 98}
2026-08-26 11:34:23,044 [INFO] [9L/2442](swap: 14, u: 2 | c_u: 7 | t_u_l: 40/992 | t_u_r: 29/992 | t_u: 69/1984) -> {'max_bond': 128, 'max_links': 4, 'total_elems': 281140, 'total_shapes': 4606, 'total_links': 390, 'num_tensors': 98}
2026-08-26 11:34:23,486 [INFO] [10L/2442](swap: 10, u: 0 | c_u: 7 | t_u_l: 40/992 | t_u_r: 29/992 | t_u: 69/1984) -> {'max_bond': 128, 'max_links': 4, 'total_elems': 356560, 'total_shapes': 5156, 'total_links': 390, 'num_tensors': 98}
2026-08-26 11:34:24,093 [INFO] [11L/2442](swap: 9, u: 0 | c_u: 7 | t_u_l: 40/992 | t_u_r: 29/992 | t_u: 69/1984) -> {'max_bond': 128, 'max_links': 4, 'total_elems': 451040, 'total_shapes': 5788, 'total_links': 390, 'num_tensors': 98}
2026-08-26 11:34:24,856 [INFO] [12L/2442](swap: 9, u: 1 | c_u: 8 | t_u_l: 41/992 | t_u_r: 29/992 | t_u: 70/1984) -> {'max_bond': 285, 'max_links': 4, 'total_elems': 607316, 'total_shapes': 6466, 'total_links': 390, 'num_tensors': 98}
2026-08-26 11:34:26,077 [INFO] [13L/2442](swap: 11, u: 1 | c_u: 9 | t_u_l: 42/992 | t_u_r: 29/992 | t_u: 71/1984) -> {'max_bond': 278, 'max_links': 4, 'total_elems': 687540, 'total_shapes': 6942, 'total_links': 390, 'num_tensors': 98}
2026-08-26 11:34:27,266 [INFO] [4R/2238](swap: 21, u: 0 | c_u: 9 | t_u_l: 42/992 | t_u_r: 29/992 | t_u: 71/1984) -> {'max_bond': 268, 'max_links': 4, 'total_elems': 923496, 'total_shapes': 7842, 'total_links': 390, 'num_tensors': 98}
2026-08-26 11:34:28,894 [INFO] [5R/2238](swap: 18, u: 1 | c_u: 10 | t_u_l: 42/992 | t_u_r: 30/992 | t_u: 72/1984) -> {'max_bond': 163, 'max_links': 4, 'total_elems': 907232, 'total_shapes': 8210, 'total_links': 390, 'num_tensors': 98}
2026-08-26 11:34:30,215 [INFO]     [start unswap] -> {'max_bond': 163, 'max_links': 4, 'total_elems': 907232, 'total_shapes': 8210, 'total_links': 390, 'num_tensors': 98}
2026-08-26 11:34:37,599 [INFO]     [0 | both | 0](candidate_pairs: 49/49 | new_swaps: 16 | total: 16) -> {'max_bond': 161, 'max_links': 4, 'total_elems': 806944, 'total_shapes': 7890, 'total_links': 390, 'num_tensors': 98}
2026-08-26 11:34:41,098 [INFO]     [0 | both | 1](candidate_pairs: 48/48 | new_swaps: 19 | total: 35) -> {'max_bond': 143, 'max_links': 4, 'total_elems': 483236, 'total_shapes': 6080, 'total_links': 390, 'num_tensors': 98}
2026-08-26 11:34:42,144 [INFO]     [0 | left | 0](candidate_pairs: 49/49 | new_swaps: 22 | total: 57) -> {'max_bond': 120, 'max_links': 4, 'total_elems': 262392, 'total_shapes': 4760, 'total_links': 390, 'num_tensors': 98}
2026-08-26 11:34:42,647 [INFO]     [0 | left | 1](candidate_pairs: 48/48 | new_swaps: 23 | total: 80) -> {'max_bond': 62, 'max_links': 4, 'total_elems': 157904, 'total_shapes': 3862, 'total_links': 390, 'num_tensors': 98}
2026-08-26 11:34:42,915 [INFO]     [0 | right | 0](candidate_pairs: 49/49 | new_swaps: 15 | total: 95) -> {'max_bond': 58, 'max_links': 4, 'total_elems': 128164, 'total_shapes': 3420, 'total_links': 390, 'num_tensors': 98}
2026-08-26 11:34:43,194 [INFO]     [0 | right | 1](candidate_pairs: 48/48 | new_swaps: 15 | total: 110) -> {'max_bond': 58, 'max_links': 4, 'total_elems': 94044, 'total_shapes': 3054, 'total_links': 390, 'num_tensors': 98}
2026-08-26 11:34:43,548 [INFO]     [1 | both | 0](candidate_pairs: 49/49 | new_swaps: 23 | total: 23) -> {'max_bond': 38, 'max_links': 4, 'total_elems': 65576, 'total_shapes': 2592, 'total_links': 390, 'num_tensors': 98}
2026-08-26 11:34:43,873 [INFO]     [1 | both | 1](candidate_pairs: 48/48 | new_swaps: 14 | total: 37) -> {'max_bond': 38, 'max_links': 4, 'total_elems': 53176, 'total_shapes': 2336, 'total_links': 390, 'num_tensors': 98}
2026-08-26 11:34:44,017 [INFO]     [1 | left | 0](candidate_pairs: 49/49 | new_swaps: 9 | total: 46) -> {'max_bond': 29, 'max_links': 4, 'total_elems': 46144, 'total_shapes': 2196, 'total_links': 390, 'num_tensors': 98}
2026-08-26 11:34:44,159 [INFO]     [1 | left | 1](candidate_pairs: 48/48 | new_swaps: 8 | total: 54) -> {'max_bond': 29, 'max_links': 4, 'total_elems': 42312, 'total_shapes': 2098, 'total_links': 390, 'num_tensors': 98}
2026-08-26 11:34:44,289 [INFO]     [1 | right | 0](candidate_pairs: 49/49 | new_swaps: 10 | total: 64) -> {'max_bond': 29, 'max_links': 4, 'total_elems': 38192, 'total_shapes': 1994, 'total_links': 390, 'num_tensors': 98}
2026-08-26 11:34:44,420 [INFO]     [1 | right | 1](candidate_pairs: 48/48 | new_swaps: 8 | total: 72) -> {'max_bond': 29, 'max_links': 4, 'total_elems': 36176, 'total_shapes': 1934, 'total_links': 390, 'num_tensors': 98}
2026-08-26 11:34:44,654 [INFO]     [2 | both | 0](candidate_pairs: 49/49 | new_swaps: 10 | total: 10) -> {'max_bond': 29, 'max_links': 4, 'total_elems': 33788, 'total_shapes': 1864, 'total_links': 390, 'num_tensors': 98}
2026-08-26 11:34:44,894 [INFO]     [2 | both | 1](candidate_pairs: 48/48 | new_swaps: 11 | total: 21) -> {'max_bond': 29, 'max_links': 4, 'total_elems': 30080, 'total_shapes': 1762, 'total_links': 390, 'num_tensors': 98}
2026-08-26 11:34:45,012 [INFO]     [2 | left | 0](candidate_pairs: 49/49 | new_swaps: 6 | total: 27) -> {'max_bond': 29, 'max_links': 4, 'total_elems': 28356, 'total_shapes': 1706, 'total_links': 390, 'num_tensors': 98}
2026-08-26 11:34:45,129 [INFO]     [2 | left | 1](candidate_pairs: 48/48 | new_swaps: 2 | total: 29) -> {'max_bond': 29, 'max_links': 4, 'total_elems': 28248, 'total_shapes': 1700, 'total_links': 390, 'num_tensors': 98}
2026-08-26 11:34:45,242 [INFO]     [2 | right | 0](candidate_pairs: 49/49 | new_swaps: 3 | total: 32) -> {'max_bond': 29, 'max_links': 4, 'total_elems': 25208, 'total_shapes': 1656, 'total_links': 390, 'num_tensors': 98}
2026-08-26 11:34:45,334 [INFO]     [2 | right | 1](candidate_pairs: 48/48 | new_swaps: 1 | total: 33) -> {'max_bond': 29, 'max_links': 4, 'total_elems': 24564, 'total_shapes': 1642, 'total_links': 390, 'num_tensors': 98}
2026-08-26 11:34:45,543 [INFO]     [3 | both | 0](candidate_pairs: 49/49 | new_swaps: 6 | total: 6) -> {'max_bond': 29, 'max_links': 4, 'total_elems': 23660, 'total_shapes': 1604, 'total_links': 390, 'num_tensors': 98}
2026-08-26 11:34:45,747 [INFO]     [3 | both | 1](candidate_pairs: 48/48 | new_swaps: 5 | total: 11) -> {'max_bond': 29, 'max_links': 4, 'total_elems': 22956, 'total_shapes': 1576, 'total_links': 390, 'num_tensors': 98}
2026-08-26 11:34:45,840 [INFO]     [3 | left | 0](candidate_pairs: 49/49 | new_swaps: 1 | total: 12) -> {'max_bond': 29, 'max_links': 4, 'total_elems': 22656, 'total_shapes': 1566, 'total_links': 390, 'num_tensors': 98}
2026-08-26 11:34:45,949 [INFO]     [3 | left | 1](candidate_pairs: 48/48 | new_swaps: 2 | total: 14) -> {'max_bond': 29, 'max_links': 4, 'total_elems': 22444, 'total_shapes': 1552, 'total_links': 390, 'num_tensors': 98}
2026-08-26 11:34:46,058 [INFO]     [3 | right | 0](candidate_pairs: 49/49 | new_swaps: 3 | total: 17) -> {'max_bond': 29, 'max_links': 4, 'total_elems': 22132, 'total_shapes': 1540, 'total_links': 390, 'num_tensors': 98}
2026-08-26 11:34:46,147 [INFO]     [3 | right | 1](candidate_pairs: 48/48 | new_swaps: 1 | total: 18) -> {'max_bond': 29, 'max_links': 4, 'total_elems': 22072, 'total_shapes': 1538, 'total_links': 390, 'num_tensors': 98}
2026-08-26 11:34:46,345 [INFO]     [4 | both | 0](candidate_pairs: 49/49 | new_swaps: 4 | total: 4) -> {'max_bond': 29, 'max_links': 4, 'total_elems': 21676, 'total_shapes': 1520, 'total_links': 390, 'num_tensors': 98}
2026-08-26 11:34:46,550 [INFO]     [4 | both | 1](candidate_pairs: 48/48 | new_swaps: 3 | total: 7) -> {'max_bond': 29, 'max_links': 4, 'total_elems': 21580, 'total_shapes': 1514, 'total_links': 390, 'num_tensors': 98}
2026-08-26 11:34:46,643 [INFO]     [4 | left | 0](candidate_pairs: 49/49 | new_swaps: 1 | total: 8) -> {'max_bond': 29, 'max_links': 4, 'total_elems': 21516, 'total_shapes': 1510, 'total_links': 390, 'num_tensors': 98}
2026-08-26 11:34:46,737 [INFO]     [4 | left | 1](candidate_pairs: 48/48 | new_swaps: 1 | total: 9) -> {'max_bond': 29, 'max_links': 4, 'total_elems': 21396, 'total_shapes': 1504, 'total_links': 390, 'num_tensors': 98}
2026-08-26 11:34:46,791 [INFO]     [4 | right | 0](candidate_pairs: 49/49 | new_swaps: 0 | total: 9) -> {'max_bond': 29, 'max_links': 4, 'total_elems': 21396, 'total_shapes': 1504, 'total_links': 390, 'num_tensors': 98}
2026-08-26 11:34:46,845 [INFO]     [4 | right | 1](candidate_pairs: 48/48 | new_swaps: 0 | total: 9) -> {'max_bond': 29, 'max_links': 4, 'total_elems': 21396, 'total_shapes': 1504, 'total_links': 390, 'num_tensors': 98}
2026-08-26 11:34:46,957 [INFO]     [5 | both | 0](candidate_pairs: 49/49 | new_swaps: 0 | total: 0) -> {'max_bond': 29, 'max_links': 4, 'total_elems': 21396, 'total_shapes': 1504, 'total_links': 390, 'num_tensors': 98}
2026-08-26 11:34:47,144 [INFO]     [5 | both | 1](candidate_pairs: 48/48 | new_swaps: 1 | total: 1) -> {'max_bond': 29, 'max_links': 4, 'total_elems': 21356, 'total_shapes': 1502, 'total_links': 390, 'num_tensors': 98}
2026-08-26 11:34:47,196 [INFO]     [5 | left | 0](candidate_pairs: 49/49 | new_swaps: 0 | total: 1) -> {'max_bond': 29, 'max_links': 4, 'total_elems': 21356, 'total_shapes': 1502, 'total_links': 390, 'num_tensors': 98}
2026-08-26 11:34:47,252 [INFO]     [5 | left | 1](candidate_pairs: 48/48 | new_swaps: 0 | total: 1) -> {'max_bond': 29, 'max_links': 4, 'total_elems': 21356, 'total_shapes': 1502, 'total_links': 390, 'num_tensors': 98}
2026-08-26 11:34:47,306 [INFO]     [5 | right | 0](candidate_pairs: 49/49 | new_swaps: 0 | total: 1) -> {'max_bond': 29, 'max_links': 4, 'total_elems': 21356, 'total_shapes': 1502, 'total_links': 390, 'num_tensors': 98}
2026-08-26 11:34:47,359 [INFO]     [5 | right | 1](candidate_pairs: 48/48 | new_swaps: 0 | total: 1) -> {'max_bond': 29, 'max_links': 4, 'total_elems': 21356, 'total_shapes': 1502, 'total_links': 390, 'num_tensors': 98}
2026-08-26 11:34:47,470 [INFO]     [6 | both | 0](candidate_pairs: 49/49 | new_swaps: 0 | total: 0) -> {'max_bond': 29, 'max_links': 4, 'total_elems': 21356, 'total_shapes': 1502, 'total_links': 390, 'num_tensors': 98}
2026-08-26 11:34:47,582 [INFO]     [6 | both | 1](candidate_pairs: 48/48 | new_swaps: 0 | total: 0) -> {'max_bond': 29, 'max_links': 4, 'total_elems': 21356, 'total_shapes': 1502, 'total_links': 390, 'num_tensors': 98}
2026-08-26 11:34:47,635 [INFO]     [6 | left | 0](candidate_pairs: 49/49 | new_swaps: 0 | total: 0) -> {'max_bond': 29, 'max_links': 4, 'total_elems': 21356, 'total_shapes': 1502, 'total_links': 390, 'num_tensors': 98}
2026-08-26 11:34:47,690 [INFO]     [6 | left | 1](candidate_pairs: 48/48 | new_swaps: 0 | total: 0) -> {'max_bond': 29, 'max_links': 4, 'total_elems': 21356, 'total_shapes': 1502, 'total_links': 390, 'num_tensors': 98}
2026-08-26 11:34:47,745 [INFO]     [6 | right | 0](candidate_pairs: 49/49 | new_swaps: 0 | total: 0) -> {'max_bond': 29, 'max_links': 4, 'total_elems': 21356, 'total_shapes': 1502, 'total_links': 390, 'num_tensors': 98}
2026-08-26 11:34:47,800 [INFO]     [6 | right | 1](candidate_pairs: 48/48 | new_swaps: 0 | total: 0) -> {'max_bond': 29, 'max_links': 4, 'total_elems': 21356, 'total_shapes': 1502, 'total_links': 390, 'num_tensors': 98}
2026-08-26 11:34:47,800 [INFO]     [end unswap] -> {'max_bond': 29, 'max_links': 4, 'total_elems': 21356, 'total_shapes': 1502, 'total_links': 390, 'num_tensors': 98}
2026-08-26 11:34:47,851 [INFO] [start rewire](phase=post_unswap, cycle=17, side=left, layers=2431, trials=20, seed=123, parallel=False, route_candidates=2, route_score=lookahead_total)
2026-08-26 11:35:00,151 [INFO] [end rewire](phase=post_unswap, cycle=17, side=left, routed_layers=2430, elapsed_s=12.30)
2026-08-26 11:35:00,151 [INFO] [start rewire](phase=post_unswap, cycle=17, side=right, layers=2235, trials=20, seed=123, parallel=False, route_candidates=2, route_score=lookahead_total)
2026-08-26 11:36:39,498 [INFO] [end rewire](phase=post_unswap, cycle=17, side=right, routed_layers=2247, elapsed_s=99.35)
2026-08-26 11:36:39,717 [INFO] [1L/2428](swap: 20, u: 1 | c_u: 1 | t_u_l: 43/992 | t_u_r: 30/992 | t_u: 73/1984) -> {'max_bond': 29, 'max_links': 4, 'total_elems': 21452, 'total_shapes': 1510, 'total_links': 390, 'num_tensors': 98}
2026-08-26 11:36:39,837 [INFO] [2L/2428](swap: 23, u: 0 | c_u: 1 | t_u_l: 43/992 | t_u_r: 30/992 | t_u: 73/1984) -> {'max_bond': 32, 'max_links': 4, 'total_elems': 29316, 'total_shapes': 1752, 'total_links': 390, 'num_tensors': 98}
2026-08-26 11:36:39,966 [INFO] [1R/2245](swap: 20, u: 1 | c_u: 2 | t_u_l: 43/992 | t_u_r: 31/992 | t_u: 74/1984) -> {'max_bond': 32, 'max_links': 4, 'total_elems': 37452, 'total_shapes': 1958, 'total_links': 390, 'num_tensors': 98}
2026-08-26 11:36:40,104 [INFO] [3L/2428](swap: 22, u: 0 | c_u: 2 | t_u_l: 43/992 | t_u_r: 31/992 | t_u: 74/1984) -> {'max_bond': 64, 'max_links': 4, 'total_elems': 60684, 'total_shapes': 2358, 'total_links': 390, 'num_tensors': 98}
2026-08-26 11:36:40,261 [INFO] [2R/2245](swap: 23, u: 1 | c_u: 3 | t_u_l: 43/992 | t_u_r: 32/992 | t_u: 75/1984) -> {'max_bond': 64, 'max_links': 4, 'total_elems': 85948, 'total_shapes': 2742, 'total_links': 390, 'num_tensors': 98}
2026-08-26 11:36:40,440 [INFO] [4L/2428](swap: 21, u: 0 | c_u: 3 | t_u_l: 43/992 | t_u_r: 32/992 | t_u: 75/1984) -> {'max_bond': 64, 'max_links': 4, 'total_elems': 107988, 'total_shapes': 3094, 'total_links': 390, 'num_tensors': 98}
2026-08-26 11:36:40,643 [INFO] [5L/2428](swap: 20, u: 1 | c_u: 4 | t_u_l: 44/992 | t_u_r: 32/992 | t_u: 76/1984) -> {'max_bond': 64, 'max_links': 4, 'total_elems': 156576, 'total_shapes': 3758, 'total_links': 390, 'num_tensors': 98}
2026-08-26 11:36:40,900 [INFO] [3R/2245](swap: 23, u: 0 | c_u: 4 | t_u_l: 44/992 | t_u_r: 32/992 | t_u: 76/1984) -> {'max_bond': 64, 'max_links': 4, 'total_elems': 223492, 'total_shapes': 4320, 'total_links': 390, 'num_tensors': 98}
2026-08-26 11:36:41,270 [INFO] [6L/2428](swap: 18, u: 0 | c_u: 4 | t_u_l: 44/992 | t_u_r: 32/992 | t_u: 76/1984) -> {'max_bond': 64, 'max_links': 4, 'total_elems': 260320, 'total_shapes': 4778, 'total_links': 390, 'num_tensors': 98}
2026-08-26 11:36:41,664 [INFO] [7L/2428](swap: 16, u: 0 | c_u: 4 | t_u_l: 44/992 | t_u_r: 32/992 | t_u: 76/1984) -> {'max_bond': 128, 'max_links': 4, 'total_elems': 359920, 'total_shapes': 5610, 'total_links': 390, 'num_tensors': 98}
2026-08-26 11:36:42,164 [INFO] [4R/2245](swap: 25, u: 0 | c_u: 4 | t_u_l: 44/992 | t_u_r: 32/992 | t_u: 76/1984) -> {'max_bond': 128, 'max_links': 4, 'total_elems': 479696, 'total_shapes': 6278, 'total_links': 390, 'num_tensors': 98}
2026-08-26 11:36:43,003 [INFO] [8L/2428](swap: 12, u: 1 | c_u: 5 | t_u_l: 45/992 | t_u_r: 32/992 | t_u: 77/1984) -> {'max_bond': 128, 'max_links': 4, 'total_elems': 641080, 'total_shapes': 7222, 'total_links': 390, 'num_tensors': 98}
2026-08-26 11:36:44,003 [INFO] [9L/2428](swap: 13, u: 0 | c_u: 5 | t_u_l: 45/992 | t_u_r: 32/992 | t_u: 77/1984) -> {'max_bond': 128, 'max_links': 4, 'total_elems': 898556, 'total_shapes': 8396, 'total_links': 390, 'num_tensors': 98}
2026-08-26 11:36:45,422 [INFO]     [start unswap] -> {'max_bond': 128, 'max_links': 4, 'total_elems': 898556, 'total_shapes': 8396, 'total_links': 390, 'num_tensors': 98}
2026-08-26 11:36:55,041 [INFO]     [0 | both | 0](candidate_pairs: 49/49 | new_swaps: 21 | total: 21) -> {'max_bond': 128, 'max_links': 4, 'total_elems': 813636, 'total_shapes': 7876, 'total_links': 390, 'num_tensors': 98}
2026-08-26 11:36:58,504 [INFO]     [0 | both | 1](candidate_pairs: 48/48 | new_swaps: 25 | total: 46) -> {'max_bond': 126, 'max_links': 4, 'total_elems': 491876, 'total_shapes': 5990, 'total_links': 390, 'num_tensors': 98}
2026-08-26 11:36:59,739 [INFO]     [0 | left | 0](candidate_pairs: 49/49 | new_swaps: 32 | total: 78) -> {'max_bond': 117, 'max_links': 4, 'total_elems': 296868, 'total_shapes': 4576, 'total_links': 390, 'num_tensors': 98}
2026-08-26 11:37:00,369 [INFO]     [0 | left | 1](candidate_pairs: 48/48 | new_swaps: 29 | total: 107) -> {'max_bond': 112, 'max_links': 4, 'total_elems': 194828, 'total_shapes': 3636, 'total_links': 390, 'num_tensors': 98}
2026-08-26 11:37:00,805 [INFO]     [0 | right | 0](candidate_pairs: 49/49 | new_swaps: 15 | total: 122) -> {'max_bond': 112, 'max_links': 4, 'total_elems': 181208, 'total_shapes': 3374, 'total_links': 390, 'num_tensors': 98}
2026-08-26 11:37:01,169 [INFO]     [0 | right | 1](candidate_pairs: 48/48 | new_swaps: 17 | total: 139) -> {'max_bond': 112, 'max_links': 4, 'total_elems': 165220, 'total_shapes': 3114, 'total_links': 390, 'num_tensors': 98}
2026-08-26 11:37:02,452 [INFO]     [1 | both | 0](candidate_pairs: 49/49 | new_swaps: 17 | total: 17) -> {'max_bond': 110, 'max_links': 4, 'total_elems': 109400, 'total_shapes': 2670, 'total_links': 390, 'num_tensors': 98}
2026-08-26 11:37:02,952 [INFO]     [1 | both | 1](candidate_pairs: 48/48 | new_swaps: 12 | total: 29) -> {'max_bond': 55, 'max_links': 4, 'total_elems': 72216, 'total_shapes': 2338, 'total_links': 390, 'num_tensors': 98}
2026-08-26 11:37:03,121 [INFO]     [1 | left | 0](candidate_pairs: 49/49 | new_swaps: 11 | total: 40) -> {'max_bond': 54, 'max_links': 4, 'total_elems': 67132, 'total_shapes': 2210, 'total_links': 390, 'num_tensors': 98}
2026-08-26 11:37:03,312 [INFO]     [1 | left | 1](candidate_pairs: 48/48 | new_swaps: 7 | total: 47) -> {'max_bond': 54, 'max_links': 4, 'total_elems': 62360, 'total_shapes': 2128, 'total_links': 390, 'num_tensors': 98}
2026-08-26 11:37:03,466 [INFO]     [1 | right | 0](candidate_pairs: 49/49 | new_swaps: 6 | total: 53) -> {'max_bond': 54, 'max_links': 4, 'total_elems': 58196, 'total_shapes': 2030, 'total_links': 390, 'num_tensors': 98}
2026-08-26 11:37:03,635 [INFO]     [1 | right | 1](candidate_pairs: 48/48 | new_swaps: 4 | total: 57) -> {'max_bond': 54, 'max_links': 4, 'total_elems': 56196, 'total_shapes': 1996, 'total_links': 390, 'num_tensors': 98}
2026-08-26 11:37:03,975 [INFO]     [2 | both | 0](candidate_pairs: 49/49 | new_swaps: 12 | total: 12) -> {'max_bond': 53, 'max_links': 4, 'total_elems': 45124, 'total_shapes': 1840, 'total_links': 390, 'num_tensors': 98}
2026-08-26 11:37:04,270 [INFO]     [2 | both | 1](candidate_pairs: 48/48 | new_swaps: 12 | total: 24) -> {'max_bond': 52, 'max_links': 4, 'total_elems': 34476, 'total_shapes': 1706, 'total_links': 390, 'num_tensors': 98}
2026-08-26 11:37:04,390 [INFO]     [2 | left | 0](candidate_pairs: 49/49 | new_swaps: 3 | total: 27) -> {'max_bond': 52, 'max_links': 4, 'total_elems': 33912, 'total_shapes': 1688, 'total_links': 390, 'num_tensors': 98}
2026-08-26 11:37:04,521 [INFO]     [2 | left | 1](candidate_pairs: 48/48 | new_swaps: 3 | total: 30) -> {'max_bond': 52, 'max_links': 4, 'total_elems': 32996, 'total_shapes': 1670, 'total_links': 390, 'num_tensors': 98}
2026-08-26 11:37:04,638 [INFO]     [2 | right | 0](candidate_pairs: 49/49 | new_swaps: 2 | total: 32) -> {'max_bond': 28, 'max_links': 4, 'total_elems': 26884, 'total_shapes': 1602, 'total_links': 390, 'num_tensors': 98}
2026-08-26 11:37:04,760 [INFO]     [2 | right | 1](candidate_pairs: 48/48 | new_swaps: 5 | total: 37) -> {'max_bond': 27, 'max_links': 4, 'total_elems': 21772, 'total_shapes': 1536, 'total_links': 390, 'num_tensors': 98}
2026-08-26 11:37:04,957 [INFO]     [3 | both | 0](candidate_pairs: 49/49 | new_swaps: 4 | total: 4) -> {'max_bond': 27, 'max_links': 4, 'total_elems': 19976, 'total_shapes': 1488, 'total_links': 390, 'num_tensors': 98}
2026-08-26 11:37:05,159 [INFO]     [3 | both | 1](candidate_pairs: 48/48 | new_swaps: 2 | total: 6) -> {'max_bond': 27, 'max_links': 4, 'total_elems': 19436, 'total_shapes': 1474, 'total_links': 390, 'num_tensors': 98}
2026-08-26 11:37:05,267 [INFO]     [3 | left | 0](candidate_pairs: 49/49 | new_swaps: 4 | total: 10) -> {'max_bond': 26, 'max_links': 4, 'total_elems': 15800, 'total_shapes': 1410, 'total_links': 390, 'num_tensors': 98}
2026-08-26 11:37:05,371 [INFO]     [3 | left | 1](candidate_pairs: 48/48 | new_swaps: 1 | total: 11) -> {'max_bond': 26, 'max_links': 4, 'total_elems': 15296, 'total_shapes': 1398, 'total_links': 390, 'num_tensors': 98}
2026-08-26 11:37:05,453 [INFO]     [3 | right | 0](candidate_pairs: 49/49 | new_swaps: 1 | total: 12) -> {'max_bond': 26, 'max_links': 4, 'total_elems': 15284, 'total_shapes': 1396, 'total_links': 390, 'num_tensors': 98}
2026-08-26 11:37:05,501 [INFO]     [3 | right | 1](candidate_pairs: 48/48 | new_swaps: 0 | total: 12) -> {'max_bond': 26, 'max_links': 4, 'total_elems': 15284, 'total_shapes': 1396, 'total_links': 390, 'num_tensors': 98}
2026-08-26 11:37:05,688 [INFO]     [4 | both | 0](candidate_pairs: 49/49 | new_swaps: 1 | total: 1) -> {'max_bond': 26, 'max_links': 4, 'total_elems': 14612, 'total_shapes': 1382, 'total_links': 390, 'num_tensors': 98}
2026-08-26 11:37:05,857 [INFO]     [4 | both | 1](candidate_pairs: 48/48 | new_swaps: 1 | total: 2) -> {'max_bond': 26, 'max_links': 4, 'total_elems': 14592, 'total_shapes': 1380, 'total_links': 390, 'num_tensors': 98}
2026-08-26 11:37:05,905 [INFO]     [4 | left | 0](candidate_pairs: 49/49 | new_swaps: 0 | total: 2) -> {'max_bond': 26, 'max_links': 4, 'total_elems': 14592, 'total_shapes': 1380, 'total_links': 390, 'num_tensors': 98}
2026-08-26 11:37:05,953 [INFO]     [4 | left | 1](candidate_pairs: 48/48 | new_swaps: 0 | total: 2) -> {'max_bond': 26, 'max_links': 4, 'total_elems': 14592, 'total_shapes': 1380, 'total_links': 390, 'num_tensors': 98}
2026-08-26 11:37:06,000 [INFO]     [4 | right | 0](candidate_pairs: 49/49 | new_swaps: 0 | total: 2) -> {'max_bond': 26, 'max_links': 4, 'total_elems': 14592, 'total_shapes': 1380, 'total_links': 390, 'num_tensors': 98}
2026-08-26 11:37:06,047 [INFO]     [4 | right | 1](candidate_pairs: 48/48 | new_swaps: 0 | total: 2) -> {'max_bond': 26, 'max_links': 4, 'total_elems': 14592, 'total_shapes': 1380, 'total_links': 390, 'num_tensors': 98}
2026-08-26 11:37:06,142 [INFO]     [5 | both | 0](candidate_pairs: 49/49 | new_swaps: 0 | total: 0) -> {'max_bond': 26, 'max_links': 4, 'total_elems': 14592, 'total_shapes': 1380, 'total_links': 390, 'num_tensors': 98}
2026-08-26 11:37:06,237 [INFO]     [5 | both | 1](candidate_pairs: 48/48 | new_swaps: 0 | total: 0) -> {'max_bond': 26, 'max_links': 4, 'total_elems': 14592, 'total_shapes': 1380, 'total_links': 390, 'num_tensors': 98}
2026-08-26 11:37:06,285 [INFO]     [5 | left | 0](candidate_pairs: 49/49 | new_swaps: 0 | total: 0) -> {'max_bond': 26, 'max_links': 4, 'total_elems': 14592, 'total_shapes': 1380, 'total_links': 390, 'num_tensors': 98}
2026-08-26 11:37:06,333 [INFO]     [5 | left | 1](candidate_pairs: 48/48 | new_swaps: 0 | total: 0) -> {'max_bond': 26, 'max_links': 4, 'total_elems': 14592, 'total_shapes': 1380, 'total_links': 390, 'num_tensors': 98}
2026-08-26 11:37:06,380 [INFO]     [5 | right | 0](candidate_pairs: 49/49 | new_swaps: 0 | total: 0) -> {'max_bond': 26, 'max_links': 4, 'total_elems': 14592, 'total_shapes': 1380, 'total_links': 390, 'num_tensors': 98}
2026-08-26 11:37:06,426 [INFO]     [5 | right | 1](candidate_pairs: 48/48 | new_swaps: 0 | total: 0) -> {'max_bond': 26, 'max_links': 4, 'total_elems': 14592, 'total_shapes': 1380, 'total_links': 390, 'num_tensors': 98}
2026-08-26 11:37:06,427 [INFO]     [end unswap] -> {'max_bond': 26, 'max_links': 4, 'total_elems': 14592, 'total_shapes': 1380, 'total_links': 390, 'num_tensors': 98}
2026-08-26 11:37:06,430 [INFO] [start rewire](phase=post_unswap, cycle=18, side=left, layers=2421, trials=20, seed=123, parallel=False, route_candidates=2, route_score=lookahead_total)
2026-08-26 11:37:19,598 [INFO] [end rewire](phase=post_unswap, cycle=18, side=left, routed_layers=2339, elapsed_s=13.17)
2026-08-26 11:37:19,598 [INFO] [start rewire](phase=post_unswap, cycle=18, side=right, layers=2243, trials=20, seed=123, parallel=False, route_candidates=2, route_score=lookahead_total)
2026-08-26 11:37:29,285 [INFO] [end rewire](phase=post_unswap, cycle=18, side=right, routed_layers=1994, elapsed_s=9.69)
2026-08-26 11:37:29,503 [INFO] [1L/2337](swap: 17, u: 0 | c_u: 0 | t_u_l: 45/992 | t_u_r: 32/992 | t_u: 77/1984) -> {'max_bond': 26, 'max_links': 4, 'total_elems': 14592, 'total_shapes': 1380, 'total_links': 390, 'num_tensors': 98}
2026-08-26 11:37:29,616 [INFO] [1R/1992](swap: 19, u: 0 | c_u: 0 | t_u_l: 45/992 | t_u_r: 32/992 | t_u: 77/1984) -> {'max_bond': 28, 'max_links': 4, 'total_elems': 18840, 'total_shapes': 1558, 'total_links': 390, 'num_tensors': 98}
2026-08-26 11:37:29,731 [INFO] [2L/2337](swap: 21, u: 0 | c_u: 0 | t_u_l: 45/992 | t_u_r: 32/992 | t_u: 77/1984) -> {'max_bond': 32, 'max_links': 4, 'total_elems': 24872, 'total_shapes': 1716, 'total_links': 390, 'num_tensors': 98}
2026-08-26 11:37:29,850 [INFO] [3L/2337](swap: 17, u: 0 | c_u: 0 | t_u_l: 45/992 | t_u_r: 32/992 | t_u: 77/1984) -> {'max_bond': 32, 'max_links': 4, 'total_elems': 32252, 'total_shapes': 1924, 'total_links': 390, 'num_tensors': 98}
2026-08-26 11:37:29,975 [INFO] [4L/2337](swap: 16, u: 0 | c_u: 0 | t_u_l: 45/992 | t_u_r: 32/992 | t_u: 77/1984) -> {'max_bond': 32, 'max_links': 4, 'total_elems': 42144, 'total_shapes': 2184, 'total_links': 390, 'num_tensors': 98}
2026-08-26 11:37:30,107 [INFO] [2R/1992](swap: 24, u: 0 | c_u: 0 | t_u_l: 45/992 | t_u_r: 32/992 | t_u: 77/1984) -> {'max_bond': 64, 'max_links': 4, 'total_elems': 55840, 'total_shapes': 2460, 'total_links': 390, 'num_tensors': 98}
2026-08-26 11:37:30,252 [INFO] [3R/1992](swap: 20, u: 0 | c_u: 0 | t_u_l: 45/992 | t_u_r: 32/992 | t_u: 77/1984) -> {'max_bond': 64, 'max_links': 4, 'total_elems': 83756, 'total_shapes': 2790, 'total_links': 390, 'num_tensors': 98}
2026-08-26 11:37:30,412 [INFO] [4R/1992](swap: 16, u: 0 | c_u: 0 | t_u_l: 45/992 | t_u_r: 32/992 | t_u: 77/1984) -> {'max_bond': 64, 'max_links': 4, 'total_elems': 111928, 'total_shapes': 3176, 'total_links': 390, 'num_tensors': 98}
2026-08-26 11:37:30,593 [INFO] [5L/2337](swap: 14, u: 0 | c_u: 0 | t_u_l: 45/992 | t_u_r: 32/992 | t_u: 77/1984) -> {'max_bond': 95, 'max_links': 4, 'total_elems': 150108, 'total_shapes': 3572, 'total_links': 390, 'num_tensors': 98}
2026-08-26 11:37:30,853 [INFO] [6L/2337](swap: 13, u: 0 | c_u: 0 | t_u_l: 45/992 | t_u_r: 32/992 | t_u: 77/1984) -> {'max_bond': 93, 'max_links': 4, 'total_elems': 192600, 'total_shapes': 3884, 'total_links': 390, 'num_tensors': 98}
2026-08-26 11:37:31,113 [INFO] [5R/1992](swap: 12, u: 2 | c_u: 2 | t_u_l: 45/992 | t_u_r: 34/992 | t_u: 79/1984) -> {'max_bond': 88, 'max_links': 4, 'total_elems': 224784, 'total_shapes': 4280, 'total_links': 390, 'num_tensors': 98}
2026-08-26 11:37:31,380 [INFO] [6R/1992](swap: 9, u: 1 | c_u: 3 | t_u_l: 45/992 | t_u_r: 35/992 | t_u: 80/1984) -> {'max_bond': 85, 'max_links': 4, 'total_elems': 256512, 'total_shapes': 4500, 'total_links': 390, 'num_tensors': 98}
2026-08-26 11:37:31,689 [INFO] [7L/2337](swap: 9, u: 0 | c_u: 3 | t_u_l: 45/992 | t_u_r: 35/992 | t_u: 80/1984) -> {'max_bond': 95, 'max_links': 4, 'total_elems': 288624, 'total_shapes': 4824, 'total_links': 390, 'num_tensors': 98}
2026-08-26 11:37:32,043 [INFO] [7R/1992](swap: 7, u: 0 | c_u: 3 | t_u_l: 45/992 | t_u_r: 35/992 | t_u: 80/1984) -> {'max_bond': 128, 'max_links': 4, 'total_elems': 342176, 'total_shapes': 5136, 'total_links': 390, 'num_tensors': 98}
2026-08-26 11:37:32,560 [INFO] [8L/2337](swap: 10, u: 1 | c_u: 4 | t_u_l: 46/992 | t_u_r: 35/992 | t_u: 81/1984) -> {'max_bond': 128, 'max_links': 4, 'total_elems': 475872, 'total_shapes': 5732, 'total_links': 390, 'num_tensors': 98}
2026-08-26 11:37:33,318 [INFO] [9L/2337](swap: 9, u: 1 | c_u: 5 | t_u_l: 47/992 | t_u_r: 35/992 | t_u: 82/1984) -> {'max_bond': 175, 'max_links': 4, 'total_elems': 601476, 'total_shapes': 6410, 'total_links': 390, 'num_tensors': 98}
2026-08-26 11:37:34,296 [INFO] [10L/2337](swap: 11, u: 1 | c_u: 6 | t_u_l: 48/992 | t_u_r: 35/992 | t_u: 83/1984) -> {'max_bond': 167, 'max_links': 4, 'total_elems': 733936, 'total_shapes': 6896, 'total_links': 390, 'num_tensors': 98}
2026-08-26 11:37:35,165 [INFO] [11L/2337](swap: 10, u: 0 | c_u: 6 | t_u_l: 48/992 | t_u_r: 35/992 | t_u: 83/1984) -> {'max_bond': 160, 'max_links': 4, 'total_elems': 736556, 'total_shapes': 7058, 'total_links': 390, 'num_tensors': 98}
2026-08-26 11:37:36,090 [INFO] [12L/2337](swap: 9, u: 0 | c_u: 6 | t_u_l: 48/992 | t_u_r: 35/992 | t_u: 83/1984) -> {'max_bond': 152, 'max_links': 4, 'total_elems': 872240, 'total_shapes': 7766, 'total_links': 390, 'num_tensors': 98}
2026-08-26 11:37:37,264 [INFO]     [start unswap] -> {'max_bond': 152, 'max_links': 4, 'total_elems': 872240, 'total_shapes': 7766, 'total_links': 390, 'num_tensors': 98}
2026-08-26 11:37:46,271 [INFO]     [0 | both | 0](candidate_pairs: 49/49 | new_swaps: 13 | total: 13) -> {'max_bond': 199, 'max_links': 4, 'total_elems': 887084, 'total_shapes': 7522, 'total_links': 390, 'num_tensors': 98}
2026-08-26 11:37:50,961 [INFO]     [0 | both | 1](candidate_pairs: 48/48 | new_swaps: 23 | total: 36) -> {'max_bond': 116, 'max_links': 4, 'total_elems': 469716, 'total_shapes': 5658, 'total_links': 390, 'num_tensors': 98}
2026-08-26 11:37:52,197 [INFO]     [0 | left | 0](candidate_pairs: 49/49 | new_swaps: 27 | total: 63) -> {'max_bond': 113, 'max_links': 4, 'total_elems': 341412, 'total_shapes': 4778, 'total_links': 390, 'num_tensors': 98}
2026-08-26 11:37:52,908 [INFO]     [0 | left | 1](candidate_pairs: 48/48 | new_swaps: 20 | total: 83) -> {'max_bond': 96, 'max_links': 4, 'total_elems': 264088, 'total_shapes': 4244, 'total_links': 390, 'num_tensors': 98}
2026-08-26 11:37:53,444 [INFO]     [0 | right | 0](candidate_pairs: 49/49 | new_swaps: 12 | total: 95) -> {'max_bond': 78, 'max_links': 4, 'total_elems': 228124, 'total_shapes': 3902, 'total_links': 390, 'num_tensors': 98}
2026-08-26 11:37:53,871 [INFO]     [0 | right | 1](candidate_pairs: 48/48 | new_swaps: 16 | total: 111) -> {'max_bond': 78, 'max_links': 4, 'total_elems': 202724, 'total_shapes': 3600, 'total_links': 390, 'num_tensors': 98}
2026-08-26 11:37:55,362 [INFO]     [1 | both | 0](candidate_pairs: 49/49 | new_swaps: 21 | total: 21) -> {'max_bond': 76, 'max_links': 4, 'total_elems': 160048, 'total_shapes': 3154, 'total_links': 390, 'num_tensors': 98}
2026-08-26 11:37:56,001 [INFO]     [1 | both | 1](candidate_pairs: 48/48 | new_swaps: 14 | total: 35) -> {'max_bond': 76, 'max_links': 4, 'total_elems': 113796, 'total_shapes': 2786, 'total_links': 390, 'num_tensors': 98}
2026-08-26 11:37:56,238 [INFO]     [1 | left | 0](candidate_pairs: 49/49 | new_swaps: 8 | total: 43) -> {'max_bond': 74, 'max_links': 4, 'total_elems': 87952, 'total_shapes': 2570, 'total_links': 390, 'num_tensors': 98}
2026-08-26 11:37:56,444 [INFO]     [1 | left | 1](candidate_pairs: 48/48 | new_swaps: 8 | total: 51) -> {'max_bond': 41, 'max_links': 4, 'total_elems': 65876, 'total_shapes': 2374, 'total_links': 390, 'num_tensors': 98}
2026-08-26 11:37:56,595 [INFO]     [1 | right | 0](candidate_pairs: 49/49 | new_swaps: 4 | total: 55) -> {'max_bond': 40, 'max_links': 4, 'total_elems': 63156, 'total_shapes': 2332, 'total_links': 390, 'num_tensors': 98}
2026-08-26 11:37:56,761 [INFO]     [1 | right | 1](candidate_pairs: 48/48 | new_swaps: 9 | total: 64) -> {'max_bond': 37, 'max_links': 4, 'total_elems': 58644, 'total_shapes': 2258, 'total_links': 390, 'num_tensors': 98}
2026-08-26 11:37:57,066 [INFO]     [2 | both | 0](candidate_pairs: 49/49 | new_swaps: 16 | total: 16) -> {'max_bond': 32, 'max_links': 4, 'total_elems': 47760, 'total_shapes': 2040, 'total_links': 390, 'num_tensors': 98}
2026-08-26 11:37:57,345 [INFO]     [2 | both | 1](candidate_pairs: 48/48 | new_swaps: 14 | total: 30) -> {'max_bond': 32, 'max_links': 4, 'total_elems': 33492, 'total_shapes': 1734, 'total_links': 390, 'num_tensors': 98}
2026-08-26 11:37:57,466 [INFO]     [2 | left | 0](candidate_pairs: 49/49 | new_swaps: 4 | total: 34) -> {'max_bond': 32, 'max_links': 4, 'total_elems': 31924, 'total_shapes': 1694, 'total_links': 390, 'num_tensors': 98}
2026-08-26 11:37:57,593 [INFO]     [2 | left | 1](candidate_pairs: 48/48 | new_swaps: 5 | total: 39) -> {'max_bond': 32, 'max_links': 4, 'total_elems': 30140, 'total_shapes': 1640, 'total_links': 390, 'num_tensors': 98}
2026-08-26 11:37:57,688 [INFO]     [2 | right | 0](candidate_pairs: 49/49 | new_swaps: 1 | total: 40) -> {'max_bond': 32, 'max_links': 4, 'total_elems': 30092, 'total_shapes': 1636, 'total_links': 390, 'num_tensors': 98}
2026-08-26 11:37:57,808 [INFO]     [2 | right | 1](candidate_pairs: 48/48 | new_swaps: 3 | total: 43) -> {'max_bond': 32, 'max_links': 4, 'total_elems': 29340, 'total_shapes': 1608, 'total_links': 390, 'num_tensors': 98}
2026-08-26 11:37:58,032 [INFO]     [3 | both | 0](candidate_pairs: 49/49 | new_swaps: 6 | total: 6) -> {'max_bond': 32, 'max_links': 4, 'total_elems': 25248, 'total_shapes': 1538, 'total_links': 390, 'num_tensors': 98}
2026-08-26 11:37:58,246 [INFO]     [3 | both | 1](candidate_pairs: 48/48 | new_swaps: 2 | total: 8) -> {'max_bond': 32, 'max_links': 4, 'total_elems': 24048, 'total_shapes': 1518, 'total_links': 390, 'num_tensors': 98}
2026-08-26 11:37:58,355 [INFO]     [3 | left | 0](candidate_pairs: 49/49 | new_swaps: 1 | total: 9) -> {'max_bond': 32, 'max_links': 4, 'total_elems': 21488, 'total_shapes': 1486, 'total_links': 390, 'num_tensors': 98}
2026-08-26 11:37:58,465 [INFO]     [3 | left | 1](candidate_pairs: 48/48 | new_swaps: 3 | total: 12) -> {'max_bond': 32, 'max_links': 4, 'total_elems': 19364, 'total_shapes': 1448, 'total_links': 390, 'num_tensors': 98}
2026-08-26 11:37:58,566 [INFO]     [3 | right | 0](candidate_pairs: 49/49 | new_swaps: 2 | total: 14) -> {'max_bond': 32, 'max_links': 4, 'total_elems': 18404, 'total_shapes': 1424, 'total_links': 390, 'num_tensors': 98}
2026-08-26 11:37:58,668 [INFO]     [3 | right | 1](candidate_pairs: 48/48 | new_swaps: 1 | total: 15) -> {'max_bond': 32, 'max_links': 4, 'total_elems': 17252, 'total_shapes': 1400, 'total_links': 390, 'num_tensors': 98}
2026-08-26 11:37:58,855 [INFO]     [4 | both | 0](candidate_pairs: 49/49 | new_swaps: 2 | total: 2) -> {'max_bond': 32, 'max_links': 4, 'total_elems': 16280, 'total_shapes': 1374, 'total_links': 390, 'num_tensors': 98}
2026-08-26 11:37:59,045 [INFO]     [4 | both | 1](candidate_pairs: 48/48 | new_swaps: 2 | total: 4) -> {'max_bond': 32, 'max_links': 4, 'total_elems': 15448, 'total_shapes': 1350, 'total_links': 390, 'num_tensors': 98}
2026-08-26 11:37:59,094 [INFO]     [4 | left | 0](candidate_pairs: 49/49 | new_swaps: 0 | total: 4) -> {'max_bond': 32, 'max_links': 4, 'total_elems': 15448, 'total_shapes': 1350, 'total_links': 390, 'num_tensors': 98}
2026-08-26 11:37:59,147 [INFO]     [4 | left | 1](candidate_pairs: 48/48 | new_swaps: 0 | total: 4) -> {'max_bond': 32, 'max_links': 4, 'total_elems': 15448, 'total_shapes': 1350, 'total_links': 390, 'num_tensors': 98}
2026-08-26 11:37:59,246 [INFO]     [4 | right | 0](candidate_pairs: 49/49 | new_swaps: 1 | total: 5) -> {'max_bond': 32, 'max_links': 4, 'total_elems': 14680, 'total_shapes': 1326, 'total_links': 390, 'num_tensors': 98}
2026-08-26 11:37:59,347 [INFO]     [4 | right | 1](candidate_pairs: 48/48 | new_swaps: 1 | total: 6) -> {'max_bond': 32, 'max_links': 4, 'total_elems': 14552, 'total_shapes': 1318, 'total_links': 390, 'num_tensors': 98}
2026-08-26 11:37:59,443 [INFO]     [5 | both | 0](candidate_pairs: 49/49 | new_swaps: 0 | total: 0) -> {'max_bond': 32, 'max_links': 4, 'total_elems': 14552, 'total_shapes': 1318, 'total_links': 390, 'num_tensors': 98}
2026-08-26 11:37:59,542 [INFO]     [5 | both | 1](candidate_pairs: 48/48 | new_swaps: 0 | total: 0) -> {'max_bond': 32, 'max_links': 4, 'total_elems': 14552, 'total_shapes': 1318, 'total_links': 390, 'num_tensors': 98}
2026-08-26 11:37:59,589 [INFO]     [5 | left | 0](candidate_pairs: 49/49 | new_swaps: 0 | total: 0) -> {'max_bond': 32, 'max_links': 4, 'total_elems': 14552, 'total_shapes': 1318, 'total_links': 390, 'num_tensors': 98}
2026-08-26 11:37:59,640 [INFO]     [5 | left | 1](candidate_pairs: 48/48 | new_swaps: 0 | total: 0) -> {'max_bond': 32, 'max_links': 4, 'total_elems': 14552, 'total_shapes': 1318, 'total_links': 390, 'num_tensors': 98}
2026-08-26 11:37:59,686 [INFO]     [5 | right | 0](candidate_pairs: 49/49 | new_swaps: 0 | total: 0) -> {'max_bond': 32, 'max_links': 4, 'total_elems': 14552, 'total_shapes': 1318, 'total_links': 390, 'num_tensors': 98}
2026-08-26 11:37:59,736 [INFO]     [5 | right | 1](candidate_pairs: 48/48 | new_swaps: 0 | total: 0) -> {'max_bond': 32, 'max_links': 4, 'total_elems': 14552, 'total_shapes': 1318, 'total_links': 390, 'num_tensors': 98}
2026-08-26 11:37:59,736 [INFO]     [end unswap] -> {'max_bond': 32, 'max_links': 4, 'total_elems': 14552, 'total_shapes': 1318, 'total_links': 390, 'num_tensors': 98}
2026-08-26 11:37:59,794 [INFO] [start rewire](phase=post_unswap, cycle=19, side=left, layers=2327, trials=20, seed=123, parallel=False, route_candidates=2, route_score=lookahead_total)
2026-08-26 11:38:12,590 [INFO] [end rewire](phase=post_unswap, cycle=19, side=left, routed_layers=2642, elapsed_s=12.80)
2026-08-26 11:38:12,591 [INFO] [start rewire](phase=post_unswap, cycle=19, side=right, layers=1987, trials=20, seed=123, parallel=False, route_candidates=2, route_score=lookahead_total)
2026-08-26 11:38:22,135 [INFO] [end rewire](phase=post_unswap, cycle=19, side=right, routed_layers=2016, elapsed_s=9.54)
2026-08-26 11:38:22,310 [INFO] [1L/2640](swap: 14, u: 0 | c_u: 0 | t_u_l: 48/992 | t_u_r: 35/992 | t_u: 83/1984) -> {'max_bond': 32, 'max_links': 4, 'total_elems': 14552, 'total_shapes': 1318, 'total_links': 390, 'num_tensors': 98}
2026-08-26 11:38:22,426 [INFO] [2L/2640](swap: 18, u: 0 | c_u: 0 | t_u_l: 48/992 | t_u_r: 35/992 | t_u: 83/1984) -> {'max_bond': 32, 'max_links': 4, 'total_elems': 20252, 'total_shapes': 1486, 'total_links': 390, 'num_tensors': 98}
2026-08-26 11:38:22,550 [INFO] [1R/2014](swap: 20, u: 0 | c_u: 0 | t_u_l: 48/992 | t_u_r: 35/992 | t_u: 83/1984) -> {'max_bond': 32, 'max_links': 4, 'total_elems': 26452, 'total_shapes': 1628, 'total_links': 390, 'num_tensors': 98}
2026-08-26 11:38:22,674 [INFO] [3L/2640](swap: 21, u: 0 | c_u: 0 | t_u_l: 48/992 | t_u_r: 35/992 | t_u: 83/1984) -> {'max_bond': 32, 'max_links': 4, 'total_elems': 35952, 'total_shapes': 1830, 'total_links': 390, 'num_tensors': 98}
2026-08-26 11:38:22,806 [INFO] [2R/2014](swap: 22, u: 0 | c_u: 0 | t_u_l: 48/992 | t_u_r: 35/992 | t_u: 83/1984) -> {'max_bond': 64, 'max_links': 4, 'total_elems': 44392, 'total_shapes': 2006, 'total_links': 390, 'num_tensors': 98}
2026-08-26 11:38:22,938 [INFO] [4L/2640](swap: 23, u: 0 | c_u: 0 | t_u_l: 48/992 | t_u_r: 35/992 | t_u: 83/1984) -> {'max_bond': 64, 'max_links': 4, 'total_elems': 63704, 'total_shapes': 2312, 'total_links': 390, 'num_tensors': 98}
2026-08-26 11:38:23,089 [INFO] [3R/2014](swap: 18, u: 0 | c_u: 0 | t_u_l: 48/992 | t_u_r: 35/992 | t_u: 83/1984) -> {'max_bond': 64, 'max_links': 4, 'total_elems': 72760, 'total_shapes': 2506, 'total_links': 390, 'num_tensors': 98}
2026-08-26 11:38:23,249 [INFO] [5L/2640](swap: 21, u: 0 | c_u: 0 | t_u_l: 48/992 | t_u_r: 35/992 | t_u: 83/1984) -> {'max_bond': 64, 'max_links': 4, 'total_elems': 88048, 'total_shapes': 2782, 'total_links': 390, 'num_tensors': 98}
2026-08-26 11:38:23,424 [INFO] [4R/2014](swap: 18, u: 0 | c_u: 0 | t_u_l: 48/992 | t_u_r: 35/992 | t_u: 83/1984) -> {'max_bond': 64, 'max_links': 4, 'total_elems': 110472, 'total_shapes': 3050, 'total_links': 390, 'num_tensors': 98}
2026-08-26 11:38:23,617 [INFO] [6L/2640](swap: 16, u: 0 | c_u: 0 | t_u_l: 48/992 | t_u_r: 35/992 | t_u: 83/1984) -> {'max_bond': 70, 'max_links': 4, 'total_elems': 140184, 'total_shapes': 3564, 'total_links': 390, 'num_tensors': 98}
2026-08-26 11:38:23,834 [INFO] [5R/2014](swap: 17, u: 0 | c_u: 0 | t_u_l: 48/992 | t_u_r: 35/992 | t_u: 83/1984) -> {'max_bond': 69, 'max_links': 4, 'total_elems': 177932, 'total_shapes': 3850, 'total_links': 390, 'num_tensors': 98}
2026-08-26 11:38:24,075 [INFO] [6R/2014](swap: 14, u: 1 | c_u: 1 | t_u_l: 48/992 | t_u_r: 36/992 | t_u: 84/1984) -> {'max_bond': 68, 'max_links': 4, 'total_elems': 217600, 'total_shapes': 4264, 'total_links': 390, 'num_tensors': 98}
2026-08-26 11:38:24,378 [INFO] [7L/2640](swap: 12, u: 1 | c_u: 2 | t_u_l: 49/992 | t_u_r: 36/992 | t_u: 85/1984) -> {'max_bond': 68, 'max_links': 4, 'total_elems': 290116, 'total_shapes': 4808, 'total_links': 390, 'num_tensors': 98}
2026-08-26 11:38:24,849 [INFO] [8L/2640](swap: 12, u: 0 | c_u: 2 | t_u_l: 49/992 | t_u_r: 36/992 | t_u: 85/1984) -> {'max_bond': 127, 'max_links': 4, 'total_elems': 364032, 'total_shapes': 5318, 'total_links': 390, 'num_tensors': 98}
2026-08-26 11:38:25,565 [INFO] [9L/2640](swap: 11, u: 0 | c_u: 2 | t_u_l: 49/992 | t_u_r: 36/992 | t_u: 85/1984) -> {'max_bond': 126, 'max_links': 4, 'total_elems': 474976, 'total_shapes': 5742, 'total_links': 390, 'num_tensors': 98}
2026-08-26 11:38:26,615 [INFO] [10L/2640](swap: 11, u: 1 | c_u: 3 | t_u_l: 50/992 | t_u_r: 36/992 | t_u: 86/1984) -> {'max_bond': 210, 'max_links': 4, 'total_elems': 606912, 'total_shapes': 6330, 'total_links': 390, 'num_tensors': 98}
2026-08-26 11:38:28,327 [INFO] [11L/2640](swap: 10, u: 1 | c_u: 4 | t_u_l: 51/992 | t_u_r: 36/992 | t_u: 87/1984) -> {'max_bond': 198, 'max_links': 4, 'total_elems': 613252, 'total_shapes': 6702, 'total_links': 390, 'num_tensors': 98}
2026-08-26 11:38:29,468 [INFO] [12L/2640](swap: 11, u: 0 | c_u: 4 | t_u_l: 51/992 | t_u_r: 36/992 | t_u: 87/1984) -> {'max_bond': 244, 'max_links': 4, 'total_elems': 888004, 'total_shapes': 7560, 'total_links': 390, 'num_tensors': 98}
2026-08-26 11:38:31,265 [INFO]     [start unswap] -> {'max_bond': 244, 'max_links': 4, 'total_elems': 888004, 'total_shapes': 7560, 'total_links': 390, 'num_tensors': 98}
2026-08-26 11:38:42,691 [INFO]     [0 | both | 0](candidate_pairs: 49/49 | new_swaps: 15 | total: 15) -> {'max_bond': 230, 'max_links': 4, 'total_elems': 921904, 'total_shapes': 6968, 'total_links': 390, 'num_tensors': 98}
2026-08-26 11:38:49,311 [INFO]     [0 | both | 1](candidate_pairs: 48/48 | new_swaps: 23 | total: 38) -> {'max_bond': 208, 'max_links': 4, 'total_elems': 537680, 'total_shapes': 5404, 'total_links': 390, 'num_tensors': 98}
2026-08-26 11:38:51,126 [INFO]     [0 | left | 0](candidate_pairs: 49/49 | new_swaps: 23 | total: 61) -> {'max_bond': 103, 'max_links': 4, 'total_elems': 318868, 'total_shapes': 4298, 'total_links': 390, 'num_tensors': 98}
2026-08-26 11:38:52,081 [INFO]     [0 | left | 1](candidate_pairs: 48/48 | new_swaps: 18 | total: 79) -> {'max_bond': 99, 'max_links': 4, 'total_elems': 239484, 'total_shapes': 3754, 'total_links': 390, 'num_tensors': 98}
2026-08-26 11:38:52,689 [INFO]     [0 | right | 0](candidate_pairs: 49/49 | new_swaps: 13 | total: 92) -> {'max_bond': 96, 'max_links': 4, 'total_elems': 182724, 'total_shapes': 3404, 'total_links': 390, 'num_tensors': 98}
2026-08-26 11:38:53,141 [INFO]     [0 | right | 1](candidate_pairs: 48/48 | new_swaps: 13 | total: 105) -> {'max_bond': 96, 'max_links': 4, 'total_elems': 134284, 'total_shapes': 3034, 'total_links': 390, 'num_tensors': 98}
2026-08-26 11:38:53,725 [INFO]     [1 | both | 0](candidate_pairs: 49/49 | new_swaps: 15 | total: 15) -> {'max_bond': 64, 'max_links': 4, 'total_elems': 90444, 'total_shapes': 2656, 'total_links': 390, 'num_tensors': 98}
2026-08-26 11:38:54,106 [INFO]     [1 | both | 1](candidate_pairs: 48/48 | new_swaps: 12 | total: 27) -> {'max_bond': 32, 'max_links': 4, 'total_elems': 51060, 'total_shapes': 2246, 'total_links': 390, 'num_tensors': 98}
2026-08-26 11:38:54,250 [INFO]     [1 | left | 0](candidate_pairs: 49/49 | new_swaps: 12 | total: 39) -> {'max_bond': 32, 'max_links': 4, 'total_elems': 40608, 'total_shapes': 2052, 'total_links': 390, 'num_tensors': 98}
2026-08-26 11:38:54,387 [INFO]     [1 | left | 1](candidate_pairs: 48/48 | new_swaps: 8 | total: 47) -> {'max_bond': 32, 'max_links': 4, 'total_elems': 37540, 'total_shapes': 1972, 'total_links': 390, 'num_tensors': 98}
2026-08-26 11:38:54,510 [INFO]     [1 | right | 0](candidate_pairs: 49/49 | new_swaps: 7 | total: 54) -> {'max_bond': 32, 'max_links': 4, 'total_elems': 32548, 'total_shapes': 1864, 'total_links': 390, 'num_tensors': 98}
2026-08-26 11:38:54,627 [INFO]     [1 | right | 1](candidate_pairs: 48/48 | new_swaps: 4 | total: 58) -> {'max_bond': 32, 'max_links': 4, 'total_elems': 32116, 'total_shapes': 1840, 'total_links': 390, 'num_tensors': 98}
2026-08-26 11:38:54,847 [INFO]     [2 | both | 0](candidate_pairs: 49/49 | new_swaps: 7 | total: 7) -> {'max_bond': 32, 'max_links': 4, 'total_elems': 29572, 'total_shapes': 1776, 'total_links': 390, 'num_tensors': 98}
2026-08-26 11:38:55,068 [INFO]     [2 | both | 1](candidate_pairs: 48/48 | new_swaps: 8 | total: 15) -> {'max_bond': 32, 'max_links': 4, 'total_elems': 24920, 'total_shapes': 1654, 'total_links': 390, 'num_tensors': 98}
2026-08-26 11:38:55,179 [INFO]     [2 | left | 0](candidate_pairs: 49/49 | new_swaps: 3 | total: 18) -> {'max_bond': 32, 'max_links': 4, 'total_elems': 22872, 'total_shapes': 1606, 'total_links': 390, 'num_tensors': 98}
2026-08-26 11:38:55,288 [INFO]     [2 | left | 1](candidate_pairs: 48/48 | new_swaps: 1 | total: 19) -> {'max_bond': 32, 'max_links': 4, 'total_elems': 22104, 'total_shapes': 1590, 'total_links': 390, 'num_tensors': 98}
2026-08-26 11:38:55,391 [INFO]     [2 | right | 0](candidate_pairs: 49/49 | new_swaps: 1 | total: 20) -> {'max_bond': 32, 'max_links': 4, 'total_elems': 21912, 'total_shapes': 1582, 'total_links': 390, 'num_tensors': 98}
2026-08-26 11:38:55,496 [INFO]     [2 | right | 1](candidate_pairs: 48/48 | new_swaps: 3 | total: 23) -> {'max_bond': 32, 'max_links': 4, 'total_elems': 21752, 'total_shapes': 1570, 'total_links': 390, 'num_tensors': 98}
2026-08-26 11:38:55,692 [INFO]     [3 | both | 0](candidate_pairs: 49/49 | new_swaps: 5 | total: 5) -> {'max_bond': 32, 'max_links': 4, 'total_elems': 21568, 'total_shapes': 1554, 'total_links': 390, 'num_tensors': 98}
2026-08-26 11:38:55,891 [INFO]     [3 | both | 1](candidate_pairs: 48/48 | new_swaps: 3 | total: 8) -> {'max_bond': 32, 'max_links': 4, 'total_elems': 21480, 'total_shapes': 1546, 'total_links': 390, 'num_tensors': 98}
2026-08-26 11:38:55,998 [INFO]     [3 | left | 0](candidate_pairs: 49/49 | new_swaps: 2 | total: 10) -> {'max_bond': 32, 'max_links': 4, 'total_elems': 20664, 'total_shapes': 1526, 'total_links': 390, 'num_tensors': 98}
2026-08-26 11:38:56,105 [INFO]     [3 | left | 1](candidate_pairs: 48/48 | new_swaps: 1 | total: 11) -> {'max_bond': 32, 'max_links': 4, 'total_elems': 19896, 'total_shapes': 1510, 'total_links': 390, 'num_tensors': 98}
2026-08-26 11:38:56,154 [INFO]     [3 | right | 0](candidate_pairs: 49/49 | new_swaps: 0 | total: 11) -> {'max_bond': 32, 'max_links': 4, 'total_elems': 19896, 'total_shapes': 1510, 'total_links': 390, 'num_tensors': 98}
2026-08-26 11:38:56,204 [INFO]     [3 | right | 1](candidate_pairs: 48/48 | new_swaps: 0 | total: 11) -> {'max_bond': 32, 'max_links': 4, 'total_elems': 19896, 'total_shapes': 1510, 'total_links': 390, 'num_tensors': 98}
2026-08-26 11:38:56,304 [INFO]     [4 | both | 0](candidate_pairs: 49/49 | new_swaps: 0 | total: 0) -> {'max_bond': 32, 'max_links': 4, 'total_elems': 19896, 'total_shapes': 1510, 'total_links': 390, 'num_tensors': 98}
2026-08-26 11:38:56,409 [INFO]     [4 | both | 1](candidate_pairs: 48/48 | new_swaps: 0 | total: 0) -> {'max_bond': 32, 'max_links': 4, 'total_elems': 19896, 'total_shapes': 1510, 'total_links': 390, 'num_tensors': 98}
2026-08-26 11:38:56,514 [INFO]     [4 | left | 0](candidate_pairs: 49/49 | new_swaps: 1 | total: 1) -> {'max_bond': 32, 'max_links': 4, 'total_elems': 19128, 'total_shapes': 1494, 'total_links': 390, 'num_tensors': 98}
2026-08-26 11:38:56,565 [INFO]     [4 | left | 1](candidate_pairs: 48/48 | new_swaps: 0 | total: 1) -> {'max_bond': 32, 'max_links': 4, 'total_elems': 19128, 'total_shapes': 1494, 'total_links': 390, 'num_tensors': 98}
2026-08-26 11:38:56,614 [INFO]     [4 | right | 0](candidate_pairs: 49/49 | new_swaps: 0 | total: 1) -> {'max_bond': 32, 'max_links': 4, 'total_elems': 19128, 'total_shapes': 1494, 'total_links': 390, 'num_tensors': 98}
2026-08-26 11:38:56,663 [INFO]     [4 | right | 1](candidate_pairs: 48/48 | new_swaps: 0 | total: 1) -> {'max_bond': 32, 'max_links': 4, 'total_elems': 19128, 'total_shapes': 1494, 'total_links': 390, 'num_tensors': 98}
2026-08-26 11:38:56,762 [INFO]     [5 | both | 0](candidate_pairs: 49/49 | new_swaps: 0 | total: 0) -> {'max_bond': 32, 'max_links': 4, 'total_elems': 19128, 'total_shapes': 1494, 'total_links': 390, 'num_tensors': 98}
2026-08-26 11:38:56,864 [INFO]     [5 | both | 1](candidate_pairs: 48/48 | new_swaps: 0 | total: 0) -> {'max_bond': 32, 'max_links': 4, 'total_elems': 19128, 'total_shapes': 1494, 'total_links': 390, 'num_tensors': 98}
2026-08-26 11:38:56,914 [INFO]     [5 | left | 0](candidate_pairs: 49/49 | new_swaps: 0 | total: 0) -> {'max_bond': 32, 'max_links': 4, 'total_elems': 19128, 'total_shapes': 1494, 'total_links': 390, 'num_tensors': 98}
2026-08-26 11:38:56,965 [INFO]     [5 | left | 1](candidate_pairs: 48/48 | new_swaps: 0 | total: 0) -> {'max_bond': 32, 'max_links': 4, 'total_elems': 19128, 'total_shapes': 1494, 'total_links': 390, 'num_tensors': 98}
2026-08-26 11:38:57,014 [INFO]     [5 | right | 0](candidate_pairs: 49/49 | new_swaps: 0 | total: 0) -> {'max_bond': 32, 'max_links': 4, 'total_elems': 19128, 'total_shapes': 1494, 'total_links': 390, 'num_tensors': 98}
2026-08-26 11:38:57,063 [INFO]     [5 | right | 1](candidate_pairs: 48/48 | new_swaps: 0 | total: 0) -> {'max_bond': 32, 'max_links': 4, 'total_elems': 19128, 'total_shapes': 1494, 'total_links': 390, 'num_tensors': 98}
2026-08-26 11:38:57,064 [INFO]     [end unswap] -> {'max_bond': 32, 'max_links': 4, 'total_elems': 19128, 'total_shapes': 1494, 'total_links': 390, 'num_tensors': 98}
2026-08-26 11:38:57,123 [INFO] [start rewire](phase=post_unswap, cycle=20, side=left, layers=2630, trials=20, seed=123, parallel=False, route_candidates=2, route_score=lookahead_total)
2026-08-26 11:39:08,884 [INFO] [end rewire](phase=post_unswap, cycle=20, side=left, routed_layers=2433, elapsed_s=11.76)
2026-08-26 11:39:08,884 [INFO] [start rewire](phase=post_unswap, cycle=20, side=right, layers=2010, trials=20, seed=123, parallel=False, route_candidates=2, route_score=lookahead_total)
2026-08-26 11:39:16,688 [INFO] [end rewire](phase=post_unswap, cycle=20, side=right, routed_layers=2198, elapsed_s=7.80)
2026-08-26 11:39:16,871 [INFO] [1L/2431](swap: 21, u: 0 | c_u: 0 | t_u_l: 51/992 | t_u_r: 36/992 | t_u: 87/1984) -> {'max_bond': 32, 'max_links': 4, 'total_elems': 19128, 'total_shapes': 1494, 'total_links': 390, 'num_tensors': 98}
2026-08-26 11:39:16,991 [INFO] [1R/2196](swap: 20, u: 0 | c_u: 0 | t_u_l: 51/992 | t_u_r: 36/992 | t_u: 87/1984) -> {'max_bond': 32, 'max_links': 4, 'total_elems': 23572, 'total_shapes': 1676, 'total_links': 390, 'num_tensors': 98}
2026-08-26 11:39:17,109 [INFO] [2L/2431](swap: 23, u: 0 | c_u: 0 | t_u_l: 51/992 | t_u_r: 36/992 | t_u: 87/1984) -> {'max_bond': 32, 'max_links': 4, 'total_elems': 26852, 'total_shapes': 1792, 'total_links': 390, 'num_tensors': 98}
2026-08-26 11:39:17,235 [INFO] [2R/2196](swap: 15, u: 0 | c_u: 0 | t_u_l: 51/992 | t_u_r: 36/992 | t_u: 87/1984) -> {'max_bond': 32, 'max_links': 4, 'total_elems': 34008, 'total_shapes': 1990, 'total_links': 390, 'num_tensors': 98}
2026-08-26 11:39:19,984 [INFO] [3R/2196](swap: 14, u: 0 | c_u: 0 | t_u_l: 51/992 | t_u_r: 36/992 | t_u: 87/1984) -> {'max_bond': 32, 'max_links': 4, 'total_elems': 39244, 'total_shapes': 2114, 'total_links': 390, 'num_tensors': 98}
2026-08-26 11:39:20,110 [INFO] [4R/2196](swap: 14, u: 0 | c_u: 0 | t_u_l: 51/992 | t_u_r: 36/992 | t_u: 87/1984) -> {'max_bond': 32, 'max_links': 4, 'total_elems': 45596, 'total_shapes': 2268, 'total_links': 390, 'num_tensors': 98}
2026-08-26 11:39:20,244 [INFO] [5R/2196](swap: 12, u: 0 | c_u: 0 | t_u_l: 51/992 | t_u_r: 36/992 | t_u: 87/1984) -> {'max_bond': 32, 'max_links': 4, 'total_elems': 55336, 'total_shapes': 2450, 'total_links': 390, 'num_tensors': 98}
2026-08-26 11:39:20,386 [INFO] [6R/2196](swap: 9, u: 0 | c_u: 0 | t_u_l: 51/992 | t_u_r: 36/992 | t_u: 87/1984) -> {'max_bond': 64, 'max_links': 4, 'total_elems': 74696, 'total_shapes': 2752, 'total_links': 390, 'num_tensors': 98}
2026-08-26 11:39:20,549 [INFO] [3L/2431](swap: 20, u: 0 | c_u: 0 | t_u_l: 51/992 | t_u_r: 36/992 | t_u: 87/1984) -> {'max_bond': 64, 'max_links': 4, 'total_elems': 98788, 'total_shapes': 3108, 'total_links': 390, 'num_tensors': 98}
2026-08-26 11:39:20,728 [INFO] [4L/2431](swap: 16, u: 0 | c_u: 0 | t_u_l: 51/992 | t_u_r: 36/992 | t_u: 87/1984) -> {'max_bond': 87, 'max_links': 4, 'total_elems': 130388, 'total_shapes': 3484, 'total_links': 390, 'num_tensors': 98}
2026-08-26 11:39:20,946 [INFO] [5L/2431](swap: 16, u: 0 | c_u: 0 | t_u_l: 51/992 | t_u_r: 36/992 | t_u: 87/1984) -> {'max_bond': 84, 'max_links': 4, 'total_elems': 155932, 'total_shapes': 3806, 'total_links': 390, 'num_tensors': 98}
2026-08-26 11:39:21,207 [INFO] [7R/2196](swap: 11, u: 0 | c_u: 0 | t_u_l: 51/992 | t_u_r: 36/992 | t_u: 87/1984) -> {'max_bond': 81, 'max_links': 4, 'total_elems': 185208, 'total_shapes': 4086, 'total_links': 390, 'num_tensors': 98}
2026-08-26 11:39:21,498 [INFO] [8R/2196](swap: 8, u: 1 | c_u: 1 | t_u_l: 51/992 | t_u_r: 37/992 | t_u: 88/1984) -> {'max_bond': 95, 'max_links': 4, 'total_elems': 230936, 'total_shapes': 4348, 'total_links': 390, 'num_tensors': 98}
2026-08-26 11:39:21,890 [INFO] [9R/2196](swap: 7, u: 1 | c_u: 2 | t_u_l: 51/992 | t_u_r: 38/992 | t_u: 89/1984) -> {'max_bond': 92, 'max_links': 4, 'total_elems': 260720, 'total_shapes': 4420, 'total_links': 390, 'num_tensors': 98}
2026-08-26 11:39:22,409 [INFO] [10R/2196](swap: 9, u: 0 | c_u: 2 | t_u_l: 51/992 | t_u_r: 38/992 | t_u: 89/1984) -> {'max_bond': 94, 'max_links': 4, 'total_elems': 251388, 'total_shapes': 4440, 'total_links': 390, 'num_tensors': 98}
2026-08-26 11:39:22,823 [INFO] [11R/2196](swap: 9, u: 0 | c_u: 2 | t_u_l: 51/992 | t_u_r: 38/992 | t_u: 89/1984) -> {'max_bond': 95, 'max_links': 4, 'total_elems': 248248, 'total_shapes': 4482, 'total_links': 390, 'num_tensors': 98}
2026-08-26 11:39:23,174 [INFO] [12R/2196](swap: 9, u: 0 | c_u: 2 | t_u_l: 51/992 | t_u_r: 38/992 | t_u: 89/1984) -> {'max_bond': 93, 'max_links': 4, 'total_elems': 276240, 'total_shapes': 4646, 'total_links': 390, 'num_tensors': 98}
2026-08-26 11:39:23,621 [INFO] [13R/2196](swap: 6, u: 2 | c_u: 4 | t_u_l: 51/992 | t_u_r: 40/992 | t_u: 91/1984) -> {'max_bond': 235, 'max_links': 4, 'total_elems': 372836, 'total_shapes': 5030, 'total_links': 390, 'num_tensors': 98}
2026-08-26 11:39:24,312 [INFO] [14R/2196](swap: 7, u: 0 | c_u: 4 | t_u_l: 51/992 | t_u_r: 40/992 | t_u: 91/1984) -> {'max_bond': 226, 'max_links': 4, 'total_elems': 476724, 'total_shapes': 5332, 'total_links': 390, 'num_tensors': 98}
2026-08-26 11:39:25,195 [INFO] [15R/2196](swap: 6, u: 0 | c_u: 4 | t_u_l: 51/992 | t_u_r: 40/992 | t_u: 91/1984) -> {'max_bond': 227, 'max_links': 4, 'total_elems': 585940, 'total_shapes': 5742, 'total_links': 390, 'num_tensors': 98}
2026-08-26 11:39:26,616 [INFO] [16R/2196](swap: 8, u: 0 | c_u: 4 | t_u_l: 51/992 | t_u_r: 40/992 | t_u: 91/1984) -> {'max_bond': 216, 'max_links': 4, 'total_elems': 604092, 'total_shapes': 6030, 'total_links': 390, 'num_tensors': 98}
2026-08-26 11:39:27,891 [INFO] [17R/2196](swap: 10, u: 0 | c_u: 4 | t_u_l: 51/992 | t_u_r: 40/992 | t_u: 91/1984) -> {'max_bond': 201, 'max_links': 4, 'total_elems': 688140, 'total_shapes': 6606, 'total_links': 390, 'num_tensors': 98}
2026-08-26 11:39:29,439 [INFO] [18R/2196](swap: 11, u: 1 | c_u: 5 | t_u_l: 51/992 | t_u_r: 41/992 | t_u: 92/1984) -> {'max_bond': 249, 'max_links': 4, 'total_elems': 907220, 'total_shapes': 7322, 'total_links': 390, 'num_tensors': 98}
2026-08-26 11:39:31,547 [INFO]     [start unswap] -> {'max_bond': 249, 'max_links': 4, 'total_elems': 907220, 'total_shapes': 7322, 'total_links': 390, 'num_tensors': 98}
2026-08-26 11:39:42,302 [INFO]     [0 | both | 0](candidate_pairs: 49/49 | new_swaps: 18 | total: 18) -> {'max_bond': 178, 'max_links': 4, 'total_elems': 879264, 'total_shapes': 6758, 'total_links': 390, 'num_tensors': 98}
2026-08-26 11:39:52,683 [INFO]     [0 | both | 1](candidate_pairs: 48/48 | new_swaps: 25 | total: 43) -> {'max_bond': 167, 'max_links': 4, 'total_elems': 548408, 'total_shapes': 5394, 'total_links': 390, 'num_tensors': 98}
2026-08-26 11:39:53,871 [INFO]     [0 | left | 0](candidate_pairs: 49/49 | new_swaps: 12 | total: 55) -> {'max_bond': 164, 'max_links': 4, 'total_elems': 503436, 'total_shapes': 5088, 'total_links': 390, 'num_tensors': 98}
2026-08-26 11:39:56,271 [INFO]     [0 | left | 1](candidate_pairs: 48/48 | new_swaps: 23 | total: 78) -> {'max_bond': 160, 'max_links': 4, 'total_elems': 271864, 'total_shapes': 4274, 'total_links': 390, 'num_tensors': 98}
2026-08-26 11:39:56,769 [INFO]     [0 | right | 0](candidate_pairs: 49/49 | new_swaps: 16 | total: 94) -> {'max_bond': 64, 'max_links': 4, 'total_elems': 139160, 'total_shapes': 3310, 'total_links': 390, 'num_tensors': 98}
2026-08-26 11:39:57,106 [INFO]     [0 | right | 1](candidate_pairs: 48/48 | new_swaps: 15 | total: 109) -> {'max_bond': 64, 'max_links': 4, 'total_elems': 91640, 'total_shapes': 2914, 'total_links': 390, 'num_tensors': 98}
2026-08-26 11:39:57,483 [INFO]     [1 | both | 0](candidate_pairs: 49/49 | new_swaps: 18 | total: 18) -> {'max_bond': 40, 'max_links': 4, 'total_elems': 61668, 'total_shapes': 2478, 'total_links': 390, 'num_tensors': 98}
2026-08-26 11:39:57,784 [INFO]     [1 | both | 1](candidate_pairs: 48/48 | new_swaps: 13 | total: 31) -> {'max_bond': 32, 'max_links': 4, 'total_elems': 49644, 'total_shapes': 2254, 'total_links': 390, 'num_tensors': 98}
2026-08-26 11:39:57,934 [INFO]     [1 | left | 0](candidate_pairs: 49/49 | new_swaps: 11 | total: 42) -> {'max_bond': 32, 'max_links': 4, 'total_elems': 37188, 'total_shapes': 2028, 'total_links': 390, 'num_tensors': 98}
2026-08-26 11:39:58,061 [INFO]     [1 | left | 1](candidate_pairs: 48/48 | new_swaps: 8 | total: 50) -> {'max_bond': 20, 'max_links': 4, 'total_elems': 34264, 'total_shapes': 1954, 'total_links': 390, 'num_tensors': 98}
2026-08-26 11:39:58,181 [INFO]     [1 | right | 0](candidate_pairs: 49/49 | new_swaps: 5 | total: 55) -> {'max_bond': 20, 'max_links': 4, 'total_elems': 33520, 'total_shapes': 1924, 'total_links': 390, 'num_tensors': 98}
2026-08-26 11:39:58,298 [INFO]     [1 | right | 1](candidate_pairs: 48/48 | new_swaps: 4 | total: 59) -> {'max_bond': 20, 'max_links': 4, 'total_elems': 32492, 'total_shapes': 1890, 'total_links': 390, 'num_tensors': 98}
2026-08-26 11:39:58,529 [INFO]     [2 | both | 0](candidate_pairs: 49/49 | new_swaps: 7 | total: 7) -> {'max_bond': 20, 'max_links': 4, 'total_elems': 31968, 'total_shapes': 1860, 'total_links': 390, 'num_tensors': 98}
2026-08-26 11:39:58,752 [INFO]     [2 | both | 1](candidate_pairs: 48/48 | new_swaps: 6 | total: 13) -> {'max_bond': 20, 'max_links': 4, 'total_elems': 30556, 'total_shapes': 1814, 'total_links': 390, 'num_tensors': 98}
2026-08-26 11:39:58,871 [INFO]     [2 | left | 0](candidate_pairs: 49/49 | new_swaps: 3 | total: 16) -> {'max_bond': 20, 'max_links': 4, 'total_elems': 29436, 'total_shapes': 1790, 'total_links': 390, 'num_tensors': 98}
2026-08-26 11:39:58,985 [INFO]     [2 | left | 1](candidate_pairs: 48/48 | new_swaps: 2 | total: 18) -> {'max_bond': 20, 'max_links': 4, 'total_elems': 28640, 'total_shapes': 1772, 'total_links': 390, 'num_tensors': 98}
2026-08-26 11:39:59,080 [INFO]     [2 | right | 0](candidate_pairs: 49/49 | new_swaps: 1 | total: 19) -> {'max_bond': 20, 'max_links': 4, 'total_elems': 27940, 'total_shapes': 1758, 'total_links': 390, 'num_tensors': 98}
2026-08-26 11:39:59,173 [INFO]     [2 | right | 1](candidate_pairs: 48/48 | new_swaps: 1 | total: 20) -> {'max_bond': 20, 'max_links': 4, 'total_elems': 27192, 'total_shapes': 1736, 'total_links': 390, 'num_tensors': 98}
2026-08-26 11:39:59,388 [INFO]     [3 | both | 0](candidate_pairs: 49/49 | new_swaps: 4 | total: 4) -> {'max_bond': 20, 'max_links': 4, 'total_elems': 26736, 'total_shapes': 1716, 'total_links': 390, 'num_tensors': 98}
2026-08-26 11:39:59,586 [INFO]     [3 | both | 1](candidate_pairs: 48/48 | new_swaps: 1 | total: 5) -> {'max_bond': 20, 'max_links': 4, 'total_elems': 26708, 'total_shapes': 1714, 'total_links': 390, 'num_tensors': 98}
2026-08-26 11:39:59,683 [INFO]     [3 | left | 0](candidate_pairs: 49/49 | new_swaps: 1 | total: 6) -> {'max_bond': 20, 'max_links': 4, 'total_elems': 26688, 'total_shapes': 1712, 'total_links': 390, 'num_tensors': 98}
2026-08-26 11:39:59,740 [INFO]     [3 | left | 1](candidate_pairs: 48/48 | new_swaps: 0 | total: 6) -> {'max_bond': 20, 'max_links': 4, 'total_elems': 26688, 'total_shapes': 1712, 'total_links': 390, 'num_tensors': 98}
2026-08-26 11:39:59,833 [INFO]     [3 | right | 0](candidate_pairs: 49/49 | new_swaps: 1 | total: 7) -> {'max_bond': 20, 'max_links': 4, 'total_elems': 26632, 'total_shapes': 1708, 'total_links': 390, 'num_tensors': 98}
2026-08-26 11:39:59,928 [INFO]     [3 | right | 1](candidate_pairs: 48/48 | new_swaps: 1 | total: 8) -> {'max_bond': 20, 'max_links': 4, 'total_elems': 26584, 'total_shapes': 1704, 'total_links': 390, 'num_tensors': 98}
2026-08-26 11:40:00,126 [INFO]     [4 | both | 0](candidate_pairs: 49/49 | new_swaps: 1 | total: 1) -> {'max_bond': 20, 'max_links': 4, 'total_elems': 26556, 'total_shapes': 1702, 'total_links': 390, 'num_tensors': 98}
2026-08-26 11:40:00,339 [INFO]     [4 | both | 1](candidate_pairs: 48/48 | new_swaps: 3 | total: 4) -> {'max_bond': 20, 'max_links': 4, 'total_elems': 26452, 'total_shapes': 1694, 'total_links': 390, 'num_tensors': 98}
2026-08-26 11:40:00,395 [INFO]     [4 | left | 0](candidate_pairs: 49/49 | new_swaps: 0 | total: 4) -> {'max_bond': 20, 'max_links': 4, 'total_elems': 26452, 'total_shapes': 1694, 'total_links': 390, 'num_tensors': 98}
2026-08-26 11:40:00,452 [INFO]     [4 | left | 1](candidate_pairs: 48/48 | new_swaps: 0 | total: 4) -> {'max_bond': 20, 'max_links': 4, 'total_elems': 26452, 'total_shapes': 1694, 'total_links': 390, 'num_tensors': 98}
2026-08-26 11:40:00,546 [INFO]     [4 | right | 0](candidate_pairs: 49/49 | new_swaps: 1 | total: 5) -> {'max_bond': 20, 'max_links': 4, 'total_elems': 26436, 'total_shapes': 1692, 'total_links': 390, 'num_tensors': 98}
2026-08-26 11:40:00,600 [INFO]     [4 | right | 1](candidate_pairs: 48/48 | new_swaps: 0 | total: 5) -> {'max_bond': 20, 'max_links': 4, 'total_elems': 26436, 'total_shapes': 1692, 'total_links': 390, 'num_tensors': 98}
2026-08-26 11:40:00,796 [INFO]     [5 | both | 0](candidate_pairs: 49/49 | new_swaps: 1 | total: 1) -> {'max_bond': 20, 'max_links': 4, 'total_elems': 26388, 'total_shapes': 1688, 'total_links': 390, 'num_tensors': 98}
2026-08-26 11:40:00,910 [INFO]     [5 | both | 1](candidate_pairs: 48/48 | new_swaps: 0 | total: 1) -> {'max_bond': 20, 'max_links': 4, 'total_elems': 26388, 'total_shapes': 1688, 'total_links': 390, 'num_tensors': 98}
2026-08-26 11:40:00,966 [INFO]     [5 | left | 0](candidate_pairs: 49/49 | new_swaps: 0 | total: 1) -> {'max_bond': 20, 'max_links': 4, 'total_elems': 26388, 'total_shapes': 1688, 'total_links': 390, 'num_tensors': 98}
2026-08-26 11:40:01,022 [INFO]     [5 | left | 1](candidate_pairs: 48/48 | new_swaps: 0 | total: 1) -> {'max_bond': 20, 'max_links': 4, 'total_elems': 26388, 'total_shapes': 1688, 'total_links': 390, 'num_tensors': 98}
2026-08-26 11:40:01,078 [INFO]     [5 | right | 0](candidate_pairs: 49/49 | new_swaps: 0 | total: 1) -> {'max_bond': 20, 'max_links': 4, 'total_elems': 26388, 'total_shapes': 1688, 'total_links': 390, 'num_tensors': 98}
2026-08-26 11:40:01,132 [INFO]     [5 | right | 1](candidate_pairs: 48/48 | new_swaps: 0 | total: 1) -> {'max_bond': 20, 'max_links': 4, 'total_elems': 26388, 'total_shapes': 1688, 'total_links': 390, 'num_tensors': 98}
2026-08-26 11:40:01,243 [INFO]     [6 | both | 0](candidate_pairs: 49/49 | new_swaps: 0 | total: 0) -> {'max_bond': 20, 'max_links': 4, 'total_elems': 26388, 'total_shapes': 1688, 'total_links': 390, 'num_tensors': 98}
2026-08-26 11:40:01,358 [INFO]     [6 | both | 1](candidate_pairs: 48/48 | new_swaps: 0 | total: 0) -> {'max_bond': 20, 'max_links': 4, 'total_elems': 26388, 'total_shapes': 1688, 'total_links': 390, 'num_tensors': 98}
2026-08-26 11:40:01,414 [INFO]     [6 | left | 0](candidate_pairs: 49/49 | new_swaps: 0 | total: 0) -> {'max_bond': 20, 'max_links': 4, 'total_elems': 26388, 'total_shapes': 1688, 'total_links': 390, 'num_tensors': 98}
2026-08-26 11:40:01,470 [INFO]     [6 | left | 1](candidate_pairs: 48/48 | new_swaps: 0 | total: 0) -> {'max_bond': 20, 'max_links': 4, 'total_elems': 26388, 'total_shapes': 1688, 'total_links': 390, 'num_tensors': 98}
2026-08-26 11:40:01,525 [INFO]     [6 | right | 0](candidate_pairs: 49/49 | new_swaps: 0 | total: 0) -> {'max_bond': 20, 'max_links': 4, 'total_elems': 26388, 'total_shapes': 1688, 'total_links': 390, 'num_tensors': 98}
2026-08-26 11:40:01,579 [INFO]     [6 | right | 1](candidate_pairs: 48/48 | new_swaps: 0 | total: 0) -> {'max_bond': 20, 'max_links': 4, 'total_elems': 26388, 'total_shapes': 1688, 'total_links': 390, 'num_tensors': 98}
2026-08-26 11:40:01,580 [INFO]     [end unswap] -> {'max_bond': 20, 'max_links': 4, 'total_elems': 26388, 'total_shapes': 1688, 'total_links': 390, 'num_tensors': 98}
2026-08-26 11:40:01,643 [INFO] [start rewire](phase=post_unswap, cycle=21, side=left, layers=2428, trials=20, seed=123, parallel=False, route_candidates=2, route_score=lookahead_total)
2026-08-26 11:40:15,500 [INFO] [end rewire](phase=post_unswap, cycle=21, side=left, routed_layers=2446, elapsed_s=13.86)
2026-08-26 11:40:15,500 [INFO] [start rewire](phase=post_unswap, cycle=21, side=right, layers=2180, trials=20, seed=123, parallel=False, route_candidates=2, route_score=lookahead_total)
2026-08-26 11:40:35,529 [INFO] [end rewire](phase=post_unswap, cycle=21, side=right, routed_layers=1972, elapsed_s=20.03)
2026-08-26 11:40:35,769 [INFO] [1L/2444](swap: 22, u: 0 | c_u: 0 | t_u_l: 51/992 | t_u_r: 41/992 | t_u: 92/1984) -> {'max_bond': 20, 'max_links': 4, 'total_elems': 26388, 'total_shapes': 1688, 'total_links': 390, 'num_tensors': 98}
2026-08-26 11:40:35,894 [INFO] [2L/2444](swap: 23, u: 0 | c_u: 0 | t_u_l: 51/992 | t_u_r: 41/992 | t_u: 92/1984) -> {'max_bond': 32, 'max_links': 4, 'total_elems': 34864, 'total_shapes': 1926, 'total_links': 390, 'num_tensors': 98}
2026-08-26 11:40:36,022 [INFO] [1R/1970](swap: 18, u: 0 | c_u: 0 | t_u_l: 51/992 | t_u_r: 41/992 | t_u: 92/1984) -> {'max_bond': 32, 'max_links': 4, 'total_elems': 42244, 'total_shapes': 2114, 'total_links': 390, 'num_tensors': 98}
2026-08-26 11:40:36,157 [INFO] [3L/2444](swap: 22, u: 0 | c_u: 0 | t_u_l: 51/992 | t_u_r: 41/992 | t_u: 92/1984) -> {'max_bond': 32, 'max_links': 4, 'total_elems': 53148, 'total_shapes': 2354, 'total_links': 390, 'num_tensors': 98}
2026-08-26 11:40:36,304 [INFO] [2R/1970](swap: 20, u: 0 | c_u: 0 | t_u_l: 51/992 | t_u_r: 41/992 | t_u: 92/1984) -> {'max_bond': 40, 'max_links': 4, 'total_elems': 68744, 'total_shapes': 2648, 'total_links': 390, 'num_tensors': 98}
2026-08-26 11:40:36,459 [INFO] [4L/2444](swap: 17, u: 0 | c_u: 0 | t_u_l: 51/992 | t_u_r: 41/992 | t_u: 92/1984) -> {'max_bond': 40, 'max_links': 4, 'total_elems': 85916, 'total_shapes': 2936, 'total_links': 390, 'num_tensors': 98}
2026-08-26 11:40:36,633 [INFO] [5L/2444](swap: 15, u: 0 | c_u: 0 | t_u_l: 51/992 | t_u_r: 41/992 | t_u: 92/1984) -> {'max_bond': 64, 'max_links': 4, 'total_elems': 123404, 'total_shapes': 3414, 'total_links': 390, 'num_tensors': 98}
2026-08-26 11:40:36,854 [INFO] [3R/1970](swap: 18, u: 0 | c_u: 0 | t_u_l: 51/992 | t_u_r: 41/992 | t_u: 92/1984) -> {'max_bond': 80, 'max_links': 4, 'total_elems': 172384, 'total_shapes': 3914, 'total_links': 390, 'num_tensors': 98}
2026-08-26 11:40:37,169 [INFO] [6L/2444](swap: 14, u: 0 | c_u: 0 | t_u_l: 51/992 | t_u_r: 41/992 | t_u: 92/1984) -> {'max_bond': 80, 'max_links': 4, 'total_elems': 236424, 'total_shapes': 4400, 'total_links': 390, 'num_tensors': 98}
2026-08-26 11:40:37,597 [INFO] [7L/2444](swap: 12, u: 0 | c_u: 0 | t_u_l: 51/992 | t_u_r: 41/992 | t_u: 92/1984) -> {'max_bond': 128, 'max_links': 4, 'total_elems': 367756, 'total_shapes': 5022, 'total_links': 390, 'num_tensors': 98}
2026-08-26 11:40:38,341 [INFO] [4R/1970](swap: 17, u: 1 | c_u: 1 | t_u_l: 51/992 | t_u_r: 42/992 | t_u: 93/1984) -> {'max_bond': 158, 'max_links': 4, 'total_elems': 523772, 'total_shapes': 5900, 'total_links': 390, 'num_tensors': 98}
2026-08-26 11:40:39,459 [INFO] [8L/2444](swap: 11, u: 0 | c_u: 1 | t_u_l: 51/992 | t_u_r: 42/992 | t_u: 93/1984) -> {'max_bond': 277, 'max_links': 4, 'total_elems': 859812, 'total_shapes': 6922, 'total_links': 390, 'num_tensors': 98}
2026-08-26 11:40:41,348 [INFO]     [start unswap] -> {'max_bond': 277, 'max_links': 4, 'total_elems': 859812, 'total_shapes': 6922, 'total_links': 390, 'num_tensors': 98}
2026-08-26 11:40:55,301 [INFO]     [0 | both | 0](candidate_pairs: 49/49 | new_swaps: 16 | total: 16) -> {'max_bond': 251, 'max_links': 4, 'total_elems': 658956, 'total_shapes': 5952, 'total_links': 390, 'num_tensors': 98}
2026-08-26 11:40:59,030 [INFO]     [0 | both | 1](candidate_pairs: 48/48 | new_swaps: 25 | total: 41) -> {'max_bond': 115, 'max_links': 4, 'total_elems': 313424, 'total_shapes': 4470, 'total_links': 390, 'num_tensors': 98}
2026-08-26 11:40:59,841 [INFO]     [0 | left | 0](candidate_pairs: 49/49 | new_swaps: 22 | total: 63) -> {'max_bond': 112, 'max_links': 4, 'total_elems': 170460, 'total_shapes': 3608, 'total_links': 390, 'num_tensors': 98}
2026-08-26 11:41:00,191 [INFO]     [0 | left | 1](candidate_pairs: 48/48 | new_swaps: 25 | total: 88) -> {'max_bond': 63, 'max_links': 4, 'total_elems': 98108, 'total_shapes': 2886, 'total_links': 390, 'num_tensors': 98}
2026-08-26 11:41:00,382 [INFO]     [0 | right | 0](candidate_pairs: 49/49 | new_swaps: 10 | total: 98) -> {'max_bond': 58, 'max_links': 4, 'total_elems': 85404, 'total_shapes': 2674, 'total_links': 390, 'num_tensors': 98}
2026-08-26 11:41:00,603 [INFO]     [0 | right | 1](candidate_pairs: 48/48 | new_swaps: 14 | total: 112) -> {'max_bond': 58, 'max_links': 4, 'total_elems': 67548, 'total_shapes': 2456, 'total_links': 390, 'num_tensors': 98}
2026-08-26 11:41:00,902 [INFO]     [1 | both | 0](candidate_pairs: 49/49 | new_swaps: 12 | total: 12) -> {'max_bond': 32, 'max_links': 4, 'total_elems': 52152, 'total_shapes': 2176, 'total_links': 390, 'num_tensors': 98}
2026-08-26 11:41:01,209 [INFO]     [1 | both | 1](candidate_pairs: 48/48 | new_swaps: 11 | total: 23) -> {'max_bond': 32, 'max_links': 4, 'total_elems': 44160, 'total_shapes': 2014, 'total_links': 390, 'num_tensors': 98}
2026-08-26 11:41:01,348 [INFO]     [1 | left | 0](candidate_pairs: 49/49 | new_swaps: 10 | total: 33) -> {'max_bond': 32, 'max_links': 4, 'total_elems': 36388, 'total_shapes': 1858, 'total_links': 390, 'num_tensors': 98}
2026-08-26 11:41:01,484 [INFO]     [1 | left | 1](candidate_pairs: 48/48 | new_swaps: 9 | total: 42) -> {'max_bond': 32, 'max_links': 4, 'total_elems': 31096, 'total_shapes': 1750, 'total_links': 390, 'num_tensors': 98}
2026-08-26 11:41:01,606 [INFO]     [1 | right | 0](candidate_pairs: 49/49 | new_swaps: 7 | total: 49) -> {'max_bond': 32, 'max_links': 4, 'total_elems': 29760, 'total_shapes': 1706, 'total_links': 390, 'num_tensors': 98}
2026-08-26 11:41:01,725 [INFO]     [1 | right | 1](candidate_pairs: 48/48 | new_swaps: 3 | total: 52) -> {'max_bond': 32, 'max_links': 4, 'total_elems': 28432, 'total_shapes': 1674, 'total_links': 390, 'num_tensors': 98}
2026-08-26 11:41:01,952 [INFO]     [2 | both | 0](candidate_pairs: 49/49 | new_swaps: 7 | total: 7) -> {'max_bond': 32, 'max_links': 4, 'total_elems': 24580, 'total_shapes': 1608, 'total_links': 390, 'num_tensors': 98}
2026-08-26 11:41:02,172 [INFO]     [2 | both | 1](candidate_pairs: 48/48 | new_swaps: 7 | total: 14) -> {'max_bond': 32, 'max_links': 4, 'total_elems': 22060, 'total_shapes': 1548, 'total_links': 390, 'num_tensors': 98}
2026-08-26 11:41:02,284 [INFO]     [2 | left | 0](candidate_pairs: 49/49 | new_swaps: 4 | total: 18) -> {'max_bond': 32, 'max_links': 4, 'total_elems': 21772, 'total_shapes': 1534, 'total_links': 390, 'num_tensors': 98}
2026-08-26 11:41:02,396 [INFO]     [2 | left | 1](candidate_pairs: 48/48 | new_swaps: 2 | total: 20) -> {'max_bond': 32, 'max_links': 4, 'total_elems': 21628, 'total_shapes': 1526, 'total_links': 390, 'num_tensors': 98}
2026-08-26 11:41:02,499 [INFO]     [2 | right | 0](candidate_pairs: 49/49 | new_swaps: 3 | total: 23) -> {'max_bond': 32, 'max_links': 4, 'total_elems': 20620, 'total_shapes': 1498, 'total_links': 390, 'num_tensors': 98}
2026-08-26 11:41:02,612 [INFO]     [2 | right | 1](candidate_pairs: 48/48 | new_swaps: 2 | total: 25) -> {'max_bond': 32, 'max_links': 4, 'total_elems': 18828, 'total_shapes': 1458, 'total_links': 390, 'num_tensors': 98}
2026-08-26 11:41:02,812 [INFO]     [3 | both | 0](candidate_pairs: 49/49 | new_swaps: 6 | total: 6) -> {'max_bond': 32, 'max_links': 4, 'total_elems': 18344, 'total_shapes': 1424, 'total_links': 390, 'num_tensors': 98}
2026-08-26 11:41:03,021 [INFO]     [3 | both | 1](candidate_pairs: 48/48 | new_swaps: 1 | total: 7) -> {'max_bond': 32, 'max_links': 4, 'total_elems': 18316, 'total_shapes': 1422, 'total_links': 390, 'num_tensors': 98}
2026-08-26 11:41:03,109 [INFO]     [3 | left | 0](candidate_pairs: 49/49 | new_swaps: 1 | total: 8) -> {'max_bond': 32, 'max_links': 4, 'total_elems': 18268, 'total_shapes': 1418, 'total_links': 390, 'num_tensors': 98}
2026-08-26 11:41:03,218 [INFO]     [3 | left | 1](candidate_pairs: 48/48 | new_swaps: 2 | total: 10) -> {'max_bond': 32, 'max_links': 4, 'total_elems': 18208, 'total_shapes': 1412, 'total_links': 390, 'num_tensors': 98}
2026-08-26 11:41:03,269 [INFO]     [3 | right | 0](candidate_pairs: 49/49 | new_swaps: 0 | total: 10) -> {'max_bond': 32, 'max_links': 4, 'total_elems': 18208, 'total_shapes': 1412, 'total_links': 390, 'num_tensors': 98}
2026-08-26 11:41:03,327 [INFO]     [3 | right | 1](candidate_pairs: 48/48 | new_swaps: 0 | total: 10) -> {'max_bond': 32, 'max_links': 4, 'total_elems': 18208, 'total_shapes': 1412, 'total_links': 390, 'num_tensors': 98}
2026-08-26 11:41:03,510 [INFO]     [4 | both | 0](candidate_pairs: 49/49 | new_swaps: 1 | total: 1) -> {'max_bond': 32, 'max_links': 4, 'total_elems': 18180, 'total_shapes': 1410, 'total_links': 390, 'num_tensors': 98}
2026-08-26 11:41:03,625 [INFO]     [4 | both | 1](candidate_pairs: 48/48 | new_swaps: 0 | total: 1) -> {'max_bond': 32, 'max_links': 4, 'total_elems': 18180, 'total_shapes': 1410, 'total_links': 390, 'num_tensors': 98}
2026-08-26 11:41:03,675 [INFO]     [4 | left | 0](candidate_pairs: 49/49 | new_swaps: 0 | total: 1) -> {'max_bond': 32, 'max_links': 4, 'total_elems': 18180, 'total_shapes': 1410, 'total_links': 390, 'num_tensors': 98}
2026-08-26 11:41:03,729 [INFO]     [4 | left | 1](candidate_pairs: 48/48 | new_swaps: 0 | total: 1) -> {'max_bond': 32, 'max_links': 4, 'total_elems': 18180, 'total_shapes': 1410, 'total_links': 390, 'num_tensors': 98}
2026-08-26 11:41:03,778 [INFO]     [4 | right | 0](candidate_pairs: 49/49 | new_swaps: 0 | total: 1) -> {'max_bond': 32, 'max_links': 4, 'total_elems': 18180, 'total_shapes': 1410, 'total_links': 390, 'num_tensors': 98}
2026-08-26 11:41:03,831 [INFO]     [4 | right | 1](candidate_pairs: 48/48 | new_swaps: 0 | total: 1) -> {'max_bond': 32, 'max_links': 4, 'total_elems': 18180, 'total_shapes': 1410, 'total_links': 390, 'num_tensors': 98}
2026-08-26 11:41:03,929 [INFO]     [5 | both | 0](candidate_pairs: 49/49 | new_swaps: 0 | total: 0) -> {'max_bond': 32, 'max_links': 4, 'total_elems': 18180, 'total_shapes': 1410, 'total_links': 390, 'num_tensors': 98}
2026-08-26 11:41:04,040 [INFO]     [5 | both | 1](candidate_pairs: 48/48 | new_swaps: 0 | total: 0) -> {'max_bond': 32, 'max_links': 4, 'total_elems': 18180, 'total_shapes': 1410, 'total_links': 390, 'num_tensors': 98}
2026-08-26 11:41:04,090 [INFO]     [5 | left | 0](candidate_pairs: 49/49 | new_swaps: 0 | total: 0) -> {'max_bond': 32, 'max_links': 4, 'total_elems': 18180, 'total_shapes': 1410, 'total_links': 390, 'num_tensors': 98}
2026-08-26 11:41:04,145 [INFO]     [5 | left | 1](candidate_pairs: 48/48 | new_swaps: 0 | total: 0) -> {'max_bond': 32, 'max_links': 4, 'total_elems': 18180, 'total_shapes': 1410, 'total_links': 390, 'num_tensors': 98}
2026-08-26 11:41:04,194 [INFO]     [5 | right | 0](candidate_pairs: 49/49 | new_swaps: 0 | total: 0) -> {'max_bond': 32, 'max_links': 4, 'total_elems': 18180, 'total_shapes': 1410, 'total_links': 390, 'num_tensors': 98}
2026-08-26 11:41:04,247 [INFO]     [5 | right | 1](candidate_pairs: 48/48 | new_swaps: 0 | total: 0) -> {'max_bond': 32, 'max_links': 4, 'total_elems': 18180, 'total_shapes': 1410, 'total_links': 390, 'num_tensors': 98}
2026-08-26 11:41:04,248 [INFO]     [end unswap] -> {'max_bond': 32, 'max_links': 4, 'total_elems': 18180, 'total_shapes': 1410, 'total_links': 390, 'num_tensors': 98}
2026-08-26 11:41:04,249 [INFO] [start rewire](phase=post_unswap, cycle=22, side=left, layers=2438, trials=20, seed=123, parallel=False, route_candidates=2, route_score=lookahead_total)
2026-08-26 11:41:13,969 [INFO] [end rewire](phase=post_unswap, cycle=22, side=left, routed_layers=2158, elapsed_s=9.72)
2026-08-26 11:41:13,969 [INFO] [start rewire](phase=post_unswap, cycle=22, side=right, layers=1968, trials=20, seed=123, parallel=False, route_candidates=2, route_score=lookahead_total)
2026-08-26 11:41:23,127 [INFO] [end rewire](phase=post_unswap, cycle=22, side=right, routed_layers=2159, elapsed_s=9.16)
2026-08-26 11:41:23,374 [INFO] [1L/2156](swap: 17, u: 0 | c_u: 0 | t_u_l: 51/992 | t_u_r: 42/992 | t_u: 93/1984) -> {'max_bond': 32, 'max_links': 4, 'total_elems': 18180, 'total_shapes': 1410, 'total_links': 390, 'num_tensors': 98}
2026-08-26 11:41:23,503 [INFO] [1R/2157](swap: 16, u: 0 | c_u: 0 | t_u_l: 51/992 | t_u_r: 42/992 | t_u: 93/1984) -> {'max_bond': 32, 'max_links': 4, 'total_elems': 20260, 'total_shapes': 1518, 'total_links': 390, 'num_tensors': 98}
2026-08-26 11:41:23,625 [INFO] [2L/2156](swap: 18, u: 0 | c_u: 0 | t_u_l: 51/992 | t_u_r: 42/992 | t_u: 93/1984) -> {'max_bond': 32, 'max_links': 4, 'total_elems': 24120, 'total_shapes': 1612, 'total_links': 390, 'num_tensors': 98}
2026-08-26 11:41:23,751 [INFO] [2R/2157](swap: 14, u: 0 | c_u: 0 | t_u_l: 51/992 | t_u_r: 42/992 | t_u: 93/1984) -> {'max_bond': 32, 'max_links': 4, 'total_elems': 27388, 'total_shapes': 1712, 'total_links': 390, 'num_tensors': 98}
2026-08-26 11:41:23,869 [INFO] [3L/2156](swap: 17, u: 0 | c_u: 0 | t_u_l: 51/992 | t_u_r: 42/992 | t_u: 93/1984) -> {'max_bond': 32, 'max_links': 4, 'total_elems': 32652, 'total_shapes': 1864, 'total_links': 390, 'num_tensors': 98}
2026-08-26 11:41:24,006 [INFO] [4L/2156](swap: 17, u: 0 | c_u: 0 | t_u_l: 51/992 | t_u_r: 42/992 | t_u: 93/1984) -> {'max_bond': 32, 'max_links': 4, 'total_elems': 41892, 'total_shapes': 2080, 'total_links': 390, 'num_tensors': 98}
2026-08-26 11:41:24,144 [INFO] [5L/2156](swap: 17, u: 0 | c_u: 0 | t_u_l: 51/992 | t_u_r: 42/992 | t_u: 93/1984) -> {'max_bond': 32, 'max_links': 4, 'total_elems': 51268, 'total_shapes': 2308, 'total_links': 390, 'num_tensors': 98}
2026-08-26 11:41:24,282 [INFO] [6L/2156](swap: 17, u: 0 | c_u: 0 | t_u_l: 51/992 | t_u_r: 42/992 | t_u: 93/1984) -> {'max_bond': 64, 'max_links': 4, 'total_elems': 64436, 'total_shapes': 2582, 'total_links': 390, 'num_tensors': 98}
2026-08-26 11:41:24,433 [INFO] [7L/2156](swap: 17, u: 0 | c_u: 0 | t_u_l: 51/992 | t_u_r: 42/992 | t_u: 93/1984) -> {'max_bond': 64, 'max_links': 4, 'total_elems': 87092, 'total_shapes': 2844, 'total_links': 390, 'num_tensors': 98}
2026-08-26 11:41:24,631 [INFO] [3R/2157](swap: 14, u: 0 | c_u: 0 | t_u_l: 51/992 | t_u_r: 42/992 | t_u: 93/1984) -> {'max_bond': 112, 'max_links': 4, 'total_elems': 139464, 'total_shapes': 3288, 'total_links': 390, 'num_tensors': 98}
2026-08-26 11:41:24,944 [INFO] [4R/2157](swap: 15, u: 0 | c_u: 0 | t_u_l: 51/992 | t_u_r: 42/992 | t_u: 93/1984) -> {'max_bond': 111, 'max_links': 4, 'total_elems': 162168, 'total_shapes': 3496, 'total_links': 390, 'num_tensors': 98}
2026-08-26 11:41:25,242 [INFO] [5R/2157](swap: 11, u: 0 | c_u: 0 | t_u_l: 51/992 | t_u_r: 42/992 | t_u: 93/1984) -> {'max_bond': 108, 'max_links': 4, 'total_elems': 174712, 'total_shapes': 3552, 'total_links': 390, 'num_tensors': 98}
2026-08-26 11:41:25,589 [INFO] [6R/2157](swap: 13, u: 0 | c_u: 0 | t_u_l: 51/992 | t_u_r: 42/992 | t_u: 93/1984) -> {'max_bond': 64, 'max_links': 4, 'total_elems': 153276, 'total_shapes': 3524, 'total_links': 390, 'num_tensors': 98}
2026-08-26 11:41:25,863 [INFO] [7R/2157](swap: 12, u: 0 | c_u: 0 | t_u_l: 51/992 | t_u_r: 42/992 | t_u: 93/1984) -> {'max_bond': 64, 'max_links': 4, 'total_elems': 171260, 'total_shapes': 3780, 'total_links': 390, 'num_tensors': 98}
2026-08-26 11:41:26,151 [INFO] [8R/2157](swap: 10, u: 0 | c_u: 0 | t_u_l: 51/992 | t_u_r: 42/992 | t_u: 93/1984) -> {'max_bond': 104, 'max_links': 4, 'total_elems': 219036, 'total_shapes': 4216, 'total_links': 390, 'num_tensors': 98}
2026-08-26 11:41:26,519 [INFO] [9R/2157](swap: 10, u: 0 | c_u: 0 | t_u_l: 51/992 | t_u_r: 42/992 | t_u: 93/1984) -> {'max_bond': 102, 'max_links': 4, 'total_elems': 274660, 'total_shapes': 4610, 'total_links': 390, 'num_tensors': 98}
2026-08-26 11:41:27,005 [INFO] [10R/2157](swap: 8, u: 0 | c_u: 0 | t_u_l: 51/992 | t_u_r: 42/992 | t_u: 93/1984) -> {'max_bond': 203, 'max_links': 4, 'total_elems': 423388, 'total_shapes': 5314, 'total_links': 390, 'num_tensors': 98}
2026-08-26 11:41:28,028 [INFO] [11R/2157](swap: 8, u: 0 | c_u: 0 | t_u_l: 51/992 | t_u_r: 42/992 | t_u: 93/1984) -> {'max_bond': 255, 'max_links': 4, 'total_elems': 658592, 'total_shapes': 5908, 'total_links': 390, 'num_tensors': 98}
2026-08-26 11:41:29,838 [INFO] [12R/2157](swap: 10, u: 0 | c_u: 0 | t_u_l: 51/992 | t_u_r: 42/992 | t_u: 93/1984) -> {'max_bond': 252, 'max_links': 4, 'total_elems': 848652, 'total_shapes': 6332, 'total_links': 390, 'num_tensors': 98}
2026-08-26 11:41:32,161 [INFO] [13R/2157](swap: 9, u: 0 | c_u: 0 | t_u_l: 51/992 | t_u_r: 42/992 | t_u: 93/1984) -> {'max_bond': 250, 'max_links': 4, 'total_elems': 868352, 'total_shapes': 6592, 'total_links': 390, 'num_tensors': 98}
2026-08-26 11:41:33,986 [INFO] [14R/2157](swap: 12, u: 0 | c_u: 0 | t_u_l: 51/992 | t_u_r: 42/992 | t_u: 93/1984) -> {'max_bond': 246, 'max_links': 4, 'total_elems': 883588, 'total_shapes': 6930, 'total_links': 390, 'num_tensors': 98}
2026-08-26 11:41:35,757 [INFO] [15R/2157](swap: 10, u: 1 | c_u: 1 | t_u_l: 51/992 | t_u_r: 43/992 | t_u: 94/1984) -> {'max_bond': 241, 'max_links': 4, 'total_elems': 925840, 'total_shapes': 7440, 'total_links': 390, 'num_tensors': 98}
2026-08-26 11:41:37,516 [INFO]     [start unswap] -> {'max_bond': 241, 'max_links': 4, 'total_elems': 925840, 'total_shapes': 7440, 'total_links': 390, 'num_tensors': 98}
2026-08-26 11:42:11,653 [INFO]     [0 | both | 0](candidate_pairs: 49/49 | new_swaps: 15 | total: 15) -> {'max_bond': 236, 'max_links': 4, 'total_elems': 978788, 'total_shapes': 7682, 'total_links': 390, 'num_tensors': 98}
2026-08-26 11:42:17,999 [INFO]     [0 | both | 1](candidate_pairs: 48/48 | new_swaps: 19 | total: 34) -> {'max_bond': 156, 'max_links': 4, 'total_elems': 588636, 'total_shapes': 6212, 'total_links': 390, 'num_tensors': 98}
2026-08-26 11:42:19,378 [INFO]     [0 | left | 0](candidate_pairs: 49/49 | new_swaps: 14 | total: 48) -> {'max_bond': 152, 'max_links': 4, 'total_elems': 415436, 'total_shapes': 5386, 'total_links': 390, 'num_tensors': 98}
2026-08-26 11:42:20,599 [INFO]     [0 | left | 1](candidate_pairs: 48/48 | new_swaps: 15 | total: 63) -> {'max_bond': 111, 'max_links': 4, 'total_elems': 309164, 'total_shapes': 4646, 'total_links': 390, 'num_tensors': 98}
2026-08-26 11:42:21,226 [INFO]     [0 | right | 0](candidate_pairs: 49/49 | new_swaps: 12 | total: 75) -> {'max_bond': 109, 'max_links': 4, 'total_elems': 221920, 'total_shapes': 4130, 'total_links': 390, 'num_tensors': 98}
2026-08-26 11:42:21,632 [INFO]     [0 | right | 1](candidate_pairs: 48/48 | new_swaps: 12 | total: 87) -> {'max_bond': 64, 'max_links': 4, 'total_elems': 165612, 'total_shapes': 3700, 'total_links': 390, 'num_tensors': 98}
2026-08-26 11:42:22,336 [INFO]     [1 | both | 0](candidate_pairs: 49/49 | new_swaps: 18 | total: 18) -> {'max_bond': 61, 'max_links': 4, 'total_elems': 119204, 'total_shapes': 3224, 'total_links': 390, 'num_tensors': 98}
2026-08-26 11:42:22,775 [INFO]     [1 | both | 1](candidate_pairs: 48/48 | new_swaps: 13 | total: 31) -> {'max_bond': 56, 'max_links': 4, 'total_elems': 102004, 'total_shapes': 2986, 'total_links': 390, 'num_tensors': 98}
2026-08-26 11:42:22,972 [INFO]     [1 | left | 0](candidate_pairs: 49/49 | new_swaps: 5 | total: 36) -> {'max_bond': 56, 'max_links': 4, 'total_elems': 87720, 'total_shapes': 2856, 'total_links': 390, 'num_tensors': 98}
2026-08-26 11:42:23,159 [INFO]     [1 | left | 1](candidate_pairs: 48/48 | new_swaps: 6 | total: 42) -> {'max_bond': 56, 'max_links': 4, 'total_elems': 77856, 'total_shapes': 2704, 'total_links': 390, 'num_tensors': 98}
2026-08-26 11:42:23,317 [INFO]     [1 | right | 0](candidate_pairs: 49/49 | new_swaps: 4 | total: 46) -> {'max_bond': 56, 'max_links': 4, 'total_elems': 75076, 'total_shapes': 2636, 'total_links': 390, 'num_tensors': 98}
2026-08-26 11:42:23,491 [INFO]     [1 | right | 1](candidate_pairs: 48/48 | new_swaps: 8 | total: 54) -> {'max_bond': 56, 'max_links': 4, 'total_elems': 71316, 'total_shapes': 2560, 'total_links': 390, 'num_tensors': 98}
2026-08-26 11:42:23,807 [INFO]     [2 | both | 0](candidate_pairs: 49/49 | new_swaps: 8 | total: 8) -> {'max_bond': 32, 'max_links': 4, 'total_elems': 59056, 'total_shapes': 2406, 'total_links': 390, 'num_tensors': 98}
2026-08-26 11:42:24,102 [INFO]     [2 | both | 1](candidate_pairs: 48/48 | new_swaps: 11 | total: 19) -> {'max_bond': 32, 'max_links': 4, 'total_elems': 56124, 'total_shapes': 2328, 'total_links': 390, 'num_tensors': 98}
2026-08-26 11:42:24,246 [INFO]     [2 | left | 0](candidate_pairs: 49/49 | new_swaps: 2 | total: 21) -> {'max_bond': 32, 'max_links': 4, 'total_elems': 55088, 'total_shapes': 2306, 'total_links': 390, 'num_tensors': 98}
2026-08-26 11:42:24,399 [INFO]     [2 | left | 1](candidate_pairs: 48/48 | new_swaps: 3 | total: 24) -> {'max_bond': 32, 'max_links': 4, 'total_elems': 53928, 'total_shapes': 2284, 'total_links': 390, 'num_tensors': 98}
2026-08-26 11:42:24,535 [INFO]     [2 | right | 0](candidate_pairs: 49/49 | new_swaps: 4 | total: 28) -> {'max_bond': 32, 'max_links': 4, 'total_elems': 51748, 'total_shapes': 2226, 'total_links': 390, 'num_tensors': 98}
2026-08-26 11:42:24,675 [INFO]     [2 | right | 1](candidate_pairs: 48/48 | new_swaps: 2 | total: 30) -> {'max_bond': 32, 'max_links': 4, 'total_elems': 50452, 'total_shapes': 2198, 'total_links': 390, 'num_tensors': 98}
2026-08-26 11:42:24,934 [INFO]     [3 | both | 0](candidate_pairs: 49/49 | new_swaps: 4 | total: 4) -> {'max_bond': 32, 'max_links': 4, 'total_elems': 50332, 'total_shapes': 2186, 'total_links': 390, 'num_tensors': 98}
2026-08-26 11:42:25,204 [INFO]     [3 | both | 1](candidate_pairs: 48/48 | new_swaps: 4 | total: 8) -> {'max_bond': 32, 'max_links': 4, 'total_elems': 49948, 'total_shapes': 2168, 'total_links': 390, 'num_tensors': 98}
2026-08-26 11:42:25,336 [INFO]     [3 | left | 0](candidate_pairs: 49/49 | new_swaps: 1 | total: 9) -> {'max_bond': 32, 'max_links': 4, 'total_elems': 49876, 'total_shapes': 2164, 'total_links': 390, 'num_tensors': 98}
2026-08-26 11:42:25,475 [INFO]     [3 | left | 1](candidate_pairs: 48/48 | new_swaps: 2 | total: 11) -> {'max_bond': 32, 'max_links': 4, 'total_elems': 49760, 'total_shapes': 2156, 'total_links': 390, 'num_tensors': 98}
2026-08-26 11:42:25,588 [INFO]     [3 | right | 0](candidate_pairs: 49/49 | new_swaps: 1 | total: 12) -> {'max_bond': 32, 'max_links': 4, 'total_elems': 48480, 'total_shapes': 2140, 'total_links': 390, 'num_tensors': 98}
2026-08-26 11:42:25,666 [INFO]     [3 | right | 1](candidate_pairs: 48/48 | new_swaps: 0 | total: 12) -> {'max_bond': 32, 'max_links': 4, 'total_elems': 48480, 'total_shapes': 2140, 'total_links': 390, 'num_tensors': 98}
2026-08-26 11:42:25,918 [INFO]     [4 | both | 0](candidate_pairs: 49/49 | new_swaps: 3 | total: 3) -> {'max_bond': 32, 'max_links': 4, 'total_elems': 48216, 'total_shapes': 2126, 'total_links': 390, 'num_tensors': 98}
2026-08-26 11:42:26,187 [INFO]     [4 | both | 1](candidate_pairs: 48/48 | new_swaps: 4 | total: 7) -> {'max_bond': 32, 'max_links': 4, 'total_elems': 45388, 'total_shapes': 2080, 'total_links': 390, 'num_tensors': 98}
2026-08-26 11:42:26,297 [INFO]     [4 | left | 0](candidate_pairs: 49/49 | new_swaps: 1 | total: 8) -> {'max_bond': 32, 'max_links': 4, 'total_elems': 45368, 'total_shapes': 2078, 'total_links': 390, 'num_tensors': 98}
2026-08-26 11:42:26,372 [INFO]     [4 | left | 1](candidate_pairs: 48/48 | new_swaps: 0 | total: 8) -> {'max_bond': 32, 'max_links': 4, 'total_elems': 45368, 'total_shapes': 2078, 'total_links': 390, 'num_tensors': 98}
2026-08-26 11:42:26,479 [INFO]     [4 | right | 0](candidate_pairs: 49/49 | new_swaps: 1 | total: 9) -> {'max_bond': 32, 'max_links': 4, 'total_elems': 42296, 'total_shapes': 2030, 'total_links': 390, 'num_tensors': 98}
2026-08-26 11:42:26,548 [INFO]     [4 | right | 1](candidate_pairs: 48/48 | new_swaps: 0 | total: 9) -> {'max_bond': 32, 'max_links': 4, 'total_elems': 42296, 'total_shapes': 2030, 'total_links': 390, 'num_tensors': 98}
2026-08-26 11:42:26,769 [INFO]     [5 | both | 0](candidate_pairs: 49/49 | new_swaps: 1 | total: 1) -> {'max_bond': 32, 'max_links': 4, 'total_elems': 42276, 'total_shapes': 2028, 'total_links': 390, 'num_tensors': 98}
2026-08-26 11:42:27,015 [INFO]     [5 | both | 1](candidate_pairs: 48/48 | new_swaps: 1 | total: 2) -> {'max_bond': 32, 'max_links': 4, 'total_elems': 42264, 'total_shapes': 2026, 'total_links': 390, 'num_tensors': 98}
2026-08-26 11:42:27,084 [INFO]     [5 | left | 0](candidate_pairs: 49/49 | new_swaps: 0 | total: 2) -> {'max_bond': 32, 'max_links': 4, 'total_elems': 42264, 'total_shapes': 2026, 'total_links': 390, 'num_tensors': 98}
2026-08-26 11:42:27,159 [INFO]     [5 | left | 1](candidate_pairs: 48/48 | new_swaps: 0 | total: 2) -> {'max_bond': 32, 'max_links': 4, 'total_elems': 42264, 'total_shapes': 2026, 'total_links': 390, 'num_tensors': 98}
2026-08-26 11:42:27,225 [INFO]     [5 | right | 0](candidate_pairs: 49/49 | new_swaps: 0 | total: 2) -> {'max_bond': 32, 'max_links': 4, 'total_elems': 42264, 'total_shapes': 2026, 'total_links': 390, 'num_tensors': 98}
2026-08-26 11:42:27,336 [INFO]     [5 | right | 1](candidate_pairs: 48/48 | new_swaps: 1 | total: 3) -> {'max_bond': 32, 'max_links': 4, 'total_elems': 42244, 'total_shapes': 2024, 'total_links': 390, 'num_tensors': 98}
2026-08-26 11:42:27,561 [INFO]     [6 | both | 0](candidate_pairs: 49/49 | new_swaps: 1 | total: 1) -> {'max_bond': 32, 'max_links': 4, 'total_elems': 42228, 'total_shapes': 2022, 'total_links': 390, 'num_tensors': 98}
2026-08-26 11:42:27,717 [INFO]     [6 | both | 1](candidate_pairs: 48/48 | new_swaps: 0 | total: 1) -> {'max_bond': 32, 'max_links': 4, 'total_elems': 42228, 'total_shapes': 2022, 'total_links': 390, 'num_tensors': 98}
2026-08-26 11:42:27,784 [INFO]     [6 | left | 0](candidate_pairs: 49/49 | new_swaps: 0 | total: 1) -> {'max_bond': 32, 'max_links': 4, 'total_elems': 42228, 'total_shapes': 2022, 'total_links': 390, 'num_tensors': 98}
2026-08-26 11:42:27,857 [INFO]     [6 | left | 1](candidate_pairs: 48/48 | new_swaps: 0 | total: 1) -> {'max_bond': 32, 'max_links': 4, 'total_elems': 42228, 'total_shapes': 2022, 'total_links': 390, 'num_tensors': 98}
2026-08-26 11:42:27,922 [INFO]     [6 | right | 0](candidate_pairs: 49/49 | new_swaps: 0 | total: 1) -> {'max_bond': 32, 'max_links': 4, 'total_elems': 42228, 'total_shapes': 2022, 'total_links': 390, 'num_tensors': 98}
2026-08-26 11:42:27,992 [INFO]     [6 | right | 1](candidate_pairs: 48/48 | new_swaps: 0 | total: 1) -> {'max_bond': 32, 'max_links': 4, 'total_elems': 42228, 'total_shapes': 2022, 'total_links': 390, 'num_tensors': 98}
2026-08-26 11:42:28,131 [INFO]     [7 | both | 0](candidate_pairs: 49/49 | new_swaps: 0 | total: 0) -> {'max_bond': 32, 'max_links': 4, 'total_elems': 42228, 'total_shapes': 2022, 'total_links': 390, 'num_tensors': 98}
2026-08-26 11:42:28,292 [INFO]     [7 | both | 1](candidate_pairs: 48/48 | new_swaps: 0 | total: 0) -> {'max_bond': 32, 'max_links': 4, 'total_elems': 42228, 'total_shapes': 2022, 'total_links': 390, 'num_tensors': 98}
2026-08-26 11:42:28,361 [INFO]     [7 | left | 0](candidate_pairs: 49/49 | new_swaps: 0 | total: 0) -> {'max_bond': 32, 'max_links': 4, 'total_elems': 42228, 'total_shapes': 2022, 'total_links': 390, 'num_tensors': 98}
2026-08-26 11:42:28,435 [INFO]     [7 | left | 1](candidate_pairs: 48/48 | new_swaps: 0 | total: 0) -> {'max_bond': 32, 'max_links': 4, 'total_elems': 42228, 'total_shapes': 2022, 'total_links': 390, 'num_tensors': 98}
2026-08-26 11:42:28,501 [INFO]     [7 | right | 0](candidate_pairs: 49/49 | new_swaps: 0 | total: 0) -> {'max_bond': 32, 'max_links': 4, 'total_elems': 42228, 'total_shapes': 2022, 'total_links': 390, 'num_tensors': 98}
2026-08-26 11:42:28,574 [INFO]     [7 | right | 1](candidate_pairs: 48/48 | new_swaps: 0 | total: 0) -> {'max_bond': 32, 'max_links': 4, 'total_elems': 42228, 'total_shapes': 2022, 'total_links': 390, 'num_tensors': 98}
2026-08-26 11:42:28,575 [INFO]     [end unswap] -> {'max_bond': 32, 'max_links': 4, 'total_elems': 42228, 'total_shapes': 2022, 'total_links': 390, 'num_tensors': 98}
2026-08-26 11:42:28,645 [INFO] [start rewire](phase=post_unswap, cycle=23, side=left, layers=2151, trials=20, seed=123, parallel=False, route_candidates=2, route_score=lookahead_total)
2026-08-26 11:42:40,967 [INFO] [end rewire](phase=post_unswap, cycle=23, side=left, routed_layers=2106, elapsed_s=12.32)
2026-08-26 11:42:40,967 [INFO] [start rewire](phase=post_unswap, cycle=23, side=right, layers=2144, trials=20, seed=123, parallel=False, route_candidates=2, route_score=lookahead_total)
2026-08-26 11:42:52,704 [INFO] [end rewire](phase=post_unswap, cycle=23, side=right, routed_layers=2066, elapsed_s=11.74)
2026-08-26 11:42:52,910 [INFO] [1L/2104](swap: 21, u: 0 | c_u: 0 | t_u_l: 51/992 | t_u_r: 43/992 | t_u: 94/1984) -> {'max_bond': 32, 'max_links': 4, 'total_elems': 42228, 'total_shapes': 2022, 'total_links': 390, 'num_tensors': 98}
2026-08-26 11:42:53,054 [INFO] [2L/2104](swap: 24, u: 0 | c_u: 0 | t_u_l: 51/992 | t_u_r: 43/992 | t_u: 94/1984) -> {'max_bond': 32, 'max_links': 4, 'total_elems': 51472, 'total_shapes': 2224, 'total_links': 390, 'num_tensors': 98}
2026-08-26 11:42:53,207 [INFO] [1R/2064](swap: 21, u: 0 | c_u: 0 | t_u_l: 51/992 | t_u_r: 43/992 | t_u: 94/1984) -> {'max_bond': 64, 'max_links': 4, 'total_elems': 72736, 'total_shapes': 2606, 'total_links': 390, 'num_tensors': 98}
2026-08-26 11:42:53,373 [INFO] [3L/2104](swap: 20, u: 0 | c_u: 0 | t_u_l: 51/992 | t_u_r: 43/992 | t_u: 94/1984) -> {'max_bond': 64, 'max_links': 4, 'total_elems': 107132, 'total_shapes': 3088, 'total_links': 390, 'num_tensors': 98}
2026-08-26 11:42:53,592 [INFO] [2R/2064](swap: 24, u: 0 | c_u: 0 | t_u_l: 51/992 | t_u_r: 43/992 | t_u: 94/1984) -> {'max_bond': 64, 'max_links': 4, 'total_elems': 149384, 'total_shapes': 3522, 'total_links': 390, 'num_tensors': 98}
2026-08-26 11:42:53,834 [INFO] [3R/2064](swap: 21, u: 2 | c_u: 2 | t_u_l: 51/992 | t_u_r: 45/992 | t_u: 96/1984) -> {'max_bond': 64, 'max_links': 4, 'total_elems': 186604, 'total_shapes': 3940, 'total_links': 390, 'num_tensors': 98}
2026-08-26 11:42:54,130 [INFO] [4R/2064](swap: 18, u: 1 | c_u: 3 | t_u_l: 51/992 | t_u_r: 46/992 | t_u: 97/1984) -> {'max_bond': 64, 'max_links': 4, 'total_elems': 226860, 'total_shapes': 4342, 'total_links': 390, 'num_tensors': 98}
2026-08-26 11:42:54,446 [INFO] [5R/2064](swap: 16, u: 0 | c_u: 3 | t_u_l: 51/992 | t_u_r: 46/992 | t_u: 97/1984) -> {'max_bond': 127, 'max_links': 4, 'total_elems': 293968, 'total_shapes': 4764, 'total_links': 390, 'num_tensors': 98}
2026-08-26 11:42:54,903 [INFO] [4L/2104](swap: 16, u: 1 | c_u: 4 | t_u_l: 52/992 | t_u_r: 46/992 | t_u: 98/1984) -> {'max_bond': 125, 'max_links': 4, 'total_elems': 369924, 'total_shapes': 5256, 'total_links': 390, 'num_tensors': 98}
2026-08-26 11:42:55,441 [INFO] [5L/2104](swap: 16, u: 0 | c_u: 4 | t_u_l: 52/992 | t_u_r: 46/992 | t_u: 98/1984) -> {'max_bond': 127, 'max_links': 4, 'total_elems': 479852, 'total_shapes': 5828, 'total_links': 390, 'num_tensors': 98}
2026-08-26 11:42:56,120 [INFO] [6L/2104](swap: 17, u: 1 | c_u: 5 | t_u_l: 53/992 | t_u_r: 46/992 | t_u: 99/1984) -> {'max_bond': 143, 'max_links': 4, 'total_elems': 523304, 'total_shapes': 6138, 'total_links': 390, 'num_tensors': 98}
2026-08-26 11:42:56,738 [INFO] [7L/2104](swap: 16, u: 1 | c_u: 6 | t_u_l: 54/992 | t_u_r: 46/992 | t_u: 100/1984) -> {'max_bond': 138, 'max_links': 4, 'total_elems': 531736, 'total_shapes': 6290, 'total_links': 390, 'num_tensors': 98}
2026-08-26 11:42:57,399 [INFO] [8L/2104](swap: 16, u: 2 | c_u: 8 | t_u_l: 56/992 | t_u_r: 46/992 | t_u: 102/1984) -> {'max_bond': 136, 'max_links': 4, 'total_elems': 664136, 'total_shapes': 6930, 'total_links': 390, 'num_tensors': 98}
2026-08-26 11:42:58,417 [INFO] [6R/2064](swap: 13, u: 1 | c_u: 9 | t_u_l: 56/992 | t_u_r: 47/992 | t_u: 103/1984) -> {'max_bond': 228, 'max_links': 4, 'total_elems': 851136, 'total_shapes': 7646, 'total_links': 390, 'num_tensors': 98}
2026-08-26 11:42:59,844 [INFO] [7R/2064](swap: 9, u: 1 | c_u: 10 | t_u_l: 56/992 | t_u_r: 48/992 | t_u: 104/1984) -> {'max_bond': 220, 'max_links': 4, 'total_elems': 968420, 'total_shapes': 8204, 'total_links': 390, 'num_tensors': 98}
2026-08-26 11:43:01,714 [INFO]     [start unswap] -> {'max_bond': 220, 'max_links': 4, 'total_elems': 968420, 'total_shapes': 8204, 'total_links': 390, 'num_tensors': 98}
2026-08-26 11:43:13,634 [INFO]     [0 | both | 0](candidate_pairs: 49/49 | new_swaps: 16 | total: 16) -> {'max_bond': 220, 'max_links': 4, 'total_elems': 831376, 'total_shapes': 7652, 'total_links': 390, 'num_tensors': 98}
2026-08-26 11:43:16,796 [INFO]     [0 | both | 1](candidate_pairs: 48/48 | new_swaps: 26 | total: 42) -> {'max_bond': 101, 'max_links': 4, 'total_elems': 366060, 'total_shapes': 5230, 'total_links': 390, 'num_tensors': 98}
2026-08-26 11:43:17,644 [INFO]     [0 | left | 0](candidate_pairs: 49/49 | new_swaps: 18 | total: 60) -> {'max_bond': 87, 'max_links': 4, 'total_elems': 268532, 'total_shapes': 4518, 'total_links': 390, 'num_tensors': 98}
2026-08-26 11:43:18,252 [INFO]     [0 | left | 1](candidate_pairs: 48/48 | new_swaps: 21 | total: 81) -> {'max_bond': 64, 'max_links': 4, 'total_elems': 177044, 'total_shapes': 3770, 'total_links': 390, 'num_tensors': 98}
2026-08-26 11:43:18,614 [INFO]     [0 | right | 0](candidate_pairs: 49/49 | new_swaps: 17 | total: 98) -> {'max_bond': 64, 'max_links': 4, 'total_elems': 145768, 'total_shapes': 3352, 'total_links': 390, 'num_tensors': 98}
2026-08-26 11:43:18,910 [INFO]     [0 | right | 1](candidate_pairs: 48/48 | new_swaps: 15 | total: 113) -> {'max_bond': 64, 'max_links': 4, 'total_elems': 117056, 'total_shapes': 3052, 'total_links': 390, 'num_tensors': 98}
2026-08-26 11:43:19,441 [INFO]     [1 | both | 0](candidate_pairs: 49/49 | new_swaps: 15 | total: 15) -> {'max_bond': 64, 'max_links': 4, 'total_elems': 82816, 'total_shapes': 2678, 'total_links': 390, 'num_tensors': 98}
2026-08-26 11:43:19,812 [INFO]     [1 | both | 1](candidate_pairs: 48/48 | new_swaps: 13 | total: 28) -> {'max_bond': 32, 'max_links': 4, 'total_elems': 59508, 'total_shapes': 2386, 'total_links': 390, 'num_tensors': 98}
2026-08-26 11:43:19,974 [INFO]     [1 | left | 0](candidate_pairs: 49/49 | new_swaps: 8 | total: 36) -> {'max_bond': 32, 'max_links': 4, 'total_elems': 51096, 'total_shapes': 2266, 'total_links': 390, 'num_tensors': 98}
2026-08-26 11:43:20,116 [INFO]     [1 | left | 1](candidate_pairs: 48/48 | new_swaps: 7 | total: 43) -> {'max_bond': 32, 'max_links': 4, 'total_elems': 47516, 'total_shapes': 2194, 'total_links': 390, 'num_tensors': 98}
2026-08-26 11:43:20,262 [INFO]     [1 | right | 0](candidate_pairs: 49/49 | new_swaps: 6 | total: 49) -> {'max_bond': 32, 'max_links': 4, 'total_elems': 44588, 'total_shapes': 2130, 'total_links': 390, 'num_tensors': 98}
2026-08-26 11:43:20,386 [INFO]     [1 | right | 1](candidate_pairs: 48/48 | new_swaps: 3 | total: 52) -> {'max_bond': 32, 'max_links': 4, 'total_elems': 44080, 'total_shapes': 2112, 'total_links': 390, 'num_tensors': 98}
2026-08-26 11:43:20,657 [INFO]     [2 | both | 0](candidate_pairs: 49/49 | new_swaps: 9 | total: 9) -> {'max_bond': 32, 'max_links': 4, 'total_elems': 39216, 'total_shapes': 2022, 'total_links': 390, 'num_tensors': 98}
2026-08-26 11:43:20,897 [INFO]     [2 | both | 1](candidate_pairs: 48/48 | new_swaps: 10 | total: 19) -> {'max_bond': 32, 'max_links': 4, 'total_elems': 33680, 'total_shapes': 1888, 'total_links': 390, 'num_tensors': 98}
2026-08-26 11:43:21,023 [INFO]     [2 | left | 0](candidate_pairs: 49/49 | new_swaps: 4 | total: 23) -> {'max_bond': 32, 'max_links': 4, 'total_elems': 32028, 'total_shapes': 1850, 'total_links': 390, 'num_tensors': 98}
2026-08-26 11:43:21,140 [INFO]     [2 | left | 1](candidate_pairs: 48/48 | new_swaps: 3 | total: 26) -> {'max_bond': 32, 'max_links': 4, 'total_elems': 31356, 'total_shapes': 1830, 'total_links': 390, 'num_tensors': 98}
2026-08-26 11:43:21,259 [INFO]     [2 | right | 0](candidate_pairs: 49/49 | new_swaps: 3 | total: 29) -> {'max_bond': 32, 'max_links': 4, 'total_elems': 30312, 'total_shapes': 1796, 'total_links': 390, 'num_tensors': 98}
2026-08-26 11:43:21,314 [INFO]     [2 | right | 1](candidate_pairs: 48/48 | new_swaps: 0 | total: 29) -> {'max_bond': 32, 'max_links': 4, 'total_elems': 30312, 'total_shapes': 1796, 'total_links': 390, 'num_tensors': 98}
2026-08-26 11:43:21,542 [INFO]     [3 | both | 0](candidate_pairs: 49/49 | new_swaps: 3 | total: 3) -> {'max_bond': 32, 'max_links': 4, 'total_elems': 29928, 'total_shapes': 1776, 'total_links': 390, 'num_tensors': 98}
2026-08-26 11:43:21,753 [INFO]     [3 | both | 1](candidate_pairs: 48/48 | new_swaps: 5 | total: 8) -> {'max_bond': 32, 'max_links': 4, 'total_elems': 29384, 'total_shapes': 1748, 'total_links': 390, 'num_tensors': 98}
2026-08-26 11:43:21,873 [INFO]     [3 | left | 0](candidate_pairs: 49/49 | new_swaps: 2 | total: 10) -> {'max_bond': 32, 'max_links': 4, 'total_elems': 28808, 'total_shapes': 1728, 'total_links': 390, 'num_tensors': 98}
2026-08-26 11:43:21,986 [INFO]     [3 | left | 1](candidate_pairs: 48/48 | new_swaps: 1 | total: 11) -> {'max_bond': 32, 'max_links': 4, 'total_elems': 28376, 'total_shapes': 1716, 'total_links': 390, 'num_tensors': 98}
2026-08-26 11:43:22,102 [INFO]     [3 | right | 0](candidate_pairs: 49/49 | new_swaps: 1 | total: 12) -> {'max_bond': 32, 'max_links': 4, 'total_elems': 28296, 'total_shapes': 1712, 'total_links': 390, 'num_tensors': 98}
2026-08-26 11:43:22,194 [INFO]     [3 | right | 1](candidate_pairs: 48/48 | new_swaps: 1 | total: 13) -> {'max_bond': 32, 'max_links': 4, 'total_elems': 28168, 'total_shapes': 1708, 'total_links': 390, 'num_tensors': 98}
2026-08-26 11:43:22,418 [INFO]     [4 | both | 0](candidate_pairs: 49/49 | new_swaps: 3 | total: 3) -> {'max_bond': 32, 'max_links': 4, 'total_elems': 27588, 'total_shapes': 1686, 'total_links': 390, 'num_tensors': 98}
2026-08-26 11:43:22,622 [INFO]     [4 | both | 1](candidate_pairs: 48/48 | new_swaps: 1 | total: 4) -> {'max_bond': 32, 'max_links': 4, 'total_elems': 27332, 'total_shapes': 1678, 'total_links': 390, 'num_tensors': 98}
2026-08-26 11:43:22,684 [INFO]     [4 | left | 0](candidate_pairs: 49/49 | new_swaps: 0 | total: 4) -> {'max_bond': 32, 'max_links': 4, 'total_elems': 27332, 'total_shapes': 1678, 'total_links': 390, 'num_tensors': 98}
2026-08-26 11:43:22,739 [INFO]     [4 | left | 1](candidate_pairs: 48/48 | new_swaps: 0 | total: 4) -> {'max_bond': 32, 'max_links': 4, 'total_elems': 27332, 'total_shapes': 1678, 'total_links': 390, 'num_tensors': 98}
2026-08-26 11:43:22,806 [INFO]     [4 | right | 0](candidate_pairs: 49/49 | new_swaps: 0 | total: 4) -> {'max_bond': 32, 'max_links': 4, 'total_elems': 27332, 'total_shapes': 1678, 'total_links': 390, 'num_tensors': 98}
2026-08-26 11:43:22,898 [INFO]     [4 | right | 1](candidate_pairs: 48/48 | new_swaps: 1 | total: 5) -> {'max_bond': 32, 'max_links': 4, 'total_elems': 27204, 'total_shapes': 1674, 'total_links': 390, 'num_tensors': 98}
2026-08-26 11:43:23,031 [INFO]     [5 | both | 0](candidate_pairs: 49/49 | new_swaps: 0 | total: 0) -> {'max_bond': 32, 'max_links': 4, 'total_elems': 27204, 'total_shapes': 1674, 'total_links': 390, 'num_tensors': 98}
2026-08-26 11:43:23,152 [INFO]     [5 | both | 1](candidate_pairs: 48/48 | new_swaps: 0 | total: 0) -> {'max_bond': 32, 'max_links': 4, 'total_elems': 27204, 'total_shapes': 1674, 'total_links': 390, 'num_tensors': 98}
2026-08-26 11:43:23,214 [INFO]     [5 | left | 0](candidate_pairs: 49/49 | new_swaps: 0 | total: 0) -> {'max_bond': 32, 'max_links': 4, 'total_elems': 27204, 'total_shapes': 1674, 'total_links': 390, 'num_tensors': 98}
2026-08-26 11:43:23,269 [INFO]     [5 | left | 1](candidate_pairs: 48/48 | new_swaps: 0 | total: 0) -> {'max_bond': 32, 'max_links': 4, 'total_elems': 27204, 'total_shapes': 1674, 'total_links': 390, 'num_tensors': 98}
2026-08-26 11:43:23,330 [INFO]     [5 | right | 0](candidate_pairs: 49/49 | new_swaps: 0 | total: 0) -> {'max_bond': 32, 'max_links': 4, 'total_elems': 27204, 'total_shapes': 1674, 'total_links': 390, 'num_tensors': 98}
2026-08-26 11:43:23,383 [INFO]     [5 | right | 1](candidate_pairs: 48/48 | new_swaps: 0 | total: 0) -> {'max_bond': 32, 'max_links': 4, 'total_elems': 27204, 'total_shapes': 1674, 'total_links': 390, 'num_tensors': 98}
2026-08-26 11:43:23,384 [INFO]     [end unswap] -> {'max_bond': 32, 'max_links': 4, 'total_elems': 27204, 'total_shapes': 1674, 'total_links': 390, 'num_tensors': 98}
2026-08-26 11:43:23,388 [INFO] [start rewire](phase=post_unswap, cycle=24, side=left, layers=2098, trials=20, seed=123, parallel=False, route_candidates=2, route_score=lookahead_total)
2026-08-26 11:43:35,664 [INFO] [end rewire](phase=post_unswap, cycle=24, side=left, routed_layers=2360, elapsed_s=12.27)
2026-08-26 11:43:35,664 [INFO] [start rewire](phase=post_unswap, cycle=24, side=right, layers=2059, trials=20, seed=123, parallel=False, route_candidates=2, route_score=lookahead_total)
2026-08-26 11:43:49,959 [INFO] [end rewire](phase=post_unswap, cycle=24, side=right, routed_layers=2035, elapsed_s=14.29)
2026-08-26 11:43:50,219 [INFO] [1L/2358](swap: 20, u: 0 | c_u: 0 | t_u_l: 56/992 | t_u_r: 48/992 | t_u: 104/1984) -> {'max_bond': 32, 'max_links': 4, 'total_elems': 27204, 'total_shapes': 1674, 'total_links': 390, 'num_tensors': 98}
2026-08-26 11:43:50,349 [INFO] [2L/2358](swap: 23, u: 0 | c_u: 0 | t_u_l: 56/992 | t_u_r: 48/992 | t_u: 104/1984) -> {'max_bond': 32, 'max_links': 4, 'total_elems': 33688, 'total_shapes': 1858, 'total_links': 390, 'num_tensors': 98}
2026-08-26 11:43:50,481 [INFO] [3L/2358](swap: 22, u: 1 | c_u: 1 | t_u_l: 57/992 | t_u_r: 48/992 | t_u: 105/1984) -> {'max_bond': 64, 'max_links': 4, 'total_elems': 50136, 'total_shapes': 2170, 'total_links': 390, 'num_tensors': 98}
2026-08-26 11:43:50,634 [INFO] [1R/2033](swap: 23, u: 0 | c_u: 1 | t_u_l: 57/992 | t_u_r: 48/992 | t_u: 105/1984) -> {'max_bond': 64, 'max_links': 4, 'total_elems': 72340, 'total_shapes': 2444, 'total_links': 390, 'num_tensors': 98}
2026-08-26 11:43:50,807 [INFO] [2R/2033](swap: 22, u: 1 | c_u: 2 | t_u_l: 57/992 | t_u_r: 49/992 | t_u: 106/1984) -> {'max_bond': 64, 'max_links': 4, 'total_elems': 91020, 'total_shapes': 2686, 'total_links': 390, 'num_tensors': 98}
2026-08-26 11:43:51,026 [INFO] [4L/2358](swap: 23, u: 0 | c_u: 2 | t_u_l: 57/992 | t_u_r: 49/992 | t_u: 106/1984) -> {'max_bond': 64, 'max_links': 4, 'total_elems': 124536, 'total_shapes': 3104, 'total_links': 390, 'num_tensors': 98}
2026-08-26 11:43:51,320 [INFO] [5L/2358](swap: 22, u: 1 | c_u: 3 | t_u_l: 58/992 | t_u_r: 49/992 | t_u: 107/1984) -> {'max_bond': 64, 'max_links': 4, 'total_elems': 144248, 'total_shapes': 3482, 'total_links': 390, 'num_tensors': 98}
2026-08-26 11:43:51,573 [INFO] [3R/2033](swap: 23, u: 1 | c_u: 4 | t_u_l: 58/992 | t_u_r: 50/992 | t_u: 108/1984) -> {'max_bond': 64, 'max_links': 4, 'total_elems': 178436, 'total_shapes': 3834, 'total_links': 390, 'num_tensors': 98}
2026-08-26 11:43:51,909 [INFO] [6L/2358](swap: 20, u: 0 | c_u: 4 | t_u_l: 58/992 | t_u_r: 50/992 | t_u: 108/1984) -> {'max_bond': 96, 'max_links': 4, 'total_elems': 236192, 'total_shapes': 4458, 'total_links': 390, 'num_tensors': 98}
2026-08-26 11:43:52,284 [INFO] [7L/2358](swap: 15, u: 1 | c_u: 5 | t_u_l: 59/992 | t_u_r: 50/992 | t_u: 109/1984) -> {'max_bond': 96, 'max_links': 4, 'total_elems': 289428, 'total_shapes': 4970, 'total_links': 390, 'num_tensors': 98}
2026-08-26 11:43:52,728 [INFO] [8L/2358](swap: 14, u: 1 | c_u: 6 | t_u_l: 60/992 | t_u_r: 50/992 | t_u: 110/1984) -> {'max_bond': 141, 'max_links': 4, 'total_elems': 368516, 'total_shapes': 5530, 'total_links': 390, 'num_tensors': 98}
2026-08-26 11:43:53,237 [INFO] [4R/2033](swap: 21, u: 0 | c_u: 6 | t_u_l: 60/992 | t_u_r: 50/992 | t_u: 110/1984) -> {'max_bond': 135, 'max_links': 4, 'total_elems': 438128, 'total_shapes': 5976, 'total_links': 390, 'num_tensors': 98}
2026-08-26 11:43:53,827 [INFO] [5R/2033](swap: 20, u: 0 | c_u: 6 | t_u_l: 60/992 | t_u_r: 50/992 | t_u: 110/1984) -> {'max_bond': 127, 'max_links': 4, 'total_elems': 520064, 'total_shapes': 6514, 'total_links': 390, 'num_tensors': 98}
2026-08-26 11:43:54,571 [INFO] [6R/2033](swap: 15, u: 1 | c_u: 7 | t_u_l: 60/992 | t_u_r: 51/992 | t_u: 111/1984) -> {'max_bond': 126, 'max_links': 4, 'total_elems': 675724, 'total_shapes': 7122, 'total_links': 390, 'num_tensors': 98}
2026-08-26 11:43:55,941 [INFO] [9L/2358](swap: 12, u: 0 | c_u: 7 | t_u_l: 60/992 | t_u_r: 51/992 | t_u: 111/1984) -> {'max_bond': 128, 'max_links': 4, 'total_elems': 791484, 'total_shapes': 7696, 'total_links': 390, 'num_tensors': 98}
2026-08-26 11:43:57,191 [INFO] [7R/2033](swap: 14, u: 2 | c_u: 9 | t_u_l: 60/992 | t_u_r: 53/992 | t_u: 113/1984) -> {'max_bond': 128, 'max_links': 4, 'total_elems': 877200, 'total_shapes': 8180, 'total_links': 390, 'num_tensors': 98}
2026-08-26 11:43:58,340 [INFO] [8R/2033](swap: 11, u: 1 | c_u: 10 | t_u_l: 60/992 | t_u_r: 54/992 | t_u: 114/1984) -> {'max_bond': 128, 'max_links': 4, 'total_elems': 858392, 'total_shapes': 8168, 'total_links': 390, 'num_tensors': 98}
2026-08-26 11:43:59,600 [INFO]     [start unswap] -> {'max_bond': 128, 'max_links': 4, 'total_elems': 858392, 'total_shapes': 8168, 'total_links': 390, 'num_tensors': 98}
2026-08-26 11:44:08,558 [INFO]     [0 | both | 0](candidate_pairs: 49/49 | new_swaps: 16 | total: 16) -> {'max_bond': 128, 'max_links': 4, 'total_elems': 671740, 'total_shapes': 7300, 'total_links': 390, 'num_tensors': 98}
2026-08-26 11:44:11,421 [INFO]     [0 | both | 1](candidate_pairs: 48/48 | new_swaps: 31 | total: 47) -> {'max_bond': 128, 'max_links': 4, 'total_elems': 375092, 'total_shapes': 5452, 'total_links': 390, 'num_tensors': 98}
2026-08-26 11:44:12,207 [INFO]     [0 | left | 0](candidate_pairs: 49/49 | new_swaps: 19 | total: 66) -> {'max_bond': 84, 'max_links': 4, 'total_elems': 250860, 'total_shapes': 4588, 'total_links': 390, 'num_tensors': 98}
2026-08-26 11:44:12,722 [INFO]     [0 | left | 1](candidate_pairs: 48/48 | new_swaps: 25 | total: 91) -> {'max_bond': 64, 'max_links': 4, 'total_elems': 167068, 'total_shapes': 3772, 'total_links': 390, 'num_tensors': 98}
2026-08-26 11:44:13,034 [INFO]     [0 | right | 0](candidate_pairs: 49/49 | new_swaps: 16 | total: 107) -> {'max_bond': 64, 'max_links': 4, 'total_elems': 146696, 'total_shapes': 3462, 'total_links': 390, 'num_tensors': 98}
2026-08-26 11:44:13,342 [INFO]     [0 | right | 1](candidate_pairs: 48/48 | new_swaps: 15 | total: 122) -> {'max_bond': 64, 'max_links': 4, 'total_elems': 120804, 'total_shapes': 3178, 'total_links': 390, 'num_tensors': 98}
2026-08-26 11:44:13,834 [INFO]     [1 | both | 0](candidate_pairs: 49/49 | new_swaps: 25 | total: 25) -> {'max_bond': 64, 'max_links': 4, 'total_elems': 80316, 'total_shapes': 2714, 'total_links': 390, 'num_tensors': 98}
2026-08-26 11:44:14,208 [INFO]     [1 | both | 1](candidate_pairs: 48/48 | new_swaps: 15 | total: 40) -> {'max_bond': 40, 'max_links': 4, 'total_elems': 61420, 'total_shapes': 2420, 'total_links': 390, 'num_tensors': 98}
2026-08-26 11:44:14,371 [INFO]     [1 | left | 0](candidate_pairs: 49/49 | new_swaps: 10 | total: 50) -> {'max_bond': 32, 'max_links': 4, 'total_elems': 46120, 'total_shapes': 2186, 'total_links': 390, 'num_tensors': 98}
2026-08-26 11:44:14,514 [INFO]     [1 | left | 1](candidate_pairs: 48/48 | new_swaps: 6 | total: 56) -> {'max_bond': 32, 'max_links': 4, 'total_elems': 41452, 'total_shapes': 2120, 'total_links': 390, 'num_tensors': 98}
2026-08-26 11:44:14,646 [INFO]     [1 | right | 0](candidate_pairs: 49/49 | new_swaps: 7 | total: 63) -> {'max_bond': 24, 'max_links': 4, 'total_elems': 37900, 'total_shapes': 2040, 'total_links': 390, 'num_tensors': 98}
2026-08-26 11:44:14,770 [INFO]     [1 | right | 1](candidate_pairs: 48/48 | new_swaps: 4 | total: 67) -> {'max_bond': 24, 'max_links': 4, 'total_elems': 34728, 'total_shapes': 1994, 'total_links': 390, 'num_tensors': 98}
2026-08-26 11:44:15,000 [INFO]     [2 | both | 0](candidate_pairs: 49/49 | new_swaps: 6 | total: 6) -> {'max_bond': 24, 'max_links': 4, 'total_elems': 31456, 'total_shapes': 1918, 'total_links': 390, 'num_tensors': 98}
2026-08-26 11:44:15,230 [INFO]     [2 | both | 1](candidate_pairs: 48/48 | new_swaps: 13 | total: 19) -> {'max_bond': 20, 'max_links': 4, 'total_elems': 25404, 'total_shapes': 1780, 'total_links': 390, 'num_tensors': 98}
2026-08-26 11:44:15,345 [INFO]     [2 | left | 0](candidate_pairs: 49/49 | new_swaps: 5 | total: 24) -> {'max_bond': 20, 'max_links': 4, 'total_elems': 24328, 'total_shapes': 1742, 'total_links': 390, 'num_tensors': 98}
2026-08-26 11:44:15,459 [INFO]     [2 | left | 1](candidate_pairs: 48/48 | new_swaps: 6 | total: 30) -> {'max_bond': 20, 'max_links': 4, 'total_elems': 22936, 'total_shapes': 1694, 'total_links': 390, 'num_tensors': 98}
2026-08-26 11:44:15,557 [INFO]     [2 | right | 0](candidate_pairs: 49/49 | new_swaps: 1 | total: 31) -> {'max_bond': 20, 'max_links': 4, 'total_elems': 22828, 'total_shapes': 1688, 'total_links': 390, 'num_tensors': 98}
2026-08-26 11:44:15,610 [INFO]     [2 | right | 1](candidate_pairs: 48/48 | new_swaps: 0 | total: 31) -> {'max_bond': 20, 'max_links': 4, 'total_elems': 22828, 'total_shapes': 1688, 'total_links': 390, 'num_tensors': 98}
2026-08-26 11:44:15,824 [INFO]     [3 | both | 0](candidate_pairs: 49/49 | new_swaps: 13 | total: 13) -> {'max_bond': 20, 'max_links': 4, 'total_elems': 19976, 'total_shapes': 1612, 'total_links': 390, 'num_tensors': 98}
2026-08-26 11:44:16,025 [INFO]     [3 | both | 1](candidate_pairs: 48/48 | new_swaps: 9 | total: 22) -> {'max_bond': 18, 'max_links': 4, 'total_elems': 15712, 'total_shapes': 1488, 'total_links': 390, 'num_tensors': 98}
2026-08-26 11:44:16,134 [INFO]     [3 | left | 0](candidate_pairs: 49/49 | new_swaps: 7 | total: 29) -> {'max_bond': 18, 'max_links': 4, 'total_elems': 14660, 'total_shapes': 1446, 'total_links': 390, 'num_tensors': 98}
2026-08-26 11:44:16,238 [INFO]     [3 | left | 1](candidate_pairs: 48/48 | new_swaps: 3 | total: 32) -> {'max_bond': 16, 'max_links': 4, 'total_elems': 13088, 'total_shapes': 1392, 'total_links': 390, 'num_tensors': 98}
2026-08-26 11:44:16,321 [INFO]     [3 | right | 0](candidate_pairs: 49/49 | new_swaps: 1 | total: 33) -> {'max_bond': 16, 'max_links': 4, 'total_elems': 13024, 'total_shapes': 1388, 'total_links': 390, 'num_tensors': 98}
2026-08-26 11:44:16,406 [INFO]     [3 | right | 1](candidate_pairs: 48/48 | new_swaps: 1 | total: 34) -> {'max_bond': 16, 'max_links': 4, 'total_elems': 12976, 'total_shapes': 1384, 'total_links': 390, 'num_tensors': 98}
2026-08-26 11:44:16,497 [INFO]     [4 | both | 0](candidate_pairs: 49/49 | new_swaps: 0 | total: 0) -> {'max_bond': 16, 'max_links': 4, 'total_elems': 12976, 'total_shapes': 1384, 'total_links': 390, 'num_tensors': 98}
2026-08-26 11:44:16,590 [INFO]     [4 | both | 1](candidate_pairs: 48/48 | new_swaps: 0 | total: 0) -> {'max_bond': 16, 'max_links': 4, 'total_elems': 12976, 'total_shapes': 1384, 'total_links': 390, 'num_tensors': 98}
2026-08-26 11:44:16,636 [INFO]     [4 | left | 0](candidate_pairs: 49/49 | new_swaps: 0 | total: 0) -> {'max_bond': 16, 'max_links': 4, 'total_elems': 12976, 'total_shapes': 1384, 'total_links': 390, 'num_tensors': 98}
2026-08-26 11:44:16,684 [INFO]     [4 | left | 1](candidate_pairs: 48/48 | new_swaps: 0 | total: 0) -> {'max_bond': 16, 'max_links': 4, 'total_elems': 12976, 'total_shapes': 1384, 'total_links': 390, 'num_tensors': 98}
2026-08-26 11:44:16,730 [INFO]     [4 | right | 0](candidate_pairs: 49/49 | new_swaps: 0 | total: 0) -> {'max_bond': 16, 'max_links': 4, 'total_elems': 12976, 'total_shapes': 1384, 'total_links': 390, 'num_tensors': 98}
2026-08-26 11:44:16,776 [INFO]     [4 | right | 1](candidate_pairs: 48/48 | new_swaps: 0 | total: 0) -> {'max_bond': 16, 'max_links': 4, 'total_elems': 12976, 'total_shapes': 1384, 'total_links': 390, 'num_tensors': 98}
2026-08-26 11:44:16,777 [INFO]     [end unswap] -> {'max_bond': 16, 'max_links': 4, 'total_elems': 12976, 'total_shapes': 1384, 'total_links': 390, 'num_tensors': 98}
2026-08-26 11:44:16,778 [INFO] [start rewire](phase=post_unswap, cycle=25, side=left, layers=2351, trials=20, seed=123, parallel=False, route_candidates=2, route_score=lookahead_total)
2026-08-26 11:44:26,986 [INFO] [end rewire](phase=post_unswap, cycle=25, side=left, routed_layers=2330, elapsed_s=10.21)
2026-08-26 11:44:26,986 [INFO] [start rewire](phase=post_unswap, cycle=25, side=right, layers=2027, trials=20, seed=123, parallel=False, route_candidates=2, route_score=lookahead_total)
2026-08-26 11:44:36,970 [INFO] [end rewire](phase=post_unswap, cycle=25, side=right, routed_layers=2130, elapsed_s=9.98)
2026-08-26 11:44:37,224 [INFO] [1L/2328](swap: 18, u: 0 | c_u: 0 | t_u_l: 60/992 | t_u_r: 54/992 | t_u: 114/1984) -> {'max_bond': 16, 'max_links': 4, 'total_elems': 12976, 'total_shapes': 1384, 'total_links': 390, 'num_tensors': 98}
2026-08-26 11:44:37,337 [INFO] [1R/2128](swap: 21, u: 0 | c_u: 0 | t_u_l: 60/992 | t_u_r: 54/992 | t_u: 114/1984) -> {'max_bond': 18, 'max_links': 4, 'total_elems': 16780, 'total_shapes': 1546, 'total_links': 390, 'num_tensors': 98}
2026-08-26 11:44:37,452 [INFO] [2L/2328](swap: 20, u: 0 | c_u: 0 | t_u_l: 60/992 | t_u_r: 54/992 | t_u: 114/1984) -> {'max_bond': 24, 'max_links': 4, 'total_elems': 20304, 'total_shapes': 1692, 'total_links': 390, 'num_tensors': 98}
2026-08-26 11:44:37,571 [INFO] [3L/2328](swap: 20, u: 0 | c_u: 0 | t_u_l: 60/992 | t_u_r: 54/992 | t_u: 114/1984) -> {'max_bond': 24, 'max_links': 4, 'total_elems': 27768, 'total_shapes': 1898, 'total_links': 390, 'num_tensors': 98}
2026-08-26 11:44:37,701 [INFO] [4L/2328](swap: 19, u: 0 | c_u: 0 | t_u_l: 60/992 | t_u_r: 54/992 | t_u: 114/1984) -> {'max_bond': 24, 'max_links': 4, 'total_elems': 37736, 'total_shapes': 2154, 'total_links': 390, 'num_tensors': 98}
2026-08-26 11:44:37,841 [INFO] [2R/2128](swap: 20, u: 0 | c_u: 0 | t_u_l: 60/992 | t_u_r: 54/992 | t_u: 114/1984) -> {'max_bond': 48, 'max_links': 4, 'total_elems': 51188, 'total_shapes': 2412, 'total_links': 390, 'num_tensors': 98}
2026-08-26 11:44:37,991 [INFO] [3R/2128](swap: 21, u: 0 | c_u: 0 | t_u_l: 60/992 | t_u_r: 54/992 | t_u: 114/1984) -> {'max_bond': 47, 'max_links': 4, 'total_elems': 65264, 'total_shapes': 2614, 'total_links': 390, 'num_tensors': 98}
2026-08-26 11:44:38,170 [INFO] [4R/2128](swap: 17, u: 1 | c_u: 1 | t_u_l: 60/992 | t_u_r: 55/992 | t_u: 115/1984) -> {'max_bond': 64, 'max_links': 4, 'total_elems': 87036, 'total_shapes': 2916, 'total_links': 390, 'num_tensors': 98}
2026-08-26 11:44:38,371 [INFO] [5R/2128](swap: 15, u: 1 | c_u: 2 | t_u_l: 60/992 | t_u_r: 56/992 | t_u: 116/1984) -> {'max_bond': 128, 'max_links': 4, 'total_elems': 134612, 'total_shapes': 3380, 'total_links': 390, 'num_tensors': 98}
2026-08-26 11:44:38,699 [INFO] [5L/2328](swap: 16, u: 1 | c_u: 3 | t_u_l: 61/992 | t_u_r: 56/992 | t_u: 117/1984) -> {'max_bond': 128, 'max_links': 4, 'total_elems': 203932, 'total_shapes': 3954, 'total_links': 390, 'num_tensors': 98}
2026-08-26 11:44:39,120 [INFO] [6L/2328](swap: 14, u: 0 | c_u: 3 | t_u_l: 61/992 | t_u_r: 56/992 | t_u: 117/1984) -> {'max_bond': 128, 'max_links': 4, 'total_elems': 289956, 'total_shapes': 4516, 'total_links': 390, 'num_tensors': 98}
2026-08-26 11:44:39,710 [INFO] [7L/2328](swap: 11, u: 1 | c_u: 4 | t_u_l: 62/992 | t_u_r: 56/992 | t_u: 118/1984) -> {'max_bond': 243, 'max_links': 4, 'total_elems': 492484, 'total_shapes': 5118, 'total_links': 390, 'num_tensors': 98}
2026-08-26 11:44:40,519 [INFO] [8L/2328](swap: 11, u: 0 | c_u: 4 | t_u_l: 62/992 | t_u_r: 56/992 | t_u: 118/1984) -> {'max_bond': 234, 'max_links': 4, 'total_elems': 563884, 'total_shapes': 5752, 'total_links': 390, 'num_tensors': 98}
2026-08-26 11:44:41,445 [INFO] [9L/2328](swap: 11, u: 0 | c_u: 4 | t_u_l: 62/992 | t_u_r: 56/992 | t_u: 118/1984) -> {'max_bond': 226, 'max_links': 4, 'total_elems': 680260, 'total_shapes': 6208, 'total_links': 390, 'num_tensors': 98}
2026-08-26 11:44:42,770 [INFO] [10L/2328](swap: 10, u: 0 | c_u: 4 | t_u_l: 62/992 | t_u_r: 56/992 | t_u: 118/1984) -> {'max_bond': 399, 'max_links': 4, 'total_elems': 916880, 'total_shapes': 6862, 'total_links': 390, 'num_tensors': 98}
2026-08-26 11:44:44,819 [INFO]     [start unswap] -> {'max_bond': 399, 'max_links': 4, 'total_elems': 916880, 'total_shapes': 6862, 'total_links': 390, 'num_tensors': 98}
2026-08-26 11:44:54,839 [INFO]     [0 | both | 0](candidate_pairs: 49/49 | new_swaps: 17 | total: 17) -> {'max_bond': 204, 'max_links': 4, 'total_elems': 477424, 'total_shapes': 5570, 'total_links': 390, 'num_tensors': 98}
2026-08-26 11:44:56,753 [INFO]     [0 | both | 1](candidate_pairs: 48/48 | new_swaps: 21 | total: 38) -> {'max_bond': 96, 'max_links': 4, 'total_elems': 224112, 'total_shapes': 4216, 'total_links': 390, 'num_tensors': 98}
2026-08-26 11:44:57,189 [INFO]     [0 | left | 0](candidate_pairs: 49/49 | new_swaps: 20 | total: 58) -> {'max_bond': 64, 'max_links': 4, 'total_elems': 148692, 'total_shapes': 3510, 'total_links': 390, 'num_tensors': 98}
2026-08-26 11:44:57,527 [INFO]     [0 | left | 1](candidate_pairs: 48/48 | new_swaps: 21 | total: 79) -> {'max_bond': 64, 'max_links': 4, 'total_elems': 108472, 'total_shapes': 3024, 'total_links': 390, 'num_tensors': 98}
2026-08-26 11:44:57,751 [INFO]     [0 | right | 0](candidate_pairs: 49/49 | new_swaps: 8 | total: 87) -> {'max_bond': 64, 'max_links': 4, 'total_elems': 87620, 'total_shapes': 2758, 'total_links': 390, 'num_tensors': 98}
2026-08-26 11:44:57,949 [INFO]     [0 | right | 1](candidate_pairs: 48/48 | new_swaps: 10 | total: 97) -> {'max_bond': 64, 'max_links': 4, 'total_elems': 77756, 'total_shapes': 2628, 'total_links': 390, 'num_tensors': 98}
2026-08-26 11:44:58,317 [INFO]     [1 | both | 0](candidate_pairs: 49/49 | new_swaps: 14 | total: 14) -> {'max_bond': 64, 'max_links': 4, 'total_elems': 62432, 'total_shapes': 2360, 'total_links': 390, 'num_tensors': 98}
2026-08-26 11:44:58,598 [INFO]     [1 | both | 1](candidate_pairs: 48/48 | new_swaps: 10 | total: 24) -> {'max_bond': 64, 'max_links': 4, 'total_elems': 53588, 'total_shapes': 2200, 'total_links': 390, 'num_tensors': 98}
2026-08-26 11:44:58,752 [INFO]     [1 | left | 0](candidate_pairs: 49/49 | new_swaps: 8 | total: 32) -> {'max_bond': 64, 'max_links': 4, 'total_elems': 45212, 'total_shapes': 2078, 'total_links': 390, 'num_tensors': 98}
2026-08-26 11:44:58,892 [INFO]     [1 | left | 1](candidate_pairs: 48/48 | new_swaps: 6 | total: 38) -> {'max_bond': 32, 'max_links': 4, 'total_elems': 35160, 'total_shapes': 1950, 'total_links': 390, 'num_tensors': 98}
2026-08-26 11:44:59,012 [INFO]     [1 | right | 0](candidate_pairs: 49/49 | new_swaps: 4 | total: 42) -> {'max_bond': 32, 'max_links': 4, 'total_elems': 34200, 'total_shapes': 1918, 'total_links': 390, 'num_tensors': 98}
2026-08-26 11:44:59,128 [INFO]     [1 | right | 1](candidate_pairs: 48/48 | new_swaps: 3 | total: 45) -> {'max_bond': 32, 'max_links': 4, 'total_elems': 33028, 'total_shapes': 1882, 'total_links': 390, 'num_tensors': 98}
2026-08-26 11:44:59,359 [INFO]     [2 | both | 0](candidate_pairs: 49/49 | new_swaps: 7 | total: 7) -> {'max_bond': 32, 'max_links': 4, 'total_elems': 27320, 'total_shapes': 1790, 'total_links': 390, 'num_tensors': 98}
2026-08-26 11:44:59,577 [INFO]     [2 | both | 1](candidate_pairs: 48/48 | new_swaps: 10 | total: 17) -> {'max_bond': 22, 'max_links': 4, 'total_elems': 22672, 'total_shapes': 1678, 'total_links': 390, 'num_tensors': 98}
2026-08-26 11:44:59,688 [INFO]     [2 | left | 0](candidate_pairs: 49/49 | new_swaps: 4 | total: 21) -> {'max_bond': 22, 'max_links': 4, 'total_elems': 22192, 'total_shapes': 1658, 'total_links': 390, 'num_tensors': 98}
2026-08-26 11:44:59,798 [INFO]     [2 | left | 1](candidate_pairs: 48/48 | new_swaps: 3 | total: 24) -> {'max_bond': 22, 'max_links': 4, 'total_elems': 20756, 'total_shapes': 1620, 'total_links': 390, 'num_tensors': 98}
2026-08-26 11:44:59,901 [INFO]     [2 | right | 0](candidate_pairs: 49/49 | new_swaps: 2 | total: 26) -> {'max_bond': 22, 'max_links': 4, 'total_elems': 20716, 'total_shapes': 1616, 'total_links': 390, 'num_tensors': 98}
2026-08-26 11:44:59,990 [INFO]     [2 | right | 1](candidate_pairs: 48/48 | new_swaps: 1 | total: 27) -> {'max_bond': 22, 'max_links': 4, 'total_elems': 20684, 'total_shapes': 1614, 'total_links': 390, 'num_tensors': 98}
2026-08-26 11:45:00,192 [INFO]     [3 | both | 0](candidate_pairs: 49/49 | new_swaps: 7 | total: 7) -> {'max_bond': 16, 'max_links': 4, 'total_elems': 18020, 'total_shapes': 1544, 'total_links': 390, 'num_tensors': 98}
2026-08-26 11:45:00,386 [INFO]     [3 | both | 1](candidate_pairs: 48/48 | new_swaps: 5 | total: 12) -> {'max_bond': 16, 'max_links': 4, 'total_elems': 17344, 'total_shapes': 1516, 'total_links': 390, 'num_tensors': 98}
2026-08-26 11:45:00,479 [INFO]     [3 | left | 0](candidate_pairs: 49/49 | new_swaps: 1 | total: 13) -> {'max_bond': 16, 'max_links': 4, 'total_elems': 17152, 'total_shapes': 1508, 'total_links': 390, 'num_tensors': 98}
2026-08-26 11:45:00,584 [INFO]     [3 | left | 1](candidate_pairs: 48/48 | new_swaps: 2 | total: 15) -> {'max_bond': 16, 'max_links': 4, 'total_elems': 16352, 'total_shapes': 1488, 'total_links': 390, 'num_tensors': 98}
2026-08-26 11:45:00,672 [INFO]     [3 | right | 0](candidate_pairs: 49/49 | new_swaps: 1 | total: 16) -> {'max_bond': 16, 'max_links': 4, 'total_elems': 16272, 'total_shapes': 1484, 'total_links': 390, 'num_tensors': 98}
2026-08-26 11:45:00,775 [INFO]     [3 | right | 1](candidate_pairs: 48/48 | new_swaps: 2 | total: 18) -> {'max_bond': 16, 'max_links': 4, 'total_elems': 16112, 'total_shapes': 1476, 'total_links': 390, 'num_tensors': 98}
2026-08-26 11:45:00,968 [INFO]     [4 | both | 0](candidate_pairs: 49/49 | new_swaps: 3 | total: 3) -> {'max_bond': 16, 'max_links': 4, 'total_elems': 15528, 'total_shapes': 1452, 'total_links': 390, 'num_tensors': 98}
2026-08-26 11:45:01,156 [INFO]     [4 | both | 1](candidate_pairs: 48/48 | new_swaps: 2 | total: 5) -> {'max_bond': 16, 'max_links': 4, 'total_elems': 15384, 'total_shapes': 1446, 'total_links': 390, 'num_tensors': 98}
2026-08-26 11:45:01,206 [INFO]     [4 | left | 0](candidate_pairs: 49/49 | new_swaps: 0 | total: 5) -> {'max_bond': 16, 'max_links': 4, 'total_elems': 15384, 'total_shapes': 1446, 'total_links': 390, 'num_tensors': 98}
2026-08-26 11:45:01,311 [INFO]     [4 | left | 1](candidate_pairs: 48/48 | new_swaps: 1 | total: 6) -> {'max_bond': 16, 'max_links': 4, 'total_elems': 15128, 'total_shapes': 1438, 'total_links': 390, 'num_tensors': 98}
2026-08-26 11:45:01,399 [INFO]     [4 | right | 0](candidate_pairs: 49/49 | new_swaps: 1 | total: 7) -> {'max_bond': 16, 'max_links': 4, 'total_elems': 15096, 'total_shapes': 1436, 'total_links': 390, 'num_tensors': 98}
2026-08-26 11:45:01,449 [INFO]     [4 | right | 1](candidate_pairs: 48/48 | new_swaps: 0 | total: 7) -> {'max_bond': 16, 'max_links': 4, 'total_elems': 15096, 'total_shapes': 1436, 'total_links': 390, 'num_tensors': 98}
2026-08-26 11:45:01,640 [INFO]     [5 | both | 0](candidate_pairs: 49/49 | new_swaps: 2 | total: 2) -> {'max_bond': 16, 'max_links': 4, 'total_elems': 14928, 'total_shapes': 1430, 'total_links': 390, 'num_tensors': 98}
2026-08-26 11:45:01,828 [INFO]     [5 | both | 1](candidate_pairs: 48/48 | new_swaps: 2 | total: 4) -> {'max_bond': 16, 'max_links': 4, 'total_elems': 14088, 'total_shapes': 1410, 'total_links': 390, 'num_tensors': 98}
2026-08-26 11:45:01,877 [INFO]     [5 | left | 0](candidate_pairs: 49/49 | new_swaps: 0 | total: 4) -> {'max_bond': 16, 'max_links': 4, 'total_elems': 14088, 'total_shapes': 1410, 'total_links': 390, 'num_tensors': 98}
2026-08-26 11:45:01,927 [INFO]     [5 | left | 1](candidate_pairs: 48/48 | new_swaps: 0 | total: 4) -> {'max_bond': 16, 'max_links': 4, 'total_elems': 14088, 'total_shapes': 1410, 'total_links': 390, 'num_tensors': 98}
2026-08-26 11:45:01,974 [INFO]     [5 | right | 0](candidate_pairs: 49/49 | new_swaps: 0 | total: 4) -> {'max_bond': 16, 'max_links': 4, 'total_elems': 14088, 'total_shapes': 1410, 'total_links': 390, 'num_tensors': 98}
2026-08-26 11:45:02,023 [INFO]     [5 | right | 1](candidate_pairs: 48/48 | new_swaps: 0 | total: 4) -> {'max_bond': 16, 'max_links': 4, 'total_elems': 14088, 'total_shapes': 1410, 'total_links': 390, 'num_tensors': 98}
2026-08-26 11:45:02,210 [INFO]     [6 | both | 0](candidate_pairs: 49/49 | new_swaps: 2 | total: 2) -> {'max_bond': 16, 'max_links': 4, 'total_elems': 13800, 'total_shapes': 1400, 'total_links': 390, 'num_tensors': 98}
2026-08-26 11:45:02,303 [INFO]     [6 | both | 1](candidate_pairs: 48/48 | new_swaps: 0 | total: 2) -> {'max_bond': 16, 'max_links': 4, 'total_elems': 13800, 'total_shapes': 1400, 'total_links': 390, 'num_tensors': 98}
2026-08-26 11:45:02,351 [INFO]     [6 | left | 0](candidate_pairs: 49/49 | new_swaps: 0 | total: 2) -> {'max_bond': 16, 'max_links': 4, 'total_elems': 13800, 'total_shapes': 1400, 'total_links': 390, 'num_tensors': 98}
2026-08-26 11:45:02,400 [INFO]     [6 | left | 1](candidate_pairs: 48/48 | new_swaps: 0 | total: 2) -> {'max_bond': 16, 'max_links': 4, 'total_elems': 13800, 'total_shapes': 1400, 'total_links': 390, 'num_tensors': 98}
2026-08-26 11:45:02,447 [INFO]     [6 | right | 0](candidate_pairs: 49/49 | new_swaps: 0 | total: 2) -> {'max_bond': 16, 'max_links': 4, 'total_elems': 13800, 'total_shapes': 1400, 'total_links': 390, 'num_tensors': 98}
2026-08-26 11:45:02,495 [INFO]     [6 | right | 1](candidate_pairs: 48/48 | new_swaps: 0 | total: 2) -> {'max_bond': 16, 'max_links': 4, 'total_elems': 13800, 'total_shapes': 1400, 'total_links': 390, 'num_tensors': 98}
2026-08-26 11:45:02,665 [INFO]     [7 | both | 0](candidate_pairs: 49/49 | new_swaps: 1 | total: 1) -> {'max_bond': 16, 'max_links': 4, 'total_elems': 13768, 'total_shapes': 1398, 'total_links': 390, 'num_tensors': 98}
2026-08-26 11:45:02,761 [INFO]     [7 | both | 1](candidate_pairs: 48/48 | new_swaps: 0 | total: 1) -> {'max_bond': 16, 'max_links': 4, 'total_elems': 13768, 'total_shapes': 1398, 'total_links': 390, 'num_tensors': 98}
2026-08-26 11:45:02,809 [INFO]     [7 | left | 0](candidate_pairs: 49/49 | new_swaps: 0 | total: 1) -> {'max_bond': 16, 'max_links': 4, 'total_elems': 13768, 'total_shapes': 1398, 'total_links': 390, 'num_tensors': 98}
2026-08-26 11:45:02,856 [INFO]     [7 | left | 1](candidate_pairs: 48/48 | new_swaps: 0 | total: 1) -> {'max_bond': 16, 'max_links': 4, 'total_elems': 13768, 'total_shapes': 1398, 'total_links': 390, 'num_tensors': 98}
2026-08-26 11:45:02,902 [INFO]     [7 | right | 0](candidate_pairs: 49/49 | new_swaps: 0 | total: 1) -> {'max_bond': 16, 'max_links': 4, 'total_elems': 13768, 'total_shapes': 1398, 'total_links': 390, 'num_tensors': 98}
2026-08-26 11:45:02,948 [INFO]     [7 | right | 1](candidate_pairs: 48/48 | new_swaps: 0 | total: 1) -> {'max_bond': 16, 'max_links': 4, 'total_elems': 13768, 'total_shapes': 1398, 'total_links': 390, 'num_tensors': 98}
2026-08-26 11:45:03,042 [INFO]     [8 | both | 0](candidate_pairs: 49/49 | new_swaps: 0 | total: 0) -> {'max_bond': 16, 'max_links': 4, 'total_elems': 13768, 'total_shapes': 1398, 'total_links': 390, 'num_tensors': 98}
2026-08-26 11:45:03,137 [INFO]     [8 | both | 1](candidate_pairs: 48/48 | new_swaps: 0 | total: 0) -> {'max_bond': 16, 'max_links': 4, 'total_elems': 13768, 'total_shapes': 1398, 'total_links': 390, 'num_tensors': 98}
2026-08-26 11:45:03,183 [INFO]     [8 | left | 0](candidate_pairs: 49/49 | new_swaps: 0 | total: 0) -> {'max_bond': 16, 'max_links': 4, 'total_elems': 13768, 'total_shapes': 1398, 'total_links': 390, 'num_tensors': 98}
2026-08-26 11:45:03,230 [INFO]     [8 | left | 1](candidate_pairs: 48/48 | new_swaps: 0 | total: 0) -> {'max_bond': 16, 'max_links': 4, 'total_elems': 13768, 'total_shapes': 1398, 'total_links': 390, 'num_tensors': 98}
2026-08-26 11:45:03,275 [INFO]     [8 | right | 0](candidate_pairs: 49/49 | new_swaps: 0 | total: 0) -> {'max_bond': 16, 'max_links': 4, 'total_elems': 13768, 'total_shapes': 1398, 'total_links': 390, 'num_tensors': 98}
2026-08-26 11:45:03,322 [INFO]     [8 | right | 1](candidate_pairs: 48/48 | new_swaps: 0 | total: 0) -> {'max_bond': 16, 'max_links': 4, 'total_elems': 13768, 'total_shapes': 1398, 'total_links': 390, 'num_tensors': 98}
2026-08-26 11:45:03,323 [INFO]     [end unswap] -> {'max_bond': 16, 'max_links': 4, 'total_elems': 13768, 'total_shapes': 1398, 'total_links': 390, 'num_tensors': 98}
2026-08-26 11:45:03,324 [INFO] [start rewire](phase=post_unswap, cycle=26, side=left, layers=2320, trials=20, seed=123, parallel=False, route_candidates=2, route_score=lookahead_total)
2026-08-26 11:45:14,884 [INFO] [end rewire](phase=post_unswap, cycle=26, side=left, routed_layers=2373, elapsed_s=11.56)
2026-08-26 11:45:14,884 [INFO] [start rewire](phase=post_unswap, cycle=26, side=right, layers=2125, trials=20, seed=123, parallel=False, route_candidates=2, route_score=lookahead_total)
2026-08-26 11:45:24,869 [INFO] [end rewire](phase=post_unswap, cycle=26, side=right, routed_layers=2249, elapsed_s=9.98)
2026-08-26 11:45:25,140 [INFO] [1L/2371](swap: 18, u: 0 | c_u: 0 | t_u_l: 62/992 | t_u_r: 56/992 | t_u: 118/1984) -> {'max_bond': 16, 'max_links': 4, 'total_elems': 13768, 'total_shapes': 1398, 'total_links': 390, 'num_tensors': 98}
2026-08-26 11:45:25,254 [INFO] [1R/2247](swap: 17, u: 0 | c_u: 0 | t_u_l: 62/992 | t_u_r: 56/992 | t_u: 118/1984) -> {'max_bond': 32, 'max_links': 4, 'total_elems': 17980, 'total_shapes': 1564, 'total_links': 390, 'num_tensors': 98}
2026-08-26 11:45:25,378 [INFO] [2L/2371](swap: 18, u: 0 | c_u: 0 | t_u_l: 62/992 | t_u_r: 56/992 | t_u: 118/1984) -> {'max_bond': 24, 'max_links': 4, 'total_elems': 21484, 'total_shapes': 1690, 'total_links': 390, 'num_tensors': 98}
2026-08-26 11:45:25,499 [INFO] [3L/2371](swap: 21, u: 0 | c_u: 0 | t_u_l: 62/992 | t_u_r: 56/992 | t_u: 118/1984) -> {'max_bond': 32, 'max_links': 4, 'total_elems': 30380, 'total_shapes': 1926, 'total_links': 390, 'num_tensors': 98}
2026-08-26 11:45:25,632 [INFO] [2R/2247](swap: 15, u: 0 | c_u: 0 | t_u_l: 62/992 | t_u_r: 56/992 | t_u: 118/1984) -> {'max_bond': 32, 'max_links': 4, 'total_elems': 38748, 'total_shapes': 2098, 'total_links': 390, 'num_tensors': 98}
2026-08-26 11:45:25,779 [INFO] [3R/2247](swap: 17, u: 0 | c_u: 0 | t_u_l: 62/992 | t_u_r: 56/992 | t_u: 118/1984) -> {'max_bond': 64, 'max_links': 4, 'total_elems': 60148, 'total_shapes': 2396, 'total_links': 390, 'num_tensors': 98}
2026-08-26 11:45:25,946 [INFO] [4L/2371](swap: 19, u: 0 | c_u: 0 | t_u_l: 62/992 | t_u_r: 56/992 | t_u: 118/1984) -> {'max_bond': 64, 'max_links': 4, 'total_elems': 87868, 'total_shapes': 2804, 'total_links': 390, 'num_tensors': 98}
2026-08-26 11:45:26,131 [INFO] [5L/2371](swap: 20, u: 0 | c_u: 0 | t_u_l: 62/992 | t_u_r: 56/992 | t_u: 118/1984) -> {'max_bond': 64, 'max_links': 4, 'total_elems': 115220, 'total_shapes': 3174, 'total_links': 390, 'num_tensors': 98}
2026-08-26 11:45:26,338 [INFO] [6L/2371](swap: 20, u: 1 | c_u: 1 | t_u_l: 63/992 | t_u_r: 56/992 | t_u: 119/1984) -> {'max_bond': 64, 'max_links': 4, 'total_elems': 147524, 'total_shapes': 3562, 'total_links': 390, 'num_tensors': 98}
2026-08-26 11:45:26,584 [INFO] [7L/2371](swap: 17, u: 1 | c_u: 2 | t_u_l: 64/992 | t_u_r: 56/992 | t_u: 120/1984) -> {'max_bond': 84, 'max_links': 4, 'total_elems': 181752, 'total_shapes': 3934, 'total_links': 390, 'num_tensors': 98}
2026-08-26 11:45:26,853 [INFO] [8L/2371](swap: 12, u: 1 | c_u: 3 | t_u_l: 65/992 | t_u_r: 56/992 | t_u: 121/1984) -> {'max_bond': 88, 'max_links': 4, 'total_elems': 231112, 'total_shapes': 4434, 'total_links': 390, 'num_tensors': 98}
2026-08-26 11:45:27,150 [INFO] [9L/2371](swap: 15, u: 1 | c_u: 4 | t_u_l: 66/992 | t_u_r: 56/992 | t_u: 122/1984) -> {'max_bond': 80, 'max_links': 4, 'total_elems': 278564, 'total_shapes': 4840, 'total_links': 390, 'num_tensors': 98}
2026-08-26 11:45:27,518 [INFO] [10L/2371](swap: 15, u: 0 | c_u: 4 | t_u_l: 66/992 | t_u_r: 56/992 | t_u: 122/1984) -> {'max_bond': 89, 'max_links': 4, 'total_elems': 307752, 'total_shapes': 5080, 'total_links': 390, 'num_tensors': 98}
2026-08-26 11:45:27,958 [INFO] [4R/2247](swap: 20, u: 0 | c_u: 4 | t_u_l: 66/992 | t_u_r: 56/992 | t_u: 122/1984) -> {'max_bond': 98, 'max_links': 4, 'total_elems': 381140, 'total_shapes': 5504, 'total_links': 390, 'num_tensors': 98}
2026-08-26 11:45:28,520 [INFO] [11L/2371](swap: 17, u: 0 | c_u: 4 | t_u_l: 66/992 | t_u_r: 56/992 | t_u: 122/1984) -> {'max_bond': 127, 'max_links': 4, 'total_elems': 473300, 'total_shapes': 6022, 'total_links': 390, 'num_tensors': 98}
2026-08-26 11:45:29,295 [INFO] [5R/2247](swap: 15, u: 0 | c_u: 4 | t_u_l: 66/992 | t_u_r: 56/992 | t_u: 122/1984) -> {'max_bond': 159, 'max_links': 4, 'total_elems': 646732, 'total_shapes': 7042, 'total_links': 390, 'num_tensors': 98}
2026-08-26 11:45:30,600 [INFO] [12L/2371](swap: 15, u: 0 | c_u: 4 | t_u_l: 66/992 | t_u_r: 56/992 | t_u: 122/1984) -> {'max_bond': 158, 'max_links': 4, 'total_elems': 874820, 'total_shapes': 7888, 'total_links': 390, 'num_tensors': 98}
2026-08-26 11:45:32,570 [INFO]     [start unswap] -> {'max_bond': 158, 'max_links': 4, 'total_elems': 874820, 'total_shapes': 7888, 'total_links': 390, 'num_tensors': 98}
2026-08-26 11:45:51,115 [INFO]     [0 | both | 0](candidate_pairs: 49/49 | new_swaps: 16 | total: 16) -> {'max_bond': 174, 'max_links': 4, 'total_elems': 970664, 'total_shapes': 7786, 'total_links': 390, 'num_tensors': 98}
2026-08-26 11:45:55,695 [INFO]     [0 | both | 1](candidate_pairs: 48/48 | new_swaps: 24 | total: 40) -> {'max_bond': 119, 'max_links': 4, 'total_elems': 354312, 'total_shapes': 5176, 'total_links': 390, 'num_tensors': 98}
2026-08-26 11:45:56,390 [INFO]     [0 | left | 0](candidate_pairs: 49/49 | new_swaps: 25 | total: 65) -> {'max_bond': 64, 'max_links': 4, 'total_elems': 186784, 'total_shapes': 4010, 'total_links': 390, 'num_tensors': 98}
2026-08-26 11:45:56,779 [INFO]     [0 | left | 1](candidate_pairs: 48/48 | new_swaps: 25 | total: 90) -> {'max_bond': 64, 'max_links': 4, 'total_elems': 113400, 'total_shapes': 3268, 'total_links': 390, 'num_tensors': 98}
2026-08-26 11:45:56,984 [INFO]     [0 | right | 0](candidate_pairs: 49/49 | new_swaps: 9 | total: 99) -> {'max_bond': 44, 'max_links': 4, 'total_elems': 95052, 'total_shapes': 3024, 'total_links': 390, 'num_tensors': 98}
2026-08-26 11:45:57,202 [INFO]     [0 | right | 1](candidate_pairs: 48/48 | new_swaps: 9 | total: 108) -> {'max_bond': 40, 'max_links': 4, 'total_elems': 78996, 'total_shapes': 2840, 'total_links': 390, 'num_tensors': 98}
2026-08-26 11:45:57,545 [INFO]     [1 | both | 0](candidate_pairs: 49/49 | new_swaps: 21 | total: 21) -> {'max_bond': 32, 'max_links': 4, 'total_elems': 55680, 'total_shapes': 2414, 'total_links': 390, 'num_tensors': 98}
2026-08-26 11:45:57,833 [INFO]     [1 | both | 1](candidate_pairs: 48/48 | new_swaps: 20 | total: 41) -> {'max_bond': 32, 'max_links': 4, 'total_elems': 41016, 'total_shapes': 2132, 'total_links': 390, 'num_tensors': 98}
2026-08-26 11:45:57,967 [INFO]     [1 | left | 0](candidate_pairs: 49/49 | new_swaps: 11 | total: 52) -> {'max_bond': 32, 'max_links': 4, 'total_elems': 34684, 'total_shapes': 1986, 'total_links': 390, 'num_tensors': 98}
2026-08-26 11:45:58,101 [INFO]     [1 | left | 1](candidate_pairs: 48/48 | new_swaps: 8 | total: 60) -> {'max_bond': 32, 'max_links': 4, 'total_elems': 31304, 'total_shapes': 1882, 'total_links': 390, 'num_tensors': 98}
2026-08-26 11:45:58,216 [INFO]     [1 | right | 0](candidate_pairs: 49/49 | new_swaps: 5 | total: 65) -> {'max_bond': 32, 'max_links': 4, 'total_elems': 28828, 'total_shapes': 1832, 'total_links': 390, 'num_tensors': 98}
2026-08-26 11:45:58,334 [INFO]     [1 | right | 1](candidate_pairs: 48/48 | new_swaps: 5 | total: 70) -> {'max_bond': 32, 'max_links': 4, 'total_elems': 27532, 'total_shapes': 1792, 'total_links': 390, 'num_tensors': 98}
2026-08-26 11:45:58,553 [INFO]     [2 | both | 0](candidate_pairs: 49/49 | new_swaps: 12 | total: 12) -> {'max_bond': 32, 'max_links': 4, 'total_elems': 24604, 'total_shapes': 1688, 'total_links': 390, 'num_tensors': 98}
2026-08-26 11:45:58,764 [INFO]     [2 | both | 1](candidate_pairs: 48/48 | new_swaps: 5 | total: 17) -> {'max_bond': 32, 'max_links': 4, 'total_elems': 23340, 'total_shapes': 1646, 'total_links': 390, 'num_tensors': 98}
2026-08-26 11:45:58,877 [INFO]     [2 | left | 0](candidate_pairs: 49/49 | new_swaps: 4 | total: 21) -> {'max_bond': 32, 'max_links': 4, 'total_elems': 22940, 'total_shapes': 1624, 'total_links': 390, 'num_tensors': 98}
2026-08-26 11:45:58,990 [INFO]     [2 | left | 1](candidate_pairs: 48/48 | new_swaps: 2 | total: 23) -> {'max_bond': 32, 'max_links': 4, 'total_elems': 22640, 'total_shapes': 1606, 'total_links': 390, 'num_tensors': 98}
2026-08-26 11:45:59,042 [INFO]     [2 | right | 0](candidate_pairs: 49/49 | new_swaps: 0 | total: 23) -> {'max_bond': 32, 'max_links': 4, 'total_elems': 22640, 'total_shapes': 1606, 'total_links': 390, 'num_tensors': 98}
2026-08-26 11:45:59,099 [INFO]     [2 | right | 1](candidate_pairs: 48/48 | new_swaps: 0 | total: 23) -> {'max_bond': 32, 'max_links': 4, 'total_elems': 22640, 'total_shapes': 1606, 'total_links': 390, 'num_tensors': 98}
2026-08-26 11:45:59,305 [INFO]     [3 | both | 0](candidate_pairs: 49/49 | new_swaps: 4 | total: 4) -> {'max_bond': 32, 'max_links': 4, 'total_elems': 21764, 'total_shapes': 1580, 'total_links': 390, 'num_tensors': 98}
2026-08-26 11:45:59,508 [INFO]     [3 | both | 1](candidate_pairs: 48/48 | new_swaps: 2 | total: 6) -> {'max_bond': 32, 'max_links': 4, 'total_elems': 20956, 'total_shapes': 1560, 'total_links': 390, 'num_tensors': 98}
2026-08-26 11:45:59,560 [INFO]     [3 | left | 0](candidate_pairs: 49/49 | new_swaps: 0 | total: 6) -> {'max_bond': 32, 'max_links': 4, 'total_elems': 20956, 'total_shapes': 1560, 'total_links': 390, 'num_tensors': 98}
2026-08-26 11:45:59,616 [INFO]     [3 | left | 1](candidate_pairs: 48/48 | new_swaps: 0 | total: 6) -> {'max_bond': 32, 'max_links': 4, 'total_elems': 20956, 'total_shapes': 1560, 'total_links': 390, 'num_tensors': 98}
2026-08-26 11:45:59,719 [INFO]     [3 | right | 0](candidate_pairs: 49/49 | new_swaps: 1 | total: 7) -> {'max_bond': 32, 'max_links': 4, 'total_elems': 20444, 'total_shapes': 1544, 'total_links': 390, 'num_tensors': 98}
2026-08-26 11:45:59,774 [INFO]     [3 | right | 1](candidate_pairs: 48/48 | new_swaps: 0 | total: 7) -> {'max_bond': 32, 'max_links': 4, 'total_elems': 20444, 'total_shapes': 1544, 'total_links': 390, 'num_tensors': 98}
2026-08-26 11:45:59,971 [INFO]     [4 | both | 0](candidate_pairs: 49/49 | new_swaps: 3 | total: 3) -> {'max_bond': 32, 'max_links': 4, 'total_elems': 20356, 'total_shapes': 1534, 'total_links': 390, 'num_tensors': 98}
2026-08-26 11:46:00,161 [INFO]     [4 | both | 1](candidate_pairs: 48/48 | new_swaps: 1 | total: 4) -> {'max_bond': 32, 'max_links': 4, 'total_elems': 20336, 'total_shapes': 1532, 'total_links': 390, 'num_tensors': 98}
2026-08-26 11:46:00,252 [INFO]     [4 | left | 0](candidate_pairs: 49/49 | new_swaps: 1 | total: 5) -> {'max_bond': 32, 'max_links': 4, 'total_elems': 20080, 'total_shapes': 1524, 'total_links': 390, 'num_tensors': 98}
2026-08-26 11:46:00,307 [INFO]     [4 | left | 1](candidate_pairs: 48/48 | new_swaps: 0 | total: 5) -> {'max_bond': 32, 'max_links': 4, 'total_elems': 20080, 'total_shapes': 1524, 'total_links': 390, 'num_tensors': 98}
2026-08-26 11:46:00,358 [INFO]     [4 | right | 0](candidate_pairs: 49/49 | new_swaps: 0 | total: 5) -> {'max_bond': 32, 'max_links': 4, 'total_elems': 20080, 'total_shapes': 1524, 'total_links': 390, 'num_tensors': 98}
2026-08-26 11:46:00,410 [INFO]     [4 | right | 1](candidate_pairs: 48/48 | new_swaps: 0 | total: 5) -> {'max_bond': 32, 'max_links': 4, 'total_elems': 20080, 'total_shapes': 1524, 'total_links': 390, 'num_tensors': 98}
2026-08-26 11:46:00,518 [INFO]     [5 | both | 0](candidate_pairs: 49/49 | new_swaps: 0 | total: 0) -> {'max_bond': 32, 'max_links': 4, 'total_elems': 20080, 'total_shapes': 1524, 'total_links': 390, 'num_tensors': 98}
2026-08-26 11:46:00,629 [INFO]     [5 | both | 1](candidate_pairs: 48/48 | new_swaps: 0 | total: 0) -> {'max_bond': 32, 'max_links': 4, 'total_elems': 20080, 'total_shapes': 1524, 'total_links': 390, 'num_tensors': 98}
2026-08-26 11:46:00,681 [INFO]     [5 | left | 0](candidate_pairs: 49/49 | new_swaps: 0 | total: 0) -> {'max_bond': 32, 'max_links': 4, 'total_elems': 20080, 'total_shapes': 1524, 'total_links': 390, 'num_tensors': 98}
2026-08-26 11:46:00,734 [INFO]     [5 | left | 1](candidate_pairs: 48/48 | new_swaps: 0 | total: 0) -> {'max_bond': 32, 'max_links': 4, 'total_elems': 20080, 'total_shapes': 1524, 'total_links': 390, 'num_tensors': 98}
2026-08-26 11:46:00,783 [INFO]     [5 | right | 0](candidate_pairs: 49/49 | new_swaps: 0 | total: 0) -> {'max_bond': 32, 'max_links': 4, 'total_elems': 20080, 'total_shapes': 1524, 'total_links': 390, 'num_tensors': 98}
2026-08-26 11:46:00,834 [INFO]     [5 | right | 1](candidate_pairs: 48/48 | new_swaps: 0 | total: 0) -> {'max_bond': 32, 'max_links': 4, 'total_elems': 20080, 'total_shapes': 1524, 'total_links': 390, 'num_tensors': 98}
2026-08-26 11:46:00,835 [INFO]     [end unswap] -> {'max_bond': 32, 'max_links': 4, 'total_elems': 20080, 'total_shapes': 1524, 'total_links': 390, 'num_tensors': 98}
2026-08-26 11:46:00,911 [INFO] [start rewire](phase=post_unswap, cycle=27, side=left, layers=2361, trials=20, seed=123, parallel=False, route_candidates=2, route_score=lookahead_total)
2026-08-26 11:46:15,254 [INFO] [end rewire](phase=post_unswap, cycle=27, side=left, routed_layers=2604, elapsed_s=14.34)
2026-08-26 11:46:15,254 [INFO] [start rewire](phase=post_unswap, cycle=27, side=right, layers=2244, trials=20, seed=123, parallel=False, route_candidates=2, route_score=lookahead_total)
2026-08-26 11:46:27,488 [INFO] [end rewire](phase=post_unswap, cycle=27, side=right, routed_layers=2280, elapsed_s=12.23)
2026-08-26 11:46:27,686 [INFO] [1L/2602](swap: 22, u: 0 | c_u: 0 | t_u_l: 66/992 | t_u_r: 56/992 | t_u: 122/1984) -> {'max_bond': 32, 'max_links': 4, 'total_elems': 20080, 'total_shapes': 1524, 'total_links': 390, 'num_tensors': 98}
2026-08-26 11:46:27,813 [INFO] [1R/2278](swap: 16, u: 1 | c_u: 1 | t_u_l: 66/992 | t_u_r: 57/992 | t_u: 123/1984) -> {'max_bond': 32, 'max_links': 4, 'total_elems': 26952, 'total_shapes': 1714, 'total_links': 390, 'num_tensors': 98}
2026-08-26 11:46:27,941 [INFO] [2L/2602](swap: 24, u: 0 | c_u: 1 | t_u_l: 66/992 | t_u_r: 57/992 | t_u: 123/1984) -> {'max_bond': 32, 'max_links': 4, 'total_elems': 36780, 'total_shapes': 1952, 'total_links': 390, 'num_tensors': 98}
2026-08-26 11:46:28,090 [INFO] [3L/2602](swap: 23, u: 1 | c_u: 2 | t_u_l: 67/992 | t_u_r: 57/992 | t_u: 124/1984) -> {'max_bond': 62, 'max_links': 4, 'total_elems': 55288, 'total_shapes': 2362, 'total_links': 390, 'num_tensors': 98}
2026-08-26 11:46:28,239 [INFO] [2R/2278](swap: 14, u: 0 | c_u: 2 | t_u_l: 67/992 | t_u_r: 57/992 | t_u: 124/1984) -> {'max_bond': 62, 'max_links': 4, 'total_elems': 78388, 'total_shapes': 2518, 'total_links': 390, 'num_tensors': 98}
2026-08-26 11:46:28,409 [INFO] [4L/2602](swap: 19, u: 0 | c_u: 2 | t_u_l: 67/992 | t_u_r: 57/992 | t_u: 124/1984) -> {'max_bond': 62, 'max_links': 4, 'total_elems': 100468, 'total_shapes': 2926, 'total_links': 390, 'num_tensors': 98}
2026-08-26 11:46:28,596 [INFO] [5L/2602](swap: 19, u: 0 | c_u: 2 | t_u_l: 67/992 | t_u_r: 57/992 | t_u: 124/1984) -> {'max_bond': 62, 'max_links': 4, 'total_elems': 137028, 'total_shapes': 3442, 'total_links': 390, 'num_tensors': 98}
2026-08-26 11:46:28,843 [INFO] [3R/2278](swap: 11, u: 0 | c_u: 2 | t_u_l: 67/992 | t_u_r: 57/992 | t_u: 124/1984) -> {'max_bond': 126, 'max_links': 4, 'total_elems': 181336, 'total_shapes': 3702, 'total_links': 390, 'num_tensors': 98}
2026-08-26 11:46:29,185 [INFO] [6L/2602](swap: 21, u: 1 | c_u: 3 | t_u_l: 68/992 | t_u_r: 57/992 | t_u: 125/1984) -> {'max_bond': 124, 'max_links': 4, 'total_elems': 253784, 'total_shapes': 4386, 'total_links': 390, 'num_tensors': 98}
2026-08-26 11:46:29,664 [INFO] [4R/2278](swap: 12, u: 1 | c_u: 4 | t_u_l: 68/992 | t_u_r: 58/992 | t_u: 126/1984) -> {'max_bond': 243, 'max_links': 4, 'total_elems': 368580, 'total_shapes': 4626, 'total_links': 390, 'num_tensors': 98}
2026-08-26 11:46:30,301 [INFO] [5R/2278](swap: 14, u: 0 | c_u: 4 | t_u_l: 68/992 | t_u_r: 58/992 | t_u: 126/1984) -> {'max_bond': 238, 'max_links': 4, 'total_elems': 431300, 'total_shapes': 4760, 'total_links': 390, 'num_tensors': 98}
2026-08-26 11:46:30,924 [INFO] [6R/2278](swap: 15, u: 1 | c_u: 5 | t_u_l: 68/992 | t_u_r: 59/992 | t_u: 127/1984) -> {'max_bond': 234, 'max_links': 4, 'total_elems': 471536, 'total_shapes': 4972, 'total_links': 390, 'num_tensors': 98}
2026-08-26 11:46:31,610 [INFO] [7R/2278](swap: 15, u: 0 | c_u: 5 | t_u_l: 68/992 | t_u_r: 59/992 | t_u: 127/1984) -> {'max_bond': 228, 'max_links': 4, 'total_elems': 447052, 'total_shapes': 4892, 'total_links': 390, 'num_tensors': 98}
2026-08-26 11:46:32,161 [INFO] [8R/2278](swap: 11, u: 0 | c_u: 5 | t_u_l: 68/992 | t_u_r: 59/992 | t_u: 127/1984) -> {'max_bond': 225, 'max_links': 4, 'total_elems': 426496, 'total_shapes': 4836, 'total_links': 390, 'num_tensors': 98}
2026-08-26 11:46:32,660 [INFO] [9R/2278](swap: 10, u: 1 | c_u: 6 | t_u_l: 68/992 | t_u_r: 60/992 | t_u: 128/1984) -> {'max_bond': 221, 'max_links': 4, 'total_elems': 430456, 'total_shapes': 4984, 'total_links': 390, 'num_tensors': 98}
2026-08-26 11:46:33,180 [INFO] [10R/2278](swap: 12, u: 0 | c_u: 6 | t_u_l: 68/992 | t_u_r: 60/992 | t_u: 128/1984) -> {'max_bond': 218, 'max_links': 4, 'total_elems': 447960, 'total_shapes': 5200, 'total_links': 390, 'num_tensors': 98}
2026-08-26 11:46:33,685 [INFO] [11R/2278](swap: 11, u: 0 | c_u: 6 | t_u_l: 68/992 | t_u_r: 60/992 | t_u: 128/1984) -> {'max_bond': 215, 'max_links': 4, 'total_elems': 475028, 'total_shapes': 5498, 'total_links': 390, 'num_tensors': 98}
2026-08-26 11:46:34,242 [INFO] [12R/2278](swap: 11, u: 0 | c_u: 6 | t_u_l: 68/992 | t_u_r: 60/992 | t_u: 128/1984) -> {'max_bond': 211, 'max_links': 4, 'total_elems': 506216, 'total_shapes': 5760, 'total_links': 390, 'num_tensors': 98}
2026-08-26 11:46:34,828 [INFO] [13R/2278](swap: 11, u: 0 | c_u: 6 | t_u_l: 68/992 | t_u_r: 60/992 | t_u: 128/1984) -> {'max_bond': 206, 'max_links': 4, 'total_elems': 513632, 'total_shapes': 5974, 'total_links': 390, 'num_tensors': 98}
2026-08-26 11:46:35,394 [INFO] [14R/2278](swap: 9, u: 0 | c_u: 6 | t_u_l: 68/992 | t_u_r: 60/992 | t_u: 128/1984) -> {'max_bond': 197, 'max_links': 4, 'total_elems': 538032, 'total_shapes': 6226, 'total_links': 390, 'num_tensors': 98}
2026-08-26 11:46:35,997 [INFO] [15R/2278](swap: 10, u: 0 | c_u: 6 | t_u_l: 68/992 | t_u_r: 60/992 | t_u: 128/1984) -> {'max_bond': 187, 'max_links': 4, 'total_elems': 590372, 'total_shapes': 6626, 'total_links': 390, 'num_tensors': 98}
2026-08-26 11:46:36,703 [INFO] [16R/2278](swap: 9, u: 2 | c_u: 8 | t_u_l: 68/992 | t_u_r: 62/992 | t_u: 130/1984) -> {'max_bond': 178, 'max_links': 4, 'total_elems': 634904, 'total_shapes': 6948, 'total_links': 390, 'num_tensors': 98}
2026-08-26 11:46:37,527 [INFO] [17R/2278](swap: 9, u: 0 | c_u: 8 | t_u_l: 68/992 | t_u_r: 62/992 | t_u: 130/1984) -> {'max_bond': 174, 'max_links': 4, 'total_elems': 750496, 'total_shapes': 7382, 'total_links': 390, 'num_tensors': 98}
2026-08-26 11:46:38,810 [INFO]     [start unswap] -> {'max_bond': 174, 'max_links': 4, 'total_elems': 750496, 'total_shapes': 7382, 'total_links': 390, 'num_tensors': 98}
2026-08-26 11:46:50,006 [INFO]     [0 | both | 0](candidate_pairs: 49/49 | new_swaps: 13 | total: 13) -> {'max_bond': 244, 'max_links': 4, 'total_elems': 885392, 'total_shapes': 7970, 'total_links': 390, 'num_tensors': 98}
2026-08-26 11:46:54,473 [INFO]     [0 | both | 1](candidate_pairs: 48/48 | new_swaps: 27 | total: 40) -> {'max_bond': 112, 'max_links': 4, 'total_elems': 477252, 'total_shapes': 5976, 'total_links': 390, 'num_tensors': 98}
2026-08-26 11:46:55,656 [INFO]     [0 | left | 0](candidate_pairs: 49/49 | new_swaps: 19 | total: 59) -> {'max_bond': 112, 'max_links': 4, 'total_elems': 353628, 'total_shapes': 5232, 'total_links': 390, 'num_tensors': 98}
2026-08-26 11:46:56,475 [INFO]     [0 | left | 1](candidate_pairs: 48/48 | new_swaps: 24 | total: 83) -> {'max_bond': 112, 'max_links': 4, 'total_elems': 215968, 'total_shapes': 4302, 'total_links': 390, 'num_tensors': 98}
2026-08-26 11:46:56,891 [INFO]     [0 | right | 0](candidate_pairs: 49/49 | new_swaps: 17 | total: 100) -> {'max_bond': 56, 'max_links': 4, 'total_elems': 154784, 'total_shapes': 3672, 'total_links': 390, 'num_tensors': 98}
2026-08-26 11:46:57,226 [INFO]     [0 | right | 1](candidate_pairs: 48/48 | new_swaps: 13 | total: 113) -> {'max_bond': 56, 'max_links': 4, 'total_elems': 134468, 'total_shapes': 3442, 'total_links': 390, 'num_tensors': 98}
2026-08-26 11:46:57,857 [INFO]     [1 | both | 0](candidate_pairs: 49/49 | new_swaps: 21 | total: 21) -> {'max_bond': 56, 'max_links': 4, 'total_elems': 103252, 'total_shapes': 3034, 'total_links': 390, 'num_tensors': 98}
2026-08-26 11:46:58,369 [INFO]     [1 | both | 1](candidate_pairs: 48/48 | new_swaps: 19 | total: 40) -> {'max_bond': 40, 'max_links': 4, 'total_elems': 83348, 'total_shapes': 2736, 'total_links': 390, 'num_tensors': 98}
2026-08-26 11:46:58,586 [INFO]     [1 | left | 0](candidate_pairs: 49/49 | new_swaps: 8 | total: 48) -> {'max_bond': 40, 'max_links': 4, 'total_elems': 73100, 'total_shapes': 2610, 'total_links': 390, 'num_tensors': 98}
2026-08-26 11:46:58,786 [INFO]     [1 | left | 1](candidate_pairs: 48/48 | new_swaps: 10 | total: 58) -> {'max_bond': 40, 'max_links': 4, 'total_elems': 69112, 'total_shapes': 2520, 'total_links': 390, 'num_tensors': 98}
2026-08-26 11:46:58,974 [INFO]     [1 | right | 0](candidate_pairs: 49/49 | new_swaps: 8 | total: 66) -> {'max_bond': 40, 'max_links': 4, 'total_elems': 65308, 'total_shapes': 2418, 'total_links': 390, 'num_tensors': 98}
2026-08-26 11:46:59,151 [INFO]     [1 | right | 1](candidate_pairs: 48/48 | new_swaps: 4 | total: 70) -> {'max_bond': 40, 'max_links': 4, 'total_elems': 61668, 'total_shapes': 2368, 'total_links': 390, 'num_tensors': 98}
2026-08-26 11:46:59,507 [INFO]     [2 | both | 0](candidate_pairs: 49/49 | new_swaps: 11 | total: 11) -> {'max_bond': 40, 'max_links': 4, 'total_elems': 54200, 'total_shapes': 2234, 'total_links': 390, 'num_tensors': 98}
2026-08-26 11:46:59,833 [INFO]     [2 | both | 1](candidate_pairs: 48/48 | new_swaps: 8 | total: 19) -> {'max_bond': 40, 'max_links': 4, 'total_elems': 49220, 'total_shapes': 2130, 'total_links': 390, 'num_tensors': 98}
2026-08-26 11:47:00,005 [INFO]     [2 | left | 0](candidate_pairs: 49/49 | new_swaps: 5 | total: 24) -> {'max_bond': 40, 'max_links': 4, 'total_elems': 47032, 'total_shapes': 2088, 'total_links': 390, 'num_tensors': 98}
2026-08-26 11:47:00,170 [INFO]     [2 | left | 1](candidate_pairs: 48/48 | new_swaps: 2 | total: 26) -> {'max_bond': 40, 'max_links': 4, 'total_elems': 46984, 'total_shapes': 2084, 'total_links': 390, 'num_tensors': 98}
2026-08-26 11:47:00,322 [INFO]     [2 | right | 0](candidate_pairs: 49/49 | new_swaps: 2 | total: 28) -> {'max_bond': 40, 'max_links': 4, 'total_elems': 45576, 'total_shapes': 2052, 'total_links': 390, 'num_tensors': 98}
2026-08-26 11:47:00,483 [INFO]     [2 | right | 1](candidate_pairs: 48/48 | new_swaps: 5 | total: 33) -> {'max_bond': 40, 'max_links': 4, 'total_elems': 43464, 'total_shapes': 2016, 'total_links': 390, 'num_tensors': 98}
2026-08-26 11:47:00,808 [INFO]     [3 | both | 0](candidate_pairs: 49/49 | new_swaps: 7 | total: 7) -> {'max_bond': 40, 'max_links': 4, 'total_elems': 35536, 'total_shapes': 1894, 'total_links': 390, 'num_tensors': 98}
2026-08-26 11:47:01,108 [INFO]     [3 | both | 1](candidate_pairs: 48/48 | new_swaps: 9 | total: 16) -> {'max_bond': 29, 'max_links': 4, 'total_elems': 28256, 'total_shapes': 1752, 'total_links': 390, 'num_tensors': 98}
2026-08-26 11:47:01,246 [INFO]     [3 | left | 0](candidate_pairs: 49/49 | new_swaps: 2 | total: 18) -> {'max_bond': 27, 'max_links': 4, 'total_elems': 25032, 'total_shapes': 1704, 'total_links': 390, 'num_tensors': 98}
2026-08-26 11:47:01,371 [INFO]     [3 | left | 1](candidate_pairs: 48/48 | new_swaps: 3 | total: 21) -> {'max_bond': 27, 'max_links': 4, 'total_elems': 23472, 'total_shapes': 1668, 'total_links': 390, 'num_tensors': 98}
2026-08-26 11:47:01,498 [INFO]     [3 | right | 0](candidate_pairs: 49/49 | new_swaps: 2 | total: 23) -> {'max_bond': 27, 'max_links': 4, 'total_elems': 23200, 'total_shapes': 1654, 'total_links': 390, 'num_tensors': 98}
2026-08-26 11:47:01,607 [INFO]     [3 | right | 1](candidate_pairs: 48/48 | new_swaps: 1 | total: 24) -> {'max_bond': 27, 'max_links': 4, 'total_elems': 22584, 'total_shapes': 1642, 'total_links': 390, 'num_tensors': 98}
2026-08-26 11:47:01,853 [INFO]     [4 | both | 0](candidate_pairs: 49/49 | new_swaps: 6 | total: 6) -> {'max_bond': 27, 'max_links': 4, 'total_elems': 21016, 'total_shapes': 1594, 'total_links': 390, 'num_tensors': 98}
2026-08-26 11:47:02,080 [INFO]     [4 | both | 1](candidate_pairs: 48/48 | new_swaps: 4 | total: 10) -> {'max_bond': 27, 'max_links': 4, 'total_elems': 19916, 'total_shapes': 1564, 'total_links': 390, 'num_tensors': 98}
2026-08-26 11:47:02,189 [INFO]     [4 | left | 0](candidate_pairs: 49/49 | new_swaps: 1 | total: 11) -> {'max_bond': 27, 'max_links': 4, 'total_elems': 19772, 'total_shapes': 1560, 'total_links': 390, 'num_tensors': 98}
2026-08-26 11:47:02,290 [INFO]     [4 | left | 1](candidate_pairs: 48/48 | new_swaps: 1 | total: 12) -> {'max_bond': 27, 'max_links': 4, 'total_elems': 19700, 'total_shapes': 1556, 'total_links': 390, 'num_tensors': 98}
2026-08-26 11:47:02,353 [INFO]     [4 | right | 0](candidate_pairs: 49/49 | new_swaps: 0 | total: 12) -> {'max_bond': 27, 'max_links': 4, 'total_elems': 19700, 'total_shapes': 1556, 'total_links': 390, 'num_tensors': 98}
2026-08-26 11:47:02,412 [INFO]     [4 | right | 1](candidate_pairs: 48/48 | new_swaps: 0 | total: 12) -> {'max_bond': 27, 'max_links': 4, 'total_elems': 19700, 'total_shapes': 1556, 'total_links': 390, 'num_tensors': 98}
2026-08-26 11:47:02,632 [INFO]     [5 | both | 0](candidate_pairs: 49/49 | new_swaps: 2 | total: 2) -> {'max_bond': 27, 'max_links': 4, 'total_elems': 19108, 'total_shapes': 1540, 'total_links': 390, 'num_tensors': 98}
2026-08-26 11:47:02,830 [INFO]     [5 | both | 1](candidate_pairs: 48/48 | new_swaps: 1 | total: 3) -> {'max_bond': 27, 'max_links': 4, 'total_elems': 19080, 'total_shapes': 1538, 'total_links': 390, 'num_tensors': 98}
2026-08-26 11:47:02,893 [INFO]     [5 | left | 0](candidate_pairs: 49/49 | new_swaps: 0 | total: 3) -> {'max_bond': 27, 'max_links': 4, 'total_elems': 19080, 'total_shapes': 1538, 'total_links': 390, 'num_tensors': 98}
2026-08-26 11:47:03,011 [INFO]     [5 | left | 1](candidate_pairs: 48/48 | new_swaps: 1 | total: 4) -> {'max_bond': 27, 'max_links': 4, 'total_elems': 18200, 'total_shapes': 1518, 'total_links': 390, 'num_tensors': 98}
2026-08-26 11:47:03,070 [INFO]     [5 | right | 0](candidate_pairs: 49/49 | new_swaps: 0 | total: 4) -> {'max_bond': 27, 'max_links': 4, 'total_elems': 18200, 'total_shapes': 1518, 'total_links': 390, 'num_tensors': 98}
2026-08-26 11:47:03,168 [INFO]     [5 | right | 1](candidate_pairs: 48/48 | new_swaps: 1 | total: 5) -> {'max_bond': 27, 'max_links': 4, 'total_elems': 18180, 'total_shapes': 1516, 'total_links': 390, 'num_tensors': 98}
2026-08-26 11:47:03,360 [INFO]     [6 | both | 0](candidate_pairs: 49/49 | new_swaps: 1 | total: 1) -> {'max_bond': 27, 'max_links': 4, 'total_elems': 18132, 'total_shapes': 1512, 'total_links': 390, 'num_tensors': 98}
2026-08-26 11:47:03,469 [INFO]     [6 | both | 1](candidate_pairs: 48/48 | new_swaps: 0 | total: 1) -> {'max_bond': 27, 'max_links': 4, 'total_elems': 18132, 'total_shapes': 1512, 'total_links': 390, 'num_tensors': 98}
2026-08-26 11:47:03,583 [INFO]     [6 | left | 0](candidate_pairs: 49/49 | new_swaps: 1 | total: 2) -> {'max_bond': 27, 'max_links': 4, 'total_elems': 17388, 'total_shapes': 1500, 'total_links': 390, 'num_tensors': 98}
2026-08-26 11:47:03,699 [INFO]     [6 | left | 1](candidate_pairs: 48/48 | new_swaps: 1 | total: 3) -> {'max_bond': 20, 'max_links': 4, 'total_elems': 16420, 'total_shapes': 1478, 'total_links': 390, 'num_tensors': 98}
2026-08-26 11:47:03,756 [INFO]     [6 | right | 0](candidate_pairs: 49/49 | new_swaps: 0 | total: 3) -> {'max_bond': 20, 'max_links': 4, 'total_elems': 16420, 'total_shapes': 1478, 'total_links': 390, 'num_tensors': 98}
2026-08-26 11:47:03,815 [INFO]     [6 | right | 1](candidate_pairs: 48/48 | new_swaps: 0 | total: 3) -> {'max_bond': 20, 'max_links': 4, 'total_elems': 16420, 'total_shapes': 1478, 'total_links': 390, 'num_tensors': 98}
2026-08-26 11:47:03,932 [INFO]     [7 | both | 0](candidate_pairs: 49/49 | new_swaps: 0 | total: 0) -> {'max_bond': 20, 'max_links': 4, 'total_elems': 16420, 'total_shapes': 1478, 'total_links': 390, 'num_tensors': 98}
2026-08-26 11:47:04,042 [INFO]     [7 | both | 1](candidate_pairs: 48/48 | new_swaps: 0 | total: 0) -> {'max_bond': 20, 'max_links': 4, 'total_elems': 16420, 'total_shapes': 1478, 'total_links': 390, 'num_tensors': 98}
2026-08-26 11:47:04,102 [INFO]     [7 | left | 0](candidate_pairs: 49/49 | new_swaps: 0 | total: 0) -> {'max_bond': 20, 'max_links': 4, 'total_elems': 16420, 'total_shapes': 1478, 'total_links': 390, 'num_tensors': 98}
2026-08-26 11:47:04,156 [INFO]     [7 | left | 1](candidate_pairs: 48/48 | new_swaps: 0 | total: 0) -> {'max_bond': 20, 'max_links': 4, 'total_elems': 16420, 'total_shapes': 1478, 'total_links': 390, 'num_tensors': 98}
2026-08-26 11:47:04,215 [INFO]     [7 | right | 0](candidate_pairs: 49/49 | new_swaps: 0 | total: 0) -> {'max_bond': 20, 'max_links': 4, 'total_elems': 16420, 'total_shapes': 1478, 'total_links': 390, 'num_tensors': 98}
2026-08-26 11:47:04,269 [INFO]     [7 | right | 1](candidate_pairs: 48/48 | new_swaps: 0 | total: 0) -> {'max_bond': 20, 'max_links': 4, 'total_elems': 16420, 'total_shapes': 1478, 'total_links': 390, 'num_tensors': 98}
2026-08-26 11:47:04,270 [INFO]     [end unswap] -> {'max_bond': 20, 'max_links': 4, 'total_elems': 16420, 'total_shapes': 1478, 'total_links': 390, 'num_tensors': 98}
2026-08-26 11:47:04,352 [INFO] [start rewire](phase=post_unswap, cycle=28, side=left, layers=2598, trials=20, seed=123, parallel=False, route_candidates=2, route_score=lookahead_total)
2026-08-26 11:47:15,115 [INFO] [end rewire](phase=post_unswap, cycle=28, side=left, routed_layers=2288, elapsed_s=10.76)
2026-08-26 11:47:15,115 [INFO] [start rewire](phase=post_unswap, cycle=28, side=right, layers=2263, trials=20, seed=123, parallel=False, route_candidates=2, route_score=lookahead_total)
2026-08-26 11:47:24,426 [INFO] [end rewire](phase=post_unswap, cycle=28, side=right, routed_layers=2002, elapsed_s=9.31)
2026-08-26 11:47:24,634 [INFO] [1L/2286](swap: 17, u: 0 | c_u: 0 | t_u_l: 68/992 | t_u_r: 62/992 | t_u: 130/1984) -> {'max_bond': 20, 'max_links': 4, 'total_elems': 16420, 'total_shapes': 1478, 'total_links': 390, 'num_tensors': 98}
2026-08-26 11:47:24,759 [INFO] [2L/2286](swap: 17, u: 0 | c_u: 0 | t_u_l: 68/992 | t_u_r: 62/992 | t_u: 130/1984) -> {'max_bond': 27, 'max_links': 4, 'total_elems': 20208, 'total_shapes': 1610, 'total_links': 390, 'num_tensors': 98}
2026-08-26 11:47:24,885 [INFO] [1R/2000](swap: 19, u: 0 | c_u: 0 | t_u_l: 68/992 | t_u_r: 62/992 | t_u: 130/1984) -> {'max_bond': 32, 'max_links': 4, 'total_elems': 24812, 'total_shapes': 1754, 'total_links': 390, 'num_tensors': 98}
2026-08-26 11:47:25,022 [INFO] [3L/2286](swap: 18, u: 0 | c_u: 0 | t_u_l: 68/992 | t_u_r: 62/992 | t_u: 130/1984) -> {'max_bond': 32, 'max_links': 4, 'total_elems': 37776, 'total_shapes': 2022, 'total_links': 390, 'num_tensors': 98}
2026-08-26 11:47:25,185 [INFO] [2R/2000](swap: 21, u: 0 | c_u: 0 | t_u_l: 68/992 | t_u_r: 62/992 | t_u: 130/1984) -> {'max_bond': 64, 'max_links': 4, 'total_elems': 54972, 'total_shapes': 2300, 'total_links': 390, 'num_tensors': 98}
2026-08-26 11:47:25,361 [INFO] [3R/2000](swap: 21, u: 0 | c_u: 0 | t_u_l: 68/992 | t_u_r: 62/992 | t_u: 130/1984) -> {'max_bond': 64, 'max_links': 4, 'total_elems': 71056, 'total_shapes': 2580, 'total_links': 390, 'num_tensors': 98}
2026-08-26 11:47:25,560 [INFO] [4R/2000](swap: 18, u: 0 | c_u: 0 | t_u_l: 68/992 | t_u_r: 62/992 | t_u: 130/1984) -> {'max_bond': 64, 'max_links': 4, 'total_elems': 96888, 'total_shapes': 2910, 'total_links': 390, 'num_tensors': 98}
2026-08-26 11:47:25,797 [INFO] [5R/2000](swap: 14, u: 0 | c_u: 0 | t_u_l: 68/992 | t_u_r: 62/992 | t_u: 130/1984) -> {'max_bond': 64, 'max_links': 4, 'total_elems': 104260, 'total_shapes': 3046, 'total_links': 390, 'num_tensors': 98}
2026-08-26 11:47:26,022 [INFO] [6R/2000](swap: 12, u: 0 | c_u: 0 | t_u_l: 68/992 | t_u_r: 62/992 | t_u: 130/1984) -> {'max_bond': 64, 'max_links': 4, 'total_elems': 103888, 'total_shapes': 3092, 'total_links': 390, 'num_tensors': 98}
2026-08-26 11:47:26,267 [INFO] [7R/2000](swap: 12, u: 0 | c_u: 0 | t_u_l: 68/992 | t_u_r: 62/992 | t_u: 130/1984) -> {'max_bond': 64, 'max_links': 4, 'total_elems': 141968, 'total_shapes': 3540, 'total_links': 390, 'num_tensors': 98}
2026-08-26 11:47:26,556 [INFO] [8R/2000](swap: 12, u: 1 | c_u: 1 | t_u_l: 68/992 | t_u_r: 63/992 | t_u: 131/1984) -> {'max_bond': 67, 'max_links': 4, 'total_elems': 198192, 'total_shapes': 3926, 'total_links': 390, 'num_tensors': 98}
2026-08-26 11:47:26,950 [INFO] [9R/2000](swap: 11, u: 1 | c_u: 2 | t_u_l: 68/992 | t_u_r: 64/992 | t_u: 132/1984) -> {'max_bond': 64, 'max_links': 4, 'total_elems': 232164, 'total_shapes': 4220, 'total_links': 390, 'num_tensors': 98}
2026-08-26 11:47:27,356 [INFO] [10R/2000](swap: 10, u: 1 | c_u: 3 | t_u_l: 68/992 | t_u_r: 65/992 | t_u: 133/1984) -> {'max_bond': 127, 'max_links': 4, 'total_elems': 269460, 'total_shapes': 4572, 'total_links': 390, 'num_tensors': 98}
2026-08-26 11:47:27,851 [INFO] [11R/2000](swap: 10, u: 0 | c_u: 3 | t_u_l: 68/992 | t_u_r: 65/992 | t_u: 133/1984) -> {'max_bond': 126, 'max_links': 4, 'total_elems': 369676, 'total_shapes': 5204, 'total_links': 390, 'num_tensors': 98}
2026-08-26 11:47:28,420 [INFO] [12R/2000](swap: 11, u: 0 | c_u: 3 | t_u_l: 68/992 | t_u_r: 65/992 | t_u: 133/1984) -> {'max_bond': 127, 'max_links': 4, 'total_elems': 456568, 'total_shapes': 5718, 'total_links': 390, 'num_tensors': 98}
2026-08-26 11:47:29,142 [INFO] [4L/2286](swap: 18, u: 1 | c_u: 4 | t_u_l: 69/992 | t_u_r: 65/992 | t_u: 134/1984) -> {'max_bond': 199, 'max_links': 4, 'total_elems': 605064, 'total_shapes': 6520, 'total_links': 390, 'num_tensors': 98}
2026-08-26 11:47:30,088 [INFO] [13R/2000](swap: 13, u: 0 | c_u: 4 | t_u_l: 69/992 | t_u_r: 65/992 | t_u: 134/1984) -> {'max_bond': 193, 'max_links': 4, 'total_elems': 771284, 'total_shapes': 7208, 'total_links': 390, 'num_tensors': 98}
2026-08-26 11:47:31,388 [INFO] [5L/2286](swap: 19, u: 0 | c_u: 4 | t_u_l: 69/992 | t_u_r: 65/992 | t_u: 134/1984) -> {'max_bond': 236, 'max_links': 4, 'total_elems': 995708, 'total_shapes': 7882, 'total_links': 390, 'num_tensors': 98}
2026-08-26 11:47:33,378 [INFO] [6L/2286](swap: 16, u: 0 | c_u: 4 | t_u_l: 69/992 | t_u_r: 65/992 | t_u: 134/1984) -> {'max_bond': 223, 'max_links': 4, 'total_elems': 880064, 'total_shapes': 7948, 'total_links': 390, 'num_tensors': 98}
2026-08-26 11:47:34,645 [INFO] [7L/2286](swap: 14, u: 1 | c_u: 5 | t_u_l: 70/992 | t_u_r: 65/992 | t_u: 135/1984) -> {'max_bond': 201, 'max_links': 4, 'total_elems': 863380, 'total_shapes': 7972, 'total_links': 390, 'num_tensors': 98}
2026-08-26 11:47:36,066 [INFO] [8L/2286](swap: 12, u: 0 | c_u: 5 | t_u_l: 70/992 | t_u_r: 65/992 | t_u: 135/1984) -> {'max_bond': 170, 'max_links': 4, 'total_elems': 951812, 'total_shapes': 8462, 'total_links': 390, 'num_tensors': 98}
2026-08-26 11:47:37,484 [INFO] [14R/2000](swap: 13, u: 0 | c_u: 5 | t_u_l: 70/992 | t_u_r: 65/992 | t_u: 135/1984) -> {'max_bond': 161, 'max_links': 4, 'total_elems': 998444, 'total_shapes': 8632, 'total_links': 390, 'num_tensors': 98}
2026-08-26 11:47:39,198 [INFO]     [start unswap] -> {'max_bond': 161, 'max_links': 4, 'total_elems': 998444, 'total_shapes': 8632, 'total_links': 390, 'num_tensors': 98}
2026-08-26 11:47:51,570 [INFO]     [0 | both | 0](candidate_pairs: 49/49 | new_swaps: 18 | total: 18) -> {'max_bond': 251, 'max_links': 4, 'total_elems': 1015428, 'total_shapes': 8576, 'total_links': 390, 'num_tensors': 98}
2026-08-26 11:47:55,985 [INFO]     [0 | both | 1](candidate_pairs: 48/48 | new_swaps: 31 | total: 49) -> {'max_bond': 107, 'max_links': 4, 'total_elems': 379320, 'total_shapes': 5558, 'total_links': 390, 'num_tensors': 98}
2026-08-26 11:47:56,725 [INFO]     [0 | left | 0](candidate_pairs: 49/49 | new_swaps: 25 | total: 74) -> {'max_bond': 61, 'max_links': 4, 'total_elems': 247148, 'total_shapes': 4476, 'total_links': 390, 'num_tensors': 98}
2026-08-26 11:47:57,303 [INFO]     [0 | left | 1](candidate_pairs: 48/48 | new_swaps: 20 | total: 94) -> {'max_bond': 60, 'max_links': 4, 'total_elems': 183892, 'total_shapes': 3964, 'total_links': 390, 'num_tensors': 98}
2026-08-26 11:47:57,616 [INFO]     [0 | right | 0](candidate_pairs: 49/49 | new_swaps: 16 | total: 110) -> {'max_bond': 60, 'max_links': 4, 'total_elems': 146604, 'total_shapes': 3448, 'total_links': 390, 'num_tensors': 98}
2026-08-26 11:47:57,970 [INFO]     [0 | right | 1](candidate_pairs: 48/48 | new_swaps: 17 | total: 127) -> {'max_bond': 60, 'max_links': 4, 'total_elems': 125604, 'total_shapes': 3198, 'total_links': 390, 'num_tensors': 98}
2026-08-26 11:47:58,521 [INFO]     [1 | both | 0](candidate_pairs: 49/49 | new_swaps: 24 | total: 24) -> {'max_bond': 60, 'max_links': 4, 'total_elems': 79124, 'total_shapes': 2664, 'total_links': 390, 'num_tensors': 98}
2026-08-26 11:47:58,886 [INFO]     [1 | both | 1](candidate_pairs: 48/48 | new_swaps: 18 | total: 42) -> {'max_bond': 32, 'max_links': 4, 'total_elems': 62116, 'total_shapes': 2382, 'total_links': 390, 'num_tensors': 98}
2026-08-26 11:47:59,047 [INFO]     [1 | left | 0](candidate_pairs: 49/49 | new_swaps: 5 | total: 47) -> {'max_bond': 32, 'max_links': 4, 'total_elems': 59108, 'total_shapes': 2314, 'total_links': 390, 'num_tensors': 98}
2026-08-26 11:47:59,211 [INFO]     [1 | left | 1](candidate_pairs: 48/48 | new_swaps: 10 | total: 57) -> {'max_bond': 32, 'max_links': 4, 'total_elems': 55568, 'total_shapes': 2218, 'total_links': 390, 'num_tensors': 98}
2026-08-26 11:47:59,368 [INFO]     [1 | right | 0](candidate_pairs: 49/49 | new_swaps: 6 | total: 63) -> {'max_bond': 32, 'max_links': 4, 'total_elems': 51300, 'total_shapes': 2152, 'total_links': 390, 'num_tensors': 98}
2026-08-26 11:47:59,527 [INFO]     [1 | right | 1](candidate_pairs: 48/48 | new_swaps: 4 | total: 67) -> {'max_bond': 32, 'max_links': 4, 'total_elems': 47556, 'total_shapes': 2094, 'total_links': 390, 'num_tensors': 98}
2026-08-26 11:47:59,819 [INFO]     [2 | both | 0](candidate_pairs: 49/49 | new_swaps: 11 | total: 11) -> {'max_bond': 32, 'max_links': 4, 'total_elems': 41836, 'total_shapes': 1978, 'total_links': 390, 'num_tensors': 98}
2026-08-26 11:48:00,101 [INFO]     [2 | both | 1](candidate_pairs: 48/48 | new_swaps: 10 | total: 21) -> {'max_bond': 32, 'max_links': 4, 'total_elems': 35844, 'total_shapes': 1856, 'total_links': 390, 'num_tensors': 98}
2026-08-26 11:48:00,215 [INFO]     [2 | left | 0](candidate_pairs: 49/49 | new_swaps: 1 | total: 22) -> {'max_bond': 32, 'max_links': 4, 'total_elems': 33960, 'total_shapes': 1828, 'total_links': 390, 'num_tensors': 98}
2026-08-26 11:48:00,344 [INFO]     [2 | left | 1](candidate_pairs: 48/48 | new_swaps: 2 | total: 24) -> {'max_bond': 32, 'max_links': 4, 'total_elems': 32712, 'total_shapes': 1804, 'total_links': 390, 'num_tensors': 98}
2026-08-26 11:48:00,468 [INFO]     [2 | right | 0](candidate_pairs: 49/49 | new_swaps: 4 | total: 28) -> {'max_bond': 32, 'max_links': 4, 'total_elems': 31252, 'total_shapes': 1766, 'total_links': 390, 'num_tensors': 98}
2026-08-26 11:48:00,592 [INFO]     [2 | right | 1](candidate_pairs: 48/48 | new_swaps: 5 | total: 33) -> {'max_bond': 32, 'max_links': 4, 'total_elems': 29216, 'total_shapes': 1722, 'total_links': 390, 'num_tensors': 98}
2026-08-26 11:48:00,827 [INFO]     [3 | both | 0](candidate_pairs: 49/49 | new_swaps: 12 | total: 12) -> {'max_bond': 32, 'max_links': 4, 'total_elems': 24132, 'total_shapes': 1586, 'total_links': 390, 'num_tensors': 98}
2026-08-26 11:48:01,041 [INFO]     [3 | both | 1](candidate_pairs: 48/48 | new_swaps: 7 | total: 19) -> {'max_bond': 26, 'max_links': 4, 'total_elems': 20576, 'total_shapes': 1488, 'total_links': 390, 'num_tensors': 98}
2026-08-26 11:48:01,156 [INFO]     [3 | left | 0](candidate_pairs: 49/49 | new_swaps: 3 | total: 22) -> {'max_bond': 26, 'max_links': 4, 'total_elems': 20144, 'total_shapes': 1468, 'total_links': 390, 'num_tensors': 98}
2026-08-26 11:48:01,270 [INFO]     [3 | left | 1](candidate_pairs: 48/48 | new_swaps: 3 | total: 25) -> {'max_bond': 26, 'max_links': 4, 'total_elems': 19844, 'total_shapes': 1454, 'total_links': 390, 'num_tensors': 98}
2026-08-26 11:48:01,362 [INFO]     [3 | right | 0](candidate_pairs: 49/49 | new_swaps: 2 | total: 27) -> {'max_bond': 26, 'max_links': 4, 'total_elems': 18996, 'total_shapes': 1434, 'total_links': 390, 'num_tensors': 98}
2026-08-26 11:48:01,472 [INFO]     [3 | right | 1](candidate_pairs: 48/48 | new_swaps: 3 | total: 30) -> {'max_bond': 26, 'max_links': 4, 'total_elems': 18172, 'total_shapes': 1406, 'total_links': 390, 'num_tensors': 98}
2026-08-26 11:48:01,671 [INFO]     [4 | both | 0](candidate_pairs: 49/49 | new_swaps: 2 | total: 2) -> {'max_bond': 26, 'max_links': 4, 'total_elems': 18076, 'total_shapes': 1398, 'total_links': 390, 'num_tensors': 98}
2026-08-26 11:48:01,775 [INFO]     [4 | both | 1](candidate_pairs: 48/48 | new_swaps: 0 | total: 2) -> {'max_bond': 26, 'max_links': 4, 'total_elems': 18076, 'total_shapes': 1398, 'total_links': 390, 'num_tensors': 98}
2026-08-26 11:48:01,829 [INFO]     [4 | left | 0](candidate_pairs: 49/49 | new_swaps: 0 | total: 2) -> {'max_bond': 26, 'max_links': 4, 'total_elems': 18076, 'total_shapes': 1398, 'total_links': 390, 'num_tensors': 98}
2026-08-26 11:48:01,951 [INFO]     [4 | left | 1](candidate_pairs: 48/48 | new_swaps: 2 | total: 4) -> {'max_bond': 26, 'max_links': 4, 'total_elems': 17944, 'total_shapes': 1392, 'total_links': 390, 'num_tensors': 98}
2026-08-26 11:48:02,042 [INFO]     [4 | right | 0](candidate_pairs: 49/49 | new_swaps: 1 | total: 5) -> {'max_bond': 26, 'max_links': 4, 'total_elems': 17896, 'total_shapes': 1388, 'total_links': 390, 'num_tensors': 98}
2026-08-26 11:48:02,132 [INFO]     [4 | right | 1](candidate_pairs: 48/48 | new_swaps: 1 | total: 6) -> {'max_bond': 26, 'max_links': 4, 'total_elems': 17848, 'total_shapes': 1384, 'total_links': 390, 'num_tensors': 98}
2026-08-26 11:48:02,315 [INFO]     [5 | both | 0](candidate_pairs: 49/49 | new_swaps: 1 | total: 1) -> {'max_bond': 26, 'max_links': 4, 'total_elems': 17800, 'total_shapes': 1378, 'total_links': 390, 'num_tensors': 98}
2026-08-26 11:48:02,419 [INFO]     [5 | both | 1](candidate_pairs: 48/48 | new_swaps: 0 | total: 1) -> {'max_bond': 26, 'max_links': 4, 'total_elems': 17800, 'total_shapes': 1378, 'total_links': 390, 'num_tensors': 98}
2026-08-26 11:48:02,512 [INFO]     [5 | left | 0](candidate_pairs: 49/49 | new_swaps: 1 | total: 2) -> {'max_bond': 26, 'max_links': 4, 'total_elems': 17752, 'total_shapes': 1372, 'total_links': 390, 'num_tensors': 98}
2026-08-26 11:48:02,573 [INFO]     [5 | left | 1](candidate_pairs: 48/48 | new_swaps: 0 | total: 2) -> {'max_bond': 26, 'max_links': 4, 'total_elems': 17752, 'total_shapes': 1372, 'total_links': 390, 'num_tensors': 98}
2026-08-26 11:48:02,631 [INFO]     [5 | right | 0](candidate_pairs: 49/49 | new_swaps: 0 | total: 2) -> {'max_bond': 26, 'max_links': 4, 'total_elems': 17752, 'total_shapes': 1372, 'total_links': 390, 'num_tensors': 98}
2026-08-26 11:48:02,686 [INFO]     [5 | right | 1](candidate_pairs: 48/48 | new_swaps: 0 | total: 2) -> {'max_bond': 26, 'max_links': 4, 'total_elems': 17752, 'total_shapes': 1372, 'total_links': 390, 'num_tensors': 98}
2026-08-26 11:48:02,788 [INFO]     [6 | both | 0](candidate_pairs: 49/49 | new_swaps: 0 | total: 0) -> {'max_bond': 26, 'max_links': 4, 'total_elems': 17752, 'total_shapes': 1372, 'total_links': 390, 'num_tensors': 98}
2026-08-26 11:48:02,892 [INFO]     [6 | both | 1](candidate_pairs: 48/48 | new_swaps: 0 | total: 0) -> {'max_bond': 26, 'max_links': 4, 'total_elems': 17752, 'total_shapes': 1372, 'total_links': 390, 'num_tensors': 98}
2026-08-26 11:48:02,945 [INFO]     [6 | left | 0](candidate_pairs: 49/49 | new_swaps: 0 | total: 0) -> {'max_bond': 26, 'max_links': 4, 'total_elems': 17752, 'total_shapes': 1372, 'total_links': 390, 'num_tensors': 98}
2026-08-26 11:48:02,998 [INFO]     [6 | left | 1](candidate_pairs: 48/48 | new_swaps: 0 | total: 0) -> {'max_bond': 26, 'max_links': 4, 'total_elems': 17752, 'total_shapes': 1372, 'total_links': 390, 'num_tensors': 98}
2026-08-26 11:48:03,049 [INFO]     [6 | right | 0](candidate_pairs: 49/49 | new_swaps: 0 | total: 0) -> {'max_bond': 26, 'max_links': 4, 'total_elems': 17752, 'total_shapes': 1372, 'total_links': 390, 'num_tensors': 98}
2026-08-26 11:48:03,100 [INFO]     [6 | right | 1](candidate_pairs: 48/48 | new_swaps: 0 | total: 0) -> {'max_bond': 26, 'max_links': 4, 'total_elems': 17752, 'total_shapes': 1372, 'total_links': 390, 'num_tensors': 98}
2026-08-26 11:48:03,101 [INFO]     [end unswap] -> {'max_bond': 26, 'max_links': 4, 'total_elems': 17752, 'total_shapes': 1372, 'total_links': 390, 'num_tensors': 98}
2026-08-26 11:48:03,107 [INFO] [start rewire](phase=post_unswap, cycle=29, side=left, layers=2280, trials=20, seed=123, parallel=False, route_candidates=2, route_score=lookahead_total)
2026-08-26 11:48:15,101 [INFO] [end rewire](phase=post_unswap, cycle=29, side=left, routed_layers=2370, elapsed_s=11.99)
2026-08-26 11:48:15,101 [INFO] [start rewire](phase=post_unswap, cycle=29, side=right, layers=1988, trials=20, seed=123, parallel=False, route_candidates=2, route_score=lookahead_total)
2026-08-26 11:48:25,526 [INFO] [end rewire](phase=post_unswap, cycle=29, side=right, routed_layers=2031, elapsed_s=10.42)
2026-08-26 11:48:25,830 [INFO] [1L/2368](swap: 18, u: 0 | c_u: 0 | t_u_l: 70/992 | t_u_r: 65/992 | t_u: 135/1984) -> {'max_bond': 26, 'max_links': 4, 'total_elems': 17752, 'total_shapes': 1372, 'total_links': 390, 'num_tensors': 98}
2026-08-26 11:48:25,955 [INFO] [2L/2368](swap: 20, u: 0 | c_u: 0 | t_u_l: 70/992 | t_u_r: 65/992 | t_u: 135/1984) -> {'max_bond': 26, 'max_links': 4, 'total_elems': 20032, 'total_shapes': 1502, 'total_links': 390, 'num_tensors': 98}
2026-08-26 11:48:26,082 [INFO] [3L/2368](swap: 21, u: 0 | c_u: 0 | t_u_l: 70/992 | t_u_r: 65/992 | t_u: 135/1984) -> {'max_bond': 28, 'max_links': 4, 'total_elems': 24736, 'total_shapes': 1658, 'total_links': 390, 'num_tensors': 98}
2026-08-26 11:48:26,222 [INFO] [1R/2029](swap: 24, u: 0 | c_u: 0 | t_u_l: 70/992 | t_u_r: 65/992 | t_u: 135/1984) -> {'max_bond': 36, 'max_links': 4, 'total_elems': 30512, 'total_shapes': 1754, 'total_links': 390, 'num_tensors': 98}
2026-08-26 11:48:26,380 [INFO] [2R/2029](swap: 22, u: 1 | c_u: 1 | t_u_l: 70/992 | t_u_r: 66/992 | t_u: 136/1984) -> {'max_bond': 36, 'max_links': 4, 'total_elems': 41256, 'total_shapes': 1964, 'total_links': 390, 'num_tensors': 98}
2026-08-26 11:48:26,538 [INFO] [3R/2029](swap: 20, u: 0 | c_u: 1 | t_u_l: 70/992 | t_u_r: 66/992 | t_u: 136/1984) -> {'max_bond': 59, 'max_links': 4, 'total_elems': 56864, 'total_shapes': 2266, 'total_links': 390, 'num_tensors': 98}
2026-08-26 11:48:26,724 [INFO] [4L/2368](swap: 18, u: 1 | c_u: 2 | t_u_l: 71/992 | t_u_r: 66/992 | t_u: 137/1984) -> {'max_bond': 58, 'max_links': 4, 'total_elems': 86928, 'total_shapes': 2644, 'total_links': 390, 'num_tensors': 98}
2026-08-26 11:48:26,952 [INFO] [4R/2029](swap: 19, u: 0 | c_u: 2 | t_u_l: 71/992 | t_u_r: 66/992 | t_u: 137/1984) -> {'max_bond': 79, 'max_links': 4, 'total_elems': 119796, 'total_shapes': 2944, 'total_links': 390, 'num_tensors': 98}
2026-08-26 11:48:27,270 [INFO] [5L/2368](swap: 18, u: 0 | c_u: 2 | t_u_l: 71/992 | t_u_r: 66/992 | t_u: 137/1984) -> {'max_bond': 79, 'max_links': 4, 'total_elems': 172292, 'total_shapes': 3354, 'total_links': 390, 'num_tensors': 98}
2026-08-26 11:48:27,622 [INFO] [5R/2029](swap: 12, u: 1 | c_u: 3 | t_u_l: 71/992 | t_u_r: 67/992 | t_u: 138/1984) -> {'max_bond': 83, 'max_links': 4, 'total_elems': 228188, 'total_shapes': 3786, 'total_links': 390, 'num_tensors': 98}
2026-08-26 11:48:28,078 [INFO] [6R/2029](swap: 11, u: 0 | c_u: 3 | t_u_l: 71/992 | t_u_r: 67/992 | t_u: 138/1984) -> {'max_bond': 103, 'max_links': 4, 'total_elems': 300180, 'total_shapes': 4186, 'total_links': 390, 'num_tensors': 98}
2026-08-26 11:48:28,696 [INFO] [6L/2368](swap: 16, u: 0 | c_u: 3 | t_u_l: 71/992 | t_u_r: 67/992 | t_u: 138/1984) -> {'max_bond': 108, 'max_links': 4, 'total_elems': 369884, 'total_shapes': 4660, 'total_links': 390, 'num_tensors': 98}
2026-08-26 11:48:29,350 [INFO] [7L/2368](swap: 14, u: 1 | c_u: 4 | t_u_l: 72/992 | t_u_r: 67/992 | t_u: 139/1984) -> {'max_bond': 102, 'max_links': 4, 'total_elems': 431976, 'total_shapes': 5148, 'total_links': 390, 'num_tensors': 98}
2026-08-26 11:48:30,154 [INFO] [7R/2029](swap: 11, u: 0 | c_u: 4 | t_u_l: 72/992 | t_u_r: 67/992 | t_u: 139/1984) -> {'max_bond': 139, 'max_links': 4, 'total_elems': 500036, 'total_shapes': 5442, 'total_links': 390, 'num_tensors': 98}
2026-08-26 11:48:31,212 [INFO] [8R/2029](swap: 10, u: 0 | c_u: 4 | t_u_l: 72/992 | t_u_r: 67/992 | t_u: 139/1984) -> {'max_bond': 132, 'max_links': 4, 'total_elems': 563496, 'total_shapes': 5758, 'total_links': 390, 'num_tensors': 98}
2026-08-26 11:48:32,258 [INFO] [9R/2029](swap: 9, u: 0 | c_u: 4 | t_u_l: 72/992 | t_u_r: 67/992 | t_u: 139/1984) -> {'max_bond': 148, 'max_links': 4, 'total_elems': 635048, 'total_shapes': 6138, 'total_links': 390, 'num_tensors': 98}
2026-08-26 11:48:33,283 [INFO] [8L/2368](swap: 14, u: 1 | c_u: 5 | t_u_l: 73/992 | t_u_r: 67/992 | t_u: 140/1984) -> {'max_bond': 176, 'max_links': 4, 'total_elems': 734384, 'total_shapes': 6644, 'total_links': 390, 'num_tensors': 98}
2026-08-26 11:48:34,612 [INFO] [9L/2368](swap: 12, u: 1 | c_u: 6 | t_u_l: 74/992 | t_u_r: 67/992 | t_u: 141/1984) -> {'max_bond': 174, 'max_links': 4, 'total_elems': 840684, 'total_shapes': 7014, 'total_links': 390, 'num_tensors': 98}
2026-08-26 11:48:35,719 [INFO] [10R/2029](swap: 9, u: 0 | c_u: 6 | t_u_l: 74/992 | t_u_r: 67/992 | t_u: 141/1984) -> {'max_bond': 170, 'max_links': 4, 'total_elems': 984964, 'total_shapes': 7634, 'total_links': 390, 'num_tensors': 98}
2026-08-26 11:48:37,373 [INFO]     [start unswap] -> {'max_bond': 170, 'max_links': 4, 'total_elems': 984964, 'total_shapes': 7634, 'total_links': 390, 'num_tensors': 98}
2026-08-26 11:48:46,355 [INFO]     [0 | both | 0](candidate_pairs: 49/49 | new_swaps: 14 | total: 14) -> {'max_bond': 148, 'max_links': 4, 'total_elems': 723148, 'total_shapes': 6708, 'total_links': 390, 'num_tensors': 98}
2026-08-26 11:48:50,152 [INFO]     [0 | both | 1](candidate_pairs: 48/48 | new_swaps: 24 | total: 38) -> {'max_bond': 110, 'max_links': 4, 'total_elems': 325892, 'total_shapes': 4834, 'total_links': 390, 'num_tensors': 98}
2026-08-26 11:48:50,753 [INFO]     [0 | left | 0](candidate_pairs: 49/49 | new_swaps: 21 | total: 59) -> {'max_bond': 71, 'max_links': 4, 'total_elems': 211600, 'total_shapes': 3986, 'total_links': 390, 'num_tensors': 98}
2026-08-26 11:48:51,320 [INFO]     [0 | left | 1](candidate_pairs: 48/48 | new_swaps: 24 | total: 83) -> {'max_bond': 64, 'max_links': 4, 'total_elems': 139020, 'total_shapes': 3364, 'total_links': 390, 'num_tensors': 98}
2026-08-26 11:48:51,616 [INFO]     [0 | right | 0](candidate_pairs: 49/49 | new_swaps: 15 | total: 98) -> {'max_bond': 48, 'max_links': 4, 'total_elems': 93920, 'total_shapes': 2818, 'total_links': 390, 'num_tensors': 98}
2026-08-26 11:48:51,838 [INFO]     [0 | right | 1](candidate_pairs: 48/48 | new_swaps: 18 | total: 116) -> {'max_bond': 48, 'max_links': 4, 'total_elems': 65592, 'total_shapes': 2452, 'total_links': 390, 'num_tensors': 98}
2026-08-26 11:48:52,185 [INFO]     [1 | both | 0](candidate_pairs: 49/49 | new_swaps: 17 | total: 17) -> {'max_bond': 48, 'max_links': 4, 'total_elems': 53348, 'total_shapes': 2162, 'total_links': 390, 'num_tensors': 98}
2026-08-26 11:48:52,492 [INFO]     [1 | both | 1](candidate_pairs: 48/48 | new_swaps: 9 | total: 26) -> {'max_bond': 48, 'max_links': 4, 'total_elems': 49192, 'total_shapes': 2054, 'total_links': 390, 'num_tensors': 98}
2026-08-26 11:48:52,666 [INFO]     [1 | left | 0](candidate_pairs: 49/49 | new_swaps: 13 | total: 39) -> {'max_bond': 48, 'max_links': 4, 'total_elems': 47536, 'total_shapes': 1992, 'total_links': 390, 'num_tensors': 98}
2026-08-26 11:48:52,829 [INFO]     [1 | left | 1](candidate_pairs: 48/48 | new_swaps: 7 | total: 46) -> {'max_bond': 48, 'max_links': 4, 'total_elems': 43416, 'total_shapes': 1938, 'total_links': 390, 'num_tensors': 98}
2026-08-26 11:48:52,980 [INFO]     [1 | right | 0](candidate_pairs: 49/49 | new_swaps: 6 | total: 52) -> {'max_bond': 48, 'max_links': 4, 'total_elems': 38028, 'total_shapes': 1862, 'total_links': 390, 'num_tensors': 98}
2026-08-26 11:48:53,111 [INFO]     [1 | right | 1](candidate_pairs: 48/48 | new_swaps: 4 | total: 56) -> {'max_bond': 48, 'max_links': 4, 'total_elems': 32636, 'total_shapes': 1792, 'total_links': 390, 'num_tensors': 98}
2026-08-26 11:48:53,352 [INFO]     [2 | both | 0](candidate_pairs: 49/49 | new_swaps: 6 | total: 6) -> {'max_bond': 32, 'max_links': 4, 'total_elems': 28400, 'total_shapes': 1718, 'total_links': 390, 'num_tensors': 98}
2026-08-26 11:48:53,580 [INFO]     [2 | both | 1](candidate_pairs: 48/48 | new_swaps: 9 | total: 15) -> {'max_bond': 32, 'max_links': 4, 'total_elems': 26244, 'total_shapes': 1646, 'total_links': 390, 'num_tensors': 98}
2026-08-26 11:48:53,706 [INFO]     [2 | left | 0](candidate_pairs: 49/49 | new_swaps: 3 | total: 18) -> {'max_bond': 32, 'max_links': 4, 'total_elems': 22968, 'total_shapes': 1600, 'total_links': 390, 'num_tensors': 98}
2026-08-26 11:48:53,805 [INFO]     [2 | left | 1](candidate_pairs: 48/48 | new_swaps: 1 | total: 19) -> {'max_bond': 32, 'max_links': 4, 'total_elems': 22776, 'total_shapes': 1592, 'total_links': 390, 'num_tensors': 98}
2026-08-26 11:48:53,927 [INFO]     [2 | right | 0](candidate_pairs: 49/49 | new_swaps: 4 | total: 23) -> {'max_bond': 32, 'max_links': 4, 'total_elems': 21808, 'total_shapes': 1568, 'total_links': 390, 'num_tensors': 98}
2026-08-26 11:48:54,023 [INFO]     [2 | right | 1](candidate_pairs: 48/48 | new_swaps: 1 | total: 24) -> {'max_bond': 32, 'max_links': 4, 'total_elems': 21796, 'total_shapes': 1566, 'total_links': 390, 'num_tensors': 98}
2026-08-26 11:48:54,245 [INFO]     [3 | both | 0](candidate_pairs: 49/49 | new_swaps: 3 | total: 3) -> {'max_bond': 32, 'max_links': 4, 'total_elems': 21632, 'total_shapes': 1556, 'total_links': 390, 'num_tensors': 98}
2026-08-26 11:48:54,462 [INFO]     [3 | both | 1](candidate_pairs: 48/48 | new_swaps: 6 | total: 9) -> {'max_bond': 31, 'max_links': 4, 'total_elems': 21048, 'total_shapes': 1524, 'total_links': 390, 'num_tensors': 98}
2026-08-26 11:48:54,520 [INFO]     [3 | left | 0](candidate_pairs: 49/49 | new_swaps: 0 | total: 9) -> {'max_bond': 31, 'max_links': 4, 'total_elems': 21048, 'total_shapes': 1524, 'total_links': 390, 'num_tensors': 98}
2026-08-26 11:48:54,619 [INFO]     [3 | left | 1](candidate_pairs: 48/48 | new_swaps: 1 | total: 10) -> {'max_bond': 31, 'max_links': 4, 'total_elems': 20976, 'total_shapes': 1520, 'total_links': 390, 'num_tensors': 98}
2026-08-26 11:48:54,676 [INFO]     [3 | right | 0](candidate_pairs: 49/49 | new_swaps: 0 | total: 10) -> {'max_bond': 31, 'max_links': 4, 'total_elems': 20976, 'total_shapes': 1520, 'total_links': 390, 'num_tensors': 98}
2026-08-26 11:48:54,729 [INFO]     [3 | right | 1](candidate_pairs: 48/48 | new_swaps: 0 | total: 10) -> {'max_bond': 31, 'max_links': 4, 'total_elems': 20976, 'total_shapes': 1520, 'total_links': 390, 'num_tensors': 98}
2026-08-26 11:48:54,945 [INFO]     [4 | both | 0](candidate_pairs: 49/49 | new_swaps: 2 | total: 2) -> {'max_bond': 31, 'max_links': 4, 'total_elems': 20880, 'total_shapes': 1510, 'total_links': 390, 'num_tensors': 98}
2026-08-26 11:48:55,054 [INFO]     [4 | both | 1](candidate_pairs: 48/48 | new_swaps: 0 | total: 2) -> {'max_bond': 31, 'max_links': 4, 'total_elems': 20880, 'total_shapes': 1510, 'total_links': 390, 'num_tensors': 98}
2026-08-26 11:48:55,110 [INFO]     [4 | left | 0](candidate_pairs: 49/49 | new_swaps: 0 | total: 2) -> {'max_bond': 31, 'max_links': 4, 'total_elems': 20880, 'total_shapes': 1510, 'total_links': 390, 'num_tensors': 98}
2026-08-26 11:48:55,164 [INFO]     [4 | left | 1](candidate_pairs: 48/48 | new_swaps: 0 | total: 2) -> {'max_bond': 31, 'max_links': 4, 'total_elems': 20880, 'total_shapes': 1510, 'total_links': 390, 'num_tensors': 98}
2026-08-26 11:48:55,220 [INFO]     [4 | right | 0](candidate_pairs: 49/49 | new_swaps: 0 | total: 2) -> {'max_bond': 31, 'max_links': 4, 'total_elems': 20880, 'total_shapes': 1510, 'total_links': 390, 'num_tensors': 98}
2026-08-26 11:48:55,272 [INFO]     [4 | right | 1](candidate_pairs: 48/48 | new_swaps: 0 | total: 2) -> {'max_bond': 31, 'max_links': 4, 'total_elems': 20880, 'total_shapes': 1510, 'total_links': 390, 'num_tensors': 98}
2026-08-26 11:48:55,391 [INFO]     [5 | both | 0](candidate_pairs: 49/49 | new_swaps: 0 | total: 0) -> {'max_bond': 31, 'max_links': 4, 'total_elems': 20880, 'total_shapes': 1510, 'total_links': 390, 'num_tensors': 98}
2026-08-26 11:48:55,495 [INFO]     [5 | both | 1](candidate_pairs: 48/48 | new_swaps: 0 | total: 0) -> {'max_bond': 31, 'max_links': 4, 'total_elems': 20880, 'total_shapes': 1510, 'total_links': 390, 'num_tensors': 98}
2026-08-26 11:48:55,552 [INFO]     [5 | left | 0](candidate_pairs: 49/49 | new_swaps: 0 | total: 0) -> {'max_bond': 31, 'max_links': 4, 'total_elems': 20880, 'total_shapes': 1510, 'total_links': 390, 'num_tensors': 98}
2026-08-26 11:48:55,605 [INFO]     [5 | left | 1](candidate_pairs: 48/48 | new_swaps: 0 | total: 0) -> {'max_bond': 31, 'max_links': 4, 'total_elems': 20880, 'total_shapes': 1510, 'total_links': 390, 'num_tensors': 98}
2026-08-26 11:48:55,661 [INFO]     [5 | right | 0](candidate_pairs: 49/49 | new_swaps: 0 | total: 0) -> {'max_bond': 31, 'max_links': 4, 'total_elems': 20880, 'total_shapes': 1510, 'total_links': 390, 'num_tensors': 98}
2026-08-26 11:48:55,712 [INFO]     [5 | right | 1](candidate_pairs: 48/48 | new_swaps: 0 | total: 0) -> {'max_bond': 31, 'max_links': 4, 'total_elems': 20880, 'total_shapes': 1510, 'total_links': 390, 'num_tensors': 98}
2026-08-26 11:48:55,713 [INFO]     [end unswap] -> {'max_bond': 31, 'max_links': 4, 'total_elems': 20880, 'total_shapes': 1510, 'total_links': 390, 'num_tensors': 98}
2026-08-26 11:48:55,802 [INFO] [start rewire](phase=post_unswap, cycle=30, side=left, layers=2361, trials=20, seed=123, parallel=False, route_candidates=2, route_score=lookahead_total)
2026-08-26 11:49:06,049 [INFO] [end rewire](phase=post_unswap, cycle=30, side=left, routed_layers=2307, elapsed_s=10.25)
2026-08-26 11:49:06,049 [INFO] [start rewire](phase=post_unswap, cycle=30, side=right, layers=2021, trials=20, seed=123, parallel=False, route_candidates=2, route_score=lookahead_total)
2026-08-26 11:49:14,909 [INFO] [end rewire](phase=post_unswap, cycle=30, side=right, routed_layers=2018, elapsed_s=8.86)
2026-08-26 11:49:15,132 [INFO] [1L/2305](swap: 19, u: 1 | c_u: 1 | t_u_l: 75/992 | t_u_r: 67/992 | t_u: 142/1984) -> {'max_bond': 31, 'max_links': 4, 'total_elems': 20912, 'total_shapes': 1514, 'total_links': 390, 'num_tensors': 98}
2026-08-26 11:49:15,268 [INFO] [1R/2016](swap: 19, u: 0 | c_u: 1 | t_u_l: 75/992 | t_u_r: 67/992 | t_u: 142/1984) -> {'max_bond': 31, 'max_links': 4, 'total_elems': 23576, 'total_shapes': 1620, 'total_links': 390, 'num_tensors': 98}
2026-08-26 11:49:15,406 [INFO] [2R/2016](swap: 14, u: 1 | c_u: 2 | t_u_l: 75/992 | t_u_r: 68/992 | t_u: 143/1984) -> {'max_bond': 31, 'max_links': 4, 'total_elems': 28552, 'total_shapes': 1720, 'total_links': 390, 'num_tensors': 98}
2026-08-26 11:49:15,541 [INFO] [3R/2016](swap: 13, u: 0 | c_u: 2 | t_u_l: 75/992 | t_u_r: 68/992 | t_u: 143/1984) -> {'max_bond': 32, 'max_links': 4, 'total_elems': 30196, 'total_shapes': 1790, 'total_links': 390, 'num_tensors': 98}
2026-08-26 11:49:15,664 [INFO] [4R/2016](swap: 13, u: 0 | c_u: 2 | t_u_l: 75/992 | t_u_r: 68/992 | t_u: 143/1984) -> {'max_bond': 32, 'max_links': 4, 'total_elems': 34228, 'total_shapes': 1928, 'total_links': 390, 'num_tensors': 98}
2026-08-26 11:49:15,804 [INFO] [2L/2305](swap: 22, u: 0 | c_u: 2 | t_u_l: 75/992 | t_u_r: 68/992 | t_u: 143/1984) -> {'max_bond': 36, 'max_links': 4, 'total_elems': 41320, 'total_shapes': 2076, 'total_links': 390, 'num_tensors': 98}
2026-08-26 11:49:15,961 [INFO] [5R/2016](swap: 13, u: 0 | c_u: 2 | t_u_l: 75/992 | t_u_r: 68/992 | t_u: 143/1984) -> {'max_bond': 32, 'max_links': 4, 'total_elems': 48468, 'total_shapes': 2204, 'total_links': 390, 'num_tensors': 98}
2026-08-26 11:49:16,122 [INFO] [3L/2305](swap: 22, u: 0 | c_u: 2 | t_u_l: 75/992 | t_u_r: 68/992 | t_u: 143/1984) -> {'max_bond': 54, 'max_links': 4, 'total_elems': 62944, 'total_shapes': 2410, 'total_links': 390, 'num_tensors': 98}
2026-08-26 11:49:16,304 [INFO] [4L/2305](swap: 22, u: 1 | c_u: 3 | t_u_l: 76/992 | t_u_r: 68/992 | t_u: 144/1984) -> {'max_bond': 53, 'max_links': 4, 'total_elems': 65276, 'total_shapes': 2514, 'total_links': 390, 'num_tensors': 98}
2026-08-26 11:49:16,466 [INFO] [5L/2305](swap: 20, u: 1 | c_u: 4 | t_u_l: 77/992 | t_u_r: 68/992 | t_u: 145/1984) -> {'max_bond': 55, 'max_links': 4, 'total_elems': 73720, 'total_shapes': 2740, 'total_links': 390, 'num_tensors': 98}
2026-08-26 11:49:16,640 [INFO] [6R/2016](swap: 11, u: 0 | c_u: 4 | t_u_l: 77/992 | t_u_r: 68/992 | t_u: 145/1984) -> {'max_bond': 53, 'max_links': 4, 'total_elems': 94792, 'total_shapes': 2940, 'total_links': 390, 'num_tensors': 98}
2026-08-26 11:49:16,843 [INFO] [7R/2016](swap: 10, u: 1 | c_u: 5 | t_u_l: 77/992 | t_u_r: 69/992 | t_u: 146/1984) -> {'max_bond': 87, 'max_links': 4, 'total_elems': 123448, 'total_shapes': 3190, 'total_links': 390, 'num_tensors': 98}
2026-08-26 11:49:17,076 [INFO] [8R/2016](swap: 6, u: 0 | c_u: 5 | t_u_l: 77/992 | t_u_r: 69/992 | t_u: 146/1984) -> {'max_bond': 84, 'max_links': 4, 'total_elems': 131420, 'total_shapes': 3268, 'total_links': 390, 'num_tensors': 98}
2026-08-26 11:49:17,316 [INFO] [9R/2016](swap: 6, u: 0 | c_u: 5 | t_u_l: 77/992 | t_u_r: 69/992 | t_u: 146/1984) -> {'max_bond': 83, 'max_links': 4, 'total_elems': 142972, 'total_shapes': 3386, 'total_links': 390, 'num_tensors': 98}
2026-08-26 11:49:17,588 [INFO] [6L/2305](swap: 20, u: 0 | c_u: 5 | t_u_l: 77/992 | t_u_r: 69/992 | t_u: 146/1984) -> {'max_bond': 89, 'max_links': 4, 'total_elems': 193360, 'total_shapes': 3898, 'total_links': 390, 'num_tensors': 98}
2026-08-26 11:49:17,919 [INFO] [7L/2305](swap: 21, u: 0 | c_u: 5 | t_u_l: 77/992 | t_u_r: 69/992 | t_u: 146/1984) -> {'max_bond': 87, 'max_links': 4, 'total_elems': 241068, 'total_shapes': 4518, 'total_links': 390, 'num_tensors': 98}
2026-08-26 11:49:18,265 [INFO] [10R/2016](swap: 7, u: 0 | c_u: 5 | t_u_l: 77/992 | t_u_r: 69/992 | t_u: 146/1984) -> {'max_bond': 92, 'max_links': 4, 'total_elems': 278412, 'total_shapes': 4812, 'total_links': 390, 'num_tensors': 98}
2026-08-26 11:49:18,696 [INFO] [11R/2016](swap: 7, u: 0 | c_u: 5 | t_u_l: 77/992 | t_u_r: 69/992 | t_u: 146/1984) -> {'max_bond': 90, 'max_links': 4, 'total_elems': 347040, 'total_shapes': 5208, 'total_links': 390, 'num_tensors': 98}
2026-08-26 11:49:19,243 [INFO] [8L/2305](swap: 22, u: 0 | c_u: 5 | t_u_l: 77/992 | t_u_r: 69/992 | t_u: 146/1984) -> {'max_bond': 127, 'max_links': 4, 'total_elems': 472476, 'total_shapes': 6120, 'total_links': 390, 'num_tensors': 98}
2026-08-26 11:49:20,058 [INFO] [12R/2016](swap: 7, u: 0 | c_u: 5 | t_u_l: 77/992 | t_u_r: 69/992 | t_u: 146/1984) -> {'max_bond': 166, 'max_links': 4, 'total_elems': 711060, 'total_shapes': 6888, 'total_links': 390, 'num_tensors': 98}
2026-08-26 11:49:21,788 [INFO]     [start unswap] -> {'max_bond': 166, 'max_links': 4, 'total_elems': 711060, 'total_shapes': 6888, 'total_links': 390, 'num_tensors': 98}
2026-08-26 11:49:36,540 [INFO]     [0 | both | 0](candidate_pairs: 49/49 | new_swaps: 11 | total: 11) -> {'max_bond': 252, 'max_links': 4, 'total_elems': 966516, 'total_shapes': 7858, 'total_links': 390, 'num_tensors': 98}
2026-08-26 11:49:40,658 [INFO]     [0 | both | 1](candidate_pairs: 48/48 | new_swaps: 24 | total: 35) -> {'max_bond': 129, 'max_links': 4, 'total_elems': 358268, 'total_shapes': 5276, 'total_links': 390, 'num_tensors': 98}
2026-08-26 11:49:41,342 [INFO]     [0 | left | 0](candidate_pairs: 49/49 | new_swaps: 22 | total: 57) -> {'max_bond': 78, 'max_links': 4, 'total_elems': 211532, 'total_shapes': 4188, 'total_links': 390, 'num_tensors': 98}
2026-08-26 11:49:41,809 [INFO]     [0 | left | 1](candidate_pairs: 48/48 | new_swaps: 24 | total: 81) -> {'max_bond': 76, 'max_links': 4, 'total_elems': 155248, 'total_shapes': 3560, 'total_links': 390, 'num_tensors': 98}
2026-08-26 11:49:42,161 [INFO]     [0 | right | 0](candidate_pairs: 49/49 | new_swaps: 21 | total: 102) -> {'max_bond': 74, 'max_links': 4, 'total_elems': 118128, 'total_shapes': 3118, 'total_links': 390, 'num_tensors': 98}
2026-08-26 11:49:42,398 [INFO]     [0 | right | 1](candidate_pairs: 48/48 | new_swaps: 14 | total: 116) -> {'max_bond': 73, 'max_links': 4, 'total_elems': 95960, 'total_shapes': 2850, 'total_links': 390, 'num_tensors': 98}
2026-08-26 11:49:42,803 [INFO]     [1 | both | 0](candidate_pairs: 49/49 | new_swaps: 13 | total: 13) -> {'max_bond': 71, 'max_links': 4, 'total_elems': 87508, 'total_shapes': 2686, 'total_links': 390, 'num_tensors': 98}
2026-08-26 11:49:43,193 [INFO]     [1 | both | 1](candidate_pairs: 48/48 | new_swaps: 10 | total: 23) -> {'max_bond': 70, 'max_links': 4, 'total_elems': 78488, 'total_shapes': 2524, 'total_links': 390, 'num_tensors': 98}
2026-08-26 11:49:43,393 [INFO]     [1 | left | 0](candidate_pairs: 49/49 | new_swaps: 9 | total: 32) -> {'max_bond': 69, 'max_links': 4, 'total_elems': 68684, 'total_shapes': 2336, 'total_links': 390, 'num_tensors': 98}
2026-08-26 11:49:43,578 [INFO]     [1 | left | 1](candidate_pairs: 48/48 | new_swaps: 13 | total: 45) -> {'max_bond': 68, 'max_links': 4, 'total_elems': 59844, 'total_shapes': 2180, 'total_links': 390, 'num_tensors': 98}
2026-08-26 11:49:43,773 [INFO]     [1 | right | 0](candidate_pairs: 49/49 | new_swaps: 12 | total: 57) -> {'max_bond': 66, 'max_links': 4, 'total_elems': 53456, 'total_shapes': 2062, 'total_links': 390, 'num_tensors': 98}
2026-08-26 11:49:43,931 [INFO]     [1 | right | 1](candidate_pairs: 48/48 | new_swaps: 5 | total: 62) -> {'max_bond': 66, 'max_links': 4, 'total_elems': 50548, 'total_shapes': 2016, 'total_links': 390, 'num_tensors': 98}
2026-08-26 11:49:44,236 [INFO]     [2 | both | 0](candidate_pairs: 49/49 | new_swaps: 13 | total: 13) -> {'max_bond': 66, 'max_links': 4, 'total_elems': 48116, 'total_shapes': 1918, 'total_links': 390, 'num_tensors': 98}
2026-08-26 11:49:44,516 [INFO]     [2 | both | 1](candidate_pairs: 48/48 | new_swaps: 9 | total: 22) -> {'max_bond': 66, 'max_links': 4, 'total_elems': 43568, 'total_shapes': 1810, 'total_links': 390, 'num_tensors': 98}
2026-08-26 11:49:44,664 [INFO]     [2 | left | 0](candidate_pairs: 49/49 | new_swaps: 6 | total: 28) -> {'max_bond': 66, 'max_links': 4, 'total_elems': 42648, 'total_shapes': 1768, 'total_links': 390, 'num_tensors': 98}
2026-08-26 11:49:44,805 [INFO]     [2 | left | 1](candidate_pairs: 48/48 | new_swaps: 2 | total: 30) -> {'max_bond': 66, 'max_links': 4, 'total_elems': 42584, 'total_shapes': 1762, 'total_links': 390, 'num_tensors': 98}
2026-08-26 11:49:44,960 [INFO]     [2 | right | 0](candidate_pairs: 49/49 | new_swaps: 2 | total: 32) -> {'max_bond': 66, 'max_links': 4, 'total_elems': 39976, 'total_shapes': 1742, 'total_links': 390, 'num_tensors': 98}
2026-08-26 11:49:45,088 [INFO]     [2 | right | 1](candidate_pairs: 48/48 | new_swaps: 1 | total: 33) -> {'max_bond': 62, 'max_links': 4, 'total_elems': 38952, 'total_shapes': 1734, 'total_links': 390, 'num_tensors': 98}
2026-08-26 11:49:45,360 [INFO]     [3 | both | 0](candidate_pairs: 49/49 | new_swaps: 5 | total: 5) -> {'max_bond': 56, 'max_links': 4, 'total_elems': 35448, 'total_shapes': 1680, 'total_links': 390, 'num_tensors': 98}
2026-08-26 11:49:45,604 [INFO]     [3 | both | 1](candidate_pairs: 48/48 | new_swaps: 3 | total: 8) -> {'max_bond': 56, 'max_links': 4, 'total_elems': 34960, 'total_shapes': 1664, 'total_links': 390, 'num_tensors': 98}
2026-08-26 11:49:45,723 [INFO]     [3 | left | 0](candidate_pairs: 49/49 | new_swaps: 1 | total: 9) -> {'max_bond': 56, 'max_links': 4, 'total_elems': 34944, 'total_shapes': 1662, 'total_links': 390, 'num_tensors': 98}
2026-08-26 11:49:45,854 [INFO]     [3 | left | 1](candidate_pairs: 48/48 | new_swaps: 3 | total: 12) -> {'max_bond': 56, 'max_links': 4, 'total_elems': 34720, 'total_shapes': 1650, 'total_links': 390, 'num_tensors': 98}
2026-08-26 11:49:45,992 [INFO]     [3 | right | 0](candidate_pairs: 49/49 | new_swaps: 2 | total: 14) -> {'max_bond': 56, 'max_links': 4, 'total_elems': 30996, 'total_shapes': 1624, 'total_links': 390, 'num_tensors': 98}
2026-08-26 11:49:46,119 [INFO]     [3 | right | 1](candidate_pairs: 48/48 | new_swaps: 3 | total: 17) -> {'max_bond': 41, 'max_links': 4, 'total_elems': 27336, 'total_shapes': 1584, 'total_links': 390, 'num_tensors': 98}
2026-08-26 11:49:46,367 [INFO]     [4 | both | 0](candidate_pairs: 49/49 | new_swaps: 3 | total: 3) -> {'max_bond': 36, 'max_links': 4, 'total_elems': 24532, 'total_shapes': 1554, 'total_links': 390, 'num_tensors': 98}
2026-08-26 11:49:46,589 [INFO]     [4 | both | 1](candidate_pairs: 48/48 | new_swaps: 3 | total: 6) -> {'max_bond': 31, 'max_links': 4, 'total_elems': 21888, 'total_shapes': 1516, 'total_links': 390, 'num_tensors': 98}
2026-08-26 11:49:46,644 [INFO]     [4 | left | 0](candidate_pairs: 49/49 | new_swaps: 0 | total: 6) -> {'max_bond': 31, 'max_links': 4, 'total_elems': 21888, 'total_shapes': 1516, 'total_links': 390, 'num_tensors': 98}
2026-08-26 11:49:46,742 [INFO]     [4 | left | 1](candidate_pairs: 48/48 | new_swaps: 1 | total: 7) -> {'max_bond': 30, 'max_links': 4, 'total_elems': 21368, 'total_shapes': 1508, 'total_links': 390, 'num_tensors': 98}
2026-08-26 11:49:46,854 [INFO]     [4 | right | 0](candidate_pairs: 49/49 | new_swaps: 2 | total: 9) -> {'max_bond': 29, 'max_links': 4, 'total_elems': 20848, 'total_shapes': 1496, 'total_links': 390, 'num_tensors': 98}
2026-08-26 11:49:46,910 [INFO]     [4 | right | 1](candidate_pairs: 48/48 | new_swaps: 0 | total: 9) -> {'max_bond': 29, 'max_links': 4, 'total_elems': 20848, 'total_shapes': 1496, 'total_links': 390, 'num_tensors': 98}
2026-08-26 11:49:47,142 [INFO]     [5 | both | 0](candidate_pairs: 49/49 | new_swaps: 5 | total: 5) -> {'max_bond': 28, 'max_links': 4, 'total_elems': 20228, 'total_shapes': 1484, 'total_links': 390, 'num_tensors': 98}
2026-08-26 11:49:47,359 [INFO]     [5 | both | 1](candidate_pairs: 48/48 | new_swaps: 3 | total: 8) -> {'max_bond': 25, 'max_links': 4, 'total_elems': 16712, 'total_shapes': 1422, 'total_links': 390, 'num_tensors': 98}
2026-08-26 11:49:47,413 [INFO]     [5 | left | 0](candidate_pairs: 49/49 | new_swaps: 0 | total: 8) -> {'max_bond': 25, 'max_links': 4, 'total_elems': 16712, 'total_shapes': 1422, 'total_links': 390, 'num_tensors': 98}
2026-08-26 11:49:47,466 [INFO]     [5 | left | 1](candidate_pairs: 48/48 | new_swaps: 0 | total: 8) -> {'max_bond': 25, 'max_links': 4, 'total_elems': 16712, 'total_shapes': 1422, 'total_links': 390, 'num_tensors': 98}
2026-08-26 11:49:47,568 [INFO]     [5 | right | 0](candidate_pairs: 49/49 | new_swaps: 1 | total: 9) -> {'max_bond': 25, 'max_links': 4, 'total_elems': 16628, 'total_shapes': 1420, 'total_links': 390, 'num_tensors': 98}
2026-08-26 11:49:47,620 [INFO]     [5 | right | 1](candidate_pairs: 48/48 | new_swaps: 0 | total: 9) -> {'max_bond': 25, 'max_links': 4, 'total_elems': 16628, 'total_shapes': 1420, 'total_links': 390, 'num_tensors': 98}
2026-08-26 11:49:47,819 [INFO]     [6 | both | 0](candidate_pairs: 49/49 | new_swaps: 3 | total: 3) -> {'max_bond': 25, 'max_links': 4, 'total_elems': 16628, 'total_shapes': 1420, 'total_links': 390, 'num_tensors': 98}
2026-08-26 11:49:47,924 [INFO]     [6 | both | 1](candidate_pairs: 48/48 | new_swaps: 0 | total: 3) -> {'max_bond': 25, 'max_links': 4, 'total_elems': 16628, 'total_shapes': 1420, 'total_links': 390, 'num_tensors': 98}
2026-08-26 11:49:48,018 [INFO]     [6 | left | 0](candidate_pairs: 49/49 | new_swaps: 1 | total: 4) -> {'max_bond': 25, 'max_links': 4, 'total_elems': 16208, 'total_shapes': 1410, 'total_links': 390, 'num_tensors': 98}
2026-08-26 11:49:48,072 [INFO]     [6 | left | 1](candidate_pairs: 48/48 | new_swaps: 0 | total: 4) -> {'max_bond': 25, 'max_links': 4, 'total_elems': 16208, 'total_shapes': 1410, 'total_links': 390, 'num_tensors': 98}
2026-08-26 11:49:48,163 [INFO]     [6 | right | 0](candidate_pairs: 49/49 | new_swaps: 1 | total: 5) -> {'max_bond': 25, 'max_links': 4, 'total_elems': 16208, 'total_shapes': 1410, 'total_links': 390, 'num_tensors': 98}
2026-08-26 11:49:48,215 [INFO]     [6 | right | 1](candidate_pairs: 48/48 | new_swaps: 0 | total: 5) -> {'max_bond': 25, 'max_links': 4, 'total_elems': 16208, 'total_shapes': 1410, 'total_links': 390, 'num_tensors': 98}
2026-08-26 11:49:48,417 [INFO]     [7 | both | 0](candidate_pairs: 49/49 | new_swaps: 2 | total: 2) -> {'max_bond': 24, 'max_links': 4, 'total_elems': 15960, 'total_shapes': 1406, 'total_links': 390, 'num_tensors': 98}
2026-08-26 11:49:48,595 [INFO]     [7 | both | 1](candidate_pairs: 48/48 | new_swaps: 1 | total: 3) -> {'max_bond': 24, 'max_links': 4, 'total_elems': 15608, 'total_shapes': 1398, 'total_links': 390, 'num_tensors': 98}
2026-08-26 11:49:48,645 [INFO]     [7 | left | 0](candidate_pairs: 49/49 | new_swaps: 0 | total: 3) -> {'max_bond': 24, 'max_links': 4, 'total_elems': 15608, 'total_shapes': 1398, 'total_links': 390, 'num_tensors': 98}
2026-08-26 11:49:48,697 [INFO]     [7 | left | 1](candidate_pairs: 48/48 | new_swaps: 0 | total: 3) -> {'max_bond': 24, 'max_links': 4, 'total_elems': 15608, 'total_shapes': 1398, 'total_links': 390, 'num_tensors': 98}
2026-08-26 11:49:48,786 [INFO]     [7 | right | 0](candidate_pairs: 49/49 | new_swaps: 1 | total: 4) -> {'max_bond': 24, 'max_links': 4, 'total_elems': 15520, 'total_shapes': 1396, 'total_links': 390, 'num_tensors': 98}
2026-08-26 11:49:48,836 [INFO]     [7 | right | 1](candidate_pairs: 48/48 | new_swaps: 0 | total: 4) -> {'max_bond': 24, 'max_links': 4, 'total_elems': 15520, 'total_shapes': 1396, 'total_links': 390, 'num_tensors': 98}
2026-08-26 11:49:49,036 [INFO]     [8 | both | 0](candidate_pairs: 49/49 | new_swaps: 3 | total: 3) -> {'max_bond': 23, 'max_links': 4, 'total_elems': 15032, 'total_shapes': 1386, 'total_links': 390, 'num_tensors': 98}
2026-08-26 11:49:49,219 [INFO]     [8 | both | 1](candidate_pairs: 48/48 | new_swaps: 1 | total: 4) -> {'max_bond': 22, 'max_links': 4, 'total_elems': 13940, 'total_shapes': 1356, 'total_links': 390, 'num_tensors': 98}
2026-08-26 11:49:49,270 [INFO]     [8 | left | 0](candidate_pairs: 49/49 | new_swaps: 0 | total: 4) -> {'max_bond': 22, 'max_links': 4, 'total_elems': 13940, 'total_shapes': 1356, 'total_links': 390, 'num_tensors': 98}
2026-08-26 11:49:49,321 [INFO]     [8 | left | 1](candidate_pairs: 48/48 | new_swaps: 0 | total: 4) -> {'max_bond': 22, 'max_links': 4, 'total_elems': 13940, 'total_shapes': 1356, 'total_links': 390, 'num_tensors': 98}
2026-08-26 11:49:49,369 [INFO]     [8 | right | 0](candidate_pairs: 49/49 | new_swaps: 0 | total: 4) -> {'max_bond': 22, 'max_links': 4, 'total_elems': 13940, 'total_shapes': 1356, 'total_links': 390, 'num_tensors': 98}
2026-08-26 11:49:49,420 [INFO]     [8 | right | 1](candidate_pairs: 48/48 | new_swaps: 0 | total: 4) -> {'max_bond': 22, 'max_links': 4, 'total_elems': 13940, 'total_shapes': 1356, 'total_links': 390, 'num_tensors': 98}
2026-08-26 11:49:49,621 [INFO]     [9 | both | 0](candidate_pairs: 49/49 | new_swaps: 2 | total: 2) -> {'max_bond': 22, 'max_links': 4, 'total_elems': 13928, 'total_shapes': 1354, 'total_links': 390, 'num_tensors': 98}
2026-08-26 11:49:49,721 [INFO]     [9 | both | 1](candidate_pairs: 48/48 | new_swaps: 0 | total: 2) -> {'max_bond': 22, 'max_links': 4, 'total_elems': 13928, 'total_shapes': 1354, 'total_links': 390, 'num_tensors': 98}
2026-08-26 11:49:49,770 [INFO]     [9 | left | 0](candidate_pairs: 49/49 | new_swaps: 0 | total: 2) -> {'max_bond': 22, 'max_links': 4, 'total_elems': 13928, 'total_shapes': 1354, 'total_links': 390, 'num_tensors': 98}
2026-08-26 11:49:49,822 [INFO]     [9 | left | 1](candidate_pairs: 48/48 | new_swaps: 0 | total: 2) -> {'max_bond': 22, 'max_links': 4, 'total_elems': 13928, 'total_shapes': 1354, 'total_links': 390, 'num_tensors': 98}
2026-08-26 11:49:49,870 [INFO]     [9 | right | 0](candidate_pairs: 49/49 | new_swaps: 0 | total: 2) -> {'max_bond': 22, 'max_links': 4, 'total_elems': 13928, 'total_shapes': 1354, 'total_links': 390, 'num_tensors': 98}
2026-08-26 11:49:49,920 [INFO]     [9 | right | 1](candidate_pairs: 48/48 | new_swaps: 0 | total: 2) -> {'max_bond': 22, 'max_links': 4, 'total_elems': 13928, 'total_shapes': 1354, 'total_links': 390, 'num_tensors': 98}
2026-08-26 11:49:50,096 [INFO]     [10 | both | 0](candidate_pairs: 49/49 | new_swaps: 1 | total: 1) -> {'max_bond': 22, 'max_links': 4, 'total_elems': 13928, 'total_shapes': 1354, 'total_links': 390, 'num_tensors': 98}
2026-08-26 11:49:50,195 [INFO]     [10 | both | 1](candidate_pairs: 48/48 | new_swaps: 0 | total: 1) -> {'max_bond': 22, 'max_links': 4, 'total_elems': 13928, 'total_shapes': 1354, 'total_links': 390, 'num_tensors': 98}
2026-08-26 11:49:50,245 [INFO]     [10 | left | 0](candidate_pairs: 49/49 | new_swaps: 0 | total: 1) -> {'max_bond': 22, 'max_links': 4, 'total_elems': 13928, 'total_shapes': 1354, 'total_links': 390, 'num_tensors': 98}
2026-08-26 11:49:50,297 [INFO]     [10 | left | 1](candidate_pairs: 48/48 | new_swaps: 0 | total: 1) -> {'max_bond': 22, 'max_links': 4, 'total_elems': 13928, 'total_shapes': 1354, 'total_links': 390, 'num_tensors': 98}
2026-08-26 11:49:50,347 [INFO]     [10 | right | 0](candidate_pairs: 49/49 | new_swaps: 0 | total: 1) -> {'max_bond': 22, 'max_links': 4, 'total_elems': 13928, 'total_shapes': 1354, 'total_links': 390, 'num_tensors': 98}
2026-08-26 11:49:50,395 [INFO]     [10 | right | 1](candidate_pairs: 48/48 | new_swaps: 0 | total: 1) -> {'max_bond': 22, 'max_links': 4, 'total_elems': 13928, 'total_shapes': 1354, 'total_links': 390, 'num_tensors': 98}
2026-08-26 11:49:50,396 [INFO]     [end unswap] -> {'max_bond': 22, 'max_links': 4, 'total_elems': 13928, 'total_shapes': 1354, 'total_links': 390, 'num_tensors': 98}
2026-08-26 11:49:50,488 [INFO] [start rewire](phase=post_unswap, cycle=31, side=left, layers=2299, trials=20, seed=123, parallel=False, route_candidates=2, route_score=lookahead_total)
2026-08-26 11:50:02,488 [INFO] [end rewire](phase=post_unswap, cycle=31, side=left, routed_layers=2649, elapsed_s=12.00)
2026-08-26 11:50:02,488 [INFO] [start rewire](phase=post_unswap, cycle=31, side=right, layers=2006, trials=20, seed=123, parallel=False, route_candidates=2, route_score=lookahead_total)
2026-08-26 11:50:12,192 [INFO] [end rewire](phase=post_unswap, cycle=31, side=right, routed_layers=2159, elapsed_s=9.70)
2026-08-26 11:50:12,402 [INFO] [1L/2647](swap: 20, u: 0 | c_u: 0 | t_u_l: 77/992 | t_u_r: 69/992 | t_u: 146/1984) -> {'max_bond': 22, 'max_links': 4, 'total_elems': 13928, 'total_shapes': 1354, 'total_links': 390, 'num_tensors': 98}
2026-08-26 11:50:12,515 [INFO] [1R/2157](swap: 18, u: 0 | c_u: 0 | t_u_l: 77/992 | t_u_r: 69/992 | t_u: 146/1984) -> {'max_bond': 31, 'max_links': 4, 'total_elems': 17520, 'total_shapes': 1498, 'total_links': 390, 'num_tensors': 98}
2026-08-26 11:50:12,635 [INFO] [2R/2157](swap: 16, u: 0 | c_u: 0 | t_u_l: 77/992 | t_u_r: 69/992 | t_u: 146/1984) -> {'max_bond': 32, 'max_links': 4, 'total_elems': 22048, 'total_shapes': 1630, 'total_links': 390, 'num_tensors': 98}
2026-08-26 11:50:12,756 [INFO] [3R/2157](swap: 14, u: 0 | c_u: 0 | t_u_l: 77/992 | t_u_r: 69/992 | t_u: 146/1984) -> {'max_bond': 32, 'max_links': 4, 'total_elems': 27136, 'total_shapes': 1746, 'total_links': 390, 'num_tensors': 98}
2026-08-26 11:50:12,878 [INFO] [4R/2157](swap: 15, u: 0 | c_u: 0 | t_u_l: 77/992 | t_u_r: 69/992 | t_u: 146/1984) -> {'max_bond': 32, 'max_links': 4, 'total_elems': 33140, 'total_shapes': 1918, 'total_links': 390, 'num_tensors': 98}
2026-08-26 11:50:13,005 [INFO] [2L/2647](swap: 18, u: 0 | c_u: 0 | t_u_l: 77/992 | t_u_r: 69/992 | t_u: 146/1984) -> {'max_bond': 32, 'max_links': 4, 'total_elems': 40172, 'total_shapes': 2032, 'total_links': 390, 'num_tensors': 98}
2026-08-26 11:50:13,132 [INFO] [3L/2647](swap: 20, u: 0 | c_u: 0 | t_u_l: 77/992 | t_u_r: 69/992 | t_u: 146/1984) -> {'max_bond': 32, 'max_links': 4, 'total_elems': 49228, 'total_shapes': 2216, 'total_links': 390, 'num_tensors': 98}
2026-08-26 11:50:13,268 [INFO] [4L/2647](swap: 19, u: 1 | c_u: 1 | t_u_l: 78/992 | t_u_r: 69/992 | t_u: 147/1984) -> {'max_bond': 63, 'max_links': 4, 'total_elems': 62864, 'total_shapes': 2496, 'total_links': 390, 'num_tensors': 98}
2026-08-26 11:50:13,412 [INFO] [5L/2647](swap: 20, u: 1 | c_u: 2 | t_u_l: 79/992 | t_u_r: 69/992 | t_u: 148/1984) -> {'max_bond': 62, 'max_links': 4, 'total_elems': 81328, 'total_shapes': 2806, 'total_links': 390, 'num_tensors': 98}
2026-08-26 11:50:13,585 [INFO] [5R/2157](swap: 14, u: 0 | c_u: 2 | t_u_l: 79/992 | t_u_r: 69/992 | t_u: 148/1984) -> {'max_bond': 88, 'max_links': 4, 'total_elems': 115060, 'total_shapes': 3136, 'total_links': 390, 'num_tensors': 98}
2026-08-26 11:50:13,807 [INFO] [6L/2647](swap: 17, u: 1 | c_u: 3 | t_u_l: 80/992 | t_u_r: 69/992 | t_u: 149/1984) -> {'max_bond': 126, 'max_links': 4, 'total_elems': 172424, 'total_shapes': 3720, 'total_links': 390, 'num_tensors': 98}
2026-08-26 11:50:14,102 [INFO] [6R/2157](swap: 13, u: 0 | c_u: 3 | t_u_l: 80/992 | t_u_r: 69/992 | t_u: 149/1984) -> {'max_bond': 125, 'max_links': 4, 'total_elems': 270680, 'total_shapes': 4134, 'total_links': 390, 'num_tensors': 98}
2026-08-26 11:50:14,486 [INFO] [7R/2157](swap: 14, u: 0 | c_u: 3 | t_u_l: 80/992 | t_u_r: 69/992 | t_u: 149/1984) -> {'max_bond': 123, 'max_links': 4, 'total_elems': 291332, 'total_shapes': 4292, 'total_links': 390, 'num_tensors': 98}
2026-08-26 11:50:14,912 [INFO] [7L/2647](swap: 15, u: 0 | c_u: 3 | t_u_l: 80/992 | t_u_r: 69/992 | t_u: 149/1984) -> {'max_bond': 125, 'max_links': 4, 'total_elems': 381108, 'total_shapes': 4754, 'total_links': 390, 'num_tensors': 98}
2026-08-26 11:50:15,459 [INFO] [8L/2647](swap: 15, u: 0 | c_u: 3 | t_u_l: 80/992 | t_u_r: 69/992 | t_u: 149/1984) -> {'max_bond': 120, 'max_links': 4, 'total_elems': 467648, 'total_shapes': 5286, 'total_links': 390, 'num_tensors': 98}
2026-08-26 11:50:16,245 [INFO] [9L/2647](swap: 11, u: 0 | c_u: 3 | t_u_l: 80/992 | t_u_r: 69/992 | t_u: 149/1984) -> {'max_bond': 126, 'max_links': 4, 'total_elems': 551520, 'total_shapes': 5838, 'total_links': 390, 'num_tensors': 98}
2026-08-26 11:50:17,025 [INFO] [10L/2647](swap: 11, u: 0 | c_u: 3 | t_u_l: 80/992 | t_u_r: 69/992 | t_u: 149/1984) -> {'max_bond': 122, 'max_links': 4, 'total_elems': 578180, 'total_shapes': 6150, 'total_links': 390, 'num_tensors': 98}
2026-08-26 11:50:17,826 [INFO] [11L/2647](swap: 11, u: 0 | c_u: 3 | t_u_l: 80/992 | t_u_r: 69/992 | t_u: 149/1984) -> {'max_bond': 119, 'max_links': 4, 'total_elems': 660068, 'total_shapes': 6636, 'total_links': 390, 'num_tensors': 98}
2026-08-26 11:50:18,975 [INFO] [8R/2157](swap: 14, u: 1 | c_u: 4 | t_u_l: 80/992 | t_u_r: 70/992 | t_u: 150/1984) -> {'max_bond': 195, 'max_links': 4, 'total_elems': 802800, 'total_shapes': 7252, 'total_links': 390, 'num_tensors': 98}
2026-08-26 11:50:20,236 [INFO] [12L/2647](swap: 11, u: 1 | c_u: 5 | t_u_l: 81/992 | t_u_r: 70/992 | t_u: 151/1984) -> {'max_bond': 187, 'max_links': 4, 'total_elems': 995720, 'total_shapes': 7866, 'total_links': 390, 'num_tensors': 98}
2026-08-26 11:50:21,917 [INFO]     [start unswap] -> {'max_bond': 187, 'max_links': 4, 'total_elems': 995720, 'total_shapes': 7866, 'total_links': 390, 'num_tensors': 98}
2026-08-26 11:50:45,853 [INFO]     [0 | both | 0](candidate_pairs: 49/49 | new_swaps: 19 | total: 19) -> {'max_bond': 345, 'max_links': 4, 'total_elems': 1204844, 'total_shapes': 7908, 'total_links': 390, 'num_tensors': 98}
2026-08-26 11:50:51,911 [INFO]     [0 | both | 1](candidate_pairs: 48/48 | new_swaps: 27 | total: 46) -> {'max_bond': 139, 'max_links': 4, 'total_elems': 468004, 'total_shapes': 5434, 'total_links': 390, 'num_tensors': 98}
2026-08-26 11:50:52,983 [INFO]     [0 | left | 0](candidate_pairs: 49/49 | new_swaps: 19 | total: 65) -> {'max_bond': 137, 'max_links': 4, 'total_elems': 261772, 'total_shapes': 4352, 'total_links': 390, 'num_tensors': 98}
2026-08-26 11:50:53,480 [INFO]     [0 | left | 1](candidate_pairs: 48/48 | new_swaps: 24 | total: 89) -> {'max_bond': 68, 'max_links': 4, 'total_elems': 147152, 'total_shapes': 3458, 'total_links': 390, 'num_tensors': 98}
2026-08-26 11:50:53,766 [INFO]     [0 | right | 0](candidate_pairs: 49/49 | new_swaps: 12 | total: 101) -> {'max_bond': 68, 'max_links': 4, 'total_elems': 118572, 'total_shapes': 3182, 'total_links': 390, 'num_tensors': 98}
2026-08-26 11:50:54,015 [INFO]     [0 | right | 1](candidate_pairs: 48/48 | new_swaps: 9 | total: 110) -> {'max_bond': 69, 'max_links': 4, 'total_elems': 106056, 'total_shapes': 3024, 'total_links': 390, 'num_tensors': 98}
2026-08-26 11:50:54,450 [INFO]     [1 | both | 0](candidate_pairs: 49/49 | new_swaps: 19 | total: 19) -> {'max_bond': 66, 'max_links': 4, 'total_elems': 78824, 'total_shapes': 2658, 'total_links': 390, 'num_tensors': 98}
2026-08-26 11:50:54,774 [INFO]     [1 | both | 1](candidate_pairs: 48/48 | new_swaps: 13 | total: 32) -> {'max_bond': 66, 'max_links': 4, 'total_elems': 60324, 'total_shapes': 2354, 'total_links': 390, 'num_tensors': 98}
2026-08-26 11:50:54,930 [INFO]     [1 | left | 0](candidate_pairs: 49/49 | new_swaps: 9 | total: 41) -> {'max_bond': 66, 'max_links': 4, 'total_elems': 57520, 'total_shapes': 2270, 'total_links': 390, 'num_tensors': 98}
2026-08-26 11:50:55,081 [INFO]     [1 | left | 1](candidate_pairs: 48/48 | new_swaps: 6 | total: 47) -> {'max_bond': 66, 'max_links': 4, 'total_elems': 55984, 'total_shapes': 2224, 'total_links': 390, 'num_tensors': 98}
2026-08-26 11:50:55,225 [INFO]     [1 | right | 0](candidate_pairs: 49/49 | new_swaps: 7 | total: 54) -> {'max_bond': 66, 'max_links': 4, 'total_elems': 50300, 'total_shapes': 2146, 'total_links': 390, 'num_tensors': 98}
2026-08-26 11:50:55,363 [INFO]     [1 | right | 1](candidate_pairs: 48/48 | new_swaps: 5 | total: 59) -> {'max_bond': 35, 'max_links': 4, 'total_elems': 40624, 'total_shapes': 2032, 'total_links': 390, 'num_tensors': 98}
2026-08-26 11:50:55,609 [INFO]     [2 | both | 0](candidate_pairs: 49/49 | new_swaps: 8 | total: 8) -> {'max_bond': 34, 'max_links': 4, 'total_elems': 35052, 'total_shapes': 1942, 'total_links': 390, 'num_tensors': 98}
2026-08-26 11:50:55,836 [INFO]     [2 | both | 1](candidate_pairs: 48/48 | new_swaps: 6 | total: 14) -> {'max_bond': 34, 'max_links': 4, 'total_elems': 34224, 'total_shapes': 1910, 'total_links': 390, 'num_tensors': 98}
2026-08-26 11:50:55,959 [INFO]     [2 | left | 0](candidate_pairs: 49/49 | new_swaps: 4 | total: 18) -> {'max_bond': 34, 'max_links': 4, 'total_elems': 32944, 'total_shapes': 1878, 'total_links': 390, 'num_tensors': 98}
2026-08-26 11:50:56,080 [INFO]     [2 | left | 1](candidate_pairs: 48/48 | new_swaps: 3 | total: 21) -> {'max_bond': 34, 'max_links': 4, 'total_elems': 32284, 'total_shapes': 1860, 'total_links': 390, 'num_tensors': 98}
2026-08-26 11:50:56,194 [INFO]     [2 | right | 0](candidate_pairs: 49/49 | new_swaps: 1 | total: 22) -> {'max_bond': 34, 'max_links': 4, 'total_elems': 31904, 'total_shapes': 1850, 'total_links': 390, 'num_tensors': 98}
2026-08-26 11:50:56,313 [INFO]     [2 | right | 1](candidate_pairs: 48/48 | new_swaps: 3 | total: 25) -> {'max_bond': 34, 'max_links': 4, 'total_elems': 31020, 'total_shapes': 1828, 'total_links': 390, 'num_tensors': 98}
2026-08-26 11:50:56,533 [INFO]     [3 | both | 0](candidate_pairs: 49/49 | new_swaps: 4 | total: 4) -> {'max_bond': 34, 'max_links': 4, 'total_elems': 30196, 'total_shapes': 1798, 'total_links': 390, 'num_tensors': 98}
2026-08-26 11:50:56,737 [INFO]     [3 | both | 1](candidate_pairs: 48/48 | new_swaps: 1 | total: 5) -> {'max_bond': 34, 'max_links': 4, 'total_elems': 30092, 'total_shapes': 1794, 'total_links': 390, 'num_tensors': 98}
2026-08-26 11:50:56,852 [INFO]     [3 | left | 0](candidate_pairs: 49/49 | new_swaps: 1 | total: 6) -> {'max_bond': 34, 'max_links': 4, 'total_elems': 29996, 'total_shapes': 1790, 'total_links': 390, 'num_tensors': 98}
2026-08-26 11:50:56,913 [INFO]     [3 | left | 1](candidate_pairs: 48/48 | new_swaps: 0 | total: 6) -> {'max_bond': 34, 'max_links': 4, 'total_elems': 29996, 'total_shapes': 1790, 'total_links': 390, 'num_tensors': 98}
2026-08-26 11:50:56,968 [INFO]     [3 | right | 0](candidate_pairs: 49/49 | new_swaps: 0 | total: 6) -> {'max_bond': 34, 'max_links': 4, 'total_elems': 29996, 'total_shapes': 1790, 'total_links': 390, 'num_tensors': 98}
2026-08-26 11:50:57,067 [INFO]     [3 | right | 1](candidate_pairs: 48/48 | new_swaps: 1 | total: 7) -> {'max_bond': 34, 'max_links': 4, 'total_elems': 29916, 'total_shapes': 1786, 'total_links': 390, 'num_tensors': 98}
2026-08-26 11:50:57,185 [INFO]     [4 | both | 0](candidate_pairs: 49/49 | new_swaps: 0 | total: 0) -> {'max_bond': 34, 'max_links': 4, 'total_elems': 29916, 'total_shapes': 1786, 'total_links': 390, 'num_tensors': 98}
2026-08-26 11:50:57,305 [INFO]     [4 | both | 1](candidate_pairs: 48/48 | new_swaps: 0 | total: 0) -> {'max_bond': 34, 'max_links': 4, 'total_elems': 29916, 'total_shapes': 1786, 'total_links': 390, 'num_tensors': 98}
2026-08-26 11:50:57,362 [INFO]     [4 | left | 0](candidate_pairs: 49/49 | new_swaps: 0 | total: 0) -> {'max_bond': 34, 'max_links': 4, 'total_elems': 29916, 'total_shapes': 1786, 'total_links': 390, 'num_tensors': 98}
2026-08-26 11:50:57,422 [INFO]     [4 | left | 1](candidate_pairs: 48/48 | new_swaps: 0 | total: 0) -> {'max_bond': 34, 'max_links': 4, 'total_elems': 29916, 'total_shapes': 1786, 'total_links': 390, 'num_tensors': 98}
2026-08-26 11:50:57,480 [INFO]     [4 | right | 0](candidate_pairs: 49/49 | new_swaps: 0 | total: 0) -> {'max_bond': 34, 'max_links': 4, 'total_elems': 29916, 'total_shapes': 1786, 'total_links': 390, 'num_tensors': 98}
2026-08-26 11:50:57,540 [INFO]     [4 | right | 1](candidate_pairs: 48/48 | new_swaps: 0 | total: 0) -> {'max_bond': 34, 'max_links': 4, 'total_elems': 29916, 'total_shapes': 1786, 'total_links': 390, 'num_tensors': 98}
2026-08-26 11:50:57,541 [INFO]     [end unswap] -> {'max_bond': 34, 'max_links': 4, 'total_elems': 29916, 'total_shapes': 1786, 'total_links': 390, 'num_tensors': 98}
2026-08-26 11:50:57,634 [INFO] [start rewire](phase=post_unswap, cycle=32, side=left, layers=2637, trials=20, seed=123, parallel=False, route_candidates=2, route_score=lookahead_total)
2026-08-26 11:51:10,105 [INFO] [end rewire](phase=post_unswap, cycle=32, side=left, routed_layers=2615, elapsed_s=12.47)
2026-08-26 11:51:10,105 [INFO] [start rewire](phase=post_unswap, cycle=32, side=right, layers=2151, trials=20, seed=123, parallel=False, route_candidates=2, route_score=lookahead_total)
2026-08-26 11:51:21,175 [INFO] [end rewire](phase=post_unswap, cycle=32, side=right, routed_layers=2189, elapsed_s=11.07)
2026-08-26 11:51:21,409 [INFO] [1L/2613](swap: 22, u: 0 | c_u: 0 | t_u_l: 81/992 | t_u_r: 70/992 | t_u: 151/1984) -> {'max_bond': 34, 'max_links': 4, 'total_elems': 29916, 'total_shapes': 1786, 'total_links': 390, 'num_tensors': 98}
2026-08-26 11:51:21,537 [INFO] [1R/2187](swap: 17, u: 0 | c_u: 0 | t_u_l: 81/992 | t_u_r: 70/992 | t_u: 151/1984) -> {'max_bond': 34, 'max_links': 4, 'total_elems': 35216, 'total_shapes': 1950, 'total_links': 390, 'num_tensors': 98}
2026-08-26 11:51:21,675 [INFO] [2L/2613](swap: 23, u: 0 | c_u: 0 | t_u_l: 81/992 | t_u_r: 70/992 | t_u: 151/1984) -> {'max_bond': 56, 'max_links': 4, 'total_elems': 43156, 'total_shapes': 2120, 'total_links': 390, 'num_tensors': 98}
2026-08-26 11:51:21,825 [INFO] [3L/2613](swap: 21, u: 0 | c_u: 0 | t_u_l: 81/992 | t_u_r: 70/992 | t_u: 151/1984) -> {'max_bond': 56, 'max_links': 4, 'total_elems': 60156, 'total_shapes': 2412, 'total_links': 390, 'num_tensors': 98}
2026-08-26 11:51:21,981 [INFO] [2R/2187](swap: 17, u: 0 | c_u: 0 | t_u_l: 81/992 | t_u_r: 70/992 | t_u: 151/1984) -> {'max_bond': 56, 'max_links': 4, 'total_elems': 75944, 'total_shapes': 2672, 'total_links': 390, 'num_tensors': 98}
2026-08-26 11:51:22,167 [INFO] [4L/2613](swap: 21, u: 0 | c_u: 0 | t_u_l: 81/992 | t_u_r: 70/992 | t_u: 151/1984) -> {'max_bond': 71, 'max_links': 4, 'total_elems': 108108, 'total_shapes': 3062, 'total_links': 390, 'num_tensors': 98}
2026-08-26 11:51:22,396 [INFO] [5L/2613](swap: 22, u: 0 | c_u: 0 | t_u_l: 81/992 | t_u_r: 70/992 | t_u: 151/1984) -> {'max_bond': 95, 'max_links': 4, 'total_elems': 143100, 'total_shapes': 3484, 'total_links': 390, 'num_tensors': 98}
2026-08-26 11:51:22,665 [INFO] [6L/2613](swap: 19, u: 1 | c_u: 1 | t_u_l: 82/992 | t_u_r: 70/992 | t_u: 152/1984) -> {'max_bond': 94, 'max_links': 4, 'total_elems': 175928, 'total_shapes': 3882, 'total_links': 390, 'num_tensors': 98}
2026-08-26 11:51:22,964 [INFO] [7L/2613](swap: 15, u: 2 | c_u: 3 | t_u_l: 84/992 | t_u_r: 70/992 | t_u: 154/1984) -> {'max_bond': 95, 'max_links': 4, 'total_elems': 248648, 'total_shapes': 4618, 'total_links': 390, 'num_tensors': 98}
2026-08-26 11:51:23,311 [INFO] [8L/2613](swap: 10, u: 0 | c_u: 3 | t_u_l: 84/992 | t_u_r: 70/992 | t_u: 154/1984) -> {'max_bond': 92, 'max_links': 4, 'total_elems': 295020, 'total_shapes': 4934, 'total_links': 390, 'num_tensors': 98}
2026-08-26 11:51:23,703 [INFO] [9L/2613](swap: 6, u: 0 | c_u: 3 | t_u_l: 84/992 | t_u_r: 70/992 | t_u: 154/1984) -> {'max_bond': 97, 'max_links': 4, 'total_elems': 358704, 'total_shapes': 5250, 'total_links': 390, 'num_tensors': 98}
2026-08-26 11:51:24,154 [INFO] [10L/2613](swap: 8, u: 0 | c_u: 3 | t_u_l: 84/992 | t_u_r: 70/992 | t_u: 154/1984) -> {'max_bond': 87, 'max_links': 4, 'total_elems': 356920, 'total_shapes': 5274, 'total_links': 390, 'num_tensors': 98}
2026-08-26 11:51:24,637 [INFO] [11L/2613](swap: 8, u: 1 | c_u: 4 | t_u_l: 85/992 | t_u_r: 70/992 | t_u: 155/1984) -> {'max_bond': 252, 'max_links': 4, 'total_elems': 463420, 'total_shapes': 5794, 'total_links': 390, 'num_tensors': 98}
2026-08-26 11:51:25,358 [INFO] [12L/2613](swap: 8, u: 1 | c_u: 5 | t_u_l: 86/992 | t_u_r: 70/992 | t_u: 156/1984) -> {'max_bond': 246, 'max_links': 4, 'total_elems': 479864, 'total_shapes': 5960, 'total_links': 390, 'num_tensors': 98}
2026-08-26 11:51:26,009 [INFO] [13L/2613](swap: 10, u: 0 | c_u: 5 | t_u_l: 86/992 | t_u_r: 70/992 | t_u: 156/1984) -> {'max_bond': 239, 'max_links': 4, 'total_elems': 518468, 'total_shapes': 6178, 'total_links': 390, 'num_tensors': 98}
2026-08-26 11:51:26,872 [INFO] [3R/2187](swap: 19, u: 0 | c_u: 5 | t_u_l: 86/992 | t_u_r: 70/992 | t_u: 156/1984) -> {'max_bond': 232, 'max_links': 4, 'total_elems': 639508, 'total_shapes': 6748, 'total_links': 390, 'num_tensors': 98}
2026-08-26 11:51:27,896 [INFO] [14L/2613](swap: 11, u: 0 | c_u: 5 | t_u_l: 86/992 | t_u_r: 70/992 | t_u: 156/1984) -> {'max_bond': 225, 'max_links': 4, 'total_elems': 832428, 'total_shapes': 7248, 'total_links': 390, 'num_tensors': 98}
2026-08-26 11:51:29,449 [INFO] [15L/2613](swap: 12, u: 0 | c_u: 5 | t_u_l: 86/992 | t_u_r: 70/992 | t_u: 156/1984) -> {'max_bond': 215, 'max_links': 4, 'total_elems': 836768, 'total_shapes': 7324, 'total_links': 390, 'num_tensors': 98}
2026-08-26 11:51:30,743 [INFO] [16L/2613](swap: 13, u: 0 | c_u: 5 | t_u_l: 86/992 | t_u_r: 70/992 | t_u: 156/1984) -> {'max_bond': 209, 'max_links': 4, 'total_elems': 864520, 'total_shapes': 7666, 'total_links': 390, 'num_tensors': 98}
2026-08-26 11:51:32,258 [INFO]     [start unswap] -> {'max_bond': 209, 'max_links': 4, 'total_elems': 864520, 'total_shapes': 7666, 'total_links': 390, 'num_tensors': 98}
2026-08-26 11:51:47,202 [INFO]     [0 | both | 0](candidate_pairs: 49/49 | new_swaps: 9 | total: 9) -> {'max_bond': 199, 'max_links': 4, 'total_elems': 974172, 'total_shapes': 8054, 'total_links': 390, 'num_tensors': 98}
2026-08-26 11:51:52,076 [INFO]     [0 | both | 1](candidate_pairs: 48/48 | new_swaps: 22 | total: 31) -> {'max_bond': 103, 'max_links': 4, 'total_elems': 523784, 'total_shapes': 5968, 'total_links': 390, 'num_tensors': 98}
2026-08-26 11:51:53,767 [INFO]     [0 | left | 0](candidate_pairs: 49/49 | new_swaps: 30 | total: 61) -> {'max_bond': 95, 'max_links': 4, 'total_elems': 298304, 'total_shapes': 4672, 'total_links': 390, 'num_tensors': 98}
2026-08-26 11:51:54,459 [INFO]     [0 | left | 1](candidate_pairs: 48/48 | new_swaps: 29 | total: 90) -> {'max_bond': 56, 'max_links': 4, 'total_elems': 162028, 'total_shapes': 3618, 'total_links': 390, 'num_tensors': 98}
2026-08-26 11:51:54,812 [INFO]     [0 | right | 0](candidate_pairs: 49/49 | new_swaps: 13 | total: 103) -> {'max_bond': 56, 'max_links': 4, 'total_elems': 133660, 'total_shapes': 3294, 'total_links': 390, 'num_tensors': 98}
2026-08-26 11:51:55,130 [INFO]     [0 | right | 1](candidate_pairs: 48/48 | new_swaps: 15 | total: 118) -> {'max_bond': 56, 'max_links': 4, 'total_elems': 113864, 'total_shapes': 3058, 'total_links': 390, 'num_tensors': 98}
2026-08-26 11:51:55,555 [INFO]     [1 | both | 0](candidate_pairs: 49/49 | new_swaps: 19 | total: 19) -> {'max_bond': 56, 'max_links': 4, 'total_elems': 81344, 'total_shapes': 2630, 'total_links': 390, 'num_tensors': 98}
2026-08-26 11:51:55,896 [INFO]     [1 | both | 1](candidate_pairs: 48/48 | new_swaps: 13 | total: 32) -> {'max_bond': 45, 'max_links': 4, 'total_elems': 59556, 'total_shapes': 2320, 'total_links': 390, 'num_tensors': 98}
2026-08-26 11:51:56,053 [INFO]     [1 | left | 0](candidate_pairs: 49/49 | new_swaps: 12 | total: 44) -> {'max_bond': 42, 'max_links': 4, 'total_elems': 51232, 'total_shapes': 2172, 'total_links': 390, 'num_tensors': 98}
2026-08-26 11:51:56,207 [INFO]     [1 | left | 1](candidate_pairs: 48/48 | new_swaps: 7 | total: 51) -> {'max_bond': 42, 'max_links': 4, 'total_elems': 43108, 'total_shapes': 2064, 'total_links': 390, 'num_tensors': 98}
2026-08-26 11:51:56,333 [INFO]     [1 | right | 0](candidate_pairs: 49/49 | new_swaps: 5 | total: 56) -> {'max_bond': 42, 'max_links': 4, 'total_elems': 37996, 'total_shapes': 1978, 'total_links': 390, 'num_tensors': 98}
2026-08-26 11:51:56,460 [INFO]     [1 | right | 1](candidate_pairs: 48/48 | new_swaps: 5 | total: 61) -> {'max_bond': 42, 'max_links': 4, 'total_elems': 35028, 'total_shapes': 1922, 'total_links': 390, 'num_tensors': 98}
2026-08-26 11:51:56,690 [INFO]     [2 | both | 0](candidate_pairs: 49/49 | new_swaps: 12 | total: 12) -> {'max_bond': 42, 'max_links': 4, 'total_elems': 30180, 'total_shapes': 1800, 'total_links': 390, 'num_tensors': 98}
2026-08-26 11:51:56,910 [INFO]     [2 | both | 1](candidate_pairs: 48/48 | new_swaps: 6 | total: 18) -> {'max_bond': 42, 'max_links': 4, 'total_elems': 27772, 'total_shapes': 1728, 'total_links': 390, 'num_tensors': 98}
2026-08-26 11:51:57,023 [INFO]     [2 | left | 0](candidate_pairs: 49/49 | new_swaps: 3 | total: 21) -> {'max_bond': 42, 'max_links': 4, 'total_elems': 27052, 'total_shapes': 1698, 'total_links': 390, 'num_tensors': 98}
2026-08-26 11:51:57,140 [INFO]     [2 | left | 1](candidate_pairs: 48/48 | new_swaps: 4 | total: 25) -> {'max_bond': 42, 'max_links': 4, 'total_elems': 25820, 'total_shapes': 1668, 'total_links': 390, 'num_tensors': 98}
2026-08-26 11:51:57,248 [INFO]     [2 | right | 0](candidate_pairs: 49/49 | new_swaps: 3 | total: 28) -> {'max_bond': 42, 'max_links': 4, 'total_elems': 25500, 'total_shapes': 1658, 'total_links': 390, 'num_tensors': 98}
2026-08-26 11:51:57,303 [INFO]     [2 | right | 1](candidate_pairs: 48/48 | new_swaps: 0 | total: 28) -> {'max_bond': 42, 'max_links': 4, 'total_elems': 25500, 'total_shapes': 1658, 'total_links': 390, 'num_tensors': 98}
2026-08-26 11:51:57,515 [INFO]     [3 | both | 0](candidate_pairs: 49/49 | new_swaps: 10 | total: 10) -> {'max_bond': 42, 'max_links': 4, 'total_elems': 23244, 'total_shapes': 1588, 'total_links': 390, 'num_tensors': 98}
2026-08-26 11:51:57,718 [INFO]     [3 | both | 1](candidate_pairs: 48/48 | new_swaps: 5 | total: 15) -> {'max_bond': 42, 'max_links': 4, 'total_elems': 22460, 'total_shapes': 1556, 'total_links': 390, 'num_tensors': 98}
2026-08-26 11:51:57,810 [INFO]     [3 | left | 0](candidate_pairs: 49/49 | new_swaps: 1 | total: 16) -> {'max_bond': 42, 'max_links': 4, 'total_elems': 22412, 'total_shapes': 1550, 'total_links': 390, 'num_tensors': 98}
2026-08-26 11:51:57,921 [INFO]     [3 | left | 1](candidate_pairs: 48/48 | new_swaps: 2 | total: 18) -> {'max_bond': 42, 'max_links': 4, 'total_elems': 22320, 'total_shapes': 1546, 'total_links': 390, 'num_tensors': 98}
2026-08-26 11:51:57,972 [INFO]     [3 | right | 0](candidate_pairs: 49/49 | new_swaps: 0 | total: 18) -> {'max_bond': 42, 'max_links': 4, 'total_elems': 22320, 'total_shapes': 1546, 'total_links': 390, 'num_tensors': 98}
2026-08-26 11:51:58,025 [INFO]     [3 | right | 1](candidate_pairs: 48/48 | new_swaps: 0 | total: 18) -> {'max_bond': 42, 'max_links': 4, 'total_elems': 22320, 'total_shapes': 1546, 'total_links': 390, 'num_tensors': 98}
2026-08-26 11:51:58,230 [INFO]     [4 | both | 0](candidate_pairs: 49/49 | new_swaps: 6 | total: 6) -> {'max_bond': 42, 'max_links': 4, 'total_elems': 21432, 'total_shapes': 1516, 'total_links': 390, 'num_tensors': 98}
2026-08-26 11:51:58,429 [INFO]     [4 | both | 1](candidate_pairs: 48/48 | new_swaps: 4 | total: 10) -> {'max_bond': 42, 'max_links': 4, 'total_elems': 21004, 'total_shapes': 1492, 'total_links': 390, 'num_tensors': 98}
2026-08-26 11:51:58,537 [INFO]     [4 | left | 0](candidate_pairs: 49/49 | new_swaps: 3 | total: 13) -> {'max_bond': 42, 'max_links': 4, 'total_elems': 20744, 'total_shapes': 1478, 'total_links': 390, 'num_tensors': 98}
2026-08-26 11:51:58,647 [INFO]     [4 | left | 1](candidate_pairs: 48/48 | new_swaps: 3 | total: 16) -> {'max_bond': 42, 'max_links': 4, 'total_elems': 20500, 'total_shapes': 1468, 'total_links': 390, 'num_tensors': 98}
2026-08-26 11:51:58,698 [INFO]     [4 | right | 0](candidate_pairs: 49/49 | new_swaps: 0 | total: 16) -> {'max_bond': 42, 'max_links': 4, 'total_elems': 20500, 'total_shapes': 1468, 'total_links': 390, 'num_tensors': 98}
2026-08-26 11:51:58,748 [INFO]     [4 | right | 1](candidate_pairs: 48/48 | new_swaps: 0 | total: 16) -> {'max_bond': 42, 'max_links': 4, 'total_elems': 20500, 'total_shapes': 1468, 'total_links': 390, 'num_tensors': 98}
2026-08-26 11:51:58,945 [INFO]     [5 | both | 0](candidate_pairs: 49/49 | new_swaps: 4 | total: 4) -> {'max_bond': 42, 'max_links': 4, 'total_elems': 20044, 'total_shapes': 1442, 'total_links': 390, 'num_tensors': 98}
2026-08-26 11:51:59,140 [INFO]     [5 | both | 1](candidate_pairs: 48/48 | new_swaps: 3 | total: 7) -> {'max_bond': 42, 'max_links': 4, 'total_elems': 19940, 'total_shapes': 1434, 'total_links': 390, 'num_tensors': 98}
2026-08-26 11:51:59,246 [INFO]     [5 | left | 0](candidate_pairs: 49/49 | new_swaps: 2 | total: 9) -> {'max_bond': 42, 'max_links': 4, 'total_elems': 19868, 'total_shapes': 1428, 'total_links': 390, 'num_tensors': 98}
2026-08-26 11:51:59,298 [INFO]     [5 | left | 1](candidate_pairs: 48/48 | new_swaps: 0 | total: 9) -> {'max_bond': 42, 'max_links': 4, 'total_elems': 19868, 'total_shapes': 1428, 'total_links': 390, 'num_tensors': 98}
2026-08-26 11:51:59,348 [INFO]     [5 | right | 0](candidate_pairs: 49/49 | new_swaps: 0 | total: 9) -> {'max_bond': 42, 'max_links': 4, 'total_elems': 19868, 'total_shapes': 1428, 'total_links': 390, 'num_tensors': 98}
2026-08-26 11:51:59,397 [INFO]     [5 | right | 1](candidate_pairs: 48/48 | new_swaps: 0 | total: 9) -> {'max_bond': 42, 'max_links': 4, 'total_elems': 19868, 'total_shapes': 1428, 'total_links': 390, 'num_tensors': 98}
2026-08-26 11:51:59,499 [INFO]     [6 | both | 0](candidate_pairs: 49/49 | new_swaps: 0 | total: 0) -> {'max_bond': 42, 'max_links': 4, 'total_elems': 19868, 'total_shapes': 1428, 'total_links': 390, 'num_tensors': 98}
2026-08-26 11:51:59,600 [INFO]     [6 | both | 1](candidate_pairs: 48/48 | new_swaps: 0 | total: 0) -> {'max_bond': 42, 'max_links': 4, 'total_elems': 19868, 'total_shapes': 1428, 'total_links': 390, 'num_tensors': 98}
2026-08-26 11:51:59,651 [INFO]     [6 | left | 0](candidate_pairs: 49/49 | new_swaps: 0 | total: 0) -> {'max_bond': 42, 'max_links': 4, 'total_elems': 19868, 'total_shapes': 1428, 'total_links': 390, 'num_tensors': 98}
2026-08-26 11:51:59,703 [INFO]     [6 | left | 1](candidate_pairs: 48/48 | new_swaps: 0 | total: 0) -> {'max_bond': 42, 'max_links': 4, 'total_elems': 19868, 'total_shapes': 1428, 'total_links': 390, 'num_tensors': 98}
2026-08-26 11:51:59,753 [INFO]     [6 | right | 0](candidate_pairs: 49/49 | new_swaps: 0 | total: 0) -> {'max_bond': 42, 'max_links': 4, 'total_elems': 19868, 'total_shapes': 1428, 'total_links': 390, 'num_tensors': 98}
2026-08-26 11:51:59,803 [INFO]     [6 | right | 1](candidate_pairs: 48/48 | new_swaps: 0 | total: 0) -> {'max_bond': 42, 'max_links': 4, 'total_elems': 19868, 'total_shapes': 1428, 'total_links': 390, 'num_tensors': 98}
2026-08-26 11:51:59,804 [INFO]     [end unswap] -> {'max_bond': 42, 'max_links': 4, 'total_elems': 19868, 'total_shapes': 1428, 'total_links': 390, 'num_tensors': 98}
2026-08-26 11:51:59,901 [INFO] [start rewire](phase=post_unswap, cycle=33, side=left, layers=2599, trials=20, seed=123, parallel=False, route_candidates=2, route_score=lookahead_total)
2026-08-26 11:52:12,372 [INFO] [end rewire](phase=post_unswap, cycle=33, side=left, routed_layers=2292, elapsed_s=12.47)
2026-08-26 11:52:12,372 [INFO] [start rewire](phase=post_unswap, cycle=33, side=right, layers=2186, trials=20, seed=123, parallel=False, route_candidates=2, route_score=lookahead_total)
2026-08-26 11:52:22,543 [INFO] [end rewire](phase=post_unswap, cycle=33, side=right, routed_layers=2228, elapsed_s=10.17)
2026-08-26 11:52:22,757 [INFO] [1L/2290](swap: 21, u: 0 | c_u: 0 | t_u_l: 86/992 | t_u_r: 70/992 | t_u: 156/1984) -> {'max_bond': 42, 'max_links': 4, 'total_elems': 19868, 'total_shapes': 1428, 'total_links': 390, 'num_tensors': 98}
2026-08-26 11:52:22,874 [INFO] [2L/2290](swap: 22, u: 0 | c_u: 0 | t_u_l: 86/992 | t_u_r: 70/992 | t_u: 156/1984) -> {'max_bond': 42, 'max_links': 4, 'total_elems': 22612, 'total_shapes': 1540, 'total_links': 390, 'num_tensors': 98}
2026-08-26 11:52:22,993 [INFO] [1R/2226](swap: 16, u: 0 | c_u: 0 | t_u_l: 86/992 | t_u_r: 70/992 | t_u: 156/1984) -> {'max_bond': 42, 'max_links': 4, 'total_elems': 25860, 'total_shapes': 1622, 'total_links': 390, 'num_tensors': 98}
2026-08-26 11:52:23,116 [INFO] [3L/2290](swap: 22, u: 0 | c_u: 0 | t_u_l: 86/992 | t_u_r: 70/992 | t_u: 156/1984) -> {'max_bond': 42, 'max_links': 4, 'total_elems': 33264, 'total_shapes': 1806, 'total_links': 390, 'num_tensors': 98}
2026-08-26 11:52:23,247 [INFO] [2R/2226](swap: 14, u: 0 | c_u: 0 | t_u_l: 86/992 | t_u_r: 70/992 | t_u: 156/1984) -> {'max_bond': 63, 'max_links': 4, 'total_elems': 45992, 'total_shapes': 1948, 'total_links': 390, 'num_tensors': 98}
2026-08-26 11:52:23,382 [INFO] [4L/2290](swap: 19, u: 0 | c_u: 0 | t_u_l: 86/992 | t_u_r: 70/992 | t_u: 156/1984) -> {'max_bond': 46, 'max_links': 4, 'total_elems': 48804, 'total_shapes': 2094, 'total_links': 390, 'num_tensors': 98}
2026-08-26 11:52:23,518 [INFO] [5L/2290](swap: 18, u: 0 | c_u: 0 | t_u_l: 86/992 | t_u_r: 70/992 | t_u: 156/1984) -> {'max_bond': 44, 'max_links': 4, 'total_elems': 53596, 'total_shapes': 2260, 'total_links': 390, 'num_tensors': 98}
2026-08-26 11:52:23,665 [INFO] [3R/2226](swap: 15, u: 0 | c_u: 0 | t_u_l: 86/992 | t_u_r: 70/992 | t_u: 156/1984) -> {'max_bond': 47, 'max_links': 4, 'total_elems': 63016, 'total_shapes': 2454, 'total_links': 390, 'num_tensors': 98}
2026-08-26 11:52:23,825 [INFO] [4R/2226](swap: 14, u: 0 | c_u: 0 | t_u_l: 86/992 | t_u_r: 70/992 | t_u: 156/1984) -> {'max_bond': 48, 'max_links': 4, 'total_elems': 70500, 'total_shapes': 2568, 'total_links': 390, 'num_tensors': 98}
2026-08-26 11:52:23,996 [INFO] [6L/2290](swap: 13, u: 4 | c_u: 4 | t_u_l: 90/992 | t_u_r: 70/992 | t_u: 160/1984) -> {'max_bond': 48, 'max_links': 4, 'total_elems': 90064, 'total_shapes': 2832, 'total_links': 390, 'num_tensors': 98}
2026-08-26 11:52:24,178 [INFO] [7L/2290](swap: 13, u: 1 | c_u: 5 | t_u_l: 91/992 | t_u_r: 70/992 | t_u: 161/1984) -> {'max_bond': 64, 'max_links': 4, 'total_elems': 111200, 'total_shapes': 3154, 'total_links': 390, 'num_tensors': 98}
2026-08-26 11:52:24,405 [INFO] [5R/2226](swap: 15, u: 0 | c_u: 5 | t_u_l: 91/992 | t_u_r: 70/992 | t_u: 161/1984) -> {'max_bond': 96, 'max_links': 4, 'total_elems': 135800, 'total_shapes': 3416, 'total_links': 390, 'num_tensors': 98}
2026-08-26 11:52:24,643 [INFO] [8L/2290](swap: 13, u: 1 | c_u: 6 | t_u_l: 92/992 | t_u_r: 70/992 | t_u: 162/1984) -> {'max_bond': 96, 'max_links': 4, 'total_elems': 178016, 'total_shapes': 3846, 'total_links': 390, 'num_tensors': 98}
2026-08-26 11:52:24,910 [INFO] [9L/2290](swap: 11, u: 0 | c_u: 6 | t_u_l: 92/992 | t_u_r: 70/992 | t_u: 162/1984) -> {'max_bond': 96, 'max_links': 4, 'total_elems': 228004, 'total_shapes': 4268, 'total_links': 390, 'num_tensors': 98}
2026-08-26 11:52:25,234 [INFO] [10L/2290](swap: 13, u: 0 | c_u: 6 | t_u_l: 92/992 | t_u_r: 70/992 | t_u: 162/1984) -> {'max_bond': 96, 'max_links': 4, 'total_elems': 258712, 'total_shapes': 4522, 'total_links': 390, 'num_tensors': 98}
2026-08-26 11:52:25,604 [INFO] [11L/2290](swap: 15, u: 0 | c_u: 6 | t_u_l: 92/992 | t_u_r: 70/992 | t_u: 162/1984) -> {'max_bond': 96, 'max_links': 4, 'total_elems': 307504, 'total_shapes': 4910, 'total_links': 390, 'num_tensors': 98}
2026-08-26 11:52:26,096 [INFO] [6R/2226](swap: 12, u: 0 | c_u: 6 | t_u_l: 92/992 | t_u_r: 70/992 | t_u: 162/1984) -> {'max_bond': 126, 'max_links': 4, 'total_elems': 407480, 'total_shapes': 5346, 'total_links': 390, 'num_tensors': 98}
2026-08-26 11:52:26,674 [INFO] [7R/2226](swap: 10, u: 0 | c_u: 6 | t_u_l: 92/992 | t_u_r: 70/992 | t_u: 162/1984) -> {'max_bond': 125, 'max_links': 4, 'total_elems': 398376, 'total_shapes': 5352, 'total_links': 390, 'num_tensors': 98}
2026-08-26 11:52:27,258 [INFO] [8R/2226](swap: 9, u: 0 | c_u: 6 | t_u_l: 92/992 | t_u_r: 70/992 | t_u: 162/1984) -> {'max_bond': 127, 'max_links': 4, 'total_elems': 443672, 'total_shapes': 5548, 'total_links': 390, 'num_tensors': 98}
2026-08-26 11:52:28,006 [INFO] [9R/2226](swap: 9, u: 0 | c_u: 6 | t_u_l: 92/992 | t_u_r: 70/992 | t_u: 162/1984) -> {'max_bond': 125, 'max_links': 4, 'total_elems': 484784, 'total_shapes': 5638, 'total_links': 390, 'num_tensors': 98}
2026-08-26 11:52:28,781 [INFO] [10R/2226](swap: 9, u: 0 | c_u: 6 | t_u_l: 92/992 | t_u_r: 70/992 | t_u: 162/1984) -> {'max_bond': 121, 'max_links': 4, 'total_elems': 489088, 'total_shapes': 5716, 'total_links': 390, 'num_tensors': 98}
2026-08-26 11:52:29,464 [INFO] [11R/2226](swap: 5, u: 2 | c_u: 8 | t_u_l: 92/992 | t_u_r: 72/992 | t_u: 164/1984) -> {'max_bond': 120, 'max_links': 4, 'total_elems': 482036, 'total_shapes': 5676, 'total_links': 390, 'num_tensors': 98}
2026-08-26 11:52:30,189 [INFO] [12R/2226](swap: 6, u: 1 | c_u: 9 | t_u_l: 92/992 | t_u_r: 73/992 | t_u: 165/1984) -> {'max_bond': 118, 'max_links': 4, 'total_elems': 489852, 'total_shapes': 5734, 'total_links': 390, 'num_tensors': 98}
2026-08-26 11:52:30,958 [INFO] [13R/2226](swap: 8, u: 0 | c_u: 9 | t_u_l: 92/992 | t_u_r: 73/992 | t_u: 165/1984) -> {'max_bond': 126, 'max_links': 4, 'total_elems': 514036, 'total_shapes': 5872, 'total_links': 390, 'num_tensors': 98}
2026-08-26 11:52:31,668 [INFO] [14R/2226](swap: 9, u: 1 | c_u: 10 | t_u_l: 92/992 | t_u_r: 74/992 | t_u: 166/1984) -> {'max_bond': 124, 'max_links': 4, 'total_elems': 539792, 'total_shapes': 5982, 'total_links': 390, 'num_tensors': 98}
2026-08-26 11:52:32,539 [INFO] [12L/2290](swap: 15, u: 0 | c_u: 10 | t_u_l: 92/992 | t_u_r: 74/992 | t_u: 166/1984) -> {'max_bond': 120, 'max_links': 4, 'total_elems': 627104, 'total_shapes': 6400, 'total_links': 390, 'num_tensors': 98}
2026-08-26 11:52:33,547 [INFO] [13L/2290](swap: 12, u: 1 | c_u: 11 | t_u_l: 93/992 | t_u_r: 74/992 | t_u: 167/1984) -> {'max_bond': 130, 'max_links': 4, 'total_elems': 662128, 'total_shapes': 6648, 'total_links': 390, 'num_tensors': 98}
2026-08-26 11:52:34,529 [INFO] [14L/2290](swap: 10, u: 1 | c_u: 12 | t_u_l: 94/992 | t_u_r: 74/992 | t_u: 168/1984) -> {'max_bond': 146, 'max_links': 4, 'total_elems': 686480, 'total_shapes': 6752, 'total_links': 390, 'num_tensors': 98}
2026-08-26 11:52:35,534 [INFO] [15R/2226](swap: 7, u: 0 | c_u: 12 | t_u_l: 94/992 | t_u_r: 74/992 | t_u: 168/1984) -> {'max_bond': 138, 'max_links': 4, 'total_elems': 768568, 'total_shapes': 7004, 'total_links': 390, 'num_tensors': 98}
2026-08-26 11:52:37,149 [INFO] [15L/2290](swap: 10, u: 0 | c_u: 12 | t_u_l: 94/992 | t_u_r: 74/992 | t_u: 168/1984) -> {'max_bond': 240, 'max_links': 4, 'total_elems': 815640, 'total_shapes': 7008, 'total_links': 390, 'num_tensors': 98}
2026-08-26 11:52:38,581 [INFO] [16L/2290](swap: 11, u: 0 | c_u: 12 | t_u_l: 94/992 | t_u_r: 74/992 | t_u: 168/1984) -> {'max_bond': 224, 'max_links': 4, 'total_elems': 892316, 'total_shapes': 7160, 'total_links': 390, 'num_tensors': 98}
2026-08-26 11:52:40,157 [INFO] [17L/2290](swap: 11, u: 1 | c_u: 13 | t_u_l: 95/992 | t_u_r: 74/992 | t_u: 169/1984) -> {'max_bond': 216, 'max_links': 4, 'total_elems': 976096, 'total_shapes': 7372, 'total_links': 390, 'num_tensors': 98}
2026-08-26 11:52:42,096 [INFO]     [start unswap] -> {'max_bond': 216, 'max_links': 4, 'total_elems': 976096, 'total_shapes': 7372, 'total_links': 390, 'num_tensors': 98}
2026-08-26 11:52:55,094 [INFO]     [0 | both | 0](candidate_pairs: 49/49 | new_swaps: 21 | total: 21) -> {'max_bond': 191, 'max_links': 4, 'total_elems': 795708, 'total_shapes': 6674, 'total_links': 390, 'num_tensors': 98}
2026-08-26 11:52:58,928 [INFO]     [0 | both | 1](candidate_pairs: 48/48 | new_swaps: 28 | total: 49) -> {'max_bond': 140, 'max_links': 4, 'total_elems': 319704, 'total_shapes': 4494, 'total_links': 390, 'num_tensors': 98}
2026-08-26 11:52:59,711 [INFO]     [0 | left | 0](candidate_pairs: 49/49 | new_swaps: 21 | total: 70) -> {'max_bond': 127, 'max_links': 4, 'total_elems': 221608, 'total_shapes': 3804, 'total_links': 390, 'num_tensors': 98}
2026-08-26 11:53:00,224 [INFO]     [0 | left | 1](candidate_pairs: 48/48 | new_swaps: 18 | total: 88) -> {'max_bond': 64, 'max_links': 4, 'total_elems': 170852, 'total_shapes': 3476, 'total_links': 390, 'num_tensors': 98}
2026-08-26 11:53:00,532 [INFO]     [0 | right | 0](candidate_pairs: 49/49 | new_swaps: 15 | total: 103) -> {'max_bond': 64, 'max_links': 4, 'total_elems': 146172, 'total_shapes': 3156, 'total_links': 390, 'num_tensors': 98}
2026-08-26 11:53:00,828 [INFO]     [0 | right | 1](candidate_pairs: 48/48 | new_swaps: 8 | total: 111) -> {'max_bond': 64, 'max_links': 4, 'total_elems': 139804, 'total_shapes': 3036, 'total_links': 390, 'num_tensors': 98}
2026-08-26 11:53:01,361 [INFO]     [1 | both | 0](candidate_pairs: 49/49 | new_swaps: 14 | total: 14) -> {'max_bond': 64, 'max_links': 4, 'total_elems': 120460, 'total_shapes': 2818, 'total_links': 390, 'num_tensors': 98}
2026-08-26 11:53:01,883 [INFO]     [1 | both | 1](candidate_pairs: 48/48 | new_swaps: 10 | total: 24) -> {'max_bond': 64, 'max_links': 4, 'total_elems': 110128, 'total_shapes': 2646, 'total_links': 390, 'num_tensors': 98}
2026-08-26 11:53:02,113 [INFO]     [1 | left | 0](candidate_pairs: 49/49 | new_swaps: 9 | total: 33) -> {'max_bond': 64, 'max_links': 4, 'total_elems': 104164, 'total_shapes': 2538, 'total_links': 390, 'num_tensors': 98}
2026-08-26 11:53:02,352 [INFO]     [1 | left | 1](candidate_pairs: 48/48 | new_swaps: 4 | total: 37) -> {'max_bond': 64, 'max_links': 4, 'total_elems': 101308, 'total_shapes': 2486, 'total_links': 390, 'num_tensors': 98}
2026-08-26 11:53:02,555 [INFO]     [1 | right | 0](candidate_pairs: 49/49 | new_swaps: 3 | total: 40) -> {'max_bond': 64, 'max_links': 4, 'total_elems': 100760, 'total_shapes': 2472, 'total_links': 390, 'num_tensors': 98}
2026-08-26 11:53:02,786 [INFO]     [1 | right | 1](candidate_pairs: 48/48 | new_swaps: 4 | total: 44) -> {'max_bond': 64, 'max_links': 4, 'total_elems': 96992, 'total_shapes': 2418, 'total_links': 390, 'num_tensors': 98}
2026-08-26 11:53:03,176 [INFO]     [2 | both | 0](candidate_pairs: 49/49 | new_swaps: 6 | total: 6) -> {'max_bond': 64, 'max_links': 4, 'total_elems': 93400, 'total_shapes': 2366, 'total_links': 390, 'num_tensors': 98}
2026-08-26 11:53:03,635 [INFO]     [2 | both | 1](candidate_pairs: 48/48 | new_swaps: 6 | total: 12) -> {'max_bond': 64, 'max_links': 4, 'total_elems': 91164, 'total_shapes': 2318, 'total_links': 390, 'num_tensors': 98}
2026-08-26 11:53:03,838 [INFO]     [2 | left | 0](candidate_pairs: 49/49 | new_swaps: 7 | total: 19) -> {'max_bond': 64, 'max_links': 4, 'total_elems': 85652, 'total_shapes': 2236, 'total_links': 390, 'num_tensors': 98}
2026-08-26 11:53:04,053 [INFO]     [2 | left | 1](candidate_pairs: 48/48 | new_swaps: 2 | total: 21) -> {'max_bond': 64, 'max_links': 4, 'total_elems': 84916, 'total_shapes': 2222, 'total_links': 390, 'num_tensors': 98}
2026-08-26 11:53:04,219 [INFO]     [2 | right | 0](candidate_pairs: 49/49 | new_swaps: 1 | total: 22) -> {'max_bond': 64, 'max_links': 4, 'total_elems': 84372, 'total_shapes': 2216, 'total_links': 390, 'num_tensors': 98}
2026-08-26 11:53:04,414 [INFO]     [2 | right | 1](candidate_pairs: 48/48 | new_swaps: 1 | total: 23) -> {'max_bond': 64, 'max_links': 4, 'total_elems': 83796, 'total_shapes': 2208, 'total_links': 390, 'num_tensors': 98}
2026-08-26 11:53:04,779 [INFO]     [3 | both | 0](candidate_pairs: 49/49 | new_swaps: 5 | total: 5) -> {'max_bond': 64, 'max_links': 4, 'total_elems': 80844, 'total_shapes': 2166, 'total_links': 390, 'num_tensors': 98}
2026-08-26 11:53:05,200 [INFO]     [3 | both | 1](candidate_pairs: 48/48 | new_swaps: 5 | total: 10) -> {'max_bond': 64, 'max_links': 4, 'total_elems': 72380, 'total_shapes': 2068, 'total_links': 390, 'num_tensors': 98}
2026-08-26 11:53:05,376 [INFO]     [3 | left | 0](candidate_pairs: 49/49 | new_swaps: 2 | total: 12) -> {'max_bond': 64, 'max_links': 4, 'total_elems': 66004, 'total_shapes': 2000, 'total_links': 390, 'num_tensors': 98}
2026-08-26 11:53:05,559 [INFO]     [3 | left | 1](candidate_pairs: 48/48 | new_swaps: 2 | total: 14) -> {'max_bond': 64, 'max_links': 4, 'total_elems': 65724, 'total_shapes': 1994, 'total_links': 390, 'num_tensors': 98}
2026-08-26 11:53:05,723 [INFO]     [3 | right | 0](candidate_pairs: 49/49 | new_swaps: 2 | total: 16) -> {'max_bond': 64, 'max_links': 4, 'total_elems': 62396, 'total_shapes': 1956, 'total_links': 390, 'num_tensors': 98}
2026-08-26 11:53:05,897 [INFO]     [3 | right | 1](candidate_pairs: 48/48 | new_swaps: 2 | total: 18) -> {'max_bond': 64, 'max_links': 4, 'total_elems': 58972, 'total_shapes': 1916, 'total_links': 390, 'num_tensors': 98}
2026-08-26 11:53:06,204 [INFO]     [4 | both | 0](candidate_pairs: 49/49 | new_swaps: 4 | total: 4) -> {'max_bond': 64, 'max_links': 4, 'total_elems': 55608, 'total_shapes': 1872, 'total_links': 390, 'num_tensors': 98}
2026-08-26 11:53:06,506 [INFO]     [4 | both | 1](candidate_pairs: 48/48 | new_swaps: 1 | total: 5) -> {'max_bond': 64, 'max_links': 4, 'total_elems': 55404, 'total_shapes': 1866, 'total_links': 390, 'num_tensors': 98}
2026-08-26 11:53:06,646 [INFO]     [4 | left | 0](candidate_pairs: 49/49 | new_swaps: 1 | total: 6) -> {'max_bond': 64, 'max_links': 4, 'total_elems': 54364, 'total_shapes': 1840, 'total_links': 390, 'num_tensors': 98}
2026-08-26 11:53:06,808 [INFO]     [4 | left | 1](candidate_pairs: 48/48 | new_swaps: 3 | total: 9) -> {'max_bond': 64, 'max_links': 4, 'total_elems': 54268, 'total_shapes': 1836, 'total_links': 390, 'num_tensors': 98}
2026-08-26 11:53:06,970 [INFO]     [4 | right | 0](candidate_pairs: 49/49 | new_swaps: 2 | total: 11) -> {'max_bond': 64, 'max_links': 4, 'total_elems': 54012, 'total_shapes': 1828, 'total_links': 390, 'num_tensors': 98}
2026-08-26 11:53:07,149 [INFO]     [4 | right | 1](candidate_pairs: 48/48 | new_swaps: 2 | total: 13) -> {'max_bond': 64, 'max_links': 4, 'total_elems': 53820, 'total_shapes': 1820, 'total_links': 390, 'num_tensors': 98}
2026-08-26 11:53:07,450 [INFO]     [5 | both | 0](candidate_pairs: 49/49 | new_swaps: 2 | total: 2) -> {'max_bond': 64, 'max_links': 4, 'total_elems': 53576, 'total_shapes': 1808, 'total_links': 390, 'num_tensors': 98}
2026-08-26 11:53:07,668 [INFO]     [5 | both | 1](candidate_pairs: 48/48 | new_swaps: 0 | total: 2) -> {'max_bond': 64, 'max_links': 4, 'total_elems': 53576, 'total_shapes': 1808, 'total_links': 390, 'num_tensors': 98}
2026-08-26 11:53:07,830 [INFO]     [5 | left | 0](candidate_pairs: 49/49 | new_swaps: 1 | total: 3) -> {'max_bond': 64, 'max_links': 4, 'total_elems': 53544, 'total_shapes': 1806, 'total_links': 390, 'num_tensors': 98}
2026-08-26 11:53:07,995 [INFO]     [5 | left | 1](candidate_pairs: 48/48 | new_swaps: 3 | total: 6) -> {'max_bond': 64, 'max_links': 4, 'total_elems': 53424, 'total_shapes': 1800, 'total_links': 390, 'num_tensors': 98}
2026-08-26 11:53:08,089 [INFO]     [5 | right | 0](candidate_pairs: 49/49 | new_swaps: 0 | total: 6) -> {'max_bond': 64, 'max_links': 4, 'total_elems': 53424, 'total_shapes': 1800, 'total_links': 390, 'num_tensors': 98}
2026-08-26 11:53:08,186 [INFO]     [5 | right | 1](candidate_pairs: 48/48 | new_swaps: 0 | total: 6) -> {'max_bond': 64, 'max_links': 4, 'total_elems': 53424, 'total_shapes': 1800, 'total_links': 390, 'num_tensors': 98}
2026-08-26 11:53:08,389 [INFO]     [6 | both | 0](candidate_pairs: 49/49 | new_swaps: 0 | total: 0) -> {'max_bond': 64, 'max_links': 4, 'total_elems': 53424, 'total_shapes': 1800, 'total_links': 390, 'num_tensors': 98}
2026-08-26 11:53:08,596 [INFO]     [6 | both | 1](candidate_pairs: 48/48 | new_swaps: 0 | total: 0) -> {'max_bond': 64, 'max_links': 4, 'total_elems': 53424, 'total_shapes': 1800, 'total_links': 390, 'num_tensors': 98}
2026-08-26 11:53:08,739 [INFO]     [6 | left | 0](candidate_pairs: 49/49 | new_swaps: 1 | total: 1) -> {'max_bond': 64, 'max_links': 4, 'total_elems': 53396, 'total_shapes': 1798, 'total_links': 390, 'num_tensors': 98}
2026-08-26 11:53:08,884 [INFO]     [6 | left | 1](candidate_pairs: 48/48 | new_swaps: 1 | total: 2) -> {'max_bond': 64, 'max_links': 4, 'total_elems': 53368, 'total_shapes': 1796, 'total_links': 390, 'num_tensors': 98}
2026-08-26 11:53:09,019 [INFO]     [6 | right | 0](candidate_pairs: 49/49 | new_swaps: 1 | total: 3) -> {'max_bond': 64, 'max_links': 4, 'total_elems': 53332, 'total_shapes': 1794, 'total_links': 390, 'num_tensors': 98}
2026-08-26 11:53:09,110 [INFO]     [6 | right | 1](candidate_pairs: 48/48 | new_swaps: 0 | total: 3) -> {'max_bond': 64, 'max_links': 4, 'total_elems': 53332, 'total_shapes': 1794, 'total_links': 390, 'num_tensors': 98}
2026-08-26 11:53:09,297 [INFO]     [7 | both | 0](candidate_pairs: 49/49 | new_swaps: 0 | total: 0) -> {'max_bond': 64, 'max_links': 4, 'total_elems': 53332, 'total_shapes': 1794, 'total_links': 390, 'num_tensors': 98}
2026-08-26 11:53:09,501 [INFO]     [7 | both | 1](candidate_pairs: 48/48 | new_swaps: 0 | total: 0) -> {'max_bond': 64, 'max_links': 4, 'total_elems': 53332, 'total_shapes': 1794, 'total_links': 390, 'num_tensors': 98}
2026-08-26 11:53:09,591 [INFO]     [7 | left | 0](candidate_pairs: 49/49 | new_swaps: 0 | total: 0) -> {'max_bond': 64, 'max_links': 4, 'total_elems': 53332, 'total_shapes': 1794, 'total_links': 390, 'num_tensors': 98}
2026-08-26 11:53:09,686 [INFO]     [7 | left | 1](candidate_pairs: 48/48 | new_swaps: 0 | total: 0) -> {'max_bond': 64, 'max_links': 4, 'total_elems': 53332, 'total_shapes': 1794, 'total_links': 390, 'num_tensors': 98}
2026-08-26 11:53:09,774 [INFO]     [7 | right | 0](candidate_pairs: 49/49 | new_swaps: 0 | total: 0) -> {'max_bond': 64, 'max_links': 4, 'total_elems': 53332, 'total_shapes': 1794, 'total_links': 390, 'num_tensors': 98}
2026-08-26 11:53:09,865 [INFO]     [7 | right | 1](candidate_pairs: 48/48 | new_swaps: 0 | total: 0) -> {'max_bond': 64, 'max_links': 4, 'total_elems': 53332, 'total_shapes': 1794, 'total_links': 390, 'num_tensors': 98}
2026-08-26 11:53:09,866 [INFO]     [end unswap] -> {'max_bond': 64, 'max_links': 4, 'total_elems': 53332, 'total_shapes': 1794, 'total_links': 390, 'num_tensors': 98}
2026-08-26 11:53:09,968 [INFO] [start rewire](phase=post_unswap, cycle=34, side=left, layers=2275, trials=20, seed=123, parallel=False, route_candidates=2, route_score=lookahead_total)
2026-08-26 11:53:21,070 [INFO] [end rewire](phase=post_unswap, cycle=34, side=left, routed_layers=2224, elapsed_s=11.10)
2026-08-26 11:53:21,070 [INFO] [start rewire](phase=post_unswap, cycle=34, side=right, layers=2213, trials=20, seed=123, parallel=False, route_candidates=2, route_score=lookahead_total)
2026-08-26 11:53:31,886 [INFO] [end rewire](phase=post_unswap, cycle=34, side=right, routed_layers=1951, elapsed_s=10.82)
2026-08-26 11:53:32,127 [INFO] [1L/2222](swap: 17, u: 0 | c_u: 0 | t_u_l: 95/992 | t_u_r: 74/992 | t_u: 169/1984) -> {'max_bond': 64, 'max_links': 4, 'total_elems': 53332, 'total_shapes': 1794, 'total_links': 390, 'num_tensors': 98}
2026-08-26 11:53:32,278 [INFO] [1R/1949](swap: 20, u: 0 | c_u: 0 | t_u_l: 95/992 | t_u_r: 74/992 | t_u: 169/1984) -> {'max_bond': 64, 'max_links': 4, 'total_elems': 55736, 'total_shapes': 1884, 'total_links': 390, 'num_tensors': 98}
2026-08-26 11:53:32,440 [INFO] [2R/1949](swap: 21, u: 0 | c_u: 0 | t_u_l: 95/992 | t_u_r: 74/992 | t_u: 169/1984) -> {'max_bond': 64, 'max_links': 4, 'total_elems': 64464, 'total_shapes': 2062, 'total_links': 390, 'num_tensors': 98}
2026-08-26 11:53:32,632 [INFO] [3R/1949](swap: 20, u: 0 | c_u: 0 | t_u_l: 95/992 | t_u_r: 74/992 | t_u: 169/1984) -> {'max_bond': 64, 'max_links': 4, 'total_elems': 85556, 'total_shapes': 2328, 'total_links': 390, 'num_tensors': 98}
2026-08-26 11:53:32,898 [INFO] [2L/2222](swap: 18, u: 0 | c_u: 0 | t_u_l: 95/992 | t_u_r: 74/992 | t_u: 169/1984) -> {'max_bond': 123, 'max_links': 4, 'total_elems': 115972, 'total_shapes': 2484, 'total_links': 390, 'num_tensors': 98}
2026-08-26 11:53:33,137 [INFO] [4R/1949](swap: 19, u: 0 | c_u: 0 | t_u_l: 95/992 | t_u_r: 74/992 | t_u: 169/1984) -> {'max_bond': 64, 'max_links': 4, 'total_elems': 97792, 'total_shapes': 2628, 'total_links': 390, 'num_tensors': 98}
2026-08-26 11:53:33,329 [INFO] [5R/1949](swap: 13, u: 0 | c_u: 0 | t_u_l: 95/992 | t_u_r: 74/992 | t_u: 169/1984) -> {'max_bond': 64, 'max_links': 4, 'total_elems': 97212, 'total_shapes': 2728, 'total_links': 390, 'num_tensors': 98}
2026-08-26 11:53:33,503 [INFO] [3L/2222](swap: 20, u: 1 | c_u: 1 | t_u_l: 96/992 | t_u_r: 74/992 | t_u: 170/1984) -> {'max_bond': 64, 'max_links': 4, 'total_elems': 113348, 'total_shapes': 2980, 'total_links': 390, 'num_tensors': 98}
2026-08-26 11:53:33,714 [INFO] [6R/1949](swap: 12, u: 0 | c_u: 1 | t_u_l: 96/992 | t_u_r: 74/992 | t_u: 170/1984) -> {'max_bond': 64, 'max_links': 4, 'total_elems': 134008, 'total_shapes': 3134, 'total_links': 390, 'num_tensors': 98}
2026-08-26 11:53:33,924 [INFO] [7R/1949](swap: 11, u: 0 | c_u: 1 | t_u_l: 96/992 | t_u_r: 74/992 | t_u: 170/1984) -> {'max_bond': 73, 'max_links': 4, 'total_elems': 146772, 'total_shapes': 3296, 'total_links': 390, 'num_tensors': 98}
2026-08-26 11:53:34,148 [INFO] [8R/1949](swap: 9, u: 0 | c_u: 1 | t_u_l: 96/992 | t_u_r: 74/992 | t_u: 170/1984) -> {'max_bond': 70, 'max_links': 4, 'total_elems': 171288, 'total_shapes': 3542, 'total_links': 390, 'num_tensors': 98}
2026-08-26 11:53:34,416 [INFO] [4L/2222](swap: 19, u: 0 | c_u: 1 | t_u_l: 96/992 | t_u_r: 74/992 | t_u: 170/1984) -> {'max_bond': 134, 'max_links': 4, 'total_elems': 234708, 'total_shapes': 3954, 'total_links': 390, 'num_tensors': 98}
2026-08-26 11:53:34,712 [INFO] [5L/2222](swap: 12, u: 1 | c_u: 2 | t_u_l: 97/992 | t_u_r: 74/992 | t_u: 171/1984) -> {'max_bond': 128, 'max_links': 4, 'total_elems': 278488, 'total_shapes': 4220, 'total_links': 390, 'num_tensors': 98}
2026-08-26 11:53:35,036 [INFO] [6L/2222](swap: 11, u: 0 | c_u: 2 | t_u_l: 97/992 | t_u_r: 74/992 | t_u: 171/1984) -> {'max_bond': 122, 'max_links': 4, 'total_elems': 286264, 'total_shapes': 4288, 'total_links': 390, 'num_tensors': 98}
2026-08-26 11:53:35,385 [INFO] [7L/2222](swap: 8, u: 0 | c_u: 2 | t_u_l: 97/992 | t_u_r: 74/992 | t_u: 171/1984) -> {'max_bond': 116, 'max_links': 4, 'total_elems': 301696, 'total_shapes': 4440, 'total_links': 390, 'num_tensors': 98}
2026-08-26 11:53:35,764 [INFO] [8L/2222](swap: 8, u: 0 | c_u: 2 | t_u_l: 97/992 | t_u_r: 74/992 | t_u: 171/1984) -> {'max_bond': 127, 'max_links': 4, 'total_elems': 351036, 'total_shapes': 4774, 'total_links': 390, 'num_tensors': 98}
2026-08-26 11:53:36,218 [INFO] [9L/2222](swap: 9, u: 0 | c_u: 2 | t_u_l: 97/992 | t_u_r: 74/992 | t_u: 171/1984) -> {'max_bond': 126, 'max_links': 4, 'total_elems': 436728, 'total_shapes': 5118, 'total_links': 390, 'num_tensors': 98}
2026-08-26 11:53:37,107 [INFO] [10L/2222](swap: 6, u: 2 | c_u: 4 | t_u_l: 99/992 | t_u_r: 74/992 | t_u: 173/1984) -> {'max_bond': 125, 'max_links': 4, 'total_elems': 531408, 'total_shapes': 5604, 'total_links': 390, 'num_tensors': 98}
2026-08-26 11:53:37,755 [INFO] [11L/2222](swap: 8, u: 0 | c_u: 4 | t_u_l: 99/992 | t_u_r: 74/992 | t_u: 173/1984) -> {'max_bond': 123, 'max_links': 4, 'total_elems': 535740, 'total_shapes': 5640, 'total_links': 390, 'num_tensors': 98}
2026-08-26 11:53:38,520 [INFO] [12L/2222](swap: 8, u: 0 | c_u: 4 | t_u_l: 99/992 | t_u_r: 74/992 | t_u: 173/1984) -> {'max_bond': 125, 'max_links': 4, 'total_elems': 593216, 'total_shapes': 5920, 'total_links': 390, 'num_tensors': 98}
2026-08-26 11:53:39,278 [INFO] [13L/2222](swap: 8, u: 0 | c_u: 4 | t_u_l: 99/992 | t_u_r: 74/992 | t_u: 173/1984) -> {'max_bond': 119, 'max_links': 4, 'total_elems': 633880, 'total_shapes': 6070, 'total_links': 390, 'num_tensors': 98}
2026-08-26 11:53:40,065 [INFO] [14L/2222](swap: 7, u: 0 | c_u: 4 | t_u_l: 99/992 | t_u_r: 74/992 | t_u: 173/1984) -> {'max_bond': 117, 'max_links': 4, 'total_elems': 694768, 'total_shapes': 6280, 'total_links': 390, 'num_tensors': 98}
2026-08-26 11:53:40,890 [INFO] [15L/2222](swap: 7, u: 0 | c_u: 4 | t_u_l: 99/992 | t_u_r: 74/992 | t_u: 173/1984) -> {'max_bond': 116, 'max_links': 4, 'total_elems': 681060, 'total_shapes': 6274, 'total_links': 390, 'num_tensors': 98}
2026-08-26 11:53:41,609 [INFO] [16L/2222](swap: 8, u: 0 | c_u: 4 | t_u_l: 99/992 | t_u_r: 74/992 | t_u: 173/1984) -> {'max_bond': 115, 'max_links': 4, 'total_elems': 698756, 'total_shapes': 6458, 'total_links': 390, 'num_tensors': 98}
2026-08-26 11:53:42,530 [INFO] [17L/2222](swap: 7, u: 0 | c_u: 4 | t_u_l: 99/992 | t_u_r: 74/992 | t_u: 173/1984) -> {'max_bond': 114, 'max_links': 4, 'total_elems': 732820, 'total_shapes': 6526, 'total_links': 390, 'num_tensors': 98}
2026-08-26 11:53:43,644 [INFO] [18L/2222](swap: 6, u: 0 | c_u: 4 | t_u_l: 99/992 | t_u_r: 74/992 | t_u: 173/1984) -> {'max_bond': 205, 'max_links': 4, 'total_elems': 812836, 'total_shapes': 6792, 'total_links': 390, 'num_tensors': 98}
2026-08-26 11:53:44,945 [INFO] [19L/2222](swap: 7, u: 0 | c_u: 4 | t_u_l: 99/992 | t_u_r: 74/992 | t_u: 173/1984) -> {'max_bond': 183, 'max_links': 4, 'total_elems': 771496, 'total_shapes': 6638, 'total_links': 390, 'num_tensors': 98}
2026-08-26 11:53:46,251 [INFO] [20L/2222](swap: 7, u: 1 | c_u: 5 | t_u_l: 100/992 | t_u_r: 74/992 | t_u: 174/1984) -> {'max_bond': 158, 'max_links': 4, 'total_elems': 702776, 'total_shapes': 6446, 'total_links': 390, 'num_tensors': 98}
2026-08-26 11:53:47,308 [INFO] [21L/2222](swap: 8, u: 0 | c_u: 5 | t_u_l: 100/992 | t_u_r: 74/992 | t_u: 174/1984) -> {'max_bond': 129, 'max_links': 4, 'total_elems': 522400, 'total_shapes': 5788, 'total_links': 390, 'num_tensors': 98}
2026-08-26 11:53:48,178 [INFO] [22L/2222](swap: 8, u: 0 | c_u: 5 | t_u_l: 100/992 | t_u_r: 74/992 | t_u: 174/1984) -> {'max_bond': 126, 'max_links': 4, 'total_elems': 563692, 'total_shapes': 5804, 'total_links': 390, 'num_tensors': 98}
2026-08-26 11:53:49,076 [INFO] [23L/2222](swap: 7, u: 3 | c_u: 8 | t_u_l: 103/992 | t_u_r: 74/992 | t_u: 177/1984) -> {'max_bond': 124, 'max_links': 4, 'total_elems': 582860, 'total_shapes': 6002, 'total_links': 390, 'num_tensors': 98}
2026-08-26 11:53:49,918 [INFO] [24L/2222](swap: 8, u: 0 | c_u: 8 | t_u_l: 103/992 | t_u_r: 74/992 | t_u: 177/1984) -> {'max_bond': 126, 'max_links': 4, 'total_elems': 654792, 'total_shapes': 6238, 'total_links': 390, 'num_tensors': 98}
2026-08-26 11:53:50,889 [INFO] [25L/2222](swap: 9, u: 0 | c_u: 8 | t_u_l: 103/992 | t_u_r: 74/992 | t_u: 177/1984) -> {'max_bond': 124, 'max_links': 4, 'total_elems': 707376, 'total_shapes': 6390, 'total_links': 390, 'num_tensors': 98}
2026-08-26 11:53:52,404 [INFO] [26L/2222](swap: 8, u: 1 | c_u: 9 | t_u_l: 104/992 | t_u_r: 74/992 | t_u: 178/1984) -> {'max_bond': 224, 'max_links': 4, 'total_elems': 794020, 'total_shapes': 6720, 'total_links': 390, 'num_tensors': 98}
2026-08-26 11:53:53,915 [INFO] [27L/2222](swap: 9, u: 0 | c_u: 9 | t_u_l: 104/992 | t_u_r: 74/992 | t_u: 178/1984) -> {'max_bond': 214, 'max_links': 4, 'total_elems': 740664, 'total_shapes': 6640, 'total_links': 390, 'num_tensors': 98}
2026-08-26 11:53:55,307 [INFO] [28L/2222](swap: 9, u: 2 | c_u: 11 | t_u_l: 106/992 | t_u_r: 74/992 | t_u: 180/1984) -> {'max_bond': 209, 'max_links': 4, 'total_elems': 827972, 'total_shapes': 7116, 'total_links': 390, 'num_tensors': 98}
2026-08-26 11:53:56,586 [INFO] [29L/2222](swap: 8, u: 1 | c_u: 12 | t_u_l: 107/992 | t_u_r: 74/992 | t_u: 181/1984) -> {'max_bond': 186, 'max_links': 4, 'total_elems': 822052, 'total_shapes': 7170, 'total_links': 390, 'num_tensors': 98}
2026-08-26 11:53:57,715 [INFO] [30L/2222](swap: 9, u: 1 | c_u: 13 | t_u_l: 108/992 | t_u_r: 74/992 | t_u: 182/1984) -> {'max_bond': 215, 'max_links': 4, 'total_elems': 874656, 'total_shapes': 7418, 'total_links': 390, 'num_tensors': 98}
2026-08-26 11:53:58,917 [INFO] [31L/2222](swap: 12, u: 0 | c_u: 13 | t_u_l: 108/992 | t_u_r: 74/992 | t_u: 182/1984) -> {'max_bond': 212, 'max_links': 4, 'total_elems': 902636, 'total_shapes': 7426, 'total_links': 390, 'num_tensors': 98}
2026-08-26 11:54:00,146 [INFO] [32L/2222](swap: 12, u: 1 | c_u: 14 | t_u_l: 109/992 | t_u_r: 74/992 | t_u: 183/1984) -> {'max_bond': 208, 'max_links': 4, 'total_elems': 862080, 'total_shapes': 7296, 'total_links': 390, 'num_tensors': 98}
2026-08-26 11:54:01,338 [INFO] [33L/2222](swap: 13, u: 1 | c_u: 15 | t_u_l: 110/992 | t_u_r: 74/992 | t_u: 184/1984) -> {'max_bond': 202, 'max_links': 4, 'total_elems': 880384, 'total_shapes': 7430, 'total_links': 390, 'num_tensors': 98}
2026-08-26 11:54:02,467 [INFO] [34L/2222](swap: 14, u: 0 | c_u: 15 | t_u_l: 110/992 | t_u_r: 74/992 | t_u: 184/1984) -> {'max_bond': 196, 'max_links': 4, 'total_elems': 871340, 'total_shapes': 7536, 'total_links': 390, 'num_tensors': 98}
2026-08-26 11:54:03,670 [INFO] [9R/1949](swap: 9, u: 0 | c_u: 15 | t_u_l: 110/992 | t_u_r: 74/992 | t_u: 184/1984) -> {'max_bond': 186, 'max_links': 4, 'total_elems': 876832, 'total_shapes': 7412, 'total_links': 390, 'num_tensors': 98}
2026-08-26 11:54:05,266 [INFO] [35L/2222](swap: 14, u: 0 | c_u: 15 | t_u_l: 110/992 | t_u_r: 74/992 | t_u: 184/1984) -> {'max_bond': 176, 'max_links': 4, 'total_elems': 867040, 'total_shapes': 7492, 'total_links': 390, 'num_tensors': 98}
2026-08-26 11:54:06,857 [INFO] [36L/2222](swap: 12, u: 0 | c_u: 15 | t_u_l: 110/992 | t_u_r: 74/992 | t_u: 184/1984) -> {'max_bond': 154, 'max_links': 4, 'total_elems': 845048, 'total_shapes': 7456, 'total_links': 390, 'num_tensors': 98}
2026-08-26 11:54:08,440 [INFO] [10R/1949](swap: 10, u: 0 | c_u: 15 | t_u_l: 110/992 | t_u_r: 74/992 | t_u: 184/1984) -> {'max_bond': 153, 'max_links': 4, 'total_elems': 802576, 'total_shapes': 7152, 'total_links': 390, 'num_tensors': 98}
2026-08-26 11:54:10,174 [INFO] [11R/1949](swap: 9, u: 1 | c_u: 16 | t_u_l: 110/992 | t_u_r: 75/992 | t_u: 185/1984) -> {'max_bond': 154, 'max_links': 4, 'total_elems': 775296, 'total_shapes': 6936, 'total_links': 390, 'num_tensors': 98}
2026-08-26 11:54:11,751 [INFO] [12R/1949](swap: 9, u: 0 | c_u: 16 | t_u_l: 110/992 | t_u_r: 75/992 | t_u: 185/1984) -> {'max_bond': 135, 'max_links': 4, 'total_elems': 689428, 'total_shapes': 6496, 'total_links': 390, 'num_tensors': 98}
2026-08-26 11:54:13,286 [INFO] [13R/1949](swap: 9, u: 1 | c_u: 17 | t_u_l: 110/992 | t_u_r: 76/992 | t_u: 186/1984) -> {'max_bond': 236, 'max_links': 4, 'total_elems': 725656, 'total_shapes': 6356, 'total_links': 390, 'num_tensors': 98}
2026-08-26 11:54:14,680 [INFO] [14R/1949](swap: 9, u: 1 | c_u: 18 | t_u_l: 110/992 | t_u_r: 77/992 | t_u: 187/1984) -> {'max_bond': 222, 'max_links': 4, 'total_elems': 688256, 'total_shapes': 6302, 'total_links': 390, 'num_tensors': 98}
2026-08-26 11:54:15,922 [INFO] [15R/1949](swap: 9, u: 0 | c_u: 18 | t_u_l: 110/992 | t_u_r: 77/992 | t_u: 187/1984) -> {'max_bond': 206, 'max_links': 4, 'total_elems': 686232, 'total_shapes': 6354, 'total_links': 390, 'num_tensors': 98}
2026-08-26 11:54:17,331 [INFO] [16R/1949](swap: 8, u: 0 | c_u: 18 | t_u_l: 110/992 | t_u_r: 77/992 | t_u: 187/1984) -> {'max_bond': 181, 'max_links': 4, 'total_elems': 751524, 'total_shapes': 6492, 'total_links': 390, 'num_tensors': 98}
2026-08-26 11:54:19,272 [INFO] [17R/1949](swap: 9, u: 1 | c_u: 19 | t_u_l: 110/992 | t_u_r: 78/992 | t_u: 188/1984) -> {'max_bond': 161, 'max_links': 4, 'total_elems': 727268, 'total_shapes': 6512, 'total_links': 390, 'num_tensors': 98}
2026-08-26 11:54:20,576 [INFO] [18R/1949](swap: 7, u: 1 | c_u: 20 | t_u_l: 110/992 | t_u_r: 79/992 | t_u: 189/1984) -> {'max_bond': 151, 'max_links': 4, 'total_elems': 733264, 'total_shapes': 6482, 'total_links': 390, 'num_tensors': 98}
2026-08-26 11:54:22,015 [INFO] [19R/1949](swap: 10, u: 0 | c_u: 20 | t_u_l: 110/992 | t_u_r: 79/992 | t_u: 189/1984) -> {'max_bond': 146, 'max_links': 4, 'total_elems': 755376, 'total_shapes': 6530, 'total_links': 390, 'num_tensors': 98}
2026-08-26 11:54:23,595 [INFO] [20R/1949](swap: 7, u: 1 | c_u: 21 | t_u_l: 110/992 | t_u_r: 80/992 | t_u: 190/1984) -> {'max_bond': 252, 'max_links': 4, 'total_elems': 783108, 'total_shapes': 6446, 'total_links': 390, 'num_tensors': 98}
2026-08-26 11:54:25,297 [INFO] [21R/1949](swap: 9, u: 0 | c_u: 21 | t_u_l: 110/992 | t_u_r: 80/992 | t_u: 190/1984) -> {'max_bond': 250, 'max_links': 4, 'total_elems': 760316, 'total_shapes': 6308, 'total_links': 390, 'num_tensors': 98}
2026-08-26 11:54:26,735 [INFO] [37L/2222](swap: 11, u: 1 | c_u: 22 | t_u_l: 111/992 | t_u_r: 80/992 | t_u: 191/1984) -> {'max_bond': 243, 'max_links': 4, 'total_elems': 872752, 'total_shapes': 6630, 'total_links': 390, 'num_tensors': 98}
2026-08-26 11:54:28,172 [INFO] [38L/2222](swap: 12, u: 0 | c_u: 22 | t_u_l: 111/992 | t_u_r: 80/992 | t_u: 191/1984) -> {'max_bond': 237, 'max_links': 4, 'total_elems': 923908, 'total_shapes': 6824, 'total_links': 390, 'num_tensors': 98}
2026-08-26 11:54:29,917 [INFO]     [start unswap] -> {'max_bond': 237, 'max_links': 4, 'total_elems': 923908, 'total_shapes': 6824, 'total_links': 390, 'num_tensors': 98}
2026-08-26 11:54:42,257 [INFO]     [0 | both | 0](candidate_pairs: 49/49 | new_swaps: 22 | total: 22) -> {'max_bond': 223, 'max_links': 4, 'total_elems': 775952, 'total_shapes': 6136, 'total_links': 390, 'num_tensors': 98}
2026-08-26 11:54:47,435 [INFO]     [0 | both | 1](candidate_pairs: 48/48 | new_swaps: 27 | total: 49) -> {'max_bond': 166, 'max_links': 4, 'total_elems': 538368, 'total_shapes': 5072, 'total_links': 390, 'num_tensors': 98}
2026-08-26 11:54:49,272 [INFO]     [0 | left | 0](candidate_pairs: 49/49 | new_swaps: 19 | total: 68) -> {'max_bond': 150, 'max_links': 4, 'total_elems': 402296, 'total_shapes': 4546, 'total_links': 390, 'num_tensors': 98}
2026-08-26 11:54:50,480 [INFO]     [0 | left | 1](candidate_pairs: 48/48 | new_swaps: 23 | total: 91) -> {'max_bond': 117, 'max_links': 4, 'total_elems': 256100, 'total_shapes': 3836, 'total_links': 390, 'num_tensors': 98}
2026-08-26 11:54:51,115 [INFO]     [0 | right | 0](candidate_pairs: 49/49 | new_swaps: 17 | total: 108) -> {'max_bond': 73, 'max_links': 4, 'total_elems': 186768, 'total_shapes': 3388, 'total_links': 390, 'num_tensors': 98}
2026-08-26 11:54:51,549 [INFO]     [0 | right | 1](candidate_pairs: 48/48 | new_swaps: 10 | total: 118) -> {'max_bond': 63, 'max_links': 4, 'total_elems': 148656, 'total_shapes': 3110, 'total_links': 390, 'num_tensors': 98}
2026-08-26 11:54:52,200 [INFO]     [1 | both | 0](candidate_pairs: 49/49 | new_swaps: 17 | total: 17) -> {'max_bond': 57, 'max_links': 4, 'total_elems': 117648, 'total_shapes': 2816, 'total_links': 390, 'num_tensors': 98}
2026-08-26 11:54:52,743 [INFO]     [1 | both | 1](candidate_pairs: 48/48 | new_swaps: 9 | total: 26) -> {'max_bond': 54, 'max_links': 4, 'total_elems': 101968, 'total_shapes': 2652, 'total_links': 390, 'num_tensors': 98}
2026-08-26 11:54:52,962 [INFO]     [1 | left | 0](candidate_pairs: 49/49 | new_swaps: 7 | total: 33) -> {'max_bond': 54, 'max_links': 4, 'total_elems': 93140, 'total_shapes': 2548, 'total_links': 390, 'num_tensors': 98}
2026-08-26 11:54:53,173 [INFO]     [1 | left | 1](candidate_pairs: 48/48 | new_swaps: 4 | total: 37) -> {'max_bond': 54, 'max_links': 4, 'total_elems': 91152, 'total_shapes': 2508, 'total_links': 390, 'num_tensors': 98}
2026-08-26 11:54:53,385 [INFO]     [1 | right | 0](candidate_pairs: 49/49 | new_swaps: 7 | total: 44) -> {'max_bond': 48, 'max_links': 4, 'total_elems': 87724, 'total_shapes': 2458, 'total_links': 390, 'num_tensors': 98}
2026-08-26 11:54:53,592 [INFO]     [1 | right | 1](candidate_pairs: 48/48 | new_swaps: 5 | total: 49) -> {'max_bond': 48, 'max_links': 4, 'total_elems': 79708, 'total_shapes': 2382, 'total_links': 390, 'num_tensors': 98}
2026-08-26 11:54:53,961 [INFO]     [2 | both | 0](candidate_pairs: 49/49 | new_swaps: 5 | total: 5) -> {'max_bond': 48, 'max_links': 4, 'total_elems': 73004, 'total_shapes': 2294, 'total_links': 390, 'num_tensors': 98}
2026-08-26 11:54:54,337 [INFO]     [2 | both | 1](candidate_pairs: 48/48 | new_swaps: 10 | total: 15) -> {'max_bond': 48, 'max_links': 4, 'total_elems': 60052, 'total_shapes': 2148, 'total_links': 390, 'num_tensors': 98}
2026-08-26 11:54:54,504 [INFO]     [2 | left | 0](candidate_pairs: 49/49 | new_swaps: 3 | total: 18) -> {'max_bond': 38, 'max_links': 4, 'total_elems': 54460, 'total_shapes': 2086, 'total_links': 390, 'num_tensors': 98}
2026-08-26 11:54:54,670 [INFO]     [2 | left | 1](candidate_pairs: 48/48 | new_swaps: 3 | total: 21) -> {'max_bond': 36, 'max_links': 4, 'total_elems': 52680, 'total_shapes': 2062, 'total_links': 390, 'num_tensors': 98}
2026-08-26 11:54:54,823 [INFO]     [2 | right | 0](candidate_pairs: 49/49 | new_swaps: 5 | total: 26) -> {'max_bond': 34, 'max_links': 4, 'total_elems': 49756, 'total_shapes': 2016, 'total_links': 390, 'num_tensors': 98}
2026-08-26 11:54:54,973 [INFO]     [2 | right | 1](candidate_pairs: 48/48 | new_swaps: 4 | total: 30) -> {'max_bond': 32, 'max_links': 4, 'total_elems': 43572, 'total_shapes': 1928, 'total_links': 390, 'num_tensors': 98}
2026-08-26 11:54:55,257 [INFO]     [3 | both | 0](candidate_pairs: 49/49 | new_swaps: 6 | total: 6) -> {'max_bond': 28, 'max_links': 4, 'total_elems': 37328, 'total_shapes': 1836, 'total_links': 390, 'num_tensors': 98}
2026-08-26 11:54:55,515 [INFO]     [3 | both | 1](candidate_pairs: 48/48 | new_swaps: 7 | total: 13) -> {'max_bond': 28, 'max_links': 4, 'total_elems': 33864, 'total_shapes': 1754, 'total_links': 390, 'num_tensors': 98}
2026-08-26 11:54:55,647 [INFO]     [3 | left | 0](candidate_pairs: 49/49 | new_swaps: 4 | total: 17) -> {'max_bond': 28, 'max_links': 4, 'total_elems': 30048, 'total_shapes': 1700, 'total_links': 390, 'num_tensors': 98}
2026-08-26 11:54:55,776 [INFO]     [3 | left | 1](candidate_pairs: 48/48 | new_swaps: 3 | total: 20) -> {'max_bond': 28, 'max_links': 4, 'total_elems': 28092, 'total_shapes': 1658, 'total_links': 390, 'num_tensors': 98}
2026-08-26 11:54:55,897 [INFO]     [3 | right | 0](candidate_pairs: 49/49 | new_swaps: 3 | total: 23) -> {'max_bond': 28, 'max_links': 4, 'total_elems': 27576, 'total_shapes': 1638, 'total_links': 390, 'num_tensors': 98}
2026-08-26 11:54:56,018 [INFO]     [3 | right | 1](candidate_pairs: 48/48 | new_swaps: 4 | total: 27) -> {'max_bond': 28, 'max_links': 4, 'total_elems': 26200, 'total_shapes': 1610, 'total_links': 390, 'num_tensors': 98}
2026-08-26 11:54:56,243 [INFO]     [4 | both | 0](candidate_pairs: 49/49 | new_swaps: 3 | total: 3) -> {'max_bond': 28, 'max_links': 4, 'total_elems': 25640, 'total_shapes': 1582, 'total_links': 390, 'num_tensors': 98}
2026-08-26 11:54:56,465 [INFO]     [4 | both | 1](candidate_pairs: 48/48 | new_swaps: 2 | total: 5) -> {'max_bond': 28, 'max_links': 4, 'total_elems': 25504, 'total_shapes': 1572, 'total_links': 390, 'num_tensors': 98}
2026-08-26 11:54:56,581 [INFO]     [4 | left | 0](candidate_pairs: 49/49 | new_swaps: 3 | total: 8) -> {'max_bond': 28, 'max_links': 4, 'total_elems': 24900, 'total_shapes': 1552, 'total_links': 390, 'num_tensors': 98}
2026-08-26 11:54:56,698 [INFO]     [4 | left | 1](candidate_pairs: 48/48 | new_swaps: 2 | total: 10) -> {'max_bond': 28, 'max_links': 4, 'total_elems': 24292, 'total_shapes': 1532, 'total_links': 390, 'num_tensors': 98}
2026-08-26 11:54:56,753 [INFO]     [4 | right | 0](candidate_pairs: 49/49 | new_swaps: 0 | total: 10) -> {'max_bond': 28, 'max_links': 4, 'total_elems': 24292, 'total_shapes': 1532, 'total_links': 390, 'num_tensors': 98}
2026-08-26 11:54:56,810 [INFO]     [4 | right | 1](candidate_pairs: 48/48 | new_swaps: 0 | total: 10) -> {'max_bond': 28, 'max_links': 4, 'total_elems': 24292, 'total_shapes': 1532, 'total_links': 390, 'num_tensors': 98}
2026-08-26 11:54:56,929 [INFO]     [5 | both | 0](candidate_pairs: 49/49 | new_swaps: 0 | total: 0) -> {'max_bond': 28, 'max_links': 4, 'total_elems': 24292, 'total_shapes': 1532, 'total_links': 390, 'num_tensors': 98}
2026-08-26 11:54:57,053 [INFO]     [5 | both | 1](candidate_pairs: 48/48 | new_swaps: 0 | total: 0) -> {'max_bond': 28, 'max_links': 4, 'total_elems': 24292, 'total_shapes': 1532, 'total_links': 390, 'num_tensors': 98}
2026-08-26 11:54:57,170 [INFO]     [5 | left | 0](candidate_pairs: 49/49 | new_swaps: 2 | total: 2) -> {'max_bond': 28, 'max_links': 4, 'total_elems': 23656, 'total_shapes': 1518, 'total_links': 390, 'num_tensors': 98}
2026-08-26 11:54:57,285 [INFO]     [5 | left | 1](candidate_pairs: 48/48 | new_swaps: 2 | total: 4) -> {'max_bond': 28, 'max_links': 4, 'total_elems': 22524, 'total_shapes': 1498, 'total_links': 390, 'num_tensors': 98}
2026-08-26 11:54:57,340 [INFO]     [5 | right | 0](candidate_pairs: 49/49 | new_swaps: 0 | total: 4) -> {'max_bond': 28, 'max_links': 4, 'total_elems': 22524, 'total_shapes': 1498, 'total_links': 390, 'num_tensors': 98}
2026-08-26 11:54:57,396 [INFO]     [5 | right | 1](candidate_pairs: 48/48 | new_swaps: 0 | total: 4) -> {'max_bond': 28, 'max_links': 4, 'total_elems': 22524, 'total_shapes': 1498, 'total_links': 390, 'num_tensors': 98}
2026-08-26 11:54:57,589 [INFO]     [6 | both | 0](candidate_pairs: 49/49 | new_swaps: 1 | total: 1) -> {'max_bond': 24, 'max_links': 4, 'total_elems': 21468, 'total_shapes': 1474, 'total_links': 390, 'num_tensors': 98}
2026-08-26 11:54:57,780 [INFO]     [6 | both | 1](candidate_pairs: 48/48 | new_swaps: 1 | total: 2) -> {'max_bond': 24, 'max_links': 4, 'total_elems': 21180, 'total_shapes': 1468, 'total_links': 390, 'num_tensors': 98}
2026-08-26 11:54:57,875 [INFO]     [6 | left | 0](candidate_pairs: 49/49 | new_swaps: 1 | total: 3) -> {'max_bond': 24, 'max_links': 4, 'total_elems': 21076, 'total_shapes': 1464, 'total_links': 390, 'num_tensors': 98}
2026-08-26 11:54:57,931 [INFO]     [6 | left | 1](candidate_pairs: 48/48 | new_swaps: 0 | total: 3) -> {'max_bond': 24, 'max_links': 4, 'total_elems': 21076, 'total_shapes': 1464, 'total_links': 390, 'num_tensors': 98}
2026-08-26 11:54:58,023 [INFO]     [6 | right | 0](candidate_pairs: 49/49 | new_swaps: 1 | total: 4) -> {'max_bond': 24, 'max_links': 4, 'total_elems': 20772, 'total_shapes': 1456, 'total_links': 390, 'num_tensors': 98}
2026-08-26 11:54:58,077 [INFO]     [6 | right | 1](candidate_pairs: 48/48 | new_swaps: 0 | total: 4) -> {'max_bond': 24, 'max_links': 4, 'total_elems': 20772, 'total_shapes': 1456, 'total_links': 390, 'num_tensors': 98}
2026-08-26 11:54:58,193 [INFO]     [7 | both | 0](candidate_pairs: 49/49 | new_swaps: 0 | total: 0) -> {'max_bond': 24, 'max_links': 4, 'total_elems': 20772, 'total_shapes': 1456, 'total_links': 390, 'num_tensors': 98}
2026-08-26 11:54:58,306 [INFO]     [7 | both | 1](candidate_pairs: 48/48 | new_swaps: 0 | total: 0) -> {'max_bond': 24, 'max_links': 4, 'total_elems': 20772, 'total_shapes': 1456, 'total_links': 390, 'num_tensors': 98}
2026-08-26 11:54:58,400 [INFO]     [7 | left | 0](candidate_pairs: 49/49 | new_swaps: 1 | total: 1) -> {'max_bond': 24, 'max_links': 4, 'total_elems': 20316, 'total_shapes': 1444, 'total_links': 390, 'num_tensors': 98}
2026-08-26 11:54:58,454 [INFO]     [7 | left | 1](candidate_pairs: 48/48 | new_swaps: 0 | total: 1) -> {'max_bond': 24, 'max_links': 4, 'total_elems': 20316, 'total_shapes': 1444, 'total_links': 390, 'num_tensors': 98}
2026-08-26 11:54:58,507 [INFO]     [7 | right | 0](candidate_pairs: 49/49 | new_swaps: 0 | total: 1) -> {'max_bond': 24, 'max_links': 4, 'total_elems': 20316, 'total_shapes': 1444, 'total_links': 390, 'num_tensors': 98}
2026-08-26 11:54:58,560 [INFO]     [7 | right | 1](candidate_pairs: 48/48 | new_swaps: 0 | total: 1) -> {'max_bond': 24, 'max_links': 4, 'total_elems': 20316, 'total_shapes': 1444, 'total_links': 390, 'num_tensors': 98}
2026-08-26 11:54:58,673 [INFO]     [8 | both | 0](candidate_pairs: 49/49 | new_swaps: 0 | total: 0) -> {'max_bond': 24, 'max_links': 4, 'total_elems': 20316, 'total_shapes': 1444, 'total_links': 390, 'num_tensors': 98}
2026-08-26 11:54:58,868 [INFO]     [8 | both | 1](candidate_pairs: 48/48 | new_swaps: 1 | total: 1) -> {'max_bond': 24, 'max_links': 4, 'total_elems': 20260, 'total_shapes': 1442, 'total_links': 390, 'num_tensors': 98}
2026-08-26 11:54:58,922 [INFO]     [8 | left | 0](candidate_pairs: 49/49 | new_swaps: 0 | total: 1) -> {'max_bond': 24, 'max_links': 4, 'total_elems': 20260, 'total_shapes': 1442, 'total_links': 390, 'num_tensors': 98}
2026-08-26 11:54:58,982 [INFO]     [8 | left | 1](candidate_pairs: 48/48 | new_swaps: 0 | total: 1) -> {'max_bond': 24, 'max_links': 4, 'total_elems': 20260, 'total_shapes': 1442, 'total_links': 390, 'num_tensors': 98}
2026-08-26 11:54:59,042 [INFO]     [8 | right | 0](candidate_pairs: 49/49 | new_swaps: 0 | total: 1) -> {'max_bond': 24, 'max_links': 4, 'total_elems': 20260, 'total_shapes': 1442, 'total_links': 390, 'num_tensors': 98}
2026-08-26 11:54:59,099 [INFO]     [8 | right | 1](candidate_pairs: 48/48 | new_swaps: 0 | total: 1) -> {'max_bond': 24, 'max_links': 4, 'total_elems': 20260, 'total_shapes': 1442, 'total_links': 390, 'num_tensors': 98}
2026-08-26 11:54:59,301 [INFO]     [9 | both | 0](candidate_pairs: 49/49 | new_swaps: 1 | total: 1) -> {'max_bond': 24, 'max_links': 4, 'total_elems': 20092, 'total_shapes': 1436, 'total_links': 390, 'num_tensors': 98}
2026-08-26 11:54:59,488 [INFO]     [9 | both | 1](candidate_pairs: 48/48 | new_swaps: 1 | total: 2) -> {'max_bond': 24, 'max_links': 4, 'total_elems': 19892, 'total_shapes': 1428, 'total_links': 390, 'num_tensors': 98}
2026-08-26 11:54:59,541 [INFO]     [9 | left | 0](candidate_pairs: 49/49 | new_swaps: 0 | total: 2) -> {'max_bond': 24, 'max_links': 4, 'total_elems': 19892, 'total_shapes': 1428, 'total_links': 390, 'num_tensors': 98}
2026-08-26 11:54:59,595 [INFO]     [9 | left | 1](candidate_pairs: 48/48 | new_swaps: 0 | total: 2) -> {'max_bond': 24, 'max_links': 4, 'total_elems': 19892, 'total_shapes': 1428, 'total_links': 390, 'num_tensors': 98}
2026-08-26 11:54:59,648 [INFO]     [9 | right | 0](candidate_pairs: 49/49 | new_swaps: 0 | total: 2) -> {'max_bond': 24, 'max_links': 4, 'total_elems': 19892, 'total_shapes': 1428, 'total_links': 390, 'num_tensors': 98}
2026-08-26 11:54:59,700 [INFO]     [9 | right | 1](candidate_pairs: 48/48 | new_swaps: 0 | total: 2) -> {'max_bond': 24, 'max_links': 4, 'total_elems': 19892, 'total_shapes': 1428, 'total_links': 390, 'num_tensors': 98}
2026-08-26 11:54:59,807 [INFO]     [10 | both | 0](candidate_pairs: 49/49 | new_swaps: 0 | total: 0) -> {'max_bond': 24, 'max_links': 4, 'total_elems': 19892, 'total_shapes': 1428, 'total_links': 390, 'num_tensors': 98}
2026-08-26 11:54:59,914 [INFO]     [10 | both | 1](candidate_pairs: 48/48 | new_swaps: 0 | total: 0) -> {'max_bond': 24, 'max_links': 4, 'total_elems': 19892, 'total_shapes': 1428, 'total_links': 390, 'num_tensors': 98}
2026-08-26 11:54:59,968 [INFO]     [10 | left | 0](candidate_pairs: 49/49 | new_swaps: 0 | total: 0) -> {'max_bond': 24, 'max_links': 4, 'total_elems': 19892, 'total_shapes': 1428, 'total_links': 390, 'num_tensors': 98}
2026-08-26 11:55:00,022 [INFO]     [10 | left | 1](candidate_pairs: 48/48 | new_swaps: 0 | total: 0) -> {'max_bond': 24, 'max_links': 4, 'total_elems': 19892, 'total_shapes': 1428, 'total_links': 390, 'num_tensors': 98}
2026-08-26 11:55:00,075 [INFO]     [10 | right | 0](candidate_pairs: 49/49 | new_swaps: 0 | total: 0) -> {'max_bond': 24, 'max_links': 4, 'total_elems': 19892, 'total_shapes': 1428, 'total_links': 390, 'num_tensors': 98}
2026-08-26 11:55:00,128 [INFO]     [10 | right | 1](candidate_pairs: 48/48 | new_swaps: 0 | total: 0) -> {'max_bond': 24, 'max_links': 4, 'total_elems': 19892, 'total_shapes': 1428, 'total_links': 390, 'num_tensors': 98}
2026-08-26 11:55:00,129 [INFO]     [end unswap] -> {'max_bond': 24, 'max_links': 4, 'total_elems': 19892, 'total_shapes': 1428, 'total_links': 390, 'num_tensors': 98}
2026-08-26 11:55:00,239 [INFO] [start rewire](phase=post_unswap, cycle=35, side=left, layers=2186, trials=20, seed=123, parallel=False, route_candidates=2, route_score=lookahead_total)
2026-08-26 11:55:12,955 [INFO] [end rewire](phase=post_unswap, cycle=35, side=left, routed_layers=2221, elapsed_s=12.72)
2026-08-26 11:55:12,955 [INFO] [start rewire](phase=post_unswap, cycle=35, side=right, layers=1930, trials=20, seed=123, parallel=False, route_candidates=2, route_score=lookahead_total)
2026-08-26 11:55:21,034 [INFO] [end rewire](phase=post_unswap, cycle=35, side=right, routed_layers=2129, elapsed_s=8.08)
2026-08-26 11:55:21,273 [INFO] [1L/2219](swap: 18, u: 0 | c_u: 0 | t_u_l: 111/992 | t_u_r: 80/992 | t_u: 191/1984) -> {'max_bond': 24, 'max_links': 4, 'total_elems': 19892, 'total_shapes': 1428, 'total_links': 390, 'num_tensors': 98}
2026-08-26 11:55:21,410 [INFO] [2L/2219](swap: 18, u: 0 | c_u: 0 | t_u_l: 111/992 | t_u_r: 80/992 | t_u: 191/1984) -> {'max_bond': 24, 'max_links': 4, 'total_elems': 21880, 'total_shapes': 1520, 'total_links': 390, 'num_tensors': 98}
2026-08-26 11:55:21,538 [INFO] [3L/2219](swap: 17, u: 0 | c_u: 0 | t_u_l: 111/992 | t_u_r: 80/992 | t_u: 191/1984) -> {'max_bond': 24, 'max_links': 4, 'total_elems': 24208, 'total_shapes': 1624, 'total_links': 390, 'num_tensors': 98}
2026-08-26 11:55:21,665 [INFO] [1R/2127](swap: 13, u: 1 | c_u: 1 | t_u_l: 111/992 | t_u_r: 81/992 | t_u: 192/1984) -> {'max_bond': 24, 'max_links': 4, 'total_elems': 27252, 'total_shapes': 1716, 'total_links': 390, 'num_tensors': 98}
2026-08-26 11:55:21,797 [INFO] [4L/2219](swap: 16, u: 0 | c_u: 1 | t_u_l: 111/992 | t_u_r: 81/992 | t_u: 192/1984) -> {'max_bond': 41, 'max_links': 4, 'total_elems': 32020, 'total_shapes': 1822, 'total_links': 390, 'num_tensors': 98}
2026-08-26 11:55:21,946 [INFO] [2R/2127](swap: 17, u: 0 | c_u: 1 | t_u_l: 111/992 | t_u_r: 81/992 | t_u: 192/1984) -> {'max_bond': 48, 'max_links': 4, 'total_elems': 46256, 'total_shapes': 2048, 'total_links': 390, 'num_tensors': 98}
2026-08-26 11:55:22,106 [INFO] [5L/2219](swap: 16, u: 0 | c_u: 1 | t_u_l: 111/992 | t_u_r: 81/992 | t_u: 192/1984) -> {'max_bond': 47, 'max_links': 4, 'total_elems': 52768, 'total_shapes': 2166, 'total_links': 390, 'num_tensors': 98}
2026-08-26 11:55:22,278 [INFO] [3R/2127](swap: 14, u: 0 | c_u: 1 | t_u_l: 111/992 | t_u_r: 81/992 | t_u: 192/1984) -> {'max_bond': 45, 'max_links': 4, 'total_elems': 59240, 'total_shapes': 2284, 'total_links': 390, 'num_tensors': 98}
2026-08-26 11:55:22,443 [INFO] [4R/2127](swap: 9, u: 0 | c_u: 1 | t_u_l: 111/992 | t_u_r: 81/992 | t_u: 192/1984) -> {'max_bond': 43, 'max_links': 4, 'total_elems': 63044, 'total_shapes': 2346, 'total_links': 390, 'num_tensors': 98}
2026-08-26 11:55:22,602 [INFO] [5R/2127](swap: 6, u: 1 | c_u: 2 | t_u_l: 111/992 | t_u_r: 82/992 | t_u: 193/1984) -> {'max_bond': 42, 'max_links': 4, 'total_elems': 68844, 'total_shapes': 2456, 'total_links': 390, 'num_tensors': 98}
2026-08-26 11:55:22,766 [INFO] [6R/2127](swap: 8, u: 0 | c_u: 2 | t_u_l: 111/992 | t_u_r: 82/992 | t_u: 193/1984) -> {'max_bond': 61, 'max_links': 4, 'total_elems': 81692, 'total_shapes': 2634, 'total_links': 390, 'num_tensors': 98}
2026-08-26 11:55:22,946 [INFO] [7R/2127](swap: 10, u: 0 | c_u: 2 | t_u_l: 111/992 | t_u_r: 82/992 | t_u: 193/1984) -> {'max_bond': 58, 'max_links': 4, 'total_elems': 85036, 'total_shapes': 2698, 'total_links': 390, 'num_tensors': 98}
2026-08-26 11:55:23,112 [INFO] [8R/2127](swap: 7, u: 0 | c_u: 2 | t_u_l: 111/992 | t_u_r: 82/992 | t_u: 193/1984) -> {'max_bond': 43, 'max_links': 4, 'total_elems': 90160, 'total_shapes': 2788, 'total_links': 390, 'num_tensors': 98}
2026-08-26 11:55:23,297 [INFO] [6L/2219](swap: 18, u: 0 | c_u: 2 | t_u_l: 111/992 | t_u_r: 82/992 | t_u: 193/1984) -> {'max_bond': 50, 'max_links': 4, 'total_elems': 103380, 'total_shapes': 2996, 'total_links': 390, 'num_tensors': 98}
2026-08-26 11:55:23,495 [INFO] [7L/2219](swap: 21, u: 1 | c_u: 3 | t_u_l: 112/992 | t_u_r: 82/992 | t_u: 194/1984) -> {'max_bond': 63, 'max_links': 4, 'total_elems': 121480, 'total_shapes': 3192, 'total_links': 390, 'num_tensors': 98}
2026-08-26 11:55:23,713 [INFO] [8L/2219](swap: 24, u: 0 | c_u: 3 | t_u_l: 112/992 | t_u_r: 82/992 | t_u: 194/1984) -> {'max_bond': 68, 'max_links': 4, 'total_elems': 138140, 'total_shapes': 3366, 'total_links': 390, 'num_tensors': 98}
2026-08-26 11:55:23,928 [INFO] [9L/2219](swap: 23, u: 0 | c_u: 3 | t_u_l: 112/992 | t_u_r: 82/992 | t_u: 194/1984) -> {'max_bond': 66, 'max_links': 4, 'total_elems': 152332, 'total_shapes': 3582, 'total_links': 390, 'num_tensors': 98}
2026-08-26 11:55:24,164 [INFO] [9R/2127](swap: 6, u: 0 | c_u: 3 | t_u_l: 112/992 | t_u_r: 82/992 | t_u: 194/1984) -> {'max_bond': 64, 'max_links': 4, 'total_elems': 169600, 'total_shapes': 3722, 'total_links': 390, 'num_tensors': 98}
2026-08-26 11:55:24,431 [INFO] [10L/2219](swap: 23, u: 0 | c_u: 3 | t_u_l: 112/992 | t_u_r: 82/992 | t_u: 194/1984) -> {'max_bond': 64, 'max_links': 4, 'total_elems': 196072, 'total_shapes': 3974, 'total_links': 390, 'num_tensors': 98}
2026-08-26 11:55:24,759 [INFO] [10R/2127](swap: 6, u: 0 | c_u: 3 | t_u_l: 112/992 | t_u_r: 82/992 | t_u: 194/1984) -> {'max_bond': 111, 'max_links': 4, 'total_elems': 257864, 'total_shapes': 4278, 'total_links': 390, 'num_tensors': 98}
2026-08-26 11:55:25,194 [INFO] [11R/2127](swap: 6, u: 0 | c_u: 3 | t_u_l: 112/992 | t_u_r: 82/992 | t_u: 194/1984) -> {'max_bond': 190, 'max_links': 4, 'total_elems': 349652, 'total_shapes': 4616, 'total_links': 390, 'num_tensors': 98}
2026-08-26 11:55:25,841 [INFO] [12R/2127](swap: 6, u: 1 | c_u: 4 | t_u_l: 112/992 | t_u_r: 83/992 | t_u: 195/1984) -> {'max_bond': 188, 'max_links': 4, 'total_elems': 483748, 'total_shapes': 4922, 'total_links': 390, 'num_tensors': 98}
2026-08-26 11:55:26,984 [INFO] [11L/2219](swap: 24, u: 0 | c_u: 4 | t_u_l: 112/992 | t_u_r: 83/992 | t_u: 195/1984) -> {'max_bond': 184, 'max_links': 4, 'total_elems': 534488, 'total_shapes': 5342, 'total_links': 390, 'num_tensors': 98}
2026-08-26 11:55:28,645 [INFO] [13R/2127](swap: 7, u: 1 | c_u: 5 | t_u_l: 112/992 | t_u_r: 84/992 | t_u: 196/1984) -> {'max_bond': 189, 'max_links': 4, 'total_elems': 599148, 'total_shapes': 5528, 'total_links': 390, 'num_tensors': 98}
2026-08-26 11:55:29,895 [INFO] [12L/2219](swap: 22, u: 0 | c_u: 5 | t_u_l: 112/992 | t_u_r: 84/992 | t_u: 196/1984) -> {'max_bond': 172, 'max_links': 4, 'total_elems': 583872, 'total_shapes': 5942, 'total_links': 390, 'num_tensors': 98}
2026-08-26 11:55:30,887 [INFO] [14R/2127](swap: 8, u: 0 | c_u: 5 | t_u_l: 112/992 | t_u_r: 84/992 | t_u: 196/1984) -> {'max_bond': 159, 'max_links': 4, 'total_elems': 573392, 'total_shapes': 5978, 'total_links': 390, 'num_tensors': 98}
2026-08-26 11:55:31,917 [INFO] [15R/2127](swap: 8, u: 0 | c_u: 5 | t_u_l: 112/992 | t_u_r: 84/992 | t_u: 196/1984) -> {'max_bond': 156, 'max_links': 4, 'total_elems': 620776, 'total_shapes': 6122, 'total_links': 390, 'num_tensors': 98}
2026-08-26 11:55:32,900 [INFO] [16R/2127](swap: 8, u: 0 | c_u: 5 | t_u_l: 112/992 | t_u_r: 84/992 | t_u: 196/1984) -> {'max_bond': 172, 'max_links': 4, 'total_elems': 600148, 'total_shapes': 6082, 'total_links': 390, 'num_tensors': 98}
2026-08-26 11:55:33,886 [INFO] [17R/2127](swap: 8, u: 0 | c_u: 5 | t_u_l: 112/992 | t_u_r: 84/992 | t_u: 196/1984) -> {'max_bond': 159, 'max_links': 4, 'total_elems': 544372, 'total_shapes': 5750, 'total_links': 390, 'num_tensors': 98}
2026-08-26 11:55:34,869 [INFO] [18R/2127](swap: 7, u: 1 | c_u: 6 | t_u_l: 112/992 | t_u_r: 85/992 | t_u: 197/1984) -> {'max_bond': 152, 'max_links': 4, 'total_elems': 558564, 'total_shapes': 5862, 'total_links': 390, 'num_tensors': 98}
2026-08-26 11:55:36,058 [INFO] [19R/2127](swap: 8, u: 1 | c_u: 7 | t_u_l: 112/992 | t_u_r: 86/992 | t_u: 198/1984) -> {'max_bond': 236, 'max_links': 4, 'total_elems': 701236, 'total_shapes': 6322, 'total_links': 390, 'num_tensors': 98}
2026-08-26 11:55:37,468 [INFO] [20R/2127](swap: 8, u: 0 | c_u: 7 | t_u_l: 112/992 | t_u_r: 86/992 | t_u: 198/1984) -> {'max_bond': 222, 'max_links': 4, 'total_elems': 671008, 'total_shapes': 6028, 'total_links': 390, 'num_tensors': 98}
2026-08-26 11:55:38,600 [INFO] [21R/2127](swap: 9, u: 0 | c_u: 7 | t_u_l: 112/992 | t_u_r: 86/992 | t_u: 198/1984) -> {'max_bond': 205, 'max_links': 4, 'total_elems': 654292, 'total_shapes': 6062, 'total_links': 390, 'num_tensors': 98}
2026-08-26 11:55:39,888 [INFO] [22R/2127](swap: 9, u: 0 | c_u: 7 | t_u_l: 112/992 | t_u_r: 86/992 | t_u: 198/1984) -> {'max_bond': 192, 'max_links': 4, 'total_elems': 669664, 'total_shapes': 6172, 'total_links': 390, 'num_tensors': 98}
2026-08-26 11:55:41,177 [INFO] [23R/2127](swap: 10, u: 0 | c_u: 7 | t_u_l: 112/992 | t_u_r: 86/992 | t_u: 198/1984) -> {'max_bond': 177, 'max_links': 4, 'total_elems': 676036, 'total_shapes': 6394, 'total_links': 390, 'num_tensors': 98}
2026-08-26 11:55:42,419 [INFO] [24R/2127](swap: 8, u: 0 | c_u: 7 | t_u_l: 112/992 | t_u_r: 86/992 | t_u: 198/1984) -> {'max_bond': 166, 'max_links': 4, 'total_elems': 646580, 'total_shapes': 6334, 'total_links': 390, 'num_tensors': 98}
2026-08-26 11:55:43,577 [INFO] [25R/2127](swap: 6, u: 1 | c_u: 8 | t_u_l: 112/992 | t_u_r: 87/992 | t_u: 199/1984) -> {'max_bond': 162, 'max_links': 4, 'total_elems': 622480, 'total_shapes': 6254, 'total_links': 390, 'num_tensors': 98}
2026-08-26 11:55:44,667 [INFO] [26R/2127](swap: 7, u: 0 | c_u: 8 | t_u_l: 112/992 | t_u_r: 87/992 | t_u: 199/1984) -> {'max_bond': 154, 'max_links': 4, 'total_elems': 566692, 'total_shapes': 6046, 'total_links': 390, 'num_tensors': 98}
2026-08-26 11:55:45,605 [INFO] [27R/2127](swap: 7, u: 0 | c_u: 8 | t_u_l: 112/992 | t_u_r: 87/992 | t_u: 199/1984) -> {'max_bond': 148, 'max_links': 4, 'total_elems': 501860, 'total_shapes': 5810, 'total_links': 390, 'num_tensors': 98}
2026-08-26 11:55:46,400 [INFO] [28R/2127](swap: 6, u: 0 | c_u: 8 | t_u_l: 112/992 | t_u_r: 87/992 | t_u: 199/1984) -> {'max_bond': 140, 'max_links': 4, 'total_elems': 443364, 'total_shapes': 5554, 'total_links': 390, 'num_tensors': 98}
2026-08-26 11:55:47,104 [INFO] [29R/2127](swap: 7, u: 0 | c_u: 8 | t_u_l: 112/992 | t_u_r: 87/992 | t_u: 199/1984) -> {'max_bond': 131, 'max_links': 4, 'total_elems': 443508, 'total_shapes': 5640, 'total_links': 390, 'num_tensors': 98}
2026-08-26 11:55:47,778 [INFO] [30R/2127](swap: 4, u: 2 | c_u: 10 | t_u_l: 112/992 | t_u_r: 89/992 | t_u: 201/1984) -> {'max_bond': 125, 'max_links': 4, 'total_elems': 429424, 'total_shapes': 5612, 'total_links': 390, 'num_tensors': 98}
2026-08-26 11:55:48,411 [INFO] [31R/2127](swap: 7, u: 0 | c_u: 10 | t_u_l: 112/992 | t_u_r: 89/992 | t_u: 201/1984) -> {'max_bond': 101, 'max_links': 4, 'total_elems': 367472, 'total_shapes': 5224, 'total_links': 390, 'num_tensors': 98}
2026-08-26 11:55:48,967 [INFO] [32R/2127](swap: 5, u: 1 | c_u: 11 | t_u_l: 112/992 | t_u_r: 90/992 | t_u: 202/1984) -> {'max_bond': 99, 'max_links': 4, 'total_elems': 357348, 'total_shapes': 5136, 'total_links': 390, 'num_tensors': 98}
2026-08-26 11:55:49,507 [INFO] [33R/2127](swap: 5, u: 1 | c_u: 12 | t_u_l: 112/992 | t_u_r: 91/992 | t_u: 203/1984) -> {'max_bond': 95, 'max_links': 4, 'total_elems': 366768, 'total_shapes': 5206, 'total_links': 390, 'num_tensors': 98}
2026-08-26 11:55:50,148 [INFO] [34R/2127](swap: 8, u: 0 | c_u: 12 | t_u_l: 112/992 | t_u_r: 91/992 | t_u: 203/1984) -> {'max_bond': 127, 'max_links': 4, 'total_elems': 430440, 'total_shapes': 5546, 'total_links': 390, 'num_tensors': 98}
2026-08-26 11:55:50,909 [INFO] [35R/2127](swap: 8, u: 0 | c_u: 12 | t_u_l: 112/992 | t_u_r: 91/992 | t_u: 203/1984) -> {'max_bond': 126, 'max_links': 4, 'total_elems': 488796, 'total_shapes': 5720, 'total_links': 390, 'num_tensors': 98}
2026-08-26 11:55:51,727 [INFO] [36R/2127](swap: 10, u: 1 | c_u: 13 | t_u_l: 112/992 | t_u_r: 92/992 | t_u: 204/1984) -> {'max_bond': 102, 'max_links': 4, 'total_elems': 478996, 'total_shapes': 5790, 'total_links': 390, 'num_tensors': 98}
2026-08-26 11:55:52,510 [INFO] [13L/2219](swap: 23, u: 0 | c_u: 13 | t_u_l: 112/992 | t_u_r: 92/992 | t_u: 204/1984) -> {'max_bond': 93, 'max_links': 4, 'total_elems': 537852, 'total_shapes': 6138, 'total_links': 390, 'num_tensors': 98}
2026-08-26 11:55:53,398 [INFO] [37R/2127](swap: 10, u: 1 | c_u: 14 | t_u_l: 112/992 | t_u_r: 93/992 | t_u: 205/1984) -> {'max_bond': 238, 'max_links': 4, 'total_elems': 615752, 'total_shapes': 6378, 'total_links': 390, 'num_tensors': 98}
2026-08-26 11:55:54,539 [INFO] [38R/2127](swap: 9, u: 1 | c_u: 15 | t_u_l: 112/992 | t_u_r: 94/992 | t_u: 206/1984) -> {'max_bond': 229, 'max_links': 4, 'total_elems': 702516, 'total_shapes': 6452, 'total_links': 390, 'num_tensors': 98}
2026-08-26 11:55:56,120 [INFO] [39R/2127](swap: 8, u: 1 | c_u: 16 | t_u_l: 112/992 | t_u_r: 95/992 | t_u: 207/1984) -> {'max_bond': 403, 'max_links': 4, 'total_elems': 934716, 'total_shapes': 6970, 'total_links': 390, 'num_tensors': 98}
2026-08-26 11:55:59,935 [INFO]     [start unswap] -> {'max_bond': 403, 'max_links': 4, 'total_elems': 934716, 'total_shapes': 6970, 'total_links': 390, 'num_tensors': 98}
2026-08-26 11:56:20,329 [INFO]     [0 | both | 0](candidate_pairs: 49/49 | new_swaps: 13 | total: 13) -> {'max_bond': 363, 'max_links': 4, 'total_elems': 1583728, 'total_shapes': 7038, 'total_links': 390, 'num_tensors': 98}
2026-08-26 11:56:50,053 [INFO]     [0 | both | 1](candidate_pairs: 48/48 | new_swaps: 27 | total: 40) -> {'max_bond': 340, 'max_links': 4, 'total_elems': 821864, 'total_shapes': 5324, 'total_links': 390, 'num_tensors': 98}
2026-08-26 11:56:53,691 [INFO]     [0 | left | 0](candidate_pairs: 49/49 | new_swaps: 20 | total: 60) -> {'max_bond': 197, 'max_links': 4, 'total_elems': 594672, 'total_shapes': 4662, 'total_links': 390, 'num_tensors': 98}
2026-08-26 11:56:57,915 [INFO]     [0 | left | 1](candidate_pairs: 48/48 | new_swaps: 16 | total: 76) -> {'max_bond': 190, 'max_links': 4, 'total_elems': 511400, 'total_shapes': 4272, 'total_links': 390, 'num_tensors': 98}
2026-08-26 11:56:59,649 [INFO]     [0 | right | 0](candidate_pairs: 49/49 | new_swaps: 14 | total: 90) -> {'max_bond': 183, 'max_links': 4, 'total_elems': 338692, 'total_shapes': 3712, 'total_links': 390, 'num_tensors': 98}
2026-08-26 11:57:00,731 [INFO]     [0 | right | 1](candidate_pairs: 48/48 | new_swaps: 16 | total: 106) -> {'max_bond': 178, 'max_links': 4, 'total_elems': 175796, 'total_shapes': 3188, 'total_links': 390, 'num_tensors': 98}
2026-08-26 11:57:01,370 [INFO]     [1 | both | 0](candidate_pairs: 49/49 | new_swaps: 15 | total: 15) -> {'max_bond': 56, 'max_links': 4, 'total_elems': 91396, 'total_shapes': 2672, 'total_links': 390, 'num_tensors': 98}
2026-08-26 11:57:01,788 [INFO]     [1 | both | 1](candidate_pairs: 48/48 | new_swaps: 9 | total: 24) -> {'max_bond': 55, 'max_links': 4, 'total_elems': 62804, 'total_shapes': 2348, 'total_links': 390, 'num_tensors': 98}
2026-08-26 11:57:01,945 [INFO]     [1 | left | 0](candidate_pairs: 49/49 | new_swaps: 9 | total: 33) -> {'max_bond': 34, 'max_links': 4, 'total_elems': 49536, 'total_shapes': 2162, 'total_links': 390, 'num_tensors': 98}
2026-08-26 11:57:02,104 [INFO]     [1 | left | 1](candidate_pairs: 48/48 | new_swaps: 8 | total: 41) -> {'max_bond': 33, 'max_links': 4, 'total_elems': 40644, 'total_shapes': 2052, 'total_links': 390, 'num_tensors': 98}
2026-08-26 11:57:02,243 [INFO]     [1 | right | 0](candidate_pairs: 49/49 | new_swaps: 8 | total: 49) -> {'max_bond': 28, 'max_links': 4, 'total_elems': 33580, 'total_shapes': 1924, 'total_links': 390, 'num_tensors': 98}
2026-08-26 11:57:02,373 [INFO]     [1 | right | 1](candidate_pairs: 48/48 | new_swaps: 7 | total: 56) -> {'max_bond': 28, 'max_links': 4, 'total_elems': 30932, 'total_shapes': 1862, 'total_links': 390, 'num_tensors': 98}
2026-08-26 11:57:02,605 [INFO]     [2 | both | 0](candidate_pairs: 49/49 | new_swaps: 7 | total: 7) -> {'max_bond': 22, 'max_links': 4, 'total_elems': 26540, 'total_shapes': 1766, 'total_links': 390, 'num_tensors': 98}
2026-08-26 11:57:02,822 [INFO]     [2 | both | 1](candidate_pairs: 48/48 | new_swaps: 9 | total: 16) -> {'max_bond': 22, 'max_links': 4, 'total_elems': 23496, 'total_shapes': 1688, 'total_links': 390, 'num_tensors': 98}
2026-08-26 11:57:02,943 [INFO]     [2 | left | 0](candidate_pairs: 49/49 | new_swaps: 7 | total: 23) -> {'max_bond': 22, 'max_links': 4, 'total_elems': 20408, 'total_shapes': 1616, 'total_links': 390, 'num_tensors': 98}
2026-08-26 11:57:03,056 [INFO]     [2 | left | 1](candidate_pairs: 48/48 | new_swaps: 5 | total: 28) -> {'max_bond': 18, 'max_links': 4, 'total_elems': 17448, 'total_shapes': 1548, 'total_links': 390, 'num_tensors': 98}
2026-08-26 11:57:03,164 [INFO]     [2 | right | 0](candidate_pairs: 49/49 | new_swaps: 5 | total: 33) -> {'max_bond': 18, 'max_links': 4, 'total_elems': 16592, 'total_shapes': 1510, 'total_links': 390, 'num_tensors': 98}
2026-08-26 11:57:03,274 [INFO]     [2 | right | 1](candidate_pairs: 48/48 | new_swaps: 4 | total: 37) -> {'max_bond': 18, 'max_links': 4, 'total_elems': 15876, 'total_shapes': 1480, 'total_links': 390, 'num_tensors': 98}
2026-08-26 11:57:03,481 [INFO]     [3 | both | 0](candidate_pairs: 49/49 | new_swaps: 9 | total: 9) -> {'max_bond': 18, 'max_links': 4, 'total_elems': 14660, 'total_shapes': 1430, 'total_links': 390, 'num_tensors': 98}
2026-08-26 11:57:03,687 [INFO]     [3 | both | 1](candidate_pairs: 48/48 | new_swaps: 10 | total: 19) -> {'max_bond': 18, 'max_links': 4, 'total_elems': 13140, 'total_shapes': 1370, 'total_links': 390, 'num_tensors': 98}
2026-08-26 11:57:03,794 [INFO]     [3 | left | 0](candidate_pairs: 49/49 | new_swaps: 4 | total: 23) -> {'max_bond': 18, 'max_links': 4, 'total_elems': 11672, 'total_shapes': 1330, 'total_links': 390, 'num_tensors': 98}
2026-08-26 11:57:03,901 [INFO]     [3 | left | 1](candidate_pairs: 48/48 | new_swaps: 9 | total: 32) -> {'max_bond': 18, 'max_links': 4, 'total_elems': 9960, 'total_shapes': 1268, 'total_links': 390, 'num_tensors': 98}
2026-08-26 11:57:04,002 [INFO]     [3 | right | 0](candidate_pairs: 49/49 | new_swaps: 7 | total: 39) -> {'max_bond': 16, 'max_links': 4, 'total_elems': 8384, 'total_shapes': 1202, 'total_links': 390, 'num_tensors': 98}
2026-08-26 11:57:04,097 [INFO]     [3 | right | 1](candidate_pairs: 48/48 | new_swaps: 2 | total: 41) -> {'max_bond': 16, 'max_links': 4, 'total_elems': 8144, 'total_shapes': 1190, 'total_links': 390, 'num_tensors': 98}
2026-08-26 11:57:04,273 [INFO]     [4 | both | 0](candidate_pairs: 49/49 | new_swaps: 2 | total: 2) -> {'max_bond': 16, 'max_links': 4, 'total_elems': 7932, 'total_shapes': 1180, 'total_links': 390, 'num_tensors': 98}
2026-08-26 11:57:04,430 [INFO]     [4 | both | 1](candidate_pairs: 48/48 | new_swaps: 1 | total: 3) -> {'max_bond': 16, 'max_links': 4, 'total_elems': 7804, 'total_shapes': 1172, 'total_links': 390, 'num_tensors': 98}
2026-08-26 11:57:04,512 [INFO]     [4 | left | 0](candidate_pairs: 49/49 | new_swaps: 1 | total: 4) -> {'max_bond': 16, 'max_links': 4, 'total_elems': 7744, 'total_shapes': 1170, 'total_links': 390, 'num_tensors': 98}
2026-08-26 11:57:04,595 [INFO]     [4 | left | 1](candidate_pairs: 48/48 | new_swaps: 1 | total: 5) -> {'max_bond': 16, 'max_links': 4, 'total_elems': 7548, 'total_shapes': 1164, 'total_links': 390, 'num_tensors': 98}
2026-08-26 11:57:04,638 [INFO]     [4 | right | 0](candidate_pairs: 49/49 | new_swaps: 0 | total: 5) -> {'max_bond': 16, 'max_links': 4, 'total_elems': 7548, 'total_shapes': 1164, 'total_links': 390, 'num_tensors': 98}
2026-08-26 11:57:04,681 [INFO]     [4 | right | 1](candidate_pairs: 48/48 | new_swaps: 0 | total: 5) -> {'max_bond': 16, 'max_links': 4, 'total_elems': 7548, 'total_shapes': 1164, 'total_links': 390, 'num_tensors': 98}
2026-08-26 11:57:04,862 [INFO]     [5 | both | 0](candidate_pairs: 49/49 | new_swaps: 1 | total: 1) -> {'max_bond': 16, 'max_links': 4, 'total_elems': 7300, 'total_shapes': 1156, 'total_links': 390, 'num_tensors': 98}
2026-08-26 11:57:05,025 [INFO]     [5 | both | 1](candidate_pairs: 48/48 | new_swaps: 1 | total: 2) -> {'max_bond': 16, 'max_links': 4, 'total_elems': 7080, 'total_shapes': 1146, 'total_links': 390, 'num_tensors': 98}
2026-08-26 11:57:05,126 [INFO]     [5 | left | 0](candidate_pairs: 49/49 | new_swaps: 2 | total: 4) -> {'max_bond': 16, 'max_links': 4, 'total_elems': 6928, 'total_shapes': 1138, 'total_links': 390, 'num_tensors': 98}
2026-08-26 11:57:05,172 [INFO]     [5 | left | 1](candidate_pairs: 48/48 | new_swaps: 0 | total: 4) -> {'max_bond': 16, 'max_links': 4, 'total_elems': 6928, 'total_shapes': 1138, 'total_links': 390, 'num_tensors': 98}
2026-08-26 11:57:05,216 [INFO]     [5 | right | 0](candidate_pairs: 49/49 | new_swaps: 0 | total: 4) -> {'max_bond': 16, 'max_links': 4, 'total_elems': 6928, 'total_shapes': 1138, 'total_links': 390, 'num_tensors': 98}
2026-08-26 11:57:05,258 [INFO]     [5 | right | 1](candidate_pairs: 48/48 | new_swaps: 0 | total: 4) -> {'max_bond': 16, 'max_links': 4, 'total_elems': 6928, 'total_shapes': 1138, 'total_links': 390, 'num_tensors': 98}
2026-08-26 11:57:05,343 [INFO]     [6 | both | 0](candidate_pairs: 49/49 | new_swaps: 0 | total: 0) -> {'max_bond': 16, 'max_links': 4, 'total_elems': 6928, 'total_shapes': 1138, 'total_links': 390, 'num_tensors': 98}
2026-08-26 11:57:05,426 [INFO]     [6 | both | 1](candidate_pairs: 48/48 | new_swaps: 0 | total: 0) -> {'max_bond': 16, 'max_links': 4, 'total_elems': 6928, 'total_shapes': 1138, 'total_links': 390, 'num_tensors': 98}
2026-08-26 11:57:05,470 [INFO]     [6 | left | 0](candidate_pairs: 49/49 | new_swaps: 0 | total: 0) -> {'max_bond': 16, 'max_links': 4, 'total_elems': 6928, 'total_shapes': 1138, 'total_links': 390, 'num_tensors': 98}
2026-08-26 11:57:05,513 [INFO]     [6 | left | 1](candidate_pairs: 48/48 | new_swaps: 0 | total: 0) -> {'max_bond': 16, 'max_links': 4, 'total_elems': 6928, 'total_shapes': 1138, 'total_links': 390, 'num_tensors': 98}
2026-08-26 11:57:08,314 [INFO]     [6 | right | 0](candidate_pairs: 49/49 | new_swaps: 0 | total: 0) -> {'max_bond': 16, 'max_links': 4, 'total_elems': 6928, 'total_shapes': 1138, 'total_links': 390, 'num_tensors': 98}
2026-08-26 11:57:08,357 [INFO]     [6 | right | 1](candidate_pairs: 48/48 | new_swaps: 0 | total: 0) -> {'max_bond': 16, 'max_links': 4, 'total_elems': 6928, 'total_shapes': 1138, 'total_links': 390, 'num_tensors': 98}
2026-08-26 11:57:08,358 [INFO]     [end unswap] -> {'max_bond': 16, 'max_links': 4, 'total_elems': 6928, 'total_shapes': 1138, 'total_links': 390, 'num_tensors': 98}
2026-08-26 11:57:08,470 [INFO] [start rewire](phase=post_unswap, cycle=36, side=left, layers=2208, trials=20, seed=123, parallel=False, route_candidates=2, route_score=lookahead_total)
2026-08-26 11:57:16,830 [INFO] [end rewire](phase=post_unswap, cycle=36, side=left, routed_layers=2037, elapsed_s=8.36)
2026-08-26 11:57:16,830 [INFO] [start rewire](phase=post_unswap, cycle=36, side=right, layers=2090, trials=20, seed=123, parallel=False, route_candidates=2, route_score=lookahead_total)
2026-08-26 11:57:25,984 [INFO] [end rewire](phase=post_unswap, cycle=36, side=right, routed_layers=1875, elapsed_s=9.15)
2026-08-26 11:57:26,208 [INFO] [1L/2035](swap: 18, u: 0 | c_u: 0 | t_u_l: 112/992 | t_u_r: 95/992 | t_u: 207/1984) -> {'max_bond': 16, 'max_links': 4, 'total_elems': 6928, 'total_shapes': 1138, 'total_links': 390, 'num_tensors': 98}
2026-08-26 11:57:26,319 [INFO] [1R/1873](swap: 16, u: 0 | c_u: 0 | t_u_l: 112/992 | t_u_r: 95/992 | t_u: 207/1984) -> {'max_bond': 32, 'max_links': 4, 'total_elems': 9480, 'total_shapes': 1266, 'total_links': 390, 'num_tensors': 98}
2026-08-26 11:57:26,430 [INFO] [2R/1873](swap: 14, u: 0 | c_u: 0 | t_u_l: 112/992 | t_u_r: 95/992 | t_u: 207/1984) -> {'max_bond': 32, 'max_links': 4, 'total_elems': 11776, 'total_shapes': 1326, 'total_links': 390, 'num_tensors': 98}
2026-08-26 11:57:26,542 [INFO] [2L/2035](swap: 21, u: 0 | c_u: 0 | t_u_l: 112/992 | t_u_r: 95/992 | t_u: 207/1984) -> {'max_bond': 32, 'max_links': 4, 'total_elems': 16196, 'total_shapes': 1428, 'total_links': 390, 'num_tensors': 98}
2026-08-26 11:57:26,658 [INFO] [3L/2035](swap: 19, u: 0 | c_u: 0 | t_u_l: 112/992 | t_u_r: 95/992 | t_u: 207/1984) -> {'max_bond': 32, 'max_links': 4, 'total_elems': 24392, 'total_shapes': 1568, 'total_links': 390, 'num_tensors': 98}
2026-08-26 11:57:26,785 [INFO] [4L/2035](swap: 16, u: 0 | c_u: 0 | t_u_l: 112/992 | t_u_r: 95/992 | t_u: 207/1984) -> {'max_bond': 32, 'max_links': 4, 'total_elems': 26696, 'total_shapes': 1656, 'total_links': 390, 'num_tensors': 98}
2026-08-26 11:57:26,912 [INFO] [5L/2035](swap: 13, u: 1 | c_u: 1 | t_u_l: 113/992 | t_u_r: 95/992 | t_u: 208/1984) -> {'max_bond': 32, 'max_links': 4, 'total_elems': 30364, 'total_shapes': 1742, 'total_links': 390, 'num_tensors': 98}
2026-08-26 11:57:27,048 [INFO] [6L/2035](swap: 13, u: 1 | c_u: 2 | t_u_l: 114/992 | t_u_r: 95/992 | t_u: 209/1984) -> {'max_bond': 32, 'max_links': 4, 'total_elems': 34956, 'total_shapes': 1866, 'total_links': 390, 'num_tensors': 98}
2026-08-26 11:57:27,189 [INFO] [7L/2035](swap: 14, u: 1 | c_u: 3 | t_u_l: 115/992 | t_u_r: 95/992 | t_u: 210/1984) -> {'max_bond': 64, 'max_links': 4, 'total_elems': 45468, 'total_shapes': 1982, 'total_links': 390, 'num_tensors': 98}
2026-08-26 11:57:27,349 [INFO] [8L/2035](swap: 12, u: 0 | c_u: 3 | t_u_l: 115/992 | t_u_r: 95/992 | t_u: 210/1984) -> {'max_bond': 64, 'max_links': 4, 'total_elems': 59340, 'total_shapes': 2138, 'total_links': 390, 'num_tensors': 98}
2026-08-26 11:57:27,502 [INFO] [9L/2035](swap: 14, u: 0 | c_u: 3 | t_u_l: 115/992 | t_u_r: 95/992 | t_u: 210/1984) -> {'max_bond': 64, 'max_links': 4, 'total_elems': 70524, 'total_shapes': 2344, 'total_links': 390, 'num_tensors': 98}
2026-08-26 11:57:27,667 [INFO] [10L/2035](swap: 12, u: 0 | c_u: 3 | t_u_l: 115/992 | t_u_r: 95/992 | t_u: 210/1984) -> {'max_bond': 64, 'max_links': 4, 'total_elems': 82120, 'total_shapes': 2512, 'total_links': 390, 'num_tensors': 98}
2026-08-26 11:57:27,838 [INFO] [11L/2035](swap: 11, u: 0 | c_u: 3 | t_u_l: 115/992 | t_u_r: 95/992 | t_u: 210/1984) -> {'max_bond': 64, 'max_links': 4, 'total_elems': 110952, 'total_shapes': 2844, 'total_links': 390, 'num_tensors': 98}
2026-08-26 11:57:28,042 [INFO] [12L/2035](swap: 11, u: 0 | c_u: 3 | t_u_l: 115/992 | t_u_r: 95/992 | t_u: 210/1984) -> {'max_bond': 64, 'max_links': 4, 'total_elems': 142792, 'total_shapes': 3062, 'total_links': 390, 'num_tensors': 98}
2026-08-26 11:57:28,297 [INFO] [13L/2035](swap: 8, u: 1 | c_u: 4 | t_u_l: 116/992 | t_u_r: 95/992 | t_u: 211/1984) -> {'max_bond': 64, 'max_links': 4, 'total_elems': 164496, 'total_shapes': 3174, 'total_links': 390, 'num_tensors': 98}
2026-08-26 11:57:28,560 [INFO] [14L/2035](swap: 9, u: 0 | c_u: 4 | t_u_l: 116/992 | t_u_r: 95/992 | t_u: 211/1984) -> {'max_bond': 64, 'max_links': 4, 'total_elems': 170940, 'total_shapes': 3238, 'total_links': 390, 'num_tensors': 98}
2026-08-26 11:57:28,834 [INFO] [15L/2035](swap: 8, u: 0 | c_u: 4 | t_u_l: 116/992 | t_u_r: 95/992 | t_u: 211/1984) -> {'max_bond': 124, 'max_links': 4, 'total_elems': 190392, 'total_shapes': 3394, 'total_links': 390, 'num_tensors': 98}
2026-08-26 11:57:29,182 [INFO] [16L/2035](swap: 8, u: 1 | c_u: 5 | t_u_l: 117/992 | t_u_r: 95/992 | t_u: 212/1984) -> {'max_bond': 120, 'max_links': 4, 'total_elems': 213372, 'total_shapes': 3520, 'total_links': 390, 'num_tensors': 98}
2026-08-26 11:57:29,553 [INFO] [17L/2035](swap: 10, u: 0 | c_u: 5 | t_u_l: 117/992 | t_u_r: 95/992 | t_u: 212/1984) -> {'max_bond': 64, 'max_links': 4, 'total_elems': 216440, 'total_shapes': 3650, 'total_links': 390, 'num_tensors': 98}
2026-08-26 11:57:29,991 [INFO] [18L/2035](swap: 10, u: 1 | c_u: 6 | t_u_l: 118/992 | t_u_r: 95/992 | t_u: 213/1984) -> {'max_bond': 127, 'max_links': 4, 'total_elems': 304368, 'total_shapes': 4048, 'total_links': 390, 'num_tensors': 98}
2026-08-26 11:57:30,565 [INFO] [3R/1873](swap: 14, u: 0 | c_u: 6 | t_u_l: 118/992 | t_u_r: 95/992 | t_u: 213/1984) -> {'max_bond': 238, 'max_links': 4, 'total_elems': 407864, 'total_shapes': 4574, 'total_links': 390, 'num_tensors': 98}
2026-08-26 11:57:31,314 [INFO] [4R/1873](swap: 12, u: 0 | c_u: 6 | t_u_l: 118/992 | t_u_r: 95/992 | t_u: 213/1984) -> {'max_bond': 225, 'max_links': 4, 'total_elems': 472336, 'total_shapes': 4864, 'total_links': 390, 'num_tensors': 98}
2026-08-26 11:57:32,019 [INFO] [5R/1873](swap: 11, u: 0 | c_u: 6 | t_u_l: 118/992 | t_u_r: 95/992 | t_u: 213/1984) -> {'max_bond': 208, 'max_links': 4, 'total_elems': 424400, 'total_shapes': 4742, 'total_links': 390, 'num_tensors': 98}
2026-08-26 11:57:32,598 [INFO] [6R/1873](swap: 7, u: 2 | c_u: 8 | t_u_l: 118/992 | t_u_r: 97/992 | t_u: 215/1984) -> {'max_bond': 186, 'max_links': 4, 'total_elems': 364328, 'total_shapes': 4580, 'total_links': 390, 'num_tensors': 98}
2026-08-26 11:57:33,072 [INFO] [7R/1873](swap: 8, u: 1 | c_u: 9 | t_u_l: 118/992 | t_u_r: 98/992 | t_u: 216/1984) -> {'max_bond': 171, 'max_links': 4, 'total_elems': 325644, 'total_shapes': 4456, 'total_links': 390, 'num_tensors': 98}
2026-08-26 11:57:33,484 [INFO] [8R/1873](swap: 10, u: 0 | c_u: 9 | t_u_l: 118/992 | t_u_r: 98/992 | t_u: 216/1984) -> {'max_bond': 146, 'max_links': 4, 'total_elems': 249812, 'total_shapes': 4082, 'total_links': 390, 'num_tensors': 98}
2026-08-26 11:57:33,803 [INFO] [9R/1873](swap: 10, u: 0 | c_u: 9 | t_u_l: 118/992 | t_u_r: 98/992 | t_u: 216/1984) -> {'max_bond': 128, 'max_links': 4, 'total_elems': 231956, 'total_shapes': 4016, 'total_links': 390, 'num_tensors': 98}
2026-08-26 11:57:34,098 [INFO] [10R/1873](swap: 8, u: 0 | c_u: 9 | t_u_l: 118/992 | t_u_r: 98/992 | t_u: 216/1984) -> {'max_bond': 127, 'max_links': 4, 'total_elems': 244668, 'total_shapes': 4120, 'total_links': 390, 'num_tensors': 98}
2026-08-26 11:57:34,401 [INFO] [11R/1873](swap: 8, u: 0 | c_u: 9 | t_u_l: 118/992 | t_u_r: 98/992 | t_u: 216/1984) -> {'max_bond': 127, 'max_links': 4, 'total_elems': 257172, 'total_shapes': 4198, 'total_links': 390, 'num_tensors': 98}
2026-08-26 11:57:34,705 [INFO] [12R/1873](swap: 8, u: 0 | c_u: 9 | t_u_l: 118/992 | t_u_r: 98/992 | t_u: 216/1984) -> {'max_bond': 127, 'max_links': 4, 'total_elems': 258664, 'total_shapes': 4206, 'total_links': 390, 'num_tensors': 98}
2026-08-26 11:57:35,012 [INFO] [13R/1873](swap: 8, u: 0 | c_u: 9 | t_u_l: 118/992 | t_u_r: 98/992 | t_u: 216/1984) -> {'max_bond': 127, 'max_links': 4, 'total_elems': 274068, 'total_shapes': 4316, 'total_links': 390, 'num_tensors': 98}
2026-08-26 11:57:35,355 [INFO] [14R/1873](swap: 7, u: 0 | c_u: 9 | t_u_l: 118/992 | t_u_r: 98/992 | t_u: 216/1984) -> {'max_bond': 127, 'max_links': 4, 'total_elems': 247812, 'total_shapes': 4200, 'total_links': 390, 'num_tensors': 98}
2026-08-26 11:57:35,670 [INFO] [15R/1873](swap: 7, u: 0 | c_u: 9 | t_u_l: 118/992 | t_u_r: 98/992 | t_u: 216/1984) -> {'max_bond': 127, 'max_links': 4, 'total_elems': 240676, 'total_shapes': 4194, 'total_links': 390, 'num_tensors': 98}
2026-08-26 11:57:35,970 [INFO] [16R/1873](swap: 7, u: 0 | c_u: 9 | t_u_l: 118/992 | t_u_r: 98/992 | t_u: 216/1984) -> {'max_bond': 127, 'max_links': 4, 'total_elems': 241692, 'total_shapes': 4222, 'total_links': 390, 'num_tensors': 98}
2026-08-26 11:57:36,287 [INFO] [17R/1873](swap: 7, u: 0 | c_u: 9 | t_u_l: 118/992 | t_u_r: 98/992 | t_u: 216/1984) -> {'max_bond': 127, 'max_links': 4, 'total_elems': 251652, 'total_shapes': 4276, 'total_links': 390, 'num_tensors': 98}
2026-08-26 11:57:36,592 [INFO] [18R/1873](swap: 5, u: 2 | c_u: 11 | t_u_l: 118/992 | t_u_r: 100/992 | t_u: 218/1984) -> {'max_bond': 127, 'max_links': 4, 'total_elems': 267748, 'total_shapes': 4372, 'total_links': 390, 'num_tensors': 98}
2026-08-26 11:57:36,934 [INFO] [19R/1873](swap: 6, u: 0 | c_u: 11 | t_u_l: 118/992 | t_u_r: 100/992 | t_u: 218/1984) -> {'max_bond': 127, 'max_links': 4, 'total_elems': 269620, 'total_shapes': 4404, 'total_links': 390, 'num_tensors': 98}
2026-08-26 11:57:37,291 [INFO] [20R/1873](swap: 7, u: 0 | c_u: 11 | t_u_l: 118/992 | t_u_r: 100/992 | t_u: 218/1984) -> {'max_bond': 127, 'max_links': 4, 'total_elems': 268396, 'total_shapes': 4474, 'total_links': 390, 'num_tensors': 98}
2026-08-26 11:57:37,638 [INFO] [21R/1873](swap: 7, u: 0 | c_u: 11 | t_u_l: 118/992 | t_u_r: 100/992 | t_u: 218/1984) -> {'max_bond': 127, 'max_links': 4, 'total_elems': 265972, 'total_shapes': 4528, 'total_links': 390, 'num_tensors': 98}
2026-08-26 11:57:38,011 [INFO] [22R/1873](swap: 6, u: 0 | c_u: 11 | t_u_l: 118/992 | t_u_r: 100/992 | t_u: 218/1984) -> {'max_bond': 126, 'max_links': 4, 'total_elems': 283336, 'total_shapes': 4674, 'total_links': 390, 'num_tensors': 98}
2026-08-26 11:57:38,386 [INFO] [23R/1873](swap: 7, u: 0 | c_u: 11 | t_u_l: 118/992 | t_u_r: 100/992 | t_u: 218/1984) -> {'max_bond': 125, 'max_links': 4, 'total_elems': 293924, 'total_shapes': 4760, 'total_links': 390, 'num_tensors': 98}
2026-08-26 11:57:38,728 [INFO] [24R/1873](swap: 5, u: 0 | c_u: 11 | t_u_l: 118/992 | t_u_r: 100/992 | t_u: 218/1984) -> {'max_bond': 125, 'max_links': 4, 'total_elems': 295152, 'total_shapes': 4800, 'total_links': 390, 'num_tensors': 98}
2026-08-26 11:57:39,156 [INFO] [25R/1873](swap: 5, u: 0 | c_u: 11 | t_u_l: 118/992 | t_u_r: 100/992 | t_u: 218/1984) -> {'max_bond': 125, 'max_links': 4, 'total_elems': 306204, 'total_shapes': 4934, 'total_links': 390, 'num_tensors': 98}
2026-08-26 11:57:39,483 [INFO] [26R/1873](swap: 6, u: 0 | c_u: 11 | t_u_l: 118/992 | t_u_r: 100/992 | t_u: 218/1984) -> {'max_bond': 125, 'max_links': 4, 'total_elems': 313664, 'total_shapes': 4960, 'total_links': 390, 'num_tensors': 98}
2026-08-26 11:57:39,833 [INFO] [27R/1873](swap: 5, u: 1 | c_u: 12 | t_u_l: 118/992 | t_u_r: 101/992 | t_u: 219/1984) -> {'max_bond': 213, 'max_links': 4, 'total_elems': 378108, 'total_shapes': 5258, 'total_links': 390, 'num_tensors': 98}
2026-08-26 11:57:40,319 [INFO] [19L/2035](swap: 11, u: 0 | c_u: 12 | t_u_l: 118/992 | t_u_r: 101/992 | t_u: 219/1984) -> {'max_bond': 195, 'max_links': 4, 'total_elems': 435832, 'total_shapes': 5418, 'total_links': 390, 'num_tensors': 98}
2026-08-26 11:57:40,887 [INFO] [20L/2035](swap: 10, u: 0 | c_u: 12 | t_u_l: 118/992 | t_u_r: 101/992 | t_u: 219/1984) -> {'max_bond': 189, 'max_links': 4, 'total_elems': 479996, 'total_shapes': 5562, 'total_links': 390, 'num_tensors': 98}
2026-08-26 11:57:41,517 [INFO] [21L/2035](swap: 10, u: 0 | c_u: 12 | t_u_l: 118/992 | t_u_r: 101/992 | t_u: 219/1984) -> {'max_bond': 177, 'max_links': 4, 'total_elems': 462596, 'total_shapes': 5440, 'total_links': 390, 'num_tensors': 98}
2026-08-26 11:57:42,104 [INFO] [22L/2035](swap: 11, u: 0 | c_u: 12 | t_u_l: 118/992 | t_u_r: 101/992 | t_u: 219/1984) -> {'max_bond': 231, 'max_links': 4, 'total_elems': 532028, 'total_shapes': 5654, 'total_links': 390, 'num_tensors': 98}
2026-08-26 11:57:43,157 [INFO] [28R/1873](swap: 5, u: 0 | c_u: 12 | t_u_l: 118/992 | t_u_r: 101/992 | t_u: 219/1984) -> {'max_bond': 227, 'max_links': 4, 'total_elems': 609648, 'total_shapes': 5768, 'total_links': 390, 'num_tensors': 98}
2026-08-26 11:57:44,435 [INFO] [29R/1873](swap: 6, u: 0 | c_u: 12 | t_u_l: 118/992 | t_u_r: 101/992 | t_u: 219/1984) -> {'max_bond': 217, 'max_links': 4, 'total_elems': 677348, 'total_shapes': 5892, 'total_links': 390, 'num_tensors': 98}
2026-08-26 11:57:45,600 [INFO] [30R/1873](swap: 7, u: 0 | c_u: 12 | t_u_l: 118/992 | t_u_r: 101/992 | t_u: 219/1984) -> {'max_bond': 212, 'max_links': 4, 'total_elems': 686972, 'total_shapes': 5934, 'total_links': 390, 'num_tensors': 98}
2026-08-26 11:57:46,768 [INFO] [31R/1873](swap: 8, u: 0 | c_u: 12 | t_u_l: 118/992 | t_u_r: 101/992 | t_u: 219/1984) -> {'max_bond': 205, 'max_links': 4, 'total_elems': 718276, 'total_shapes': 6060, 'total_links': 390, 'num_tensors': 98}
2026-08-26 11:57:48,068 [INFO] [32R/1873](swap: 11, u: 0 | c_u: 12 | t_u_l: 118/992 | t_u_r: 101/992 | t_u: 219/1984) -> {'max_bond': 134, 'max_links': 4, 'total_elems': 603528, 'total_shapes': 5892, 'total_links': 390, 'num_tensors': 98}
2026-08-26 11:57:49,099 [INFO] [33R/1873](swap: 11, u: 1 | c_u: 13 | t_u_l: 118/992 | t_u_r: 102/992 | t_u: 220/1984) -> {'max_bond': 118, 'max_links': 4, 'total_elems': 512320, 'total_shapes': 5704, 'total_links': 390, 'num_tensors': 98}
2026-08-26 11:57:49,884 [INFO] [34R/1873](swap: 13, u: 0 | c_u: 13 | t_u_l: 118/992 | t_u_r: 102/992 | t_u: 220/1984) -> {'max_bond': 95, 'max_links': 4, 'total_elems': 388688, 'total_shapes': 5212, 'total_links': 390, 'num_tensors': 98}
2026-08-26 11:57:50,415 [INFO] [35R/1873](swap: 11, u: 0 | c_u: 13 | t_u_l: 118/992 | t_u_r: 102/992 | t_u: 220/1984) -> {'max_bond': 114, 'max_links': 4, 'total_elems': 401544, 'total_shapes': 5288, 'total_links': 390, 'num_tensors': 98}
2026-08-26 11:57:50,984 [INFO] [36R/1873](swap: 11, u: 0 | c_u: 13 | t_u_l: 118/992 | t_u_r: 102/992 | t_u: 220/1984) -> {'max_bond': 126, 'max_links': 4, 'total_elems': 431536, 'total_shapes': 5480, 'total_links': 390, 'num_tensors': 98}
2026-08-26 11:57:51,679 [INFO] [37R/1873](swap: 8, u: 0 | c_u: 13 | t_u_l: 118/992 | t_u_r: 102/992 | t_u: 220/1984) -> {'max_bond': 190, 'max_links': 4, 'total_elems': 527016, 'total_shapes': 5806, 'total_links': 390, 'num_tensors': 98}
2026-08-26 11:57:52,353 [INFO] [38R/1873](swap: 8, u: 0 | c_u: 13 | t_u_l: 118/992 | t_u_r: 102/992 | t_u: 220/1984) -> {'max_bond': 176, 'max_links': 4, 'total_elems': 502688, 'total_shapes': 5728, 'total_links': 390, 'num_tensors': 98}
2026-08-26 11:57:53,017 [INFO] [39R/1873](swap: 8, u: 0 | c_u: 13 | t_u_l: 118/992 | t_u_r: 102/992 | t_u: 220/1984) -> {'max_bond': 166, 'max_links': 4, 'total_elems': 493240, 'total_shapes': 5658, 'total_links': 390, 'num_tensors': 98}
2026-08-26 11:57:53,748 [INFO] [40R/1873](swap: 11, u: 1 | c_u: 14 | t_u_l: 118/992 | t_u_r: 103/992 | t_u: 221/1984) -> {'max_bond': 156, 'max_links': 4, 'total_elems': 496544, 'total_shapes': 5764, 'total_links': 390, 'num_tensors': 98}
2026-08-26 11:57:54,470 [INFO] [41R/1873](swap: 12, u: 0 | c_u: 14 | t_u_l: 118/992 | t_u_r: 103/992 | t_u: 221/1984) -> {'max_bond': 150, 'max_links': 4, 'total_elems': 478108, 'total_shapes': 5762, 'total_links': 390, 'num_tensors': 98}
2026-08-26 11:57:55,118 [INFO] [42R/1873](swap: 10, u: 1 | c_u: 15 | t_u_l: 118/992 | t_u_r: 104/992 | t_u: 222/1984) -> {'max_bond': 140, 'max_links': 4, 'total_elems': 485268, 'total_shapes': 5860, 'total_links': 390, 'num_tensors': 98}
2026-08-26 11:57:55,924 [INFO] [43R/1873](swap: 12, u: 0 | c_u: 15 | t_u_l: 118/992 | t_u_r: 104/992 | t_u: 222/1984) -> {'max_bond': 130, 'max_links': 4, 'total_elems': 531336, 'total_shapes': 6022, 'total_links': 390, 'num_tensors': 98}
2026-08-26 11:57:56,710 [INFO] [44R/1873](swap: 14, u: 0 | c_u: 15 | t_u_l: 118/992 | t_u_r: 104/992 | t_u: 222/1984) -> {'max_bond': 191, 'max_links': 4, 'total_elems': 568080, 'total_shapes': 6126, 'total_links': 390, 'num_tensors': 98}
2026-08-26 11:57:57,468 [INFO] [45R/1873](swap: 12, u: 0 | c_u: 15 | t_u_l: 118/992 | t_u_r: 104/992 | t_u: 222/1984) -> {'max_bond': 186, 'max_links': 4, 'total_elems': 494804, 'total_shapes': 5934, 'total_links': 390, 'num_tensors': 98}
2026-08-26 11:57:58,031 [INFO] [46R/1873](swap: 12, u: 1 | c_u: 16 | t_u_l: 118/992 | t_u_r: 105/992 | t_u: 223/1984) -> {'max_bond': 183, 'max_links': 4, 'total_elems': 509512, 'total_shapes': 5960, 'total_links': 390, 'num_tensors': 98}
2026-08-26 11:57:58,707 [INFO] [23L/2035](swap: 12, u: 2 | c_u: 18 | t_u_l: 120/992 | t_u_r: 105/992 | t_u: 225/1984) -> {'max_bond': 179, 'max_links': 4, 'total_elems': 550976, 'total_shapes': 6176, 'total_links': 390, 'num_tensors': 98}
2026-08-26 11:57:59,451 [INFO] [24L/2035](swap: 12, u: 0 | c_u: 18 | t_u_l: 120/992 | t_u_r: 105/992 | t_u: 225/1984) -> {'max_bond': 175, 'max_links': 4, 'total_elems': 609080, 'total_shapes': 6404, 'total_links': 390, 'num_tensors': 98}
2026-08-26 11:58:00,380 [INFO] [25L/2035](swap: 12, u: 0 | c_u: 18 | t_u_l: 120/992 | t_u_r: 105/992 | t_u: 225/1984) -> {'max_bond': 165, 'max_links': 4, 'total_elems': 676440, 'total_shapes': 6706, 'total_links': 390, 'num_tensors': 98}
2026-08-26 11:58:01,658 [INFO] [26L/2035](swap: 9, u: 2 | c_u: 20 | t_u_l: 122/992 | t_u_r: 105/992 | t_u: 227/1984) -> {'max_bond': 123, 'max_links': 4, 'total_elems': 636940, 'total_shapes': 6642, 'total_links': 390, 'num_tensors': 98}
2026-08-26 11:58:02,648 [INFO] [27L/2035](swap: 12, u: 0 | c_u: 20 | t_u_l: 122/992 | t_u_r: 105/992 | t_u: 227/1984) -> {'max_bond': 120, 'max_links': 4, 'total_elems': 628424, 'total_shapes': 6480, 'total_links': 390, 'num_tensors': 98}
2026-08-26 11:58:03,806 [INFO] [28L/2035](swap: 9, u: 0 | c_u: 20 | t_u_l: 122/992 | t_u_r: 105/992 | t_u: 227/1984) -> {'max_bond': 253, 'max_links': 4, 'total_elems': 691568, 'total_shapes': 6718, 'total_links': 390, 'num_tensors': 98}
2026-08-26 11:58:04,849 [INFO] [29L/2035](swap: 8, u: 0 | c_u: 20 | t_u_l: 122/992 | t_u_r: 105/992 | t_u: 227/1984) -> {'max_bond': 234, 'max_links': 4, 'total_elems': 660700, 'total_shapes': 6658, 'total_links': 390, 'num_tensors': 98}
2026-08-26 11:58:05,806 [INFO] [30L/2035](swap: 7, u: 0 | c_u: 20 | t_u_l: 122/992 | t_u_r: 105/992 | t_u: 227/1984) -> {'max_bond': 228, 'max_links': 4, 'total_elems': 763144, 'total_shapes': 6964, 'total_links': 390, 'num_tensors': 98}
2026-08-26 11:58:06,947 [INFO] [31L/2035](swap: 7, u: 0 | c_u: 20 | t_u_l: 122/992 | t_u_r: 105/992 | t_u: 227/1984) -> {'max_bond': 213, 'max_links': 4, 'total_elems': 754244, 'total_shapes': 6858, 'total_links': 390, 'num_tensors': 98}
2026-08-26 11:58:08,002 [INFO] [32L/2035](swap: 5, u: 0 | c_u: 20 | t_u_l: 122/992 | t_u_r: 105/992 | t_u: 227/1984) -> {'max_bond': 188, 'max_links': 4, 'total_elems': 640480, 'total_shapes': 6554, 'total_links': 390, 'num_tensors': 98}
2026-08-26 11:58:08,777 [INFO] [33L/2035](swap: 5, u: 0 | c_u: 20 | t_u_l: 122/992 | t_u_r: 105/992 | t_u: 227/1984) -> {'max_bond': 168, 'max_links': 4, 'total_elems': 575352, 'total_shapes': 6336, 'total_links': 390, 'num_tensors': 98}
2026-08-26 11:58:09,471 [INFO] [34L/2035](swap: 5, u: 0 | c_u: 20 | t_u_l: 122/992 | t_u_r: 105/992 | t_u: 227/1984) -> {'max_bond': 153, 'max_links': 4, 'total_elems': 492552, 'total_shapes': 5998, 'total_links': 390, 'num_tensors': 98}
2026-08-26 11:58:10,236 [INFO] [35L/2035](swap: 4, u: 0 | c_u: 20 | t_u_l: 122/992 | t_u_r: 105/992 | t_u: 227/1984) -> {'max_bond': 151, 'max_links': 4, 'total_elems': 470364, 'total_shapes': 5932, 'total_links': 390, 'num_tensors': 98}
2026-08-26 11:58:10,814 [INFO] [36L/2035](swap: 4, u: 0 | c_u: 20 | t_u_l: 122/992 | t_u_r: 105/992 | t_u: 227/1984) -> {'max_bond': 149, 'max_links': 4, 'total_elems': 457152, 'total_shapes': 5874, 'total_links': 390, 'num_tensors': 98}
2026-08-26 11:58:11,378 [INFO] [37L/2035](swap: 4, u: 0 | c_u: 20 | t_u_l: 122/992 | t_u_r: 105/992 | t_u: 227/1984) -> {'max_bond': 147, 'max_links': 4, 'total_elems': 451108, 'total_shapes': 5838, 'total_links': 390, 'num_tensors': 98}
2026-08-26 11:58:11,928 [INFO] [38L/2035](swap: 3, u: 1 | c_u: 21 | t_u_l: 123/992 | t_u_r: 105/992 | t_u: 228/1984) -> {'max_bond': 144, 'max_links': 4, 'total_elems': 436632, 'total_shapes': 5784, 'total_links': 390, 'num_tensors': 98}
2026-08-26 11:58:12,472 [INFO] [39L/2035](swap: 3, u: 1 | c_u: 22 | t_u_l: 124/992 | t_u_r: 105/992 | t_u: 229/1984) -> {'max_bond': 142, 'max_links': 4, 'total_elems': 434204, 'total_shapes': 5762, 'total_links': 390, 'num_tensors': 98}
2026-08-26 11:58:12,995 [INFO] [40L/2035](swap: 5, u: 1 | c_u: 23 | t_u_l: 125/992 | t_u_r: 105/992 | t_u: 230/1984) -> {'max_bond': 140, 'max_links': 4, 'total_elems': 432400, 'total_shapes': 5778, 'total_links': 390, 'num_tensors': 98}
2026-08-26 11:58:13,523 [INFO] [41L/2035](swap: 7, u: 0 | c_u: 23 | t_u_l: 125/992 | t_u_r: 105/992 | t_u: 230/1984) -> {'max_bond': 120, 'max_links': 4, 'total_elems': 383472, 'total_shapes': 5508, 'total_links': 390, 'num_tensors': 98}
2026-08-26 11:58:14,010 [INFO] [42L/2035](swap: 8, u: 0 | c_u: 23 | t_u_l: 125/992 | t_u_r: 105/992 | t_u: 230/1984) -> {'max_bond': 120, 'max_links': 4, 'total_elems': 352140, 'total_shapes': 5314, 'total_links': 390, 'num_tensors': 98}
2026-08-26 11:58:14,453 [INFO] [43L/2035](swap: 9, u: 0 | c_u: 23 | t_u_l: 125/992 | t_u_r: 105/992 | t_u: 230/1984) -> {'max_bond': 120, 'max_links': 4, 'total_elems': 364492, 'total_shapes': 5332, 'total_links': 390, 'num_tensors': 98}
2026-08-26 11:58:14,919 [INFO] [44L/2035](swap: 8, u: 0 | c_u: 23 | t_u_l: 125/992 | t_u_r: 105/992 | t_u: 230/1984) -> {'max_bond': 80, 'max_links': 4, 'total_elems': 356300, 'total_shapes': 5310, 'total_links': 390, 'num_tensors': 98}
2026-08-26 11:58:15,422 [INFO] [45L/2035](swap: 6, u: 0 | c_u: 23 | t_u_l: 125/992 | t_u_r: 105/992 | t_u: 230/1984) -> {'max_bond': 99, 'max_links': 4, 'total_elems': 371548, 'total_shapes': 5372, 'total_links': 390, 'num_tensors': 98}
2026-08-26 11:58:15,870 [INFO] [46L/2035](swap: 7, u: 0 | c_u: 23 | t_u_l: 125/992 | t_u_r: 105/992 | t_u: 230/1984) -> {'max_bond': 92, 'max_links': 4, 'total_elems': 369676, 'total_shapes': 5330, 'total_links': 390, 'num_tensors': 98}
2026-08-26 11:58:16,332 [INFO] [47L/2035](swap: 8, u: 1 | c_u: 24 | t_u_l: 126/992 | t_u_r: 105/992 | t_u: 231/1984) -> {'max_bond': 83, 'max_links': 4, 'total_elems': 348120, 'total_shapes': 5204, 'total_links': 390, 'num_tensors': 98}
2026-08-26 11:58:16,769 [INFO] [48L/2035](swap: 6, u: 1 | c_u: 25 | t_u_l: 127/992 | t_u_r: 105/992 | t_u: 232/1984) -> {'max_bond': 78, 'max_links': 4, 'total_elems': 354532, 'total_shapes': 5136, 'total_links': 390, 'num_tensors': 98}
2026-08-26 11:58:17,231 [INFO] [49L/2035](swap: 7, u: 0 | c_u: 25 | t_u_l: 127/992 | t_u_r: 105/992 | t_u: 232/1984) -> {'max_bond': 133, 'max_links': 4, 'total_elems': 397968, 'total_shapes': 5322, 'total_links': 390, 'num_tensors': 98}
2026-08-26 11:58:17,728 [INFO] [50L/2035](swap: 8, u: 0 | c_u: 25 | t_u_l: 127/992 | t_u_r: 105/992 | t_u: 232/1984) -> {'max_bond': 124, 'max_links': 4, 'total_elems': 385912, 'total_shapes': 5274, 'total_links': 390, 'num_tensors': 98}
2026-08-26 11:58:18,192 [INFO] [51L/2035](swap: 9, u: 0 | c_u: 25 | t_u_l: 127/992 | t_u_r: 105/992 | t_u: 232/1984) -> {'max_bond': 122, 'max_links': 4, 'total_elems': 410936, 'total_shapes': 5420, 'total_links': 390, 'num_tensors': 98}
2026-08-26 11:58:18,736 [INFO] [52L/2035](swap: 8, u: 0 | c_u: 25 | t_u_l: 127/992 | t_u_r: 105/992 | t_u: 232/1984) -> {'max_bond': 119, 'max_links': 4, 'total_elems': 450912, 'total_shapes': 5578, 'total_links': 390, 'num_tensors': 98}
2026-08-26 11:58:19,518 [INFO] [53L/2035](swap: 6, u: 0 | c_u: 25 | t_u_l: 127/992 | t_u_r: 105/992 | t_u: 232/1984) -> {'max_bond': 116, 'max_links': 4, 'total_elems': 457272, 'total_shapes': 5732, 'total_links': 390, 'num_tensors': 98}
2026-08-26 11:58:20,135 [INFO] [54L/2035](swap: 5, u: 0 | c_u: 25 | t_u_l: 127/992 | t_u_r: 105/992 | t_u: 232/1984) -> {'max_bond': 114, 'max_links': 4, 'total_elems': 462084, 'total_shapes': 5748, 'total_links': 390, 'num_tensors': 98}
2026-08-26 11:58:20,715 [INFO] [55L/2035](swap: 3, u: 0 | c_u: 25 | t_u_l: 127/992 | t_u_r: 105/992 | t_u: 232/1984) -> {'max_bond': 111, 'max_links': 4, 'total_elems': 441804, 'total_shapes': 5734, 'total_links': 390, 'num_tensors': 98}
2026-08-26 11:58:21,244 [INFO] [56L/2035](swap: 2, u: 0 | c_u: 25 | t_u_l: 127/992 | t_u_r: 105/992 | t_u: 232/1984) -> {'max_bond': 109, 'max_links': 4, 'total_elems': 436196, 'total_shapes': 5760, 'total_links': 390, 'num_tensors': 98}
2026-08-26 11:58:21,747 [INFO] [57L/2035](swap: 2, u: 0 | c_u: 25 | t_u_l: 127/992 | t_u_r: 105/992 | t_u: 232/1984) -> {'max_bond': 105, 'max_links': 4, 'total_elems': 422848, 'total_shapes': 5722, 'total_links': 390, 'num_tensors': 98}
2026-08-26 11:58:22,222 [INFO] [58L/2035](swap: 2, u: 0 | c_u: 25 | t_u_l: 127/992 | t_u_r: 105/992 | t_u: 232/1984) -> {'max_bond': 103, 'max_links': 4, 'total_elems': 412908, 'total_shapes': 5680, 'total_links': 390, 'num_tensors': 98}
2026-08-26 11:58:22,679 [INFO] [59L/2035](swap: 2, u: 0 | c_u: 25 | t_u_l: 127/992 | t_u_r: 105/992 | t_u: 232/1984) -> {'max_bond': 101, 'max_links': 4, 'total_elems': 408288, 'total_shapes': 5660, 'total_links': 390, 'num_tensors': 98}
2026-08-26 11:58:23,129 [INFO] [60L/2035](swap: 2, u: 0 | c_u: 25 | t_u_l: 127/992 | t_u_r: 105/992 | t_u: 232/1984) -> {'max_bond': 95, 'max_links': 4, 'total_elems': 395888, 'total_shapes': 5600, 'total_links': 390, 'num_tensors': 98}
2026-08-26 11:58:23,569 [INFO] [61L/2035](swap: 1, u: 0 | c_u: 25 | t_u_l: 127/992 | t_u_r: 105/992 | t_u: 232/1984) -> {'max_bond': 94, 'max_links': 4, 'total_elems': 392264, 'total_shapes': 5594, 'total_links': 390, 'num_tensors': 98}
2026-08-26 11:58:23,997 [INFO] [62L/2035](swap: 1, u: 0 | c_u: 25 | t_u_l: 127/992 | t_u_r: 105/992 | t_u: 232/1984) -> {'max_bond': 94, 'max_links': 4, 'total_elems': 387760, 'total_shapes': 5568, 'total_links': 390, 'num_tensors': 98}
2026-08-26 11:58:24,418 [INFO] [63L/2035](swap: 1, u: 0 | c_u: 25 | t_u_l: 127/992 | t_u_r: 105/992 | t_u: 232/1984) -> {'max_bond': 94, 'max_links': 4, 'total_elems': 379616, 'total_shapes': 5510, 'total_links': 390, 'num_tensors': 98}
2026-08-26 11:58:24,840 [INFO] [64L/2035](swap: 0, u: 1 | c_u: 26 | t_u_l: 128/992 | t_u_r: 105/992 | t_u: 233/1984) -> {'max_bond': 94, 'max_links': 4, 'total_elems': 370984, 'total_shapes': 5426, 'total_links': 390, 'num_tensors': 98}
2026-08-26 11:58:25,248 [INFO] [65L/2035](swap: 1, u: 0 | c_u: 26 | t_u_l: 128/992 | t_u_r: 105/992 | t_u: 233/1984) -> {'max_bond': 94, 'max_links': 4, 'total_elems': 368176, 'total_shapes': 5396, 'total_links': 390, 'num_tensors': 98}
2026-08-26 11:58:25,673 [INFO] [66L/2035](swap: 1, u: 1 | c_u: 27 | t_u_l: 129/992 | t_u_r: 105/992 | t_u: 234/1984) -> {'max_bond': 94, 'max_links': 4, 'total_elems': 374904, 'total_shapes': 5430, 'total_links': 390, 'num_tensors': 98}
2026-08-26 11:58:26,096 [INFO] [67L/2035](swap: 2, u: 0 | c_u: 27 | t_u_l: 129/992 | t_u_r: 105/992 | t_u: 234/1984) -> {'max_bond': 94, 'max_links': 4, 'total_elems': 367428, 'total_shapes': 5364, 'total_links': 390, 'num_tensors': 98}
2026-08-26 11:58:26,507 [INFO] [68L/2035](swap: 3, u: 0 | c_u: 27 | t_u_l: 129/992 | t_u_r: 105/992 | t_u: 234/1984) -> {'max_bond': 94, 'max_links': 4, 'total_elems': 355208, 'total_shapes': 5228, 'total_links': 390, 'num_tensors': 98}
2026-08-26 11:58:26,921 [INFO] [69L/2035](swap: 4, u: 0 | c_u: 27 | t_u_l: 129/992 | t_u_r: 105/992 | t_u: 234/1984) -> {'max_bond': 94, 'max_links': 4, 'total_elems': 347804, 'total_shapes': 5166, 'total_links': 390, 'num_tensors': 98}
2026-08-26 11:58:27,321 [INFO] [70L/2035](swap: 4, u: 0 | c_u: 27 | t_u_l: 129/992 | t_u_r: 105/992 | t_u: 234/1984) -> {'max_bond': 94, 'max_links': 4, 'total_elems': 342952, 'total_shapes': 5126, 'total_links': 390, 'num_tensors': 98}
2026-08-26 11:58:27,712 [INFO] [71L/2035](swap: 4, u: 0 | c_u: 27 | t_u_l: 129/992 | t_u_r: 105/992 | t_u: 234/1984) -> {'max_bond': 94, 'max_links': 4, 'total_elems': 346120, 'total_shapes': 5170, 'total_links': 390, 'num_tensors': 98}
2026-08-26 11:58:28,106 [INFO] [72L/2035](swap: 3, u: 1 | c_u: 28 | t_u_l: 130/992 | t_u_r: 105/992 | t_u: 235/1984) -> {'max_bond': 94, 'max_links': 4, 'total_elems': 350388, 'total_shapes': 5214, 'total_links': 390, 'num_tensors': 98}
2026-08-26 11:58:28,499 [INFO] [73L/2035](swap: 4, u: 1 | c_u: 29 | t_u_l: 131/992 | t_u_r: 105/992 | t_u: 236/1984) -> {'max_bond': 94, 'max_links': 4, 'total_elems': 350964, 'total_shapes': 5224, 'total_links': 390, 'num_tensors': 98}
2026-08-26 11:58:28,895 [INFO] [74L/2035](swap: 7, u: 0 | c_u: 29 | t_u_l: 131/992 | t_u_r: 105/992 | t_u: 236/1984) -> {'max_bond': 94, 'max_links': 4, 'total_elems': 351736, 'total_shapes': 5246, 'total_links': 390, 'num_tensors': 98}
2026-08-26 11:58:29,289 [INFO] [75L/2035](swap: 8, u: 0 | c_u: 29 | t_u_l: 131/992 | t_u_r: 105/992 | t_u: 236/1984) -> {'max_bond': 94, 'max_links': 4, 'total_elems': 357140, 'total_shapes': 5316, 'total_links': 390, 'num_tensors': 98}
2026-08-26 11:58:29,703 [INFO] [76L/2035](swap: 6, u: 1 | c_u: 30 | t_u_l: 132/992 | t_u_r: 105/992 | t_u: 237/1984) -> {'max_bond': 94, 'max_links': 4, 'total_elems': 367432, 'total_shapes': 5434, 'total_links': 390, 'num_tensors': 98}
2026-08-26 11:58:30,116 [INFO] [77L/2035](swap: 5, u: 1 | c_u: 31 | t_u_l: 133/992 | t_u_r: 105/992 | t_u: 238/1984) -> {'max_bond': 94, 'max_links': 4, 'total_elems': 377620, 'total_shapes': 5526, 'total_links': 390, 'num_tensors': 98}
2026-08-26 11:58:30,534 [INFO] [78L/2035](swap: 5, u: 0 | c_u: 31 | t_u_l: 133/992 | t_u_r: 105/992 | t_u: 238/1984) -> {'max_bond': 94, 'max_links': 4, 'total_elems': 368300, 'total_shapes': 5446, 'total_links': 390, 'num_tensors': 98}
2026-08-26 11:58:30,937 [INFO] [79L/2035](swap: 7, u: 0 | c_u: 31 | t_u_l: 133/992 | t_u_r: 105/992 | t_u: 238/1984) -> {'max_bond': 94, 'max_links': 4, 'total_elems': 364552, 'total_shapes': 5400, 'total_links': 390, 'num_tensors': 98}
2026-08-26 11:58:31,371 [INFO] [80L/2035](swap: 6, u: 2 | c_u: 33 | t_u_l: 135/992 | t_u_r: 105/992 | t_u: 240/1984) -> {'max_bond': 94, 'max_links': 4, 'total_elems': 375288, 'total_shapes': 5512, 'total_links': 390, 'num_tensors': 98}
2026-08-26 11:58:31,825 [INFO] [81L/2035](swap: 6, u: 0 | c_u: 33 | t_u_l: 135/992 | t_u_r: 105/992 | t_u: 240/1984) -> {'max_bond': 94, 'max_links': 4, 'total_elems': 399968, 'total_shapes': 5646, 'total_links': 390, 'num_tensors': 98}
2026-08-26 11:58:32,313 [INFO] [82L/2035](swap: 5, u: 1 | c_u: 34 | t_u_l: 136/992 | t_u_r: 105/992 | t_u: 241/1984) -> {'max_bond': 145, 'max_links': 4, 'total_elems': 428152, 'total_shapes': 5658, 'total_links': 390, 'num_tensors': 98}
2026-08-26 11:58:32,828 [INFO] [83L/2035](swap: 5, u: 0 | c_u: 34 | t_u_l: 136/992 | t_u_r: 105/992 | t_u: 241/1984) -> {'max_bond': 133, 'max_links': 4, 'total_elems': 402764, 'total_shapes': 5550, 'total_links': 390, 'num_tensors': 98}
2026-08-26 11:58:33,282 [INFO] [84L/2035](swap: 5, u: 1 | c_u: 35 | t_u_l: 137/992 | t_u_r: 105/992 | t_u: 242/1984) -> {'max_bond': 121, 'max_links': 4, 'total_elems': 387204, 'total_shapes': 5450, 'total_links': 390, 'num_tensors': 98}
2026-08-26 11:58:33,721 [INFO] [85L/2035](swap: 6, u: 0 | c_u: 35 | t_u_l: 137/992 | t_u_r: 105/992 | t_u: 242/1984) -> {'max_bond': 112, 'max_links': 4, 'total_elems': 360108, 'total_shapes': 5264, 'total_links': 390, 'num_tensors': 98}
2026-08-26 11:58:34,127 [INFO] [86L/2035](swap: 6, u: 1 | c_u: 36 | t_u_l: 138/992 | t_u_r: 105/992 | t_u: 243/1984) -> {'max_bond': 94, 'max_links': 4, 'total_elems': 324508, 'total_shapes': 5028, 'total_links': 390, 'num_tensors': 98}
2026-08-26 11:58:34,483 [INFO] [87L/2035](swap: 4, u: 1 | c_u: 37 | t_u_l: 139/992 | t_u_r: 105/992 | t_u: 244/1984) -> {'max_bond': 94, 'max_links': 4, 'total_elems': 272280, 'total_shapes': 4608, 'total_links': 390, 'num_tensors': 98}
2026-08-26 11:58:34,826 [INFO] [88L/2035](swap: 4, u: 0 | c_u: 37 | t_u_l: 139/992 | t_u_r: 105/992 | t_u: 244/1984) -> {'max_bond': 94, 'max_links': 4, 'total_elems': 258556, 'total_shapes': 4542, 'total_links': 390, 'num_tensors': 98}
2026-08-26 11:58:35,129 [INFO] [89L/2035](swap: 4, u: 0 | c_u: 37 | t_u_l: 139/992 | t_u_r: 105/992 | t_u: 244/1984) -> {'max_bond': 94, 'max_links': 4, 'total_elems': 254812, 'total_shapes': 4540, 'total_links': 390, 'num_tensors': 98}
2026-08-26 11:58:35,414 [INFO] [90L/2035](swap: 4, u: 0 | c_u: 37 | t_u_l: 139/992 | t_u_r: 105/992 | t_u: 244/1984) -> {'max_bond': 94, 'max_links': 4, 'total_elems': 258172, 'total_shapes': 4584, 'total_links': 390, 'num_tensors': 98}
2026-08-26 11:58:35,701 [INFO] [91L/2035](swap: 4, u: 0 | c_u: 37 | t_u_l: 139/992 | t_u_r: 105/992 | t_u: 244/1984) -> {'max_bond': 93, 'max_links': 4, 'total_elems': 268484, 'total_shapes': 4704, 'total_links': 390, 'num_tensors': 98}
2026-08-26 11:58:36,008 [INFO] [92L/2035](swap: 4, u: 0 | c_u: 37 | t_u_l: 139/992 | t_u_r: 105/992 | t_u: 244/1984) -> {'max_bond': 92, 'max_links': 4, 'total_elems': 287748, 'total_shapes': 4866, 'total_links': 390, 'num_tensors': 98}
2026-08-26 11:58:36,342 [INFO] [93L/2035](swap: 4, u: 0 | c_u: 37 | t_u_l: 139/992 | t_u_r: 105/992 | t_u: 244/1984) -> {'max_bond': 79, 'max_links': 4, 'total_elems': 276328, 'total_shapes': 4816, 'total_links': 390, 'num_tensors': 98}
2026-08-26 11:58:36,656 [INFO] [94L/2035](swap: 4, u: 0 | c_u: 37 | t_u_l: 139/992 | t_u_r: 105/992 | t_u: 244/1984) -> {'max_bond': 79, 'max_links': 4, 'total_elems': 269984, 'total_shapes': 4782, 'total_links': 390, 'num_tensors': 98}
2026-08-26 11:58:36,954 [INFO] [95L/2035](swap: 5, u: 0 | c_u: 37 | t_u_l: 139/992 | t_u_r: 105/992 | t_u: 244/1984) -> {'max_bond': 79, 'max_links': 4, 'total_elems': 255080, 'total_shapes': 4682, 'total_links': 390, 'num_tensors': 98}
2026-08-26 11:58:37,234 [INFO] [96L/2035](swap: 4, u: 1 | c_u: 38 | t_u_l: 140/992 | t_u_r: 105/992 | t_u: 245/1984) -> {'max_bond': 79, 'max_links': 4, 'total_elems': 257480, 'total_shapes': 4702, 'total_links': 390, 'num_tensors': 98}
2026-08-26 11:58:37,524 [INFO] [97L/2035](swap: 4, u: 0 | c_u: 38 | t_u_l: 140/992 | t_u_r: 105/992 | t_u: 245/1984) -> {'max_bond': 91, 'max_links': 4, 'total_elems': 284560, 'total_shapes': 4842, 'total_links': 390, 'num_tensors': 98}
2026-08-26 11:58:37,843 [INFO] [98L/2035](swap: 4, u: 0 | c_u: 38 | t_u_l: 140/992 | t_u_r: 105/992 | t_u: 245/1984) -> {'max_bond': 91, 'max_links': 4, 'total_elems': 288548, 'total_shapes': 4878, 'total_links': 390, 'num_tensors': 98}
2026-08-26 11:58:38,150 [INFO] [99L/2035](swap: 6, u: 0 | c_u: 38 | t_u_l: 140/992 | t_u_r: 105/992 | t_u: 245/1984) -> {'max_bond': 90, 'max_links': 4, 'total_elems': 294856, 'total_shapes': 4910, 'total_links': 390, 'num_tensors': 98}
2026-08-26 11:58:38,485 [INFO] [100L/2035](swap: 7, u: 0 | c_u: 38 | t_u_l: 140/992 | t_u_r: 105/992 | t_u: 245/1984) -> {'max_bond': 90, 'max_links': 4, 'total_elems': 300376, 'total_shapes': 4938, 'total_links': 390, 'num_tensors': 98}
2026-08-26 11:58:38,835 [INFO] [101L/2035](swap: 7, u: 1 | c_u: 39 | t_u_l: 141/992 | t_u_r: 105/992 | t_u: 246/1984) -> {'max_bond': 90, 'max_links': 4, 'total_elems': 324616, 'total_shapes': 5090, 'total_links': 390, 'num_tensors': 98}
2026-08-26 11:58:39,283 [INFO] [47R/1873](swap: 13, u: 0 | c_u: 39 | t_u_l: 141/992 | t_u_r: 105/992 | t_u: 246/1984) -> {'max_bond': 89, 'max_links': 4, 'total_elems': 360008, 'total_shapes': 5346, 'total_links': 390, 'num_tensors': 98}
2026-08-26 11:58:39,759 [INFO] [48R/1873](swap: 11, u: 0 | c_u: 39 | t_u_l: 141/992 | t_u_r: 105/992 | t_u: 246/1984) -> {'max_bond': 84, 'max_links': 4, 'total_elems': 354040, 'total_shapes': 5328, 'total_links': 390, 'num_tensors': 98}
2026-08-26 11:58:40,330 [INFO] [49R/1873](swap: 10, u: 0 | c_u: 39 | t_u_l: 141/992 | t_u_r: 105/992 | t_u: 246/1984) -> {'max_bond': 80, 'max_links': 4, 'total_elems': 339380, 'total_shapes': 5264, 'total_links': 390, 'num_tensors': 98}
2026-08-26 11:58:40,718 [INFO] [50R/1873](swap: 8, u: 1 | c_u: 40 | t_u_l: 141/992 | t_u_r: 106/992 | t_u: 247/1984) -> {'max_bond': 80, 'max_links': 4, 'total_elems': 327756, 'total_shapes': 5216, 'total_links': 390, 'num_tensors': 98}
2026-08-26 11:58:41,091 [INFO] [51R/1873](swap: 8, u: 1 | c_u: 41 | t_u_l: 141/992 | t_u_r: 107/992 | t_u: 248/1984) -> {'max_bond': 79, 'max_links': 4, 'total_elems': 333424, 'total_shapes': 5282, 'total_links': 390, 'num_tensors': 98}
2026-08-26 11:58:41,449 [INFO] [52R/1873](swap: 8, u: 1 | c_u: 42 | t_u_l: 141/992 | t_u_r: 108/992 | t_u: 249/1984) -> {'max_bond': 77, 'max_links': 4, 'total_elems': 343688, 'total_shapes': 5328, 'total_links': 390, 'num_tensors': 98}
2026-08-26 11:58:41,880 [INFO] [53R/1873](swap: 9, u: 1 | c_u: 43 | t_u_l: 141/992 | t_u_r: 109/992 | t_u: 250/1984) -> {'max_bond': 127, 'max_links': 4, 'total_elems': 391436, 'total_shapes': 5522, 'total_links': 390, 'num_tensors': 98}
2026-08-26 11:58:42,332 [INFO] [54R/1873](swap: 9, u: 0 | c_u: 43 | t_u_l: 141/992 | t_u_r: 109/992 | t_u: 250/1984) -> {'max_bond': 122, 'max_links': 4, 'total_elems': 377520, 'total_shapes': 5472, 'total_links': 390, 'num_tensors': 98}
2026-08-26 11:58:42,757 [INFO] [55R/1873](swap: 10, u: 0 | c_u: 43 | t_u_l: 141/992 | t_u_r: 109/992 | t_u: 250/1984) -> {'max_bond': 116, 'max_links': 4, 'total_elems': 361308, 'total_shapes': 5400, 'total_links': 390, 'num_tensors': 98}
2026-08-26 11:58:43,153 [INFO] [56R/1873](swap: 10, u: 0 | c_u: 43 | t_u_l: 141/992 | t_u_r: 109/992 | t_u: 250/1984) -> {'max_bond': 110, 'max_links': 4, 'total_elems': 371900, 'total_shapes': 5476, 'total_links': 390, 'num_tensors': 98}
2026-08-26 11:58:43,569 [INFO] [57R/1873](swap: 12, u: 0 | c_u: 43 | t_u_l: 141/992 | t_u_r: 109/992 | t_u: 250/1984) -> {'max_bond': 103, 'max_links': 4, 'total_elems': 362244, 'total_shapes': 5400, 'total_links': 390, 'num_tensors': 98}
2026-08-26 11:58:44,005 [INFO] [58R/1873](swap: 12, u: 1 | c_u: 44 | t_u_l: 141/992 | t_u_r: 110/992 | t_u: 251/1984) -> {'max_bond': 98, 'max_links': 4, 'total_elems': 397704, 'total_shapes': 5668, 'total_links': 390, 'num_tensors': 98}
2026-08-26 11:58:44,527 [INFO] [102L/2035](swap: 10, u: 0 | c_u: 44 | t_u_l: 141/992 | t_u_r: 110/992 | t_u: 251/1984) -> {'max_bond': 127, 'max_links': 4, 'total_elems': 446180, 'total_shapes': 5896, 'total_links': 390, 'num_tensors': 98}
2026-08-26 11:58:45,172 [INFO] [59R/1873](swap: 14, u: 1 | c_u: 45 | t_u_l: 141/992 | t_u_r: 111/992 | t_u: 252/1984) -> {'max_bond': 105, 'max_links': 4, 'total_elems': 449560, 'total_shapes': 5874, 'total_links': 390, 'num_tensors': 98}
2026-08-26 11:58:45,787 [INFO] [60R/1873](swap: 12, u: 1 | c_u: 46 | t_u_l: 141/992 | t_u_r: 112/992 | t_u: 253/1984) -> {'max_bond': 139, 'max_links': 4, 'total_elems': 489432, 'total_shapes': 5964, 'total_links': 390, 'num_tensors': 98}
2026-08-26 11:58:46,453 [INFO] [61R/1873](swap: 9, u: 1 | c_u: 47 | t_u_l: 141/992 | t_u_r: 113/992 | t_u: 254/1984) -> {'max_bond': 146, 'max_links': 4, 'total_elems': 519056, 'total_shapes': 5956, 'total_links': 390, 'num_tensors': 98}
2026-08-26 11:58:47,162 [INFO] [62R/1873](swap: 7, u: 0 | c_u: 47 | t_u_l: 141/992 | t_u_r: 113/992 | t_u: 254/1984) -> {'max_bond': 139, 'max_links': 4, 'total_elems': 563360, 'total_shapes': 6050, 'total_links': 390, 'num_tensors': 98}
2026-08-26 11:58:48,016 [INFO] [103L/2035](swap: 9, u: 0 | c_u: 47 | t_u_l: 141/992 | t_u_r: 113/992 | t_u: 254/1984) -> {'max_bond': 200, 'max_links': 4, 'total_elems': 607512, 'total_shapes': 6392, 'total_links': 390, 'num_tensors': 98}
2026-08-26 11:58:48,945 [INFO] [104L/2035](swap: 9, u: 0 | c_u: 47 | t_u_l: 141/992 | t_u_r: 113/992 | t_u: 254/1984) -> {'max_bond': 188, 'max_links': 4, 'total_elems': 660252, 'total_shapes': 6568, 'total_links': 390, 'num_tensors': 98}
2026-08-26 11:58:50,238 [INFO] [105L/2035](swap: 10, u: 0 | c_u: 47 | t_u_l: 141/992 | t_u_r: 113/992 | t_u: 254/1984) -> {'max_bond': 212, 'max_links': 4, 'total_elems': 737684, 'total_shapes': 6918, 'total_links': 390, 'num_tensors': 98}
2026-08-26 11:58:51,936 [INFO] [106L/2035](swap: 11, u: 1 | c_u: 48 | t_u_l: 142/992 | t_u_r: 113/992 | t_u: 255/1984) -> {'max_bond': 189, 'max_links': 4, 'total_elems': 818152, 'total_shapes': 6948, 'total_links': 390, 'num_tensors': 98}
2026-08-26 11:58:54,003 [INFO] [107L/2035](swap: 11, u: 0 | c_u: 48 | t_u_l: 142/992 | t_u_r: 113/992 | t_u: 255/1984) -> {'max_bond': 327, 'max_links': 4, 'total_elems': 930344, 'total_shapes': 7120, 'total_links': 390, 'num_tensors': 98}
2026-08-26 11:58:56,553 [INFO] [108L/2035](swap: 11, u: 1 | c_u: 49 | t_u_l: 143/992 | t_u_r: 113/992 | t_u: 256/1984) -> {'max_bond': 281, 'max_links': 4, 'total_elems': 885128, 'total_shapes': 6854, 'total_links': 390, 'num_tensors': 98}
2026-08-26 11:58:58,456 [INFO] [109L/2035](swap: 10, u: 1 | c_u: 50 | t_u_l: 144/992 | t_u_r: 113/992 | t_u: 257/1984) -> {'max_bond': 257, 'max_links': 4, 'total_elems': 941320, 'total_shapes': 6968, 'total_links': 390, 'num_tensors': 98}
2026-08-26 11:59:00,634 [INFO] [110L/2035](swap: 11, u: 0 | c_u: 50 | t_u_l: 144/992 | t_u_r: 113/992 | t_u: 257/1984) -> {'max_bond': 236, 'max_links': 4, 'total_elems': 913820, 'total_shapes': 7054, 'total_links': 390, 'num_tensors': 98}
2026-08-26 11:59:02,484 [INFO] [111L/2035](swap: 11, u: 0 | c_u: 50 | t_u_l: 144/992 | t_u_r: 113/992 | t_u: 257/1984) -> {'max_bond': 223, 'max_links': 4, 'total_elems': 911156, 'total_shapes': 7174, 'total_links': 390, 'num_tensors': 98}
2026-08-26 11:59:04,199 [INFO] [112L/2035](swap: 9, u: 1 | c_u: 51 | t_u_l: 145/992 | t_u_r: 113/992 | t_u: 258/1984) -> {'max_bond': 213, 'max_links': 4, 'total_elems': 900460, 'total_shapes': 7230, 'total_links': 390, 'num_tensors': 98}
2026-08-26 11:59:05,788 [INFO] [113L/2035](swap: 10, u: 0 | c_u: 51 | t_u_l: 145/992 | t_u_r: 113/992 | t_u: 258/1984) -> {'max_bond': 205, 'max_links': 4, 'total_elems': 853012, 'total_shapes': 7116, 'total_links': 390, 'num_tensors': 98}
2026-08-26 11:59:07,226 [INFO] [114L/2035](swap: 9, u: 1 | c_u: 52 | t_u_l: 146/992 | t_u_r: 113/992 | t_u: 259/1984) -> {'max_bond': 197, 'max_links': 4, 'total_elems': 805580, 'total_shapes': 7016, 'total_links': 390, 'num_tensors': 98}
2026-08-26 11:59:08,551 [INFO] [115L/2035](swap: 7, u: 1 | c_u: 53 | t_u_l: 147/992 | t_u_r: 113/992 | t_u: 260/1984) -> {'max_bond': 188, 'max_links': 4, 'total_elems': 783884, 'total_shapes': 7030, 'total_links': 390, 'num_tensors': 98}
2026-08-26 11:59:09,803 [INFO] [116L/2035](swap: 6, u: 1 | c_u: 54 | t_u_l: 148/992 | t_u_r: 113/992 | t_u: 261/1984) -> {'max_bond': 174, 'max_links': 4, 'total_elems': 742188, 'total_shapes': 6924, 'total_links': 390, 'num_tensors': 98}
2026-08-26 11:59:10,941 [INFO] [117L/2035](swap: 6, u: 0 | c_u: 54 | t_u_l: 148/992 | t_u_r: 113/992 | t_u: 261/1984) -> {'max_bond': 161, 'max_links': 4, 'total_elems': 681068, 'total_shapes': 6758, 'total_links': 390, 'num_tensors': 98}
2026-08-26 11:59:12,223 [INFO] [118L/2035](swap: 6, u: 0 | c_u: 54 | t_u_l: 148/992 | t_u_r: 113/992 | t_u: 261/1984) -> {'max_bond': 154, 'max_links': 4, 'total_elems': 674360, 'total_shapes': 6748, 'total_links': 390, 'num_tensors': 98}
2026-08-26 11:59:13,354 [INFO] [119L/2035](swap: 6, u: 0 | c_u: 54 | t_u_l: 148/992 | t_u_r: 113/992 | t_u: 261/1984) -> {'max_bond': 171, 'max_links': 4, 'total_elems': 687872, 'total_shapes': 6830, 'total_links': 390, 'num_tensors': 98}
2026-08-26 11:59:14,616 [INFO] [120L/2035](swap: 6, u: 0 | c_u: 54 | t_u_l: 148/992 | t_u_r: 113/992 | t_u: 261/1984) -> {'max_bond': 166, 'max_links': 4, 'total_elems': 688968, 'total_shapes': 6784, 'total_links': 390, 'num_tensors': 98}
2026-08-26 11:59:15,863 [INFO] [121L/2035](swap: 6, u: 0 | c_u: 54 | t_u_l: 148/992 | t_u_r: 113/992 | t_u: 261/1984) -> {'max_bond': 151, 'max_links': 4, 'total_elems': 699832, 'total_shapes': 6754, 'total_links': 390, 'num_tensors': 98}
2026-08-26 11:59:16,934 [INFO] [122L/2035](swap: 7, u: 0 | c_u: 54 | t_u_l: 148/992 | t_u_r: 113/992 | t_u: 261/1984) -> {'max_bond': 279, 'max_links': 4, 'total_elems': 761792, 'total_shapes': 6854, 'total_links': 390, 'num_tensors': 98}
2026-08-26 11:59:18,093 [INFO] [123L/2035](swap: 7, u: 0 | c_u: 54 | t_u_l: 148/992 | t_u_r: 113/992 | t_u: 261/1984) -> {'max_bond': 261, 'max_links': 4, 'total_elems': 747480, 'total_shapes': 6940, 'total_links': 390, 'num_tensors': 98}
2026-08-26 11:59:19,138 [INFO] [124L/2035](swap: 7, u: 0 | c_u: 54 | t_u_l: 148/992 | t_u_r: 113/992 | t_u: 261/1984) -> {'max_bond': 239, 'max_links': 4, 'total_elems': 751776, 'total_shapes': 6994, 'total_links': 390, 'num_tensors': 98}
2026-08-26 11:59:20,064 [INFO] [125L/2035](swap: 6, u: 0 | c_u: 54 | t_u_l: 148/992 | t_u_r: 113/992 | t_u: 261/1984) -> {'max_bond': 225, 'max_links': 4, 'total_elems': 727380, 'total_shapes': 6876, 'total_links': 390, 'num_tensors': 98}
2026-08-26 11:59:20,939 [INFO] [126L/2035](swap: 8, u: 0 | c_u: 54 | t_u_l: 148/992 | t_u_r: 113/992 | t_u: 261/1984) -> {'max_bond': 199, 'max_links': 4, 'total_elems': 620564, 'total_shapes': 6556, 'total_links': 390, 'num_tensors': 98}
2026-08-26 11:59:21,634 [INFO] [63R/1873](swap: 8, u: 0 | c_u: 54 | t_u_l: 148/992 | t_u_r: 113/992 | t_u: 261/1984) -> {'max_bond': 184, 'max_links': 4, 'total_elems': 621852, 'total_shapes': 6566, 'total_links': 390, 'num_tensors': 98}
2026-08-26 11:59:22,443 [INFO] [64R/1873](swap: 8, u: 0 | c_u: 54 | t_u_l: 148/992 | t_u_r: 113/992 | t_u: 261/1984) -> {'max_bond': 171, 'max_links': 4, 'total_elems': 628584, 'total_shapes': 6568, 'total_links': 390, 'num_tensors': 98}
2026-08-26 11:59:23,248 [INFO] [65R/1873](swap: 8, u: 0 | c_u: 54 | t_u_l: 148/992 | t_u_r: 113/992 | t_u: 261/1984) -> {'max_bond': 160, 'max_links': 4, 'total_elems': 544204, 'total_shapes': 6202, 'total_links': 390, 'num_tensors': 98}
2026-08-26 11:59:23,972 [INFO] [66R/1873](swap: 7, u: 1 | c_u: 55 | t_u_l: 148/992 | t_u_r: 114/992 | t_u: 262/1984) -> {'max_bond': 140, 'max_links': 4, 'total_elems': 496968, 'total_shapes': 6044, 'total_links': 390, 'num_tensors': 98}
2026-08-26 11:59:24,544 [INFO] [67R/1873](swap: 8, u: 0 | c_u: 55 | t_u_l: 148/992 | t_u_r: 114/992 | t_u: 262/1984) -> {'max_bond': 124, 'max_links': 4, 'total_elems': 490056, 'total_shapes': 5982, 'total_links': 390, 'num_tensors': 98}
2026-08-26 11:59:25,131 [INFO] [68R/1873](swap: 6, u: 1 | c_u: 56 | t_u_l: 148/992 | t_u_r: 115/992 | t_u: 263/1984) -> {'max_bond': 122, 'max_links': 4, 'total_elems': 474032, 'total_shapes': 5900, 'total_links': 390, 'num_tensors': 98}
2026-08-26 11:59:25,633 [INFO] [69R/1873](swap: 6, u: 0 | c_u: 56 | t_u_l: 148/992 | t_u_r: 115/992 | t_u: 263/1984) -> {'max_bond': 119, 'max_links': 4, 'total_elems': 468844, 'total_shapes': 5820, 'total_links': 390, 'num_tensors': 98}
2026-08-26 11:59:26,077 [INFO] [70R/1873](swap: 5, u: 0 | c_u: 56 | t_u_l: 148/992 | t_u_r: 115/992 | t_u: 263/1984) -> {'max_bond': 111, 'max_links': 4, 'total_elems': 433288, 'total_shapes': 5664, 'total_links': 390, 'num_tensors': 98}
2026-08-26 11:59:26,462 [INFO] [71R/1873](swap: 3, u: 1 | c_u: 57 | t_u_l: 148/992 | t_u_r: 116/992 | t_u: 264/1984) -> {'max_bond': 109, 'max_links': 4, 'total_elems': 424828, 'total_shapes': 5674, 'total_links': 390, 'num_tensors': 98}
2026-08-26 11:59:26,818 [INFO] [72R/1873](swap: 3, u: 0 | c_u: 57 | t_u_l: 148/992 | t_u_r: 116/992 | t_u: 264/1984) -> {'max_bond': 107, 'max_links': 4, 'total_elems': 400240, 'total_shapes': 5554, 'total_links': 390, 'num_tensors': 98}
2026-08-26 11:59:27,169 [INFO] [73R/1873](swap: 3, u: 0 | c_u: 57 | t_u_l: 148/992 | t_u_r: 116/992 | t_u: 264/1984) -> {'max_bond': 105, 'max_links': 4, 'total_elems': 401792, 'total_shapes': 5554, 'total_links': 390, 'num_tensors': 98}
2026-08-26 11:59:27,506 [INFO] [74R/1873](swap: 3, u: 0 | c_u: 57 | t_u_l: 148/992 | t_u_r: 116/992 | t_u: 264/1984) -> {'max_bond': 103, 'max_links': 4, 'total_elems': 399824, 'total_shapes': 5548, 'total_links': 390, 'num_tensors': 98}
2026-08-26 11:59:27,844 [INFO] [75R/1873](swap: 4, u: 0 | c_u: 57 | t_u_l: 148/992 | t_u_r: 116/992 | t_u: 264/1984) -> {'max_bond': 101, 'max_links': 4, 'total_elems': 394980, 'total_shapes': 5504, 'total_links': 390, 'num_tensors': 98}
2026-08-26 11:59:28,177 [INFO] [76R/1873](swap: 4, u: 0 | c_u: 57 | t_u_l: 148/992 | t_u_r: 116/992 | t_u: 264/1984) -> {'max_bond': 98, 'max_links': 4, 'total_elems': 387788, 'total_shapes': 5484, 'total_links': 390, 'num_tensors': 98}
2026-08-26 11:59:28,503 [INFO] [77R/1873](swap: 3, u: 0 | c_u: 57 | t_u_l: 148/992 | t_u_r: 116/992 | t_u: 264/1984) -> {'max_bond': 93, 'max_links': 4, 'total_elems': 373480, 'total_shapes': 5426, 'total_links': 390, 'num_tensors': 98}
2026-08-26 11:59:28,805 [INFO] [78R/1873](swap: 3, u: 0 | c_u: 57 | t_u_l: 148/992 | t_u_r: 116/992 | t_u: 264/1984) -> {'max_bond': 91, 'max_links': 4, 'total_elems': 347596, 'total_shapes': 5312, 'total_links': 390, 'num_tensors': 98}
2026-08-26 11:59:29,090 [INFO] [79R/1873](swap: 2, u: 1 | c_u: 58 | t_u_l: 148/992 | t_u_r: 117/992 | t_u: 265/1984) -> {'max_bond': 89, 'max_links': 4, 'total_elems': 321060, 'total_shapes': 5164, 'total_links': 390, 'num_tensors': 98}
2026-08-26 11:59:29,362 [INFO] [80R/1873](swap: 4, u: 0 | c_u: 58 | t_u_l: 148/992 | t_u_r: 117/992 | t_u: 265/1984) -> {'max_bond': 87, 'max_links': 4, 'total_elems': 313332, 'total_shapes': 5120, 'total_links': 390, 'num_tensors': 98}
2026-08-26 11:59:29,630 [INFO] [81R/1873](swap: 5, u: 0 | c_u: 58 | t_u_l: 148/992 | t_u_r: 117/992 | t_u: 265/1984) -> {'max_bond': 81, 'max_links': 4, 'total_elems': 305652, 'total_shapes': 5088, 'total_links': 390, 'num_tensors': 98}
2026-08-26 11:59:29,893 [INFO] [82R/1873](swap: 6, u: 0 | c_u: 58 | t_u_l: 148/992 | t_u_r: 117/992 | t_u: 265/1984) -> {'max_bond': 75, 'max_links': 4, 'total_elems': 302228, 'total_shapes': 5094, 'total_links': 390, 'num_tensors': 98}
2026-08-26 11:59:30,152 [INFO] [83R/1873](swap: 5, u: 0 | c_u: 58 | t_u_l: 148/992 | t_u_r: 117/992 | t_u: 265/1984) -> {'max_bond': 68, 'max_links': 4, 'total_elems': 271076, 'total_shapes': 4878, 'total_links': 390, 'num_tensors': 98}
2026-08-26 11:59:30,390 [INFO] [84R/1873](swap: 4, u: 0 | c_u: 58 | t_u_l: 148/992 | t_u_r: 117/992 | t_u: 265/1984) -> {'max_bond': 64, 'max_links': 4, 'total_elems': 260316, 'total_shapes': 4814, 'total_links': 390, 'num_tensors': 98}
2026-08-26 11:59:30,622 [INFO] [127L/2035](swap: 8, u: 1 | c_u: 59 | t_u_l: 149/992 | t_u_r: 117/992 | t_u: 266/1984) -> {'max_bond': 64, 'max_links': 4, 'total_elems': 267720, 'total_shapes': 4902, 'total_links': 390, 'num_tensors': 98}
2026-08-26 11:59:30,877 [INFO] [85R/1873](swap: 4, u: 0 | c_u: 59 | t_u_l: 149/992 | t_u_r: 117/992 | t_u: 266/1984) -> {'max_bond': 64, 'max_links': 4, 'total_elems': 275528, 'total_shapes': 4976, 'total_links': 390, 'num_tensors': 98}
2026-08-26 11:59:31,153 [INFO] [128L/2035](swap: 6, u: 1 | c_u: 60 | t_u_l: 150/992 | t_u_r: 117/992 | t_u: 267/1984) -> {'max_bond': 62, 'max_links': 4, 'total_elems': 284608, 'total_shapes': 5042, 'total_links': 390, 'num_tensors': 98}
2026-08-26 11:59:31,414 [INFO] [129L/2035](swap: 6, u: 0 | c_u: 60 | t_u_l: 150/992 | t_u_r: 117/992 | t_u: 267/1984) -> {'max_bond': 62, 'max_links': 4, 'total_elems': 282688, 'total_shapes': 5034, 'total_links': 390, 'num_tensors': 98}
2026-08-26 11:59:31,687 [INFO] [130L/2035](swap: 7, u: 1 | c_u: 61 | t_u_l: 151/992 | t_u_r: 117/992 | t_u: 268/1984) -> {'max_bond': 62, 'max_links': 4, 'total_elems': 284480, 'total_shapes': 5066, 'total_links': 390, 'num_tensors': 98}
2026-08-26 11:59:31,964 [INFO] [131L/2035](swap: 5, u: 2 | c_u: 63 | t_u_l: 153/992 | t_u_r: 117/992 | t_u: 270/1984) -> {'max_bond': 63, 'max_links': 4, 'total_elems': 295100, 'total_shapes': 5162, 'total_links': 390, 'num_tensors': 98}
2026-08-26 11:59:32,244 [INFO] [132L/2035](swap: 8, u: 0 | c_u: 63 | t_u_l: 153/992 | t_u_r: 117/992 | t_u: 270/1984) -> {'max_bond': 63, 'max_links': 4, 'total_elems': 298116, 'total_shapes': 5172, 'total_links': 390, 'num_tensors': 98}
2026-08-26 11:59:32,555 [INFO] [133L/2035](swap: 6, u: 2 | c_u: 65 | t_u_l: 155/992 | t_u_r: 117/992 | t_u: 272/1984) -> {'max_bond': 111, 'max_links': 4, 'total_elems': 315796, 'total_shapes': 5286, 'total_links': 390, 'num_tensors': 98}
2026-08-26 11:59:32,906 [INFO] [134L/2035](swap: 5, u: 2 | c_u: 67 | t_u_l: 157/992 | t_u_r: 117/992 | t_u: 274/1984) -> {'max_bond': 110, 'max_links': 4, 'total_elems': 344128, 'total_shapes': 5336, 'total_links': 390, 'num_tensors': 98}
2026-08-26 11:59:33,285 [INFO] [135L/2035](swap: 6, u: 1 | c_u: 68 | t_u_l: 158/992 | t_u_r: 117/992 | t_u: 275/1984) -> {'max_bond': 108, 'max_links': 4, 'total_elems': 321412, 'total_shapes': 5188, 'total_links': 390, 'num_tensors': 98}
2026-08-26 11:59:33,738 [INFO] [136L/2035](swap: 6, u: 1 | c_u: 69 | t_u_l: 159/992 | t_u_r: 117/992 | t_u: 276/1984) -> {'max_bond': 105, 'max_links': 4, 'total_elems': 294440, 'total_shapes': 5072, 'total_links': 390, 'num_tensors': 98}
2026-08-26 11:59:34,053 [INFO] [137L/2035](swap: 7, u: 0 | c_u: 69 | t_u_l: 159/992 | t_u_r: 117/992 | t_u: 276/1984) -> {'max_bond': 103, 'max_links': 4, 'total_elems': 301088, 'total_shapes': 5140, 'total_links': 390, 'num_tensors': 98}
2026-08-26 11:59:34,389 [INFO] [138L/2035](swap: 9, u: 0 | c_u: 69 | t_u_l: 159/992 | t_u_r: 117/992 | t_u: 276/1984) -> {'max_bond': 101, 'max_links': 4, 'total_elems': 297712, 'total_shapes': 5124, 'total_links': 390, 'num_tensors': 98}
2026-08-26 11:59:34,732 [INFO] [139L/2035](swap: 8, u: 0 | c_u: 69 | t_u_l: 159/992 | t_u_r: 117/992 | t_u: 276/1984) -> {'max_bond': 98, 'max_links': 4, 'total_elems': 303516, 'total_shapes': 5164, 'total_links': 390, 'num_tensors': 98}
2026-08-26 11:59:35,083 [INFO] [140L/2035](swap: 8, u: 1 | c_u: 70 | t_u_l: 160/992 | t_u_r: 117/992 | t_u: 277/1984) -> {'max_bond': 96, 'max_links': 4, 'total_elems': 301888, 'total_shapes': 5114, 'total_links': 390, 'num_tensors': 98}
2026-08-26 11:59:35,446 [INFO] [141L/2035](swap: 9, u: 1 | c_u: 71 | t_u_l: 161/992 | t_u_r: 117/992 | t_u: 278/1984) -> {'max_bond': 94, 'max_links': 4, 'total_elems': 310860, 'total_shapes': 5196, 'total_links': 390, 'num_tensors': 98}
2026-08-26 11:59:35,818 [INFO] [142L/2035](swap: 9, u: 1 | c_u: 72 | t_u_l: 162/992 | t_u_r: 117/992 | t_u: 279/1984) -> {'max_bond': 96, 'max_links': 4, 'total_elems': 326188, 'total_shapes': 5288, 'total_links': 390, 'num_tensors': 98}
2026-08-26 11:59:36,197 [INFO] [143L/2035](swap: 8, u: 0 | c_u: 72 | t_u_l: 162/992 | t_u_r: 117/992 | t_u: 279/1984) -> {'max_bond': 96, 'max_links': 4, 'total_elems': 361012, 'total_shapes': 5460, 'total_links': 390, 'num_tensors': 98}
2026-08-26 11:59:36,574 [INFO] [144L/2035](swap: 8, u: 0 | c_u: 72 | t_u_l: 162/992 | t_u_r: 117/992 | t_u: 279/1984) -> {'max_bond': 95, 'max_links': 4, 'total_elems': 401260, 'total_shapes': 5638, 'total_links': 390, 'num_tensors': 98}
2026-08-26 11:59:36,984 [INFO] [86R/1873](swap: 4, u: 0 | c_u: 72 | t_u_l: 162/992 | t_u_r: 117/992 | t_u: 279/1984) -> {'max_bond': 143, 'max_links': 4, 'total_elems': 415216, 'total_shapes': 5654, 'total_links': 390, 'num_tensors': 98}
2026-08-26 11:59:37,444 [INFO] [87R/1873](swap: 5, u: 0 | c_u: 72 | t_u_l: 162/992 | t_u_r: 117/992 | t_u: 279/1984) -> {'max_bond': 132, 'max_links': 4, 'total_elems': 398888, 'total_shapes': 5424, 'total_links': 390, 'num_tensors': 98}
2026-08-26 11:59:37,837 [INFO] [88R/1873](swap: 5, u: 0 | c_u: 72 | t_u_l: 162/992 | t_u_r: 117/992 | t_u: 279/1984) -> {'max_bond': 114, 'max_links': 4, 'total_elems': 362884, 'total_shapes': 5246, 'total_links': 390, 'num_tensors': 98}
2026-08-26 11:59:38,174 [INFO] [89R/1873](swap: 5, u: 0 | c_u: 72 | t_u_l: 162/992 | t_u_r: 117/992 | t_u: 279/1984) -> {'max_bond': 87, 'max_links': 4, 'total_elems': 261216, 'total_shapes': 4588, 'total_links': 390, 'num_tensors': 98}
2026-08-26 11:59:38,438 [INFO] [90R/1873](swap: 5, u: 0 | c_u: 72 | t_u_l: 162/992 | t_u_r: 117/992 | t_u: 279/1984) -> {'max_bond': 87, 'max_links': 4, 'total_elems': 264096, 'total_shapes': 4562, 'total_links': 390, 'num_tensors': 98}
2026-08-26 11:59:38,736 [INFO] [91R/1873](swap: 6, u: 0 | c_u: 72 | t_u_l: 162/992 | t_u_r: 117/992 | t_u: 279/1984) -> {'max_bond': 87, 'max_links': 4, 'total_elems': 268096, 'total_shapes': 4602, 'total_links': 390, 'num_tensors': 98}
2026-08-26 11:59:39,044 [INFO] [92R/1873](swap: 6, u: 0 | c_u: 72 | t_u_l: 162/992 | t_u_r: 117/992 | t_u: 279/1984) -> {'max_bond': 86, 'max_links': 4, 'total_elems': 272404, 'total_shapes': 4674, 'total_links': 390, 'num_tensors': 98}
2026-08-26 11:59:39,315 [INFO] [93R/1873](swap: 6, u: 0 | c_u: 72 | t_u_l: 162/992 | t_u_r: 117/992 | t_u: 279/1984) -> {'max_bond': 85, 'max_links': 4, 'total_elems': 278240, 'total_shapes': 4754, 'total_links': 390, 'num_tensors': 98}
2026-08-26 11:59:39,610 [INFO] [94R/1873](swap: 7, u: 0 | c_u: 72 | t_u_l: 162/992 | t_u_r: 117/992 | t_u: 279/1984) -> {'max_bond': 84, 'max_links': 4, 'total_elems': 277556, 'total_shapes': 4780, 'total_links': 390, 'num_tensors': 98}
2026-08-26 11:59:39,914 [INFO] [95R/1873](swap: 7, u: 1 | c_u: 73 | t_u_l: 162/992 | t_u_r: 118/992 | t_u: 280/1984) -> {'max_bond': 84, 'max_links': 4, 'total_elems': 279424, 'total_shapes': 4820, 'total_links': 390, 'num_tensors': 98}
2026-08-26 11:59:40,214 [INFO] [96R/1873](swap: 9, u: 1 | c_u: 74 | t_u_l: 162/992 | t_u_r: 119/992 | t_u: 281/1984) -> {'max_bond': 83, 'max_links': 4, 'total_elems': 284052, 'total_shapes': 4884, 'total_links': 390, 'num_tensors': 98}
2026-08-26 11:59:40,533 [INFO] [97R/1873](swap: 9, u: 1 | c_u: 75 | t_u_l: 162/992 | t_u_r: 120/992 | t_u: 282/1984) -> {'max_bond': 122, 'max_links': 4, 'total_elems': 305472, 'total_shapes': 4986, 'total_links': 390, 'num_tensors': 98}
2026-08-26 11:59:40,865 [INFO] [98R/1873](swap: 7, u: 1 | c_u: 76 | t_u_l: 162/992 | t_u_r: 121/992 | t_u: 283/1984) -> {'max_bond': 111, 'max_links': 4, 'total_elems': 317340, 'total_shapes': 5014, 'total_links': 390, 'num_tensors': 98}
2026-08-26 11:59:41,219 [INFO] [99R/1873](swap: 6, u: 1 | c_u: 77 | t_u_l: 162/992 | t_u_r: 122/992 | t_u: 284/1984) -> {'max_bond': 80, 'max_links': 4, 'total_elems': 296556, 'total_shapes': 4940, 'total_links': 390, 'num_tensors': 98}
2026-08-26 11:59:41,634 [INFO] [100R/1873](swap: 5, u: 0 | c_u: 77 | t_u_l: 162/992 | t_u_r: 122/992 | t_u: 284/1984) -> {'max_bond': 80, 'max_links': 4, 'total_elems': 286240, 'total_shapes': 4896, 'total_links': 390, 'num_tensors': 98}
2026-08-26 11:59:41,938 [INFO] [101R/1873](swap: 6, u: 0 | c_u: 77 | t_u_l: 162/992 | t_u_r: 122/992 | t_u: 284/1984) -> {'max_bond': 80, 'max_links': 4, 'total_elems': 295220, 'total_shapes': 4884, 'total_links': 390, 'num_tensors': 98}
2026-08-26 11:59:42,265 [INFO] [145L/2035](swap: 10, u: 0 | c_u: 77 | t_u_l: 162/992 | t_u_r: 122/992 | t_u: 284/1984) -> {'max_bond': 104, 'max_links': 4, 'total_elems': 315176, 'total_shapes': 5038, 'total_links': 390, 'num_tensors': 98}
2026-08-26 11:59:42,649 [INFO] [146L/2035](swap: 11, u: 0 | c_u: 77 | t_u_l: 162/992 | t_u_r: 122/992 | t_u: 284/1984) -> {'max_bond': 99, 'max_links': 4, 'total_elems': 341652, 'total_shapes': 5140, 'total_links': 390, 'num_tensors': 98}
2026-08-26 11:59:43,064 [INFO] [102R/1873](swap: 8, u: 0 | c_u: 77 | t_u_l: 162/992 | t_u_r: 122/992 | t_u: 284/1984) -> {'max_bond': 140, 'max_links': 4, 'total_elems': 332928, 'total_shapes': 5096, 'total_links': 390, 'num_tensors': 98}
2026-08-26 11:59:43,429 [INFO] [103R/1873](swap: 7, u: 0 | c_u: 77 | t_u_l: 162/992 | t_u_r: 122/992 | t_u: 284/1984) -> {'max_bond': 127, 'max_links': 4, 'total_elems': 313944, 'total_shapes': 4966, 'total_links': 390, 'num_tensors': 98}
2026-08-26 11:59:43,779 [INFO] [104R/1873](swap: 7, u: 0 | c_u: 77 | t_u_l: 162/992 | t_u_r: 122/992 | t_u: 284/1984) -> {'max_bond': 124, 'max_links': 4, 'total_elems': 319356, 'total_shapes': 5008, 'total_links': 390, 'num_tensors': 98}
2026-08-26 11:59:44,142 [INFO] [105R/1873](swap: 7, u: 0 | c_u: 77 | t_u_l: 162/992 | t_u_r: 122/992 | t_u: 284/1984) -> {'max_bond': 120, 'max_links': 4, 'total_elems': 305112, 'total_shapes': 4922, 'total_links': 390, 'num_tensors': 98}
2026-08-26 11:59:44,484 [INFO] [106R/1873](swap: 7, u: 0 | c_u: 77 | t_u_l: 162/992 | t_u_r: 122/992 | t_u: 284/1984) -> {'max_bond': 109, 'max_links': 4, 'total_elems': 308216, 'total_shapes': 4956, 'total_links': 390, 'num_tensors': 98}
2026-08-26 11:59:44,869 [INFO] [107R/1873](swap: 7, u: 0 | c_u: 77 | t_u_l: 162/992 | t_u_r: 122/992 | t_u: 284/1984) -> {'max_bond': 106, 'max_links': 4, 'total_elems': 295380, 'total_shapes': 4908, 'total_links': 390, 'num_tensors': 98}
2026-08-26 11:59:45,244 [INFO] [108R/1873](swap: 8, u: 1 | c_u: 78 | t_u_l: 162/992 | t_u_r: 123/992 | t_u: 285/1984) -> {'max_bond': 100, 'max_links': 4, 'total_elems': 305100, 'total_shapes': 4900, 'total_links': 390, 'num_tensors': 98}
2026-08-26 11:59:45,696 [INFO] [109R/1873](swap: 7, u: 1 | c_u: 79 | t_u_l: 162/992 | t_u_r: 124/992 | t_u: 286/1984) -> {'max_bond': 95, 'max_links': 4, 'total_elems': 301088, 'total_shapes': 4882, 'total_links': 390, 'num_tensors': 98}
2026-08-26 11:59:46,120 [INFO] [110R/1873](swap: 10, u: 0 | c_u: 79 | t_u_l: 162/992 | t_u_r: 124/992 | t_u: 286/1984) -> {'max_bond': 94, 'max_links': 4, 'total_elems': 277364, 'total_shapes': 4750, 'total_links': 390, 'num_tensors': 98}
2026-08-26 11:59:46,446 [INFO] [111R/1873](swap: 9, u: 1 | c_u: 80 | t_u_l: 162/992 | t_u_r: 125/992 | t_u: 287/1984) -> {'max_bond': 79, 'max_links': 4, 'total_elems': 251412, 'total_shapes': 4572, 'total_links': 390, 'num_tensors': 98}
2026-08-26 11:59:46,767 [INFO] [147L/2035](swap: 11, u: 0 | c_u: 80 | t_u_l: 162/992 | t_u_r: 125/992 | t_u: 287/1984) -> {'max_bond': 79, 'max_links': 4, 'total_elems': 257156, 'total_shapes': 4626, 'total_links': 390, 'num_tensors': 98}
2026-08-26 11:59:47,120 [INFO] [112R/1873](swap: 11, u: 0 | c_u: 80 | t_u_l: 162/992 | t_u_r: 125/992 | t_u: 287/1984) -> {'max_bond': 79, 'max_links': 4, 'total_elems': 262948, 'total_shapes': 4642, 'total_links': 390, 'num_tensors': 98}
2026-08-26 11:59:47,464 [INFO] [148L/2035](swap: 11, u: 1 | c_u: 81 | t_u_l: 163/992 | t_u_r: 125/992 | t_u: 288/1984) -> {'max_bond': 79, 'max_links': 4, 'total_elems': 275368, 'total_shapes': 4764, 'total_links': 390, 'num_tensors': 98}
2026-08-26 11:59:47,839 [INFO] [149L/2035](swap: 12, u: 1 | c_u: 82 | t_u_l: 164/992 | t_u_r: 125/992 | t_u: 289/1984) -> {'max_bond': 79, 'max_links': 4, 'total_elems': 291440, 'total_shapes': 4882, 'total_links': 390, 'num_tensors': 98}
2026-08-26 11:59:48,237 [INFO] [150L/2035](swap: 13, u: 1 | c_u: 83 | t_u_l: 165/992 | t_u_r: 125/992 | t_u: 290/1984) -> {'max_bond': 79, 'max_links': 4, 'total_elems': 302460, 'total_shapes': 4928, 'total_links': 390, 'num_tensors': 98}
2026-08-26 11:59:48,640 [INFO] [151L/2035](swap: 12, u: 2 | c_u: 85 | t_u_l: 167/992 | t_u_r: 125/992 | t_u: 292/1984) -> {'max_bond': 79, 'max_links': 4, 'total_elems': 319580, 'total_shapes': 5054, 'total_links': 390, 'num_tensors': 98}
2026-08-26 11:59:49,090 [INFO] [152L/2035](swap: 11, u: 0 | c_u: 85 | t_u_l: 167/992 | t_u_r: 125/992 | t_u: 292/1984) -> {'max_bond': 79, 'max_links': 4, 'total_elems': 308272, 'total_shapes': 5010, 'total_links': 390, 'num_tensors': 98}
2026-08-26 11:59:49,474 [INFO] [153L/2035](swap: 12, u: 0 | c_u: 85 | t_u_l: 167/992 | t_u_r: 125/992 | t_u: 292/1984) -> {'max_bond': 79, 'max_links': 4, 'total_elems': 327540, 'total_shapes': 5152, 'total_links': 390, 'num_tensors': 98}
2026-08-26 11:59:49,964 [INFO] [154L/2035](swap: 13, u: 0 | c_u: 85 | t_u_l: 167/992 | t_u_r: 125/992 | t_u: 292/1984) -> {'max_bond': 106, 'max_links': 4, 'total_elems': 379816, 'total_shapes': 5416, 'total_links': 390, 'num_tensors': 98}
2026-08-26 11:59:50,564 [INFO] [113R/1873](swap: 13, u: 0 | c_u: 85 | t_u_l: 167/992 | t_u_r: 125/992 | t_u: 292/1984) -> {'max_bond': 126, 'max_links': 4, 'total_elems': 439144, 'total_shapes': 5614, 'total_links': 390, 'num_tensors': 98}
2026-08-26 11:59:51,330 [INFO] [155L/2035](swap: 13, u: 0 | c_u: 85 | t_u_l: 167/992 | t_u_r: 125/992 | t_u: 292/1984) -> {'max_bond': 122, 'max_links': 4, 'total_elems': 475916, 'total_shapes': 5770, 'total_links': 390, 'num_tensors': 98}
2026-08-26 11:59:52,128 [INFO] [156L/2035](swap: 14, u: 0 | c_u: 85 | t_u_l: 167/992 | t_u_r: 125/992 | t_u: 292/1984) -> {'max_bond': 122, 'max_links': 4, 'total_elems': 481748, 'total_shapes': 5792, 'total_links': 390, 'num_tensors': 98}
2026-08-26 11:59:53,012 [INFO] [114R/1873](swap: 13, u: 0 | c_u: 85 | t_u_l: 167/992 | t_u_r: 125/992 | t_u: 292/1984) -> {'max_bond': 111, 'max_links': 4, 'total_elems': 528616, 'total_shapes': 5842, 'total_links': 390, 'num_tensors': 98}
2026-08-26 11:59:53,951 [INFO] [115R/1873](swap: 11, u: 0 | c_u: 85 | t_u_l: 167/992 | t_u_r: 125/992 | t_u: 292/1984) -> {'max_bond': 99, 'max_links': 4, 'total_elems': 465784, 'total_shapes': 5588, 'total_links': 390, 'num_tensors': 98}
2026-08-26 11:59:54,651 [INFO] [116R/1873](swap: 11, u: 2 | c_u: 87 | t_u_l: 167/992 | t_u_r: 127/992 | t_u: 294/1984) -> {'max_bond': 94, 'max_links': 4, 'total_elems': 374976, 'total_shapes': 5158, 'total_links': 390, 'num_tensors': 98}
2026-08-26 11:59:55,164 [INFO] [117R/1873](swap: 12, u: 0 | c_u: 87 | t_u_l: 167/992 | t_u_r: 127/992 | t_u: 294/1984) -> {'max_bond': 88, 'max_links': 4, 'total_elems': 337752, 'total_shapes': 4956, 'total_links': 390, 'num_tensors': 98}
2026-08-26 11:59:55,587 [INFO] [118R/1873](swap: 9, u: 0 | c_u: 87 | t_u_l: 167/992 | t_u_r: 127/992 | t_u: 294/1984) -> {'max_bond': 83, 'max_links': 4, 'total_elems': 334240, 'total_shapes': 4896, 'total_links': 390, 'num_tensors': 98}
2026-08-26 11:59:56,069 [INFO] [119R/1873](swap: 8, u: 0 | c_u: 87 | t_u_l: 167/992 | t_u_r: 127/992 | t_u: 294/1984) -> {'max_bond': 140, 'max_links': 4, 'total_elems': 340556, 'total_shapes': 4840, 'total_links': 390, 'num_tensors': 98}
2026-08-26 11:59:56,498 [INFO] [120R/1873](swap: 10, u: 0 | c_u: 87 | t_u_l: 167/992 | t_u_r: 127/992 | t_u: 294/1984) -> {'max_bond': 124, 'max_links': 4, 'total_elems': 278804, 'total_shapes': 4516, 'total_links': 390, 'num_tensors': 98}
2026-08-26 11:59:56,815 [INFO] [121R/1873](swap: 8, u: 1 | c_u: 88 | t_u_l: 167/992 | t_u_r: 128/992 | t_u: 295/1984) -> {'max_bond': 121, 'max_links': 4, 'total_elems': 276308, 'total_shapes': 4490, 'total_links': 390, 'num_tensors': 98}
2026-08-26 12:00:00,037 [INFO] [122R/1873](swap: 11, u: 0 | c_u: 88 | t_u_l: 167/992 | t_u_r: 128/992 | t_u: 295/1984) -> {'max_bond': 118, 'max_links': 4, 'total_elems': 276996, 'total_shapes': 4546, 'total_links': 390, 'num_tensors': 98}
2026-08-26 12:00:00,377 [INFO] [123R/1873](swap: 11, u: 2 | c_u: 90 | t_u_l: 167/992 | t_u_r: 130/992 | t_u: 297/1984) -> {'max_bond': 116, 'max_links': 4, 'total_elems': 288452, 'total_shapes': 4630, 'total_links': 390, 'num_tensors': 98}
2026-08-26 12:00:00,783 [INFO] [157L/2035](swap: 14, u: 0 | c_u: 90 | t_u_l: 167/992 | t_u_r: 130/992 | t_u: 297/1984) -> {'max_bond': 125, 'max_links': 4, 'total_elems': 317896, 'total_shapes': 4700, 'total_links': 390, 'num_tensors': 98}
2026-08-26 12:00:01,252 [INFO] [124R/1873](swap: 14, u: 2 | c_u: 92 | t_u_l: 167/992 | t_u_r: 132/992 | t_u: 299/1984) -> {'max_bond': 120, 'max_links': 4, 'total_elems': 349216, 'total_shapes': 4906, 'total_links': 390, 'num_tensors': 98}
2026-08-26 12:00:01,756 [INFO] [158L/2035](swap: 14, u: 0 | c_u: 92 | t_u_l: 167/992 | t_u_r: 132/992 | t_u: 299/1984) -> {'max_bond': 131, 'max_links': 4, 'total_elems': 376324, 'total_shapes': 4974, 'total_links': 390, 'num_tensors': 98}
2026-08-26 12:00:02,293 [INFO] [159L/2035](swap: 14, u: 0 | c_u: 92 | t_u_l: 167/992 | t_u_r: 132/992 | t_u: 299/1984) -> {'max_bond': 146, 'max_links': 4, 'total_elems': 395976, 'total_shapes': 5090, 'total_links': 390, 'num_tensors': 98}
2026-08-26 12:00:02,852 [INFO] [125R/1873](swap: 14, u: 0 | c_u: 92 | t_u_l: 167/992 | t_u_r: 132/992 | t_u: 299/1984) -> {'max_bond': 142, 'max_links': 4, 'total_elems': 438760, 'total_shapes': 5314, 'total_links': 390, 'num_tensors': 98}
2026-08-26 12:00:03,502 [INFO] [126R/1873](swap: 13, u: 0 | c_u: 92 | t_u_l: 167/992 | t_u_r: 132/992 | t_u: 299/1984) -> {'max_bond': 139, 'max_links': 4, 'total_elems': 476164, 'total_shapes': 5576, 'total_links': 390, 'num_tensors': 98}
2026-08-26 12:00:04,136 [INFO] [127R/1873](swap: 10, u: 0 | c_u: 92 | t_u_l: 167/992 | t_u_r: 132/992 | t_u: 299/1984) -> {'max_bond': 132, 'max_links': 4, 'total_elems': 498616, 'total_shapes': 5708, 'total_links': 390, 'num_tensors': 98}
2026-08-26 12:00:04,775 [INFO] [128R/1873](swap: 10, u: 1 | c_u: 93 | t_u_l: 167/992 | t_u_r: 133/992 | t_u: 300/1984) -> {'max_bond': 127, 'max_links': 4, 'total_elems': 467804, 'total_shapes': 5596, 'total_links': 390, 'num_tensors': 98}
2026-08-26 12:00:04,776 [INFO] [end compressing](left: 1878, right: 1747) -> {'max_bond': 127, 'max_links': 4, 'total_elems': 467804, 'total_shapes': 5596, 'total_links': 390, 'num_tensors': 98}
2026-08-26 12:00:04,907 [WARNING] samples.png generation disabled: No module named 'matplotlib'
