2026-08-24 20:44:35,133 [INFO] loaded /Users/monitsharma/code_projects/qat/tracker/data/classically-verifiable-problems/circuit-models/peaked_circuit/peaked_circuit_P9_Hqap_56x1917.qasm: qubits=56 ops={'u': 3890, 'rzz': 1917}
2026-08-24 20:44:35,139 [INFO] Pass: Collect2qBlocks - 2.99287 (ms)
2026-08-24 20:44:35,148 [INFO] Pass: ConsolidateBlocks - 9.55796 (ms)
2026-08-24 20:44:35,149 [INFO] after two-qubit block consolidation: ops={'unitary': 1885}
2026-08-24 20:44:35,173 [INFO] environment: python=3.10.16 qiskit=1.4.5 quimb=1.11.2 numpy=2.2.6 scipy=1.15.3 machine=arm64
2026-08-24 20:44:35,341 [INFO] Total unitaries: 1885 = 942 (left) + 943 (right)
2026-08-24 20:44:35,341 [INFO] Rewiring with SabreSwap(trials=90, heuristic='decay', seed=123)
2026-08-24 20:44:35,341 [INFO] No-progress fail-fast guardrail enabled: abort after 40 consecutive zero-work unswap cycle(s)
2026-08-24 20:44:35,341 [INFO] [start rewire](phase=initial, side=left, layers=59, trials=90, seed=123, parallel=False)
2026-08-24 20:44:36,596 [INFO] [end rewire](phase=initial, side=left, routed_layers=1355, elapsed_s=1.26)
2026-08-24 20:44:36,596 [INFO] [start rewire](phase=initial, side=right, layers=58, trials=90, seed=123, parallel=False)
2026-08-24 20:44:37,754 [INFO] [end rewire](phase=initial, side=right, routed_layers=1561, elapsed_s=1.16)
2026-08-24 20:44:37,769 [INFO] [start compressing] -> {'max_bond': 1, 'max_links': 4, 'total_elems': 224, 'total_shapes': 334, 'total_links': 222, 'num_tensors': 56}
2026-08-24 20:44:37,838 [INFO] [1L/1353](swap: 11, u: 0 | c_u: 0 | t_u_l: 0/942 | t_u_r: 0/943 | t_u: 0/1885) -> {'max_bond': 1, 'max_links': 4, 'total_elems': 224, 'total_shapes': 334, 'total_links': 222, 'num_tensors': 56}
2026-08-24 20:44:37,841 [WARNING] live plot.png generation disabled: No module named 'matplotlib'
2026-08-24 20:44:37,898 [INFO] [1R/1559](swap: 12, u: 0 | c_u: 0 | t_u_l: 0/942 | t_u_r: 0/943 | t_u: 0/1885) -> {'max_bond': 4, 'max_links': 4, 'total_elems': 512, 'total_shapes': 406, 'total_links': 222, 'num_tensors': 56}
2026-08-24 20:44:37,958 [INFO] [2L/1353](swap: 11, u: 1 | c_u: 1 | t_u_l: 1/942 | t_u_r: 0/943 | t_u: 1/1885) -> {'max_bond': 4, 'max_links': 4, 'total_elems': 844, 'total_shapes': 450, 'total_links': 222, 'num_tensors': 56}
2026-08-24 20:44:38,017 [INFO] [2R/1559](swap: 10, u: 1 | c_u: 2 | t_u_l: 1/942 | t_u_r: 1/943 | t_u: 2/1885) -> {'max_bond': 4, 'max_links': 4, 'total_elems': 1456, 'total_shapes': 504, 'total_links': 222, 'num_tensors': 56}
2026-08-24 20:44:38,311 [INFO] [3L/1353](swap: 14, u: 0 | c_u: 2 | t_u_l: 1/942 | t_u_r: 1/943 | t_u: 2/1885) -> {'max_bond': 16, 'max_links': 4, 'total_elems': 2464, 'total_shapes': 576, 'total_links': 222, 'num_tensors': 56}
2026-08-24 20:44:38,373 [INFO] [3R/1559](swap: 13, u: 0 | c_u: 2 | t_u_l: 1/942 | t_u_r: 1/943 | t_u: 2/1885) -> {'max_bond': 16, 'max_links': 4, 'total_elems': 4316, 'total_shapes': 700, 'total_links': 222, 'num_tensors': 56}
2026-08-24 20:44:38,441 [INFO] [4R/1559](swap: 13, u: 0 | c_u: 2 | t_u_l: 1/942 | t_u_r: 1/943 | t_u: 2/1885) -> {'max_bond': 16, 'max_links': 4, 'total_elems': 9464, 'total_shapes': 844, 'total_links': 222, 'num_tensors': 56}
2026-08-24 20:44:38,526 [INFO] [5R/1559](swap: 13, u: 0 | c_u: 2 | t_u_l: 1/942 | t_u_r: 1/943 | t_u: 2/1885) -> {'max_bond': 16, 'max_links': 4, 'total_elems': 13496, 'total_shapes': 988, 'total_links': 222, 'num_tensors': 56}
2026-08-24 20:44:38,627 [INFO] [6R/1559](swap: 12, u: 0 | c_u: 2 | t_u_l: 1/942 | t_u_r: 1/943 | t_u: 2/1885) -> {'max_bond': 16, 'max_links': 4, 'total_elems': 17516, 'total_shapes': 1102, 'total_links': 222, 'num_tensors': 56}
2026-08-24 20:44:38,707 [INFO] [4L/1353](swap: 14, u: 1 | c_u: 3 | t_u_l: 2/942 | t_u_r: 1/943 | t_u: 3/1885) -> {'max_bond': 64, 'max_links': 4, 'total_elems': 33200, 'total_shapes': 1360, 'total_links': 222, 'num_tensors': 56}
2026-08-24 20:44:38,808 [INFO] [7R/1559](swap: 12, u: 0 | c_u: 3 | t_u_l: 2/942 | t_u_r: 1/943 | t_u: 3/1885) -> {'max_bond': 64, 'max_links': 4, 'total_elems': 50120, 'total_shapes': 1666, 'total_links': 222, 'num_tensors': 56}
2026-08-24 20:44:38,931 [INFO] [8R/1559](swap: 10, u: 1 | c_u: 4 | t_u_l: 2/942 | t_u_r: 2/943 | t_u: 4/1885) -> {'max_bond': 64, 'max_links': 4, 'total_elems': 85444, 'total_shapes': 1968, 'total_links': 222, 'num_tensors': 56}
2026-08-24 20:44:39,115 [INFO] [5L/1353](swap: 13, u: 1 | c_u: 5 | t_u_l: 3/942 | t_u_r: 2/943 | t_u: 5/1885) -> {'max_bond': 64, 'max_links': 4, 'total_elems': 124352, 'total_shapes': 2254, 'total_links': 222, 'num_tensors': 56}
2026-08-24 20:44:39,346 [INFO] [6L/1353](swap: 8, u: 1 | c_u: 6 | t_u_l: 4/942 | t_u_r: 2/943 | t_u: 6/1885) -> {'max_bond': 128, 'max_links': 4, 'total_elems': 154672, 'total_shapes': 2488, 'total_links': 222, 'num_tensors': 56}
2026-08-24 20:44:39,639 [INFO] [9R/1559](swap: 9, u: 1 | c_u: 7 | t_u_l: 4/942 | t_u_r: 3/943 | t_u: 7/1885) -> {'max_bond': 128, 'max_links': 4, 'total_elems': 230320, 'total_shapes': 2992, 'total_links': 222, 'num_tensors': 56}
2026-08-24 20:44:40,079 [INFO] [10R/1559](swap: 9, u: 1 | c_u: 8 | t_u_l: 4/942 | t_u_r: 4/943 | t_u: 8/1885) -> {'max_bond': 256, 'max_links': 4, 'total_elems': 426400, 'total_shapes': 3876, 'total_links': 222, 'num_tensors': 56}
2026-08-24 20:44:40,800 [INFO] [7L/1353](swap: 5, u: 1 | c_u: 9 | t_u_l: 5/942 | t_u_r: 4/943 | t_u: 9/1885) -> {'max_bond': 256, 'max_links': 4, 'total_elems': 721408, 'total_shapes': 4780, 'total_links': 222, 'num_tensors': 56}
2026-08-24 20:44:41,785 [INFO]     [start unswap] -> {'max_bond': 256, 'max_links': 4, 'total_elems': 721408, 'total_shapes': 4780, 'total_links': 222, 'num_tensors': 56}
2026-08-24 20:44:47,238 [INFO]     [0 | both | 0](candidate_pairs: 28/28 | new_swaps: 7 | total: 7) -> {'max_bond': 256, 'max_links': 4, 'total_elems': 1180576, 'total_shapes': 5052, 'total_links': 222, 'num_tensors': 56}
2026-08-24 20:44:51,383 [INFO]     [0 | both | 1](candidate_pairs: 27/27 | new_swaps: 13 | total: 20) -> {'max_bond': 256, 'max_links': 4, 'total_elems': 501984, 'total_shapes': 3564, 'total_links': 222, 'num_tensors': 56}
2026-08-24 20:44:52,217 [INFO]     [0 | left | 0](candidate_pairs: 28/28 | new_swaps: 10 | total: 30) -> {'max_bond': 256, 'max_links': 4, 'total_elems': 365652, 'total_shapes': 2896, 'total_links': 222, 'num_tensors': 56}
2026-08-24 20:44:52,830 [INFO]     [0 | left | 1](candidate_pairs: 27/27 | new_swaps: 11 | total: 41) -> {'max_bond': 128, 'max_links': 4, 'total_elems': 234380, 'total_shapes': 2384, 'total_links': 222, 'num_tensors': 56}
2026-08-24 20:44:53,224 [INFO]     [0 | right | 0](candidate_pairs: 28/28 | new_swaps: 10 | total: 51) -> {'max_bond': 128, 'max_links': 4, 'total_elems': 188892, 'total_shapes': 1998, 'total_links': 222, 'num_tensors': 56}
2026-08-24 20:44:53,517 [INFO]     [0 | right | 1](candidate_pairs: 27/27 | new_swaps: 6 | total: 57) -> {'max_bond': 128, 'max_links': 4, 'total_elems': 179780, 'total_shapes': 1876, 'total_links': 222, 'num_tensors': 56}
2026-08-24 20:44:54,440 [INFO]     [1 | both | 0](candidate_pairs: 28/28 | new_swaps: 7 | total: 7) -> {'max_bond': 128, 'max_links': 4, 'total_elems': 94932, 'total_shapes': 1520, 'total_links': 222, 'num_tensors': 56}
2026-08-24 20:44:54,748 [INFO]     [1 | both | 1](candidate_pairs: 27/27 | new_swaps: 9 | total: 16) -> {'max_bond': 64, 'max_links': 4, 'total_elems': 19892, 'total_shapes': 992, 'total_links': 222, 'num_tensors': 56}
2026-08-24 20:44:54,821 [INFO]     [1 | left | 0](candidate_pairs: 28/28 | new_swaps: 10 | total: 26) -> {'max_bond': 16, 'max_links': 4, 'total_elems': 9656, 'total_shapes': 772, 'total_links': 222, 'num_tensors': 56}
2026-08-24 20:44:54,884 [INFO]     [1 | left | 1](candidate_pairs: 27/27 | new_swaps: 4 | total: 30) -> {'max_bond': 16, 'max_links': 4, 'total_elems': 7640, 'total_shapes': 732, 'total_links': 222, 'num_tensors': 56}
2026-08-24 20:44:54,945 [INFO]     [1 | right | 0](candidate_pairs: 28/28 | new_swaps: 6 | total: 36) -> {'max_bond': 16, 'max_links': 4, 'total_elems': 4884, 'total_shapes': 640, 'total_links': 222, 'num_tensors': 56}
2026-08-24 20:44:54,999 [INFO]     [1 | right | 1](candidate_pairs: 27/27 | new_swaps: 2 | total: 38) -> {'max_bond': 16, 'max_links': 4, 'total_elems': 4728, 'total_shapes': 628, 'total_links': 222, 'num_tensors': 56}
2026-08-24 20:44:55,099 [INFO]     [2 | both | 0](candidate_pairs: 28/28 | new_swaps: 4 | total: 4) -> {'max_bond': 16, 'max_links': 4, 'total_elems': 4352, 'total_shapes': 608, 'total_links': 222, 'num_tensors': 56}
2026-08-24 20:44:55,202 [INFO]     [2 | both | 1](candidate_pairs: 27/27 | new_swaps: 10 | total: 14) -> {'max_bond': 16, 'max_links': 4, 'total_elems': 1856, 'total_shapes': 510, 'total_links': 222, 'num_tensors': 56}
2026-08-24 20:44:55,252 [INFO]     [2 | left | 0](candidate_pairs: 28/28 | new_swaps: 2 | total: 16) -> {'max_bond': 8, 'max_links': 4, 'total_elems': 1448, 'total_shapes': 482, 'total_links': 222, 'num_tensors': 56}
2026-08-24 20:44:55,303 [INFO]     [2 | left | 1](candidate_pairs: 27/27 | new_swaps: 1 | total: 17) -> {'max_bond': 4, 'max_links': 4, 'total_elems': 1352, 'total_shapes': 470, 'total_links': 222, 'num_tensors': 56}
2026-08-24 20:44:55,354 [INFO]     [2 | right | 0](candidate_pairs: 28/28 | new_swaps: 3 | total: 20) -> {'max_bond': 4, 'max_links': 4, 'total_elems': 1124, 'total_shapes': 452, 'total_links': 222, 'num_tensors': 56}
2026-08-24 20:44:55,405 [INFO]     [2 | right | 1](candidate_pairs: 27/27 | new_swaps: 1 | total: 21) -> {'max_bond': 4, 'max_links': 4, 'total_elems': 1064, 'total_shapes': 446, 'total_links': 222, 'num_tensors': 56}
2026-08-24 20:44:55,562 [INFO]     [3 | both | 0](candidate_pairs: 28/28 | new_swaps: 8 | total: 8) -> {'max_bond': 4, 'max_links': 4, 'total_elems': 836, 'total_shapes': 418, 'total_links': 222, 'num_tensors': 56}
2026-08-24 20:44:55,652 [INFO]     [3 | both | 1](candidate_pairs: 27/27 | new_swaps: 5 | total: 13) -> {'max_bond': 4, 'max_links': 4, 'total_elems': 632, 'total_shapes': 396, 'total_links': 222, 'num_tensors': 56}
2026-08-24 20:44:55,672 [INFO]     [3 | left | 0](candidate_pairs: 28/28 | new_swaps: 0 | total: 13) -> {'max_bond': 4, 'max_links': 4, 'total_elems': 632, 'total_shapes': 396, 'total_links': 222, 'num_tensors': 56}
2026-08-24 20:44:55,722 [INFO]     [3 | left | 1](candidate_pairs: 27/27 | new_swaps: 1 | total: 14) -> {'max_bond': 4, 'max_links': 4, 'total_elems': 608, 'total_shapes': 390, 'total_links': 222, 'num_tensors': 56}
2026-08-24 20:44:55,776 [INFO]     [3 | right | 0](candidate_pairs: 28/28 | new_swaps: 2 | total: 16) -> {'max_bond': 4, 'max_links': 4, 'total_elems': 508, 'total_shapes': 380, 'total_links': 222, 'num_tensors': 56}
2026-08-24 20:44:55,797 [INFO]     [3 | right | 1](candidate_pairs: 27/27 | new_swaps: 0 | total: 16) -> {'max_bond': 4, 'max_links': 4, 'total_elems': 508, 'total_shapes': 380, 'total_links': 222, 'num_tensors': 56}
2026-08-24 20:44:55,886 [INFO]     [4 | both | 0](candidate_pairs: 28/28 | new_swaps: 4 | total: 4) -> {'max_bond': 4, 'max_links': 4, 'total_elems': 364, 'total_shapes': 364, 'total_links': 222, 'num_tensors': 56}
2026-08-24 20:44:55,926 [INFO]     [4 | both | 1](candidate_pairs: 27/27 | new_swaps: 0 | total: 4) -> {'max_bond': 4, 'max_links': 4, 'total_elems': 364, 'total_shapes': 364, 'total_links': 222, 'num_tensors': 56}
2026-08-24 20:44:55,947 [INFO]     [4 | left | 0](candidate_pairs: 28/28 | new_swaps: 0 | total: 4) -> {'max_bond': 4, 'max_links': 4, 'total_elems': 364, 'total_shapes': 364, 'total_links': 222, 'num_tensors': 56}
2026-08-24 20:44:55,996 [INFO]     [4 | left | 1](candidate_pairs: 27/27 | new_swaps: 2 | total: 6) -> {'max_bond': 2, 'max_links': 4, 'total_elems': 316, 'total_shapes': 354, 'total_links': 222, 'num_tensors': 56}
2026-08-24 20:44:56,017 [INFO]     [4 | right | 0](candidate_pairs: 28/28 | new_swaps: 0 | total: 6) -> {'max_bond': 2, 'max_links': 4, 'total_elems': 316, 'total_shapes': 354, 'total_links': 222, 'num_tensors': 56}
2026-08-24 20:44:56,038 [INFO]     [4 | right | 1](candidate_pairs: 27/27 | new_swaps: 0 | total: 6) -> {'max_bond': 2, 'max_links': 4, 'total_elems': 316, 'total_shapes': 354, 'total_links': 222, 'num_tensors': 56}
2026-08-24 20:44:56,126 [INFO]     [5 | both | 0](candidate_pairs: 28/28 | new_swaps: 1 | total: 1) -> {'max_bond': 2, 'max_links': 4, 'total_elems': 304, 'total_shapes': 352, 'total_links': 222, 'num_tensors': 56}
2026-08-24 20:44:56,166 [INFO]     [5 | both | 1](candidate_pairs: 27/27 | new_swaps: 0 | total: 1) -> {'max_bond': 2, 'max_links': 4, 'total_elems': 304, 'total_shapes': 352, 'total_links': 222, 'num_tensors': 56}
2026-08-24 20:44:56,186 [INFO]     [5 | left | 0](candidate_pairs: 28/28 | new_swaps: 0 | total: 1) -> {'max_bond': 2, 'max_links': 4, 'total_elems': 304, 'total_shapes': 352, 'total_links': 222, 'num_tensors': 56}
2026-08-24 20:44:56,207 [INFO]     [5 | left | 1](candidate_pairs: 27/27 | new_swaps: 0 | total: 1) -> {'max_bond': 2, 'max_links': 4, 'total_elems': 304, 'total_shapes': 352, 'total_links': 222, 'num_tensors': 56}
2026-08-24 20:44:56,228 [INFO]     [5 | right | 0](candidate_pairs: 28/28 | new_swaps: 0 | total: 1) -> {'max_bond': 2, 'max_links': 4, 'total_elems': 304, 'total_shapes': 352, 'total_links': 222, 'num_tensors': 56}
2026-08-24 20:44:56,248 [INFO]     [5 | right | 1](candidate_pairs: 27/27 | new_swaps: 0 | total: 1) -> {'max_bond': 2, 'max_links': 4, 'total_elems': 304, 'total_shapes': 352, 'total_links': 222, 'num_tensors': 56}
2026-08-24 20:44:56,287 [INFO]     [6 | both | 0](candidate_pairs: 28/28 | new_swaps: 0 | total: 0) -> {'max_bond': 2, 'max_links': 4, 'total_elems': 304, 'total_shapes': 352, 'total_links': 222, 'num_tensors': 56}
2026-08-24 20:44:56,325 [INFO]     [6 | both | 1](candidate_pairs: 27/27 | new_swaps: 0 | total: 0) -> {'max_bond': 2, 'max_links': 4, 'total_elems': 304, 'total_shapes': 352, 'total_links': 222, 'num_tensors': 56}
2026-08-24 20:44:56,346 [INFO]     [6 | left | 0](candidate_pairs: 28/28 | new_swaps: 0 | total: 0) -> {'max_bond': 2, 'max_links': 4, 'total_elems': 304, 'total_shapes': 352, 'total_links': 222, 'num_tensors': 56}
2026-08-24 20:44:56,366 [INFO]     [6 | left | 1](candidate_pairs: 27/27 | new_swaps: 0 | total: 0) -> {'max_bond': 2, 'max_links': 4, 'total_elems': 304, 'total_shapes': 352, 'total_links': 222, 'num_tensors': 56}
2026-08-24 20:44:56,386 [INFO]     [6 | right | 0](candidate_pairs: 28/28 | new_swaps: 0 | total: 0) -> {'max_bond': 2, 'max_links': 4, 'total_elems': 304, 'total_shapes': 352, 'total_links': 222, 'num_tensors': 56}
2026-08-24 20:44:56,405 [INFO]     [6 | right | 1](candidate_pairs: 27/27 | new_swaps: 0 | total: 0) -> {'max_bond': 2, 'max_links': 4, 'total_elems': 304, 'total_shapes': 352, 'total_links': 222, 'num_tensors': 56}
2026-08-24 20:44:56,406 [INFO]     [end unswap] -> {'max_bond': 2, 'max_links': 4, 'total_elems': 304, 'total_shapes': 352, 'total_links': 222, 'num_tensors': 56}
2026-08-24 20:44:56,407 [INFO] [start rewire](phase=post_unswap, cycle=1, side=left, layers=1348, trials=20, seed=123, parallel=False, route_candidates=1, route_score=none)
2026-08-24 20:44:57,701 [INFO] [end rewire](phase=post_unswap, cycle=1, side=left, routed_layers=1496, elapsed_s=1.29)
2026-08-24 20:44:57,701 [INFO] [start rewire](phase=post_unswap, cycle=1, side=right, layers=1551, trials=20, seed=123, parallel=False, route_candidates=1, route_score=none)
2026-08-24 20:44:59,369 [INFO] [end rewire](phase=post_unswap, cycle=1, side=right, routed_layers=1594, elapsed_s=1.67)
[Cycle 1] 9/1885 gates (0.5 %) after 24 sec
2026-08-24 20:44:59,448 [INFO] [1L/1494](swap: 13, u: 0 | c_u: 0 | t_u_l: 5/942 | t_u_r: 4/943 | t_u: 9/1885) -> {'max_bond': 2, 'max_links': 4, 'total_elems': 304, 'total_shapes': 352, 'total_links': 222, 'num_tensors': 56}
2026-08-24 20:44:59,523 [INFO] [1R/1592](swap: 9, u: 0 | c_u: 0 | t_u_l: 5/942 | t_u_r: 4/943 | t_u: 9/1885) -> {'max_bond': 4, 'max_links': 4, 'total_elems': 544, 'total_shapes': 402, 'total_links': 222, 'num_tensors': 56}
2026-08-24 20:44:59,600 [INFO] [2L/1494](swap: 12, u: 0 | c_u: 0 | t_u_l: 5/942 | t_u_r: 4/943 | t_u: 9/1885) -> {'max_bond': 4, 'max_links': 4, 'total_elems': 1020, 'total_shapes': 476, 'total_links': 222, 'num_tensors': 56}
2026-08-24 20:44:59,665 [INFO] [2R/1592](swap: 9, u: 0 | c_u: 0 | t_u_l: 5/942 | t_u_r: 4/943 | t_u: 9/1885) -> {'max_bond': 4, 'max_links': 4, 'total_elems': 1388, 'total_shapes': 508, 'total_links': 222, 'num_tensors': 56}
2026-08-24 20:44:59,727 [INFO] [3R/1592](swap: 6, u: 1 | c_u: 1 | t_u_l: 5/942 | t_u_r: 5/943 | t_u: 10/1885) -> {'max_bond': 8, 'max_links': 4, 'total_elems': 1952, 'total_shapes': 546, 'total_links': 222, 'num_tensors': 56}
2026-08-24 20:44:59,792 [INFO] [4R/1592](swap: 6, u: 1 | c_u: 2 | t_u_l: 5/942 | t_u_r: 6/943 | t_u: 11/1885) -> {'max_bond': 16, 'max_links': 4, 'total_elems': 2996, 'total_shapes': 604, 'total_links': 222, 'num_tensors': 56}
2026-08-24 20:44:59,857 [INFO] [3L/1494](swap: 11, u: 0 | c_u: 2 | t_u_l: 5/942 | t_u_r: 6/943 | t_u: 11/1885) -> {'max_bond': 16, 'max_links': 4, 'total_elems': 4212, 'total_shapes': 694, 'total_links': 222, 'num_tensors': 56}
2026-08-24 20:44:59,924 [INFO] [5R/1592](swap: 7, u: 0 | c_u: 2 | t_u_l: 5/942 | t_u_r: 6/943 | t_u: 11/1885) -> {'max_bond': 16, 'max_links': 4, 'total_elems': 6000, 'total_shapes': 764, 'total_links': 222, 'num_tensors': 56}
2026-08-24 20:44:59,989 [INFO] [6R/1592](swap: 6, u: 0 | c_u: 2 | t_u_l: 5/942 | t_u_r: 6/943 | t_u: 11/1885) -> {'max_bond': 16, 'max_links': 4, 'total_elems': 9132, 'total_shapes': 854, 'total_links': 222, 'num_tensors': 56}
2026-08-24 20:45:00,059 [INFO] [7R/1592](swap: 6, u: 0 | c_u: 2 | t_u_l: 5/942 | t_u_r: 6/943 | t_u: 11/1885) -> {'max_bond': 32, 'max_links': 4, 'total_elems': 13452, 'total_shapes': 988, 'total_links': 222, 'num_tensors': 56}
2026-08-24 20:45:00,135 [INFO] [8R/1592](swap: 5, u: 0 | c_u: 2 | t_u_l: 5/942 | t_u_r: 6/943 | t_u: 11/1885) -> {'max_bond': 32, 'max_links': 4, 'total_elems': 18060, 'total_shapes': 1076, 'total_links': 222, 'num_tensors': 56}
2026-08-24 20:45:00,215 [INFO] [4L/1494](swap: 12, u: 0 | c_u: 2 | t_u_l: 5/942 | t_u_r: 6/943 | t_u: 11/1885) -> {'max_bond': 32, 'max_links': 4, 'total_elems': 22824, 'total_shapes': 1196, 'total_links': 222, 'num_tensors': 56}
2026-08-24 20:45:00,304 [INFO] [9R/1592](swap: 4, u: 1 | c_u: 3 | t_u_l: 5/942 | t_u_r: 7/943 | t_u: 12/1885) -> {'max_bond': 64, 'max_links': 4, 'total_elems': 32168, 'total_shapes': 1372, 'total_links': 222, 'num_tensors': 56}
2026-08-24 20:45:00,397 [INFO] [5L/1494](swap: 14, u: 0 | c_u: 3 | t_u_l: 5/942 | t_u_r: 7/943 | t_u: 12/1885) -> {'max_bond': 64, 'max_links': 4, 'total_elems': 48328, 'total_shapes': 1698, 'total_links': 222, 'num_tensors': 56}
2026-08-24 20:45:00,504 [INFO] [10R/1592](swap: 4, u: 0 | c_u: 3 | t_u_l: 5/942 | t_u_r: 7/943 | t_u: 12/1885) -> {'max_bond': 64, 'max_links': 4, 'total_elems': 65512, 'total_shapes': 1826, 'total_links': 222, 'num_tensors': 56}
2026-08-24 20:45:00,629 [INFO] [11R/1592](swap: 4, u: 0 | c_u: 3 | t_u_l: 5/942 | t_u_r: 7/943 | t_u: 12/1885) -> {'max_bond': 64, 'max_links': 4, 'total_elems': 80200, 'total_shapes': 1910, 'total_links': 222, 'num_tensors': 56}
2026-08-24 20:45:00,820 [INFO] [12R/1592](swap: 6, u: 0 | c_u: 3 | t_u_l: 5/942 | t_u_r: 7/943 | t_u: 12/1885) -> {'max_bond': 64, 'max_links': 4, 'total_elems': 97480, 'total_shapes': 2046, 'total_links': 222, 'num_tensors': 56}
2026-08-24 20:45:00,952 [INFO] [13R/1592](swap: 3, u: 1 | c_u: 4 | t_u_l: 5/942 | t_u_r: 8/943 | t_u: 13/1885) -> {'max_bond': 64, 'max_links': 4, 'total_elems': 105160, 'total_shapes': 2166, 'total_links': 222, 'num_tensors': 56}
2026-08-24 20:45:01,111 [INFO] [14R/1592](swap: 5, u: 0 | c_u: 4 | t_u_l: 5/942 | t_u_r: 8/943 | t_u: 13/1885) -> {'max_bond': 64, 'max_links': 4, 'total_elems': 105160, 'total_shapes': 2166, 'total_links': 222, 'num_tensors': 56}
2026-08-24 20:45:01,262 [INFO] [15R/1592](swap: 6, u: 0 | c_u: 4 | t_u_l: 5/942 | t_u_r: 8/943 | t_u: 13/1885) -> {'max_bond': 64, 'max_links': 4, 'total_elems': 115336, 'total_shapes': 2334, 'total_links': 222, 'num_tensors': 56}
2026-08-24 20:45:01,431 [INFO] [16R/1592](swap: 6, u: 0 | c_u: 4 | t_u_l: 5/942 | t_u_r: 8/943 | t_u: 13/1885) -> {'max_bond': 64, 'max_links': 4, 'total_elems': 152200, 'total_shapes': 2590, 'total_links': 222, 'num_tensors': 56}
2026-08-24 20:45:01,652 [INFO] [17R/1592](swap: 7, u: 0 | c_u: 4 | t_u_l: 5/942 | t_u_r: 8/943 | t_u: 13/1885) -> {'max_bond': 64, 'max_links': 4, 'total_elems': 166596, 'total_shapes': 2692, 'total_links': 222, 'num_tensors': 56}
2026-08-24 20:45:01,865 [INFO] [18R/1592](swap: 7, u: 1 | c_u: 5 | t_u_l: 5/942 | t_u_r: 9/943 | t_u: 14/1885) -> {'max_bond': 64, 'max_links': 4, 'total_elems': 170688, 'total_shapes': 2754, 'total_links': 222, 'num_tensors': 56}
2026-08-24 20:45:02,064 [INFO] [19R/1592](swap: 6, u: 1 | c_u: 6 | t_u_l: 5/942 | t_u_r: 10/943 | t_u: 15/1885) -> {'max_bond': 64, 'max_links': 4, 'total_elems': 180896, 'total_shapes': 2908, 'total_links': 222, 'num_tensors': 56}
2026-08-24 20:45:02,288 [INFO] [20R/1592](swap: 5, u: 1 | c_u: 7 | t_u_l: 5/942 | t_u_r: 11/943 | t_u: 16/1885) -> {'max_bond': 64, 'max_links': 4, 'total_elems': 237504, 'total_shapes': 3204, 'total_links': 222, 'num_tensors': 56}
2026-08-24 20:45:02,587 [INFO] [21R/1592](swap: 4, u: 0 | c_u: 7 | t_u_l: 5/942 | t_u_r: 11/943 | t_u: 16/1885) -> {'max_bond': 256, 'max_links': 4, 'total_elems': 372768, 'total_shapes': 3848, 'total_links': 222, 'num_tensors': 56}
2026-08-24 20:45:03,020 [INFO] [22R/1592](swap: 2, u: 0 | c_u: 7 | t_u_l: 5/942 | t_u_r: 11/943 | t_u: 16/1885) -> {'max_bond': 256, 'max_links': 4, 'total_elems': 374368, 'total_shapes': 3888, 'total_links': 222, 'num_tensors': 56}
2026-08-24 20:45:03,450 [INFO] [23R/1592](swap: 1, u: 0 | c_u: 7 | t_u_l: 5/942 | t_u_r: 11/943 | t_u: 16/1885) -> {'max_bond': 256, 'max_links': 4, 'total_elems': 389728, 'total_shapes': 3984, 'total_links': 222, 'num_tensors': 56}
2026-08-24 20:45:03,968 [INFO] [24R/1592](swap: 2, u: 0 | c_u: 7 | t_u_l: 5/942 | t_u_r: 11/943 | t_u: 16/1885) -> {'max_bond': 256, 'max_links': 4, 'total_elems': 635488, 'total_shapes': 4368, 'total_links': 222, 'num_tensors': 56}
2026-08-24 20:45:04,674 [INFO] [25R/1592](swap: 3, u: 0 | c_u: 7 | t_u_l: 5/942 | t_u_r: 11/943 | t_u: 16/1885) -> {'max_bond': 256, 'max_links': 4, 'total_elems': 637024, 'total_shapes': 4392, 'total_links': 222, 'num_tensors': 56}
2026-08-24 20:45:05,375 [INFO] [26R/1592](swap: 3, u: 0 | c_u: 7 | t_u_l: 5/942 | t_u_r: 11/943 | t_u: 16/1885) -> {'max_bond': 256, 'max_links': 4, 'total_elems': 652384, 'total_shapes': 4488, 'total_links': 222, 'num_tensors': 56}
2026-08-24 20:45:06,079 [INFO] [6L/1494](swap: 13, u: 0 | c_u: 7 | t_u_l: 5/942 | t_u_r: 11/943 | t_u: 16/1885) -> {'max_bond': 256, 'max_links': 4, 'total_elems': 958816, 'total_shapes': 5280, 'total_links': 222, 'num_tensors': 56}
2026-08-24 20:45:07,859 [INFO]     [start unswap] -> {'max_bond': 256, 'max_links': 4, 'total_elems': 958816, 'total_shapes': 5280, 'total_links': 222, 'num_tensors': 56}
2026-08-24 20:45:15,217 [INFO]     [0 | both | 0](candidate_pairs: 28/28 | new_swaps: 2 | total: 2) -> {'max_bond': 256, 'max_links': 4, 'total_elems': 1021656, 'total_shapes': 5868, 'total_links': 222, 'num_tensors': 56}
2026-08-24 20:45:19,157 [INFO]     [0 | both | 1](candidate_pairs: 27/27 | new_swaps: 13 | total: 15) -> {'max_bond': 256, 'max_links': 4, 'total_elems': 400944, 'total_shapes': 4110, 'total_links': 222, 'num_tensors': 56}
2026-08-24 20:45:19,723 [INFO]     [0 | left | 0](candidate_pairs: 28/28 | new_swaps: 12 | total: 27) -> {'max_bond': 64, 'max_links': 4, 'total_elems': 198384, 'total_shapes': 3014, 'total_links': 222, 'num_tensors': 56}
2026-08-24 20:45:20,046 [INFO]     [0 | left | 1](candidate_pairs: 27/27 | new_swaps: 14 | total: 41) -> {'max_bond': 64, 'max_links': 4, 'total_elems': 111952, 'total_shapes': 2304, 'total_links': 222, 'num_tensors': 56}
2026-08-24 20:45:20,244 [INFO]     [0 | right | 0](candidate_pairs: 28/28 | new_swaps: 9 | total: 50) -> {'max_bond': 64, 'max_links': 4, 'total_elems': 79508, 'total_shapes': 1898, 'total_links': 222, 'num_tensors': 56}
2026-08-24 20:45:20,394 [INFO]     [0 | right | 1](candidate_pairs: 27/27 | new_swaps: 8 | total: 58) -> {'max_bond': 64, 'max_links': 4, 'total_elems': 58104, 'total_shapes': 1702, 'total_links': 222, 'num_tensors': 56}
2026-08-24 20:45:20,621 [INFO]     [1 | both | 0](candidate_pairs: 28/28 | new_swaps: 11 | total: 11) -> {'max_bond': 32, 'max_links': 4, 'total_elems': 43224, 'total_shapes': 1422, 'total_links': 222, 'num_tensors': 56}
2026-08-24 20:45:20,817 [INFO]     [1 | both | 1](candidate_pairs: 27/27 | new_swaps: 7 | total: 18) -> {'max_bond': 32, 'max_links': 4, 'total_elems': 32280, 'total_shapes': 1238, 'total_links': 222, 'num_tensors': 56}
2026-08-24 20:45:20,901 [INFO]     [1 | left | 0](candidate_pairs: 28/28 | new_swaps: 6 | total: 24) -> {'max_bond': 32, 'max_links': 4, 'total_elems': 30212, 'total_shapes': 1162, 'total_links': 222, 'num_tensors': 56}
2026-08-24 20:45:20,990 [INFO]     [1 | left | 1](candidate_pairs: 27/27 | new_swaps: 6 | total: 30) -> {'max_bond': 32, 'max_links': 4, 'total_elems': 27908, 'total_shapes': 1078, 'total_links': 222, 'num_tensors': 56}
2026-08-24 20:45:21,070 [INFO]     [1 | right | 0](candidate_pairs: 28/28 | new_swaps: 4 | total: 34) -> {'max_bond': 32, 'max_links': 4, 'total_elems': 22084, 'total_shapes': 966, 'total_links': 222, 'num_tensors': 56}
2026-08-24 20:45:21,142 [INFO]     [1 | right | 1](candidate_pairs: 27/27 | new_swaps: 1 | total: 35) -> {'max_bond': 32, 'max_links': 4, 'total_elems': 18244, 'total_shapes': 918, 'total_links': 222, 'num_tensors': 56}
2026-08-24 20:45:21,267 [INFO]     [2 | both | 0](candidate_pairs: 28/28 | new_swaps: 5 | total: 5) -> {'max_bond': 32, 'max_links': 4, 'total_elems': 13012, 'total_shapes': 826, 'total_links': 222, 'num_tensors': 56}
2026-08-24 20:45:21,378 [INFO]     [2 | both | 1](candidate_pairs: 27/27 | new_swaps: 8 | total: 13) -> {'max_bond': 32, 'max_links': 4, 'total_elems': 7112, 'total_shapes': 712, 'total_links': 222, 'num_tensors': 56}
2026-08-24 20:45:21,434 [INFO]     [2 | left | 0](candidate_pairs: 28/28 | new_swaps: 4 | total: 17) -> {'max_bond': 16, 'max_links': 4, 'total_elems': 4892, 'total_shapes': 646, 'total_links': 222, 'num_tensors': 56}
2026-08-24 20:45:21,489 [INFO]     [2 | left | 1](candidate_pairs: 27/27 | new_swaps: 1 | total: 18) -> {'max_bond': 16, 'max_links': 4, 'total_elems': 3932, 'total_shapes': 622, 'total_links': 222, 'num_tensors': 56}
2026-08-24 20:45:21,541 [INFO]     [2 | right | 0](candidate_pairs: 28/28 | new_swaps: 2 | total: 20) -> {'max_bond': 8, 'max_links': 4, 'total_elems': 3260, 'total_shapes': 594, 'total_links': 222, 'num_tensors': 56}
2026-08-24 20:45:21,592 [INFO]     [2 | right | 1](candidate_pairs: 27/27 | new_swaps: 1 | total: 21) -> {'max_bond': 8, 'max_links': 4, 'total_elems': 2972, 'total_shapes': 582, 'total_links': 222, 'num_tensors': 56}
2026-08-24 20:45:21,686 [INFO]     [3 | both | 0](candidate_pairs: 28/28 | new_swaps: 5 | total: 5) -> {'max_bond': 8, 'max_links': 4, 'total_elems': 2384, 'total_shapes': 546, 'total_links': 222, 'num_tensors': 56}
2026-08-24 20:45:21,779 [INFO]     [3 | both | 1](candidate_pairs: 27/27 | new_swaps: 7 | total: 12) -> {'max_bond': 8, 'max_links': 4, 'total_elems': 1748, 'total_shapes': 498, 'total_links': 222, 'num_tensors': 56}
2026-08-24 20:45:21,830 [INFO]     [3 | left | 0](candidate_pairs: 28/28 | new_swaps: 4 | total: 16) -> {'max_bond': 8, 'max_links': 4, 'total_elems': 1452, 'total_shapes': 474, 'total_links': 222, 'num_tensors': 56}
2026-08-24 20:45:21,881 [INFO]     [3 | left | 1](candidate_pairs: 27/27 | new_swaps: 1 | total: 17) -> {'max_bond': 8, 'max_links': 4, 'total_elems': 1412, 'total_shapes': 470, 'total_links': 222, 'num_tensors': 56}
2026-08-24 20:45:21,902 [INFO]     [3 | right | 0](candidate_pairs: 28/28 | new_swaps: 0 | total: 17) -> {'max_bond': 8, 'max_links': 4, 'total_elems': 1412, 'total_shapes': 470, 'total_links': 222, 'num_tensors': 56}
2026-08-24 20:45:21,922 [INFO]     [3 | right | 1](candidate_pairs: 27/27 | new_swaps: 0 | total: 17) -> {'max_bond': 8, 'max_links': 4, 'total_elems': 1412, 'total_shapes': 470, 'total_links': 222, 'num_tensors': 56}
2026-08-24 20:45:22,012 [INFO]     [4 | both | 0](candidate_pairs: 28/28 | new_swaps: 3 | total: 3) -> {'max_bond': 8, 'max_links': 4, 'total_elems': 1340, 'total_shapes': 462, 'total_links': 222, 'num_tensors': 56}
2026-08-24 20:45:22,099 [INFO]     [4 | both | 1](candidate_pairs: 27/27 | new_swaps: 1 | total: 4) -> {'max_bond': 8, 'max_links': 4, 'total_elems': 1292, 'total_shapes': 458, 'total_links': 222, 'num_tensors': 56}
2026-08-24 20:45:22,148 [INFO]     [4 | left | 0](candidate_pairs: 28/28 | new_swaps: 1 | total: 5) -> {'max_bond': 8, 'max_links': 4, 'total_elems': 1244, 'total_shapes': 452, 'total_links': 222, 'num_tensors': 56}
2026-08-24 20:45:22,169 [INFO]     [4 | left | 1](candidate_pairs: 27/27 | new_swaps: 0 | total: 5) -> {'max_bond': 8, 'max_links': 4, 'total_elems': 1244, 'total_shapes': 452, 'total_links': 222, 'num_tensors': 56}
2026-08-24 20:45:22,190 [INFO]     [4 | right | 0](candidate_pairs: 28/28 | new_swaps: 0 | total: 5) -> {'max_bond': 8, 'max_links': 4, 'total_elems': 1244, 'total_shapes': 452, 'total_links': 222, 'num_tensors': 56}
2026-08-24 20:45:22,211 [INFO]     [4 | right | 1](candidate_pairs: 27/27 | new_swaps: 0 | total: 5) -> {'max_bond': 8, 'max_links': 4, 'total_elems': 1244, 'total_shapes': 452, 'total_links': 222, 'num_tensors': 56}
2026-08-24 20:45:22,298 [INFO]     [5 | both | 0](candidate_pairs: 28/28 | new_swaps: 1 | total: 1) -> {'max_bond': 8, 'max_links': 4, 'total_elems': 1196, 'total_shapes': 448, 'total_links': 222, 'num_tensors': 56}
2026-08-24 20:45:22,384 [INFO]     [5 | both | 1](candidate_pairs: 27/27 | new_swaps: 1 | total: 2) -> {'max_bond': 8, 'max_links': 4, 'total_elems': 1184, 'total_shapes': 446, 'total_links': 222, 'num_tensors': 56}
2026-08-24 20:45:22,406 [INFO]     [5 | left | 0](candidate_pairs: 28/28 | new_swaps: 0 | total: 2) -> {'max_bond': 8, 'max_links': 4, 'total_elems': 1184, 'total_shapes': 446, 'total_links': 222, 'num_tensors': 56}
2026-08-24 20:45:22,427 [INFO]     [5 | left | 1](candidate_pairs: 27/27 | new_swaps: 0 | total: 2) -> {'max_bond': 8, 'max_links': 4, 'total_elems': 1184, 'total_shapes': 446, 'total_links': 222, 'num_tensors': 56}
2026-08-24 20:45:22,448 [INFO]     [5 | right | 0](candidate_pairs: 28/28 | new_swaps: 0 | total: 2) -> {'max_bond': 8, 'max_links': 4, 'total_elems': 1184, 'total_shapes': 446, 'total_links': 222, 'num_tensors': 56}
2026-08-24 20:45:22,469 [INFO]     [5 | right | 1](candidate_pairs: 27/27 | new_swaps: 0 | total: 2) -> {'max_bond': 8, 'max_links': 4, 'total_elems': 1184, 'total_shapes': 446, 'total_links': 222, 'num_tensors': 56}
2026-08-24 20:45:22,555 [INFO]     [6 | both | 0](candidate_pairs: 28/28 | new_swaps: 1 | total: 1) -> {'max_bond': 8, 'max_links': 4, 'total_elems': 1172, 'total_shapes': 444, 'total_links': 222, 'num_tensors': 56}
2026-08-24 20:45:22,642 [INFO]     [6 | both | 1](candidate_pairs: 27/27 | new_swaps: 1 | total: 2) -> {'max_bond': 8, 'max_links': 4, 'total_elems': 1160, 'total_shapes': 442, 'total_links': 222, 'num_tensors': 56}
2026-08-24 20:45:22,663 [INFO]     [6 | left | 0](candidate_pairs: 28/28 | new_swaps: 0 | total: 2) -> {'max_bond': 8, 'max_links': 4, 'total_elems': 1160, 'total_shapes': 442, 'total_links': 222, 'num_tensors': 56}
2026-08-24 20:45:22,684 [INFO]     [6 | left | 1](candidate_pairs: 27/27 | new_swaps: 0 | total: 2) -> {'max_bond': 8, 'max_links': 4, 'total_elems': 1160, 'total_shapes': 442, 'total_links': 222, 'num_tensors': 56}
2026-08-24 20:45:22,705 [INFO]     [6 | right | 0](candidate_pairs: 28/28 | new_swaps: 0 | total: 2) -> {'max_bond': 8, 'max_links': 4, 'total_elems': 1160, 'total_shapes': 442, 'total_links': 222, 'num_tensors': 56}
2026-08-24 20:45:22,725 [INFO]     [6 | right | 1](candidate_pairs: 27/27 | new_swaps: 0 | total: 2) -> {'max_bond': 8, 'max_links': 4, 'total_elems': 1160, 'total_shapes': 442, 'total_links': 222, 'num_tensors': 56}
2026-08-24 20:45:22,811 [INFO]     [7 | both | 0](candidate_pairs: 28/28 | new_swaps: 1 | total: 1) -> {'max_bond': 8, 'max_links': 4, 'total_elems': 1148, 'total_shapes': 440, 'total_links': 222, 'num_tensors': 56}
2026-08-24 20:45:22,897 [INFO]     [7 | both | 1](candidate_pairs: 27/27 | new_swaps: 1 | total: 2) -> {'max_bond': 8, 'max_links': 4, 'total_elems': 1136, 'total_shapes': 438, 'total_links': 222, 'num_tensors': 56}
2026-08-24 20:45:22,918 [INFO]     [7 | left | 0](candidate_pairs: 28/28 | new_swaps: 0 | total: 2) -> {'max_bond': 8, 'max_links': 4, 'total_elems': 1136, 'total_shapes': 438, 'total_links': 222, 'num_tensors': 56}
2026-08-24 20:45:22,940 [INFO]     [7 | left | 1](candidate_pairs: 27/27 | new_swaps: 0 | total: 2) -> {'max_bond': 8, 'max_links': 4, 'total_elems': 1136, 'total_shapes': 438, 'total_links': 222, 'num_tensors': 56}
2026-08-24 20:45:22,961 [INFO]     [7 | right | 0](candidate_pairs: 28/28 | new_swaps: 0 | total: 2) -> {'max_bond': 8, 'max_links': 4, 'total_elems': 1136, 'total_shapes': 438, 'total_links': 222, 'num_tensors': 56}
2026-08-24 20:45:22,981 [INFO]     [7 | right | 1](candidate_pairs: 27/27 | new_swaps: 0 | total: 2) -> {'max_bond': 8, 'max_links': 4, 'total_elems': 1136, 'total_shapes': 438, 'total_links': 222, 'num_tensors': 56}
2026-08-24 20:45:23,069 [INFO]     [8 | both | 0](candidate_pairs: 28/28 | new_swaps: 1 | total: 1) -> {'max_bond': 8, 'max_links': 4, 'total_elems': 1124, 'total_shapes': 436, 'total_links': 222, 'num_tensors': 56}
2026-08-24 20:45:23,156 [INFO]     [8 | both | 1](candidate_pairs: 27/27 | new_swaps: 1 | total: 2) -> {'max_bond': 8, 'max_links': 4, 'total_elems': 1112, 'total_shapes': 434, 'total_links': 222, 'num_tensors': 56}
2026-08-24 20:45:23,177 [INFO]     [8 | left | 0](candidate_pairs: 28/28 | new_swaps: 0 | total: 2) -> {'max_bond': 8, 'max_links': 4, 'total_elems': 1112, 'total_shapes': 434, 'total_links': 222, 'num_tensors': 56}
2026-08-24 20:45:23,198 [INFO]     [8 | left | 1](candidate_pairs: 27/27 | new_swaps: 0 | total: 2) -> {'max_bond': 8, 'max_links': 4, 'total_elems': 1112, 'total_shapes': 434, 'total_links': 222, 'num_tensors': 56}
2026-08-24 20:45:23,219 [INFO]     [8 | right | 0](candidate_pairs: 28/28 | new_swaps: 0 | total: 2) -> {'max_bond': 8, 'max_links': 4, 'total_elems': 1112, 'total_shapes': 434, 'total_links': 222, 'num_tensors': 56}
2026-08-24 20:45:23,240 [INFO]     [8 | right | 1](candidate_pairs: 27/27 | new_swaps: 0 | total: 2) -> {'max_bond': 8, 'max_links': 4, 'total_elems': 1112, 'total_shapes': 434, 'total_links': 222, 'num_tensors': 56}
2026-08-24 20:45:23,327 [INFO]     [9 | both | 0](candidate_pairs: 28/28 | new_swaps: 1 | total: 1) -> {'max_bond': 8, 'max_links': 4, 'total_elems': 1100, 'total_shapes': 432, 'total_links': 222, 'num_tensors': 56}
2026-08-24 20:45:23,404 [INFO]     [9 | both | 1](candidate_pairs: 27/27 | new_swaps: 1 | total: 2) -> {'max_bond': 8, 'max_links': 4, 'total_elems': 1088, 'total_shapes': 430, 'total_links': 222, 'num_tensors': 56}
2026-08-24 20:45:23,426 [INFO]     [9 | left | 0](candidate_pairs: 28/28 | new_swaps: 0 | total: 2) -> {'max_bond': 8, 'max_links': 4, 'total_elems': 1088, 'total_shapes': 430, 'total_links': 222, 'num_tensors': 56}
2026-08-24 20:45:23,447 [INFO]     [9 | left | 1](candidate_pairs: 27/27 | new_swaps: 0 | total: 2) -> {'max_bond': 8, 'max_links': 4, 'total_elems': 1088, 'total_shapes': 430, 'total_links': 222, 'num_tensors': 56}
2026-08-24 20:45:23,469 [INFO]     [9 | right | 0](candidate_pairs: 28/28 | new_swaps: 0 | total: 2) -> {'max_bond': 8, 'max_links': 4, 'total_elems': 1088, 'total_shapes': 430, 'total_links': 222, 'num_tensors': 56}
2026-08-24 20:45:23,490 [INFO]     [9 | right | 1](candidate_pairs: 27/27 | new_swaps: 0 | total: 2) -> {'max_bond': 8, 'max_links': 4, 'total_elems': 1088, 'total_shapes': 430, 'total_links': 222, 'num_tensors': 56}
2026-08-24 20:45:23,533 [INFO]     [10 | both | 0](candidate_pairs: 28/28 | new_swaps: 0 | total: 0) -> {'max_bond': 8, 'max_links': 4, 'total_elems': 1088, 'total_shapes': 430, 'total_links': 222, 'num_tensors': 56}
2026-08-24 20:45:23,575 [INFO]     [10 | both | 1](candidate_pairs: 27/27 | new_swaps: 0 | total: 0) -> {'max_bond': 8, 'max_links': 4, 'total_elems': 1088, 'total_shapes': 430, 'total_links': 222, 'num_tensors': 56}
2026-08-24 20:45:23,597 [INFO]     [10 | left | 0](candidate_pairs: 28/28 | new_swaps: 0 | total: 0) -> {'max_bond': 8, 'max_links': 4, 'total_elems': 1088, 'total_shapes': 430, 'total_links': 222, 'num_tensors': 56}
2026-08-24 20:45:23,618 [INFO]     [10 | left | 1](candidate_pairs: 27/27 | new_swaps: 0 | total: 0) -> {'max_bond': 8, 'max_links': 4, 'total_elems': 1088, 'total_shapes': 430, 'total_links': 222, 'num_tensors': 56}
2026-08-24 20:45:23,639 [INFO]     [10 | right | 0](candidate_pairs: 28/28 | new_swaps: 0 | total: 0) -> {'max_bond': 8, 'max_links': 4, 'total_elems': 1088, 'total_shapes': 430, 'total_links': 222, 'num_tensors': 56}
2026-08-24 20:45:23,660 [INFO]     [10 | right | 1](candidate_pairs: 27/27 | new_swaps: 0 | total: 0) -> {'max_bond': 8, 'max_links': 4, 'total_elems': 1088, 'total_shapes': 430, 'total_links': 222, 'num_tensors': 56}
2026-08-24 20:45:23,661 [INFO]     [end unswap] -> {'max_bond': 8, 'max_links': 4, 'total_elems': 1088, 'total_shapes': 430, 'total_links': 222, 'num_tensors': 56}
2026-08-24 20:45:23,667 [INFO] [start rewire](phase=post_unswap, cycle=2, side=left, layers=1490, trials=20, seed=123, parallel=False, route_candidates=1, route_score=none)
2026-08-24 20:45:25,861 [INFO] [end rewire](phase=post_unswap, cycle=2, side=left, routed_layers=1537, elapsed_s=2.19)
2026-08-24 20:45:25,861 [INFO] [start rewire](phase=post_unswap, cycle=2, side=right, layers=1568, trials=20, seed=123, parallel=False, route_candidates=1, route_score=none)
2026-08-24 20:45:27,470 [INFO] [end rewire](phase=post_unswap, cycle=2, side=right, routed_layers=1514, elapsed_s=1.61)
[Cycle 2] 16/1885 gates (0.8 %) after 52 sec
2026-08-24 20:45:27,539 [INFO] [1L/1535](swap: 11, u: 0 | c_u: 0 | t_u_l: 5/942 | t_u_r: 11/943 | t_u: 16/1885) -> {'max_bond': 8, 'max_links': 4, 'total_elems': 1088, 'total_shapes': 430, 'total_links': 222, 'num_tensors': 56}
2026-08-24 20:45:27,600 [INFO] [2L/1535](swap: 13, u: 0 | c_u: 0 | t_u_l: 5/942 | t_u_r: 11/943 | t_u: 16/1885) -> {'max_bond': 16, 'max_links': 4, 'total_elems': 1752, 'total_shapes': 506, 'total_links': 222, 'num_tensors': 56}
2026-08-24 20:45:27,662 [INFO] [1R/1512](swap: 10, u: 0 | c_u: 0 | t_u_l: 5/942 | t_u_r: 11/943 | t_u: 16/1885) -> {'max_bond': 16, 'max_links': 4, 'total_elems': 2104, 'total_shapes': 552, 'total_links': 222, 'num_tensors': 56}
2026-08-24 20:45:27,724 [INFO] [2R/1512](swap: 10, u: 0 | c_u: 0 | t_u_l: 5/942 | t_u_r: 11/943 | t_u: 16/1885) -> {'max_bond': 16, 'max_links': 4, 'total_elems': 4324, 'total_shapes': 660, 'total_links': 222, 'num_tensors': 56}
2026-08-24 20:45:27,789 [INFO] [3L/1535](swap: 12, u: 1 | c_u: 1 | t_u_l: 6/942 | t_u_r: 11/943 | t_u: 17/1885) -> {'max_bond': 16, 'max_links': 4, 'total_elems': 5828, 'total_shapes': 724, 'total_links': 222, 'num_tensors': 56}
2026-08-24 20:45:27,855 [INFO] [3R/1512](swap: 11, u: 1 | c_u: 2 | t_u_l: 6/942 | t_u_r: 12/943 | t_u: 18/1885) -> {'max_bond': 16, 'max_links': 4, 'total_elems': 8712, 'total_shapes': 860, 'total_links': 222, 'num_tensors': 56}
2026-08-24 20:45:27,921 [INFO] [4R/1512](swap: 10, u: 1 | c_u: 3 | t_u_l: 6/942 | t_u_r: 13/943 | t_u: 19/1885) -> {'max_bond': 16, 'max_links': 4, 'total_elems': 11112, 'total_shapes': 956, 'total_links': 222, 'num_tensors': 56}
2026-08-24 20:45:27,989 [INFO] [5R/1512](swap: 8, u: 1 | c_u: 4 | t_u_l: 6/942 | t_u_r: 14/943 | t_u: 20/1885) -> {'max_bond': 32, 'max_links': 4, 'total_elems': 13352, 'total_shapes': 1032, 'total_links': 222, 'num_tensors': 56}
2026-08-24 20:45:28,058 [INFO] [4L/1535](swap: 12, u: 1 | c_u: 5 | t_u_l: 7/942 | t_u_r: 14/943 | t_u: 21/1885) -> {'max_bond': 32, 'max_links': 4, 'total_elems': 17860, 'total_shapes': 1212, 'total_links': 222, 'num_tensors': 56}
2026-08-24 20:45:28,128 [INFO] [6R/1512](swap: 6, u: 1 | c_u: 6 | t_u_l: 7/942 | t_u_r: 15/943 | t_u: 22/1885) -> {'max_bond': 32, 'max_links': 4, 'total_elems': 26372, 'total_shapes': 1332, 'total_links': 222, 'num_tensors': 56}
2026-08-24 20:45:28,208 [INFO] [5L/1535](swap: 13, u: 0 | c_u: 6 | t_u_l: 7/942 | t_u_r: 15/943 | t_u: 22/1885) -> {'max_bond': 64, 'max_links': 4, 'total_elems': 41984, 'total_shapes': 1626, 'total_links': 222, 'num_tensors': 56}
2026-08-24 20:45:28,305 [INFO] [7R/1512](swap: 5, u: 1 | c_u: 7 | t_u_l: 7/942 | t_u_r: 16/943 | t_u: 23/1885) -> {'max_bond': 128, 'max_links': 4, 'total_elems': 68608, 'total_shapes': 1842, 'total_links': 222, 'num_tensors': 56}
2026-08-24 20:45:28,428 [INFO] [6L/1535](swap: 13, u: 0 | c_u: 7 | t_u_l: 7/942 | t_u_r: 16/943 | t_u: 23/1885) -> {'max_bond': 64, 'max_links': 4, 'total_elems': 78176, 'total_shapes': 2200, 'total_links': 222, 'num_tensors': 56}
2026-08-24 20:45:28,570 [INFO] [8R/1512](swap: 8, u: 0 | c_u: 7 | t_u_l: 7/942 | t_u_r: 16/943 | t_u: 23/1885) -> {'max_bond': 64, 'max_links': 4, 'total_elems': 87648, 'total_shapes': 2376, 'total_links': 222, 'num_tensors': 56}
2026-08-24 20:45:28,713 [INFO] [9R/1512](swap: 6, u: 0 | c_u: 7 | t_u_l: 7/942 | t_u_r: 16/943 | t_u: 23/1885) -> {'max_bond': 64, 'max_links': 4, 'total_elems': 96288, 'total_shapes': 2496, 'total_links': 222, 'num_tensors': 56}
2026-08-24 20:45:28,865 [INFO] [10R/1512](swap: 8, u: 0 | c_u: 7 | t_u_l: 7/942 | t_u_r: 16/943 | t_u: 23/1885) -> {'max_bond': 64, 'max_links': 4, 'total_elems': 109472, 'total_shapes': 2704, 'total_links': 222, 'num_tensors': 56}
2026-08-24 20:45:29,053 [INFO] [11R/1512](swap: 9, u: 0 | c_u: 7 | t_u_l: 7/942 | t_u_r: 16/943 | t_u: 23/1885) -> {'max_bond': 64, 'max_links': 4, 'total_elems': 178592, 'total_shapes': 3120, 'total_links': 222, 'num_tensors': 56}
2026-08-24 20:45:29,326 [INFO] [12R/1512](swap: 7, u: 1 | c_u: 8 | t_u_l: 7/942 | t_u_r: 17/943 | t_u: 24/1885) -> {'max_bond': 128, 'max_links': 4, 'total_elems': 244640, 'total_shapes': 3608, 'total_links': 222, 'num_tensors': 56}
2026-08-24 20:45:29,655 [INFO] [13R/1512](swap: 8, u: 0 | c_u: 8 | t_u_l: 7/942 | t_u_r: 17/943 | t_u: 24/1885) -> {'max_bond': 128, 'max_links': 4, 'total_elems': 270496, 'total_shapes': 3784, 'total_links': 222, 'num_tensors': 56}
2026-08-24 20:45:30,011 [INFO] [14R/1512](swap: 5, u: 1 | c_u: 9 | t_u_l: 7/942 | t_u_r: 18/943 | t_u: 25/1885) -> {'max_bond': 256, 'max_links': 4, 'total_elems': 481952, 'total_shapes': 4616, 'total_links': 222, 'num_tensors': 56}
2026-08-24 20:45:30,765 [INFO] [7L/1535](swap: 13, u: 0 | c_u: 9 | t_u_l: 7/942 | t_u_r: 18/943 | t_u: 25/1885) -> {'max_bond': 256, 'max_links': 4, 'total_elems': 779360, 'total_shapes': 5464, 'total_links': 222, 'num_tensors': 56}
2026-08-24 20:45:31,894 [INFO]     [start unswap] -> {'max_bond': 256, 'max_links': 4, 'total_elems': 779360, 'total_shapes': 5464, 'total_links': 222, 'num_tensors': 56}
2026-08-24 20:45:38,711 [INFO]     [0 | both | 0](candidate_pairs: 28/28 | new_swaps: 12 | total: 12) -> {'max_bond': 256, 'max_links': 4, 'total_elems': 376736, 'total_shapes': 4288, 'total_links': 222, 'num_tensors': 56}
2026-08-24 20:45:39,618 [INFO]     [0 | both | 1](candidate_pairs: 27/27 | new_swaps: 15 | total: 27) -> {'max_bond': 64, 'max_links': 4, 'total_elems': 157216, 'total_shapes': 2784, 'total_links': 222, 'num_tensors': 56}
2026-08-24 20:45:39,840 [INFO]     [0 | left | 0](candidate_pairs: 28/28 | new_swaps: 10 | total: 37) -> {'max_bond': 64, 'max_links': 4, 'total_elems': 105184, 'total_shapes': 2248, 'total_links': 222, 'num_tensors': 56}
2026-08-24 20:45:40,039 [INFO]     [0 | left | 1](candidate_pairs: 27/27 | new_swaps: 12 | total: 49) -> {'max_bond': 64, 'max_links': 4, 'total_elems': 47520, 'total_shapes': 1728, 'total_links': 222, 'num_tensors': 56}
2026-08-24 20:45:40,136 [INFO]     [0 | right | 0](candidate_pairs: 28/28 | new_swaps: 13 | total: 62) -> {'max_bond': 32, 'max_links': 4, 'total_elems': 29392, 'total_shapes': 1330, 'total_links': 222, 'num_tensors': 56}
2026-08-24 20:45:40,222 [INFO]     [0 | right | 1](candidate_pairs: 27/27 | new_swaps: 7 | total: 69) -> {'max_bond': 32, 'max_links': 4, 'total_elems': 20596, 'total_shapes': 1184, 'total_links': 222, 'num_tensors': 56}
2026-08-24 20:45:40,349 [INFO]     [1 | both | 0](candidate_pairs: 28/28 | new_swaps: 9 | total: 9) -> {'max_bond': 32, 'max_links': 4, 'total_elems': 13816, 'total_shapes': 982, 'total_links': 222, 'num_tensors': 56}
2026-08-24 20:45:40,463 [INFO]     [1 | both | 1](candidate_pairs: 27/27 | new_swaps: 7 | total: 16) -> {'max_bond': 32, 'max_links': 4, 'total_elems': 12968, 'total_shapes': 928, 'total_links': 222, 'num_tensors': 56}
2026-08-24 20:45:40,531 [INFO]     [1 | left | 0](candidate_pairs: 28/28 | new_swaps: 6 | total: 22) -> {'max_bond': 16, 'max_links': 4, 'total_elems': 9312, 'total_shapes': 846, 'total_links': 222, 'num_tensors': 56}
2026-08-24 20:45:40,593 [INFO]     [1 | left | 1](candidate_pairs: 27/27 | new_swaps: 7 | total: 29) -> {'max_bond': 16, 'max_links': 4, 'total_elems': 6912, 'total_shapes': 738, 'total_links': 222, 'num_tensors': 56}
2026-08-24 20:45:40,647 [INFO]     [1 | right | 0](candidate_pairs: 28/28 | new_swaps: 1 | total: 30) -> {'max_bond': 16, 'max_links': 4, 'total_elems': 6768, 'total_shapes': 726, 'total_links': 222, 'num_tensors': 56}
2026-08-24 20:45:40,701 [INFO]     [1 | right | 1](candidate_pairs: 27/27 | new_swaps: 2 | total: 32) -> {'max_bond': 16, 'max_links': 4, 'total_elems': 6068, 'total_shapes': 704, 'total_links': 222, 'num_tensors': 56}
2026-08-24 20:45:40,802 [INFO]     [2 | both | 0](candidate_pairs: 28/28 | new_swaps: 7 | total: 7) -> {'max_bond': 16, 'max_links': 4, 'total_elems': 5780, 'total_shapes': 676, 'total_links': 222, 'num_tensors': 56}
2026-08-24 20:45:40,904 [INFO]     [2 | both | 1](candidate_pairs: 27/27 | new_swaps: 6 | total: 13) -> {'max_bond': 16, 'max_links': 4, 'total_elems': 4688, 'total_shapes': 636, 'total_links': 222, 'num_tensors': 56}
2026-08-24 20:45:40,958 [INFO]     [2 | left | 0](candidate_pairs: 28/28 | new_swaps: 3 | total: 16) -> {'max_bond': 16, 'max_links': 4, 'total_elems': 4052, 'total_shapes': 606, 'total_links': 222, 'num_tensors': 56}
2026-08-24 20:45:41,012 [INFO]     [2 | left | 1](candidate_pairs: 27/27 | new_swaps: 2 | total: 18) -> {'max_bond': 16, 'max_links': 4, 'total_elems': 3968, 'total_shapes': 596, 'total_links': 222, 'num_tensors': 56}
2026-08-24 20:45:41,054 [INFO]     [2 | right | 0](candidate_pairs: 28/28 | new_swaps: 1 | total: 19) -> {'max_bond': 16, 'max_links': 4, 'total_elems': 3908, 'total_shapes': 590, 'total_links': 222, 'num_tensors': 56}
2026-08-24 20:45:41,077 [INFO]     [2 | right | 1](candidate_pairs: 27/27 | new_swaps: 0 | total: 19) -> {'max_bond': 16, 'max_links': 4, 'total_elems': 3908, 'total_shapes': 590, 'total_links': 222, 'num_tensors': 56}
2026-08-24 20:45:41,174 [INFO]     [3 | both | 0](candidate_pairs: 28/28 | new_swaps: 5 | total: 5) -> {'max_bond': 8, 'max_links': 4, 'total_elems': 2732, 'total_shapes': 546, 'total_links': 222, 'num_tensors': 56}
2026-08-24 20:45:41,265 [INFO]     [3 | both | 1](candidate_pairs: 27/27 | new_swaps: 3 | total: 8) -> {'max_bond': 8, 'max_links': 4, 'total_elems': 2440, 'total_shapes': 524, 'total_links': 222, 'num_tensors': 56}
2026-08-24 20:45:41,317 [INFO]     [3 | left | 0](candidate_pairs: 28/28 | new_swaps: 2 | total: 10) -> {'max_bond': 8, 'max_links': 4, 'total_elems': 2332, 'total_shapes': 514, 'total_links': 222, 'num_tensors': 56}
2026-08-24 20:45:41,339 [INFO]     [3 | left | 1](candidate_pairs: 27/27 | new_swaps: 0 | total: 10) -> {'max_bond': 8, 'max_links': 4, 'total_elems': 2332, 'total_shapes': 514, 'total_links': 222, 'num_tensors': 56}
2026-08-24 20:45:41,361 [INFO]     [3 | right | 0](candidate_pairs: 28/28 | new_swaps: 0 | total: 10) -> {'max_bond': 8, 'max_links': 4, 'total_elems': 2332, 'total_shapes': 514, 'total_links': 222, 'num_tensors': 56}
2026-08-24 20:45:41,382 [INFO]     [3 | right | 1](candidate_pairs: 27/27 | new_swaps: 0 | total: 10) -> {'max_bond': 8, 'max_links': 4, 'total_elems': 2332, 'total_shapes': 514, 'total_links': 222, 'num_tensors': 56}
2026-08-24 20:45:41,473 [INFO]     [4 | both | 0](candidate_pairs: 28/28 | new_swaps: 2 | total: 2) -> {'max_bond': 8, 'max_links': 4, 'total_elems': 2224, 'total_shapes': 504, 'total_links': 222, 'num_tensors': 56}
2026-08-24 20:45:41,564 [INFO]     [4 | both | 1](candidate_pairs: 27/27 | new_swaps: 4 | total: 6) -> {'max_bond': 8, 'max_links': 4, 'total_elems': 2064, 'total_shapes': 488, 'total_links': 222, 'num_tensors': 56}
2026-08-24 20:45:41,586 [INFO]     [4 | left | 0](candidate_pairs: 28/28 | new_swaps: 0 | total: 6) -> {'max_bond': 8, 'max_links': 4, 'total_elems': 2064, 'total_shapes': 488, 'total_links': 222, 'num_tensors': 56}
2026-08-24 20:45:41,608 [INFO]     [4 | left | 1](candidate_pairs: 27/27 | new_swaps: 0 | total: 6) -> {'max_bond': 8, 'max_links': 4, 'total_elems': 2064, 'total_shapes': 488, 'total_links': 222, 'num_tensors': 56}
2026-08-24 20:45:41,630 [INFO]     [4 | right | 0](candidate_pairs: 28/28 | new_swaps: 0 | total: 6) -> {'max_bond': 8, 'max_links': 4, 'total_elems': 2064, 'total_shapes': 488, 'total_links': 222, 'num_tensors': 56}
2026-08-24 20:45:41,652 [INFO]     [4 | right | 1](candidate_pairs: 27/27 | new_swaps: 0 | total: 6) -> {'max_bond': 8, 'max_links': 4, 'total_elems': 2064, 'total_shapes': 488, 'total_links': 222, 'num_tensors': 56}
2026-08-24 20:45:41,741 [INFO]     [5 | both | 0](candidate_pairs: 28/28 | new_swaps: 1 | total: 1) -> {'max_bond': 8, 'max_links': 4, 'total_elems': 1992, 'total_shapes': 484, 'total_links': 222, 'num_tensors': 56}
2026-08-24 20:45:41,819 [INFO]     [5 | both | 1](candidate_pairs: 27/27 | new_swaps: 1 | total: 2) -> {'max_bond': 8, 'max_links': 4, 'total_elems': 1824, 'total_shapes': 470, 'total_links': 222, 'num_tensors': 56}
2026-08-24 20:45:41,860 [INFO]     [5 | left | 0](candidate_pairs: 28/28 | new_swaps: 1 | total: 3) -> {'max_bond': 8, 'max_links': 4, 'total_elems': 1788, 'total_shapes': 464, 'total_links': 222, 'num_tensors': 56}
2026-08-24 20:45:41,881 [INFO]     [5 | left | 1](candidate_pairs: 27/27 | new_swaps: 0 | total: 3) -> {'max_bond': 8, 'max_links': 4, 'total_elems': 1788, 'total_shapes': 464, 'total_links': 222, 'num_tensors': 56}
2026-08-24 20:45:41,903 [INFO]     [5 | right | 0](candidate_pairs: 28/28 | new_swaps: 0 | total: 3) -> {'max_bond': 8, 'max_links': 4, 'total_elems': 1788, 'total_shapes': 464, 'total_links': 222, 'num_tensors': 56}
2026-08-24 20:45:41,924 [INFO]     [5 | right | 1](candidate_pairs: 27/27 | new_swaps: 0 | total: 3) -> {'max_bond': 8, 'max_links': 4, 'total_elems': 1788, 'total_shapes': 464, 'total_links': 222, 'num_tensors': 56}
2026-08-24 20:45:41,966 [INFO]     [6 | both | 0](candidate_pairs: 28/28 | new_swaps: 0 | total: 0) -> {'max_bond': 8, 'max_links': 4, 'total_elems': 1788, 'total_shapes': 464, 'total_links': 222, 'num_tensors': 56}
2026-08-24 20:45:42,007 [INFO]     [6 | both | 1](candidate_pairs: 27/27 | new_swaps: 0 | total: 0) -> {'max_bond': 8, 'max_links': 4, 'total_elems': 1788, 'total_shapes': 464, 'total_links': 222, 'num_tensors': 56}
2026-08-24 20:45:42,029 [INFO]     [6 | left | 0](candidate_pairs: 28/28 | new_swaps: 0 | total: 0) -> {'max_bond': 8, 'max_links': 4, 'total_elems': 1788, 'total_shapes': 464, 'total_links': 222, 'num_tensors': 56}
2026-08-24 20:45:42,051 [INFO]     [6 | left | 1](candidate_pairs: 27/27 | new_swaps: 0 | total: 0) -> {'max_bond': 8, 'max_links': 4, 'total_elems': 1788, 'total_shapes': 464, 'total_links': 222, 'num_tensors': 56}
2026-08-24 20:45:42,073 [INFO]     [6 | right | 0](candidate_pairs: 28/28 | new_swaps: 0 | total: 0) -> {'max_bond': 8, 'max_links': 4, 'total_elems': 1788, 'total_shapes': 464, 'total_links': 222, 'num_tensors': 56}
2026-08-24 20:45:42,094 [INFO]     [6 | right | 1](candidate_pairs: 27/27 | new_swaps: 0 | total: 0) -> {'max_bond': 8, 'max_links': 4, 'total_elems': 1788, 'total_shapes': 464, 'total_links': 222, 'num_tensors': 56}
2026-08-24 20:45:42,094 [INFO]     [end unswap] -> {'max_bond': 8, 'max_links': 4, 'total_elems': 1788, 'total_shapes': 464, 'total_links': 222, 'num_tensors': 56}
2026-08-24 20:45:42,095 [INFO] [start rewire](phase=post_unswap, cycle=3, side=left, layers=1530, trials=20, seed=123, parallel=False, route_candidates=1, route_score=none)
2026-08-24 20:45:44,044 [INFO] [end rewire](phase=post_unswap, cycle=3, side=left, routed_layers=1499, elapsed_s=1.95)
2026-08-24 20:45:44,045 [INFO] [start rewire](phase=post_unswap, cycle=3, side=right, layers=1500, trials=20, seed=123, parallel=False, route_candidates=1, route_score=none)
2026-08-24 20:45:45,228 [INFO] [end rewire](phase=post_unswap, cycle=3, side=right, routed_layers=1449, elapsed_s=1.18)
[Cycle 3] 25/1885 gates (1.3 %) after 70 sec
2026-08-24 20:45:45,305 [INFO] [1L/1497](swap: 11, u: 1 | c_u: 1 | t_u_l: 8/942 | t_u_r: 18/943 | t_u: 26/1885) -> {'max_bond': 8, 'max_links': 4, 'total_elems': 1788, 'total_shapes': 464, 'total_links': 222, 'num_tensors': 56}
2026-08-24 20:45:45,369 [INFO] [2L/1497](swap: 11, u: 0 | c_u: 1 | t_u_l: 8/942 | t_u_r: 18/943 | t_u: 26/1885) -> {'max_bond': 8, 'max_links': 4, 'total_elems': 2248, 'total_shapes': 524, 'total_links': 222, 'num_tensors': 56}
2026-08-24 20:45:45,437 [INFO] [1R/1447](swap: 12, u: 0 | c_u: 1 | t_u_l: 8/942 | t_u_r: 18/943 | t_u: 26/1885) -> {'max_bond': 16, 'max_links': 4, 'total_elems': 3460, 'total_shapes': 604, 'total_links': 222, 'num_tensors': 56}
2026-08-24 20:45:45,512 [INFO] [3L/1497](swap: 12, u: 1 | c_u: 2 | t_u_l: 9/942 | t_u_r: 18/943 | t_u: 27/1885) -> {'max_bond': 16, 'max_links': 4, 'total_elems': 4552, 'total_shapes': 676, 'total_links': 222, 'num_tensors': 56}
2026-08-24 20:45:45,586 [INFO] [2R/1447](swap: 14, u: 0 | c_u: 2 | t_u_l: 9/942 | t_u_r: 18/943 | t_u: 27/1885) -> {'max_bond': 16, 'max_links': 4, 'total_elems': 6464, 'total_shapes': 766, 'total_links': 222, 'num_tensors': 56}
2026-08-24 20:45:45,657 [INFO] [3R/1447](swap: 14, u: 1 | c_u: 3 | t_u_l: 9/942 | t_u_r: 19/943 | t_u: 28/1885) -> {'max_bond': 16, 'max_links': 4, 'total_elems': 9148, 'total_shapes': 860, 'total_links': 222, 'num_tensors': 56}
2026-08-24 20:45:45,729 [INFO] [4L/1497](swap: 14, u: 1 | c_u: 4 | t_u_l: 10/942 | t_u_r: 19/943 | t_u: 29/1885) -> {'max_bond': 32, 'max_links': 4, 'total_elems': 12700, 'total_shapes': 976, 'total_links': 222, 'num_tensors': 56}
2026-08-24 20:45:45,802 [INFO] [4R/1447](swap: 14, u: 1 | c_u: 5 | t_u_l: 10/942 | t_u_r: 20/943 | t_u: 30/1885) -> {'max_bond': 32, 'max_links': 4, 'total_elems': 18560, 'total_shapes': 1178, 'total_links': 222, 'num_tensors': 56}
2026-08-24 20:45:45,879 [INFO] [5L/1497](swap: 14, u: 0 | c_u: 5 | t_u_l: 10/942 | t_u_r: 20/943 | t_u: 30/1885) -> {'max_bond': 32, 'max_links': 4, 'total_elems': 28160, 'total_shapes': 1418, 'total_links': 222, 'num_tensors': 56}
2026-08-24 20:45:45,969 [INFO] [6L/1497](swap: 11, u: 2 | c_u: 7 | t_u_l: 12/942 | t_u_r: 20/943 | t_u: 32/1885) -> {'max_bond': 64, 'max_links': 4, 'total_elems': 56704, 'total_shapes': 1842, 'total_links': 222, 'num_tensors': 56}
2026-08-24 20:45:46,081 [INFO] [7L/1497](swap: 11, u: 0 | c_u: 7 | t_u_l: 12/942 | t_u_r: 20/943 | t_u: 32/1885) -> {'max_bond': 64, 'max_links': 4, 'total_elems': 88352, 'total_shapes': 2208, 'total_links': 222, 'num_tensors': 56}
2026-08-24 20:45:46,215 [INFO] [8L/1497](swap: 9, u: 1 | c_u: 8 | t_u_l: 13/942 | t_u_r: 20/943 | t_u: 33/1885) -> {'max_bond': 64, 'max_links': 4, 'total_elems': 131360, 'total_shapes': 2600, 'total_links': 222, 'num_tensors': 56}
2026-08-24 20:45:46,425 [INFO] [5R/1447](swap: 14, u: 0 | c_u: 8 | t_u_l: 13/942 | t_u_r: 20/943 | t_u: 33/1885) -> {'max_bond': 64, 'max_links': 4, 'total_elems': 222816, 'total_shapes': 3192, 'total_links': 222, 'num_tensors': 56}
2026-08-24 20:45:46,771 [INFO] [6R/1447](swap: 10, u: 0 | c_u: 8 | t_u_l: 13/942 | t_u_r: 20/943 | t_u: 33/1885) -> {'max_bond': 256, 'max_links': 4, 'total_elems': 408288, 'total_shapes': 4168, 'total_links': 222, 'num_tensors': 56}
2026-08-24 20:45:47,415 [INFO] [7R/1447](swap: 8, u: 2 | c_u: 10 | t_u_l: 13/942 | t_u_r: 22/943 | t_u: 35/1885) -> {'max_bond': 256, 'max_links': 4, 'total_elems': 623264, 'total_shapes': 4712, 'total_links': 222, 'num_tensors': 56}
2026-08-24 20:45:48,184 [INFO] [8R/1447](swap: 9, u: 1 | c_u: 11 | t_u_l: 13/942 | t_u_r: 23/943 | t_u: 36/1885) -> {'max_bond': 256, 'max_links': 4, 'total_elems': 654112, 'total_shapes': 4934, 'total_links': 222, 'num_tensors': 56}
2026-08-24 20:45:49,113 [INFO] [9R/1447](swap: 11, u: 1 | c_u: 12 | t_u_l: 13/942 | t_u_r: 24/943 | t_u: 37/1885) -> {'max_bond': 256, 'max_links': 4, 'total_elems': 744368, 'total_shapes': 5378, 'total_links': 222, 'num_tensors': 56}
2026-08-24 20:45:50,125 [INFO]     [start unswap] -> {'max_bond': 256, 'max_links': 4, 'total_elems': 744368, 'total_shapes': 5378, 'total_links': 222, 'num_tensors': 56}
2026-08-24 20:45:53,321 [INFO]     [0 | both | 0](candidate_pairs: 28/28 | new_swaps: 7 | total: 7) -> {'max_bond': 256, 'max_links': 4, 'total_elems': 1081312, 'total_shapes': 5484, 'total_links': 222, 'num_tensors': 56}
2026-08-24 20:45:58,771 [INFO]     [0 | both | 1](candidate_pairs: 27/27 | new_swaps: 9 | total: 16) -> {'max_bond': 256, 'max_links': 4, 'total_elems': 861472, 'total_shapes': 4582, 'total_links': 222, 'num_tensors': 56}
2026-08-24 20:46:00,558 [INFO]     [0 | left | 0](candidate_pairs: 28/28 | new_swaps: 10 | total: 26) -> {'max_bond': 256, 'max_links': 4, 'total_elems': 279712, 'total_shapes': 3284, 'total_links': 222, 'num_tensors': 56}
2026-08-24 20:46:00,975 [INFO]     [0 | left | 1](candidate_pairs: 27/27 | new_swaps: 10 | total: 36) -> {'max_bond': 64, 'max_links': 4, 'total_elems': 113248, 'total_shapes': 2332, 'total_links': 222, 'num_tensors': 56}
2026-08-24 20:46:01,164 [INFO]     [0 | right | 0](candidate_pairs: 28/28 | new_swaps: 3 | total: 39) -> {'max_bond': 64, 'max_links': 4, 'total_elems': 104608, 'total_shapes': 2180, 'total_links': 222, 'num_tensors': 56}
2026-08-24 20:46:01,347 [INFO]     [0 | right | 1](candidate_pairs: 27/27 | new_swaps: 7 | total: 46) -> {'max_bond': 64, 'max_links': 4, 'total_elems': 93824, 'total_shapes': 2032, 'total_links': 222, 'num_tensors': 56}
2026-08-24 20:46:01,673 [INFO]     [1 | both | 0](candidate_pairs: 28/28 | new_swaps: 8 | total: 8) -> {'max_bond': 64, 'max_links': 4, 'total_elems': 72672, 'total_shapes': 1812, 'total_links': 222, 'num_tensors': 56}
2026-08-24 20:46:01,936 [INFO]     [1 | both | 1](candidate_pairs: 27/27 | new_swaps: 8 | total: 16) -> {'max_bond': 64, 'max_links': 4, 'total_elems': 38432, 'total_shapes': 1540, 'total_links': 222, 'num_tensors': 56}
2026-08-24 20:46:02,031 [INFO]     [1 | left | 0](candidate_pairs: 28/28 | new_swaps: 6 | total: 22) -> {'max_bond': 32, 'max_links': 4, 'total_elems': 27328, 'total_shapes': 1348, 'total_links': 222, 'num_tensors': 56}
2026-08-24 20:46:02,112 [INFO]     [1 | left | 1](candidate_pairs: 27/27 | new_swaps: 3 | total: 25) -> {'max_bond': 32, 'max_links': 4, 'total_elems': 24448, 'total_shapes': 1284, 'total_links': 222, 'num_tensors': 56}
2026-08-24 20:46:02,188 [INFO]     [1 | right | 0](candidate_pairs: 28/28 | new_swaps: 5 | total: 30) -> {'max_bond': 32, 'max_links': 4, 'total_elems': 21328, 'total_shapes': 1200, 'total_links': 222, 'num_tensors': 56}
2026-08-24 20:46:02,256 [INFO]     [1 | right | 1](candidate_pairs: 27/27 | new_swaps: 1 | total: 31) -> {'max_bond': 32, 'max_links': 4, 'total_elems': 21256, 'total_shapes': 1194, 'total_links': 222, 'num_tensors': 56}
2026-08-24 20:46:02,392 [INFO]     [2 | both | 0](candidate_pairs: 28/28 | new_swaps: 7 | total: 7) -> {'max_bond': 32, 'max_links': 4, 'total_elems': 17308, 'total_shapes': 1088, 'total_links': 222, 'num_tensors': 56}
2026-08-24 20:46:02,525 [INFO]     [2 | both | 1](candidate_pairs: 27/27 | new_swaps: 10 | total: 17) -> {'max_bond': 32, 'max_links': 4, 'total_elems': 13492, 'total_shapes': 948, 'total_links': 222, 'num_tensors': 56}
2026-08-24 20:46:02,576 [INFO]     [2 | left | 0](candidate_pairs: 28/28 | new_swaps: 1 | total: 18) -> {'max_bond': 32, 'max_links': 4, 'total_elems': 13420, 'total_shapes': 942, 'total_links': 222, 'num_tensors': 56}
2026-08-24 20:46:02,642 [INFO]     [2 | left | 1](candidate_pairs: 27/27 | new_swaps: 3 | total: 21) -> {'max_bond': 32, 'max_links': 4, 'total_elems': 12804, 'total_shapes': 906, 'total_links': 222, 'num_tensors': 56}
2026-08-24 20:46:02,702 [INFO]     [2 | right | 0](candidate_pairs: 28/28 | new_swaps: 3 | total: 24) -> {'max_bond': 32, 'max_links': 4, 'total_elems': 11204, 'total_shapes': 866, 'total_links': 222, 'num_tensors': 56}
2026-08-24 20:46:02,731 [INFO]     [2 | right | 1](candidate_pairs: 27/27 | new_swaps: 0 | total: 24) -> {'max_bond': 32, 'max_links': 4, 'total_elems': 11204, 'total_shapes': 866, 'total_links': 222, 'num_tensors': 56}
2026-08-24 20:46:02,844 [INFO]     [3 | both | 0](candidate_pairs: 28/28 | new_swaps: 6 | total: 6) -> {'max_bond': 32, 'max_links': 4, 'total_elems': 10280, 'total_shapes': 820, 'total_links': 222, 'num_tensors': 56}
2026-08-24 20:46:02,956 [INFO]     [3 | both | 1](candidate_pairs: 27/27 | new_swaps: 6 | total: 12) -> {'max_bond': 32, 'max_links': 4, 'total_elems': 9908, 'total_shapes': 794, 'total_links': 222, 'num_tensors': 56}
2026-08-24 20:46:03,017 [INFO]     [3 | left | 0](candidate_pairs: 28/28 | new_swaps: 3 | total: 15) -> {'max_bond': 32, 'max_links': 4, 'total_elems': 9620, 'total_shapes': 780, 'total_links': 222, 'num_tensors': 56}
2026-08-24 20:46:03,078 [INFO]     [3 | left | 1](candidate_pairs: 27/27 | new_swaps: 2 | total: 17) -> {'max_bond': 32, 'max_links': 4, 'total_elems': 8788, 'total_shapes': 758, 'total_links': 222, 'num_tensors': 56}
2026-08-24 20:46:03,104 [INFO]     [3 | right | 0](candidate_pairs: 28/28 | new_swaps: 0 | total: 17) -> {'max_bond': 32, 'max_links': 4, 'total_elems': 8788, 'total_shapes': 758, 'total_links': 222, 'num_tensors': 56}
2026-08-24 20:46:03,152 [INFO]     [3 | right | 1](candidate_pairs: 27/27 | new_swaps: 1 | total: 18) -> {'max_bond': 32, 'max_links': 4, 'total_elems': 8428, 'total_shapes': 752, 'total_links': 222, 'num_tensors': 56}
2026-08-24 20:46:03,258 [INFO]     [4 | both | 0](candidate_pairs: 28/28 | new_swaps: 5 | total: 5) -> {'max_bond': 16, 'max_links': 4, 'total_elems': 5312, 'total_shapes': 680, 'total_links': 222, 'num_tensors': 56}
2026-08-24 20:46:03,356 [INFO]     [4 | both | 1](candidate_pairs: 27/27 | new_swaps: 4 | total: 9) -> {'max_bond': 16, 'max_links': 4, 'total_elems': 4664, 'total_shapes': 648, 'total_links': 222, 'num_tensors': 56}
2026-08-24 20:46:03,411 [INFO]     [4 | left | 0](candidate_pairs: 28/28 | new_swaps: 2 | total: 11) -> {'max_bond': 16, 'max_links': 4, 'total_elems': 4488, 'total_shapes': 636, 'total_links': 222, 'num_tensors': 56}
2026-08-24 20:46:03,464 [INFO]     [4 | left | 1](candidate_pairs: 27/27 | new_swaps: 1 | total: 12) -> {'max_bond': 16, 'max_links': 4, 'total_elems': 4440, 'total_shapes': 632, 'total_links': 222, 'num_tensors': 56}
2026-08-24 20:46:03,489 [INFO]     [4 | right | 0](candidate_pairs: 28/28 | new_swaps: 0 | total: 12) -> {'max_bond': 16, 'max_links': 4, 'total_elems': 4440, 'total_shapes': 632, 'total_links': 222, 'num_tensors': 56}
2026-08-24 20:46:03,514 [INFO]     [4 | right | 1](candidate_pairs: 27/27 | new_swaps: 0 | total: 12) -> {'max_bond': 16, 'max_links': 4, 'total_elems': 4440, 'total_shapes': 632, 'total_links': 222, 'num_tensors': 56}
2026-08-24 20:46:03,614 [INFO]     [5 | both | 0](candidate_pairs: 28/28 | new_swaps: 1 | total: 1) -> {'max_bond': 16, 'max_links': 4, 'total_elems': 4428, 'total_shapes': 630, 'total_links': 222, 'num_tensors': 56}
2026-08-24 20:46:03,702 [INFO]     [5 | both | 1](candidate_pairs: 27/27 | new_swaps: 1 | total: 2) -> {'max_bond': 16, 'max_links': 4, 'total_elems': 4416, 'total_shapes': 628, 'total_links': 222, 'num_tensors': 56}
2026-08-24 20:46:03,756 [INFO]     [5 | left | 0](candidate_pairs: 28/28 | new_swaps: 1 | total: 3) -> {'max_bond': 16, 'max_links': 4, 'total_elems': 4368, 'total_shapes': 624, 'total_links': 222, 'num_tensors': 56}
2026-08-24 20:46:03,779 [INFO]     [5 | left | 1](candidate_pairs: 27/27 | new_swaps: 0 | total: 3) -> {'max_bond': 16, 'max_links': 4, 'total_elems': 4368, 'total_shapes': 624, 'total_links': 222, 'num_tensors': 56}
2026-08-24 20:46:03,803 [INFO]     [5 | right | 0](candidate_pairs: 28/28 | new_swaps: 0 | total: 3) -> {'max_bond': 16, 'max_links': 4, 'total_elems': 4368, 'total_shapes': 624, 'total_links': 222, 'num_tensors': 56}
2026-08-24 20:46:03,827 [INFO]     [5 | right | 1](candidate_pairs: 27/27 | new_swaps: 0 | total: 3) -> {'max_bond': 16, 'max_links': 4, 'total_elems': 4368, 'total_shapes': 624, 'total_links': 222, 'num_tensors': 56}
2026-08-24 20:46:03,923 [INFO]     [6 | both | 0](candidate_pairs: 28/28 | new_swaps: 1 | total: 1) -> {'max_bond': 16, 'max_links': 4, 'total_elems': 4356, 'total_shapes': 622, 'total_links': 222, 'num_tensors': 56}
2026-08-24 20:46:04,018 [INFO]     [6 | both | 1](candidate_pairs: 27/27 | new_swaps: 2 | total: 3) -> {'max_bond': 16, 'max_links': 4, 'total_elems': 4296, 'total_shapes': 616, 'total_links': 222, 'num_tensors': 56}
2026-08-24 20:46:04,042 [INFO]     [6 | left | 0](candidate_pairs: 28/28 | new_swaps: 0 | total: 3) -> {'max_bond': 16, 'max_links': 4, 'total_elems': 4296, 'total_shapes': 616, 'total_links': 222, 'num_tensors': 56}
2026-08-24 20:46:04,065 [INFO]     [6 | left | 1](candidate_pairs: 27/27 | new_swaps: 0 | total: 3) -> {'max_bond': 16, 'max_links': 4, 'total_elems': 4296, 'total_shapes': 616, 'total_links': 222, 'num_tensors': 56}
2026-08-24 20:46:04,088 [INFO]     [6 | right | 0](candidate_pairs: 28/28 | new_swaps: 0 | total: 3) -> {'max_bond': 16, 'max_links': 4, 'total_elems': 4296, 'total_shapes': 616, 'total_links': 222, 'num_tensors': 56}
2026-08-24 20:46:04,111 [INFO]     [6 | right | 1](candidate_pairs: 27/27 | new_swaps: 0 | total: 3) -> {'max_bond': 16, 'max_links': 4, 'total_elems': 4296, 'total_shapes': 616, 'total_links': 222, 'num_tensors': 56}
2026-08-24 20:46:04,208 [INFO]     [7 | both | 0](candidate_pairs: 28/28 | new_swaps: 2 | total: 2) -> {'max_bond': 16, 'max_links': 4, 'total_elems': 4236, 'total_shapes': 610, 'total_links': 222, 'num_tensors': 56}
2026-08-24 20:46:04,296 [INFO]     [7 | both | 1](candidate_pairs: 27/27 | new_swaps: 1 | total: 3) -> {'max_bond': 16, 'max_links': 4, 'total_elems': 4224, 'total_shapes': 608, 'total_links': 222, 'num_tensors': 56}
2026-08-24 20:46:04,321 [INFO]     [7 | left | 0](candidate_pairs: 28/28 | new_swaps: 0 | total: 3) -> {'max_bond': 16, 'max_links': 4, 'total_elems': 4224, 'total_shapes': 608, 'total_links': 222, 'num_tensors': 56}
2026-08-24 20:46:04,345 [INFO]     [7 | left | 1](candidate_pairs: 27/27 | new_swaps: 0 | total: 3) -> {'max_bond': 16, 'max_links': 4, 'total_elems': 4224, 'total_shapes': 608, 'total_links': 222, 'num_tensors': 56}
2026-08-24 20:46:04,370 [INFO]     [7 | right | 0](candidate_pairs: 28/28 | new_swaps: 0 | total: 3) -> {'max_bond': 16, 'max_links': 4, 'total_elems': 4224, 'total_shapes': 608, 'total_links': 222, 'num_tensors': 56}
2026-08-24 20:46:04,423 [INFO]     [7 | right | 1](candidate_pairs: 27/27 | new_swaps: 1 | total: 4) -> {'max_bond': 16, 'max_links': 4, 'total_elems': 4152, 'total_shapes': 602, 'total_links': 222, 'num_tensors': 56}
2026-08-24 20:46:04,469 [INFO]     [8 | both | 0](candidate_pairs: 28/28 | new_swaps: 0 | total: 0) -> {'max_bond': 16, 'max_links': 4, 'total_elems': 4152, 'total_shapes': 602, 'total_links': 222, 'num_tensors': 56}
2026-08-24 20:46:04,513 [INFO]     [8 | both | 1](candidate_pairs: 27/27 | new_swaps: 0 | total: 0) -> {'max_bond': 16, 'max_links': 4, 'total_elems': 4152, 'total_shapes': 602, 'total_links': 222, 'num_tensors': 56}
2026-08-24 20:46:04,537 [INFO]     [8 | left | 0](candidate_pairs: 28/28 | new_swaps: 0 | total: 0) -> {'max_bond': 16, 'max_links': 4, 'total_elems': 4152, 'total_shapes': 602, 'total_links': 222, 'num_tensors': 56}
2026-08-24 20:46:04,559 [INFO]     [8 | left | 1](candidate_pairs: 27/27 | new_swaps: 0 | total: 0) -> {'max_bond': 16, 'max_links': 4, 'total_elems': 4152, 'total_shapes': 602, 'total_links': 222, 'num_tensors': 56}
2026-08-24 20:46:04,612 [INFO]     [8 | right | 0](candidate_pairs: 28/28 | new_swaps: 1 | total: 1) -> {'max_bond': 16, 'max_links': 4, 'total_elems': 4080, 'total_shapes': 598, 'total_links': 222, 'num_tensors': 56}
2026-08-24 20:46:04,635 [INFO]     [8 | right | 1](candidate_pairs: 27/27 | new_swaps: 0 | total: 1) -> {'max_bond': 16, 'max_links': 4, 'total_elems': 4080, 'total_shapes': 598, 'total_links': 222, 'num_tensors': 56}
2026-08-24 20:46:04,681 [INFO]     [9 | both | 0](candidate_pairs: 28/28 | new_swaps: 0 | total: 0) -> {'max_bond': 16, 'max_links': 4, 'total_elems': 4080, 'total_shapes': 598, 'total_links': 222, 'num_tensors': 56}
2026-08-24 20:46:04,775 [INFO]     [9 | both | 1](candidate_pairs: 27/27 | new_swaps: 1 | total: 1) -> {'max_bond': 16, 'max_links': 4, 'total_elems': 3792, 'total_shapes': 590, 'total_links': 222, 'num_tensors': 56}
2026-08-24 20:46:04,820 [INFO]     [9 | left | 0](candidate_pairs: 28/28 | new_swaps: 1 | total: 2) -> {'max_bond': 16, 'max_links': 4, 'total_elems': 3408, 'total_shapes': 574, 'total_links': 222, 'num_tensors': 56}
2026-08-24 20:46:04,865 [INFO]     [9 | left | 1](candidate_pairs: 27/27 | new_swaps: 1 | total: 3) -> {'max_bond': 16, 'max_links': 4, 'total_elems': 3216, 'total_shapes': 566, 'total_links': 222, 'num_tensors': 56}
2026-08-24 20:46:04,908 [INFO]     [9 | right | 0](candidate_pairs: 28/28 | new_swaps: 1 | total: 4) -> {'max_bond': 16, 'max_links': 4, 'total_elems': 3024, 'total_shapes': 554, 'total_links': 222, 'num_tensors': 56}
2026-08-24 20:46:04,952 [INFO]     [9 | right | 1](candidate_pairs: 27/27 | new_swaps: 1 | total: 5) -> {'max_bond': 16, 'max_links': 4, 'total_elems': 2952, 'total_shapes': 548, 'total_links': 222, 'num_tensors': 56}
2026-08-24 20:46:05,006 [INFO]     [10 | both | 0](candidate_pairs: 28/28 | new_swaps: 0 | total: 0) -> {'max_bond': 16, 'max_links': 4, 'total_elems': 2952, 'total_shapes': 548, 'total_links': 222, 'num_tensors': 56}
2026-08-24 20:46:05,053 [INFO]     [10 | both | 1](candidate_pairs: 27/27 | new_swaps: 0 | total: 0) -> {'max_bond': 16, 'max_links': 4, 'total_elems': 2952, 'total_shapes': 548, 'total_links': 222, 'num_tensors': 56}
2026-08-24 20:46:05,096 [INFO]     [10 | left | 0](candidate_pairs: 28/28 | new_swaps: 1 | total: 1) -> {'max_bond': 16, 'max_links': 4, 'total_elems': 2928, 'total_shapes': 544, 'total_links': 222, 'num_tensors': 56}
2026-08-24 20:46:05,119 [INFO]     [10 | left | 1](candidate_pairs: 27/27 | new_swaps: 0 | total: 1) -> {'max_bond': 16, 'max_links': 4, 'total_elems': 2928, 'total_shapes': 544, 'total_links': 222, 'num_tensors': 56}
2026-08-24 20:46:05,142 [INFO]     [10 | right | 0](candidate_pairs: 28/28 | new_swaps: 0 | total: 1) -> {'max_bond': 16, 'max_links': 4, 'total_elems': 2928, 'total_shapes': 544, 'total_links': 222, 'num_tensors': 56}
2026-08-24 20:46:05,164 [INFO]     [10 | right | 1](candidate_pairs: 27/27 | new_swaps: 0 | total: 1) -> {'max_bond': 16, 'max_links': 4, 'total_elems': 2928, 'total_shapes': 544, 'total_links': 222, 'num_tensors': 56}
2026-08-24 20:46:05,249 [INFO]     [11 | both | 0](candidate_pairs: 28/28 | new_swaps: 1 | total: 1) -> {'max_bond': 16, 'max_links': 4, 'total_elems': 2916, 'total_shapes': 542, 'total_links': 222, 'num_tensors': 56}
2026-08-24 20:46:05,293 [INFO]     [11 | both | 1](candidate_pairs: 27/27 | new_swaps: 0 | total: 1) -> {'max_bond': 16, 'max_links': 4, 'total_elems': 2916, 'total_shapes': 542, 'total_links': 222, 'num_tensors': 56}
2026-08-24 20:46:05,317 [INFO]     [11 | left | 0](candidate_pairs: 28/28 | new_swaps: 0 | total: 1) -> {'max_bond': 16, 'max_links': 4, 'total_elems': 2916, 'total_shapes': 542, 'total_links': 222, 'num_tensors': 56}
2026-08-24 20:46:05,341 [INFO]     [11 | left | 1](candidate_pairs: 27/27 | new_swaps: 0 | total: 1) -> {'max_bond': 16, 'max_links': 4, 'total_elems': 2916, 'total_shapes': 542, 'total_links': 222, 'num_tensors': 56}
2026-08-24 20:46:05,364 [INFO]     [11 | right | 0](candidate_pairs: 28/28 | new_swaps: 0 | total: 1) -> {'max_bond': 16, 'max_links': 4, 'total_elems': 2916, 'total_shapes': 542, 'total_links': 222, 'num_tensors': 56}
2026-08-24 20:46:05,387 [INFO]     [11 | right | 1](candidate_pairs: 27/27 | new_swaps: 0 | total: 1) -> {'max_bond': 16, 'max_links': 4, 'total_elems': 2916, 'total_shapes': 542, 'total_links': 222, 'num_tensors': 56}
2026-08-24 20:46:05,434 [INFO]     [12 | both | 0](candidate_pairs: 28/28 | new_swaps: 0 | total: 0) -> {'max_bond': 16, 'max_links': 4, 'total_elems': 2916, 'total_shapes': 542, 'total_links': 222, 'num_tensors': 56}
2026-08-24 20:46:05,478 [INFO]     [12 | both | 1](candidate_pairs: 27/27 | new_swaps: 0 | total: 0) -> {'max_bond': 16, 'max_links': 4, 'total_elems': 2916, 'total_shapes': 542, 'total_links': 222, 'num_tensors': 56}
2026-08-24 20:46:05,502 [INFO]     [12 | left | 0](candidate_pairs: 28/28 | new_swaps: 0 | total: 0) -> {'max_bond': 16, 'max_links': 4, 'total_elems': 2916, 'total_shapes': 542, 'total_links': 222, 'num_tensors': 56}
2026-08-24 20:46:05,525 [INFO]     [12 | left | 1](candidate_pairs: 27/27 | new_swaps: 0 | total: 0) -> {'max_bond': 16, 'max_links': 4, 'total_elems': 2916, 'total_shapes': 542, 'total_links': 222, 'num_tensors': 56}
2026-08-24 20:46:05,548 [INFO]     [12 | right | 0](candidate_pairs: 28/28 | new_swaps: 0 | total: 0) -> {'max_bond': 16, 'max_links': 4, 'total_elems': 2916, 'total_shapes': 542, 'total_links': 222, 'num_tensors': 56}
2026-08-24 20:46:05,571 [INFO]     [12 | right | 1](candidate_pairs: 27/27 | new_swaps: 0 | total: 0) -> {'max_bond': 16, 'max_links': 4, 'total_elems': 2916, 'total_shapes': 542, 'total_links': 222, 'num_tensors': 56}
2026-08-24 20:46:05,572 [INFO]     [end unswap] -> {'max_bond': 16, 'max_links': 4, 'total_elems': 2916, 'total_shapes': 542, 'total_links': 222, 'num_tensors': 56}
2026-08-24 20:46:05,584 [INFO] [start rewire](phase=post_unswap, cycle=4, side=left, layers=1491, trials=20, seed=123, parallel=False, route_candidates=1, route_score=none)
2026-08-24 20:46:07,988 [INFO] [end rewire](phase=post_unswap, cycle=4, side=left, routed_layers=1420, elapsed_s=2.40)
2026-08-24 20:46:07,988 [INFO] [start rewire](phase=post_unswap, cycle=4, side=right, layers=1440, trials=20, seed=123, parallel=False, route_candidates=1, route_score=none)
2026-08-24 20:46:09,135 [INFO] [end rewire](phase=post_unswap, cycle=4, side=right, routed_layers=1548, elapsed_s=1.15)
[Cycle 4] 37/1885 gates (2.0 %) after 94 sec
2026-08-24 20:46:09,218 [INFO] [1L/1418](swap: 12, u: 0 | c_u: 0 | t_u_l: 13/942 | t_u_r: 24/943 | t_u: 37/1885) -> {'max_bond': 16, 'max_links': 4, 'total_elems': 2916, 'total_shapes': 542, 'total_links': 222, 'num_tensors': 56}
2026-08-24 20:46:09,293 [INFO] [2L/1418](swap: 9, u: 0 | c_u: 0 | t_u_l: 13/942 | t_u_r: 24/943 | t_u: 37/1885) -> {'max_bond': 16, 'max_links': 4, 'total_elems': 4016, 'total_shapes': 634, 'total_links': 222, 'num_tensors': 56}
2026-08-24 20:46:09,368 [INFO] [3L/1418](swap: 10, u: 1 | c_u: 1 | t_u_l: 14/942 | t_u_r: 24/943 | t_u: 38/1885) -> {'max_bond': 16, 'max_links': 4, 'total_elems': 5252, 'total_shapes': 706, 'total_links': 222, 'num_tensors': 56}
2026-08-24 20:46:09,442 [INFO] [4L/1418](swap: 10, u: 1 | c_u: 2 | t_u_l: 15/942 | t_u_r: 24/943 | t_u: 39/1885) -> {'max_bond': 16, 'max_links': 4, 'total_elems': 7784, 'total_shapes': 830, 'total_links': 222, 'num_tensors': 56}
2026-08-24 20:46:09,512 [INFO] [1R/1546](swap: 17, u: 0 | c_u: 2 | t_u_l: 15/942 | t_u_r: 24/943 | t_u: 39/1885) -> {'max_bond': 16, 'max_links': 4, 'total_elems': 11380, 'total_shapes': 946, 'total_links': 222, 'num_tensors': 56}
2026-08-24 20:46:09,587 [INFO] [5L/1418](swap: 12, u: 0 | c_u: 2 | t_u_l: 15/942 | t_u_r: 24/943 | t_u: 39/1885) -> {'max_bond': 32, 'max_links': 4, 'total_elems': 17156, 'total_shapes': 1116, 'total_links': 222, 'num_tensors': 56}
2026-08-24 20:46:09,674 [INFO] [2R/1546](swap: 17, u: 1 | c_u: 3 | t_u_l: 15/942 | t_u_r: 25/943 | t_u: 40/1885) -> {'max_bond': 64, 'max_links': 4, 'total_elems': 25428, 'total_shapes': 1270, 'total_links': 222, 'num_tensors': 56}
2026-08-24 20:46:09,764 [INFO] [6L/1418](swap: 11, u: 0 | c_u: 3 | t_u_l: 15/942 | t_u_r: 25/943 | t_u: 40/1885) -> {'max_bond': 64, 'max_links': 4, 'total_elems': 47764, 'total_shapes': 1548, 'total_links': 222, 'num_tensors': 56}
2026-08-24 20:46:09,874 [INFO] [3R/1546](swap: 17, u: 0 | c_u: 3 | t_u_l: 15/942 | t_u_r: 25/943 | t_u: 40/1885) -> {'max_bond': 64, 'max_links': 4, 'total_elems': 55188, 'total_shapes': 1694, 'total_links': 222, 'num_tensors': 56}
2026-08-24 20:46:09,990 [INFO] [4R/1546](swap: 15, u: 2 | c_u: 5 | t_u_l: 15/942 | t_u_r: 27/943 | t_u: 42/1885) -> {'max_bond': 64, 'max_links': 4, 'total_elems': 89964, 'total_shapes': 2146, 'total_links': 222, 'num_tensors': 56}
2026-08-24 20:46:10,149 [INFO] [5R/1546](swap: 14, u: 2 | c_u: 7 | t_u_l: 15/942 | t_u_r: 29/943 | t_u: 44/1885) -> {'max_bond': 64, 'max_links': 4, 'total_elems': 147716, 'total_shapes': 2660, 'total_links': 222, 'num_tensors': 56}
2026-08-24 20:46:10,353 [INFO] [6R/1546](swap: 11, u: 2 | c_u: 9 | t_u_l: 15/942 | t_u_r: 31/943 | t_u: 46/1885) -> {'max_bond': 64, 'max_links': 4, 'total_elems': 213312, 'total_shapes': 3170, 'total_links': 222, 'num_tensors': 56}
2026-08-24 20:46:10,656 [INFO] [7L/1418](swap: 13, u: 0 | c_u: 9 | t_u_l: 15/942 | t_u_r: 31/943 | t_u: 46/1885) -> {'max_bond': 127, 'max_links': 4, 'total_elems': 318272, 'total_shapes': 3752, 'total_links': 222, 'num_tensors': 56}
2026-08-24 20:46:11,160 [INFO] [7R/1546](swap: 12, u: 2 | c_u: 11 | t_u_l: 15/942 | t_u_r: 33/943 | t_u: 48/1885) -> {'max_bond': 256, 'max_links': 4, 'total_elems': 544352, 'total_shapes': 4900, 'total_links': 222, 'num_tensors': 56}
2026-08-24 20:46:12,015 [INFO] [8R/1546](swap: 12, u: 1 | c_u: 12 | t_u_l: 15/942 | t_u_r: 34/943 | t_u: 49/1885) -> {'max_bond': 256, 'max_links': 4, 'total_elems': 825120, 'total_shapes': 5994, 'total_links': 222, 'num_tensors': 56}
2026-08-24 20:46:13,128 [INFO]     [start unswap] -> {'max_bond': 256, 'max_links': 4, 'total_elems': 825120, 'total_shapes': 5994, 'total_links': 222, 'num_tensors': 56}
2026-08-24 20:46:19,162 [INFO]     [0 | both | 0](candidate_pairs: 28/28 | new_swaps: 5 | total: 5) -> {'max_bond': 256, 'max_links': 4, 'total_elems': 1025288, 'total_shapes': 6286, 'total_links': 222, 'num_tensors': 56}
2026-08-24 20:46:22,400 [INFO]     [0 | both | 1](candidate_pairs: 27/27 | new_swaps: 12 | total: 17) -> {'max_bond': 256, 'max_links': 4, 'total_elems': 672992, 'total_shapes': 4760, 'total_links': 222, 'num_tensors': 56}
2026-08-24 20:46:23,661 [INFO]     [0 | left | 0](candidate_pairs: 28/28 | new_swaps: 11 | total: 28) -> {'max_bond': 128, 'max_links': 4, 'total_elems': 324128, 'total_shapes': 3640, 'total_links': 222, 'num_tensors': 56}
2026-08-24 20:46:24,183 [INFO]     [0 | left | 1](candidate_pairs: 27/27 | new_swaps: 17 | total: 45) -> {'max_bond': 128, 'max_links': 4, 'total_elems': 184912, 'total_shapes': 2726, 'total_links': 222, 'num_tensors': 56}
2026-08-24 20:46:24,475 [INFO]     [0 | right | 0](candidate_pairs: 28/28 | new_swaps: 10 | total: 55) -> {'max_bond': 128, 'max_links': 4, 'total_elems': 153720, 'total_shapes': 2252, 'total_links': 222, 'num_tensors': 56}
2026-08-24 20:46:24,771 [INFO]     [0 | right | 1](candidate_pairs: 27/27 | new_swaps: 9 | total: 64) -> {'max_bond': 64, 'max_links': 4, 'total_elems': 81132, 'total_shapes': 1818, 'total_links': 222, 'num_tensors': 56}
2026-08-24 20:46:25,081 [INFO]     [1 | both | 0](candidate_pairs: 28/28 | new_swaps: 11 | total: 11) -> {'max_bond': 64, 'max_links': 4, 'total_elems': 49740, 'total_shapes': 1440, 'total_links': 222, 'num_tensors': 56}
2026-08-24 20:46:25,333 [INFO]     [1 | both | 1](candidate_pairs: 27/27 | new_swaps: 12 | total: 23) -> {'max_bond': 64, 'max_links': 4, 'total_elems': 29080, 'total_shapes': 1200, 'total_links': 222, 'num_tensors': 56}
2026-08-24 20:46:25,422 [INFO]     [1 | left | 0](candidate_pairs: 28/28 | new_swaps: 4 | total: 27) -> {'max_bond': 32, 'max_links': 4, 'total_elems': 22044, 'total_shapes': 1098, 'total_links': 222, 'num_tensors': 56}
2026-08-24 20:46:25,508 [INFO]     [1 | left | 1](candidate_pairs: 27/27 | new_swaps: 5 | total: 32) -> {'max_bond': 32, 'max_links': 4, 'total_elems': 16096, 'total_shapes': 1020, 'total_links': 222, 'num_tensors': 56}
2026-08-24 20:46:25,581 [INFO]     [1 | right | 0](candidate_pairs: 28/28 | new_swaps: 9 | total: 41) -> {'max_bond': 16, 'max_links': 4, 'total_elems': 9712, 'total_shapes': 862, 'total_links': 222, 'num_tensors': 56}
2026-08-24 20:46:25,631 [INFO]     [1 | right | 1](candidate_pairs: 27/27 | new_swaps: 1 | total: 42) -> {'max_bond': 16, 'max_links': 4, 'total_elems': 9392, 'total_shapes': 852, 'total_links': 222, 'num_tensors': 56}
2026-08-24 20:46:25,751 [INFO]     [2 | both | 0](candidate_pairs: 28/28 | new_swaps: 2 | total: 2) -> {'max_bond': 16, 'max_links': 4, 'total_elems': 8564, 'total_shapes': 830, 'total_links': 222, 'num_tensors': 56}
2026-08-24 20:46:25,876 [INFO]     [2 | both | 1](candidate_pairs: 27/27 | new_swaps: 9 | total: 11) -> {'max_bond': 16, 'max_links': 4, 'total_elems': 6956, 'total_shapes': 758, 'total_links': 222, 'num_tensors': 56}
2026-08-24 20:46:25,938 [INFO]     [2 | left | 0](candidate_pairs: 28/28 | new_swaps: 1 | total: 12) -> {'max_bond': 16, 'max_links': 4, 'total_elems': 6764, 'total_shapes': 750, 'total_links': 222, 'num_tensors': 56}
2026-08-24 20:46:25,999 [INFO]     [2 | left | 1](candidate_pairs: 27/27 | new_swaps: 1 | total: 13) -> {'max_bond': 16, 'max_links': 4, 'total_elems': 6700, 'total_shapes': 746, 'total_links': 222, 'num_tensors': 56}
2026-08-24 20:46:26,062 [INFO]     [2 | right | 0](candidate_pairs: 28/28 | new_swaps: 3 | total: 16) -> {'max_bond': 16, 'max_links': 4, 'total_elems': 6356, 'total_shapes': 726, 'total_links': 222, 'num_tensors': 56}
2026-08-24 20:46:26,091 [INFO]     [2 | right | 1](candidate_pairs: 27/27 | new_swaps: 0 | total: 16) -> {'max_bond': 16, 'max_links': 4, 'total_elems': 6356, 'total_shapes': 726, 'total_links': 222, 'num_tensors': 56}
2026-08-24 20:46:26,201 [INFO]     [3 | both | 0](candidate_pairs: 28/28 | new_swaps: 3 | total: 3) -> {'max_bond': 16, 'max_links': 4, 'total_elems': 6236, 'total_shapes': 714, 'total_links': 222, 'num_tensors': 56}
2026-08-24 20:46:26,252 [INFO]     [3 | both | 1](candidate_pairs: 27/27 | new_swaps: 0 | total: 3) -> {'max_bond': 16, 'max_links': 4, 'total_elems': 6236, 'total_shapes': 714, 'total_links': 222, 'num_tensors': 56}
2026-08-24 20:46:26,279 [INFO]     [3 | left | 0](candidate_pairs: 28/28 | new_swaps: 0 | total: 3) -> {'max_bond': 16, 'max_links': 4, 'total_elems': 6236, 'total_shapes': 714, 'total_links': 222, 'num_tensors': 56}
2026-08-24 20:46:26,306 [INFO]     [3 | left | 1](candidate_pairs: 27/27 | new_swaps: 0 | total: 3) -> {'max_bond': 16, 'max_links': 4, 'total_elems': 6236, 'total_shapes': 714, 'total_links': 222, 'num_tensors': 56}
2026-08-24 20:46:26,333 [INFO]     [3 | right | 0](candidate_pairs: 28/28 | new_swaps: 0 | total: 3) -> {'max_bond': 16, 'max_links': 4, 'total_elems': 6236, 'total_shapes': 714, 'total_links': 222, 'num_tensors': 56}
2026-08-24 20:46:26,383 [INFO]     [3 | right | 1](candidate_pairs: 27/27 | new_swaps: 1 | total: 4) -> {'max_bond': 16, 'max_links': 4, 'total_elems': 6176, 'total_shapes': 708, 'total_links': 222, 'num_tensors': 56}
2026-08-24 20:46:26,437 [INFO]     [4 | both | 0](candidate_pairs: 28/28 | new_swaps: 0 | total: 0) -> {'max_bond': 16, 'max_links': 4, 'total_elems': 6176, 'total_shapes': 708, 'total_links': 222, 'num_tensors': 56}
2026-08-24 20:46:26,490 [INFO]     [4 | both | 1](candidate_pairs: 27/27 | new_swaps: 0 | total: 0) -> {'max_bond': 16, 'max_links': 4, 'total_elems': 6176, 'total_shapes': 708, 'total_links': 222, 'num_tensors': 56}
2026-08-24 20:46:26,518 [INFO]     [4 | left | 0](candidate_pairs: 28/28 | new_swaps: 0 | total: 0) -> {'max_bond': 16, 'max_links': 4, 'total_elems': 6176, 'total_shapes': 708, 'total_links': 222, 'num_tensors': 56}
2026-08-24 20:46:26,546 [INFO]     [4 | left | 1](candidate_pairs: 27/27 | new_swaps: 0 | total: 0) -> {'max_bond': 16, 'max_links': 4, 'total_elems': 6176, 'total_shapes': 708, 'total_links': 222, 'num_tensors': 56}
2026-08-24 20:46:26,594 [INFO]     [4 | right | 0](candidate_pairs: 28/28 | new_swaps: 1 | total: 1) -> {'max_bond': 16, 'max_links': 4, 'total_elems': 6136, 'total_shapes': 704, 'total_links': 222, 'num_tensors': 56}
2026-08-24 20:46:26,621 [INFO]     [4 | right | 1](candidate_pairs: 27/27 | new_swaps: 0 | total: 1) -> {'max_bond': 16, 'max_links': 4, 'total_elems': 6136, 'total_shapes': 704, 'total_links': 222, 'num_tensors': 56}
2026-08-24 20:46:26,674 [INFO]     [5 | both | 0](candidate_pairs: 28/28 | new_swaps: 0 | total: 0) -> {'max_bond': 16, 'max_links': 4, 'total_elems': 6136, 'total_shapes': 704, 'total_links': 222, 'num_tensors': 56}
2026-08-24 20:46:26,765 [INFO]     [5 | both | 1](candidate_pairs: 27/27 | new_swaps: 1 | total: 1) -> {'max_bond': 16, 'max_links': 4, 'total_elems': 6088, 'total_shapes': 700, 'total_links': 222, 'num_tensors': 56}
2026-08-24 20:46:27,644 [INFO]     [5 | left | 0](candidate_pairs: 28/28 | new_swaps: 1 | total: 2) -> {'max_bond': 16, 'max_links': 4, 'total_elems': 6040, 'total_shapes': 696, 'total_links': 222, 'num_tensors': 56}
2026-08-24 20:46:27,670 [INFO]     [5 | left | 1](candidate_pairs: 27/27 | new_swaps: 0 | total: 2) -> {'max_bond': 16, 'max_links': 4, 'total_elems': 6040, 'total_shapes': 696, 'total_links': 222, 'num_tensors': 56}
2026-08-24 20:46:27,697 [INFO]     [5 | right | 0](candidate_pairs: 28/28 | new_swaps: 0 | total: 2) -> {'max_bond': 16, 'max_links': 4, 'total_elems': 6040, 'total_shapes': 696, 'total_links': 222, 'num_tensors': 56}
2026-08-24 20:46:27,723 [INFO]     [5 | right | 1](candidate_pairs: 27/27 | new_swaps: 0 | total: 2) -> {'max_bond': 16, 'max_links': 4, 'total_elems': 6040, 'total_shapes': 696, 'total_links': 222, 'num_tensors': 56}
2026-08-24 20:46:27,816 [INFO]     [6 | both | 0](candidate_pairs: 28/28 | new_swaps: 1 | total: 1) -> {'max_bond': 16, 'max_links': 4, 'total_elems': 6028, 'total_shapes': 694, 'total_links': 222, 'num_tensors': 56}
2026-08-24 20:46:27,906 [INFO]     [6 | both | 1](candidate_pairs: 27/27 | new_swaps: 1 | total: 2) -> {'max_bond': 16, 'max_links': 4, 'total_elems': 6016, 'total_shapes': 692, 'total_links': 222, 'num_tensors': 56}
2026-08-24 20:46:27,933 [INFO]     [6 | left | 0](candidate_pairs: 28/28 | new_swaps: 0 | total: 2) -> {'max_bond': 16, 'max_links': 4, 'total_elems': 6016, 'total_shapes': 692, 'total_links': 222, 'num_tensors': 56}
2026-08-24 20:46:27,958 [INFO]     [6 | left | 1](candidate_pairs: 27/27 | new_swaps: 0 | total: 2) -> {'max_bond': 16, 'max_links': 4, 'total_elems': 6016, 'total_shapes': 692, 'total_links': 222, 'num_tensors': 56}
2026-08-24 20:46:27,984 [INFO]     [6 | right | 0](candidate_pairs: 28/28 | new_swaps: 0 | total: 2) -> {'max_bond': 16, 'max_links': 4, 'total_elems': 6016, 'total_shapes': 692, 'total_links': 222, 'num_tensors': 56}
2026-08-24 20:46:28,010 [INFO]     [6 | right | 1](candidate_pairs: 27/27 | new_swaps: 0 | total: 2) -> {'max_bond': 16, 'max_links': 4, 'total_elems': 6016, 'total_shapes': 692, 'total_links': 222, 'num_tensors': 56}
2026-08-24 20:46:28,061 [INFO]     [7 | both | 0](candidate_pairs: 28/28 | new_swaps: 0 | total: 0) -> {'max_bond': 16, 'max_links': 4, 'total_elems': 6016, 'total_shapes': 692, 'total_links': 222, 'num_tensors': 56}
2026-08-24 20:46:28,110 [INFO]     [7 | both | 1](candidate_pairs: 27/27 | new_swaps: 0 | total: 0) -> {'max_bond': 16, 'max_links': 4, 'total_elems': 6016, 'total_shapes': 692, 'total_links': 222, 'num_tensors': 56}
2026-08-24 20:46:28,136 [INFO]     [7 | left | 0](candidate_pairs: 28/28 | new_swaps: 0 | total: 0) -> {'max_bond': 16, 'max_links': 4, 'total_elems': 6016, 'total_shapes': 692, 'total_links': 222, 'num_tensors': 56}
2026-08-24 20:46:28,161 [INFO]     [7 | left | 1](candidate_pairs: 27/27 | new_swaps: 0 | total: 0) -> {'max_bond': 16, 'max_links': 4, 'total_elems': 6016, 'total_shapes': 692, 'total_links': 222, 'num_tensors': 56}
2026-08-24 20:46:28,186 [INFO]     [7 | right | 0](candidate_pairs: 28/28 | new_swaps: 0 | total: 0) -> {'max_bond': 16, 'max_links': 4, 'total_elems': 6016, 'total_shapes': 692, 'total_links': 222, 'num_tensors': 56}
2026-08-24 20:46:28,211 [INFO]     [7 | right | 1](candidate_pairs: 27/27 | new_swaps: 0 | total: 0) -> {'max_bond': 16, 'max_links': 4, 'total_elems': 6016, 'total_shapes': 692, 'total_links': 222, 'num_tensors': 56}
2026-08-24 20:46:28,212 [INFO]     [end unswap] -> {'max_bond': 16, 'max_links': 4, 'total_elems': 6016, 'total_shapes': 692, 'total_links': 222, 'num_tensors': 56}
2026-08-24 20:46:28,212 [INFO] [start rewire](phase=post_unswap, cycle=5, side=left, layers=1413, trials=20, seed=123, parallel=False, route_candidates=1, route_score=none)
2026-08-24 20:46:29,708 [INFO] [end rewire](phase=post_unswap, cycle=5, side=left, routed_layers=1481, elapsed_s=1.50)
2026-08-24 20:46:29,709 [INFO] [start rewire](phase=post_unswap, cycle=5, side=right, layers=1540, trials=20, seed=123, parallel=False, route_candidates=1, route_score=none)
2026-08-24 20:46:31,438 [INFO] [end rewire](phase=post_unswap, cycle=5, side=right, routed_layers=1619, elapsed_s=1.73)
[Cycle 5] 49/1885 gates (2.6 %) after 116 sec
2026-08-24 20:46:31,521 [INFO] [1L/1479](swap: 15, u: 0 | c_u: 0 | t_u_l: 15/942 | t_u_r: 34/943 | t_u: 49/1885) -> {'max_bond': 16, 'max_links': 4, 'total_elems': 6016, 'total_shapes': 692, 'total_links': 222, 'num_tensors': 56}
2026-08-24 20:46:31,592 [INFO] [1R/1617](swap: 10, u: 0 | c_u: 0 | t_u_l: 15/942 | t_u_r: 34/943 | t_u: 49/1885) -> {'max_bond': 16, 'max_links': 4, 'total_elems': 8032, 'total_shapes': 800, 'total_links': 222, 'num_tensors': 56}
2026-08-24 20:46:31,669 [INFO] [2L/1479](swap: 16, u: 1 | c_u: 1 | t_u_l: 16/942 | t_u_r: 34/943 | t_u: 50/1885) -> {'max_bond': 16, 'max_links': 4, 'total_elems': 10848, 'total_shapes': 914, 'total_links': 222, 'num_tensors': 56}
2026-08-24 20:46:31,746 [INFO] [2R/1617](swap: 12, u: 0 | c_u: 1 | t_u_l: 16/942 | t_u_r: 34/943 | t_u: 50/1885) -> {'max_bond': 32, 'max_links': 4, 'total_elems': 17108, 'total_shapes': 1102, 'total_links': 222, 'num_tensors': 56}
2026-08-24 20:46:31,829 [INFO] [3R/1617](swap: 10, u: 1 | c_u: 2 | t_u_l: 16/942 | t_u_r: 35/943 | t_u: 51/1885) -> {'max_bond': 32, 'max_links': 4, 'total_elems': 25604, 'total_shapes': 1294, 'total_links': 222, 'num_tensors': 56}
2026-08-24 20:46:31,915 [INFO] [4R/1617](swap: 7, u: 2 | c_u: 4 | t_u_l: 16/942 | t_u_r: 37/943 | t_u: 53/1885) -> {'max_bond': 32, 'max_links': 4, 'total_elems': 34852, 'total_shapes': 1470, 'total_links': 222, 'num_tensors': 56}
2026-08-24 20:46:32,012 [INFO] [5R/1617](swap: 9, u: 1 | c_u: 5 | t_u_l: 16/942 | t_u_r: 38/943 | t_u: 54/1885) -> {'max_bond': 64, 'max_links': 4, 'total_elems': 53092, 'total_shapes': 1702, 'total_links': 222, 'num_tensors': 56}
2026-08-24 20:46:32,133 [INFO] [3L/1479](swap: 15, u: 0 | c_u: 5 | t_u_l: 16/942 | t_u_r: 38/943 | t_u: 54/1885) -> {'max_bond': 64, 'max_links': 4, 'total_elems': 79392, 'total_shapes': 2072, 'total_links': 222, 'num_tensors': 56}
2026-08-24 20:46:32,280 [INFO] [4L/1479](swap: 15, u: 1 | c_u: 6 | t_u_l: 17/942 | t_u_r: 38/943 | t_u: 55/1885) -> {'max_bond': 64, 'max_links': 4, 'total_elems': 120544, 'total_shapes': 2688, 'total_links': 222, 'num_tensors': 56}
2026-08-24 20:46:32,496 [INFO] [6R/1617](swap: 10, u: 1 | c_u: 7 | t_u_l: 17/942 | t_u_r: 39/943 | t_u: 56/1885) -> {'max_bond': 64, 'max_links': 4, 'total_elems': 188128, 'total_shapes': 3192, 'total_links': 222, 'num_tensors': 56}
2026-08-24 20:46:32,789 [INFO] [7R/1617](swap: 10, u: 0 | c_u: 7 | t_u_l: 17/942 | t_u_r: 39/943 | t_u: 56/1885) -> {'max_bond': 128, 'max_links': 4, 'total_elems': 307844, 'total_shapes': 3844, 'total_links': 222, 'num_tensors': 56}
2026-08-24 20:46:33,175 [INFO] [8R/1617](swap: 4, u: 1 | c_u: 8 | t_u_l: 17/942 | t_u_r: 40/943 | t_u: 57/1885) -> {'max_bond': 128, 'max_links': 4, 'total_elems': 362736, 'total_shapes': 4144, 'total_links': 222, 'num_tensors': 56}
2026-08-24 20:46:33,630 [INFO] [9R/1617](swap: 7, u: 0 | c_u: 8 | t_u_l: 17/942 | t_u_r: 40/943 | t_u: 57/1885) -> {'max_bond': 128, 'max_links': 4, 'total_elems': 397188, 'total_shapes': 4364, 'total_links': 222, 'num_tensors': 56}
2026-08-24 20:46:34,152 [INFO] [10R/1617](swap: 8, u: 0 | c_u: 8 | t_u_l: 17/942 | t_u_r: 40/943 | t_u: 57/1885) -> {'max_bond': 256, 'max_links': 4, 'total_elems': 600352, 'total_shapes': 5352, 'total_links': 222, 'num_tensors': 56}
2026-08-24 20:46:34,964 [INFO] [11R/1617](swap: 7, u: 0 | c_u: 8 | t_u_l: 17/942 | t_u_r: 40/943 | t_u: 57/1885) -> {'max_bond': 256, 'max_links': 4, 'total_elems': 857200, 'total_shapes': 6094, 'total_links': 222, 'num_tensors': 56}
2026-08-24 20:46:35,966 [INFO]     [start unswap] -> {'max_bond': 256, 'max_links': 4, 'total_elems': 857200, 'total_shapes': 6094, 'total_links': 222, 'num_tensors': 56}
2026-08-24 20:46:42,253 [INFO]     [0 | both | 0](candidate_pairs: 28/28 | new_swaps: 8 | total: 8) -> {'max_bond': 256, 'max_links': 4, 'total_elems': 981168, 'total_shapes': 6478, 'total_links': 222, 'num_tensors': 56}
/Users/monitsharma/code_projects/qat/peaked-mpo-solver/.venv/lib/python3.10/site-packages/quimb/tensor/decomp.py:363: UserWarning: Got: Internal algorithm failed to converge., falling back to scipy gesvd driver.
  warnings.warn(f"Got: {e}, falling back to scipy gesvd driver.")
2026-08-24 20:46:45,292 [INFO]     [0 | both | 1](candidate_pairs: 27/27 | new_swaps: 14 | total: 22) -> {'max_bond': 256, 'max_links': 4, 'total_elems': 468192, 'total_shapes': 4632, 'total_links': 222, 'num_tensors': 56}
2026-08-24 20:46:45,946 [INFO]     [0 | left | 0](candidate_pairs: 28/28 | new_swaps: 8 | total: 30) -> {'max_bond': 64, 'max_links': 4, 'total_elems': 324576, 'total_shapes': 3820, 'total_links': 222, 'num_tensors': 56}
2026-08-24 20:46:46,503 [INFO]     [0 | left | 1](candidate_pairs: 27/27 | new_swaps: 11 | total: 41) -> {'max_bond': 64, 'max_links': 4, 'total_elems': 232544, 'total_shapes': 3268, 'total_links': 222, 'num_tensors': 56}
2026-08-24 20:46:46,819 [INFO]     [0 | right | 0](candidate_pairs: 28/28 | new_swaps: 7 | total: 48) -> {'max_bond': 64, 'max_links': 4, 'total_elems': 195424, 'total_shapes': 2852, 'total_links': 222, 'num_tensors': 56}
2026-08-24 20:46:47,141 [INFO]     [0 | right | 1](candidate_pairs: 27/27 | new_swaps: 10 | total: 58) -> {'max_bond': 64, 'max_links': 4, 'total_elems': 143680, 'total_shapes': 2470, 'total_links': 222, 'num_tensors': 56}
2026-08-24 20:46:47,612 [INFO]     [1 | both | 0](candidate_pairs: 28/28 | new_swaps: 12 | total: 12) -> {'max_bond': 64, 'max_links': 4, 'total_elems': 80004, 'total_shapes': 1926, 'total_links': 222, 'num_tensors': 56}
2026-08-24 20:46:47,883 [INFO]     [1 | both | 1](candidate_pairs: 27/27 | new_swaps: 9 | total: 21) -> {'max_bond': 61, 'max_links': 4, 'total_elems': 48136, 'total_shapes': 1564, 'total_links': 222, 'num_tensors': 56}
2026-08-24 20:46:47,988 [INFO]     [1 | left | 0](candidate_pairs: 28/28 | new_swaps: 7 | total: 28) -> {'max_bond': 34, 'max_links': 4, 'total_elems': 39152, 'total_shapes': 1412, 'total_links': 222, 'num_tensors': 56}
2026-08-24 20:46:48,089 [INFO]     [1 | left | 1](candidate_pairs: 27/27 | new_swaps: 6 | total: 34) -> {'max_bond': 32, 'max_links': 4, 'total_elems': 24960, 'total_shapes': 1236, 'total_links': 222, 'num_tensors': 56}
2026-08-24 20:46:48,169 [INFO]     [1 | right | 0](candidate_pairs: 28/28 | new_swaps: 8 | total: 42) -> {'max_bond': 32, 'max_links': 4, 'total_elems': 17452, 'total_shapes': 1058, 'total_links': 222, 'num_tensors': 56}
2026-08-24 20:46:48,226 [INFO]     [1 | right | 1](candidate_pairs: 27/27 | new_swaps: 1 | total: 43) -> {'max_bond': 32, 'max_links': 4, 'total_elems': 17260, 'total_shapes': 1050, 'total_links': 222, 'num_tensors': 56}
2026-08-24 20:46:48,353 [INFO]     [2 | both | 0](candidate_pairs: 28/28 | new_swaps: 4 | total: 4) -> {'max_bond': 32, 'max_links': 4, 'total_elems': 16096, 'total_shapes': 1016, 'total_links': 222, 'num_tensors': 56}
2026-08-24 20:46:48,482 [INFO]     [2 | both | 1](candidate_pairs: 27/27 | new_swaps: 5 | total: 9) -> {'max_bond': 32, 'max_links': 4, 'total_elems': 15076, 'total_shapes': 970, 'total_links': 222, 'num_tensors': 56}
2026-08-24 20:46:48,548 [INFO]     [2 | left | 0](candidate_pairs: 28/28 | new_swaps: 2 | total: 11) -> {'max_bond': 32, 'max_links': 4, 'total_elems': 13796, 'total_shapes': 938, 'total_links': 222, 'num_tensors': 56}
2026-08-24 20:46:48,612 [INFO]     [2 | left | 1](candidate_pairs: 27/27 | new_swaps: 2 | total: 13) -> {'max_bond': 32, 'max_links': 4, 'total_elems': 13188, 'total_shapes': 918, 'total_links': 222, 'num_tensors': 56}
2026-08-24 20:46:48,675 [INFO]     [2 | right | 0](candidate_pairs: 28/28 | new_swaps: 2 | total: 15) -> {'max_bond': 32, 'max_links': 4, 'total_elems': 13032, 'total_shapes': 904, 'total_links': 222, 'num_tensors': 56}
2026-08-24 20:46:48,726 [INFO]     [2 | right | 1](candidate_pairs: 27/27 | new_swaps: 1 | total: 16) -> {'max_bond': 32, 'max_links': 4, 'total_elems': 12972, 'total_shapes': 898, 'total_links': 222, 'num_tensors': 56}
2026-08-24 20:46:48,788 [INFO]     [3 | both | 0](candidate_pairs: 28/28 | new_swaps: 0 | total: 0) -> {'max_bond': 32, 'max_links': 4, 'total_elems': 12972, 'total_shapes': 898, 'total_links': 222, 'num_tensors': 56}
2026-08-24 20:46:48,904 [INFO]     [3 | both | 1](candidate_pairs: 27/27 | new_swaps: 2 | total: 2) -> {'max_bond': 32, 'max_links': 4, 'total_elems': 12236, 'total_shapes': 886, 'total_links': 222, 'num_tensors': 56}
2026-08-24 20:46:48,967 [INFO]     [3 | left | 0](candidate_pairs: 28/28 | new_swaps: 2 | total: 4) -> {'max_bond': 32, 'max_links': 4, 'total_elems': 10184, 'total_shapes': 840, 'total_links': 222, 'num_tensors': 56}
2026-08-24 20:46:49,019 [INFO]     [3 | left | 1](candidate_pairs: 27/27 | new_swaps: 1 | total: 5) -> {'max_bond': 32, 'max_links': 4, 'total_elems': 9536, 'total_shapes': 820, 'total_links': 222, 'num_tensors': 56}
2026-08-24 20:46:49,071 [INFO]     [3 | right | 0](candidate_pairs: 28/28 | new_swaps: 1 | total: 6) -> {'max_bond': 16, 'max_links': 4, 'total_elems': 7728, 'total_shapes': 786, 'total_links': 222, 'num_tensors': 56}
2026-08-24 20:46:49,147 [INFO]     [3 | right | 1](candidate_pairs: 27/27 | new_swaps: 1 | total: 7) -> {'max_bond': 16, 'max_links': 4, 'total_elems': 6496, 'total_shapes': 760, 'total_links': 222, 'num_tensors': 56}
2026-08-24 20:46:49,202 [INFO]     [4 | both | 0](candidate_pairs: 28/28 | new_swaps: 0 | total: 0) -> {'max_bond': 16, 'max_links': 4, 'total_elems': 6496, 'total_shapes': 760, 'total_links': 222, 'num_tensors': 56}
2026-08-24 20:46:49,299 [INFO]     [4 | both | 1](candidate_pairs: 27/27 | new_swaps: 1 | total: 1) -> {'max_bond': 16, 'max_links': 4, 'total_elems': 6256, 'total_shapes': 750, 'total_links': 222, 'num_tensors': 56}
2026-08-24 20:46:49,347 [INFO]     [4 | left | 0](candidate_pairs: 28/28 | new_swaps: 1 | total: 2) -> {'max_bond': 16, 'max_links': 4, 'total_elems': 6144, 'total_shapes': 742, 'total_links': 222, 'num_tensors': 56}
2026-08-24 20:46:49,374 [INFO]     [4 | left | 1](candidate_pairs: 27/27 | new_swaps: 0 | total: 2) -> {'max_bond': 16, 'max_links': 4, 'total_elems': 6144, 'total_shapes': 742, 'total_links': 222, 'num_tensors': 56}
2026-08-24 20:46:49,401 [INFO]     [4 | right | 0](candidate_pairs: 28/28 | new_swaps: 0 | total: 2) -> {'max_bond': 16, 'max_links': 4, 'total_elems': 6144, 'total_shapes': 742, 'total_links': 222, 'num_tensors': 56}
2026-08-24 20:46:49,427 [INFO]     [4 | right | 1](candidate_pairs: 27/27 | new_swaps: 0 | total: 2) -> {'max_bond': 16, 'max_links': 4, 'total_elems': 6144, 'total_shapes': 742, 'total_links': 222, 'num_tensors': 56}
2026-08-24 20:46:49,533 [INFO]     [5 | both | 0](candidate_pairs: 28/28 | new_swaps: 1 | total: 1) -> {'max_bond': 16, 'max_links': 4, 'total_elems': 6116, 'total_shapes': 740, 'total_links': 222, 'num_tensors': 56}
2026-08-24 20:46:49,585 [INFO]     [5 | both | 1](candidate_pairs: 27/27 | new_swaps: 0 | total: 1) -> {'max_bond': 16, 'max_links': 4, 'total_elems': 6116, 'total_shapes': 740, 'total_links': 222, 'num_tensors': 56}
2026-08-24 20:46:49,612 [INFO]     [5 | left | 0](candidate_pairs: 28/28 | new_swaps: 0 | total: 1) -> {'max_bond': 16, 'max_links': 4, 'total_elems': 6116, 'total_shapes': 740, 'total_links': 222, 'num_tensors': 56}
2026-08-24 20:46:49,638 [INFO]     [5 | left | 1](candidate_pairs: 27/27 | new_swaps: 0 | total: 1) -> {'max_bond': 16, 'max_links': 4, 'total_elems': 6116, 'total_shapes': 740, 'total_links': 222, 'num_tensors': 56}
2026-08-24 20:46:49,666 [INFO]     [5 | right | 0](candidate_pairs: 28/28 | new_swaps: 0 | total: 1) -> {'max_bond': 16, 'max_links': 4, 'total_elems': 6116, 'total_shapes': 740, 'total_links': 222, 'num_tensors': 56}
2026-08-24 20:46:49,692 [INFO]     [5 | right | 1](candidate_pairs: 27/27 | new_swaps: 0 | total: 1) -> {'max_bond': 16, 'max_links': 4, 'total_elems': 6116, 'total_shapes': 740, 'total_links': 222, 'num_tensors': 56}
2026-08-24 20:46:49,744 [INFO]     [6 | both | 0](candidate_pairs: 28/28 | new_swaps: 0 | total: 0) -> {'max_bond': 16, 'max_links': 4, 'total_elems': 6116, 'total_shapes': 740, 'total_links': 222, 'num_tensors': 56}
2026-08-24 20:46:49,797 [INFO]     [6 | both | 1](candidate_pairs: 27/27 | new_swaps: 0 | total: 0) -> {'max_bond': 16, 'max_links': 4, 'total_elems': 6116, 'total_shapes': 740, 'total_links': 222, 'num_tensors': 56}
2026-08-24 20:46:49,823 [INFO]     [6 | left | 0](candidate_pairs: 28/28 | new_swaps: 0 | total: 0) -> {'max_bond': 16, 'max_links': 4, 'total_elems': 6116, 'total_shapes': 740, 'total_links': 222, 'num_tensors': 56}
2026-08-24 20:46:49,849 [INFO]     [6 | left | 1](candidate_pairs: 27/27 | new_swaps: 0 | total: 0) -> {'max_bond': 16, 'max_links': 4, 'total_elems': 6116, 'total_shapes': 740, 'total_links': 222, 'num_tensors': 56}
2026-08-24 20:46:49,876 [INFO]     [6 | right | 0](candidate_pairs: 28/28 | new_swaps: 0 | total: 0) -> {'max_bond': 16, 'max_links': 4, 'total_elems': 6116, 'total_shapes': 740, 'total_links': 222, 'num_tensors': 56}
2026-08-24 20:46:49,903 [INFO]     [6 | right | 1](candidate_pairs: 27/27 | new_swaps: 0 | total: 0) -> {'max_bond': 16, 'max_links': 4, 'total_elems': 6116, 'total_shapes': 740, 'total_links': 222, 'num_tensors': 56}
2026-08-24 20:46:49,904 [INFO]     [end unswap] -> {'max_bond': 16, 'max_links': 4, 'total_elems': 6116, 'total_shapes': 740, 'total_links': 222, 'num_tensors': 56}
2026-08-24 20:46:49,923 [INFO] [start rewire](phase=post_unswap, cycle=6, side=left, layers=1477, trials=20, seed=123, parallel=False, route_candidates=1, route_score=none)
2026-08-24 20:46:51,862 [INFO] [end rewire](phase=post_unswap, cycle=6, side=left, routed_layers=1401, elapsed_s=1.94)
2026-08-24 20:46:51,862 [INFO] [start rewire](phase=post_unswap, cycle=6, side=right, layers=1608, trials=20, seed=123, parallel=False, route_candidates=1, route_score=none)
2026-08-24 20:46:53,110 [INFO] [end rewire](phase=post_unswap, cycle=6, side=right, routed_layers=1631, elapsed_s=1.25)
[Cycle 6] 57/1885 gates (3.0 %) after 138 sec
2026-08-24 20:46:53,199 [INFO] [1L/1399](swap: 13, u: 0 | c_u: 0 | t_u_l: 17/942 | t_u_r: 40/943 | t_u: 57/1885) -> {'max_bond': 16, 'max_links': 4, 'total_elems': 6116, 'total_shapes': 740, 'total_links': 222, 'num_tensors': 56}
2026-08-24 20:46:53,268 [INFO] [1R/1629](swap: 12, u: 0 | c_u: 0 | t_u_l: 17/942 | t_u_r: 40/943 | t_u: 57/1885) -> {'max_bond': 16, 'max_links': 4, 'total_elems': 9484, 'total_shapes': 902, 'total_links': 222, 'num_tensors': 56}
2026-08-24 20:46:53,336 [INFO] [2L/1399](swap: 13, u: 0 | c_u: 0 | t_u_l: 17/942 | t_u_r: 40/943 | t_u: 57/1885) -> {'max_bond': 32, 'max_links': 4, 'total_elems': 13924, 'total_shapes': 1024, 'total_links': 222, 'num_tensors': 56}
2026-08-24 20:46:53,407 [INFO] [2R/1629](swap: 11, u: 0 | c_u: 0 | t_u_l: 17/942 | t_u_r: 40/943 | t_u: 57/1885) -> {'max_bond': 32, 'max_links': 4, 'total_elems': 21824, 'total_shapes': 1210, 'total_links': 222, 'num_tensors': 56}
2026-08-24 20:46:53,486 [INFO] [3R/1629](swap: 14, u: 0 | c_u: 0 | t_u_l: 17/942 | t_u_r: 40/943 | t_u: 57/1885) -> {'max_bond': 32, 'max_links': 4, 'total_elems': 32316, 'total_shapes': 1436, 'total_links': 222, 'num_tensors': 56}
2026-08-24 20:46:53,585 [INFO] [3L/1399](swap: 16, u: 0 | c_u: 0 | t_u_l: 17/942 | t_u_r: 40/943 | t_u: 57/1885) -> {'max_bond': 64, 'max_links': 4, 'total_elems': 58044, 'total_shapes': 1872, 'total_links': 222, 'num_tensors': 56}
2026-08-24 20:46:53,735 [INFO] [4L/1399](swap: 15, u: 0 | c_u: 0 | t_u_l: 17/942 | t_u_r: 40/943 | t_u: 57/1885) -> {'max_bond': 64, 'max_links': 4, 'total_elems': 113340, 'total_shapes': 2476, 'total_links': 222, 'num_tensors': 56}
2026-08-24 20:46:53,953 [INFO] [5L/1399](swap: 14, u: 1 | c_u: 1 | t_u_l: 18/942 | t_u_r: 40/943 | t_u: 58/1885) -> {'max_bond': 96, 'max_links': 4, 'total_elems': 238316, 'total_shapes': 3308, 'total_links': 222, 'num_tensors': 56}
2026-08-24 20:46:54,453 [INFO] [4R/1629](swap: 14, u: 0 | c_u: 1 | t_u_l: 18/942 | t_u_r: 40/943 | t_u: 58/1885) -> {'max_bond': 256, 'max_links': 4, 'total_elems': 545452, 'total_shapes': 4666, 'total_links': 222, 'num_tensors': 56}
2026-08-24 20:46:55,561 [INFO]     [start unswap] -> {'max_bond': 256, 'max_links': 4, 'total_elems': 545452, 'total_shapes': 4666, 'total_links': 222, 'num_tensors': 56}
2026-08-24 20:46:59,874 [INFO]     [0 | both | 0](candidate_pairs: 28/28 | new_swaps: 5 | total: 5) -> {'max_bond': 256, 'max_links': 4, 'total_elems': 1070840, 'total_shapes': 5522, 'total_links': 222, 'num_tensors': 56}
2026-08-24 20:47:09,275 [INFO]     [0 | both | 1](candidate_pairs: 27/27 | new_swaps: 11 | total: 16) -> {'max_bond': 255, 'max_links': 4, 'total_elems': 817216, 'total_shapes': 4300, 'total_links': 222, 'num_tensors': 56}
2026-08-24 20:47:10,354 [INFO]     [0 | left | 0](candidate_pairs: 28/28 | new_swaps: 13 | total: 29) -> {'max_bond': 254, 'max_links': 4, 'total_elems': 741928, 'total_shapes': 3608, 'total_links': 222, 'num_tensors': 56}
2026-08-24 20:47:12,527 [INFO]     [0 | left | 1](candidate_pairs: 27/27 | new_swaps: 15 | total: 44) -> {'max_bond': 252, 'max_links': 4, 'total_elems': 315132, 'total_shapes': 2856, 'total_links': 222, 'num_tensors': 56}
2026-08-24 20:47:12,884 [INFO]     [0 | right | 0](candidate_pairs: 28/28 | new_swaps: 9 | total: 53) -> {'max_bond': 64, 'max_links': 4, 'total_elems': 116264, 'total_shapes': 1912, 'total_links': 222, 'num_tensors': 56}
2026-08-24 20:47:13,102 [INFO]     [0 | right | 1](candidate_pairs: 27/27 | new_swaps: 10 | total: 63) -> {'max_bond': 64, 'max_links': 4, 'total_elems': 70444, 'total_shapes': 1576, 'total_links': 222, 'num_tensors': 56}
2026-08-24 20:47:13,359 [INFO]     [1 | both | 0](candidate_pairs: 28/28 | new_swaps: 9 | total: 9) -> {'max_bond': 63, 'max_links': 4, 'total_elems': 29744, 'total_shapes': 1218, 'total_links': 222, 'num_tensors': 56}
2026-08-24 20:47:14,239 [INFO]     [1 | both | 1](candidate_pairs: 27/27 | new_swaps: 3 | total: 12) -> {'max_bond': 32, 'max_links': 4, 'total_elems': 17456, 'total_shapes': 1046, 'total_links': 222, 'num_tensors': 56}
2026-08-24 20:47:14,314 [INFO]     [1 | left | 0](candidate_pairs: 28/28 | new_swaps: 5 | total: 17) -> {'max_bond': 32, 'max_links': 4, 'total_elems': 15348, 'total_shapes': 978, 'total_links': 222, 'num_tensors': 56}
2026-08-24 20:47:14,388 [INFO]     [1 | left | 1](candidate_pairs: 27/27 | new_swaps: 2 | total: 19) -> {'max_bond': 32, 'max_links': 4, 'total_elems': 14132, 'total_shapes': 954, 'total_links': 222, 'num_tensors': 56}
2026-08-24 20:47:14,461 [INFO]     [1 | right | 0](candidate_pairs: 28/28 | new_swaps: 5 | total: 24) -> {'max_bond': 17, 'max_links': 4, 'total_elems': 10296, 'total_shapes': 868, 'total_links': 222, 'num_tensors': 56}
2026-08-24 20:47:14,533 [INFO]     [1 | right | 1](candidate_pairs: 27/27 | new_swaps: 3 | total: 27) -> {'max_bond': 17, 'max_links': 4, 'total_elems': 8276, 'total_shapes': 826, 'total_links': 222, 'num_tensors': 56}
2026-08-24 20:47:14,649 [INFO]     [2 | both | 0](candidate_pairs: 28/28 | new_swaps: 2 | total: 2) -> {'max_bond': 17, 'max_links': 4, 'total_elems': 7444, 'total_shapes': 802, 'total_links': 222, 'num_tensors': 56}
2026-08-24 20:47:14,769 [INFO]     [2 | both | 1](candidate_pairs: 27/27 | new_swaps: 5 | total: 7) -> {'max_bond': 17, 'max_links': 4, 'total_elems': 6472, 'total_shapes': 756, 'total_links': 222, 'num_tensors': 56}
2026-08-24 20:47:14,830 [INFO]     [2 | left | 0](candidate_pairs: 28/28 | new_swaps: 2 | total: 9) -> {'max_bond': 17, 'max_links': 4, 'total_elems': 5676, 'total_shapes': 730, 'total_links': 222, 'num_tensors': 56}
2026-08-24 20:47:14,859 [INFO]     [2 | left | 1](candidate_pairs: 27/27 | new_swaps: 0 | total: 9) -> {'max_bond': 17, 'max_links': 4, 'total_elems': 5676, 'total_shapes': 730, 'total_links': 222, 'num_tensors': 56}
2026-08-24 20:47:14,887 [INFO]     [2 | right | 0](candidate_pairs: 28/28 | new_swaps: 0 | total: 9) -> {'max_bond': 17, 'max_links': 4, 'total_elems': 5676, 'total_shapes': 730, 'total_links': 222, 'num_tensors': 56}
2026-08-24 20:47:14,946 [INFO]     [2 | right | 1](candidate_pairs: 27/27 | new_swaps: 2 | total: 11) -> {'max_bond': 17, 'max_links': 4, 'total_elems': 5436, 'total_shapes': 718, 'total_links': 222, 'num_tensors': 56}
2026-08-24 20:47:15,054 [INFO]     [3 | both | 0](candidate_pairs: 28/28 | new_swaps: 1 | total: 1) -> {'max_bond': 17, 'max_links': 4, 'total_elems': 5388, 'total_shapes': 714, 'total_links': 222, 'num_tensors': 56}
2026-08-24 20:47:15,151 [INFO]     [3 | both | 1](candidate_pairs: 27/27 | new_swaps: 1 | total: 2) -> {'max_bond': 17, 'max_links': 4, 'total_elems': 5376, 'total_shapes': 712, 'total_links': 222, 'num_tensors': 56}
2026-08-24 20:47:15,177 [INFO]     [3 | left | 0](candidate_pairs: 28/28 | new_swaps: 0 | total: 2) -> {'max_bond': 17, 'max_links': 4, 'total_elems': 5376, 'total_shapes': 712, 'total_links': 222, 'num_tensors': 56}
2026-08-24 20:47:15,204 [INFO]     [3 | left | 1](candidate_pairs: 27/27 | new_swaps: 0 | total: 2) -> {'max_bond': 17, 'max_links': 4, 'total_elems': 5376, 'total_shapes': 712, 'total_links': 222, 'num_tensors': 56}
2026-08-24 20:47:15,232 [INFO]     [3 | right | 0](candidate_pairs: 28/28 | new_swaps: 0 | total: 2) -> {'max_bond': 17, 'max_links': 4, 'total_elems': 5376, 'total_shapes': 712, 'total_links': 222, 'num_tensors': 56}
2026-08-24 20:47:15,259 [INFO]     [3 | right | 1](candidate_pairs: 27/27 | new_swaps: 0 | total: 2) -> {'max_bond': 17, 'max_links': 4, 'total_elems': 5376, 'total_shapes': 712, 'total_links': 222, 'num_tensors': 56}
2026-08-24 20:47:15,311 [INFO]     [4 | both | 0](candidate_pairs: 28/28 | new_swaps: 0 | total: 0) -> {'max_bond': 17, 'max_links': 4, 'total_elems': 5376, 'total_shapes': 712, 'total_links': 222, 'num_tensors': 56}
2026-08-24 20:47:15,365 [INFO]     [4 | both | 1](candidate_pairs: 27/27 | new_swaps: 0 | total: 0) -> {'max_bond': 17, 'max_links': 4, 'total_elems': 5376, 'total_shapes': 712, 'total_links': 222, 'num_tensors': 56}
2026-08-24 20:47:15,395 [INFO]     [4 | left | 0](candidate_pairs: 28/28 | new_swaps: 0 | total: 0) -> {'max_bond': 17, 'max_links': 4, 'total_elems': 5376, 'total_shapes': 712, 'total_links': 222, 'num_tensors': 56}
2026-08-24 20:47:15,422 [INFO]     [4 | left | 1](candidate_pairs: 27/27 | new_swaps: 0 | total: 0) -> {'max_bond': 17, 'max_links': 4, 'total_elems': 5376, 'total_shapes': 712, 'total_links': 222, 'num_tensors': 56}
2026-08-24 20:47:15,449 [INFO]     [4 | right | 0](candidate_pairs: 28/28 | new_swaps: 0 | total: 0) -> {'max_bond': 17, 'max_links': 4, 'total_elems': 5376, 'total_shapes': 712, 'total_links': 222, 'num_tensors': 56}
2026-08-24 20:47:15,474 [INFO]     [4 | right | 1](candidate_pairs: 27/27 | new_swaps: 0 | total: 0) -> {'max_bond': 17, 'max_links': 4, 'total_elems': 5376, 'total_shapes': 712, 'total_links': 222, 'num_tensors': 56}
2026-08-24 20:47:15,475 [INFO]     [end unswap] -> {'max_bond': 17, 'max_links': 4, 'total_elems': 5376, 'total_shapes': 712, 'total_links': 222, 'num_tensors': 56}
2026-08-24 20:47:15,476 [INFO] [start rewire](phase=post_unswap, cycle=7, side=left, layers=1396, trials=20, seed=123, parallel=False, route_candidates=1, route_score=none)
2026-08-24 20:47:17,054 [INFO] [end rewire](phase=post_unswap, cycle=7, side=left, routed_layers=1374, elapsed_s=1.58)
2026-08-24 20:47:17,054 [INFO] [start rewire](phase=post_unswap, cycle=7, side=right, layers=1627, trials=20, seed=123, parallel=False, route_candidates=1, route_score=none)
2026-08-24 20:47:18,840 [INFO] [end rewire](phase=post_unswap, cycle=7, side=right, routed_layers=1514, elapsed_s=1.79)
[Cycle 7] 58/1885 gates (3.1 %) after 164 sec
2026-08-24 20:47:18,930 [INFO] [1L/1372](swap: 14, u: 0 | c_u: 0 | t_u_l: 18/942 | t_u_r: 40/943 | t_u: 58/1885) -> {'max_bond': 17, 'max_links': 4, 'total_elems': 5376, 'total_shapes': 712, 'total_links': 222, 'num_tensors': 56}
2026-08-24 20:47:19,000 [INFO] [1R/1512](swap: 13, u: 0 | c_u: 0 | t_u_l: 18/942 | t_u_r: 40/943 | t_u: 58/1885) -> {'max_bond': 17, 'max_links': 4, 'total_elems': 9020, 'total_shapes': 880, 'total_links': 222, 'num_tensors': 56}
2026-08-24 20:47:19,070 [INFO] [2L/1372](swap: 14, u: 0 | c_u: 0 | t_u_l: 18/942 | t_u_r: 40/943 | t_u: 58/1885) -> {'max_bond': 17, 'max_links': 4, 'total_elems': 12212, 'total_shapes': 992, 'total_links': 222, 'num_tensors': 56}
2026-08-24 20:47:19,144 [INFO] [2R/1512](swap: 13, u: 0 | c_u: 0 | t_u_l: 18/942 | t_u_r: 40/943 | t_u: 58/1885) -> {'max_bond': 32, 'max_links': 4, 'total_elems': 20596, 'total_shapes': 1202, 'total_links': 222, 'num_tensors': 56}
2026-08-24 20:47:19,225 [INFO] [3L/1372](swap: 12, u: 0 | c_u: 0 | t_u_l: 18/942 | t_u_r: 40/943 | t_u: 58/1885) -> {'max_bond': 64, 'max_links': 4, 'total_elems': 36436, 'total_shapes': 1534, 'total_links': 222, 'num_tensors': 56}
2026-08-24 20:47:19,332 [INFO] [3R/1512](swap: 14, u: 0 | c_u: 0 | t_u_l: 18/942 | t_u_r: 40/943 | t_u: 58/1885) -> {'max_bond': 64, 'max_links': 4, 'total_elems': 70740, 'total_shapes': 1930, 'total_links': 222, 'num_tensors': 56}
2026-08-24 20:47:19,482 [INFO] [4L/1372](swap: 11, u: 0 | c_u: 0 | t_u_l: 18/942 | t_u_r: 40/943 | t_u: 58/1885) -> {'max_bond': 64, 'max_links': 4, 'total_elems': 101556, 'total_shapes': 2360, 'total_links': 222, 'num_tensors': 56}
2026-08-24 20:47:19,698 [INFO] [4R/1512](swap: 13, u: 1 | c_u: 1 | t_u_l: 18/942 | t_u_r: 41/943 | t_u: 59/1885) -> {'max_bond': 128, 'max_links': 4, 'total_elems': 229812, 'total_shapes': 3208, 'total_links': 222, 'num_tensors': 56}
2026-08-24 20:47:20,054 [INFO] [5L/1372](swap: 11, u: 0 | c_u: 1 | t_u_l: 18/942 | t_u_r: 41/943 | t_u: 59/1885) -> {'max_bond': 127, 'max_links': 4, 'total_elems': 292788, 'total_shapes': 3742, 'total_links': 222, 'num_tensors': 56}
2026-08-24 20:47:20,614 [INFO] [5R/1512](swap: 14, u: 0 | c_u: 1 | t_u_l: 18/942 | t_u_r: 41/943 | t_u: 59/1885) -> {'max_bond': 256, 'max_links': 4, 'total_elems': 634804, 'total_shapes': 5208, 'total_links': 222, 'num_tensors': 56}
2026-08-24 20:47:21,812 [INFO]     [start unswap] -> {'max_bond': 256, 'max_links': 4, 'total_elems': 634804, 'total_shapes': 5208, 'total_links': 222, 'num_tensors': 56}
2026-08-24 20:47:26,844 [INFO]     [0 | both | 0](candidate_pairs: 28/28 | new_swaps: 6 | total: 6) -> {'max_bond': 256, 'max_links': 4, 'total_elems': 1234420, 'total_shapes': 5830, 'total_links': 222, 'num_tensors': 56}
2026-08-24 20:47:33,334 [INFO]     [0 | both | 1](candidate_pairs: 27/27 | new_swaps: 9 | total: 15) -> {'max_bond': 256, 'max_links': 4, 'total_elems': 854736, 'total_shapes': 4662, 'total_links': 222, 'num_tensors': 56}
2026-08-24 20:47:35,030 [INFO]     [0 | left | 0](candidate_pairs: 28/28 | new_swaps: 9 | total: 24) -> {'max_bond': 256, 'max_links': 4, 'total_elems': 305016, 'total_shapes': 3482, 'total_links': 222, 'num_tensors': 56}
2026-08-24 20:47:35,508 [INFO]     [0 | left | 1](candidate_pairs: 27/27 | new_swaps: 13 | total: 37) -> {'max_bond': 64, 'max_links': 4, 'total_elems': 140184, 'total_shapes': 2560, 'total_links': 222, 'num_tensors': 56}
2026-08-24 20:47:35,708 [INFO]     [0 | right | 0](candidate_pairs: 28/28 | new_swaps: 7 | total: 44) -> {'max_bond': 64, 'max_links': 4, 'total_elems': 124052, 'total_shapes': 2302, 'total_links': 222, 'num_tensors': 56}
2026-08-24 20:47:35,958 [INFO]     [0 | right | 1](candidate_pairs: 27/27 | new_swaps: 11 | total: 55) -> {'max_bond': 64, 'max_links': 4, 'total_elems': 92632, 'total_shapes': 2008, 'total_links': 222, 'num_tensors': 56}
2026-08-24 20:47:36,266 [INFO]     [1 | both | 0](candidate_pairs: 28/28 | new_swaps: 10 | total: 10) -> {'max_bond': 64, 'max_links': 4, 'total_elems': 59920, 'total_shapes': 1668, 'total_links': 222, 'num_tensors': 56}
2026-08-24 20:47:36,497 [INFO]     [1 | both | 1](candidate_pairs: 27/27 | new_swaps: 5 | total: 15) -> {'max_bond': 64, 'max_links': 4, 'total_elems': 50576, 'total_shapes': 1540, 'total_links': 222, 'num_tensors': 56}
2026-08-24 20:47:36,599 [INFO]     [1 | left | 0](candidate_pairs: 28/28 | new_swaps: 5 | total: 20) -> {'max_bond': 64, 'max_links': 4, 'total_elems': 44944, 'total_shapes': 1420, 'total_links': 222, 'num_tensors': 56}
2026-08-24 20:47:36,723 [INFO]     [1 | left | 1](candidate_pairs: 27/27 | new_swaps: 8 | total: 28) -> {'max_bond': 64, 'max_links': 4, 'total_elems': 29664, 'total_shapes': 1246, 'total_links': 222, 'num_tensors': 56}
2026-08-24 20:47:36,800 [INFO]     [1 | right | 0](candidate_pairs: 28/28 | new_swaps: 5 | total: 33) -> {'max_bond': 64, 'max_links': 4, 'total_elems': 27912, 'total_shapes': 1184, 'total_links': 222, 'num_tensors': 56}
2026-08-24 20:47:36,892 [INFO]     [1 | right | 1](candidate_pairs: 27/27 | new_swaps: 3 | total: 36) -> {'max_bond': 64, 'max_links': 4, 'total_elems': 26408, 'total_shapes': 1146, 'total_links': 222, 'num_tensors': 56}
2026-08-24 20:47:37,034 [INFO]     [2 | both | 0](candidate_pairs: 28/28 | new_swaps: 8 | total: 8) -> {'max_bond': 32, 'max_links': 4, 'total_elems': 13232, 'total_shapes': 958, 'total_links': 222, 'num_tensors': 56}
2026-08-24 20:47:37,154 [INFO]     [2 | both | 1](candidate_pairs: 27/27 | new_swaps: 4 | total: 12) -> {'max_bond': 32, 'max_links': 4, 'total_elems': 12068, 'total_shapes': 926, 'total_links': 222, 'num_tensors': 56}
2026-08-24 20:47:37,219 [INFO]     [2 | left | 0](candidate_pairs: 28/28 | new_swaps: 3 | total: 15) -> {'max_bond': 32, 'max_links': 4, 'total_elems': 11732, 'total_shapes': 904, 'total_links': 222, 'num_tensors': 56}
2026-08-24 20:47:37,285 [INFO]     [2 | left | 1](candidate_pairs: 27/27 | new_swaps: 3 | total: 18) -> {'max_bond': 17, 'max_links': 4, 'total_elems': 9468, 'total_shapes': 858, 'total_links': 222, 'num_tensors': 56}
2026-08-24 20:47:37,344 [INFO]     [2 | right | 0](candidate_pairs: 28/28 | new_swaps: 2 | total: 20) -> {'max_bond': 17, 'max_links': 4, 'total_elems': 9116, 'total_shapes': 842, 'total_links': 222, 'num_tensors': 56}
2026-08-24 20:47:37,393 [INFO]     [2 | right | 1](candidate_pairs: 27/27 | new_swaps: 1 | total: 21) -> {'max_bond': 17, 'max_links': 4, 'total_elems': 9008, 'total_shapes': 836, 'total_links': 222, 'num_tensors': 56}
2026-08-24 20:47:37,490 [INFO]     [3 | both | 0](candidate_pairs: 28/28 | new_swaps: 1 | total: 1) -> {'max_bond': 17, 'max_links': 4, 'total_elems': 8816, 'total_shapes': 828, 'total_links': 222, 'num_tensors': 56}
2026-08-24 20:47:37,598 [INFO]     [3 | both | 1](candidate_pairs: 27/27 | new_swaps: 1 | total: 2) -> {'max_bond': 17, 'max_links': 4, 'total_elems': 8624, 'total_shapes': 820, 'total_links': 222, 'num_tensors': 56}
2026-08-24 20:47:37,655 [INFO]     [3 | left | 0](candidate_pairs: 28/28 | new_swaps: 1 | total: 3) -> {'max_bond': 17, 'max_links': 4, 'total_elems': 8336, 'total_shapes': 808, 'total_links': 222, 'num_tensors': 56}
2026-08-24 20:47:37,683 [INFO]     [3 | left | 1](candidate_pairs: 27/27 | new_swaps: 0 | total: 3) -> {'max_bond': 17, 'max_links': 4, 'total_elems': 8336, 'total_shapes': 808, 'total_links': 222, 'num_tensors': 56}
2026-08-24 20:47:37,710 [INFO]     [3 | right | 0](candidate_pairs: 28/28 | new_swaps: 0 | total: 3) -> {'max_bond': 17, 'max_links': 4, 'total_elems': 8336, 'total_shapes': 808, 'total_links': 222, 'num_tensors': 56}
2026-08-24 20:47:37,737 [INFO]     [3 | right | 1](candidate_pairs: 27/27 | new_swaps: 0 | total: 3) -> {'max_bond': 17, 'max_links': 4, 'total_elems': 8336, 'total_shapes': 808, 'total_links': 222, 'num_tensors': 56}
2026-08-24 20:47:37,791 [INFO]     [4 | both | 0](candidate_pairs: 28/28 | new_swaps: 0 | total: 0) -> {'max_bond': 17, 'max_links': 4, 'total_elems': 8336, 'total_shapes': 808, 'total_links': 222, 'num_tensors': 56}
2026-08-24 20:47:37,887 [INFO]     [4 | both | 1](candidate_pairs: 27/27 | new_swaps: 1 | total: 1) -> {'max_bond': 17, 'max_links': 4, 'total_elems': 8096, 'total_shapes': 796, 'total_links': 222, 'num_tensors': 56}
2026-08-24 20:47:37,934 [INFO]     [4 | left | 0](candidate_pairs: 28/28 | new_swaps: 1 | total: 2) -> {'max_bond': 17, 'max_links': 4, 'total_elems': 7936, 'total_shapes': 788, 'total_links': 222, 'num_tensors': 56}
2026-08-24 20:47:37,962 [INFO]     [4 | left | 1](candidate_pairs: 27/27 | new_swaps: 0 | total: 2) -> {'max_bond': 17, 'max_links': 4, 'total_elems': 7936, 'total_shapes': 788, 'total_links': 222, 'num_tensors': 56}
2026-08-24 20:47:37,989 [INFO]     [4 | right | 0](candidate_pairs: 28/28 | new_swaps: 0 | total: 2) -> {'max_bond': 17, 'max_links': 4, 'total_elems': 7936, 'total_shapes': 788, 'total_links': 222, 'num_tensors': 56}
2026-08-24 20:47:38,016 [INFO]     [4 | right | 1](candidate_pairs: 27/27 | new_swaps: 0 | total: 2) -> {'max_bond': 17, 'max_links': 4, 'total_elems': 7936, 'total_shapes': 788, 'total_links': 222, 'num_tensors': 56}
2026-08-24 20:47:38,069 [INFO]     [5 | both | 0](candidate_pairs: 28/28 | new_swaps: 0 | total: 0) -> {'max_bond': 17, 'max_links': 4, 'total_elems': 7936, 'total_shapes': 788, 'total_links': 222, 'num_tensors': 56}
2026-08-24 20:47:38,123 [INFO]     [5 | both | 1](candidate_pairs: 27/27 | new_swaps: 0 | total: 0) -> {'max_bond': 17, 'max_links': 4, 'total_elems': 7936, 'total_shapes': 788, 'total_links': 222, 'num_tensors': 56}
2026-08-24 20:47:38,150 [INFO]     [5 | left | 0](candidate_pairs: 28/28 | new_swaps: 0 | total: 0) -> {'max_bond': 17, 'max_links': 4, 'total_elems': 7936, 'total_shapes': 788, 'total_links': 222, 'num_tensors': 56}
2026-08-24 20:47:38,177 [INFO]     [5 | left | 1](candidate_pairs: 27/27 | new_swaps: 0 | total: 0) -> {'max_bond': 17, 'max_links': 4, 'total_elems': 7936, 'total_shapes': 788, 'total_links': 222, 'num_tensors': 56}
2026-08-24 20:47:38,203 [INFO]     [5 | right | 0](candidate_pairs: 28/28 | new_swaps: 0 | total: 0) -> {'max_bond': 17, 'max_links': 4, 'total_elems': 7936, 'total_shapes': 788, 'total_links': 222, 'num_tensors': 56}
2026-08-24 20:47:38,230 [INFO]     [5 | right | 1](candidate_pairs: 27/27 | new_swaps: 0 | total: 0) -> {'max_bond': 17, 'max_links': 4, 'total_elems': 7936, 'total_shapes': 788, 'total_links': 222, 'num_tensors': 56}
2026-08-24 20:47:38,231 [INFO]     [end unswap] -> {'max_bond': 17, 'max_links': 4, 'total_elems': 7936, 'total_shapes': 788, 'total_links': 222, 'num_tensors': 56}
2026-08-24 20:47:38,231 [INFO] [start rewire](phase=post_unswap, cycle=8, side=left, layers=1369, trials=20, seed=123, parallel=False, route_candidates=1, route_score=none)
2026-08-24 20:47:39,878 [INFO] [end rewire](phase=post_unswap, cycle=8, side=left, routed_layers=1543, elapsed_s=1.65)
2026-08-24 20:47:39,878 [INFO] [start rewire](phase=post_unswap, cycle=8, side=right, layers=1509, trials=20, seed=123, parallel=False, route_candidates=1, route_score=none)
2026-08-24 20:47:41,625 [INFO] [end rewire](phase=post_unswap, cycle=8, side=right, routed_layers=1517, elapsed_s=1.75)
[Cycle 8] 59/1885 gates (3.1 %) after 186 sec
2026-08-24 20:47:41,716 [INFO] [1L/1541](swap: 10, u: 0 | c_u: 0 | t_u_l: 18/942 | t_u_r: 41/943 | t_u: 59/1885) -> {'max_bond': 17, 'max_links': 4, 'total_elems': 7936, 'total_shapes': 788, 'total_links': 222, 'num_tensors': 56}
2026-08-24 20:47:41,784 [INFO] [1R/1515](swap: 9, u: 0 | c_u: 0 | t_u_l: 18/942 | t_u_r: 41/943 | t_u: 59/1885) -> {'max_bond': 18, 'max_links': 4, 'total_elems': 11028, 'total_shapes': 928, 'total_links': 222, 'num_tensors': 56}
2026-08-24 20:47:41,855 [INFO] [2R/1515](swap: 7, u: 0 | c_u: 0 | t_u_l: 18/942 | t_u_r: 41/943 | t_u: 59/1885) -> {'max_bond': 32, 'max_links': 4, 'total_elems': 15980, 'total_shapes': 1068, 'total_links': 222, 'num_tensors': 56}
2026-08-24 20:47:41,930 [INFO] [2L/1541](swap: 14, u: 0 | c_u: 0 | t_u_l: 18/942 | t_u_r: 41/943 | t_u: 59/1885) -> {'max_bond': 32, 'max_links': 4, 'total_elems': 22172, 'total_shapes': 1208, 'total_links': 222, 'num_tensors': 56}
2026-08-24 20:47:42,013 [INFO] [3R/1515](swap: 9, u: 0 | c_u: 0 | t_u_l: 18/942 | t_u_r: 41/943 | t_u: 59/1885) -> {'max_bond': 34, 'max_links': 4, 'total_elems': 34500, 'total_shapes': 1408, 'total_links': 222, 'num_tensors': 56}
2026-08-24 20:47:42,108 [INFO] [3L/1541](swap: 13, u: 1 | c_u: 1 | t_u_l: 19/942 | t_u_r: 41/943 | t_u: 60/1885) -> {'max_bond': 64, 'max_links': 4, 'total_elems': 53204, 'total_shapes': 1682, 'total_links': 222, 'num_tensors': 56}
2026-08-24 20:47:42,232 [INFO] [4R/1515](swap: 11, u: 0 | c_u: 1 | t_u_l: 19/942 | t_u_r: 41/943 | t_u: 60/1885) -> {'max_bond': 64, 'max_links': 4, 'total_elems': 79988, 'total_shapes': 2026, 'total_links': 222, 'num_tensors': 56}
2026-08-24 20:47:42,380 [INFO] [5R/1515](swap: 10, u: 0 | c_u: 1 | t_u_l: 19/942 | t_u_r: 41/943 | t_u: 60/1885) -> {'max_bond': 64, 'max_links': 4, 'total_elems': 107380, 'total_shapes': 2350, 'total_links': 222, 'num_tensors': 56}
2026-08-24 20:47:42,567 [INFO] [6R/1515](swap: 10, u: 0 | c_u: 1 | t_u_l: 19/942 | t_u_r: 41/943 | t_u: 60/1885) -> {'max_bond': 128, 'max_links': 4, 'total_elems': 185332, 'total_shapes': 2878, 'total_links': 222, 'num_tensors': 56}
2026-08-24 20:47:42,891 [INFO] [4L/1541](swap: 13, u: 0 | c_u: 1 | t_u_l: 19/942 | t_u_r: 41/943 | t_u: 60/1885) -> {'max_bond': 128, 'max_links': 4, 'total_elems': 282608, 'total_shapes': 3412, 'total_links': 222, 'num_tensors': 56}
2026-08-24 20:47:43,304 [INFO] [5L/1541](swap: 9, u: 0 | c_u: 1 | t_u_l: 19/942 | t_u_r: 41/943 | t_u: 60/1885) -> {'max_bond': 128, 'max_links': 4, 'total_elems': 393336, 'total_shapes': 4208, 'total_links': 222, 'num_tensors': 56}
2026-08-24 20:47:43,879 [INFO] [7R/1515](swap: 9, u: 0 | c_u: 1 | t_u_l: 19/942 | t_u_r: 41/943 | t_u: 60/1885) -> {'max_bond': 256, 'max_links': 4, 'total_elems': 640512, 'total_shapes': 5194, 'total_links': 222, 'num_tensors': 56}
2026-08-24 20:47:44,787 [INFO] [6L/1541](swap: 7, u: 1 | c_u: 2 | t_u_l: 20/942 | t_u_r: 41/943 | t_u: 61/1885) -> {'max_bond': 256, 'max_links': 4, 'total_elems': 903048, 'total_shapes': 5930, 'total_links': 222, 'num_tensors': 56}
2026-08-24 20:47:45,841 [INFO] [7L/1541](swap: 8, u: 1 | c_u: 3 | t_u_l: 21/942 | t_u_r: 41/943 | t_u: 62/1885) -> {'max_bond': 256, 'max_links': 4, 'total_elems': 927656, 'total_shapes': 6126, 'total_links': 222, 'num_tensors': 56}
2026-08-24 20:47:46,917 [INFO] [8L/1541](swap: 10, u: 0 | c_u: 3 | t_u_l: 21/942 | t_u_r: 41/943 | t_u: 62/1885) -> {'max_bond': 256, 'max_links': 4, 'total_elems': 987408, 'total_shapes': 6426, 'total_links': 222, 'num_tensors': 56}
2026-08-24 20:47:48,136 [INFO]     [start unswap] -> {'max_bond': 256, 'max_links': 4, 'total_elems': 987408, 'total_shapes': 6426, 'total_links': 222, 'num_tensors': 56}
2026-08-24 20:47:52,897 [INFO]     [0 | both | 0](candidate_pairs: 28/28 | new_swaps: 9 | total: 9) -> {'max_bond': 256, 'max_links': 4, 'total_elems': 815640, 'total_shapes': 5644, 'total_links': 222, 'num_tensors': 56}
2026-08-24 20:47:55,420 [INFO]     [0 | both | 1](candidate_pairs: 27/27 | new_swaps: 12 | total: 21) -> {'max_bond': 128, 'max_links': 4, 'total_elems': 457324, 'total_shapes': 4520, 'total_links': 222, 'num_tensors': 56}
2026-08-24 20:47:56,055 [INFO]     [0 | left | 0](candidate_pairs: 28/28 | new_swaps: 10 | total: 31) -> {'max_bond': 71, 'max_links': 4, 'total_elems': 307352, 'total_shapes': 3796, 'total_links': 222, 'num_tensors': 56}
2026-08-24 20:47:56,521 [INFO]     [0 | left | 1](candidate_pairs: 27/27 | new_swaps: 11 | total: 42) -> {'max_bond': 64, 'max_links': 4, 'total_elems': 237408, 'total_shapes': 3300, 'total_links': 222, 'num_tensors': 56}
2026-08-24 20:47:56,849 [INFO]     [0 | right | 0](candidate_pairs: 28/28 | new_swaps: 5 | total: 47) -> {'max_bond': 64, 'max_links': 4, 'total_elems': 209208, 'total_shapes': 3118, 'total_links': 222, 'num_tensors': 56}
2026-08-24 20:47:57,220 [INFO]     [0 | right | 1](candidate_pairs: 27/27 | new_swaps: 6 | total: 53) -> {'max_bond': 64, 'max_links': 4, 'total_elems': 145508, 'total_shapes': 2740, 'total_links': 222, 'num_tensors': 56}
2026-08-24 20:47:57,664 [INFO]     [1 | both | 0](candidate_pairs: 28/28 | new_swaps: 17 | total: 17) -> {'max_bond': 64, 'max_links': 4, 'total_elems': 77520, 'total_shapes': 2038, 'total_links': 222, 'num_tensors': 56}
2026-08-24 20:47:57,957 [INFO]     [1 | both | 1](candidate_pairs: 27/27 | new_swaps: 9 | total: 26) -> {'max_bond': 64, 'max_links': 4, 'total_elems': 57160, 'total_shapes': 1750, 'total_links': 222, 'num_tensors': 56}
2026-08-24 20:47:58,083 [INFO]     [1 | left | 0](candidate_pairs: 28/28 | new_swaps: 7 | total: 33) -> {'max_bond': 64, 'max_links': 4, 'total_elems': 44788, 'total_shapes': 1552, 'total_links': 222, 'num_tensors': 56}
2026-08-24 20:47:58,190 [INFO]     [1 | left | 1](candidate_pairs: 27/27 | new_swaps: 8 | total: 41) -> {'max_bond': 64, 'max_links': 4, 'total_elems': 39056, 'total_shapes': 1410, 'total_links': 222, 'num_tensors': 56}
2026-08-24 20:47:58,282 [INFO]     [1 | right | 0](candidate_pairs: 28/28 | new_swaps: 7 | total: 48) -> {'max_bond': 64, 'max_links': 4, 'total_elems': 35352, 'total_shapes': 1308, 'total_links': 222, 'num_tensors': 56}
2026-08-24 20:47:58,369 [INFO]     [1 | right | 1](candidate_pairs: 27/27 | new_swaps: 3 | total: 51) -> {'max_bond': 64, 'max_links': 4, 'total_elems': 33816, 'total_shapes': 1266, 'total_links': 222, 'num_tensors': 56}
2026-08-24 20:47:58,551 [INFO]     [2 | both | 0](candidate_pairs: 28/28 | new_swaps: 6 | total: 6) -> {'max_bond': 64, 'max_links': 4, 'total_elems': 32384, 'total_shapes': 1210, 'total_links': 222, 'num_tensors': 56}
2026-08-24 20:47:58,722 [INFO]     [2 | both | 1](candidate_pairs: 27/27 | new_swaps: 7 | total: 13) -> {'max_bond': 64, 'max_links': 4, 'total_elems': 25048, 'total_shapes': 1090, 'total_links': 222, 'num_tensors': 56}
2026-08-24 20:47:58,805 [INFO]     [2 | left | 0](candidate_pairs: 28/28 | new_swaps: 4 | total: 17) -> {'max_bond': 32, 'max_links': 4, 'total_elems': 18496, 'total_shapes': 1000, 'total_links': 222, 'num_tensors': 56}
2026-08-24 20:47:58,878 [INFO]     [2 | left | 1](candidate_pairs: 27/27 | new_swaps: 4 | total: 21) -> {'max_bond': 32, 'max_links': 4, 'total_elems': 13680, 'total_shapes': 938, 'total_links': 222, 'num_tensors': 56}
2026-08-24 20:47:58,945 [INFO]     [2 | right | 0](candidate_pairs: 28/28 | new_swaps: 7 | total: 28) -> {'max_bond': 32, 'max_links': 4, 'total_elems': 12144, 'total_shapes': 868, 'total_links': 222, 'num_tensors': 56}
2026-08-24 20:47:59,008 [INFO]     [2 | right | 1](candidate_pairs: 27/27 | new_swaps: 2 | total: 30) -> {'max_bond': 32, 'max_links': 4, 'total_elems': 12036, 'total_shapes': 860, 'total_links': 222, 'num_tensors': 56}
2026-08-24 20:47:59,123 [INFO]     [3 | both | 0](candidate_pairs: 28/28 | new_swaps: 2 | total: 2) -> {'max_bond': 32, 'max_links': 4, 'total_elems': 11832, 'total_shapes': 850, 'total_links': 222, 'num_tensors': 56}
2026-08-24 20:47:59,244 [INFO]     [3 | both | 1](candidate_pairs: 27/27 | new_swaps: 3 | total: 5) -> {'max_bond': 32, 'max_links': 4, 'total_elems': 11600, 'total_shapes': 834, 'total_links': 222, 'num_tensors': 56}
2026-08-24 20:47:59,298 [INFO]     [3 | left | 0](candidate_pairs: 28/28 | new_swaps: 1 | total: 6) -> {'max_bond': 32, 'max_links': 4, 'total_elems': 11576, 'total_shapes': 828, 'total_links': 222, 'num_tensors': 56}
2026-08-24 20:47:59,350 [INFO]     [3 | left | 1](candidate_pairs: 27/27 | new_swaps: 1 | total: 7) -> {'max_bond': 32, 'max_links': 4, 'total_elems': 11432, 'total_shapes': 822, 'total_links': 222, 'num_tensors': 56}
2026-08-24 20:47:59,406 [INFO]     [3 | right | 0](candidate_pairs: 28/28 | new_swaps: 1 | total: 8) -> {'max_bond': 32, 'max_links': 4, 'total_elems': 11112, 'total_shapes': 814, 'total_links': 222, 'num_tensors': 56}
2026-08-24 20:47:59,437 [INFO]     [3 | right | 1](candidate_pairs: 27/27 | new_swaps: 0 | total: 8) -> {'max_bond': 32, 'max_links': 4, 'total_elems': 11112, 'total_shapes': 814, 'total_links': 222, 'num_tensors': 56}
2026-08-24 20:47:59,496 [INFO]     [4 | both | 0](candidate_pairs: 28/28 | new_swaps: 0 | total: 0) -> {'max_bond': 32, 'max_links': 4, 'total_elems': 11112, 'total_shapes': 814, 'total_links': 222, 'num_tensors': 56}
2026-08-24 20:47:59,607 [INFO]     [4 | both | 1](candidate_pairs: 27/27 | new_swaps: 1 | total: 1) -> {'max_bond': 32, 'max_links': 4, 'total_elems': 10056, 'total_shapes': 798, 'total_links': 222, 'num_tensors': 56}
2026-08-24 20:47:59,637 [INFO]     [4 | left | 0](candidate_pairs: 28/28 | new_swaps: 0 | total: 1) -> {'max_bond': 32, 'max_links': 4, 'total_elems': 10056, 'total_shapes': 798, 'total_links': 222, 'num_tensors': 56}
2026-08-24 20:47:59,667 [INFO]     [4 | left | 1](candidate_pairs: 27/27 | new_swaps: 0 | total: 1) -> {'max_bond': 32, 'max_links': 4, 'total_elems': 10056, 'total_shapes': 798, 'total_links': 222, 'num_tensors': 56}
2026-08-24 20:47:59,717 [INFO]     [4 | right | 0](candidate_pairs: 28/28 | new_swaps: 1 | total: 2) -> {'max_bond': 32, 'max_links': 4, 'total_elems': 8040, 'total_shapes': 756, 'total_links': 222, 'num_tensors': 56}
2026-08-24 20:47:59,764 [INFO]     [4 | right | 1](candidate_pairs: 27/27 | new_swaps: 1 | total: 3) -> {'max_bond': 32, 'max_links': 4, 'total_elems': 7656, 'total_shapes': 740, 'total_links': 222, 'num_tensors': 56}
2026-08-24 20:47:59,816 [INFO]     [5 | both | 0](candidate_pairs: 28/28 | new_swaps: 0 | total: 0) -> {'max_bond': 32, 'max_links': 4, 'total_elems': 7656, 'total_shapes': 740, 'total_links': 222, 'num_tensors': 56}
2026-08-24 20:47:59,871 [INFO]     [5 | both | 1](candidate_pairs: 27/27 | new_swaps: 0 | total: 0) -> {'max_bond': 32, 'max_links': 4, 'total_elems': 7656, 'total_shapes': 740, 'total_links': 222, 'num_tensors': 56}
2026-08-24 20:47:59,897 [INFO]     [5 | left | 0](candidate_pairs: 28/28 | new_swaps: 0 | total: 0) -> {'max_bond': 32, 'max_links': 4, 'total_elems': 7656, 'total_shapes': 740, 'total_links': 222, 'num_tensors': 56}
2026-08-24 20:47:59,927 [INFO]     [5 | left | 1](candidate_pairs: 27/27 | new_swaps: 0 | total: 0) -> {'max_bond': 32, 'max_links': 4, 'total_elems': 7656, 'total_shapes': 740, 'total_links': 222, 'num_tensors': 56}
2026-08-24 20:47:59,954 [INFO]     [5 | right | 0](candidate_pairs: 28/28 | new_swaps: 0 | total: 0) -> {'max_bond': 32, 'max_links': 4, 'total_elems': 7656, 'total_shapes': 740, 'total_links': 222, 'num_tensors': 56}
2026-08-24 20:47:59,982 [INFO]     [5 | right | 1](candidate_pairs: 27/27 | new_swaps: 0 | total: 0) -> {'max_bond': 32, 'max_links': 4, 'total_elems': 7656, 'total_shapes': 740, 'total_links': 222, 'num_tensors': 56}
2026-08-24 20:47:59,983 [INFO]     [end unswap] -> {'max_bond': 32, 'max_links': 4, 'total_elems': 7656, 'total_shapes': 740, 'total_links': 222, 'num_tensors': 56}
2026-08-24 20:48:00,010 [INFO] [start rewire](phase=post_unswap, cycle=9, side=left, layers=1535, trials=20, seed=123, parallel=False, route_candidates=1, route_score=none)
2026-08-24 20:48:02,131 [INFO] [end rewire](phase=post_unswap, cycle=9, side=left, routed_layers=1400, elapsed_s=2.12)
2026-08-24 20:48:02,131 [INFO] [start rewire](phase=post_unswap, cycle=9, side=right, layers=1510, trials=20, seed=123, parallel=False, route_candidates=1, route_score=none)
2026-08-24 20:48:04,023 [INFO] [end rewire](phase=post_unswap, cycle=9, side=right, routed_layers=1484, elapsed_s=1.89)
[Cycle 9] 62/1885 gates (3.3 %) after 209 sec
2026-08-24 20:48:04,130 [INFO] [1L/1398](swap: 12, u: 0 | c_u: 0 | t_u_l: 21/942 | t_u_r: 41/943 | t_u: 62/1885) -> {'max_bond': 32, 'max_links': 4, 'total_elems': 7656, 'total_shapes': 740, 'total_links': 222, 'num_tensors': 56}
2026-08-24 20:48:04,209 [INFO] [1R/1482](swap: 11, u: 0 | c_u: 0 | t_u_l: 21/942 | t_u_r: 41/943 | t_u: 62/1885) -> {'max_bond': 32, 'max_links': 4, 'total_elems': 11152, 'total_shapes': 868, 'total_links': 222, 'num_tensors': 56}
2026-08-24 20:48:04,290 [INFO] [2L/1398](swap: 13, u: 0 | c_u: 0 | t_u_l: 21/942 | t_u_r: 41/943 | t_u: 62/1885) -> {'max_bond': 32, 'max_links': 4, 'total_elems': 15124, 'total_shapes': 1006, 'total_links': 222, 'num_tensors': 56}
2026-08-24 20:48:04,374 [INFO] [3L/1398](swap: 15, u: 0 | c_u: 0 | t_u_l: 21/942 | t_u_r: 41/943 | t_u: 62/1885) -> {'max_bond': 32, 'max_links': 4, 'total_elems': 20516, 'total_shapes': 1186, 'total_links': 222, 'num_tensors': 56}
2026-08-24 20:48:04,461 [INFO] [2R/1482](swap: 14, u: 0 | c_u: 0 | t_u_l: 21/942 | t_u_r: 41/943 | t_u: 62/1885) -> {'max_bond': 32, 'max_links': 4, 'total_elems': 25828, 'total_shapes': 1330, 'total_links': 222, 'num_tensors': 56}
2026-08-24 20:48:04,548 [INFO] [4L/1398](swap: 14, u: 0 | c_u: 0 | t_u_l: 21/942 | t_u_r: 41/943 | t_u: 62/1885) -> {'max_bond': 64, 'max_links': 4, 'total_elems': 44256, 'total_shapes': 1636, 'total_links': 222, 'num_tensors': 56}
2026-08-24 20:48:04,664 [INFO] [3R/1482](swap: 14, u: 0 | c_u: 0 | t_u_l: 21/942 | t_u_r: 41/943 | t_u: 62/1885) -> {'max_bond': 64, 'max_links': 4, 'total_elems': 83552, 'total_shapes': 2168, 'total_links': 222, 'num_tensors': 56}
2026-08-24 20:48:04,844 [INFO] [4R/1482](swap: 12, u: 1 | c_u: 1 | t_u_l: 21/942 | t_u_r: 42/943 | t_u: 63/1885) -> {'max_bond': 64, 'max_links': 4, 'total_elems': 156448, 'total_shapes': 2640, 'total_links': 222, 'num_tensors': 56}
2026-08-24 20:48:05,115 [INFO] [5R/1482](swap: 11, u: 1 | c_u: 2 | t_u_l: 21/942 | t_u_r: 43/943 | t_u: 64/1885) -> {'max_bond': 128, 'max_links': 4, 'total_elems': 219296, 'total_shapes': 3032, 'total_links': 222, 'num_tensors': 56}
2026-08-24 20:48:05,478 [INFO] [6R/1482](swap: 8, u: 0 | c_u: 2 | t_u_l: 21/942 | t_u_r: 43/943 | t_u: 64/1885) -> {'max_bond': 256, 'max_links': 4, 'total_elems': 380704, 'total_shapes': 3576, 'total_links': 222, 'num_tensors': 56}
2026-08-24 20:48:06,035 [INFO] [7R/1482](swap: 6, u: 1 | c_u: 3 | t_u_l: 21/942 | t_u_r: 44/943 | t_u: 65/1885) -> {'max_bond': 256, 'max_links': 4, 'total_elems': 386272, 'total_shapes': 3632, 'total_links': 222, 'num_tensors': 56}
2026-08-24 20:48:06,584 [INFO] [8R/1482](swap: 7, u: 0 | c_u: 3 | t_u_l: 21/942 | t_u_r: 44/943 | t_u: 65/1885) -> {'max_bond': 256, 'max_links': 4, 'total_elems': 417184, 'total_shapes': 3880, 'total_links': 222, 'num_tensors': 56}
2026-08-24 20:48:07,177 [INFO] [9R/1482](swap: 5, u: 1 | c_u: 4 | t_u_l: 21/942 | t_u_r: 45/943 | t_u: 66/1885) -> {'max_bond': 256, 'max_links': 4, 'total_elems': 560544, 'total_shapes': 4584, 'total_links': 222, 'num_tensors': 56}
2026-08-24 20:48:07,988 [INFO] [10R/1482](swap: 5, u: 0 | c_u: 4 | t_u_l: 21/942 | t_u_r: 45/943 | t_u: 66/1885) -> {'max_bond': 256, 'max_links': 4, 'total_elems': 852896, 'total_shapes': 5216, 'total_links': 222, 'num_tensors': 56}
2026-08-24 20:48:09,067 [INFO]     [start unswap] -> {'max_bond': 256, 'max_links': 4, 'total_elems': 852896, 'total_shapes': 5216, 'total_links': 222, 'num_tensors': 56}
2026-08-24 20:48:17,807 [INFO]     [0 | both | 0](candidate_pairs: 28/28 | new_swaps: 4 | total: 4) -> {'max_bond': 256, 'max_links': 4, 'total_elems': 1038496, 'total_shapes': 6024, 'total_links': 222, 'num_tensors': 56}
2026-08-24 20:48:20,269 [INFO]     [0 | both | 1](candidate_pairs: 27/27 | new_swaps: 12 | total: 16) -> {'max_bond': 256, 'max_links': 4, 'total_elems': 637984, 'total_shapes': 4364, 'total_links': 222, 'num_tensors': 56}
2026-08-24 20:48:21,343 [INFO]     [0 | left | 0](candidate_pairs: 28/28 | new_swaps: 10 | total: 26) -> {'max_bond': 256, 'max_links': 4, 'total_elems': 581852, 'total_shapes': 3970, 'total_links': 222, 'num_tensors': 56}
2026-08-24 20:48:22,178 [INFO]     [0 | left | 1](candidate_pairs: 27/27 | new_swaps: 10 | total: 36) -> {'max_bond': 256, 'max_links': 4, 'total_elems': 268220, 'total_shapes': 3134, 'total_links': 222, 'num_tensors': 56}
2026-08-24 20:48:22,530 [INFO]     [0 | right | 0](candidate_pairs: 28/28 | new_swaps: 9 | total: 45) -> {'max_bond': 64, 'max_links': 4, 'total_elems': 140452, 'total_shapes': 2412, 'total_links': 222, 'num_tensors': 56}
2026-08-24 20:48:22,778 [INFO]     [0 | right | 1](candidate_pairs: 27/27 | new_swaps: 9 | total: 54) -> {'max_bond': 64, 'max_links': 4, 'total_elems': 112940, 'total_shapes': 2162, 'total_links': 222, 'num_tensors': 56}
2026-08-24 20:48:23,124 [INFO]     [1 | both | 0](candidate_pairs: 28/28 | new_swaps: 10 | total: 10) -> {'max_bond': 64, 'max_links': 4, 'total_elems': 50028, 'total_shapes': 1630, 'total_links': 222, 'num_tensors': 56}
2026-08-24 20:48:23,317 [INFO]     [1 | both | 1](candidate_pairs: 27/27 | new_swaps: 7 | total: 17) -> {'max_bond': 32, 'max_links': 4, 'total_elems': 26620, 'total_shapes': 1314, 'total_links': 222, 'num_tensors': 56}
2026-08-24 20:48:23,396 [INFO]     [1 | left | 0](candidate_pairs: 28/28 | new_swaps: 2 | total: 19) -> {'max_bond': 32, 'max_links': 4, 'total_elems': 26188, 'total_shapes': 1286, 'total_links': 222, 'num_tensors': 56}
2026-08-24 20:48:23,479 [INFO]     [1 | left | 1](candidate_pairs: 27/27 | new_swaps: 2 | total: 21) -> {'max_bond': 32, 'max_links': 4, 'total_elems': 24332, 'total_shapes': 1254, 'total_links': 222, 'num_tensors': 56}
2026-08-24 20:48:23,563 [INFO]     [1 | right | 0](candidate_pairs: 28/28 | new_swaps: 6 | total: 27) -> {'max_bond': 32, 'max_links': 4, 'total_elems': 20140, 'total_shapes': 1128, 'total_links': 222, 'num_tensors': 56}
2026-08-24 20:48:23,636 [INFO]     [1 | right | 1](candidate_pairs: 27/27 | new_swaps: 3 | total: 30) -> {'max_bond': 32, 'max_links': 4, 'total_elems': 18156, 'total_shapes': 1076, 'total_links': 222, 'num_tensors': 56}
2026-08-24 20:48:23,769 [INFO]     [2 | both | 0](candidate_pairs: 28/28 | new_swaps: 2 | total: 2) -> {'max_bond': 32, 'max_links': 4, 'total_elems': 17712, 'total_shapes': 1054, 'total_links': 222, 'num_tensors': 56}
2026-08-24 20:48:23,901 [INFO]     [2 | both | 1](candidate_pairs: 27/27 | new_swaps: 3 | total: 5) -> {'max_bond': 32, 'max_links': 4, 'total_elems': 17448, 'total_shapes': 1038, 'total_links': 222, 'num_tensors': 56}
2026-08-24 20:48:23,961 [INFO]     [2 | left | 0](candidate_pairs: 28/28 | new_swaps: 1 | total: 6) -> {'max_bond': 32, 'max_links': 4, 'total_elems': 17352, 'total_shapes': 1032, 'total_links': 222, 'num_tensors': 56}
2026-08-24 20:48:24,030 [INFO]     [2 | left | 1](candidate_pairs: 27/27 | new_swaps: 2 | total: 8) -> {'max_bond': 32, 'max_links': 4, 'total_elems': 17288, 'total_shapes': 1022, 'total_links': 222, 'num_tensors': 56}
2026-08-24 20:48:24,097 [INFO]     [2 | right | 0](candidate_pairs: 28/28 | new_swaps: 2 | total: 10) -> {'max_bond': 32, 'max_links': 4, 'total_elems': 17168, 'total_shapes': 1012, 'total_links': 222, 'num_tensors': 56}
2026-08-24 20:48:24,131 [INFO]     [2 | right | 1](candidate_pairs: 27/27 | new_swaps: 0 | total: 10) -> {'max_bond': 32, 'max_links': 4, 'total_elems': 17168, 'total_shapes': 1012, 'total_links': 222, 'num_tensors': 56}
2026-08-24 20:48:24,260 [INFO]     [3 | both | 0](candidate_pairs: 28/28 | new_swaps: 2 | total: 2) -> {'max_bond': 32, 'max_links': 4, 'total_elems': 16916, 'total_shapes': 998, 'total_links': 222, 'num_tensors': 56}
2026-08-24 20:48:24,386 [INFO]     [3 | both | 1](candidate_pairs: 27/27 | new_swaps: 2 | total: 4) -> {'max_bond': 32, 'max_links': 4, 'total_elems': 16728, 'total_shapes': 984, 'total_links': 222, 'num_tensors': 56}
2026-08-24 20:48:24,420 [INFO]     [3 | left | 0](candidate_pairs: 28/28 | new_swaps: 0 | total: 4) -> {'max_bond': 32, 'max_links': 4, 'total_elems': 16728, 'total_shapes': 984, 'total_links': 222, 'num_tensors': 56}
2026-08-24 20:48:24,478 [INFO]     [3 | left | 1](candidate_pairs: 27/27 | new_swaps: 1 | total: 5) -> {'max_bond': 32, 'max_links': 4, 'total_elems': 16704, 'total_shapes': 978, 'total_links': 222, 'num_tensors': 56}
2026-08-24 20:48:24,512 [INFO]     [3 | right | 0](candidate_pairs: 28/28 | new_swaps: 0 | total: 5) -> {'max_bond': 32, 'max_links': 4, 'total_elems': 16704, 'total_shapes': 978, 'total_links': 222, 'num_tensors': 56}
2026-08-24 20:48:24,545 [INFO]     [3 | right | 1](candidate_pairs: 27/27 | new_swaps: 0 | total: 5) -> {'max_bond': 32, 'max_links': 4, 'total_elems': 16704, 'total_shapes': 978, 'total_links': 222, 'num_tensors': 56}
2026-08-24 20:48:24,661 [INFO]     [4 | both | 0](candidate_pairs: 28/28 | new_swaps: 1 | total: 1) -> {'max_bond': 32, 'max_links': 4, 'total_elems': 16664, 'total_shapes': 974, 'total_links': 222, 'num_tensors': 56}
2026-08-24 20:48:24,729 [INFO]     [4 | both | 1](candidate_pairs: 27/27 | new_swaps: 0 | total: 1) -> {'max_bond': 32, 'max_links': 4, 'total_elems': 16664, 'total_shapes': 974, 'total_links': 222, 'num_tensors': 56}
2026-08-24 20:48:24,764 [INFO]     [4 | left | 0](candidate_pairs: 28/28 | new_swaps: 0 | total: 1) -> {'max_bond': 32, 'max_links': 4, 'total_elems': 16664, 'total_shapes': 974, 'total_links': 222, 'num_tensors': 56}
2026-08-24 20:48:24,798 [INFO]     [4 | left | 1](candidate_pairs: 27/27 | new_swaps: 0 | total: 1) -> {'max_bond': 32, 'max_links': 4, 'total_elems': 16664, 'total_shapes': 974, 'total_links': 222, 'num_tensors': 56}
2026-08-24 20:48:24,832 [INFO]     [4 | right | 0](candidate_pairs: 28/28 | new_swaps: 0 | total: 1) -> {'max_bond': 32, 'max_links': 4, 'total_elems': 16664, 'total_shapes': 974, 'total_links': 222, 'num_tensors': 56}
2026-08-24 20:48:24,899 [INFO]     [4 | right | 1](candidate_pairs: 27/27 | new_swaps: 1 | total: 2) -> {'max_bond': 32, 'max_links': 4, 'total_elems': 16616, 'total_shapes': 968, 'total_links': 222, 'num_tensors': 56}
2026-08-24 20:48:24,971 [INFO]     [5 | both | 0](candidate_pairs: 28/28 | new_swaps: 0 | total: 0) -> {'max_bond': 32, 'max_links': 4, 'total_elems': 16616, 'total_shapes': 968, 'total_links': 222, 'num_tensors': 56}
2026-08-24 20:48:25,040 [INFO]     [5 | both | 1](candidate_pairs: 27/27 | new_swaps: 0 | total: 0) -> {'max_bond': 32, 'max_links': 4, 'total_elems': 16616, 'total_shapes': 968, 'total_links': 222, 'num_tensors': 56}
2026-08-24 20:48:25,075 [INFO]     [5 | left | 0](candidate_pairs: 28/28 | new_swaps: 0 | total: 0) -> {'max_bond': 32, 'max_links': 4, 'total_elems': 16616, 'total_shapes': 968, 'total_links': 222, 'num_tensors': 56}
2026-08-24 20:48:25,109 [INFO]     [5 | left | 1](candidate_pairs: 27/27 | new_swaps: 0 | total: 0) -> {'max_bond': 32, 'max_links': 4, 'total_elems': 16616, 'total_shapes': 968, 'total_links': 222, 'num_tensors': 56}
2026-08-24 20:48:25,144 [INFO]     [5 | right | 0](candidate_pairs: 28/28 | new_swaps: 0 | total: 0) -> {'max_bond': 32, 'max_links': 4, 'total_elems': 16616, 'total_shapes': 968, 'total_links': 222, 'num_tensors': 56}
2026-08-24 20:48:25,178 [INFO]     [5 | right | 1](candidate_pairs: 27/27 | new_swaps: 0 | total: 0) -> {'max_bond': 32, 'max_links': 4, 'total_elems': 16616, 'total_shapes': 968, 'total_links': 222, 'num_tensors': 56}
2026-08-24 20:48:25,178 [INFO]     [end unswap] -> {'max_bond': 32, 'max_links': 4, 'total_elems': 16616, 'total_shapes': 968, 'total_links': 222, 'num_tensors': 56}
2026-08-24 20:48:25,179 [INFO] [start rewire](phase=post_unswap, cycle=10, side=left, layers=1396, trials=20, seed=123, parallel=False, route_candidates=1, route_score=none)
2026-08-24 20:48:27,411 [INFO] [end rewire](phase=post_unswap, cycle=10, side=left, routed_layers=1578, elapsed_s=2.23)
2026-08-24 20:48:27,411 [INFO] [start rewire](phase=post_unswap, cycle=10, side=right, layers=1474, trials=20, seed=123, parallel=False, route_candidates=1, route_score=none)
2026-08-24 20:48:29,194 [INFO] [end rewire](phase=post_unswap, cycle=10, side=right, routed_layers=1582, elapsed_s=1.78)
[Cycle 10] 66/1885 gates (3.5 %) after 234 sec
2026-08-24 20:48:29,297 [INFO] [1L/1576](swap: 10, u: 0 | c_u: 0 | t_u_l: 21/942 | t_u_r: 45/943 | t_u: 66/1885) -> {'max_bond': 32, 'max_links': 4, 'total_elems': 16616, 'total_shapes': 968, 'total_links': 222, 'num_tensors': 56}
2026-08-24 20:48:29,372 [INFO] [1R/1580](swap: 9, u: 0 | c_u: 0 | t_u_l: 21/942 | t_u_r: 45/943 | t_u: 66/1885) -> {'max_bond': 32, 'max_links': 4, 'total_elems': 18036, 'total_shapes': 1050, 'total_links': 222, 'num_tensors': 56}
2026-08-24 20:48:29,451 [INFO] [2L/1576](swap: 14, u: 0 | c_u: 0 | t_u_l: 21/942 | t_u_r: 45/943 | t_u: 66/1885) -> {'max_bond': 32, 'max_links': 4, 'total_elems': 21516, 'total_shapes': 1164, 'total_links': 222, 'num_tensors': 56}
2026-08-24 20:48:29,533 [INFO] [3L/1576](swap: 13, u: 0 | c_u: 0 | t_u_l: 21/942 | t_u_r: 45/943 | t_u: 66/1885) -> {'max_bond': 32, 'max_links': 4, 'total_elems': 31208, 'total_shapes': 1370, 'total_links': 222, 'num_tensors': 56}
2026-08-24 20:48:29,624 [INFO] [2R/1580](swap: 9, u: 0 | c_u: 0 | t_u_l: 21/942 | t_u_r: 45/943 | t_u: 66/1885) -> {'max_bond': 64, 'max_links': 4, 'total_elems': 47592, 'total_shapes': 1578, 'total_links': 222, 'num_tensors': 56}
2026-08-24 20:48:29,730 [INFO] [3R/1580](swap: 7, u: 1 | c_u: 1 | t_u_l: 21/942 | t_u_r: 46/943 | t_u: 67/1885) -> {'max_bond': 64, 'max_links': 4, 'total_elems': 65704, 'total_shapes': 1818, 'total_links': 222, 'num_tensors': 56}
2026-08-24 20:48:29,861 [INFO] [4R/1580](swap: 6, u: 0 | c_u: 1 | t_u_l: 21/942 | t_u_r: 46/943 | t_u: 67/1885) -> {'max_bond': 128, 'max_links': 4, 'total_elems': 103600, 'total_shapes': 2040, 'total_links': 222, 'num_tensors': 56}
2026-08-24 20:48:30,021 [INFO] [5R/1580](swap: 6, u: 0 | c_u: 1 | t_u_l: 21/942 | t_u_r: 46/943 | t_u: 67/1885) -> {'max_bond': 128, 'max_links': 4, 'total_elems': 134720, 'total_shapes': 2236, 'total_links': 222, 'num_tensors': 56}
2026-08-24 20:48:30,242 [INFO] [6R/1580](swap: 3, u: 0 | c_u: 1 | t_u_l: 21/942 | t_u_r: 46/943 | t_u: 67/1885) -> {'max_bond': 128, 'max_links': 4, 'total_elems': 177728, 'total_shapes': 2428, 'total_links': 222, 'num_tensors': 56}
2026-08-24 20:48:30,471 [INFO] [7R/1580](swap: 1, u: 1 | c_u: 2 | t_u_l: 21/942 | t_u_r: 47/943 | t_u: 68/1885) -> {'max_bond': 128, 'max_links': 4, 'total_elems': 226880, 'total_shapes': 2556, 'total_links': 222, 'num_tensors': 56}
2026-08-24 20:48:30,727 [INFO] [8R/1580](swap: 0, u: 1 | c_u: 3 | t_u_l: 21/942 | t_u_r: 48/943 | t_u: 69/1885) -> {'max_bond': 128, 'max_links': 4, 'total_elems': 228416, 'total_shapes': 2572, 'total_links': 222, 'num_tensors': 56}
2026-08-24 20:48:30,985 [INFO] [9R/1580](swap: 1, u: 1 | c_u: 4 | t_u_l: 21/942 | t_u_r: 49/943 | t_u: 70/1885) -> {'max_bond': 128, 'max_links': 4, 'total_elems': 227648, 'total_shapes': 2556, 'total_links': 222, 'num_tensors': 56}
2026-08-24 20:48:31,258 [INFO] [10R/1580](swap: 2, u: 0 | c_u: 4 | t_u_l: 21/942 | t_u_r: 49/943 | t_u: 70/1885) -> {'max_bond': 128, 'max_links': 4, 'total_elems': 207168, 'total_shapes': 2492, 'total_links': 222, 'num_tensors': 56}
2026-08-24 20:48:31,508 [INFO] [11R/1580](swap: 1, u: 1 | c_u: 5 | t_u_l: 21/942 | t_u_r: 50/943 | t_u: 71/1885) -> {'max_bond': 128, 'max_links': 4, 'total_elems': 163136, 'total_shapes': 2332, 'total_links': 222, 'num_tensors': 56}
2026-08-24 20:48:31,710 [INFO] [12R/1580](swap: 3, u: 0 | c_u: 5 | t_u_l: 21/942 | t_u_r: 50/943 | t_u: 71/1885) -> {'max_bond': 64, 'max_links': 4, 'total_elems': 139840, 'total_shapes': 2252, 'total_links': 222, 'num_tensors': 56}
2026-08-24 20:48:31,926 [INFO] [4L/1576](swap: 13, u: 0 | c_u: 5 | t_u_l: 21/942 | t_u_r: 50/943 | t_u: 71/1885) -> {'max_bond': 64, 'max_links': 4, 'total_elems': 176352, 'total_shapes': 2552, 'total_links': 222, 'num_tensors': 56}
2026-08-24 20:48:32,256 [INFO] [13R/1580](swap: 4, u: 0 | c_u: 5 | t_u_l: 21/942 | t_u_r: 50/943 | t_u: 71/1885) -> {'max_bond': 256, 'max_links': 4, 'total_elems': 312544, 'total_shapes': 3112, 'total_links': 222, 'num_tensors': 56}
2026-08-24 20:48:32,824 [INFO] [5L/1576](swap: 13, u: 1 | c_u: 6 | t_u_l: 22/942 | t_u_r: 50/943 | t_u: 72/1885) -> {'max_bond': 256, 'max_links': 4, 'total_elems': 421728, 'total_shapes': 3584, 'total_links': 222, 'num_tensors': 56}
2026-08-24 20:48:33,435 [INFO] [14R/1580](swap: 4, u: 0 | c_u: 6 | t_u_l: 22/942 | t_u_r: 50/943 | t_u: 72/1885) -> {'max_bond': 256, 'max_links': 4, 'total_elems': 586592, 'total_shapes': 3856, 'total_links': 222, 'num_tensors': 56}
2026-08-24 20:48:34,121 [INFO] [15R/1580](swap: 3, u: 0 | c_u: 6 | t_u_l: 22/942 | t_u_r: 50/943 | t_u: 72/1885) -> {'max_bond': 256, 'max_links': 4, 'total_elems': 683872, 'total_shapes': 4080, 'total_links': 222, 'num_tensors': 56}
2026-08-24 20:48:34,798 [INFO] [16R/1580](swap: 3, u: 0 | c_u: 6 | t_u_l: 22/942 | t_u_r: 50/943 | t_u: 72/1885) -> {'max_bond': 256, 'max_links': 4, 'total_elems': 690528, 'total_shapes': 4128, 'total_links': 222, 'num_tensors': 56}
2026-08-24 20:48:35,489 [INFO] [17R/1580](swap: 3, u: 1 | c_u: 7 | t_u_l: 22/942 | t_u_r: 51/943 | t_u: 73/1885) -> {'max_bond': 256, 'max_links': 4, 'total_elems': 683936, 'total_shapes': 4138, 'total_links': 222, 'num_tensors': 56}
2026-08-24 20:48:36,180 [INFO] [18R/1580](swap: 2, u: 1 | c_u: 8 | t_u_l: 22/942 | t_u_r: 52/943 | t_u: 74/1885) -> {'max_bond': 256, 'max_links': 4, 'total_elems': 695264, 'total_shapes': 4196, 'total_links': 222, 'num_tensors': 56}
2026-08-24 20:48:36,871 [INFO] [19R/1580](swap: 3, u: 0 | c_u: 8 | t_u_l: 22/942 | t_u_r: 52/943 | t_u: 74/1885) -> {'max_bond': 256, 'max_links': 4, 'total_elems': 699840, 'total_shapes': 4228, 'total_links': 222, 'num_tensors': 56}
2026-08-24 20:48:37,585 [INFO] [20R/1580](swap: 3, u: 1 | c_u: 9 | t_u_l: 22/942 | t_u_r: 53/943 | t_u: 75/1885) -> {'max_bond': 256, 'max_links': 4, 'total_elems': 747904, 'total_shapes': 4348, 'total_links': 222, 'num_tensors': 56}
2026-08-24 20:48:38,371 [INFO] [21R/1580](swap: 4, u: 0 | c_u: 9 | t_u_l: 22/942 | t_u_r: 53/943 | t_u: 75/1885) -> {'max_bond': 256, 'max_links': 4, 'total_elems': 850304, 'total_shapes': 4668, 'total_links': 222, 'num_tensors': 56}
2026-08-24 20:48:39,471 [INFO]     [start unswap] -> {'max_bond': 256, 'max_links': 4, 'total_elems': 850304, 'total_shapes': 4668, 'total_links': 222, 'num_tensors': 56}
2026-08-24 20:48:43,937 [INFO]     [0 | both | 0](candidate_pairs: 28/28 | new_swaps: 1 | total: 1) -> {'max_bond': 256, 'max_links': 4, 'total_elems': 939104, 'total_shapes': 5228, 'total_links': 222, 'num_tensors': 56}
2026-08-24 20:48:47,265 [INFO]     [0 | both | 1](candidate_pairs: 27/27 | new_swaps: 8 | total: 9) -> {'max_bond': 256, 'max_links': 4, 'total_elems': 702176, 'total_shapes': 4472, 'total_links': 222, 'num_tensors': 56}
2026-08-24 20:48:48,406 [INFO]     [0 | left | 0](candidate_pairs: 28/28 | new_swaps: 11 | total: 20) -> {'max_bond': 251, 'max_links': 4, 'total_elems': 506304, 'total_shapes': 3698, 'total_links': 222, 'num_tensors': 56}
2026-08-24 20:48:49,337 [INFO]     [0 | left | 1](candidate_pairs: 27/27 | new_swaps: 9 | total: 29) -> {'max_bond': 128, 'max_links': 4, 'total_elems': 298176, 'total_shapes': 2972, 'total_links': 222, 'num_tensors': 56}
2026-08-24 20:48:49,834 [INFO]     [0 | right | 0](candidate_pairs: 28/28 | new_swaps: 7 | total: 36) -> {'max_bond': 128, 'max_links': 4, 'total_elems': 243868, 'total_shapes': 2738, 'total_links': 222, 'num_tensors': 56}
2026-08-24 20:48:50,298 [INFO]     [0 | right | 1](candidate_pairs: 27/27 | new_swaps: 7 | total: 43) -> {'max_bond': 128, 'max_links': 4, 'total_elems': 204092, 'total_shapes': 2528, 'total_links': 222, 'num_tensors': 56}
2026-08-24 20:48:50,994 [INFO]     [1 | both | 0](candidate_pairs: 28/28 | new_swaps: 10 | total: 10) -> {'max_bond': 125, 'max_links': 4, 'total_elems': 168032, 'total_shapes': 2230, 'total_links': 222, 'num_tensors': 56}
2026-08-24 20:48:51,596 [INFO]     [1 | both | 1](candidate_pairs: 27/27 | new_swaps: 4 | total: 14) -> {'max_bond': 125, 'max_links': 4, 'total_elems': 148352, 'total_shapes': 2120, 'total_links': 222, 'num_tensors': 56}
2026-08-24 20:48:51,832 [INFO]     [1 | left | 0](candidate_pairs: 28/28 | new_swaps: 5 | total: 19) -> {'max_bond': 64, 'max_links': 4, 'total_elems': 112188, 'total_shapes': 1904, 'total_links': 222, 'num_tensors': 56}
2026-08-24 20:48:52,048 [INFO]     [1 | left | 1](candidate_pairs: 27/27 | new_swaps: 5 | total: 24) -> {'max_bond': 64, 'max_links': 4, 'total_elems': 91292, 'total_shapes': 1742, 'total_links': 222, 'num_tensors': 56}
2026-08-24 20:48:52,222 [INFO]     [1 | right | 0](candidate_pairs: 28/28 | new_swaps: 1 | total: 25) -> {'max_bond': 64, 'max_links': 4, 'total_elems': 80076, 'total_shapes': 1672, 'total_links': 222, 'num_tensors': 56}
2026-08-24 20:48:52,365 [INFO]     [1 | right | 1](candidate_pairs: 27/27 | new_swaps: 2 | total: 27) -> {'max_bond': 64, 'max_links': 4, 'total_elems': 69452, 'total_shapes': 1598, 'total_links': 222, 'num_tensors': 56}
2026-08-24 20:48:52,660 [INFO]     [2 | both | 0](candidate_pairs: 28/28 | new_swaps: 3 | total: 3) -> {'max_bond': 64, 'max_links': 4, 'total_elems': 56204, 'total_shapes': 1510, 'total_links': 222, 'num_tensors': 56}
2026-08-24 20:48:52,893 [INFO]     [2 | both | 1](candidate_pairs: 27/27 | new_swaps: 2 | total: 5) -> {'max_bond': 64, 'max_links': 4, 'total_elems': 40844, 'total_shapes': 1382, 'total_links': 222, 'num_tensors': 56}
2026-08-24 20:48:52,943 [INFO]     [2 | left | 0](candidate_pairs: 28/28 | new_swaps: 0 | total: 5) -> {'max_bond': 64, 'max_links': 4, 'total_elems': 40844, 'total_shapes': 1382, 'total_links': 222, 'num_tensors': 56}
2026-08-24 20:48:53,002 [INFO]     [2 | left | 1](candidate_pairs: 27/27 | new_swaps: 0 | total: 5) -> {'max_bond': 64, 'max_links': 4, 'total_elems': 40844, 'total_shapes': 1382, 'total_links': 222, 'num_tensors': 56}
2026-08-24 20:48:53,092 [INFO]     [2 | right | 0](candidate_pairs: 28/28 | new_swaps: 2 | total: 7) -> {'max_bond': 64, 'max_links': 4, 'total_elems': 38604, 'total_shapes': 1342, 'total_links': 222, 'num_tensors': 56}
2026-08-24 20:48:53,145 [INFO]     [2 | right | 1](candidate_pairs: 27/27 | new_swaps: 0 | total: 7) -> {'max_bond': 64, 'max_links': 4, 'total_elems': 38604, 'total_shapes': 1342, 'total_links': 222, 'num_tensors': 56}
2026-08-24 20:48:53,312 [INFO]     [3 | both | 0](candidate_pairs: 28/28 | new_swaps: 1 | total: 1) -> {'max_bond': 64, 'max_links': 4, 'total_elems': 35532, 'total_shapes': 1294, 'total_links': 222, 'num_tensors': 56}
2026-08-24 20:48:53,410 [INFO]     [3 | both | 1](candidate_pairs: 27/27 | new_swaps: 0 | total: 1) -> {'max_bond': 64, 'max_links': 4, 'total_elems': 35532, 'total_shapes': 1294, 'total_links': 222, 'num_tensors': 56}
2026-08-24 20:48:53,460 [INFO]     [3 | left | 0](candidate_pairs: 28/28 | new_swaps: 0 | total: 1) -> {'max_bond': 64, 'max_links': 4, 'total_elems': 35532, 'total_shapes': 1294, 'total_links': 222, 'num_tensors': 56}
2026-08-24 20:48:53,509 [INFO]     [3 | left | 1](candidate_pairs: 27/27 | new_swaps: 0 | total: 1) -> {'max_bond': 64, 'max_links': 4, 'total_elems': 35532, 'total_shapes': 1294, 'total_links': 222, 'num_tensors': 56}
2026-08-24 20:48:53,558 [INFO]     [3 | right | 0](candidate_pairs: 28/28 | new_swaps: 0 | total: 1) -> {'max_bond': 64, 'max_links': 4, 'total_elems': 35532, 'total_shapes': 1294, 'total_links': 222, 'num_tensors': 56}
2026-08-24 20:48:53,608 [INFO]     [3 | right | 1](candidate_pairs: 27/27 | new_swaps: 0 | total: 1) -> {'max_bond': 64, 'max_links': 4, 'total_elems': 35532, 'total_shapes': 1294, 'total_links': 222, 'num_tensors': 56}
2026-08-24 20:48:53,704 [INFO]     [4 | both | 0](candidate_pairs: 28/28 | new_swaps: 0 | total: 0) -> {'max_bond': 64, 'max_links': 4, 'total_elems': 35532, 'total_shapes': 1294, 'total_links': 222, 'num_tensors': 56}
2026-08-24 20:48:53,804 [INFO]     [4 | both | 1](candidate_pairs: 27/27 | new_swaps: 0 | total: 0) -> {'max_bond': 64, 'max_links': 4, 'total_elems': 35532, 'total_shapes': 1294, 'total_links': 222, 'num_tensors': 56}
2026-08-24 20:48:53,854 [INFO]     [4 | left | 0](candidate_pairs: 28/28 | new_swaps: 0 | total: 0) -> {'max_bond': 64, 'max_links': 4, 'total_elems': 35532, 'total_shapes': 1294, 'total_links': 222, 'num_tensors': 56}
2026-08-24 20:48:53,903 [INFO]     [4 | left | 1](candidate_pairs: 27/27 | new_swaps: 0 | total: 0) -> {'max_bond': 64, 'max_links': 4, 'total_elems': 35532, 'total_shapes': 1294, 'total_links': 222, 'num_tensors': 56}
2026-08-24 20:48:53,951 [INFO]     [4 | right | 0](candidate_pairs: 28/28 | new_swaps: 0 | total: 0) -> {'max_bond': 64, 'max_links': 4, 'total_elems': 35532, 'total_shapes': 1294, 'total_links': 222, 'num_tensors': 56}
2026-08-24 20:48:54,000 [INFO]     [4 | right | 1](candidate_pairs: 27/27 | new_swaps: 0 | total: 0) -> {'max_bond': 64, 'max_links': 4, 'total_elems': 35532, 'total_shapes': 1294, 'total_links': 222, 'num_tensors': 56}
2026-08-24 20:48:54,000 [INFO]     [end unswap] -> {'max_bond': 64, 'max_links': 4, 'total_elems': 35532, 'total_shapes': 1294, 'total_links': 222, 'num_tensors': 56}
2026-08-24 20:48:54,001 [INFO] [start rewire](phase=post_unswap, cycle=11, side=left, layers=1573, trials=20, seed=123, parallel=False, route_candidates=1, route_score=none)
2026-08-24 20:48:56,543 [INFO] [end rewire](phase=post_unswap, cycle=11, side=left, routed_layers=1477, elapsed_s=2.54)
2026-08-24 20:48:56,543 [INFO] [start rewire](phase=post_unswap, cycle=11, side=right, layers=1561, trials=20, seed=123, parallel=False, route_candidates=1, route_score=none)
2026-08-24 20:48:57,825 [INFO] [end rewire](phase=post_unswap, cycle=11, side=right, routed_layers=1564, elapsed_s=1.28)
[Cycle 11] 75/1885 gates (4.0 %) after 263 sec
2026-08-24 20:48:57,943 [INFO] [1L/1475](swap: 11, u: 0 | c_u: 0 | t_u_l: 22/942 | t_u_r: 53/943 | t_u: 75/1885) -> {'max_bond': 64, 'max_links': 4, 'total_elems': 35532, 'total_shapes': 1294, 'total_links': 222, 'num_tensors': 56}
2026-08-24 20:48:58,040 [INFO] [1R/1562](swap: 11, u: 1 | c_u: 1 | t_u_l: 22/942 | t_u_r: 54/943 | t_u: 76/1885) -> {'max_bond': 64, 'max_links': 4, 'total_elems': 43816, 'total_shapes': 1480, 'total_links': 222, 'num_tensors': 56}
2026-08-24 20:48:58,138 [INFO] [2R/1562](swap: 8, u: 2 | c_u: 3 | t_u_l: 22/942 | t_u_r: 56/943 | t_u: 78/1885) -> {'max_bond': 64, 'max_links': 4, 'total_elems': 55616, 'total_shapes': 1600, 'total_links': 222, 'num_tensors': 56}
2026-08-24 20:48:58,259 [INFO] [2L/1475](swap: 12, u: 0 | c_u: 3 | t_u_l: 22/942 | t_u_r: 56/943 | t_u: 78/1885) -> {'max_bond': 64, 'max_links': 4, 'total_elems': 76384, 'total_shapes': 1808, 'total_links': 222, 'num_tensors': 56}
2026-08-24 20:48:58,409 [INFO] [3R/1562](swap: 10, u: 1 | c_u: 4 | t_u_l: 22/942 | t_u_r: 57/943 | t_u: 79/1885) -> {'max_bond': 64, 'max_links': 4, 'total_elems': 94560, 'total_shapes': 2016, 'total_links': 222, 'num_tensors': 56}
2026-08-24 20:48:58,579 [INFO] [4R/1562](swap: 7, u: 0 | c_u: 4 | t_u_l: 22/942 | t_u_r: 57/943 | t_u: 79/1885) -> {'max_bond': 128, 'max_links': 4, 'total_elems': 131808, 'total_shapes': 2216, 'total_links': 222, 'num_tensors': 56}
2026-08-24 20:48:58,853 [INFO] [5R/1562](swap: 9, u: 0 | c_u: 4 | t_u_l: 22/942 | t_u_r: 57/943 | t_u: 79/1885) -> {'max_bond': 128, 'max_links': 4, 'total_elems': 186208, 'total_shapes': 2480, 'total_links': 222, 'num_tensors': 56}
2026-08-24 20:48:59,120 [INFO] [3L/1475](swap: 10, u: 1 | c_u: 5 | t_u_l: 23/942 | t_u_r: 57/943 | t_u: 80/1885) -> {'max_bond': 128, 'max_links': 4, 'total_elems': 226272, 'total_shapes': 2920, 'total_links': 222, 'num_tensors': 56}
2026-08-24 20:48:59,378 [INFO] [4L/1475](swap: 13, u: 1 | c_u: 6 | t_u_l: 24/942 | t_u_r: 57/943 | t_u: 81/1885) -> {'max_bond': 128, 'max_links': 4, 'total_elems': 270432, 'total_shapes': 3176, 'total_links': 222, 'num_tensors': 56}
2026-08-24 20:48:59,730 [INFO] [5L/1475](swap: 15, u: 0 | c_u: 6 | t_u_l: 24/942 | t_u_r: 57/943 | t_u: 81/1885) -> {'max_bond': 256, 'max_links': 4, 'total_elems': 434144, 'total_shapes': 4024, 'total_links': 222, 'num_tensors': 56}
2026-08-24 20:49:00,519 [INFO] [6R/1562](swap: 6, u: 1 | c_u: 7 | t_u_l: 24/942 | t_u_r: 58/943 | t_u: 82/1885) -> {'max_bond': 256, 'max_links': 4, 'total_elems': 786912, 'total_shapes': 4928, 'total_links': 222, 'num_tensors': 56}
2026-08-24 20:49:01,752 [INFO]     [start unswap] -> {'max_bond': 256, 'max_links': 4, 'total_elems': 786912, 'total_shapes': 4928, 'total_links': 222, 'num_tensors': 56}
2026-08-24 20:49:08,488 [INFO]     [0 | both | 0](candidate_pairs: 28/28 | new_swaps: 3 | total: 3) -> {'max_bond': 256, 'max_links': 4, 'total_elems': 1089632, 'total_shapes': 5820, 'total_links': 222, 'num_tensors': 56}
2026-08-24 20:49:12,537 [INFO]     [0 | both | 1](candidate_pairs: 27/27 | new_swaps: 3 | total: 6) -> {'max_bond': 244, 'max_links': 4, 'total_elems': 693344, 'total_shapes': 5008, 'total_links': 222, 'num_tensors': 56}
2026-08-24 20:49:13,617 [INFO]     [0 | left | 0](candidate_pairs: 28/28 | new_swaps: 5 | total: 11) -> {'max_bond': 128, 'max_links': 4, 'total_elems': 495712, 'total_shapes': 4308, 'total_links': 222, 'num_tensors': 56}
2026-08-24 20:49:14,486 [INFO]     [0 | left | 1](candidate_pairs: 27/27 | new_swaps: 15 | total: 26) -> {'max_bond': 128, 'max_links': 4, 'total_elems': 292960, 'total_shapes': 3308, 'total_links': 222, 'num_tensors': 56}
2026-08-24 20:49:14,883 [INFO]     [0 | right | 0](candidate_pairs: 28/28 | new_swaps: 6 | total: 32) -> {'max_bond': 128, 'max_links': 4, 'total_elems': 239736, 'total_shapes': 2928, 'total_links': 222, 'num_tensors': 56}
2026-08-24 20:49:15,362 [INFO]     [0 | right | 1](candidate_pairs: 27/27 | new_swaps: 8 | total: 40) -> {'max_bond': 128, 'max_links': 4, 'total_elems': 211944, 'total_shapes': 2684, 'total_links': 222, 'num_tensors': 56}
2026-08-24 20:49:16,112 [INFO]     [1 | both | 0](candidate_pairs: 28/28 | new_swaps: 15 | total: 15) -> {'max_bond': 122, 'max_links': 4, 'total_elems': 109432, 'total_shapes': 2072, 'total_links': 222, 'num_tensors': 56}
2026-08-24 20:49:16,503 [INFO]     [1 | both | 1](candidate_pairs: 27/27 | new_swaps: 11 | total: 26) -> {'max_bond': 64, 'max_links': 4, 'total_elems': 64248, 'total_shapes': 1696, 'total_links': 222, 'num_tensors': 56}
2026-08-24 20:49:16,633 [INFO]     [1 | left | 0](candidate_pairs: 28/28 | new_swaps: 7 | total: 33) -> {'max_bond': 64, 'max_links': 4, 'total_elems': 54520, 'total_shapes': 1560, 'total_links': 222, 'num_tensors': 56}
2026-08-24 20:49:16,752 [INFO]     [1 | left | 1](candidate_pairs: 27/27 | new_swaps: 7 | total: 40) -> {'max_bond': 64, 'max_links': 4, 'total_elems': 35480, 'total_shapes': 1360, 'total_links': 222, 'num_tensors': 56}
2026-08-24 20:49:16,845 [INFO]     [1 | right | 0](candidate_pairs: 28/28 | new_swaps: 5 | total: 45) -> {'max_bond': 32, 'max_links': 4, 'total_elems': 24408, 'total_shapes': 1200, 'total_links': 222, 'num_tensors': 56}
2026-08-24 20:49:16,924 [INFO]     [1 | right | 1](candidate_pairs: 27/27 | new_swaps: 3 | total: 48) -> {'max_bond': 32, 'max_links': 4, 'total_elems': 23416, 'total_shapes': 1168, 'total_links': 222, 'num_tensors': 56}
2026-08-24 20:49:17,069 [INFO]     [2 | both | 0](candidate_pairs: 28/28 | new_swaps: 4 | total: 4) -> {'max_bond': 32, 'max_links': 4, 'total_elems': 22268, 'total_shapes': 1130, 'total_links': 222, 'num_tensors': 56}
2026-08-24 20:49:17,220 [INFO]     [2 | both | 1](candidate_pairs: 27/27 | new_swaps: 3 | total: 7) -> {'max_bond': 32, 'max_links': 4, 'total_elems': 21900, 'total_shapes': 1110, 'total_links': 222, 'num_tensors': 56}
2026-08-24 20:49:17,302 [INFO]     [2 | left | 0](candidate_pairs: 28/28 | new_swaps: 4 | total: 11) -> {'max_bond': 32, 'max_links': 4, 'total_elems': 18988, 'total_shapes': 1066, 'total_links': 222, 'num_tensors': 56}
2026-08-24 20:49:17,376 [INFO]     [2 | left | 1](candidate_pairs: 27/27 | new_swaps: 3 | total: 14) -> {'max_bond': 19, 'max_links': 4, 'total_elems': 15964, 'total_shapes': 1012, 'total_links': 222, 'num_tensors': 56}
2026-08-24 20:49:17,432 [INFO]     [2 | right | 0](candidate_pairs: 28/28 | new_swaps: 1 | total: 15) -> {'max_bond': 19, 'max_links': 4, 'total_elems': 15772, 'total_shapes': 1004, 'total_links': 222, 'num_tensors': 56}
2026-08-24 20:49:17,466 [INFO]     [2 | right | 1](candidate_pairs: 27/27 | new_swaps: 0 | total: 15) -> {'max_bond': 19, 'max_links': 4, 'total_elems': 15772, 'total_shapes': 1004, 'total_links': 222, 'num_tensors': 56}
2026-08-24 20:49:17,593 [INFO]     [3 | both | 0](candidate_pairs: 28/28 | new_swaps: 3 | total: 3) -> {'max_bond': 19, 'max_links': 4, 'total_elems': 15008, 'total_shapes': 978, 'total_links': 222, 'num_tensors': 56}
2026-08-24 20:49:17,709 [INFO]     [3 | both | 1](candidate_pairs: 27/27 | new_swaps: 1 | total: 4) -> {'max_bond': 19, 'max_links': 4, 'total_elems': 14884, 'total_shapes': 972, 'total_links': 222, 'num_tensors': 56}
2026-08-24 20:49:17,744 [INFO]     [3 | left | 0](candidate_pairs: 28/28 | new_swaps: 0 | total: 4) -> {'max_bond': 19, 'max_links': 4, 'total_elems': 14884, 'total_shapes': 972, 'total_links': 222, 'num_tensors': 56}
2026-08-24 20:49:17,780 [INFO]     [3 | left | 1](candidate_pairs: 27/27 | new_swaps: 0 | total: 4) -> {'max_bond': 19, 'max_links': 4, 'total_elems': 14884, 'total_shapes': 972, 'total_links': 222, 'num_tensors': 56}
2026-08-24 20:49:17,850 [INFO]     [3 | right | 0](candidate_pairs: 28/28 | new_swaps: 2 | total: 6) -> {'max_bond': 19, 'max_links': 4, 'total_elems': 14684, 'total_shapes': 964, 'total_links': 222, 'num_tensors': 56}
2026-08-24 20:49:17,883 [INFO]     [3 | right | 1](candidate_pairs: 27/27 | new_swaps: 0 | total: 6) -> {'max_bond': 19, 'max_links': 4, 'total_elems': 14684, 'total_shapes': 964, 'total_links': 222, 'num_tensors': 56}
2026-08-24 20:49:18,001 [INFO]     [4 | both | 0](candidate_pairs: 28/28 | new_swaps: 1 | total: 1) -> {'max_bond': 19, 'max_links': 4, 'total_elems': 14672, 'total_shapes': 962, 'total_links': 222, 'num_tensors': 56}
2026-08-24 20:49:18,127 [INFO]     [4 | both | 1](candidate_pairs: 27/27 | new_swaps: 3 | total: 4) -> {'max_bond': 18, 'max_links': 4, 'total_elems': 14244, 'total_shapes': 948, 'total_links': 222, 'num_tensors': 56}
2026-08-24 20:49:18,193 [INFO]     [4 | left | 0](candidate_pairs: 28/28 | new_swaps: 1 | total: 5) -> {'max_bond': 16, 'max_links': 4, 'total_elems': 13244, 'total_shapes': 928, 'total_links': 222, 'num_tensors': 56}
2026-08-24 20:49:19,163 [INFO]     [4 | left | 1](candidate_pairs: 27/27 | new_swaps: 1 | total: 6) -> {'max_bond': 16, 'max_links': 4, 'total_elems': 13148, 'total_shapes': 926, 'total_links': 222, 'num_tensors': 56}
2026-08-24 20:49:19,200 [INFO]     [4 | right | 0](candidate_pairs: 28/28 | new_swaps: 0 | total: 6) -> {'max_bond': 16, 'max_links': 4, 'total_elems': 13148, 'total_shapes': 926, 'total_links': 222, 'num_tensors': 56}
2026-08-24 20:49:19,235 [INFO]     [4 | right | 1](candidate_pairs: 27/27 | new_swaps: 0 | total: 6) -> {'max_bond': 16, 'max_links': 4, 'total_elems': 13148, 'total_shapes': 926, 'total_links': 222, 'num_tensors': 56}
2026-08-24 20:49:19,355 [INFO]     [5 | both | 0](candidate_pairs: 28/28 | new_swaps: 1 | total: 1) -> {'max_bond': 16, 'max_links': 4, 'total_elems': 13136, 'total_shapes': 924, 'total_links': 222, 'num_tensors': 56}
2026-08-24 20:49:19,423 [INFO]     [5 | both | 1](candidate_pairs: 27/27 | new_swaps: 0 | total: 1) -> {'max_bond': 16, 'max_links': 4, 'total_elems': 13136, 'total_shapes': 924, 'total_links': 222, 'num_tensors': 56}
2026-08-24 20:49:19,459 [INFO]     [5 | left | 0](candidate_pairs: 28/28 | new_swaps: 0 | total: 1) -> {'max_bond': 16, 'max_links': 4, 'total_elems': 13136, 'total_shapes': 924, 'total_links': 222, 'num_tensors': 56}
2026-08-24 20:49:19,494 [INFO]     [5 | left | 1](candidate_pairs: 27/27 | new_swaps: 0 | total: 1) -> {'max_bond': 16, 'max_links': 4, 'total_elems': 13136, 'total_shapes': 924, 'total_links': 222, 'num_tensors': 56}
2026-08-24 20:49:19,530 [INFO]     [5 | right | 0](candidate_pairs: 28/28 | new_swaps: 0 | total: 1) -> {'max_bond': 16, 'max_links': 4, 'total_elems': 13136, 'total_shapes': 924, 'total_links': 222, 'num_tensors': 56}
2026-08-24 20:49:19,564 [INFO]     [5 | right | 1](candidate_pairs: 27/27 | new_swaps: 0 | total: 1) -> {'max_bond': 16, 'max_links': 4, 'total_elems': 13136, 'total_shapes': 924, 'total_links': 222, 'num_tensors': 56}
2026-08-24 20:49:19,638 [INFO]     [6 | both | 0](candidate_pairs: 28/28 | new_swaps: 0 | total: 0) -> {'max_bond': 16, 'max_links': 4, 'total_elems': 13136, 'total_shapes': 924, 'total_links': 222, 'num_tensors': 56}
2026-08-24 20:49:19,706 [INFO]     [6 | both | 1](candidate_pairs: 27/27 | new_swaps: 0 | total: 0) -> {'max_bond': 16, 'max_links': 4, 'total_elems': 13136, 'total_shapes': 924, 'total_links': 222, 'num_tensors': 56}
2026-08-24 20:49:19,741 [INFO]     [6 | left | 0](candidate_pairs: 28/28 | new_swaps: 0 | total: 0) -> {'max_bond': 16, 'max_links': 4, 'total_elems': 13136, 'total_shapes': 924, 'total_links': 222, 'num_tensors': 56}
2026-08-24 20:49:19,773 [INFO]     [6 | left | 1](candidate_pairs: 27/27 | new_swaps: 0 | total: 0) -> {'max_bond': 16, 'max_links': 4, 'total_elems': 13136, 'total_shapes': 924, 'total_links': 222, 'num_tensors': 56}
2026-08-24 20:49:19,806 [INFO]     [6 | right | 0](candidate_pairs: 28/28 | new_swaps: 0 | total: 0) -> {'max_bond': 16, 'max_links': 4, 'total_elems': 13136, 'total_shapes': 924, 'total_links': 222, 'num_tensors': 56}
2026-08-24 20:49:19,837 [INFO]     [6 | right | 1](candidate_pairs: 27/27 | new_swaps: 0 | total: 0) -> {'max_bond': 16, 'max_links': 4, 'total_elems': 13136, 'total_shapes': 924, 'total_links': 222, 'num_tensors': 56}
2026-08-24 20:49:19,838 [INFO]     [end unswap] -> {'max_bond': 16, 'max_links': 4, 'total_elems': 13136, 'total_shapes': 924, 'total_links': 222, 'num_tensors': 56}
2026-08-24 20:49:19,839 [INFO] [start rewire](phase=post_unswap, cycle=12, side=left, layers=1472, trials=20, seed=123, parallel=False, route_candidates=1, route_score=none)
2026-08-24 20:49:21,455 [INFO] [end rewire](phase=post_unswap, cycle=12, side=left, routed_layers=1426, elapsed_s=1.62)
2026-08-24 20:49:21,456 [INFO] [start rewire](phase=post_unswap, cycle=12, side=right, layers=1558, trials=20, seed=123, parallel=False, route_candidates=1, route_score=none)
2026-08-24 20:49:23,445 [INFO] [end rewire](phase=post_unswap, cycle=12, side=right, routed_layers=1599, elapsed_s=1.99)
[Cycle 12] 82/1885 gates (4.4 %) after 288 sec
2026-08-24 20:49:23,551 [INFO] [1L/1424](swap: 9, u: 0 | c_u: 0 | t_u_l: 24/942 | t_u_r: 58/943 | t_u: 82/1885) -> {'max_bond': 16, 'max_links': 4, 'total_elems': 13136, 'total_shapes': 924, 'total_links': 222, 'num_tensors': 56}
2026-08-24 20:49:23,625 [INFO] [2L/1424](swap: 10, u: 0 | c_u: 0 | t_u_l: 24/942 | t_u_r: 58/943 | t_u: 82/1885) -> {'max_bond': 32, 'max_links': 4, 'total_elems': 16188, 'total_shapes': 1032, 'total_links': 222, 'num_tensors': 56}
2026-08-24 20:49:23,709 [INFO] [3L/1424](swap: 12, u: 0 | c_u: 0 | t_u_l: 24/942 | t_u_r: 58/943 | t_u: 82/1885) -> {'max_bond': 32, 'max_links': 4, 'total_elems': 21584, 'total_shapes': 1172, 'total_links': 222, 'num_tensors': 56}
2026-08-24 20:49:23,794 [INFO] [4L/1424](swap: 12, u: 0 | c_u: 0 | t_u_l: 24/942 | t_u_r: 58/943 | t_u: 82/1885) -> {'max_bond': 32, 'max_links': 4, 'total_elems': 32760, 'total_shapes': 1400, 'total_links': 222, 'num_tensors': 56}
2026-08-24 20:49:23,895 [INFO] [1R/1597](swap: 12, u: 0 | c_u: 0 | t_u_l: 24/942 | t_u_r: 58/943 | t_u: 82/1885) -> {'max_bond': 64, 'max_links': 4, 'total_elems': 43008, 'total_shapes': 1588, 'total_links': 222, 'num_tensors': 56}
2026-08-24 20:49:24,004 [INFO] [2R/1597](swap: 12, u: 1 | c_u: 1 | t_u_l: 24/942 | t_u_r: 59/943 | t_u: 83/1885) -> {'max_bond': 64, 'max_links': 4, 'total_elems': 61984, 'total_shapes': 1848, 'total_links': 222, 'num_tensors': 56}
2026-08-24 20:49:24,145 [INFO] [3R/1597](swap: 10, u: 0 | c_u: 1 | t_u_l: 24/942 | t_u_r: 59/943 | t_u: 83/1885) -> {'max_bond': 64, 'max_links': 4, 'total_elems': 89376, 'total_shapes': 2064, 'total_links': 222, 'num_tensors': 56}
2026-08-24 20:49:24,320 [INFO] [4R/1597](swap: 11, u: 0 | c_u: 1 | t_u_l: 24/942 | t_u_r: 59/943 | t_u: 83/1885) -> {'max_bond': 128, 'max_links': 4, 'total_elems': 137184, 'total_shapes': 2528, 'total_links': 222, 'num_tensors': 56}
2026-08-24 20:49:24,576 [INFO] [5R/1597](swap: 9, u: 1 | c_u: 2 | t_u_l: 24/942 | t_u_r: 60/943 | t_u: 84/1885) -> {'max_bond': 128, 'max_links': 4, 'total_elems': 205408, 'total_shapes': 3040, 'total_links': 222, 'num_tensors': 56}
2026-08-24 20:49:24,927 [INFO] [6R/1597](swap: 7, u: 1 | c_u: 3 | t_u_l: 24/942 | t_u_r: 61/943 | t_u: 85/1885) -> {'max_bond': 128, 'max_links': 4, 'total_elems': 303200, 'total_shapes': 3624, 'total_links': 222, 'num_tensors': 56}
2026-08-24 20:49:25,388 [INFO] [7R/1597](swap: 7, u: 2 | c_u: 5 | t_u_l: 24/942 | t_u_r: 63/943 | t_u: 87/1885) -> {'max_bond': 128, 'max_links': 4, 'total_elems': 360480, 'total_shapes': 3968, 'total_links': 222, 'num_tensors': 56}
2026-08-24 20:49:25,947 [INFO] [8R/1597](swap: 10, u: 1 | c_u: 6 | t_u_l: 24/942 | t_u_r: 64/943 | t_u: 88/1885) -> {'max_bond': 128, 'max_links': 4, 'total_elems': 457696, 'total_shapes': 4480, 'total_links': 222, 'num_tensors': 56}
2026-08-24 20:49:26,715 [INFO] [9R/1597](swap: 8, u: 1 | c_u: 7 | t_u_l: 24/942 | t_u_r: 65/943 | t_u: 89/1885) -> {'max_bond': 128, 'max_links': 4, 'total_elems': 540640, 'total_shapes': 4832, 'total_links': 222, 'num_tensors': 56}
2026-08-24 20:49:27,578 [INFO] [10R/1597](swap: 9, u: 0 | c_u: 7 | t_u_l: 24/942 | t_u_r: 65/943 | t_u: 89/1885) -> {'max_bond': 256, 'max_links': 4, 'total_elems': 745056, 'total_shapes': 5656, 'total_links': 222, 'num_tensors': 56}
2026-08-24 20:49:28,829 [INFO]     [start unswap] -> {'max_bond': 256, 'max_links': 4, 'total_elems': 745056, 'total_shapes': 5656, 'total_links': 222, 'num_tensors': 56}
2026-08-24 20:49:38,513 [INFO]     [0 | both | 0](candidate_pairs: 28/28 | new_swaps: 4 | total: 4) -> {'max_bond': 256, 'max_links': 4, 'total_elems': 1061920, 'total_shapes': 6384, 'total_links': 222, 'num_tensors': 56}
2026-08-24 20:49:41,683 [INFO]     [0 | both | 1](candidate_pairs: 27/27 | new_swaps: 9 | total: 13) -> {'max_bond': 128, 'max_links': 4, 'total_elems': 716800, 'total_shapes': 5108, 'total_links': 222, 'num_tensors': 56}
2026-08-24 20:49:43,129 [INFO]     [0 | left | 0](candidate_pairs: 28/28 | new_swaps: 6 | total: 19) -> {'max_bond': 128, 'max_links': 4, 'total_elems': 663072, 'total_shapes': 4698, 'total_links': 222, 'num_tensors': 56}
2026-08-24 20:49:44,584 [INFO]     [0 | left | 1](candidate_pairs: 27/27 | new_swaps: 13 | total: 32) -> {'max_bond': 128, 'max_links': 4, 'total_elems': 385352, 'total_shapes': 3914, 'total_links': 222, 'num_tensors': 56}
2026-08-24 20:49:45,208 [INFO]     [0 | right | 0](candidate_pairs: 28/28 | new_swaps: 12 | total: 44) -> {'max_bond': 115, 'max_links': 4, 'total_elems': 296108, 'total_shapes': 3312, 'total_links': 222, 'num_tensors': 56}
2026-08-24 20:49:45,715 [INFO]     [0 | right | 1](candidate_pairs: 27/27 | new_swaps: 9 | total: 53) -> {'max_bond': 107, 'max_links': 4, 'total_elems': 234152, 'total_shapes': 3004, 'total_links': 222, 'num_tensors': 56}
2026-08-24 20:49:46,404 [INFO]     [1 | both | 0](candidate_pairs: 28/28 | new_swaps: 8 | total: 8) -> {'max_bond': 64, 'max_links': 4, 'total_elems': 177800, 'total_shapes': 2636, 'total_links': 222, 'num_tensors': 56}
2026-08-24 20:49:47,018 [INFO]     [1 | both | 1](candidate_pairs: 27/27 | new_swaps: 6 | total: 14) -> {'max_bond': 64, 'max_links': 4, 'total_elems': 129312, 'total_shapes': 2240, 'total_links': 222, 'num_tensors': 56}
2026-08-24 20:49:47,216 [INFO]     [1 | left | 0](candidate_pairs: 28/28 | new_swaps: 7 | total: 21) -> {'max_bond': 64, 'max_links': 4, 'total_elems': 119260, 'total_shapes': 2094, 'total_links': 222, 'num_tensors': 56}
2026-08-24 20:49:47,438 [INFO]     [1 | left | 1](candidate_pairs: 27/27 | new_swaps: 3 | total: 24) -> {'max_bond': 64, 'max_links': 4, 'total_elems': 106780, 'total_shapes': 2010, 'total_links': 222, 'num_tensors': 56}
2026-08-24 20:49:47,604 [INFO]     [1 | right | 0](candidate_pairs: 28/28 | new_swaps: 5 | total: 29) -> {'max_bond': 64, 'max_links': 4, 'total_elems': 94484, 'total_shapes': 1868, 'total_links': 222, 'num_tensors': 56}
2026-08-24 20:49:47,768 [INFO]     [1 | right | 1](candidate_pairs: 27/27 | new_swaps: 3 | total: 32) -> {'max_bond': 64, 'max_links': 4, 'total_elems': 85156, 'total_shapes': 1786, 'total_links': 222, 'num_tensors': 56}
2026-08-24 20:49:48,065 [INFO]     [2 | both | 0](candidate_pairs: 28/28 | new_swaps: 9 | total: 9) -> {'max_bond': 64, 'max_links': 4, 'total_elems': 62308, 'total_shapes': 1568, 'total_links': 222, 'num_tensors': 56}
2026-08-24 20:49:48,334 [INFO]     [2 | both | 1](candidate_pairs: 27/27 | new_swaps: 6 | total: 15) -> {'max_bond': 64, 'max_links': 4, 'total_elems': 46348, 'total_shapes': 1376, 'total_links': 222, 'num_tensors': 56}
2026-08-24 20:49:48,434 [INFO]     [2 | left | 0](candidate_pairs: 28/28 | new_swaps: 3 | total: 18) -> {'max_bond': 58, 'max_links': 4, 'total_elems': 26828, 'total_shapes': 1198, 'total_links': 222, 'num_tensors': 56}
2026-08-24 20:49:48,515 [INFO]     [2 | left | 1](candidate_pairs: 27/27 | new_swaps: 3 | total: 21) -> {'max_bond': 56, 'max_links': 4, 'total_elems': 24548, 'total_shapes': 1144, 'total_links': 222, 'num_tensors': 56}
2026-08-24 20:49:48,594 [INFO]     [2 | right | 0](candidate_pairs: 28/28 | new_swaps: 3 | total: 24) -> {'max_bond': 55, 'max_links': 4, 'total_elems': 22920, 'total_shapes': 1104, 'total_links': 222, 'num_tensors': 56}
2026-08-24 20:49:48,658 [INFO]     [2 | right | 1](candidate_pairs: 27/27 | new_swaps: 1 | total: 25) -> {'max_bond': 54, 'max_links': 4, 'total_elems': 22600, 'total_shapes': 1094, 'total_links': 222, 'num_tensors': 56}
2026-08-24 20:49:48,799 [INFO]     [3 | both | 0](candidate_pairs: 28/28 | new_swaps: 2 | total: 2) -> {'max_bond': 52, 'max_links': 4, 'total_elems': 20648, 'total_shapes': 1052, 'total_links': 222, 'num_tensors': 56}
2026-08-24 20:49:48,932 [INFO]     [3 | both | 1](candidate_pairs: 27/27 | new_swaps: 2 | total: 4) -> {'max_bond': 50, 'max_links': 4, 'total_elems': 19868, 'total_shapes': 1024, 'total_links': 222, 'num_tensors': 56}
2026-08-24 20:49:48,969 [INFO]     [3 | left | 0](candidate_pairs: 28/28 | new_swaps: 0 | total: 4) -> {'max_bond': 50, 'max_links': 4, 'total_elems': 19868, 'total_shapes': 1024, 'total_links': 222, 'num_tensors': 56}
2026-08-24 20:49:49,041 [INFO]     [3 | left | 1](candidate_pairs: 27/27 | new_swaps: 2 | total: 6) -> {'max_bond': 49, 'max_links': 4, 'total_elems': 19164, 'total_shapes': 998, 'total_links': 222, 'num_tensors': 56}
2026-08-24 20:49:49,077 [INFO]     [3 | right | 0](candidate_pairs: 28/28 | new_swaps: 0 | total: 6) -> {'max_bond': 49, 'max_links': 4, 'total_elems': 19164, 'total_shapes': 998, 'total_links': 222, 'num_tensors': 56}
2026-08-24 20:49:49,113 [INFO]     [3 | right | 1](candidate_pairs: 27/27 | new_swaps: 0 | total: 6) -> {'max_bond': 49, 'max_links': 4, 'total_elems': 19164, 'total_shapes': 998, 'total_links': 222, 'num_tensors': 56}
2026-08-24 20:49:49,247 [INFO]     [4 | both | 0](candidate_pairs: 28/28 | new_swaps: 1 | total: 1) -> {'max_bond': 48, 'max_links': 4, 'total_elems': 18996, 'total_shapes': 992, 'total_links': 222, 'num_tensors': 56}
2026-08-24 20:49:49,322 [INFO]     [4 | both | 1](candidate_pairs: 27/27 | new_swaps: 0 | total: 1) -> {'max_bond': 48, 'max_links': 4, 'total_elems': 18996, 'total_shapes': 992, 'total_links': 222, 'num_tensors': 56}
2026-08-24 20:49:49,359 [INFO]     [4 | left | 0](candidate_pairs: 28/28 | new_swaps: 0 | total: 1) -> {'max_bond': 48, 'max_links': 4, 'total_elems': 18996, 'total_shapes': 992, 'total_links': 222, 'num_tensors': 56}
2026-08-24 20:49:49,396 [INFO]     [4 | left | 1](candidate_pairs: 27/27 | new_swaps: 0 | total: 1) -> {'max_bond': 48, 'max_links': 4, 'total_elems': 18996, 'total_shapes': 992, 'total_links': 222, 'num_tensors': 56}
2026-08-24 20:49:49,433 [INFO]     [4 | right | 0](candidate_pairs: 28/28 | new_swaps: 0 | total: 1) -> {'max_bond': 48, 'max_links': 4, 'total_elems': 18996, 'total_shapes': 992, 'total_links': 222, 'num_tensors': 56}
2026-08-24 20:49:49,491 [INFO]     [4 | right | 1](candidate_pairs: 27/27 | new_swaps: 1 | total: 2) -> {'max_bond': 48, 'max_links': 4, 'total_elems': 18948, 'total_shapes': 986, 'total_links': 222, 'num_tensors': 56}
2026-08-24 20:49:49,564 [INFO]     [5 | both | 0](candidate_pairs: 28/28 | new_swaps: 0 | total: 0) -> {'max_bond': 48, 'max_links': 4, 'total_elems': 18948, 'total_shapes': 986, 'total_links': 222, 'num_tensors': 56}
2026-08-24 20:49:49,636 [INFO]     [5 | both | 1](candidate_pairs: 27/27 | new_swaps: 0 | total: 0) -> {'max_bond': 48, 'max_links': 4, 'total_elems': 18948, 'total_shapes': 986, 'total_links': 222, 'num_tensors': 56}
2026-08-24 20:49:49,672 [INFO]     [5 | left | 0](candidate_pairs: 28/28 | new_swaps: 0 | total: 0) -> {'max_bond': 48, 'max_links': 4, 'total_elems': 18948, 'total_shapes': 986, 'total_links': 222, 'num_tensors': 56}
2026-08-24 20:49:49,707 [INFO]     [5 | left | 1](candidate_pairs: 27/27 | new_swaps: 0 | total: 0) -> {'max_bond': 48, 'max_links': 4, 'total_elems': 18948, 'total_shapes': 986, 'total_links': 222, 'num_tensors': 56}
2026-08-24 20:49:49,742 [INFO]     [5 | right | 0](candidate_pairs: 28/28 | new_swaps: 0 | total: 0) -> {'max_bond': 48, 'max_links': 4, 'total_elems': 18948, 'total_shapes': 986, 'total_links': 222, 'num_tensors': 56}
2026-08-24 20:49:49,777 [INFO]     [5 | right | 1](candidate_pairs: 27/27 | new_swaps: 0 | total: 0) -> {'max_bond': 48, 'max_links': 4, 'total_elems': 18948, 'total_shapes': 986, 'total_links': 222, 'num_tensors': 56}
2026-08-24 20:49:49,778 [INFO]     [end unswap] -> {'max_bond': 48, 'max_links': 4, 'total_elems': 18948, 'total_shapes': 986, 'total_links': 222, 'num_tensors': 56}
2026-08-24 20:49:49,811 [INFO] [start rewire](phase=post_unswap, cycle=13, side=left, layers=1422, trials=20, seed=123, parallel=False, route_candidates=1, route_score=none)
2026-08-24 20:49:51,553 [INFO] [end rewire](phase=post_unswap, cycle=13, side=left, routed_layers=1499, elapsed_s=1.74)
2026-08-24 20:49:51,553 [INFO] [start rewire](phase=post_unswap, cycle=13, side=right, layers=1589, trials=20, seed=123, parallel=False, route_candidates=1, route_score=none)
2026-08-24 20:49:53,426 [INFO] [end rewire](phase=post_unswap, cycle=13, side=right, routed_layers=1538, elapsed_s=1.87)
[Cycle 13] 89/1885 gates (4.7 %) after 318 sec
2026-08-24 20:49:53,543 [INFO] [1L/1497](swap: 9, u: 0 | c_u: 0 | t_u_l: 24/942 | t_u_r: 65/943 | t_u: 89/1885) -> {'max_bond': 48, 'max_links': 4, 'total_elems': 18948, 'total_shapes': 986, 'total_links': 222, 'num_tensors': 56}
2026-08-24 20:49:53,622 [INFO] [2L/1497](swap: 9, u: 0 | c_u: 0 | t_u_l: 24/942 | t_u_r: 65/943 | t_u: 89/1885) -> {'max_bond': 48, 'max_links': 4, 'total_elems': 22056, 'total_shapes': 1096, 'total_links': 222, 'num_tensors': 56}
2026-08-24 20:49:53,709 [INFO] [1R/1536](swap: 12, u: 0 | c_u: 0 | t_u_l: 24/942 | t_u_r: 65/943 | t_u: 89/1885) -> {'max_bond': 48, 'max_links': 4, 'total_elems': 25456, 'total_shapes': 1178, 'total_links': 222, 'num_tensors': 56}
2026-08-24 20:49:53,797 [INFO] [3L/1497](swap: 9, u: 1 | c_u: 1 | t_u_l: 25/942 | t_u_r: 65/943 | t_u: 90/1885) -> {'max_bond': 52, 'max_links': 4, 'total_elems': 36984, 'total_shapes': 1352, 'total_links': 222, 'num_tensors': 56}
2026-08-24 20:49:53,899 [INFO] [4L/1497](swap: 9, u: 1 | c_u: 2 | t_u_l: 26/942 | t_u_r: 65/943 | t_u: 91/1885) -> {'max_bond': 32, 'max_links': 4, 'total_elems': 40296, 'total_shapes': 1488, 'total_links': 222, 'num_tensors': 56}
2026-08-24 20:49:54,002 [INFO] [5L/1497](swap: 11, u: 1 | c_u: 3 | t_u_l: 27/942 | t_u_r: 65/943 | t_u: 92/1885) -> {'max_bond': 32, 'max_links': 4, 'total_elems': 53016, 'total_shapes': 1700, 'total_links': 222, 'num_tensors': 56}
2026-08-24 20:49:54,124 [INFO] [6L/1497](swap: 12, u: 0 | c_u: 3 | t_u_l: 27/942 | t_u_r: 65/943 | t_u: 92/1885) -> {'max_bond': 64, 'max_links': 4, 'total_elems': 87432, 'total_shapes': 2090, 'total_links': 222, 'num_tensors': 56}
2026-08-24 20:49:54,324 [INFO] [7L/1497](swap: 10, u: 0 | c_u: 3 | t_u_l: 27/942 | t_u_r: 65/943 | t_u: 92/1885) -> {'max_bond': 64, 'max_links': 4, 'total_elems': 136920, 'total_shapes': 2568, 'total_links': 222, 'num_tensors': 56}
2026-08-24 20:49:54,571 [INFO] [8L/1497](swap: 11, u: 0 | c_u: 3 | t_u_l: 27/942 | t_u_r: 65/943 | t_u: 92/1885) -> {'max_bond': 127, 'max_links': 4, 'total_elems': 227704, 'total_shapes': 3196, 'total_links': 222, 'num_tensors': 56}
2026-08-24 20:49:54,933 [INFO] [9L/1497](swap: 14, u: 0 | c_u: 3 | t_u_l: 27/942 | t_u_r: 65/943 | t_u: 92/1885) -> {'max_bond': 128, 'max_links': 4, 'total_elems': 309924, 'total_shapes': 3732, 'total_links': 222, 'num_tensors': 56}
2026-08-24 20:49:55,487 [INFO] [10L/1497](swap: 14, u: 0 | c_u: 3 | t_u_l: 27/942 | t_u_r: 65/943 | t_u: 92/1885) -> {'max_bond': 128, 'max_links': 4, 'total_elems': 469660, 'total_shapes': 4502, 'total_links': 222, 'num_tensors': 56}
2026-08-24 20:49:56,384 [INFO] [2R/1536](swap: 13, u: 0 | c_u: 3 | t_u_l: 27/942 | t_u_r: 65/943 | t_u: 92/1885) -> {'max_bond': 256, 'max_links': 4, 'total_elems': 909948, 'total_shapes': 6008, 'total_links': 222, 'num_tensors': 56}
2026-08-24 20:49:58,784 [INFO]     [start unswap] -> {'max_bond': 256, 'max_links': 4, 'total_elems': 909948, 'total_shapes': 6008, 'total_links': 222, 'num_tensors': 56}
2026-08-24 20:50:05,557 [INFO]     [0 | both | 0](candidate_pairs: 28/28 | new_swaps: 7 | total: 7) -> {'max_bond': 256, 'max_links': 4, 'total_elems': 1108672, 'total_shapes': 6132, 'total_links': 222, 'num_tensors': 56}
2026-08-24 20:50:09,805 [INFO]     [0 | both | 1](candidate_pairs: 27/27 | new_swaps: 15 | total: 22) -> {'max_bond': 256, 'max_links': 4, 'total_elems': 530428, 'total_shapes': 4364, 'total_links': 222, 'num_tensors': 56}
2026-08-24 20:50:10,625 [INFO]     [0 | left | 0](candidate_pairs: 28/28 | new_swaps: 9 | total: 31) -> {'max_bond': 128, 'max_links': 4, 'total_elems': 298000, 'total_shapes': 3364, 'total_links': 222, 'num_tensors': 56}
2026-08-24 20:50:11,200 [INFO]     [0 | left | 1](candidate_pairs: 27/27 | new_swaps: 8 | total: 39) -> {'max_bond': 128, 'max_links': 4, 'total_elems': 175560, 'total_shapes': 2784, 'total_links': 222, 'num_tensors': 56}
2026-08-24 20:50:11,471 [INFO]     [0 | right | 0](candidate_pairs: 28/28 | new_swaps: 11 | total: 50) -> {'max_bond': 64, 'max_links': 4, 'total_elems': 118420, 'total_shapes': 2306, 'total_links': 222, 'num_tensors': 56}
2026-08-24 20:50:11,677 [INFO]     [0 | right | 1](candidate_pairs: 27/27 | new_swaps: 4 | total: 54) -> {'max_bond': 64, 'max_links': 4, 'total_elems': 109228, 'total_shapes': 2216, 'total_links': 222, 'num_tensors': 56}
2026-08-24 20:50:12,068 [INFO]     [1 | both | 0](candidate_pairs: 28/28 | new_swaps: 10 | total: 10) -> {'max_bond': 64, 'max_links': 4, 'total_elems': 87028, 'total_shapes': 1976, 'total_links': 222, 'num_tensors': 56}
2026-08-24 20:50:12,381 [INFO]     [1 | both | 1](candidate_pairs: 27/27 | new_swaps: 5 | total: 15) -> {'max_bond': 58, 'max_links': 4, 'total_elems': 77104, 'total_shapes': 1784, 'total_links': 222, 'num_tensors': 56}
2026-08-24 20:50:12,534 [INFO]     [1 | left | 0](candidate_pairs: 28/28 | new_swaps: 2 | total: 17) -> {'max_bond': 58, 'max_links': 4, 'total_elems': 73648, 'total_shapes': 1728, 'total_links': 222, 'num_tensors': 56}
2026-08-24 20:50:12,677 [INFO]     [1 | left | 1](candidate_pairs: 27/27 | new_swaps: 3 | total: 20) -> {'max_bond': 58, 'max_links': 4, 'total_elems': 70192, 'total_shapes': 1672, 'total_links': 222, 'num_tensors': 56}
2026-08-24 20:50:12,825 [INFO]     [1 | right | 0](candidate_pairs: 28/28 | new_swaps: 3 | total: 23) -> {'max_bond': 58, 'max_links': 4, 'total_elems': 69104, 'total_shapes': 1644, 'total_links': 222, 'num_tensors': 56}
2026-08-24 20:50:12,997 [INFO]     [1 | right | 1](candidate_pairs: 27/27 | new_swaps: 1 | total: 24) -> {'max_bond': 58, 'max_links': 4, 'total_elems': 69032, 'total_shapes': 1638, 'total_links': 222, 'num_tensors': 56}
2026-08-24 20:50:13,323 [INFO]     [2 | both | 0](candidate_pairs: 28/28 | new_swaps: 5 | total: 5) -> {'max_bond': 58, 'max_links': 4, 'total_elems': 65152, 'total_shapes': 1558, 'total_links': 222, 'num_tensors': 56}
2026-08-24 20:50:13,589 [INFO]     [2 | both | 1](candidate_pairs: 27/27 | new_swaps: 4 | total: 9) -> {'max_bond': 58, 'max_links': 4, 'total_elems': 64104, 'total_shapes': 1522, 'total_links': 222, 'num_tensors': 56}
2026-08-24 20:50:13,734 [INFO]     [2 | left | 0](candidate_pairs: 28/28 | new_swaps: 3 | total: 12) -> {'max_bond': 58, 'max_links': 4, 'total_elems': 59704, 'total_shapes': 1474, 'total_links': 222, 'num_tensors': 56}
2026-08-24 20:50:13,866 [INFO]     [2 | left | 1](candidate_pairs: 27/27 | new_swaps: 4 | total: 16) -> {'max_bond': 58, 'max_links': 4, 'total_elems': 56324, 'total_shapes': 1422, 'total_links': 222, 'num_tensors': 56}
2026-08-24 20:50:13,952 [INFO]     [2 | right | 0](candidate_pairs: 28/28 | new_swaps: 0 | total: 16) -> {'max_bond': 58, 'max_links': 4, 'total_elems': 56324, 'total_shapes': 1422, 'total_links': 222, 'num_tensors': 56}
2026-08-24 20:50:14,063 [INFO]     [2 | right | 1](candidate_pairs: 27/27 | new_swaps: 1 | total: 17) -> {'max_bond': 58, 'max_links': 4, 'total_elems': 54916, 'total_shapes': 1400, 'total_links': 222, 'num_tensors': 56}
2026-08-24 20:50:14,310 [INFO]     [3 | both | 0](candidate_pairs: 28/28 | new_swaps: 2 | total: 2) -> {'max_bond': 58, 'max_links': 4, 'total_elems': 51832, 'total_shapes': 1366, 'total_links': 222, 'num_tensors': 56}
2026-08-24 20:50:14,551 [INFO]     [3 | both | 1](candidate_pairs: 27/27 | new_swaps: 3 | total: 5) -> {'max_bond': 58, 'max_links': 4, 'total_elems': 48700, 'total_shapes': 1312, 'total_links': 222, 'num_tensors': 56}
2026-08-24 20:50:14,657 [INFO]     [3 | left | 0](candidate_pairs: 28/28 | new_swaps: 1 | total: 6) -> {'max_bond': 58, 'max_links': 4, 'total_elems': 47548, 'total_shapes': 1288, 'total_links': 222, 'num_tensors': 56}
2026-08-24 20:50:14,768 [INFO]     [3 | left | 1](candidate_pairs: 27/27 | new_swaps: 1 | total: 7) -> {'max_bond': 58, 'max_links': 4, 'total_elems': 46972, 'total_shapes': 1264, 'total_links': 222, 'num_tensors': 56}
2026-08-24 20:50:14,845 [INFO]     [3 | right | 0](candidate_pairs: 28/28 | new_swaps: 0 | total: 7) -> {'max_bond': 58, 'max_links': 4, 'total_elems': 46972, 'total_shapes': 1264, 'total_links': 222, 'num_tensors': 56}
2026-08-24 20:50:14,917 [INFO]     [3 | right | 1](candidate_pairs: 27/27 | new_swaps: 0 | total: 7) -> {'max_bond': 58, 'max_links': 4, 'total_elems': 46972, 'total_shapes': 1264, 'total_links': 222, 'num_tensors': 56}
2026-08-24 20:50:15,174 [INFO]     [4 | both | 0](candidate_pairs: 28/28 | new_swaps: 2 | total: 2) -> {'max_bond': 58, 'max_links': 4, 'total_elems': 46832, 'total_shapes': 1254, 'total_links': 222, 'num_tensors': 56}
2026-08-24 20:50:15,324 [INFO]     [4 | both | 1](candidate_pairs: 27/27 | new_swaps: 0 | total: 2) -> {'max_bond': 58, 'max_links': 4, 'total_elems': 46832, 'total_shapes': 1254, 'total_links': 222, 'num_tensors': 56}
2026-08-24 20:50:15,395 [INFO]     [4 | left | 0](candidate_pairs: 28/28 | new_swaps: 0 | total: 2) -> {'max_bond': 58, 'max_links': 4, 'total_elems': 46832, 'total_shapes': 1254, 'total_links': 222, 'num_tensors': 56}
2026-08-24 20:50:15,462 [INFO]     [4 | left | 1](candidate_pairs: 27/27 | new_swaps: 0 | total: 2) -> {'max_bond': 58, 'max_links': 4, 'total_elems': 46832, 'total_shapes': 1254, 'total_links': 222, 'num_tensors': 56}
2026-08-24 20:50:15,534 [INFO]     [4 | right | 0](candidate_pairs: 28/28 | new_swaps: 0 | total: 2) -> {'max_bond': 58, 'max_links': 4, 'total_elems': 46832, 'total_shapes': 1254, 'total_links': 222, 'num_tensors': 56}
2026-08-24 20:50:15,598 [INFO]     [4 | right | 1](candidate_pairs: 27/27 | new_swaps: 0 | total: 2) -> {'max_bond': 58, 'max_links': 4, 'total_elems': 46832, 'total_shapes': 1254, 'total_links': 222, 'num_tensors': 56}
2026-08-24 20:50:15,742 [INFO]     [5 | both | 0](candidate_pairs: 28/28 | new_swaps: 0 | total: 0) -> {'max_bond': 58, 'max_links': 4, 'total_elems': 46832, 'total_shapes': 1254, 'total_links': 222, 'num_tensors': 56}
2026-08-24 20:50:15,881 [INFO]     [5 | both | 1](candidate_pairs: 27/27 | new_swaps: 0 | total: 0) -> {'max_bond': 58, 'max_links': 4, 'total_elems': 46832, 'total_shapes': 1254, 'total_links': 222, 'num_tensors': 56}
2026-08-24 20:50:15,952 [INFO]     [5 | left | 0](candidate_pairs: 28/28 | new_swaps: 0 | total: 0) -> {'max_bond': 58, 'max_links': 4, 'total_elems': 46832, 'total_shapes': 1254, 'total_links': 222, 'num_tensors': 56}
2026-08-24 20:50:16,017 [INFO]     [5 | left | 1](candidate_pairs: 27/27 | new_swaps: 0 | total: 0) -> {'max_bond': 58, 'max_links': 4, 'total_elems': 46832, 'total_shapes': 1254, 'total_links': 222, 'num_tensors': 56}
2026-08-24 20:50:16,089 [INFO]     [5 | right | 0](candidate_pairs: 28/28 | new_swaps: 0 | total: 0) -> {'max_bond': 58, 'max_links': 4, 'total_elems': 46832, 'total_shapes': 1254, 'total_links': 222, 'num_tensors': 56}
2026-08-24 20:50:16,151 [INFO]     [5 | right | 1](candidate_pairs: 27/27 | new_swaps: 0 | total: 0) -> {'max_bond': 58, 'max_links': 4, 'total_elems': 46832, 'total_shapes': 1254, 'total_links': 222, 'num_tensors': 56}
2026-08-24 20:50:16,152 [INFO]     [end unswap] -> {'max_bond': 58, 'max_links': 4, 'total_elems': 46832, 'total_shapes': 1254, 'total_links': 222, 'num_tensors': 56}
2026-08-24 20:50:16,153 [INFO] [start rewire](phase=post_unswap, cycle=14, side=left, layers=1489, trials=20, seed=123, parallel=False, route_candidates=1, route_score=none)
2026-08-24 20:50:18,384 [INFO] [end rewire](phase=post_unswap, cycle=14, side=left, routed_layers=1317, elapsed_s=2.23)
2026-08-24 20:50:18,384 [INFO] [start rewire](phase=post_unswap, cycle=14, side=right, layers=1536, trials=20, seed=123, parallel=False, route_candidates=1, route_score=none)
2026-08-24 20:50:19,789 [INFO] [end rewire](phase=post_unswap, cycle=14, side=right, routed_layers=1614, elapsed_s=1.40)
[Cycle 14] 92/1885 gates (4.9 %) after 345 sec
2026-08-24 20:50:19,940 [INFO] [1L/1315](swap: 14, u: 0 | c_u: 0 | t_u_l: 27/942 | t_u_r: 65/943 | t_u: 92/1885) -> {'max_bond': 58, 'max_links': 4, 'total_elems': 46832, 'total_shapes': 1254, 'total_links': 222, 'num_tensors': 56}
2026-08-24 20:50:20,111 [INFO] [2L/1315](swap: 12, u: 0 | c_u: 0 | t_u_l: 27/942 | t_u_r: 65/943 | t_u: 92/1885) -> {'max_bond': 58, 'max_links': 4, 'total_elems': 49692, 'total_shapes': 1372, 'total_links': 222, 'num_tensors': 56}
2026-08-24 20:50:20,223 [INFO] [3L/1315](swap: 15, u: 0 | c_u: 0 | t_u_l: 27/942 | t_u_r: 65/943 | t_u: 92/1885) -> {'max_bond': 64, 'max_links': 4, 'total_elems': 62612, 'total_shapes': 1624, 'total_links': 222, 'num_tensors': 56}
2026-08-24 20:50:20,349 [INFO] [1R/1612](swap: 15, u: 0 | c_u: 0 | t_u_l: 27/942 | t_u_r: 65/943 | t_u: 92/1885) -> {'max_bond': 64, 'max_links': 4, 'total_elems': 86816, 'total_shapes': 1872, 'total_links': 222, 'num_tensors': 56}
2026-08-24 20:50:20,485 [INFO] [2R/1612](swap: 17, u: 0 | c_u: 0 | t_u_l: 27/942 | t_u_r: 65/943 | t_u: 92/1885) -> {'max_bond': 64, 'max_links': 4, 'total_elems': 123400, 'total_shapes': 2348, 'total_links': 222, 'num_tensors': 56}
2026-08-24 20:50:20,690 [INFO] [4L/1315](swap: 14, u: 0 | c_u: 0 | t_u_l: 27/942 | t_u_r: 65/943 | t_u: 92/1885) -> {'max_bond': 128, 'max_links': 4, 'total_elems': 202664, 'total_shapes': 2948, 'total_links': 222, 'num_tensors': 56}
2026-08-24 20:50:21,032 [INFO] [5L/1315](swap: 12, u: 0 | c_u: 0 | t_u_l: 27/942 | t_u_r: 65/943 | t_u: 92/1885) -> {'max_bond': 128, 'max_links': 4, 'total_elems': 302768, 'total_shapes': 3600, 'total_links': 222, 'num_tensors': 56}
2026-08-24 20:50:21,490 [INFO] [6L/1315](swap: 9, u: 0 | c_u: 0 | t_u_l: 27/942 | t_u_r: 65/943 | t_u: 92/1885) -> {'max_bond': 256, 'max_links': 4, 'total_elems': 459888, 'total_shapes': 4426, 'total_links': 222, 'num_tensors': 56}
2026-08-24 20:50:22,093 [INFO] [7L/1315](swap: 6, u: 0 | c_u: 0 | t_u_l: 27/942 | t_u_r: 65/943 | t_u: 92/1885) -> {'max_bond': 256, 'max_links': 4, 'total_elems': 576304, 'total_shapes': 5128, 'total_links': 222, 'num_tensors': 56}
2026-08-24 20:50:23,008 [INFO] [3R/1612](swap: 17, u: 0 | c_u: 0 | t_u_l: 27/942 | t_u_r: 65/943 | t_u: 92/1885) -> {'max_bond': 256, 'max_links': 4, 'total_elems': 941216, 'total_shapes': 6358, 'total_links': 222, 'num_tensors': 56}
2026-08-24 20:50:24,362 [INFO]     [start unswap] -> {'max_bond': 256, 'max_links': 4, 'total_elems': 941216, 'total_shapes': 6358, 'total_links': 222, 'num_tensors': 56}
2026-08-24 20:50:29,991 [INFO]     [0 | both | 0](candidate_pairs: 28/28 | new_swaps: 10 | total: 10) -> {'max_bond': 256, 'max_links': 4, 'total_elems': 745600, 'total_shapes': 5750, 'total_links': 222, 'num_tensors': 56}
2026-08-24 20:50:32,132 [INFO]     [0 | both | 1](candidate_pairs: 27/27 | new_swaps: 14 | total: 24) -> {'max_bond': 128, 'max_links': 4, 'total_elems': 452004, 'total_shapes': 4400, 'total_links': 222, 'num_tensors': 56}
2026-08-24 20:50:32,771 [INFO]     [0 | left | 0](candidate_pairs: 28/28 | new_swaps: 12 | total: 36) -> {'max_bond': 128, 'max_links': 4, 'total_elems': 256564, 'total_shapes': 3458, 'total_links': 222, 'num_tensors': 56}
2026-08-24 20:50:33,223 [INFO]     [0 | left | 1](candidate_pairs: 27/27 | new_swaps: 14 | total: 50) -> {'max_bond': 123, 'max_links': 4, 'total_elems': 169976, 'total_shapes': 2686, 'total_links': 222, 'num_tensors': 56}
2026-08-24 20:50:33,492 [INFO]     [0 | right | 0](candidate_pairs: 28/28 | new_swaps: 6 | total: 56) -> {'max_bond': 61, 'max_links': 4, 'total_elems': 106568, 'total_shapes': 2234, 'total_links': 222, 'num_tensors': 56}
2026-08-24 20:50:33,675 [INFO]     [0 | right | 1](candidate_pairs: 27/27 | new_swaps: 6 | total: 62) -> {'max_bond': 61, 'max_links': 4, 'total_elems': 94380, 'total_shapes': 2076, 'total_links': 222, 'num_tensors': 56}
2026-08-24 20:50:34,048 [INFO]     [1 | both | 0](candidate_pairs: 28/28 | new_swaps: 10 | total: 10) -> {'max_bond': 61, 'max_links': 4, 'total_elems': 81564, 'total_shapes': 1876, 'total_links': 222, 'num_tensors': 56}
2026-08-24 20:50:35,338 [INFO]     [1 | both | 1](candidate_pairs: 27/27 | new_swaps: 8 | total: 18) -> {'max_bond': 56, 'max_links': 4, 'total_elems': 56276, 'total_shapes': 1662, 'total_links': 222, 'num_tensors': 56}
2026-08-24 20:50:35,472 [INFO]     [1 | left | 0](candidate_pairs: 28/28 | new_swaps: 8 | total: 26) -> {'max_bond': 56, 'max_links': 4, 'total_elems': 46860, 'total_shapes': 1504, 'total_links': 222, 'num_tensors': 56}
2026-08-24 20:50:35,588 [INFO]     [1 | left | 1](candidate_pairs: 27/27 | new_swaps: 7 | total: 33) -> {'max_bond': 56, 'max_links': 4, 'total_elems': 41380, 'total_shapes': 1372, 'total_links': 222, 'num_tensors': 56}
2026-08-24 20:50:35,693 [INFO]     [1 | right | 0](candidate_pairs: 28/28 | new_swaps: 3 | total: 36) -> {'max_bond': 32, 'max_links': 4, 'total_elems': 34724, 'total_shapes': 1300, 'total_links': 222, 'num_tensors': 56}
2026-08-24 20:50:35,783 [INFO]     [1 | right | 1](candidate_pairs: 27/27 | new_swaps: 3 | total: 39) -> {'max_bond': 32, 'max_links': 4, 'total_elems': 34460, 'total_shapes': 1284, 'total_links': 222, 'num_tensors': 56}
2026-08-24 20:50:35,961 [INFO]     [2 | both | 0](candidate_pairs: 28/28 | new_swaps: 5 | total: 5) -> {'max_bond': 32, 'max_links': 4, 'total_elems': 32400, 'total_shapes': 1226, 'total_links': 222, 'num_tensors': 56}
2026-08-24 20:50:36,126 [INFO]     [2 | both | 1](candidate_pairs: 27/27 | new_swaps: 3 | total: 8) -> {'max_bond': 32, 'max_links': 4, 'total_elems': 30544, 'total_shapes': 1178, 'total_links': 222, 'num_tensors': 56}
2026-08-24 20:50:36,213 [INFO]     [2 | left | 0](candidate_pairs: 28/28 | new_swaps: 3 | total: 11) -> {'max_bond': 32, 'max_links': 4, 'total_elems': 29680, 'total_shapes': 1154, 'total_links': 222, 'num_tensors': 56}
2026-08-24 20:50:36,260 [INFO]     [2 | left | 1](candidate_pairs: 27/27 | new_swaps: 0 | total: 11) -> {'max_bond': 32, 'max_links': 4, 'total_elems': 29680, 'total_shapes': 1154, 'total_links': 222, 'num_tensors': 56}
2026-08-24 20:50:36,308 [INFO]     [2 | right | 0](candidate_pairs: 28/28 | new_swaps: 0 | total: 11) -> {'max_bond': 32, 'max_links': 4, 'total_elems': 29680, 'total_shapes': 1154, 'total_links': 222, 'num_tensors': 56}
2026-08-24 20:50:36,380 [INFO]     [2 | right | 1](candidate_pairs: 27/27 | new_swaps: 1 | total: 12) -> {'max_bond': 32, 'max_links': 4, 'total_elems': 28912, 'total_shapes': 1138, 'total_links': 222, 'num_tensors': 56}
2026-08-24 20:50:36,528 [INFO]     [3 | both | 0](candidate_pairs: 28/28 | new_swaps: 1 | total: 1) -> {'max_bond': 32, 'max_links': 4, 'total_elems': 28672, 'total_shapes': 1126, 'total_links': 222, 'num_tensors': 56}
2026-08-24 20:50:36,683 [INFO]     [3 | both | 1](candidate_pairs: 27/27 | new_swaps: 2 | total: 3) -> {'max_bond': 32, 'max_links': 4, 'total_elems': 28612, 'total_shapes': 1120, 'total_links': 222, 'num_tensors': 56}
2026-08-24 20:50:36,755 [INFO]     [3 | left | 0](candidate_pairs: 28/28 | new_swaps: 1 | total: 4) -> {'max_bond': 32, 'max_links': 4, 'total_elems': 28564, 'total_shapes': 1116, 'total_links': 222, 'num_tensors': 56}
2026-08-24 20:50:36,802 [INFO]     [3 | left | 1](candidate_pairs: 27/27 | new_swaps: 0 | total: 4) -> {'max_bond': 32, 'max_links': 4, 'total_elems': 28564, 'total_shapes': 1116, 'total_links': 222, 'num_tensors': 56}
2026-08-24 20:50:36,849 [INFO]     [3 | right | 0](candidate_pairs: 28/28 | new_swaps: 0 | total: 4) -> {'max_bond': 32, 'max_links': 4, 'total_elems': 28564, 'total_shapes': 1116, 'total_links': 222, 'num_tensors': 56}
2026-08-24 20:50:36,895 [INFO]     [3 | right | 1](candidate_pairs: 27/27 | new_swaps: 0 | total: 4) -> {'max_bond': 32, 'max_links': 4, 'total_elems': 28564, 'total_shapes': 1116, 'total_links': 222, 'num_tensors': 56}
2026-08-24 20:50:37,044 [INFO]     [4 | both | 0](candidate_pairs: 28/28 | new_swaps: 1 | total: 1) -> {'max_bond': 32, 'max_links': 4, 'total_elems': 28552, 'total_shapes': 1114, 'total_links': 222, 'num_tensors': 56}
2026-08-24 20:50:37,188 [INFO]     [4 | both | 1](candidate_pairs: 27/27 | new_swaps: 1 | total: 2) -> {'max_bond': 32, 'max_links': 4, 'total_elems': 28540, 'total_shapes': 1112, 'total_links': 222, 'num_tensors': 56}
2026-08-24 20:50:37,236 [INFO]     [4 | left | 0](candidate_pairs: 28/28 | new_swaps: 0 | total: 2) -> {'max_bond': 32, 'max_links': 4, 'total_elems': 28540, 'total_shapes': 1112, 'total_links': 222, 'num_tensors': 56}
2026-08-24 20:50:37,282 [INFO]     [4 | left | 1](candidate_pairs: 27/27 | new_swaps: 0 | total: 2) -> {'max_bond': 32, 'max_links': 4, 'total_elems': 28540, 'total_shapes': 1112, 'total_links': 222, 'num_tensors': 56}
2026-08-24 20:50:37,329 [INFO]     [4 | right | 0](candidate_pairs: 28/28 | new_swaps: 0 | total: 2) -> {'max_bond': 32, 'max_links': 4, 'total_elems': 28540, 'total_shapes': 1112, 'total_links': 222, 'num_tensors': 56}
2026-08-24 20:50:37,375 [INFO]     [4 | right | 1](candidate_pairs: 27/27 | new_swaps: 0 | total: 2) -> {'max_bond': 32, 'max_links': 4, 'total_elems': 28540, 'total_shapes': 1112, 'total_links': 222, 'num_tensors': 56}
2026-08-24 20:50:37,472 [INFO]     [5 | both | 0](candidate_pairs: 28/28 | new_swaps: 0 | total: 0) -> {'max_bond': 32, 'max_links': 4, 'total_elems': 28540, 'total_shapes': 1112, 'total_links': 222, 'num_tensors': 56}
2026-08-24 20:50:37,567 [INFO]     [5 | both | 1](candidate_pairs: 27/27 | new_swaps: 0 | total: 0) -> {'max_bond': 32, 'max_links': 4, 'total_elems': 28540, 'total_shapes': 1112, 'total_links': 222, 'num_tensors': 56}
2026-08-24 20:50:37,615 [INFO]     [5 | left | 0](candidate_pairs: 28/28 | new_swaps: 0 | total: 0) -> {'max_bond': 32, 'max_links': 4, 'total_elems': 28540, 'total_shapes': 1112, 'total_links': 222, 'num_tensors': 56}
2026-08-24 20:50:37,661 [INFO]     [5 | left | 1](candidate_pairs: 27/27 | new_swaps: 0 | total: 0) -> {'max_bond': 32, 'max_links': 4, 'total_elems': 28540, 'total_shapes': 1112, 'total_links': 222, 'num_tensors': 56}
2026-08-24 20:50:37,709 [INFO]     [5 | right | 0](candidate_pairs: 28/28 | new_swaps: 0 | total: 0) -> {'max_bond': 32, 'max_links': 4, 'total_elems': 28540, 'total_shapes': 1112, 'total_links': 222, 'num_tensors': 56}
2026-08-24 20:50:37,755 [INFO]     [5 | right | 1](candidate_pairs: 27/27 | new_swaps: 0 | total: 0) -> {'max_bond': 32, 'max_links': 4, 'total_elems': 28540, 'total_shapes': 1112, 'total_links': 222, 'num_tensors': 56}
2026-08-24 20:50:37,755 [INFO]     [end unswap] -> {'max_bond': 32, 'max_links': 4, 'total_elems': 28540, 'total_shapes': 1112, 'total_links': 222, 'num_tensors': 56}
2026-08-24 20:50:37,756 [INFO] [start rewire](phase=post_unswap, cycle=15, side=left, layers=1310, trials=20, seed=123, parallel=False, route_candidates=1, route_score=none)
2026-08-24 20:50:39,409 [INFO] [end rewire](phase=post_unswap, cycle=15, side=left, routed_layers=1466, elapsed_s=1.65)
2026-08-24 20:50:39,409 [INFO] [start rewire](phase=post_unswap, cycle=15, side=right, layers=1611, trials=20, seed=123, parallel=False, route_candidates=1, route_score=none)
2026-08-24 20:50:41,402 [INFO] [end rewire](phase=post_unswap, cycle=15, side=right, routed_layers=1624, elapsed_s=1.99)
[Cycle 15] 92/1885 gates (4.9 %) after 366 sec
2026-08-24 20:50:41,528 [INFO] [1L/1464](swap: 13, u: 0 | c_u: 0 | t_u_l: 27/942 | t_u_r: 65/943 | t_u: 92/1885) -> {'max_bond': 32, 'max_links': 4, 'total_elems': 28540, 'total_shapes': 1112, 'total_links': 222, 'num_tensors': 56}
2026-08-24 20:50:41,618 [INFO] [2L/1464](swap: 11, u: 0 | c_u: 0 | t_u_l: 27/942 | t_u_r: 65/943 | t_u: 92/1885) -> {'max_bond': 64, 'max_links': 4, 'total_elems': 40420, 'total_shapes': 1364, 'total_links': 222, 'num_tensors': 56}
2026-08-24 20:50:41,718 [INFO] [1R/1622](swap: 11, u: 0 | c_u: 0 | t_u_l: 27/942 | t_u_r: 65/943 | t_u: 92/1885) -> {'max_bond': 64, 'max_links': 4, 'total_elems': 53160, 'total_shapes': 1556, 'total_links': 222, 'num_tensors': 56}
2026-08-24 20:50:41,847 [INFO] [3L/1464](swap: 13, u: 0 | c_u: 0 | t_u_l: 27/942 | t_u_r: 65/943 | t_u: 92/1885) -> {'max_bond': 64, 'max_links': 4, 'total_elems': 68744, 'total_shapes': 1828, 'total_links': 222, 'num_tensors': 56}
2026-08-24 20:50:41,990 [INFO] [4L/1464](swap: 11, u: 1 | c_u: 1 | t_u_l: 28/942 | t_u_r: 65/943 | t_u: 93/1885) -> {'max_bond': 64, 'max_links': 4, 'total_elems': 103440, 'total_shapes': 2186, 'total_links': 222, 'num_tensors': 56}
2026-08-24 20:50:42,180 [INFO] [2R/1622](swap: 14, u: 1 | c_u: 2 | t_u_l: 28/942 | t_u_r: 66/943 | t_u: 94/1885) -> {'max_bond': 128, 'max_links': 4, 'total_elems': 170152, 'total_shapes': 2756, 'total_links': 222, 'num_tensors': 56}
2026-08-24 20:50:42,475 [INFO] [3R/1622](swap: 11, u: 0 | c_u: 2 | t_u_l: 28/942 | t_u_r: 66/943 | t_u: 94/1885) -> {'max_bond': 128, 'max_links': 4, 'total_elems': 214520, 'total_shapes': 3036, 'total_links': 222, 'num_tensors': 56}
2026-08-24 20:50:42,799 [INFO] [5L/1464](swap: 11, u: 0 | c_u: 2 | t_u_l: 28/942 | t_u_r: 66/943 | t_u: 94/1885) -> {'max_bond': 128, 'max_links': 4, 'total_elems': 329336, 'total_shapes': 3616, 'total_links': 222, 'num_tensors': 56}
2026-08-24 20:50:43,268 [INFO] [4R/1622](swap: 12, u: 1 | c_u: 3 | t_u_l: 28/942 | t_u_r: 67/943 | t_u: 95/1885) -> {'max_bond': 225, 'max_links': 4, 'total_elems': 419652, 'total_shapes': 4300, 'total_links': 222, 'num_tensors': 56}
2026-08-24 20:50:43,860 [INFO] [6L/1464](swap: 11, u: 1 | c_u: 4 | t_u_l: 29/942 | t_u_r: 67/943 | t_u: 96/1885) -> {'max_bond': 213, 'max_links': 4, 'total_elems': 578748, 'total_shapes': 5072, 'total_links': 222, 'num_tensors': 56}
2026-08-24 20:50:44,628 [INFO] [7L/1464](swap: 14, u: 0 | c_u: 4 | t_u_l: 29/942 | t_u_r: 67/943 | t_u: 96/1885) -> {'max_bond': 256, 'max_links': 4, 'total_elems': 876680, 'total_shapes': 6050, 'total_links': 222, 'num_tensors': 56}
2026-08-24 20:50:45,905 [INFO]     [start unswap] -> {'max_bond': 256, 'max_links': 4, 'total_elems': 876680, 'total_shapes': 6050, 'total_links': 222, 'num_tensors': 56}
2026-08-24 20:50:54,118 [INFO]     [0 | both | 0](candidate_pairs: 28/28 | new_swaps: 4 | total: 4) -> {'max_bond': 256, 'max_links': 4, 'total_elems': 938760, 'total_shapes': 6628, 'total_links': 222, 'num_tensors': 56}
2026-08-24 20:50:56,186 [INFO]     [0 | both | 1](candidate_pairs: 27/27 | new_swaps: 17 | total: 21) -> {'max_bond': 119, 'max_links': 4, 'total_elems': 312280, 'total_shapes': 3826, 'total_links': 222, 'num_tensors': 56}
2026-08-24 20:50:56,656 [INFO]     [0 | left | 0](candidate_pairs: 28/28 | new_swaps: 12 | total: 33) -> {'max_bond': 111, 'max_links': 4, 'total_elems': 195212, 'total_shapes': 2964, 'total_links': 222, 'num_tensors': 56}
2026-08-24 20:50:56,945 [INFO]     [0 | left | 1](candidate_pairs: 27/27 | new_swaps: 9 | total: 42) -> {'max_bond': 64, 'max_links': 4, 'total_elems': 155148, 'total_shapes': 2622, 'total_links': 222, 'num_tensors': 56}
2026-08-24 20:50:57,175 [INFO]     [0 | right | 0](candidate_pairs: 28/28 | new_swaps: 6 | total: 48) -> {'max_bond': 64, 'max_links': 4, 'total_elems': 137940, 'total_shapes': 2458, 'total_links': 222, 'num_tensors': 56}
2026-08-24 20:50:57,405 [INFO]     [0 | right | 1](candidate_pairs: 27/27 | new_swaps: 8 | total: 56) -> {'max_bond': 64, 'max_links': 4, 'total_elems': 119260, 'total_shapes': 2278, 'total_links': 222, 'num_tensors': 56}
2026-08-24 20:50:57,772 [INFO]     [1 | both | 0](candidate_pairs: 28/28 | new_swaps: 12 | total: 12) -> {'max_bond': 64, 'max_links': 4, 'total_elems': 71452, 'total_shapes': 1840, 'total_links': 222, 'num_tensors': 56}
2026-08-24 20:50:58,011 [INFO]     [1 | both | 1](candidate_pairs: 27/27 | new_swaps: 8 | total: 20) -> {'max_bond': 59, 'max_links': 4, 'total_elems': 55932, 'total_shapes': 1584, 'total_links': 222, 'num_tensors': 56}
2026-08-24 20:50:58,131 [INFO]     [1 | left | 0](candidate_pairs: 28/28 | new_swaps: 5 | total: 25) -> {'max_bond': 59, 'max_links': 4, 'total_elems': 53460, 'total_shapes': 1514, 'total_links': 222, 'num_tensors': 56}
2026-08-24 20:50:58,244 [INFO]     [1 | left | 1](candidate_pairs: 27/27 | new_swaps: 7 | total: 32) -> {'max_bond': 59, 'max_links': 4, 'total_elems': 50432, 'total_shapes': 1438, 'total_links': 222, 'num_tensors': 56}
2026-08-24 20:50:58,366 [INFO]     [1 | right | 0](candidate_pairs: 28/28 | new_swaps: 3 | total: 35) -> {'max_bond': 59, 'max_links': 4, 'total_elems': 44868, 'total_shapes': 1384, 'total_links': 222, 'num_tensors': 56}
2026-08-24 20:50:58,468 [INFO]     [1 | right | 1](candidate_pairs: 27/27 | new_swaps: 3 | total: 38) -> {'max_bond': 34, 'max_links': 4, 'total_elems': 37840, 'total_shapes': 1308, 'total_links': 222, 'num_tensors': 56}
2026-08-24 20:50:58,655 [INFO]     [2 | both | 0](candidate_pairs: 28/28 | new_swaps: 4 | total: 4) -> {'max_bond': 32, 'max_links': 4, 'total_elems': 35436, 'total_shapes': 1254, 'total_links': 222, 'num_tensors': 56}
2026-08-24 20:50:58,827 [INFO]     [2 | both | 1](candidate_pairs: 27/27 | new_swaps: 5 | total: 9) -> {'max_bond': 32, 'max_links': 4, 'total_elems': 33404, 'total_shapes': 1198, 'total_links': 222, 'num_tensors': 56}
2026-08-24 20:50:58,916 [INFO]     [2 | left | 0](candidate_pairs: 28/28 | new_swaps: 2 | total: 11) -> {'max_bond': 32, 'max_links': 4, 'total_elems': 32636, 'total_shapes': 1174, 'total_links': 222, 'num_tensors': 56}
2026-08-24 20:50:58,993 [INFO]     [2 | left | 1](candidate_pairs: 27/27 | new_swaps: 1 | total: 12) -> {'max_bond': 32, 'max_links': 4, 'total_elems': 32508, 'total_shapes': 1166, 'total_links': 222, 'num_tensors': 56}
2026-08-24 20:50:59,042 [INFO]     [2 | right | 0](candidate_pairs: 28/28 | new_swaps: 0 | total: 12) -> {'max_bond': 32, 'max_links': 4, 'total_elems': 32508, 'total_shapes': 1166, 'total_links': 222, 'num_tensors': 56}
2026-08-24 20:50:59,092 [INFO]     [2 | right | 1](candidate_pairs: 27/27 | new_swaps: 0 | total: 12) -> {'max_bond': 32, 'max_links': 4, 'total_elems': 32508, 'total_shapes': 1166, 'total_links': 222, 'num_tensors': 56}
2026-08-24 20:50:59,250 [INFO]     [3 | both | 0](candidate_pairs: 28/28 | new_swaps: 1 | total: 1) -> {'max_bond': 32, 'max_links': 4, 'total_elems': 32496, 'total_shapes': 1164, 'total_links': 222, 'num_tensors': 56}
2026-08-24 20:50:59,352 [INFO]     [3 | both | 1](candidate_pairs: 27/27 | new_swaps: 0 | total: 1) -> {'max_bond': 32, 'max_links': 4, 'total_elems': 32496, 'total_shapes': 1164, 'total_links': 222, 'num_tensors': 56}
2026-08-24 20:50:59,428 [INFO]     [3 | left | 0](candidate_pairs: 28/28 | new_swaps: 1 | total: 2) -> {'max_bond': 32, 'max_links': 4, 'total_elems': 32448, 'total_shapes': 1160, 'total_links': 222, 'num_tensors': 56}
2026-08-24 20:50:59,478 [INFO]     [3 | left | 1](candidate_pairs: 27/27 | new_swaps: 0 | total: 2) -> {'max_bond': 32, 'max_links': 4, 'total_elems': 32448, 'total_shapes': 1160, 'total_links': 222, 'num_tensors': 56}
2026-08-24 20:50:59,526 [INFO]     [3 | right | 0](candidate_pairs: 28/28 | new_swaps: 0 | total: 2) -> {'max_bond': 32, 'max_links': 4, 'total_elems': 32448, 'total_shapes': 1160, 'total_links': 222, 'num_tensors': 56}
2026-08-24 20:50:59,577 [INFO]     [3 | right | 1](candidate_pairs: 27/27 | new_swaps: 0 | total: 2) -> {'max_bond': 32, 'max_links': 4, 'total_elems': 32448, 'total_shapes': 1160, 'total_links': 222, 'num_tensors': 56}
2026-08-24 20:50:59,684 [INFO]     [4 | both | 0](candidate_pairs: 28/28 | new_swaps: 0 | total: 0) -> {'max_bond': 32, 'max_links': 4, 'total_elems': 32448, 'total_shapes': 1160, 'total_links': 222, 'num_tensors': 56}
2026-08-24 20:50:59,837 [INFO]     [4 | both | 1](candidate_pairs: 27/27 | new_swaps: 1 | total: 1) -> {'max_bond': 32, 'max_links': 4, 'total_elems': 32436, 'total_shapes': 1158, 'total_links': 222, 'num_tensors': 56}
2026-08-24 20:50:59,887 [INFO]     [4 | left | 0](candidate_pairs: 28/28 | new_swaps: 0 | total: 1) -> {'max_bond': 32, 'max_links': 4, 'total_elems': 32436, 'total_shapes': 1158, 'total_links': 222, 'num_tensors': 56}
2026-08-24 20:50:59,937 [INFO]     [4 | left | 1](candidate_pairs: 27/27 | new_swaps: 0 | total: 1) -> {'max_bond': 32, 'max_links': 4, 'total_elems': 32436, 'total_shapes': 1158, 'total_links': 222, 'num_tensors': 56}
2026-08-24 20:50:59,986 [INFO]     [4 | right | 0](candidate_pairs: 28/28 | new_swaps: 0 | total: 1) -> {'max_bond': 32, 'max_links': 4, 'total_elems': 32436, 'total_shapes': 1158, 'total_links': 222, 'num_tensors': 56}
2026-08-24 20:51:00,036 [INFO]     [4 | right | 1](candidate_pairs: 27/27 | new_swaps: 0 | total: 1) -> {'max_bond': 32, 'max_links': 4, 'total_elems': 32436, 'total_shapes': 1158, 'total_links': 222, 'num_tensors': 56}
2026-08-24 20:51:00,143 [INFO]     [5 | both | 0](candidate_pairs: 28/28 | new_swaps: 0 | total: 0) -> {'max_bond': 32, 'max_links': 4, 'total_elems': 32436, 'total_shapes': 1158, 'total_links': 222, 'num_tensors': 56}
2026-08-24 20:51:00,245 [INFO]     [5 | both | 1](candidate_pairs: 27/27 | new_swaps: 0 | total: 0) -> {'max_bond': 32, 'max_links': 4, 'total_elems': 32436, 'total_shapes': 1158, 'total_links': 222, 'num_tensors': 56}
2026-08-24 20:51:00,295 [INFO]     [5 | left | 0](candidate_pairs: 28/28 | new_swaps: 0 | total: 0) -> {'max_bond': 32, 'max_links': 4, 'total_elems': 32436, 'total_shapes': 1158, 'total_links': 222, 'num_tensors': 56}
2026-08-24 20:51:00,346 [INFO]     [5 | left | 1](candidate_pairs: 27/27 | new_swaps: 0 | total: 0) -> {'max_bond': 32, 'max_links': 4, 'total_elems': 32436, 'total_shapes': 1158, 'total_links': 222, 'num_tensors': 56}
2026-08-24 20:51:00,394 [INFO]     [5 | right | 0](candidate_pairs: 28/28 | new_swaps: 0 | total: 0) -> {'max_bond': 32, 'max_links': 4, 'total_elems': 32436, 'total_shapes': 1158, 'total_links': 222, 'num_tensors': 56}
2026-08-24 20:51:00,445 [INFO]     [5 | right | 1](candidate_pairs: 27/27 | new_swaps: 0 | total: 0) -> {'max_bond': 32, 'max_links': 4, 'total_elems': 32436, 'total_shapes': 1158, 'total_links': 222, 'num_tensors': 56}
2026-08-24 20:51:00,445 [INFO]     [end unswap] -> {'max_bond': 32, 'max_links': 4, 'total_elems': 32436, 'total_shapes': 1158, 'total_links': 222, 'num_tensors': 56}
2026-08-24 20:51:00,484 [INFO] [start rewire](phase=post_unswap, cycle=16, side=left, layers=1459, trials=20, seed=123, parallel=False, route_candidates=1, route_score=none)
2026-08-24 20:51:02,141 [INFO] [end rewire](phase=post_unswap, cycle=16, side=left, routed_layers=1349, elapsed_s=1.66)
2026-08-24 20:51:02,141 [INFO] [start rewire](phase=post_unswap, cycle=16, side=right, layers=1620, trials=20, seed=123, parallel=False, route_candidates=1, route_score=none)
2026-08-24 20:51:04,102 [INFO] [end rewire](phase=post_unswap, cycle=16, side=right, routed_layers=1637, elapsed_s=1.96)
[Cycle 16] 96/1885 gates (5.1 %) after 389 sec
2026-08-24 20:51:04,225 [INFO] [1L/1347](swap: 12, u: 0 | c_u: 0 | t_u_l: 29/942 | t_u_r: 67/943 | t_u: 96/1885) -> {'max_bond': 32, 'max_links': 4, 'total_elems': 32436, 'total_shapes': 1158, 'total_links': 222, 'num_tensors': 56}
2026-08-24 20:51:04,318 [INFO] [1R/1635](swap: 11, u: 0 | c_u: 0 | t_u_l: 29/942 | t_u_r: 67/943 | t_u: 96/1885) -> {'max_bond': 59, 'max_links': 4, 'total_elems': 42616, 'total_shapes': 1386, 'total_links': 222, 'num_tensors': 56}
2026-08-24 20:51:04,438 [INFO] [2R/1635](swap: 11, u: 0 | c_u: 0 | t_u_l: 29/942 | t_u_r: 67/943 | t_u: 96/1885) -> {'max_bond': 64, 'max_links': 4, 'total_elems': 73688, 'total_shapes': 1666, 'total_links': 222, 'num_tensors': 56}
2026-08-24 20:51:04,563 [INFO] [2L/1347](swap: 13, u: 0 | c_u: 0 | t_u_l: 29/942 | t_u_r: 67/943 | t_u: 96/1885) -> {'max_bond': 64, 'max_links': 4, 'total_elems': 89580, 'total_shapes': 1904, 'total_links': 222, 'num_tensors': 56}
2026-08-24 20:51:04,707 [INFO] [3L/1347](swap: 11, u: 1 | c_u: 1 | t_u_l: 30/942 | t_u_r: 67/943 | t_u: 97/1885) -> {'max_bond': 64, 'max_links': 4, 'total_elems': 123048, 'total_shapes': 2228, 'total_links': 222, 'num_tensors': 56}
2026-08-24 20:51:04,891 [INFO] [3R/1635](swap: 10, u: 0 | c_u: 1 | t_u_l: 30/942 | t_u_r: 67/943 | t_u: 97/1885) -> {'max_bond': 77, 'max_links': 4, 'total_elems': 174216, 'total_shapes': 2578, 'total_links': 222, 'num_tensors': 56}
2026-08-24 20:51:05,135 [INFO] [4R/1635](swap: 10, u: 0 | c_u: 1 | t_u_l: 30/942 | t_u_r: 67/943 | t_u: 97/1885) -> {'max_bond': 128, 'max_links': 4, 'total_elems': 245888, 'total_shapes': 3012, 'total_links': 222, 'num_tensors': 56}
2026-08-24 20:51:05,441 [INFO] [5R/1635](swap: 8, u: 1 | c_u: 2 | t_u_l: 30/942 | t_u_r: 68/943 | t_u: 98/1885) -> {'max_bond': 128, 'max_links': 4, 'total_elems': 271944, 'total_shapes': 3258, 'total_links': 222, 'num_tensors': 56}
2026-08-24 20:51:05,786 [INFO] [6R/1635](swap: 9, u: 0 | c_u: 2 | t_u_l: 30/942 | t_u_r: 68/943 | t_u: 98/1885) -> {'max_bond': 255, 'max_links': 4, 'total_elems': 393868, 'total_shapes': 3888, 'total_links': 222, 'num_tensors': 56}
2026-08-24 20:51:06,321 [INFO] [4L/1347](swap: 10, u: 1 | c_u: 3 | t_u_l: 31/942 | t_u_r: 68/943 | t_u: 99/1885) -> {'max_bond': 254, 'max_links': 4, 'total_elems': 612068, 'total_shapes': 4702, 'total_links': 222, 'num_tensors': 56}
2026-08-24 20:51:07,064 [INFO] [7R/1635](swap: 10, u: 0 | c_u: 3 | t_u_l: 31/942 | t_u_r: 68/943 | t_u: 99/1885) -> {'max_bond': 253, 'max_links': 4, 'total_elems': 856024, 'total_shapes': 5298, 'total_links': 222, 'num_tensors': 56}
2026-08-24 20:51:07,977 [INFO]     [start unswap] -> {'max_bond': 253, 'max_links': 4, 'total_elems': 856024, 'total_shapes': 5298, 'total_links': 222, 'num_tensors': 56}
2026-08-24 20:51:14,662 [INFO]     [0 | both | 0](candidate_pairs: 28/28 | new_swaps: 5 | total: 5) -> {'max_bond': 372, 'max_links': 4, 'total_elems': 1192560, 'total_shapes': 6270, 'total_links': 222, 'num_tensors': 56}
2026-08-24 20:51:18,245 [INFO]     [0 | both | 1](candidate_pairs: 27/27 | new_swaps: 13 | total: 18) -> {'max_bond': 128, 'max_links': 4, 'total_elems': 531464, 'total_shapes': 4386, 'total_links': 222, 'num_tensors': 56}
2026-08-24 20:51:18,971 [INFO]     [0 | left | 0](candidate_pairs: 28/28 | new_swaps: 12 | total: 30) -> {'max_bond': 128, 'max_links': 4, 'total_elems': 400680, 'total_shapes': 3654, 'total_links': 222, 'num_tensors': 56}
2026-08-24 20:51:19,777 [INFO]     [0 | left | 1](candidate_pairs: 27/27 | new_swaps: 13 | total: 43) -> {'max_bond': 128, 'max_links': 4, 'total_elems': 264272, 'total_shapes': 3064, 'total_links': 222, 'num_tensors': 56}
2026-08-24 20:51:20,141 [INFO]     [0 | right | 0](candidate_pairs: 28/28 | new_swaps: 8 | total: 51) -> {'max_bond': 67, 'max_links': 4, 'total_elems': 171416, 'total_shapes': 2498, 'total_links': 222, 'num_tensors': 56}
2026-08-24 20:51:20,453 [INFO]     [0 | right | 1](candidate_pairs: 27/27 | new_swaps: 10 | total: 61) -> {'max_bond': 65, 'max_links': 4, 'total_elems': 119736, 'total_shapes': 2182, 'total_links': 222, 'num_tensors': 56}
2026-08-24 20:51:20,829 [INFO]     [1 | both | 0](candidate_pairs: 28/28 | new_swaps: 11 | total: 11) -> {'max_bond': 64, 'max_links': 4, 'total_elems': 86644, 'total_shapes': 1852, 'total_links': 222, 'num_tensors': 56}
2026-08-24 20:51:21,158 [INFO]     [1 | both | 1](candidate_pairs: 27/27 | new_swaps: 7 | total: 18) -> {'max_bond': 64, 'max_links': 4, 'total_elems': 64096, 'total_shapes': 1644, 'total_links': 222, 'num_tensors': 56}
2026-08-24 20:51:21,283 [INFO]     [1 | left | 0](candidate_pairs: 28/28 | new_swaps: 6 | total: 24) -> {'max_bond': 32, 'max_links': 4, 'total_elems': 42916, 'total_shapes': 1430, 'total_links': 222, 'num_tensors': 56}
2026-08-24 20:51:21,393 [INFO]     [1 | left | 1](candidate_pairs: 27/27 | new_swaps: 5 | total: 29) -> {'max_bond': 32, 'max_links': 4, 'total_elems': 35356, 'total_shapes': 1348, 'total_links': 222, 'num_tensors': 56}
2026-08-24 20:51:21,485 [INFO]     [1 | right | 0](candidate_pairs: 28/28 | new_swaps: 6 | total: 35) -> {'max_bond': 32, 'max_links': 4, 'total_elems': 30540, 'total_shapes': 1234, 'total_links': 222, 'num_tensors': 56}
2026-08-24 20:51:21,571 [INFO]     [1 | right | 1](candidate_pairs: 27/27 | new_swaps: 3 | total: 38) -> {'max_bond': 32, 'max_links': 4, 'total_elems': 27756, 'total_shapes': 1168, 'total_links': 222, 'num_tensors': 56}
2026-08-24 20:51:21,736 [INFO]     [2 | both | 0](candidate_pairs: 28/28 | new_swaps: 6 | total: 6) -> {'max_bond': 32, 'max_links': 4, 'total_elems': 23692, 'total_shapes': 1094, 'total_links': 222, 'num_tensors': 56}
2026-08-24 20:51:21,879 [INFO]     [2 | both | 1](candidate_pairs: 27/27 | new_swaps: 4 | total: 10) -> {'max_bond': 32, 'max_links': 4, 'total_elems': 22624, 'total_shapes': 1060, 'total_links': 222, 'num_tensors': 56}
2026-08-24 20:51:21,945 [INFO]     [2 | left | 0](candidate_pairs: 28/28 | new_swaps: 1 | total: 11) -> {'max_bond': 32, 'max_links': 4, 'total_elems': 22576, 'total_shapes': 1056, 'total_links': 222, 'num_tensors': 56}
2026-08-24 20:51:22,024 [INFO]     [2 | left | 1](candidate_pairs: 27/27 | new_swaps: 2 | total: 13) -> {'max_bond': 32, 'max_links': 4, 'total_elems': 19444, 'total_shapes': 1018, 'total_links': 222, 'num_tensors': 56}
2026-08-24 20:51:22,092 [INFO]     [2 | right | 0](candidate_pairs: 28/28 | new_swaps: 1 | total: 14) -> {'max_bond': 32, 'max_links': 4, 'total_elems': 19420, 'total_shapes': 1012, 'total_links': 222, 'num_tensors': 56}
2026-08-24 20:51:22,132 [INFO]     [2 | right | 1](candidate_pairs: 27/27 | new_swaps: 0 | total: 14) -> {'max_bond': 32, 'max_links': 4, 'total_elems': 19420, 'total_shapes': 1012, 'total_links': 222, 'num_tensors': 56}
2026-08-24 20:51:22,257 [INFO]     [3 | both | 0](candidate_pairs: 28/28 | new_swaps: 2 | total: 2) -> {'max_bond': 32, 'max_links': 4, 'total_elems': 17500, 'total_shapes': 986, 'total_links': 222, 'num_tensors': 56}
2026-08-24 20:51:22,388 [INFO]     [3 | both | 1](candidate_pairs: 27/27 | new_swaps: 2 | total: 4) -> {'max_bond': 21, 'max_links': 4, 'total_elems': 14408, 'total_shapes': 940, 'total_links': 222, 'num_tensors': 56}
2026-08-24 20:51:22,455 [INFO]     [3 | left | 0](candidate_pairs: 28/28 | new_swaps: 2 | total: 6) -> {'max_bond': 20, 'max_links': 4, 'total_elems': 13828, 'total_shapes': 930, 'total_links': 222, 'num_tensors': 56}
2026-08-24 20:51:22,489 [INFO]     [3 | left | 1](candidate_pairs: 27/27 | new_swaps: 0 | total: 6) -> {'max_bond': 20, 'max_links': 4, 'total_elems': 13828, 'total_shapes': 930, 'total_links': 222, 'num_tensors': 56}
2026-08-24 20:51:22,543 [INFO]     [3 | right | 0](candidate_pairs: 28/28 | new_swaps: 1 | total: 7) -> {'max_bond': 20, 'max_links': 4, 'total_elems': 13240, 'total_shapes': 916, 'total_links': 222, 'num_tensors': 56}
2026-08-24 20:51:22,576 [INFO]     [3 | right | 1](candidate_pairs: 27/27 | new_swaps: 0 | total: 7) -> {'max_bond': 20, 'max_links': 4, 'total_elems': 13240, 'total_shapes': 916, 'total_links': 222, 'num_tensors': 56}
2026-08-24 20:51:22,694 [INFO]     [4 | both | 0](candidate_pairs: 28/28 | new_swaps: 1 | total: 1) -> {'max_bond': 20, 'max_links': 4, 'total_elems': 13048, 'total_shapes': 908, 'total_links': 222, 'num_tensors': 56}
2026-08-24 20:51:22,802 [INFO]     [4 | both | 1](candidate_pairs: 27/27 | new_swaps: 1 | total: 2) -> {'max_bond': 20, 'max_links': 4, 'total_elems': 13004, 'total_shapes': 906, 'total_links': 222, 'num_tensors': 56}
2026-08-24 20:51:22,857 [INFO]     [4 | left | 0](candidate_pairs: 28/28 | new_swaps: 1 | total: 3) -> {'max_bond': 19, 'max_links': 4, 'total_elems': 12888, 'total_shapes': 904, 'total_links': 222, 'num_tensors': 56}
2026-08-24 20:51:22,889 [INFO]     [4 | left | 1](candidate_pairs: 27/27 | new_swaps: 0 | total: 3) -> {'max_bond': 19, 'max_links': 4, 'total_elems': 12888, 'total_shapes': 904, 'total_links': 222, 'num_tensors': 56}
2026-08-24 20:51:22,920 [INFO]     [4 | right | 0](candidate_pairs: 28/28 | new_swaps: 0 | total: 3) -> {'max_bond': 19, 'max_links': 4, 'total_elems': 12888, 'total_shapes': 904, 'total_links': 222, 'num_tensors': 56}
2026-08-24 20:51:22,952 [INFO]     [4 | right | 1](candidate_pairs: 27/27 | new_swaps: 0 | total: 3) -> {'max_bond': 19, 'max_links': 4, 'total_elems': 12888, 'total_shapes': 904, 'total_links': 222, 'num_tensors': 56}
2026-08-24 20:51:23,015 [INFO]     [5 | both | 0](candidate_pairs: 28/28 | new_swaps: 0 | total: 0) -> {'max_bond': 19, 'max_links': 4, 'total_elems': 12888, 'total_shapes': 904, 'total_links': 222, 'num_tensors': 56}
2026-08-24 20:51:23,080 [INFO]     [5 | both | 1](candidate_pairs: 27/27 | new_swaps: 0 | total: 0) -> {'max_bond': 19, 'max_links': 4, 'total_elems': 12888, 'total_shapes': 904, 'total_links': 222, 'num_tensors': 56}
2026-08-24 20:51:23,111 [INFO]     [5 | left | 0](candidate_pairs: 28/28 | new_swaps: 0 | total: 0) -> {'max_bond': 19, 'max_links': 4, 'total_elems': 12888, 'total_shapes': 904, 'total_links': 222, 'num_tensors': 56}
2026-08-24 20:51:23,144 [INFO]     [5 | left | 1](candidate_pairs: 27/27 | new_swaps: 0 | total: 0) -> {'max_bond': 19, 'max_links': 4, 'total_elems': 12888, 'total_shapes': 904, 'total_links': 222, 'num_tensors': 56}
2026-08-24 20:51:23,174 [INFO]     [5 | right | 0](candidate_pairs: 28/28 | new_swaps: 0 | total: 0) -> {'max_bond': 19, 'max_links': 4, 'total_elems': 12888, 'total_shapes': 904, 'total_links': 222, 'num_tensors': 56}
2026-08-24 20:51:23,205 [INFO]     [5 | right | 1](candidate_pairs: 27/27 | new_swaps: 0 | total: 0) -> {'max_bond': 19, 'max_links': 4, 'total_elems': 12888, 'total_shapes': 904, 'total_links': 222, 'num_tensors': 56}
2026-08-24 20:51:23,206 [INFO]     [end unswap] -> {'max_bond': 19, 'max_links': 4, 'total_elems': 12888, 'total_shapes': 904, 'total_links': 222, 'num_tensors': 56}
2026-08-24 20:51:23,207 [INFO] [start rewire](phase=post_unswap, cycle=17, side=left, layers=1345, trials=20, seed=123, parallel=False, route_candidates=1, route_score=none)
2026-08-24 20:51:25,472 [INFO] [end rewire](phase=post_unswap, cycle=17, side=left, routed_layers=1584, elapsed_s=2.27)
2026-08-24 20:51:25,472 [INFO] [start rewire](phase=post_unswap, cycle=17, side=right, layers=1630, trials=20, seed=123, parallel=False, route_candidates=1, route_score=none)
2026-08-24 20:51:27,409 [INFO] [end rewire](phase=post_unswap, cycle=17, side=right, routed_layers=1568, elapsed_s=1.94)
[Cycle 17] 99/1885 gates (5.3 %) after 412 sec
2026-08-24 20:51:27,524 [INFO] [1L/1582](swap: 10, u: 0 | c_u: 0 | t_u_l: 31/942 | t_u_r: 68/943 | t_u: 99/1885) -> {'max_bond': 19, 'max_links': 4, 'total_elems': 12888, 'total_shapes': 904, 'total_links': 222, 'num_tensors': 56}
2026-08-24 20:51:27,596 [INFO] [2L/1582](swap: 9, u: 0 | c_u: 0 | t_u_l: 31/942 | t_u_r: 68/943 | t_u: 99/1885) -> {'max_bond': 20, 'max_links': 4, 'total_elems': 14784, 'total_shapes': 984, 'total_links': 222, 'num_tensors': 56}
2026-08-24 20:51:27,670 [INFO] [1R/1566](swap: 12, u: 0 | c_u: 0 | t_u_l: 31/942 | t_u_r: 68/943 | t_u: 99/1885) -> {'max_bond': 42, 'max_links': 4, 'total_elems': 21788, 'total_shapes': 1178, 'total_links': 222, 'num_tensors': 56}
2026-08-24 20:51:27,750 [INFO] [3L/1582](swap: 10, u: 0 | c_u: 0 | t_u_l: 31/942 | t_u_r: 68/943 | t_u: 99/1885) -> {'max_bond': 64, 'max_links': 4, 'total_elems': 33688, 'total_shapes': 1356, 'total_links': 222, 'num_tensors': 56}
2026-08-24 20:51:27,840 [INFO] [4L/1582](swap: 8, u: 0 | c_u: 0 | t_u_l: 31/942 | t_u_r: 68/943 | t_u: 99/1885) -> {'max_bond': 64, 'max_links': 4, 'total_elems': 46600, 'total_shapes': 1528, 'total_links': 222, 'num_tensors': 56}
2026-08-24 20:51:27,935 [INFO] [5L/1582](swap: 9, u: 0 | c_u: 0 | t_u_l: 31/942 | t_u_r: 68/943 | t_u: 99/1885) -> {'max_bond': 64, 'max_links': 4, 'total_elems': 63664, 'total_shapes': 1762, 'total_links': 222, 'num_tensors': 56}
2026-08-24 20:51:28,049 [INFO] [6L/1582](swap: 8, u: 0 | c_u: 0 | t_u_l: 31/942 | t_u_r: 68/943 | t_u: 99/1885) -> {'max_bond': 64, 'max_links': 4, 'total_elems': 87856, 'total_shapes': 2104, 'total_links': 222, 'num_tensors': 56}
2026-08-24 20:51:28,190 [INFO] [2R/1566](swap: 12, u: 0 | c_u: 0 | t_u_l: 31/942 | t_u_r: 68/943 | t_u: 99/1885) -> {'max_bond': 64, 'max_links': 4, 'total_elems': 112272, 'total_shapes': 2412, 'total_links': 222, 'num_tensors': 56}
2026-08-24 20:51:28,362 [INFO] [3R/1566](swap: 10, u: 0 | c_u: 0 | t_u_l: 31/942 | t_u_r: 68/943 | t_u: 99/1885) -> {'max_bond': 64, 'max_links': 4, 'total_elems': 146432, 'total_shapes': 2836, 'total_links': 222, 'num_tensors': 56}
2026-08-24 20:51:28,570 [INFO] [4R/1566](swap: 10, u: 0 | c_u: 0 | t_u_l: 31/942 | t_u_r: 68/943 | t_u: 99/1885) -> {'max_bond': 119, 'max_links': 4, 'total_elems': 225292, 'total_shapes': 3434, 'total_links': 222, 'num_tensors': 56}
2026-08-24 20:51:28,890 [INFO] [5R/1566](swap: 11, u: 1 | c_u: 1 | t_u_l: 31/942 | t_u_r: 69/943 | t_u: 100/1885) -> {'max_bond': 172, 'max_links': 4, 'total_elems': 377952, 'total_shapes': 4144, 'total_links': 222, 'num_tensors': 56}
2026-08-24 20:51:29,365 [INFO] [6R/1566](swap: 12, u: 0 | c_u: 1 | t_u_l: 31/942 | t_u_r: 69/943 | t_u: 100/1885) -> {'max_bond': 256, 'max_links': 4, 'total_elems': 570248, 'total_shapes': 5052, 'total_links': 222, 'num_tensors': 56}
2026-08-24 20:51:30,227 [INFO] [7R/1566](swap: 11, u: 0 | c_u: 1 | t_u_l: 31/942 | t_u_r: 69/943 | t_u: 100/1885) -> {'max_bond': 256, 'max_links': 4, 'total_elems': 883168, 'total_shapes': 5874, 'total_links': 222, 'num_tensors': 56}
2026-08-24 20:51:31,270 [INFO]     [start unswap] -> {'max_bond': 256, 'max_links': 4, 'total_elems': 883168, 'total_shapes': 5874, 'total_links': 222, 'num_tensors': 56}
2026-08-24 20:51:37,685 [INFO]     [0 | both | 0](candidate_pairs: 28/28 | new_swaps: 9 | total: 9) -> {'max_bond': 256, 'max_links': 4, 'total_elems': 1080952, 'total_shapes': 6064, 'total_links': 222, 'num_tensors': 56}
2026-08-24 20:51:40,710 [INFO]     [0 | both | 1](candidate_pairs: 27/27 | new_swaps: 11 | total: 20) -> {'max_bond': 256, 'max_links': 4, 'total_elems': 421272, 'total_shapes': 4418, 'total_links': 222, 'num_tensors': 56}
2026-08-24 20:51:41,314 [INFO]     [0 | left | 0](candidate_pairs: 28/28 | new_swaps: 11 | total: 31) -> {'max_bond': 106, 'max_links': 4, 'total_elems': 265424, 'total_shapes': 3536, 'total_links': 222, 'num_tensors': 56}
2026-08-24 20:51:41,764 [INFO]     [0 | left | 1](candidate_pairs: 27/27 | new_swaps: 13 | total: 44) -> {'max_bond': 106, 'max_links': 4, 'total_elems': 154720, 'total_shapes': 2878, 'total_links': 222, 'num_tensors': 56}
2026-08-24 20:51:41,991 [INFO]     [0 | right | 0](candidate_pairs: 28/28 | new_swaps: 10 | total: 54) -> {'max_bond': 106, 'max_links': 4, 'total_elems': 103200, 'total_shapes': 2318, 'total_links': 222, 'num_tensors': 56}
2026-08-24 20:51:42,165 [INFO]     [0 | right | 1](candidate_pairs: 27/27 | new_swaps: 8 | total: 62) -> {'max_bond': 34, 'max_links': 4, 'total_elems': 69504, 'total_shapes': 1974, 'total_links': 222, 'num_tensors': 56}
2026-08-24 20:51:42,457 [INFO]     [1 | both | 0](candidate_pairs: 28/28 | new_swaps: 11 | total: 11) -> {'max_bond': 32, 'max_links': 4, 'total_elems': 55420, 'total_shapes': 1726, 'total_links': 222, 'num_tensors': 56}
2026-08-24 20:51:42,704 [INFO]     [1 | both | 1](candidate_pairs: 27/27 | new_swaps: 5 | total: 16) -> {'max_bond': 32, 'max_links': 4, 'total_elems': 49660, 'total_shapes': 1622, 'total_links': 222, 'num_tensors': 56}
2026-08-24 20:51:42,818 [INFO]     [1 | left | 0](candidate_pairs: 28/28 | new_swaps: 5 | total: 21) -> {'max_bond': 32, 'max_links': 4, 'total_elems': 47420, 'total_shapes': 1566, 'total_links': 222, 'num_tensors': 56}
2026-08-24 20:51:42,930 [INFO]     [1 | left | 1](candidate_pairs: 27/27 | new_swaps: 5 | total: 26) -> {'max_bond': 32, 'max_links': 4, 'total_elems': 43872, 'total_shapes': 1502, 'total_links': 222, 'num_tensors': 56}
2026-08-24 20:51:43,037 [INFO]     [1 | right | 0](candidate_pairs: 28/28 | new_swaps: 5 | total: 31) -> {'max_bond': 32, 'max_links': 4, 'total_elems': 36308, 'total_shapes': 1394, 'total_links': 222, 'num_tensors': 56}
2026-08-24 20:51:43,132 [INFO]     [1 | right | 1](candidate_pairs: 27/27 | new_swaps: 5 | total: 36) -> {'max_bond': 32, 'max_links': 4, 'total_elems': 32568, 'total_shapes': 1320, 'total_links': 222, 'num_tensors': 56}
2026-08-24 20:51:43,309 [INFO]     [2 | both | 0](candidate_pairs: 28/28 | new_swaps: 6 | total: 6) -> {'max_bond': 32, 'max_links': 4, 'total_elems': 29308, 'total_shapes': 1240, 'total_links': 222, 'num_tensors': 56}
2026-08-24 20:51:43,472 [INFO]     [2 | both | 1](candidate_pairs: 27/27 | new_swaps: 6 | total: 12) -> {'max_bond': 32, 'max_links': 4, 'total_elems': 23740, 'total_shapes': 1132, 'total_links': 222, 'num_tensors': 56}
2026-08-24 20:51:43,553 [INFO]     [2 | left | 0](candidate_pairs: 28/28 | new_swaps: 5 | total: 17) -> {'max_bond': 32, 'max_links': 4, 'total_elems': 18552, 'total_shapes': 1054, 'total_links': 222, 'num_tensors': 56}
2026-08-24 20:51:43,625 [INFO]     [2 | left | 1](candidate_pairs: 27/27 | new_swaps: 2 | total: 19) -> {'max_bond': 16, 'max_links': 4, 'total_elems': 15352, 'total_shapes': 998, 'total_links': 222, 'num_tensors': 56}
2026-08-24 20:51:43,693 [INFO]     [2 | right | 0](candidate_pairs: 28/28 | new_swaps: 3 | total: 22) -> {'max_bond': 16, 'max_links': 4, 'total_elems': 14296, 'total_shapes': 962, 'total_links': 222, 'num_tensors': 56}
2026-08-24 20:51:43,759 [INFO]     [2 | right | 1](candidate_pairs: 27/27 | new_swaps: 3 | total: 25) -> {'max_bond': 16, 'max_links': 4, 'total_elems': 13308, 'total_shapes': 932, 'total_links': 222, 'num_tensors': 56}
2026-08-24 20:51:43,884 [INFO]     [3 | both | 0](candidate_pairs: 28/28 | new_swaps: 4 | total: 4) -> {'max_bond': 16, 'max_links': 4, 'total_elems': 11748, 'total_shapes': 888, 'total_links': 222, 'num_tensors': 56}
2026-08-24 20:51:44,004 [INFO]     [3 | both | 1](candidate_pairs: 27/27 | new_swaps: 3 | total: 7) -> {'max_bond': 16, 'max_links': 4, 'total_elems': 11192, 'total_shapes': 864, 'total_links': 222, 'num_tensors': 56}
2026-08-24 20:51:44,069 [INFO]     [3 | left | 0](candidate_pairs: 28/28 | new_swaps: 2 | total: 9) -> {'max_bond': 16, 'max_links': 4, 'total_elems': 10760, 'total_shapes': 846, 'total_links': 222, 'num_tensors': 56}
2026-08-24 20:51:44,136 [INFO]     [3 | left | 1](candidate_pairs: 27/27 | new_swaps: 3 | total: 12) -> {'max_bond': 16, 'max_links': 4, 'total_elems': 10376, 'total_shapes': 826, 'total_links': 222, 'num_tensors': 56}
2026-08-24 20:51:44,165 [INFO]     [3 | right | 0](candidate_pairs: 28/28 | new_swaps: 0 | total: 12) -> {'max_bond': 16, 'max_links': 4, 'total_elems': 10376, 'total_shapes': 826, 'total_links': 222, 'num_tensors': 56}
2026-08-24 20:51:44,218 [INFO]     [3 | right | 1](candidate_pairs: 27/27 | new_swaps: 1 | total: 13) -> {'max_bond': 16, 'max_links': 4, 'total_elems': 10280, 'total_shapes': 820, 'total_links': 222, 'num_tensors': 56}
2026-08-24 20:51:44,332 [INFO]     [4 | both | 0](candidate_pairs: 28/28 | new_swaps: 2 | total: 2) -> {'max_bond': 16, 'max_links': 4, 'total_elems': 10216, 'total_shapes': 812, 'total_links': 222, 'num_tensors': 56}
2026-08-24 20:51:44,392 [INFO]     [4 | both | 1](candidate_pairs: 27/27 | new_swaps: 0 | total: 2) -> {'max_bond': 16, 'max_links': 4, 'total_elems': 10216, 'total_shapes': 812, 'total_links': 222, 'num_tensors': 56}
2026-08-24 20:51:44,452 [INFO]     [4 | left | 0](candidate_pairs: 28/28 | new_swaps: 1 | total: 3) -> {'max_bond': 16, 'max_links': 4, 'total_elems': 9896, 'total_shapes': 804, 'total_links': 222, 'num_tensors': 56}
2026-08-24 20:51:44,482 [INFO]     [4 | left | 1](candidate_pairs: 27/27 | new_swaps: 0 | total: 3) -> {'max_bond': 16, 'max_links': 4, 'total_elems': 9896, 'total_shapes': 804, 'total_links': 222, 'num_tensors': 56}
2026-08-24 20:51:44,512 [INFO]     [4 | right | 0](candidate_pairs: 28/28 | new_swaps: 0 | total: 3) -> {'max_bond': 16, 'max_links': 4, 'total_elems': 9896, 'total_shapes': 804, 'total_links': 222, 'num_tensors': 56}
2026-08-24 20:51:44,563 [INFO]     [4 | right | 1](candidate_pairs: 27/27 | new_swaps: 1 | total: 4) -> {'max_bond': 16, 'max_links': 4, 'total_elems': 9848, 'total_shapes': 798, 'total_links': 222, 'num_tensors': 56}
2026-08-24 20:51:44,624 [INFO]     [5 | both | 0](candidate_pairs: 28/28 | new_swaps: 0 | total: 0) -> {'max_bond': 16, 'max_links': 4, 'total_elems': 9848, 'total_shapes': 798, 'total_links': 222, 'num_tensors': 56}
2026-08-24 20:51:44,728 [INFO]     [5 | both | 1](candidate_pairs: 27/27 | new_swaps: 1 | total: 1) -> {'max_bond': 16, 'max_links': 4, 'total_elems': 9208, 'total_shapes': 782, 'total_links': 222, 'num_tensors': 56}
2026-08-24 20:51:44,779 [INFO]     [5 | left | 0](candidate_pairs: 28/28 | new_swaps: 1 | total: 2) -> {'max_bond': 16, 'max_links': 4, 'total_elems': 8664, 'total_shapes': 766, 'total_links': 222, 'num_tensors': 56}
2026-08-24 20:51:44,831 [INFO]     [5 | left | 1](candidate_pairs: 27/27 | new_swaps: 1 | total: 3) -> {'max_bond': 16, 'max_links': 4, 'total_elems': 8616, 'total_shapes': 764, 'total_links': 222, 'num_tensors': 56}
2026-08-24 20:51:44,860 [INFO]     [5 | right | 0](candidate_pairs: 28/28 | new_swaps: 0 | total: 3) -> {'max_bond': 16, 'max_links': 4, 'total_elems': 8616, 'total_shapes': 764, 'total_links': 222, 'num_tensors': 56}
2026-08-24 20:51:44,889 [INFO]     [5 | right | 1](candidate_pairs: 27/27 | new_swaps: 0 | total: 3) -> {'max_bond': 16, 'max_links': 4, 'total_elems': 8616, 'total_shapes': 764, 'total_links': 222, 'num_tensors': 56}
2026-08-24 20:51:44,947 [INFO]     [6 | both | 0](candidate_pairs: 28/28 | new_swaps: 0 | total: 0) -> {'max_bond': 16, 'max_links': 4, 'total_elems': 8616, 'total_shapes': 764, 'total_links': 222, 'num_tensors': 56}
2026-08-24 20:51:45,007 [INFO]     [6 | both | 1](candidate_pairs: 27/27 | new_swaps: 0 | total: 0) -> {'max_bond': 16, 'max_links': 4, 'total_elems': 8616, 'total_shapes': 764, 'total_links': 222, 'num_tensors': 56}
2026-08-24 20:51:45,036 [INFO]     [6 | left | 0](candidate_pairs: 28/28 | new_swaps: 0 | total: 0) -> {'max_bond': 16, 'max_links': 4, 'total_elems': 8616, 'total_shapes': 764, 'total_links': 222, 'num_tensors': 56}
2026-08-24 20:51:45,066 [INFO]     [6 | left | 1](candidate_pairs: 27/27 | new_swaps: 0 | total: 0) -> {'max_bond': 16, 'max_links': 4, 'total_elems': 8616, 'total_shapes': 764, 'total_links': 222, 'num_tensors': 56}
2026-08-24 20:51:45,095 [INFO]     [6 | right | 0](candidate_pairs: 28/28 | new_swaps: 0 | total: 0) -> {'max_bond': 16, 'max_links': 4, 'total_elems': 8616, 'total_shapes': 764, 'total_links': 222, 'num_tensors': 56}
2026-08-24 20:51:45,124 [INFO]     [6 | right | 1](candidate_pairs: 27/27 | new_swaps: 0 | total: 0) -> {'max_bond': 16, 'max_links': 4, 'total_elems': 8616, 'total_shapes': 764, 'total_links': 222, 'num_tensors': 56}
2026-08-24 20:51:45,124 [INFO]     [end unswap] -> {'max_bond': 16, 'max_links': 4, 'total_elems': 8616, 'total_shapes': 764, 'total_links': 222, 'num_tensors': 56}
2026-08-24 20:51:45,169 [INFO] [start rewire](phase=post_unswap, cycle=18, side=left, layers=1578, trials=20, seed=123, parallel=False, route_candidates=1, route_score=none)
2026-08-24 20:51:48,101 [INFO] [end rewire](phase=post_unswap, cycle=18, side=left, routed_layers=1547, elapsed_s=2.93)
2026-08-24 20:51:48,101 [INFO] [start rewire](phase=post_unswap, cycle=18, side=right, layers=1561, trials=20, seed=123, parallel=False, route_candidates=1, route_score=none)
2026-08-24 20:51:49,507 [INFO] [end rewire](phase=post_unswap, cycle=18, side=right, routed_layers=1581, elapsed_s=1.41)
[Cycle 18] 100/1885 gates (5.3 %) after 434 sec
2026-08-24 20:51:49,628 [INFO] [1L/1545](swap: 9, u: 0 | c_u: 0 | t_u_l: 31/942 | t_u_r: 69/943 | t_u: 100/1885) -> {'max_bond': 16, 'max_links': 4, 'total_elems': 8616, 'total_shapes': 764, 'total_links': 222, 'num_tensors': 56}
2026-08-24 20:51:49,701 [INFO] [2L/1545](swap: 9, u: 0 | c_u: 0 | t_u_l: 31/942 | t_u_r: 69/943 | t_u: 100/1885) -> {'max_bond': 16, 'max_links': 4, 'total_elems': 9480, 'total_shapes': 826, 'total_links': 222, 'num_tensors': 56}
2026-08-24 20:51:49,776 [INFO] [3L/1545](swap: 9, u: 0 | c_u: 0 | t_u_l: 31/942 | t_u_r: 69/943 | t_u: 100/1885) -> {'max_bond': 16, 'max_links': 4, 'total_elems': 12140, 'total_shapes': 922, 'total_links': 222, 'num_tensors': 56}
2026-08-24 20:51:49,856 [INFO] [4L/1545](swap: 10, u: 0 | c_u: 0 | t_u_l: 31/942 | t_u_r: 69/943 | t_u: 100/1885) -> {'max_bond': 32, 'max_links': 4, 'total_elems': 18340, 'total_shapes': 1090, 'total_links': 222, 'num_tensors': 56}
2026-08-24 20:51:49,939 [INFO] [1R/1579](swap: 14, u: 0 | c_u: 0 | t_u_l: 31/942 | t_u_r: 69/943 | t_u: 100/1885) -> {'max_bond': 32, 'max_links': 4, 'total_elems': 28616, 'total_shapes': 1350, 'total_links': 222, 'num_tensors': 56}
2026-08-24 20:51:50,036 [INFO] [5L/1545](swap: 9, u: 0 | c_u: 0 | t_u_l: 31/942 | t_u_r: 69/943 | t_u: 100/1885) -> {'max_bond': 64, 'max_links': 4, 'total_elems': 48968, 'total_shapes': 1608, 'total_links': 222, 'num_tensors': 56}
2026-08-24 20:51:50,159 [INFO] [6L/1545](swap: 9, u: 0 | c_u: 0 | t_u_l: 31/942 | t_u_r: 69/943 | t_u: 100/1885) -> {'max_bond': 96, 'max_links': 4, 'total_elems': 78360, 'total_shapes': 1920, 'total_links': 222, 'num_tensors': 56}
2026-08-24 20:51:50,321 [INFO] [2R/1579](swap: 15, u: 0 | c_u: 0 | t_u_l: 31/942 | t_u_r: 69/943 | t_u: 100/1885) -> {'max_bond': 96, 'max_links': 4, 'total_elems': 145600, 'total_shapes': 2552, 'total_links': 222, 'num_tensors': 56}
2026-08-24 20:51:50,560 [INFO] [7L/1545](swap: 8, u: 0 | c_u: 0 | t_u_l: 31/942 | t_u_r: 69/943 | t_u: 100/1885) -> {'max_bond': 96, 'max_links': 4, 'total_elems': 234176, 'total_shapes': 2926, 'total_links': 222, 'num_tensors': 56}
2026-08-24 20:51:50,935 [INFO] [8L/1545](swap: 9, u: 0 | c_u: 0 | t_u_l: 31/942 | t_u_r: 69/943 | t_u: 100/1885) -> {'max_bond': 216, 'max_links': 4, 'total_elems': 388064, 'total_shapes': 3676, 'total_links': 222, 'num_tensors': 56}
2026-08-24 20:51:51,574 [INFO] [9L/1545](swap: 9, u: 0 | c_u: 0 | t_u_l: 31/942 | t_u_r: 69/943 | t_u: 100/1885) -> {'max_bond': 213, 'max_links': 4, 'total_elems': 695432, 'total_shapes': 4420, 'total_links': 222, 'num_tensors': 56}
2026-08-24 20:51:52,814 [INFO]     [start unswap] -> {'max_bond': 213, 'max_links': 4, 'total_elems': 695432, 'total_shapes': 4420, 'total_links': 222, 'num_tensors': 56}
2026-08-24 20:51:58,110 [INFO]     [0 | both | 0](candidate_pairs: 28/28 | new_swaps: 6 | total: 6) -> {'max_bond': 247, 'max_links': 4, 'total_elems': 648236, 'total_shapes': 4528, 'total_links': 222, 'num_tensors': 56}
2026-08-24 20:52:00,063 [INFO]     [0 | both | 1](candidate_pairs: 27/27 | new_swaps: 11 | total: 17) -> {'max_bond': 241, 'max_links': 4, 'total_elems': 385192, 'total_shapes': 3360, 'total_links': 222, 'num_tensors': 56}
2026-08-24 20:52:00,619 [INFO]     [0 | left | 0](candidate_pairs: 28/28 | new_swaps: 12 | total: 29) -> {'max_bond': 122, 'max_links': 4, 'total_elems': 192592, 'total_shapes': 2560, 'total_links': 222, 'num_tensors': 56}
2026-08-24 20:52:00,928 [INFO]     [0 | left | 1](candidate_pairs: 27/27 | new_swaps: 7 | total: 36) -> {'max_bond': 95, 'max_links': 4, 'total_elems': 109816, 'total_shapes': 2148, 'total_links': 222, 'num_tensors': 56}
2026-08-24 20:52:01,116 [INFO]     [0 | right | 0](candidate_pairs: 28/28 | new_swaps: 7 | total: 43) -> {'max_bond': 94, 'max_links': 4, 'total_elems': 101064, 'total_shapes': 2026, 'total_links': 222, 'num_tensors': 56}
2026-08-24 20:52:01,322 [INFO]     [0 | right | 1](candidate_pairs: 27/27 | new_swaps: 9 | total: 52) -> {'max_bond': 93, 'max_links': 4, 'total_elems': 92384, 'total_shapes': 1902, 'total_links': 222, 'num_tensors': 56}
2026-08-24 20:52:01,643 [INFO]     [1 | both | 0](candidate_pairs: 28/28 | new_swaps: 8 | total: 8) -> {'max_bond': 64, 'max_links': 4, 'total_elems': 62844, 'total_shapes': 1576, 'total_links': 222, 'num_tensors': 56}
2026-08-24 20:52:01,884 [INFO]     [1 | both | 1](candidate_pairs: 27/27 | new_swaps: 8 | total: 16) -> {'max_bond': 64, 'max_links': 4, 'total_elems': 48712, 'total_shapes': 1420, 'total_links': 222, 'num_tensors': 56}
2026-08-24 20:52:01,999 [INFO]     [1 | left | 0](candidate_pairs: 28/28 | new_swaps: 4 | total: 20) -> {'max_bond': 64, 'max_links': 4, 'total_elems': 40984, 'total_shapes': 1304, 'total_links': 222, 'num_tensors': 56}
2026-08-24 20:52:02,108 [INFO]     [1 | left | 1](candidate_pairs: 27/27 | new_swaps: 6 | total: 26) -> {'max_bond': 64, 'max_links': 4, 'total_elems': 36696, 'total_shapes': 1184, 'total_links': 222, 'num_tensors': 56}
2026-08-24 20:52:02,203 [INFO]     [1 | right | 0](candidate_pairs: 28/28 | new_swaps: 2 | total: 28) -> {'max_bond': 32, 'max_links': 4, 'total_elems': 28472, 'total_shapes': 1116, 'total_links': 222, 'num_tensors': 56}
2026-08-24 20:52:02,286 [INFO]     [1 | right | 1](candidate_pairs: 27/27 | new_swaps: 2 | total: 30) -> {'max_bond': 32, 'max_links': 4, 'total_elems': 27192, 'total_shapes': 1084, 'total_links': 222, 'num_tensors': 56}
2026-08-24 20:52:02,448 [INFO]     [2 | both | 0](candidate_pairs: 28/28 | new_swaps: 4 | total: 4) -> {'max_bond': 32, 'max_links': 4, 'total_elems': 26668, 'total_shapes': 1058, 'total_links': 222, 'num_tensors': 56}
2026-08-24 20:52:02,542 [INFO]     [2 | both | 1](candidate_pairs: 27/27 | new_swaps: 0 | total: 4) -> {'max_bond': 32, 'max_links': 4, 'total_elems': 26668, 'total_shapes': 1058, 'total_links': 222, 'num_tensors': 56}
2026-08-24 20:52:02,615 [INFO]     [2 | left | 0](candidate_pairs: 28/28 | new_swaps: 1 | total: 5) -> {'max_bond': 32, 'max_links': 4, 'total_elems': 26476, 'total_shapes': 1050, 'total_links': 222, 'num_tensors': 56}
2026-08-24 20:52:02,696 [INFO]     [2 | left | 1](candidate_pairs: 27/27 | new_swaps: 3 | total: 8) -> {'max_bond': 32, 'max_links': 4, 'total_elems': 26220, 'total_shapes': 1036, 'total_links': 222, 'num_tensors': 56}
2026-08-24 20:52:02,742 [INFO]     [2 | right | 0](candidate_pairs: 28/28 | new_swaps: 0 | total: 8) -> {'max_bond': 32, 'max_links': 4, 'total_elems': 26220, 'total_shapes': 1036, 'total_links': 222, 'num_tensors': 56}
2026-08-24 20:52:02,786 [INFO]     [2 | right | 1](candidate_pairs: 27/27 | new_swaps: 0 | total: 8) -> {'max_bond': 32, 'max_links': 4, 'total_elems': 26220, 'total_shapes': 1036, 'total_links': 222, 'num_tensors': 56}
2026-08-24 20:52:02,930 [INFO]     [3 | both | 0](candidate_pairs: 28/28 | new_swaps: 1 | total: 1) -> {'max_bond': 32, 'max_links': 4, 'total_elems': 26148, 'total_shapes': 1032, 'total_links': 222, 'num_tensors': 56}
2026-08-24 20:52:03,028 [INFO]     [3 | both | 1](candidate_pairs: 27/27 | new_swaps: 0 | total: 1) -> {'max_bond': 32, 'max_links': 4, 'total_elems': 26148, 'total_shapes': 1032, 'total_links': 222, 'num_tensors': 56}
2026-08-24 20:52:03,110 [INFO]     [3 | left | 0](candidate_pairs: 28/28 | new_swaps: 2 | total: 3) -> {'max_bond': 32, 'max_links': 4, 'total_elems': 25884, 'total_shapes': 1020, 'total_links': 222, 'num_tensors': 56}
2026-08-24 20:52:03,155 [INFO]     [3 | left | 1](candidate_pairs: 27/27 | new_swaps: 0 | total: 3) -> {'max_bond': 32, 'max_links': 4, 'total_elems': 25884, 'total_shapes': 1020, 'total_links': 222, 'num_tensors': 56}
2026-08-24 20:52:03,200 [INFO]     [3 | right | 0](candidate_pairs: 28/28 | new_swaps: 0 | total: 3) -> {'max_bond': 32, 'max_links': 4, 'total_elems': 25884, 'total_shapes': 1020, 'total_links': 222, 'num_tensors': 56}
2026-08-24 20:52:03,244 [INFO]     [3 | right | 1](candidate_pairs: 27/27 | new_swaps: 0 | total: 3) -> {'max_bond': 32, 'max_links': 4, 'total_elems': 25884, 'total_shapes': 1020, 'total_links': 222, 'num_tensors': 56}
2026-08-24 20:52:03,343 [INFO]     [4 | both | 0](candidate_pairs: 28/28 | new_swaps: 0 | total: 0) -> {'max_bond': 32, 'max_links': 4, 'total_elems': 25884, 'total_shapes': 1020, 'total_links': 222, 'num_tensors': 56}
2026-08-24 20:52:03,437 [INFO]     [4 | both | 1](candidate_pairs: 27/27 | new_swaps: 0 | total: 0) -> {'max_bond': 32, 'max_links': 4, 'total_elems': 25884, 'total_shapes': 1020, 'total_links': 222, 'num_tensors': 56}
2026-08-24 20:52:03,483 [INFO]     [4 | left | 0](candidate_pairs: 28/28 | new_swaps: 0 | total: 0) -> {'max_bond': 32, 'max_links': 4, 'total_elems': 25884, 'total_shapes': 1020, 'total_links': 222, 'num_tensors': 56}
2026-08-24 20:52:03,527 [INFO]     [4 | left | 1](candidate_pairs: 27/27 | new_swaps: 0 | total: 0) -> {'max_bond': 32, 'max_links': 4, 'total_elems': 25884, 'total_shapes': 1020, 'total_links': 222, 'num_tensors': 56}
2026-08-24 20:52:03,573 [INFO]     [4 | right | 0](candidate_pairs: 28/28 | new_swaps: 0 | total: 0) -> {'max_bond': 32, 'max_links': 4, 'total_elems': 25884, 'total_shapes': 1020, 'total_links': 222, 'num_tensors': 56}
2026-08-24 20:52:03,616 [INFO]     [4 | right | 1](candidate_pairs: 27/27 | new_swaps: 0 | total: 0) -> {'max_bond': 32, 'max_links': 4, 'total_elems': 25884, 'total_shapes': 1020, 'total_links': 222, 'num_tensors': 56}
2026-08-24 20:52:03,616 [INFO]     [end unswap] -> {'max_bond': 32, 'max_links': 4, 'total_elems': 25884, 'total_shapes': 1020, 'total_links': 222, 'num_tensors': 56}
2026-08-24 20:52:03,617 [INFO] [start rewire](phase=post_unswap, cycle=19, side=left, layers=1538, trials=20, seed=123, parallel=False, route_candidates=1, route_score=none)
2026-08-24 20:52:05,866 [INFO] [end rewire](phase=post_unswap, cycle=19, side=left, routed_layers=1364, elapsed_s=2.25)
2026-08-24 20:52:05,866 [INFO] [start rewire](phase=post_unswap, cycle=19, side=right, layers=1579, trials=20, seed=123, parallel=False, route_candidates=1, route_score=none)
2026-08-24 20:52:07,846 [INFO] [end rewire](phase=post_unswap, cycle=19, side=right, routed_layers=1455, elapsed_s=1.98)
[Cycle 19] 100/1885 gates (5.3 %) after 453 sec
2026-08-24 20:52:07,979 [INFO] [1L/1362](swap: 11, u: 0 | c_u: 0 | t_u_l: 31/942 | t_u_r: 69/943 | t_u: 100/1885) -> {'max_bond': 32, 'max_links': 4, 'total_elems': 25884, 'total_shapes': 1020, 'total_links': 222, 'num_tensors': 56}
2026-08-24 20:52:08,072 [INFO] [1R/1453](swap: 12, u: 1 | c_u: 1 | t_u_l: 31/942 | t_u_r: 70/943 | t_u: 101/1885) -> {'max_bond': 64, 'max_links': 4, 'total_elems': 39148, 'total_shapes': 1252, 'total_links': 222, 'num_tensors': 56}
2026-08-24 20:52:08,175 [INFO] [2L/1362](swap: 12, u: 0 | c_u: 1 | t_u_l: 31/942 | t_u_r: 70/943 | t_u: 101/1885) -> {'max_bond': 93, 'max_links': 4, 'total_elems': 58836, 'total_shapes': 1512, 'total_links': 222, 'num_tensors': 56}
2026-08-24 20:52:08,311 [INFO] [2R/1453](swap: 17, u: 0 | c_u: 1 | t_u_l: 31/942 | t_u_r: 70/943 | t_u: 101/1885) -> {'max_bond': 91, 'max_links': 4, 'total_elems': 88260, 'total_shapes': 1872, 'total_links': 222, 'num_tensors': 56}
2026-08-24 20:52:08,475 [INFO] [3R/1453](swap: 17, u: 0 | c_u: 1 | t_u_l: 31/942 | t_u_r: 70/943 | t_u: 101/1885) -> {'max_bond': 64, 'max_links': 4, 'total_elems': 116984, 'total_shapes': 2370, 'total_links': 222, 'num_tensors': 56}
2026-08-24 20:52:08,687 [INFO] [3L/1362](swap: 12, u: 0 | c_u: 1 | t_u_l: 31/942 | t_u_r: 70/943 | t_u: 101/1885) -> {'max_bond': 119, 'max_links': 4, 'total_elems': 187056, 'total_shapes': 2760, 'total_links': 222, 'num_tensors': 56}
2026-08-24 20:52:08,998 [INFO] [4L/1362](swap: 11, u: 0 | c_u: 1 | t_u_l: 31/942 | t_u_r: 70/943 | t_u: 101/1885) -> {'max_bond': 119, 'max_links': 4, 'total_elems': 269408, 'total_shapes': 3248, 'total_links': 222, 'num_tensors': 56}
2026-08-24 20:52:09,415 [INFO] [5L/1362](swap: 12, u: 0 | c_u: 1 | t_u_l: 31/942 | t_u_r: 70/943 | t_u: 101/1885) -> {'max_bond': 180, 'max_links': 4, 'total_elems': 407864, 'total_shapes': 4002, 'total_links': 222, 'num_tensors': 56}
2026-08-24 20:52:09,991 [INFO] [4R/1453](swap: 17, u: 0 | c_u: 1 | t_u_l: 31/942 | t_u_r: 70/943 | t_u: 101/1885) -> {'max_bond': 256, 'max_links': 4, 'total_elems': 659068, 'total_shapes': 5338, 'total_links': 222, 'num_tensors': 56}
2026-08-24 20:52:11,081 [INFO]     [start unswap] -> {'max_bond': 256, 'max_links': 4, 'total_elems': 659068, 'total_shapes': 5338, 'total_links': 222, 'num_tensors': 56}
2026-08-24 20:52:15,303 [INFO]     [0 | both | 0](candidate_pairs: 28/28 | new_swaps: 7 | total: 7) -> {'max_bond': 256, 'max_links': 4, 'total_elems': 1190832, 'total_shapes': 6160, 'total_links': 222, 'num_tensors': 56}
2026-08-24 20:52:20,293 [INFO]     [0 | both | 1](candidate_pairs: 27/27 | new_swaps: 12 | total: 19) -> {'max_bond': 256, 'max_links': 4, 'total_elems': 700656, 'total_shapes': 4672, 'total_links': 222, 'num_tensors': 56}
2026-08-24 20:52:21,408 [INFO]     [0 | left | 0](candidate_pairs: 28/28 | new_swaps: 14 | total: 33) -> {'max_bond': 128, 'max_links': 4, 'total_elems': 399080, 'total_shapes': 3602, 'total_links': 222, 'num_tensors': 56}
2026-08-24 20:52:22,020 [INFO]     [0 | left | 1](candidate_pairs: 27/27 | new_swaps: 12 | total: 45) -> {'max_bond': 128, 'max_links': 4, 'total_elems': 354960, 'total_shapes': 3258, 'total_links': 222, 'num_tensors': 56}
2026-08-24 20:52:22,581 [INFO]     [0 | right | 0](candidate_pairs: 28/28 | new_swaps: 5 | total: 50) -> {'max_bond': 128, 'max_links': 4, 'total_elems': 329520, 'total_shapes': 3050, 'total_links': 222, 'num_tensors': 56}
2026-08-24 20:52:23,104 [INFO]     [0 | right | 1](candidate_pairs: 27/27 | new_swaps: 9 | total: 59) -> {'max_bond': 128, 'max_links': 4, 'total_elems': 301736, 'total_shapes': 2814, 'total_links': 222, 'num_tensors': 56}
2026-08-24 20:52:24,305 [INFO]     [1 | both | 0](candidate_pairs: 28/28 | new_swaps: 11 | total: 11) -> {'max_bond': 127, 'max_links': 4, 'total_elems': 224960, 'total_shapes': 2436, 'total_links': 222, 'num_tensors': 56}
2026-08-24 20:52:25,082 [INFO]     [1 | both | 1](candidate_pairs: 27/27 | new_swaps: 12 | total: 23) -> {'max_bond': 108, 'max_links': 4, 'total_elems': 117408, 'total_shapes': 1870, 'total_links': 222, 'num_tensors': 56}
2026-08-24 20:52:25,262 [INFO]     [1 | left | 0](candidate_pairs: 28/28 | new_swaps: 7 | total: 30) -> {'max_bond': 108, 'max_links': 4, 'total_elems': 96864, 'total_shapes': 1660, 'total_links': 222, 'num_tensors': 56}
2026-08-24 20:52:25,444 [INFO]     [1 | left | 1](candidate_pairs: 27/27 | new_swaps: 1 | total: 31) -> {'max_bond': 108, 'max_links': 4, 'total_elems': 92256, 'total_shapes': 1612, 'total_links': 222, 'num_tensors': 56}
2026-08-24 20:52:25,598 [INFO]     [1 | right | 0](candidate_pairs: 28/28 | new_swaps: 7 | total: 38) -> {'max_bond': 108, 'max_links': 4, 'total_elems': 85432, 'total_shapes': 1518, 'total_links': 222, 'num_tensors': 56}
2026-08-24 20:52:25,788 [INFO]     [1 | right | 1](candidate_pairs: 27/27 | new_swaps: 3 | total: 41) -> {'max_bond': 108, 'max_links': 4, 'total_elems': 85016, 'total_shapes': 1502, 'total_links': 222, 'num_tensors': 56}
2026-08-24 20:52:26,157 [INFO]     [2 | both | 0](candidate_pairs: 28/28 | new_swaps: 7 | total: 7) -> {'max_bond': 54, 'max_links': 4, 'total_elems': 58388, 'total_shapes': 1336, 'total_links': 222, 'num_tensors': 56}
2026-08-24 20:52:26,398 [INFO]     [2 | both | 1](candidate_pairs: 27/27 | new_swaps: 6 | total: 13) -> {'max_bond': 54, 'max_links': 4, 'total_elems': 50896, 'total_shapes': 1242, 'total_links': 222, 'num_tensors': 56}
2026-08-24 20:52:26,518 [INFO]     [2 | left | 0](candidate_pairs: 28/28 | new_swaps: 2 | total: 15) -> {'max_bond': 54, 'max_links': 4, 'total_elems': 42792, 'total_shapes': 1190, 'total_links': 222, 'num_tensors': 56}
2026-08-24 20:52:26,616 [INFO]     [2 | left | 1](candidate_pairs: 27/27 | new_swaps: 2 | total: 17) -> {'max_bond': 54, 'max_links': 4, 'total_elems': 34680, 'total_shapes': 1138, 'total_links': 222, 'num_tensors': 56}
2026-08-24 20:52:26,692 [INFO]     [2 | right | 0](candidate_pairs: 28/28 | new_swaps: 1 | total: 18) -> {'max_bond': 54, 'max_links': 4, 'total_elems': 34648, 'total_shapes': 1134, 'total_links': 222, 'num_tensors': 56}
2026-08-24 20:52:26,777 [INFO]     [2 | right | 1](candidate_pairs: 27/27 | new_swaps: 1 | total: 19) -> {'max_bond': 54, 'max_links': 4, 'total_elems': 34392, 'total_shapes': 1126, 'total_links': 222, 'num_tensors': 56}
2026-08-24 20:52:26,966 [INFO]     [3 | both | 0](candidate_pairs: 28/28 | new_swaps: 4 | total: 4) -> {'max_bond': 43, 'max_links': 4, 'total_elems': 25820, 'total_shapes': 1052, 'total_links': 222, 'num_tensors': 56}
2026-08-24 20:52:27,106 [INFO]     [3 | both | 1](candidate_pairs: 27/27 | new_swaps: 1 | total: 5) -> {'max_bond': 30, 'max_links': 4, 'total_elems': 20280, 'total_shapes': 986, 'total_links': 222, 'num_tensors': 56}
2026-08-24 20:52:27,170 [INFO]     [3 | left | 0](candidate_pairs: 28/28 | new_swaps: 1 | total: 6) -> {'max_bond': 30, 'max_links': 4, 'total_elems': 19976, 'total_shapes': 978, 'total_links': 222, 'num_tensors': 56}
2026-08-24 20:52:27,246 [INFO]     [3 | left | 1](candidate_pairs: 27/27 | new_swaps: 2 | total: 8) -> {'max_bond': 30, 'max_links': 4, 'total_elems': 19656, 'total_shapes': 966, 'total_links': 222, 'num_tensors': 56}
2026-08-24 20:52:27,310 [INFO]     [3 | right | 0](candidate_pairs: 28/28 | new_swaps: 1 | total: 9) -> {'max_bond': 30, 'max_links': 4, 'total_elems': 19248, 'total_shapes': 954, 'total_links': 222, 'num_tensors': 56}
2026-08-24 20:52:27,348 [INFO]     [3 | right | 1](candidate_pairs: 27/27 | new_swaps: 0 | total: 9) -> {'max_bond': 30, 'max_links': 4, 'total_elems': 19248, 'total_shapes': 954, 'total_links': 222, 'num_tensors': 56}
2026-08-24 20:52:27,474 [INFO]     [4 | both | 0](candidate_pairs: 28/28 | new_swaps: 1 | total: 1) -> {'max_bond': 30, 'max_links': 4, 'total_elems': 19120, 'total_shapes': 946, 'total_links': 222, 'num_tensors': 56}
2026-08-24 20:52:27,550 [INFO]     [4 | both | 1](candidate_pairs: 27/27 | new_swaps: 0 | total: 1) -> {'max_bond': 30, 'max_links': 4, 'total_elems': 19120, 'total_shapes': 946, 'total_links': 222, 'num_tensors': 56}
2026-08-24 20:52:27,588 [INFO]     [4 | left | 0](candidate_pairs: 28/28 | new_swaps: 0 | total: 1) -> {'max_bond': 30, 'max_links': 4, 'total_elems': 19120, 'total_shapes': 946, 'total_links': 222, 'num_tensors': 56}
2026-08-24 20:52:27,624 [INFO]     [4 | left | 1](candidate_pairs: 27/27 | new_swaps: 0 | total: 1) -> {'max_bond': 30, 'max_links': 4, 'total_elems': 19120, 'total_shapes': 946, 'total_links': 222, 'num_tensors': 56}
2026-08-24 20:52:27,661 [INFO]     [4 | right | 0](candidate_pairs: 28/28 | new_swaps: 0 | total: 1) -> {'max_bond': 30, 'max_links': 4, 'total_elems': 19120, 'total_shapes': 946, 'total_links': 222, 'num_tensors': 56}
2026-08-24 20:52:27,698 [INFO]     [4 | right | 1](candidate_pairs: 27/27 | new_swaps: 0 | total: 1) -> {'max_bond': 30, 'max_links': 4, 'total_elems': 19120, 'total_shapes': 946, 'total_links': 222, 'num_tensors': 56}
2026-08-24 20:52:27,775 [INFO]     [5 | both | 0](candidate_pairs: 28/28 | new_swaps: 0 | total: 0) -> {'max_bond': 30, 'max_links': 4, 'total_elems': 19120, 'total_shapes': 946, 'total_links': 222, 'num_tensors': 56}
2026-08-24 20:52:27,850 [INFO]     [5 | both | 1](candidate_pairs: 27/27 | new_swaps: 0 | total: 0) -> {'max_bond': 30, 'max_links': 4, 'total_elems': 19120, 'total_shapes': 946, 'total_links': 222, 'num_tensors': 56}
2026-08-24 20:52:27,887 [INFO]     [5 | left | 0](candidate_pairs: 28/28 | new_swaps: 0 | total: 0) -> {'max_bond': 30, 'max_links': 4, 'total_elems': 19120, 'total_shapes': 946, 'total_links': 222, 'num_tensors': 56}
2026-08-24 20:52:27,924 [INFO]     [5 | left | 1](candidate_pairs: 27/27 | new_swaps: 0 | total: 0) -> {'max_bond': 30, 'max_links': 4, 'total_elems': 19120, 'total_shapes': 946, 'total_links': 222, 'num_tensors': 56}
2026-08-24 20:52:27,961 [INFO]     [5 | right | 0](candidate_pairs: 28/28 | new_swaps: 0 | total: 0) -> {'max_bond': 30, 'max_links': 4, 'total_elems': 19120, 'total_shapes': 946, 'total_links': 222, 'num_tensors': 56}
2026-08-24 20:52:27,997 [INFO]     [5 | right | 1](candidate_pairs: 27/27 | new_swaps: 0 | total: 0) -> {'max_bond': 30, 'max_links': 4, 'total_elems': 19120, 'total_shapes': 946, 'total_links': 222, 'num_tensors': 56}
2026-08-24 20:52:27,997 [INFO]     [end unswap] -> {'max_bond': 30, 'max_links': 4, 'total_elems': 19120, 'total_shapes': 946, 'total_links': 222, 'num_tensors': 56}
2026-08-24 20:52:28,044 [INFO] [start rewire](phase=post_unswap, cycle=20, side=left, layers=1359, trials=20, seed=123, parallel=False, route_candidates=1, route_score=none)
2026-08-24 20:52:29,962 [INFO] [end rewire](phase=post_unswap, cycle=20, side=left, routed_layers=1543, elapsed_s=1.92)
2026-08-24 20:52:29,962 [INFO] [start rewire](phase=post_unswap, cycle=20, side=right, layers=1451, trials=20, seed=123, parallel=False, route_candidates=1, route_score=none)
2026-08-24 20:52:31,985 [INFO] [end rewire](phase=post_unswap, cycle=20, side=right, routed_layers=1535, elapsed_s=2.02)
[Cycle 20] 101/1885 gates (5.4 %) after 477 sec
2026-08-24 20:52:32,160 [INFO] [1L/1541](swap: 11, u: 0 | c_u: 0 | t_u_l: 31/942 | t_u_r: 70/943 | t_u: 101/1885) -> {'max_bond': 30, 'max_links': 4, 'total_elems': 19120, 'total_shapes': 946, 'total_links': 222, 'num_tensors': 56}
2026-08-24 20:52:32,249 [INFO] [2L/1541](swap: 11, u: 0 | c_u: 0 | t_u_l: 31/942 | t_u_r: 70/943 | t_u: 101/1885) -> {'max_bond': 30, 'max_links': 4, 'total_elems': 19956, 'total_shapes': 1014, 'total_links': 222, 'num_tensors': 56}
2026-08-24 20:52:32,328 [INFO] [3L/1541](swap: 11, u: 0 | c_u: 0 | t_u_l: 31/942 | t_u_r: 70/943 | t_u: 101/1885) -> {'max_bond': 30, 'max_links': 4, 'total_elems': 22764, 'total_shapes': 1132, 'total_links': 222, 'num_tensors': 56}
2026-08-24 20:52:32,410 [INFO] [1R/1533](swap: 14, u: 0 | c_u: 0 | t_u_l: 31/942 | t_u_r: 70/943 | t_u: 101/1885) -> {'max_bond': 60, 'max_links': 4, 'total_elems': 32380, 'total_shapes': 1360, 'total_links': 222, 'num_tensors': 56}
2026-08-24 20:52:32,501 [INFO] [4L/1541](swap: 13, u: 0 | c_u: 0 | t_u_l: 31/942 | t_u_r: 70/943 | t_u: 101/1885) -> {'max_bond': 60, 'max_links': 4, 'total_elems': 41904, 'total_shapes': 1538, 'total_links': 222, 'num_tensors': 56}
2026-08-24 20:52:32,630 [INFO] [2R/1533](swap: 14, u: 0 | c_u: 0 | t_u_l: 31/942 | t_u_r: 70/943 | t_u: 101/1885) -> {'max_bond': 60, 'max_links': 4, 'total_elems': 57868, 'total_shapes': 1806, 'total_links': 222, 'num_tensors': 56}
2026-08-24 20:52:32,770 [INFO] [3R/1533](swap: 15, u: 0 | c_u: 0 | t_u_l: 31/942 | t_u_r: 70/943 | t_u: 101/1885) -> {'max_bond': 64, 'max_links': 4, 'total_elems': 94784, 'total_shapes': 2232, 'total_links': 222, 'num_tensors': 56}
2026-08-24 20:52:33,027 [INFO] [5L/1541](swap: 12, u: 0 | c_u: 0 | t_u_l: 31/942 | t_u_r: 70/943 | t_u: 101/1885) -> {'max_bond': 64, 'max_links': 4, 'total_elems': 125952, 'total_shapes': 2622, 'total_links': 222, 'num_tensors': 56}
2026-08-24 20:52:33,291 [INFO] [6L/1541](swap: 9, u: 0 | c_u: 0 | t_u_l: 31/942 | t_u_r: 70/943 | t_u: 101/1885) -> {'max_bond': 128, 'max_links': 4, 'total_elems': 199680, 'total_shapes': 3134, 'total_links': 222, 'num_tensors': 56}
2026-08-24 20:52:33,632 [INFO] [7L/1541](swap: 11, u: 0 | c_u: 0 | t_u_l: 31/942 | t_u_r: 70/943 | t_u: 101/1885) -> {'max_bond': 128, 'max_links': 4, 'total_elems': 243728, 'total_shapes': 3458, 'total_links': 222, 'num_tensors': 56}
2026-08-24 20:52:34,041 [INFO] [4R/1533](swap: 16, u: 0 | c_u: 0 | t_u_l: 31/942 | t_u_r: 70/943 | t_u: 101/1885) -> {'max_bond': 128, 'max_links': 4, 'total_elems': 395040, 'total_shapes': 4392, 'total_links': 222, 'num_tensors': 56}
2026-08-24 20:52:34,661 [INFO] [8L/1541](swap: 9, u: 0 | c_u: 0 | t_u_l: 31/942 | t_u_r: 70/943 | t_u: 101/1885) -> {'max_bond': 256, 'max_links': 4, 'total_elems': 624208, 'total_shapes': 5244, 'total_links': 222, 'num_tensors': 56}
2026-08-24 20:52:35,786 [INFO] [9L/1541](swap: 8, u: 1 | c_u: 1 | t_u_l: 32/942 | t_u_r: 70/943 | t_u: 102/1885) -> {'max_bond': 256, 'max_links': 4, 'total_elems': 860024, 'total_shapes': 5996, 'total_links': 222, 'num_tensors': 56}
2026-08-24 20:52:37,009 [INFO] [10L/1541](swap: 8, u: 0 | c_u: 1 | t_u_l: 32/942 | t_u_r: 70/943 | t_u: 102/1885) -> {'max_bond': 255, 'max_links': 4, 'total_elems': 949960, 'total_shapes': 6436, 'total_links': 222, 'num_tensors': 56}
2026-08-24 20:52:38,257 [INFO]     [start unswap] -> {'max_bond': 255, 'max_links': 4, 'total_elems': 949960, 'total_shapes': 6436, 'total_links': 222, 'num_tensors': 56}
2026-08-24 20:52:43,035 [INFO]     [0 | both | 0](candidate_pairs: 28/28 | new_swaps: 10 | total: 10) -> {'max_bond': 252, 'max_links': 4, 'total_elems': 830144, 'total_shapes': 5992, 'total_links': 222, 'num_tensors': 56}
2026-08-24 20:52:45,259 [INFO]     [0 | both | 1](candidate_pairs: 27/27 | new_swaps: 11 | total: 21) -> {'max_bond': 128, 'max_links': 4, 'total_elems': 447312, 'total_shapes': 4372, 'total_links': 222, 'num_tensors': 56}
2026-08-24 20:52:45,933 [INFO]     [0 | left | 0](candidate_pairs: 28/28 | new_swaps: 9 | total: 30) -> {'max_bond': 128, 'max_links': 4, 'total_elems': 372840, 'total_shapes': 3902, 'total_links': 222, 'num_tensors': 56}
2026-08-24 20:52:46,553 [INFO]     [0 | left | 1](candidate_pairs: 27/27 | new_swaps: 10 | total: 40) -> {'max_bond': 128, 'max_links': 4, 'total_elems': 340992, 'total_shapes': 3628, 'total_links': 222, 'num_tensors': 56}
2026-08-24 20:52:47,087 [INFO]     [0 | right | 0](candidate_pairs: 28/28 | new_swaps: 9 | total: 49) -> {'max_bond': 128, 'max_links': 4, 'total_elems': 277992, 'total_shapes': 3204, 'total_links': 222, 'num_tensors': 56}
2026-08-24 20:52:47,506 [INFO]     [0 | right | 1](candidate_pairs: 27/27 | new_swaps: 4 | total: 53) -> {'max_bond': 128, 'max_links': 4, 'total_elems': 254824, 'total_shapes': 3028, 'total_links': 222, 'num_tensors': 56}
2026-08-24 20:52:48,664 [INFO]     [1 | both | 0](candidate_pairs: 28/28 | new_swaps: 8 | total: 8) -> {'max_bond': 128, 'max_links': 4, 'total_elems': 197688, 'total_shapes': 2788, 'total_links': 222, 'num_tensors': 56}
2026-08-24 20:52:49,271 [INFO]     [1 | both | 1](candidate_pairs: 27/27 | new_swaps: 9 | total: 17) -> {'max_bond': 64, 'max_links': 4, 'total_elems': 131580, 'total_shapes': 2386, 'total_links': 222, 'num_tensors': 56}
2026-08-24 20:52:49,511 [INFO]     [1 | left | 0](candidate_pairs: 28/28 | new_swaps: 10 | total: 27) -> {'max_bond': 64, 'max_links': 4, 'total_elems': 112208, 'total_shapes': 2132, 'total_links': 222, 'num_tensors': 56}
2026-08-24 20:52:49,706 [INFO]     [1 | left | 1](candidate_pairs: 27/27 | new_swaps: 6 | total: 33) -> {'max_bond': 64, 'max_links': 4, 'total_elems': 100868, 'total_shapes': 1988, 'total_links': 222, 'num_tensors': 56}
2026-08-24 20:52:49,892 [INFO]     [1 | right | 0](candidate_pairs: 28/28 | new_swaps: 6 | total: 39) -> {'max_bond': 64, 'max_links': 4, 'total_elems': 90200, 'total_shapes': 1830, 'total_links': 222, 'num_tensors': 56}
2026-08-24 20:52:50,048 [INFO]     [1 | right | 1](candidate_pairs: 27/27 | new_swaps: 3 | total: 42) -> {'max_bond': 64, 'max_links': 4, 'total_elems': 86852, 'total_shapes': 1776, 'total_links': 222, 'num_tensors': 56}
2026-08-24 20:52:50,376 [INFO]     [2 | both | 0](candidate_pairs: 28/28 | new_swaps: 3 | total: 3) -> {'max_bond': 64, 'max_links': 4, 'total_elems': 73860, 'total_shapes': 1688, 'total_links': 222, 'num_tensors': 56}
2026-08-24 20:52:50,679 [INFO]     [2 | both | 1](candidate_pairs: 27/27 | new_swaps: 5 | total: 8) -> {'max_bond': 64, 'max_links': 4, 'total_elems': 63712, 'total_shapes': 1578, 'total_links': 222, 'num_tensors': 56}
2026-08-24 20:52:50,826 [INFO]     [2 | left | 0](candidate_pairs: 28/28 | new_swaps: 4 | total: 12) -> {'max_bond': 54, 'max_links': 4, 'total_elems': 46128, 'total_shapes': 1456, 'total_links': 222, 'num_tensors': 56}
2026-08-24 20:52:50,938 [INFO]     [2 | left | 1](candidate_pairs: 27/27 | new_swaps: 5 | total: 17) -> {'max_bond': 53, 'max_links': 4, 'total_elems': 42172, 'total_shapes': 1380, 'total_links': 222, 'num_tensors': 56}
2026-08-24 20:52:51,030 [INFO]     [2 | right | 0](candidate_pairs: 28/28 | new_swaps: 1 | total: 18) -> {'max_bond': 52, 'max_links': 4, 'total_elems': 41612, 'total_shapes': 1362, 'total_links': 222, 'num_tensors': 56}
2026-08-24 20:52:51,113 [INFO]     [2 | right | 1](candidate_pairs: 27/27 | new_swaps: 1 | total: 19) -> {'max_bond': 51, 'max_links': 4, 'total_elems': 41244, 'total_shapes': 1352, 'total_links': 222, 'num_tensors': 56}
2026-08-24 20:52:51,320 [INFO]     [3 | both | 0](candidate_pairs: 28/28 | new_swaps: 7 | total: 7) -> {'max_bond': 49, 'max_links': 4, 'total_elems': 37084, 'total_shapes': 1284, 'total_links': 222, 'num_tensors': 56}
2026-08-24 20:52:51,506 [INFO]     [3 | both | 1](candidate_pairs: 27/27 | new_swaps: 3 | total: 10) -> {'max_bond': 42, 'max_links': 4, 'total_elems': 33440, 'total_shapes': 1220, 'total_links': 222, 'num_tensors': 56}
2026-08-24 20:52:51,594 [INFO]     [3 | left | 0](candidate_pairs: 28/28 | new_swaps: 1 | total: 11) -> {'max_bond': 42, 'max_links': 4, 'total_elems': 32320, 'total_shapes': 1200, 'total_links': 222, 'num_tensors': 56}
2026-08-24 20:52:51,688 [INFO]     [3 | left | 1](candidate_pairs: 27/27 | new_swaps: 3 | total: 14) -> {'max_bond': 42, 'max_links': 4, 'total_elems': 31388, 'total_shapes': 1176, 'total_links': 222, 'num_tensors': 56}
2026-08-24 20:52:51,740 [INFO]     [3 | right | 0](candidate_pairs: 28/28 | new_swaps: 0 | total: 14) -> {'max_bond': 42, 'max_links': 4, 'total_elems': 31388, 'total_shapes': 1176, 'total_links': 222, 'num_tensors': 56}
2026-08-24 20:52:51,824 [INFO]     [3 | right | 1](candidate_pairs: 27/27 | new_swaps: 1 | total: 15) -> {'max_bond': 42, 'max_links': 4, 'total_elems': 31244, 'total_shapes': 1170, 'total_links': 222, 'num_tensors': 56}
2026-08-24 20:52:51,996 [INFO]     [4 | both | 0](candidate_pairs: 28/28 | new_swaps: 2 | total: 2) -> {'max_bond': 42, 'max_links': 4, 'total_elems': 31156, 'total_shapes': 1162, 'total_links': 222, 'num_tensors': 56}
2026-08-24 20:52:52,146 [INFO]     [4 | both | 1](candidate_pairs: 27/27 | new_swaps: 2 | total: 4) -> {'max_bond': 42, 'max_links': 4, 'total_elems': 30916, 'total_shapes': 1150, 'total_links': 222, 'num_tensors': 56}
2026-08-24 20:52:52,222 [INFO]     [4 | left | 0](candidate_pairs: 28/28 | new_swaps: 1 | total: 5) -> {'max_bond': 42, 'max_links': 4, 'total_elems': 30844, 'total_shapes': 1146, 'total_links': 222, 'num_tensors': 56}
2026-08-24 20:52:52,294 [INFO]     [4 | left | 1](candidate_pairs: 27/27 | new_swaps: 1 | total: 6) -> {'max_bond': 42, 'max_links': 4, 'total_elems': 30772, 'total_shapes': 1140, 'total_links': 222, 'num_tensors': 56}
2026-08-24 20:52:52,345 [INFO]     [4 | right | 0](candidate_pairs: 28/28 | new_swaps: 0 | total: 6) -> {'max_bond': 42, 'max_links': 4, 'total_elems': 30772, 'total_shapes': 1140, 'total_links': 222, 'num_tensors': 56}
2026-08-24 20:52:52,393 [INFO]     [4 | right | 1](candidate_pairs: 27/27 | new_swaps: 0 | total: 6) -> {'max_bond': 42, 'max_links': 4, 'total_elems': 30772, 'total_shapes': 1140, 'total_links': 222, 'num_tensors': 56}
2026-08-24 20:52:52,503 [INFO]     [5 | both | 0](candidate_pairs: 28/28 | new_swaps: 0 | total: 0) -> {'max_bond': 42, 'max_links': 4, 'total_elems': 30772, 'total_shapes': 1140, 'total_links': 222, 'num_tensors': 56}
2026-08-24 20:52:52,659 [INFO]     [5 | both | 1](candidate_pairs: 27/27 | new_swaps: 1 | total: 1) -> {'max_bond': 42, 'max_links': 4, 'total_elems': 30484, 'total_shapes': 1132, 'total_links': 222, 'num_tensors': 56}
2026-08-24 20:52:52,751 [INFO]     [5 | left | 0](candidate_pairs: 28/28 | new_swaps: 2 | total: 3) -> {'max_bond': 42, 'max_links': 4, 'total_elems': 29772, 'total_shapes': 1112, 'total_links': 222, 'num_tensors': 56}
2026-08-24 20:52:52,827 [INFO]     [5 | left | 1](candidate_pairs: 27/27 | new_swaps: 1 | total: 4) -> {'max_bond': 42, 'max_links': 4, 'total_elems': 29004, 'total_shapes': 1088, 'total_links': 222, 'num_tensors': 56}
2026-08-24 20:52:52,877 [INFO]     [5 | right | 0](candidate_pairs: 28/28 | new_swaps: 0 | total: 4) -> {'max_bond': 42, 'max_links': 4, 'total_elems': 29004, 'total_shapes': 1088, 'total_links': 222, 'num_tensors': 56}
2026-08-24 20:52:52,925 [INFO]     [5 | right | 1](candidate_pairs: 27/27 | new_swaps: 0 | total: 4) -> {'max_bond': 42, 'max_links': 4, 'total_elems': 29004, 'total_shapes': 1088, 'total_links': 222, 'num_tensors': 56}
2026-08-24 20:52:53,085 [INFO]     [6 | both | 0](candidate_pairs: 28/28 | new_swaps: 1 | total: 1) -> {'max_bond': 42, 'max_links': 4, 'total_elems': 28812, 'total_shapes': 1076, 'total_links': 222, 'num_tensors': 56}
2026-08-24 20:52:53,183 [INFO]     [6 | both | 1](candidate_pairs: 27/27 | new_swaps: 0 | total: 1) -> {'max_bond': 42, 'max_links': 4, 'total_elems': 28812, 'total_shapes': 1076, 'total_links': 222, 'num_tensors': 56}
2026-08-24 20:52:53,254 [INFO]     [6 | left | 0](candidate_pairs: 28/28 | new_swaps: 0 | total: 1) -> {'max_bond': 42, 'max_links': 4, 'total_elems': 28812, 'total_shapes': 1076, 'total_links': 222, 'num_tensors': 56}
2026-08-24 20:52:53,391 [INFO]     [6 | left | 1](candidate_pairs: 27/27 | new_swaps: 1 | total: 2) -> {'max_bond': 42, 'max_links': 4, 'total_elems': 28788, 'total_shapes': 1074, 'total_links': 222, 'num_tensors': 56}
2026-08-24 20:52:53,453 [INFO]     [6 | right | 0](candidate_pairs: 28/28 | new_swaps: 0 | total: 2) -> {'max_bond': 42, 'max_links': 4, 'total_elems': 28788, 'total_shapes': 1074, 'total_links': 222, 'num_tensors': 56}
2026-08-24 20:52:53,502 [INFO]     [6 | right | 1](candidate_pairs: 27/27 | new_swaps: 0 | total: 2) -> {'max_bond': 42, 'max_links': 4, 'total_elems': 28788, 'total_shapes': 1074, 'total_links': 222, 'num_tensors': 56}
2026-08-24 20:52:53,672 [INFO]     [7 | both | 0](candidate_pairs: 28/28 | new_swaps: 1 | total: 1) -> {'max_bond': 42, 'max_links': 4, 'total_elems': 28748, 'total_shapes': 1070, 'total_links': 222, 'num_tensors': 56}
2026-08-24 20:52:53,824 [INFO]     [7 | both | 1](candidate_pairs: 27/27 | new_swaps: 1 | total: 2) -> {'max_bond': 42, 'max_links': 4, 'total_elems': 28704, 'total_shapes': 1064, 'total_links': 222, 'num_tensors': 56}
2026-08-24 20:52:53,875 [INFO]     [7 | left | 0](candidate_pairs: 28/28 | new_swaps: 0 | total: 2) -> {'max_bond': 42, 'max_links': 4, 'total_elems': 28704, 'total_shapes': 1064, 'total_links': 222, 'num_tensors': 56}
2026-08-24 20:52:53,921 [INFO]     [7 | left | 1](candidate_pairs: 27/27 | new_swaps: 0 | total: 2) -> {'max_bond': 42, 'max_links': 4, 'total_elems': 28704, 'total_shapes': 1064, 'total_links': 222, 'num_tensors': 56}
2026-08-24 20:52:53,972 [INFO]     [7 | right | 0](candidate_pairs: 28/28 | new_swaps: 0 | total: 2) -> {'max_bond': 42, 'max_links': 4, 'total_elems': 28704, 'total_shapes': 1064, 'total_links': 222, 'num_tensors': 56}
2026-08-24 20:52:54,019 [INFO]     [7 | right | 1](candidate_pairs: 27/27 | new_swaps: 0 | total: 2) -> {'max_bond': 42, 'max_links': 4, 'total_elems': 28704, 'total_shapes': 1064, 'total_links': 222, 'num_tensors': 56}
2026-08-24 20:52:54,183 [INFO]     [8 | both | 0](candidate_pairs: 28/28 | new_swaps: 1 | total: 1) -> {'max_bond': 42, 'max_links': 4, 'total_elems': 28692, 'total_shapes': 1062, 'total_links': 222, 'num_tensors': 56}
2026-08-24 20:52:54,284 [INFO]     [8 | both | 1](candidate_pairs: 27/27 | new_swaps: 0 | total: 1) -> {'max_bond': 42, 'max_links': 4, 'total_elems': 28692, 'total_shapes': 1062, 'total_links': 222, 'num_tensors': 56}
2026-08-24 20:52:54,336 [INFO]     [8 | left | 0](candidate_pairs: 28/28 | new_swaps: 0 | total: 1) -> {'max_bond': 42, 'max_links': 4, 'total_elems': 28692, 'total_shapes': 1062, 'total_links': 222, 'num_tensors': 56}
2026-08-24 20:52:54,384 [INFO]     [8 | left | 1](candidate_pairs: 27/27 | new_swaps: 0 | total: 1) -> {'max_bond': 42, 'max_links': 4, 'total_elems': 28692, 'total_shapes': 1062, 'total_links': 222, 'num_tensors': 56}
2026-08-24 20:52:54,439 [INFO]     [8 | right | 0](candidate_pairs: 28/28 | new_swaps: 0 | total: 1) -> {'max_bond': 42, 'max_links': 4, 'total_elems': 28692, 'total_shapes': 1062, 'total_links': 222, 'num_tensors': 56}
2026-08-24 20:52:54,485 [INFO]     [8 | right | 1](candidate_pairs: 27/27 | new_swaps: 0 | total: 1) -> {'max_bond': 42, 'max_links': 4, 'total_elems': 28692, 'total_shapes': 1062, 'total_links': 222, 'num_tensors': 56}
2026-08-24 20:52:54,592 [INFO]     [9 | both | 0](candidate_pairs: 28/28 | new_swaps: 0 | total: 0) -> {'max_bond': 42, 'max_links': 4, 'total_elems': 28692, 'total_shapes': 1062, 'total_links': 222, 'num_tensors': 56}
2026-08-24 20:52:54,693 [INFO]     [9 | both | 1](candidate_pairs: 27/27 | new_swaps: 0 | total: 0) -> {'max_bond': 42, 'max_links': 4, 'total_elems': 28692, 'total_shapes': 1062, 'total_links': 222, 'num_tensors': 56}
2026-08-24 20:52:54,749 [INFO]     [9 | left | 0](candidate_pairs: 28/28 | new_swaps: 0 | total: 0) -> {'max_bond': 42, 'max_links': 4, 'total_elems': 28692, 'total_shapes': 1062, 'total_links': 222, 'num_tensors': 56}
2026-08-24 20:52:54,799 [INFO]     [9 | left | 1](candidate_pairs: 27/27 | new_swaps: 0 | total: 0) -> {'max_bond': 42, 'max_links': 4, 'total_elems': 28692, 'total_shapes': 1062, 'total_links': 222, 'num_tensors': 56}
2026-08-24 20:52:54,853 [INFO]     [9 | right | 0](candidate_pairs: 28/28 | new_swaps: 0 | total: 0) -> {'max_bond': 42, 'max_links': 4, 'total_elems': 28692, 'total_shapes': 1062, 'total_links': 222, 'num_tensors': 56}
2026-08-24 20:52:54,914 [INFO]     [9 | right | 1](candidate_pairs: 27/27 | new_swaps: 0 | total: 0) -> {'max_bond': 42, 'max_links': 4, 'total_elems': 28692, 'total_shapes': 1062, 'total_links': 222, 'num_tensors': 56}
2026-08-24 20:52:54,914 [INFO]     [end unswap] -> {'max_bond': 42, 'max_links': 4, 'total_elems': 28692, 'total_shapes': 1062, 'total_links': 222, 'num_tensors': 56}
2026-08-24 20:52:54,915 [INFO] [start rewire](phase=post_unswap, cycle=21, side=left, layers=1533, trials=20, seed=123, parallel=False, route_candidates=1, route_score=none)
2026-08-24 20:52:56,997 [INFO] [end rewire](phase=post_unswap, cycle=21, side=left, routed_layers=1442, elapsed_s=2.08)
2026-08-24 20:52:56,997 [INFO] [start rewire](phase=post_unswap, cycle=21, side=right, layers=1531, trials=20, seed=123, parallel=False, route_candidates=1, route_score=none)
2026-08-24 20:52:58,819 [INFO] [end rewire](phase=post_unswap, cycle=21, side=right, routed_layers=1541, elapsed_s=1.82)
[Cycle 21] 102/1885 gates (5.4 %) after 504 sec
2026-08-24 20:52:59,019 [INFO] [1L/1440](swap: 11, u: 0 | c_u: 0 | t_u_l: 32/942 | t_u_r: 70/943 | t_u: 102/1885) -> {'max_bond': 42, 'max_links': 4, 'total_elems': 28692, 'total_shapes': 1062, 'total_links': 222, 'num_tensors': 56}
2026-08-24 20:52:59,113 [INFO] [2L/1440](swap: 10, u: 0 | c_u: 0 | t_u_l: 32/942 | t_u_r: 70/943 | t_u: 102/1885) -> {'max_bond': 42, 'max_links': 4, 'total_elems': 31380, 'total_shapes': 1180, 'total_links': 222, 'num_tensors': 56}
2026-08-24 20:52:59,205 [INFO] [3L/1440](swap: 12, u: 0 | c_u: 0 | t_u_l: 32/942 | t_u_r: 70/943 | t_u: 102/1885) -> {'max_bond': 42, 'max_links': 4, 'total_elems': 39908, 'total_shapes': 1380, 'total_links': 222, 'num_tensors': 56}
2026-08-24 20:52:59,303 [INFO] [4L/1440](swap: 12, u: 0 | c_u: 0 | t_u_l: 32/942 | t_u_r: 70/943 | t_u: 102/1885) -> {'max_bond': 42, 'max_links': 4, 'total_elems': 48952, 'total_shapes': 1558, 'total_links': 222, 'num_tensors': 56}
2026-08-24 20:52:59,415 [INFO] [5L/1440](swap: 10, u: 0 | c_u: 0 | t_u_l: 32/942 | t_u_r: 70/943 | t_u: 102/1885) -> {'max_bond': 64, 'max_links': 4, 'total_elems': 66540, 'total_shapes': 1840, 'total_links': 222, 'num_tensors': 56}
2026-08-24 20:52:59,559 [INFO] [6L/1440](swap: 8, u: 0 | c_u: 0 | t_u_l: 32/942 | t_u_r: 70/943 | t_u: 102/1885) -> {'max_bond': 64, 'max_links': 4, 'total_elems': 88444, 'total_shapes': 2142, 'total_links': 222, 'num_tensors': 56}
2026-08-24 20:52:59,716 [INFO] [1R/1539](swap: 14, u: 0 | c_u: 0 | t_u_l: 32/942 | t_u_r: 70/943 | t_u: 102/1885) -> {'max_bond': 64, 'max_links': 4, 'total_elems': 115496, 'total_shapes': 2326, 'total_links': 222, 'num_tensors': 56}
2026-08-24 20:52:59,918 [INFO] [7L/1440](swap: 7, u: 0 | c_u: 0 | t_u_l: 32/942 | t_u_r: 70/943 | t_u: 102/1885) -> {'max_bond': 128, 'max_links': 4, 'total_elems': 151096, 'total_shapes': 2618, 'total_links': 222, 'num_tensors': 56}
2026-08-24 20:53:00,154 [INFO] [8L/1440](swap: 6, u: 0 | c_u: 0 | t_u_l: 32/942 | t_u_r: 70/943 | t_u: 102/1885) -> {'max_bond': 128, 'max_links': 4, 'total_elems': 185016, 'total_shapes': 2794, 'total_links': 222, 'num_tensors': 56}
2026-08-24 20:53:00,407 [INFO] [9L/1440](swap: 7, u: 0 | c_u: 0 | t_u_l: 32/942 | t_u_r: 70/943 | t_u: 102/1885) -> {'max_bond': 128, 'max_links': 4, 'total_elems': 217656, 'total_shapes': 3106, 'total_links': 222, 'num_tensors': 56}
2026-08-24 20:53:00,725 [INFO] [10L/1440](swap: 6, u: 2 | c_u: 2 | t_u_l: 34/942 | t_u_r: 70/943 | t_u: 104/1885) -> {'max_bond': 128, 'max_links': 4, 'total_elems': 285368, 'total_shapes': 3416, 'total_links': 222, 'num_tensors': 56}
2026-08-24 20:53:01,082 [INFO] [11L/1440](swap: 6, u: 1 | c_u: 3 | t_u_l: 35/942 | t_u_r: 70/943 | t_u: 105/1885) -> {'max_bond': 128, 'max_links': 4, 'total_elems': 327200, 'total_shapes': 3716, 'total_links': 222, 'num_tensors': 56}
2026-08-24 20:53:01,502 [INFO] [12L/1440](swap: 5, u: 2 | c_u: 5 | t_u_l: 37/942 | t_u_r: 70/943 | t_u: 107/1885) -> {'max_bond': 145, 'max_links': 4, 'total_elems': 417104, 'total_shapes': 4120, 'total_links': 222, 'num_tensors': 56}
2026-08-24 20:53:01,958 [INFO] [13L/1440](swap: 6, u: 2 | c_u: 7 | t_u_l: 39/942 | t_u_r: 70/943 | t_u: 109/1885) -> {'max_bond': 139, 'max_links': 4, 'total_elems': 449600, 'total_shapes': 4428, 'total_links': 222, 'num_tensors': 56}
2026-08-24 20:53:02,483 [INFO] [14L/1440](swap: 8, u: 1 | c_u: 8 | t_u_l: 40/942 | t_u_r: 70/943 | t_u: 110/1885) -> {'max_bond': 135, 'max_links': 4, 'total_elems': 461536, 'total_shapes': 4692, 'total_links': 222, 'num_tensors': 56}
2026-08-24 20:53:03,028 [INFO] [15L/1440](swap: 7, u: 2 | c_u: 10 | t_u_l: 42/942 | t_u_r: 70/943 | t_u: 112/1885) -> {'max_bond': 132, 'max_links': 4, 'total_elems': 522712, 'total_shapes': 4894, 'total_links': 222, 'num_tensors': 56}
2026-08-24 20:53:03,683 [INFO] [16L/1440](swap: 6, u: 2 | c_u: 12 | t_u_l: 44/942 | t_u_r: 70/943 | t_u: 114/1885) -> {'max_bond': 255, 'max_links': 4, 'total_elems': 734200, 'total_shapes': 5524, 'total_links': 222, 'num_tensors': 56}
2026-08-24 20:53:04,470 [INFO] [17L/1440](swap: 7, u: 1 | c_u: 13 | t_u_l: 45/942 | t_u_r: 70/943 | t_u: 115/1885) -> {'max_bond': 254, 'max_links': 4, 'total_elems': 893928, 'total_shapes': 6176, 'total_links': 222, 'num_tensors': 56}
2026-08-24 20:53:05,698 [INFO]     [start unswap] -> {'max_bond': 254, 'max_links': 4, 'total_elems': 893928, 'total_shapes': 6176, 'total_links': 222, 'num_tensors': 56}
2026-08-24 20:53:10,879 [INFO]     [0 | both | 0](candidate_pairs: 28/28 | new_swaps: 4 | total: 4) -> {'max_bond': 253, 'max_links': 4, 'total_elems': 1293364, 'total_shapes': 6992, 'total_links': 222, 'num_tensors': 56}
2026-08-24 20:53:15,492 [INFO]     [0 | both | 1](candidate_pairs: 27/27 | new_swaps: 15 | total: 19) -> {'max_bond': 239, 'max_links': 4, 'total_elems': 934636, 'total_shapes': 5816, 'total_links': 222, 'num_tensors': 56}
2026-08-24 20:53:17,120 [INFO]     [0 | left | 0](candidate_pairs: 28/28 | new_swaps: 11 | total: 30) -> {'max_bond': 128, 'max_links': 4, 'total_elems': 468644, 'total_shapes': 4482, 'total_links': 222, 'num_tensors': 56}
2026-08-24 20:53:17,725 [INFO]     [0 | left | 1](candidate_pairs: 27/27 | new_swaps: 12 | total: 42) -> {'max_bond': 110, 'max_links': 4, 'total_elems': 266116, 'total_shapes': 3436, 'total_links': 222, 'num_tensors': 56}
2026-08-24 20:53:18,106 [INFO]     [0 | right | 0](candidate_pairs: 28/28 | new_swaps: 4 | total: 46) -> {'max_bond': 108, 'max_links': 4, 'total_elems': 249852, 'total_shapes': 3328, 'total_links': 222, 'num_tensors': 56}
2026-08-24 20:53:18,514 [INFO]     [0 | right | 1](candidate_pairs: 27/27 | new_swaps: 8 | total: 54) -> {'max_bond': 106, 'max_links': 4, 'total_elems': 204160, 'total_shapes': 3014, 'total_links': 222, 'num_tensors': 56}
2026-08-24 20:53:19,109 [INFO]     [1 | both | 0](candidate_pairs: 28/28 | new_swaps: 8 | total: 8) -> {'max_bond': 102, 'max_links': 4, 'total_elems': 162164, 'total_shapes': 2674, 'total_links': 222, 'num_tensors': 56}
2026-08-24 20:53:19,661 [INFO]     [1 | both | 1](candidate_pairs: 27/27 | new_swaps: 3 | total: 11) -> {'max_bond': 64, 'max_links': 4, 'total_elems': 142100, 'total_shapes': 2552, 'total_links': 222, 'num_tensors': 56}
2026-08-24 20:53:19,887 [INFO]     [1 | left | 0](candidate_pairs: 28/28 | new_swaps: 5 | total: 16) -> {'max_bond': 64, 'max_links': 4, 'total_elems': 124260, 'total_shapes': 2400, 'total_links': 222, 'num_tensors': 56}
2026-08-24 20:53:20,106 [INFO]     [1 | left | 1](candidate_pairs: 27/27 | new_swaps: 4 | total: 20) -> {'max_bond': 64, 'max_links': 4, 'total_elems': 112556, 'total_shapes': 2284, 'total_links': 222, 'num_tensors': 56}
2026-08-24 20:53:20,290 [INFO]     [1 | right | 0](candidate_pairs: 28/28 | new_swaps: 6 | total: 26) -> {'max_bond': 64, 'max_links': 4, 'total_elems': 102800, 'total_shapes': 2166, 'total_links': 222, 'num_tensors': 56}
2026-08-24 20:53:20,409 [INFO]     [1 | right | 1](candidate_pairs: 27/27 | new_swaps: 0 | total: 26) -> {'max_bond': 64, 'max_links': 4, 'total_elems': 102800, 'total_shapes': 2166, 'total_links': 222, 'num_tensors': 56}
2026-08-24 20:53:20,751 [INFO]     [2 | both | 0](candidate_pairs: 28/28 | new_swaps: 3 | total: 3) -> {'max_bond': 64, 'max_links': 4, 'total_elems': 95904, 'total_shapes': 2086, 'total_links': 222, 'num_tensors': 56}
2026-08-24 20:53:21,080 [INFO]     [2 | both | 1](candidate_pairs: 27/27 | new_swaps: 3 | total: 6) -> {'max_bond': 64, 'max_links': 4, 'total_elems': 95520, 'total_shapes': 2068, 'total_links': 222, 'num_tensors': 56}
2026-08-24 20:53:21,231 [INFO]     [2 | left | 0](candidate_pairs: 28/28 | new_swaps: 1 | total: 7) -> {'max_bond': 64, 'max_links': 4, 'total_elems': 94880, 'total_shapes': 2052, 'total_links': 222, 'num_tensors': 56}
2026-08-24 20:53:21,338 [INFO]     [2 | left | 1](candidate_pairs: 27/27 | new_swaps: 0 | total: 7) -> {'max_bond': 64, 'max_links': 4, 'total_elems': 94880, 'total_shapes': 2052, 'total_links': 222, 'num_tensors': 56}
2026-08-24 20:53:21,489 [INFO]     [2 | right | 0](candidate_pairs: 28/28 | new_swaps: 1 | total: 8) -> {'max_bond': 64, 'max_links': 4, 'total_elems': 94560, 'total_shapes': 2044, 'total_links': 222, 'num_tensors': 56}
2026-08-24 20:53:21,595 [INFO]     [2 | right | 1](candidate_pairs: 27/27 | new_swaps: 0 | total: 8) -> {'max_bond': 64, 'max_links': 4, 'total_elems': 94560, 'total_shapes': 2044, 'total_links': 222, 'num_tensors': 56}
2026-08-24 20:53:21,836 [INFO]     [3 | both | 0](candidate_pairs: 28/28 | new_swaps: 0 | total: 0) -> {'max_bond': 64, 'max_links': 4, 'total_elems': 94560, 'total_shapes': 2044, 'total_links': 222, 'num_tensors': 56}
2026-08-24 20:53:22,068 [INFO]     [3 | both | 1](candidate_pairs: 27/27 | new_swaps: 0 | total: 0) -> {'max_bond': 64, 'max_links': 4, 'total_elems': 94560, 'total_shapes': 2044, 'total_links': 222, 'num_tensors': 56}
2026-08-24 20:53:22,180 [INFO]     [3 | left | 0](candidate_pairs: 28/28 | new_swaps: 0 | total: 0) -> {'max_bond': 64, 'max_links': 4, 'total_elems': 94560, 'total_shapes': 2044, 'total_links': 222, 'num_tensors': 56}
2026-08-24 20:53:22,288 [INFO]     [3 | left | 1](candidate_pairs: 27/27 | new_swaps: 0 | total: 0) -> {'max_bond': 64, 'max_links': 4, 'total_elems': 94560, 'total_shapes': 2044, 'total_links': 222, 'num_tensors': 56}
2026-08-24 20:53:22,401 [INFO]     [3 | right | 0](candidate_pairs: 28/28 | new_swaps: 0 | total: 0) -> {'max_bond': 64, 'max_links': 4, 'total_elems': 94560, 'total_shapes': 2044, 'total_links': 222, 'num_tensors': 56}
2026-08-24 20:53:22,509 [INFO]     [3 | right | 1](candidate_pairs: 27/27 | new_swaps: 0 | total: 0) -> {'max_bond': 64, 'max_links': 4, 'total_elems': 94560, 'total_shapes': 2044, 'total_links': 222, 'num_tensors': 56}
2026-08-24 20:53:22,510 [INFO]     [end unswap] -> {'max_bond': 64, 'max_links': 4, 'total_elems': 94560, 'total_shapes': 2044, 'total_links': 222, 'num_tensors': 56}
2026-08-24 20:53:22,511 [INFO] [start rewire](phase=post_unswap, cycle=22, side=left, layers=1425, trials=20, seed=123, parallel=False, route_candidates=1, route_score=none)
2026-08-24 20:53:24,845 [INFO] [end rewire](phase=post_unswap, cycle=22, side=left, routed_layers=1363, elapsed_s=2.33)
2026-08-24 20:53:24,845 [INFO] [start rewire](phase=post_unswap, cycle=22, side=right, layers=1540, trials=20, seed=123, parallel=False, route_candidates=1, route_score=none)
2026-08-24 20:53:26,927 [INFO] [end rewire](phase=post_unswap, cycle=22, side=right, routed_layers=1645, elapsed_s=2.08)
[Cycle 22] 115/1885 gates (6.1 %) after 532 sec
2026-08-24 20:53:27,117 [INFO] [1L/1361](swap: 14, u: 1 | c_u: 1 | t_u_l: 46/942 | t_u_r: 70/943 | t_u: 116/1885) -> {'max_bond': 64, 'max_links': 4, 'total_elems': 94560, 'total_shapes': 2044, 'total_links': 222, 'num_tensors': 56}
2026-08-24 20:53:27,285 [INFO] [2L/1361](swap: 13, u: 1 | c_u: 2 | t_u_l: 47/942 | t_u_r: 70/943 | t_u: 117/1885) -> {'max_bond': 64, 'max_links': 4, 'total_elems': 135172, 'total_shapes': 2508, 'total_links': 222, 'num_tensors': 56}
2026-08-24 20:53:27,522 [INFO] [1R/1643](swap: 15, u: 0 | c_u: 2 | t_u_l: 47/942 | t_u_r: 70/943 | t_u: 117/1885) -> {'max_bond': 64, 'max_links': 4, 'total_elems': 200568, 'total_shapes': 2984, 'total_links': 222, 'num_tensors': 56}
2026-08-24 20:53:27,847 [INFO] [3L/1361](swap: 10, u: 3 | c_u: 5 | t_u_l: 50/942 | t_u_r: 70/943 | t_u: 120/1885) -> {'max_bond': 228, 'max_links': 4, 'total_elems': 319924, 'total_shapes': 3512, 'total_links': 222, 'num_tensors': 56}
2026-08-24 20:53:28,365 [INFO] [4L/1361](swap: 10, u: 2 | c_u: 7 | t_u_l: 52/942 | t_u_r: 70/943 | t_u: 122/1885) -> {'max_bond': 217, 'max_links': 4, 'total_elems': 417824, 'total_shapes': 3916, 'total_links': 222, 'num_tensors': 56}
2026-08-24 20:53:28,900 [INFO] [5L/1361](swap: 9, u: 0 | c_u: 7 | t_u_l: 52/942 | t_u_r: 70/943 | t_u: 122/1885) -> {'max_bond': 215, 'max_links': 4, 'total_elems': 553176, 'total_shapes': 4538, 'total_links': 222, 'num_tensors': 56}
2026-08-24 20:53:29,706 [INFO] [6L/1361](swap: 8, u: 1 | c_u: 8 | t_u_l: 53/942 | t_u_r: 70/943 | t_u: 123/1885) -> {'max_bond': 247, 'max_links': 4, 'total_elems': 756720, 'total_shapes': 5154, 'total_links': 222, 'num_tensors': 56}
2026-08-24 20:53:30,798 [INFO] [7L/1361](swap: 7, u: 2 | c_u: 10 | t_u_l: 55/942 | t_u_r: 70/943 | t_u: 125/1885) -> {'max_bond': 233, 'max_links': 4, 'total_elems': 827844, 'total_shapes': 5438, 'total_links': 222, 'num_tensors': 56}
2026-08-24 20:53:31,784 [INFO] [8L/1361](swap: 7, u: 0 | c_u: 10 | t_u_l: 55/942 | t_u_r: 70/943 | t_u: 125/1885) -> {'max_bond': 223, 'max_links': 4, 'total_elems': 895944, 'total_shapes': 5926, 'total_links': 222, 'num_tensors': 56}
2026-08-24 20:53:33,054 [INFO]     [start unswap] -> {'max_bond': 223, 'max_links': 4, 'total_elems': 895944, 'total_shapes': 5926, 'total_links': 222, 'num_tensors': 56}
2026-08-24 20:53:37,591 [INFO]     [0 | both | 0](candidate_pairs: 28/28 | new_swaps: 5 | total: 5) -> {'max_bond': 196, 'max_links': 4, 'total_elems': 893220, 'total_shapes': 5986, 'total_links': 222, 'num_tensors': 56}
2026-08-24 20:53:40,382 [INFO]     [0 | both | 1](candidate_pairs: 27/27 | new_swaps: 8 | total: 13) -> {'max_bond': 191, 'max_links': 4, 'total_elems': 658832, 'total_shapes': 4958, 'total_links': 222, 'num_tensors': 56}
2026-08-24 20:53:41,484 [INFO]     [0 | left | 0](candidate_pairs: 28/28 | new_swaps: 12 | total: 25) -> {'max_bond': 190, 'max_links': 4, 'total_elems': 467320, 'total_shapes': 4180, 'total_links': 222, 'num_tensors': 56}
2026-08-24 20:53:42,144 [INFO]     [0 | left | 1](candidate_pairs: 27/27 | new_swaps: 9 | total: 34) -> {'max_bond': 126, 'max_links': 4, 'total_elems': 373556, 'total_shapes': 3766, 'total_links': 222, 'num_tensors': 56}
2026-08-24 20:53:42,703 [INFO]     [0 | right | 0](candidate_pairs: 28/28 | new_swaps: 2 | total: 36) -> {'max_bond': 124, 'max_links': 4, 'total_elems': 366996, 'total_shapes': 3696, 'total_links': 222, 'num_tensors': 56}
2026-08-24 20:53:43,249 [INFO]     [0 | right | 1](candidate_pairs: 27/27 | new_swaps: 3 | total: 39) -> {'max_bond': 123, 'max_links': 4, 'total_elems': 339428, 'total_shapes': 3580, 'total_links': 222, 'num_tensors': 56}
2026-08-24 20:53:44,348 [INFO]     [1 | both | 0](candidate_pairs: 28/28 | new_swaps: 5 | total: 5) -> {'max_bond': 121, 'max_links': 4, 'total_elems': 329836, 'total_shapes': 3496, 'total_links': 222, 'num_tensors': 56}
2026-08-24 20:53:45,311 [INFO]     [1 | both | 1](candidate_pairs: 27/27 | new_swaps: 6 | total: 11) -> {'max_bond': 114, 'max_links': 4, 'total_elems': 312936, 'total_shapes': 3398, 'total_links': 222, 'num_tensors': 56}
2026-08-24 20:53:45,790 [INFO]     [1 | left | 0](candidate_pairs: 28/28 | new_swaps: 5 | total: 16) -> {'max_bond': 108, 'max_links': 4, 'total_elems': 278184, 'total_shapes': 3158, 'total_links': 222, 'num_tensors': 56}
2026-08-24 20:53:46,234 [INFO]     [1 | left | 1](candidate_pairs: 27/27 | new_swaps: 6 | total: 22) -> {'max_bond': 106, 'max_links': 4, 'total_elems': 249708, 'total_shapes': 2962, 'total_links': 222, 'num_tensors': 56}
2026-08-24 20:53:46,616 [INFO]     [1 | right | 0](candidate_pairs: 28/28 | new_swaps: 3 | total: 25) -> {'max_bond': 100, 'max_links': 4, 'total_elems': 217424, 'total_shapes': 2768, 'total_links': 222, 'num_tensors': 56}
2026-08-24 20:53:46,922 [INFO]     [1 | right | 1](candidate_pairs: 27/27 | new_swaps: 4 | total: 29) -> {'max_bond': 96, 'max_links': 4, 'total_elems': 206188, 'total_shapes': 2628, 'total_links': 222, 'num_tensors': 56}
2026-08-24 20:53:47,576 [INFO]     [2 | both | 0](candidate_pairs: 28/28 | new_swaps: 6 | total: 6) -> {'max_bond': 92, 'max_links': 4, 'total_elems': 197560, 'total_shapes': 2524, 'total_links': 222, 'num_tensors': 56}
2026-08-24 20:53:48,152 [INFO]     [2 | both | 1](candidate_pairs: 27/27 | new_swaps: 6 | total: 12) -> {'max_bond': 92, 'max_links': 4, 'total_elems': 167148, 'total_shapes': 2356, 'total_links': 222, 'num_tensors': 56}
2026-08-24 20:53:48,428 [INFO]     [2 | left | 0](candidate_pairs: 28/28 | new_swaps: 3 | total: 15) -> {'max_bond': 92, 'max_links': 4, 'total_elems': 145448, 'total_shapes': 2190, 'total_links': 222, 'num_tensors': 56}
2026-08-24 20:53:48,645 [INFO]     [2 | left | 1](candidate_pairs: 27/27 | new_swaps: 1 | total: 16) -> {'max_bond': 92, 'max_links': 4, 'total_elems': 140892, 'total_shapes': 2154, 'total_links': 222, 'num_tensors': 56}
2026-08-24 20:53:48,894 [INFO]     [2 | right | 0](candidate_pairs: 28/28 | new_swaps: 1 | total: 17) -> {'max_bond': 92, 'max_links': 4, 'total_elems': 139932, 'total_shapes': 2130, 'total_links': 222, 'num_tensors': 56}
2026-08-24 20:53:49,096 [INFO]     [2 | right | 1](candidate_pairs: 27/27 | new_swaps: 1 | total: 18) -> {'max_bond': 92, 'max_links': 4, 'total_elems': 138780, 'total_shapes': 2114, 'total_links': 222, 'num_tensors': 56}
2026-08-24 20:53:49,615 [INFO]     [3 | both | 0](candidate_pairs: 28/28 | new_swaps: 2 | total: 2) -> {'max_bond': 92, 'max_links': 4, 'total_elems': 130364, 'total_shapes': 2026, 'total_links': 222, 'num_tensors': 56}
2026-08-24 20:53:49,990 [INFO]     [3 | both | 1](candidate_pairs: 27/27 | new_swaps: 1 | total: 3) -> {'max_bond': 92, 'max_links': 4, 'total_elems': 121148, 'total_shapes': 1930, 'total_links': 222, 'num_tensors': 56}
2026-08-24 20:53:50,146 [INFO]     [3 | left | 0](candidate_pairs: 28/28 | new_swaps: 0 | total: 3) -> {'max_bond': 92, 'max_links': 4, 'total_elems': 121148, 'total_shapes': 1930, 'total_links': 222, 'num_tensors': 56}
2026-08-24 20:53:50,268 [INFO]     [3 | left | 1](candidate_pairs: 27/27 | new_swaps: 0 | total: 3) -> {'max_bond': 92, 'max_links': 4, 'total_elems': 121148, 'total_shapes': 1930, 'total_links': 222, 'num_tensors': 56}
2026-08-24 20:53:50,431 [INFO]     [3 | right | 0](candidate_pairs: 28/28 | new_swaps: 0 | total: 3) -> {'max_bond': 92, 'max_links': 4, 'total_elems': 121148, 'total_shapes': 1930, 'total_links': 222, 'num_tensors': 56}
2026-08-24 20:53:50,559 [INFO]     [3 | right | 1](candidate_pairs: 27/27 | new_swaps: 0 | total: 3) -> {'max_bond': 92, 'max_links': 4, 'total_elems': 121148, 'total_shapes': 1930, 'total_links': 222, 'num_tensors': 56}
2026-08-24 20:53:50,897 [INFO]     [4 | both | 0](candidate_pairs: 28/28 | new_swaps: 0 | total: 0) -> {'max_bond': 92, 'max_links': 4, 'total_elems': 121148, 'total_shapes': 1930, 'total_links': 222, 'num_tensors': 56}
2026-08-24 20:53:51,158 [INFO]     [4 | both | 1](candidate_pairs: 27/27 | new_swaps: 0 | total: 0) -> {'max_bond': 92, 'max_links': 4, 'total_elems': 121148, 'total_shapes': 1930, 'total_links': 222, 'num_tensors': 56}
2026-08-24 20:53:51,313 [INFO]     [4 | left | 0](candidate_pairs: 28/28 | new_swaps: 0 | total: 0) -> {'max_bond': 92, 'max_links': 4, 'total_elems': 121148, 'total_shapes': 1930, 'total_links': 222, 'num_tensors': 56}
2026-08-24 20:53:51,435 [INFO]     [4 | left | 1](candidate_pairs: 27/27 | new_swaps: 0 | total: 0) -> {'max_bond': 92, 'max_links': 4, 'total_elems': 121148, 'total_shapes': 1930, 'total_links': 222, 'num_tensors': 56}
2026-08-24 20:53:51,596 [INFO]     [4 | right | 0](candidate_pairs: 28/28 | new_swaps: 0 | total: 0) -> {'max_bond': 92, 'max_links': 4, 'total_elems': 121148, 'total_shapes': 1930, 'total_links': 222, 'num_tensors': 56}
2026-08-24 20:53:51,723 [INFO]     [4 | right | 1](candidate_pairs: 27/27 | new_swaps: 0 | total: 0) -> {'max_bond': 92, 'max_links': 4, 'total_elems': 121148, 'total_shapes': 1930, 'total_links': 222, 'num_tensors': 56}
2026-08-24 20:53:51,724 [INFO]     [end unswap] -> {'max_bond': 92, 'max_links': 4, 'total_elems': 121148, 'total_shapes': 1930, 'total_links': 222, 'num_tensors': 56}
2026-08-24 20:53:51,724 [INFO] [start rewire](phase=post_unswap, cycle=23, side=left, layers=1355, trials=20, seed=123, parallel=False, route_candidates=1, route_score=none)
2026-08-24 20:53:54,143 [INFO] [end rewire](phase=post_unswap, cycle=23, side=left, routed_layers=1468, elapsed_s=2.42)
2026-08-24 20:53:54,143 [INFO] [start rewire](phase=post_unswap, cycle=23, side=right, layers=1644, trials=20, seed=123, parallel=False, route_candidates=1, route_score=none)
2026-08-24 20:53:55,551 [INFO] [end rewire](phase=post_unswap, cycle=23, side=right, routed_layers=1537, elapsed_s=1.41)
[Cycle 23] 125/1885 gates (6.6 %) after 560 sec
2026-08-24 20:53:55,767 [INFO] [1L/1466](swap: 17, u: 0 | c_u: 0 | t_u_l: 55/942 | t_u_r: 70/943 | t_u: 125/1885) -> {'max_bond': 92, 'max_links': 4, 'total_elems': 121148, 'total_shapes': 1930, 'total_links': 222, 'num_tensors': 56}
2026-08-24 20:53:55,974 [INFO] [2L/1466](swap: 16, u: 0 | c_u: 0 | t_u_l: 55/942 | t_u_r: 70/943 | t_u: 125/1885) -> {'max_bond': 96, 'max_links': 4, 'total_elems': 145688, 'total_shapes': 2338, 'total_links': 222, 'num_tensors': 56}
2026-08-24 20:53:56,203 [INFO] [1R/1535](swap: 11, u: 0 | c_u: 0 | t_u_l: 55/942 | t_u_r: 70/943 | t_u: 125/1885) -> {'max_bond': 126, 'max_links': 4, 'total_elems': 189440, 'total_shapes': 2656, 'total_links': 222, 'num_tensors': 56}
2026-08-24 20:53:56,512 [INFO] [3L/1466](swap: 13, u: 2 | c_u: 2 | t_u_l: 57/942 | t_u_r: 70/943 | t_u: 127/1885) -> {'max_bond': 124, 'max_links': 4, 'total_elems': 244192, 'total_shapes': 3080, 'total_links': 222, 'num_tensors': 56}
2026-08-24 20:53:56,991 [INFO] [2R/1535](swap: 14, u: 0 | c_u: 2 | t_u_l: 57/942 | t_u_r: 70/943 | t_u: 127/1885) -> {'max_bond': 229, 'max_links': 4, 'total_elems': 439004, 'total_shapes': 3710, 'total_links': 222, 'num_tensors': 56}
2026-08-24 20:53:57,700 [INFO] [4L/1466](swap: 10, u: 3 | c_u: 5 | t_u_l: 60/942 | t_u_r: 70/943 | t_u: 130/1885) -> {'max_bond': 184, 'max_links': 4, 'total_elems': 587216, 'total_shapes': 4752, 'total_links': 222, 'num_tensors': 56}
2026-08-24 20:53:58,441 [INFO] [5L/1466](swap: 9, u: 1 | c_u: 6 | t_u_l: 61/942 | t_u_r: 70/943 | t_u: 131/1885) -> {'max_bond': 176, 'max_links': 4, 'total_elems': 809004, 'total_shapes': 5274, 'total_links': 222, 'num_tensors': 56}
2026-08-24 20:53:59,474 [INFO] [6L/1466](swap: 8, u: 2 | c_u: 8 | t_u_l: 63/942 | t_u_r: 70/943 | t_u: 133/1885) -> {'max_bond': 158, 'max_links': 4, 'total_elems': 742316, 'total_shapes': 5258, 'total_links': 222, 'num_tensors': 56}
2026-08-24 20:54:00,413 [INFO] [3R/1535](swap: 13, u: 0 | c_u: 8 | t_u_l: 63/942 | t_u_r: 70/943 | t_u: 133/1885) -> {'max_bond': 305, 'max_links': 4, 'total_elems': 949712, 'total_shapes': 5762, 'total_links': 222, 'num_tensors': 56}
2026-08-24 20:54:01,437 [INFO]     [start unswap] -> {'max_bond': 305, 'max_links': 4, 'total_elems': 949712, 'total_shapes': 5762, 'total_links': 222, 'num_tensors': 56}
2026-08-24 20:54:08,444 [INFO]     [0 | both | 0](candidate_pairs: 28/28 | new_swaps: 4 | total: 4) -> {'max_bond': 272, 'max_links': 4, 'total_elems': 879948, 'total_shapes': 5636, 'total_links': 222, 'num_tensors': 56}
2026-08-24 20:54:10,432 [INFO]     [0 | both | 1](candidate_pairs: 27/27 | new_swaps: 19 | total: 23) -> {'max_bond': 128, 'max_links': 4, 'total_elems': 319344, 'total_shapes': 3402, 'total_links': 222, 'num_tensors': 56}
2026-08-24 20:54:10,918 [INFO]     [0 | left | 0](candidate_pairs: 28/28 | new_swaps: 12 | total: 35) -> {'max_bond': 128, 'max_links': 4, 'total_elems': 267136, 'total_shapes': 2994, 'total_links': 222, 'num_tensors': 56}
2026-08-24 20:54:11,443 [INFO]     [0 | left | 1](candidate_pairs: 27/27 | new_swaps: 9 | total: 44) -> {'max_bond': 128, 'max_links': 4, 'total_elems': 194848, 'total_shapes': 2668, 'total_links': 222, 'num_tensors': 56}
2026-08-24 20:54:11,740 [INFO]     [0 | right | 0](candidate_pairs: 28/28 | new_swaps: 7 | total: 51) -> {'max_bond': 128, 'max_links': 4, 'total_elems': 170320, 'total_shapes': 2460, 'total_links': 222, 'num_tensors': 56}
2026-08-24 20:54:12,048 [INFO]     [0 | right | 1](candidate_pairs: 27/27 | new_swaps: 4 | total: 55) -> {'max_bond': 128, 'max_links': 4, 'total_elems': 152148, 'total_shapes': 2316, 'total_links': 222, 'num_tensors': 56}
2026-08-24 20:54:12,538 [INFO]     [1 | both | 0](candidate_pairs: 28/28 | new_swaps: 9 | total: 9) -> {'max_bond': 64, 'max_links': 4, 'total_elems': 78768, 'total_shapes': 1910, 'total_links': 222, 'num_tensors': 56}
2026-08-24 20:54:12,818 [INFO]     [1 | both | 1](candidate_pairs: 27/27 | new_swaps: 8 | total: 17) -> {'max_bond': 40, 'max_links': 4, 'total_elems': 53532, 'total_shapes': 1612, 'total_links': 222, 'num_tensors': 56}
2026-08-24 20:54:12,939 [INFO]     [1 | left | 0](candidate_pairs: 28/28 | new_swaps: 6 | total: 23) -> {'max_bond': 37, 'max_links': 4, 'total_elems': 41700, 'total_shapes': 1456, 'total_links': 222, 'num_tensors': 56}
2026-08-24 20:54:13,042 [INFO]     [1 | left | 1](candidate_pairs: 27/27 | new_swaps: 5 | total: 28) -> {'max_bond': 33, 'max_links': 4, 'total_elems': 36348, 'total_shapes': 1368, 'total_links': 222, 'num_tensors': 56}
2026-08-24 20:54:13,121 [INFO]     [1 | right | 0](candidate_pairs: 28/28 | new_swaps: 1 | total: 29) -> {'max_bond': 32, 'max_links': 4, 'total_elems': 34020, 'total_shapes': 1338, 'total_links': 222, 'num_tensors': 56}
2026-08-24 20:54:13,213 [INFO]     [1 | right | 1](candidate_pairs: 27/27 | new_swaps: 3 | total: 32) -> {'max_bond': 32, 'max_links': 4, 'total_elems': 29896, 'total_shapes': 1272, 'total_links': 222, 'num_tensors': 56}
2026-08-24 20:54:13,376 [INFO]     [2 | both | 0](candidate_pairs: 28/28 | new_swaps: 6 | total: 6) -> {'max_bond': 32, 'max_links': 4, 'total_elems': 26756, 'total_shapes': 1202, 'total_links': 222, 'num_tensors': 56}
2026-08-24 20:54:13,531 [INFO]     [2 | both | 1](candidate_pairs: 27/27 | new_swaps: 2 | total: 8) -> {'max_bond': 32, 'max_links': 4, 'total_elems': 26432, 'total_shapes': 1192, 'total_links': 222, 'num_tensors': 56}
2026-08-24 20:54:13,613 [INFO]     [2 | left | 0](candidate_pairs: 28/28 | new_swaps: 3 | total: 11) -> {'max_bond': 32, 'max_links': 4, 'total_elems': 23552, 'total_shapes': 1154, 'total_links': 222, 'num_tensors': 56}
2026-08-24 20:54:13,690 [INFO]     [2 | left | 1](candidate_pairs: 27/27 | new_swaps: 2 | total: 13) -> {'max_bond': 23, 'max_links': 4, 'total_elems': 21784, 'total_shapes': 1128, 'total_links': 222, 'num_tensors': 56}
2026-08-24 20:54:13,731 [INFO]     [2 | right | 0](candidate_pairs: 28/28 | new_swaps: 0 | total: 13) -> {'max_bond': 23, 'max_links': 4, 'total_elems': 21784, 'total_shapes': 1128, 'total_links': 222, 'num_tensors': 56}
2026-08-24 20:54:13,770 [INFO]     [2 | right | 1](candidate_pairs: 27/27 | new_swaps: 0 | total: 13) -> {'max_bond': 23, 'max_links': 4, 'total_elems': 21784, 'total_shapes': 1128, 'total_links': 222, 'num_tensors': 56}
2026-08-24 20:54:13,853 [INFO]     [3 | both | 0](candidate_pairs: 28/28 | new_swaps: 0 | total: 0) -> {'max_bond': 23, 'max_links': 4, 'total_elems': 21784, 'total_shapes': 1128, 'total_links': 222, 'num_tensors': 56}
2026-08-24 20:54:13,934 [INFO]     [3 | both | 1](candidate_pairs: 27/27 | new_swaps: 0 | total: 0) -> {'max_bond': 23, 'max_links': 4, 'total_elems': 21784, 'total_shapes': 1128, 'total_links': 222, 'num_tensors': 56}
2026-08-24 20:54:14,000 [INFO]     [3 | left | 0](candidate_pairs: 28/28 | new_swaps: 1 | total: 1) -> {'max_bond': 23, 'max_links': 4, 'total_elems': 20120, 'total_shapes': 1104, 'total_links': 222, 'num_tensors': 56}
2026-08-24 20:54:14,038 [INFO]     [3 | left | 1](candidate_pairs: 27/27 | new_swaps: 0 | total: 1) -> {'max_bond': 23, 'max_links': 4, 'total_elems': 20120, 'total_shapes': 1104, 'total_links': 222, 'num_tensors': 56}
2026-08-24 20:54:14,078 [INFO]     [3 | right | 0](candidate_pairs: 28/28 | new_swaps: 0 | total: 1) -> {'max_bond': 23, 'max_links': 4, 'total_elems': 20120, 'total_shapes': 1104, 'total_links': 222, 'num_tensors': 56}
2026-08-24 20:54:14,115 [INFO]     [3 | right | 1](candidate_pairs: 27/27 | new_swaps: 0 | total: 1) -> {'max_bond': 23, 'max_links': 4, 'total_elems': 20120, 'total_shapes': 1104, 'total_links': 222, 'num_tensors': 56}
2026-08-24 20:54:14,201 [INFO]     [4 | both | 0](candidate_pairs: 28/28 | new_swaps: 0 | total: 0) -> {'max_bond': 23, 'max_links': 4, 'total_elems': 20120, 'total_shapes': 1104, 'total_links': 222, 'num_tensors': 56}
2026-08-24 20:54:14,344 [INFO]     [4 | both | 1](candidate_pairs: 27/27 | new_swaps: 2 | total: 2) -> {'max_bond': 23, 'max_links': 4, 'total_elems': 19056, 'total_shapes': 1078, 'total_links': 222, 'num_tensors': 56}
2026-08-24 20:54:14,384 [INFO]     [4 | left | 0](candidate_pairs: 28/28 | new_swaps: 0 | total: 2) -> {'max_bond': 23, 'max_links': 4, 'total_elems': 19056, 'total_shapes': 1078, 'total_links': 222, 'num_tensors': 56}
2026-08-24 20:54:14,423 [INFO]     [4 | left | 1](candidate_pairs: 27/27 | new_swaps: 0 | total: 2) -> {'max_bond': 23, 'max_links': 4, 'total_elems': 19056, 'total_shapes': 1078, 'total_links': 222, 'num_tensors': 56}
2026-08-24 20:54:14,463 [INFO]     [4 | right | 0](candidate_pairs: 28/28 | new_swaps: 0 | total: 2) -> {'max_bond': 23, 'max_links': 4, 'total_elems': 19056, 'total_shapes': 1078, 'total_links': 222, 'num_tensors': 56}
2026-08-24 20:54:14,502 [INFO]     [4 | right | 1](candidate_pairs: 27/27 | new_swaps: 0 | total: 2) -> {'max_bond': 23, 'max_links': 4, 'total_elems': 19056, 'total_shapes': 1078, 'total_links': 222, 'num_tensors': 56}
2026-08-24 20:54:14,583 [INFO]     [5 | both | 0](candidate_pairs: 28/28 | new_swaps: 0 | total: 0) -> {'max_bond': 23, 'max_links': 4, 'total_elems': 19056, 'total_shapes': 1078, 'total_links': 222, 'num_tensors': 56}
2026-08-24 20:54:14,663 [INFO]     [5 | both | 1](candidate_pairs: 27/27 | new_swaps: 0 | total: 0) -> {'max_bond': 23, 'max_links': 4, 'total_elems': 19056, 'total_shapes': 1078, 'total_links': 222, 'num_tensors': 56}
2026-08-24 20:54:14,704 [INFO]     [5 | left | 0](candidate_pairs: 28/28 | new_swaps: 0 | total: 0) -> {'max_bond': 23, 'max_links': 4, 'total_elems': 19056, 'total_shapes': 1078, 'total_links': 222, 'num_tensors': 56}
2026-08-24 20:54:14,744 [INFO]     [5 | left | 1](candidate_pairs: 27/27 | new_swaps: 0 | total: 0) -> {'max_bond': 23, 'max_links': 4, 'total_elems': 19056, 'total_shapes': 1078, 'total_links': 222, 'num_tensors': 56}
2026-08-24 20:54:14,782 [INFO]     [5 | right | 0](candidate_pairs: 28/28 | new_swaps: 0 | total: 0) -> {'max_bond': 23, 'max_links': 4, 'total_elems': 19056, 'total_shapes': 1078, 'total_links': 222, 'num_tensors': 56}
2026-08-24 20:54:14,821 [INFO]     [5 | right | 1](candidate_pairs: 27/27 | new_swaps: 0 | total: 0) -> {'max_bond': 23, 'max_links': 4, 'total_elems': 19056, 'total_shapes': 1078, 'total_links': 222, 'num_tensors': 56}
2026-08-24 20:54:14,822 [INFO]     [end unswap] -> {'max_bond': 23, 'max_links': 4, 'total_elems': 19056, 'total_shapes': 1078, 'total_links': 222, 'num_tensors': 56}
2026-08-24 20:54:14,823 [INFO] [start rewire](phase=post_unswap, cycle=24, side=left, layers=1462, trials=20, seed=123, parallel=False, route_candidates=1, route_score=none)
2026-08-24 20:54:17,204 [INFO] [end rewire](phase=post_unswap, cycle=24, side=left, routed_layers=1364, elapsed_s=2.38)
2026-08-24 20:54:17,204 [INFO] [start rewire](phase=post_unswap, cycle=24, side=right, layers=1534, trials=20, seed=123, parallel=False, route_candidates=1, route_score=none)
2026-08-24 20:54:19,280 [INFO] [end rewire](phase=post_unswap, cycle=24, side=right, routed_layers=1516, elapsed_s=2.08)
[Cycle 24] 133/1885 gates (7.1 %) after 584 sec
2026-08-24 20:54:19,419 [INFO] [1L/1362](swap: 12, u: 2 | c_u: 2 | t_u_l: 65/942 | t_u_r: 70/943 | t_u: 135/1885) -> {'max_bond': 23, 'max_links': 4, 'total_elems': 18208, 'total_shapes': 1054, 'total_links': 222, 'num_tensors': 56}
2026-08-24 20:54:19,499 [INFO] [1R/1514](swap: 12, u: 0 | c_u: 2 | t_u_l: 65/942 | t_u_r: 70/943 | t_u: 135/1885) -> {'max_bond': 32, 'max_links': 4, 'total_elems': 26104, 'total_shapes': 1260, 'total_links': 222, 'num_tensors': 56}
2026-08-24 20:54:19,589 [INFO] [2L/1362](swap: 14, u: 0 | c_u: 2 | t_u_l: 65/942 | t_u_r: 70/943 | t_u: 135/1885) -> {'max_bond': 32, 'max_links': 4, 'total_elems': 37824, 'total_shapes': 1450, 'total_links': 222, 'num_tensors': 56}
2026-08-24 20:54:19,697 [INFO] [2R/1514](swap: 14, u: 0 | c_u: 2 | t_u_l: 65/942 | t_u_r: 70/943 | t_u: 135/1885) -> {'max_bond': 32, 'max_links': 4, 'total_elems': 60240, 'total_shapes': 1802, 'total_links': 222, 'num_tensors': 56}
2026-08-24 20:54:19,835 [INFO] [3R/1514](swap: 14, u: 0 | c_u: 2 | t_u_l: 65/942 | t_u_r: 70/943 | t_u: 135/1885) -> {'max_bond': 64, 'max_links': 4, 'total_elems': 105616, 'total_shapes': 2318, 'total_links': 222, 'num_tensors': 56}
2026-08-24 20:54:20,043 [INFO] [3L/1362](swap: 8, u: 1 | c_u: 3 | t_u_l: 66/942 | t_u_r: 70/943 | t_u: 136/1885) -> {'max_bond': 127, 'max_links': 4, 'total_elems': 175164, 'total_shapes': 2680, 'total_links': 222, 'num_tensors': 56}
2026-08-24 20:54:20,311 [INFO] [4R/1514](swap: 13, u: 0 | c_u: 3 | t_u_l: 66/942 | t_u_r: 70/943 | t_u: 136/1885) -> {'max_bond': 128, 'max_links': 4, 'total_elems': 268224, 'total_shapes': 3378, 'total_links': 222, 'num_tensors': 56}
2026-08-24 20:54:20,747 [INFO] [5R/1514](swap: 13, u: 0 | c_u: 3 | t_u_l: 66/942 | t_u_r: 70/943 | t_u: 136/1885) -> {'max_bond': 128, 'max_links': 4, 'total_elems': 422708, 'total_shapes': 4150, 'total_links': 222, 'num_tensors': 56}
2026-08-24 20:54:21,346 [INFO] [4L/1362](swap: 7, u: 2 | c_u: 5 | t_u_l: 68/942 | t_u_r: 70/943 | t_u: 138/1885) -> {'max_bond': 248, 'max_links': 4, 'total_elems': 597448, 'total_shapes': 4790, 'total_links': 222, 'num_tensors': 56}
2026-08-24 20:54:22,325 [INFO] [5L/1362](swap: 7, u: 1 | c_u: 6 | t_u_l: 69/942 | t_u_r: 70/943 | t_u: 139/1885) -> {'max_bond': 247, 'max_links': 4, 'total_elems': 778312, 'total_shapes': 5256, 'total_links': 222, 'num_tensors': 56}
2026-08-24 20:54:23,418 [INFO]     [start unswap] -> {'max_bond': 247, 'max_links': 4, 'total_elems': 778312, 'total_shapes': 5256, 'total_links': 222, 'num_tensors': 56}
2026-08-24 20:54:27,265 [INFO]     [0 | both | 0](candidate_pairs: 28/28 | new_swaps: 10 | total: 10) -> {'max_bond': 128, 'max_links': 4, 'total_elems': 455096, 'total_shapes': 4340, 'total_links': 222, 'num_tensors': 56}
2026-08-24 20:54:28,446 [INFO]     [0 | both | 1](candidate_pairs: 27/27 | new_swaps: 7 | total: 17) -> {'max_bond': 123, 'max_links': 4, 'total_elems': 309716, 'total_shapes': 3552, 'total_links': 222, 'num_tensors': 56}
2026-08-24 20:54:28,974 [INFO]     [0 | left | 0](candidate_pairs: 28/28 | new_swaps: 7 | total: 24) -> {'max_bond': 121, 'max_links': 4, 'total_elems': 218972, 'total_shapes': 3140, 'total_links': 222, 'num_tensors': 56}
2026-08-24 20:54:29,336 [INFO]     [0 | left | 1](candidate_pairs: 27/27 | new_swaps: 16 | total: 40) -> {'max_bond': 64, 'max_links': 4, 'total_elems': 111768, 'total_shapes': 2386, 'total_links': 222, 'num_tensors': 56}
2026-08-24 20:54:29,527 [INFO]     [0 | right | 0](candidate_pairs: 28/28 | new_swaps: 13 | total: 53) -> {'max_bond': 64, 'max_links': 4, 'total_elems': 81784, 'total_shapes': 1910, 'total_links': 222, 'num_tensors': 56}
2026-08-24 20:54:29,694 [INFO]     [0 | right | 1](candidate_pairs: 27/27 | new_swaps: 6 | total: 59) -> {'max_bond': 64, 'max_links': 4, 'total_elems': 64024, 'total_shapes': 1770, 'total_links': 222, 'num_tensors': 56}
2026-08-24 20:54:29,959 [INFO]     [1 | both | 0](candidate_pairs: 28/28 | new_swaps: 8 | total: 8) -> {'max_bond': 33, 'max_links': 4, 'total_elems': 46664, 'total_shapes': 1572, 'total_links': 222, 'num_tensors': 56}
2026-08-24 20:54:30,177 [INFO]     [1 | both | 1](candidate_pairs: 27/27 | new_swaps: 10 | total: 18) -> {'max_bond': 32, 'max_links': 4, 'total_elems': 34648, 'total_shapes': 1376, 'total_links': 222, 'num_tensors': 56}
2026-08-24 20:54:30,265 [INFO]     [1 | left | 0](candidate_pairs: 28/28 | new_swaps: 4 | total: 22) -> {'max_bond': 32, 'max_links': 4, 'total_elems': 32496, 'total_shapes': 1306, 'total_links': 222, 'num_tensors': 56}
2026-08-24 20:54:30,357 [INFO]     [1 | left | 1](candidate_pairs: 27/27 | new_swaps: 2 | total: 24) -> {'max_bond': 32, 'max_links': 4, 'total_elems': 31884, 'total_shapes': 1294, 'total_links': 222, 'num_tensors': 56}
2026-08-24 20:54:30,447 [INFO]     [1 | right | 0](candidate_pairs: 28/28 | new_swaps: 4 | total: 28) -> {'max_bond': 32, 'max_links': 4, 'total_elems': 29896, 'total_shapes': 1258, 'total_links': 222, 'num_tensors': 56}
2026-08-24 20:54:30,538 [INFO]     [1 | right | 1](candidate_pairs: 27/27 | new_swaps: 3 | total: 31) -> {'max_bond': 32, 'max_links': 4, 'total_elems': 24984, 'total_shapes': 1196, 'total_links': 222, 'num_tensors': 56}
2026-08-24 20:54:30,683 [INFO]     [2 | both | 0](candidate_pairs: 28/28 | new_swaps: 4 | total: 4) -> {'max_bond': 32, 'max_links': 4, 'total_elems': 22576, 'total_shapes': 1146, 'total_links': 222, 'num_tensors': 56}
2026-08-24 20:54:30,828 [INFO]     [2 | both | 1](candidate_pairs: 27/27 | new_swaps: 2 | total: 6) -> {'max_bond': 32, 'max_links': 4, 'total_elems': 21952, 'total_shapes': 1128, 'total_links': 222, 'num_tensors': 56}
2026-08-24 20:54:30,891 [INFO]     [2 | left | 0](candidate_pairs: 28/28 | new_swaps: 1 | total: 7) -> {'max_bond': 32, 'max_links': 4, 'total_elems': 21824, 'total_shapes': 1126, 'total_links': 222, 'num_tensors': 56}
2026-08-24 20:54:30,932 [INFO]     [2 | left | 1](candidate_pairs: 27/27 | new_swaps: 0 | total: 7) -> {'max_bond': 32, 'max_links': 4, 'total_elems': 21824, 'total_shapes': 1126, 'total_links': 222, 'num_tensors': 56}
2026-08-24 20:54:30,993 [INFO]     [2 | right | 0](candidate_pairs: 28/28 | new_swaps: 1 | total: 8) -> {'max_bond': 32, 'max_links': 4, 'total_elems': 21632, 'total_shapes': 1114, 'total_links': 222, 'num_tensors': 56}
2026-08-24 20:54:31,034 [INFO]     [2 | right | 1](candidate_pairs: 27/27 | new_swaps: 0 | total: 8) -> {'max_bond': 32, 'max_links': 4, 'total_elems': 21632, 'total_shapes': 1114, 'total_links': 222, 'num_tensors': 56}
2026-08-24 20:54:31,160 [INFO]     [3 | both | 0](candidate_pairs: 28/28 | new_swaps: 1 | total: 1) -> {'max_bond': 32, 'max_links': 4, 'total_elems': 20608, 'total_shapes': 1098, 'total_links': 222, 'num_tensors': 56}
2026-08-24 20:54:31,290 [INFO]     [3 | both | 1](candidate_pairs: 27/27 | new_swaps: 1 | total: 2) -> {'max_bond': 32, 'max_links': 4, 'total_elems': 20224, 'total_shapes': 1090, 'total_links': 222, 'num_tensors': 56}
2026-08-24 20:54:31,327 [INFO]     [3 | left | 0](candidate_pairs: 28/28 | new_swaps: 0 | total: 2) -> {'max_bond': 32, 'max_links': 4, 'total_elems': 20224, 'total_shapes': 1090, 'total_links': 222, 'num_tensors': 56}
2026-08-24 20:54:31,365 [INFO]     [3 | left | 1](candidate_pairs: 27/27 | new_swaps: 0 | total: 2) -> {'max_bond': 32, 'max_links': 4, 'total_elems': 20224, 'total_shapes': 1090, 'total_links': 222, 'num_tensors': 56}
2026-08-24 20:54:31,402 [INFO]     [3 | right | 0](candidate_pairs: 28/28 | new_swaps: 0 | total: 2) -> {'max_bond': 32, 'max_links': 4, 'total_elems': 20224, 'total_shapes': 1090, 'total_links': 222, 'num_tensors': 56}
2026-08-24 20:54:31,441 [INFO]     [3 | right | 1](candidate_pairs: 27/27 | new_swaps: 0 | total: 2) -> {'max_bond': 32, 'max_links': 4, 'total_elems': 20224, 'total_shapes': 1090, 'total_links': 222, 'num_tensors': 56}
2026-08-24 20:54:31,514 [INFO]     [4 | both | 0](candidate_pairs: 28/28 | new_swaps: 0 | total: 0) -> {'max_bond': 32, 'max_links': 4, 'total_elems': 20224, 'total_shapes': 1090, 'total_links': 222, 'num_tensors': 56}
2026-08-24 20:54:31,595 [INFO]     [4 | both | 1](candidate_pairs: 27/27 | new_swaps: 0 | total: 0) -> {'max_bond': 32, 'max_links': 4, 'total_elems': 20224, 'total_shapes': 1090, 'total_links': 222, 'num_tensors': 56}
2026-08-24 20:54:31,632 [INFO]     [4 | left | 0](candidate_pairs: 28/28 | new_swaps: 0 | total: 0) -> {'max_bond': 32, 'max_links': 4, 'total_elems': 20224, 'total_shapes': 1090, 'total_links': 222, 'num_tensors': 56}
2026-08-24 20:54:31,671 [INFO]     [4 | left | 1](candidate_pairs: 27/27 | new_swaps: 0 | total: 0) -> {'max_bond': 32, 'max_links': 4, 'total_elems': 20224, 'total_shapes': 1090, 'total_links': 222, 'num_tensors': 56}
2026-08-24 20:54:31,707 [INFO]     [4 | right | 0](candidate_pairs: 28/28 | new_swaps: 0 | total: 0) -> {'max_bond': 32, 'max_links': 4, 'total_elems': 20224, 'total_shapes': 1090, 'total_links': 222, 'num_tensors': 56}
2026-08-24 20:54:31,745 [INFO]     [4 | right | 1](candidate_pairs: 27/27 | new_swaps: 0 | total: 0) -> {'max_bond': 32, 'max_links': 4, 'total_elems': 20224, 'total_shapes': 1090, 'total_links': 222, 'num_tensors': 56}
2026-08-24 20:54:31,746 [INFO]     [end unswap] -> {'max_bond': 32, 'max_links': 4, 'total_elems': 20224, 'total_shapes': 1090, 'total_links': 222, 'num_tensors': 56}
2026-08-24 20:54:31,804 [INFO] [start rewire](phase=post_unswap, cycle=25, side=left, layers=1359, trials=20, seed=123, parallel=False, route_candidates=1, route_score=none)
2026-08-24 20:54:34,273 [INFO] [end rewire](phase=post_unswap, cycle=25, side=left, routed_layers=1488, elapsed_s=2.47)
2026-08-24 20:54:34,273 [INFO] [start rewire](phase=post_unswap, cycle=25, side=right, layers=1511, trials=20, seed=123, parallel=False, route_candidates=1, route_score=none)
2026-08-24 20:54:35,693 [INFO] [end rewire](phase=post_unswap, cycle=25, side=right, routed_layers=1556, elapsed_s=1.42)
[Cycle 25] 139/1885 gates (7.4 %) after 601 sec
2026-08-24 20:54:35,829 [INFO] [1L/1486](swap: 12, u: 0 | c_u: 0 | t_u_l: 69/942 | t_u_r: 70/943 | t_u: 139/1885) -> {'max_bond': 32, 'max_links': 4, 'total_elems': 20224, 'total_shapes': 1090, 'total_links': 222, 'num_tensors': 56}
2026-08-24 20:54:35,910 [INFO] [2L/1486](swap: 12, u: 0 | c_u: 0 | t_u_l: 69/942 | t_u_r: 70/943 | t_u: 139/1885) -> {'max_bond': 32, 'max_links': 4, 'total_elems': 24436, 'total_shapes': 1244, 'total_links': 222, 'num_tensors': 56}
2026-08-24 20:54:35,994 [INFO] [1R/1554](swap: 13, u: 0 | c_u: 0 | t_u_l: 69/942 | t_u_r: 70/943 | t_u: 139/1885) -> {'max_bond': 32, 'max_links': 4, 'total_elems': 33536, 'total_shapes': 1434, 'total_links': 222, 'num_tensors': 56}
2026-08-24 20:54:36,091 [INFO] [3L/1486](swap: 14, u: 0 | c_u: 0 | t_u_l: 69/942 | t_u_r: 70/943 | t_u: 139/1885) -> {'max_bond': 32, 'max_links': 4, 'total_elems': 47672, 'total_shapes': 1676, 'total_links': 222, 'num_tensors': 56}
2026-08-24 20:54:36,215 [INFO] [2R/1554](swap: 15, u: 0 | c_u: 0 | t_u_l: 69/942 | t_u_r: 70/943 | t_u: 139/1885) -> {'max_bond': 62, 'max_links': 4, 'total_elems': 66832, 'total_shapes': 1942, 'total_links': 222, 'num_tensors': 56}
2026-08-24 20:54:36,351 [INFO] [3R/1554](swap: 14, u: 0 | c_u: 0 | t_u_l: 69/942 | t_u_r: 70/943 | t_u: 139/1885) -> {'max_bond': 64, 'max_links': 4, 'total_elems': 112076, 'total_shapes': 2512, 'total_links': 222, 'num_tensors': 56}
2026-08-24 20:54:36,545 [INFO] [4L/1486](swap: 13, u: 0 | c_u: 0 | t_u_l: 69/942 | t_u_r: 70/943 | t_u: 139/1885) -> {'max_bond': 116, 'max_links': 4, 'total_elems': 165108, 'total_shapes': 2848, 'total_links': 222, 'num_tensors': 56}
2026-08-24 20:54:36,802 [INFO] [5L/1486](swap: 12, u: 0 | c_u: 0 | t_u_l: 69/942 | t_u_r: 70/943 | t_u: 139/1885) -> {'max_bond': 128, 'max_links': 4, 'total_elems': 267720, 'total_shapes': 3604, 'total_links': 222, 'num_tensors': 56}
2026-08-24 20:54:37,214 [INFO] [4R/1554](swap: 14, u: 0 | c_u: 0 | t_u_l: 69/942 | t_u_r: 70/943 | t_u: 139/1885) -> {'max_bond': 128, 'max_links': 4, 'total_elems': 404008, 'total_shapes': 4368, 'total_links': 222, 'num_tensors': 56}
2026-08-24 20:54:37,854 [INFO] [5R/1554](swap: 14, u: 0 | c_u: 0 | t_u_l: 69/942 | t_u_r: 70/943 | t_u: 139/1885) -> {'max_bond': 175, 'max_links': 4, 'total_elems': 729532, 'total_shapes': 5952, 'total_links': 222, 'num_tensors': 56}
2026-08-24 20:54:39,028 [INFO]     [start unswap] -> {'max_bond': 175, 'max_links': 4, 'total_elems': 729532, 'total_shapes': 5952, 'total_links': 222, 'num_tensors': 56}
2026-08-24 20:54:44,795 [INFO]     [0 | both | 0](candidate_pairs: 28/28 | new_swaps: 7 | total: 7) -> {'max_bond': 254, 'max_links': 4, 'total_elems': 961768, 'total_shapes': 6212, 'total_links': 222, 'num_tensors': 56}
2026-08-24 20:54:47,697 [INFO]     [0 | both | 1](candidate_pairs: 27/27 | new_swaps: 12 | total: 19) -> {'max_bond': 128, 'max_links': 4, 'total_elems': 581160, 'total_shapes': 4852, 'total_links': 222, 'num_tensors': 56}
2026-08-24 20:54:48,582 [INFO]     [0 | left | 0](candidate_pairs: 28/28 | new_swaps: 10 | total: 29) -> {'max_bond': 128, 'max_links': 4, 'total_elems': 447892, 'total_shapes': 4170, 'total_links': 222, 'num_tensors': 56}
2026-08-24 20:54:49,501 [INFO]     [0 | left | 1](candidate_pairs: 27/27 | new_swaps: 10 | total: 39) -> {'max_bond': 128, 'max_links': 4, 'total_elems': 218920, 'total_shapes': 3328, 'total_links': 222, 'num_tensors': 56}
2026-08-24 20:54:49,805 [INFO]     [0 | right | 0](candidate_pairs: 28/28 | new_swaps: 9 | total: 48) -> {'max_bond': 64, 'max_links': 4, 'total_elems': 135504, 'total_shapes': 2618, 'total_links': 222, 'num_tensors': 56}
2026-08-24 20:54:50,055 [INFO]     [0 | right | 1](candidate_pairs: 27/27 | new_swaps: 10 | total: 58) -> {'max_bond': 64, 'max_links': 4, 'total_elems': 90560, 'total_shapes': 2248, 'total_links': 222, 'num_tensors': 56}
2026-08-24 20:54:50,369 [INFO]     [1 | both | 0](candidate_pairs: 28/28 | new_swaps: 12 | total: 12) -> {'max_bond': 32, 'max_links': 4, 'total_elems': 51540, 'total_shapes': 1768, 'total_links': 222, 'num_tensors': 56}
2026-08-24 20:54:50,601 [INFO]     [1 | both | 1](candidate_pairs: 27/27 | new_swaps: 10 | total: 22) -> {'max_bond': 32, 'max_links': 4, 'total_elems': 36528, 'total_shapes': 1492, 'total_links': 222, 'num_tensors': 56}
2026-08-24 20:54:50,694 [INFO]     [1 | left | 0](candidate_pairs: 28/28 | new_swaps: 5 | total: 27) -> {'max_bond': 32, 'max_links': 4, 'total_elems': 31404, 'total_shapes': 1400, 'total_links': 222, 'num_tensors': 56}
2026-08-24 20:54:50,792 [INFO]     [1 | left | 1](candidate_pairs: 27/27 | new_swaps: 4 | total: 31) -> {'max_bond': 32, 'max_links': 4, 'total_elems': 25476, 'total_shapes': 1324, 'total_links': 222, 'num_tensors': 56}
2026-08-24 20:54:50,873 [INFO]     [1 | right | 0](candidate_pairs: 28/28 | new_swaps: 8 | total: 39) -> {'max_bond': 24, 'max_links': 4, 'total_elems': 21632, 'total_shapes': 1214, 'total_links': 222, 'num_tensors': 56}
2026-08-24 20:54:50,950 [INFO]     [1 | right | 1](candidate_pairs: 27/27 | new_swaps: 3 | total: 42) -> {'max_bond': 24, 'max_links': 4, 'total_elems': 20512, 'total_shapes': 1182, 'total_links': 222, 'num_tensors': 56}
2026-08-24 20:54:51,089 [INFO]     [2 | both | 0](candidate_pairs: 28/28 | new_swaps: 6 | total: 6) -> {'max_bond': 22, 'max_links': 4, 'total_elems': 18116, 'total_shapes': 1120, 'total_links': 222, 'num_tensors': 56}
2026-08-24 20:54:51,222 [INFO]     [2 | both | 1](candidate_pairs: 27/27 | new_swaps: 3 | total: 9) -> {'max_bond': 22, 'max_links': 4, 'total_elems': 16388, 'total_shapes': 1076, 'total_links': 222, 'num_tensors': 56}
2026-08-24 20:54:51,288 [INFO]     [2 | left | 0](candidate_pairs: 28/28 | new_swaps: 1 | total: 10) -> {'max_bond': 22, 'max_links': 4, 'total_elems': 16196, 'total_shapes': 1064, 'total_links': 222, 'num_tensors': 56}
2026-08-24 20:54:51,324 [INFO]     [2 | left | 1](candidate_pairs: 27/27 | new_swaps: 0 | total: 10) -> {'max_bond': 22, 'max_links': 4, 'total_elems': 16196, 'total_shapes': 1064, 'total_links': 222, 'num_tensors': 56}
2026-08-24 20:54:51,392 [INFO]     [2 | right | 0](candidate_pairs: 28/28 | new_swaps: 3 | total: 13) -> {'max_bond': 22, 'max_links': 4, 'total_elems': 15004, 'total_shapes': 1030, 'total_links': 222, 'num_tensors': 56}
2026-08-24 20:54:51,448 [INFO]     [2 | right | 1](candidate_pairs: 27/27 | new_swaps: 1 | total: 14) -> {'max_bond': 22, 'max_links': 4, 'total_elems': 14948, 'total_shapes': 1026, 'total_links': 222, 'num_tensors': 56}
2026-08-24 20:54:51,514 [INFO]     [3 | both | 0](candidate_pairs: 28/28 | new_swaps: 0 | total: 0) -> {'max_bond': 22, 'max_links': 4, 'total_elems': 14948, 'total_shapes': 1026, 'total_links': 222, 'num_tensors': 56}
2026-08-24 20:54:51,626 [INFO]     [3 | both | 1](candidate_pairs: 27/27 | new_swaps: 1 | total: 1) -> {'max_bond': 22, 'max_links': 4, 'total_elems': 14900, 'total_shapes': 1022, 'total_links': 222, 'num_tensors': 56}
2026-08-24 20:54:51,660 [INFO]     [3 | left | 0](candidate_pairs: 28/28 | new_swaps: 0 | total: 1) -> {'max_bond': 22, 'max_links': 4, 'total_elems': 14900, 'total_shapes': 1022, 'total_links': 222, 'num_tensors': 56}
2026-08-24 20:54:51,716 [INFO]     [3 | left | 1](candidate_pairs: 27/27 | new_swaps: 1 | total: 2) -> {'max_bond': 22, 'max_links': 4, 'total_elems': 14844, 'total_shapes': 1018, 'total_links': 222, 'num_tensors': 56}
2026-08-24 20:54:51,748 [INFO]     [3 | right | 0](candidate_pairs: 28/28 | new_swaps: 0 | total: 2) -> {'max_bond': 22, 'max_links': 4, 'total_elems': 14844, 'total_shapes': 1018, 'total_links': 222, 'num_tensors': 56}
2026-08-24 20:54:51,782 [INFO]     [3 | right | 1](candidate_pairs: 27/27 | new_swaps: 0 | total: 2) -> {'max_bond': 22, 'max_links': 4, 'total_elems': 14844, 'total_shapes': 1018, 'total_links': 222, 'num_tensors': 56}
2026-08-24 20:54:51,893 [INFO]     [4 | both | 0](candidate_pairs: 28/28 | new_swaps: 1 | total: 1) -> {'max_bond': 22, 'max_links': 4, 'total_elems': 14796, 'total_shapes': 1014, 'total_links': 222, 'num_tensors': 56}
2026-08-24 20:54:51,961 [INFO]     [4 | both | 1](candidate_pairs: 27/27 | new_swaps: 0 | total: 1) -> {'max_bond': 22, 'max_links': 4, 'total_elems': 14796, 'total_shapes': 1014, 'total_links': 222, 'num_tensors': 56}
2026-08-24 20:54:51,994 [INFO]     [4 | left | 0](candidate_pairs: 28/28 | new_swaps: 0 | total: 1) -> {'max_bond': 22, 'max_links': 4, 'total_elems': 14796, 'total_shapes': 1014, 'total_links': 222, 'num_tensors': 56}
2026-08-24 20:54:52,028 [INFO]     [4 | left | 1](candidate_pairs: 27/27 | new_swaps: 0 | total: 1) -> {'max_bond': 22, 'max_links': 4, 'total_elems': 14796, 'total_shapes': 1014, 'total_links': 222, 'num_tensors': 56}
2026-08-24 20:54:52,061 [INFO]     [4 | right | 0](candidate_pairs: 28/28 | new_swaps: 0 | total: 1) -> {'max_bond': 22, 'max_links': 4, 'total_elems': 14796, 'total_shapes': 1014, 'total_links': 222, 'num_tensors': 56}
2026-08-24 20:54:52,094 [INFO]     [4 | right | 1](candidate_pairs: 27/27 | new_swaps: 0 | total: 1) -> {'max_bond': 22, 'max_links': 4, 'total_elems': 14796, 'total_shapes': 1014, 'total_links': 222, 'num_tensors': 56}
2026-08-24 20:54:52,159 [INFO]     [5 | both | 0](candidate_pairs: 28/28 | new_swaps: 0 | total: 0) -> {'max_bond': 22, 'max_links': 4, 'total_elems': 14796, 'total_shapes': 1014, 'total_links': 222, 'num_tensors': 56}
2026-08-24 20:54:52,227 [INFO]     [5 | both | 1](candidate_pairs: 27/27 | new_swaps: 0 | total: 0) -> {'max_bond': 22, 'max_links': 4, 'total_elems': 14796, 'total_shapes': 1014, 'total_links': 222, 'num_tensors': 56}
2026-08-24 20:54:52,260 [INFO]     [5 | left | 0](candidate_pairs: 28/28 | new_swaps: 0 | total: 0) -> {'max_bond': 22, 'max_links': 4, 'total_elems': 14796, 'total_shapes': 1014, 'total_links': 222, 'num_tensors': 56}
2026-08-24 20:54:52,293 [INFO]     [5 | left | 1](candidate_pairs: 27/27 | new_swaps: 0 | total: 0) -> {'max_bond': 22, 'max_links': 4, 'total_elems': 14796, 'total_shapes': 1014, 'total_links': 222, 'num_tensors': 56}
2026-08-24 20:54:52,325 [INFO]     [5 | right | 0](candidate_pairs: 28/28 | new_swaps: 0 | total: 0) -> {'max_bond': 22, 'max_links': 4, 'total_elems': 14796, 'total_shapes': 1014, 'total_links': 222, 'num_tensors': 56}
2026-08-24 20:54:52,359 [INFO]     [5 | right | 1](candidate_pairs: 27/27 | new_swaps: 0 | total: 0) -> {'max_bond': 22, 'max_links': 4, 'total_elems': 14796, 'total_shapes': 1014, 'total_links': 222, 'num_tensors': 56}
2026-08-24 20:54:52,359 [INFO]     [end unswap] -> {'max_bond': 22, 'max_links': 4, 'total_elems': 14796, 'total_shapes': 1014, 'total_links': 222, 'num_tensors': 56}
2026-08-24 20:54:52,360 [INFO] [start rewire](phase=post_unswap, cycle=26, side=left, layers=1483, trials=20, seed=123, parallel=False, route_candidates=1, route_score=none)
2026-08-24 20:54:54,771 [INFO] [end rewire](phase=post_unswap, cycle=26, side=left, routed_layers=1512, elapsed_s=2.41)
2026-08-24 20:54:54,771 [INFO] [start rewire](phase=post_unswap, cycle=26, side=right, layers=1551, trials=20, seed=123, parallel=False, route_candidates=1, route_score=none)
2026-08-24 20:54:56,916 [INFO] [end rewire](phase=post_unswap, cycle=26, side=right, routed_layers=1540, elapsed_s=2.14)
[Cycle 26] 139/1885 gates (7.4 %) after 622 sec
2026-08-24 20:54:57,054 [INFO] [1L/1510](swap: 13, u: 0 | c_u: 0 | t_u_l: 69/942 | t_u_r: 70/943 | t_u: 139/1885) -> {'max_bond': 22, 'max_links': 4, 'total_elems': 14796, 'total_shapes': 1014, 'total_links': 222, 'num_tensors': 56}
2026-08-24 20:54:57,134 [INFO] [2L/1510](swap: 11, u: 0 | c_u: 0 | t_u_l: 69/942 | t_u_r: 70/943 | t_u: 139/1885) -> {'max_bond': 32, 'max_links': 4, 'total_elems': 17936, 'total_shapes': 1152, 'total_links': 222, 'num_tensors': 56}
2026-08-24 20:54:57,214 [INFO] [1R/1538](swap: 13, u: 0 | c_u: 0 | t_u_l: 69/942 | t_u_r: 70/943 | t_u: 139/1885) -> {'max_bond': 32, 'max_links': 4, 'total_elems': 25756, 'total_shapes': 1326, 'total_links': 222, 'num_tensors': 56}
2026-08-24 20:54:57,304 [INFO] [2R/1538](swap: 14, u: 0 | c_u: 0 | t_u_l: 69/942 | t_u_r: 70/943 | t_u: 139/1885) -> {'max_bond': 62, 'max_links': 4, 'total_elems': 43172, 'total_shapes': 1620, 'total_links': 222, 'num_tensors': 56}
2026-08-24 20:54:57,424 [INFO] [3L/1510](swap: 11, u: 0 | c_u: 0 | t_u_l: 69/942 | t_u_r: 70/943 | t_u: 139/1885) -> {'max_bond': 62, 'max_links': 4, 'total_elems': 66900, 'total_shapes': 1890, 'total_links': 222, 'num_tensors': 56}
2026-08-24 20:54:57,561 [INFO] [4L/1510](swap: 10, u: 0 | c_u: 0 | t_u_l: 69/942 | t_u_r: 70/943 | t_u: 139/1885) -> {'max_bond': 64, 'max_links': 4, 'total_elems': 103196, 'total_shapes': 2282, 'total_links': 222, 'num_tensors': 56}
2026-08-24 20:54:57,753 [INFO] [3R/1538](swap: 15, u: 0 | c_u: 0 | t_u_l: 69/942 | t_u_r: 70/943 | t_u: 139/1885) -> {'max_bond': 64, 'max_links': 4, 'total_elems': 156116, 'total_shapes': 2730, 'total_links': 222, 'num_tensors': 56}
2026-08-24 20:54:58,023 [INFO] [5L/1510](swap: 6, u: 0 | c_u: 0 | t_u_l: 69/942 | t_u_r: 70/943 | t_u: 139/1885) -> {'max_bond': 128, 'max_links': 4, 'total_elems': 223980, 'total_shapes': 3272, 'total_links': 222, 'num_tensors': 56}
2026-08-24 20:54:58,378 [INFO] [6L/1510](swap: 5, u: 0 | c_u: 0 | t_u_l: 69/942 | t_u_r: 70/943 | t_u: 139/1885) -> {'max_bond': 128, 'max_links': 4, 'total_elems': 336004, 'total_shapes': 3752, 'total_links': 222, 'num_tensors': 56}
2026-08-24 20:54:58,822 [INFO] [7L/1510](swap: 5, u: 0 | c_u: 0 | t_u_l: 69/942 | t_u_r: 70/943 | t_u: 139/1885) -> {'max_bond': 128, 'max_links': 4, 'total_elems': 347524, 'total_shapes': 3888, 'total_links': 222, 'num_tensors': 56}
2026-08-24 20:54:59,280 [INFO] [8L/1510](swap: 5, u: 0 | c_u: 0 | t_u_l: 69/942 | t_u_r: 70/943 | t_u: 139/1885) -> {'max_bond': 128, 'max_links': 4, 'total_elems': 374988, 'total_shapes': 4122, 'total_links': 222, 'num_tensors': 56}
2026-08-24 20:54:59,781 [INFO] [9L/1510](swap: 5, u: 0 | c_u: 0 | t_u_l: 69/942 | t_u_r: 70/943 | t_u: 139/1885) -> {'max_bond': 128, 'max_links': 4, 'total_elems': 426788, 'total_shapes': 4404, 'total_links': 222, 'num_tensors': 56}
2026-08-24 20:55:00,325 [INFO] [10L/1510](swap: 6, u: 0 | c_u: 0 | t_u_l: 69/942 | t_u_r: 70/943 | t_u: 139/1885) -> {'max_bond': 128, 'max_links': 4, 'total_elems': 490832, 'total_shapes': 4792, 'total_links': 222, 'num_tensors': 56}
2026-08-24 20:55:00,967 [INFO] [11L/1510](swap: 7, u: 0 | c_u: 0 | t_u_l: 69/942 | t_u_r: 70/943 | t_u: 139/1885) -> {'max_bond': 128, 'max_links': 4, 'total_elems': 529628, 'total_shapes': 4944, 'total_links': 222, 'num_tensors': 56}
2026-08-24 20:55:01,722 [INFO] [12L/1510](swap: 5, u: 1 | c_u: 1 | t_u_l: 70/942 | t_u_r: 70/943 | t_u: 140/1885) -> {'max_bond': 173, 'max_links': 4, 'total_elems': 675372, 'total_shapes': 5522, 'total_links': 222, 'num_tensors': 56}
2026-08-24 20:55:02,836 [INFO] [13L/1510](swap: 4, u: 2 | c_u: 3 | t_u_l: 72/942 | t_u_r: 70/943 | t_u: 142/1885) -> {'max_bond': 224, 'max_links': 4, 'total_elems': 991772, 'total_shapes': 6258, 'total_links': 222, 'num_tensors': 56}
2026-08-24 20:55:04,332 [INFO]     [start unswap] -> {'max_bond': 224, 'max_links': 4, 'total_elems': 991772, 'total_shapes': 6258, 'total_links': 222, 'num_tensors': 56}
2026-08-24 20:55:09,658 [INFO]     [0 | both | 0](candidate_pairs: 28/28 | new_swaps: 11 | total: 11) -> {'max_bond': 222, 'max_links': 4, 'total_elems': 864484, 'total_shapes': 5524, 'total_links': 222, 'num_tensors': 56}
2026-08-24 20:55:12,322 [INFO]     [0 | both | 1](candidate_pairs: 27/27 | new_swaps: 12 | total: 23) -> {'max_bond': 127, 'max_links': 4, 'total_elems': 441348, 'total_shapes': 4164, 'total_links': 222, 'num_tensors': 56}
2026-08-24 20:55:12,971 [INFO]     [0 | left | 0](candidate_pairs: 28/28 | new_swaps: 9 | total: 32) -> {'max_bond': 126, 'max_links': 4, 'total_elems': 364548, 'total_shapes': 3704, 'total_links': 222, 'num_tensors': 56}
2026-08-24 20:55:13,629 [INFO]     [0 | left | 1](candidate_pairs: 27/27 | new_swaps: 12 | total: 44) -> {'max_bond': 125, 'max_links': 4, 'total_elems': 297228, 'total_shapes': 3244, 'total_links': 222, 'num_tensors': 56}
2026-08-24 20:55:14,087 [INFO]     [0 | right | 0](candidate_pairs: 28/28 | new_swaps: 10 | total: 54) -> {'max_bond': 110, 'max_links': 4, 'total_elems': 214036, 'total_shapes': 2878, 'total_links': 222, 'num_tensors': 56}
2026-08-24 20:55:14,434 [INFO]     [0 | right | 1](candidate_pairs: 27/27 | new_swaps: 5 | total: 59) -> {'max_bond': 98, 'max_links': 4, 'total_elems': 163540, 'total_shapes': 2634, 'total_links': 222, 'num_tensors': 56}
2026-08-24 20:55:15,003 [INFO]     [1 | both | 0](candidate_pairs: 28/28 | new_swaps: 11 | total: 11) -> {'max_bond': 62, 'max_links': 4, 'total_elems': 109240, 'total_shapes': 2202, 'total_links': 222, 'num_tensors': 56}
2026-08-24 20:55:15,401 [INFO]     [1 | both | 1](candidate_pairs: 27/27 | new_swaps: 13 | total: 24) -> {'max_bond': 61, 'max_links': 4, 'total_elems': 79396, 'total_shapes': 1888, 'total_links': 222, 'num_tensors': 56}
2026-08-24 20:55:15,541 [INFO]     [1 | left | 0](candidate_pairs: 28/28 | new_swaps: 2 | total: 26) -> {'max_bond': 61, 'max_links': 4, 'total_elems': 78020, 'total_shapes': 1870, 'total_links': 222, 'num_tensors': 56}
2026-08-24 20:55:15,635 [INFO]     [1 | left | 1](candidate_pairs: 27/27 | new_swaps: 0 | total: 26) -> {'max_bond': 61, 'max_links': 4, 'total_elems': 78020, 'total_shapes': 1870, 'total_links': 222, 'num_tensors': 56}
2026-08-24 20:55:15,775 [INFO]     [1 | right | 0](candidate_pairs: 28/28 | new_swaps: 2 | total: 28) -> {'max_bond': 61, 'max_links': 4, 'total_elems': 72224, 'total_shapes': 1816, 'total_links': 222, 'num_tensors': 56}
2026-08-24 20:55:15,910 [INFO]     [1 | right | 1](candidate_pairs: 27/27 | new_swaps: 2 | total: 30) -> {'max_bond': 56, 'max_links': 4, 'total_elems': 66060, 'total_shapes': 1746, 'total_links': 222, 'num_tensors': 56}
2026-08-24 20:55:16,178 [INFO]     [2 | both | 0](candidate_pairs: 28/28 | new_swaps: 4 | total: 4) -> {'max_bond': 54, 'max_links': 4, 'total_elems': 63768, 'total_shapes': 1700, 'total_links': 222, 'num_tensors': 56}
2026-08-24 20:55:16,438 [INFO]     [2 | both | 1](candidate_pairs: 27/27 | new_swaps: 3 | total: 7) -> {'max_bond': 54, 'max_links': 4, 'total_elems': 58112, 'total_shapes': 1622, 'total_links': 222, 'num_tensors': 56}
2026-08-24 20:55:16,547 [INFO]     [2 | left | 0](candidate_pairs: 28/28 | new_swaps: 1 | total: 8) -> {'max_bond': 54, 'max_links': 4, 'total_elems': 54440, 'total_shapes': 1590, 'total_links': 222, 'num_tensors': 56}
2026-08-24 20:55:16,661 [INFO]     [2 | left | 1](candidate_pairs: 27/27 | new_swaps: 1 | total: 9) -> {'max_bond': 54, 'max_links': 4, 'total_elems': 51176, 'total_shapes': 1556, 'total_links': 222, 'num_tensors': 56}
2026-08-24 20:55:16,769 [INFO]     [2 | right | 0](candidate_pairs: 28/28 | new_swaps: 2 | total: 11) -> {'max_bond': 54, 'max_links': 4, 'total_elems': 49032, 'total_shapes': 1526, 'total_links': 222, 'num_tensors': 56}
2026-08-24 20:55:16,874 [INFO]     [2 | right | 1](candidate_pairs: 27/27 | new_swaps: 1 | total: 12) -> {'max_bond': 54, 'max_links': 4, 'total_elems': 47920, 'total_shapes': 1510, 'total_links': 222, 'num_tensors': 56}
2026-08-24 20:55:17,008 [INFO]     [3 | both | 0](candidate_pairs: 28/28 | new_swaps: 0 | total: 0) -> {'max_bond': 54, 'max_links': 4, 'total_elems': 47920, 'total_shapes': 1510, 'total_links': 222, 'num_tensors': 56}
2026-08-24 20:55:17,223 [INFO]     [3 | both | 1](candidate_pairs: 27/27 | new_swaps: 1 | total: 1) -> {'max_bond': 54, 'max_links': 4, 'total_elems': 47872, 'total_shapes': 1506, 'total_links': 222, 'num_tensors': 56}
2026-08-24 20:55:17,316 [INFO]     [3 | left | 0](candidate_pairs: 28/28 | new_swaps: 1 | total: 2) -> {'max_bond': 54, 'max_links': 4, 'total_elems': 47792, 'total_shapes': 1502, 'total_links': 222, 'num_tensors': 56}
2026-08-24 20:55:17,419 [INFO]     [3 | left | 1](candidate_pairs: 27/27 | new_swaps: 1 | total: 3) -> {'max_bond': 54, 'max_links': 4, 'total_elems': 47632, 'total_shapes': 1494, 'total_links': 222, 'num_tensors': 56}
2026-08-24 20:55:17,480 [INFO]     [3 | right | 0](candidate_pairs: 28/28 | new_swaps: 0 | total: 3) -> {'max_bond': 54, 'max_links': 4, 'total_elems': 47632, 'total_shapes': 1494, 'total_links': 222, 'num_tensors': 56}
2026-08-24 20:55:17,552 [INFO]     [3 | right | 1](candidate_pairs: 27/27 | new_swaps: 0 | total: 3) -> {'max_bond': 54, 'max_links': 4, 'total_elems': 47632, 'total_shapes': 1494, 'total_links': 222, 'num_tensors': 56}
2026-08-24 20:55:17,684 [INFO]     [4 | both | 0](candidate_pairs: 28/28 | new_swaps: 0 | total: 0) -> {'max_bond': 54, 'max_links': 4, 'total_elems': 47632, 'total_shapes': 1494, 'total_links': 222, 'num_tensors': 56}
2026-08-24 20:55:17,837 [INFO]     [4 | both | 1](candidate_pairs: 27/27 | new_swaps: 0 | total: 0) -> {'max_bond': 54, 'max_links': 4, 'total_elems': 47632, 'total_shapes': 1494, 'total_links': 222, 'num_tensors': 56}
2026-08-24 20:55:17,929 [INFO]     [4 | left | 0](candidate_pairs: 28/28 | new_swaps: 1 | total: 1) -> {'max_bond': 54, 'max_links': 4, 'total_elems': 47344, 'total_shapes': 1482, 'total_links': 222, 'num_tensors': 56}
2026-08-24 20:55:18,029 [INFO]     [4 | left | 1](candidate_pairs: 27/27 | new_swaps: 1 | total: 2) -> {'max_bond': 54, 'max_links': 4, 'total_elems': 47184, 'total_shapes': 1474, 'total_links': 222, 'num_tensors': 56}
2026-08-24 20:55:18,087 [INFO]     [4 | right | 0](candidate_pairs: 28/28 | new_swaps: 0 | total: 2) -> {'max_bond': 54, 'max_links': 4, 'total_elems': 47184, 'total_shapes': 1474, 'total_links': 222, 'num_tensors': 56}
2026-08-24 20:55:18,157 [INFO]     [4 | right | 1](candidate_pairs: 27/27 | new_swaps: 0 | total: 2) -> {'max_bond': 54, 'max_links': 4, 'total_elems': 47184, 'total_shapes': 1474, 'total_links': 222, 'num_tensors': 56}
2026-08-24 20:55:18,284 [INFO]     [5 | both | 0](candidate_pairs: 28/28 | new_swaps: 0 | total: 0) -> {'max_bond': 54, 'max_links': 4, 'total_elems': 47184, 'total_shapes': 1474, 'total_links': 222, 'num_tensors': 56}
2026-08-24 20:55:18,431 [INFO]     [5 | both | 1](candidate_pairs: 27/27 | new_swaps: 0 | total: 0) -> {'max_bond': 54, 'max_links': 4, 'total_elems': 47184, 'total_shapes': 1474, 'total_links': 222, 'num_tensors': 56}
2026-08-24 20:55:18,521 [INFO]     [5 | left | 0](candidate_pairs: 28/28 | new_swaps: 1 | total: 1) -> {'max_bond': 54, 'max_links': 4, 'total_elems': 46992, 'total_shapes': 1466, 'total_links': 222, 'num_tensors': 56}
2026-08-24 20:55:18,591 [INFO]     [5 | left | 1](candidate_pairs: 27/27 | new_swaps: 0 | total: 1) -> {'max_bond': 54, 'max_links': 4, 'total_elems': 46992, 'total_shapes': 1466, 'total_links': 222, 'num_tensors': 56}
2026-08-24 20:55:18,649 [INFO]     [5 | right | 0](candidate_pairs: 28/28 | new_swaps: 0 | total: 1) -> {'max_bond': 54, 'max_links': 4, 'total_elems': 46992, 'total_shapes': 1466, 'total_links': 222, 'num_tensors': 56}
2026-08-24 20:55:18,718 [INFO]     [5 | right | 1](candidate_pairs: 27/27 | new_swaps: 0 | total: 1) -> {'max_bond': 54, 'max_links': 4, 'total_elems': 46992, 'total_shapes': 1466, 'total_links': 222, 'num_tensors': 56}
2026-08-24 20:55:18,845 [INFO]     [6 | both | 0](candidate_pairs: 28/28 | new_swaps: 0 | total: 0) -> {'max_bond': 54, 'max_links': 4, 'total_elems': 46992, 'total_shapes': 1466, 'total_links': 222, 'num_tensors': 56}
2026-08-24 20:55:19,051 [INFO]     [6 | both | 1](candidate_pairs: 27/27 | new_swaps: 1 | total: 1) -> {'max_bond': 54, 'max_links': 4, 'total_elems': 46800, 'total_shapes': 1458, 'total_links': 222, 'num_tensors': 56}
2026-08-24 20:55:19,110 [INFO]     [6 | left | 0](candidate_pairs: 28/28 | new_swaps: 0 | total: 1) -> {'max_bond': 54, 'max_links': 4, 'total_elems': 46800, 'total_shapes': 1458, 'total_links': 222, 'num_tensors': 56}
2026-08-24 20:55:19,181 [INFO]     [6 | left | 1](candidate_pairs: 27/27 | new_swaps: 0 | total: 1) -> {'max_bond': 54, 'max_links': 4, 'total_elems': 46800, 'total_shapes': 1458, 'total_links': 222, 'num_tensors': 56}
2026-08-24 20:55:19,239 [INFO]     [6 | right | 0](candidate_pairs: 28/28 | new_swaps: 0 | total: 1) -> {'max_bond': 54, 'max_links': 4, 'total_elems': 46800, 'total_shapes': 1458, 'total_links': 222, 'num_tensors': 56}
2026-08-24 20:55:19,309 [INFO]     [6 | right | 1](candidate_pairs: 27/27 | new_swaps: 0 | total: 1) -> {'max_bond': 54, 'max_links': 4, 'total_elems': 46800, 'total_shapes': 1458, 'total_links': 222, 'num_tensors': 56}
2026-08-24 20:55:19,435 [INFO]     [7 | both | 0](candidate_pairs: 28/28 | new_swaps: 0 | total: 0) -> {'max_bond': 54, 'max_links': 4, 'total_elems': 46800, 'total_shapes': 1458, 'total_links': 222, 'num_tensors': 56}
2026-08-24 20:55:19,581 [INFO]     [7 | both | 1](candidate_pairs: 27/27 | new_swaps: 0 | total: 0) -> {'max_bond': 54, 'max_links': 4, 'total_elems': 46800, 'total_shapes': 1458, 'total_links': 222, 'num_tensors': 56}
2026-08-24 20:55:19,640 [INFO]     [7 | left | 0](candidate_pairs: 28/28 | new_swaps: 0 | total: 0) -> {'max_bond': 54, 'max_links': 4, 'total_elems': 46800, 'total_shapes': 1458, 'total_links': 222, 'num_tensors': 56}
2026-08-24 20:55:19,710 [INFO]     [7 | left | 1](candidate_pairs: 27/27 | new_swaps: 0 | total: 0) -> {'max_bond': 54, 'max_links': 4, 'total_elems': 46800, 'total_shapes': 1458, 'total_links': 222, 'num_tensors': 56}
2026-08-24 20:55:19,768 [INFO]     [7 | right | 0](candidate_pairs: 28/28 | new_swaps: 0 | total: 0) -> {'max_bond': 54, 'max_links': 4, 'total_elems': 46800, 'total_shapes': 1458, 'total_links': 222, 'num_tensors': 56}
2026-08-24 20:55:19,837 [INFO]     [7 | right | 1](candidate_pairs: 27/27 | new_swaps: 0 | total: 0) -> {'max_bond': 54, 'max_links': 4, 'total_elems': 46800, 'total_shapes': 1458, 'total_links': 222, 'num_tensors': 56}
2026-08-24 20:55:19,838 [INFO]     [end unswap] -> {'max_bond': 54, 'max_links': 4, 'total_elems': 46800, 'total_shapes': 1458, 'total_links': 222, 'num_tensors': 56}
2026-08-24 20:55:19,839 [INFO] [start rewire](phase=post_unswap, cycle=27, side=left, layers=1499, trials=20, seed=123, parallel=False, route_candidates=1, route_score=none)
2026-08-24 20:55:22,321 [INFO] [end rewire](phase=post_unswap, cycle=27, side=left, routed_layers=1468, elapsed_s=2.48)
2026-08-24 20:55:22,322 [INFO] [start rewire](phase=post_unswap, cycle=27, side=right, layers=1537, trials=20, seed=123, parallel=False, route_candidates=1, route_score=none)
2026-08-24 20:55:24,426 [INFO] [end rewire](phase=post_unswap, cycle=27, side=right, routed_layers=1507, elapsed_s=2.10)
[Cycle 27] 142/1885 gates (7.5 %) after 649 sec
2026-08-24 20:55:24,609 [INFO] [1L/1466](swap: 12, u: 2 | c_u: 2 | t_u_l: 74/942 | t_u_r: 70/943 | t_u: 144/1885) -> {'max_bond': 54, 'max_links': 4, 'total_elems': 47856, 'total_shapes': 1476, 'total_links': 222, 'num_tensors': 56}
2026-08-24 20:55:24,735 [INFO] [2L/1466](swap: 13, u: 1 | c_u: 3 | t_u_l: 75/942 | t_u_r: 70/943 | t_u: 145/1885) -> {'max_bond': 108, 'max_links': 4, 'total_elems': 66220, 'total_shapes': 1728, 'total_links': 222, 'num_tensors': 56}
2026-08-24 20:55:24,901 [INFO] [3L/1466](swap: 9, u: 0 | c_u: 3 | t_u_l: 75/942 | t_u_r: 70/943 | t_u: 145/1885) -> {'max_bond': 108, 'max_links': 4, 'total_elems': 98644, 'total_shapes': 2042, 'total_links': 222, 'num_tensors': 56}
2026-08-24 20:55:25,073 [INFO] [4L/1466](swap: 10, u: 0 | c_u: 3 | t_u_l: 75/942 | t_u_r: 70/943 | t_u: 145/1885) -> {'max_bond': 108, 'max_links': 4, 'total_elems': 128368, 'total_shapes': 2372, 'total_links': 222, 'num_tensors': 56}
2026-08-24 20:55:25,288 [INFO] [1R/1505](swap: 16, u: 0 | c_u: 3 | t_u_l: 75/942 | t_u_r: 70/943 | t_u: 145/1885) -> {'max_bond': 120, 'max_links': 4, 'total_elems': 189936, 'total_shapes': 2770, 'total_links': 222, 'num_tensors': 56}
2026-08-24 20:55:25,602 [INFO] [5L/1466](swap: 10, u: 0 | c_u: 3 | t_u_l: 75/942 | t_u_r: 70/943 | t_u: 145/1885) -> {'max_bond': 127, 'max_links': 4, 'total_elems': 269040, 'total_shapes': 3290, 'total_links': 222, 'num_tensors': 56}
2026-08-24 20:55:26,102 [INFO] [6L/1466](swap: 8, u: 0 | c_u: 3 | t_u_l: 75/942 | t_u_r: 70/943 | t_u: 145/1885) -> {'max_bond': 128, 'max_links': 4, 'total_elems': 434388, 'total_shapes': 3862, 'total_links': 222, 'num_tensors': 56}
2026-08-24 20:55:26,818 [INFO] [2R/1505](swap: 14, u: 0 | c_u: 3 | t_u_l: 75/942 | t_u_r: 70/943 | t_u: 145/1885) -> {'max_bond': 219, 'max_links': 4, 'total_elems': 623680, 'total_shapes': 4486, 'total_links': 222, 'num_tensors': 56}
2026-08-24 20:55:27,912 [INFO]     [start unswap] -> {'max_bond': 219, 'max_links': 4, 'total_elems': 623680, 'total_shapes': 4486, 'total_links': 222, 'num_tensors': 56}
2026-08-24 20:55:33,824 [INFO]     [0 | both | 0](candidate_pairs: 28/28 | new_swaps: 6 | total: 6) -> {'max_bond': 424, 'max_links': 4, 'total_elems': 986380, 'total_shapes': 4956, 'total_links': 222, 'num_tensors': 56}
2026-08-24 20:55:36,658 [INFO]     [0 | both | 1](candidate_pairs: 27/27 | new_swaps: 12 | total: 18) -> {'max_bond': 206, 'max_links': 4, 'total_elems': 449424, 'total_shapes': 3686, 'total_links': 222, 'num_tensors': 56}
2026-08-24 20:55:37,403 [INFO]     [0 | left | 0](candidate_pairs: 28/28 | new_swaps: 13 | total: 31) -> {'max_bond': 204, 'max_links': 4, 'total_elems': 341648, 'total_shapes': 3174, 'total_links': 222, 'num_tensors': 56}
2026-08-24 20:55:37,996 [INFO]     [0 | left | 1](candidate_pairs: 27/27 | new_swaps: 14 | total: 45) -> {'max_bond': 203, 'max_links': 4, 'total_elems': 237188, 'total_shapes': 2620, 'total_links': 222, 'num_tensors': 56}
2026-08-24 20:55:38,325 [INFO]     [0 | right | 0](candidate_pairs: 28/28 | new_swaps: 3 | total: 48) -> {'max_bond': 104, 'max_links': 4, 'total_elems': 167536, 'total_shapes': 2374, 'total_links': 222, 'num_tensors': 56}
2026-08-24 20:55:38,624 [INFO]     [0 | right | 1](candidate_pairs: 27/27 | new_swaps: 7 | total: 55) -> {'max_bond': 102, 'max_links': 4, 'total_elems': 154264, 'total_shapes': 2246, 'total_links': 222, 'num_tensors': 56}
2026-08-24 20:55:39,205 [INFO]     [1 | both | 0](candidate_pairs: 28/28 | new_swaps: 8 | total: 8) -> {'max_bond': 99, 'max_links': 4, 'total_elems': 108188, 'total_shapes': 1926, 'total_links': 222, 'num_tensors': 56}
2026-08-24 20:55:39,591 [INFO]     [1 | both | 1](candidate_pairs: 27/27 | new_swaps: 4 | total: 12) -> {'max_bond': 57, 'max_links': 4, 'total_elems': 75340, 'total_shapes': 1764, 'total_links': 222, 'num_tensors': 56}
2026-08-24 20:55:39,736 [INFO]     [1 | left | 0](candidate_pairs: 28/28 | new_swaps: 4 | total: 16) -> {'max_bond': 54, 'max_links': 4, 'total_elems': 66604, 'total_shapes': 1692, 'total_links': 222, 'num_tensors': 56}
2026-08-24 20:55:39,854 [INFO]     [1 | left | 1](candidate_pairs: 27/27 | new_swaps: 1 | total: 17) -> {'max_bond': 54, 'max_links': 4, 'total_elems': 65312, 'total_shapes': 1666, 'total_links': 222, 'num_tensors': 56}
2026-08-24 20:55:39,935 [INFO]     [1 | right | 0](candidate_pairs: 28/28 | new_swaps: 0 | total: 17) -> {'max_bond': 54, 'max_links': 4, 'total_elems': 65312, 'total_shapes': 1666, 'total_links': 222, 'num_tensors': 56}
2026-08-24 20:55:40,018 [INFO]     [1 | right | 1](candidate_pairs: 27/27 | new_swaps: 0 | total: 17) -> {'max_bond': 54, 'max_links': 4, 'total_elems': 65312, 'total_shapes': 1666, 'total_links': 222, 'num_tensors': 56}
2026-08-24 20:55:40,281 [INFO]     [2 | both | 0](candidate_pairs: 28/28 | new_swaps: 3 | total: 3) -> {'max_bond': 54, 'max_links': 4, 'total_elems': 64836, 'total_shapes': 1654, 'total_links': 222, 'num_tensors': 56}
2026-08-24 20:55:40,570 [INFO]     [2 | both | 1](candidate_pairs: 27/27 | new_swaps: 3 | total: 6) -> {'max_bond': 54, 'max_links': 4, 'total_elems': 64664, 'total_shapes': 1648, 'total_links': 222, 'num_tensors': 56}
2026-08-24 20:55:40,697 [INFO]     [2 | left | 0](candidate_pairs: 28/28 | new_swaps: 1 | total: 7) -> {'max_bond': 54, 'max_links': 4, 'total_elems': 56264, 'total_shapes': 1598, 'total_links': 222, 'num_tensors': 56}
2026-08-24 20:55:40,801 [INFO]     [2 | left | 1](candidate_pairs: 27/27 | new_swaps: 1 | total: 8) -> {'max_bond': 54, 'max_links': 4, 'total_elems': 56084, 'total_shapes': 1596, 'total_links': 222, 'num_tensors': 56}
2026-08-24 20:55:40,914 [INFO]     [2 | right | 0](candidate_pairs: 28/28 | new_swaps: 1 | total: 9) -> {'max_bond': 54, 'max_links': 4, 'total_elems': 56084, 'total_shapes': 1596, 'total_links': 222, 'num_tensors': 56}
2026-08-24 20:55:41,021 [INFO]     [2 | right | 1](candidate_pairs: 27/27 | new_swaps: 1 | total: 10) -> {'max_bond': 54, 'max_links': 4, 'total_elems': 55848, 'total_shapes': 1594, 'total_links': 222, 'num_tensors': 56}
2026-08-24 20:55:41,284 [INFO]     [3 | both | 0](candidate_pairs: 28/28 | new_swaps: 3 | total: 3) -> {'max_bond': 53, 'max_links': 4, 'total_elems': 53368, 'total_shapes': 1564, 'total_links': 222, 'num_tensors': 56}
2026-08-24 20:55:41,524 [INFO]     [3 | both | 1](candidate_pairs: 27/27 | new_swaps: 3 | total: 6) -> {'max_bond': 51, 'max_links': 4, 'total_elems': 48936, 'total_shapes': 1518, 'total_links': 222, 'num_tensors': 56}
2026-08-24 20:55:41,593 [INFO]     [3 | left | 0](candidate_pairs: 28/28 | new_swaps: 0 | total: 6) -> {'max_bond': 51, 'max_links': 4, 'total_elems': 48936, 'total_shapes': 1518, 'total_links': 222, 'num_tensors': 56}
2026-08-24 20:55:41,656 [INFO]     [3 | left | 1](candidate_pairs: 27/27 | new_swaps: 0 | total: 6) -> {'max_bond': 51, 'max_links': 4, 'total_elems': 48936, 'total_shapes': 1518, 'total_links': 222, 'num_tensors': 56}
2026-08-24 20:55:41,726 [INFO]     [3 | right | 0](candidate_pairs: 28/28 | new_swaps: 0 | total: 6) -> {'max_bond': 51, 'max_links': 4, 'total_elems': 48936, 'total_shapes': 1518, 'total_links': 222, 'num_tensors': 56}
2026-08-24 20:55:41,786 [INFO]     [3 | right | 1](candidate_pairs: 27/27 | new_swaps: 0 | total: 6) -> {'max_bond': 51, 'max_links': 4, 'total_elems': 48936, 'total_shapes': 1518, 'total_links': 222, 'num_tensors': 56}
2026-08-24 20:55:41,999 [INFO]     [4 | both | 0](candidate_pairs: 28/28 | new_swaps: 1 | total: 1) -> {'max_bond': 51, 'max_links': 4, 'total_elems': 47044, 'total_shapes': 1496, 'total_links': 222, 'num_tensors': 56}
2026-08-24 20:55:42,121 [INFO]     [4 | both | 1](candidate_pairs: 27/27 | new_swaps: 0 | total: 1) -> {'max_bond': 51, 'max_links': 4, 'total_elems': 47044, 'total_shapes': 1496, 'total_links': 222, 'num_tensors': 56}
2026-08-24 20:55:42,190 [INFO]     [4 | left | 0](candidate_pairs: 28/28 | new_swaps: 0 | total: 1) -> {'max_bond': 51, 'max_links': 4, 'total_elems': 47044, 'total_shapes': 1496, 'total_links': 222, 'num_tensors': 56}
2026-08-24 20:55:42,247 [INFO]     [4 | left | 1](candidate_pairs: 27/27 | new_swaps: 0 | total: 1) -> {'max_bond': 51, 'max_links': 4, 'total_elems': 47044, 'total_shapes': 1496, 'total_links': 222, 'num_tensors': 56}
2026-08-24 20:55:42,314 [INFO]     [4 | right | 0](candidate_pairs: 28/28 | new_swaps: 0 | total: 1) -> {'max_bond': 51, 'max_links': 4, 'total_elems': 47044, 'total_shapes': 1496, 'total_links': 222, 'num_tensors': 56}
2026-08-24 20:55:42,372 [INFO]     [4 | right | 1](candidate_pairs: 27/27 | new_swaps: 0 | total: 1) -> {'max_bond': 51, 'max_links': 4, 'total_elems': 47044, 'total_shapes': 1496, 'total_links': 222, 'num_tensors': 56}
2026-08-24 20:55:42,520 [INFO]     [5 | both | 0](candidate_pairs: 28/28 | new_swaps: 0 | total: 0) -> {'max_bond': 51, 'max_links': 4, 'total_elems': 47044, 'total_shapes': 1496, 'total_links': 222, 'num_tensors': 56}
2026-08-24 20:55:42,641 [INFO]     [5 | both | 1](candidate_pairs: 27/27 | new_swaps: 0 | total: 0) -> {'max_bond': 51, 'max_links': 4, 'total_elems': 47044, 'total_shapes': 1496, 'total_links': 222, 'num_tensors': 56}
2026-08-24 20:55:42,708 [INFO]     [5 | left | 0](candidate_pairs: 28/28 | new_swaps: 0 | total: 0) -> {'max_bond': 51, 'max_links': 4, 'total_elems': 47044, 'total_shapes': 1496, 'total_links': 222, 'num_tensors': 56}
2026-08-24 20:55:42,766 [INFO]     [5 | left | 1](candidate_pairs: 27/27 | new_swaps: 0 | total: 0) -> {'max_bond': 51, 'max_links': 4, 'total_elems': 47044, 'total_shapes': 1496, 'total_links': 222, 'num_tensors': 56}
2026-08-24 20:55:42,833 [INFO]     [5 | right | 0](candidate_pairs: 28/28 | new_swaps: 0 | total: 0) -> {'max_bond': 51, 'max_links': 4, 'total_elems': 47044, 'total_shapes': 1496, 'total_links': 222, 'num_tensors': 56}
2026-08-24 20:55:42,891 [INFO]     [5 | right | 1](candidate_pairs: 27/27 | new_swaps: 0 | total: 0) -> {'max_bond': 51, 'max_links': 4, 'total_elems': 47044, 'total_shapes': 1496, 'total_links': 222, 'num_tensors': 56}
2026-08-24 20:55:42,891 [INFO]     [end unswap] -> {'max_bond': 51, 'max_links': 4, 'total_elems': 47044, 'total_shapes': 1496, 'total_links': 222, 'num_tensors': 56}
2026-08-24 20:55:42,955 [INFO] [start rewire](phase=post_unswap, cycle=28, side=left, layers=1462, trials=20, seed=123, parallel=False, route_candidates=1, route_score=none)
2026-08-24 20:55:44,817 [INFO] [end rewire](phase=post_unswap, cycle=28, side=left, routed_layers=1420, elapsed_s=1.86)
2026-08-24 20:55:44,817 [INFO] [start rewire](phase=post_unswap, cycle=28, side=right, layers=1505, trials=20, seed=123, parallel=False, route_candidates=1, route_score=none)
2026-08-24 20:55:46,926 [INFO] [end rewire](phase=post_unswap, cycle=28, side=right, routed_layers=1531, elapsed_s=2.11)
[Cycle 28] 145/1885 gates (7.7 %) after 672 sec
2026-08-24 20:55:47,094 [INFO] [1L/1418](swap: 13, u: 0 | c_u: 0 | t_u_l: 75/942 | t_u_r: 70/943 | t_u: 145/1885) -> {'max_bond': 51, 'max_links': 4, 'total_elems': 47044, 'total_shapes': 1496, 'total_links': 222, 'num_tensors': 56}
2026-08-24 20:55:47,208 [INFO] [1R/1529](swap: 12, u: 0 | c_u: 0 | t_u_l: 75/942 | t_u_r: 70/943 | t_u: 145/1885) -> {'max_bond': 64, 'max_links': 4, 'total_elems': 70148, 'total_shapes': 1848, 'total_links': 222, 'num_tensors': 56}
2026-08-24 20:55:47,349 [INFO] [2L/1418](swap: 12, u: 0 | c_u: 0 | t_u_l: 75/942 | t_u_r: 70/943 | t_u: 145/1885) -> {'max_bond': 103, 'max_links': 4, 'total_elems': 98812, 'total_shapes': 2144, 'total_links': 222, 'num_tensors': 56}
2026-08-24 20:55:47,526 [INFO] [3L/1418](swap: 7, u: 0 | c_u: 0 | t_u_l: 75/942 | t_u_r: 70/943 | t_u: 145/1885) -> {'max_bond': 103, 'max_links': 4, 'total_elems': 167948, 'total_shapes': 2594, 'total_links': 222, 'num_tensors': 56}
2026-08-24 20:55:47,777 [INFO] [4L/1418](swap: 7, u: 0 | c_u: 0 | t_u_l: 75/942 | t_u_r: 70/943 | t_u: 145/1885) -> {'max_bond': 128, 'max_links': 4, 'total_elems': 257988, 'total_shapes': 3198, 'total_links': 222, 'num_tensors': 56}
2026-08-24 20:55:48,183 [INFO] [5L/1418](swap: 7, u: 0 | c_u: 0 | t_u_l: 75/942 | t_u_r: 70/943 | t_u: 145/1885) -> {'max_bond': 128, 'max_links': 4, 'total_elems': 271136, 'total_shapes': 3226, 'total_links': 222, 'num_tensors': 56}
2026-08-24 20:55:48,538 [INFO] [6L/1418](swap: 7, u: 0 | c_u: 0 | t_u_l: 75/942 | t_u_r: 70/943 | t_u: 145/1885) -> {'max_bond': 128, 'max_links': 4, 'total_elems': 270040, 'total_shapes': 3306, 'total_links': 222, 'num_tensors': 56}
2026-08-24 20:55:48,890 [INFO] [7L/1418](swap: 8, u: 0 | c_u: 0 | t_u_l: 75/942 | t_u_r: 70/943 | t_u: 145/1885) -> {'max_bond': 128, 'max_links': 4, 'total_elems': 292116, 'total_shapes': 3478, 'total_links': 222, 'num_tensors': 56}
2026-08-24 20:55:49,281 [INFO] [8L/1418](swap: 7, u: 1 | c_u: 1 | t_u_l: 76/942 | t_u_r: 70/943 | t_u: 146/1885) -> {'max_bond': 165, 'max_links': 4, 'total_elems': 413132, 'total_shapes': 3938, 'total_links': 222, 'num_tensors': 56}
2026-08-24 20:55:49,996 [INFO] [2R/1529](swap: 12, u: 0 | c_u: 1 | t_u_l: 76/942 | t_u_r: 70/943 | t_u: 146/1885) -> {'max_bond': 202, 'max_links': 4, 'total_elems': 589960, 'total_shapes': 4716, 'total_links': 222, 'num_tensors': 56}
2026-08-24 20:55:50,842 [INFO] [3R/1529](swap: 12, u: 0 | c_u: 1 | t_u_l: 76/942 | t_u_r: 70/943 | t_u: 146/1885) -> {'max_bond': 255, 'max_links': 4, 'total_elems': 755356, 'total_shapes': 5498, 'total_links': 222, 'num_tensors': 56}
2026-08-24 20:55:52,066 [INFO]     [start unswap] -> {'max_bond': 255, 'max_links': 4, 'total_elems': 755356, 'total_shapes': 5498, 'total_links': 222, 'num_tensors': 56}
2026-08-24 20:55:56,065 [INFO]     [0 | both | 0](candidate_pairs: 28/28 | new_swaps: 9 | total: 9) -> {'max_bond': 250, 'max_links': 4, 'total_elems': 809304, 'total_shapes': 5230, 'total_links': 222, 'num_tensors': 56}
2026-08-24 20:55:58,585 [INFO]     [0 | both | 1](candidate_pairs: 27/27 | new_swaps: 9 | total: 18) -> {'max_bond': 244, 'max_links': 4, 'total_elems': 597744, 'total_shapes': 4636, 'total_links': 222, 'num_tensors': 56}
2026-08-24 20:55:59,553 [INFO]     [0 | left | 0](candidate_pairs: 28/28 | new_swaps: 8 | total: 26) -> {'max_bond': 128, 'max_links': 4, 'total_elems': 368652, 'total_shapes': 3918, 'total_links': 222, 'num_tensors': 56}
2026-08-24 20:56:00,093 [INFO]     [0 | left | 1](candidate_pairs: 27/27 | new_swaps: 13 | total: 39) -> {'max_bond': 96, 'max_links': 4, 'total_elems': 209404, 'total_shapes': 3082, 'total_links': 222, 'num_tensors': 56}
2026-08-24 20:56:00,398 [INFO]     [0 | right | 0](candidate_pairs: 28/28 | new_swaps: 6 | total: 45) -> {'max_bond': 96, 'max_links': 4, 'total_elems': 188024, 'total_shapes': 2848, 'total_links': 222, 'num_tensors': 56}
2026-08-24 20:56:00,700 [INFO]     [0 | right | 1](candidate_pairs: 27/27 | new_swaps: 4 | total: 49) -> {'max_bond': 96, 'max_links': 4, 'total_elems': 168588, 'total_shapes': 2684, 'total_links': 222, 'num_tensors': 56}
2026-08-24 20:56:01,255 [INFO]     [1 | both | 0](candidate_pairs: 28/28 | new_swaps: 7 | total: 7) -> {'max_bond': 65, 'max_links': 4, 'total_elems': 127016, 'total_shapes': 2382, 'total_links': 222, 'num_tensors': 56}
2026-08-24 20:56:01,655 [INFO]     [1 | both | 1](candidate_pairs: 27/27 | new_swaps: 3 | total: 10) -> {'max_bond': 64, 'max_links': 4, 'total_elems': 110336, 'total_shapes': 2230, 'total_links': 222, 'num_tensors': 56}
2026-08-24 20:56:01,855 [INFO]     [1 | left | 0](candidate_pairs: 28/28 | new_swaps: 4 | total: 14) -> {'max_bond': 64, 'max_links': 4, 'total_elems': 107712, 'total_shapes': 2188, 'total_links': 222, 'num_tensors': 56}
2026-08-24 20:56:02,047 [INFO]     [1 | left | 1](candidate_pairs: 27/27 | new_swaps: 4 | total: 18) -> {'max_bond': 64, 'max_links': 4, 'total_elems': 96612, 'total_shapes': 2090, 'total_links': 222, 'num_tensors': 56}
2026-08-24 20:56:02,211 [INFO]     [1 | right | 0](candidate_pairs: 28/28 | new_swaps: 1 | total: 19) -> {'max_bond': 64, 'max_links': 4, 'total_elems': 94444, 'total_shapes': 2054, 'total_links': 222, 'num_tensors': 56}
2026-08-24 20:56:02,365 [INFO]     [1 | right | 1](candidate_pairs: 27/27 | new_swaps: 1 | total: 20) -> {'max_bond': 64, 'max_links': 4, 'total_elems': 86844, 'total_shapes': 2002, 'total_links': 222, 'num_tensors': 56}
2026-08-24 20:56:02,685 [INFO]     [2 | both | 0](candidate_pairs: 28/28 | new_swaps: 5 | total: 5) -> {'max_bond': 64, 'max_links': 4, 'total_elems': 80048, 'total_shapes': 1910, 'total_links': 222, 'num_tensors': 56}
2026-08-24 20:56:02,955 [INFO]     [2 | both | 1](candidate_pairs: 27/27 | new_swaps: 1 | total: 6) -> {'max_bond': 64, 'max_links': 4, 'total_elems': 79872, 'total_shapes': 1906, 'total_links': 222, 'num_tensors': 56}
2026-08-24 20:56:03,092 [INFO]     [2 | left | 0](candidate_pairs: 28/28 | new_swaps: 1 | total: 7) -> {'max_bond': 64, 'max_links': 4, 'total_elems': 79812, 'total_shapes': 1900, 'total_links': 222, 'num_tensors': 56}
2026-08-24 20:56:03,236 [INFO]     [2 | left | 1](candidate_pairs: 27/27 | new_swaps: 1 | total: 8) -> {'max_bond': 64, 'max_links': 4, 'total_elems': 77252, 'total_shapes': 1868, 'total_links': 222, 'num_tensors': 56}
2026-08-24 20:56:03,362 [INFO]     [2 | right | 0](candidate_pairs: 28/28 | new_swaps: 1 | total: 9) -> {'max_bond': 64, 'max_links': 4, 'total_elems': 76228, 'total_shapes': 1852, 'total_links': 222, 'num_tensors': 56}
2026-08-24 20:56:03,488 [INFO]     [2 | right | 1](candidate_pairs: 27/27 | new_swaps: 1 | total: 10) -> {'max_bond': 64, 'max_links': 4, 'total_elems': 76172, 'total_shapes': 1848, 'total_links': 222, 'num_tensors': 56}
2026-08-24 20:56:03,678 [INFO]     [3 | both | 0](candidate_pairs: 28/28 | new_swaps: 0 | total: 0) -> {'max_bond': 64, 'max_links': 4, 'total_elems': 76172, 'total_shapes': 1848, 'total_links': 222, 'num_tensors': 56}
2026-08-24 20:56:03,868 [INFO]     [3 | both | 1](candidate_pairs: 27/27 | new_swaps: 0 | total: 0) -> {'max_bond': 64, 'max_links': 4, 'total_elems': 76172, 'total_shapes': 1848, 'total_links': 222, 'num_tensors': 56}
2026-08-24 20:56:03,957 [INFO]     [3 | left | 0](candidate_pairs: 28/28 | new_swaps: 0 | total: 0) -> {'max_bond': 64, 'max_links': 4, 'total_elems': 76172, 'total_shapes': 1848, 'total_links': 222, 'num_tensors': 56}
2026-08-24 20:56:04,047 [INFO]     [3 | left | 1](candidate_pairs: 27/27 | new_swaps: 0 | total: 0) -> {'max_bond': 64, 'max_links': 4, 'total_elems': 76172, 'total_shapes': 1848, 'total_links': 222, 'num_tensors': 56}
2026-08-24 20:56:04,135 [INFO]     [3 | right | 0](candidate_pairs: 28/28 | new_swaps: 0 | total: 0) -> {'max_bond': 64, 'max_links': 4, 'total_elems': 76172, 'total_shapes': 1848, 'total_links': 222, 'num_tensors': 56}
2026-08-24 20:56:04,224 [INFO]     [3 | right | 1](candidate_pairs: 27/27 | new_swaps: 0 | total: 0) -> {'max_bond': 64, 'max_links': 4, 'total_elems': 76172, 'total_shapes': 1848, 'total_links': 222, 'num_tensors': 56}
2026-08-24 20:56:04,225 [INFO]     [end unswap] -> {'max_bond': 64, 'max_links': 4, 'total_elems': 76172, 'total_shapes': 1848, 'total_links': 222, 'num_tensors': 56}
2026-08-24 20:56:04,226 [INFO] [start rewire](phase=post_unswap, cycle=29, side=left, layers=1412, trials=20, seed=123, parallel=False, route_candidates=1, route_score=none)
2026-08-24 20:56:06,739 [INFO] [end rewire](phase=post_unswap, cycle=29, side=left, routed_layers=1507, elapsed_s=2.51)
2026-08-24 20:56:06,739 [INFO] [start rewire](phase=post_unswap, cycle=29, side=right, layers=1528, trials=20, seed=123, parallel=False, route_candidates=1, route_score=none)
2026-08-24 20:56:08,900 [INFO] [end rewire](phase=post_unswap, cycle=29, side=right, routed_layers=1428, elapsed_s=2.16)
[Cycle 29] 146/1885 gates (7.7 %) after 694 sec
2026-08-24 20:56:09,087 [INFO] [1L/1505](swap: 11, u: 0 | c_u: 0 | t_u_l: 76/942 | t_u_r: 70/943 | t_u: 146/1885) -> {'max_bond': 64, 'max_links': 4, 'total_elems': 76172, 'total_shapes': 1848, 'total_links': 222, 'num_tensors': 56}
2026-08-24 20:56:09,212 [INFO] [2L/1505](swap: 10, u: 0 | c_u: 0 | t_u_l: 76/942 | t_u_r: 70/943 | t_u: 146/1885) -> {'max_bond': 64, 'max_links': 4, 'total_elems': 95532, 'total_shapes': 2108, 'total_links': 222, 'num_tensors': 56}
2026-08-24 20:56:09,378 [INFO] [1R/1426](swap: 12, u: 0 | c_u: 0 | t_u_l: 76/942 | t_u_r: 70/943 | t_u: 146/1885) -> {'max_bond': 64, 'max_links': 4, 'total_elems': 120496, 'total_shapes': 2406, 'total_links': 222, 'num_tensors': 56}
2026-08-24 20:56:09,563 [INFO] [2R/1426](swap: 10, u: 0 | c_u: 0 | t_u_l: 76/942 | t_u_r: 70/943 | t_u: 146/1885) -> {'max_bond': 64, 'max_links': 4, 'total_elems': 151084, 'total_shapes': 2728, 'total_links': 222, 'num_tensors': 56}
2026-08-24 20:56:09,787 [INFO] [3R/1426](swap: 11, u: 0 | c_u: 0 | t_u_l: 76/942 | t_u_r: 70/943 | t_u: 146/1885) -> {'max_bond': 120, 'max_links': 4, 'total_elems': 248644, 'total_shapes': 3444, 'total_links': 222, 'num_tensors': 56}
2026-08-24 20:56:10,199 [INFO] [3L/1505](swap: 10, u: 0 | c_u: 0 | t_u_l: 76/942 | t_u_r: 70/943 | t_u: 146/1885) -> {'max_bond': 128, 'max_links': 4, 'total_elems': 369716, 'total_shapes': 4038, 'total_links': 222, 'num_tensors': 56}
2026-08-24 20:56:10,757 [INFO] [4L/1505](swap: 7, u: 0 | c_u: 0 | t_u_l: 76/942 | t_u_r: 70/943 | t_u: 146/1885) -> {'max_bond': 128, 'max_links': 4, 'total_elems': 505192, 'total_shapes': 4592, 'total_links': 222, 'num_tensors': 56}
2026-08-24 20:56:11,452 [INFO] [5L/1505](swap: 7, u: 1 | c_u: 1 | t_u_l: 77/942 | t_u_r: 70/943 | t_u: 147/1885) -> {'max_bond': 239, 'max_links': 4, 'total_elems': 733652, 'total_shapes': 5396, 'total_links': 222, 'num_tensors': 56}
2026-08-24 20:56:12,528 [INFO] [6L/1505](swap: 6, u: 0 | c_u: 1 | t_u_l: 77/942 | t_u_r: 70/943 | t_u: 147/1885) -> {'max_bond': 237, 'max_links': 4, 'total_elems': 942960, 'total_shapes': 6010, 'total_links': 222, 'num_tensors': 56}
2026-08-24 20:56:13,866 [INFO]     [start unswap] -> {'max_bond': 237, 'max_links': 4, 'total_elems': 942960, 'total_shapes': 6010, 'total_links': 222, 'num_tensors': 56}
2026-08-24 20:56:21,856 [INFO]     [0 | both | 0](candidate_pairs: 28/28 | new_swaps: 3 | total: 3) -> {'max_bond': 254, 'max_links': 4, 'total_elems': 1316084, 'total_shapes': 6886, 'total_links': 222, 'num_tensors': 56}
2026-08-24 20:56:25,480 [INFO]     [0 | both | 1](candidate_pairs: 27/27 | new_swaps: 11 | total: 14) -> {'max_bond': 235, 'max_links': 4, 'total_elems': 817660, 'total_shapes': 5222, 'total_links': 222, 'num_tensors': 56}
2026-08-24 20:56:26,757 [INFO]     [0 | left | 0](candidate_pairs: 28/28 | new_swaps: 6 | total: 20) -> {'max_bond': 235, 'max_links': 4, 'total_elems': 659136, 'total_shapes': 4738, 'total_links': 222, 'num_tensors': 56}
2026-08-24 20:56:27,805 [INFO]     [0 | left | 1](candidate_pairs: 27/27 | new_swaps: 8 | total: 28) -> {'max_bond': 128, 'max_links': 4, 'total_elems': 398676, 'total_shapes': 3818, 'total_links': 222, 'num_tensors': 56}
2026-08-24 20:56:28,329 [INFO]     [0 | right | 0](candidate_pairs: 28/28 | new_swaps: 5 | total: 33) -> {'max_bond': 128, 'max_links': 4, 'total_elems': 365512, 'total_shapes': 3564, 'total_links': 222, 'num_tensors': 56}
2026-08-24 20:56:28,979 [INFO]     [0 | right | 1](candidate_pairs: 27/27 | new_swaps: 5 | total: 38) -> {'max_bond': 128, 'max_links': 4, 'total_elems': 354040, 'total_shapes': 3440, 'total_links': 222, 'num_tensors': 56}
2026-08-24 20:56:29,935 [INFO]     [1 | both | 0](candidate_pairs: 28/28 | new_swaps: 6 | total: 6) -> {'max_bond': 128, 'max_links': 4, 'total_elems': 231180, 'total_shapes': 2896, 'total_links': 222, 'num_tensors': 56}
2026-08-24 20:56:30,653 [INFO]     [1 | both | 1](candidate_pairs: 27/27 | new_swaps: 4 | total: 10) -> {'max_bond': 127, 'max_links': 4, 'total_elems': 215376, 'total_shapes': 2766, 'total_links': 222, 'num_tensors': 56}
2026-08-24 20:56:31,005 [INFO]     [1 | left | 0](candidate_pairs: 28/28 | new_swaps: 5 | total: 15) -> {'max_bond': 125, 'max_links': 4, 'total_elems': 137488, 'total_shapes': 2502, 'total_links': 222, 'num_tensors': 56}
2026-08-24 20:56:31,227 [INFO]     [1 | left | 1](candidate_pairs: 27/27 | new_swaps: 4 | total: 19) -> {'max_bond': 62, 'max_links': 4, 'total_elems': 97788, 'total_shapes': 2184, 'total_links': 222, 'num_tensors': 56}
2026-08-24 20:56:31,390 [INFO]     [1 | right | 0](candidate_pairs: 28/28 | new_swaps: 2 | total: 21) -> {'max_bond': 62, 'max_links': 4, 'total_elems': 95548, 'total_shapes': 2128, 'total_links': 222, 'num_tensors': 56}
2026-08-24 20:56:31,543 [INFO]     [1 | right | 1](candidate_pairs: 27/27 | new_swaps: 1 | total: 22) -> {'max_bond': 62, 'max_links': 4, 'total_elems': 95052, 'total_shapes': 2124, 'total_links': 222, 'num_tensors': 56}
2026-08-24 20:56:31,877 [INFO]     [2 | both | 0](candidate_pairs: 28/28 | new_swaps: 1 | total: 1) -> {'max_bond': 62, 'max_links': 4, 'total_elems': 93900, 'total_shapes': 2108, 'total_links': 222, 'num_tensors': 56}
2026-08-24 20:56:32,207 [INFO]     [2 | both | 1](candidate_pairs: 27/27 | new_swaps: 3 | total: 4) -> {'max_bond': 62, 'max_links': 4, 'total_elems': 91136, 'total_shapes': 2062, 'total_links': 222, 'num_tensors': 56}
2026-08-24 20:56:32,358 [INFO]     [2 | left | 0](candidate_pairs: 28/28 | new_swaps: 1 | total: 5) -> {'max_bond': 62, 'max_links': 4, 'total_elems': 89088, 'total_shapes': 2030, 'total_links': 222, 'num_tensors': 56}
2026-08-24 20:56:32,500 [INFO]     [2 | left | 1](candidate_pairs: 27/27 | new_swaps: 1 | total: 6) -> {'max_bond': 62, 'max_links': 4, 'total_elems': 88320, 'total_shapes': 2014, 'total_links': 222, 'num_tensors': 56}
2026-08-24 20:56:32,644 [INFO]     [2 | right | 0](candidate_pairs: 28/28 | new_swaps: 1 | total: 7) -> {'max_bond': 62, 'max_links': 4, 'total_elems': 87552, 'total_shapes': 1998, 'total_links': 222, 'num_tensors': 56}
2026-08-24 20:56:32,783 [INFO]     [2 | right | 1](candidate_pairs: 27/27 | new_swaps: 2 | total: 9) -> {'max_bond': 62, 'max_links': 4, 'total_elems': 86784, 'total_shapes': 1974, 'total_links': 222, 'num_tensors': 56}
2026-08-24 20:56:33,094 [INFO]     [3 | both | 0](candidate_pairs: 28/28 | new_swaps: 1 | total: 1) -> {'max_bond': 62, 'max_links': 4, 'total_elems': 86592, 'total_shapes': 1966, 'total_links': 222, 'num_tensors': 56}
2026-08-24 20:56:33,326 [INFO]     [3 | both | 1](candidate_pairs: 27/27 | new_swaps: 0 | total: 1) -> {'max_bond': 62, 'max_links': 4, 'total_elems': 86592, 'total_shapes': 1966, 'total_links': 222, 'num_tensors': 56}
2026-08-24 20:56:33,473 [INFO]     [3 | left | 0](candidate_pairs: 28/28 | new_swaps: 1 | total: 2) -> {'max_bond': 62, 'max_links': 4, 'total_elems': 86552, 'total_shapes': 1964, 'total_links': 222, 'num_tensors': 56}
2026-08-24 20:56:33,576 [INFO]     [3 | left | 1](candidate_pairs: 27/27 | new_swaps: 0 | total: 2) -> {'max_bond': 62, 'max_links': 4, 'total_elems': 86552, 'total_shapes': 1964, 'total_links': 222, 'num_tensors': 56}
2026-08-24 20:56:33,718 [INFO]     [3 | right | 0](candidate_pairs: 28/28 | new_swaps: 1 | total: 3) -> {'max_bond': 62, 'max_links': 4, 'total_elems': 86360, 'total_shapes': 1956, 'total_links': 222, 'num_tensors': 56}
2026-08-24 20:56:33,819 [INFO]     [3 | right | 1](candidate_pairs: 27/27 | new_swaps: 0 | total: 3) -> {'max_bond': 62, 'max_links': 4, 'total_elems': 86360, 'total_shapes': 1956, 'total_links': 222, 'num_tensors': 56}
2026-08-24 20:56:34,048 [INFO]     [4 | both | 0](candidate_pairs: 28/28 | new_swaps: 0 | total: 0) -> {'max_bond': 62, 'max_links': 4, 'total_elems': 86360, 'total_shapes': 1956, 'total_links': 222, 'num_tensors': 56}
2026-08-24 20:56:34,273 [INFO]     [4 | both | 1](candidate_pairs: 27/27 | new_swaps: 0 | total: 0) -> {'max_bond': 62, 'max_links': 4, 'total_elems': 86360, 'total_shapes': 1956, 'total_links': 222, 'num_tensors': 56}
2026-08-24 20:56:34,379 [INFO]     [4 | left | 0](candidate_pairs: 28/28 | new_swaps: 0 | total: 0) -> {'max_bond': 62, 'max_links': 4, 'total_elems': 86360, 'total_shapes': 1956, 'total_links': 222, 'num_tensors': 56}
2026-08-24 20:56:34,478 [INFO]     [4 | left | 1](candidate_pairs: 27/27 | new_swaps: 0 | total: 0) -> {'max_bond': 62, 'max_links': 4, 'total_elems': 86360, 'total_shapes': 1956, 'total_links': 222, 'num_tensors': 56}
2026-08-24 20:56:34,583 [INFO]     [4 | right | 0](candidate_pairs: 28/28 | new_swaps: 0 | total: 0) -> {'max_bond': 62, 'max_links': 4, 'total_elems': 86360, 'total_shapes': 1956, 'total_links': 222, 'num_tensors': 56}
2026-08-24 20:56:34,682 [INFO]     [4 | right | 1](candidate_pairs: 27/27 | new_swaps: 0 | total: 0) -> {'max_bond': 62, 'max_links': 4, 'total_elems': 86360, 'total_shapes': 1956, 'total_links': 222, 'num_tensors': 56}
2026-08-24 20:56:34,683 [INFO]     [end unswap] -> {'max_bond': 62, 'max_links': 4, 'total_elems': 86360, 'total_shapes': 1956, 'total_links': 222, 'num_tensors': 56}
2026-08-24 20:56:34,750 [INFO] [start rewire](phase=post_unswap, cycle=30, side=left, layers=1501, trials=20, seed=123, parallel=False, route_candidates=1, route_score=none)
2026-08-24 20:56:36,666 [INFO] [end rewire](phase=post_unswap, cycle=30, side=left, routed_layers=1439, elapsed_s=1.92)
2026-08-24 20:56:36,666 [INFO] [start rewire](phase=post_unswap, cycle=30, side=right, layers=1425, trials=20, seed=123, parallel=False, route_candidates=1, route_score=none)
2026-08-24 20:56:38,862 [INFO] [end rewire](phase=post_unswap, cycle=30, side=right, routed_layers=1479, elapsed_s=2.20)
[Cycle 30] 147/1885 gates (7.8 %) after 724 sec
2026-08-24 20:56:39,066 [INFO] [1L/1437](swap: 12, u: 0 | c_u: 0 | t_u_l: 77/942 | t_u_r: 70/943 | t_u: 147/1885) -> {'max_bond': 62, 'max_links': 4, 'total_elems': 86360, 'total_shapes': 1956, 'total_links': 222, 'num_tensors': 56}
2026-08-24 20:56:39,221 [INFO] [1R/1477](swap: 11, u: 0 | c_u: 0 | t_u_l: 77/942 | t_u_r: 70/943 | t_u: 147/1885) -> {'max_bond': 123, 'max_links': 4, 'total_elems': 129292, 'total_shapes': 2374, 'total_links': 222, 'num_tensors': 56}
2026-08-24 20:56:39,451 [INFO] [2L/1437](swap: 8, u: 0 | c_u: 0 | t_u_l: 77/942 | t_u_r: 70/943 | t_u: 147/1885) -> {'max_bond': 127, 'max_links': 4, 'total_elems': 249280, 'total_shapes': 3006, 'total_links': 222, 'num_tensors': 56}
2026-08-24 20:56:39,808 [INFO] [2R/1477](swap: 11, u: 1 | c_u: 1 | t_u_l: 77/942 | t_u_r: 71/943 | t_u: 148/1885) -> {'max_bond': 127, 'max_links': 4, 'total_elems': 345788, 'total_shapes': 3474, 'total_links': 222, 'num_tensors': 56}
2026-08-24 20:56:40,358 [INFO] [3L/1437](swap: 6, u: 0 | c_u: 1 | t_u_l: 77/942 | t_u_r: 71/943 | t_u: 148/1885) -> {'max_bond': 230, 'max_links': 4, 'total_elems': 577220, 'total_shapes': 4156, 'total_links': 222, 'num_tensors': 56}
2026-08-24 20:56:41,193 [INFO] [3R/1477](swap: 9, u: 2 | c_u: 3 | t_u_l: 77/942 | t_u_r: 73/943 | t_u: 150/1885) -> {'max_bond': 254, 'max_links': 4, 'total_elems': 956656, 'total_shapes': 5254, 'total_links': 222, 'num_tensors': 56}
2026-08-24 20:56:42,522 [INFO]     [start unswap] -> {'max_bond': 254, 'max_links': 4, 'total_elems': 956656, 'total_shapes': 5254, 'total_links': 222, 'num_tensors': 56}
2026-08-24 20:56:47,866 [INFO]     [0 | both | 0](candidate_pairs: 28/28 | new_swaps: 7 | total: 7) -> {'max_bond': 448, 'max_links': 4, 'total_elems': 1221860, 'total_shapes': 5558, 'total_links': 222, 'num_tensors': 56}
2026-08-24 20:56:51,662 [INFO]     [0 | both | 1](candidate_pairs: 27/27 | new_swaps: 11 | total: 18) -> {'max_bond': 219, 'max_links': 4, 'total_elems': 611260, 'total_shapes': 4038, 'total_links': 222, 'num_tensors': 56}
2026-08-24 20:56:52,707 [INFO]     [0 | left | 0](candidate_pairs: 28/28 | new_swaps: 9 | total: 27) -> {'max_bond': 212, 'max_links': 4, 'total_elems': 490588, 'total_shapes': 3626, 'total_links': 222, 'num_tensors': 56}
2026-08-24 20:56:53,550 [INFO]     [0 | left | 1](candidate_pairs: 27/27 | new_swaps: 8 | total: 35) -> {'max_bond': 210, 'max_links': 4, 'total_elems': 457356, 'total_shapes': 3452, 'total_links': 222, 'num_tensors': 56}
2026-08-24 20:56:54,205 [INFO]     [0 | right | 0](candidate_pairs: 28/28 | new_swaps: 7 | total: 42) -> {'max_bond': 209, 'max_links': 4, 'total_elems': 427620, 'total_shapes': 3236, 'total_links': 222, 'num_tensors': 56}
2026-08-24 20:56:54,973 [INFO]     [0 | right | 1](candidate_pairs: 27/27 | new_swaps: 7 | total: 49) -> {'max_bond': 208, 'max_links': 4, 'total_elems': 319656, 'total_shapes': 2942, 'total_links': 222, 'num_tensors': 56}
2026-08-24 20:56:55,900 [INFO]     [1 | both | 0](candidate_pairs: 28/28 | new_swaps: 4 | total: 4) -> {'max_bond': 110, 'max_links': 4, 'total_elems': 209740, 'total_shapes': 2540, 'total_links': 222, 'num_tensors': 56}
2026-08-24 20:56:56,606 [INFO]     [1 | both | 1](candidate_pairs: 27/27 | new_swaps: 5 | total: 9) -> {'max_bond': 105, 'max_links': 4, 'total_elems': 130484, 'total_shapes': 2208, 'total_links': 222, 'num_tensors': 56}
2026-08-24 20:56:56,807 [INFO]     [1 | left | 0](candidate_pairs: 28/28 | new_swaps: 2 | total: 11) -> {'max_bond': 60, 'max_links': 4, 'total_elems': 101868, 'total_shapes': 2012, 'total_links': 222, 'num_tensors': 56}
2026-08-24 20:56:57,005 [INFO]     [1 | left | 1](candidate_pairs: 27/27 | new_swaps: 3 | total: 14) -> {'max_bond': 60, 'max_links': 4, 'total_elems': 90304, 'total_shapes': 1912, 'total_links': 222, 'num_tensors': 56}
2026-08-24 20:56:57,146 [INFO]     [1 | right | 0](candidate_pairs: 28/28 | new_swaps: 2 | total: 16) -> {'max_bond': 60, 'max_links': 4, 'total_elems': 87324, 'total_shapes': 1874, 'total_links': 222, 'num_tensors': 56}
2026-08-24 20:56:57,310 [INFO]     [1 | right | 1](candidate_pairs: 27/27 | new_swaps: 1 | total: 17) -> {'max_bond': 60, 'max_links': 4, 'total_elems': 84864, 'total_shapes': 1844, 'total_links': 222, 'num_tensors': 56}
2026-08-24 20:56:57,642 [INFO]     [2 | both | 0](candidate_pairs: 28/28 | new_swaps: 2 | total: 2) -> {'max_bond': 55, 'max_links': 4, 'total_elems': 66036, 'total_shapes': 1734, 'total_links': 222, 'num_tensors': 56}
2026-08-24 20:56:57,902 [INFO]     [2 | both | 1](candidate_pairs: 27/27 | new_swaps: 1 | total: 3) -> {'max_bond': 42, 'max_links': 4, 'total_elems': 56916, 'total_shapes': 1658, 'total_links': 222, 'num_tensors': 56}
2026-08-24 20:56:58,004 [INFO]     [2 | left | 0](candidate_pairs: 28/28 | new_swaps: 1 | total: 4) -> {'max_bond': 42, 'max_links': 4, 'total_elems': 54956, 'total_shapes': 1630, 'total_links': 222, 'num_tensors': 56}
2026-08-24 20:56:58,117 [INFO]     [2 | left | 1](candidate_pairs: 27/27 | new_swaps: 1 | total: 5) -> {'max_bond': 42, 'max_links': 4, 'total_elems': 53780, 'total_shapes': 1602, 'total_links': 222, 'num_tensors': 56}
2026-08-24 20:56:58,179 [INFO]     [2 | right | 0](candidate_pairs: 28/28 | new_swaps: 0 | total: 5) -> {'max_bond': 42, 'max_links': 4, 'total_elems': 53780, 'total_shapes': 1602, 'total_links': 222, 'num_tensors': 56}
2026-08-24 20:56:58,258 [INFO]     [2 | right | 1](candidate_pairs: 27/27 | new_swaps: 0 | total: 5) -> {'max_bond': 42, 'max_links': 4, 'total_elems': 53780, 'total_shapes': 1602, 'total_links': 222, 'num_tensors': 56}
2026-08-24 20:56:58,393 [INFO]     [3 | both | 0](candidate_pairs: 28/28 | new_swaps: 0 | total: 0) -> {'max_bond': 42, 'max_links': 4, 'total_elems': 53780, 'total_shapes': 1602, 'total_links': 222, 'num_tensors': 56}
2026-08-24 20:56:58,564 [INFO]     [3 | both | 1](candidate_pairs: 27/27 | new_swaps: 0 | total: 0) -> {'max_bond': 42, 'max_links': 4, 'total_elems': 53780, 'total_shapes': 1602, 'total_links': 222, 'num_tensors': 56}
2026-08-24 20:56:58,627 [INFO]     [3 | left | 0](candidate_pairs: 28/28 | new_swaps: 0 | total: 0) -> {'max_bond': 42, 'max_links': 4, 'total_elems': 53780, 'total_shapes': 1602, 'total_links': 222, 'num_tensors': 56}
2026-08-24 20:56:58,705 [INFO]     [3 | left | 1](candidate_pairs: 27/27 | new_swaps: 0 | total: 0) -> {'max_bond': 42, 'max_links': 4, 'total_elems': 53780, 'total_shapes': 1602, 'total_links': 222, 'num_tensors': 56}
2026-08-24 20:56:58,766 [INFO]     [3 | right | 0](candidate_pairs: 28/28 | new_swaps: 0 | total: 0) -> {'max_bond': 42, 'max_links': 4, 'total_elems': 53780, 'total_shapes': 1602, 'total_links': 222, 'num_tensors': 56}
2026-08-24 20:56:58,844 [INFO]     [3 | right | 1](candidate_pairs: 27/27 | new_swaps: 0 | total: 0) -> {'max_bond': 42, 'max_links': 4, 'total_elems': 53780, 'total_shapes': 1602, 'total_links': 222, 'num_tensors': 56}
2026-08-24 20:56:58,845 [INFO]     [end unswap] -> {'max_bond': 42, 'max_links': 4, 'total_elems': 53780, 'total_shapes': 1602, 'total_links': 222, 'num_tensors': 56}
2026-08-24 20:56:58,846 [INFO] [start rewire](phase=post_unswap, cycle=31, side=left, layers=1436, trials=20, seed=123, parallel=False, route_candidates=1, route_score=none)
2026-08-24 20:57:00,774 [INFO] [end rewire](phase=post_unswap, cycle=31, side=left, routed_layers=1443, elapsed_s=1.93)
2026-08-24 20:57:00,774 [INFO] [start rewire](phase=post_unswap, cycle=31, side=right, layers=1476, trials=20, seed=123, parallel=False, route_candidates=1, route_score=none)
2026-08-24 20:57:02,957 [INFO] [end rewire](phase=post_unswap, cycle=31, side=right, routed_layers=1612, elapsed_s=2.18)
[Cycle 31] 150/1885 gates (8.0 %) after 748 sec
2026-08-24 20:57:03,130 [INFO] [1L/1441](swap: 9, u: 0 | c_u: 0 | t_u_l: 77/942 | t_u_r: 73/943 | t_u: 150/1885) -> {'max_bond': 42, 'max_links': 4, 'total_elems': 53780, 'total_shapes': 1602, 'total_links': 222, 'num_tensors': 56}
2026-08-24 20:57:03,239 [INFO] [1R/1610](swap: 10, u: 1 | c_u: 1 | t_u_l: 77/942 | t_u_r: 74/943 | t_u: 151/1885) -> {'max_bond': 48, 'max_links': 4, 'total_elems': 67424, 'total_shapes': 1816, 'total_links': 222, 'num_tensors': 56}
2026-08-24 20:57:03,370 [INFO] [2L/1441](swap: 5, u: 1 | c_u: 2 | t_u_l: 78/942 | t_u_r: 74/943 | t_u: 152/1885) -> {'max_bond': 56, 'max_links': 4, 'total_elems': 83376, 'total_shapes': 2040, 'total_links': 222, 'num_tensors': 56}
2026-08-24 20:57:03,515 [INFO] [3L/1441](swap: 7, u: 1 | c_u: 3 | t_u_l: 79/942 | t_u_r: 74/943 | t_u: 153/1885) -> {'max_bond': 109, 'max_links': 4, 'total_elems': 112936, 'total_shapes': 2254, 'total_links': 222, 'num_tensors': 56}
2026-08-24 20:57:03,699 [INFO] [2R/1610](swap: 11, u: 1 | c_u: 4 | t_u_l: 79/942 | t_u_r: 75/943 | t_u: 154/1885) -> {'max_bond': 60, 'max_links': 4, 'total_elems': 128852, 'total_shapes': 2512, 'total_links': 222, 'num_tensors': 56}
2026-08-24 20:57:03,901 [INFO] [4L/1441](swap: 5, u: 0 | c_u: 4 | t_u_l: 79/942 | t_u_r: 75/943 | t_u: 154/1885) -> {'max_bond': 109, 'max_links': 4, 'total_elems': 183156, 'total_shapes': 2852, 'total_links': 222, 'num_tensors': 56}
2026-08-24 20:57:04,129 [INFO] [5L/1441](swap: 5, u: 0 | c_u: 4 | t_u_l: 79/942 | t_u_r: 75/943 | t_u: 154/1885) -> {'max_bond': 108, 'max_links': 4, 'total_elems': 241824, 'total_shapes': 3126, 'total_links': 222, 'num_tensors': 56}
2026-08-24 20:57:04,435 [INFO] [6L/1441](swap: 5, u: 0 | c_u: 4 | t_u_l: 79/942 | t_u_r: 75/943 | t_u: 154/1885) -> {'max_bond': 107, 'max_links': 4, 'total_elems': 264352, 'total_shapes': 3280, 'total_links': 222, 'num_tensors': 56}
2026-08-24 20:57:04,798 [INFO] [3R/1610](swap: 13, u: 0 | c_u: 4 | t_u_l: 79/942 | t_u_r: 75/943 | t_u: 154/1885) -> {'max_bond': 204, 'max_links': 4, 'total_elems': 404460, 'total_shapes': 4158, 'total_links': 222, 'num_tensors': 56}
2026-08-24 20:57:05,459 [INFO] [7L/1441](swap: 3, u: 0 | c_u: 4 | t_u_l: 79/942 | t_u_r: 75/943 | t_u: 154/1885) -> {'max_bond': 211, 'max_links': 4, 'total_elems': 575632, 'total_shapes': 4622, 'total_links': 222, 'num_tensors': 56}
2026-08-24 20:57:06,288 [INFO]     [start unswap] -> {'max_bond': 211, 'max_links': 4, 'total_elems': 575632, 'total_shapes': 4622, 'total_links': 222, 'num_tensors': 56}
2026-08-24 20:57:09,078 [INFO]     [0 | both | 0](candidate_pairs: 28/28 | new_swaps: 5 | total: 5) -> {'max_bond': 381, 'max_links': 4, 'total_elems': 972912, 'total_shapes': 4994, 'total_links': 222, 'num_tensors': 56}
2026-08-24 20:57:13,363 [INFO]     [0 | both | 1](candidate_pairs: 27/27 | new_swaps: 9 | total: 14) -> {'max_bond': 367, 'max_links': 4, 'total_elems': 843516, 'total_shapes': 4388, 'total_links': 222, 'num_tensors': 56}
2026-08-24 20:57:14,800 [INFO]     [0 | left | 0](candidate_pairs: 28/28 | new_swaps: 9 | total: 23) -> {'max_bond': 187, 'max_links': 4, 'total_elems': 397744, 'total_shapes': 3476, 'total_links': 222, 'num_tensors': 56}
2026-08-24 20:57:15,348 [INFO]     [0 | left | 1](candidate_pairs: 27/27 | new_swaps: 9 | total: 32) -> {'max_bond': 108, 'max_links': 4, 'total_elems': 244632, 'total_shapes': 2892, 'total_links': 222, 'num_tensors': 56}
2026-08-24 20:57:15,741 [INFO]     [0 | right | 0](candidate_pairs: 28/28 | new_swaps: 5 | total: 37) -> {'max_bond': 108, 'max_links': 4, 'total_elems': 222744, 'total_shapes': 2700, 'total_links': 222, 'num_tensors': 56}
2026-08-24 20:57:16,116 [INFO]     [0 | right | 1](candidate_pairs: 27/27 | new_swaps: 7 | total: 44) -> {'max_bond': 101, 'max_links': 4, 'total_elems': 175448, 'total_shapes': 2480, 'total_links': 222, 'num_tensors': 56}
2026-08-24 20:57:16,722 [INFO]     [1 | both | 0](candidate_pairs: 28/28 | new_swaps: 8 | total: 8) -> {'max_bond': 101, 'max_links': 4, 'total_elems': 131168, 'total_shapes': 2222, 'total_links': 222, 'num_tensors': 56}
2026-08-24 20:57:17,128 [INFO]     [1 | both | 1](candidate_pairs: 27/27 | new_swaps: 2 | total: 10) -> {'max_bond': 92, 'max_links': 4, 'total_elems': 102448, 'total_shapes': 2032, 'total_links': 222, 'num_tensors': 56}
2026-08-24 20:57:17,299 [INFO]     [1 | left | 0](candidate_pairs: 28/28 | new_swaps: 6 | total: 16) -> {'max_bond': 54, 'max_links': 4, 'total_elems': 85592, 'total_shapes': 1922, 'total_links': 222, 'num_tensors': 56}
2026-08-24 20:57:17,468 [INFO]     [1 | left | 1](candidate_pairs: 27/27 | new_swaps: 7 | total: 23) -> {'max_bond': 54, 'max_links': 4, 'total_elems': 78336, 'total_shapes': 1840, 'total_links': 222, 'num_tensors': 56}
2026-08-24 20:57:17,608 [INFO]     [1 | right | 0](candidate_pairs: 28/28 | new_swaps: 4 | total: 27) -> {'max_bond': 54, 'max_links': 4, 'total_elems': 75216, 'total_shapes': 1798, 'total_links': 222, 'num_tensors': 56}
2026-08-24 20:57:17,740 [INFO]     [1 | right | 1](candidate_pairs: 27/27 | new_swaps: 1 | total: 28) -> {'max_bond': 54, 'max_links': 4, 'total_elems': 75076, 'total_shapes': 1792, 'total_links': 222, 'num_tensors': 56}
2026-08-24 20:57:18,037 [INFO]     [2 | both | 0](candidate_pairs: 28/28 | new_swaps: 2 | total: 2) -> {'max_bond': 53, 'max_links': 4, 'total_elems': 58504, 'total_shapes': 1680, 'total_links': 222, 'num_tensors': 56}
2026-08-24 20:57:18,279 [INFO]     [2 | both | 1](candidate_pairs: 27/27 | new_swaps: 5 | total: 7) -> {'max_bond': 53, 'max_links': 4, 'total_elems': 48988, 'total_shapes': 1538, 'total_links': 222, 'num_tensors': 56}
2026-08-24 20:57:18,372 [INFO]     [2 | left | 0](candidate_pairs: 28/28 | new_swaps: 1 | total: 8) -> {'max_bond': 53, 'max_links': 4, 'total_elems': 47696, 'total_shapes': 1504, 'total_links': 222, 'num_tensors': 56}
2026-08-24 20:57:18,489 [INFO]     [2 | left | 1](candidate_pairs: 27/27 | new_swaps: 2 | total: 10) -> {'max_bond': 52, 'max_links': 4, 'total_elems': 47444, 'total_shapes': 1500, 'total_links': 222, 'num_tensors': 56}
2026-08-24 20:57:18,548 [INFO]     [2 | right | 0](candidate_pairs: 28/28 | new_swaps: 0 | total: 10) -> {'max_bond': 52, 'max_links': 4, 'total_elems': 47444, 'total_shapes': 1500, 'total_links': 222, 'num_tensors': 56}
2026-08-24 20:57:18,614 [INFO]     [2 | right | 1](candidate_pairs: 27/27 | new_swaps: 0 | total: 10) -> {'max_bond': 52, 'max_links': 4, 'total_elems': 47444, 'total_shapes': 1500, 'total_links': 222, 'num_tensors': 56}
2026-08-24 20:57:18,827 [INFO]     [3 | both | 0](candidate_pairs: 28/28 | new_swaps: 2 | total: 2) -> {'max_bond': 52, 'max_links': 4, 'total_elems': 47160, 'total_shapes': 1496, 'total_links': 222, 'num_tensors': 56}
2026-08-24 20:57:19,053 [INFO]     [3 | both | 1](candidate_pairs: 27/27 | new_swaps: 2 | total: 4) -> {'max_bond': 42, 'max_links': 4, 'total_elems': 41596, 'total_shapes': 1438, 'total_links': 222, 'num_tensors': 56}
2026-08-24 20:57:19,108 [INFO]     [3 | left | 0](candidate_pairs: 28/28 | new_swaps: 0 | total: 4) -> {'max_bond': 42, 'max_links': 4, 'total_elems': 41596, 'total_shapes': 1438, 'total_links': 222, 'num_tensors': 56}
2026-08-24 20:57:19,204 [INFO]     [3 | left | 1](candidate_pairs: 27/27 | new_swaps: 1 | total: 5) -> {'max_bond': 42, 'max_links': 4, 'total_elems': 41380, 'total_shapes': 1436, 'total_links': 222, 'num_tensors': 56}
2026-08-24 20:57:19,258 [INFO]     [3 | right | 0](candidate_pairs: 28/28 | new_swaps: 0 | total: 5) -> {'max_bond': 42, 'max_links': 4, 'total_elems': 41380, 'total_shapes': 1436, 'total_links': 222, 'num_tensors': 56}
2026-08-24 20:57:19,321 [INFO]     [3 | right | 1](candidate_pairs: 27/27 | new_swaps: 0 | total: 5) -> {'max_bond': 42, 'max_links': 4, 'total_elems': 41380, 'total_shapes': 1436, 'total_links': 222, 'num_tensors': 56}
2026-08-24 20:57:19,499 [INFO]     [4 | both | 0](candidate_pairs: 28/28 | new_swaps: 2 | total: 2) -> {'max_bond': 42, 'max_links': 4, 'total_elems': 37444, 'total_shapes': 1388, 'total_links': 222, 'num_tensors': 56}
2026-08-24 20:57:19,682 [INFO]     [4 | both | 1](candidate_pairs: 27/27 | new_swaps: 1 | total: 3) -> {'max_bond': 42, 'max_links': 4, 'total_elems': 35284, 'total_shapes': 1352, 'total_links': 222, 'num_tensors': 56}
2026-08-24 20:57:19,732 [INFO]     [4 | left | 0](candidate_pairs: 28/28 | new_swaps: 0 | total: 3) -> {'max_bond': 42, 'max_links': 4, 'total_elems': 35284, 'total_shapes': 1352, 'total_links': 222, 'num_tensors': 56}
2026-08-24 20:57:19,790 [INFO]     [4 | left | 1](candidate_pairs: 27/27 | new_swaps: 0 | total: 3) -> {'max_bond': 42, 'max_links': 4, 'total_elems': 35284, 'total_shapes': 1352, 'total_links': 222, 'num_tensors': 56}
2026-08-24 20:57:19,839 [INFO]     [4 | right | 0](candidate_pairs: 28/28 | new_swaps: 0 | total: 3) -> {'max_bond': 42, 'max_links': 4, 'total_elems': 35284, 'total_shapes': 1352, 'total_links': 222, 'num_tensors': 56}
2026-08-24 20:57:19,898 [INFO]     [4 | right | 1](candidate_pairs: 27/27 | new_swaps: 0 | total: 3) -> {'max_bond': 42, 'max_links': 4, 'total_elems': 35284, 'total_shapes': 1352, 'total_links': 222, 'num_tensors': 56}
2026-08-24 20:57:20,000 [INFO]     [5 | both | 0](candidate_pairs: 28/28 | new_swaps: 0 | total: 0) -> {'max_bond': 42, 'max_links': 4, 'total_elems': 35284, 'total_shapes': 1352, 'total_links': 222, 'num_tensors': 56}
2026-08-24 20:57:20,122 [INFO]     [5 | both | 1](candidate_pairs: 27/27 | new_swaps: 0 | total: 0) -> {'max_bond': 42, 'max_links': 4, 'total_elems': 35284, 'total_shapes': 1352, 'total_links': 222, 'num_tensors': 56}
2026-08-24 20:57:20,171 [INFO]     [5 | left | 0](candidate_pairs: 28/28 | new_swaps: 0 | total: 0) -> {'max_bond': 42, 'max_links': 4, 'total_elems': 35284, 'total_shapes': 1352, 'total_links': 222, 'num_tensors': 56}
2026-08-24 20:57:20,228 [INFO]     [5 | left | 1](candidate_pairs: 27/27 | new_swaps: 0 | total: 0) -> {'max_bond': 42, 'max_links': 4, 'total_elems': 35284, 'total_shapes': 1352, 'total_links': 222, 'num_tensors': 56}
2026-08-24 20:57:20,277 [INFO]     [5 | right | 0](candidate_pairs: 28/28 | new_swaps: 0 | total: 0) -> {'max_bond': 42, 'max_links': 4, 'total_elems': 35284, 'total_shapes': 1352, 'total_links': 222, 'num_tensors': 56}
2026-08-24 20:57:20,334 [INFO]     [5 | right | 1](candidate_pairs: 27/27 | new_swaps: 0 | total: 0) -> {'max_bond': 42, 'max_links': 4, 'total_elems': 35284, 'total_shapes': 1352, 'total_links': 222, 'num_tensors': 56}
2026-08-24 20:57:20,335 [INFO]     [end unswap] -> {'max_bond': 42, 'max_links': 4, 'total_elems': 35284, 'total_shapes': 1352, 'total_links': 222, 'num_tensors': 56}
2026-08-24 20:57:20,336 [INFO] [start rewire](phase=post_unswap, cycle=32, side=left, layers=1436, trials=20, seed=123, parallel=False, route_candidates=1, route_score=none)
2026-08-24 20:57:22,945 [INFO] [end rewire](phase=post_unswap, cycle=32, side=left, routed_layers=1350, elapsed_s=2.61)
2026-08-24 20:57:22,945 [INFO] [start rewire](phase=post_unswap, cycle=32, side=right, layers=1609, trials=20, seed=123, parallel=False, route_candidates=1, route_score=none)
2026-08-24 20:57:24,440 [INFO] [end rewire](phase=post_unswap, cycle=32, side=right, routed_layers=1520, elapsed_s=1.49)
[Cycle 32] 154/1885 gates (8.2 %) after 769 sec
2026-08-24 20:57:24,603 [INFO] [1L/1348](swap: 10, u: 0 | c_u: 0 | t_u_l: 79/942 | t_u_r: 75/943 | t_u: 154/1885) -> {'max_bond': 42, 'max_links': 4, 'total_elems': 35284, 'total_shapes': 1352, 'total_links': 222, 'num_tensors': 56}
2026-08-24 20:57:24,697 [INFO] [1R/1518](swap: 9, u: 1 | c_u: 1 | t_u_l: 79/942 | t_u_r: 76/943 | t_u: 155/1885) -> {'max_bond': 42, 'max_links': 4, 'total_elems': 39704, 'total_shapes': 1462, 'total_links': 222, 'num_tensors': 56}
2026-08-24 20:57:24,793 [INFO] [2L/1348](swap: 9, u: 0 | c_u: 1 | t_u_l: 79/942 | t_u_r: 76/943 | t_u: 155/1885) -> {'max_bond': 42, 'max_links': 4, 'total_elems': 43548, 'total_shapes': 1536, 'total_links': 222, 'num_tensors': 56}
2026-08-24 20:57:24,895 [INFO] [2R/1518](swap: 9, u: 1 | c_u: 2 | t_u_l: 79/942 | t_u_r: 77/943 | t_u: 156/1885) -> {'max_bond': 64, 'max_links': 4, 'total_elems': 57980, 'total_shapes': 1756, 'total_links': 222, 'num_tensors': 56}
2026-08-24 20:57:25,004 [INFO] [3L/1348](swap: 5, u: 0 | c_u: 2 | t_u_l: 79/942 | t_u_r: 77/943 | t_u: 156/1885) -> {'max_bond': 48, 'max_links': 4, 'total_elems': 66168, 'total_shapes': 1918, 'total_links': 222, 'num_tensors': 56}
2026-08-24 20:57:25,121 [INFO] [3R/1518](swap: 10, u: 0 | c_u: 2 | t_u_l: 79/942 | t_u_r: 77/943 | t_u: 156/1885) -> {'max_bond': 87, 'max_links': 4, 'total_elems': 95900, 'total_shapes': 2296, 'total_links': 222, 'num_tensors': 56}
2026-08-24 20:57:25,277 [INFO] [4L/1348](swap: 6, u: 0 | c_u: 2 | t_u_l: 79/942 | t_u_r: 77/943 | t_u: 156/1885) -> {'max_bond': 96, 'max_links': 4, 'total_elems': 133320, 'total_shapes': 2564, 'total_links': 222, 'num_tensors': 56}
2026-08-24 20:57:25,501 [INFO] [4R/1518](swap: 13, u: 0 | c_u: 2 | t_u_l: 79/942 | t_u_r: 77/943 | t_u: 156/1885) -> {'max_bond': 88, 'max_links': 4, 'total_elems': 204700, 'total_shapes': 3126, 'total_links': 222, 'num_tensors': 56}
2026-08-24 20:57:25,792 [INFO] [5L/1348](swap: 6, u: 0 | c_u: 2 | t_u_l: 79/942 | t_u_r: 77/943 | t_u: 156/1885) -> {'max_bond': 175, 'max_links': 4, 'total_elems': 300824, 'total_shapes': 3560, 'total_links': 222, 'num_tensors': 56}
2026-08-24 20:57:26,198 [INFO] [6L/1348](swap: 5, u: 0 | c_u: 2 | t_u_l: 79/942 | t_u_r: 77/943 | t_u: 156/1885) -> {'max_bond': 173, 'max_links': 4, 'total_elems': 376248, 'total_shapes': 3922, 'total_links': 222, 'num_tensors': 56}
2026-08-24 20:57:26,708 [INFO] [7L/1348](swap: 5, u: 0 | c_u: 2 | t_u_l: 79/942 | t_u_r: 77/943 | t_u: 156/1885) -> {'max_bond': 170, 'max_links': 4, 'total_elems': 592304, 'total_shapes': 4436, 'total_links': 222, 'num_tensors': 56}
2026-08-24 20:57:27,518 [INFO] [5R/1518](swap: 12, u: 0 | c_u: 2 | t_u_l: 79/942 | t_u_r: 77/943 | t_u: 156/1885) -> {'max_bond': 331, 'max_links': 4, 'total_elems': 974900, 'total_shapes': 5490, 'total_links': 222, 'num_tensors': 56}
2026-08-24 20:57:28,789 [INFO]     [start unswap] -> {'max_bond': 331, 'max_links': 4, 'total_elems': 974900, 'total_shapes': 5490, 'total_links': 222, 'num_tensors': 56}
2026-08-24 20:57:47,685 [INFO]     [0 | both | 0](candidate_pairs: 28/28 | new_swaps: 8 | total: 8) -> {'max_bond': 409, 'max_links': 4, 'total_elems': 1333184, 'total_shapes': 5874, 'total_links': 222, 'num_tensors': 56}
2026-08-24 20:57:52,141 [INFO]     [0 | both | 1](candidate_pairs: 27/27 | new_swaps: 18 | total: 26) -> {'max_bond': 276, 'max_links': 4, 'total_elems': 722924, 'total_shapes': 4220, 'total_links': 222, 'num_tensors': 56}
2026-08-24 20:57:53,487 [INFO]     [0 | left | 0](candidate_pairs: 28/28 | new_swaps: 9 | total: 35) -> {'max_bond': 256, 'max_links': 4, 'total_elems': 592088, 'total_shapes': 3766, 'total_links': 222, 'num_tensors': 56}
2026-08-24 20:57:54,582 [INFO]     [0 | left | 1](candidate_pairs: 27/27 | new_swaps: 11 | total: 46) -> {'max_bond': 248, 'max_links': 4, 'total_elems': 269752, 'total_shapes': 3110, 'total_links': 222, 'num_tensors': 56}
2026-08-24 20:57:54,910 [INFO]     [0 | right | 0](candidate_pairs: 28/28 | new_swaps: 10 | total: 56) -> {'max_bond': 63, 'max_links': 4, 'total_elems': 137800, 'total_shapes': 2376, 'total_links': 222, 'num_tensors': 56}
2026-08-24 20:57:55,168 [INFO]     [0 | right | 1](candidate_pairs: 27/27 | new_swaps: 10 | total: 66) -> {'max_bond': 61, 'max_links': 4, 'total_elems': 125460, 'total_shapes': 2228, 'total_links': 222, 'num_tensors': 56}
2026-08-24 20:57:55,624 [INFO]     [1 | both | 0](candidate_pairs: 28/28 | new_swaps: 7 | total: 7) -> {'max_bond': 60, 'max_links': 4, 'total_elems': 103884, 'total_shapes': 2040, 'total_links': 222, 'num_tensors': 56}
2026-08-24 20:57:55,971 [INFO]     [1 | both | 1](candidate_pairs: 27/27 | new_swaps: 3 | total: 10) -> {'max_bond': 60, 'max_links': 4, 'total_elems': 80528, 'total_shapes': 1878, 'total_links': 222, 'num_tensors': 56}
2026-08-24 20:57:56,115 [INFO]     [1 | left | 0](candidate_pairs: 28/28 | new_swaps: 4 | total: 14) -> {'max_bond': 60, 'max_links': 4, 'total_elems': 75620, 'total_shapes': 1794, 'total_links': 222, 'num_tensors': 56}
2026-08-24 20:57:56,279 [INFO]     [1 | left | 1](candidate_pairs: 27/27 | new_swaps: 5 | total: 19) -> {'max_bond': 60, 'max_links': 4, 'total_elems': 60864, 'total_shapes': 1680, 'total_links': 222, 'num_tensors': 56}
2026-08-24 20:57:56,399 [INFO]     [1 | right | 0](candidate_pairs: 28/28 | new_swaps: 2 | total: 21) -> {'max_bond': 60, 'max_links': 4, 'total_elems': 57024, 'total_shapes': 1632, 'total_links': 222, 'num_tensors': 56}
2026-08-24 20:57:56,525 [INFO]     [1 | right | 1](candidate_pairs: 27/27 | new_swaps: 3 | total: 24) -> {'max_bond': 60, 'max_links': 4, 'total_elems': 53240, 'total_shapes': 1586, 'total_links': 222, 'num_tensors': 56}
2026-08-24 20:57:56,823 [INFO]     [2 | both | 0](candidate_pairs: 28/28 | new_swaps: 4 | total: 4) -> {'max_bond': 36, 'max_links': 4, 'total_elems': 43812, 'total_shapes': 1492, 'total_links': 222, 'num_tensors': 56}
2026-08-24 20:57:57,094 [INFO]     [2 | both | 1](candidate_pairs: 27/27 | new_swaps: 3 | total: 7) -> {'max_bond': 36, 'max_links': 4, 'total_elems': 41428, 'total_shapes': 1460, 'total_links': 222, 'num_tensors': 56}
2026-08-24 20:57:57,188 [INFO]     [2 | left | 0](candidate_pairs: 28/28 | new_swaps: 1 | total: 8) -> {'max_bond': 32, 'max_links': 4, 'total_elems': 40276, 'total_shapes': 1448, 'total_links': 222, 'num_tensors': 56}
2026-08-24 20:57:57,295 [INFO]     [2 | left | 1](candidate_pairs: 27/27 | new_swaps: 2 | total: 10) -> {'max_bond': 32, 'max_links': 4, 'total_elems': 34304, 'total_shapes': 1398, 'total_links': 222, 'num_tensors': 56}
2026-08-24 20:57:57,384 [INFO]     [2 | right | 0](candidate_pairs: 28/28 | new_swaps: 2 | total: 12) -> {'max_bond': 32, 'max_links': 4, 'total_elems': 30364, 'total_shapes': 1336, 'total_links': 222, 'num_tensors': 56}
2026-08-24 20:57:57,433 [INFO]     [2 | right | 1](candidate_pairs: 27/27 | new_swaps: 0 | total: 12) -> {'max_bond': 32, 'max_links': 4, 'total_elems': 30364, 'total_shapes': 1336, 'total_links': 222, 'num_tensors': 56}
2026-08-24 20:57:57,610 [INFO]     [3 | both | 0](candidate_pairs: 28/28 | new_swaps: 4 | total: 4) -> {'max_bond': 32, 'max_links': 4, 'total_elems': 28700, 'total_shapes': 1300, 'total_links': 222, 'num_tensors': 56}
2026-08-24 20:57:57,774 [INFO]     [3 | both | 1](candidate_pairs: 27/27 | new_swaps: 3 | total: 7) -> {'max_bond': 32, 'max_links': 4, 'total_elems': 27368, 'total_shapes': 1270, 'total_links': 222, 'num_tensors': 56}
2026-08-24 20:57:57,821 [INFO]     [3 | left | 0](candidate_pairs: 28/28 | new_swaps: 0 | total: 7) -> {'max_bond': 32, 'max_links': 4, 'total_elems': 27368, 'total_shapes': 1270, 'total_links': 222, 'num_tensors': 56}
2026-08-24 20:57:57,867 [INFO]     [3 | left | 1](candidate_pairs: 27/27 | new_swaps: 0 | total: 7) -> {'max_bond': 32, 'max_links': 4, 'total_elems': 27368, 'total_shapes': 1270, 'total_links': 222, 'num_tensors': 56}
2026-08-24 20:57:57,913 [INFO]     [3 | right | 0](candidate_pairs: 28/28 | new_swaps: 0 | total: 7) -> {'max_bond': 32, 'max_links': 4, 'total_elems': 27368, 'total_shapes': 1270, 'total_links': 222, 'num_tensors': 56}
2026-08-24 20:57:57,997 [INFO]     [3 | right | 1](candidate_pairs: 27/27 | new_swaps: 2 | total: 9) -> {'max_bond': 32, 'max_links': 4, 'total_elems': 26824, 'total_shapes': 1258, 'total_links': 222, 'num_tensors': 56}
2026-08-24 20:57:58,157 [INFO]     [4 | both | 0](candidate_pairs: 28/28 | new_swaps: 3 | total: 3) -> {'max_bond': 32, 'max_links': 4, 'total_elems': 25628, 'total_shapes': 1228, 'total_links': 222, 'num_tensors': 56}
2026-08-24 20:57:58,295 [INFO]     [4 | both | 1](candidate_pairs: 27/27 | new_swaps: 1 | total: 4) -> {'max_bond': 32, 'max_links': 4, 'total_elems': 25116, 'total_shapes': 1212, 'total_links': 222, 'num_tensors': 56}
2026-08-24 20:57:58,368 [INFO]     [4 | left | 0](candidate_pairs: 28/28 | new_swaps: 1 | total: 5) -> {'max_bond': 32, 'max_links': 4, 'total_elems': 24860, 'total_shapes': 1204, 'total_links': 222, 'num_tensors': 56}
2026-08-24 20:57:58,448 [INFO]     [4 | left | 1](candidate_pairs: 27/27 | new_swaps: 2 | total: 7) -> {'max_bond': 32, 'max_links': 4, 'total_elems': 24028, 'total_shapes': 1180, 'total_links': 222, 'num_tensors': 56}
2026-08-24 20:57:58,491 [INFO]     [4 | right | 0](candidate_pairs: 28/28 | new_swaps: 0 | total: 7) -> {'max_bond': 32, 'max_links': 4, 'total_elems': 24028, 'total_shapes': 1180, 'total_links': 222, 'num_tensors': 56}
2026-08-24 20:57:58,533 [INFO]     [4 | right | 1](candidate_pairs: 27/27 | new_swaps: 0 | total: 7) -> {'max_bond': 32, 'max_links': 4, 'total_elems': 24028, 'total_shapes': 1180, 'total_links': 222, 'num_tensors': 56}
2026-08-24 20:57:58,686 [INFO]     [5 | both | 0](candidate_pairs: 28/28 | new_swaps: 3 | total: 3) -> {'max_bond': 32, 'max_links': 4, 'total_elems': 23224, 'total_shapes': 1154, 'total_links': 222, 'num_tensors': 56}
2026-08-24 20:57:58,830 [INFO]     [5 | both | 1](candidate_pairs: 27/27 | new_swaps: 2 | total: 5) -> {'max_bond': 32, 'max_links': 4, 'total_elems': 22248, 'total_shapes': 1128, 'total_links': 222, 'num_tensors': 56}
2026-08-24 20:57:58,872 [INFO]     [5 | left | 0](candidate_pairs: 28/28 | new_swaps: 0 | total: 5) -> {'max_bond': 32, 'max_links': 4, 'total_elems': 22248, 'total_shapes': 1128, 'total_links': 222, 'num_tensors': 56}
2026-08-24 20:57:58,913 [INFO]     [5 | left | 1](candidate_pairs: 27/27 | new_swaps: 0 | total: 5) -> {'max_bond': 32, 'max_links': 4, 'total_elems': 22248, 'total_shapes': 1128, 'total_links': 222, 'num_tensors': 56}
2026-08-24 20:57:58,982 [INFO]     [5 | right | 0](candidate_pairs: 28/28 | new_swaps: 1 | total: 6) -> {'max_bond': 32, 'max_links': 4, 'total_elems': 22056, 'total_shapes': 1116, 'total_links': 222, 'num_tensors': 56}
2026-08-24 20:57:59,048 [INFO]     [5 | right | 1](candidate_pairs: 27/27 | new_swaps: 1 | total: 7) -> {'max_bond': 32, 'max_links': 4, 'total_elems': 21984, 'total_shapes': 1110, 'total_links': 222, 'num_tensors': 56}
2026-08-24 20:57:59,193 [INFO]     [6 | both | 0](candidate_pairs: 28/28 | new_swaps: 2 | total: 2) -> {'max_bond': 32, 'max_links': 4, 'total_elems': 21640, 'total_shapes': 1098, 'total_links': 222, 'num_tensors': 56}
2026-08-24 20:57:59,332 [INFO]     [6 | both | 1](candidate_pairs: 27/27 | new_swaps: 2 | total: 4) -> {'max_bond': 32, 'max_links': 4, 'total_elems': 20920, 'total_shapes': 1074, 'total_links': 222, 'num_tensors': 56}
2026-08-24 20:57:59,407 [INFO]     [6 | left | 0](candidate_pairs: 28/28 | new_swaps: 2 | total: 6) -> {'max_bond': 32, 'max_links': 4, 'total_elems': 20768, 'total_shapes': 1064, 'total_links': 222, 'num_tensors': 56}
2026-08-24 20:57:59,447 [INFO]     [6 | left | 1](candidate_pairs: 27/27 | new_swaps: 0 | total: 6) -> {'max_bond': 32, 'max_links': 4, 'total_elems': 20768, 'total_shapes': 1064, 'total_links': 222, 'num_tensors': 56}
2026-08-24 20:57:59,511 [INFO]     [6 | right | 0](candidate_pairs: 28/28 | new_swaps: 2 | total: 8) -> {'max_bond': 32, 'max_links': 4, 'total_elems': 20440, 'total_shapes': 1050, 'total_links': 222, 'num_tensors': 56}
2026-08-24 20:57:59,573 [INFO]     [6 | right | 1](candidate_pairs: 27/27 | new_swaps: 1 | total: 9) -> {'max_bond': 32, 'max_links': 4, 'total_elems': 20376, 'total_shapes': 1046, 'total_links': 222, 'num_tensors': 56}
2026-08-24 20:57:59,714 [INFO]     [7 | both | 0](candidate_pairs: 28/28 | new_swaps: 3 | total: 3) -> {'max_bond': 32, 'max_links': 4, 'total_elems': 20312, 'total_shapes': 1042, 'total_links': 222, 'num_tensors': 56}
2026-08-24 20:57:59,852 [INFO]     [7 | both | 1](candidate_pairs: 27/27 | new_swaps: 3 | total: 6) -> {'max_bond': 32, 'max_links': 4, 'total_elems': 19640, 'total_shapes': 1014, 'total_links': 222, 'num_tensors': 56}
2026-08-24 20:57:59,892 [INFO]     [7 | left | 0](candidate_pairs: 28/28 | new_swaps: 0 | total: 6) -> {'max_bond': 32, 'max_links': 4, 'total_elems': 19640, 'total_shapes': 1014, 'total_links': 222, 'num_tensors': 56}
2026-08-24 20:57:59,954 [INFO]     [7 | left | 1](candidate_pairs: 27/27 | new_swaps: 1 | total: 7) -> {'max_bond': 32, 'max_links': 4, 'total_elems': 19592, 'total_shapes': 1010, 'total_links': 222, 'num_tensors': 56}
2026-08-24 20:57:59,995 [INFO]     [7 | right | 0](candidate_pairs: 28/28 | new_swaps: 0 | total: 7) -> {'max_bond': 32, 'max_links': 4, 'total_elems': 19592, 'total_shapes': 1010, 'total_links': 222, 'num_tensors': 56}
2026-08-24 20:58:00,033 [INFO]     [7 | right | 1](candidate_pairs: 27/27 | new_swaps: 0 | total: 7) -> {'max_bond': 32, 'max_links': 4, 'total_elems': 19592, 'total_shapes': 1010, 'total_links': 222, 'num_tensors': 56}
2026-08-24 20:58:00,180 [INFO]     [8 | both | 0](candidate_pairs: 28/28 | new_swaps: 2 | total: 2) -> {'max_bond': 32, 'max_links': 4, 'total_elems': 19340, 'total_shapes': 1004, 'total_links': 222, 'num_tensors': 56}
2026-08-24 20:58:00,302 [INFO]     [8 | both | 1](candidate_pairs: 27/27 | new_swaps: 1 | total: 3) -> {'max_bond': 32, 'max_links': 4, 'total_elems': 19216, 'total_shapes': 998, 'total_links': 222, 'num_tensors': 56}
2026-08-24 20:58:00,366 [INFO]     [8 | left | 0](candidate_pairs: 28/28 | new_swaps: 1 | total: 4) -> {'max_bond': 32, 'max_links': 4, 'total_elems': 19184, 'total_shapes': 994, 'total_links': 222, 'num_tensors': 56}
2026-08-24 20:58:00,404 [INFO]     [8 | left | 1](candidate_pairs: 27/27 | new_swaps: 0 | total: 4) -> {'max_bond': 32, 'max_links': 4, 'total_elems': 19184, 'total_shapes': 994, 'total_links': 222, 'num_tensors': 56}
2026-08-24 20:58:00,444 [INFO]     [8 | right | 0](candidate_pairs: 28/28 | new_swaps: 0 | total: 4) -> {'max_bond': 32, 'max_links': 4, 'total_elems': 19184, 'total_shapes': 994, 'total_links': 222, 'num_tensors': 56}
2026-08-24 20:58:00,480 [INFO]     [8 | right | 1](candidate_pairs: 27/27 | new_swaps: 0 | total: 4) -> {'max_bond': 32, 'max_links': 4, 'total_elems': 19184, 'total_shapes': 994, 'total_links': 222, 'num_tensors': 56}
2026-08-24 20:58:00,559 [INFO]     [9 | both | 0](candidate_pairs: 28/28 | new_swaps: 0 | total: 0) -> {'max_bond': 32, 'max_links': 4, 'total_elems': 19184, 'total_shapes': 994, 'total_links': 222, 'num_tensors': 56}
2026-08-24 20:58:00,632 [INFO]     [9 | both | 1](candidate_pairs: 27/27 | new_swaps: 0 | total: 0) -> {'max_bond': 32, 'max_links': 4, 'total_elems': 19184, 'total_shapes': 994, 'total_links': 222, 'num_tensors': 56}
2026-08-24 20:58:00,671 [INFO]     [9 | left | 0](candidate_pairs: 28/28 | new_swaps: 0 | total: 0) -> {'max_bond': 32, 'max_links': 4, 'total_elems': 19184, 'total_shapes': 994, 'total_links': 222, 'num_tensors': 56}
2026-08-24 20:58:00,708 [INFO]     [9 | left | 1](candidate_pairs: 27/27 | new_swaps: 0 | total: 0) -> {'max_bond': 32, 'max_links': 4, 'total_elems': 19184, 'total_shapes': 994, 'total_links': 222, 'num_tensors': 56}
2026-08-24 20:58:00,747 [INFO]     [9 | right | 0](candidate_pairs: 28/28 | new_swaps: 0 | total: 0) -> {'max_bond': 32, 'max_links': 4, 'total_elems': 19184, 'total_shapes': 994, 'total_links': 222, 'num_tensors': 56}
2026-08-24 20:58:00,783 [INFO]     [9 | right | 1](candidate_pairs: 27/27 | new_swaps: 0 | total: 0) -> {'max_bond': 32, 'max_links': 4, 'total_elems': 19184, 'total_shapes': 994, 'total_links': 222, 'num_tensors': 56}
2026-08-24 20:58:00,784 [INFO]     [end unswap] -> {'max_bond': 32, 'max_links': 4, 'total_elems': 19184, 'total_shapes': 994, 'total_links': 222, 'num_tensors': 56}
2026-08-24 20:58:00,858 [INFO] [start rewire](phase=post_unswap, cycle=33, side=left, layers=1343, trials=20, seed=123, parallel=False, route_candidates=1, route_score=none)
2026-08-24 20:58:03,087 [INFO] [end rewire](phase=post_unswap, cycle=33, side=left, routed_layers=1371, elapsed_s=2.23)
2026-08-24 20:58:03,087 [INFO] [start rewire](phase=post_unswap, cycle=33, side=right, layers=1515, trials=20, seed=123, parallel=False, route_candidates=1, route_score=none)
2026-08-24 20:58:05,020 [INFO] [end rewire](phase=post_unswap, cycle=33, side=right, routed_layers=1572, elapsed_s=1.93)
[Cycle 33] 156/1885 gates (8.3 %) after 810 sec
2026-08-24 20:58:05,177 [INFO] [1L/1369](swap: 12, u: 0 | c_u: 0 | t_u_l: 79/942 | t_u_r: 77/943 | t_u: 156/1885) -> {'max_bond': 32, 'max_links': 4, 'total_elems': 19184, 'total_shapes': 994, 'total_links': 222, 'num_tensors': 56}
2026-08-24 20:58:05,258 [INFO] [1R/1570](swap: 7, u: 1 | c_u: 1 | t_u_l: 79/942 | t_u_r: 78/943 | t_u: 157/1885) -> {'max_bond': 32, 'max_links': 4, 'total_elems': 19748, 'total_shapes': 1036, 'total_links': 222, 'num_tensors': 56}
2026-08-24 20:58:05,338 [INFO] [2L/1369](swap: 11, u: 0 | c_u: 1 | t_u_l: 79/942 | t_u_r: 78/943 | t_u: 157/1885) -> {'max_bond': 32, 'max_links': 4, 'total_elems': 22320, 'total_shapes': 1134, 'total_links': 222, 'num_tensors': 56}
2026-08-24 20:58:05,420 [INFO] [2R/1570](swap: 10, u: 0 | c_u: 1 | t_u_l: 79/942 | t_u_r: 78/943 | t_u: 157/1885) -> {'max_bond': 38, 'max_links': 4, 'total_elems': 30992, 'total_shapes': 1336, 'total_links': 222, 'num_tensors': 56}
2026-08-24 20:58:05,508 [INFO] [3L/1369](swap: 10, u: 0 | c_u: 1 | t_u_l: 79/942 | t_u_r: 78/943 | t_u: 157/1885) -> {'max_bond': 44, 'max_links': 4, 'total_elems': 42136, 'total_shapes': 1534, 'total_links': 222, 'num_tensors': 56}
2026-08-24 20:58:05,608 [INFO] [3R/1570](swap: 10, u: 0 | c_u: 1 | t_u_l: 79/942 | t_u_r: 78/943 | t_u: 157/1885) -> {'max_bond': 44, 'max_links': 4, 'total_elems': 56008, 'total_shapes': 1726, 'total_links': 222, 'num_tensors': 56}
2026-08-24 20:58:05,734 [INFO] [4L/1369](swap: 7, u: 0 | c_u: 1 | t_u_l: 79/942 | t_u_r: 78/943 | t_u: 157/1885) -> {'max_bond': 64, 'max_links': 4, 'total_elems': 73812, 'total_shapes': 1924, 'total_links': 222, 'num_tensors': 56}
2026-08-24 20:58:05,878 [INFO] [5L/1369](swap: 7, u: 0 | c_u: 1 | t_u_l: 79/942 | t_u_r: 78/943 | t_u: 157/1885) -> {'max_bond': 109, 'max_links': 4, 'total_elems': 105056, 'total_shapes': 2200, 'total_links': 222, 'num_tensors': 56}
2026-08-24 20:58:06,062 [INFO] [6L/1369](swap: 8, u: 0 | c_u: 1 | t_u_l: 79/942 | t_u_r: 78/943 | t_u: 157/1885) -> {'max_bond': 105, 'max_links': 4, 'total_elems': 122636, 'total_shapes': 2356, 'total_links': 222, 'num_tensors': 56}
2026-08-24 20:58:06,240 [INFO] [4R/1570](swap: 11, u: 0 | c_u: 1 | t_u_l: 79/942 | t_u_r: 78/943 | t_u: 157/1885) -> {'max_bond': 101, 'max_links': 4, 'total_elems': 147244, 'total_shapes': 2598, 'total_links': 222, 'num_tensors': 56}
2026-08-24 20:58:06,444 [INFO] [7L/1369](swap: 5, u: 0 | c_u: 1 | t_u_l: 79/942 | t_u_r: 78/943 | t_u: 157/1885) -> {'max_bond': 97, 'max_links': 4, 'total_elems': 183184, 'total_shapes': 2852, 'total_links': 222, 'num_tensors': 56}
2026-08-24 20:58:06,690 [INFO] [8L/1369](swap: 6, u: 0 | c_u: 1 | t_u_l: 79/942 | t_u_r: 78/943 | t_u: 157/1885) -> {'max_bond': 123, 'max_links': 4, 'total_elems': 228184, 'total_shapes': 3180, 'total_links': 222, 'num_tensors': 56}
2026-08-24 20:58:06,995 [INFO] [5R/1570](swap: 11, u: 0 | c_u: 1 | t_u_l: 79/942 | t_u_r: 78/943 | t_u: 157/1885) -> {'max_bond': 127, 'max_links': 4, 'total_elems': 270788, 'total_shapes': 3444, 'total_links': 222, 'num_tensors': 56}
2026-08-24 20:58:07,309 [INFO] [6R/1570](swap: 10, u: 0 | c_u: 1 | t_u_l: 79/942 | t_u_r: 78/943 | t_u: 157/1885) -> {'max_bond': 168, 'max_links': 4, 'total_elems': 344212, 'total_shapes': 3932, 'total_links': 222, 'num_tensors': 56}
2026-08-24 20:58:07,647 [INFO] [7R/1570](swap: 8, u: 1 | c_u: 2 | t_u_l: 79/942 | t_u_r: 79/943 | t_u: 158/1885) -> {'max_bond': 148, 'max_links': 4, 'total_elems': 363420, 'total_shapes': 4114, 'total_links': 222, 'num_tensors': 56}
2026-08-24 20:58:08,043 [INFO] [9L/1369](swap: 5, u: 0 | c_u: 2 | t_u_l: 79/942 | t_u_r: 79/943 | t_u: 158/1885) -> {'max_bond': 127, 'max_links': 4, 'total_elems': 436740, 'total_shapes': 4520, 'total_links': 222, 'num_tensors': 56}
2026-08-24 20:58:08,625 [INFO] [8R/1570](swap: 8, u: 0 | c_u: 2 | t_u_l: 79/942 | t_u_r: 79/943 | t_u: 158/1885) -> {'max_bond': 160, 'max_links': 4, 'total_elems': 678432, 'total_shapes': 5236, 'total_links': 222, 'num_tensors': 56}
2026-08-24 20:58:09,468 [INFO] [10L/1369](swap: 5, u: 0 | c_u: 2 | t_u_l: 79/942 | t_u_r: 79/943 | t_u: 158/1885) -> {'max_bond': 238, 'max_links': 4, 'total_elems': 918128, 'total_shapes': 5900, 'total_links': 222, 'num_tensors': 56}
2026-08-24 20:58:10,577 [INFO]     [start unswap] -> {'max_bond': 238, 'max_links': 4, 'total_elems': 918128, 'total_shapes': 5900, 'total_links': 222, 'num_tensors': 56}
2026-08-24 20:58:17,244 [INFO]     [0 | both | 0](candidate_pairs: 28/28 | new_swaps: 7 | total: 7) -> {'max_bond': 224, 'max_links': 4, 'total_elems': 1034032, 'total_shapes': 6258, 'total_links': 222, 'num_tensors': 56}
2026-08-24 20:58:20,484 [INFO]     [0 | both | 1](candidate_pairs: 27/27 | new_swaps: 13 | total: 20) -> {'max_bond': 117, 'max_links': 4, 'total_elems': 537200, 'total_shapes': 4622, 'total_links': 222, 'num_tensors': 56}
2026-08-24 20:58:21,320 [INFO]     [0 | left | 0](candidate_pairs: 28/28 | new_swaps: 12 | total: 32) -> {'max_bond': 111, 'max_links': 4, 'total_elems': 371228, 'total_shapes': 3896, 'total_links': 222, 'num_tensors': 56}
2026-08-24 20:58:21,933 [INFO]     [0 | left | 1](candidate_pairs: 27/27 | new_swaps: 10 | total: 42) -> {'max_bond': 109, 'max_links': 4, 'total_elems': 286536, 'total_shapes': 3484, 'total_links': 222, 'num_tensors': 56}
2026-08-24 20:58:22,373 [INFO]     [0 | right | 0](candidate_pairs: 28/28 | new_swaps: 12 | total: 54) -> {'max_bond': 108, 'max_links': 4, 'total_elems': 225044, 'total_shapes': 2976, 'total_links': 222, 'num_tensors': 56}
2026-08-24 20:58:22,716 [INFO]     [0 | right | 1](candidate_pairs: 27/27 | new_swaps: 5 | total: 59) -> {'max_bond': 107, 'max_links': 4, 'total_elems': 155628, 'total_shapes': 2624, 'total_links': 222, 'num_tensors': 56}
2026-08-24 20:58:23,199 [INFO]     [1 | both | 0](candidate_pairs: 28/28 | new_swaps: 11 | total: 11) -> {'max_bond': 55, 'max_links': 4, 'total_elems': 95064, 'total_shapes': 2180, 'total_links': 222, 'num_tensors': 56}
2026-08-24 20:58:23,539 [INFO]     [1 | both | 1](candidate_pairs: 27/27 | new_swaps: 9 | total: 20) -> {'max_bond': 51, 'max_links': 4, 'total_elems': 73976, 'total_shapes': 1940, 'total_links': 222, 'num_tensors': 56}
2026-08-24 20:58:23,677 [INFO]     [1 | left | 0](candidate_pairs: 28/28 | new_swaps: 3 | total: 23) -> {'max_bond': 51, 'max_links': 4, 'total_elems': 68548, 'total_shapes': 1880, 'total_links': 222, 'num_tensors': 56}
2026-08-24 20:58:23,817 [INFO]     [1 | left | 1](candidate_pairs: 27/27 | new_swaps: 5 | total: 28) -> {'max_bond': 50, 'max_links': 4, 'total_elems': 61956, 'total_shapes': 1810, 'total_links': 222, 'num_tensors': 56}
2026-08-24 20:58:23,940 [INFO]     [1 | right | 0](candidate_pairs: 28/28 | new_swaps: 6 | total: 34) -> {'max_bond': 50, 'max_links': 4, 'total_elems': 54748, 'total_shapes': 1704, 'total_links': 222, 'num_tensors': 56}
2026-08-24 20:58:24,052 [INFO]     [1 | right | 1](candidate_pairs: 27/27 | new_swaps: 3 | total: 37) -> {'max_bond': 50, 'max_links': 4, 'total_elems': 52612, 'total_shapes': 1658, 'total_links': 222, 'num_tensors': 56}
2026-08-24 20:58:24,300 [INFO]     [2 | both | 0](candidate_pairs: 28/28 | new_swaps: 7 | total: 7) -> {'max_bond': 50, 'max_links': 4, 'total_elems': 46872, 'total_shapes': 1572, 'total_links': 222, 'num_tensors': 56}
2026-08-24 20:58:24,526 [INFO]     [2 | both | 1](candidate_pairs: 27/27 | new_swaps: 5 | total: 12) -> {'max_bond': 26, 'max_links': 4, 'total_elems': 37084, 'total_shapes': 1450, 'total_links': 222, 'num_tensors': 56}
2026-08-24 20:58:24,621 [INFO]     [2 | left | 0](candidate_pairs: 28/28 | new_swaps: 2 | total: 14) -> {'max_bond': 26, 'max_links': 4, 'total_elems': 36436, 'total_shapes': 1436, 'total_links': 222, 'num_tensors': 56}
2026-08-24 20:58:24,719 [INFO]     [2 | left | 1](candidate_pairs: 27/27 | new_swaps: 3 | total: 17) -> {'max_bond': 26, 'max_links': 4, 'total_elems': 34744, 'total_shapes': 1406, 'total_links': 222, 'num_tensors': 56}
2026-08-24 20:58:24,811 [INFO]     [2 | right | 0](candidate_pairs: 28/28 | new_swaps: 3 | total: 20) -> {'max_bond': 26, 'max_links': 4, 'total_elems': 31432, 'total_shapes': 1340, 'total_links': 222, 'num_tensors': 56}
2026-08-24 20:58:24,900 [INFO]     [2 | right | 1](candidate_pairs: 27/27 | new_swaps: 2 | total: 22) -> {'max_bond': 26, 'max_links': 4, 'total_elems': 31272, 'total_shapes': 1330, 'total_links': 222, 'num_tensors': 56}
2026-08-24 20:58:25,083 [INFO]     [3 | both | 0](candidate_pairs: 28/28 | new_swaps: 5 | total: 5) -> {'max_bond': 26, 'max_links': 4, 'total_elems': 26968, 'total_shapes': 1256, 'total_links': 222, 'num_tensors': 56}
2026-08-24 20:58:25,247 [INFO]     [3 | both | 1](candidate_pairs: 27/27 | new_swaps: 5 | total: 10) -> {'max_bond': 24, 'max_links': 4, 'total_elems': 24188, 'total_shapes': 1192, 'total_links': 222, 'num_tensors': 56}
2026-08-24 20:58:25,291 [INFO]     [3 | left | 0](candidate_pairs: 28/28 | new_swaps: 0 | total: 10) -> {'max_bond': 24, 'max_links': 4, 'total_elems': 24188, 'total_shapes': 1192, 'total_links': 222, 'num_tensors': 56}
2026-08-24 20:58:25,335 [INFO]     [3 | left | 1](candidate_pairs: 27/27 | new_swaps: 0 | total: 10) -> {'max_bond': 24, 'max_links': 4, 'total_elems': 24188, 'total_shapes': 1192, 'total_links': 222, 'num_tensors': 56}
2026-08-24 20:58:25,379 [INFO]     [3 | right | 0](candidate_pairs: 28/28 | new_swaps: 0 | total: 10) -> {'max_bond': 24, 'max_links': 4, 'total_elems': 24188, 'total_shapes': 1192, 'total_links': 222, 'num_tensors': 56}
2026-08-24 20:58:25,423 [INFO]     [3 | right | 1](candidate_pairs: 27/27 | new_swaps: 0 | total: 10) -> {'max_bond': 24, 'max_links': 4, 'total_elems': 24188, 'total_shapes': 1192, 'total_links': 222, 'num_tensors': 56}
2026-08-24 20:58:25,580 [INFO]     [4 | both | 0](candidate_pairs: 28/28 | new_swaps: 5 | total: 5) -> {'max_bond': 24, 'max_links': 4, 'total_elems': 23036, 'total_shapes': 1160, 'total_links': 222, 'num_tensors': 56}
2026-08-24 20:58:25,730 [INFO]     [4 | both | 1](candidate_pairs: 27/27 | new_swaps: 4 | total: 9) -> {'max_bond': 24, 'max_links': 4, 'total_elems': 21916, 'total_shapes': 1132, 'total_links': 222, 'num_tensors': 56}
2026-08-24 20:58:25,797 [INFO]     [4 | left | 0](candidate_pairs: 28/28 | new_swaps: 1 | total: 10) -> {'max_bond': 24, 'max_links': 4, 'total_elems': 20676, 'total_shapes': 1112, 'total_links': 222, 'num_tensors': 56}
2026-08-24 20:58:25,837 [INFO]     [4 | left | 1](candidate_pairs: 27/27 | new_swaps: 0 | total: 10) -> {'max_bond': 24, 'max_links': 4, 'total_elems': 20676, 'total_shapes': 1112, 'total_links': 222, 'num_tensors': 56}
2026-08-24 20:58:25,877 [INFO]     [4 | right | 0](candidate_pairs: 28/28 | new_swaps: 0 | total: 10) -> {'max_bond': 24, 'max_links': 4, 'total_elems': 20676, 'total_shapes': 1112, 'total_links': 222, 'num_tensors': 56}
2026-08-24 20:58:25,917 [INFO]     [4 | right | 1](candidate_pairs: 27/27 | new_swaps: 0 | total: 10) -> {'max_bond': 24, 'max_links': 4, 'total_elems': 20676, 'total_shapes': 1112, 'total_links': 222, 'num_tensors': 56}
2026-08-24 20:58:26,066 [INFO]     [5 | both | 0](candidate_pairs: 28/28 | new_swaps: 3 | total: 3) -> {'max_bond': 24, 'max_links': 4, 'total_elems': 20036, 'total_shapes': 1092, 'total_links': 222, 'num_tensors': 56}
2026-08-24 20:58:26,206 [INFO]     [5 | both | 1](candidate_pairs: 27/27 | new_swaps: 4 | total: 7) -> {'max_bond': 24, 'max_links': 4, 'total_elems': 19140, 'total_shapes': 1064, 'total_links': 222, 'num_tensors': 56}
2026-08-24 20:58:26,244 [INFO]     [5 | left | 0](candidate_pairs: 28/28 | new_swaps: 0 | total: 7) -> {'max_bond': 24, 'max_links': 4, 'total_elems': 19140, 'total_shapes': 1064, 'total_links': 222, 'num_tensors': 56}
2026-08-24 20:58:26,282 [INFO]     [5 | left | 1](candidate_pairs: 27/27 | new_swaps: 0 | total: 7) -> {'max_bond': 24, 'max_links': 4, 'total_elems': 19140, 'total_shapes': 1064, 'total_links': 222, 'num_tensors': 56}
2026-08-24 20:58:26,321 [INFO]     [5 | right | 0](candidate_pairs: 28/28 | new_swaps: 0 | total: 7) -> {'max_bond': 24, 'max_links': 4, 'total_elems': 19140, 'total_shapes': 1064, 'total_links': 222, 'num_tensors': 56}
2026-08-24 20:58:26,358 [INFO]     [5 | right | 1](candidate_pairs: 27/27 | new_swaps: 0 | total: 7) -> {'max_bond': 24, 'max_links': 4, 'total_elems': 19140, 'total_shapes': 1064, 'total_links': 222, 'num_tensors': 56}
2026-08-24 20:58:26,487 [INFO]     [6 | both | 0](candidate_pairs: 28/28 | new_swaps: 2 | total: 2) -> {'max_bond': 24, 'max_links': 4, 'total_elems': 18692, 'total_shapes': 1048, 'total_links': 222, 'num_tensors': 56}
2026-08-24 20:58:26,624 [INFO]     [6 | both | 1](candidate_pairs: 27/27 | new_swaps: 2 | total: 4) -> {'max_bond': 24, 'max_links': 4, 'total_elems': 18060, 'total_shapes': 1034, 'total_links': 222, 'num_tensors': 56}
2026-08-24 20:58:26,688 [INFO]     [6 | left | 0](candidate_pairs: 28/28 | new_swaps: 1 | total: 5) -> {'max_bond': 24, 'max_links': 4, 'total_elems': 17544, 'total_shapes': 1026, 'total_links': 222, 'num_tensors': 56}
2026-08-24 20:58:26,750 [INFO]     [6 | left | 1](candidate_pairs: 27/27 | new_swaps: 2 | total: 7) -> {'max_bond': 24, 'max_links': 4, 'total_elems': 17388, 'total_shapes': 1020, 'total_links': 222, 'num_tensors': 56}
2026-08-24 20:58:26,823 [INFO]     [6 | right | 0](candidate_pairs: 28/28 | new_swaps: 1 | total: 8) -> {'max_bond': 24, 'max_links': 4, 'total_elems': 17388, 'total_shapes': 1020, 'total_links': 222, 'num_tensors': 56}
2026-08-24 20:58:26,859 [INFO]     [6 | right | 1](candidate_pairs: 27/27 | new_swaps: 0 | total: 8) -> {'max_bond': 24, 'max_links': 4, 'total_elems': 17388, 'total_shapes': 1020, 'total_links': 222, 'num_tensors': 56}
2026-08-24 20:58:26,996 [INFO]     [7 | both | 0](candidate_pairs: 28/28 | new_swaps: 2 | total: 2) -> {'max_bond': 24, 'max_links': 4, 'total_elems': 16036, 'total_shapes': 992, 'total_links': 222, 'num_tensors': 56}
2026-08-24 20:58:27,128 [INFO]     [7 | both | 1](candidate_pairs: 27/27 | new_swaps: 2 | total: 4) -> {'max_bond': 24, 'max_links': 4, 'total_elems': 15596, 'total_shapes': 984, 'total_links': 222, 'num_tensors': 56}
2026-08-24 20:58:27,164 [INFO]     [7 | left | 0](candidate_pairs: 28/28 | new_swaps: 0 | total: 4) -> {'max_bond': 24, 'max_links': 4, 'total_elems': 15596, 'total_shapes': 984, 'total_links': 222, 'num_tensors': 56}
2026-08-24 20:58:27,222 [INFO]     [7 | left | 1](candidate_pairs: 27/27 | new_swaps: 1 | total: 5) -> {'max_bond': 24, 'max_links': 4, 'total_elems': 15164, 'total_shapes': 972, 'total_links': 222, 'num_tensors': 56}
2026-08-24 20:58:27,256 [INFO]     [7 | right | 0](candidate_pairs: 28/28 | new_swaps: 0 | total: 5) -> {'max_bond': 24, 'max_links': 4, 'total_elems': 15164, 'total_shapes': 972, 'total_links': 222, 'num_tensors': 56}
2026-08-24 20:58:27,291 [INFO]     [7 | right | 1](candidate_pairs: 27/27 | new_swaps: 0 | total: 5) -> {'max_bond': 24, 'max_links': 4, 'total_elems': 15164, 'total_shapes': 972, 'total_links': 222, 'num_tensors': 56}
2026-08-24 20:58:27,423 [INFO]     [8 | both | 0](candidate_pairs: 28/28 | new_swaps: 3 | total: 3) -> {'max_bond': 24, 'max_links': 4, 'total_elems': 14652, 'total_shapes': 958, 'total_links': 222, 'num_tensors': 56}
2026-08-24 20:58:27,550 [INFO]     [8 | both | 1](candidate_pairs: 27/27 | new_swaps: 2 | total: 5) -> {'max_bond': 24, 'max_links': 4, 'total_elems': 14212, 'total_shapes': 944, 'total_links': 222, 'num_tensors': 56}
2026-08-24 20:58:27,584 [INFO]     [8 | left | 0](candidate_pairs: 28/28 | new_swaps: 0 | total: 5) -> {'max_bond': 24, 'max_links': 4, 'total_elems': 14212, 'total_shapes': 944, 'total_links': 222, 'num_tensors': 56}
2026-08-24 20:58:27,618 [INFO]     [8 | left | 1](candidate_pairs: 27/27 | new_swaps: 0 | total: 5) -> {'max_bond': 24, 'max_links': 4, 'total_elems': 14212, 'total_shapes': 944, 'total_links': 222, 'num_tensors': 56}
2026-08-24 20:58:27,652 [INFO]     [8 | right | 0](candidate_pairs: 28/28 | new_swaps: 0 | total: 5) -> {'max_bond': 24, 'max_links': 4, 'total_elems': 14212, 'total_shapes': 944, 'total_links': 222, 'num_tensors': 56}
2026-08-24 20:58:27,686 [INFO]     [8 | right | 1](candidate_pairs: 27/27 | new_swaps: 0 | total: 5) -> {'max_bond': 24, 'max_links': 4, 'total_elems': 14212, 'total_shapes': 944, 'total_links': 222, 'num_tensors': 56}
2026-08-24 20:58:27,804 [INFO]     [9 | both | 0](candidate_pairs: 28/28 | new_swaps: 1 | total: 1) -> {'max_bond': 24, 'max_links': 4, 'total_elems': 14008, 'total_shapes': 940, 'total_links': 222, 'num_tensors': 56}
2026-08-24 20:58:27,921 [INFO]     [9 | both | 1](candidate_pairs: 27/27 | new_swaps: 1 | total: 2) -> {'max_bond': 19, 'max_links': 4, 'total_elems': 12272, 'total_shapes': 912, 'total_links': 222, 'num_tensors': 56}
2026-08-24 20:58:27,978 [INFO]     [9 | left | 0](candidate_pairs: 28/28 | new_swaps: 1 | total: 3) -> {'max_bond': 19, 'max_links': 4, 'total_elems': 12144, 'total_shapes': 908, 'total_links': 222, 'num_tensors': 56}
2026-08-24 20:58:28,011 [INFO]     [9 | left | 1](candidate_pairs: 27/27 | new_swaps: 0 | total: 3) -> {'max_bond': 19, 'max_links': 4, 'total_elems': 12144, 'total_shapes': 908, 'total_links': 222, 'num_tensors': 56}
2026-08-24 20:58:28,067 [INFO]     [9 | right | 0](candidate_pairs: 28/28 | new_swaps: 1 | total: 4) -> {'max_bond': 19, 'max_links': 4, 'total_elems': 11824, 'total_shapes': 898, 'total_links': 222, 'num_tensors': 56}
2026-08-24 20:58:28,099 [INFO]     [9 | right | 1](candidate_pairs: 27/27 | new_swaps: 0 | total: 4) -> {'max_bond': 19, 'max_links': 4, 'total_elems': 11824, 'total_shapes': 898, 'total_links': 222, 'num_tensors': 56}
2026-08-24 20:58:28,164 [INFO]     [10 | both | 0](candidate_pairs: 28/28 | new_swaps: 0 | total: 0) -> {'max_bond': 19, 'max_links': 4, 'total_elems': 11824, 'total_shapes': 898, 'total_links': 222, 'num_tensors': 56}
2026-08-24 20:58:28,275 [INFO]     [10 | both | 1](candidate_pairs: 27/27 | new_swaps: 1 | total: 1) -> {'max_bond': 19, 'max_links': 4, 'total_elems': 11716, 'total_shapes': 892, 'total_links': 222, 'num_tensors': 56}
2026-08-24 20:58:28,307 [INFO]     [10 | left | 0](candidate_pairs: 28/28 | new_swaps: 0 | total: 1) -> {'max_bond': 19, 'max_links': 4, 'total_elems': 11716, 'total_shapes': 892, 'total_links': 222, 'num_tensors': 56}
2026-08-24 20:58:28,339 [INFO]     [10 | left | 1](candidate_pairs: 27/27 | new_swaps: 0 | total: 1) -> {'max_bond': 19, 'max_links': 4, 'total_elems': 11716, 'total_shapes': 892, 'total_links': 222, 'num_tensors': 56}
2026-08-24 20:58:28,371 [INFO]     [10 | right | 0](candidate_pairs: 28/28 | new_swaps: 0 | total: 1) -> {'max_bond': 19, 'max_links': 4, 'total_elems': 11716, 'total_shapes': 892, 'total_links': 222, 'num_tensors': 56}
2026-08-24 20:58:28,404 [INFO]     [10 | right | 1](candidate_pairs: 27/27 | new_swaps: 0 | total: 1) -> {'max_bond': 19, 'max_links': 4, 'total_elems': 11716, 'total_shapes': 892, 'total_links': 222, 'num_tensors': 56}
2026-08-24 20:58:28,469 [INFO]     [11 | both | 0](candidate_pairs: 28/28 | new_swaps: 0 | total: 0) -> {'max_bond': 19, 'max_links': 4, 'total_elems': 11716, 'total_shapes': 892, 'total_links': 222, 'num_tensors': 56}
2026-08-24 20:58:28,532 [INFO]     [11 | both | 1](candidate_pairs: 27/27 | new_swaps: 0 | total: 0) -> {'max_bond': 19, 'max_links': 4, 'total_elems': 11716, 'total_shapes': 892, 'total_links': 222, 'num_tensors': 56}
2026-08-24 20:58:28,564 [INFO]     [11 | left | 0](candidate_pairs: 28/28 | new_swaps: 0 | total: 0) -> {'max_bond': 19, 'max_links': 4, 'total_elems': 11716, 'total_shapes': 892, 'total_links': 222, 'num_tensors': 56}
2026-08-24 20:58:28,596 [INFO]     [11 | left | 1](candidate_pairs: 27/27 | new_swaps: 0 | total: 0) -> {'max_bond': 19, 'max_links': 4, 'total_elems': 11716, 'total_shapes': 892, 'total_links': 222, 'num_tensors': 56}
2026-08-24 20:58:28,628 [INFO]     [11 | right | 0](candidate_pairs: 28/28 | new_swaps: 0 | total: 0) -> {'max_bond': 19, 'max_links': 4, 'total_elems': 11716, 'total_shapes': 892, 'total_links': 222, 'num_tensors': 56}
2026-08-24 20:58:28,660 [INFO]     [11 | right | 1](candidate_pairs: 27/27 | new_swaps: 0 | total: 0) -> {'max_bond': 19, 'max_links': 4, 'total_elems': 11716, 'total_shapes': 892, 'total_links': 222, 'num_tensors': 56}
2026-08-24 20:58:28,660 [INFO]     [end unswap] -> {'max_bond': 19, 'max_links': 4, 'total_elems': 11716, 'total_shapes': 892, 'total_links': 222, 'num_tensors': 56}
2026-08-24 20:58:28,661 [INFO] [start rewire](phase=post_unswap, cycle=34, side=left, layers=1361, trials=20, seed=123, parallel=False, route_candidates=1, route_score=none)
2026-08-24 20:58:30,909 [INFO] [end rewire](phase=post_unswap, cycle=34, side=left, routed_layers=1401, elapsed_s=2.25)
2026-08-24 20:58:30,909 [INFO] [start rewire](phase=post_unswap, cycle=34, side=right, layers=1564, trials=20, seed=123, parallel=False, route_candidates=1, route_score=none)
2026-08-24 20:58:32,892 [INFO] [end rewire](phase=post_unswap, cycle=34, side=right, routed_layers=1568, elapsed_s=1.98)
[Cycle 34] 158/1885 gates (8.4 %) after 838 sec
2026-08-24 20:58:33,130 [INFO] [1L/1399](swap: 12, u: 0 | c_u: 0 | t_u_l: 79/942 | t_u_r: 79/943 | t_u: 158/1885) -> {'max_bond': 19, 'max_links': 4, 'total_elems': 11716, 'total_shapes': 892, 'total_links': 222, 'num_tensors': 56}
2026-08-24 20:58:33,204 [INFO] [2L/1399](swap: 10, u: 0 | c_u: 0 | t_u_l: 79/942 | t_u_r: 79/943 | t_u: 158/1885) -> {'max_bond': 24, 'max_links': 4, 'total_elems': 15428, 'total_shapes': 1060, 'total_links': 222, 'num_tensors': 56}
2026-08-24 20:58:33,280 [INFO] [1R/1566](swap: 9, u: 0 | c_u: 0 | t_u_l: 79/942 | t_u_r: 79/943 | t_u: 158/1885) -> {'max_bond': 28, 'max_links': 4, 'total_elems': 18284, 'total_shapes': 1106, 'total_links': 222, 'num_tensors': 56}
2026-08-24 20:58:33,359 [INFO] [3L/1399](swap: 8, u: 0 | c_u: 0 | t_u_l: 79/942 | t_u_r: 79/943 | t_u: 158/1885) -> {'max_bond': 44, 'max_links': 4, 'total_elems': 26772, 'total_shapes': 1294, 'total_links': 222, 'num_tensors': 56}
2026-08-24 20:58:33,446 [INFO] [4L/1399](swap: 6, u: 0 | c_u: 0 | t_u_l: 79/942 | t_u_r: 79/943 | t_u: 158/1885) -> {'max_bond': 48, 'max_links': 4, 'total_elems': 41220, 'total_shapes': 1490, 'total_links': 222, 'num_tensors': 56}
2026-08-24 20:58:33,541 [INFO] [5L/1399](swap: 6, u: 0 | c_u: 0 | t_u_l: 79/942 | t_u_r: 79/943 | t_u: 158/1885) -> {'max_bond': 63, 'max_links': 4, 'total_elems': 53064, 'total_shapes': 1604, 'total_links': 222, 'num_tensors': 56}
2026-08-24 20:58:33,657 [INFO] [6L/1399](swap: 6, u: 0 | c_u: 0 | t_u_l: 79/942 | t_u_r: 79/943 | t_u: 158/1885) -> {'max_bond': 58, 'max_links': 4, 'total_elems': 56192, 'total_shapes': 1662, 'total_links': 222, 'num_tensors': 56}
2026-08-24 20:58:33,771 [INFO] [7L/1399](swap: 7, u: 0 | c_u: 0 | t_u_l: 79/942 | t_u_r: 79/943 | t_u: 158/1885) -> {'max_bond': 80, 'max_links': 4, 'total_elems': 63240, 'total_shapes': 1786, 'total_links': 222, 'num_tensors': 56}
2026-08-24 20:58:33,908 [INFO] [2R/1566](swap: 10, u: 0 | c_u: 0 | t_u_l: 79/942 | t_u_r: 79/943 | t_u: 158/1885) -> {'max_bond': 80, 'max_links': 4, 'total_elems': 100048, 'total_shapes': 2112, 'total_links': 222, 'num_tensors': 56}
2026-08-24 20:58:34,080 [INFO] [3R/1566](swap: 11, u: 0 | c_u: 0 | t_u_l: 79/942 | t_u_r: 79/943 | t_u: 158/1885) -> {'max_bond': 80, 'max_links': 4, 'total_elems': 152492, 'total_shapes': 2492, 'total_links': 222, 'num_tensors': 56}
2026-08-24 20:58:34,336 [INFO] [8L/1399](swap: 4, u: 0 | c_u: 0 | t_u_l: 79/942 | t_u_r: 79/943 | t_u: 158/1885) -> {'max_bond': 95, 'max_links': 4, 'total_elems': 218316, 'total_shapes': 2826, 'total_links': 222, 'num_tensors': 56}
2026-08-24 20:58:34,630 [INFO] [9L/1399](swap: 6, u: 0 | c_u: 0 | t_u_l: 79/942 | t_u_r: 79/943 | t_u: 158/1885) -> {'max_bond': 90, 'max_links': 4, 'total_elems': 230384, 'total_shapes': 2914, 'total_links': 222, 'num_tensors': 56}
2026-08-24 20:58:34,961 [INFO] [10L/1399](swap: 7, u: 0 | c_u: 0 | t_u_l: 79/942 | t_u_r: 79/943 | t_u: 158/1885) -> {'max_bond': 256, 'max_links': 4, 'total_elems': 320204, 'total_shapes': 3256, 'total_links': 222, 'num_tensors': 56}
2026-08-24 20:58:35,459 [INFO] [4R/1566](swap: 12, u: 0 | c_u: 0 | t_u_l: 79/942 | t_u_r: 79/943 | t_u: 158/1885) -> {'max_bond': 256, 'max_links': 4, 'total_elems': 452744, 'total_shapes': 4102, 'total_links': 222, 'num_tensors': 56}
2026-08-24 20:58:36,176 [INFO] [11L/1399](swap: 8, u: 0 | c_u: 0 | t_u_l: 79/942 | t_u_r: 79/943 | t_u: 158/1885) -> {'max_bond': 256, 'max_links': 4, 'total_elems': 775908, 'total_shapes': 4686, 'total_links': 222, 'num_tensors': 56}
2026-08-24 20:58:37,207 [INFO] [12L/1399](swap: 9, u: 0 | c_u: 0 | t_u_l: 79/942 | t_u_r: 79/943 | t_u: 158/1885) -> {'max_bond': 256, 'max_links': 4, 'total_elems': 811280, 'total_shapes': 4914, 'total_links': 222, 'num_tensors': 56}
2026-08-24 20:58:38,396 [INFO]     [start unswap] -> {'max_bond': 256, 'max_links': 4, 'total_elems': 811280, 'total_shapes': 4914, 'total_links': 222, 'num_tensors': 56}
2026-08-24 20:58:42,155 [INFO]     [0 | both | 0](candidate_pairs: 28/28 | new_swaps: 8 | total: 8) -> {'max_bond': 256, 'max_links': 4, 'total_elems': 1207124, 'total_shapes': 5598, 'total_links': 222, 'num_tensors': 56}
