time,stage,rewire_side,rewire_phase,rewire_time_s,remaining_layers_before_rewire,parallel_rewire,adaptive_parallel_rewire,absorb_side,it_left,it_right,layers_left,layers_right,u_consumed_total_left,u_consumed_total_right,u_consumed_total,swap_consumed,u_consumed,u_consumed_after_unswap,probe_left_time_s,probe_right_time_s,probe_total_time_s,probe_wall_time_s,probe_left_total_elems,probe_right_total_elems,probe_left_max_bond,probe_right_max_bond,probe_left_hit_max_bond,probe_right_hit_max_bond,probe_left_over_unswap_threshold,probe_right_over_unswap_threshold,selected_total_elems,selected_max_bond,selected_hit_max_bond,compression_max_bond_limit,compression_cutoff,unswap_trigger_max_bond,cycle_start_total_elems,no_progress_unswap_cycles,absorb_score_mode,probe_left_score,probe_right_score,absorb_lookahead_depth,absorb_lookahead_depth_used,absorb_lookahead_candidates,absorb_lookahead_choice,absorb_lookahead_score,absorb_lookahead_time_s,max_bond,max_links,total_elems,total_shapes,total_links,num_tensors,iteration,side,parity,candidate_pairs,candidate_pairs_total,new_swaps,total_swaps,pair_lookahead_probes,pair_lookahead_candidates,pair_lookahead_current_score,pair_lookahead_best_score,alignment_score,route_proxy_weight,route_proxy_lookahead,route_proxy_rejected_swaps,route_proxy_added_swaps,alignment_weight,alignment_protect_gain,alignment_tie_loss,unswap_cycle,unswap_cycle_time_s,gates_consumed,total_work_gates,remaining_work_gates,cycle_gates_consumed,hit_max_bond,sabre_trials,adaptive_parallel_rewire_probed,cycle_work_consumed_before_rewire,route_candidates,route_score,route_score_lookahead,parallel_route_candidates,route_candidate_workers,route_chosen_seed,route_score_value,route_score_time_s,route_rewire_time_s,route_candidate_scores,route_total_time_s,rewire_wall_time_s,termination_reason,termination_detail,stall_mode,abort_after_no_progress_unswap_cycles,initial_rewire_time_s,initial_rewire_wall_time_s,post_unswap_rewire_time_s,post_unswap_rewire_wall_time_s,absorb_probe_time_s,absorb_probe_wall_time_s,unswap_time_s,accounted_time_s,accounted_wall_time_s
0.2612124169827439,rewiring,left,initial,0.20490608300315216,239,False,False,,,,,,,,,,,,,,,,,,,,,,,,,,,,,,,,,,,,,,,,,,,,,,,,,,,,,,,,,,,,,,,,,,,,,,,,,,,,,,,,,,,,,,,,,,,,,,,,,,,,
0.49190304201329127,rewiring,right,initial,0.2303944579907693,249,False,False,,,,,,,,,,,,,,,,,,,,,,,,,,,,,,,,,,,,,,,,,,,,,,,,,,,,,,,,,,,,,,,,,,,,,,,,,,,,,,,,,,,,,,,,,,,,,,,,,,,,
0.5580012919963337,absorbing,,,,,,,L,1,0,237,247,4,0,4,5,4,4,0.03371049999259412,0.01877870800672099,0.05248920799931511,0.052869792038109154,256,280,4,4,False,False,False,False,256,4,False,512,0.0006,,160,0,total_elems,256,280,1,1,,,,0.0,4,4,256,262,158,40,,,,,,,,,,,,,,,,,,,,,,,,,,,,,,,,,,,,,,,,,,,,,,,,,,,,,,
0.6035724169923924,absorbing,,,,,,,R,1,1,237,247,4,0,4,5,0,4,0.023544875031802803,0.01869591703871265,0.042240792070515454,0.04267895797966048,592,388,4,4,False,False,False,False,388,4,False,512,0.0006,,160,0,total_elems,592,388,1,1,,,,0.0,4,4,388,286,158,40,,,,,,,,,,,,,,,,,,,,,,,,,,,,,,,,,,,,,,,,,,,,,,,,,,,,,,
0.6491333330050111,absorbing,,,,,,,R,1,2,237,247,4,0,4,5,0,4,0.02345258300192654,0.018637500004842877,0.04209008300676942,0.042524208955001086,796,628,4,4,False,False,False,False,628,4,False,512,0.0006,,160,0,total_elems,796,628,1,1,,,,0.0,4,4,628,310,158,40,,,,,,,,,,,,,,,,,,,,,,,,,,,,,,,,,,,,,,,,,,,,,,,,,,,,,,
0.6962791249970905,absorbing,,,,,,,L,2,2,237,247,7,0,7,4,3,7,0.023545958974864334,0.020090749952942133,0.04363670892780647,0.044141999969724566,976,1516,4,16,False,False,False,False,976,4,False,512,0.0006,,160,0,total_elems,976,1516,1,1,,,,0.0,4,4,976,352,158,40,,,,,,,,,,,,,,,,,,,,,,,,,,,,,,,,,,,,,,,,,,,,,,,,,,,,,,
0.7441013749921694,absorbing,,,,,,,L,3,2,237,247,10,0,10,5,3,10,0.024872415990103036,0.01925587496953085,0.04412829095963389,0.04459291702369228,1192,1900,4,16,False,False,False,False,1192,4,False,512,0.0006,,160,0,total_elems,1192,1900,1,1,,,,0.0,4,4,1192,370,158,40,,,,,,,,,,,,,,,,,,,,,,,,,,,,,,,,,,,,,,,,,,,,,,,,,,,,,,
0.788739292009268,absorbing,,,,,,,L,4,2,237,247,12,0,12,6,2,12,0.02264662500238046,0.018461708968970925,0.041108333971351385,0.04152666701702401,1696,2116,16,16,False,False,False,False,1696,16,False,512,0.0006,,160,0,total_elems,1696,2116,1,1,,,,0.0,16,4,1696,406,158,40,,,,,,,,,,,,,,,,,,,,,,,,,,,,,,,,,,,,,,,,,,,,,,,,,,,,,,
0.8371535419719294,absorbing,,,,,,,R,4,3,237,247,12,0,12,4,0,12,0.024902709003072232,0.02021275000879541,0.04511545901186764,0.0456014170194976,3616,3196,16,16,False,False,False,False,3196,16,False,512,0.0006,,160,0,total_elems,3616,3196,1,1,,,,0.0,16,4,3196,466,158,40,,,,,,,,,,,,,,,,,,,,,,,,,,,,,,,,,,,,,,,,,,,,,,,,,,,,,,
0.8909845000016503,absorbing,,,,,,,L,5,3,237,247,15,0,15,6,3,15,0.02645250002387911,0.023677250021137297,0.05012975004501641,0.050605750002432615,5116,5176,16,16,False,False,False,False,5116,16,False,512,0.0006,,160,0,total_elems,5116,5176,1,1,,,,0.0,16,4,5116,550,158,40,,,,,,,,,,,,,,,,,,,,,,,,,,,,,,,,,,,,,,,,,,,,,,,,,,,,,,
0.9459810000262223,absorbing,,,,,,,R,5,4,237,247,15,2,17,3,2,17,0.02754829201148823,0.02389112499076873,0.05143941700225696,0.0518949999823235,10168,7096,16,16,False,False,False,False,7096,16,False,512,0.0006,,160,0,total_elems,10168,7096,1,1,,,,0.0,16,4,7096,604,158,40,,,,,,,,,,,,,,,,,,,,,,,,,,,,,,,,,,,,,,,,,,,,,,,,,,,,,,
1.0027736669871956,absorbing,,,,,,,L,6,4,237,247,19,2,21,5,4,21,0.0286886669928208,0.02428958297241479,0.05297824996523559,0.05344529199646786,12724,14320,16,64,False,False,False,False,12724,16,False,512,0.0006,,160,0,total_elems,12724,14320,1,1,,,,0.0,16,4,12724,742,158,40,,,,,,,,,,,,,,,,,,,,,,,,,,,,,,,,,,,,,,,,,,,,,,,,,,,,,,
1.0592446249793284,absorbing,,,,,,,R,6,5,237,247,19,3,22,4,1,22,0.02686612500110641,0.02569508395390585,0.05256120895501226,0.05324658297467977,19720,18988,64,64,False,False,False,False,18988,64,False,512,0.0006,,160,0,total_elems,19720,18988,1,1,,,,0.0,64,4,18988,850,158,40,,,,,,,,,,,,,,,,,,,,,,,,,,,,,,,,,,,,,,,,,,,,,,,,,,,,,,
1.1278232500189915,absorbing,,,,,,,L,7,5,237,247,21,3,24,8,2,24,0.03029691701522097,0.03440808301093057,0.06470500002615154,0.06520312500651926,26020,34728,64,64,False,False,False,False,26020,64,False,512,0.0006,,160,0,total_elems,26020,34728,1,1,,,,0.0,64,4,26020,1006,158,40,,,,,,,,,,,,,,,,,,,,,,,,,,,,,,,,,,,,,,,,,,,,,,,,,,,,,,
1.2162054170039482,absorbing,,,,,,,R,7,6,237,247,21,4,25,4,1,25,0.04806912498315796,0.03583324997453019,0.08390237495768815,0.0843977089971304,60292,41760,64,64,False,False,False,False,41760,64,False,512,0.0006,,160,0,total_elems,60292,41760,1,1,,,,0.0,64,4,41760,1116,158,40,,,,,,,,,,,,,,,,,,,,,,,,,,,,,,,,,,,,,,,,,,,,,,,,,,,,,,
1.3291914999717847,absorbing,,,,,,,R,7,7,237,247,21,6,27,3,2,27,0.06424312497256324,0.04467729199677706,0.1089204169693403,0.10945124999852851,60672,57792,64,64,False,False,False,False,57792,64,False,512,0.0006,,160,0,total_elems,60672,57792,1,1,,,,0.0,64,4,57792,1242,158,40,,,,,,,,,,,,,,,,,,,,,,,,,,,,,,,,,,,,,,,,,,,,,,,,,,,,,,
1.479838999977801,absorbing,,,,,,,R,7,8,237,247,21,6,27,4,0,27,0.10455908300355077,0.04194329195888713,0.1465023749624379,0.14700279099633917,76704,58752,64,64,False,False,False,False,58752,64,False,512,0.0006,,160,0,total_elems,76704,58752,1,1,,,,0.0,64,4,58752,1266,158,40,,,,,,,,,,,,,,,,,,,,,,,,,,,,,,,,,,,,,,,,,,,,,,,,,,,,,,
1.6245756670250557,absorbing,,,,,,,R,7,9,237,247,21,8,29,3,2,29,0.0968337079975754,0.04365187499206513,0.14048558298964053,0.14104237500578165,78048,62976,64,64,False,False,False,False,62976,64,False,512,0.0006,,160,0,total_elems,78048,62976,1,1,,,,0.0,64,4,62976,1344,158,40,,,,,,,,,,,,,,,,,,,,,,,,,,,,,,,,,,,,,,,,,,,,,,,,,,,,,,
1.7669358749990351,absorbing,,,,,,,R,7,10,237,247,21,8,29,5,0,29,0.09466895804507658,0.04292454203823581,0.1375935000833124,0.13845641701482236,83104,67584,64,64,False,False,False,False,67584,64,False,512,0.0006,,160,0,total_elems,83104,67584,1,1,,,,0.0,64,4,67584,1470,158,40,,,,,,,,,,,,,,,,,,,,,,,,,,,,,,,,,,,,,,,,,,,,,,,,,,,,,,
1.9344882920267992,absorbing,,,,,,,R,7,11,237,247,21,11,32,1,3,32,0.10555637499783188,0.05760270799510181,0.1631590829929337,0.16399899998214096,88032,75072,64,64,False,False,False,False,75072,64,False,512,0.0006,,160,0,total_elems,88032,75072,1,1,,,,0.0,64,4,75072,1570,158,40,,,,,,,,,,,,,,,,,,,,,,,,,,,,,,,,,,,,,,,,,,,,,,,,,,,,,,
2.10114845802309,absorbing,,,,,,,R,7,12,237,247,21,13,34,2,2,34,0.11322929197922349,0.04918787500355393,0.16241716698277742,0.16300624998984858,95520,75072,64,64,False,False,False,False,75072,64,False,512,0.0006,,160,0,total_elems,95520,75072,1,1,,,,0.0,64,4,75072,1570,158,40,,,,,,,,,,,,,,,,,,,,,,,,,,,,,,,,,,,,,,,,,,,,,,,,,,,,,,
2.251932042010594,absorbing,,,,,,,R,7,13,237,247,21,14,35,2,1,35,0.09984254202572629,0.04668987501645461,0.1465324170421809,0.14714620902668685,101664,74112,64,64,False,False,False,False,74112,64,False,512,0.0006,,160,0,total_elems,101664,74112,1,1,,,,0.0,64,4,74112,1546,158,40,,,,,,,,,,,,,,,,,,,,,,,,,,,,,,,,,,,,,,,,,,,,,,,,,,,,,,
2.40162712498568,absorbing,,,,,,,R,7,14,237,247,21,16,37,2,2,37,0.09863495797617361,0.046532874985132366,0.14516783296130598,0.145807207969483,100704,73728,64,64,False,False,False,False,73728,64,False,512,0.0006,,160,0,total_elems,100704,73728,1,1,,,,0.0,64,4,73728,1522,158,40,,,,,,,,,,,,,,,,,,,,,,,,,,,,,,,,,,,,,,,,,,,,,,,,,,,,,,
2.550767833017744,absorbing,,,,,,,R,7,15,237,247,21,16,37,3,0,37,0.0998577909776941,0.04485483397729695,0.14471262495499104,0.1453262499999255,99744,83328,64,64,False,False,False,False,83328,64,False,512,0.0006,,160,0,total_elems,99744,83328,1,1,,,,0.0,64,4,83328,1642,158,40,,,,,,,,,,,,,,,,,,,,,,,,,,,,,,,,,,,,,,,,,,,,,,,,,,,,,,
2.722061083011795,absorbing,,,,,,,L,8,15,237,247,24,16,40,5,3,40,0.09628925001015887,0.07051783299539238,0.16680708300555125,0.16747541702352464,109920,132864,64,116,False,False,False,False,109920,64,False,512,0.0006,,160,0,total_elems,109920,132864,1,1,,,,0.0,64,4,109920,1936,158,40,,,,,,,,,,,,,,,,,,,,,,,,,,,,,,,,,,,,,,,,,,,,,,,,,,,,,,
2.8942070420016535,absorbing,,,,,,,L,9,15,237,247,27,16,43,3,3,43,0.08525641704909503,0.08247650001430884,0.16773291706340387,0.1682280829991214,118560,158496,64,116,False,False,False,False,118560,64,False,512,0.0006,,160,0,total_elems,118560,158496,1,1,,,,0.0,64,4,118560,2080,158,40,,,,,,,,,,,,,,,,,,,,,,,,,,,,,,,,,,,,,,,,,,,,,,,,,,,,,,
3.119304707972333,absorbing,,,,,,,L,10,15,237,247,30,16,46,2,3,46,0.08036541700130329,0.14013800001703203,0.2205034170183353,0.22114604199305177,141024,167136,64,116,False,False,False,False,141024,64,False,512,0.0006,,160,0,total_elems,141024,167136,1,1,,,,0.0,64,4,141024,2296,158,40,,,,,,,,,,,,,,,,,,,,,,,,,,,,,,,,,,,,,,,,,,,,,,,,,,,,,,
3.37489508301951,absorbing,,,,,,,R,10,16,237,247,30,17,47,5,1,47,0.14666245802072808,0.10421775002032518,0.25088020804105327,0.2514540000120178,279264,183456,256,116,False,False,False,False,183456,116,False,512,0.0006,,160,0,total_elems,279264,183456,1,1,,,,0.0,116,4,183456,2488,158,40,,,,,,,,,,,,,,,,,,,,,,,,,,,,,,,,,,,,,,,,,,,,,,,,,,,,,,
3.746229999989737,absorbing,,,,,,,L,11,16,237,247,32,17,49,5,2,49,0.17312916700029746,0.19360200001392514,0.3667311670142226,0.36734445800539106,320160,362016,256,250,False,False,False,False,320160,256,False,512,0.0006,,160,0,total_elems,320160,362016,1,1,,,,0.0,256,4,320160,3056,158,40,,,,,,,,,,,,,,,,,,,,,,,,,,,,,,,,,,,,,,,,,,,,,,,,,,,,,,
4.390447625017259,absorbing,,,,,,,L,12,16,237,247,34,17,51,3,2,51,0.3169594579958357,0.32226087496383116,0.6392203329596668,0.6399348329869099,380448,476596,256,256,False,False,False,False,380448,256,False,512,0.0006,,160,0,total_elems,380448,476596,1,1,,,,0.0,256,4,380448,3434,158,40,,,,,,,,,,,,,,,,,,,,,,,,,,,,,,,,,,,,,,,,,,,,,,,,,,,,,,
4.922288457979448,absorbing,,,,,,,L,13,16,237,247,37,17,54,3,3,54,0.21245329204248264,0.31427224999060854,0.5267255420330912,0.5272953750099987,385760,533652,256,256,False,False,False,True,385760,256,False,512,0.0006,,160,0,total_elems,385760,533652,1,1,,,,0.0,256,4,385760,3486,158,40,,,,,,,,,,,,,,,,,,,,,,,,,,,,,,,,,,,,,,,,,,,,,,,,,,,,,,
9.525417249999009,unswapping,,,,,,,,,,,,,,,,,,,,,,,,,,,,,,,,,,,,,,,,,,,,,,,256,4,329568,3144,158,40,0,both,0,20,20,8,8,,,,,0,,,,,,,,,,,,,,,,,,,,,,,,,,,,,,,,,,,,,,,,,,
10.87748487497447,unswapping,,,,,,,,,,,,,,,,,,,,,,,,,,,,,,,,,,,,,,,,,,,,,,,64,4,152160,2264,158,40,0,both,1,19,19,9,17,,,,,0,,,,,,,,,,,,,,,,,,,,,,,,,,,,,,,,,,,,,,,,,,
11.175925499992445,unswapping,,,,,,,,,,,,,,,,,,,,,,,,,,,,,,,,,,,,,,,,,,,,,,,64,4,126624,2048,158,40,0,left,0,20,20,4,21,,,,,8,,,,,,,,,,,,,,,,,,,,,,,,,,,,,,,,,,,,,,,,,,
11.546790875028819,unswapping,,,,,,,,,,,,,,,,,,,,,,,,,,,,,,,,,,,,,,,,,,,,,,,64,4,95072,1820,158,40,0,left,1,19,19,7,28,,,,,22,,,,,,,,,,,,,,,,,,,,,,,,,,,,,,,,,,,,,,,,,,
11.770133625017479,unswapping,,,,,,,,,,,,,,,,,,,,,,,,,,,,,,,,,,,,,,,,,,,,,,,64,4,45536,1344,158,40,0,right,0,20,20,10,38,,,,,38,,,,,,,,,,,,,,,,,,,,,,,,,,,,,,,,,,,,,,,,,,
11.891394749982283,unswapping,,,,,,,,,,,,,,,,,,,,,,,,,,,,,,,,,,,,,,,,,,,,,,,32,4,27024,1076,158,40,0,right,1,19,19,9,47,,,,,54,,,,,,,,,,,,,,,,,,,,,,,,,,,,,,,,,,,,,,,,,,
12.02734725002665,unswapping,,,,,,,,,,,,,,,,,,,,,,,,,,,,,,,,,,,,,,,,,,,,,,,32,4,20736,964,158,40,1,both,0,20,20,6,6,,,,,66,,,,,,,,,,,,,,,,,,,,,,,,,,,,,,,,,,,,,,,,,,
12.148962625011336,unswapping,,,,,,,,,,,,,,,,,,,,,,,,,,,,,,,,,,,,,,,,,,,,,,,32,4,19008,916,158,40,1,both,1,19,19,3,9,,,,,74,,,,,,,,,,,,,,,,,,,,,,,,,,,,,,,,,,,,,,,,,,
12.210482667025644,unswapping,,,,,,,,,,,,,,,,,,,,,,,,,,,,,,,,,,,,,,,,,,,,,,,27,4,15712,858,158,40,1,left,0,20,20,4,13,,,,,76,,,,,,,,,,,,,,,,,,,,,,,,,,,,,,,,,,,,,,,,,,
12.266419916995801,unswapping,,,,,,,,,,,,,,,,,,,,,,,,,,,,,,,,,,,,,,,,,,,,,,,25,4,14048,822,158,40,1,left,1,19,19,2,15,,,,,80,,,,,,,,,,,,,,,,,,,,,,,,,,,,,,,,,,,,,,,,,,
12.31573070801096,unswapping,,,,,,,,,,,,,,,,,,,,,,,,,,,,,,,,,,,,,,,,,,,,,,,24,4,12832,780,158,40,1,right,0,20,20,2,17,,,,,84,,,,,,,,,,,,,,,,,,,,,,,,,,,,,,,,,,,,,,,,,,
12.367656374990474,unswapping,,,,,,,,,,,,,,,,,,,,,,,,,,,,,,,,,,,,,,,,,,,,,,,24,4,12088,746,158,40,1,right,1,19,19,4,21,,,,,88,,,,,,,,,,,,,,,,,,,,,,,,,,,,,,,,,,,,,,,,,,
12.454068667022511,unswapping,,,,,,,,,,,,,,,,,,,,,,,,,,,,,,,,,,,,,,,,,,,,,,,24,4,11992,738,158,40,2,both,0,20,20,2,2,,,,,92,,,,,,,,,,,,,,,,,,,,,,,,,,,,,,,,,,,,,,,,,,
12.542966416978743,unswapping,,,,,,,,,,,,,,,,,,,,,,,,,,,,,,,,,,,,,,,,,,,,,,,24,4,11944,732,158,40,2,both,1,19,19,1,3,,,,,94,,,,,,,,,,,,,,,,,,,,,,,,,,,,,,,,,,,,,,,,,,
12.567073541984428,unswapping,,,,,,,,,,,,,,,,,,,,,,,,,,,,,,,,,,,,,,,,,,,,,,,24,4,11944,732,158,40,2,left,0,20,20,0,3,,,,,94,,,,,,,,,,,,,,,,,,,,,,,,,,,,,,,,,,,,,,,,,,
12.590894999972079,unswapping,,,,,,,,,,,,,,,,,,,,,,,,,,,,,,,,,,,,,,,,,,,,,,,24,4,11944,732,158,40,2,left,1,19,19,0,3,,,,,94,,,,,,,,,,,,,,,,,,,,,,,,,,,,,,,,,,,,,,,,,,
12.613982832990587,unswapping,,,,,,,,,,,,,,,,,,,,,,,,,,,,,,,,,,,,,,,,,,,,,,,24,4,11944,732,158,40,2,right,0,20,20,0,3,,,,,94,,,,,,,,,,,,,,,,,,,,,,,,,,,,,,,,,,,,,,,,,,
12.662470582989044,unswapping,,,,,,,,,,,,,,,,,,,,,,,,,,,,,,,,,,,,,,,,,,,,,,,24,4,11872,726,158,40,2,right,1,19,19,1,4,,,,,96,,,,,,,,,,,,,,,,,,,,,,,,,,,,,,,,,,,,,,,,,,
12.73942962498404,unswapping,,,,,,,,,,,,,,,,,,,,,,,,,,,,,,,,,,,,,,,,,,,,,,,24,4,11848,722,158,40,3,both,0,20,20,2,2,,,,,94,,,,,,,,,,,,,,,,,,,,,,,,,,,,,,,,,,,,,,,,,,
12.791045958001632,unswapping,,,,,,,,,,,,,,,,,,,,,,,,,,,,,,,,,,,,,,,,,,,,,,,24,4,11848,722,158,40,3,both,1,19,19,0,2,,,,,94,,,,,,,,,,,,,,,,,,,,,,,,,,,,,,,,,,,,,,,,,,
12.814902167010587,unswapping,,,,,,,,,,,,,,,,,,,,,,,,,,,,,,,,,,,,,,,,,,,,,,,24,4,11848,722,158,40,3,left,0,20,20,0,2,,,,,94,,,,,,,,,,,,,,,,,,,,,,,,,,,,,,,,,,,,,,,,,,
12.839478374982718,unswapping,,,,,,,,,,,,,,,,,,,,,,,,,,,,,,,,,,,,,,,,,,,,,,,24,4,11848,722,158,40,3,left,1,19,19,0,2,,,,,94,,,,,,,,,,,,,,,,,,,,,,,,,,,,,,,,,,,,,,,,,,
12.884871250018477,unswapping,,,,,,,,,,,,,,,,,,,,,,,,,,,,,,,,,,,,,,,,,,,,,,,24,4,11824,718,158,40,3,right,0,20,20,1,3,,,,,96,,,,,,,,,,,,,,,,,,,,,,,,,,,,,,,,,,,,,,,,,,
12.909866250003688,unswapping,,,,,,,,,,,,,,,,,,,,,,,,,,,,,,,,,,,,,,,,,,,,,,,24,4,11824,718,158,40,3,right,1,19,19,0,3,,,,,96,,,,,,,,,,,,,,,,,,,,,,,,,,,,,,,,,,,,,,,,,,
12.956978250003885,unswapping,,,,,,,,,,,,,,,,,,,,,,,,,,,,,,,,,,,,,,,,,,,,,,,24,4,11824,718,158,40,4,both,0,20,20,0,0,,,,,96,,,,,,,,,,,,,,,,,,,,,,,,,,,,,,,,,,,,,,,,,,
13.010979624988977,unswapping,,,,,,,,,,,,,,,,,,,,,,,,,,,,,,,,,,,,,,,,,,,,,,,24,4,11824,718,158,40,4,both,1,19,19,0,0,,,,,96,,,,,,,,,,,,,,,,,,,,,,,,,,,,,,,,,,,,,,,,,,
13.033799167023972,unswapping,,,,,,,,,,,,,,,,,,,,,,,,,,,,,,,,,,,,,,,,,,,,,,,24,4,11824,718,158,40,4,left,0,20,20,0,0,,,,,96,,,,,,,,,,,,,,,,,,,,,,,,,,,,,,,,,,,,,,,,,,
13.057711875007953,unswapping,,,,,,,,,,,,,,,,,,,,,,,,,,,,,,,,,,,,,,,,,,,,,,,24,4,11824,718,158,40,4,left,1,19,19,0,0,,,,,96,,,,,,,,,,,,,,,,,,,,,,,,,,,,,,,,,,,,,,,,,,
13.081501749984454,unswapping,,,,,,,,,,,,,,,,,,,,,,,,,,,,,,,,,,,,,,,,,,,,,,,24,4,11824,718,158,40,4,right,0,20,20,0,0,,,,,96,,,,,,,,,,,,,,,,,,,,,,,,,,,,,,,,,,,,,,,,,,
13.105929624987766,unswapping,,,,,,,,,,,,,,,,,,,,,,,,,,,,,,,,,,,,,,,,,,,,,,,24,4,11824,718,158,40,4,right,1,19,19,0,0,,,,,96,,,,,,,,,,,,,,,,,,,,,,,,,,,,,,,,,,,,,,,,,,
13.194252124987543,unswap_cycle_summary,,,,,,,,,,,,37,17,54,,,,,,,,,,,,,,,,,,,512,0.0006,,,,,,,,,,,,,24,4,11824,718,158,40,,,,,,,,,,,,,,,,,,,,1,7.601016708009411,54,808,754,54,False,,,,,,,,,,,,,,,,,,,,,,,,,,,,
14.000582957989536,rewiring,left,post_unswap,0.802207707951311,226,False,False,,,,,,,,,,,,,,,,,,,,,,,,,,,,,,,,,,,,,,,,,,,,,,,,,,,,,,,,,,,,,,,,,,1,,,,,,,50,False,54,4,bond_profile,8,False,1,1132,"(127, 16, 22, 8, 44, 1096, 217)",0.00575379200745374,0.7964114600326866,"[{'seed': 123, 'score': (139, 16, 23, 8, 45, 1100, 210), 'num_layers': 210, 'total_swaps': 1100, 'max_layer_swaps': 11, 'swap_only_layers': 45, 'work_layers': 165, 'unitary_layers': 165, 'first_work_layer': 1, 'leading_no_work_layers': 1, 'bond_profile_layers_scored': 8, 'bond_profile_total_cost': 139, 'bond_profile_max_cost': 16, 'bond_profile_gate_count': 23}, {'seed': 1132, 'score': (127, 16, 22, 8, 44, 1096, 217), 'num_layers': 217, 'total_swaps': 1096, 'max_layer_swaps': 10, 'swap_only_layers': 44, 'work_layers': 173, 'unitary_layers': 173, 'first_work_layer': 1, 'leading_no_work_layers': 1, 'bond_profile_layers_scored': 8, 'bond_profile_total_cost': 127, 'bond_profile_max_cost': 16, 'bond_profile_gate_count': 22}, {'seed': 2141, 'score': (135, 16, 22, 8, 49, 1110, 228), 'num_layers': 228, 'total_swaps': 1110, 'max_layer_swaps': 10, 'swap_only_layers': 49, 'work_layers': 179, 'unitary_layers': 179, 'first_work_layer': 1, 'leading_no_work_layers': 1, 'bond_profile_layers_scored': 8, 'bond_profile_total_cost': 135, 'bond_profile_max_cost': 16, 'bond_profile_gate_count': 22}, {'seed': 3150, 'score': (135, 16, 22, 8, 66, 1111, 252), 'num_layers': 252, 'total_swaps': 1111, 'max_layer_swaps': 10, 'swap_only_layers': 66, 'work_layers': 186, 'unitary_layers': 186, 'first_work_layer': 1, 'leading_no_work_layers': 1, 'bond_profile_layers_scored': 8, 'bond_profile_total_cost': 135, 'bond_profile_max_cost': 16, 'bond_profile_gate_count': 22}]",0.8021909999661148,1.773096082964912,,,,,,,,,,,,,
14.971161250025034,rewiring,right,post_unswap,0.9702992080128752,233,False,False,,,,,,,,,,,,,,,,,,,,,,,,,,,,,,,,,,,,,,,,,,,,,,,,,,,,,,,,,,,,,,,,,,1,,,,,,,50,False,54,4,bond_profile,8,False,1,3150,"(100, 24, 10, 8, 53, 1141, 228)",0.0063143750303424895,0.9639261240372434,"[{'seed': 123, 'score': (164, 24, 13, 8, 47, 1129, 237), 'num_layers': 237, 'total_swaps': 1129, 'max_layer_swaps': 9, 'swap_only_layers': 47, 'work_layers': 190, 'unitary_layers': 190, 'first_work_layer': 0, 'leading_no_work_layers': 0, 'bond_profile_layers_scored': 8, 'bond_profile_total_cost': 164, 'bond_profile_max_cost': 24, 'bond_profile_gate_count': 13}, {'seed': 1132, 'score': (148, 24, 12, 8, 53, 1146, 240), 'num_layers': 240, 'total_swaps': 1146, 'max_layer_swaps': 10, 'swap_only_layers': 53, 'work_layers': 187, 'unitary_layers': 187, 'first_work_layer': 0, 'leading_no_work_layers': 0, 'bond_profile_layers_scored': 8, 'bond_profile_total_cost': 148, 'bond_profile_max_cost': 24, 'bond_profile_gate_count': 12}, {'seed': 2141, 'score': (131, 24, 12, 8, 48, 1135, 240), 'num_layers': 240, 'total_swaps': 1135, 'max_layer_swaps': 10, 'swap_only_layers': 48, 'work_layers': 192, 'unitary_layers': 192, 'first_work_layer': 0, 'leading_no_work_layers': 0, 'bond_profile_layers_scored': 8, 'bond_profile_total_cost': 131, 'bond_profile_max_cost': 24, 'bond_profile_gate_count': 12}, {'seed': 3150, 'score': (100, 24, 10, 8, 53, 1141, 228), 'num_layers': 228, 'total_swaps': 1141, 'max_layer_swaps': 11, 'swap_only_layers': 53, 'work_layers': 175, 'unitary_layers': 175, 'first_work_layer': 0, 'leading_no_work_layers': 0, 'bond_profile_layers_scored': 8, 'bond_profile_total_cost': 100, 'bond_profile_max_cost': 24, 'bond_profile_gate_count': 10}]",0.9702778750215657,1.773096082964912,,,,,,,,,,,,,
14.98186912498204,cycle_progress,,,,,,,,,,,,37,17,54,,,,,,,,,,,,,,,,,,,512,0.0006,,160,0,,,,,,,,,,24,4,11824,718,158,40,,,,,,,,,,,,,,,,,,,,1,,54,808,754,54,False,,,,,,,,,,,,,,,1.773096082964912,,,,,,,,,,,,,
15.253098833025433,absorbing,,,,,,,L,1,0,217,228,37,17,54,8,0,0,0.22792208299506456,0.03426383400801569,0.26218591700308025,0.2652157500269823,11824,14960,24,32,False,False,False,False,11824,24,False,512,0.0006,,11824,0,total_elems,11824,14960,1,1,,,,0.0,24,4,11824,718,158,40,,,,,,,,,,,,,,,,,,,,,,,,,,,,,,,,,,,,,,,,,,,,,,,,,,,,,,
15.347530916973483,absorbing,,,,,,,R,1,1,217,228,37,18,55,7,1,1,0.05458266701316461,0.03145162499276921,0.08603429200593382,0.0870192920556292,17696,14960,32,32,False,False,False,False,14960,32,False,512,0.0006,,11824,0,total_elems,17696,14960,1,1,,,,0.0,32,4,14960,790,158,40,,,,,,,,,,,,,,,,,,,,,,,,,,,,,,,,,,,,,,,,,,,,,,,,,,,,,,
15.451201500021853,absorbing,,,,,,,L,2,1,217,228,39,18,57,7,2,3,0.04875575000187382,0.04653629200765863,0.09529204200953245,0.09656095900572836,21472,29960,32,64,False,False,False,False,21472,32,False,512,0.0006,,11824,0,total_elems,21472,29960,1,1,,,,0.0,32,4,21472,916,158,40,,,,,,,,,,,,,,,,,,,,,,,,,,,,,,,,,,,,,,,,,,,,,,,,,,,,,,
15.56661008298397,absorbing,,,,,,,L,3,1,217,228,40,18,58,6,1,4,0.054915749991778284,0.052594708977267146,0.10751045896904543,0.10873033298412338,36888,42104,64,64,False,False,False,False,36888,64,False,512,0.0006,,11824,0,total_elems,36888,42104,1,1,,,,0.0,64,4,36888,1170,158,40,,,,,,,,,,,,,,,,,,,,,,,,,,,,,,,,,,,,,,,,,,,,,,,,,,,,,,
15.696356625005137,absorbing,,,,,,,L,4,1,217,228,40,18,58,6,0,4,0.06404016597662121,0.05896104098064825,0.12300120695726946,0.1235500419861637,59800,62640,64,110,False,False,False,False,59800,64,False,512,0.0006,,11824,0,total_elems,59800,62640,1,1,,,,0.0,64,4,59800,1342,158,40,,,,,,,,,,,,,,,,,,,,,,,,,,,,,,,,,,,,,,,,,,,,,,,,,,,,,,
15.85272874997463,absorbing,,,,,,,R,4,2,217,228,40,19,59,5,1,5,0.07651733298553154,0.07278412498999387,0.1493014579755254,0.14984187501249835,97336,86296,127,110,False,False,False,False,86296,110,False,512,0.0006,,11824,0,total_elems,97336,86296,1,1,,,,0.0,110,4,86296,1586,158,40,,,,,,,,,,,,,,,,,,,,,,,,,,,,,,,,,,,,,,,,,,,,,,,,,,,,,,
16.038309832976665,absorbing,,,,,,,R,4,3,217,228,40,21,61,2,2,7,0.08700525003951043,0.09042758296709508,0.1774328330066055,0.17850441701011732,122528,80192,127,64,False,False,False,False,80192,64,False,512,0.0006,,11824,0,total_elems,122528,80192,1,1,,,,0.0,64,4,80192,1558,158,40,,,,,,,,,,,,,,,,,,,,,,,,,,,,,,,,,,,,,,,,,,,,,,,,,,,,,,
16.258637458027806,absorbing,,,,,,,R,4,4,217,228,40,22,62,2,1,8,0.10448691697092727,0.1081504580215551,0.21263737499248236,0.21321949997218326,129632,97280,127,64,False,False,False,False,97280,64,False,512,0.0006,,11824,0,total_elems,129632,97280,1,1,,,,0.0,64,4,97280,1644,158,40,,,,,,,,,,,,,,,,,,,,,,,,,,,,,,,,,,,,,,,,,,,,,,,,,,,,,,
16.543058625014964,absorbing,,,,,,,L,5,4,217,228,40,22,62,9,0,8,0.12748295796336606,0.14573200000450015,0.2732149579678662,0.2760903330054134,194400,211200,254,256,False,False,False,False,194400,254,False,512,0.0006,,11824,0,total_elems,194400,211200,1,1,,,,0.0,254,4,194400,2028,158,40,,,,,,,,,,,,,,,,,,,,,,,,,,,,,,,,,,,,,,,,,,,,,,,,,,,,,,
17.174940792028792,absorbing,,,,,,,L,6,4,217,228,42,22,64,3,2,10,0.35121612501097843,0.2683091670041904,0.6195252920151688,0.621529666997958,217280,448056,252,256,False,False,False,False,217280,252,False,512,0.0006,,11824,0,total_elems,217280,448056,1,1,,,,0.0,252,4,217280,2296,158,40,,,,,,,,,,,,,,,,,,,,,,,,,,,,,,,,,,,,,,,,,,,,,,,,,,,,,,
17.730540374992415,absorbing,,,,,,,L,7,4,217,228,47,22,69,1,5,15,0.26698600000236183,0.28018491697730497,0.5471709169796668,0.5478984580258839,257056,473024,250,256,False,False,False,False,257056,250,False,512,0.0006,,11824,0,total_elems,257056,473024,1,1,,,,0.0,250,4,257056,2516,158,40,,,,,,,,,,,,,,,,,,,,,,,,,,,,,,,,,,,,,,,,,,,,,,,,,,,,,,
18.264051167003345,absorbing,,,,,,,L,8,4,217,228,53,22,75,2,6,21,0.24974108301103115,0.2752204159623943,0.5249614989734255,0.5264585419790819,244192,511264,253,256,False,False,False,True,244192,253,False,512,0.0006,,11824,0,total_elems,244192,511264,1,1,,,,0.0,253,4,244192,2450,158,40,,,,,,,,,,,,,,,,,,,,,,,,,,,,,,,,,,,,,,,,,,,,,,,,,,,,,,
18.684224875003565,absorbing,,,,,,,L,9,4,217,228,55,22,77,2,2,23,0.1369140000315383,0.27477945800637826,0.41169345803791657,0.41300029098056257,242656,499424,250,256,False,False,False,False,242656,250,False,512,0.0006,,11824,0,total_elems,242656,499424,1,1,,,,0.0,250,4,242656,2444,158,40,,,,,,,,,,,,,,,,,,,,,,,,,,,,,,,,,,,,,,,,,,,,,,,,,,,,,,
19.490760791988578,absorbing,,,,,,,L,10,4,217,228,57,22,79,2,2,25,0.5101471249945462,0.28760220803087577,0.797749333025422,0.799877917044796,246112,495584,256,256,False,False,False,False,246112,256,False,512,0.0006,,11824,0,total_elems,246112,495584,1,1,,,,0.0,256,4,246112,2472,158,40,,,,,,,,,,,,,,,,,,,,,,,,,,,,,,,,,,,,,,,,,,,,,,,,,,,,,,
20.02988883299986,absorbing,,,,,,,L,11,4,217,228,59,22,81,3,2,27,0.17366883298382163,0.35640862496802583,0.5300774579518475,0.5321122499881312,155232,507488,74,256,False,False,False,True,155232,74,False,512,0.0006,,11824,0,total_elems,155232,507488,1,1,,,,0.0,74,4,155232,2148,158,40,,,,,,,,,,,,,,,,,,,,,,,,,,,,,,,,,,,,,,,,,,,,,,,,,,,,,,
20.418853916984517,absorbing,,,,,,,L,12,4,217,228,61,22,83,3,2,29,0.1852138750255108,0.18925487500382587,0.37446875002933666,0.37573679198976606,143876,270432,69,256,False,False,False,False,143876,69,False,512,0.0006,,11824,0,total_elems,143876,270432,1,1,,,,0.0,69,4,143876,2116,158,40,,,,,,,,,,,,,,,,,,,,,,,,,,,,,,,,,,,,,,,,,,,,,,,,,,,,,,
20.68935754202539,absorbing,,,,,,,L,13,4,217,228,61,22,83,6,0,29,0.12091241695452482,0.13927329203579575,0.26018570899032056,0.2613887499901466,123616,180320,64,103,False,False,False,False,123616,64,False,512,0.0006,,11824,0,total_elems,123616,180320,1,1,,,,0.0,64,4,123616,1978,158,40,,,,,,,,,,,,,,,,,,,,,,,,,,,,,,,,,,,,,,,,,,,,,,,,,,,,,,
20.97960395802511,absorbing,,,,,,,L,14,4,217,228,61,22,83,7,0,29,0.1186338749830611,0.1627930419635959,0.281426916946657,0.28312183398520574,116896,163488,64,103,False,False,False,False,116896,64,False,512,0.0006,,11824,0,total_elems,116896,163488,1,1,,,,0.0,64,4,116896,1864,158,40,,,,,,,,,,,,,,,,,,,,,,,,,,,,,,,,,,,,,,,,,,,,,,,,,,,,,,
21.310421250003856,absorbing,,,,,,,L,15,4,217,228,64,22,86,5,3,32,0.1667137499898672,0.10611870896536857,0.2728324589552358,0.2733599999919534,96160,147872,64,103,False,False,False,False,96160,64,False,512,0.0006,,11824,0,total_elems,96160,147872,1,1,,,,0.0,64,4,96160,1824,158,40,,,,,,,,,,,,,,,,,,,,,,,,,,,,,,,,,,,,,,,,,,,,,,,,,,,,,,
21.51816733297892,absorbing,,,,,,,L,16,4,217,228,67,22,89,5,3,35,0.12001233303453773,0.07876337500056252,0.19877570803510025,0.19995912502054125,70048,127136,64,103,False,False,False,False,70048,64,False,512,0.0006,,11824,0,total_elems,70048,127136,1,1,,,,0.0,64,4,70048,1552,158,40,,,,,,,,,,,,,,,,,,,,,,,,,,,,,,,,,,,,,,,,,,,,,,,,,,,,,,
21.661168917024042,absorbing,,,,,,,L,17,4,217,228,69,22,91,7,2,37,0.0594146249932237,0.0736481660278514,0.1330627910210751,0.13487079099286348,74080,87200,64,103,False,False,False,False,74080,64,False,512,0.0006,,11824,0,total_elems,74080,87200,1,1,,,,0.0,64,4,74080,1616,158,40,,,,,,,,,,,,,,,,,,,,,,,,,,,,,,,,,,,,,,,,,,,,,,,,,,,,,,
21.814894874987658,absorbing,,,,,,,L,18,4,217,228,70,22,92,8,1,38,0.06568429101025686,0.0779754999675788,0.14365979097783566,0.145945375028532,84512,92192,64,103,False,False,False,False,84512,64,False,512,0.0006,,11824,0,total_elems,84512,92192,1,1,,,,0.0,64,4,84512,1708,158,40,,,,,,,,,,,,,,,,,,,,,,,,,,,,,,,,,,,,,,,,,,,,,,,,,,,,,,
22.13492129201768,absorbing,,,,,,,R,18,5,217,228,70,23,93,4,1,39,0.22555654199095443,0.08428200002526864,0.3098385420162231,0.3110051670228131,310152,92832,256,103,False,False,False,False,92832,103,False,512,0.0006,,11824,0,total_elems,310152,92832,1,1,,,,0.0,103,4,92832,1786,158,40,,,,,,,,,,,,,,,,,,,,,,,,,,,,,,,,,,,,,,,,,,,,,,,,,,,,,,
22.42038812499959,absorbing,,,,,,,R,18,6,217,228,70,23,93,3,0,39,0.1827499580103904,0.09182687499560416,0.27457683300599456,0.2768415000173263,298948,149856,256,128,False,False,False,False,149856,128,False,512,0.0006,,11824,0,total_elems,298948,149856,1,1,,,,0.0,128,4,149856,2060,158,40,,,,,,,,,,,,,,,,,,,,,,,,,,,,,,,,,,,,,,,,,,,,,,,,,,,,,,
22.769808541983366,absorbing,,,,,,,R,18,7,217,228,70,23,93,4,0,39,0.22204466699622571,0.11919491703156382,0.34123958402778953,0.3423597500077449,324100,172896,256,128,False,False,False,False,172896,128,False,512,0.0006,,11824,0,total_elems,324100,172896,1,1,,,,0.0,128,4,172896,2164,158,40,,,,,,,,,,,,,,,,,,,,,,,,,,,,,,,,,,,,,,,,,,,,,,,,,,,,,,
23.19717895798385,absorbing,,,,,,,R,18,8,217,228,70,24,94,5,1,40,0.23895054101012647,0.18002433399669826,0.41897487500682473,0.420268916990608,354564,197728,256,128,False,False,False,False,197728,128,False,512,0.0006,,11824,0,total_elems,354564,197728,1,1,,,,0.0,128,4,197728,2322,158,40,,,,,,,,,,,,,,,,,,,,,,,,,,,,,,,,,,,,,,,,,,,,,,,,,,,,,,
23.763047125015873,absorbing,,,,,,,R,18,9,217,228,70,25,95,6,1,41,0.2987572499550879,0.2578454170143232,0.5566026669694111,0.5583669579937123,471428,212320,256,128,False,False,False,False,212320,128,False,512,0.0006,,11824,0,total_elems,471428,212320,1,1,,,,0.0,128,4,212320,2416,158,40,,,,,,,,,,,,,,,,,,,,,,,,,,,,,,,,,,,,,,,,,,,,,,,,,,,,,,
24.376425124995876,absorbing,,,,,,,R,18,10,217,228,70,27,97,5,2,43,0.39859391696518287,0.20600925001781434,0.6046031669829972,0.6060662500094622,697988,274272,256,128,False,False,True,False,274272,128,False,512,0.0006,,11824,0,total_elems,697988,274272,1,1,,,,0.0,128,4,274272,2638,158,40,,,,,,,,,,,,,,,,,,,,,,,,,,,,,,,,,,,,,,,,,,,,,,,,,,,,,,
25.098879792029038,absorbing,,,,,,,R,18,11,217,228,70,29,99,4,2,45,0.46304300002520904,0.25024725002003834,0.7132902500452474,0.7145099159679376,753540,231776,256,128,False,False,True,False,231776,128,False,512,0.0006,,11824,0,total_elems,753540,231776,1,1,,,,0.0,128,4,231776,2540,158,40,,,,,,,,,,,,,,,,,,,,,,,,,,,,,,,,,,,,,,,,,,,,,,,,,,,,,,
25.68906775000505,absorbing,,,,,,,R,18,12,217,228,70,30,100,5,1,46,0.3769391250098124,0.2045387920225039,0.5814779170323163,0.5825802500476129,465668,226912,256,128,False,False,False,False,226912,128,False,512,0.0006,,11824,0,total_elems,465668,226912,1,1,,,,0.0,128,4,226912,2496,158,40,,,,,,,,,,,,,,,,,,,,,,,,,,,,,,,,,,,,,,,,,,,,,,,,,,,,,,
26.285332292027306,absorbing,,,,,,,R,18,13,217,228,70,32,102,3,2,48,0.39459383400389925,0.19189920800272375,0.586493042006623,0.5877974999602884,360580,347232,256,256,False,False,False,False,347232,256,False,512,0.0006,,11824,0,total_elems,360580,347232,1,1,,,,0.0,256,4,347232,2968,158,40,,,,,,,,,,,,,,,,,,,,,,,,,,,,,,,,,,,,,,,,,,,,,,,,,,,,,,
27.49149899999611,absorbing,,,,,,,R,18,14,217,228,70,35,105,3,3,51,0.8844065419980325,0.31229991698637605,1.1967064589844085,1.1983858330058865,604420,396140,256,256,False,False,True,False,396140,256,False,512,0.0006,,11824,0,total_elems,604420,396140,1,1,,,,0.0,256,4,396140,3180,158,40,,,,,,,,,,,,,,,,,,,,,,,,,,,,,,,,,,,,,,,,,,,,,,,,,,,,,,
28.926601374987513,absorbing,,,,,,,R,18,15,217,228,70,40,110,2,5,56,0.996959957992658,0.4285982500296086,1.4255582080222666,1.4273896670201793,799268,367152,256,256,False,False,True,False,367152,256,False,512,0.0006,,11824,0,total_elems,799268,367152,1,1,,,,0.0,256,4,367152,2982,158,40,,,,,,,,,,,,,,,,,,,,,,,,,,,,,,,,,,,,,,,,,,,,,,,,,,,,,,
30.111944833013695,absorbing,,,,,,,R,18,16,217,228,70,43,113,3,3,59,0.9620792500209063,0.21351558296009898,1.1755948329810053,1.17739787499886,771652,269344,256,256,False,False,True,False,269344,256,False,512,0.0006,,11824,0,total_elems,771652,269344,1,1,,,,0.0,256,4,269344,2606,158,40,,,,,,,,,,,,,,,,,,,,,,,,,,,,,,,,,,,,,,,,,,,,,,,,,,,,,,
31.2038534579915,absorbing,,,,,,,R,18,17,217,228,70,44,114,4,1,60,0.8719967079814523,0.20919779199175537,1.0811944999732077,1.0827644999953918,528324,220448,256,256,False,False,True,False,220448,256,False,512,0.0006,,11824,0,total_elems,528324,220448,1,1,,,,0.0,256,4,220448,2436,158,40,,,,,,,,,,,,,,,,,,,,,,,,,,,,,,,,,,,,,,,,,,,,,,,,,,,,,,
32.15040616702754,absorbing,,,,,,,R,18,18,217,228,70,47,117,2,3,63,0.7935770420008339,0.1416822500177659,0.9352592920185998,0.9373985000420362,258948,182432,256,256,False,False,False,False,182432,256,False,512,0.0006,,11824,0,total_elems,258948,182432,1,1,,,,0.0,256,4,182432,2004,158,40,,,,,,,,,,,,,,,,,,,,,,,,,,,,,,,,,,,,,,,,,,,,,,,,,,,,,,
33.19140299997525,absorbing,,,,,,,L,19,18,217,228,76,47,123,2,6,69,0.9145820420235395,0.11607883300166577,1.0306608750252053,1.0315746659762226,128772,174368,64,256,False,False,False,False,128772,64,False,512,0.0006,,11824,0,total_elems,128772,174368,1,1,,,,0.0,64,4,128772,1864,158,40,,,,,,,,,,,,,,,,,,,,,,,,,,,,,,,,,,,,,,,,,,,,,,,,,,,,,,
33.39852441701805,absorbing,,,,,,,R,19,19,217,228,76,50,126,1,3,72,0.09664958395296708,0.10020629101200029,0.19685587496496737,0.19760391698218882,128388,110532,64,64,False,False,False,False,110532,64,False,512,0.0006,,11824,0,total_elems,128388,110532,1,1,,,,0.0,64,4,110532,1708,158,40,,,,,,,,,,,,,,,,,,,,,,,,,,,,,,,,,,,,,,,,,,,,,,,,,,,,,,
33.570092000009026,absorbing,,,,,,,L,20,19,217,228,78,50,128,5,2,74,0.09444225003244355,0.0679823329555802,0.16242458298802376,0.1631110419984907,110148,110148,64,64,False,False,False,False,110148,64,False,512,0.0006,,11824,0,total_elems,110148,110148,1,1,,,,0.0,64,4,110148,1684,158,40,,,,,,,,,,,,,,,,,,,,,,,,,,,,,,,,,,,,,,,,,,,,,,,,,,,,,,
33.78454079199582,absorbing,,,,,,,L,21,19,217,228,80,50,130,7,2,76,0.1126066250144504,0.09312983398558572,0.20573645900003612,0.20630358398193493,82820,109764,64,64,False,False,False,False,82820,64,False,512,0.0006,,11824,0,total_elems,82820,109764,1,1,,,,0.0,64,4,82820,1452,158,40,,,,,,,,,,,,,,,,,,,,,,,,,,,,,,,,,,,,,,,,,,,,,,,,,,,,,,
34.11491791700246,absorbing,,,,,,,L,22,19,217,228,82,50,132,7,2,78,0.16598258301382884,0.1540096250246279,0.31999220803845674,0.32139816699782386,67724,82436,64,64,False,False,False,False,67724,64,False,512,0.0006,,11824,0,total_elems,67724,82436,1,1,,,,0.0,64,4,67724,1368,158,40,,,,,,,,,,,,,,,,,,,,,,,,,,,,,,,,,,,,,,,,,,,,,,,,,,,,,,
34.547884250001516,absorbing,,,,,,,R,22,20,217,228,82,50,132,4,0,78,0.336450207978487,0.08433316595619544,0.42078337393468246,0.42273591697448865,124548,66956,128,64,False,False,False,False,66956,64,False,512,0.0006,,11824,0,total_elems,124548,66956,1,1,,,,0.0,64,4,66956,1320,158,40,,,,,,,,,,,,,,,,,,,,,,,,,,,,,,,,,,,,,,,,,,,,,,,,,,,,,,
34.92367899999954,absorbing,,,,,,,R,22,21,217,228,82,52,134,3,2,80,0.2708674579625949,0.09088020899798721,0.36174766696058214,0.36469887499697506,123780,65228,128,64,False,False,False,False,65228,64,False,512,0.0006,,11824,0,total_elems,123780,65228,1,1,,,,0.0,64,4,65228,1296,158,40,,,,,,,,,,,,,,,,,,,,,,,,,,,,,,,,,,,,,,,,,,,,,,,,,,,,,,
35.20393499999773,absorbing,,,,,,,R,22,22,217,228,82,54,136,3,2,82,0.20217641699127853,0.06567824998637661,0.26785466697765514,0.27007850003428757,108036,64412,128,64,False,False,False,False,64412,64,False,512,0.0006,,11824,0,total_elems,108036,64412,1,1,,,,0.0,64,4,64412,1262,158,40,,,,,,,,,,,,,,,,,,,,,,,,,,,,,,,,,,,,,,,,,,,,,,,,,,,,,,
35.49718462501187,absorbing,,,,,,,R,22,23,217,228,82,55,137,3,1,83,0.21300979098305106,0.06931474996963516,0.2823245409526862,0.28391237498726696,106756,70380,128,64,False,False,False,False,70380,64,False,512,0.0006,,11824,0,total_elems,106756,70380,1,1,,,,0.0,64,4,70380,1254,158,40,,,,,,,,,,,,,,,,,,,,,,,,,,,,,,,,,,,,,,,,,,,,,,,,,,,,,,
35.722147207998205,absorbing,,,,,,,R,22,24,217,228,82,56,138,2,1,84,0.10517945804167539,0.10971958294976503,0.21489904099144042,0.2158941249945201,121940,68252,128,64,False,False,False,False,68252,64,False,512,0.0006,,11824,0,total_elems,121940,68252,1,1,,,,0.0,64,4,68252,1220,158,40,,,,,,,,,,,,,,,,,,,,,,,,,,,,,,,,,,,,,,,,,,,,,,,,,,,,,,
35.99398404202657,absorbing,,,,,,,R,22,25,217,228,82,56,138,4,0,84,0.09603825001977384,0.166262042010203,0.26230029202997684,0.263335041992832,97284,74316,64,64,False,False,False,False,74316,64,False,512,0.0006,,11824,0,total_elems,97284,74316,1,1,,,,0.0,64,4,74316,1314,158,40,,,,,,,,,,,,,,,,,,,,,,,,,,,,,,,,,,,,,,,,,,,,,,,,,,,,,,
36.20567520800978,absorbing,,,,,,,L,23,25,217,228,85,56,141,5,3,87,0.11788104102015495,0.08284879202255979,0.20072983304271474,0.2017527089919895,66564,88716,64,64,False,False,False,False,66564,64,False,512,0.0006,,11824,0,total_elems,66564,88716,1,1,,,,0.0,64,4,66564,1346,158,40,,,,,,,,,,,,,,,,,,,,,,,,,,,,,,,,,,,,,,,,,,,,,,,,,,,,,,
36.39877712499583,absorbing,,,,,,,L,24,25,217,228,87,56,143,4,2,89,0.10904683399712667,0.07392220798647031,0.18296904198359698,0.1842175000347197,51204,52740,64,64,False,False,False,False,51204,64,False,512,0.0006,,11824,0,total_elems,51204,52740,1,1,,,,0.0,64,4,51204,1250,158,40,,,,,,,,,,,,,,,,,,,,,,,,,,,,,,,,,,,,,,,,,,,,,,,,,,,,,,
36.5119949170039,absorbing,,,,,,,L,25,25,217,228,87,56,143,6,0,89,0.04814199998509139,0.05477454198990017,0.10291654197499156,0.10406974999932572,35588,37380,64,64,False,False,False,False,35588,64,False,512,0.0006,,11824,0,total_elems,35588,37380,1,1,,,,0.0,64,4,35588,1138,158,40,,,,,,,,,,,,,,,,,,,,,,,,,,,,,,,,,,,,,,,,,,,,,,,,,,,,,,
36.62872133299243,absorbing,,,,,,,R,25,26,217,228,87,57,144,4,1,90,0.054932500002905726,0.05142779101151973,0.10636029101442546,0.10697929200250655,34376,23300,64,64,False,False,False,False,23300,64,False,512,0.0006,,11824,0,total_elems,34376,23300,1,1,,,,0.0,64,4,23300,962,158,40,,,,,,,,,,,,,,,,,,,,,,,,,,,,,,,,,,,,,,,,,,,,,,,,,,,,,,
36.714802582981065,absorbing,,,,,,,R,25,27,217,228,87,59,146,3,2,92,0.03813729097601026,0.03680158301722258,0.07493887399323285,0.07638008397771046,18248,16580,32,32,False,False,False,False,16580,32,False,512,0.0006,,11824,0,total_elems,18248,16580,1,1,,,,0.0,32,4,16580,842,158,40,,,,,,,,,,,,,,,,,,,,,,,,,,,,,,,,,,,,,,,,,,,,,,,,,,,,,,
36.79401020798832,absorbing,,,,,,,L,26,27,217,228,89,59,148,4,2,94,0.03827850002562627,0.030792874982580543,0.06907137500820681,0.06963754101889208,14216,15624,32,32,False,False,False,False,14216,32,False,512,0.0006,,11824,0,total_elems,14216,15624,1,1,,,,0.0,32,4,14216,796,158,40,,,,,,,,,,,,,,,,,,,,,,,,,,,,,,,,,,,,,,,,,,,,,,,,,,,,,,
36.872424500004854,absorbing,,,,,,,R,26,28,217,228,89,59,148,5,0,94,0.03410295897629112,0.03288358304416761,0.06698654202045873,0.06811333395307884,16040,13580,32,32,False,False,False,False,13580,32,False,512,0.0006,,11824,0,total_elems,16040,13580,1,1,,,,0.0,32,4,13580,782,158,40,,,,,,,,,,,,,,,,,,,,,,,,,,,,,,,,,,,,,,,,,,,,,,,,,,,,,,
36.95318850001786,absorbing,,,,,,,L,27,28,217,228,90,59,149,4,1,95,0.035887167032342404,0.03522474999772385,0.07111191703006625,0.07163895800476894,14828,15752,32,32,False,False,False,False,14828,32,False,512,0.0006,,11824,0,total_elems,14828,15752,1,1,,,,0.0,32,4,14828,796,158,40,,,,,,,,,,,,,,,,,,,,,,,,,,,,,,,,,,,,,,,,,,,,,,,,,,,,,,
37.03087520797271,absorbing,,,,,,,R,27,29,217,228,90,59,149,6,0,95,0.03429799998411909,0.03222895896760747,0.06652695895172656,0.06720520800445229,19244,14696,32,32,False,False,False,False,14696,32,False,512,0.0006,,11824,0,total_elems,19244,14696,1,1,,,,0.0,32,4,14696,762,158,40,,,,,,,,,,,,,,,,,,,,,,,,,,,,,,,,,,,,,,,,,,,,,,,,,,,,,,
37.11018512502778,absorbing,,,,,,,R,27,30,217,228,90,61,151,5,2,97,0.03116020798915997,0.03661599999759346,0.06777620798675343,0.06843408296117559,18540,13320,32,32,False,False,False,False,13320,32,False,512,0.0006,,11824,0,total_elems,18540,13320,1,1,,,,0.0,32,4,13320,744,158,40,,,,,,,,,,,,,,,,,,,,,,,,,,,,,,,,,,,,,,,,,,,,,,,,,,,,,,
37.187893167021684,absorbing,,,,,,,R,27,31,217,228,90,63,153,4,2,99,0.030243917019106448,0.03618708404246718,0.06643100106157362,0.0669333339901641,17832,15880,32,64,False,False,False,False,15880,64,False,512,0.0006,,11824,0,total_elems,17832,15880,1,1,,,,0.0,64,4,15880,780,158,40,,,,,,,,,,,,,,,,,,,,,,,,,,,,,,,,,,,,,,,,,,,,,,,,,,,,,,
37.26452004199382,absorbing,,,,,,,L,28,31,217,228,90,63,153,5,0,99,0.02982570801395923,0.03543245798209682,0.06525816599605605,0.06667691702023149,14272,16648,32,64,False,False,False,False,14272,32,False,512,0.0006,,11824,0,total_elems,14272,16648,1,1,,,,0.0,32,4,14272,774,158,40,,,,,,,,,,,,,,,,,,,,,,,,,,,,,,,,,,,,,,,,,,,,,,,,,,,,,,
37.354188541998155,absorbing,,,,,,,R,28,32,217,228,90,66,156,4,3,102,0.04255237500183284,0.03702112496830523,0.07957349997013807,0.08043800003360957,27664,16552,64,32,False,False,False,False,16552,32,False,512,0.0006,,11824,0,total_elems,27664,16552,1,1,,,,0.0,32,4,16552,780,158,40,,,,,,,,,,,,,,,,,,,,,,,,,,,,,,,,,,,,,,,,,,,,,,,,,,,,,,
37.434766500024125,absorbing,,,,,,,R,28,33,217,228,90,67,157,5,1,103,0.03819166700122878,0.03147212497424334,0.06966379197547212,0.0706430830177851,26680,19336,64,32,False,False,False,False,19336,32,False,512,0.0006,,11824,0,total_elems,26680,19336,1,1,,,,0.0,32,4,19336,832,158,40,,,,,,,,,,,,,,,,,,,,,,,,,,,,,,,,,,,,,,,,,,,,,,,,,,,,,,
37.52939233300276,absorbing,,,,,,,R,28,34,217,228,90,69,159,4,2,105,0.041610582964494824,0.04213462496409193,0.08374520792858675,0.08427458396181464,25432,23968,64,64,False,False,False,False,23968,64,False,512,0.0006,,11824,0,total_elems,25432,23968,1,1,,,,0.0,64,4,23968,932,158,40,,,,,,,,,,,,,,,,,,,,,,,,,,,,,,,,,,,,,,,,,,,,,,,,,,,,,,
37.636089832987636,absorbing,,,,,,,L,29,34,217,228,90,69,159,6,0,105,0.039306792023126036,0.05585270799929276,0.0951595000224188,0.09622683300403878,19312,61928,34,64,False,False,False,False,19312,34,False,512,0.0006,,11824,0,total_elems,19312,61928,1,1,,,,0.0,34,4,19312,840,158,40,,,,,,,,,,,,,,,,,,,,,,,,,,,,,,,,,,,,,,,,,,,,,,,,,,,,,,
37.73389704199508,absorbing,,,,,,,L,30,34,217,228,93,69,162,4,3,108,0.04965166695183143,0.03818462498020381,0.08783629193203524,0.08834858296904713,22592,37336,64,64,False,False,False,False,22592,64,False,512,0.0006,,11824,0,total_elems,22592,37336,1,1,,,,0.0,64,4,22592,916,158,40,,,,,,,,,,,,,,,,,,,,,,,,,,,,,,,,,,,,,,,,,,,,,,,,,,,,,,
37.83018483297201,absorbing,,,,,,,R,30,35,217,228,93,70,163,6,1,109,0.044035500031895936,0.04057891701813787,0.08461441705003381,0.08694599999580532,39104,31688,64,64,False,False,False,False,31688,64,False,512,0.0006,,11824,0,total_elems,39104,31688,1,1,,,,0.0,64,4,31688,1032,158,40,,,,,,,,,,,,,,,,,,,,,,,,,,,,,,,,,,,,,,,,,,,,,,,,,,,,,,
37.93800237501273,absorbing,,,,,,,R,30,36,217,228,93,71,164,8,1,110,0.056492374977096915,0.04113908298313618,0.09763145796023309,0.09861574997194111,51464,34536,64,64,False,False,False,False,34536,64,False,512,0.0006,,11824,0,total_elems,51464,34536,1,1,,,,0.0,64,4,34536,1124,158,40,,,,,,,,,,,,,,,,,,,,,,,,,,,,,,,,,,,,,,,,,,,,,,,,,,,,,,
38.06020545802312,absorbing,,,,,,,L,31,36,217,228,95,71,166,5,2,112,0.04791254102019593,0.06440391601063311,0.11231645703082904,0.11283041699789464,36648,76392,64,64,False,False,False,False,36648,64,False,512,0.0006,,11824,0,total_elems,36648,76392,1,1,,,,0.0,64,4,36648,1004,158,40,,,,,,,,,,,,,,,,,,,,,,,,,,,,,,,,,,,,,,,,,,,,,,,,,,,,,,
38.17156454198994,absorbing,,,,,,,L,32,36,217,228,95,71,166,5,0,112,0.04160916700493544,0.059544957999605685,0.10115412500454113,0.10167100001126528,32232,50280,64,64,False,False,False,False,32232,64,False,512,0.0006,,11824,0,total_elems,32232,50280,1,1,,,,0.0,64,4,32232,908,158,40,,,,,,,,,,,,,,,,,,,,,,,,,,,,,,,,,,,,,,,,,,,,,,,,,,,,,,
38.317358499974944,absorbing,,,,,,,R,32,37,217,228,95,72,167,10,1,113,0.08782916696509346,0.04793941701063886,0.13576858397573233,0.1363190000411123,49800,36072,64,64,False,False,False,False,36072,64,False,512,0.0006,,11824,0,total_elems,49800,36072,1,1,,,,0.0,64,4,36072,1012,158,40,,,,,,,,,,,,,,,,,,,,,,,,,,,,,,,,,,,,,,,,,,,,,,,,,,,,,,
38.460575166973285,absorbing,,,,,,,R,32,38,217,228,95,73,168,7,1,114,0.092556958028581,0.040838624991010875,0.13339558301959187,0.1338856250513345,48588,30056,64,64,False,False,False,False,30056,64,False,512,0.0006,,11824,0,total_elems,48588,30056,1,1,,,,0.0,64,4,30056,1100,158,40,,,,,,,,,,,,,,,,,,,,,,,,,,,,,,,,,,,,,,,,,,,,,,,,,,,,,,
38.55324425001163,absorbing,,,,,,,R,32,39,217,228,95,74,169,9,1,115,0.044999208010267466,0.035580166964791715,0.08057937497505918,0.08159816602710634,41800,27592,64,64,False,False,False,False,27592,64,False,512,0.0006,,11824,0,total_elems,41800,27592,1,1,,,,0.0,64,4,27592,1102,158,40,,,,,,,,,,,,,,,,,,,,,,,,,,,,,,,,,,,,,,,,,,,,,,,,,,,,,,
38.653887082997244,absorbing,,,,,,,L,33,39,217,228,97,74,171,3,2,117,0.04961358301807195,0.040413582988549024,0.09002716600662097,0.0910162499640137,28360,36168,64,64,False,False,False,False,28360,64,False,512,0.0006,,11824,0,total_elems,28360,36168,1,1,,,,0.0,64,4,28360,1078,158,40,,,,,,,,,,,,,,,,,,,,,,,,,,,,,,,,,,,,,,,,,,,,,,,,,,,,,,
38.73995604197262,absorbing,,,,,,,R,33,40,217,228,97,77,174,5,3,120,0.03505541599588469,0.04085279197897762,0.07590820797486231,0.07654620899120346,27784,26888,64,64,False,False,False,False,26888,64,False,512,0.0006,,11824,0,total_elems,27784,26888,1,1,,,,0.0,64,4,26888,1082,158,40,,,,,,,,,,,,,,,,,,,,,,,,,,,,,,,,,,,,,,,,,,,,,,,,,,,,,,
38.836586666991934,absorbing,,,,,,,L,34,40,217,228,98,77,175,5,1,121,0.03294958401238546,0.053312000003643334,0.08626158401602879,0.08705766702769324,26184,60264,64,64,False,False,False,False,26184,64,False,512,0.0006,,11824,0,total_elems,26184,60264,1,1,,,,0.0,64,4,26184,1044,158,40,,,,,,,,,,,,,,,,,,,,,,,,,,,,,,,,,,,,,,,,,,,,,,,,,,,,,,
38.94208345800871,absorbing,,,,,,,L,35,40,217,228,99,77,176,5,1,122,0.03797212499193847,0.05640362499980256,0.09437574999174103,0.09548849996645004,23560,53384,64,64,False,False,False,False,23560,64,False,512,0.0006,,11824,0,total_elems,23560,53384,1,1,,,,0.0,64,4,23560,994,158,40,,,,,,,,,,,,,,,,,,,,,,,,,,,,,,,,,,,,,,,,,,,,,,,,,,,,,,
39.039840166980866,absorbing,,,,,,,L,36,40,217,228,100,77,177,5,1,123,0.03492041601566598,0.05188091698801145,0.08680133300367743,0.08736266702180728,27304,50888,64,64,False,False,False,False,27304,64,False,512,0.0006,,11824,0,total_elems,27304,50888,1,1,,,,0.0,64,4,27304,1048,158,40,,,,,,,,,,,,,,,,,,,,,,,,,,,,,,,,,,,,,,,,,,,,,,,,,,,,,,
39.138857542013284,absorbing,,,,,,,L,37,40,217,228,101,77,178,5,1,124,0.038958208984695375,0.04894358396995813,0.0879017929546535,0.08891712501645088,27016,44200,64,64,False,False,False,False,27016,64,False,512,0.0006,,11824,0,total_elems,27016,44200,1,1,,,,0.0,64,4,27016,1030,158,40,,,,,,,,,,,,,,,,,,,,,,,,,,,,,,,,,,,,,,,,,,,,,,,,,,,,,,
39.248208832985256,absorbing,,,,,,,L,38,40,217,228,103,77,180,5,2,126,0.04949062498053536,0.04926470801001415,0.0987553329905495,0.09929616696899757,27016,43336,64,64,False,False,False,False,27016,64,False,512,0.0006,,11824,0,total_elems,27016,43336,1,1,,,,0.0,64,4,27016,1030,158,40,,,,,,,,,,,,,,,,,,,,,,,,,,,,,,,,,,,,,,,,,,,,,,,,,,,,,,
39.365479542000685,absorbing,,,,,,,L,39,40,217,228,105,77,182,4,2,128,0.06014233402675018,0.04633491701679304,0.10647725104354322,0.10746620898135006,20680,37576,64,64,False,False,False,False,20680,64,False,512,0.0006,,11824,0,total_elems,20680,37576,1,1,,,,0.0,64,4,20680,958,158,40,,,,,,,,,,,,,,,,,,,,,,,,,,,,,,,,,,,,,,,,,,,,,,,,,,,,,,
39.449678707984276,absorbing,,,,,,,L,40,40,217,228,105,77,182,5,0,128,0.03166587505256757,0.04059908300405368,0.07226495805662125,0.07423458300763741,12552,15880,16,16,False,False,False,False,12552,16,False,512,0.0006,,11824,0,total_elems,12552,15880,1,1,,,,0.0,16,4,12552,822,158,40,,,,,,,,,,,,,,,,,,,,,,,,,,,,,,,,,,,,,,,,,,,,,,,,,,,,,,
39.52955525001744,absorbing,,,,,,,R,40,41,217,228,105,81,186,5,4,132,0.03241124999476597,0.03593879198888317,0.06835004198364913,0.06886529200710356,13128,12808,32,16,False,False,False,False,12808,16,False,512,0.0006,,11824,0,total_elems,13128,12808,1,1,,,,0.0,16,4,12808,850,158,40,,,,,,,,,,,,,,,,,,,,,,,,,,,,,,,,,,,,,,,,,,,,,,,,,,,,,,
39.60028200002853,absorbing,,,,,,,L,41,41,217,228,106,81,187,5,1,133,0.03024779201950878,0.02996720903320238,0.06021500105271116,0.060749333002604544,12632,13096,16,16,False,False,False,False,12632,16,False,512,0.0006,,11824,0,total_elems,12632,13096,1,1,,,,0.0,16,4,12632,832,158,40,,,,,,,,,,,,,,,,,,,,,,,,,,,,,,,,,,,,,,,,,,,,,,,,,,,,,,
39.67134175001411,absorbing,,,,,,,L,42,41,217,228,107,81,188,6,1,134,0.02781475003575906,0.03185929200844839,0.059674042044207454,0.060206916998140514,10152,10952,16,16,False,False,False,False,10152,16,False,512,0.0006,,11824,0,total_elems,10152,10952,1,1,,,,0.0,16,4,10152,752,158,40,,,,,,,,,,,,,,,,,,,,,,,,,,,,,,,,,,,,,,,,,,,,,,,,,,,,,,
39.73769087501569,absorbing,,,,,,,R,42,42,217,228,107,84,191,6,3,137,0.025914833997376263,0.02906979201361537,0.05498462601099163,0.05547979101538658,9576,8684,16,16,False,False,False,False,8684,16,False,512,0.0006,,11824,0,total_elems,9576,8684,1,1,,,,0.0,16,4,8684,722,158,40,,,,,,,,,,,,,,,,,,,,,,,,,,,,,,,,,,,,,,,,,,,,,,,,,,,,,,
39.80254499998409,absorbing,,,,,,,L,43,42,217,228,108,84,192,6,1,138,0.026516790967434645,0.027492750028613955,0.0540095409960486,0.05450983298942447,8364,11472,16,32,False,False,False,False,8364,16,False,512,0.0006,,11824,0,total_elems,8364,11472,1,1,,,,0.0,16,4,8364,714,158,40,,,,,,,,,,,,,,,,,,,,,,,,,,,,,,,,,,,,,,,,,,,,,,,,,,,,,,
39.868818457995076,absorbing,,,,,,,L,44,42,217,228,111,84,195,4,3,141,0.026851875009015203,0.02861099998699501,0.055462874996010214,0.05592924996744841,8808,11472,16,32,False,False,False,False,8808,16,False,512,0.0006,,11824,0,total_elems,8808,11472,1,1,,,,0.0,16,4,8808,696,158,40,,,,,,,,,,,,,,,,,,,,,,,,,,,,,,,,,,,,,,,,,,,,,,,,,,,,,,
39.93172183301067,absorbing,,,,,,,R,44,43,217,228,111,87,198,9,3,144,0.023387374996673316,0.028239541978109628,0.051626916974782944,0.05271641700528562,11724,11436,32,32,False,False,False,False,11436,32,False,512,0.0006,,11824,0,total_elems,11724,11436,1,1,,,,0.0,32,4,11436,766,158,40,,,,,,,,,,,,,,,,,,,,,,,,,,,,,,,,,,,,,,,,,,,,,,,,,,,,,,
40.002088957990054,absorbing,,,,,,,R,44,44,217,228,111,93,204,5,6,150,0.02519195800414309,0.03391270898282528,0.05910466698696837,0.05960274999961257,14892,14544,32,32,False,False,False,False,14544,32,False,512,0.0006,,11824,0,total_elems,14892,14544,1,1,,,,0.0,32,4,14544,798,158,40,,,,,,,,,,,,,,,,,,,,,,,,,,,,,,,,,,,,,,,,,,,,,,,,,,,,,,
40.07103091699537,absorbing,,,,,,,L,45,44,217,228,111,93,204,5,0,150,0.027146207983605564,0.029859624977689236,0.0570058329612948,0.057506792014464736,14544,17204,32,32,False,False,False,False,14544,32,False,512,0.0006,,11824,0,total_elems,14544,17204,1,1,,,,0.0,32,4,14544,790,158,40,,,,,,,,,,,,,,,,,,,,,,,,,,,,,,,,,,,,,,,,,,,,,,,,,,,,,,
40.15307404199848,absorbing,,,,,,,R,45,45,217,228,111,95,206,7,2,152,0.0408027499797754,0.029890584002714604,0.07069333398249,0.07144812500337139,19344,18228,64,32,False,False,False,False,18228,32,False,512,0.0006,,11824,0,total_elems,19344,18228,1,1,,,,0.0,32,4,18228,814,158,40,,,,,,,,,,,,,,,,,,,,,,,,,,,,,,,,,,,,,,,,,,,,,,,,,,,,,,
40.2366782919853,absorbing,,,,,,,R,45,46,217,228,111,97,208,4,2,154,0.040377791970968246,0.03174495801795274,0.07212274998892099,0.0726293750340119,23988,18804,64,32,False,False,False,False,18804,32,False,512,0.0006,,11824,0,total_elems,23988,18804,1,1,,,,0.0,32,4,18804,814,158,40,,,,,,,,,,,,,,,,,,,,,,,,,,,,,,,,,,,,,,,,,,,,,,,,,,,,,,
40.320809249999,absorbing,,,,,,,R,45,47,217,228,111,97,208,6,0,154,0.04330358299193904,0.029269125021528453,0.07257270801346749,0.07308637496316805,30132,21108,64,32,False,False,False,False,21108,32,False,512,0.0006,,11824,0,total_elems,30132,21108,1,1,,,,0.0,32,4,21108,886,158,40,,,,,,,,,,,,,,,,,,,,,,,,,,,,,,,,,,,,,,,,,,,,,,,,,,,,,,
40.41303891700227,absorbing,,,,,,,R,45,48,217,228,111,101,212,3,4,158,0.04333087499253452,0.03610804199706763,0.07943891698960215,0.08126595901558176,31476,25524,64,32,False,False,False,False,25524,32,False,512,0.0006,,11824,0,total_elems,31476,25524,1,1,,,,0.0,32,4,25524,982,158,40,,,,,,,,,,,,,,,,,,,,,,,,,,,,,,,,,,,,,,,,,,,,,,,,,,,,,,
40.58105295797577,absorbing,,,,,,,L,46,48,217,228,113,101,214,5,2,160,0.11925662495195866,0.03525416704360396,0.1545107919955626,0.15509200002998114,29172,33360,64,64,False,False,False,False,29172,64,False,512,0.0006,,11824,0,total_elems,29172,33360,1,1,,,,0.0,64,4,29172,998,158,40,,,,,,,,,,,,,,,,,,,,,,,,,,,,,,,,,,,,,,,,,,,,,,,,,,,,,,
40.69782733300235,absorbing,,,,,,,L,47,48,217,228,115,101,216,6,2,162,0.06607087497832254,0.036299583967775106,0.10237045894609764,0.1029209170374088,27604,37008,64,64,False,False,False,False,27604,64,False,512,0.0006,,11824,0,total_elems,27604,37008,1,1,,,,0.0,64,4,27604,1024,158,40,,,,,,,,,,,,,,,,,,,,,,,,,,,,,,,,,,,,,,,,,,,,,,,,,,,,,,
40.78151583299041,absorbing,,,,,,,L,48,48,217,228,115,101,216,6,0,162,0.03677512501599267,0.033998832979705185,0.07077395799569786,0.07258829200873151,32344,35440,64,64,False,False,False,False,32344,64,False,512,0.0006,,11824,0,total_elems,32344,35440,1,1,,,,0.0,64,4,32344,1066,158,40,,,,,,,,,,,,,,,,,,,,,,,,,,,,,,,,,,,,,,,,,,,,,,,,,,,,,,
40.881322083005216,absorbing,,,,,,,L,49,48,217,228,117,101,218,3,2,164,0.0444933749968186,0.04230174998519942,0.08679512498201802,0.08803599997190759,31540,33460,64,64,False,False,False,False,31540,64,False,512,0.0006,,11824,0,total_elems,31540,33460,1,1,,,,0.0,64,4,31540,1054,158,40,,,,,,,,,,,,,,,,,,,,,,,,,,,,,,,,,,,,,,,,,,,,,,,,,,,,,,
40.99477345799096,absorbing,,,,,,,L,50,48,217,228,119,101,220,4,2,166,0.05172250000759959,0.05019045801600441,0.101912958023604,0.10246541700325906,31540,32944,64,64,False,False,False,False,31540,64,False,512,0.0006,,11824,0,total_elems,31540,32944,1,1,,,,0.0,64,4,31540,1054,158,40,,,,,,,,,,,,,,,,,,,,,,,,,,,,,,,,,,,,,,,,,,,,,,,,,,,,,,
41.098507791990414,absorbing,,,,,,,L,51,48,217,228,119,101,220,6,0,166,0.039462000015191734,0.05260699999053031,0.09206900000572205,0.09271375002572313,32500,33520,64,64,False,False,False,False,32500,64,False,512,0.0006,,11824,0,total_elems,32500,33520,1,1,,,,0.0,64,4,32500,1078,158,40,,,,,,,,,,,,,,,,,,,,,,,,,,,,,,,,,,,,,,,,,,,,,,,,,,,,,,
41.21285612502834,absorbing,,,,,,,L,52,48,217,228,121,101,222,4,2,168,0.05292220803676173,0.04957362497225404,0.10249583300901577,0.10305279196472839,32980,34480,64,64,False,False,False,False,32980,64,False,512,0.0006,,11824,0,total_elems,32980,34480,1,1,,,,0.0,64,4,32980,1072,158,40,,,,,,,,,,,,,,,,,,,,,,,,,,,,,,,,,,,,,,,,,,,,,,,,,,,,,,
41.32648716698168,absorbing,,,,,,,R,52,49,217,228,121,101,222,6,0,168,0.04809012496843934,0.053582958003971726,0.10167308297241107,0.10221337503753603,47356,34000,64,64,False,False,False,False,34000,64,False,512,0.0006,,11824,0,total_elems,47356,34000,1,1,,,,0.0,64,4,34000,1102,158,40,,,,,,,,,,,,,,,,,,,,,,,,,,,,,,,,,,,,,,,,,,,,,,,,,,,,,,
41.43451816699235,absorbing,,,,,,,R,52,50,217,228,121,101,222,6,0,168,0.048380125022958964,0.04712845798349008,0.09550858300644904,0.0965169999981299,48340,45712,64,64,False,False,False,False,45712,64,False,512,0.0006,,11824,0,total_elems,48340,45712,1,1,,,,0.0,64,4,45712,1150,158,40,,,,,,,,,,,,,,,,,,,,,,,,,,,,,,,,,,,,,,,,,,,,,,,,,,,,,,
41.56914829200832,absorbing,,,,,,,L,53,50,217,228,122,101,223,6,1,169,0.05360929202288389,0.06842779199359939,0.12203708401648328,0.12308562500402331,60052,78448,64,64,False,False,False,False,60052,64,False,512,0.0006,,11824,0,total_elems,60052,78448,1,1,,,,0.0,64,4,60052,1216,158,40,,,,,,,,,,,,,,,,,,,,,,,,,,,,,,,,,,,,,,,,,,,,,,,,,,,,,,
41.729921583028045,absorbing,,,,,,,L,54,50,217,228,124,101,225,4,2,171,0.068332583992742,0.07928479195106775,0.14761737594380975,0.14909387502120808,65716,76816,64,64,False,False,False,False,65716,64,False,512,0.0006,,11824,0,total_elems,65716,76816,1,1,,,,0.0,64,4,65716,1318,158,40,,,,,,,,,,,,,,,,,,,,,,,,,,,,,,,,,,,,,,,,,,,,,,,,,,,,,,
41.88213041698327,absorbing,,,,,,,L,55,50,217,228,125,101,226,3,1,172,0.05607337498804554,0.0839976670104079,0.14007104199845344,0.14067016600165516,72220,81712,64,64,False,False,False,False,72220,64,False,512,0.0006,,11824,0,total_elems,72220,81712,1,1,,,,0.0,64,4,72220,1432,158,40,,,,,,,,,,,,,,,,,,,,,,,,,,,,,,,,,,,,,,,,,,,,,,,,,,,,,,
42.06235495797591,absorbing,,,,,,,R,55,51,217,228,125,104,229,5,3,175,0.07545529201161116,0.0909123329911381,0.16636762500274926,0.16782400000374764,102940,97432,64,64,False,False,False,False,97432,64,False,512,0.0006,,11824,0,total_elems,102940,97432,1,1,,,,0.0,64,4,97432,1534,158,40,,,,,,,,,,,,,,,,,,,,,,,,,,,,,,,,,,,,,,,,,,,,,,,,,,,,,,
42.290350374998525,absorbing,,,,,,,L,56,51,217,228,125,104,229,4,0,175,0.0781550410320051,0.1376876249560155,0.2158426659880206,0.21638170798541978,118936,127636,64,64,False,False,False,False,118936,64,False,512,0.0006,,11824,0,total_elems,118936,127636,1,1,,,,0.0,64,4,118936,1726,158,40,,,,,,,,,,,,,,,,,,,,,,,,,,,,,,,,,,,,,,,,,,,,,,,,,,,,,,
42.5836750830058,absorbing,,,,,,,L,57,51,217,228,126,104,230,5,1,176,0.10475120798218995,0.17622199998004362,0.2809732079622336,0.2820137080270797,143668,144532,64,64,False,False,False,False,143668,64,False,512,0.0006,,11824,0,total_elems,143668,144532,1,1,,,,0.0,64,4,143668,1834,158,40,,,,,,,,,,,,,,,,,,,,,,,,,,,,,,,,,,,,,,,,,,,,,,,,,,,,,,
42.97119495802326,absorbing,,,,,,,L,58,51,217,228,127,104,231,7,1,177,0.18772175000049174,0.18708499998319894,0.3748067499836907,0.3761361670331098,123124,169264,64,64,False,False,False,False,123124,64,False,512,0.0006,,11824,0,total_elems,123124,169264,1,1,,,,0.0,64,4,123124,1666,158,40,,,,,,,,,,,,,,,,,,,,,,,,,,,,,,,,,,,,,,,,,,,,,,,,,,,,,,
43.332215624977835,absorbing,,,,,,,R,58,52,217,228,127,107,234,6,3,180,0.17328008299227804,0.17370787495747209,0.3469879579497501,0.3488045000121929,237748,139504,256,64,False,False,False,False,139504,64,False,512,0.0006,,11824,0,total_elems,237748,139504,1,1,,,,0.0,64,4,139504,1792,158,40,,,,,,,,,,,,,,,,,,,,,,,,,,,,,,,,,,,,,,,,,,,,,,,,,,,,,,
43.653758292028215,absorbing,,,,,,,R,58,53,217,228,127,111,238,3,4,184,0.17913645901717246,0.1293070830288343,0.30844354204600677,0.30912912503117695,146608,124144,64,64,False,False,False,False,124144,64,False,512,0.0006,,11824,0,total_elems,146608,124144,1,1,,,,0.0,64,4,124144,1696,158,40,,,,,,,,,,,,,,,,,,,,,,,,,,,,,,,,,,,,,,,,,,,,,,,,,,,,,,
43.95169133297168,absorbing,,,,,,,L,59,53,217,228,127,111,238,8,0,184,0.16246720898197964,0.1229211250320077,0.28538833401398733,0.2858904160093516,126640,207664,64,256,False,False,False,False,126640,64,False,512,0.0006,,11824,0,total_elems,126640,207664,1,1,,,,0.0,64,4,126640,1744,158,40,,,,,,,,,,,,,,,,,,,,,,,,,,,,,,,,,,,,,,,,,,,,,,,,,,,,,,
44.317243916972075,absorbing,,,,,,,R,59,54,217,228,127,111,238,7,0,184,0.234701709006913,0.11876387498341501,0.353465583990328,0.354005417029839,118864,110128,64,64,False,False,False,False,110128,64,False,512,0.0006,,11824,0,total_elems,118864,110128,1,1,,,,0.0,64,4,110128,1648,158,40,,,,,,,,,,,,,,,,,,,,,,,,,,,,,,,,,,,,,,,,,,,,,,,,,,,,,,
44.63955279201036,absorbing,,,,,,,L,60,54,217,228,131,111,242,5,4,188,0.18024841701844707,0.12910254200687632,0.3093509590253234,0.30987937503959984,101968,224812,64,256,False,False,False,False,101968,64,False,512,0.0006,,11824,0,total_elems,101968,224812,1,1,,,,0.0,64,4,101968,1498,158,40,,,,,,,,,,,,,,,,,,,,,,,,,,,,,,,,,,,,,,,,,,,,,,,,,,,,,,
45.05365587497363,absorbing,,,,,,,R,60,55,217,228,131,114,245,7,3,191,0.29170541698113084,0.1095589580363594,0.40126437501749024,0.4018654159735888,93712,87724,64,64,False,False,False,False,87724,64,False,512,0.0006,,11824,0,total_elems,93712,87724,1,1,,,,0.0,64,4,87724,1438,158,40,,,,,,,,,,,,,,,,,,,,,,,,,,,,,,,,,,,,,,,,,,,,,,,,,,,,,,
45.4113030420267,absorbing,,,,,,,L,61,55,217,228,133,114,247,8,2,193,0.23852025001542643,0.10608387499814853,0.34460412501357496,0.3455395830096677,79468,191596,64,256,False,False,False,False,79468,64,False,512,0.0006,,11824,0,total_elems,79468,191596,1,1,,,,0.0,64,4,79468,1462,158,40,,,,,,,,,,,,,,,,,,,,,,,,,,,,,,,,,,,,,,,,,,,,,,,,,,,,,,
45.57660583301913,absorbing,,,,,,,L,62,55,217,228,137,114,251,5,4,197,0.07894300000043586,0.07328087498899549,0.15222387498943135,0.15295466600218788,64612,93676,64,64,False,False,False,False,64612,64,False,512,0.0006,,11824,0,total_elems,64612,93676,1,1,,,,0.0,64,4,64612,1402,158,40,,,,,,,,,,,,,,,,,,,,,,,,,,,,,,,,,,,,,,,,,,,,,,,,,,,,,,
45.746952041983604,absorbing,,,,,,,R,62,56,217,228,137,115,252,8,1,198,0.097679375030566,0.059424791019409895,0.1571041660499759,0.15790450002532452,89856,74212,128,64,False,False,False,False,74212,64,False,512,0.0006,,11824,0,total_elems,89856,74212,1,1,,,,0.0,64,4,74212,1426,158,40,,,,,,,,,,,,,,,,,,,,,,,,,,,,,,,,,,,,,,,,,,,,,,,,,,,,,,
45.98184133297764,absorbing,,,,,,,L,63,56,217,228,139,115,254,8,2,200,0.10528466600226238,0.11682124994695187,0.22210591594921425,0.22272229101508856,102336,111204,128,128,False,False,False,False,102336,128,False,512,0.0006,,11824,0,total_elems,102336,111204,1,1,,,,0.0,128,4,102336,1482,158,40,,,,,,,,,,,,,,,,,,,,,,,,,,,,,,,,,,,,,,,,,,,,,,,,,,,,,,
46.3457047920092,absorbing,,,,,,,L,64,56,217,228,143,115,258,6,4,204,0.18491745897335932,0.16585991601459682,0.35077737498795614,0.3516333750449121,86148,151104,128,128,False,False,False,False,86148,128,False,512,0.0006,,11824,0,total_elems,86148,151104,1,1,,,,0.0,128,4,86148,1396,158,40,,,,,,,,,,,,,,,,,,,,,,,,,,,,,,,,,,,,,,,,,,,,,,,,,,,,,,
46.72582058300031,absorbing,,,,,,,L,65,56,217,228,148,115,263,4,5,209,0.21536716597620398,0.1511989159625955,0.36656608193879947,0.36806004197569564,45668,232644,64,256,False,False,False,False,45668,64,False,512,0.0006,,11824,0,total_elems,45668,232644,1,1,,,,0.0,64,4,45668,1198,158,40,,,,,,,,,,,,,,,,,,,,,,,,,,,,,,,,,,,,,,,,,,,,,,,,,,,,,,
46.85779620800167,absorbing,,,,,,,L,66,56,217,228,151,115,266,4,3,212,0.044507833023089916,0.07421400002203882,0.11872183304512873,0.12001529196277261,49064,94244,64,128,False,False,False,False,49064,64,False,512,0.0006,,11824,0,total_elems,49064,94244,1,1,,,,0.0,64,4,49064,1264,158,40,,,,,,,,,,,,,,,,,,,,,,,,,,,,,,,,,,,,,,,,,,,,,,,,,,,,,,
46.99081108300015,absorbing,,,,,,,L,67,56,217,228,152,115,267,7,1,213,0.04046933399513364,0.07872549997409806,0.1191948339692317,0.12024195794947445,49640,97256,64,128,False,False,False,False,49640,64,False,512,0.0006,,11824,0,total_elems,49640,97256,1,1,,,,0.0,64,4,49640,1264,158,40,,,,,,,,,,,,,,,,,,,,,,,,,,,,,,,,,,,,,,,,,,,,,,,,,,,,,,
47.12902779201977,absorbing,,,,,,,L,68,56,217,228,154,115,269,6,2,215,0.045405208016745746,0.07990791695192456,0.1253131249686703,0.12589716695947573,55664,95720,64,128,False,False,False,False,55664,64,False,512,0.0006,,11824,0,total_elems,55664,95720,1,1,,,,0.0,64,4,55664,1348,158,40,,,,,,,,,,,,,,,,,,,,,,,,,,,,,,,,,,,,,,,,,,,,,,,,,,,,,,
47.27767874998972,absorbing,,,,,,,L,69,56,217,228,154,115,269,6,0,215,0.043254958000034094,0.09045041701756418,0.13370537501759827,0.13476316700689495,50732,97136,64,128,False,False,False,False,50732,64,False,512,0.0006,,11824,0,total_elems,50732,97136,1,1,,,,0.0,64,4,50732,1290,158,40,,,,,,,,,,,,,,,,,,,,,,,,,,,,,,,,,,,,,,,,,,,,,,,,,,,,,,
47.44417537498521,absorbing,,,,,,,R,69,57,217,228,154,115,269,8,0,215,0.07507579197408631,0.07736187498085201,0.15243766695493832,0.1534977500559762,86360,78896,64,128,False,False,False,False,78896,128,False,512,0.0006,,11824,0,total_elems,86360,78896,1,1,,,,0.0,128,4,78896,1332,158,40,,,,,,,,,,,,,,,,,,,,,,,,,,,,,,,,,,,,,,,,,,,,,,,,,,,,,,
47.640822916990146,absorbing,,,,,,,L,70,57,217,228,155,115,270,5,1,216,0.06679625000106171,0.11566558299819008,0.18246183299925178,0.18351045896997675,63260,83084,64,128,False,False,False,False,63260,64,False,512,0.0006,,11824,0,total_elems,63260,83084,1,1,,,,0.0,64,4,63260,1360,158,40,,,,,,,,,,,,,,,,,,,,,,,,,,,,,,,,,,,,,,,,,,,,,,,,,,,,,,
47.821103500027675,absorbing,,,,,,,R,70,58,217,228,155,117,272,6,2,218,0.07653770799515769,0.0894394579809159,0.1659771659760736,0.1671104999841191,92912,61304,128,64,False,False,False,False,61304,64,False,512,0.0006,,11824,0,total_elems,92912,61304,1,1,,,,0.0,64,4,61304,1280,158,40,,,,,,,,,,,,,,,,,,,,,,,,,,,,,,,,,,,,,,,,,,,,,,,,,,,,,,
47.99907466699369,absorbing,,,,,,,L,71,58,217,228,157,117,274,5,2,220,0.07228974997997284,0.0899602499557659,0.16224999993573874,0.16349508304847404,52916,58908,64,64,False,False,False,False,52916,64,False,512,0.0006,,11824,0,total_elems,52916,58908,1,1,,,,0.0,64,4,52916,1318,158,40,,,,,,,,,,,,,,,,,,,,,,,,,,,,,,,,,,,,,,,,,,,,,,,,,,,,,,
48.17108179198112,absorbing,,,,,,,R,71,59,217,228,157,118,275,6,1,221,0.08372170804068446,0.07413191703381017,0.15785362507449463,0.15910799999255687,106676,50972,128,64,False,False,False,False,50972,64,False,512,0.0006,,11824,0,total_elems,106676,50972,1,1,,,,0.0,64,4,50972,1232,158,40,,,,,,,,,,,,,,,,,,,,,,,,,,,,,,,,,,,,,,,,,,,,,,,,,,,,,,
48.32226670801174,absorbing,,,,,,,R,71,60,217,228,157,120,277,7,2,223,0.07165241602342576,0.06470679101767018,0.13635920704109594,0.13780766597483307,62684,40896,64,64,False,False,False,False,40896,64,False,512,0.0006,,11824,0,total_elems,62684,40896,1,1,,,,0.0,64,4,40896,1104,158,40,,,,,,,,,,,,,,,,,,,,,,,,,,,,,,,,,,,,,,,,,,,,,,,,,,,,,,
48.43347200000426,absorbing,,,,,,,R,71,61,217,228,157,123,280,3,3,226,0.04703725001309067,0.04940133402124047,0.09643858403433114,0.09763129102066159,50496,24384,64,64,False,False,False,False,24384,64,False,512,0.0006,,11824,0,total_elems,50496,24384,1,1,,,,0.0,64,4,24384,984,158,40,,,,,,,,,,,,,,,,,,,,,,,,,,,,,,,,,,,,,,,,,,,,,,,,,,,,,,
48.526801667001564,absorbing,,,,,,,R,71,62,217,228,157,124,281,4,1,227,0.04156866599805653,0.03831679205177352,0.07988545804983005,0.08038650004891679,35136,21312,64,64,False,False,False,False,21312,64,False,512,0.0006,,11824,0,total_elems,35136,21312,1,1,,,,0.0,64,4,21312,936,158,40,,,,,,,,,,,,,,,,,,,,,,,,,,,,,,,,,,,,,,,,,,,,,,,,,,,,,,
48.614047957991716,absorbing,,,,,,,R,71,63,217,228,157,124,281,8,0,227,0.03346337500261143,0.03906854102388024,0.07253191602649167,0.07353354099905118,25152,18304,64,64,False,False,False,False,18304,64,False,512,0.0006,,11824,0,total_elems,25152,18304,1,1,,,,0.0,64,4,18304,832,158,40,,,,,,,,,,,,,,,,,,,,,,,,,,,,,,,,,,,,,,,,,,,,,,,,,,,,,,
48.69274529197719,absorbing,,,,,,,R,71,64,217,228,157,126,283,8,2,229,0.031019416986964643,0.03353541699470952,0.06455483398167416,0.06505141698289663,20928,12256,64,16,False,False,False,False,12256,16,False,512,0.0006,,11824,0,total_elems,20928,12256,1,1,,,,0.0,16,4,12256,706,158,40,,,,,,,,,,,,,,,,,,,,,,,,,,,,,,,,,,,,,,,,,,,,,,,,,,,,,,
48.77144204202341,absorbing,,,,,,,R,71,65,217,228,157,131,288,6,5,234,0.029868916957639158,0.03549433400621638,0.06536325096385553,0.06586512498324737,17824,10660,64,16,False,False,False,False,10660,16,False,512,0.0006,,11824,0,total_elems,17824,10660,1,1,,,,0.0,16,4,10660,676,158,40,,,,,,,,,,,,,,,,,,,,,,,,,,,,,,,,,,,,,,,,,,,,,,,,,,,,,,
48.86040054197656,absorbing,,,,,,,R,71,66,217,228,157,136,293,4,5,239,0.034257874998729676,0.04075387498596683,0.07501174998469651,0.07555970799876377,15844,14116,64,64,False,False,False,False,14116,64,False,512,0.0006,,11824,0,total_elems,15844,14116,1,1,,,,0.0,64,4,14116,748,158,40,,,,,,,,,,,,,,,,,,,,,,,,,,,,,,,,,,,,,,,,,,,,,,,,,,,,,,
48.94950233300915,absorbing,,,,,,,L,72,66,217,228,159,136,295,5,2,241,0.036399625008925796,0.03800304199103266,0.07440266699995846,0.07494933303678408,14308,14404,64,64,False,False,False,False,14308,64,False,512,0.0006,,11824,0,total_elems,14308,14404,1,1,,,,0.0,64,4,14308,724,158,40,,,,,,,,,,,,,,,,,,,,,,,,,,,,,,,,,,,,,,,,,,,,,,,,,,,,,,
49.03688804199919,absorbing,,,,,,,R,72,67,217,228,159,138,297,6,2,243,0.03320879198145121,0.03887908300384879,0.0720878749853,0.07262529199942946,14248,14020,64,64,False,False,False,False,14020,64,False,512,0.0006,,11824,0,total_elems,14248,14020,1,1,,,,0.0,64,4,14020,706,158,40,,,,,,,,,,,,,,,,,,,,,,,,,,,,,,,,,,,,,,,,,,,,,,,,,,,,,,
49.11643841699697,absorbing,,,,,,,L,73,67,217,228,160,138,298,4,1,244,0.03153854102129117,0.03325354104163125,0.06479208206292242,0.06533083401154727,12964,15172,64,64,False,False,False,False,12964,64,False,512,0.0006,,11824,0,total_elems,12964,15172,1,1,,,,0.0,64,4,12964,676,158,40,,,,,,,,,,,,,,,,,,,,,,,,,,,,,,,,,,,,,,,,,,,,,,,,,,,,,,
49.20057774998713,absorbing,,,,,,,L,74,67,217,228,161,138,299,5,1,245,0.030317666998598725,0.0381537500070408,0.06847141700563952,0.0690067500108853,13828,13828,64,64,False,False,False,False,13828,64,False,512,0.0006,,11824,0,total_elems,13828,13828,1,1,,,,0.0,64,4,13828,694,158,40,,,,,,,,,,,,,,,,,,,,,,,,,,,,,,,,,,,,,,,,,,,,,,,,,,,,,,
49.36313437501667,absorbing,,,,,,,R,74,68,217,228,161,139,300,7,1,246,0.10834741697181016,0.038298542029224336,0.1466459590010345,0.14735416695475578,16132,14308,64,64,False,False,False,False,14308,64,False,512,0.0006,,11824,0,total_elems,16132,14308,1,1,,,,0.0,64,4,14308,724,158,40,,,,,,,,,,,,,,,,,,,,,,,,,,,,,,,,,,,,,,,,,,,,,,,,,,,,,,
49.45216024998808,absorbing,,,,,,,R,74,69,217,228,161,142,303,5,3,249,0.03265612502582371,0.040034292032942176,0.07269041705876589,0.07322908297646791,16840,13348,64,64,False,False,False,False,13348,64,False,512,0.0006,,11824,0,total_elems,16840,13348,1,1,,,,0.0,64,4,13348,700,158,40,,,,,,,,,,,,,,,,,,,,,,,,,,,,,,,,,,,,,,,,,,,,,,,,,,,,,,
49.534077332995366,absorbing,,,,,,,R,74,70,217,228,161,144,305,5,2,251,0.03168345900485292,0.0338917089975439,0.06557516800239682,0.06623933400260285,14920,7204,64,16,False,False,False,False,7204,16,False,512,0.0006,,11824,0,total_elems,14920,7204,1,1,,,,0.0,16,4,7204,604,158,40,,,,,,,,,,,,,,,,,,,,,,,,,,,,,,,,,,,,,,,,,,,,,,,,,,,,,,
49.60088483302388,absorbing,,,,,,,R,74,71,217,228,161,146,307,7,2,253,0.024997166998218745,0.027021875022910535,0.05201904202112928,0.05253883299883455,8392,7584,16,16,False,False,False,False,7584,16,False,512,0.0006,,11824,0,total_elems,8392,7584,1,1,,,,0.0,16,4,7584,630,158,40,,,,,,,,,,,,,,,,,,,,,,,,,,,,,,,,,,,,,,,,,,,,,,,,,,,,,,
49.66876849997789,absorbing,,,,,,,L,75,71,217,228,163,146,309,5,2,255,0.025178875017445534,0.02799129200866446,0.05317016702610999,0.05369787500239909,7780,10476,16,16,False,False,False,False,7780,16,False,512,0.0006,,11824,0,total_elems,7780,10476,1,1,,,,0.0,16,4,7780,604,158,40,,,,,,,,,,,,,,,,,,,,,,,,,,,,,,,,,,,,,,,,,,,,,,,,,,,,,,
49.75570841698209,absorbing,,,,,,,R,75,72,217,228,163,148,311,10,2,257,0.04296391597017646,0.02817466697888449,0.07113858294906095,0.07165570795768872,29476,8928,64,16,False,False,False,False,8928,16,False,512,0.0006,,11824,0,total_elems,29476,8928,1,1,,,,0.0,16,4,8928,678,158,40,,,,,,,,,,,,,,,,,,,,,,,,,,,,,,,,,,,,,,,,,,,,,,,,,,,,,,
49.86139945802279,absorbing,,,,,,,R,75,73,217,228,163,149,312,8,1,258,0.05401679198257625,0.03693883400410414,0.09095562598668039,0.09180733398534358,29344,17004,64,64,False,False,False,False,17004,64,False,512,0.0006,,11824,0,total_elems,29344,17004,1,1,,,,0.0,64,4,17004,824,158,40,,,,,,,,,,,,,,,,,,,,,,,,,,,,,,,,,,,,,,,,,,,,,,,,,,,,,,
49.99025229201652,absorbing,,,,,,,L,76,73,217,228,165,149,314,6,2,260,0.04967083397787064,0.06294191698543727,0.11261275096330792,0.11329320800723508,29532,35352,64,64,False,False,False,False,29532,64,False,512,0.0006,,11824,0,total_elems,29532,35352,1,1,,,,0.0,64,4,29532,852,158,40,,,,,,,,,,,,,,,,,,,,,,,,,,,,,,,,,,,,,,,,,,,,,,,,,,,,,,
50.17449833301362,absorbing,,,,,,,L,77,73,217,228,168,149,317,6,3,263,0.08043312496738508,0.08733195904642344,0.16776508401380852,0.1693598339916207,28768,47544,64,64,False,False,False,False,28768,64,False,512,0.0006,,11824,0,total_elems,28768,47544,1,1,,,,0.0,64,4,28768,802,158,40,,,,,,,,,,,,,,,,,,,,,,,,,,,,,,,,,,,,,,,,,,,,,,,,,,,,,,
50.31131658301456,absorbing,,,,,,,L,78,73,217,228,169,149,318,8,1,264,0.05417883297195658,0.0663322500186041,0.12051108299056068,0.12106508295983076,28672,45916,64,64,False,False,False,False,28672,64,False,512,0.0006,,11824,0,total_elems,28672,45916,1,1,,,,0.0,64,4,28672,796,158,40,,,,,,,,,,,,,,,,,,,,,,,,,,,,,,,,,,,,,,,,,,,,,,,,,,,,,,
50.44540833297651,absorbing,,,,,,,L,79,73,217,228,173,149,322,6,4,268,0.05364462500438094,0.06572533398866653,0.11936995899304748,0.1198894580011256,13816,29716,64,64,False,False,False,False,13816,64,False,512,0.0006,,11824,0,total_elems,13816,29716,1,1,,,,0.0,64,4,13816,700,158,40,,,,,,,,,,,,,,,,,,,,,,,,,,,,,,,,,,,,,,,,,,,,,,,,,,,,,,
50.53004162502475,absorbing,,,,,,,L,80,73,217,228,175,149,324,6,2,270,0.0336468750028871,0.03575091698439792,0.06939779198728502,0.06993908295407891,8760,13852,16,64,False,False,False,False,8760,16,False,512,0.0006,,11824,0,total_elems,8760,13852,1,1,,,,0.0,16,4,8760,684,158,40,,,,,,,,,,,,,,,,,,,,,,,,,,,,,,,,,,,,,,,,,,,,,,,,,,,,,,
50.60632404201897,absorbing,,,,,,,R,80,74,217,228,175,152,327,7,3,273,0.028460999950766563,0.031810374988708645,0.06027137493947521,0.06101441598730162,9432,6556,16,16,False,False,False,False,6556,16,False,512,0.0006,,11824,0,total_elems,9432,6556,1,1,,,,0.0,16,4,6556,604,158,40,,,,,,,,,,,,,,,,,,,,,,,,,,,,,,,,,,,,,,,,,,,,,,,,,,,,,,
50.67689054197399,absorbing,,,,,,,R,80,75,217,228,175,153,328,8,1,274,0.027797874994575977,0.027058832987677306,0.05485670798225328,0.05647212499752641,6204,6172,16,16,False,False,False,False,6172,16,False,512,0.0006,,11824,0,total_elems,6204,6172,1,1,,,,0.0,16,4,6172,580,158,40,,,,,,,,,,,,,,,,,,,,,,,,,,,,,,,,,,,,,,,,,,,,,,,,,,,,,,
50.75709533301415,absorbing,,,,,,,L,81,75,217,228,175,153,328,9,0,274,0.03008854202926159,0.0342477920348756,0.06433633406413719,0.06508487503742799,4672,14488,16,64,False,False,False,False,4672,16,False,512,0.0006,,11824,0,total_elems,4672,14488,1,1,,,,0.0,16,4,4672,520,158,40,,,,,,,,,,,,,,,,,,,,,,,,,,,,,,,,,,,,,,,,,,,,,,,,,,,,,,
50.842078917019535,absorbing,,,,,,,R,81,76,217,228,175,158,333,5,5,279,0.03499333298532292,0.03392320894636214,0.06891654193168506,0.07030245894566178,6660,5692,16,16,False,False,False,False,5692,16,False,512,0.0006,,11824,0,total_elems,6660,5692,1,1,,,,0.0,16,4,5692,550,158,40,,,,,,,,,,,,,,,,,,,,,,,,,,,,,,,,,,,,,,,,,,,,,,,,,,,,,,
50.91634233301738,absorbing,,,,,,,L,82,76,217,228,177,158,335,7,2,281,0.03260491602122784,0.025779167015571147,0.058384083036798984,0.0589694160153158,5632,6268,16,16,False,False,False,False,5632,16,False,512,0.0006,,11824,0,total_elems,5632,6268,1,1,,,,0.0,16,4,5632,544,158,40,,,,,,,,,,,,,,,,,,,,,,,,,,,,,,,,,,,,,,,,,,,,,,,,,,,,,,
50.99830087501323,absorbing,,,,,,,R,82,77,217,228,177,159,336,4,1,282,0.03887400001985952,0.02581854199524969,0.06469254201510921,0.06534225004725158,13468,3772,64,16,False,False,False,False,3772,16,False,512,0.0006,,11824,0,total_elems,13468,3772,1,1,,,,0.0,16,4,3772,502,158,40,,,,,,,,,,,,,,,,,,,,,,,,,,,,,,,,,,,,,,,,,,,,,,,,,,,,,,
51.07063404197106,absorbing,,,,,,,L,83,77,217,228,181,159,340,5,4,286,0.030415666988119483,0.025509250001050532,0.055924916989170015,0.05645245802588761,5788,6364,16,16,False,False,False,False,5788,16,False,512,0.0006,,11824,0,total_elems,5788,6364,1,1,,,,0.0,16,4,5788,556,158,40,,,,,,,,,,,,,,,,,,,,,,,,,,,,,,,,,,,,,,,,,,,,,,,,,,,,,,
51.1408828329877,absorbing,,,,,,,R,83,78,217,228,181,161,342,3,2,288,0.028627416002564132,0.02628724998794496,0.05491466599050909,0.05549570801667869,6208,6172,16,16,False,False,False,False,6172,16,False,512,0.0006,,11824,0,total_elems,6208,6172,1,1,,,,0.0,16,4,6172,580,158,40,,,,,,,,,,,,,,,,,,,,,,,,,,,,,,,,,,,,,,,,,,,,,,,,,,,,,,
51.21684512501815,absorbing,,,,,,,L,84,78,217,228,184,161,345,5,3,291,0.03091108304215595,0.029733332979958504,0.060644416022114456,0.061188000021502376,6592,13468,16,64,False,False,False,False,6592,16,False,512,0.0006,,11824,0,total_elems,6592,13468,1,1,,,,0.0,16,4,6592,604,158,40,,,,,,,,,,,,,,,,,,,,,,,,,,,,,,,,,,,,,,,,,,,,,,,,,,,,,,
51.306745624984615,absorbing,,,,,,,L,85,78,217,228,187,161,348,7,3,294,0.040113584022037685,0.03387387504335493,0.07398745906539261,0.07474579202244058,5088,13792,16,64,False,False,False,False,5088,16,False,512,0.0006,,11824,0,total_elems,5088,13792,1,1,,,,0.0,16,4,5088,566,158,40,,,,,,,,,,,,,,,,,,,,,,,,,,,,,,,,,,,,,,,,,,,,,,,,,,,,,,
51.37768008298008,absorbing,,,,,,,L,86,78,217,228,189,161,350,7,2,296,0.027190125023480505,0.02739154198206961,0.054581667005550116,0.05512704199645668,5664,7104,16,16,False,False,False,False,5664,16,False,512,0.0006,,11824,0,total_elems,5664,7104,1,1,,,,0.0,16,4,5664,566,158,40,,,,,,,,,,,,,,,,,,,,,,,,,,,,,,,,,,,,,,,,,,,,,,,,,,,,,,
51.52490029198816,absorbing,,,,,,,L,87,78,217,228,192,161,353,7,3,299,0.08757645799778402,0.04068191698752344,0.12825837498530746,0.1293877080315724,6912,7104,16,16,False,False,False,False,6912,16,False,512,0.0006,,11824,0,total_elems,6912,7104,1,1,,,,0.0,16,4,6912,576,158,40,,,,,,,,,,,,,,,,,,,,,,,,,,,,,,,,,,,,,,,,,,,,,,,,,,,,,,
51.603734291973524,absorbing,,,,,,,R,87,79,217,228,192,162,354,4,1,300,0.03459279198432341,0.02680895896628499,0.0614017509506084,0.061982624989468604,8932,6240,16,16,False,False,False,False,6240,16,False,512,0.0006,,11824,0,total_elems,8932,6240,1,1,,,,0.0,16,4,6240,570,158,40,,,,,,,,,,,,,,,,,,,,,,,,,,,,,,,,,,,,,,,,,,,,,,,,,,,,,,
51.68700345797697,absorbing,,,,,,,R,87,80,217,228,192,164,356,3,2,302,0.03880354203283787,0.02738445799332112,0.06618800002615899,0.06672166602220386,8548,4836,16,16,False,False,False,False,4836,16,False,512,0.0006,,11824,0,total_elems,8548,4836,1,1,,,,0.0,16,4,4836,516,158,40,,,,,,,,,,,,,,,,,,,,,,,,,,,,,,,,,,,,,,,,,,,,,,,,,,,,,,
51.76368375000311,absorbing,,,,,,,R,87,81,217,228,192,165,357,4,1,303,0.03677429200615734,0.023114665993489325,0.059888957999646664,0.06050341599620879,6532,4872,16,16,False,False,False,False,4872,16,False,512,0.0006,,11824,0,total_elems,6532,4872,1,1,,,,0.0,16,4,4872,516,158,40,,,,,,,,,,,,,,,,,,,,,,,,,,,,,,,,,,,,,,,,,,,,,,,,,,,,,,
51.83670041698497,absorbing,,,,,,,R,87,82,217,228,192,166,358,3,1,304,0.03256254195002839,0.02482920902548358,0.05739175097551197,0.05790174996946007,6244,5452,16,16,False,False,False,False,5452,16,False,512,0.0006,,11824,0,total_elems,6244,5452,1,1,,,,0.0,16,4,5452,526,158,40,,,,,,,,,,,,,,,,,,,,,,,,,,,,,,,,,,,,,,,,,,,,,,,,,,,,,,
51.910698332998436,absorbing,,,,,,,R,87,83,217,228,192,166,358,5,0,304,0.032339166034944355,0.025659000035375357,0.05799816607031971,0.05850558297242969,6148,4576,16,16,False,False,False,False,4576,16,False,512,0.0006,,11824,0,total_elems,6148,4576,1,1,,,,0.0,16,4,4576,514,158,40,,,,,,,,,,,,,,,,,,,,,,,,,,,,,,,,,,,,,,,,,,,,,,,,,,,,,,
51.989867124997545,absorbing,,,,,,,R,87,84,217,228,192,168,360,5,2,306,0.03484625002602115,0.026446833973750472,0.061293083999771625,0.06292912497883663,6028,3424,16,16,False,False,False,False,3424,16,False,512,0.0006,,11824,0,total_elems,6028,3424,1,1,,,,0.0,16,4,3424,478,158,40,,,,,,,,,,,,,,,,,,,,,,,,,,,,,,,,,,,,,,,,,,,,,,,,,,,,,,
52.06472941697575,absorbing,,,,,,,L,88,84,217,228,196,168,364,7,4,310,0.035139082989189774,0.023538999957963824,0.0586780829471536,0.05917554098414257,4132,4132,16,16,False,False,False,False,4132,16,False,512,0.0006,,11824,0,total_elems,4132,4132,1,1,,,,0.0,16,4,4132,484,158,40,,,,,,,,,,,,,,,,,,,,,,,,,,,,,,,,,,,,,,,,,,,,,,,,,,,,,,
52.131152332993224,absorbing,,,,,,,R,88,85,217,228,196,170,366,5,2,312,0.025482499971985817,0.02502620901213959,0.050508708984125406,0.05104179197223857,4408,3880,16,16,False,False,False,False,3880,16,False,512,0.0006,,11824,0,total_elems,4408,3880,1,1,,,,0.0,16,4,3880,466,158,40,,,,,,,,,,,,,,,,,,,,,,,,,,,,,,,,,,,,,,,,,,,,,,,,,,,,,,
52.19976895797299,absorbing,,,,,,,L,89,85,217,228,198,170,368,7,2,314,0.024882708035875112,0.027459499950055033,0.052342207985930145,0.052850665990263224,3628,11428,16,64,False,False,False,False,3628,16,False,512,0.0006,,11824,0,total_elems,3628,11428,1,1,,,,0.0,16,4,3628,448,158,40,,,,,,,,,,,,,,,,,,,,,,,,,,,,,,,,,,,,,,,,,,,,,,,,,,,,,,
52.26933987502707,absorbing,,,,,,,L,90,85,217,228,199,170,369,7,1,315,0.0254794160136953,0.027789040992502123,0.05326845700619742,0.05381891701836139,4432,10768,16,64,False,False,False,False,4432,16,False,512,0.0006,,11824,0,total_elems,4432,10768,1,1,,,,0.0,16,4,4432,496,158,40,,,,,,,,,,,,,,,,,,,,,,,,,,,,,,,,,,,,,,,,,,,,,,,,,,,,,,
52.34278920799261,absorbing,,,,,,,L,91,85,217,228,201,170,371,8,2,317,0.02935500000603497,0.02738854195922613,0.0567435419652611,0.05734474997734651,5512,10732,16,64,False,False,False,False,5512,16,False,512,0.0006,,11824,0,total_elems,5512,10732,1,1,,,,0.0,16,4,5512,532,158,40,,,,,,,,,,,,,,,,,,,,,,,,,,,,,,,,,,,,,,,,,,,,,,,,,,,,,,
52.4417249999824,absorbing,,,,,,,R,91,86,217,228,201,171,372,6,1,318,0.04371450003236532,0.028116833011154085,0.07183133304351941,0.07241249998332933,7012,5092,16,16,False,False,False,False,5092,16,False,512,0.0006,,11824,0,total_elems,7012,5092,1,1,,,,0.0,16,4,5092,508,158,40,,,,,,,,,,,,,,,,,,,,,,,,,,,,,,,,,,,,,,,,,,,,,,,,,,,,,,
52.521370625006966,absorbing,,,,,,,L,92,86,217,228,202,171,373,10,1,319,0.030826332978904247,0.03184541699010879,0.06267174996901304,0.0633195000118576,5092,12016,16,64,False,False,False,False,5092,16,False,512,0.0006,,11824,0,total_elems,5092,12016,1,1,,,,0.0,16,4,5092,544,158,40,,,,,,,,,,,,,,,,,,,,,,,,,,,,,,,,,,,,,,,,,,,,,,,,,,,,,,
52.606663374986965,absorbing,,,,,,,R,92,87,217,228,202,173,375,6,2,321,0.03994070802582428,0.026914582995232195,0.06685529102105647,0.06852483400143683,7132,5032,16,16,False,False,False,False,5032,16,False,512,0.0006,,11824,0,total_elems,7132,5032,1,1,,,,0.0,16,4,5032,502,158,40,,,,,,,,,,,,,,,,,,,,,,,,,,,,,,,,,,,,,,,,,,,,,,,,,,,,,,
52.695793957973365,absorbing,,,,,,,L,93,87,217,228,205,173,378,9,3,324,0.03984358400339261,0.03124866698635742,0.07109225098975003,0.07160979200853035,4576,11608,16,64,False,False,False,False,4576,16,False,512,0.0006,,11824,0,total_elems,4576,11608,1,1,,,,0.0,16,4,4576,550,158,40,,,,,,,,,,,,,,,,,,,,,,,,,,,,,,,,,,,,,,,,,,,,,,,,,,,,,,
52.776194375008345,absorbing,,,,,,,R,93,88,217,228,205,176,381,5,3,327,0.03398995898896828,0.029062165995128453,0.06305212498409674,0.06359358300687745,10168,5056,16,16,False,False,False,False,5056,16,False,512,0.0006,,11824,0,total_elems,10168,5056,1,1,,,,0.0,16,4,5056,508,158,40,,,,,,,,,,,,,,,,,,,,,,,,,,,,,,,,,,,,,,,,,,,,,,,,,,,,,,
52.86186279199319,absorbing,,,,,,,L,94,88,217,228,211,176,387,7,6,333,0.0375500830123201,0.03071633301442489,0.06826641602674499,0.06882291700458154,5560,10936,16,64,False,False,False,False,5560,16,False,512,0.0006,,11824,0,total_elems,5560,10936,1,1,,,,0.0,16,4,5560,616,158,40,,,,,,,,,,,,,,,,,,,,,,,,,,,,,,,,,,,,,,,,,,,,,,,,,,,,,,
52.94085299997823,absorbing,,,,,,,R,94,89,217,228,211,178,389,5,2,335,0.03393074998166412,0.026671708037611097,0.06060245801927522,0.061858833010774106,9004,5788,16,16,False,False,False,False,5788,16,False,512,0.0006,,11824,0,total_elems,9004,5788,1,1,,,,0.0,16,4,5788,592,158,40,,,,,,,,,,,,,,,,,,,,,,,,,,,,,,,,,,,,,,,,,,,,,,,,,,,,,,
53.02356724999845,absorbing,,,,,,,R,94,90,217,228,211,181,392,3,3,338,0.038984416984021664,0.026720292051322758,0.06570470903534442,0.06628958403598517,8944,6220,16,16,False,False,False,False,6220,16,False,512,0.0006,,11824,0,total_elems,8944,6220,1,1,,,,0.0,16,4,6220,574,158,40,,,,,,,,,,,,,,,,,,,,,,,,,,,,,,,,,,,,,,,,,,,,,,,,,,,,,,
53.17173362500034,absorbing,,,,,,,R,94,91,217,228,211,183,394,3,2,340,0.10458220902364701,0.024424124974757433,0.12900633399840444,0.1295420829555951,8764,5656,16,16,False,False,False,False,5656,16,False,512,0.0006,,11824,0,total_elems,8764,5656,1,1,,,,0.0,16,4,5656,532,158,40,,,,,,,,,,,,,,,,,,,,,,,,,,,,,,,,,,,,,,,,,,,,,,,,,,,,,,
53.253286458028015,absorbing,,,,,,,R,94,92,217,228,211,186,397,3,3,343,0.03834787500090897,0.02625220804475248,0.06460008304566145,0.06520091701531783,7876,5632,16,16,False,False,False,False,5632,16,False,512,0.0006,,11824,0,total_elems,7876,5632,1,1,,,,0.0,16,4,5632,526,158,40,,,,,,,,,,,,,,,,,,,,,,,,,,,,,,,,,,,,,,,,,,,,,,,,,,,,,,
53.332536833011545,absorbing,,,,,,,R,94,93,217,228,211,189,400,6,3,346,0.03605120803695172,0.02641404198948294,0.06246525002643466,0.06301599997095764,7600,5860,16,16,False,False,False,False,5860,16,False,512,0.0006,,11824,0,total_elems,7600,5860,1,1,,,,0.0,16,4,5860,556,158,40,,,,,,,,,,,,,,,,,,,,,,,,,,,,,,,,,,,,,,,,,,,,,,,,,,,,,,
53.413170957996044,absorbing,,,,,,,R,94,94,217,228,211,191,402,5,2,348,0.032878292025998235,0.028681958036031574,0.06156025006202981,0.06303858302999288,7576,6496,16,16,False,False,False,False,6496,16,False,512,0.0006,,11824,0,total_elems,7576,6496,1,1,,,,0.0,16,4,6496,598,158,40,,,,,,,,,,,,,,,,,,,,,,,,,,,,,,,,,,,,,,,,,,,,,,,,,,,,,,
53.492078832990956,absorbing,,,,,,,L,95,94,217,228,216,191,407,4,5,353,0.032495666993781924,0.02925716695608571,0.061752833949867636,0.062263542029540986,8776,14432,16,63,False,False,False,False,8776,16,False,512,0.0006,,11824,0,total_elems,8776,14432,1,1,,,,0.0,16,4,8776,628,158,40,,,,,,,,,,,,,,,,,,,,,,,,,,,,,,,,,,,,,,,,,,,,,,,,,,,,,,
53.57332683302229,absorbing,,,,,,,L,96,94,217,228,218,191,409,8,2,355,0.03424850001465529,0.03021854197140783,0.06446704198606312,0.06505695800296962,8752,15908,16,63,False,False,False,False,8752,16,False,512,0.0006,,11824,0,total_elems,8752,15908,1,1,,,,0.0,16,4,8752,622,158,40,,,,,,,,,,,,,,,,,,,,,,,,,,,,,,,,,,,,,,,,,,,,,,,,,,,,,,
53.648818625020795,absorbing,,,,,,,L,97,94,217,228,221,191,412,7,3,358,0.027719334000721574,0.029820208030287176,0.05753954203100875,0.058115041989367455,9808,9832,16,16,False,False,False,False,9808,16,False,512,0.0006,,11824,0,total_elems,9808,9832,1,1,,,,0.0,16,4,9808,652,158,40,,,,,,,,,,,,,,,,,,,,,,,,,,,,,,,,,,,,,,,,,,,,,,,,,,,,,,
53.72208687500097,absorbing,,,,,,,R,97,95,217,228,221,193,414,4,2,360,0.028235542005859315,0.027344000001903623,0.05557954200776294,0.056588167033623904,10432,9856,16,16,False,False,False,False,9856,16,False,512,0.0006,,11824,0,total_elems,10432,9856,1,1,,,,0.0,16,4,9856,664,158,40,,,,,,,,,,,,,,,,,,,,,,,,,,,,,,,,,,,,,,,,,,,,,,,,,,,,,,
53.795567249995656,absorbing,,,,,,,R,97,96,217,228,221,193,414,4,0,360,0.03133550001075491,0.024609040992800146,0.05594454100355506,0.05663237505359575,11344,9312,16,16,False,False,False,False,9312,16,False,512,0.0006,,11824,0,total_elems,11344,9312,1,1,,,,0.0,16,4,9312,654,158,40,,,,,,,,,,,,,,,,,,,,,,,,,,,,,,,,,,,,,,,,,,,,,,,,,,,,,,
53.87209562497446,absorbing,,,,,,,R,97,97,217,228,221,195,416,1,2,362,0.029202707984950393,0.02832024998497218,0.05752295796992257,0.05806466599460691,10728,8604,16,16,False,False,False,False,8604,16,False,512,0.0006,,11824,0,total_elems,10728,8604,1,1,,,,0.0,16,4,8604,644,158,40,,,,,,,,,,,,,,,,,,,,,,,,,,,,,,,,,,,,,,,,,,,,,,,,,,,,,,
53.94436437502736,absorbing,,,,,,,R,97,98,217,228,221,198,419,0,3,365,0.027393374999519438,0.02565925003727898,0.05305262503679842,0.05358845798764378,10212,8316,16,16,False,False,False,False,8316,16,False,512,0.0006,,11824,0,total_elems,10212,8316,1,1,,,,0.0,16,4,8316,626,158,40,,,,,,,,,,,,,,,,,,,,,,,,,,,,,,,,,,,,,,,,,,,,,,,,,,,,,,
54.01772741699824,absorbing,,,,,,,R,97,99,217,228,221,199,420,2,1,366,0.03169070900185034,0.023957874975167215,0.05564858397701755,0.05617366696242243,9312,7740,16,16,False,False,False,False,7740,16,False,512,0.0006,,11824,0,total_elems,9312,7740,1,1,,,,0.0,16,4,7740,626,158,40,,,,,,,,,,,,,,,,,,,,,,,,,,,,,,,,,,,,,,,,,,,,,,,,,,,,,,
54.0873716250062,absorbing,,,,,,,R,97,100,217,228,221,200,421,4,1,367,0.02711708302376792,0.024667334044352174,0.05178441706812009,0.05234216700773686,8064,6492,16,16,False,False,False,False,6492,16,False,512,0.0006,,11824,0,total_elems,8064,6492,1,1,,,,0.0,16,4,6492,590,158,40,,,,,,,,,,,,,,,,,,,,,,,,,,,,,,,,,,,,,,,,,,,,,,,,,,,,,,
54.15469799999846,absorbing,,,,,,,R,97,101,217,228,221,201,422,5,1,368,0.024273874994833022,0.025122666964307427,0.04939654195914045,0.04991274996427819,6720,5148,16,16,False,False,False,False,5148,16,False,512,0.0006,,11824,0,total_elems,6720,5148,1,1,,,,0.0,16,4,5148,552,158,40,,,,,,,,,,,,,,,,,,,,,,,,,,,,,,,,,,,,,,,,,,,,,,,,,,,,,,
54.22229225002229,absorbing,,,,,,,R,97,102,217,228,221,202,423,5,1,369,0.023313125013373792,0.025967707973904908,0.0492808329872787,0.04979787499178201,5436,4928,16,16,False,False,False,False,4928,16,False,512,0.0006,,11824,0,total_elems,5436,4928,1,1,,,,0.0,16,4,4928,542,158,40,,,,,,,,,,,,,,,,,,,,,,,,,,,,,,,,,,,,,,,,,,,,,,,,,,,,,,
54.29301625001244,absorbing,,,,,,,R,97,103,217,228,221,204,425,2,2,371,0.02367224998306483,0.029088584007695317,0.05276083399076015,0.05328216700581834,4044,3844,16,16,False,False,False,False,3844,16,False,512,0.0006,,11824,0,total_elems,4044,3844,1,1,,,,0.0,16,4,3844,516,158,40,,,,,,,,,,,,,,,,,,,,,,,,,,,,,,,,,,,,,,,,,,,,,,,,,,,,,,
54.356475458014756,absorbing,,,,,,,R,97,104,217,228,221,204,425,5,0,371,0.023652167001273483,0.02170712500810623,0.045359292009379715,0.04588320798939094,3612,3556,16,16,False,False,False,False,3556,16,False,512,0.0006,,11824,0,total_elems,3612,3556,1,1,,,,0.0,16,4,3556,488,158,40,,,,,,,,,,,,,,,,,,,,,,,,,,,,,,,,,,,,,,,,,,,,,,,,,,,,,,
54.42070058302488,absorbing,,,,,,,L,98,104,217,228,221,204,425,9,0,371,0.023493457993026823,0.021617540973238647,0.04511099896626547,0.04561024997383356,2988,4936,16,32,False,False,False,False,2988,16,False,512,0.0006,,11824,0,total_elems,2988,4936,1,1,,,,0.0,16,4,2988,488,158,40,,,,,,,,,,,,,,,,,,,,,,,,,,,,,,,,,,,,,,,,,,,,,,,,,,,,,,
54.48959333298262,absorbing,,,,,,,R,98,105,217,228,221,204,425,5,0,371,0.02799137501278892,0.02158458298072219,0.04957595799351111,0.05019570799777284,3388,3216,16,16,False,False,False,False,3216,16,False,512,0.0006,,11824,0,total_elems,3388,3216,1,1,,,,0.0,16,4,3216,480,158,40,,,,,,,,,,,,,,,,,,,,,,,,,,,,,,,,,,,,,,,,,,,,,,,,,,,,,,
54.56359124998562,absorbing,,,,,,,L,99,105,217,228,224,204,428,5,3,374,0.030888540961313993,0.02529100002720952,0.05617954098852351,0.056697499996516854,2908,4848,16,16,False,False,False,False,2908,16,False,512,0.0006,,11824,0,total_elems,2908,4848,1,1,,,,0.0,16,4,2908,470,158,40,,,,,,,,,,,,,,,,,,,,,,,,,,,,,,,,,,,,,,,,,,,,,,,,,,,,,,
54.629828458011616,absorbing,,,,,,,L,100,105,217,228,224,204,428,7,0,374,0.022612874978221953,0.02540791704086587,0.04802079201908782,0.048592958017252386,3352,4396,16,16,False,False,False,False,3352,16,False,512,0.0006,,11824,0,total_elems,3352,4396,1,1,,,,0.0,16,4,3352,500,158,40,,,,,,,,,,,,,,,,,,,,,,,,,,,,,,,,,,,,,,,,,,,,,,,,,,,,,,
54.69545825000387,absorbing,,,,,,,L,101,105,217,228,224,204,428,8,0,374,0.02349266700912267,0.02410983300069347,0.04760250000981614,0.048156875011045486,4444,4480,16,16,False,False,False,False,4444,16,False,512,0.0006,,11824,0,total_elems,4444,4480,1,1,,,,0.0,16,4,4444,534,158,40,,,,,,,,,,,,,,,,,,,,,,,,,,,,,,,,,,,,,,,,,,,,,,,,,,,,,,
54.76426274998812,absorbing,,,,,,,R,101,106,217,228,224,205,429,5,1,375,0.025443208985961974,0.025890833989251405,0.05133404297521338,0.05181816598633304,7192,4708,16,16,False,False,False,False,4708,16,False,512,0.0006,,11824,0,total_elems,7192,4708,1,1,,,,0.0,16,4,4708,514,158,40,,,,,,,,,,,,,,,,,,,,,,,,,,,,,,,,,,,,,,,,,,,,,,,,,,,,,,
54.83329749997938,absorbing,,,,,,,L,102,106,217,228,225,205,430,4,1,376,0.02504337497521192,0.025117708020843565,0.050161082996055484,0.05066229205112904,7100,11272,16,64,False,False,False,False,7100,16,False,512,0.0006,,11824,0,total_elems,7100,11272,1,1,,,,0.0,16,4,7100,608,158,40,,,,,,,,,,,,,,,,,,,,,,,,,,,,,,,,,,,,,,,,,,,,,,,,,,,,,,
54.91135791700799,absorbing,,,,,,,R,102,107,217,228,225,205,430,6,0,376,0.03207966696936637,0.02867783297551796,0.06075749994488433,0.06127145799109712,13724,12800,64,64,False,False,False,False,12800,64,False,512,0.0006,,11824,0,total_elems,13724,12800,1,1,,,,0.0,64,4,12800,674,158,40,,,,,,,,,,,,,,,,,,,,,,,,,,,,,,,,,,,,,,,,,,,,,,,,,,,,,,
55.008435208001174,absorbing,,,,,,,R,102,108,217,228,225,206,431,5,1,377,0.04024675005348399,0.03884945798199624,0.07909620803548023,0.07963070797268301,28640,17668,64,64,False,False,False,False,17668,64,False,512,0.0006,,11824,0,total_elems,28640,17668,1,1,,,,0.0,64,4,17668,688,158,40,,,,,,,,,,,,,,,,,,,,,,,,,,,,,,,,,,,,,,,,,,,,,,,,,,,,,,
55.09916924999561,absorbing,,,,,,,R,102,109,217,228,225,206,431,6,0,377,0.04026566701941192,0.03183570801047608,0.072101375029888,0.0726129169925116,28388,16348,64,64,False,False,False,False,16348,64,False,512,0.0006,,11824,0,total_elems,28388,16348,1,1,,,,0.0,64,4,16348,628,158,40,,,,,,,,,,,,,,,,,,,,,,,,,,,,,,,,,,,,,,,,,,,,,,,,,,,,,,
55.19758350000484,absorbing,,,,,,,R,102,110,217,228,225,207,432,6,1,378,0.04493716696742922,0.033906291995663196,0.07884345896309242,0.07946133299265057,26996,17392,64,64,False,False,False,False,17392,64,False,512,0.0006,,11824,0,total_elems,26996,17392,1,1,,,,0.0,64,4,17392,664,158,40,,,,,,,,,,,,,,,,,,,,,,,,,,,,,,,,,,,,,,,,,,,,,,,,,,,,,,
55.299911083013285,absorbing,,,,,,,R,102,111,217,228,225,209,434,6,2,380,0.04150808299891651,0.04135150002548471,0.08285958302440122,0.08413600001949817,28304,12652,64,32,False,False,False,False,12652,32,False,512,0.0006,,11824,0,total_elems,28304,12652,1,1,,,,0.0,32,4,12652,654,158,40,,,,,,,,,,,,,,,,,,,,,,,,,,,,,,,,,,,,,,,,,,,,,,,,,,,,,,
55.38498020800762,absorbing,,,,,,,R,102,112,217,228,225,211,436,6,2,382,0.03699262498412281,0.029046874959021807,0.06603949994314462,0.0671024170005694,19084,16168,64,32,False,False,False,False,16168,32,False,512,0.0006,,11824,0,total_elems,19084,16168,1,1,,,,0.0,32,4,16168,732,158,40,,,,,,,,,,,,,,,,,,,,,,,,,,,,,,,,,,,,,,,,,,,,,,,,,,,,,,
55.48541841702536,absorbing,,,,,,,L,103,112,217,228,228,211,439,5,3,385,0.037220750004053116,0.04382270900532603,0.08104345900937915,0.08159549999982119,22540,33736,64,64,False,False,False,False,22540,64,False,512,0.0006,,11824,0,total_elems,22540,33736,1,1,,,,0.0,64,4,22540,808,158,40,,,,,,,,,,,,,,,,,,,,,,,,,,,,,,,,,,,,,,,,,,,,,,,,,,,,,,
55.60914237500401,absorbing,,,,,,,L,104,112,217,228,232,211,443,5,4,389,0.05896616698009893,0.0453456660034135,0.10431183298351243,0.10484983399510384,31400,45408,64,64,False,False,False,False,31400,64,False,512,0.0006,,11824,0,total_elems,31400,45408,1,1,,,,0.0,64,4,31400,860,158,40,,,,,,,,,,,,,,,,,,,,,,,,,,,,,,,,,,,,,,,,,,,,,,,,,,,,,,
55.7342323330231,absorbing,,,,,,,L,105,112,217,228,236,211,447,3,4,393,0.05687812500400469,0.05007562501123175,0.10695375001523644,0.10749766702065244,31032,49888,64,64,False,False,False,False,31032,64,False,512,0.0006,,11824,0,total_elems,31032,49888,1,1,,,,0.0,64,4,31032,834,158,40,,,,,,,,,,,,,,,,,,,,,,,,,,,,,,,,,,,,,,,,,,,,,,,,,,,,,,
55.838746958004776,absorbing,,,,,,,L,106,112,217,228,237,211,448,6,1,394,0.037599542003590614,0.04800354200415313,0.08560308400774375,0.08644562499830499,31476,50136,64,64,False,False,False,False,31476,64,False,512,0.0006,,11824,0,total_elems,31476,50136,1,1,,,,0.0,64,4,31476,864,158,40,,,,,,,,,,,,,,,,,,,,,,,,,,,,,,,,,,,,,,,,,,,,,,,,,,,,,,
55.94058574998053,absorbing,,,,,,,L,107,112,217,228,237,211,448,8,0,394,0.03666208399226889,0.04727212496800348,0.08393420896027237,0.08451945800334215,31352,51096,64,64,False,False,False,False,31352,64,False,512,0.0006,,11824,0,total_elems,31352,51096,1,1,,,,0.0,64,4,31352,856,158,40,,,,,,,,,,,,,,,,,,,,,,,,,,,,,,,,,,,,,,,,,,,,,,,,,,,,,,
56.0604078330216,absorbing,,,,,,,L,108,112,217,228,238,211,449,7,1,395,0.05468904197914526,0.04720816697226837,0.10189720895141363,0.10239766701124609,16216,50552,64,64,False,False,False,False,16216,64,False,512,0.0006,,11824,0,total_elems,16216,50552,1,1,,,,0.0,64,4,16216,780,158,40,,,,,,,,,,,,,,,,,,,,,,,,,,,,,,,,,,,,,,,,,,,,,,,,,,,,,,
56.155727292003576,absorbing,,,,,,,L,109,112,217,228,242,211,453,5,4,399,0.03728970902739093,0.039377791981678456,0.07666750100906938,0.07720316597260535,9780,34328,16,64,False,False,False,False,9780,16,False,512,0.0006,,11824,0,total_elems,9780,34328,1,1,,,,0.0,16,4,9780,712,158,40,,,,,,,,,,,,,,,,,,,,,,,,,,,,,,,,,,,,,,,,,,,,,,,,,,,,,,
56.23523462499725,absorbing,,,,,,,L,110,112,217,228,243,211,454,7,1,400,0.028839292004704475,0.03254708298482001,0.061386374989524484,0.061921375046949834,9200,18004,16,64,False,False,False,False,9200,16,False,512,0.0006,,11824,0,total_elems,9200,18004,1,1,,,,0.0,16,4,9200,714,158,40,,,,,,,,,,,,,,,,,,,,,,,,,,,,,,,,,,,,,,,,,,,,,,,,,,,,,,
56.31660858297255,absorbing,,,,,,,L,111,112,217,228,246,211,457,5,3,403,0.030669250001665205,0.03236554202158004,0.06303479202324525,0.06353866698918864,9772,10096,16,16,False,False,False,False,9772,16,False,512,0.0006,,11824,0,total_elems,9772,10096,1,1,,,,0.0,16,4,9772,724,158,40,,,,,,,,,,,,,,,,,,,,,,,,,,,,,,,,,,,,,,,,,,,,,,,,,,,,,,
56.39213104202645,absorbing,,,,,,,L,112,112,217,228,247,211,458,6,1,404,0.02506208303384483,0.031381958979181945,0.056444042013026774,0.05698316701455042,10512,10780,16,16,False,False,False,False,10512,16,False,512,0.0006,,11824,0,total_elems,10512,10780,1,1,,,,0.0,16,4,10512,736,158,40,,,,,,,,,,,,,,,,,,,,,,,,,,,,,,,,,,,,,,,,,,,,,,,,,,,,,,
56.47485624998808,absorbing,,,,,,,R,112,113,217,228,247,215,462,5,4,408,0.028492082958109677,0.03524966700933874,0.06374174996744841,0.06425950000993907,12812,10808,16,16,False,False,False,False,10808,16,False,512,0.0006,,11824,0,total_elems,12812,10808,1,1,,,,0.0,16,4,10808,754,158,40,,,,,,,,,,,,,,,,,,,,,,,,,,,,,,,,,,,,,,,,,,,,,,,,,,,,,,
56.56200733297737,absorbing,,,,,,,L,113,113,217,228,250,215,465,6,3,411,0.0309843749855645,0.033802582998760045,0.06478695798432454,0.06530150002799928,11884,16504,16,64,False,False,False,False,11884,16,False,512,0.0006,,11824,0,total_elems,11884,16504,1,1,,,,0.0,16,4,11884,784,158,40,,,,,,,,,,,,,,,,,,,,,,,,,,,,,,,,,,,,,,,,,,,,,,,,,,,,,,
56.667218999995384,absorbing,,,,,,,L,114,113,217,228,251,215,466,4,1,412,0.04398512502666563,0.039143749978393316,0.08312887500505894,0.08526416699169204,11880,17580,16,64,False,False,False,False,11880,16,False,512,0.0006,,11824,0,total_elems,11880,17580,1,1,,,,0.0,16,4,11880,768,158,40,,,,,,,,,,,,,,,,,,,,,,,,,,,,,,,,,,,,,,,,,,,,,,,,,,,,,,
56.76945124997292,absorbing,,,,,,,R,114,114,217,228,251,216,467,7,1,413,0.04066295799566433,0.039849958033300936,0.08051291602896526,0.08210341702215374,24264,17064,64,64,False,False,False,False,17064,64,False,512,0.0006,,11824,0,total_elems,24264,17064,1,1,,,,0.0,64,4,17064,840,158,40,,,,,,,,,,,,,,,,,,,,,,,,,,,,,,,,,,,,,,,,,,,,,,,,,,,,,,
56.879999957978725,absorbing,,,,,,,L,115,114,217,228,252,216,468,4,1,414,0.04396183404605836,0.04537795903161168,0.08933979307767004,0.09099712502211332,17160,18024,64,64,False,False,False,False,17160,64,False,512,0.0006,,11824,0,total_elems,17160,18024,1,1,,,,0.0,64,4,17160,846,158,40,,,,,,,,,,,,,,,,,,,,,,,,,,,,,,,,,,,,,,,,,,,,,,,,,,,,,,
56.9704844999942,absorbing,,,,,,,R,115,115,217,228,252,217,469,9,1,415,0.032370916043873876,0.03685033298097551,0.06922124902484939,0.06980329100042582,18504,13128,64,16,False,False,False,False,13128,16,False,512,0.0006,,11824,0,total_elems,18504,13128,1,1,,,,0.0,16,4,13128,798,158,40,,,,,,,,,,,,,,,,,,,,,,,,,,,,,,,,,,,,,,,,,,,,,,,,,,,,,,
57.045773625024594,absorbing,,,,,,,R,115,116,217,228,252,218,470,10,1,416,0.025224583048839122,0.030804666981566697,0.05602925003040582,0.05664575000992045,13128,12456,16,16,False,False,False,False,12456,16,False,512,0.0006,,11824,0,total_elems,13128,12456,1,1,,,,0.0,16,4,12456,792,158,40,,,,,,,,,,,,,,,,,,,,,,,,,,,,,,,,,,,,,,,,,,,,,,,,,,,,,,
57.126403041998856,absorbing,,,,,,,R,115,117,217,228,252,220,472,8,2,418,0.02606750000268221,0.03409070800989866,0.06015820801258087,0.06074687500949949,12456,11412,16,16,False,False,False,False,11412,16,False,512,0.0006,,11824,0,total_elems,12456,11412,1,1,,,,0.0,16,4,11412,768,158,40,,,,,,,,,,,,,,,,,,,,,,,,,,,,,,,,,,,,,,,,,,,,,,,,,,,,,,
57.2230971250101,absorbing,,,,,,,L,116,117,217,228,252,220,472,5,0,418,0.026930166990496218,0.04939258296508342,0.07632274995557964,0.0768584159668535,10452,15084,16,16,False,False,False,False,10452,16,False,512,0.0006,,11824,0,total_elems,10452,15084,1,1,,,,0.0,16,4,10452,744,158,40,,,,,,,,,,,,,,,,,,,,,,,,,,,,,,,,,,,,,,,,,,,,,,,,,,,,,,
57.38692420802545,absorbing,,,,,,,L,117,117,217,228,252,220,472,3,0,418,0.038177457987330854,0.09788100002333522,0.13605845801066607,0.13676849997136742,9048,14124,16,16,False,False,False,False,9048,16,False,512,0.0006,,11824,0,total_elems,9048,14124,1,1,,,,0.0,16,4,9048,690,158,40,,,,,,,,,,,,,,,,,,,,,,,,,,,,,,,,,,,,,,,,,,,,,,,,,,,,,,
57.4693669169792,absorbing,,,,,,,L,118,117,217,228,253,220,473,3,1,419,0.025836166983935982,0.034530040982645005,0.06036620796658099,0.060957832960411906,9048,11472,16,16,False,False,False,False,9048,16,False,512,0.0006,,11824,0,total_elems,9048,11472,1,1,,,,0.0,16,4,9048,690,158,40,,,,,,,,,,,,,,,,,,,,,,,,,,,,,,,,,,,,,,,,,,,,,,,,,,,,,,
57.55222574999789,absorbing,,,,,,,L,119,117,217,228,255,220,475,2,2,421,0.03225220798049122,0.029787874955218285,0.062040082935709506,0.0625623749801889,10392,10608,16,16,False,False,False,False,10392,16,False,512,0.0006,,11824,0,total_elems,10392,10608,1,1,,,,0.0,16,4,10392,738,158,40,,,,,,,,,,,,,,,,,,,,,,,,,,,,,,,,,,,,,,,,,,,,,,,,,,,,,,
57.633710958005395,absorbing,,,,,,,R,119,118,217,228,255,224,479,7,4,425,0.027681624982506037,0.03303175000473857,0.060713374987244606,0.06122999999206513,11928,10224,16,16,False,False,False,False,10224,16,False,512,0.0006,,11824,0,total_elems,11928,10224,1,1,,,,0.0,16,4,10224,696,158,40,,,,,,,,,,,,,,,,,,,,,,,,,,,,,,,,,,,,,,,,,,,,,,,,,,,,,,
57.71974870801205,absorbing,,,,,,,L,120,118,217,228,256,224,480,3,1,426,0.031291334016714245,0.035099250031635165,0.06639058404834941,0.0669225410092622,9648,10668,16,16,False,False,False,False,9648,16,False,512,0.0006,,11824,0,total_elems,9648,10668,1,1,,,,0.0,16,4,9648,696,158,40,,,,,,,,,,,,,,,,,,,,,,,,,,,,,,,,,,,,,,,,,,,,,,,,,,,,,,
57.80741437501274,absorbing,,,,,,,R,120,119,217,228,256,228,484,7,4,430,0.033624458010308444,0.03282166598364711,0.06644612399395555,0.06696958298562095,10032,9804,16,16,False,False,False,False,9804,16,False,512,0.0006,,11824,0,total_elems,10032,9804,1,1,,,,0.0,16,4,9804,708,158,40,,,,,,,,,,,,,,,,,,,,,,,,,,,,,,,,,,,,,,,,,,,,,,,,,,,,,,
57.89991545799421,absorbing,,,,,,,R,120,120,217,228,256,231,487,6,3,433,0.03508404199965298,0.03745966701535508,0.07254370901500806,0.07310220797080547,9420,8880,16,16,False,False,False,False,8880,16,False,512,0.0006,,11824,0,total_elems,9420,8880,1,1,,,,0.0,16,4,8880,684,158,40,,,,,,,,,,,,,,,,,,,,,,,,,,,,,,,,,,,,,,,,,,,,,,,,,,,,,,
57.99185445799958,absorbing,,,,,,,L,121,120,217,228,258,231,489,3,2,435,0.03399483300745487,0.03613720799330622,0.07013204100076109,0.07073099998524413,7536,9816,16,16,False,False,False,False,7536,16,False,512,0.0006,,11824,0,total_elems,7536,9816,1,1,,,,0.0,16,4,7536,636,158,40,,,,,,,,,,,,,,,,,,,,,,,,,,,,,,,,,,,,,,,,,,,,,,,,,,,,,,
58.08156008302467,absorbing,,,,,,,R,121,121,217,228,258,235,493,5,4,439,0.035465958004351705,0.032525749993510544,0.06799170799786225,0.06855270900996402,8496,6936,16,16,False,False,False,False,6936,16,False,512,0.0006,,11824,0,total_elems,8496,6936,1,1,,,,0.0,16,4,6936,630,158,40,,,,,,,,,,,,,,,,,,,,,,,,,,,,,,,,,,,,,,,,,,,,,,,,,,,,,,
58.16292858298402,absorbing,,,,,,,R,121,122,217,228,258,236,494,5,1,440,0.03523970802780241,0.025401541031897068,0.060641249059699476,0.061867083015386015,8472,6616,16,16,False,False,False,False,6616,16,False,512,0.0006,,11824,0,total_elems,8472,6616,1,1,,,,0.0,16,4,6616,646,158,40,,,,,,,,,,,,,,,,,,,,,,,,,,,,,,,,,,,,,,,,,,,,,,,,,,,,,,
58.24399495800026,absorbing,,,,,,,L,122,122,217,228,259,236,495,4,1,441,0.031000707997009158,0.029652707977220416,0.060653415974229574,0.06118062499444932,7576,12984,16,32,False,False,False,False,7576,16,False,512,0.0006,,11824,0,total_elems,7576,12984,1,1,,,,0.0,16,4,7576,670,158,40,,,,,,,,,,,,,,,,,,,,,,,,,,,,,,,,,,,,,,,,,,,,,,,,,,,,,,
58.32498687499901,absorbing,,,,,,,L,123,122,217,228,260,236,496,4,1,442,0.02886508300434798,0.03163508395664394,0.06050016696099192,0.061027833027765155,8728,17080,16,64,False,False,False,False,8728,16,False,512,0.0006,,11824,0,total_elems,8728,17080,1,1,,,,0.0,16,4,8728,670,158,40,,,,,,,,,,,,,,,,,,,,,,,,,,,,,,,,,,,,,,,,,,,,,,,,,,,,,,
58.413083375024144,absorbing,,,,,,,L,124,122,217,228,261,236,497,5,1,443,0.03349574998719618,0.03517808299511671,0.06867383298231289,0.06918633304303512,9688,18232,16,64,False,False,False,False,9688,16,False,512,0.0006,,11824,0,total_elems,9688,18232,1,1,,,,0.0,16,4,9688,694,158,40,,,,,,,,,,,,,,,,,,,,,,,,,,,,,,,,,,,,,,,,,,,,,,,,,,,,,,
58.506506000005174,absorbing,,,,,,,R,124,123,217,228,261,239,500,4,3,446,0.03829733398742974,0.03410579200135544,0.07240312598878518,0.07312837499193847,14488,12088,64,16,False,False,False,False,12088,16,False,512,0.0006,,11824,0,total_elems,14488,12088,1,1,,,,0.0,16,4,12088,736,158,40,,,,,,,,,,,,,,,,,,,,,,,,,,,,,,,,,,,,,,,,,,,,,,,,,,,,,,
58.6050890419865,absorbing,,,,,,,L,125,123,217,228,263,239,502,6,2,448,0.04418595798779279,0.03442429198184982,0.07861024996964261,0.07916025002487004,16312,18512,64,64,False,False,False,False,16312,64,False,512,0.0006,,11824,0,total_elems,16312,18512,1,1,,,,0.0,64,4,16312,784,158,40,,,,,,,,,,,,,,,,,,,,,,,,,,,,,,,,,,,,,,,,,,,,,,,,,,,,,,
58.70396170800086,absorbing,,,,,,,R,125,124,217,228,263,241,504,5,2,450,0.04070670896908268,0.03750725003192201,0.0782139590010047,0.07876845897408202,16728,16592,64,64,False,False,False,False,16592,64,False,512,0.0006,,11824,0,total_elems,16728,16592,1,1,,,,0.0,64,4,16592,788,158,40,,,,,,,,,,,,,,,,,,,,,,,,,,,,,,,,,,,,,,,,,,,,,,,,,,,,,,
58.8048040830181,absorbing,,,,,,,R,125,125,217,228,263,241,504,6,0,450,0.03915145801147446,0.039368083991575986,0.07851954200305045,0.07916412502527237,16400,16208,64,64,False,False,False,False,16208,64,False,512,0.0006,,11824,0,total_elems,16400,16208,1,1,,,,0.0,64,4,16208,764,158,40,,,,,,,,,,,,,,,,,,,,,,,,,,,,,,,,,,,,,,,,,,,,,,,,,,,,,,
58.895899957977235,absorbing,,,,,,,L,126,125,217,228,265,241,506,6,2,452,0.038046292029321194,0.031590958999004215,0.06963725102832541,0.07017204200383276,15392,17752,64,64,False,False,False,False,15392,64,False,512,0.0006,,11824,0,total_elems,15392,17752,1,1,,,,0.0,64,4,15392,746,158,40,,,,,,,,,,,,,,,,,,,,,,,,,,,,,,,,,,,,,,,,,,,,,,,,,,,,,,
58.98017470800551,absorbing,,,,,,,L,127,125,217,228,266,241,507,3,1,453,0.03286883304826915,0.029651124961674213,0.06251995800994337,0.06304112501675263,13976,17048,64,64,False,False,False,False,13976,64,False,512,0.0006,,11824,0,total_elems,13976,17048,1,1,,,,0.0,64,4,13976,724,158,40,,,,,,,,,,,,,,,,,,,,,,,,,,,,,,,,,,,,,,,,,,,,,,,,,,,,,,
59.06950412498554,absorbing,,,,,,,L,128,125,217,228,269,241,510,2,3,456,0.03967370803002268,0.028952166030649096,0.06862587406067178,0.06917475000955164,7896,15152,16,64,False,False,False,False,7896,16,False,512,0.0006,,11824,0,total_elems,7896,15152,1,1,,,,0.0,16,4,7896,644,158,40,,,,,,,,,,,,,,,,,,,,,,,,,,,,,,,,,,,,,,,,,,,,,,,,,,,,,,
59.13869745802367,absorbing,,,,,,,L,129,125,217,228,270,241,511,5,1,457,0.025265291973482817,0.022943374991882592,0.04820866696536541,0.04874195798765868,7608,9264,16,16,False,False,False,False,7608,16,False,512,0.0006,,11824,0,total_elems,7608,9264,1,1,,,,0.0,16,4,7608,628,158,40,,,,,,,,,,,,,,,,,,,,,,,,,,,,,,,,,,,,,,,,,,,,,,,,,,,,,,
59.208178957982454,absorbing,,,,,,,L,130,125,217,228,271,241,512,8,1,458,0.025599334039725363,0.023490541032515466,0.04908987507224083,0.04959483299171552,8052,9240,16,16,False,False,False,False,8052,16,False,512,0.0006,,11824,0,total_elems,8052,9240,1,1,,,,0.0,16,4,8052,646,158,40,,,,,,,,,,,,,,,,,,,,,,,,,,,,,,,,,,,,,,,,,,,,,,,,,,,,,,
59.28413504199125,absorbing,,,,,,,R,130,126,217,228,271,242,513,7,1,459,0.0299761249916628,0.025152749964036047,0.05512887495569885,0.055650875030551106,11408,9588,16,16,False,False,False,False,9588,16,False,512,0.0006,,11824,0,total_elems,11408,9588,1,1,,,,0.0,16,4,9588,674,158,40,,,,,,,,,,,,,,,,,,,,,,,,,,,,,,,,,,,,,,,,,,,,,,,,,,,,,,
59.36776558298152,absorbing,,,,,,,R,130,127,217,228,271,244,515,9,2,461,0.03195087501080707,0.030632290989160538,0.0625831659999676,0.06309399998281151,10992,10908,16,16,False,False,False,False,10908,16,False,512,0.0006,,11824,0,total_elems,10992,10908,1,1,,,,0.0,16,4,10908,684,158,40,,,,,,,,,,,,,,,,,,,,,,,,,,,,,,,,,,,,,,,,,,,,,,,,,,,,,,
59.45641320798313,absorbing,,,,,,,L,131,127,217,228,273,244,517,5,2,463,0.03138016699813306,0.03616137499921024,0.0675415419973433,0.06808462500339374,11860,19552,16,64,False,False,False,False,11860,16,False,512,0.0006,,11824,0,total_elems,11860,19552,1,1,,,,0.0,16,4,11860,724,158,40,,,,,,,,,,,,,,,,,,,,,,,,,,,,,,,,,,,,,,,,,,,,,,,,,,,,,,
59.55997845798265,absorbing,,,,,,,R,131,128,217,228,273,247,520,8,3,466,0.04430833301739767,0.0379305420210585,0.08223887503845617,0.08337200002279133,32464,13684,64,16,False,False,False,False,13684,16,False,512,0.0006,,11824,0,total_elems,32464,13684,1,1,,,,0.0,16,4,13684,766,158,40,,,,,,,,,,,,,,,,,,,,,,,,,,,,,,,,,,,,,,,,,,,,,,,,,,,,,,
59.66649695800152,absorbing,,,,,,,R,131,129,217,228,273,249,522,5,2,468,0.04713229101616889,0.037133708014152944,0.08426599903032184,0.08495070796925575,33712,20632,64,64,False,False,False,False,20632,64,False,512,0.0006,,11824,0,total_elems,33712,20632,1,1,,,,0.0,64,4,20632,874,158,40,,,,,,,,,,,,,,,,,,,,,,,,,,,,,,,,,,,,,,,,,,,,,,,,,,,,,,
59.7795282920124,absorbing,,,,,,,L,132,129,217,228,277,249,526,3,4,472,0.045834041957277805,0.04578237503301352,0.09161641699029133,0.09213091601850465,36052,42016,64,64,False,False,False,False,36052,64,False,512,0.0006,,11824,0,total_elems,36052,42016,1,1,,,,0.0,64,4,36052,976,158,40,,,,,,,,,,,,,,,,,,,,,,,,,,,,,,,,,,,,,,,,,,,,,,,,,,,,,,
59.89141224999912,absorbing,,,,,,,L,133,129,217,228,277,249,526,7,0,472,0.03984316700370982,0.05089975002920255,0.09074291703291237,0.09127899998566136,33940,48280,64,64,False,False,False,False,33940,64,False,512,0.0006,,11824,0,total_elems,33940,48280,1,1,,,,0.0,64,4,33940,952,158,40,,,,,,,,,,,,,,,,,,,,,,,,,,,,,,,,,,,,,,,,,,,,,,,,,,,,,,
60.013046582986135,absorbing,,,,,,,R,133,130,217,228,277,252,529,5,3,475,0.050764292012900114,0.049429666018113494,0.10019395803101361,0.10072287498041987,48876,41560,64,64,False,False,False,False,41560,64,False,512,0.0006,,11824,0,total_elems,48876,41560,1,1,,,,0.0,64,4,41560,1066,158,40,,,,,,,,,,,,,,,,,,,,,,,,,,,,,,,,,,,,,,,,,,,,,,,,,,,,,,
60.15283287502825,absorbing,,,,,,,R,133,131,217,228,277,255,532,6,3,478,0.061905750015284866,0.05647474998841062,0.11838050000369549,0.11937104200478643,64560,32380,64,64,False,False,False,False,32380,64,False,512,0.0006,,11824,0,total_elems,64560,32380,1,1,,,,0.0,64,4,32380,1066,158,40,,,,,,,,,,,,,,,,,,,,,,,,,,,,,,,,,,,,,,,,,,,,,,,,,,,,,,
60.281765624997206,absorbing,,,,,,,R,133,132,217,228,277,257,534,8,2,480,0.05603824998252094,0.05092254199553281,0.10696079197805375,0.10750008304603398,50796,42724,64,64,False,False,False,False,42724,64,False,512,0.0006,,11824,0,total_elems,50796,42724,1,1,,,,0.0,64,4,42724,1060,158,40,,,,,,,,,,,,,,,,,,,,,,,,,,,,,,,,,,,,,,,,,,,,,,,,,,,,,,
60.44691691698972,absorbing,,,,,,,L,134,132,217,228,278,257,535,4,1,481,0.07051895896438509,0.07318687497172505,0.14370583393611014,0.14423949999036267,41020,57340,64,64,False,False,False,False,41020,64,False,512,0.0006,,11824,0,total_elems,41020,57340,1,1,,,,0.0,64,4,41020,1066,158,40,,,,,,,,,,,,,,,,,,,,,,,,,,,,,,,,,,,,,,,,,,,,,,,,,,,,,,
60.57519358297577,absorbing,,,,,,,L,135,132,217,228,279,257,536,3,1,482,0.048191041976679116,0.05706683301832527,0.10525787499500439,0.10636924998834729,40060,43492,64,64,False,False,False,False,40060,64,False,512,0.0006,,11824,0,total_elems,40060,43492,1,1,,,,0.0,64,4,40060,1042,158,40,,,,,,,,,,,,,,,,,,,,,,,,,,,,,,,,,,,,,,,,,,,,,,,,,,,,,,
60.71174941700883,absorbing,,,,,,,L,136,132,217,228,280,257,537,4,1,483,0.052723541972227395,0.05941049999091774,0.11213404196314514,0.11352058395277709,39964,41956,64,64,False,False,False,False,39964,64,False,512,0.0006,,11824,0,total_elems,39964,41956,1,1,,,,0.0,64,4,39964,1036,158,40,,,,,,,,,,,,,,,,,,,,,,,,,,,,,,,,,,,,,,,,,,,,,,,,,,,,,,
60.84237429202767,absorbing,,,,,,,L,137,132,217,228,280,257,537,5,0,483,0.04333095799665898,0.0633812079904601,0.10671216598711908,0.10816987499129027,39520,42148,64,64,False,False,False,False,39520,64,False,512,0.0006,,11824,0,total_elems,39520,42148,1,1,,,,0.0,64,4,39520,1006,158,40,,,,,,,,,,,,,,,,,,,,,,,,,,,,,,,,,,,,,,,,,,,,,,,,,,,,,,
60.98406754201278,absorbing,,,,,,,L,138,132,217,228,280,257,537,5,0,483,0.05447533301776275,0.06376458297017962,0.11823991598794237,0.1200646249926649,25600,41092,64,64,False,False,False,False,25600,64,False,512,0.0006,,11824,0,total_elems,25600,41092,1,1,,,,0.0,64,4,25600,928,158,40,,,,,,,,,,,,,,,,,,,,,,,,,,,,,,,,,,,,,,,,,,,,,,,,,,,,,,
61.09694870800013,absorbing,,,,,,,R,138,133,217,228,280,260,540,9,3,486,0.03299037495162338,0.057143583020661026,0.0901339579722844,0.09115300001576543,31684,31048,64,64,False,False,False,False,31048,64,False,512,0.0006,,11824,0,total_elems,31684,31048,1,1,,,,0.0,64,4,31048,976,158,40,,,,,,,,,,,,,,,,,,,,,,,,,,,,,,,,,,,,,,,,,,,,,,,,,,,,,,
61.21238916699076,absorbing,,,,,,,R,138,134,217,228,280,260,540,10,0,486,0.046012000006157905,0.046756875002756715,0.09276887500891462,0.0942181660211645,46348,35908,64,64,False,False,False,False,35908,64,False,512,0.0006,,11824,0,total_elems,46348,35908,1,1,,,,0.0,64,4,35908,958,158,40,,,,,,,,,,,,,,,,,,,,,,,,,,,,,,,,,,,,,,,,,,,,,,,,,,,,,,
61.32069754198892,absorbing,,,,,,,L,139,134,217,228,280,260,540,5,0,486,0.03985800000373274,0.04619591700611636,0.0860539170098491,0.08659750001970679,35080,44068,64,64,False,False,False,False,35080,64,False,512,0.0006,,11824,0,total_elems,35080,44068,1,1,,,,0.0,64,4,35080,904,158,40,,,,,,,,,,,,,,,,,,,,,,,,,,,,,,,,,,,,,,,,,,,,,,,,,,,,,,
61.437764875008725,absorbing,,,,,,,L,140,134,217,228,281,260,541,6,1,487,0.04687249998096377,0.04776325001148507,0.09463574999244884,0.09523216699017212,35080,40900,64,64,False,False,False,False,35080,64,False,512,0.0006,,11824,0,total_elems,35080,40900,1,1,,,,0.0,64,4,35080,904,158,40,,,,,,,,,,,,,,,,,,,,,,,,,,,,,,,,,,,,,,,,,,,,,,,,,,,,,,
61.55110370798502,absorbing,,,,,,,L,141,134,217,228,282,260,542,8,1,488,0.0415285830385983,0.04881549999117851,0.09034408302977681,0.0910092499689199,33544,33604,64,64,False,False,False,False,33544,64,False,512,0.0006,,11824,0,total_elems,33544,33604,1,1,,,,0.0,64,4,33544,880,158,40,,,,,,,,,,,,,,,,,,,,,,,,,,,,,,,,,,,,,,,,,,,,,,,,,,,,,,
61.68309574999148,absorbing,,,,,,,L,142,134,217,228,287,260,547,3,5,493,0.0636066670413129,0.045523750013671815,0.10913041705498472,0.10973258403828368,19360,32068,64,64,False,False,False,False,19360,64,False,512,0.0006,,11824,0,total_elems,19360,32068,1,1,,,,0.0,64,4,19360,826,158,40,,,,,,,,,,,,,,,,,,,,,,,,,,,,,,,,,,,,,,,,,,,,,,,,,,,,,,
61.774477750004735,absorbing,,,,,,,R,142,135,217,228,287,263,550,6,3,496,0.029760750010609627,0.039730124990455806,0.06949087500106543,0.07009979197755456,20704,16192,64,64,False,False,False,False,16192,64,False,512,0.0006,,11824,0,total_elems,20704,16192,1,1,,,,0.0,64,4,16192,772,158,40,,,,,,,,,,,,,,,,,,,,,,,,,,,,,,,,,,,,,,,,,,,,,,,,,,,,,,
61.85921554197557,absorbing,,,,,,,L,143,135,217,228,287,263,550,7,0,496,0.0273407920030877,0.03577833401504904,0.06311912601813674,0.06366758403601125,16960,20352,64,64,False,False,False,False,16960,64,False,512,0.0006,,11824,0,total_elems,16960,20352,1,1,,,,0.0,64,4,16960,820,158,40,,,,,,,,,,,,,,,,,,,,,,,,,,,,,,,,,,,,,,,,,,,,,,,,,,,,,,
61.94754112500232,absorbing,,,,,,,L,144,135,217,228,288,263,551,7,1,497,0.03157362499041483,0.03429016604786739,0.06586379103828222,0.06640195898944512,20052,20388,64,64,False,False,False,False,20052,64,False,512,0.0006,,11824,0,total_elems,20052,20388,1,1,,,,0.0,64,4,20052,870,158,40,,,,,,,,,,,,,,,,,,,,,,,,,,,,,,,,,,,,,,,,,,,,,,,,,,,,,,
62.04281179199461,absorbing,,,,,,,R,144,136,217,228,288,263,551,9,0,497,0.03622012498090044,0.03716645803069696,0.0733865830115974,0.07391762500628829,26328,21944,64,64,False,False,False,False,21944,64,False,512,0.0006,,11824,0,total_elems,26328,21944,1,1,,,,0.0,64,4,21944,854,158,40,,,,,,,,,,,,,,,,,,,,,,,,,,,,,,,,,,,,,,,,,,,,,,,,,,,,,,
62.14219204202527,absorbing,,,,,,,R,144,137,217,228,288,266,554,5,3,500,0.037355749984271824,0.03926633298397064,0.07662208296824247,0.07726087502669543,23448,21812,64,64,False,False,False,False,21812,64,False,512,0.0006,,11824,0,total_elems,23448,21812,1,1,,,,0.0,64,4,21812,850,158,40,,,,,,,,,,,,,,,,,,,,,,,,,,,,,,,,,,,,,,,,,,,,,,,,,,,,,,
62.236934582993854,absorbing,,,,,,,R,144,138,217,228,288,268,556,6,2,502,0.03221979096997529,0.039145999995525926,0.07136579096550122,0.07189587503671646,24164,19908,64,64,False,False,False,False,19908,64,False,512,0.0006,,11824,0,total_elems,24164,19908,1,1,,,,0.0,64,4,19908,854,158,40,,,,,,,,,,,,,,,,,,,,,,,,,,,,,,,,,,,,,,,,,,,,,,,,,,,,,,
62.38156470801914,absorbing,,,,,,,R,144,139,217,228,288,268,556,7,0,502,0.05425545800244436,0.06734229199355468,0.12159774999599904,0.12264541699551046,24228,18924,64,64,False,False,False,False,18924,64,False,512,0.0006,,11824,0,total_elems,24228,18924,1,1,,,,0.0,64,4,18924,824,158,40,,,,,,,,,,,,,,,,,,,,,,,,,,,,,,,,,,,,,,,,,,,,,,,,,,,,,,
62.51805462501943,absorbing,,,,,,,R,144,140,217,228,288,268,556,8,0,502,0.04602062498452142,0.05132991599384695,0.09735054097836837,0.09796824998920783,23172,17792,64,64,False,False,False,False,17792,64,False,512,0.0006,,11824,0,total_elems,23172,17792,1,1,,,,0.0,64,4,17792,788,158,40,,,,,,,,,,,,,,,,,,,,,,,,,,,,,,,,,,,,,,,,,,,,,,,,,,,,,,
62.62587808299577,absorbing,,,,,,,L,145,140,217,228,289,268,557,8,1,503,0.037001124990638345,0.048078584019094706,0.08507970900973305,0.08566916600102559,22508,24668,64,64,False,False,False,False,22508,64,False,512,0.0006,,11824,0,total_elems,22508,24668,1,1,,,,0.0,64,4,22508,836,158,40,,,,,,,,,,,,,,,,,,,,,,,,,,,,,,,,,,,,,,,,,,,,,,,,,,,,,,
62.75386304198764,absorbing,,,,,,,L,146,140,217,228,291,268,559,6,2,505,0.049454999971203506,0.05374304100405425,0.10319804097525775,0.104179416957777,23316,38336,64,64,False,False,False,False,23316,64,False,512,0.0006,,11824,0,total_elems,23316,38336,1,1,,,,0.0,64,4,23316,894,158,40,,,,,,,,,,,,,,,,,,,,,,,,,,,,,,,,,,,,,,,,,,,,,,,,,,,,,,
62.94786837499123,absorbing,,,,,,,L,147,140,217,228,296,268,564,5,5,510,0.1068089590407908,0.06372825003927574,0.17053720908006653,0.17139762500301003,13008,38592,16,64,False,False,False,False,13008,16,False,512,0.0006,,11824,0,total_elems,13008,38592,1,1,,,,0.0,16,4,13008,756,158,40,,,,,,,,,,,,,,,,,,,,,,,,,,,,,,,,,,,,,,,,,,,,,,,,,,,,,,
63.04795054200804,absorbing,,,,,,,R,147,141,217,228,296,271,567,7,3,513,0.036340749997179955,0.039679332985542715,0.07602008298272267,0.07709079195046797,18252,17592,64,64,False,False,False,False,17592,64,False,512,0.0006,,11824,0,total_elems,18252,17592,1,1,,,,0.0,64,4,17592,818,158,40,,,,,,,,,,,,,,,,,,,,,,,,,,,,,,,,,,,,,,,,,,,,,,,,,,,,,,
63.15894616697915,absorbing,,,,,,,L,148,141,217,228,298,271,569,7,2,515,0.039733707963023335,0.04796870896825567,0.087702416931279,0.08823837502859533,11508,26076,16,64,False,False,False,False,11508,16,False,512,0.0006,,11824,0,total_elems,11508,26076,1,1,,,,0.0,16,4,11508,728,158,40,,,,,,,,,,,,,,,,,,,,,,,,,,,,,,,,,,,,,,,,,,,,,,,,,,,,,,
63.25533283298137,absorbing,,,,,,,L,149,141,217,228,300,271,571,6,2,517,0.039754999976139516,0.03465720801614225,0.07441220799228176,0.07495079201180488,10840,16308,16,64,False,False,False,False,10840,16,False,512,0.0006,,11824,0,total_elems,10840,16308,1,1,,,,0.0,16,4,10840,730,158,40,,,,,,,,,,,,,,,,,,,,,,,,,,,,,,,,,,,,,,,,,,,,,,,,,,,,,,
63.34349887497956,absorbing,,,,,,,R,149,142,217,228,300,275,575,7,4,521,0.03210937499534339,0.034050999965984374,0.06616037496132776,0.06676466698991135,9916,9304,16,16,False,False,False,False,9304,16,False,512,0.0006,,11824,0,total_elems,9916,9304,1,1,,,,0.0,16,4,9304,670,158,40,,,,,,,,,,,,,,,,,,,,,,,,,,,,,,,,,,,,,,,,,,,,,,,,,,,,,,
63.432938000012655,absorbing,,,,,,,L,150,142,217,228,303,275,578,5,3,524,0.030955333961173892,0.03590770799200982,0.06686304195318371,0.06739125004969537,8308,14908,16,64,False,False,False,False,8308,16,False,512,0.0006,,11824,0,total_elems,8308,14908,1,1,,,,0.0,16,4,8308,646,158,40,,,,,,,,,,,,,,,,,,,,,,,,,,,,,,,,,,,,,,,,,,,,,,,,,,,,,,
63.51513116701972,absorbing,,,,,,,L,151,142,217,228,305,275,580,6,2,526,0.02787112502846867,0.03168620803626254,0.05955733306473121,0.060098249989096075,6352,13300,16,64,False,False,False,False,6352,16,False,512,0.0006,,11824,0,total_elems,6352,13300,1,1,,,,0.0,16,4,6352,598,158,40,,,,,,,,,,,,,,,,,,,,,,,,,,,,,,,,,,,,,,,,,,,,,,,,,,,,,,
63.59494279202772,absorbing,,,,,,,L,152,142,217,228,307,275,582,8,2,528,0.026082125026732683,0.030432916013523936,0.05651504104025662,0.057552624959498644,7408,12880,16,64,False,False,False,False,7408,16,False,512,0.0006,,11824,0,total_elems,7408,12880,1,1,,,,0.0,16,4,7408,628,158,40,,,,,,,,,,,,,,,,,,,,,,,,,,,,,,,,,,,,,,,,,,,,,,,,,,,,,,
63.686248041980434,absorbing,,,,,,,L,153,142,217,228,309,275,584,8,2,530,0.02641399996355176,0.03418200003216043,0.06059599999571219,0.061205332982353866,9140,13324,16,64,False,False,False,False,9140,16,False,512,0.0006,,11824,0,total_elems,9140,13324,1,1,,,,0.0,16,4,9140,662,158,40,,,,,,,,,,,,,,,,,,,,,,,,,,,,,,,,,,,,,,,,,,,,,,,,,,,,,,
63.8170969170169,absorbing,,,,,,,R,153,143,217,228,309,277,586,9,2,532,0.06126454100012779,0.045911749999504536,0.10717629099963233,0.10773504199460149,32616,14484,64,64,False,False,False,False,14484,64,False,512,0.0006,,11824,0,total_elems,32616,14484,1,1,,,,0.0,64,4,14484,744,158,40,,,,,,,,,,,,,,,,,,,,,,,,,,,,,,,,,,,,,,,,,,,,,,,,,,,,,,
64.00249679200351,absorbing,,,,,,,L,154,143,217,228,312,277,589,5,3,535,0.08033641701331362,0.07795062504010275,0.15828704205341637,0.159006749978289,16984,28888,64,64,False,False,False,False,16984,64,False,512,0.0006,,11824,0,total_elems,16984,28888,1,1,,,,0.0,64,4,16984,790,158,40,,,,,,,,,,,,,,,,,,,,,,,,,,,,,,,,,,,,,,,,,,,,,,,,,,,,,,
64.12129716697382,absorbing,,,,,,,R,154,144,217,228,312,283,595,4,6,541,0.0399924170342274,0.05231620802078396,0.09230862505501136,0.09294208302162588,19208,10268,64,16,False,False,False,False,10268,16,False,512,0.0006,,11824,0,total_elems,19208,10268,1,1,,,,0.0,16,4,10268,656,158,40,,,,,,,,,,,,,,,,,,,,,,,,,,,,,,,,,,,,,,,,,,,,,,,,,,,,,,
64.22309450001922,absorbing,,,,,,,L,155,144,217,228,314,283,597,4,2,543,0.02976412500720471,0.04387354198843241,0.07363766699563712,0.07417912501841784,12404,15392,16,64,False,False,False,False,12404,16,False,512,0.0006,,11824,0,total_elems,12404,15392,1,1,,,,0.0,16,4,12404,722,158,40,,,,,,,,,,,,,,,,,,,,,,,,,,,,,,,,,,,,,,,,,,,,,,,,,,,,,,
64.33636716700858,absorbing,,,,,,,R,155,145,217,228,314,287,601,4,4,547,0.04794575000414625,0.04049337503965944,0.08843912504380569,0.08900337503291667,20020,17444,64,64,False,False,False,False,17444,64,False,512,0.0006,,11824,0,total_elems,20020,17444,1,1,,,,0.0,64,4,17444,776,158,40,,,,,,,,,,,,,,,,,,,,,,,,,,,,,,,,,,,,,,,,,,,,,,,,,,,,,,
64.44588462501997,absorbing,,,,,,,L,156,145,217,228,316,287,603,5,2,549,0.04618666699388996,0.038975250034127384,0.08516191702801734,0.08596708398545161,13732,16448,32,64,False,False,False,False,13732,32,False,512,0.0006,,11824,0,total_elems,13732,16448,1,1,,,,0.0,32,4,13732,744,158,40,,,,,,,,,,,,,,,,,,,,,,,,,,,,,,,,,,,,,,,,,,,,,,,,,,,,,,
64.55763841699809,absorbing,,,,,,,R,156,146,217,228,316,289,605,7,2,551,0.048497957992367446,0.03838970902143046,0.08688766701379791,0.08770533301867545,19924,12160,64,32,False,False,False,False,12160,32,False,512,0.0006,,11824,0,total_elems,19924,12160,1,1,,,,0.0,32,4,12160,720,158,40,,,,,,,,,,,,,,,,,,,,,,,,,,,,,,,,,,,,,,,,,,,,,,,,,,,,,,
64.66324424999766,absorbing,,,,,,,L,157,146,217,228,319,289,608,5,3,554,0.04513787501491606,0.03553704096702859,0.08067491598194465,0.08179654099512845,12688,17388,32,64,False,False,False,False,12688,32,False,512,0.0006,,11824,0,total_elems,12688,17388,1,1,,,,0.0,32,4,12688,708,158,40,,,,,,,,,,,,,,,,,,,,,,,,,,,,,,,,,,,,,,,,,,,,,,,,,,,,,,
64.76638225000352,absorbing,,,,,,,R,157,147,217,228,319,291,610,8,2,556,0.03737366700079292,0.04060970799764618,0.0779833749984391,0.07854716700967401,19012,17268,64,64,False,False,False,False,17268,64,False,512,0.0006,,11824,0,total_elems,19012,17268,1,1,,,,0.0,64,4,17268,794,158,40,,,,,,,,,,,,,,,,,,,,,,,,,,,,,,,,,,,,,,,,,,,,,,,,,,,,,,
64.87057324999478,absorbing,,,,,,,L,158,147,217,228,320,291,611,8,1,557,0.034965833998285234,0.04249862500000745,0.07746445899829268,0.07915800000773743,11068,31372,32,64,False,False,False,False,11068,32,False,512,0.0006,,11824,0,total_elems,11068,31372,1,1,,,,0.0,32,4,11068,690,158,40,,,,,,,,,,,,,,,,,,,,,,,,,,,,,,,,,,,,,,,,,,,,,,,,,,,,,,
64.95987279200926,absorbing,,,,,,,L,159,147,217,228,321,291,612,6,1,558,0.03340279095573351,0.03231625002808869,0.0657190409838222,0.06637954199686646,11788,15884,32,64,False,False,False,False,11788,32,False,512,0.0006,,11824,0,total_elems,11788,15884,1,1,,,,0.0,32,4,11788,732,158,40,,,,,,,,,,,,,,,,,,,,,,,,,,,,,,,,,,,,,,,,,,,,,,,,,,,,,,
65.04808666702593,absorbing,,,,,,,R,159,148,217,228,321,291,612,10,0,558,0.03280854201875627,0.03148558299290016,0.06429412501165643,0.06493770802626386,19076,8444,64,32,False,False,False,False,8444,32,False,512,0.0006,,11824,0,total_elems,19076,8444,1,1,,,,0.0,32,4,8444,634,158,40,,,,,,,,,,,,,,,,,,,,,,,,,,,,,,,,,,,,,,,,,,,,,,,,,,,,,,
65.15155670797685,absorbing,,,,,,,R,159,149,217,228,321,292,613,9,1,559,0.026642707991413772,0.05257420794805512,0.07921691593946889,0.07976162497652695,10508,9104,32,32,False,False,False,False,9104,32,False,512,0.0006,,11824,0,total_elems,10508,9104,1,1,,,,0.0,32,4,9104,662,158,40,,,,,,,,,,,,,,,,,,,,,,,,,,,,,,,,,,,,,,,,,,,,,,,,,,,,,,
65.2423640419729,absorbing,,,,,,,R,159,150,217,228,321,292,613,8,0,559,0.03201479202834889,0.03270429203985259,0.06471908406820148,0.06542137498036027,9776,7568,32,16,False,False,False,False,7568,16,False,512,0.0006,,11824,0,total_elems,9776,7568,1,1,,,,0.0,16,4,7568,662,158,40,,,,,,,,,,,,,,,,,,,,,,,,,,,,,,,,,,,,,,,,,,,,,,,,,,,,,,
65.32790970802307,absorbing,,,,,,,R,159,151,217,228,321,295,616,8,3,562,0.028148457990027964,0.03230770799564198,0.06045616598566994,0.06099258299218491,8460,8012,16,16,False,False,False,False,8012,16,False,512,0.0006,,11824,0,total_elems,8460,8012,1,1,,,,0.0,16,4,8012,652,158,40,,,,,,,,,,,,,,,,,,,,,,,,,,,,,,,,,,,,,,,,,,,,,,,,,,,,,,
65.41693620802835,absorbing,,,,,,,L,160,151,217,228,323,295,618,6,2,564,0.03278129099635407,0.03103441698476672,0.0638157079811208,0.06437208398710936,8264,10056,16,32,False,False,False,False,8264,16,False,512,0.0006,,11824,0,total_elems,8264,10056,1,1,,,,0.0,16,4,8264,674,158,40,,,,,,,,,,,,,,,,,,,,,,,,,,,,,,,,,,,,,,,,,,,,,,,,,,,,,,
65.50021637498867,absorbing,,,,,,,L,161,151,217,228,324,295,619,7,1,565,0.030510750017128885,0.028308582957834005,0.05881933297496289,0.05936783296056092,9768,9768,16,32,False,False,False,False,9768,16,False,512,0.0006,,11824,0,total_elems,9768,9768,1,1,,,,0.0,16,4,9768,692,158,40,,,,,,,,,,,,,,,,,,,,,,,,,,,,,,,,,,,,,,,,,,,,,,,,,,,,,,
65.59107112500351,absorbing,,,,,,,L,162,151,217,228,327,295,622,7,3,568,0.03459066600771621,0.03172899998025969,0.0663196659879759,0.06687583297025412,10796,15720,16,64,False,False,False,False,10796,16,False,512,0.0006,,11824,0,total_elems,10796,15720,1,1,,,,0.0,16,4,10796,742,158,40,,,,,,,,,,,,,,,,,,,,,,,,,,,,,,,,,,,,,,,,,,,,,,,,,,,,,,
65.68987929198192,absorbing,,,,,,,L,163,151,217,228,330,295,625,7,3,571,0.03486554103437811,0.0374188749701716,0.07228441600454971,0.07406245800666511,13416,16484,16,64,False,False,False,False,13416,16,False,512,0.0006,,11824,0,total_elems,13416,16484,1,1,,,,0.0,16,4,13416,816,158,40,,,,,,,,,,,,,,,,,,,,,,,,,,,,,,,,,,,,,,,,,,,,,,,,,,,,,,
65.80199679202633,absorbing,,,,,,,R,163,152,217,228,330,296,626,8,1,572,0.04746679199161008,0.03946937498403713,0.08693616697564721,0.08756795799126849,22632,11620,64,16,False,False,False,False,11620,16,False,512,0.0006,,11824,0,total_elems,22632,11620,1,1,,,,0.0,16,4,11620,790,158,40,,,,,,,,,,,,,,,,,,,,,,,,,,,,,,,,,,,,,,,,,,,,,,,,,,,,,,
65.89950454200152,absorbing,,,,,,,R,163,153,217,228,330,299,629,7,3,575,0.03693575004581362,0.036526332958601415,0.07346208300441504,0.07400225003948435,20580,13156,64,16,False,False,False,False,13156,16,False,512,0.0006,,11824,0,total_elems,20580,13156,1,1,,,,0.0,16,4,13156,814,158,40,,,,,,,,,,,,,,,,,,,,,,,,,,,,,,,,,,,,,,,,,,,,,,,,,,,,,,
66.0035584999714,absorbing,,,,,,,L,164,153,217,228,334,299,633,5,4,579,0.04026583302766085,0.03830604103859514,0.07857187406625599,0.07915983302518725,15972,26020,16,64,False,False,False,False,15972,16,False,512,0.0006,,11824,0,total_elems,15972,26020,1,1,,,,0.0,16,4,15972,878,158,40,,,,,,,,,,,,,,,,,,,,,,,,,,,,,,,,,,,,,,,,,,,,,,,,,,,,,,
66.10006233298918,absorbing,,,,,,,L,165,153,217,228,335,299,634,6,1,580,0.030035459029022604,0.040994665992911905,0.07103012502193451,0.07159462495474145,18596,20388,16,64,False,False,False,False,18596,16,False,512,0.0006,,11824,0,total_elems,18596,20388,1,1,,,,0.0,16,4,18596,934,158,40,,,,,,,,,,,,,,,,,,,,,,,,,,,,,,,,,,,,,,,,,,,,,,,,,,,,,,
66.21589200000744,absorbing,,,,,,,L,166,153,217,228,337,299,636,6,2,582,0.050253041030373424,0.03974224999547005,0.08999529102584347,0.09154799999669194,17572,21732,32,64,False,False,False,False,17572,32,False,512,0.0006,,11824,0,total_elems,17572,21732,1,1,,,,0.0,32,4,17572,934,158,40,,,,,,,,,,,,,,,,,,,,,,,,,,,,,,,,,,,,,,,,,,,,,,,,,,,,,,
66.31485395802883,absorbing,,,,,,,R,166,154,217,228,337,301,638,5,2,584,0.035330249986145645,0.037314999965019524,0.07264524995116517,0.07466729200677946,21092,20516,32,64,False,False,False,False,20516,64,False,512,0.0006,,11824,0,total_elems,21092,20516,1,1,,,,0.0,64,4,20516,950,158,40,,,,,,,,,,,,,,,,,,,,,,,,,,,,,,,,,,,,,,,,,,,,,,,,,,,,,,
66.42977945797611,absorbing,,,,,,,R,166,155,217,228,337,303,640,8,2,586,0.03835279098711908,0.050533542002085596,0.08888633298920467,0.0894272499717772,23780,20388,64,64,False,False,False,False,20388,64,False,512,0.0006,,11824,0,total_elems,23780,20388,1,1,,,,0.0,64,4,20388,934,158,40,,,,,,,,,,,,,,,,,,,,,,,,,,,,,,,,,,,,,,,,,,,,,,,,,,,,,,
66.5357431669836,absorbing,,,,,,,L,167,155,217,228,339,303,642,8,2,588,0.03569975000573322,0.04551275004632771,0.08121250005206093,0.08179983298759907,22980,25204,64,64,False,False,False,False,22980,64,False,512,0.0006,,11824,0,total_elems,22980,25204,1,1,,,,0.0,64,4,22980,1002,158,40,,,,,,,,,,,,,,,,,,,,,,,,,,,,,,,,,,,,,,,,,,,,,,,,,,,,,,
66.66248449997511,absorbing,,,,,,,R,167,156,217,228,339,308,647,7,5,593,0.049926500010769814,0.05117679195245728,0.1011032919632271,0.1016302079660818,29956,25028,64,64,False,False,False,False,25028,64,False,512,0.0006,,11824,0,total_elems,29956,25028,1,1,,,,0.0,64,4,25028,988,158,40,,,,,,,,,,,,,,,,,,,,,,,,,,,,,,,,,,,,,,,,,,,,,,,,,,,,,,
66.80429366702447,absorbing,,,,,,,L,168,156,217,228,343,308,651,5,4,597,0.048478459008038044,0.06791000004159287,0.11638845904963091,0.11764908401528373,24068,40292,64,64,False,False,False,False,24068,64,False,512,0.0006,,11824,0,total_elems,24068,40292,1,1,,,,0.0,64,4,24068,1028,158,40,,,,,,,,,,,,,,,,,,,,,,,,,,,,,,,,,,,,,,,,,,,,,,,,,,,,,,
66.9329211669974,absorbing,,,,,,,L,169,156,217,228,343,308,651,8,0,597,0.04227054200600833,0.05836520896991715,0.10063575097592548,0.10221941699273884,24068,27748,64,64,False,False,False,False,24068,64,False,512,0.0006,,11824,0,total_elems,24068,27748,1,1,,,,0.0,64,4,24068,1020,158,40,,,,,,,,,,,,,,,,,,,,,,,,,,,,,,,,,,,,,,,,,,,,,,,,,,,,,,
67.05779787502252,absorbing,,,,,,,R,169,157,217,228,343,309,652,11,1,598,0.045715584012214094,0.053935417032334954,0.09965100104454905,0.10072691697860137,30020,21988,64,64,False,False,False,False,21988,64,False,512,0.0006,,11824,0,total_elems,30020,21988,1,1,,,,0.0,64,4,21988,966,158,40,,,,,,,,,,,,,,,,,,,,,,,,,,,,,,,,,,,,,,,,,,,,,,,,,,,,,,
67.16506833297899,absorbing,,,,,,,L,170,157,217,228,345,309,654,8,2,600,0.047483625006861985,0.03552454197779298,0.08300816698465496,0.08358849998330697,26020,27516,64,64,False,False,False,False,26020,64,False,512,0.0006,,11824,0,total_elems,26020,27516,1,1,,,,0.0,64,4,26020,1014,158,40,,,,,,,,,,,,,,,,,,,,,,,,,,,,,,,,,,,,,,,,,,,,,,,,,,,,,,
67.26781816699076,absorbing,,,,,,,R,170,158,217,228,345,312,657,5,3,603,0.040230958024039865,0.0381902499939315,0.07842120801797137,0.07899049995467067,31816,26364,64,64,False,False,False,False,26364,64,False,512,0.0006,,11824,0,total_elems,31816,26364,1,1,,,,0.0,64,4,26364,1012,158,40,,,,,,,,,,,,,,,,,,,,,,,,,,,,,,,,,,,,,,,,,,,,,,,,,,,,,,
67.38939241698245,absorbing,,,,,,,R,170,159,217,228,345,315,660,4,3,606,0.052041875023860484,0.04439075000118464,0.09643262502504513,0.09705462504643947,31272,19160,64,64,False,False,False,False,19160,64,False,512,0.0006,,11824,0,total_elems,31272,19160,1,1,,,,0.0,64,4,19160,898,158,40,,,,,,,,,,,,,,,,,,,,,,,,,,,,,,,,,,,,,,,,,,,,,,,,,,,,,,
67.50839316699421,absorbing,,,,,,,R,170,160,217,228,345,317,662,6,2,608,0.04996145801851526,0.044380499981343746,0.094341957999859,0.09492325002793223,25988,21792,64,64,False,False,False,False,21792,64,False,512,0.0006,,11824,0,total_elems,25988,21792,1,1,,,,0.0,64,4,21792,964,158,40,,,,,,,,,,,,,,,,,,,,,,,,,,,,,,,,,,,,,,,,,,,,,,,,,,,,,,
67.63921379199019,absorbing,,,,,,,R,170,161,217,228,345,321,666,6,4,612,0.052462292020209134,0.05096087499987334,0.10342316702008247,0.10504404100356624,40704,40568,64,64,False,False,False,False,40568,64,False,512,0.0006,,11824,0,total_elems,40704,40568,1,1,,,,0.0,64,4,40568,1136,158,40,,,,,,,,,,,,,,,,,,,,,,,,,,,,,,,,,,,,,,,,,,,,,,,,,,,,,,
67.8055644169799,absorbing,,,,,,,R,170,162,217,228,345,321,666,9,0,612,0.07374691701261327,0.06779837497742847,0.14154529199004173,0.14218725002137944,52512,40372,64,64,False,False,False,False,40372,64,False,512,0.0006,,11824,0,total_elems,52512,40372,1,1,,,,0.0,64,4,40372,1120,158,40,,,,,,,,,,,,,,,,,,,,,,,,,,,,,,,,,,,,,,,,,,,,,,,,,,,,,,
67.94344125001226,absorbing,,,,,,,R,170,163,217,228,345,324,669,5,3,615,0.05994854198070243,0.05056908295955509,0.11051762494025752,0.11112433299422264,52796,23108,64,64,False,False,False,False,23108,64,False,512,0.0006,,11824,0,total_elems,52796,23108,1,1,,,,0.0,64,4,23108,1004,158,40,,,,,,,,,,,,,,,,,,,,,,,,,,,,,,,,,,,,,,,,,,,,,,,,,,,,,,
68.07406600000104,absorbing,,,,,,,R,170,164,217,228,345,325,670,6,1,616,0.06374133401550353,0.039401916961651295,0.10314325097715482,0.10373379098018631,53028,16484,64,32,False,False,False,False,16484,32,False,512,0.0006,,11824,0,total_elems,53028,16484,1,1,,,,0.0,32,4,16484,902,158,40,,,,,,,,,,,,,,,,,,,,,,,,,,,,,,,,,,,,,,,,,,,,,,,,,,,,,,
68.28349695802899,absorbing,,,,,,,R,170,165,217,228,345,329,674,5,4,620,0.13121116696856916,0.05039120797300711,0.18160237494157627,0.18278029200155288,27940,19204,64,32,False,False,False,False,19204,32,False,512,0.0006,,11824,0,total_elems,27940,19204,1,1,,,,0.0,32,4,19204,964,158,40,,,,,,,,,,,,,,,,,,,,,,,,,,,,,,,,,,,,,,,,,,,,,,,,,,,,,,
68.4202386669931,absorbing,,,,,,,L,171,165,217,228,346,329,675,9,1,621,0.055624584027100354,0.05296466703293845,0.1085892510600388,0.10941295797238126,23748,39460,54,64,False,False,False,False,23748,54,False,512,0.0006,,11824,0,total_elems,23748,39460,1,1,,,,0.0,54,4,23748,1018,158,40,,,,,,,,,,,,,,,,,,,,,,,,,,,,,,,,,,,,,,,,,,,,,,,,,,,,,,
68.56696295802249,absorbing,,,,,,,L,172,165,217,228,348,329,677,4,2,623,0.06155766698066145,0.05923125002300367,0.12078891700366512,0.12135083397151902,51404,52548,63,64,False,False,False,False,51404,63,False,512,0.0006,,11824,0,total_elems,51404,52548,1,1,,,,0.0,63,4,51404,1302,158,40,,,,,,,,,,,,,,,,,,,,,,,,,,,,,,,,,,,,,,,,,,,,,,,,,,,,,,
68.79718520800816,absorbing,,,,,,,R,172,166,217,228,348,333,681,5,4,627,0.11642024997854605,0.08675283298362046,0.20317308296216652,0.2042380829807371,153216,87884,224,60,False,False,False,False,87884,60,False,512,0.0006,,11824,0,total_elems,153216,87884,1,1,,,,0.0,60,4,87884,1492,158,40,,,,,,,,,,,,,,,,,,,,,,,,,,,,,,,,,,,,,,,,,,,,,,,,,,,,,,
69.11835033301031,absorbing,,,,,,,R,172,167,217,228,348,333,681,9,0,627,0.19051141699310392,0.10398258297936991,0.29449399997247383,0.2957080830237828,319916,94288,213,64,False,False,False,False,94288,64,False,512,0.0006,,11824,0,total_elems,319916,94288,1,1,,,,0.0,64,4,94288,1656,158,40,,,,,,,,,,,,,,,,,,,,,,,,,,,,,,,,,,,,,,,,,,,,,,,,,,,,,,
69.42145729198819,absorbing,,,,,,,R,172,168,217,228,348,333,681,10,0,627,0.17764829099178314,0.10000987496459857,0.2776581659563817,0.27907049999339506,280552,112336,186,78,False,False,False,False,112336,78,False,512,0.0006,,11824,0,total_elems,280552,112336,1,1,,,,0.0,78,4,112336,1768,158,40,,,,,,,,,,,,,,,,,,,,,,,,,,,,,,,,,,,,,,,,,,,,,,,,,,,,,,
69.78091170801781,absorbing,,,,,,,R,172,169,217,228,348,339,687,4,6,633,0.1876800000318326,0.14591933297924697,0.3335993330110796,0.33509408304234967,300068,193964,256,190,False,False,False,False,193964,190,False,512,0.0006,,11824,0,total_elems,300068,193964,1,1,,,,0.0,190,4,193964,2186,158,40,,,,,,,,,,,,,,,,,,,,,,,,,,,,,,,,,,,,,,,,,,,,,,,,,,,,,,
70.3032439579838,absorbing,,,,,,,R,172,170,217,228,348,344,692,6,5,638,0.26050962501903996,0.23630233301082626,0.4968119580298662,0.497854792047292,444568,278376,256,186,False,False,False,False,278376,186,False,512,0.0006,,11824,0,total_elems,444568,278376,1,1,,,,0.0,186,4,278376,2612,158,40,,,,,,,,,,,,,,,,,,,,,,,,,,,,,,,,,,,,,,,,,,,,,,,,,,,,,,
70.87092566699721,absorbing,,,,,,,R,172,171,217,228,348,347,695,8,3,641,0.2961925419513136,0.2459459169767797,0.5421384589280933,0.5432619589846581,524444,303736,256,128,False,False,True,False,303736,128,False,512,0.0006,,11824,0,total_elems,524444,303736,1,1,,,,0.0,128,4,303736,2930,158,40,,,,,,,,,,,,,,,,,,,,,,,,,,,,,,,,,,,,,,,,,,,,,,,,,,,,,,
71.48388995800633,absorbing,,,,,,,R,172,172,217,228,348,351,699,6,4,645,0.3075742090004496,0.28103970899246633,0.588613917992916,0.5891393329948187,581108,424356,256,128,False,False,True,False,424356,128,False,512,0.0006,,11824,0,total_elems,581108,424356,1,1,,,,0.0,128,4,424356,3358,158,40,,,,,,,,,,,,,,,,,,,,,,,,,,,,,,,,,,,,,,,,,,,,,,,,,,,,,,
75.11678500002017,unswapping,,,,,,,,,,,,,,,,,,,,,,,,,,,,,,,,,,,,,,,,,,,,,,,128,4,288840,2864,158,40,0,both,0,20,20,7,7,,,,,0,,,,,,,,,,,,,,,,,,,,,,,,,,,,,,,,,,,,,,,,,,
76.26406725001289,unswapping,,,,,,,,,,,,,,,,,,,,,,,,,,,,,,,,,,,,,,,,,,,,,,,93,4,167996,2206,158,40,0,both,1,19,19,6,13,,,,,0,,,,,,,,,,,,,,,,,,,,,,,,,,,,,,,,,,,,,,,,,,
76.59550316701643,unswapping,,,,,,,,,,,,,,,,,,,,,,,,,,,,,,,,,,,,,,,,,,,,,,,64,4,138272,1960,158,40,0,left,0,20,20,5,18,,,,,10,,,,,,,,,,,,,,,,,,,,,,,,,,,,,,,,,,,,,,,,,,
76.91460945800645,unswapping,,,,,,,,,,,,,,,,,,,,,,,,,,,,,,,,,,,,,,,,,,,,,,,64,4,132860,1908,158,40,0,left,1,19,19,3,21,,,,,16,,,,,,,,,,,,,,,,,,,,,,,,,,,,,,,,,,,,,,,,,,
77.23765233298764,unswapping,,,,,,,,,,,,,,,,,,,,,,,,,,,,,,,,,,,,,,,,,,,,,,,64,4,107708,1728,158,40,0,right,0,20,20,8,29,,,,,20,,,,,,,,,,,,,,,,,,,,,,,,,,,,,,,,,,,,,,,,,,
77.44319504202576,unswapping,,,,,,,,,,,,,,,,,,,,,,,,,,,,,,,,,,,,,,,,,,,,,,,64,4,104052,1694,158,40,0,right,1,19,19,1,30,,,,,22,,,,,,,,,,,,,,,,,,,,,,,,,,,,,,,,,,,,,,,,,,
77.969409250014,unswapping,,,,,,,,,,,,,,,,,,,,,,,,,,,,,,,,,,,,,,,,,,,,,,,64,4,99912,1634,158,40,1,both,0,20,20,4,4,,,,,30,,,,,,,,,,,,,,,,,,,,,,,,,,,,,,,,,,,,,,,,,,
78.41705429198919,unswapping,,,,,,,,,,,,,,,,,,,,,,,,,,,,,,,,,,,,,,,,,,,,,,,64,4,83452,1506,158,40,1,both,1,19,19,3,7,,,,,34,,,,,,,,,,,,,,,,,,,,,,,,,,,,,,,,,,,,,,,,,,
78.62309966702014,unswapping,,,,,,,,,,,,,,,,,,,,,,,,,,,,,,,,,,,,,,,,,,,,,,,64,4,69988,1428,158,40,1,left,0,20,20,3,10,,,,,38,,,,,,,,,,,,,,,,,,,,,,,,,,,,,,,,,,,,,,,,,,
78.88707816699753,unswapping,,,,,,,,,,,,,,,,,,,,,,,,,,,,,,,,,,,,,,,,,,,,,,,64,4,68160,1404,158,40,1,left,1,19,19,2,12,,,,,40,,,,,,,,,,,,,,,,,,,,,,,,,,,,,,,,,,,,,,,,,,
79.06220724998275,unswapping,,,,,,,,,,,,,,,,,,,,,,,,,,,,,,,,,,,,,,,,,,,,,,,64,4,66016,1370,158,40,1,right,0,20,20,2,14,,,,,44,,,,,,,,,,,,,,,,,,,,,,,,,,,,,,,,,,,,,,,,,,
79.19712529197568,unswapping,,,,,,,,,,,,,,,,,,,,,,,,,,,,,,,,,,,,,,,,,,,,,,,64,4,64120,1338,158,40,1,right,1,19,19,2,16,,,,,46,,,,,,,,,,,,,,,,,,,,,,,,,,,,,,,,,,,,,,,,,,
79.5435525419889,unswapping,,,,,,,,,,,,,,,,,,,,,,,,,,,,,,,,,,,,,,,,,,,,,,,59,4,51748,1272,158,40,2,both,0,20,20,1,1,,,,,48,,,,,,,,,,,,,,,,,,,,,,,,,,,,,,,,,,,,,,,,,,
79.85352604201762,unswapping,,,,,,,,,,,,,,,,,,,,,,,,,,,,,,,,,,,,,,,,,,,,,,,57,4,45112,1208,158,40,2,both,1,19,19,1,2,,,,,50,,,,,,,,,,,,,,,,,,,,,,,,,,,,,,,,,,,,,,,,,,
80.00009362498531,unswapping,,,,,,,,,,,,,,,,,,,,,,,,,,,,,,,,,,,,,,,,,,,,,,,56,4,43532,1188,158,40,2,left,0,20,20,2,4,,,,,54,,,,,,,,,,,,,,,,,,,,,,,,,,,,,,,,,,,,,,,,,,
80.11971612501657,unswapping,,,,,,,,,,,,,,,,,,,,,,,,,,,,,,,,,,,,,,,,,,,,,,,33,4,32076,1090,158,40,2,left,1,19,19,2,6,,,,,56,,,,,,,,,,,,,,,,,,,,,,,,,,,,,,,,,,,,,,,,,,
80.17696008301573,unswapping,,,,,,,,,,,,,,,,,,,,,,,,,,,,,,,,,,,,,,,,,,,,,,,33,4,32076,1090,158,40,2,right,0,20,20,0,6,,,,,56,,,,,,,,,,,,,,,,,,,,,,,,,,,,,,,,,,,,,,,,,,
80.2647517080186,unswapping,,,,,,,,,,,,,,,,,,,,,,,,,,,,,,,,,,,,,,,,,,,,,,,32,4,30988,1076,158,40,2,right,1,19,19,1,7,,,,,56,,,,,,,,,,,,,,,,,,,,,,,,,,,,,,,,,,,,,,,,,,
80.4383962500142,unswapping,,,,,,,,,,,,,,,,,,,,,,,,,,,,,,,,,,,,,,,,,,,,,,,32,4,26980,1026,158,40,3,both,0,20,20,2,2,,,,,58,,,,,,,,,,,,,,,,,,,,,,,,,,,,,,,,,,,,,,,,,,
80.57358199998271,unswapping,,,,,,,,,,,,,,,,,,,,,,,,,,,,,,,,,,,,,,,,,,,,,,,32,4,23596,972,158,40,3,both,1,19,19,1,3,,,,,60,,,,,,,,,,,,,,,,,,,,,,,,,,,,,,,,,,,,,,,,,,
80.64748283301014,unswapping,,,,,,,,,,,,,,,,,,,,,,,,,,,,,,,,,,,,,,,,,,,,,,,32,4,22980,954,158,40,3,left,0,20,20,2,5,,,,,58,,,,,,,,,,,,,,,,,,,,,,,,,,,,,,,,,,,,,,,,,,
80.71612616698258,unswapping,,,,,,,,,,,,,,,,,,,,,,,,,,,,,,,,,,,,,,,,,,,,,,,32,4,22412,940,158,40,3,left,1,19,19,1,6,,,,,60,,,,,,,,,,,,,,,,,,,,,,,,,,,,,,,,,,,,,,,,,,
80.75781937502325,unswapping,,,,,,,,,,,,,,,,,,,,,,,,,,,,,,,,,,,,,,,,,,,,,,,32,4,22412,940,158,40,3,right,0,20,20,0,6,,,,,60,,,,,,,,,,,,,,,,,,,,,,,,,,,,,,,,,,,,,,,,,,
80.79836183297448,unswapping,,,,,,,,,,,,,,,,,,,,,,,,,,,,,,,,,,,,,,,,,,,,,,,32,4,22412,940,158,40,3,right,1,19,19,0,6,,,,,60,,,,,,,,,,,,,,,,,,,,,,,,,,,,,,,,,,,,,,,,,,
80.8934340000269,unswapping,,,,,,,,,,,,,,,,,,,,,,,,,,,,,,,,,,,,,,,,,,,,,,,32,4,22412,940,158,40,4,both,0,20,20,0,0,,,,,60,,,,,,,,,,,,,,,,,,,,,,,,,,,,,,,,,,,,,,,,,,
80.98410091700498,unswapping,,,,,,,,,,,,,,,,,,,,,,,,,,,,,,,,,,,,,,,,,,,,,,,32,4,22412,940,158,40,4,both,1,19,19,0,0,,,,,60,,,,,,,,,,,,,,,,,,,,,,,,,,,,,,,,,,,,,,,,,,
81.02817308297381,unswapping,,,,,,,,,,,,,,,,,,,,,,,,,,,,,,,,,,,,,,,,,,,,,,,32,4,22412,940,158,40,4,left,0,20,20,0,0,,,,,60,,,,,,,,,,,,,,,,,,,,,,,,,,,,,,,,,,,,,,,,,,
81.06881208298728,unswapping,,,,,,,,,,,,,,,,,,,,,,,,,,,,,,,,,,,,,,,,,,,,,,,32,4,22412,940,158,40,4,left,1,19,19,0,0,,,,,60,,,,,,,,,,,,,,,,,,,,,,,,,,,,,,,,,,,,,,,,,,
81.11326058302075,unswapping,,,,,,,,,,,,,,,,,,,,,,,,,,,,,,,,,,,,,,,,,,,,,,,32,4,22412,940,158,40,4,right,0,20,20,0,0,,,,,60,,,,,,,,,,,,,,,,,,,,,,,,,,,,,,,,,,,,,,,,,,
81.15374074998545,unswapping,,,,,,,,,,,,,,,,,,,,,,,,,,,,,,,,,,,,,,,,,,,,,,,32,4,22412,940,158,40,4,right,1,19,19,0,0,,,,,60,,,,,,,,,,,,,,,,,,,,,,,,,,,,,,,,,,,,,,,,,,
81.87313791702036,unswap_cycle_summary,,,,,,,,,,,,348,351,699,,,,,,,,,,,,,,,,,,,512,0.0006,,,,,,,,,,,,,32,4,22412,940,158,40,,,,,,,,,,,,,,,,,,,,2,8.672413165972102,699,808,109,645,False,,,,,,,,,,,,,,,,,,,,,,,,,,,,
82.07621333299903,rewiring,left,post_unswap,0.17738183395704255,47,False,False,,,,,,,,,,,,,,,,,,,,,,,,,,,,,,,,,,,,,,,,,,,,,,,,,,,,,,,,,,,,,,,,,,2,,,,,,,50,False,645,4,bond_profile,8,False,1,2141,"(165, 32, 19, 8, 16, 151, 49)",0.0035636660177260637,0.1737856260733679,"[{'seed': 123, 'score': (262, 32, 24, 8, 21, 151, 48), 'num_layers': 48, 'total_swaps': 151, 'max_layer_swaps': 8, 'swap_only_layers': 21, 'work_layers': 27, 'unitary_layers': 27, 'first_work_layer': 0, 'leading_no_work_layers': 0, 'bond_profile_layers_scored': 8, 'bond_profile_total_cost': 262, 'bond_profile_max_cost': 32, 'bond_profile_gate_count': 24}, {'seed': 1132, 'score': (250, 32, 22, 8, 16, 150, 44), 'num_layers': 44, 'total_swaps': 150, 'max_layer_swaps': 9, 'swap_only_layers': 16, 'work_layers': 28, 'unitary_layers': 28, 'first_work_layer': 0, 'leading_no_work_layers': 0, 'bond_profile_layers_scored': 8, 'bond_profile_total_cost': 250, 'bond_profile_max_cost': 32, 'bond_profile_gate_count': 22}, {'seed': 2141, 'score': (165, 32, 19, 8, 16, 151, 49), 'num_layers': 49, 'total_swaps': 151, 'max_layer_swaps': 7, 'swap_only_layers': 16, 'work_layers': 33, 'unitary_layers': 33, 'first_work_layer': 0, 'leading_no_work_layers': 0, 'bond_profile_layers_scored': 8, 'bond_profile_total_cost': 165, 'bond_profile_max_cost': 32, 'bond_profile_gate_count': 19}, {'seed': 3150, 'score': (202, 32, 20, 8, 12, 151, 40), 'num_layers': 40, 'total_swaps': 151, 'max_layer_swaps': 9, 'swap_only_layers': 12, 'work_layers': 28, 'unitary_layers': 28, 'first_work_layer': 0, 'leading_no_work_layers': 0, 'bond_profile_layers_scored': 8, 'bond_profile_total_cost': 202, 'bond_profile_max_cost': 32, 'bond_profile_gate_count': 20}]",0.17737391602713615,0.49002324999310076,,,,,,,,,,,,,
82.38853433297481,rewiring,right,post_unswap,0.3119640839868225,58,False,False,,,,,,,,,,,,,,,,,,,,,,,,,,,,,,,,,,,,,,,,,,,,,,,,,,,,,,,,,,,,,,,,,,2,,,,,,,50,False,645,4,bond_profile,8,False,1,2141,"(168, 32, 17, 8, 27, 183, 55)",0.0036673758877441287,0.308260333025828,"[{'seed': 123, 'score': (212, 32, 19, 8, 29, 184, 56), 'num_layers': 56, 'total_swaps': 184, 'max_layer_swaps': 11, 'swap_only_layers': 29, 'work_layers': 27, 'unitary_layers': 27, 'first_work_layer': 0, 'leading_no_work_layers': 0, 'bond_profile_layers_scored': 8, 'bond_profile_total_cost': 212, 'bond_profile_max_cost': 32, 'bond_profile_gate_count': 19}, {'seed': 1132, 'score': (212, 32, 19, 8, 24, 184, 55), 'num_layers': 55, 'total_swaps': 184, 'max_layer_swaps': 11, 'swap_only_layers': 24, 'work_layers': 31, 'unitary_layers': 31, 'first_work_layer': 0, 'leading_no_work_layers': 0, 'bond_profile_layers_scored': 8, 'bond_profile_total_cost': 212, 'bond_profile_max_cost': 32, 'bond_profile_gate_count': 19}, {'seed': 2141, 'score': (168, 32, 17, 8, 27, 183, 55), 'num_layers': 55, 'total_swaps': 183, 'max_layer_swaps': 12, 'swap_only_layers': 27, 'work_layers': 28, 'unitary_layers': 28, 'first_work_layer': 0, 'leading_no_work_layers': 0, 'bond_profile_layers_scored': 8, 'bond_profile_total_cost': 168, 'bond_profile_max_cost': 32, 'bond_profile_gate_count': 17}, {'seed': 3150, 'score': (180, 32, 19, 8, 26, 184, 56), 'num_layers': 56, 'total_swaps': 184, 'max_layer_swaps': 11, 'swap_only_layers': 26, 'work_layers': 30, 'unitary_layers': 30, 'first_work_layer': 0, 'leading_no_work_layers': 0, 'bond_profile_layers_scored': 8, 'bond_profile_total_cost': 180, 'bond_profile_max_cost': 32, 'bond_profile_gate_count': 19}]",0.31195620901416987,0.49002324999310076,,,,,,,,,,,,,
82.44046183297178,cycle_progress,,,,,,,,,,,,348,351,699,,,,,,,,,,,,,,,,,,,512,0.0006,,11824,0,,,,,,,,,,32,4,22412,940,158,40,,,,,,,,,,,,,,,,,,,,2,,699,808,109,645,False,,,,,,,,,,,,,,,0.49002324999310076,,,,,,,,,,,,,
82.55432533298153,absorbing,,,,,,,L,1,0,49,55,351,351,702,4,3,3,0.04144562495639548,0.03882966696983203,0.08027529192622751,0.08708741603186354,30020,32020,63,55,False,False,False,False,30020,63,False,512,0.0006,,22412,0,total_elems,30020,32020,1,1,,,,0.0,63,4,30020,1044,158,40,,,,,,,,,,,,,,,,,,,,,,,,,,,,,,,,,,,,,,,,,,,,,,,,,,,,,,
82.67202204198111,absorbing,,,,,,,L,2,0,49,55,353,351,704,6,2,5,0.03897654201136902,0.04962754197185859,0.08860408398322761,0.09026737505337223,31020,33844,62,64,False,False,False,False,31020,62,False,512,0.0006,,22412,0,total_elems,31020,33844,1,1,,,,0.0,62,4,31020,1084,158,40,,,,,,,,,,,,,,,,,,,,,,,,,,,,,,,,,,,,,,,,,,,,,,,,,,,,,,
82.80875883297995,absorbing,,,,,,,R,2,1,49,55,353,353,706,8,2,7,0.0582906249910593,0.05035345902433619,0.10864408401539549,0.11011729104211554,35396,35144,55,64,False,False,False,False,35144,64,False,512,0.0006,,22412,0,total_elems,35396,35144,1,1,,,,0.0,64,4,35144,1174,158,40,,,,,,,,,,,,,,,,,,,,,,,,,,,,,,,,,,,,,,,,,,,,,,,,,,,,,,
82.97117537498707,absorbing,,,,,,,L,3,1,49,55,355,353,708,6,2,9,0.06092133396305144,0.05183120898436755,0.11275254294741899,0.11398575000930578,41300,45548,55,64,False,False,False,False,41300,55,False,512,0.0006,,22412,0,total_elems,41300,45548,1,1,,,,0.0,55,4,41300,1272,158,40,,,,,,,,,,,,,,,,,,,,,,,,,,,,,,,,,,,,,,,,,,,,,,,,,,,,,,
83.12784320802893,absorbing,,,,,,,R,3,2,49,55,355,354,709,6,1,10,0.0799395419890061,0.04805737501010299,0.1279969169991091,0.12938608397962525,55680,41640,53,40,False,False,False,False,41640,40,False,512,0.0006,,22412,0,total_elems,55680,41640,1,1,,,,0.0,40,4,41640,1318,158,40,,,,,,,,,,,,,,,,,,,,,,,,,,,,,,,,,,,,,,,,,,,,,,,,,,,,,,
83.30191245797323,absorbing,,,,,,,R,3,3,49,55,355,355,710,8,1,11,0.07941037497948855,0.06790545798139647,0.14731583296088502,0.1478645410388708,56432,50856,64,47,False,False,False,False,50856,47,False,512,0.0006,,22412,0,total_elems,56432,50856,1,1,,,,0.0,47,4,50856,1410,158,40,,,,,,,,,,,,,,,,,,,,,,,,,,,,,,,,,,,,,,,,,,,,,,,,,,,,,,
83.49719958298374,absorbing,,,,,,,L,4,3,49,55,359,355,714,4,4,15,0.09418191603617743,0.07297554198885337,0.1671574580250308,0.16848770796786994,57276,76680,64,75,False,False,False,False,57276,64,False,512,0.0006,,22412,0,total_elems,57276,76680,1,1,,,,0.0,64,4,57276,1452,158,40,,,,,,,,,,,,,,,,,,,,,,,,,,,,,,,,,,,,,,,,,,,,,,,,,,,,,,
83.6910147080198,absorbing,,,,,,,R,4,4,49,55,359,355,714,9,0,15,0.09074533398961648,0.07509116595610976,0.16583649994572625,0.16738687502220273,107808,58904,127,72,False,False,False,False,58904,72,False,512,0.0006,,22412,0,total_elems,107808,58904,1,1,,,,0.0,72,4,58904,1506,158,40,,,,,,,,,,,,,,,,,,,,,,,,,,,,,,,,,,,,,,,,,,,,,,,,,,,,,,
83.89161512500141,absorbing,,,,,,,L,5,4,49,55,360,355,715,7,1,16,0.07967908401042223,0.09357104200171307,0.1732501260121353,0.17379679100122303,106140,123820,127,128,False,False,False,False,106140,127,False,512,0.0006,,22412,0,total_elems,106140,123820,1,1,,,,0.0,127,4,106140,1762,158,40,,,,,,,,,,,,,,,,,,,,,,,,,,,,,,,,,,,,,,,,,,,,,,,,,,,,,,
84.12572150002234,absorbing,,,,,,,R,5,5,49,55,360,358,718,6,3,19,0.08613479201449081,0.11979324999265373,0.20592804200714454,0.20767112501198426,110180,101048,126,69,False,False,False,False,101048,69,False,512,0.0006,,22412,0,total_elems,110180,101048,1,1,,,,0.0,69,4,101048,1698,158,40,,,,,,,,,,,,,,,,,,,,,,,,,,,,,,,,,,,,,,,,,,,,,,,,,,,,,,
84.40615133300889,absorbing,,,,,,,L,6,5,49,55,362,358,720,7,2,21,0.11820337502285838,0.13402299996232614,0.2522263749851845,0.25352170900441706,102640,217344,66,259,False,False,False,False,102640,66,False,512,0.0006,,22412,0,total_elems,102640,217344,1,1,,,,0.0,66,4,102640,1784,158,40,,,,,,,,,,,,,,,,,,,,,,,,,,,,,,,,,,,,,,,,,,,,,,,,,,,,,,
84.71006733301328,absorbing,,,,,,,R,6,6,49,55,362,360,722,9,2,23,0.13230179203674197,0.1440022920141928,0.27630408405093476,0.2775390000315383,174888,121116,183,64,False,False,False,False,121116,64,False,512,0.0006,,22412,0,total_elems,174888,121116,1,1,,,,0.0,64,4,121116,2002,158,40,,,,,,,,,,,,,,,,,,,,,,,,,,,,,,,,,,,,,,,,,,,,,,,,,,,,,,
85.05637329199817,absorbing,,,,,,,L,7,6,49,55,363,360,723,7,1,24,0.1459192920010537,0.17186599998967722,0.3177852919907309,0.3190223749843426,199236,254600,182,190,False,False,False,False,199236,182,False,512,0.0006,,22412,0,total_elems,199236,254600,1,1,,,,0.0,182,4,199236,2424,158,40,,,,,,,,,,,,,,,,,,,,,,,,,,,,,,,,,,,,,,,,,,,,,,,,,,,,,,
85.5089428750216,absorbing,,,,,,,R,7,7,49,55,363,361,724,12,1,25,0.21326633397256956,0.21080175001407042,0.42406808398664,0.42461633402854204,281056,232240,173,115,False,False,False,False,232240,115,False,512,0.0006,,22412,0,total_elems,281056,232240,1,1,,,,0.0,115,4,232240,2702,158,40,,,,,,,,,,,,,,,,,,,,,,,,,,,,,,,,,,,,,,,,,,,,,,,,,,,,,,
86.3134779999964,absorbing,,,,,,,L,8,7,49,55,367,361,728,4,4,29,0.346797542006243,0.4275884999660775,0.7743860419723205,0.7760919170104899,332260,567404,142,224,False,False,False,True,332260,142,False,512,0.0006,,22412,0,total_elems,332260,567404,1,1,,,,0.0,142,4,332260,3156,158,40,,,,,,,,,,,,,,,,,,,,,,,,,,,,,,,,,,,,,,,,,,,,,,,,,,,,,,
87.37569229200017,absorbing,,,,,,,R,8,8,49,55,367,365,732,7,4,33,0.5974805839941837,0.43531804101075977,1.0327986250049435,1.033831459004432,497936,490572,213,213,False,False,False,False,490572,213,False,512,0.0006,,22412,0,total_elems,497936,490572,1,1,,,,0.0,213,4,490572,3676,158,40,,,,,,,,,,,,,,,,,,,,,,,,,,,,,,,,,,,,,,,,,,,,,,,,,,,,,,
92.67476491699927,unswapping,,,,,,,,,,,,,,,,,,,,,,,,,,,,,,,,,,,,,,,,,,,,,,,200,4,539700,3448,158,40,0,both,0,20,20,6,6,,,,,0,,,,,,,,,,,,,,,,,,,,,,,,,,,,,,,,,,,,,,,,,,
94.76998345798347,unswapping,,,,,,,,,,,,,,,,,,,,,,,,,,,,,,,,,,,,,,,,,,,,,,,192,4,264100,2422,158,40,0,both,1,19,19,7,13,,,,,0,,,,,,,,,,,,,,,,,,,,,,,,,,,,,,,,,,,,,,,,,,
95.25096091697924,unswapping,,,,,,,,,,,,,,,,,,,,,,,,,,,,,,,,,,,,,,,,,,,,,,,130,4,182896,2116,158,40,0,left,0,20,20,6,19,,,,,12,,,,,,,,,,,,,,,,,,,,,,,,,,,,,,,,,,,,,,,,,,
95.73414508299902,unswapping,,,,,,,,,,,,,,,,,,,,,,,,,,,,,,,,,,,,,,,,,,,,,,,112,4,151284,1990,158,40,0,left,1,19,19,4,23,,,,,20,,,,,,,,,,,,,,,,,,,,,,,,,,,,,,,,,,,,,,,,,,
96.0131734170136,unswapping,,,,,,,,,,,,,,,,,,,,,,,,,,,,,,,,,,,,,,,,,,,,,,,109,4,104492,1712,158,40,0,right,0,20,20,6,29,,,,,24,,,,,,,,,,,,,,,,,,,,,,,,,,,,,,,,,,,,,,,,,,
96.23664995800937,unswapping,,,,,,,,,,,,,,,,,,,,,,,,,,,,,,,,,,,,,,,,,,,,,,,63,4,61484,1460,158,40,0,right,1,19,19,7,36,,,,,34,,,,,,,,,,,,,,,,,,,,,,,,,,,,,,,,,,,,,,,,,,
96.53906362497946,unswapping,,,,,,,,,,,,,,,,,,,,,,,,,,,,,,,,,,,,,,,,,,,,,,,50,4,43000,1284,158,40,1,both,0,20,20,4,4,,,,,40,,,,,,,,,,,,,,,,,,,,,,,,,,,,,,,,,,,,,,,,,,
96.73416833300143,unswapping,,,,,,,,,,,,,,,,,,,,,,,,,,,,,,,,,,,,,,,,,,,,,,,44,4,33728,1206,158,40,1,both,1,19,19,3,7,,,,,42,,,,,,,,,,,,,,,,,,,,,,,,,,,,,,,,,,,,,,,,,,
96.82471558300313,unswapping,,,,,,,,,,,,,,,,,,,,,,,,,,,,,,,,,,,,,,,,,,,,,,,42,4,30632,1172,158,40,1,left,0,20,20,1,8,,,,,44,,,,,,,,,,,,,,,,,,,,,,,,,,,,,,,,,,,,,,,,,,
96.91078475001268,unswapping,,,,,,,,,,,,,,,,,,,,,,,,,,,,,,,,,,,,,,,,,,,,,,,41,4,29508,1160,158,40,1,left,1,19,19,2,10,,,,,46,,,,,,,,,,,,,,,,,,,,,,,,,,,,,,,,,,,,,,,,,,
96.99159091699403,unswapping,,,,,,,,,,,,,,,,,,,,,,,,,,,,,,,,,,,,,,,,,,,,,,,40,4,27440,1114,158,40,1,right,0,20,20,3,13,,,,,50,,,,,,,,,,,,,,,,,,,,,,,,,,,,,,,,,,,,,,,,,,
97.060760458,unswapping,,,,,,,,,,,,,,,,,,,,,,,,,,,,,,,,,,,,,,,,,,,,,,,39,4,24904,1072,158,40,1,right,1,19,19,2,15,,,,,54,,,,,,,,,,,,,,,,,,,,,,,,,,,,,,,,,,,,,,,,,,
97.18444250000175,unswapping,,,,,,,,,,,,,,,,,,,,,,,,,,,,,,,,,,,,,,,,,,,,,,,37,4,23696,1044,158,40,2,both,0,20,20,1,1,,,,,58,,,,,,,,,,,,,,,,,,,,,,,,,,,,,,,,,,,,,,,,,,
97.30301087500993,unswapping,,,,,,,,,,,,,,,,,,,,,,,,,,,,,,,,,,,,,,,,,,,,,,,36,4,22768,1026,158,40,2,both,1,19,19,1,2,,,,,58,,,,,,,,,,,,,,,,,,,,,,,,,,,,,,,,,,,,,,,,,,
97.35474370798329,unswapping,,,,,,,,,,,,,,,,,,,,,,,,,,,,,,,,,,,,,,,,,,,,,,,36,4,22484,1018,158,40,2,left,0,20,20,1,3,,,,,56,,,,,,,,,,,,,,,,,,,,,,,,,,,,,,,,,,,,,,,,,,
97.38860737497453,unswapping,,,,,,,,,,,,,,,,,,,,,,,,,,,,,,,,,,,,,,,,,,,,,,,36,4,22484,1018,158,40,2,left,1,19,19,0,3,,,,,56,,,,,,,,,,,,,,,,,,,,,,,,,,,,,,,,,,,,,,,,,,
97.42258395801764,unswapping,,,,,,,,,,,,,,,,,,,,,,,,,,,,,,,,,,,,,,,,,,,,,,,36,4,22484,1018,158,40,2,right,0,20,20,0,3,,,,,56,,,,,,,,,,,,,,,,,,,,,,,,,,,,,,,,,,,,,,,,,,
97.45679170801304,unswapping,,,,,,,,,,,,,,,,,,,,,,,,,,,,,,,,,,,,,,,,,,,,,,,36,4,22484,1018,158,40,2,right,1,19,19,0,3,,,,,56,,,,,,,,,,,,,,,,,,,,,,,,,,,,,,,,,,,,,,,,,,
97.57389599998714,unswapping,,,,,,,,,,,,,,,,,,,,,,,,,,,,,,,,,,,,,,,,,,,,,,,36,4,22076,1008,158,40,3,both,0,20,20,1,1,,,,,58,,,,,,,,,,,,,,,,,,,,,,,,,,,,,,,,,,,,,,,,,,
97.67999962501926,unswapping,,,,,,,,,,,,,,,,,,,,,,,,,,,,,,,,,,,,,,,,,,,,,,,36,4,21860,1002,158,40,3,both,1,19,19,1,2,,,,,58,,,,,,,,,,,,,,,,,,,,,,,,,,,,,,,,,,,,,,,,,,
97.71383583301213,unswapping,,,,,,,,,,,,,,,,,,,,,,,,,,,,,,,,,,,,,,,,,,,,,,,36,4,21860,1002,158,40,3,left,0,20,20,0,2,,,,,58,,,,,,,,,,,,,,,,,,,,,,,,,,,,,,,,,,,,,,,,,,
97.74697712500347,unswapping,,,,,,,,,,,,,,,,,,,,,,,,,,,,,,,,,,,,,,,,,,,,,,,36,4,21860,1002,158,40,3,left,1,19,19,0,2,,,,,58,,,,,,,,,,,,,,,,,,,,,,,,,,,,,,,,,,,,,,,,,,
97.78033704200061,unswapping,,,,,,,,,,,,,,,,,,,,,,,,,,,,,,,,,,,,,,,,,,,,,,,36,4,21860,1002,158,40,3,right,0,20,20,0,2,,,,,58,,,,,,,,,,,,,,,,,,,,,,,,,,,,,,,,,,,,,,,,,,
97.81315741699655,unswapping,,,,,,,,,,,,,,,,,,,,,,,,,,,,,,,,,,,,,,,,,,,,,,,36,4,21860,1002,158,40,3,right,1,19,19,0,2,,,,,58,,,,,,,,,,,,,,,,,,,,,,,,,,,,,,,,,,,,,,,,,,
97.87915879202774,unswapping,,,,,,,,,,,,,,,,,,,,,,,,,,,,,,,,,,,,,,,,,,,,,,,36,4,21860,1002,158,40,4,both,0,20,20,0,0,,,,,58,,,,,,,,,,,,,,,,,,,,,,,,,,,,,,,,,,,,,,,,,,
97.94566916697659,unswapping,,,,,,,,,,,,,,,,,,,,,,,,,,,,,,,,,,,,,,,,,,,,,,,36,4,21860,1002,158,40,4,both,1,19,19,0,0,,,,,58,,,,,,,,,,,,,,,,,,,,,,,,,,,,,,,,,,,,,,,,,,
97.97828666702844,unswapping,,,,,,,,,,,,,,,,,,,,,,,,,,,,,,,,,,,,,,,,,,,,,,,36,4,21860,1002,158,40,4,left,0,20,20,0,0,,,,,58,,,,,,,,,,,,,,,,,,,,,,,,,,,,,,,,,,,,,,,,,,
98.01066999998875,unswapping,,,,,,,,,,,,,,,,,,,,,,,,,,,,,,,,,,,,,,,,,,,,,,,36,4,21860,1002,158,40,4,left,1,19,19,0,0,,,,,58,,,,,,,,,,,,,,,,,,,,,,,,,,,,,,,,,,,,,,,,,,
98.04208924999693,unswapping,,,,,,,,,,,,,,,,,,,,,,,,,,,,,,,,,,,,,,,,,,,,,,,36,4,21860,1002,158,40,4,right,0,20,20,0,0,,,,,58,,,,,,,,,,,,,,,,,,,,,,,,,,,,,,,,,,,,,,,,,,
98.0731050830218,unswapping,,,,,,,,,,,,,,,,,,,,,,,,,,,,,,,,,,,,,,,,,,,,,,,36,4,21860,1002,158,40,4,right,1,19,19,0,0,,,,,58,,,,,,,,,,,,,,,,,,,,,,,,,,,,,,,,,,,,,,,,,,
98.82367445802083,unswap_cycle_summary,,,,,,,,,,,,367,365,732,,,,,,,,,,,,,,,,,,,512,0.0006,,,,,,,,,,,,,36,4,21860,1002,158,40,,,,,,,,,,,,,,,,,,,,3,9.24478349997662,732,808,76,33,False,,,,,,,,,,,,,,,,,,,,,,,,,,,,
99.03157620801358,rewiring,left,post_unswap,0.18215195799712092,43,False,False,,,,,,,,,,,,,,,,,,,,,,,,,,,,,,,,,,,,,,,,,,,,,,,,,,,,,,,,,,,,,,,,,,3,,,,,,,50,False,33,4,bond_profile,8,False,1,2141,"(187, 36, 14, 8, 10, 112, 32)",0.0032772510894574225,0.17884579102974385,"[{'seed': 123, 'score': (210, 36, 16, 8, 11, 111, 33), 'num_layers': 33, 'total_swaps': 111, 'max_layer_swaps': 6, 'swap_only_layers': 11, 'work_layers': 22, 'unitary_layers': 22, 'first_work_layer': 0, 'leading_no_work_layers': 0, 'bond_profile_layers_scored': 8, 'bond_profile_total_cost': 210, 'bond_profile_max_cost': 36, 'bond_profile_gate_count': 16}, {'seed': 1132, 'score': (249, 36, 20, 8, 12, 112, 32), 'num_layers': 32, 'total_swaps': 112, 'max_layer_swaps': 8, 'swap_only_layers': 12, 'work_layers': 20, 'unitary_layers': 20, 'first_work_layer': 0, 'leading_no_work_layers': 0, 'bond_profile_layers_scored': 8, 'bond_profile_total_cost': 249, 'bond_profile_max_cost': 36, 'bond_profile_gate_count': 20}, {'seed': 2141, 'score': (187, 36, 14, 8, 10, 112, 32), 'num_layers': 32, 'total_swaps': 112, 'max_layer_swaps': 7, 'swap_only_layers': 10, 'work_layers': 22, 'unitary_layers': 22, 'first_work_layer': 0, 'leading_no_work_layers': 0, 'bond_profile_layers_scored': 8, 'bond_profile_total_cost': 187, 'bond_profile_max_cost': 36, 'bond_profile_gate_count': 14}, {'seed': 3150, 'score': (250, 36, 17, 8, 12, 111, 34), 'num_layers': 34, 'total_swaps': 111, 'max_layer_swaps': 6, 'swap_only_layers': 12, 'work_layers': 22, 'unitary_layers': 22, 'first_work_layer': 0, 'leading_no_work_layers': 0, 'bond_profile_layers_scored': 8, 'bond_profile_total_cost': 250, 'bond_profile_max_cost': 36, 'bond_profile_gate_count': 17}]",0.18214479100424796,0.4572880420018919,,,,,,,,,,,,,
99.30647245800355,rewiring,right,post_unswap,0.2744729580008425,49,False,False,,,,,,,,,,,,,,,,,,,,,,,,,,,,,,,,,,,,,,,,,,,,,,,,,,,,,,,,,,,,,,,,,,3,,,,,,,50,False,33,4,bond_profile,8,False,1,1132,"(139, 16, 17, 8, 31, 139, 54)",0.0035662910668179393,0.2708691250300035,"[{'seed': 123, 'score': (143, 16, 18, 8, 36, 138, 59), 'num_layers': 59, 'total_swaps': 138, 'max_layer_swaps': 9, 'swap_only_layers': 36, 'work_layers': 23, 'unitary_layers': 23, 'first_work_layer': 0, 'leading_no_work_layers': 0, 'bond_profile_layers_scored': 8, 'bond_profile_total_cost': 143, 'bond_profile_max_cost': 16, 'bond_profile_gate_count': 18}, {'seed': 1132, 'score': (139, 16, 17, 8, 31, 139, 54), 'num_layers': 54, 'total_swaps': 139, 'max_layer_swaps': 9, 'swap_only_layers': 31, 'work_layers': 23, 'unitary_layers': 23, 'first_work_layer': 0, 'leading_no_work_layers': 0, 'bond_profile_layers_scored': 8, 'bond_profile_total_cost': 139, 'bond_profile_max_cost': 16, 'bond_profile_gate_count': 17}, {'seed': 2141, 'score': (185, 28, 20, 8, 36, 138, 55), 'num_layers': 55, 'total_swaps': 138, 'max_layer_swaps': 9, 'swap_only_layers': 36, 'work_layers': 19, 'unitary_layers': 19, 'first_work_layer': 0, 'leading_no_work_layers': 0, 'bond_profile_layers_scored': 8, 'bond_profile_total_cost': 185, 'bond_profile_max_cost': 28, 'bond_profile_gate_count': 20}, {'seed': 3150, 'score': (181, 28, 19, 8, 32, 139, 55), 'num_layers': 55, 'total_swaps': 139, 'max_layer_swaps': 9, 'swap_only_layers': 32, 'work_layers': 23, 'unitary_layers': 23, 'first_work_layer': 0, 'leading_no_work_layers': 0, 'bond_profile_layers_scored': 8, 'bond_profile_total_cost': 181, 'bond_profile_max_cost': 28, 'bond_profile_gate_count': 19}]",0.274463374982588,0.4572880420018919,,,,,,,,,,,,,
99.36193091701716,cycle_progress,,,,,,,,,,,,367,365,732,,,,,,,,,,,,,,,,,,,512,0.0006,,22412,0,,,,,,,,,,36,4,21860,1002,158,40,,,,,,,,,,,,,,,,,,,,3,,732,808,76,33,False,,,,,,,,,,,,,,,0.4572880420018919,,,,,,,,,,,,,
99.46583683299832,absorbing,,,,,,,L,1,0,32,54,370,365,735,4,3,3,0.0328953749849461,0.03459333401406184,0.06748870899900794,0.07403191702906042,23332,28804,36,36,False,False,False,False,23332,36,False,512,0.0006,,21860,0,total_elems,23332,28804,1,1,,,,0.0,36,4,23332,1040,158,40,,,,,,,,,,,,,,,,,,,,,,,,,,,,,,,,,,,,,,,,,,,,,,,,,,,,,,
99.58634212502511,absorbing,,,,,,,L,2,0,32,54,371,365,736,5,1,4,0.05547691596439108,0.033968000032473356,0.08944491599686444,0.09092849999433383,29376,30404,54,36,False,False,False,False,29376,54,False,512,0.0006,,21860,0,total_elems,29376,30404,1,1,,,,0.0,54,4,29376,1106,158,40,,,,,,,,,,,,,,,,,,,,,,,,,,,,,,,,,,,,,,,,,,,,,,,,,,,,,,
99.70030987501377,absorbing,,,,,,,L,3,0,32,54,373,365,738,4,2,6,0.04402945801848546,0.03989949997048825,0.08392895798897371,0.08453812502557412,33192,35000,52,52,False,False,False,False,33192,52,False,512,0.0006,,21860,0,total_elems,33192,35000,1,1,,,,0.0,52,4,33192,1190,158,40,,,,,,,,,,,,,,,,,,,,,,,,,,,,,,,,,,,,,,,,,,,,,,,,,,,,,,
99.84112054202706,absorbing,,,,,,,L,4,0,32,54,376,365,741,3,3,9,0.06157100002747029,0.04721233301097527,0.10878333303844556,0.10944000002928078,37572,39312,52,51,False,False,False,False,37572,52,False,512,0.0006,,21860,0,total_elems,37572,39312,1,1,,,,0.0,52,4,37572,1244,158,40,,,,,,,,,,,,,,,,,,,,,,,,,,,,,,,,,,,,,,,,,,,,,,,,,,,,,,
99.96975874999771,absorbing,,,,,,,L,5,0,32,54,376,365,741,5,0,9,0.04657783295260742,0.048707749985624105,0.09528558293823153,0.09776145801879466,39068,45812,50,50,False,False,False,False,39068,50,False,512,0.0006,,21860,0,total_elems,39068,45812,1,1,,,,0.0,50,4,39068,1238,158,40,,,,,,,,,,,,,,,,,,,,,,,,,,,,,,,,,,,,,,,,,,,,,,,,,,,,,,
100.10431800002698,absorbing,,,,,,,L,6,0,32,54,378,365,743,3,2,11,0.05178429197985679,0.052325083990581334,0.10410937597043812,0.10473899997305125,44720,47224,48,48,False,False,False,False,44720,48,False,512,0.0006,,21860,0,total_elems,44720,47224,1,1,,,,0.0,48,4,44720,1294,158,40,,,,,,,,,,,,,,,,,,,,,,,,,,,,,,,,,,,,,,,,,,,,,,,,,,,,,,
100.27519920800114,absorbing,,,,,,,R,6,1,32,54,378,367,745,8,2,13,0.08765504200709984,0.05114950001006946,0.1388045420171693,0.14136287494329736,63928,51688,91,46,False,False,False,False,51688,46,False,512,0.0006,,21860,0,total_elems,63928,51688,1,1,,,,0.0,46,4,51688,1440,158,40,,,,,,,,,,,,,,,,,,,,,,,,,,,,,,,,,,,,,,,,,,,,,,,,,,,,,,
100.50233375001699,absorbing,,,,,,,L,7,1,32,54,379,367,746,3,1,14,0.09408495796378702,0.10052866698242724,0.19461362494621426,0.19608133303700015,71160,117008,88,86,False,False,False,False,71160,88,False,512,0.0006,,21860,0,total_elems,71160,117008,1,1,,,,0.0,88,4,71160,1590,158,40,,,,,,,,,,,,,,,,,,,,,,,,,,,,,,,,,,,,,,,,,,,,,,,,,,,,,,
100.73017529200297,absorbing,,,,,,,L,8,1,32,54,380,367,747,3,1,15,0.06719270802568644,0.12995600001886487,0.1971487080445513,0.19836358400061727,79496,154028,86,86,False,False,False,False,79496,86,False,512,0.0006,,21860,0,total_elems,79496,154028,1,1,,,,0.0,86,4,79496,1740,158,40,,,,,,,,,,,,,,,,,,,,,,,,,,,,,,,,,,,,,,,,,,,,,,,,,,,,,,
101.0178468329832,absorbing,,,,,,,L,9,1,32,54,381,367,748,4,1,16,0.1289600419695489,0.1262922910391353,0.2552523330086842,0.25747308298014104,60968,167748,60,84,False,False,False,False,60968,60,False,512,0.0006,,21860,0,total_elems,60968,167748,1,1,,,,0.0,60,4,60968,1608,158,40,,,,,,,,,,,,,,,,,,,,,,,,,,,,,,,,,,,,,,,,,,,,,,,,,,,,,,
101.23345887497999,absorbing,,,,,,,L,10,1,32,54,382,367,749,6,1,17,0.06836395803838968,0.1169954159995541,0.18535937403794378,0.1860002499888651,60928,135444,44,84,False,False,False,False,60928,44,False,512,0.0006,,21860,0,total_elems,60928,135444,1,1,,,,0.0,44,4,60928,1582,158,40,,,,,,,,,,,,,,,,,,,,,,,,,,,,,,,,,,,,,,,,,,,,,,,,,,,,,,
101.4453202500008,absorbing,,,,,,,L,11,1,32,54,383,367,750,3,1,18,0.07433025003410876,0.10784087498905137,0.18217112502316013,0.18273295799735934,68796,135992,56,116,False,False,False,False,68796,56,False,512,0.0006,,21860,0,total_elems,68796,135992,1,1,,,,0.0,56,4,68796,1636,158,40,,,,,,,,,,,,,,,,,,,,,,,,,,,,,,,,,,,,,,,,,,,,,,,,,,,,,,
101.65456604200881,absorbing,,,,,,,L,12,1,32,54,383,367,750,4,0,18,0.06216800003312528,0.11645158403553069,0.17861958406865597,0.17916233302094042,78112,127488,64,116,False,False,False,False,78112,64,False,512,0.0006,,21860,0,total_elems,78112,127488,1,1,,,,0.0,64,4,78112,1710,158,40,,,,,,,,,,,,,,,,,,,,,,,,,,,,,,,,,,,,,,,,,,,,,,,,,,,,,,
101.9100137919886,absorbing,,,,,,,L,13,1,32,54,384,367,751,4,1,19,0.09966283303219825,0.12402883399045095,0.2236916670226492,0.22517062502447516,87736,144876,63,116,False,False,False,False,87736,63,False,512,0.0006,,21860,0,total_elems,87736,144876,1,1,,,,0.0,63,4,87736,1808,158,40,,,,,,,,,,,,,,,,,,,,,,,,,,,,,,,,,,,,,,,,,,,,,,,,,,,,,,
102.214853707992,absorbing,,,,,,,L,14,1,32,54,388,367,755,2,4,23,0.12714075000258163,0.1450669170008041,0.2722076670033857,0.274135917017702,132512,166752,87,122,False,False,False,False,132512,87,False,512,0.0006,,21860,0,total_elems,132512,166752,1,1,,,,0.0,87,4,132512,2236,158,40,,,,,,,,,,,,,,,,,,,,,,,,,,,,,,,,,,,,,,,,,,,,,,,,,,,,,,
102.53869433299406,absorbing,,,,,,,L,15,1,32,54,390,367,757,4,2,25,0.11685695801861584,0.1757039590156637,0.29256091703427956,0.2931578329880722,133728,225180,81,121,False,False,False,False,133728,81,False,512,0.0006,,21860,0,total_elems,133728,225180,1,1,,,,0.0,81,4,133728,2272,158,40,,,,,,,,,,,,,,,,,,,,,,,,,,,,,,,,,,,,,,,,,,,,,,,,,,,,,,
102.9221957079717,absorbing,,,,,,,L,16,1,32,54,392,367,759,5,2,27,0.174182791961357,0.17886816599639133,0.3530509579577483,0.3544912909856066,163652,224284,67,120,False,False,False,False,163652,67,False,512,0.0006,,21860,0,total_elems,163652,224284,1,1,,,,0.0,67,4,163652,2462,158,40,,,,,,,,,,,,,,,,,,,,,,,,,,,,,,,,,,,,,,,,,,,,,,,,,,,,,,
103.28769420797471,absorbing,,,,,,,L,17,1,32,54,392,367,759,7,0,27,0.1211561249801889,0.21286566701019183,0.33402179199038073,0.3350792079581879,170860,263172,99,117,False,False,False,False,170860,99,False,512,0.0006,,21860,0,total_elems,170860,263172,1,1,,,,0.0,99,4,170860,2504,158,40,,,,,,,,,,,,,,,,,,,,,,,,,,,,,,,,,,,,,,,,,,,,,,,,,,,,,,
103.78954712499399,absorbing,,,,,,,L,18,1,32,54,395,367,762,5,3,30,0.2612267500371672,0.20968520804308355,0.47091195808025077,0.47157458297442645,205000,250604,93,116,False,False,False,False,205000,93,False,512,0.0006,,21860,0,total_elems,205000,250604,1,1,,,,0.0,93,4,205000,2752,158,40,,,,,,,,,,,,,,,,,,,,,,,,,,,,,,,,,,,,,,,,,,,,,,,,,,,,,,
104.25325195799815,absorbing,,,,,,,L,19,1,32,54,395,367,762,6,0,30,0.18225179199362174,0.2495034160092473,0.43175520800286904,0.433076124987565,273028,278568,104,116,False,False,False,False,273028,104,False,512,0.0006,,21860,0,total_elems,273028,278568,1,1,,,,0.0,104,4,273028,3168,158,40,,,,,,,,,,,,,,,,,,,,,,,,,,,,,,,,,,,,,,,,,,,,,,,,,,,,,,
104.87053829198703,absorbing,,,,,,,R,19,2,32,54,395,371,766,8,4,34,0.2842640840099193,0.3006223750417121,0.5848864590516314,0.5863957499968819,371232,329844,123,116,False,False,False,False,329844,116,False,512,0.0006,,21860,0,total_elems,371232,329844,1,1,,,,0.0,116,4,329844,3540,158,40,,,,,,,,,,,,,,,,,,,,,,,,,,,,,,,,,,,,,,,,,,,,,,,,,,,,,,
105.69258129200898,absorbing,,,,,,,L,20,2,32,54,395,371,766,5,0,34,0.42402370902709663,0.3651932079810649,0.7892169170081615,0.7898899579886347,425068,443084,123,125,False,False,False,False,425068,123,False,512,0.0006,,21860,0,total_elems,425068,443084,1,1,,,,0.0,123,4,425068,3964,158,40,,,,,,,,,,,,,,,,,,,,,,,,,,,,,,,,,,,,,,,,,,,,,,,,,,,,,,
106.67768916697241,absorbing,,,,,,,L,21,2,32,54,396,371,767,4,1,35,0.3692950830445625,0.582919624983333,0.9522147080278955,0.9547188330325298,485472,600076,153,174,False,False,False,True,485472,153,False,512,0.0006,,21860,0,total_elems,485472,600076,1,1,,,,0.0,153,4,485472,4278,158,40,,,,,,,,,,,,,,,,,,,,,,,,,,,,,,,,,,,,,,,,,,,,,,,,,,,,,,
111.27411683299579,unswapping,,,,,,,,,,,,,,,,,,,,,,,,,,,,,,,,,,,,,,,,,,,,,,,233,4,562612,4484,158,40,0,both,0,20,20,3,3,,,,,0,,,,,,,,,,,,,,,,,,,,,,,,,,,,,,,,,,,,,,,,,,
113.43235833302606,unswapping,,,,,,,,,,,,,,,,,,,,,,,,,,,,,,,,,,,,,,,,,,,,,,,102,4,339576,3482,158,40,0,both,1,19,19,6,9,,,,,0,,,,,,,,,,,,,,,,,,,,,,,,,,,,,,,,,,,,,,,,,,
114.1567020000075,unswapping,,,,,,,,,,,,,,,,,,,,,,,,,,,,,,,,,,,,,,,,,,,,,,,99,4,251836,3032,158,40,0,left,0,20,20,7,16,,,,,14,,,,,,,,,,,,,,,,,,,,,,,,,,,,,,,,,,,,,,,,,,
114.70849420799641,unswapping,,,,,,,,,,,,,,,,,,,,,,,,,,,,,,,,,,,,,,,,,,,,,,,91,4,196308,2718,158,40,0,left,1,19,19,5,21,,,,,24,,,,,,,,,,,,,,,,,,,,,,,,,,,,,,,,,,,,,,,,,,
115.2147644169745,unswapping,,,,,,,,,,,,,,,,,,,,,,,,,,,,,,,,,,,,,,,,,,,,,,,71,4,148448,2392,158,40,0,right,0,20,20,7,28,,,,,34,,,,,,,,,,,,,,,,,,,,,,,,,,,,,,,,,,,,,,,,,,
115.53439091698965,unswapping,,,,,,,,,,,,,,,,,,,,,,,,,,,,,,,,,,,,,,,,,,,,,,,64,4,135864,2272,158,40,0,right,1,19,19,3,31,,,,,40,,,,,,,,,,,,,,,,,,,,,,,,,,,,,,,,,,,,,,,,,,
116.29313191701658,unswapping,,,,,,,,,,,,,,,,,,,,,,,,,,,,,,,,,,,,,,,,,,,,,,,64,4,122344,2176,158,40,1,both,0,20,20,2,2,,,,,40,,,,,,,,,,,,,,,,,,,,,,,,,,,,,,,,,,,,,,,,,,
116.82544804201461,unswapping,,,,,,,,,,,,,,,,,,,,,,,,,,,,,,,,,,,,,,,,,,,,,,,64,4,112032,2088,158,40,1,both,1,19,19,2,4,,,,,48,,,,,,,,,,,,,,,,,,,,,,,,,,,,,,,,,,,,,,,,,,
117.08309333299985,unswapping,,,,,,,,,,,,,,,,,,,,,,,,,,,,,,,,,,,,,,,,,,,,,,,64,4,108328,2050,158,40,1,left,0,20,20,1,5,,,,,48,,,,,,,,,,,,,,,,,,,,,,,,,,,,,,,,,,,,,,,,,,
117.30633729201509,unswapping,,,,,,,,,,,,,,,,,,,,,,,,,,,,,,,,,,,,,,,,,,,,,,,64,4,104848,2008,158,40,1,left,1,19,19,2,7,,,,,52,,,,,,,,,,,,,,,,,,,,,,,,,,,,,,,,,,,,,,,,,,
117.50138891697861,unswapping,,,,,,,,,,,,,,,,,,,,,,,,,,,,,,,,,,,,,,,,,,,,,,,64,4,104848,2008,158,40,1,right,0,20,20,0,7,,,,,52,,,,,,,,,,,,,,,,,,,,,,,,,,,,,,,,,,,,,,,,,,
117.72001241700491,unswapping,,,,,,,,,,,,,,,,,,,,,,,,,,,,,,,,,,,,,,,,,,,,,,,64,4,101808,1978,158,40,1,right,1,19,19,1,8,,,,,50,,,,,,,,,,,,,,,,,,,,,,,,,,,,,,,,,,,,,,,,,,
118.23652041697642,unswapping,,,,,,,,,,,,,,,,,,,,,,,,,,,,,,,,,,,,,,,,,,,,,,,64,4,99004,1948,158,40,2,both,0,20,20,2,2,,,,,52,,,,,,,,,,,,,,,,,,,,,,,,,,,,,,,,,,,,,,,,,,
118.56250083300984,unswapping,,,,,,,,,,,,,,,,,,,,,,,,,,,,,,,,,,,,,,,,,,,,,,,64,4,99004,1948,158,40,2,both,1,19,19,0,2,,,,,52,,,,,,,,,,,,,,,,,,,,,,,,,,,,,,,,,,,,,,,,,,
118.73515483300434,unswapping,,,,,,,,,,,,,,,,,,,,,,,,,,,,,,,,,,,,,,,,,,,,,,,64,4,99004,1948,158,40,2,left,0,20,20,0,2,,,,,52,,,,,,,,,,,,,,,,,,,,,,,,,,,,,,,,,,,,,,,,,,
118.87573766702553,unswapping,,,,,,,,,,,,,,,,,,,,,,,,,,,,,,,,,,,,,,,,,,,,,,,64,4,99004,1948,158,40,2,left,1,19,19,0,2,,,,,52,,,,,,,,,,,,,,,,,,,,,,,,,,,,,,,,,,,,,,,,,,
119.04563770798268,unswapping,,,,,,,,,,,,,,,,,,,,,,,,,,,,,,,,,,,,,,,,,,,,,,,64,4,99004,1948,158,40,2,right,0,20,20,0,2,,,,,52,,,,,,,,,,,,,,,,,,,,,,,,,,,,,,,,,,,,,,,,,,
119.18054949998623,unswapping,,,,,,,,,,,,,,,,,,,,,,,,,,,,,,,,,,,,,,,,,,,,,,,64,4,99004,1948,158,40,2,right,1,19,19,0,2,,,,,52,,,,,,,,,,,,,,,,,,,,,,,,,,,,,,,,,,,,,,,,,,
119.57632450002711,unswapping,,,,,,,,,,,,,,,,,,,,,,,,,,,,,,,,,,,,,,,,,,,,,,,64,4,99004,1948,158,40,3,both,0,20,20,0,0,,,,,52,,,,,,,,,,,,,,,,,,,,,,,,,,,,,,,,,,,,,,,,,,
119.87489295797423,unswapping,,,,,,,,,,,,,,,,,,,,,,,,,,,,,,,,,,,,,,,,,,,,,,,64,4,99004,1948,158,40,3,both,1,19,19,0,0,,,,,52,,,,,,,,,,,,,,,,,,,,,,,,,,,,,,,,,,,,,,,,,,
120.04895366699202,unswapping,,,,,,,,,,,,,,,,,,,,,,,,,,,,,,,,,,,,,,,,,,,,,,,64,4,99004,1948,158,40,3,left,0,20,20,0,0,,,,,52,,,,,,,,,,,,,,,,,,,,,,,,,,,,,,,,,,,,,,,,,,
120.17932404199382,unswapping,,,,,,,,,,,,,,,,,,,,,,,,,,,,,,,,,,,,,,,,,,,,,,,64,4,99004,1948,158,40,3,left,1,19,19,0,0,,,,,52,,,,,,,,,,,,,,,,,,,,,,,,,,,,,,,,,,,,,,,,,,
120.34548683301546,unswapping,,,,,,,,,,,,,,,,,,,,,,,,,,,,,,,,,,,,,,,,,,,,,,,64,4,99004,1948,158,40,3,right,0,20,20,0,0,,,,,52,,,,,,,,,,,,,,,,,,,,,,,,,,,,,,,,,,,,,,,,,,
120.48278191697318,unswapping,,,,,,,,,,,,,,,,,,,,,,,,,,,,,,,,,,,,,,,,,,,,,,,64,4,99004,1948,158,40,3,right,1,19,19,0,0,,,,,52,,,,,,,,,,,,,,,,,,,,,,,,,,,,,,,,,,,,,,,,,,
121.1432095830096,unswap_cycle_summary,,,,,,,,,,,,396,371,767,,,,,,,,,,,,,,,,,,,512,0.0006,,,,,,,,,,,,,64,4,99004,1948,158,40,,,,,,,,,,,,,,,,,,,,4,12.775189625041094,767,808,41,35,False,,,,,,,,,,,,,,,,,,,,,,,,,,,,
121.2876658749883,rewiring,left,post_unswap,0.11539316695416346,13,False,False,,,,,,,,,,,,,,,,,,,,,,,,,,,,,,,,,,,,,,,,,,,,,,,,,,,,,,,,,,,,,,,,,,4,,,,,,,50,False,35,4,bond_profile,8,False,1,2141,"(193, 45, 8, 8, 8, 41, 16)",0.00266487302724272,0.11270099988905713,"[{'seed': 123, 'score': (220, 45, 8, 8, 10, 41, 18), 'num_layers': 18, 'total_swaps': 41, 'max_layer_swaps': 6, 'swap_only_layers': 10, 'work_layers': 8, 'unitary_layers': 8, 'first_work_layer': 5, 'leading_no_work_layers': 5, 'bond_profile_layers_scored': 8, 'bond_profile_total_cost': 220, 'bond_profile_max_cost': 45, 'bond_profile_gate_count': 8}, {'seed': 1132, 'score': (237, 45, 8, 8, 9, 41, 17), 'num_layers': 17, 'total_swaps': 41, 'max_layer_swaps': 6, 'swap_only_layers': 9, 'work_layers': 8, 'unitary_layers': 8, 'first_work_layer': 5, 'leading_no_work_layers': 5, 'bond_profile_layers_scored': 8, 'bond_profile_total_cost': 237, 'bond_profile_max_cost': 45, 'bond_profile_gate_count': 8}, {'seed': 2141, 'score': (193, 45, 8, 8, 8, 41, 16), 'num_layers': 16, 'total_swaps': 41, 'max_layer_swaps': 6, 'swap_only_layers': 8, 'work_layers': 8, 'unitary_layers': 8, 'first_work_layer': 5, 'leading_no_work_layers': 5, 'bond_profile_layers_scored': 8, 'bond_profile_total_cost': 193, 'bond_profile_max_cost': 45, 'bond_profile_gate_count': 8}, {'seed': 3150, 'score': (209, 45, 8, 8, 8, 41, 16), 'num_layers': 16, 'total_swaps': 41, 'max_layer_swaps': 6, 'swap_only_layers': 8, 'work_layers': 8, 'unitary_layers': 8, 'first_work_layer': 5, 'leading_no_work_layers': 5, 'bond_profile_layers_scored': 8, 'bond_profile_total_cost': 209, 'bond_profile_max_cost': 45, 'bond_profile_gate_count': 8}]",0.11538562504574656,0.2942343750037253,,,,,,,,,,,,,
121.46619795798324,rewiring,right,post_unswap,0.1783008329803124,54,False,False,,,,,,,,,,,,,,,,,,,,,,,,,,,,,,,,,,,,,,,,,,,,,,,,,,,,,,,,,,,,,,,,,,4,,,,,,,50,False,35,4,bond_profile,8,False,1,3150,"(368, 64, 13, 8, 26, 127, 49)",0.003208416048437357,0.17506424896419048,"[{'seed': 123, 'score': (372, 64, 13, 8, 27, 128, 49), 'num_layers': 49, 'total_swaps': 128, 'max_layer_swaps': 12, 'swap_only_layers': 27, 'work_layers': 22, 'unitary_layers': 22, 'first_work_layer': 0, 'leading_no_work_layers': 0, 'bond_profile_layers_scored': 8, 'bond_profile_total_cost': 372, 'bond_profile_max_cost': 64, 'bond_profile_gate_count': 13}, {'seed': 1132, 'score': (368, 64, 13, 8, 26, 128, 49), 'num_layers': 49, 'total_swaps': 128, 'max_layer_swaps': 12, 'swap_only_layers': 26, 'work_layers': 23, 'unitary_layers': 23, 'first_work_layer': 0, 'leading_no_work_layers': 0, 'bond_profile_layers_scored': 8, 'bond_profile_total_cost': 368, 'bond_profile_max_cost': 64, 'bond_profile_gate_count': 13}, {'seed': 2141, 'score': (368, 64, 13, 8, 26, 128, 49), 'num_layers': 49, 'total_swaps': 128, 'max_layer_swaps': 12, 'swap_only_layers': 26, 'work_layers': 23, 'unitary_layers': 23, 'first_work_layer': 0, 'leading_no_work_layers': 0, 'bond_profile_layers_scored': 8, 'bond_profile_total_cost': 368, 'bond_profile_max_cost': 64, 'bond_profile_gate_count': 13}, {'seed': 3150, 'score': (368, 64, 13, 8, 26, 127, 49), 'num_layers': 49, 'total_swaps': 127, 'max_layer_swaps': 12, 'swap_only_layers': 26, 'work_layers': 23, 'unitary_layers': 23, 'first_work_layer': 0, 'leading_no_work_layers': 0, 'bond_profile_layers_scored': 8, 'bond_profile_total_cost': 368, 'bond_profile_max_cost': 64, 'bond_profile_gate_count': 13}]",0.1782930830377154,0.2942343750037253,,,,,,,,,,,,,
121.52423224999802,cycle_progress,,,,,,,,,,,,396,371,767,,,,,,,,,,,,,,,,,,,512,0.0006,,21860,0,,,,,,,,,,64,4,99004,1948,158,40,,,,,,,,,,,,,,,,,,,,4,,767,808,41,35,False,,,,,,,,,,,,,,,0.2942343750037253,,,,,,,,,,,,,
121.75407595798606,absorbing,,,,,,,L,1,0,16,49,396,371,767,3,0,0,0.05183262500213459,0.13989479199517518,0.19172741699730977,0.19900125003186986,98108,164556,64,115,False,False,False,False,98108,64,False,512,0.0006,,99004,0,total_elems,98108,164556,1,1,,,,0.0,64,4,98108,1940,158,40,,,,,,,,,,,,,,,,,,,,,,,,,,,,,,,,,,,,,,,,,,,,,,,,,,,,,,
121.97357816697331,absorbing,,,,,,,L,2,0,16,49,396,371,767,5,0,0,0.05577470804564655,0.13140974997077137,0.18718445801641792,0.18794112501200289,99424,163680,64,115,False,False,False,False,99424,64,False,512,0.0006,,99004,0,total_elems,99424,163680,1,1,,,,0.0,64,4,99424,1990,158,40,,,,,,,,,,,,,,,,,,,,,,,,,,,,,,,,,,,,,,,,,,,,,,,,,,,,,,
122.19392758299364,absorbing,,,,,,,L,3,0,16,49,396,371,767,6,0,0,0.06350675004068762,0.12486250000074506,0.18836925004143268,0.1896869590273127,107340,163788,64,115,False,False,False,False,107340,64,False,512,0.0006,,99004,0,total_elems,107340,163788,1,1,,,,0.0,64,4,107340,2124,158,40,,,,,,,,,,,,,,,,,,,,,,,,,,,,,,,,,,,,,,,,,,,,,,,,,,,,,,
122.4470452920068,absorbing,,,,,,,L,4,0,16,49,396,371,767,4,0,0,0.0840189169975929,0.1372554170084186,0.22127433400601149,0.22183287498774007,152856,173840,64,115,False,False,False,False,152856,64,False,512,0.0006,,99004,0,total_elems,152856,173840,1,1,,,,0.0,64,4,152856,2530,158,40,,,,,,,,,,,,,,,,,,,,,,,,,,,,,,,,,,,,,,,,,,,,,,,,,,,,,,
122.82100545801222,absorbing,,,,,,,L,5,0,16,49,396,371,767,4,0,0,0.15632979100337252,0.18545450002420694,0.34178429102757946,0.3427816249895841,217348,227020,119,115,False,False,False,False,217348,119,False,512,0.0006,,99004,0,total_elems,217348,227020,1,1,,,,0.0,119,4,217348,2862,158,40,,,,,,,,,,,,,,,,,,,,,,,,,,,,,,,,,,,,,,,,,,,,,,,,,,,,,,
123.35628020798322,absorbing,,,,,,,R,5,1,16,49,396,372,768,10,1,1,0.2622584169730544,0.23959554097382352,0.5018539579468779,0.5026674999971874,438660,317456,177,115,False,False,False,False,317456,115,False,512,0.0006,,99004,0,total_elems,438660,317456,1,1,,,,0.0,115,4,317456,3394,158,40,,,,,,,,,,,,,,,,,,,,,,,,,,,,,,,,,,,,,,,,,,,,,,,,,,,,,,
126.2731797079905,unswapping,,,,,,,,,,,,,,,,,,,,,,,,,,,,,,,,,,,,,,,,,,,,,,,111,4,267768,3222,158,40,0,both,0,20,20,5,5,,,,,0,,,,,,,,,,,,,,,,,,,,,,,,,,,,,,,,,,,,,,,,,,
127.29261487501208,unswapping,,,,,,,,,,,,,,,,,,,,,,,,,,,,,,,,,,,,,,,,,,,,,,,82,4,195608,2720,158,40,0,both,1,19,19,6,11,,,,,0,,,,,,,,,,,,,,,,,,,,,,,,,,,,,,,,,,,,,,,,,,
127.84554783301428,unswapping,,,,,,,,,,,,,,,,,,,,,,,,,,,,,,,,,,,,,,,,,,,,,,,64,4,144964,2420,158,40,0,left,0,20,20,4,15,,,,,8,,,,,,,,,,,,,,,,,,,,,,,,,,,,,,,,,,,,,,,,,,
128.15716670802794,unswapping,,,,,,,,,,,,,,,,,,,,,,,,,,,,,,,,,,,,,,,,,,,,,,,64,4,121880,2180,158,40,0,left,1,19,19,7,22,,,,,22,,,,,,,,,,,,,,,,,,,,,,,,,,,,,,,,,,,,,,,,,,
128.4505885419785,unswapping,,,,,,,,,,,,,,,,,,,,,,,,,,,,,,,,,,,,,,,,,,,,,,,64,4,106524,2054,158,40,0,right,0,20,20,5,27,,,,,32,,,,,,,,,,,,,,,,,,,,,,,,,,,,,,,,,,,,,,,,,,
128.6813022500137,unswapping,,,,,,,,,,,,,,,,,,,,,,,,,,,,,,,,,,,,,,,,,,,,,,,64,4,99028,1974,158,40,0,right,1,19,19,4,31,,,,,40,,,,,,,,,,,,,,,,,,,,,,,,,,,,,,,,,,,,,,,,,,
129.25277841702336,unswapping,,,,,,,,,,,,,,,,,,,,,,,,,,,,,,,,,,,,,,,,,,,,,,,64,4,93060,1902,158,40,1,both,0,20,20,3,3,,,,,44,,,,,,,,,,,,,,,,,,,,,,,,,,,,,,,,,,,,,,,,,,
129.64891824999359,unswapping,,,,,,,,,,,,,,,,,,,,,,,,,,,,,,,,,,,,,,,,,,,,,,,64,4,92096,1884,158,40,1,both,1,19,19,1,4,,,,,46,,,,,,,,,,,,,,,,,,,,,,,,,,,,,,,,,,,,,,,,,,
129.81137800001306,unswapping,,,,,,,,,,,,,,,,,,,,,,,,,,,,,,,,,,,,,,,,,,,,,,,64,4,92096,1884,158,40,1,left,0,20,20,0,4,,,,,46,,,,,,,,,,,,,,,,,,,,,,,,,,,,,,,,,,,,,,,,,,
129.9954211669974,unswapping,,,,,,,,,,,,,,,,,,,,,,,,,,,,,,,,,,,,,,,,,,,,,,,64,4,90944,1868,158,40,1,left,1,19,19,1,5,,,,,46,,,,,,,,,,,,,,,,,,,,,,,,,,,,,,,,,,,,,,,,,,
130.2120992920245,unswapping,,,,,,,,,,,,,,,,,,,,,,,,,,,,,,,,,,,,,,,,,,,,,,,64,4,89984,1848,158,40,1,right,0,20,20,1,6,,,,,44,,,,,,,,,,,,,,,,,,,,,,,,,,,,,,,,,,,,,,,,,,
130.3434201250202,unswapping,,,,,,,,,,,,,,,,,,,,,,,,,,,,,,,,,,,,,,,,,,,,,,,64,4,89984,1848,158,40,1,right,1,19,19,0,6,,,,,44,,,,,,,,,,,,,,,,,,,,,,,,,,,,,,,,,,,,,,,,,,
130.78005658299662,unswapping,,,,,,,,,,,,,,,,,,,,,,,,,,,,,,,,,,,,,,,,,,,,,,,64,4,89792,1840,158,40,2,both,0,20,20,1,1,,,,,46,,,,,,,,,,,,,,,,,,,,,,,,,,,,,,,,,,,,,,,,,,
131.0809492500266,unswapping,,,,,,,,,,,,,,,,,,,,,,,,,,,,,,,,,,,,,,,,,,,,,,,64,4,89792,1840,158,40,2,both,1,19,19,0,1,,,,,46,,,,,,,,,,,,,,,,,,,,,,,,,,,,,,,,,,,,,,,,,,
131.23810295801377,unswapping,,,,,,,,,,,,,,,,,,,,,,,,,,,,,,,,,,,,,,,,,,,,,,,64,4,89792,1840,158,40,2,left,0,20,20,0,1,,,,,46,,,,,,,,,,,,,,,,,,,,,,,,,,,,,,,,,,,,,,,,,,
131.38325054198503,unswapping,,,,,,,,,,,,,,,,,,,,,,,,,,,,,,,,,,,,,,,,,,,,,,,64,4,89792,1840,158,40,2,left,1,19,19,0,1,,,,,46,,,,,,,,,,,,,,,,,,,,,,,,,,,,,,,,,,,,,,,,,,
131.55105179199018,unswapping,,,,,,,,,,,,,,,,,,,,,,,,,,,,,,,,,,,,,,,,,,,,,,,64,4,89792,1840,158,40,2,right,0,20,20,0,1,,,,,46,,,,,,,,,,,,,,,,,,,,,,,,,,,,,,,,,,,,,,,,,,
131.6877863749978,unswapping,,,,,,,,,,,,,,,,,,,,,,,,,,,,,,,,,,,,,,,,,,,,,,,64,4,89792,1840,158,40,2,right,1,19,19,0,1,,,,,46,,,,,,,,,,,,,,,,,,,,,,,,,,,,,,,,,,,,,,,,,,
132.0553830420249,unswapping,,,,,,,,,,,,,,,,,,,,,,,,,,,,,,,,,,,,,,,,,,,,,,,64,4,89792,1840,158,40,3,both,0,20,20,0,0,,,,,46,,,,,,,,,,,,,,,,,,,,,,,,,,,,,,,,,,,,,,,,,,
132.33615699998336,unswapping,,,,,,,,,,,,,,,,,,,,,,,,,,,,,,,,,,,,,,,,,,,,,,,64,4,89792,1840,158,40,3,both,1,19,19,0,0,,,,,46,,,,,,,,,,,,,,,,,,,,,,,,,,,,,,,,,,,,,,,,,,
132.4892839170061,unswapping,,,,,,,,,,,,,,,,,,,,,,,,,,,,,,,,,,,,,,,,,,,,,,,64,4,89792,1840,158,40,3,left,0,20,20,0,0,,,,,46,,,,,,,,,,,,,,,,,,,,,,,,,,,,,,,,,,,,,,,,,,
132.6190112499753,unswapping,,,,,,,,,,,,,,,,,,,,,,,,,,,,,,,,,,,,,,,,,,,,,,,64,4,89792,1840,158,40,3,left,1,19,19,0,0,,,,,46,,,,,,,,,,,,,,,,,,,,,,,,,,,,,,,,,,,,,,,,,,
132.78188987501198,unswapping,,,,,,,,,,,,,,,,,,,,,,,,,,,,,,,,,,,,,,,,,,,,,,,64,4,89792,1840,158,40,3,right,0,20,20,0,0,,,,,46,,,,,,,,,,,,,,,,,,,,,,,,,,,,,,,,,,,,,,,,,,
132.91587958298624,unswapping,,,,,,,,,,,,,,,,,,,,,,,,,,,,,,,,,,,,,,,,,,,,,,,64,4,89792,1840,158,40,3,right,1,19,19,0,0,,,,,46,,,,,,,,,,,,,,,,,,,,,,,,,,,,,,,,,,,,,,,,,,
133.62510420801118,unswap_cycle_summary,,,,,,,,,,,,396,372,768,,,,,,,,,,,,,,,,,,,512,0.0006,,,,,,,,,,,,,64,4,89792,1840,158,40,,,,,,,,,,,,,,,,,,,,5,8.708594458003063,768,808,40,1,False,,,,,,,,,,,,,,,,,,,,,,,,,,,,
133.7757787919836,rewiring,left,post_unswap,0.12013383395969868,13,False,False,,,,,,,,,,,,,,,,,,,,,,,,,,,,,,,,,,,,,,,,,,,,,,,,,,,,,,,,,,,,,,,,,,5,,,,,,,50,False,1,4,bond_profile,8,False,1,2141,"(181, 43, 8, 8, 8, 41, 16)",0.0026628340128809214,0.1174366669729352,"[{'seed': 123, 'score': (215, 43, 8, 8, 10, 41, 18), 'num_layers': 18, 'total_swaps': 41, 'max_layer_swaps': 6, 'swap_only_layers': 10, 'work_layers': 8, 'unitary_layers': 8, 'first_work_layer': 5, 'leading_no_work_layers': 5, 'bond_profile_layers_scored': 8, 'bond_profile_total_cost': 215, 'bond_profile_max_cost': 43, 'bond_profile_gate_count': 8}, {'seed': 1132, 'score': (211, 43, 8, 8, 9, 41, 17), 'num_layers': 17, 'total_swaps': 41, 'max_layer_swaps': 6, 'swap_only_layers': 9, 'work_layers': 8, 'unitary_layers': 8, 'first_work_layer': 5, 'leading_no_work_layers': 5, 'bond_profile_layers_scored': 8, 'bond_profile_total_cost': 211, 'bond_profile_max_cost': 43, 'bond_profile_gate_count': 8}, {'seed': 2141, 'score': (181, 43, 8, 8, 8, 41, 16), 'num_layers': 16, 'total_swaps': 41, 'max_layer_swaps': 6, 'swap_only_layers': 8, 'work_layers': 8, 'unitary_layers': 8, 'first_work_layer': 5, 'leading_no_work_layers': 5, 'bond_profile_layers_scored': 8, 'bond_profile_total_cost': 181, 'bond_profile_max_cost': 43, 'bond_profile_gate_count': 8}, {'seed': 3150, 'score': (191, 43, 8, 8, 8, 41, 16), 'num_layers': 16, 'total_swaps': 41, 'max_layer_swaps': 6, 'swap_only_layers': 8, 'work_layers': 8, 'unitary_layers': 8, 'first_work_layer': 5, 'leading_no_work_layers': 5, 'bond_profile_layers_scored': 8, 'bond_profile_total_cost': 191, 'bond_profile_max_cost': 43, 'bond_profile_gate_count': 8}]",0.12012337503256276,0.29777054203441367,,,,,,,,,,,,,
133.9530630829977,rewiring,right,post_unswap,0.17704612499801442,50,False,False,,,,,,,,,,,,,,,,,,,,,,,,,,,,,,,,,,,,,,,,,,,,,,,,,,,,,,,,,,,,,,,,,,5,,,,,,,50,False,1,4,bond_profile,8,False,1,3150,"(395, 64, 17, 8, 22, 127, 43)",0.0032881670049391687,0.17372937605250627,"[{'seed': 123, 'score': (409, 64, 17, 8, 21, 127, 43), 'num_layers': 43, 'total_swaps': 127, 'max_layer_swaps': 12, 'swap_only_layers': 21, 'work_layers': 22, 'unitary_layers': 22, 'first_work_layer': 1, 'leading_no_work_layers': 1, 'bond_profile_layers_scored': 8, 'bond_profile_total_cost': 409, 'bond_profile_max_cost': 64, 'bond_profile_gate_count': 17}, {'seed': 1132, 'score': (409, 64, 17, 8, 23, 127, 43), 'num_layers': 43, 'total_swaps': 127, 'max_layer_swaps': 12, 'swap_only_layers': 23, 'work_layers': 20, 'unitary_layers': 20, 'first_work_layer': 1, 'leading_no_work_layers': 1, 'bond_profile_layers_scored': 8, 'bond_profile_total_cost': 409, 'bond_profile_max_cost': 64, 'bond_profile_gate_count': 17}, {'seed': 2141, 'score': (409, 64, 17, 8, 20, 127, 42), 'num_layers': 42, 'total_swaps': 127, 'max_layer_swaps': 12, 'swap_only_layers': 20, 'work_layers': 22, 'unitary_layers': 22, 'first_work_layer': 1, 'leading_no_work_layers': 1, 'bond_profile_layers_scored': 8, 'bond_profile_total_cost': 409, 'bond_profile_max_cost': 64, 'bond_profile_gate_count': 17}, {'seed': 3150, 'score': (395, 64, 17, 8, 22, 127, 43), 'num_layers': 43, 'total_swaps': 127, 'max_layer_swaps': 13, 'swap_only_layers': 22, 'work_layers': 21, 'unitary_layers': 21, 'first_work_layer': 1, 'leading_no_work_layers': 1, 'bond_profile_layers_scored': 8, 'bond_profile_total_cost': 395, 'bond_profile_max_cost': 64, 'bond_profile_gate_count': 17}]",0.17703854199498892,0.29777054203441367,,,,,,,,,,,,,
134.01521283300826,cycle_progress,,,,,,,,,,,,396,372,768,,,,,,,,,,,,,,,,,,,512,0.0006,,99004,0,,,,,,,,,,64,4,89792,1840,158,40,,,,,,,,,,,,,,,,,,,,5,,768,808,40,1,False,,,,,,,,,,,,,,,0.29777054203441367,,,,,,,,,,,,,
134.20656920800684,absorbing,,,,,,,L,1,0,16,43,396,372,768,3,0,0,0.05157145799603313,0.10351762501522899,0.15508908301126212,0.15840983297675848,89792,140800,64,107,False,False,False,False,89792,64,False,512,0.0006,,89792,0,total_elems,89792,140800,1,1,,,,0.0,64,4,89792,1840,158,40,,,,,,,,,,,,,,,,,,,,,,,,,,,,,,,,,,,,,,,,,,,,,,,,,,,,,,
134.41943950002315,absorbing,,,,,,,L,2,0,16,43,396,372,768,5,0,0,0.05977054196409881,0.11903075000736862,0.17880129197146744,0.17953549994854257,91584,140800,64,107,False,False,False,False,91584,64,False,512,0.0006,,89792,0,total_elems,91584,140800,1,1,,,,0.0,64,4,91584,1892,158,40,,,,,,,,,,,,,,,,,,,,,,,,,,,,,,,,,,,,,,,,,,,,,,,,,,,,,,
134.61884329200257,absorbing,,,,,,,L,3,0,16,43,396,372,768,6,0,0,0.06002475001150742,0.1029572089901194,0.16298195900162682,0.1646123750251718,98952,142296,64,107,False,False,False,False,98952,64,False,512,0.0006,,89792,0,total_elems,98952,142296,1,1,,,,0.0,64,4,98952,2020,158,40,,,,,,,,,,,,,,,,,,,,,,,,,,,,,,,,,,,,,,,,,,,,,,,,,,,,,,
134.86366270802682,absorbing,,,,,,,L,4,0,16,43,396,372,768,4,0,0,0.08756812504725531,0.12442941701738164,0.21199754206463695,0.21258050005417317,134712,151696,64,107,False,False,False,False,134712,64,False,512,0.0006,,89792,0,total_elems,134712,151696,1,1,,,,0.0,64,4,134712,2368,158,40,,,,,,,,,,,,,,,,,,,,,,,,,,,,,,,,,,,,,,,,,,,,,,,,,,,,,,
135.1753521669889,absorbing,,,,,,,L,5,0,16,43,396,372,768,4,0,0,0.12923366599716246,0.14804225001716986,0.2772759160143323,0.2786888330010697,186080,191744,103,107,False,False,False,False,186080,103,False,512,0.0006,,89792,0,total_elems,186080,191744,1,1,,,,0.0,103,4,186080,2650,158,40,,,,,,,,,,,,,,,,,,,,,,,,,,,,,,,,,,,,,,,,,,,,,,,,,,,,,,
135.65154783299658,absorbing,,,,,,,R,5,1,16,43,396,372,768,10,0,0,0.23981866601388901,0.20218500000191852,0.44200366601580754,0.4426081670098938,383716,264992,166,107,False,False,False,False,264992,107,False,512,0.0006,,89792,0,total_elems,383716,264992,1,1,,,,0.0,107,4,264992,3098,158,40,,,,,,,,,,,,,,,,,,,,,,,,,,,,,,,,,,,,,,,,,,,,,,,,,,,,,,
138.14012599998387,unswapping,,,,,,,,,,,,,,,,,,,,,,,,,,,,,,,,,,,,,,,,,,,,,,,105,4,231352,3000,158,40,0,both,0,20,20,5,5,,,,,0,,,,,,,,,,,,,,,,,,,,,,,,,,,,,,,,,,,,,,,,,,
139.0569743749802,unswapping,,,,,,,,,,,,,,,,,,,,,,,,,,,,,,,,,,,,,,,,,,,,,,,76,4,168740,2512,158,40,0,both,1,19,19,7,12,,,,,0,,,,,,,,,,,,,,,,,,,,,,,,,,,,,,,,,,,,,,,,,,
139.46570820797933,unswapping,,,,,,,,,,,,,,,,,,,,,,,,,,,,,,,,,,,,,,,,,,,,,,,64,4,125728,2242,158,40,0,left,0,20,20,4,16,,,,,8,,,,,,,,,,,,,,,,,,,,,,,,,,,,,,,,,,,,,,,,,,
139.72017170797335,unswapping,,,,,,,,,,,,,,,,,,,,,,,,,,,,,,,,,,,,,,,,,,,,,,,64,4,106304,2022,158,40,0,left,1,19,19,7,23,,,,,22,,,,,,,,,,,,,,,,,,,,,,,,,,,,,,,,,,,,,,,,,,
139.982087625016,unswapping,,,,,,,,,,,,,,,,,,,,,,,,,,,,,,,,,,,,,,,,,,,,,,,62,4,95584,1942,158,40,0,right,0,20,20,2,25,,,,,26,,,,,,,,,,,,,,,,,,,,,,,,,,,,,,,,,,,,,,,,,,
140.16619587497553,unswapping,,,,,,,,,,,,,,,,,,,,,,,,,,,,,,,,,,,,,,,,,,,,,,,62,4,91360,1894,158,40,0,right,1,19,19,2,27,,,,,30,,,,,,,,,,,,,,,,,,,,,,,,,,,,,,,,,,,,,,,,,,
140.639927332988,unswapping,,,,,,,,,,,,,,,,,,,,,,,,,,,,,,,,,,,,,,,,,,,,,,,62,4,87332,1848,158,40,1,both,0,20,20,3,3,,,,,34,,,,,,,,,,,,,,,,,,,,,,,,,,,,,,,,,,,,,,,,,,
141.01324216701323,unswapping,,,,,,,,,,,,,,,,,,,,,,,,,,,,,,,,,,,,,,,,,,,,,,,62,4,84192,1804,158,40,1,both,1,19,19,2,5,,,,,38,,,,,,,,,,,,,,,,,,,,,,,,,,,,,,,,,,,,,,,,,,
141.22417820798,unswapping,,,,,,,,,,,,,,,,,,,,,,,,,,,,,,,,,,,,,,,,,,,,,,,62,4,82832,1776,158,40,1,left,0,20,20,2,7,,,,,42,,,,,,,,,,,,,,,,,,,,,,,,,,,,,,,,,,,,,,,,,,
141.39453141699778,unswapping,,,,,,,,,,,,,,,,,,,,,,,,,,,,,,,,,,,,,,,,,,,,,,,62,4,81360,1752,158,40,1,left,1,19,19,2,9,,,,,44,,,,,,,,,,,,,,,,,,,,,,,,,,,,,,,,,,,,,,,,,,
141.58111675002147,unswapping,,,,,,,,,,,,,,,,,,,,,,,,,,,,,,,,,,,,,,,,,,,,,,,62,4,80400,1732,158,40,1,right,0,20,20,1,10,,,,,42,,,,,,,,,,,,,,,,,,,,,,,,,,,,,,,,,,,,,,,,,,
141.6985275420011,unswapping,,,,,,,,,,,,,,,,,,,,,,,,,,,,,,,,,,,,,,,,,,,,,,,62,4,80400,1732,158,40,1,right,1,19,19,0,10,,,,,42,,,,,,,,,,,,,,,,,,,,,,,,,,,,,,,,,,,,,,,,,,
142.10846608300926,unswapping,,,,,,,,,,,,,,,,,,,,,,,,,,,,,,,,,,,,,,,,,,,,,,,62,4,80208,1724,158,40,2,both,0,20,20,1,1,,,,,44,,,,,,,,,,,,,,,,,,,,,,,,,,,,,,,,,,,,,,,,,,
142.37884270801442,unswapping,,,,,,,,,,,,,,,,,,,,,,,,,,,,,,,,,,,,,,,,,,,,,,,62,4,80208,1724,158,40,2,both,1,19,19,0,1,,,,,44,,,,,,,,,,,,,,,,,,,,,,,,,,,,,,,,,,,,,,,,,,
142.5812329580076,unswapping,,,,,,,,,,,,,,,,,,,,,,,,,,,,,,,,,,,,,,,,,,,,,,,62,4,80144,1720,158,40,2,left,0,20,20,1,2,,,,,46,,,,,,,,,,,,,,,,,,,,,,,,,,,,,,,,,,,,,,,,,,
142.71175941702677,unswapping,,,,,,,,,,,,,,,,,,,,,,,,,,,,,,,,,,,,,,,,,,,,,,,62,4,80144,1720,158,40,2,left,1,19,19,0,2,,,,,46,,,,,,,,,,,,,,,,,,,,,,,,,,,,,,,,,,,,,,,,,,
142.8585660000099,unswapping,,,,,,,,,,,,,,,,,,,,,,,,,,,,,,,,,,,,,,,,,,,,,,,62,4,80144,1720,158,40,2,right,0,20,20,0,2,,,,,46,,,,,,,,,,,,,,,,,,,,,,,,,,,,,,,,,,,,,,,,,,
142.97416712500853,unswapping,,,,,,,,,,,,,,,,,,,,,,,,,,,,,,,,,,,,,,,,,,,,,,,62,4,80144,1720,158,40,2,right,1,19,19,0,2,,,,,46,,,,,,,,,,,,,,,,,,,,,,,,,,,,,,,,,,,,,,,,,,
143.3602697920287,unswapping,,,,,,,,,,,,,,,,,,,,,,,,,,,,,,,,,,,,,,,,,,,,,,,62,4,80144,1720,158,40,3,both,0,20,20,0,0,,,,,46,,,,,,,,,,,,,,,,,,,,,,,,,,,,,,,,,,,,,,,,,,
143.78809208300663,unswapping,,,,,,,,,,,,,,,,,,,,,,,,,,,,,,,,,,,,,,,,,,,,,,,62,4,80096,1716,158,40,3,both,1,19,19,1,1,,,,,48,,,,,,,,,,,,,,,,,,,,,,,,,,,,,,,,,,,,,,,,,,
143.97930154198548,unswapping,,,,,,,,,,,,,,,,,,,,,,,,,,,,,,,,,,,,,,,,,,,,,,,62,4,80096,1716,158,40,3,left,0,20,20,0,1,,,,,48,,,,,,,,,,,,,,,,,,,,,,,,,,,,,,,,,,,,,,,,,,
144.12210541701643,unswapping,,,,,,,,,,,,,,,,,,,,,,,,,,,,,,,,,,,,,,,,,,,,,,,62,4,80096,1716,158,40,3,left,1,19,19,0,1,,,,,48,,,,,,,,,,,,,,,,,,,,,,,,,,,,,,,,,,,,,,,,,,
144.3131097080186,unswapping,,,,,,,,,,,,,,,,,,,,,,,,,,,,,,,,,,,,,,,,,,,,,,,62,4,80096,1716,158,40,3,right,0,20,20,0,1,,,,,48,,,,,,,,,,,,,,,,,,,,,,,,,,,,,,,,,,,,,,,,,,
144.4566107079736,unswapping,,,,,,,,,,,,,,,,,,,,,,,,,,,,,,,,,,,,,,,,,,,,,,,62,4,80096,1716,158,40,3,right,1,19,19,0,1,,,,,48,,,,,,,,,,,,,,,,,,,,,,,,,,,,,,,,,,,,,,,,,,
144.85354237502906,unswapping,,,,,,,,,,,,,,,,,,,,,,,,,,,,,,,,,,,,,,,,,,,,,,,62,4,80096,1716,158,40,4,both,0,20,20,0,0,,,,,48,,,,,,,,,,,,,,,,,,,,,,,,,,,,,,,,,,,,,,,,,,
145.13054358301451,unswapping,,,,,,,,,,,,,,,,,,,,,,,,,,,,,,,,,,,,,,,,,,,,,,,62,4,80096,1716,158,40,4,both,1,19,19,0,0,,,,,48,,,,,,,,,,,,,,,,,,,,,,,,,,,,,,,,,,,,,,,,,,
145.30051274999278,unswapping,,,,,,,,,,,,,,,,,,,,,,,,,,,,,,,,,,,,,,,,,,,,,,,62,4,80096,1716,158,40,4,left,0,20,20,0,0,,,,,48,,,,,,,,,,,,,,,,,,,,,,,,,,,,,,,,,,,,,,,,,,
145.43118312500883,unswapping,,,,,,,,,,,,,,,,,,,,,,,,,,,,,,,,,,,,,,,,,,,,,,,62,4,80096,1716,158,40,4,left,1,19,19,0,0,,,,,48,,,,,,,,,,,,,,,,,,,,,,,,,,,,,,,,,,,,,,,,,,
145.59345270798076,unswapping,,,,,,,,,,,,,,,,,,,,,,,,,,,,,,,,,,,,,,,,,,,,,,,62,4,80096,1716,158,40,4,right,0,20,20,0,0,,,,,48,,,,,,,,,,,,,,,,,,,,,,,,,,,,,,,,,,,,,,,,,,
145.71061558299698,unswapping,,,,,,,,,,,,,,,,,,,,,,,,,,,,,,,,,,,,,,,,,,,,,,,62,4,80096,1716,158,40,4,right,1,19,19,0,0,,,,,48,,,,,,,,,,,,,,,,,,,,,,,,,,,,,,,,,,,,,,,,,,
146.67014287499478,unswap_cycle_summary,,,,,,,,,,,,396,372,768,,,,,,,,,,,,,,,,,,,512,0.0006,,,,,,,,,,,,,62,4,80096,1716,158,40,,,,,,,,,,,,,,,,,,,,6,9.30851162498584,768,808,40,0,False,,,,,,,,,,,,,,,,,,,,,,,,,,,,
146.8473197920248,rewiring,left,post_unswap,0.145080708025489,13,False,False,,,,,,,,,,,,,,,,,,,,,,,,,,,,,,,,,,,,,,,,,,,,,,,,,,,,,,,,,,,,,,,,,,6,,,,,,,50,False,0,4,bond_profile,8,False,1,123,"(140, 40, 8, 6, 11, 43, 17)",0.0028125009266659617,0.142241167020984,"[{'seed': 123, 'score': (140, 40, 8, 6, 11, 43, 17), 'num_layers': 17, 'total_swaps': 43, 'max_layer_swaps': 6, 'swap_only_layers': 11, 'work_layers': 6, 'unitary_layers': 6, 'first_work_layer': 6, 'leading_no_work_layers': 6, 'bond_profile_layers_scored': 6, 'bond_profile_total_cost': 140, 'bond_profile_max_cost': 40, 'bond_profile_gate_count': 8}, {'seed': 1132, 'score': (208, 40, 8, 7, 11, 43, 18), 'num_layers': 18, 'total_swaps': 43, 'max_layer_swaps': 6, 'swap_only_layers': 11, 'work_layers': 7, 'unitary_layers': 7, 'first_work_layer': 6, 'leading_no_work_layers': 6, 'bond_profile_layers_scored': 7, 'bond_profile_total_cost': 208, 'bond_profile_max_cost': 40, 'bond_profile_gate_count': 8}, {'seed': 2141, 'score': (172, 40, 8, 7, 10, 43, 17), 'num_layers': 17, 'total_swaps': 43, 'max_layer_swaps': 6, 'swap_only_layers': 10, 'work_layers': 7, 'unitary_layers': 7, 'first_work_layer': 6, 'leading_no_work_layers': 6, 'bond_profile_layers_scored': 7, 'bond_profile_total_cost': 172, 'bond_profile_max_cost': 40, 'bond_profile_gate_count': 8}, {'seed': 3150, 'score': (162, 40, 8, 7, 10, 43, 17), 'num_layers': 17, 'total_swaps': 43, 'max_layer_swaps': 6, 'swap_only_layers': 10, 'work_layers': 7, 'unitary_layers': 7, 'first_work_layer': 6, 'leading_no_work_layers': 6, 'bond_profile_layers_scored': 7, 'bond_profile_total_cost': 162, 'bond_profile_max_cost': 40, 'bond_profile_gate_count': 8}]",0.14507266698637977,0.32662395801162347,,,,,,,,,,,,,
147.02856316702673,rewiring,right,post_unswap,0.18099595798412338,44,False,False,,,,,,,,,,,,,,,,,,,,,,,,,,,,,,,,,,,,,,,,,,,,,,,,,,,,,,,,,,,,,,,,,,6,,,,,,,50,False,0,4,bond_profile,8,False,1,2141,"(314, 62, 14, 8, 19, 132, 39)",0.0035323749762028456,0.1774328330066055,"[{'seed': 123, 'score': (314, 62, 14, 8, 20, 132, 40), 'num_layers': 40, 'total_swaps': 132, 'max_layer_swaps': 12, 'swap_only_layers': 20, 'work_layers': 20, 'unitary_layers': 20, 'first_work_layer': 1, 'leading_no_work_layers': 1, 'bond_profile_layers_scored': 8, 'bond_profile_total_cost': 314, 'bond_profile_max_cost': 62, 'bond_profile_gate_count': 14}, {'seed': 1132, 'score': (314, 62, 14, 8, 20, 132, 41), 'num_layers': 41, 'total_swaps': 132, 'max_layer_swaps': 12, 'swap_only_layers': 20, 'work_layers': 21, 'unitary_layers': 21, 'first_work_layer': 1, 'leading_no_work_layers': 1, 'bond_profile_layers_scored': 8, 'bond_profile_total_cost': 314, 'bond_profile_max_cost': 62, 'bond_profile_gate_count': 14}, {'seed': 2141, 'score': (314, 62, 14, 8, 19, 132, 39), 'num_layers': 39, 'total_swaps': 132, 'max_layer_swaps': 12, 'swap_only_layers': 19, 'work_layers': 20, 'unitary_layers': 20, 'first_work_layer': 1, 'leading_no_work_layers': 1, 'bond_profile_layers_scored': 8, 'bond_profile_total_cost': 314, 'bond_profile_max_cost': 62, 'bond_profile_gate_count': 14}, {'seed': 3150, 'score': (314, 62, 14, 8, 20, 132, 41), 'num_layers': 41, 'total_swaps': 132, 'max_layer_swaps': 12, 'swap_only_layers': 20, 'work_layers': 21, 'unitary_layers': 21, 'first_work_layer': 1, 'leading_no_work_layers': 1, 'bond_profile_layers_scored': 8, 'bond_profile_total_cost': 314, 'bond_profile_max_cost': 62, 'bond_profile_gate_count': 14}]",0.1809888330171816,0.32662395801162347,,,,,,,,,,,,,
147.0940573749831,cycle_progress,,,,,,,,,,,,396,372,768,,,,,,,,,,,,,,,,,,,512,0.0006,,89792,0,,,,,,,,,,62,4,80096,1716,158,40,,,,,,,,,,,,,,,,,,,,6,,768,808,40,0,False,,,,,,,,,,,,,,,0.32662395801162347,,,,,,,,,,,,,
147.27088570798514,absorbing,,,,,,,L,1,0,17,39,396,372,768,3,0,0,0.044398500001989305,0.09063262498239055,0.13503112498437986,0.14056383300339803,80096,129456,62,108,False,False,False,False,80096,62,False,512,0.0006,,80096,1,total_elems,80096,129456,1,1,,,,0.0,62,4,80096,1716,158,40,,,,,,,,,,,,,,,,,,,,,,,,,,,,,,,,,,,,,,,,,,,,,,,,,,,,,,
147.45097291702405,absorbing,,,,,,,L,2,0,17,39,396,372,768,5,0,0,0.05213891703169793,0.09244370902888477,0.1445826260605827,0.14520395902218297,81168,129456,62,108,False,False,False,False,81168,62,False,512,0.0006,,80096,1,total_elems,81168,129456,1,1,,,,0.0,62,4,81168,1744,158,40,,,,,,,,,,,,,,,,,,,,,,,,,,,,,,,,,,,,,,,,,,,,,,,,,,,,,,
147.62923720799154,absorbing,,,,,,,L,3,0,17,39,396,372,768,6,0,0,0.04638716601766646,0.0957442499930039,0.14213141601067036,0.14385024999501184,84752,130536,62,108,False,False,False,False,84752,62,False,512,0.0006,,80096,1,total_elems,84752,130536,1,1,,,,0.0,62,4,84752,1824,158,40,,,,,,,,,,,,,,,,,,,,,,,,,,,,,,,,,,,,,,,,,,,,,,,,,,,,,,
147.81249429198215,absorbing,,,,,,,L,4,0,17,39,396,372,768,4,0,0,0.052082625043112785,0.09658024995587766,0.14866287499899045,0.14927400002488866,105232,134960,62,108,False,False,False,False,105232,62,False,512,0.0006,,80096,1,total_elems,105232,134960,1,1,,,,0.0,62,4,105232,2072,158,40,,,,,,,,,,,,,,,,,,,,,,,,,,,,,,,,,,,,,,,,,,,,,,,,,,,,,,
148.02372441702755,absorbing,,,,,,,L,5,0,17,39,396,372,768,4,0,0,0.06983379198936746,0.10605258296709508,0.17588637495646253,0.17728966695722193,135568,156148,68,108,False,False,False,False,135568,68,False,512,0.0006,,80096,1,total_elems,135568,156148,1,1,,,,0.0,68,4,135568,2338,158,40,,,,,,,,,,,,,,,,,,,,,,,,,,,,,,,,,,,,,,,,,,,,,,,,,,,,,,
148.325078749971,absorbing,,,,,,,R,5,1,17,39,396,372,768,11,0,0,0.12097258400171995,0.1436990830115974,0.26467166701331735,0.2659897080156952,201856,195392,89,108,False,False,False,False,195392,108,False,512,0.0006,,80096,1,total_elems,201856,195392,1,1,,,,0.0,108,4,195392,2774,158,40,,,,,,,,,,,,,,,,,,,,,,,,,,,,,,,,,,,,,,,,,,,,,,,,,,,,,,
148.83723391697276,absorbing,,,,,,,L,6,1,17,39,396,372,768,4,0,0,0.17247704096371308,0.30260850000195205,0.47508554096566513,0.4760951250209473,275968,381576,134,157,False,False,False,False,275968,134,False,512,0.0006,,80096,1,total_elems,275968,381576,1,1,,,,0.0,134,4,275968,3148,158,40,,,,,,,,,,,,,,,,,,,,,,,,,,,,,,,,,,,,,,,,,,,,,,,,,,,,,,
151.35974516702117,unswapping,,,,,,,,,,,,,,,,,,,,,,,,,,,,,,,,,,,,,,,,,,,,,,,153,4,280256,3124,158,40,0,both,0,20,20,5,5,,,,,0,,,,,,,,,,,,,,,,,,,,,,,,,,,,,,,,,,,,,,,,,,
152.5136293329997,unswapping,,,,,,,,,,,,,,,,,,,,,,,,,,,,,,,,,,,,,,,,,,,,,,,80,4,189752,2620,158,40,0,both,1,19,19,5,10,,,,,0,,,,,,,,,,,,,,,,,,,,,,,,,,,,,,,,,,,,,,,,,,
152.92705258302158,unswapping,,,,,,,,,,,,,,,,,,,,,,,,,,,,,,,,,,,,,,,,,,,,,,,64,4,134080,2278,158,40,0,left,0,20,20,4,14,,,,,8,,,,,,,,,,,,,,,,,,,,,,,,,,,,,,,,,,,,,,,,,,
153.21410770801594,unswapping,,,,,,,,,,,,,,,,,,,,,,,,,,,,,,,,,,,,,,,,,,,,,,,64,4,121668,2130,158,40,0,left,1,19,19,7,21,,,,,22,,,,,,,,,,,,,,,,,,,,,,,,,,,,,,,,,,,,,,,,,,
153.49922158301342,unswapping,,,,,,,,,,,,,,,,,,,,,,,,,,,,,,,,,,,,,,,,,,,,,,,62,4,111296,2054,158,40,0,right,0,20,20,2,23,,,,,26,,,,,,,,,,,,,,,,,,,,,,,,,,,,,,,,,,,,,,,,,,
153.72327820799546,unswapping,,,,,,,,,,,,,,,,,,,,,,,,,,,,,,,,,,,,,,,,,,,,,,,62,4,106784,2002,158,40,0,right,1,19,19,2,25,,,,,30,,,,,,,,,,,,,,,,,,,,,,,,,,,,,,,,,,,,,,,,,,
154.27062820800347,unswapping,,,,,,,,,,,,,,,,,,,,,,,,,,,,,,,,,,,,,,,,,,,,,,,62,4,103104,1960,158,40,1,both,0,20,20,1,1,,,,,30,,,,,,,,,,,,,,,,,,,,,,,,,,,,,,,,,,,,,,,,,,
154.84512408298906,unswapping,,,,,,,,,,,,,,,,,,,,,,,,,,,,,,,,,,,,,,,,,,,,,,,62,4,102784,1952,158,40,1,both,1,19,19,1,2,,,,,32,,,,,,,,,,,,,,,,,,,,,,,,,,,,,,,,,,,,,,,,,,
155.13644941698294,unswapping,,,,,,,,,,,,,,,,,,,,,,,,,,,,,,,,,,,,,,,,,,,,,,,62,4,102528,1940,158,40,1,left,0,20,20,2,4,,,,,36,,,,,,,,,,,,,,,,,,,,,,,,,,,,,,,,,,,,,,,,,,
155.31040962500265,unswapping,,,,,,,,,,,,,,,,,,,,,,,,,,,,,,,,,,,,,,,,,,,,,,,62,4,102528,1940,158,40,1,left,1,19,19,0,4,,,,,36,,,,,,,,,,,,,,,,,,,,,,,,,,,,,,,,,,,,,,,,,,
155.5300056670094,unswapping,,,,,,,,,,,,,,,,,,,,,,,,,,,,,,,,,,,,,,,,,,,,,,,62,4,102528,1940,158,40,1,right,0,20,20,0,4,,,,,36,,,,,,,,,,,,,,,,,,,,,,,,,,,,,,,,,,,,,,,,,,
155.67894487502053,unswapping,,,,,,,,,,,,,,,,,,,,,,,,,,,,,,,,,,,,,,,,,,,,,,,62,4,102528,1940,158,40,1,right,1,19,19,0,4,,,,,36,,,,,,,,,,,,,,,,,,,,,,,,,,,,,,,,,,,,,,,,,,
156.30390745797195,unswapping,,,,,,,,,,,,,,,,,,,,,,,,,,,,,,,,,,,,,,,,,,,,,,,62,4,102336,1932,158,40,2,both,0,20,20,1,1,,,,,38,,,,,,,,,,,,,,,,,,,,,,,,,,,,,,,,,,,,,,,,,,
156.75939941697288,unswapping,,,,,,,,,,,,,,,,,,,,,,,,,,,,,,,,,,,,,,,,,,,,,,,62,4,102288,1928,158,40,2,both,1,19,19,1,2,,,,,40,,,,,,,,,,,,,,,,,,,,,,,,,,,,,,,,,,,,,,,,,,
156.97399687499274,unswapping,,,,,,,,,,,,,,,,,,,,,,,,,,,,,,,,,,,,,,,,,,,,,,,62,4,102288,1928,158,40,2,left,0,20,20,0,2,,,,,40,,,,,,,,,,,,,,,,,,,,,,,,,,,,,,,,,,,,,,,,,,
157.13760104199173,unswapping,,,,,,,,,,,,,,,,,,,,,,,,,,,,,,,,,,,,,,,,,,,,,,,62,4,102288,1928,158,40,2,left,1,19,19,0,2,,,,,40,,,,,,,,,,,,,,,,,,,,,,,,,,,,,,,,,,,,,,,,,,
157.35912091698265,unswapping,,,,,,,,,,,,,,,,,,,,,,,,,,,,,,,,,,,,,,,,,,,,,,,62,4,102288,1928,158,40,2,right,0,20,20,0,2,,,,,40,,,,,,,,,,,,,,,,,,,,,,,,,,,,,,,,,,,,,,,,,,
157.54097791697131,unswapping,,,,,,,,,,,,,,,,,,,,,,,,,,,,,,,,,,,,,,,,,,,,,,,62,4,102288,1928,158,40,2,right,1,19,19,0,2,,,,,40,,,,,,,,,,,,,,,,,,,,,,,,,,,,,,,,,,,,,,,,,,
158.0757815000252,unswapping,,,,,,,,,,,,,,,,,,,,,,,,,,,,,,,,,,,,,,,,,,,,,,,62,4,102288,1928,158,40,3,both,0,20,20,0,0,,,,,40,,,,,,,,,,,,,,,,,,,,,,,,,,,,,,,,,,,,,,,,,,
158.48367179202614,unswapping,,,,,,,,,,,,,,,,,,,,,,,,,,,,,,,,,,,,,,,,,,,,,,,62,4,102288,1928,158,40,3,both,1,19,19,0,0,,,,,40,,,,,,,,,,,,,,,,,,,,,,,,,,,,,,,,,,,,,,,,,,
158.71493887499673,unswapping,,,,,,,,,,,,,,,,,,,,,,,,,,,,,,,,,,,,,,,,,,,,,,,62,4,102288,1928,158,40,3,left,0,20,20,0,0,,,,,40,,,,,,,,,,,,,,,,,,,,,,,,,,,,,,,,,,,,,,,,,,
158.88783829199383,unswapping,,,,,,,,,,,,,,,,,,,,,,,,,,,,,,,,,,,,,,,,,,,,,,,62,4,102288,1928,158,40,3,left,1,19,19,0,0,,,,,40,,,,,,,,,,,,,,,,,,,,,,,,,,,,,,,,,,,,,,,,,,
159.12154662498506,unswapping,,,,,,,,,,,,,,,,,,,,,,,,,,,,,,,,,,,,,,,,,,,,,,,62,4,102288,1928,158,40,3,right,0,20,20,0,0,,,,,40,,,,,,,,,,,,,,,,,,,,,,,,,,,,,,,,,,,,,,,,,,
159.37722391699208,unswapping,,,,,,,,,,,,,,,,,,,,,,,,,,,,,,,,,,,,,,,,,,,,,,,62,4,102288,1928,158,40,3,right,1,19,19,0,0,,,,,40,,,,,,,,,,,,,,,,,,,,,,,,,,,,,,,,,,,,,,,,,,
160.25497987499693,unswap_cycle_summary,,,,,,,,,,,,396,372,768,,,,,,,,,,,,,,,,,,,512,0.0006,,,,,,,,,,,,,62,4,102288,1928,158,40,,,,,,,,,,,,,,,,,,,,7,9.782742083014455,768,808,40,0,False,,,,,,,,,,,,,,,,,,,,,,,,,,,,
160.4550350420177,rewiring,left,post_unswap,0.16195420798612759,13,False,False,,,,,,,,,,,,,,,,,,,,,,,,,,,,,,,,,,,,,,,,,,,,,,,,,,,,,,,,,,,,,,,,,,7,,,,,,,50,False,0,4,bond_profile,8,False,1,123,"(138, 40, 8, 7, 10, 37, 17)",0.003350542043335736,0.15855800092685968,"[{'seed': 123, 'score': (138, 40, 8, 7, 10, 37, 17), 'num_layers': 17, 'total_swaps': 37, 'max_layer_swaps': 6, 'swap_only_layers': 10, 'work_layers': 7, 'unitary_layers': 7, 'first_work_layer': 6, 'leading_no_work_layers': 6, 'bond_profile_layers_scored': 7, 'bond_profile_total_cost': 138, 'bond_profile_max_cost': 40, 'bond_profile_gate_count': 8}, {'seed': 1132, 'score': (170, 40, 8, 7, 9, 37, 16), 'num_layers': 16, 'total_swaps': 37, 'max_layer_swaps': 6, 'swap_only_layers': 9, 'work_layers': 7, 'unitary_layers': 7, 'first_work_layer': 6, 'leading_no_work_layers': 6, 'bond_profile_layers_scored': 7, 'bond_profile_total_cost': 170, 'bond_profile_max_cost': 40, 'bond_profile_gate_count': 8}, {'seed': 2141, 'score': (174, 40, 8, 6, 10, 37, 16), 'num_layers': 16, 'total_swaps': 37, 'max_layer_swaps': 6, 'swap_only_layers': 10, 'work_layers': 6, 'unitary_layers': 6, 'first_work_layer': 6, 'leading_no_work_layers': 6, 'bond_profile_layers_scored': 6, 'bond_profile_total_cost': 174, 'bond_profile_max_cost': 40, 'bond_profile_gate_count': 8}, {'seed': 3150, 'score': (166, 40, 8, 6, 11, 37, 17), 'num_layers': 17, 'total_swaps': 37, 'max_layer_swaps': 6, 'swap_only_layers': 11, 'work_layers': 6, 'unitary_layers': 6, 'first_work_layer': 6, 'leading_no_work_layers': 6, 'bond_profile_layers_scored': 6, 'bond_profile_total_cost': 166, 'bond_profile_max_cost': 40, 'bond_profile_gate_count': 8}]",0.1619426249526441,0.37548300001071766,,,,,,,,,,,,,
160.66828104201704,rewiring,right,post_unswap,0.21301879198290408,40,False,False,,,,,,,,,,,,,,,,,,,,,,,,,,,,,,,,,,,,,,,,,,,,,,,,,,,,,,,,,,,,,,,,,,7,,,,,,,50,False,0,4,bond_profile,8,False,1,1132,"(278, 62, 13, 8, 18, 131, 40)",0.004175000009126961,0.20880758407292888,"[{'seed': 123, 'score': (310, 62, 14, 8, 19, 130, 40), 'num_layers': 40, 'total_swaps': 130, 'max_layer_swaps': 12, 'swap_only_layers': 19, 'work_layers': 21, 'unitary_layers': 21, 'first_work_layer': 1, 'leading_no_work_layers': 1, 'bond_profile_layers_scored': 8, 'bond_profile_total_cost': 310, 'bond_profile_max_cost': 62, 'bond_profile_gate_count': 14}, {'seed': 1132, 'score': (278, 62, 13, 8, 18, 131, 40), 'num_layers': 40, 'total_swaps': 131, 'max_layer_swaps': 12, 'swap_only_layers': 18, 'work_layers': 22, 'unitary_layers': 22, 'first_work_layer': 1, 'leading_no_work_layers': 1, 'bond_profile_layers_scored': 8, 'bond_profile_total_cost': 278, 'bond_profile_max_cost': 62, 'bond_profile_gate_count': 13}, {'seed': 2141, 'score': (384, 62, 17, 8, 21, 131, 41), 'num_layers': 41, 'total_swaps': 131, 'max_layer_swaps': 13, 'swap_only_layers': 21, 'work_layers': 20, 'unitary_layers': 20, 'first_work_layer': 1, 'leading_no_work_layers': 1, 'bond_profile_layers_scored': 8, 'bond_profile_total_cost': 384, 'bond_profile_max_cost': 62, 'bond_profile_gate_count': 17}, {'seed': 3150, 'score': (384, 62, 17, 8, 19, 131, 39), 'num_layers': 39, 'total_swaps': 131, 'max_layer_swaps': 13, 'swap_only_layers': 19, 'work_layers': 20, 'unitary_layers': 20, 'first_work_layer': 1, 'leading_no_work_layers': 1, 'bond_profile_layers_scored': 8, 'bond_profile_total_cost': 384, 'bond_profile_max_cost': 62, 'bond_profile_gate_count': 17}]",0.2130107919801958,0.37548300001071766,,,,,,,,,,,,,
160.74622391699813,cycle_progress,,,,,,,,,,,,396,372,768,,,,,,,,,,,,,,,,,,,512,0.0006,,80096,1,,,,,,,,,,62,4,102288,1928,158,40,,,,,,,,,,,,,,,,,,,,7,,768,808,40,0,False,,,,,,,,,,,,,,,0.37548300001071766,,,,,,,,,,,,,
160.97945395798888,absorbing,,,,,,,L,1,0,17,40,396,372,768,2,0,0,0.06638437503715977,0.11819845903664827,0.18458283407380804,0.18916383298346773,102288,151176,62,104,False,False,False,False,102288,62,False,512,0.0006,,102288,2,total_elems,102288,151176,1,1,,,,0.0,62,4,102288,1928,158,40,,,,,,,,,,,,,,,,,,,,,,,,,,,,,,,,,,,,,,,,,,,,,,,,,,,,,,
161.2191069999826,absorbing,,,,,,,L,2,0,17,40,396,372,768,4,0,0,0.0797979169874452,0.11989579204237089,0.1996937090298161,0.20200583297992125,102528,151176,62,104,False,False,False,False,102528,62,False,512,0.0006,,102288,2,total_elems,102528,151176,1,1,,,,0.0,62,4,102528,1940,158,40,,,,,,,,,,,,,,,,,,,,,,,,,,,,,,,,,,,,,,,,,,,,,,,,,,,,,,
161.44065420801053,absorbing,,,,,,,L,3,0,17,40,396,372,768,6,0,0,0.06843158300034702,0.11462570901494473,0.18305729201529175,0.18408608302706853,104320,150696,62,104,False,False,False,False,104320,62,False,512,0.0006,,102288,2,total_elems,104320,150696,1,1,,,,0.0,62,4,104320,1992,158,40,,,,,,,,,,,,,,,,,,,,,,,,,,,,,,,,,,,,,,,,,,,,,,,,,,,,,,
161.69870162499137,absorbing,,,,,,,L,4,0,17,40,396,372,768,4,0,0,0.08023495803354308,0.14094750001095235,0.22118245804449543,0.22202249994734302,117632,152488,62,104,False,False,False,False,117632,62,False,512,0.0006,,102288,2,total_elems,117632,152488,1,1,,,,0.0,62,4,117632,2168,158,40,,,,,,,,,,,,,,,,,,,,,,,,,,,,,,,,,,,,,,,,,,,,,,,,,,,,,,
162.03387683298206,absorbing,,,,,,,L,5,0,17,40,396,372,768,3,0,0,0.1352871249546297,0.15841762500349432,0.293704749958124,0.2965177919832058,139728,166568,67,104,False,False,False,False,139728,67,False,512,0.0006,,102288,2,total_elems,139728,166568,1,1,,,,0.0,67,4,139728,2394,158,40,,,,,,,,,,,,,,,,,,,,,,,,,,,,,,,,,,,,,,,,,,,,,,,,,,,,,,
162.4171994170174,absorbing,,,,,,,L,6,0,17,40,396,372,768,3,0,0,0.15078937500948086,0.1919169999891892,0.34270637499867007,0.34480183298001066,191264,197488,80,104,False,False,False,False,191264,80,False,512,0.0006,,102288,2,total_elems,191264,197488,1,1,,,,0.0,80,4,191264,2672,158,40,,,,,,,,,,,,,,,,,,,,,,,,,,,,,,,,,,,,,,,,,,,,,,,,,,,,,,
162.9422558749793,absorbing,,,,,,,R,6,1,17,40,396,372,768,10,0,0,0.2583396249683574,0.22885345900431275,0.48719308397267014,0.4886003329884261,376644,259864,159,130,False,False,False,False,259864,130,False,512,0.0006,,102288,2,total_elems,376644,259864,1,1,,,,0.0,130,4,259864,3104,158,40,,,,,,,,,,,,,,,,,,,,,,,,,,,,,,,,,,,,,,,,,,,,,,,,,,,,,,
165.60687962500378,unswapping,,,,,,,,,,,,,,,,,,,,,,,,,,,,,,,,,,,,,,,,,,,,,,,145,4,265604,3056,158,40,0,both,0,20,20,6,6,,,,,0,,,,,,,,,,,,,,,,,,,,,,,,,,,,,,,,,,,,,,,,,,
166.9413383330102,unswapping,,,,,,,,,,,,,,,,,,,,,,,,,,,,,,,,,,,,,,,,,,,,,,,80,4,187296,2616,158,40,0,both,1,19,19,5,11,,,,,0,,,,,,,,,,,,,,,,,,,,,,,,,,,,,,,,,,,,,,,,,,
167.4256862080074,unswapping,,,,,,,,,,,,,,,,,,,,,,,,,,,,,,,,,,,,,,,,,,,,,,,64,4,132512,2280,158,40,0,left,0,20,20,4,15,,,,,8,,,,,,,,,,,,,,,,,,,,,,,,,,,,,,,,,,,,,,,,,,
167.91903733299114,unswapping,,,,,,,,,,,,,,,,,,,,,,,,,,,,,,,,,,,,,,,,,,,,,,,64,4,120480,2124,158,40,0,left,1,19,19,8,23,,,,,24,,,,,,,,,,,,,,,,,,,,,,,,,,,,,,,,,,,,,,,,,,
168.25723108300008,unswapping,,,,,,,,,,,,,,,,,,,,,,,,,,,,,,,,,,,,,,,,,,,,,,,62,4,111136,2052,158,40,0,right,0,20,20,2,25,,,,,28,,,,,,,,,,,,,,,,,,,,,,,,,,,,,,,,,,,,,,,,,,
168.53816145798191,unswapping,,,,,,,,,,,,,,,,,,,,,,,,,,,,,,,,,,,,,,,,,,,,,,,62,4,106336,1996,158,40,0,right,1,19,19,2,27,,,,,32,,,,,,,,,,,,,,,,,,,,,,,,,,,,,,,,,,,,,,,,,,
169.01353900000686,unswapping,,,,,,,,,,,,,,,,,,,,,,,,,,,,,,,,,,,,,,,,,,,,,,,62,4,106336,1996,158,40,1,both,0,20,20,0,0,,,,,32,,,,,,,,,,,,,,,,,,,,,,,,,,,,,,,,,,,,,,,,,,
169.44514741702005,unswapping,,,,,,,,,,,,,,,,,,,,,,,,,,,,,,,,,,,,,,,,,,,,,,,62,4,106336,1996,158,40,1,both,1,19,19,0,0,,,,,32,,,,,,,,,,,,,,,,,,,,,,,,,,,,,,,,,,,,,,,,,,
169.77135024999734,unswapping,,,,,,,,,,,,,,,,,,,,,,,,,,,,,,,,,,,,,,,,,,,,,,,62,4,102560,1944,158,40,1,left,0,20,20,3,3,,,,,38,,,,,,,,,,,,,,,,,,,,,,,,,,,,,,,,,,,,,,,,,,
169.95574045798276,unswapping,,,,,,,,,,,,,,,,,,,,,,,,,,,,,,,,,,,,,,,,,,,,,,,62,4,102560,1944,158,40,1,left,1,19,19,0,3,,,,,38,,,,,,,,,,,,,,,,,,,,,,,,,,,,,,,,,,,,,,,,,,
170.19269858300686,unswapping,,,,,,,,,,,,,,,,,,,,,,,,,,,,,,,,,,,,,,,,,,,,,,,62,4,102560,1944,158,40,1,right,0,20,20,0,3,,,,,38,,,,,,,,,,,,,,,,,,,,,,,,,,,,,,,,,,,,,,,,,,
170.39533933298662,unswapping,,,,,,,,,,,,,,,,,,,,,,,,,,,,,,,,,,,,,,,,,,,,,,,62,4,102560,1944,158,40,1,right,1,19,19,0,3,,,,,38,,,,,,,,,,,,,,,,,,,,,,,,,,,,,,,,,,,,,,,,,,
170.95056450000266,unswapping,,,,,,,,,,,,,,,,,,,,,,,,,,,,,,,,,,,,,,,,,,,,,,,62,4,102560,1944,158,40,2,both,0,20,20,0,0,,,,,38,,,,,,,,,,,,,,,,,,,,,,,,,,,,,,,,,,,,,,,,,,
171.5825592079782,unswapping,,,,,,,,,,,,,,,,,,,,,,,,,,,,,,,,,,,,,,,,,,,,,,,62,4,102240,1936,158,40,2,both,1,19,19,1,1,,,,,40,,,,,,,,,,,,,,,,,,,,,,,,,,,,,,,,,,,,,,,,,,
171.8371593329939,unswapping,,,,,,,,,,,,,,,,,,,,,,,,,,,,,,,,,,,,,,,,,,,,,,,62,4,102240,1936,158,40,2,left,0,20,20,0,1,,,,,40,,,,,,,,,,,,,,,,,,,,,,,,,,,,,,,,,,,,,,,,,,
172.0374781669816,unswapping,,,,,,,,,,,,,,,,,,,,,,,,,,,,,,,,,,,,,,,,,,,,,,,62,4,102240,1936,158,40,2,left,1,19,19,0,1,,,,,40,,,,,,,,,,,,,,,,,,,,,,,,,,,,,,,,,,,,,,,,,,
172.27578899997752,unswapping,,,,,,,,,,,,,,,,,,,,,,,,,,,,,,,,,,,,,,,,,,,,,,,62,4,102240,1936,158,40,2,right,0,20,20,0,1,,,,,40,,,,,,,,,,,,,,,,,,,,,,,,,,,,,,,,,,,,,,,,,,
172.45843075000448,unswapping,,,,,,,,,,,,,,,,,,,,,,,,,,,,,,,,,,,,,,,,,,,,,,,62,4,102240,1936,158,40,2,right,1,19,19,0,1,,,,,40,,,,,,,,,,,,,,,,,,,,,,,,,,,,,,,,,,,,,,,,,,
173.12706983298995,unswapping,,,,,,,,,,,,,,,,,,,,,,,,,,,,,,,,,,,,,,,,,,,,,,,62,4,102048,1928,158,40,3,both,0,20,20,1,1,,,,,42,,,,,,,,,,,,,,,,,,,,,,,,,,,,,,,,,,,,,,,,,,
173.78084775002208,unswapping,,,,,,,,,,,,,,,,,,,,,,,,,,,,,,,,,,,,,,,,,,,,,,,62,4,102000,1924,158,40,3,both,1,19,19,1,2,,,,,46,,,,,,,,,,,,,,,,,,,,,,,,,,,,,,,,,,,,,,,,,,
174.00208708300488,unswapping,,,,,,,,,,,,,,,,,,,,,,,,,,,,,,,,,,,,,,,,,,,,,,,62,4,102000,1924,158,40,3,left,0,20,20,0,2,,,,,46,,,,,,,,,,,,,,,,,,,,,,,,,,,,,,,,,,,,,,,,,,
174.20797329198103,unswapping,,,,,,,,,,,,,,,,,,,,,,,,,,,,,,,,,,,,,,,,,,,,,,,62,4,102000,1924,158,40,3,left,1,19,19,0,2,,,,,46,,,,,,,,,,,,,,,,,,,,,,,,,,,,,,,,,,,,,,,,,,
174.47321508300956,unswapping,,,,,,,,,,,,,,,,,,,,,,,,,,,,,,,,,,,,,,,,,,,,,,,62,4,102000,1924,158,40,3,right,0,20,20,0,2,,,,,46,,,,,,,,,,,,,,,,,,,,,,,,,,,,,,,,,,,,,,,,,,
174.7235742919729,unswapping,,,,,,,,,,,,,,,,,,,,,,,,,,,,,,,,,,,,,,,,,,,,,,,62,4,102000,1924,158,40,3,right,1,19,19,0,2,,,,,46,,,,,,,,,,,,,,,,,,,,,,,,,,,,,,,,,,,,,,,,,,
175.221006207983,unswapping,,,,,,,,,,,,,,,,,,,,,,,,,,,,,,,,,,,,,,,,,,,,,,,62,4,102000,1924,158,40,4,both,0,20,20,0,0,,,,,46,,,,,,,,,,,,,,,,,,,,,,,,,,,,,,,,,,,,,,,,,,
175.61329633300193,unswapping,,,,,,,,,,,,,,,,,,,,,,,,,,,,,,,,,,,,,,,,,,,,,,,62,4,102000,1924,158,40,4,both,1,19,19,0,0,,,,,46,,,,,,,,,,,,,,,,,,,,,,,,,,,,,,,,,,,,,,,,,,
175.82288991700625,unswapping,,,,,,,,,,,,,,,,,,,,,,,,,,,,,,,,,,,,,,,,,,,,,,,62,4,102000,1924,158,40,4,left,0,20,20,0,0,,,,,46,,,,,,,,,,,,,,,,,,,,,,,,,,,,,,,,,,,,,,,,,,
176.00645979202818,unswapping,,,,,,,,,,,,,,,,,,,,,,,,,,,,,,,,,,,,,,,,,,,,,,,62,4,102000,1924,158,40,4,left,1,19,19,0,0,,,,,46,,,,,,,,,,,,,,,,,,,,,,,,,,,,,,,,,,,,,,,,,,
176.22613554197596,unswapping,,,,,,,,,,,,,,,,,,,,,,,,,,,,,,,,,,,,,,,,,,,,,,,62,4,102000,1924,158,40,4,right,0,20,20,0,0,,,,,46,,,,,,,,,,,,,,,,,,,,,,,,,,,,,,,,,,,,,,,,,,
176.39502254198305,unswapping,,,,,,,,,,,,,,,,,,,,,,,,,,,,,,,,,,,,,,,,,,,,,,,62,4,102000,1924,158,40,4,right,1,19,19,0,0,,,,,46,,,,,,,,,,,,,,,,,,,,,,,,,,,,,,,,,,,,,,,,,,
177.4945800830028,unswap_cycle_summary,,,,,,,,,,,,396,372,768,,,,,,,,,,,,,,,,,,,512,0.0006,,,,,,,,,,,,,62,4,102000,1924,158,40,,,,,,,,,,,,,,,,,,,,8,12.714247249998152,768,808,40,0,False,,,,,,,,,,,,,,,,,,,,,,,,,,,,
177.57603970798664,rewiring,left,post_unswap,0.04322770796716213,13,False,False,,,,,,,,,,,,,,,,,,,,,,,,,,,,,,,,,,,,,,,,,,,,,,,,,,,,,,,,,,,,,,,,,,8,,,,,,,50,False,0,4,bond_profile,8,False,1,123,"(138, 40, 8, 7, 10, 37, 17)",0.0028617499046958983,0.040339665953069925,"[{'seed': 123, 'score': (138, 40, 8, 7, 10, 37, 17), 'num_layers': 17, 'total_swaps': 37, 'max_layer_swaps': 6, 'swap_only_layers': 10, 'work_layers': 7, 'unitary_layers': 7, 'first_work_layer': 6, 'leading_no_work_layers': 6, 'bond_profile_layers_scored': 7, 'bond_profile_total_cost': 138, 'bond_profile_max_cost': 40, 'bond_profile_gate_count': 8}, {'seed': 1132, 'score': (168, 40, 8, 7, 9, 37, 16), 'num_layers': 16, 'total_swaps': 37, 'max_layer_swaps': 6, 'swap_only_layers': 9, 'work_layers': 7, 'unitary_layers': 7, 'first_work_layer': 6, 'leading_no_work_layers': 6, 'bond_profile_layers_scored': 7, 'bond_profile_total_cost': 168, 'bond_profile_max_cost': 40, 'bond_profile_gate_count': 8}, {'seed': 2141, 'score': (172, 40, 8, 6, 10, 37, 16), 'num_layers': 16, 'total_swaps': 37, 'max_layer_swaps': 6, 'swap_only_layers': 10, 'work_layers': 6, 'unitary_layers': 6, 'first_work_layer': 6, 'leading_no_work_layers': 6, 'bond_profile_layers_scored': 6, 'bond_profile_total_cost': 172, 'bond_profile_max_cost': 40, 'bond_profile_gate_count': 8}, {'seed': 3150, 'score': (164, 40, 8, 6, 11, 37, 17), 'num_layers': 17, 'total_swaps': 37, 'max_layer_swaps': 6, 'swap_only_layers': 11, 'work_layers': 6, 'unitary_layers': 6, 'first_work_layer': 6, 'leading_no_work_layers': 6, 'bond_profile_layers_scored': 6, 'bond_profile_total_cost': 164, 'bond_profile_max_cost': 40, 'bond_profile_gate_count': 8}]",0.04322091699577868,0.22525299998233095,,,,,,,,,,,,,
177.75783249997767,rewiring,right,post_unswap,0.181535542011261,41,False,False,,,,,,,,,,,,,,,,,,,,,,,,,,,,,,,,,,,,,,,,,,,,,,,,,,,,,,,,,,,,,,,,,,8,,,,,,,50,False,0,4,bond_profile,8,False,1,1132,"(278, 62, 13, 8, 18, 131, 40)",0.0040321669657714665,0.17746849998366088,"[{'seed': 123, 'score': (310, 62, 14, 8, 19, 130, 40), 'num_layers': 40, 'total_swaps': 130, 'max_layer_swaps': 12, 'swap_only_layers': 19, 'work_layers': 21, 'unitary_layers': 21, 'first_work_layer': 1, 'leading_no_work_layers': 1, 'bond_profile_layers_scored': 8, 'bond_profile_total_cost': 310, 'bond_profile_max_cost': 62, 'bond_profile_gate_count': 14}, {'seed': 1132, 'score': (278, 62, 13, 8, 18, 131, 40), 'num_layers': 40, 'total_swaps': 131, 'max_layer_swaps': 12, 'swap_only_layers': 18, 'work_layers': 22, 'unitary_layers': 22, 'first_work_layer': 1, 'leading_no_work_layers': 1, 'bond_profile_layers_scored': 8, 'bond_profile_total_cost': 278, 'bond_profile_max_cost': 62, 'bond_profile_gate_count': 13}, {'seed': 2141, 'score': (384, 62, 17, 8, 21, 131, 41), 'num_layers': 41, 'total_swaps': 131, 'max_layer_swaps': 13, 'swap_only_layers': 21, 'work_layers': 20, 'unitary_layers': 20, 'first_work_layer': 1, 'leading_no_work_layers': 1, 'bond_profile_layers_scored': 8, 'bond_profile_total_cost': 384, 'bond_profile_max_cost': 62, 'bond_profile_gate_count': 17}, {'seed': 3150, 'score': (384, 62, 17, 8, 19, 131, 39), 'num_layers': 39, 'total_swaps': 131, 'max_layer_swaps': 13, 'swap_only_layers': 19, 'work_layers': 20, 'unitary_layers': 20, 'first_work_layer': 1, 'leading_no_work_layers': 1, 'bond_profile_layers_scored': 8, 'bond_profile_total_cost': 384, 'bond_profile_max_cost': 62, 'bond_profile_gate_count': 17}]",0.18152799998642877,0.22525299998233095,,,,,,,,,,,,,
177.830802417011,cycle_progress,,,,,,,,,,,,396,372,768,,,,,,,,,,,,,,,,,,,512,0.0006,,102288,2,,,,,,,,,,62,4,102000,1924,158,40,,,,,,,,,,,,,,,,,,,,8,,768,808,40,0,False,,,,,,,,,,,,,,,0.22525299998233095,,,,,,,,,,,,,
178.14521774998866,absorbing,,,,,,,L,1,0,17,40,396,372,768,2,0,0,0.15954554197378457,0.11049820901826024,0.2700437509920448,0.27434662502491847,102000,148832,62,101,False,False,False,False,102000,62,False,512,0.0006,,102000,3,total_elems,102000,148832,1,1,,,,0.0,62,4,102000,1924,158,40,,,,,,,,,,,,,,,,,,,,,,,,,,,,,,,,,,,,,,,,,,,,,,,,,,,,,,
178.36654841701966,absorbing,,,,,,,L,2,0,17,40,396,372,768,4,0,0,0.06978954101214185,0.11152366700116545,0.1813132080133073,0.18196283298311755,102240,148832,62,101,False,False,False,False,102240,62,False,512,0.0006,,102000,3,total_elems,102240,148832,1,1,,,,0.0,62,4,102240,1936,158,40,,,,,,,,,,,,,,,,,,,,,,,,,,,,,,,,,,,,,,,,,,,,,,,,,,,,,,
178.5855213329778,absorbing,,,,,,,L,3,0,17,40,396,372,768,6,0,0,0.05905591696500778,0.11859970801742747,0.17765562498243526,0.17846004100283608,104032,148352,62,101,False,False,False,False,104032,62,False,512,0.0006,,102000,3,total_elems,104032,148352,1,1,,,,0.0,62,4,104032,1988,158,40,,,,,,,,,,,,,,,,,,,,,,,,,,,,,,,,,,,,,,,,,,,,,,,,,,,,,,
178.8402640830027,absorbing,,,,,,,L,4,0,17,40,396,372,768,4,0,0,0.08203612500801682,0.1279969169991091,0.21003304200712591,0.21380820800550282,117088,150144,62,101,False,False,False,False,117088,62,False,512,0.0006,,102000,3,total_elems,117088,150144,1,1,,,,0.0,62,4,117088,2164,158,40,,,,,,,,,,,,,,,,,,,,,,,,,,,,,,,,,,,,,,,,,,,,,,,,,,,,,,
179.1172534999787,absorbing,,,,,,,L,5,0,17,40,396,372,768,3,0,0,0.09028441703412682,0.1443474999978207,0.23463191703194752,0.23667695804033428,138016,163968,64,101,False,False,False,False,138016,64,False,512,0.0006,,102000,3,total_elems,138016,163968,1,1,,,,0.0,64,4,138016,2380,158,40,,,,,,,,,,,,,,,,,,,,,,,,,,,,,,,,,,,,,,,,,,,,,,,,,,,,,,
179.42969041701872,absorbing,,,,,,,L,6,0,17,40,396,372,768,3,0,0,0.10525608400348574,0.1668479169602506,0.2721040009637363,0.27308945800177753,184480,193032,80,101,False,False,False,False,184480,80,False,512,0.0006,,102000,3,total_elems,184480,193032,1,1,,,,0.0,80,4,184480,2642,158,40,,,,,,,,,,,,,,,,,,,,,,,,,,,,,,,,,,,,,,,,,,,,,,,,,,,,,,
179.8936666669906,absorbing,,,,,,,R,6,1,17,40,396,372,768,10,0,0,0.22826179099502042,0.1968937080237083,0.42515549901872873,0.4257679170113988,367684,248304,159,122,False,False,False,False,248304,122,False,512,0.0006,,102000,3,total_elems,367684,248304,1,1,,,,0.0,122,4,248304,3056,158,40,,,,,,,,,,,,,,,,,,,,,,,,,,,,,,,,,,,,,,,,,,,,,,,,,,,,,,
182.37237558298511,unswapping,,,,,,,,,,,,,,,,,,,,,,,,,,,,,,,,,,,,,,,,,,,,,,,142,4,262528,3040,158,40,0,both,0,20,20,6,6,,,,,0,,,,,,,,,,,,,,,,,,,,,,,,,,,,,,,,,,,,,,,,,,
183.59189758298453,unswapping,,,,,,,,,,,,,,,,,,,,,,,,,,,,,,,,,,,,,,,,,,,,,,,80,4,187296,2616,158,40,0,both,1,19,19,5,11,,,,,0,,,,,,,,,,,,,,,,,,,,,,,,,,,,,,,,,,,,,,,,,,
183.9983267079806,unswapping,,,,,,,,,,,,,,,,,,,,,,,,,,,,,,,,,,,,,,,,,,,,,,,64,4,132864,2282,158,40,0,left,0,20,20,4,15,,,,,8,,,,,,,,,,,,,,,,,,,,,,,,,,,,,,,,,,,,,,,,,,
184.33117570797913,unswapping,,,,,,,,,,,,,,,,,,,,,,,,,,,,,,,,,,,,,,,,,,,,,,,64,4,120480,2124,158,40,0,left,1,19,19,8,23,,,,,24,,,,,,,,,,,,,,,,,,,,,,,,,,,,,,,,,,,,,,,,,,
184.68470462498954,unswapping,,,,,,,,,,,,,,,,,,,,,,,,,,,,,,,,,,,,,,,,,,,,,,,62,4,111136,2052,158,40,0,right,0,20,20,2,25,,,,,28,,,,,,,,,,,,,,,,,,,,,,,,,,,,,,,,,,,,,,,,,,
184.96481174998917,unswapping,,,,,,,,,,,,,,,,,,,,,,,,,,,,,,,,,,,,,,,,,,,,,,,62,4,106192,1994,158,40,0,right,1,19,19,2,27,,,,,32,,,,,,,,,,,,,,,,,,,,,,,,,,,,,,,,,,,,,,,,,,
185.4290422499762,unswapping,,,,,,,,,,,,,,,,,,,,,,,,,,,,,,,,,,,,,,,,,,,,,,,62,4,106192,1994,158,40,1,both,0,20,20,0,0,,,,,32,,,,,,,,,,,,,,,,,,,,,,,,,,,,,,,,,,,,,,,,,,
185.82546420802828,unswapping,,,,,,,,,,,,,,,,,,,,,,,,,,,,,,,,,,,,,,,,,,,,,,,62,4,106192,1994,158,40,1,both,1,19,19,0,0,,,,,32,,,,,,,,,,,,,,,,,,,,,,,,,,,,,,,,,,,,,,,,,,
186.08883762499318,unswapping,,,,,,,,,,,,,,,,,,,,,,,,,,,,,,,,,,,,,,,,,,,,,,,62,4,102416,1942,158,40,1,left,0,20,20,3,3,,,,,38,,,,,,,,,,,,,,,,,,,,,,,,,,,,,,,,,,,,,,,,,,
186.25776358298026,unswapping,,,,,,,,,,,,,,,,,,,,,,,,,,,,,,,,,,,,,,,,,,,,,,,62,4,102416,1942,158,40,1,left,1,19,19,0,3,,,,,38,,,,,,,,,,,,,,,,,,,,,,,,,,,,,,,,,,,,,,,,,,
186.46956233301898,unswapping,,,,,,,,,,,,,,,,,,,,,,,,,,,,,,,,,,,,,,,,,,,,,,,62,4,102416,1942,158,40,1,right,0,20,20,0,3,,,,,38,,,,,,,,,,,,,,,,,,,,,,,,,,,,,,,,,,,,,,,,,,
186.6447126250132,unswapping,,,,,,,,,,,,,,,,,,,,,,,,,,,,,,,,,,,,,,,,,,,,,,,62,4,102416,1942,158,40,1,right,1,19,19,0,3,,,,,38,,,,,,,,,,,,,,,,,,,,,,,,,,,,,,,,,,,,,,,,,,
187.12688087497372,unswapping,,,,,,,,,,,,,,,,,,,,,,,,,,,,,,,,,,,,,,,,,,,,,,,62,4,102416,1942,158,40,2,both,0,20,20,0,0,,,,,38,,,,,,,,,,,,,,,,,,,,,,,,,,,,,,,,,,,,,,,,,,
187.62878391699633,unswapping,,,,,,,,,,,,,,,,,,,,,,,,,,,,,,,,,,,,,,,,,,,,,,,62,4,102096,1934,158,40,2,both,1,19,19,1,1,,,,,40,,,,,,,,,,,,,,,,,,,,,,,,,,,,,,,,,,,,,,,,,,
187.83694054197986,unswapping,,,,,,,,,,,,,,,,,,,,,,,,,,,,,,,,,,,,,,,,,,,,,,,62,4,102096,1934,158,40,2,left,0,20,20,0,1,,,,,40,,,,,,,,,,,,,,,,,,,,,,,,,,,,,,,,,,,,,,,,,,
188.0140423750272,unswapping,,,,,,,,,,,,,,,,,,,,,,,,,,,,,,,,,,,,,,,,,,,,,,,62,4,102096,1934,158,40,2,left,1,19,19,0,1,,,,,40,,,,,,,,,,,,,,,,,,,,,,,,,,,,,,,,,,,,,,,,,,
188.2133844170021,unswapping,,,,,,,,,,,,,,,,,,,,,,,,,,,,,,,,,,,,,,,,,,,,,,,62,4,102096,1934,158,40,2,right,0,20,20,0,1,,,,,40,,,,,,,,,,,,,,,,,,,,,,,,,,,,,,,,,,,,,,,,,,
188.3899672079715,unswapping,,,,,,,,,,,,,,,,,,,,,,,,,,,,,,,,,,,,,,,,,,,,,,,62,4,102096,1934,158,40,2,right,1,19,19,0,1,,,,,40,,,,,,,,,,,,,,,,,,,,,,,,,,,,,,,,,,,,,,,,,,
188.9860035830061,unswapping,,,,,,,,,,,,,,,,,,,,,,,,,,,,,,,,,,,,,,,,,,,,,,,62,4,101904,1926,158,40,3,both,0,20,20,1,1,,,,,42,,,,,,,,,,,,,,,,,,,,,,,,,,,,,,,,,,,,,,,,,,
189.43427737499587,unswapping,,,,,,,,,,,,,,,,,,,,,,,,,,,,,,,,,,,,,,,,,,,,,,,62,4,101856,1922,158,40,3,both,1,19,19,1,2,,,,,46,,,,,,,,,,,,,,,,,,,,,,,,,,,,,,,,,,,,,,,,,,
189.63735645799898,unswapping,,,,,,,,,,,,,,,,,,,,,,,,,,,,,,,,,,,,,,,,,,,,,,,62,4,101856,1922,158,40,3,left,0,20,20,0,2,,,,,46,,,,,,,,,,,,,,,,,,,,,,,,,,,,,,,,,,,,,,,,,,
189.78622770798393,unswapping,,,,,,,,,,,,,,,,,,,,,,,,,,,,,,,,,,,,,,,,,,,,,,,62,4,101856,1922,158,40,3,left,1,19,19,0,2,,,,,46,,,,,,,,,,,,,,,,,,,,,,,,,,,,,,,,,,,,,,,,,,
190.0077273750212,unswapping,,,,,,,,,,,,,,,,,,,,,,,,,,,,,,,,,,,,,,,,,,,,,,,62,4,101856,1922,158,40,3,right,0,20,20,0,2,,,,,46,,,,,,,,,,,,,,,,,,,,,,,,,,,,,,,,,,,,,,,,,,
190.18002404202707,unswapping,,,,,,,,,,,,,,,,,,,,,,,,,,,,,,,,,,,,,,,,,,,,,,,62,4,101856,1922,158,40,3,right,1,19,19,0,2,,,,,46,,,,,,,,,,,,,,,,,,,,,,,,,,,,,,,,,,,,,,,,,,
190.64749279199168,unswapping,,,,,,,,,,,,,,,,,,,,,,,,,,,,,,,,,,,,,,,,,,,,,,,62,4,101856,1922,158,40,4,both,0,20,20,0,0,,,,,46,,,,,,,,,,,,,,,,,,,,,,,,,,,,,,,,,,,,,,,,,,
191.00724399997853,unswapping,,,,,,,,,,,,,,,,,,,,,,,,,,,,,,,,,,,,,,,,,,,,,,,62,4,101856,1922,158,40,4,both,1,19,19,0,0,,,,,46,,,,,,,,,,,,,,,,,,,,,,,,,,,,,,,,,,,,,,,,,,
191.2390161670046,unswapping,,,,,,,,,,,,,,,,,,,,,,,,,,,,,,,,,,,,,,,,,,,,,,,62,4,101856,1922,158,40,4,left,0,20,20,0,0,,,,,46,,,,,,,,,,,,,,,,,,,,,,,,,,,,,,,,,,,,,,,,,,
191.4227185419877,unswapping,,,,,,,,,,,,,,,,,,,,,,,,,,,,,,,,,,,,,,,,,,,,,,,62,4,101856,1922,158,40,4,left,1,19,19,0,0,,,,,46,,,,,,,,,,,,,,,,,,,,,,,,,,,,,,,,,,,,,,,,,,
191.62896595802158,unswapping,,,,,,,,,,,,,,,,,,,,,,,,,,,,,,,,,,,,,,,,,,,,,,,62,4,101856,1922,158,40,4,right,0,20,20,0,0,,,,,46,,,,,,,,,,,,,,,,,,,,,,,,,,,,,,,,,,,,,,,,,,
191.78833279199898,unswapping,,,,,,,,,,,,,,,,,,,,,,,,,,,,,,,,,,,,,,,,,,,,,,,62,4,101856,1922,158,40,4,right,1,19,19,0,0,,,,,46,,,,,,,,,,,,,,,,,,,,,,,,,,,,,,,,,,,,,,,,,,
192.9158528749831,unswap_cycle_summary,,,,,,,,,,,,396,372,768,,,,,,,,,,,,,,,,,,,512,0.0006,,,,,,,,,,,,,62,4,101856,1922,158,40,,,,,,,,,,,,,,,,,,,,9,11.140714375011157,768,808,40,0,False,,,,,,,,,,,,,,,,,,,,,,,,,,,,
193.09685533301672,rewiring,left,post_unswap,0.14072791603393853,13,False,False,,,,,,,,,,,,,,,,,,,,,,,,,,,,,,,,,,,,,,,,,,,,,,,,,,,,,,,,,,,,,,,,,,9,,,,,,,50,False,0,4,bond_profile,8,False,1,123,"(138, 40, 8, 7, 10, 37, 17)",0.003045333956833929,0.1376462080515921,"[{'seed': 123, 'score': (138, 40, 8, 7, 10, 37, 17), 'num_layers': 17, 'total_swaps': 37, 'max_layer_swaps': 6, 'swap_only_layers': 10, 'work_layers': 7, 'unitary_layers': 7, 'first_work_layer': 6, 'leading_no_work_layers': 6, 'bond_profile_layers_scored': 7, 'bond_profile_total_cost': 138, 'bond_profile_max_cost': 40, 'bond_profile_gate_count': 8}, {'seed': 1132, 'score': (167, 40, 8, 7, 9, 37, 16), 'num_layers': 16, 'total_swaps': 37, 'max_layer_swaps': 6, 'swap_only_layers': 9, 'work_layers': 7, 'unitary_layers': 7, 'first_work_layer': 6, 'leading_no_work_layers': 6, 'bond_profile_layers_scored': 7, 'bond_profile_total_cost': 167, 'bond_profile_max_cost': 40, 'bond_profile_gate_count': 8}, {'seed': 2141, 'score': (171, 40, 8, 6, 10, 37, 16), 'num_layers': 16, 'total_swaps': 37, 'max_layer_swaps': 6, 'swap_only_layers': 10, 'work_layers': 6, 'unitary_layers': 6, 'first_work_layer': 6, 'leading_no_work_layers': 6, 'bond_profile_layers_scored': 6, 'bond_profile_total_cost': 171, 'bond_profile_max_cost': 40, 'bond_profile_gate_count': 8}, {'seed': 3150, 'score': (163, 40, 8, 6, 11, 37, 17), 'num_layers': 17, 'total_swaps': 37, 'max_layer_swaps': 6, 'swap_only_layers': 11, 'work_layers': 6, 'unitary_layers': 6, 'first_work_layer': 6, 'leading_no_work_layers': 6, 'bond_profile_layers_scored': 6, 'bond_profile_total_cost': 163, 'bond_profile_max_cost': 40, 'bond_profile_gate_count': 8}]",0.1407186669530347,0.3370874999673106,,,,,,,,,,,,,
193.2928823750117,rewiring,right,post_unswap,0.19577429100172594,41,False,False,,,,,,,,,,,,,,,,,,,,,,,,,,,,,,,,,,,,,,,,,,,,,,,,,,,,,,,,,,,,,,,,,,9,,,,,,,50,False,0,4,bond_profile,8,False,1,1132,"(278, 62, 13, 8, 18, 131, 40)",0.0035438340855762362,0.19219741702545434,"[{'seed': 123, 'score': (310, 62, 14, 8, 19, 130, 40), 'num_layers': 40, 'total_swaps': 130, 'max_layer_swaps': 12, 'swap_only_layers': 19, 'work_layers': 21, 'unitary_layers': 21, 'first_work_layer': 1, 'leading_no_work_layers': 1, 'bond_profile_layers_scored': 8, 'bond_profile_total_cost': 310, 'bond_profile_max_cost': 62, 'bond_profile_gate_count': 14}, {'seed': 1132, 'score': (278, 62, 13, 8, 18, 131, 40), 'num_layers': 40, 'total_swaps': 131, 'max_layer_swaps': 12, 'swap_only_layers': 18, 'work_layers': 22, 'unitary_layers': 22, 'first_work_layer': 1, 'leading_no_work_layers': 1, 'bond_profile_layers_scored': 8, 'bond_profile_total_cost': 278, 'bond_profile_max_cost': 62, 'bond_profile_gate_count': 13}, {'seed': 2141, 'score': (384, 62, 17, 8, 21, 131, 41), 'num_layers': 41, 'total_swaps': 131, 'max_layer_swaps': 13, 'swap_only_layers': 21, 'work_layers': 20, 'unitary_layers': 20, 'first_work_layer': 1, 'leading_no_work_layers': 1, 'bond_profile_layers_scored': 8, 'bond_profile_total_cost': 384, 'bond_profile_max_cost': 62, 'bond_profile_gate_count': 17}, {'seed': 3150, 'score': (384, 62, 17, 8, 19, 131, 39), 'num_layers': 39, 'total_swaps': 131, 'max_layer_swaps': 13, 'swap_only_layers': 19, 'work_layers': 20, 'unitary_layers': 20, 'first_work_layer': 1, 'leading_no_work_layers': 1, 'bond_profile_layers_scored': 8, 'bond_profile_total_cost': 384, 'bond_profile_max_cost': 62, 'bond_profile_gate_count': 17}]",0.19576770800631493,0.3370874999673106,,,,,,,,,,,,,
193.3750561249908,cycle_progress,,,,,,,,,,,,396,372,768,,,,,,,,,,,,,,,,,,,512,0.0006,,102000,3,,,,,,,,,,62,4,101856,1922,158,40,,,,,,,,,,,,,,,,,,,,9,,768,808,40,0,False,,,,,,,,,,,,,,,0.3370874999673106,,,,,,,,,,,,,
193.59608991700225,absorbing,,,,,,,L,1,0,17,40,396,372,768,2,0,0,0.06185037503018975,0.11187224998138845,0.1737226250115782,0.1779687080415897,101856,146844,62,98,False,False,False,False,101856,62,False,512,0.0006,,101856,4,total_elems,101856,146844,1,1,,,,0.0,62,4,101856,1922,158,40,,,,,,,,,,,,,,,,,,,,,,,,,,,,,,,,,,,,,,,,,,,,,,,,,,,,,,
193.81769495800836,absorbing,,,,,,,L,2,0,17,40,396,372,768,4,0,0,0.06290287501178682,0.11535350000485778,0.1782563750166446,0.17917424999177456,102096,146844,62,98,False,False,False,False,102096,62,False,512,0.0006,,101856,4,total_elems,102096,146844,1,1,,,,0.0,62,4,102096,1934,158,40,,,,,,,,,,,,,,,,,,,,,,,,,,,,,,,,,,,,,,,,,,,,,,,,,,,,,,
194.05296304199146,absorbing,,,,,,,L,3,0,17,40,396,372,768,6,0,0,0.07472874998347834,0.12004637497011572,0.19477512495359406,0.19550999999046326,103888,146364,62,98,False,False,False,False,103888,62,False,512,0.0006,,101856,4,total_elems,103888,146364,1,1,,,,0.0,62,4,103888,1986,158,40,,,,,,,,,,,,,,,,,,,,,,,,,,,,,,,,,,,,,,,,,,,,,,,,,,,,,,
194.2784786670236,absorbing,,,,,,,L,4,0,17,40,396,372,768,4,0,0,0.07265091600129381,0.11137483298080042,0.18402574898209423,0.1858958340017125,116816,148156,62,98,False,False,False,False,116816,62,False,512,0.0006,,101856,4,total_elems,116816,148156,1,1,,,,0.0,62,4,116816,2162,158,40,,,,,,,,,,,,,,,,,,,,,,,,,,,,,,,,,,,,,,,,,,,,,,,,,,,,,,
194.56544741697144,absorbing,,,,,,,L,5,0,17,40,396,372,768,3,0,0,0.09709391696378589,0.1437024170299992,0.24079633399378508,0.24301470903446898,137200,161852,64,98,False,False,False,False,137200,64,False,512,0.0006,,101856,4,total_elems,137200,161852,1,1,,,,0.0,64,4,137200,2374,158,40,,,,,,,,,,,,,,,,,,,,,,,,,,,,,,,,,,,,,,,,,,,,,,,,,,,,,,
194.9444314580178,absorbing,,,,,,,L,6,0,17,40,396,372,768,3,0,0,0.13632120797410607,0.1929573750239797,0.32927858299808577,0.3314008329762146,182944,190144,80,98,False,False,False,False,182944,80,False,512,0.0006,,101856,4,total_elems,182944,190144,1,1,,,,0.0,80,4,182944,2636,158,40,,,,,,,,,,,,,,,,,,,,,,,,,,,,,,,,,,,,,,,,,,,,,,,,,,,,,,
195.51824837498134,absorbing,,,,,,,R,6,1,17,40,396,372,768,10,0,0,0.309922665997874,0.21835283300606534,0.5282754990039393,0.5307158749783412,365636,244976,159,119,False,False,False,False,244976,119,False,512,0.0006,,101856,4,total_elems,365636,244976,1,1,,,,0.0,119,4,244976,3040,158,40,,,,,,,,,,,,,,,,,,,,,,,,,,,,,,,,,,,,,,,,,,,,,,,,,,,,,,
198.0416705830139,unswapping,,,,,,,,,,,,,,,,,,,,,,,,,,,,,,,,,,,,,,,,,,,,,,,138,4,259712,3026,158,40,0,both,0,20,20,6,6,,,,,0,,,,,,,,,,,,,,,,,,,,,,,,,,,,,,,,,,,,,,,,,,
199.24237991700647,unswapping,,,,,,,,,,,,,,,,,,,,,,,,,,,,,,,,,,,,,,,,,,,,,,,80,4,187296,2616,158,40,0,both,1,19,19,5,11,,,,,0,,,,,,,,,,,,,,,,,,,,,,,,,,,,,,,,,,,,,,,,,,
199.70674749999307,unswapping,,,,,,,,,,,,,,,,,,,,,,,,,,,,,,,,,,,,,,,,,,,,,,,64,4,132512,2280,158,40,0,left,0,20,20,4,15,,,,,8,,,,,,,,,,,,,,,,,,,,,,,,,,,,,,,,,,,,,,,,,,
200.00073708302807,unswapping,,,,,,,,,,,,,,,,,,,,,,,,,,,,,,,,,,,,,,,,,,,,,,,64,4,120480,2124,158,40,0,left,1,19,19,8,23,,,,,24,,,,,,,,,,,,,,,,,,,,,,,,,,,,,,,,,,,,,,,,,,
200.3087478330126,unswapping,,,,,,,,,,,,,,,,,,,,,,,,,,,,,,,,,,,,,,,,,,,,,,,62,4,111136,2052,158,40,0,right,0,20,20,2,25,,,,,28,,,,,,,,,,,,,,,,,,,,,,,,,,,,,,,,,,,,,,,,,,
200.52166899997974,unswapping,,,,,,,,,,,,,,,,,,,,,,,,,,,,,,,,,,,,,,,,,,,,,,,62,4,106192,1994,158,40,0,right,1,19,19,2,27,,,,,32,,,,,,,,,,,,,,,,,,,,,,,,,,,,,,,,,,,,,,,,,,
200.94437529199058,unswapping,,,,,,,,,,,,,,,,,,,,,,,,,,,,,,,,,,,,,,,,,,,,,,,62,4,106192,1994,158,40,1,both,0,20,20,0,0,,,,,32,,,,,,,,,,,,,,,,,,,,,,,,,,,,,,,,,,,,,,,,,,
201.25879137497395,unswapping,,,,,,,,,,,,,,,,,,,,,,,,,,,,,,,,,,,,,,,,,,,,,,,62,4,106192,1994,158,40,1,both,1,19,19,0,0,,,,,32,,,,,,,,,,,,,,,,,,,,,,,,,,,,,,,,,,,,,,,,,,
201.50163574999897,unswapping,,,,,,,,,,,,,,,,,,,,,,,,,,,,,,,,,,,,,,,,,,,,,,,62,4,102416,1942,158,40,1,left,0,20,20,3,3,,,,,38,,,,,,,,,,,,,,,,,,,,,,,,,,,,,,,,,,,,,,,,,,
201.69789558299817,unswapping,,,,,,,,,,,,,,,,,,,,,,,,,,,,,,,,,,,,,,,,,,,,,,,62,4,102416,1942,158,40,1,left,1,19,19,0,3,,,,,38,,,,,,,,,,,,,,,,,,,,,,,,,,,,,,,,,,,,,,,,,,
201.9117591669783,unswapping,,,,,,,,,,,,,,,,,,,,,,,,,,,,,,,,,,,,,,,,,,,,,,,62,4,102416,1942,158,40,1,right,0,20,20,0,3,,,,,38,,,,,,,,,,,,,,,,,,,,,,,,,,,,,,,,,,,,,,,,,,
202.13061529200058,unswapping,,,,,,,,,,,,,,,,,,,,,,,,,,,,,,,,,,,,,,,,,,,,,,,62,4,102416,1942,158,40,1,right,1,19,19,0,3,,,,,38,,,,,,,,,,,,,,,,,,,,,,,,,,,,,,,,,,,,,,,,,,
202.57617000001483,unswapping,,,,,,,,,,,,,,,,,,,,,,,,,,,,,,,,,,,,,,,,,,,,,,,62,4,102416,1942,158,40,2,both,0,20,20,0,0,,,,,38,,,,,,,,,,,,,,,,,,,,,,,,,,,,,,,,,,,,,,,,,,
203.0117827919894,unswapping,,,,,,,,,,,,,,,,,,,,,,,,,,,,,,,,,,,,,,,,,,,,,,,62,4,102096,1934,158,40,2,both,1,19,19,1,1,,,,,40,,,,,,,,,,,,,,,,,,,,,,,,,,,,,,,,,,,,,,,,,,
203.21490654197987,unswapping,,,,,,,,,,,,,,,,,,,,,,,,,,,,,,,,,,,,,,,,,,,,,,,62,4,102096,1934,158,40,2,left,0,20,20,0,1,,,,,40,,,,,,,,,,,,,,,,,,,,,,,,,,,,,,,,,,,,,,,,,,
203.36515137500828,unswapping,,,,,,,,,,,,,,,,,,,,,,,,,,,,,,,,,,,,,,,,,,,,,,,62,4,102096,1934,158,40,2,left,1,19,19,0,1,,,,,40,,,,,,,,,,,,,,,,,,,,,,,,,,,,,,,,,,,,,,,,,,
203.58125895797275,unswapping,,,,,,,,,,,,,,,,,,,,,,,,,,,,,,,,,,,,,,,,,,,,,,,62,4,102096,1934,158,40,2,right,0,20,20,0,1,,,,,40,,,,,,,,,,,,,,,,,,,,,,,,,,,,,,,,,,,,,,,,,,
203.7441247079987,unswapping,,,,,,,,,,,,,,,,,,,,,,,,,,,,,,,,,,,,,,,,,,,,,,,62,4,102096,1934,158,40,2,right,1,19,19,0,1,,,,,40,,,,,,,,,,,,,,,,,,,,,,,,,,,,,,,,,,,,,,,,,,
204.3016003749799,unswapping,,,,,,,,,,,,,,,,,,,,,,,,,,,,,,,,,,,,,,,,,,,,,,,62,4,101904,1926,158,40,3,both,0,20,20,1,1,,,,,42,,,,,,,,,,,,,,,,,,,,,,,,,,,,,,,,,,,,,,,,,,
204.67535024997778,unswapping,,,,,,,,,,,,,,,,,,,,,,,,,,,,,,,,,,,,,,,,,,,,,,,62,4,101856,1922,158,40,3,both,1,19,19,1,2,,,,,46,,,,,,,,,,,,,,,,,,,,,,,,,,,,,,,,,,,,,,,,,,
204.86427075002575,unswapping,,,,,,,,,,,,,,,,,,,,,,,,,,,,,,,,,,,,,,,,,,,,,,,62,4,101856,1922,158,40,3,left,0,20,20,0,2,,,,,46,,,,,,,,,,,,,,,,,,,,,,,,,,,,,,,,,,,,,,,,,,
205.0284049169859,unswapping,,,,,,,,,,,,,,,,,,,,,,,,,,,,,,,,,,,,,,,,,,,,,,,62,4,101856,1922,158,40,3,left,1,19,19,0,2,,,,,46,,,,,,,,,,,,,,,,,,,,,,,,,,,,,,,,,,,,,,,,,,
205.21930499997688,unswapping,,,,,,,,,,,,,,,,,,,,,,,,,,,,,,,,,,,,,,,,,,,,,,,62,4,101856,1922,158,40,3,right,0,20,20,0,2,,,,,46,,,,,,,,,,,,,,,,,,,,,,,,,,,,,,,,,,,,,,,,,,
205.38350325002102,unswapping,,,,,,,,,,,,,,,,,,,,,,,,,,,,,,,,,,,,,,,,,,,,,,,62,4,101856,1922,158,40,3,right,1,19,19,0,2,,,,,46,,,,,,,,,,,,,,,,,,,,,,,,,,,,,,,,,,,,,,,,,,
205.83136704197386,unswapping,,,,,,,,,,,,,,,,,,,,,,,,,,,,,,,,,,,,,,,,,,,,,,,62,4,101856,1922,158,40,4,both,0,20,20,0,0,,,,,46,,,,,,,,,,,,,,,,,,,,,,,,,,,,,,,,,,,,,,,,,,
206.17256974999327,unswapping,,,,,,,,,,,,,,,,,,,,,,,,,,,,,,,,,,,,,,,,,,,,,,,62,4,101856,1922,158,40,4,both,1,19,19,0,0,,,,,46,,,,,,,,,,,,,,,,,,,,,,,,,,,,,,,,,,,,,,,,,,
206.3771079580183,unswapping,,,,,,,,,,,,,,,,,,,,,,,,,,,,,,,,,,,,,,,,,,,,,,,62,4,101856,1922,158,40,4,left,0,20,20,0,0,,,,,46,,,,,,,,,,,,,,,,,,,,,,,,,,,,,,,,,,,,,,,,,,
206.53831866697874,unswapping,,,,,,,,,,,,,,,,,,,,,,,,,,,,,,,,,,,,,,,,,,,,,,,62,4,101856,1922,158,40,4,left,1,19,19,0,0,,,,,46,,,,,,,,,,,,,,,,,,,,,,,,,,,,,,,,,,,,,,,,,,
206.7364656670252,unswapping,,,,,,,,,,,,,,,,,,,,,,,,,,,,,,,,,,,,,,,,,,,,,,,62,4,101856,1922,158,40,4,right,0,20,20,0,0,,,,,46,,,,,,,,,,,,,,,,,,,,,,,,,,,,,,,,,,,,,,,,,,
206.87944425002206,unswapping,,,,,,,,,,,,,,,,,,,,,,,,,,,,,,,,,,,,,,,,,,,,,,,62,4,101856,1922,158,40,4,right,1,19,19,0,0,,,,,46,,,,,,,,,,,,,,,,,,,,,,,,,,,,,,,,,,,,,,,,,,
208.09166954201646,unswap_cycle_summary,,,,,,,,,,,,396,372,768,,,,,,,,,,,,,,,,,,,512,0.0006,,,,,,,,,,,,,62,4,101856,1922,158,40,,,,,,,,,,,,,,,,,,,,10,10.555347167013679,768,808,40,0,False,,,,,,,,,,,,,,,,,,,,,,,,,,,,
208.28697216702858,rewiring,left,post_unswap,0.15392366598825902,13,False,False,,,,,,,,,,,,,,,,,,,,,,,,,,,,,,,,,,,,,,,,,,,,,,,,,,,,,,,,,,,,,,,,,,10,,,,,,,50,False,0,4,bond_profile,8,False,1,123,"(138, 40, 8, 7, 10, 37, 17)",0.0028509169933386147,0.15104162594070658,"[{'seed': 123, 'score': (138, 40, 8, 7, 10, 37, 17), 'num_layers': 17, 'total_swaps': 37, 'max_layer_swaps': 6, 'swap_only_layers': 10, 'work_layers': 7, 'unitary_layers': 7, 'first_work_layer': 6, 'leading_no_work_layers': 6, 'bond_profile_layers_scored': 7, 'bond_profile_total_cost': 138, 'bond_profile_max_cost': 40, 'bond_profile_gate_count': 8}, {'seed': 1132, 'score': (167, 40, 8, 7, 9, 37, 16), 'num_layers': 16, 'total_swaps': 37, 'max_layer_swaps': 6, 'swap_only_layers': 9, 'work_layers': 7, 'unitary_layers': 7, 'first_work_layer': 6, 'leading_no_work_layers': 6, 'bond_profile_layers_scored': 7, 'bond_profile_total_cost': 167, 'bond_profile_max_cost': 40, 'bond_profile_gate_count': 8}, {'seed': 2141, 'score': (171, 40, 8, 6, 10, 37, 16), 'num_layers': 16, 'total_swaps': 37, 'max_layer_swaps': 6, 'swap_only_layers': 10, 'work_layers': 6, 'unitary_layers': 6, 'first_work_layer': 6, 'leading_no_work_layers': 6, 'bond_profile_layers_scored': 6, 'bond_profile_total_cost': 171, 'bond_profile_max_cost': 40, 'bond_profile_gate_count': 8}, {'seed': 3150, 'score': (163, 40, 8, 6, 11, 37, 17), 'num_layers': 17, 'total_swaps': 37, 'max_layer_swaps': 6, 'swap_only_layers': 11, 'work_layers': 6, 'unitary_layers': 6, 'first_work_layer': 6, 'leading_no_work_layers': 6, 'bond_profile_layers_scored': 6, 'bond_profile_total_cost': 163, 'bond_profile_max_cost': 40, 'bond_profile_gate_count': 8}]",0.15391562500735745,0.34987391700269654,,,,,,,,,,,,,
208.4826175000053,rewiring,right,post_unswap,0.19535379199078307,41,False,False,,,,,,,,,,,,,,,,,,,,,,,,,,,,,,,,,,,,,,,,,,,,,,,,,,,,,,,,,,,,,,,,,,10,,,,,,,50,False,0,4,bond_profile,8,False,1,1132,"(278, 62, 13, 8, 18, 131, 40)",0.003405375056900084,0.1919172500493005,"[{'seed': 123, 'score': (310, 62, 14, 8, 19, 130, 40), 'num_layers': 40, 'total_swaps': 130, 'max_layer_swaps': 12, 'swap_only_layers': 19, 'work_layers': 21, 'unitary_layers': 21, 'first_work_layer': 1, 'leading_no_work_layers': 1, 'bond_profile_layers_scored': 8, 'bond_profile_total_cost': 310, 'bond_profile_max_cost': 62, 'bond_profile_gate_count': 14}, {'seed': 1132, 'score': (278, 62, 13, 8, 18, 131, 40), 'num_layers': 40, 'total_swaps': 131, 'max_layer_swaps': 12, 'swap_only_layers': 18, 'work_layers': 22, 'unitary_layers': 22, 'first_work_layer': 1, 'leading_no_work_layers': 1, 'bond_profile_layers_scored': 8, 'bond_profile_total_cost': 278, 'bond_profile_max_cost': 62, 'bond_profile_gate_count': 13}, {'seed': 2141, 'score': (384, 62, 17, 8, 21, 131, 41), 'num_layers': 41, 'total_swaps': 131, 'max_layer_swaps': 13, 'swap_only_layers': 21, 'work_layers': 20, 'unitary_layers': 20, 'first_work_layer': 1, 'leading_no_work_layers': 1, 'bond_profile_layers_scored': 8, 'bond_profile_total_cost': 384, 'bond_profile_max_cost': 62, 'bond_profile_gate_count': 17}, {'seed': 3150, 'score': (384, 62, 17, 8, 19, 131, 39), 'num_layers': 39, 'total_swaps': 131, 'max_layer_swaps': 13, 'swap_only_layers': 19, 'work_layers': 20, 'unitary_layers': 20, 'first_work_layer': 1, 'leading_no_work_layers': 1, 'bond_profile_layers_scored': 8, 'bond_profile_total_cost': 384, 'bond_profile_max_cost': 62, 'bond_profile_gate_count': 17}]",0.19534670800203457,0.34987391700269654,,,,,,,,,,,,,
208.56498629198177,cycle_progress,,,,,,,,,,,,396,372,768,,,,,,,,,,,,,,,,,,,512,0.0006,,101856,4,,,,,,,,,,62,4,101856,1922,158,40,,,,,,,,,,,,,,,,,,,,10,,768,808,40,0,False,,,,,,,,,,,,,,,0.34987391700269654,,,,,,,,,,,,,
208.7735069579794,absorbing,,,,,,,L,1,0,17,40,396,372,768,2,0,0,0.05884320900077,0.10301104100653902,0.16185425000730902,0.16653654200490564,101856,146032,62,96,False,False,False,False,101856,62,False,512,0.0006,,101856,5,total_elems,101856,146032,1,1,,,,0.0,62,4,101856,1922,158,40,,,,,,,,,,,,,,,,,,,,,,,,,,,,,,,,,,,,,,,,,,,,,,,,,,,,,,
208.96154220798053,absorbing,,,,,,,L,2,0,17,40,396,372,768,4,0,0,0.05112241703318432,0.09423874999629334,0.14536116702947766,0.14599758299300447,102096,146032,62,96,False,False,False,False,102096,62,False,512,0.0006,,101856,5,total_elems,102096,146032,1,1,,,,0.0,62,4,102096,1934,158,40,,,,,,,,,,,,,,,,,,,,,,,,,,,,,,,,,,,,,,,,,,,,,,,,,,,,,,
209.15967662498588,absorbing,,,,,,,L,3,0,17,40,396,372,768,6,0,0,0.0540292079676874,0.10214858298422769,0.15617779095191509,0.15753220801707357,103888,145552,62,96,False,False,False,False,103888,62,False,512,0.0006,,101856,5,total_elems,103888,145552,1,1,,,,0.0,62,4,103888,1986,158,40,,,,,,,,,,,,,,,,,,,,,,,,,,,,,,,,,,,,,,,,,,,,,,,,,,,,,,
209.3844543750165,absorbing,,,,,,,L,4,0,17,40,396,372,768,4,0,0,0.06938666698988527,0.11304470902541652,0.1824313760153018,0.1841320000239648,116816,147344,62,96,False,False,False,False,116816,62,False,512,0.0006,,101856,5,total_elems,116816,147344,1,1,,,,0.0,62,4,116816,2162,158,40,,,,,,,,,,,,,,,,,,,,,,,,,,,,,,,,,,,,,,,,,,,,,,,,,,,,,,
209.68028708302882,absorbing,,,,,,,L,5,0,17,40,396,372,768,3,0,0,0.11136199999600649,0.13772066601086408,0.24908266600687057,0.2506983339553699,136928,161040,64,96,False,False,False,False,136928,64,False,512,0.0006,,101856,5,total_elems,136928,161040,1,1,,,,0.0,64,4,136928,2372,158,40,,,,,,,,,,,,,,,,,,,,,,,,,,,,,,,,,,,,,,,,,,,,,,,,,,,,,,
210.08325941697694,absorbing,,,,,,,L,6,0,17,40,396,372,768,3,0,0,0.14111762499669567,0.21462066698586568,0.35573829198256135,0.3572265830007382,182944,189632,80,96,False,False,False,False,182944,80,False,512,0.0006,,101856,5,total_elems,182944,189632,1,1,,,,0.0,80,4,182944,2636,158,40,,,,,,,,,,,,,,,,,,,,,,,,,,,,,,,,,,,,,,,,,,,,,,,,,,,,,,
210.54072708298918,absorbing,,,,,,,R,6,1,17,40,396,372,768,10,0,0,0.22806133300764486,0.184729749977123,0.41279108298476785,0.4134888339904137,365124,244464,159,119,False,False,False,False,244464,119,False,512,0.0006,,101856,5,total_elems,365124,244464,1,1,,,,0.0,119,4,244464,3036,158,40,,,,,,,,,,,,,,,,,,,,,,,,,,,,,,,,,,,,,,,,,,,,,,,,,,,,,,
213.08845591702266,unswapping,,,,,,,,,,,,,,,,,,,,,,,,,,,,,,,,,,,,,,,,,,,,,,,135,4,257664,3016,158,40,0,both,0,20,20,6,6,,,,,0,,,,,,,,,,,,,,,,,,,,,,,,,,,,,,,,,,,,,,,,,,
214.33473308297107,unswapping,,,,,,,,,,,,,,,,,,,,,,,,,,,,,,,,,,,,,,,,,,,,,,,80,4,187296,2616,158,40,0,both,1,19,19,5,11,,,,,0,,,,,,,,,,,,,,,,,,,,,,,,,,,,,,,,,,,,,,,,,,
214.80304787500063,unswapping,,,,,,,,,,,,,,,,,,,,,,,,,,,,,,,,,,,,,,,,,,,,,,,64,4,132512,2280,158,40,0,left,0,20,20,4,15,,,,,8,,,,,,,,,,,,,,,,,,,,,,,,,,,,,,,,,,,,,,,,,,
215.14106908300892,unswapping,,,,,,,,,,,,,,,,,,,,,,,,,,,,,,,,,,,,,,,,,,,,,,,64,4,120480,2124,158,40,0,left,1,19,19,8,23,,,,,24,,,,,,,,,,,,,,,,,,,,,,,,,,,,,,,,,,,,,,,,,,
215.4932675830205,unswapping,,,,,,,,,,,,,,,,,,,,,,,,,,,,,,,,,,,,,,,,,,,,,,,62,4,111136,2052,158,40,0,right,0,20,20,2,25,,,,,28,,,,,,,,,,,,,,,,,,,,,,,,,,,,,,,,,,,,,,,,,,
215.74762820801698,unswapping,,,,,,,,,,,,,,,,,,,,,,,,,,,,,,,,,,,,,,,,,,,,,,,62,4,106048,1992,158,40,0,right,1,19,19,2,27,,,,,32,,,,,,,,,,,,,,,,,,,,,,,,,,,,,,,,,,,,,,,,,,
216.25396825000644,unswapping,,,,,,,,,,,,,,,,,,,,,,,,,,,,,,,,,,,,,,,,,,,,,,,62,4,106048,1992,158,40,1,both,0,20,20,0,0,,,,,32,,,,,,,,,,,,,,,,,,,,,,,,,,,,,,,,,,,,,,,,,,
216.67386558302678,unswapping,,,,,,,,,,,,,,,,,,,,,,,,,,,,,,,,,,,,,,,,,,,,,,,62,4,106048,1992,158,40,1,both,1,19,19,0,0,,,,,32,,,,,,,,,,,,,,,,,,,,,,,,,,,,,,,,,,,,,,,,,,
216.96239679201972,unswapping,,,,,,,,,,,,,,,,,,,,,,,,,,,,,,,,,,,,,,,,,,,,,,,62,4,102272,1940,158,40,1,left,0,20,20,3,3,,,,,38,,,,,,,,,,,,,,,,,,,,,,,,,,,,,,,,,,,,,,,,,,
217.1529652919853,unswapping,,,,,,,,,,,,,,,,,,,,,,,,,,,,,,,,,,,,,,,,,,,,,,,62,4,102272,1940,158,40,1,left,1,19,19,0,3,,,,,38,,,,,,,,,,,,,,,,,,,,,,,,,,,,,,,,,,,,,,,,,,
217.3831670830259,unswapping,,,,,,,,,,,,,,,,,,,,,,,,,,,,,,,,,,,,,,,,,,,,,,,62,4,102272,1940,158,40,1,right,0,20,20,0,3,,,,,38,,,,,,,,,,,,,,,,,,,,,,,,,,,,,,,,,,,,,,,,,,
217.56101758300792,unswapping,,,,,,,,,,,,,,,,,,,,,,,,,,,,,,,,,,,,,,,,,,,,,,,62,4,102272,1940,158,40,1,right,1,19,19,0,3,,,,,38,,,,,,,,,,,,,,,,,,,,,,,,,,,,,,,,,,,,,,,,,,
218.07056916697184,unswapping,,,,,,,,,,,,,,,,,,,,,,,,,,,,,,,,,,,,,,,,,,,,,,,62,4,102272,1940,158,40,2,both,0,20,20,0,0,,,,,38,,,,,,,,,,,,,,,,,,,,,,,,,,,,,,,,,,,,,,,,,,
218.59567162499297,unswapping,,,,,,,,,,,,,,,,,,,,,,,,,,,,,,,,,,,,,,,,,,,,,,,62,4,101952,1932,158,40,2,both,1,19,19,1,1,,,,,40,,,,,,,,,,,,,,,,,,,,,,,,,,,,,,,,,,,,,,,,,,
218.81781195802614,unswapping,,,,,,,,,,,,,,,,,,,,,,,,,,,,,,,,,,,,,,,,,,,,,,,62,4,101952,1932,158,40,2,left,0,20,20,0,1,,,,,40,,,,,,,,,,,,,,,,,,,,,,,,,,,,,,,,,,,,,,,,,,
219.0188161249971,unswapping,,,,,,,,,,,,,,,,,,,,,,,,,,,,,,,,,,,,,,,,,,,,,,,62,4,101952,1932,158,40,2,left,1,19,19,0,1,,,,,40,,,,,,,,,,,,,,,,,,,,,,,,,,,,,,,,,,,,,,,,,,
219.2406686670147,unswapping,,,,,,,,,,,,,,,,,,,,,,,,,,,,,,,,,,,,,,,,,,,,,,,62,4,101952,1932,158,40,2,right,0,20,20,0,1,,,,,40,,,,,,,,,,,,,,,,,,,,,,,,,,,,,,,,,,,,,,,,,,
219.41199337498983,unswapping,,,,,,,,,,,,,,,,,,,,,,,,,,,,,,,,,,,,,,,,,,,,,,,62,4,101952,1932,158,40,2,right,1,19,19,0,1,,,,,40,,,,,,,,,,,,,,,,,,,,,,,,,,,,,,,,,,,,,,,,,,
219.9904532500077,unswapping,,,,,,,,,,,,,,,,,,,,,,,,,,,,,,,,,,,,,,,,,,,,,,,62,4,101760,1924,158,40,3,both,0,20,20,1,1,,,,,42,,,,,,,,,,,,,,,,,,,,,,,,,,,,,,,,,,,,,,,,,,
220.47211141698062,unswapping,,,,,,,,,,,,,,,,,,,,,,,,,,,,,,,,,,,,,,,,,,,,,,,62,4,101712,1920,158,40,3,both,1,19,19,1,2,,,,,46,,,,,,,,,,,,,,,,,,,,,,,,,,,,,,,,,,,,,,,,,,
220.68033574998844,unswapping,,,,,,,,,,,,,,,,,,,,,,,,,,,,,,,,,,,,,,,,,,,,,,,62,4,101712,1920,158,40,3,left,0,20,20,0,2,,,,,46,,,,,,,,,,,,,,,,,,,,,,,,,,,,,,,,,,,,,,,,,,
220.86210683302488,unswapping,,,,,,,,,,,,,,,,,,,,,,,,,,,,,,,,,,,,,,,,,,,,,,,62,4,101712,1920,158,40,3,left,1,19,19,0,2,,,,,46,,,,,,,,,,,,,,,,,,,,,,,,,,,,,,,,,,,,,,,,,,
221.0817954170052,unswapping,,,,,,,,,,,,,,,,,,,,,,,,,,,,,,,,,,,,,,,,,,,,,,,62,4,101712,1920,158,40,3,right,0,20,20,0,2,,,,,46,,,,,,,,,,,,,,,,,,,,,,,,,,,,,,,,,,,,,,,,,,
221.2615602919832,unswapping,,,,,,,,,,,,,,,,,,,,,,,,,,,,,,,,,,,,,,,,,,,,,,,62,4,101712,1920,158,40,3,right,1,19,19,0,2,,,,,46,,,,,,,,,,,,,,,,,,,,,,,,,,,,,,,,,,,,,,,,,,
221.74057700001867,unswapping,,,,,,,,,,,,,,,,,,,,,,,,,,,,,,,,,,,,,,,,,,,,,,,62,4,101712,1920,158,40,4,both,0,20,20,0,0,,,,,46,,,,,,,,,,,,,,,,,,,,,,,,,,,,,,,,,,,,,,,,,,
222.09801204199903,unswapping,,,,,,,,,,,,,,,,,,,,,,,,,,,,,,,,,,,,,,,,,,,,,,,62,4,101712,1920,158,40,4,both,1,19,19,0,0,,,,,46,,,,,,,,,,,,,,,,,,,,,,,,,,,,,,,,,,,,,,,,,,
222.31976412498625,unswapping,,,,,,,,,,,,,,,,,,,,,,,,,,,,,,,,,,,,,,,,,,,,,,,62,4,101712,1920,158,40,4,left,0,20,20,0,0,,,,,46,,,,,,,,,,,,,,,,,,,,,,,,,,,,,,,,,,,,,,,,,,
222.4946390829864,unswapping,,,,,,,,,,,,,,,,,,,,,,,,,,,,,,,,,,,,,,,,,,,,,,,62,4,101712,1920,158,40,4,left,1,19,19,0,0,,,,,46,,,,,,,,,,,,,,,,,,,,,,,,,,,,,,,,,,,,,,,,,,
222.72278304200154,unswapping,,,,,,,,,,,,,,,,,,,,,,,,,,,,,,,,,,,,,,,,,,,,,,,62,4,101712,1920,158,40,4,right,0,20,20,0,0,,,,,46,,,,,,,,,,,,,,,,,,,,,,,,,,,,,,,,,,,,,,,,,,
222.89991016697604,unswapping,,,,,,,,,,,,,,,,,,,,,,,,,,,,,,,,,,,,,,,,,,,,,,,62,4,101712,1920,158,40,4,right,1,19,19,0,0,,,,,46,,,,,,,,,,,,,,,,,,,,,,,,,,,,,,,,,,,,,,,,,,
224.23044129199116,unswap_cycle_summary,,,,,,,,,,,,396,372,768,,,,,,,,,,,,,,,,,,,512,0.0006,,,,,,,,,,,,,62,4,101712,1920,158,40,,,,,,,,,,,,,,,,,,,,11,11.610931917035487,768,808,40,0,False,,,,,,,,,,,,,,,,,,,,,,,,,,,,
224.4246704999823,rewiring,left,post_unswap,0.15152266604127362,13,False,False,,,,,,,,,,,,,,,,,,,,,,,,,,,,,,,,,,,,,,,,,,,,,,,,,,,,,,,,,,,,,,,,,,11,,,,,,,50,False,0,4,bond_profile,8,False,1,123,"(138, 40, 8, 7, 10, 37, 17)",0.0029726659413427114,0.1485181669704616,"[{'seed': 123, 'score': (138, 40, 8, 7, 10, 37, 17), 'num_layers': 17, 'total_swaps': 37, 'max_layer_swaps': 6, 'swap_only_layers': 10, 'work_layers': 7, 'unitary_layers': 7, 'first_work_layer': 6, 'leading_no_work_layers': 6, 'bond_profile_layers_scored': 7, 'bond_profile_total_cost': 138, 'bond_profile_max_cost': 40, 'bond_profile_gate_count': 8}, {'seed': 1132, 'score': (166, 40, 8, 7, 9, 37, 16), 'num_layers': 16, 'total_swaps': 37, 'max_layer_swaps': 6, 'swap_only_layers': 9, 'work_layers': 7, 'unitary_layers': 7, 'first_work_layer': 6, 'leading_no_work_layers': 6, 'bond_profile_layers_scored': 7, 'bond_profile_total_cost': 166, 'bond_profile_max_cost': 40, 'bond_profile_gate_count': 8}, {'seed': 2141, 'score': (170, 40, 8, 6, 10, 37, 16), 'num_layers': 16, 'total_swaps': 37, 'max_layer_swaps': 6, 'swap_only_layers': 10, 'work_layers': 6, 'unitary_layers': 6, 'first_work_layer': 6, 'leading_no_work_layers': 6, 'bond_profile_layers_scored': 6, 'bond_profile_total_cost': 170, 'bond_profile_max_cost': 40, 'bond_profile_gate_count': 8}, {'seed': 3150, 'score': (162, 40, 8, 6, 11, 37, 17), 'num_layers': 17, 'total_swaps': 37, 'max_layer_swaps': 6, 'swap_only_layers': 11, 'work_layers': 6, 'unitary_layers': 6, 'first_work_layer': 6, 'leading_no_work_layers': 6, 'bond_profile_layers_scored': 6, 'bond_profile_total_cost': 162, 'bond_profile_max_cost': 40, 'bond_profile_gate_count': 8}]",0.15151466598035768,0.343741916003637,,,,,,,,,,,,,
224.6166066249716,rewiring,right,post_unswap,0.19159741699695587,41,False,False,,,,,,,,,,,,,,,,,,,,,,,,,,,,,,,,,,,,,,,,,,,,,,,,,,,,,,,,,,,,,,,,,,11,,,,,,,50,False,0,4,bond_profile,8,False,1,1132,"(278, 62, 13, 8, 18, 131, 40)",0.0035675420076586306,0.18799533398123458,"[{'seed': 123, 'score': (310, 62, 14, 8, 19, 130, 40), 'num_layers': 40, 'total_swaps': 130, 'max_layer_swaps': 12, 'swap_only_layers': 19, 'work_layers': 21, 'unitary_layers': 21, 'first_work_layer': 1, 'leading_no_work_layers': 1, 'bond_profile_layers_scored': 8, 'bond_profile_total_cost': 310, 'bond_profile_max_cost': 62, 'bond_profile_gate_count': 14}, {'seed': 1132, 'score': (278, 62, 13, 8, 18, 131, 40), 'num_layers': 40, 'total_swaps': 131, 'max_layer_swaps': 12, 'swap_only_layers': 18, 'work_layers': 22, 'unitary_layers': 22, 'first_work_layer': 1, 'leading_no_work_layers': 1, 'bond_profile_layers_scored': 8, 'bond_profile_total_cost': 278, 'bond_profile_max_cost': 62, 'bond_profile_gate_count': 13}, {'seed': 2141, 'score': (384, 62, 17, 8, 21, 131, 41), 'num_layers': 41, 'total_swaps': 131, 'max_layer_swaps': 13, 'swap_only_layers': 21, 'work_layers': 20, 'unitary_layers': 20, 'first_work_layer': 1, 'leading_no_work_layers': 1, 'bond_profile_layers_scored': 8, 'bond_profile_total_cost': 384, 'bond_profile_max_cost': 62, 'bond_profile_gate_count': 17}, {'seed': 3150, 'score': (384, 62, 17, 8, 19, 131, 39), 'num_layers': 39, 'total_swaps': 131, 'max_layer_swaps': 13, 'swap_only_layers': 19, 'work_layers': 20, 'unitary_layers': 20, 'first_work_layer': 1, 'leading_no_work_layers': 1, 'bond_profile_layers_scored': 8, 'bond_profile_total_cost': 384, 'bond_profile_max_cost': 62, 'bond_profile_gate_count': 17}]",0.19158866599900648,0.343741916003637,,,,,,,,,,,,,
224.7027269169921,cycle_progress,,,,,,,,,,,,396,372,768,,,,,,,,,,,,,,,,,,,512,0.0006,,101856,5,,,,,,,,,,62,4,101712,1920,158,40,,,,,,,,,,,,,,,,,,,,11,,768,808,40,0,False,,,,,,,,,,,,,,,0.343741916003637,,,,,,,,,,,,,
224.94125337497098,absorbing,,,,,,,L,1,0,17,40,396,372,768,2,0,0,0.06290791602805257,0.12742520798929036,0.19033312401734293,0.19354466599179432,101712,144960,62,93,False,False,False,False,101712,62,False,512,0.0006,,101712,6,total_elems,101712,144960,1,1,,,,0.0,62,4,101712,1920,158,40,,,,,,,,,,,,,,,,,,,,,,,,,,,,,,,,,,,,,,,,,,,,,,,,,,,,,,
225.1869425419718,absorbing,,,,,,,L,2,0,17,40,396,372,768,4,0,0,0.061972707975655794,0.134923790988978,0.1968964989646338,0.1980987909482792,101952,144960,62,93,False,False,False,False,101952,62,False,512,0.0006,,101712,6,total_elems,101952,144960,1,1,,,,0.0,62,4,101952,1932,158,40,,,,,,,,,,,,,,,,,,,,,,,,,,,,,,,,,,,,,,,,,,,,,,,,,,,,,,
225.40766783297295,absorbing,,,,,,,L,3,0,17,40,396,372,768,6,0,0,0.05761775001883507,0.11640345799969509,0.17402120801853016,0.1748216660344042,103744,144480,62,93,False,False,False,False,103744,62,False,512,0.0006,,101712,6,total_elems,103744,144480,1,1,,,,0.0,62,4,103744,1984,158,40,,,,,,,,,,,,,,,,,,,,,,,,,,,,,,,,,,,,,,,,,,,,,,,,,,,,,,
225.64214079198427,absorbing,,,,,,,L,4,0,17,40,396,372,768,4,0,0,0.06559954100521281,0.11798783397534862,0.18358737498056144,0.1854881250183098,116544,146272,62,93,False,False,False,False,116544,62,False,512,0.0006,,101712,6,total_elems,116544,146272,1,1,,,,0.0,62,4,116544,2160,158,40,,,,,,,,,,,,,,,,,,,,,,,,,,,,,,,,,,,,,,,,,,,,,,,,,,,,,,
225.88754170801258,absorbing,,,,,,,L,5,0,17,40,396,372,768,3,0,0,0.07844895799644291,0.11923770804423839,0.1976866660406813,0.1990443340037018,136928,159840,64,93,False,False,False,False,136928,64,False,512,0.0006,,101712,6,total_elems,136928,159840,1,1,,,,0.0,64,4,136928,2372,158,40,,,,,,,,,,,,,,,,,,,,,,,,,,,,,,,,,,,,,,,,,,,,,,,,,,,,,,
226.2205244579818,absorbing,,,,,,,L,6,0,17,40,396,372,768,3,0,0,0.12165545800235122,0.16568983398610726,0.2873452919884585,0.2898196250316687,182944,188864,80,93,False,False,False,False,182944,80,False,512,0.0006,,101712,6,total_elems,182944,188864,1,1,,,,0.0,80,4,182944,2636,158,40,,,,,,,,,,,,,,,,,,,,,,,,,,,,,,,,,,,,,,,,,,,,,,,,,,,,,,
226.7135610000114,absorbing,,,,,,,R,6,1,17,40,396,372,768,10,0,0,0.23248616699129343,0.21571154100820422,0.44819770799949765,0.44965649995720014,362564,243296,159,118,False,False,False,False,243296,118,False,512,0.0006,,101712,6,total_elems,362564,243296,1,1,,,,0.0,118,4,243296,3028,158,40,,,,,,,,,,,,,,,,,,,,,,,,,,,,,,,,,,,,,,,,,,,,,,,,,,,,,,
227.55477245798102,absorbing,,,,,,,L,7,1,17,40,397,372,769,1,1,1,0.3440812500193715,0.4500870000338182,0.7941682500531897,0.7950790839968249,496612,510224,252,256,False,False,False,True,496612,252,False,512,0.0006,,101712,6,total_elems,496612,510224,1,1,,,,0.0,252,4,496612,3884,158,40,,,,,,,,,,,,,,,,,,,,,,,,,,,,,,,,,,,,,,,,,,,,,,,,,,,,,,
231.35296458302764,unswapping,,,,,,,,,,,,,,,,,,,,,,,,,,,,,,,,,,,,,,,,,,,,,,,155,4,369892,3324,158,40,0,both,0,20,20,5,5,,,,,0,,,,,,,,,,,,,,,,,,,,,,,,,,,,,,,,,,,,,,,,,,
233.1012688750052,unswapping,,,,,,,,,,,,,,,,,,,,,,,,,,,,,,,,,,,,,,,,,,,,,,,127,4,300700,2982,158,40,0,both,1,19,19,6,11,,,,,0,,,,,,,,,,,,,,,,,,,,,,,,,,,,,,,,,,,,,,,,,,
233.83295299997553,unswapping,,,,,,,,,,,,,,,,,,,,,,,,,,,,,,,,,,,,,,,,,,,,,,,126,4,273920,2864,158,40,0,left,0,20,20,2,13,,,,,4,,,,,,,,,,,,,,,,,,,,,,,,,,,,,,,,,,,,,,,,,,
234.59038683300605,unswapping,,,,,,,,,,,,,,,,,,,,,,,,,,,,,,,,,,,,,,,,,,,,,,,110,4,225936,2654,158,40,0,left,1,19,19,8,21,,,,,20,,,,,,,,,,,,,,,,,,,,,,,,,,,,,,,,,,,,,,,,,,
235.1549046249711,unswapping,,,,,,,,,,,,,,,,,,,,,,,,,,,,,,,,,,,,,,,,,,,,,,,109,4,200464,2512,158,40,0,right,0,20,20,3,24,,,,,26,,,,,,,,,,,,,,,,,,,,,,,,,,,,,,,,,,,,,,,,,,
235.55870795802912,unswapping,,,,,,,,,,,,,,,,,,,,,,,,,,,,,,,,,,,,,,,,,,,,,,,108,4,195616,2474,158,40,0,right,1,19,19,1,25,,,,,28,,,,,,,,,,,,,,,,,,,,,,,,,,,,,,,,,,,,,,,,,,
236.61166674998822,unswapping,,,,,,,,,,,,,,,,,,,,,,,,,,,,,,,,,,,,,,,,,,,,,,,92,4,172312,2396,158,40,1,both,0,20,20,1,1,,,,,32,,,,,,,,,,,,,,,,,,,,,,,,,,,,,,,,,,,,,,,,,,
237.2707581249997,unswapping,,,,,,,,,,,,,,,,,,,,,,,,,,,,,,,,,,,,,,,,,,,,,,,62,4,136500,2216,158,40,1,both,1,19,19,1,2,,,,,34,,,,,,,,,,,,,,,,,,,,,,,,,,,,,,,,,,,,,,,,,,
237.58197995799128,unswapping,,,,,,,,,,,,,,,,,,,,,,,,,,,,,,,,,,,,,,,,,,,,,,,62,4,133488,2194,158,40,1,left,0,20,20,1,3,,,,,36,,,,,,,,,,,,,,,,,,,,,,,,,,,,,,,,,,,,,,,,,,
237.79283558297902,unswapping,,,,,,,,,,,,,,,,,,,,,,,,,,,,,,,,,,,,,,,,,,,,,,,62,4,133488,2194,158,40,1,left,1,19,19,0,3,,,,,36,,,,,,,,,,,,,,,,,,,,,,,,,,,,,,,,,,,,,,,,,,
238.0376789169968,unswapping,,,,,,,,,,,,,,,,,,,,,,,,,,,,,,,,,,,,,,,,,,,,,,,62,4,133488,2194,158,40,1,right,0,20,20,0,3,,,,,36,,,,,,,,,,,,,,,,,,,,,,,,,,,,,,,,,,,,,,,,,,
238.24482612498105,unswapping,,,,,,,,,,,,,,,,,,,,,,,,,,,,,,,,,,,,,,,,,,,,,,,62,4,133488,2194,158,40,1,right,1,19,19,0,3,,,,,36,,,,,,,,,,,,,,,,,,,,,,,,,,,,,,,,,,,,,,,,,,
238.83133750001434,unswapping,,,,,,,,,,,,,,,,,,,,,,,,,,,,,,,,,,,,,,,,,,,,,,,62,4,133488,2194,158,40,2,both,0,20,20,0,0,,,,,36,,,,,,,,,,,,,,,,,,,,,,,,,,,,,,,,,,,,,,,,,,
239.33371962502133,unswapping,,,,,,,,,,,,,,,,,,,,,,,,,,,,,,,,,,,,,,,,,,,,,,,62,4,133488,2194,158,40,2,both,1,19,19,0,0,,,,,36,,,,,,,,,,,,,,,,,,,,,,,,,,,,,,,,,,,,,,,,,,
239.59310216701124,unswapping,,,,,,,,,,,,,,,,,,,,,,,,,,,,,,,,,,,,,,,,,,,,,,,62,4,133488,2194,158,40,2,left,0,20,20,0,0,,,,,36,,,,,,,,,,,,,,,,,,,,,,,,,,,,,,,,,,,,,,,,,,
239.82469870802015,unswapping,,,,,,,,,,,,,,,,,,,,,,,,,,,,,,,,,,,,,,,,,,,,,,,62,4,133488,2194,158,40,2,left,1,19,19,0,0,,,,,36,,,,,,,,,,,,,,,,,,,,,,,,,,,,,,,,,,,,,,,,,,
240.07553762500174,unswapping,,,,,,,,,,,,,,,,,,,,,,,,,,,,,,,,,,,,,,,,,,,,,,,62,4,133488,2194,158,40,2,right,0,20,20,0,0,,,,,36,,,,,,,,,,,,,,,,,,,,,,,,,,,,,,,,,,,,,,,,,,
240.305233333027,unswapping,,,,,,,,,,,,,,,,,,,,,,,,,,,,,,,,,,,,,,,,,,,,,,,62,4,133488,2194,158,40,2,right,1,19,19,0,0,,,,,36,,,,,,,,,,,,,,,,,,,,,,,,,,,,,,,,,,,,,,,,,,
241.12780245800968,unswap_cycle_summary,,,,,,,,,,,,397,372,769,,,,,,,,,,,,,,,,,,,512,0.0006,,,,,,,,,,,,,62,4,133488,2194,158,40,,,,,,,,,,,,,,,,,,,,12,11.43333354202332,769,808,39,1,False,,,,,,,,,,,,,,,,,,,,,,,,,,,,
241.31298283301294,rewiring,left,post_unswap,0.14008504198864102,12,False,False,,,,,,,,,,,,,,,,,,,,,,,,,,,,,,,,,,,,,,,,,,,,,,,,,,,,,,,,,,,,,,,,,,12,,,,,,,50,False,1,4,bond_profile,8,False,1,123,"(190, 60, 7, 7, 9, 27, 16)",0.003197374986484647,0.13685925002209842,"[{'seed': 123, 'score': (190, 60, 7, 7, 9, 27, 16), 'num_layers': 16, 'total_swaps': 27, 'max_layer_swaps': 4, 'swap_only_layers': 9, 'work_layers': 7, 'unitary_layers': 7, 'first_work_layer': 2, 'leading_no_work_layers': 2, 'bond_profile_layers_scored': 7, 'bond_profile_total_cost': 190, 'bond_profile_max_cost': 60, 'bond_profile_gate_count': 7}, {'seed': 1132, 'score': (201, 60, 7, 7, 9, 27, 16), 'num_layers': 16, 'total_swaps': 27, 'max_layer_swaps': 4, 'swap_only_layers': 9, 'work_layers': 7, 'unitary_layers': 7, 'first_work_layer': 2, 'leading_no_work_layers': 2, 'bond_profile_layers_scored': 7, 'bond_profile_total_cost': 201, 'bond_profile_max_cost': 60, 'bond_profile_gate_count': 7}, {'seed': 2141, 'score': (222, 60, 7, 7, 8, 27, 15), 'num_layers': 15, 'total_swaps': 27, 'max_layer_swaps': 4, 'swap_only_layers': 8, 'work_layers': 7, 'unitary_layers': 7, 'first_work_layer': 2, 'leading_no_work_layers': 2, 'bond_profile_layers_scored': 7, 'bond_profile_total_cost': 222, 'bond_profile_max_cost': 60, 'bond_profile_gate_count': 7}, {'seed': 3150, 'score': (212, 60, 7, 7, 9, 27, 16), 'num_layers': 16, 'total_swaps': 27, 'max_layer_swaps': 4, 'swap_only_layers': 9, 'work_layers': 7, 'unitary_layers': 7, 'first_work_layer': 2, 'leading_no_work_layers': 2, 'bond_profile_layers_scored': 7, 'bond_profile_total_cost': 212, 'bond_profile_max_cost': 60, 'bond_profile_gate_count': 7}]",0.14007899997523054,0.33280804101377726,,,,,,,,,,,,,
241.5054100829875,rewiring,right,post_unswap,0.19222762499703094,41,False,False,,,,,,,,,,,,,,,,,,,,,,,,,,,,,,,,,,,,,,,,,,,,,,,,,,,,,,,,,,,,,,,,,,12,,,,,,,50,False,1,4,bond_profile,8,False,1,2141,"(355, 62, 15, 8, 19, 128, 40)",0.0034690829343162477,0.18873158399946988,"[{'seed': 123, 'score': (355, 62, 15, 8, 20, 127, 40), 'num_layers': 40, 'total_swaps': 127, 'max_layer_swaps': 10, 'swap_only_layers': 20, 'work_layers': 20, 'unitary_layers': 20, 'first_work_layer': 1, 'leading_no_work_layers': 1, 'bond_profile_layers_scored': 8, 'bond_profile_total_cost': 355, 'bond_profile_max_cost': 62, 'bond_profile_gate_count': 15}, {'seed': 1132, 'score': (355, 62, 15, 8, 20, 127, 41), 'num_layers': 41, 'total_swaps': 127, 'max_layer_swaps': 10, 'swap_only_layers': 20, 'work_layers': 21, 'unitary_layers': 21, 'first_work_layer': 1, 'leading_no_work_layers': 1, 'bond_profile_layers_scored': 8, 'bond_profile_total_cost': 355, 'bond_profile_max_cost': 62, 'bond_profile_gate_count': 15}, {'seed': 2141, 'score': (355, 62, 15, 8, 19, 128, 40), 'num_layers': 40, 'total_swaps': 128, 'max_layer_swaps': 10, 'swap_only_layers': 19, 'work_layers': 21, 'unitary_layers': 21, 'first_work_layer': 1, 'leading_no_work_layers': 1, 'bond_profile_layers_scored': 8, 'bond_profile_total_cost': 355, 'bond_profile_max_cost': 62, 'bond_profile_gate_count': 15}, {'seed': 3150, 'score': (355, 62, 15, 8, 20, 127, 42), 'num_layers': 42, 'total_swaps': 127, 'max_layer_swaps': 10, 'swap_only_layers': 20, 'work_layers': 22, 'unitary_layers': 22, 'first_work_layer': 1, 'leading_no_work_layers': 1, 'bond_profile_layers_scored': 8, 'bond_profile_total_cost': 355, 'bond_profile_max_cost': 62, 'bond_profile_gate_count': 15}]",0.19222195801557973,0.33280804101377726,,,,,,,,,,,,,
241.59699612500845,cycle_progress,,,,,,,,,,,,397,372,769,,,,,,,,,,,,,,,,,,,512,0.0006,,101712,6,,,,,,,,,,62,4,133488,2194,158,40,,,,,,,,,,,,,,,,,,,,12,,769,808,39,1,False,,,,,,,,,,,,,,,0.33280804101377726,,,,,,,,,,,,,
241.83998387499014,absorbing,,,,,,,L,1,0,16,40,397,372,769,3,0,0,0.07289520901395008,0.11636129202088341,0.1892565010348335,0.1940618749940768,132192,160704,62,92,False,False,False,False,132192,62,False,512,0.0006,,133488,0,total_elems,132192,160704,1,1,,,,0.0,62,4,132192,2186,158,40,,,,,,,,,,,,,,,,,,,,,,,,,,,,,,,,,,,,,,,,,,,,,,,,,,,,,,
242.08693491702434,absorbing,,,,,,,L,2,0,16,40,397,372,769,4,0,0,0.08199529099510983,0.1155312079936266,0.19752649898873642,0.19836120802210644,145408,160032,62,92,False,False,False,False,145408,62,False,512,0.0006,,133488,0,total_elems,145408,160032,1,1,,,,0.0,62,4,145408,2278,158,40,,,,,,,,,,,,,,,,,,,,,,,,,,,,,,,,,,,,,,,,,,,,,,,,,,,,,,
242.38689904200146,absorbing,,,,,,,L,3,0,16,40,398,372,770,2,1,1,0.10399174998747185,0.1467592500266619,0.25075100001413375,0.2521943749743514,158848,173920,64,92,False,False,False,False,158848,64,False,512,0.0006,,133488,0,total_elems,158848,173920,1,1,,,,0.0,64,4,158848,2454,158,40,,,,,,,,,,,,,,,,,,,,,,,,,,,,,,,,,,,,,,,,,,,,,,,,,,,,,,
242.72364212502725,absorbing,,,,,,,L,4,0,16,40,399,372,771,2,1,2,0.12190658302279189,0.16503116599051282,0.2869377490133047,0.28758858400397,166400,187360,64,92,False,False,False,False,166400,64,False,512,0.0006,,133488,0,total_elems,166400,187360,1,1,,,,0.0,64,4,166400,2542,158,40,,,,,,,,,,,,,,,,,,,,,,,,,,,,,,,,,,,,,,,,,,,,,,,,,,,,,,
243.1410124169779,absorbing,,,,,,,R,4,1,16,40,399,372,771,8,0,2,0.1817165000247769,0.18225558300036937,0.3639720830251463,0.3662276249960996,216028,194912,125,92,False,False,False,False,194912,92,False,512,0.0006,,133488,0,total_elems,216028,194912,1,1,,,,0.0,92,4,194912,2792,158,40,,,,,,,,,,,,,,,,,,,,,,,,,,,,,,,,,,,,,,,,,,,,,,,,,,,,,,
243.59904116700636,absorbing,,,,,,,L,5,1,16,40,399,372,771,2,0,2,0.14213104103691876,0.2689274169970304,0.41105845803394914,0.4123109999927692,244540,282032,125,99,False,False,False,False,244540,125,False,512,0.0006,,133488,0,total_elems,244540,282032,1,1,,,,0.0,125,4,244540,3014,158,40,,,,,,,,,,,,,,,,,,,,,,,,,,,,,,,,,,,,,,,,,,,,,,,,,,,,,,
244.18538108299254,absorbing,,,,,,,L,6,1,16,40,400,372,772,1,1,3,0.20596483297413215,0.3345421670237556,0.5405069999978878,0.5412229580106214,281704,323472,124,124,False,False,False,False,281704,124,False,512,0.0006,,133488,0,total_elems,281704,323472,1,1,,,,0.0,124,4,281704,3226,158,40,,,,,,,,,,,,,,,,,,,,,,,,,,,,,,,,,,,,,,,,,,,,,,,,,,,,,,
244.73074087500572,absorbing,,,,,,,L,7,1,16,40,400,372,772,2,0,3,0.1526319159893319,0.34596129099372774,0.49859320698305964,0.4995464169769548,291744,377064,123,123,False,False,False,False,291744,123,False,512,0.0006,,133488,0,total_elems,291744,377064,1,1,,,,0.0,123,4,291744,3280,158,40,,,,,,,,,,,,,,,,,,,,,,,,,,,,,,,,,,,,,,,,,,,,,,,,,,,,,,
245.42866583302384,absorbing,,,,,,,R,7,2,16,40,400,373,773,10,1,4,0.2565860000322573,0.39427483396138996,0.6508608339936472,0.6515577910467982,457216,394296,255,122,False,False,False,False,394296,122,False,512,0.0006,,133488,0,total_elems,457216,394296,1,1,,,,0.0,122,4,394296,3878,158,40,,,,,,,,,,,,,,,,,,,,,,,,,,,,,,,,,,,,,,,,,,,,,,,,,,,,,,
246.23313424998196,absorbing,,,,,,,L,8,2,16,40,400,373,773,2,0,4,0.29464783397270367,0.46089508302975446,0.7555429170024581,0.7571416670107283,480732,627012,127,250,False,False,False,True,480732,127,False,512,0.0006,,133488,0,total_elems,480732,627012,1,1,,,,0.0,127,4,480732,4124,158,40,,,,,,,,,,,,,,,,,,,,,,,,,,,,,,,,,,,,,,,,,,,,,,,,,,,,,,
250.85339574998943,unswapping,,,,,,,,,,,,,,,,,,,,,,,,,,,,,,,,,,,,,,,,,,,,,,,128,4,446064,4004,158,40,0,both,0,20,20,5,5,,,,,0,,,,,,,,,,,,,,,,,,,,,,,,,,,,,,,,,,,,,,,,,,
252.82503170799464,unswapping,,,,,,,,,,,,,,,,,,,,,,,,,,,,,,,,,,,,,,,,,,,,,,,92,4,354160,3590,158,40,0,both,1,19,19,5,10,,,,,0,,,,,,,,,,,,,,,,,,,,,,,,,,,,,,,,,,,,,,,,,,
253.74056212499272,unswapping,,,,,,,,,,,,,,,,,,,,,,,,,,,,,,,,,,,,,,,,,,,,,,,92,4,309404,3374,158,40,0,left,0,20,20,5,15,,,,,10,,,,,,,,,,,,,,,,,,,,,,,,,,,,,,,,,,,,,,,,,,
254.45169825002085,unswapping,,,,,,,,,,,,,,,,,,,,,,,,,,,,,,,,,,,,,,,,,,,,,,,92,4,286264,3220,158,40,0,left,1,19,19,4,19,,,,,18,,,,,,,,,,,,,,,,,,,,,,,,,,,,,,,,,,,,,,,,,,
255.11370487499516,unswapping,,,,,,,,,,,,,,,,,,,,,,,,,,,,,,,,,,,,,,,,,,,,,,,92,4,264912,3074,158,40,0,right,0,20,20,3,22,,,,,24,,,,,,,,,,,,,,,,,,,,,,,,,,,,,,,,,,,,,,,,,,
255.73731066699838,unswapping,,,,,,,,,,,,,,,,,,,,,,,,,,,,,,,,,,,,,,,,,,,,,,,92,4,215120,2752,158,40,0,right,1,19,19,7,29,,,,,38,,,,,,,,,,,,,,,,,,,,,,,,,,,,,,,,,,,,,,,,,,
256.6822769169812,unswapping,,,,,,,,,,,,,,,,,,,,,,,,,,,,,,,,,,,,,,,,,,,,,,,92,4,210864,2704,158,40,1,both,0,20,20,1,1,,,,,40,,,,,,,,,,,,,,,,,,,,,,,,,,,,,,,,,,,,,,,,,,
257.4957909170189,unswapping,,,,,,,,,,,,,,,,,,,,,,,,,,,,,,,,,,,,,,,,,,,,,,,92,4,210864,2704,158,40,1,both,1,19,19,0,1,,,,,40,,,,,,,,,,,,,,,,,,,,,,,,,,,,,,,,,,,,,,,,,,
257.92042408301495,unswapping,,,,,,,,,,,,,,,,,,,,,,,,,,,,,,,,,,,,,,,,,,,,,,,92,4,209400,2688,158,40,1,left,0,20,20,1,2,,,,,40,,,,,,,,,,,,,,,,,,,,,,,,,,,,,,,,,,,,,,,,,,
258.2855715419864,unswapping,,,,,,,,,,,,,,,,,,,,,,,,,,,,,,,,,,,,,,,,,,,,,,,92,4,209400,2688,158,40,1,left,1,19,19,0,2,,,,,40,,,,,,,,,,,,,,,,,,,,,,,,,,,,,,,,,,,,,,,,,,
258.7529833330191,unswapping,,,,,,,,,,,,,,,,,,,,,,,,,,,,,,,,,,,,,,,,,,,,,,,92,4,194712,2578,158,40,1,right,0,20,20,3,5,,,,,46,,,,,,,,,,,,,,,,,,,,,,,,,,,,,,,,,,,,,,,,,,
259.1923574170214,unswapping,,,,,,,,,,,,,,,,,,,,,,,,,,,,,,,,,,,,,,,,,,,,,,,92,4,178108,2490,158,40,1,right,1,19,19,2,7,,,,,46,,,,,,,,,,,,,,,,,,,,,,,,,,,,,,,,,,,,,,,,,,
259.8322039169725,unswapping,,,,,,,,,,,,,,,,,,,,,,,,,,,,,,,,,,,,,,,,,,,,,,,92,4,178108,2490,158,40,2,both,0,20,20,0,0,,,,,46,,,,,,,,,,,,,,,,,,,,,,,,,,,,,,,,,,,,,,,,,,
260.4475345829851,unswapping,,,,,,,,,,,,,,,,,,,,,,,,,,,,,,,,,,,,,,,,,,,,,,,92,4,178108,2490,158,40,2,both,1,19,19,0,0,,,,,46,,,,,,,,,,,,,,,,,,,,,,,,,,,,,,,,,,,,,,,,,,
260.74623462499585,unswapping,,,,,,,,,,,,,,,,,,,,,,,,,,,,,,,,,,,,,,,,,,,,,,,92,4,178108,2490,158,40,2,left,0,20,20,0,0,,,,,46,,,,,,,,,,,,,,,,,,,,,,,,,,,,,,,,,,,,,,,,,,
261.10955387499416,unswapping,,,,,,,,,,,,,,,,,,,,,,,,,,,,,,,,,,,,,,,,,,,,,,,92,4,177928,2488,158,40,2,left,1,19,19,1,1,,,,,48,,,,,,,,,,,,,,,,,,,,,,,,,,,,,,,,,,,,,,,,,,
261.5540052499855,unswapping,,,,,,,,,,,,,,,,,,,,,,,,,,,,,,,,,,,,,,,,,,,,,,,92,4,177928,2488,158,40,2,right,0,20,20,0,1,,,,,48,,,,,,,,,,,,,,,,,,,,,,,,,,,,,,,,,,,,,,,,,,
261.94917291699676,unswapping,,,,,,,,,,,,,,,,,,,,,,,,,,,,,,,,,,,,,,,,,,,,,,,92,4,177928,2488,158,40,2,right,1,19,19,0,1,,,,,48,,,,,,,,,,,,,,,,,,,,,,,,,,,,,,,,,,,,,,,,,,
262.8579557919875,unswapping,,,,,,,,,,,,,,,,,,,,,,,,,,,,,,,,,,,,,,,,,,,,,,,92,4,175880,2456,158,40,3,both,0,20,20,2,2,,,,,48,,,,,,,,,,,,,,,,,,,,,,,,,,,,,,,,,,,,,,,,,,
263.47303870797623,unswapping,,,,,,,,,,,,,,,,,,,,,,,,,,,,,,,,,,,,,,,,,,,,,,,92,4,175880,2456,158,40,3,both,1,19,19,0,2,,,,,48,,,,,,,,,,,,,,,,,,,,,,,,,,,,,,,,,,,,,,,,,,
263.748948708002,unswapping,,,,,,,,,,,,,,,,,,,,,,,,,,,,,,,,,,,,,,,,,,,,,,,92,4,175880,2456,158,40,3,left,0,20,20,0,2,,,,,48,,,,,,,,,,,,,,,,,,,,,,,,,,,,,,,,,,,,,,,,,,
264.17844724998577,unswapping,,,,,,,,,,,,,,,,,,,,,,,,,,,,,,,,,,,,,,,,,,,,,,,92,4,153064,2360,158,40,3,left,1,19,19,2,4,,,,,50,,,,,,,,,,,,,,,,,,,,,,,,,,,,,,,,,,,,,,,,,,
264.42922937497497,unswapping,,,,,,,,,,,,,,,,,,,,,,,,,,,,,,,,,,,,,,,,,,,,,,,92,4,153064,2360,158,40,3,right,0,20,20,0,4,,,,,50,,,,,,,,,,,,,,,,,,,,,,,,,,,,,,,,,,,,,,,,,,
264.67505999997957,unswapping,,,,,,,,,,,,,,,,,,,,,,,,,,,,,,,,,,,,,,,,,,,,,,,92,4,153064,2360,158,40,3,right,1,19,19,0,4,,,,,50,,,,,,,,,,,,,,,,,,,,,,,,,,,,,,,,,,,,,,,,,,
265.32871329202317,unswapping,,,,,,,,,,,,,,,,,,,,,,,,,,,,,,,,,,,,,,,,,,,,,,,92,4,141704,2258,158,40,4,both,0,20,20,2,2,,,,,52,,,,,,,,,,,,,,,,,,,,,,,,,,,,,,,,,,,,,,,,,,
265.79867033299524,unswapping,,,,,,,,,,,,,,,,,,,,,,,,,,,,,,,,,,,,,,,,,,,,,,,92,4,141704,2258,158,40,4,both,1,19,19,0,2,,,,,52,,,,,,,,,,,,,,,,,,,,,,,,,,,,,,,,,,,,,,,,,,
266.0086236249772,unswapping,,,,,,,,,,,,,,,,,,,,,,,,,,,,,,,,,,,,,,,,,,,,,,,92,4,141704,2258,158,40,4,left,0,20,20,0,2,,,,,52,,,,,,,,,,,,,,,,,,,,,,,,,,,,,,,,,,,,,,,,,,
266.2180743329809,unswapping,,,,,,,,,,,,,,,,,,,,,,,,,,,,,,,,,,,,,,,,,,,,,,,92,4,141704,2258,158,40,4,left,1,19,19,0,2,,,,,52,,,,,,,,,,,,,,,,,,,,,,,,,,,,,,,,,,,,,,,,,,
266.4331126670004,unswapping,,,,,,,,,,,,,,,,,,,,,,,,,,,,,,,,,,,,,,,,,,,,,,,92,4,141704,2258,158,40,4,right,0,20,20,0,2,,,,,52,,,,,,,,,,,,,,,,,,,,,,,,,,,,,,,,,,,,,,,,,,
266.65257895801915,unswapping,,,,,,,,,,,,,,,,,,,,,,,,,,,,,,,,,,,,,,,,,,,,,,,92,4,141704,2258,158,40,4,right,1,19,19,0,2,,,,,52,,,,,,,,,,,,,,,,,,,,,,,,,,,,,,,,,,,,,,,,,,
267.15102054202,unswapping,,,,,,,,,,,,,,,,,,,,,,,,,,,,,,,,,,,,,,,,,,,,,,,92,4,141704,2258,158,40,5,both,0,20,20,0,0,,,,,52,,,,,,,,,,,,,,,,,,,,,,,,,,,,,,,,,,,,,,,,,,
267.6258590000216,unswapping,,,,,,,,,,,,,,,,,,,,,,,,,,,,,,,,,,,,,,,,,,,,,,,92,4,141704,2258,158,40,5,both,1,19,19,0,0,,,,,52,,,,,,,,,,,,,,,,,,,,,,,,,,,,,,,,,,,,,,,,,,
267.93787904200144,unswapping,,,,,,,,,,,,,,,,,,,,,,,,,,,,,,,,,,,,,,,,,,,,,,,92,4,141704,2258,158,40,5,left,0,20,20,0,0,,,,,52,,,,,,,,,,,,,,,,,,,,,,,,,,,,,,,,,,,,,,,,,,
268.1617964580073,unswapping,,,,,,,,,,,,,,,,,,,,,,,,,,,,,,,,,,,,,,,,,,,,,,,92,4,141704,2258,158,40,5,left,1,19,19,0,0,,,,,52,,,,,,,,,,,,,,,,,,,,,,,,,,,,,,,,,,,,,,,,,,
268.3832105830079,unswapping,,,,,,,,,,,,,,,,,,,,,,,,,,,,,,,,,,,,,,,,,,,,,,,92,4,141704,2258,158,40,5,right,0,20,20,0,0,,,,,52,,,,,,,,,,,,,,,,,,,,,,,,,,,,,,,,,,,,,,,,,,
268.5868734579999,unswapping,,,,,,,,,,,,,,,,,,,,,,,,,,,,,,,,,,,,,,,,,,,,,,,92,4,141704,2258,158,40,5,right,1,19,19,0,0,,,,,52,,,,,,,,,,,,,,,,,,,,,,,,,,,,,,,,,,,,,,,,,,
270.2504112920142,unswap_cycle_summary,,,,,,,,,,,,400,373,773,,,,,,,,,,,,,,,,,,,512,0.0006,,,,,,,,,,,,,92,4,141704,2258,158,40,,,,,,,,,,,,,,,,,,,,13,21.349696875025984,773,808,35,4,False,,,,,,,,,,,,,,,,,,,,,,,,,,,,
270.33471924997866,rewiring,left,post_unswap,0.03541987499920651,10,False,False,,,,,,,,,,,,,,,,,,,,,,,,,,,,,,,,,,,,,,,,,,,,,,,,,,,,,,,,,,,,,,,,,,13,,,,,,,50,False,4,4,bond_profile,8,False,1,2141,"(81, 40, 4, 4, 5, 21, 9)",0.0026924990816041827,0.032687957980670035,"[{'seed': 123, 'score': (84, 40, 4, 3, 6, 21, 9), 'num_layers': 9, 'total_swaps': 21, 'max_layer_swaps': 5, 'swap_only_layers': 6, 'work_layers': 3, 'unitary_layers': 3, 'first_work_layer': 4, 'leading_no_work_layers': 4, 'bond_profile_layers_scored': 3, 'bond_profile_total_cost': 84, 'bond_profile_max_cost': 40, 'bond_profile_gate_count': 4}, {'seed': 1132, 'score': (104, 40, 4, 4, 4, 21, 8), 'num_layers': 8, 'total_swaps': 21, 'max_layer_swaps': 5, 'swap_only_layers': 4, 'work_layers': 4, 'unitary_layers': 4, 'first_work_layer': 4, 'leading_no_work_layers': 4, 'bond_profile_layers_scored': 4, 'bond_profile_total_cost': 104, 'bond_profile_max_cost': 40, 'bond_profile_gate_count': 4}, {'seed': 2141, 'score': (81, 40, 4, 4, 5, 21, 9), 'num_layers': 9, 'total_swaps': 21, 'max_layer_swaps': 5, 'swap_only_layers': 5, 'work_layers': 4, 'unitary_layers': 4, 'first_work_layer': 4, 'leading_no_work_layers': 4, 'bond_profile_layers_scored': 4, 'bond_profile_total_cost': 81, 'bond_profile_max_cost': 40, 'bond_profile_gate_count': 4}, {'seed': 3150, 'score': (92, 40, 4, 3, 8, 21, 11), 'num_layers': 11, 'total_swaps': 21, 'max_layer_swaps': 5, 'swap_only_layers': 8, 'work_layers': 3, 'unitary_layers': 3, 'first_work_layer': 5, 'leading_no_work_layers': 5, 'bond_profile_layers_scored': 3, 'bond_profile_total_cost': 92, 'bond_profile_max_cost': 40, 'bond_profile_gate_count': 4}]",0.03541058296104893,0.21457479102537036,,,,,,,,,,,,,
270.5135727080051,rewiring,right,post_unswap,0.17864541697781533,40,False,False,,,,,,,,,,,,,,,,,,,,,,,,,,,,,,,,,,,,,,,,,,,,,,,,,,,,,,,,,,,,,,,,,,13,,,,,,,50,False,4,4,bond_profile,8,False,1,1132,"(484, 92, 16, 8, 8, 118, 26)",0.0031656259670853615,0.17545504198642448,"[{'seed': 123, 'score': (484, 92, 16, 8, 10, 118, 28), 'num_layers': 28, 'total_swaps': 118, 'max_layer_swaps': 11, 'swap_only_layers': 10, 'work_layers': 18, 'unitary_layers': 18, 'first_work_layer': 0, 'leading_no_work_layers': 0, 'bond_profile_layers_scored': 8, 'bond_profile_total_cost': 484, 'bond_profile_max_cost': 92, 'bond_profile_gate_count': 16}, {'seed': 1132, 'score': (484, 92, 16, 8, 8, 118, 26), 'num_layers': 26, 'total_swaps': 118, 'max_layer_swaps': 11, 'swap_only_layers': 8, 'work_layers': 18, 'unitary_layers': 18, 'first_work_layer': 0, 'leading_no_work_layers': 0, 'bond_profile_layers_scored': 8, 'bond_profile_total_cost': 484, 'bond_profile_max_cost': 92, 'bond_profile_gate_count': 16}, {'seed': 2141, 'score': (516, 92, 17, 8, 10, 118, 26), 'num_layers': 26, 'total_swaps': 118, 'max_layer_swaps': 11, 'swap_only_layers': 10, 'work_layers': 16, 'unitary_layers': 16, 'first_work_layer': 0, 'leading_no_work_layers': 0, 'bond_profile_layers_scored': 8, 'bond_profile_total_cost': 516, 'bond_profile_max_cost': 92, 'bond_profile_gate_count': 17}, {'seed': 3150, 'score': (520, 92, 16, 8, 11, 116, 30), 'num_layers': 30, 'total_swaps': 116, 'max_layer_swaps': 11, 'swap_only_layers': 11, 'work_layers': 19, 'unitary_layers': 19, 'first_work_layer': 0, 'leading_no_work_layers': 0, 'bond_profile_layers_scored': 8, 'bond_profile_total_cost': 520, 'bond_profile_max_cost': 92, 'bond_profile_gate_count': 16}]",0.178640375030227,0.21457479102537036,,,,,,,,,,,,,
270.614170957997,cycle_progress,,,,,,,,,,,,400,373,773,,,,,,,,,,,,,,,,,,,512,0.0006,,133488,0,,,,,,,,,,92,4,141704,2258,158,40,,,,,,,,,,,,,,,,,,,,13,,773,808,35,4,False,,,,,,,,,,,,,,,0.21457479102537036,,,,,,,,,,,,,
270.87350987497484,absorbing,,,,,,,L,1,0,9,26,400,373,773,5,0,0,0.07625970797380432,0.12738808401627466,0.20364779199007899,0.20897133398102596,141704,179368,92,92,False,False,False,False,141704,92,False,512,0.0006,,141704,0,total_elems,141704,179368,1,1,,,,0.0,92,4,141704,2258,158,40,,,,,,,,,,,,,,,,,,,,,,,,,,,,,,,,,,,,,,,,,,,,,,,,,,,,,,
271.17185941699427,absorbing,,,,,,,L,2,0,9,26,400,373,773,5,0,0,0.09870324999792501,0.14674629096407443,0.24544954096199945,0.24699045903980732,159752,179368,92,92,False,False,False,False,159752,92,False,512,0.0006,,141704,0,total_elems,159752,179368,1,1,,,,0.0,92,4,159752,2456,158,40,,,,,,,,,,,,,,,,,,,,,,,,,,,,,,,,,,,,,,,,,,,,,,,,,,,,,,
271.52618929202436,absorbing,,,,,,,R,2,1,9,26,400,374,774,7,1,1,0.15749433398013934,0.14561170799424872,0.30310604197438806,0.30375141598051414,191220,187172,92,92,False,False,False,False,187172,92,False,512,0.0006,,141704,0,total_elems,191220,187172,1,1,,,,0.0,92,4,187172,2692,158,40,,,,,,,,,,,,,,,,,,,,,,,,,,,,,,,,,,,,,,,,,,,,,,,,,,,,,,
272.01634195802035,absorbing,,,,,,,L,3,1,9,26,400,374,774,3,0,1,0.15649629203835502,0.2820076249772683,0.4385039170156233,0.4410160419647582,232800,269096,128,92,False,False,False,False,232800,128,False,512,0.0006,,141704,0,total_elems,232800,269096,1,1,,,,0.0,128,4,232800,3004,158,40,,,,,,,,,,,,,,,,,,,,,,,,,,,,,,,,,,,,,,,,,,,,,,,,,,,,,,
272.64985766698373,absorbing,,,,,,,L,4,1,9,26,400,374,774,3,0,1,0.2246889999951236,0.3537246249616146,0.5784136249567382,0.5791545829852112,278724,335184,128,128,False,False,False,False,278724,128,False,512,0.0006,,141704,0,total_elems,278724,335184,1,1,,,,0.0,128,4,278724,3230,158,40,,,,,,,,,,,,,,,,,,,,,,,,,,,,,,,,,,,,,,,,,,,,,,,,,,,,,,
273.3958092079847,absorbing,,,,,,,L,5,1,9,26,401,374,775,1,1,2,0.3311878750100732,0.3613719170098193,0.6925597920198925,0.6950233330135234,361016,361736,130,128,False,False,False,False,361016,130,False,512,0.0006,,141704,0,total_elems,361016,361736,1,1,,,,0.0,130,4,361016,3568,158,40,,,,,,,,,,,,,,,,,,,,,,,,,,,,,,,,,,,,,,,,,,,,,,,,,,,,,,
274.2154599169735,absorbing,,,,,,,R,5,2,9,26,401,374,775,11,0,2,0.2944217919721268,0.4748165419441648,0.7692383339162916,0.7698854159680195,546084,433404,205,128,False,False,True,False,433404,128,False,512,0.0006,,141704,0,total_elems,546084,433404,1,1,,,,0.0,128,4,433404,3956,158,40,,,,,,,,,,,,,,,,,,,,,,,,,,,,,,,,,,,,,,,,,,,,,,,,,,,,,,
277.97510379197774,unswapping,,,,,,,,,,,,,,,,,,,,,,,,,,,,,,,,,,,,,,,,,,,,,,,142,4,457060,3966,158,40,0,both,0,20,20,6,6,,,,,0,,,,,,,,,,,,,,,,,,,,,,,,,,,,,,,,,,,,,,,,,,
280.14458329201443,unswapping,,,,,,,,,,,,,,,,,,,,,,,,,,,,,,,,,,,,,,,,,,,,,,,128,4,354564,3574,158,40,0,both,1,19,19,4,10,,,,,0,,,,,,,,,,,,,,,,,,,,,,,,,,,,,,,,,,,,,,,,,,
281.04273433302296,unswapping,,,,,,,,,,,,,,,,,,,,,,,,,,,,,,,,,,,,,,,,,,,,,,,128,4,296900,3276,158,40,0,left,0,20,20,5,15,,,,,10,,,,,,,,,,,,,,,,,,,,,,,,,,,,,,,,,,,,,,,,,,
281.786483666976,unswapping,,,,,,,,,,,,,,,,,,,,,,,,,,,,,,,,,,,,,,,,,,,,,,,124,4,290560,3238,158,40,0,left,1,19,19,5,20,,,,,20,,,,,,,,,,,,,,,,,,,,,,,,,,,,,,,,,,,,,,,,,,
282.5657774169813,unswapping,,,,,,,,,,,,,,,,,,,,,,,,,,,,,,,,,,,,,,,,,,,,,,,122,4,247884,3020,158,40,0,right,0,20,20,5,25,,,,,30,,,,,,,,,,,,,,,,,,,,,,,,,,,,,,,,,,,,,,,,,,
283.1348718330264,unswapping,,,,,,,,,,,,,,,,,,,,,,,,,,,,,,,,,,,,,,,,,,,,,,,120,4,210028,2756,158,40,0,right,1,19,19,5,30,,,,,38,,,,,,,,,,,,,,,,,,,,,,,,,,,,,,,,,,,,,,,,,,
284.1624003750039,unswapping,,,,,,,,,,,,,,,,,,,,,,,,,,,,,,,,,,,,,,,,,,,,,,,118,4,190492,2638,158,40,1,both,0,20,20,2,2,,,,,44,,,,,,,,,,,,,,,,,,,,,,,,,,,,,,,,,,,,,,,,,,
285.0407665420207,unswapping,,,,,,,,,,,,,,,,,,,,,,,,,,,,,,,,,,,,,,,,,,,,,,,64,4,143652,2340,158,40,1,both,1,19,19,3,5,,,,,46,,,,,,,,,,,,,,,,,,,,,,,,,,,,,,,,,,,,,,,,,,
285.3625679999823,unswapping,,,,,,,,,,,,,,,,,,,,,,,,,,,,,,,,,,,,,,,,,,,,,,,64,4,142388,2330,158,40,1,left,0,20,20,1,6,,,,,44,,,,,,,,,,,,,,,,,,,,,,,,,,,,,,,,,,,,,,,,,,
285.71668337500887,unswapping,,,,,,,,,,,,,,,,,,,,,,,,,,,,,,,,,,,,,,,,,,,,,,,64,4,141112,2318,158,40,1,left,1,19,19,1,7,,,,,46,,,,,,,,,,,,,,,,,,,,,,,,,,,,,,,,,,,,,,,,,,
286.06117066700244,unswapping,,,,,,,,,,,,,,,,,,,,,,,,,,,,,,,,,,,,,,,,,,,,,,,64,4,128760,2210,158,40,1,right,0,20,20,3,10,,,,,50,,,,,,,,,,,,,,,,,,,,,,,,,,,,,,,,,,,,,,,,,,
286.3273189999745,unswapping,,,,,,,,,,,,,,,,,,,,,,,,,,,,,,,,,,,,,,,,,,,,,,,64,4,128760,2210,158,40,1,right,1,19,19,0,10,,,,,50,,,,,,,,,,,,,,,,,,,,,,,,,,,,,,,,,,,,,,,,,,
286.98245200002566,unswapping,,,,,,,,,,,,,,,,,,,,,,,,,,,,,,,,,,,,,,,,,,,,,,,64,4,124336,2156,158,40,2,both,0,20,20,2,2,,,,,50,,,,,,,,,,,,,,,,,,,,,,,,,,,,,,,,,,,,,,,,,,
287.6168586250278,unswapping,,,,,,,,,,,,,,,,,,,,,,,,,,,,,,,,,,,,,,,,,,,,,,,64,4,119392,2100,158,40,2,both,1,19,19,1,3,,,,,50,,,,,,,,,,,,,,,,,,,,,,,,,,,,,,,,,,,,,,,,,,
287.8182107079774,unswapping,,,,,,,,,,,,,,,,,,,,,,,,,,,,,,,,,,,,,,,,,,,,,,,64,4,119392,2100,158,40,2,left,0,20,20,0,3,,,,,50,,,,,,,,,,,,,,,,,,,,,,,,,,,,,,,,,,,,,,,,,,
288.1146665000124,unswapping,,,,,,,,,,,,,,,,,,,,,,,,,,,,,,,,,,,,,,,,,,,,,,,64,4,117440,2078,158,40,2,left,1,19,19,1,4,,,,,50,,,,,,,,,,,,,,,,,,,,,,,,,,,,,,,,,,,,,,,,,,
288.4118534169975,unswapping,,,,,,,,,,,,,,,,,,,,,,,,,,,,,,,,,,,,,,,,,,,,,,,64,4,116784,2070,158,40,2,right,0,20,20,1,5,,,,,52,,,,,,,,,,,,,,,,,,,,,,,,,,,,,,,,,,,,,,,,,,
288.6409742499818,unswapping,,,,,,,,,,,,,,,,,,,,,,,,,,,,,,,,,,,,,,,,,,,,,,,64,4,116784,2070,158,40,2,right,1,19,19,0,5,,,,,52,,,,,,,,,,,,,,,,,,,,,,,,,,,,,,,,,,,,,,,,,,
289.273127708002,unswapping,,,,,,,,,,,,,,,,,,,,,,,,,,,,,,,,,,,,,,,,,,,,,,,64,4,114672,2044,158,40,3,both,0,20,20,1,1,,,,,52,,,,,,,,,,,,,,,,,,,,,,,,,,,,,,,,,,,,,,,,,,
289.9641455829842,unswapping,,,,,,,,,,,,,,,,,,,,,,,,,,,,,,,,,,,,,,,,,,,,,,,64,4,114672,2044,158,40,3,both,1,19,19,0,1,,,,,52,,,,,,,,,,,,,,,,,,,,,,,,,,,,,,,,,,,,,,,,,,
290.19452854199335,unswapping,,,,,,,,,,,,,,,,,,,,,,,,,,,,,,,,,,,,,,,,,,,,,,,64,4,114672,2044,158,40,3,left,0,20,20,0,1,,,,,52,,,,,,,,,,,,,,,,,,,,,,,,,,,,,,,,,,,,,,,,,,
290.4091958749923,unswapping,,,,,,,,,,,,,,,,,,,,,,,,,,,,,,,,,,,,,,,,,,,,,,,64,4,114672,2044,158,40,3,left,1,19,19,0,1,,,,,52,,,,,,,,,,,,,,,,,,,,,,,,,,,,,,,,,,,,,,,,,,
290.6333683329867,unswapping,,,,,,,,,,,,,,,,,,,,,,,,,,,,,,,,,,,,,,,,,,,,,,,64,4,114672,2044,158,40,3,right,0,20,20,0,1,,,,,52,,,,,,,,,,,,,,,,,,,,,,,,,,,,,,,,,,,,,,,,,,
290.865673332999,unswapping,,,,,,,,,,,,,,,,,,,,,,,,,,,,,,,,,,,,,,,,,,,,,,,64,4,114672,2044,158,40,3,right,1,19,19,0,1,,,,,52,,,,,,,,,,,,,,,,,,,,,,,,,,,,,,,,,,,,,,,,,,
291.3392316669924,unswapping,,,,,,,,,,,,,,,,,,,,,,,,,,,,,,,,,,,,,,,,,,,,,,,64,4,114672,2044,158,40,4,both,0,20,20,0,0,,,,,52,,,,,,,,,,,,,,,,,,,,,,,,,,,,,,,,,,,,,,,,,,
291.78242541698273,unswapping,,,,,,,,,,,,,,,,,,,,,,,,,,,,,,,,,,,,,,,,,,,,,,,64,4,114672,2044,158,40,4,both,1,19,19,0,0,,,,,52,,,,,,,,,,,,,,,,,,,,,,,,,,,,,,,,,,,,,,,,,,
292.0064197499887,unswapping,,,,,,,,,,,,,,,,,,,,,,,,,,,,,,,,,,,,,,,,,,,,,,,64,4,114672,2044,158,40,4,left,0,20,20,0,0,,,,,52,,,,,,,,,,,,,,,,,,,,,,,,,,,,,,,,,,,,,,,,,,
292.22798029199475,unswapping,,,,,,,,,,,,,,,,,,,,,,,,,,,,,,,,,,,,,,,,,,,,,,,64,4,114672,2044,158,40,4,left,1,19,19,0,0,,,,,52,,,,,,,,,,,,,,,,,,,,,,,,,,,,,,,,,,,,,,,,,,
292.44194079202134,unswapping,,,,,,,,,,,,,,,,,,,,,,,,,,,,,,,,,,,,,,,,,,,,,,,64,4,114672,2044,158,40,4,right,0,20,20,0,0,,,,,52,,,,,,,,,,,,,,,,,,,,,,,,,,,,,,,,,,,,,,,,,,
292.66219441697467,unswapping,,,,,,,,,,,,,,,,,,,,,,,,,,,,,,,,,,,,,,,,,,,,,,,64,4,114672,2044,158,40,4,right,1,19,19,0,0,,,,,52,,,,,,,,,,,,,,,,,,,,,,,,,,,,,,,,,,,,,,,,,,
294.0682122919825,unswap_cycle_summary,,,,,,,,,,,,401,374,775,,,,,,,,,,,,,,,,,,,512,0.0006,,,,,,,,,,,,,64,4,114672,2044,158,40,,,,,,,,,,,,,,,,,,,,14,17.537677041022107,775,808,33,2,False,,,,,,,,,,,,,,,,,,,,,,,,,,,,
294.24304062500596,rewiring,left,post_unswap,0.12756741599878296,6,False,False,,,,,,,,,,,,,,,,,,,,,,,,,,,,,,,,,,,,,,,,,,,,,,,,,,,,,,,,,,,,,,,,,,14,,,,,,,50,False,2,4,bond_profile,8,False,1,1132,"(50, 24, 3, 3, 6, 22, 9)",0.0025397929712198675,0.1250029590446502,"[{'seed': 123, 'score': (58, 32, 3, 3, 5, 22, 8), 'num_layers': 8, 'total_swaps': 22, 'max_layer_swaps': 5, 'swap_only_layers': 5, 'work_layers': 3, 'unitary_layers': 3, 'first_work_layer': 5, 'leading_no_work_layers': 5, 'bond_profile_layers_scored': 3, 'bond_profile_total_cost': 58, 'bond_profile_max_cost': 32, 'bond_profile_gate_count': 3}, {'seed': 1132, 'score': (50, 24, 3, 3, 6, 22, 9), 'num_layers': 9, 'total_swaps': 22, 'max_layer_swaps': 5, 'swap_only_layers': 6, 'work_layers': 3, 'unitary_layers': 3, 'first_work_layer': 5, 'leading_no_work_layers': 5, 'bond_profile_layers_scored': 3, 'bond_profile_total_cost': 50, 'bond_profile_max_cost': 24, 'bond_profile_gate_count': 3}, {'seed': 2141, 'score': (59, 25, 3, 2, 5, 22, 7), 'num_layers': 7, 'total_swaps': 22, 'max_layer_swaps': 5, 'swap_only_layers': 5, 'work_layers': 2, 'unitary_layers': 2, 'first_work_layer': 5, 'leading_no_work_layers': 5, 'bond_profile_layers_scored': 2, 'bond_profile_total_cost': 59, 'bond_profile_max_cost': 25, 'bond_profile_gate_count': 3}, {'seed': 3150, 'score': (70, 32, 3, 2, 5, 22, 7), 'num_layers': 7, 'total_swaps': 22, 'max_layer_swaps': 5, 'swap_only_layers': 5, 'work_layers': 2, 'unitary_layers': 2, 'first_work_layer': 5, 'leading_no_work_layers': 5, 'bond_profile_layers_scored': 2, 'bond_profile_total_cost': 70, 'bond_profile_max_cost': 32, 'bond_profile_gate_count': 3}]",0.12756108300527558,0.1968145829741843,,,,,,,,,,,,,
294.31204545800574,rewiring,right,post_unswap,0.06882891699206084,26,False,False,,,,,,,,,,,,,,,,,,,,,,,,,,,,,,,,,,,,,,,,,,,,,,,,,,,,,,,,,,,,,,,,,,14,,,,,,,50,False,2,4,bond_profile,8,False,1,2141,"(388, 60, 16, 8, 11, 120, 28)",0.003322916047181934,0.06548074900638312,"[{'seed': 123, 'score': (404, 60, 16, 8, 10, 120, 28), 'num_layers': 28, 'total_swaps': 120, 'max_layer_swaps': 11, 'swap_only_layers': 10, 'work_layers': 18, 'unitary_layers': 18, 'first_work_layer': 1, 'leading_no_work_layers': 1, 'bond_profile_layers_scored': 8, 'bond_profile_total_cost': 404, 'bond_profile_max_cost': 60, 'bond_profile_gate_count': 16}, {'seed': 1132, 'score': (404, 60, 16, 8, 11, 120, 28), 'num_layers': 28, 'total_swaps': 120, 'max_layer_swaps': 11, 'swap_only_layers': 11, 'work_layers': 17, 'unitary_layers': 17, 'first_work_layer': 1, 'leading_no_work_layers': 1, 'bond_profile_layers_scored': 8, 'bond_profile_total_cost': 404, 'bond_profile_max_cost': 60, 'bond_profile_gate_count': 16}, {'seed': 2141, 'score': (388, 60, 16, 8, 11, 120, 28), 'num_layers': 28, 'total_swaps': 120, 'max_layer_swaps': 11, 'swap_only_layers': 11, 'work_layers': 17, 'unitary_layers': 17, 'first_work_layer': 1, 'leading_no_work_layers': 1, 'bond_profile_layers_scored': 8, 'bond_profile_total_cost': 388, 'bond_profile_max_cost': 60, 'bond_profile_gate_count': 16}, {'seed': 3150, 'score': (416, 60, 16, 8, 12, 120, 30), 'num_layers': 30, 'total_swaps': 120, 'max_layer_swaps': 11, 'swap_only_layers': 12, 'work_layers': 18, 'unitary_layers': 18, 'first_work_layer': 1, 'leading_no_work_layers': 1, 'bond_profile_layers_scored': 8, 'bond_profile_total_cost': 416, 'bond_profile_max_cost': 60, 'bond_profile_gate_count': 16}]",0.06882329098880291,0.1968145829741843,,,,,,,,,,,,,
294.40737570798956,cycle_progress,,,,,,,,,,,,401,374,775,,,,,,,,,,,,,,,,,,,512,0.0006,,141704,0,,,,,,,,,,64,4,114672,2044,158,40,,,,,,,,,,,,,,,,,,,,14,,775,808,33,2,False,,,,,,,,,,,,,,,0.1968145829741843,,,,,,,,,,,,,
294.642726458027,absorbing,,,,,,,L,1,0,9,28,401,374,775,5,0,0,0.0640767079894431,0.11868970899377018,0.18276641698321328,0.18652254197513685,114672,147312,64,64,False,False,False,False,114672,64,False,512,0.0006,,114672,0,total_elems,114672,147312,1,1,,,,0.0,64,4,114672,2044,158,40,,,,,,,,,,,,,,,,,,,,,,,,,,,,,,,,,,,,,,,,,,,,,,,,,,,,,,
294.9876991250203,absorbing,,,,,,,L,2,0,9,28,401,374,775,5,0,0,0.163317917031236,0.129891165997833,0.293209083029069,0.295841500046663,124400,147312,64,64,False,False,False,False,124400,64,False,512,0.0006,,114672,0,total_elems,124400,147312,1,1,,,,0.0,64,4,124400,2176,158,40,,,,,,,,,,,,,,,,,,,,,,,,,,,,,,,,,,,,,,,,,,,,,,,,,,,,,,
295.24451729201246,absorbing,,,,,,,L,3,0,9,28,401,374,775,3,0,0,0.08512954198522493,0.12221137498272583,0.20734091696795076,0.2079268329543993,154336,163292,80,64,False,False,False,False,154336,80,False,512,0.0006,,114672,0,total_elems,154336,163292,1,1,,,,0.0,80,4,154336,2436,158,40,,,,,,,,,,,,,,,,,,,,,,,,,,,,,,,,,,,,,,,,,,,,,,,,,,,,,,
295.5809968750109,absorbing,,,,,,,L,4,0,9,28,401,374,775,2,0,0,0.10722679202444851,0.17884787498041987,0.2860746670048684,0.287716958031524,170176,217520,80,128,False,False,False,False,170176,80,False,512,0.0006,,114672,0,total_elems,170176,217520,1,1,,,,0.0,80,4,170176,2580,158,40,,,,,,,,,,,,,,,,,,,,,,,,,,,,,,,,,,,,,,,,,,,,,,,,,,,,,,
295.9878487919923,absorbing,,,,,,,L,5,0,9,28,401,374,775,2,0,0,0.13715337502071634,0.21763600001577288,0.3547893750364892,0.35736037499736995,163576,242988,80,128,False,False,False,False,163576,80,False,512,0.0006,,114672,0,total_elems,163576,242988,1,1,,,,0.0,80,4,163576,2534,158,40,,,,,,,,,,,,,,,,,,,,,,,,,,,,,,,,,,,,,,,,,,,,,,,,,,,,,,
296.3639632919803,absorbing,,,,,,,L,6,0,9,28,402,374,776,3,1,1,0.1353088750038296,0.19091391697293147,0.3262227919767611,0.32728045800467953,200568,232296,80,128,False,False,False,False,200568,80,False,512,0.0006,,114672,0,total_elems,200568,232296,1,1,,,,0.0,80,4,200568,2728,158,40,,,,,,,,,,,,,,,,,,,,,,,,,,,,,,,,,,,,,,,,,,,,,,,,,,,,,,
296.87600254197605,absorbing,,,,,,,R,6,1,9,28,402,374,776,9,0,1,0.23723229201277718,0.2245655829901807,0.4617978750029579,0.46239624998997897,377164,323320,191,191,False,False,False,False,323320,191,False,512,0.0006,,114672,0,total_elems,377164,323320,1,1,,,,0.0,191,4,323320,3396,158,40,,,,,,,,,,,,,,,,,,,,,,,,,,,,,,,,,,,,,,,,,,,,,,,,,,,,,,
300.7869401249918,unswapping,,,,,,,,,,,,,,,,,,,,,,,,,,,,,,,,,,,,,,,,,,,,,,,189,4,417280,3652,158,40,0,both,0,20,20,1,1,,,,,0,,,,,,,,,,,,,,,,,,,,,,,,,,,,,,,,,,,,,,,,,,
302.39096462499583,unswapping,,,,,,,,,,,,,,,,,,,,,,,,,,,,,,,,,,,,,,,,,,,,,,,187,4,334688,3238,158,40,0,both,1,19,19,5,6,,,,,0,,,,,,,,,,,,,,,,,,,,,,,,,,,,,,,,,,,,,,,,,,
303.0927775829914,unswapping,,,,,,,,,,,,,,,,,,,,,,,,,,,,,,,,,,,,,,,,,,,,,,,133,4,293472,3110,158,40,0,left,0,20,20,2,8,,,,,4,,,,,,,,,,,,,,,,,,,,,,,,,,,,,,,,,,,,,,,,,,
303.8730226670159,unswapping,,,,,,,,,,,,,,,,,,,,,,,,,,,,,,,,,,,,,,,,,,,,,,,128,4,222240,2858,158,40,0,left,1,19,19,5,13,,,,,14,,,,,,,,,,,,,,,,,,,,,,,,,,,,,,,,,,,,,,,,,,
304.40635683300206,unswapping,,,,,,,,,,,,,,,,,,,,,,,,,,,,,,,,,,,,,,,,,,,,,,,76,4,185376,2620,158,40,0,right,0,20,20,5,18,,,,,20,,,,,,,,,,,,,,,,,,,,,,,,,,,,,,,,,,,,,,,,,,
304.97488400002476,unswapping,,,,,,,,,,,,,,,,,,,,,,,,,,,,,,,,,,,,,,,,,,,,,,,70,4,162200,2494,158,40,0,right,1,19,19,3,21,,,,,22,,,,,,,,,,,,,,,,,,,,,,,,,,,,,,,,,,,,,,,,,,
305.8141104999813,unswapping,,,,,,,,,,,,,,,,,,,,,,,,,,,,,,,,,,,,,,,,,,,,,,,64,4,131588,2260,158,40,1,both,0,20,20,4,4,,,,,32,,,,,,,,,,,,,,,,,,,,,,,,,,,,,,,,,,,,,,,,,,
306.41726562497206,unswapping,,,,,,,,,,,,,,,,,,,,,,,,,,,,,,,,,,,,,,,,,,,,,,,64,4,123512,2166,158,40,1,both,1,19,19,2,6,,,,,38,,,,,,,,,,,,,,,,,,,,,,,,,,,,,,,,,,,,,,,,,,
306.71193208300974,unswapping,,,,,,,,,,,,,,,,,,,,,,,,,,,,,,,,,,,,,,,,,,,,,,,64,4,122488,2154,158,40,1,left,0,20,20,1,7,,,,,40,,,,,,,,,,,,,,,,,,,,,,,,,,,,,,,,,,,,,,,,,,
307.0255248330068,unswapping,,,,,,,,,,,,,,,,,,,,,,,,,,,,,,,,,,,,,,,,,,,,,,,64,4,121936,2144,158,40,1,left,1,19,19,1,8,,,,,42,,,,,,,,,,,,,,,,,,,,,,,,,,,,,,,,,,,,,,,,,,
307.3171307920129,unswapping,,,,,,,,,,,,,,,,,,,,,,,,,,,,,,,,,,,,,,,,,,,,,,,64,4,121576,2134,158,40,1,right,0,20,20,1,9,,,,,42,,,,,,,,,,,,,,,,,,,,,,,,,,,,,,,,,,,,,,,,,,
307.60247529199114,unswapping,,,,,,,,,,,,,,,,,,,,,,,,,,,,,,,,,,,,,,,,,,,,,,,64,4,119936,2116,158,40,1,right,1,19,19,1,10,,,,,40,,,,,,,,,,,,,,,,,,,,,,,,,,,,,,,,,,,,,,,,,,
308.0941336249816,unswapping,,,,,,,,,,,,,,,,,,,,,,,,,,,,,,,,,,,,,,,,,,,,,,,64,4,119936,2116,158,40,2,both,0,20,20,0,0,,,,,40,,,,,,,,,,,,,,,,,,,,,,,,,,,,,,,,,,,,,,,,,,
308.5945548749878,unswapping,,,,,,,,,,,,,,,,,,,,,,,,,,,,,,,,,,,,,,,,,,,,,,,64,4,119936,2116,158,40,2,both,1,19,19,0,0,,,,,40,,,,,,,,,,,,,,,,,,,,,,,,,,,,,,,,,,,,,,,,,,
308.82350787497126,unswapping,,,,,,,,,,,,,,,,,,,,,,,,,,,,,,,,,,,,,,,,,,,,,,,64,4,119936,2116,158,40,2,left,0,20,20,0,0,,,,,40,,,,,,,,,,,,,,,,,,,,,,,,,,,,,,,,,,,,,,,,,,
309.0352632920258,unswapping,,,,,,,,,,,,,,,,,,,,,,,,,,,,,,,,,,,,,,,,,,,,,,,64,4,119936,2116,158,40,2,left,1,19,19,0,0,,,,,40,,,,,,,,,,,,,,,,,,,,,,,,,,,,,,,,,,,,,,,,,,
309.2537212499883,unswapping,,,,,,,,,,,,,,,,,,,,,,,,,,,,,,,,,,,,,,,,,,,,,,,64,4,119936,2116,158,40,2,right,0,20,20,0,0,,,,,40,,,,,,,,,,,,,,,,,,,,,,,,,,,,,,,,,,,,,,,,,,
309.4739054579986,unswapping,,,,,,,,,,,,,,,,,,,,,,,,,,,,,,,,,,,,,,,,,,,,,,,64,4,119936,2116,158,40,2,right,1,19,19,0,0,,,,,40,,,,,,,,,,,,,,,,,,,,,,,,,,,,,,,,,,,,,,,,,,
310.3905103749712,unswap_cycle_summary,,,,,,,,,,,,402,374,776,,,,,,,,,,,,,,,,,,,512,0.0006,,,,,,,,,,,,,64,4,119936,2116,158,40,,,,,,,,,,,,,,,,,,,,15,11.755972250015475,776,808,32,1,False,,,,,,,,,,,,,,,,,,,,,,,,,,,,
310.47872299997834,rewiring,left,post_unswap,0.032209708995651454,5,False,False,,,,,,,,,,,,,,,,,,,,,,,,,,,,,,,,,,,,,,,,,,,,,,,,,,,,,,,,,,,,,,,,,,15,,,,,,,50,False,1,4,bond_profile,8,False,1,2141,"(38, 20, 2, 2, 4, 12, 6)",0.0037924160715192556,0.028383665019646287,"[{'seed': 123, 'score': (50, 32, 2, 2, 5, 12, 7), 'num_layers': 7, 'total_swaps': 12, 'max_layer_swaps': 3, 'swap_only_layers': 5, 'work_layers': 2, 'unitary_layers': 2, 'first_work_layer': 2, 'leading_no_work_layers': 2, 'bond_profile_layers_scored': 2, 'bond_profile_total_cost': 50, 'bond_profile_max_cost': 32, 'bond_profile_gate_count': 2}, {'seed': 1132, 'score': (50, 32, 2, 2, 5, 12, 7), 'num_layers': 7, 'total_swaps': 12, 'max_layer_swaps': 3, 'swap_only_layers': 5, 'work_layers': 2, 'unitary_layers': 2, 'first_work_layer': 2, 'leading_no_work_layers': 2, 'bond_profile_layers_scored': 2, 'bond_profile_total_cost': 50, 'bond_profile_max_cost': 32, 'bond_profile_gate_count': 2}, {'seed': 2141, 'score': (38, 20, 2, 2, 4, 12, 6), 'num_layers': 6, 'total_swaps': 12, 'max_layer_swaps': 3, 'swap_only_layers': 4, 'work_layers': 2, 'unitary_layers': 2, 'first_work_layer': 3, 'leading_no_work_layers': 3, 'bond_profile_layers_scored': 2, 'bond_profile_total_cost': 38, 'bond_profile_max_cost': 20, 'bond_profile_gate_count': 2}, {'seed': 3150, 'score': (50, 32, 2, 2, 4, 12, 6), 'num_layers': 6, 'total_swaps': 12, 'max_layer_swaps': 3, 'swap_only_layers': 4, 'work_layers': 2, 'unitary_layers': 2, 'first_work_layer': 3, 'leading_no_work_layers': 3, 'bond_profile_layers_scored': 2, 'bond_profile_total_cost': 50, 'bond_profile_max_cost': 32, 'bond_profile_gate_count': 2}]",0.03220304200658575,0.23315866698976606,,,,,,,,,,,,,
310.67940545798047,rewiring,right,post_unswap,0.20035712496610358,29,False,False,,,,,,,,,,,,,,,,,,,,,,,,,,,,,,,,,,,,,,,,,,,,,,,,,,,,,,,,,,,,,,,,,,15,,,,,,,50,False,1,4,bond_profile,8,False,1,2141,"(312, 60, 13, 8, 16, 126, 38)",0.004178208997473121,0.19612249894998968,"[{'seed': 123, 'score': (328, 60, 14, 8, 15, 126, 37), 'num_layers': 37, 'total_swaps': 126, 'max_layer_swaps': 9, 'swap_only_layers': 15, 'work_layers': 22, 'unitary_layers': 22, 'first_work_layer': 0, 'leading_no_work_layers': 0, 'bond_profile_layers_scored': 8, 'bond_profile_total_cost': 328, 'bond_profile_max_cost': 60, 'bond_profile_gate_count': 14}, {'seed': 1132, 'score': (312, 60, 13, 8, 26, 125, 48), 'num_layers': 48, 'total_swaps': 125, 'max_layer_swaps': 9, 'swap_only_layers': 26, 'work_layers': 22, 'unitary_layers': 22, 'first_work_layer': 0, 'leading_no_work_layers': 0, 'bond_profile_layers_scored': 8, 'bond_profile_total_cost': 312, 'bond_profile_max_cost': 60, 'bond_profile_gate_count': 13}, {'seed': 2141, 'score': (312, 60, 13, 8, 16, 126, 38), 'num_layers': 38, 'total_swaps': 126, 'max_layer_swaps': 9, 'swap_only_layers': 16, 'work_layers': 22, 'unitary_layers': 22, 'first_work_layer': 0, 'leading_no_work_layers': 0, 'bond_profile_layers_scored': 8, 'bond_profile_total_cost': 312, 'bond_profile_max_cost': 60, 'bond_profile_gate_count': 13}, {'seed': 3150, 'score': (324, 60, 13, 8, 19, 126, 40), 'num_layers': 40, 'total_swaps': 126, 'max_layer_swaps': 9, 'swap_only_layers': 19, 'work_layers': 21, 'unitary_layers': 21, 'first_work_layer': 0, 'leading_no_work_layers': 0, 'bond_profile_layers_scored': 8, 'bond_profile_total_cost': 324, 'bond_profile_max_cost': 60, 'bond_profile_gate_count': 13}]",0.20034283300628886,0.23315866698976606,,,,,,,,,,,,,
310.80141516699223,cycle_progress,,,,,,,,,,,,402,374,776,,,,,,,,,,,,,,,,,,,512,0.0006,,114672,0,,,,,,,,,,64,4,119936,2116,158,40,,,,,,,,,,,,,,,,,,,,15,,776,808,32,1,False,,,,,,,,,,,,,,,0.23315866698976606,,,,,,,,,,,,,
311.2019973329734,absorbing,,,,,,,L,1,0,6,38,402,374,776,3,0,0,0.19190749997505918,0.13529229199048132,0.3271997919655405,0.33328733302187175,119936,165632,64,97,False,False,False,False,119936,64,False,512,0.0006,,119936,0,total_elems,119936,165632,1,1,,,,0.0,64,4,119936,2116,158,40,,,,,,,,,,,,,,,,,,,,,,,,,,,,,,,,,,,,,,,,,,,,,,,,,,,,,,
311.52197545801755,absorbing,,,,,,,L,2,0,6,38,402,374,776,3,0,0,0.08585037500597537,0.1743457920383662,0.26019616704434156,0.26408587500918657,124424,165632,64,97,False,False,False,False,124424,64,False,512,0.0006,,119936,0,total_elems,124424,165632,1,1,,,,0.0,64,4,124424,2182,158,40,,,,,,,,,,,,,,,,,,,,,,,,,,,,,,,,,,,,,,,,,,,,,,,,,,,,,,
311.85466862499015,absorbing,,,,,,,L,3,0,6,38,402,374,776,3,0,0,0.10219508304726332,0.17452749999938533,0.27672258304664865,0.2790590000222437,127712,168808,64,97,False,False,False,False,127712,64,False,512,0.0006,,119936,0,total_elems,127712,168808,1,1,,,,0.0,64,4,127712,2232,158,40,,,,,,,,,,,,,,,,,,,,,,,,,,,,,,,,,,,,,,,,,,,,,,,,,,,,,,
312.1830472499714,absorbing,,,,,,,L,4,0,6,38,403,374,777,2,1,1,0.10817916697124019,0.16326837503584102,0.2714475420070812,0.27290762501070276,142496,174632,64,97,False,False,False,False,142496,64,False,512,0.0006,,119936,0,total_elems,142496,174632,1,1,,,,0.0,64,4,142496,2390,158,40,,,,,,,,,,,,,,,,,,,,,,,,,,,,,,,,,,,,,,,,,,,,,,,,,,,,,,
312.5666855829768,absorbing,,,,,,,L,5,0,6,38,403,374,777,1,0,1,0.11837358301272616,0.21128283301368356,0.3296564160264097,0.33106274995952845,150816,208040,64,97,False,False,False,False,150816,64,False,512,0.0006,,119936,0,total_elems,150816,208040,1,1,,,,0.0,64,4,150816,2466,158,40,,,,,,,,,,,,,,,,,,,,,,,,,,,,,,,,,,,,,,,,,,,,,,,,,,,,,,
313.0062576669734,absorbing,,,,,,,L,6,0,6,38,404,374,778,0,1,2,0.1747059590416029,0.20658954099053517,0.3812955000321381,0.3828422920196317,178208,221608,80,97,False,False,False,False,178208,80,False,512,0.0006,,119936,0,total_elems,178208,221608,1,1,,,,0.0,80,4,178208,2622,158,40,,,,,,,,,,,,,,,,,,,,,,,,,,,,,,,,,,,,,,,,,,,,,,,,,,,,,,
313.254725124978,absorbing,,,,,,,R,6,1,6,38,404,375,779,8,1,3,0.0,0.19634533300995827,0.19634533300995827,0.19751362496754155,,251176,,97,False,False,False,False,251176,97,False,512,0.0006,,119936,0,total_elems,,251176,1,1,,,,0.0,97,4,251176,3168,158,40,,,,,,,,,,,,,,,,,,,,,,,,,,,,,,,,,,,,,,,,,,,,,,,,,,,,,,
313.67566920799436,absorbing,,,,,,,R,6,2,6,38,404,377,781,9,2,5,0.0,0.3694540410069749,0.3694540410069749,0.3696870419662446,,439624,,174,False,False,False,False,439624,174,False,512,0.0006,,119936,0,total_elems,,439624,1,1,,,,0.0,174,4,439624,4104,158,40,,,,,,,,,,,,,,,,,,,,,,,,,,,,,,,,,,,,,,,,,,,,,,,,,,,,,,
316.45958958298434,unswapping,,,,,,,,,,,,,,,,,,,,,,,,,,,,,,,,,,,,,,,,,,,,,,,165,4,399576,3894,158,40,0,both,0,20,20,4,4,,,,,0,,,,,,,,,,,,,,,,,,,,,,,,,,,,,,,,,,,,,,,,,,
318.2478855419904,unswapping,,,,,,,,,,,,,,,,,,,,,,,,,,,,,,,,,,,,,,,,,,,,,,,103,4,331036,3544,158,40,0,both,1,19,19,2,6,,,,,0,,,,,,,,,,,,,,,,,,,,,,,,,,,,,,,,,,,,,,,,,,
319.06063112500124,unswapping,,,,,,,,,,,,,,,,,,,,,,,,,,,,,,,,,,,,,,,,,,,,,,,101,4,282912,3326,158,40,0,left,0,20,20,6,12,,,,,12,,,,,,,,,,,,,,,,,,,,,,,,,,,,,,,,,,,,,,,,,,
319.5718445419916,unswapping,,,,,,,,,,,,,,,,,,,,,,,,,,,,,,,,,,,,,,,,,,,,,,,99,4,274784,3280,158,40,0,left,1,19,19,1,13,,,,,14,,,,,,,,,,,,,,,,,,,,,,,,,,,,,,,,,,,,,,,,,,
320.1746847499744,unswapping,,,,,,,,,,,,,,,,,,,,,,,,,,,,,,,,,,,,,,,,,,,,,,,97,4,260768,3182,158,40,0,right,0,20,20,3,16,,,,,20,,,,,,,,,,,,,,,,,,,,,,,,,,,,,,,,,,,,,,,,,,
320.7768897499773,unswapping,,,,,,,,,,,,,,,,,,,,,,,,,,,,,,,,,,,,,,,,,,,,,,,96,4,205724,2830,158,40,0,right,1,19,19,7,23,,,,,34,,,,,,,,,,,,,,,,,,,,,,,,,,,,,,,,,,,,,,,,,,
321.7004230419989,unswapping,,,,,,,,,,,,,,,,,,,,,,,,,,,,,,,,,,,,,,,,,,,,,,,94,4,191212,2722,158,40,1,both,0,20,20,2,2,,,,,38,,,,,,,,,,,,,,,,,,,,,,,,,,,,,,,,,,,,,,,,,,
322.60642249998637,unswapping,,,,,,,,,,,,,,,,,,,,,,,,,,,,,,,,,,,,,,,,,,,,,,,92,4,186976,2688,158,40,1,both,1,19,19,1,3,,,,,40,,,,,,,,,,,,,,,,,,,,,,,,,,,,,,,,,,,,,,,,,,
322.9142031670199,unswapping,,,,,,,,,,,,,,,,,,,,,,,,,,,,,,,,,,,,,,,,,,,,,,,92,4,186976,2688,158,40,1,left,0,20,20,0,3,,,,,40,,,,,,,,,,,,,,,,,,,,,,,,,,,,,,,,,,,,,,,,,,
323.23348133300897,unswapping,,,,,,,,,,,,,,,,,,,,,,,,,,,,,,,,,,,,,,,,,,,,,,,92,4,186976,2688,158,40,1,left,1,19,19,0,3,,,,,40,,,,,,,,,,,,,,,,,,,,,,,,,,,,,,,,,,,,,,,,,,
323.65931933297543,unswapping,,,,,,,,,,,,,,,,,,,,,,,,,,,,,,,,,,,,,,,,,,,,,,,91,4,176352,2606,158,40,1,right,0,20,20,2,5,,,,,42,,,,,,,,,,,,,,,,,,,,,,,,,,,,,,,,,,,,,,,,,,
324.03980600001523,unswapping,,,,,,,,,,,,,,,,,,,,,,,,,,,,,,,,,,,,,,,,,,,,,,,90,4,175544,2602,158,40,1,right,1,19,19,1,6,,,,,44,,,,,,,,,,,,,,,,,,,,,,,,,,,,,,,,,,,,,,,,,,
324.7062172080041,unswapping,,,,,,,,,,,,,,,,,,,,,,,,,,,,,,,,,,,,,,,,,,,,,,,90,4,175544,2602,158,40,2,both,0,20,20,0,0,,,,,44,,,,,,,,,,,,,,,,,,,,,,,,,,,,,,,,,,,,,,,,,,
325.42690229200525,unswapping,,,,,,,,,,,,,,,,,,,,,,,,,,,,,,,,,,,,,,,,,,,,,,,90,4,175544,2602,158,40,2,both,1,19,19,0,0,,,,,44,,,,,,,,,,,,,,,,,,,,,,,,,,,,,,,,,,,,,,,,,,
325.7402041670284,unswapping,,,,,,,,,,,,,,,,,,,,,,,,,,,,,,,,,,,,,,,,,,,,,,,90,4,175544,2602,158,40,2,left,0,20,20,0,0,,,,,44,,,,,,,,,,,,,,,,,,,,,,,,,,,,,,,,,,,,,,,,,,
326.02674025000306,unswapping,,,,,,,,,,,,,,,,,,,,,,,,,,,,,,,,,,,,,,,,,,,,,,,90,4,175544,2602,158,40,2,left,1,19,19,0,0,,,,,44,,,,,,,,,,,,,,,,,,,,,,,,,,,,,,,,,,,,,,,,,,
326.43938574998174,unswapping,,,,,,,,,,,,,,,,,,,,,,,,,,,,,,,,,,,,,,,,,,,,,,,83,4,172884,2588,158,40,2,right,0,20,20,1,1,,,,,46,,,,,,,,,,,,,,,,,,,,,,,,,,,,,,,,,,,,,,,,,,
326.7437169579789,unswapping,,,,,,,,,,,,,,,,,,,,,,,,,,,,,,,,,,,,,,,,,,,,,,,83,4,172884,2588,158,40,2,right,1,19,19,0,1,,,,,46,,,,,,,,,,,,,,,,,,,,,,,,,,,,,,,,,,,,,,,,,,
327.4432707920205,unswapping,,,,,,,,,,,,,,,,,,,,,,,,,,,,,,,,,,,,,,,,,,,,,,,83,4,172884,2588,158,40,3,both,0,20,20,0,0,,,,,46,,,,,,,,,,,,,,,,,,,,,,,,,,,,,,,,,,,,,,,,,,
328.09984966699267,unswapping,,,,,,,,,,,,,,,,,,,,,,,,,,,,,,,,,,,,,,,,,,,,,,,83,4,172884,2588,158,40,3,both,1,19,19,0,0,,,,,46,,,,,,,,,,,,,,,,,,,,,,,,,,,,,,,,,,,,,,,,,,
328.3625365829794,unswapping,,,,,,,,,,,,,,,,,,,,,,,,,,,,,,,,,,,,,,,,,,,,,,,83,4,172884,2588,158,40,3,left,0,20,20,0,0,,,,,46,,,,,,,,,,,,,,,,,,,,,,,,,,,,,,,,,,,,,,,,,,
328.6267477499787,unswapping,,,,,,,,,,,,,,,,,,,,,,,,,,,,,,,,,,,,,,,,,,,,,,,83,4,172884,2588,158,40,3,left,1,19,19,0,0,,,,,46,,,,,,,,,,,,,,,,,,,,,,,,,,,,,,,,,,,,,,,,,,
328.92316800000845,unswapping,,,,,,,,,,,,,,,,,,,,,,,,,,,,,,,,,,,,,,,,,,,,,,,83,4,172884,2588,158,40,3,right,0,20,20,0,0,,,,,46,,,,,,,,,,,,,,,,,,,,,,,,,,,,,,,,,,,,,,,,,,
329.2290806249948,unswapping,,,,,,,,,,,,,,,,,,,,,,,,,,,,,,,,,,,,,,,,,,,,,,,83,4,172884,2588,158,40,3,right,1,19,19,0,0,,,,,46,,,,,,,,,,,,,,,,,,,,,,,,,,,,,,,,,,,,,,,,,,
330.3954548750189,unswap_cycle_summary,,,,,,,,,,,,404,377,781,,,,,,,,,,,,,,,,,,,512,0.0006,,,,,,,,,,,,,83,4,172884,2588,158,40,,,,,,,,,,,,,,,,,,,,16,14.904715250013396,781,808,27,5,False,,,,,,,,,,,,,,,,,,,,,,,,,,,,
330.62623179197544,rewiring,right,post_unswap,0.18085541704203933,38,False,False,,,,,,,,,,,,,,,,,,,,,,,,,,,,,,,,,,,,,,,,,,,,,,,,,,,,,,,,,,,,,,,,,,16,,,,,,,50,False,5,4,bond_profile,8,False,1,2141,"(352, 64, 13, 8, 22, 130, 40)",0.0031830419902689755,0.1776432929909788,"[{'seed': 123, 'score': (418, 64, 15, 8, 23, 129, 40), 'num_layers': 40, 'total_swaps': 129, 'max_layer_swaps': 9, 'swap_only_layers': 23, 'work_layers': 17, 'unitary_layers': 17, 'first_work_layer': 2, 'leading_no_work_layers': 2, 'bond_profile_layers_scored': 8, 'bond_profile_total_cost': 418, 'bond_profile_max_cost': 64, 'bond_profile_gate_count': 15}, {'seed': 1132, 'score': (466, 64, 16, 8, 23, 130, 40), 'num_layers': 40, 'total_swaps': 130, 'max_layer_swaps': 9, 'swap_only_layers': 23, 'work_layers': 17, 'unitary_layers': 17, 'first_work_layer': 2, 'leading_no_work_layers': 2, 'bond_profile_layers_scored': 8, 'bond_profile_total_cost': 466, 'bond_profile_max_cost': 64, 'bond_profile_gate_count': 16}, {'seed': 2141, 'score': (352, 64, 13, 8, 22, 130, 40), 'num_layers': 40, 'total_swaps': 130, 'max_layer_swaps': 9, 'swap_only_layers': 22, 'work_layers': 18, 'unitary_layers': 18, 'first_work_layer': 2, 'leading_no_work_layers': 2, 'bond_profile_layers_scored': 8, 'bond_profile_total_cost': 352, 'bond_profile_max_cost': 64, 'bond_profile_gate_count': 13}, {'seed': 3150, 'score': (352, 64, 13, 8, 23, 130, 41), 'num_layers': 41, 'total_swaps': 130, 'max_layer_swaps': 9, 'swap_only_layers': 23, 'work_layers': 18, 'unitary_layers': 18, 'first_work_layer': 2, 'leading_no_work_layers': 2, 'bond_profile_layers_scored': 8, 'bond_profile_total_cost': 352, 'bond_profile_max_cost': 64, 'bond_profile_gate_count': 13}]",0.18084841698873788,0.18115058302646503,,,,,,,,,,,,,
330.677072416991,cycle_progress,,,,,,,,,,,,404,377,781,,,,,,,,,,,,,,,,,,,512,0.0006,,119936,0,,,,,,,,,,83,4,172884,2588,158,40,,,,,,,,,,,,,,,,,,,,16,,781,808,27,5,False,,,,,,,,,,,,,,,0.18115058302646503,,,,,,,,,,,,,
330.8789088749909,absorbing,,,,,,,R,0,1,0,40,404,377,781,7,0,0,0.0,0.14697837503626943,0.14697837503626943,0.14917195803718641,,210296,,90,False,False,False,False,210296,90,False,512,0.0006,,172884,0,total_elems,,210296,1,1,,,,0.0,90,4,210296,2892,158,40,,,,,,,,,,,,,,,,,,,,,,,,,,,,,,,,,,,,,,,,,,,,,,,,,,,,,,
331.1811443750048,absorbing,,,,,,,R,0,2,0,40,404,377,781,9,0,0,0.0,0.25097399996593595,0.25097399996593595,0.25120016699656844,,376768,,194,False,False,False,False,376768,194,False,512,0.0006,,172884,0,total_elems,,376768,1,1,,,,0.0,194,4,376768,3662,158,40,,,,,,,,,,,,,,,,,,,,,,,,,,,,,,,,,,,,,,,,,,,,,,,,,,,,,,
334.01095487497514,unswapping,,,,,,,,,,,,,,,,,,,,,,,,,,,,,,,,,,,,,,,,,,,,,,,173,4,330232,3428,158,40,0,both,0,20,20,4,4,,,,,0,,,,,,,,,,,,,,,,,,,,,,,,,,,,,,,,,,,,,,,,,,
335.5841967500164,unswapping,,,,,,,,,,,,,,,,,,,,,,,,,,,,,,,,,,,,,,,,,,,,,,,86,4,243496,3082,158,40,0,both,1,19,19,4,8,,,,,0,,,,,,,,,,,,,,,,,,,,,,,,,,,,,,,,,,,,,,,,,,
336.186210291984,unswapping,,,,,,,,,,,,,,,,,,,,,,,,,,,,,,,,,,,,,,,,,,,,,,,66,4,220580,2948,158,40,0,left,0,20,20,4,12,,,,,8,,,,,,,,,,,,,,,,,,,,,,,,,,,,,,,,,,,,,,,,,,
336.69044362497516,unswapping,,,,,,,,,,,,,,,,,,,,,,,,,,,,,,,,,,,,,,,,,,,,,,,66,4,206432,2862,158,40,0,left,1,19,19,3,15,,,,,14,,,,,,,,,,,,,,,,,,,,,,,,,,,,,,,,,,,,,,,,,,
337.214604082983,unswapping,,,,,,,,,,,,,,,,,,,,,,,,,,,,,,,,,,,,,,,,,,,,,,,66,4,182848,2682,158,40,0,right,0,20,20,4,19,,,,,18,,,,,,,,,,,,,,,,,,,,,,,,,,,,,,,,,,,,,,,,,,
337.6986405000207,unswapping,,,,,,,,,,,,,,,,,,,,,,,,,,,,,,,,,,,,,,,,,,,,,,,64,4,161824,2542,158,40,0,right,1,19,19,3,22,,,,,24,,,,,,,,,,,,,,,,,,,,,,,,,,,,,,,,,,,,,,,,,,
338.48414025001694,unswapping,,,,,,,,,,,,,,,,,,,,,,,,,,,,,,,,,,,,,,,,,,,,,,,64,4,161824,2542,158,40,1,both,0,20,20,0,0,,,,,24,,,,,,,,,,,,,,,,,,,,,,,,,,,,,,,,,,,,,,,,,,
339.1722495420254,unswapping,,,,,,,,,,,,,,,,,,,,,,,,,,,,,,,,,,,,,,,,,,,,,,,64,4,161824,2542,158,40,1,both,1,19,19,0,0,,,,,24,,,,,,,,,,,,,,,,,,,,,,,,,,,,,,,,,,,,,,,,,,
339.5205087920185,unswapping,,,,,,,,,,,,,,,,,,,,,,,,,,,,,,,,,,,,,,,,,,,,,,,64,4,161824,2542,158,40,1,left,0,20,20,0,0,,,,,24,,,,,,,,,,,,,,,,,,,,,,,,,,,,,,,,,,,,,,,,,,
340.0248979169992,unswapping,,,,,,,,,,,,,,,,,,,,,,,,,,,,,,,,,,,,,,,,,,,,,,,64,4,160736,2534,158,40,1,left,1,19,19,1,1,,,,,24,,,,,,,,,,,,,,,,,,,,,,,,,,,,,,,,,,,,,,,,,,
340.55366633302765,unswapping,,,,,,,,,,,,,,,,,,,,,,,,,,,,,,,,,,,,,,,,,,,,,,,64,4,151392,2464,158,40,1,right,0,20,20,1,2,,,,,26,,,,,,,,,,,,,,,,,,,,,,,,,,,,,,,,,,,,,,,,,,
340.89023212500615,unswapping,,,,,,,,,,,,,,,,,,,,,,,,,,,,,,,,,,,,,,,,,,,,,,,64,4,151392,2464,158,40,1,right,1,19,19,0,2,,,,,26,,,,,,,,,,,,,,,,,,,,,,,,,,,,,,,,,,,,,,,,,,
341.75645520800026,unswapping,,,,,,,,,,,,,,,,,,,,,,,,,,,,,,,,,,,,,,,,,,,,,,,64,4,151392,2464,158,40,2,both,0,20,20,0,0,,,,,26,,,,,,,,,,,,,,,,,,,,,,,,,,,,,,,,,,,,,,,,,,
342.47166454198305,unswapping,,,,,,,,,,,,,,,,,,,,,,,,,,,,,,,,,,,,,,,,,,,,,,,64,4,151392,2464,158,40,2,both,1,19,19,0,0,,,,,26,,,,,,,,,,,,,,,,,,,,,,,,,,,,,,,,,,,,,,,,,,
342.8518805829808,unswapping,,,,,,,,,,,,,,,,,,,,,,,,,,,,,,,,,,,,,,,,,,,,,,,64,4,151392,2464,158,40,2,left,0,20,20,0,0,,,,,26,,,,,,,,,,,,,,,,,,,,,,,,,,,,,,,,,,,,,,,,,,
343.19961483299267,unswapping,,,,,,,,,,,,,,,,,,,,,,,,,,,,,,,,,,,,,,,,,,,,,,,64,4,151392,2464,158,40,2,left,1,19,19,0,0,,,,,26,,,,,,,,,,,,,,,,,,,,,,,,,,,,,,,,,,,,,,,,,,
343.5865464169765,unswapping,,,,,,,,,,,,,,,,,,,,,,,,,,,,,,,,,,,,,,,,,,,,,,,64,4,151392,2464,158,40,2,right,0,20,20,0,0,,,,,26,,,,,,,,,,,,,,,,,,,,,,,,,,,,,,,,,,,,,,,,,,
343.95337762497365,unswapping,,,,,,,,,,,,,,,,,,,,,,,,,,,,,,,,,,,,,,,,,,,,,,,64,4,151392,2464,158,40,2,right,1,19,19,0,0,,,,,26,,,,,,,,,,,,,,,,,,,,,,,,,,,,,,,,,,,,,,,,,,
344.92792287498014,unswap_cycle_summary,,,,,,,,,,,,404,377,781,,,,,,,,,,,,,,,,,,,512,0.0006,,,,,,,,,,,,,64,4,151392,2464,158,40,,,,,,,,,,,,,,,,,,,,17,12.269336041994393,781,808,27,0,False,,,,,,,,,,,,,,,,,,,,,,,,,,,,
345.1527752080001,rewiring,right,post_unswap,0.1744137909845449,40,False,False,,,,,,,,,,,,,,,,,,,,,,,,,,,,,,,,,,,,,,,,,,,,,,,,,,,,,,,,,,,,,,,,,,17,,,,,,,50,False,0,4,bond_profile,8,False,1,2141,"(352, 64, 13, 8, 22, 130, 40)",0.0031603319803252816,0.17122208297951147,"[{'seed': 123, 'score': (418, 64, 15, 8, 23, 129, 40), 'num_layers': 40, 'total_swaps': 129, 'max_layer_swaps': 9, 'swap_only_layers': 23, 'work_layers': 17, 'unitary_layers': 17, 'first_work_layer': 2, 'leading_no_work_layers': 2, 'bond_profile_layers_scored': 8, 'bond_profile_total_cost': 418, 'bond_profile_max_cost': 64, 'bond_profile_gate_count': 15}, {'seed': 1132, 'score': (466, 64, 16, 8, 23, 130, 40), 'num_layers': 40, 'total_swaps': 130, 'max_layer_swaps': 9, 'swap_only_layers': 23, 'work_layers': 17, 'unitary_layers': 17, 'first_work_layer': 2, 'leading_no_work_layers': 2, 'bond_profile_layers_scored': 8, 'bond_profile_total_cost': 466, 'bond_profile_max_cost': 64, 'bond_profile_gate_count': 16}, {'seed': 2141, 'score': (352, 64, 13, 8, 22, 130, 40), 'num_layers': 40, 'total_swaps': 130, 'max_layer_swaps': 9, 'swap_only_layers': 22, 'work_layers': 18, 'unitary_layers': 18, 'first_work_layer': 2, 'leading_no_work_layers': 2, 'bond_profile_layers_scored': 8, 'bond_profile_total_cost': 352, 'bond_profile_max_cost': 64, 'bond_profile_gate_count': 13}, {'seed': 3150, 'score': (352, 64, 13, 8, 23, 130, 41), 'num_layers': 41, 'total_swaps': 130, 'max_layer_swaps': 9, 'swap_only_layers': 23, 'work_layers': 18, 'unitary_layers': 18, 'first_work_layer': 2, 'leading_no_work_layers': 2, 'bond_profile_layers_scored': 8, 'bond_profile_total_cost': 352, 'bond_profile_max_cost': 64, 'bond_profile_gate_count': 13}]",0.17440670798532665,0.1747298749978654,,,,,,,,,,,,,
345.2043265000102,cycle_progress,,,,,,,,,,,,404,377,781,,,,,,,,,,,,,,,,,,,512,0.0006,,172884,0,,,,,,,,,,64,4,151392,2464,158,40,,,,,,,,,,,,,,,,,,,,17,,781,808,27,0,False,,,,,,,,,,,,,,,0.1747298749978654,,,,,,,,,,,,,
345.44304345798446,absorbing,,,,,,,R,0,1,0,40,404,377,781,7,0,0,0.0,0.17708787502488121,0.17708787502488121,0.17993375001242384,,191328,,64,False,False,False,False,191328,64,False,512,0.0006,,151392,1,total_elems,,191328,1,1,,,,0.0,64,4,191328,2784,158,40,,,,,,,,,,,,,,,,,,,,,,,,,,,,,,,,,,,,,,,,,,,,,,,,,,,,,,
345.72862408298533,absorbing,,,,,,,R,0,2,0,40,404,377,781,9,0,0,0.0,0.22914966603275388,0.22914966603275388,0.2293796669691801,,317664,,154,False,False,False,False,317664,154,False,512,0.0006,,151392,1,total_elems,,317664,1,1,,,,0.0,154,4,317664,3490,158,40,,,,,,,,,,,,,,,,,,,,,,,,,,,,,,,,,,,,,,,,,,,,,,,,,,,,,,
347.91830816701986,unswapping,,,,,,,,,,,,,,,,,,,,,,,,,,,,,,,,,,,,,,,,,,,,,,,144,4,292896,3330,158,40,0,both,0,20,20,3,3,,,,,0,,,,,,,,,,,,,,,,,,,,,,,,,,,,,,,,,,,,,,,,,,
349.43994854198536,unswapping,,,,,,,,,,,,,,,,,,,,,,,,,,,,,,,,,,,,,,,,,,,,,,,64,4,236384,3036,158,40,0,both,1,19,19,4,7,,,,,0,,,,,,,,,,,,,,,,,,,,,,,,,,,,,,,,,,,,,,,,,,
350.1520820829901,unswapping,,,,,,,,,,,,,,,,,,,,,,,,,,,,,,,,,,,,,,,,,,,,,,,64,4,227296,2978,158,40,0,left,0,20,20,2,9,,,,,4,,,,,,,,,,,,,,,,,,,,,,,,,,,,,,,,,,,,,,,,,,
350.8389034169959,unswapping,,,,,,,,,,,,,,,,,,,,,,,,,,,,,,,,,,,,,,,,,,,,,,,64,4,215200,2912,158,40,0,left,1,19,19,2,11,,,,,8,,,,,,,,,,,,,,,,,,,,,,,,,,,,,,,,,,,,,,,,,,
351.4279920000117,unswapping,,,,,,,,,,,,,,,,,,,,,,,,,,,,,,,,,,,,,,,,,,,,,,,64,4,178240,2652,158,40,0,right,0,20,20,5,16,,,,,18,,,,,,,,,,,,,,,,,,,,,,,,,,,,,,,,,,,,,,,,,,
351.8455425000284,unswapping,,,,,,,,,,,,,,,,,,,,,,,,,,,,,,,,,,,,,,,,,,,,,,,64,4,160544,2540,158,40,0,right,1,19,19,3,19,,,,,24,,,,,,,,,,,,,,,,,,,,,,,,,,,,,,,,,,,,,,,,,,
352.6019906249712,unswapping,,,,,,,,,,,,,,,,,,,,,,,,,,,,,,,,,,,,,,,,,,,,,,,64,4,160544,2540,158,40,1,both,0,20,20,0,0,,,,,24,,,,,,,,,,,,,,,,,,,,,,,,,,,,,,,,,,,,,,,,,,
353.20614616700914,unswapping,,,,,,,,,,,,,,,,,,,,,,,,,,,,,,,,,,,,,,,,,,,,,,,64,4,160544,2540,158,40,1,both,1,19,19,0,0,,,,,24,,,,,,,,,,,,,,,,,,,,,,,,,,,,,,,,,,,,,,,,,,
353.48147758300183,unswapping,,,,,,,,,,,,,,,,,,,,,,,,,,,,,,,,,,,,,,,,,,,,,,,64,4,160544,2540,158,40,1,left,0,20,20,0,0,,,,,24,,,,,,,,,,,,,,,,,,,,,,,,,,,,,,,,,,,,,,,,,,
353.8292021669913,unswapping,,,,,,,,,,,,,,,,,,,,,,,,,,,,,,,,,,,,,,,,,,,,,,,64,4,160160,2536,158,40,1,left,1,19,19,1,1,,,,,26,,,,,,,,,,,,,,,,,,,,,,,,,,,,,,,,,,,,,,,,,,
354.27349158300785,unswapping,,,,,,,,,,,,,,,,,,,,,,,,,,,,,,,,,,,,,,,,,,,,,,,64,4,151392,2466,158,40,1,right,0,20,20,1,2,,,,,28,,,,,,,,,,,,,,,,,,,,,,,,,,,,,,,,,,,,,,,,,,
354.5536710830056,unswapping,,,,,,,,,,,,,,,,,,,,,,,,,,,,,,,,,,,,,,,,,,,,,,,64,4,151392,2466,158,40,1,right,1,19,19,0,2,,,,,28,,,,,,,,,,,,,,,,,,,,,,,,,,,,,,,,,,,,,,,,,,
355.1933340000105,unswapping,,,,,,,,,,,,,,,,,,,,,,,,,,,,,,,,,,,,,,,,,,,,,,,64,4,151392,2466,158,40,2,both,0,20,20,0,0,,,,,28,,,,,,,,,,,,,,,,,,,,,,,,,,,,,,,,,,,,,,,,,,
355.70172895799624,unswapping,,,,,,,,,,,,,,,,,,,,,,,,,,,,,,,,,,,,,,,,,,,,,,,64,4,151392,2466,158,40,2,both,1,19,19,0,0,,,,,28,,,,,,,,,,,,,,,,,,,,,,,,,,,,,,,,,,,,,,,,,,
355.98969104199205,unswapping,,,,,,,,,,,,,,,,,,,,,,,,,,,,,,,,,,,,,,,,,,,,,,,64,4,151392,2466,158,40,2,left,0,20,20,0,0,,,,,28,,,,,,,,,,,,,,,,,,,,,,,,,,,,,,,,,,,,,,,,,,
356.3385791250039,unswapping,,,,,,,,,,,,,,,,,,,,,,,,,,,,,,,,,,,,,,,,,,,,,,,64,4,151008,2462,158,40,2,left,1,19,19,1,1,,,,,26,,,,,,,,,,,,,,,,,,,,,,,,,,,,,,,,,,,,,,,,,,
356.64494516700506,unswapping,,,,,,,,,,,,,,,,,,,,,,,,,,,,,,,,,,,,,,,,,,,,,,,64,4,151008,2462,158,40,2,right,0,20,20,0,1,,,,,26,,,,,,,,,,,,,,,,,,,,,,,,,,,,,,,,,,,,,,,,,,
356.93795770802535,unswapping,,,,,,,,,,,,,,,,,,,,,,,,,,,,,,,,,,,,,,,,,,,,,,,64,4,151008,2462,158,40,2,right,1,19,19,0,1,,,,,26,,,,,,,,,,,,,,,,,,,,,,,,,,,,,,,,,,,,,,,,,,
357.63928741699783,unswapping,,,,,,,,,,,,,,,,,,,,,,,,,,,,,,,,,,,,,,,,,,,,,,,64,4,151008,2462,158,40,3,both,0,20,20,0,0,,,,,26,,,,,,,,,,,,,,,,,,,,,,,,,,,,,,,,,,,,,,,,,,
358.17506287497235,unswapping,,,,,,,,,,,,,,,,,,,,,,,,,,,,,,,,,,,,,,,,,,,,,,,64,4,151008,2462,158,40,3,both,1,19,19,0,0,,,,,26,,,,,,,,,,,,,,,,,,,,,,,,,,,,,,,,,,,,,,,,,,
358.47681729198666,unswapping,,,,,,,,,,,,,,,,,,,,,,,,,,,,,,,,,,,,,,,,,,,,,,,64,4,151008,2462,158,40,3,left,0,20,20,0,0,,,,,26,,,,,,,,,,,,,,,,,,,,,,,,,,,,,,,,,,,,,,,,,,
358.74914166698,unswapping,,,,,,,,,,,,,,,,,,,,,,,,,,,,,,,,,,,,,,,,,,,,,,,64,4,151008,2462,158,40,3,left,1,19,19,0,0,,,,,26,,,,,,,,,,,,,,,,,,,,,,,,,,,,,,,,,,,,,,,,,,
359.08767895802157,unswapping,,,,,,,,,,,,,,,,,,,,,,,,,,,,,,,,,,,,,,,,,,,,,,,64,4,151008,2462,158,40,3,right,0,20,20,0,0,,,,,26,,,,,,,,,,,,,,,,,,,,,,,,,,,,,,,,,,,,,,,,,,
359.35597016697284,unswapping,,,,,,,,,,,,,,,,,,,,,,,,,,,,,,,,,,,,,,,,,,,,,,,64,4,151008,2462,158,40,3,right,1,19,19,0,0,,,,,26,,,,,,,,,,,,,,,,,,,,,,,,,,,,,,,,,,,,,,,,,,
360.6012547920109,unswap_cycle_summary,,,,,,,,,,,,404,377,781,,,,,,,,,,,,,,,,,,,512,0.0006,,,,,,,,,,,,,64,4,151008,2462,158,40,,,,,,,,,,,,,,,,,,,,18,13.206919541000389,781,808,27,0,False,,,,,,,,,,,,,,,,,,,,,,,,,,,,
360.9565457919962,rewiring,right,post_unswap,0.3015118750045076,40,False,False,,,,,,,,,,,,,,,,,,,,,,,,,,,,,,,,,,,,,,,,,,,,,,,,,,,,,,,,,,,,,,,,,,18,,,,,,,50,False,0,4,bond_profile,8,False,1,2141,"(352, 64, 13, 8, 22, 130, 40)",0.003513833915349096,0.2979696679394692,"[{'seed': 123, 'score': (416, 64, 15, 8, 23, 129, 40), 'num_layers': 40, 'total_swaps': 129, 'max_layer_swaps': 9, 'swap_only_layers': 23, 'work_layers': 17, 'unitary_layers': 17, 'first_work_layer': 2, 'leading_no_work_layers': 2, 'bond_profile_layers_scored': 8, 'bond_profile_total_cost': 416, 'bond_profile_max_cost': 64, 'bond_profile_gate_count': 15}, {'seed': 1132, 'score': (464, 64, 16, 8, 23, 130, 40), 'num_layers': 40, 'total_swaps': 130, 'max_layer_swaps': 9, 'swap_only_layers': 23, 'work_layers': 17, 'unitary_layers': 17, 'first_work_layer': 2, 'leading_no_work_layers': 2, 'bond_profile_layers_scored': 8, 'bond_profile_total_cost': 464, 'bond_profile_max_cost': 64, 'bond_profile_gate_count': 16}, {'seed': 2141, 'score': (352, 64, 13, 8, 22, 130, 40), 'num_layers': 40, 'total_swaps': 130, 'max_layer_swaps': 9, 'swap_only_layers': 22, 'work_layers': 18, 'unitary_layers': 18, 'first_work_layer': 2, 'leading_no_work_layers': 2, 'bond_profile_layers_scored': 8, 'bond_profile_total_cost': 352, 'bond_profile_max_cost': 64, 'bond_profile_gate_count': 13}, {'seed': 3150, 'score': (352, 64, 13, 8, 23, 130, 41), 'num_layers': 41, 'total_swaps': 130, 'max_layer_swaps': 9, 'swap_only_layers': 23, 'work_layers': 18, 'unitary_layers': 18, 'first_work_layer': 2, 'leading_no_work_layers': 2, 'bond_profile_layers_scored': 8, 'bond_profile_total_cost': 352, 'bond_profile_max_cost': 64, 'bond_profile_gate_count': 13}]",0.30150541599141434,0.30182183295255527,,,,,,,,,,,,,
361.00833845802117,cycle_progress,,,,,,,,,,,,404,377,781,,,,,,,,,,,,,,,,,,,512,0.0006,,151392,1,,,,,,,,,,64,4,151008,2462,158,40,,,,,,,,,,,,,,,,,,,,18,,781,808,27,0,False,,,,,,,,,,,,,,,0.30182183295255527,,,,,,,,,,,,,
361.2736378330155,absorbing,,,,,,,R,0,1,0,40,404,377,781,7,0,0,0.0,0.2052618750021793,0.2052618750021793,0.20879204099765047,,189216,,64,False,False,False,False,189216,64,False,512,0.0006,,151008,2,total_elems,,189216,1,1,,,,0.0,64,4,189216,2766,158,40,,,,,,,,,,,,,,,,,,,,,,,,,,,,,,,,,,,,,,,,,,,,,,,,,,,,,,
361.5633484169957,absorbing,,,,,,,R,0,2,0,40,404,377,781,9,0,0,0.0,0.22818233299767599,0.22818233299767599,0.228421208972577,,314272,,166,False,False,False,False,314272,166,False,512,0.0006,,151008,2,total_elems,,314272,1,1,,,,0.0,166,4,314272,3460,158,40,,,,,,,,,,,,,,,,,,,,,,,,,,,,,,,,,,,,,,,,,,,,,,,,,,,,,,
363.50155733298743,unswapping,,,,,,,,,,,,,,,,,,,,,,,,,,,,,,,,,,,,,,,,,,,,,,,157,4,296288,3344,158,40,0,both,0,20,20,3,3,,,,,0,,,,,,,,,,,,,,,,,,,,,,,,,,,,,,,,,,,,,,,,,,
364.868071749981,unswapping,,,,,,,,,,,,,,,,,,,,,,,,,,,,,,,,,,,,,,,,,,,,,,,64,4,234176,3028,158,40,0,both,1,19,19,4,7,,,,,0,,,,,,,,,,,,,,,,,,,,,,,,,,,,,,,,,,,,,,,,,,
365.3767922919942,unswapping,,,,,,,,,,,,,,,,,,,,,,,,,,,,,,,,,,,,,,,,,,,,,,,64,4,225484,2968,158,40,0,left,0,20,20,3,10,,,,,6,,,,,,,,,,,,,,,,,,,,,,,,,,,,,,,,,,,,,,,,,,
365.8861717079999,unswapping,,,,,,,,,,,,,,,,,,,,,,,,,,,,,,,,,,,,,,,,,,,,,,,64,4,213216,2898,158,40,0,left,1,19,19,3,13,,,,,12,,,,,,,,,,,,,,,,,,,,,,,,,,,,,,,,,,,,,,,,,,
366.45358700002544,unswapping,,,,,,,,,,,,,,,,,,,,,,,,,,,,,,,,,,,,,,,,,,,,,,,64,4,176736,2638,158,40,0,right,0,20,20,5,18,,,,,22,,,,,,,,,,,,,,,,,,,,,,,,,,,,,,,,,,,,,,,,,,
366.8437512500095,unswapping,,,,,,,,,,,,,,,,,,,,,,,,,,,,,,,,,,,,,,,,,,,,,,,64,4,159776,2532,158,40,0,right,1,19,19,3,21,,,,,28,,,,,,,,,,,,,,,,,,,,,,,,,,,,,,,,,,,,,,,,,,
367.5355283750105,unswapping,,,,,,,,,,,,,,,,,,,,,,,,,,,,,,,,,,,,,,,,,,,,,,,64,4,159776,2532,158,40,1,both,0,20,20,0,0,,,,,28,,,,,,,,,,,,,,,,,,,,,,,,,,,,,,,,,,,,,,,,,,
368.2588667080272,unswapping,,,,,,,,,,,,,,,,,,,,,,,,,,,,,,,,,,,,,,,,,,,,,,,64,4,159776,2532,158,40,1,both,1,19,19,0,0,,,,,28,,,,,,,,,,,,,,,,,,,,,,,,,,,,,,,,,,,,,,,,,,
368.58044991700444,unswapping,,,,,,,,,,,,,,,,,,,,,,,,,,,,,,,,,,,,,,,,,,,,,,,64,4,159776,2532,158,40,1,left,0,20,20,0,0,,,,,28,,,,,,,,,,,,,,,,,,,,,,,,,,,,,,,,,,,,,,,,,,
368.87368833302753,unswapping,,,,,,,,,,,,,,,,,,,,,,,,,,,,,,,,,,,,,,,,,,,,,,,64,4,159776,2532,158,40,1,left,1,19,19,0,0,,,,,28,,,,,,,,,,,,,,,,,,,,,,,,,,,,,,,,,,,,,,,,,,
369.27576724998653,unswapping,,,,,,,,,,,,,,,,,,,,,,,,,,,,,,,,,,,,,,,,,,,,,,,64,4,150624,2458,158,40,1,right,0,20,20,1,1,,,,,30,,,,,,,,,,,,,,,,,,,,,,,,,,,,,,,,,,,,,,,,,,
369.56134895799914,unswapping,,,,,,,,,,,,,,,,,,,,,,,,,,,,,,,,,,,,,,,,,,,,,,,64,4,150624,2458,158,40,1,right,1,19,19,0,1,,,,,30,,,,,,,,,,,,,,,,,,,,,,,,,,,,,,,,,,,,,,,,,,
370.3450163329835,unswapping,,,,,,,,,,,,,,,,,,,,,,,,,,,,,,,,,,,,,,,,,,,,,,,64,4,150624,2458,158,40,2,both,0,20,20,0,0,,,,,30,,,,,,,,,,,,,,,,,,,,,,,,,,,,,,,,,,,,,,,,,,
370.95813129201997,unswapping,,,,,,,,,,,,,,,,,,,,,,,,,,,,,,,,,,,,,,,,,,,,,,,64,4,150624,2458,158,40,2,both,1,19,19,0,0,,,,,30,,,,,,,,,,,,,,,,,,,,,,,,,,,,,,,,,,,,,,,,,,
371.33572862501023,unswapping,,,,,,,,,,,,,,,,,,,,,,,,,,,,,,,,,,,,,,,,,,,,,,,64,4,150624,2458,158,40,2,left,0,20,20,0,0,,,,,30,,,,,,,,,,,,,,,,,,,,,,,,,,,,,,,,,,,,,,,,,,
371.6914635000285,unswapping,,,,,,,,,,,,,,,,,,,,,,,,,,,,,,,,,,,,,,,,,,,,,,,64,4,150624,2458,158,40,2,left,1,19,19,0,0,,,,,30,,,,,,,,,,,,,,,,,,,,,,,,,,,,,,,,,,,,,,,,,,
372.01963049999904,unswapping,,,,,,,,,,,,,,,,,,,,,,,,,,,,,,,,,,,,,,,,,,,,,,,64,4,150624,2458,158,40,2,right,0,20,20,0,0,,,,,30,,,,,,,,,,,,,,,,,,,,,,,,,,,,,,,,,,,,,,,,,,
372.3128700000234,unswapping,,,,,,,,,,,,,,,,,,,,,,,,,,,,,,,,,,,,,,,,,,,,,,,64,4,150624,2458,158,40,2,right,1,19,19,0,0,,,,,30,,,,,,,,,,,,,,,,,,,,,,,,,,,,,,,,,,,,,,,,,,
373.290015082981,unswap_cycle_summary,,,,,,,,,,,,404,377,781,,,,,,,,,,,,,,,,,,,512,0.0006,,,,,,,,,,,,,64,4,150624,2458,158,40,,,,,,,,,,,,,,,,,,,,19,10.322217750013806,781,808,27,0,False,,,,,,,,,,,,,,,,,,,,,,,,,,,,
373.544030375022,rewiring,right,post_unswap,0.19498270901385695,40,False,False,,,,,,,,,,,,,,,,,,,,,,,,,,,,,,,,,,,,,,,,,,,,,,,,,,,,,,,,,,,,,,,,,,19,,,,,,,50,False,0,4,bond_profile,8,False,1,2141,"(352, 64, 13, 8, 22, 130, 40)",0.003730833006557077,0.1912212501047179,"[{'seed': 123, 'score': (416, 64, 15, 8, 23, 129, 40), 'num_layers': 40, 'total_swaps': 129, 'max_layer_swaps': 9, 'swap_only_layers': 23, 'work_layers': 17, 'unitary_layers': 17, 'first_work_layer': 2, 'leading_no_work_layers': 2, 'bond_profile_layers_scored': 8, 'bond_profile_total_cost': 416, 'bond_profile_max_cost': 64, 'bond_profile_gate_count': 15}, {'seed': 1132, 'score': (464, 64, 16, 8, 23, 130, 40), 'num_layers': 40, 'total_swaps': 130, 'max_layer_swaps': 9, 'swap_only_layers': 23, 'work_layers': 17, 'unitary_layers': 17, 'first_work_layer': 2, 'leading_no_work_layers': 2, 'bond_profile_layers_scored': 8, 'bond_profile_total_cost': 464, 'bond_profile_max_cost': 64, 'bond_profile_gate_count': 16}, {'seed': 2141, 'score': (352, 64, 13, 8, 22, 130, 40), 'num_layers': 40, 'total_swaps': 130, 'max_layer_swaps': 9, 'swap_only_layers': 22, 'work_layers': 18, 'unitary_layers': 18, 'first_work_layer': 2, 'leading_no_work_layers': 2, 'bond_profile_layers_scored': 8, 'bond_profile_total_cost': 352, 'bond_profile_max_cost': 64, 'bond_profile_gate_count': 13}, {'seed': 3150, 'score': (352, 64, 13, 8, 23, 130, 41), 'num_layers': 41, 'total_swaps': 130, 'max_layer_swaps': 9, 'swap_only_layers': 23, 'work_layers': 18, 'unitary_layers': 18, 'first_work_layer': 2, 'leading_no_work_layers': 2, 'bond_profile_layers_scored': 8, 'bond_profile_total_cost': 352, 'bond_profile_max_cost': 64, 'bond_profile_gate_count': 13}]",0.19497566600330174,0.19525116600561887,,,,,,,,,,,,,
373.6000098329969,cycle_progress,,,,,,,,,,,,404,377,781,,,,,,,,,,,,,,,,,,,512,0.0006,,151008,2,,,,,,,,,,64,4,150624,2458,158,40,,,,,,,,,,,,,,,,,,,,19,,781,808,27,0,False,,,,,,,,,,,,,,,0.19525116600561887,,,,,,,,,,,,,
373.8035924999858,absorbing,,,,,,,R,0,1,0,40,404,377,781,7,0,0,0.0,0.1406512079993263,0.1406512079993263,0.14341333298943937,,187744,,64,False,False,False,False,187744,64,False,512,0.0006,,150624,3,total_elems,,187744,1,1,,,,0.0,64,4,187744,2752,158,40,,,,,,,,,,,,,,,,,,,,,,,,,,,,,,,,,,,,,,,,,,,,,,,,,,,,,,
374.118954207981,absorbing,,,,,,,R,0,2,0,40,404,377,781,9,0,0,0.0,0.2577242919942364,0.2577242919942364,0.2579502090229653,,305376,,141,False,False,False,False,305376,141,False,512,0.0006,,150624,3,total_elems,,305376,1,1,,,,0.0,141,4,305376,3434,158,40,,,,,,,,,,,,,,,,,,,,,,,,,,,,,,,,,,,,,,,,,,,,,,,,,,,,,,
376.31468175002374,unswapping,,,,,,,,,,,,,,,,,,,,,,,,,,,,,,,,,,,,,,,,,,,,,,,134,4,283368,3282,158,40,0,both,0,20,20,3,3,,,,,0,,,,,,,,,,,,,,,,,,,,,,,,,,,,,,,,,,,,,,,,,,
377.7789720830042,unswapping,,,,,,,,,,,,,,,,,,,,,,,,,,,,,,,,,,,,,,,,,,,,,,,64,4,232232,3012,158,40,0,both,1,19,19,4,7,,,,,0,,,,,,,,,,,,,,,,,,,,,,,,,,,,,,,,,,,,,,,,,,
378.3965874169953,unswapping,,,,,,,,,,,,,,,,,,,,,,,,,,,,,,,,,,,,,,,,,,,,,,,64,4,224088,2956,158,40,0,left,0,20,20,2,9,,,,,4,,,,,,,,,,,,,,,,,,,,,,,,,,,,,,,,,,,,,,,,,,
378.9330477080075,unswapping,,,,,,,,,,,,,,,,,,,,,,,,,,,,,,,,,,,,,,,,,,,,,,,64,4,212312,2892,158,40,0,left,1,19,19,2,11,,,,,8,,,,,,,,,,,,,,,,,,,,,,,,,,,,,,,,,,,,,,,,,,
379.4468279170105,unswapping,,,,,,,,,,,,,,,,,,,,,,,,,,,,,,,,,,,,,,,,,,,,,,,64,4,176896,2636,158,40,0,right,0,20,20,5,16,,,,,18,,,,,,,,,,,,,,,,,,,,,,,,,,,,,,,,,,,,,,,,,,
379.8956115830224,unswapping,,,,,,,,,,,,,,,,,,,,,,,,,,,,,,,,,,,,,,,,,,,,,,,64,4,159200,2526,158,40,0,right,1,19,19,3,19,,,,,24,,,,,,,,,,,,,,,,,,,,,,,,,,,,,,,,,,,,,,,,,,
380.6620083330199,unswapping,,,,,,,,,,,,,,,,,,,,,,,,,,,,,,,,,,,,,,,,,,,,,,,64,4,159200,2526,158,40,1,both,0,20,20,0,0,,,,,24,,,,,,,,,,,,,,,,,,,,,,,,,,,,,,,,,,,,,,,,,,
381.3170722919749,unswapping,,,,,,,,,,,,,,,,,,,,,,,,,,,,,,,,,,,,,,,,,,,,,,,64,4,159200,2526,158,40,1,both,1,19,19,0,0,,,,,24,,,,,,,,,,,,,,,,,,,,,,,,,,,,,,,,,,,,,,,,,,
381.63345670799026,unswapping,,,,,,,,,,,,,,,,,,,,,,,,,,,,,,,,,,,,,,,,,,,,,,,64,4,159200,2526,158,40,1,left,0,20,20,0,0,,,,,24,,,,,,,,,,,,,,,,,,,,,,,,,,,,,,,,,,,,,,,,,,
382.0301273330115,unswapping,,,,,,,,,,,,,,,,,,,,,,,,,,,,,,,,,,,,,,,,,,,,,,,64,4,158528,2520,158,40,1,left,1,19,19,1,1,,,,,26,,,,,,,,,,,,,,,,,,,,,,,,,,,,,,,,,,,,,,,,,,
382.4433072080137,unswapping,,,,,,,,,,,,,,,,,,,,,,,,,,,,,,,,,,,,,,,,,,,,,,,64,4,150336,2456,158,40,1,right,0,20,20,1,2,,,,,28,,,,,,,,,,,,,,,,,,,,,,,,,,,,,,,,,,,,,,,,,,
382.7067355000181,unswapping,,,,,,,,,,,,,,,,,,,,,,,,,,,,,,,,,,,,,,,,,,,,,,,64,4,150336,2456,158,40,1,right,1,19,19,0,2,,,,,28,,,,,,,,,,,,,,,,,,,,,,,,,,,,,,,,,,,,,,,,,,
383.37011149997124,unswapping,,,,,,,,,,,,,,,,,,,,,,,,,,,,,,,,,,,,,,,,,,,,,,,64,4,150336,2456,158,40,2,both,0,20,20,0,0,,,,,28,,,,,,,,,,,,,,,,,,,,,,,,,,,,,,,,,,,,,,,,,,
383.9604054579977,unswapping,,,,,,,,,,,,,,,,,,,,,,,,,,,,,,,,,,,,,,,,,,,,,,,64,4,150336,2456,158,40,2,both,1,19,19,0,0,,,,,28,,,,,,,,,,,,,,,,,,,,,,,,,,,,,,,,,,,,,,,,,,
384.28356625000015,unswapping,,,,,,,,,,,,,,,,,,,,,,,,,,,,,,,,,,,,,,,,,,,,,,,64,4,150336,2456,158,40,2,left,0,20,20,0,0,,,,,28,,,,,,,,,,,,,,,,,,,,,,,,,,,,,,,,,,,,,,,,,,
384.5650977920159,unswapping,,,,,,,,,,,,,,,,,,,,,,,,,,,,,,,,,,,,,,,,,,,,,,,64,4,150336,2456,158,40,2,left,1,19,19,0,0,,,,,28,,,,,,,,,,,,,,,,,,,,,,,,,,,,,,,,,,,,,,,,,,
384.9058468749863,unswapping,,,,,,,,,,,,,,,,,,,,,,,,,,,,,,,,,,,,,,,,,,,,,,,64,4,150336,2456,158,40,2,right,0,20,20,0,0,,,,,28,,,,,,,,,,,,,,,,,,,,,,,,,,,,,,,,,,,,,,,,,,
385.2397893749876,unswapping,,,,,,,,,,,,,,,,,,,,,,,,,,,,,,,,,,,,,,,,,,,,,,,64,4,150336,2456,158,40,2,right,1,19,19,0,0,,,,,28,,,,,,,,,,,,,,,,,,,,,,,,,,,,,,,,,,,,,,,,,,
386.2086146249785,unswap_cycle_summary,,,,,,,,,,,,404,377,781,,,,,,,,,,,,,,,,,,,512,0.0006,,,,,,,,,,,,,64,4,150336,2456,158,40,,,,,,,,,,,,,,,,,,,,20,10.635736332973465,781,808,27,0,False,,,,,,,,,,,,,,,,,,,,,,,,,,,,
386.4654266249854,rewiring,right,post_unswap,0.20252187497681007,40,False,False,,,,,,,,,,,,,,,,,,,,,,,,,,,,,,,,,,,,,,,,,,,,,,,,,,,,,,,,,,,,,,,,,,20,,,,,,,50,False,0,4,bond_profile,8,False,1,2141,"(352, 64, 13, 8, 22, 130, 40)",0.003398000088054687,0.1990910000167787,"[{'seed': 123, 'score': (416, 64, 15, 8, 23, 129, 40), 'num_layers': 40, 'total_swaps': 129, 'max_layer_swaps': 9, 'swap_only_layers': 23, 'work_layers': 17, 'unitary_layers': 17, 'first_work_layer': 2, 'leading_no_work_layers': 2, 'bond_profile_layers_scored': 8, 'bond_profile_total_cost': 416, 'bond_profile_max_cost': 64, 'bond_profile_gate_count': 15}, {'seed': 1132, 'score': (464, 64, 16, 8, 23, 130, 40), 'num_layers': 40, 'total_swaps': 130, 'max_layer_swaps': 9, 'swap_only_layers': 23, 'work_layers': 17, 'unitary_layers': 17, 'first_work_layer': 2, 'leading_no_work_layers': 2, 'bond_profile_layers_scored': 8, 'bond_profile_total_cost': 464, 'bond_profile_max_cost': 64, 'bond_profile_gate_count': 16}, {'seed': 2141, 'score': (352, 64, 13, 8, 22, 130, 40), 'num_layers': 40, 'total_swaps': 130, 'max_layer_swaps': 9, 'swap_only_layers': 22, 'work_layers': 18, 'unitary_layers': 18, 'first_work_layer': 2, 'leading_no_work_layers': 2, 'bond_profile_layers_scored': 8, 'bond_profile_total_cost': 352, 'bond_profile_max_cost': 64, 'bond_profile_gate_count': 13}, {'seed': 3150, 'score': (352, 64, 13, 8, 23, 130, 41), 'num_layers': 41, 'total_swaps': 130, 'max_layer_swaps': 9, 'swap_only_layers': 23, 'work_layers': 18, 'unitary_layers': 18, 'first_work_layer': 2, 'leading_no_work_layers': 2, 'bond_profile_layers_scored': 8, 'bond_profile_total_cost': 352, 'bond_profile_max_cost': 64, 'bond_profile_gate_count': 13}]",0.20251400000415742,0.20283399999607354,,,,,,,,,,,,,
386.5225519579835,cycle_progress,,,,,,,,,,,,404,377,781,,,,,,,,,,,,,,,,,,,512,0.0006,,150624,3,,,,,,,,,,64,4,150336,2456,158,40,,,,,,,,,,,,,,,,,,,,20,,781,808,27,0,False,,,,,,,,,,,,,,,0.20283399999607354,,,,,,,,,,,,,
386.7180089579779,absorbing,,,,,,,R,0,1,0,40,404,377,781,7,0,0,0.0,0.13240241596940905,0.13240241596940905,0.13351700000930578,,186560,,64,False,False,False,False,186560,64,False,512,0.0006,,150336,4,total_elems,,186560,1,1,,,,0.0,64,4,186560,2742,158,40,,,,,,,,,,,,,,,,,,,,,,,,,,,,,,,,,,,,,,,,,,,,,,,,,,,,,,
387.0188219170086,absorbing,,,,,,,R,0,2,0,40,404,377,781,9,0,0,0.0,0.24364454101305455,0.24364454101305455,0.24390295799821615,,296080,,134,False,False,False,False,296080,134,False,512,0.0006,,150336,4,total_elems,,296080,1,1,,,,0.0,134,4,296080,3380,158,40,,,,,,,,,,,,,,,,,,,,,,,,,,,,,,,,,,,,,,,,,,,,,,,,,,,,,,
389.1061949169962,unswapping,,,,,,,,,,,,,,,,,,,,,,,,,,,,,,,,,,,,,,,,,,,,,,,129,4,280260,3270,158,40,0,both,0,20,20,3,3,,,,,0,,,,,,,,,,,,,,,,,,,,,,,,,,,,,,,,,,,,,,,,,,
390.80965850001667,unswapping,,,,,,,,,,,,,,,,,,,,,,,,,,,,,,,,,,,,,,,,,,,,,,,64,4,230568,3002,158,40,0,both,1,19,19,4,7,,,,,0,,,,,,,,,,,,,,,,,,,,,,,,,,,,,,,,,,,,,,,,,,
391.49374287499813,unswapping,,,,,,,,,,,,,,,,,,,,,,,,,,,,,,,,,,,,,,,,,,,,,,,64,4,222600,2946,158,40,0,left,0,20,20,2,9,,,,,4,,,,,,,,,,,,,,,,,,,,,,,,,,,,,,,,,,,,,,,,,,
392.1829712080071,unswapping,,,,,,,,,,,,,,,,,,,,,,,,,,,,,,,,,,,,,,,,,,,,,,,64,4,210380,2880,158,40,0,left,1,19,19,3,12,,,,,10,,,,,,,,,,,,,,,,,,,,,,,,,,,,,,,,,,,,,,,,,,
392.7936316250125,unswapping,,,,,,,,,,,,,,,,,,,,,,,,,,,,,,,,,,,,,,,,,,,,,,,64,4,175428,2624,158,40,0,right,0,20,20,5,17,,,,,20,,,,,,,,,,,,,,,,,,,,,,,,,,,,,,,,,,,,,,,,,,
393.24294362502405,unswapping,,,,,,,,,,,,,,,,,,,,,,,,,,,,,,,,,,,,,,,,,,,,,,,64,4,157464,2514,158,40,0,right,1,19,19,3,20,,,,,26,,,,,,,,,,,,,,,,,,,,,,,,,,,,,,,,,,,,,,,,,,
394.0468403749983,unswapping,,,,,,,,,,,,,,,,,,,,,,,,,,,,,,,,,,,,,,,,,,,,,,,64,4,157464,2514,158,40,1,both,0,20,20,0,0,,,,,26,,,,,,,,,,,,,,,,,,,,,,,,,,,,,,,,,,,,,,,,,,
394.79020504199434,unswapping,,,,,,,,,,,,,,,,,,,,,,,,,,,,,,,,,,,,,,,,,,,,,,,64,4,157464,2514,158,40,1,both,1,19,19,0,0,,,,,26,,,,,,,,,,,,,,,,,,,,,,,,,,,,,,,,,,,,,,,,,,
395.1548015419976,unswapping,,,,,,,,,,,,,,,,,,,,,,,,,,,,,,,,,,,,,,,,,,,,,,,64,4,157464,2514,158,40,1,left,0,20,20,0,0,,,,,26,,,,,,,,,,,,,,,,,,,,,,,,,,,,,,,,,,,,,,,,,,
395.50234670797363,unswapping,,,,,,,,,,,,,,,,,,,,,,,,,,,,,,,,,,,,,,,,,,,,,,,64,4,157464,2514,158,40,1,left,1,19,19,0,0,,,,,26,,,,,,,,,,,,,,,,,,,,,,,,,,,,,,,,,,,,,,,,,,
395.9495759169804,unswapping,,,,,,,,,,,,,,,,,,,,,,,,,,,,,,,,,,,,,,,,,,,,,,,64,4,148696,2444,158,40,1,right,0,20,20,1,1,,,,,28,,,,,,,,,,,,,,,,,,,,,,,,,,,,,,,,,,,,,,,,,,
396.23407670797314,unswapping,,,,,,,,,,,,,,,,,,,,,,,,,,,,,,,,,,,,,,,,,,,,,,,64,4,148696,2444,158,40,1,right,1,19,19,0,1,,,,,28,,,,,,,,,,,,,,,,,,,,,,,,,,,,,,,,,,,,,,,,,,
397.49648516700836,unswapping,,,,,,,,,,,,,,,,,,,,,,,,,,,,,,,,,,,,,,,,,,,,,,,64,4,148696,2444,158,40,2,both,0,20,20,0,0,,,,,28,,,,,,,,,,,,,,,,,,,,,,,,,,,,,,,,,,,,,,,,,,
398.33253029198386,unswapping,,,,,,,,,,,,,,,,,,,,,,,,,,,,,,,,,,,,,,,,,,,,,,,64,4,148696,2444,158,40,2,both,1,19,19,0,0,,,,,28,,,,,,,,,,,,,,,,,,,,,,,,,,,,,,,,,,,,,,,,,,
398.82734516699566,unswapping,,,,,,,,,,,,,,,,,,,,,,,,,,,,,,,,,,,,,,,,,,,,,,,64,4,148696,2444,158,40,2,left,0,20,20,0,0,,,,,28,,,,,,,,,,,,,,,,,,,,,,,,,,,,,,,,,,,,,,,,,,
399.20856808300596,unswapping,,,,,,,,,,,,,,,,,,,,,,,,,,,,,,,,,,,,,,,,,,,,,,,64,4,148696,2444,158,40,2,left,1,19,19,0,0,,,,,28,,,,,,,,,,,,,,,,,,,,,,,,,,,,,,,,,,,,,,,,,,
399.6484839170007,unswapping,,,,,,,,,,,,,,,,,,,,,,,,,,,,,,,,,,,,,,,,,,,,,,,64,4,148696,2444,158,40,2,right,0,20,20,0,0,,,,,28,,,,,,,,,,,,,,,,,,,,,,,,,,,,,,,,,,,,,,,,,,
399.99288949999027,unswapping,,,,,,,,,,,,,,,,,,,,,,,,,,,,,,,,,,,,,,,,,,,,,,,64,4,148696,2444,158,40,2,right,1,19,19,0,0,,,,,28,,,,,,,,,,,,,,,,,,,,,,,,,,,,,,,,,,,,,,,,,,
401.0599278329755,unswap_cycle_summary,,,,,,,,,,,,404,377,781,,,,,,,,,,,,,,,,,,,512,0.0006,,,,,,,,,,,,,64,4,148696,2444,158,40,,,,,,,,,,,,,,,,,,,,21,12.58981183404103,781,808,27,0,False,,,,,,,,,,,,,,,,,,,,,,,,,,,,
401.27011491701705,rewiring,right,post_unswap,0.15236275002826005,40,False,False,,,,,,,,,,,,,,,,,,,,,,,,,,,,,,,,,,,,,,,,,,,,,,,,,,,,,,,,,,,,,,,,,,21,,,,,,,50,False,0,4,bond_profile,8,False,1,2141,"(351, 64, 13, 8, 22, 130, 40)",0.003307208069600165,0.1490254999953322,"[{'seed': 123, 'score': (415, 64, 15, 8, 23, 129, 40), 'num_layers': 40, 'total_swaps': 129, 'max_layer_swaps': 9, 'swap_only_layers': 23, 'work_layers': 17, 'unitary_layers': 17, 'first_work_layer': 2, 'leading_no_work_layers': 2, 'bond_profile_layers_scored': 8, 'bond_profile_total_cost': 415, 'bond_profile_max_cost': 64, 'bond_profile_gate_count': 15}, {'seed': 1132, 'score': (463, 64, 16, 8, 23, 130, 40), 'num_layers': 40, 'total_swaps': 130, 'max_layer_swaps': 9, 'swap_only_layers': 23, 'work_layers': 17, 'unitary_layers': 17, 'first_work_layer': 2, 'leading_no_work_layers': 2, 'bond_profile_layers_scored': 8, 'bond_profile_total_cost': 463, 'bond_profile_max_cost': 64, 'bond_profile_gate_count': 16}, {'seed': 2141, 'score': (351, 64, 13, 8, 22, 130, 40), 'num_layers': 40, 'total_swaps': 130, 'max_layer_swaps': 9, 'swap_only_layers': 22, 'work_layers': 18, 'unitary_layers': 18, 'first_work_layer': 2, 'leading_no_work_layers': 2, 'bond_profile_layers_scored': 8, 'bond_profile_total_cost': 351, 'bond_profile_max_cost': 64, 'bond_profile_gate_count': 13}, {'seed': 3150, 'score': (351, 64, 13, 8, 23, 130, 41), 'num_layers': 41, 'total_swaps': 130, 'max_layer_swaps': 9, 'swap_only_layers': 23, 'work_layers': 18, 'unitary_layers': 18, 'first_work_layer': 2, 'leading_no_work_layers': 2, 'bond_profile_layers_scored': 8, 'bond_profile_total_cost': 351, 'bond_profile_max_cost': 64, 'bond_profile_gate_count': 13}]",0.15235599997686222,0.15259633300593123,,,,,,,,,,,,,
401.3303186669946,cycle_progress,,,,,,,,,,,,404,377,781,,,,,,,,,,,,,,,,,,,512,0.0006,,150336,4,,,,,,,,,,64,4,148696,2444,158,40,,,,,,,,,,,,,,,,,,,,21,,781,808,27,0,False,,,,,,,,,,,,,,,0.15259633300593123,,,,,,,,,,,,,
401.5613695830107,absorbing,,,,,,,R,0,1,0,40,404,377,781,7,0,0,0.0,0.14193041698308662,0.14193041698308662,0.14357299997936934,,181564,,64,False,False,False,False,181564,64,False,512,0.0006,,148696,5,total_elems,,181564,1,1,,,,0.0,64,4,181564,2692,158,40,,,,,,,,,,,,,,,,,,,,,,,,,,,,,,,,,,,,,,,,,,,,,,,,,,,,,,
401.9534925419721,absorbing,,,,,,,R,0,2,0,40,404,377,781,9,0,0,0.0,0.32750491704791784,0.32750491704791784,0.32788970798719674,,289700,,130,False,False,False,False,289700,130,False,512,0.0006,,148696,5,total_elems,,289700,1,1,,,,0.0,130,4,289700,3352,158,40,,,,,,,,,,,,,,,,,,,,,,,,,,,,,,,,,,,,,,,,,,,,,,,,,,,,,,
404.4104454580229,unswapping,,,,,,,,,,,,,,,,,,,,,,,,,,,,,,,,,,,,,,,,,,,,,,,125,4,270676,3200,158,40,0,both,0,20,20,3,3,,,,,0,,,,,,,,,,,,,,,,,,,,,,,,,,,,,,,,,,,,,,,,,,
406.24993487499887,unswapping,,,,,,,,,,,,,,,,,,,,,,,,,,,,,,,,,,,,,,,,,,,,,,,64,4,227540,2984,158,40,0,both,1,19,19,3,6,,,,,0,,,,,,,,,,,,,,,,,,,,,,,,,,,,,,,,,,,,,,,,,,
406.8731690829736,unswapping,,,,,,,,,,,,,,,,,,,,,,,,,,,,,,,,,,,,,,,,,,,,,,,64,4,219208,2924,158,40,0,left,0,20,20,2,8,,,,,4,,,,,,,,,,,,,,,,,,,,,,,,,,,,,,,,,,,,,,,,,,
407.51432524999836,unswapping,,,,,,,,,,,,,,,,,,,,,,,,,,,,,,,,,,,,,,,,,,,,,,,64,4,207120,2858,158,40,0,left,1,19,19,3,11,,,,,10,,,,,,,,,,,,,,,,,,,,,,,,,,,,,,,,,,,,,,,,,,
408.04584195802454,unswapping,,,,,,,,,,,,,,,,,,,,,,,,,,,,,,,,,,,,,,,,,,,,,,,64,4,173760,2610,158,40,0,right,0,20,20,5,16,,,,,20,,,,,,,,,,,,,,,,,,,,,,,,,,,,,,,,,,,,,,,,,,
408.52283837500727,unswapping,,,,,,,,,,,,,,,,,,,,,,,,,,,,,,,,,,,,,,,,,,,,,,,64,4,155856,2502,158,40,0,right,1,19,19,3,19,,,,,26,,,,,,,,,,,,,,,,,,,,,,,,,,,,,,,,,,,,,,,,,,
409.4101243329933,unswapping,,,,,,,,,,,,,,,,,,,,,,,,,,,,,,,,,,,,,,,,,,,,,,,64,4,155856,2502,158,40,1,both,0,20,20,0,0,,,,,26,,,,,,,,,,,,,,,,,,,,,,,,,,,,,,,,,,,,,,,,,,
410.13273333298275,unswapping,,,,,,,,,,,,,,,,,,,,,,,,,,,,,,,,,,,,,,,,,,,,,,,64,4,155856,2502,158,40,1,both,1,19,19,0,0,,,,,26,,,,,,,,,,,,,,,,,,,,,,,,,,,,,,,,,,,,,,,,,,
410.5185636670212,unswapping,,,,,,,,,,,,,,,,,,,,,,,,,,,,,,,,,,,,,,,,,,,,,,,64,4,155856,2502,158,40,1,left,0,20,20,0,0,,,,,26,,,,,,,,,,,,,,,,,,,,,,,,,,,,,,,,,,,,,,,,,,
410.8491067920113,unswapping,,,,,,,,,,,,,,,,,,,,,,,,,,,,,,,,,,,,,,,,,,,,,,,64,4,155856,2502,158,40,1,left,1,19,19,0,0,,,,,26,,,,,,,,,,,,,,,,,,,,,,,,,,,,,,,,,,,,,,,,,,
411.2833180419984,unswapping,,,,,,,,,,,,,,,,,,,,,,,,,,,,,,,,,,,,,,,,,,,,,,,64,4,147280,2434,158,40,1,right,0,20,20,1,1,,,,,28,,,,,,,,,,,,,,,,,,,,,,,,,,,,,,,,,,,,,,,,,,
411.54962783301016,unswapping,,,,,,,,,,,,,,,,,,,,,,,,,,,,,,,,,,,,,,,,,,,,,,,64,4,147280,2434,158,40,1,right,1,19,19,0,1,,,,,28,,,,,,,,,,,,,,,,,,,,,,,,,,,,,,,,,,,,,,,,,,
412.3695521670161,unswapping,,,,,,,,,,,,,,,,,,,,,,,,,,,,,,,,,,,,,,,,,,,,,,,64,4,147280,2434,158,40,2,both,0,20,20,0,0,,,,,28,,,,,,,,,,,,,,,,,,,,,,,,,,,,,,,,,,,,,,,,,,
413.07429525000043,unswapping,,,,,,,,,,,,,,,,,,,,,,,,,,,,,,,,,,,,,,,,,,,,,,,64,4,147280,2434,158,40,2,both,1,19,19,0,0,,,,,28,,,,,,,,,,,,,,,,,,,,,,,,,,,,,,,,,,,,,,,,,,
413.46314854198135,unswapping,,,,,,,,,,,,,,,,,,,,,,,,,,,,,,,,,,,,,,,,,,,,,,,64,4,147280,2434,158,40,2,left,0,20,20,0,0,,,,,28,,,,,,,,,,,,,,,,,,,,,,,,,,,,,,,,,,,,,,,,,,
413.73680587502895,unswapping,,,,,,,,,,,,,,,,,,,,,,,,,,,,,,,,,,,,,,,,,,,,,,,64,4,147280,2434,158,40,2,left,1,19,19,0,0,,,,,28,,,,,,,,,,,,,,,,,,,,,,,,,,,,,,,,,,,,,,,,,,
414.07173004199285,unswapping,,,,,,,,,,,,,,,,,,,,,,,,,,,,,,,,,,,,,,,,,,,,,,,64,4,147280,2434,158,40,2,right,0,20,20,0,0,,,,,28,,,,,,,,,,,,,,,,,,,,,,,,,,,,,,,,,,,,,,,,,,
414.34212425001897,unswapping,,,,,,,,,,,,,,,,,,,,,,,,,,,,,,,,,,,,,,,,,,,,,,,64,4,147280,2434,158,40,2,right,1,19,19,0,0,,,,,28,,,,,,,,,,,,,,,,,,,,,,,,,,,,,,,,,,,,,,,,,,
415.54635416698875,unswap_cycle_summary,,,,,,,,,,,,404,377,781,,,,,,,,,,,,,,,,,,,512,0.0006,,,,,,,,,,,,,64,4,147280,2434,158,40,,,,,,,,,,,,,,,,,,,,22,11.790506374964025,781,808,27,0,False,,,,,,,,,,,,,,,,,,,,,,,,,,,,
415.7867997499998,rewiring,right,post_unswap,0.1805624589906074,40,False,False,,,,,,,,,,,,,,,,,,,,,,,,,,,,,,,,,,,,,,,,,,,,,,,,,,,,,,,,,,,,,,,,,,22,,,,,,,50,False,0,4,bond_profile,8,False,1,2141,"(334, 64, 12, 8, 22, 128, 41)",0.0031879579764790833,0.17734266503248364,"[{'seed': 123, 'score': (358, 64, 13, 8, 20, 129, 39), 'num_layers': 39, 'total_swaps': 129, 'max_layer_swaps': 10, 'swap_only_layers': 20, 'work_layers': 19, 'unitary_layers': 19, 'first_work_layer': 2, 'leading_no_work_layers': 2, 'bond_profile_layers_scored': 8, 'bond_profile_total_cost': 358, 'bond_profile_max_cost': 64, 'bond_profile_gate_count': 13}, {'seed': 1132, 'score': (358, 64, 13, 8, 21, 129, 40), 'num_layers': 40, 'total_swaps': 129, 'max_layer_swaps': 10, 'swap_only_layers': 21, 'work_layers': 19, 'unitary_layers': 19, 'first_work_layer': 2, 'leading_no_work_layers': 2, 'bond_profile_layers_scored': 8, 'bond_profile_total_cost': 358, 'bond_profile_max_cost': 64, 'bond_profile_gate_count': 13}, {'seed': 2141, 'score': (334, 64, 12, 8, 22, 128, 41), 'num_layers': 41, 'total_swaps': 128, 'max_layer_swaps': 10, 'swap_only_layers': 22, 'work_layers': 19, 'unitary_layers': 19, 'first_work_layer': 2, 'leading_no_work_layers': 2, 'bond_profile_layers_scored': 8, 'bond_profile_total_cost': 334, 'bond_profile_max_cost': 64, 'bond_profile_gate_count': 12}, {'seed': 3150, 'score': (342, 64, 12, 8, 21, 128, 39), 'num_layers': 39, 'total_swaps': 128, 'max_layer_swaps': 10, 'swap_only_layers': 21, 'work_layers': 18, 'unitary_layers': 18, 'first_work_layer': 2, 'leading_no_work_layers': 2, 'bond_profile_layers_scored': 8, 'bond_profile_total_cost': 342, 'bond_profile_max_cost': 64, 'bond_profile_gate_count': 12}]",0.18055508297402412,0.18083450000267476,,,,,,,,,,,,,
415.84892966697225,cycle_progress,,,,,,,,,,,,404,377,781,,,,,,,,,,,,,,,,,,,512,0.0006,,148696,5,,,,,,,,,,64,4,147280,2434,158,40,,,,,,,,,,,,,,,,,,,,22,,781,808,27,0,False,,,,,,,,,,,,,,,0.18083450000267476,,,,,,,,,,,,,
416.0789922919939,absorbing,,,,,,,R,0,1,0,41,404,377,781,7,0,0,0.0,0.16468287503812462,0.16468287503812462,0.16859729203861207,,186072,,64,False,False,False,False,186072,64,False,512,0.0006,,147280,6,total_elems,,186072,1,1,,,,0.0,64,4,186072,2750,158,40,,,,,,,,,,,,,,,,,,,,,,,,,,,,,,,,,,,,,,,,,,,,,,,,,,,,,,
416.4752381669823,absorbing,,,,,,,R,0,2,0,41,404,377,781,10,0,0,0.0,0.32955466699786484,0.32955466699786484,0.3297717919922434,,311748,,126,False,False,False,False,311748,126,False,512,0.0006,,147280,6,total_elems,,311748,1,1,,,,0.0,126,4,311748,3486,158,40,,,,,,,,,,,,,,,,,,,,,,,,,,,,,,,,,,,,,,,,,,,,,,,,,,,,,,
419.61546079197433,unswapping,,,,,,,,,,,,,,,,,,,,,,,,,,,,,,,,,,,,,,,,,,,,,,,121,4,295880,3390,158,40,0,both,0,20,20,2,2,,,,,0,,,,,,,,,,,,,,,,,,,,,,,,,,,,,,,,,,,,,,,,,,
421.5644042500062,unswapping,,,,,,,,,,,,,,,,,,,,,,,,,,,,,,,,,,,,,,,,,,,,,,,64,4,248624,3136,158,40,0,both,1,19,19,4,6,,,,,0,,,,,,,,,,,,,,,,,,,,,,,,,,,,,,,,,,,,,,,,,,
422.4581687080208,unswapping,,,,,,,,,,,,,,,,,,,,,,,,,,,,,,,,,,,,,,,,,,,,,,,64,4,236276,3058,158,40,0,left,0,20,20,3,9,,,,,6,,,,,,,,,,,,,,,,,,,,,,,,,,,,,,,,,,,,,,,,,,
423.4491462080041,unswapping,,,,,,,,,,,,,,,,,,,,,,,,,,,,,,,,,,,,,,,,,,,,,,,64,4,223696,2988,158,40,0,left,1,19,19,3,12,,,,,12,,,,,,,,,,,,,,,,,,,,,,,,,,,,,,,,,,,,,,,,,,
424.3672358330223,unswapping,,,,,,,,,,,,,,,,,,,,,,,,,,,,,,,,,,,,,,,,,,,,,,,64,4,190232,2738,158,40,0,right,0,20,20,5,17,,,,,22,,,,,,,,,,,,,,,,,,,,,,,,,,,,,,,,,,,,,,,,,,
425.06228808301967,unswapping,,,,,,,,,,,,,,,,,,,,,,,,,,,,,,,,,,,,,,,,,,,,,,,64,4,157800,2534,158,40,0,right,1,19,19,5,22,,,,,32,,,,,,,,,,,,,,,,,,,,,,,,,,,,,,,,,,,,,,,,,,
426.0589228749741,unswapping,,,,,,,,,,,,,,,,,,,,,,,,,,,,,,,,,,,,,,,,,,,,,,,64,4,157800,2534,158,40,1,both,0,20,20,0,0,,,,,32,,,,,,,,,,,,,,,,,,,,,,,,,,,,,,,,,,,,,,,,,,
426.8160809170222,unswapping,,,,,,,,,,,,,,,,,,,,,,,,,,,,,,,,,,,,,,,,,,,,,,,64,4,157800,2534,158,40,1,both,1,19,19,0,0,,,,,32,,,,,,,,,,,,,,,,,,,,,,,,,,,,,,,,,,,,,,,,,,
427.15148429200053,unswapping,,,,,,,,,,,,,,,,,,,,,,,,,,,,,,,,,,,,,,,,,,,,,,,64,4,157800,2534,158,40,1,left,0,20,20,0,0,,,,,32,,,,,,,,,,,,,,,,,,,,,,,,,,,,,,,,,,,,,,,,,,
427.48632270802045,unswapping,,,,,,,,,,,,,,,,,,,,,,,,,,,,,,,,,,,,,,,,,,,,,,,64,4,157800,2534,158,40,1,left,1,19,19,0,0,,,,,32,,,,,,,,,,,,,,,,,,,,,,,,,,,,,,,,,,,,,,,,,,
427.9249621250201,unswapping,,,,,,,,,,,,,,,,,,,,,,,,,,,,,,,,,,,,,,,,,,,,,,,64,4,147008,2444,158,40,1,right,0,20,20,2,2,,,,,36,,,,,,,,,,,,,,,,,,,,,,,,,,,,,,,,,,,,,,,,,,
428.26769379200414,unswapping,,,,,,,,,,,,,,,,,,,,,,,,,,,,,,,,,,,,,,,,,,,,,,,64,4,146028,2434,158,40,1,right,1,19,19,1,3,,,,,36,,,,,,,,,,,,,,,,,,,,,,,,,,,,,,,,,,,,,,,,,,
429.0481918330188,unswapping,,,,,,,,,,,,,,,,,,,,,,,,,,,,,,,,,,,,,,,,,,,,,,,64,4,143712,2410,158,40,2,both,0,20,20,1,1,,,,,34,,,,,,,,,,,,,,,,,,,,,,,,,,,,,,,,,,,,,,,,,,
429.51652791700326,unswapping,,,,,,,,,,,,,,,,,,,,,,,,,,,,,,,,,,,,,,,,,,,,,,,64,4,143712,2410,158,40,2,both,1,19,19,0,1,,,,,34,,,,,,,,,,,,,,,,,,,,,,,,,,,,,,,,,,,,,,,,,,
429.82391537498916,unswapping,,,,,,,,,,,,,,,,,,,,,,,,,,,,,,,,,,,,,,,,,,,,,,,64,4,143712,2410,158,40,2,left,0,20,20,0,1,,,,,34,,,,,,,,,,,,,,,,,,,,,,,,,,,,,,,,,,,,,,,,,,
430.1323481249856,unswapping,,,,,,,,,,,,,,,,,,,,,,,,,,,,,,,,,,,,,,,,,,,,,,,64,4,143712,2410,158,40,2,left,1,19,19,0,1,,,,,34,,,,,,,,,,,,,,,,,,,,,,,,,,,,,,,,,,,,,,,,,,
430.47403245797614,unswapping,,,,,,,,,,,,,,,,,,,,,,,,,,,,,,,,,,,,,,,,,,,,,,,64,4,143712,2410,158,40,2,right,0,20,20,0,1,,,,,34,,,,,,,,,,,,,,,,,,,,,,,,,,,,,,,,,,,,,,,,,,
430.7649403330288,unswapping,,,,,,,,,,,,,,,,,,,,,,,,,,,,,,,,,,,,,,,,,,,,,,,64,4,143712,2410,158,40,2,right,1,19,19,0,1,,,,,34,,,,,,,,,,,,,,,,,,,,,,,,,,,,,,,,,,,,,,,,,,
431.5596390829887,unswapping,,,,,,,,,,,,,,,,,,,,,,,,,,,,,,,,,,,,,,,,,,,,,,,64,4,143712,2410,158,40,3,both,0,20,20,0,0,,,,,34,,,,,,,,,,,,,,,,,,,,,,,,,,,,,,,,,,,,,,,,,,
432.1929509579786,unswapping,,,,,,,,,,,,,,,,,,,,,,,,,,,,,,,,,,,,,,,,,,,,,,,64,4,143712,2410,158,40,3,both,1,19,19,0,0,,,,,34,,,,,,,,,,,,,,,,,,,,,,,,,,,,,,,,,,,,,,,,,,
432.57047316699754,unswapping,,,,,,,,,,,,,,,,,,,,,,,,,,,,,,,,,,,,,,,,,,,,,,,64,4,143712,2410,158,40,3,left,0,20,20,0,0,,,,,34,,,,,,,,,,,,,,,,,,,,,,,,,,,,,,,,,,,,,,,,,,
432.87425429199357,unswapping,,,,,,,,,,,,,,,,,,,,,,,,,,,,,,,,,,,,,,,,,,,,,,,64,4,143712,2410,158,40,3,left,1,19,19,0,0,,,,,34,,,,,,,,,,,,,,,,,,,,,,,,,,,,,,,,,,,,,,,,,,
433.2380299579818,unswapping,,,,,,,,,,,,,,,,,,,,,,,,,,,,,,,,,,,,,,,,,,,,,,,64,4,143712,2410,158,40,3,right,0,20,20,0,0,,,,,34,,,,,,,,,,,,,,,,,,,,,,,,,,,,,,,,,,,,,,,,,,
433.52765579201514,unswapping,,,,,,,,,,,,,,,,,,,,,,,,,,,,,,,,,,,,,,,,,,,,,,,64,4,143712,2410,158,40,3,right,1,19,19,0,0,,,,,34,,,,,,,,,,,,,,,,,,,,,,,,,,,,,,,,,,,,,,,,,,
434.93157108302694,unswap_cycle_summary,,,,,,,,,,,,404,377,781,,,,,,,,,,,,,,,,,,,512,0.0006,,,,,,,,,,,,,64,4,143712,2410,158,40,,,,,,,,,,,,,,,,,,,,23,16.230828290979844,781,808,27,0,False,,,,,,,,,,,,,,,,,,,,,,,,,,,,
435.1738012499991,rewiring,right,post_unswap,0.18023845797870308,41,False,False,,,,,,,,,,,,,,,,,,,,,,,,,,,,,,,,,,,,,,,,,,,,,,,,,,,,,,,,,,,,,,,,,,23,,,,,,,50,False,0,4,bond_profile,8,False,1,2141,"(346, 64, 13, 8, 22, 130, 40)",0.003284457023255527,0.17692579090362415,"[{'seed': 123, 'score': (410, 64, 15, 8, 23, 129, 40), 'num_layers': 40, 'total_swaps': 129, 'max_layer_swaps': 9, 'swap_only_layers': 23, 'work_layers': 17, 'unitary_layers': 17, 'first_work_layer': 2, 'leading_no_work_layers': 2, 'bond_profile_layers_scored': 8, 'bond_profile_total_cost': 410, 'bond_profile_max_cost': 64, 'bond_profile_gate_count': 15}, {'seed': 1132, 'score': (458, 64, 16, 8, 23, 130, 40), 'num_layers': 40, 'total_swaps': 130, 'max_layer_swaps': 9, 'swap_only_layers': 23, 'work_layers': 17, 'unitary_layers': 17, 'first_work_layer': 2, 'leading_no_work_layers': 2, 'bond_profile_layers_scored': 8, 'bond_profile_total_cost': 458, 'bond_profile_max_cost': 64, 'bond_profile_gate_count': 16}, {'seed': 2141, 'score': (346, 64, 13, 8, 22, 130, 40), 'num_layers': 40, 'total_swaps': 130, 'max_layer_swaps': 9, 'swap_only_layers': 22, 'work_layers': 18, 'unitary_layers': 18, 'first_work_layer': 2, 'leading_no_work_layers': 2, 'bond_profile_layers_scored': 8, 'bond_profile_total_cost': 346, 'bond_profile_max_cost': 64, 'bond_profile_gate_count': 13}, {'seed': 3150, 'score': (346, 64, 13, 8, 23, 130, 41), 'num_layers': 41, 'total_swaps': 130, 'max_layer_swaps': 9, 'swap_only_layers': 23, 'work_layers': 18, 'unitary_layers': 18, 'first_work_layer': 2, 'leading_no_work_layers': 2, 'bond_profile_layers_scored': 8, 'bond_profile_total_cost': 346, 'bond_profile_max_cost': 64, 'bond_profile_gate_count': 13}]",0.18023133400129154,0.18050229095388204,,,,,,,,,,,,,
435.23515995801426,cycle_progress,,,,,,,,,,,,404,377,781,,,,,,,,,,,,,,,,,,,512,0.0006,,147280,6,,,,,,,,,,64,4,143712,2410,158,40,,,,,,,,,,,,,,,,,,,,23,,781,808,27,0,False,,,,,,,,,,,,,,,0.18050229095388204,,,,,,,,,,,,,
435.4587309170165,absorbing,,,,,,,R,0,1,0,40,404,377,781,7,0,0,0.0,0.15939370897831395,0.15939370897831395,0.16065620799781755,,178096,,64,False,False,False,False,178096,64,False,512,0.0006,,143712,7,total_elems,,178096,1,1,,,,0.0,64,4,178096,2682,158,40,,,,,,,,,,,,,,,,,,,,,,,,,,,,,,,,,,,,,,,,,,,,,,,,,,,,,,
435.8813342920039,absorbing,,,,,,,R,0,2,0,40,404,377,781,9,0,0,0.0,0.3428064580075443,0.3428064580075443,0.3430377079639584,,276648,,122,False,False,False,False,276648,122,False,512,0.0006,,143712,7,total_elems,,276648,1,1,,,,0.0,122,4,276648,3284,158,40,,,,,,,,,,,,,,,,,,,,,,,,,,,,,,,,,,,,,,,,,,,,,,,,,,,,,,
438.07284179201815,unswapping,,,,,,,,,,,,,,,,,,,,,,,,,,,,,,,,,,,,,,,,,,,,,,,118,4,257768,3148,158,40,0,both,0,20,20,3,3,,,,,0,,,,,,,,,,,,,,,,,,,,,,,,,,,,,,,,,,,,,,,,,,
439.53741425002227,unswapping,,,,,,,,,,,,,,,,,,,,,,,,,,,,,,,,,,,,,,,,,,,,,,,64,4,219296,2934,158,40,0,both,1,19,19,3,6,,,,,0,,,,,,,,,,,,,,,,,,,,,,,,,,,,,,,,,,,,,,,,,,
440.1140647919965,unswapping,,,,,,,,,,,,,,,,,,,,,,,,,,,,,,,,,,,,,,,,,,,,,,,64,4,210280,2872,158,40,0,left,0,20,20,2,8,,,,,4,,,,,,,,,,,,,,,,,,,,,,,,,,,,,,,,,,,,,,,,,,
440.73242341697915,unswapping,,,,,,,,,,,,,,,,,,,,,,,,,,,,,,,,,,,,,,,,,,,,,,,64,4,204008,2834,158,40,0,left,1,19,19,2,10,,,,,8,,,,,,,,,,,,,,,,,,,,,,,,,,,,,,,,,,,,,,,,,,
441.3013345419895,unswapping,,,,,,,,,,,,,,,,,,,,,,,,,,,,,,,,,,,,,,,,,,,,,,,64,4,179680,2652,158,40,0,right,0,20,20,4,14,,,,,16,,,,,,,,,,,,,,,,,,,,,,,,,,,,,,,,,,,,,,,,,,
441.8198887499748,unswapping,,,,,,,,,,,,,,,,,,,,,,,,,,,,,,,,,,,,,,,,,,,,,,,64,4,158456,2530,158,40,0,right,1,19,19,4,18,,,,,24,,,,,,,,,,,,,,,,,,,,,,,,,,,,,,,,,,,,,,,,,,
442.7717614999856,unswapping,,,,,,,,,,,,,,,,,,,,,,,,,,,,,,,,,,,,,,,,,,,,,,,64,4,149536,2460,158,40,1,both,0,20,20,1,1,,,,,28,,,,,,,,,,,,,,,,,,,,,,,,,,,,,,,,,,,,,,,,,,
443.39949645800516,unswapping,,,,,,,,,,,,,,,,,,,,,,,,,,,,,,,,,,,,,,,,,,,,,,,64,4,149536,2460,158,40,1,both,1,19,19,0,1,,,,,28,,,,,,,,,,,,,,,,,,,,,,,,,,,,,,,,,,,,,,,,,,
443.7016922920011,unswapping,,,,,,,,,,,,,,,,,,,,,,,,,,,,,,,,,,,,,,,,,,,,,,,64,4,149536,2460,158,40,1,left,0,20,20,0,1,,,,,28,,,,,,,,,,,,,,,,,,,,,,,,,,,,,,,,,,,,,,,,,,
443.99488612497225,unswapping,,,,,,,,,,,,,,,,,,,,,,,,,,,,,,,,,,,,,,,,,,,,,,,64,4,149536,2460,158,40,1,left,1,19,19,0,1,,,,,28,,,,,,,,,,,,,,,,,,,,,,,,,,,,,,,,,,,,,,,,,,
444.4734338329872,unswapping,,,,,,,,,,,,,,,,,,,,,,,,,,,,,,,,,,,,,,,,,,,,,,,64,4,141344,2396,158,40,1,right,0,20,20,1,2,,,,,30,,,,,,,,,,,,,,,,,,,,,,,,,,,,,,,,,,,,,,,,,,
444.76825012499467,unswapping,,,,,,,,,,,,,,,,,,,,,,,,,,,,,,,,,,,,,,,,,,,,,,,64,4,141344,2396,158,40,1,right,1,19,19,0,2,,,,,30,,,,,,,,,,,,,,,,,,,,,,,,,,,,,,,,,,,,,,,,,,
445.5312156250002,unswapping,,,,,,,,,,,,,,,,,,,,,,,,,,,,,,,,,,,,,,,,,,,,,,,64,4,141344,2396,158,40,2,both,0,20,20,0,0,,,,,30,,,,,,,,,,,,,,,,,,,,,,,,,,,,,,,,,,,,,,,,,,
446.082837999973,unswapping,,,,,,,,,,,,,,,,,,,,,,,,,,,,,,,,,,,,,,,,,,,,,,,64,4,141344,2396,158,40,2,both,1,19,19,0,0,,,,,30,,,,,,,,,,,,,,,,,,,,,,,,,,,,,,,,,,,,,,,,,,
446.346263082989,unswapping,,,,,,,,,,,,,,,,,,,,,,,,,,,,,,,,,,,,,,,,,,,,,,,64,4,141344,2396,158,40,2,left,0,20,20,0,0,,,,,30,,,,,,,,,,,,,,,,,,,,,,,,,,,,,,,,,,,,,,,,,,
446.5698970420053,unswapping,,,,,,,,,,,,,,,,,,,,,,,,,,,,,,,,,,,,,,,,,,,,,,,64,4,141344,2396,158,40,2,left,1,19,19,0,0,,,,,30,,,,,,,,,,,,,,,,,,,,,,,,,,,,,,,,,,,,,,,,,,
446.843582417001,unswapping,,,,,,,,,,,,,,,,,,,,,,,,,,,,,,,,,,,,,,,,,,,,,,,64,4,141344,2396,158,40,2,right,0,20,20,0,0,,,,,30,,,,,,,,,,,,,,,,,,,,,,,,,,,,,,,,,,,,,,,,,,
447.0406298749731,unswapping,,,,,,,,,,,,,,,,,,,,,,,,,,,,,,,,,,,,,,,,,,,,,,,64,4,141344,2396,158,40,2,right,1,19,19,0,0,,,,,30,,,,,,,,,,,,,,,,,,,,,,,,,,,,,,,,,,,,,,,,,,
448.0938970000134,unswap_cycle_summary,,,,,,,,,,,,404,377,781,,,,,,,,,,,,,,,,,,,512,0.0006,,,,,,,,,,,,,64,4,141344,2396,158,40,,,,,,,,,,,,,,,,,,,,24,10.683762665954418,781,808,27,0,False,,,,,,,,,,,,,,,,,,,,,,,,,,,,
448.4400925830123,rewiring,right,post_unswap,0.2872974579804577,40,False,False,,,,,,,,,,,,,,,,,,,,,,,,,,,,,,,,,,,,,,,,,,,,,,,,,,,,,,,,,,,,,,,,,,24,,,,,,,50,False,0,4,bond_profile,8,False,1,2141,"(344, 64, 13, 8, 22, 130, 40)",0.0032487089629285038,0.2840073750121519,"[{'seed': 123, 'score': (408, 64, 15, 8, 23, 129, 40), 'num_layers': 40, 'total_swaps': 129, 'max_layer_swaps': 9, 'swap_only_layers': 23, 'work_layers': 17, 'unitary_layers': 17, 'first_work_layer': 2, 'leading_no_work_layers': 2, 'bond_profile_layers_scored': 8, 'bond_profile_total_cost': 408, 'bond_profile_max_cost': 64, 'bond_profile_gate_count': 15}, {'seed': 1132, 'score': (456, 64, 16, 8, 23, 130, 40), 'num_layers': 40, 'total_swaps': 130, 'max_layer_swaps': 9, 'swap_only_layers': 23, 'work_layers': 17, 'unitary_layers': 17, 'first_work_layer': 2, 'leading_no_work_layers': 2, 'bond_profile_layers_scored': 8, 'bond_profile_total_cost': 456, 'bond_profile_max_cost': 64, 'bond_profile_gate_count': 16}, {'seed': 2141, 'score': (344, 64, 13, 8, 22, 130, 40), 'num_layers': 40, 'total_swaps': 130, 'max_layer_swaps': 9, 'swap_only_layers': 22, 'work_layers': 18, 'unitary_layers': 18, 'first_work_layer': 2, 'leading_no_work_layers': 2, 'bond_profile_layers_scored': 8, 'bond_profile_total_cost': 344, 'bond_profile_max_cost': 64, 'bond_profile_gate_count': 13}, {'seed': 3150, 'score': (344, 64, 13, 8, 23, 130, 41), 'num_layers': 41, 'total_swaps': 130, 'max_layer_swaps': 9, 'swap_only_layers': 23, 'work_layers': 18, 'unitary_layers': 18, 'first_work_layer': 2, 'leading_no_work_layers': 2, 'bond_profile_layers_scored': 8, 'bond_profile_total_cost': 344, 'bond_profile_max_cost': 64, 'bond_profile_gate_count': 13}]",0.28728979104198515,0.28761658299481496,,,,,,,,,,,,,
448.5008953749784,cycle_progress,,,,,,,,,,,,404,377,781,,,,,,,,,,,,,,,,,,,512,0.0006,,143712,7,,,,,,,,,,64,4,141344,2396,158,40,,,,,,,,,,,,,,,,,,,,24,,781,808,27,0,False,,,,,,,,,,,,,,,0.28761658299481496,,,,,,,,,,,,,
448.69971316697774,absorbing,,,,,,,R,0,1,0,40,404,377,781,7,0,0,0.0,0.1329687079996802,0.1329687079996802,0.1346313749672845,,175000,,64,False,False,False,False,175000,64,False,512,0.0006,,141344,8,total_elems,,175000,1,1,,,,0.0,64,4,175000,2662,158,40,,,,,,,,,,,,,,,,,,,,,,,,,,,,,,,,,,,,,,,,,,,,,,,,,,,,,,
448.9867174170213,absorbing,,,,,,,R,0,2,0,40,404,377,781,9,0,0,0.0,0.22031958302250132,0.22031958302250132,0.22054179199039936,,265596,,119,False,False,False,False,265596,119,False,512,0.0006,,141344,8,total_elems,,265596,1,1,,,,0.0,119,4,265596,3220,158,40,,,,,,,,,,,,,,,,,,,,,,,,,,,,,,,,,,,,,,,,,,,,,,,,,,,,,,
449.4148170829867,absorbing,,,,,,,R,0,3,0,40,404,380,784,7,3,3,0.0,0.36867637501563877,0.36867637501563877,0.3689089589752257,,488208,,214,False,False,False,False,488208,214,False,512,0.0006,,141344,8,total_elems,,488208,1,1,,,,0.0,214,4,488208,4264,158,40,,,,,,,,,,,,,,,,,,,,,,,,,,,,,,,,,,,,,,,,,,,,,,,,,,,,,,
452.6201510420069,unswapping,,,,,,,,,,,,,,,,,,,,,,,,,,,,,,,,,,,,,,,,,,,,,,,128,4,397032,3852,158,40,0,both,0,20,20,4,4,,,,,0,,,,,,,,,,,,,,,,,,,,,,,,,,,,,,,,,,,,,,,,,,
454.74309770797845,unswapping,,,,,,,,,,,,,,,,,,,,,,,,,,,,,,,,,,,,,,,,,,,,,,,128,4,337112,3544,158,40,0,both,1,19,19,3,7,,,,,0,,,,,,,,,,,,,,,,,,,,,,,,,,,,,,,,,,,,,,,,,,
455.6734581249766,unswapping,,,,,,,,,,,,,,,,,,,,,,,,,,,,,,,,,,,,,,,,,,,,,,,125,4,314224,3428,158,40,0,left,0,20,20,3,10,,,,,6,,,,,,,,,,,,,,,,,,,,,,,,,,,,,,,,,,,,,,,,,,
456.4986524580163,unswapping,,,,,,,,,,,,,,,,,,,,,,,,,,,,,,,,,,,,,,,,,,,,,,,123,4,300704,3354,158,40,0,left,1,19,19,3,13,,,,,12,,,,,,,,,,,,,,,,,,,,,,,,,,,,,,,,,,,,,,,,,,
457.39083558297716,unswapping,,,,,,,,,,,,,,,,,,,,,,,,,,,,,,,,,,,,,,,,,,,,,,,121,4,276416,3186,158,40,0,right,0,20,20,5,18,,,,,22,,,,,,,,,,,,,,,,,,,,,,,,,,,,,,,,,,,,,,,,,,
458.14547191699967,unswapping,,,,,,,,,,,,,,,,,,,,,,,,,,,,,,,,,,,,,,,,,,,,,,,119,4,231020,2968,158,40,0,right,1,19,19,4,22,,,,,30,,,,,,,,,,,,,,,,,,,,,,,,,,,,,,,,,,,,,,,,,,
459.36566958302865,unswapping,,,,,,,,,,,,,,,,,,,,,,,,,,,,,,,,,,,,,,,,,,,,,,,83,4,208760,2840,158,40,1,both,0,20,20,1,1,,,,,30,,,,,,,,,,,,,,,,,,,,,,,,,,,,,,,,,,,,,,,,,,
460.19836858299095,unswapping,,,,,,,,,,,,,,,,,,,,,,,,,,,,,,,,,,,,,,,,,,,,,,,83,4,208760,2840,158,40,1,both,1,19,19,0,1,,,,,30,,,,,,,,,,,,,,,,,,,,,,,,,,,,,,,,,,,,,,,,,,
460.6043509999872,unswapping,,,,,,,,,,,,,,,,,,,,,,,,,,,,,,,,,,,,,,,,,,,,,,,83,4,208760,2840,158,40,1,left,0,20,20,0,1,,,,,30,,,,,,,,,,,,,,,,,,,,,,,,,,,,,,,,,,,,,,,,,,
460.99807550001424,unswapping,,,,,,,,,,,,,,,,,,,,,,,,,,,,,,,,,,,,,,,,,,,,,,,83,4,208760,2840,158,40,1,left,1,19,19,0,1,,,,,30,,,,,,,,,,,,,,,,,,,,,,,,,,,,,,,,,,,,,,,,,,
461.50479395798175,unswapping,,,,,,,,,,,,,,,,,,,,,,,,,,,,,,,,,,,,,,,,,,,,,,,82,4,205232,2810,158,40,1,right,0,20,20,1,2,,,,,32,,,,,,,,,,,,,,,,,,,,,,,,,,,,,,,,,,,,,,,,,,
462.01065595797263,unswapping,,,,,,,,,,,,,,,,,,,,,,,,,,,,,,,,,,,,,,,,,,,,,,,81,4,203584,2798,158,40,1,right,1,19,19,1,3,,,,,34,,,,,,,,,,,,,,,,,,,,,,,,,,,,,,,,,,,,,,,,,,
463.14289095799904,unswapping,,,,,,,,,,,,,,,,,,,,,,,,,,,,,,,,,,,,,,,,,,,,,,,79,4,200784,2776,158,40,2,both,0,20,20,1,1,,,,,36,,,,,,,,,,,,,,,,,,,,,,,,,,,,,,,,,,,,,,,,,,
463.9493961670087,unswapping,,,,,,,,,,,,,,,,,,,,,,,,,,,,,,,,,,,,,,,,,,,,,,,79,4,200784,2776,158,40,2,both,1,19,19,0,1,,,,,36,,,,,,,,,,,,,,,,,,,,,,,,,,,,,,,,,,,,,,,,,,
464.3152568329824,unswapping,,,,,,,,,,,,,,,,,,,,,,,,,,,,,,,,,,,,,,,,,,,,,,,79,4,200784,2776,158,40,2,left,0,20,20,0,1,,,,,36,,,,,,,,,,,,,,,,,,,,,,,,,,,,,,,,,,,,,,,,,,
464.68334962497465,unswapping,,,,,,,,,,,,,,,,,,,,,,,,,,,,,,,,,,,,,,,,,,,,,,,79,4,200784,2776,158,40,2,left,1,19,19,0,1,,,,,36,,,,,,,,,,,,,,,,,,,,,,,,,,,,,,,,,,,,,,,,,,
465.07378904201323,unswapping,,,,,,,,,,,,,,,,,,,,,,,,,,,,,,,,,,,,,,,,,,,,,,,79,4,200784,2776,158,40,2,right,0,20,20,0,1,,,,,36,,,,,,,,,,,,,,,,,,,,,,,,,,,,,,,,,,,,,,,,,,
465.44605070800753,unswapping,,,,,,,,,,,,,,,,,,,,,,,,,,,,,,,,,,,,,,,,,,,,,,,79,4,200784,2776,158,40,2,right,1,19,19,0,1,,,,,36,,,,,,,,,,,,,,,,,,,,,,,,,,,,,,,,,,,,,,,,,,
466.2059605420218,unswapping,,,,,,,,,,,,,,,,,,,,,,,,,,,,,,,,,,,,,,,,,,,,,,,79,4,200784,2776,158,40,3,both,0,20,20,0,0,,,,,36,,,,,,,,,,,,,,,,,,,,,,,,,,,,,,,,,,,,,,,,,,
466.95564445800846,unswapping,,,,,,,,,,,,,,,,,,,,,,,,,,,,,,,,,,,,,,,,,,,,,,,79,4,200784,2776,158,40,3,both,1,19,19,0,0,,,,,36,,,,,,,,,,,,,,,,,,,,,,,,,,,,,,,,,,,,,,,,,,
467.39531300001545,unswapping,,,,,,,,,,,,,,,,,,,,,,,,,,,,,,,,,,,,,,,,,,,,,,,79,4,200784,2776,158,40,3,left,0,20,20,0,0,,,,,36,,,,,,,,,,,,,,,,,,,,,,,,,,,,,,,,,,,,,,,,,,
467.83592412498547,unswapping,,,,,,,,,,,,,,,,,,,,,,,,,,,,,,,,,,,,,,,,,,,,,,,79,4,200784,2776,158,40,3,left,1,19,19,0,0,,,,,36,,,,,,,,,,,,,,,,,,,,,,,,,,,,,,,,,,,,,,,,,,
468.2727331669885,unswapping,,,,,,,,,,,,,,,,,,,,,,,,,,,,,,,,,,,,,,,,,,,,,,,79,4,200784,2776,158,40,3,right,0,20,20,0,0,,,,,36,,,,,,,,,,,,,,,,,,,,,,,,,,,,,,,,,,,,,,,,,,
468.67574412497925,unswapping,,,,,,,,,,,,,,,,,,,,,,,,,,,,,,,,,,,,,,,,,,,,,,,79,4,200784,2776,158,40,3,right,1,19,19,0,0,,,,,36,,,,,,,,,,,,,,,,,,,,,,,,,,,,,,,,,,,,,,,,,,
470.15806416701525,unswap_cycle_summary,,,,,,,,,,,,404,380,784,,,,,,,,,,,,,,,,,,,512,0.0006,,,,,,,,,,,,,79,4,200784,2776,158,40,,,,,,,,,,,,,,,,,,,,25,18.684929415991064,784,808,24,3,False,,,,,,,,,,,,,,,,,,,,,,,,,,,,
470.39063525001984,rewiring,right,post_unswap,0.17228308302583173,39,False,False,,,,,,,,,,,,,,,,,,,,,,,,,,,,,,,,,,,,,,,,,,,,,,,,,,,,,,,,,,,,,,,,,,25,,,,,,,50,False,3,4,bond_profile,8,False,1,123,"(364, 64, 11, 8, 24, 122, 40)",0.003263208083808422,0.1689930419670418,"[{'seed': 123, 'score': (364, 64, 11, 8, 24, 122, 40), 'num_layers': 40, 'total_swaps': 122, 'max_layer_swaps': 9, 'swap_only_layers': 24, 'work_layers': 16, 'unitary_layers': 16, 'first_work_layer': 2, 'leading_no_work_layers': 2, 'bond_profile_layers_scored': 8, 'bond_profile_total_cost': 364, 'bond_profile_max_cost': 64, 'bond_profile_gate_count': 11}, {'seed': 1132, 'score': (450, 64, 13, 8, 23, 122, 39), 'num_layers': 39, 'total_swaps': 122, 'max_layer_swaps': 10, 'swap_only_layers': 23, 'work_layers': 16, 'unitary_layers': 16, 'first_work_layer': 2, 'leading_no_work_layers': 2, 'bond_profile_layers_scored': 8, 'bond_profile_total_cost': 450, 'bond_profile_max_cost': 64, 'bond_profile_gate_count': 13}, {'seed': 2141, 'score': (434, 64, 14, 8, 24, 124, 41), 'num_layers': 41, 'total_swaps': 124, 'max_layer_swaps': 9, 'swap_only_layers': 24, 'work_layers': 17, 'unitary_layers': 17, 'first_work_layer': 2, 'leading_no_work_layers': 2, 'bond_profile_layers_scored': 8, 'bond_profile_total_cost': 434, 'bond_profile_max_cost': 64, 'bond_profile_gate_count': 14}, {'seed': 3150, 'score': (422, 64, 12, 8, 23, 122, 39), 'num_layers': 39, 'total_swaps': 122, 'max_layer_swaps': 10, 'swap_only_layers': 23, 'work_layers': 16, 'unitary_layers': 16, 'first_work_layer': 2, 'leading_no_work_layers': 2, 'bond_profile_layers_scored': 8, 'bond_profile_total_cost': 422, 'bond_profile_max_cost': 64, 'bond_profile_gate_count': 12}]",0.17227641603676602,0.1725125419907272,,,,,,,,,,,,,
470.45738375000656,cycle_progress,,,,,,,,,,,,404,380,784,,,,,,,,,,,,,,,,,,,512,0.0006,,141344,8,,,,,,,,,,79,4,200784,2776,158,40,,,,,,,,,,,,,,,,,,,,25,,784,808,24,3,False,,,,,,,,,,,,,,,0.1725125419907272,,,,,,,,,,,,,
470.80701291700825,absorbing,,,,,,,R,0,1,0,40,404,380,784,9,0,0,0.0,0.28083462500944734,0.28083462500944734,0.2836677500163205,,264932,,128,False,False,False,False,264932,128,False,512,0.0006,,200784,0,total_elems,,264932,1,1,,,,0.0,128,4,264932,3210,158,40,,,,,,,,,,,,,,,,,,,,,,,,,,,,,,,,,,,,,,,,,,,,,,,,,,,,,,
471.2555200000061,absorbing,,,,,,,R,0,2,0,40,404,380,784,9,0,0,0.0,0.3862002909881994,0.3862002909881994,0.3864219170063734,,443976,,151,False,False,False,False,443976,151,False,512,0.0006,,200784,0,total_elems,,443976,1,1,,,,0.0,151,4,443976,4070,158,40,,,,,,,,,,,,,,,,,,,,,,,,,,,,,,,,,,,,,,,,,,,,,,,,,,,,,,
474.33346379199065,unswapping,,,,,,,,,,,,,,,,,,,,,,,,,,,,,,,,,,,,,,,,,,,,,,,115,4,369800,3716,158,40,0,both,0,20,20,4,4,,,,,0,,,,,,,,,,,,,,,,,,,,,,,,,,,,,,,,,,,,,,,,,,
476.5927384169772,unswapping,,,,,,,,,,,,,,,,,,,,,,,,,,,,,,,,,,,,,,,,,,,,,,,108,4,295572,3302,158,40,0,both,1,19,19,6,10,,,,,0,,,,,,,,,,,,,,,,,,,,,,,,,,,,,,,,,,,,,,,,,,
477.43861962499795,unswapping,,,,,,,,,,,,,,,,,,,,,,,,,,,,,,,,,,,,,,,,,,,,,,,72,4,253932,3120,158,40,0,left,0,20,20,3,13,,,,,6,,,,,,,,,,,,,,,,,,,,,,,,,,,,,,,,,,,,,,,,,,
478.16908937500557,unswapping,,,,,,,,,,,,,,,,,,,,,,,,,,,,,,,,,,,,,,,,,,,,,,,71,4,240512,3036,158,40,0,left,1,19,19,4,17,,,,,14,,,,,,,,,,,,,,,,,,,,,,,,,,,,,,,,,,,,,,,,,,
478.90025624999544,unswapping,,,,,,,,,,,,,,,,,,,,,,,,,,,,,,,,,,,,,,,,,,,,,,,70,4,217528,2872,158,40,0,right,0,20,20,6,23,,,,,22,,,,,,,,,,,,,,,,,,,,,,,,,,,,,,,,,,,,,,,,,,
479.4870176250115,unswapping,,,,,,,,,,,,,,,,,,,,,,,,,,,,,,,,,,,,,,,,,,,,,,,69,4,191096,2736,158,40,0,right,1,19,19,2,25,,,,,26,,,,,,,,,,,,,,,,,,,,,,,,,,,,,,,,,,,,,,,,,,
480.83655700000236,unswapping,,,,,,,,,,,,,,,,,,,,,,,,,,,,,,,,,,,,,,,,,,,,,,,67,4,188016,2718,158,40,1,both,0,20,20,1,1,,,,,28,,,,,,,,,,,,,,,,,,,,,,,,,,,,,,,,,,,,,,,,,,
481.8106823330163,unswapping,,,,,,,,,,,,,,,,,,,,,,,,,,,,,,,,,,,,,,,,,,,,,,,67,4,188016,2718,158,40,1,both,1,19,19,0,1,,,,,28,,,,,,,,,,,,,,,,,,,,,,,,,,,,,,,,,,,,,,,,,,
482.4226585829747,unswapping,,,,,,,,,,,,,,,,,,,,,,,,,,,,,,,,,,,,,,,,,,,,,,,66,4,177844,2644,158,40,1,left,0,20,20,2,3,,,,,30,,,,,,,,,,,,,,,,,,,,,,,,,,,,,,,,,,,,,,,,,,
482.84218341700034,unswapping,,,,,,,,,,,,,,,,,,,,,,,,,,,,,,,,,,,,,,,,,,,,,,,66,4,177844,2644,158,40,1,left,1,19,19,0,3,,,,,30,,,,,,,,,,,,,,,,,,,,,,,,,,,,,,,,,,,,,,,,,,
483.33919541700743,unswapping,,,,,,,,,,,,,,,,,,,,,,,,,,,,,,,,,,,,,,,,,,,,,,,66,4,177844,2644,158,40,1,right,0,20,20,0,3,,,,,30,,,,,,,,,,,,,,,,,,,,,,,,,,,,,,,,,,,,,,,,,,
483.88841545797186,unswapping,,,,,,,,,,,,,,,,,,,,,,,,,,,,,,,,,,,,,,,,,,,,,,,66,4,177844,2644,158,40,1,right,1,19,19,0,3,,,,,30,,,,,,,,,,,,,,,,,,,,,,,,,,,,,,,,,,,,,,,,,,
485.1753028330277,unswapping,,,,,,,,,,,,,,,,,,,,,,,,,,,,,,,,,,,,,,,,,,,,,,,64,4,174164,2612,158,40,2,both,0,20,20,1,1,,,,,30,,,,,,,,,,,,,,,,,,,,,,,,,,,,,,,,,,,,,,,,,,
485.98640158300987,unswapping,,,,,,,,,,,,,,,,,,,,,,,,,,,,,,,,,,,,,,,,,,,,,,,64,4,174164,2612,158,40,2,both,1,19,19,0,1,,,,,30,,,,,,,,,,,,,,,,,,,,,,,,,,,,,,,,,,,,,,,,,,
486.40851408301387,unswapping,,,,,,,,,,,,,,,,,,,,,,,,,,,,,,,,,,,,,,,,,,,,,,,64,4,174164,2612,158,40,2,left,0,20,20,0,1,,,,,30,,,,,,,,,,,,,,,,,,,,,,,,,,,,,,,,,,,,,,,,,,
486.8148495830246,unswapping,,,,,,,,,,,,,,,,,,,,,,,,,,,,,,,,,,,,,,,,,,,,,,,64,4,174164,2612,158,40,2,left,1,19,19,0,1,,,,,30,,,,,,,,,,,,,,,,,,,,,,,,,,,,,,,,,,,,,,,,,,
487.2300319999922,unswapping,,,,,,,,,,,,,,,,,,,,,,,,,,,,,,,,,,,,,,,,,,,,,,,64,4,174164,2612,158,40,2,right,0,20,20,0,1,,,,,30,,,,,,,,,,,,,,,,,,,,,,,,,,,,,,,,,,,,,,,,,,
487.63707945798524,unswapping,,,,,,,,,,,,,,,,,,,,,,,,,,,,,,,,,,,,,,,,,,,,,,,64,4,174164,2612,158,40,2,right,1,19,19,0,1,,,,,30,,,,,,,,,,,,,,,,,,,,,,,,,,,,,,,,,,,,,,,,,,
488.64435533300275,unswapping,,,,,,,,,,,,,,,,,,,,,,,,,,,,,,,,,,,,,,,,,,,,,,,64,4,174164,2612,158,40,3,both,0,20,20,0,0,,,,,30,,,,,,,,,,,,,,,,,,,,,,,,,,,,,,,,,,,,,,,,,,
489.4417469999753,unswapping,,,,,,,,,,,,,,,,,,,,,,,,,,,,,,,,,,,,,,,,,,,,,,,64,4,174164,2612,158,40,3,both,1,19,19,0,0,,,,,30,,,,,,,,,,,,,,,,,,,,,,,,,,,,,,,,,,,,,,,,,,
489.82618483301485,unswapping,,,,,,,,,,,,,,,,,,,,,,,,,,,,,,,,,,,,,,,,,,,,,,,64,4,174164,2612,158,40,3,left,0,20,20,0,0,,,,,30,,,,,,,,,,,,,,,,,,,,,,,,,,,,,,,,,,,,,,,,,,
490.2075985419797,unswapping,,,,,,,,,,,,,,,,,,,,,,,,,,,,,,,,,,,,,,,,,,,,,,,64,4,174164,2612,158,40,3,left,1,19,19,0,0,,,,,30,,,,,,,,,,,,,,,,,,,,,,,,,,,,,,,,,,,,,,,,,,
490.6556497080019,unswapping,,,,,,,,,,,,,,,,,,,,,,,,,,,,,,,,,,,,,,,,,,,,,,,64,4,174164,2612,158,40,3,right,0,20,20,0,0,,,,,30,,,,,,,,,,,,,,,,,,,,,,,,,,,,,,,,,,,,,,,,,,
491.0141976670129,unswapping,,,,,,,,,,,,,,,,,,,,,,,,,,,,,,,,,,,,,,,,,,,,,,,64,4,174164,2612,158,40,3,right,1,19,19,0,0,,,,,30,,,,,,,,,,,,,,,,,,,,,,,,,,,,,,,,,,,,,,,,,,
492.63790145801613,unswap_cycle_summary,,,,,,,,,,,,404,380,784,,,,,,,,,,,,,,,,,,,512,0.0006,,,,,,,,,,,,,64,4,174164,2612,158,40,,,,,,,,,,,,,,,,,,,,26,19.214964999991935,784,808,24,0,False,,,,,,,,,,,,,,,,,,,,,,,,,,,,
492.85769650002476,rewiring,right,post_unswap,0.15778720803791657,40,False,False,,,,,,,,,,,,,,,,,,,,,,,,,,,,,,,,,,,,,,,,,,,,,,,,,,,,,,,,,,,,,,,,,,26,,,,,,,50,False,0,4,bond_profile,8,False,1,1132,"(332, 64, 11, 8, 17, 119, 37)",0.002929249021690339,0.1548314989777282,"[{'seed': 123, 'score': (332, 64, 11, 8, 18, 119, 37), 'num_layers': 37, 'total_swaps': 119, 'max_layer_swaps': 10, 'swap_only_layers': 18, 'work_layers': 19, 'unitary_layers': 19, 'first_work_layer': 2, 'leading_no_work_layers': 2, 'bond_profile_layers_scored': 8, 'bond_profile_total_cost': 332, 'bond_profile_max_cost': 64, 'bond_profile_gate_count': 11}, {'seed': 1132, 'score': (332, 64, 11, 8, 17, 119, 37), 'num_layers': 37, 'total_swaps': 119, 'max_layer_swaps': 10, 'swap_only_layers': 17, 'work_layers': 20, 'unitary_layers': 20, 'first_work_layer': 2, 'leading_no_work_layers': 2, 'bond_profile_layers_scored': 8, 'bond_profile_total_cost': 332, 'bond_profile_max_cost': 64, 'bond_profile_gate_count': 11}, {'seed': 2141, 'score': (374, 64, 12, 8, 18, 120, 36), 'num_layers': 36, 'total_swaps': 120, 'max_layer_swaps': 8, 'swap_only_layers': 18, 'work_layers': 18, 'unitary_layers': 18, 'first_work_layer': 3, 'leading_no_work_layers': 3, 'bond_profile_layers_scored': 8, 'bond_profile_total_cost': 374, 'bond_profile_max_cost': 64, 'bond_profile_gate_count': 12}, {'seed': 3150, 'score': (358, 64, 11, 8, 16, 119, 35), 'num_layers': 35, 'total_swaps': 119, 'max_layer_swaps': 11, 'swap_only_layers': 16, 'work_layers': 19, 'unitary_layers': 19, 'first_work_layer': 2, 'leading_no_work_layers': 2, 'bond_profile_layers_scored': 8, 'bond_profile_total_cost': 358, 'bond_profile_max_cost': 64, 'bond_profile_gate_count': 11}]",0.1577809999580495,0.15801600000122562,,,,,,,,,,,,,
492.91875050001545,cycle_progress,,,,,,,,,,,,404,380,784,,,,,,,,,,,,,,,,,,,512,0.0006,,200784,0,,,,,,,,,,64,4,174164,2612,158,40,,,,,,,,,,,,,,,,,,,,26,,784,808,24,0,False,,,,,,,,,,,,,,,0.15801600000122562,,,,,,,,,,,,,
493.1724767080159,absorbing,,,,,,,R,0,1,0,37,404,380,784,10,0,0,0.0,0.18791458301711828,0.18791458301711828,0.1899220420164056,,226824,,64,False,False,False,False,226824,64,False,512,0.0006,,174164,1,total_elems,,226824,1,1,,,,0.0,64,4,226824,2986,158,40,,,,,,,,,,,,,,,,,,,,,,,,,,,,,,,,,,,,,,,,,,,,,,,,,,,,,,
493.54454037500545,absorbing,,,,,,,R,0,2,0,37,404,380,784,10,0,0,0.0,0.307964916981291,0.307964916981291,0.30817537498660386,,385048,,126,False,False,False,False,385048,126,False,512,0.0006,,174164,1,total_elems,,385048,1,1,,,,0.0,126,4,385048,3846,158,40,,,,,,,,,,,,,,,,,,,,,,,,,,,,,,,,,,,,,,,,,,,,,,,,,,,,,,
496.5301875830046,unswapping,,,,,,,,,,,,,,,,,,,,,,,,,,,,,,,,,,,,,,,,,,,,,,,110,4,330348,3534,158,40,0,both,0,20,20,4,4,,,,,0,,,,,,,,,,,,,,,,,,,,,,,,,,,,,,,,,,,,,,,,,,
498.47774037497584,unswapping,,,,,,,,,,,,,,,,,,,,,,,,,,,,,,,,,,,,,,,,,,,,,,,104,4,231948,2900,158,40,0,both,1,19,19,8,12,,,,,0,,,,,,,,,,,,,,,,,,,,,,,,,,,,,,,,,,,,,,,,,,
499.21011587500107,unswapping,,,,,,,,,,,,,,,,,,,,,,,,,,,,,,,,,,,,,,,,,,,,,,,64,4,189708,2628,158,40,0,left,0,20,20,5,17,,,,,10,,,,,,,,,,,,,,,,,,,,,,,,,,,,,,,,,,,,,,,,,,
500.0234407079988,unswapping,,,,,,,,,,,,,,,,,,,,,,,,,,,,,,,,,,,,,,,,,,,,,,,64,4,175936,2518,158,40,0,left,1,19,19,7,24,,,,,24,,,,,,,,,,,,,,,,,,,,,,,,,,,,,,,,,,,,,,,,,,
500.7917358329869,unswapping,,,,,,,,,,,,,,,,,,,,,,,,,,,,,,,,,,,,,,,,,,,,,,,64,4,153712,2326,158,40,0,right,0,20,20,6,30,,,,,32,,,,,,,,,,,,,,,,,,,,,,,,,,,,,,,,,,,,,,,,,,
501.3095742079895,unswapping,,,,,,,,,,,,,,,,,,,,,,,,,,,,,,,,,,,,,,,,,,,,,,,64,4,139776,2236,158,40,0,right,1,19,19,3,33,,,,,36,,,,,,,,,,,,,,,,,,,,,,,,,,,,,,,,,,,,,,,,,,
502.1919951669988,unswapping,,,,,,,,,,,,,,,,,,,,,,,,,,,,,,,,,,,,,,,,,,,,,,,64,4,139776,2236,158,40,1,both,0,20,20,0,0,,,,,36,,,,,,,,,,,,,,,,,,,,,,,,,,,,,,,,,,,,,,,,,,
503.0580130420276,unswapping,,,,,,,,,,,,,,,,,,,,,,,,,,,,,,,,,,,,,,,,,,,,,,,64,4,139776,2236,158,40,1,both,1,19,19,0,0,,,,,36,,,,,,,,,,,,,,,,,,,,,,,,,,,,,,,,,,,,,,,,,,
503.43557887501083,unswapping,,,,,,,,,,,,,,,,,,,,,,,,,,,,,,,,,,,,,,,,,,,,,,,64,4,139776,2236,158,40,1,left,0,20,20,0,0,,,,,36,,,,,,,,,,,,,,,,,,,,,,,,,,,,,,,,,,,,,,,,,,
503.7516166670248,unswapping,,,,,,,,,,,,,,,,,,,,,,,,,,,,,,,,,,,,,,,,,,,,,,,64,4,139776,2236,158,40,1,left,1,19,19,0,0,,,,,36,,,,,,,,,,,,,,,,,,,,,,,,,,,,,,,,,,,,,,,,,,
504.03463029197883,unswapping,,,,,,,,,,,,,,,,,,,,,,,,,,,,,,,,,,,,,,,,,,,,,,,64,4,139776,2236,158,40,1,right,0,20,20,0,0,,,,,36,,,,,,,,,,,,,,,,,,,,,,,,,,,,,,,,,,,,,,,,,,
504.36630004202016,unswapping,,,,,,,,,,,,,,,,,,,,,,,,,,,,,,,,,,,,,,,,,,,,,,,64,4,139776,2236,158,40,1,right,1,19,19,0,0,,,,,36,,,,,,,,,,,,,,,,,,,,,,,,,,,,,,,,,,,,,,,,,,
505.13644191698404,unswap_cycle_summary,,,,,,,,,,,,404,380,784,,,,,,,,,,,,,,,,,,,512,0.0006,,,,,,,,,,,,,64,4,139776,2236,158,40,,,,,,,,,,,,,,,,,,,,27,10.273410958994646,784,808,24,0,False,,,,,,,,,,,,,,,,,,,,,,,,,,,,
505.35429858299904,rewiring,right,post_unswap,0.15281412500189617,37,False,False,,,,,,,,,,,,,,,,,,,,,,,,,,,,,,,,,,,,,,,,,,,,,,,,,,,,,,,,,,,,,,,,,,27,,,,,,,50,False,0,4,bond_profile,8,False,1,123,"(262, 64, 11, 8, 16, 107, 34)",0.0031238329829648137,0.14965695794671774,"[{'seed': 123, 'score': (262, 64, 11, 8, 16, 107, 34), 'num_layers': 34, 'total_swaps': 107, 'max_layer_swaps': 8, 'swap_only_layers': 16, 'work_layers': 18, 'unitary_layers': 18, 'first_work_layer': 2, 'leading_no_work_layers': 2, 'bond_profile_layers_scored': 8, 'bond_profile_total_cost': 262, 'bond_profile_max_cost': 64, 'bond_profile_gate_count': 11}, {'seed': 1132, 'score': (284, 64, 11, 8, 19, 107, 36), 'num_layers': 36, 'total_swaps': 107, 'max_layer_swaps': 9, 'swap_only_layers': 19, 'work_layers': 17, 'unitary_layers': 17, 'first_work_layer': 2, 'leading_no_work_layers': 2, 'bond_profile_layers_scored': 8, 'bond_profile_total_cost': 284, 'bond_profile_max_cost': 64, 'bond_profile_gate_count': 11}, {'seed': 2141, 'score': (310, 64, 11, 8, 17, 107, 35), 'num_layers': 35, 'total_swaps': 107, 'max_layer_swaps': 10, 'swap_only_layers': 17, 'work_layers': 18, 'unitary_layers': 18, 'first_work_layer': 2, 'leading_no_work_layers': 2, 'bond_profile_layers_scored': 8, 'bond_profile_total_cost': 310, 'bond_profile_max_cost': 64, 'bond_profile_gate_count': 11}, {'seed': 3150, 'score': (348, 64, 12, 8, 18, 108, 35), 'num_layers': 35, 'total_swaps': 108, 'max_layer_swaps': 8, 'swap_only_layers': 18, 'work_layers': 17, 'unitary_layers': 17, 'first_work_layer': 3, 'leading_no_work_layers': 3, 'bond_profile_layers_scored': 8, 'bond_profile_total_cost': 348, 'bond_profile_max_cost': 64, 'bond_profile_gate_count': 12}]",0.15280670899664983,0.15303395903902128,,,,,,,,,,,,,
505.41775241697906,cycle_progress,,,,,,,,,,,,404,380,784,,,,,,,,,,,,,,,,,,,512,0.0006,,174164,1,,,,,,,,,,64,4,139776,2236,158,40,,,,,,,,,,,,,,,,,,,,27,,784,808,24,0,False,,,,,,,,,,,,,,,0.15303395903902128,,,,,,,,,,,,,
505.6252127920161,absorbing,,,,,,,R,0,1,0,34,404,380,784,7,0,0,0.0,0.13600275001954287,0.13600275001954287,0.13887462497223169,,166624,,64,False,False,False,False,166624,64,False,512,0.0006,,139776,2,total_elems,,166624,1,1,,,,0.0,64,4,166624,2424,158,40,,,,,,,,,,,,,,,,,,,,,,,,,,,,,,,,,,,,,,,,,,,,,,,,,,,,,,
505.9085093329777,absorbing,,,,,,,R,0,2,0,34,404,380,784,8,0,0,0.0,0.21736008301377296,0.21736008301377296,0.2175816249800846,,260224,,125,False,False,False,False,260224,125,False,512,0.0006,,139776,2,total_elems,,260224,1,1,,,,0.0,125,4,260224,2976,158,40,,,,,,,,,,,,,,,,,,,,,,,,,,,,,,,,,,,,,,,,,,,,,,,,,,,,,,
506.27114858297864,absorbing,,,,,,,R,0,3,0,34,404,381,785,6,1,1,0.0,0.2923814170062542,0.2923814170062542,0.29258624999783933,,334772,,128,False,False,False,False,334772,128,False,512,0.0006,,139776,2,total_elems,,334772,1,1,,,,0.0,128,4,334772,3342,158,40,,,,,,,,,,,,,,,,,,,,,,,,,,,,,,,,,,,,,,,,,,,,,,,,,,,,,,
506.68361800001003,absorbing,,,,,,,R,0,4,0,34,404,384,788,5,3,4,0.0,0.3436019169748761,0.3436019169748761,0.3438109160051681,,448304,,128,False,False,False,False,448304,128,False,512,0.0006,,139776,2,total_elems,,448304,1,1,,,,0.0,128,4,448304,3944,158,40,,,,,,,,,,,,,,,,,,,,,,,,,,,,,,,,,,,,,,,,,,,,,,,,,,,,,,
509.69073795800796,unswapping,,,,,,,,,,,,,,,,,,,,,,,,,,,,,,,,,,,,,,,,,,,,,,,128,4,420216,3786,158,40,0,both,0,20,20,4,4,,,,,0,,,,,,,,,,,,,,,,,,,,,,,,,,,,,,,,,,,,,,,,,,
512.5205709169968,unswapping,,,,,,,,,,,,,,,,,,,,,,,,,,,,,,,,,,,,,,,,,,,,,,,125,4,373656,3524,158,40,0,both,1,19,19,4,8,,,,,0,,,,,,,,,,,,,,,,,,,,,,,,,,,,,,,,,,,,,,,,,,
513.4742979169823,unswapping,,,,,,,,,,,,,,,,,,,,,,,,,,,,,,,,,,,,,,,,,,,,,,,122,4,323456,3342,158,40,0,left,0,20,20,3,11,,,,,6,,,,,,,,,,,,,,,,,,,,,,,,,,,,,,,,,,,,,,,,,,
514.5496280830121,unswapping,,,,,,,,,,,,,,,,,,,,,,,,,,,,,,,,,,,,,,,,,,,,,,,114,4,289560,3170,158,40,0,left,1,19,19,5,16,,,,,16,,,,,,,,,,,,,,,,,,,,,,,,,,,,,,,,,,,,,,,,,,
515.3618650420103,unswapping,,,,,,,,,,,,,,,,,,,,,,,,,,,,,,,,,,,,,,,,,,,,,,,91,4,243312,2964,158,40,0,right,0,20,20,5,21,,,,,26,,,,,,,,,,,,,,,,,,,,,,,,,,,,,,,,,,,,,,,,,,
516.1502083750092,unswapping,,,,,,,,,,,,,,,,,,,,,,,,,,,,,,,,,,,,,,,,,,,,,,,88,4,212288,2762,158,40,0,right,1,19,19,4,25,,,,,34,,,,,,,,,,,,,,,,,,,,,,,,,,,,,,,,,,,,,,,,,,
517.575197624974,unswapping,,,,,,,,,,,,,,,,,,,,,,,,,,,,,,,,,,,,,,,,,,,,,,,84,4,203664,2708,158,40,1,both,0,20,20,2,2,,,,,40,,,,,,,,,,,,,,,,,,,,,,,,,,,,,,,,,,,,,,,,,,
518.6141844170052,unswapping,,,,,,,,,,,,,,,,,,,,,,,,,,,,,,,,,,,,,,,,,,,,,,,84,4,203664,2708,158,40,1,both,1,19,19,0,2,,,,,40,,,,,,,,,,,,,,,,,,,,,,,,,,,,,,,,,,,,,,,,,,
519.4239459169912,unswapping,,,,,,,,,,,,,,,,,,,,,,,,,,,,,,,,,,,,,,,,,,,,,,,82,4,193504,2654,158,40,1,left,0,20,20,1,3,,,,,40,,,,,,,,,,,,,,,,,,,,,,,,,,,,,,,,,,,,,,,,,,
519.935730541998,unswapping,,,,,,,,,,,,,,,,,,,,,,,,,,,,,,,,,,,,,,,,,,,,,,,82,4,193504,2654,158,40,1,left,1,19,19,0,3,,,,,40,,,,,,,,,,,,,,,,,,,,,,,,,,,,,,,,,,,,,,,,,,
520.5350973330205,unswapping,,,,,,,,,,,,,,,,,,,,,,,,,,,,,,,,,,,,,,,,,,,,,,,82,4,193504,2654,158,40,1,right,0,20,20,0,3,,,,,40,,,,,,,,,,,,,,,,,,,,,,,,,,,,,,,,,,,,,,,,,,
521.2600275420118,unswapping,,,,,,,,,,,,,,,,,,,,,,,,,,,,,,,,,,,,,,,,,,,,,,,80,4,182384,2600,158,40,1,right,1,19,19,1,4,,,,,42,,,,,,,,,,,,,,,,,,,,,,,,,,,,,,,,,,,,,,,,,,
522.1463131670025,unswapping,,,,,,,,,,,,,,,,,,,,,,,,,,,,,,,,,,,,,,,,,,,,,,,80,4,182384,2600,158,40,2,both,0,20,20,0,0,,,,,42,,,,,,,,,,,,,,,,,,,,,,,,,,,,,,,,,,,,,,,,,,
523.059018000029,unswapping,,,,,,,,,,,,,,,,,,,,,,,,,,,,,,,,,,,,,,,,,,,,,,,80,4,182384,2600,158,40,2,both,1,19,19,0,0,,,,,42,,,,,,,,,,,,,,,,,,,,,,,,,,,,,,,,,,,,,,,,,,
523.4732278750162,unswapping,,,,,,,,,,,,,,,,,,,,,,,,,,,,,,,,,,,,,,,,,,,,,,,80,4,182384,2600,158,40,2,left,0,20,20,0,0,,,,,42,,,,,,,,,,,,,,,,,,,,,,,,,,,,,,,,,,,,,,,,,,
523.8439259169973,unswapping,,,,,,,,,,,,,,,,,,,,,,,,,,,,,,,,,,,,,,,,,,,,,,,80,4,182384,2600,158,40,2,left,1,19,19,0,0,,,,,42,,,,,,,,,,,,,,,,,,,,,,,,,,,,,,,,,,,,,,,,,,
524.2239312499878,unswapping,,,,,,,,,,,,,,,,,,,,,,,,,,,,,,,,,,,,,,,,,,,,,,,80,4,182384,2600,158,40,2,right,0,20,20,0,0,,,,,42,,,,,,,,,,,,,,,,,,,,,,,,,,,,,,,,,,,,,,,,,,
524.5949427920277,unswapping,,,,,,,,,,,,,,,,,,,,,,,,,,,,,,,,,,,,,,,,,,,,,,,80,4,182384,2600,158,40,2,right,1,19,19,0,0,,,,,42,,,,,,,,,,,,,,,,,,,,,,,,,,,,,,,,,,,,,,,,,,
525.7286273749778,unswap_cycle_summary,,,,,,,,,,,,404,384,788,,,,,,,,,,,,,,,,,,,512,0.0006,,,,,,,,,,,,,80,4,182384,2600,158,40,,,,,,,,,,,,,,,,,,,,28,17.472633707977366,788,808,20,4,False,,,,,,,,,,,,,,,,,,,,,,,,,,,,
525.9393114579725,rewiring,right,post_unswap,0.14776979200541973,32,False,False,,,,,,,,,,,,,,,,,,,,,,,,,,,,,,,,,,,,,,,,,,,,,,,,,,,,,,,,,,,,,,,,,,28,,,,,,,50,False,4,4,bond_profile,8,False,1,123,"(359, 48, 11, 8, 15, 98, 29)",0.0030218749889172614,0.14471337397117168,"[{'seed': 123, 'score': (359, 48, 11, 8, 15, 98, 29), 'num_layers': 29, 'total_swaps': 98, 'max_layer_swaps': 9, 'swap_only_layers': 15, 'work_layers': 14, 'unitary_layers': 14, 'first_work_layer': 1, 'leading_no_work_layers': 1, 'bond_profile_layers_scored': 8, 'bond_profile_total_cost': 359, 'bond_profile_max_cost': 48, 'bond_profile_gate_count': 11}, {'seed': 1132, 'score': (378, 56, 11, 8, 15, 98, 29), 'num_layers': 29, 'total_swaps': 98, 'max_layer_swaps': 9, 'swap_only_layers': 15, 'work_layers': 14, 'unitary_layers': 14, 'first_work_layer': 1, 'leading_no_work_layers': 1, 'bond_profile_layers_scored': 8, 'bond_profile_total_cost': 378, 'bond_profile_max_cost': 56, 'bond_profile_gate_count': 11}, {'seed': 2141, 'score': (367, 48, 11, 8, 18, 98, 31), 'num_layers': 31, 'total_swaps': 98, 'max_layer_swaps': 9, 'swap_only_layers': 18, 'work_layers': 13, 'unitary_layers': 13, 'first_work_layer': 1, 'leading_no_work_layers': 1, 'bond_profile_layers_scored': 8, 'bond_profile_total_cost': 367, 'bond_profile_max_cost': 48, 'bond_profile_gate_count': 11}, {'seed': 3150, 'score': (386, 56, 11, 8, 17, 98, 31), 'num_layers': 31, 'total_swaps': 98, 'max_layer_swaps': 9, 'swap_only_layers': 17, 'work_layers': 14, 'unitary_layers': 14, 'first_work_layer': 1, 'leading_no_work_layers': 1, 'bond_profile_layers_scored': 8, 'bond_profile_total_cost': 386, 'bond_profile_max_cost': 56, 'bond_profile_gate_count': 11}]",0.14776183298090473,0.1480024999473244,,,,,,,,,,,,,
526.0021490830113,cycle_progress,,,,,,,,,,,,404,384,788,,,,,,,,,,,,,,,,,,,512,0.0006,,139776,2,,,,,,,,,,80,4,182384,2600,158,40,,,,,,,,,,,,,,,,,,,,28,,788,808,20,4,False,,,,,,,,,,,,,,,0.1480024999473244,,,,,,,,,,,,,
526.2514811669826,absorbing,,,,,,,R,0,1,0,29,404,384,788,9,0,0,0.0,0.183447832998354,0.183447832998354,0.18488279200391844,,245932,,119,False,False,False,False,245932,119,False,512,0.0006,,182384,0,total_elems,,245932,1,1,,,,0.0,119,4,245932,3068,158,40,,,,,,,,,,,,,,,,,,,,,,,,,,,,,,,,,,,,,,,,,,,,,,,,,,,,,,
526.5728330420097,absorbing,,,,,,,R,0,2,0,29,404,385,789,8,1,1,0.0,0.2573266659746878,0.2573266659746878,0.2575412090518512,,413808,,116,False,False,False,False,413808,116,False,512,0.0006,,182384,0,total_elems,,413808,1,1,,,,0.0,116,4,413808,3812,158,40,,,,,,,,,,,,,,,,,,,,,,,,,,,,,,,,,,,,,,,,,,,,,,,,,,,,,,
529.3616092079901,unswapping,,,,,,,,,,,,,,,,,,,,,,,,,,,,,,,,,,,,,,,,,,,,,,,116,4,413808,3812,158,40,0,both,0,20,20,0,0,,,,,0,,,,,,,,,,,,,,,,,,,,,,,,,,,,,,,,,,,,,,,,,,
531.7682477500057,unswapping,,,,,,,,,,,,,,,,,,,,,,,,,,,,,,,,,,,,,,,,,,,,,,,110,4,298456,3300,158,40,0,both,1,19,19,6,6,,,,,0,,,,,,,,,,,,,,,,,,,,,,,,,,,,,,,,,,,,,,,,,,
532.4257509169984,unswapping,,,,,,,,,,,,,,,,,,,,,,,,,,,,,,,,,,,,,,,,,,,,,,,110,4,298456,3300,158,40,0,left,0,20,20,0,6,,,,,0,,,,,,,,,,,,,,,,,,,,,,,,,,,,,,,,,,,,,,,,,,
533.4716954170144,unswapping,,,,,,,,,,,,,,,,,,,,,,,,,,,,,,,,,,,,,,,,,,,,,,,109,4,276656,3190,158,40,0,left,1,19,19,6,12,,,,,12,,,,,,,,,,,,,,,,,,,,,,,,,,,,,,,,,,,,,,,,,,
534.5193967919913,unswapping,,,,,,,,,,,,,,,,,,,,,,,,,,,,,,,,,,,,,,,,,,,,,,,80,4,202144,2752,158,40,0,right,0,20,20,9,21,,,,,30,,,,,,,,,,,,,,,,,,,,,,,,,,,,,,,,,,,,,,,,,,
535.4873630420188,unswapping,,,,,,,,,,,,,,,,,,,,,,,,,,,,,,,,,,,,,,,,,,,,,,,72,4,179584,2618,158,40,0,right,1,19,19,3,24,,,,,36,,,,,,,,,,,,,,,,,,,,,,,,,,,,,,,,,,,,,,,,,,
536.5466106249951,unswapping,,,,,,,,,,,,,,,,,,,,,,,,,,,,,,,,,,,,,,,,,,,,,,,72,4,179584,2618,158,40,1,both,0,20,20,0,0,,,,,36,,,,,,,,,,,,,,,,,,,,,,,,,,,,,,,,,,,,,,,,,,
537.558746457973,unswapping,,,,,,,,,,,,,,,,,,,,,,,,,,,,,,,,,,,,,,,,,,,,,,,72,4,179584,2618,158,40,1,both,1,19,19,0,0,,,,,36,,,,,,,,,,,,,,,,,,,,,,,,,,,,,,,,,,,,,,,,,,
537.9917980420287,unswapping,,,,,,,,,,,,,,,,,,,,,,,,,,,,,,,,,,,,,,,,,,,,,,,72,4,179584,2618,158,40,1,left,0,20,20,0,0,,,,,36,,,,,,,,,,,,,,,,,,,,,,,,,,,,,,,,,,,,,,,,,,
538.4762118749786,unswapping,,,,,,,,,,,,,,,,,,,,,,,,,,,,,,,,,,,,,,,,,,,,,,,72,4,179584,2618,158,40,1,left,1,19,19,0,0,,,,,36,,,,,,,,,,,,,,,,,,,,,,,,,,,,,,,,,,,,,,,,,,
539.0276169169811,unswapping,,,,,,,,,,,,,,,,,,,,,,,,,,,,,,,,,,,,,,,,,,,,,,,71,4,179104,2616,158,40,1,right,0,20,20,1,1,,,,,38,,,,,,,,,,,,,,,,,,,,,,,,,,,,,,,,,,,,,,,,,,
539.4834963330068,unswapping,,,,,,,,,,,,,,,,,,,,,,,,,,,,,,,,,,,,,,,,,,,,,,,71,4,179104,2616,158,40,1,right,1,19,19,0,1,,,,,38,,,,,,,,,,,,,,,,,,,,,,,,,,,,,,,,,,,,,,,,,,
540.512174042,unswapping,,,,,,,,,,,,,,,,,,,,,,,,,,,,,,,,,,,,,,,,,,,,,,,71,4,179104,2616,158,40,2,both,0,20,20,0,0,,,,,38,,,,,,,,,,,,,,,,,,,,,,,,,,,,,,,,,,,,,,,,,,
541.6856088329805,unswapping,,,,,,,,,,,,,,,,,,,,,,,,,,,,,,,,,,,,,,,,,,,,,,,71,4,179104,2616,158,40,2,both,1,19,19,0,0,,,,,38,,,,,,,,,,,,,,,,,,,,,,,,,,,,,,,,,,,,,,,,,,
542.1224946249858,unswapping,,,,,,,,,,,,,,,,,,,,,,,,,,,,,,,,,,,,,,,,,,,,,,,71,4,179104,2616,158,40,2,left,0,20,20,0,0,,,,,38,,,,,,,,,,,,,,,,,,,,,,,,,,,,,,,,,,,,,,,,,,
542.5822773749824,unswapping,,,,,,,,,,,,,,,,,,,,,,,,,,,,,,,,,,,,,,,,,,,,,,,71,4,179104,2616,158,40,2,left,1,19,19,0,0,,,,,38,,,,,,,,,,,,,,,,,,,,,,,,,,,,,,,,,,,,,,,,,,
543.1662002920057,unswapping,,,,,,,,,,,,,,,,,,,,,,,,,,,,,,,,,,,,,,,,,,,,,,,70,4,178624,2614,158,40,2,right,0,20,20,1,1,,,,,36,,,,,,,,,,,,,,,,,,,,,,,,,,,,,,,,,,,,,,,,,,
543.6175064999843,unswapping,,,,,,,,,,,,,,,,,,,,,,,,,,,,,,,,,,,,,,,,,,,,,,,70,4,178624,2614,158,40,2,right,1,19,19,0,1,,,,,36,,,,,,,,,,,,,,,,,,,,,,,,,,,,,,,,,,,,,,,,,,
544.6007737920154,unswapping,,,,,,,,,,,,,,,,,,,,,,,,,,,,,,,,,,,,,,,,,,,,,,,70,4,178624,2614,158,40,3,both,0,20,20,0,0,,,,,36,,,,,,,,,,,,,,,,,,,,,,,,,,,,,,,,,,,,,,,,,,
545.5143235829892,unswapping,,,,,,,,,,,,,,,,,,,,,,,,,,,,,,,,,,,,,,,,,,,,,,,70,4,178624,2614,158,40,3,both,1,19,19,0,0,,,,,36,,,,,,,,,,,,,,,,,,,,,,,,,,,,,,,,,,,,,,,,,,
545.9690727500129,unswapping,,,,,,,,,,,,,,,,,,,,,,,,,,,,,,,,,,,,,,,,,,,,,,,70,4,178624,2614,158,40,3,left,0,20,20,0,0,,,,,36,,,,,,,,,,,,,,,,,,,,,,,,,,,,,,,,,,,,,,,,,,
546.4582646670169,unswapping,,,,,,,,,,,,,,,,,,,,,,,,,,,,,,,,,,,,,,,,,,,,,,,70,4,178624,2614,158,40,3,left,1,19,19,0,0,,,,,36,,,,,,,,,,,,,,,,,,,,,,,,,,,,,,,,,,,,,,,,,,
547.0003288330045,unswapping,,,,,,,,,,,,,,,,,,,,,,,,,,,,,,,,,,,,,,,,,,,,,,,69,4,178144,2612,158,40,3,right,0,20,20,1,1,,,,,38,,,,,,,,,,,,,,,,,,,,,,,,,,,,,,,,,,,,,,,,,,
547.4566711250227,unswapping,,,,,,,,,,,,,,,,,,,,,,,,,,,,,,,,,,,,,,,,,,,,,,,69,4,178144,2612,158,40,3,right,1,19,19,0,1,,,,,38,,,,,,,,,,,,,,,,,,,,,,,,,,,,,,,,,,,,,,,,,,
548.3318710830063,unswapping,,,,,,,,,,,,,,,,,,,,,,,,,,,,,,,,,,,,,,,,,,,,,,,69,4,178144,2612,158,40,4,both,0,20,20,0,0,,,,,38,,,,,,,,,,,,,,,,,,,,,,,,,,,,,,,,,,,,,,,,,,
549.3962610000162,unswapping,,,,,,,,,,,,,,,,,,,,,,,,,,,,,,,,,,,,,,,,,,,,,,,69,4,178144,2612,158,40,4,both,1,19,19,0,0,,,,,38,,,,,,,,,,,,,,,,,,,,,,,,,,,,,,,,,,,,,,,,,,
549.802516042022,unswapping,,,,,,,,,,,,,,,,,,,,,,,,,,,,,,,,,,,,,,,,,,,,,,,69,4,178144,2612,158,40,4,left,0,20,20,0,0,,,,,38,,,,,,,,,,,,,,,,,,,,,,,,,,,,,,,,,,,,,,,,,,
550.2189249169896,unswapping,,,,,,,,,,,,,,,,,,,,,,,,,,,,,,,,,,,,,,,,,,,,,,,69,4,178144,2612,158,40,4,left,1,19,19,0,0,,,,,38,,,,,,,,,,,,,,,,,,,,,,,,,,,,,,,,,,,,,,,,,,
550.8157547499868,unswapping,,,,,,,,,,,,,,,,,,,,,,,,,,,,,,,,,,,,,,,,,,,,,,,68,4,177664,2610,158,40,4,right,0,20,20,1,1,,,,,36,,,,,,,,,,,,,,,,,,,,,,,,,,,,,,,,,,,,,,,,,,
551.2585907499888,unswapping,,,,,,,,,,,,,,,,,,,,,,,,,,,,,,,,,,,,,,,,,,,,,,,68,4,177664,2610,158,40,4,right,1,19,19,0,1,,,,,36,,,,,,,,,,,,,,,,,,,,,,,,,,,,,,,,,,,,,,,,,,
552.1579147920129,unswapping,,,,,,,,,,,,,,,,,,,,,,,,,,,,,,,,,,,,,,,,,,,,,,,68,4,177664,2610,158,40,5,both,0,20,20,0,0,,,,,36,,,,,,,,,,,,,,,,,,,,,,,,,,,,,,,,,,,,,,,,,,
553.186089832976,unswapping,,,,,,,,,,,,,,,,,,,,,,,,,,,,,,,,,,,,,,,,,,,,,,,68,4,177664,2610,158,40,5,both,1,19,19,0,0,,,,,36,,,,,,,,,,,,,,,,,,,,,,,,,,,,,,,,,,,,,,,,,,
553.6002542920178,unswapping,,,,,,,,,,,,,,,,,,,,,,,,,,,,,,,,,,,,,,,,,,,,,,,68,4,177664,2610,158,40,5,left,0,20,20,0,0,,,,,36,,,,,,,,,,,,,,,,,,,,,,,,,,,,,,,,,,,,,,,,,,
554.0541041669785,unswapping,,,,,,,,,,,,,,,,,,,,,,,,,,,,,,,,,,,,,,,,,,,,,,,68,4,177664,2610,158,40,5,left,1,19,19,0,0,,,,,36,,,,,,,,,,,,,,,,,,,,,,,,,,,,,,,,,,,,,,,,,,
554.6596978749731,unswapping,,,,,,,,,,,,,,,,,,,,,,,,,,,,,,,,,,,,,,,,,,,,,,,67,4,177184,2608,158,40,5,right,0,20,20,1,1,,,,,38,,,,,,,,,,,,,,,,,,,,,,,,,,,,,,,,,,,,,,,,,,
555.2000561250024,unswapping,,,,,,,,,,,,,,,,,,,,,,,,,,,,,,,,,,,,,,,,,,,,,,,67,4,177184,2608,158,40,5,right,1,19,19,0,1,,,,,38,,,,,,,,,,,,,,,,,,,,,,,,,,,,,,,,,,,,,,,,,,
556.1140205420088,unswapping,,,,,,,,,,,,,,,,,,,,,,,,,,,,,,,,,,,,,,,,,,,,,,,67,4,177184,2608,158,40,6,both,0,20,20,0,0,,,,,38,,,,,,,,,,,,,,,,,,,,,,,,,,,,,,,,,,,,,,,,,,
557.1106597500038,unswapping,,,,,,,,,,,,,,,,,,,,,,,,,,,,,,,,,,,,,,,,,,,,,,,67,4,177184,2608,158,40,6,both,1,19,19,0,0,,,,,38,,,,,,,,,,,,,,,,,,,,,,,,,,,,,,,,,,,,,,,,,,
557.4851105000125,unswapping,,,,,,,,,,,,,,,,,,,,,,,,,,,,,,,,,,,,,,,,,,,,,,,67,4,177184,2608,158,40,6,left,0,20,20,0,0,,,,,38,,,,,,,,,,,,,,,,,,,,,,,,,,,,,,,,,,,,,,,,,,
557.8843949169968,unswapping,,,,,,,,,,,,,,,,,,,,,,,,,,,,,,,,,,,,,,,,,,,,,,,67,4,177184,2608,158,40,6,left,1,19,19,0,0,,,,,38,,,,,,,,,,,,,,,,,,,,,,,,,,,,,,,,,,,,,,,,,,
558.3819800830097,unswapping,,,,,,,,,,,,,,,,,,,,,,,,,,,,,,,,,,,,,,,,,,,,,,,66,4,176704,2606,158,40,6,right,0,20,20,1,1,,,,,36,,,,,,,,,,,,,,,,,,,,,,,,,,,,,,,,,,,,,,,,,,
558.8023309169803,unswapping,,,,,,,,,,,,,,,,,,,,,,,,,,,,,,,,,,,,,,,,,,,,,,,66,4,176704,2606,158,40,6,right,1,19,19,0,1,,,,,36,,,,,,,,,,,,,,,,,,,,,,,,,,,,,,,,,,,,,,,,,,
559.5573331670021,unswapping,,,,,,,,,,,,,,,,,,,,,,,,,,,,,,,,,,,,,,,,,,,,,,,66,4,176704,2606,158,40,7,both,0,20,20,0,0,,,,,36,,,,,,,,,,,,,,,,,,,,,,,,,,,,,,,,,,,,,,,,,,
560.343890417018,unswapping,,,,,,,,,,,,,,,,,,,,,,,,,,,,,,,,,,,,,,,,,,,,,,,66,4,176704,2606,158,40,7,both,1,19,19,0,0,,,,,36,,,,,,,,,,,,,,,,,,,,,,,,,,,,,,,,,,,,,,,,,,
560.6462172920001,unswapping,,,,,,,,,,,,,,,,,,,,,,,,,,,,,,,,,,,,,,,,,,,,,,,66,4,176704,2606,158,40,7,left,0,20,20,0,0,,,,,36,,,,,,,,,,,,,,,,,,,,,,,,,,,,,,,,,,,,,,,,,,
561.0293744580122,unswapping,,,,,,,,,,,,,,,,,,,,,,,,,,,,,,,,,,,,,,,,,,,,,,,66,4,176704,2606,158,40,7,left,1,19,19,0,0,,,,,36,,,,,,,,,,,,,,,,,,,,,,,,,,,,,,,,,,,,,,,,,,
561.5316817500279,unswapping,,,,,,,,,,,,,,,,,,,,,,,,,,,,,,,,,,,,,,,,,,,,,,,65,4,176224,2604,158,40,7,right,0,20,20,1,1,,,,,38,,,,,,,,,,,,,,,,,,,,,,,,,,,,,,,,,,,,,,,,,,
561.966767166974,unswapping,,,,,,,,,,,,,,,,,,,,,,,,,,,,,,,,,,,,,,,,,,,,,,,65,4,176224,2604,158,40,7,right,1,19,19,0,1,,,,,38,,,,,,,,,,,,,,,,,,,,,,,,,,,,,,,,,,,,,,,,,,
562.8102353750146,unswapping,,,,,,,,,,,,,,,,,,,,,,,,,,,,,,,,,,,,,,,,,,,,,,,65,4,176224,2604,158,40,8,both,0,20,20,0,0,,,,,38,,,,,,,,,,,,,,,,,,,,,,,,,,,,,,,,,,,,,,,,,,
563.6906633750186,unswapping,,,,,,,,,,,,,,,,,,,,,,,,,,,,,,,,,,,,,,,,,,,,,,,65,4,176224,2604,158,40,8,both,1,19,19,0,0,,,,,38,,,,,,,,,,,,,,,,,,,,,,,,,,,,,,,,,,,,,,,,,,
564.0803139170166,unswapping,,,,,,,,,,,,,,,,,,,,,,,,,,,,,,,,,,,,,,,,,,,,,,,65,4,176224,2604,158,40,8,left,0,20,20,0,0,,,,,38,,,,,,,,,,,,,,,,,,,,,,,,,,,,,,,,,,,,,,,,,,
564.5236307500163,unswapping,,,,,,,,,,,,,,,,,,,,,,,,,,,,,,,,,,,,,,,,,,,,,,,65,4,176224,2604,158,40,8,left,1,19,19,0,0,,,,,38,,,,,,,,,,,,,,,,,,,,,,,,,,,,,,,,,,,,,,,,,,
565.0375544169801,unswapping,,,,,,,,,,,,,,,,,,,,,,,,,,,,,,,,,,,,,,,,,,,,,,,64,4,175744,2602,158,40,8,right,0,20,20,1,1,,,,,36,,,,,,,,,,,,,,,,,,,,,,,,,,,,,,,,,,,,,,,,,,
565.4933709580218,unswapping,,,,,,,,,,,,,,,,,,,,,,,,,,,,,,,,,,,,,,,,,,,,,,,64,4,175744,2602,158,40,8,right,1,19,19,0,1,,,,,36,,,,,,,,,,,,,,,,,,,,,,,,,,,,,,,,,,,,,,,,,,
566.2891752080177,unswapping,,,,,,,,,,,,,,,,,,,,,,,,,,,,,,,,,,,,,,,,,,,,,,,64,4,175744,2602,158,40,9,both,0,20,20,0,0,,,,,36,,,,,,,,,,,,,,,,,,,,,,,,,,,,,,,,,,,,,,,,,,
567.2502017079969,unswapping,,,,,,,,,,,,,,,,,,,,,,,,,,,,,,,,,,,,,,,,,,,,,,,64,4,175744,2602,158,40,9,both,1,19,19,0,0,,,,,36,,,,,,,,,,,,,,,,,,,,,,,,,,,,,,,,,,,,,,,,,,
567.6771029169904,unswapping,,,,,,,,,,,,,,,,,,,,,,,,,,,,,,,,,,,,,,,,,,,,,,,64,4,175744,2602,158,40,9,left,0,20,20,0,0,,,,,36,,,,,,,,,,,,,,,,,,,,,,,,,,,,,,,,,,,,,,,,,,
568.0820805829717,unswapping,,,,,,,,,,,,,,,,,,,,,,,,,,,,,,,,,,,,,,,,,,,,,,,64,4,175744,2602,158,40,9,left,1,19,19,0,0,,,,,36,,,,,,,,,,,,,,,,,,,,,,,,,,,,,,,,,,,,,,,,,,
568.5955382080283,unswapping,,,,,,,,,,,,,,,,,,,,,,,,,,,,,,,,,,,,,,,,,,,,,,,64,4,175744,2602,158,40,9,right,0,20,20,1,1,,,,,38,,,,,,,,,,,,,,,,,,,,,,,,,,,,,,,,,,,,,,,,,,
569.0428897080128,unswapping,,,,,,,,,,,,,,,,,,,,,,,,,,,,,,,,,,,,,,,,,,,,,,,64,4,175744,2602,158,40,9,right,1,19,19,0,1,,,,,38,,,,,,,,,,,,,,,,,,,,,,,,,,,,,,,,,,,,,,,,,,
572.9951419580029,unswap_cycle_summary,,,,,,,,,,,,404,385,789,,,,,,,,,,,,,,,,,,,512,0.0006,,,,,,,,,,,,,64,4,175744,2602,158,40,,,,,,,,,,,,,,,,,,,,29,41.873520708992146,789,808,19,1,False,,,,,,,,,,,,,,,,,,,,,,,,,,,,
573.2194340419956,rewiring,right,post_unswap,0.1586180420126766,29,False,False,,,,,,,,,,,,,,,,,,,,,,,,,,,,,,,,,,,,,,,,,,,,,,,,,,,,,,,,,,,,,,,,,,29,,,,,,,50,False,1,4,bond_profile,8,False,1,2141,"(389, 48, 11, 8, 18, 100, 30)",0.003033416054677218,0.15555512602441013,"[{'seed': 123, 'score': (421, 64, 11, 8, 16, 100, 29), 'num_layers': 29, 'total_swaps': 100, 'max_layer_swaps': 10, 'swap_only_layers': 16, 'work_layers': 13, 'unitary_layers': 13, 'first_work_layer': 2, 'leading_no_work_layers': 2, 'bond_profile_layers_scored': 8, 'bond_profile_total_cost': 421, 'bond_profile_max_cost': 64, 'bond_profile_gate_count': 11}, {'seed': 1132, 'score': (389, 48, 11, 8, 19, 100, 31), 'num_layers': 31, 'total_swaps': 100, 'max_layer_swaps': 10, 'swap_only_layers': 19, 'work_layers': 12, 'unitary_layers': 12, 'first_work_layer': 2, 'leading_no_work_layers': 2, 'bond_profile_layers_scored': 8, 'bond_profile_total_cost': 389, 'bond_profile_max_cost': 48, 'bond_profile_gate_count': 11}, {'seed': 2141, 'score': (389, 48, 11, 8, 18, 100, 30), 'num_layers': 30, 'total_swaps': 100, 'max_layer_swaps': 10, 'swap_only_layers': 18, 'work_layers': 12, 'unitary_layers': 12, 'first_work_layer': 2, 'leading_no_work_layers': 2, 'bond_profile_layers_scored': 8, 'bond_profile_total_cost': 389, 'bond_profile_max_cost': 48, 'bond_profile_gate_count': 11}, {'seed': 3150, 'score': (440, 64, 11, 8, 16, 100, 29), 'num_layers': 29, 'total_swaps': 100, 'max_layer_swaps': 10, 'swap_only_layers': 16, 'work_layers': 13, 'unitary_layers': 13, 'first_work_layer': 2, 'leading_no_work_layers': 2, 'bond_profile_layers_scored': 8, 'bond_profile_total_cost': 440, 'bond_profile_max_cost': 64, 'bond_profile_gate_count': 11}]",0.15861024998594075,0.1588697499828413,,,,,,,,,,,,,
573.289801292005,cycle_progress,,,,,,,,,,,,404,385,789,,,,,,,,,,,,,,,,,,,512,0.0006,,182384,0,,,,,,,,,,64,4,175744,2602,158,40,,,,,,,,,,,,,,,,,,,,29,,789,808,19,1,False,,,,,,,,,,,,,,,0.1588697499828413,,,,,,,,,,,,,
573.5583514170139,absorbing,,,,,,,R,0,1,0,30,404,385,789,10,0,0,0.0,0.1936592090060003,0.1936592090060003,0.19780041702324525,,233172,,102,False,False,False,False,233172,102,False,512,0.0006,,175744,0,total_elems,,233172,1,1,,,,0.0,102,4,233172,2998,158,40,,,,,,,,,,,,,,,,,,,,,,,,,,,,,,,,,,,,,,,,,,,,,,,,,,,,,,
573.9973721670103,absorbing,,,,,,,R,0,2,0,30,404,385,789,8,0,0,0.0,0.3708824999630451,0.3708824999630451,0.37113845901330933,,372724,,109,False,False,False,False,372724,109,False,512,0.0006,,175744,0,total_elems,,372724,1,1,,,,0.0,109,4,372724,3666,158,40,,,,,,,,,,,,,,,,,,,,,,,,,,,,,,,,,,,,,,,,,,,,,,,,,,,,,,
576.8929159580148,unswapping,,,,,,,,,,,,,,,,,,,,,,,,,,,,,,,,,,,,,,,,,,,,,,,109,4,372724,3666,158,40,0,both,0,20,20,0,0,,,,,0,,,,,,,,,,,,,,,,,,,,,,,,,,,,,,,,,,,,,,,,,,
579.1083285419736,unswapping,,,,,,,,,,,,,,,,,,,,,,,,,,,,,,,,,,,,,,,,,,,,,,,106,4,273424,3168,158,40,0,both,1,19,19,7,7,,,,,0,,,,,,,,,,,,,,,,,,,,,,,,,,,,,,,,,,,,,,,,,,
579.7207119169761,unswapping,,,,,,,,,,,,,,,,,,,,,,,,,,,,,,,,,,,,,,,,,,,,,,,106,4,273424,3168,158,40,0,left,0,20,20,0,7,,,,,0,,,,,,,,,,,,,,,,,,,,,,,,,,,,,,,,,,,,,,,,,,
580.7843499999726,unswapping,,,,,,,,,,,,,,,,,,,,,,,,,,,,,,,,,,,,,,,,,,,,,,,105,4,252268,3056,158,40,0,left,1,19,19,6,13,,,,,12,,,,,,,,,,,,,,,,,,,,,,,,,,,,,,,,,,,,,,,,,,
581.8070583330118,unswapping,,,,,,,,,,,,,,,,,,,,,,,,,,,,,,,,,,,,,,,,,,,,,,,80,4,192644,2692,158,40,0,right,0,20,20,8,21,,,,,28,,,,,,,,,,,,,,,,,,,,,,,,,,,,,,,,,,,,,,,,,,
582.5464175000088,unswapping,,,,,,,,,,,,,,,,,,,,,,,,,,,,,,,,,,,,,,,,,,,,,,,64,4,174864,2592,158,40,0,right,1,19,19,2,23,,,,,32,,,,,,,,,,,,,,,,,,,,,,,,,,,,,,,,,,,,,,,,,,
583.4903361250181,unswapping,,,,,,,,,,,,,,,,,,,,,,,,,,,,,,,,,,,,,,,,,,,,,,,64,4,174864,2592,158,40,1,both,0,20,20,0,0,,,,,32,,,,,,,,,,,,,,,,,,,,,,,,,,,,,,,,,,,,,,,,,,
584.3826524579781,unswapping,,,,,,,,,,,,,,,,,,,,,,,,,,,,,,,,,,,,,,,,,,,,,,,64,4,174864,2592,158,40,1,both,1,19,19,0,0,,,,,32,,,,,,,,,,,,,,,,,,,,,,,,,,,,,,,,,,,,,,,,,,
584.8879095420125,unswapping,,,,,,,,,,,,,,,,,,,,,,,,,,,,,,,,,,,,,,,,,,,,,,,64,4,174864,2592,158,40,1,left,0,20,20,0,0,,,,,32,,,,,,,,,,,,,,,,,,,,,,,,,,,,,,,,,,,,,,,,,,
585.2813031669939,unswapping,,,,,,,,,,,,,,,,,,,,,,,,,,,,,,,,,,,,,,,,,,,,,,,64,4,174864,2592,158,40,1,left,1,19,19,0,0,,,,,32,,,,,,,,,,,,,,,,,,,,,,,,,,,,,,,,,,,,,,,,,,
585.6751500000246,unswapping,,,,,,,,,,,,,,,,,,,,,,,,,,,,,,,,,,,,,,,,,,,,,,,64,4,174864,2592,158,40,1,right,0,20,20,0,0,,,,,32,,,,,,,,,,,,,,,,,,,,,,,,,,,,,,,,,,,,,,,,,,
586.0923538749921,unswapping,,,,,,,,,,,,,,,,,,,,,,,,,,,,,,,,,,,,,,,,,,,,,,,64,4,174864,2592,158,40,1,right,1,19,19,0,0,,,,,32,,,,,,,,,,,,,,,,,,,,,,,,,,,,,,,,,,,,,,,,,,
586.9735568750184,unswap_cycle_summary,,,,,,,,,,,,404,385,789,,,,,,,,,,,,,,,,,,,512,0.0006,,,,,,,,,,,,,64,4,174864,2592,158,40,,,,,,,,,,,,,,,,,,,,30,11.172816374979448,789,808,19,0,False,,,,,,,,,,,,,,,,,,,,,,,,,,,,
587.2274779580184,rewiring,right,post_unswap,0.18194124998990446,30,False,False,,,,,,,,,,,,,,,,,,,,,,,,,,,,,,,,,,,,,,,,,,,,,,,,,,,,,,,,,,,,,,,,,,30,,,,,,,50,False,0,4,bond_profile,8,False,1,1132,"(381, 48, 11, 8, 16, 99, 29)",0.003080874972511083,0.17881599999964237,"[{'seed': 123, 'score': (421, 64, 11, 8, 17, 99, 29), 'num_layers': 29, 'total_swaps': 99, 'max_layer_swaps': 9, 'swap_only_layers': 17, 'work_layers': 12, 'unitary_layers': 12, 'first_work_layer': 2, 'leading_no_work_layers': 2, 'bond_profile_layers_scored': 8, 'bond_profile_total_cost': 421, 'bond_profile_max_cost': 64, 'bond_profile_gate_count': 11}, {'seed': 1132, 'score': (381, 48, 11, 8, 16, 99, 29), 'num_layers': 29, 'total_swaps': 99, 'max_layer_swaps': 9, 'swap_only_layers': 16, 'work_layers': 13, 'unitary_layers': 13, 'first_work_layer': 2, 'leading_no_work_layers': 2, 'bond_profile_layers_scored': 8, 'bond_profile_total_cost': 381, 'bond_profile_max_cost': 48, 'bond_profile_gate_count': 11}, {'seed': 2141, 'score': (381, 48, 11, 8, 17, 99, 30), 'num_layers': 30, 'total_swaps': 99, 'max_layer_swaps': 9, 'swap_only_layers': 17, 'work_layers': 13, 'unitary_layers': 13, 'first_work_layer': 2, 'leading_no_work_layers': 2, 'bond_profile_layers_scored': 8, 'bond_profile_total_cost': 381, 'bond_profile_max_cost': 48, 'bond_profile_gate_count': 11}, {'seed': 3150, 'score': (381, 48, 11, 8, 18, 99, 31), 'num_layers': 31, 'total_swaps': 99, 'max_layer_swaps': 9, 'swap_only_layers': 18, 'work_layers': 13, 'unitary_layers': 13, 'first_work_layer': 2, 'leading_no_work_layers': 2, 'bond_profile_layers_scored': 8, 'bond_profile_total_cost': 381, 'bond_profile_max_cost': 48, 'bond_profile_gate_count': 11}]",0.18191866599954665,0.1821659579873085,,,,,,,,,,,,,
587.2944595420267,cycle_progress,,,,,,,,,,,,404,385,789,,,,,,,,,,,,,,,,,,,512,0.0006,,175744,0,,,,,,,,,,64,4,174864,2592,158,40,,,,,,,,,,,,,,,,,,,,30,,789,808,19,0,False,,,,,,,,,,,,,,,0.1821659579873085,,,,,,,,,,,,,
587.5244517499814,absorbing,,,,,,,R,0,1,0,29,404,385,789,9,0,0,0.0,0.15671975002624094,0.15671975002624094,0.16098354203859344,,230992,,92,False,False,False,False,230992,92,False,512,0.0006,,174864,1,total_elems,,230992,1,1,,,,0.0,92,4,230992,2986,158,40,,,,,,,,,,,,,,,,,,,,,,,,,,,,,,,,,,,,,,,,,,,,,,,,,,,,,,
587.8422589999973,absorbing,,,,,,,R,0,2,0,29,404,385,789,8,0,0,0.0,0.24875245796283707,0.24875245796283707,0.24896337499376386,,357872,,106,False,False,False,False,357872,106,False,512,0.0006,,174864,1,total_elems,,357872,1,1,,,,0.0,106,4,357872,3626,158,40,,,,,,,,,,,,,,,,,,,,,,,,,,,,,,,,,,,,,,,,,,,,,,,,,,,,,,
590.4637212500093,unswapping,,,,,,,,,,,,,,,,,,,,,,,,,,,,,,,,,,,,,,,,,,,,,,,106,4,357872,3626,158,40,0,both,0,20,20,0,0,,,,,0,,,,,,,,,,,,,,,,,,,,,,,,,,,,,,,,,,,,,,,,,,
592.606796166976,unswapping,,,,,,,,,,,,,,,,,,,,,,,,,,,,,,,,,,,,,,,,,,,,,,,103,4,265972,3128,158,40,0,both,1,19,19,7,7,,,,,0,,,,,,,,,,,,,,,,,,,,,,,,,,,,,,,,,,,,,,,,,,
593.1340624170261,unswapping,,,,,,,,,,,,,,,,,,,,,,,,,,,,,,,,,,,,,,,,,,,,,,,103,4,265972,3128,158,40,0,left,0,20,20,0,7,,,,,0,,,,,,,,,,,,,,,,,,,,,,,,,,,,,,,,,,,,,,,,,,
593.9721997500164,unswapping,,,,,,,,,,,,,,,,,,,,,,,,,,,,,,,,,,,,,,,,,,,,,,,102,4,246964,3022,158,40,0,left,1,19,19,6,13,,,,,12,,,,,,,,,,,,,,,,,,,,,,,,,,,,,,,,,,,,,,,,,,
594.6339816669933,unswapping,,,,,,,,,,,,,,,,,,,,,,,,,,,,,,,,,,,,,,,,,,,,,,,80,4,190624,2676,158,40,0,right,0,20,20,8,21,,,,,28,,,,,,,,,,,,,,,,,,,,,,,,,,,,,,,,,,,,,,,,,,
595.1996859170031,unswapping,,,,,,,,,,,,,,,,,,,,,,,,,,,,,,,,,,,,,,,,,,,,,,,64,4,173540,2578,158,40,0,right,1,19,19,2,23,,,,,32,,,,,,,,,,,,,,,,,,,,,,,,,,,,,,,,,,,,,,,,,,
595.9985238329973,unswapping,,,,,,,,,,,,,,,,,,,,,,,,,,,,,,,,,,,,,,,,,,,,,,,64,4,173540,2578,158,40,1,both,0,20,20,0,0,,,,,32,,,,,,,,,,,,,,,,,,,,,,,,,,,,,,,,,,,,,,,,,,
596.9892499580164,unswapping,,,,,,,,,,,,,,,,,,,,,,,,,,,,,,,,,,,,,,,,,,,,,,,64,4,173540,2578,158,40,1,both,1,19,19,0,0,,,,,32,,,,,,,,,,,,,,,,,,,,,,,,,,,,,,,,,,,,,,,,,,
597.3699539580266,unswapping,,,,,,,,,,,,,,,,,,,,,,,,,,,,,,,,,,,,,,,,,,,,,,,64,4,173540,2578,158,40,1,left,0,20,20,0,0,,,,,32,,,,,,,,,,,,,,,,,,,,,,,,,,,,,,,,,,,,,,,,,,
597.8441017079749,unswapping,,,,,,,,,,,,,,,,,,,,,,,,,,,,,,,,,,,,,,,,,,,,,,,64,4,173540,2578,158,40,1,left,1,19,19,0,0,,,,,32,,,,,,,,,,,,,,,,,,,,,,,,,,,,,,,,,,,,,,,,,,
598.2317057080218,unswapping,,,,,,,,,,,,,,,,,,,,,,,,,,,,,,,,,,,,,,,,,,,,,,,64,4,173540,2578,158,40,1,right,0,20,20,0,0,,,,,32,,,,,,,,,,,,,,,,,,,,,,,,,,,,,,,,,,,,,,,,,,
598.6829775419901,unswapping,,,,,,,,,,,,,,,,,,,,,,,,,,,,,,,,,,,,,,,,,,,,,,,64,4,173540,2578,158,40,1,right,1,19,19,0,0,,,,,32,,,,,,,,,,,,,,,,,,,,,,,,,,,,,,,,,,,,,,,,,,
599.5303007499897,unswap_cycle_summary,,,,,,,,,,,,404,385,789,,,,,,,,,,,,,,,,,,,512,0.0006,,,,,,,,,,,,,64,4,173540,2578,158,40,,,,,,,,,,,,,,,,,,,,31,10.208882374980021,789,808,19,0,False,,,,,,,,,,,,,,,,,,,,,,,,,,,,
599.7733884580084,rewiring,right,post_unswap,0.1723407090175897,29,False,False,,,,,,,,,,,,,,,,,,,,,,,,,,,,,,,,,,,,,,,,,,,,,,,,,,,,,,,,,,,,,,,,,,31,,,,,,,50,False,0,4,bond_profile,8,False,1,1132,"(381, 48, 11, 8, 16, 99, 29)",0.003050918981898576,0.1692615409847349,"[{'seed': 123, 'score': (421, 64, 11, 8, 17, 99, 29), 'num_layers': 29, 'total_swaps': 99, 'max_layer_swaps': 9, 'swap_only_layers': 17, 'work_layers': 12, 'unitary_layers': 12, 'first_work_layer': 2, 'leading_no_work_layers': 2, 'bond_profile_layers_scored': 8, 'bond_profile_total_cost': 421, 'bond_profile_max_cost': 64, 'bond_profile_gate_count': 11}, {'seed': 1132, 'score': (381, 48, 11, 8, 16, 99, 29), 'num_layers': 29, 'total_swaps': 99, 'max_layer_swaps': 9, 'swap_only_layers': 16, 'work_layers': 13, 'unitary_layers': 13, 'first_work_layer': 2, 'leading_no_work_layers': 2, 'bond_profile_layers_scored': 8, 'bond_profile_total_cost': 381, 'bond_profile_max_cost': 48, 'bond_profile_gate_count': 11}, {'seed': 2141, 'score': (381, 48, 11, 8, 17, 99, 30), 'num_layers': 30, 'total_swaps': 99, 'max_layer_swaps': 9, 'swap_only_layers': 17, 'work_layers': 13, 'unitary_layers': 13, 'first_work_layer': 2, 'leading_no_work_layers': 2, 'bond_profile_layers_scored': 8, 'bond_profile_total_cost': 381, 'bond_profile_max_cost': 48, 'bond_profile_gate_count': 11}, {'seed': 3150, 'score': (381, 48, 11, 8, 18, 99, 31), 'num_layers': 31, 'total_swaps': 99, 'max_layer_swaps': 9, 'swap_only_layers': 18, 'work_layers': 13, 'unitary_layers': 13, 'first_work_layer': 2, 'leading_no_work_layers': 2, 'bond_profile_layers_scored': 8, 'bond_profile_total_cost': 381, 'bond_profile_max_cost': 48, 'bond_profile_gate_count': 11}]",0.17233383300481364,0.1725602499791421,,,,,,,,,,,,,
599.8442209580098,cycle_progress,,,,,,,,,,,,404,385,789,,,,,,,,,,,,,,,,,,,512,0.0006,,174864,1,,,,,,,,,,64,4,173540,2578,158,40,,,,,,,,,,,,,,,,,,,,31,,789,808,19,0,False,,,,,,,,,,,,,,,0.1725602499791421,,,,,,,,,,,,,
600.1636136249872,absorbing,,,,,,,R,0,1,0,29,404,385,789,9,0,0,0.0,0.2489547499571927,0.2489547499571927,0.25006845803000033,,223700,,83,False,False,False,False,223700,83,False,512,0.0006,,173540,2,total_elems,,223700,1,1,,,,0.0,83,4,223700,2932,158,40,,,,,,,,,,,,,,,,,,,,,,,,,,,,,,,,,,,,,,,,,,,,,,,,,,,,,,
600.555392041977,absorbing,,,,,,,R,0,2,0,29,404,385,789,8,0,0,0.0,0.31776712503051385,0.31776712503051385,0.3180037920246832,,338236,,104,False,False,False,False,338236,104,False,512,0.0006,,173540,2,total_elems,,338236,1,1,,,,0.0,104,4,338236,3538,158,40,,,,,,,,,,,,,,,,,,,,,,,,,,,,,,,,,,,,,,,,,,,,,,,,,,,,,,
602.8396690419759,unswapping,,,,,,,,,,,,,,,,,,,,,,,,,,,,,,,,,,,,,,,,,,,,,,,104,4,338236,3538,158,40,0,both,0,20,20,0,0,,,,,0,,,,,,,,,,,,,,,,,,,,,,,,,,,,,,,,,,,,,,,,,,
604.7274498749757,unswapping,,,,,,,,,,,,,,,,,,,,,,,,,,,,,,,,,,,,,,,,,,,,,,,100,4,258584,3086,158,40,0,both,1,19,19,7,7,,,,,0,,,,,,,,,,,,,,,,,,,,,,,,,,,,,,,,,,,,,,,,,,
605.2470290419878,unswapping,,,,,,,,,,,,,,,,,,,,,,,,,,,,,,,,,,,,,,,,,,,,,,,100,4,258584,3086,158,40,0,left,0,20,20,0,7,,,,,0,,,,,,,,,,,,,,,,,,,,,,,,,,,,,,,,,,,,,,,,,,
606.0891522499733,unswapping,,,,,,,,,,,,,,,,,,,,,,,,,,,,,,,,,,,,,,,,,,,,,,,99,4,241312,2988,158,40,0,left,1,19,19,6,13,,,,,12,,,,,,,,,,,,,,,,,,,,,,,,,,,,,,,,,,,,,,,,,,
606.8316352919792,unswapping,,,,,,,,,,,,,,,,,,,,,,,,,,,,,,,,,,,,,,,,,,,,,,,80,4,188632,2660,158,40,0,right,0,20,20,8,21,,,,,28,,,,,,,,,,,,,,,,,,,,,,,,,,,,,,,,,,,,,,,,,,
607.4134365830105,unswapping,,,,,,,,,,,,,,,,,,,,,,,,,,,,,,,,,,,,,,,,,,,,,,,64,4,171472,2560,158,40,0,right,1,19,19,2,23,,,,,32,,,,,,,,,,,,,,,,,,,,,,,,,,,,,,,,,,,,,,,,,,
608.2029111669981,unswapping,,,,,,,,,,,,,,,,,,,,,,,,,,,,,,,,,,,,,,,,,,,,,,,64,4,171472,2560,158,40,1,both,0,20,20,0,0,,,,,32,,,,,,,,,,,,,,,,,,,,,,,,,,,,,,,,,,,,,,,,,,
609.0649457920226,unswapping,,,,,,,,,,,,,,,,,,,,,,,,,,,,,,,,,,,,,,,,,,,,,,,64,4,171472,2560,158,40,1,both,1,19,19,0,0,,,,,32,,,,,,,,,,,,,,,,,,,,,,,,,,,,,,,,,,,,,,,,,,
609.4532250419725,unswapping,,,,,,,,,,,,,,,,,,,,,,,,,,,,,,,,,,,,,,,,,,,,,,,64,4,171472,2560,158,40,1,left,0,20,20,0,0,,,,,32,,,,,,,,,,,,,,,,,,,,,,,,,,,,,,,,,,,,,,,,,,
609.923622167029,unswapping,,,,,,,,,,,,,,,,,,,,,,,,,,,,,,,,,,,,,,,,,,,,,,,64,4,171472,2560,158,40,1,left,1,19,19,0,0,,,,,32,,,,,,,,,,,,,,,,,,,,,,,,,,,,,,,,,,,,,,,,,,
610.3572912919917,unswapping,,,,,,,,,,,,,,,,,,,,,,,,,,,,,,,,,,,,,,,,,,,,,,,64,4,171472,2560,158,40,1,right,0,20,20,0,0,,,,,32,,,,,,,,,,,,,,,,,,,,,,,,,,,,,,,,,,,,,,,,,,
610.8165371670038,unswapping,,,,,,,,,,,,,,,,,,,,,,,,,,,,,,,,,,,,,,,,,,,,,,,64,4,171472,2560,158,40,1,right,1,19,19,0,0,,,,,32,,,,,,,,,,,,,,,,,,,,,,,,,,,,,,,,,,,,,,,,,,
611.6626727500116,unswap_cycle_summary,,,,,,,,,,,,404,385,789,,,,,,,,,,,,,,,,,,,512,0.0006,,,,,,,,,,,,,64,4,171472,2560,158,40,,,,,,,,,,,,,,,,,,,,32,9.637832333042752,789,808,19,0,False,,,,,,,,,,,,,,,,,,,,,,,,,,,,
611.8919233329943,rewiring,right,post_unswap,0.16001179197337478,29,False,False,,,,,,,,,,,,,,,,,,,,,,,,,,,,,,,,,,,,,,,,,,,,,,,,,,,,,,,,,,,,,,,,,,32,,,,,,,50,False,0,4,bond_profile,8,False,1,1132,"(381, 48, 11, 8, 16, 99, 29)",0.0030816259677521884,0.1569058750756085,"[{'seed': 123, 'score': (421, 64, 11, 8, 17, 99, 29), 'num_layers': 29, 'total_swaps': 99, 'max_layer_swaps': 9, 'swap_only_layers': 17, 'work_layers': 12, 'unitary_layers': 12, 'first_work_layer': 2, 'leading_no_work_layers': 2, 'bond_profile_layers_scored': 8, 'bond_profile_total_cost': 421, 'bond_profile_max_cost': 64, 'bond_profile_gate_count': 11}, {'seed': 1132, 'score': (381, 48, 11, 8, 16, 99, 29), 'num_layers': 29, 'total_swaps': 99, 'max_layer_swaps': 9, 'swap_only_layers': 16, 'work_layers': 13, 'unitary_layers': 13, 'first_work_layer': 2, 'leading_no_work_layers': 2, 'bond_profile_layers_scored': 8, 'bond_profile_total_cost': 381, 'bond_profile_max_cost': 48, 'bond_profile_gate_count': 11}, {'seed': 2141, 'score': (381, 48, 11, 8, 17, 99, 30), 'num_layers': 30, 'total_swaps': 99, 'max_layer_swaps': 9, 'swap_only_layers': 17, 'work_layers': 13, 'unitary_layers': 13, 'first_work_layer': 2, 'leading_no_work_layers': 2, 'bond_profile_layers_scored': 8, 'bond_profile_total_cost': 381, 'bond_profile_max_cost': 48, 'bond_profile_gate_count': 11}, {'seed': 3150, 'score': (381, 48, 11, 8, 18, 99, 31), 'num_layers': 31, 'total_swaps': 99, 'max_layer_swaps': 9, 'swap_only_layers': 18, 'work_layers': 13, 'unitary_layers': 13, 'first_work_layer': 2, 'leading_no_work_layers': 2, 'bond_profile_layers_scored': 8, 'bond_profile_total_cost': 381, 'bond_profile_max_cost': 48, 'bond_profile_gate_count': 11}]",0.16000579198589548,0.1602191250422038,,,,,,,,,,,,,
611.9607027500169,cycle_progress,,,,,,,,,,,,404,385,789,,,,,,,,,,,,,,,,,,,512,0.0006,,173540,2,,,,,,,,,,64,4,171472,2560,158,40,,,,,,,,,,,,,,,,,,,,32,,789,808,19,0,False,,,,,,,,,,,,,,,0.1602191250422038,,,,,,,,,,,,,
612.2277225420112,absorbing,,,,,,,R,0,1,0,29,404,385,789,9,0,0,0.0,0.192907250020653,0.192907250020653,0.19701629196060821,,221828,,80,False,False,False,False,221828,80,False,512,0.0006,,171472,3,total_elems,,221828,1,1,,,,0.0,80,4,221828,2924,158,40,,,,,,,,,,,,,,,,,,,,,,,,,,,,,,,,,,,,,,,,,,,,,,,,,,,,,,
612.5590651250095,absorbing,,,,,,,R,0,2,0,29,404,385,789,8,0,0,0.0,0.2583029590314254,0.2583029590314254,0.258527584024705,,327512,,103,False,False,False,False,327512,103,False,512,0.0006,,171472,3,total_elems,,327512,1,1,,,,0.0,103,4,327512,3502,158,40,,,,,,,,,,,,,,,,,,,,,,,,,,,,,,,,,,,,,,,,,,,,,,,,,,,,,,
614.5321538330172,unswapping,,,,,,,,,,,,,,,,,,,,,,,,,,,,,,,,,,,,,,,,,,,,,,,103,4,327512,3502,158,40,0,both,0,20,20,0,0,,,,,0,,,,,,,,,,,,,,,,,,,,,,,,,,,,,,,,,,,,,,,,,,
616.5119602499763,unswapping,,,,,,,,,,,,,,,,,,,,,,,,,,,,,,,,,,,,,,,,,,,,,,,97,4,253016,3054,158,40,0,both,1,19,19,7,7,,,,,0,,,,,,,,,,,,,,,,,,,,,,,,,,,,,,,,,,,,,,,,,,
616.9878002919722,unswapping,,,,,,,,,,,,,,,,,,,,,,,,,,,,,,,,,,,,,,,,,,,,,,,97,4,253016,3054,158,40,0,left,0,20,20,0,7,,,,,0,,,,,,,,,,,,,,,,,,,,,,,,,,,,,,,,,,,,,,,,,,
617.8136364580132,unswapping,,,,,,,,,,,,,,,,,,,,,,,,,,,,,,,,,,,,,,,,,,,,,,,96,4,235432,2952,158,40,0,left,1,19,19,5,12,,,,,10,,,,,,,,,,,,,,,,,,,,,,,,,,,,,,,,,,,,,,,,,,
618.5705151250004,unswapping,,,,,,,,,,,,,,,,,,,,,,,,,,,,,,,,,,,,,,,,,,,,,,,80,4,185652,2636,158,40,0,right,0,20,20,9,21,,,,,28,,,,,,,,,,,,,,,,,,,,,,,,,,,,,,,,,,,,,,,,,,
619.2011453330051,unswapping,,,,,,,,,,,,,,,,,,,,,,,,,,,,,,,,,,,,,,,,,,,,,,,64,4,170200,2546,158,40,0,right,1,19,19,2,23,,,,,32,,,,,,,,,,,,,,,,,,,,,,,,,,,,,,,,,,,,,,,,,,
620.0383275420172,unswapping,,,,,,,,,,,,,,,,,,,,,,,,,,,,,,,,,,,,,,,,,,,,,,,64,4,170200,2546,158,40,1,both,0,20,20,0,0,,,,,32,,,,,,,,,,,,,,,,,,,,,,,,,,,,,,,,,,,,,,,,,,
620.956137583009,unswapping,,,,,,,,,,,,,,,,,,,,,,,,,,,,,,,,,,,,,,,,,,,,,,,64,4,170200,2546,158,40,1,both,1,19,19,0,0,,,,,32,,,,,,,,,,,,,,,,,,,,,,,,,,,,,,,,,,,,,,,,,,
621.3383893329883,unswapping,,,,,,,,,,,,,,,,,,,,,,,,,,,,,,,,,,,,,,,,,,,,,,,64,4,170200,2546,158,40,1,left,0,20,20,0,0,,,,,32,,,,,,,,,,,,,,,,,,,,,,,,,,,,,,,,,,,,,,,,,,
621.7324027499999,unswapping,,,,,,,,,,,,,,,,,,,,,,,,,,,,,,,,,,,,,,,,,,,,,,,64,4,170200,2546,158,40,1,left,1,19,19,0,0,,,,,32,,,,,,,,,,,,,,,,,,,,,,,,,,,,,,,,,,,,,,,,,,
622.1047016669763,unswapping,,,,,,,,,,,,,,,,,,,,,,,,,,,,,,,,,,,,,,,,,,,,,,,64,4,170200,2546,158,40,1,right,0,20,20,0,0,,,,,32,,,,,,,,,,,,,,,,,,,,,,,,,,,,,,,,,,,,,,,,,,
622.5011083750287,unswapping,,,,,,,,,,,,,,,,,,,,,,,,,,,,,,,,,,,,,,,,,,,,,,,64,4,170200,2546,158,40,1,right,1,19,19,0,0,,,,,32,,,,,,,,,,,,,,,,,,,,,,,,,,,,,,,,,,,,,,,,,,
623.3727584169828,unswap_cycle_summary,,,,,,,,,,,,404,385,789,,,,,,,,,,,,,,,,,,,512,0.0006,,,,,,,,,,,,,64,4,170200,2546,158,40,,,,,,,,,,,,,,,,,,,,33,9.413377833960112,789,808,19,0,False,,,,,,,,,,,,,,,,,,,,,,,,,,,,
623.6041626670049,rewiring,right,post_unswap,0.15962141699856147,29,False,False,,,,,,,,,,,,,,,,,,,,,,,,,,,,,,,,,,,,,,,,,,,,,,,,,,,,,,,,,,,,,,,,,,33,,,,,,,50,False,0,4,bond_profile,8,False,1,2141,"(389, 48, 11, 8, 18, 100, 30)",0.0033365830313414335,0.15625258098589256,"[{'seed': 123, 'score': (421, 64, 11, 8, 16, 100, 29), 'num_layers': 29, 'total_swaps': 100, 'max_layer_swaps': 10, 'swap_only_layers': 16, 'work_layers': 13, 'unitary_layers': 13, 'first_work_layer': 2, 'leading_no_work_layers': 2, 'bond_profile_layers_scored': 8, 'bond_profile_total_cost': 421, 'bond_profile_max_cost': 64, 'bond_profile_gate_count': 11}, {'seed': 1132, 'score': (389, 48, 11, 8, 19, 100, 31), 'num_layers': 31, 'total_swaps': 100, 'max_layer_swaps': 10, 'swap_only_layers': 19, 'work_layers': 12, 'unitary_layers': 12, 'first_work_layer': 2, 'leading_no_work_layers': 2, 'bond_profile_layers_scored': 8, 'bond_profile_total_cost': 389, 'bond_profile_max_cost': 48, 'bond_profile_gate_count': 11}, {'seed': 2141, 'score': (389, 48, 11, 8, 18, 100, 30), 'num_layers': 30, 'total_swaps': 100, 'max_layer_swaps': 10, 'swap_only_layers': 18, 'work_layers': 12, 'unitary_layers': 12, 'first_work_layer': 2, 'leading_no_work_layers': 2, 'bond_profile_layers_scored': 8, 'bond_profile_total_cost': 389, 'bond_profile_max_cost': 48, 'bond_profile_gate_count': 11}, {'seed': 3150, 'score': (440, 64, 11, 8, 16, 100, 29), 'num_layers': 29, 'total_swaps': 100, 'max_layer_swaps': 10, 'swap_only_layers': 16, 'work_layers': 13, 'unitary_layers': 13, 'first_work_layer': 2, 'leading_no_work_layers': 2, 'bond_profile_layers_scored': 8, 'bond_profile_total_cost': 440, 'bond_profile_max_cost': 64, 'bond_profile_gate_count': 11}]",0.15961291699204594,0.1598885420244187,,,,,,,,,,,,,
623.6785004169797,cycle_progress,,,,,,,,,,,,404,385,789,,,,,,,,,,,,,,,,,,,512,0.0006,,171472,3,,,,,,,,,,64,4,170200,2546,158,40,,,,,,,,,,,,,,,,,,,,33,,789,808,19,0,False,,,,,,,,,,,,,,,0.1598885420244187,,,,,,,,,,,,,
623.9566525419941,absorbing,,,,,,,R,0,1,0,30,404,385,789,10,0,0,0.0,0.20268145902082324,0.20268145902082324,0.20411512500140816,,214864,,80,False,False,False,False,214864,80,False,512,0.0006,,170200,4,total_elems,,214864,1,1,,,,0.0,80,4,214864,2870,158,40,,,,,,,,,,,,,,,,,,,,,,,,,,,,,,,,,,,,,,,,,,,,,,,,,,,,,,
624.3253588330117,absorbing,,,,,,,R,0,2,0,30,404,385,789,8,0,0,0.0,0.2907240000204183,0.2907240000204183,0.2909709590021521,,313284,,101,False,False,False,False,313284,101,False,512,0.0006,,170200,4,total_elems,,313284,1,1,,,,0.0,101,4,313284,3448,158,40,,,,,,,,,,,,,,,,,,,,,,,,,,,,,,,,,,,,,,,,,,,,,,,,,,,,,,
626.5814644999919,unswapping,,,,,,,,,,,,,,,,,,,,,,,,,,,,,,,,,,,,,,,,,,,,,,,101,4,313284,3448,158,40,0,both,0,20,20,0,0,,,,,0,,,,,,,,,,,,,,,,,,,,,,,,,,,,,,,,,,,,,,,,,,
628.6165522920201,unswapping,,,,,,,,,,,,,,,,,,,,,,,,,,,,,,,,,,,,,,,,,,,,,,,94,4,245280,3006,158,40,0,both,1,19,19,7,7,,,,,0,,,,,,,,,,,,,,,,,,,,,,,,,,,,,,,,,,,,,,,,,,
629.2039752079872,unswapping,,,,,,,,,,,,,,,,,,,,,,,,,,,,,,,,,,,,,,,,,,,,,,,94,4,245280,3006,158,40,0,left,0,20,20,0,7,,,,,0,,,,,,,,,,,,,,,,,,,,,,,,,,,,,,,,,,,,,,,,,,
630.1200048750034,unswapping,,,,,,,,,,,,,,,,,,,,,,,,,,,,,,,,,,,,,,,,,,,,,,,93,4,228892,2906,158,40,0,left,1,19,19,5,12,,,,,10,,,,,,,,,,,,,,,,,,,,,,,,,,,,,,,,,,,,,,,,,,
630.8058675000211,unswapping,,,,,,,,,,,,,,,,,,,,,,,,,,,,,,,,,,,,,,,,,,,,,,,80,4,184184,2624,158,40,0,right,0,20,20,7,19,,,,,24,,,,,,,,,,,,,,,,,,,,,,,,,,,,,,,,,,,,,,,,,,
631.3125962920021,unswapping,,,,,,,,,,,,,,,,,,,,,,,,,,,,,,,,,,,,,,,,,,,,,,,64,4,169368,2538,158,40,0,right,1,19,19,2,21,,,,,28,,,,,,,,,,,,,,,,,,,,,,,,,,,,,,,,,,,,,,,,,,
632.1018827920198,unswapping,,,,,,,,,,,,,,,,,,,,,,,,,,,,,,,,,,,,,,,,,,,,,,,64,4,169368,2538,158,40,1,both,0,20,20,0,0,,,,,28,,,,,,,,,,,,,,,,,,,,,,,,,,,,,,,,,,,,,,,,,,
632.9428124169935,unswapping,,,,,,,,,,,,,,,,,,,,,,,,,,,,,,,,,,,,,,,,,,,,,,,64,4,169368,2538,158,40,1,both,1,19,19,0,0,,,,,28,,,,,,,,,,,,,,,,,,,,,,,,,,,,,,,,,,,,,,,,,,
633.2851357919862,unswapping,,,,,,,,,,,,,,,,,,,,,,,,,,,,,,,,,,,,,,,,,,,,,,,64,4,169368,2538,158,40,1,left,0,20,20,0,0,,,,,28,,,,,,,,,,,,,,,,,,,,,,,,,,,,,,,,,,,,,,,,,,
633.668334875023,unswapping,,,,,,,,,,,,,,,,,,,,,,,,,,,,,,,,,,,,,,,,,,,,,,,64,4,169368,2538,158,40,1,left,1,19,19,0,0,,,,,28,,,,,,,,,,,,,,,,,,,,,,,,,,,,,,,,,,,,,,,,,,
634.0383054999984,unswapping,,,,,,,,,,,,,,,,,,,,,,,,,,,,,,,,,,,,,,,,,,,,,,,64,4,169368,2538,158,40,1,right,0,20,20,0,0,,,,,28,,,,,,,,,,,,,,,,,,,,,,,,,,,,,,,,,,,,,,,,,,
634.4349918750231,unswapping,,,,,,,,,,,,,,,,,,,,,,,,,,,,,,,,,,,,,,,,,,,,,,,64,4,169368,2538,158,40,1,right,1,19,19,0,0,,,,,28,,,,,,,,,,,,,,,,,,,,,,,,,,,,,,,,,,,,,,,,,,
635.3078004170093,unswap_cycle_summary,,,,,,,,,,,,404,385,789,,,,,,,,,,,,,,,,,,,512,0.0006,,,,,,,,,,,,,64,4,169368,2538,158,40,,,,,,,,,,,,,,,,,,,,34,9.587932042020839,789,808,19,0,False,,,,,,,,,,,,,,,,,,,,,,,,,,,,
635.5375247499906,rewiring,right,post_unswap,0.16006220795679837,30,False,False,,,,,,,,,,,,,,,,,,,,,,,,,,,,,,,,,,,,,,,,,,,,,,,,,,,,,,,,,,,,,,,,,,34,,,,,,,50,False,0,4,bond_profile,8,False,1,3150,"(367, 48, 11, 8, 19, 98, 31)",0.0031053340644575655,0.15692704200046137,"[{'seed': 123, 'score': (416, 64, 11, 8, 17, 98, 30), 'num_layers': 30, 'total_swaps': 98, 'max_layer_swaps': 9, 'swap_only_layers': 17, 'work_layers': 13, 'unitary_layers': 13, 'first_work_layer': 2, 'leading_no_work_layers': 2, 'bond_profile_layers_scored': 8, 'bond_profile_total_cost': 416, 'bond_profile_max_cost': 64, 'bond_profile_gate_count': 11}, {'seed': 1132, 'score': (421, 48, 12, 8, 18, 98, 30), 'num_layers': 30, 'total_swaps': 98, 'max_layer_swaps': 8, 'swap_only_layers': 18, 'work_layers': 12, 'unitary_layers': 12, 'first_work_layer': 2, 'leading_no_work_layers': 2, 'bond_profile_layers_scored': 8, 'bond_profile_total_cost': 421, 'bond_profile_max_cost': 48, 'bond_profile_gate_count': 12}, {'seed': 2141, 'score': (381, 48, 11, 8, 15, 98, 28), 'num_layers': 28, 'total_swaps': 98, 'max_layer_swaps': 8, 'swap_only_layers': 15, 'work_layers': 13, 'unitary_layers': 13, 'first_work_layer': 2, 'leading_no_work_layers': 2, 'bond_profile_layers_scored': 8, 'bond_profile_total_cost': 381, 'bond_profile_max_cost': 48, 'bond_profile_gate_count': 11}, {'seed': 3150, 'score': (367, 48, 11, 8, 19, 98, 31), 'num_layers': 31, 'total_swaps': 98, 'max_layer_swaps': 8, 'swap_only_layers': 19, 'work_layers': 12, 'unitary_layers': 12, 'first_work_layer': 2, 'leading_no_work_layers': 2, 'bond_profile_layers_scored': 8, 'bond_profile_total_cost': 367, 'bond_profile_max_cost': 48, 'bond_profile_gate_count': 11}]",0.16005512501578778,0.1602915840339847,,,,,,,,,,,,,
635.6081137079746,cycle_progress,,,,,,,,,,,,404,385,789,,,,,,,,,,,,,,,,,,,512,0.0006,,170200,4,,,,,,,,,,64,4,169368,2538,158,40,,,,,,,,,,,,,,,,,,,,34,,789,808,19,0,False,,,,,,,,,,,,,,,0.1602915840339847,,,,,,,,,,,,,
635.8539331249776,absorbing,,,,,,,R,0,1,0,31,404,385,789,8,0,0,0.0,0.16917324997484684,0.16917324997484684,0.17079637496499345,,213848,,80,False,False,False,False,213848,80,False,512,0.0006,,169368,5,total_elems,,213848,1,1,,,,0.0,80,4,213848,2862,158,40,,,,,,,,,,,,,,,,,,,,,,,,,,,,,,,,,,,,,,,,,,,,,,,,,,,,,,
636.1949158749776,absorbing,,,,,,,R,0,2,0,31,404,385,789,8,0,0,0.0,0.26539695798419416,0.26539695798419416,0.2656507920473814,,300656,,98,False,False,False,False,300656,98,False,512,0.0006,,169368,5,total_elems,,300656,1,1,,,,0.0,98,4,300656,3376,158,40,,,,,,,,,,,,,,,,,,,,,,,,,,,,,,,,,,,,,,,,,,,,,,,,,,,,,,
638.105926749995,unswapping,,,,,,,,,,,,,,,,,,,,,,,,,,,,,,,,,,,,,,,,,,,,,,,98,4,300656,3376,158,40,0,both,0,20,20,0,0,,,,,0,,,,,,,,,,,,,,,,,,,,,,,,,,,,,,,,,,,,,,,,,,
639.7121059999918,unswapping,,,,,,,,,,,,,,,,,,,,,,,,,,,,,,,,,,,,,,,,,,,,,,,91,4,241436,2986,158,40,0,both,1,19,19,7,7,,,,,0,,,,,,,,,,,,,,,,,,,,,,,,,,,,,,,,,,,,,,,,,,
640.1524339999887,unswapping,,,,,,,,,,,,,,,,,,,,,,,,,,,,,,,,,,,,,,,,,,,,,,,91,4,241436,2986,158,40,0,left,0,20,20,0,7,,,,,0,,,,,,,,,,,,,,,,,,,,,,,,,,,,,,,,,,,,,,,,,,
640.7411797919776,unswapping,,,,,,,,,,,,,,,,,,,,,,,,,,,,,,,,,,,,,,,,,,,,,,,90,4,225028,2882,158,40,0,left,1,19,19,5,12,,,,,10,,,,,,,,,,,,,,,,,,,,,,,,,,,,,,,,,,,,,,,,,,
641.2237639580271,unswapping,,,,,,,,,,,,,,,,,,,,,,,,,,,,,,,,,,,,,,,,,,,,,,,80,4,184056,2618,158,40,0,right,0,20,20,7,19,,,,,24,,,,,,,,,,,,,,,,,,,,,,,,,,,,,,,,,,,,,,,,,,
641.6634475829778,unswapping,,,,,,,,,,,,,,,,,,,,,,,,,,,,,,,,,,,,,,,,,,,,,,,64,4,167744,2524,158,40,0,right,1,19,19,2,21,,,,,28,,,,,,,,,,,,,,,,,,,,,,,,,,,,,,,,,,,,,,,,,,
642.482799749996,unswapping,,,,,,,,,,,,,,,,,,,,,,,,,,,,,,,,,,,,,,,,,,,,,,,64,4,167744,2524,158,40,1,both,0,20,20,0,0,,,,,28,,,,,,,,,,,,,,,,,,,,,,,,,,,,,,,,,,,,,,,,,,
643.3300187080167,unswapping,,,,,,,,,,,,,,,,,,,,,,,,,,,,,,,,,,,,,,,,,,,,,,,64,4,167744,2524,158,40,1,both,1,19,19,0,0,,,,,28,,,,,,,,,,,,,,,,,,,,,,,,,,,,,,,,,,,,,,,,,,
643.7149065419799,unswapping,,,,,,,,,,,,,,,,,,,,,,,,,,,,,,,,,,,,,,,,,,,,,,,64,4,167744,2524,158,40,1,left,0,20,20,0,0,,,,,28,,,,,,,,,,,,,,,,,,,,,,,,,,,,,,,,,,,,,,,,,,
644.090968583012,unswapping,,,,,,,,,,,,,,,,,,,,,,,,,,,,,,,,,,,,,,,,,,,,,,,64,4,167744,2524,158,40,1,left,1,19,19,0,0,,,,,28,,,,,,,,,,,,,,,,,,,,,,,,,,,,,,,,,,,,,,,,,,
644.4523674580269,unswapping,,,,,,,,,,,,,,,,,,,,,,,,,,,,,,,,,,,,,,,,,,,,,,,64,4,167744,2524,158,40,1,right,0,20,20,0,0,,,,,28,,,,,,,,,,,,,,,,,,,,,,,,,,,,,,,,,,,,,,,,,,
644.833215916995,unswapping,,,,,,,,,,,,,,,,,,,,,,,,,,,,,,,,,,,,,,,,,,,,,,,64,4,167744,2524,158,40,1,right,1,19,19,0,0,,,,,28,,,,,,,,,,,,,,,,,,,,,,,,,,,,,,,,,,,,,,,,,,
645.7329728750046,unswap_cycle_summary,,,,,,,,,,,,404,385,789,,,,,,,,,,,,,,,,,,,512,0.0006,,,,,,,,,,,,,64,4,167744,2524,158,40,,,,,,,,,,,,,,,,,,,,35,8.193302291969303,789,808,19,0,False,,,,,,,,,,,,,,,,,,,,,,,,,,,,
645.9951414579991,rewiring,right,post_unswap,0.18973858299432322,31,False,False,,,,,,,,,,,,,,,,,,,,,,,,,,,,,,,,,,,,,,,,,,,,,,,,,,,,,,,,,,,,,,,,,,35,,,,,,,50,False,0,4,bond_profile,8,False,1,3150,"(367, 48, 11, 8, 19, 98, 31)",0.0035613749641925097,0.186132792965509,"[{'seed': 123, 'score': (416, 64, 11, 8, 17, 98, 30), 'num_layers': 30, 'total_swaps': 98, 'max_layer_swaps': 9, 'swap_only_layers': 17, 'work_layers': 13, 'unitary_layers': 13, 'first_work_layer': 2, 'leading_no_work_layers': 2, 'bond_profile_layers_scored': 8, 'bond_profile_total_cost': 416, 'bond_profile_max_cost': 64, 'bond_profile_gate_count': 11}, {'seed': 1132, 'score': (421, 48, 12, 8, 18, 98, 30), 'num_layers': 30, 'total_swaps': 98, 'max_layer_swaps': 8, 'swap_only_layers': 18, 'work_layers': 12, 'unitary_layers': 12, 'first_work_layer': 2, 'leading_no_work_layers': 2, 'bond_profile_layers_scored': 8, 'bond_profile_total_cost': 421, 'bond_profile_max_cost': 48, 'bond_profile_gate_count': 12}, {'seed': 2141, 'score': (381, 48, 11, 8, 15, 98, 28), 'num_layers': 28, 'total_swaps': 98, 'max_layer_swaps': 8, 'swap_only_layers': 15, 'work_layers': 13, 'unitary_layers': 13, 'first_work_layer': 2, 'leading_no_work_layers': 2, 'bond_profile_layers_scored': 8, 'bond_profile_total_cost': 381, 'bond_profile_max_cost': 48, 'bond_profile_gate_count': 11}, {'seed': 3150, 'score': (367, 48, 11, 8, 19, 98, 31), 'num_layers': 31, 'total_swaps': 98, 'max_layer_swaps': 8, 'swap_only_layers': 19, 'work_layers': 12, 'unitary_layers': 12, 'first_work_layer': 2, 'leading_no_work_layers': 2, 'bond_profile_layers_scored': 8, 'bond_profile_total_cost': 367, 'bond_profile_max_cost': 48, 'bond_profile_gate_count': 11}]",0.18972670898074284,0.1901240000152029,,,,,,,,,,,,,
646.070075375028,cycle_progress,,,,,,,,,,,,404,385,789,,,,,,,,,,,,,,,,,,,512,0.0006,,169368,5,,,,,,,,,,64,4,167744,2524,158,40,,,,,,,,,,,,,,,,,,,,35,,789,808,19,0,False,,,,,,,,,,,,,,,0.1901240000152029,,,,,,,,,,,,,
646.3238904579775,absorbing,,,,,,,R,0,1,0,31,404,385,789,8,0,0,0.0,0.17537487501977012,0.17537487501977012,0.17614258301910013,,208816,,80,False,False,False,False,208816,80,False,512,0.0006,,167744,6,total_elems,,208816,1,1,,,,0.0,80,4,208816,2824,158,40,,,,,,,,,,,,,,,,,,,,,,,,,,,,,,,,,,,,,,,,,,,,,,,,,,,,,,
646.6538334169891,absorbing,,,,,,,R,0,2,0,31,404,385,789,8,0,0,0.0,0.25594083295436576,0.25594083295436576,0.2561754579655826,,291752,,96,False,False,False,False,291752,96,False,512,0.0006,,167744,6,total_elems,,291752,1,1,,,,0.0,96,4,291752,3344,158,40,,,,,,,,,,,,,,,,,,,,,,,,,,,,,,,,,,,,,,,,,,,,,,,,,,,,,,
648.7556226670276,unswapping,,,,,,,,,,,,,,,,,,,,,,,,,,,,,,,,,,,,,,,,,,,,,,,96,4,291752,3344,158,40,0,both,0,20,20,0,0,,,,,0,,,,,,,,,,,,,,,,,,,,,,,,,,,,,,,,,,,,,,,,,,
650.3568851670134,unswapping,,,,,,,,,,,,,,,,,,,,,,,,,,,,,,,,,,,,,,,,,,,,,,,89,4,237500,2966,158,40,0,both,1,19,19,7,7,,,,,0,,,,,,,,,,,,,,,,,,,,,,,,,,,,,,,,,,,,,,,,,,
650.8021724999999,unswapping,,,,,,,,,,,,,,,,,,,,,,,,,,,,,,,,,,,,,,,,,,,,,,,89,4,237500,2966,158,40,0,left,0,20,20,0,7,,,,,0,,,,,,,,,,,,,,,,,,,,,,,,,,,,,,,,,,,,,,,,,,
651.5660004580277,unswapping,,,,,,,,,,,,,,,,,,,,,,,,,,,,,,,,,,,,,,,,,,,,,,,88,4,221400,2864,158,40,0,left,1,19,19,5,12,,,,,10,,,,,,,,,,,,,,,,,,,,,,,,,,,,,,,,,,,,,,,,,,
652.2307497080183,unswapping,,,,,,,,,,,,,,,,,,,,,,,,,,,,,,,,,,,,,,,,,,,,,,,80,4,180156,2598,158,40,0,right,0,20,20,7,19,,,,,24,,,,,,,,,,,,,,,,,,,,,,,,,,,,,,,,,,,,,,,,,,
652.8818523330265,unswapping,,,,,,,,,,,,,,,,,,,,,,,,,,,,,,,,,,,,,,,,,,,,,,,64,4,165124,2510,158,40,0,right,1,19,19,2,21,,,,,28,,,,,,,,,,,,,,,,,,,,,,,,,,,,,,,,,,,,,,,,,,
653.6097041249741,unswapping,,,,,,,,,,,,,,,,,,,,,,,,,,,,,,,,,,,,,,,,,,,,,,,64,4,165124,2510,158,40,1,both,0,20,20,0,0,,,,,28,,,,,,,,,,,,,,,,,,,,,,,,,,,,,,,,,,,,,,,,,,
654.4141757080215,unswapping,,,,,,,,,,,,,,,,,,,,,,,,,,,,,,,,,,,,,,,,,,,,,,,64,4,165124,2510,158,40,1,both,1,19,19,0,0,,,,,28,,,,,,,,,,,,,,,,,,,,,,,,,,,,,,,,,,,,,,,,,,
654.7465013749897,unswapping,,,,,,,,,,,,,,,,,,,,,,,,,,,,,,,,,,,,,,,,,,,,,,,64,4,165124,2510,158,40,1,left,0,20,20,0,0,,,,,28,,,,,,,,,,,,,,,,,,,,,,,,,,,,,,,,,,,,,,,,,,
655.1080091670156,unswapping,,,,,,,,,,,,,,,,,,,,,,,,,,,,,,,,,,,,,,,,,,,,,,,64,4,165124,2510,158,40,1,left,1,19,19,0,0,,,,,28,,,,,,,,,,,,,,,,,,,,,,,,,,,,,,,,,,,,,,,,,,
655.4594567079912,unswapping,,,,,,,,,,,,,,,,,,,,,,,,,,,,,,,,,,,,,,,,,,,,,,,64,4,165124,2510,158,40,1,right,0,20,20,0,0,,,,,28,,,,,,,,,,,,,,,,,,,,,,,,,,,,,,,,,,,,,,,,,,
655.8284179579932,unswapping,,,,,,,,,,,,,,,,,,,,,,,,,,,,,,,,,,,,,,,,,,,,,,,64,4,165124,2510,158,40,1,right,1,19,19,0,0,,,,,28,,,,,,,,,,,,,,,,,,,,,,,,,,,,,,,,,,,,,,,,,,
656.7095805419958,unswap_cycle_summary,,,,,,,,,,,,404,385,789,,,,,,,,,,,,,,,,,,,512,0.0006,,,,,,,,,,,,,64,4,165124,2510,158,40,,,,,,,,,,,,,,,,,,,,36,8.614300167013425,789,808,19,0,False,,,,,,,,,,,,,,,,,,,,,,,,,,,,
656.9341935829725,rewiring,right,post_unswap,0.14961079199565575,31,False,False,,,,,,,,,,,,,,,,,,,,,,,,,,,,,,,,,,,,,,,,,,,,,,,,,,,,,,,,,,,,,,,,,,36,,,,,,,50,False,0,4,bond_profile,8,False,1,3150,"(367, 48, 11, 8, 19, 98, 31)",0.0032161250128410757,0.14636716799577698,"[{'seed': 123, 'score': (412, 60, 11, 8, 17, 98, 30), 'num_layers': 30, 'total_swaps': 98, 'max_layer_swaps': 9, 'swap_only_layers': 17, 'work_layers': 13, 'unitary_layers': 13, 'first_work_layer': 2, 'leading_no_work_layers': 2, 'bond_profile_layers_scored': 8, 'bond_profile_total_cost': 412, 'bond_profile_max_cost': 60, 'bond_profile_gate_count': 11}, {'seed': 1132, 'score': (421, 48, 12, 8, 18, 98, 30), 'num_layers': 30, 'total_swaps': 98, 'max_layer_swaps': 8, 'swap_only_layers': 18, 'work_layers': 12, 'unitary_layers': 12, 'first_work_layer': 2, 'leading_no_work_layers': 2, 'bond_profile_layers_scored': 8, 'bond_profile_total_cost': 421, 'bond_profile_max_cost': 48, 'bond_profile_gate_count': 12}, {'seed': 2141, 'score': (381, 48, 11, 8, 15, 98, 28), 'num_layers': 28, 'total_swaps': 98, 'max_layer_swaps': 8, 'swap_only_layers': 15, 'work_layers': 13, 'unitary_layers': 13, 'first_work_layer': 2, 'leading_no_work_layers': 2, 'bond_profile_layers_scored': 8, 'bond_profile_total_cost': 381, 'bond_profile_max_cost': 48, 'bond_profile_gate_count': 11}, {'seed': 3150, 'score': (367, 48, 11, 8, 19, 98, 31), 'num_layers': 31, 'total_swaps': 98, 'max_layer_swaps': 8, 'swap_only_layers': 19, 'work_layers': 12, 'unitary_layers': 12, 'first_work_layer': 2, 'leading_no_work_layers': 2, 'bond_profile_layers_scored': 8, 'bond_profile_total_cost': 367, 'bond_profile_max_cost': 48, 'bond_profile_gate_count': 11}]",0.14960474998224527,0.14984587498474866,,,,,,,,,,,,,
657.0086219999939,cycle_progress,,,,,,,,,,,,404,385,789,,,,,,,,,,,,,,,,,,,512,0.0006,,167744,6,,,,,,,,,,64,4,165124,2510,158,40,,,,,,,,,,,,,,,,,,,,36,,789,808,19,0,False,,,,,,,,,,,,,,,0.14984587498474866,,,,,,,,,,,,,
657.2535996250226,absorbing,,,,,,,R,0,1,0,31,404,385,789,8,0,0,0.0,0.16631158400559798,0.16631158400559798,0.16693762497743592,,208580,,80,False,False,False,False,208580,80,False,512,0.0006,,165124,7,total_elems,,208580,1,1,,,,0.0,80,4,208580,2828,158,40,,,,,,,,,,,,,,,,,,,,,,,,,,,,,,,,,,,,,,,,,,,,,,,,,,,,,,
657.5848355420167,absorbing,,,,,,,R,0,2,0,31,404,385,789,8,0,0,0.0,0.25436179200187325,0.25436179200187325,0.2545875419746153,,283508,,93,False,False,False,False,283508,93,False,512,0.0006,,165124,7,total_elems,,283508,1,1,,,,0.0,93,4,283508,3292,158,40,,,,,,,,,,,,,,,,,,,,,,,,,,,,,,,,,,,,,,,,,,,,,,,,,,,,,,
659.6342428749776,unswapping,,,,,,,,,,,,,,,,,,,,,,,,,,,,,,,,,,,,,,,,,,,,,,,93,4,283508,3292,158,40,0,both,0,20,20,0,0,,,,,0,,,,,,,,,,,,,,,,,,,,,,,,,,,,,,,,,,,,,,,,,,
661.2546531669796,unswapping,,,,,,,,,,,,,,,,,,,,,,,,,,,,,,,,,,,,,,,,,,,,,,,88,4,234416,2950,158,40,0,both,1,19,19,7,7,,,,,0,,,,,,,,,,,,,,,,,,,,,,,,,,,,,,,,,,,,,,,,,,
661.6821547499858,unswapping,,,,,,,,,,,,,,,,,,,,,,,,,,,,,,,,,,,,,,,,,,,,,,,88,4,234416,2950,158,40,0,left,0,20,20,0,7,,,,,0,,,,,,,,,,,,,,,,,,,,,,,,,,,,,,,,,,,,,,,,,,
662.4243342080154,unswapping,,,,,,,,,,,,,,,,,,,,,,,,,,,,,,,,,,,,,,,,,,,,,,,88,4,219536,2852,158,40,0,left,1,19,19,5,12,,,,,10,,,,,,,,,,,,,,,,,,,,,,,,,,,,,,,,,,,,,,,,,,
663.0156611250131,unswapping,,,,,,,,,,,,,,,,,,,,,,,,,,,,,,,,,,,,,,,,,,,,,,,80,4,179456,2592,158,40,0,right,0,20,20,7,19,,,,,24,,,,,,,,,,,,,,,,,,,,,,,,,,,,,,,,,,,,,,,,,,
663.4917189999833,unswapping,,,,,,,,,,,,,,,,,,,,,,,,,,,,,,,,,,,,,,,,,,,,,,,64,4,164640,2506,158,40,0,right,1,19,19,2,21,,,,,28,,,,,,,,,,,,,,,,,,,,,,,,,,,,,,,,,,,,,,,,,,
664.2410142080043,unswapping,,,,,,,,,,,,,,,,,,,,,,,,,,,,,,,,,,,,,,,,,,,,,,,64,4,164640,2506,158,40,1,both,0,20,20,0,0,,,,,28,,,,,,,,,,,,,,,,,,,,,,,,,,,,,,,,,,,,,,,,,,
664.9716222080169,unswapping,,,,,,,,,,,,,,,,,,,,,,,,,,,,,,,,,,,,,,,,,,,,,,,64,4,164640,2506,158,40,1,both,1,19,19,0,0,,,,,28,,,,,,,,,,,,,,,,,,,,,,,,,,,,,,,,,,,,,,,,,,
665.2754537499859,unswapping,,,,,,,,,,,,,,,,,,,,,,,,,,,,,,,,,,,,,,,,,,,,,,,64,4,164640,2506,158,40,1,left,0,20,20,0,0,,,,,28,,,,,,,,,,,,,,,,,,,,,,,,,,,,,,,,,,,,,,,,,,
665.5769060829771,unswapping,,,,,,,,,,,,,,,,,,,,,,,,,,,,,,,,,,,,,,,,,,,,,,,64,4,164640,2506,158,40,1,left,1,19,19,0,0,,,,,28,,,,,,,,,,,,,,,,,,,,,,,,,,,,,,,,,,,,,,,,,,
665.8279952920275,unswapping,,,,,,,,,,,,,,,,,,,,,,,,,,,,,,,,,,,,,,,,,,,,,,,64,4,164640,2506,158,40,1,right,0,20,20,0,0,,,,,28,,,,,,,,,,,,,,,,,,,,,,,,,,,,,,,,,,,,,,,,,,
666.1278014170239,unswapping,,,,,,,,,,,,,,,,,,,,,,,,,,,,,,,,,,,,,,,,,,,,,,,64,4,164640,2506,158,40,1,right,1,19,19,0,0,,,,,28,,,,,,,,,,,,,,,,,,,,,,,,,,,,,,,,,,,,,,,,,,
667.0092969170073,unswap_cycle_summary,,,,,,,,,,,,404,385,789,,,,,,,,,,,,,,,,,,,512,0.0006,,,,,,,,,,,,,64,4,164640,2506,158,40,,,,,,,,,,,,,,,,,,,,37,8.039805332955439,789,808,19,0,False,,,,,,,,,,,,,,,,,,,,,,,,,,,,
667.3092882080236,rewiring,right,post_unswap,0.21854024997446686,31,False,False,,,,,,,,,,,,,,,,,,,,,,,,,,,,,,,,,,,,,,,,,,,,,,,,,,,,,,,,,,,,,,,,,,37,,,,,,,50,False,0,4,bond_profile,8,False,1,3150,"(367, 48, 11, 8, 19, 98, 31)",0.0031094159348867834,0.21539733302779496,"[{'seed': 123, 'score': (412, 60, 11, 8, 17, 98, 30), 'num_layers': 30, 'total_swaps': 98, 'max_layer_swaps': 9, 'swap_only_layers': 17, 'work_layers': 13, 'unitary_layers': 13, 'first_work_layer': 2, 'leading_no_work_layers': 2, 'bond_profile_layers_scored': 8, 'bond_profile_total_cost': 412, 'bond_profile_max_cost': 60, 'bond_profile_gate_count': 11}, {'seed': 1132, 'score': (421, 48, 12, 8, 18, 98, 30), 'num_layers': 30, 'total_swaps': 98, 'max_layer_swaps': 8, 'swap_only_layers': 18, 'work_layers': 12, 'unitary_layers': 12, 'first_work_layer': 2, 'leading_no_work_layers': 2, 'bond_profile_layers_scored': 8, 'bond_profile_total_cost': 421, 'bond_profile_max_cost': 48, 'bond_profile_gate_count': 12}, {'seed': 2141, 'score': (381, 48, 11, 8, 15, 98, 28), 'num_layers': 28, 'total_swaps': 98, 'max_layer_swaps': 8, 'swap_only_layers': 15, 'work_layers': 13, 'unitary_layers': 13, 'first_work_layer': 2, 'leading_no_work_layers': 2, 'bond_profile_layers_scored': 8, 'bond_profile_total_cost': 381, 'bond_profile_max_cost': 48, 'bond_profile_gate_count': 11}, {'seed': 3150, 'score': (367, 48, 11, 8, 19, 98, 31), 'num_layers': 31, 'total_swaps': 98, 'max_layer_swaps': 8, 'swap_only_layers': 19, 'work_layers': 12, 'unitary_layers': 12, 'first_work_layer': 2, 'leading_no_work_layers': 2, 'bond_profile_layers_scored': 8, 'bond_profile_total_cost': 367, 'bond_profile_max_cost': 48, 'bond_profile_gate_count': 11}]",0.21853245899546891,0.21879666700260714,,,,,,,,,,,,,
667.3832220420009,cycle_progress,,,,,,,,,,,,404,385,789,,,,,,,,,,,,,,,,,,,512,0.0006,,165124,7,,,,,,,,,,64,4,164640,2506,158,40,,,,,,,,,,,,,,,,,,,,37,,789,808,19,0,False,,,,,,,,,,,,,,,0.21879666700260714,,,,,,,,,,,,,
667.640969250002,absorbing,,,,,,,R,0,1,0,31,404,385,789,8,0,0,0.0,0.17890091700246558,0.17890091700246558,0.17940187494968995,,205040,,80,False,False,False,False,205040,80,False,512,0.0006,,164640,8,total_elems,,205040,1,1,,,,0.0,80,4,205040,2800,158,40,,,,,,,,,,,,,,,,,,,,,,,,,,,,,,,,,,,,,,,,,,,,,,,,,,,,,,
667.9608315000078,absorbing,,,,,,,R,0,2,0,31,404,385,789,8,0,0,0.0,0.24044433399103582,0.24044433399103582,0.24067808303516358,,281760,,91,False,False,False,False,281760,91,False,512,0.0006,,164640,8,total_elems,,281760,1,1,,,,0.0,91,4,281760,3296,158,40,,,,,,,,,,,,,,,,,,,,,,,,,,,,,,,,,,,,,,,,,,,,,,,,,,,,,,
670.0017292079865,unswapping,,,,,,,,,,,,,,,,,,,,,,,,,,,,,,,,,,,,,,,,,,,,,,,91,4,281760,3296,158,40,0,both,0,20,20,0,0,,,,,0,,,,,,,,,,,,,,,,,,,,,,,,,,,,,,,,,,,,,,,,,,
671.6796105420217,unswapping,,,,,,,,,,,,,,,,,,,,,,,,,,,,,,,,,,,,,,,,,,,,,,,88,4,234032,2948,158,40,0,both,1,19,19,7,7,,,,,0,,,,,,,,,,,,,,,,,,,,,,,,,,,,,,,,,,,,,,,,,,
672.1447212080238,unswapping,,,,,,,,,,,,,,,,,,,,,,,,,,,,,,,,,,,,,,,,,,,,,,,88,4,234032,2948,158,40,0,left,0,20,20,0,7,,,,,0,,,,,,,,,,,,,,,,,,,,,,,,,,,,,,,,,,,,,,,,,,
672.8591185829719,unswapping,,,,,,,,,,,,,,,,,,,,,,,,,,,,,,,,,,,,,,,,,,,,,,,88,4,219152,2850,158,40,0,left,1,19,19,5,12,,,,,10,,,,,,,,,,,,,,,,,,,,,,,,,,,,,,,,,,,,,,,,,,
673.5150458330172,unswapping,,,,,,,,,,,,,,,,,,,,,,,,,,,,,,,,,,,,,,,,,,,,,,,80,4,179232,2590,158,40,0,right,0,20,20,7,19,,,,,24,,,,,,,,,,,,,,,,,,,,,,,,,,,,,,,,,,,,,,,,,,
674.018603708013,unswapping,,,,,,,,,,,,,,,,,,,,,,,,,,,,,,,,,,,,,,,,,,,,,,,64,4,164416,2504,158,40,0,right,1,19,19,2,21,,,,,28,,,,,,,,,,,,,,,,,,,,,,,,,,,,,,,,,,,,,,,,,,
674.7544433330186,unswapping,,,,,,,,,,,,,,,,,,,,,,,,,,,,,,,,,,,,,,,,,,,,,,,64,4,164416,2504,158,40,1,both,0,20,20,0,0,,,,,28,,,,,,,,,,,,,,,,,,,,,,,,,,,,,,,,,,,,,,,,,,
675.5348962499993,unswapping,,,,,,,,,,,,,,,,,,,,,,,,,,,,,,,,,,,,,,,,,,,,,,,64,4,164416,2504,158,40,1,both,1,19,19,0,0,,,,,28,,,,,,,,,,,,,,,,,,,,,,,,,,,,,,,,,,,,,,,,,,
675.8618724999833,unswapping,,,,,,,,,,,,,,,,,,,,,,,,,,,,,,,,,,,,,,,,,,,,,,,64,4,164416,2504,158,40,1,left,0,20,20,0,0,,,,,28,,,,,,,,,,,,,,,,,,,,,,,,,,,,,,,,,,,,,,,,,,
676.2415736669791,unswapping,,,,,,,,,,,,,,,,,,,,,,,,,,,,,,,,,,,,,,,,,,,,,,,64,4,164416,2504,158,40,1,left,1,19,19,0,0,,,,,28,,,,,,,,,,,,,,,,,,,,,,,,,,,,,,,,,,,,,,,,,,
676.6175297920126,unswapping,,,,,,,,,,,,,,,,,,,,,,,,,,,,,,,,,,,,,,,,,,,,,,,64,4,164416,2504,158,40,1,right,0,20,20,0,0,,,,,28,,,,,,,,,,,,,,,,,,,,,,,,,,,,,,,,,,,,,,,,,,
676.9974582080031,unswapping,,,,,,,,,,,,,,,,,,,,,,,,,,,,,,,,,,,,,,,,,,,,,,,64,4,164416,2504,158,40,1,right,1,19,19,0,0,,,,,28,,,,,,,,,,,,,,,,,,,,,,,,,,,,,,,,,,,,,,,,,,
677.9095055420185,unswap_cycle_summary,,,,,,,,,,,,404,385,789,,,,,,,,,,,,,,,,,,,512,0.0006,,,,,,,,,,,,,64,4,164416,2504,158,40,,,,,,,,,,,,,,,,,,,,38,8.531524291960523,789,808,19,0,False,,,,,,,,,,,,,,,,,,,,,,,,,,,,
678.1470662080101,rewiring,right,post_unswap,0.16323395795188844,31,False,False,,,,,,,,,,,,,,,,,,,,,,,,,,,,,,,,,,,,,,,,,,,,,,,,,,,,,,,,,,,,,,,,,,38,,,,,,,50,False,0,4,bond_profile,8,False,1,3150,"(367, 48, 11, 8, 19, 98, 31)",0.003068000019993633,0.16013975004898384,"[{'seed': 123, 'score': (412, 60, 11, 8, 17, 98, 30), 'num_layers': 30, 'total_swaps': 98, 'max_layer_swaps': 9, 'swap_only_layers': 17, 'work_layers': 13, 'unitary_layers': 13, 'first_work_layer': 2, 'leading_no_work_layers': 2, 'bond_profile_layers_scored': 8, 'bond_profile_total_cost': 412, 'bond_profile_max_cost': 60, 'bond_profile_gate_count': 11}, {'seed': 1132, 'score': (421, 48, 12, 8, 18, 98, 30), 'num_layers': 30, 'total_swaps': 98, 'max_layer_swaps': 8, 'swap_only_layers': 18, 'work_layers': 12, 'unitary_layers': 12, 'first_work_layer': 2, 'leading_no_work_layers': 2, 'bond_profile_layers_scored': 8, 'bond_profile_total_cost': 421, 'bond_profile_max_cost': 48, 'bond_profile_gate_count': 12}, {'seed': 2141, 'score': (381, 48, 11, 8, 15, 98, 28), 'num_layers': 28, 'total_swaps': 98, 'max_layer_swaps': 8, 'swap_only_layers': 15, 'work_layers': 13, 'unitary_layers': 13, 'first_work_layer': 2, 'leading_no_work_layers': 2, 'bond_profile_layers_scored': 8, 'bond_profile_total_cost': 381, 'bond_profile_max_cost': 48, 'bond_profile_gate_count': 11}, {'seed': 3150, 'score': (367, 48, 11, 8, 19, 98, 31), 'num_layers': 31, 'total_swaps': 98, 'max_layer_swaps': 8, 'swap_only_layers': 19, 'work_layers': 12, 'unitary_layers': 12, 'first_work_layer': 2, 'leading_no_work_layers': 2, 'bond_profile_layers_scored': 8, 'bond_profile_total_cost': 367, 'bond_profile_max_cost': 48, 'bond_profile_gate_count': 11}]",0.16322766698431224,0.16346504096873105,,,,,,,,,,,,,
678.2251073750085,cycle_progress,,,,,,,,,,,,404,385,789,,,,,,,,,,,,,,,,,,,512,0.0006,,164640,8,,,,,,,,,,64,4,164416,2504,158,40,,,,,,,,,,,,,,,,,,,,38,,789,808,19,0,False,,,,,,,,,,,,,,,0.16346504096873105,,,,,,,,,,,,,
678.4798829170177,absorbing,,,,,,,R,0,1,0,31,404,385,789,8,0,0,0.0,0.17515883402666077,0.17515883402666077,0.17672137496992946,,207216,,80,False,False,False,False,207216,80,False,512,0.0006,,164416,9,total_elems,,207216,1,1,,,,0.0,80,4,207216,2818,158,40,,,,,,,,,,,,,,,,,,,,,,,,,,,,,,,,,,,,,,,,,,,,,,,,,,,,,,
678.8207141670282,absorbing,,,,,,,R,0,2,0,31,404,385,789,8,0,0,0.0,0.2607586670201272,0.2607586670201272,0.2609788340050727,,281008,,90,False,False,False,False,281008,90,False,512,0.0006,,164416,9,total_elems,,281008,1,1,,,,0.0,90,4,281008,3280,158,40,,,,,,,,,,,,,,,,,,,,,,,,,,,,,,,,,,,,,,,,,,,,,,,,,,,,,,
680.8672591249924,unswapping,,,,,,,,,,,,,,,,,,,,,,,,,,,,,,,,,,,,,,,,,,,,,,,90,4,281008,3280,158,40,0,both,0,20,20,0,0,,,,,0,,,,,,,,,,,,,,,,,,,,,,,,,,,,,,,,,,,,,,,,,,
682.7066719169961,unswapping,,,,,,,,,,,,,,,,,,,,,,,,,,,,,,,,,,,,,,,,,,,,,,,88,4,234032,2948,158,40,0,both,1,19,19,7,7,,,,,0,,,,,,,,,,,,,,,,,,,,,,,,,,,,,,,,,,,,,,,,,,
683.1963202499901,unswapping,,,,,,,,,,,,,,,,,,,,,,,,,,,,,,,,,,,,,,,,,,,,,,,88,4,234032,2948,158,40,0,left,0,20,20,0,7,,,,,0,,,,,,,,,,,,,,,,,,,,,,,,,,,,,,,,,,,,,,,,,,
683.9429049169994,unswapping,,,,,,,,,,,,,,,,,,,,,,,,,,,,,,,,,,,,,,,,,,,,,,,88,4,218768,2848,158,40,0,left,1,19,19,5,12,,,,,10,,,,,,,,,,,,,,,,,,,,,,,,,,,,,,,,,,,,,,,,,,
684.599412666983,unswapping,,,,,,,,,,,,,,,,,,,,,,,,,,,,,,,,,,,,,,,,,,,,,,,80,4,178760,2586,158,40,0,right,0,20,20,7,19,,,,,24,,,,,,,,,,,,,,,,,,,,,,,,,,,,,,,,,,,,,,,,,,
685.1440569579718,unswapping,,,,,,,,,,,,,,,,,,,,,,,,,,,,,,,,,,,,,,,,,,,,,,,64,4,163944,2500,158,40,0,right,1,19,19,2,21,,,,,28,,,,,,,,,,,,,,,,,,,,,,,,,,,,,,,,,,,,,,,,,,
685.8973424580181,unswapping,,,,,,,,,,,,,,,,,,,,,,,,,,,,,,,,,,,,,,,,,,,,,,,64,4,163944,2500,158,40,1,both,0,20,20,0,0,,,,,28,,,,,,,,,,,,,,,,,,,,,,,,,,,,,,,,,,,,,,,,,,
686.7509479169967,unswapping,,,,,,,,,,,,,,,,,,,,,,,,,,,,,,,,,,,,,,,,,,,,,,,64,4,163944,2500,158,40,1,both,1,19,19,0,0,,,,,28,,,,,,,,,,,,,,,,,,,,,,,,,,,,,,,,,,,,,,,,,,
687.1002328330069,unswapping,,,,,,,,,,,,,,,,,,,,,,,,,,,,,,,,,,,,,,,,,,,,,,,64,4,163944,2500,158,40,1,left,0,20,20,0,0,,,,,28,,,,,,,,,,,,,,,,,,,,,,,,,,,,,,,,,,,,,,,,,,
687.565260000003,unswapping,,,,,,,,,,,,,,,,,,,,,,,,,,,,,,,,,,,,,,,,,,,,,,,64,4,163944,2500,158,40,1,left,1,19,19,0,0,,,,,28,,,,,,,,,,,,,,,,,,,,,,,,,,,,,,,,,,,,,,,,,,
687.9998028330156,unswapping,,,,,,,,,,,,,,,,,,,,,,,,,,,,,,,,,,,,,,,,,,,,,,,64,4,163944,2500,158,40,1,right,0,20,20,0,0,,,,,28,,,,,,,,,,,,,,,,,,,,,,,,,,,,,,,,,,,,,,,,,,
688.4124830000219,unswapping,,,,,,,,,,,,,,,,,,,,,,,,,,,,,,,,,,,,,,,,,,,,,,,64,4,163944,2500,158,40,1,right,1,19,19,0,0,,,,,28,,,,,,,,,,,,,,,,,,,,,,,,,,,,,,,,,,,,,,,,,,
689.3489054170204,unswap_cycle_summary,,,,,,,,,,,,404,385,789,,,,,,,,,,,,,,,,,,,512,0.0006,,,,,,,,,,,,,64,4,163944,2500,158,40,,,,,,,,,,,,,,,,,,,,39,9.090724790992681,789,808,19,0,False,,,,,,,,,,,,,,,,,,,,,,,,,,,,
689.5863167080097,rewiring,right,post_unswap,0.15995679196203128,31,False,False,,,,,,,,,,,,,,,,,,,,,,,,,,,,,,,,,,,,,,,,,,,,,,,,,,,,,,,,,,,,,,,,,,39,,,,,,,50,False,0,4,bond_profile,8,False,1,3150,"(367, 48, 11, 8, 19, 98, 31)",0.0029791679698973894,0.15695370791945606,"[{'seed': 123, 'score': (412, 60, 11, 8, 17, 98, 30), 'num_layers': 30, 'total_swaps': 98, 'max_layer_swaps': 9, 'swap_only_layers': 17, 'work_layers': 13, 'unitary_layers': 13, 'first_work_layer': 2, 'leading_no_work_layers': 2, 'bond_profile_layers_scored': 8, 'bond_profile_total_cost': 412, 'bond_profile_max_cost': 60, 'bond_profile_gate_count': 11}, {'seed': 1132, 'score': (421, 48, 12, 8, 18, 98, 30), 'num_layers': 30, 'total_swaps': 98, 'max_layer_swaps': 8, 'swap_only_layers': 18, 'work_layers': 12, 'unitary_layers': 12, 'first_work_layer': 2, 'leading_no_work_layers': 2, 'bond_profile_layers_scored': 8, 'bond_profile_total_cost': 421, 'bond_profile_max_cost': 48, 'bond_profile_gate_count': 12}, {'seed': 2141, 'score': (381, 48, 11, 8, 15, 98, 28), 'num_layers': 28, 'total_swaps': 98, 'max_layer_swaps': 8, 'swap_only_layers': 15, 'work_layers': 13, 'unitary_layers': 13, 'first_work_layer': 2, 'leading_no_work_layers': 2, 'bond_profile_layers_scored': 8, 'bond_profile_total_cost': 381, 'bond_profile_max_cost': 48, 'bond_profile_gate_count': 11}, {'seed': 3150, 'score': (367, 48, 11, 8, 19, 98, 31), 'num_layers': 31, 'total_swaps': 98, 'max_layer_swaps': 8, 'swap_only_layers': 19, 'work_layers': 12, 'unitary_layers': 12, 'first_work_layer': 2, 'leading_no_work_layers': 2, 'bond_profile_layers_scored': 8, 'bond_profile_total_cost': 367, 'bond_profile_max_cost': 48, 'bond_profile_gate_count': 11}]",0.15995075000682846,0.1601688750088215,,,,,,,,,,,,,
689.6637683750014,cycle_progress,,,,,,,,,,,,404,385,789,,,,,,,,,,,,,,,,,,,512,0.0006,,164416,9,,,,,,,,,,64,4,163944,2500,158,40,,,,,,,,,,,,,,,,,,,,39,,789,808,19,0,False,,,,,,,,,,,,,,,0.1601688750088215,,,,,,,,,,,,,
689.9292671249714,absorbing,,,,,,,R,0,1,0,31,404,385,789,8,0,0,0.0,0.18550470896298066,0.18550470896298066,0.18824637500802055,,204024,,80,False,False,False,False,204024,80,False,512,0.0006,,163944,10,total_elems,,204024,1,1,,,,0.0,80,4,204024,2794,158,40,,,,,,,,,,,,,,,,,,,,,,,,,,,,,,,,,,,,,,,,,,,,,,,,,,,,,,
690.2647113329731,absorbing,,,,,,,R,0,2,0,31,404,385,789,8,0,0,0.0,0.2586955420556478,0.2586955420556478,0.2589133749715984,,279692,,89,False,False,False,False,279692,89,False,512,0.0006,,163944,10,total_elems,,279692,1,1,,,,0.0,89,4,279692,3286,158,40,,,,,,,,,,,,,,,,,,,,,,,,,,,,,,,,,,,,,,,,,,,,,,,,,,,,,,
692.1123020829982,unswapping,,,,,,,,,,,,,,,,,,,,,,,,,,,,,,,,,,,,,,,,,,,,,,,89,4,279692,3286,158,40,0,both,0,20,20,0,0,,,,,0,,,,,,,,,,,,,,,,,,,,,,,,,,,,,,,,,,,,,,,,,,
693.6934394999989,unswapping,,,,,,,,,,,,,,,,,,,,,,,,,,,,,,,,,,,,,,,,,,,,,,,88,4,232608,2940,158,40,0,both,1,19,19,7,7,,,,,0,,,,,,,,,,,,,,,,,,,,,,,,,,,,,,,,,,,,,,,,,,
694.2246183750103,unswapping,,,,,,,,,,,,,,,,,,,,,,,,,,,,,,,,,,,,,,,,,,,,,,,88,4,232608,2940,158,40,0,left,0,20,20,0,7,,,,,0,,,,,,,,,,,,,,,,,,,,,,,,,,,,,,,,,,,,,,,,,,
694.9921975830221,unswapping,,,,,,,,,,,,,,,,,,,,,,,,,,,,,,,,,,,,,,,,,,,,,,,88,4,217348,2838,158,40,0,left,1,19,19,5,12,,,,,10,,,,,,,,,,,,,,,,,,,,,,,,,,,,,,,,,,,,,,,,,,
695.7004064170178,unswapping,,,,,,,,,,,,,,,,,,,,,,,,,,,,,,,,,,,,,,,,,,,,,,,80,4,178236,2582,158,40,0,right,0,20,20,7,19,,,,,24,,,,,,,,,,,,,,,,,,,,,,,,,,,,,,,,,,,,,,,,,,
696.2568187500001,unswapping,,,,,,,,,,,,,,,,,,,,,,,,,,,,,,,,,,,,,,,,,,,,,,,64,4,163420,2496,158,40,0,right,1,19,19,2,21,,,,,28,,,,,,,,,,,,,,,,,,,,,,,,,,,,,,,,,,,,,,,,,,
697.0786460830132,unswapping,,,,,,,,,,,,,,,,,,,,,,,,,,,,,,,,,,,,,,,,,,,,,,,64,4,163420,2496,158,40,1,both,0,20,20,0,0,,,,,28,,,,,,,,,,,,,,,,,,,,,,,,,,,,,,,,,,,,,,,,,,
697.8529084170004,unswapping,,,,,,,,,,,,,,,,,,,,,,,,,,,,,,,,,,,,,,,,,,,,,,,64,4,163420,2496,158,40,1,both,1,19,19,0,0,,,,,28,,,,,,,,,,,,,,,,,,,,,,,,,,,,,,,,,,,,,,,,,,
698.1805028329836,unswapping,,,,,,,,,,,,,,,,,,,,,,,,,,,,,,,,,,,,,,,,,,,,,,,64,4,163420,2496,158,40,1,left,0,20,20,0,0,,,,,28,,,,,,,,,,,,,,,,,,,,,,,,,,,,,,,,,,,,,,,,,,
698.56523370801,unswapping,,,,,,,,,,,,,,,,,,,,,,,,,,,,,,,,,,,,,,,,,,,,,,,64,4,163420,2496,158,40,1,left,1,19,19,0,0,,,,,28,,,,,,,,,,,,,,,,,,,,,,,,,,,,,,,,,,,,,,,,,,
698.9224117079866,unswapping,,,,,,,,,,,,,,,,,,,,,,,,,,,,,,,,,,,,,,,,,,,,,,,64,4,163420,2496,158,40,1,right,0,20,20,0,0,,,,,28,,,,,,,,,,,,,,,,,,,,,,,,,,,,,,,,,,,,,,,,,,
699.3307739999727,unswapping,,,,,,,,,,,,,,,,,,,,,,,,,,,,,,,,,,,,,,,,,,,,,,,64,4,163420,2496,158,40,1,right,1,19,19,0,0,,,,,28,,,,,,,,,,,,,,,,,,,,,,,,,,,,,,,,,,,,,,,,,,
700.2514884999837,unswap_cycle_summary,,,,,,,,,,,,404,385,789,,,,,,,,,,,,,,,,,,,512,0.0006,,,,,,,,,,,,,64,4,163420,2496,158,40,,,,,,,,,,,,,,,,,,,,40,8.587544041976798,789,808,19,0,False,,,,,,,,,,,,,,,,,,,,,,,,,,,,
700.4911112079863,rewiring,right,post_unswap,0.16214804101036862,31,False,False,,,,,,,,,,,,,,,,,,,,,,,,,,,,,,,,,,,,,,,,,,,,,,,,,,,,,,,,,,,,,,,,,,40,,,,,,,50,False,0,4,bond_profile,8,False,1,3150,"(367, 48, 11, 8, 19, 98, 31)",0.003068917023483664,0.1590535409632139,"[{'seed': 123, 'score': (412, 60, 11, 8, 17, 98, 30), 'num_layers': 30, 'total_swaps': 98, 'max_layer_swaps': 9, 'swap_only_layers': 17, 'work_layers': 13, 'unitary_layers': 13, 'first_work_layer': 2, 'leading_no_work_layers': 2, 'bond_profile_layers_scored': 8, 'bond_profile_total_cost': 412, 'bond_profile_max_cost': 60, 'bond_profile_gate_count': 11}, {'seed': 1132, 'score': (421, 48, 12, 8, 18, 98, 30), 'num_layers': 30, 'total_swaps': 98, 'max_layer_swaps': 8, 'swap_only_layers': 18, 'work_layers': 12, 'unitary_layers': 12, 'first_work_layer': 2, 'leading_no_work_layers': 2, 'bond_profile_layers_scored': 8, 'bond_profile_total_cost': 421, 'bond_profile_max_cost': 48, 'bond_profile_gate_count': 12}, {'seed': 2141, 'score': (381, 48, 11, 8, 15, 98, 28), 'num_layers': 28, 'total_swaps': 98, 'max_layer_swaps': 8, 'swap_only_layers': 15, 'work_layers': 13, 'unitary_layers': 13, 'first_work_layer': 2, 'leading_no_work_layers': 2, 'bond_profile_layers_scored': 8, 'bond_profile_total_cost': 381, 'bond_profile_max_cost': 48, 'bond_profile_gate_count': 11}, {'seed': 3150, 'score': (367, 48, 11, 8, 19, 98, 31), 'num_layers': 31, 'total_swaps': 98, 'max_layer_swaps': 8, 'swap_only_layers': 19, 'work_layers': 12, 'unitary_layers': 12, 'first_work_layer': 2, 'leading_no_work_layers': 2, 'bond_profile_layers_scored': 8, 'bond_profile_total_cost': 367, 'bond_profile_max_cost': 48, 'bond_profile_gate_count': 11}]",0.162142249988392,0.1623607919900678,,,,,,,,,,,,,
700.5640179169714,cycle_progress,,,,,,,,,,,,404,385,789,,,,,,,,,,,,,,,,,,,512,0.0006,,163944,10,,,,,,,,,,64,4,163420,2496,158,40,,,,,,,,,,,,,,,,,,,,40,,789,808,19,0,False,,,,,,,,,,,,,,,0.1623607919900678,,,,,,,,,,,,,
700.8263099999749,absorbing,,,,,,,R,0,1,0,31,404,385,789,8,0,0,0.0,0.17871016601566225,0.17871016601566225,0.18117537500802428,,205168,,80,False,False,False,False,205168,80,False,512,0.0006,,163420,11,total_elems,,205168,1,1,,,,0.0,80,4,205168,2804,158,40,,,,,,,,,,,,,,,,,,,,,,,,,,,,,,,,,,,,,,,,,,,,,,,,,,,,,,
701.1376941250055,absorbing,,,,,,,R,0,2,0,31,404,385,789,8,0,0,0.0,0.2319529170054011,0.2319529170054011,0.23219045798759907,,276656,,88,False,False,False,False,276656,88,False,512,0.0006,,163420,11,total_elems,,276656,1,1,,,,0.0,88,4,276656,3262,158,40,,,,,,,,,,,,,,,,,,,,,,,,,,,,,,,,,,,,,,,,,,,,,,,,,,,,,,
702.9632648329716,unswapping,,,,,,,,,,,,,,,,,,,,,,,,,,,,,,,,,,,,,,,,,,,,,,,88,4,276656,3262,158,40,0,both,0,20,20,0,0,,,,,0,,,,,,,,,,,,,,,,,,,,,,,,,,,,,,,,,,,,,,,,,,
704.5688845419791,unswapping,,,,,,,,,,,,,,,,,,,,,,,,,,,,,,,,,,,,,,,,,,,,,,,88,4,231912,2936,158,40,0,both,1,19,19,7,7,,,,,0,,,,,,,,,,,,,,,,,,,,,,,,,,,,,,,,,,,,,,,,,,
705.0216679170262,unswapping,,,,,,,,,,,,,,,,,,,,,,,,,,,,,,,,,,,,,,,,,,,,,,,88,4,231912,2936,158,40,0,left,0,20,20,0,7,,,,,0,,,,,,,,,,,,,,,,,,,,,,,,,,,,,,,,,,,,,,,,,,
705.760764000006,unswapping,,,,,,,,,,,,,,,,,,,,,,,,,,,,,,,,,,,,,,,,,,,,,,,88,4,216736,2834,158,40,0,left,1,19,19,5,12,,,,,10,,,,,,,,,,,,,,,,,,,,,,,,,,,,,,,,,,,,,,,,,,
706.391157666978,unswapping,,,,,,,,,,,,,,,,,,,,,,,,,,,,,,,,,,,,,,,,,,,,,,,80,4,177748,2578,158,40,0,right,0,20,20,7,19,,,,,24,,,,,,,,,,,,,,,,,,,,,,,,,,,,,,,,,,,,,,,,,,
706.9019376669894,unswapping,,,,,,,,,,,,,,,,,,,,,,,,,,,,,,,,,,,,,,,,,,,,,,,64,4,162932,2492,158,40,0,right,1,19,19,2,21,,,,,28,,,,,,,,,,,,,,,,,,,,,,,,,,,,,,,,,,,,,,,,,,
707.671700041974,unswapping,,,,,,,,,,,,,,,,,,,,,,,,,,,,,,,,,,,,,,,,,,,,,,,64,4,162932,2492,158,40,1,both,0,20,20,0,0,,,,,28,,,,,,,,,,,,,,,,,,,,,,,,,,,,,,,,,,,,,,,,,,
708.5262499580276,unswapping,,,,,,,,,,,,,,,,,,,,,,,,,,,,,,,,,,,,,,,,,,,,,,,64,4,162932,2492,158,40,1,both,1,19,19,0,0,,,,,28,,,,,,,,,,,,,,,,,,,,,,,,,,,,,,,,,,,,,,,,,,
708.8682675419841,unswapping,,,,,,,,,,,,,,,,,,,,,,,,,,,,,,,,,,,,,,,,,,,,,,,64,4,162932,2492,158,40,1,left,0,20,20,0,0,,,,,28,,,,,,,,,,,,,,,,,,,,,,,,,,,,,,,,,,,,,,,,,,
709.2562652920024,unswapping,,,,,,,,,,,,,,,,,,,,,,,,,,,,,,,,,,,,,,,,,,,,,,,64,4,162932,2492,158,40,1,left,1,19,19,0,0,,,,,28,,,,,,,,,,,,,,,,,,,,,,,,,,,,,,,,,,,,,,,,,,
709.6119596249773,unswapping,,,,,,,,,,,,,,,,,,,,,,,,,,,,,,,,,,,,,,,,,,,,,,,64,4,162932,2492,158,40,1,right,0,20,20,0,0,,,,,28,,,,,,,,,,,,,,,,,,,,,,,,,,,,,,,,,,,,,,,,,,
710.0436141249957,unswapping,,,,,,,,,,,,,,,,,,,,,,,,,,,,,,,,,,,,,,,,,,,,,,,64,4,162932,2492,158,40,1,right,1,19,19,0,0,,,,,28,,,,,,,,,,,,,,,,,,,,,,,,,,,,,,,,,,,,,,,,,,
710.9841397919809,unswap_cycle_summary,,,,,,,,,,,,404,385,789,,,,,,,,,,,,,,,,,,,512,0.0006,,,,,,,,,,,,,64,4,162932,2492,158,40,,,,,,,,,,,,,,,,,,,,41,8.449150750006083,789,808,19,0,False,,,,,,,,,,,,,,,,,,,,,,,,,,,,
711.2296102920081,rewiring,right,post_unswap,0.164496416982729,31,False,False,,,,,,,,,,,,,,,,,,,,,,,,,,,,,,,,,,,,,,,,,,,,,,,,,,,,,,,,,,,,,,,,,,41,,,,,,,50,False,0,4,bond_profile,8,False,1,3150,"(367, 48, 11, 8, 19, 98, 31)",0.0030629989923909307,0.16140353999799117,"[{'seed': 123, 'score': (412, 60, 11, 8, 17, 98, 30), 'num_layers': 30, 'total_swaps': 98, 'max_layer_swaps': 9, 'swap_only_layers': 17, 'work_layers': 13, 'unitary_layers': 13, 'first_work_layer': 2, 'leading_no_work_layers': 2, 'bond_profile_layers_scored': 8, 'bond_profile_total_cost': 412, 'bond_profile_max_cost': 60, 'bond_profile_gate_count': 11}, {'seed': 1132, 'score': (421, 48, 12, 8, 18, 98, 30), 'num_layers': 30, 'total_swaps': 98, 'max_layer_swaps': 8, 'swap_only_layers': 18, 'work_layers': 12, 'unitary_layers': 12, 'first_work_layer': 2, 'leading_no_work_layers': 2, 'bond_profile_layers_scored': 8, 'bond_profile_total_cost': 421, 'bond_profile_max_cost': 48, 'bond_profile_gate_count': 12}, {'seed': 2141, 'score': (381, 48, 11, 8, 15, 98, 28), 'num_layers': 28, 'total_swaps': 98, 'max_layer_swaps': 8, 'swap_only_layers': 15, 'work_layers': 13, 'unitary_layers': 13, 'first_work_layer': 2, 'leading_no_work_layers': 2, 'bond_profile_layers_scored': 8, 'bond_profile_total_cost': 381, 'bond_profile_max_cost': 48, 'bond_profile_gate_count': 11}, {'seed': 3150, 'score': (367, 48, 11, 8, 19, 98, 31), 'num_layers': 31, 'total_swaps': 98, 'max_layer_swaps': 8, 'swap_only_layers': 19, 'work_layers': 12, 'unitary_layers': 12, 'first_work_layer': 2, 'leading_no_work_layers': 2, 'bond_profile_layers_scored': 8, 'bond_profile_total_cost': 367, 'bond_profile_max_cost': 48, 'bond_profile_gate_count': 11}]",0.16448924998985603,0.16471183398971334,,,,,,,,,,,,,
711.3073084999924,cycle_progress,,,,,,,,,,,,404,385,789,,,,,,,,,,,,,,,,,,,512,0.0006,,163420,11,,,,,,,,,,64,4,162932,2492,158,40,,,,,,,,,,,,,,,,,,,,41,,789,808,19,0,False,,,,,,,,,,,,,,,0.16471183398971334,,,,,,,,,,,,,
711.5662242919789,absorbing,,,,,,,R,0,1,0,31,404,385,789,8,0,0,0.0,0.1773758750059642,0.1773758750059642,0.17922333301976323,,201876,,80,False,False,False,False,201876,80,False,512,0.0006,,162932,12,total_elems,,201876,1,1,,,,0.0,80,4,201876,2780,158,40,,,,,,,,,,,,,,,,,,,,,,,,,,,,,,,,,,,,,,,,,,,,,,,,,,,,,,
711.8839422920137,absorbing,,,,,,,R,0,2,0,31,404,385,789,8,0,0,0.0,0.23518662503920496,0.23518662503920496,0.23542749998159707,,275764,,88,False,False,False,False,275764,88,False,512,0.0006,,162932,12,total_elems,,275764,1,1,,,,0.0,88,4,275764,3268,158,40,,,,,,,,,,,,,,,,,,,,,,,,,,,,,,,,,,,,,,,,,,,,,,,,,,,,,,
713.7608524999814,unswapping,,,,,,,,,,,,,,,,,,,,,,,,,,,,,,,,,,,,,,,,,,,,,,,88,4,275764,3268,158,40,0,both,0,20,20,0,0,,,,,0,,,,,,,,,,,,,,,,,,,,,,,,,,,,,,,,,,,,,,,,,,
715.3299908330082,unswapping,,,,,,,,,,,,,,,,,,,,,,,,,,,,,,,,,,,,,,,,,,,,,,,87,4,230196,2926,158,40,0,both,1,19,19,7,7,,,,,0,,,,,,,,,,,,,,,,,,,,,,,,,,,,,,,,,,,,,,,,,,
715.8024442919996,unswapping,,,,,,,,,,,,,,,,,,,,,,,,,,,,,,,,,,,,,,,,,,,,,,,87,4,230196,2926,158,40,0,left,0,20,20,0,7,,,,,0,,,,,,,,,,,,,,,,,,,,,,,,,,,,,,,,,,,,,,,,,,
716.5220060420106,unswapping,,,,,,,,,,,,,,,,,,,,,,,,,,,,,,,,,,,,,,,,,,,,,,,87,4,214428,2820,158,40,0,left,1,19,19,5,12,,,,,10,,,,,,,,,,,,,,,,,,,,,,,,,,,,,,,,,,,,,,,,,,
717.1411067079753,unswapping,,,,,,,,,,,,,,,,,,,,,,,,,,,,,,,,,,,,,,,,,,,,,,,80,4,176780,2570,158,40,0,right,0,20,20,8,20,,,,,26,,,,,,,,,,,,,,,,,,,,,,,,,,,,,,,,,,,,,,,,,,
717.6502325829933,unswapping,,,,,,,,,,,,,,,,,,,,,,,,,,,,,,,,,,,,,,,,,,,,,,,64,4,161116,2478,158,40,0,right,1,19,19,2,22,,,,,30,,,,,,,,,,,,,,,,,,,,,,,,,,,,,,,,,,,,,,,,,,
718.3912727080169,unswapping,,,,,,,,,,,,,,,,,,,,,,,,,,,,,,,,,,,,,,,,,,,,,,,64,4,161116,2478,158,40,1,both,0,20,20,0,0,,,,,30,,,,,,,,,,,,,,,,,,,,,,,,,,,,,,,,,,,,,,,,,,
719.1557477079914,unswapping,,,,,,,,,,,,,,,,,,,,,,,,,,,,,,,,,,,,,,,,,,,,,,,64,4,161116,2478,158,40,1,both,1,19,19,0,0,,,,,30,,,,,,,,,,,,,,,,,,,,,,,,,,,,,,,,,,,,,,,,,,
719.4726246669888,unswapping,,,,,,,,,,,,,,,,,,,,,,,,,,,,,,,,,,,,,,,,,,,,,,,64,4,161116,2478,158,40,1,left,0,20,20,0,0,,,,,30,,,,,,,,,,,,,,,,,,,,,,,,,,,,,,,,,,,,,,,,,,
719.8149108749931,unswapping,,,,,,,,,,,,,,,,,,,,,,,,,,,,,,,,,,,,,,,,,,,,,,,64,4,161116,2478,158,40,1,left,1,19,19,0,0,,,,,30,,,,,,,,,,,,,,,,,,,,,,,,,,,,,,,,,,,,,,,,,,
720.1512591670034,unswapping,,,,,,,,,,,,,,,,,,,,,,,,,,,,,,,,,,,,,,,,,,,,,,,64,4,161116,2478,158,40,1,right,0,20,20,0,0,,,,,30,,,,,,,,,,,,,,,,,,,,,,,,,,,,,,,,,,,,,,,,,,
720.5271877920022,unswapping,,,,,,,,,,,,,,,,,,,,,,,,,,,,,,,,,,,,,,,,,,,,,,,64,4,161116,2478,158,40,1,right,1,19,19,0,0,,,,,30,,,,,,,,,,,,,,,,,,,,,,,,,,,,,,,,,,,,,,,,,,
721.4666763750138,unswap_cycle_summary,,,,,,,,,,,,404,385,789,,,,,,,,,,,,,,,,,,,512,0.0006,,,,,,,,,,,,,64,4,161116,2478,158,40,,,,,,,,,,,,,,,,,,,,42,8.190142582985573,789,808,19,0,False,,,,,,,,,,,,,,,,,,,,,,,,,,,,
721.7032737500267,rewiring,right,post_unswap,0.15879962500184774,31,False,False,,,,,,,,,,,,,,,,,,,,,,,,,,,,,,,,,,,,,,,,,,,,,,,,,,,,,,,,,,,,,,,,,,42,,,,,,,50,False,0,4,bond_profile,8,False,1,3150,"(378, 48, 12, 8, 20, 99, 32)",0.002974957984406501,0.15579841588623822,"[{'seed': 123, 'score': (402, 58, 11, 8, 17, 99, 29), 'num_layers': 29, 'total_swaps': 99, 'max_layer_swaps': 9, 'swap_only_layers': 17, 'work_layers': 12, 'unitary_layers': 12, 'first_work_layer': 2, 'leading_no_work_layers': 2, 'bond_profile_layers_scored': 8, 'bond_profile_total_cost': 402, 'bond_profile_max_cost': 58, 'bond_profile_gate_count': 11}, {'seed': 1132, 'score': (381, 48, 11, 8, 16, 99, 29), 'num_layers': 29, 'total_swaps': 99, 'max_layer_swaps': 9, 'swap_only_layers': 16, 'work_layers': 13, 'unitary_layers': 13, 'first_work_layer': 2, 'leading_no_work_layers': 2, 'bond_profile_layers_scored': 8, 'bond_profile_total_cost': 381, 'bond_profile_max_cost': 48, 'bond_profile_gate_count': 11}, {'seed': 2141, 'score': (389, 48, 11, 8, 18, 99, 31), 'num_layers': 31, 'total_swaps': 99, 'max_layer_swaps': 9, 'swap_only_layers': 18, 'work_layers': 13, 'unitary_layers': 13, 'first_work_layer': 2, 'leading_no_work_layers': 2, 'bond_profile_layers_scored': 8, 'bond_profile_total_cost': 389, 'bond_profile_max_cost': 48, 'bond_profile_gate_count': 11}, {'seed': 3150, 'score': (378, 48, 12, 8, 20, 99, 32), 'num_layers': 32, 'total_swaps': 99, 'max_layer_swaps': 8, 'swap_only_layers': 20, 'work_layers': 12, 'unitary_layers': 12, 'first_work_layer': 2, 'leading_no_work_layers': 2, 'bond_profile_layers_scored': 8, 'bond_profile_total_cost': 378, 'bond_profile_max_cost': 48, 'bond_profile_gate_count': 12}]",0.1587925420026295,0.1590325409779325,,,,,,,,,,,,,
721.7868504169746,cycle_progress,,,,,,,,,,,,404,385,789,,,,,,,,,,,,,,,,,,,512,0.0006,,162932,12,,,,,,,,,,64,4,161116,2478,158,40,,,,,,,,,,,,,,,,,,,,42,,789,808,19,0,False,,,,,,,,,,,,,,,0.1590325409779325,,,,,,,,,,,,,
722.0269218329922,absorbing,,,,,,,R,0,1,0,32,404,385,789,8,0,0,0.0,0.15641758299898356,0.15641758299898356,0.15864162502111867,,198820,,80,False,False,False,False,198820,80,False,512,0.0006,,161116,13,total_elems,,198820,1,1,,,,0.0,80,4,198820,2752,158,40,,,,,,,,,,,,,,,,,,,,,,,,,,,,,,,,,,,,,,,,,,,,,,,,,,,,,,
722.3494797080057,absorbing,,,,,,,R,0,2,0,32,404,385,789,7,0,0,0.0,0.24189595796633512,0.24189595796633512,0.24211366602685302,,255048,,86,False,False,False,False,255048,86,False,512,0.0006,,161116,13,total_elems,,255048,1,1,,,,0.0,86,4,255048,3096,158,40,,,,,,,,,,,,,,,,,,,,,,,,,,,,,,,,,,,,,,,,,,,,,,,,,,,,,,
722.7556882919744,absorbing,,,,,,,R,0,3,0,32,404,386,790,6,1,1,0.0,0.3249035829794593,0.3249035829794593,0.32514008303405717,,431900,,195,False,False,False,False,431900,195,False,512,0.0006,,161116,13,total_elems,,431900,1,1,,,,0.0,195,4,431900,3850,158,40,,,,,,,,,,,,,,,,,,,,,,,,,,,,,,,,,,,,,,,,,,,,,,,,,,,,,,
725.5571377919987,unswapping,,,,,,,,,,,,,,,,,,,,,,,,,,,,,,,,,,,,,,,,,,,,,,,128,4,324220,3392,158,40,0,both,0,20,20,4,4,,,,,0,,,,,,,,,,,,,,,,,,,,,,,,,,,,,,,,,,,,,,,,,,
727.5413524999749,unswapping,,,,,,,,,,,,,,,,,,,,,,,,,,,,,,,,,,,,,,,,,,,,,,,89,4,262768,3068,158,40,0,both,1,19,19,6,10,,,,,0,,,,,,,,,,,,,,,,,,,,,,,,,,,,,,,,,,,,,,,,,,
728.2505612079985,unswapping,,,,,,,,,,,,,,,,,,,,,,,,,,,,,,,,,,,,,,,,,,,,,,,88,4,256624,3028,158,40,0,left,0,20,20,1,11,,,,,2,,,,,,,,,,,,,,,,,,,,,,,,,,,,,,,,,,,,,,,,,,
728.9761409999919,unswapping,,,,,,,,,,,,,,,,,,,,,,,,,,,,,,,,,,,,,,,,,,,,,,,84,4,227432,2894,158,40,0,left,1,19,19,4,15,,,,,10,,,,,,,,,,,,,,,,,,,,,,,,,,,,,,,,,,,,,,,,,,
729.6572052079719,unswapping,,,,,,,,,,,,,,,,,,,,,,,,,,,,,,,,,,,,,,,,,,,,,,,81,4,203988,2738,158,40,0,right,0,20,20,5,20,,,,,20,,,,,,,,,,,,,,,,,,,,,,,,,,,,,,,,,,,,,,,,,,
730.2526685830089,unswapping,,,,,,,,,,,,,,,,,,,,,,,,,,,,,,,,,,,,,,,,,,,,,,,80,4,190460,2666,158,40,0,right,1,19,19,1,21,,,,,22,,,,,,,,,,,,,,,,,,,,,,,,,,,,,,,,,,,,,,,,,,
731.350877000019,unswapping,,,,,,,,,,,,,,,,,,,,,,,,,,,,,,,,,,,,,,,,,,,,,,,78,4,186660,2634,158,40,1,both,0,20,20,1,1,,,,,22,,,,,,,,,,,,,,,,,,,,,,,,,,,,,,,,,,,,,,,,,,
732.2081023330102,unswapping,,,,,,,,,,,,,,,,,,,,,,,,,,,,,,,,,,,,,,,,,,,,,,,78,4,186660,2634,158,40,1,both,1,19,19,0,1,,,,,22,,,,,,,,,,,,,,,,,,,,,,,,,,,,,,,,,,,,,,,,,,
732.7093687499873,unswapping,,,,,,,,,,,,,,,,,,,,,,,,,,,,,,,,,,,,,,,,,,,,,,,77,4,183400,2602,158,40,1,left,0,20,20,1,2,,,,,22,,,,,,,,,,,,,,,,,,,,,,,,,,,,,,,,,,,,,,,,,,
733.1664475830039,unswapping,,,,,,,,,,,,,,,,,,,,,,,,,,,,,,,,,,,,,,,,,,,,,,,76,4,181784,2586,158,40,1,left,1,19,19,1,3,,,,,24,,,,,,,,,,,,,,,,,,,,,,,,,,,,,,,,,,,,,,,,,,
733.6407057920005,unswapping,,,,,,,,,,,,,,,,,,,,,,,,,,,,,,,,,,,,,,,,,,,,,,,75,4,180848,2576,158,40,1,right,0,20,20,1,4,,,,,26,,,,,,,,,,,,,,,,,,,,,,,,,,,,,,,,,,,,,,,,,,
734.0382013330236,unswapping,,,,,,,,,,,,,,,,,,,,,,,,,,,,,,,,,,,,,,,,,,,,,,,75,4,180848,2576,158,40,1,right,1,19,19,0,4,,,,,26,,,,,,,,,,,,,,,,,,,,,,,,,,,,,,,,,,,,,,,,,,
734.8852657499956,unswapping,,,,,,,,,,,,,,,,,,,,,,,,,,,,,,,,,,,,,,,,,,,,,,,75,4,180848,2576,158,40,2,both,0,20,20,0,0,,,,,26,,,,,,,,,,,,,,,,,,,,,,,,,,,,,,,,,,,,,,,,,,
735.7411714170012,unswapping,,,,,,,,,,,,,,,,,,,,,,,,,,,,,,,,,,,,,,,,,,,,,,,75,4,180848,2576,158,40,2,both,1,19,19,0,0,,,,,26,,,,,,,,,,,,,,,,,,,,,,,,,,,,,,,,,,,,,,,,,,
736.1362847079872,unswapping,,,,,,,,,,,,,,,,,,,,,,,,,,,,,,,,,,,,,,,,,,,,,,,75,4,180848,2576,158,40,2,left,0,20,20,0,0,,,,,26,,,,,,,,,,,,,,,,,,,,,,,,,,,,,,,,,,,,,,,,,,
736.5231926250271,unswapping,,,,,,,,,,,,,,,,,,,,,,,,,,,,,,,,,,,,,,,,,,,,,,,75,4,180848,2576,158,40,2,left,1,19,19,0,0,,,,,26,,,,,,,,,,,,,,,,,,,,,,,,,,,,,,,,,,,,,,,,,,
736.9114294170286,unswapping,,,,,,,,,,,,,,,,,,,,,,,,,,,,,,,,,,,,,,,,,,,,,,,75,4,180848,2576,158,40,2,right,0,20,20,0,0,,,,,26,,,,,,,,,,,,,,,,,,,,,,,,,,,,,,,,,,,,,,,,,,
737.3213919170084,unswapping,,,,,,,,,,,,,,,,,,,,,,,,,,,,,,,,,,,,,,,,,,,,,,,75,4,180848,2576,158,40,2,right,1,19,19,0,0,,,,,26,,,,,,,,,,,,,,,,,,,,,,,,,,,,,,,,,,,,,,,,,,
738.7589561669738,unswap_cycle_summary,,,,,,,,,,,,404,386,790,,,,,,,,,,,,,,,,,,,512,0.0006,,,,,,,,,,,,,75,4,180848,2576,158,40,,,,,,,,,,,,,,,,,,,,43,13.916328000021167,790,808,18,1,False,,,,,,,,,,,,,,,,,,,,,,,,,,,,
738.997089624987,rewiring,right,post_unswap,0.15830362495034933,31,False,False,,,,,,,,,,,,,,,,,,,,,,,,,,,,,,,,,,,,,,,,,,,,,,,,,,,,,,,,,,,,,,,,,,43,,,,,,,50,False,1,4,bond_profile,8,False,1,2141,"(490, 48, 15, 8, 18, 92, 29)",0.0031144589884206653,0.1551628329907544,"[{'seed': 123, 'score': (522, 48, 16, 8, 20, 92, 30), 'num_layers': 30, 'total_swaps': 92, 'max_layer_swaps': 8, 'swap_only_layers': 20, 'work_layers': 10, 'unitary_layers': 10, 'first_work_layer': 2, 'leading_no_work_layers': 2, 'bond_profile_layers_scored': 8, 'bond_profile_total_cost': 522, 'bond_profile_max_cost': 48, 'bond_profile_gate_count': 16}, {'seed': 1132, 'score': (505, 64, 14, 8, 19, 92, 29), 'num_layers': 29, 'total_swaps': 92, 'max_layer_swaps': 8, 'swap_only_layers': 19, 'work_layers': 10, 'unitary_layers': 10, 'first_work_layer': 2, 'leading_no_work_layers': 2, 'bond_profile_layers_scored': 8, 'bond_profile_total_cost': 505, 'bond_profile_max_cost': 64, 'bond_profile_gate_count': 14}, {'seed': 2141, 'score': (490, 48, 15, 8, 18, 92, 29), 'num_layers': 29, 'total_swaps': 92, 'max_layer_swaps': 8, 'swap_only_layers': 18, 'work_layers': 11, 'unitary_layers': 11, 'first_work_layer': 2, 'leading_no_work_layers': 2, 'bond_profile_layers_scored': 8, 'bond_profile_total_cost': 490, 'bond_profile_max_cost': 48, 'bond_profile_gate_count': 15}, {'seed': 3150, 'score': (493, 54, 14, 8, 17, 92, 28), 'num_layers': 28, 'total_swaps': 92, 'max_layer_swaps': 9, 'swap_only_layers': 17, 'work_layers': 11, 'unitary_layers': 11, 'first_work_layer': 2, 'leading_no_work_layers': 2, 'bond_profile_layers_scored': 8, 'bond_profile_total_cost': 493, 'bond_profile_max_cost': 54, 'bond_profile_gate_count': 14}]",0.15829745901282877,0.15852587501285598,,,,,,,,,,,,,
739.0738163330243,cycle_progress,,,,,,,,,,,,404,386,790,,,,,,,,,,,,,,,,,,,512,0.0006,,161116,13,,,,,,,,,,75,4,180848,2576,158,40,,,,,,,,,,,,,,,,,,,,43,,790,808,18,1,False,,,,,,,,,,,,,,,0.15852587501285598,,,,,,,,,,,,,
739.3350172499777,absorbing,,,,,,,R,0,1,0,29,404,386,790,8,0,0,0.0,0.17883845802862197,0.17883845802862197,0.18119820900028571,,226340,,75,False,False,False,False,226340,75,False,512,0.0006,,180848,0,total_elems,,226340,1,1,,,,0.0,75,4,226340,2886,158,40,,,,,,,,,,,,,,,,,,,,,,,,,,,,,,,,,,,,,,,,,,,,,,,,,,,,,,
739.6807576250285,absorbing,,,,,,,R,0,2,0,29,404,386,790,8,0,0,0.0,0.2648307079798542,0.2648307079798542,0.26505595800699666,,342040,,159,False,False,False,False,342040,159,False,512,0.0006,,180848,0,total_elems,,342040,1,1,,,,0.0,159,4,342040,3554,158,40,,,,,,,,,,,,,,,,,,,,,,,,,,,,,,,,,,,,,,,,,,,,,,,,,,,,,,
742.601626083022,unswapping,,,,,,,,,,,,,,,,,,,,,,,,,,,,,,,,,,,,,,,,,,,,,,,144,4,326920,3468,158,40,0,both,0,20,20,1,1,,,,,0,,,,,,,,,,,,,,,,,,,,,,,,,,,,,,,,,,,,,,,,,,
744.1980331669911,unswapping,,,,,,,,,,,,,,,,,,,,,,,,,,,,,,,,,,,,,,,,,,,,,,,91,4,254328,3024,158,40,0,both,1,19,19,7,8,,,,,0,,,,,,,,,,,,,,,,,,,,,,,,,,,,,,,,,,,,,,,,,,
744.8515886670211,unswapping,,,,,,,,,,,,,,,,,,,,,,,,,,,,,,,,,,,,,,,,,,,,,,,86,4,246948,2980,158,40,0,left,0,20,20,2,10,,,,,4,,,,,,,,,,,,,,,,,,,,,,,,,,,,,,,,,,,,,,,,,,
745.499382583017,unswapping,,,,,,,,,,,,,,,,,,,,,,,,,,,,,,,,,,,,,,,,,,,,,,,83,4,231664,2884,158,40,0,left,1,19,19,5,15,,,,,14,,,,,,,,,,,,,,,,,,,,,,,,,,,,,,,,,,,,,,,,,,
746.1869858750142,unswapping,,,,,,,,,,,,,,,,,,,,,,,,,,,,,,,,,,,,,,,,,,,,,,,73,4,198260,2696,158,40,0,right,0,20,20,5,20,,,,,24,,,,,,,,,,,,,,,,,,,,,,,,,,,,,,,,,,,,,,,,,,
746.7189357079915,unswapping,,,,,,,,,,,,,,,,,,,,,,,,,,,,,,,,,,,,,,,,,,,,,,,73,4,183216,2608,158,40,0,right,1,19,19,2,22,,,,,28,,,,,,,,,,,,,,,,,,,,,,,,,,,,,,,,,,,,,,,,,,
747.6386556670186,unswapping,,,,,,,,,,,,,,,,,,,,,,,,,,,,,,,,,,,,,,,,,,,,,,,73,4,178996,2572,158,40,1,both,0,20,20,1,1,,,,,32,,,,,,,,,,,,,,,,,,,,,,,,,,,,,,,,,,,,,,,,,,
748.3853497499949,unswapping,,,,,,,,,,,,,,,,,,,,,,,,,,,,,,,,,,,,,,,,,,,,,,,73,4,178996,2572,158,40,1,both,1,19,19,0,1,,,,,32,,,,,,,,,,,,,,,,,,,,,,,,,,,,,,,,,,,,,,,,,,
748.7917442499893,unswapping,,,,,,,,,,,,,,,,,,,,,,,,,,,,,,,,,,,,,,,,,,,,,,,73,4,177168,2550,158,40,1,left,0,20,20,2,3,,,,,32,,,,,,,,,,,,,,,,,,,,,,,,,,,,,,,,,,,,,,,,,,
749.0770608329913,unswapping,,,,,,,,,,,,,,,,,,,,,,,,,,,,,,,,,,,,,,,,,,,,,,,73,4,177168,2550,158,40,1,left,1,19,19,0,3,,,,,32,,,,,,,,,,,,,,,,,,,,,,,,,,,,,,,,,,,,,,,,,,
749.3811591250123,unswapping,,,,,,,,,,,,,,,,,,,,,,,,,,,,,,,,,,,,,,,,,,,,,,,73,4,177168,2550,158,40,1,right,0,20,20,0,3,,,,,32,,,,,,,,,,,,,,,,,,,,,,,,,,,,,,,,,,,,,,,,,,
749.6882823330234,unswapping,,,,,,,,,,,,,,,,,,,,,,,,,,,,,,,,,,,,,,,,,,,,,,,73,4,177168,2550,158,40,1,right,1,19,19,0,3,,,,,32,,,,,,,,,,,,,,,,,,,,,,,,,,,,,,,,,,,,,,,,,,
750.4640017920174,unswapping,,,,,,,,,,,,,,,,,,,,,,,,,,,,,,,,,,,,,,,,,,,,,,,73,4,177168,2550,158,40,2,both,0,20,20,0,0,,,,,32,,,,,,,,,,,,,,,,,,,,,,,,,,,,,,,,,,,,,,,,,,
751.2885948329931,unswapping,,,,,,,,,,,,,,,,,,,,,,,,,,,,,,,,,,,,,,,,,,,,,,,73,4,177168,2550,158,40,2,both,1,19,19,0,0,,,,,32,,,,,,,,,,,,,,,,,,,,,,,,,,,,,,,,,,,,,,,,,,
751.6519401670084,unswapping,,,,,,,,,,,,,,,,,,,,,,,,,,,,,,,,,,,,,,,,,,,,,,,73,4,177168,2550,158,40,2,left,0,20,20,0,0,,,,,32,,,,,,,,,,,,,,,,,,,,,,,,,,,,,,,,,,,,,,,,,,
752.0737286250223,unswapping,,,,,,,,,,,,,,,,,,,,,,,,,,,,,,,,,,,,,,,,,,,,,,,73,4,177168,2550,158,40,2,left,1,19,19,0,0,,,,,32,,,,,,,,,,,,,,,,,,,,,,,,,,,,,,,,,,,,,,,,,,
752.4480806249776,unswapping,,,,,,,,,,,,,,,,,,,,,,,,,,,,,,,,,,,,,,,,,,,,,,,73,4,177168,2550,158,40,2,right,0,20,20,0,0,,,,,32,,,,,,,,,,,,,,,,,,,,,,,,,,,,,,,,,,,,,,,,,,
752.8390700829914,unswapping,,,,,,,,,,,,,,,,,,,,,,,,,,,,,,,,,,,,,,,,,,,,,,,73,4,177168,2550,158,40,2,right,1,19,19,0,0,,,,,32,,,,,,,,,,,,,,,,,,,,,,,,,,,,,,,,,,,,,,,,,,
754.4145465830225,unswap_cycle_summary,,,,,,,,,,,,404,386,790,,,,,,,,,,,,,,,,,,,512,0.0006,,,,,,,,,,,,,73,4,177168,2550,158,40,,,,,,,,,,,,,,,,,,,,44,12.51005429198267,790,808,18,0,False,,,,,,,,,,,,,,,,,,,,,,,,,,,,
754.5562292920076,rewiring,right,post_unswap,0.06458329199813306,29,False,False,,,,,,,,,,,,,,,,,,,,,,,,,,,,,,,,,,,,,,,,,,,,,,,,,,,,,,,,,,,,,,,,,,44,,,,,,,50,False,0,4,bond_profile,8,False,1,3150,"(482, 54, 14, 8, 17, 92, 28)",0.002915124990977347,0.06164333299966529,"[{'seed': 123, 'score': (520, 48, 16, 8, 20, 92, 30), 'num_layers': 30, 'total_swaps': 92, 'max_layer_swaps': 8, 'swap_only_layers': 20, 'work_layers': 10, 'unitary_layers': 10, 'first_work_layer': 2, 'leading_no_work_layers': 2, 'bond_profile_layers_scored': 8, 'bond_profile_total_cost': 520, 'bond_profile_max_cost': 48, 'bond_profile_gate_count': 16}, {'seed': 1132, 'score': (503, 64, 14, 8, 19, 92, 29), 'num_layers': 29, 'total_swaps': 92, 'max_layer_swaps': 8, 'swap_only_layers': 19, 'work_layers': 10, 'unitary_layers': 10, 'first_work_layer': 2, 'leading_no_work_layers': 2, 'bond_profile_layers_scored': 8, 'bond_profile_total_cost': 503, 'bond_profile_max_cost': 64, 'bond_profile_gate_count': 14}, {'seed': 2141, 'score': (483, 48, 15, 8, 18, 92, 29), 'num_layers': 29, 'total_swaps': 92, 'max_layer_swaps': 8, 'swap_only_layers': 18, 'work_layers': 11, 'unitary_layers': 11, 'first_work_layer': 2, 'leading_no_work_layers': 2, 'bond_profile_layers_scored': 8, 'bond_profile_total_cost': 483, 'bond_profile_max_cost': 48, 'bond_profile_gate_count': 15}, {'seed': 3150, 'score': (482, 54, 14, 8, 17, 92, 28), 'num_layers': 28, 'total_swaps': 92, 'max_layer_swaps': 9, 'swap_only_layers': 17, 'work_layers': 11, 'unitary_layers': 11, 'first_work_layer': 2, 'leading_no_work_layers': 2, 'bond_profile_layers_scored': 8, 'bond_profile_total_cost': 482, 'bond_profile_max_cost': 54, 'bond_profile_gate_count': 14}]",0.06457637500716373,0.0647674580104649,,,,,,,,,,,,,
754.6322001250228,cycle_progress,,,,,,,,,,,,404,386,790,,,,,,,,,,,,,,,,,,,512,0.0006,,180848,0,,,,,,,,,,73,4,177168,2550,158,40,,,,,,,,,,,,,,,,,,,,44,,790,808,18,0,False,,,,,,,,,,,,,,,0.0647674580104649,,,,,,,,,,,,,
754.8753659169888,absorbing,,,,,,,R,0,1,0,28,404,386,790,8,0,0,0.0,0.16291779198218137,0.16291779198218137,0.1663287499686703,,221296,,73,False,False,False,False,221296,73,False,512,0.0006,,177168,1,total_elems,,221296,1,1,,,,0.0,73,4,221296,2862,158,40,,,,,,,,,,,,,,,,,,,,,,,,,,,,,,,,,,,,,,,,,,,,,,,,,,,,,,
755.202647832979,absorbing,,,,,,,R,0,2,0,28,404,386,790,9,0,0,0.0,0.24676091596484184,0.24676091596484184,0.24696091597434133,,323788,,138,False,False,False,False,323788,138,False,512,0.0006,,177168,1,total_elems,,323788,1,1,,,,0.0,138,4,323788,3502,158,40,,,,,,,,,,,,,,,,,,,,,,,,,,,,,,,,,,,,,,,,,,,,,,,,,,,,,,
758.0194161250256,unswapping,,,,,,,,,,,,,,,,,,,,,,,,,,,,,,,,,,,,,,,,,,,,,,,131,4,312464,3426,158,40,0,both,0,20,20,1,1,,,,,0,,,,,,,,,,,,,,,,,,,,,,,,,,,,,,,,,,,,,,,,,,
759.6354775829823,unswapping,,,,,,,,,,,,,,,,,,,,,,,,,,,,,,,,,,,,,,,,,,,,,,,84,4,251620,3020,158,40,0,both,1,19,19,7,8,,,,,0,,,,,,,,,,,,,,,,,,,,,,,,,,,,,,,,,,,,,,,,,,
760.3166001670179,unswapping,,,,,,,,,,,,,,,,,,,,,,,,,,,,,,,,,,,,,,,,,,,,,,,81,4,246072,2984,158,40,0,left,0,20,20,1,9,,,,,2,,,,,,,,,,,,,,,,,,,,,,,,,,,,,,,,,,,,,,,,,,
761.0303832920035,unswapping,,,,,,,,,,,,,,,,,,,,,,,,,,,,,,,,,,,,,,,,,,,,,,,81,4,224888,2852,158,40,0,left,1,19,19,6,15,,,,,14,,,,,,,,,,,,,,,,,,,,,,,,,,,,,,,,,,,,,,,,,,
761.7469305000268,unswapping,,,,,,,,,,,,,,,,,,,,,,,,,,,,,,,,,,,,,,,,,,,,,,,72,4,205840,2726,158,40,0,right,0,20,20,4,19,,,,,22,,,,,,,,,,,,,,,,,,,,,,,,,,,,,,,,,,,,,,,,,,
762.3603622919763,unswapping,,,,,,,,,,,,,,,,,,,,,,,,,,,,,,,,,,,,,,,,,,,,,,,72,4,189776,2628,158,40,0,right,1,19,19,3,22,,,,,28,,,,,,,,,,,,,,,,,,,,,,,,,,,,,,,,,,,,,,,,,,
763.3944660829729,unswapping,,,,,,,,,,,,,,,,,,,,,,,,,,,,,,,,,,,,,,,,,,,,,,,72,4,184752,2588,158,40,1,both,0,20,20,1,1,,,,,32,,,,,,,,,,,,,,,,,,,,,,,,,,,,,,,,,,,,,,,,,,
764.2251092499937,unswapping,,,,,,,,,,,,,,,,,,,,,,,,,,,,,,,,,,,,,,,,,,,,,,,72,4,184752,2588,158,40,1,both,1,19,19,0,1,,,,,32,,,,,,,,,,,,,,,,,,,,,,,,,,,,,,,,,,,,,,,,,,
764.7116418749793,unswapping,,,,,,,,,,,,,,,,,,,,,,,,,,,,,,,,,,,,,,,,,,,,,,,72,4,183084,2570,158,40,1,left,0,20,20,1,2,,,,,30,,,,,,,,,,,,,,,,,,,,,,,,,,,,,,,,,,,,,,,,,,
765.0943545419723,unswapping,,,,,,,,,,,,,,,,,,,,,,,,,,,,,,,,,,,,,,,,,,,,,,,72,4,183084,2570,158,40,1,left,1,19,19,0,2,,,,,30,,,,,,,,,,,,,,,,,,,,,,,,,,,,,,,,,,,,,,,,,,
765.5899138330133,unswapping,,,,,,,,,,,,,,,,,,,,,,,,,,,,,,,,,,,,,,,,,,,,,,,72,4,171368,2512,158,40,1,right,0,20,20,1,3,,,,,32,,,,,,,,,,,,,,,,,,,,,,,,,,,,,,,,,,,,,,,,,,
765.9358840420027,unswapping,,,,,,,,,,,,,,,,,,,,,,,,,,,,,,,,,,,,,,,,,,,,,,,72,4,171368,2512,158,40,1,right,1,19,19,0,3,,,,,32,,,,,,,,,,,,,,,,,,,,,,,,,,,,,,,,,,,,,,,,,,
766.7030922920094,unswapping,,,,,,,,,,,,,,,,,,,,,,,,,,,,,,,,,,,,,,,,,,,,,,,72,4,171368,2512,158,40,2,both,0,20,20,0,0,,,,,32,,,,,,,,,,,,,,,,,,,,,,,,,,,,,,,,,,,,,,,,,,
767.5104082920006,unswapping,,,,,,,,,,,,,,,,,,,,,,,,,,,,,,,,,,,,,,,,,,,,,,,72,4,171368,2512,158,40,2,both,1,19,19,0,0,,,,,32,,,,,,,,,,,,,,,,,,,,,,,,,,,,,,,,,,,,,,,,,,
767.8863570829853,unswapping,,,,,,,,,,,,,,,,,,,,,,,,,,,,,,,,,,,,,,,,,,,,,,,72,4,171368,2512,158,40,2,left,0,20,20,0,0,,,,,32,,,,,,,,,,,,,,,,,,,,,,,,,,,,,,,,,,,,,,,,,,
768.2448079169844,unswapping,,,,,,,,,,,,,,,,,,,,,,,,,,,,,,,,,,,,,,,,,,,,,,,72,4,171368,2512,158,40,2,left,1,19,19,0,0,,,,,32,,,,,,,,,,,,,,,,,,,,,,,,,,,,,,,,,,,,,,,,,,
768.6803039580118,unswapping,,,,,,,,,,,,,,,,,,,,,,,,,,,,,,,,,,,,,,,,,,,,,,,72,4,171368,2512,158,40,2,right,0,20,20,0,0,,,,,32,,,,,,,,,,,,,,,,,,,,,,,,,,,,,,,,,,,,,,,,,,
769.0514432499767,unswapping,,,,,,,,,,,,,,,,,,,,,,,,,,,,,,,,,,,,,,,,,,,,,,,72,4,171368,2512,158,40,2,right,1,19,19,0,0,,,,,32,,,,,,,,,,,,,,,,,,,,,,,,,,,,,,,,,,,,,,,,,,
770.4562063330086,unswap_cycle_summary,,,,,,,,,,,,404,386,790,,,,,,,,,,,,,,,,,,,512,0.0006,,,,,,,,,,,,,72,4,171368,2512,158,40,,,,,,,,,,,,,,,,,,,,45,13.24883224995574,790,808,18,0,False,,,,,,,,,,,,,,,,,,,,,,,,,,,,
770.6637905830285,rewiring,right,post_unswap,0.1314622920472175,28,False,False,,,,,,,,,,,,,,,,,,,,,,,,,,,,,,,,,,,,,,,,,,,,,,,,,,,,,,,,,,,,,,,,,,45,,,,,,,50,False,0,4,bond_profile,8,False,1,3150,"(471, 52, 14, 8, 17, 92, 28)",0.0028059580945409834,0.12863312603440136,"[{'seed': 123, 'score': (508, 48, 16, 8, 20, 92, 30), 'num_layers': 30, 'total_swaps': 92, 'max_layer_swaps': 8, 'swap_only_layers': 20, 'work_layers': 10, 'unitary_layers': 10, 'first_work_layer': 2, 'leading_no_work_layers': 2, 'bond_profile_layers_scored': 8, 'bond_profile_total_cost': 508, 'bond_profile_max_cost': 48, 'bond_profile_gate_count': 16}, {'seed': 1132, 'score': (491, 64, 14, 8, 19, 92, 29), 'num_layers': 29, 'total_swaps': 92, 'max_layer_swaps': 8, 'swap_only_layers': 19, 'work_layers': 10, 'unitary_layers': 10, 'first_work_layer': 2, 'leading_no_work_layers': 2, 'bond_profile_layers_scored': 8, 'bond_profile_total_cost': 491, 'bond_profile_max_cost': 64, 'bond_profile_gate_count': 14}, {'seed': 2141, 'score': (473, 48, 15, 8, 18, 92, 29), 'num_layers': 29, 'total_swaps': 92, 'max_layer_swaps': 8, 'swap_only_layers': 18, 'work_layers': 11, 'unitary_layers': 11, 'first_work_layer': 2, 'leading_no_work_layers': 2, 'bond_profile_layers_scored': 8, 'bond_profile_total_cost': 473, 'bond_profile_max_cost': 48, 'bond_profile_gate_count': 15}, {'seed': 3150, 'score': (471, 52, 14, 8, 17, 92, 28), 'num_layers': 28, 'total_swaps': 92, 'max_layer_swaps': 9, 'swap_only_layers': 17, 'work_layers': 11, 'unitary_layers': 11, 'first_work_layer': 2, 'leading_no_work_layers': 2, 'bond_profile_layers_scored': 8, 'bond_profile_total_cost': 471, 'bond_profile_max_cost': 52, 'bond_profile_gate_count': 14}]",0.13145658397115767,0.13163716701092198,,,,,,,,,,,,,
770.7387650419842,cycle_progress,,,,,,,,,,,,404,386,790,,,,,,,,,,,,,,,,,,,512,0.0006,,177168,1,,,,,,,,,,72,4,171368,2512,158,40,,,,,,,,,,,,,,,,,,,,45,,790,808,18,0,False,,,,,,,,,,,,,,,0.13163716701092198,,,,,,,,,,,,,
770.9595511250081,absorbing,,,,,,,R,0,1,0,28,404,386,790,8,0,0,0.0,0.1411208749632351,0.1411208749632351,0.14355216699186713,,208844,,72,False,False,False,False,208844,72,False,512,0.0006,,171368,2,total_elems,,208844,1,1,,,,0.0,72,4,208844,2790,158,40,,,,,,,,,,,,,,,,,,,,,,,,,,,,,,,,,,,,,,,,,,,,,,,,,,,,,,
771.2780837080209,absorbing,,,,,,,R,0,2,0,28,404,386,790,9,0,0,0.0,0.23078662500483915,0.23078662500483915,0.23100058402633294,,297516,,129,False,False,False,False,297516,129,False,512,0.0006,,171368,2,total_elems,,297516,1,1,,,,0.0,129,4,297516,3366,158,40,,,,,,,,,,,,,,,,,,,,,,,,,,,,,,,,,,,,,,,,,,,,,,,,,,,,,,
774.0842611250118,unswapping,,,,,,,,,,,,,,,,,,,,,,,,,,,,,,,,,,,,,,,,,,,,,,,122,4,283364,3270,158,40,0,both,0,20,20,1,1,,,,,0,,,,,,,,,,,,,,,,,,,,,,,,,,,,,,,,,,,,,,,,,,
775.8981625830056,unswapping,,,,,,,,,,,,,,,,,,,,,,,,,,,,,,,,,,,,,,,,,,,,,,,81,4,230796,2908,158,40,0,both,1,19,19,7,8,,,,,0,,,,,,,,,,,,,,,,,,,,,,,,,,,,,,,,,,,,,,,,,,
776.7108698330121,unswapping,,,,,,,,,,,,,,,,,,,,,,,,,,,,,,,,,,,,,,,,,,,,,,,79,4,226408,2874,158,40,0,left,0,20,20,2,10,,,,,4,,,,,,,,,,,,,,,,,,,,,,,,,,,,,,,,,,,,,,,,,,
777.411753583001,unswapping,,,,,,,,,,,,,,,,,,,,,,,,,,,,,,,,,,,,,,,,,,,,,,,79,4,207380,2750,158,40,0,left,1,19,19,5,15,,,,,14,,,,,,,,,,,,,,,,,,,,,,,,,,,,,,,,,,,,,,,,,,
778.1085744170123,unswapping,,,,,,,,,,,,,,,,,,,,,,,,,,,,,,,,,,,,,,,,,,,,,,,71,4,188784,2622,158,40,0,right,0,20,20,4,19,,,,,22,,,,,,,,,,,,,,,,,,,,,,,,,,,,,,,,,,,,,,,,,,
778.7394783329801,unswapping,,,,,,,,,,,,,,,,,,,,,,,,,,,,,,,,,,,,,,,,,,,,,,,71,4,175440,2534,158,40,0,right,1,19,19,3,22,,,,,28,,,,,,,,,,,,,,,,,,,,,,,,,,,,,,,,,,,,,,,,,,
779.9198973749881,unswapping,,,,,,,,,,,,,,,,,,,,,,,,,,,,,,,,,,,,,,,,,,,,,,,71,4,172384,2504,158,40,1,both,0,20,20,1,1,,,,,32,,,,,,,,,,,,,,,,,,,,,,,,,,,,,,,,,,,,,,,,,,
780.750574124977,unswapping,,,,,,,,,,,,,,,,,,,,,,,,,,,,,,,,,,,,,,,,,,,,,,,71,4,172384,2504,158,40,1,both,1,19,19,0,1,,,,,32,,,,,,,,,,,,,,,,,,,,,,,,,,,,,,,,,,,,,,,,,,
781.263596166973,unswapping,,,,,,,,,,,,,,,,,,,,,,,,,,,,,,,,,,,,,,,,,,,,,,,71,4,170424,2486,158,40,1,left,0,20,20,1,2,,,,,30,,,,,,,,,,,,,,,,,,,,,,,,,,,,,,,,,,,,,,,,,,
781.7747658329899,unswapping,,,,,,,,,,,,,,,,,,,,,,,,,,,,,,,,,,,,,,,,,,,,,,,71,4,167576,2466,158,40,1,left,1,19,19,1,3,,,,,30,,,,,,,,,,,,,,,,,,,,,,,,,,,,,,,,,,,,,,,,,,
782.235080457991,unswapping,,,,,,,,,,,,,,,,,,,,,,,,,,,,,,,,,,,,,,,,,,,,,,,71,4,160844,2426,158,40,1,right,0,20,20,1,4,,,,,32,,,,,,,,,,,,,,,,,,,,,,,,,,,,,,,,,,,,,,,,,,
782.5762793750037,unswapping,,,,,,,,,,,,,,,,,,,,,,,,,,,,,,,,,,,,,,,,,,,,,,,71,4,160844,2426,158,40,1,right,1,19,19,0,4,,,,,32,,,,,,,,,,,,,,,,,,,,,,,,,,,,,,,,,,,,,,,,,,
783.4174318329897,unswapping,,,,,,,,,,,,,,,,,,,,,,,,,,,,,,,,,,,,,,,,,,,,,,,71,4,160844,2426,158,40,2,both,0,20,20,0,0,,,,,32,,,,,,,,,,,,,,,,,,,,,,,,,,,,,,,,,,,,,,,,,,
784.2569070829777,unswapping,,,,,,,,,,,,,,,,,,,,,,,,,,,,,,,,,,,,,,,,,,,,,,,71,4,160844,2426,158,40,2,both,1,19,19,0,0,,,,,32,,,,,,,,,,,,,,,,,,,,,,,,,,,,,,,,,,,,,,,,,,
784.59937154199,unswapping,,,,,,,,,,,,,,,,,,,,,,,,,,,,,,,,,,,,,,,,,,,,,,,71,4,160844,2426,158,40,2,left,0,20,20,0,0,,,,,32,,,,,,,,,,,,,,,,,,,,,,,,,,,,,,,,,,,,,,,,,,
784.9664495000034,unswapping,,,,,,,,,,,,,,,,,,,,,,,,,,,,,,,,,,,,,,,,,,,,,,,71,4,160844,2426,158,40,2,left,1,19,19,0,0,,,,,32,,,,,,,,,,,,,,,,,,,,,,,,,,,,,,,,,,,,,,,,,,
785.3498612500262,unswapping,,,,,,,,,,,,,,,,,,,,,,,,,,,,,,,,,,,,,,,,,,,,,,,71,4,160844,2426,158,40,2,right,0,20,20,0,0,,,,,32,,,,,,,,,,,,,,,,,,,,,,,,,,,,,,,,,,,,,,,,,,
785.7341993749724,unswapping,,,,,,,,,,,,,,,,,,,,,,,,,,,,,,,,,,,,,,,,,,,,,,,71,4,160844,2426,158,40,2,right,1,19,19,0,0,,,,,32,,,,,,,,,,,,,,,,,,,,,,,,,,,,,,,,,,,,,,,,,,
787.2956217079773,unswap_cycle_summary,,,,,,,,,,,,404,386,790,,,,,,,,,,,,,,,,,,,512,0.0006,,,,,,,,,,,,,71,4,160844,2426,158,40,,,,,,,,,,,,,,,,,,,,46,13.845017499988899,790,808,18,0,False,,,,,,,,,,,,,,,,,,,,,,,,,,,,
787.5660182500142,rewiring,right,post_unswap,0.18238016701070592,28,False,False,,,,,,,,,,,,,,,,,,,,,,,,,,,,,,,,,,,,,,,,,,,,,,,,,,,,,,,,,,,,,,,,,,46,,,,,,,50,False,0,4,bond_profile,8,False,1,3150,"(445, 50, 14, 8, 17, 92, 28)",0.003341167059261352,0.17900920897955075,"[{'seed': 123, 'score': (469, 48, 16, 8, 20, 92, 30), 'num_layers': 30, 'total_swaps': 92, 'max_layer_swaps': 8, 'swap_only_layers': 20, 'work_layers': 10, 'unitary_layers': 10, 'first_work_layer': 2, 'leading_no_work_layers': 2, 'bond_profile_layers_scored': 8, 'bond_profile_total_cost': 469, 'bond_profile_max_cost': 48, 'bond_profile_gate_count': 16}, {'seed': 1132, 'score': (452, 64, 14, 8, 19, 92, 29), 'num_layers': 29, 'total_swaps': 92, 'max_layer_swaps': 8, 'swap_only_layers': 19, 'work_layers': 10, 'unitary_layers': 10, 'first_work_layer': 2, 'leading_no_work_layers': 2, 'bond_profile_layers_scored': 8, 'bond_profile_total_cost': 452, 'bond_profile_max_cost': 64, 'bond_profile_gate_count': 14}, {'seed': 2141, 'score': (447, 48, 15, 8, 18, 92, 29), 'num_layers': 29, 'total_swaps': 92, 'max_layer_swaps': 8, 'swap_only_layers': 18, 'work_layers': 11, 'unitary_layers': 11, 'first_work_layer': 2, 'leading_no_work_layers': 2, 'bond_profile_layers_scored': 8, 'bond_profile_total_cost': 447, 'bond_profile_max_cost': 48, 'bond_profile_gate_count': 15}, {'seed': 3150, 'score': (445, 50, 14, 8, 17, 92, 28), 'num_layers': 28, 'total_swaps': 92, 'max_layer_swaps': 9, 'swap_only_layers': 17, 'work_layers': 11, 'unitary_layers': 11, 'first_work_layer': 2, 'leading_no_work_layers': 2, 'bond_profile_layers_scored': 8, 'bond_profile_total_cost': 445, 'bond_profile_max_cost': 50, 'bond_profile_gate_count': 14}]",0.18237287498777732,0.18261558300582692,,,,,,,,,,,,,
787.655026457971,cycle_progress,,,,,,,,,,,,404,386,790,,,,,,,,,,,,,,,,,,,512,0.0006,,171368,2,,,,,,,,,,71,4,160844,2426,158,40,,,,,,,,,,,,,,,,,,,,46,,790,808,18,0,False,,,,,,,,,,,,,,,0.18261558300582692,,,,,,,,,,,,,
787.9184321250068,absorbing,,,,,,,R,0,1,0,28,404,386,790,8,0,0,0.0,0.16907237499253824,0.16907237499253824,0.17096837505232543,,194860,,72,False,False,False,False,194860,72,False,512,0.0006,,160844,3,total_elems,,194860,1,1,,,,0.0,72,4,194860,2704,158,40,,,,,,,,,,,,,,,,,,,,,,,,,,,,,,,,,,,,,,,,,,,,,,,,,,,,,,
788.2800867920159,absorbing,,,,,,,R,0,2,0,28,404,386,790,9,0,0,0.0,0.2700244999723509,0.2700244999723509,0.2702499579754658,,285512,,119,False,False,False,False,285512,119,False,512,0.0006,,160844,3,total_elems,,285512,1,1,,,,0.0,119,4,285512,3350,158,40,,,,,,,,,,,,,,,,,,,,,,,,,,,,,,,,,,,,,,,,,,,,,,,,,,,,,,
790.9181829169975,unswapping,,,,,,,,,,,,,,,,,,,,,,,,,,,,,,,,,,,,,,,,,,,,,,,112,4,276676,3278,158,40,0,both,0,20,20,1,1,,,,,0,,,,,,,,,,,,,,,,,,,,,,,,,,,,,,,,,,,,,,,,,,
792.4397685420117,unswapping,,,,,,,,,,,,,,,,,,,,,,,,,,,,,,,,,,,,,,,,,,,,,,,79,4,216184,2808,158,40,0,both,1,19,19,8,9,,,,,0,,,,,,,,,,,,,,,,,,,,,,,,,,,,,,,,,,,,,,,,,,
793.0500288329786,unswapping,,,,,,,,,,,,,,,,,,,,,,,,,,,,,,,,,,,,,,,,,,,,,,,79,4,213088,2780,158,40,0,left,0,20,20,1,10,,,,,2,,,,,,,,,,,,,,,,,,,,,,,,,,,,,,,,,,,,,,,,,,
793.7728733749827,unswapping,,,,,,,,,,,,,,,,,,,,,,,,,,,,,,,,,,,,,,,,,,,,,,,79,4,194336,2652,158,40,0,left,1,19,19,6,16,,,,,14,,,,,,,,,,,,,,,,,,,,,,,,,,,,,,,,,,,,,,,,,,
794.3677144580288,unswapping,,,,,,,,,,,,,,,,,,,,,,,,,,,,,,,,,,,,,,,,,,,,,,,71,4,169144,2484,158,40,0,right,0,20,20,5,21,,,,,24,,,,,,,,,,,,,,,,,,,,,,,,,,,,,,,,,,,,,,,,,,
794.9722784999758,unswapping,,,,,,,,,,,,,,,,,,,,,,,,,,,,,,,,,,,,,,,,,,,,,,,71,4,160004,2420,158,40,0,right,1,19,19,2,23,,,,,28,,,,,,,,,,,,,,,,,,,,,,,,,,,,,,,,,,,,,,,,,,
795.9689479169901,unswapping,,,,,,,,,,,,,,,,,,,,,,,,,,,,,,,,,,,,,,,,,,,,,,,71,4,159620,2414,158,40,1,both,0,20,20,1,1,,,,,32,,,,,,,,,,,,,,,,,,,,,,,,,,,,,,,,,,,,,,,,,,
796.8524172499892,unswapping,,,,,,,,,,,,,,,,,,,,,,,,,,,,,,,,,,,,,,,,,,,,,,,71,4,159620,2414,158,40,1,both,1,19,19,0,1,,,,,32,,,,,,,,,,,,,,,,,,,,,,,,,,,,,,,,,,,,,,,,,,
797.4142498750007,unswapping,,,,,,,,,,,,,,,,,,,,,,,,,,,,,,,,,,,,,,,,,,,,,,,71,4,158980,2404,158,40,1,left,0,20,20,1,2,,,,,30,,,,,,,,,,,,,,,,,,,,,,,,,,,,,,,,,,,,,,,,,,
797.8512972079916,unswapping,,,,,,,,,,,,,,,,,,,,,,,,,,,,,,,,,,,,,,,,,,,,,,,71,4,158980,2404,158,40,1,left,1,19,19,0,2,,,,,30,,,,,,,,,,,,,,,,,,,,,,,,,,,,,,,,,,,,,,,,,,
798.2740920420038,unswapping,,,,,,,,,,,,,,,,,,,,,,,,,,,,,,,,,,,,,,,,,,,,,,,71,4,158980,2404,158,40,1,right,0,20,20,0,2,,,,,30,,,,,,,,,,,,,,,,,,,,,,,,,,,,,,,,,,,,,,,,,,
798.7155830420088,unswapping,,,,,,,,,,,,,,,,,,,,,,,,,,,,,,,,,,,,,,,,,,,,,,,71,4,158980,2404,158,40,1,right,1,19,19,0,2,,,,,30,,,,,,,,,,,,,,,,,,,,,,,,,,,,,,,,,,,,,,,,,,
799.5850325829815,unswapping,,,,,,,,,,,,,,,,,,,,,,,,,,,,,,,,,,,,,,,,,,,,,,,71,4,158980,2404,158,40,2,both,0,20,20,0,0,,,,,30,,,,,,,,,,,,,,,,,,,,,,,,,,,,,,,,,,,,,,,,,,
800.3828814579756,unswapping,,,,,,,,,,,,,,,,,,,,,,,,,,,,,,,,,,,,,,,,,,,,,,,71,4,158980,2404,158,40,2,both,1,19,19,0,0,,,,,30,,,,,,,,,,,,,,,,,,,,,,,,,,,,,,,,,,,,,,,,,,
800.717143292015,unswapping,,,,,,,,,,,,,,,,,,,,,,,,,,,,,,,,,,,,,,,,,,,,,,,71,4,158980,2404,158,40,2,left,0,20,20,0,0,,,,,30,,,,,,,,,,,,,,,,,,,,,,,,,,,,,,,,,,,,,,,,,,
801.1620237500174,unswapping,,,,,,,,,,,,,,,,,,,,,,,,,,,,,,,,,,,,,,,,,,,,,,,71,4,158980,2404,158,40,2,left,1,19,19,0,0,,,,,30,,,,,,,,,,,,,,,,,,,,,,,,,,,,,,,,,,,,,,,,,,
801.5970798750059,unswapping,,,,,,,,,,,,,,,,,,,,,,,,,,,,,,,,,,,,,,,,,,,,,,,71,4,158980,2404,158,40,2,right,0,20,20,0,0,,,,,30,,,,,,,,,,,,,,,,,,,,,,,,,,,,,,,,,,,,,,,,,,
802.02636441699,unswapping,,,,,,,,,,,,,,,,,,,,,,,,,,,,,,,,,,,,,,,,,,,,,,,71,4,158980,2404,158,40,2,right,1,19,19,0,0,,,,,30,,,,,,,,,,,,,,,,,,,,,,,,,,,,,,,,,,,,,,,,,,
803.5419275420136,unswap_cycle_summary,,,,,,,,,,,,404,386,790,,,,,,,,,,,,,,,,,,,512,0.0006,,,,,,,,,,,,,71,4,158980,2404,158,40,,,,,,,,,,,,,,,,,,,,47,13.083542707958259,790,808,18,0,False,,,,,,,,,,,,,,,,,,,,,,,,,,,,
803.7976544999983,rewiring,right,post_unswap,0.17642687499755993,28,False,False,,,,,,,,,,,,,,,,,,,,,,,,,,,,,,,,,,,,,,,,,,,,,,,,,,,,,,,,,,,,,,,,,,47,,,,,,,50,False,0,4,bond_profile,8,False,1,3150,"(443, 50, 14, 8, 17, 92, 28)",0.00329399888869375,0.1731013748794794,"[{'seed': 123, 'score': (468, 48, 16, 8, 20, 92, 30), 'num_layers': 30, 'total_swaps': 92, 'max_layer_swaps': 8, 'swap_only_layers': 20, 'work_layers': 10, 'unitary_layers': 10, 'first_work_layer': 2, 'leading_no_work_layers': 2, 'bond_profile_layers_scored': 8, 'bond_profile_total_cost': 468, 'bond_profile_max_cost': 48, 'bond_profile_gate_count': 16}, {'seed': 1132, 'score': (451, 64, 14, 8, 19, 92, 29), 'num_layers': 29, 'total_swaps': 92, 'max_layer_swaps': 8, 'swap_only_layers': 19, 'work_layers': 10, 'unitary_layers': 10, 'first_work_layer': 2, 'leading_no_work_layers': 2, 'bond_profile_layers_scored': 8, 'bond_profile_total_cost': 451, 'bond_profile_max_cost': 64, 'bond_profile_gate_count': 14}, {'seed': 2141, 'score': (444, 48, 15, 8, 18, 92, 29), 'num_layers': 29, 'total_swaps': 92, 'max_layer_swaps': 8, 'swap_only_layers': 18, 'work_layers': 11, 'unitary_layers': 11, 'first_work_layer': 2, 'leading_no_work_layers': 2, 'bond_profile_layers_scored': 8, 'bond_profile_total_cost': 444, 'bond_profile_max_cost': 48, 'bond_profile_gate_count': 15}, {'seed': 3150, 'score': (443, 50, 14, 8, 17, 92, 28), 'num_layers': 28, 'total_swaps': 92, 'max_layer_swaps': 9, 'swap_only_layers': 17, 'work_layers': 11, 'unitary_layers': 11, 'first_work_layer': 2, 'leading_no_work_layers': 2, 'bond_profile_layers_scored': 8, 'bond_profile_total_cost': 443, 'bond_profile_max_cost': 50, 'bond_profile_gate_count': 14}]",0.176420625008177,0.17665333295008168,,,,,,,,,,,,,
803.881872457976,cycle_progress,,,,,,,,,,,,404,386,790,,,,,,,,,,,,,,,,,,,512,0.0006,,160844,3,,,,,,,,,,71,4,158980,2404,158,40,,,,,,,,,,,,,,,,,,,,47,,790,808,18,0,False,,,,,,,,,,,,,,,0.17665333295008168,,,,,,,,,,,,,
804.1253318330273,absorbing,,,,,,,R,0,1,0,28,404,386,790,8,0,0,0.0,0.15322545799426734,0.15322545799426734,0.1574639579630457,,188344,,71,False,False,False,False,188344,71,False,512,0.0006,,158980,4,total_elems,,188344,1,1,,,,0.0,71,4,188344,2646,158,40,,,,,,,,,,,,,,,,,,,,,,,,,,,,,,,,,,,,,,,,,,,,,,,,,,,,,,
804.4738819170161,absorbing,,,,,,,R,0,2,0,28,404,386,790,9,0,0,0.0,0.2583722080453299,0.2583722080453299,0.25871275004465133,,270488,,110,False,False,False,False,270488,110,False,512,0.0006,,158980,4,total_elems,,270488,1,1,,,,0.0,110,4,270488,3234,158,40,,,,,,,,,,,,,,,,,,,,,,,,,,,,,,,,,,,,,,,,,,,,,,,,,,,,,,
806.9826353749959,unswapping,,,,,,,,,,,,,,,,,,,,,,,,,,,,,,,,,,,,,,,,,,,,,,,105,4,265104,3184,158,40,0,both,0,20,20,1,1,,,,,0,,,,,,,,,,,,,,,,,,,,,,,,,,,,,,,,,,,,,,,,,,
808.5179800000042,unswapping,,,,,,,,,,,,,,,,,,,,,,,,,,,,,,,,,,,,,,,,,,,,,,,79,4,211904,2784,158,40,0,both,1,19,19,8,9,,,,,0,,,,,,,,,,,,,,,,,,,,,,,,,,,,,,,,,,,,,,,,,,
809.0530456249835,unswapping,,,,,,,,,,,,,,,,,,,,,,,,,,,,,,,,,,,,,,,,,,,,,,,79,4,209340,2760,158,40,0,left,0,20,20,1,10,,,,,2,,,,,,,,,,,,,,,,,,,,,,,,,,,,,,,,,,,,,,,,,,
809.6350244170171,unswapping,,,,,,,,,,,,,,,,,,,,,,,,,,,,,,,,,,,,,,,,,,,,,,,79,4,192224,2640,158,40,0,left,1,19,19,6,16,,,,,14,,,,,,,,,,,,,,,,,,,,,,,,,,,,,,,,,,,,,,,,,,
810.1806484580156,unswapping,,,,,,,,,,,,,,,,,,,,,,,,,,,,,,,,,,,,,,,,,,,,,,,70,4,167164,2472,158,40,0,right,0,20,20,5,21,,,,,24,,,,,,,,,,,,,,,,,,,,,,,,,,,,,,,,,,,,,,,,,,
810.6405531669734,unswapping,,,,,,,,,,,,,,,,,,,,,,,,,,,,,,,,,,,,,,,,,,,,,,,70,4,158524,2412,158,40,0,right,1,19,19,2,23,,,,,28,,,,,,,,,,,,,,,,,,,,,,,,,,,,,,,,,,,,,,,,,,
811.5939212500234,unswapping,,,,,,,,,,,,,,,,,,,,,,,,,,,,,,,,,,,,,,,,,,,,,,,70,4,158140,2406,158,40,1,both,0,20,20,1,1,,,,,32,,,,,,,,,,,,,,,,,,,,,,,,,,,,,,,,,,,,,,,,,,
812.3940692920005,unswapping,,,,,,,,,,,,,,,,,,,,,,,,,,,,,,,,,,,,,,,,,,,,,,,70,4,158140,2406,158,40,1,both,1,19,19,0,1,,,,,32,,,,,,,,,,,,,,,,,,,,,,,,,,,,,,,,,,,,,,,,,,
812.852878833015,unswapping,,,,,,,,,,,,,,,,,,,,,,,,,,,,,,,,,,,,,,,,,,,,,,,70,4,157500,2396,158,40,1,left,0,20,20,1,2,,,,,30,,,,,,,,,,,,,,,,,,,,,,,,,,,,,,,,,,,,,,,,,,
813.2162273750291,unswapping,,,,,,,,,,,,,,,,,,,,,,,,,,,,,,,,,,,,,,,,,,,,,,,70,4,157500,2396,158,40,1,left,1,19,19,0,2,,,,,30,,,,,,,,,,,,,,,,,,,,,,,,,,,,,,,,,,,,,,,,,,
813.5773622919805,unswapping,,,,,,,,,,,,,,,,,,,,,,,,,,,,,,,,,,,,,,,,,,,,,,,70,4,157500,2396,158,40,1,right,0,20,20,0,2,,,,,30,,,,,,,,,,,,,,,,,,,,,,,,,,,,,,,,,,,,,,,,,,
813.9405745000113,unswapping,,,,,,,,,,,,,,,,,,,,,,,,,,,,,,,,,,,,,,,,,,,,,,,70,4,157500,2396,158,40,1,right,1,19,19,0,2,,,,,30,,,,,,,,,,,,,,,,,,,,,,,,,,,,,,,,,,,,,,,,,,
814.7074174580048,unswapping,,,,,,,,,,,,,,,,,,,,,,,,,,,,,,,,,,,,,,,,,,,,,,,70,4,157500,2396,158,40,2,both,0,20,20,0,0,,,,,30,,,,,,,,,,,,,,,,,,,,,,,,,,,,,,,,,,,,,,,,,,
815.4409792079823,unswapping,,,,,,,,,,,,,,,,,,,,,,,,,,,,,,,,,,,,,,,,,,,,,,,70,4,157500,2396,158,40,2,both,1,19,19,0,0,,,,,30,,,,,,,,,,,,,,,,,,,,,,,,,,,,,,,,,,,,,,,,,,
815.7872244170285,unswapping,,,,,,,,,,,,,,,,,,,,,,,,,,,,,,,,,,,,,,,,,,,,,,,70,4,157500,2396,158,40,2,left,0,20,20,0,0,,,,,30,,,,,,,,,,,,,,,,,,,,,,,,,,,,,,,,,,,,,,,,,,
816.1928065419779,unswapping,,,,,,,,,,,,,,,,,,,,,,,,,,,,,,,,,,,,,,,,,,,,,,,70,4,157500,2396,158,40,2,left,1,19,19,0,0,,,,,30,,,,,,,,,,,,,,,,,,,,,,,,,,,,,,,,,,,,,,,,,,
816.5244419579976,unswapping,,,,,,,,,,,,,,,,,,,,,,,,,,,,,,,,,,,,,,,,,,,,,,,70,4,157500,2396,158,40,2,right,0,20,20,0,0,,,,,30,,,,,,,,,,,,,,,,,,,,,,,,,,,,,,,,,,,,,,,,,,
816.8909818750108,unswapping,,,,,,,,,,,,,,,,,,,,,,,,,,,,,,,,,,,,,,,,,,,,,,,70,4,157500,2396,158,40,2,right,1,19,19,0,0,,,,,30,,,,,,,,,,,,,,,,,,,,,,,,,,,,,,,,,,,,,,,,,,
818.5412998750107,unswap_cycle_summary,,,,,,,,,,,,404,386,790,,,,,,,,,,,,,,,,,,,512,0.0006,,,,,,,,,,,,,70,4,157500,2396,158,40,,,,,,,,,,,,,,,,,,,,48,11.858222000009846,790,808,18,0,False,,,,,,,,,,,,,,,,,,,,,,,,,,,,
818.8519543330185,rewiring,right,post_unswap,0.22082108299946412,28,False,False,,,,,,,,,,,,,,,,,,,,,,,,,,,,,,,,,,,,,,,,,,,,,,,,,,,,,,,,,,,,,,,,,,48,,,,,,,50,False,0,4,bond_profile,8,False,1,2141,"(442, 48, 15, 8, 18, 92, 29)",0.004009332973510027,0.21676783193834126,"[{'seed': 123, 'score': (467, 48, 16, 8, 20, 92, 30), 'num_layers': 30, 'total_swaps': 92, 'max_layer_swaps': 8, 'swap_only_layers': 20, 'work_layers': 10, 'unitary_layers': 10, 'first_work_layer': 2, 'leading_no_work_layers': 2, 'bond_profile_layers_scored': 8, 'bond_profile_total_cost': 467, 'bond_profile_max_cost': 48, 'bond_profile_gate_count': 16}, {'seed': 1132, 'score': (450, 64, 14, 8, 19, 92, 29), 'num_layers': 29, 'total_swaps': 92, 'max_layer_swaps': 8, 'swap_only_layers': 19, 'work_layers': 10, 'unitary_layers': 10, 'first_work_layer': 2, 'leading_no_work_layers': 2, 'bond_profile_layers_scored': 8, 'bond_profile_total_cost': 450, 'bond_profile_max_cost': 64, 'bond_profile_gate_count': 14}, {'seed': 2141, 'score': (442, 48, 15, 8, 18, 92, 29), 'num_layers': 29, 'total_swaps': 92, 'max_layer_swaps': 8, 'swap_only_layers': 18, 'work_layers': 11, 'unitary_layers': 11, 'first_work_layer': 2, 'leading_no_work_layers': 2, 'bond_profile_layers_scored': 8, 'bond_profile_total_cost': 442, 'bond_profile_max_cost': 48, 'bond_profile_gate_count': 15}, {'seed': 3150, 'score': (442, 50, 14, 8, 17, 92, 28), 'num_layers': 28, 'total_swaps': 92, 'max_layer_swaps': 9, 'swap_only_layers': 17, 'work_layers': 11, 'unitary_layers': 11, 'first_work_layer': 2, 'leading_no_work_layers': 2, 'bond_profile_layers_scored': 8, 'bond_profile_total_cost': 442, 'bond_profile_max_cost': 50, 'bond_profile_gate_count': 14}]",0.2208105410099961,0.22124325000913814,,,,,,,,,,,,,
818.9449562500231,cycle_progress,,,,,,,,,,,,404,386,790,,,,,,,,,,,,,,,,,,,512,0.0006,,158980,4,,,,,,,,,,70,4,157500,2396,158,40,,,,,,,,,,,,,,,,,,,,48,,790,808,18,0,False,,,,,,,,,,,,,,,0.22124325000913814,,,,,,,,,,,,,
819.2576230830164,absorbing,,,,,,,R,0,1,0,29,404,386,790,8,0,0,0.0,0.20882941700983793,0.20882941700983793,0.21006758301518857,,189148,,72,False,False,False,False,189148,72,False,512,0.0006,,157500,5,total_elems,,189148,1,1,,,,0.0,72,4,189148,2656,158,40,,,,,,,,,,,,,,,,,,,,,,,,,,,,,,,,,,,,,,,,,,,,,,,,,,,,,,
819.5880036670133,absorbing,,,,,,,R,0,2,0,29,404,386,790,8,0,0,0.0,0.2329846250358969,0.2329846250358969,0.2332045829971321,,252832,,105,False,False,False,False,252832,105,False,512,0.0006,,157500,5,total_elems,,252832,1,1,,,,0.0,105,4,252832,3156,158,40,,,,,,,,,,,,,,,,,,,,,,,,,,,,,,,,,,,,,,,,,,,,,,,,,,,,,,
821.8587499170098,unswapping,,,,,,,,,,,,,,,,,,,,,,,,,,,,,,,,,,,,,,,,,,,,,,,101,4,249012,3114,158,40,0,both,0,20,20,1,1,,,,,0,,,,,,,,,,,,,,,,,,,,,,,,,,,,,,,,,,,,,,,,,,
823.328820707975,unswapping,,,,,,,,,,,,,,,,,,,,,,,,,,,,,,,,,,,,,,,,,,,,,,,79,4,204332,2736,158,40,0,both,1,19,19,7,8,,,,,0,,,,,,,,,,,,,,,,,,,,,,,,,,,,,,,,,,,,,,,,,,
823.9034311670111,unswapping,,,,,,,,,,,,,,,,,,,,,,,,,,,,,,,,,,,,,,,,,,,,,,,79,4,203012,2720,158,40,0,left,0,20,20,1,9,,,,,2,,,,,,,,,,,,,,,,,,,,,,,,,,,,,,,,,,,,,,,,,,
824.6028224580223,unswapping,,,,,,,,,,,,,,,,,,,,,,,,,,,,,,,,,,,,,,,,,,,,,,,79,4,191572,2634,158,40,0,left,1,19,19,5,14,,,,,12,,,,,,,,,,,,,,,,,,,,,,,,,,,,,,,,,,,,,,,,,,
825.2190653749858,unswapping,,,,,,,,,,,,,,,,,,,,,,,,,,,,,,,,,,,,,,,,,,,,,,,70,4,166576,2466,158,40,0,right,0,20,20,5,19,,,,,22,,,,,,,,,,,,,,,,,,,,,,,,,,,,,,,,,,,,,,,,,,
825.7963259170065,unswapping,,,,,,,,,,,,,,,,,,,,,,,,,,,,,,,,,,,,,,,,,,,,,,,70,4,157936,2406,158,40,0,right,1,19,19,2,21,,,,,26,,,,,,,,,,,,,,,,,,,,,,,,,,,,,,,,,,,,,,,,,,
826.7479416669812,unswapping,,,,,,,,,,,,,,,,,,,,,,,,,,,,,,,,,,,,,,,,,,,,,,,70,4,157424,2398,158,40,1,both,0,20,20,1,1,,,,,30,,,,,,,,,,,,,,,,,,,,,,,,,,,,,,,,,,,,,,,,,,
827.653810458025,unswapping,,,,,,,,,,,,,,,,,,,,,,,,,,,,,,,,,,,,,,,,,,,,,,,70,4,157424,2398,158,40,1,both,1,19,19,0,1,,,,,30,,,,,,,,,,,,,,,,,,,,,,,,,,,,,,,,,,,,,,,,,,
828.1687734170118,unswapping,,,,,,,,,,,,,,,,,,,,,,,,,,,,,,,,,,,,,,,,,,,,,,,70,4,156912,2390,158,40,1,left,0,20,20,1,2,,,,,28,,,,,,,,,,,,,,,,,,,,,,,,,,,,,,,,,,,,,,,,,,
828.5624694169965,unswapping,,,,,,,,,,,,,,,,,,,,,,,,,,,,,,,,,,,,,,,,,,,,,,,70,4,156912,2390,158,40,1,left,1,19,19,0,2,,,,,28,,,,,,,,,,,,,,,,,,,,,,,,,,,,,,,,,,,,,,,,,,
828.903187457996,unswapping,,,,,,,,,,,,,,,,,,,,,,,,,,,,,,,,,,,,,,,,,,,,,,,70,4,156912,2390,158,40,1,right,0,20,20,0,2,,,,,28,,,,,,,,,,,,,,,,,,,,,,,,,,,,,,,,,,,,,,,,,,
829.2771240000147,unswapping,,,,,,,,,,,,,,,,,,,,,,,,,,,,,,,,,,,,,,,,,,,,,,,70,4,156912,2390,158,40,1,right,1,19,19,0,2,,,,,28,,,,,,,,,,,,,,,,,,,,,,,,,,,,,,,,,,,,,,,,,,
829.9834182499908,unswapping,,,,,,,,,,,,,,,,,,,,,,,,,,,,,,,,,,,,,,,,,,,,,,,70,4,156912,2390,158,40,2,both,0,20,20,0,0,,,,,28,,,,,,,,,,,,,,,,,,,,,,,,,,,,,,,,,,,,,,,,,,
830.5648287499789,unswapping,,,,,,,,,,,,,,,,,,,,,,,,,,,,,,,,,,,,,,,,,,,,,,,70,4,156912,2390,158,40,2,both,1,19,19,0,0,,,,,28,,,,,,,,,,,,,,,,,,,,,,,,,,,,,,,,,,,,,,,,,,
830.8168238750077,unswapping,,,,,,,,,,,,,,,,,,,,,,,,,,,,,,,,,,,,,,,,,,,,,,,70,4,156912,2390,158,40,2,left,0,20,20,0,0,,,,,28,,,,,,,,,,,,,,,,,,,,,,,,,,,,,,,,,,,,,,,,,,
831.0937074170215,unswapping,,,,,,,,,,,,,,,,,,,,,,,,,,,,,,,,,,,,,,,,,,,,,,,70,4,156912,2390,158,40,2,left,1,19,19,0,0,,,,,28,,,,,,,,,,,,,,,,,,,,,,,,,,,,,,,,,,,,,,,,,,
831.4164209580049,unswapping,,,,,,,,,,,,,,,,,,,,,,,,,,,,,,,,,,,,,,,,,,,,,,,70,4,156912,2390,158,40,2,right,0,20,20,0,0,,,,,28,,,,,,,,,,,,,,,,,,,,,,,,,,,,,,,,,,,,,,,,,,
831.7885766249965,unswapping,,,,,,,,,,,,,,,,,,,,,,,,,,,,,,,,,,,,,,,,,,,,,,,70,4,156912,2390,158,40,2,right,1,19,19,0,0,,,,,28,,,,,,,,,,,,,,,,,,,,,,,,,,,,,,,,,,,,,,,,,,
833.3137928330107,unswap_cycle_summary,,,,,,,,,,,,404,386,790,,,,,,,,,,,,,,,,,,,512,0.0006,,,,,,,,,,,,,70,4,156912,2390,158,40,,,,,,,,,,,,,,,,,,,,49,11.709516834001988,790,808,18,0,False,,,,,,,,,,,,,,,,,,,,,,,,,,,,
833.6077308750246,rewiring,right,post_unswap,0.20831212494522333,29,False,False,,,,,,,,,,,,,,,,,,,,,,,,,,,,,,,,,,,,,,,,,,,,,,,,,,,,,,,,,,,,,,,,,,49,,,,,,,50,False,0,4,bond_profile,8,False,1,2141,"(440, 48, 15, 8, 18, 92, 29)",0.0034172090236097574,0.20486562512815,"[{'seed': 123, 'score': (465, 48, 16, 8, 20, 92, 30), 'num_layers': 30, 'total_swaps': 92, 'max_layer_swaps': 8, 'swap_only_layers': 20, 'work_layers': 10, 'unitary_layers': 10, 'first_work_layer': 2, 'leading_no_work_layers': 2, 'bond_profile_layers_scored': 8, 'bond_profile_total_cost': 465, 'bond_profile_max_cost': 48, 'bond_profile_gate_count': 16}, {'seed': 1132, 'score': (448, 64, 14, 8, 19, 92, 29), 'num_layers': 29, 'total_swaps': 92, 'max_layer_swaps': 8, 'swap_only_layers': 19, 'work_layers': 10, 'unitary_layers': 10, 'first_work_layer': 2, 'leading_no_work_layers': 2, 'bond_profile_layers_scored': 8, 'bond_profile_total_cost': 448, 'bond_profile_max_cost': 64, 'bond_profile_gate_count': 14}, {'seed': 2141, 'score': (440, 48, 15, 8, 18, 92, 29), 'num_layers': 29, 'total_swaps': 92, 'max_layer_swaps': 8, 'swap_only_layers': 18, 'work_layers': 11, 'unitary_layers': 11, 'first_work_layer': 2, 'leading_no_work_layers': 2, 'bond_profile_layers_scored': 8, 'bond_profile_total_cost': 440, 'bond_profile_max_cost': 48, 'bond_profile_gate_count': 15}, {'seed': 3150, 'score': (440, 50, 14, 8, 17, 92, 28), 'num_layers': 28, 'total_swaps': 92, 'max_layer_swaps': 9, 'swap_only_layers': 17, 'work_layers': 11, 'unitary_layers': 11, 'first_work_layer': 2, 'leading_no_work_layers': 2, 'bond_profile_layers_scored': 8, 'bond_profile_total_cost': 440, 'bond_profile_max_cost': 50, 'bond_profile_gate_count': 14}]",0.20830550004029647,0.2085482919937931,,,,,,,,,,,,,
833.7044159580255,cycle_progress,,,,,,,,,,,,404,386,790,,,,,,,,,,,,,,,,,,,512,0.0006,,157500,5,,,,,,,,,,70,4,156912,2390,158,40,,,,,,,,,,,,,,,,,,,,49,,790,808,18,0,False,,,,,,,,,,,,,,,0.2085482919937931,,,,,,,,,,,,,
833.9698412920116,absorbing,,,,,,,R,0,1,0,29,404,386,790,8,0,0,0.0,0.1756598330102861,0.1756598330102861,0.17782170802820474,,185792,,70,False,False,False,False,185792,70,False,512,0.0006,,156912,6,total_elems,,185792,1,1,,,,0.0,70,4,185792,2630,158,40,,,,,,,,,,,,,,,,,,,,,,,,,,,,,,,,,,,,,,,,,,,,,,,,,,,,,,
834.2635866249911,absorbing,,,,,,,R,0,2,0,29,404,386,790,8,0,0,0.0,0.20640008297050372,0.20640008297050372,0.20663649996276945,,245908,,101,False,False,False,False,245908,101,False,512,0.0006,,156912,6,total_elems,,245908,1,1,,,,0.0,101,4,245908,3086,158,40,,,,,,,,,,,,,,,,,,,,,,,,,,,,,,,,,,,,,,,,,,,,,,,,,,,,,,
836.3986625000252,unswapping,,,,,,,,,,,,,,,,,,,,,,,,,,,,,,,,,,,,,,,,,,,,,,,98,4,241704,3042,158,40,0,both,0,20,20,1,1,,,,,0,,,,,,,,,,,,,,,,,,,,,,,,,,,,,,,,,,,,,,,,,,
837.7120145420195,unswapping,,,,,,,,,,,,,,,,,,,,,,,,,,,,,,,,,,,,,,,,,,,,,,,79,4,201640,2722,158,40,0,both,1,19,19,7,8,,,,,0,,,,,,,,,,,,,,,,,,,,,,,,,,,,,,,,,,,,,,,,,,
838.2438170419773,unswapping,,,,,,,,,,,,,,,,,,,,,,,,,,,,,,,,,,,,,,,,,,,,,,,79,4,200328,2706,158,40,0,left,0,20,20,1,9,,,,,2,,,,,,,,,,,,,,,,,,,,,,,,,,,,,,,,,,,,,,,,,,
838.8470717499731,unswapping,,,,,,,,,,,,,,,,,,,,,,,,,,,,,,,,,,,,,,,,,,,,,,,79,4,190044,2626,158,40,0,left,1,19,19,5,14,,,,,12,,,,,,,,,,,,,,,,,,,,,,,,,,,,,,,,,,,,,,,,,,
839.3981858749758,unswapping,,,,,,,,,,,,,,,,,,,,,,,,,,,,,,,,,,,,,,,,,,,,,,,69,4,165116,2458,158,40,0,right,0,20,20,5,19,,,,,22,,,,,,,,,,,,,,,,,,,,,,,,,,,,,,,,,,,,,,,,,,
839.8601277080015,unswapping,,,,,,,,,,,,,,,,,,,,,,,,,,,,,,,,,,,,,,,,,,,,,,,69,4,156476,2398,158,40,0,right,1,19,19,2,21,,,,,26,,,,,,,,,,,,,,,,,,,,,,,,,,,,,,,,,,,,,,,,,,
840.7674284999957,unswapping,,,,,,,,,,,,,,,,,,,,,,,,,,,,,,,,,,,,,,,,,,,,,,,69,4,155964,2390,158,40,1,both,0,20,20,1,1,,,,,30,,,,,,,,,,,,,,,,,,,,,,,,,,,,,,,,,,,,,,,,,,
841.5841377920005,unswapping,,,,,,,,,,,,,,,,,,,,,,,,,,,,,,,,,,,,,,,,,,,,,,,69,4,155964,2390,158,40,1,both,1,19,19,0,1,,,,,30,,,,,,,,,,,,,,,,,,,,,,,,,,,,,,,,,,,,,,,,,,
841.9950674169813,unswapping,,,,,,,,,,,,,,,,,,,,,,,,,,,,,,,,,,,,,,,,,,,,,,,69,4,155452,2382,158,40,1,left,0,20,20,1,2,,,,,28,,,,,,,,,,,,,,,,,,,,,,,,,,,,,,,,,,,,,,,,,,
842.3429858749732,unswapping,,,,,,,,,,,,,,,,,,,,,,,,,,,,,,,,,,,,,,,,,,,,,,,69,4,155452,2382,158,40,1,left,1,19,19,0,2,,,,,28,,,,,,,,,,,,,,,,,,,,,,,,,,,,,,,,,,,,,,,,,,
842.6901000419748,unswapping,,,,,,,,,,,,,,,,,,,,,,,,,,,,,,,,,,,,,,,,,,,,,,,69,4,155452,2382,158,40,1,right,0,20,20,0,2,,,,,28,,,,,,,,,,,,,,,,,,,,,,,,,,,,,,,,,,,,,,,,,,
843.034075582982,unswapping,,,,,,,,,,,,,,,,,,,,,,,,,,,,,,,,,,,,,,,,,,,,,,,69,4,155452,2382,158,40,1,right,1,19,19,0,2,,,,,28,,,,,,,,,,,,,,,,,,,,,,,,,,,,,,,,,,,,,,,,,,
843.7496831250028,unswapping,,,,,,,,,,,,,,,,,,,,,,,,,,,,,,,,,,,,,,,,,,,,,,,69,4,155452,2382,158,40,2,both,0,20,20,0,0,,,,,28,,,,,,,,,,,,,,,,,,,,,,,,,,,,,,,,,,,,,,,,,,
844.5694925420103,unswapping,,,,,,,,,,,,,,,,,,,,,,,,,,,,,,,,,,,,,,,,,,,,,,,69,4,155452,2382,158,40,2,both,1,19,19,0,0,,,,,28,,,,,,,,,,,,,,,,,,,,,,,,,,,,,,,,,,,,,,,,,,
844.901379958028,unswapping,,,,,,,,,,,,,,,,,,,,,,,,,,,,,,,,,,,,,,,,,,,,,,,69,4,155452,2382,158,40,2,left,0,20,20,0,0,,,,,28,,,,,,,,,,,,,,,,,,,,,,,,,,,,,,,,,,,,,,,,,,
845.220948208007,unswapping,,,,,,,,,,,,,,,,,,,,,,,,,,,,,,,,,,,,,,,,,,,,,,,69,4,155452,2382,158,40,2,left,1,19,19,0,0,,,,,28,,,,,,,,,,,,,,,,,,,,,,,,,,,,,,,,,,,,,,,,,,
845.5426677080104,unswapping,,,,,,,,,,,,,,,,,,,,,,,,,,,,,,,,,,,,,,,,,,,,,,,69,4,155452,2382,158,40,2,right,0,20,20,0,0,,,,,28,,,,,,,,,,,,,,,,,,,,,,,,,,,,,,,,,,,,,,,,,,
845.8979644170031,unswapping,,,,,,,,,,,,,,,,,,,,,,,,,,,,,,,,,,,,,,,,,,,,,,,69,4,155452,2382,158,40,2,right,1,19,19,0,0,,,,,28,,,,,,,,,,,,,,,,,,,,,,,,,,,,,,,,,,,,,,,,,,
847.421930417011,unswap_cycle_summary,,,,,,,,,,,,404,386,790,,,,,,,,,,,,,,,,,,,512,0.0006,,,,,,,,,,,,,69,4,155452,2382,158,40,,,,,,,,,,,,,,,,,,,,50,11.166531959024724,790,808,18,0,False,,,,,,,,,,,,,,,,,,,,,,,,,,,,
847.5731356249889,rewiring,right,post_unswap,0.06435916700866073,29,False,False,,,,,,,,,,,,,,,,,,,,,,,,,,,,,,,,,,,,,,,,,,,,,,,,,,,,,,,,,,,,,,,,,,50,,,,,,,50,False,0,4,bond_profile,8,False,1,2141,"(438, 48, 15, 8, 18, 92, 29)",0.0029298760346136987,0.06140291609335691,"[{'seed': 123, 'score': (464, 48, 16, 8, 20, 92, 30), 'num_layers': 30, 'total_swaps': 92, 'max_layer_swaps': 8, 'swap_only_layers': 20, 'work_layers': 10, 'unitary_layers': 10, 'first_work_layer': 2, 'leading_no_work_layers': 2, 'bond_profile_layers_scored': 8, 'bond_profile_total_cost': 464, 'bond_profile_max_cost': 48, 'bond_profile_gate_count': 16}, {'seed': 1132, 'score': (447, 64, 14, 8, 19, 92, 29), 'num_layers': 29, 'total_swaps': 92, 'max_layer_swaps': 8, 'swap_only_layers': 19, 'work_layers': 10, 'unitary_layers': 10, 'first_work_layer': 2, 'leading_no_work_layers': 2, 'bond_profile_layers_scored': 8, 'bond_profile_total_cost': 447, 'bond_profile_max_cost': 64, 'bond_profile_gate_count': 14}, {'seed': 2141, 'score': (438, 48, 15, 8, 18, 92, 29), 'num_layers': 29, 'total_swaps': 92, 'max_layer_swaps': 8, 'swap_only_layers': 18, 'work_layers': 11, 'unitary_layers': 11, 'first_work_layer': 2, 'leading_no_work_layers': 2, 'bond_profile_layers_scored': 8, 'bond_profile_total_cost': 438, 'bond_profile_max_cost': 48, 'bond_profile_gate_count': 15}, {'seed': 3150, 'score': (439, 50, 14, 8, 17, 92, 28), 'num_layers': 28, 'total_swaps': 92, 'max_layer_swaps': 9, 'swap_only_layers': 17, 'work_layers': 11, 'unitary_layers': 11, 'first_work_layer': 2, 'leading_no_work_layers': 2, 'bond_profile_layers_scored': 8, 'bond_profile_total_cost': 439, 'bond_profile_max_cost': 50, 'bond_profile_gate_count': 14}]",0.06435245799366385,0.06456420803442597,,,,,,,,,,,,,
847.6588814579882,cycle_progress,,,,,,,,,,,,404,386,790,,,,,,,,,,,,,,,,,,,512,0.0006,,156912,6,,,,,,,,,,69,4,155452,2382,158,40,,,,,,,,,,,,,,,,,,,,50,,790,808,18,0,False,,,,,,,,,,,,,,,0.06456420803442597,,,,,,,,,,,,,
847.9094670829945,absorbing,,,,,,,R,0,1,0,29,404,386,790,8,0,0,0.0,0.14131229202030227,0.14131229202030227,0.1417539999820292,,186828,,72,False,False,False,False,186828,72,False,512,0.0006,,155452,7,total_elems,,186828,1,1,,,,0.0,72,4,186828,2642,158,40,,,,,,,,,,,,,,,,,,,,,,,,,,,,,,,,,,,,,,,,,,,,,,,,,,,,,,
848.271123707993,absorbing,,,,,,,R,0,2,0,29,404,386,790,8,0,0,0.0,0.2740165000432171,0.2740165000432171,0.2742220839718357,,245260,,98,False,False,False,False,245260,98,False,512,0.0006,,155452,7,total_elems,,245260,1,1,,,,0.0,98,4,245260,3108,158,40,,,,,,,,,,,,,,,,,,,,,,,,,,,,,,,,,,,,,,,,,,,,,,,,,,,,,,
850.2231762079755,unswapping,,,,,,,,,,,,,,,,,,,,,,,,,,,,,,,,,,,,,,,,,,,,,,,96,4,241916,3072,158,40,0,both,0,20,20,1,1,,,,,0,,,,,,,,,,,,,,,,,,,,,,,,,,,,,,,,,,,,,,,,,,
851.4283562499913,unswapping,,,,,,,,,,,,,,,,,,,,,,,,,,,,,,,,,,,,,,,,,,,,,,,78,4,199368,2710,158,40,0,both,1,19,19,7,8,,,,,0,,,,,,,,,,,,,,,,,,,,,,,,,,,,,,,,,,,,,,,,,,
851.9030229580239,unswapping,,,,,,,,,,,,,,,,,,,,,,,,,,,,,,,,,,,,,,,,,,,,,,,78,4,198396,2696,158,40,0,left,0,20,20,1,9,,,,,2,,,,,,,,,,,,,,,,,,,,,,,,,,,,,,,,,,,,,,,,,,
852.4279102080036,unswapping,,,,,,,,,,,,,,,,,,,,,,,,,,,,,,,,,,,,,,,,,,,,,,,78,4,188456,2618,158,40,0,left,1,19,19,5,14,,,,,12,,,,,,,,,,,,,,,,,,,,,,,,,,,,,,,,,,,,,,,,,,
852.9686042080284,unswapping,,,,,,,,,,,,,,,,,,,,,,,,,,,,,,,,,,,,,,,,,,,,,,,69,4,164152,2452,158,40,0,right,0,20,20,5,19,,,,,22,,,,,,,,,,,,,,,,,,,,,,,,,,,,,,,,,,,,,,,,,,
853.3969253330142,unswapping,,,,,,,,,,,,,,,,,,,,,,,,,,,,,,,,,,,,,,,,,,,,,,,69,4,155512,2392,158,40,0,right,1,19,19,2,21,,,,,26,,,,,,,,,,,,,,,,,,,,,,,,,,,,,,,,,,,,,,,,,,
854.1717942500254,unswapping,,,,,,,,,,,,,,,,,,,,,,,,,,,,,,,,,,,,,,,,,,,,,,,69,4,155000,2384,158,40,1,both,0,20,20,1,1,,,,,30,,,,,,,,,,,,,,,,,,,,,,,,,,,,,,,,,,,,,,,,,,
854.753976750013,unswapping,,,,,,,,,,,,,,,,,,,,,,,,,,,,,,,,,,,,,,,,,,,,,,,69,4,155000,2384,158,40,1,both,1,19,19,0,1,,,,,30,,,,,,,,,,,,,,,,,,,,,,,,,,,,,,,,,,,,,,,,,,
855.050099916989,unswapping,,,,,,,,,,,,,,,,,,,,,,,,,,,,,,,,,,,,,,,,,,,,,,,69,4,154488,2376,158,40,1,left,0,20,20,1,2,,,,,28,,,,,,,,,,,,,,,,,,,,,,,,,,,,,,,,,,,,,,,,,,
855.3435446249787,unswapping,,,,,,,,,,,,,,,,,,,,,,,,,,,,,,,,,,,,,,,,,,,,,,,69,4,154488,2376,158,40,1,left,1,19,19,0,2,,,,,28,,,,,,,,,,,,,,,,,,,,,,,,,,,,,,,,,,,,,,,,,,
855.6640806249925,unswapping,,,,,,,,,,,,,,,,,,,,,,,,,,,,,,,,,,,,,,,,,,,,,,,69,4,154488,2376,158,40,1,right,0,20,20,0,2,,,,,28,,,,,,,,,,,,,,,,,,,,,,,,,,,,,,,,,,,,,,,,,,
856.041434874991,unswapping,,,,,,,,,,,,,,,,,,,,,,,,,,,,,,,,,,,,,,,,,,,,,,,69,4,154488,2376,158,40,1,right,1,19,19,0,2,,,,,28,,,,,,,,,,,,,,,,,,,,,,,,,,,,,,,,,,,,,,,,,,
856.7039529170142,unswapping,,,,,,,,,,,,,,,,,,,,,,,,,,,,,,,,,,,,,,,,,,,,,,,69,4,154488,2376,158,40,2,both,0,20,20,0,0,,,,,28,,,,,,,,,,,,,,,,,,,,,,,,,,,,,,,,,,,,,,,,,,
857.3996531669982,unswapping,,,,,,,,,,,,,,,,,,,,,,,,,,,,,,,,,,,,,,,,,,,,,,,69,4,154488,2376,158,40,2,both,1,19,19,0,0,,,,,28,,,,,,,,,,,,,,,,,,,,,,,,,,,,,,,,,,,,,,,,,,
857.68968541699,unswapping,,,,,,,,,,,,,,,,,,,,,,,,,,,,,,,,,,,,,,,,,,,,,,,69,4,154488,2376,158,40,2,left,0,20,20,0,0,,,,,28,,,,,,,,,,,,,,,,,,,,,,,,,,,,,,,,,,,,,,,,,,
858.0549972499721,unswapping,,,,,,,,,,,,,,,,,,,,,,,,,,,,,,,,,,,,,,,,,,,,,,,69,4,154488,2376,158,40,2,left,1,19,19,0,0,,,,,28,,,,,,,,,,,,,,,,,,,,,,,,,,,,,,,,,,,,,,,,,,
858.3732787499903,unswapping,,,,,,,,,,,,,,,,,,,,,,,,,,,,,,,,,,,,,,,,,,,,,,,69,4,154488,2376,158,40,2,right,0,20,20,0,0,,,,,28,,,,,,,,,,,,,,,,,,,,,,,,,,,,,,,,,,,,,,,,,,
858.8203307079966,unswapping,,,,,,,,,,,,,,,,,,,,,,,,,,,,,,,,,,,,,,,,,,,,,,,69,4,154488,2376,158,40,2,right,1,19,19,0,0,,,,,28,,,,,,,,,,,,,,,,,,,,,,,,,,,,,,,,,,,,,,,,,,
860.4053704999969,unswap_cycle_summary,,,,,,,,,,,,404,386,790,,,,,,,,,,,,,,,,,,,512,0.0006,,,,,,,,,,,,,69,4,154488,2376,158,40,,,,,,,,,,,,,,,,,,,,51,10.115700999973342,790,808,18,0,False,,,,,,,,,,,,,,,,,,,,,,,,,,,,
860.6986161249806,rewiring,right,post_unswap,0.2080315420171246,29,False,False,,,,,,,,,,,,,,,,,,,,,,,,,,,,,,,,,,,,,,,,,,,,,,,,,,,,,,,,,,,,,,,,,,51,,,,,,,50,False,0,4,bond_profile,8,False,1,2141,"(438, 48, 15, 8, 18, 92, 29)",0.003233207913581282,0.20476887503173202,"[{'seed': 123, 'score': (464, 48, 16, 8, 20, 92, 30), 'num_layers': 30, 'total_swaps': 92, 'max_layer_swaps': 8, 'swap_only_layers': 20, 'work_layers': 10, 'unitary_layers': 10, 'first_work_layer': 2, 'leading_no_work_layers': 2, 'bond_profile_layers_scored': 8, 'bond_profile_total_cost': 464, 'bond_profile_max_cost': 48, 'bond_profile_gate_count': 16}, {'seed': 1132, 'score': (447, 64, 14, 8, 19, 92, 29), 'num_layers': 29, 'total_swaps': 92, 'max_layer_swaps': 8, 'swap_only_layers': 19, 'work_layers': 10, 'unitary_layers': 10, 'first_work_layer': 2, 'leading_no_work_layers': 2, 'bond_profile_layers_scored': 8, 'bond_profile_total_cost': 447, 'bond_profile_max_cost': 64, 'bond_profile_gate_count': 14}, {'seed': 2141, 'score': (438, 48, 15, 8, 18, 92, 29), 'num_layers': 29, 'total_swaps': 92, 'max_layer_swaps': 8, 'swap_only_layers': 18, 'work_layers': 11, 'unitary_layers': 11, 'first_work_layer': 2, 'leading_no_work_layers': 2, 'bond_profile_layers_scored': 8, 'bond_profile_total_cost': 438, 'bond_profile_max_cost': 48, 'bond_profile_gate_count': 15}, {'seed': 3150, 'score': (438, 49, 14, 8, 17, 92, 28), 'num_layers': 28, 'total_swaps': 92, 'max_layer_swaps': 9, 'swap_only_layers': 17, 'work_layers': 11, 'unitary_layers': 11, 'first_work_layer': 2, 'leading_no_work_layers': 2, 'bond_profile_layers_scored': 8, 'bond_profile_total_cost': 438, 'bond_profile_max_cost': 49, 'bond_profile_gate_count': 14}]",0.20802458300022408,0.20825087500270456,,,,,,,,,,,,,
860.7813926669769,cycle_progress,,,,,,,,,,,,404,386,790,,,,,,,,,,,,,,,,,,,512,0.0006,,155452,7,,,,,,,,,,69,4,154488,2376,158,40,,,,,,,,,,,,,,,,,,,,51,,790,808,18,0,False,,,,,,,,,,,,,,,0.20825087500270456,,,,,,,,,,,,,
861.0063124580192,absorbing,,,,,,,R,0,1,0,29,404,386,790,8,0,0,0.0,0.13766341598238796,0.13766341598238796,0.13935933297034353,,183144,,69,False,False,False,False,183144,69,False,512,0.0006,,154488,8,total_elems,,183144,1,1,,,,0.0,69,4,183144,2616,158,40,,,,,,,,,,,,,,,,,,,,,,,,,,,,,,,,,,,,,,,,,,,,,,,,,,,,,,
861.2824351249728,absorbing,,,,,,,R,0,2,0,29,404,386,790,8,0,0,0.0,0.19136820803396404,0.19136820803396404,0.1915902920300141,,238812,,96,False,False,False,False,238812,96,False,512,0.0006,,154488,8,total_elems,,238812,1,1,,,,0.0,96,4,238812,3044,158,40,,,,,,,,,,,,,,,,,,,,,,,,,,,,,,,,,,,,,,,,,,,,,,,,,,,,,,
863.2710938749951,unswapping,,,,,,,,,,,,,,,,,,,,,,,,,,,,,,,,,,,,,,,,,,,,,,,93,4,236316,3012,158,40,0,both,0,20,20,1,1,,,,,0,,,,,,,,,,,,,,,,,,,,,,,,,,,,,,,,,,,,,,,,,,
864.8159475420252,unswapping,,,,,,,,,,,,,,,,,,,,,,,,,,,,,,,,,,,,,,,,,,,,,,,78,4,199020,2708,158,40,0,both,1,19,19,7,8,,,,,0,,,,,,,,,,,,,,,,,,,,,,,,,,,,,,,,,,,,,,,,,,
865.4054950419813,unswapping,,,,,,,,,,,,,,,,,,,,,,,,,,,,,,,,,,,,,,,,,,,,,,,78,4,198048,2694,158,40,0,left,0,20,20,1,9,,,,,2,,,,,,,,,,,,,,,,,,,,,,,,,,,,,,,,,,,,,,,,,,
866.2975807919865,unswapping,,,,,,,,,,,,,,,,,,,,,,,,,,,,,,,,,,,,,,,,,,,,,,,78,4,188112,2616,158,40,0,left,1,19,19,5,14,,,,,12,,,,,,,,,,,,,,,,,,,,,,,,,,,,,,,,,,,,,,,,,,
867.0835535419756,unswapping,,,,,,,,,,,,,,,,,,,,,,,,,,,,,,,,,,,,,,,,,,,,,,,69,4,164152,2452,158,40,0,right,0,20,20,5,19,,,,,22,,,,,,,,,,,,,,,,,,,,,,,,,,,,,,,,,,,,,,,,,,
867.6409995830036,unswapping,,,,,,,,,,,,,,,,,,,,,,,,,,,,,,,,,,,,,,,,,,,,,,,69,4,154764,2388,158,40,0,right,1,19,19,2,21,,,,,26,,,,,,,,,,,,,,,,,,,,,,,,,,,,,,,,,,,,,,,,,,
868.5204568749759,unswapping,,,,,,,,,,,,,,,,,,,,,,,,,,,,,,,,,,,,,,,,,,,,,,,69,4,154124,2378,158,40,1,both,0,20,20,1,1,,,,,30,,,,,,,,,,,,,,,,,,,,,,,,,,,,,,,,,,,,,,,,,,
869.2672589580179,unswapping,,,,,,,,,,,,,,,,,,,,,,,,,,,,,,,,,,,,,,,,,,,,,,,69,4,154124,2378,158,40,1,both,1,19,19,0,1,,,,,30,,,,,,,,,,,,,,,,,,,,,,,,,,,,,,,,,,,,,,,,,,
869.7117956670118,unswapping,,,,,,,,,,,,,,,,,,,,,,,,,,,,,,,,,,,,,,,,,,,,,,,69,4,153740,2372,158,40,1,left,0,20,20,1,2,,,,,28,,,,,,,,,,,,,,,,,,,,,,,,,,,,,,,,,,,,,,,,,,
870.1076417500153,unswapping,,,,,,,,,,,,,,,,,,,,,,,,,,,,,,,,,,,,,,,,,,,,,,,69,4,153740,2372,158,40,1,left,1,19,19,0,2,,,,,28,,,,,,,,,,,,,,,,,,,,,,,,,,,,,,,,,,,,,,,,,,
870.4329922500183,unswapping,,,,,,,,,,,,,,,,,,,,,,,,,,,,,,,,,,,,,,,,,,,,,,,69,4,153740,2372,158,40,1,right,0,20,20,0,2,,,,,28,,,,,,,,,,,,,,,,,,,,,,,,,,,,,,,,,,,,,,,,,,
870.769708250009,unswapping,,,,,,,,,,,,,,,,,,,,,,,,,,,,,,,,,,,,,,,,,,,,,,,69,4,153740,2372,158,40,1,right,1,19,19,0,2,,,,,28,,,,,,,,,,,,,,,,,,,,,,,,,,,,,,,,,,,,,,,,,,
871.417106583016,unswapping,,,,,,,,,,,,,,,,,,,,,,,,,,,,,,,,,,,,,,,,,,,,,,,69,4,153740,2372,158,40,2,both,0,20,20,0,0,,,,,28,,,,,,,,,,,,,,,,,,,,,,,,,,,,,,,,,,,,,,,,,,
872.1543684999924,unswapping,,,,,,,,,,,,,,,,,,,,,,,,,,,,,,,,,,,,,,,,,,,,,,,69,4,153740,2372,158,40,2,both,1,19,19,0,0,,,,,28,,,,,,,,,,,,,,,,,,,,,,,,,,,,,,,,,,,,,,,,,,
872.4580234169844,unswapping,,,,,,,,,,,,,,,,,,,,,,,,,,,,,,,,,,,,,,,,,,,,,,,69,4,153740,2372,158,40,2,left,0,20,20,0,0,,,,,28,,,,,,,,,,,,,,,,,,,,,,,,,,,,,,,,,,,,,,,,,,
872.7737543749972,unswapping,,,,,,,,,,,,,,,,,,,,,,,,,,,,,,,,,,,,,,,,,,,,,,,69,4,153740,2372,158,40,2,left,1,19,19,0,0,,,,,28,,,,,,,,,,,,,,,,,,,,,,,,,,,,,,,,,,,,,,,,,,
873.0801971249748,unswapping,,,,,,,,,,,,,,,,,,,,,,,,,,,,,,,,,,,,,,,,,,,,,,,69,4,153740,2372,158,40,2,right,0,20,20,0,0,,,,,28,,,,,,,,,,,,,,,,,,,,,,,,,,,,,,,,,,,,,,,,,,
873.414026457991,unswapping,,,,,,,,,,,,,,,,,,,,,,,,,,,,,,,,,,,,,,,,,,,,,,,69,4,153740,2372,158,40,2,right,1,19,19,0,0,,,,,28,,,,,,,,,,,,,,,,,,,,,,,,,,,,,,,,,,,,,,,,,,
874.9857276250259,unswap_cycle_summary,,,,,,,,,,,,404,386,790,,,,,,,,,,,,,,,,,,,512,0.0006,,,,,,,,,,,,,69,4,153740,2372,158,40,,,,,,,,,,,,,,,,,,,,52,11.702949458034709,790,808,18,0,False,,,,,,,,,,,,,,,,,,,,,,,,,,,,
875.2298148749978,rewiring,right,post_unswap,0.15953712502960116,29,False,False,,,,,,,,,,,,,,,,,,,,,,,,,,,,,,,,,,,,,,,,,,,,,,,,,,,,,,,,,,,,,,,,,,52,,,,,,,50,False,0,4,bond_profile,8,False,1,3150,"(435, 48, 14, 8, 17, 92, 28)",0.003019707975909114,0.15649370796745643,"[{'seed': 123, 'score': (463, 48, 16, 8, 20, 92, 30), 'num_layers': 30, 'total_swaps': 92, 'max_layer_swaps': 8, 'swap_only_layers': 20, 'work_layers': 10, 'unitary_layers': 10, 'first_work_layer': 2, 'leading_no_work_layers': 2, 'bond_profile_layers_scored': 8, 'bond_profile_total_cost': 463, 'bond_profile_max_cost': 48, 'bond_profile_gate_count': 16}, {'seed': 1132, 'score': (446, 64, 14, 8, 19, 92, 29), 'num_layers': 29, 'total_swaps': 92, 'max_layer_swaps': 8, 'swap_only_layers': 19, 'work_layers': 10, 'unitary_layers': 10, 'first_work_layer': 2, 'leading_no_work_layers': 2, 'bond_profile_layers_scored': 8, 'bond_profile_total_cost': 446, 'bond_profile_max_cost': 64, 'bond_profile_gate_count': 14}, {'seed': 2141, 'score': (437, 48, 15, 8, 18, 92, 29), 'num_layers': 29, 'total_swaps': 92, 'max_layer_swaps': 8, 'swap_only_layers': 18, 'work_layers': 11, 'unitary_layers': 11, 'first_work_layer': 2, 'leading_no_work_layers': 2, 'bond_profile_layers_scored': 8, 'bond_profile_total_cost': 437, 'bond_profile_max_cost': 48, 'bond_profile_gate_count': 15}, {'seed': 3150, 'score': (435, 48, 14, 8, 17, 92, 28), 'num_layers': 28, 'total_swaps': 92, 'max_layer_swaps': 9, 'swap_only_layers': 17, 'work_layers': 11, 'unitary_layers': 11, 'first_work_layer': 2, 'leading_no_work_layers': 2, 'bond_profile_layers_scored': 8, 'bond_profile_total_cost': 435, 'bond_profile_max_cost': 48, 'bond_profile_gate_count': 14}]",0.15953137504402548,0.15974445902975276,,,,,,,,,,,,,
875.325001041987,cycle_progress,,,,,,,,,,,,404,386,790,,,,,,,,,,,,,,,,,,,512,0.0006,,154488,8,,,,,,,,,,69,4,153740,2372,158,40,,,,,,,,,,,,,,,,,,,,52,,790,808,18,0,False,,,,,,,,,,,,,,,0.15974445902975276,,,,,,,,,,,,,
875.5724951250013,absorbing,,,,,,,R,0,1,0,28,404,386,790,8,0,0,0.0,0.15654754097340629,0.15654754097340629,0.1569491249974817,,185272,,72,False,False,False,False,185272,72,False,512,0.0006,,153740,9,total_elems,,185272,1,1,,,,0.0,72,4,185272,2634,158,40,,,,,,,,,,,,,,,,,,,,,,,,,,,,,,,,,,,,,,,,,,,,,,,,,,,,,,
875.8743634580169,absorbing,,,,,,,R,0,2,0,28,404,386,790,9,0,0,0.0,0.20970412500901148,0.20970412500901148,0.2099148750421591,,255376,,93,False,False,False,False,255376,93,False,512,0.0006,,153740,9,total_elems,,255376,1,1,,,,0.0,93,4,255376,3172,158,40,,,,,,,,,,,,,,,,,,,,,,,,,,,,,,,,,,,,,,,,,,,,,,,,,,,,,,
877.9837455420056,unswapping,,,,,,,,,,,,,,,,,,,,,,,,,,,,,,,,,,,,,,,,,,,,,,,90,4,252012,3134,158,40,0,both,0,20,20,1,1,,,,,0,,,,,,,,,,,,,,,,,,,,,,,,,,,,,,,,,,,,,,,,,,
879.2841639170074,unswapping,,,,,,,,,,,,,,,,,,,,,,,,,,,,,,,,,,,,,,,,,,,,,,,78,4,202716,2732,158,40,0,both,1,19,19,8,9,,,,,0,,,,,,,,,,,,,,,,,,,,,,,,,,,,,,,,,,,,,,,,,,
879.87428275001,unswapping,,,,,,,,,,,,,,,,,,,,,,,,,,,,,,,,,,,,,,,,,,,,,,,78,4,201428,2716,158,40,0,left,0,20,20,1,10,,,,,2,,,,,,,,,,,,,,,,,,,,,,,,,,,,,,,,,,,,,,,,,,
880.5518571669818,unswapping,,,,,,,,,,,,,,,,,,,,,,,,,,,,,,,,,,,,,,,,,,,,,,,78,4,186984,2610,158,40,0,left,1,19,19,6,16,,,,,14,,,,,,,,,,,,,,,,,,,,,,,,,,,,,,,,,,,,,,,,,,
881.1871059580008,unswapping,,,,,,,,,,,,,,,,,,,,,,,,,,,,,,,,,,,,,,,,,,,,,,,69,4,162924,2444,158,40,0,right,0,20,20,5,21,,,,,24,,,,,,,,,,,,,,,,,,,,,,,,,,,,,,,,,,,,,,,,,,
881.6824124580016,unswapping,,,,,,,,,,,,,,,,,,,,,,,,,,,,,,,,,,,,,,,,,,,,,,,69,4,154284,2384,158,40,0,right,1,19,19,2,23,,,,,28,,,,,,,,,,,,,,,,,,,,,,,,,,,,,,,,,,,,,,,,,,
882.792099333019,unswapping,,,,,,,,,,,,,,,,,,,,,,,,,,,,,,,,,,,,,,,,,,,,,,,69,4,153644,2374,158,40,1,both,0,20,20,1,1,,,,,32,,,,,,,,,,,,,,,,,,,,,,,,,,,,,,,,,,,,,,,,,,
883.5998051249771,unswapping,,,,,,,,,,,,,,,,,,,,,,,,,,,,,,,,,,,,,,,,,,,,,,,69,4,153644,2374,158,40,1,both,1,19,19,0,1,,,,,32,,,,,,,,,,,,,,,,,,,,,,,,,,,,,,,,,,,,,,,,,,
884.0707258330076,unswapping,,,,,,,,,,,,,,,,,,,,,,,,,,,,,,,,,,,,,,,,,,,,,,,69,4,153260,2368,158,40,1,left,0,20,20,1,2,,,,,30,,,,,,,,,,,,,,,,,,,,,,,,,,,,,,,,,,,,,,,,,,
884.4709597500041,unswapping,,,,,,,,,,,,,,,,,,,,,,,,,,,,,,,,,,,,,,,,,,,,,,,69,4,153260,2368,158,40,1,left,1,19,19,0,2,,,,,30,,,,,,,,,,,,,,,,,,,,,,,,,,,,,,,,,,,,,,,,,,
884.8768037499976,unswapping,,,,,,,,,,,,,,,,,,,,,,,,,,,,,,,,,,,,,,,,,,,,,,,69,4,153260,2368,158,40,1,right,0,20,20,0,2,,,,,30,,,,,,,,,,,,,,,,,,,,,,,,,,,,,,,,,,,,,,,,,,
885.2904315000051,unswapping,,,,,,,,,,,,,,,,,,,,,,,,,,,,,,,,,,,,,,,,,,,,,,,69,4,153260,2368,158,40,1,right,1,19,19,0,2,,,,,30,,,,,,,,,,,,,,,,,,,,,,,,,,,,,,,,,,,,,,,,,,
886.0390681669815,unswapping,,,,,,,,,,,,,,,,,,,,,,,,,,,,,,,,,,,,,,,,,,,,,,,69,4,153260,2368,158,40,2,both,0,20,20,0,0,,,,,30,,,,,,,,,,,,,,,,,,,,,,,,,,,,,,,,,,,,,,,,,,
886.8256799579831,unswapping,,,,,,,,,,,,,,,,,,,,,,,,,,,,,,,,,,,,,,,,,,,,,,,69,4,153260,2368,158,40,2,both,1,19,19,0,0,,,,,30,,,,,,,,,,,,,,,,,,,,,,,,,,,,,,,,,,,,,,,,,,
887.2573511250084,unswapping,,,,,,,,,,,,,,,,,,,,,,,,,,,,,,,,,,,,,,,,,,,,,,,69,4,153260,2368,158,40,2,left,0,20,20,0,0,,,,,30,,,,,,,,,,,,,,,,,,,,,,,,,,,,,,,,,,,,,,,,,,
887.6376018329756,unswapping,,,,,,,,,,,,,,,,,,,,,,,,,,,,,,,,,,,,,,,,,,,,,,,69,4,153260,2368,158,40,2,left,1,19,19,0,0,,,,,30,,,,,,,,,,,,,,,,,,,,,,,,,,,,,,,,,,,,,,,,,,
888.027110917028,unswapping,,,,,,,,,,,,,,,,,,,,,,,,,,,,,,,,,,,,,,,,,,,,,,,69,4,153260,2368,158,40,2,right,0,20,20,0,0,,,,,30,,,,,,,,,,,,,,,,,,,,,,,,,,,,,,,,,,,,,,,,,,
888.422068291984,unswapping,,,,,,,,,,,,,,,,,,,,,,,,,,,,,,,,,,,,,,,,,,,,,,,69,4,153260,2368,158,40,2,right,1,19,19,0,0,,,,,30,,,,,,,,,,,,,,,,,,,,,,,,,,,,,,,,,,,,,,,,,,
890.2044936249731,unswap_cycle_summary,,,,,,,,,,,,404,386,790,,,,,,,,,,,,,,,,,,,512,0.0006,,,,,,,,,,,,,69,4,153260,2368,158,40,,,,,,,,,,,,,,,,,,,,53,12.059320917003788,790,808,18,0,False,,,,,,,,,,,,,,,,,,,,,,,,,,,,
890.5342261670157,rewiring,right,post_unswap,0.23215758299920708,28,False,False,,,,,,,,,,,,,,,,,,,,,,,,,,,,,,,,,,,,,,,,,,,,,,,,,,,,,,,,,,,,,,,,,,53,,,,,,,50,False,0,4,bond_profile,8,False,1,3150,"(434, 48, 14, 8, 17, 92, 28)",0.003626124991569668,0.22814200102584437,"[{'seed': 123, 'score': (461, 48, 16, 8, 20, 92, 30), 'num_layers': 30, 'total_swaps': 92, 'max_layer_swaps': 8, 'swap_only_layers': 20, 'work_layers': 10, 'unitary_layers': 10, 'first_work_layer': 2, 'leading_no_work_layers': 2, 'bond_profile_layers_scored': 8, 'bond_profile_total_cost': 461, 'bond_profile_max_cost': 48, 'bond_profile_gate_count': 16}, {'seed': 1132, 'score': (444, 64, 14, 8, 19, 92, 29), 'num_layers': 29, 'total_swaps': 92, 'max_layer_swaps': 8, 'swap_only_layers': 19, 'work_layers': 10, 'unitary_layers': 10, 'first_work_layer': 2, 'leading_no_work_layers': 2, 'bond_profile_layers_scored': 8, 'bond_profile_total_cost': 444, 'bond_profile_max_cost': 64, 'bond_profile_gate_count': 14}, {'seed': 2141, 'score': (436, 48, 15, 8, 18, 92, 29), 'num_layers': 29, 'total_swaps': 92, 'max_layer_swaps': 8, 'swap_only_layers': 18, 'work_layers': 11, 'unitary_layers': 11, 'first_work_layer': 2, 'leading_no_work_layers': 2, 'bond_profile_layers_scored': 8, 'bond_profile_total_cost': 436, 'bond_profile_max_cost': 48, 'bond_profile_gate_count': 15}, {'seed': 3150, 'score': (434, 48, 14, 8, 17, 92, 28), 'num_layers': 28, 'total_swaps': 92, 'max_layer_swaps': 9, 'swap_only_layers': 17, 'work_layers': 11, 'unitary_layers': 11, 'first_work_layer': 2, 'leading_no_work_layers': 2, 'bond_profile_layers_scored': 8, 'bond_profile_total_cost': 434, 'bond_profile_max_cost': 48, 'bond_profile_gate_count': 14}]",0.23190562502713874,0.2325976670254022,,,,,,,,,,,,,
890.6321591670276,cycle_progress,,,,,,,,,,,,404,386,790,,,,,,,,,,,,,,,,,,,512,0.0006,,153740,9,,,,,,,,,,69,4,153260,2368,158,40,,,,,,,,,,,,,,,,,,,,53,,790,808,18,0,False,,,,,,,,,,,,,,,0.2325976670254022,,,,,,,,,,,,,
890.9150641249726,absorbing,,,,,,,R,0,1,0,28,404,386,790,8,0,0,0.0,0.18379391595954075,0.18379391595954075,0.18600220896769315,,181852,,69,False,False,False,False,181852,69,False,512,0.0006,,153260,10,total_elems,,181852,1,1,,,,0.0,69,4,181852,2608,158,40,,,,,,,,,,,,,,,,,,,,,,,,,,,,,,,,,,,,,,,,,,,,,,,,,,,,,,
891.242679500021,absorbing,,,,,,,R,0,2,0,28,404,386,790,9,0,0,0.0,0.23056950001046062,0.23056950001046062,0.23082875000545755,,247192,,90,False,False,False,False,247192,90,False,512,0.0006,,153260,10,total_elems,,247192,1,1,,,,0.0,90,4,247192,3098,158,40,,,,,,,,,,,,,,,,,,,,,,,,,,,,,,,,,,,,,,,,,,,,,,,,,,,,,,
893.3357619169983,unswapping,,,,,,,,,,,,,,,,,,,,,,,,,,,,,,,,,,,,,,,,,,,,,,,88,4,243888,3062,158,40,0,both,0,20,20,1,1,,,,,0,,,,,,,,,,,,,,,,,,,,,,,,,,,,,,,,,,,,,,,,,,
894.7570420830161,unswapping,,,,,,,,,,,,,,,,,,,,,,,,,,,,,,,,,,,,,,,,,,,,,,,78,4,201956,2728,158,40,0,both,1,19,19,8,9,,,,,0,,,,,,,,,,,,,,,,,,,,,,,,,,,,,,,,,,,,,,,,,,
895.2988851669943,unswapping,,,,,,,,,,,,,,,,,,,,,,,,,,,,,,,,,,,,,,,,,,,,,,,78,4,199744,2706,158,40,0,left,0,20,20,1,10,,,,,2,,,,,,,,,,,,,,,,,,,,,,,,,,,,,,,,,,,,,,,,,,
895.9047192499856,unswapping,,,,,,,,,,,,,,,,,,,,,,,,,,,,,,,,,,,,,,,,,,,,,,,78,4,185584,2600,158,40,0,left,1,19,19,6,16,,,,,14,,,,,,,,,,,,,,,,,,,,,,,,,,,,,,,,,,,,,,,,,,
896.4757940000272,unswapping,,,,,,,,,,,,,,,,,,,,,,,,,,,,,,,,,,,,,,,,,,,,,,,68,4,161780,2436,158,40,0,right,0,20,20,5,21,,,,,24,,,,,,,,,,,,,,,,,,,,,,,,,,,,,,,,,,,,,,,,,,
896.9668262919877,unswapping,,,,,,,,,,,,,,,,,,,,,,,,,,,,,,,,,,,,,,,,,,,,,,,67,4,152460,2372,158,40,0,right,1,19,19,2,23,,,,,28,,,,,,,,,,,,,,,,,,,,,,,,,,,,,,,,,,,,,,,,,,
897.8568347499822,unswapping,,,,,,,,,,,,,,,,,,,,,,,,,,,,,,,,,,,,,,,,,,,,,,,67,4,151692,2360,158,40,1,both,0,20,20,1,1,,,,,32,,,,,,,,,,,,,,,,,,,,,,,,,,,,,,,,,,,,,,,,,,
898.622833625006,unswapping,,,,,,,,,,,,,,,,,,,,,,,,,,,,,,,,,,,,,,,,,,,,,,,67,4,151692,2360,158,40,1,both,1,19,19,0,1,,,,,32,,,,,,,,,,,,,,,,,,,,,,,,,,,,,,,,,,,,,,,,,,
899.0333222500049,unswapping,,,,,,,,,,,,,,,,,,,,,,,,,,,,,,,,,,,,,,,,,,,,,,,67,4,151436,2356,158,40,1,left,0,20,20,1,2,,,,,30,,,,,,,,,,,,,,,,,,,,,,,,,,,,,,,,,,,,,,,,,,
899.3792382079992,unswapping,,,,,,,,,,,,,,,,,,,,,,,,,,,,,,,,,,,,,,,,,,,,,,,67,4,151436,2356,158,40,1,left,1,19,19,0,2,,,,,30,,,,,,,,,,,,,,,,,,,,,,,,,,,,,,,,,,,,,,,,,,
899.6878402080038,unswapping,,,,,,,,,,,,,,,,,,,,,,,,,,,,,,,,,,,,,,,,,,,,,,,67,4,151436,2356,158,40,1,right,0,20,20,0,2,,,,,30,,,,,,,,,,,,,,,,,,,,,,,,,,,,,,,,,,,,,,,,,,
900.0134493330261,unswapping,,,,,,,,,,,,,,,,,,,,,,,,,,,,,,,,,,,,,,,,,,,,,,,67,4,151436,2356,158,40,1,right,1,19,19,0,2,,,,,30,,,,,,,,,,,,,,,,,,,,,,,,,,,,,,,,,,,,,,,,,,
900.6654537920258,unswapping,,,,,,,,,,,,,,,,,,,,,,,,,,,,,,,,,,,,,,,,,,,,,,,67,4,151436,2356,158,40,2,both,0,20,20,0,0,,,,,30,,,,,,,,,,,,,,,,,,,,,,,,,,,,,,,,,,,,,,,,,,
901.3116502920166,unswapping,,,,,,,,,,,,,,,,,,,,,,,,,,,,,,,,,,,,,,,,,,,,,,,67,4,151436,2356,158,40,2,both,1,19,19,0,0,,,,,30,,,,,,,,,,,,,,,,,,,,,,,,,,,,,,,,,,,,,,,,,,
901.6068839579821,unswapping,,,,,,,,,,,,,,,,,,,,,,,,,,,,,,,,,,,,,,,,,,,,,,,67,4,151436,2356,158,40,2,left,0,20,20,0,0,,,,,30,,,,,,,,,,,,,,,,,,,,,,,,,,,,,,,,,,,,,,,,,,
901.9224754170282,unswapping,,,,,,,,,,,,,,,,,,,,,,,,,,,,,,,,,,,,,,,,,,,,,,,67,4,151436,2356,158,40,2,left,1,19,19,0,0,,,,,30,,,,,,,,,,,,,,,,,,,,,,,,,,,,,,,,,,,,,,,,,,
902.2285955830012,unswapping,,,,,,,,,,,,,,,,,,,,,,,,,,,,,,,,,,,,,,,,,,,,,,,67,4,151436,2356,158,40,2,right,0,20,20,0,0,,,,,30,,,,,,,,,,,,,,,,,,,,,,,,,,,,,,,,,,,,,,,,,,
902.6200560830184,unswapping,,,,,,,,,,,,,,,,,,,,,,,,,,,,,,,,,,,,,,,,,,,,,,,67,4,151436,2356,158,40,2,right,1,19,19,0,0,,,,,30,,,,,,,,,,,,,,,,,,,,,,,,,,,,,,,,,,,,,,,,,,
904.2704118330148,unswap_cycle_summary,,,,,,,,,,,,404,386,790,,,,,,,,,,,,,,,,,,,512,0.0006,,,,,,,,,,,,,67,4,151436,2356,158,40,,,,,,,,,,,,,,,,,,,,54,10.895879042043816,790,808,18,0,False,,,,,,,,,,,,,,,,,,,,,,,,,,,,
904.5828164580162,rewiring,right,post_unswap,0.22076087503228337,28,False,False,,,,,,,,,,,,,,,,,,,,,,,,,,,,,,,,,,,,,,,,,,,,,,,,,,,,,,,,,,,,,,,,,,54,,,,,,,50,False,0,4,bond_profile,8,False,1,3150,"(429, 48, 14, 8, 17, 92, 28)",0.0031376261031255126,0.2175953749101609,"[{'seed': 123, 'score': (457, 48, 16, 8, 20, 92, 30), 'num_layers': 30, 'total_swaps': 92, 'max_layer_swaps': 8, 'swap_only_layers': 20, 'work_layers': 10, 'unitary_layers': 10, 'first_work_layer': 2, 'leading_no_work_layers': 2, 'bond_profile_layers_scored': 8, 'bond_profile_total_cost': 457, 'bond_profile_max_cost': 48, 'bond_profile_gate_count': 16}, {'seed': 1132, 'score': (440, 64, 14, 8, 19, 92, 29), 'num_layers': 29, 'total_swaps': 92, 'max_layer_swaps': 8, 'swap_only_layers': 19, 'work_layers': 10, 'unitary_layers': 10, 'first_work_layer': 2, 'leading_no_work_layers': 2, 'bond_profile_layers_scored': 8, 'bond_profile_total_cost': 440, 'bond_profile_max_cost': 64, 'bond_profile_gate_count': 14}, {'seed': 2141, 'score': (433, 48, 15, 8, 18, 92, 29), 'num_layers': 29, 'total_swaps': 92, 'max_layer_swaps': 8, 'swap_only_layers': 18, 'work_layers': 11, 'unitary_layers': 11, 'first_work_layer': 2, 'leading_no_work_layers': 2, 'bond_profile_layers_scored': 8, 'bond_profile_total_cost': 433, 'bond_profile_max_cost': 48, 'bond_profile_gate_count': 15}, {'seed': 3150, 'score': (429, 48, 14, 8, 17, 92, 28), 'num_layers': 28, 'total_swaps': 92, 'max_layer_swaps': 9, 'swap_only_layers': 17, 'work_layers': 11, 'unitary_layers': 11, 'first_work_layer': 2, 'leading_no_work_layers': 2, 'bond_profile_layers_scored': 8, 'bond_profile_total_cost': 429, 'bond_profile_max_cost': 48, 'bond_profile_gate_count': 14}]",0.22075375000713393,0.22102491598343477,,,,,,,,,,,,,
904.6772512919852,cycle_progress,,,,,,,,,,,,404,386,790,,,,,,,,,,,,,,,,,,,512,0.0006,,153260,10,,,,,,,,,,67,4,151436,2356,158,40,,,,,,,,,,,,,,,,,,,,54,,790,808,18,0,False,,,,,,,,,,,,,,,0.22102491598343477,,,,,,,,,,,,,
904.9817940830253,absorbing,,,,,,,R,0,1,0,28,404,386,790,8,0,0,0.0,0.20344170898897573,0.20344170898897573,0.20564216701313853,,182552,,72,False,False,False,False,182552,72,False,512,0.0006,,151436,11,total_elems,,182552,1,1,,,,0.0,72,4,182552,2616,158,40,,,,,,,,,,,,,,,,,,,,,,,,,,,,,,,,,,,,,,,,,,,,,,,,,,,,,,
905.3709481669939,absorbing,,,,,,,R,0,2,0,28,404,386,790,9,0,0,0.0,0.29231537494342774,0.29231537494342774,0.29256495798472315,,248144,,88,False,False,False,False,248144,88,False,512,0.0006,,151436,11,total_elems,,248144,1,1,,,,0.0,88,4,248144,3130,158,40,,,,,,,,,,,,,,,,,,,,,,,,,,,,,,,,,,,,,,,,,,,,,,,,,,,,,,
907.4877930000075,unswapping,,,,,,,,,,,,,,,,,,,,,,,,,,,,,,,,,,,,,,,,,,,,,,,86,4,243072,3084,158,40,0,both,0,20,20,1,1,,,,,0,,,,,,,,,,,,,,,,,,,,,,,,,,,,,,,,,,,,,,,,,,
908.9426924170111,unswapping,,,,,,,,,,,,,,,,,,,,,,,,,,,,,,,,,,,,,,,,,,,,,,,77,4,197904,2702,158,40,0,both,1,19,19,8,9,,,,,0,,,,,,,,,,,,,,,,,,,,,,,,,,,,,,,,,,,,,,,,,,
909.5319222499966,unswapping,,,,,,,,,,,,,,,,,,,,,,,,,,,,,,,,,,,,,,,,,,,,,,,77,4,195568,2678,158,40,0,left,0,20,20,1,10,,,,,2,,,,,,,,,,,,,,,,,,,,,,,,,,,,,,,,,,,,,,,,,,
910.1501605419908,unswapping,,,,,,,,,,,,,,,,,,,,,,,,,,,,,,,,,,,,,,,,,,,,,,,77,4,182684,2580,158,40,0,left,1,19,19,6,16,,,,,14,,,,,,,,,,,,,,,,,,,,,,,,,,,,,,,,,,,,,,,,,,
910.7716038330109,unswapping,,,,,,,,,,,,,,,,,,,,,,,,,,,,,,,,,,,,,,,,,,,,,,,67,4,160156,2424,158,40,0,right,0,20,20,5,21,,,,,24,,,,,,,,,,,,,,,,,,,,,,,,,,,,,,,,,,,,,,,,,,
911.2225102920202,unswapping,,,,,,,,,,,,,,,,,,,,,,,,,,,,,,,,,,,,,,,,,,,,,,,67,4,151248,2360,158,40,0,right,1,19,19,2,23,,,,,28,,,,,,,,,,,,,,,,,,,,,,,,,,,,,,,,,,,,,,,,,,
912.2145804999745,unswapping,,,,,,,,,,,,,,,,,,,,,,,,,,,,,,,,,,,,,,,,,,,,,,,67,4,150480,2348,158,40,1,both,0,20,20,1,1,,,,,32,,,,,,,,,,,,,,,,,,,,,,,,,,,,,,,,,,,,,,,,,,
912.9802988329902,unswapping,,,,,,,,,,,,,,,,,,,,,,,,,,,,,,,,,,,,,,,,,,,,,,,67,4,150480,2348,158,40,1,both,1,19,19,0,1,,,,,32,,,,,,,,,,,,,,,,,,,,,,,,,,,,,,,,,,,,,,,,,,
913.3839742079726,unswapping,,,,,,,,,,,,,,,,,,,,,,,,,,,,,,,,,,,,,,,,,,,,,,,67,4,150096,2342,158,40,1,left,0,20,20,1,2,,,,,30,,,,,,,,,,,,,,,,,,,,,,,,,,,,,,,,,,,,,,,,,,
913.7534031249816,unswapping,,,,,,,,,,,,,,,,,,,,,,,,,,,,,,,,,,,,,,,,,,,,,,,67,4,150096,2342,158,40,1,left,1,19,19,0,2,,,,,30,,,,,,,,,,,,,,,,,,,,,,,,,,,,,,,,,,,,,,,,,,
914.1622895419714,unswapping,,,,,,,,,,,,,,,,,,,,,,,,,,,,,,,,,,,,,,,,,,,,,,,67,4,150096,2342,158,40,1,right,0,20,20,0,2,,,,,30,,,,,,,,,,,,,,,,,,,,,,,,,,,,,,,,,,,,,,,,,,
914.5157202080009,unswapping,,,,,,,,,,,,,,,,,,,,,,,,,,,,,,,,,,,,,,,,,,,,,,,67,4,150096,2342,158,40,1,right,1,19,19,0,2,,,,,30,,,,,,,,,,,,,,,,,,,,,,,,,,,,,,,,,,,,,,,,,,
915.1833634169889,unswapping,,,,,,,,,,,,,,,,,,,,,,,,,,,,,,,,,,,,,,,,,,,,,,,67,4,150096,2342,158,40,2,both,0,20,20,0,0,,,,,30,,,,,,,,,,,,,,,,,,,,,,,,,,,,,,,,,,,,,,,,,,
915.913442582998,unswapping,,,,,,,,,,,,,,,,,,,,,,,,,,,,,,,,,,,,,,,,,,,,,,,67,4,150096,2342,158,40,2,both,1,19,19,0,0,,,,,30,,,,,,,,,,,,,,,,,,,,,,,,,,,,,,,,,,,,,,,,,,
916.1823798749829,unswapping,,,,,,,,,,,,,,,,,,,,,,,,,,,,,,,,,,,,,,,,,,,,,,,67,4,150096,2342,158,40,2,left,0,20,20,0,0,,,,,30,,,,,,,,,,,,,,,,,,,,,,,,,,,,,,,,,,,,,,,,,,
916.5182797919842,unswapping,,,,,,,,,,,,,,,,,,,,,,,,,,,,,,,,,,,,,,,,,,,,,,,67,4,150096,2342,158,40,2,left,1,19,19,0,0,,,,,30,,,,,,,,,,,,,,,,,,,,,,,,,,,,,,,,,,,,,,,,,,
916.8048885419848,unswapping,,,,,,,,,,,,,,,,,,,,,,,,,,,,,,,,,,,,,,,,,,,,,,,67,4,150096,2342,158,40,2,right,0,20,20,0,0,,,,,30,,,,,,,,,,,,,,,,,,,,,,,,,,,,,,,,,,,,,,,,,,
917.1452272920287,unswapping,,,,,,,,,,,,,,,,,,,,,,,,,,,,,,,,,,,,,,,,,,,,,,,67,4,150096,2342,158,40,2,right,1,19,19,0,0,,,,,30,,,,,,,,,,,,,,,,,,,,,,,,,,,,,,,,,,,,,,,,,,
918.7965724170208,unswap_cycle_summary,,,,,,,,,,,,404,386,790,,,,,,,,,,,,,,,,,,,512,0.0006,,,,,,,,,,,,,67,4,150096,2342,158,40,,,,,,,,,,,,,,,,,,,,55,11.219919209019281,790,808,18,0,False,,,,,,,,,,,,,,,,,,,,,,,,,,,,
919.0630221249885,rewiring,right,post_unswap,0.1735888750408776,28,False,False,,,,,,,,,,,,,,,,,,,,,,,,,,,,,,,,,,,,,,,,,,,,,,,,,,,,,,,,,,,,,,,,,,55,,,,,,,50,False,0,4,bond_profile,8,False,1,3150,"(427, 48, 14, 8, 17, 92, 28)",0.0032324170460924506,0.17032820702297613,"[{'seed': 123, 'score': (455, 48, 16, 8, 20, 92, 30), 'num_layers': 30, 'total_swaps': 92, 'max_layer_swaps': 8, 'swap_only_layers': 20, 'work_layers': 10, 'unitary_layers': 10, 'first_work_layer': 2, 'leading_no_work_layers': 2, 'bond_profile_layers_scored': 8, 'bond_profile_total_cost': 455, 'bond_profile_max_cost': 48, 'bond_profile_gate_count': 16}, {'seed': 1132, 'score': (438, 64, 14, 8, 19, 92, 29), 'num_layers': 29, 'total_swaps': 92, 'max_layer_swaps': 8, 'swap_only_layers': 19, 'work_layers': 10, 'unitary_layers': 10, 'first_work_layer': 2, 'leading_no_work_layers': 2, 'bond_profile_layers_scored': 8, 'bond_profile_total_cost': 438, 'bond_profile_max_cost': 64, 'bond_profile_gate_count': 14}, {'seed': 2141, 'score': (431, 48, 15, 8, 18, 92, 29), 'num_layers': 29, 'total_swaps': 92, 'max_layer_swaps': 8, 'swap_only_layers': 18, 'work_layers': 11, 'unitary_layers': 11, 'first_work_layer': 2, 'leading_no_work_layers': 2, 'bond_profile_layers_scored': 8, 'bond_profile_total_cost': 431, 'bond_profile_max_cost': 48, 'bond_profile_gate_count': 15}, {'seed': 3150, 'score': (427, 48, 14, 8, 17, 92, 28), 'num_layers': 28, 'total_swaps': 92, 'max_layer_swaps': 9, 'swap_only_layers': 17, 'work_layers': 11, 'unitary_layers': 11, 'first_work_layer': 2, 'leading_no_work_layers': 2, 'bond_profile_layers_scored': 8, 'bond_profile_total_cost': 427, 'bond_profile_max_cost': 48, 'bond_profile_gate_count': 14}]",0.17358191701350734,0.1738536250195466,,,,,,,,,,,,,
919.1581338330288,cycle_progress,,,,,,,,,,,,404,386,790,,,,,,,,,,,,,,,,,,,512,0.0006,,151436,11,,,,,,,,,,67,4,150096,2342,158,40,,,,,,,,,,,,,,,,,,,,55,,790,808,18,0,False,,,,,,,,,,,,,,,0.1738536250195466,,,,,,,,,,,,,
919.4211539580137,absorbing,,,,,,,R,0,1,0,28,404,386,790,8,0,0,0.0,0.1664275000221096,0.1664275000221096,0.1675710000563413,,177772,,67,False,False,False,False,177772,67,False,512,0.0006,,150096,12,total_elems,,177772,1,1,,,,0.0,67,4,177772,2578,158,40,,,,,,,,,,,,,,,,,,,,,,,,,,,,,,,,,,,,,,,,,,,,,,,,,,,,,,
919.7229666250059,absorbing,,,,,,,R,0,2,0,28,404,386,790,9,0,0,0.0,0.20527854200918227,0.20527854200918227,0.20552770799258724,,237300,,86,False,False,False,False,237300,86,False,512,0.0006,,150096,12,total_elems,,237300,1,1,,,,0.0,86,4,237300,3042,158,40,,,,,,,,,,,,,,,,,,,,,,,,,,,,,,,,,,,,,,,,,,,,,,,,,,,,,,
921.7336700420128,unswapping,,,,,,,,,,,,,,,,,,,,,,,,,,,,,,,,,,,,,,,,,,,,,,,84,4,231776,2990,158,40,0,both,0,20,20,1,1,,,,,0,,,,,,,,,,,,,,,,,,,,,,,,,,,,,,,,,,,,,,,,,,
922.9758493329864,unswapping,,,,,,,,,,,,,,,,,,,,,,,,,,,,,,,,,,,,,,,,,,,,,,,77,4,193552,2670,158,40,0,both,1,19,19,8,9,,,,,0,,,,,,,,,,,,,,,,,,,,,,,,,,,,,,,,,,,,,,,,,,
923.4780684579746,unswapping,,,,,,,,,,,,,,,,,,,,,,,,,,,,,,,,,,,,,,,,,,,,,,,77,4,192452,2654,158,40,0,left,0,20,20,1,10,,,,,2,,,,,,,,,,,,,,,,,,,,,,,,,,,,,,,,,,,,,,,,,,
924.0517718750052,unswapping,,,,,,,,,,,,,,,,,,,,,,,,,,,,,,,,,,,,,,,,,,,,,,,77,4,180196,2558,158,40,0,left,1,19,19,6,16,,,,,14,,,,,,,,,,,,,,,,,,,,,,,,,,,,,,,,,,,,,,,,,,
924.5887234580005,unswapping,,,,,,,,,,,,,,,,,,,,,,,,,,,,,,,,,,,,,,,,,,,,,,,67,4,157504,2400,158,40,0,right,0,20,20,5,21,,,,,24,,,,,,,,,,,,,,,,,,,,,,,,,,,,,,,,,,,,,,,,,,
925.0475617920165,unswapping,,,,,,,,,,,,,,,,,,,,,,,,,,,,,,,,,,,,,,,,,,,,,,,67,4,149168,2340,158,40,0,right,1,19,19,2,23,,,,,28,,,,,,,,,,,,,,,,,,,,,,,,,,,,,,,,,,,,,,,,,,
925.8967087920173,unswapping,,,,,,,,,,,,,,,,,,,,,,,,,,,,,,,,,,,,,,,,,,,,,,,67,4,148400,2328,158,40,1,both,0,20,20,1,1,,,,,32,,,,,,,,,,,,,,,,,,,,,,,,,,,,,,,,,,,,,,,,,,
926.6920901249978,unswapping,,,,,,,,,,,,,,,,,,,,,,,,,,,,,,,,,,,,,,,,,,,,,,,67,4,148400,2328,158,40,1,both,1,19,19,0,1,,,,,32,,,,,,,,,,,,,,,,,,,,,,,,,,,,,,,,,,,,,,,,,,
927.1352966669947,unswapping,,,,,,,,,,,,,,,,,,,,,,,,,,,,,,,,,,,,,,,,,,,,,,,67,4,148016,2322,158,40,1,left,0,20,20,1,2,,,,,30,,,,,,,,,,,,,,,,,,,,,,,,,,,,,,,,,,,,,,,,,,
927.526302082988,unswapping,,,,,,,,,,,,,,,,,,,,,,,,,,,,,,,,,,,,,,,,,,,,,,,67,4,148016,2322,158,40,1,left,1,19,19,0,2,,,,,30,,,,,,,,,,,,,,,,,,,,,,,,,,,,,,,,,,,,,,,,,,
927.9597879999783,unswapping,,,,,,,,,,,,,,,,,,,,,,,,,,,,,,,,,,,,,,,,,,,,,,,67,4,148016,2322,158,40,1,right,0,20,20,0,2,,,,,30,,,,,,,,,,,,,,,,,,,,,,,,,,,,,,,,,,,,,,,,,,
928.4397224999848,unswapping,,,,,,,,,,,,,,,,,,,,,,,,,,,,,,,,,,,,,,,,,,,,,,,67,4,148016,2322,158,40,1,right,1,19,19,0,2,,,,,30,,,,,,,,,,,,,,,,,,,,,,,,,,,,,,,,,,,,,,,,,,
929.2629400420119,unswapping,,,,,,,,,,,,,,,,,,,,,,,,,,,,,,,,,,,,,,,,,,,,,,,67,4,148016,2322,158,40,2,both,0,20,20,0,0,,,,,30,,,,,,,,,,,,,,,,,,,,,,,,,,,,,,,,,,,,,,,,,,
929.9917259580106,unswapping,,,,,,,,,,,,,,,,,,,,,,,,,,,,,,,,,,,,,,,,,,,,,,,67,4,148016,2322,158,40,2,both,1,19,19,0,0,,,,,30,,,,,,,,,,,,,,,,,,,,,,,,,,,,,,,,,,,,,,,,,,
930.3625008329982,unswapping,,,,,,,,,,,,,,,,,,,,,,,,,,,,,,,,,,,,,,,,,,,,,,,67,4,148016,2322,158,40,2,left,0,20,20,0,0,,,,,30,,,,,,,,,,,,,,,,,,,,,,,,,,,,,,,,,,,,,,,,,,
930.738608249987,unswapping,,,,,,,,,,,,,,,,,,,,,,,,,,,,,,,,,,,,,,,,,,,,,,,67,4,148016,2322,158,40,2,left,1,19,19,0,0,,,,,30,,,,,,,,,,,,,,,,,,,,,,,,,,,,,,,,,,,,,,,,,,
931.0871318330173,unswapping,,,,,,,,,,,,,,,,,,,,,,,,,,,,,,,,,,,,,,,,,,,,,,,67,4,148016,2322,158,40,2,right,0,20,20,0,0,,,,,30,,,,,,,,,,,,,,,,,,,,,,,,,,,,,,,,,,,,,,,,,,
931.4551194169908,unswapping,,,,,,,,,,,,,,,,,,,,,,,,,,,,,,,,,,,,,,,,,,,,,,,67,4,148016,2322,158,40,2,right,1,19,19,0,0,,,,,30,,,,,,,,,,,,,,,,,,,,,,,,,,,,,,,,,,,,,,,,,,
933.1341454170179,unswap_cycle_summary,,,,,,,,,,,,404,386,790,,,,,,,,,,,,,,,,,,,512,0.0006,,,,,,,,,,,,,67,4,148016,2322,158,40,,,,,,,,,,,,,,,,,,,,56,11.24696420901455,790,808,18,0,False,,,,,,,,,,,,,,,,,,,,,,,,,,,,
933.3919876670116,rewiring,right,post_unswap,0.16519145900383592,28,False,False,,,,,,,,,,,,,,,,,,,,,,,,,,,,,,,,,,,,,,,,,,,,,,,,,,,,,,,,,,,,,,,,,,56,,,,,,,50,False,0,4,bond_profile,8,False,1,3150,"(421, 48, 14, 8, 17, 92, 28)",0.003032458887901157,0.16213183396030217,"[{'seed': 123, 'score': (448, 48, 16, 8, 20, 92, 30), 'num_layers': 30, 'total_swaps': 92, 'max_layer_swaps': 8, 'swap_only_layers': 20, 'work_layers': 10, 'unitary_layers': 10, 'first_work_layer': 2, 'leading_no_work_layers': 2, 'bond_profile_layers_scored': 8, 'bond_profile_total_cost': 448, 'bond_profile_max_cost': 48, 'bond_profile_gate_count': 16}, {'seed': 1132, 'score': (431, 64, 14, 8, 19, 92, 29), 'num_layers': 29, 'total_swaps': 92, 'max_layer_swaps': 8, 'swap_only_layers': 19, 'work_layers': 10, 'unitary_layers': 10, 'first_work_layer': 2, 'leading_no_work_layers': 2, 'bond_profile_layers_scored': 8, 'bond_profile_total_cost': 431, 'bond_profile_max_cost': 64, 'bond_profile_gate_count': 14}, {'seed': 2141, 'score': (426, 48, 15, 8, 18, 92, 29), 'num_layers': 29, 'total_swaps': 92, 'max_layer_swaps': 8, 'swap_only_layers': 18, 'work_layers': 11, 'unitary_layers': 11, 'first_work_layer': 2, 'leading_no_work_layers': 2, 'bond_profile_layers_scored': 8, 'bond_profile_total_cost': 426, 'bond_profile_max_cost': 48, 'bond_profile_gate_count': 15}, {'seed': 3150, 'score': (421, 48, 14, 8, 17, 92, 28), 'num_layers': 28, 'total_swaps': 92, 'max_layer_swaps': 9, 'swap_only_layers': 17, 'work_layers': 11, 'unitary_layers': 11, 'first_work_layer': 2, 'leading_no_work_layers': 2, 'bond_profile_layers_scored': 8, 'bond_profile_total_cost': 421, 'bond_profile_max_cost': 48, 'bond_profile_gate_count': 14}]",0.1651854160008952,0.165418624994345,,,,,,,,,,,,,
933.4865138329915,cycle_progress,,,,,,,,,,,,404,386,790,,,,,,,,,,,,,,,,,,,512,0.0006,,150096,12,,,,,,,,,,67,4,148016,2322,158,40,,,,,,,,,,,,,,,,,,,,56,,790,808,18,0,False,,,,,,,,,,,,,,,0.165418624994345,,,,,,,,,,,,,
933.7322874999954,absorbing,,,,,,,R,0,1,0,28,404,386,790,8,0,0,0.0,0.15056754200486466,0.15056754200486466,0.15116599999601021,,177140,,72,False,False,False,False,177140,72,False,512,0.0006,,148016,13,total_elems,,177140,1,1,,,,0.0,72,4,177140,2572,158,40,,,,,,,,,,,,,,,,,,,,,,,,,,,,,,,,,,,,,,,,,,,,,,,,,,,,,,
934.039888624975,absorbing,,,,,,,R,0,2,0,28,404,386,790,9,0,0,0.0,0.21434579195920378,0.21434579195920378,0.2145666249562055,,233712,,83,False,False,False,False,233712,83,False,512,0.0006,,148016,13,total_elems,,233712,1,1,,,,0.0,83,4,233712,3046,158,40,,,,,,,,,,,,,,,,,,,,,,,,,,,,,,,,,,,,,,,,,,,,,,,,,,,,,,
934.5831348749925,absorbing,,,,,,,R,0,3,0,28,404,387,791,8,1,1,0.0,0.4472122080042027,0.4472122080042027,0.4474472500151023,,497544,,149,False,False,False,False,497544,149,False,512,0.0006,,148016,13,total_elems,,497544,1,1,,,,0.0,149,4,497544,4276,158,40,,,,,,,,,,,,,,,,,,,,,,,,,,,,,,,,,,,,,,,,,,,,,,,,,,,,,,
938.1614790830063,unswapping,,,,,,,,,,,,,,,,,,,,,,,,,,,,,,,,,,,,,,,,,,,,,,,88,4,325784,3414,158,40,0,both,0,20,20,9,9,,,,,0,,,,,,,,,,,,,,,,,,,,,,,,,,,,,,,,,,,,,,,,,,
940.5008273749845,unswapping,,,,,,,,,,,,,,,,,,,,,,,,,,,,,,,,,,,,,,,,,,,,,,,79,4,295640,3218,158,40,0,both,1,19,19,5,14,,,,,0,,,,,,,,,,,,,,,,,,,,,,,,,,,,,,,,,,,,,,,,,,
941.3698035000125,unswapping,,,,,,,,,,,,,,,,,,,,,,,,,,,,,,,,,,,,,,,,,,,,,,,77,4,251100,3022,158,40,0,left,0,20,20,4,18,,,,,8,,,,,,,,,,,,,,,,,,,,,,,,,,,,,,,,,,,,,,,,,,
942.068422042008,unswapping,,,,,,,,,,,,,,,,,,,,,,,,,,,,,,,,,,,,,,,,,,,,,,,77,4,229120,2910,158,40,0,left,1,19,19,4,22,,,,,16,,,,,,,,,,,,,,,,,,,,,,,,,,,,,,,,,,,,,,,,,,
942.6198899999727,unswapping,,,,,,,,,,,,,,,,,,,,,,,,,,,,,,,,,,,,,,,,,,,,,,,75,4,202024,2744,158,40,0,right,0,20,20,3,25,,,,,22,,,,,,,,,,,,,,,,,,,,,,,,,,,,,,,,,,,,,,,,,,
943.1145452500205,unswapping,,,,,,,,,,,,,,,,,,,,,,,,,,,,,,,,,,,,,,,,,,,,,,,66,4,184216,2606,158,40,0,right,1,19,19,3,28,,,,,28,,,,,,,,,,,,,,,,,,,,,,,,,,,,,,,,,,,,,,,,,,
943.9104455829947,unswapping,,,,,,,,,,,,,,,,,,,,,,,,,,,,,,,,,,,,,,,,,,,,,,,66,4,173832,2506,158,40,1,both,0,20,20,3,3,,,,,40,,,,,,,,,,,,,,,,,,,,,,,,,,,,,,,,,,,,,,,,,,
944.8837421669741,unswapping,,,,,,,,,,,,,,,,,,,,,,,,,,,,,,,,,,,,,,,,,,,,,,,66,4,170348,2478,158,40,1,both,1,19,19,1,4,,,,,40,,,,,,,,,,,,,,,,,,,,,,,,,,,,,,,,,,,,,,,,,,
945.3176891250187,unswapping,,,,,,,,,,,,,,,,,,,,,,,,,,,,,,,,,,,,,,,,,,,,,,,66,4,165624,2448,158,40,1,left,0,20,20,1,5,,,,,42,,,,,,,,,,,,,,,,,,,,,,,,,,,,,,,,,,,,,,,,,,
945.6772655419772,unswapping,,,,,,,,,,,,,,,,,,,,,,,,,,,,,,,,,,,,,,,,,,,,,,,66,4,165624,2448,158,40,1,left,1,19,19,0,5,,,,,42,,,,,,,,,,,,,,,,,,,,,,,,,,,,,,,,,,,,,,,,,,
946.1595957920072,unswapping,,,,,,,,,,,,,,,,,,,,,,,,,,,,,,,,,,,,,,,,,,,,,,,66,4,164456,2434,158,40,1,right,0,20,20,2,7,,,,,40,,,,,,,,,,,,,,,,,,,,,,,,,,,,,,,,,,,,,,,,,,
946.5229033749783,unswapping,,,,,,,,,,,,,,,,,,,,,,,,,,,,,,,,,,,,,,,,,,,,,,,66,4,164456,2434,158,40,1,right,1,19,19,0,7,,,,,40,,,,,,,,,,,,,,,,,,,,,,,,,,,,,,,,,,,,,,,,,,
947.175315667002,unswapping,,,,,,,,,,,,,,,,,,,,,,,,,,,,,,,,,,,,,,,,,,,,,,,66,4,164456,2434,158,40,2,both,0,20,20,0,0,,,,,40,,,,,,,,,,,,,,,,,,,,,,,,,,,,,,,,,,,,,,,,,,
947.900833917025,unswapping,,,,,,,,,,,,,,,,,,,,,,,,,,,,,,,,,,,,,,,,,,,,,,,66,4,164456,2434,158,40,2,both,1,19,19,0,0,,,,,40,,,,,,,,,,,,,,,,,,,,,,,,,,,,,,,,,,,,,,,,,,
948.2041485420195,unswapping,,,,,,,,,,,,,,,,,,,,,,,,,,,,,,,,,,,,,,,,,,,,,,,66,4,164456,2434,158,40,2,left,0,20,20,0,0,,,,,40,,,,,,,,,,,,,,,,,,,,,,,,,,,,,,,,,,,,,,,,,,
948.6055592499906,unswapping,,,,,,,,,,,,,,,,,,,,,,,,,,,,,,,,,,,,,,,,,,,,,,,66,4,164456,2434,158,40,2,left,1,19,19,0,0,,,,,40,,,,,,,,,,,,,,,,,,,,,,,,,,,,,,,,,,,,,,,,,,
948.9331050419714,unswapping,,,,,,,,,,,,,,,,,,,,,,,,,,,,,,,,,,,,,,,,,,,,,,,66,4,164456,2434,158,40,2,right,0,20,20,0,0,,,,,40,,,,,,,,,,,,,,,,,,,,,,,,,,,,,,,,,,,,,,,,,,
949.2508551669889,unswapping,,,,,,,,,,,,,,,,,,,,,,,,,,,,,,,,,,,,,,,,,,,,,,,66,4,164456,2434,158,40,2,right,1,19,19,0,0,,,,,40,,,,,,,,,,,,,,,,,,,,,,,,,,,,,,,,,,,,,,,,,,
950.923212166992,unswap_cycle_summary,,,,,,,,,,,,404,387,791,,,,,,,,,,,,,,,,,,,512,0.0006,,,,,,,,,,,,,66,4,164456,2434,158,40,,,,,,,,,,,,,,,,,,,,57,13.691908665990923,791,808,17,1,False,,,,,,,,,,,,,,,,,,,,,,,,,,,,
951.2003172920085,rewiring,right,post_unswap,0.18005895899841562,27,False,False,,,,,,,,,,,,,,,,,,,,,,,,,,,,,,,,,,,,,,,,,,,,,,,,,,,,,,,,,,,,,,,,,,57,,,,,,,50,False,1,4,bond_profile,8,False,1,1132,"(424, 52, 12, 8, 19, 89, 30)",0.0031440830207429826,0.17688516800990328,"[{'seed': 123, 'score': (446, 52, 12, 8, 14, 89, 25), 'num_layers': 25, 'total_swaps': 89, 'max_layer_swaps': 8, 'swap_only_layers': 14, 'work_layers': 11, 'unitary_layers': 11, 'first_work_layer': 1, 'leading_no_work_layers': 1, 'bond_profile_layers_scored': 8, 'bond_profile_total_cost': 446, 'bond_profile_max_cost': 52, 'bond_profile_gate_count': 12}, {'seed': 1132, 'score': (424, 52, 12, 8, 19, 89, 30), 'num_layers': 30, 'total_swaps': 89, 'max_layer_swaps': 8, 'swap_only_layers': 19, 'work_layers': 11, 'unitary_layers': 11, 'first_work_layer': 1, 'leading_no_work_layers': 1, 'bond_profile_layers_scored': 8, 'bond_profile_total_cost': 424, 'bond_profile_max_cost': 52, 'bond_profile_gate_count': 12}, {'seed': 2141, 'score': (464, 52, 12, 8, 13, 89, 25), 'num_layers': 25, 'total_swaps': 89, 'max_layer_swaps': 8, 'swap_only_layers': 13, 'work_layers': 12, 'unitary_layers': 12, 'first_work_layer': 1, 'leading_no_work_layers': 1, 'bond_profile_layers_scored': 8, 'bond_profile_total_cost': 464, 'bond_profile_max_cost': 52, 'bond_profile_gate_count': 12}, {'seed': 3150, 'score': (488, 52, 13, 8, 15, 89, 26), 'num_layers': 26, 'total_swaps': 89, 'max_layer_swaps': 9, 'swap_only_layers': 15, 'work_layers': 11, 'unitary_layers': 11, 'first_work_layer': 1, 'leading_no_work_layers': 1, 'bond_profile_layers_scored': 8, 'bond_profile_total_cost': 488, 'bond_profile_max_cost': 52, 'bond_profile_gate_count': 13}]",0.18005187500966713,0.1803062089602463,,,,,,,,,,,,,
951.2968349580187,cycle_progress,,,,,,,,,,,,404,387,791,,,,,,,,,,,,,,,,,,,512,0.0006,,148016,13,,,,,,,,,,66,4,164456,2434,158,40,,,,,,,,,,,,,,,,,,,,57,,791,808,17,1,False,,,,,,,,,,,,,,,0.1803062089602463,,,,,,,,,,,,,
951.5815723750275,absorbing,,,,,,,R,0,1,0,30,404,387,791,8,0,0,0.0,0.18118745798710734,0.18118745798710734,0.18601691600633785,,194512,,77,False,False,False,False,194512,77,False,512,0.0006,,164456,0,total_elems,,194512,1,1,,,,0.0,77,4,194512,2678,158,40,,,,,,,,,,,,,,,,,,,,,,,,,,,,,,,,,,,,,,,,,,,,,,,,,,,,,,
951.9530682499753,absorbing,,,,,,,R,0,2,0,30,404,388,792,7,1,1,0.0,0.27546666702255607,0.27546666702255607,0.27572441595839337,,319368,,140,False,False,False,False,319368,140,False,512,0.0006,,164456,0,total_elems,,319368,1,1,,,,0.0,140,4,319368,3280,158,40,,,,,,,,,,,,,,,,,,,,,,,,,,,,,,,,,,,,,,,,,,,,,,,,,,,,,,
954.3340363330208,unswapping,,,,,,,,,,,,,,,,,,,,,,,,,,,,,,,,,,,,,,,,,,,,,,,128,4,283072,3128,158,40,0,both,0,20,20,2,2,,,,,0,,,,,,,,,,,,,,,,,,,,,,,,,,,,,,,,,,,,,,,,,,
956.0317190830247,unswapping,,,,,,,,,,,,,,,,,,,,,,,,,,,,,,,,,,,,,,,,,,,,,,,80,4,241768,2868,158,40,0,both,1,19,19,6,8,,,,,0,,,,,,,,,,,,,,,,,,,,,,,,,,,,,,,,,,,,,,,,,,
956.7099259580136,unswapping,,,,,,,,,,,,,,,,,,,,,,,,,,,,,,,,,,,,,,,,,,,,,,,80,4,223736,2792,158,40,0,left,0,20,20,2,10,,,,,4,,,,,,,,,,,,,,,,,,,,,,,,,,,,,,,,,,,,,,,,,,
957.5541884580161,unswapping,,,,,,,,,,,,,,,,,,,,,,,,,,,,,,,,,,,,,,,,,,,,,,,77,4,203628,2686,158,40,0,left,1,19,19,4,14,,,,,12,,,,,,,,,,,,,,,,,,,,,,,,,,,,,,,,,,,,,,,,,,
958.2142604169785,unswapping,,,,,,,,,,,,,,,,,,,,,,,,,,,,,,,,,,,,,,,,,,,,,,,74,4,186876,2568,158,40,0,right,0,20,20,5,19,,,,,22,,,,,,,,,,,,,,,,,,,,,,,,,,,,,,,,,,,,,,,,,,
958.7844243330183,unswapping,,,,,,,,,,,,,,,,,,,,,,,,,,,,,,,,,,,,,,,,,,,,,,,74,4,184520,2546,158,40,0,right,1,19,19,1,20,,,,,24,,,,,,,,,,,,,,,,,,,,,,,,,,,,,,,,,,,,,,,,,,
959.9361705830088,unswapping,,,,,,,,,,,,,,,,,,,,,,,,,,,,,,,,,,,,,,,,,,,,,,,74,4,183752,2534,158,40,1,both,0,20,20,1,1,,,,,28,,,,,,,,,,,,,,,,,,,,,,,,,,,,,,,,,,,,,,,,,,
960.8747747919988,unswapping,,,,,,,,,,,,,,,,,,,,,,,,,,,,,,,,,,,,,,,,,,,,,,,74,4,183752,2534,158,40,1,both,1,19,19,0,1,,,,,28,,,,,,,,,,,,,,,,,,,,,,,,,,,,,,,,,,,,,,,,,,
961.3782753329724,unswapping,,,,,,,,,,,,,,,,,,,,,,,,,,,,,,,,,,,,,,,,,,,,,,,74,4,183240,2526,158,40,1,left,0,20,20,1,2,,,,,26,,,,,,,,,,,,,,,,,,,,,,,,,,,,,,,,,,,,,,,,,,
961.8115265420056,unswapping,,,,,,,,,,,,,,,,,,,,,,,,,,,,,,,,,,,,,,,,,,,,,,,74,4,183240,2526,158,40,1,left,1,19,19,0,2,,,,,26,,,,,,,,,,,,,,,,,,,,,,,,,,,,,,,,,,,,,,,,,,
962.2416292920243,unswapping,,,,,,,,,,,,,,,,,,,,,,,,,,,,,,,,,,,,,,,,,,,,,,,74,4,183240,2526,158,40,1,right,0,20,20,0,2,,,,,26,,,,,,,,,,,,,,,,,,,,,,,,,,,,,,,,,,,,,,,,,,
962.6870249169879,unswapping,,,,,,,,,,,,,,,,,,,,,,,,,,,,,,,,,,,,,,,,,,,,,,,74,4,183240,2526,158,40,1,right,1,19,19,0,2,,,,,26,,,,,,,,,,,,,,,,,,,,,,,,,,,,,,,,,,,,,,,,,,
963.5763231249875,unswapping,,,,,,,,,,,,,,,,,,,,,,,,,,,,,,,,,,,,,,,,,,,,,,,74,4,183240,2526,158,40,2,both,0,20,20,0,0,,,,,26,,,,,,,,,,,,,,,,,,,,,,,,,,,,,,,,,,,,,,,,,,
964.4820802920149,unswapping,,,,,,,,,,,,,,,,,,,,,,,,,,,,,,,,,,,,,,,,,,,,,,,74,4,183240,2526,158,40,2,both,1,19,19,0,0,,,,,26,,,,,,,,,,,,,,,,,,,,,,,,,,,,,,,,,,,,,,,,,,
964.9423050829791,unswapping,,,,,,,,,,,,,,,,,,,,,,,,,,,,,,,,,,,,,,,,,,,,,,,74,4,183240,2526,158,40,2,left,0,20,20,0,0,,,,,26,,,,,,,,,,,,,,,,,,,,,,,,,,,,,,,,,,,,,,,,,,
965.5292812500265,unswapping,,,,,,,,,,,,,,,,,,,,,,,,,,,,,,,,,,,,,,,,,,,,,,,74,4,183240,2526,158,40,2,left,1,19,19,0,0,,,,,26,,,,,,,,,,,,,,,,,,,,,,,,,,,,,,,,,,,,,,,,,,
966.0684969580034,unswapping,,,,,,,,,,,,,,,,,,,,,,,,,,,,,,,,,,,,,,,,,,,,,,,74,4,183240,2526,158,40,2,right,0,20,20,0,0,,,,,26,,,,,,,,,,,,,,,,,,,,,,,,,,,,,,,,,,,,,,,,,,
966.5611869170098,unswapping,,,,,,,,,,,,,,,,,,,,,,,,,,,,,,,,,,,,,,,,,,,,,,,74,4,183240,2526,158,40,2,right,1,19,19,0,0,,,,,26,,,,,,,,,,,,,,,,,,,,,,,,,,,,,,,,,,,,,,,,,,
968.3018254580093,unswap_cycle_summary,,,,,,,,,,,,404,388,792,,,,,,,,,,,,,,,,,,,512,0.0006,,,,,,,,,,,,,74,4,183240,2526,158,40,,,,,,,,,,,,,,,,,,,,58,14.025770291977096,792,808,16,1,False,,,,,,,,,,,,,,,,,,,,,,,,,,,,
968.5712371669943,rewiring,right,post_unswap,0.17200845904881135,30,False,False,,,,,,,,,,,,,,,,,,,,,,,,,,,,,,,,,,,,,,,,,,,,,,,,,,,,,,,,,,,,,,,,,,58,,,,,,,50,False,1,4,bond_profile,8,False,1,123,"(470, 74, 12, 8, 19, 89, 29)",0.0030564171029254794,0.16892175003886223,"[{'seed': 123, 'score': (470, 74, 12, 8, 19, 89, 29), 'num_layers': 29, 'total_swaps': 89, 'max_layer_swaps': 9, 'swap_only_layers': 19, 'work_layers': 10, 'unitary_layers': 10, 'first_work_layer': 1, 'leading_no_work_layers': 1, 'bond_profile_layers_scored': 8, 'bond_profile_total_cost': 470, 'bond_profile_max_cost': 74, 'bond_profile_gate_count': 12}, {'seed': 1132, 'score': (495, 74, 13, 8, 14, 89, 25), 'num_layers': 25, 'total_swaps': 89, 'max_layer_swaps': 10, 'swap_only_layers': 14, 'work_layers': 11, 'unitary_layers': 11, 'first_work_layer': 1, 'leading_no_work_layers': 1, 'bond_profile_layers_scored': 8, 'bond_profile_total_cost': 495, 'bond_profile_max_cost': 74, 'bond_profile_gate_count': 13}, {'seed': 2141, 'score': (541, 74, 14, 8, 17, 89, 27), 'num_layers': 27, 'total_swaps': 89, 'max_layer_swaps': 9, 'swap_only_layers': 17, 'work_layers': 10, 'unitary_layers': 10, 'first_work_layer': 1, 'leading_no_work_layers': 1, 'bond_profile_layers_scored': 8, 'bond_profile_total_cost': 541, 'bond_profile_max_cost': 74, 'bond_profile_gate_count': 14}, {'seed': 3150, 'score': (608, 74, 15, 8, 17, 89, 26), 'num_layers': 26, 'total_swaps': 89, 'max_layer_swaps': 9, 'swap_only_layers': 17, 'work_layers': 9, 'unitary_layers': 9, 'first_work_layer': 1, 'leading_no_work_layers': 1, 'bond_profile_layers_scored': 8, 'bond_profile_total_cost': 608, 'bond_profile_max_cost': 74, 'bond_profile_gate_count': 15}]",0.1720007499679923,0.1722338330000639,,,,,,,,,,,,,
968.6687858750229,cycle_progress,,,,,,,,,,,,404,388,792,,,,,,,,,,,,,,,,,,,512,0.0006,,164456,0,,,,,,,,,,74,4,183240,2526,158,40,,,,,,,,,,,,,,,,,,,,58,,792,808,16,1,False,,,,,,,,,,,,,,,0.1722338330000639,,,,,,,,,,,,,
969.0732877500122,absorbing,,,,,,,R,0,1,0,29,404,388,792,9,0,0,0.0,0.30516733397962525,0.30516733397962525,0.3080580420210026,,258752,,134,False,False,False,False,258752,134,False,512,0.0006,,183240,0,total_elems,,258752,1,1,,,,0.0,134,4,258752,2924,158,40,,,,,,,,,,,,,,,,,,,,,,,,,,,,,,,,,,,,,,,,,,,,,,,,,,,,,,
969.5976983750006,absorbing,,,,,,,R,0,2,0,29,404,389,793,8,1,1,0.0,0.4236562080332078,0.4236562080332078,0.42387729202164337,,473948,,214,False,False,False,False,473948,214,False,512,0.0006,,183240,0,total_elems,,473948,1,1,,,,0.0,214,4,473948,3738,158,40,,,,,,,,,,,,,,,,,,,,,,,,,,,,,,,,,,,,,,,,,,,,,,,,,,,,,,
973.2994380419841,unswapping,,,,,,,,,,,,,,,,,,,,,,,,,,,,,,,,,,,,,,,,,,,,,,,192,4,446092,3640,158,40,0,both,0,20,20,1,1,,,,,0,,,,,,,,,,,,,,,,,,,,,,,,,,,,,,,,,,,,,,,,,,
975.2939611669863,unswapping,,,,,,,,,,,,,,,,,,,,,,,,,,,,,,,,,,,,,,,,,,,,,,,182,4,369772,3240,158,40,0,both,1,19,19,7,8,,,,,0,,,,,,,,,,,,,,,,,,,,,,,,,,,,,,,,,,,,,,,,,,
976.0714952080161,unswapping,,,,,,,,,,,,,,,,,,,,,,,,,,,,,,,,,,,,,,,,,,,,,,,178,4,363744,3210,158,40,0,left,0,20,20,1,9,,,,,2,,,,,,,,,,,,,,,,,,,,,,,,,,,,,,,,,,,,,,,,,,
976.8795013329946,unswapping,,,,,,,,,,,,,,,,,,,,,,,,,,,,,,,,,,,,,,,,,,,,,,,175,4,333684,3064,158,40,0,left,1,19,19,5,14,,,,,12,,,,,,,,,,,,,,,,,,,,,,,,,,,,,,,,,,,,,,,,,,
977.7852731249877,unswapping,,,,,,,,,,,,,,,,,,,,,,,,,,,,,,,,,,,,,,,,,,,,,,,171,4,314116,2946,158,40,0,right,0,20,20,5,19,,,,,22,,,,,,,,,,,,,,,,,,,,,,,,,,,,,,,,,,,,,,,,,,
978.5558011669782,unswapping,,,,,,,,,,,,,,,,,,,,,,,,,,,,,,,,,,,,,,,,,,,,,,,168,4,286480,2848,158,40,0,right,1,19,19,2,21,,,,,26,,,,,,,,,,,,,,,,,,,,,,,,,,,,,,,,,,,,,,,,,,
980.0295186250005,unswapping,,,,,,,,,,,,,,,,,,,,,,,,,,,,,,,,,,,,,,,,,,,,,,,164,4,279964,2820,158,40,1,both,0,20,20,1,1,,,,,30,,,,,,,,,,,,,,,,,,,,,,,,,,,,,,,,,,,,,,,,,,
981.2292748329928,unswapping,,,,,,,,,,,,,,,,,,,,,,,,,,,,,,,,,,,,,,,,,,,,,,,164,4,279964,2820,158,40,1,both,1,19,19,0,1,,,,,30,,,,,,,,,,,,,,,,,,,,,,,,,,,,,,,,,,,,,,,,,,
981.9101326250238,unswapping,,,,,,,,,,,,,,,,,,,,,,,,,,,,,,,,,,,,,,,,,,,,,,,163,4,277200,2806,158,40,1,left,0,20,20,1,2,,,,,28,,,,,,,,,,,,,,,,,,,,,,,,,,,,,,,,,,,,,,,,,,
982.4275379580213,unswapping,,,,,,,,,,,,,,,,,,,,,,,,,,,,,,,,,,,,,,,,,,,,,,,163,4,277200,2806,158,40,1,left,1,19,19,0,2,,,,,28,,,,,,,,,,,,,,,,,,,,,,,,,,,,,,,,,,,,,,,,,,
982.8714033329743,unswapping,,,,,,,,,,,,,,,,,,,,,,,,,,,,,,,,,,,,,,,,,,,,,,,163,4,277200,2806,158,40,1,right,0,20,20,0,2,,,,,28,,,,,,,,,,,,,,,,,,,,,,,,,,,,,,,,,,,,,,,,,,
983.4944793329923,unswapping,,,,,,,,,,,,,,,,,,,,,,,,,,,,,,,,,,,,,,,,,,,,,,,163,4,277200,2806,158,40,1,right,1,19,19,0,2,,,,,28,,,,,,,,,,,,,,,,,,,,,,,,,,,,,,,,,,,,,,,,,,
984.6310228750226,unswapping,,,,,,,,,,,,,,,,,,,,,,,,,,,,,,,,,,,,,,,,,,,,,,,163,4,277200,2806,158,40,2,both,0,20,20,0,0,,,,,28,,,,,,,,,,,,,,,,,,,,,,,,,,,,,,,,,,,,,,,,,,
985.7404170830268,unswapping,,,,,,,,,,,,,,,,,,,,,,,,,,,,,,,,,,,,,,,,,,,,,,,163,4,277200,2806,158,40,2,both,1,19,19,0,0,,,,,28,,,,,,,,,,,,,,,,,,,,,,,,,,,,,,,,,,,,,,,,,,
986.2006189579843,unswapping,,,,,,,,,,,,,,,,,,,,,,,,,,,,,,,,,,,,,,,,,,,,,,,163,4,277200,2806,158,40,2,left,0,20,20,0,0,,,,,28,,,,,,,,,,,,,,,,,,,,,,,,,,,,,,,,,,,,,,,,,,
986.7028135419823,unswapping,,,,,,,,,,,,,,,,,,,,,,,,,,,,,,,,,,,,,,,,,,,,,,,163,4,277200,2806,158,40,2,left,1,19,19,0,0,,,,,28,,,,,,,,,,,,,,,,,,,,,,,,,,,,,,,,,,,,,,,,,,
987.1415065000183,unswapping,,,,,,,,,,,,,,,,,,,,,,,,,,,,,,,,,,,,,,,,,,,,,,,163,4,277200,2806,158,40,2,right,0,20,20,0,0,,,,,28,,,,,,,,,,,,,,,,,,,,,,,,,,,,,,,,,,,,,,,,,,
987.6658892920241,unswapping,,,,,,,,,,,,,,,,,,,,,,,,,,,,,,,,,,,,,,,,,,,,,,,163,4,277200,2806,158,40,2,right,1,19,19,0,0,,,,,28,,,,,,,,,,,,,,,,,,,,,,,,,,,,,,,,,,,,,,,,,,
989.4249513749965,unswap_cycle_summary,,,,,,,,,,,,404,389,793,,,,,,,,,,,,,,,,,,,512,0.0006,,,,,,,,,,,,,163,4,277200,2806,158,40,,,,,,,,,,,,,,,,,,,,59,17.19891949999146,793,808,15,1,False,,,,,,,,,,,,,,,,,,,,,,,,,,,,
989.7125372919836,rewiring,right,post_unswap,0.1883079999824986,29,False,False,,,,,,,,,,,,,,,,,,,,,,,,,,,,,,,,,,,,,,,,,,,,,,,,,,,,,,,,,,,,,,,,,,59,,,,,,,50,False,1,4,bond_profile,8,False,1,2141,"(445, 64, 13, 8, 15, 88, 25)",0.0033732500160112977,0.1849027909920551,"[{'seed': 123, 'score': (585, 163, 15, 7, 17, 88, 24), 'num_layers': 24, 'total_swaps': 88, 'max_layer_swaps': 10, 'swap_only_layers': 17, 'work_layers': 7, 'unitary_layers': 7, 'first_work_layer': 1, 'leading_no_work_layers': 1, 'bond_profile_layers_scored': 7, 'bond_profile_total_cost': 585, 'bond_profile_max_cost': 163, 'bond_profile_gate_count': 15}, {'seed': 1132, 'score': (477, 163, 8, 8, 17, 88, 29), 'num_layers': 29, 'total_swaps': 88, 'max_layer_swaps': 9, 'swap_only_layers': 17, 'work_layers': 12, 'unitary_layers': 12, 'first_work_layer': 1, 'leading_no_work_layers': 1, 'bond_profile_layers_scored': 8, 'bond_profile_total_cost': 477, 'bond_profile_max_cost': 163, 'bond_profile_gate_count': 8}, {'seed': 2141, 'score': (445, 64, 13, 8, 15, 88, 25), 'num_layers': 25, 'total_swaps': 88, 'max_layer_swaps': 9, 'swap_only_layers': 15, 'work_layers': 10, 'unitary_layers': 10, 'first_work_layer': 1, 'leading_no_work_layers': 1, 'bond_profile_layers_scored': 8, 'bond_profile_total_cost': 445, 'bond_profile_max_cost': 64, 'bond_profile_gate_count': 13}, {'seed': 3150, 'score': (451, 163, 12, 8, 21, 88, 31), 'num_layers': 31, 'total_swaps': 88, 'max_layer_swaps': 8, 'swap_only_layers': 21, 'work_layers': 10, 'unitary_layers': 10, 'first_work_layer': 1, 'leading_no_work_layers': 1, 'bond_profile_layers_scored': 8, 'bond_profile_total_cost': 451, 'bond_profile_max_cost': 163, 'bond_profile_gate_count': 12}]",0.1883005840354599,0.18855958303902298,,,,,,,,,,,,,
989.810948874976,cycle_progress,,,,,,,,,,,,404,389,793,,,,,,,,,,,,,,,,,,,512,0.0006,,183240,0,,,,,,,,,,163,4,277200,2806,158,40,,,,,,,,,,,,,,,,,,,,59,,793,808,15,1,False,,,,,,,,,,,,,,,0.18855958303902298,,,,,,,,,,,,,
990.266482624982,absorbing,,,,,,,R,0,1,0,25,404,389,793,9,0,0,0.0,0.3530741250142455,0.3530741250142455,0.35733875003643334,,318792,,162,False,False,False,False,318792,162,False,512,0.0006,,277200,0,total_elems,,318792,1,1,,,,0.0,162,4,318792,3062,158,40,,,,,,,,,,,,,,,,,,,,,,,,,,,,,,,,,,,,,,,,,,,,,,,,,,,,,,
990.8457872080035,absorbing,,,,,,,R,0,2,0,25,404,390,794,9,1,1,0.0,0.4790539999958128,0.4790539999958128,0.4792916660080664,,496232,,198,False,False,False,False,496232,198,False,512,0.0006,,277200,0,total_elems,,496232,1,1,,,,0.0,198,4,496232,3758,158,40,,,,,,,,,,,,,,,,,,,,,,,,,,,,,,,,,,,,,,,,,,,,,,,,,,,,,,
994.6294508749852,unswapping,,,,,,,,,,,,,,,,,,,,,,,,,,,,,,,,,,,,,,,,,,,,,,,186,4,480648,3706,158,40,0,both,0,20,20,1,1,,,,,0,,,,,,,,,,,,,,,,,,,,,,,,,,,,,,,,,,,,,,,,,,
997.087684625003,unswapping,,,,,,,,,,,,,,,,,,,,,,,,,,,,,,,,,,,,,,,,,,,,,,,180,4,411712,3318,158,40,0,both,1,19,19,8,9,,,,,0,,,,,,,,,,,,,,,,,,,,,,,,,,,,,,,,,,,,,,,,,,
998.0565111669712,unswapping,,,,,,,,,,,,,,,,,,,,,,,,,,,,,,,,,,,,,,,,,,,,,,,177,4,407088,3298,158,40,0,left,0,20,20,1,10,,,,,2,,,,,,,,,,,,,,,,,,,,,,,,,,,,,,,,,,,,,,,,,,
999.1155706249992,unswapping,,,,,,,,,,,,,,,,,,,,,,,,,,,,,,,,,,,,,,,,,,,,,,,175,4,374932,3132,158,40,0,left,1,19,19,6,16,,,,,14,,,,,,,,,,,,,,,,,,,,,,,,,,,,,,,,,,,,,,,,,,
1000.1200207920047,unswapping,,,,,,,,,,,,,,,,,,,,,,,,,,,,,,,,,,,,,,,,,,,,,,,154,4,300484,2904,158,40,0,right,0,20,20,5,21,,,,,24,,,,,,,,,,,,,,,,,,,,,,,,,,,,,,,,,,,,,,,,,,
1000.8048318750225,unswapping,,,,,,,,,,,,,,,,,,,,,,,,,,,,,,,,,,,,,,,,,,,,,,,153,4,290932,2868,158,40,0,right,1,19,19,1,22,,,,,26,,,,,,,,,,,,,,,,,,,,,,,,,,,,,,,,,,,,,,,,,,
1002.3272744169808,unswapping,,,,,,,,,,,,,,,,,,,,,,,,,,,,,,,,,,,,,,,,,,,,,,,151,4,286676,2846,158,40,1,both,0,20,20,1,1,,,,,30,,,,,,,,,,,,,,,,,,,,,,,,,,,,,,,,,,,,,,,,,,
1003.3868513330235,unswapping,,,,,,,,,,,,,,,,,,,,,,,,,,,,,,,,,,,,,,,,,,,,,,,151,4,286676,2846,158,40,1,both,1,19,19,0,1,,,,,30,,,,,,,,,,,,,,,,,,,,,,,,,,,,,,,,,,,,,,,,,,
1004.0914906249964,unswapping,,,,,,,,,,,,,,,,,,,,,,,,,,,,,,,,,,,,,,,,,,,,,,,150,4,284624,2836,158,40,1,left,0,20,20,1,2,,,,,28,,,,,,,,,,,,,,,,,,,,,,,,,,,,,,,,,,,,,,,,,,
1004.586152541975,unswapping,,,,,,,,,,,,,,,,,,,,,,,,,,,,,,,,,,,,,,,,,,,,,,,150,4,284624,2836,158,40,1,left,1,19,19,0,2,,,,,28,,,,,,,,,,,,,,,,,,,,,,,,,,,,,,,,,,,,,,,,,,
1005.0860897499952,unswapping,,,,,,,,,,,,,,,,,,,,,,,,,,,,,,,,,,,,,,,,,,,,,,,150,4,284624,2836,158,40,1,right,0,20,20,0,2,,,,,28,,,,,,,,,,,,,,,,,,,,,,,,,,,,,,,,,,,,,,,,,,
1005.5853695420083,unswapping,,,,,,,,,,,,,,,,,,,,,,,,,,,,,,,,,,,,,,,,,,,,,,,150,4,284624,2836,158,40,1,right,1,19,19,0,2,,,,,28,,,,,,,,,,,,,,,,,,,,,,,,,,,,,,,,,,,,,,,,,,
1006.6222987920046,unswapping,,,,,,,,,,,,,,,,,,,,,,,,,,,,,,,,,,,,,,,,,,,,,,,150,4,284624,2836,158,40,2,both,0,20,20,0,0,,,,,28,,,,,,,,,,,,,,,,,,,,,,,,,,,,,,,,,,,,,,,,,,
1007.5983018749976,unswapping,,,,,,,,,,,,,,,,,,,,,,,,,,,,,,,,,,,,,,,,,,,,,,,150,4,284624,2836,158,40,2,both,1,19,19,0,0,,,,,28,,,,,,,,,,,,,,,,,,,,,,,,,,,,,,,,,,,,,,,,,,
1008.1405940830009,unswapping,,,,,,,,,,,,,,,,,,,,,,,,,,,,,,,,,,,,,,,,,,,,,,,150,4,284624,2836,158,40,2,left,0,20,20,0,0,,,,,28,,,,,,,,,,,,,,,,,,,,,,,,,,,,,,,,,,,,,,,,,,
1008.7713448749855,unswapping,,,,,,,,,,,,,,,,,,,,,,,,,,,,,,,,,,,,,,,,,,,,,,,150,4,284624,2836,158,40,2,left,1,19,19,0,0,,,,,28,,,,,,,,,,,,,,,,,,,,,,,,,,,,,,,,,,,,,,,,,,
1009.3089067920228,unswapping,,,,,,,,,,,,,,,,,,,,,,,,,,,,,,,,,,,,,,,,,,,,,,,150,4,284624,2836,158,40,2,right,0,20,20,0,0,,,,,28,,,,,,,,,,,,,,,,,,,,,,,,,,,,,,,,,,,,,,,,,,
1009.842751291988,unswapping,,,,,,,,,,,,,,,,,,,,,,,,,,,,,,,,,,,,,,,,,,,,,,,150,4,284624,2836,158,40,2,right,1,19,19,0,0,,,,,28,,,,,,,,,,,,,,,,,,,,,,,,,,,,,,,,,,,,,,,,,,
1011.5943207499804,unswap_cycle_summary,,,,,,,,,,,,404,390,794,,,,,,,,,,,,,,,,,,,512,0.0006,,,,,,,,,,,,,150,4,284624,2836,158,40,,,,,,,,,,,,,,,,,,,,60,18.20632649998879,794,808,14,1,False,,,,,,,,,,,,,,,,,,,,,,,,,,,,
1011.9165712079848,rewiring,right,post_unswap,0.22298512503039092,25,False,False,,,,,,,,,,,,,,,,,,,,,,,,,,,,,,,,,,,,,,,,,,,,,,,,,,,,,,,,,,,,,,,,,,60,,,,,,,50,False,1,4,bond_profile,8,False,1,123,"(328, 64, 10, 8, 16, 86, 27)",0.0033862089621834457,0.21956095896894112,"[{'seed': 123, 'score': (328, 64, 10, 8, 16, 86, 27), 'num_layers': 27, 'total_swaps': 86, 'max_layer_swaps': 10, 'swap_only_layers': 16, 'work_layers': 11, 'unitary_layers': 11, 'first_work_layer': 1, 'leading_no_work_layers': 1, 'bond_profile_layers_scored': 8, 'bond_profile_total_cost': 328, 'bond_profile_max_cost': 64, 'bond_profile_gate_count': 10}, {'seed': 1132, 'score': (420, 64, 11, 8, 14, 86, 24), 'num_layers': 24, 'total_swaps': 86, 'max_layer_swaps': 10, 'swap_only_layers': 14, 'work_layers': 10, 'unitary_layers': 10, 'first_work_layer': 1, 'leading_no_work_layers': 1, 'bond_profile_layers_scored': 8, 'bond_profile_total_cost': 420, 'bond_profile_max_cost': 64, 'bond_profile_gate_count': 11}, {'seed': 2141, 'score': (350, 150, 8, 8, 16, 86, 28), 'num_layers': 28, 'total_swaps': 86, 'max_layer_swaps': 10, 'swap_only_layers': 16, 'work_layers': 12, 'unitary_layers': 12, 'first_work_layer': 1, 'leading_no_work_layers': 1, 'bond_profile_layers_scored': 8, 'bond_profile_total_cost': 350, 'bond_profile_max_cost': 150, 'bond_profile_gate_count': 8}, {'seed': 3150, 'score': (456, 108, 10, 8, 15, 86, 26), 'num_layers': 26, 'total_swaps': 86, 'max_layer_swaps': 9, 'swap_only_layers': 15, 'work_layers': 11, 'unitary_layers': 11, 'first_work_layer': 1, 'leading_no_work_layers': 1, 'bond_profile_layers_scored': 8, 'bond_profile_total_cost': 456, 'bond_profile_max_cost': 108, 'bond_profile_gate_count': 10}]",0.22297645901562646,0.2233119170414284,,,,,,,,,,,,,
1012.016834457987,cycle_progress,,,,,,,,,,,,404,390,794,,,,,,,,,,,,,,,,,,,512,0.0006,,277200,0,,,,,,,,,,150,4,284624,2836,158,40,,,,,,,,,,,,,,,,,,,,60,,794,808,14,1,False,,,,,,,,,,,,,,,0.2233119170414284,,,,,,,,,,,,,
1012.4888529169839,absorbing,,,,,,,R,0,1,0,27,404,390,794,10,0,0,0.0,0.3726730840280652,0.3726730840280652,0.37551666697254404,,405284,,175,False,False,False,False,405284,175,False,512,0.0006,,284624,0,total_elems,,405284,1,1,,,,0.0,175,4,405284,3356,158,40,,,,,,,,,,,,,,,,,,,,,,,,,,,,,,,,,,,,,,,,,,,,,,,,,,,,,,
1015.8210728329723,unswapping,,,,,,,,,,,,,,,,,,,,,,,,,,,,,,,,,,,,,,,,,,,,,,,169,4,389552,3256,158,40,0,both,0,20,20,4,4,,,,,0,,,,,,,,,,,,,,,,,,,,,,,,,,,,,,,,,,,,,,,,,,
1018.4974967499729,unswapping,,,,,,,,,,,,,,,,,,,,,,,,,,,,,,,,,,,,,,,,,,,,,,,165,4,351976,3044,158,40,0,both,1,19,19,3,7,,,,,0,,,,,,,,,,,,,,,,,,,,,,,,,,,,,,,,,,,,,,,,,,
1019.6715214999858,unswapping,,,,,,,,,,,,,,,,,,,,,,,,,,,,,,,,,,,,,,,,,,,,,,,163,4,346932,3008,158,40,0,left,0,20,20,4,11,,,,,8,,,,,,,,,,,,,,,,,,,,,,,,,,,,,,,,,,,,,,,,,,
1020.9796641669818,unswapping,,,,,,,,,,,,,,,,,,,,,,,,,,,,,,,,,,,,,,,,,,,,,,,161,4,337636,2966,158,40,0,left,1,19,19,1,12,,,,,10,,,,,,,,,,,,,,,,,,,,,,,,,,,,,,,,,,,,,,,,,,
1022.4277306669974,unswapping,,,,,,,,,,,,,,,,,,,,,,,,,,,,,,,,,,,,,,,,,,,,,,,147,4,282780,2818,158,40,0,right,0,20,20,3,15,,,,,16,,,,,,,,,,,,,,,,,,,,,,,,,,,,,,,,,,,,,,,,,,
1023.1468776669935,unswapping,,,,,,,,,,,,,,,,,,,,,,,,,,,,,,,,,,,,,,,,,,,,,,,147,4,282780,2818,158,40,0,right,1,19,19,0,15,,,,,16,,,,,,,,,,,,,,,,,,,,,,,,,,,,,,,,,,,,,,,,,,
1025.446060916991,unswapping,,,,,,,,,,,,,,,,,,,,,,,,,,,,,,,,,,,,,,,,,,,,,,,147,4,276404,2800,158,40,1,both,0,20,20,1,1,,,,,16,,,,,,,,,,,,,,,,,,,,,,,,,,,,,,,,,,,,,,,,,,
1026.8122708330047,unswapping,,,,,,,,,,,,,,,,,,,,,,,,,,,,,,,,,,,,,,,,,,,,,,,147,4,276404,2800,158,40,1,both,1,19,19,0,1,,,,,16,,,,,,,,,,,,,,,,,,,,,,,,,,,,,,,,,,,,,,,,,,
1027.5080409999937,unswapping,,,,,,,,,,,,,,,,,,,,,,,,,,,,,,,,,,,,,,,,,,,,,,,147,4,276404,2800,158,40,1,left,0,20,20,0,1,,,,,16,,,,,,,,,,,,,,,,,,,,,,,,,,,,,,,,,,,,,,,,,,
1028.0817476250231,unswapping,,,,,,,,,,,,,,,,,,,,,,,,,,,,,,,,,,,,,,,,,,,,,,,147,4,276404,2800,158,40,1,left,1,19,19,0,1,,,,,16,,,,,,,,,,,,,,,,,,,,,,,,,,,,,,,,,,,,,,,,,,
1028.6902550000232,unswapping,,,,,,,,,,,,,,,,,,,,,,,,,,,,,,,,,,,,,,,,,,,,,,,147,4,276404,2800,158,40,1,right,0,20,20,0,1,,,,,16,,,,,,,,,,,,,,,,,,,,,,,,,,,,,,,,,,,,,,,,,,
1029.2090902500204,unswapping,,,,,,,,,,,,,,,,,,,,,,,,,,,,,,,,,,,,,,,,,,,,,,,147,4,276404,2800,158,40,1,right,1,19,19,0,1,,,,,16,,,,,,,,,,,,,,,,,,,,,,,,,,,,,,,,,,,,,,,,,,
1030.4267396249925,unswapping,,,,,,,,,,,,,,,,,,,,,,,,,,,,,,,,,,,,,,,,,,,,,,,147,4,276404,2800,158,40,2,both,0,20,20,0,0,,,,,16,,,,,,,,,,,,,,,,,,,,,,,,,,,,,,,,,,,,,,,,,,
1031.5044383750064,unswapping,,,,,,,,,,,,,,,,,,,,,,,,,,,,,,,,,,,,,,,,,,,,,,,147,4,276404,2800,158,40,2,both,1,19,19,0,0,,,,,16,,,,,,,,,,,,,,,,,,,,,,,,,,,,,,,,,,,,,,,,,,
1032.0712685000035,unswapping,,,,,,,,,,,,,,,,,,,,,,,,,,,,,,,,,,,,,,,,,,,,,,,147,4,276404,2800,158,40,2,left,0,20,20,0,0,,,,,16,,,,,,,,,,,,,,,,,,,,,,,,,,,,,,,,,,,,,,,,,,
1032.561734708026,unswapping,,,,,,,,,,,,,,,,,,,,,,,,,,,,,,,,,,,,,,,,,,,,,,,147,4,276404,2800,158,40,2,left,1,19,19,0,0,,,,,16,,,,,,,,,,,,,,,,,,,,,,,,,,,,,,,,,,,,,,,,,,
1033.0682179579744,unswapping,,,,,,,,,,,,,,,,,,,,,,,,,,,,,,,,,,,,,,,,,,,,,,,147,4,276404,2800,158,40,2,right,0,20,20,0,0,,,,,16,,,,,,,,,,,,,,,,,,,,,,,,,,,,,,,,,,,,,,,,,,
1033.5526414170163,unswapping,,,,,,,,,,,,,,,,,,,,,,,,,,,,,,,,,,,,,,,,,,,,,,,147,4,276404,2800,158,40,2,right,1,19,19,0,0,,,,,16,,,,,,,,,,,,,,,,,,,,,,,,,,,,,,,,,,,,,,,,,,
1035.3271108330227,unswap_cycle_summary,,,,,,,,,,,,404,390,794,,,,,,,,,,,,,,,,,,,512,0.0006,,,,,,,,,,,,,147,4,276404,2800,158,40,,,,,,,,,,,,,,,,,,,,61,20.49145066604251,794,808,14,0,False,,,,,,,,,,,,,,,,,,,,,,,,,,,,
1035.5746884170221,rewiring,right,post_unswap,0.15325633401516825,28,False,False,,,,,,,,,,,,,,,,,,,,,,,,,,,,,,,,,,,,,,,,,,,,,,,,,,,,,,,,,,,,,,,,,,61,,,,,,,50,False,0,4,bond_profile,8,False,1,3150,"(401, 107, 10, 8, 17, 87, 28)",0.0029081260436214507,0.15032008406706154,"[{'seed': 123, 'score': (503, 147, 13, 8, 15, 87, 24), 'num_layers': 24, 'total_swaps': 87, 'max_layer_swaps': 10, 'swap_only_layers': 15, 'work_layers': 9, 'unitary_layers': 9, 'first_work_layer': 1, 'leading_no_work_layers': 1, 'bond_profile_layers_scored': 8, 'bond_profile_total_cost': 503, 'bond_profile_max_cost': 147, 'bond_profile_gate_count': 13}, {'seed': 1132, 'score': (524, 147, 10, 8, 17, 87, 28), 'num_layers': 28, 'total_swaps': 87, 'max_layer_swaps': 10, 'swap_only_layers': 17, 'work_layers': 11, 'unitary_layers': 11, 'first_work_layer': 1, 'leading_no_work_layers': 1, 'bond_profile_layers_scored': 8, 'bond_profile_total_cost': 524, 'bond_profile_max_cost': 147, 'bond_profile_gate_count': 10}, {'seed': 2141, 'score': (483, 147, 10, 8, 17, 87, 28), 'num_layers': 28, 'total_swaps': 87, 'max_layer_swaps': 10, 'swap_only_layers': 17, 'work_layers': 11, 'unitary_layers': 11, 'first_work_layer': 1, 'leading_no_work_layers': 1, 'bond_profile_layers_scored': 8, 'bond_profile_total_cost': 483, 'bond_profile_max_cost': 147, 'bond_profile_gate_count': 10}, {'seed': 3150, 'score': (401, 107, 10, 8, 17, 87, 28), 'num_layers': 28, 'total_swaps': 87, 'max_layer_swaps': 9, 'swap_only_layers': 17, 'work_layers': 11, 'unitary_layers': 11, 'first_work_layer': 1, 'leading_no_work_layers': 1, 'bond_profile_layers_scored': 8, 'bond_profile_total_cost': 401, 'bond_profile_max_cost': 107, 'bond_profile_gate_count': 10}]",0.1532497910084203,0.15345537499524653,,,,,,,,,,,,,
1035.6678519580164,cycle_progress,,,,,,,,,,,,404,390,794,,,,,,,,,,,,,,,,,,,512,0.0006,,284624,0,,,,,,,,,,147,4,276404,2800,158,40,,,,,,,,,,,,,,,,,,,,61,,794,808,14,0,False,,,,,,,,,,,,,,,0.15345537499524653,,,,,,,,,,,,,
1035.988676958019,absorbing,,,,,,,R,0,1,0,28,404,390,794,9,0,0,0.0,0.2211339159985073,0.2211339159985073,0.2245160830207169,,325584,,147,False,False,False,False,325584,147,False,512,0.0006,,276404,1,total_elems,,325584,1,1,,,,0.0,147,4,325584,3134,158,40,,,,,,,,,,,,,,,,,,,,,,,,,,,,,,,,,,,,,,,,,,,,,,,,,,,,,,
1038.3170811670134,unswapping,,,,,,,,,,,,,,,,,,,,,,,,,,,,,,,,,,,,,,,,,,,,,,,147,4,315016,3036,158,40,0,both,0,20,20,4,4,,,,,0,,,,,,,,,,,,,,,,,,,,,,,,,,,,,,,,,,,,,,,,,,
1039.6174327500048,unswapping,,,,,,,,,,,,,,,,,,,,,,,,,,,,,,,,,,,,,,,,,,,,,,,147,4,288520,2900,158,40,0,both,1,19,19,2,6,,,,,0,,,,,,,,,,,,,,,,,,,,,,,,,,,,,,,,,,,,,,,,,,
1040.2860307500232,unswapping,,,,,,,,,,,,,,,,,,,,,,,,,,,,,,,,,,,,,,,,,,,,,,,147,4,285340,2872,158,40,0,left,0,20,20,4,10,,,,,8,,,,,,,,,,,,,,,,,,,,,,,,,,,,,,,,,,,,,,,,,,
1040.989509749983,unswapping,,,,,,,,,,,,,,,,,,,,,,,,,,,,,,,,,,,,,,,,,,,,,,,147,4,277464,2834,158,40,0,left,1,19,19,1,11,,,,,10,,,,,,,,,,,,,,,,,,,,,,,,,,,,,,,,,,,,,,,,,,
1041.7272618749994,unswapping,,,,,,,,,,,,,,,,,,,,,,,,,,,,,,,,,,,,,,,,,,,,,,,147,4,267200,2772,158,40,0,right,0,20,20,3,14,,,,,16,,,,,,,,,,,,,,,,,,,,,,,,,,,,,,,,,,,,,,,,,,
1042.198407125019,unswapping,,,,,,,,,,,,,,,,,,,,,,,,,,,,,,,,,,,,,,,,,,,,,,,147,4,267200,2772,158,40,0,right,1,19,19,0,14,,,,,16,,,,,,,,,,,,,,,,,,,,,,,,,,,,,,,,,,,,,,,,,,
1043.7058645000216,unswapping,,,,,,,,,,,,,,,,,,,,,,,,,,,,,,,,,,,,,,,,,,,,,,,147,4,267200,2772,158,40,1,both,0,20,20,0,0,,,,,16,,,,,,,,,,,,,,,,,,,,,,,,,,,,,,,,,,,,,,,,,,
1044.9852048329776,unswapping,,,,,,,,,,,,,,,,,,,,,,,,,,,,,,,,,,,,,,,,,,,,,,,147,4,267200,2772,158,40,1,both,1,19,19,0,0,,,,,16,,,,,,,,,,,,,,,,,,,,,,,,,,,,,,,,,,,,,,,,,,
1045.4998147499864,unswapping,,,,,,,,,,,,,,,,,,,,,,,,,,,,,,,,,,,,,,,,,,,,,,,147,4,267200,2772,158,40,1,left,0,20,20,0,0,,,,,16,,,,,,,,,,,,,,,,,,,,,,,,,,,,,,,,,,,,,,,,,,
1045.9815783330123,unswapping,,,,,,,,,,,,,,,,,,,,,,,,,,,,,,,,,,,,,,,,,,,,,,,147,4,267200,2772,158,40,1,left,1,19,19,0,0,,,,,16,,,,,,,,,,,,,,,,,,,,,,,,,,,,,,,,,,,,,,,,,,
1046.4773416669923,unswapping,,,,,,,,,,,,,,,,,,,,,,,,,,,,,,,,,,,,,,,,,,,,,,,147,4,267200,2772,158,40,1,right,0,20,20,0,0,,,,,16,,,,,,,,,,,,,,,,,,,,,,,,,,,,,,,,,,,,,,,,,,
1046.947606917005,unswapping,,,,,,,,,,,,,,,,,,,,,,,,,,,,,,,,,,,,,,,,,,,,,,,147,4,267200,2772,158,40,1,right,1,19,19,0,0,,,,,16,,,,,,,,,,,,,,,,,,,,,,,,,,,,,,,,,,,,,,,,,,
1048.1102367920103,unswap_cycle_summary,,,,,,,,,,,,404,390,794,,,,,,,,,,,,,,,,,,,512,0.0006,,,,,,,,,,,,,147,4,267200,2772,158,40,,,,,,,,,,,,,,,,,,,,62,10.513374750036746,794,808,14,0,False,,,,,,,,,,,,,,,,,,,,,,,,,,,,
1048.3719131670077,rewiring,right,post_unswap,0.1617229160037823,29,False,False,,,,,,,,,,,,,,,,,,,,,,,,,,,,,,,,,,,,,,,,,,,,,,,,,,,,,,,,,,,,,,,,,,62,,,,,,,50,False,0,4,bond_profile,8,False,1,3150,"(394, 100, 10, 8, 17, 87, 28)",0.0030247909598983824,0.1586671249824576,"[{'seed': 123, 'score': (500, 147, 13, 8, 15, 87, 24), 'num_layers': 24, 'total_swaps': 87, 'max_layer_swaps': 10, 'swap_only_layers': 15, 'work_layers': 9, 'unitary_layers': 9, 'first_work_layer': 1, 'leading_no_work_layers': 1, 'bond_profile_layers_scored': 8, 'bond_profile_total_cost': 500, 'bond_profile_max_cost': 147, 'bond_profile_gate_count': 13}, {'seed': 1132, 'score': (524, 147, 10, 8, 17, 87, 28), 'num_layers': 28, 'total_swaps': 87, 'max_layer_swaps': 10, 'swap_only_layers': 17, 'work_layers': 11, 'unitary_layers': 11, 'first_work_layer': 1, 'leading_no_work_layers': 1, 'bond_profile_layers_scored': 8, 'bond_profile_total_cost': 524, 'bond_profile_max_cost': 147, 'bond_profile_gate_count': 10}, {'seed': 2141, 'score': (482, 147, 10, 8, 17, 87, 28), 'num_layers': 28, 'total_swaps': 87, 'max_layer_swaps': 10, 'swap_only_layers': 17, 'work_layers': 11, 'unitary_layers': 11, 'first_work_layer': 1, 'leading_no_work_layers': 1, 'bond_profile_layers_scored': 8, 'bond_profile_total_cost': 482, 'bond_profile_max_cost': 147, 'bond_profile_gate_count': 10}, {'seed': 3150, 'score': (394, 100, 10, 8, 17, 87, 28), 'num_layers': 28, 'total_swaps': 87, 'max_layer_swaps': 9, 'swap_only_layers': 17, 'work_layers': 11, 'unitary_layers': 11, 'first_work_layer': 1, 'leading_no_work_layers': 1, 'bond_profile_layers_scored': 8, 'bond_profile_total_cost': 394, 'bond_profile_max_cost': 100, 'bond_profile_gate_count': 10}]",0.16171483299694955,0.16195104201324284,,,,,,,,,,,,,
1048.4723157500266,cycle_progress,,,,,,,,,,,,404,390,794,,,,,,,,,,,,,,,,,,,512,0.0006,,276404,1,,,,,,,,,,147,4,267200,2772,158,40,,,,,,,,,,,,,,,,,,,,62,,794,808,14,0,False,,,,,,,,,,,,,,,0.16195104201324284,,,,,,,,,,,,,
1048.8041917079827,absorbing,,,,,,,R,0,1,0,28,404,390,794,9,0,0,0.0,0.22985004202928394,0.22985004202928394,0.23062358400784433,,321224,,147,False,False,False,False,321224,147,False,512,0.0006,,267200,2,total_elems,,321224,1,1,,,,0.0,147,4,321224,3138,158,40,,,,,,,,,,,,,,,,,,,,,,,,,,,,,,,,,,,,,,,,,,,,,,,,,,,,,,
1051.5462547080242,unswapping,,,,,,,,,,,,,,,,,,,,,,,,,,,,,,,,,,,,,,,,,,,,,,,147,4,311208,3034,158,40,0,both,0,20,20,4,4,,,,,0,,,,,,,,,,,,,,,,,,,,,,,,,,,,,,,,,,,,,,,,,,
1053.3652374999947,unswapping,,,,,,,,,,,,,,,,,,,,,,,,,,,,,,,,,,,,,,,,,,,,,,,147,4,284936,2886,158,40,0,both,1,19,19,2,6,,,,,0,,,,,,,,,,,,,,,,,,,,,,,,,,,,,,,,,,,,,,,,,,
1054.1643420420005,unswapping,,,,,,,,,,,,,,,,,,,,,,,,,,,,,,,,,,,,,,,,,,,,,,,147,4,283448,2862,158,40,0,left,0,20,20,4,10,,,,,8,,,,,,,,,,,,,,,,,,,,,,,,,,,,,,,,,,,,,,,,,,
1055.2887154999771,unswapping,,,,,,,,,,,,,,,,,,,,,,,,,,,,,,,,,,,,,,,,,,,,,,,147,4,276648,2828,158,40,0,left,1,19,19,1,11,,,,,10,,,,,,,,,,,,,,,,,,,,,,,,,,,,,,,,,,,,,,,,,,
1056.3714001670014,unswapping,,,,,,,,,,,,,,,,,,,,,,,,,,,,,,,,,,,,,,,,,,,,,,,147,4,266384,2766,158,40,0,right,0,20,20,3,14,,,,,16,,,,,,,,,,,,,,,,,,,,,,,,,,,,,,,,,,,,,,,,,,
1057.075975292013,unswapping,,,,,,,,,,,,,,,,,,,,,,,,,,,,,,,,,,,,,,,,,,,,,,,147,4,266384,2766,158,40,0,right,1,19,19,0,14,,,,,16,,,,,,,,,,,,,,,,,,,,,,,,,,,,,,,,,,,,,,,,,,
1058.454154499981,unswapping,,,,,,,,,,,,,,,,,,,,,,,,,,,,,,,,,,,,,,,,,,,,,,,147,4,266384,2766,158,40,1,both,0,20,20,0,0,,,,,16,,,,,,,,,,,,,,,,,,,,,,,,,,,,,,,,,,,,,,,,,,
1059.4792551249848,unswapping,,,,,,,,,,,,,,,,,,,,,,,,,,,,,,,,,,,,,,,,,,,,,,,147,4,266384,2766,158,40,1,both,1,19,19,0,0,,,,,16,,,,,,,,,,,,,,,,,,,,,,,,,,,,,,,,,,,,,,,,,,
1060.0280766250216,unswapping,,,,,,,,,,,,,,,,,,,,,,,,,,,,,,,,,,,,,,,,,,,,,,,147,4,266384,2766,158,40,1,left,0,20,20,0,0,,,,,16,,,,,,,,,,,,,,,,,,,,,,,,,,,,,,,,,,,,,,,,,,
1060.5310456670122,unswapping,,,,,,,,,,,,,,,,,,,,,,,,,,,,,,,,,,,,,,,,,,,,,,,147,4,266384,2766,158,40,1,left,1,19,19,0,0,,,,,16,,,,,,,,,,,,,,,,,,,,,,,,,,,,,,,,,,,,,,,,,,
1061.074044457986,unswapping,,,,,,,,,,,,,,,,,,,,,,,,,,,,,,,,,,,,,,,,,,,,,,,147,4,266384,2766,158,40,1,right,0,20,20,0,0,,,,,16,,,,,,,,,,,,,,,,,,,,,,,,,,,,,,,,,,,,,,,,,,
1061.615042667021,unswapping,,,,,,,,,,,,,,,,,,,,,,,,,,,,,,,,,,,,,,,,,,,,,,,147,4,266384,2766,158,40,1,right,1,19,19,0,0,,,,,16,,,,,,,,,,,,,,,,,,,,,,,,,,,,,,,,,,,,,,,,,,
1062.824783832999,unswap_cycle_summary,,,,,,,,,,,,404,390,794,,,,,,,,,,,,,,,,,,,512,0.0006,,,,,,,,,,,,,147,4,266384,2766,158,40,,,,,,,,,,,,,,,,,,,,63,12.30936562496936,794,808,14,0,False,,,,,,,,,,,,,,,,,,,,,,,,,,,,
1063.0762922500144,rewiring,right,post_unswap,0.15282608300913125,29,False,False,,,,,,,,,,,,,,,,,,,,,,,,,,,,,,,,,,,,,,,,,,,,,,,,,,,,,,,,,,,,,,,,,,63,,,,,,,50,False,0,4,bond_profile,8,False,1,3150,"(394, 100, 10, 8, 17, 87, 28)",0.00294674898032099,0.1498547510127537,"[{'seed': 123, 'score': (500, 147, 13, 8, 15, 87, 24), 'num_layers': 24, 'total_swaps': 87, 'max_layer_swaps': 10, 'swap_only_layers': 15, 'work_layers': 9, 'unitary_layers': 9, 'first_work_layer': 1, 'leading_no_work_layers': 1, 'bond_profile_layers_scored': 8, 'bond_profile_total_cost': 500, 'bond_profile_max_cost': 147, 'bond_profile_gate_count': 13}, {'seed': 1132, 'score': (524, 147, 10, 8, 17, 87, 28), 'num_layers': 28, 'total_swaps': 87, 'max_layer_swaps': 10, 'swap_only_layers': 17, 'work_layers': 11, 'unitary_layers': 11, 'first_work_layer': 1, 'leading_no_work_layers': 1, 'bond_profile_layers_scored': 8, 'bond_profile_total_cost': 524, 'bond_profile_max_cost': 147, 'bond_profile_gate_count': 10}, {'seed': 2141, 'score': (482, 147, 10, 8, 17, 87, 28), 'num_layers': 28, 'total_swaps': 87, 'max_layer_swaps': 10, 'swap_only_layers': 17, 'work_layers': 11, 'unitary_layers': 11, 'first_work_layer': 1, 'leading_no_work_layers': 1, 'bond_profile_layers_scored': 8, 'bond_profile_total_cost': 482, 'bond_profile_max_cost': 147, 'bond_profile_gate_count': 10}, {'seed': 3150, 'score': (394, 100, 10, 8, 17, 87, 28), 'num_layers': 28, 'total_swaps': 87, 'max_layer_swaps': 9, 'swap_only_layers': 17, 'work_layers': 11, 'unitary_layers': 11, 'first_work_layer': 1, 'leading_no_work_layers': 1, 'bond_profile_layers_scored': 8, 'bond_profile_total_cost': 394, 'bond_profile_max_cost': 100, 'bond_profile_gate_count': 10}]",0.15282029198715463,0.1530475409817882,,,,,,,,,,,,,
1063.1742597499979,cycle_progress,,,,,,,,,,,,404,390,794,,,,,,,,,,,,,,,,,,,512,0.0006,,267200,2,,,,,,,,,,147,4,266384,2766,158,40,,,,,,,,,,,,,,,,,,,,63,,794,808,14,0,False,,,,,,,,,,,,,,,0.1530475409817882,,,,,,,,,,,,,
1063.5335693330271,absorbing,,,,,,,R,0,1,0,28,404,390,794,9,0,0,0.0,0.25724375003483146,0.25724375003483146,0.25864983297651634,,318664,,147,False,False,False,False,318664,147,False,512,0.0006,,266384,3,total_elems,,318664,1,1,,,,0.0,147,4,318664,3118,158,40,,,,,,,,,,,,,,,,,,,,,,,,,,,,,,,,,,,,,,,,,,,,,,,,,,,,,,
1065.8789475419908,unswapping,,,,,,,,,,,,,,,,,,,,,,,,,,,,,,,,,,,,,,,,,,,,,,,147,4,307288,3004,158,40,0,both,0,20,20,4,4,,,,,0,,,,,,,,,,,,,,,,,,,,,,,,,,,,,,,,,,,,,,,,,,
1067.3409550830256,unswapping,,,,,,,,,,,,,,,,,,,,,,,,,,,,,,,,,,,,,,,,,,,,,,,147,4,283772,2878,158,40,0,both,1,19,19,2,6,,,,,0,,,,,,,,,,,,,,,,,,,,,,,,,,,,,,,,,,,,,,,,,,
1068.0275442500133,unswapping,,,,,,,,,,,,,,,,,,,,,,,,,,,,,,,,,,,,,,,,,,,,,,,147,4,282556,2856,158,40,0,left,0,20,20,3,9,,,,,6,,,,,,,,,,,,,,,,,,,,,,,,,,,,,,,,,,,,,,,,,,
1068.7031023749732,unswapping,,,,,,,,,,,,,,,,,,,,,,,,,,,,,,,,,,,,,,,,,,,,,,,147,4,273788,2800,158,40,0,left,1,19,19,2,11,,,,,10,,,,,,,,,,,,,,,,,,,,,,,,,,,,,,,,,,,,,,,,,,
1069.4092874170165,unswapping,,,,,,,,,,,,,,,,,,,,,,,,,,,,,,,,,,,,,,,,,,,,,,,147,4,263028,2732,158,40,0,right,0,20,20,3,14,,,,,16,,,,,,,,,,,,,,,,,,,,,,,,,,,,,,,,,,,,,,,,,,
1069.867931417015,unswapping,,,,,,,,,,,,,,,,,,,,,,,,,,,,,,,,,,,,,,,,,,,,,,,147,4,263028,2732,158,40,0,right,1,19,19,0,14,,,,,16,,,,,,,,,,,,,,,,,,,,,,,,,,,,,,,,,,,,,,,,,,
1070.9226733330288,unswapping,,,,,,,,,,,,,,,,,,,,,,,,,,,,,,,,,,,,,,,,,,,,,,,147,4,263028,2732,158,40,1,both,0,20,20,0,0,,,,,16,,,,,,,,,,,,,,,,,,,,,,,,,,,,,,,,,,,,,,,,,,
1071.7376963329734,unswapping,,,,,,,,,,,,,,,,,,,,,,,,,,,,,,,,,,,,,,,,,,,,,,,147,4,263028,2732,158,40,1,both,1,19,19,0,0,,,,,16,,,,,,,,,,,,,,,,,,,,,,,,,,,,,,,,,,,,,,,,,,
1072.1852767079836,unswapping,,,,,,,,,,,,,,,,,,,,,,,,,,,,,,,,,,,,,,,,,,,,,,,147,4,263028,2732,158,40,1,left,0,20,20,0,0,,,,,16,,,,,,,,,,,,,,,,,,,,,,,,,,,,,,,,,,,,,,,,,,
1072.5685710000107,unswapping,,,,,,,,,,,,,,,,,,,,,,,,,,,,,,,,,,,,,,,,,,,,,,,147,4,263028,2732,158,40,1,left,1,19,19,0,0,,,,,16,,,,,,,,,,,,,,,,,,,,,,,,,,,,,,,,,,,,,,,,,,
1073.0854738749913,unswapping,,,,,,,,,,,,,,,,,,,,,,,,,,,,,,,,,,,,,,,,,,,,,,,147,4,263028,2732,158,40,1,right,0,20,20,0,0,,,,,16,,,,,,,,,,,,,,,,,,,,,,,,,,,,,,,,,,,,,,,,,,
1073.5744010420167,unswapping,,,,,,,,,,,,,,,,,,,,,,,,,,,,,,,,,,,,,,,,,,,,,,,147,4,263028,2732,158,40,1,right,1,19,19,0,0,,,,,16,,,,,,,,,,,,,,,,,,,,,,,,,,,,,,,,,,,,,,,,,,
1074.8256816670182,unswap_cycle_summary,,,,,,,,,,,,404,390,794,,,,,,,,,,,,,,,,,,,512,0.0006,,,,,,,,,,,,,147,4,263028,2732,158,40,,,,,,,,,,,,,,,,,,,,64,9.547383083030581,794,808,14,0,False,,,,,,,,,,,,,,,,,,,,,,,,,,,,
1075.1706305000116,rewiring,right,post_unswap,0.24318366596708074,29,False,False,,,,,,,,,,,,,,,,,,,,,,,,,,,,,,,,,,,,,,,,,,,,,,,,,,,,,,,,,,,,,,,,,,64,,,,,,,50,False,0,4,bond_profile,8,False,1,3150,"(393, 100, 10, 8, 17, 87, 28)",0.0033130000228993595,0.23983841593144462,"[{'seed': 123, 'score': (499, 147, 13, 8, 15, 87, 24), 'num_layers': 24, 'total_swaps': 87, 'max_layer_swaps': 10, 'swap_only_layers': 15, 'work_layers': 9, 'unitary_layers': 9, 'first_work_layer': 1, 'leading_no_work_layers': 1, 'bond_profile_layers_scored': 8, 'bond_profile_total_cost': 499, 'bond_profile_max_cost': 147, 'bond_profile_gate_count': 13}, {'seed': 1132, 'score': (523, 147, 10, 8, 17, 87, 28), 'num_layers': 28, 'total_swaps': 87, 'max_layer_swaps': 10, 'swap_only_layers': 17, 'work_layers': 11, 'unitary_layers': 11, 'first_work_layer': 1, 'leading_no_work_layers': 1, 'bond_profile_layers_scored': 8, 'bond_profile_total_cost': 523, 'bond_profile_max_cost': 147, 'bond_profile_gate_count': 10}, {'seed': 2141, 'score': (481, 147, 10, 8, 17, 87, 28), 'num_layers': 28, 'total_swaps': 87, 'max_layer_swaps': 10, 'swap_only_layers': 17, 'work_layers': 11, 'unitary_layers': 11, 'first_work_layer': 1, 'leading_no_work_layers': 1, 'bond_profile_layers_scored': 8, 'bond_profile_total_cost': 481, 'bond_profile_max_cost': 147, 'bond_profile_gate_count': 10}, {'seed': 3150, 'score': (393, 100, 10, 8, 17, 87, 28), 'num_layers': 28, 'total_swaps': 87, 'max_layer_swaps': 9, 'swap_only_layers': 17, 'work_layers': 11, 'unitary_layers': 11, 'first_work_layer': 1, 'leading_no_work_layers': 1, 'bond_profile_layers_scored': 8, 'bond_profile_total_cost': 393, 'bond_profile_max_cost': 100, 'bond_profile_gate_count': 10}]",0.24317600001813844,0.24344866699539125,,,,,,,,,,,,,
1075.2649511669879,cycle_progress,,,,,,,,,,,,404,390,794,,,,,,,,,,,,,,,,,,,512,0.0006,,266384,3,,,,,,,,,,147,4,263028,2732,158,40,,,,,,,,,,,,,,,,,,,,64,,794,808,14,0,False,,,,,,,,,,,,,,,0.24344866699539125,,,,,,,,,,,,,
1075.6360574170249,absorbing,,,,,,,R,0,1,0,28,404,390,794,9,0,0,0.0,0.26629979198332876,0.26629979198332876,0.2691000000340864,,314604,,147,False,False,False,False,314604,147,False,512,0.0006,,263028,4,total_elems,,314604,1,1,,,,0.0,147,4,314604,3098,158,40,,,,,,,,,,,,,,,,,,,,,,,,,,,,,,,,,,,,,,,,,,,,,,,,,,,,,,
1078.374452167016,unswapping,,,,,,,,,,,,,,,,,,,,,,,,,,,,,,,,,,,,,,,,,,,,,,,147,4,305468,2982,158,40,0,both,0,20,20,4,4,,,,,0,,,,,,,,,,,,,,,,,,,,,,,,,,,,,,,,,,,,,,,,,,
1079.8521843330236,unswapping,,,,,,,,,,,,,,,,,,,,,,,,,,,,,,,,,,,,,,,,,,,,,,,147,4,279136,2834,158,40,0,both,1,19,19,2,6,,,,,0,,,,,,,,,,,,,,,,,,,,,,,,,,,,,,,,,,,,,,,,,,
1080.6019804169773,unswapping,,,,,,,,,,,,,,,,,,,,,,,,,,,,,,,,,,,,,,,,,,,,,,,147,4,277132,2808,158,40,0,left,0,20,20,3,9,,,,,6,,,,,,,,,,,,,,,,,,,,,,,,,,,,,,,,,,,,,,,,,,
1081.4523927079863,unswapping,,,,,,,,,,,,,,,,,,,,,,,,,,,,,,,,,,,,,,,,,,,,,,,147,4,270352,2774,158,40,0,left,1,19,19,1,10,,,,,8,,,,,,,,,,,,,,,,,,,,,,,,,,,,,,,,,,,,,,,,,,
1082.1234772920143,unswapping,,,,,,,,,,,,,,,,,,,,,,,,,,,,,,,,,,,,,,,,,,,,,,,147,4,260624,2714,158,40,0,right,0,20,20,3,13,,,,,14,,,,,,,,,,,,,,,,,,,,,,,,,,,,,,,,,,,,,,,,,,
1082.592318125011,unswapping,,,,,,,,,,,,,,,,,,,,,,,,,,,,,,,,,,,,,,,,,,,,,,,147,4,260624,2714,158,40,0,right,1,19,19,0,13,,,,,14,,,,,,,,,,,,,,,,,,,,,,,,,,,,,,,,,,,,,,,,,,
1083.7052970419754,unswapping,,,,,,,,,,,,,,,,,,,,,,,,,,,,,,,,,,,,,,,,,,,,,,,147,4,260624,2714,158,40,1,both,0,20,20,0,0,,,,,14,,,,,,,,,,,,,,,,,,,,,,,,,,,,,,,,,,,,,,,,,,
1084.694299291994,unswapping,,,,,,,,,,,,,,,,,,,,,,,,,,,,,,,,,,,,,,,,,,,,,,,147,4,260624,2714,158,40,1,both,1,19,19,0,0,,,,,14,,,,,,,,,,,,,,,,,,,,,,,,,,,,,,,,,,,,,,,,,,
1085.2532815000159,unswapping,,,,,,,,,,,,,,,,,,,,,,,,,,,,,,,,,,,,,,,,,,,,,,,147,4,260624,2714,158,40,1,left,0,20,20,0,0,,,,,14,,,,,,,,,,,,,,,,,,,,,,,,,,,,,,,,,,,,,,,,,,
1085.6926820829976,unswapping,,,,,,,,,,,,,,,,,,,,,,,,,,,,,,,,,,,,,,,,,,,,,,,147,4,260624,2714,158,40,1,left,1,19,19,0,0,,,,,14,,,,,,,,,,,,,,,,,,,,,,,,,,,,,,,,,,,,,,,,,,
1086.2108282080153,unswapping,,,,,,,,,,,,,,,,,,,,,,,,,,,,,,,,,,,,,,,,,,,,,,,147,4,260624,2714,158,40,1,right,0,20,20,0,0,,,,,14,,,,,,,,,,,,,,,,,,,,,,,,,,,,,,,,,,,,,,,,,,
1086.7030007920112,unswapping,,,,,,,,,,,,,,,,,,,,,,,,,,,,,,,,,,,,,,,,,,,,,,,147,4,260624,2714,158,40,1,right,1,19,19,0,0,,,,,14,,,,,,,,,,,,,,,,,,,,,,,,,,,,,,,,,,,,,,,,,,
1087.916568375018,unswap_cycle_summary,,,,,,,,,,,,404,390,794,,,,,,,,,,,,,,,,,,,512,0.0006,,,,,,,,,,,,,147,4,260624,2714,158,40,,,,,,,,,,,,,,,,,,,,65,10.524795832985546,794,808,14,0,False,,,,,,,,,,,,,,,,,,,,,,,,,,,,
1088.1949082500068,rewiring,right,post_unswap,0.17315791599685326,29,False,False,,,,,,,,,,,,,,,,,,,,,,,,,,,,,,,,,,,,,,,,,,,,,,,,,,,,,,,,,,,,,,,,,,65,,,,,,,50,False,0,4,bond_profile,8,False,1,3150,"(391, 100, 10, 8, 17, 87, 28)",0.003394333994947374,0.1697024999302812,"[{'seed': 123, 'score': (497, 147, 13, 8, 15, 87, 24), 'num_layers': 24, 'total_swaps': 87, 'max_layer_swaps': 10, 'swap_only_layers': 15, 'work_layers': 9, 'unitary_layers': 9, 'first_work_layer': 1, 'leading_no_work_layers': 1, 'bond_profile_layers_scored': 8, 'bond_profile_total_cost': 497, 'bond_profile_max_cost': 147, 'bond_profile_gate_count': 13}, {'seed': 1132, 'score': (521, 147, 10, 8, 17, 87, 28), 'num_layers': 28, 'total_swaps': 87, 'max_layer_swaps': 10, 'swap_only_layers': 17, 'work_layers': 11, 'unitary_layers': 11, 'first_work_layer': 1, 'leading_no_work_layers': 1, 'bond_profile_layers_scored': 8, 'bond_profile_total_cost': 521, 'bond_profile_max_cost': 147, 'bond_profile_gate_count': 10}, {'seed': 2141, 'score': (479, 147, 10, 8, 17, 87, 28), 'num_layers': 28, 'total_swaps': 87, 'max_layer_swaps': 10, 'swap_only_layers': 17, 'work_layers': 11, 'unitary_layers': 11, 'first_work_layer': 1, 'leading_no_work_layers': 1, 'bond_profile_layers_scored': 8, 'bond_profile_total_cost': 479, 'bond_profile_max_cost': 147, 'bond_profile_gate_count': 10}, {'seed': 3150, 'score': (391, 100, 10, 8, 17, 87, 28), 'num_layers': 28, 'total_swaps': 87, 'max_layer_swaps': 9, 'swap_only_layers': 17, 'work_layers': 11, 'unitary_layers': 11, 'first_work_layer': 1, 'leading_no_work_layers': 1, 'bond_profile_layers_scored': 8, 'bond_profile_total_cost': 391, 'bond_profile_max_cost': 100, 'bond_profile_gate_count': 10}]",0.17314900003839284,0.1734616250032559,,,,,,,,,,,,,
1088.2988960830262,cycle_progress,,,,,,,,,,,,404,390,794,,,,,,,,,,,,,,,,,,,512,0.0006,,263028,4,,,,,,,,,,147,4,260624,2714,158,40,,,,,,,,,,,,,,,,,,,,65,,794,808,14,0,False,,,,,,,,,,,,,,,0.1734616250032559,,,,,,,,,,,,,
1088.6429069999722,absorbing,,,,,,,R,0,1,0,28,404,390,794,9,0,0,0.0,0.23165529099060223,0.23165529099060223,0.23402162501588464,,309312,,147,False,False,False,False,309312,147,False,512,0.0006,,260624,5,total_elems,,309312,1,1,,,,0.0,147,4,309312,3066,158,40,,,,,,,,,,,,,,,,,,,,,,,,,,,,,,,,,,,,,,,,,,,,,,,,,,,,,,
1091.298604874988,unswapping,,,,,,,,,,,,,,,,,,,,,,,,,,,,,,,,,,,,,,,,,,,,,,,147,4,299488,2946,158,40,0,both,0,20,20,5,5,,,,,0,,,,,,,,,,,,,,,,,,,,,,,,,,,,,,,,,,,,,,,,,,
1092.9125192500069,unswapping,,,,,,,,,,,,,,,,,,,,,,,,,,,,,,,,,,,,,,,,,,,,,,,147,4,274064,2806,158,40,0,both,1,19,19,2,7,,,,,0,,,,,,,,,,,,,,,,,,,,,,,,,,,,,,,,,,,,,,,,,,
1093.6586577920243,unswapping,,,,,,,,,,,,,,,,,,,,,,,,,,,,,,,,,,,,,,,,,,,,,,,147,4,268256,2756,158,40,0,left,0,20,20,4,11,,,,,8,,,,,,,,,,,,,,,,,,,,,,,,,,,,,,,,,,,,,,,,,,
1094.3433372920263,unswapping,,,,,,,,,,,,,,,,,,,,,,,,,,,,,,,,,,,,,,,,,,,,,,,147,4,261656,2722,158,40,0,left,1,19,19,1,12,,,,,10,,,,,,,,,,,,,,,,,,,,,,,,,,,,,,,,,,,,,,,,,,
1095.0444367079763,unswapping,,,,,,,,,,,,,,,,,,,,,,,,,,,,,,,,,,,,,,,,,,,,,,,147,4,258992,2704,158,40,0,right,0,20,20,2,14,,,,,14,,,,,,,,,,,,,,,,,,,,,,,,,,,,,,,,,,,,,,,,,,
1095.5188947499846,unswapping,,,,,,,,,,,,,,,,,,,,,,,,,,,,,,,,,,,,,,,,,,,,,,,147,4,258992,2704,158,40,0,right,1,19,19,0,14,,,,,14,,,,,,,,,,,,,,,,,,,,,,,,,,,,,,,,,,,,,,,,,,
1096.6972883749986,unswapping,,,,,,,,,,,,,,,,,,,,,,,,,,,,,,,,,,,,,,,,,,,,,,,147,4,258992,2704,158,40,1,both,0,20,20,0,0,,,,,14,,,,,,,,,,,,,,,,,,,,,,,,,,,,,,,,,,,,,,,,,,
1097.705376041995,unswapping,,,,,,,,,,,,,,,,,,,,,,,,,,,,,,,,,,,,,,,,,,,,,,,147,4,258992,2704,158,40,1,both,1,19,19,0,0,,,,,14,,,,,,,,,,,,,,,,,,,,,,,,,,,,,,,,,,,,,,,,,,
1098.2099182080128,unswapping,,,,,,,,,,,,,,,,,,,,,,,,,,,,,,,,,,,,,,,,,,,,,,,147,4,258992,2704,158,40,1,left,0,20,20,0,0,,,,,14,,,,,,,,,,,,,,,,,,,,,,,,,,,,,,,,,,,,,,,,,,
1098.6844755830243,unswapping,,,,,,,,,,,,,,,,,,,,,,,,,,,,,,,,,,,,,,,,,,,,,,,147,4,258992,2704,158,40,1,left,1,19,19,0,0,,,,,14,,,,,,,,,,,,,,,,,,,,,,,,,,,,,,,,,,,,,,,,,,
1099.2123072079848,unswapping,,,,,,,,,,,,,,,,,,,,,,,,,,,,,,,,,,,,,,,,,,,,,,,147,4,258992,2704,158,40,1,right,0,20,20,0,0,,,,,14,,,,,,,,,,,,,,,,,,,,,,,,,,,,,,,,,,,,,,,,,,
1099.7054990829783,unswapping,,,,,,,,,,,,,,,,,,,,,,,,,,,,,,,,,,,,,,,,,,,,,,,147,4,258992,2704,158,40,1,right,1,19,19,0,0,,,,,14,,,,,,,,,,,,,,,,,,,,,,,,,,,,,,,,,,,,,,,,,,
1100.930482457974,unswap_cycle_summary,,,,,,,,,,,,404,390,794,,,,,,,,,,,,,,,,,,,512,0.0006,,,,,,,,,,,,,147,4,258992,2704,158,40,,,,,,,,,,,,,,,,,,,,66,10.548770332999993,794,808,14,0,False,,,,,,,,,,,,,,,,,,,,,,,,,,,,
1101.1982985829818,rewiring,right,post_unswap,0.16526379104470834,29,False,False,,,,,,,,,,,,,,,,,,,,,,,,,,,,,,,,,,,,,,,,,,,,,,,,,,,,,,,,,,,,,,,,,,66,,,,,,,50,False,0,4,bond_profile,8,False,1,3150,"(390, 100, 10, 8, 17, 87, 28)",0.003157166065648198,0.1620780840748921,"[{'seed': 123, 'score': (496, 147, 13, 8, 15, 87, 24), 'num_layers': 24, 'total_swaps': 87, 'max_layer_swaps': 10, 'swap_only_layers': 15, 'work_layers': 9, 'unitary_layers': 9, 'first_work_layer': 1, 'leading_no_work_layers': 1, 'bond_profile_layers_scored': 8, 'bond_profile_total_cost': 496, 'bond_profile_max_cost': 147, 'bond_profile_gate_count': 13}, {'seed': 1132, 'score': (520, 147, 10, 8, 17, 87, 28), 'num_layers': 28, 'total_swaps': 87, 'max_layer_swaps': 10, 'swap_only_layers': 17, 'work_layers': 11, 'unitary_layers': 11, 'first_work_layer': 1, 'leading_no_work_layers': 1, 'bond_profile_layers_scored': 8, 'bond_profile_total_cost': 520, 'bond_profile_max_cost': 147, 'bond_profile_gate_count': 10}, {'seed': 2141, 'score': (478, 147, 10, 8, 17, 87, 28), 'num_layers': 28, 'total_swaps': 87, 'max_layer_swaps': 10, 'swap_only_layers': 17, 'work_layers': 11, 'unitary_layers': 11, 'first_work_layer': 1, 'leading_no_work_layers': 1, 'bond_profile_layers_scored': 8, 'bond_profile_total_cost': 478, 'bond_profile_max_cost': 147, 'bond_profile_gate_count': 10}, {'seed': 3150, 'score': (390, 100, 10, 8, 17, 87, 28), 'num_layers': 28, 'total_swaps': 87, 'max_layer_swaps': 9, 'swap_only_layers': 17, 'work_layers': 11, 'unitary_layers': 11, 'first_work_layer': 1, 'leading_no_work_layers': 1, 'bond_profile_layers_scored': 8, 'bond_profile_total_cost': 390, 'bond_profile_max_cost': 100, 'bond_profile_gate_count': 10}]",0.16525699995690957,0.16550974996061996,,,,,,,,,,,,,
1101.2974317080225,cycle_progress,,,,,,,,,,,,404,390,794,,,,,,,,,,,,,,,,,,,512,0.0006,,260624,5,,,,,,,,,,147,4,258992,2704,158,40,,,,,,,,,,,,,,,,,,,,66,,794,808,14,0,False,,,,,,,,,,,,,,,0.16550974996061996,,,,,,,,,,,,,
1101.7609425829723,absorbing,,,,,,,R,0,1,0,28,404,390,794,9,0,0,0.0,0.3589531659963541,0.3589531659963541,0.36051383399171755,,310464,,147,False,False,False,False,310464,147,False,512,0.0006,,258992,6,total_elems,,310464,1,1,,,,0.0,147,4,310464,3080,158,40,,,,,,,,,,,,,,,,,,,,,,,,,,,,,,,,,,,,,,,,,,,,,,,,,,,,,,
1104.2794656250044,unswapping,,,,,,,,,,,,,,,,,,,,,,,,,,,,,,,,,,,,,,,,,,,,,,,147,4,298696,2948,158,40,0,both,0,20,20,5,5,,,,,0,,,,,,,,,,,,,,,,,,,,,,,,,,,,,,,,,,,,,,,,,,
1105.5059932500008,unswapping,,,,,,,,,,,,,,,,,,,,,,,,,,,,,,,,,,,,,,,,,,,,,,,147,4,271328,2790,158,40,0,both,1,19,19,2,7,,,,,0,,,,,,,,,,,,,,,,,,,,,,,,,,,,,,,,,,,,,,,,,,
1106.1374277920113,unswapping,,,,,,,,,,,,,,,,,,,,,,,,,,,,,,,,,,,,,,,,,,,,,,,146,4,265296,2740,158,40,0,left,0,20,20,4,11,,,,,8,,,,,,,,,,,,,,,,,,,,,,,,,,,,,,,,,,,,,,,,,,
1106.7655338330078,unswapping,,,,,,,,,,,,,,,,,,,,,,,,,,,,,,,,,,,,,,,,,,,,,,,146,4,258832,2706,158,40,0,left,1,19,19,1,12,,,,,10,,,,,,,,,,,,,,,,,,,,,,,,,,,,,,,,,,,,,,,,,,
1107.384946791979,unswapping,,,,,,,,,,,,,,,,,,,,,,,,,,,,,,,,,,,,,,,,,,,,,,,146,4,256496,2690,158,40,0,right,0,20,20,2,14,,,,,14,,,,,,,,,,,,,,,,,,,,,,,,,,,,,,,,,,,,,,,,,,
1107.8489296250045,unswapping,,,,,,,,,,,,,,,,,,,,,,,,,,,,,,,,,,,,,,,,,,,,,,,146,4,256496,2690,158,40,0,right,1,19,19,0,14,,,,,14,,,,,,,,,,,,,,,,,,,,,,,,,,,,,,,,,,,,,,,,,,
1108.9636308749905,unswapping,,,,,,,,,,,,,,,,,,,,,,,,,,,,,,,,,,,,,,,,,,,,,,,146,4,256496,2690,158,40,1,both,0,20,20,0,0,,,,,14,,,,,,,,,,,,,,,,,,,,,,,,,,,,,,,,,,,,,,,,,,
1109.8930662079947,unswapping,,,,,,,,,,,,,,,,,,,,,,,,,,,,,,,,,,,,,,,,,,,,,,,146,4,256496,2690,158,40,1,both,1,19,19,0,0,,,,,14,,,,,,,,,,,,,,,,,,,,,,,,,,,,,,,,,,,,,,,,,,
1110.3926152919885,unswapping,,,,,,,,,,,,,,,,,,,,,,,,,,,,,,,,,,,,,,,,,,,,,,,146,4,256496,2690,158,40,1,left,0,20,20,0,0,,,,,14,,,,,,,,,,,,,,,,,,,,,,,,,,,,,,,,,,,,,,,,,,
1110.7701992919901,unswapping,,,,,,,,,,,,,,,,,,,,,,,,,,,,,,,,,,,,,,,,,,,,,,,146,4,256496,2690,158,40,1,left,1,19,19,0,0,,,,,14,,,,,,,,,,,,,,,,,,,,,,,,,,,,,,,,,,,,,,,,,,
1111.2055795830092,unswapping,,,,,,,,,,,,,,,,,,,,,,,,,,,,,,,,,,,,,,,,,,,,,,,146,4,256496,2690,158,40,1,right,0,20,20,0,0,,,,,14,,,,,,,,,,,,,,,,,,,,,,,,,,,,,,,,,,,,,,,,,,
1111.6254190829932,unswapping,,,,,,,,,,,,,,,,,,,,,,,,,,,,,,,,,,,,,,,,,,,,,,,146,4,256496,2690,158,40,1,right,1,19,19,0,0,,,,,14,,,,,,,,,,,,,,,,,,,,,,,,,,,,,,,,,,,,,,,,,,
1112.8390343330102,unswap_cycle_summary,,,,,,,,,,,,404,390,794,,,,,,,,,,,,,,,,,,,512,0.0006,,,,,,,,,,,,,146,4,256496,2690,158,40,,,,,,,,,,,,,,,,,,,,67,9.291942042007577,794,808,14,0,False,,,,,,,,,,,,,,,,,,,,,,,,,,,,
1113.0936295000138,rewiring,right,post_unswap,0.15494362503523007,29,False,False,,,,,,,,,,,,,,,,,,,,,,,,,,,,,,,,,,,,,,,,,,,,,,,,,,,,,,,,,,,,,,,,,,67,,,,,,,50,False,0,4,bond_profile,8,False,1,3150,"(388, 100, 10, 8, 17, 87, 28)",0.003172416996676475,0.15174425102304667,"[{'seed': 123, 'score': (493, 146, 13, 8, 15, 87, 24), 'num_layers': 24, 'total_swaps': 87, 'max_layer_swaps': 10, 'swap_only_layers': 15, 'work_layers': 9, 'unitary_layers': 9, 'first_work_layer': 1, 'leading_no_work_layers': 1, 'bond_profile_layers_scored': 8, 'bond_profile_total_cost': 493, 'bond_profile_max_cost': 146, 'bond_profile_gate_count': 13}, {'seed': 1132, 'score': (516, 146, 10, 8, 17, 87, 28), 'num_layers': 28, 'total_swaps': 87, 'max_layer_swaps': 10, 'swap_only_layers': 17, 'work_layers': 11, 'unitary_layers': 11, 'first_work_layer': 1, 'leading_no_work_layers': 1, 'bond_profile_layers_scored': 8, 'bond_profile_total_cost': 516, 'bond_profile_max_cost': 146, 'bond_profile_gate_count': 10}, {'seed': 2141, 'score': (474, 146, 10, 8, 17, 87, 28), 'num_layers': 28, 'total_swaps': 87, 'max_layer_swaps': 10, 'swap_only_layers': 17, 'work_layers': 11, 'unitary_layers': 11, 'first_work_layer': 1, 'leading_no_work_layers': 1, 'bond_profile_layers_scored': 8, 'bond_profile_total_cost': 474, 'bond_profile_max_cost': 146, 'bond_profile_gate_count': 10}, {'seed': 3150, 'score': (388, 100, 10, 8, 17, 87, 28), 'num_layers': 28, 'total_swaps': 87, 'max_layer_swaps': 9, 'swap_only_layers': 17, 'work_layers': 11, 'unitary_layers': 11, 'first_work_layer': 1, 'leading_no_work_layers': 1, 'bond_profile_layers_scored': 8, 'bond_profile_total_cost': 388, 'bond_profile_max_cost': 100, 'bond_profile_gate_count': 10}]",0.15493750001769513,0.1551644999999553,,,,,,,,,,,,,
1113.19548712502,cycle_progress,,,,,,,,,,,,404,390,794,,,,,,,,,,,,,,,,,,,512,0.0006,,258992,6,,,,,,,,,,146,4,256496,2690,158,40,,,,,,,,,,,,,,,,,,,,67,,794,808,14,0,False,,,,,,,,,,,,,,,0.1551644999999553,,,,,,,,,,,,,
1113.5200518330093,absorbing,,,,,,,R,0,1,0,28,404,390,794,9,0,0,0.0,0.21948987495852634,0.21948987495852634,0.21999129198957235,,305344,,146,False,False,False,False,305344,146,False,512,0.0006,,256496,7,total_elems,,305344,1,1,,,,0.0,146,4,305344,3050,158,40,,,,,,,,,,,,,,,,,,,,,,,,,,,,,,,,,,,,,,,,,,,,,,,,,,,,,,
1115.8199369169888,unswapping,,,,,,,,,,,,,,,,,,,,,,,,,,,,,,,,,,,,,,,,,,,,,,,146,4,292688,2912,158,40,0,both,0,20,20,5,5,,,,,0,,,,,,,,,,,,,,,,,,,,,,,,,,,,,,,,,,,,,,,,,,
1117.2926668750006,unswapping,,,,,,,,,,,,,,,,,,,,,,,,,,,,,,,,,,,,,,,,,,,,,,,146,4,270672,2788,158,40,0,both,1,19,19,2,7,,,,,0,,,,,,,,,,,,,,,,,,,,,,,,,,,,,,,,,,,,,,,,,,
1117.9922018329962,unswapping,,,,,,,,,,,,,,,,,,,,,,,,,,,,,,,,,,,,,,,,,,,,,,,146,4,264976,2738,158,40,0,left,0,20,20,4,11,,,,,8,,,,,,,,,,,,,,,,,,,,,,,,,,,,,,,,,,,,,,,,,,
1118.619031417009,unswapping,,,,,,,,,,,,,,,,,,,,,,,,,,,,,,,,,,,,,,,,,,,,,,,146,4,258832,2706,158,40,0,left,1,19,19,1,12,,,,,10,,,,,,,,,,,,,,,,,,,,,,,,,,,,,,,,,,,,,,,,,,
1119.2796801250079,unswapping,,,,,,,,,,,,,,,,,,,,,,,,,,,,,,,,,,,,,,,,,,,,,,,146,4,256496,2690,158,40,0,right,0,20,20,2,14,,,,,14,,,,,,,,,,,,,,,,,,,,,,,,,,,,,,,,,,,,,,,,,,
1119.7346768749994,unswapping,,,,,,,,,,,,,,,,,,,,,,,,,,,,,,,,,,,,,,,,,,,,,,,146,4,256496,2690,158,40,0,right,1,19,19,0,14,,,,,14,,,,,,,,,,,,,,,,,,,,,,,,,,,,,,,,,,,,,,,,,,
1120.9059985000058,unswapping,,,,,,,,,,,,,,,,,,,,,,,,,,,,,,,,,,,,,,,,,,,,,,,146,4,256496,2690,158,40,1,both,0,20,20,0,0,,,,,14,,,,,,,,,,,,,,,,,,,,,,,,,,,,,,,,,,,,,,,,,,
1121.8578078330029,unswapping,,,,,,,,,,,,,,,,,,,,,,,,,,,,,,,,,,,,,,,,,,,,,,,146,4,256496,2690,158,40,1,both,1,19,19,0,0,,,,,14,,,,,,,,,,,,,,,,,,,,,,,,,,,,,,,,,,,,,,,,,,
1122.3366348330164,unswapping,,,,,,,,,,,,,,,,,,,,,,,,,,,,,,,,,,,,,,,,,,,,,,,146,4,256496,2690,158,40,1,left,0,20,20,0,0,,,,,14,,,,,,,,,,,,,,,,,,,,,,,,,,,,,,,,,,,,,,,,,,
1122.7487338749925,unswapping,,,,,,,,,,,,,,,,,,,,,,,,,,,,,,,,,,,,,,,,,,,,,,,146,4,256496,2690,158,40,1,left,1,19,19,0,0,,,,,14,,,,,,,,,,,,,,,,,,,,,,,,,,,,,,,,,,,,,,,,,,
1123.2002698329743,unswapping,,,,,,,,,,,,,,,,,,,,,,,,,,,,,,,,,,,,,,,,,,,,,,,146,4,256496,2690,158,40,1,right,0,20,20,0,0,,,,,14,,,,,,,,,,,,,,,,,,,,,,,,,,,,,,,,,,,,,,,,,,
1123.6078307920252,unswapping,,,,,,,,,,,,,,,,,,,,,,,,,,,,,,,,,,,,,,,,,,,,,,,146,4,256496,2690,158,40,1,right,1,19,19,0,0,,,,,14,,,,,,,,,,,,,,,,,,,,,,,,,,,,,,,,,,,,,,,,,,
1124.7741722500068,unswap_cycle_summary,,,,,,,,,,,,404,390,794,,,,,,,,,,,,,,,,,,,512,0.0006,,,,,,,,,,,,,146,4,256496,2690,158,40,,,,,,,,,,,,,,,,,,,,68,9.615688958961982,794,808,14,0,False,,,,,,,,,,,,,,,,,,,,,,,,,,,,
1125.0126510420232,rewiring,right,post_unswap,0.1418735830229707,29,False,False,,,,,,,,,,,,,,,,,,,,,,,,,,,,,,,,,,,,,,,,,,,,,,,,,,,,,,,,,,,,,,,,,,68,,,,,,,50,False,0,4,bond_profile,8,False,1,3150,"(388, 100, 10, 8, 17, 87, 28)",0.0028105000383220613,0.13904141704551876,"[{'seed': 123, 'score': (493, 146, 13, 8, 15, 87, 24), 'num_layers': 24, 'total_swaps': 87, 'max_layer_swaps': 10, 'swap_only_layers': 15, 'work_layers': 9, 'unitary_layers': 9, 'first_work_layer': 1, 'leading_no_work_layers': 1, 'bond_profile_layers_scored': 8, 'bond_profile_total_cost': 493, 'bond_profile_max_cost': 146, 'bond_profile_gate_count': 13}, {'seed': 1132, 'score': (516, 146, 10, 8, 17, 87, 28), 'num_layers': 28, 'total_swaps': 87, 'max_layer_swaps': 10, 'swap_only_layers': 17, 'work_layers': 11, 'unitary_layers': 11, 'first_work_layer': 1, 'leading_no_work_layers': 1, 'bond_profile_layers_scored': 8, 'bond_profile_total_cost': 516, 'bond_profile_max_cost': 146, 'bond_profile_gate_count': 10}, {'seed': 2141, 'score': (474, 146, 10, 8, 17, 87, 28), 'num_layers': 28, 'total_swaps': 87, 'max_layer_swaps': 10, 'swap_only_layers': 17, 'work_layers': 11, 'unitary_layers': 11, 'first_work_layer': 1, 'leading_no_work_layers': 1, 'bond_profile_layers_scored': 8, 'bond_profile_total_cost': 474, 'bond_profile_max_cost': 146, 'bond_profile_gate_count': 10}, {'seed': 3150, 'score': (388, 100, 10, 8, 17, 87, 28), 'num_layers': 28, 'total_swaps': 87, 'max_layer_swaps': 9, 'swap_only_layers': 17, 'work_layers': 11, 'unitary_layers': 11, 'first_work_layer': 1, 'leading_no_work_layers': 1, 'bond_profile_layers_scored': 8, 'bond_profile_total_cost': 388, 'bond_profile_max_cost': 100, 'bond_profile_gate_count': 10}]",0.14186833298299462,0.14205745799699798,,,,,,,,,,,,,
1125.105280583026,cycle_progress,,,,,,,,,,,,404,390,794,,,,,,,,,,,,,,,,,,,512,0.0006,,256496,7,,,,,,,,,,146,4,256496,2690,158,40,,,,,,,,,,,,,,,,,,,,68,,794,808,14,0,False,,,,,,,,,,,,,,,0.14205745799699798,,,,,,,,,,,,,
1125.3756290830206,absorbing,,,,,,,R,0,1,0,28,404,390,794,9,0,0,0.0,0.17271720798453316,0.17271720798453316,0.17423275002511218,,307904,,146,False,False,False,False,307904,146,False,512,0.0006,,256496,8,total_elems,,307904,1,1,,,,0.0,146,4,307904,3070,158,40,,,,,,,,,,,,,,,,,,,,,,,,,,,,,,,,,,,,,,,,,,,,,,,,,,,,,,
1127.4457364580012,unswapping,,,,,,,,,,,,,,,,,,,,,,,,,,,,,,,,,,,,,,,,,,,,,,,146,4,295248,2932,158,40,0,both,0,20,20,5,5,,,,,0,,,,,,,,,,,,,,,,,,,,,,,,,,,,,,,,,,,,,,,,,,
1128.9170504169888,unswapping,,,,,,,,,,,,,,,,,,,,,,,,,,,,,,,,,,,,,,,,,,,,,,,146,4,270672,2788,158,40,0,both,1,19,19,2,7,,,,,0,,,,,,,,,,,,,,,,,,,,,,,,,,,,,,,,,,,,,,,,,,
1129.5758466250263,unswapping,,,,,,,,,,,,,,,,,,,,,,,,,,,,,,,,,,,,,,,,,,,,,,,146,4,264976,2738,158,40,0,left,0,20,20,4,11,,,,,8,,,,,,,,,,,,,,,,,,,,,,,,,,,,,,,,,,,,,,,,,,
1130.1698484580265,unswapping,,,,,,,,,,,,,,,,,,,,,,,,,,,,,,,,,,,,,,,,,,,,,,,146,4,258832,2706,158,40,0,left,1,19,19,1,12,,,,,10,,,,,,,,,,,,,,,,,,,,,,,,,,,,,,,,,,,,,,,,,,
1130.756634957972,unswapping,,,,,,,,,,,,,,,,,,,,,,,,,,,,,,,,,,,,,,,,,,,,,,,146,4,256496,2690,158,40,0,right,0,20,20,2,14,,,,,14,,,,,,,,,,,,,,,,,,,,,,,,,,,,,,,,,,,,,,,,,,
1131.198838500015,unswapping,,,,,,,,,,,,,,,,,,,,,,,,,,,,,,,,,,,,,,,,,,,,,,,146,4,256496,2690,158,40,0,right,1,19,19,0,14,,,,,14,,,,,,,,,,,,,,,,,,,,,,,,,,,,,,,,,,,,,,,,,,
1132.3275880420115,unswapping,,,,,,,,,,,,,,,,,,,,,,,,,,,,,,,,,,,,,,,,,,,,,,,146,4,256496,2690,158,40,1,both,0,20,20,0,0,,,,,14,,,,,,,,,,,,,,,,,,,,,,,,,,,,,,,,,,,,,,,,,,
1133.2195359169855,unswapping,,,,,,,,,,,,,,,,,,,,,,,,,,,,,,,,,,,,,,,,,,,,,,,146,4,256496,2690,158,40,1,both,1,19,19,0,0,,,,,14,,,,,,,,,,,,,,,,,,,,,,,,,,,,,,,,,,,,,,,,,,
1133.7041465829825,unswapping,,,,,,,,,,,,,,,,,,,,,,,,,,,,,,,,,,,,,,,,,,,,,,,146,4,256496,2690,158,40,1,left,0,20,20,0,0,,,,,14,,,,,,,,,,,,,,,,,,,,,,,,,,,,,,,,,,,,,,,,,,
1134.1291296249838,unswapping,,,,,,,,,,,,,,,,,,,,,,,,,,,,,,,,,,,,,,,,,,,,,,,146,4,256496,2690,158,40,1,left,1,19,19,0,0,,,,,14,,,,,,,,,,,,,,,,,,,,,,,,,,,,,,,,,,,,,,,,,,
1134.6172993750079,unswapping,,,,,,,,,,,,,,,,,,,,,,,,,,,,,,,,,,,,,,,,,,,,,,,146,4,256496,2690,158,40,1,right,0,20,20,0,0,,,,,14,,,,,,,,,,,,,,,,,,,,,,,,,,,,,,,,,,,,,,,,,,
1135.0644922499778,unswapping,,,,,,,,,,,,,,,,,,,,,,,,,,,,,,,,,,,,,,,,,,,,,,,146,4,256496,2690,158,40,1,right,1,19,19,0,0,,,,,14,,,,,,,,,,,,,,,,,,,,,,,,,,,,,,,,,,,,,,,,,,
1136.3259044170263,unswap_cycle_summary,,,,,,,,,,,,404,390,794,,,,,,,,,,,,,,,,,,,512,0.0006,,,,,,,,,,,,,146,4,256496,2690,158,40,,,,,,,,,,,,,,,,,,,,69,9.28335933299968,794,808,14,0,False,,,,,,,,,,,,,,,,,,,,,,,,,,,,
1136.5835584999877,rewiring,right,post_unswap,0.14918512501753867,29,False,False,,,,,,,,,,,,,,,,,,,,,,,,,,,,,,,,,,,,,,,,,,,,,,,,,,,,,,,,,,,,,,,,,,69,,,,,,,50,False,0,4,bond_profile,8,False,1,3150,"(388, 100, 10, 8, 17, 87, 28)",0.003048792073968798,0.1461109590018168,"[{'seed': 123, 'score': (493, 146, 13, 8, 15, 87, 24), 'num_layers': 24, 'total_swaps': 87, 'max_layer_swaps': 10, 'swap_only_layers': 15, 'work_layers': 9, 'unitary_layers': 9, 'first_work_layer': 1, 'leading_no_work_layers': 1, 'bond_profile_layers_scored': 8, 'bond_profile_total_cost': 493, 'bond_profile_max_cost': 146, 'bond_profile_gate_count': 13}, {'seed': 1132, 'score': (516, 146, 10, 8, 17, 87, 28), 'num_layers': 28, 'total_swaps': 87, 'max_layer_swaps': 10, 'swap_only_layers': 17, 'work_layers': 11, 'unitary_layers': 11, 'first_work_layer': 1, 'leading_no_work_layers': 1, 'bond_profile_layers_scored': 8, 'bond_profile_total_cost': 516, 'bond_profile_max_cost': 146, 'bond_profile_gate_count': 10}, {'seed': 2141, 'score': (474, 146, 10, 8, 17, 87, 28), 'num_layers': 28, 'total_swaps': 87, 'max_layer_swaps': 10, 'swap_only_layers': 17, 'work_layers': 11, 'unitary_layers': 11, 'first_work_layer': 1, 'leading_no_work_layers': 1, 'bond_profile_layers_scored': 8, 'bond_profile_total_cost': 474, 'bond_profile_max_cost': 146, 'bond_profile_gate_count': 10}, {'seed': 3150, 'score': (388, 100, 10, 8, 17, 87, 28), 'num_layers': 28, 'total_swaps': 87, 'max_layer_swaps': 9, 'swap_only_layers': 17, 'work_layers': 11, 'unitary_layers': 11, 'first_work_layer': 1, 'leading_no_work_layers': 1, 'bond_profile_layers_scored': 8, 'bond_profile_total_cost': 388, 'bond_profile_max_cost': 100, 'bond_profile_gate_count': 10}]",0.14917891600634903,0.14937916700728238,,,,,,,,,,,,,
1136.689440999995,cycle_progress,,,,,,,,,,,,404,390,794,,,,,,,,,,,,,,,,,,,512,0.0006,,256496,8,,,,,,,,,,146,4,256496,2690,158,40,,,,,,,,,,,,,,,,,,,,69,,794,808,14,0,False,,,,,,,,,,,,,,,0.14937916700728238,,,,,,,,,,,,,
1137.0340024579782,absorbing,,,,,,,R,0,1,0,28,404,390,794,9,0,0,0.0,0.23121120798168704,0.23121120798168704,0.23297691595507786,,305344,,146,False,False,False,False,305344,146,False,512,0.0006,,256496,9,total_elems,,305344,1,1,,,,0.0,146,4,305344,3050,158,40,,,,,,,,,,,,,,,,,,,,,,,,,,,,,,,,,,,,,,,,,,,,,,,,,,,,,,
1139.8888279580278,unswapping,,,,,,,,,,,,,,,,,,,,,,,,,,,,,,,,,,,,,,,,,,,,,,,146,4,292688,2912,158,40,0,both,0,20,20,5,5,,,,,0,,,,,,,,,,,,,,,,,,,,,,,,,,,,,,,,,,,,,,,,,,
1141.4123255420127,unswapping,,,,,,,,,,,,,,,,,,,,,,,,,,,,,,,,,,,,,,,,,,,,,,,146,4,270672,2788,158,40,0,both,1,19,19,2,7,,,,,0,,,,,,,,,,,,,,,,,,,,,,,,,,,,,,,,,,,,,,,,,,
1142.1276804169756,unswapping,,,,,,,,,,,,,,,,,,,,,,,,,,,,,,,,,,,,,,,,,,,,,,,146,4,264976,2738,158,40,0,left,0,20,20,4,11,,,,,8,,,,,,,,,,,,,,,,,,,,,,,,,,,,,,,,,,,,,,,,,,
1142.8415700829937,unswapping,,,,,,,,,,,,,,,,,,,,,,,,,,,,,,,,,,,,,,,,,,,,,,,146,4,258832,2706,158,40,0,left,1,19,19,1,12,,,,,10,,,,,,,,,,,,,,,,,,,,,,,,,,,,,,,,,,,,,,,,,,
1143.5070743749966,unswapping,,,,,,,,,,,,,,,,,,,,,,,,,,,,,,,,,,,,,,,,,,,,,,,146,4,256496,2690,158,40,0,right,0,20,20,2,14,,,,,14,,,,,,,,,,,,,,,,,,,,,,,,,,,,,,,,,,,,,,,,,,
1143.9646938749938,unswapping,,,,,,,,,,,,,,,,,,,,,,,,,,,,,,,,,,,,,,,,,,,,,,,146,4,256496,2690,158,40,0,right,1,19,19,0,14,,,,,14,,,,,,,,,,,,,,,,,,,,,,,,,,,,,,,,,,,,,,,,,,
1145.0900132079842,unswapping,,,,,,,,,,,,,,,,,,,,,,,,,,,,,,,,,,,,,,,,,,,,,,,146,4,256496,2690,158,40,1,both,0,20,20,0,0,,,,,14,,,,,,,,,,,,,,,,,,,,,,,,,,,,,,,,,,,,,,,,,,
1146.112294792023,unswapping,,,,,,,,,,,,,,,,,,,,,,,,,,,,,,,,,,,,,,,,,,,,,,,146,4,256496,2690,158,40,1,both,1,19,19,0,0,,,,,14,,,,,,,,,,,,,,,,,,,,,,,,,,,,,,,,,,,,,,,,,,
1146.6240083749872,unswapping,,,,,,,,,,,,,,,,,,,,,,,,,,,,,,,,,,,,,,,,,,,,,,,146,4,256496,2690,158,40,1,left,0,20,20,0,0,,,,,14,,,,,,,,,,,,,,,,,,,,,,,,,,,,,,,,,,,,,,,,,,
1147.0574871249846,unswapping,,,,,,,,,,,,,,,,,,,,,,,,,,,,,,,,,,,,,,,,,,,,,,,146,4,256496,2690,158,40,1,left,1,19,19,0,0,,,,,14,,,,,,,,,,,,,,,,,,,,,,,,,,,,,,,,,,,,,,,,,,
1147.5135835830006,unswapping,,,,,,,,,,,,,,,,,,,,,,,,,,,,,,,,,,,,,,,,,,,,,,,146,4,256496,2690,158,40,1,right,0,20,20,0,0,,,,,14,,,,,,,,,,,,,,,,,,,,,,,,,,,,,,,,,,,,,,,,,,
1147.9334381250083,unswapping,,,,,,,,,,,,,,,,,,,,,,,,,,,,,,,,,,,,,,,,,,,,,,,146,4,256496,2690,158,40,1,right,1,19,19,0,0,,,,,14,,,,,,,,,,,,,,,,,,,,,,,,,,,,,,,,,,,,,,,,,,
1149.1099136670236,unswap_cycle_summary,,,,,,,,,,,,404,390,794,,,,,,,,,,,,,,,,,,,512,0.0006,,,,,,,,,,,,,146,4,256496,2690,158,40,,,,,,,,,,,,,,,,,,,,70,10.414906458987389,794,808,14,0,False,,,,,,,,,,,,,,,,,,,,,,,,,,,,
1149.3490948330145,rewiring,right,post_unswap,0.14169054199010134,29,False,False,,,,,,,,,,,,,,,,,,,,,,,,,,,,,,,,,,,,,,,,,,,,,,,,,,,,,,,,,,,,,,,,,,70,,,,,,,50,False,0,4,bond_profile,8,False,1,3150,"(388, 100, 10, 8, 17, 87, 28)",0.0028039590106345713,0.13886308402288705,"[{'seed': 123, 'score': (493, 146, 13, 8, 15, 87, 24), 'num_layers': 24, 'total_swaps': 87, 'max_layer_swaps': 10, 'swap_only_layers': 15, 'work_layers': 9, 'unitary_layers': 9, 'first_work_layer': 1, 'leading_no_work_layers': 1, 'bond_profile_layers_scored': 8, 'bond_profile_total_cost': 493, 'bond_profile_max_cost': 146, 'bond_profile_gate_count': 13}, {'seed': 1132, 'score': (516, 146, 10, 8, 17, 87, 28), 'num_layers': 28, 'total_swaps': 87, 'max_layer_swaps': 10, 'swap_only_layers': 17, 'work_layers': 11, 'unitary_layers': 11, 'first_work_layer': 1, 'leading_no_work_layers': 1, 'bond_profile_layers_scored': 8, 'bond_profile_total_cost': 516, 'bond_profile_max_cost': 146, 'bond_profile_gate_count': 10}, {'seed': 2141, 'score': (474, 146, 10, 8, 17, 87, 28), 'num_layers': 28, 'total_swaps': 87, 'max_layer_swaps': 10, 'swap_only_layers': 17, 'work_layers': 11, 'unitary_layers': 11, 'first_work_layer': 1, 'leading_no_work_layers': 1, 'bond_profile_layers_scored': 8, 'bond_profile_total_cost': 474, 'bond_profile_max_cost': 146, 'bond_profile_gate_count': 10}, {'seed': 3150, 'score': (388, 100, 10, 8, 17, 87, 28), 'num_layers': 28, 'total_swaps': 87, 'max_layer_swaps': 9, 'swap_only_layers': 17, 'work_layers': 11, 'unitary_layers': 11, 'first_work_layer': 1, 'leading_no_work_layers': 1, 'bond_profile_layers_scored': 8, 'bond_profile_total_cost': 388, 'bond_profile_max_cost': 100, 'bond_profile_gate_count': 10}]",0.1416845410130918,0.14187191700330004,,,,,,,,,,,,,
1149.4446679580142,cycle_progress,,,,,,,,,,,,404,390,794,,,,,,,,,,,,,,,,,,,512,0.0006,,256496,9,,,,,,,,,,146,4,256496,2690,158,40,,,,,,,,,,,,,,,,,,,,70,,794,808,14,0,False,,,,,,,,,,,,,,,0.14187191700330004,,,,,,,,,,,,,
1149.7292924579815,absorbing,,,,,,,R,0,1,0,28,404,390,794,9,0,0,0.0,0.18581433402141556,0.18581433402141556,0.1873209999757819,,307904,,146,False,False,False,False,307904,146,False,512,0.0006,,256496,10,total_elems,,307904,1,1,,,,0.0,146,4,307904,3070,158,40,,,,,,,,,,,,,,,,,,,,,,,,,,,,,,,,,,,,,,,,,,,,,,,,,,,,,,
1151.8634799169959,unswapping,,,,,,,,,,,,,,,,,,,,,,,,,,,,,,,,,,,,,,,,,,,,,,,146,4,295248,2932,158,40,0,both,0,20,20,5,5,,,,,0,,,,,,,,,,,,,,,,,,,,,,,,,,,,,,,,,,,,,,,,,,
1153.3410224579857,unswapping,,,,,,,,,,,,,,,,,,,,,,,,,,,,,,,,,,,,,,,,,,,,,,,146,4,270672,2788,158,40,0,both,1,19,19,2,7,,,,,0,,,,,,,,,,,,,,,,,,,,,,,,,,,,,,,,,,,,,,,,,,
1154.0390737080015,unswapping,,,,,,,,,,,,,,,,,,,,,,,,,,,,,,,,,,,,,,,,,,,,,,,146,4,264976,2738,158,40,0,left,0,20,20,4,11,,,,,8,,,,,,,,,,,,,,,,,,,,,,,,,,,,,,,,,,,,,,,,,,
1154.665717958007,unswapping,,,,,,,,,,,,,,,,,,,,,,,,,,,,,,,,,,,,,,,,,,,,,,,146,4,258832,2706,158,40,0,left,1,19,19,1,12,,,,,10,,,,,,,,,,,,,,,,,,,,,,,,,,,,,,,,,,,,,,,,,,
1155.2908716669772,unswapping,,,,,,,,,,,,,,,,,,,,,,,,,,,,,,,,,,,,,,,,,,,,,,,146,4,256496,2690,158,40,0,right,0,20,20,2,14,,,,,14,,,,,,,,,,,,,,,,,,,,,,,,,,,,,,,,,,,,,,,,,,
1155.7601934170234,unswapping,,,,,,,,,,,,,,,,,,,,,,,,,,,,,,,,,,,,,,,,,,,,,,,146,4,256496,2690,158,40,0,right,1,19,19,0,14,,,,,14,,,,,,,,,,,,,,,,,,,,,,,,,,,,,,,,,,,,,,,,,,
1156.7739710420137,unswapping,,,,,,,,,,,,,,,,,,,,,,,,,,,,,,,,,,,,,,,,,,,,,,,146,4,256496,2690,158,40,1,both,0,20,20,0,0,,,,,14,,,,,,,,,,,,,,,,,,,,,,,,,,,,,,,,,,,,,,,,,,
1157.6199117919896,unswapping,,,,,,,,,,,,,,,,,,,,,,,,,,,,,,,,,,,,,,,,,,,,,,,146,4,256496,2690,158,40,1,both,1,19,19,0,0,,,,,14,,,,,,,,,,,,,,,,,,,,,,,,,,,,,,,,,,,,,,,,,,
1158.0895838330034,unswapping,,,,,,,,,,,,,,,,,,,,,,,,,,,,,,,,,,,,,,,,,,,,,,,146,4,256496,2690,158,40,1,left,0,20,20,0,0,,,,,14,,,,,,,,,,,,,,,,,,,,,,,,,,,,,,,,,,,,,,,,,,
1158.5262214579852,unswapping,,,,,,,,,,,,,,,,,,,,,,,,,,,,,,,,,,,,,,,,,,,,,,,146,4,256496,2690,158,40,1,left,1,19,19,0,0,,,,,14,,,,,,,,,,,,,,,,,,,,,,,,,,,,,,,,,,,,,,,,,,
1159.0113826669985,unswapping,,,,,,,,,,,,,,,,,,,,,,,,,,,,,,,,,,,,,,,,,,,,,,,146,4,256496,2690,158,40,1,right,0,20,20,0,0,,,,,14,,,,,,,,,,,,,,,,,,,,,,,,,,,,,,,,,,,,,,,,,,
1159.4763859999948,unswapping,,,,,,,,,,,,,,,,,,,,,,,,,,,,,,,,,,,,,,,,,,,,,,,146,4,256496,2690,158,40,1,right,1,19,19,0,0,,,,,14,,,,,,,,,,,,,,,,,,,,,,,,,,,,,,,,,,,,,,,,,,
1160.7380142079783,unswap_cycle_summary,,,,,,,,,,,,404,390,794,,,,,,,,,,,,,,,,,,,512,0.0006,,,,,,,,,,,,,146,4,256496,2690,158,40,,,,,,,,,,,,,,,,,,,,71,9.344181834021583,794,808,14,0,False,,,,,,,,,,,,,,,,,,,,,,,,,,,,
1160.9989187080064,rewiring,right,post_unswap,0.15500579198123887,29,False,False,,,,,,,,,,,,,,,,,,,,,,,,,,,,,,,,,,,,,,,,,,,,,,,,,,,,,,,,,,,,,,,,,,71,,,,,,,50,False,0,4,bond_profile,8,False,1,3150,"(388, 100, 10, 8, 17, 87, 28)",0.0029441240476444364,0.15203483204822987,"[{'seed': 123, 'score': (493, 146, 13, 8, 15, 87, 24), 'num_layers': 24, 'total_swaps': 87, 'max_layer_swaps': 10, 'swap_only_layers': 15, 'work_layers': 9, 'unitary_layers': 9, 'first_work_layer': 1, 'leading_no_work_layers': 1, 'bond_profile_layers_scored': 8, 'bond_profile_total_cost': 493, 'bond_profile_max_cost': 146, 'bond_profile_gate_count': 13}, {'seed': 1132, 'score': (516, 146, 10, 8, 17, 87, 28), 'num_layers': 28, 'total_swaps': 87, 'max_layer_swaps': 10, 'swap_only_layers': 17, 'work_layers': 11, 'unitary_layers': 11, 'first_work_layer': 1, 'leading_no_work_layers': 1, 'bond_profile_layers_scored': 8, 'bond_profile_total_cost': 516, 'bond_profile_max_cost': 146, 'bond_profile_gate_count': 10}, {'seed': 2141, 'score': (474, 146, 10, 8, 17, 87, 28), 'num_layers': 28, 'total_swaps': 87, 'max_layer_swaps': 10, 'swap_only_layers': 17, 'work_layers': 11, 'unitary_layers': 11, 'first_work_layer': 1, 'leading_no_work_layers': 1, 'bond_profile_layers_scored': 8, 'bond_profile_total_cost': 474, 'bond_profile_max_cost': 146, 'bond_profile_gate_count': 10}, {'seed': 3150, 'score': (388, 100, 10, 8, 17, 87, 28), 'num_layers': 28, 'total_swaps': 87, 'max_layer_swaps': 9, 'swap_only_layers': 17, 'work_layers': 11, 'unitary_layers': 11, 'first_work_layer': 1, 'leading_no_work_layers': 1, 'bond_profile_layers_scored': 8, 'bond_profile_total_cost': 388, 'bond_profile_max_cost': 100, 'bond_profile_gate_count': 10}]",0.15499895898392424,0.15526112500810996,,,,,,,,,,,,,
1161.104943000013,cycle_progress,,,,,,,,,,,,404,390,794,,,,,,,,,,,,,,,,,,,512,0.0006,,256496,10,,,,,,,,,,146,4,256496,2690,158,40,,,,,,,,,,,,,,,,,,,,71,,794,808,14,0,False,,,,,,,,,,,,,,,0.15526112500810996,,,,,,,,,,,,,
1161.4328304170049,absorbing,,,,,,,R,0,1,0,28,404,390,794,9,0,0,0.0,0.22329470800468698,0.22329470800468698,0.2254016250371933,,305344,,146,False,False,False,False,305344,146,False,512,0.0006,,256496,11,total_elems,,305344,1,1,,,,0.0,146,4,305344,3050,158,40,,,,,,,,,,,,,,,,,,,,,,,,,,,,,,,,,,,,,,,,,,,,,,,,,,,,,,
1163.9639357079868,unswapping,,,,,,,,,,,,,,,,,,,,,,,,,,,,,,,,,,,,,,,,,,,,,,,146,4,292688,2912,158,40,0,both,0,20,20,5,5,,,,,0,,,,,,,,,,,,,,,,,,,,,,,,,,,,,,,,,,,,,,,,,,
1165.5113003330189,unswapping,,,,,,,,,,,,,,,,,,,,,,,,,,,,,,,,,,,,,,,,,,,,,,,146,4,270672,2788,158,40,0,both,1,19,19,2,7,,,,,0,,,,,,,,,,,,,,,,,,,,,,,,,,,,,,,,,,,,,,,,,,
1166.2991139169899,unswapping,,,,,,,,,,,,,,,,,,,,,,,,,,,,,,,,,,,,,,,,,,,,,,,146,4,264976,2738,158,40,0,left,0,20,20,4,11,,,,,8,,,,,,,,,,,,,,,,,,,,,,,,,,,,,,,,,,,,,,,,,,
1166.9316658329917,unswapping,,,,,,,,,,,,,,,,,,,,,,,,,,,,,,,,,,,,,,,,,,,,,,,146,4,258832,2706,158,40,0,left,1,19,19,1,12,,,,,10,,,,,,,,,,,,,,,,,,,,,,,,,,,,,,,,,,,,,,,,,,
1167.5575250419788,unswapping,,,,,,,,,,,,,,,,,,,,,,,,,,,,,,,,,,,,,,,,,,,,,,,146,4,256496,2690,158,40,0,right,0,20,20,2,14,,,,,14,,,,,,,,,,,,,,,,,,,,,,,,,,,,,,,,,,,,,,,,,,
1168.0198887499864,unswapping,,,,,,,,,,,,,,,,,,,,,,,,,,,,,,,,,,,,,,,,,,,,,,,146,4,256496,2690,158,40,0,right,1,19,19,0,14,,,,,14,,,,,,,,,,,,,,,,,,,,,,,,,,,,,,,,,,,,,,,,,,
1169.1106099170283,unswapping,,,,,,,,,,,,,,,,,,,,,,,,,,,,,,,,,,,,,,,,,,,,,,,146,4,256496,2690,158,40,1,both,0,20,20,0,0,,,,,14,,,,,,,,,,,,,,,,,,,,,,,,,,,,,,,,,,,,,,,,,,
1170.015555125021,unswapping,,,,,,,,,,,,,,,,,,,,,,,,,,,,,,,,,,,,,,,,,,,,,,,146,4,256496,2690,158,40,1,both,1,19,19,0,0,,,,,14,,,,,,,,,,,,,,,,,,,,,,,,,,,,,,,,,,,,,,,,,,
1170.544374292018,unswapping,,,,,,,,,,,,,,,,,,,,,,,,,,,,,,,,,,,,,,,,,,,,,,,146,4,256496,2690,158,40,1,left,0,20,20,0,0,,,,,14,,,,,,,,,,,,,,,,,,,,,,,,,,,,,,,,,,,,,,,,,,
1170.9459732500254,unswapping,,,,,,,,,,,,,,,,,,,,,,,,,,,,,,,,,,,,,,,,,,,,,,,146,4,256496,2690,158,40,1,left,1,19,19,0,0,,,,,14,,,,,,,,,,,,,,,,,,,,,,,,,,,,,,,,,,,,,,,,,,
1171.4042541669914,unswapping,,,,,,,,,,,,,,,,,,,,,,,,,,,,,,,,,,,,,,,,,,,,,,,146,4,256496,2690,158,40,1,right,0,20,20,0,0,,,,,14,,,,,,,,,,,,,,,,,,,,,,,,,,,,,,,,,,,,,,,,,,
1171.8282521669753,unswapping,,,,,,,,,,,,,,,,,,,,,,,,,,,,,,,,,,,,,,,,,,,,,,,146,4,256496,2690,158,40,1,right,1,19,19,0,0,,,,,14,,,,,,,,,,,,,,,,,,,,,,,,,,,,,,,,,,,,,,,,,,
1172.9978712919983,unswap_cycle_summary,,,,,,,,,,,,404,390,794,,,,,,,,,,,,,,,,,,,512,0.0006,,,,,,,,,,,,,146,4,256496,2690,158,40,,,,,,,,,,,,,,,,,,,,72,9.893788875022437,794,808,14,0,False,,,,,,,,,,,,,,,,,,,,,,,,,,,,
1173.3303623329848,rewiring,right,post_unswap,0.23144441697513685,29,False,False,,,,,,,,,,,,,,,,,,,,,,,,,,,,,,,,,,,,,,,,,,,,,,,,,,,,,,,,,,,,,,,,,,72,,,,,,,50,False,0,4,bond_profile,8,False,1,3150,"(388, 100, 10, 8, 17, 87, 28)",0.0031582919764332473,0.22824879101244733,"[{'seed': 123, 'score': (493, 146, 13, 8, 15, 87, 24), 'num_layers': 24, 'total_swaps': 87, 'max_layer_swaps': 10, 'swap_only_layers': 15, 'work_layers': 9, 'unitary_layers': 9, 'first_work_layer': 1, 'leading_no_work_layers': 1, 'bond_profile_layers_scored': 8, 'bond_profile_total_cost': 493, 'bond_profile_max_cost': 146, 'bond_profile_gate_count': 13}, {'seed': 1132, 'score': (516, 146, 10, 8, 17, 87, 28), 'num_layers': 28, 'total_swaps': 87, 'max_layer_swaps': 10, 'swap_only_layers': 17, 'work_layers': 11, 'unitary_layers': 11, 'first_work_layer': 1, 'leading_no_work_layers': 1, 'bond_profile_layers_scored': 8, 'bond_profile_total_cost': 516, 'bond_profile_max_cost': 146, 'bond_profile_gate_count': 10}, {'seed': 2141, 'score': (474, 146, 10, 8, 17, 87, 28), 'num_layers': 28, 'total_swaps': 87, 'max_layer_swaps': 10, 'swap_only_layers': 17, 'work_layers': 11, 'unitary_layers': 11, 'first_work_layer': 1, 'leading_no_work_layers': 1, 'bond_profile_layers_scored': 8, 'bond_profile_total_cost': 474, 'bond_profile_max_cost': 146, 'bond_profile_gate_count': 10}, {'seed': 3150, 'score': (388, 100, 10, 8, 17, 87, 28), 'num_layers': 28, 'total_swaps': 87, 'max_layer_swaps': 9, 'swap_only_layers': 17, 'work_layers': 11, 'unitary_layers': 11, 'first_work_layer': 1, 'leading_no_work_layers': 1, 'bond_profile_layers_scored': 8, 'bond_profile_total_cost': 388, 'bond_profile_max_cost': 100, 'bond_profile_gate_count': 10}]",0.23143312497995794,0.2317778749857098,,,,,,,,,,,,,
1173.4342342499876,cycle_progress,,,,,,,,,,,,404,390,794,,,,,,,,,,,,,,,,,,,512,0.0006,,256496,11,,,,,,,,,,146,4,256496,2690,158,40,,,,,,,,,,,,,,,,,,,,72,,794,808,14,0,False,,,,,,,,,,,,,,,0.2317778749857098,,,,,,,,,,,,,
1173.787976957974,absorbing,,,,,,,R,0,1,0,28,404,390,794,9,0,0,0.0,0.24290458398172632,0.24290458398172632,0.2470528749981895,,307904,,146,False,False,False,False,307904,146,False,512,0.0006,,256496,12,total_elems,,307904,1,1,,,,0.0,146,4,307904,3070,158,40,,,,,,,,,,,,,,,,,,,,,,,,,,,,,,,,,,,,,,,,,,,,,,,,,,,,,,
1176.1059251669794,unswapping,,,,,,,,,,,,,,,,,,,,,,,,,,,,,,,,,,,,,,,,,,,,,,,146,4,295248,2932,158,40,0,both,0,20,20,5,5,,,,,0,,,,,,,,,,,,,,,,,,,,,,,,,,,,,,,,,,,,,,,,,,
1177.5530049999943,unswapping,,,,,,,,,,,,,,,,,,,,,,,,,,,,,,,,,,,,,,,,,,,,,,,146,4,270672,2788,158,40,0,both,1,19,19,2,7,,,,,0,,,,,,,,,,,,,,,,,,,,,,,,,,,,,,,,,,,,,,,,,,
1178.1728386249742,unswapping,,,,,,,,,,,,,,,,,,,,,,,,,,,,,,,,,,,,,,,,,,,,,,,146,4,264976,2738,158,40,0,left,0,20,20,4,11,,,,,8,,,,,,,,,,,,,,,,,,,,,,,,,,,,,,,,,,,,,,,,,,
1178.752602417022,unswapping,,,,,,,,,,,,,,,,,,,,,,,,,,,,,,,,,,,,,,,,,,,,,,,146,4,258832,2706,158,40,0,left,1,19,19,1,12,,,,,10,,,,,,,,,,,,,,,,,,,,,,,,,,,,,,,,,,,,,,,,,,
1179.3716179580078,unswapping,,,,,,,,,,,,,,,,,,,,,,,,,,,,,,,,,,,,,,,,,,,,,,,146,4,256496,2690,158,40,0,right,0,20,20,2,14,,,,,14,,,,,,,,,,,,,,,,,,,,,,,,,,,,,,,,,,,,,,,,,,
1179.810733292019,unswapping,,,,,,,,,,,,,,,,,,,,,,,,,,,,,,,,,,,,,,,,,,,,,,,146,4,256496,2690,158,40,0,right,1,19,19,0,14,,,,,14,,,,,,,,,,,,,,,,,,,,,,,,,,,,,,,,,,,,,,,,,,
1180.8901526670088,unswapping,,,,,,,,,,,,,,,,,,,,,,,,,,,,,,,,,,,,,,,,,,,,,,,146,4,256496,2690,158,40,1,both,0,20,20,0,0,,,,,14,,,,,,,,,,,,,,,,,,,,,,,,,,,,,,,,,,,,,,,,,,
1181.81072579202,unswapping,,,,,,,,,,,,,,,,,,,,,,,,,,,,,,,,,,,,,,,,,,,,,,,146,4,256496,2690,158,40,1,both,1,19,19,0,0,,,,,14,,,,,,,,,,,,,,,,,,,,,,,,,,,,,,,,,,,,,,,,,,
1182.364655958023,unswapping,,,,,,,,,,,,,,,,,,,,,,,,,,,,,,,,,,,,,,,,,,,,,,,146,4,256496,2690,158,40,1,left,0,20,20,0,0,,,,,14,,,,,,,,,,,,,,,,,,,,,,,,,,,,,,,,,,,,,,,,,,
1182.8625089579728,unswapping,,,,,,,,,,,,,,,,,,,,,,,,,,,,,,,,,,,,,,,,,,,,,,,146,4,256496,2690,158,40,1,left,1,19,19,0,0,,,,,14,,,,,,,,,,,,,,,,,,,,,,,,,,,,,,,,,,,,,,,,,,
1183.3754006670206,unswapping,,,,,,,,,,,,,,,,,,,,,,,,,,,,,,,,,,,,,,,,,,,,,,,146,4,256496,2690,158,40,1,right,0,20,20,0,0,,,,,14,,,,,,,,,,,,,,,,,,,,,,,,,,,,,,,,,,,,,,,,,,
1183.9110053749755,unswapping,,,,,,,,,,,,,,,,,,,,,,,,,,,,,,,,,,,,,,,,,,,,,,,146,4,256496,2690,158,40,1,right,1,19,19,0,0,,,,,14,,,,,,,,,,,,,,,,,,,,,,,,,,,,,,,,,,,,,,,,,,
1185.2177249580272,unswap_cycle_summary,,,,,,,,,,,,404,390,794,,,,,,,,,,,,,,,,,,,512,0.0006,,,,,,,,,,,,,146,4,256496,2690,158,40,,,,,,,,,,,,,,,,,,,,73,9.66910341696348,794,808,14,0,False,,,,,,,,,,,,,,,,,,,,,,,,,,,,
1185.5104241250083,rewiring,right,post_unswap,0.1851954169687815,29,False,False,,,,,,,,,,,,,,,,,,,,,,,,,,,,,,,,,,,,,,,,,,,,,,,,,,,,,,,,,,,,,,,,,,73,,,,,,,50,False,0,4,bond_profile,8,False,1,3150,"(388, 100, 10, 8, 17, 87, 28)",0.0032707059290260077,0.18189254205208272,"[{'seed': 123, 'score': (493, 146, 13, 8, 15, 87, 24), 'num_layers': 24, 'total_swaps': 87, 'max_layer_swaps': 10, 'swap_only_layers': 15, 'work_layers': 9, 'unitary_layers': 9, 'first_work_layer': 1, 'leading_no_work_layers': 1, 'bond_profile_layers_scored': 8, 'bond_profile_total_cost': 493, 'bond_profile_max_cost': 146, 'bond_profile_gate_count': 13}, {'seed': 1132, 'score': (516, 146, 10, 8, 17, 87, 28), 'num_layers': 28, 'total_swaps': 87, 'max_layer_swaps': 10, 'swap_only_layers': 17, 'work_layers': 11, 'unitary_layers': 11, 'first_work_layer': 1, 'leading_no_work_layers': 1, 'bond_profile_layers_scored': 8, 'bond_profile_total_cost': 516, 'bond_profile_max_cost': 146, 'bond_profile_gate_count': 10}, {'seed': 2141, 'score': (474, 146, 10, 8, 17, 87, 28), 'num_layers': 28, 'total_swaps': 87, 'max_layer_swaps': 10, 'swap_only_layers': 17, 'work_layers': 11, 'unitary_layers': 11, 'first_work_layer': 1, 'leading_no_work_layers': 1, 'bond_profile_layers_scored': 8, 'bond_profile_total_cost': 474, 'bond_profile_max_cost': 146, 'bond_profile_gate_count': 10}, {'seed': 3150, 'score': (388, 100, 10, 8, 17, 87, 28), 'num_layers': 28, 'total_swaps': 87, 'max_layer_swaps': 9, 'swap_only_layers': 17, 'work_layers': 11, 'unitary_layers': 11, 'first_work_layer': 1, 'leading_no_work_layers': 1, 'bond_profile_layers_scored': 8, 'bond_profile_total_cost': 388, 'bond_profile_max_cost': 100, 'bond_profile_gate_count': 10}]",0.18518854101421311,0.18543895898619667,,,,,,,,,,,,,
1185.6202659169794,cycle_progress,,,,,,,,,,,,404,390,794,,,,,,,,,,,,,,,,,,,512,0.0006,,256496,12,,,,,,,,,,146,4,256496,2690,158,40,,,,,,,,,,,,,,,,,,,,73,,794,808,14,0,False,,,,,,,,,,,,,,,0.18543895898619667,,,,,,,,,,,,,
1185.9367792499834,absorbing,,,,,,,R,0,1,0,28,404,390,794,9,0,0,0.0,0.2050778329721652,0.2050778329721652,0.20717666600830853,,305344,,146,False,False,False,False,305344,146,False,512,0.0006,,256496,13,total_elems,,305344,1,1,,,,0.0,146,4,305344,3050,158,40,,,,,,,,,,,,,,,,,,,,,,,,,,,,,,,,,,,,,,,,,,,,,,,,,,,,,,
1188.3379139999743,unswapping,,,,,,,,,,,,,,,,,,,,,,,,,,,,,,,,,,,,,,,,,,,,,,,146,4,292688,2912,158,40,0,both,0,20,20,5,5,,,,,0,,,,,,,,,,,,,,,,,,,,,,,,,,,,,,,,,,,,,,,,,,
1189.8468395830132,unswapping,,,,,,,,,,,,,,,,,,,,,,,,,,,,,,,,,,,,,,,,,,,,,,,146,4,270672,2788,158,40,0,both,1,19,19,2,7,,,,,0,,,,,,,,,,,,,,,,,,,,,,,,,,,,,,,,,,,,,,,,,,
1190.5872552079963,unswapping,,,,,,,,,,,,,,,,,,,,,,,,,,,,,,,,,,,,,,,,,,,,,,,146,4,264976,2738,158,40,0,left,0,20,20,4,11,,,,,8,,,,,,,,,,,,,,,,,,,,,,,,,,,,,,,,,,,,,,,,,,
1191.2539070000057,unswapping,,,,,,,,,,,,,,,,,,,,,,,,,,,,,,,,,,,,,,,,,,,,,,,146,4,258832,2706,158,40,0,left,1,19,19,1,12,,,,,10,,,,,,,,,,,,,,,,,,,,,,,,,,,,,,,,,,,,,,,,,,
1191.9037408329896,unswapping,,,,,,,,,,,,,,,,,,,,,,,,,,,,,,,,,,,,,,,,,,,,,,,146,4,256496,2690,158,40,0,right,0,20,20,2,14,,,,,14,,,,,,,,,,,,,,,,,,,,,,,,,,,,,,,,,,,,,,,,,,
1192.3626791249844,unswapping,,,,,,,,,,,,,,,,,,,,,,,,,,,,,,,,,,,,,,,,,,,,,,,146,4,256496,2690,158,40,0,right,1,19,19,0,14,,,,,14,,,,,,,,,,,,,,,,,,,,,,,,,,,,,,,,,,,,,,,,,,
1193.4563776249997,unswapping,,,,,,,,,,,,,,,,,,,,,,,,,,,,,,,,,,,,,,,,,,,,,,,146,4,256496,2690,158,40,1,both,0,20,20,0,0,,,,,14,,,,,,,,,,,,,,,,,,,,,,,,,,,,,,,,,,,,,,,,,,
1194.4665275830193,unswapping,,,,,,,,,,,,,,,,,,,,,,,,,,,,,,,,,,,,,,,,,,,,,,,146,4,256496,2690,158,40,1,both,1,19,19,0,0,,,,,14,,,,,,,,,,,,,,,,,,,,,,,,,,,,,,,,,,,,,,,,,,
1194.9899341249838,unswapping,,,,,,,,,,,,,,,,,,,,,,,,,,,,,,,,,,,,,,,,,,,,,,,146,4,256496,2690,158,40,1,left,0,20,20,0,0,,,,,14,,,,,,,,,,,,,,,,,,,,,,,,,,,,,,,,,,,,,,,,,,
1195.4256738330005,unswapping,,,,,,,,,,,,,,,,,,,,,,,,,,,,,,,,,,,,,,,,,,,,,,,146,4,256496,2690,158,40,1,left,1,19,19,0,0,,,,,14,,,,,,,,,,,,,,,,,,,,,,,,,,,,,,,,,,,,,,,,,,
1195.9045592920156,unswapping,,,,,,,,,,,,,,,,,,,,,,,,,,,,,,,,,,,,,,,,,,,,,,,146,4,256496,2690,158,40,1,right,0,20,20,0,0,,,,,14,,,,,,,,,,,,,,,,,,,,,,,,,,,,,,,,,,,,,,,,,,
1196.3656305000186,unswapping,,,,,,,,,,,,,,,,,,,,,,,,,,,,,,,,,,,,,,,,,,,,,,,146,4,256496,2690,158,40,1,right,1,19,19,0,0,,,,,14,,,,,,,,,,,,,,,,,,,,,,,,,,,,,,,,,,,,,,,,,,
1197.578122582985,unswap_cycle_summary,,,,,,,,,,,,404,390,794,,,,,,,,,,,,,,,,,,,512,0.0006,,,,,,,,,,,,,146,4,256496,2690,158,40,,,,,,,,,,,,,,,,,,,,74,9.942400333995465,794,808,14,0,False,,,,,,,,,,,,,,,,,,,,,,,,,,,,
1197.8252492499887,rewiring,right,post_unswap,0.1471188750001602,29,False,False,,,,,,,,,,,,,,,,,,,,,,,,,,,,,,,,,,,,,,,,,,,,,,,,,,,,,,,,,,,,,,,,,,74,,,,,,,50,False,0,4,bond_profile,8,False,1,3150,"(388, 100, 10, 8, 17, 87, 28)",0.002825999981723726,0.14426874998025596,"[{'seed': 123, 'score': (493, 146, 13, 8, 15, 87, 24), 'num_layers': 24, 'total_swaps': 87, 'max_layer_swaps': 10, 'swap_only_layers': 15, 'work_layers': 9, 'unitary_layers': 9, 'first_work_layer': 1, 'leading_no_work_layers': 1, 'bond_profile_layers_scored': 8, 'bond_profile_total_cost': 493, 'bond_profile_max_cost': 146, 'bond_profile_gate_count': 13}, {'seed': 1132, 'score': (516, 146, 10, 8, 17, 87, 28), 'num_layers': 28, 'total_swaps': 87, 'max_layer_swaps': 10, 'swap_only_layers': 17, 'work_layers': 11, 'unitary_layers': 11, 'first_work_layer': 1, 'leading_no_work_layers': 1, 'bond_profile_layers_scored': 8, 'bond_profile_total_cost': 516, 'bond_profile_max_cost': 146, 'bond_profile_gate_count': 10}, {'seed': 2141, 'score': (474, 146, 10, 8, 17, 87, 28), 'num_layers': 28, 'total_swaps': 87, 'max_layer_swaps': 10, 'swap_only_layers': 17, 'work_layers': 11, 'unitary_layers': 11, 'first_work_layer': 1, 'leading_no_work_layers': 1, 'bond_profile_layers_scored': 8, 'bond_profile_total_cost': 474, 'bond_profile_max_cost': 146, 'bond_profile_gate_count': 10}, {'seed': 3150, 'score': (388, 100, 10, 8, 17, 87, 28), 'num_layers': 28, 'total_swaps': 87, 'max_layer_swaps': 9, 'swap_only_layers': 17, 'work_layers': 11, 'unitary_layers': 11, 'first_work_layer': 1, 'leading_no_work_layers': 1, 'bond_profile_layers_scored': 8, 'bond_profile_total_cost': 388, 'bond_profile_max_cost': 100, 'bond_profile_gate_count': 10}]",0.1471130410209298,0.14729716698639095,,,,,,,,,,,,,
1197.948663417017,cycle_progress,,,,,,,,,,,,404,390,794,,,,,,,,,,,,,,,,,,,512,0.0006,,256496,13,,,,,,,,,,146,4,256496,2690,158,40,,,,,,,,,,,,,,,,,,,,74,,794,808,14,0,False,,,,,,,,,,,,,,,0.14729716698639095,,,,,,,,,,,,,
1198.2785106669762,absorbing,,,,,,,R,0,1,0,28,404,390,794,9,0,0,0.0,0.21625316696008667,0.21625316696008667,0.21754595899255946,,307904,,146,False,False,False,False,307904,146,False,512,0.0006,,256496,14,total_elems,,307904,1,1,,,,0.0,146,4,307904,3070,158,40,,,,,,,,,,,,,,,,,,,,,,,,,,,,,,,,,,,,,,,,,,,,,,,,,,,,,,
1200.8222814999754,unswapping,,,,,,,,,,,,,,,,,,,,,,,,,,,,,,,,,,,,,,,,,,,,,,,146,4,295248,2932,158,40,0,both,0,20,20,5,5,,,,,0,,,,,,,,,,,,,,,,,,,,,,,,,,,,,,,,,,,,,,,,,,
1202.763908791996,unswapping,,,,,,,,,,,,,,,,,,,,,,,,,,,,,,,,,,,,,,,,,,,,,,,146,4,270672,2788,158,40,0,both,1,19,19,2,7,,,,,0,,,,,,,,,,,,,,,,,,,,,,,,,,,,,,,,,,,,,,,,,,
1203.4897602919955,unswapping,,,,,,,,,,,,,,,,,,,,,,,,,,,,,,,,,,,,,,,,,,,,,,,146,4,264976,2738,158,40,0,left,0,20,20,4,11,,,,,8,,,,,,,,,,,,,,,,,,,,,,,,,,,,,,,,,,,,,,,,,,
1204.102510083001,unswapping,,,,,,,,,,,,,,,,,,,,,,,,,,,,,,,,,,,,,,,,,,,,,,,146,4,258832,2706,158,40,0,left,1,19,19,1,12,,,,,10,,,,,,,,,,,,,,,,,,,,,,,,,,,,,,,,,,,,,,,,,,
1204.7040890000062,unswapping,,,,,,,,,,,,,,,,,,,,,,,,,,,,,,,,,,,,,,,,,,,,,,,146,4,256496,2690,158,40,0,right,0,20,20,2,14,,,,,14,,,,,,,,,,,,,,,,,,,,,,,,,,,,,,,,,,,,,,,,,,
1205.1927557080053,unswapping,,,,,,,,,,,,,,,,,,,,,,,,,,,,,,,,,,,,,,,,,,,,,,,146,4,256496,2690,158,40,0,right,1,19,19,0,14,,,,,14,,,,,,,,,,,,,,,,,,,,,,,,,,,,,,,,,,,,,,,,,,
1206.7160667079734,unswapping,,,,,,,,,,,,,,,,,,,,,,,,,,,,,,,,,,,,,,,,,,,,,,,146,4,256496,2690,158,40,1,both,0,20,20,0,0,,,,,14,,,,,,,,,,,,,,,,,,,,,,,,,,,,,,,,,,,,,,,,,,
1208.0520144579932,unswapping,,,,,,,,,,,,,,,,,,,,,,,,,,,,,,,,,,,,,,,,,,,,,,,146,4,256496,2690,158,40,1,both,1,19,19,0,0,,,,,14,,,,,,,,,,,,,,,,,,,,,,,,,,,,,,,,,,,,,,,,,,
1208.8067585829995,unswapping,,,,,,,,,,,,,,,,,,,,,,,,,,,,,,,,,,,,,,,,,,,,,,,146,4,256496,2690,158,40,1,left,0,20,20,0,0,,,,,14,,,,,,,,,,,,,,,,,,,,,,,,,,,,,,,,,,,,,,,,,,
1209.4407796669984,unswapping,,,,,,,,,,,,,,,,,,,,,,,,,,,,,,,,,,,,,,,,,,,,,,,146,4,256496,2690,158,40,1,left,1,19,19,0,0,,,,,14,,,,,,,,,,,,,,,,,,,,,,,,,,,,,,,,,,,,,,,,,,
1210.0841310420074,unswapping,,,,,,,,,,,,,,,,,,,,,,,,,,,,,,,,,,,,,,,,,,,,,,,146,4,256496,2690,158,40,1,right,0,20,20,0,0,,,,,14,,,,,,,,,,,,,,,,,,,,,,,,,,,,,,,,,,,,,,,,,,
1210.5832175419782,unswapping,,,,,,,,,,,,,,,,,,,,,,,,,,,,,,,,,,,,,,,,,,,,,,,146,4,256496,2690,158,40,1,right,1,19,19,0,0,,,,,14,,,,,,,,,,,,,,,,,,,,,,,,,,,,,,,,,,,,,,,,,,
1211.8964679170167,unswap_cycle_summary,,,,,,,,,,,,404,390,794,,,,,,,,,,,,,,,,,,,512,0.0006,,,,,,,,,,,,,146,4,256496,2690,158,40,,,,,,,,,,,,,,,,,,,,75,11.823421916982625,794,808,14,0,False,,,,,,,,,,,,,,,,,,,,,,,,,,,,
1212.176165791985,rewiring,right,post_unswap,0.1742562919971533,29,False,False,,,,,,,,,,,,,,,,,,,,,,,,,,,,,,,,,,,,,,,,,,,,,,,,,,,,,,,,,,,,,,,,,,75,,,,,,,50,False,0,4,bond_profile,8,False,1,3150,"(388, 100, 10, 8, 17, 87, 28)",0.0034739169641397893,0.1707554990425706,"[{'seed': 123, 'score': (493, 146, 13, 8, 15, 87, 24), 'num_layers': 24, 'total_swaps': 87, 'max_layer_swaps': 10, 'swap_only_layers': 15, 'work_layers': 9, 'unitary_layers': 9, 'first_work_layer': 1, 'leading_no_work_layers': 1, 'bond_profile_layers_scored': 8, 'bond_profile_total_cost': 493, 'bond_profile_max_cost': 146, 'bond_profile_gate_count': 13}, {'seed': 1132, 'score': (516, 146, 10, 8, 17, 87, 28), 'num_layers': 28, 'total_swaps': 87, 'max_layer_swaps': 10, 'swap_only_layers': 17, 'work_layers': 11, 'unitary_layers': 11, 'first_work_layer': 1, 'leading_no_work_layers': 1, 'bond_profile_layers_scored': 8, 'bond_profile_total_cost': 516, 'bond_profile_max_cost': 146, 'bond_profile_gate_count': 10}, {'seed': 2141, 'score': (474, 146, 10, 8, 17, 87, 28), 'num_layers': 28, 'total_swaps': 87, 'max_layer_swaps': 10, 'swap_only_layers': 17, 'work_layers': 11, 'unitary_layers': 11, 'first_work_layer': 1, 'leading_no_work_layers': 1, 'bond_profile_layers_scored': 8, 'bond_profile_total_cost': 474, 'bond_profile_max_cost': 146, 'bond_profile_gate_count': 10}, {'seed': 3150, 'score': (388, 100, 10, 8, 17, 87, 28), 'num_layers': 28, 'total_swaps': 87, 'max_layer_swaps': 9, 'swap_only_layers': 17, 'work_layers': 11, 'unitary_layers': 11, 'first_work_layer': 1, 'leading_no_work_layers': 1, 'bond_profile_layers_scored': 8, 'bond_profile_total_cost': 388, 'bond_profile_max_cost': 100, 'bond_profile_gate_count': 10}]",0.17424945801030844,0.1745085830334574,,,,,,,,,,,,,
1212.2883681670064,cycle_progress,,,,,,,,,,,,404,390,794,,,,,,,,,,,,,,,,,,,512,0.0006,,256496,14,,,,,,,,,,146,4,256496,2690,158,40,,,,,,,,,,,,,,,,,,,,75,,794,808,14,0,False,,,,,,,,,,,,,,,0.1745085830334574,,,,,,,,,,,,,
1212.3948359580245,termination,,,,,,,,,,,,404,390,794,,,,,,,,,,,,,,,,,,,512,0.0006,,,15,,,,,,,,,,146,4,256496,2690,158,40,,,,,,,,,,,,,,,,,,,,75,,794,808,14,,False,,,,,,,,,,,,,,,,no_progress_cycle_limit,"15 consecutive unswap cycles consumed zero work gates at cutoff=0.0006 [mode=entanglement_blowup]. The MPO is pinned near the size limits (max_bond=146 vs cap 512, elems=256496 vs unswap_threshold 500000), so no block can be absorbed without overflowing. This is the cutoff-sensitive branch: retry with a different --cutoff (verified Apple Silicon Accelerate values are in BENCHMARKS.md; start with --cutoff 0.0006), or raise --max-bond / --unswap-threshold.",entanglement_blowup,15,,,,,,,,,
1212.505391667015,timing_summary,,,17.178627917775884,,,,,,,,,,,,,,,,,,,,,,,,,,,,,,,,,,,,,,,,,,,0.0,,,,,,,,,,,,,,,,,,,,,,,,,,,,,,,,,,,,,,,,,,,,,,,17.20258058095351,,,,,0.43530054099392146,0.4358582909917459,16.743327376781963,16.766722289961763,158.18065380724147,158.89245216420386,906.9774384608609,1083.0485185428406,1083.0724712060182
