2026-08-25 06:00:08,900 [INFO] loaded /Users/monitsharma/code_projects/qat/tracker/data/classically-verifiable-problems/circuit-models/peaked_circuit/peaked_circuit_P9_Hqap_56x1917.qasm: qubits=56 ops={'u': 3890, 'rzz': 1917}
2026-08-25 06:00:08,905 [INFO] Pass: Collect2qBlocks - 2.71988 (ms)
2026-08-25 06:00:08,915 [INFO] Pass: ConsolidateBlocks - 9.58109 (ms)
2026-08-25 06:00:08,915 [INFO] after two-qubit block consolidation: ops={'unitary': 1885}
2026-08-25 06:00:08,935 [INFO] environment: python=3.10.16 qiskit=1.4.5 quimb=1.11.2 numpy=2.2.6 scipy=1.15.3 machine=arm64
2026-08-25 06:00:09,087 [INFO] Total unitaries: 1885 = 942 (left) + 943 (right)
2026-08-25 06:00:09,087 [INFO] Rewiring with SabreSwap(trials=90, heuristic='decay', seed=123)
2026-08-25 06:00:09,087 [INFO] No-progress fail-fast guardrail enabled: abort after 40 consecutive zero-work unswap cycle(s)
2026-08-25 06:00:09,087 [INFO] [start rewire](phase=initial, side=left, layers=59, trials=90, seed=123, parallel=False)
2026-08-25 06:00:10,334 [INFO] [end rewire](phase=initial, side=left, routed_layers=1355, elapsed_s=1.25)
2026-08-25 06:00:10,334 [INFO] [start rewire](phase=initial, side=right, layers=58, trials=90, seed=123, parallel=False)
2026-08-25 06:00:11,615 [INFO] [end rewire](phase=initial, side=right, routed_layers=1561, elapsed_s=1.28)
2026-08-25 06:00:11,633 [INFO] [start compressing] -> {'max_bond': 1, 'max_links': 4, 'total_elems': 224, 'total_shapes': 334, 'total_links': 222, 'num_tensors': 56}
2026-08-25 06:00:11,694 [INFO] [1L/1353](swap: 11, u: 0 | c_u: 0 | t_u_l: 0/942 | t_u_r: 0/943 | t_u: 0/1885) -> {'max_bond': 1, 'max_links': 4, 'total_elems': 224, 'total_shapes': 334, 'total_links': 222, 'num_tensors': 56}
2026-08-25 06:00:11,750 [INFO] [1R/1559](swap: 12, u: 0 | c_u: 0 | t_u_l: 0/942 | t_u_r: 0/943 | t_u: 0/1885) -> {'max_bond': 4, 'max_links': 4, 'total_elems': 512, 'total_shapes': 406, 'total_links': 222, 'num_tensors': 56}
2026-08-25 06:00:11,807 [INFO] [2L/1353](swap: 11, u: 1 | c_u: 1 | t_u_l: 1/942 | t_u_r: 0/943 | t_u: 1/1885) -> {'max_bond': 4, 'max_links': 4, 'total_elems': 844, 'total_shapes': 450, 'total_links': 222, 'num_tensors': 56}
2026-08-25 06:00:11,864 [INFO] [2R/1559](swap: 10, u: 1 | c_u: 2 | t_u_l: 1/942 | t_u_r: 1/943 | t_u: 2/1885) -> {'max_bond': 4, 'max_links': 4, 'total_elems': 1456, 'total_shapes': 504, 'total_links': 222, 'num_tensors': 56}
2026-08-25 06:00:11,920 [INFO] [3L/1353](swap: 14, u: 0 | c_u: 2 | t_u_l: 1/942 | t_u_r: 1/943 | t_u: 2/1885) -> {'max_bond': 16, 'max_links': 4, 'total_elems': 2464, 'total_shapes': 576, 'total_links': 222, 'num_tensors': 56}
2026-08-25 06:00:11,979 [INFO] [3R/1559](swap: 13, u: 0 | c_u: 2 | t_u_l: 1/942 | t_u_r: 1/943 | t_u: 2/1885) -> {'max_bond': 16, 'max_links': 4, 'total_elems': 4316, 'total_shapes': 700, 'total_links': 222, 'num_tensors': 56}
2026-08-25 06:00:12,040 [INFO] [4R/1559](swap: 13, u: 0 | c_u: 2 | t_u_l: 1/942 | t_u_r: 1/943 | t_u: 2/1885) -> {'max_bond': 16, 'max_links': 4, 'total_elems': 9464, 'total_shapes': 844, 'total_links': 222, 'num_tensors': 56}
2026-08-25 06:00:12,105 [INFO] [5R/1559](swap: 13, u: 0 | c_u: 2 | t_u_l: 1/942 | t_u_r: 1/943 | t_u: 2/1885) -> {'max_bond': 16, 'max_links': 4, 'total_elems': 13496, 'total_shapes': 988, 'total_links': 222, 'num_tensors': 56}
2026-08-25 06:00:12,172 [INFO] [6R/1559](swap: 12, u: 0 | c_u: 2 | t_u_l: 1/942 | t_u_r: 1/943 | t_u: 2/1885) -> {'max_bond': 16, 'max_links': 4, 'total_elems': 17516, 'total_shapes': 1102, 'total_links': 222, 'num_tensors': 56}
2026-08-25 06:00:12,243 [INFO] [4L/1353](swap: 14, u: 1 | c_u: 3 | t_u_l: 2/942 | t_u_r: 1/943 | t_u: 3/1885) -> {'max_bond': 64, 'max_links': 4, 'total_elems': 33200, 'total_shapes': 1360, 'total_links': 222, 'num_tensors': 56}
2026-08-25 06:00:12,331 [INFO] [7R/1559](swap: 12, u: 0 | c_u: 3 | t_u_l: 2/942 | t_u_r: 1/943 | t_u: 3/1885) -> {'max_bond': 64, 'max_links': 4, 'total_elems': 50120, 'total_shapes': 1666, 'total_links': 222, 'num_tensors': 56}
2026-08-25 06:00:12,441 [INFO] [8R/1559](swap: 10, u: 1 | c_u: 4 | t_u_l: 2/942 | t_u_r: 2/943 | t_u: 4/1885) -> {'max_bond': 64, 'max_links': 4, 'total_elems': 85444, 'total_shapes': 1968, 'total_links': 222, 'num_tensors': 56}
2026-08-25 06:00:12,606 [INFO] [5L/1353](swap: 13, u: 1 | c_u: 5 | t_u_l: 3/942 | t_u_r: 2/943 | t_u: 5/1885) -> {'max_bond': 64, 'max_links': 4, 'total_elems': 124352, 'total_shapes': 2254, 'total_links': 222, 'num_tensors': 56}
2026-08-25 06:00:12,813 [INFO] [6L/1353](swap: 8, u: 1 | c_u: 6 | t_u_l: 4/942 | t_u_r: 2/943 | t_u: 6/1885) -> {'max_bond': 128, 'max_links': 4, 'total_elems': 154672, 'total_shapes': 2488, 'total_links': 222, 'num_tensors': 56}
2026-08-25 06:00:13,075 [INFO] [9R/1559](swap: 9, u: 1 | c_u: 7 | t_u_l: 4/942 | t_u_r: 3/943 | t_u: 7/1885) -> {'max_bond': 128, 'max_links': 4, 'total_elems': 230320, 'total_shapes': 2992, 'total_links': 222, 'num_tensors': 56}
2026-08-25 06:00:13,468 [INFO]     [start unswap] -> {'max_bond': 128, 'max_links': 4, 'total_elems': 230320, 'total_shapes': 2992, 'total_links': 222, 'num_tensors': 56}
2026-08-25 06:00:15,450 [INFO]     [0 | both | 0](candidate_pairs: 28/28 | new_swaps: 3 | total: 3) -> {'max_bond': 256, 'max_links': 4, 'total_elems': 360032, 'total_shapes': 3340, 'total_links': 222, 'num_tensors': 56}
2026-08-25 06:00:16,370 [INFO]     [0 | both | 1](candidate_pairs: 27/27 | new_swaps: 11 | total: 14) -> {'max_bond': 64, 'max_links': 4, 'total_elems': 192960, 'total_shapes': 2464, 'total_links': 222, 'num_tensors': 56}
2026-08-25 06:00:16,638 [INFO]     [0 | left | 0](candidate_pairs: 28/28 | new_swaps: 8 | total: 22) -> {'max_bond': 64, 'max_links': 4, 'total_elems': 189156, 'total_shapes': 2364, 'total_links': 222, 'num_tensors': 56}
2026-08-25 06:00:16,994 [INFO]     [0 | left | 1](candidate_pairs: 27/27 | new_swaps: 10 | total: 32) -> {'max_bond': 64, 'max_links': 4, 'total_elems': 129196, 'total_shapes': 2044, 'total_links': 222, 'num_tensors': 56}
2026-08-25 06:00:17,193 [INFO]     [0 | right | 0](candidate_pairs: 28/28 | new_swaps: 10 | total: 42) -> {'max_bond': 64, 'max_links': 4, 'total_elems': 59812, 'total_shapes': 1390, 'total_links': 222, 'num_tensors': 56}
2026-08-25 06:00:17,296 [INFO]     [0 | right | 1](candidate_pairs: 27/27 | new_swaps: 6 | total: 48) -> {'max_bond': 64, 'max_links': 4, 'total_elems': 40364, 'total_shapes': 1202, 'total_links': 222, 'num_tensors': 56}
2026-08-25 06:00:17,471 [INFO]     [1 | both | 0](candidate_pairs: 28/28 | new_swaps: 7 | total: 7) -> {'max_bond': 64, 'max_links': 4, 'total_elems': 22856, 'total_shapes': 1036, 'total_links': 222, 'num_tensors': 56}
2026-08-25 06:00:17,598 [INFO]     [1 | both | 1](candidate_pairs: 27/27 | new_swaps: 10 | total: 17) -> {'max_bond': 32, 'max_links': 4, 'total_elems': 11060, 'total_shapes': 794, 'total_links': 222, 'num_tensors': 56}
2026-08-25 06:00:17,654 [INFO]     [1 | left | 0](candidate_pairs: 28/28 | new_swaps: 5 | total: 22) -> {'max_bond': 32, 'max_links': 4, 'total_elems': 9908, 'total_shapes': 748, 'total_links': 222, 'num_tensors': 56}
2026-08-25 06:00:17,710 [INFO]     [1 | left | 1](candidate_pairs: 27/27 | new_swaps: 2 | total: 24) -> {'max_bond': 32, 'max_links': 4, 'total_elems': 9824, 'total_shapes': 738, 'total_links': 222, 'num_tensors': 56}
2026-08-25 06:00:17,766 [INFO]     [1 | right | 0](candidate_pairs: 28/28 | new_swaps: 3 | total: 27) -> {'max_bond': 32, 'max_links': 4, 'total_elems': 9668, 'total_shapes': 720, 'total_links': 222, 'num_tensors': 56}
2026-08-25 06:00:17,821 [INFO]     [1 | right | 1](candidate_pairs: 27/27 | new_swaps: 1 | total: 28) -> {'max_bond': 32, 'max_links': 4, 'total_elems': 9608, 'total_shapes': 714, 'total_links': 222, 'num_tensors': 56}
2026-08-25 06:00:17,927 [INFO]     [2 | both | 0](candidate_pairs: 28/28 | new_swaps: 9 | total: 9) -> {'max_bond': 32, 'max_links': 4, 'total_elems': 4184, 'total_shapes': 586, 'total_links': 222, 'num_tensors': 56}
2026-08-25 06:00:18,018 [INFO]     [2 | both | 1](candidate_pairs: 27/27 | new_swaps: 8 | total: 17) -> {'max_bond': 8, 'max_links': 4, 'total_elems': 1520, 'total_shapes': 464, 'total_links': 222, 'num_tensors': 56}
2026-08-25 06:00:18,066 [INFO]     [2 | left | 0](candidate_pairs: 28/28 | new_swaps: 2 | total: 19) -> {'max_bond': 8, 'max_links': 4, 'total_elems': 1256, 'total_shapes': 446, 'total_links': 222, 'num_tensors': 56}
2026-08-25 06:00:18,115 [INFO]     [2 | left | 1](candidate_pairs: 27/27 | new_swaps: 2 | total: 21) -> {'max_bond': 8, 'max_links': 4, 'total_elems': 1072, 'total_shapes': 432, 'total_links': 222, 'num_tensors': 56}
2026-08-25 06:00:18,164 [INFO]     [2 | right | 0](candidate_pairs: 28/28 | new_swaps: 3 | total: 24) -> {'max_bond': 4, 'max_links': 4, 'total_elems': 760, 'total_shapes': 408, 'total_links': 222, 'num_tensors': 56}
2026-08-25 06:00:18,212 [INFO]     [2 | right | 1](candidate_pairs: 27/27 | new_swaps: 2 | total: 26) -> {'max_bond': 4, 'max_links': 4, 'total_elems': 640, 'total_shapes': 396, 'total_links': 222, 'num_tensors': 56}
2026-08-25 06:00:18,294 [INFO]     [3 | both | 0](candidate_pairs: 28/28 | new_swaps: 3 | total: 3) -> {'max_bond': 4, 'max_links': 4, 'total_elems': 508, 'total_shapes': 382, 'total_links': 222, 'num_tensors': 56}
2026-08-25 06:00:18,378 [INFO]     [3 | both | 1](candidate_pairs: 27/27 | new_swaps: 4 | total: 7) -> {'max_bond': 4, 'max_links': 4, 'total_elems': 460, 'total_shapes': 374, 'total_links': 222, 'num_tensors': 56}
2026-08-25 06:00:18,398 [INFO]     [3 | left | 0](candidate_pairs: 28/28 | new_swaps: 0 | total: 7) -> {'max_bond': 4, 'max_links': 4, 'total_elems': 460, 'total_shapes': 374, 'total_links': 222, 'num_tensors': 56}
2026-08-25 06:00:18,444 [INFO]     [3 | left | 1](candidate_pairs: 27/27 | new_swaps: 2 | total: 9) -> {'max_bond': 4, 'max_links': 4, 'total_elems': 396, 'total_shapes': 364, 'total_links': 222, 'num_tensors': 56}
2026-08-25 06:00:18,490 [INFO]     [3 | right | 0](candidate_pairs: 28/28 | new_swaps: 1 | total: 10) -> {'max_bond': 4, 'max_links': 4, 'total_elems': 372, 'total_shapes': 360, 'total_links': 222, 'num_tensors': 56}
2026-08-25 06:00:18,509 [INFO]     [3 | right | 1](candidate_pairs: 27/27 | new_swaps: 0 | total: 10) -> {'max_bond': 4, 'max_links': 4, 'total_elems': 372, 'total_shapes': 360, 'total_links': 222, 'num_tensors': 56}
2026-08-25 06:00:18,593 [INFO]     [4 | both | 0](candidate_pairs: 28/28 | new_swaps: 3 | total: 3) -> {'max_bond': 4, 'max_links': 4, 'total_elems': 336, 'total_shapes': 354, 'total_links': 222, 'num_tensors': 56}
2026-08-25 06:00:18,629 [INFO]     [4 | both | 1](candidate_pairs: 27/27 | new_swaps: 0 | total: 3) -> {'max_bond': 4, 'max_links': 4, 'total_elems': 336, 'total_shapes': 354, 'total_links': 222, 'num_tensors': 56}
2026-08-25 06:00:18,649 [INFO]     [4 | left | 0](candidate_pairs: 28/28 | new_swaps: 0 | total: 3) -> {'max_bond': 4, 'max_links': 4, 'total_elems': 336, 'total_shapes': 354, 'total_links': 222, 'num_tensors': 56}
2026-08-25 06:00:18,668 [INFO]     [4 | left | 1](candidate_pairs: 27/27 | new_swaps: 0 | total: 3) -> {'max_bond': 4, 'max_links': 4, 'total_elems': 336, 'total_shapes': 354, 'total_links': 222, 'num_tensors': 56}
2026-08-25 06:00:18,687 [INFO]     [4 | right | 0](candidate_pairs: 28/28 | new_swaps: 0 | total: 3) -> {'max_bond': 4, 'max_links': 4, 'total_elems': 336, 'total_shapes': 354, 'total_links': 222, 'num_tensors': 56}
2026-08-25 06:00:18,706 [INFO]     [4 | right | 1](candidate_pairs: 27/27 | new_swaps: 0 | total: 3) -> {'max_bond': 4, 'max_links': 4, 'total_elems': 336, 'total_shapes': 354, 'total_links': 222, 'num_tensors': 56}
2026-08-25 06:00:18,743 [INFO]     [5 | both | 0](candidate_pairs: 28/28 | new_swaps: 0 | total: 0) -> {'max_bond': 4, 'max_links': 4, 'total_elems': 336, 'total_shapes': 354, 'total_links': 222, 'num_tensors': 56}
2026-08-25 06:00:18,780 [INFO]     [5 | both | 1](candidate_pairs: 27/27 | new_swaps: 0 | total: 0) -> {'max_bond': 4, 'max_links': 4, 'total_elems': 336, 'total_shapes': 354, 'total_links': 222, 'num_tensors': 56}
2026-08-25 06:00:18,799 [INFO]     [5 | left | 0](candidate_pairs: 28/28 | new_swaps: 0 | total: 0) -> {'max_bond': 4, 'max_links': 4, 'total_elems': 336, 'total_shapes': 354, 'total_links': 222, 'num_tensors': 56}
2026-08-25 06:00:18,818 [INFO]     [5 | left | 1](candidate_pairs: 27/27 | new_swaps: 0 | total: 0) -> {'max_bond': 4, 'max_links': 4, 'total_elems': 336, 'total_shapes': 354, 'total_links': 222, 'num_tensors': 56}
2026-08-25 06:00:18,837 [INFO]     [5 | right | 0](candidate_pairs: 28/28 | new_swaps: 0 | total: 0) -> {'max_bond': 4, 'max_links': 4, 'total_elems': 336, 'total_shapes': 354, 'total_links': 222, 'num_tensors': 56}
2026-08-25 06:00:18,856 [INFO]     [5 | right | 1](candidate_pairs: 27/27 | new_swaps: 0 | total: 0) -> {'max_bond': 4, 'max_links': 4, 'total_elems': 336, 'total_shapes': 354, 'total_links': 222, 'num_tensors': 56}
2026-08-25 06:00:18,857 [INFO]     [end unswap] -> {'max_bond': 4, 'max_links': 4, 'total_elems': 336, 'total_shapes': 354, 'total_links': 222, 'num_tensors': 56}
2026-08-25 06:00:18,943 [INFO] [start rewire](phase=post_unswap, cycle=1, side=left, layers=1349, trials=20, seed=123, parallel=False, route_candidates=1, route_score=none)
2026-08-25 06:00:20,215 [INFO] [end rewire](phase=post_unswap, cycle=1, side=left, routed_layers=1579, elapsed_s=1.27)
2026-08-25 06:00:20,216 [INFO] [start rewire](phase=post_unswap, cycle=1, side=right, layers=1552, trials=20, seed=123, parallel=False, route_candidates=1, route_score=none)
2026-08-25 06:00:21,736 [INFO] [end rewire](phase=post_unswap, cycle=1, side=right, routed_layers=1550, elapsed_s=1.52)
2026-08-25 06:00:21,805 [INFO] [1L/1577](swap: 12, u: 0 | c_u: 0 | t_u_l: 4/942 | t_u_r: 3/943 | t_u: 7/1885) -> {'max_bond': 4, 'max_links': 4, 'total_elems': 336, 'total_shapes': 354, 'total_links': 222, 'num_tensors': 56}
2026-08-25 06:00:21,866 [INFO] [2L/1577](swap: 12, u: 0 | c_u: 0 | t_u_l: 4/942 | t_u_r: 3/943 | t_u: 7/1885) -> {'max_bond': 4, 'max_links': 4, 'total_elems': 628, 'total_shapes': 422, 'total_links': 222, 'num_tensors': 56}
2026-08-25 06:00:21,928 [INFO] [1R/1548](swap: 12, u: 0 | c_u: 0 | t_u_l: 4/942 | t_u_r: 3/943 | t_u: 7/1885) -> {'max_bond': 4, 'max_links': 4, 'total_elems': 1028, 'total_shapes': 478, 'total_links': 222, 'num_tensors': 56}
2026-08-25 06:00:21,988 [INFO] [2R/1548](swap: 13, u: 0 | c_u: 0 | t_u_l: 4/942 | t_u_r: 3/943 | t_u: 7/1885) -> {'max_bond': 8, 'max_links': 4, 'total_elems': 1756, 'total_shapes': 542, 'total_links': 222, 'num_tensors': 56}
2026-08-25 06:00:22,050 [INFO] [3L/1577](swap: 12, u: 1 | c_u: 1 | t_u_l: 5/942 | t_u_r: 3/943 | t_u: 8/1885) -> {'max_bond': 8, 'max_links': 4, 'total_elems': 2640, 'total_shapes': 598, 'total_links': 222, 'num_tensors': 56}
2026-08-25 06:00:22,112 [INFO] [4L/1577](swap: 12, u: 0 | c_u: 1 | t_u_l: 5/942 | t_u_r: 3/943 | t_u: 8/1885) -> {'max_bond': 16, 'max_links': 4, 'total_elems': 4644, 'total_shapes': 714, 'total_links': 222, 'num_tensors': 56}
2026-08-25 06:00:22,176 [INFO] [3R/1548](swap: 12, u: 0 | c_u: 1 | t_u_l: 5/942 | t_u_r: 3/943 | t_u: 8/1885) -> {'max_bond': 16, 'max_links': 4, 'total_elems': 8772, 'total_shapes': 832, 'total_links': 222, 'num_tensors': 56}
2026-08-25 06:00:22,245 [INFO] [5L/1577](swap: 11, u: 0 | c_u: 1 | t_u_l: 5/942 | t_u_r: 3/943 | t_u: 8/1885) -> {'max_bond': 64, 'max_links': 4, 'total_elems': 19236, 'total_shapes': 1054, 'total_links': 222, 'num_tensors': 56}
2026-08-25 06:00:22,332 [INFO] [4R/1548](swap: 12, u: 0 | c_u: 1 | t_u_l: 5/942 | t_u_r: 3/943 | t_u: 8/1885) -> {'max_bond': 64, 'max_links': 4, 'total_elems': 29860, 'total_shapes': 1294, 'total_links': 222, 'num_tensors': 56}
2026-08-25 06:00:22,426 [INFO] [5R/1548](swap: 12, u: 1 | c_u: 2 | t_u_l: 5/942 | t_u_r: 4/943 | t_u: 9/1885) -> {'max_bond': 64, 'max_links': 4, 'total_elems': 52896, 'total_shapes': 1476, 'total_links': 222, 'num_tensors': 56}
2026-08-25 06:00:22,535 [INFO] [6L/1577](swap: 11, u: 0 | c_u: 2 | t_u_l: 5/942 | t_u_r: 4/943 | t_u: 9/1885) -> {'max_bond': 64, 'max_links': 4, 'total_elems': 45024, 'total_shapes': 1572, 'total_links': 222, 'num_tensors': 56}
2026-08-25 06:00:22,646 [INFO] [6R/1548](swap: 12, u: 2 | c_u: 4 | t_u_l: 5/942 | t_u_r: 6/943 | t_u: 11/1885) -> {'max_bond': 64, 'max_links': 4, 'total_elems': 42980, 'total_shapes': 1542, 'total_links': 222, 'num_tensors': 56}
2026-08-25 06:00:22,751 [INFO] [7R/1548](swap: 13, u: 1 | c_u: 5 | t_u_l: 5/942 | t_u_r: 7/943 | t_u: 12/1885) -> {'max_bond': 64, 'max_links': 4, 'total_elems': 75200, 'total_shapes': 1906, 'total_links': 222, 'num_tensors': 56}
2026-08-25 06:00:22,877 [INFO] [7L/1577](swap: 12, u: 0 | c_u: 5 | t_u_l: 5/942 | t_u_r: 7/943 | t_u: 12/1885) -> {'max_bond': 64, 'max_links': 4, 'total_elems': 102880, 'total_shapes': 2160, 'total_links': 222, 'num_tensors': 56}
2026-08-25 06:00:23,042 [INFO] [8R/1548](swap: 12, u: 0 | c_u: 5 | t_u_l: 5/942 | t_u_r: 7/943 | t_u: 12/1885) -> {'max_bond': 64, 'max_links': 4, 'total_elems': 154720, 'total_shapes': 2608, 'total_links': 222, 'num_tensors': 56}
2026-08-25 06:00:23,260 [INFO] [9R/1548](swap: 9, u: 1 | c_u: 6 | t_u_l: 5/942 | t_u_r: 8/943 | t_u: 13/1885) -> {'max_bond': 64, 'max_links': 4, 'total_elems': 189408, 'total_shapes': 2896, 'total_links': 222, 'num_tensors': 56}
2026-08-25 06:00:23,524 [INFO]     [start unswap] -> {'max_bond': 64, 'max_links': 4, 'total_elems': 189408, 'total_shapes': 2896, 'total_links': 222, 'num_tensors': 56}
2026-08-25 06:00:25,457 [INFO]     [0 | both | 0](candidate_pairs: 28/28 | new_swaps: 7 | total: 7) -> {'max_bond': 256, 'max_links': 4, 'total_elems': 306432, 'total_shapes': 3314, 'total_links': 222, 'num_tensors': 56}
2026-08-25 06:00:26,151 [INFO]     [0 | both | 1](candidate_pairs: 27/27 | new_swaps: 10 | total: 17) -> {'max_bond': 64, 'max_links': 4, 'total_elems': 140772, 'total_shapes': 2408, 'total_links': 222, 'num_tensors': 56}
2026-08-25 06:00:26,341 [INFO]     [0 | left | 0](candidate_pairs: 28/28 | new_swaps: 6 | total: 23) -> {'max_bond': 64, 'max_links': 4, 'total_elems': 122340, 'total_shapes': 2120, 'total_links': 222, 'num_tensors': 56}
2026-08-25 06:00:26,563 [INFO]     [0 | left | 1](candidate_pairs: 27/27 | new_swaps: 8 | total: 31) -> {'max_bond': 64, 'max_links': 4, 'total_elems': 77832, 'total_shapes': 1804, 'total_links': 222, 'num_tensors': 56}
2026-08-25 06:00:26,686 [INFO]     [0 | right | 0](candidate_pairs: 28/28 | new_swaps: 9 | total: 40) -> {'max_bond': 64, 'max_links': 4, 'total_elems': 46908, 'total_shapes': 1434, 'total_links': 222, 'num_tensors': 56}
2026-08-25 06:00:26,780 [INFO]     [0 | right | 1](candidate_pairs: 27/27 | new_swaps: 5 | total: 45) -> {'max_bond': 64, 'max_links': 4, 'total_elems': 32252, 'total_shapes': 1274, 'total_links': 222, 'num_tensors': 56}
2026-08-25 06:00:26,937 [INFO]     [1 | both | 0](candidate_pairs: 28/28 | new_swaps: 14 | total: 14) -> {'max_bond': 32, 'max_links': 4, 'total_elems': 16084, 'total_shapes': 1010, 'total_links': 222, 'num_tensors': 56}
2026-08-25 06:00:27,054 [INFO]     [1 | both | 1](candidate_pairs: 27/27 | new_swaps: 9 | total: 23) -> {'max_bond': 32, 'max_links': 4, 'total_elems': 12656, 'total_shapes': 886, 'total_links': 222, 'num_tensors': 56}
2026-08-25 06:00:27,115 [INFO]     [1 | left | 0](candidate_pairs: 28/28 | new_swaps: 4 | total: 27) -> {'max_bond': 32, 'max_links': 4, 'total_elems': 11504, 'total_shapes': 838, 'total_links': 222, 'num_tensors': 56}
2026-08-25 06:00:27,177 [INFO]     [1 | left | 1](candidate_pairs: 27/27 | new_swaps: 6 | total: 33) -> {'max_bond': 32, 'max_links': 4, 'total_elems': 9436, 'total_shapes': 754, 'total_links': 222, 'num_tensors': 56}
2026-08-25 06:00:27,235 [INFO]     [1 | right | 0](candidate_pairs: 28/28 | new_swaps: 4 | total: 37) -> {'max_bond': 32, 'max_links': 4, 'total_elems': 8248, 'total_shapes': 712, 'total_links': 222, 'num_tensors': 56}
2026-08-25 06:00:27,288 [INFO]     [1 | right | 1](candidate_pairs: 27/27 | new_swaps: 1 | total: 38) -> {'max_bond': 32, 'max_links': 4, 'total_elems': 8188, 'total_shapes': 706, 'total_links': 222, 'num_tensors': 56}
2026-08-25 06:00:27,394 [INFO]     [2 | both | 0](candidate_pairs: 28/28 | new_swaps: 6 | total: 6) -> {'max_bond': 32, 'max_links': 4, 'total_elems': 7576, 'total_shapes': 664, 'total_links': 222, 'num_tensors': 56}
2026-08-25 06:00:27,497 [INFO]     [2 | both | 1](candidate_pairs: 27/27 | new_swaps: 11 | total: 17) -> {'max_bond': 32, 'max_links': 4, 'total_elems': 5832, 'total_shapes': 588, 'total_links': 222, 'num_tensors': 56}
2026-08-25 06:00:27,550 [INFO]     [2 | left | 0](candidate_pairs: 28/28 | new_swaps: 4 | total: 21) -> {'max_bond': 32, 'max_links': 4, 'total_elems': 5604, 'total_shapes': 564, 'total_links': 222, 'num_tensors': 56}
2026-08-25 06:00:27,573 [INFO]     [2 | left | 1](candidate_pairs: 27/27 | new_swaps: 0 | total: 21) -> {'max_bond': 32, 'max_links': 4, 'total_elems': 5604, 'total_shapes': 564, 'total_links': 222, 'num_tensors': 56}
2026-08-25 06:00:27,625 [INFO]     [2 | right | 0](candidate_pairs: 28/28 | new_swaps: 2 | total: 23) -> {'max_bond': 32, 'max_links': 4, 'total_elems': 5460, 'total_shapes': 552, 'total_links': 222, 'num_tensors': 56}
2026-08-25 06:00:27,648 [INFO]     [2 | right | 1](candidate_pairs: 27/27 | new_swaps: 0 | total: 23) -> {'max_bond': 32, 'max_links': 4, 'total_elems': 5460, 'total_shapes': 552, 'total_links': 222, 'num_tensors': 56}
2026-08-25 06:00:27,742 [INFO]     [3 | both | 0](candidate_pairs: 28/28 | new_swaps: 3 | total: 3) -> {'max_bond': 32, 'max_links': 4, 'total_elems': 4248, 'total_shapes': 530, 'total_links': 222, 'num_tensors': 56}
2026-08-25 06:00:27,834 [INFO]     [3 | both | 1](candidate_pairs: 27/27 | new_swaps: 8 | total: 11) -> {'max_bond': 16, 'max_links': 4, 'total_elems': 1344, 'total_shapes': 450, 'total_links': 222, 'num_tensors': 56}
2026-08-25 06:00:27,882 [INFO]     [3 | left | 0](candidate_pairs: 28/28 | new_swaps: 2 | total: 13) -> {'max_bond': 8, 'max_links': 4, 'total_elems': 936, 'total_shapes': 420, 'total_links': 222, 'num_tensors': 56}
2026-08-25 06:00:27,930 [INFO]     [3 | left | 1](candidate_pairs: 27/27 | new_swaps: 1 | total: 14) -> {'max_bond': 8, 'max_links': 4, 'total_elems': 876, 'total_shapes': 414, 'total_links': 222, 'num_tensors': 56}
2026-08-25 06:00:27,950 [INFO]     [3 | right | 0](candidate_pairs: 28/28 | new_swaps: 0 | total: 14) -> {'max_bond': 8, 'max_links': 4, 'total_elems': 876, 'total_shapes': 414, 'total_links': 222, 'num_tensors': 56}
2026-08-25 06:00:27,970 [INFO]     [3 | right | 1](candidate_pairs: 27/27 | new_swaps: 0 | total: 14) -> {'max_bond': 8, 'max_links': 4, 'total_elems': 876, 'total_shapes': 414, 'total_links': 222, 'num_tensors': 56}
2026-08-25 06:00:28,057 [INFO]     [4 | both | 0](candidate_pairs: 28/28 | new_swaps: 3 | total: 3) -> {'max_bond': 8, 'max_links': 4, 'total_elems': 776, 'total_shapes': 404, 'total_links': 222, 'num_tensors': 56}
2026-08-25 06:00:28,140 [INFO]     [4 | both | 1](candidate_pairs: 27/27 | new_swaps: 1 | total: 4) -> {'max_bond': 8, 'max_links': 4, 'total_elems': 764, 'total_shapes': 402, 'total_links': 222, 'num_tensors': 56}
2026-08-25 06:00:28,160 [INFO]     [4 | left | 0](candidate_pairs: 28/28 | new_swaps: 0 | total: 4) -> {'max_bond': 8, 'max_links': 4, 'total_elems': 764, 'total_shapes': 402, 'total_links': 222, 'num_tensors': 56}
2026-08-25 06:00:28,207 [INFO]     [4 | left | 1](candidate_pairs: 27/27 | new_swaps: 1 | total: 5) -> {'max_bond': 8, 'max_links': 4, 'total_elems': 716, 'total_shapes': 396, 'total_links': 222, 'num_tensors': 56}
2026-08-25 06:00:28,227 [INFO]     [4 | right | 0](candidate_pairs: 28/28 | new_swaps: 0 | total: 5) -> {'max_bond': 8, 'max_links': 4, 'total_elems': 716, 'total_shapes': 396, 'total_links': 222, 'num_tensors': 56}
2026-08-25 06:00:28,247 [INFO]     [4 | right | 1](candidate_pairs: 27/27 | new_swaps: 0 | total: 5) -> {'max_bond': 8, 'max_links': 4, 'total_elems': 716, 'total_shapes': 396, 'total_links': 222, 'num_tensors': 56}
2026-08-25 06:00:28,331 [INFO]     [5 | both | 0](candidate_pairs: 28/28 | new_swaps: 1 | total: 1) -> {'max_bond': 8, 'max_links': 4, 'total_elems': 704, 'total_shapes': 394, 'total_links': 222, 'num_tensors': 56}
2026-08-25 06:00:28,413 [INFO]     [5 | both | 1](candidate_pairs: 27/27 | new_swaps: 1 | total: 2) -> {'max_bond': 8, 'max_links': 4, 'total_elems': 692, 'total_shapes': 392, 'total_links': 222, 'num_tensors': 56}
2026-08-25 06:00:28,433 [INFO]     [5 | left | 0](candidate_pairs: 28/28 | new_swaps: 0 | total: 2) -> {'max_bond': 8, 'max_links': 4, 'total_elems': 692, 'total_shapes': 392, 'total_links': 222, 'num_tensors': 56}
2026-08-25 06:00:28,453 [INFO]     [5 | left | 1](candidate_pairs: 27/27 | new_swaps: 0 | total: 2) -> {'max_bond': 8, 'max_links': 4, 'total_elems': 692, 'total_shapes': 392, 'total_links': 222, 'num_tensors': 56}
2026-08-25 06:00:28,473 [INFO]     [5 | right | 0](candidate_pairs: 28/28 | new_swaps: 0 | total: 2) -> {'max_bond': 8, 'max_links': 4, 'total_elems': 692, 'total_shapes': 392, 'total_links': 222, 'num_tensors': 56}
2026-08-25 06:00:28,493 [INFO]     [5 | right | 1](candidate_pairs: 27/27 | new_swaps: 0 | total: 2) -> {'max_bond': 8, 'max_links': 4, 'total_elems': 692, 'total_shapes': 392, 'total_links': 222, 'num_tensors': 56}
2026-08-25 06:00:28,576 [INFO]     [6 | both | 0](candidate_pairs: 28/28 | new_swaps: 1 | total: 1) -> {'max_bond': 8, 'max_links': 4, 'total_elems': 680, 'total_shapes': 390, 'total_links': 222, 'num_tensors': 56}
2026-08-25 06:00:28,659 [INFO]     [6 | both | 1](candidate_pairs: 27/27 | new_swaps: 1 | total: 2) -> {'max_bond': 8, 'max_links': 4, 'total_elems': 668, 'total_shapes': 388, 'total_links': 222, 'num_tensors': 56}
2026-08-25 06:00:28,679 [INFO]     [6 | left | 0](candidate_pairs: 28/28 | new_swaps: 0 | total: 2) -> {'max_bond': 8, 'max_links': 4, 'total_elems': 668, 'total_shapes': 388, 'total_links': 222, 'num_tensors': 56}
2026-08-25 06:00:28,699 [INFO]     [6 | left | 1](candidate_pairs: 27/27 | new_swaps: 0 | total: 2) -> {'max_bond': 8, 'max_links': 4, 'total_elems': 668, 'total_shapes': 388, 'total_links': 222, 'num_tensors': 56}
2026-08-25 06:00:28,719 [INFO]     [6 | right | 0](candidate_pairs: 28/28 | new_swaps: 0 | total: 2) -> {'max_bond': 8, 'max_links': 4, 'total_elems': 668, 'total_shapes': 388, 'total_links': 222, 'num_tensors': 56}
2026-08-25 06:00:28,738 [INFO]     [6 | right | 1](candidate_pairs: 27/27 | new_swaps: 0 | total: 2) -> {'max_bond': 8, 'max_links': 4, 'total_elems': 668, 'total_shapes': 388, 'total_links': 222, 'num_tensors': 56}
2026-08-25 06:00:28,777 [INFO]     [7 | both | 0](candidate_pairs: 28/28 | new_swaps: 0 | total: 0) -> {'max_bond': 8, 'max_links': 4, 'total_elems': 668, 'total_shapes': 388, 'total_links': 222, 'num_tensors': 56}
2026-08-25 06:00:28,815 [INFO]     [7 | both | 1](candidate_pairs: 27/27 | new_swaps: 0 | total: 0) -> {'max_bond': 8, 'max_links': 4, 'total_elems': 668, 'total_shapes': 388, 'total_links': 222, 'num_tensors': 56}
2026-08-25 06:00:28,835 [INFO]     [7 | left | 0](candidate_pairs: 28/28 | new_swaps: 0 | total: 0) -> {'max_bond': 8, 'max_links': 4, 'total_elems': 668, 'total_shapes': 388, 'total_links': 222, 'num_tensors': 56}
2026-08-25 06:00:28,854 [INFO]     [7 | left | 1](candidate_pairs: 27/27 | new_swaps: 0 | total: 0) -> {'max_bond': 8, 'max_links': 4, 'total_elems': 668, 'total_shapes': 388, 'total_links': 222, 'num_tensors': 56}
2026-08-25 06:00:28,874 [INFO]     [7 | right | 0](candidate_pairs: 28/28 | new_swaps: 0 | total: 0) -> {'max_bond': 8, 'max_links': 4, 'total_elems': 668, 'total_shapes': 388, 'total_links': 222, 'num_tensors': 56}
2026-08-25 06:00:28,894 [INFO]     [7 | right | 1](candidate_pairs: 27/27 | new_swaps: 0 | total: 0) -> {'max_bond': 8, 'max_links': 4, 'total_elems': 668, 'total_shapes': 388, 'total_links': 222, 'num_tensors': 56}
2026-08-25 06:00:28,895 [INFO]     [end unswap] -> {'max_bond': 8, 'max_links': 4, 'total_elems': 668, 'total_shapes': 388, 'total_links': 222, 'num_tensors': 56}
2026-08-25 06:00:29,130 [INFO] [start rewire](phase=post_unswap, cycle=2, side=left, layers=1572, trials=20, seed=123, parallel=False, route_candidates=1, route_score=none)
2026-08-25 06:00:30,898 [INFO] [end rewire](phase=post_unswap, cycle=2, side=left, routed_layers=1285, elapsed_s=1.77)
2026-08-25 06:00:30,898 [INFO] [start rewire](phase=post_unswap, cycle=2, side=right, layers=1541, trials=20, seed=123, parallel=False, route_candidates=1, route_score=none)
2026-08-25 06:00:32,534 [INFO] [end rewire](phase=post_unswap, cycle=2, side=right, routed_layers=1695, elapsed_s=1.64)
2026-08-25 06:00:32,612 [INFO] [1L/1283](swap: 11, u: 0 | c_u: 0 | t_u_l: 5/942 | t_u_r: 8/943 | t_u: 13/1885) -> {'max_bond': 8, 'max_links': 4, 'total_elems': 668, 'total_shapes': 388, 'total_links': 222, 'num_tensors': 56}
2026-08-25 06:00:32,675 [INFO] [2L/1283](swap: 12, u: 0 | c_u: 0 | t_u_l: 5/942 | t_u_r: 8/943 | t_u: 13/1885) -> {'max_bond': 8, 'max_links': 4, 'total_elems': 996, 'total_shapes': 452, 'total_links': 222, 'num_tensors': 56}
2026-08-25 06:00:32,738 [INFO] [1R/1693](swap: 12, u: 0 | c_u: 0 | t_u_l: 5/942 | t_u_r: 8/943 | t_u: 13/1885) -> {'max_bond': 8, 'max_links': 4, 'total_elems': 1416, 'total_shapes': 496, 'total_links': 222, 'num_tensors': 56}
2026-08-25 06:00:32,802 [INFO] [3L/1283](swap: 14, u: 0 | c_u: 0 | t_u_l: 5/942 | t_u_r: 8/943 | t_u: 13/1885) -> {'max_bond': 8, 'max_links': 4, 'total_elems': 2044, 'total_shapes': 546, 'total_links': 222, 'num_tensors': 56}
2026-08-25 06:00:32,866 [INFO] [2R/1693](swap: 12, u: 0 | c_u: 0 | t_u_l: 5/942 | t_u_r: 8/943 | t_u: 13/1885) -> {'max_bond': 16, 'max_links': 4, 'total_elems': 3208, 'total_shapes': 632, 'total_links': 222, 'num_tensors': 56}
2026-08-25 06:00:32,932 [INFO] [3R/1693](swap: 11, u: 0 | c_u: 0 | t_u_l: 5/942 | t_u_r: 8/943 | t_u: 13/1885) -> {'max_bond': 16, 'max_links': 4, 'total_elems': 5824, 'total_shapes': 722, 'total_links': 222, 'num_tensors': 56}
2026-08-25 06:00:33,001 [INFO] [4L/1283](swap: 16, u: 0 | c_u: 0 | t_u_l: 5/942 | t_u_r: 8/943 | t_u: 13/1885) -> {'max_bond': 16, 'max_links': 4, 'total_elems': 9372, 'total_shapes': 874, 'total_links': 222, 'num_tensors': 56}
2026-08-25 06:00:33,072 [INFO] [4R/1693](swap: 10, u: 0 | c_u: 0 | t_u_l: 5/942 | t_u_r: 8/943 | t_u: 13/1885) -> {'max_bond': 64, 'max_links': 4, 'total_elems': 16576, 'total_shapes': 1038, 'total_links': 222, 'num_tensors': 56}
2026-08-25 06:00:33,145 [INFO] [5R/1693](swap: 9, u: 0 | c_u: 0 | t_u_l: 5/942 | t_u_r: 8/943 | t_u: 13/1885) -> {'max_bond': 64, 'max_links': 4, 'total_elems': 21088, 'total_shapes': 1176, 'total_links': 222, 'num_tensors': 56}
2026-08-25 06:00:33,224 [INFO] [5L/1283](swap: 14, u: 0 | c_u: 0 | t_u_l: 5/942 | t_u_r: 8/943 | t_u: 13/1885) -> {'max_bond': 64, 'max_links': 4, 'total_elems': 30784, 'total_shapes': 1432, 'total_links': 222, 'num_tensors': 56}
2026-08-25 06:00:33,316 [INFO] [6R/1693](swap: 7, u: 1 | c_u: 1 | t_u_l: 5/942 | t_u_r: 9/943 | t_u: 14/1885) -> {'max_bond': 64, 'max_links': 4, 'total_elems': 46848, 'total_shapes': 1728, 'total_links': 222, 'num_tensors': 56}
2026-08-25 06:00:33,418 [INFO] [6L/1283](swap: 14, u: 1 | c_u: 2 | t_u_l: 6/942 | t_u_r: 9/943 | t_u: 15/1885) -> {'max_bond': 64, 'max_links': 4, 'total_elems': 75200, 'total_shapes': 2044, 'total_links': 222, 'num_tensors': 56}
2026-08-25 06:00:33,546 [INFO] [7R/1693](swap: 5, u: 0 | c_u: 2 | t_u_l: 6/942 | t_u_r: 9/943 | t_u: 15/1885) -> {'max_bond': 64, 'max_links': 4, 'total_elems': 94976, 'total_shapes': 2220, 'total_links': 222, 'num_tensors': 56}
2026-08-25 06:00:33,679 [INFO] [8R/1693](swap: 5, u: 0 | c_u: 2 | t_u_l: 6/942 | t_u_r: 9/943 | t_u: 15/1885) -> {'max_bond': 64, 'max_links': 4, 'total_elems': 95936, 'total_shapes': 2260, 'total_links': 222, 'num_tensors': 56}
2026-08-25 06:00:33,813 [INFO] [9R/1693](swap: 6, u: 0 | c_u: 2 | t_u_l: 6/942 | t_u_r: 9/943 | t_u: 15/1885) -> {'max_bond': 64, 'max_links': 4, 'total_elems': 96448, 'total_shapes': 2276, 'total_links': 222, 'num_tensors': 56}
2026-08-25 06:00:33,949 [INFO] [10R/1693](swap: 7, u: 0 | c_u: 2 | t_u_l: 6/942 | t_u_r: 9/943 | t_u: 15/1885) -> {'max_bond': 64, 'max_links': 4, 'total_elems': 103520, 'total_shapes': 2400, 'total_links': 222, 'num_tensors': 56}
2026-08-25 06:00:34,098 [INFO] [11R/1693](swap: 7, u: 1 | c_u: 3 | t_u_l: 6/942 | t_u_r: 10/943 | t_u: 16/1885) -> {'max_bond': 64, 'max_links': 4, 'total_elems': 131296, 'total_shapes': 2648, 'total_links': 222, 'num_tensors': 56}
2026-08-25 06:00:34,288 [INFO] [7L/1283](swap: 12, u: 0 | c_u: 3 | t_u_l: 6/942 | t_u_r: 10/943 | t_u: 16/1885) -> {'max_bond': 64, 'max_links': 4, 'total_elems': 196128, 'total_shapes': 3160, 'total_links': 222, 'num_tensors': 56}
2026-08-25 06:00:34,566 [INFO]     [start unswap] -> {'max_bond': 64, 'max_links': 4, 'total_elems': 196128, 'total_shapes': 3160, 'total_links': 222, 'num_tensors': 56}
2026-08-25 06:00:35,517 [INFO]     [0 | both | 0](candidate_pairs: 28/28 | new_swaps: 5 | total: 5) -> {'max_bond': 64, 'max_links': 4, 'total_elems': 217632, 'total_shapes': 3208, 'total_links': 222, 'num_tensors': 56}
2026-08-25 06:00:36,107 [INFO]     [0 | both | 1](candidate_pairs: 27/27 | new_swaps: 13 | total: 18) -> {'max_bond': 64, 'max_links': 4, 'total_elems': 118496, 'total_shapes': 2408, 'total_links': 222, 'num_tensors': 56}
2026-08-25 06:00:36,278 [INFO]     [0 | left | 0](candidate_pairs: 28/28 | new_swaps: 9 | total: 27) -> {'max_bond': 64, 'max_links': 4, 'total_elems': 66720, 'total_shapes': 1864, 'total_links': 222, 'num_tensors': 56}
2026-08-25 06:00:36,423 [INFO]     [0 | left | 1](candidate_pairs: 27/27 | new_swaps: 12 | total: 39) -> {'max_bond': 64, 'max_links': 4, 'total_elems': 36576, 'total_shapes': 1472, 'total_links': 222, 'num_tensors': 56}
2026-08-25 06:00:36,505 [INFO]     [0 | right | 0](candidate_pairs: 28/28 | new_swaps: 7 | total: 46) -> {'max_bond': 32, 'max_links': 4, 'total_elems': 25152, 'total_shapes': 1244, 'total_links': 222, 'num_tensors': 56}
2026-08-25 06:00:36,578 [INFO]     [0 | right | 1](candidate_pairs: 27/27 | new_swaps: 5 | total: 51) -> {'max_bond': 32, 'max_links': 4, 'total_elems': 21792, 'total_shapes': 1174, 'total_links': 222, 'num_tensors': 56}
2026-08-25 06:00:36,724 [INFO]     [1 | both | 0](candidate_pairs: 28/28 | new_swaps: 9 | total: 9) -> {'max_bond': 32, 'max_links': 4, 'total_elems': 15484, 'total_shapes': 1014, 'total_links': 222, 'num_tensors': 56}
2026-08-25 06:00:36,846 [INFO]     [1 | both | 1](candidate_pairs: 27/27 | new_swaps: 10 | total: 19) -> {'max_bond': 32, 'max_links': 4, 'total_elems': 11576, 'total_shapes': 890, 'total_links': 222, 'num_tensors': 56}
2026-08-25 06:00:36,906 [INFO]     [1 | left | 0](candidate_pairs: 28/28 | new_swaps: 5 | total: 24) -> {'max_bond': 32, 'max_links': 4, 'total_elems': 10156, 'total_shapes': 832, 'total_links': 222, 'num_tensors': 56}
2026-08-25 06:00:36,968 [INFO]     [1 | left | 1](candidate_pairs: 27/27 | new_swaps: 6 | total: 30) -> {'max_bond': 32, 'max_links': 4, 'total_elems': 8676, 'total_shapes': 772, 'total_links': 222, 'num_tensors': 56}
2026-08-25 06:00:37,026 [INFO]     [1 | right | 0](candidate_pairs: 28/28 | new_swaps: 5 | total: 35) -> {'max_bond': 32, 'max_links': 4, 'total_elems': 8104, 'total_shapes': 736, 'total_links': 222, 'num_tensors': 56}
2026-08-25 06:00:37,083 [INFO]     [1 | right | 1](candidate_pairs: 27/27 | new_swaps: 3 | total: 38) -> {'max_bond': 32, 'max_links': 4, 'total_elems': 7764, 'total_shapes': 714, 'total_links': 222, 'num_tensors': 56}
2026-08-25 06:00:37,189 [INFO]     [2 | both | 0](candidate_pairs: 28/28 | new_swaps: 9 | total: 9) -> {'max_bond': 32, 'max_links': 4, 'total_elems': 6900, 'total_shapes': 662, 'total_links': 222, 'num_tensors': 56}
2026-08-25 06:00:37,287 [INFO]     [2 | both | 1](candidate_pairs: 27/27 | new_swaps: 4 | total: 13) -> {'max_bond': 32, 'max_links': 4, 'total_elems': 6576, 'total_shapes': 636, 'total_links': 222, 'num_tensors': 56}
2026-08-25 06:00:37,343 [INFO]     [2 | left | 0](candidate_pairs: 28/28 | new_swaps: 4 | total: 17) -> {'max_bond': 32, 'max_links': 4, 'total_elems': 6296, 'total_shapes': 608, 'total_links': 222, 'num_tensors': 56}
2026-08-25 06:00:37,398 [INFO]     [2 | left | 1](candidate_pairs: 27/27 | new_swaps: 3 | total: 20) -> {'max_bond': 32, 'max_links': 4, 'total_elems': 6188, 'total_shapes': 594, 'total_links': 222, 'num_tensors': 56}
2026-08-25 06:00:37,450 [INFO]     [2 | right | 0](candidate_pairs: 28/28 | new_swaps: 1 | total: 21) -> {'max_bond': 32, 'max_links': 4, 'total_elems': 6116, 'total_shapes': 588, 'total_links': 222, 'num_tensors': 56}
2026-08-25 06:00:37,492 [INFO]     [2 | right | 1](candidate_pairs: 27/27 | new_swaps: 1 | total: 22) -> {'max_bond': 32, 'max_links': 4, 'total_elems': 6076, 'total_shapes': 584, 'total_links': 222, 'num_tensors': 56}
2026-08-25 06:00:37,589 [INFO]     [3 | both | 0](candidate_pairs: 28/28 | new_swaps: 5 | total: 5) -> {'max_bond': 32, 'max_links': 4, 'total_elems': 5868, 'total_shapes': 564, 'total_links': 222, 'num_tensors': 56}
2026-08-25 06:00:37,687 [INFO]     [3 | both | 1](candidate_pairs: 27/27 | new_swaps: 6 | total: 11) -> {'max_bond': 32, 'max_links': 4, 'total_elems': 5688, 'total_shapes': 546, 'total_links': 222, 'num_tensors': 56}
2026-08-25 06:00:37,730 [INFO]     [3 | left | 0](candidate_pairs: 28/28 | new_swaps: 1 | total: 12) -> {'max_bond': 32, 'max_links': 4, 'total_elems': 5592, 'total_shapes': 538, 'total_links': 222, 'num_tensors': 56}
2026-08-25 06:00:37,782 [INFO]     [3 | left | 1](candidate_pairs: 27/27 | new_swaps: 1 | total: 13) -> {'max_bond': 32, 'max_links': 4, 'total_elems': 5520, 'total_shapes': 532, 'total_links': 222, 'num_tensors': 56}
2026-08-25 06:00:37,835 [INFO]     [3 | right | 0](candidate_pairs: 28/28 | new_swaps: 2 | total: 15) -> {'max_bond': 32, 'max_links': 4, 'total_elems': 5412, 'total_shapes': 522, 'total_links': 222, 'num_tensors': 56}
2026-08-25 06:00:37,877 [INFO]     [3 | right | 1](candidate_pairs: 27/27 | new_swaps: 1 | total: 16) -> {'max_bond': 32, 'max_links': 4, 'total_elems': 5124, 'total_shapes': 514, 'total_links': 222, 'num_tensors': 56}
2026-08-25 06:00:37,969 [INFO]     [4 | both | 0](candidate_pairs: 28/28 | new_swaps: 2 | total: 2) -> {'max_bond': 32, 'max_links': 4, 'total_elems': 3960, 'total_shapes': 496, 'total_links': 222, 'num_tensors': 56}
2026-08-25 06:00:38,059 [INFO]     [4 | both | 1](candidate_pairs: 27/27 | new_swaps: 2 | total: 4) -> {'max_bond': 16, 'max_links': 4, 'total_elems': 1260, 'total_shapes': 438, 'total_links': 222, 'num_tensors': 56}
2026-08-25 06:00:38,108 [INFO]     [4 | left | 0](candidate_pairs: 28/28 | new_swaps: 1 | total: 5) -> {'max_bond': 8, 'max_links': 4, 'total_elems': 876, 'total_shapes': 414, 'total_links': 222, 'num_tensors': 56}
2026-08-25 06:00:38,156 [INFO]     [4 | left | 1](candidate_pairs: 27/27 | new_swaps: 1 | total: 6) -> {'max_bond': 8, 'max_links': 4, 'total_elems': 828, 'total_shapes': 410, 'total_links': 222, 'num_tensors': 56}
2026-08-25 06:00:38,177 [INFO]     [4 | right | 0](candidate_pairs: 28/28 | new_swaps: 0 | total: 6) -> {'max_bond': 8, 'max_links': 4, 'total_elems': 828, 'total_shapes': 410, 'total_links': 222, 'num_tensors': 56}
2026-08-25 06:00:38,197 [INFO]     [4 | right | 1](candidate_pairs: 27/27 | new_swaps: 0 | total: 6) -> {'max_bond': 8, 'max_links': 4, 'total_elems': 828, 'total_shapes': 410, 'total_links': 222, 'num_tensors': 56}
2026-08-25 06:00:38,282 [INFO]     [5 | both | 0](candidate_pairs: 28/28 | new_swaps: 1 | total: 1) -> {'max_bond': 8, 'max_links': 4, 'total_elems': 816, 'total_shapes': 408, 'total_links': 222, 'num_tensors': 56}
2026-08-25 06:00:38,321 [INFO]     [5 | both | 1](candidate_pairs: 27/27 | new_swaps: 0 | total: 1) -> {'max_bond': 8, 'max_links': 4, 'total_elems': 816, 'total_shapes': 408, 'total_links': 222, 'num_tensors': 56}
2026-08-25 06:00:38,341 [INFO]     [5 | left | 0](candidate_pairs: 28/28 | new_swaps: 0 | total: 1) -> {'max_bond': 8, 'max_links': 4, 'total_elems': 816, 'total_shapes': 408, 'total_links': 222, 'num_tensors': 56}
2026-08-25 06:00:38,362 [INFO]     [5 | left | 1](candidate_pairs: 27/27 | new_swaps: 0 | total: 1) -> {'max_bond': 8, 'max_links': 4, 'total_elems': 816, 'total_shapes': 408, 'total_links': 222, 'num_tensors': 56}
2026-08-25 06:00:38,382 [INFO]     [5 | right | 0](candidate_pairs: 28/28 | new_swaps: 0 | total: 1) -> {'max_bond': 8, 'max_links': 4, 'total_elems': 816, 'total_shapes': 408, 'total_links': 222, 'num_tensors': 56}
2026-08-25 06:00:38,402 [INFO]     [5 | right | 1](candidate_pairs: 27/27 | new_swaps: 0 | total: 1) -> {'max_bond': 8, 'max_links': 4, 'total_elems': 816, 'total_shapes': 408, 'total_links': 222, 'num_tensors': 56}
2026-08-25 06:00:38,442 [INFO]     [6 | both | 0](candidate_pairs: 28/28 | new_swaps: 0 | total: 0) -> {'max_bond': 8, 'max_links': 4, 'total_elems': 816, 'total_shapes': 408, 'total_links': 222, 'num_tensors': 56}
2026-08-25 06:00:38,481 [INFO]     [6 | both | 1](candidate_pairs: 27/27 | new_swaps: 0 | total: 0) -> {'max_bond': 8, 'max_links': 4, 'total_elems': 816, 'total_shapes': 408, 'total_links': 222, 'num_tensors': 56}
2026-08-25 06:00:38,501 [INFO]     [6 | left | 0](candidate_pairs: 28/28 | new_swaps: 0 | total: 0) -> {'max_bond': 8, 'max_links': 4, 'total_elems': 816, 'total_shapes': 408, 'total_links': 222, 'num_tensors': 56}
2026-08-25 06:00:38,522 [INFO]     [6 | left | 1](candidate_pairs: 27/27 | new_swaps: 0 | total: 0) -> {'max_bond': 8, 'max_links': 4, 'total_elems': 816, 'total_shapes': 408, 'total_links': 222, 'num_tensors': 56}
2026-08-25 06:00:38,542 [INFO]     [6 | right | 0](candidate_pairs: 28/28 | new_swaps: 0 | total: 0) -> {'max_bond': 8, 'max_links': 4, 'total_elems': 816, 'total_shapes': 408, 'total_links': 222, 'num_tensors': 56}
2026-08-25 06:00:38,562 [INFO]     [6 | right | 1](candidate_pairs: 27/27 | new_swaps: 0 | total: 0) -> {'max_bond': 8, 'max_links': 4, 'total_elems': 816, 'total_shapes': 408, 'total_links': 222, 'num_tensors': 56}
2026-08-25 06:00:38,563 [INFO]     [end unswap] -> {'max_bond': 8, 'max_links': 4, 'total_elems': 816, 'total_shapes': 408, 'total_links': 222, 'num_tensors': 56}
2026-08-25 06:00:38,875 [INFO] [start rewire](phase=post_unswap, cycle=3, side=left, layers=1278, trials=20, seed=123, parallel=False, route_candidates=1, route_score=none)
2026-08-25 06:00:40,788 [INFO] [end rewire](phase=post_unswap, cycle=3, side=left, routed_layers=1561, elapsed_s=1.91)
2026-08-25 06:00:40,789 [INFO] [start rewire](phase=post_unswap, cycle=3, side=right, layers=1684, trials=20, seed=123, parallel=False, route_candidates=1, route_score=none)
2026-08-25 06:00:42,422 [INFO] [end rewire](phase=post_unswap, cycle=3, side=right, routed_layers=1478, elapsed_s=1.63)
2026-08-25 06:00:42,508 [INFO] [1L/1559](swap: 11, u: 0 | c_u: 0 | t_u_l: 6/942 | t_u_r: 10/943 | t_u: 16/1885) -> {'max_bond': 8, 'max_links': 4, 'total_elems': 816, 'total_shapes': 408, 'total_links': 222, 'num_tensors': 56}
2026-08-25 06:00:42,576 [INFO] [2L/1559](swap: 12, u: 0 | c_u: 0 | t_u_l: 6/942 | t_u_r: 10/943 | t_u: 16/1885) -> {'max_bond': 8, 'max_links': 4, 'total_elems': 1288, 'total_shapes': 484, 'total_links': 222, 'num_tensors': 56}
2026-08-25 06:00:42,643 [INFO] [1R/1476](swap: 14, u: 0 | c_u: 0 | t_u_l: 6/942 | t_u_r: 10/943 | t_u: 16/1885) -> {'max_bond': 16, 'max_links': 4, 'total_elems': 2080, 'total_shapes': 526, 'total_links': 222, 'num_tensors': 56}
2026-08-25 06:00:42,712 [INFO] [3L/1559](swap: 16, u: 0 | c_u: 0 | t_u_l: 6/942 | t_u_r: 10/943 | t_u: 16/1885) -> {'max_bond': 16, 'max_links': 4, 'total_elems': 2832, 'total_shapes': 584, 'total_links': 222, 'num_tensors': 56}
2026-08-25 06:00:42,780 [INFO] [2R/1476](swap: 15, u: 0 | c_u: 0 | t_u_l: 6/942 | t_u_r: 10/943 | t_u: 16/1885) -> {'max_bond': 16, 'max_links': 4, 'total_elems': 4584, 'total_shapes': 692, 'total_links': 222, 'num_tensors': 56}
2026-08-25 06:00:42,850 [INFO] [3R/1476](swap: 14, u: 1 | c_u: 1 | t_u_l: 6/942 | t_u_r: 11/943 | t_u: 17/1885) -> {'max_bond': 16, 'max_links': 4, 'total_elems': 7704, 'total_shapes': 796, 'total_links': 222, 'num_tensors': 56}
2026-08-25 06:00:42,923 [INFO] [4R/1476](swap: 13, u: 0 | c_u: 1 | t_u_l: 6/942 | t_u_r: 11/943 | t_u: 17/1885) -> {'max_bond': 16, 'max_links': 4, 'total_elems': 11628, 'total_shapes': 924, 'total_links': 222, 'num_tensors': 56}
2026-08-25 06:00:42,999 [INFO] [5R/1476](swap: 13, u: 0 | c_u: 1 | t_u_l: 6/942 | t_u_r: 11/943 | t_u: 17/1885) -> {'max_bond': 64, 'max_links': 4, 'total_elems': 20632, 'total_shapes': 1162, 'total_links': 222, 'num_tensors': 56}
2026-08-25 06:00:43,082 [INFO] [6R/1476](swap: 13, u: 1 | c_u: 2 | t_u_l: 6/942 | t_u_r: 12/943 | t_u: 18/1885) -> {'max_bond': 64, 'max_links': 4, 'total_elems': 31600, 'total_shapes': 1456, 'total_links': 222, 'num_tensors': 56}
2026-08-25 06:00:43,178 [INFO] [4L/1559](swap: 16, u: 0 | c_u: 2 | t_u_l: 6/942 | t_u_r: 12/943 | t_u: 18/1885) -> {'max_bond': 64, 'max_links': 4, 'total_elems': 44272, 'total_shapes': 1616, 'total_links': 222, 'num_tensors': 56}
2026-08-25 06:00:43,287 [INFO] [5L/1559](swap: 15, u: 1 | c_u: 3 | t_u_l: 7/942 | t_u_r: 12/943 | t_u: 19/1885) -> {'max_bond': 64, 'max_links': 4, 'total_elems': 68016, 'total_shapes': 1896, 'total_links': 222, 'num_tensors': 56}
2026-08-25 06:00:43,415 [INFO] [7R/1476](swap: 15, u: 0 | c_u: 3 | t_u_l: 7/942 | t_u_r: 12/943 | t_u: 19/1885) -> {'max_bond': 64, 'max_links': 4, 'total_elems': 112288, 'total_shapes': 2444, 'total_links': 222, 'num_tensors': 56}
2026-08-25 06:00:43,616 [INFO] [6L/1559](swap: 14, u: 0 | c_u: 3 | t_u_l: 7/942 | t_u_r: 12/943 | t_u: 19/1885) -> {'max_bond': 64, 'max_links': 4, 'total_elems': 174168, 'total_shapes': 2942, 'total_links': 222, 'num_tensors': 56}
2026-08-25 06:00:43,903 [INFO] [8R/1476](swap: 17, u: 0 | c_u: 3 | t_u_l: 7/942 | t_u_r: 12/943 | t_u: 19/1885) -> {'max_bond': 128, 'max_links': 4, 'total_elems': 293184, 'total_shapes': 3794, 'total_links': 222, 'num_tensors': 56}
2026-08-25 06:00:44,372 [INFO]     [start unswap] -> {'max_bond': 128, 'max_links': 4, 'total_elems': 293184, 'total_shapes': 3794, 'total_links': 222, 'num_tensors': 56}
2026-08-25 06:00:48,192 [INFO]     [0 | both | 0](candidate_pairs: 28/28 | new_swaps: 9 | total: 9) -> {'max_bond': 256, 'max_links': 4, 'total_elems': 500608, 'total_shapes': 4410, 'total_links': 222, 'num_tensors': 56}
2026-08-25 06:00:49,300 [INFO]     [0 | both | 1](candidate_pairs: 27/27 | new_swaps: 14 | total: 23) -> {'max_bond': 64, 'max_links': 4, 'total_elems': 172124, 'total_shapes': 2792, 'total_links': 222, 'num_tensors': 56}
2026-08-25 06:00:49,581 [INFO]     [0 | left | 0](candidate_pairs: 28/28 | new_swaps: 13 | total: 36) -> {'max_bond': 64, 'max_links': 4, 'total_elems': 95996, 'total_shapes': 2186, 'total_links': 222, 'num_tensors': 56}
2026-08-25 06:00:49,746 [INFO]     [0 | left | 1](candidate_pairs: 27/27 | new_swaps: 15 | total: 51) -> {'max_bond': 64, 'max_links': 4, 'total_elems': 42560, 'total_shapes': 1612, 'total_links': 222, 'num_tensors': 56}
2026-08-25 06:00:49,837 [INFO]     [0 | right | 0](candidate_pairs: 28/28 | new_swaps: 11 | total: 62) -> {'max_bond': 16, 'max_links': 4, 'total_elems': 22904, 'total_shapes': 1210, 'total_links': 222, 'num_tensors': 56}
2026-08-25 06:00:49,916 [INFO]     [0 | right | 1](candidate_pairs: 27/27 | new_swaps: 10 | total: 72) -> {'max_bond': 16, 'max_links': 4, 'total_elems': 16912, 'total_shapes': 1078, 'total_links': 222, 'num_tensors': 56}
2026-08-25 06:00:50,036 [INFO]     [1 | both | 0](candidate_pairs: 28/28 | new_swaps: 8 | total: 8) -> {'max_bond': 16, 'max_links': 4, 'total_elems': 13392, 'total_shapes': 950, 'total_links': 222, 'num_tensors': 56}
2026-08-25 06:00:50,153 [INFO]     [1 | both | 1](candidate_pairs: 27/27 | new_swaps: 7 | total: 15) -> {'max_bond': 16, 'max_links': 4, 'total_elems': 10512, 'total_shapes': 842, 'total_links': 222, 'num_tensors': 56}
2026-08-25 06:00:50,215 [INFO]     [1 | left | 0](candidate_pairs: 28/28 | new_swaps: 7 | total: 22) -> {'max_bond': 16, 'max_links': 4, 'total_elems': 8432, 'total_shapes': 770, 'total_links': 222, 'num_tensors': 56}
2026-08-25 06:00:50,271 [INFO]     [1 | left | 1](candidate_pairs: 27/27 | new_swaps: 1 | total: 23) -> {'max_bond': 16, 'max_links': 4, 'total_elems': 8240, 'total_shapes': 762, 'total_links': 222, 'num_tensors': 56}
2026-08-25 06:00:50,328 [INFO]     [1 | right | 0](candidate_pairs: 28/28 | new_swaps: 3 | total: 26) -> {'max_bond': 16, 'max_links': 4, 'total_elems': 7488, 'total_shapes': 738, 'total_links': 222, 'num_tensors': 56}
2026-08-25 06:00:50,381 [INFO]     [1 | right | 1](candidate_pairs: 27/27 | new_swaps: 1 | total: 27) -> {'max_bond': 16, 'max_links': 4, 'total_elems': 7416, 'total_shapes': 734, 'total_links': 222, 'num_tensors': 56}
2026-08-25 06:00:50,484 [INFO]     [2 | both | 0](candidate_pairs: 28/28 | new_swaps: 3 | total: 3) -> {'max_bond': 16, 'max_links': 4, 'total_elems': 6552, 'total_shapes': 710, 'total_links': 222, 'num_tensors': 56}
2026-08-25 06:00:50,588 [INFO]     [2 | both | 1](candidate_pairs: 27/27 | new_swaps: 10 | total: 13) -> {'max_bond': 16, 'max_links': 4, 'total_elems': 3588, 'total_shapes': 610, 'total_links': 222, 'num_tensors': 56}
2026-08-25 06:00:50,641 [INFO]     [2 | left | 0](candidate_pairs: 28/28 | new_swaps: 3 | total: 16) -> {'max_bond': 8, 'max_links': 4, 'total_elems': 3028, 'total_shapes': 582, 'total_links': 222, 'num_tensors': 56}
2026-08-25 06:00:50,692 [INFO]     [2 | left | 1](candidate_pairs: 27/27 | new_swaps: 1 | total: 17) -> {'max_bond': 8, 'max_links': 4, 'total_elems': 2932, 'total_shapes': 576, 'total_links': 222, 'num_tensors': 56}
2026-08-25 06:00:50,743 [INFO]     [2 | right | 0](candidate_pairs: 28/28 | new_swaps: 3 | total: 20) -> {'max_bond': 8, 'max_links': 4, 'total_elems': 2444, 'total_shapes': 552, 'total_links': 222, 'num_tensors': 56}
2026-08-25 06:00:50,765 [INFO]     [2 | right | 1](candidate_pairs: 27/27 | new_swaps: 0 | total: 20) -> {'max_bond': 8, 'max_links': 4, 'total_elems': 2444, 'total_shapes': 552, 'total_links': 222, 'num_tensors': 56}
2026-08-25 06:00:50,858 [INFO]     [3 | both | 0](candidate_pairs: 28/28 | new_swaps: 6 | total: 6) -> {'max_bond': 8, 'max_links': 4, 'total_elems': 1880, 'total_shapes': 518, 'total_links': 222, 'num_tensors': 56}
2026-08-25 06:00:50,947 [INFO]     [3 | both | 1](candidate_pairs: 27/27 | new_swaps: 3 | total: 9) -> {'max_bond': 8, 'max_links': 4, 'total_elems': 1808, 'total_shapes': 510, 'total_links': 222, 'num_tensors': 56}
2026-08-25 06:00:50,987 [INFO]     [3 | left | 0](candidate_pairs: 28/28 | new_swaps: 1 | total: 10) -> {'max_bond': 8, 'max_links': 4, 'total_elems': 1748, 'total_shapes': 504, 'total_links': 222, 'num_tensors': 56}
2026-08-25 06:00:51,038 [INFO]     [3 | left | 1](candidate_pairs: 27/27 | new_swaps: 3 | total: 13) -> {'max_bond': 8, 'max_links': 4, 'total_elems': 1604, 'total_shapes': 484, 'total_links': 222, 'num_tensors': 56}
2026-08-25 06:00:51,059 [INFO]     [3 | right | 0](candidate_pairs: 28/28 | new_swaps: 0 | total: 13) -> {'max_bond': 8, 'max_links': 4, 'total_elems': 1604, 'total_shapes': 484, 'total_links': 222, 'num_tensors': 56}
2026-08-25 06:00:51,107 [INFO]     [3 | right | 1](candidate_pairs: 27/27 | new_swaps: 1 | total: 14) -> {'max_bond': 8, 'max_links': 4, 'total_elems': 1412, 'total_shapes': 472, 'total_links': 222, 'num_tensors': 56}
2026-08-25 06:00:51,196 [INFO]     [4 | both | 0](candidate_pairs: 28/28 | new_swaps: 3 | total: 3) -> {'max_bond': 8, 'max_links': 4, 'total_elems': 1376, 'total_shapes': 466, 'total_links': 222, 'num_tensors': 56}
2026-08-25 06:00:51,285 [INFO]     [4 | both | 1](candidate_pairs: 27/27 | new_swaps: 4 | total: 7) -> {'max_bond': 8, 'max_links': 4, 'total_elems': 1328, 'total_shapes': 458, 'total_links': 222, 'num_tensors': 56}
2026-08-25 06:00:51,306 [INFO]     [4 | left | 0](candidate_pairs: 28/28 | new_swaps: 0 | total: 7) -> {'max_bond': 8, 'max_links': 4, 'total_elems': 1328, 'total_shapes': 458, 'total_links': 222, 'num_tensors': 56}
2026-08-25 06:00:51,327 [INFO]     [4 | left | 1](candidate_pairs: 27/27 | new_swaps: 0 | total: 7) -> {'max_bond': 8, 'max_links': 4, 'total_elems': 1328, 'total_shapes': 458, 'total_links': 222, 'num_tensors': 56}
2026-08-25 06:00:51,348 [INFO]     [4 | right | 0](candidate_pairs: 28/28 | new_swaps: 0 | total: 7) -> {'max_bond': 8, 'max_links': 4, 'total_elems': 1328, 'total_shapes': 458, 'total_links': 222, 'num_tensors': 56}
2026-08-25 06:00:51,369 [INFO]     [4 | right | 1](candidate_pairs: 27/27 | new_swaps: 0 | total: 7) -> {'max_bond': 8, 'max_links': 4, 'total_elems': 1328, 'total_shapes': 458, 'total_links': 222, 'num_tensors': 56}
2026-08-25 06:00:51,409 [INFO]     [5 | both | 0](candidate_pairs: 28/28 | new_swaps: 0 | total: 0) -> {'max_bond': 8, 'max_links': 4, 'total_elems': 1328, 'total_shapes': 458, 'total_links': 222, 'num_tensors': 56}
2026-08-25 06:00:51,449 [INFO]     [5 | both | 1](candidate_pairs: 27/27 | new_swaps: 0 | total: 0) -> {'max_bond': 8, 'max_links': 4, 'total_elems': 1328, 'total_shapes': 458, 'total_links': 222, 'num_tensors': 56}
2026-08-25 06:00:51,470 [INFO]     [5 | left | 0](candidate_pairs: 28/28 | new_swaps: 0 | total: 0) -> {'max_bond': 8, 'max_links': 4, 'total_elems': 1328, 'total_shapes': 458, 'total_links': 222, 'num_tensors': 56}
2026-08-25 06:00:51,491 [INFO]     [5 | left | 1](candidate_pairs: 27/27 | new_swaps: 0 | total: 0) -> {'max_bond': 8, 'max_links': 4, 'total_elems': 1328, 'total_shapes': 458, 'total_links': 222, 'num_tensors': 56}
2026-08-25 06:00:51,512 [INFO]     [5 | right | 0](candidate_pairs: 28/28 | new_swaps: 0 | total: 0) -> {'max_bond': 8, 'max_links': 4, 'total_elems': 1328, 'total_shapes': 458, 'total_links': 222, 'num_tensors': 56}
2026-08-25 06:00:51,533 [INFO]     [5 | right | 1](candidate_pairs: 27/27 | new_swaps: 0 | total: 0) -> {'max_bond': 8, 'max_links': 4, 'total_elems': 1328, 'total_shapes': 458, 'total_links': 222, 'num_tensors': 56}
2026-08-25 06:00:51,533 [INFO]     [end unswap] -> {'max_bond': 8, 'max_links': 4, 'total_elems': 1328, 'total_shapes': 458, 'total_links': 222, 'num_tensors': 56}
2026-08-25 06:00:51,880 [INFO] [start rewire](phase=post_unswap, cycle=4, side=left, layers=1555, trials=20, seed=123, parallel=False, route_candidates=1, route_score=none)
2026-08-25 06:00:53,378 [INFO] [end rewire](phase=post_unswap, cycle=4, side=left, routed_layers=1359, elapsed_s=1.50)
2026-08-25 06:00:53,378 [INFO] [start rewire](phase=post_unswap, cycle=4, side=right, layers=1470, trials=20, seed=123, parallel=False, route_candidates=1, route_score=none)
2026-08-25 06:00:54,992 [INFO] [end rewire](phase=post_unswap, cycle=4, side=right, routed_layers=1569, elapsed_s=1.61)
2026-08-25 06:00:55,085 [INFO] [1L/1357](swap: 13, u: 0 | c_u: 0 | t_u_l: 7/942 | t_u_r: 12/943 | t_u: 19/1885) -> {'max_bond': 8, 'max_links': 4, 'total_elems': 1328, 'total_shapes': 458, 'total_links': 222, 'num_tensors': 56}
2026-08-25 06:00:55,158 [INFO] [1R/1567](swap: 15, u: 0 | c_u: 0 | t_u_l: 7/942 | t_u_r: 12/943 | t_u: 19/1885) -> {'max_bond': 16, 'max_links': 4, 'total_elems': 2408, 'total_shapes': 558, 'total_links': 222, 'num_tensors': 56}
2026-08-25 06:00:55,230 [INFO] [2L/1357](swap: 11, u: 1 | c_u: 1 | t_u_l: 8/942 | t_u_r: 12/943 | t_u: 20/1885) -> {'max_bond': 16, 'max_links': 4, 'total_elems': 3212, 'total_shapes': 604, 'total_links': 222, 'num_tensors': 56}
2026-08-25 06:00:55,300 [INFO] [2R/1567](swap: 16, u: 0 | c_u: 1 | t_u_l: 8/942 | t_u_r: 12/943 | t_u: 20/1885) -> {'max_bond': 16, 'max_links': 4, 'total_elems': 4444, 'total_shapes': 694, 'total_links': 222, 'num_tensors': 56}
2026-08-25 06:00:55,372 [INFO] [3L/1357](swap: 14, u: 0 | c_u: 1 | t_u_l: 8/942 | t_u_r: 12/943 | t_u: 20/1885) -> {'max_bond': 16, 'max_links': 4, 'total_elems': 6424, 'total_shapes': 738, 'total_links': 222, 'num_tensors': 56}
2026-08-25 06:00:55,447 [INFO] [4L/1357](swap: 13, u: 2 | c_u: 3 | t_u_l: 10/942 | t_u_r: 12/943 | t_u: 22/1885) -> {'max_bond': 32, 'max_links': 4, 'total_elems': 10184, 'total_shapes': 874, 'total_links': 222, 'num_tensors': 56}
2026-08-25 06:00:55,524 [INFO] [5L/1357](swap: 10, u: 1 | c_u: 4 | t_u_l: 11/942 | t_u_r: 12/943 | t_u: 23/1885) -> {'max_bond': 32, 'max_links': 4, 'total_elems': 17152, 'total_shapes': 1040, 'total_links': 222, 'num_tensors': 56}
2026-08-25 06:00:55,608 [INFO] [6L/1357](swap: 12, u: 0 | c_u: 4 | t_u_l: 11/942 | t_u_r: 12/943 | t_u: 23/1885) -> {'max_bond': 64, 'max_links': 4, 'total_elems': 33952, 'total_shapes': 1400, 'total_links': 222, 'num_tensors': 56}
2026-08-25 06:00:55,716 [INFO] [3R/1567](swap: 16, u: 0 | c_u: 4 | t_u_l: 11/942 | t_u_r: 12/943 | t_u: 23/1885) -> {'max_bond': 64, 'max_links': 4, 'total_elems': 67768, 'total_shapes': 1586, 'total_links': 222, 'num_tensors': 56}
2026-08-25 06:00:55,857 [INFO] [4R/1567](swap: 17, u: 1 | c_u: 5 | t_u_l: 11/942 | t_u_r: 13/943 | t_u: 24/1885) -> {'max_bond': 64, 'max_links': 4, 'total_elems': 79696, 'total_shapes': 1824, 'total_links': 222, 'num_tensors': 56}
2026-08-25 06:00:56,013 [INFO] [5R/1567](swap: 12, u: 1 | c_u: 6 | t_u_l: 11/942 | t_u_r: 14/943 | t_u: 25/1885) -> {'max_bond': 64, 'max_links': 4, 'total_elems': 109088, 'total_shapes': 2040, 'total_links': 222, 'num_tensors': 56}
2026-08-25 06:00:56,230 [INFO]     [start unswap] -> {'max_bond': 64, 'max_links': 4, 'total_elems': 109088, 'total_shapes': 2040, 'total_links': 222, 'num_tensors': 56}
2026-08-25 06:00:58,422 [INFO]     [0 | both | 0](candidate_pairs: 28/28 | new_swaps: 5 | total: 5) -> {'max_bond': 256, 'max_links': 4, 'total_elems': 303392, 'total_shapes': 2752, 'total_links': 222, 'num_tensors': 56}
2026-08-25 06:00:59,059 [INFO]     [0 | both | 1](candidate_pairs: 27/27 | new_swaps: 11 | total: 16) -> {'max_bond': 64, 'max_links': 4, 'total_elems': 72944, 'total_shapes': 1692, 'total_links': 222, 'num_tensors': 56}
2026-08-25 06:00:59,188 [INFO]     [0 | left | 0](candidate_pairs: 28/28 | new_swaps: 13 | total: 29) -> {'max_bond': 64, 'max_links': 4, 'total_elems': 44992, 'total_shapes': 1344, 'total_links': 222, 'num_tensors': 56}
2026-08-25 06:00:59,303 [INFO]     [0 | left | 1](candidate_pairs: 27/27 | new_swaps: 12 | total: 41) -> {'max_bond': 64, 'max_links': 4, 'total_elems': 20528, 'total_shapes': 1080, 'total_links': 222, 'num_tensors': 56}
2026-08-25 06:00:59,373 [INFO]     [0 | right | 0](candidate_pairs: 28/28 | new_swaps: 7 | total: 48) -> {'max_bond': 16, 'max_links': 4, 'total_elems': 10544, 'total_shapes': 866, 'total_links': 222, 'num_tensors': 56}
2026-08-25 06:00:59,433 [INFO]     [0 | right | 1](candidate_pairs: 27/27 | new_swaps: 4 | total: 52) -> {'max_bond': 16, 'max_links': 4, 'total_elems': 9176, 'total_shapes': 820, 'total_links': 222, 'num_tensors': 56}
2026-08-25 06:00:59,535 [INFO]     [1 | both | 0](candidate_pairs: 28/28 | new_swaps: 1 | total: 1) -> {'max_bond': 16, 'max_links': 4, 'total_elems': 9128, 'total_shapes': 816, 'total_links': 222, 'num_tensors': 56}
2026-08-25 06:00:59,643 [INFO]     [1 | both | 1](candidate_pairs: 27/27 | new_swaps: 4 | total: 5) -> {'max_bond': 16, 'max_links': 4, 'total_elems': 8636, 'total_shapes': 790, 'total_links': 222, 'num_tensors': 56}
2026-08-25 06:00:59,702 [INFO]     [1 | left | 0](candidate_pairs: 28/28 | new_swaps: 5 | total: 10) -> {'max_bond': 16, 'max_links': 4, 'total_elems': 6164, 'total_shapes': 722, 'total_links': 222, 'num_tensors': 56}
2026-08-25 06:00:59,757 [INFO]     [1 | left | 1](candidate_pairs: 27/27 | new_swaps: 3 | total: 13) -> {'max_bond': 16, 'max_links': 4, 'total_elems': 5008, 'total_shapes': 684, 'total_links': 222, 'num_tensors': 56}
2026-08-25 06:00:59,810 [INFO]     [1 | right | 0](candidate_pairs: 28/28 | new_swaps: 3 | total: 16) -> {'max_bond': 16, 'max_links': 4, 'total_elems': 4548, 'total_shapes': 658, 'total_links': 222, 'num_tensors': 56}
2026-08-25 06:00:59,862 [INFO]     [1 | right | 1](candidate_pairs: 27/27 | new_swaps: 2 | total: 18) -> {'max_bond': 16, 'max_links': 4, 'total_elems': 4020, 'total_shapes': 634, 'total_links': 222, 'num_tensors': 56}
2026-08-25 06:00:59,959 [INFO]     [2 | both | 0](candidate_pairs: 28/28 | new_swaps: 7 | total: 7) -> {'max_bond': 16, 'max_links': 4, 'total_elems': 2724, 'total_shapes': 586, 'total_links': 222, 'num_tensors': 56}
2026-08-25 06:01:00,052 [INFO]     [2 | both | 1](candidate_pairs: 27/27 | new_swaps: 6 | total: 13) -> {'max_bond': 8, 'max_links': 4, 'total_elems': 2012, 'total_shapes': 532, 'total_links': 222, 'num_tensors': 56}
2026-08-25 06:01:00,103 [INFO]     [2 | left | 0](candidate_pairs: 28/28 | new_swaps: 3 | total: 16) -> {'max_bond': 8, 'max_links': 4, 'total_elems': 1772, 'total_shapes': 508, 'total_links': 222, 'num_tensors': 56}
2026-08-25 06:01:00,143 [INFO]     [2 | left | 1](candidate_pairs: 27/27 | new_swaps: 1 | total: 17) -> {'max_bond': 8, 'max_links': 4, 'total_elems': 1724, 'total_shapes': 502, 'total_links': 222, 'num_tensors': 56}
2026-08-25 06:01:00,168 [INFO]     [2 | right | 0](candidate_pairs: 28/28 | new_swaps: 0 | total: 17) -> {'max_bond': 8, 'max_links': 4, 'total_elems': 1724, 'total_shapes': 502, 'total_links': 222, 'num_tensors': 56}
2026-08-25 06:01:00,189 [INFO]     [2 | right | 1](candidate_pairs: 27/27 | new_swaps: 0 | total: 17) -> {'max_bond': 8, 'max_links': 4, 'total_elems': 1724, 'total_shapes': 502, 'total_links': 222, 'num_tensors': 56}
2026-08-25 06:01:00,280 [INFO]     [3 | both | 0](candidate_pairs: 28/28 | new_swaps: 4 | total: 4) -> {'max_bond': 8, 'max_links': 4, 'total_elems': 1640, 'total_shapes': 492, 'total_links': 222, 'num_tensors': 56}
2026-08-25 06:01:00,367 [INFO]     [3 | both | 1](candidate_pairs: 27/27 | new_swaps: 2 | total: 6) -> {'max_bond': 8, 'max_links': 4, 'total_elems': 1616, 'total_shapes': 488, 'total_links': 222, 'num_tensors': 56}
2026-08-25 06:01:00,389 [INFO]     [3 | left | 0](candidate_pairs: 28/28 | new_swaps: 0 | total: 6) -> {'max_bond': 8, 'max_links': 4, 'total_elems': 1616, 'total_shapes': 488, 'total_links': 222, 'num_tensors': 56}
2026-08-25 06:01:00,438 [INFO]     [3 | left | 1](candidate_pairs: 27/27 | new_swaps: 1 | total: 7) -> {'max_bond': 8, 'max_links': 4, 'total_elems': 1592, 'total_shapes': 484, 'total_links': 222, 'num_tensors': 56}
2026-08-25 06:01:00,459 [INFO]     [3 | right | 0](candidate_pairs: 28/28 | new_swaps: 0 | total: 7) -> {'max_bond': 8, 'max_links': 4, 'total_elems': 1592, 'total_shapes': 484, 'total_links': 222, 'num_tensors': 56}
2026-08-25 06:01:00,480 [INFO]     [3 | right | 1](candidate_pairs: 27/27 | new_swaps: 0 | total: 7) -> {'max_bond': 8, 'max_links': 4, 'total_elems': 1592, 'total_shapes': 484, 'total_links': 222, 'num_tensors': 56}
2026-08-25 06:01:00,567 [INFO]     [4 | both | 0](candidate_pairs: 28/28 | new_swaps: 1 | total: 1) -> {'max_bond': 8, 'max_links': 4, 'total_elems': 1580, 'total_shapes': 482, 'total_links': 222, 'num_tensors': 56}
2026-08-25 06:01:00,609 [INFO]     [4 | both | 1](candidate_pairs: 27/27 | new_swaps: 0 | total: 1) -> {'max_bond': 8, 'max_links': 4, 'total_elems': 1580, 'total_shapes': 482, 'total_links': 222, 'num_tensors': 56}
2026-08-25 06:01:00,630 [INFO]     [4 | left | 0](candidate_pairs: 28/28 | new_swaps: 0 | total: 1) -> {'max_bond': 8, 'max_links': 4, 'total_elems': 1580, 'total_shapes': 482, 'total_links': 222, 'num_tensors': 56}
2026-08-25 06:01:00,652 [INFO]     [4 | left | 1](candidate_pairs: 27/27 | new_swaps: 0 | total: 1) -> {'max_bond': 8, 'max_links': 4, 'total_elems': 1580, 'total_shapes': 482, 'total_links': 222, 'num_tensors': 56}
2026-08-25 06:01:00,672 [INFO]     [4 | right | 0](candidate_pairs: 28/28 | new_swaps: 0 | total: 1) -> {'max_bond': 8, 'max_links': 4, 'total_elems': 1580, 'total_shapes': 482, 'total_links': 222, 'num_tensors': 56}
2026-08-25 06:01:00,693 [INFO]     [4 | right | 1](candidate_pairs: 27/27 | new_swaps: 0 | total: 1) -> {'max_bond': 8, 'max_links': 4, 'total_elems': 1580, 'total_shapes': 482, 'total_links': 222, 'num_tensors': 56}
2026-08-25 06:01:00,734 [INFO]     [5 | both | 0](candidate_pairs: 28/28 | new_swaps: 0 | total: 0) -> {'max_bond': 8, 'max_links': 4, 'total_elems': 1580, 'total_shapes': 482, 'total_links': 222, 'num_tensors': 56}
2026-08-25 06:01:00,775 [INFO]     [5 | both | 1](candidate_pairs: 27/27 | new_swaps: 0 | total: 0) -> {'max_bond': 8, 'max_links': 4, 'total_elems': 1580, 'total_shapes': 482, 'total_links': 222, 'num_tensors': 56}
2026-08-25 06:01:00,797 [INFO]     [5 | left | 0](candidate_pairs: 28/28 | new_swaps: 0 | total: 0) -> {'max_bond': 8, 'max_links': 4, 'total_elems': 1580, 'total_shapes': 482, 'total_links': 222, 'num_tensors': 56}
2026-08-25 06:01:00,818 [INFO]     [5 | left | 1](candidate_pairs: 27/27 | new_swaps: 0 | total: 0) -> {'max_bond': 8, 'max_links': 4, 'total_elems': 1580, 'total_shapes': 482, 'total_links': 222, 'num_tensors': 56}
2026-08-25 06:01:00,839 [INFO]     [5 | right | 0](candidate_pairs: 28/28 | new_swaps: 0 | total: 0) -> {'max_bond': 8, 'max_links': 4, 'total_elems': 1580, 'total_shapes': 482, 'total_links': 222, 'num_tensors': 56}
2026-08-25 06:01:00,859 [INFO]     [5 | right | 1](candidate_pairs: 27/27 | new_swaps: 0 | total: 0) -> {'max_bond': 8, 'max_links': 4, 'total_elems': 1580, 'total_shapes': 482, 'total_links': 222, 'num_tensors': 56}
2026-08-25 06:01:00,860 [INFO]     [end unswap] -> {'max_bond': 8, 'max_links': 4, 'total_elems': 1580, 'total_shapes': 482, 'total_links': 222, 'num_tensors': 56}
2026-08-25 06:01:01,278 [INFO] [start rewire](phase=post_unswap, cycle=5, side=left, layers=1353, trials=20, seed=123, parallel=False, route_candidates=1, route_score=none)
2026-08-25 06:01:03,199 [INFO] [end rewire](phase=post_unswap, cycle=5, side=left, routed_layers=1518, elapsed_s=1.92)
2026-08-25 06:01:03,199 [INFO] [start rewire](phase=post_unswap, cycle=5, side=right, layers=1564, trials=20, seed=123, parallel=False, route_candidates=1, route_score=none)
2026-08-25 06:01:04,832 [INFO] [end rewire](phase=post_unswap, cycle=5, side=right, routed_layers=1529, elapsed_s=1.63)
2026-08-25 06:01:04,931 [INFO] [1L/1516](swap: 12, u: 0 | c_u: 0 | t_u_l: 11/942 | t_u_r: 14/943 | t_u: 25/1885) -> {'max_bond': 8, 'max_links': 4, 'total_elems': 1580, 'total_shapes': 482, 'total_links': 222, 'num_tensors': 56}
2026-08-25 06:01:05,005 [INFO] [1R/1527](swap: 9, u: 0 | c_u: 0 | t_u_l: 11/942 | t_u_r: 14/943 | t_u: 25/1885) -> {'max_bond': 16, 'max_links': 4, 'total_elems': 2136, 'total_shapes': 548, 'total_links': 222, 'num_tensors': 56}
2026-08-25 06:01:05,080 [INFO] [2L/1516](swap: 12, u: 2 | c_u: 2 | t_u_l: 13/942 | t_u_r: 14/943 | t_u: 27/1885) -> {'max_bond': 16, 'max_links': 4, 'total_elems': 3188, 'total_shapes': 626, 'total_links': 222, 'num_tensors': 56}
2026-08-25 06:01:05,155 [INFO] [2R/1527](swap: 10, u: 0 | c_u: 2 | t_u_l: 13/942 | t_u_r: 14/943 | t_u: 27/1885) -> {'max_bond': 16, 'max_links': 4, 'total_elems': 6128, 'total_shapes': 722, 'total_links': 222, 'num_tensors': 56}
2026-08-25 06:01:05,231 [INFO] [3R/1527](swap: 15, u: 0 | c_u: 2 | t_u_l: 13/942 | t_u_r: 14/943 | t_u: 27/1885) -> {'max_bond': 16, 'max_links': 4, 'total_elems': 8004, 'total_shapes': 806, 'total_links': 222, 'num_tensors': 56}
2026-08-25 06:01:05,312 [INFO] [3L/1516](swap: 16, u: 0 | c_u: 2 | t_u_l: 13/942 | t_u_r: 14/943 | t_u: 27/1885) -> {'max_bond': 32, 'max_links': 4, 'total_elems': 14708, 'total_shapes': 960, 'total_links': 222, 'num_tensors': 56}
2026-08-25 06:01:05,400 [INFO] [4R/1527](swap: 13, u: 1 | c_u: 3 | t_u_l: 13/942 | t_u_r: 15/943 | t_u: 28/1885) -> {'max_bond': 64, 'max_links': 4, 'total_elems': 23536, 'total_shapes': 1170, 'total_links': 222, 'num_tensors': 56}
2026-08-25 06:01:05,503 [INFO] [4L/1516](swap: 17, u: 1 | c_u: 4 | t_u_l: 14/942 | t_u_r: 15/943 | t_u: 29/1885) -> {'max_bond': 64, 'max_links': 4, 'total_elems': 49544, 'total_shapes': 1464, 'total_links': 222, 'num_tensors': 56}
2026-08-25 06:01:05,633 [INFO] [5R/1527](swap: 13, u: 3 | c_u: 7 | t_u_l: 14/942 | t_u_r: 18/943 | t_u: 32/1885) -> {'max_bond': 64, 'max_links': 4, 'total_elems': 74088, 'total_shapes': 1754, 'total_links': 222, 'num_tensors': 56}
2026-08-25 06:01:05,777 [INFO] [6R/1527](swap: 11, u: 2 | c_u: 9 | t_u_l: 14/942 | t_u_r: 20/943 | t_u: 34/1885) -> {'max_bond': 64, 'max_links': 4, 'total_elems': 85848, 'total_shapes': 1970, 'total_links': 222, 'num_tensors': 56}
2026-08-25 06:01:05,930 [INFO] [5L/1516](swap: 14, u: 1 | c_u: 10 | t_u_l: 15/942 | t_u_r: 20/943 | t_u: 35/1885) -> {'max_bond': 64, 'max_links': 4, 'total_elems': 112216, 'total_shapes': 2266, 'total_links': 222, 'num_tensors': 56}
2026-08-25 06:01:06,103 [INFO] [7R/1527](swap: 15, u: 0 | c_u: 10 | t_u_l: 15/942 | t_u_r: 20/943 | t_u: 35/1885) -> {'max_bond': 64, 'max_links': 4, 'total_elems': 148024, 'total_shapes': 2606, 'total_links': 222, 'num_tensors': 56}
2026-08-25 06:01:06,335 [INFO] [8R/1527](swap: 16, u: 0 | c_u: 10 | t_u_l: 15/942 | t_u_r: 20/943 | t_u: 35/1885) -> {'max_bond': 128, 'max_links': 4, 'total_elems': 217528, 'total_shapes': 3326, 'total_links': 222, 'num_tensors': 56}
2026-08-25 06:01:06,709 [INFO] [6L/1516](swap: 15, u: 0 | c_u: 10 | t_u_l: 15/942 | t_u_r: 20/943 | t_u: 35/1885) -> {'max_bond': 128, 'max_links': 4, 'total_elems': 373888, 'total_shapes': 4108, 'total_links': 222, 'num_tensors': 56}
2026-08-25 06:01:07,314 [INFO]     [start unswap] -> {'max_bond': 128, 'max_links': 4, 'total_elems': 373888, 'total_shapes': 4108, 'total_links': 222, 'num_tensors': 56}
2026-08-25 06:01:10,656 [INFO]     [0 | both | 0](candidate_pairs: 28/28 | new_swaps: 8 | total: 8) -> {'max_bond': 256, 'max_links': 4, 'total_elems': 495488, 'total_shapes': 4538, 'total_links': 222, 'num_tensors': 56}
2026-08-25 06:01:11,892 [INFO]     [0 | both | 1](candidate_pairs: 27/27 | new_swaps: 13 | total: 21) -> {'max_bond': 64, 'max_links': 4, 'total_elems': 171328, 'total_shapes': 2858, 'total_links': 222, 'num_tensors': 56}
2026-08-25 06:01:12,145 [INFO]     [0 | left | 0](candidate_pairs: 28/28 | new_swaps: 9 | total: 30) -> {'max_bond': 64, 'max_links': 4, 'total_elems': 93472, 'total_shapes': 2230, 'total_links': 222, 'num_tensors': 56}
2026-08-25 06:01:12,320 [INFO]     [0 | left | 1](candidate_pairs: 27/27 | new_swaps: 13 | total: 43) -> {'max_bond': 64, 'max_links': 4, 'total_elems': 52128, 'total_shapes': 1778, 'total_links': 222, 'num_tensors': 56}
2026-08-25 06:01:12,425 [INFO]     [0 | right | 0](candidate_pairs: 28/28 | new_swaps: 12 | total: 55) -> {'max_bond': 32, 'max_links': 4, 'total_elems': 34308, 'total_shapes': 1432, 'total_links': 222, 'num_tensors': 56}
2026-08-25 06:01:12,520 [INFO]     [0 | right | 1](candidate_pairs: 27/27 | new_swaps: 8 | total: 63) -> {'max_bond': 32, 'max_links': 4, 'total_elems': 23268, 'total_shapes': 1252, 'total_links': 222, 'num_tensors': 56}
2026-08-25 06:01:12,655 [INFO]     [1 | both | 0](candidate_pairs: 28/28 | new_swaps: 11 | total: 11) -> {'max_bond': 16, 'max_links': 4, 'total_elems': 18692, 'total_shapes': 1092, 'total_links': 222, 'num_tensors': 56}
2026-08-25 06:01:12,784 [INFO]     [1 | both | 1](candidate_pairs: 27/27 | new_swaps: 6 | total: 17) -> {'max_bond': 16, 'max_links': 4, 'total_elems': 17412, 'total_shapes': 1036, 'total_links': 222, 'num_tensors': 56}
2026-08-25 06:01:12,852 [INFO]     [1 | left | 0](candidate_pairs: 28/28 | new_swaps: 5 | total: 22) -> {'max_bond': 16, 'max_links': 4, 'total_elems': 14660, 'total_shapes': 948, 'total_links': 222, 'num_tensors': 56}
2026-08-25 06:01:12,918 [INFO]     [1 | left | 1](candidate_pairs: 27/27 | new_swaps: 5 | total: 27) -> {'max_bond': 16, 'max_links': 4, 'total_elems': 13324, 'total_shapes': 902, 'total_links': 222, 'num_tensors': 56}
2026-08-25 06:01:12,982 [INFO]     [1 | right | 0](candidate_pairs: 28/28 | new_swaps: 5 | total: 32) -> {'max_bond': 16, 'max_links': 4, 'total_elems': 11452, 'total_shapes': 850, 'total_links': 222, 'num_tensors': 56}
2026-08-25 06:01:13,043 [INFO]     [1 | right | 1](candidate_pairs: 27/27 | new_swaps: 4 | total: 36) -> {'max_bond': 16, 'max_links': 4, 'total_elems': 10372, 'total_shapes': 816, 'total_links': 222, 'num_tensors': 56}
2026-08-25 06:01:13,153 [INFO]     [2 | both | 0](candidate_pairs: 28/28 | new_swaps: 5 | total: 5) -> {'max_bond': 16, 'max_links': 4, 'total_elems': 9100, 'total_shapes': 772, 'total_links': 222, 'num_tensors': 56}
2026-08-25 06:01:13,260 [INFO]     [2 | both | 1](candidate_pairs: 27/27 | new_swaps: 5 | total: 10) -> {'max_bond': 16, 'max_links': 4, 'total_elems': 8304, 'total_shapes': 720, 'total_links': 222, 'num_tensors': 56}
2026-08-25 06:01:13,318 [INFO]     [2 | left | 0](candidate_pairs: 28/28 | new_swaps: 3 | total: 13) -> {'max_bond': 16, 'max_links': 4, 'total_elems': 7992, 'total_shapes': 702, 'total_links': 222, 'num_tensors': 56}
2026-08-25 06:01:13,344 [INFO]     [2 | left | 1](candidate_pairs: 27/27 | new_swaps: 0 | total: 13) -> {'max_bond': 16, 'max_links': 4, 'total_elems': 7992, 'total_shapes': 702, 'total_links': 222, 'num_tensors': 56}
2026-08-25 06:01:13,400 [INFO]     [2 | right | 0](candidate_pairs: 28/28 | new_swaps: 2 | total: 15) -> {'max_bond': 16, 'max_links': 4, 'total_elems': 7728, 'total_shapes': 690, 'total_links': 222, 'num_tensors': 56}
2026-08-25 06:01:13,455 [INFO]     [2 | right | 1](candidate_pairs: 27/27 | new_swaps: 2 | total: 17) -> {'max_bond': 16, 'max_links': 4, 'total_elems': 7152, 'total_shapes': 670, 'total_links': 222, 'num_tensors': 56}
2026-08-25 06:01:13,557 [INFO]     [3 | both | 0](candidate_pairs: 28/28 | new_swaps: 5 | total: 5) -> {'max_bond': 16, 'max_links': 4, 'total_elems': 6860, 'total_shapes': 648, 'total_links': 222, 'num_tensors': 56}
2026-08-25 06:01:13,657 [INFO]     [3 | both | 1](candidate_pairs: 27/27 | new_swaps: 3 | total: 8) -> {'max_bond': 16, 'max_links': 4, 'total_elems': 6660, 'total_shapes': 632, 'total_links': 222, 'num_tensors': 56}
2026-08-25 06:01:13,682 [INFO]     [3 | left | 0](candidate_pairs: 28/28 | new_swaps: 0 | total: 8) -> {'max_bond': 16, 'max_links': 4, 'total_elems': 6660, 'total_shapes': 632, 'total_links': 222, 'num_tensors': 56}
2026-08-25 06:01:13,738 [INFO]     [3 | left | 1](candidate_pairs: 27/27 | new_swaps: 2 | total: 10) -> {'max_bond': 16, 'max_links': 4, 'total_elems': 6572, 'total_shapes': 622, 'total_links': 222, 'num_tensors': 56}
2026-08-25 06:01:13,792 [INFO]     [3 | right | 0](candidate_pairs: 28/28 | new_swaps: 2 | total: 12) -> {'max_bond': 16, 'max_links': 4, 'total_elems': 5896, 'total_shapes': 600, 'total_links': 222, 'num_tensors': 56}
2026-08-25 06:01:13,835 [INFO]     [3 | right | 1](candidate_pairs: 27/27 | new_swaps: 1 | total: 13) -> {'max_bond': 16, 'max_links': 4, 'total_elems': 4744, 'total_shapes': 576, 'total_links': 222, 'num_tensors': 56}
2026-08-25 06:01:13,920 [INFO]     [4 | both | 0](candidate_pairs: 28/28 | new_swaps: 1 | total: 1) -> {'max_bond': 16, 'max_links': 4, 'total_elems': 3784, 'total_shapes': 552, 'total_links': 222, 'num_tensors': 56}
2026-08-25 06:01:14,001 [INFO]     [4 | both | 1](candidate_pairs: 27/27 | new_swaps: 1 | total: 2) -> {'max_bond': 16, 'max_links': 4, 'total_elems': 2824, 'total_shapes': 528, 'total_links': 222, 'num_tensors': 56}
2026-08-25 06:01:14,052 [INFO]     [4 | left | 0](candidate_pairs: 28/28 | new_swaps: 1 | total: 3) -> {'max_bond': 16, 'max_links': 4, 'total_elems': 2184, 'total_shapes': 512, 'total_links': 222, 'num_tensors': 56}
2026-08-25 06:01:14,074 [INFO]     [4 | left | 1](candidate_pairs: 27/27 | new_swaps: 0 | total: 3) -> {'max_bond': 16, 'max_links': 4, 'total_elems': 2184, 'total_shapes': 512, 'total_links': 222, 'num_tensors': 56}
2026-08-25 06:01:14,096 [INFO]     [4 | right | 0](candidate_pairs: 28/28 | new_swaps: 0 | total: 3) -> {'max_bond': 16, 'max_links': 4, 'total_elems': 2184, 'total_shapes': 512, 'total_links': 222, 'num_tensors': 56}
2026-08-25 06:01:14,117 [INFO]     [4 | right | 1](candidate_pairs: 27/27 | new_swaps: 0 | total: 3) -> {'max_bond': 16, 'max_links': 4, 'total_elems': 2184, 'total_shapes': 512, 'total_links': 222, 'num_tensors': 56}
2026-08-25 06:01:14,160 [INFO]     [5 | both | 0](candidate_pairs: 28/28 | new_swaps: 0 | total: 0) -> {'max_bond': 16, 'max_links': 4, 'total_elems': 2184, 'total_shapes': 512, 'total_links': 222, 'num_tensors': 56}
2026-08-25 06:01:15,044 [INFO]     [5 | both | 1](candidate_pairs: 27/27 | new_swaps: 1 | total: 1) -> {'max_bond': 8, 'max_links': 4, 'total_elems': 1800, 'total_shapes': 496, 'total_links': 222, 'num_tensors': 56}
2026-08-25 06:01:15,066 [INFO]     [5 | left | 0](candidate_pairs: 28/28 | new_swaps: 0 | total: 1) -> {'max_bond': 8, 'max_links': 4, 'total_elems': 1800, 'total_shapes': 496, 'total_links': 222, 'num_tensors': 56}
2026-08-25 06:01:15,088 [INFO]     [5 | left | 1](candidate_pairs: 27/27 | new_swaps: 0 | total: 1) -> {'max_bond': 8, 'max_links': 4, 'total_elems': 1800, 'total_shapes': 496, 'total_links': 222, 'num_tensors': 56}
2026-08-25 06:01:15,110 [INFO]     [5 | right | 0](candidate_pairs: 28/28 | new_swaps: 0 | total: 1) -> {'max_bond': 8, 'max_links': 4, 'total_elems': 1800, 'total_shapes': 496, 'total_links': 222, 'num_tensors': 56}
2026-08-25 06:01:15,132 [INFO]     [5 | right | 1](candidate_pairs: 27/27 | new_swaps: 0 | total: 1) -> {'max_bond': 8, 'max_links': 4, 'total_elems': 1800, 'total_shapes': 496, 'total_links': 222, 'num_tensors': 56}
2026-08-25 06:01:15,175 [INFO]     [6 | both | 0](candidate_pairs: 28/28 | new_swaps: 0 | total: 0) -> {'max_bond': 8, 'max_links': 4, 'total_elems': 1800, 'total_shapes': 496, 'total_links': 222, 'num_tensors': 56}
2026-08-25 06:01:15,218 [INFO]     [6 | both | 1](candidate_pairs: 27/27 | new_swaps: 0 | total: 0) -> {'max_bond': 8, 'max_links': 4, 'total_elems': 1800, 'total_shapes': 496, 'total_links': 222, 'num_tensors': 56}
2026-08-25 06:01:15,240 [INFO]     [6 | left | 0](candidate_pairs: 28/28 | new_swaps: 0 | total: 0) -> {'max_bond': 8, 'max_links': 4, 'total_elems': 1800, 'total_shapes': 496, 'total_links': 222, 'num_tensors': 56}
2026-08-25 06:01:15,262 [INFO]     [6 | left | 1](candidate_pairs: 27/27 | new_swaps: 0 | total: 0) -> {'max_bond': 8, 'max_links': 4, 'total_elems': 1800, 'total_shapes': 496, 'total_links': 222, 'num_tensors': 56}
2026-08-25 06:01:15,283 [INFO]     [6 | right | 0](candidate_pairs: 28/28 | new_swaps: 0 | total: 0) -> {'max_bond': 8, 'max_links': 4, 'total_elems': 1800, 'total_shapes': 496, 'total_links': 222, 'num_tensors': 56}
2026-08-25 06:01:15,305 [INFO]     [6 | right | 1](candidate_pairs: 27/27 | new_swaps: 0 | total: 0) -> {'max_bond': 8, 'max_links': 4, 'total_elems': 1800, 'total_shapes': 496, 'total_links': 222, 'num_tensors': 56}
2026-08-25 06:01:15,306 [INFO]     [end unswap] -> {'max_bond': 8, 'max_links': 4, 'total_elems': 1800, 'total_shapes': 496, 'total_links': 222, 'num_tensors': 56}
2026-08-25 06:01:15,883 [INFO] [start rewire](phase=post_unswap, cycle=6, side=left, layers=1512, trials=20, seed=123, parallel=False, route_candidates=1, route_score=none)
2026-08-25 06:01:17,363 [INFO] [end rewire](phase=post_unswap, cycle=6, side=left, routed_layers=1589, elapsed_s=1.48)
2026-08-25 06:01:17,363 [INFO] [start rewire](phase=post_unswap, cycle=6, side=right, layers=1521, trials=20, seed=123, parallel=False, route_candidates=1, route_score=none)
2026-08-25 06:01:19,083 [INFO] [end rewire](phase=post_unswap, cycle=6, side=right, routed_layers=1606, elapsed_s=1.72)
2026-08-25 06:01:19,191 [INFO] [1L/1587](swap: 15, u: 0 | c_u: 0 | t_u_l: 15/942 | t_u_r: 20/943 | t_u: 35/1885) -> {'max_bond': 8, 'max_links': 4, 'total_elems': 1800, 'total_shapes': 496, 'total_links': 222, 'num_tensors': 56}
2026-08-25 06:01:19,269 [INFO] [1R/1604](swap: 13, u: 0 | c_u: 0 | t_u_l: 15/942 | t_u_r: 20/943 | t_u: 35/1885) -> {'max_bond': 16, 'max_links': 4, 'total_elems': 3028, 'total_shapes': 598, 'total_links': 222, 'num_tensors': 56}
2026-08-25 06:01:19,346 [INFO] [2L/1587](swap: 13, u: 0 | c_u: 0 | t_u_l: 15/942 | t_u_r: 20/943 | t_u: 35/1885) -> {'max_bond': 16, 'max_links': 4, 'total_elems': 4836, 'total_shapes': 676, 'total_links': 222, 'num_tensors': 56}
2026-08-25 06:01:19,423 [INFO] [3L/1587](swap: 15, u: 0 | c_u: 0 | t_u_l: 15/942 | t_u_r: 20/943 | t_u: 35/1885) -> {'max_bond': 16, 'max_links': 4, 'total_elems': 7208, 'total_shapes': 768, 'total_links': 222, 'num_tensors': 56}
2026-08-25 06:01:19,502 [INFO] [4L/1587](swap: 14, u: 0 | c_u: 0 | t_u_l: 15/942 | t_u_r: 20/943 | t_u: 35/1885) -> {'max_bond': 16, 'max_links': 4, 'total_elems': 11184, 'total_shapes': 926, 'total_links': 222, 'num_tensors': 56}
2026-08-25 06:01:19,586 [INFO] [2R/1604](swap: 13, u: 0 | c_u: 0 | t_u_l: 15/942 | t_u_r: 20/943 | t_u: 35/1885) -> {'max_bond': 64, 'max_links': 4, 'total_elems': 22184, 'total_shapes': 1180, 'total_links': 222, 'num_tensors': 56}
2026-08-25 06:01:19,679 [INFO] [3R/1604](swap: 13, u: 0 | c_u: 0 | t_u_l: 15/942 | t_u_r: 20/943 | t_u: 35/1885) -> {'max_bond': 64, 'max_links': 4, 'total_elems': 32472, 'total_shapes': 1340, 'total_links': 222, 'num_tensors': 56}
2026-08-25 06:01:19,779 [INFO] [4R/1604](swap: 10, u: 0 | c_u: 0 | t_u_l: 15/942 | t_u_r: 20/943 | t_u: 35/1885) -> {'max_bond': 64, 'max_links': 4, 'total_elems': 45352, 'total_shapes': 1616, 'total_links': 222, 'num_tensors': 56}
2026-08-25 06:01:19,892 [INFO] [5R/1604](swap: 8, u: 1 | c_u: 1 | t_u_l: 15/942 | t_u_r: 21/943 | t_u: 36/1885) -> {'max_bond': 64, 'max_links': 4, 'total_elems': 69416, 'total_shapes': 1908, 'total_links': 222, 'num_tensors': 56}
2026-08-25 06:01:20,035 [INFO] [5L/1587](swap: 17, u: 0 | c_u: 1 | t_u_l: 15/942 | t_u_r: 21/943 | t_u: 36/1885) -> {'max_bond': 64, 'max_links': 4, 'total_elems': 121144, 'total_shapes': 2368, 'total_links': 222, 'num_tensors': 56}
2026-08-25 06:01:20,271 [INFO] [6L/1587](swap: 16, u: 1 | c_u: 2 | t_u_l: 16/942 | t_u_r: 21/943 | t_u: 37/1885) -> {'max_bond': 128, 'max_links': 4, 'total_elems': 178016, 'total_shapes': 2848, 'total_links': 222, 'num_tensors': 56}
2026-08-25 06:01:20,523 [INFO] [7L/1587](swap: 14, u: 2 | c_u: 4 | t_u_l: 18/942 | t_u_r: 21/943 | t_u: 39/1885) -> {'max_bond': 128, 'max_links': 4, 'total_elems': 267424, 'total_shapes': 3504, 'total_links': 222, 'num_tensors': 56}
2026-08-25 06:01:20,989 [INFO]     [start unswap] -> {'max_bond': 128, 'max_links': 4, 'total_elems': 267424, 'total_shapes': 3504, 'total_links': 222, 'num_tensors': 56}
2026-08-25 06:01:22,881 [INFO]     [0 | both | 0](candidate_pairs: 28/28 | new_swaps: 6 | total: 6) -> {'max_bond': 128, 'max_links': 4, 'total_elems': 340256, 'total_shapes': 3784, 'total_links': 222, 'num_tensors': 56}
2026-08-25 06:01:23,998 [INFO]     [0 | both | 1](candidate_pairs: 27/27 | new_swaps: 12 | total: 18) -> {'max_bond': 128, 'max_links': 4, 'total_elems': 186272, 'total_shapes': 2824, 'total_links': 222, 'num_tensors': 56}
2026-08-25 06:01:24,266 [INFO]     [0 | left | 0](candidate_pairs: 28/28 | new_swaps: 13 | total: 31) -> {'max_bond': 64, 'max_links': 4, 'total_elems': 90976, 'total_shapes': 2108, 'total_links': 222, 'num_tensors': 56}
2026-08-25 06:01:24,436 [INFO]     [0 | left | 1](candidate_pairs: 27/27 | new_swaps: 11 | total: 42) -> {'max_bond': 64, 'max_links': 4, 'total_elems': 42624, 'total_shapes': 1660, 'total_links': 222, 'num_tensors': 56}
2026-08-25 06:01:24,528 [INFO]     [0 | right | 0](candidate_pairs: 28/28 | new_swaps: 7 | total: 49) -> {'max_bond': 32, 'max_links': 4, 'total_elems': 30080, 'total_shapes': 1404, 'total_links': 222, 'num_tensors': 56}
2026-08-25 06:01:24,613 [INFO]     [0 | right | 1](candidate_pairs: 27/27 | new_swaps: 8 | total: 57) -> {'max_bond': 32, 'max_links': 4, 'total_elems': 21232, 'total_shapes': 1240, 'total_links': 222, 'num_tensors': 56}
2026-08-25 06:01:24,743 [INFO]     [1 | both | 0](candidate_pairs: 28/28 | new_swaps: 13 | total: 13) -> {'max_bond': 16, 'max_links': 4, 'total_elems': 14552, 'total_shapes': 1046, 'total_links': 222, 'num_tensors': 56}
2026-08-25 06:01:24,859 [INFO]     [1 | both | 1](candidate_pairs: 27/27 | new_swaps: 9 | total: 22) -> {'max_bond': 16, 'max_links': 4, 'total_elems': 11764, 'total_shapes': 938, 'total_links': 222, 'num_tensors': 56}
2026-08-25 06:01:24,923 [INFO]     [1 | left | 0](candidate_pairs: 28/28 | new_swaps: 7 | total: 29) -> {'max_bond': 16, 'max_links': 4, 'total_elems': 10128, 'total_shapes': 856, 'total_links': 222, 'num_tensors': 56}
2026-08-25 06:01:24,984 [INFO]     [1 | left | 1](candidate_pairs: 27/27 | new_swaps: 4 | total: 33) -> {'max_bond': 16, 'max_links': 4, 'total_elems': 8276, 'total_shapes': 810, 'total_links': 222, 'num_tensors': 56}
2026-08-25 06:01:25,040 [INFO]     [1 | right | 0](candidate_pairs: 28/28 | new_swaps: 3 | total: 36) -> {'max_bond': 16, 'max_links': 4, 'total_elems': 6996, 'total_shapes': 770, 'total_links': 222, 'num_tensors': 56}
2026-08-25 06:01:25,065 [INFO]     [1 | right | 1](candidate_pairs: 27/27 | new_swaps: 0 | total: 36) -> {'max_bond': 16, 'max_links': 4, 'total_elems': 6996, 'total_shapes': 770, 'total_links': 222, 'num_tensors': 56}
2026-08-25 06:01:25,165 [INFO]     [2 | both | 0](candidate_pairs: 28/28 | new_swaps: 2 | total: 2) -> {'max_bond': 16, 'max_links': 4, 'total_elems': 6744, 'total_shapes': 756, 'total_links': 222, 'num_tensors': 56}
2026-08-25 06:01:25,266 [INFO]     [2 | both | 1](candidate_pairs: 27/27 | new_swaps: 6 | total: 8) -> {'max_bond': 16, 'max_links': 4, 'total_elems': 6372, 'total_shapes': 726, 'total_links': 222, 'num_tensors': 56}
2026-08-25 06:01:25,323 [INFO]     [2 | left | 0](candidate_pairs: 28/28 | new_swaps: 4 | total: 12) -> {'max_bond': 16, 'max_links': 4, 'total_elems': 5604, 'total_shapes': 698, 'total_links': 222, 'num_tensors': 56}
2026-08-25 06:01:25,377 [INFO]     [2 | left | 1](candidate_pairs: 27/27 | new_swaps: 2 | total: 14) -> {'max_bond': 16, 'max_links': 4, 'total_elems': 4764, 'total_shapes': 668, 'total_links': 222, 'num_tensors': 56}
2026-08-25 06:01:25,429 [INFO]     [2 | right | 0](candidate_pairs: 28/28 | new_swaps: 1 | total: 15) -> {'max_bond': 16, 'max_links': 4, 'total_elems': 4716, 'total_shapes': 664, 'total_links': 222, 'num_tensors': 56}
2026-08-25 06:01:25,452 [INFO]     [2 | right | 1](candidate_pairs: 27/27 | new_swaps: 0 | total: 15) -> {'max_bond': 16, 'max_links': 4, 'total_elems': 4716, 'total_shapes': 664, 'total_links': 222, 'num_tensors': 56}
2026-08-25 06:01:25,547 [INFO]     [3 | both | 0](candidate_pairs: 28/28 | new_swaps: 3 | total: 3) -> {'max_bond': 16, 'max_links': 4, 'total_elems': 4500, 'total_shapes': 652, 'total_links': 222, 'num_tensors': 56}
2026-08-25 06:01:25,642 [INFO]     [3 | both | 1](candidate_pairs: 27/27 | new_swaps: 5 | total: 8) -> {'max_bond': 16, 'max_links': 4, 'total_elems': 4152, 'total_shapes': 628, 'total_links': 222, 'num_tensors': 56}
2026-08-25 06:01:25,695 [INFO]     [3 | left | 0](candidate_pairs: 28/28 | new_swaps: 2 | total: 10) -> {'max_bond': 16, 'max_links': 4, 'total_elems': 4032, 'total_shapes': 620, 'total_links': 222, 'num_tensors': 56}
2026-08-25 06:01:25,737 [INFO]     [3 | left | 1](candidate_pairs: 27/27 | new_swaps: 1 | total: 11) -> {'max_bond': 16, 'max_links': 4, 'total_elems': 3872, 'total_shapes': 612, 'total_links': 222, 'num_tensors': 56}
2026-08-25 06:01:25,759 [INFO]     [3 | right | 0](candidate_pairs: 28/28 | new_swaps: 0 | total: 11) -> {'max_bond': 16, 'max_links': 4, 'total_elems': 3872, 'total_shapes': 612, 'total_links': 222, 'num_tensors': 56}
2026-08-25 06:01:25,782 [INFO]     [3 | right | 1](candidate_pairs: 27/27 | new_swaps: 0 | total: 11) -> {'max_bond': 16, 'max_links': 4, 'total_elems': 3872, 'total_shapes': 612, 'total_links': 222, 'num_tensors': 56}
2026-08-25 06:01:25,876 [INFO]     [4 | both | 0](candidate_pairs: 28/28 | new_swaps: 3 | total: 3) -> {'max_bond': 16, 'max_links': 4, 'total_elems': 3656, 'total_shapes': 596, 'total_links': 222, 'num_tensors': 56}
2026-08-25 06:01:25,968 [INFO]     [4 | both | 1](candidate_pairs: 27/27 | new_swaps: 2 | total: 5) -> {'max_bond': 16, 'max_links': 4, 'total_elems': 3596, 'total_shapes': 588, 'total_links': 222, 'num_tensors': 56}
2026-08-25 06:01:25,990 [INFO]     [4 | left | 0](candidate_pairs: 28/28 | new_swaps: 0 | total: 5) -> {'max_bond': 16, 'max_links': 4, 'total_elems': 3596, 'total_shapes': 588, 'total_links': 222, 'num_tensors': 56}
2026-08-25 06:01:26,013 [INFO]     [4 | left | 1](candidate_pairs: 27/27 | new_swaps: 0 | total: 5) -> {'max_bond': 16, 'max_links': 4, 'total_elems': 3596, 'total_shapes': 588, 'total_links': 222, 'num_tensors': 56}
2026-08-25 06:01:26,035 [INFO]     [4 | right | 0](candidate_pairs: 28/28 | new_swaps: 0 | total: 5) -> {'max_bond': 16, 'max_links': 4, 'total_elems': 3596, 'total_shapes': 588, 'total_links': 222, 'num_tensors': 56}
2026-08-25 06:01:26,058 [INFO]     [4 | right | 1](candidate_pairs: 27/27 | new_swaps: 0 | total: 5) -> {'max_bond': 16, 'max_links': 4, 'total_elems': 3596, 'total_shapes': 588, 'total_links': 222, 'num_tensors': 56}
2026-08-25 06:01:26,101 [INFO]     [5 | both | 0](candidate_pairs: 28/28 | new_swaps: 0 | total: 0) -> {'max_bond': 16, 'max_links': 4, 'total_elems': 3596, 'total_shapes': 588, 'total_links': 222, 'num_tensors': 56}
2026-08-25 06:01:26,146 [INFO]     [5 | both | 1](candidate_pairs: 27/27 | new_swaps: 0 | total: 0) -> {'max_bond': 16, 'max_links': 4, 'total_elems': 3596, 'total_shapes': 588, 'total_links': 222, 'num_tensors': 56}
2026-08-25 06:01:26,169 [INFO]     [5 | left | 0](candidate_pairs: 28/28 | new_swaps: 0 | total: 0) -> {'max_bond': 16, 'max_links': 4, 'total_elems': 3596, 'total_shapes': 588, 'total_links': 222, 'num_tensors': 56}
2026-08-25 06:01:26,192 [INFO]     [5 | left | 1](candidate_pairs: 27/27 | new_swaps: 0 | total: 0) -> {'max_bond': 16, 'max_links': 4, 'total_elems': 3596, 'total_shapes': 588, 'total_links': 222, 'num_tensors': 56}
2026-08-25 06:01:26,214 [INFO]     [5 | right | 0](candidate_pairs: 28/28 | new_swaps: 0 | total: 0) -> {'max_bond': 16, 'max_links': 4, 'total_elems': 3596, 'total_shapes': 588, 'total_links': 222, 'num_tensors': 56}
2026-08-25 06:01:26,236 [INFO]     [5 | right | 1](candidate_pairs: 27/27 | new_swaps: 0 | total: 0) -> {'max_bond': 16, 'max_links': 4, 'total_elems': 3596, 'total_shapes': 588, 'total_links': 222, 'num_tensors': 56}
2026-08-25 06:01:26,237 [INFO]     [end unswap] -> {'max_bond': 16, 'max_links': 4, 'total_elems': 3596, 'total_shapes': 588, 'total_links': 222, 'num_tensors': 56}
2026-08-25 06:01:26,807 [INFO] [start rewire](phase=post_unswap, cycle=7, side=left, layers=1582, trials=20, seed=123, parallel=False, route_candidates=1, route_score=none)
2026-08-25 06:01:28,834 [INFO] [end rewire](phase=post_unswap, cycle=7, side=left, routed_layers=1432, elapsed_s=2.03)
2026-08-25 06:01:28,834 [INFO] [start rewire](phase=post_unswap, cycle=7, side=right, layers=1601, trials=20, seed=123, parallel=False, route_candidates=1, route_score=none)
2026-08-25 06:01:30,064 [INFO] [end rewire](phase=post_unswap, cycle=7, side=right, routed_layers=1528, elapsed_s=1.23)
2026-08-25 06:01:30,184 [INFO] [1L/1430](swap: 11, u: 0 | c_u: 0 | t_u_l: 18/942 | t_u_r: 21/943 | t_u: 39/1885) -> {'max_bond': 16, 'max_links': 4, 'total_elems': 3596, 'total_shapes': 588, 'total_links': 222, 'num_tensors': 56}
2026-08-25 06:01:30,262 [INFO] [2L/1430](swap: 12, u: 0 | c_u: 0 | t_u_l: 18/942 | t_u_r: 21/943 | t_u: 39/1885) -> {'max_bond': 16, 'max_links': 4, 'total_elems': 4268, 'total_shapes': 650, 'total_links': 222, 'num_tensors': 56}
2026-08-25 06:01:30,340 [INFO] [1R/1526](swap: 13, u: 0 | c_u: 0 | t_u_l: 18/942 | t_u_r: 21/943 | t_u: 39/1885) -> {'max_bond': 16, 'max_links': 4, 'total_elems': 5256, 'total_shapes': 728, 'total_links': 222, 'num_tensors': 56}
2026-08-25 06:01:30,420 [INFO] [3L/1430](swap: 12, u: 0 | c_u: 0 | t_u_l: 18/942 | t_u_r: 21/943 | t_u: 39/1885) -> {'max_bond': 16, 'max_links': 4, 'total_elems': 7224, 'total_shapes': 834, 'total_links': 222, 'num_tensors': 56}
2026-08-25 06:01:30,500 [INFO] [2R/1526](swap: 13, u: 0 | c_u: 0 | t_u_l: 18/942 | t_u_r: 21/943 | t_u: 39/1885) -> {'max_bond': 16, 'max_links': 4, 'total_elems': 12264, 'total_shapes': 1046, 'total_links': 222, 'num_tensors': 56}
2026-08-25 06:01:30,584 [INFO] [3R/1526](swap: 10, u: 1 | c_u: 1 | t_u_l: 18/942 | t_u_r: 22/943 | t_u: 40/1885) -> {'max_bond': 16, 'max_links': 4, 'total_elems': 18232, 'total_shapes': 1194, 'total_links': 222, 'num_tensors': 56}
2026-08-25 06:01:30,675 [INFO] [4L/1430](swap: 14, u: 0 | c_u: 1 | t_u_l: 18/942 | t_u_r: 22/943 | t_u: 40/1885) -> {'max_bond': 64, 'max_links': 4, 'total_elems': 32736, 'total_shapes': 1472, 'total_links': 222, 'num_tensors': 56}
2026-08-25 06:01:30,788 [INFO] [4R/1526](swap: 15, u: 1 | c_u: 2 | t_u_l: 18/942 | t_u_r: 23/943 | t_u: 41/1885) -> {'max_bond': 64, 'max_links': 4, 'total_elems': 59488, 'total_shapes': 1828, 'total_links': 222, 'num_tensors': 56}
2026-08-25 06:01:30,937 [INFO] [5R/1526](swap: 12, u: 2 | c_u: 4 | t_u_l: 18/942 | t_u_r: 25/943 | t_u: 43/1885) -> {'max_bond': 64, 'max_links': 4, 'total_elems': 104128, 'total_shapes': 2284, 'total_links': 222, 'num_tensors': 56}
2026-08-25 06:01:31,136 [INFO] [6R/1526](swap: 13, u: 2 | c_u: 6 | t_u_l: 18/942 | t_u_r: 27/943 | t_u: 45/1885) -> {'max_bond': 64, 'max_links': 4, 'total_elems': 185824, 'total_shapes': 2760, 'total_links': 222, 'num_tensors': 56}
2026-08-25 06:01:31,431 [INFO]     [start unswap] -> {'max_bond': 64, 'max_links': 4, 'total_elems': 185824, 'total_shapes': 2760, 'total_links': 222, 'num_tensors': 56}
2026-08-25 06:01:32,433 [INFO]     [0 | both | 0](candidate_pairs: 28/28 | new_swaps: 6 | total: 6) -> {'max_bond': 256, 'max_links': 4, 'total_elems': 275072, 'total_shapes': 3164, 'total_links': 222, 'num_tensors': 56}
2026-08-25 06:01:33,066 [INFO]     [0 | both | 1](candidate_pairs: 27/27 | new_swaps: 9 | total: 15) -> {'max_bond': 64, 'max_links': 4, 'total_elems': 102560, 'total_shapes': 2236, 'total_links': 222, 'num_tensors': 56}
2026-08-25 06:01:33,232 [INFO]     [0 | left | 0](candidate_pairs: 28/28 | new_swaps: 9 | total: 24) -> {'max_bond': 64, 'max_links': 4, 'total_elems': 75168, 'total_shapes': 1836, 'total_links': 222, 'num_tensors': 56}
2026-08-25 06:01:33,392 [INFO]     [0 | left | 1](candidate_pairs: 27/27 | new_swaps: 13 | total: 37) -> {'max_bond': 64, 'max_links': 4, 'total_elems': 39448, 'total_shapes': 1486, 'total_links': 222, 'num_tensors': 56}
2026-08-25 06:01:33,482 [INFO]     [0 | right | 0](candidate_pairs: 28/28 | new_swaps: 9 | total: 46) -> {'max_bond': 32, 'max_links': 4, 'total_elems': 21848, 'total_shapes': 1174, 'total_links': 222, 'num_tensors': 56}
2026-08-25 06:01:33,557 [INFO]     [0 | right | 1](candidate_pairs: 27/27 | new_swaps: 9 | total: 55) -> {'max_bond': 32, 'max_links': 4, 'total_elems': 15248, 'total_shapes': 1044, 'total_links': 222, 'num_tensors': 56}
2026-08-25 06:01:33,674 [INFO]     [1 | both | 0](candidate_pairs: 28/28 | new_swaps: 7 | total: 7) -> {'max_bond': 32, 'max_links': 4, 'total_elems': 11712, 'total_shapes': 940, 'total_links': 222, 'num_tensors': 56}
2026-08-25 06:01:33,786 [INFO]     [1 | both | 1](candidate_pairs: 27/27 | new_swaps: 6 | total: 13) -> {'max_bond': 32, 'max_links': 4, 'total_elems': 8784, 'total_shapes': 842, 'total_links': 222, 'num_tensors': 56}
2026-08-25 06:01:33,846 [INFO]     [1 | left | 0](candidate_pairs: 28/28 | new_swaps: 5 | total: 18) -> {'max_bond': 16, 'max_links': 4, 'total_elems': 6676, 'total_shapes': 768, 'total_links': 222, 'num_tensors': 56}
2026-08-25 06:01:33,903 [INFO]     [1 | left | 1](candidate_pairs: 27/27 | new_swaps: 3 | total: 21) -> {'max_bond': 16, 'max_links': 4, 'total_elems': 5412, 'total_shapes': 736, 'total_links': 222, 'num_tensors': 56}
2026-08-25 06:01:33,958 [INFO]     [1 | right | 0](candidate_pairs: 28/28 | new_swaps: 5 | total: 26) -> {'max_bond': 8, 'max_links': 4, 'total_elems': 4216, 'total_shapes': 676, 'total_links': 222, 'num_tensors': 56}
2026-08-25 06:01:34,010 [INFO]     [1 | right | 1](candidate_pairs: 27/27 | new_swaps: 1 | total: 27) -> {'max_bond': 8, 'max_links': 4, 'total_elems': 4088, 'total_shapes': 668, 'total_links': 222, 'num_tensors': 56}
2026-08-25 06:01:34,105 [INFO]     [2 | both | 0](candidate_pairs: 28/28 | new_swaps: 4 | total: 4) -> {'max_bond': 8, 'max_links': 4, 'total_elems': 3764, 'total_shapes': 646, 'total_links': 222, 'num_tensors': 56}
2026-08-25 06:01:34,150 [INFO]     [2 | both | 1](candidate_pairs: 27/27 | new_swaps: 0 | total: 4) -> {'max_bond': 8, 'max_links': 4, 'total_elems': 3764, 'total_shapes': 646, 'total_links': 222, 'num_tensors': 56}
2026-08-25 06:01:34,173 [INFO]     [2 | left | 0](candidate_pairs: 28/28 | new_swaps: 0 | total: 4) -> {'max_bond': 8, 'max_links': 4, 'total_elems': 3764, 'total_shapes': 646, 'total_links': 222, 'num_tensors': 56}
2026-08-25 06:01:34,215 [INFO]     [2 | left | 1](candidate_pairs: 27/27 | new_swaps: 1 | total: 5) -> {'max_bond': 8, 'max_links': 4, 'total_elems': 3740, 'total_shapes': 640, 'total_links': 222, 'num_tensors': 56}
2026-08-25 06:01:34,238 [INFO]     [2 | right | 0](candidate_pairs: 28/28 | new_swaps: 0 | total: 5) -> {'max_bond': 8, 'max_links': 4, 'total_elems': 3740, 'total_shapes': 640, 'total_links': 222, 'num_tensors': 56}
2026-08-25 06:01:34,279 [INFO]     [2 | right | 1](candidate_pairs: 27/27 | new_swaps: 1 | total: 6) -> {'max_bond': 8, 'max_links': 4, 'total_elems': 3580, 'total_shapes': 632, 'total_links': 222, 'num_tensors': 56}
2026-08-25 06:01:34,323 [INFO]     [3 | both | 0](candidate_pairs: 28/28 | new_swaps: 0 | total: 0) -> {'max_bond': 8, 'max_links': 4, 'total_elems': 3580, 'total_shapes': 632, 'total_links': 222, 'num_tensors': 56}
2026-08-25 06:01:34,368 [INFO]     [3 | both | 1](candidate_pairs: 27/27 | new_swaps: 0 | total: 0) -> {'max_bond': 8, 'max_links': 4, 'total_elems': 3580, 'total_shapes': 632, 'total_links': 222, 'num_tensors': 56}
2026-08-25 06:01:34,391 [INFO]     [3 | left | 0](candidate_pairs: 28/28 | new_swaps: 0 | total: 0) -> {'max_bond': 8, 'max_links': 4, 'total_elems': 3580, 'total_shapes': 632, 'total_links': 222, 'num_tensors': 56}
2026-08-25 06:01:34,413 [INFO]     [3 | left | 1](candidate_pairs: 27/27 | new_swaps: 0 | total: 0) -> {'max_bond': 8, 'max_links': 4, 'total_elems': 3580, 'total_shapes': 632, 'total_links': 222, 'num_tensors': 56}
2026-08-25 06:01:34,455 [INFO]     [3 | right | 0](candidate_pairs: 28/28 | new_swaps: 1 | total: 1) -> {'max_bond': 8, 'max_links': 4, 'total_elems': 3388, 'total_shapes': 624, 'total_links': 222, 'num_tensors': 56}
2026-08-25 06:01:34,496 [INFO]     [3 | right | 1](candidate_pairs: 27/27 | new_swaps: 1 | total: 2) -> {'max_bond': 8, 'max_links': 4, 'total_elems': 3260, 'total_shapes': 616, 'total_links': 222, 'num_tensors': 56}
2026-08-25 06:01:34,539 [INFO]     [4 | both | 0](candidate_pairs: 28/28 | new_swaps: 0 | total: 0) -> {'max_bond': 8, 'max_links': 4, 'total_elems': 3260, 'total_shapes': 616, 'total_links': 222, 'num_tensors': 56}
2026-08-25 06:01:34,583 [INFO]     [4 | both | 1](candidate_pairs: 27/27 | new_swaps: 0 | total: 0) -> {'max_bond': 8, 'max_links': 4, 'total_elems': 3260, 'total_shapes': 616, 'total_links': 222, 'num_tensors': 56}
2026-08-25 06:01:34,605 [INFO]     [4 | left | 0](candidate_pairs: 28/28 | new_swaps: 0 | total: 0) -> {'max_bond': 8, 'max_links': 4, 'total_elems': 3260, 'total_shapes': 616, 'total_links': 222, 'num_tensors': 56}
2026-08-25 06:01:34,627 [INFO]     [4 | left | 1](candidate_pairs: 27/27 | new_swaps: 0 | total: 0) -> {'max_bond': 8, 'max_links': 4, 'total_elems': 3260, 'total_shapes': 616, 'total_links': 222, 'num_tensors': 56}
2026-08-25 06:01:34,649 [INFO]     [4 | right | 0](candidate_pairs: 28/28 | new_swaps: 0 | total: 0) -> {'max_bond': 8, 'max_links': 4, 'total_elems': 3260, 'total_shapes': 616, 'total_links': 222, 'num_tensors': 56}
2026-08-25 06:01:34,671 [INFO]     [4 | right | 1](candidate_pairs: 27/27 | new_swaps: 0 | total: 0) -> {'max_bond': 8, 'max_links': 4, 'total_elems': 3260, 'total_shapes': 616, 'total_links': 222, 'num_tensors': 56}
2026-08-25 06:01:34,672 [INFO]     [end unswap] -> {'max_bond': 8, 'max_links': 4, 'total_elems': 3260, 'total_shapes': 616, 'total_links': 222, 'num_tensors': 56}
2026-08-25 06:01:35,202 [INFO] [start rewire](phase=post_unswap, cycle=8, side=left, layers=1428, trials=20, seed=123, parallel=False, route_candidates=1, route_score=none)
2026-08-25 06:01:37,611 [INFO] [end rewire](phase=post_unswap, cycle=8, side=left, routed_layers=1427, elapsed_s=2.41)
2026-08-25 06:01:37,611 [INFO] [start rewire](phase=post_unswap, cycle=8, side=right, layers=1522, trials=20, seed=123, parallel=False, route_candidates=1, route_score=none)
2026-08-25 06:01:38,836 [INFO] [end rewire](phase=post_unswap, cycle=8, side=right, routed_layers=1565, elapsed_s=1.22)
2026-08-25 06:01:38,955 [INFO] [1L/1425](swap: 14, u: 0 | c_u: 0 | t_u_l: 18/942 | t_u_r: 27/943 | t_u: 45/1885) -> {'max_bond': 8, 'max_links': 4, 'total_elems': 3260, 'total_shapes': 616, 'total_links': 222, 'num_tensors': 56}
2026-08-25 06:01:39,037 [INFO] [1R/1563](swap: 13, u: 2 | c_u: 2 | t_u_l: 18/942 | t_u_r: 29/943 | t_u: 47/1885) -> {'max_bond': 16, 'max_links': 4, 'total_elems': 5356, 'total_shapes': 740, 'total_links': 222, 'num_tensors': 56}
2026-08-25 06:01:39,120 [INFO] [2L/1425](swap: 17, u: 0 | c_u: 2 | t_u_l: 18/942 | t_u_r: 29/943 | t_u: 47/1885) -> {'max_bond': 16, 'max_links': 4, 'total_elems': 7676, 'total_shapes': 836, 'total_links': 222, 'num_tensors': 56}
2026-08-25 06:01:39,207 [INFO] [2R/1563](swap: 10, u: 3 | c_u: 5 | t_u_l: 18/942 | t_u_r: 32/943 | t_u: 50/1885) -> {'max_bond': 16, 'max_links': 4, 'total_elems': 11964, 'total_shapes': 960, 'total_links': 222, 'num_tensors': 56}
2026-08-25 06:01:39,298 [INFO] [3L/1425](swap: 15, u: 1 | c_u: 6 | t_u_l: 19/942 | t_u_r: 32/943 | t_u: 51/1885) -> {'max_bond': 32, 'max_links': 4, 'total_elems': 16604, 'total_shapes': 1128, 'total_links': 222, 'num_tensors': 56}
2026-08-25 06:01:39,394 [INFO] [4L/1425](swap: 13, u: 1 | c_u: 7 | t_u_l: 20/942 | t_u_r: 32/943 | t_u: 52/1885) -> {'max_bond': 64, 'max_links': 4, 'total_elems': 34908, 'total_shapes': 1448, 'total_links': 222, 'num_tensors': 56}
2026-08-25 06:01:39,503 [INFO] [3R/1563](swap: 12, u: 1 | c_u: 8 | t_u_l: 20/942 | t_u_r: 33/943 | t_u: 53/1885) -> {'max_bond': 64, 'max_links': 4, 'total_elems': 51036, 'total_shapes': 1688, 'total_links': 222, 'num_tensors': 56}
2026-08-25 06:01:39,645 [INFO] [4R/1563](swap: 12, u: 1 | c_u: 9 | t_u_l: 20/942 | t_u_r: 34/943 | t_u: 54/1885) -> {'max_bond': 64, 'max_links': 4, 'total_elems': 80668, 'total_shapes': 1968, 'total_links': 222, 'num_tensors': 56}
2026-08-25 06:01:39,806 [INFO] [5R/1563](swap: 9, u: 0 | c_u: 9 | t_u_l: 20/942 | t_u_r: 34/943 | t_u: 54/1885) -> {'max_bond': 64, 'max_links': 4, 'total_elems': 92316, 'total_shapes': 2152, 'total_links': 222, 'num_tensors': 56}
2026-08-25 06:01:39,985 [INFO] [6R/1563](swap: 7, u: 4 | c_u: 13 | t_u_l: 20/942 | t_u_r: 38/943 | t_u: 58/1885) -> {'max_bond': 128, 'max_links': 4, 'total_elems': 139676, 'total_shapes': 2576, 'total_links': 222, 'num_tensors': 56}
2026-08-25 06:01:40,267 [INFO] [5L/1425](swap: 14, u: 2 | c_u: 15 | t_u_l: 22/942 | t_u_r: 38/943 | t_u: 60/1885) -> {'max_bond': 128, 'max_links': 4, 'total_elems': 279704, 'total_shapes': 3318, 'total_links': 222, 'num_tensors': 56}
2026-08-25 06:01:40,287 [INFO] [end compressing](left: 1422, right: 1559) -> {'max_bond': 128, 'max_links': 4, 'total_elems': 279704, 'total_shapes': 3318, 'total_links': 222, 'num_tensors': 56}
