2026-08-26 14:34:51,562 [INFO] loaded /Users/monitsharma/code_projects/qat/tracker/data/classically-verifiable-problems/circuit-models/peaked_circuit/peaked_circuit_P11_Hqap_98x1999.qasm: qubits=98 ops={'u': 7996, 'cz': 1999}
2026-08-26 14:34:51,568 [INFO] Pass: Collect2qBlocks - 3.83520 (ms)
2026-08-26 14:34:51,576 [INFO] Pass: ConsolidateBlocks - 8.37302 (ms)
2026-08-26 14:34:51,577 [INFO] after two-qubit block consolidation: ops={'unitary': 1984}
2026-08-26 14:34:51,595 [INFO] environment: python=3.10.21 qiskit=1.4.5 quimb=1.11.2 numpy=2.2.6 scipy=1.15.2 machine=arm64
2026-08-26 14:34:51,765 [INFO] Total unitaries: 1984 = 992 (left) + 992 (right)
2026-08-26 14:34:51,765 [INFO] Rewiring with SabreSwap(trials=90, heuristic='decay', seed=123)
2026-08-26 14:34:51,765 [INFO] Post-unswap rewire candidate scoring enabled: candidates=2, score='lookahead_total', lookahead=8, seed_stride=1009
2026-08-26 14:34:51,765 [INFO] No-progress fail-fast guardrail enabled: abort after 40 consecutive zero-work unswap cycle(s)
2026-08-26 14:34:51,765 [INFO] [start rewire](phase=initial, side=left, layers=57, trials=90, seed=123, parallel=False)
2026-08-26 14:34:53,637 [INFO] [end rewire](phase=initial, side=left, routed_layers=2367, elapsed_s=1.87)
2026-08-26 14:34:53,637 [INFO] [start rewire](phase=initial, side=right, layers=71, trials=90, seed=123, parallel=False)
2026-08-26 14:34:55,242 [INFO] [end rewire](phase=initial, side=right, routed_layers=2266, elapsed_s=1.60)
2026-08-26 14:34:55,257 [INFO] [start compressing] -> {'max_bond': 1, 'max_links': 4, 'total_elems': 392, 'total_shapes': 586, 'total_links': 390, 'num_tensors': 98}
2026-08-26 14:34:55,328 [INFO] [1L/2365](swap: 19, u: 0 | c_u: 0 | t_u_l: 0/992 | t_u_r: 0/992 | t_u: 0/1984) -> {'max_bond': 1, 'max_links': 4, 'total_elems': 392, 'total_shapes': 586, 'total_links': 390, 'num_tensors': 98}
2026-08-26 14:34:55,331 [WARNING] live plot.png generation disabled: No module named 'matplotlib'
2026-08-26 14:34:55,396 [INFO] [1R/2264](swap: 14, u: 1 | c_u: 1 | t_u_l: 0/992 | t_u_r: 1/992 | t_u: 1/1984) -> {'max_bond': 4, 'max_links': 4, 'total_elems': 736, 'total_shapes': 672, 'total_links': 390, 'num_tensors': 98}
2026-08-26 14:34:55,461 [INFO] [2L/2365](swap: 21, u: 0 | c_u: 1 | t_u_l: 0/992 | t_u_r: 1/992 | t_u: 1/1984) -> {'max_bond': 4, 'max_links': 4, 'total_elems': 1288, 'total_shapes': 774, 'total_links': 390, 'num_tensors': 98}
2026-08-26 14:34:55,529 [INFO] [2R/2264](swap: 15, u: 0 | c_u: 1 | t_u_l: 0/992 | t_u_r: 1/992 | t_u: 1/1984) -> {'max_bond': 4, 'max_links': 4, 'total_elems': 2164, 'total_shapes': 846, 'total_links': 390, 'num_tensors': 98}
2026-08-26 14:34:55,596 [INFO] [3R/2264](swap: 15, u: 0 | c_u: 1 | t_u_l: 0/992 | t_u_r: 1/992 | t_u: 1/1984) -> {'max_bond': 16, 'max_links': 4, 'total_elems': 3596, 'total_shapes': 946, 'total_links': 390, 'num_tensors': 98}
2026-08-26 14:34:55,665 [INFO] [4R/2264](swap: 16, u: 0 | c_u: 1 | t_u_l: 0/992 | t_u_r: 1/992 | t_u: 1/1984) -> {'max_bond': 16, 'max_links': 4, 'total_elems': 6488, 'total_shapes': 1066, 'total_links': 390, 'num_tensors': 98}
2026-08-26 14:34:55,734 [INFO] [3L/2365](swap: 20, u: 2 | c_u: 3 | t_u_l: 2/992 | t_u_r: 1/992 | t_u: 3/1984) -> {'max_bond': 16, 'max_links': 4, 'total_elems': 10044, 'total_shapes': 1292, 'total_links': 390, 'num_tensors': 98}
2026-08-26 14:34:55,804 [INFO] [5R/2264](swap: 16, u: 0 | c_u: 3 | t_u_l: 2/992 | t_u_r: 1/992 | t_u: 3/1984) -> {'max_bond': 16, 'max_links': 4, 'total_elems': 17040, 'total_shapes': 1520, 'total_links': 390, 'num_tensors': 98}
2026-08-26 14:34:55,877 [INFO] [6R/2264](swap: 15, u: 0 | c_u: 3 | t_u_l: 2/992 | t_u_r: 1/992 | t_u: 3/1984) -> {'max_bond': 64, 'max_links': 4, 'total_elems': 30852, 'total_shapes': 1826, 'total_links': 390, 'num_tensors': 98}
2026-08-26 14:34:55,959 [INFO] [4L/2365](swap: 20, u: 0 | c_u: 3 | t_u_l: 2/992 | t_u_r: 1/992 | t_u: 3/1984) -> {'max_bond': 64, 'max_links': 4, 'total_elems': 55836, 'total_shapes': 2276, 'total_links': 390, 'num_tensors': 98}
2026-08-26 14:34:56,062 [INFO] [7R/2264](swap: 14, u: 1 | c_u: 4 | t_u_l: 2/992 | t_u_r: 2/992 | t_u: 4/1984) -> {'max_bond': 64, 'max_links': 4, 'total_elems': 106904, 'total_shapes': 2758, 'total_links': 390, 'num_tensors': 98}
2026-08-26 14:34:56,228 [INFO] [8R/2264](swap: 15, u: 0 | c_u: 4 | t_u_l: 2/992 | t_u_r: 2/992 | t_u: 4/1984) -> {'max_bond': 128, 'max_links': 4, 'total_elems': 195320, 'total_shapes': 3300, 'total_links': 390, 'num_tensors': 98}
2026-08-26 14:34:56,589 [INFO] [9R/2264](swap: 15, u: 0 | c_u: 4 | t_u_l: 2/992 | t_u_r: 2/992 | t_u: 4/1984) -> {'max_bond': 128, 'max_links': 4, 'total_elems': 304152, 'total_shapes': 3850, 'total_links': 390, 'num_tensors': 98}
2026-08-26 14:34:57,192 [INFO] [5L/2365](swap: 19, u: 0 | c_u: 4 | t_u_l: 2/992 | t_u_r: 2/992 | t_u: 4/1984) -> {'max_bond': 256, 'max_links': 4, 'total_elems': 596304, 'total_shapes': 5094, 'total_links': 390, 'num_tensors': 98}
2026-08-26 14:34:58,943 [INFO] [6L/2365](swap: 18, u: 1 | c_u: 5 | t_u_l: 3/992 | t_u_r: 2/992 | t_u: 5/1984) -> {'max_bond': 256, 'max_links': 4, 'total_elems': 800396, 'total_shapes': 5980, 'total_links': 390, 'num_tensors': 98}
2026-08-26 14:35:00,645 [INFO] [7L/2365](swap: 14, u: 2 | c_u: 7 | t_u_l: 5/992 | t_u_r: 2/992 | t_u: 7/1984) -> {'max_bond': 256, 'max_links': 4, 'total_elems': 868548, 'total_shapes': 6612, 'total_links': 390, 'num_tensors': 98}
2026-08-26 14:35:02,336 [INFO]     [start unswap] -> {'max_bond': 256, 'max_links': 4, 'total_elems': 868548, 'total_shapes': 6612, 'total_links': 390, 'num_tensors': 98}
2026-08-26 14:35:12,017 [INFO]     [0 | both | 0](candidate_pairs: 49/49 | new_swaps: 4 | total: 4) -> {'max_bond': 256, 'max_links': 4, 'total_elems': 1311812, 'total_shapes': 7412, 'total_links': 390, 'num_tensors': 98}
2026-08-26 14:35:19,736 [INFO]     [0 | both | 1](candidate_pairs: 48/48 | new_swaps: 12 | total: 16) -> {'max_bond': 256, 'max_links': 4, 'total_elems': 669988, 'total_shapes': 5734, 'total_links': 390, 'num_tensors': 98}
2026-08-26 14:35:21,213 [INFO]     [0 | left | 0](candidate_pairs: 49/49 | new_swaps: 14 | total: 30) -> {'max_bond': 128, 'max_links': 4, 'total_elems': 409540, 'total_shapes': 4584, 'total_links': 390, 'num_tensors': 98}
2026-08-26 14:35:22,111 [INFO]     [0 | left | 1](candidate_pairs: 48/48 | new_swaps: 23 | total: 53) -> {'max_bond': 128, 'max_links': 4, 'total_elems': 203520, 'total_shapes': 3490, 'total_links': 390, 'num_tensors': 98}
2026-08-26 14:35:22,368 [INFO]     [0 | right | 0](candidate_pairs: 49/49 | new_swaps: 12 | total: 65) -> {'max_bond': 64, 'max_links': 4, 'total_elems': 127368, 'total_shapes': 2854, 'total_links': 390, 'num_tensors': 98}
2026-08-26 14:35:22,582 [INFO]     [0 | right | 1](candidate_pairs: 48/48 | new_swaps: 14 | total: 79) -> {'max_bond': 64, 'max_links': 4, 'total_elems': 87848, 'total_shapes': 2478, 'total_links': 390, 'num_tensors': 98}
2026-08-26 14:35:22,856 [INFO]     [1 | both | 0](candidate_pairs: 49/49 | new_swaps: 20 | total: 20) -> {'max_bond': 64, 'max_links': 4, 'total_elems': 50676, 'total_shapes': 1940, 'total_links': 390, 'num_tensors': 98}
2026-08-26 14:35:23,050 [INFO]     [1 | both | 1](candidate_pairs: 48/48 | new_swaps: 13 | total: 33) -> {'max_bond': 64, 'max_links': 4, 'total_elems': 27212, 'total_shapes': 1536, 'total_links': 390, 'num_tensors': 98}
2026-08-26 14:35:23,135 [INFO]     [1 | left | 0](candidate_pairs: 49/49 | new_swaps: 14 | total: 47) -> {'max_bond': 32, 'max_links': 4, 'total_elems': 14660, 'total_shapes': 1262, 'total_links': 390, 'num_tensors': 98}
2026-08-26 14:35:23,208 [INFO]     [1 | left | 1](candidate_pairs: 48/48 | new_swaps: 10 | total: 57) -> {'max_bond': 32, 'max_links': 4, 'total_elems': 8724, 'total_shapes': 1130, 'total_links': 390, 'num_tensors': 98}
2026-08-26 14:35:23,273 [INFO]     [1 | right | 0](candidate_pairs: 49/49 | new_swaps: 7 | total: 64) -> {'max_bond': 16, 'max_links': 4, 'total_elems': 5796, 'total_shapes': 1026, 'total_links': 390, 'num_tensors': 98}
2026-08-26 14:35:23,337 [INFO]     [1 | right | 1](candidate_pairs: 48/48 | new_swaps: 6 | total: 70) -> {'max_bond': 16, 'max_links': 4, 'total_elems': 5256, 'total_shapes': 988, 'total_links': 390, 'num_tensors': 98}
2026-08-26 14:35:23,449 [INFO]     [2 | both | 0](candidate_pairs: 49/49 | new_swaps: 9 | total: 9) -> {'max_bond': 16, 'max_links': 4, 'total_elems': 3812, 'total_shapes': 926, 'total_links': 390, 'num_tensors': 98}
2026-08-26 14:35:23,561 [INFO]     [2 | both | 1](candidate_pairs: 48/48 | new_swaps: 13 | total: 22) -> {'max_bond': 8, 'max_links': 4, 'total_elems': 2660, 'total_shapes': 838, 'total_links': 390, 'num_tensors': 98}
2026-08-26 14:35:23,623 [INFO]     [2 | left | 0](candidate_pairs: 49/49 | new_swaps: 7 | total: 29) -> {'max_bond': 8, 'max_links': 4, 'total_elems': 2084, 'total_shapes': 790, 'total_links': 390, 'num_tensors': 98}
2026-08-26 14:35:23,684 [INFO]     [2 | left | 1](candidate_pairs: 48/48 | new_swaps: 3 | total: 32) -> {'max_bond': 4, 'max_links': 4, 'total_elems': 1856, 'total_shapes': 766, 'total_links': 390, 'num_tensors': 98}
2026-08-26 14:35:23,744 [INFO]     [2 | right | 0](candidate_pairs: 49/49 | new_swaps: 3 | total: 35) -> {'max_bond': 4, 'max_links': 4, 'total_elems': 1684, 'total_shapes': 750, 'total_links': 390, 'num_tensors': 98}
2026-08-26 14:35:23,802 [INFO]     [2 | right | 1](candidate_pairs: 48/48 | new_swaps: 1 | total: 36) -> {'max_bond': 4, 'max_links': 4, 'total_elems': 1624, 'total_shapes': 744, 'total_links': 390, 'num_tensors': 98}
2026-08-26 14:35:23,911 [INFO]     [3 | both | 0](candidate_pairs: 49/49 | new_swaps: 12 | total: 12) -> {'max_bond': 4, 'max_links': 4, 'total_elems': 1096, 'total_shapes': 692, 'total_links': 390, 'num_tensors': 98}
2026-08-26 14:35:24,017 [INFO]     [3 | both | 1](candidate_pairs: 48/48 | new_swaps: 6 | total: 18) -> {'max_bond': 4, 'max_links': 4, 'total_elems': 892, 'total_shapes': 670, 'total_links': 390, 'num_tensors': 98}
2026-08-26 14:35:24,075 [INFO]     [3 | left | 0](candidate_pairs: 49/49 | new_swaps: 1 | total: 19) -> {'max_bond': 4, 'max_links': 4, 'total_elems': 868, 'total_shapes': 666, 'total_links': 390, 'num_tensors': 98}
2026-08-26 14:35:24,135 [INFO]     [3 | left | 1](candidate_pairs: 48/48 | new_swaps: 5 | total: 24) -> {'max_bond': 4, 'max_links': 4, 'total_elems': 736, 'total_shapes': 640, 'total_links': 390, 'num_tensors': 98}
2026-08-26 14:35:24,194 [INFO]     [3 | right | 0](candidate_pairs: 49/49 | new_swaps: 1 | total: 25) -> {'max_bond': 4, 'max_links': 4, 'total_elems': 676, 'total_shapes': 634, 'total_links': 390, 'num_tensors': 98}
2026-08-26 14:35:24,219 [INFO]     [3 | right | 1](candidate_pairs: 48/48 | new_swaps: 0 | total: 25) -> {'max_bond': 4, 'max_links': 4, 'total_elems': 676, 'total_shapes': 634, 'total_links': 390, 'num_tensors': 98}
2026-08-26 14:35:24,324 [INFO]     [4 | both | 0](candidate_pairs: 49/49 | new_swaps: 6 | total: 6) -> {'max_bond': 4, 'max_links': 4, 'total_elems': 556, 'total_shapes': 618, 'total_links': 390, 'num_tensors': 98}
2026-08-26 14:35:24,427 [INFO]     [4 | both | 1](candidate_pairs: 48/48 | new_swaps: 3 | total: 9) -> {'max_bond': 4, 'max_links': 4, 'total_elems': 520, 'total_shapes': 612, 'total_links': 390, 'num_tensors': 98}
2026-08-26 14:35:24,452 [INFO]     [4 | left | 0](candidate_pairs: 49/49 | new_swaps: 0 | total: 9) -> {'max_bond': 4, 'max_links': 4, 'total_elems': 520, 'total_shapes': 612, 'total_links': 390, 'num_tensors': 98}
2026-08-26 14:35:24,510 [INFO]     [4 | left | 1](candidate_pairs: 48/48 | new_swaps: 1 | total: 10) -> {'max_bond': 4, 'max_links': 4, 'total_elems': 496, 'total_shapes': 606, 'total_links': 390, 'num_tensors': 98}
2026-08-26 14:35:24,534 [INFO]     [4 | right | 0](candidate_pairs: 49/49 | new_swaps: 0 | total: 10) -> {'max_bond': 4, 'max_links': 4, 'total_elems': 496, 'total_shapes': 606, 'total_links': 390, 'num_tensors': 98}
2026-08-26 14:35:24,559 [INFO]     [4 | right | 1](candidate_pairs: 48/48 | new_swaps: 0 | total: 10) -> {'max_bond': 4, 'max_links': 4, 'total_elems': 496, 'total_shapes': 606, 'total_links': 390, 'num_tensors': 98}
2026-08-26 14:35:24,607 [INFO]     [5 | both | 0](candidate_pairs: 49/49 | new_swaps: 0 | total: 0) -> {'max_bond': 4, 'max_links': 4, 'total_elems': 496, 'total_shapes': 606, 'total_links': 390, 'num_tensors': 98}
2026-08-26 14:35:24,655 [INFO]     [5 | both | 1](candidate_pairs: 48/48 | new_swaps: 0 | total: 0) -> {'max_bond': 4, 'max_links': 4, 'total_elems': 496, 'total_shapes': 606, 'total_links': 390, 'num_tensors': 98}
2026-08-26 14:35:24,681 [INFO]     [5 | left | 0](candidate_pairs: 49/49 | new_swaps: 0 | total: 0) -> {'max_bond': 4, 'max_links': 4, 'total_elems': 496, 'total_shapes': 606, 'total_links': 390, 'num_tensors': 98}
2026-08-26 14:35:24,705 [INFO]     [5 | left | 1](candidate_pairs: 48/48 | new_swaps: 0 | total: 0) -> {'max_bond': 4, 'max_links': 4, 'total_elems': 496, 'total_shapes': 606, 'total_links': 390, 'num_tensors': 98}
2026-08-26 14:35:24,730 [INFO]     [5 | right | 0](candidate_pairs: 49/49 | new_swaps: 0 | total: 0) -> {'max_bond': 4, 'max_links': 4, 'total_elems': 496, 'total_shapes': 606, 'total_links': 390, 'num_tensors': 98}
2026-08-26 14:35:24,754 [INFO]     [5 | right | 1](candidate_pairs: 48/48 | new_swaps: 0 | total: 0) -> {'max_bond': 4, 'max_links': 4, 'total_elems': 496, 'total_shapes': 606, 'total_links': 390, 'num_tensors': 98}
2026-08-26 14:35:24,755 [INFO]     [end unswap] -> {'max_bond': 4, 'max_links': 4, 'total_elems': 496, 'total_shapes': 606, 'total_links': 390, 'num_tensors': 98}
2026-08-26 14:35:24,758 [INFO] [start rewire](phase=post_unswap, cycle=1, side=left, layers=2360, trials=20, seed=123, parallel=False, route_candidates=2, route_score=lookahead_total)
2026-08-26 14:35:29,755 [INFO] [end rewire](phase=post_unswap, cycle=1, side=left, routed_layers=2386, elapsed_s=5.00)
2026-08-26 14:35:29,755 [INFO] [start rewire](phase=post_unswap, cycle=1, side=right, layers=2257, trials=20, seed=123, parallel=False, route_candidates=2, route_score=lookahead_total)
2026-08-26 14:35:34,573 [INFO] [end rewire](phase=post_unswap, cycle=1, side=right, routed_layers=2477, elapsed_s=4.82)
[Cycle 1] 7/1984 gates (0.4 %) after 43 sec
2026-08-26 14:35:34,651 [INFO] [1L/2384](swap: 22, u: 0 | c_u: 0 | t_u_l: 5/992 | t_u_r: 2/992 | t_u: 7/1984) -> {'max_bond': 4, 'max_links': 4, 'total_elems': 496, 'total_shapes': 606, 'total_links': 390, 'num_tensors': 98}
2026-08-26 14:35:34,721 [INFO] [1R/2475](swap: 16, u: 0 | c_u: 0 | t_u_l: 5/992 | t_u_r: 2/992 | t_u: 7/1984) -> {'max_bond': 4, 'max_links': 4, 'total_elems': 956, 'total_shapes': 700, 'total_links': 390, 'num_tensors': 98}
2026-08-26 14:35:34,790 [INFO] [2L/2384](swap: 21, u: 0 | c_u: 0 | t_u_l: 5/992 | t_u_r: 2/992 | t_u: 7/1984) -> {'max_bond': 4, 'max_links': 4, 'total_elems': 1656, 'total_shapes': 800, 'total_links': 390, 'num_tensors': 98}
2026-08-26 14:35:34,859 [INFO] [2R/2475](swap: 17, u: 0 | c_u: 0 | t_u_l: 5/992 | t_u_r: 2/992 | t_u: 7/1984) -> {'max_bond': 4, 'max_links': 4, 'total_elems': 2416, 'total_shapes': 870, 'total_links': 390, 'num_tensors': 98}
2026-08-26 14:35:34,929 [INFO] [3L/2384](swap: 20, u: 0 | c_u: 0 | t_u_l: 5/992 | t_u_r: 2/992 | t_u: 7/1984) -> {'max_bond': 16, 'max_links': 4, 'total_elems': 4132, 'total_shapes': 1004, 'total_links': 390, 'num_tensors': 98}
2026-08-26 14:35:35,000 [INFO] [4L/2384](swap: 19, u: 0 | c_u: 0 | t_u_l: 5/992 | t_u_r: 2/992 | t_u: 7/1984) -> {'max_bond': 16, 'max_links': 4, 'total_elems': 7828, 'total_shapes': 1166, 'total_links': 390, 'num_tensors': 98}
2026-08-26 14:35:35,074 [INFO] [5L/2384](swap: 17, u: 1 | c_u: 1 | t_u_l: 6/992 | t_u_r: 2/992 | t_u: 8/1984) -> {'max_bond': 16, 'max_links': 4, 'total_elems': 12456, 'total_shapes': 1370, 'total_links': 390, 'num_tensors': 98}
2026-08-26 14:35:35,150 [INFO] [6L/2384](swap: 15, u: 1 | c_u: 2 | t_u_l: 7/992 | t_u_r: 2/992 | t_u: 9/1984) -> {'max_bond': 16, 'max_links': 4, 'total_elems': 20128, 'total_shapes': 1626, 'total_links': 390, 'num_tensors': 98}
2026-08-26 14:35:35,230 [INFO] [7L/2384](swap: 15, u: 0 | c_u: 2 | t_u_l: 7/992 | t_u_r: 2/992 | t_u: 9/1984) -> {'max_bond': 64, 'max_links': 4, 'total_elems': 39964, 'total_shapes': 2040, 'total_links': 390, 'num_tensors': 98}
2026-08-26 14:35:35,331 [INFO] [8L/2384](swap: 13, u: 0 | c_u: 2 | t_u_l: 7/992 | t_u_r: 2/992 | t_u: 9/1984) -> {'max_bond': 64, 'max_links': 4, 'total_elems': 62876, 'total_shapes': 2284, 'total_links': 390, 'num_tensors': 98}
2026-08-26 14:35:35,443 [INFO] [9L/2384](swap: 13, u: 0 | c_u: 2 | t_u_l: 7/992 | t_u_r: 2/992 | t_u: 9/1984) -> {'max_bond': 64, 'max_links': 4, 'total_elems': 75032, 'total_shapes': 2506, 'total_links': 390, 'num_tensors': 98}
2026-08-26 14:35:35,558 [INFO] [10L/2384](swap: 13, u: 0 | c_u: 2 | t_u_l: 7/992 | t_u_r: 2/992 | t_u: 9/1984) -> {'max_bond': 64, 'max_links': 4, 'total_elems': 94136, 'total_shapes': 2836, 'total_links': 390, 'num_tensors': 98}
2026-08-26 14:35:35,699 [INFO] [11L/2384](swap: 13, u: 0 | c_u: 2 | t_u_l: 7/992 | t_u_r: 2/992 | t_u: 9/1984) -> {'max_bond': 64, 'max_links': 4, 'total_elems': 129716, 'total_shapes': 3154, 'total_links': 390, 'num_tensors': 98}
2026-08-26 14:35:35,864 [INFO] [12L/2384](swap: 12, u: 1 | c_u: 3 | t_u_l: 8/992 | t_u_r: 2/992 | t_u: 10/1984) -> {'max_bond': 64, 'max_links': 4, 'total_elems': 182896, 'total_shapes': 3672, 'total_links': 390, 'num_tensors': 98}
2026-08-26 14:35:36,116 [INFO] [3R/2475](swap: 15, u: 0 | c_u: 3 | t_u_l: 8/992 | t_u_r: 2/992 | t_u: 10/1984) -> {'max_bond': 64, 'max_links': 4, 'total_elems': 249448, 'total_shapes': 4020, 'total_links': 390, 'num_tensors': 98}
2026-08-26 14:35:36,460 [INFO] [13L/2384](swap: 12, u: 2 | c_u: 5 | t_u_l: 10/992 | t_u_r: 2/992 | t_u: 12/1984) -> {'max_bond': 64, 'max_links': 4, 'total_elems': 313764, 'total_shapes': 4490, 'total_links': 390, 'num_tensors': 98}
2026-08-26 14:35:36,946 [INFO] [4R/2475](swap: 15, u: 1 | c_u: 6 | t_u_l: 10/992 | t_u_r: 3/992 | t_u: 13/1984) -> {'max_bond': 256, 'max_links': 4, 'total_elems': 519168, 'total_shapes': 5558, 'total_links': 390, 'num_tensors': 98}
2026-08-26 14:35:37,687 [INFO] [14L/2384](swap: 14, u: 1 | c_u: 7 | t_u_l: 11/992 | t_u_r: 3/992 | t_u: 14/1984) -> {'max_bond': 256, 'max_links': 4, 'total_elems': 782528, 'total_shapes': 6658, 'total_links': 390, 'num_tensors': 98}
2026-08-26 14:35:39,207 [INFO]     [start unswap] -> {'max_bond': 256, 'max_links': 4, 'total_elems': 782528, 'total_shapes': 6658, 'total_links': 390, 'num_tensors': 98}
2026-08-26 14:35:50,296 [INFO]     [0 | both | 0](candidate_pairs: 49/49 | new_swaps: 7 | total: 7) -> {'max_bond': 256, 'max_links': 4, 'total_elems': 1637088, 'total_shapes': 7564, 'total_links': 390, 'num_tensors': 98}
2026-08-26 14:36:09,775 [INFO]     [0 | both | 1](candidate_pairs: 48/48 | new_swaps: 12 | total: 19) -> {'max_bond': 256, 'max_links': 4, 'total_elems': 1373432, 'total_shapes': 6272, 'total_links': 390, 'num_tensors': 98}
2026-08-26 14:36:17,246 [INFO]     [0 | left | 0](candidate_pairs: 49/49 | new_swaps: 15 | total: 34) -> {'max_bond': 256, 'max_links': 4, 'total_elems': 424432, 'total_shapes': 4522, 'total_links': 390, 'num_tensors': 98}
2026-08-26 14:36:17,958 [INFO]     [0 | left | 1](candidate_pairs: 48/48 | new_swaps: 15 | total: 49) -> {'max_bond': 64, 'max_links': 4, 'total_elems': 140152, 'total_shapes': 3078, 'total_links': 390, 'num_tensors': 98}
2026-08-26 14:36:18,157 [INFO]     [0 | right | 0](candidate_pairs: 49/49 | new_swaps: 9 | total: 58) -> {'max_bond': 64, 'max_links': 4, 'total_elems': 119992, 'total_shapes': 2730, 'total_links': 390, 'num_tensors': 98}
2026-08-26 14:36:18,410 [INFO]     [0 | right | 1](candidate_pairs: 48/48 | new_swaps: 11 | total: 69) -> {'max_bond': 64, 'max_links': 4, 'total_elems': 85504, 'total_shapes': 2436, 'total_links': 390, 'num_tensors': 98}
2026-08-26 14:36:18,671 [INFO]     [1 | both | 0](candidate_pairs: 49/49 | new_swaps: 14 | total: 14) -> {'max_bond': 64, 'max_links': 4, 'total_elems': 35764, 'total_shapes': 1914, 'total_links': 390, 'num_tensors': 98}
2026-08-26 14:36:18,816 [INFO]     [1 | both | 1](candidate_pairs: 48/48 | new_swaps: 11 | total: 25) -> {'max_bond': 16, 'max_links': 4, 'total_elems': 20948, 'total_shapes': 1594, 'total_links': 390, 'num_tensors': 98}
2026-08-26 14:36:18,887 [INFO]     [1 | left | 0](candidate_pairs: 49/49 | new_swaps: 5 | total: 30) -> {'max_bond': 16, 'max_links': 4, 'total_elems': 18904, 'total_shapes': 1512, 'total_links': 390, 'num_tensors': 98}
2026-08-26 14:36:18,960 [INFO]     [1 | left | 1](candidate_pairs: 48/48 | new_swaps: 7 | total: 37) -> {'max_bond': 16, 'max_links': 4, 'total_elems': 17872, 'total_shapes': 1450, 'total_links': 390, 'num_tensors': 98}
2026-08-26 14:36:19,032 [INFO]     [1 | right | 0](candidate_pairs: 49/49 | new_swaps: 9 | total: 46) -> {'max_bond': 16, 'max_links': 4, 'total_elems': 14584, 'total_shapes': 1344, 'total_links': 390, 'num_tensors': 98}
2026-08-26 14:36:19,102 [INFO]     [1 | right | 1](candidate_pairs: 48/48 | new_swaps: 6 | total: 52) -> {'max_bond': 16, 'max_links': 4, 'total_elems': 12112, 'total_shapes': 1264, 'total_links': 390, 'num_tensors': 98}
2026-08-26 14:36:19,228 [INFO]     [2 | both | 0](candidate_pairs: 49/49 | new_swaps: 12 | total: 12) -> {'max_bond': 16, 'max_links': 4, 'total_elems': 8768, 'total_shapes': 1148, 'total_links': 390, 'num_tensors': 98}
2026-08-26 14:36:19,350 [INFO]     [2 | both | 1](candidate_pairs: 48/48 | new_swaps: 12 | total: 24) -> {'max_bond': 16, 'max_links': 4, 'total_elems': 5312, 'total_shapes': 1024, 'total_links': 390, 'num_tensors': 98}
2026-08-26 14:36:19,414 [INFO]     [2 | left | 0](candidate_pairs: 49/49 | new_swaps: 5 | total: 29) -> {'max_bond': 8, 'max_links': 4, 'total_elems': 4016, 'total_shapes': 958, 'total_links': 390, 'num_tensors': 98}
2026-08-26 14:36:19,479 [INFO]     [2 | left | 1](candidate_pairs: 48/48 | new_swaps: 7 | total: 36) -> {'max_bond': 8, 'max_links': 4, 'total_elems': 3548, 'total_shapes': 916, 'total_links': 390, 'num_tensors': 98}
2026-08-26 14:36:19,542 [INFO]     [2 | right | 0](candidate_pairs: 49/49 | new_swaps: 6 | total: 42) -> {'max_bond': 8, 'max_links': 4, 'total_elems': 3124, 'total_shapes': 876, 'total_links': 390, 'num_tensors': 98}
2026-08-26 14:36:19,602 [INFO]     [2 | right | 1](candidate_pairs: 48/48 | new_swaps: 3 | total: 45) -> {'max_bond': 8, 'max_links': 4, 'total_elems': 2944, 'total_shapes': 862, 'total_links': 390, 'num_tensors': 98}
2026-08-26 14:36:19,715 [INFO]     [3 | both | 0](candidate_pairs: 49/49 | new_swaps: 7 | total: 7) -> {'max_bond': 8, 'max_links': 4, 'total_elems': 2368, 'total_shapes': 822, 'total_links': 390, 'num_tensors': 98}
2026-08-26 14:36:19,827 [INFO]     [3 | both | 1](candidate_pairs: 48/48 | new_swaps: 9 | total: 16) -> {'max_bond': 4, 'max_links': 4, 'total_elems': 1744, 'total_shapes': 766, 'total_links': 390, 'num_tensors': 98}
2026-08-26 14:36:19,888 [INFO]     [3 | left | 0](candidate_pairs: 49/49 | new_swaps: 3 | total: 19) -> {'max_bond': 4, 'max_links': 4, 'total_elems': 1648, 'total_shapes': 754, 'total_links': 390, 'num_tensors': 98}
2026-08-26 14:36:19,948 [INFO]     [3 | left | 1](candidate_pairs: 48/48 | new_swaps: 2 | total: 21) -> {'max_bond': 4, 'max_links': 4, 'total_elems': 1592, 'total_shapes': 744, 'total_links': 390, 'num_tensors': 98}
2026-08-26 14:36:20,008 [INFO]     [3 | right | 0](candidate_pairs: 49/49 | new_swaps: 2 | total: 23) -> {'max_bond': 4, 'max_links': 4, 'total_elems': 1472, 'total_shapes': 732, 'total_links': 390, 'num_tensors': 98}
2026-08-26 14:36:20,068 [INFO]     [3 | right | 1](candidate_pairs: 48/48 | new_swaps: 2 | total: 25) -> {'max_bond': 4, 'max_links': 4, 'total_elems': 1364, 'total_shapes': 722, 'total_links': 390, 'num_tensors': 98}
2026-08-26 14:36:20,179 [INFO]     [4 | both | 0](candidate_pairs: 49/49 | new_swaps: 7 | total: 7) -> {'max_bond': 4, 'max_links': 4, 'total_elems': 1132, 'total_shapes': 698, 'total_links': 390, 'num_tensors': 98}
2026-08-26 14:36:20,288 [INFO]     [4 | both | 1](candidate_pairs: 48/48 | new_swaps: 5 | total: 12) -> {'max_bond': 4, 'max_links': 4, 'total_elems': 988, 'total_shapes': 682, 'total_links': 390, 'num_tensors': 98}
2026-08-26 14:36:20,314 [INFO]     [4 | left | 0](candidate_pairs: 49/49 | new_swaps: 0 | total: 12) -> {'max_bond': 4, 'max_links': 4, 'total_elems': 988, 'total_shapes': 682, 'total_links': 390, 'num_tensors': 98}
2026-08-26 14:36:20,375 [INFO]     [4 | left | 1](candidate_pairs: 48/48 | new_swaps: 2 | total: 14) -> {'max_bond': 4, 'max_links': 4, 'total_elems': 932, 'total_shapes': 674, 'total_links': 390, 'num_tensors': 98}
2026-08-26 14:36:20,400 [INFO]     [4 | right | 0](candidate_pairs: 49/49 | new_swaps: 0 | total: 14) -> {'max_bond': 4, 'max_links': 4, 'total_elems': 932, 'total_shapes': 674, 'total_links': 390, 'num_tensors': 98}
2026-08-26 14:36:20,426 [INFO]     [4 | right | 1](candidate_pairs: 48/48 | new_swaps: 0 | total: 14) -> {'max_bond': 4, 'max_links': 4, 'total_elems': 932, 'total_shapes': 674, 'total_links': 390, 'num_tensors': 98}
2026-08-26 14:36:20,536 [INFO]     [5 | both | 0](candidate_pairs: 49/49 | new_swaps: 6 | total: 6) -> {'max_bond': 4, 'max_links': 4, 'total_elems': 776, 'total_shapes': 656, 'total_links': 390, 'num_tensors': 98}
2026-08-26 14:36:20,644 [INFO]     [5 | both | 1](candidate_pairs: 48/48 | new_swaps: 4 | total: 10) -> {'max_bond': 4, 'max_links': 4, 'total_elems': 728, 'total_shapes': 648, 'total_links': 390, 'num_tensors': 98}
2026-08-26 14:36:20,671 [INFO]     [5 | left | 0](candidate_pairs: 49/49 | new_swaps: 0 | total: 10) -> {'max_bond': 4, 'max_links': 4, 'total_elems': 728, 'total_shapes': 648, 'total_links': 390, 'num_tensors': 98}
2026-08-26 14:36:20,731 [INFO]     [5 | left | 1](candidate_pairs: 48/48 | new_swaps: 1 | total: 11) -> {'max_bond': 2, 'max_links': 4, 'total_elems': 704, 'total_shapes': 644, 'total_links': 390, 'num_tensors': 98}
2026-08-26 14:36:20,756 [INFO]     [5 | right | 0](candidate_pairs: 49/49 | new_swaps: 0 | total: 11) -> {'max_bond': 2, 'max_links': 4, 'total_elems': 704, 'total_shapes': 644, 'total_links': 390, 'num_tensors': 98}
2026-08-26 14:36:20,781 [INFO]     [5 | right | 1](candidate_pairs: 48/48 | new_swaps: 0 | total: 11) -> {'max_bond': 2, 'max_links': 4, 'total_elems': 704, 'total_shapes': 644, 'total_links': 390, 'num_tensors': 98}
2026-08-26 14:36:20,889 [INFO]     [6 | both | 0](candidate_pairs: 49/49 | new_swaps: 4 | total: 4) -> {'max_bond': 2, 'max_links': 4, 'total_elems': 656, 'total_shapes': 636, 'total_links': 390, 'num_tensors': 98}
2026-08-26 14:36:20,997 [INFO]     [6 | both | 1](candidate_pairs: 48/48 | new_swaps: 4 | total: 8) -> {'max_bond': 2, 'max_links': 4, 'total_elems': 608, 'total_shapes': 628, 'total_links': 390, 'num_tensors': 98}
2026-08-26 14:36:21,023 [INFO]     [6 | left | 0](candidate_pairs: 49/49 | new_swaps: 0 | total: 8) -> {'max_bond': 2, 'max_links': 4, 'total_elems': 608, 'total_shapes': 628, 'total_links': 390, 'num_tensors': 98}
2026-08-26 14:36:21,049 [INFO]     [6 | left | 1](candidate_pairs: 48/48 | new_swaps: 0 | total: 8) -> {'max_bond': 2, 'max_links': 4, 'total_elems': 608, 'total_shapes': 628, 'total_links': 390, 'num_tensors': 98}
2026-08-26 14:36:21,074 [INFO]     [6 | right | 0](candidate_pairs: 49/49 | new_swaps: 0 | total: 8) -> {'max_bond': 2, 'max_links': 4, 'total_elems': 608, 'total_shapes': 628, 'total_links': 390, 'num_tensors': 98}
2026-08-26 14:36:21,100 [INFO]     [6 | right | 1](candidate_pairs: 48/48 | new_swaps: 0 | total: 8) -> {'max_bond': 2, 'max_links': 4, 'total_elems': 608, 'total_shapes': 628, 'total_links': 390, 'num_tensors': 98}
2026-08-26 14:36:21,208 [INFO]     [7 | both | 0](candidate_pairs: 49/49 | new_swaps: 3 | total: 3) -> {'max_bond': 2, 'max_links': 4, 'total_elems': 572, 'total_shapes': 622, 'total_links': 390, 'num_tensors': 98}
2026-08-26 14:36:21,314 [INFO]     [7 | both | 1](candidate_pairs: 48/48 | new_swaps: 1 | total: 4) -> {'max_bond': 2, 'max_links': 4, 'total_elems': 560, 'total_shapes': 620, 'total_links': 390, 'num_tensors': 98}
2026-08-26 14:36:21,340 [INFO]     [7 | left | 0](candidate_pairs: 49/49 | new_swaps: 0 | total: 4) -> {'max_bond': 2, 'max_links': 4, 'total_elems': 560, 'total_shapes': 620, 'total_links': 390, 'num_tensors': 98}
2026-08-26 14:36:21,366 [INFO]     [7 | left | 1](candidate_pairs: 48/48 | new_swaps: 0 | total: 4) -> {'max_bond': 2, 'max_links': 4, 'total_elems': 560, 'total_shapes': 620, 'total_links': 390, 'num_tensors': 98}
2026-08-26 14:36:21,394 [INFO]     [7 | right | 0](candidate_pairs: 49/49 | new_swaps: 0 | total: 4) -> {'max_bond': 2, 'max_links': 4, 'total_elems': 560, 'total_shapes': 620, 'total_links': 390, 'num_tensors': 98}
2026-08-26 14:36:21,419 [INFO]     [7 | right | 1](candidate_pairs: 48/48 | new_swaps: 0 | total: 4) -> {'max_bond': 2, 'max_links': 4, 'total_elems': 560, 'total_shapes': 620, 'total_links': 390, 'num_tensors': 98}
2026-08-26 14:36:21,524 [INFO]     [8 | both | 0](candidate_pairs: 49/49 | new_swaps: 1 | total: 1) -> {'max_bond': 2, 'max_links': 4, 'total_elems': 548, 'total_shapes': 618, 'total_links': 390, 'num_tensors': 98}
2026-08-26 14:36:21,573 [INFO]     [8 | both | 1](candidate_pairs: 48/48 | new_swaps: 0 | total: 1) -> {'max_bond': 2, 'max_links': 4, 'total_elems': 548, 'total_shapes': 618, 'total_links': 390, 'num_tensors': 98}
2026-08-26 14:36:21,598 [INFO]     [8 | left | 0](candidate_pairs: 49/49 | new_swaps: 0 | total: 1) -> {'max_bond': 2, 'max_links': 4, 'total_elems': 548, 'total_shapes': 618, 'total_links': 390, 'num_tensors': 98}
2026-08-26 14:36:21,624 [INFO]     [8 | left | 1](candidate_pairs: 48/48 | new_swaps: 0 | total: 1) -> {'max_bond': 2, 'max_links': 4, 'total_elems': 548, 'total_shapes': 618, 'total_links': 390, 'num_tensors': 98}
2026-08-26 14:36:21,650 [INFO]     [8 | right | 0](candidate_pairs: 49/49 | new_swaps: 0 | total: 1) -> {'max_bond': 2, 'max_links': 4, 'total_elems': 548, 'total_shapes': 618, 'total_links': 390, 'num_tensors': 98}
2026-08-26 14:36:21,675 [INFO]     [8 | right | 1](candidate_pairs: 48/48 | new_swaps: 0 | total: 1) -> {'max_bond': 2, 'max_links': 4, 'total_elems': 548, 'total_shapes': 618, 'total_links': 390, 'num_tensors': 98}
2026-08-26 14:36:21,724 [INFO]     [9 | both | 0](candidate_pairs: 49/49 | new_swaps: 0 | total: 0) -> {'max_bond': 2, 'max_links': 4, 'total_elems': 548, 'total_shapes': 618, 'total_links': 390, 'num_tensors': 98}
2026-08-26 14:36:21,773 [INFO]     [9 | both | 1](candidate_pairs: 48/48 | new_swaps: 0 | total: 0) -> {'max_bond': 2, 'max_links': 4, 'total_elems': 548, 'total_shapes': 618, 'total_links': 390, 'num_tensors': 98}
2026-08-26 14:36:21,799 [INFO]     [9 | left | 0](candidate_pairs: 49/49 | new_swaps: 0 | total: 0) -> {'max_bond': 2, 'max_links': 4, 'total_elems': 548, 'total_shapes': 618, 'total_links': 390, 'num_tensors': 98}
2026-08-26 14:36:21,824 [INFO]     [9 | left | 1](candidate_pairs: 48/48 | new_swaps: 0 | total: 0) -> {'max_bond': 2, 'max_links': 4, 'total_elems': 548, 'total_shapes': 618, 'total_links': 390, 'num_tensors': 98}
2026-08-26 14:36:21,849 [INFO]     [9 | right | 0](candidate_pairs: 49/49 | new_swaps: 0 | total: 0) -> {'max_bond': 2, 'max_links': 4, 'total_elems': 548, 'total_shapes': 618, 'total_links': 390, 'num_tensors': 98}
2026-08-26 14:36:21,874 [INFO]     [9 | right | 1](candidate_pairs: 48/48 | new_swaps: 0 | total: 0) -> {'max_bond': 2, 'max_links': 4, 'total_elems': 548, 'total_shapes': 618, 'total_links': 390, 'num_tensors': 98}
2026-08-26 14:36:21,875 [INFO]     [end unswap] -> {'max_bond': 2, 'max_links': 4, 'total_elems': 548, 'total_shapes': 618, 'total_links': 390, 'num_tensors': 98}
2026-08-26 14:36:21,881 [INFO] [start rewire](phase=post_unswap, cycle=2, side=left, layers=2372, trials=20, seed=123, parallel=False, route_candidates=2, route_score=lookahead_total)
2026-08-26 14:36:27,997 [INFO] [end rewire](phase=post_unswap, cycle=2, side=left, routed_layers=2405, elapsed_s=6.12)
2026-08-26 14:36:27,997 [INFO] [start rewire](phase=post_unswap, cycle=2, side=right, layers=2473, trials=20, seed=123, parallel=False, route_candidates=2, route_score=lookahead_total)
2026-08-26 14:36:33,274 [INFO] [end rewire](phase=post_unswap, cycle=2, side=right, routed_layers=2206, elapsed_s=5.28)
[Cycle 2] 14/1984 gates (0.7 %) after 102 sec
2026-08-26 14:36:33,352 [INFO] [1L/2403](swap: 19, u: 0 | c_u: 0 | t_u_l: 11/992 | t_u_r: 3/992 | t_u: 14/1984) -> {'max_bond': 2, 'max_links': 4, 'total_elems': 548, 'total_shapes': 618, 'total_links': 390, 'num_tensors': 98}
2026-08-26 14:36:33,423 [INFO] [1R/2204](swap: 15, u: 0 | c_u: 0 | t_u_l: 11/992 | t_u_r: 3/992 | t_u: 14/1984) -> {'max_bond': 4, 'max_links': 4, 'total_elems': 952, 'total_shapes': 706, 'total_links': 390, 'num_tensors': 98}
2026-08-26 14:36:33,493 [INFO] [2L/2403](swap: 20, u: 0 | c_u: 0 | t_u_l: 11/992 | t_u_r: 3/992 | t_u: 14/1984) -> {'max_bond': 8, 'max_links': 4, 'total_elems': 1672, 'total_shapes': 788, 'total_links': 390, 'num_tensors': 98}
2026-08-26 14:36:33,564 [INFO] [2R/2204](swap: 16, u: 0 | c_u: 0 | t_u_l: 11/992 | t_u_r: 3/992 | t_u: 14/1984) -> {'max_bond': 16, 'max_links': 4, 'total_elems': 3036, 'total_shapes': 896, 'total_links': 390, 'num_tensors': 98}
2026-08-26 14:36:33,636 [INFO] [3R/2204](swap: 15, u: 0 | c_u: 0 | t_u_l: 11/992 | t_u_r: 3/992 | t_u: 14/1984) -> {'max_bond': 16, 'max_links': 4, 'total_elems': 4796, 'total_shapes': 1018, 'total_links': 390, 'num_tensors': 98}
2026-08-26 14:36:33,709 [INFO] [3L/2403](swap: 19, u: 0 | c_u: 0 | t_u_l: 11/992 | t_u_r: 3/992 | t_u: 14/1984) -> {'max_bond': 16, 'max_links': 4, 'total_elems': 9940, 'total_shapes': 1156, 'total_links': 390, 'num_tensors': 98}
2026-08-26 14:36:33,788 [INFO] [4L/2403](swap: 16, u: 0 | c_u: 0 | t_u_l: 11/992 | t_u_r: 3/992 | t_u: 14/1984) -> {'max_bond': 64, 'max_links': 4, 'total_elems': 20076, 'total_shapes': 1388, 'total_links': 390, 'num_tensors': 98}
2026-08-26 14:36:33,878 [INFO] [5L/2403](swap: 15, u: 0 | c_u: 0 | t_u_l: 11/992 | t_u_r: 3/992 | t_u: 14/1984) -> {'max_bond': 64, 'max_links': 4, 'total_elems': 45372, 'total_shapes': 1712, 'total_links': 390, 'num_tensors': 98}
2026-08-26 14:36:33,981 [INFO] [6L/2403](swap: 15, u: 1 | c_u: 1 | t_u_l: 12/992 | t_u_r: 3/992 | t_u: 15/1984) -> {'max_bond': 64, 'max_links': 4, 'total_elems': 51540, 'total_shapes': 1922, 'total_links': 390, 'num_tensors': 98}
2026-08-26 14:36:34,085 [INFO] [7L/2403](swap: 15, u: 0 | c_u: 1 | t_u_l: 12/992 | t_u_r: 3/992 | t_u: 15/1984) -> {'max_bond': 64, 'max_links': 4, 'total_elems': 71500, 'total_shapes': 2334, 'total_links': 390, 'num_tensors': 98}
2026-08-26 14:36:34,210 [INFO] [4R/2204](swap: 15, u: 0 | c_u: 1 | t_u_l: 12/992 | t_u_r: 3/992 | t_u: 15/1984) -> {'max_bond': 64, 'max_links': 4, 'total_elems': 116832, 'total_shapes': 2630, 'total_links': 390, 'num_tensors': 98}
2026-08-26 14:36:34,386 [INFO] [5R/2204](swap: 14, u: 0 | c_u: 1 | t_u_l: 12/992 | t_u_r: 3/992 | t_u: 15/1984) -> {'max_bond': 64, 'max_links': 4, 'total_elems': 137748, 'total_shapes': 2950, 'total_links': 390, 'num_tensors': 98}
2026-08-26 14:36:34,591 [INFO] [6R/2204](swap: 15, u: 0 | c_u: 1 | t_u_l: 12/992 | t_u_r: 3/992 | t_u: 15/1984) -> {'max_bond': 64, 'max_links': 4, 'total_elems': 238876, 'total_shapes': 3444, 'total_links': 390, 'num_tensors': 98}
2026-08-26 14:36:35,058 [INFO] [7R/2204](swap: 15, u: 1 | c_u: 2 | t_u_l: 12/992 | t_u_r: 4/992 | t_u: 16/1984) -> {'max_bond': 256, 'max_links': 4, 'total_elems': 518040, 'total_shapes': 4754, 'total_links': 390, 'num_tensors': 98}
2026-08-26 14:36:36,433 [INFO]     [start unswap] -> {'max_bond': 256, 'max_links': 4, 'total_elems': 518040, 'total_shapes': 4754, 'total_links': 390, 'num_tensors': 98}
2026-08-26 14:36:55,379 [INFO]     [0 | both | 0](candidate_pairs: 49/49 | new_swaps: 7 | total: 7) -> {'max_bond': 256, 'max_links': 4, 'total_elems': 1154484, 'total_shapes': 5858, 'total_links': 390, 'num_tensors': 98}
2026-08-26 14:37:00,219 [INFO]     [0 | both | 1](candidate_pairs: 48/48 | new_swaps: 19 | total: 26) -> {'max_bond': 256, 'max_links': 4, 'total_elems': 394080, 'total_shapes': 3820, 'total_links': 390, 'num_tensors': 98}
2026-08-26 14:37:00,927 [INFO]     [0 | left | 0](candidate_pairs: 49/49 | new_swaps: 14 | total: 40) -> {'max_bond': 128, 'max_links': 4, 'total_elems': 163980, 'total_shapes': 2818, 'total_links': 390, 'num_tensors': 98}
2026-08-26 14:37:01,236 [INFO]     [0 | left | 1](candidate_pairs: 48/48 | new_swaps: 16 | total: 56) -> {'max_bond': 64, 'max_links': 4, 'total_elems': 71576, 'total_shapes': 2186, 'total_links': 390, 'num_tensors': 98}
2026-08-26 14:37:01,347 [INFO]     [0 | right | 0](candidate_pairs: 49/49 | new_swaps: 13 | total: 69) -> {'max_bond': 64, 'max_links': 4, 'total_elems': 49568, 'total_shapes': 1758, 'total_links': 390, 'num_tensors': 98}
2026-08-26 14:37:01,481 [INFO]     [0 | right | 1](candidate_pairs: 48/48 | new_swaps: 12 | total: 81) -> {'max_bond': 64, 'max_links': 4, 'total_elems': 26224, 'total_shapes': 1534, 'total_links': 390, 'num_tensors': 98}
2026-08-26 14:37:01,627 [INFO]     [1 | both | 0](candidate_pairs: 49/49 | new_swaps: 18 | total: 18) -> {'max_bond': 32, 'max_links': 4, 'total_elems': 13428, 'total_shapes': 1220, 'total_links': 390, 'num_tensors': 98}
2026-08-26 14:37:01,754 [INFO]     [1 | both | 1](candidate_pairs: 48/48 | new_swaps: 8 | total: 26) -> {'max_bond': 32, 'max_links': 4, 'total_elems': 10116, 'total_shapes': 1124, 'total_links': 390, 'num_tensors': 98}
2026-08-26 14:37:01,826 [INFO]     [1 | left | 0](candidate_pairs: 49/49 | new_swaps: 7 | total: 33) -> {'max_bond': 16, 'max_links': 4, 'total_elems': 7580, 'total_shapes': 1050, 'total_links': 390, 'num_tensors': 98}
2026-08-26 14:37:01,896 [INFO]     [1 | left | 1](candidate_pairs: 48/48 | new_swaps: 11 | total: 44) -> {'max_bond': 16, 'max_links': 4, 'total_elems': 5052, 'total_shapes': 944, 'total_links': 390, 'num_tensors': 98}
2026-08-26 14:37:01,960 [INFO]     [1 | right | 0](candidate_pairs: 49/49 | new_swaps: 6 | total: 50) -> {'max_bond': 8, 'max_links': 4, 'total_elems': 4020, 'total_shapes': 884, 'total_links': 390, 'num_tensors': 98}
2026-08-26 14:37:02,024 [INFO]     [1 | right | 1](candidate_pairs: 48/48 | new_swaps: 5 | total: 55) -> {'max_bond': 8, 'max_links': 4, 'total_elems': 3612, 'total_shapes': 856, 'total_links': 390, 'num_tensors': 98}
2026-08-26 14:37:02,137 [INFO]     [2 | both | 0](candidate_pairs: 49/49 | new_swaps: 7 | total: 7) -> {'max_bond': 8, 'max_links': 4, 'total_elems': 2928, 'total_shapes': 808, 'total_links': 390, 'num_tensors': 98}
2026-08-26 14:37:02,251 [INFO]     [2 | both | 1](candidate_pairs: 48/48 | new_swaps: 7 | total: 14) -> {'max_bond': 8, 'max_links': 4, 'total_elems': 2132, 'total_shapes': 760, 'total_links': 390, 'num_tensors': 98}
2026-08-26 14:37:02,314 [INFO]     [2 | left | 0](candidate_pairs: 49/49 | new_swaps: 5 | total: 19) -> {'max_bond': 8, 'max_links': 4, 'total_elems': 1800, 'total_shapes': 730, 'total_links': 390, 'num_tensors': 98}
2026-08-26 14:37:02,377 [INFO]     [2 | left | 1](candidate_pairs: 48/48 | new_swaps: 3 | total: 22) -> {'max_bond': 8, 'max_links': 4, 'total_elems': 1716, 'total_shapes': 712, 'total_links': 390, 'num_tensors': 98}
2026-08-26 14:37:02,483 [INFO]     [2 | right | 0](candidate_pairs: 49/49 | new_swaps: 2 | total: 24) -> {'max_bond': 8, 'max_links': 4, 'total_elems': 1380, 'total_shapes': 696, 'total_links': 390, 'num_tensors': 98}
2026-08-26 14:37:02,544 [INFO]     [2 | right | 1](candidate_pairs: 48/48 | new_swaps: 2 | total: 26) -> {'max_bond': 8, 'max_links': 4, 'total_elems': 1172, 'total_shapes': 684, 'total_links': 390, 'num_tensors': 98}
2026-08-26 14:37:02,654 [INFO]     [3 | both | 0](candidate_pairs: 49/49 | new_swaps: 5 | total: 5) -> {'max_bond': 4, 'max_links': 4, 'total_elems': 896, 'total_shapes': 662, 'total_links': 390, 'num_tensors': 98}
2026-08-26 14:37:02,763 [INFO]     [3 | both | 1](candidate_pairs: 48/48 | new_swaps: 4 | total: 9) -> {'max_bond': 4, 'max_links': 4, 'total_elems': 740, 'total_shapes': 646, 'total_links': 390, 'num_tensors': 98}
2026-08-26 14:37:02,824 [INFO]     [3 | left | 0](candidate_pairs: 49/49 | new_swaps: 1 | total: 10) -> {'max_bond': 4, 'max_links': 4, 'total_elems': 708, 'total_shapes': 642, 'total_links': 390, 'num_tensors': 98}
2026-08-26 14:37:02,884 [INFO]     [3 | left | 1](candidate_pairs: 48/48 | new_swaps: 1 | total: 11) -> {'max_bond': 4, 'max_links': 4, 'total_elems': 684, 'total_shapes': 638, 'total_links': 390, 'num_tensors': 98}
2026-08-26 14:37:02,910 [INFO]     [3 | right | 0](candidate_pairs: 49/49 | new_swaps: 0 | total: 11) -> {'max_bond': 4, 'max_links': 4, 'total_elems': 684, 'total_shapes': 638, 'total_links': 390, 'num_tensors': 98}
2026-08-26 14:37:02,936 [INFO]     [3 | right | 1](candidate_pairs: 48/48 | new_swaps: 0 | total: 11) -> {'max_bond': 4, 'max_links': 4, 'total_elems': 684, 'total_shapes': 638, 'total_links': 390, 'num_tensors': 98}
2026-08-26 14:37:03,045 [INFO]     [4 | both | 0](candidate_pairs: 49/49 | new_swaps: 3 | total: 3) -> {'max_bond': 4, 'max_links': 4, 'total_elems': 648, 'total_shapes': 632, 'total_links': 390, 'num_tensors': 98}
2026-08-26 14:37:03,151 [INFO]     [4 | both | 1](candidate_pairs: 48/48 | new_swaps: 1 | total: 4) -> {'max_bond': 4, 'max_links': 4, 'total_elems': 636, 'total_shapes': 630, 'total_links': 390, 'num_tensors': 98}
2026-08-26 14:37:03,178 [INFO]     [4 | left | 0](candidate_pairs: 49/49 | new_swaps: 0 | total: 4) -> {'max_bond': 4, 'max_links': 4, 'total_elems': 636, 'total_shapes': 630, 'total_links': 390, 'num_tensors': 98}
2026-08-26 14:37:03,204 [INFO]     [4 | left | 1](candidate_pairs: 48/48 | new_swaps: 0 | total: 4) -> {'max_bond': 4, 'max_links': 4, 'total_elems': 636, 'total_shapes': 630, 'total_links': 390, 'num_tensors': 98}
2026-08-26 14:37:03,230 [INFO]     [4 | right | 0](candidate_pairs: 49/49 | new_swaps: 0 | total: 4) -> {'max_bond': 4, 'max_links': 4, 'total_elems': 636, 'total_shapes': 630, 'total_links': 390, 'num_tensors': 98}
2026-08-26 14:37:03,256 [INFO]     [4 | right | 1](candidate_pairs: 48/48 | new_swaps: 0 | total: 4) -> {'max_bond': 4, 'max_links': 4, 'total_elems': 636, 'total_shapes': 630, 'total_links': 390, 'num_tensors': 98}
2026-08-26 14:37:03,306 [INFO]     [5 | both | 0](candidate_pairs: 49/49 | new_swaps: 0 | total: 0) -> {'max_bond': 4, 'max_links': 4, 'total_elems': 636, 'total_shapes': 630, 'total_links': 390, 'num_tensors': 98}
2026-08-26 14:37:03,355 [INFO]     [5 | both | 1](candidate_pairs: 48/48 | new_swaps: 0 | total: 0) -> {'max_bond': 4, 'max_links': 4, 'total_elems': 636, 'total_shapes': 630, 'total_links': 390, 'num_tensors': 98}
2026-08-26 14:37:03,381 [INFO]     [5 | left | 0](candidate_pairs: 49/49 | new_swaps: 0 | total: 0) -> {'max_bond': 4, 'max_links': 4, 'total_elems': 636, 'total_shapes': 630, 'total_links': 390, 'num_tensors': 98}
2026-08-26 14:37:03,407 [INFO]     [5 | left | 1](candidate_pairs: 48/48 | new_swaps: 0 | total: 0) -> {'max_bond': 4, 'max_links': 4, 'total_elems': 636, 'total_shapes': 630, 'total_links': 390, 'num_tensors': 98}
2026-08-26 14:37:03,432 [INFO]     [5 | right | 0](candidate_pairs: 49/49 | new_swaps: 0 | total: 0) -> {'max_bond': 4, 'max_links': 4, 'total_elems': 636, 'total_shapes': 630, 'total_links': 390, 'num_tensors': 98}
2026-08-26 14:37:03,458 [INFO]     [5 | right | 1](candidate_pairs: 48/48 | new_swaps: 0 | total: 0) -> {'max_bond': 4, 'max_links': 4, 'total_elems': 636, 'total_shapes': 630, 'total_links': 390, 'num_tensors': 98}
2026-08-26 14:37:03,459 [INFO]     [end unswap] -> {'max_bond': 4, 'max_links': 4, 'total_elems': 636, 'total_shapes': 630, 'total_links': 390, 'num_tensors': 98}
2026-08-26 14:37:03,466 [INFO] [start rewire](phase=post_unswap, cycle=3, side=left, layers=2398, trials=20, seed=123, parallel=False, route_candidates=2, route_score=lookahead_total)
2026-08-26 14:37:08,974 [INFO] [end rewire](phase=post_unswap, cycle=3, side=left, routed_layers=2119, elapsed_s=5.51)
2026-08-26 14:37:08,974 [INFO] [start rewire](phase=post_unswap, cycle=3, side=right, layers=2199, trials=20, seed=123, parallel=False, route_candidates=2, route_score=lookahead_total)
2026-08-26 14:37:15,442 [INFO] [end rewire](phase=post_unswap, cycle=3, side=right, routed_layers=2488, elapsed_s=6.47)
[Cycle 3] 16/1984 gates (0.8 %) after 144 sec
2026-08-26 14:37:15,523 [INFO] [1L/2117](swap: 23, u: 0 | c_u: 0 | t_u_l: 12/992 | t_u_r: 4/992 | t_u: 16/1984) -> {'max_bond': 4, 'max_links': 4, 'total_elems': 636, 'total_shapes': 630, 'total_links': 390, 'num_tensors': 98}
2026-08-26 14:37:15,595 [INFO] [1R/2486](swap: 14, u: 0 | c_u: 0 | t_u_l: 12/992 | t_u_r: 4/992 | t_u: 16/1984) -> {'max_bond': 8, 'max_links': 4, 'total_elems': 1124, 'total_shapes': 716, 'total_links': 390, 'num_tensors': 98}
2026-08-26 14:37:15,669 [INFO] [2L/2117](swap: 20, u: 0 | c_u: 0 | t_u_l: 12/992 | t_u_r: 4/992 | t_u: 16/1984) -> {'max_bond': 8, 'max_links': 4, 'total_elems': 1692, 'total_shapes': 800, 'total_links': 390, 'num_tensors': 98}
2026-08-26 14:37:15,743 [INFO] [2R/2486](swap: 16, u: 0 | c_u: 0 | t_u_l: 12/992 | t_u_r: 4/992 | t_u: 16/1984) -> {'max_bond': 8, 'max_links': 4, 'total_elems': 2968, 'total_shapes': 890, 'total_links': 390, 'num_tensors': 98}
2026-08-26 14:37:15,816 [INFO] [3L/2117](swap: 17, u: 1 | c_u: 1 | t_u_l: 13/992 | t_u_r: 4/992 | t_u: 17/1984) -> {'max_bond': 16, 'max_links': 4, 'total_elems': 5360, 'total_shapes': 1040, 'total_links': 390, 'num_tensors': 98}
2026-08-26 14:37:15,890 [INFO] [3R/2486](swap: 16, u: 0 | c_u: 1 | t_u_l: 13/992 | t_u_r: 4/992 | t_u: 17/1984) -> {'max_bond': 32, 'max_links': 4, 'total_elems': 11508, 'total_shapes': 1244, 'total_links': 390, 'num_tensors': 98}
2026-08-26 14:37:15,968 [INFO] [4L/2117](swap: 19, u: 0 | c_u: 1 | t_u_l: 13/992 | t_u_r: 4/992 | t_u: 17/1984) -> {'max_bond': 32, 'max_links': 4, 'total_elems': 18788, 'total_shapes': 1486, 'total_links': 390, 'num_tensors': 98}
2026-08-26 14:37:16,056 [INFO] [4R/2486](swap: 13, u: 0 | c_u: 1 | t_u_l: 13/992 | t_u_r: 4/992 | t_u: 17/1984) -> {'max_bond': 64, 'max_links': 4, 'total_elems': 40964, 'total_shapes': 1874, 'total_links': 390, 'num_tensors': 98}
2026-08-26 14:37:16,161 [INFO] [5L/2117](swap: 21, u: 0 | c_u: 1 | t_u_l: 13/992 | t_u_r: 4/992 | t_u: 17/1984) -> {'max_bond': 64, 'max_links': 4, 'total_elems': 77768, 'total_shapes': 2260, 'total_links': 390, 'num_tensors': 98}
2026-08-26 14:37:16,311 [INFO] [5R/2486](swap: 14, u: 0 | c_u: 1 | t_u_l: 13/992 | t_u_r: 4/992 | t_u: 17/1984) -> {'max_bond': 128, 'max_links': 4, 'total_elems': 148812, 'total_shapes': 2948, 'total_links': 390, 'num_tensors': 98}
2026-08-26 14:37:16,536 [INFO] [6R/2486](swap: 15, u: 0 | c_u: 1 | t_u_l: 13/992 | t_u_r: 4/992 | t_u: 17/1984) -> {'max_bond': 128, 'max_links': 4, 'total_elems': 257796, 'total_shapes': 3560, 'total_links': 390, 'num_tensors': 98}
2026-08-26 14:37:17,044 [INFO] [6L/2117](swap: 21, u: 0 | c_u: 1 | t_u_l: 13/992 | t_u_r: 4/992 | t_u: 17/1984) -> {'max_bond': 256, 'max_links': 4, 'total_elems': 506424, 'total_shapes': 4618, 'total_links': 390, 'num_tensors': 98}
2026-08-26 14:37:18,351 [INFO] [7L/2117](swap: 19, u: 0 | c_u: 1 | t_u_l: 13/992 | t_u_r: 4/992 | t_u: 17/1984) -> {'max_bond': 256, 'max_links': 4, 'total_elems': 957616, 'total_shapes': 5914, 'total_links': 390, 'num_tensors': 98}
2026-08-26 14:37:20,812 [INFO]     [start unswap] -> {'max_bond': 256, 'max_links': 4, 'total_elems': 957616, 'total_shapes': 5914, 'total_links': 390, 'num_tensors': 98}
2026-08-26 14:37:36,706 [INFO]     [0 | both | 0](candidate_pairs: 49/49 | new_swaps: 7 | total: 7) -> {'max_bond': 256, 'max_links': 4, 'total_elems': 1224296, 'total_shapes': 6654, 'total_links': 390, 'num_tensors': 98}
2026-08-26 14:37:42,769 [INFO]     [0 | both | 1](candidate_pairs: 48/48 | new_swaps: 13 | total: 20) -> {'max_bond': 256, 'max_links': 4, 'total_elems': 721544, 'total_shapes': 4864, 'total_links': 390, 'num_tensors': 98}
2026-08-26 14:37:44,699 [INFO]     [0 | left | 0](candidate_pairs: 49/49 | new_swaps: 18 | total: 38) -> {'max_bond': 256, 'max_links': 4, 'total_elems': 524136, 'total_shapes': 3850, 'total_links': 390, 'num_tensors': 98}
2026-08-26 14:37:46,785 [INFO]     [0 | left | 1](candidate_pairs: 48/48 | new_swaps: 21 | total: 59) -> {'max_bond': 256, 'max_links': 4, 'total_elems': 230876, 'total_shapes': 2984, 'total_links': 390, 'num_tensors': 98}
2026-08-26 14:37:47,169 [INFO]     [0 | right | 0](candidate_pairs: 49/49 | new_swaps: 9 | total: 68) -> {'max_bond': 64, 'max_links': 4, 'total_elems': 121796, 'total_shapes': 2364, 'total_links': 390, 'num_tensors': 98}
2026-08-26 14:37:47,376 [INFO]     [0 | right | 1](candidate_pairs: 48/48 | new_swaps: 14 | total: 82) -> {'max_bond': 64, 'max_links': 4, 'total_elems': 90224, 'total_shapes': 2046, 'total_links': 390, 'num_tensors': 98}
2026-08-26 14:37:47,774 [INFO]     [1 | both | 0](candidate_pairs: 49/49 | new_swaps: 18 | total: 18) -> {'max_bond': 64, 'max_links': 4, 'total_elems': 58744, 'total_shapes': 1612, 'total_links': 390, 'num_tensors': 98}
2026-08-26 14:37:48,065 [INFO]     [1 | both | 1](candidate_pairs: 48/48 | new_swaps: 7 | total: 25) -> {'max_bond': 64, 'max_links': 4, 'total_elems': 24256, 'total_shapes': 1320, 'total_links': 390, 'num_tensors': 98}
2026-08-26 14:37:48,149 [INFO]     [1 | left | 0](candidate_pairs: 49/49 | new_swaps: 14 | total: 39) -> {'max_bond': 32, 'max_links': 4, 'total_elems': 16540, 'total_shapes': 1168, 'total_links': 390, 'num_tensors': 98}
2026-08-26 14:37:48,236 [INFO]     [1 | left | 1](candidate_pairs: 48/48 | new_swaps: 13 | total: 52) -> {'max_bond': 32, 'max_links': 4, 'total_elems': 11308, 'total_shapes': 1048, 'total_links': 390, 'num_tensors': 98}
2026-08-26 14:37:48,305 [INFO]     [1 | right | 0](candidate_pairs: 49/49 | new_swaps: 7 | total: 59) -> {'max_bond': 16, 'max_links': 4, 'total_elems': 6664, 'total_shapes': 938, 'total_links': 390, 'num_tensors': 98}
2026-08-26 14:37:48,370 [INFO]     [1 | right | 1](candidate_pairs: 48/48 | new_swaps: 3 | total: 62) -> {'max_bond': 16, 'max_links': 4, 'total_elems': 5404, 'total_shapes': 904, 'total_links': 390, 'num_tensors': 98}
2026-08-26 14:37:48,487 [INFO]     [2 | both | 0](candidate_pairs: 49/49 | new_swaps: 8 | total: 8) -> {'max_bond': 16, 'max_links': 4, 'total_elems': 3004, 'total_shapes': 824, 'total_links': 390, 'num_tensors': 98}
2026-08-26 14:37:48,601 [INFO]     [2 | both | 1](candidate_pairs: 48/48 | new_swaps: 10 | total: 18) -> {'max_bond': 8, 'max_links': 4, 'total_elems': 1840, 'total_shapes': 748, 'total_links': 390, 'num_tensors': 98}
2026-08-26 14:37:48,665 [INFO]     [2 | left | 0](candidate_pairs: 49/49 | new_swaps: 3 | total: 21) -> {'max_bond': 8, 'max_links': 4, 'total_elems': 1728, 'total_shapes': 734, 'total_links': 390, 'num_tensors': 98}
2026-08-26 14:37:48,728 [INFO]     [2 | left | 1](candidate_pairs: 48/48 | new_swaps: 3 | total: 24) -> {'max_bond': 8, 'max_links': 4, 'total_elems': 1608, 'total_shapes': 718, 'total_links': 390, 'num_tensors': 98}
2026-08-26 14:37:48,791 [INFO]     [2 | right | 0](candidate_pairs: 49/49 | new_swaps: 4 | total: 28) -> {'max_bond': 8, 'max_links': 4, 'total_elems': 1132, 'total_shapes': 688, 'total_links': 390, 'num_tensors': 98}
2026-08-26 14:37:48,852 [INFO]     [2 | right | 1](candidate_pairs: 48/48 | new_swaps: 3 | total: 31) -> {'max_bond': 4, 'max_links': 4, 'total_elems': 948, 'total_shapes': 672, 'total_links': 390, 'num_tensors': 98}
2026-08-26 14:37:48,961 [INFO]     [3 | both | 0](candidate_pairs: 49/49 | new_swaps: 2 | total: 2) -> {'max_bond': 4, 'max_links': 4, 'total_elems': 888, 'total_shapes': 666, 'total_links': 390, 'num_tensors': 98}
2026-08-26 14:37:49,070 [INFO]     [3 | both | 1](candidate_pairs: 48/48 | new_swaps: 3 | total: 5) -> {'max_bond': 4, 'max_links': 4, 'total_elems': 816, 'total_shapes': 656, 'total_links': 390, 'num_tensors': 98}
2026-08-26 14:37:49,132 [INFO]     [3 | left | 0](candidate_pairs: 49/49 | new_swaps: 2 | total: 7) -> {'max_bond': 4, 'max_links': 4, 'total_elems': 744, 'total_shapes': 648, 'total_links': 390, 'num_tensors': 98}
2026-08-26 14:37:49,159 [INFO]     [3 | left | 1](candidate_pairs: 48/48 | new_swaps: 0 | total: 7) -> {'max_bond': 4, 'max_links': 4, 'total_elems': 744, 'total_shapes': 648, 'total_links': 390, 'num_tensors': 98}
2026-08-26 14:37:49,185 [INFO]     [3 | right | 0](candidate_pairs: 49/49 | new_swaps: 0 | total: 7) -> {'max_bond': 4, 'max_links': 4, 'total_elems': 744, 'total_shapes': 648, 'total_links': 390, 'num_tensors': 98}
2026-08-26 14:37:49,211 [INFO]     [3 | right | 1](candidate_pairs: 48/48 | new_swaps: 0 | total: 7) -> {'max_bond': 4, 'max_links': 4, 'total_elems': 744, 'total_shapes': 648, 'total_links': 390, 'num_tensors': 98}
2026-08-26 14:37:49,321 [INFO]     [4 | both | 0](candidate_pairs: 49/49 | new_swaps: 2 | total: 2) -> {'max_bond': 4, 'max_links': 4, 'total_elems': 720, 'total_shapes': 644, 'total_links': 390, 'num_tensors': 98}
2026-08-26 14:37:49,428 [INFO]     [4 | both | 1](candidate_pairs: 48/48 | new_swaps: 1 | total: 3) -> {'max_bond': 2, 'max_links': 4, 'total_elems': 672, 'total_shapes': 638, 'total_links': 390, 'num_tensors': 98}
2026-08-26 14:37:49,455 [INFO]     [4 | left | 0](candidate_pairs: 49/49 | new_swaps: 0 | total: 3) -> {'max_bond': 2, 'max_links': 4, 'total_elems': 672, 'total_shapes': 638, 'total_links': 390, 'num_tensors': 98}
2026-08-26 14:37:49,481 [INFO]     [4 | left | 1](candidate_pairs: 48/48 | new_swaps: 0 | total: 3) -> {'max_bond': 2, 'max_links': 4, 'total_elems': 672, 'total_shapes': 638, 'total_links': 390, 'num_tensors': 98}
2026-08-26 14:37:49,507 [INFO]     [4 | right | 0](candidate_pairs: 49/49 | new_swaps: 0 | total: 3) -> {'max_bond': 2, 'max_links': 4, 'total_elems': 672, 'total_shapes': 638, 'total_links': 390, 'num_tensors': 98}
2026-08-26 14:37:49,533 [INFO]     [4 | right | 1](candidate_pairs: 48/48 | new_swaps: 0 | total: 3) -> {'max_bond': 2, 'max_links': 4, 'total_elems': 672, 'total_shapes': 638, 'total_links': 390, 'num_tensors': 98}
2026-08-26 14:37:49,584 [INFO]     [5 | both | 0](candidate_pairs: 49/49 | new_swaps: 0 | total: 0) -> {'max_bond': 2, 'max_links': 4, 'total_elems': 672, 'total_shapes': 638, 'total_links': 390, 'num_tensors': 98}
2026-08-26 14:37:49,634 [INFO]     [5 | both | 1](candidate_pairs: 48/48 | new_swaps: 0 | total: 0) -> {'max_bond': 2, 'max_links': 4, 'total_elems': 672, 'total_shapes': 638, 'total_links': 390, 'num_tensors': 98}
2026-08-26 14:37:49,662 [INFO]     [5 | left | 0](candidate_pairs: 49/49 | new_swaps: 0 | total: 0) -> {'max_bond': 2, 'max_links': 4, 'total_elems': 672, 'total_shapes': 638, 'total_links': 390, 'num_tensors': 98}
2026-08-26 14:37:49,688 [INFO]     [5 | left | 1](candidate_pairs: 48/48 | new_swaps: 0 | total: 0) -> {'max_bond': 2, 'max_links': 4, 'total_elems': 672, 'total_shapes': 638, 'total_links': 390, 'num_tensors': 98}
2026-08-26 14:37:49,714 [INFO]     [5 | right | 0](candidate_pairs: 49/49 | new_swaps: 0 | total: 0) -> {'max_bond': 2, 'max_links': 4, 'total_elems': 672, 'total_shapes': 638, 'total_links': 390, 'num_tensors': 98}
2026-08-26 14:37:49,740 [INFO]     [5 | right | 1](candidate_pairs: 48/48 | new_swaps: 0 | total: 0) -> {'max_bond': 2, 'max_links': 4, 'total_elems': 672, 'total_shapes': 638, 'total_links': 390, 'num_tensors': 98}
2026-08-26 14:37:49,741 [INFO]     [end unswap] -> {'max_bond': 2, 'max_links': 4, 'total_elems': 672, 'total_shapes': 638, 'total_links': 390, 'num_tensors': 98}
2026-08-26 14:37:49,751 [INFO] [start rewire](phase=post_unswap, cycle=4, side=left, layers=2112, trials=20, seed=123, parallel=False, route_candidates=2, route_score=lookahead_total)
2026-08-26 14:37:55,138 [INFO] [end rewire](phase=post_unswap, cycle=4, side=left, routed_layers=2217, elapsed_s=5.39)
2026-08-26 14:37:55,138 [INFO] [start rewire](phase=post_unswap, cycle=4, side=right, layers=2482, trials=20, seed=123, parallel=False, route_candidates=2, route_score=lookahead_total)
2026-08-26 14:38:01,106 [INFO] [end rewire](phase=post_unswap, cycle=4, side=right, routed_layers=2239, elapsed_s=5.97)
[Cycle 4] 17/1984 gates (0.9 %) after 190 sec
2026-08-26 14:38:01,191 [INFO] [1L/2215](swap: 20, u: 0 | c_u: 0 | t_u_l: 13/992 | t_u_r: 4/992 | t_u: 17/1984) -> {'max_bond': 2, 'max_links': 4, 'total_elems': 672, 'total_shapes': 638, 'total_links': 390, 'num_tensors': 98}
2026-08-26 14:38:01,264 [INFO] [1R/2237](swap: 14, u: 0 | c_u: 0 | t_u_l: 13/992 | t_u_r: 4/992 | t_u: 17/1984) -> {'max_bond': 4, 'max_links': 4, 'total_elems': 1084, 'total_shapes': 716, 'total_links': 390, 'num_tensors': 98}
2026-08-26 14:38:01,337 [INFO] [2L/2215](swap: 24, u: 0 | c_u: 0 | t_u_l: 13/992 | t_u_r: 4/992 | t_u: 17/1984) -> {'max_bond': 8, 'max_links': 4, 'total_elems': 1748, 'total_shapes': 812, 'total_links': 390, 'num_tensors': 98}
2026-08-26 14:38:01,410 [INFO] [2R/2237](swap: 17, u: 0 | c_u: 0 | t_u_l: 13/992 | t_u_r: 4/992 | t_u: 17/1984) -> {'max_bond': 8, 'max_links': 4, 'total_elems': 2728, 'total_shapes': 884, 'total_links': 390, 'num_tensors': 98}
2026-08-26 14:38:01,483 [INFO] [3R/2237](swap: 16, u: 0 | c_u: 0 | t_u_l: 13/992 | t_u_r: 4/992 | t_u: 17/1984) -> {'max_bond': 16, 'max_links': 4, 'total_elems': 4312, 'total_shapes': 992, 'total_links': 390, 'num_tensors': 98}
2026-08-26 14:38:01,557 [INFO] [4R/2237](swap: 14, u: 0 | c_u: 0 | t_u_l: 13/992 | t_u_r: 4/992 | t_u: 17/1984) -> {'max_bond': 16, 'max_links': 4, 'total_elems': 8176, 'total_shapes': 1172, 'total_links': 390, 'num_tensors': 98}
2026-08-26 14:38:01,633 [INFO] [3L/2215](swap: 22, u: 0 | c_u: 0 | t_u_l: 13/992 | t_u_r: 4/992 | t_u: 17/1984) -> {'max_bond': 16, 'max_links': 4, 'total_elems': 17628, 'total_shapes': 1460, 'total_links': 390, 'num_tensors': 98}
2026-08-26 14:38:01,717 [INFO] [4L/2215](swap: 19, u: 0 | c_u: 0 | t_u_l: 13/992 | t_u_r: 4/992 | t_u: 17/1984) -> {'max_bond': 64, 'max_links': 4, 'total_elems': 38204, 'total_shapes': 1880, 'total_links': 390, 'num_tensors': 98}
2026-08-26 14:38:01,815 [INFO] [5L/2215](swap: 21, u: 0 | c_u: 0 | t_u_l: 13/992 | t_u_r: 4/992 | t_u: 17/1984) -> {'max_bond': 64, 'max_links': 4, 'total_elems': 76352, 'total_shapes': 2384, 'total_links': 390, 'num_tensors': 98}
2026-08-26 14:38:01,955 [INFO] [5R/2237](swap: 14, u: 0 | c_u: 0 | t_u_l: 13/992 | t_u_r: 4/992 | t_u: 17/1984) -> {'max_bond': 64, 'max_links': 4, 'total_elems': 152316, 'total_shapes': 2998, 'total_links': 390, 'num_tensors': 98}
2026-08-26 14:38:02,234 [INFO] [6L/2215](swap: 19, u: 0 | c_u: 0 | t_u_l: 13/992 | t_u_r: 4/992 | t_u: 17/1984) -> {'max_bond': 256, 'max_links': 4, 'total_elems': 352008, 'total_shapes': 4036, 'total_links': 390, 'num_tensors': 98}
2026-08-26 14:38:03,117 [INFO] [6R/2237](swap: 16, u: 0 | c_u: 0 | t_u_l: 13/992 | t_u_r: 4/992 | t_u: 17/1984) -> {'max_bond': 256, 'max_links': 4, 'total_elems': 911492, 'total_shapes': 5778, 'total_links': 390, 'num_tensors': 98}
2026-08-26 14:38:05,501 [INFO]     [start unswap] -> {'max_bond': 256, 'max_links': 4, 'total_elems': 911492, 'total_shapes': 5778, 'total_links': 390, 'num_tensors': 98}
2026-08-26 14:38:29,696 [INFO]     [0 | both | 0](candidate_pairs: 49/49 | new_swaps: 10 | total: 10) -> {'max_bond': 256, 'max_links': 4, 'total_elems': 1040736, 'total_shapes': 5654, 'total_links': 390, 'num_tensors': 98}
2026-08-26 14:38:35,388 [INFO]     [0 | both | 1](candidate_pairs: 48/48 | new_swaps: 12 | total: 22) -> {'max_bond': 256, 'max_links': 4, 'total_elems': 288864, 'total_shapes': 3638, 'total_links': 390, 'num_tensors': 98}
2026-08-26 14:38:35,877 [INFO]     [0 | left | 0](candidate_pairs: 49/49 | new_swaps: 15 | total: 37) -> {'max_bond': 64, 'max_links': 4, 'total_elems': 143492, 'total_shapes': 2786, 'total_links': 390, 'num_tensors': 98}
2026-08-26 14:38:36,178 [INFO]     [0 | left | 1](candidate_pairs: 48/48 | new_swaps: 21 | total: 58) -> {'max_bond': 64, 'max_links': 4, 'total_elems': 76460, 'total_shapes': 2222, 'total_links': 390, 'num_tensors': 98}
2026-08-26 14:38:36,304 [INFO]     [0 | right | 0](candidate_pairs: 49/49 | new_swaps: 14 | total: 72) -> {'max_bond': 64, 'max_links': 4, 'total_elems': 42928, 'total_shapes': 1730, 'total_links': 390, 'num_tensors': 98}
2026-08-26 14:38:36,400 [INFO]     [0 | right | 1](candidate_pairs: 48/48 | new_swaps: 15 | total: 87) -> {'max_bond': 64, 'max_links': 4, 'total_elems': 36416, 'total_shapes': 1556, 'total_links': 390, 'num_tensors': 98}
2026-08-26 14:38:36,610 [INFO]     [1 | both | 0](candidate_pairs: 49/49 | new_swaps: 14 | total: 14) -> {'max_bond': 64, 'max_links': 4, 'total_elems': 17088, 'total_shapes': 1304, 'total_links': 390, 'num_tensors': 98}
2026-08-26 14:38:36,740 [INFO]     [1 | both | 1](candidate_pairs: 48/48 | new_swaps: 6 | total: 20) -> {'max_bond': 16, 'max_links': 4, 'total_elems': 7808, 'total_shapes': 1112, 'total_links': 390, 'num_tensors': 98}
2026-08-26 14:38:36,813 [INFO]     [1 | left | 0](candidate_pairs: 49/49 | new_swaps: 13 | total: 33) -> {'max_bond': 16, 'max_links': 4, 'total_elems': 6960, 'total_shapes': 1034, 'total_links': 390, 'num_tensors': 98}
2026-08-26 14:38:36,883 [INFO]     [1 | left | 1](candidate_pairs: 48/48 | new_swaps: 9 | total: 42) -> {'max_bond': 16, 'max_links': 4, 'total_elems': 5884, 'total_shapes': 968, 'total_links': 390, 'num_tensors': 98}
2026-08-26 14:38:36,947 [INFO]     [1 | right | 0](candidate_pairs: 49/49 | new_swaps: 4 | total: 46) -> {'max_bond': 16, 'max_links': 4, 'total_elems': 5492, 'total_shapes': 938, 'total_links': 390, 'num_tensors': 98}
2026-08-26 14:38:37,011 [INFO]     [1 | right | 1](candidate_pairs: 48/48 | new_swaps: 3 | total: 49) -> {'max_bond': 16, 'max_links': 4, 'total_elems': 5336, 'total_shapes': 924, 'total_links': 390, 'num_tensors': 98}
2026-08-26 14:38:37,131 [INFO]     [2 | both | 0](candidate_pairs: 49/49 | new_swaps: 12 | total: 12) -> {'max_bond': 16, 'max_links': 4, 'total_elems': 2776, 'total_shapes': 824, 'total_links': 390, 'num_tensors': 98}
2026-08-26 14:38:37,244 [INFO]     [2 | both | 1](candidate_pairs: 48/48 | new_swaps: 6 | total: 18) -> {'max_bond': 8, 'max_links': 4, 'total_elems': 2100, 'total_shapes': 786, 'total_links': 390, 'num_tensors': 98}
2026-08-26 14:38:37,307 [INFO]     [2 | left | 0](candidate_pairs: 49/49 | new_swaps: 3 | total: 21) -> {'max_bond': 8, 'max_links': 4, 'total_elems': 1812, 'total_shapes': 768, 'total_links': 390, 'num_tensors': 98}
2026-08-26 14:38:37,371 [INFO]     [2 | left | 1](candidate_pairs: 48/48 | new_swaps: 5 | total: 26) -> {'max_bond': 4, 'max_links': 4, 'total_elems': 1480, 'total_shapes': 730, 'total_links': 390, 'num_tensors': 98}
2026-08-26 14:38:37,433 [INFO]     [2 | right | 0](candidate_pairs: 49/49 | new_swaps: 3 | total: 29) -> {'max_bond': 4, 'max_links': 4, 'total_elems': 1356, 'total_shapes': 716, 'total_links': 390, 'num_tensors': 98}
2026-08-26 14:38:37,493 [INFO]     [2 | right | 1](candidate_pairs: 48/48 | new_swaps: 2 | total: 31) -> {'max_bond': 4, 'max_links': 4, 'total_elems': 1260, 'total_shapes': 708, 'total_links': 390, 'num_tensors': 98}
2026-08-26 14:38:37,604 [INFO]     [3 | both | 0](candidate_pairs: 49/49 | new_swaps: 5 | total: 5) -> {'max_bond': 4, 'max_links': 4, 'total_elems': 1200, 'total_shapes': 698, 'total_links': 390, 'num_tensors': 98}
2026-08-26 14:38:37,715 [INFO]     [3 | both | 1](candidate_pairs: 48/48 | new_swaps: 5 | total: 10) -> {'max_bond': 4, 'max_links': 4, 'total_elems': 1020, 'total_shapes': 680, 'total_links': 390, 'num_tensors': 98}
2026-08-26 14:38:37,742 [INFO]     [3 | left | 0](candidate_pairs: 49/49 | new_swaps: 0 | total: 10) -> {'max_bond': 4, 'max_links': 4, 'total_elems': 1020, 'total_shapes': 680, 'total_links': 390, 'num_tensors': 98}
2026-08-26 14:38:37,769 [INFO]     [3 | left | 1](candidate_pairs: 48/48 | new_swaps: 0 | total: 10) -> {'max_bond': 4, 'max_links': 4, 'total_elems': 1020, 'total_shapes': 680, 'total_links': 390, 'num_tensors': 98}
2026-08-26 14:38:37,829 [INFO]     [3 | right | 0](candidate_pairs: 49/49 | new_swaps: 1 | total: 11) -> {'max_bond': 4, 'max_links': 4, 'total_elems': 972, 'total_shapes': 676, 'total_links': 390, 'num_tensors': 98}
2026-08-26 14:38:37,855 [INFO]     [3 | right | 1](candidate_pairs: 48/48 | new_swaps: 0 | total: 11) -> {'max_bond': 4, 'max_links': 4, 'total_elems': 972, 'total_shapes': 676, 'total_links': 390, 'num_tensors': 98}
2026-08-26 14:38:37,964 [INFO]     [4 | both | 0](candidate_pairs: 49/49 | new_swaps: 2 | total: 2) -> {'max_bond': 4, 'max_links': 4, 'total_elems': 900, 'total_shapes': 668, 'total_links': 390, 'num_tensors': 98}
2026-08-26 14:38:38,072 [INFO]     [4 | both | 1](candidate_pairs: 48/48 | new_swaps: 1 | total: 3) -> {'max_bond': 4, 'max_links': 4, 'total_elems': 888, 'total_shapes': 666, 'total_links': 390, 'num_tensors': 98}
2026-08-26 14:38:38,099 [INFO]     [4 | left | 0](candidate_pairs: 49/49 | new_swaps: 0 | total: 3) -> {'max_bond': 4, 'max_links': 4, 'total_elems': 888, 'total_shapes': 666, 'total_links': 390, 'num_tensors': 98}
2026-08-26 14:38:38,161 [INFO]     [4 | left | 1](candidate_pairs: 48/48 | new_swaps: 1 | total: 4) -> {'max_bond': 4, 'max_links': 4, 'total_elems': 852, 'total_shapes': 660, 'total_links': 390, 'num_tensors': 98}
2026-08-26 14:38:38,187 [INFO]     [4 | right | 0](candidate_pairs: 49/49 | new_swaps: 0 | total: 4) -> {'max_bond': 4, 'max_links': 4, 'total_elems': 852, 'total_shapes': 660, 'total_links': 390, 'num_tensors': 98}
2026-08-26 14:38:38,214 [INFO]     [4 | right | 1](candidate_pairs: 48/48 | new_swaps: 0 | total: 4) -> {'max_bond': 4, 'max_links': 4, 'total_elems': 852, 'total_shapes': 660, 'total_links': 390, 'num_tensors': 98}
2026-08-26 14:38:38,265 [INFO]     [5 | both | 0](candidate_pairs: 49/49 | new_swaps: 0 | total: 0) -> {'max_bond': 4, 'max_links': 4, 'total_elems': 852, 'total_shapes': 660, 'total_links': 390, 'num_tensors': 98}
2026-08-26 14:38:38,316 [INFO]     [5 | both | 1](candidate_pairs: 48/48 | new_swaps: 0 | total: 0) -> {'max_bond': 4, 'max_links': 4, 'total_elems': 852, 'total_shapes': 660, 'total_links': 390, 'num_tensors': 98}
2026-08-26 14:38:38,342 [INFO]     [5 | left | 0](candidate_pairs: 49/49 | new_swaps: 0 | total: 0) -> {'max_bond': 4, 'max_links': 4, 'total_elems': 852, 'total_shapes': 660, 'total_links': 390, 'num_tensors': 98}
2026-08-26 14:38:38,369 [INFO]     [5 | left | 1](candidate_pairs: 48/48 | new_swaps: 0 | total: 0) -> {'max_bond': 4, 'max_links': 4, 'total_elems': 852, 'total_shapes': 660, 'total_links': 390, 'num_tensors': 98}
2026-08-26 14:38:38,395 [INFO]     [5 | right | 0](candidate_pairs: 49/49 | new_swaps: 0 | total: 0) -> {'max_bond': 4, 'max_links': 4, 'total_elems': 852, 'total_shapes': 660, 'total_links': 390, 'num_tensors': 98}
2026-08-26 14:38:38,421 [INFO]     [5 | right | 1](candidate_pairs: 48/48 | new_swaps: 0 | total: 0) -> {'max_bond': 4, 'max_links': 4, 'total_elems': 852, 'total_shapes': 660, 'total_links': 390, 'num_tensors': 98}
2026-08-26 14:38:38,422 [INFO]     [end unswap] -> {'max_bond': 4, 'max_links': 4, 'total_elems': 852, 'total_shapes': 660, 'total_links': 390, 'num_tensors': 98}
2026-08-26 14:38:38,433 [INFO] [start rewire](phase=post_unswap, cycle=5, side=left, layers=2211, trials=20, seed=123, parallel=False, route_candidates=2, route_score=lookahead_total)
2026-08-26 14:38:44,456 [INFO] [end rewire](phase=post_unswap, cycle=5, side=left, routed_layers=2363, elapsed_s=6.02)
2026-08-26 14:38:44,456 [INFO] [start rewire](phase=post_unswap, cycle=5, side=right, layers=2233, trials=20, seed=123, parallel=False, route_candidates=2, route_score=lookahead_total)
2026-08-26 14:38:49,589 [INFO] [end rewire](phase=post_unswap, cycle=5, side=right, routed_layers=2013, elapsed_s=5.13)
[Cycle 5] 17/1984 gates (0.9 %) after 238 sec
2026-08-26 14:38:49,676 [INFO] [1L/2361](swap: 19, u: 0 | c_u: 0 | t_u_l: 13/992 | t_u_r: 4/992 | t_u: 17/1984) -> {'max_bond': 4, 'max_links': 4, 'total_elems': 852, 'total_shapes': 660, 'total_links': 390, 'num_tensors': 98}
2026-08-26 14:38:49,748 [INFO] [1R/2011](swap: 17, u: 0 | c_u: 0 | t_u_l: 13/992 | t_u_r: 4/992 | t_u: 17/1984) -> {'max_bond': 8, 'max_links': 4, 'total_elems': 1416, 'total_shapes': 758, 'total_links': 390, 'num_tensors': 98}
2026-08-26 14:38:49,821 [INFO] [2L/2361](swap: 20, u: 0 | c_u: 0 | t_u_l: 13/992 | t_u_r: 4/992 | t_u: 17/1984) -> {'max_bond': 8, 'max_links': 4, 'total_elems': 2200, 'total_shapes': 838, 'total_links': 390, 'num_tensors': 98}
2026-08-26 14:38:49,894 [INFO] [2R/2011](swap: 18, u: 0 | c_u: 0 | t_u_l: 13/992 | t_u_r: 4/992 | t_u: 17/1984) -> {'max_bond': 16, 'max_links': 4, 'total_elems': 4024, 'total_shapes': 964, 'total_links': 390, 'num_tensors': 98}
2026-08-26 14:38:49,967 [INFO] [3R/2011](swap: 11, u: 0 | c_u: 0 | t_u_l: 13/992 | t_u_r: 4/992 | t_u: 17/1984) -> {'max_bond': 16, 'max_links': 4, 'total_elems': 5220, 'total_shapes': 1046, 'total_links': 390, 'num_tensors': 98}
2026-08-26 14:38:50,042 [INFO] [4R/2011](swap: 13, u: 0 | c_u: 0 | t_u_l: 13/992 | t_u_r: 4/992 | t_u: 17/1984) -> {'max_bond': 16, 'max_links': 4, 'total_elems': 7980, 'total_shapes': 1154, 'total_links': 390, 'num_tensors': 98}
2026-08-26 14:38:50,117 [INFO] [3L/2361](swap: 19, u: 0 | c_u: 0 | t_u_l: 13/992 | t_u_r: 4/992 | t_u: 17/1984) -> {'max_bond': 16, 'max_links': 4, 'total_elems': 11672, 'total_shapes': 1328, 'total_links': 390, 'num_tensors': 98}
2026-08-26 14:38:50,195 [INFO] [4L/2361](swap: 18, u: 0 | c_u: 0 | t_u_l: 13/992 | t_u_r: 4/992 | t_u: 17/1984) -> {'max_bond': 32, 'max_links': 4, 'total_elems': 17844, 'total_shapes': 1508, 'total_links': 390, 'num_tensors': 98}
2026-08-26 14:38:50,278 [INFO] [5L/2361](swap: 19, u: 0 | c_u: 0 | t_u_l: 13/992 | t_u_r: 4/992 | t_u: 17/1984) -> {'max_bond': 32, 'max_links': 4, 'total_elems': 25004, 'total_shapes': 1704, 'total_links': 390, 'num_tensors': 98}
2026-08-26 14:38:50,369 [INFO] [5R/2011](swap: 15, u: 0 | c_u: 0 | t_u_l: 13/992 | t_u_r: 4/992 | t_u: 17/1984) -> {'max_bond': 64, 'max_links': 4, 'total_elems': 47304, 'total_shapes': 2104, 'total_links': 390, 'num_tensors': 98}
2026-08-26 14:38:50,484 [INFO] [6R/2011](swap: 17, u: 0 | c_u: 0 | t_u_l: 13/992 | t_u_r: 4/992 | t_u: 17/1984) -> {'max_bond': 64, 'max_links': 4, 'total_elems': 96900, 'total_shapes': 2484, 'total_links': 390, 'num_tensors': 98}
2026-08-26 14:38:50,672 [INFO] [7R/2011](swap: 17, u: 1 | c_u: 1 | t_u_l: 13/992 | t_u_r: 5/992 | t_u: 18/1984) -> {'max_bond': 64, 'max_links': 4, 'total_elems': 144524, 'total_shapes': 2952, 'total_links': 390, 'num_tensors': 98}
2026-08-26 14:38:50,914 [INFO] [8R/2011](swap: 16, u: 1 | c_u: 2 | t_u_l: 13/992 | t_u_r: 6/992 | t_u: 19/1984) -> {'max_bond': 64, 'max_links': 4, 'total_elems': 248304, 'total_shapes': 3650, 'total_links': 390, 'num_tensors': 98}
2026-08-26 14:38:51,331 [INFO] [6L/2361](swap: 19, u: 0 | c_u: 2 | t_u_l: 13/992 | t_u_r: 6/992 | t_u: 19/1984) -> {'max_bond': 256, 'max_links': 4, 'total_elems': 405132, 'total_shapes': 4516, 'total_links': 390, 'num_tensors': 98}
2026-08-26 14:38:52,209 [INFO] [7L/2361](swap: 19, u: 1 | c_u: 3 | t_u_l: 14/992 | t_u_r: 6/992 | t_u: 20/1984) -> {'max_bond': 256, 'max_links': 4, 'total_elems': 801096, 'total_shapes': 5434, 'total_links': 390, 'num_tensors': 98}
2026-08-26 14:38:54,633 [INFO]     [start unswap] -> {'max_bond': 256, 'max_links': 4, 'total_elems': 801096, 'total_shapes': 5434, 'total_links': 390, 'num_tensors': 98}
2026-08-26 14:39:09,816 [INFO]     [0 | both | 0](candidate_pairs: 49/49 | new_swaps: 9 | total: 9) -> {'max_bond': 256, 'max_links': 4, 'total_elems': 620968, 'total_shapes': 5584, 'total_links': 390, 'num_tensors': 98}
2026-08-26 14:39:11,532 [INFO]     [0 | both | 1](candidate_pairs: 48/48 | new_swaps: 13 | total: 22) -> {'max_bond': 128, 'max_links': 4, 'total_elems': 227720, 'total_shapes': 3828, 'total_links': 390, 'num_tensors': 98}
2026-08-26 14:39:11,874 [INFO]     [0 | left | 0](candidate_pairs: 49/49 | new_swaps: 19 | total: 41) -> {'max_bond': 128, 'max_links': 4, 'total_elems': 127836, 'total_shapes': 2988, 'total_links': 390, 'num_tensors': 98}
2026-08-26 14:39:12,064 [INFO]     [0 | left | 1](candidate_pairs: 48/48 | new_swaps: 18 | total: 59) -> {'max_bond': 64, 'max_links': 4, 'total_elems': 61072, 'total_shapes': 2332, 'total_links': 390, 'num_tensors': 98}
2026-08-26 14:39:12,167 [INFO]     [0 | right | 0](candidate_pairs: 49/49 | new_swaps: 9 | total: 68) -> {'max_bond': 32, 'max_links': 4, 'total_elems': 50728, 'total_shapes': 2140, 'total_links': 390, 'num_tensors': 98}
2026-08-26 14:39:12,272 [INFO]     [0 | right | 1](candidate_pairs: 48/48 | new_swaps: 13 | total: 81) -> {'max_bond': 32, 'max_links': 4, 'total_elems': 38760, 'total_shapes': 1902, 'total_links': 390, 'num_tensors': 98}
2026-08-26 14:39:12,451 [INFO]     [1 | both | 0](candidate_pairs: 49/49 | new_swaps: 21 | total: 21) -> {'max_bond': 32, 'max_links': 4, 'total_elems': 17824, 'total_shapes': 1440, 'total_links': 390, 'num_tensors': 98}
2026-08-26 14:39:12,584 [INFO]     [1 | both | 1](candidate_pairs: 48/48 | new_swaps: 14 | total: 35) -> {'max_bond': 32, 'max_links': 4, 'total_elems': 11548, 'total_shapes': 1210, 'total_links': 390, 'num_tensors': 98}
2026-08-26 14:39:12,660 [INFO]     [1 | left | 0](candidate_pairs: 49/49 | new_swaps: 10 | total: 45) -> {'max_bond': 32, 'max_links': 4, 'total_elems': 10240, 'total_shapes': 1124, 'total_links': 390, 'num_tensors': 98}
2026-08-26 14:39:12,732 [INFO]     [1 | left | 1](candidate_pairs: 48/48 | new_swaps: 8 | total: 53) -> {'max_bond': 32, 'max_links': 4, 'total_elems': 9004, 'total_shapes': 1062, 'total_links': 390, 'num_tensors': 98}
2026-08-26 14:39:12,802 [INFO]     [1 | right | 0](candidate_pairs: 49/49 | new_swaps: 7 | total: 60) -> {'max_bond': 32, 'max_links': 4, 'total_elems': 8508, 'total_shapes': 1026, 'total_links': 390, 'num_tensors': 98}
2026-08-26 14:39:12,867 [INFO]     [1 | right | 1](candidate_pairs: 48/48 | new_swaps: 1 | total: 61) -> {'max_bond': 32, 'max_links': 4, 'total_elems': 8460, 'total_shapes': 1022, 'total_links': 390, 'num_tensors': 98}
2026-08-26 14:39:12,994 [INFO]     [2 | both | 0](candidate_pairs: 49/49 | new_swaps: 9 | total: 9) -> {'max_bond': 32, 'max_links': 4, 'total_elems': 6552, 'total_shapes': 956, 'total_links': 390, 'num_tensors': 98}
2026-08-26 14:39:13,113 [INFO]     [2 | both | 1](candidate_pairs: 48/48 | new_swaps: 7 | total: 16) -> {'max_bond': 16, 'max_links': 4, 'total_elems': 3432, 'total_shapes': 876, 'total_links': 390, 'num_tensors': 98}
2026-08-26 14:39:13,178 [INFO]     [2 | left | 0](candidate_pairs: 49/49 | new_swaps: 2 | total: 18) -> {'max_bond': 8, 'max_links': 4, 'total_elems': 2988, 'total_shapes': 846, 'total_links': 390, 'num_tensors': 98}
2026-08-26 14:39:13,244 [INFO]     [2 | left | 1](candidate_pairs: 48/48 | new_swaps: 5 | total: 23) -> {'max_bond': 8, 'max_links': 4, 'total_elems': 2700, 'total_shapes': 814, 'total_links': 390, 'num_tensors': 98}
2026-08-26 14:39:13,305 [INFO]     [2 | right | 0](candidate_pairs: 49/49 | new_swaps: 1 | total: 24) -> {'max_bond': 8, 'max_links': 4, 'total_elems': 2652, 'total_shapes': 810, 'total_links': 390, 'num_tensors': 98}
2026-08-26 14:39:13,366 [INFO]     [2 | right | 1](candidate_pairs: 48/48 | new_swaps: 1 | total: 25) -> {'max_bond': 8, 'max_links': 4, 'total_elems': 2592, 'total_shapes': 804, 'total_links': 390, 'num_tensors': 98}
2026-08-26 14:39:13,480 [INFO]     [3 | both | 0](candidate_pairs: 49/49 | new_swaps: 6 | total: 6) -> {'max_bond': 8, 'max_links': 4, 'total_elems': 2328, 'total_shapes': 780, 'total_links': 390, 'num_tensors': 98}
2026-08-26 14:39:13,592 [INFO]     [3 | both | 1](candidate_pairs: 48/48 | new_swaps: 3 | total: 9) -> {'max_bond': 8, 'max_links': 4, 'total_elems': 2064, 'total_shapes': 758, 'total_links': 390, 'num_tensors': 98}
2026-08-26 14:39:13,655 [INFO]     [3 | left | 0](candidate_pairs: 49/49 | new_swaps: 1 | total: 10) -> {'max_bond': 8, 'max_links': 4, 'total_elems': 2004, 'total_shapes': 752, 'total_links': 390, 'num_tensors': 98}
2026-08-26 14:39:13,719 [INFO]     [3 | left | 1](candidate_pairs: 48/48 | new_swaps: 2 | total: 12) -> {'max_bond': 8, 'max_links': 4, 'total_elems': 1920, 'total_shapes': 740, 'total_links': 390, 'num_tensors': 98}
2026-08-26 14:39:13,746 [INFO]     [3 | right | 0](candidate_pairs: 49/49 | new_swaps: 0 | total: 12) -> {'max_bond': 8, 'max_links': 4, 'total_elems': 1920, 'total_shapes': 740, 'total_links': 390, 'num_tensors': 98}
2026-08-26 14:39:13,772 [INFO]     [3 | right | 1](candidate_pairs: 48/48 | new_swaps: 0 | total: 12) -> {'max_bond': 8, 'max_links': 4, 'total_elems': 1920, 'total_shapes': 740, 'total_links': 390, 'num_tensors': 98}
2026-08-26 14:39:13,885 [INFO]     [4 | both | 0](candidate_pairs: 49/49 | new_swaps: 4 | total: 4) -> {'max_bond': 8, 'max_links': 4, 'total_elems': 1752, 'total_shapes': 724, 'total_links': 390, 'num_tensors': 98}
2026-08-26 14:39:13,994 [INFO]     [4 | both | 1](candidate_pairs: 48/48 | new_swaps: 1 | total: 5) -> {'max_bond': 8, 'max_links': 4, 'total_elems': 1680, 'total_shapes': 720, 'total_links': 390, 'num_tensors': 98}
2026-08-26 14:39:14,021 [INFO]     [4 | left | 0](candidate_pairs: 49/49 | new_swaps: 0 | total: 5) -> {'max_bond': 8, 'max_links': 4, 'total_elems': 1680, 'total_shapes': 720, 'total_links': 390, 'num_tensors': 98}
2026-08-26 14:39:14,048 [INFO]     [4 | left | 1](candidate_pairs: 48/48 | new_swaps: 0 | total: 5) -> {'max_bond': 8, 'max_links': 4, 'total_elems': 1680, 'total_shapes': 720, 'total_links': 390, 'num_tensors': 98}
2026-08-26 14:39:14,110 [INFO]     [4 | right | 0](candidate_pairs: 49/49 | new_swaps: 1 | total: 6) -> {'max_bond': 8, 'max_links': 4, 'total_elems': 1520, 'total_shapes': 712, 'total_links': 390, 'num_tensors': 98}
2026-08-26 14:39:14,172 [INFO]     [4 | right | 1](candidate_pairs: 48/48 | new_swaps: 1 | total: 7) -> {'max_bond': 8, 'max_links': 4, 'total_elems': 1392, 'total_shapes': 704, 'total_links': 390, 'num_tensors': 98}
2026-08-26 14:39:14,223 [INFO]     [5 | both | 0](candidate_pairs: 49/49 | new_swaps: 0 | total: 0) -> {'max_bond': 8, 'max_links': 4, 'total_elems': 1392, 'total_shapes': 704, 'total_links': 390, 'num_tensors': 98}
2026-08-26 14:39:14,274 [INFO]     [5 | both | 1](candidate_pairs: 48/48 | new_swaps: 0 | total: 0) -> {'max_bond': 8, 'max_links': 4, 'total_elems': 1392, 'total_shapes': 704, 'total_links': 390, 'num_tensors': 98}
2026-08-26 14:39:14,300 [INFO]     [5 | left | 0](candidate_pairs: 49/49 | new_swaps: 0 | total: 0) -> {'max_bond': 8, 'max_links': 4, 'total_elems': 1392, 'total_shapes': 704, 'total_links': 390, 'num_tensors': 98}
2026-08-26 14:39:14,350 [INFO]     [5 | left | 1](candidate_pairs: 48/48 | new_swaps: 1 | total: 1) -> {'max_bond': 8, 'max_links': 4, 'total_elems': 1328, 'total_shapes': 700, 'total_links': 390, 'num_tensors': 98}
2026-08-26 14:39:14,411 [INFO]     [5 | right | 0](candidate_pairs: 49/49 | new_swaps: 1 | total: 2) -> {'max_bond': 8, 'max_links': 4, 'total_elems': 1248, 'total_shapes': 696, 'total_links': 390, 'num_tensors': 98}
2026-08-26 14:39:14,471 [INFO]     [5 | right | 1](candidate_pairs: 48/48 | new_swaps: 1 | total: 3) -> {'max_bond': 8, 'max_links': 4, 'total_elems': 1152, 'total_shapes': 688, 'total_links': 390, 'num_tensors': 98}
2026-08-26 14:39:14,569 [INFO]     [6 | both | 0](candidate_pairs: 49/49 | new_swaps: 1 | total: 1) -> {'max_bond': 8, 'max_links': 4, 'total_elems': 1120, 'total_shapes': 684, 'total_links': 390, 'num_tensors': 98}
2026-08-26 14:39:14,620 [INFO]     [6 | both | 1](candidate_pairs: 48/48 | new_swaps: 0 | total: 1) -> {'max_bond': 8, 'max_links': 4, 'total_elems': 1120, 'total_shapes': 684, 'total_links': 390, 'num_tensors': 98}
2026-08-26 14:39:14,648 [INFO]     [6 | left | 0](candidate_pairs: 49/49 | new_swaps: 0 | total: 1) -> {'max_bond': 8, 'max_links': 4, 'total_elems': 1120, 'total_shapes': 684, 'total_links': 390, 'num_tensors': 98}
2026-08-26 14:39:14,675 [INFO]     [6 | left | 1](candidate_pairs: 48/48 | new_swaps: 0 | total: 1) -> {'max_bond': 8, 'max_links': 4, 'total_elems': 1120, 'total_shapes': 684, 'total_links': 390, 'num_tensors': 98}
2026-08-26 14:39:14,736 [INFO]     [6 | right | 0](candidate_pairs: 49/49 | new_swaps: 1 | total: 2) -> {'max_bond': 8, 'max_links': 4, 'total_elems': 1060, 'total_shapes': 678, 'total_links': 390, 'num_tensors': 98}
2026-08-26 14:39:14,762 [INFO]     [6 | right | 1](candidate_pairs: 48/48 | new_swaps: 0 | total: 2) -> {'max_bond': 8, 'max_links': 4, 'total_elems': 1060, 'total_shapes': 678, 'total_links': 390, 'num_tensors': 98}
2026-08-26 14:39:14,813 [INFO]     [7 | both | 0](candidate_pairs: 49/49 | new_swaps: 0 | total: 0) -> {'max_bond': 8, 'max_links': 4, 'total_elems': 1060, 'total_shapes': 678, 'total_links': 390, 'num_tensors': 98}
2026-08-26 14:39:14,910 [INFO]     [7 | both | 1](candidate_pairs: 48/48 | new_swaps: 1 | total: 1) -> {'max_bond': 8, 'max_links': 4, 'total_elems': 1036, 'total_shapes': 674, 'total_links': 390, 'num_tensors': 98}
2026-08-26 14:39:14,937 [INFO]     [7 | left | 0](candidate_pairs: 49/49 | new_swaps: 0 | total: 1) -> {'max_bond': 8, 'max_links': 4, 'total_elems': 1036, 'total_shapes': 674, 'total_links': 390, 'num_tensors': 98}
2026-08-26 14:39:14,964 [INFO]     [7 | left | 1](candidate_pairs: 48/48 | new_swaps: 0 | total: 1) -> {'max_bond': 8, 'max_links': 4, 'total_elems': 1036, 'total_shapes': 674, 'total_links': 390, 'num_tensors': 98}
2026-08-26 14:39:14,990 [INFO]     [7 | right | 0](candidate_pairs: 49/49 | new_swaps: 0 | total: 1) -> {'max_bond': 8, 'max_links': 4, 'total_elems': 1036, 'total_shapes': 674, 'total_links': 390, 'num_tensors': 98}
2026-08-26 14:39:15,016 [INFO]     [7 | right | 1](candidate_pairs: 48/48 | new_swaps: 0 | total: 1) -> {'max_bond': 8, 'max_links': 4, 'total_elems': 1036, 'total_shapes': 674, 'total_links': 390, 'num_tensors': 98}
2026-08-26 14:39:15,068 [INFO]     [8 | both | 0](candidate_pairs: 49/49 | new_swaps: 0 | total: 0) -> {'max_bond': 8, 'max_links': 4, 'total_elems': 1036, 'total_shapes': 674, 'total_links': 390, 'num_tensors': 98}
2026-08-26 14:39:15,118 [INFO]     [8 | both | 1](candidate_pairs: 48/48 | new_swaps: 0 | total: 0) -> {'max_bond': 8, 'max_links': 4, 'total_elems': 1036, 'total_shapes': 674, 'total_links': 390, 'num_tensors': 98}
2026-08-26 14:39:15,146 [INFO]     [8 | left | 0](candidate_pairs: 49/49 | new_swaps: 0 | total: 0) -> {'max_bond': 8, 'max_links': 4, 'total_elems': 1036, 'total_shapes': 674, 'total_links': 390, 'num_tensors': 98}
2026-08-26 14:39:15,174 [INFO]     [8 | left | 1](candidate_pairs: 48/48 | new_swaps: 0 | total: 0) -> {'max_bond': 8, 'max_links': 4, 'total_elems': 1036, 'total_shapes': 674, 'total_links': 390, 'num_tensors': 98}
2026-08-26 14:39:15,201 [INFO]     [8 | right | 0](candidate_pairs: 49/49 | new_swaps: 0 | total: 0) -> {'max_bond': 8, 'max_links': 4, 'total_elems': 1036, 'total_shapes': 674, 'total_links': 390, 'num_tensors': 98}
2026-08-26 14:39:15,227 [INFO]     [8 | right | 1](candidate_pairs: 48/48 | new_swaps: 0 | total: 0) -> {'max_bond': 8, 'max_links': 4, 'total_elems': 1036, 'total_shapes': 674, 'total_links': 390, 'num_tensors': 98}
2026-08-26 14:39:15,228 [INFO]     [end unswap] -> {'max_bond': 8, 'max_links': 4, 'total_elems': 1036, 'total_shapes': 674, 'total_links': 390, 'num_tensors': 98}
2026-08-26 14:39:15,240 [INFO] [start rewire](phase=post_unswap, cycle=6, side=left, layers=2356, trials=20, seed=123, parallel=False, route_candidates=2, route_score=lookahead_total)
2026-08-26 14:39:21,259 [INFO] [end rewire](phase=post_unswap, cycle=6, side=left, routed_layers=2359, elapsed_s=6.02)
2026-08-26 14:39:21,259 [INFO] [start rewire](phase=post_unswap, cycle=6, side=right, layers=2005, trials=20, seed=123, parallel=False, route_candidates=2, route_score=lookahead_total)
2026-08-26 14:39:27,051 [INFO] [end rewire](phase=post_unswap, cycle=6, side=right, routed_layers=2333, elapsed_s=5.79)
[Cycle 6] 20/1984 gates (1.0 %) after 275 sec
2026-08-26 14:39:27,140 [INFO] [1L/2357](swap: 23, u: 0 | c_u: 0 | t_u_l: 14/992 | t_u_r: 6/992 | t_u: 20/1984) -> {'max_bond': 8, 'max_links': 4, 'total_elems': 1036, 'total_shapes': 674, 'total_links': 390, 'num_tensors': 98}
2026-08-26 14:39:27,213 [INFO] [1R/2331](swap: 16, u: 0 | c_u: 0 | t_u_l: 14/992 | t_u_r: 6/992 | t_u: 20/1984) -> {'max_bond': 8, 'max_links': 4, 'total_elems': 1664, 'total_shapes': 772, 'total_links': 390, 'num_tensors': 98}
2026-08-26 14:39:27,287 [INFO] [2L/2357](swap: 25, u: 0 | c_u: 0 | t_u_l: 14/992 | t_u_r: 6/992 | t_u: 20/1984) -> {'max_bond': 8, 'max_links': 4, 'total_elems': 2928, 'total_shapes': 912, 'total_links': 390, 'num_tensors': 98}
2026-08-26 14:39:27,361 [INFO] [2R/2331](swap: 19, u: 0 | c_u: 0 | t_u_l: 14/992 | t_u_r: 6/992 | t_u: 20/1984) -> {'max_bond': 16, 'max_links': 4, 'total_elems': 5068, 'total_shapes': 1042, 'total_links': 390, 'num_tensors': 98}
2026-08-26 14:39:27,435 [INFO] [3R/2331](swap: 17, u: 0 | c_u: 0 | t_u_l: 14/992 | t_u_r: 6/992 | t_u: 20/1984) -> {'max_bond': 16, 'max_links': 4, 'total_elems': 8956, 'total_shapes': 1216, 'total_links': 390, 'num_tensors': 98}
2026-08-26 14:39:27,511 [INFO] [4R/2331](swap: 15, u: 0 | c_u: 0 | t_u_l: 14/992 | t_u_r: 6/992 | t_u: 20/1984) -> {'max_bond': 32, 'max_links': 4, 'total_elems': 19076, 'total_shapes': 1456, 'total_links': 390, 'num_tensors': 98}
2026-08-26 14:39:27,594 [INFO] [5R/2331](swap: 13, u: 0 | c_u: 0 | t_u_l: 14/992 | t_u_r: 6/992 | t_u: 20/1984) -> {'max_bond': 64, 'max_links': 4, 'total_elems': 31456, 'total_shapes': 1692, 'total_links': 390, 'num_tensors': 98}
2026-08-26 14:39:27,692 [INFO] [6R/2331](swap: 12, u: 1 | c_u: 1 | t_u_l: 14/992 | t_u_r: 7/992 | t_u: 21/1984) -> {'max_bond': 64, 'max_links': 4, 'total_elems': 68520, 'total_shapes': 2088, 'total_links': 390, 'num_tensors': 98}
2026-08-26 14:39:27,815 [INFO] [7R/2331](swap: 14, u: 0 | c_u: 1 | t_u_l: 14/992 | t_u_r: 7/992 | t_u: 21/1984) -> {'max_bond': 64, 'max_links': 4, 'total_elems': 88772, 'total_shapes': 2326, 'total_links': 390, 'num_tensors': 98}
2026-08-26 14:39:28,008 [INFO] [8R/2331](swap: 12, u: 1 | c_u: 2 | t_u_l: 14/992 | t_u_r: 8/992 | t_u: 22/1984) -> {'max_bond': 64, 'max_links': 4, 'total_elems': 135848, 'total_shapes': 2742, 'total_links': 390, 'num_tensors': 98}
2026-08-26 14:39:28,307 [INFO] [3L/2357](swap: 24, u: 0 | c_u: 2 | t_u_l: 14/992 | t_u_r: 8/992 | t_u: 22/1984) -> {'max_bond': 256, 'max_links': 4, 'total_elems': 326864, 'total_shapes': 3840, 'total_links': 390, 'num_tensors': 98}
2026-08-26 14:39:29,143 [INFO] [4L/2357](swap: 21, u: 0 | c_u: 2 | t_u_l: 14/992 | t_u_r: 8/992 | t_u: 22/1984) -> {'max_bond': 256, 'max_links': 4, 'total_elems': 792488, 'total_shapes': 5304, 'total_links': 390, 'num_tensors': 98}
2026-08-26 14:39:30,944 [INFO]     [start unswap] -> {'max_bond': 256, 'max_links': 4, 'total_elems': 792488, 'total_shapes': 5304, 'total_links': 390, 'num_tensors': 98}
2026-08-26 14:39:37,408 [INFO]     [0 | both | 0](candidate_pairs: 49/49 | new_swaps: 5 | total: 5) -> {'max_bond': 256, 'max_links': 4, 'total_elems': 1120896, 'total_shapes': 6140, 'total_links': 390, 'num_tensors': 98}
2026-08-26 14:39:43,878 [INFO]     [0 | both | 1](candidate_pairs: 48/48 | new_swaps: 14 | total: 19) -> {'max_bond': 256, 'max_links': 4, 'total_elems': 471008, 'total_shapes': 4640, 'total_links': 390, 'num_tensors': 98}
2026-08-26 14:39:44,704 [INFO]     [0 | left | 0](candidate_pairs: 49/49 | new_swaps: 19 | total: 38) -> {'max_bond': 128, 'max_links': 4, 'total_elems': 253200, 'total_shapes': 3572, 'total_links': 390, 'num_tensors': 98}
2026-08-26 14:39:45,319 [INFO]     [0 | left | 1](candidate_pairs: 48/48 | new_swaps: 19 | total: 57) -> {'max_bond': 128, 'max_links': 4, 'total_elems': 116136, 'total_shapes': 2718, 'total_links': 390, 'num_tensors': 98}
2026-08-26 14:39:45,477 [INFO]     [0 | right | 0](candidate_pairs: 49/49 | new_swaps: 13 | total: 70) -> {'max_bond': 64, 'max_links': 4, 'total_elems': 63536, 'total_shapes': 2042, 'total_links': 390, 'num_tensors': 98}
2026-08-26 14:39:45,598 [INFO]     [0 | right | 1](candidate_pairs: 48/48 | new_swaps: 12 | total: 82) -> {'max_bond': 64, 'max_links': 4, 'total_elems': 36872, 'total_shapes': 1748, 'total_links': 390, 'num_tensors': 98}
2026-08-26 14:39:45,755 [INFO]     [1 | both | 0](candidate_pairs: 49/49 | new_swaps: 15 | total: 15) -> {'max_bond': 32, 'max_links': 4, 'total_elems': 21308, 'total_shapes': 1446, 'total_links': 390, 'num_tensors': 98}
2026-08-26 14:39:45,894 [INFO]     [1 | both | 1](candidate_pairs: 48/48 | new_swaps: 11 | total: 26) -> {'max_bond': 32, 'max_links': 4, 'total_elems': 13404, 'total_shapes': 1274, 'total_links': 390, 'num_tensors': 98}
2026-08-26 14:39:45,966 [INFO]     [1 | left | 0](candidate_pairs: 49/49 | new_swaps: 8 | total: 34) -> {'max_bond': 16, 'max_links': 4, 'total_elems': 9372, 'total_shapes': 1134, 'total_links': 390, 'num_tensors': 98}
2026-08-26 14:39:46,037 [INFO]     [1 | left | 1](candidate_pairs: 48/48 | new_swaps: 9 | total: 43) -> {'max_bond': 16, 'max_links': 4, 'total_elems': 8076, 'total_shapes': 1070, 'total_links': 390, 'num_tensors': 98}
2026-08-26 14:39:46,104 [INFO]     [1 | right | 0](candidate_pairs: 49/49 | new_swaps: 4 | total: 47) -> {'max_bond': 16, 'max_links': 4, 'total_elems': 6828, 'total_shapes': 1018, 'total_links': 390, 'num_tensors': 98}
2026-08-26 14:39:46,170 [INFO]     [1 | right | 1](candidate_pairs: 48/48 | new_swaps: 3 | total: 50) -> {'max_bond': 16, 'max_links': 4, 'total_elems': 6288, 'total_shapes': 992, 'total_links': 390, 'num_tensors': 98}
2026-08-26 14:39:46,292 [INFO]     [2 | both | 0](candidate_pairs: 49/49 | new_swaps: 10 | total: 10) -> {'max_bond': 16, 'max_links': 4, 'total_elems': 5584, 'total_shapes': 940, 'total_links': 390, 'num_tensors': 98}
2026-08-26 14:39:46,410 [INFO]     [2 | both | 1](candidate_pairs: 48/48 | new_swaps: 8 | total: 18) -> {'max_bond': 16, 'max_links': 4, 'total_elems': 4308, 'total_shapes': 886, 'total_links': 390, 'num_tensors': 98}
2026-08-26 14:39:46,477 [INFO]     [2 | left | 0](candidate_pairs: 49/49 | new_swaps: 7 | total: 25) -> {'max_bond': 16, 'max_links': 4, 'total_elems': 3332, 'total_shapes': 834, 'total_links': 390, 'num_tensors': 98}
2026-08-26 14:39:46,544 [INFO]     [2 | left | 1](candidate_pairs: 48/48 | new_swaps: 6 | total: 31) -> {'max_bond': 8, 'max_links': 4, 'total_elems': 2156, 'total_shapes': 780, 'total_links': 390, 'num_tensors': 98}
2026-08-26 14:39:46,607 [INFO]     [2 | right | 0](candidate_pairs: 49/49 | new_swaps: 4 | total: 35) -> {'max_bond': 8, 'max_links': 4, 'total_elems': 1836, 'total_shapes': 752, 'total_links': 390, 'num_tensors': 98}
2026-08-26 14:39:46,658 [INFO]     [2 | right | 1](candidate_pairs: 48/48 | new_swaps: 1 | total: 36) -> {'max_bond': 8, 'max_links': 4, 'total_elems': 1788, 'total_shapes': 748, 'total_links': 390, 'num_tensors': 98}
2026-08-26 14:39:46,771 [INFO]     [3 | both | 0](candidate_pairs: 49/49 | new_swaps: 3 | total: 3) -> {'max_bond': 8, 'max_links': 4, 'total_elems': 1704, 'total_shapes': 738, 'total_links': 390, 'num_tensors': 98}
2026-08-26 14:39:46,882 [INFO]     [3 | both | 1](candidate_pairs: 48/48 | new_swaps: 2 | total: 5) -> {'max_bond': 8, 'max_links': 4, 'total_elems': 1680, 'total_shapes': 734, 'total_links': 390, 'num_tensors': 98}
2026-08-26 14:39:46,910 [INFO]     [3 | left | 0](candidate_pairs: 49/49 | new_swaps: 0 | total: 5) -> {'max_bond': 8, 'max_links': 4, 'total_elems': 1680, 'total_shapes': 734, 'total_links': 390, 'num_tensors': 98}
2026-08-26 14:39:46,937 [INFO]     [3 | left | 1](candidate_pairs: 48/48 | new_swaps: 0 | total: 5) -> {'max_bond': 8, 'max_links': 4, 'total_elems': 1680, 'total_shapes': 734, 'total_links': 390, 'num_tensors': 98}
2026-08-26 14:39:46,987 [INFO]     [3 | right | 0](candidate_pairs: 49/49 | new_swaps: 1 | total: 6) -> {'max_bond': 8, 'max_links': 4, 'total_elems': 1632, 'total_shapes': 730, 'total_links': 390, 'num_tensors': 98}
2026-08-26 14:39:47,013 [INFO]     [3 | right | 1](candidate_pairs: 48/48 | new_swaps: 0 | total: 6) -> {'max_bond': 8, 'max_links': 4, 'total_elems': 1632, 'total_shapes': 730, 'total_links': 390, 'num_tensors': 98}
2026-08-26 14:39:47,067 [INFO]     [4 | both | 0](candidate_pairs: 49/49 | new_swaps: 0 | total: 0) -> {'max_bond': 8, 'max_links': 4, 'total_elems': 1632, 'total_shapes': 730, 'total_links': 390, 'num_tensors': 98}
2026-08-26 14:39:47,179 [INFO]     [4 | both | 1](candidate_pairs: 48/48 | new_swaps: 1 | total: 1) -> {'max_bond': 8, 'max_links': 4, 'total_elems': 1584, 'total_shapes': 726, 'total_links': 390, 'num_tensors': 98}
2026-08-26 14:39:47,207 [INFO]     [4 | left | 0](candidate_pairs: 49/49 | new_swaps: 0 | total: 1) -> {'max_bond': 8, 'max_links': 4, 'total_elems': 1584, 'total_shapes': 726, 'total_links': 390, 'num_tensors': 98}
2026-08-26 14:39:47,235 [INFO]     [4 | left | 1](candidate_pairs: 48/48 | new_swaps: 0 | total: 1) -> {'max_bond': 8, 'max_links': 4, 'total_elems': 1584, 'total_shapes': 726, 'total_links': 390, 'num_tensors': 98}
2026-08-26 14:39:47,285 [INFO]     [4 | right | 0](candidate_pairs: 49/49 | new_swaps: 1 | total: 2) -> {'max_bond': 8, 'max_links': 4, 'total_elems': 1536, 'total_shapes': 722, 'total_links': 390, 'num_tensors': 98}
2026-08-26 14:39:47,311 [INFO]     [4 | right | 1](candidate_pairs: 48/48 | new_swaps: 0 | total: 2) -> {'max_bond': 8, 'max_links': 4, 'total_elems': 1536, 'total_shapes': 722, 'total_links': 390, 'num_tensors': 98}
2026-08-26 14:39:47,363 [INFO]     [5 | both | 0](candidate_pairs: 49/49 | new_swaps: 0 | total: 0) -> {'max_bond': 8, 'max_links': 4, 'total_elems': 1536, 'total_shapes': 722, 'total_links': 390, 'num_tensors': 98}
2026-08-26 14:39:47,461 [INFO]     [5 | both | 1](candidate_pairs: 48/48 | new_swaps: 1 | total: 1) -> {'max_bond': 8, 'max_links': 4, 'total_elems': 1488, 'total_shapes': 718, 'total_links': 390, 'num_tensors': 98}
2026-08-26 14:39:47,489 [INFO]     [5 | left | 0](candidate_pairs: 49/49 | new_swaps: 0 | total: 1) -> {'max_bond': 8, 'max_links': 4, 'total_elems': 1488, 'total_shapes': 718, 'total_links': 390, 'num_tensors': 98}
2026-08-26 14:39:47,516 [INFO]     [5 | left | 1](candidate_pairs: 48/48 | new_swaps: 0 | total: 1) -> {'max_bond': 8, 'max_links': 4, 'total_elems': 1488, 'total_shapes': 718, 'total_links': 390, 'num_tensors': 98}
2026-08-26 14:39:47,543 [INFO]     [5 | right | 0](candidate_pairs: 49/49 | new_swaps: 0 | total: 1) -> {'max_bond': 8, 'max_links': 4, 'total_elems': 1488, 'total_shapes': 718, 'total_links': 390, 'num_tensors': 98}
2026-08-26 14:39:47,569 [INFO]     [5 | right | 1](candidate_pairs: 48/48 | new_swaps: 0 | total: 1) -> {'max_bond': 8, 'max_links': 4, 'total_elems': 1488, 'total_shapes': 718, 'total_links': 390, 'num_tensors': 98}
2026-08-26 14:39:47,621 [INFO]     [6 | both | 0](candidate_pairs: 49/49 | new_swaps: 0 | total: 0) -> {'max_bond': 8, 'max_links': 4, 'total_elems': 1488, 'total_shapes': 718, 'total_links': 390, 'num_tensors': 98}
2026-08-26 14:39:47,674 [INFO]     [6 | both | 1](candidate_pairs: 48/48 | new_swaps: 0 | total: 0) -> {'max_bond': 8, 'max_links': 4, 'total_elems': 1488, 'total_shapes': 718, 'total_links': 390, 'num_tensors': 98}
2026-08-26 14:39:47,701 [INFO]     [6 | left | 0](candidate_pairs: 49/49 | new_swaps: 0 | total: 0) -> {'max_bond': 8, 'max_links': 4, 'total_elems': 1488, 'total_shapes': 718, 'total_links': 390, 'num_tensors': 98}
2026-08-26 14:39:47,729 [INFO]     [6 | left | 1](candidate_pairs: 48/48 | new_swaps: 0 | total: 0) -> {'max_bond': 8, 'max_links': 4, 'total_elems': 1488, 'total_shapes': 718, 'total_links': 390, 'num_tensors': 98}
2026-08-26 14:39:47,755 [INFO]     [6 | right | 0](candidate_pairs: 49/49 | new_swaps: 0 | total: 0) -> {'max_bond': 8, 'max_links': 4, 'total_elems': 1488, 'total_shapes': 718, 'total_links': 390, 'num_tensors': 98}
2026-08-26 14:39:47,782 [INFO]     [6 | right | 1](candidate_pairs: 48/48 | new_swaps: 0 | total: 0) -> {'max_bond': 8, 'max_links': 4, 'total_elems': 1488, 'total_shapes': 718, 'total_links': 390, 'num_tensors': 98}
2026-08-26 14:39:47,782 [INFO]     [end unswap] -> {'max_bond': 8, 'max_links': 4, 'total_elems': 1488, 'total_shapes': 718, 'total_links': 390, 'num_tensors': 98}
2026-08-26 14:39:47,798 [INFO] [start rewire](phase=post_unswap, cycle=7, side=left, layers=2355, trials=20, seed=123, parallel=False, route_candidates=2, route_score=lookahead_total)
2026-08-26 14:39:53,853 [INFO] [end rewire](phase=post_unswap, cycle=7, side=left, routed_layers=2498, elapsed_s=6.06)
2026-08-26 14:39:53,853 [INFO] [start rewire](phase=post_unswap, cycle=7, side=right, layers=2325, trials=20, seed=123, parallel=False, route_candidates=2, route_score=lookahead_total)
2026-08-26 14:39:59,348 [INFO] [end rewire](phase=post_unswap, cycle=7, side=right, routed_layers=2358, elapsed_s=5.49)
[Cycle 7] 22/1984 gates (1.1 %) after 308 sec
2026-08-26 14:39:59,439 [INFO] [1L/2496](swap: 25, u: 0 | c_u: 0 | t_u_l: 14/992 | t_u_r: 8/992 | t_u: 22/1984) -> {'max_bond': 8, 'max_links': 4, 'total_elems': 1488, 'total_shapes': 718, 'total_links': 390, 'num_tensors': 98}
2026-08-26 14:39:59,513 [INFO] [1R/2356](swap: 17, u: 0 | c_u: 0 | t_u_l: 14/992 | t_u_r: 8/992 | t_u: 22/1984) -> {'max_bond': 8, 'max_links': 4, 'total_elems': 2240, 'total_shapes': 834, 'total_links': 390, 'num_tensors': 98}
2026-08-26 14:39:59,588 [INFO] [2L/2496](swap: 25, u: 0 | c_u: 0 | t_u_l: 14/992 | t_u_r: 8/992 | t_u: 22/1984) -> {'max_bond': 16, 'max_links': 4, 'total_elems': 4308, 'total_shapes': 990, 'total_links': 390, 'num_tensors': 98}
2026-08-26 14:39:59,664 [INFO] [2R/2356](swap: 18, u: 0 | c_u: 0 | t_u_l: 14/992 | t_u_r: 8/992 | t_u: 22/1984) -> {'max_bond': 32, 'max_links': 4, 'total_elems': 8404, 'total_shapes': 1192, 'total_links': 390, 'num_tensors': 98}
2026-08-26 14:39:59,741 [INFO] [3L/2496](swap: 25, u: 0 | c_u: 0 | t_u_l: 14/992 | t_u_r: 8/992 | t_u: 22/1984) -> {'max_bond': 32, 'max_links': 4, 'total_elems': 15924, 'total_shapes': 1444, 'total_links': 390, 'num_tensors': 98}
2026-08-26 14:39:59,823 [INFO] [4L/2496](swap: 21, u: 1 | c_u: 1 | t_u_l: 15/992 | t_u_r: 8/992 | t_u: 23/1984) -> {'max_bond': 32, 'max_links': 4, 'total_elems': 29136, 'total_shapes': 1796, 'total_links': 390, 'num_tensors': 98}
2026-08-26 14:39:59,915 [INFO] [3R/2356](swap: 17, u: 0 | c_u: 1 | t_u_l: 15/992 | t_u_r: 8/992 | t_u: 23/1984) -> {'max_bond': 64, 'max_links': 4, 'total_elems': 57228, 'total_shapes': 2160, 'total_links': 390, 'num_tensors': 98}
2026-08-26 14:40:00,035 [INFO] [5L/2496](swap: 24, u: 1 | c_u: 2 | t_u_l: 16/992 | t_u_r: 8/992 | t_u: 24/1984) -> {'max_bond': 64, 'max_links': 4, 'total_elems': 87544, 'total_shapes': 2614, 'total_links': 390, 'num_tensors': 98}
2026-08-26 14:40:00,216 [INFO] [4R/2356](swap: 13, u: 0 | c_u: 2 | t_u_l: 16/992 | t_u_r: 8/992 | t_u: 24/1984) -> {'max_bond': 128, 'max_links': 4, 'total_elems': 161044, 'total_shapes': 3128, 'total_links': 390, 'num_tensors': 98}
2026-08-26 14:40:00,472 [INFO] [5R/2356](swap: 14, u: 0 | c_u: 2 | t_u_l: 16/992 | t_u_r: 8/992 | t_u: 24/1984) -> {'max_bond': 128, 'max_links': 4, 'total_elems': 241332, 'total_shapes': 3654, 'total_links': 390, 'num_tensors': 98}
2026-08-26 14:40:00,905 [INFO] [6R/2356](swap: 16, u: 0 | c_u: 2 | t_u_l: 16/992 | t_u_r: 8/992 | t_u: 24/1984) -> {'max_bond': 128, 'max_links': 4, 'total_elems': 272372, 'total_shapes': 3990, 'total_links': 390, 'num_tensors': 98}
2026-08-26 14:40:01,438 [INFO] [6L/2496](swap: 22, u: 1 | c_u: 3 | t_u_l: 17/992 | t_u_r: 8/992 | t_u: 25/1984) -> {'max_bond': 256, 'max_links': 4, 'total_elems': 617268, 'total_shapes': 5566, 'total_links': 390, 'num_tensors': 98}
2026-08-26 14:40:02,802 [INFO]     [start unswap] -> {'max_bond': 256, 'max_links': 4, 'total_elems': 617268, 'total_shapes': 5566, 'total_links': 390, 'num_tensors': 98}
2026-08-26 14:40:13,416 [INFO]     [0 | both | 0](candidate_pairs: 49/49 | new_swaps: 6 | total: 6) -> {'max_bond': 256, 'max_links': 4, 'total_elems': 922016, 'total_shapes': 6118, 'total_links': 390, 'num_tensors': 98}
2026-08-26 14:40:19,852 [INFO]     [0 | both | 1](candidate_pairs: 48/48 | new_swaps: 19 | total: 25) -> {'max_bond': 256, 'max_links': 4, 'total_elems': 393216, 'total_shapes': 4408, 'total_links': 390, 'num_tensors': 98}
2026-08-26 14:40:20,556 [INFO]     [0 | left | 0](candidate_pairs: 49/49 | new_swaps: 23 | total: 48) -> {'max_bond': 64, 'max_links': 4, 'total_elems': 181852, 'total_shapes': 3148, 'total_links': 390, 'num_tensors': 98}
2026-08-26 14:40:20,876 [INFO]     [0 | left | 1](candidate_pairs: 48/48 | new_swaps: 20 | total: 68) -> {'max_bond': 64, 'max_links': 4, 'total_elems': 129804, 'total_shapes': 2726, 'total_links': 390, 'num_tensors': 98}
2026-08-26 14:40:21,074 [INFO]     [0 | right | 0](candidate_pairs: 49/49 | new_swaps: 10 | total: 78) -> {'max_bond': 64, 'max_links': 4, 'total_elems': 109052, 'total_shapes': 2412, 'total_links': 390, 'num_tensors': 98}
2026-08-26 14:40:21,257 [INFO]     [0 | right | 1](candidate_pairs: 48/48 | new_swaps: 12 | total: 90) -> {'max_bond': 64, 'max_links': 4, 'total_elems': 86108, 'total_shapes': 2178, 'total_links': 390, 'num_tensors': 98}
2026-08-26 14:40:21,622 [INFO]     [1 | both | 0](candidate_pairs: 49/49 | new_swaps: 16 | total: 16) -> {'max_bond': 64, 'max_links': 4, 'total_elems': 53452, 'total_shapes': 1866, 'total_links': 390, 'num_tensors': 98}
2026-08-26 14:40:21,823 [INFO]     [1 | both | 1](candidate_pairs: 48/48 | new_swaps: 12 | total: 28) -> {'max_bond': 32, 'max_links': 4, 'total_elems': 26596, 'total_shapes': 1506, 'total_links': 390, 'num_tensors': 98}
2026-08-26 14:40:21,910 [INFO]     [1 | left | 0](candidate_pairs: 49/49 | new_swaps: 15 | total: 43) -> {'max_bond': 32, 'max_links': 4, 'total_elems': 18200, 'total_shapes': 1302, 'total_links': 390, 'num_tensors': 98}
2026-08-26 14:40:21,989 [INFO]     [1 | left | 1](candidate_pairs: 48/48 | new_swaps: 8 | total: 51) -> {'max_bond': 32, 'max_links': 4, 'total_elems': 12032, 'total_shapes': 1184, 'total_links': 390, 'num_tensors': 98}
2026-08-26 14:40:22,059 [INFO]     [1 | right | 0](candidate_pairs: 49/49 | new_swaps: 7 | total: 58) -> {'max_bond': 16, 'max_links': 4, 'total_elems': 8852, 'total_shapes': 1070, 'total_links': 390, 'num_tensors': 98}
2026-08-26 14:40:22,127 [INFO]     [1 | right | 1](candidate_pairs: 48/48 | new_swaps: 6 | total: 64) -> {'max_bond': 16, 'max_links': 4, 'total_elems': 7700, 'total_shapes': 1022, 'total_links': 390, 'num_tensors': 98}
2026-08-26 14:40:22,253 [INFO]     [2 | both | 0](candidate_pairs: 49/49 | new_swaps: 10 | total: 10) -> {'max_bond': 16, 'max_links': 4, 'total_elems': 5396, 'total_shapes': 934, 'total_links': 390, 'num_tensors': 98}
2026-08-26 14:40:22,373 [INFO]     [2 | both | 1](candidate_pairs: 48/48 | new_swaps: 10 | total: 20) -> {'max_bond': 16, 'max_links': 4, 'total_elems': 4012, 'total_shapes': 870, 'total_links': 390, 'num_tensors': 98}
2026-08-26 14:40:22,440 [INFO]     [2 | left | 0](candidate_pairs: 49/49 | new_swaps: 5 | total: 25) -> {'max_bond': 8, 'max_links': 4, 'total_elems': 3060, 'total_shapes': 830, 'total_links': 390, 'num_tensors': 98}
2026-08-26 14:40:22,506 [INFO]     [2 | left | 1](candidate_pairs: 48/48 | new_swaps: 5 | total: 30) -> {'max_bond': 8, 'max_links': 4, 'total_elems': 2580, 'total_shapes': 794, 'total_links': 390, 'num_tensors': 98}
2026-08-26 14:40:22,568 [INFO]     [2 | right | 0](candidate_pairs: 49/49 | new_swaps: 1 | total: 31) -> {'max_bond': 8, 'max_links': 4, 'total_elems': 2520, 'total_shapes': 788, 'total_links': 390, 'num_tensors': 98}
2026-08-26 14:40:22,633 [INFO]     [2 | right | 1](candidate_pairs: 48/48 | new_swaps: 2 | total: 33) -> {'max_bond': 8, 'max_links': 4, 'total_elems': 2392, 'total_shapes': 780, 'total_links': 390, 'num_tensors': 98}
2026-08-26 14:40:22,749 [INFO]     [3 | both | 0](candidate_pairs: 49/49 | new_swaps: 5 | total: 5) -> {'max_bond': 8, 'max_links': 4, 'total_elems': 1888, 'total_shapes': 752, 'total_links': 390, 'num_tensors': 98}
2026-08-26 14:40:22,863 [INFO]     [3 | both | 1](candidate_pairs: 48/48 | new_swaps: 5 | total: 10) -> {'max_bond': 8, 'max_links': 4, 'total_elems': 1464, 'total_shapes': 724, 'total_links': 390, 'num_tensors': 98}
2026-08-26 14:40:22,926 [INFO]     [3 | left | 0](candidate_pairs: 49/49 | new_swaps: 2 | total: 12) -> {'max_bond': 8, 'max_links': 4, 'total_elems': 1144, 'total_shapes': 708, 'total_links': 390, 'num_tensors': 98}
2026-08-26 14:40:22,990 [INFO]     [3 | left | 1](candidate_pairs: 48/48 | new_swaps: 2 | total: 14) -> {'max_bond': 4, 'max_links': 4, 'total_elems': 1024, 'total_shapes': 692, 'total_links': 390, 'num_tensors': 98}
2026-08-26 14:40:23,017 [INFO]     [3 | right | 0](candidate_pairs: 49/49 | new_swaps: 0 | total: 14) -> {'max_bond': 4, 'max_links': 4, 'total_elems': 1024, 'total_shapes': 692, 'total_links': 390, 'num_tensors': 98}
2026-08-26 14:40:23,043 [INFO]     [3 | right | 1](candidate_pairs: 48/48 | new_swaps: 0 | total: 14) -> {'max_bond': 4, 'max_links': 4, 'total_elems': 1024, 'total_shapes': 692, 'total_links': 390, 'num_tensors': 98}
2026-08-26 14:40:23,155 [INFO]     [4 | both | 0](candidate_pairs: 49/49 | new_swaps: 1 | total: 1) -> {'max_bond': 4, 'max_links': 4, 'total_elems': 1012, 'total_shapes': 690, 'total_links': 390, 'num_tensors': 98}
2026-08-26 14:40:23,267 [INFO]     [4 | both | 1](candidate_pairs: 48/48 | new_swaps: 1 | total: 2) -> {'max_bond': 4, 'max_links': 4, 'total_elems': 1000, 'total_shapes': 688, 'total_links': 390, 'num_tensors': 98}
2026-08-26 14:40:23,294 [INFO]     [4 | left | 0](candidate_pairs: 49/49 | new_swaps: 0 | total: 2) -> {'max_bond': 4, 'max_links': 4, 'total_elems': 1000, 'total_shapes': 688, 'total_links': 390, 'num_tensors': 98}
2026-08-26 14:40:23,322 [INFO]     [4 | left | 1](candidate_pairs: 48/48 | new_swaps: 0 | total: 2) -> {'max_bond': 4, 'max_links': 4, 'total_elems': 1000, 'total_shapes': 688, 'total_links': 390, 'num_tensors': 98}
2026-08-26 14:40:23,348 [INFO]     [4 | right | 0](candidate_pairs: 49/49 | new_swaps: 0 | total: 2) -> {'max_bond': 4, 'max_links': 4, 'total_elems': 1000, 'total_shapes': 688, 'total_links': 390, 'num_tensors': 98}
2026-08-26 14:40:23,375 [INFO]     [4 | right | 1](candidate_pairs: 48/48 | new_swaps: 0 | total: 2) -> {'max_bond': 4, 'max_links': 4, 'total_elems': 1000, 'total_shapes': 688, 'total_links': 390, 'num_tensors': 98}
2026-08-26 14:40:23,427 [INFO]     [5 | both | 0](candidate_pairs: 49/49 | new_swaps: 0 | total: 0) -> {'max_bond': 4, 'max_links': 4, 'total_elems': 1000, 'total_shapes': 688, 'total_links': 390, 'num_tensors': 98}
2026-08-26 14:40:23,479 [INFO]     [5 | both | 1](candidate_pairs: 48/48 | new_swaps: 0 | total: 0) -> {'max_bond': 4, 'max_links': 4, 'total_elems': 1000, 'total_shapes': 688, 'total_links': 390, 'num_tensors': 98}
2026-08-26 14:40:23,506 [INFO]     [5 | left | 0](candidate_pairs: 49/49 | new_swaps: 0 | total: 0) -> {'max_bond': 4, 'max_links': 4, 'total_elems': 1000, 'total_shapes': 688, 'total_links': 390, 'num_tensors': 98}
2026-08-26 14:40:23,533 [INFO]     [5 | left | 1](candidate_pairs: 48/48 | new_swaps: 0 | total: 0) -> {'max_bond': 4, 'max_links': 4, 'total_elems': 1000, 'total_shapes': 688, 'total_links': 390, 'num_tensors': 98}
2026-08-26 14:40:23,560 [INFO]     [5 | right | 0](candidate_pairs: 49/49 | new_swaps: 0 | total: 0) -> {'max_bond': 4, 'max_links': 4, 'total_elems': 1000, 'total_shapes': 688, 'total_links': 390, 'num_tensors': 98}
2026-08-26 14:40:23,587 [INFO]     [5 | right | 1](candidate_pairs: 48/48 | new_swaps: 0 | total: 0) -> {'max_bond': 4, 'max_links': 4, 'total_elems': 1000, 'total_shapes': 688, 'total_links': 390, 'num_tensors': 98}
2026-08-26 14:40:23,587 [INFO]     [end unswap] -> {'max_bond': 4, 'max_links': 4, 'total_elems': 1000, 'total_shapes': 688, 'total_links': 390, 'num_tensors': 98}
2026-08-26 14:40:23,603 [INFO] [start rewire](phase=post_unswap, cycle=8, side=left, layers=2492, trials=20, seed=123, parallel=False, route_candidates=2, route_score=lookahead_total)
2026-08-26 14:40:29,973 [INFO] [end rewire](phase=post_unswap, cycle=8, side=left, routed_layers=2407, elapsed_s=6.37)
2026-08-26 14:40:29,973 [INFO] [start rewire](phase=post_unswap, cycle=8, side=right, layers=2352, trials=20, seed=123, parallel=False, route_candidates=2, route_score=lookahead_total)
2026-08-26 14:40:35,350 [INFO] [end rewire](phase=post_unswap, cycle=8, side=right, routed_layers=2150, elapsed_s=5.38)
[Cycle 8] 25/1984 gates (1.3 %) after 344 sec
2026-08-26 14:40:35,442 [INFO] [1L/2405](swap: 22, u: 0 | c_u: 0 | t_u_l: 17/992 | t_u_r: 8/992 | t_u: 25/1984) -> {'max_bond': 4, 'max_links': 4, 'total_elems': 1000, 'total_shapes': 688, 'total_links': 390, 'num_tensors': 98}
2026-08-26 14:40:35,516 [INFO] [1R/2148](swap: 15, u: 0 | c_u: 0 | t_u_l: 17/992 | t_u_r: 8/992 | t_u: 25/1984) -> {'max_bond': 8, 'max_links': 4, 'total_elems': 1552, 'total_shapes': 780, 'total_links': 390, 'num_tensors': 98}
2026-08-26 14:40:35,589 [INFO] [2L/2405](swap: 21, u: 0 | c_u: 0 | t_u_l: 17/992 | t_u_r: 8/992 | t_u: 25/1984) -> {'max_bond': 8, 'max_links': 4, 'total_elems': 2964, 'total_shapes': 918, 'total_links': 390, 'num_tensors': 98}
2026-08-26 14:40:35,665 [INFO] [2R/2148](swap: 22, u: 0 | c_u: 0 | t_u_l: 17/992 | t_u_r: 8/992 | t_u: 25/1984) -> {'max_bond': 16, 'max_links': 4, 'total_elems': 4864, 'total_shapes': 1044, 'total_links': 390, 'num_tensors': 98}
2026-08-26 14:40:35,740 [INFO] [3L/2405](swap: 21, u: 0 | c_u: 0 | t_u_l: 17/992 | t_u_r: 8/992 | t_u: 25/1984) -> {'max_bond': 32, 'max_links': 4, 'total_elems': 9524, 'total_shapes': 1294, 'total_links': 390, 'num_tensors': 98}
2026-08-26 14:40:35,819 [INFO] [3R/2148](swap: 21, u: 0 | c_u: 0 | t_u_l: 17/992 | t_u_r: 8/992 | t_u: 25/1984) -> {'max_bond': 32, 'max_links': 4, 'total_elems': 21384, 'total_shapes': 1602, 'total_links': 390, 'num_tensors': 98}
2026-08-26 14:40:35,910 [INFO] [4R/2148](swap: 20, u: 0 | c_u: 0 | t_u_l: 17/992 | t_u_r: 8/992 | t_u: 25/1984) -> {'max_bond': 64, 'max_links': 4, 'total_elems': 39900, 'total_shapes': 1960, 'total_links': 390, 'num_tensors': 98}
2026-08-26 14:40:36,018 [INFO] [5R/2148](swap: 17, u: 1 | c_u: 1 | t_u_l: 17/992 | t_u_r: 9/992 | t_u: 26/1984) -> {'max_bond': 64, 'max_links': 4, 'total_elems': 74004, 'total_shapes': 2328, 'total_links': 390, 'num_tensors': 98}
2026-08-26 14:40:36,172 [INFO] [6R/2148](swap: 18, u: 0 | c_u: 1 | t_u_l: 17/992 | t_u_r: 9/992 | t_u: 26/1984) -> {'max_bond': 64, 'max_links': 4, 'total_elems': 97844, 'total_shapes': 2704, 'total_links': 390, 'num_tensors': 98}
2026-08-26 14:40:36,356 [INFO] [7R/2148](swap: 18, u: 1 | c_u: 2 | t_u_l: 17/992 | t_u_r: 10/992 | t_u: 27/1984) -> {'max_bond': 64, 'max_links': 4, 'total_elems': 130276, 'total_shapes': 3030, 'total_links': 390, 'num_tensors': 98}
2026-08-26 14:40:36,572 [INFO] [8R/2148](swap: 16, u: 0 | c_u: 2 | t_u_l: 17/992 | t_u_r: 10/992 | t_u: 27/1984) -> {'max_bond': 128, 'max_links': 4, 'total_elems': 193412, 'total_shapes': 3586, 'total_links': 390, 'num_tensors': 98}
2026-08-26 14:40:36,933 [INFO] [4L/2405](swap: 20, u: 1 | c_u: 3 | t_u_l: 18/992 | t_u_r: 10/992 | t_u: 28/1984) -> {'max_bond': 256, 'max_links': 4, 'total_elems': 414432, 'total_shapes': 4820, 'total_links': 390, 'num_tensors': 98}
2026-08-26 14:40:37,696 [INFO] [9R/2148](swap: 17, u: 0 | c_u: 3 | t_u_l: 18/992 | t_u_r: 10/992 | t_u: 28/1984) -> {'max_bond': 256, 'max_links': 4, 'total_elems': 592672, 'total_shapes': 5556, 'total_links': 390, 'num_tensors': 98}
2026-08-26 14:40:39,396 [INFO]     [start unswap] -> {'max_bond': 256, 'max_links': 4, 'total_elems': 592672, 'total_shapes': 5556, 'total_links': 390, 'num_tensors': 98}
2026-08-26 14:40:46,517 [INFO]     [0 | both | 0](candidate_pairs: 49/49 | new_swaps: 3 | total: 3) -> {'max_bond': 256, 'max_links': 4, 'total_elems': 1035520, 'total_shapes': 6176, 'total_links': 390, 'num_tensors': 98}
2026-08-26 14:40:53,140 [INFO]     [0 | both | 1](candidate_pairs: 48/48 | new_swaps: 19 | total: 22) -> {'max_bond': 256, 'max_links': 4, 'total_elems': 541376, 'total_shapes': 4664, 'total_links': 390, 'num_tensors': 98}
2026-08-26 14:40:54,126 [INFO]     [0 | left | 0](candidate_pairs: 49/49 | new_swaps: 15 | total: 37) -> {'max_bond': 128, 'max_links': 4, 'total_elems': 324828, 'total_shapes': 3822, 'total_links': 390, 'num_tensors': 98}
2026-08-26 14:40:55,073 [INFO]     [0 | left | 1](candidate_pairs: 48/48 | new_swaps: 20 | total: 57) -> {'max_bond': 128, 'max_links': 4, 'total_elems': 145764, 'total_shapes': 2984, 'total_links': 390, 'num_tensors': 98}
2026-08-26 14:40:55,299 [INFO]     [0 | right | 0](candidate_pairs: 49/49 | new_swaps: 18 | total: 75) -> {'max_bond': 64, 'max_links': 4, 'total_elems': 75100, 'total_shapes': 2302, 'total_links': 390, 'num_tensors': 98}
2026-08-26 14:40:55,447 [INFO]     [0 | right | 1](candidate_pairs: 48/48 | new_swaps: 11 | total: 86) -> {'max_bond': 64, 'max_links': 4, 'total_elems': 45024, 'total_shapes': 2028, 'total_links': 390, 'num_tensors': 98}
2026-08-26 14:40:55,627 [INFO]     [1 | both | 0](candidate_pairs: 49/49 | new_swaps: 15 | total: 15) -> {'max_bond': 32, 'max_links': 4, 'total_elems': 26884, 'total_shapes': 1670, 'total_links': 390, 'num_tensors': 98}
2026-08-26 14:40:55,783 [INFO]     [1 | both | 1](candidate_pairs: 48/48 | new_swaps: 13 | total: 28) -> {'max_bond': 32, 'max_links': 4, 'total_elems': 20468, 'total_shapes': 1472, 'total_links': 390, 'num_tensors': 98}
2026-08-26 14:40:55,862 [INFO]     [1 | left | 0](candidate_pairs: 49/49 | new_swaps: 10 | total: 38) -> {'max_bond': 16, 'max_links': 4, 'total_elems': 15440, 'total_shapes': 1342, 'total_links': 390, 'num_tensors': 98}
2026-08-26 14:40:55,939 [INFO]     [1 | left | 1](candidate_pairs: 48/48 | new_swaps: 10 | total: 48) -> {'max_bond': 16, 'max_links': 4, 'total_elems': 11632, 'total_shapes': 1224, 'total_links': 390, 'num_tensors': 98}
2026-08-26 14:40:56,009 [INFO]     [1 | right | 0](candidate_pairs: 49/49 | new_swaps: 7 | total: 55) -> {'max_bond': 16, 'max_links': 4, 'total_elems': 10456, 'total_shapes': 1144, 'total_links': 390, 'num_tensors': 98}
2026-08-26 14:40:56,078 [INFO]     [1 | right | 1](candidate_pairs: 48/48 | new_swaps: 3 | total: 58) -> {'max_bond': 16, 'max_links': 4, 'total_elems': 9288, 'total_shapes': 1108, 'total_links': 390, 'num_tensors': 98}
2026-08-26 14:40:56,204 [INFO]     [2 | both | 0](candidate_pairs: 49/49 | new_swaps: 6 | total: 6) -> {'max_bond': 16, 'max_links': 4, 'total_elems': 7968, 'total_shapes': 1060, 'total_links': 390, 'num_tensors': 98}
2026-08-26 14:40:56,329 [INFO]     [2 | both | 1](candidate_pairs: 48/48 | new_swaps: 12 | total: 18) -> {'max_bond': 16, 'max_links': 4, 'total_elems': 6120, 'total_shapes': 988, 'total_links': 390, 'num_tensors': 98}
2026-08-26 14:40:56,396 [INFO]     [2 | left | 0](candidate_pairs: 49/49 | new_swaps: 3 | total: 21) -> {'max_bond': 16, 'max_links': 4, 'total_elems': 5000, 'total_shapes': 950, 'total_links': 390, 'num_tensors': 98}
2026-08-26 14:40:56,462 [INFO]     [2 | left | 1](candidate_pairs: 48/48 | new_swaps: 3 | total: 24) -> {'max_bond': 8, 'max_links': 4, 'total_elems': 4384, 'total_shapes': 924, 'total_links': 390, 'num_tensors': 98}
2026-08-26 14:40:56,528 [INFO]     [2 | right | 0](candidate_pairs: 49/49 | new_swaps: 4 | total: 28) -> {'max_bond': 8, 'max_links': 4, 'total_elems': 3472, 'total_shapes': 884, 'total_links': 390, 'num_tensors': 98}
2026-08-26 14:40:56,580 [INFO]     [2 | right | 1](candidate_pairs: 48/48 | new_swaps: 1 | total: 29) -> {'max_bond': 8, 'max_links': 4, 'total_elems': 3184, 'total_shapes': 872, 'total_links': 390, 'num_tensors': 98}
2026-08-26 14:40:56,698 [INFO]     [3 | both | 0](candidate_pairs: 49/49 | new_swaps: 7 | total: 7) -> {'max_bond': 8, 'max_links': 4, 'total_elems': 2716, 'total_shapes': 838, 'total_links': 390, 'num_tensors': 98}
2026-08-26 14:40:56,813 [INFO]     [3 | both | 1](candidate_pairs: 48/48 | new_swaps: 4 | total: 11) -> {'max_bond': 8, 'max_links': 4, 'total_elems': 2304, 'total_shapes': 816, 'total_links': 390, 'num_tensors': 98}
2026-08-26 14:40:56,877 [INFO]     [3 | left | 0](candidate_pairs: 49/49 | new_swaps: 1 | total: 12) -> {'max_bond': 8, 'max_links': 4, 'total_elems': 2176, 'total_shapes': 808, 'total_links': 390, 'num_tensors': 98}
2026-08-26 14:40:56,940 [INFO]     [3 | left | 1](candidate_pairs: 48/48 | new_swaps: 2 | total: 14) -> {'max_bond': 8, 'max_links': 4, 'total_elems': 2056, 'total_shapes': 790, 'total_links': 390, 'num_tensors': 98}
2026-08-26 14:40:56,991 [INFO]     [3 | right | 0](candidate_pairs: 49/49 | new_swaps: 1 | total: 15) -> {'max_bond': 8, 'max_links': 4, 'total_elems': 2008, 'total_shapes': 786, 'total_links': 390, 'num_tensors': 98}
2026-08-26 14:40:57,018 [INFO]     [3 | right | 1](candidate_pairs: 48/48 | new_swaps: 0 | total: 15) -> {'max_bond': 8, 'max_links': 4, 'total_elems': 2008, 'total_shapes': 786, 'total_links': 390, 'num_tensors': 98}
2026-08-26 14:40:57,130 [INFO]     [4 | both | 0](candidate_pairs: 49/49 | new_swaps: 1 | total: 1) -> {'max_bond': 8, 'max_links': 4, 'total_elems': 1960, 'total_shapes': 782, 'total_links': 390, 'num_tensors': 98}
2026-08-26 14:40:57,184 [INFO]     [4 | both | 1](candidate_pairs: 48/48 | new_swaps: 0 | total: 1) -> {'max_bond': 8, 'max_links': 4, 'total_elems': 1960, 'total_shapes': 782, 'total_links': 390, 'num_tensors': 98}
2026-08-26 14:40:57,212 [INFO]     [4 | left | 0](candidate_pairs: 49/49 | new_swaps: 0 | total: 1) -> {'max_bond': 8, 'max_links': 4, 'total_elems': 1960, 'total_shapes': 782, 'total_links': 390, 'num_tensors': 98}
2026-08-26 14:40:57,240 [INFO]     [4 | left | 1](candidate_pairs: 48/48 | new_swaps: 0 | total: 1) -> {'max_bond': 8, 'max_links': 4, 'total_elems': 1960, 'total_shapes': 782, 'total_links': 390, 'num_tensors': 98}
2026-08-26 14:40:57,267 [INFO]     [4 | right | 0](candidate_pairs: 49/49 | new_swaps: 0 | total: 1) -> {'max_bond': 8, 'max_links': 4, 'total_elems': 1960, 'total_shapes': 782, 'total_links': 390, 'num_tensors': 98}
2026-08-26 14:40:57,294 [INFO]     [4 | right | 1](candidate_pairs: 48/48 | new_swaps: 0 | total: 1) -> {'max_bond': 8, 'max_links': 4, 'total_elems': 1960, 'total_shapes': 782, 'total_links': 390, 'num_tensors': 98}
2026-08-26 14:40:57,347 [INFO]     [5 | both | 0](candidate_pairs: 49/49 | new_swaps: 0 | total: 0) -> {'max_bond': 8, 'max_links': 4, 'total_elems': 1960, 'total_shapes': 782, 'total_links': 390, 'num_tensors': 98}
2026-08-26 14:40:57,400 [INFO]     [5 | both | 1](candidate_pairs: 48/48 | new_swaps: 0 | total: 0) -> {'max_bond': 8, 'max_links': 4, 'total_elems': 1960, 'total_shapes': 782, 'total_links': 390, 'num_tensors': 98}
2026-08-26 14:40:57,427 [INFO]     [5 | left | 0](candidate_pairs: 49/49 | new_swaps: 0 | total: 0) -> {'max_bond': 8, 'max_links': 4, 'total_elems': 1960, 'total_shapes': 782, 'total_links': 390, 'num_tensors': 98}
2026-08-26 14:40:57,455 [INFO]     [5 | left | 1](candidate_pairs: 48/48 | new_swaps: 0 | total: 0) -> {'max_bond': 8, 'max_links': 4, 'total_elems': 1960, 'total_shapes': 782, 'total_links': 390, 'num_tensors': 98}
2026-08-26 14:40:57,482 [INFO]     [5 | right | 0](candidate_pairs: 49/49 | new_swaps: 0 | total: 0) -> {'max_bond': 8, 'max_links': 4, 'total_elems': 1960, 'total_shapes': 782, 'total_links': 390, 'num_tensors': 98}
2026-08-26 14:40:57,509 [INFO]     [5 | right | 1](candidate_pairs: 48/48 | new_swaps: 0 | total: 0) -> {'max_bond': 8, 'max_links': 4, 'total_elems': 1960, 'total_shapes': 782, 'total_links': 390, 'num_tensors': 98}
2026-08-26 14:40:57,509 [INFO]     [end unswap] -> {'max_bond': 8, 'max_links': 4, 'total_elems': 1960, 'total_shapes': 782, 'total_links': 390, 'num_tensors': 98}
2026-08-26 14:40:57,528 [INFO] [start rewire](phase=post_unswap, cycle=9, side=left, layers=2403, trials=20, seed=123, parallel=False, route_candidates=2, route_score=lookahead_total)
2026-08-26 14:41:03,967 [INFO] [end rewire](phase=post_unswap, cycle=9, side=left, routed_layers=2580, elapsed_s=6.44)
2026-08-26 14:41:03,967 [INFO] [start rewire](phase=post_unswap, cycle=9, side=right, layers=2141, trials=20, seed=123, parallel=False, route_candidates=2, route_score=lookahead_total)
2026-08-26 14:41:09,691 [INFO] [end rewire](phase=post_unswap, cycle=9, side=right, routed_layers=2194, elapsed_s=5.72)
[Cycle 9] 28/1984 gates (1.4 %) after 378 sec
2026-08-26 14:41:09,786 [INFO] [1L/2578](swap: 25, u: 0 | c_u: 0 | t_u_l: 18/992 | t_u_r: 10/992 | t_u: 28/1984) -> {'max_bond': 8, 'max_links': 4, 'total_elems': 1960, 'total_shapes': 782, 'total_links': 390, 'num_tensors': 98}
2026-08-26 14:41:09,862 [INFO] [1R/2192](swap: 21, u: 0 | c_u: 0 | t_u_l: 18/992 | t_u_r: 10/992 | t_u: 28/1984) -> {'max_bond': 8, 'max_links': 4, 'total_elems': 3068, 'total_shapes': 920, 'total_links': 390, 'num_tensors': 98}
2026-08-26 14:41:09,937 [INFO] [2L/2578](swap: 22, u: 1 | c_u: 1 | t_u_l: 19/992 | t_u_r: 10/992 | t_u: 29/1984) -> {'max_bond': 16, 'max_links': 4, 'total_elems': 5744, 'total_shapes': 1106, 'total_links': 390, 'num_tensors': 98}
2026-08-26 14:41:10,012 [INFO] [3L/2578](swap: 22, u: 0 | c_u: 1 | t_u_l: 19/992 | t_u_r: 10/992 | t_u: 29/1984) -> {'max_bond': 16, 'max_links': 4, 'total_elems': 10540, 'total_shapes': 1346, 'total_links': 390, 'num_tensors': 98}
2026-08-26 14:41:10,089 [INFO] [2R/2192](swap: 19, u: 0 | c_u: 1 | t_u_l: 19/992 | t_u_r: 10/992 | t_u: 29/1984) -> {'max_bond': 32, 'max_links': 4, 'total_elems': 16596, 'total_shapes': 1518, 'total_links': 390, 'num_tensors': 98}
2026-08-26 14:41:10,169 [INFO] [3R/2192](swap: 17, u: 0 | c_u: 1 | t_u_l: 19/992 | t_u_r: 10/992 | t_u: 29/1984) -> {'max_bond': 32, 'max_links': 4, 'total_elems': 22444, 'total_shapes': 1740, 'total_links': 390, 'num_tensors': 98}
2026-08-26 14:41:10,251 [INFO] [4L/2578](swap: 17, u: 0 | c_u: 1 | t_u_l: 19/992 | t_u_r: 10/992 | t_u: 29/1984) -> {'max_bond': 32, 'max_links': 4, 'total_elems': 36040, 'total_shapes': 2072, 'total_links': 390, 'num_tensors': 98}
2026-08-26 14:41:10,338 [INFO] [4R/2192](swap: 14, u: 0 | c_u: 1 | t_u_l: 19/992 | t_u_r: 10/992 | t_u: 29/1984) -> {'max_bond': 64, 'max_links': 4, 'total_elems': 56744, 'total_shapes': 2434, 'total_links': 390, 'num_tensors': 98}
2026-08-26 14:41:10,442 [INFO] [5R/2192](swap: 15, u: 1 | c_u: 2 | t_u_l: 19/992 | t_u_r: 11/992 | t_u: 30/1984) -> {'max_bond': 64, 'max_links': 4, 'total_elems': 85864, 'total_shapes': 2794, 'total_links': 390, 'num_tensors': 98}
2026-08-26 14:41:10,581 [INFO] [5L/2578](swap: 16, u: 0 | c_u: 2 | t_u_l: 19/992 | t_u_r: 11/992 | t_u: 30/1984) -> {'max_bond': 128, 'max_links': 4, 'total_elems': 151464, 'total_shapes': 3538, 'total_links': 390, 'num_tensors': 98}
2026-08-26 14:41:10,796 [INFO] [6L/2578](swap: 13, u: 1 | c_u: 3 | t_u_l: 20/992 | t_u_r: 11/992 | t_u: 31/1984) -> {'max_bond': 128, 'max_links': 4, 'total_elems': 258344, 'total_shapes': 4418, 'total_links': 390, 'num_tensors': 98}
2026-08-26 14:41:11,094 [INFO] [7L/2578](swap: 15, u: 0 | c_u: 3 | t_u_l: 20/992 | t_u_r: 11/992 | t_u: 31/1984) -> {'max_bond': 128, 'max_links': 4, 'total_elems': 310176, 'total_shapes': 4854, 'total_links': 390, 'num_tensors': 98}
2026-08-26 14:41:11,443 [INFO] [8L/2578](swap: 16, u: 0 | c_u: 3 | t_u_l: 20/992 | t_u_r: 11/992 | t_u: 31/1984) -> {'max_bond': 128, 'max_links': 4, 'total_elems': 463452, 'total_shapes': 5728, 'total_links': 390, 'num_tensors': 98}
2026-08-26 14:41:12,059 [INFO] [6R/2192](swap: 15, u: 0 | c_u: 3 | t_u_l: 20/992 | t_u_r: 11/992 | t_u: 31/1984) -> {'max_bond': 256, 'max_links': 4, 'total_elems': 730716, 'total_shapes': 6792, 'total_links': 390, 'num_tensors': 98}
2026-08-26 14:41:13,561 [INFO]     [start unswap] -> {'max_bond': 256, 'max_links': 4, 'total_elems': 730716, 'total_shapes': 6792, 'total_links': 390, 'num_tensors': 98}
2026-08-26 14:41:19,865 [INFO]     [0 | both | 0](candidate_pairs: 49/49 | new_swaps: 11 | total: 11) -> {'max_bond': 256, 'max_links': 4, 'total_elems': 844728, 'total_shapes': 6602, 'total_links': 390, 'num_tensors': 98}
2026-08-26 14:41:23,402 [INFO]     [0 | both | 1](candidate_pairs: 48/48 | new_swaps: 22 | total: 33) -> {'max_bond': 256, 'max_links': 4, 'total_elems': 373948, 'total_shapes': 4798, 'total_links': 390, 'num_tensors': 98}
2026-08-26 14:41:23,994 [INFO]     [0 | left | 0](candidate_pairs: 49/49 | new_swaps: 21 | total: 54) -> {'max_bond': 128, 'max_links': 4, 'total_elems': 230504, 'total_shapes': 3874, 'total_links': 390, 'num_tensors': 98}
2026-08-26 14:41:24,597 [INFO]     [0 | left | 1](candidate_pairs: 48/48 | new_swaps: 24 | total: 78) -> {'max_bond': 128, 'max_links': 4, 'total_elems': 115144, 'total_shapes': 3018, 'total_links': 390, 'num_tensors': 98}
2026-08-26 14:41:24,747 [INFO]     [0 | right | 0](candidate_pairs: 49/49 | new_swaps: 14 | total: 92) -> {'max_bond': 32, 'max_links': 4, 'total_elems': 59440, 'total_shapes': 2276, 'total_links': 390, 'num_tensors': 98}
2026-08-26 14:41:24,856 [INFO]     [0 | right | 1](candidate_pairs: 48/48 | new_swaps: 10 | total: 102) -> {'max_bond': 32, 'max_links': 4, 'total_elems': 43520, 'total_shapes': 2040, 'total_links': 390, 'num_tensors': 98}
2026-08-26 14:41:25,034 [INFO]     [1 | both | 0](candidate_pairs: 49/49 | new_swaps: 14 | total: 14) -> {'max_bond': 32, 'max_links': 4, 'total_elems': 31256, 'total_shapes': 1772, 'total_links': 390, 'num_tensors': 98}
2026-08-26 14:41:25,188 [INFO]     [1 | both | 1](candidate_pairs: 48/48 | new_swaps: 12 | total: 26) -> {'max_bond': 32, 'max_links': 4, 'total_elems': 25392, 'total_shapes': 1588, 'total_links': 390, 'num_tensors': 98}
2026-08-26 14:41:25,272 [INFO]     [1 | left | 0](candidate_pairs: 49/49 | new_swaps: 10 | total: 36) -> {'max_bond': 32, 'max_links': 4, 'total_elems': 21880, 'total_shapes': 1472, 'total_links': 390, 'num_tensors': 98}
2026-08-26 14:41:25,355 [INFO]     [1 | left | 1](candidate_pairs: 48/48 | new_swaps: 6 | total: 42) -> {'max_bond': 32, 'max_links': 4, 'total_elems': 17440, 'total_shapes': 1392, 'total_links': 390, 'num_tensors': 98}
2026-08-26 14:41:25,431 [INFO]     [1 | right | 0](candidate_pairs: 49/49 | new_swaps: 9 | total: 51) -> {'max_bond': 16, 'max_links': 4, 'total_elems': 13316, 'total_shapes': 1286, 'total_links': 390, 'num_tensors': 98}
2026-08-26 14:41:25,502 [INFO]     [1 | right | 1](candidate_pairs: 48/48 | new_swaps: 6 | total: 57) -> {'max_bond': 16, 'max_links': 4, 'total_elems': 11908, 'total_shapes': 1232, 'total_links': 390, 'num_tensors': 98}
2026-08-26 14:41:25,635 [INFO]     [2 | both | 0](candidate_pairs: 49/49 | new_swaps: 10 | total: 10) -> {'max_bond': 16, 'max_links': 4, 'total_elems': 11120, 'total_shapes': 1170, 'total_links': 390, 'num_tensors': 98}
2026-08-26 14:41:25,768 [INFO]     [2 | both | 1](candidate_pairs: 48/48 | new_swaps: 13 | total: 23) -> {'max_bond': 16, 'max_links': 4, 'total_elems': 7020, 'total_shapes': 1044, 'total_links': 390, 'num_tensors': 98}
2026-08-26 14:41:25,838 [INFO]     [2 | left | 0](candidate_pairs: 49/49 | new_swaps: 6 | total: 29) -> {'max_bond': 16, 'max_links': 4, 'total_elems': 5076, 'total_shapes': 984, 'total_links': 390, 'num_tensors': 98}
2026-08-26 14:41:25,904 [INFO]     [2 | left | 1](candidate_pairs: 48/48 | new_swaps: 3 | total: 32) -> {'max_bond': 8, 'max_links': 4, 'total_elems': 4212, 'total_shapes': 948, 'total_links': 390, 'num_tensors': 98}
2026-08-26 14:41:25,967 [INFO]     [2 | right | 0](candidate_pairs: 49/49 | new_swaps: 1 | total: 33) -> {'max_bond': 8, 'max_links': 4, 'total_elems': 4164, 'total_shapes': 944, 'total_links': 390, 'num_tensors': 98}
2026-08-26 14:41:26,031 [INFO]     [2 | right | 1](candidate_pairs: 48/48 | new_swaps: 1 | total: 34) -> {'max_bond': 8, 'max_links': 4, 'total_elems': 4116, 'total_shapes': 940, 'total_links': 390, 'num_tensors': 98}
2026-08-26 14:41:26,151 [INFO]     [3 | both | 0](candidate_pairs: 49/49 | new_swaps: 9 | total: 9) -> {'max_bond': 8, 'max_links': 4, 'total_elems': 3308, 'total_shapes': 892, 'total_links': 390, 'num_tensors': 98}
2026-08-26 14:41:26,268 [INFO]     [3 | both | 1](candidate_pairs: 48/48 | new_swaps: 5 | total: 14) -> {'max_bond': 8, 'max_links': 4, 'total_elems': 2924, 'total_shapes': 866, 'total_links': 390, 'num_tensors': 98}
2026-08-26 14:41:26,321 [INFO]     [3 | left | 0](candidate_pairs: 49/49 | new_swaps: 1 | total: 15) -> {'max_bond': 8, 'max_links': 4, 'total_elems': 2796, 'total_shapes': 858, 'total_links': 390, 'num_tensors': 98}
2026-08-26 14:41:26,386 [INFO]     [3 | left | 1](candidate_pairs: 48/48 | new_swaps: 1 | total: 16) -> {'max_bond': 8, 'max_links': 4, 'total_elems': 2772, 'total_shapes': 852, 'total_links': 390, 'num_tensors': 98}
2026-08-26 14:41:26,448 [INFO]     [3 | right | 0](candidate_pairs: 49/49 | new_swaps: 1 | total: 17) -> {'max_bond': 8, 'max_links': 4, 'total_elems': 2724, 'total_shapes': 848, 'total_links': 390, 'num_tensors': 98}
2026-08-26 14:41:26,499 [INFO]     [3 | right | 1](candidate_pairs: 48/48 | new_swaps: 1 | total: 18) -> {'max_bond': 8, 'max_links': 4, 'total_elems': 2676, 'total_shapes': 844, 'total_links': 390, 'num_tensors': 98}
2026-08-26 14:41:26,553 [INFO]     [4 | both | 0](candidate_pairs: 49/49 | new_swaps: 0 | total: 0) -> {'max_bond': 8, 'max_links': 4, 'total_elems': 2676, 'total_shapes': 844, 'total_links': 390, 'num_tensors': 98}
2026-08-26 14:41:26,606 [INFO]     [4 | both | 1](candidate_pairs: 48/48 | new_swaps: 0 | total: 0) -> {'max_bond': 8, 'max_links': 4, 'total_elems': 2676, 'total_shapes': 844, 'total_links': 390, 'num_tensors': 98}
2026-08-26 14:41:26,634 [INFO]     [4 | left | 0](candidate_pairs: 49/49 | new_swaps: 0 | total: 0) -> {'max_bond': 8, 'max_links': 4, 'total_elems': 2676, 'total_shapes': 844, 'total_links': 390, 'num_tensors': 98}
2026-08-26 14:41:26,663 [INFO]     [4 | left | 1](candidate_pairs: 48/48 | new_swaps: 0 | total: 0) -> {'max_bond': 8, 'max_links': 4, 'total_elems': 2676, 'total_shapes': 844, 'total_links': 390, 'num_tensors': 98}
2026-08-26 14:41:26,715 [INFO]     [4 | right | 0](candidate_pairs: 49/49 | new_swaps: 1 | total: 1) -> {'max_bond': 8, 'max_links': 4, 'total_elems': 2628, 'total_shapes': 840, 'total_links': 390, 'num_tensors': 98}
2026-08-26 14:41:26,766 [INFO]     [4 | right | 1](candidate_pairs: 48/48 | new_swaps: 1 | total: 2) -> {'max_bond': 8, 'max_links': 4, 'total_elems': 2580, 'total_shapes': 836, 'total_links': 390, 'num_tensors': 98}
2026-08-26 14:41:26,820 [INFO]     [5 | both | 0](candidate_pairs: 49/49 | new_swaps: 0 | total: 0) -> {'max_bond': 8, 'max_links': 4, 'total_elems': 2580, 'total_shapes': 836, 'total_links': 390, 'num_tensors': 98}
2026-08-26 14:41:26,873 [INFO]     [5 | both | 1](candidate_pairs: 48/48 | new_swaps: 0 | total: 0) -> {'max_bond': 8, 'max_links': 4, 'total_elems': 2580, 'total_shapes': 836, 'total_links': 390, 'num_tensors': 98}
2026-08-26 14:41:26,901 [INFO]     [5 | left | 0](candidate_pairs: 49/49 | new_swaps: 0 | total: 0) -> {'max_bond': 8, 'max_links': 4, 'total_elems': 2580, 'total_shapes': 836, 'total_links': 390, 'num_tensors': 98}
2026-08-26 14:41:26,929 [INFO]     [5 | left | 1](candidate_pairs: 48/48 | new_swaps: 0 | total: 0) -> {'max_bond': 8, 'max_links': 4, 'total_elems': 2580, 'total_shapes': 836, 'total_links': 390, 'num_tensors': 98}
2026-08-26 14:41:26,956 [INFO]     [5 | right | 0](candidate_pairs: 49/49 | new_swaps: 0 | total: 0) -> {'max_bond': 8, 'max_links': 4, 'total_elems': 2580, 'total_shapes': 836, 'total_links': 390, 'num_tensors': 98}
2026-08-26 14:41:26,983 [INFO]     [5 | right | 1](candidate_pairs: 48/48 | new_swaps: 0 | total: 0) -> {'max_bond': 8, 'max_links': 4, 'total_elems': 2580, 'total_shapes': 836, 'total_links': 390, 'num_tensors': 98}
2026-08-26 14:41:26,983 [INFO]     [end unswap] -> {'max_bond': 8, 'max_links': 4, 'total_elems': 2580, 'total_shapes': 836, 'total_links': 390, 'num_tensors': 98}
2026-08-26 14:41:26,985 [INFO] [start rewire](phase=post_unswap, cycle=10, side=left, layers=2572, trials=20, seed=123, parallel=False, route_candidates=2, route_score=lookahead_total)
2026-08-26 14:41:33,165 [INFO] [end rewire](phase=post_unswap, cycle=10, side=left, routed_layers=2612, elapsed_s=6.18)
2026-08-26 14:41:33,165 [INFO] [start rewire](phase=post_unswap, cycle=10, side=right, layers=2188, trials=20, seed=123, parallel=False, route_candidates=2, route_score=lookahead_total)
2026-08-26 14:41:38,870 [INFO] [end rewire](phase=post_unswap, cycle=10, side=right, routed_layers=2260, elapsed_s=5.71)
[Cycle 10] 31/1984 gates (1.6 %) after 407 sec
2026-08-26 14:41:38,987 [INFO] [1L/2610](swap: 20, u: 0 | c_u: 0 | t_u_l: 20/992 | t_u_r: 11/992 | t_u: 31/1984) -> {'max_bond': 8, 'max_links': 4, 'total_elems': 2580, 'total_shapes': 836, 'total_links': 390, 'num_tensors': 98}
2026-08-26 14:41:39,062 [INFO] [2L/2610](swap: 23, u: 0 | c_u: 0 | t_u_l: 20/992 | t_u_r: 11/992 | t_u: 31/1984) -> {'max_bond': 16, 'max_links': 4, 'total_elems': 4508, 'total_shapes': 1030, 'total_links': 390, 'num_tensors': 98}
2026-08-26 14:41:39,139 [INFO] [1R/2258](swap: 21, u: 0 | c_u: 0 | t_u_l: 20/992 | t_u_r: 11/992 | t_u: 31/1984) -> {'max_bond': 16, 'max_links': 4, 'total_elems': 7120, 'total_shapes': 1162, 'total_links': 390, 'num_tensors': 98}
2026-08-26 14:41:39,219 [INFO] [2R/2258](swap: 23, u: 0 | c_u: 0 | t_u_l: 20/992 | t_u_r: 11/992 | t_u: 31/1984) -> {'max_bond': 32, 'max_links': 4, 'total_elems': 13912, 'total_shapes': 1434, 'total_links': 390, 'num_tensors': 98}
2026-08-26 14:41:39,301 [INFO] [3L/2610](swap: 20, u: 1 | c_u: 1 | t_u_l: 21/992 | t_u_r: 11/992 | t_u: 32/1984) -> {'max_bond': 32, 'max_links': 4, 'total_elems': 25312, 'total_shapes': 1752, 'total_links': 390, 'num_tensors': 98}
2026-08-26 14:41:39,388 [INFO] [3R/2258](swap: 22, u: 0 | c_u: 1 | t_u_l: 21/992 | t_u_r: 11/992 | t_u: 32/1984) -> {'max_bond': 64, 'max_links': 4, 'total_elems': 44828, 'total_shapes': 2208, 'total_links': 390, 'num_tensors': 98}
2026-08-26 14:41:39,488 [INFO] [4L/2610](swap: 18, u: 0 | c_u: 1 | t_u_l: 21/992 | t_u_r: 11/992 | t_u: 32/1984) -> {'max_bond': 64, 'max_links': 4, 'total_elems': 90540, 'total_shapes': 2740, 'total_links': 390, 'num_tensors': 98}
2026-08-26 14:41:39,629 [INFO] [5L/2610](swap: 13, u: 0 | c_u: 1 | t_u_l: 21/992 | t_u_r: 11/992 | t_u: 32/1984) -> {'max_bond': 128, 'max_links': 4, 'total_elems': 151060, 'total_shapes': 3376, 'total_links': 390, 'num_tensors': 98}
2026-08-26 14:41:39,808 [INFO] [6L/2610](swap: 13, u: 0 | c_u: 1 | t_u_l: 21/992 | t_u_r: 11/992 | t_u: 32/1984) -> {'max_bond': 128, 'max_links': 4, 'total_elems': 176252, 'total_shapes': 3612, 'total_links': 390, 'num_tensors': 98}
2026-08-26 14:41:39,995 [INFO] [7L/2610](swap: 11, u: 0 | c_u: 1 | t_u_l: 21/992 | t_u_r: 11/992 | t_u: 32/1984) -> {'max_bond': 128, 'max_links': 4, 'total_elems': 211740, 'total_shapes': 4010, 'total_links': 390, 'num_tensors': 98}
2026-08-26 14:41:40,240 [INFO] [8L/2610](swap: 10, u: 0 | c_u: 1 | t_u_l: 21/992 | t_u_r: 11/992 | t_u: 32/1984) -> {'max_bond': 128, 'max_links': 4, 'total_elems': 265124, 'total_shapes': 4390, 'total_links': 390, 'num_tensors': 98}
2026-08-26 14:41:40,583 [INFO] [9L/2610](swap: 11, u: 0 | c_u: 1 | t_u_l: 21/992 | t_u_r: 11/992 | t_u: 32/1984) -> {'max_bond': 64, 'max_links': 4, 'total_elems': 263524, 'total_shapes': 4486, 'total_links': 390, 'num_tensors': 98}
2026-08-26 14:41:40,864 [INFO] [10L/2610](swap: 11, u: 0 | c_u: 1 | t_u_l: 21/992 | t_u_r: 11/992 | t_u: 32/1984) -> {'max_bond': 128, 'max_links': 4, 'total_elems': 343332, 'total_shapes': 5046, 'total_links': 390, 'num_tensors': 98}
2026-08-26 14:41:41,236 [INFO] [11L/2610](swap: 10, u: 1 | c_u: 2 | t_u_l: 22/992 | t_u_r: 11/992 | t_u: 33/1984) -> {'max_bond': 256, 'max_links': 4, 'total_elems': 519268, 'total_shapes': 5966, 'total_links': 390, 'num_tensors': 98}
2026-08-26 14:41:41,881 [INFO] [12L/2610](swap: 11, u: 0 | c_u: 2 | t_u_l: 22/992 | t_u_r: 11/992 | t_u: 33/1984) -> {'max_bond': 256, 'max_links': 4, 'total_elems': 579812, 'total_shapes': 6430, 'total_links': 390, 'num_tensors': 98}
2026-08-26 14:41:42,496 [INFO] [13L/2610](swap: 10, u: 2 | c_u: 4 | t_u_l: 24/992 | t_u_r: 11/992 | t_u: 35/1984) -> {'max_bond': 256, 'max_links': 4, 'total_elems': 713700, 'total_shapes': 7230, 'total_links': 390, 'num_tensors': 98}
2026-08-26 14:41:43,261 [INFO] [14L/2610](swap: 11, u: 1 | c_u: 5 | t_u_l: 25/992 | t_u_r: 11/992 | t_u: 36/1984) -> {'max_bond': 256, 'max_links': 4, 'total_elems': 887012, 'total_shapes': 7918, 'total_links': 390, 'num_tensors': 98}
2026-08-26 14:41:44,200 [INFO]     [start unswap] -> {'max_bond': 256, 'max_links': 4, 'total_elems': 887012, 'total_shapes': 7918, 'total_links': 390, 'num_tensors': 98}
2026-08-26 14:41:55,716 [INFO]     [0 | both | 0](candidate_pairs: 49/49 | new_swaps: 8 | total: 8) -> {'max_bond': 256, 'max_links': 4, 'total_elems': 1166756, 'total_shapes': 8522, 'total_links': 390, 'num_tensors': 98}
2026-08-26 14:41:59,997 [INFO]     [0 | both | 1](candidate_pairs: 48/48 | new_swaps: 18 | total: 26) -> {'max_bond': 128, 'max_links': 4, 'total_elems': 599748, 'total_shapes': 6442, 'total_links': 390, 'num_tensors': 98}
2026-08-26 14:42:01,075 [INFO]     [0 | left | 0](candidate_pairs: 49/49 | new_swaps: 18 | total: 44) -> {'max_bond': 64, 'max_links': 4, 'total_elems': 368192, 'total_shapes': 5244, 'total_links': 390, 'num_tensors': 98}
2026-08-26 14:42:01,596 [INFO]     [0 | left | 1](candidate_pairs: 48/48 | new_swaps: 15 | total: 59) -> {'max_bond': 64, 'max_links': 4, 'total_elems': 276252, 'total_shapes': 4480, 'total_links': 390, 'num_tensors': 98}
2026-08-26 14:42:01,967 [INFO]     [0 | right | 0](candidate_pairs: 49/49 | new_swaps: 10 | total: 69) -> {'max_bond': 64, 'max_links': 4, 'total_elems': 241256, 'total_shapes': 4126, 'total_links': 390, 'num_tensors': 98}
2026-08-26 14:42:02,271 [INFO]     [0 | right | 1](candidate_pairs: 48/48 | new_swaps: 9 | total: 78) -> {'max_bond': 64, 'max_links': 4, 'total_elems': 185452, 'total_shapes': 3736, 'total_links': 390, 'num_tensors': 98}
2026-08-26 14:42:02,856 [INFO]     [1 | both | 0](candidate_pairs: 49/49 | new_swaps: 11 | total: 11) -> {'max_bond': 64, 'max_links': 4, 'total_elems': 130800, 'total_shapes': 3146, 'total_links': 390, 'num_tensors': 98}
2026-08-26 14:42:03,228 [INFO]     [1 | both | 1](candidate_pairs: 48/48 | new_swaps: 16 | total: 27) -> {'max_bond': 64, 'max_links': 4, 'total_elems': 82968, 'total_shapes': 2622, 'total_links': 390, 'num_tensors': 98}
2026-08-26 14:42:03,355 [INFO]     [1 | left | 0](candidate_pairs: 49/49 | new_swaps: 12 | total: 39) -> {'max_bond': 64, 'max_links': 4, 'total_elems': 64196, 'total_shapes': 2346, 'total_links': 390, 'num_tensors': 98}
2026-08-26 14:42:03,475 [INFO]     [1 | left | 1](candidate_pairs: 48/48 | new_swaps: 10 | total: 49) -> {'max_bond': 32, 'max_links': 4, 'total_elems': 50896, 'total_shapes': 2122, 'total_links': 390, 'num_tensors': 98}
2026-08-26 14:42:03,568 [INFO]     [1 | right | 0](candidate_pairs: 49/49 | new_swaps: 5 | total: 54) -> {'max_bond': 32, 'max_links': 4, 'total_elems': 46776, 'total_shapes': 2040, 'total_links': 390, 'num_tensors': 98}
2026-08-26 14:42:03,668 [INFO]     [1 | right | 1](candidate_pairs: 48/48 | new_swaps: 3 | total: 57) -> {'max_bond': 32, 'max_links': 4, 'total_elems': 41592, 'total_shapes': 1984, 'total_links': 390, 'num_tensors': 98}
2026-08-26 14:42:03,854 [INFO]     [2 | both | 0](candidate_pairs: 49/49 | new_swaps: 18 | total: 18) -> {'max_bond': 32, 'max_links': 4, 'total_elems': 26904, 'total_shapes': 1692, 'total_links': 390, 'num_tensors': 98}
2026-08-26 14:42:04,000 [INFO]     [2 | both | 1](candidate_pairs: 48/48 | new_swaps: 13 | total: 31) -> {'max_bond': 32, 'max_links': 4, 'total_elems': 21084, 'total_shapes': 1510, 'total_links': 390, 'num_tensors': 98}
2026-08-26 14:42:04,078 [INFO]     [2 | left | 0](candidate_pairs: 49/49 | new_swaps: 6 | total: 37) -> {'max_bond': 32, 'max_links': 4, 'total_elems': 18992, 'total_shapes': 1444, 'total_links': 390, 'num_tensors': 98}
2026-08-26 14:42:04,154 [INFO]     [2 | left | 1](candidate_pairs: 48/48 | new_swaps: 5 | total: 42) -> {'max_bond': 32, 'max_links': 4, 'total_elems': 17204, 'total_shapes': 1390, 'total_links': 390, 'num_tensors': 98}
2026-08-26 14:42:04,214 [INFO]     [2 | right | 0](candidate_pairs: 49/49 | new_swaps: 1 | total: 43) -> {'max_bond': 32, 'max_links': 4, 'total_elems': 17076, 'total_shapes': 1382, 'total_links': 390, 'num_tensors': 98}
2026-08-26 14:42:04,285 [INFO]     [2 | right | 1](candidate_pairs: 48/48 | new_swaps: 1 | total: 44) -> {'max_bond': 16, 'max_links': 4, 'total_elems': 15028, 'total_shapes': 1350, 'total_links': 390, 'num_tensors': 98}
2026-08-26 14:42:04,417 [INFO]     [3 | both | 0](candidate_pairs: 49/49 | new_swaps: 6 | total: 6) -> {'max_bond': 16, 'max_links': 4, 'total_elems': 12856, 'total_shapes': 1288, 'total_links': 390, 'num_tensors': 98}
2026-08-26 14:42:04,543 [INFO]     [3 | both | 1](candidate_pairs: 48/48 | new_swaps: 4 | total: 10) -> {'max_bond': 16, 'max_links': 4, 'total_elems': 11852, 'total_shapes': 1238, 'total_links': 390, 'num_tensors': 98}
2026-08-26 14:42:04,576 [INFO]     [3 | left | 0](candidate_pairs: 49/49 | new_swaps: 0 | total: 10) -> {'max_bond': 16, 'max_links': 4, 'total_elems': 11852, 'total_shapes': 1238, 'total_links': 390, 'num_tensors': 98}
2026-08-26 14:42:04,647 [INFO]     [3 | left | 1](candidate_pairs: 48/48 | new_swaps: 2 | total: 12) -> {'max_bond': 16, 'max_links': 4, 'total_elems': 11340, 'total_shapes': 1222, 'total_links': 390, 'num_tensors': 98}
2026-08-26 14:42:04,718 [INFO]     [3 | right | 0](candidate_pairs: 49/49 | new_swaps: 2 | total: 14) -> {'max_bond': 16, 'max_links': 4, 'total_elems': 10460, 'total_shapes': 1194, 'total_links': 390, 'num_tensors': 98}
2026-08-26 14:42:04,786 [INFO]     [3 | right | 1](candidate_pairs: 48/48 | new_swaps: 3 | total: 17) -> {'max_bond': 16, 'max_links': 4, 'total_elems': 9628, 'total_shapes': 1162, 'total_links': 390, 'num_tensors': 98}
2026-08-26 14:42:06,224 [INFO]     [4 | both | 0](candidate_pairs: 49/49 | new_swaps: 4 | total: 4) -> {'max_bond': 16, 'max_links': 4, 'total_elems': 8964, 'total_shapes': 1130, 'total_links': 390, 'num_tensors': 98}
2026-08-26 14:42:06,334 [INFO]     [4 | both | 1](candidate_pairs: 48/48 | new_swaps: 1 | total: 5) -> {'max_bond': 16, 'max_links': 4, 'total_elems': 8772, 'total_shapes': 1122, 'total_links': 390, 'num_tensors': 98}
2026-08-26 14:42:06,365 [INFO]     [4 | left | 0](candidate_pairs: 49/49 | new_swaps: 0 | total: 5) -> {'max_bond': 16, 'max_links': 4, 'total_elems': 8772, 'total_shapes': 1122, 'total_links': 390, 'num_tensors': 98}
2026-08-26 14:42:06,433 [INFO]     [4 | left | 1](candidate_pairs: 48/48 | new_swaps: 2 | total: 7) -> {'max_bond': 16, 'max_links': 4, 'total_elems': 8340, 'total_shapes': 1102, 'total_links': 390, 'num_tensors': 98}
2026-08-26 14:42:06,500 [INFO]     [4 | right | 0](candidate_pairs: 49/49 | new_swaps: 2 | total: 9) -> {'max_bond': 16, 'max_links': 4, 'total_elems': 8084, 'total_shapes': 1082, 'total_links': 390, 'num_tensors': 98}
2026-08-26 14:42:06,566 [INFO]     [4 | right | 1](candidate_pairs: 48/48 | new_swaps: 1 | total: 10) -> {'max_bond': 16, 'max_links': 4, 'total_elems': 8036, 'total_shapes': 1078, 'total_links': 390, 'num_tensors': 98}
2026-08-26 14:42:06,629 [INFO]     [5 | both | 0](candidate_pairs: 49/49 | new_swaps: 0 | total: 0) -> {'max_bond': 16, 'max_links': 4, 'total_elems': 8036, 'total_shapes': 1078, 'total_links': 390, 'num_tensors': 98}
2026-08-26 14:42:06,739 [INFO]     [5 | both | 1](candidate_pairs: 48/48 | new_swaps: 1 | total: 1) -> {'max_bond': 16, 'max_links': 4, 'total_elems': 7844, 'total_shapes': 1070, 'total_links': 390, 'num_tensors': 98}
2026-08-26 14:42:06,770 [INFO]     [5 | left | 0](candidate_pairs: 49/49 | new_swaps: 0 | total: 1) -> {'max_bond': 16, 'max_links': 4, 'total_elems': 7844, 'total_shapes': 1070, 'total_links': 390, 'num_tensors': 98}
2026-08-26 14:42:06,801 [INFO]     [5 | left | 1](candidate_pairs: 48/48 | new_swaps: 0 | total: 1) -> {'max_bond': 16, 'max_links': 4, 'total_elems': 7844, 'total_shapes': 1070, 'total_links': 390, 'num_tensors': 98}
2026-08-26 14:42:06,855 [INFO]     [5 | right | 0](candidate_pairs: 49/49 | new_swaps: 1 | total: 2) -> {'max_bond': 16, 'max_links': 4, 'total_elems': 7524, 'total_shapes': 1062, 'total_links': 390, 'num_tensors': 98}
2026-08-26 14:42:06,887 [INFO]     [5 | right | 1](candidate_pairs: 48/48 | new_swaps: 0 | total: 2) -> {'max_bond': 16, 'max_links': 4, 'total_elems': 7524, 'total_shapes': 1062, 'total_links': 390, 'num_tensors': 98}
2026-08-26 14:42:06,948 [INFO]     [6 | both | 0](candidate_pairs: 49/49 | new_swaps: 0 | total: 0) -> {'max_bond': 16, 'max_links': 4, 'total_elems': 7524, 'total_shapes': 1062, 'total_links': 390, 'num_tensors': 98}
2026-08-26 14:42:07,068 [INFO]     [6 | both | 1](candidate_pairs: 48/48 | new_swaps: 1 | total: 1) -> {'max_bond': 16, 'max_links': 4, 'total_elems': 6884, 'total_shapes': 1046, 'total_links': 390, 'num_tensors': 98}
2026-08-26 14:42:07,098 [INFO]     [6 | left | 0](candidate_pairs: 49/49 | new_swaps: 0 | total: 1) -> {'max_bond': 16, 'max_links': 4, 'total_elems': 6884, 'total_shapes': 1046, 'total_links': 390, 'num_tensors': 98}
2026-08-26 14:42:07,128 [INFO]     [6 | left | 1](candidate_pairs: 48/48 | new_swaps: 0 | total: 1) -> {'max_bond': 16, 'max_links': 4, 'total_elems': 6884, 'total_shapes': 1046, 'total_links': 390, 'num_tensors': 98}
2026-08-26 14:42:07,194 [INFO]     [6 | right | 0](candidate_pairs: 49/49 | new_swaps: 1 | total: 2) -> {'max_bond': 16, 'max_links': 4, 'total_elems': 6116, 'total_shapes': 1022, 'total_links': 390, 'num_tensors': 98}
2026-08-26 14:42:07,224 [INFO]     [6 | right | 1](candidate_pairs: 48/48 | new_swaps: 0 | total: 2) -> {'max_bond': 16, 'max_links': 4, 'total_elems': 6116, 'total_shapes': 1022, 'total_links': 390, 'num_tensors': 98}
2026-08-26 14:42:07,283 [INFO]     [7 | both | 0](candidate_pairs: 49/49 | new_swaps: 0 | total: 0) -> {'max_bond': 16, 'max_links': 4, 'total_elems': 6116, 'total_shapes': 1022, 'total_links': 390, 'num_tensors': 98}
2026-08-26 14:42:07,390 [INFO]     [7 | both | 1](candidate_pairs: 48/48 | new_swaps: 1 | total: 1) -> {'max_bond': 16, 'max_links': 4, 'total_elems': 5924, 'total_shapes': 1014, 'total_links': 390, 'num_tensors': 98}
2026-08-26 14:42:07,420 [INFO]     [7 | left | 0](candidate_pairs: 49/49 | new_swaps: 0 | total: 1) -> {'max_bond': 16, 'max_links': 4, 'total_elems': 5924, 'total_shapes': 1014, 'total_links': 390, 'num_tensors': 98}
2026-08-26 14:42:07,450 [INFO]     [7 | left | 1](candidate_pairs: 48/48 | new_swaps: 0 | total: 1) -> {'max_bond': 16, 'max_links': 4, 'total_elems': 5924, 'total_shapes': 1014, 'total_links': 390, 'num_tensors': 98}
2026-08-26 14:42:07,480 [INFO]     [7 | right | 0](candidate_pairs: 49/49 | new_swaps: 0 | total: 1) -> {'max_bond': 16, 'max_links': 4, 'total_elems': 5924, 'total_shapes': 1014, 'total_links': 390, 'num_tensors': 98}
2026-08-26 14:42:07,509 [INFO]     [7 | right | 1](candidate_pairs: 48/48 | new_swaps: 0 | total: 1) -> {'max_bond': 16, 'max_links': 4, 'total_elems': 5924, 'total_shapes': 1014, 'total_links': 390, 'num_tensors': 98}
2026-08-26 14:42:07,568 [INFO]     [8 | both | 0](candidate_pairs: 49/49 | new_swaps: 0 | total: 0) -> {'max_bond': 16, 'max_links': 4, 'total_elems': 5924, 'total_shapes': 1014, 'total_links': 390, 'num_tensors': 98}
2026-08-26 14:42:07,626 [INFO]     [8 | both | 1](candidate_pairs: 48/48 | new_swaps: 0 | total: 0) -> {'max_bond': 16, 'max_links': 4, 'total_elems': 5924, 'total_shapes': 1014, 'total_links': 390, 'num_tensors': 98}
2026-08-26 14:42:07,656 [INFO]     [8 | left | 0](candidate_pairs: 49/49 | new_swaps: 0 | total: 0) -> {'max_bond': 16, 'max_links': 4, 'total_elems': 5924, 'total_shapes': 1014, 'total_links': 390, 'num_tensors': 98}
2026-08-26 14:42:07,687 [INFO]     [8 | left | 1](candidate_pairs: 48/48 | new_swaps: 0 | total: 0) -> {'max_bond': 16, 'max_links': 4, 'total_elems': 5924, 'total_shapes': 1014, 'total_links': 390, 'num_tensors': 98}
2026-08-26 14:42:07,717 [INFO]     [8 | right | 0](candidate_pairs: 49/49 | new_swaps: 0 | total: 0) -> {'max_bond': 16, 'max_links': 4, 'total_elems': 5924, 'total_shapes': 1014, 'total_links': 390, 'num_tensors': 98}
2026-08-26 14:42:07,747 [INFO]     [8 | right | 1](candidate_pairs: 48/48 | new_swaps: 0 | total: 0) -> {'max_bond': 16, 'max_links': 4, 'total_elems': 5924, 'total_shapes': 1014, 'total_links': 390, 'num_tensors': 98}
2026-08-26 14:42:07,747 [INFO]     [end unswap] -> {'max_bond': 16, 'max_links': 4, 'total_elems': 5924, 'total_shapes': 1014, 'total_links': 390, 'num_tensors': 98}
2026-08-26 14:42:07,748 [INFO] [start rewire](phase=post_unswap, cycle=11, side=left, layers=2598, trials=20, seed=123, parallel=False, route_candidates=2, route_score=lookahead_total)
2026-08-26 14:42:13,212 [INFO] [end rewire](phase=post_unswap, cycle=11, side=left, routed_layers=2400, elapsed_s=5.46)
2026-08-26 14:42:13,212 [INFO] [start rewire](phase=post_unswap, cycle=11, side=right, layers=2257, trials=20, seed=123, parallel=False, route_candidates=2, route_score=lookahead_total)
2026-08-26 14:42:20,798 [INFO] [end rewire](phase=post_unswap, cycle=11, side=right, routed_layers=2211, elapsed_s=7.59)
[Cycle 11] 36/1984 gates (1.8 %) after 449 sec
2026-08-26 14:42:20,919 [INFO] [1L/2398](swap: 17, u: 0 | c_u: 0 | t_u_l: 25/992 | t_u_r: 11/992 | t_u: 36/1984) -> {'max_bond': 16, 'max_links': 4, 'total_elems': 5924, 'total_shapes': 1014, 'total_links': 390, 'num_tensors': 98}
2026-08-26 14:42:20,997 [INFO] [2L/2398](swap: 17, u: 1 | c_u: 1 | t_u_l: 26/992 | t_u_r: 11/992 | t_u: 37/1984) -> {'max_bond': 16, 'max_links': 4, 'total_elems': 8496, 'total_shapes': 1182, 'total_links': 390, 'num_tensors': 98}
2026-08-26 14:42:21,075 [INFO] [1R/2209](swap: 20, u: 0 | c_u: 1 | t_u_l: 26/992 | t_u_r: 11/992 | t_u: 37/1984) -> {'max_bond': 16, 'max_links': 4, 'total_elems': 12320, 'total_shapes': 1362, 'total_links': 390, 'num_tensors': 98}
2026-08-26 14:42:21,155 [INFO] [3L/2398](swap: 20, u: 0 | c_u: 1 | t_u_l: 26/992 | t_u_r: 11/992 | t_u: 37/1984) -> {'max_bond': 16, 'max_links': 4, 'total_elems': 17172, 'total_shapes': 1546, 'total_links': 390, 'num_tensors': 98}
2026-08-26 14:42:21,240 [INFO] [2R/2209](swap: 22, u: 0 | c_u: 1 | t_u_l: 26/992 | t_u_r: 11/992 | t_u: 37/1984) -> {'max_bond': 16, 'max_links': 4, 'total_elems': 26240, 'total_shapes': 1848, 'total_links': 390, 'num_tensors': 98}
2026-08-26 14:42:21,328 [INFO] [4L/2398](swap: 19, u: 0 | c_u: 1 | t_u_l: 26/992 | t_u_r: 11/992 | t_u: 37/1984) -> {'max_bond': 32, 'max_links': 4, 'total_elems': 40576, 'total_shapes': 2172, 'total_links': 390, 'num_tensors': 98}
2026-08-26 14:42:21,436 [INFO] [5L/2398](swap: 18, u: 2 | c_u: 3 | t_u_l: 28/992 | t_u_r: 11/992 | t_u: 39/1984) -> {'max_bond': 64, 'max_links': 4, 'total_elems': 65072, 'total_shapes': 2592, 'total_links': 390, 'num_tensors': 98}
2026-08-26 14:42:21,553 [INFO] [6L/2398](swap: 19, u: 0 | c_u: 3 | t_u_l: 28/992 | t_u_r: 11/992 | t_u: 39/1984) -> {'max_bond': 64, 'max_links': 4, 'total_elems': 102896, 'total_shapes': 3140, 'total_links': 390, 'num_tensors': 98}
2026-08-26 14:42:21,701 [INFO] [7L/2398](swap: 15, u: 0 | c_u: 3 | t_u_l: 28/992 | t_u_r: 11/992 | t_u: 39/1984) -> {'max_bond': 64, 'max_links': 4, 'total_elems': 177584, 'total_shapes': 3868, 'total_links': 390, 'num_tensors': 98}
2026-08-26 14:42:21,886 [INFO] [8L/2398](swap: 13, u: 0 | c_u: 3 | t_u_l: 28/992 | t_u_r: 11/992 | t_u: 39/1984) -> {'max_bond': 64, 'max_links': 4, 'total_elems': 236920, 'total_shapes': 4568, 'total_links': 390, 'num_tensors': 98}
2026-08-26 14:42:22,113 [INFO] [9L/2398](swap: 14, u: 0 | c_u: 3 | t_u_l: 28/992 | t_u_r: 11/992 | t_u: 39/1984) -> {'max_bond': 64, 'max_links': 4, 'total_elems': 339256, 'total_shapes': 5328, 'total_links': 390, 'num_tensors': 98}
2026-08-26 14:42:22,504 [INFO] [3R/2209](swap: 20, u: 0 | c_u: 3 | t_u_l: 28/992 | t_u_r: 11/992 | t_u: 39/1984) -> {'max_bond': 128, 'max_links': 4, 'total_elems': 507252, 'total_shapes': 6310, 'total_links': 390, 'num_tensors': 98}
2026-08-26 14:42:23,210 [INFO] [4R/2209](swap: 20, u: 0 | c_u: 3 | t_u_l: 28/992 | t_u_r: 11/992 | t_u: 39/1984) -> {'max_bond': 256, 'max_links': 4, 'total_elems': 828912, 'total_shapes': 7780, 'total_links': 390, 'num_tensors': 98}
2026-08-26 14:42:24,448 [INFO]     [start unswap] -> {'max_bond': 256, 'max_links': 4, 'total_elems': 828912, 'total_shapes': 7780, 'total_links': 390, 'num_tensors': 98}
2026-08-26 14:42:30,653 [INFO]     [0 | both | 0](candidate_pairs: 49/49 | new_swaps: 10 | total: 10) -> {'max_bond': 256, 'max_links': 4, 'total_elems': 1136944, 'total_shapes': 8404, 'total_links': 390, 'num_tensors': 98}
2026-08-26 14:42:36,807 [INFO]     [0 | both | 1](candidate_pairs: 48/48 | new_swaps: 14 | total: 24) -> {'max_bond': 256, 'max_links': 4, 'total_elems': 493040, 'total_shapes': 6020, 'total_links': 390, 'num_tensors': 98}
2026-08-26 14:42:37,567 [INFO]     [0 | left | 0](candidate_pairs: 49/49 | new_swaps: 24 | total: 48) -> {'max_bond': 64, 'max_links': 4, 'total_elems': 230080, 'total_shapes': 4268, 'total_links': 390, 'num_tensors': 98}
2026-08-26 14:42:37,924 [INFO]     [0 | left | 1](candidate_pairs: 48/48 | new_swaps: 20 | total: 68) -> {'max_bond': 64, 'max_links': 4, 'total_elems': 143712, 'total_shapes': 3478, 'total_links': 390, 'num_tensors': 98}
2026-08-26 14:42:38,111 [INFO]     [0 | right | 0](candidate_pairs: 49/49 | new_swaps: 7 | total: 75) -> {'max_bond': 64, 'max_links': 4, 'total_elems': 122944, 'total_shapes': 3178, 'total_links': 390, 'num_tensors': 98}
2026-08-26 14:42:38,289 [INFO]     [0 | right | 1](candidate_pairs: 48/48 | new_swaps: 9 | total: 84) -> {'max_bond': 64, 'max_links': 4, 'total_elems': 94744, 'total_shapes': 2946, 'total_links': 390, 'num_tensors': 98}
2026-08-26 14:42:38,582 [INFO]     [1 | both | 0](candidate_pairs: 49/49 | new_swaps: 17 | total: 17) -> {'max_bond': 32, 'max_links': 4, 'total_elems': 66780, 'total_shapes': 2532, 'total_links': 390, 'num_tensors': 98}
2026-08-26 14:42:38,809 [INFO]     [1 | both | 1](candidate_pairs: 48/48 | new_swaps: 20 | total: 37) -> {'max_bond': 32, 'max_links': 4, 'total_elems': 42020, 'total_shapes': 2088, 'total_links': 390, 'num_tensors': 98}
2026-08-26 14:42:38,904 [INFO]     [1 | left | 0](candidate_pairs: 49/49 | new_swaps: 13 | total: 50) -> {'max_bond': 16, 'max_links': 4, 'total_elems': 31160, 'total_shapes': 1822, 'total_links': 390, 'num_tensors': 98}
2026-08-26 14:42:38,991 [INFO]     [1 | left | 1](candidate_pairs: 48/48 | new_swaps: 6 | total: 56) -> {'max_bond': 16, 'max_links': 4, 'total_elems': 27964, 'total_shapes': 1748, 'total_links': 390, 'num_tensors': 98}
2026-08-26 14:42:39,072 [INFO]     [1 | right | 0](candidate_pairs: 49/49 | new_swaps: 7 | total: 63) -> {'max_bond': 16, 'max_links': 4, 'total_elems': 24404, 'total_shapes': 1662, 'total_links': 390, 'num_tensors': 98}
2026-08-26 14:42:39,150 [INFO]     [1 | right | 1](candidate_pairs: 48/48 | new_swaps: 5 | total: 68) -> {'max_bond': 16, 'max_links': 4, 'total_elems': 22628, 'total_shapes': 1610, 'total_links': 390, 'num_tensors': 98}
2026-08-26 14:42:39,302 [INFO]     [2 | both | 0](candidate_pairs: 49/49 | new_swaps: 14 | total: 14) -> {'max_bond': 16, 'max_links': 4, 'total_elems': 17620, 'total_shapes': 1462, 'total_links': 390, 'num_tensors': 98}
2026-08-26 14:42:39,441 [INFO]     [2 | both | 1](candidate_pairs: 48/48 | new_swaps: 12 | total: 26) -> {'max_bond': 16, 'max_links': 4, 'total_elems': 13272, 'total_shapes': 1328, 'total_links': 390, 'num_tensors': 98}
2026-08-26 14:42:39,514 [INFO]     [2 | left | 0](candidate_pairs: 49/49 | new_swaps: 4 | total: 30) -> {'max_bond': 16, 'max_links': 4, 'total_elems': 11984, 'total_shapes': 1272, 'total_links': 390, 'num_tensors': 98}
2026-08-26 14:42:39,587 [INFO]     [2 | left | 1](candidate_pairs: 48/48 | new_swaps: 5 | total: 35) -> {'max_bond': 16, 'max_links': 4, 'total_elems': 10748, 'total_shapes': 1230, 'total_links': 390, 'num_tensors': 98}
2026-08-26 14:42:39,646 [INFO]     [2 | right | 0](candidate_pairs: 49/49 | new_swaps: 1 | total: 36) -> {'max_bond': 16, 'max_links': 4, 'total_elems': 10364, 'total_shapes': 1214, 'total_links': 390, 'num_tensors': 98}
2026-08-26 14:42:39,717 [INFO]     [2 | right | 1](candidate_pairs: 48/48 | new_swaps: 2 | total: 38) -> {'max_bond': 16, 'max_links': 4, 'total_elems': 10076, 'total_shapes': 1202, 'total_links': 390, 'num_tensors': 98}
2026-08-26 14:42:39,847 [INFO]     [3 | both | 0](candidate_pairs: 49/49 | new_swaps: 6 | total: 6) -> {'max_bond': 16, 'max_links': 4, 'total_elems': 8672, 'total_shapes': 1156, 'total_links': 390, 'num_tensors': 98}
2026-08-26 14:42:39,972 [INFO]     [3 | both | 1](candidate_pairs: 48/48 | new_swaps: 3 | total: 9) -> {'max_bond': 16, 'max_links': 4, 'total_elems': 7920, 'total_shapes': 1128, 'total_links': 390, 'num_tensors': 98}
2026-08-26 14:42:40,040 [INFO]     [3 | left | 0](candidate_pairs: 49/49 | new_swaps: 2 | total: 11) -> {'max_bond': 16, 'max_links': 4, 'total_elems': 7584, 'total_shapes': 1112, 'total_links': 390, 'num_tensors': 98}
2026-08-26 14:42:40,109 [INFO]     [3 | left | 1](candidate_pairs: 48/48 | new_swaps: 2 | total: 13) -> {'max_bond': 16, 'max_links': 4, 'total_elems': 7312, 'total_shapes': 1092, 'total_links': 390, 'num_tensors': 98}
2026-08-26 14:42:40,140 [INFO]     [3 | right | 0](candidate_pairs: 49/49 | new_swaps: 0 | total: 13) -> {'max_bond': 16, 'max_links': 4, 'total_elems': 7312, 'total_shapes': 1092, 'total_links': 390, 'num_tensors': 98}
2026-08-26 14:42:40,172 [INFO]     [3 | right | 1](candidate_pairs: 48/48 | new_swaps: 0 | total: 13) -> {'max_bond': 16, 'max_links': 4, 'total_elems': 7312, 'total_shapes': 1092, 'total_links': 390, 'num_tensors': 98}
2026-08-26 14:42:40,298 [INFO]     [4 | both | 0](candidate_pairs: 49/49 | new_swaps: 4 | total: 4) -> {'max_bond': 16, 'max_links': 4, 'total_elems': 7156, 'total_shapes': 1078, 'total_links': 390, 'num_tensors': 98}
2026-08-26 14:42:40,419 [INFO]     [4 | both | 1](candidate_pairs: 48/48 | new_swaps: 2 | total: 6) -> {'max_bond': 16, 'max_links': 4, 'total_elems': 7096, 'total_shapes': 1072, 'total_links': 390, 'num_tensors': 98}
2026-08-26 14:42:40,449 [INFO]     [4 | left | 0](candidate_pairs: 49/49 | new_swaps: 0 | total: 6) -> {'max_bond': 16, 'max_links': 4, 'total_elems': 7096, 'total_shapes': 1072, 'total_links': 390, 'num_tensors': 98}
2026-08-26 14:42:40,482 [INFO]     [4 | left | 1](candidate_pairs: 48/48 | new_swaps: 0 | total: 6) -> {'max_bond': 16, 'max_links': 4, 'total_elems': 7096, 'total_shapes': 1072, 'total_links': 390, 'num_tensors': 98}
2026-08-26 14:42:40,511 [INFO]     [4 | right | 0](candidate_pairs: 49/49 | new_swaps: 0 | total: 6) -> {'max_bond': 16, 'max_links': 4, 'total_elems': 7096, 'total_shapes': 1072, 'total_links': 390, 'num_tensors': 98}
2026-08-26 14:42:40,541 [INFO]     [4 | right | 1](candidate_pairs: 48/48 | new_swaps: 0 | total: 6) -> {'max_bond': 16, 'max_links': 4, 'total_elems': 7096, 'total_shapes': 1072, 'total_links': 390, 'num_tensors': 98}
2026-08-26 14:42:40,652 [INFO]     [5 | both | 0](candidate_pairs: 49/49 | new_swaps: 1 | total: 1) -> {'max_bond': 16, 'max_links': 4, 'total_elems': 7048, 'total_shapes': 1068, 'total_links': 390, 'num_tensors': 98}
2026-08-26 14:42:40,711 [INFO]     [5 | both | 1](candidate_pairs: 48/48 | new_swaps: 0 | total: 1) -> {'max_bond': 16, 'max_links': 4, 'total_elems': 7048, 'total_shapes': 1068, 'total_links': 390, 'num_tensors': 98}
2026-08-26 14:42:40,741 [INFO]     [5 | left | 0](candidate_pairs: 49/49 | new_swaps: 0 | total: 1) -> {'max_bond': 16, 'max_links': 4, 'total_elems': 7048, 'total_shapes': 1068, 'total_links': 390, 'num_tensors': 98}
2026-08-26 14:42:40,771 [INFO]     [5 | left | 1](candidate_pairs: 48/48 | new_swaps: 0 | total: 1) -> {'max_bond': 16, 'max_links': 4, 'total_elems': 7048, 'total_shapes': 1068, 'total_links': 390, 'num_tensors': 98}
2026-08-26 14:42:40,800 [INFO]     [5 | right | 0](candidate_pairs: 49/49 | new_swaps: 0 | total: 1) -> {'max_bond': 16, 'max_links': 4, 'total_elems': 7048, 'total_shapes': 1068, 'total_links': 390, 'num_tensors': 98}
2026-08-26 14:42:40,829 [INFO]     [5 | right | 1](candidate_pairs: 48/48 | new_swaps: 0 | total: 1) -> {'max_bond': 16, 'max_links': 4, 'total_elems': 7048, 'total_shapes': 1068, 'total_links': 390, 'num_tensors': 98}
2026-08-26 14:42:40,889 [INFO]     [6 | both | 0](candidate_pairs: 49/49 | new_swaps: 0 | total: 0) -> {'max_bond': 16, 'max_links': 4, 'total_elems': 7048, 'total_shapes': 1068, 'total_links': 390, 'num_tensors': 98}
2026-08-26 14:42:40,949 [INFO]     [6 | both | 1](candidate_pairs: 48/48 | new_swaps: 0 | total: 0) -> {'max_bond': 16, 'max_links': 4, 'total_elems': 7048, 'total_shapes': 1068, 'total_links': 390, 'num_tensors': 98}
2026-08-26 14:42:40,979 [INFO]     [6 | left | 0](candidate_pairs: 49/49 | new_swaps: 0 | total: 0) -> {'max_bond': 16, 'max_links': 4, 'total_elems': 7048, 'total_shapes': 1068, 'total_links': 390, 'num_tensors': 98}
2026-08-26 14:42:41,011 [INFO]     [6 | left | 1](candidate_pairs: 48/48 | new_swaps: 0 | total: 0) -> {'max_bond': 16, 'max_links': 4, 'total_elems': 7048, 'total_shapes': 1068, 'total_links': 390, 'num_tensors': 98}
2026-08-26 14:42:41,043 [INFO]     [6 | right | 0](candidate_pairs: 49/49 | new_swaps: 0 | total: 0) -> {'max_bond': 16, 'max_links': 4, 'total_elems': 7048, 'total_shapes': 1068, 'total_links': 390, 'num_tensors': 98}
2026-08-26 14:42:41,073 [INFO]     [6 | right | 1](candidate_pairs: 48/48 | new_swaps: 0 | total: 0) -> {'max_bond': 16, 'max_links': 4, 'total_elems': 7048, 'total_shapes': 1068, 'total_links': 390, 'num_tensors': 98}
2026-08-26 14:42:41,074 [INFO]     [end unswap] -> {'max_bond': 16, 'max_links': 4, 'total_elems': 7048, 'total_shapes': 1068, 'total_links': 390, 'num_tensors': 98}
2026-08-26 14:42:41,075 [INFO] [start rewire](phase=post_unswap, cycle=12, side=left, layers=2391, trials=20, seed=123, parallel=False, route_candidates=2, route_score=lookahead_total)
2026-08-26 14:42:48,846 [INFO] [end rewire](phase=post_unswap, cycle=12, side=left, routed_layers=2508, elapsed_s=7.77)
2026-08-26 14:42:48,846 [INFO] [start rewire](phase=post_unswap, cycle=12, side=right, layers=2207, trials=20, seed=123, parallel=False, route_candidates=2, route_score=lookahead_total)
2026-08-26 14:42:55,169 [INFO] [end rewire](phase=post_unswap, cycle=12, side=right, routed_layers=2158, elapsed_s=6.32)
[Cycle 12] 39/1984 gates (2.0 %) after 484 sec
2026-08-26 14:42:55,295 [INFO] [1L/2506](swap: 17, u: 0 | c_u: 0 | t_u_l: 28/992 | t_u_r: 11/992 | t_u: 39/1984) -> {'max_bond': 16, 'max_links': 4, 'total_elems': 7048, 'total_shapes': 1068, 'total_links': 390, 'num_tensors': 98}
2026-08-26 14:42:55,372 [INFO] [2L/2506](swap: 20, u: 0 | c_u: 0 | t_u_l: 28/992 | t_u_r: 11/992 | t_u: 39/1984) -> {'max_bond': 16, 'max_links': 4, 'total_elems': 9896, 'total_shapes': 1246, 'total_links': 390, 'num_tensors': 98}
2026-08-26 14:42:55,450 [INFO] [1R/2156](swap: 18, u: 0 | c_u: 0 | t_u_l: 28/992 | t_u_r: 11/992 | t_u: 39/1984) -> {'max_bond': 16, 'max_links': 4, 'total_elems': 12360, 'total_shapes': 1366, 'total_links': 390, 'num_tensors': 98}
2026-08-26 14:42:55,530 [INFO] [2R/2156](swap: 19, u: 0 | c_u: 0 | t_u_l: 28/992 | t_u_r: 11/992 | t_u: 39/1984) -> {'max_bond': 16, 'max_links': 4, 'total_elems': 19460, 'total_shapes': 1594, 'total_links': 390, 'num_tensors': 98}
2026-08-26 14:42:55,612 [INFO] [3R/2156](swap: 20, u: 0 | c_u: 0 | t_u_l: 28/992 | t_u_r: 11/992 | t_u: 39/1984) -> {'max_bond': 32, 'max_links': 4, 'total_elems': 28924, 'total_shapes': 1886, 'total_links': 390, 'num_tensors': 98}
2026-08-26 14:42:55,701 [INFO] [3L/2506](swap: 23, u: 0 | c_u: 0 | t_u_l: 28/992 | t_u_r: 11/992 | t_u: 39/1984) -> {'max_bond': 64, 'max_links': 4, 'total_elems': 49760, 'total_shapes': 2330, 'total_links': 390, 'num_tensors': 98}
2026-08-26 14:42:55,803 [INFO] [4R/2156](swap: 20, u: 0 | c_u: 0 | t_u_l: 28/992 | t_u_r: 11/992 | t_u: 39/1984) -> {'max_bond': 64, 'max_links': 4, 'total_elems': 88504, 'total_shapes': 2854, 'total_links': 390, 'num_tensors': 98}
2026-08-26 14:42:55,945 [INFO] [5R/2156](swap: 16, u: 1 | c_u: 1 | t_u_l: 28/992 | t_u_r: 12/992 | t_u: 40/1984) -> {'max_bond': 128, 'max_links': 4, 'total_elems': 169848, 'total_shapes': 3530, 'total_links': 390, 'num_tensors': 98}
2026-08-26 14:42:56,180 [INFO] [4L/2506](swap: 19, u: 0 | c_u: 1 | t_u_l: 28/992 | t_u_r: 12/992 | t_u: 40/1984) -> {'max_bond': 128, 'max_links': 4, 'total_elems': 286980, 'total_shapes': 4352, 'total_links': 390, 'num_tensors': 98}
2026-08-26 14:42:56,627 [INFO] [6R/2156](swap: 16, u: 0 | c_u: 1 | t_u_l: 28/992 | t_u_r: 12/992 | t_u: 40/1984) -> {'max_bond': 128, 'max_links': 4, 'total_elems': 464132, 'total_shapes': 5184, 'total_links': 390, 'num_tensors': 98}
2026-08-26 14:42:57,306 [INFO] [7R/2156](swap: 10, u: 3 | c_u: 4 | t_u_l: 28/992 | t_u_r: 15/992 | t_u: 43/1984) -> {'max_bond': 256, 'max_links': 4, 'total_elems': 633492, 'total_shapes': 5780, 'total_links': 390, 'num_tensors': 98}
2026-08-26 14:42:58,914 [INFO] [8R/2156](swap: 13, u: 1 | c_u: 5 | t_u_l: 28/992 | t_u_r: 16/992 | t_u: 44/1984) -> {'max_bond': 256, 'max_links': 4, 'total_elems': 951572, 'total_shapes': 6736, 'total_links': 390, 'num_tensors': 98}
2026-08-26 14:43:01,178 [INFO]     [start unswap] -> {'max_bond': 256, 'max_links': 4, 'total_elems': 951572, 'total_shapes': 6736, 'total_links': 390, 'num_tensors': 98}
2026-08-26 14:43:29,100 [INFO]     [0 | both | 0](candidate_pairs: 49/49 | new_swaps: 11 | total: 11) -> {'max_bond': 256, 'max_links': 4, 'total_elems': 1233268, 'total_shapes': 6920, 'total_links': 390, 'num_tensors': 98}
2026-08-26 14:43:36,530 [INFO]     [0 | both | 1](candidate_pairs: 48/48 | new_swaps: 18 | total: 29) -> {'max_bond': 256, 'max_links': 4, 'total_elems': 565412, 'total_shapes': 5036, 'total_links': 390, 'num_tensors': 98}
2026-08-26 14:43:37,767 [INFO]     [0 | left | 0](candidate_pairs: 49/49 | new_swaps: 14 | total: 43) -> {'max_bond': 128, 'max_links': 4, 'total_elems': 292504, 'total_shapes': 3974, 'total_links': 390, 'num_tensors': 98}
2026-08-26 14:43:38,541 [INFO]     [0 | left | 1](candidate_pairs: 48/48 | new_swaps: 21 | total: 64) -> {'max_bond': 128, 'max_links': 4, 'total_elems': 149628, 'total_shapes': 3084, 'total_links': 390, 'num_tensors': 98}
2026-08-26 14:43:38,742 [INFO]     [0 | right | 0](candidate_pairs: 49/49 | new_swaps: 11 | total: 75) -> {'max_bond': 64, 'max_links': 4, 'total_elems': 96868, 'total_shapes': 2646, 'total_links': 390, 'num_tensors': 98}
2026-08-26 14:43:38,896 [INFO]     [0 | right | 1](candidate_pairs: 48/48 | new_swaps: 8 | total: 83) -> {'max_bond': 64, 'max_links': 4, 'total_elems': 71416, 'total_shapes': 2436, 'total_links': 390, 'num_tensors': 98}
2026-08-26 14:43:39,138 [INFO]     [1 | both | 0](candidate_pairs: 49/49 | new_swaps: 12 | total: 12) -> {'max_bond': 32, 'max_links': 4, 'total_elems': 57296, 'total_shapes': 2156, 'total_links': 390, 'num_tensors': 98}
2026-08-26 14:43:39,358 [INFO]     [1 | both | 1](candidate_pairs: 48/48 | new_swaps: 12 | total: 24) -> {'max_bond': 32, 'max_links': 4, 'total_elems': 40164, 'total_shapes': 1890, 'total_links': 390, 'num_tensors': 98}
2026-08-26 14:43:39,457 [INFO]     [1 | left | 0](candidate_pairs: 49/49 | new_swaps: 9 | total: 33) -> {'max_bond': 32, 'max_links': 4, 'total_elems': 27532, 'total_shapes': 1658, 'total_links': 390, 'num_tensors': 98}
2026-08-26 14:43:39,539 [INFO]     [1 | left | 1](candidate_pairs: 48/48 | new_swaps: 8 | total: 41) -> {'max_bond': 32, 'max_links': 4, 'total_elems': 25084, 'total_shapes': 1578, 'total_links': 390, 'num_tensors': 98}
2026-08-26 14:43:39,619 [INFO]     [1 | right | 0](candidate_pairs: 49/49 | new_swaps: 2 | total: 43) -> {'max_bond': 32, 'max_links': 4, 'total_elems': 23740, 'total_shapes': 1538, 'total_links': 390, 'num_tensors': 98}
2026-08-26 14:43:39,697 [INFO]     [1 | right | 1](candidate_pairs: 48/48 | new_swaps: 4 | total: 47) -> {'max_bond': 32, 'max_links': 4, 'total_elems': 23204, 'total_shapes': 1514, 'total_links': 390, 'num_tensors': 98}
2026-08-26 14:43:39,864 [INFO]     [2 | both | 0](candidate_pairs: 49/49 | new_swaps: 10 | total: 10) -> {'max_bond': 32, 'max_links': 4, 'total_elems': 20608, 'total_shapes': 1424, 'total_links': 390, 'num_tensors': 98}
2026-08-26 14:43:40,009 [INFO]     [2 | both | 1](candidate_pairs: 48/48 | new_swaps: 11 | total: 21) -> {'max_bond': 32, 'max_links': 4, 'total_elems': 11428, 'total_shapes': 1258, 'total_links': 390, 'num_tensors': 98}
2026-08-26 14:43:40,080 [INFO]     [2 | left | 0](candidate_pairs: 49/49 | new_swaps: 4 | total: 25) -> {'max_bond': 16, 'max_links': 4, 'total_elems': 9668, 'total_shapes': 1194, 'total_links': 390, 'num_tensors': 98}
2026-08-26 14:43:40,112 [INFO]     [2 | left | 1](candidate_pairs: 48/48 | new_swaps: 0 | total: 25) -> {'max_bond': 16, 'max_links': 4, 'total_elems': 9668, 'total_shapes': 1194, 'total_links': 390, 'num_tensors': 98}
2026-08-26 14:43:40,169 [INFO]     [2 | right | 0](candidate_pairs: 49/49 | new_swaps: 1 | total: 26) -> {'max_bond': 16, 'max_links': 4, 'total_elems': 9476, 'total_shapes': 1186, 'total_links': 390, 'num_tensors': 98}
2026-08-26 14:43:40,199 [INFO]     [2 | right | 1](candidate_pairs: 48/48 | new_swaps: 0 | total: 26) -> {'max_bond': 16, 'max_links': 4, 'total_elems': 9476, 'total_shapes': 1186, 'total_links': 390, 'num_tensors': 98}
2026-08-26 14:43:40,328 [INFO]     [3 | both | 0](candidate_pairs: 49/49 | new_swaps: 6 | total: 6) -> {'max_bond': 16, 'max_links': 4, 'total_elems': 8924, 'total_shapes': 1154, 'total_links': 390, 'num_tensors': 98}
2026-08-26 14:43:40,450 [INFO]     [3 | both | 1](candidate_pairs: 48/48 | new_swaps: 4 | total: 10) -> {'max_bond': 16, 'max_links': 4, 'total_elems': 8576, 'total_shapes': 1132, 'total_links': 390, 'num_tensors': 98}
2026-08-26 14:43:40,482 [INFO]     [3 | left | 0](candidate_pairs: 49/49 | new_swaps: 0 | total: 10) -> {'max_bond': 16, 'max_links': 4, 'total_elems': 8576, 'total_shapes': 1132, 'total_links': 390, 'num_tensors': 98}
2026-08-26 14:43:40,550 [INFO]     [3 | left | 1](candidate_pairs: 48/48 | new_swaps: 2 | total: 12) -> {'max_bond': 16, 'max_links': 4, 'total_elems': 8400, 'total_shapes': 1120, 'total_links': 390, 'num_tensors': 98}
2026-08-26 14:43:40,581 [INFO]     [3 | right | 0](candidate_pairs: 49/49 | new_swaps: 0 | total: 12) -> {'max_bond': 16, 'max_links': 4, 'total_elems': 8400, 'total_shapes': 1120, 'total_links': 390, 'num_tensors': 98}
2026-08-26 14:43:40,611 [INFO]     [3 | right | 1](candidate_pairs: 48/48 | new_swaps: 0 | total: 12) -> {'max_bond': 16, 'max_links': 4, 'total_elems': 8400, 'total_shapes': 1120, 'total_links': 390, 'num_tensors': 98}
2026-08-26 14:43:40,738 [INFO]     [4 | both | 0](candidate_pairs: 49/49 | new_swaps: 3 | total: 3) -> {'max_bond': 16, 'max_links': 4, 'total_elems': 8064, 'total_shapes': 1100, 'total_links': 390, 'num_tensors': 98}
2026-08-26 14:43:40,859 [INFO]     [4 | both | 1](candidate_pairs: 48/48 | new_swaps: 2 | total: 5) -> {'max_bond': 16, 'max_links': 4, 'total_elems': 7776, 'total_shapes': 1084, 'total_links': 390, 'num_tensors': 98}
2026-08-26 14:43:40,928 [INFO]     [4 | left | 0](candidate_pairs: 49/49 | new_swaps: 2 | total: 7) -> {'max_bond': 16, 'max_links': 4, 'total_elems': 7616, 'total_shapes': 1072, 'total_links': 390, 'num_tensors': 98}
2026-08-26 14:43:40,958 [INFO]     [4 | left | 1](candidate_pairs: 48/48 | new_swaps: 0 | total: 7) -> {'max_bond': 16, 'max_links': 4, 'total_elems': 7616, 'total_shapes': 1072, 'total_links': 390, 'num_tensors': 98}
2026-08-26 14:43:40,988 [INFO]     [4 | right | 0](candidate_pairs: 49/49 | new_swaps: 0 | total: 7) -> {'max_bond': 16, 'max_links': 4, 'total_elems': 7616, 'total_shapes': 1072, 'total_links': 390, 'num_tensors': 98}
2026-08-26 14:43:41,018 [INFO]     [4 | right | 1](candidate_pairs: 48/48 | new_swaps: 0 | total: 7) -> {'max_bond': 16, 'max_links': 4, 'total_elems': 7616, 'total_shapes': 1072, 'total_links': 390, 'num_tensors': 98}
2026-08-26 14:43:41,142 [INFO]     [5 | both | 0](candidate_pairs: 49/49 | new_swaps: 1 | total: 1) -> {'max_bond': 16, 'max_links': 4, 'total_elems': 7568, 'total_shapes': 1068, 'total_links': 390, 'num_tensors': 98}
2026-08-26 14:43:41,263 [INFO]     [5 | both | 1](candidate_pairs: 48/48 | new_swaps: 2 | total: 3) -> {'max_bond': 16, 'max_links': 4, 'total_elems': 7472, 'total_shapes': 1058, 'total_links': 390, 'num_tensors': 98}
2026-08-26 14:43:41,294 [INFO]     [5 | left | 0](candidate_pairs: 49/49 | new_swaps: 0 | total: 3) -> {'max_bond': 16, 'max_links': 4, 'total_elems': 7472, 'total_shapes': 1058, 'total_links': 390, 'num_tensors': 98}
2026-08-26 14:43:41,324 [INFO]     [5 | left | 1](candidate_pairs: 48/48 | new_swaps: 0 | total: 3) -> {'max_bond': 16, 'max_links': 4, 'total_elems': 7472, 'total_shapes': 1058, 'total_links': 390, 'num_tensors': 98}
2026-08-26 14:43:41,354 [INFO]     [5 | right | 0](candidate_pairs: 49/49 | new_swaps: 0 | total: 3) -> {'max_bond': 16, 'max_links': 4, 'total_elems': 7472, 'total_shapes': 1058, 'total_links': 390, 'num_tensors': 98}
2026-08-26 14:43:41,383 [INFO]     [5 | right | 1](candidate_pairs: 48/48 | new_swaps: 0 | total: 3) -> {'max_bond': 16, 'max_links': 4, 'total_elems': 7472, 'total_shapes': 1058, 'total_links': 390, 'num_tensors': 98}
2026-08-26 14:43:41,495 [INFO]     [6 | both | 0](candidate_pairs: 49/49 | new_swaps: 1 | total: 1) -> {'max_bond': 16, 'max_links': 4, 'total_elems': 7424, 'total_shapes': 1054, 'total_links': 390, 'num_tensors': 98}
2026-08-26 14:43:41,552 [INFO]     [6 | both | 1](candidate_pairs: 48/48 | new_swaps: 0 | total: 1) -> {'max_bond': 16, 'max_links': 4, 'total_elems': 7424, 'total_shapes': 1054, 'total_links': 390, 'num_tensors': 98}
2026-08-26 14:43:41,583 [INFO]     [6 | left | 0](candidate_pairs: 49/49 | new_swaps: 0 | total: 1) -> {'max_bond': 16, 'max_links': 4, 'total_elems': 7424, 'total_shapes': 1054, 'total_links': 390, 'num_tensors': 98}
2026-08-26 14:43:41,613 [INFO]     [6 | left | 1](candidate_pairs: 48/48 | new_swaps: 0 | total: 1) -> {'max_bond': 16, 'max_links': 4, 'total_elems': 7424, 'total_shapes': 1054, 'total_links': 390, 'num_tensors': 98}
2026-08-26 14:43:41,644 [INFO]     [6 | right | 0](candidate_pairs: 49/49 | new_swaps: 0 | total: 1) -> {'max_bond': 16, 'max_links': 4, 'total_elems': 7424, 'total_shapes': 1054, 'total_links': 390, 'num_tensors': 98}
2026-08-26 14:43:41,674 [INFO]     [6 | right | 1](candidate_pairs: 48/48 | new_swaps: 0 | total: 1) -> {'max_bond': 16, 'max_links': 4, 'total_elems': 7424, 'total_shapes': 1054, 'total_links': 390, 'num_tensors': 98}
2026-08-26 14:43:41,736 [INFO]     [7 | both | 0](candidate_pairs: 49/49 | new_swaps: 0 | total: 0) -> {'max_bond': 16, 'max_links': 4, 'total_elems': 7424, 'total_shapes': 1054, 'total_links': 390, 'num_tensors': 98}
2026-08-26 14:43:41,794 [INFO]     [7 | both | 1](candidate_pairs: 48/48 | new_swaps: 0 | total: 0) -> {'max_bond': 16, 'max_links': 4, 'total_elems': 7424, 'total_shapes': 1054, 'total_links': 390, 'num_tensors': 98}
2026-08-26 14:43:41,825 [INFO]     [7 | left | 0](candidate_pairs: 49/49 | new_swaps: 0 | total: 0) -> {'max_bond': 16, 'max_links': 4, 'total_elems': 7424, 'total_shapes': 1054, 'total_links': 390, 'num_tensors': 98}
2026-08-26 14:43:41,855 [INFO]     [7 | left | 1](candidate_pairs: 48/48 | new_swaps: 0 | total: 0) -> {'max_bond': 16, 'max_links': 4, 'total_elems': 7424, 'total_shapes': 1054, 'total_links': 390, 'num_tensors': 98}
2026-08-26 14:43:41,885 [INFO]     [7 | right | 0](candidate_pairs: 49/49 | new_swaps: 0 | total: 0) -> {'max_bond': 16, 'max_links': 4, 'total_elems': 7424, 'total_shapes': 1054, 'total_links': 390, 'num_tensors': 98}
2026-08-26 14:43:41,914 [INFO]     [7 | right | 1](candidate_pairs: 48/48 | new_swaps: 0 | total: 0) -> {'max_bond': 16, 'max_links': 4, 'total_elems': 7424, 'total_shapes': 1054, 'total_links': 390, 'num_tensors': 98}
2026-08-26 14:43:41,915 [INFO]     [end unswap] -> {'max_bond': 16, 'max_links': 4, 'total_elems': 7424, 'total_shapes': 1054, 'total_links': 390, 'num_tensors': 98}
2026-08-26 14:43:41,940 [INFO] [start rewire](phase=post_unswap, cycle=13, side=left, layers=2504, trials=20, seed=123, parallel=False, route_candidates=2, route_score=lookahead_total)
2026-08-26 14:43:49,025 [INFO] [end rewire](phase=post_unswap, cycle=13, side=left, routed_layers=2495, elapsed_s=7.08)
2026-08-26 14:43:49,025 [INFO] [start rewire](phase=post_unswap, cycle=13, side=right, layers=2150, trials=20, seed=123, parallel=False, route_candidates=2, route_score=lookahead_total)
2026-08-26 14:43:54,910 [INFO] [end rewire](phase=post_unswap, cycle=13, side=right, routed_layers=2142, elapsed_s=5.88)
[Cycle 13] 44/1984 gates (2.2 %) after 543 sec
2026-08-26 14:43:55,013 [INFO] [1L/2493](swap: 20, u: 0 | c_u: 0 | t_u_l: 28/992 | t_u_r: 16/992 | t_u: 44/1984) -> {'max_bond': 16, 'max_links': 4, 'total_elems': 7424, 'total_shapes': 1054, 'total_links': 390, 'num_tensors': 98}
2026-08-26 14:43:55,091 [INFO] [1R/2140](swap: 15, u: 0 | c_u: 0 | t_u_l: 28/992 | t_u_r: 16/992 | t_u: 44/1984) -> {'max_bond': 16, 'max_links': 4, 'total_elems': 9304, 'total_shapes': 1200, 'total_links': 390, 'num_tensors': 98}
2026-08-26 14:43:55,170 [INFO] [2L/2493](swap: 23, u: 0 | c_u: 0 | t_u_l: 28/992 | t_u_r: 16/992 | t_u: 44/1984) -> {'max_bond': 16, 'max_links': 4, 'total_elems': 12164, 'total_shapes': 1358, 'total_links': 390, 'num_tensors': 98}
2026-08-26 14:43:55,251 [INFO] [2R/2140](swap: 13, u: 0 | c_u: 0 | t_u_l: 28/992 | t_u_r: 16/992 | t_u: 44/1984) -> {'max_bond': 16, 'max_links': 4, 'total_elems': 16440, 'total_shapes': 1498, 'total_links': 390, 'num_tensors': 98}
2026-08-26 14:43:55,336 [INFO] [3R/2140](swap: 13, u: 0 | c_u: 0 | t_u_l: 28/992 | t_u_r: 16/992 | t_u: 44/1984) -> {'max_bond': 32, 'max_links': 4, 'total_elems': 25152, 'total_shapes': 1694, 'total_links': 390, 'num_tensors': 98}
2026-08-26 14:43:55,431 [INFO] [3L/2493](swap: 19, u: 0 | c_u: 0 | t_u_l: 28/992 | t_u_r: 16/992 | t_u: 44/1984) -> {'max_bond': 32, 'max_links': 4, 'total_elems': 37296, 'total_shapes': 2048, 'total_links': 390, 'num_tensors': 98}
2026-08-26 14:43:55,531 [INFO] [4R/2140](swap: 17, u: 0 | c_u: 0 | t_u_l: 28/992 | t_u_r: 16/992 | t_u: 44/1984) -> {'max_bond': 32, 'max_links': 4, 'total_elems': 54376, 'total_shapes': 2352, 'total_links': 390, 'num_tensors': 98}
2026-08-26 14:43:55,638 [INFO] [5R/2140](swap: 16, u: 0 | c_u: 0 | t_u_l: 28/992 | t_u_r: 16/992 | t_u: 44/1984) -> {'max_bond': 64, 'max_links': 4, 'total_elems': 88904, 'total_shapes': 2768, 'total_links': 390, 'num_tensors': 98}
2026-08-26 14:43:55,778 [INFO] [4L/2493](swap: 15, u: 0 | c_u: 0 | t_u_l: 28/992 | t_u_r: 16/992 | t_u: 44/1984) -> {'max_bond': 64, 'max_links': 4, 'total_elems': 135704, 'total_shapes': 3304, 'total_links': 390, 'num_tensors': 98}
2026-08-26 14:43:55,960 [INFO] [6R/2140](swap: 13, u: 0 | c_u: 0 | t_u_l: 28/992 | t_u_r: 16/992 | t_u: 44/1984) -> {'max_bond': 128, 'max_links': 4, 'total_elems': 234104, 'total_shapes': 3812, 'total_links': 390, 'num_tensors': 98}
2026-08-26 14:43:56,300 [INFO] [5L/2493](swap: 16, u: 0 | c_u: 0 | t_u_l: 28/992 | t_u_r: 16/992 | t_u: 44/1984) -> {'max_bond': 128, 'max_links': 4, 'total_elems': 354584, 'total_shapes': 4512, 'total_links': 390, 'num_tensors': 98}
2026-08-26 14:43:56,772 [INFO] [6L/2493](swap: 14, u: 0 | c_u: 0 | t_u_l: 28/992 | t_u_r: 16/992 | t_u: 44/1984) -> {'max_bond': 128, 'max_links': 4, 'total_elems': 540632, 'total_shapes': 5456, 'total_links': 390, 'num_tensors': 98}
2026-08-26 14:43:57,737 [INFO] [7R/2140](swap: 12, u: 0 | c_u: 0 | t_u_l: 28/992 | t_u_r: 16/992 | t_u: 44/1984) -> {'max_bond': 256, 'max_links': 4, 'total_elems': 837400, 'total_shapes': 6224, 'total_links': 390, 'num_tensors': 98}
2026-08-26 14:43:59,142 [INFO]     [start unswap] -> {'max_bond': 256, 'max_links': 4, 'total_elems': 837400, 'total_shapes': 6224, 'total_links': 390, 'num_tensors': 98}
2026-08-26 14:44:06,784 [INFO]     [0 | both | 0](candidate_pairs: 49/49 | new_swaps: 9 | total: 9) -> {'max_bond': 256, 'max_links': 4, 'total_elems': 1142528, 'total_shapes': 6694, 'total_links': 390, 'num_tensors': 98}
2026-08-26 14:44:17,002 [INFO]     [0 | both | 1](candidate_pairs: 48/48 | new_swaps: 15 | total: 24) -> {'max_bond': 256, 'max_links': 4, 'total_elems': 742672, 'total_shapes': 5426, 'total_links': 390, 'num_tensors': 98}
2026-08-26 14:44:18,988 [INFO]     [0 | left | 0](candidate_pairs: 49/49 | new_swaps: 19 | total: 43) -> {'max_bond': 128, 'max_links': 4, 'total_elems': 281064, 'total_shapes': 3798, 'total_links': 390, 'num_tensors': 98}
2026-08-26 14:44:19,500 [INFO]     [0 | left | 1](candidate_pairs: 48/48 | new_swaps: 21 | total: 64) -> {'max_bond': 64, 'max_links': 4, 'total_elems': 159732, 'total_shapes': 3048, 'total_links': 390, 'num_tensors': 98}
2026-08-26 14:44:19,718 [INFO]     [0 | right | 0](candidate_pairs: 49/49 | new_swaps: 4 | total: 68) -> {'max_bond': 64, 'max_links': 4, 'total_elems': 154148, 'total_shapes': 2968, 'total_links': 390, 'num_tensors': 98}
2026-08-26 14:44:20,041 [INFO]     [0 | right | 1](candidate_pairs: 48/48 | new_swaps: 8 | total: 76) -> {'max_bond': 64, 'max_links': 4, 'total_elems': 129076, 'total_shapes': 2776, 'total_links': 390, 'num_tensors': 98}
2026-08-26 14:44:20,484 [INFO]     [1 | both | 0](candidate_pairs: 49/49 | new_swaps: 16 | total: 16) -> {'max_bond': 64, 'max_links': 4, 'total_elems': 56720, 'total_shapes': 2150, 'total_links': 390, 'num_tensors': 98}
2026-08-26 14:44:20,679 [INFO]     [1 | both | 1](candidate_pairs: 48/48 | new_swaps: 13 | total: 29) -> {'max_bond': 32, 'max_links': 4, 'total_elems': 28020, 'total_shapes': 1712, 'total_links': 390, 'num_tensors': 98}
2026-08-26 14:44:20,761 [INFO]     [1 | left | 0](candidate_pairs: 49/49 | new_swaps: 7 | total: 36) -> {'max_bond': 32, 'max_links': 4, 'total_elems': 23396, 'total_shapes': 1588, 'total_links': 390, 'num_tensors': 98}
2026-08-26 14:44:20,842 [INFO]     [1 | left | 1](candidate_pairs: 48/48 | new_swaps: 8 | total: 44) -> {'max_bond': 16, 'max_links': 4, 'total_elems': 19268, 'total_shapes': 1488, 'total_links': 390, 'num_tensors': 98}
2026-08-26 14:44:20,916 [INFO]     [1 | right | 0](candidate_pairs: 49/49 | new_swaps: 5 | total: 49) -> {'max_bond': 16, 'max_links': 4, 'total_elems': 16740, 'total_shapes': 1404, 'total_links': 390, 'num_tensors': 98}
2026-08-26 14:44:20,988 [INFO]     [1 | right | 1](candidate_pairs: 48/48 | new_swaps: 3 | total: 52) -> {'max_bond': 16, 'max_links': 4, 'total_elems': 15748, 'total_shapes': 1374, 'total_links': 390, 'num_tensors': 98}
2026-08-26 14:44:21,124 [INFO]     [2 | both | 0](candidate_pairs: 49/49 | new_swaps: 7 | total: 7) -> {'max_bond': 16, 'max_links': 4, 'total_elems': 12912, 'total_shapes': 1296, 'total_links': 390, 'num_tensors': 98}
2026-08-26 14:44:21,256 [INFO]     [2 | both | 1](candidate_pairs: 48/48 | new_swaps: 7 | total: 14) -> {'max_bond': 16, 'max_links': 4, 'total_elems': 11536, 'total_shapes': 1244, 'total_links': 390, 'num_tensors': 98}
2026-08-26 14:44:21,327 [INFO]     [2 | left | 0](candidate_pairs: 49/49 | new_swaps: 2 | total: 16) -> {'max_bond': 16, 'max_links': 4, 'total_elems': 10744, 'total_shapes': 1224, 'total_links': 390, 'num_tensors': 98}
2026-08-26 14:44:21,384 [INFO]     [2 | left | 1](candidate_pairs: 48/48 | new_swaps: 2 | total: 18) -> {'max_bond': 16, 'max_links': 4, 'total_elems': 10264, 'total_shapes': 1200, 'total_links': 390, 'num_tensors': 98}
2026-08-26 14:44:21,451 [INFO]     [2 | right | 0](candidate_pairs: 49/49 | new_swaps: 1 | total: 19) -> {'max_bond': 16, 'max_links': 4, 'total_elems': 10072, 'total_shapes': 1192, 'total_links': 390, 'num_tensors': 98}
2026-08-26 14:44:21,518 [INFO]     [2 | right | 1](candidate_pairs: 48/48 | new_swaps: 1 | total: 20) -> {'max_bond': 16, 'max_links': 4, 'total_elems': 9304, 'total_shapes': 1176, 'total_links': 390, 'num_tensors': 98}
2026-08-26 14:44:21,646 [INFO]     [3 | both | 0](candidate_pairs: 49/49 | new_swaps: 9 | total: 9) -> {'max_bond': 16, 'max_links': 4, 'total_elems': 7388, 'total_shapes': 1106, 'total_links': 390, 'num_tensors': 98}
2026-08-26 14:44:21,770 [INFO]     [3 | both | 1](candidate_pairs: 48/48 | new_swaps: 7 | total: 16) -> {'max_bond': 16, 'max_links': 4, 'total_elems': 6384, 'total_shapes': 1052, 'total_links': 390, 'num_tensors': 98}
2026-08-26 14:44:21,825 [INFO]     [3 | left | 0](candidate_pairs: 49/49 | new_swaps: 1 | total: 17) -> {'max_bond': 16, 'max_links': 4, 'total_elems': 6224, 'total_shapes': 1044, 'total_links': 390, 'num_tensors': 98}
2026-08-26 14:44:21,881 [INFO]     [3 | left | 1](candidate_pairs: 48/48 | new_swaps: 1 | total: 18) -> {'max_bond': 16, 'max_links': 4, 'total_elems': 6176, 'total_shapes': 1040, 'total_links': 390, 'num_tensors': 98}
2026-08-26 14:44:21,934 [INFO]     [3 | right | 0](candidate_pairs: 49/49 | new_swaps: 1 | total: 19) -> {'max_bond': 16, 'max_links': 4, 'total_elems': 6096, 'total_shapes': 1036, 'total_links': 390, 'num_tensors': 98}
2026-08-26 14:44:21,987 [INFO]     [3 | right | 1](candidate_pairs: 48/48 | new_swaps: 1 | total: 20) -> {'max_bond': 16, 'max_links': 4, 'total_elems': 5936, 'total_shapes': 1028, 'total_links': 390, 'num_tensors': 98}
2026-08-26 14:44:22,107 [INFO]     [4 | both | 0](candidate_pairs: 49/49 | new_swaps: 4 | total: 4) -> {'max_bond': 16, 'max_links': 4, 'total_elems': 5664, 'total_shapes': 1006, 'total_links': 390, 'num_tensors': 98}
2026-08-26 14:44:22,216 [INFO]     [4 | both | 1](candidate_pairs: 48/48 | new_swaps: 1 | total: 5) -> {'max_bond': 16, 'max_links': 4, 'total_elems': 5652, 'total_shapes': 1004, 'total_links': 390, 'num_tensors': 98}
2026-08-26 14:44:22,246 [INFO]     [4 | left | 0](candidate_pairs: 49/49 | new_swaps: 0 | total: 5) -> {'max_bond': 16, 'max_links': 4, 'total_elems': 5652, 'total_shapes': 1004, 'total_links': 390, 'num_tensors': 98}
2026-08-26 14:44:22,275 [INFO]     [4 | left | 1](candidate_pairs: 48/48 | new_swaps: 0 | total: 5) -> {'max_bond': 16, 'max_links': 4, 'total_elems': 5652, 'total_shapes': 1004, 'total_links': 390, 'num_tensors': 98}
2026-08-26 14:44:22,304 [INFO]     [4 | right | 0](candidate_pairs: 49/49 | new_swaps: 0 | total: 5) -> {'max_bond': 16, 'max_links': 4, 'total_elems': 5652, 'total_shapes': 1004, 'total_links': 390, 'num_tensors': 98}
2026-08-26 14:44:22,358 [INFO]     [4 | right | 1](candidate_pairs: 48/48 | new_swaps: 1 | total: 6) -> {'max_bond': 16, 'max_links': 4, 'total_elems': 5580, 'total_shapes': 998, 'total_links': 390, 'num_tensors': 98}
2026-08-26 14:44:22,482 [INFO]     [5 | both | 0](candidate_pairs: 49/49 | new_swaps: 3 | total: 3) -> {'max_bond': 16, 'max_links': 4, 'total_elems': 5516, 'total_shapes': 990, 'total_links': 390, 'num_tensors': 98}
2026-08-26 14:44:22,602 [INFO]     [5 | both | 1](candidate_pairs: 48/48 | new_swaps: 2 | total: 5) -> {'max_bond': 16, 'max_links': 4, 'total_elems': 5492, 'total_shapes': 986, 'total_links': 390, 'num_tensors': 98}
2026-08-26 14:44:22,632 [INFO]     [5 | left | 0](candidate_pairs: 49/49 | new_swaps: 0 | total: 5) -> {'max_bond': 16, 'max_links': 4, 'total_elems': 5492, 'total_shapes': 986, 'total_links': 390, 'num_tensors': 98}
2026-08-26 14:44:22,662 [INFO]     [5 | left | 1](candidate_pairs: 48/48 | new_swaps: 0 | total: 5) -> {'max_bond': 16, 'max_links': 4, 'total_elems': 5492, 'total_shapes': 986, 'total_links': 390, 'num_tensors': 98}
2026-08-26 14:44:22,691 [INFO]     [5 | right | 0](candidate_pairs: 49/49 | new_swaps: 0 | total: 5) -> {'max_bond': 16, 'max_links': 4, 'total_elems': 5492, 'total_shapes': 986, 'total_links': 390, 'num_tensors': 98}
2026-08-26 14:44:22,745 [INFO]     [5 | right | 1](candidate_pairs: 48/48 | new_swaps: 1 | total: 6) -> {'max_bond': 16, 'max_links': 4, 'total_elems': 5460, 'total_shapes': 982, 'total_links': 390, 'num_tensors': 98}
2026-08-26 14:44:22,803 [INFO]     [6 | both | 0](candidate_pairs: 49/49 | new_swaps: 0 | total: 0) -> {'max_bond': 16, 'max_links': 4, 'total_elems': 5460, 'total_shapes': 982, 'total_links': 390, 'num_tensors': 98}
2026-08-26 14:44:22,860 [INFO]     [6 | both | 1](candidate_pairs: 48/48 | new_swaps: 0 | total: 0) -> {'max_bond': 16, 'max_links': 4, 'total_elems': 5460, 'total_shapes': 982, 'total_links': 390, 'num_tensors': 98}
2026-08-26 14:44:22,889 [INFO]     [6 | left | 0](candidate_pairs: 49/49 | new_swaps: 0 | total: 0) -> {'max_bond': 16, 'max_links': 4, 'total_elems': 5460, 'total_shapes': 982, 'total_links': 390, 'num_tensors': 98}
2026-08-26 14:44:22,918 [INFO]     [6 | left | 1](candidate_pairs: 48/48 | new_swaps: 0 | total: 0) -> {'max_bond': 16, 'max_links': 4, 'total_elems': 5460, 'total_shapes': 982, 'total_links': 390, 'num_tensors': 98}
2026-08-26 14:44:22,946 [INFO]     [6 | right | 0](candidate_pairs: 49/49 | new_swaps: 0 | total: 0) -> {'max_bond': 16, 'max_links': 4, 'total_elems': 5460, 'total_shapes': 982, 'total_links': 390, 'num_tensors': 98}
2026-08-26 14:44:22,975 [INFO]     [6 | right | 1](candidate_pairs: 48/48 | new_swaps: 0 | total: 0) -> {'max_bond': 16, 'max_links': 4, 'total_elems': 5460, 'total_shapes': 982, 'total_links': 390, 'num_tensors': 98}
2026-08-26 14:44:22,976 [INFO]     [end unswap] -> {'max_bond': 16, 'max_links': 4, 'total_elems': 5460, 'total_shapes': 982, 'total_links': 390, 'num_tensors': 98}
2026-08-26 14:44:23,003 [INFO] [start rewire](phase=post_unswap, cycle=14, side=left, layers=2489, trials=20, seed=123, parallel=False, route_candidates=2, route_score=lookahead_total)
2026-08-26 14:44:30,052 [INFO] [end rewire](phase=post_unswap, cycle=14, side=left, routed_layers=2234, elapsed_s=7.05)
2026-08-26 14:44:30,052 [INFO] [start rewire](phase=post_unswap, cycle=14, side=right, layers=2135, trials=20, seed=123, parallel=False, route_candidates=2, route_score=lookahead_total)
2026-08-26 14:44:36,226 [INFO] [end rewire](phase=post_unswap, cycle=14, side=right, routed_layers=2335, elapsed_s=6.17)
[Cycle 14] 44/1984 gates (2.2 %) after 585 sec
2026-08-26 14:44:36,335 [INFO] [1L/2232](swap: 22, u: 0 | c_u: 0 | t_u_l: 28/992 | t_u_r: 16/992 | t_u: 44/1984) -> {'max_bond': 16, 'max_links': 4, 'total_elems': 5460, 'total_shapes': 982, 'total_links': 390, 'num_tensors': 98}
2026-08-26 14:44:36,411 [INFO] [1R/2333](swap: 16, u: 0 | c_u: 0 | t_u_l: 28/992 | t_u_r: 16/992 | t_u: 44/1984) -> {'max_bond': 16, 'max_links': 4, 'total_elems': 7704, 'total_shapes': 1144, 'total_links': 390, 'num_tensors': 98}
2026-08-26 14:44:36,489 [INFO] [2L/2232](swap: 20, u: 0 | c_u: 0 | t_u_l: 28/992 | t_u_r: 16/992 | t_u: 44/1984) -> {'max_bond': 16, 'max_links': 4, 'total_elems': 11924, 'total_shapes': 1354, 'total_links': 390, 'num_tensors': 98}
2026-08-26 14:44:36,568 [INFO] [2R/2333](swap: 18, u: 0 | c_u: 0 | t_u_l: 28/992 | t_u_r: 16/992 | t_u: 44/1984) -> {'max_bond': 32, 'max_links': 4, 'total_elems': 21260, 'total_shapes': 1638, 'total_links': 390, 'num_tensors': 98}
2026-08-26 14:44:36,652 [INFO] [3L/2232](swap: 18, u: 0 | c_u: 0 | t_u_l: 28/992 | t_u_r: 16/992 | t_u: 44/1984) -> {'max_bond': 32, 'max_links': 4, 'total_elems': 34740, 'total_shapes': 1980, 'total_links': 390, 'num_tensors': 98}
2026-08-26 14:44:36,745 [INFO] [4L/2232](swap: 16, u: 0 | c_u: 0 | t_u_l: 28/992 | t_u_r: 16/992 | t_u: 44/1984) -> {'max_bond': 32, 'max_links': 4, 'total_elems': 58412, 'total_shapes': 2352, 'total_links': 390, 'num_tensors': 98}
2026-08-26 14:44:36,861 [INFO] [5L/2232](swap: 11, u: 0 | c_u: 0 | t_u_l: 28/992 | t_u_r: 16/992 | t_u: 44/1984) -> {'max_bond': 64, 'max_links': 4, 'total_elems': 113484, 'total_shapes': 2972, 'total_links': 390, 'num_tensors': 98}
2026-08-26 14:44:37,036 [INFO] [3R/2333](swap: 15, u: 0 | c_u: 0 | t_u_l: 28/992 | t_u_r: 16/992 | t_u: 44/1984) -> {'max_bond': 128, 'max_links': 4, 'total_elems': 195412, 'total_shapes': 3688, 'total_links': 390, 'num_tensors': 98}
2026-08-26 14:44:37,292 [INFO] [4R/2333](swap: 14, u: 0 | c_u: 0 | t_u_l: 28/992 | t_u_r: 16/992 | t_u: 44/1984) -> {'max_bond': 128, 'max_links': 4, 'total_elems': 297856, 'total_shapes': 4338, 'total_links': 390, 'num_tensors': 98}
2026-08-26 14:44:37,643 [INFO] [5R/2333](swap: 11, u: 0 | c_u: 0 | t_u_l: 28/992 | t_u_r: 16/992 | t_u: 44/1984) -> {'max_bond': 128, 'max_links': 4, 'total_elems': 388732, 'total_shapes': 4832, 'total_links': 390, 'num_tensors': 98}
2026-08-26 14:44:38,197 [INFO] [6R/2333](swap: 13, u: 0 | c_u: 0 | t_u_l: 28/992 | t_u_r: 16/992 | t_u: 44/1984) -> {'max_bond': 256, 'max_links': 4, 'total_elems': 599036, 'total_shapes': 5686, 'total_links': 390, 'num_tensors': 98}
2026-08-26 14:44:39,173 [INFO] [7R/2333](swap: 12, u: 0 | c_u: 0 | t_u_l: 28/992 | t_u_r: 16/992 | t_u: 44/1984) -> {'max_bond': 256, 'max_links': 4, 'total_elems': 786092, 'total_shapes': 6338, 'total_links': 390, 'num_tensors': 98}
2026-08-26 14:44:40,871 [INFO] [8R/2333](swap: 13, u: 0 | c_u: 0 | t_u_l: 28/992 | t_u_r: 16/992 | t_u: 44/1984) -> {'max_bond': 256, 'max_links': 4, 'total_elems': 936204, 'total_shapes': 6802, 'total_links': 390, 'num_tensors': 98}
2026-08-26 14:44:42,751 [INFO]     [start unswap] -> {'max_bond': 256, 'max_links': 4, 'total_elems': 936204, 'total_shapes': 6802, 'total_links': 390, 'num_tensors': 98}
2026-08-26 14:44:53,973 [INFO]     [0 | both | 0](candidate_pairs: 49/49 | new_swaps: 8 | total: 8) -> {'max_bond': 256, 'max_links': 4, 'total_elems': 1177164, 'total_shapes': 6898, 'total_links': 390, 'num_tensors': 98}
2026-08-26 14:45:05,462 [INFO]     [0 | both | 1](candidate_pairs: 48/48 | new_swaps: 14 | total: 22) -> {'max_bond': 256, 'max_links': 4, 'total_elems': 826444, 'total_shapes': 5514, 'total_links': 390, 'num_tensors': 98}
2026-08-26 14:45:07,880 [INFO]     [0 | left | 0](candidate_pairs: 49/49 | new_swaps: 23 | total: 45) -> {'max_bond': 128, 'max_links': 4, 'total_elems': 435244, 'total_shapes': 4112, 'total_links': 390, 'num_tensors': 98}
2026-08-26 14:45:09,411 [INFO]     [0 | left | 1](candidate_pairs: 48/48 | new_swaps: 22 | total: 67) -> {'max_bond': 128, 'max_links': 4, 'total_elems': 216104, 'total_shapes': 3160, 'total_links': 390, 'num_tensors': 98}
2026-08-26 14:45:09,811 [INFO]     [0 | right | 0](candidate_pairs: 49/49 | new_swaps: 14 | total: 81) -> {'max_bond': 64, 'max_links': 4, 'total_elems': 112648, 'total_shapes': 2544, 'total_links': 390, 'num_tensors': 98}
2026-08-26 14:45:10,015 [INFO]     [0 | right | 1](candidate_pairs: 48/48 | new_swaps: 10 | total: 91) -> {'max_bond': 64, 'max_links': 4, 'total_elems': 75752, 'total_shapes': 2200, 'total_links': 390, 'num_tensors': 98}
2026-08-26 14:45:10,263 [INFO]     [1 | both | 0](candidate_pairs: 49/49 | new_swaps: 18 | total: 18) -> {'max_bond': 64, 'max_links': 4, 'total_elems': 31176, 'total_shapes': 1736, 'total_links': 390, 'num_tensors': 98}
2026-08-26 14:45:10,417 [INFO]     [1 | both | 1](candidate_pairs: 48/48 | new_swaps: 12 | total: 30) -> {'max_bond': 32, 'max_links': 4, 'total_elems': 20492, 'total_shapes': 1506, 'total_links': 390, 'num_tensors': 98}
2026-08-26 14:45:10,499 [INFO]     [1 | left | 0](candidate_pairs: 49/49 | new_swaps: 6 | total: 36) -> {'max_bond': 32, 'max_links': 4, 'total_elems': 16748, 'total_shapes': 1418, 'total_links': 390, 'num_tensors': 98}
2026-08-26 14:45:10,576 [INFO]     [1 | left | 1](candidate_pairs: 48/48 | new_swaps: 6 | total: 42) -> {'max_bond': 16, 'max_links': 4, 'total_elems': 12588, 'total_shapes': 1314, 'total_links': 390, 'num_tensors': 98}
2026-08-26 14:45:11,984 [INFO]     [1 | right | 0](candidate_pairs: 49/49 | new_swaps: 8 | total: 50) -> {'max_bond': 16, 'max_links': 4, 'total_elems': 10548, 'total_shapes': 1236, 'total_links': 390, 'num_tensors': 98}
2026-08-26 14:45:12,043 [INFO]     [1 | right | 1](candidate_pairs: 48/48 | new_swaps: 1 | total: 51) -> {'max_bond': 16, 'max_links': 4, 'total_elems': 10356, 'total_shapes': 1228, 'total_links': 390, 'num_tensors': 98}
2026-08-26 14:45:12,171 [INFO]     [2 | both | 0](candidate_pairs: 49/49 | new_swaps: 7 | total: 7) -> {'max_bond': 16, 'max_links': 4, 'total_elems': 9708, 'total_shapes': 1188, 'total_links': 390, 'num_tensors': 98}
2026-08-26 14:45:12,297 [INFO]     [2 | both | 1](candidate_pairs: 48/48 | new_swaps: 5 | total: 12) -> {'max_bond': 16, 'max_links': 4, 'total_elems': 9224, 'total_shapes': 1162, 'total_links': 390, 'num_tensors': 98}
2026-08-26 14:45:12,369 [INFO]     [2 | left | 0](candidate_pairs: 49/49 | new_swaps: 1 | total: 13) -> {'max_bond': 16, 'max_links': 4, 'total_elems': 9160, 'total_shapes': 1158, 'total_links': 390, 'num_tensors': 98}
2026-08-26 14:45:12,441 [INFO]     [2 | left | 1](candidate_pairs: 48/48 | new_swaps: 3 | total: 16) -> {'max_bond': 16, 'max_links': 4, 'total_elems': 8804, 'total_shapes': 1136, 'total_links': 390, 'num_tensors': 98}
2026-08-26 14:45:12,508 [INFO]     [2 | right | 0](candidate_pairs: 49/49 | new_swaps: 2 | total: 18) -> {'max_bond': 16, 'max_links': 4, 'total_elems': 8516, 'total_shapes': 1120, 'total_links': 390, 'num_tensors': 98}
2026-08-26 14:45:12,539 [INFO]     [2 | right | 1](candidate_pairs: 48/48 | new_swaps: 0 | total: 18) -> {'max_bond': 16, 'max_links': 4, 'total_elems': 8516, 'total_shapes': 1120, 'total_links': 390, 'num_tensors': 98}
2026-08-26 14:45:12,663 [INFO]     [3 | both | 0](candidate_pairs: 49/49 | new_swaps: 1 | total: 1) -> {'max_bond': 16, 'max_links': 4, 'total_elems': 8468, 'total_shapes': 1116, 'total_links': 390, 'num_tensors': 98}
2026-08-26 14:45:12,722 [INFO]     [3 | both | 1](candidate_pairs: 48/48 | new_swaps: 0 | total: 1) -> {'max_bond': 16, 'max_links': 4, 'total_elems': 8468, 'total_shapes': 1116, 'total_links': 390, 'num_tensors': 98}
2026-08-26 14:45:12,780 [INFO]     [3 | left | 0](candidate_pairs: 49/49 | new_swaps: 1 | total: 2) -> {'max_bond': 16, 'max_links': 4, 'total_elems': 8420, 'total_shapes': 1112, 'total_links': 390, 'num_tensors': 98}
2026-08-26 14:45:12,811 [INFO]     [3 | left | 1](candidate_pairs: 48/48 | new_swaps: 0 | total: 2) -> {'max_bond': 16, 'max_links': 4, 'total_elems': 8420, 'total_shapes': 1112, 'total_links': 390, 'num_tensors': 98}
2026-08-26 14:45:12,841 [INFO]     [3 | right | 0](candidate_pairs: 49/49 | new_swaps: 0 | total: 2) -> {'max_bond': 16, 'max_links': 4, 'total_elems': 8420, 'total_shapes': 1112, 'total_links': 390, 'num_tensors': 98}
2026-08-26 14:45:12,907 [INFO]     [3 | right | 1](candidate_pairs: 48/48 | new_swaps: 1 | total: 3) -> {'max_bond': 16, 'max_links': 4, 'total_elems': 8372, 'total_shapes': 1106, 'total_links': 390, 'num_tensors': 98}
2026-08-26 14:45:13,018 [INFO]     [4 | both | 0](candidate_pairs: 49/49 | new_swaps: 1 | total: 1) -> {'max_bond': 16, 'max_links': 4, 'total_elems': 8360, 'total_shapes': 1104, 'total_links': 390, 'num_tensors': 98}
2026-08-26 14:45:13,140 [INFO]     [4 | both | 1](candidate_pairs: 48/48 | new_swaps: 2 | total: 3) -> {'max_bond': 16, 'max_links': 4, 'total_elems': 8300, 'total_shapes': 1098, 'total_links': 390, 'num_tensors': 98}
2026-08-26 14:45:13,197 [INFO]     [4 | left | 0](candidate_pairs: 49/49 | new_swaps: 1 | total: 4) -> {'max_bond': 16, 'max_links': 4, 'total_elems': 8252, 'total_shapes': 1094, 'total_links': 390, 'num_tensors': 98}
2026-08-26 14:45:13,229 [INFO]     [4 | left | 1](candidate_pairs: 48/48 | new_swaps: 0 | total: 4) -> {'max_bond': 16, 'max_links': 4, 'total_elems': 8252, 'total_shapes': 1094, 'total_links': 390, 'num_tensors': 98}
2026-08-26 14:45:13,260 [INFO]     [4 | right | 0](candidate_pairs: 49/49 | new_swaps: 0 | total: 4) -> {'max_bond': 16, 'max_links': 4, 'total_elems': 8252, 'total_shapes': 1094, 'total_links': 390, 'num_tensors': 98}
2026-08-26 14:45:13,290 [INFO]     [4 | right | 1](candidate_pairs: 48/48 | new_swaps: 0 | total: 4) -> {'max_bond': 16, 'max_links': 4, 'total_elems': 8252, 'total_shapes': 1094, 'total_links': 390, 'num_tensors': 98}
2026-08-26 14:45:13,350 [INFO]     [5 | both | 0](candidate_pairs: 49/49 | new_swaps: 0 | total: 0) -> {'max_bond': 16, 'max_links': 4, 'total_elems': 8252, 'total_shapes': 1094, 'total_links': 390, 'num_tensors': 98}
2026-08-26 14:45:13,410 [INFO]     [5 | both | 1](candidate_pairs: 48/48 | new_swaps: 0 | total: 0) -> {'max_bond': 16, 'max_links': 4, 'total_elems': 8252, 'total_shapes': 1094, 'total_links': 390, 'num_tensors': 98}
2026-08-26 14:45:13,441 [INFO]     [5 | left | 0](candidate_pairs: 49/49 | new_swaps: 0 | total: 0) -> {'max_bond': 16, 'max_links': 4, 'total_elems': 8252, 'total_shapes': 1094, 'total_links': 390, 'num_tensors': 98}
2026-08-26 14:45:13,473 [INFO]     [5 | left | 1](candidate_pairs: 48/48 | new_swaps: 0 | total: 0) -> {'max_bond': 16, 'max_links': 4, 'total_elems': 8252, 'total_shapes': 1094, 'total_links': 390, 'num_tensors': 98}
2026-08-26 14:45:13,503 [INFO]     [5 | right | 0](candidate_pairs: 49/49 | new_swaps: 0 | total: 0) -> {'max_bond': 16, 'max_links': 4, 'total_elems': 8252, 'total_shapes': 1094, 'total_links': 390, 'num_tensors': 98}
2026-08-26 14:45:13,533 [INFO]     [5 | right | 1](candidate_pairs: 48/48 | new_swaps: 0 | total: 0) -> {'max_bond': 16, 'max_links': 4, 'total_elems': 8252, 'total_shapes': 1094, 'total_links': 390, 'num_tensors': 98}
2026-08-26 14:45:13,534 [INFO]     [end unswap] -> {'max_bond': 16, 'max_links': 4, 'total_elems': 8252, 'total_shapes': 1094, 'total_links': 390, 'num_tensors': 98}
2026-08-26 14:45:13,564 [INFO] [start rewire](phase=post_unswap, cycle=15, side=left, layers=2229, trials=20, seed=123, parallel=False, route_candidates=2, route_score=lookahead_total)
2026-08-26 14:45:22,072 [INFO] [end rewire](phase=post_unswap, cycle=15, side=left, routed_layers=2602, elapsed_s=8.51)
2026-08-26 14:45:22,072 [INFO] [start rewire](phase=post_unswap, cycle=15, side=right, layers=2327, trials=20, seed=123, parallel=False, route_candidates=2, route_score=lookahead_total)
2026-08-26 14:45:27,631 [INFO] [end rewire](phase=post_unswap, cycle=15, side=right, routed_layers=2110, elapsed_s=5.56)
[Cycle 15] 44/1984 gates (2.2 %) after 636 sec
2026-08-26 14:45:27,740 [INFO] [1L/2600](swap: 18, u: 0 | c_u: 0 | t_u_l: 28/992 | t_u_r: 16/992 | t_u: 44/1984) -> {'max_bond': 16, 'max_links': 4, 'total_elems': 8252, 'total_shapes': 1094, 'total_links': 390, 'num_tensors': 98}
2026-08-26 14:45:27,818 [INFO] [2L/2600](swap: 18, u: 0 | c_u: 0 | t_u_l: 28/992 | t_u_r: 16/992 | t_u: 44/1984) -> {'max_bond': 16, 'max_links': 4, 'total_elems': 9868, 'total_shapes': 1248, 'total_links': 390, 'num_tensors': 98}
2026-08-26 14:45:27,897 [INFO] [3L/2600](swap: 19, u: 0 | c_u: 0 | t_u_l: 28/992 | t_u_r: 16/992 | t_u: 44/1984) -> {'max_bond': 16, 'max_links': 4, 'total_elems': 14836, 'total_shapes': 1444, 'total_links': 390, 'num_tensors': 98}
2026-08-26 14:45:27,979 [INFO] [1R/2108](swap: 20, u: 0 | c_u: 0 | t_u_l: 28/992 | t_u_r: 16/992 | t_u: 44/1984) -> {'max_bond': 32, 'max_links': 4, 'total_elems': 20288, 'total_shapes': 1640, 'total_links': 390, 'num_tensors': 98}
2026-08-26 14:45:28,065 [INFO] [2R/2108](swap: 13, u: 0 | c_u: 0 | t_u_l: 28/992 | t_u_r: 16/992 | t_u: 44/1984) -> {'max_bond': 32, 'max_links': 4, 'total_elems': 31864, 'total_shapes': 1896, 'total_links': 390, 'num_tensors': 98}
2026-08-26 14:45:28,158 [INFO] [3R/2108](swap: 13, u: 0 | c_u: 0 | t_u_l: 28/992 | t_u_r: 16/992 | t_u: 44/1984) -> {'max_bond': 32, 'max_links': 4, 'total_elems': 45224, 'total_shapes': 2156, 'total_links': 390, 'num_tensors': 98}
2026-08-26 14:45:28,255 [INFO] [4R/2108](swap: 12, u: 0 | c_u: 0 | t_u_l: 28/992 | t_u_r: 16/992 | t_u: 44/1984) -> {'max_bond': 32, 'max_links': 4, 'total_elems': 61208, 'total_shapes': 2424, 'total_links': 390, 'num_tensors': 98}
2026-08-26 14:45:28,359 [INFO] [5R/2108](swap: 13, u: 0 | c_u: 0 | t_u_l: 28/992 | t_u_r: 16/992 | t_u: 44/1984) -> {'max_bond': 32, 'max_links': 4, 'total_elems': 75304, 'total_shapes': 2708, 'total_links': 390, 'num_tensors': 98}
2026-08-26 14:45:28,471 [INFO] [6R/2108](swap: 11, u: 0 | c_u: 0 | t_u_l: 28/992 | t_u_r: 16/992 | t_u: 44/1984) -> {'max_bond': 64, 'max_links': 4, 'total_elems': 113096, 'total_shapes': 3176, 'total_links': 390, 'num_tensors': 98}
2026-08-26 14:45:28,634 [INFO] [7R/2108](swap: 11, u: 0 | c_u: 0 | t_u_l: 28/992 | t_u_r: 16/992 | t_u: 44/1984) -> {'max_bond': 128, 'max_links': 4, 'total_elems': 190532, 'total_shapes': 3606, 'total_links': 390, 'num_tensors': 98}
2026-08-26 14:45:28,942 [INFO] [8R/2108](swap: 11, u: 0 | c_u: 0 | t_u_l: 28/992 | t_u_r: 16/992 | t_u: 44/1984) -> {'max_bond': 256, 'max_links': 4, 'total_elems': 315812, 'total_shapes': 4252, 'total_links': 390, 'num_tensors': 98}
2026-08-26 14:45:29,537 [INFO] [9R/2108](swap: 12, u: 1 | c_u: 1 | t_u_l: 28/992 | t_u_r: 17/992 | t_u: 45/1984) -> {'max_bond': 256, 'max_links': 4, 'total_elems': 603684, 'total_shapes': 5108, 'total_links': 390, 'num_tensors': 98}
2026-08-26 14:45:30,902 [INFO] [10R/2108](swap: 13, u: 0 | c_u: 1 | t_u_l: 28/992 | t_u_r: 17/992 | t_u: 45/1984) -> {'max_bond': 256, 'max_links': 4, 'total_elems': 908512, 'total_shapes': 5978, 'total_links': 390, 'num_tensors': 98}
2026-08-26 14:45:33,730 [INFO]     [start unswap] -> {'max_bond': 256, 'max_links': 4, 'total_elems': 908512, 'total_shapes': 5978, 'total_links': 390, 'num_tensors': 98}
2026-08-26 14:45:43,361 [INFO]     [0 | both | 0](candidate_pairs: 49/49 | new_swaps: 9 | total: 9) -> {'max_bond': 256, 'max_links': 4, 'total_elems': 1187364, 'total_shapes': 6608, 'total_links': 390, 'num_tensors': 98}
2026-08-26 14:45:53,297 [INFO]     [0 | both | 1](candidate_pairs: 48/48 | new_swaps: 16 | total: 25) -> {'max_bond': 256, 'max_links': 4, 'total_elems': 908388, 'total_shapes': 5368, 'total_links': 390, 'num_tensors': 98}
2026-08-26 14:45:56,463 [INFO]     [0 | left | 0](candidate_pairs: 49/49 | new_swaps: 18 | total: 43) -> {'max_bond': 256, 'max_links': 4, 'total_elems': 594292, 'total_shapes': 4344, 'total_links': 390, 'num_tensors': 98}
2026-08-26 14:45:59,017 [INFO]     [0 | left | 1](candidate_pairs: 48/48 | new_swaps: 15 | total: 58) -> {'max_bond': 256, 'max_links': 4, 'total_elems': 314532, 'total_shapes': 3548, 'total_links': 390, 'num_tensors': 98}
2026-08-26 14:45:59,591 [INFO]     [0 | right | 0](candidate_pairs: 49/49 | new_swaps: 12 | total: 70) -> {'max_bond': 128, 'max_links': 4, 'total_elems': 195576, 'total_shapes': 3034, 'total_links': 390, 'num_tensors': 98}
2026-08-26 14:46:00,118 [INFO]     [0 | right | 1](candidate_pairs: 48/48 | new_swaps: 10 | total: 80) -> {'max_bond': 128, 'max_links': 4, 'total_elems': 89224, 'total_shapes': 2582, 'total_links': 390, 'num_tensors': 98}
2026-08-26 14:46:00,361 [INFO]     [1 | both | 0](candidate_pairs: 49/49 | new_swaps: 13 | total: 13) -> {'max_bond': 64, 'max_links': 4, 'total_elems': 51628, 'total_shapes': 2148, 'total_links': 390, 'num_tensors': 98}
2026-08-26 14:46:00,552 [INFO]     [1 | both | 1](candidate_pairs: 48/48 | new_swaps: 9 | total: 22) -> {'max_bond': 64, 'max_links': 4, 'total_elems': 39856, 'total_shapes': 1970, 'total_links': 390, 'num_tensors': 98}
2026-08-26 14:46:00,643 [INFO]     [1 | left | 0](candidate_pairs: 49/49 | new_swaps: 5 | total: 27) -> {'max_bond': 32, 'max_links': 4, 'total_elems': 31536, 'total_shapes': 1816, 'total_links': 390, 'num_tensors': 98}
2026-08-26 14:46:00,730 [INFO]     [1 | left | 1](candidate_pairs: 48/48 | new_swaps: 8 | total: 35) -> {'max_bond': 32, 'max_links': 4, 'total_elems': 28400, 'total_shapes': 1708, 'total_links': 390, 'num_tensors': 98}
2026-08-26 14:46:00,811 [INFO]     [1 | right | 0](candidate_pairs: 49/49 | new_swaps: 4 | total: 39) -> {'max_bond': 32, 'max_links': 4, 'total_elems': 27284, 'total_shapes': 1662, 'total_links': 390, 'num_tensors': 98}
2026-08-26 14:46:00,890 [INFO]     [1 | right | 1](candidate_pairs: 48/48 | new_swaps: 2 | total: 41) -> {'max_bond': 32, 'max_links': 4, 'total_elems': 26072, 'total_shapes': 1632, 'total_links': 390, 'num_tensors': 98}
2026-08-26 14:46:01,043 [INFO]     [2 | both | 0](candidate_pairs: 49/49 | new_swaps: 9 | total: 9) -> {'max_bond': 32, 'max_links': 4, 'total_elems': 23392, 'total_shapes': 1544, 'total_links': 390, 'num_tensors': 98}
2026-08-26 14:46:01,189 [INFO]     [2 | both | 1](candidate_pairs: 48/48 | new_swaps: 6 | total: 15) -> {'max_bond': 32, 'max_links': 4, 'total_elems': 21880, 'total_shapes': 1488, 'total_links': 390, 'num_tensors': 98}
2026-08-26 14:46:01,266 [INFO]     [2 | left | 0](candidate_pairs: 49/49 | new_swaps: 3 | total: 18) -> {'max_bond': 32, 'max_links': 4, 'total_elems': 21184, 'total_shapes': 1456, 'total_links': 390, 'num_tensors': 98}
2026-08-26 14:46:01,343 [INFO]     [2 | left | 1](candidate_pairs: 48/48 | new_swaps: 2 | total: 20) -> {'max_bond': 32, 'max_links': 4, 'total_elems': 20624, 'total_shapes': 1436, 'total_links': 390, 'num_tensors': 98}
2026-08-26 14:46:01,417 [INFO]     [2 | right | 0](candidate_pairs: 49/49 | new_swaps: 2 | total: 22) -> {'max_bond': 32, 'max_links': 4, 'total_elems': 20440, 'total_shapes': 1420, 'total_links': 390, 'num_tensors': 98}
2026-08-26 14:46:01,493 [INFO]     [2 | right | 1](candidate_pairs: 48/48 | new_swaps: 3 | total: 25) -> {'max_bond': 32, 'max_links': 4, 'total_elems': 19592, 'total_shapes': 1396, 'total_links': 390, 'num_tensors': 98}
2026-08-26 14:46:01,635 [INFO]     [3 | both | 0](candidate_pairs: 49/49 | new_swaps: 5 | total: 5) -> {'max_bond': 32, 'max_links': 4, 'total_elems': 18688, 'total_shapes': 1364, 'total_links': 390, 'num_tensors': 98}
2026-08-26 14:46:01,774 [INFO]     [3 | both | 1](candidate_pairs: 48/48 | new_swaps: 3 | total: 8) -> {'max_bond': 32, 'max_links': 4, 'total_elems': 18532, 'total_shapes': 1350, 'total_links': 390, 'num_tensors': 98}
2026-08-26 14:46:01,810 [INFO]     [3 | left | 0](candidate_pairs: 49/49 | new_swaps: 0 | total: 8) -> {'max_bond': 32, 'max_links': 4, 'total_elems': 18532, 'total_shapes': 1350, 'total_links': 390, 'num_tensors': 98}
2026-08-26 14:46:01,887 [INFO]     [3 | left | 1](candidate_pairs: 48/48 | new_swaps: 2 | total: 10) -> {'max_bond': 32, 'max_links': 4, 'total_elems': 17716, 'total_shapes': 1330, 'total_links': 390, 'num_tensors': 98}
2026-08-26 14:46:01,947 [INFO]     [3 | right | 0](candidate_pairs: 49/49 | new_swaps: 1 | total: 11) -> {'max_bond': 32, 'max_links': 4, 'total_elems': 17668, 'total_shapes': 1326, 'total_links': 390, 'num_tensors': 98}
2026-08-26 14:46:01,983 [INFO]     [3 | right | 1](candidate_pairs: 48/48 | new_swaps: 0 | total: 11) -> {'max_bond': 32, 'max_links': 4, 'total_elems': 17668, 'total_shapes': 1326, 'total_links': 390, 'num_tensors': 98}
2026-08-26 14:46:02,105 [INFO]     [4 | both | 0](candidate_pairs: 49/49 | new_swaps: 1 | total: 1) -> {'max_bond': 32, 'max_links': 4, 'total_elems': 17620, 'total_shapes': 1322, 'total_links': 390, 'num_tensors': 98}
2026-08-26 14:46:02,179 [INFO]     [4 | both | 1](candidate_pairs: 48/48 | new_swaps: 0 | total: 1) -> {'max_bond': 32, 'max_links': 4, 'total_elems': 17620, 'total_shapes': 1322, 'total_links': 390, 'num_tensors': 98}
2026-08-26 14:46:02,215 [INFO]     [4 | left | 0](candidate_pairs: 49/49 | new_swaps: 0 | total: 1) -> {'max_bond': 32, 'max_links': 4, 'total_elems': 17620, 'total_shapes': 1322, 'total_links': 390, 'num_tensors': 98}
2026-08-26 14:46:02,252 [INFO]     [4 | left | 1](candidate_pairs: 48/48 | new_swaps: 0 | total: 1) -> {'max_bond': 32, 'max_links': 4, 'total_elems': 17620, 'total_shapes': 1322, 'total_links': 390, 'num_tensors': 98}
2026-08-26 14:46:02,286 [INFO]     [4 | right | 0](candidate_pairs: 49/49 | new_swaps: 0 | total: 1) -> {'max_bond': 32, 'max_links': 4, 'total_elems': 17620, 'total_shapes': 1322, 'total_links': 390, 'num_tensors': 98}
2026-08-26 14:46:02,322 [INFO]     [4 | right | 1](candidate_pairs: 48/48 | new_swaps: 0 | total: 1) -> {'max_bond': 32, 'max_links': 4, 'total_elems': 17620, 'total_shapes': 1322, 'total_links': 390, 'num_tensors': 98}
2026-08-26 14:46:02,392 [INFO]     [5 | both | 0](candidate_pairs: 49/49 | new_swaps: 0 | total: 0) -> {'max_bond': 32, 'max_links': 4, 'total_elems': 17620, 'total_shapes': 1322, 'total_links': 390, 'num_tensors': 98}
2026-08-26 14:46:02,466 [INFO]     [5 | both | 1](candidate_pairs: 48/48 | new_swaps: 0 | total: 0) -> {'max_bond': 32, 'max_links': 4, 'total_elems': 17620, 'total_shapes': 1322, 'total_links': 390, 'num_tensors': 98}
2026-08-26 14:46:02,501 [INFO]     [5 | left | 0](candidate_pairs: 49/49 | new_swaps: 0 | total: 0) -> {'max_bond': 32, 'max_links': 4, 'total_elems': 17620, 'total_shapes': 1322, 'total_links': 390, 'num_tensors': 98}
2026-08-26 14:46:02,538 [INFO]     [5 | left | 1](candidate_pairs: 48/48 | new_swaps: 0 | total: 0) -> {'max_bond': 32, 'max_links': 4, 'total_elems': 17620, 'total_shapes': 1322, 'total_links': 390, 'num_tensors': 98}
2026-08-26 14:46:02,572 [INFO]     [5 | right | 0](candidate_pairs: 49/49 | new_swaps: 0 | total: 0) -> {'max_bond': 32, 'max_links': 4, 'total_elems': 17620, 'total_shapes': 1322, 'total_links': 390, 'num_tensors': 98}
2026-08-26 14:46:02,608 [INFO]     [5 | right | 1](candidate_pairs: 48/48 | new_swaps: 0 | total: 0) -> {'max_bond': 32, 'max_links': 4, 'total_elems': 17620, 'total_shapes': 1322, 'total_links': 390, 'num_tensors': 98}
2026-08-26 14:46:02,609 [INFO]     [end unswap] -> {'max_bond': 32, 'max_links': 4, 'total_elems': 17620, 'total_shapes': 1322, 'total_links': 390, 'num_tensors': 98}
2026-08-26 14:46:02,640 [INFO] [start rewire](phase=post_unswap, cycle=16, side=left, layers=2599, trials=20, seed=123, parallel=False, route_candidates=2, route_score=lookahead_total)
2026-08-26 14:46:11,017 [INFO] [end rewire](phase=post_unswap, cycle=16, side=left, routed_layers=2334, elapsed_s=8.38)
2026-08-26 14:46:11,017 [INFO] [start rewire](phase=post_unswap, cycle=16, side=right, layers=2100, trials=20, seed=123, parallel=False, route_candidates=2, route_score=lookahead_total)
2026-08-26 14:46:22,681 [INFO] [end rewire](phase=post_unswap, cycle=16, side=right, routed_layers=2237, elapsed_s=11.66)
[Cycle 16] 45/1984 gates (2.3 %) after 691 sec
2026-08-26 14:46:22,796 [INFO] [1L/2332](swap: 17, u: 0 | c_u: 0 | t_u_l: 28/992 | t_u_r: 17/992 | t_u: 45/1984) -> {'max_bond': 32, 'max_links': 4, 'total_elems': 17620, 'total_shapes': 1322, 'total_links': 390, 'num_tensors': 98}
2026-08-26 14:46:22,880 [INFO] [2L/2332](swap: 18, u: 0 | c_u: 0 | t_u_l: 28/992 | t_u_r: 17/992 | t_u: 45/1984) -> {'max_bond': 32, 'max_links': 4, 'total_elems': 20292, 'total_shapes': 1476, 'total_links': 390, 'num_tensors': 98}
2026-08-26 14:46:22,965 [INFO] [1R/2235](swap: 15, u: 0 | c_u: 0 | t_u_l: 28/992 | t_u_r: 17/992 | t_u: 45/1984) -> {'max_bond': 32, 'max_links': 4, 'total_elems': 22472, 'total_shapes': 1580, 'total_links': 390, 'num_tensors': 98}
2026-08-26 14:46:23,049 [INFO] [2R/2235](swap: 13, u: 0 | c_u: 0 | t_u_l: 28/992 | t_u_r: 17/992 | t_u: 45/1984) -> {'max_bond': 32, 'max_links': 4, 'total_elems': 29236, 'total_shapes': 1760, 'total_links': 390, 'num_tensors': 98}
2026-08-26 14:46:23,137 [INFO] [3R/2235](swap: 14, u: 0 | c_u: 0 | t_u_l: 28/992 | t_u_r: 17/992 | t_u: 45/1984) -> {'max_bond': 32, 'max_links': 4, 'total_elems': 37312, 'total_shapes': 1964, 'total_links': 390, 'num_tensors': 98}
2026-08-26 14:46:23,229 [INFO] [3L/2332](swap: 20, u: 0 | c_u: 0 | t_u_l: 28/992 | t_u_r: 17/992 | t_u: 45/1984) -> {'max_bond': 32, 'max_links': 4, 'total_elems': 54440, 'total_shapes': 2288, 'total_links': 390, 'num_tensors': 98}
2026-08-26 14:46:23,342 [INFO] [4R/2235](swap: 12, u: 0 | c_u: 0 | t_u_l: 28/992 | t_u_r: 17/992 | t_u: 45/1984) -> {'max_bond': 64, 'max_links': 4, 'total_elems': 80328, 'total_shapes': 2682, 'total_links': 390, 'num_tensors': 98}
2026-08-26 14:46:23,476 [INFO] [5R/2235](swap: 14, u: 0 | c_u: 0 | t_u_l: 28/992 | t_u_r: 17/992 | t_u: 45/1984) -> {'max_bond': 64, 'max_links': 4, 'total_elems': 143428, 'total_shapes': 3224, 'total_links': 390, 'num_tensors': 98}
2026-08-26 14:46:23,678 [INFO] [4L/2332](swap: 16, u: 0 | c_u: 0 | t_u_l: 28/992 | t_u_r: 17/992 | t_u: 45/1984) -> {'max_bond': 128, 'max_links': 4, 'total_elems': 215776, 'total_shapes': 3878, 'total_links': 390, 'num_tensors': 98}
2026-08-26 14:46:23,963 [INFO] [5L/2332](swap: 17, u: 0 | c_u: 0 | t_u_l: 28/992 | t_u_r: 17/992 | t_u: 45/1984) -> {'max_bond': 128, 'max_links': 4, 'total_elems': 378432, 'total_shapes': 4652, 'total_links': 390, 'num_tensors': 98}
2026-08-26 14:46:24,493 [INFO] [6R/2235](swap: 15, u: 0 | c_u: 0 | t_u_l: 28/992 | t_u_r: 17/992 | t_u: 45/1984) -> {'max_bond': 256, 'max_links': 4, 'total_elems': 535136, 'total_shapes': 5530, 'total_links': 390, 'num_tensors': 98}
2026-08-26 14:46:25,568 [INFO]     [start unswap] -> {'max_bond': 256, 'max_links': 4, 'total_elems': 535136, 'total_shapes': 5530, 'total_links': 390, 'num_tensors': 98}
2026-08-26 14:46:31,238 [INFO]     [0 | both | 0](candidate_pairs: 49/49 | new_swaps: 6 | total: 6) -> {'max_bond': 256, 'max_links': 4, 'total_elems': 1138272, 'total_shapes': 7154, 'total_links': 390, 'num_tensors': 98}
2026-08-26 14:46:38,028 [INFO]     [0 | both | 1](candidate_pairs: 48/48 | new_swaps: 11 | total: 17) -> {'max_bond': 256, 'max_links': 4, 'total_elems': 656096, 'total_shapes': 5954, 'total_links': 390, 'num_tensors': 98}
2026-08-26 14:46:39,224 [INFO]     [0 | left | 0](candidate_pairs: 49/49 | new_swaps: 20 | total: 37) -> {'max_bond': 128, 'max_links': 4, 'total_elems': 245020, 'total_shapes': 4192, 'total_links': 390, 'num_tensors': 98}
2026-08-26 14:46:39,608 [INFO]     [0 | left | 1](candidate_pairs: 48/48 | new_swaps: 20 | total: 57) -> {'max_bond': 64, 'max_links': 4, 'total_elems': 111580, 'total_shapes': 3124, 'total_links': 390, 'num_tensors': 98}
2026-08-26 14:46:39,743 [INFO]     [0 | right | 0](candidate_pairs: 49/49 | new_swaps: 8 | total: 65) -> {'max_bond': 64, 'max_links': 4, 'total_elems': 96028, 'total_shapes': 2804, 'total_links': 390, 'num_tensors': 98}
2026-08-26 14:46:39,903 [INFO]     [0 | right | 1](candidate_pairs: 48/48 | new_swaps: 12 | total: 77) -> {'max_bond': 64, 'max_links': 4, 'total_elems': 80096, 'total_shapes': 2574, 'total_links': 390, 'num_tensors': 98}
2026-08-26 14:46:40,138 [INFO]     [1 | both | 0](candidate_pairs: 49/49 | new_swaps: 17 | total: 17) -> {'max_bond': 64, 'max_links': 4, 'total_elems': 53428, 'total_shapes': 2188, 'total_links': 390, 'num_tensors': 98}
2026-08-26 14:46:40,347 [INFO]     [1 | both | 1](candidate_pairs: 48/48 | new_swaps: 6 | total: 23) -> {'max_bond': 32, 'max_links': 4, 'total_elems': 41844, 'total_shapes': 1996, 'total_links': 390, 'num_tensors': 98}
2026-08-26 14:46:40,445 [INFO]     [1 | left | 0](candidate_pairs: 49/49 | new_swaps: 11 | total: 34) -> {'max_bond': 32, 'max_links': 4, 'total_elems': 32436, 'total_shapes': 1818, 'total_links': 390, 'num_tensors': 98}
2026-08-26 14:46:40,532 [INFO]     [1 | left | 1](candidate_pairs: 48/48 | new_swaps: 7 | total: 41) -> {'max_bond': 32, 'max_links': 4, 'total_elems': 29508, 'total_shapes': 1722, 'total_links': 390, 'num_tensors': 98}
2026-08-26 14:46:40,612 [INFO]     [1 | right | 0](candidate_pairs: 49/49 | new_swaps: 3 | total: 44) -> {'max_bond': 32, 'max_links': 4, 'total_elems': 28192, 'total_shapes': 1684, 'total_links': 390, 'num_tensors': 98}
2026-08-26 14:46:40,679 [INFO]     [1 | right | 1](candidate_pairs: 48/48 | new_swaps: 1 | total: 45) -> {'max_bond': 32, 'max_links': 4, 'total_elems': 27808, 'total_shapes': 1672, 'total_links': 390, 'num_tensors': 98}
2026-08-26 14:46:40,833 [INFO]     [2 | both | 0](candidate_pairs: 49/49 | new_swaps: 6 | total: 6) -> {'max_bond': 32, 'max_links': 4, 'total_elems': 26080, 'total_shapes': 1608, 'total_links': 390, 'num_tensors': 98}
2026-08-26 14:46:40,988 [INFO]     [2 | both | 1](candidate_pairs: 48/48 | new_swaps: 8 | total: 14) -> {'max_bond': 32, 'max_links': 4, 'total_elems': 22444, 'total_shapes': 1510, 'total_links': 390, 'num_tensors': 98}
2026-08-26 14:46:41,066 [INFO]     [2 | left | 0](candidate_pairs: 49/49 | new_swaps: 4 | total: 18) -> {'max_bond': 32, 'max_links': 4, 'total_elems': 21764, 'total_shapes': 1470, 'total_links': 390, 'num_tensors': 98}
2026-08-26 14:46:41,146 [INFO]     [2 | left | 1](candidate_pairs: 48/48 | new_swaps: 3 | total: 21) -> {'max_bond': 32, 'max_links': 4, 'total_elems': 21220, 'total_shapes': 1438, 'total_links': 390, 'num_tensors': 98}
2026-08-26 14:46:41,223 [INFO]     [2 | right | 0](candidate_pairs: 49/49 | new_swaps: 3 | total: 24) -> {'max_bond': 32, 'max_links': 4, 'total_elems': 19864, 'total_shapes': 1396, 'total_links': 390, 'num_tensors': 98}
2026-08-26 14:46:41,287 [INFO]     [2 | right | 1](candidate_pairs: 48/48 | new_swaps: 1 | total: 25) -> {'max_bond': 32, 'max_links': 4, 'total_elems': 19804, 'total_shapes': 1390, 'total_links': 390, 'num_tensors': 98}
2026-08-26 14:46:41,428 [INFO]     [3 | both | 0](candidate_pairs: 49/49 | new_swaps: 4 | total: 4) -> {'max_bond': 32, 'max_links': 4, 'total_elems': 19348, 'total_shapes': 1366, 'total_links': 390, 'num_tensors': 98}
2026-08-26 14:46:41,571 [INFO]     [3 | both | 1](candidate_pairs: 48/48 | new_swaps: 4 | total: 8) -> {'max_bond': 32, 'max_links': 4, 'total_elems': 18188, 'total_shapes': 1326, 'total_links': 390, 'num_tensors': 98}
2026-08-26 14:46:41,634 [INFO]     [3 | left | 0](candidate_pairs: 49/49 | new_swaps: 1 | total: 9) -> {'max_bond': 32, 'max_links': 4, 'total_elems': 17548, 'total_shapes': 1310, 'total_links': 390, 'num_tensors': 98}
2026-08-26 14:46:41,673 [INFO]     [3 | left | 1](candidate_pairs: 48/48 | new_swaps: 0 | total: 9) -> {'max_bond': 32, 'max_links': 4, 'total_elems': 17548, 'total_shapes': 1310, 'total_links': 390, 'num_tensors': 98}
2026-08-26 14:46:41,735 [INFO]     [3 | right | 0](candidate_pairs: 49/49 | new_swaps: 1 | total: 10) -> {'max_bond': 32, 'max_links': 4, 'total_elems': 17228, 'total_shapes': 1302, 'total_links': 390, 'num_tensors': 98}
2026-08-26 14:46:41,809 [INFO]     [3 | right | 1](candidate_pairs: 48/48 | new_swaps: 2 | total: 12) -> {'max_bond': 32, 'max_links': 4, 'total_elems': 16012, 'total_shapes': 1282, 'total_links': 390, 'num_tensors': 98}
2026-08-26 14:46:41,943 [INFO]     [4 | both | 0](candidate_pairs: 49/49 | new_swaps: 4 | total: 4) -> {'max_bond': 32, 'max_links': 4, 'total_elems': 13284, 'total_shapes': 1238, 'total_links': 390, 'num_tensors': 98}
2026-08-26 14:46:42,076 [INFO]     [4 | both | 1](candidate_pairs: 48/48 | new_swaps: 4 | total: 8) -> {'max_bond': 16, 'max_links': 4, 'total_elems': 10868, 'total_shapes': 1190, 'total_links': 390, 'num_tensors': 98}
2026-08-26 14:46:42,108 [INFO]     [4 | left | 0](candidate_pairs: 49/49 | new_swaps: 0 | total: 8) -> {'max_bond': 16, 'max_links': 4, 'total_elems': 10868, 'total_shapes': 1190, 'total_links': 390, 'num_tensors': 98}
2026-08-26 14:46:42,168 [INFO]     [4 | left | 1](candidate_pairs: 48/48 | new_swaps: 1 | total: 9) -> {'max_bond': 16, 'max_links': 4, 'total_elems': 9844, 'total_shapes': 1174, 'total_links': 390, 'num_tensors': 98}
2026-08-26 14:46:42,223 [INFO]     [4 | right | 0](candidate_pairs: 49/49 | new_swaps: 1 | total: 10) -> {'max_bond': 16, 'max_links': 4, 'total_elems': 9332, 'total_shapes': 1158, 'total_links': 390, 'num_tensors': 98}
2026-08-26 14:46:42,253 [INFO]     [4 | right | 1](candidate_pairs: 48/48 | new_swaps: 0 | total: 10) -> {'max_bond': 16, 'max_links': 4, 'total_elems': 9332, 'total_shapes': 1158, 'total_links': 390, 'num_tensors': 98}
2026-08-26 14:46:42,364 [INFO]     [5 | both | 0](candidate_pairs: 49/49 | new_swaps: 1 | total: 1) -> {'max_bond': 16, 'max_links': 4, 'total_elems': 8372, 'total_shapes': 1134, 'total_links': 390, 'num_tensors': 98}
2026-08-26 14:46:42,476 [INFO]     [5 | both | 1](candidate_pairs: 48/48 | new_swaps: 1 | total: 2) -> {'max_bond': 16, 'max_links': 4, 'total_elems': 7988, 'total_shapes': 1118, 'total_links': 390, 'num_tensors': 98}
2026-08-26 14:46:42,532 [INFO]     [5 | left | 0](candidate_pairs: 49/49 | new_swaps: 1 | total: 3) -> {'max_bond': 16, 'max_links': 4, 'total_elems': 7732, 'total_shapes': 1110, 'total_links': 390, 'num_tensors': 98}
2026-08-26 14:46:42,562 [INFO]     [5 | left | 1](candidate_pairs: 48/48 | new_swaps: 0 | total: 3) -> {'max_bond': 16, 'max_links': 4, 'total_elems': 7732, 'total_shapes': 1110, 'total_links': 390, 'num_tensors': 98}
2026-08-26 14:46:42,592 [INFO]     [5 | right | 0](candidate_pairs: 49/49 | new_swaps: 0 | total: 3) -> {'max_bond': 16, 'max_links': 4, 'total_elems': 7732, 'total_shapes': 1110, 'total_links': 390, 'num_tensors': 98}
2026-08-26 14:46:42,646 [INFO]     [5 | right | 1](candidate_pairs: 48/48 | new_swaps: 1 | total: 4) -> {'max_bond': 16, 'max_links': 4, 'total_elems': 7540, 'total_shapes': 1102, 'total_links': 390, 'num_tensors': 98}
2026-08-26 14:46:42,707 [INFO]     [6 | both | 0](candidate_pairs: 49/49 | new_swaps: 0 | total: 0) -> {'max_bond': 16, 'max_links': 4, 'total_elems': 7540, 'total_shapes': 1102, 'total_links': 390, 'num_tensors': 98}
2026-08-26 14:46:42,766 [INFO]     [6 | both | 1](candidate_pairs: 48/48 | new_swaps: 0 | total: 0) -> {'max_bond': 16, 'max_links': 4, 'total_elems': 7540, 'total_shapes': 1102, 'total_links': 390, 'num_tensors': 98}
2026-08-26 14:46:42,796 [INFO]     [6 | left | 0](candidate_pairs: 49/49 | new_swaps: 0 | total: 0) -> {'max_bond': 16, 'max_links': 4, 'total_elems': 7540, 'total_shapes': 1102, 'total_links': 390, 'num_tensors': 98}
2026-08-26 14:46:42,826 [INFO]     [6 | left | 1](candidate_pairs: 48/48 | new_swaps: 0 | total: 0) -> {'max_bond': 16, 'max_links': 4, 'total_elems': 7540, 'total_shapes': 1102, 'total_links': 390, 'num_tensors': 98}
2026-08-26 14:46:42,856 [INFO]     [6 | right | 0](candidate_pairs: 49/49 | new_swaps: 0 | total: 0) -> {'max_bond': 16, 'max_links': 4, 'total_elems': 7540, 'total_shapes': 1102, 'total_links': 390, 'num_tensors': 98}
2026-08-26 14:46:42,887 [INFO]     [6 | right | 1](candidate_pairs: 48/48 | new_swaps: 0 | total: 0) -> {'max_bond': 16, 'max_links': 4, 'total_elems': 7540, 'total_shapes': 1102, 'total_links': 390, 'num_tensors': 98}
2026-08-26 14:46:42,888 [INFO]     [end unswap] -> {'max_bond': 16, 'max_links': 4, 'total_elems': 7540, 'total_shapes': 1102, 'total_links': 390, 'num_tensors': 98}
2026-08-26 14:46:42,920 [INFO] [start rewire](phase=post_unswap, cycle=17, side=left, layers=2329, trials=20, seed=123, parallel=False, route_candidates=2, route_score=lookahead_total)
2026-08-26 14:46:50,341 [INFO] [end rewire](phase=post_unswap, cycle=17, side=left, routed_layers=2642, elapsed_s=7.42)
2026-08-26 14:46:50,341 [INFO] [start rewire](phase=post_unswap, cycle=17, side=right, layers=2231, trials=20, seed=123, parallel=False, route_candidates=2, route_score=lookahead_total)
2026-08-26 14:46:56,751 [INFO] [end rewire](phase=post_unswap, cycle=17, side=right, routed_layers=2348, elapsed_s=6.41)
[Cycle 17] 45/1984 gates (2.3 %) after 725 sec
2026-08-26 14:46:56,865 [INFO] [1L/2640](swap: 21, u: 0 | c_u: 0 | t_u_l: 28/992 | t_u_r: 17/992 | t_u: 45/1984) -> {'max_bond': 16, 'max_links': 4, 'total_elems': 7540, 'total_shapes': 1102, 'total_links': 390, 'num_tensors': 98}
2026-08-26 14:46:56,943 [INFO] [1R/2346](swap: 17, u: 0 | c_u: 0 | t_u_l: 28/992 | t_u_r: 17/992 | t_u: 45/1984) -> {'max_bond': 16, 'max_links': 4, 'total_elems': 10744, 'total_shapes': 1288, 'total_links': 390, 'num_tensors': 98}
2026-08-26 14:46:57,025 [INFO] [2L/2640](swap: 20, u: 1 | c_u: 1 | t_u_l: 29/992 | t_u_r: 17/992 | t_u: 46/1984) -> {'max_bond': 32, 'max_links': 4, 'total_elems': 17224, 'total_shapes': 1530, 'total_links': 390, 'num_tensors': 98}
2026-08-26 14:46:57,109 [INFO] [3L/2640](swap: 16, u: 1 | c_u: 2 | t_u_l: 30/992 | t_u_r: 17/992 | t_u: 47/1984) -> {'max_bond': 32, 'max_links': 4, 'total_elems': 24828, 'total_shapes': 1756, 'total_links': 390, 'num_tensors': 98}
2026-08-26 14:46:57,195 [INFO] [2R/2346](swap: 16, u: 0 | c_u: 2 | t_u_l: 30/992 | t_u_r: 17/992 | t_u: 47/1984) -> {'max_bond': 32, 'max_links': 4, 'total_elems': 41060, 'total_shapes': 2062, 'total_links': 390, 'num_tensors': 98}
2026-08-26 14:46:57,293 [INFO] [3R/2346](swap: 14, u: 0 | c_u: 2 | t_u_l: 30/992 | t_u_r: 17/992 | t_u: 47/1984) -> {'max_bond': 64, 'max_links': 4, 'total_elems': 58532, 'total_shapes': 2292, 'total_links': 390, 'num_tensors': 98}
2026-08-26 14:46:57,397 [INFO] [4R/2346](swap: 13, u: 0 | c_u: 2 | t_u_l: 30/992 | t_u_r: 17/992 | t_u: 47/1984) -> {'max_bond': 64, 'max_links': 4, 'total_elems': 74864, 'total_shapes': 2594, 'total_links': 390, 'num_tensors': 98}
2026-08-26 14:46:57,523 [INFO] [5R/2346](swap: 13, u: 0 | c_u: 2 | t_u_l: 30/992 | t_u_r: 17/992 | t_u: 47/1984) -> {'max_bond': 64, 'max_links': 4, 'total_elems': 99724, 'total_shapes': 3028, 'total_links': 390, 'num_tensors': 98}
2026-08-26 14:46:57,670 [INFO] [6R/2346](swap: 15, u: 0 | c_u: 2 | t_u_l: 30/992 | t_u_r: 17/992 | t_u: 47/1984) -> {'max_bond': 64, 'max_links': 4, 'total_elems': 150728, 'total_shapes': 3522, 'total_links': 390, 'num_tensors': 98}
2026-08-26 14:46:57,850 [INFO] [4L/2640](swap: 16, u: 0 | c_u: 2 | t_u_l: 30/992 | t_u_r: 17/992 | t_u: 47/1984) -> {'max_bond': 128, 'max_links': 4, 'total_elems': 234472, 'total_shapes': 4242, 'total_links': 390, 'num_tensors': 98}
2026-08-26 14:46:58,149 [INFO] [5L/2640](swap: 12, u: 0 | c_u: 2 | t_u_l: 30/992 | t_u_r: 17/992 | t_u: 47/1984) -> {'max_bond': 128, 'max_links': 4, 'total_elems': 375000, 'total_shapes': 4958, 'total_links': 390, 'num_tensors': 98}
2026-08-26 14:46:58,607 [INFO] [6L/2640](swap: 14, u: 0 | c_u: 2 | t_u_l: 30/992 | t_u_r: 17/992 | t_u: 47/1984) -> {'max_bond': 256, 'max_links': 4, 'total_elems': 619096, 'total_shapes': 6110, 'total_links': 390, 'num_tensors': 98}
2026-08-26 14:46:59,852 [INFO]     [start unswap] -> {'max_bond': 256, 'max_links': 4, 'total_elems': 619096, 'total_shapes': 6110, 'total_links': 390, 'num_tensors': 98}
2026-08-26 14:47:19,393 [INFO]     [0 | both | 0](candidate_pairs: 49/49 | new_swaps: 8 | total: 8) -> {'max_bond': 512, 'max_links': 4, 'total_elems': 1510640, 'total_shapes': 7866, 'total_links': 390, 'num_tensors': 98}
2026-08-26 14:47:26,810 [INFO]     [0 | both | 1](candidate_pairs: 48/48 | new_swaps: 12 | total: 20) -> {'max_bond': 256, 'max_links': 4, 'total_elems': 553008, 'total_shapes': 5730, 'total_links': 390, 'num_tensors': 98}
2026-08-26 14:47:27,733 [INFO]     [0 | left | 0](candidate_pairs: 49/49 | new_swaps: 22 | total: 42) -> {'max_bond': 64, 'max_links': 4, 'total_elems': 228568, 'total_shapes': 4010, 'total_links': 390, 'num_tensors': 98}
2026-08-26 14:47:28,083 [INFO]     [0 | left | 1](candidate_pairs: 48/48 | new_swaps: 23 | total: 65) -> {'max_bond': 64, 'max_links': 4, 'total_elems': 133272, 'total_shapes': 3150, 'total_links': 390, 'num_tensors': 98}
2026-08-26 14:47:28,254 [INFO]     [0 | right | 0](candidate_pairs: 49/49 | new_swaps: 6 | total: 71) -> {'max_bond': 64, 'max_links': 4, 'total_elems': 119772, 'total_shapes': 2928, 'total_links': 390, 'num_tensors': 98}
2026-08-26 14:47:28,452 [INFO]     [0 | right | 1](candidate_pairs: 48/48 | new_swaps: 11 | total: 82) -> {'max_bond': 64, 'max_links': 4, 'total_elems': 97120, 'total_shapes': 2690, 'total_links': 390, 'num_tensors': 98}
2026-08-26 14:47:28,730 [INFO]     [1 | both | 0](candidate_pairs: 49/49 | new_swaps: 20 | total: 20) -> {'max_bond': 64, 'max_links': 4, 'total_elems': 55092, 'total_shapes': 2144, 'total_links': 390, 'num_tensors': 98}
2026-08-26 14:47:28,920 [INFO]     [1 | both | 1](candidate_pairs: 48/48 | new_swaps: 10 | total: 30) -> {'max_bond': 32, 'max_links': 4, 'total_elems': 36340, 'total_shapes': 1864, 'total_links': 390, 'num_tensors': 98}
2026-08-26 14:47:29,015 [INFO]     [1 | left | 0](candidate_pairs: 49/49 | new_swaps: 8 | total: 38) -> {'max_bond': 32, 'max_links': 4, 'total_elems': 31572, 'total_shapes': 1728, 'total_links': 390, 'num_tensors': 98}
2026-08-26 14:47:29,103 [INFO]     [1 | left | 1](candidate_pairs: 48/48 | new_swaps: 8 | total: 46) -> {'max_bond': 32, 'max_links': 4, 'total_elems': 27948, 'total_shapes': 1626, 'total_links': 390, 'num_tensors': 98}
2026-08-26 14:47:29,189 [INFO]     [1 | right | 0](candidate_pairs: 49/49 | new_swaps: 4 | total: 50) -> {'max_bond': 32, 'max_links': 4, 'total_elems': 26068, 'total_shapes': 1586, 'total_links': 390, 'num_tensors': 98}
2026-08-26 14:47:29,267 [INFO]     [1 | right | 1](candidate_pairs: 48/48 | new_swaps: 4 | total: 54) -> {'max_bond': 32, 'max_links': 4, 'total_elems': 24980, 'total_shapes': 1550, 'total_links': 390, 'num_tensors': 98}
2026-08-26 14:47:29,431 [INFO]     [2 | both | 0](candidate_pairs: 49/49 | new_swaps: 2 | total: 2) -> {'max_bond': 32, 'max_links': 4, 'total_elems': 24200, 'total_shapes': 1532, 'total_links': 390, 'num_tensors': 98}
2026-08-26 14:47:29,581 [INFO]     [2 | both | 1](candidate_pairs: 48/48 | new_swaps: 8 | total: 10) -> {'max_bond': 32, 'max_links': 4, 'total_elems': 18656, 'total_shapes': 1420, 'total_links': 390, 'num_tensors': 98}
2026-08-26 14:47:29,654 [INFO]     [2 | left | 0](candidate_pairs: 49/49 | new_swaps: 3 | total: 13) -> {'max_bond': 32, 'max_links': 4, 'total_elems': 18188, 'total_shapes': 1394, 'total_links': 390, 'num_tensors': 98}
2026-08-26 14:47:29,720 [INFO]     [2 | left | 1](candidate_pairs: 48/48 | new_swaps: 1 | total: 14) -> {'max_bond': 32, 'max_links': 4, 'total_elems': 18124, 'total_shapes': 1390, 'total_links': 390, 'num_tensors': 98}
2026-08-26 14:47:29,790 [INFO]     [2 | right | 0](candidate_pairs: 49/49 | new_swaps: 2 | total: 16) -> {'max_bond': 32, 'max_links': 4, 'total_elems': 16732, 'total_shapes': 1354, 'total_links': 390, 'num_tensors': 98}
2026-08-26 14:47:29,852 [INFO]     [2 | right | 1](candidate_pairs: 48/48 | new_swaps: 1 | total: 17) -> {'max_bond': 32, 'max_links': 4, 'total_elems': 16092, 'total_shapes': 1338, 'total_links': 390, 'num_tensors': 98}
2026-08-26 14:47:29,984 [INFO]     [3 | both | 0](candidate_pairs: 49/49 | new_swaps: 4 | total: 4) -> {'max_bond': 32, 'max_links': 4, 'total_elems': 11568, 'total_shapes': 1264, 'total_links': 390, 'num_tensors': 98}
2026-08-26 14:47:30,110 [INFO]     [3 | both | 1](candidate_pairs: 48/48 | new_swaps: 2 | total: 6) -> {'max_bond': 16, 'max_links': 4, 'total_elems': 8868, 'total_shapes': 1206, 'total_links': 390, 'num_tensors': 98}
2026-08-26 14:47:30,179 [INFO]     [3 | left | 0](candidate_pairs: 49/49 | new_swaps: 2 | total: 8) -> {'max_bond': 16, 'max_links': 4, 'total_elems': 8228, 'total_shapes': 1182, 'total_links': 390, 'num_tensors': 98}
2026-08-26 14:47:30,247 [INFO]     [3 | left | 1](candidate_pairs: 48/48 | new_swaps: 1 | total: 9) -> {'max_bond': 16, 'max_links': 4, 'total_elems': 8084, 'total_shapes': 1170, 'total_links': 390, 'num_tensors': 98}
2026-08-26 14:47:30,277 [INFO]     [3 | right | 0](candidate_pairs: 49/49 | new_swaps: 0 | total: 9) -> {'max_bond': 16, 'max_links': 4, 'total_elems': 8084, 'total_shapes': 1170, 'total_links': 390, 'num_tensors': 98}
2026-08-26 14:47:30,332 [INFO]     [3 | right | 1](candidate_pairs: 48/48 | new_swaps: 1 | total: 10) -> {'max_bond': 16, 'max_links': 4, 'total_elems': 7892, 'total_shapes': 1162, 'total_links': 390, 'num_tensors': 98}
2026-08-26 14:47:30,442 [INFO]     [4 | both | 0](candidate_pairs: 49/49 | new_swaps: 1 | total: 1) -> {'max_bond': 16, 'max_links': 4, 'total_elems': 7700, 'total_shapes': 1154, 'total_links': 390, 'num_tensors': 98}
2026-08-26 14:47:30,553 [INFO]     [4 | both | 1](candidate_pairs: 48/48 | new_swaps: 1 | total: 2) -> {'max_bond': 16, 'max_links': 4, 'total_elems': 7604, 'total_shapes': 1146, 'total_links': 390, 'num_tensors': 98}
2026-08-26 14:47:30,584 [INFO]     [4 | left | 0](candidate_pairs: 49/49 | new_swaps: 0 | total: 2) -> {'max_bond': 16, 'max_links': 4, 'total_elems': 7604, 'total_shapes': 1146, 'total_links': 390, 'num_tensors': 98}
2026-08-26 14:47:30,642 [INFO]     [4 | left | 1](candidate_pairs: 48/48 | new_swaps: 1 | total: 3) -> {'max_bond': 16, 'max_links': 4, 'total_elems': 7556, 'total_shapes': 1142, 'total_links': 390, 'num_tensors': 98}
2026-08-26 14:47:30,696 [INFO]     [4 | right | 0](candidate_pairs: 49/49 | new_swaps: 1 | total: 4) -> {'max_bond': 16, 'max_links': 4, 'total_elems': 7364, 'total_shapes': 1130, 'total_links': 390, 'num_tensors': 98}
2026-08-26 14:47:30,726 [INFO]     [4 | right | 1](candidate_pairs: 48/48 | new_swaps: 0 | total: 4) -> {'max_bond': 16, 'max_links': 4, 'total_elems': 7364, 'total_shapes': 1130, 'total_links': 390, 'num_tensors': 98}
2026-08-26 14:47:30,835 [INFO]     [5 | both | 0](candidate_pairs: 49/49 | new_swaps: 1 | total: 1) -> {'max_bond': 16, 'max_links': 4, 'total_elems': 7316, 'total_shapes': 1126, 'total_links': 390, 'num_tensors': 98}
2026-08-26 14:47:30,945 [INFO]     [5 | both | 1](candidate_pairs: 48/48 | new_swaps: 1 | total: 2) -> {'max_bond': 16, 'max_links': 4, 'total_elems': 7268, 'total_shapes': 1122, 'total_links': 390, 'num_tensors': 98}
2026-08-26 14:47:30,975 [INFO]     [5 | left | 0](candidate_pairs: 49/49 | new_swaps: 0 | total: 2) -> {'max_bond': 16, 'max_links': 4, 'total_elems': 7268, 'total_shapes': 1122, 'total_links': 390, 'num_tensors': 98}
2026-08-26 14:47:31,006 [INFO]     [5 | left | 1](candidate_pairs: 48/48 | new_swaps: 0 | total: 2) -> {'max_bond': 16, 'max_links': 4, 'total_elems': 7268, 'total_shapes': 1122, 'total_links': 390, 'num_tensors': 98}
2026-08-26 14:47:31,035 [INFO]     [5 | right | 0](candidate_pairs: 49/49 | new_swaps: 0 | total: 2) -> {'max_bond': 16, 'max_links': 4, 'total_elems': 7268, 'total_shapes': 1122, 'total_links': 390, 'num_tensors': 98}
2026-08-26 14:47:31,065 [INFO]     [5 | right | 1](candidate_pairs: 48/48 | new_swaps: 0 | total: 2) -> {'max_bond': 16, 'max_links': 4, 'total_elems': 7268, 'total_shapes': 1122, 'total_links': 390, 'num_tensors': 98}
2026-08-26 14:47:31,174 [INFO]     [6 | both | 0](candidate_pairs: 49/49 | new_swaps: 1 | total: 1) -> {'max_bond': 16, 'max_links': 4, 'total_elems': 7220, 'total_shapes': 1118, 'total_links': 390, 'num_tensors': 98}
2026-08-26 14:47:31,234 [INFO]     [6 | both | 1](candidate_pairs: 48/48 | new_swaps: 0 | total: 1) -> {'max_bond': 16, 'max_links': 4, 'total_elems': 7220, 'total_shapes': 1118, 'total_links': 390, 'num_tensors': 98}
2026-08-26 14:47:31,264 [INFO]     [6 | left | 0](candidate_pairs: 49/49 | new_swaps: 0 | total: 1) -> {'max_bond': 16, 'max_links': 4, 'total_elems': 7220, 'total_shapes': 1118, 'total_links': 390, 'num_tensors': 98}
2026-08-26 14:47:31,294 [INFO]     [6 | left | 1](candidate_pairs: 48/48 | new_swaps: 0 | total: 1) -> {'max_bond': 16, 'max_links': 4, 'total_elems': 7220, 'total_shapes': 1118, 'total_links': 390, 'num_tensors': 98}
2026-08-26 14:47:31,324 [INFO]     [6 | right | 0](candidate_pairs: 49/49 | new_swaps: 0 | total: 1) -> {'max_bond': 16, 'max_links': 4, 'total_elems': 7220, 'total_shapes': 1118, 'total_links': 390, 'num_tensors': 98}
2026-08-26 14:47:31,353 [INFO]     [6 | right | 1](candidate_pairs: 48/48 | new_swaps: 0 | total: 1) -> {'max_bond': 16, 'max_links': 4, 'total_elems': 7220, 'total_shapes': 1118, 'total_links': 390, 'num_tensors': 98}
2026-08-26 14:47:31,412 [INFO]     [7 | both | 0](candidate_pairs: 49/49 | new_swaps: 0 | total: 0) -> {'max_bond': 16, 'max_links': 4, 'total_elems': 7220, 'total_shapes': 1118, 'total_links': 390, 'num_tensors': 98}
2026-08-26 14:47:31,472 [INFO]     [7 | both | 1](candidate_pairs: 48/48 | new_swaps: 0 | total: 0) -> {'max_bond': 16, 'max_links': 4, 'total_elems': 7220, 'total_shapes': 1118, 'total_links': 390, 'num_tensors': 98}
2026-08-26 14:47:31,502 [INFO]     [7 | left | 0](candidate_pairs: 49/49 | new_swaps: 0 | total: 0) -> {'max_bond': 16, 'max_links': 4, 'total_elems': 7220, 'total_shapes': 1118, 'total_links': 390, 'num_tensors': 98}
2026-08-26 14:47:31,533 [INFO]     [7 | left | 1](candidate_pairs: 48/48 | new_swaps: 0 | total: 0) -> {'max_bond': 16, 'max_links': 4, 'total_elems': 7220, 'total_shapes': 1118, 'total_links': 390, 'num_tensors': 98}
2026-08-26 14:47:31,562 [INFO]     [7 | right | 0](candidate_pairs: 49/49 | new_swaps: 0 | total: 0) -> {'max_bond': 16, 'max_links': 4, 'total_elems': 7220, 'total_shapes': 1118, 'total_links': 390, 'num_tensors': 98}
2026-08-26 14:47:31,592 [INFO]     [7 | right | 1](candidate_pairs: 48/48 | new_swaps: 0 | total: 0) -> {'max_bond': 16, 'max_links': 4, 'total_elems': 7220, 'total_shapes': 1118, 'total_links': 390, 'num_tensors': 98}
2026-08-26 14:47:31,593 [INFO]     [end unswap] -> {'max_bond': 16, 'max_links': 4, 'total_elems': 7220, 'total_shapes': 1118, 'total_links': 390, 'num_tensors': 98}
2026-08-26 14:47:31,628 [INFO] [start rewire](phase=post_unswap, cycle=18, side=left, layers=2636, trials=20, seed=123, parallel=False, route_candidates=2, route_score=lookahead_total)
2026-08-26 14:47:38,515 [INFO] [end rewire](phase=post_unswap, cycle=18, side=left, routed_layers=2394, elapsed_s=6.89)
2026-08-26 14:47:38,515 [INFO] [start rewire](phase=post_unswap, cycle=18, side=right, layers=2342, trials=20, seed=123, parallel=False, route_candidates=2, route_score=lookahead_total)
2026-08-26 14:47:46,834 [INFO] [end rewire](phase=post_unswap, cycle=18, side=right, routed_layers=2299, elapsed_s=8.32)
[Cycle 18] 47/1984 gates (2.4 %) after 775 sec
2026-08-26 14:47:46,953 [INFO] [1L/2392](swap: 20, u: 0 | c_u: 0 | t_u_l: 30/992 | t_u_r: 17/992 | t_u: 47/1984) -> {'max_bond': 16, 'max_links': 4, 'total_elems': 7220, 'total_shapes': 1118, 'total_links': 390, 'num_tensors': 98}
2026-08-26 14:47:47,035 [INFO] [1R/2297](swap: 13, u: 0 | c_u: 0 | t_u_l: 30/992 | t_u_r: 17/992 | t_u: 47/1984) -> {'max_bond': 16, 'max_links': 4, 'total_elems': 9812, 'total_shapes': 1298, 'total_links': 390, 'num_tensors': 98}
2026-08-26 14:47:47,118 [INFO] [2L/2392](swap: 21, u: 0 | c_u: 0 | t_u_l: 30/992 | t_u_r: 17/992 | t_u: 47/1984) -> {'max_bond': 32, 'max_links': 4, 'total_elems': 15628, 'total_shapes': 1506, 'total_links': 390, 'num_tensors': 98}
2026-08-26 14:47:47,202 [INFO] [2R/2297](swap: 17, u: 0 | c_u: 0 | t_u_l: 30/992 | t_u_r: 17/992 | t_u: 47/1984) -> {'max_bond': 32, 'max_links': 4, 'total_elems': 23800, 'total_shapes': 1764, 'total_links': 390, 'num_tensors': 98}
2026-08-26 14:47:47,289 [INFO] [3L/2392](swap: 22, u: 0 | c_u: 0 | t_u_l: 30/992 | t_u_r: 17/992 | t_u: 47/1984) -> {'max_bond': 32, 'max_links': 4, 'total_elems': 35016, 'total_shapes': 2038, 'total_links': 390, 'num_tensors': 98}
2026-08-26 14:47:47,395 [INFO] [3R/2297](swap: 16, u: 0 | c_u: 0 | t_u_l: 30/992 | t_u_r: 17/992 | t_u: 47/1984) -> {'max_bond': 64, 'max_links': 4, 'total_elems': 67264, 'total_shapes': 2640, 'total_links': 390, 'num_tensors': 98}
2026-08-26 14:47:47,527 [INFO] [4L/2392](swap: 14, u: 0 | c_u: 0 | t_u_l: 30/992 | t_u_r: 17/992 | t_u: 47/1984) -> {'max_bond': 64, 'max_links': 4, 'total_elems': 104736, 'total_shapes': 3120, 'total_links': 390, 'num_tensors': 98}
2026-08-26 14:47:47,689 [INFO] [5L/2392](swap: 15, u: 0 | c_u: 0 | t_u_l: 30/992 | t_u_r: 17/992 | t_u: 47/1984) -> {'max_bond': 128, 'max_links': 4, 'total_elems': 189984, 'total_shapes': 3924, 'total_links': 390, 'num_tensors': 98}
2026-08-26 14:47:47,991 [INFO] [4R/2297](swap: 17, u: 0 | c_u: 0 | t_u_l: 30/992 | t_u_r: 17/992 | t_u: 47/1984) -> {'max_bond': 128, 'max_links': 4, 'total_elems': 334368, 'total_shapes': 4644, 'total_links': 390, 'num_tensors': 98}
2026-08-26 14:47:48,520 [INFO] [5R/2297](swap: 14, u: 1 | c_u: 1 | t_u_l: 30/992 | t_u_r: 18/992 | t_u: 48/1984) -> {'max_bond': 256, 'max_links': 4, 'total_elems': 603264, 'total_shapes': 5842, 'total_links': 390, 'num_tensors': 98}
2026-08-26 14:47:49,456 [INFO] [6R/2297](swap: 12, u: 1 | c_u: 2 | t_u_l: 30/992 | t_u_r: 19/992 | t_u: 49/1984) -> {'max_bond': 256, 'max_links': 4, 'total_elems': 827712, 'total_shapes': 6714, 'total_links': 390, 'num_tensors': 98}
2026-08-26 14:47:51,068 [INFO]     [start unswap] -> {'max_bond': 256, 'max_links': 4, 'total_elems': 827712, 'total_shapes': 6714, 'total_links': 390, 'num_tensors': 98}
2026-08-26 14:48:15,638 [INFO]     [0 | both | 0](candidate_pairs: 49/49 | new_swaps: 9 | total: 9) -> {'max_bond': 512, 'max_links': 4, 'total_elems': 1550276, 'total_shapes': 7744, 'total_links': 390, 'num_tensors': 98}
2026-08-26 14:48:22,554 [INFO]     [0 | both | 1](candidate_pairs: 48/48 | new_swaps: 13 | total: 22) -> {'max_bond': 256, 'max_links': 4, 'total_elems': 553604, 'total_shapes': 5544, 'total_links': 390, 'num_tensors': 98}
2026-08-26 14:48:23,418 [INFO]     [0 | left | 0](candidate_pairs: 49/49 | new_swaps: 18 | total: 40) -> {'max_bond': 128, 'max_links': 4, 'total_elems': 247420, 'total_shapes': 4068, 'total_links': 390, 'num_tensors': 98}
2026-08-26 14:48:23,806 [INFO]     [0 | left | 1](candidate_pairs: 48/48 | new_swaps: 20 | total: 60) -> {'max_bond': 64, 'max_links': 4, 'total_elems': 130668, 'total_shapes': 3140, 'total_links': 390, 'num_tensors': 98}
2026-08-26 14:48:23,981 [INFO]     [0 | right | 0](candidate_pairs: 49/49 | new_swaps: 8 | total: 68) -> {'max_bond': 64, 'max_links': 4, 'total_elems': 111644, 'total_shapes': 2808, 'total_links': 390, 'num_tensors': 98}
2026-08-26 14:48:24,167 [INFO]     [0 | right | 1](candidate_pairs: 48/48 | new_swaps: 9 | total: 77) -> {'max_bond': 64, 'max_links': 4, 'total_elems': 83888, 'total_shapes': 2562, 'total_links': 390, 'num_tensors': 98}
2026-08-26 14:48:24,461 [INFO]     [1 | both | 0](candidate_pairs: 49/49 | new_swaps: 14 | total: 14) -> {'max_bond': 64, 'max_links': 4, 'total_elems': 48980, 'total_shapes': 2104, 'total_links': 390, 'num_tensors': 98}
2026-08-26 14:48:24,651 [INFO]     [1 | both | 1](candidate_pairs: 48/48 | new_swaps: 7 | total: 21) -> {'max_bond': 32, 'max_links': 4, 'total_elems': 36596, 'total_shapes': 1920, 'total_links': 390, 'num_tensors': 98}
2026-08-26 14:48:24,741 [INFO]     [1 | left | 0](candidate_pairs: 49/49 | new_swaps: 7 | total: 28) -> {'max_bond': 32, 'max_links': 4, 'total_elems': 33732, 'total_shapes': 1828, 'total_links': 390, 'num_tensors': 98}
2026-08-26 14:48:24,832 [INFO]     [1 | left | 1](candidate_pairs: 48/48 | new_swaps: 8 | total: 36) -> {'max_bond': 32, 'max_links': 4, 'total_elems': 31420, 'total_shapes': 1756, 'total_links': 390, 'num_tensors': 98}
2026-08-26 14:48:24,916 [INFO]     [1 | right | 0](candidate_pairs: 49/49 | new_swaps: 5 | total: 41) -> {'max_bond': 32, 'max_links': 4, 'total_elems': 29980, 'total_shapes': 1692, 'total_links': 390, 'num_tensors': 98}
2026-08-26 14:48:25,000 [INFO]     [1 | right | 1](candidate_pairs: 48/48 | new_swaps: 2 | total: 43) -> {'max_bond': 32, 'max_links': 4, 'total_elems': 29596, 'total_shapes': 1676, 'total_links': 390, 'num_tensors': 98}
2026-08-26 14:48:25,166 [INFO]     [2 | both | 0](candidate_pairs: 49/49 | new_swaps: 7 | total: 7) -> {'max_bond': 32, 'max_links': 4, 'total_elems': 21504, 'total_shapes': 1558, 'total_links': 390, 'num_tensors': 98}
2026-08-26 14:48:25,306 [INFO]     [2 | both | 1](candidate_pairs: 48/48 | new_swaps: 9 | total: 16) -> {'max_bond': 16, 'max_links': 4, 'total_elems': 15460, 'total_shapes': 1424, 'total_links': 390, 'num_tensors': 98}
2026-08-26 14:48:25,378 [INFO]     [2 | left | 0](candidate_pairs: 49/49 | new_swaps: 2 | total: 18) -> {'max_bond': 16, 'max_links': 4, 'total_elems': 14948, 'total_shapes': 1408, 'total_links': 390, 'num_tensors': 98}
2026-08-26 14:48:25,452 [INFO]     [2 | left | 1](candidate_pairs: 48/48 | new_swaps: 4 | total: 22) -> {'max_bond': 16, 'max_links': 4, 'total_elems': 13188, 'total_shapes': 1360, 'total_links': 390, 'num_tensors': 98}
2026-08-26 14:48:25,521 [INFO]     [2 | right | 0](candidate_pairs: 49/49 | new_swaps: 2 | total: 24) -> {'max_bond': 16, 'max_links': 4, 'total_elems': 12324, 'total_shapes': 1324, 'total_links': 390, 'num_tensors': 98}
2026-08-26 14:48:25,552 [INFO]     [2 | right | 1](candidate_pairs: 48/48 | new_swaps: 0 | total: 24) -> {'max_bond': 16, 'max_links': 4, 'total_elems': 12324, 'total_shapes': 1324, 'total_links': 390, 'num_tensors': 98}
2026-08-26 14:48:25,680 [INFO]     [3 | both | 0](candidate_pairs: 49/49 | new_swaps: 4 | total: 4) -> {'max_bond': 16, 'max_links': 4, 'total_elems': 11976, 'total_shapes': 1302, 'total_links': 390, 'num_tensors': 98}
2026-08-26 14:48:25,808 [INFO]     [3 | both | 1](candidate_pairs: 48/48 | new_swaps: 4 | total: 8) -> {'max_bond': 16, 'max_links': 4, 'total_elems': 11600, 'total_shapes': 1282, 'total_links': 390, 'num_tensors': 98}
2026-08-26 14:48:25,878 [INFO]     [3 | left | 0](candidate_pairs: 49/49 | new_swaps: 2 | total: 10) -> {'max_bond': 16, 'max_links': 4, 'total_elems': 10256, 'total_shapes': 1250, 'total_links': 390, 'num_tensors': 98}
2026-08-26 14:48:25,936 [INFO]     [3 | left | 1](candidate_pairs: 48/48 | new_swaps: 1 | total: 11) -> {'max_bond': 16, 'max_links': 4, 'total_elems': 10016, 'total_shapes': 1238, 'total_links': 390, 'num_tensors': 98}
2026-08-26 14:48:25,992 [INFO]     [3 | right | 0](candidate_pairs: 49/49 | new_swaps: 1 | total: 12) -> {'max_bond': 16, 'max_links': 4, 'total_elems': 9872, 'total_shapes': 1226, 'total_links': 390, 'num_tensors': 98}
2026-08-26 14:48:26,023 [INFO]     [3 | right | 1](candidate_pairs: 48/48 | new_swaps: 0 | total: 12) -> {'max_bond': 16, 'max_links': 4, 'total_elems': 9872, 'total_shapes': 1226, 'total_links': 390, 'num_tensors': 98}
2026-08-26 14:48:26,085 [INFO]     [4 | both | 0](candidate_pairs: 49/49 | new_swaps: 0 | total: 0) -> {'max_bond': 16, 'max_links': 4, 'total_elems': 9872, 'total_shapes': 1226, 'total_links': 390, 'num_tensors': 98}
2026-08-26 14:48:26,210 [INFO]     [4 | both | 1](candidate_pairs: 48/48 | new_swaps: 4 | total: 4) -> {'max_bond': 16, 'max_links': 4, 'total_elems': 8864, 'total_shapes': 1190, 'total_links': 390, 'num_tensors': 98}
2026-08-26 14:48:26,278 [INFO]     [4 | left | 0](candidate_pairs: 49/49 | new_swaps: 2 | total: 6) -> {'max_bond': 16, 'max_links': 4, 'total_elems': 8048, 'total_shapes': 1162, 'total_links': 390, 'num_tensors': 98}
2026-08-26 14:48:26,309 [INFO]     [4 | left | 1](candidate_pairs: 48/48 | new_swaps: 0 | total: 6) -> {'max_bond': 16, 'max_links': 4, 'total_elems': 8048, 'total_shapes': 1162, 'total_links': 390, 'num_tensors': 98}
2026-08-26 14:48:26,364 [INFO]     [4 | right | 0](candidate_pairs: 49/49 | new_swaps: 1 | total: 7) -> {'max_bond': 16, 'max_links': 4, 'total_elems': 7856, 'total_shapes': 1154, 'total_links': 390, 'num_tensors': 98}
2026-08-26 14:48:26,419 [INFO]     [4 | right | 1](candidate_pairs: 48/48 | new_swaps: 1 | total: 8) -> {'max_bond': 16, 'max_links': 4, 'total_elems': 7728, 'total_shapes': 1146, 'total_links': 390, 'num_tensors': 98}
2026-08-26 14:48:26,481 [INFO]     [5 | both | 0](candidate_pairs: 49/49 | new_swaps: 0 | total: 0) -> {'max_bond': 16, 'max_links': 4, 'total_elems': 7728, 'total_shapes': 1146, 'total_links': 390, 'num_tensors': 98}
2026-08-26 14:48:26,592 [INFO]     [5 | both | 1](candidate_pairs: 48/48 | new_swaps: 1 | total: 1) -> {'max_bond': 16, 'max_links': 4, 'total_elems': 7536, 'total_shapes': 1138, 'total_links': 390, 'num_tensors': 98}
2026-08-26 14:48:26,649 [INFO]     [5 | left | 0](candidate_pairs: 49/49 | new_swaps: 1 | total: 2) -> {'max_bond': 16, 'max_links': 4, 'total_elems': 7344, 'total_shapes': 1130, 'total_links': 390, 'num_tensors': 98}
2026-08-26 14:48:26,705 [INFO]     [5 | left | 1](candidate_pairs: 48/48 | new_swaps: 1 | total: 3) -> {'max_bond': 16, 'max_links': 4, 'total_elems': 7216, 'total_shapes': 1122, 'total_links': 390, 'num_tensors': 98}
2026-08-26 14:48:26,735 [INFO]     [5 | right | 0](candidate_pairs: 49/49 | new_swaps: 0 | total: 3) -> {'max_bond': 16, 'max_links': 4, 'total_elems': 7216, 'total_shapes': 1122, 'total_links': 390, 'num_tensors': 98}
2026-08-26 14:48:26,765 [INFO]     [5 | right | 1](candidate_pairs: 48/48 | new_swaps: 0 | total: 3) -> {'max_bond': 16, 'max_links': 4, 'total_elems': 7216, 'total_shapes': 1122, 'total_links': 390, 'num_tensors': 98}
2026-08-26 14:48:26,823 [INFO]     [6 | both | 0](candidate_pairs: 49/49 | new_swaps: 0 | total: 0) -> {'max_bond': 16, 'max_links': 4, 'total_elems': 7216, 'total_shapes': 1122, 'total_links': 390, 'num_tensors': 98}
2026-08-26 14:48:26,882 [INFO]     [6 | both | 1](candidate_pairs: 48/48 | new_swaps: 0 | total: 0) -> {'max_bond': 16, 'max_links': 4, 'total_elems': 7216, 'total_shapes': 1122, 'total_links': 390, 'num_tensors': 98}
2026-08-26 14:48:26,913 [INFO]     [6 | left | 0](candidate_pairs: 49/49 | new_swaps: 0 | total: 0) -> {'max_bond': 16, 'max_links': 4, 'total_elems': 7216, 'total_shapes': 1122, 'total_links': 390, 'num_tensors': 98}
2026-08-26 14:48:26,943 [INFO]     [6 | left | 1](candidate_pairs: 48/48 | new_swaps: 0 | total: 0) -> {'max_bond': 16, 'max_links': 4, 'total_elems': 7216, 'total_shapes': 1122, 'total_links': 390, 'num_tensors': 98}
2026-08-26 14:48:26,973 [INFO]     [6 | right | 0](candidate_pairs: 49/49 | new_swaps: 0 | total: 0) -> {'max_bond': 16, 'max_links': 4, 'total_elems': 7216, 'total_shapes': 1122, 'total_links': 390, 'num_tensors': 98}
2026-08-26 14:48:27,003 [INFO]     [6 | right | 1](candidate_pairs: 48/48 | new_swaps: 0 | total: 0) -> {'max_bond': 16, 'max_links': 4, 'total_elems': 7216, 'total_shapes': 1122, 'total_links': 390, 'num_tensors': 98}
2026-08-26 14:48:27,003 [INFO]     [end unswap] -> {'max_bond': 16, 'max_links': 4, 'total_elems': 7216, 'total_shapes': 1122, 'total_links': 390, 'num_tensors': 98}
2026-08-26 14:48:27,039 [INFO] [start rewire](phase=post_unswap, cycle=19, side=left, layers=2389, trials=20, seed=123, parallel=False, route_candidates=2, route_score=lookahead_total)
2026-08-26 14:48:35,063 [INFO] [end rewire](phase=post_unswap, cycle=19, side=left, routed_layers=2487, elapsed_s=8.02)
2026-08-26 14:48:35,063 [INFO] [start rewire](phase=post_unswap, cycle=19, side=right, layers=2293, trials=20, seed=123, parallel=False, route_candidates=2, route_score=lookahead_total)
2026-08-26 14:48:41,544 [INFO] [end rewire](phase=post_unswap, cycle=19, side=right, routed_layers=2059, elapsed_s=6.48)
[Cycle 19] 49/1984 gates (2.5 %) after 830 sec
2026-08-26 14:48:41,662 [INFO] [1L/2485](swap: 23, u: 0 | c_u: 0 | t_u_l: 30/992 | t_u_r: 19/992 | t_u: 49/1984) -> {'max_bond': 16, 'max_links': 4, 'total_elems': 7216, 'total_shapes': 1122, 'total_links': 390, 'num_tensors': 98}
2026-08-26 14:48:41,742 [INFO] [1R/2057](swap: 11, u: 0 | c_u: 0 | t_u_l: 30/992 | t_u_r: 19/992 | t_u: 49/1984) -> {'max_bond': 16, 'max_links': 4, 'total_elems': 8864, 'total_shapes': 1250, 'total_links': 390, 'num_tensors': 98}
2026-08-26 14:48:41,825 [INFO] [2R/2057](swap: 14, u: 0 | c_u: 0 | t_u_l: 30/992 | t_u_r: 19/992 | t_u: 49/1984) -> {'max_bond': 16, 'max_links': 4, 'total_elems': 15032, 'total_shapes': 1454, 'total_links': 390, 'num_tensors': 98}
2026-08-26 14:48:41,908 [INFO] [2L/2485](swap: 23, u: 0 | c_u: 0 | t_u_l: 30/992 | t_u_r: 19/992 | t_u: 49/1984) -> {'max_bond': 32, 'max_links': 4, 'total_elems': 24456, 'total_shapes': 1778, 'total_links': 390, 'num_tensors': 98}
2026-08-26 14:48:41,999 [INFO] [3R/2057](swap: 13, u: 0 | c_u: 0 | t_u_l: 30/992 | t_u_r: 19/992 | t_u: 49/1984) -> {'max_bond': 64, 'max_links': 4, 'total_elems': 40264, 'total_shapes': 2100, 'total_links': 390, 'num_tensors': 98}
2026-08-26 14:48:42,099 [INFO] [4R/2057](swap: 12, u: 0 | c_u: 0 | t_u_l: 30/992 | t_u_r: 19/992 | t_u: 49/1984) -> {'max_bond': 64, 'max_links': 4, 'total_elems': 72024, 'total_shapes': 2436, 'total_links': 390, 'num_tensors': 98}
2026-08-26 14:48:42,214 [INFO] [5R/2057](swap: 12, u: 0 | c_u: 0 | t_u_l: 30/992 | t_u_r: 19/992 | t_u: 49/1984) -> {'max_bond': 64, 'max_links': 4, 'total_elems': 105784, 'total_shapes': 2810, 'total_links': 390, 'num_tensors': 98}
2026-08-26 14:48:42,339 [INFO] [6R/2057](swap: 10, u: 0 | c_u: 0 | t_u_l: 30/992 | t_u_r: 19/992 | t_u: 49/1984) -> {'max_bond': 64, 'max_links': 4, 'total_elems': 120056, 'total_shapes': 3018, 'total_links': 390, 'num_tensors': 98}
2026-08-26 14:48:42,478 [INFO] [7R/2057](swap: 11, u: 0 | c_u: 0 | t_u_l: 30/992 | t_u_r: 19/992 | t_u: 49/1984) -> {'max_bond': 64, 'max_links': 4, 'total_elems': 148468, 'total_shapes': 3384, 'total_links': 390, 'num_tensors': 98}
2026-08-26 14:48:42,653 [INFO] [8R/2057](swap: 14, u: 0 | c_u: 0 | t_u_l: 30/992 | t_u_r: 19/992 | t_u: 49/1984) -> {'max_bond': 64, 'max_links': 4, 'total_elems': 201136, 'total_shapes': 3902, 'total_links': 390, 'num_tensors': 98}
2026-08-26 14:48:42,847 [INFO] [9R/2057](swap: 13, u: 0 | c_u: 0 | t_u_l: 30/992 | t_u_r: 19/992 | t_u: 49/1984) -> {'max_bond': 64, 'max_links': 4, 'total_elems': 278956, 'total_shapes': 4472, 'total_links': 390, 'num_tensors': 98}
2026-08-26 14:48:43,241 [INFO] [3L/2485](swap: 22, u: 0 | c_u: 0 | t_u_l: 30/992 | t_u_r: 19/992 | t_u: 49/1984) -> {'max_bond': 256, 'max_links': 4, 'total_elems': 450380, 'total_shapes': 5444, 'total_links': 390, 'num_tensors': 98}
2026-08-26 14:48:44,024 [INFO] [4L/2485](swap: 19, u: 0 | c_u: 0 | t_u_l: 30/992 | t_u_r: 19/992 | t_u: 49/1984) -> {'max_bond': 256, 'max_links': 4, 'total_elems': 797196, 'total_shapes': 7168, 'total_links': 390, 'num_tensors': 98}
2026-08-26 14:48:45,907 [INFO]     [start unswap] -> {'max_bond': 256, 'max_links': 4, 'total_elems': 797196, 'total_shapes': 7168, 'total_links': 390, 'num_tensors': 98}
2026-08-26 14:48:56,116 [INFO]     [0 | both | 0](candidate_pairs: 49/49 | new_swaps: 5 | total: 5) -> {'max_bond': 256, 'max_links': 4, 'total_elems': 2183852, 'total_shapes': 9544, 'total_links': 390, 'num_tensors': 98}
2026-08-26 14:49:20,171 [INFO]     [0 | both | 1](candidate_pairs: 48/48 | new_swaps: 11 | total: 16) -> {'max_bond': 256, 'max_links': 4, 'total_elems': 1875180, 'total_shapes': 8552, 'total_links': 390, 'num_tensors': 98}
2026-08-26 14:49:27,043 [INFO]     [0 | left | 0](candidate_pairs: 49/49 | new_swaps: 17 | total: 33) -> {'max_bond': 256, 'max_links': 4, 'total_elems': 634972, 'total_shapes': 6076, 'total_links': 390, 'num_tensors': 98}
2026-08-26 14:49:28,103 [INFO]     [0 | left | 1](candidate_pairs: 48/48 | new_swaps: 22 | total: 55) -> {'max_bond': 64, 'max_links': 4, 'total_elems': 249916, 'total_shapes': 4096, 'total_links': 390, 'num_tensors': 98}
2026-08-26 14:49:28,447 [INFO]     [0 | right | 0](candidate_pairs: 49/49 | new_swaps: 11 | total: 66) -> {'max_bond': 64, 'max_links': 4, 'total_elems': 234160, 'total_shapes': 3822, 'total_links': 390, 'num_tensors': 98}
2026-08-26 14:49:28,820 [INFO]     [0 | right | 1](candidate_pairs: 48/48 | new_swaps: 8 | total: 74) -> {'max_bond': 64, 'max_links': 4, 'total_elems': 190020, 'total_shapes': 3484, 'total_links': 390, 'num_tensors': 98}
2026-08-26 14:49:29,326 [INFO]     [1 | both | 0](candidate_pairs: 49/49 | new_swaps: 19 | total: 19) -> {'max_bond': 64, 'max_links': 4, 'total_elems': 86696, 'total_shapes': 2710, 'total_links': 390, 'num_tensors': 98}
2026-08-26 14:49:29,566 [INFO]     [1 | both | 1](candidate_pairs: 48/48 | new_swaps: 9 | total: 28) -> {'max_bond': 32, 'max_links': 4, 'total_elems': 53864, 'total_shapes': 2254, 'total_links': 390, 'num_tensors': 98}
2026-08-26 14:49:29,668 [INFO]     [1 | left | 0](candidate_pairs: 49/49 | new_swaps: 8 | total: 36) -> {'max_bond': 32, 'max_links': 4, 'total_elems': 46136, 'total_shapes': 2074, 'total_links': 390, 'num_tensors': 98}
2026-08-26 14:49:29,771 [INFO]     [1 | left | 1](candidate_pairs: 48/48 | new_swaps: 9 | total: 45) -> {'max_bond': 32, 'max_links': 4, 'total_elems': 36840, 'total_shapes': 1914, 'total_links': 390, 'num_tensors': 98}
2026-08-26 14:49:29,858 [INFO]     [1 | right | 0](candidate_pairs: 49/49 | new_swaps: 8 | total: 53) -> {'max_bond': 32, 'max_links': 4, 'total_elems': 28428, 'total_shapes': 1748, 'total_links': 390, 'num_tensors': 98}
2026-08-26 14:49:29,940 [INFO]     [1 | right | 1](candidate_pairs: 48/48 | new_swaps: 6 | total: 59) -> {'max_bond': 32, 'max_links': 4, 'total_elems': 23148, 'total_shapes': 1636, 'total_links': 390, 'num_tensors': 98}
2026-08-26 14:49:30,088 [INFO]     [2 | both | 0](candidate_pairs: 49/49 | new_swaps: 8 | total: 8) -> {'max_bond': 32, 'max_links': 4, 'total_elems': 19468, 'total_shapes': 1530, 'total_links': 390, 'num_tensors': 98}
2026-08-26 14:49:30,231 [INFO]     [2 | both | 1](candidate_pairs: 48/48 | new_swaps: 8 | total: 16) -> {'max_bond': 32, 'max_links': 4, 'total_elems': 16084, 'total_shapes': 1438, 'total_links': 390, 'num_tensors': 98}
2026-08-26 14:49:30,303 [INFO]     [2 | left | 0](candidate_pairs: 49/49 | new_swaps: 3 | total: 19) -> {'max_bond': 16, 'max_links': 4, 'total_elems': 14196, 'total_shapes': 1386, 'total_links': 390, 'num_tensors': 98}
2026-08-26 14:49:30,364 [INFO]     [2 | left | 1](candidate_pairs: 48/48 | new_swaps: 1 | total: 20) -> {'max_bond': 16, 'max_links': 4, 'total_elems': 13428, 'total_shapes': 1370, 'total_links': 390, 'num_tensors': 98}
2026-08-26 14:49:30,434 [INFO]     [2 | right | 0](candidate_pairs: 49/49 | new_swaps: 4 | total: 24) -> {'max_bond': 16, 'max_links': 4, 'total_elems': 11188, 'total_shapes': 1306, 'total_links': 390, 'num_tensors': 98}
2026-08-26 14:49:30,502 [INFO]     [2 | right | 1](candidate_pairs: 48/48 | new_swaps: 3 | total: 27) -> {'max_bond': 16, 'max_links': 4, 'total_elems': 10372, 'total_shapes': 1278, 'total_links': 390, 'num_tensors': 98}
2026-08-26 14:49:30,628 [INFO]     [3 | both | 0](candidate_pairs: 49/49 | new_swaps: 4 | total: 4) -> {'max_bond': 16, 'max_links': 4, 'total_elems': 9548, 'total_shapes': 1242, 'total_links': 390, 'num_tensors': 98}
2026-08-26 14:49:30,751 [INFO]     [3 | both | 1](candidate_pairs: 48/48 | new_swaps: 3 | total: 7) -> {'max_bond': 16, 'max_links': 4, 'total_elems': 9056, 'total_shapes': 1216, 'total_links': 390, 'num_tensors': 98}
2026-08-26 14:49:30,808 [INFO]     [3 | left | 0](candidate_pairs: 49/49 | new_swaps: 1 | total: 8) -> {'max_bond': 16, 'max_links': 4, 'total_elems': 8800, 'total_shapes': 1208, 'total_links': 390, 'num_tensors': 98}
2026-08-26 14:49:30,839 [INFO]     [3 | left | 1](candidate_pairs: 48/48 | new_swaps: 0 | total: 8) -> {'max_bond': 16, 'max_links': 4, 'total_elems': 8800, 'total_shapes': 1208, 'total_links': 390, 'num_tensors': 98}
2026-08-26 14:49:30,894 [INFO]     [3 | right | 0](candidate_pairs: 49/49 | new_swaps: 1 | total: 9) -> {'max_bond': 16, 'max_links': 4, 'total_elems': 8704, 'total_shapes': 1200, 'total_links': 390, 'num_tensors': 98}
2026-08-26 14:49:30,948 [INFO]     [3 | right | 1](candidate_pairs: 48/48 | new_swaps: 1 | total: 10) -> {'max_bond': 16, 'max_links': 4, 'total_elems': 8512, 'total_shapes': 1192, 'total_links': 390, 'num_tensors': 98}
2026-08-26 14:49:31,070 [INFO]     [4 | both | 0](candidate_pairs: 49/49 | new_swaps: 1 | total: 1) -> {'max_bond': 16, 'max_links': 4, 'total_elems': 8452, 'total_shapes': 1186, 'total_links': 390, 'num_tensors': 98}
2026-08-26 14:49:31,129 [INFO]     [4 | both | 1](candidate_pairs: 48/48 | new_swaps: 0 | total: 1) -> {'max_bond': 16, 'max_links': 4, 'total_elems': 8452, 'total_shapes': 1186, 'total_links': 390, 'num_tensors': 98}
2026-08-26 14:49:31,186 [INFO]     [4 | left | 0](candidate_pairs: 49/49 | new_swaps: 1 | total: 2) -> {'max_bond': 16, 'max_links': 4, 'total_elems': 8404, 'total_shapes': 1182, 'total_links': 390, 'num_tensors': 98}
2026-08-26 14:49:31,254 [INFO]     [4 | left | 1](candidate_pairs: 48/48 | new_swaps: 1 | total: 3) -> {'max_bond': 16, 'max_links': 4, 'total_elems': 8364, 'total_shapes': 1178, 'total_links': 390, 'num_tensors': 98}
2026-08-26 14:49:31,308 [INFO]     [4 | right | 0](candidate_pairs: 49/49 | new_swaps: 1 | total: 4) -> {'max_bond': 16, 'max_links': 4, 'total_elems': 8172, 'total_shapes': 1166, 'total_links': 390, 'num_tensors': 98}
2026-08-26 14:49:31,338 [INFO]     [4 | right | 1](candidate_pairs: 48/48 | new_swaps: 0 | total: 4) -> {'max_bond': 16, 'max_links': 4, 'total_elems': 8172, 'total_shapes': 1166, 'total_links': 390, 'num_tensors': 98}
2026-08-26 14:49:31,460 [INFO]     [5 | both | 0](candidate_pairs: 49/49 | new_swaps: 1 | total: 1) -> {'max_bond': 16, 'max_links': 4, 'total_elems': 8124, 'total_shapes': 1162, 'total_links': 390, 'num_tensors': 98}
2026-08-26 14:49:31,569 [INFO]     [5 | both | 1](candidate_pairs: 48/48 | new_swaps: 1 | total: 2) -> {'max_bond': 16, 'max_links': 4, 'total_elems': 8112, 'total_shapes': 1160, 'total_links': 390, 'num_tensors': 98}
2026-08-26 14:49:31,600 [INFO]     [5 | left | 0](candidate_pairs: 49/49 | new_swaps: 0 | total: 2) -> {'max_bond': 16, 'max_links': 4, 'total_elems': 8112, 'total_shapes': 1160, 'total_links': 390, 'num_tensors': 98}
2026-08-26 14:49:31,631 [INFO]     [5 | left | 1](candidate_pairs: 48/48 | new_swaps: 0 | total: 2) -> {'max_bond': 16, 'max_links': 4, 'total_elems': 8112, 'total_shapes': 1160, 'total_links': 390, 'num_tensors': 98}
2026-08-26 14:49:31,661 [INFO]     [5 | right | 0](candidate_pairs: 49/49 | new_swaps: 0 | total: 2) -> {'max_bond': 16, 'max_links': 4, 'total_elems': 8112, 'total_shapes': 1160, 'total_links': 390, 'num_tensors': 98}
2026-08-26 14:49:31,715 [INFO]     [5 | right | 1](candidate_pairs: 48/48 | new_swaps: 1 | total: 3) -> {'max_bond': 16, 'max_links': 4, 'total_elems': 8064, 'total_shapes': 1156, 'total_links': 390, 'num_tensors': 98}
2026-08-26 14:49:31,838 [INFO]     [6 | both | 0](candidate_pairs: 49/49 | new_swaps: 2 | total: 2) -> {'max_bond': 16, 'max_links': 4, 'total_elems': 8004, 'total_shapes': 1150, 'total_links': 390, 'num_tensors': 98}
2026-08-26 14:49:31,947 [INFO]     [6 | both | 1](candidate_pairs: 48/48 | new_swaps: 1 | total: 3) -> {'max_bond': 16, 'max_links': 4, 'total_elems': 7992, 'total_shapes': 1148, 'total_links': 390, 'num_tensors': 98}
2026-08-26 14:49:31,978 [INFO]     [6 | left | 0](candidate_pairs: 49/49 | new_swaps: 0 | total: 3) -> {'max_bond': 16, 'max_links': 4, 'total_elems': 7992, 'total_shapes': 1148, 'total_links': 390, 'num_tensors': 98}
2026-08-26 14:49:32,046 [INFO]     [6 | left | 1](candidate_pairs: 48/48 | new_swaps: 1 | total: 4) -> {'max_bond': 16, 'max_links': 4, 'total_elems': 7944, 'total_shapes': 1144, 'total_links': 390, 'num_tensors': 98}
2026-08-26 14:49:32,076 [INFO]     [6 | right | 0](candidate_pairs: 49/49 | new_swaps: 0 | total: 4) -> {'max_bond': 16, 'max_links': 4, 'total_elems': 7944, 'total_shapes': 1144, 'total_links': 390, 'num_tensors': 98}
2026-08-26 14:49:32,106 [INFO]     [6 | right | 1](candidate_pairs: 48/48 | new_swaps: 0 | total: 4) -> {'max_bond': 16, 'max_links': 4, 'total_elems': 7944, 'total_shapes': 1144, 'total_links': 390, 'num_tensors': 98}
2026-08-26 14:49:32,166 [INFO]     [7 | both | 0](candidate_pairs: 49/49 | new_swaps: 0 | total: 0) -> {'max_bond': 16, 'max_links': 4, 'total_elems': 7944, 'total_shapes': 1144, 'total_links': 390, 'num_tensors': 98}
2026-08-26 14:49:32,225 [INFO]     [7 | both | 1](candidate_pairs: 48/48 | new_swaps: 0 | total: 0) -> {'max_bond': 16, 'max_links': 4, 'total_elems': 7944, 'total_shapes': 1144, 'total_links': 390, 'num_tensors': 98}
2026-08-26 14:49:32,256 [INFO]     [7 | left | 0](candidate_pairs: 49/49 | new_swaps: 0 | total: 0) -> {'max_bond': 16, 'max_links': 4, 'total_elems': 7944, 'total_shapes': 1144, 'total_links': 390, 'num_tensors': 98}
2026-08-26 14:49:32,287 [INFO]     [7 | left | 1](candidate_pairs: 48/48 | new_swaps: 0 | total: 0) -> {'max_bond': 16, 'max_links': 4, 'total_elems': 7944, 'total_shapes': 1144, 'total_links': 390, 'num_tensors': 98}
2026-08-26 14:49:32,317 [INFO]     [7 | right | 0](candidate_pairs: 49/49 | new_swaps: 0 | total: 0) -> {'max_bond': 16, 'max_links': 4, 'total_elems': 7944, 'total_shapes': 1144, 'total_links': 390, 'num_tensors': 98}
2026-08-26 14:49:32,346 [INFO]     [7 | right | 1](candidate_pairs: 48/48 | new_swaps: 0 | total: 0) -> {'max_bond': 16, 'max_links': 4, 'total_elems': 7944, 'total_shapes': 1144, 'total_links': 390, 'num_tensors': 98}
2026-08-26 14:49:32,347 [INFO]     [end unswap] -> {'max_bond': 16, 'max_links': 4, 'total_elems': 7944, 'total_shapes': 1144, 'total_links': 390, 'num_tensors': 98}
2026-08-26 14:49:32,384 [INFO] [start rewire](phase=post_unswap, cycle=20, side=left, layers=2483, trials=20, seed=123, parallel=False, route_candidates=2, route_score=lookahead_total)
2026-08-26 14:49:39,530 [INFO] [end rewire](phase=post_unswap, cycle=20, side=left, routed_layers=2327, elapsed_s=7.15)
2026-08-26 14:49:39,531 [INFO] [start rewire](phase=post_unswap, cycle=20, side=right, layers=2050, trials=20, seed=123, parallel=False, route_candidates=2, route_score=lookahead_total)
2026-08-26 14:49:45,547 [INFO] [end rewire](phase=post_unswap, cycle=20, side=right, routed_layers=2088, elapsed_s=6.02)
[Cycle 20] 49/1984 gates (2.5 %) after 894 sec
2026-08-26 14:49:45,666 [INFO] [1L/2325](swap: 21, u: 0 | c_u: 0 | t_u_l: 30/992 | t_u_r: 19/992 | t_u: 49/1984) -> {'max_bond': 16, 'max_links': 4, 'total_elems': 7944, 'total_shapes': 1144, 'total_links': 390, 'num_tensors': 98}
2026-08-26 14:49:45,743 [INFO] [1R/2086](swap: 15, u: 0 | c_u: 0 | t_u_l: 30/992 | t_u_r: 19/992 | t_u: 49/1984) -> {'max_bond': 32, 'max_links': 4, 'total_elems': 12156, 'total_shapes': 1344, 'total_links': 390, 'num_tensors': 98}
2026-08-26 14:49:45,823 [INFO] [2L/2325](swap: 21, u: 0 | c_u: 0 | t_u_l: 30/992 | t_u_r: 19/992 | t_u: 49/1984) -> {'max_bond': 32, 'max_links': 4, 'total_elems': 19844, 'total_shapes': 1624, 'total_links': 390, 'num_tensors': 98}
2026-08-26 14:49:45,905 [INFO] [2R/2086](swap: 15, u: 0 | c_u: 0 | t_u_l: 30/992 | t_u_r: 19/992 | t_u: 49/1984) -> {'max_bond': 32, 'max_links': 4, 'total_elems': 30424, 'total_shapes': 1888, 'total_links': 390, 'num_tensors': 98}
2026-08-26 14:49:45,998 [INFO] [3R/2086](swap: 14, u: 0 | c_u: 0 | t_u_l: 30/992 | t_u_r: 19/992 | t_u: 49/1984) -> {'max_bond': 32, 'max_links': 4, 'total_elems': 42808, 'total_shapes': 2158, 'total_links': 390, 'num_tensors': 98}
2026-08-26 14:49:46,096 [INFO] [3L/2325](swap: 18, u: 0 | c_u: 0 | t_u_l: 30/992 | t_u_r: 19/992 | t_u: 49/1984) -> {'max_bond': 64, 'max_links': 4, 'total_elems': 64724, 'total_shapes': 2664, 'total_links': 390, 'num_tensors': 98}
2026-08-26 14:49:46,207 [INFO] [4R/2086](swap: 12, u: 0 | c_u: 0 | t_u_l: 30/992 | t_u_r: 19/992 | t_u: 49/1984) -> {'max_bond': 64, 'max_links': 4, 'total_elems': 100308, 'total_shapes': 3144, 'total_links': 390, 'num_tensors': 98}
2026-08-26 14:49:46,336 [INFO] [5R/2086](swap: 12, u: 0 | c_u: 0 | t_u_l: 30/992 | t_u_r: 19/992 | t_u: 49/1984) -> {'max_bond': 64, 'max_links': 4, 'total_elems': 149204, 'total_shapes': 3576, 'total_links': 390, 'num_tensors': 98}
2026-08-26 14:49:46,497 [INFO] [6R/2086](swap: 11, u: 0 | c_u: 0 | t_u_l: 30/992 | t_u_r: 19/992 | t_u: 49/1984) -> {'max_bond': 64, 'max_links': 4, 'total_elems': 212160, 'total_shapes': 4098, 'total_links': 390, 'num_tensors': 98}
2026-08-26 14:49:46,702 [INFO] [7R/2086](swap: 10, u: 0 | c_u: 0 | t_u_l: 30/992 | t_u_r: 19/992 | t_u: 49/1984) -> {'max_bond': 128, 'max_links': 4, 'total_elems': 306988, 'total_shapes': 4684, 'total_links': 390, 'num_tensors': 98}
2026-08-26 14:49:47,100 [INFO] [4L/2325](swap: 17, u: 0 | c_u: 0 | t_u_l: 30/992 | t_u_r: 19/992 | t_u: 49/1984) -> {'max_bond': 256, 'max_links': 4, 'total_elems': 497580, 'total_shapes': 5628, 'total_links': 390, 'num_tensors': 98}
2026-08-26 14:49:47,789 [INFO] [8R/2086](swap: 12, u: 0 | c_u: 0 | t_u_l: 30/992 | t_u_r: 19/992 | t_u: 49/1984) -> {'max_bond': 256, 'max_links': 4, 'total_elems': 876712, 'total_shapes': 6754, 'total_links': 390, 'num_tensors': 98}
2026-08-26 14:49:49,075 [INFO]     [start unswap] -> {'max_bond': 256, 'max_links': 4, 'total_elems': 876712, 'total_shapes': 6754, 'total_links': 390, 'num_tensors': 98}
2026-08-26 14:50:04,321 [INFO]     [0 | both | 0](candidate_pairs: 49/49 | new_swaps: 5 | total: 5) -> {'max_bond': 256, 'max_links': 4, 'total_elems': 1405800, 'total_shapes': 8018, 'total_links': 390, 'num_tensors': 98}
2026-08-26 14:50:10,097 [INFO]     [0 | both | 1](candidate_pairs: 48/48 | new_swaps: 14 | total: 19) -> {'max_bond': 256, 'max_links': 4, 'total_elems': 871096, 'total_shapes': 6258, 'total_links': 390, 'num_tensors': 98}
2026-08-26 14:50:11,730 [INFO]     [0 | left | 0](candidate_pairs: 49/49 | new_swaps: 15 | total: 34) -> {'max_bond': 256, 'max_links': 4, 'total_elems': 663672, 'total_shapes': 5286, 'total_links': 390, 'num_tensors': 98}
2026-08-26 14:50:14,072 [INFO]     [0 | left | 1](candidate_pairs: 48/48 | new_swaps: 15 | total: 49) -> {'max_bond': 256, 'max_links': 4, 'total_elems': 338120, 'total_shapes': 4346, 'total_links': 390, 'num_tensors': 98}
2026-08-26 14:50:14,598 [INFO]     [0 | right | 0](candidate_pairs: 49/49 | new_swaps: 9 | total: 58) -> {'max_bond': 64, 'max_links': 4, 'total_elems': 198384, 'total_shapes': 3638, 'total_links': 390, 'num_tensors': 98}
2026-08-26 14:50:14,890 [INFO]     [0 | right | 1](candidate_pairs: 48/48 | new_swaps: 10 | total: 68) -> {'max_bond': 64, 'max_links': 4, 'total_elems': 146420, 'total_shapes': 3224, 'total_links': 390, 'num_tensors': 98}
2026-08-26 14:50:15,367 [INFO]     [1 | both | 0](candidate_pairs: 49/49 | new_swaps: 14 | total: 14) -> {'max_bond': 64, 'max_links': 4, 'total_elems': 116552, 'total_shapes': 2806, 'total_links': 390, 'num_tensors': 98}
2026-08-26 14:50:15,729 [INFO]     [1 | both | 1](candidate_pairs: 48/48 | new_swaps: 11 | total: 25) -> {'max_bond': 64, 'max_links': 4, 'total_elems': 78492, 'total_shapes': 2468, 'total_links': 390, 'num_tensors': 98}
2026-08-26 14:50:15,850 [INFO]     [1 | left | 0](candidate_pairs: 49/49 | new_swaps: 6 | total: 31) -> {'max_bond': 64, 'max_links': 4, 'total_elems': 68316, 'total_shapes': 2268, 'total_links': 390, 'num_tensors': 98}
2026-08-26 14:50:15,979 [INFO]     [1 | left | 1](candidate_pairs: 48/48 | new_swaps: 8 | total: 39) -> {'max_bond': 64, 'max_links': 4, 'total_elems': 64428, 'total_shapes': 2164, 'total_links': 390, 'num_tensors': 98}
2026-08-26 14:50:16,090 [INFO]     [1 | right | 0](candidate_pairs: 49/49 | new_swaps: 5 | total: 44) -> {'max_bond': 64, 'max_links': 4, 'total_elems': 50604, 'total_shapes': 2020, 'total_links': 390, 'num_tensors': 98}
2026-08-26 14:50:16,190 [INFO]     [1 | right | 1](candidate_pairs: 48/48 | new_swaps: 4 | total: 48) -> {'max_bond': 32, 'max_links': 4, 'total_elems': 37292, 'total_shapes': 1896, 'total_links': 390, 'num_tensors': 98}
2026-08-26 14:50:16,365 [INFO]     [2 | both | 0](candidate_pairs: 49/49 | new_swaps: 10 | total: 10) -> {'max_bond': 32, 'max_links': 4, 'total_elems': 29576, 'total_shapes': 1742, 'total_links': 390, 'num_tensors': 98}
2026-08-26 14:50:16,522 [INFO]     [2 | both | 1](candidate_pairs: 48/48 | new_swaps: 10 | total: 20) -> {'max_bond': 32, 'max_links': 4, 'total_elems': 23580, 'total_shapes': 1596, 'total_links': 390, 'num_tensors': 98}
2026-08-26 14:50:16,601 [INFO]     [2 | left | 0](candidate_pairs: 49/49 | new_swaps: 4 | total: 24) -> {'max_bond': 32, 'max_links': 4, 'total_elems': 21108, 'total_shapes': 1536, 'total_links': 390, 'num_tensors': 98}
2026-08-26 14:50:16,681 [INFO]     [2 | left | 1](candidate_pairs: 48/48 | new_swaps: 7 | total: 31) -> {'max_bond': 32, 'max_links': 4, 'total_elems': 17684, 'total_shapes': 1450, 'total_links': 390, 'num_tensors': 98}
2026-08-26 14:50:16,756 [INFO]     [2 | right | 0](candidate_pairs: 49/49 | new_swaps: 7 | total: 38) -> {'max_bond': 32, 'max_links': 4, 'total_elems': 14808, 'total_shapes': 1352, 'total_links': 390, 'num_tensors': 98}
2026-08-26 14:50:16,827 [INFO]     [2 | right | 1](candidate_pairs: 48/48 | new_swaps: 3 | total: 41) -> {'max_bond': 32, 'max_links': 4, 'total_elems': 13752, 'total_shapes': 1316, 'total_links': 390, 'num_tensors': 98}
2026-08-26 14:50:16,957 [INFO]     [3 | both | 0](candidate_pairs: 49/49 | new_swaps: 3 | total: 3) -> {'max_bond': 32, 'max_links': 4, 'total_elems': 13020, 'total_shapes': 1282, 'total_links': 390, 'num_tensors': 98}
2026-08-26 14:50:17,074 [INFO]     [3 | both | 1](candidate_pairs: 48/48 | new_swaps: 1 | total: 4) -> {'max_bond': 32, 'max_links': 4, 'total_elems': 13008, 'total_shapes': 1280, 'total_links': 390, 'num_tensors': 98}
2026-08-26 14:50:17,146 [INFO]     [3 | left | 0](candidate_pairs: 49/49 | new_swaps: 2 | total: 6) -> {'max_bond': 32, 'max_links': 4, 'total_elems': 12800, 'total_shapes': 1268, 'total_links': 390, 'num_tensors': 98}
2026-08-26 14:50:17,217 [INFO]     [3 | left | 1](candidate_pairs: 48/48 | new_swaps: 2 | total: 8) -> {'max_bond': 32, 'max_links': 4, 'total_elems': 12672, 'total_shapes': 1256, 'total_links': 390, 'num_tensors': 98}
2026-08-26 14:50:17,286 [INFO]     [3 | right | 0](candidate_pairs: 49/49 | new_swaps: 1 | total: 9) -> {'max_bond': 32, 'max_links': 4, 'total_elems': 12512, 'total_shapes': 1248, 'total_links': 390, 'num_tensors': 98}
2026-08-26 14:50:17,318 [INFO]     [3 | right | 1](candidate_pairs: 48/48 | new_swaps: 0 | total: 9) -> {'max_bond': 32, 'max_links': 4, 'total_elems': 12512, 'total_shapes': 1248, 'total_links': 390, 'num_tensors': 98}
2026-08-26 14:50:17,384 [INFO]     [4 | both | 0](candidate_pairs: 49/49 | new_swaps: 0 | total: 0) -> {'max_bond': 32, 'max_links': 4, 'total_elems': 12512, 'total_shapes': 1248, 'total_links': 390, 'num_tensors': 98}
2026-08-26 14:50:17,448 [INFO]     [4 | both | 1](candidate_pairs: 48/48 | new_swaps: 0 | total: 0) -> {'max_bond': 32, 'max_links': 4, 'total_elems': 12512, 'total_shapes': 1248, 'total_links': 390, 'num_tensors': 98}
2026-08-26 14:50:17,481 [INFO]     [4 | left | 0](candidate_pairs: 49/49 | new_swaps: 0 | total: 0) -> {'max_bond': 32, 'max_links': 4, 'total_elems': 12512, 'total_shapes': 1248, 'total_links': 390, 'num_tensors': 98}
2026-08-26 14:50:17,515 [INFO]     [4 | left | 1](candidate_pairs: 48/48 | new_swaps: 0 | total: 0) -> {'max_bond': 32, 'max_links': 4, 'total_elems': 12512, 'total_shapes': 1248, 'total_links': 390, 'num_tensors': 98}
2026-08-26 14:50:17,549 [INFO]     [4 | right | 0](candidate_pairs: 49/49 | new_swaps: 0 | total: 0) -> {'max_bond': 32, 'max_links': 4, 'total_elems': 12512, 'total_shapes': 1248, 'total_links': 390, 'num_tensors': 98}
2026-08-26 14:50:17,580 [INFO]     [4 | right | 1](candidate_pairs: 48/48 | new_swaps: 0 | total: 0) -> {'max_bond': 32, 'max_links': 4, 'total_elems': 12512, 'total_shapes': 1248, 'total_links': 390, 'num_tensors': 98}
2026-08-26 14:50:17,581 [INFO]     [end unswap] -> {'max_bond': 32, 'max_links': 4, 'total_elems': 12512, 'total_shapes': 1248, 'total_links': 390, 'num_tensors': 98}
2026-08-26 14:50:17,623 [INFO] [start rewire](phase=post_unswap, cycle=21, side=left, layers=2323, trials=20, seed=123, parallel=False, route_candidates=2, route_score=lookahead_total)
2026-08-26 14:50:31,096 [INFO] [end rewire](phase=post_unswap, cycle=21, side=left, routed_layers=2599, elapsed_s=13.47)
2026-08-26 14:50:31,097 [INFO] [start rewire](phase=post_unswap, cycle=21, side=right, layers=2080, trials=20, seed=123, parallel=False, route_candidates=2, route_score=lookahead_total)
2026-08-26 14:50:38,268 [INFO] [end rewire](phase=post_unswap, cycle=21, side=right, routed_layers=2282, elapsed_s=7.17)
[Cycle 21] 49/1984 gates (2.5 %) after 947 sec
2026-08-26 14:50:38,393 [INFO] [1L/2597](swap: 18, u: 0 | c_u: 0 | t_u_l: 30/992 | t_u_r: 19/992 | t_u: 49/1984) -> {'max_bond': 32, 'max_links': 4, 'total_elems': 12512, 'total_shapes': 1248, 'total_links': 390, 'num_tensors': 98}
2026-08-26 14:50:38,474 [INFO] [2L/2597](swap: 22, u: 0 | c_u: 0 | t_u_l: 30/992 | t_u_r: 19/992 | t_u: 49/1984) -> {'max_bond': 32, 'max_links': 4, 'total_elems': 15640, 'total_shapes': 1462, 'total_links': 390, 'num_tensors': 98}
2026-08-26 14:50:38,556 [INFO] [1R/2280](swap: 16, u: 0 | c_u: 0 | t_u_l: 30/992 | t_u_r: 19/992 | t_u: 49/1984) -> {'max_bond': 32, 'max_links': 4, 'total_elems': 21864, 'total_shapes': 1650, 'total_links': 390, 'num_tensors': 98}
2026-08-26 14:50:38,642 [INFO] [3L/2597](swap: 20, u: 0 | c_u: 0 | t_u_l: 30/992 | t_u_r: 19/992 | t_u: 49/1984) -> {'max_bond': 32, 'max_links': 4, 'total_elems': 36620, 'total_shapes': 2034, 'total_links': 390, 'num_tensors': 98}
2026-08-26 14:50:38,738 [INFO] [2R/2280](swap: 18, u: 0 | c_u: 0 | t_u_l: 30/992 | t_u_r: 19/992 | t_u: 49/1984) -> {'max_bond': 64, 'max_links': 4, 'total_elems': 62140, 'total_shapes': 2480, 'total_links': 390, 'num_tensors': 98}
2026-08-26 14:50:38,854 [INFO] [4L/2597](swap: 21, u: 0 | c_u: 0 | t_u_l: 30/992 | t_u_r: 19/992 | t_u: 49/1984) -> {'max_bond': 64, 'max_links': 4, 'total_elems': 90268, 'total_shapes': 2996, 'total_links': 390, 'num_tensors': 98}
2026-08-26 14:50:38,985 [INFO] [3R/2280](swap: 18, u: 0 | c_u: 0 | t_u_l: 30/992 | t_u_r: 19/992 | t_u: 49/1984) -> {'max_bond': 64, 'max_links': 4, 'total_elems': 127900, 'total_shapes': 3496, 'total_links': 390, 'num_tensors': 98}
2026-08-26 14:50:39,138 [INFO] [5L/2597](swap: 23, u: 0 | c_u: 0 | t_u_l: 30/992 | t_u_r: 19/992 | t_u: 49/1984) -> {'max_bond': 64, 'max_links': 4, 'total_elems': 209900, 'total_shapes': 4336, 'total_links': 390, 'num_tensors': 98}
2026-08-26 14:50:39,389 [INFO] [4R/2280](swap: 13, u: 0 | c_u: 0 | t_u_l: 30/992 | t_u_r: 19/992 | t_u: 49/1984) -> {'max_bond': 64, 'max_links': 4, 'total_elems': 306668, 'total_shapes': 5040, 'total_links': 390, 'num_tensors': 98}
2026-08-26 14:50:39,803 [INFO] [6L/2597](swap: 18, u: 0 | c_u: 0 | t_u_l: 30/992 | t_u_r: 19/992 | t_u: 49/1984) -> {'max_bond': 256, 'max_links': 4, 'total_elems': 582036, 'total_shapes': 6676, 'total_links': 390, 'num_tensors': 98}
2026-08-26 14:50:40,720 [INFO] [5R/2280](swap: 14, u: 0 | c_u: 0 | t_u_l: 30/992 | t_u_r: 19/992 | t_u: 49/1984) -> {'max_bond': 256, 'max_links': 4, 'total_elems': 986064, 'total_shapes': 8362, 'total_links': 390, 'num_tensors': 98}
2026-08-26 14:50:42,531 [INFO]     [start unswap] -> {'max_bond': 256, 'max_links': 4, 'total_elems': 986064, 'total_shapes': 8362, 'total_links': 390, 'num_tensors': 98}
2026-08-26 14:50:52,426 [INFO]     [0 | both | 0](candidate_pairs: 49/49 | new_swaps: 11 | total: 11) -> {'max_bond': 256, 'max_links': 4, 'total_elems': 1485636, 'total_shapes': 8684, 'total_links': 390, 'num_tensors': 98}
2026-08-26 14:51:06,794 [INFO]     [0 | both | 1](candidate_pairs: 48/48 | new_swaps: 23 | total: 34) -> {'max_bond': 256, 'max_links': 4, 'total_elems': 1030532, 'total_shapes': 6708, 'total_links': 390, 'num_tensors': 98}
2026-08-26 14:51:09,775 [INFO]     [0 | left | 0](candidate_pairs: 49/49 | new_swaps: 21 | total: 55) -> {'max_bond': 256, 'max_links': 4, 'total_elems': 365572, 'total_shapes': 4796, 'total_links': 390, 'num_tensors': 98}
2026-08-26 14:51:10,356 [INFO]     [0 | left | 1](candidate_pairs: 48/48 | new_swaps: 21 | total: 76) -> {'max_bond': 64, 'max_links': 4, 'total_elems': 176984, 'total_shapes': 3626, 'total_links': 390, 'num_tensors': 98}
2026-08-26 14:51:10,554 [INFO]     [0 | right | 0](candidate_pairs: 49/49 | new_swaps: 12 | total: 88) -> {'max_bond': 64, 'max_links': 4, 'total_elems': 146200, 'total_shapes': 3234, 'total_links': 390, 'num_tensors': 98}
2026-08-26 14:51:10,801 [INFO]     [0 | right | 1](candidate_pairs: 48/48 | new_swaps: 11 | total: 99) -> {'max_bond': 64, 'max_links': 4, 'total_elems': 119252, 'total_shapes': 2976, 'total_links': 390, 'num_tensors': 98}
2026-08-26 14:51:11,150 [INFO]     [1 | both | 0](candidate_pairs: 49/49 | new_swaps: 14 | total: 14) -> {'max_bond': 64, 'max_links': 4, 'total_elems': 61704, 'total_shapes': 2390, 'total_links': 390, 'num_tensors': 98}
2026-08-26 14:51:11,353 [INFO]     [1 | both | 1](candidate_pairs: 48/48 | new_swaps: 11 | total: 25) -> {'max_bond': 32, 'max_links': 4, 'total_elems': 35528, 'total_shapes': 1974, 'total_links': 390, 'num_tensors': 98}
2026-08-26 14:51:11,439 [INFO]     [1 | left | 0](candidate_pairs: 49/49 | new_swaps: 7 | total: 32) -> {'max_bond': 32, 'max_links': 4, 'total_elems': 33056, 'total_shapes': 1874, 'total_links': 390, 'num_tensors': 98}
2026-08-26 14:51:11,527 [INFO]     [1 | left | 1](candidate_pairs: 48/48 | new_swaps: 5 | total: 37) -> {'max_bond': 32, 'max_links': 4, 'total_elems': 28544, 'total_shapes': 1794, 'total_links': 390, 'num_tensors': 98}
2026-08-26 14:51:11,609 [INFO]     [1 | right | 0](candidate_pairs: 49/49 | new_swaps: 6 | total: 43) -> {'max_bond': 16, 'max_links': 4, 'total_elems': 23936, 'total_shapes': 1682, 'total_links': 390, 'num_tensors': 98}
2026-08-26 14:51:11,684 [INFO]     [1 | right | 1](candidate_pairs: 48/48 | new_swaps: 2 | total: 45) -> {'max_bond': 16, 'max_links': 4, 'total_elems': 23748, 'total_shapes': 1668, 'total_links': 390, 'num_tensors': 98}
2026-08-26 14:51:11,835 [INFO]     [2 | both | 0](candidate_pairs: 49/49 | new_swaps: 6 | total: 6) -> {'max_bond': 16, 'max_links': 4, 'total_elems': 21080, 'total_shapes': 1594, 'total_links': 390, 'num_tensors': 98}
2026-08-26 14:51:11,982 [INFO]     [2 | both | 1](candidate_pairs: 48/48 | new_swaps: 12 | total: 18) -> {'max_bond': 16, 'max_links': 4, 'total_elems': 18564, 'total_shapes': 1482, 'total_links': 390, 'num_tensors': 98}
2026-08-26 14:51:12,045 [INFO]     [2 | left | 0](candidate_pairs: 49/49 | new_swaps: 2 | total: 20) -> {'max_bond': 16, 'max_links': 4, 'total_elems': 17764, 'total_shapes': 1462, 'total_links': 390, 'num_tensors': 98}
2026-08-26 14:51:12,106 [INFO]     [2 | left | 1](candidate_pairs: 48/48 | new_swaps: 1 | total: 21) -> {'max_bond': 16, 'max_links': 4, 'total_elems': 17740, 'total_shapes': 1458, 'total_links': 390, 'num_tensors': 98}
2026-08-26 14:51:12,167 [INFO]     [2 | right | 0](candidate_pairs: 49/49 | new_swaps: 1 | total: 22) -> {'max_bond': 16, 'max_links': 4, 'total_elems': 17580, 'total_shapes': 1450, 'total_links': 390, 'num_tensors': 98}
2026-08-26 14:51:12,242 [INFO]     [2 | right | 1](candidate_pairs: 48/48 | new_swaps: 2 | total: 24) -> {'max_bond': 16, 'max_links': 4, 'total_elems': 16620, 'total_shapes': 1426, 'total_links': 390, 'num_tensors': 98}
2026-08-26 14:51:12,381 [INFO]     [3 | both | 0](candidate_pairs: 49/49 | new_swaps: 6 | total: 6) -> {'max_bond': 16, 'max_links': 4, 'total_elems': 16040, 'total_shapes': 1392, 'total_links': 390, 'num_tensors': 98}
2026-08-26 14:51:12,517 [INFO]     [3 | both | 1](candidate_pairs: 48/48 | new_swaps: 3 | total: 9) -> {'max_bond': 16, 'max_links': 4, 'total_elems': 15248, 'total_shapes': 1372, 'total_links': 390, 'num_tensors': 98}
2026-08-26 14:51:12,551 [INFO]     [3 | left | 0](candidate_pairs: 49/49 | new_swaps: 0 | total: 9) -> {'max_bond': 16, 'max_links': 4, 'total_elems': 15248, 'total_shapes': 1372, 'total_links': 390, 'num_tensors': 98}
2026-08-26 14:51:12,587 [INFO]     [3 | left | 1](candidate_pairs: 48/48 | new_swaps: 0 | total: 9) -> {'max_bond': 16, 'max_links': 4, 'total_elems': 15248, 'total_shapes': 1372, 'total_links': 390, 'num_tensors': 98}
2026-08-26 14:51:12,651 [INFO]     [3 | right | 0](candidate_pairs: 49/49 | new_swaps: 1 | total: 10) -> {'max_bond': 16, 'max_links': 4, 'total_elems': 14480, 'total_shapes': 1356, 'total_links': 390, 'num_tensors': 98}
2026-08-26 14:51:12,724 [INFO]     [3 | right | 1](candidate_pairs: 48/48 | new_swaps: 3 | total: 13) -> {'max_bond': 16, 'max_links': 4, 'total_elems': 14144, 'total_shapes': 1336, 'total_links': 390, 'num_tensors': 98}
2026-08-26 14:51:12,860 [INFO]     [4 | both | 0](candidate_pairs: 49/49 | new_swaps: 5 | total: 5) -> {'max_bond': 16, 'max_links': 4, 'total_elems': 13820, 'total_shapes': 1314, 'total_links': 390, 'num_tensors': 98}
2026-08-26 14:51:12,992 [INFO]     [4 | both | 1](candidate_pairs: 48/48 | new_swaps: 3 | total: 8) -> {'max_bond': 16, 'max_links': 4, 'total_elems': 12992, 'total_shapes': 1292, 'total_links': 390, 'num_tensors': 98}
2026-08-26 14:51:13,063 [INFO]     [4 | left | 0](candidate_pairs: 49/49 | new_swaps: 1 | total: 9) -> {'max_bond': 16, 'max_links': 4, 'total_elems': 12944, 'total_shapes': 1288, 'total_links': 390, 'num_tensors': 98}
2026-08-26 14:51:13,122 [INFO]     [4 | left | 1](candidate_pairs: 48/48 | new_swaps: 1 | total: 10) -> {'max_bond': 16, 'max_links': 4, 'total_elems': 12784, 'total_shapes': 1280, 'total_links': 390, 'num_tensors': 98}
2026-08-26 14:51:13,181 [INFO]     [4 | right | 0](candidate_pairs: 49/49 | new_swaps: 1 | total: 11) -> {'max_bond': 16, 'max_links': 4, 'total_elems': 12016, 'total_shapes': 1256, 'total_links': 390, 'num_tensors': 98}
2026-08-26 14:51:13,216 [INFO]     [4 | right | 1](candidate_pairs: 48/48 | new_swaps: 0 | total: 11) -> {'max_bond': 16, 'max_links': 4, 'total_elems': 12016, 'total_shapes': 1256, 'total_links': 390, 'num_tensors': 98}
2026-08-26 14:51:13,345 [INFO]     [5 | both | 0](candidate_pairs: 49/49 | new_swaps: 2 | total: 2) -> {'max_bond': 16, 'max_links': 4, 'total_elems': 11812, 'total_shapes': 1246, 'total_links': 390, 'num_tensors': 98}
2026-08-26 14:51:13,472 [INFO]     [5 | both | 1](candidate_pairs: 48/48 | new_swaps: 2 | total: 4) -> {'max_bond': 16, 'max_links': 4, 'total_elems': 11716, 'total_shapes': 1238, 'total_links': 390, 'num_tensors': 98}
2026-08-26 14:51:13,505 [INFO]     [5 | left | 0](candidate_pairs: 49/49 | new_swaps: 0 | total: 4) -> {'max_bond': 16, 'max_links': 4, 'total_elems': 11716, 'total_shapes': 1238, 'total_links': 390, 'num_tensors': 98}
2026-08-26 14:51:13,537 [INFO]     [5 | left | 1](candidate_pairs: 48/48 | new_swaps: 0 | total: 4) -> {'max_bond': 16, 'max_links': 4, 'total_elems': 11716, 'total_shapes': 1238, 'total_links': 390, 'num_tensors': 98}
2026-08-26 14:51:13,569 [INFO]     [5 | right | 0](candidate_pairs: 49/49 | new_swaps: 0 | total: 4) -> {'max_bond': 16, 'max_links': 4, 'total_elems': 11716, 'total_shapes': 1238, 'total_links': 390, 'num_tensors': 98}
2026-08-26 14:51:13,627 [INFO]     [5 | right | 1](candidate_pairs: 48/48 | new_swaps: 1 | total: 5) -> {'max_bond': 16, 'max_links': 4, 'total_elems': 11588, 'total_shapes': 1230, 'total_links': 390, 'num_tensors': 98}
2026-08-26 14:51:13,742 [INFO]     [6 | both | 0](candidate_pairs: 49/49 | new_swaps: 1 | total: 1) -> {'max_bond': 16, 'max_links': 4, 'total_elems': 11540, 'total_shapes': 1226, 'total_links': 390, 'num_tensors': 98}
2026-08-26 14:51:13,806 [INFO]     [6 | both | 1](candidate_pairs: 48/48 | new_swaps: 0 | total: 1) -> {'max_bond': 16, 'max_links': 4, 'total_elems': 11540, 'total_shapes': 1226, 'total_links': 390, 'num_tensors': 98}
2026-08-26 14:51:13,839 [INFO]     [6 | left | 0](candidate_pairs: 49/49 | new_swaps: 0 | total: 1) -> {'max_bond': 16, 'max_links': 4, 'total_elems': 11540, 'total_shapes': 1226, 'total_links': 390, 'num_tensors': 98}
2026-08-26 14:51:13,871 [INFO]     [6 | left | 1](candidate_pairs: 48/48 | new_swaps: 0 | total: 1) -> {'max_bond': 16, 'max_links': 4, 'total_elems': 11540, 'total_shapes': 1226, 'total_links': 390, 'num_tensors': 98}
2026-08-26 14:51:13,903 [INFO]     [6 | right | 0](candidate_pairs: 49/49 | new_swaps: 0 | total: 1) -> {'max_bond': 16, 'max_links': 4, 'total_elems': 11540, 'total_shapes': 1226, 'total_links': 390, 'num_tensors': 98}
2026-08-26 14:51:13,934 [INFO]     [6 | right | 1](candidate_pairs: 48/48 | new_swaps: 0 | total: 1) -> {'max_bond': 16, 'max_links': 4, 'total_elems': 11540, 'total_shapes': 1226, 'total_links': 390, 'num_tensors': 98}
2026-08-26 14:51:13,998 [INFO]     [7 | both | 0](candidate_pairs: 49/49 | new_swaps: 0 | total: 0) -> {'max_bond': 16, 'max_links': 4, 'total_elems': 11540, 'total_shapes': 1226, 'total_links': 390, 'num_tensors': 98}
2026-08-26 14:51:14,062 [INFO]     [7 | both | 1](candidate_pairs: 48/48 | new_swaps: 0 | total: 0) -> {'max_bond': 16, 'max_links': 4, 'total_elems': 11540, 'total_shapes': 1226, 'total_links': 390, 'num_tensors': 98}
2026-08-26 14:51:14,095 [INFO]     [7 | left | 0](candidate_pairs: 49/49 | new_swaps: 0 | total: 0) -> {'max_bond': 16, 'max_links': 4, 'total_elems': 11540, 'total_shapes': 1226, 'total_links': 390, 'num_tensors': 98}
2026-08-26 14:51:14,127 [INFO]     [7 | left | 1](candidate_pairs: 48/48 | new_swaps: 0 | total: 0) -> {'max_bond': 16, 'max_links': 4, 'total_elems': 11540, 'total_shapes': 1226, 'total_links': 390, 'num_tensors': 98}
2026-08-26 14:51:14,159 [INFO]     [7 | right | 0](candidate_pairs: 49/49 | new_swaps: 0 | total: 0) -> {'max_bond': 16, 'max_links': 4, 'total_elems': 11540, 'total_shapes': 1226, 'total_links': 390, 'num_tensors': 98}
2026-08-26 14:51:14,190 [INFO]     [7 | right | 1](candidate_pairs: 48/48 | new_swaps: 0 | total: 0) -> {'max_bond': 16, 'max_links': 4, 'total_elems': 11540, 'total_shapes': 1226, 'total_links': 390, 'num_tensors': 98}
2026-08-26 14:51:14,190 [INFO]     [end unswap] -> {'max_bond': 16, 'max_links': 4, 'total_elems': 11540, 'total_shapes': 1226, 'total_links': 390, 'num_tensors': 98}
2026-08-26 14:51:14,232 [INFO] [start rewire](phase=post_unswap, cycle=22, side=left, layers=2593, trials=20, seed=123, parallel=False, route_candidates=2, route_score=lookahead_total)
2026-08-26 14:51:24,214 [INFO] [end rewire](phase=post_unswap, cycle=22, side=left, routed_layers=2530, elapsed_s=9.98)
2026-08-26 14:51:24,214 [INFO] [start rewire](phase=post_unswap, cycle=22, side=right, layers=2277, trials=20, seed=123, parallel=False, route_candidates=2, route_score=lookahead_total)
2026-08-26 14:51:30,131 [INFO] [end rewire](phase=post_unswap, cycle=22, side=right, routed_layers=2313, elapsed_s=5.92)
[Cycle 22] 49/1984 gates (2.5 %) after 999 sec
2026-08-26 14:51:30,254 [INFO] [1L/2528](swap: 23, u: 0 | c_u: 0 | t_u_l: 30/992 | t_u_r: 19/992 | t_u: 49/1984) -> {'max_bond': 16, 'max_links': 4, 'total_elems': 11540, 'total_shapes': 1226, 'total_links': 390, 'num_tensors': 98}
2026-08-26 14:51:30,334 [INFO] [1R/2311](swap: 13, u: 0 | c_u: 0 | t_u_l: 30/992 | t_u_r: 19/992 | t_u: 49/1984) -> {'max_bond': 32, 'max_links': 4, 'total_elems': 15468, 'total_shapes': 1388, 'total_links': 390, 'num_tensors': 98}
2026-08-26 14:51:30,416 [INFO] [2R/2311](swap: 13, u: 0 | c_u: 0 | t_u_l: 30/992 | t_u_r: 19/992 | t_u: 49/1984) -> {'max_bond': 32, 'max_links': 4, 'total_elems': 20388, 'total_shapes': 1556, 'total_links': 390, 'num_tensors': 98}
2026-08-26 14:51:30,501 [INFO] [3R/2311](swap: 14, u: 0 | c_u: 0 | t_u_l: 30/992 | t_u_r: 19/992 | t_u: 49/1984) -> {'max_bond': 32, 'max_links': 4, 'total_elems': 31472, 'total_shapes': 1846, 'total_links': 390, 'num_tensors': 98}
2026-08-26 14:51:30,594 [INFO] [2L/2528](swap: 20, u: 1 | c_u: 1 | t_u_l: 31/992 | t_u_r: 19/992 | t_u: 50/1984) -> {'max_bond': 64, 'max_links': 4, 'total_elems': 50136, 'total_shapes': 2204, 'total_links': 390, 'num_tensors': 98}
2026-08-26 14:51:30,699 [INFO] [4R/2311](swap: 13, u: 0 | c_u: 1 | t_u_l: 31/992 | t_u_r: 19/992 | t_u: 50/1984) -> {'max_bond': 64, 'max_links': 4, 'total_elems': 73688, 'total_shapes': 2566, 'total_links': 390, 'num_tensors': 98}
2026-08-26 14:51:30,813 [INFO] [5R/2311](swap: 13, u: 0 | c_u: 1 | t_u_l: 31/992 | t_u_r: 19/992 | t_u: 50/1984) -> {'max_bond': 64, 'max_links': 4, 'total_elems': 110088, 'total_shapes': 2978, 'total_links': 390, 'num_tensors': 98}
2026-08-26 14:51:30,957 [INFO] [6R/2311](swap: 14, u: 0 | c_u: 1 | t_u_l: 31/992 | t_u_r: 19/992 | t_u: 50/1984) -> {'max_bond': 64, 'max_links': 4, 'total_elems': 151692, 'total_shapes': 3402, 'total_links': 390, 'num_tensors': 98}
2026-08-26 14:51:31,135 [INFO] [3L/2528](swap: 23, u: 0 | c_u: 1 | t_u_l: 31/992 | t_u_r: 19/992 | t_u: 50/1984) -> {'max_bond': 64, 'max_links': 4, 'total_elems': 214508, 'total_shapes': 4026, 'total_links': 390, 'num_tensors': 98}
2026-08-26 14:51:31,392 [INFO] [7R/2311](swap: 13, u: 0 | c_u: 1 | t_u_l: 31/992 | t_u_r: 19/992 | t_u: 50/1984) -> {'max_bond': 128, 'max_links': 4, 'total_elems': 303304, 'total_shapes': 4716, 'total_links': 390, 'num_tensors': 98}
2026-08-26 14:51:31,783 [INFO] [8R/2311](swap: 11, u: 1 | c_u: 2 | t_u_l: 31/992 | t_u_r: 20/992 | t_u: 51/1984) -> {'max_bond': 128, 'max_links': 4, 'total_elems': 492100, 'total_shapes': 5374, 'total_links': 390, 'num_tensors': 98}
2026-08-26 14:51:32,863 [INFO] [4L/2528](swap: 21, u: 1 | c_u: 3 | t_u_l: 32/992 | t_u_r: 20/992 | t_u: 52/1984) -> {'max_bond': 256, 'max_links': 4, 'total_elems': 967784, 'total_shapes': 7592, 'total_links': 390, 'num_tensors': 98}
2026-08-26 14:51:35,512 [INFO]     [start unswap] -> {'max_bond': 256, 'max_links': 4, 'total_elems': 967784, 'total_shapes': 7592, 'total_links': 390, 'num_tensors': 98}
2026-08-26 14:51:52,241 [INFO]     [0 | both | 0](candidate_pairs: 49/49 | new_swaps: 4 | total: 4) -> {'max_bond': 256, 'max_links': 4, 'total_elems': 1739140, 'total_shapes': 9280, 'total_links': 390, 'num_tensors': 98}
2026-08-26 14:52:09,648 [INFO]     [0 | both | 1](candidate_pairs: 48/48 | new_swaps: 16 | total: 20) -> {'max_bond': 256, 'max_links': 4, 'total_elems': 1221928, 'total_shapes': 7610, 'total_links': 390, 'num_tensors': 98}
2026-08-26 14:52:12,954 [INFO]     [0 | left | 0](candidate_pairs: 49/49 | new_swaps: 20 | total: 40) -> {'max_bond': 128, 'max_links': 4, 'total_elems': 591972, 'total_shapes': 5674, 'total_links': 390, 'num_tensors': 98}
2026-08-26 14:52:14,282 [INFO]     [0 | left | 1](candidate_pairs: 48/48 | new_swaps: 19 | total: 59) -> {'max_bond': 128, 'max_links': 4, 'total_elems': 357376, 'total_shapes': 4524, 'total_links': 390, 'num_tensors': 98}
2026-08-26 14:52:14,781 [INFO]     [0 | right | 0](candidate_pairs: 49/49 | new_swaps: 9 | total: 68) -> {'max_bond': 128, 'max_links': 4, 'total_elems': 290088, 'total_shapes': 4094, 'total_links': 390, 'num_tensors': 98}
2026-08-26 14:52:15,333 [INFO]     [0 | right | 1](candidate_pairs: 48/48 | new_swaps: 9 | total: 77) -> {'max_bond': 128, 'max_links': 4, 'total_elems': 191628, 'total_shapes': 3700, 'total_links': 390, 'num_tensors': 98}
2026-08-26 14:52:15,831 [INFO]     [1 | both | 0](candidate_pairs: 49/49 | new_swaps: 16 | total: 16) -> {'max_bond': 64, 'max_links': 4, 'total_elems': 113376, 'total_shapes': 2994, 'total_links': 390, 'num_tensors': 98}
2026-08-26 14:52:16,195 [INFO]     [1 | both | 1](candidate_pairs: 48/48 | new_swaps: 9 | total: 25) -> {'max_bond': 64, 'max_links': 4, 'total_elems': 81120, 'total_shapes': 2642, 'total_links': 390, 'num_tensors': 98}
2026-08-26 14:52:16,326 [INFO]     [1 | left | 0](candidate_pairs: 49/49 | new_swaps: 12 | total: 37) -> {'max_bond': 32, 'max_links': 4, 'total_elems': 57864, 'total_shapes': 2322, 'total_links': 390, 'num_tensors': 98}
2026-08-26 14:52:16,439 [INFO]     [1 | left | 1](candidate_pairs: 48/48 | new_swaps: 12 | total: 49) -> {'max_bond': 32, 'max_links': 4, 'total_elems': 44504, 'total_shapes': 2096, 'total_links': 390, 'num_tensors': 98}
2026-08-26 14:52:16,528 [INFO]     [1 | right | 0](candidate_pairs: 49/49 | new_swaps: 5 | total: 54) -> {'max_bond': 32, 'max_links': 4, 'total_elems': 36740, 'total_shapes': 1974, 'total_links': 390, 'num_tensors': 98}
2026-08-26 14:52:16,613 [INFO]     [1 | right | 1](candidate_pairs: 48/48 | new_swaps: 5 | total: 59) -> {'max_bond': 32, 'max_links': 4, 'total_elems': 30916, 'total_shapes': 1870, 'total_links': 390, 'num_tensors': 98}
2026-08-26 14:52:16,772 [INFO]     [2 | both | 0](candidate_pairs: 49/49 | new_swaps: 10 | total: 10) -> {'max_bond': 16, 'max_links': 4, 'total_elems': 25164, 'total_shapes': 1722, 'total_links': 390, 'num_tensors': 98}
2026-08-26 14:52:16,915 [INFO]     [2 | both | 1](candidate_pairs: 48/48 | new_swaps: 6 | total: 16) -> {'max_bond': 16, 'max_links': 4, 'total_elems': 23408, 'total_shapes': 1652, 'total_links': 390, 'num_tensors': 98}
2026-08-26 14:52:16,994 [INFO]     [2 | left | 0](candidate_pairs: 49/49 | new_swaps: 4 | total: 20) -> {'max_bond': 16, 'max_links': 4, 'total_elems': 22000, 'total_shapes': 1612, 'total_links': 390, 'num_tensors': 98}
2026-08-26 14:52:17,072 [INFO]     [2 | left | 1](candidate_pairs: 48/48 | new_swaps: 5 | total: 25) -> {'max_bond': 16, 'max_links': 4, 'total_elems': 20660, 'total_shapes': 1558, 'total_links': 390, 'num_tensors': 98}
2026-08-26 14:52:17,145 [INFO]     [2 | right | 0](candidate_pairs: 49/49 | new_swaps: 2 | total: 27) -> {'max_bond': 16, 'max_links': 4, 'total_elems': 19852, 'total_shapes': 1538, 'total_links': 390, 'num_tensors': 98}
2026-08-26 14:52:17,205 [INFO]     [2 | right | 1](candidate_pairs: 48/48 | new_swaps: 1 | total: 28) -> {'max_bond': 16, 'max_links': 4, 'total_elems': 19084, 'total_shapes': 1514, 'total_links': 390, 'num_tensors': 98}
2026-08-26 14:52:17,344 [INFO]     [3 | both | 0](candidate_pairs: 49/49 | new_swaps: 6 | total: 6) -> {'max_bond': 16, 'max_links': 4, 'total_elems': 17664, 'total_shapes': 1464, 'total_links': 390, 'num_tensors': 98}
2026-08-26 14:52:17,477 [INFO]     [3 | both | 1](candidate_pairs: 48/48 | new_swaps: 3 | total: 9) -> {'max_bond': 16, 'max_links': 4, 'total_elems': 16512, 'total_shapes': 1432, 'total_links': 390, 'num_tensors': 98}
2026-08-26 14:52:17,538 [INFO]     [3 | left | 0](candidate_pairs: 49/49 | new_swaps: 1 | total: 10) -> {'max_bond': 16, 'max_links': 4, 'total_elems': 16464, 'total_shapes': 1428, 'total_links': 390, 'num_tensors': 98}
2026-08-26 14:52:17,610 [INFO]     [3 | left | 1](candidate_pairs: 48/48 | new_swaps: 1 | total: 11) -> {'max_bond': 16, 'max_links': 4, 'total_elems': 16440, 'total_shapes': 1424, 'total_links': 390, 'num_tensors': 98}
2026-08-26 14:52:17,669 [INFO]     [3 | right | 0](candidate_pairs: 49/49 | new_swaps: 1 | total: 12) -> {'max_bond': 16, 'max_links': 4, 'total_elems': 15672, 'total_shapes': 1400, 'total_links': 390, 'num_tensors': 98}
2026-08-26 14:52:17,727 [INFO]     [3 | right | 1](candidate_pairs: 48/48 | new_swaps: 2 | total: 14) -> {'max_bond': 16, 'max_links': 4, 'total_elems': 15496, 'total_shapes': 1388, 'total_links': 390, 'num_tensors': 98}
2026-08-26 14:52:17,847 [INFO]     [4 | both | 0](candidate_pairs: 49/49 | new_swaps: 2 | total: 2) -> {'max_bond': 16, 'max_links': 4, 'total_elems': 15400, 'total_shapes': 1380, 'total_links': 390, 'num_tensors': 98}
2026-08-26 14:52:17,964 [INFO]     [4 | both | 1](candidate_pairs: 48/48 | new_swaps: 1 | total: 3) -> {'max_bond': 16, 'max_links': 4, 'total_elems': 15388, 'total_shapes': 1378, 'total_links': 390, 'num_tensors': 98}
2026-08-26 14:52:17,998 [INFO]     [4 | left | 0](candidate_pairs: 49/49 | new_swaps: 0 | total: 3) -> {'max_bond': 16, 'max_links': 4, 'total_elems': 15388, 'total_shapes': 1378, 'total_links': 390, 'num_tensors': 98}
2026-08-26 14:52:18,058 [INFO]     [4 | left | 1](candidate_pairs: 48/48 | new_swaps: 1 | total: 4) -> {'max_bond': 16, 'max_links': 4, 'total_elems': 15308, 'total_shapes': 1374, 'total_links': 390, 'num_tensors': 98}
2026-08-26 14:52:18,091 [INFO]     [4 | right | 0](candidate_pairs: 49/49 | new_swaps: 0 | total: 4) -> {'max_bond': 16, 'max_links': 4, 'total_elems': 15308, 'total_shapes': 1374, 'total_links': 390, 'num_tensors': 98}
2026-08-26 14:52:18,123 [INFO]     [4 | right | 1](candidate_pairs: 48/48 | new_swaps: 0 | total: 4) -> {'max_bond': 16, 'max_links': 4, 'total_elems': 15308, 'total_shapes': 1374, 'total_links': 390, 'num_tensors': 98}
2026-08-26 14:52:18,256 [INFO]     [5 | both | 0](candidate_pairs: 49/49 | new_swaps: 2 | total: 2) -> {'max_bond': 16, 'max_links': 4, 'total_elems': 15008, 'total_shapes': 1364, 'total_links': 390, 'num_tensors': 98}
2026-08-26 14:52:18,384 [INFO]     [5 | both | 1](candidate_pairs: 48/48 | new_swaps: 2 | total: 4) -> {'max_bond': 16, 'max_links': 4, 'total_elems': 14324, 'total_shapes': 1334, 'total_links': 390, 'num_tensors': 98}
2026-08-26 14:52:18,444 [INFO]     [5 | left | 0](candidate_pairs: 49/49 | new_swaps: 1 | total: 5) -> {'max_bond': 16, 'max_links': 4, 'total_elems': 14228, 'total_shapes': 1326, 'total_links': 390, 'num_tensors': 98}
2026-08-26 14:52:18,504 [INFO]     [5 | left | 1](candidate_pairs: 48/48 | new_swaps: 1 | total: 6) -> {'max_bond': 16, 'max_links': 4, 'total_elems': 14164, 'total_shapes': 1322, 'total_links': 390, 'num_tensors': 98}
2026-08-26 14:52:18,562 [INFO]     [5 | right | 0](candidate_pairs: 49/49 | new_swaps: 1 | total: 7) -> {'max_bond': 16, 'max_links': 4, 'total_elems': 14116, 'total_shapes': 1316, 'total_links': 390, 'num_tensors': 98}
2026-08-26 14:52:18,594 [INFO]     [5 | right | 1](candidate_pairs: 48/48 | new_swaps: 0 | total: 7) -> {'max_bond': 16, 'max_links': 4, 'total_elems': 14116, 'total_shapes': 1316, 'total_links': 390, 'num_tensors': 98}
2026-08-26 14:52:18,725 [INFO]     [6 | both | 0](candidate_pairs: 49/49 | new_swaps: 2 | total: 2) -> {'max_bond': 16, 'max_links': 4, 'total_elems': 14056, 'total_shapes': 1310, 'total_links': 390, 'num_tensors': 98}
2026-08-26 14:52:18,853 [INFO]     [6 | both | 1](candidate_pairs: 48/48 | new_swaps: 2 | total: 4) -> {'max_bond': 16, 'max_links': 4, 'total_elems': 13996, 'total_shapes': 1302, 'total_links': 390, 'num_tensors': 98}
2026-08-26 14:52:18,886 [INFO]     [6 | left | 0](candidate_pairs: 49/49 | new_swaps: 0 | total: 4) -> {'max_bond': 16, 'max_links': 4, 'total_elems': 13996, 'total_shapes': 1302, 'total_links': 390, 'num_tensors': 98}
2026-08-26 14:52:18,919 [INFO]     [6 | left | 1](candidate_pairs: 48/48 | new_swaps: 0 | total: 4) -> {'max_bond': 16, 'max_links': 4, 'total_elems': 13996, 'total_shapes': 1302, 'total_links': 390, 'num_tensors': 98}
2026-08-26 14:52:18,952 [INFO]     [6 | right | 0](candidate_pairs: 49/49 | new_swaps: 0 | total: 4) -> {'max_bond': 16, 'max_links': 4, 'total_elems': 13996, 'total_shapes': 1302, 'total_links': 390, 'num_tensors': 98}
2026-08-26 14:52:18,984 [INFO]     [6 | right | 1](candidate_pairs: 48/48 | new_swaps: 0 | total: 4) -> {'max_bond': 16, 'max_links': 4, 'total_elems': 13996, 'total_shapes': 1302, 'total_links': 390, 'num_tensors': 98}
2026-08-26 14:52:19,051 [INFO]     [7 | both | 0](candidate_pairs: 49/49 | new_swaps: 0 | total: 0) -> {'max_bond': 16, 'max_links': 4, 'total_elems': 13996, 'total_shapes': 1302, 'total_links': 390, 'num_tensors': 98}
2026-08-26 14:52:19,114 [INFO]     [7 | both | 1](candidate_pairs: 48/48 | new_swaps: 0 | total: 0) -> {'max_bond': 16, 'max_links': 4, 'total_elems': 13996, 'total_shapes': 1302, 'total_links': 390, 'num_tensors': 98}
2026-08-26 14:52:19,148 [INFO]     [7 | left | 0](candidate_pairs: 49/49 | new_swaps: 0 | total: 0) -> {'max_bond': 16, 'max_links': 4, 'total_elems': 13996, 'total_shapes': 1302, 'total_links': 390, 'num_tensors': 98}
2026-08-26 14:52:19,181 [INFO]     [7 | left | 1](candidate_pairs: 48/48 | new_swaps: 0 | total: 0) -> {'max_bond': 16, 'max_links': 4, 'total_elems': 13996, 'total_shapes': 1302, 'total_links': 390, 'num_tensors': 98}
2026-08-26 14:52:19,214 [INFO]     [7 | right | 0](candidate_pairs: 49/49 | new_swaps: 0 | total: 0) -> {'max_bond': 16, 'max_links': 4, 'total_elems': 13996, 'total_shapes': 1302, 'total_links': 390, 'num_tensors': 98}
2026-08-26 14:52:19,246 [INFO]     [7 | right | 1](candidate_pairs: 48/48 | new_swaps: 0 | total: 0) -> {'max_bond': 16, 'max_links': 4, 'total_elems': 13996, 'total_shapes': 1302, 'total_links': 390, 'num_tensors': 98}
2026-08-26 14:52:19,246 [INFO]     [end unswap] -> {'max_bond': 16, 'max_links': 4, 'total_elems': 13996, 'total_shapes': 1302, 'total_links': 390, 'num_tensors': 98}
2026-08-26 14:52:19,289 [INFO] [start rewire](phase=post_unswap, cycle=23, side=left, layers=2526, trials=20, seed=123, parallel=False, route_candidates=2, route_score=lookahead_total)
2026-08-26 14:52:27,710 [INFO] [end rewire](phase=post_unswap, cycle=23, side=left, routed_layers=2933, elapsed_s=8.42)
2026-08-26 14:52:27,711 [INFO] [start rewire](phase=post_unswap, cycle=23, side=right, layers=2305, trials=20, seed=123, parallel=False, route_candidates=2, route_score=lookahead_total)
2026-08-26 14:52:33,882 [INFO] [end rewire](phase=post_unswap, cycle=23, side=right, routed_layers=2117, elapsed_s=6.17)
[Cycle 23] 52/1984 gates (2.6 %) after 1062 sec
2026-08-26 14:52:34,012 [INFO] [1L/2931](swap: 17, u: 1 | c_u: 1 | t_u_l: 33/992 | t_u_r: 20/992 | t_u: 53/1984) -> {'max_bond': 16, 'max_links': 4, 'total_elems': 13996, 'total_shapes': 1302, 'total_links': 390, 'num_tensors': 98}
2026-08-26 14:52:34,092 [INFO] [2L/2931](swap: 21, u: 0 | c_u: 1 | t_u_l: 33/992 | t_u_r: 20/992 | t_u: 53/1984) -> {'max_bond': 16, 'max_links': 4, 'total_elems': 16584, 'total_shapes': 1468, 'total_links': 390, 'num_tensors': 98}
2026-08-26 14:52:34,173 [INFO] [1R/2115](swap: 15, u: 0 | c_u: 1 | t_u_l: 33/992 | t_u_r: 20/992 | t_u: 53/1984) -> {'max_bond': 16, 'max_links': 4, 'total_elems': 20812, 'total_shapes': 1646, 'total_links': 390, 'num_tensors': 98}
2026-08-26 14:52:34,257 [INFO] [2R/2115](swap: 15, u: 0 | c_u: 1 | t_u_l: 33/992 | t_u_r: 20/992 | t_u: 53/1984) -> {'max_bond': 64, 'max_links': 4, 'total_elems': 32648, 'total_shapes': 1910, 'total_links': 390, 'num_tensors': 98}
2026-08-26 14:52:34,347 [INFO] [3L/2931](swap: 19, u: 0 | c_u: 1 | t_u_l: 33/992 | t_u_r: 20/992 | t_u: 53/1984) -> {'max_bond': 64, 'max_links': 4, 'total_elems': 48672, 'total_shapes': 2294, 'total_links': 390, 'num_tensors': 98}
2026-08-26 14:52:34,450 [INFO] [3R/2115](swap: 13, u: 0 | c_u: 1 | t_u_l: 33/992 | t_u_r: 20/992 | t_u: 53/1984) -> {'max_bond': 64, 'max_links': 4, 'total_elems': 74208, 'total_shapes': 2650, 'total_links': 390, 'num_tensors': 98}
2026-08-26 14:52:34,568 [INFO] [4R/2115](swap: 13, u: 0 | c_u: 1 | t_u_l: 33/992 | t_u_r: 20/992 | t_u: 53/1984) -> {'max_bond': 64, 'max_links': 4, 'total_elems': 95264, 'total_shapes': 2998, 'total_links': 390, 'num_tensors': 98}
2026-08-26 14:52:34,710 [INFO] [5R/2115](swap: 15, u: 0 | c_u: 1 | t_u_l: 33/992 | t_u_r: 20/992 | t_u: 53/1984) -> {'max_bond': 64, 'max_links': 4, 'total_elems': 134080, 'total_shapes': 3404, 'total_links': 390, 'num_tensors': 98}
2026-08-26 14:52:34,867 [INFO] [6R/2115](swap: 17, u: 0 | c_u: 1 | t_u_l: 33/992 | t_u_r: 20/992 | t_u: 53/1984) -> {'max_bond': 64, 'max_links': 4, 'total_elems': 175616, 'total_shapes': 3892, 'total_links': 390, 'num_tensors': 98}
2026-08-26 14:52:35,089 [INFO] [4L/2931](swap: 18, u: 0 | c_u: 1 | t_u_l: 33/992 | t_u_r: 20/992 | t_u: 53/1984) -> {'max_bond': 128, 'max_links': 4, 'total_elems': 308668, 'total_shapes': 4810, 'total_links': 390, 'num_tensors': 98}
2026-08-26 14:52:35,492 [INFO] [7R/2115](swap: 18, u: 0 | c_u: 1 | t_u_l: 33/992 | t_u_r: 20/992 | t_u: 53/1984) -> {'max_bond': 128, 'max_links': 4, 'total_elems': 493500, 'total_shapes': 5970, 'total_links': 390, 'num_tensors': 98}
2026-08-26 14:52:36,162 [INFO] [5L/2931](swap: 18, u: 0 | c_u: 1 | t_u_l: 33/992 | t_u_r: 20/992 | t_u: 53/1984) -> {'max_bond': 256, 'max_links': 4, 'total_elems': 846592, 'total_shapes': 7222, 'total_links': 390, 'num_tensors': 98}
2026-08-26 14:52:37,637 [INFO]     [start unswap] -> {'max_bond': 256, 'max_links': 4, 'total_elems': 846592, 'total_shapes': 7222, 'total_links': 390, 'num_tensors': 98}
2026-08-26 14:52:54,974 [INFO]     [0 | both | 0](candidate_pairs: 49/49 | new_swaps: 7 | total: 7) -> {'max_bond': 256, 'max_links': 4, 'total_elems': 1009888, 'total_shapes': 8128, 'total_links': 390, 'num_tensors': 98}
2026-08-26 14:52:58,276 [INFO]     [0 | both | 1](candidate_pairs: 48/48 | new_swaps: 23 | total: 30) -> {'max_bond': 128, 'max_links': 4, 'total_elems': 347808, 'total_shapes': 5064, 'total_links': 390, 'num_tensors': 98}
2026-08-26 14:52:58,805 [INFO]     [0 | left | 0](candidate_pairs: 49/49 | new_swaps: 21 | total: 51) -> {'max_bond': 128, 'max_links': 4, 'total_elems': 270576, 'total_shapes': 4146, 'total_links': 390, 'num_tensors': 98}
2026-08-26 14:52:59,367 [INFO]     [0 | left | 1](candidate_pairs: 48/48 | new_swaps: 19 | total: 70) -> {'max_bond': 128, 'max_links': 4, 'total_elems': 164244, 'total_shapes': 3486, 'total_links': 390, 'num_tensors': 98}
2026-08-26 14:52:59,586 [INFO]     [0 | right | 0](candidate_pairs: 49/49 | new_swaps: 15 | total: 85) -> {'max_bond': 64, 'max_links': 4, 'total_elems': 98516, 'total_shapes': 2910, 'total_links': 390, 'num_tensors': 98}
2026-08-26 14:52:59,737 [INFO]     [0 | right | 1](candidate_pairs: 48/48 | new_swaps: 9 | total: 94) -> {'max_bond': 32, 'max_links': 4, 'total_elems': 70380, 'total_shapes': 2634, 'total_links': 390, 'num_tensors': 98}
2026-08-26 14:52:59,967 [INFO]     [1 | both | 0](candidate_pairs: 49/49 | new_swaps: 15 | total: 15) -> {'max_bond': 32, 'max_links': 4, 'total_elems': 50788, 'total_shapes': 2262, 'total_links': 390, 'num_tensors': 98}
2026-08-26 14:53:00,158 [INFO]     [1 | both | 1](candidate_pairs: 48/48 | new_swaps: 12 | total: 27) -> {'max_bond': 32, 'max_links': 4, 'total_elems': 38292, 'total_shapes': 2034, 'total_links': 390, 'num_tensors': 98}
2026-08-26 14:53:00,252 [INFO]     [1 | left | 0](candidate_pairs: 49/49 | new_swaps: 11 | total: 38) -> {'max_bond': 32, 'max_links': 4, 'total_elems': 33272, 'total_shapes': 1872, 'total_links': 390, 'num_tensors': 98}
2026-08-26 14:53:00,340 [INFO]     [1 | left | 1](candidate_pairs: 48/48 | new_swaps: 10 | total: 48) -> {'max_bond': 32, 'max_links': 4, 'total_elems': 30656, 'total_shapes': 1786, 'total_links': 390, 'num_tensors': 98}
2026-08-26 14:53:00,419 [INFO]     [1 | right | 0](candidate_pairs: 49/49 | new_swaps: 3 | total: 51) -> {'max_bond': 32, 'max_links': 4, 'total_elems': 29396, 'total_shapes': 1750, 'total_links': 390, 'num_tensors': 98}
2026-08-26 14:53:00,499 [INFO]     [1 | right | 1](candidate_pairs: 48/48 | new_swaps: 2 | total: 53) -> {'max_bond': 32, 'max_links': 4, 'total_elems': 29144, 'total_shapes': 1736, 'total_links': 390, 'num_tensors': 98}
2026-08-26 14:53:00,658 [INFO]     [2 | both | 0](candidate_pairs: 49/49 | new_swaps: 9 | total: 9) -> {'max_bond': 32, 'max_links': 4, 'total_elems': 26644, 'total_shapes': 1670, 'total_links': 390, 'num_tensors': 98}
2026-08-26 14:53:00,807 [INFO]     [2 | both | 1](candidate_pairs: 48/48 | new_swaps: 10 | total: 19) -> {'max_bond': 32, 'max_links': 4, 'total_elems': 22784, 'total_shapes': 1554, 'total_links': 390, 'num_tensors': 98}
2026-08-26 14:53:00,883 [INFO]     [2 | left | 0](candidate_pairs: 49/49 | new_swaps: 2 | total: 21) -> {'max_bond': 32, 'max_links': 4, 'total_elems': 22340, 'total_shapes': 1532, 'total_links': 390, 'num_tensors': 98}
2026-08-26 14:53:00,960 [INFO]     [2 | left | 1](candidate_pairs: 48/48 | new_swaps: 3 | total: 24) -> {'max_bond': 32, 'max_links': 4, 'total_elems': 22200, 'total_shapes': 1518, 'total_links': 390, 'num_tensors': 98}
2026-08-26 14:53:01,036 [INFO]     [2 | right | 0](candidate_pairs: 49/49 | new_swaps: 4 | total: 28) -> {'max_bond': 32, 'max_links': 4, 'total_elems': 21408, 'total_shapes': 1480, 'total_links': 390, 'num_tensors': 98}
2026-08-26 14:53:01,099 [INFO]     [2 | right | 1](candidate_pairs: 48/48 | new_swaps: 2 | total: 30) -> {'max_bond': 32, 'max_links': 4, 'total_elems': 21120, 'total_shapes': 1468, 'total_links': 390, 'num_tensors': 98}
2026-08-26 14:53:01,243 [INFO]     [3 | both | 0](candidate_pairs: 49/49 | new_swaps: 4 | total: 4) -> {'max_bond': 32, 'max_links': 4, 'total_elems': 20628, 'total_shapes': 1442, 'total_links': 390, 'num_tensors': 98}
2026-08-26 14:53:01,370 [INFO]     [3 | both | 1](candidate_pairs: 48/48 | new_swaps: 3 | total: 7) -> {'max_bond': 32, 'max_links': 4, 'total_elems': 20472, 'total_shapes': 1428, 'total_links': 390, 'num_tensors': 98}
2026-08-26 14:53:01,407 [INFO]     [3 | left | 0](candidate_pairs: 49/49 | new_swaps: 0 | total: 7) -> {'max_bond': 32, 'max_links': 4, 'total_elems': 20472, 'total_shapes': 1428, 'total_links': 390, 'num_tensors': 98}
2026-08-26 14:53:01,470 [INFO]     [3 | left | 1](candidate_pairs: 48/48 | new_swaps: 1 | total: 8) -> {'max_bond': 32, 'max_links': 4, 'total_elems': 20376, 'total_shapes': 1416, 'total_links': 390, 'num_tensors': 98}
2026-08-26 14:53:01,507 [INFO]     [3 | right | 0](candidate_pairs: 49/49 | new_swaps: 0 | total: 8) -> {'max_bond': 32, 'max_links': 4, 'total_elems': 20376, 'total_shapes': 1416, 'total_links': 390, 'num_tensors': 98}
2026-08-26 14:53:01,569 [INFO]     [3 | right | 1](candidate_pairs: 48/48 | new_swaps: 1 | total: 9) -> {'max_bond': 32, 'max_links': 4, 'total_elems': 20328, 'total_shapes': 1412, 'total_links': 390, 'num_tensors': 98}
2026-08-26 14:53:01,713 [INFO]     [4 | both | 0](candidate_pairs: 49/49 | new_swaps: 2 | total: 2) -> {'max_bond': 32, 'max_links': 4, 'total_elems': 20232, 'total_shapes': 1404, 'total_links': 390, 'num_tensors': 98}
2026-08-26 14:53:01,786 [INFO]     [4 | both | 1](candidate_pairs: 48/48 | new_swaps: 0 | total: 2) -> {'max_bond': 32, 'max_links': 4, 'total_elems': 20232, 'total_shapes': 1404, 'total_links': 390, 'num_tensors': 98}
2026-08-26 14:53:01,823 [INFO]     [4 | left | 0](candidate_pairs: 49/49 | new_swaps: 0 | total: 2) -> {'max_bond': 32, 'max_links': 4, 'total_elems': 20232, 'total_shapes': 1404, 'total_links': 390, 'num_tensors': 98}
2026-08-26 14:53:01,859 [INFO]     [4 | left | 1](candidate_pairs: 48/48 | new_swaps: 0 | total: 2) -> {'max_bond': 32, 'max_links': 4, 'total_elems': 20232, 'total_shapes': 1404, 'total_links': 390, 'num_tensors': 98}
2026-08-26 14:53:01,895 [INFO]     [4 | right | 0](candidate_pairs: 49/49 | new_swaps: 0 | total: 2) -> {'max_bond': 32, 'max_links': 4, 'total_elems': 20232, 'total_shapes': 1404, 'total_links': 390, 'num_tensors': 98}
2026-08-26 14:53:01,929 [INFO]     [4 | right | 1](candidate_pairs: 48/48 | new_swaps: 0 | total: 2) -> {'max_bond': 32, 'max_links': 4, 'total_elems': 20232, 'total_shapes': 1404, 'total_links': 390, 'num_tensors': 98}
2026-08-26 14:53:02,005 [INFO]     [5 | both | 0](candidate_pairs: 49/49 | new_swaps: 0 | total: 0) -> {'max_bond': 32, 'max_links': 4, 'total_elems': 20232, 'total_shapes': 1404, 'total_links': 390, 'num_tensors': 98}
2026-08-26 14:53:02,078 [INFO]     [5 | both | 1](candidate_pairs: 48/48 | new_swaps: 0 | total: 0) -> {'max_bond': 32, 'max_links': 4, 'total_elems': 20232, 'total_shapes': 1404, 'total_links': 390, 'num_tensors': 98}
2026-08-26 14:53:02,114 [INFO]     [5 | left | 0](candidate_pairs: 49/49 | new_swaps: 0 | total: 0) -> {'max_bond': 32, 'max_links': 4, 'total_elems': 20232, 'total_shapes': 1404, 'total_links': 390, 'num_tensors': 98}
2026-08-26 14:53:02,150 [INFO]     [5 | left | 1](candidate_pairs: 48/48 | new_swaps: 0 | total: 0) -> {'max_bond': 32, 'max_links': 4, 'total_elems': 20232, 'total_shapes': 1404, 'total_links': 390, 'num_tensors': 98}
2026-08-26 14:53:02,185 [INFO]     [5 | right | 0](candidate_pairs: 49/49 | new_swaps: 0 | total: 0) -> {'max_bond': 32, 'max_links': 4, 'total_elems': 20232, 'total_shapes': 1404, 'total_links': 390, 'num_tensors': 98}
2026-08-26 14:53:02,220 [INFO]     [5 | right | 1](candidate_pairs: 48/48 | new_swaps: 0 | total: 0) -> {'max_bond': 32, 'max_links': 4, 'total_elems': 20232, 'total_shapes': 1404, 'total_links': 390, 'num_tensors': 98}
2026-08-26 14:53:02,221 [INFO]     [end unswap] -> {'max_bond': 32, 'max_links': 4, 'total_elems': 20232, 'total_shapes': 1404, 'total_links': 390, 'num_tensors': 98}
2026-08-26 14:53:02,266 [INFO] [start rewire](phase=post_unswap, cycle=24, side=left, layers=2928, trials=20, seed=123, parallel=False, route_candidates=2, route_score=lookahead_total)
2026-08-26 14:53:11,588 [INFO] [end rewire](phase=post_unswap, cycle=24, side=left, routed_layers=2511, elapsed_s=9.32)
2026-08-26 14:53:11,588 [INFO] [start rewire](phase=post_unswap, cycle=24, side=right, layers=2110, trials=20, seed=123, parallel=False, route_candidates=2, route_score=lookahead_total)
2026-08-26 14:53:17,059 [INFO] [end rewire](phase=post_unswap, cycle=24, side=right, routed_layers=2024, elapsed_s=5.47)
[Cycle 24] 53/1984 gates (2.7 %) after 1105 sec
2026-08-26 14:53:17,187 [INFO] [1L/2509](swap: 17, u: 0 | c_u: 0 | t_u_l: 33/992 | t_u_r: 20/992 | t_u: 53/1984) -> {'max_bond': 32, 'max_links': 4, 'total_elems': 20232, 'total_shapes': 1404, 'total_links': 390, 'num_tensors': 98}
2026-08-26 14:53:17,268 [INFO] [1R/2022](swap: 16, u: 0 | c_u: 0 | t_u_l: 33/992 | t_u_r: 20/992 | t_u: 53/1984) -> {'max_bond': 32, 'max_links': 4, 'total_elems': 24376, 'total_shapes': 1582, 'total_links': 390, 'num_tensors': 98}
2026-08-26 14:53:17,350 [INFO] [2L/2509](swap: 23, u: 0 | c_u: 0 | t_u_l: 33/992 | t_u_r: 20/992 | t_u: 53/1984) -> {'max_bond': 32, 'max_links': 4, 'total_elems': 30324, 'total_shapes': 1770, 'total_links': 390, 'num_tensors': 98}
2026-08-26 14:53:17,436 [INFO] [2R/2022](swap: 17, u: 0 | c_u: 0 | t_u_l: 33/992 | t_u_r: 20/992 | t_u: 53/1984) -> {'max_bond': 32, 'max_links': 4, 'total_elems': 39540, 'total_shapes': 2006, 'total_links': 390, 'num_tensors': 98}
2026-08-26 14:53:17,524 [INFO] [3R/2022](swap: 18, u: 0 | c_u: 0 | t_u_l: 33/992 | t_u_r: 20/992 | t_u: 53/1984) -> {'max_bond': 32, 'max_links': 4, 'total_elems': 53468, 'total_shapes': 2314, 'total_links': 390, 'num_tensors': 98}
2026-08-26 14:53:17,621 [INFO] [4R/2022](swap: 14, u: 0 | c_u: 0 | t_u_l: 33/992 | t_u_r: 20/992 | t_u: 53/1984) -> {'max_bond': 64, 'max_links': 4, 'total_elems': 80476, 'total_shapes': 2722, 'total_links': 390, 'num_tensors': 98}
2026-08-26 14:53:17,754 [INFO] [3L/2509](swap: 24, u: 0 | c_u: 0 | t_u_l: 33/992 | t_u_r: 20/992 | t_u: 53/1984) -> {'max_bond': 64, 'max_links': 4, 'total_elems': 126888, 'total_shapes': 3172, 'total_links': 390, 'num_tensors': 98}
2026-08-26 14:53:17,966 [INFO] [5R/2022](swap: 18, u: 0 | c_u: 0 | t_u_l: 33/992 | t_u_r: 20/992 | t_u: 53/1984) -> {'max_bond': 128, 'max_links': 4, 'total_elems': 207588, 'total_shapes': 3922, 'total_links': 390, 'num_tensors': 98}
2026-08-26 14:53:18,312 [INFO] [6R/2022](swap: 18, u: 0 | c_u: 0 | t_u_l: 33/992 | t_u_r: 20/992 | t_u: 53/1984) -> {'max_bond': 128, 'max_links': 4, 'total_elems': 286240, 'total_shapes': 4608, 'total_links': 390, 'num_tensors': 98}
2026-08-26 14:53:18,697 [INFO] [7R/2022](swap: 16, u: 0 | c_u: 0 | t_u_l: 33/992 | t_u_r: 20/992 | t_u: 53/1984) -> {'max_bond': 128, 'max_links': 4, 'total_elems': 418112, 'total_shapes': 5726, 'total_links': 390, 'num_tensors': 98}
2026-08-26 14:53:19,270 [INFO] [8R/2022](swap: 14, u: 1 | c_u: 1 | t_u_l: 33/992 | t_u_r: 21/992 | t_u: 54/1984) -> {'max_bond': 128, 'max_links': 4, 'total_elems': 750112, 'total_shapes': 7142, 'total_links': 390, 'num_tensors': 98}
2026-08-26 14:53:20,632 [INFO]     [start unswap] -> {'max_bond': 128, 'max_links': 4, 'total_elems': 750112, 'total_shapes': 7142, 'total_links': 390, 'num_tensors': 98}
2026-08-26 14:53:34,154 [INFO]     [0 | both | 0](candidate_pairs: 49/49 | new_swaps: 7 | total: 7) -> {'max_bond': 256, 'max_links': 4, 'total_elems': 1264928, 'total_shapes': 8464, 'total_links': 390, 'num_tensors': 98}
2026-08-26 14:53:38,929 [INFO]     [0 | both | 1](candidate_pairs: 48/48 | new_swaps: 20 | total: 27) -> {'max_bond': 128, 'max_links': 4, 'total_elems': 540864, 'total_shapes': 5924, 'total_links': 390, 'num_tensors': 98}
2026-08-26 14:53:40,032 [INFO]     [0 | left | 0](candidate_pairs: 49/49 | new_swaps: 19 | total: 46) -> {'max_bond': 128, 'max_links': 4, 'total_elems': 382872, 'total_shapes': 4942, 'total_links': 390, 'num_tensors': 98}
2026-08-26 14:53:40,743 [INFO]     [0 | left | 1](candidate_pairs: 48/48 | new_swaps: 21 | total: 67) -> {'max_bond': 128, 'max_links': 4, 'total_elems': 262956, 'total_shapes': 4126, 'total_links': 390, 'num_tensors': 98}
2026-08-26 14:53:41,196 [INFO]     [0 | right | 0](candidate_pairs: 49/49 | new_swaps: 13 | total: 80) -> {'max_bond': 128, 'max_links': 4, 'total_elems': 228460, 'total_shapes': 3662, 'total_links': 390, 'num_tensors': 98}
2026-08-26 14:53:41,686 [INFO]     [0 | right | 1](candidate_pairs: 48/48 | new_swaps: 14 | total: 94) -> {'max_bond': 128, 'max_links': 4, 'total_elems': 149020, 'total_shapes': 3190, 'total_links': 390, 'num_tensors': 98}
2026-08-26 14:53:42,145 [INFO]     [1 | both | 0](candidate_pairs: 49/49 | new_swaps: 18 | total: 18) -> {'max_bond': 64, 'max_links': 4, 'total_elems': 91704, 'total_shapes': 2608, 'total_links': 390, 'num_tensors': 98}
2026-08-26 14:53:42,422 [INFO]     [1 | both | 1](candidate_pairs: 48/48 | new_swaps: 9 | total: 27) -> {'max_bond': 64, 'max_links': 4, 'total_elems': 83116, 'total_shapes': 2462, 'total_links': 390, 'num_tensors': 98}
2026-08-26 14:53:42,562 [INFO]     [1 | left | 0](candidate_pairs: 49/49 | new_swaps: 7 | total: 34) -> {'max_bond': 64, 'max_links': 4, 'total_elems': 76472, 'total_shapes': 2332, 'total_links': 390, 'num_tensors': 98}
2026-08-26 14:53:42,720 [INFO]     [1 | left | 1](candidate_pairs: 48/48 | new_swaps: 11 | total: 45) -> {'max_bond': 64, 'max_links': 4, 'total_elems': 60040, 'total_shapes': 2138, 'total_links': 390, 'num_tensors': 98}
2026-08-26 14:53:42,835 [INFO]     [1 | right | 0](candidate_pairs: 49/49 | new_swaps: 9 | total: 54) -> {'max_bond': 32, 'max_links': 4, 'total_elems': 45352, 'total_shapes': 1966, 'total_links': 390, 'num_tensors': 98}
2026-08-26 14:53:42,929 [INFO]     [1 | right | 1](candidate_pairs: 48/48 | new_swaps: 5 | total: 59) -> {'max_bond': 32, 'max_links': 4, 'total_elems': 41020, 'total_shapes': 1890, 'total_links': 390, 'num_tensors': 98}
2026-08-26 14:53:43,118 [INFO]     [2 | both | 0](candidate_pairs: 49/49 | new_swaps: 7 | total: 7) -> {'max_bond': 32, 'max_links': 4, 'total_elems': 36732, 'total_shapes': 1802, 'total_links': 390, 'num_tensors': 98}
2026-08-26 14:53:43,339 [INFO]     [2 | both | 1](candidate_pairs: 48/48 | new_swaps: 5 | total: 12) -> {'max_bond': 32, 'max_links': 4, 'total_elems': 35548, 'total_shapes': 1754, 'total_links': 390, 'num_tensors': 98}
2026-08-26 14:53:43,526 [INFO]     [2 | left | 0](candidate_pairs: 49/49 | new_swaps: 2 | total: 14) -> {'max_bond': 32, 'max_links': 4, 'total_elems': 35020, 'total_shapes': 1730, 'total_links': 390, 'num_tensors': 98}
2026-08-26 14:53:43,634 [INFO]     [2 | left | 1](candidate_pairs: 48/48 | new_swaps: 2 | total: 16) -> {'max_bond': 32, 'max_links': 4, 'total_elems': 34620, 'total_shapes': 1710, 'total_links': 390, 'num_tensors': 98}
2026-08-26 14:53:43,687 [INFO]     [2 | right | 0](candidate_pairs: 49/49 | new_swaps: 0 | total: 16) -> {'max_bond': 32, 'max_links': 4, 'total_elems': 34620, 'total_shapes': 1710, 'total_links': 390, 'num_tensors': 98}
2026-08-26 14:53:43,782 [INFO]     [2 | right | 1](candidate_pairs: 48/48 | new_swaps: 2 | total: 18) -> {'max_bond': 32, 'max_links': 4, 'total_elems': 33084, 'total_shapes': 1670, 'total_links': 390, 'num_tensors': 98}
2026-08-26 14:53:43,966 [INFO]     [3 | both | 0](candidate_pairs: 49/49 | new_swaps: 5 | total: 5) -> {'max_bond': 32, 'max_links': 4, 'total_elems': 32580, 'total_shapes': 1642, 'total_links': 390, 'num_tensors': 98}
2026-08-26 14:53:44,136 [INFO]     [3 | both | 1](candidate_pairs: 48/48 | new_swaps: 3 | total: 8) -> {'max_bond': 32, 'max_links': 4, 'total_elems': 32136, 'total_shapes': 1620, 'total_links': 390, 'num_tensors': 98}
2026-08-26 14:53:44,185 [INFO]     [3 | left | 0](candidate_pairs: 49/49 | new_swaps: 0 | total: 8) -> {'max_bond': 32, 'max_links': 4, 'total_elems': 32136, 'total_shapes': 1620, 'total_links': 390, 'num_tensors': 98}
2026-08-26 14:53:44,271 [INFO]     [3 | left | 1](candidate_pairs: 48/48 | new_swaps: 1 | total: 9) -> {'max_bond': 32, 'max_links': 4, 'total_elems': 32040, 'total_shapes': 1608, 'total_links': 390, 'num_tensors': 98}
2026-08-26 14:53:44,324 [INFO]     [3 | right | 0](candidate_pairs: 49/49 | new_swaps: 0 | total: 9) -> {'max_bond': 32, 'max_links': 4, 'total_elems': 32040, 'total_shapes': 1608, 'total_links': 390, 'num_tensors': 98}
2026-08-26 14:53:44,372 [INFO]     [3 | right | 1](candidate_pairs: 48/48 | new_swaps: 0 | total: 9) -> {'max_bond': 32, 'max_links': 4, 'total_elems': 32040, 'total_shapes': 1608, 'total_links': 390, 'num_tensors': 98}
2026-08-26 14:53:44,540 [INFO]     [4 | both | 0](candidate_pairs: 49/49 | new_swaps: 1 | total: 1) -> {'max_bond': 32, 'max_links': 4, 'total_elems': 31800, 'total_shapes': 1596, 'total_links': 390, 'num_tensors': 98}
2026-08-26 14:53:44,637 [INFO]     [4 | both | 1](candidate_pairs: 48/48 | new_swaps: 0 | total: 1) -> {'max_bond': 32, 'max_links': 4, 'total_elems': 31800, 'total_shapes': 1596, 'total_links': 390, 'num_tensors': 98}
2026-08-26 14:53:44,686 [INFO]     [4 | left | 0](candidate_pairs: 49/49 | new_swaps: 0 | total: 1) -> {'max_bond': 32, 'max_links': 4, 'total_elems': 31800, 'total_shapes': 1596, 'total_links': 390, 'num_tensors': 98}
2026-08-26 14:53:44,733 [INFO]     [4 | left | 1](candidate_pairs: 48/48 | new_swaps: 0 | total: 1) -> {'max_bond': 32, 'max_links': 4, 'total_elems': 31800, 'total_shapes': 1596, 'total_links': 390, 'num_tensors': 98}
2026-08-26 14:53:44,780 [INFO]     [4 | right | 0](candidate_pairs: 49/49 | new_swaps: 0 | total: 1) -> {'max_bond': 32, 'max_links': 4, 'total_elems': 31800, 'total_shapes': 1596, 'total_links': 390, 'num_tensors': 98}
2026-08-26 14:53:44,852 [INFO]     [4 | right | 1](candidate_pairs: 48/48 | new_swaps: 1 | total: 2) -> {'max_bond': 32, 'max_links': 4, 'total_elems': 31560, 'total_shapes': 1584, 'total_links': 390, 'num_tensors': 98}
2026-08-26 14:53:45,017 [INFO]     [5 | both | 0](candidate_pairs: 49/49 | new_swaps: 1 | total: 1) -> {'max_bond': 32, 'max_links': 4, 'total_elems': 31464, 'total_shapes': 1576, 'total_links': 390, 'num_tensors': 98}
2026-08-26 14:53:45,113 [INFO]     [5 | both | 1](candidate_pairs: 48/48 | new_swaps: 0 | total: 1) -> {'max_bond': 32, 'max_links': 4, 'total_elems': 31464, 'total_shapes': 1576, 'total_links': 390, 'num_tensors': 98}
2026-08-26 14:53:45,189 [INFO]     [5 | left | 0](candidate_pairs: 49/49 | new_swaps: 1 | total: 2) -> {'max_bond': 32, 'max_links': 4, 'total_elems': 31416, 'total_shapes': 1572, 'total_links': 390, 'num_tensors': 98}
2026-08-26 14:53:45,235 [INFO]     [5 | left | 1](candidate_pairs: 48/48 | new_swaps: 0 | total: 2) -> {'max_bond': 32, 'max_links': 4, 'total_elems': 31416, 'total_shapes': 1572, 'total_links': 390, 'num_tensors': 98}
2026-08-26 14:53:45,281 [INFO]     [5 | right | 0](candidate_pairs: 49/49 | new_swaps: 0 | total: 2) -> {'max_bond': 32, 'max_links': 4, 'total_elems': 31416, 'total_shapes': 1572, 'total_links': 390, 'num_tensors': 98}
2026-08-26 14:53:45,326 [INFO]     [5 | right | 1](candidate_pairs: 48/48 | new_swaps: 0 | total: 2) -> {'max_bond': 32, 'max_links': 4, 'total_elems': 31416, 'total_shapes': 1572, 'total_links': 390, 'num_tensors': 98}
2026-08-26 14:53:45,429 [INFO]     [6 | both | 0](candidate_pairs: 49/49 | new_swaps: 0 | total: 0) -> {'max_bond': 32, 'max_links': 4, 'total_elems': 31416, 'total_shapes': 1572, 'total_links': 390, 'num_tensors': 98}
2026-08-26 14:53:45,526 [INFO]     [6 | both | 1](candidate_pairs: 48/48 | new_swaps: 0 | total: 0) -> {'max_bond': 32, 'max_links': 4, 'total_elems': 31416, 'total_shapes': 1572, 'total_links': 390, 'num_tensors': 98}
2026-08-26 14:53:45,574 [INFO]     [6 | left | 0](candidate_pairs: 49/49 | new_swaps: 0 | total: 0) -> {'max_bond': 32, 'max_links': 4, 'total_elems': 31416, 'total_shapes': 1572, 'total_links': 390, 'num_tensors': 98}
2026-08-26 14:53:45,619 [INFO]     [6 | left | 1](candidate_pairs: 48/48 | new_swaps: 0 | total: 0) -> {'max_bond': 32, 'max_links': 4, 'total_elems': 31416, 'total_shapes': 1572, 'total_links': 390, 'num_tensors': 98}
2026-08-26 14:53:45,664 [INFO]     [6 | right | 0](candidate_pairs: 49/49 | new_swaps: 0 | total: 0) -> {'max_bond': 32, 'max_links': 4, 'total_elems': 31416, 'total_shapes': 1572, 'total_links': 390, 'num_tensors': 98}
2026-08-26 14:53:45,707 [INFO]     [6 | right | 1](candidate_pairs: 48/48 | new_swaps: 0 | total: 0) -> {'max_bond': 32, 'max_links': 4, 'total_elems': 31416, 'total_shapes': 1572, 'total_links': 390, 'num_tensors': 98}
2026-08-26 14:53:45,708 [INFO]     [end unswap] -> {'max_bond': 32, 'max_links': 4, 'total_elems': 31416, 'total_shapes': 1572, 'total_links': 390, 'num_tensors': 98}
2026-08-26 14:53:45,754 [INFO] [start rewire](phase=post_unswap, cycle=25, side=left, layers=2508, trials=20, seed=123, parallel=False, route_candidates=2, route_score=lookahead_total)
2026-08-26 14:53:56,879 [INFO] [end rewire](phase=post_unswap, cycle=25, side=left, routed_layers=2360, elapsed_s=11.12)
2026-08-26 14:53:56,879 [INFO] [start rewire](phase=post_unswap, cycle=25, side=right, layers=2016, trials=20, seed=123, parallel=False, route_candidates=2, route_score=lookahead_total)
2026-08-26 14:54:02,609 [INFO] [end rewire](phase=post_unswap, cycle=25, side=right, routed_layers=2266, elapsed_s=5.73)
[Cycle 25] 54/1984 gates (2.7 %) after 1151 sec
2026-08-26 14:54:02,762 [INFO] [1L/2358](swap: 18, u: 0 | c_u: 0 | t_u_l: 33/992 | t_u_r: 21/992 | t_u: 54/1984) -> {'max_bond': 32, 'max_links': 4, 'total_elems': 31416, 'total_shapes': 1572, 'total_links': 390, 'num_tensors': 98}
2026-08-26 14:54:02,865 [INFO] [1R/2264](swap: 17, u: 0 | c_u: 0 | t_u_l: 33/992 | t_u_r: 21/992 | t_u: 54/1984) -> {'max_bond': 32, 'max_links': 4, 'total_elems': 36672, 'total_shapes': 1806, 'total_links': 390, 'num_tensors': 98}
2026-08-26 14:54:02,967 [INFO] [2R/2264](swap: 15, u: 0 | c_u: 0 | t_u_l: 33/992 | t_u_r: 21/992 | t_u: 54/1984) -> {'max_bond': 64, 'max_links': 4, 'total_elems': 54744, 'total_shapes': 2130, 'total_links': 390, 'num_tensors': 98}
2026-08-26 14:54:03,081 [INFO] [2L/2358](swap: 18, u: 0 | c_u: 0 | t_u_l: 33/992 | t_u_r: 21/992 | t_u: 54/1984) -> {'max_bond': 64, 'max_links': 4, 'total_elems': 78044, 'total_shapes': 2494, 'total_links': 390, 'num_tensors': 98}
2026-08-26 14:54:03,221 [INFO] [3L/2358](swap: 18, u: 0 | c_u: 0 | t_u_l: 33/992 | t_u_r: 21/992 | t_u: 54/1984) -> {'max_bond': 64, 'max_links': 4, 'total_elems': 111328, 'total_shapes': 2792, 'total_links': 390, 'num_tensors': 98}
2026-08-26 14:54:03,389 [INFO] [4L/2358](swap: 19, u: 0 | c_u: 0 | t_u_l: 33/992 | t_u_r: 21/992 | t_u: 54/1984) -> {'max_bond': 128, 'max_links': 4, 'total_elems': 174492, 'total_shapes': 3344, 'total_links': 390, 'num_tensors': 98}
2026-08-26 14:54:03,579 [INFO] [5L/2358](swap: 17, u: 0 | c_u: 0 | t_u_l: 33/992 | t_u_r: 21/992 | t_u: 54/1984) -> {'max_bond': 128, 'max_links': 4, 'total_elems': 231672, 'total_shapes': 3970, 'total_links': 390, 'num_tensors': 98}
2026-08-26 14:54:03,854 [INFO] [3R/2264](swap: 14, u: 2 | c_u: 2 | t_u_l: 33/992 | t_u_r: 23/992 | t_u: 56/1984) -> {'max_bond': 128, 'max_links': 4, 'total_elems': 305124, 'total_shapes': 4524, 'total_links': 390, 'num_tensors': 98}
2026-08-26 14:54:04,175 [INFO] [4R/2264](swap: 13, u: 0 | c_u: 2 | t_u_l: 33/992 | t_u_r: 23/992 | t_u: 56/1984) -> {'max_bond': 128, 'max_links': 4, 'total_elems': 368608, 'total_shapes': 4966, 'total_links': 390, 'num_tensors': 98}
2026-08-26 14:54:04,605 [INFO] [5R/2264](swap: 14, u: 0 | c_u: 2 | t_u_l: 33/992 | t_u_r: 23/992 | t_u: 56/1984) -> {'max_bond': 128, 'max_links': 4, 'total_elems': 423936, 'total_shapes': 5348, 'total_links': 390, 'num_tensors': 98}
2026-08-26 14:54:05,064 [INFO] [6R/2264](swap: 16, u: 0 | c_u: 2 | t_u_l: 33/992 | t_u_r: 23/992 | t_u: 56/1984) -> {'max_bond': 128, 'max_links': 4, 'total_elems': 511040, 'total_shapes': 6076, 'total_links': 390, 'num_tensors': 98}
2026-08-26 14:54:05,706 [INFO] [7R/2264](swap: 16, u: 0 | c_u: 2 | t_u_l: 33/992 | t_u_r: 23/992 | t_u: 56/1984) -> {'max_bond': 128, 'max_links': 4, 'total_elems': 652800, 'total_shapes': 7148, 'total_links': 390, 'num_tensors': 98}
2026-08-26 14:54:06,649 [INFO] [8R/2264](swap: 14, u: 0 | c_u: 2 | t_u_l: 33/992 | t_u_r: 23/992 | t_u: 56/1984) -> {'max_bond': 128, 'max_links': 4, 'total_elems': 869824, 'total_shapes': 8292, 'total_links': 390, 'num_tensors': 98}
2026-08-26 14:54:08,106 [INFO]     [start unswap] -> {'max_bond': 128, 'max_links': 4, 'total_elems': 869824, 'total_shapes': 8292, 'total_links': 390, 'num_tensors': 98}
2026-08-26 14:54:26,479 [INFO]     [0 | both | 0](candidate_pairs: 49/49 | new_swaps: 8 | total: 8) -> {'max_bond': 256, 'max_links': 4, 'total_elems': 1789888, 'total_shapes': 10580, 'total_links': 390, 'num_tensors': 98}
2026-08-26 14:54:34,161 [INFO]     [0 | both | 1](candidate_pairs: 48/48 | new_swaps: 16 | total: 24) -> {'max_bond': 256, 'max_links': 4, 'total_elems': 1053120, 'total_shapes': 8000, 'total_links': 390, 'num_tensors': 98}
2026-08-26 14:54:36,862 [INFO]     [0 | left | 0](candidate_pairs: 49/49 | new_swaps: 22 | total: 46) -> {'max_bond': 256, 'max_links': 4, 'total_elems': 773344, 'total_shapes': 6660, 'total_links': 390, 'num_tensors': 98}
2026-08-26 14:54:38,708 [INFO]     [0 | left | 1](candidate_pairs: 48/48 | new_swaps: 20 | total: 66) -> {'max_bond': 128, 'max_links': 4, 'total_elems': 408672, 'total_shapes': 5140, 'total_links': 390, 'num_tensors': 98}
2026-08-26 14:54:39,258 [INFO]     [0 | right | 0](candidate_pairs: 49/49 | new_swaps: 14 | total: 80) -> {'max_bond': 128, 'max_links': 4, 'total_elems': 361120, 'total_shapes': 4620, 'total_links': 390, 'num_tensors': 98}
2026-08-26 14:54:40,037 [INFO]     [0 | right | 1](candidate_pairs: 48/48 | new_swaps: 14 | total: 94) -> {'max_bond': 128, 'max_links': 4, 'total_elems': 262432, 'total_shapes': 4068, 'total_links': 390, 'num_tensors': 98}
2026-08-26 14:54:40,767 [INFO]     [1 | both | 0](candidate_pairs: 49/49 | new_swaps: 17 | total: 17) -> {'max_bond': 64, 'max_links': 4, 'total_elems': 152112, 'total_shapes': 3244, 'total_links': 390, 'num_tensors': 98}
2026-08-26 14:54:41,247 [INFO]     [1 | both | 1](candidate_pairs: 48/48 | new_swaps: 11 | total: 28) -> {'max_bond': 64, 'max_links': 4, 'total_elems': 131280, 'total_shapes': 2968, 'total_links': 390, 'num_tensors': 98}
2026-08-26 14:54:41,491 [INFO]     [1 | left | 0](candidate_pairs: 49/49 | new_swaps: 10 | total: 38) -> {'max_bond': 64, 'max_links': 4, 'total_elems': 102112, 'total_shapes': 2674, 'total_links': 390, 'num_tensors': 98}
2026-08-26 14:54:41,651 [INFO]     [1 | left | 1](candidate_pairs: 48/48 | new_swaps: 8 | total: 46) -> {'max_bond': 64, 'max_links': 4, 'total_elems': 85172, 'total_shapes': 2470, 'total_links': 390, 'num_tensors': 98}
2026-08-26 14:54:41,784 [INFO]     [1 | right | 0](candidate_pairs: 49/49 | new_swaps: 3 | total: 49) -> {'max_bond': 64, 'max_links': 4, 'total_elems': 82484, 'total_shapes': 2398, 'total_links': 390, 'num_tensors': 98}
2026-08-26 14:54:41,914 [INFO]     [1 | right | 1](candidate_pairs: 48/48 | new_swaps: 4 | total: 53) -> {'max_bond': 64, 'max_links': 4, 'total_elems': 82148, 'total_shapes': 2376, 'total_links': 390, 'num_tensors': 98}
2026-08-26 14:54:42,220 [INFO]     [2 | both | 0](candidate_pairs: 49/49 | new_swaps: 6 | total: 6) -> {'max_bond': 64, 'max_links': 4, 'total_elems': 80944, 'total_shapes': 2330, 'total_links': 390, 'num_tensors': 98}
2026-08-26 14:54:42,487 [INFO]     [2 | both | 1](candidate_pairs: 48/48 | new_swaps: 5 | total: 11) -> {'max_bond': 64, 'max_links': 4, 'total_elems': 79624, 'total_shapes': 2282, 'total_links': 390, 'num_tensors': 98}
2026-08-26 14:54:42,624 [INFO]     [2 | left | 0](candidate_pairs: 49/49 | new_swaps: 2 | total: 13) -> {'max_bond': 64, 'max_links': 4, 'total_elems': 79560, 'total_shapes': 2274, 'total_links': 390, 'num_tensors': 98}
2026-08-26 14:54:42,756 [INFO]     [2 | left | 1](candidate_pairs: 48/48 | new_swaps: 2 | total: 15) -> {'max_bond': 64, 'max_links': 4, 'total_elems': 79480, 'total_shapes': 2266, 'total_links': 390, 'num_tensors': 98}
2026-08-26 14:54:42,886 [INFO]     [2 | right | 0](candidate_pairs: 49/49 | new_swaps: 1 | total: 16) -> {'max_bond': 64, 'max_links': 4, 'total_elems': 79444, 'total_shapes': 2260, 'total_links': 390, 'num_tensors': 98}
2026-08-26 14:54:43,002 [INFO]     [2 | right | 1](candidate_pairs: 48/48 | new_swaps: 1 | total: 17) -> {'max_bond': 64, 'max_links': 4, 'total_elems': 79204, 'total_shapes': 2248, 'total_links': 390, 'num_tensors': 98}
2026-08-26 14:54:43,301 [INFO]     [3 | both | 0](candidate_pairs: 49/49 | new_swaps: 6 | total: 6) -> {'max_bond': 64, 'max_links': 4, 'total_elems': 77836, 'total_shapes': 2204, 'total_links': 390, 'num_tensors': 98}
2026-08-26 14:54:43,562 [INFO]     [3 | both | 1](candidate_pairs: 48/48 | new_swaps: 3 | total: 9) -> {'max_bond': 64, 'max_links': 4, 'total_elems': 76384, 'total_shapes': 2158, 'total_links': 390, 'num_tensors': 98}
2026-08-26 14:54:43,686 [INFO]     [3 | left | 0](candidate_pairs: 49/49 | new_swaps: 1 | total: 10) -> {'max_bond': 64, 'max_links': 4, 'total_elems': 76288, 'total_shapes': 2150, 'total_links': 390, 'num_tensors': 98}
2026-08-26 14:54:43,803 [INFO]     [3 | left | 1](candidate_pairs: 48/48 | new_swaps: 1 | total: 11) -> {'max_bond': 64, 'max_links': 4, 'total_elems': 76240, 'total_shapes': 2146, 'total_links': 390, 'num_tensors': 98}
2026-08-26 14:54:43,920 [INFO]     [3 | right | 0](candidate_pairs: 49/49 | new_swaps: 1 | total: 12) -> {'max_bond': 64, 'max_links': 4, 'total_elems': 76192, 'total_shapes': 2140, 'total_links': 390, 'num_tensors': 98}
2026-08-26 14:54:44,034 [INFO]     [3 | right | 1](candidate_pairs: 48/48 | new_swaps: 1 | total: 13) -> {'max_bond': 64, 'max_links': 4, 'total_elems': 75952, 'total_shapes': 2128, 'total_links': 390, 'num_tensors': 98}
2026-08-26 14:54:44,329 [INFO]     [4 | both | 0](candidate_pairs: 49/49 | new_swaps: 1 | total: 1) -> {'max_bond': 64, 'max_links': 4, 'total_elems': 75940, 'total_shapes': 2126, 'total_links': 390, 'num_tensors': 98}
2026-08-26 14:54:44,592 [INFO]     [4 | both | 1](candidate_pairs: 48/48 | new_swaps: 2 | total: 3) -> {'max_bond': 64, 'max_links': 4, 'total_elems': 75916, 'total_shapes': 2122, 'total_links': 390, 'num_tensors': 98}
2026-08-26 14:54:44,679 [INFO]     [4 | left | 0](candidate_pairs: 49/49 | new_swaps: 0 | total: 3) -> {'max_bond': 64, 'max_links': 4, 'total_elems': 75916, 'total_shapes': 2122, 'total_links': 390, 'num_tensors': 98}
2026-08-26 14:54:44,760 [INFO]     [4 | left | 1](candidate_pairs: 48/48 | new_swaps: 0 | total: 3) -> {'max_bond': 64, 'max_links': 4, 'total_elems': 75916, 'total_shapes': 2122, 'total_links': 390, 'num_tensors': 98}
2026-08-26 14:54:44,841 [INFO]     [4 | right | 0](candidate_pairs: 49/49 | new_swaps: 0 | total: 3) -> {'max_bond': 64, 'max_links': 4, 'total_elems': 75916, 'total_shapes': 2122, 'total_links': 390, 'num_tensors': 98}
2026-08-26 14:54:44,920 [INFO]     [4 | right | 1](candidate_pairs: 48/48 | new_swaps: 0 | total: 3) -> {'max_bond': 64, 'max_links': 4, 'total_elems': 75916, 'total_shapes': 2122, 'total_links': 390, 'num_tensors': 98}
2026-08-26 14:54:45,200 [INFO]     [5 | both | 0](candidate_pairs: 49/49 | new_swaps: 1 | total: 1) -> {'max_bond': 64, 'max_links': 4, 'total_elems': 75904, 'total_shapes': 2120, 'total_links': 390, 'num_tensors': 98}
2026-08-26 14:54:45,381 [INFO]     [5 | both | 1](candidate_pairs: 48/48 | new_swaps: 0 | total: 1) -> {'max_bond': 64, 'max_links': 4, 'total_elems': 75904, 'total_shapes': 2120, 'total_links': 390, 'num_tensors': 98}
2026-08-26 14:54:45,470 [INFO]     [5 | left | 0](candidate_pairs: 49/49 | new_swaps: 0 | total: 1) -> {'max_bond': 64, 'max_links': 4, 'total_elems': 75904, 'total_shapes': 2120, 'total_links': 390, 'num_tensors': 98}
2026-08-26 14:54:45,552 [INFO]     [5 | left | 1](candidate_pairs: 48/48 | new_swaps: 0 | total: 1) -> {'max_bond': 64, 'max_links': 4, 'total_elems': 75904, 'total_shapes': 2120, 'total_links': 390, 'num_tensors': 98}
2026-08-26 14:54:45,635 [INFO]     [5 | right | 0](candidate_pairs: 49/49 | new_swaps: 0 | total: 1) -> {'max_bond': 64, 'max_links': 4, 'total_elems': 75904, 'total_shapes': 2120, 'total_links': 390, 'num_tensors': 98}
2026-08-26 14:54:45,714 [INFO]     [5 | right | 1](candidate_pairs: 48/48 | new_swaps: 0 | total: 1) -> {'max_bond': 64, 'max_links': 4, 'total_elems': 75904, 'total_shapes': 2120, 'total_links': 390, 'num_tensors': 98}
2026-08-26 14:54:45,929 [INFO]     [6 | both | 0](candidate_pairs: 49/49 | new_swaps: 0 | total: 0) -> {'max_bond': 64, 'max_links': 4, 'total_elems': 75904, 'total_shapes': 2120, 'total_links': 390, 'num_tensors': 98}
2026-08-26 14:54:46,112 [INFO]     [6 | both | 1](candidate_pairs: 48/48 | new_swaps: 0 | total: 0) -> {'max_bond': 64, 'max_links': 4, 'total_elems': 75904, 'total_shapes': 2120, 'total_links': 390, 'num_tensors': 98}
2026-08-26 14:54:46,199 [INFO]     [6 | left | 0](candidate_pairs: 49/49 | new_swaps: 0 | total: 0) -> {'max_bond': 64, 'max_links': 4, 'total_elems': 75904, 'total_shapes': 2120, 'total_links': 390, 'num_tensors': 98}
2026-08-26 14:54:46,282 [INFO]     [6 | left | 1](candidate_pairs: 48/48 | new_swaps: 0 | total: 0) -> {'max_bond': 64, 'max_links': 4, 'total_elems': 75904, 'total_shapes': 2120, 'total_links': 390, 'num_tensors': 98}
2026-08-26 14:54:46,367 [INFO]     [6 | right | 0](candidate_pairs: 49/49 | new_swaps: 0 | total: 0) -> {'max_bond': 64, 'max_links': 4, 'total_elems': 75904, 'total_shapes': 2120, 'total_links': 390, 'num_tensors': 98}
2026-08-26 14:54:46,448 [INFO]     [6 | right | 1](candidate_pairs: 48/48 | new_swaps: 0 | total: 0) -> {'max_bond': 64, 'max_links': 4, 'total_elems': 75904, 'total_shapes': 2120, 'total_links': 390, 'num_tensors': 98}
2026-08-26 14:54:46,448 [INFO]     [end unswap] -> {'max_bond': 64, 'max_links': 4, 'total_elems': 75904, 'total_shapes': 2120, 'total_links': 390, 'num_tensors': 98}
2026-08-26 14:54:46,497 [INFO] [start rewire](phase=post_unswap, cycle=26, side=left, layers=2355, trials=20, seed=123, parallel=False, route_candidates=2, route_score=lookahead_total)
2026-08-26 14:55:13,760 [INFO] [end rewire](phase=post_unswap, cycle=26, side=left, routed_layers=2511, elapsed_s=27.26)
2026-08-26 14:55:13,760 [INFO] [start rewire](phase=post_unswap, cycle=26, side=right, layers=2258, trials=20, seed=123, parallel=False, route_candidates=2, route_score=lookahead_total)
2026-08-26 14:55:20,747 [INFO] [end rewire](phase=post_unswap, cycle=26, side=right, routed_layers=2367, elapsed_s=6.99)
[Cycle 26] 56/1984 gates (2.8 %) after 1229 sec
2026-08-26 14:55:20,946 [INFO] [1L/2509](swap: 21, u: 0 | c_u: 0 | t_u_l: 33/992 | t_u_r: 23/992 | t_u: 56/1984) -> {'max_bond': 64, 'max_links': 4, 'total_elems': 75904, 'total_shapes': 2120, 'total_links': 390, 'num_tensors': 98}
2026-08-26 14:55:21,056 [INFO] [1R/2365](swap: 14, u: 0 | c_u: 0 | t_u_l: 33/992 | t_u_r: 23/992 | t_u: 56/1984) -> {'max_bond': 64, 'max_links': 4, 'total_elems': 89532, 'total_shapes': 2376, 'total_links': 390, 'num_tensors': 98}
2026-08-26 14:55:21,172 [INFO] [2L/2509](swap: 20, u: 0 | c_u: 0 | t_u_l: 33/992 | t_u_r: 23/992 | t_u: 56/1984) -> {'max_bond': 64, 'max_links': 4, 'total_elems': 102644, 'total_shapes': 2654, 'total_links': 390, 'num_tensors': 98}
2026-08-26 14:55:21,307 [INFO] [2R/2365](swap: 15, u: 0 | c_u: 0 | t_u_l: 33/992 | t_u_r: 23/992 | t_u: 56/1984) -> {'max_bond': 64, 'max_links': 4, 'total_elems': 134068, 'total_shapes': 3026, 'total_links': 390, 'num_tensors': 98}
2026-08-26 14:55:21,472 [INFO] [3R/2365](swap: 13, u: 0 | c_u: 0 | t_u_l: 33/992 | t_u_r: 23/992 | t_u: 56/1984) -> {'max_bond': 128, 'max_links': 4, 'total_elems': 199312, 'total_shapes': 3464, 'total_links': 390, 'num_tensors': 98}
2026-08-26 14:55:21,676 [INFO] [4R/2365](swap: 13, u: 0 | c_u: 0 | t_u_l: 33/992 | t_u_r: 23/992 | t_u: 56/1984) -> {'max_bond': 128, 'max_links': 4, 'total_elems': 212012, 'total_shapes': 3658, 'total_links': 390, 'num_tensors': 98}
2026-08-26 14:55:21,873 [INFO] [5R/2365](swap: 12, u: 0 | c_u: 0 | t_u_l: 33/992 | t_u_r: 23/992 | t_u: 56/1984) -> {'max_bond': 128, 'max_links': 4, 'total_elems': 258600, 'total_shapes': 4136, 'total_links': 390, 'num_tensors': 98}
2026-08-26 14:55:22,113 [INFO] [6R/2365](swap: 12, u: 0 | c_u: 0 | t_u_l: 33/992 | t_u_r: 23/992 | t_u: 56/1984) -> {'max_bond': 128, 'max_links': 4, 'total_elems': 310376, 'total_shapes': 4622, 'total_links': 390, 'num_tensors': 98}
2026-08-26 14:55:22,449 [INFO] [3L/2509](swap: 22, u: 0 | c_u: 0 | t_u_l: 33/992 | t_u_r: 23/992 | t_u: 56/1984) -> {'max_bond': 128, 'max_links': 4, 'total_elems': 455096, 'total_shapes': 5494, 'total_links': 390, 'num_tensors': 98}
2026-08-26 14:55:22,957 [INFO] [7R/2365](swap: 10, u: 1 | c_u: 1 | t_u_l: 33/992 | t_u_r: 24/992 | t_u: 57/1984) -> {'max_bond': 128, 'max_links': 4, 'total_elems': 660248, 'total_shapes': 6398, 'total_links': 390, 'num_tensors': 98}
2026-08-26 14:55:23,788 [INFO]     [start unswap] -> {'max_bond': 128, 'max_links': 4, 'total_elems': 660248, 'total_shapes': 6398, 'total_links': 390, 'num_tensors': 98}
2026-08-26 14:55:33,415 [INFO]     [0 | both | 0](candidate_pairs: 49/49 | new_swaps: 6 | total: 6) -> {'max_bond': 256, 'max_links': 4, 'total_elems': 1002016, 'total_shapes': 7576, 'total_links': 390, 'num_tensors': 98}
2026-08-26 14:55:37,936 [INFO]     [0 | both | 1](candidate_pairs: 48/48 | new_swaps: 16 | total: 22) -> {'max_bond': 128, 'max_links': 4, 'total_elems': 610336, 'total_shapes': 6032, 'total_links': 390, 'num_tensors': 98}
2026-08-26 14:55:39,255 [INFO]     [0 | left | 0](candidate_pairs: 49/49 | new_swaps: 19 | total: 41) -> {'max_bond': 128, 'max_links': 4, 'total_elems': 531864, 'total_shapes': 5440, 'total_links': 390, 'num_tensors': 98}
2026-08-26 14:55:40,470 [INFO]     [0 | left | 1](candidate_pairs: 48/48 | new_swaps: 18 | total: 59) -> {'max_bond': 128, 'max_links': 4, 'total_elems': 362768, 'total_shapes': 4748, 'total_links': 390, 'num_tensors': 98}
2026-08-26 14:55:41,114 [INFO]     [0 | right | 0](candidate_pairs: 49/49 | new_swaps: 12 | total: 71) -> {'max_bond': 128, 'max_links': 4, 'total_elems': 257184, 'total_shapes': 3980, 'total_links': 390, 'num_tensors': 98}
2026-08-26 14:55:41,473 [INFO]     [0 | right | 1](candidate_pairs: 48/48 | new_swaps: 12 | total: 83) -> {'max_bond': 128, 'max_links': 4, 'total_elems': 219872, 'total_shapes': 3624, 'total_links': 390, 'num_tensors': 98}
2026-08-26 14:55:42,587 [INFO]     [1 | both | 0](candidate_pairs: 49/49 | new_swaps: 15 | total: 15) -> {'max_bond': 128, 'max_links': 4, 'total_elems': 189896, 'total_shapes': 3220, 'total_links': 390, 'num_tensors': 98}
2026-08-26 14:55:43,125 [INFO]     [1 | both | 1](candidate_pairs: 48/48 | new_swaps: 8 | total: 23) -> {'max_bond': 128, 'max_links': 4, 'total_elems': 177820, 'total_shapes': 3090, 'total_links': 390, 'num_tensors': 98}
2026-08-26 14:55:43,496 [INFO]     [1 | left | 0](candidate_pairs: 49/49 | new_swaps: 9 | total: 32) -> {'max_bond': 128, 'max_links': 4, 'total_elems': 176028, 'total_shapes': 3010, 'total_links': 390, 'num_tensors': 98}
2026-08-26 14:55:43,759 [INFO]     [1 | left | 1](candidate_pairs: 48/48 | new_swaps: 9 | total: 41) -> {'max_bond': 128, 'max_links': 4, 'total_elems': 168536, 'total_shapes': 2882, 'total_links': 390, 'num_tensors': 98}
2026-08-26 14:55:44,112 [INFO]     [1 | right | 0](candidate_pairs: 49/49 | new_swaps: 5 | total: 46) -> {'max_bond': 128, 'max_links': 4, 'total_elems': 164616, 'total_shapes': 2770, 'total_links': 390, 'num_tensors': 98}
2026-08-26 14:55:44,348 [INFO]     [1 | right | 1](candidate_pairs: 48/48 | new_swaps: 3 | total: 49) -> {'max_bond': 128, 'max_links': 4, 'total_elems': 164040, 'total_shapes': 2738, 'total_links': 390, 'num_tensors': 98}
2026-08-26 14:55:45,177 [INFO]     [2 | both | 0](candidate_pairs: 49/49 | new_swaps: 4 | total: 4) -> {'max_bond': 128, 'max_links': 4, 'total_elems': 162728, 'total_shapes': 2698, 'total_links': 390, 'num_tensors': 98}
2026-08-26 14:55:45,666 [INFO]     [2 | both | 1](candidate_pairs: 48/48 | new_swaps: 6 | total: 10) -> {'max_bond': 128, 'max_links': 4, 'total_elems': 161388, 'total_shapes': 2648, 'total_links': 390, 'num_tensors': 98}
2026-08-26 14:55:46,020 [INFO]     [2 | left | 0](candidate_pairs: 49/49 | new_swaps: 1 | total: 11) -> {'max_bond': 128, 'max_links': 4, 'total_elems': 161196, 'total_shapes': 2640, 'total_links': 390, 'num_tensors': 98}
2026-08-26 14:55:46,260 [INFO]     [2 | left | 1](candidate_pairs: 48/48 | new_swaps: 2 | total: 13) -> {'max_bond': 128, 'max_links': 4, 'total_elems': 161004, 'total_shapes': 2624, 'total_links': 390, 'num_tensors': 98}
2026-08-26 14:55:46,590 [INFO]     [2 | right | 0](candidate_pairs: 49/49 | new_swaps: 1 | total: 14) -> {'max_bond': 128, 'max_links': 4, 'total_elems': 160932, 'total_shapes': 2618, 'total_links': 390, 'num_tensors': 98}
2026-08-26 14:55:46,756 [INFO]     [2 | right | 1](candidate_pairs: 48/48 | new_swaps: 0 | total: 14) -> {'max_bond': 128, 'max_links': 4, 'total_elems': 160932, 'total_shapes': 2618, 'total_links': 390, 'num_tensors': 98}
2026-08-26 14:55:47,573 [INFO]     [3 | both | 0](candidate_pairs: 49/49 | new_swaps: 2 | total: 2) -> {'max_bond': 128, 'max_links': 4, 'total_elems': 160872, 'total_shapes': 2612, 'total_links': 390, 'num_tensors': 98}
2026-08-26 14:55:48,054 [INFO]     [3 | both | 1](candidate_pairs: 48/48 | new_swaps: 2 | total: 4) -> {'max_bond': 128, 'max_links': 4, 'total_elems': 160820, 'total_shapes': 2606, 'total_links': 390, 'num_tensors': 98}
2026-08-26 14:55:48,336 [INFO]     [3 | left | 0](candidate_pairs: 49/49 | new_swaps: 0 | total: 4) -> {'max_bond': 128, 'max_links': 4, 'total_elems': 160820, 'total_shapes': 2606, 'total_links': 390, 'num_tensors': 98}
2026-08-26 14:55:48,506 [INFO]     [3 | left | 1](candidate_pairs: 48/48 | new_swaps: 0 | total: 4) -> {'max_bond': 128, 'max_links': 4, 'total_elems': 160820, 'total_shapes': 2606, 'total_links': 390, 'num_tensors': 98}
2026-08-26 14:55:48,847 [INFO]     [3 | right | 0](candidate_pairs: 49/49 | new_swaps: 1 | total: 5) -> {'max_bond': 128, 'max_links': 4, 'total_elems': 160788, 'total_shapes': 2602, 'total_links': 390, 'num_tensors': 98}
2026-08-26 14:55:49,021 [INFO]     [3 | right | 1](candidate_pairs: 48/48 | new_swaps: 0 | total: 5) -> {'max_bond': 128, 'max_links': 4, 'total_elems': 160788, 'total_shapes': 2602, 'total_links': 390, 'num_tensors': 98}
2026-08-26 14:55:49,727 [INFO]     [4 | both | 0](candidate_pairs: 49/49 | new_swaps: 0 | total: 0) -> {'max_bond': 128, 'max_links': 4, 'total_elems': 160788, 'total_shapes': 2602, 'total_links': 390, 'num_tensors': 98}
2026-08-26 14:55:50,091 [INFO]     [4 | both | 1](candidate_pairs: 48/48 | new_swaps: 0 | total: 0) -> {'max_bond': 128, 'max_links': 4, 'total_elems': 160788, 'total_shapes': 2602, 'total_links': 390, 'num_tensors': 98}
2026-08-26 14:55:50,380 [INFO]     [4 | left | 0](candidate_pairs: 49/49 | new_swaps: 0 | total: 0) -> {'max_bond': 128, 'max_links': 4, 'total_elems': 160788, 'total_shapes': 2602, 'total_links': 390, 'num_tensors': 98}
2026-08-26 14:55:50,562 [INFO]     [4 | left | 1](candidate_pairs: 48/48 | new_swaps: 0 | total: 0) -> {'max_bond': 128, 'max_links': 4, 'total_elems': 160788, 'total_shapes': 2602, 'total_links': 390, 'num_tensors': 98}
2026-08-26 14:55:50,843 [INFO]     [4 | right | 0](candidate_pairs: 49/49 | new_swaps: 0 | total: 0) -> {'max_bond': 128, 'max_links': 4, 'total_elems': 160788, 'total_shapes': 2602, 'total_links': 390, 'num_tensors': 98}
2026-08-26 14:55:51,017 [INFO]     [4 | right | 1](candidate_pairs: 48/48 | new_swaps: 0 | total: 0) -> {'max_bond': 128, 'max_links': 4, 'total_elems': 160788, 'total_shapes': 2602, 'total_links': 390, 'num_tensors': 98}
2026-08-26 14:55:51,018 [INFO]     [end unswap] -> {'max_bond': 128, 'max_links': 4, 'total_elems': 160788, 'total_shapes': 2602, 'total_links': 390, 'num_tensors': 98}
2026-08-26 14:55:51,068 [INFO] [start rewire](phase=post_unswap, cycle=27, side=left, layers=2508, trials=20, seed=123, parallel=False, route_candidates=2, route_score=lookahead_total)
2026-08-26 15:00:25,389 [INFO] [end rewire](phase=post_unswap, cycle=27, side=left, routed_layers=2602, elapsed_s=274.32)
2026-08-26 15:00:25,390 [INFO] [start rewire](phase=post_unswap, cycle=27, side=right, layers=2360, trials=20, seed=123, parallel=False, route_candidates=2, route_score=lookahead_total)
2026-08-26 15:00:33,804 [INFO] [end rewire](phase=post_unswap, cycle=27, side=right, routed_layers=2211, elapsed_s=8.41)
[Cycle 27] 57/1984 gates (2.9 %) after 1542 sec
2026-08-26 15:00:34,055 [INFO] [1L/2600](swap: 21, u: 0 | c_u: 0 | t_u_l: 33/992 | t_u_r: 24/992 | t_u: 57/1984) -> {'max_bond': 128, 'max_links': 4, 'total_elems': 160788, 'total_shapes': 2602, 'total_links': 390, 'num_tensors': 98}
2026-08-26 15:00:34,289 [INFO] [1R/2209](swap: 17, u: 0 | c_u: 0 | t_u_l: 33/992 | t_u_r: 24/992 | t_u: 57/1984) -> {'max_bond': 128, 'max_links': 4, 'total_elems': 173988, 'total_shapes': 2836, 'total_links': 390, 'num_tensors': 98}
2026-08-26 15:00:34,525 [INFO] [2R/2209](swap: 15, u: 0 | c_u: 0 | t_u_l: 33/992 | t_u_r: 24/992 | t_u: 57/1984) -> {'max_bond': 128, 'max_links': 4, 'total_elems': 186060, 'total_shapes': 3096, 'total_links': 390, 'num_tensors': 98}
2026-08-26 15:00:34,768 [INFO] [3R/2209](swap: 13, u: 0 | c_u: 0 | t_u_l: 33/992 | t_u_r: 24/992 | t_u: 57/1984) -> {'max_bond': 128, 'max_links': 4, 'total_elems': 224840, 'total_shapes': 3528, 'total_links': 390, 'num_tensors': 98}
2026-08-26 15:00:35,084 [INFO] [4R/2209](swap: 15, u: 0 | c_u: 0 | t_u_l: 33/992 | t_u_r: 24/992 | t_u: 57/1984) -> {'max_bond': 128, 'max_links': 4, 'total_elems': 329440, 'total_shapes': 4200, 'total_links': 390, 'num_tensors': 98}
2026-08-26 15:00:35,572 [INFO] [2L/2600](swap: 19, u: 0 | c_u: 0 | t_u_l: 33/992 | t_u_r: 24/992 | t_u: 57/1984) -> {'max_bond': 256, 'max_links': 4, 'total_elems': 589844, 'total_shapes': 5434, 'total_links': 390, 'num_tensors': 98}
2026-08-26 15:00:36,279 [INFO] [5R/2209](swap: 13, u: 0 | c_u: 0 | t_u_l: 33/992 | t_u_r: 24/992 | t_u: 57/1984) -> {'max_bond': 256, 'max_links': 4, 'total_elems': 864092, 'total_shapes': 6296, 'total_links': 390, 'num_tensors': 98}
2026-08-26 15:00:37,442 [INFO] [6R/2209](swap: 10, u: 0 | c_u: 0 | t_u_l: 33/992 | t_u_r: 24/992 | t_u: 57/1984) -> {'max_bond': 256, 'max_links': 4, 'total_elems': 950604, 'total_shapes': 6736, 'total_links': 390, 'num_tensors': 98}
2026-08-26 15:00:38,916 [INFO]     [start unswap] -> {'max_bond': 256, 'max_links': 4, 'total_elems': 950604, 'total_shapes': 6736, 'total_links': 390, 'num_tensors': 98}
2026-08-26 15:00:48,538 [INFO]     [0 | both | 0](candidate_pairs: 49/49 | new_swaps: 11 | total: 11) -> {'max_bond': 256, 'max_links': 4, 'total_elems': 1081864, 'total_shapes': 6878, 'total_links': 390, 'num_tensors': 98}
2026-08-26 15:00:54,352 [INFO]     [0 | both | 1](candidate_pairs: 48/48 | new_swaps: 10 | total: 21) -> {'max_bond': 256, 'max_links': 4, 'total_elems': 726936, 'total_shapes': 5738, 'total_links': 390, 'num_tensors': 98}
2026-08-26 15:00:56,091 [INFO]     [0 | left | 0](candidate_pairs: 49/49 | new_swaps: 19 | total: 40) -> {'max_bond': 256, 'max_links': 4, 'total_elems': 517204, 'total_shapes': 4764, 'total_links': 390, 'num_tensors': 98}
2026-08-26 15:00:57,328 [INFO]     [0 | left | 1](candidate_pairs: 48/48 | new_swaps: 18 | total: 58) -> {'max_bond': 256, 'max_links': 4, 'total_elems': 474356, 'total_shapes': 4256, 'total_links': 390, 'num_tensors': 98}
2026-08-26 15:00:58,392 [INFO]     [0 | right | 0](candidate_pairs: 49/49 | new_swaps: 6 | total: 64) -> {'max_bond': 256, 'max_links': 4, 'total_elems': 455004, 'total_shapes': 4084, 'total_links': 390, 'num_tensors': 98}
2026-08-26 15:00:59,560 [INFO]     [0 | right | 1](candidate_pairs: 48/48 | new_swaps: 8 | total: 72) -> {'max_bond': 256, 'max_links': 4, 'total_elems': 444836, 'total_shapes': 3910, 'total_links': 390, 'num_tensors': 98}
2026-08-26 15:01:01,984 [INFO]     [1 | both | 0](candidate_pairs: 49/49 | new_swaps: 6 | total: 6) -> {'max_bond': 256, 'max_links': 4, 'total_elems': 439924, 'total_shapes': 3778, 'total_links': 390, 'num_tensors': 98}
2026-08-26 15:01:04,279 [INFO]     [1 | both | 1](candidate_pairs: 48/48 | new_swaps: 9 | total: 15) -> {'max_bond': 256, 'max_links': 4, 'total_elems': 422632, 'total_shapes': 3600, 'total_links': 390, 'num_tensors': 98}
2026-08-26 15:01:05,255 [INFO]     [1 | left | 0](candidate_pairs: 49/49 | new_swaps: 6 | total: 21) -> {'max_bond': 256, 'max_links': 4, 'total_elems': 419784, 'total_shapes': 3512, 'total_links': 390, 'num_tensors': 98}
2026-08-26 15:01:06,346 [INFO]     [1 | left | 1](candidate_pairs: 48/48 | new_swaps: 3 | total: 24) -> {'max_bond': 256, 'max_links': 4, 'total_elems': 418792, 'total_shapes': 3482, 'total_links': 390, 'num_tensors': 98}
2026-08-26 15:01:07,281 [INFO]     [1 | right | 0](candidate_pairs: 49/49 | new_swaps: 4 | total: 28) -> {'max_bond': 256, 'max_links': 4, 'total_elems': 418024, 'total_shapes': 3444, 'total_links': 390, 'num_tensors': 98}
2026-08-26 15:01:08,414 [INFO]     [1 | right | 1](candidate_pairs: 48/48 | new_swaps: 2 | total: 30) -> {'max_bond': 256, 'max_links': 4, 'total_elems': 417528, 'total_shapes': 3424, 'total_links': 390, 'num_tensors': 98}
2026-08-26 15:01:10,553 [INFO]     [2 | both | 0](candidate_pairs: 49/49 | new_swaps: 6 | total: 6) -> {'max_bond': 256, 'max_links': 4, 'total_elems': 397836, 'total_shapes': 3318, 'total_links': 390, 'num_tensors': 98}
2026-08-26 15:01:12,501 [INFO]     [2 | both | 1](candidate_pairs: 48/48 | new_swaps: 5 | total: 11) -> {'max_bond': 256, 'max_links': 4, 'total_elems': 323136, 'total_shapes': 3156, 'total_links': 390, 'num_tensors': 98}
2026-08-26 15:01:13,210 [INFO]     [2 | left | 0](candidate_pairs: 49/49 | new_swaps: 1 | total: 12) -> {'max_bond': 128, 'max_links': 4, 'total_elems': 224832, 'total_shapes': 2900, 'total_links': 390, 'num_tensors': 98}
2026-08-26 15:01:13,776 [INFO]     [2 | left | 1](candidate_pairs: 48/48 | new_swaps: 2 | total: 14) -> {'max_bond': 128, 'max_links': 4, 'total_elems': 175632, 'total_shapes': 2768, 'total_links': 390, 'num_tensors': 98}
2026-08-26 15:01:14,128 [INFO]     [2 | right | 0](candidate_pairs: 49/49 | new_swaps: 4 | total: 18) -> {'max_bond': 64, 'max_links': 4, 'total_elems': 126236, 'total_shapes': 2558, 'total_links': 390, 'num_tensors': 98}
2026-08-26 15:01:14,318 [INFO]     [2 | right | 1](candidate_pairs: 48/48 | new_swaps: 4 | total: 22) -> {'max_bond': 64, 'max_links': 4, 'total_elems': 107372, 'total_shapes': 2436, 'total_links': 390, 'num_tensors': 98}
2026-08-26 15:01:14,757 [INFO]     [3 | both | 0](candidate_pairs: 49/49 | new_swaps: 3 | total: 3) -> {'max_bond': 64, 'max_links': 4, 'total_elems': 106560, 'total_shapes': 2414, 'total_links': 390, 'num_tensors': 98}
2026-08-26 15:01:15,002 [INFO]     [3 | both | 1](candidate_pairs: 48/48 | new_swaps: 0 | total: 3) -> {'max_bond': 64, 'max_links': 4, 'total_elems': 106560, 'total_shapes': 2414, 'total_links': 390, 'num_tensors': 98}
2026-08-26 15:01:15,146 [INFO]     [3 | left | 0](candidate_pairs: 49/49 | new_swaps: 0 | total: 3) -> {'max_bond': 64, 'max_links': 4, 'total_elems': 106560, 'total_shapes': 2414, 'total_links': 390, 'num_tensors': 98}
2026-08-26 15:01:15,263 [INFO]     [3 | left | 1](candidate_pairs: 48/48 | new_swaps: 0 | total: 3) -> {'max_bond': 64, 'max_links': 4, 'total_elems': 106560, 'total_shapes': 2414, 'total_links': 390, 'num_tensors': 98}
2026-08-26 15:01:15,460 [INFO]     [3 | right | 0](candidate_pairs: 49/49 | new_swaps: 2 | total: 5) -> {'max_bond': 64, 'max_links': 4, 'total_elems': 91152, 'total_shapes': 2312, 'total_links': 390, 'num_tensors': 98}
2026-08-26 15:01:15,590 [INFO]     [3 | right | 1](candidate_pairs: 48/48 | new_swaps: 1 | total: 6) -> {'max_bond': 64, 'max_links': 4, 'total_elems': 85008, 'total_shapes': 2248, 'total_links': 390, 'num_tensors': 98}
2026-08-26 15:01:15,853 [INFO]     [4 | both | 0](candidate_pairs: 49/49 | new_swaps: 0 | total: 0) -> {'max_bond': 64, 'max_links': 4, 'total_elems': 85008, 'total_shapes': 2248, 'total_links': 390, 'num_tensors': 98}
2026-08-26 15:01:16,024 [INFO]     [4 | both | 1](candidate_pairs: 48/48 | new_swaps: 0 | total: 0) -> {'max_bond': 64, 'max_links': 4, 'total_elems': 85008, 'total_shapes': 2248, 'total_links': 390, 'num_tensors': 98}
2026-08-26 15:01:16,129 [INFO]     [4 | left | 0](candidate_pairs: 49/49 | new_swaps: 0 | total: 0) -> {'max_bond': 64, 'max_links': 4, 'total_elems': 85008, 'total_shapes': 2248, 'total_links': 390, 'num_tensors': 98}
2026-08-26 15:01:16,248 [INFO]     [4 | left | 1](candidate_pairs: 48/48 | new_swaps: 1 | total: 1) -> {'max_bond': 64, 'max_links': 4, 'total_elems': 81936, 'total_shapes': 2216, 'total_links': 390, 'num_tensors': 98}
2026-08-26 15:01:16,343 [INFO]     [4 | right | 0](candidate_pairs: 49/49 | new_swaps: 0 | total: 1) -> {'max_bond': 64, 'max_links': 4, 'total_elems': 81936, 'total_shapes': 2216, 'total_links': 390, 'num_tensors': 98}
2026-08-26 15:01:16,421 [INFO]     [4 | right | 1](candidate_pairs: 48/48 | new_swaps: 0 | total: 1) -> {'max_bond': 64, 'max_links': 4, 'total_elems': 81936, 'total_shapes': 2216, 'total_links': 390, 'num_tensors': 98}
2026-08-26 15:01:16,651 [INFO]     [5 | both | 0](candidate_pairs: 49/49 | new_swaps: 0 | total: 0) -> {'max_bond': 64, 'max_links': 4, 'total_elems': 81936, 'total_shapes': 2216, 'total_links': 390, 'num_tensors': 98}
2026-08-26 15:01:16,819 [INFO]     [5 | both | 1](candidate_pairs: 48/48 | new_swaps: 0 | total: 0) -> {'max_bond': 64, 'max_links': 4, 'total_elems': 81936, 'total_shapes': 2216, 'total_links': 390, 'num_tensors': 98}
2026-08-26 15:01:16,914 [INFO]     [5 | left | 0](candidate_pairs: 49/49 | new_swaps: 0 | total: 0) -> {'max_bond': 64, 'max_links': 4, 'total_elems': 81936, 'total_shapes': 2216, 'total_links': 390, 'num_tensors': 98}
2026-08-26 15:01:16,995 [INFO]     [5 | left | 1](candidate_pairs: 48/48 | new_swaps: 0 | total: 0) -> {'max_bond': 64, 'max_links': 4, 'total_elems': 81936, 'total_shapes': 2216, 'total_links': 390, 'num_tensors': 98}
2026-08-26 15:01:17,086 [INFO]     [5 | right | 0](candidate_pairs: 49/49 | new_swaps: 0 | total: 0) -> {'max_bond': 64, 'max_links': 4, 'total_elems': 81936, 'total_shapes': 2216, 'total_links': 390, 'num_tensors': 98}
2026-08-26 15:01:17,161 [INFO]     [5 | right | 1](candidate_pairs: 48/48 | new_swaps: 0 | total: 0) -> {'max_bond': 64, 'max_links': 4, 'total_elems': 81936, 'total_shapes': 2216, 'total_links': 390, 'num_tensors': 98}
2026-08-26 15:01:17,162 [INFO]     [end unswap] -> {'max_bond': 64, 'max_links': 4, 'total_elems': 81936, 'total_shapes': 2216, 'total_links': 390, 'num_tensors': 98}
2026-08-26 15:01:17,214 [INFO] [start rewire](phase=post_unswap, cycle=28, side=left, layers=2600, trials=20, seed=123, parallel=False, route_candidates=2, route_score=lookahead_total)
2026-08-26 15:01:37,370 [INFO] [end rewire](phase=post_unswap, cycle=28, side=left, routed_layers=2379, elapsed_s=20.16)
2026-08-26 15:01:37,370 [INFO] [start rewire](phase=post_unswap, cycle=28, side=right, layers=2205, trials=20, seed=123, parallel=False, route_candidates=2, route_score=lookahead_total)
2026-08-26 15:01:43,593 [INFO] [end rewire](phase=post_unswap, cycle=28, side=right, routed_layers=2235, elapsed_s=6.22)
[Cycle 28] 57/1984 gates (2.9 %) after 1612 sec
2026-08-26 15:01:43,754 [INFO] [1L/2377](swap: 17, u: 0 | c_u: 0 | t_u_l: 33/992 | t_u_r: 24/992 | t_u: 57/1984) -> {'max_bond': 64, 'max_links': 4, 'total_elems': 81936, 'total_shapes': 2216, 'total_links': 390, 'num_tensors': 98}
2026-08-26 15:01:43,860 [INFO] [1R/2233](swap: 13, u: 0 | c_u: 0 | t_u_l: 33/992 | t_u_r: 24/992 | t_u: 57/1984) -> {'max_bond': 64, 'max_links': 4, 'total_elems': 95116, 'total_shapes': 2456, 'total_links': 390, 'num_tensors': 98}
2026-08-26 15:01:43,975 [INFO] [2L/2377](swap: 18, u: 0 | c_u: 0 | t_u_l: 33/992 | t_u_r: 24/992 | t_u: 57/1984) -> {'max_bond': 64, 'max_links': 4, 'total_elems': 118336, 'total_shapes': 2806, 'total_links': 390, 'num_tensors': 98}
2026-08-26 15:01:44,122 [INFO] [2R/2233](swap: 13, u: 0 | c_u: 0 | t_u_l: 33/992 | t_u_r: 24/992 | t_u: 57/1984) -> {'max_bond': 64, 'max_links': 4, 'total_elems': 151676, 'total_shapes': 3072, 'total_links': 390, 'num_tensors': 98}
2026-08-26 15:01:44,300 [INFO] [3R/2233](swap: 11, u: 0 | c_u: 0 | t_u_l: 33/992 | t_u_r: 24/992 | t_u: 57/1984) -> {'max_bond': 128, 'max_links': 4, 'total_elems': 181416, 'total_shapes': 3312, 'total_links': 390, 'num_tensors': 98}
2026-08-26 15:01:44,514 [INFO] [3L/2377](swap: 20, u: 0 | c_u: 0 | t_u_l: 33/992 | t_u_r: 24/992 | t_u: 57/1984) -> {'max_bond': 128, 'max_links': 4, 'total_elems': 249120, 'total_shapes': 3766, 'total_links': 390, 'num_tensors': 98}
2026-08-26 15:01:44,773 [INFO] [4L/2377](swap: 19, u: 0 | c_u: 0 | t_u_l: 33/992 | t_u_r: 24/992 | t_u: 57/1984) -> {'max_bond': 128, 'max_links': 4, 'total_elems': 346608, 'total_shapes': 4524, 'total_links': 390, 'num_tensors': 98}
2026-08-26 15:01:45,218 [INFO] [5L/2377](swap: 18, u: 0 | c_u: 0 | t_u_l: 33/992 | t_u_r: 24/992 | t_u: 57/1984) -> {'max_bond': 128, 'max_links': 4, 'total_elems': 444832, 'total_shapes': 5280, 'total_links': 390, 'num_tensors': 98}
2026-08-26 15:01:45,806 [INFO] [4R/2233](swap: 11, u: 0 | c_u: 0 | t_u_l: 33/992 | t_u_r: 24/992 | t_u: 57/1984) -> {'max_bond': 256, 'max_links': 4, 'total_elems': 679008, 'total_shapes': 6036, 'total_links': 390, 'num_tensors': 98}
2026-08-26 15:01:47,061 [INFO]     [start unswap] -> {'max_bond': 256, 'max_links': 4, 'total_elems': 679008, 'total_shapes': 6036, 'total_links': 390, 'num_tensors': 98}
2026-08-26 15:02:04,185 [INFO]     [0 | both | 0](candidate_pairs: 49/49 | new_swaps: 8 | total: 8) -> {'max_bond': 256, 'max_links': 4, 'total_elems': 1062496, 'total_shapes': 7492, 'total_links': 390, 'num_tensors': 98}
2026-08-26 15:02:08,381 [INFO]     [0 | both | 1](candidate_pairs: 48/48 | new_swaps: 21 | total: 29) -> {'max_bond': 128, 'max_links': 4, 'total_elems': 400064, 'total_shapes': 4872, 'total_links': 390, 'num_tensors': 98}
2026-08-26 15:02:09,158 [INFO]     [0 | left | 0](candidate_pairs: 49/49 | new_swaps: 19 | total: 48) -> {'max_bond': 128, 'max_links': 4, 'total_elems': 239928, 'total_shapes': 3912, 'total_links': 390, 'num_tensors': 98}
2026-08-26 15:02:09,518 [INFO]     [0 | left | 1](candidate_pairs: 48/48 | new_swaps: 22 | total: 70) -> {'max_bond': 128, 'max_links': 4, 'total_elems': 205048, 'total_shapes': 3408, 'total_links': 390, 'num_tensors': 98}
2026-08-26 15:02:09,923 [INFO]     [0 | right | 0](candidate_pairs: 49/49 | new_swaps: 12 | total: 82) -> {'max_bond': 128, 'max_links': 4, 'total_elems': 185240, 'total_shapes': 3158, 'total_links': 390, 'num_tensors': 98}
2026-08-26 15:02:10,159 [INFO]     [0 | right | 1](candidate_pairs: 48/48 | new_swaps: 7 | total: 89) -> {'max_bond': 128, 'max_links': 4, 'total_elems': 173128, 'total_shapes': 2982, 'total_links': 390, 'num_tensors': 98}
2026-08-26 15:02:11,030 [INFO]     [1 | both | 0](candidate_pairs: 49/49 | new_swaps: 11 | total: 11) -> {'max_bond': 128, 'max_links': 4, 'total_elems': 130584, 'total_shapes': 2786, 'total_links': 390, 'num_tensors': 98}
2026-08-26 15:02:11,400 [INFO]     [1 | both | 1](candidate_pairs: 48/48 | new_swaps: 4 | total: 15) -> {'max_bond': 128, 'max_links': 4, 'total_elems': 129676, 'total_shapes': 2752, 'total_links': 390, 'num_tensors': 98}
2026-08-26 15:02:11,660 [INFO]     [1 | left | 0](candidate_pairs: 49/49 | new_swaps: 9 | total: 24) -> {'max_bond': 128, 'max_links': 4, 'total_elems': 126052, 'total_shapes': 2626, 'total_links': 390, 'num_tensors': 98}
2026-08-26 15:02:11,859 [INFO]     [1 | left | 1](candidate_pairs: 48/48 | new_swaps: 7 | total: 31) -> {'max_bond': 64, 'max_links': 4, 'total_elems': 97912, 'total_shapes': 2426, 'total_links': 390, 'num_tensors': 98}
2026-08-26 15:02:12,000 [INFO]     [1 | right | 0](candidate_pairs: 49/49 | new_swaps: 1 | total: 32) -> {'max_bond': 64, 'max_links': 4, 'total_elems': 97816, 'total_shapes': 2414, 'total_links': 390, 'num_tensors': 98}
2026-08-26 15:02:12,151 [INFO]     [1 | right | 1](candidate_pairs: 48/48 | new_swaps: 1 | total: 33) -> {'max_bond': 64, 'max_links': 4, 'total_elems': 97560, 'total_shapes': 2406, 'total_links': 390, 'num_tensors': 98}
2026-08-26 15:02:12,543 [INFO]     [2 | both | 0](candidate_pairs: 49/49 | new_swaps: 4 | total: 4) -> {'max_bond': 64, 'max_links': 4, 'total_elems': 84432, 'total_shapes': 2318, 'total_links': 390, 'num_tensors': 98}
2026-08-26 15:02:12,815 [INFO]     [2 | both | 1](candidate_pairs: 48/48 | new_swaps: 6 | total: 10) -> {'max_bond': 64, 'max_links': 4, 'total_elems': 83304, 'total_shapes': 2278, 'total_links': 390, 'num_tensors': 98}
2026-08-26 15:02:12,912 [INFO]     [2 | left | 0](candidate_pairs: 49/49 | new_swaps: 0 | total: 10) -> {'max_bond': 64, 'max_links': 4, 'total_elems': 83304, 'total_shapes': 2278, 'total_links': 390, 'num_tensors': 98}
2026-08-26 15:02:13,030 [INFO]     [2 | left | 1](candidate_pairs: 48/48 | new_swaps: 1 | total: 11) -> {'max_bond': 64, 'max_links': 4, 'total_elems': 83280, 'total_shapes': 2272, 'total_links': 390, 'num_tensors': 98}
2026-08-26 15:02:13,161 [INFO]     [2 | right | 0](candidate_pairs: 49/49 | new_swaps: 1 | total: 12) -> {'max_bond': 64, 'max_links': 4, 'total_elems': 83232, 'total_shapes': 2266, 'total_links': 390, 'num_tensors': 98}
2026-08-26 15:02:13,239 [INFO]     [2 | right | 1](candidate_pairs: 48/48 | new_swaps: 0 | total: 12) -> {'max_bond': 64, 'max_links': 4, 'total_elems': 83232, 'total_shapes': 2266, 'total_links': 390, 'num_tensors': 98}
2026-08-26 15:02:13,549 [INFO]     [3 | both | 0](candidate_pairs: 49/49 | new_swaps: 2 | total: 2) -> {'max_bond': 64, 'max_links': 4, 'total_elems': 82452, 'total_shapes': 2248, 'total_links': 390, 'num_tensors': 98}
2026-08-26 15:02:15,128 [INFO]     [3 | both | 1](candidate_pairs: 48/48 | new_swaps: 0 | total: 2) -> {'max_bond': 64, 'max_links': 4, 'total_elems': 82452, 'total_shapes': 2248, 'total_links': 390, 'num_tensors': 98}
2026-08-26 15:02:15,223 [INFO]     [3 | left | 0](candidate_pairs: 49/49 | new_swaps: 0 | total: 2) -> {'max_bond': 64, 'max_links': 4, 'total_elems': 82452, 'total_shapes': 2248, 'total_links': 390, 'num_tensors': 98}
2026-08-26 15:02:15,306 [INFO]     [3 | left | 1](candidate_pairs: 48/48 | new_swaps: 0 | total: 2) -> {'max_bond': 64, 'max_links': 4, 'total_elems': 82452, 'total_shapes': 2248, 'total_links': 390, 'num_tensors': 98}
2026-08-26 15:02:15,402 [INFO]     [3 | right | 0](candidate_pairs: 49/49 | new_swaps: 0 | total: 2) -> {'max_bond': 64, 'max_links': 4, 'total_elems': 82452, 'total_shapes': 2248, 'total_links': 390, 'num_tensors': 98}
2026-08-26 15:02:15,479 [INFO]     [3 | right | 1](candidate_pairs: 48/48 | new_swaps: 0 | total: 2) -> {'max_bond': 64, 'max_links': 4, 'total_elems': 82452, 'total_shapes': 2248, 'total_links': 390, 'num_tensors': 98}
2026-08-26 15:02:15,709 [INFO]     [4 | both | 0](candidate_pairs: 49/49 | new_swaps: 0 | total: 0) -> {'max_bond': 64, 'max_links': 4, 'total_elems': 82452, 'total_shapes': 2248, 'total_links': 390, 'num_tensors': 98}
2026-08-26 15:02:15,892 [INFO]     [4 | both | 1](candidate_pairs: 48/48 | new_swaps: 0 | total: 0) -> {'max_bond': 64, 'max_links': 4, 'total_elems': 82452, 'total_shapes': 2248, 'total_links': 390, 'num_tensors': 98}
2026-08-26 15:02:15,987 [INFO]     [4 | left | 0](candidate_pairs: 49/49 | new_swaps: 0 | total: 0) -> {'max_bond': 64, 'max_links': 4, 'total_elems': 82452, 'total_shapes': 2248, 'total_links': 390, 'num_tensors': 98}
2026-08-26 15:02:16,069 [INFO]     [4 | left | 1](candidate_pairs: 48/48 | new_swaps: 0 | total: 0) -> {'max_bond': 64, 'max_links': 4, 'total_elems': 82452, 'total_shapes': 2248, 'total_links': 390, 'num_tensors': 98}
2026-08-26 15:02:16,165 [INFO]     [4 | right | 0](candidate_pairs: 49/49 | new_swaps: 0 | total: 0) -> {'max_bond': 64, 'max_links': 4, 'total_elems': 82452, 'total_shapes': 2248, 'total_links': 390, 'num_tensors': 98}
2026-08-26 15:02:16,242 [INFO]     [4 | right | 1](candidate_pairs: 48/48 | new_swaps: 0 | total: 0) -> {'max_bond': 64, 'max_links': 4, 'total_elems': 82452, 'total_shapes': 2248, 'total_links': 390, 'num_tensors': 98}
2026-08-26 15:02:16,242 [INFO]     [end unswap] -> {'max_bond': 64, 'max_links': 4, 'total_elems': 82452, 'total_shapes': 2248, 'total_links': 390, 'num_tensors': 98}
2026-08-26 15:02:16,295 [INFO] [start rewire](phase=post_unswap, cycle=29, side=left, layers=2374, trials=20, seed=123, parallel=False, route_candidates=2, route_score=lookahead_total)
2026-08-26 15:02:40,534 [INFO] [end rewire](phase=post_unswap, cycle=29, side=left, routed_layers=2669, elapsed_s=24.24)
2026-08-26 15:02:40,535 [INFO] [start rewire](phase=post_unswap, cycle=29, side=right, layers=2231, trials=20, seed=123, parallel=False, route_candidates=2, route_score=lookahead_total)
2026-08-26 15:02:47,544 [INFO] [end rewire](phase=post_unswap, cycle=29, side=right, routed_layers=2232, elapsed_s=7.01)
[Cycle 29] 57/1984 gates (2.9 %) after 1676 sec
2026-08-26 15:02:47,758 [INFO] [1L/2667](swap: 19, u: 0 | c_u: 0 | t_u_l: 33/992 | t_u_r: 24/992 | t_u: 57/1984) -> {'max_bond': 64, 'max_links': 4, 'total_elems': 82452, 'total_shapes': 2248, 'total_links': 390, 'num_tensors': 98}
2026-08-26 15:02:47,882 [INFO] [1R/2230](swap: 14, u: 0 | c_u: 0 | t_u_l: 33/992 | t_u_r: 24/992 | t_u: 57/1984) -> {'max_bond': 64, 'max_links': 4, 'total_elems': 95572, 'total_shapes': 2500, 'total_links': 390, 'num_tensors': 98}
2026-08-26 15:02:48,011 [INFO] [2R/2230](swap: 17, u: 0 | c_u: 0 | t_u_l: 33/992 | t_u_r: 24/992 | t_u: 57/1984) -> {'max_bond': 64, 'max_links': 4, 'total_elems': 120776, 'total_shapes': 2838, 'total_links': 390, 'num_tensors': 98}
2026-08-26 15:02:48,167 [INFO] [3R/2230](swap: 16, u: 0 | c_u: 0 | t_u_l: 33/992 | t_u_r: 24/992 | t_u: 57/1984) -> {'max_bond': 64, 'max_links': 4, 'total_elems': 147924, 'total_shapes': 3160, 'total_links': 390, 'num_tensors': 98}
2026-08-26 15:02:48,353 [INFO] [2L/2667](swap: 18, u: 0 | c_u: 0 | t_u_l: 33/992 | t_u_r: 24/992 | t_u: 57/1984) -> {'max_bond': 128, 'max_links': 4, 'total_elems': 212368, 'total_shapes': 3734, 'total_links': 390, 'num_tensors': 98}
2026-08-26 15:02:48,582 [INFO] [4R/2230](swap: 12, u: 0 | c_u: 0 | t_u_l: 33/992 | t_u_r: 24/992 | t_u: 57/1984) -> {'max_bond': 128, 'max_links': 4, 'total_elems': 319072, 'total_shapes': 4304, 'total_links': 390, 'num_tensors': 98}
2026-08-26 15:02:49,088 [INFO] [5R/2230](swap: 10, u: 0 | c_u: 0 | t_u_l: 33/992 | t_u_r: 24/992 | t_u: 57/1984) -> {'max_bond': 128, 'max_links': 4, 'total_elems': 395136, 'total_shapes': 4636, 'total_links': 390, 'num_tensors': 98}
2026-08-26 15:02:49,793 [INFO] [6R/2230](swap: 11, u: 0 | c_u: 0 | t_u_l: 33/992 | t_u_r: 24/992 | t_u: 57/1984) -> {'max_bond': 128, 'max_links': 4, 'total_elems': 413808, 'total_shapes': 4824, 'total_links': 390, 'num_tensors': 98}
2026-08-26 15:02:50,456 [INFO] [7R/2230](swap: 11, u: 0 | c_u: 0 | t_u_l: 33/992 | t_u_r: 24/992 | t_u: 57/1984) -> {'max_bond': 128, 'max_links': 4, 'total_elems': 487104, 'total_shapes': 5352, 'total_links': 390, 'num_tensors': 98}
2026-08-26 15:02:51,185 [INFO] [8R/2230](swap: 10, u: 0 | c_u: 0 | t_u_l: 33/992 | t_u_r: 24/992 | t_u: 57/1984) -> {'max_bond': 128, 'max_links': 4, 'total_elems': 631152, 'total_shapes': 6172, 'total_links': 390, 'num_tensors': 98}
2026-08-26 15:02:52,121 [INFO] [9R/2230](swap: 10, u: 0 | c_u: 0 | t_u_l: 33/992 | t_u_r: 24/992 | t_u: 57/1984) -> {'max_bond': 256, 'max_links': 4, 'total_elems': 955504, 'total_shapes': 7040, 'total_links': 390, 'num_tensors': 98}
2026-08-26 15:02:53,754 [INFO]     [start unswap] -> {'max_bond': 256, 'max_links': 4, 'total_elems': 955504, 'total_shapes': 7040, 'total_links': 390, 'num_tensors': 98}
2026-08-26 15:03:03,423 [INFO]     [0 | both | 0](candidate_pairs: 49/49 | new_swaps: 6 | total: 6) -> {'max_bond': 512, 'max_links': 4, 'total_elems': 1167584, 'total_shapes': 7660, 'total_links': 390, 'num_tensors': 98}
2026-08-26 15:03:08,702 [INFO]     [0 | both | 1](candidate_pairs: 48/48 | new_swaps: 13 | total: 19) -> {'max_bond': 256, 'max_links': 4, 'total_elems': 674144, 'total_shapes': 6060, 'total_links': 390, 'num_tensors': 98}
2026-08-26 15:03:10,091 [INFO]     [0 | left | 0](candidate_pairs: 49/49 | new_swaps: 18 | total: 37) -> {'max_bond': 256, 'max_links': 4, 'total_elems': 634984, 'total_shapes': 5524, 'total_links': 390, 'num_tensors': 98}
2026-08-26 15:03:12,008 [INFO]     [0 | left | 1](candidate_pairs: 48/48 | new_swaps: 20 | total: 57) -> {'max_bond': 128, 'max_links': 4, 'total_elems': 470648, 'total_shapes': 4848, 'total_links': 390, 'num_tensors': 98}
2026-08-26 15:03:12,790 [INFO]     [0 | right | 0](candidate_pairs: 49/49 | new_swaps: 12 | total: 69) -> {'max_bond': 128, 'max_links': 4, 'total_elems': 414712, 'total_shapes': 4386, 'total_links': 390, 'num_tensors': 98}
2026-08-26 15:03:13,963 [INFO]     [0 | right | 1](candidate_pairs: 48/48 | new_swaps: 8 | total: 77) -> {'max_bond': 128, 'max_links': 4, 'total_elems': 370648, 'total_shapes': 4138, 'total_links': 390, 'num_tensors': 98}
2026-08-26 15:03:15,512 [INFO]     [1 | both | 0](candidate_pairs: 49/49 | new_swaps: 11 | total: 11) -> {'max_bond': 128, 'max_links': 4, 'total_elems': 280920, 'total_shapes': 3722, 'total_links': 390, 'num_tensors': 98}
2026-08-26 15:03:16,751 [INFO]     [1 | both | 1](candidate_pairs: 48/48 | new_swaps: 9 | total: 20) -> {'max_bond': 128, 'max_links': 4, 'total_elems': 275788, 'total_shapes': 3584, 'total_links': 390, 'num_tensors': 98}
2026-08-26 15:03:17,260 [INFO]     [1 | left | 0](candidate_pairs: 49/49 | new_swaps: 6 | total: 26) -> {'max_bond': 128, 'max_links': 4, 'total_elems': 265684, 'total_shapes': 3438, 'total_links': 390, 'num_tensors': 98}
2026-08-26 15:03:17,734 [INFO]     [1 | left | 1](candidate_pairs: 48/48 | new_swaps: 5 | total: 31) -> {'max_bond': 128, 'max_links': 4, 'total_elems': 263100, 'total_shapes': 3366, 'total_links': 390, 'num_tensors': 98}
2026-08-26 15:03:18,329 [INFO]     [1 | right | 0](candidate_pairs: 49/49 | new_swaps: 6 | total: 37) -> {'max_bond': 128, 'max_links': 4, 'total_elems': 209788, 'total_shapes': 3098, 'total_links': 390, 'num_tensors': 98}
2026-08-26 15:03:18,706 [INFO]     [1 | right | 1](candidate_pairs: 48/48 | new_swaps: 2 | total: 39) -> {'max_bond': 64, 'max_links': 4, 'total_elems': 160572, 'total_shapes': 2902, 'total_links': 390, 'num_tensors': 98}
2026-08-26 15:03:19,327 [INFO]     [2 | both | 0](candidate_pairs: 49/49 | new_swaps: 10 | total: 10) -> {'max_bond': 64, 'max_links': 4, 'total_elems': 147248, 'total_shapes': 2776, 'total_links': 390, 'num_tensors': 98}
2026-08-26 15:03:19,914 [INFO]     [2 | both | 1](candidate_pairs: 48/48 | new_swaps: 5 | total: 15) -> {'max_bond': 64, 'max_links': 4, 'total_elems': 134000, 'total_shapes': 2680, 'total_links': 390, 'num_tensors': 98}
2026-08-26 15:03:20,067 [INFO]     [2 | left | 0](candidate_pairs: 49/49 | new_swaps: 0 | total: 15) -> {'max_bond': 64, 'max_links': 4, 'total_elems': 134000, 'total_shapes': 2680, 'total_links': 390, 'num_tensors': 98}
2026-08-26 15:03:20,306 [INFO]     [2 | left | 1](candidate_pairs: 48/48 | new_swaps: 3 | total: 18) -> {'max_bond': 64, 'max_links': 4, 'total_elems': 133796, 'total_shapes': 2662, 'total_links': 390, 'num_tensors': 98}
2026-08-26 15:03:20,534 [INFO]     [2 | right | 0](candidate_pairs: 49/49 | new_swaps: 3 | total: 21) -> {'max_bond': 64, 'max_links': 4, 'total_elems': 120704, 'total_shapes': 2576, 'total_links': 390, 'num_tensors': 98}
2026-08-26 15:03:20,731 [INFO]     [2 | right | 1](candidate_pairs: 48/48 | new_swaps: 2 | total: 23) -> {'max_bond': 64, 'max_links': 4, 'total_elems': 102200, 'total_shapes': 2474, 'total_links': 390, 'num_tensors': 98}
2026-08-26 15:03:21,030 [INFO]     [3 | both | 0](candidate_pairs: 49/49 | new_swaps: 1 | total: 1) -> {'max_bond': 64, 'max_links': 4, 'total_elems': 86840, 'total_shapes': 2378, 'total_links': 390, 'num_tensors': 98}
2026-08-26 15:03:21,352 [INFO]     [3 | both | 1](candidate_pairs: 48/48 | new_swaps: 3 | total: 4) -> {'max_bond': 64, 'max_links': 4, 'total_elems': 79880, 'total_shapes': 2294, 'total_links': 390, 'num_tensors': 98}
2026-08-26 15:03:21,479 [INFO]     [3 | left | 0](candidate_pairs: 49/49 | new_swaps: 1 | total: 5) -> {'max_bond': 64, 'max_links': 4, 'total_elems': 79856, 'total_shapes': 2290, 'total_links': 390, 'num_tensors': 98}
2026-08-26 15:03:21,611 [INFO]     [3 | left | 1](candidate_pairs: 48/48 | new_swaps: 1 | total: 6) -> {'max_bond': 64, 'max_links': 4, 'total_elems': 76784, 'total_shapes': 2258, 'total_links': 390, 'num_tensors': 98}
2026-08-26 15:03:21,682 [INFO]     [3 | right | 0](candidate_pairs: 49/49 | new_swaps: 0 | total: 6) -> {'max_bond': 64, 'max_links': 4, 'total_elems': 76784, 'total_shapes': 2258, 'total_links': 390, 'num_tensors': 98}
2026-08-26 15:03:21,774 [INFO]     [3 | right | 1](candidate_pairs: 48/48 | new_swaps: 0 | total: 6) -> {'max_bond': 64, 'max_links': 4, 'total_elems': 76784, 'total_shapes': 2258, 'total_links': 390, 'num_tensors': 98}
2026-08-26 15:03:22,023 [INFO]     [4 | both | 0](candidate_pairs: 49/49 | new_swaps: 4 | total: 4) -> {'max_bond': 64, 'max_links': 4, 'total_elems': 72884, 'total_shapes': 2204, 'total_links': 390, 'num_tensors': 98}
2026-08-26 15:03:22,303 [INFO]     [4 | both | 1](candidate_pairs: 48/48 | new_swaps: 2 | total: 6) -> {'max_bond': 64, 'max_links': 4, 'total_elems': 72068, 'total_shapes': 2184, 'total_links': 390, 'num_tensors': 98}
2026-08-26 15:03:22,375 [INFO]     [4 | left | 0](candidate_pairs: 49/49 | new_swaps: 0 | total: 6) -> {'max_bond': 64, 'max_links': 4, 'total_elems': 72068, 'total_shapes': 2184, 'total_links': 390, 'num_tensors': 98}
2026-08-26 15:03:22,459 [INFO]     [4 | left | 1](candidate_pairs: 48/48 | new_swaps: 0 | total: 6) -> {'max_bond': 64, 'max_links': 4, 'total_elems': 72068, 'total_shapes': 2184, 'total_links': 390, 'num_tensors': 98}
2026-08-26 15:03:22,528 [INFO]     [4 | right | 0](candidate_pairs: 49/49 | new_swaps: 0 | total: 6) -> {'max_bond': 64, 'max_links': 4, 'total_elems': 72068, 'total_shapes': 2184, 'total_links': 390, 'num_tensors': 98}
2026-08-26 15:03:22,610 [INFO]     [4 | right | 1](candidate_pairs: 48/48 | new_swaps: 0 | total: 6) -> {'max_bond': 64, 'max_links': 4, 'total_elems': 72068, 'total_shapes': 2184, 'total_links': 390, 'num_tensors': 98}
2026-08-26 15:03:22,849 [INFO]     [5 | both | 0](candidate_pairs: 49/49 | new_swaps: 2 | total: 2) -> {'max_bond': 64, 'max_links': 4, 'total_elems': 71252, 'total_shapes': 2164, 'total_links': 390, 'num_tensors': 98}
2026-08-26 15:03:23,112 [INFO]     [5 | both | 1](candidate_pairs: 48/48 | new_swaps: 1 | total: 3) -> {'max_bond': 64, 'max_links': 4, 'total_elems': 71204, 'total_shapes': 2158, 'total_links': 390, 'num_tensors': 98}
2026-08-26 15:03:23,183 [INFO]     [5 | left | 0](candidate_pairs: 49/49 | new_swaps: 0 | total: 3) -> {'max_bond': 64, 'max_links': 4, 'total_elems': 71204, 'total_shapes': 2158, 'total_links': 390, 'num_tensors': 98}
2026-08-26 15:03:23,266 [INFO]     [5 | left | 1](candidate_pairs: 48/48 | new_swaps: 0 | total: 3) -> {'max_bond': 64, 'max_links': 4, 'total_elems': 71204, 'total_shapes': 2158, 'total_links': 390, 'num_tensors': 98}
2026-08-26 15:03:23,335 [INFO]     [5 | right | 0](candidate_pairs: 49/49 | new_swaps: 0 | total: 3) -> {'max_bond': 64, 'max_links': 4, 'total_elems': 71204, 'total_shapes': 2158, 'total_links': 390, 'num_tensors': 98}
2026-08-26 15:03:23,415 [INFO]     [5 | right | 1](candidate_pairs: 48/48 | new_swaps: 0 | total: 3) -> {'max_bond': 64, 'max_links': 4, 'total_elems': 71204, 'total_shapes': 2158, 'total_links': 390, 'num_tensors': 98}
2026-08-26 15:03:23,574 [INFO]     [6 | both | 0](candidate_pairs: 49/49 | new_swaps: 0 | total: 0) -> {'max_bond': 64, 'max_links': 4, 'total_elems': 71204, 'total_shapes': 2158, 'total_links': 390, 'num_tensors': 98}
2026-08-26 15:03:23,771 [INFO]     [6 | both | 1](candidate_pairs: 48/48 | new_swaps: 0 | total: 0) -> {'max_bond': 64, 'max_links': 4, 'total_elems': 71204, 'total_shapes': 2158, 'total_links': 390, 'num_tensors': 98}
2026-08-26 15:03:23,843 [INFO]     [6 | left | 0](candidate_pairs: 49/49 | new_swaps: 0 | total: 0) -> {'max_bond': 64, 'max_links': 4, 'total_elems': 71204, 'total_shapes': 2158, 'total_links': 390, 'num_tensors': 98}
2026-08-26 15:03:23,926 [INFO]     [6 | left | 1](candidate_pairs: 48/48 | new_swaps: 0 | total: 0) -> {'max_bond': 64, 'max_links': 4, 'total_elems': 71204, 'total_shapes': 2158, 'total_links': 390, 'num_tensors': 98}
2026-08-26 15:03:23,995 [INFO]     [6 | right | 0](candidate_pairs: 49/49 | new_swaps: 0 | total: 0) -> {'max_bond': 64, 'max_links': 4, 'total_elems': 71204, 'total_shapes': 2158, 'total_links': 390, 'num_tensors': 98}
2026-08-26 15:03:24,075 [INFO]     [6 | right | 1](candidate_pairs: 48/48 | new_swaps: 0 | total: 0) -> {'max_bond': 64, 'max_links': 4, 'total_elems': 71204, 'total_shapes': 2158, 'total_links': 390, 'num_tensors': 98}
2026-08-26 15:03:24,075 [INFO]     [end unswap] -> {'max_bond': 64, 'max_links': 4, 'total_elems': 71204, 'total_shapes': 2158, 'total_links': 390, 'num_tensors': 98}
2026-08-26 15:03:24,130 [INFO] [start rewire](phase=post_unswap, cycle=30, side=left, layers=2667, trials=20, seed=123, parallel=False, route_candidates=2, route_score=lookahead_total)
2026-08-26 15:03:46,050 [INFO] [end rewire](phase=post_unswap, cycle=30, side=left, routed_layers=2596, elapsed_s=21.92)
2026-08-26 15:03:46,050 [INFO] [start rewire](phase=post_unswap, cycle=30, side=right, layers=2223, trials=20, seed=123, parallel=False, route_candidates=2, route_score=lookahead_total)
2026-08-26 15:03:53,574 [INFO] [end rewire](phase=post_unswap, cycle=30, side=right, routed_layers=2261, elapsed_s=7.52)
[Cycle 30] 57/1984 gates (2.9 %) after 1742 sec
2026-08-26 15:03:53,745 [INFO] [1L/2594](swap: 18, u: 0 | c_u: 0 | t_u_l: 33/992 | t_u_r: 24/992 | t_u: 57/1984) -> {'max_bond': 64, 'max_links': 4, 'total_elems': 71204, 'total_shapes': 2158, 'total_links': 390, 'num_tensors': 98}
2026-08-26 15:03:53,866 [INFO] [1R/2259](swap: 18, u: 0 | c_u: 0 | t_u_l: 33/992 | t_u_r: 24/992 | t_u: 57/1984) -> {'max_bond': 64, 'max_links': 4, 'total_elems': 88844, 'total_shapes': 2486, 'total_links': 390, 'num_tensors': 98}
2026-08-26 15:03:53,986 [INFO] [2R/2259](swap: 19, u: 0 | c_u: 0 | t_u_l: 33/992 | t_u_r: 24/992 | t_u: 57/1984) -> {'max_bond': 64, 'max_links': 4, 'total_elems': 118952, 'total_shapes': 2882, 'total_links': 390, 'num_tensors': 98}
2026-08-26 15:03:54,150 [INFO] [3R/2259](swap: 19, u: 0 | c_u: 0 | t_u_l: 33/992 | t_u_r: 24/992 | t_u: 57/1984) -> {'max_bond': 64, 'max_links': 4, 'total_elems': 155480, 'total_shapes': 3394, 'total_links': 390, 'num_tensors': 98}
2026-08-26 15:03:54,387 [INFO] [2L/2594](swap: 19, u: 0 | c_u: 0 | t_u_l: 33/992 | t_u_r: 24/992 | t_u: 57/1984) -> {'max_bond': 128, 'max_links': 4, 'total_elems': 194360, 'total_shapes': 3892, 'total_links': 390, 'num_tensors': 98}
2026-08-26 15:03:54,675 [INFO] [4R/2259](swap: 17, u: 0 | c_u: 0 | t_u_l: 33/992 | t_u_r: 24/992 | t_u: 57/1984) -> {'max_bond': 128, 'max_links': 4, 'total_elems': 362792, 'total_shapes': 4808, 'total_links': 390, 'num_tensors': 98}
2026-08-26 15:03:55,206 [INFO] [5R/2259](swap: 14, u: 0 | c_u: 0 | t_u_l: 33/992 | t_u_r: 24/992 | t_u: 57/1984) -> {'max_bond': 256, 'max_links': 4, 'total_elems': 539048, 'total_shapes': 5772, 'total_links': 390, 'num_tensors': 98}
2026-08-26 15:03:56,107 [INFO] [6R/2259](swap: 11, u: 0 | c_u: 0 | t_u_l: 33/992 | t_u_r: 24/992 | t_u: 57/1984) -> {'max_bond': 256, 'max_links': 4, 'total_elems': 749224, 'total_shapes': 6540, 'total_links': 390, 'num_tensors': 98}
2026-08-26 15:03:57,490 [INFO] [7R/2259](swap: 10, u: 0 | c_u: 0 | t_u_l: 33/992 | t_u_r: 24/992 | t_u: 57/1984) -> {'max_bond': 128, 'max_links': 4, 'total_elems': 734616, 'total_shapes': 6744, 'total_links': 390, 'num_tensors': 98}
2026-08-26 15:03:58,540 [INFO] [8R/2259](swap: 9, u: 0 | c_u: 0 | t_u_l: 33/992 | t_u_r: 24/992 | t_u: 57/1984) -> {'max_bond': 128, 'max_links': 4, 'total_elems': 798344, 'total_shapes': 7108, 'total_links': 390, 'num_tensors': 98}
2026-08-26 15:03:59,644 [INFO] [9R/2259](swap: 8, u: 0 | c_u: 0 | t_u_l: 33/992 | t_u_r: 24/992 | t_u: 57/1984) -> {'max_bond': 128, 'max_links': 4, 'total_elems': 903672, 'total_shapes': 7584, 'total_links': 390, 'num_tensors': 98}
2026-08-26 15:04:00,843 [INFO] [10R/2259](swap: 6, u: 1 | c_u: 1 | t_u_l: 33/992 | t_u_r: 25/992 | t_u: 58/1984) -> {'max_bond': 128, 'max_links': 4, 'total_elems': 937976, 'total_shapes': 7780, 'total_links': 390, 'num_tensors': 98}
2026-08-26 15:04:02,039 [INFO]     [start unswap] -> {'max_bond': 128, 'max_links': 4, 'total_elems': 937976, 'total_shapes': 7780, 'total_links': 390, 'num_tensors': 98}
2026-08-26 15:04:19,927 [INFO]     [0 | both | 0](candidate_pairs: 49/49 | new_swaps: 4 | total: 4) -> {'max_bond': 512, 'max_links': 4, 'total_elems': 1709496, 'total_shapes': 9764, 'total_links': 390, 'num_tensors': 98}
2026-08-26 15:04:26,495 [INFO]     [0 | both | 1](candidate_pairs: 48/48 | new_swaps: 14 | total: 18) -> {'max_bond': 256, 'max_links': 4, 'total_elems': 988760, 'total_shapes': 7672, 'total_links': 390, 'num_tensors': 98}
2026-08-26 15:04:28,870 [INFO]     [0 | left | 0](candidate_pairs: 49/49 | new_swaps: 12 | total: 30) -> {'max_bond': 256, 'max_links': 4, 'total_elems': 864600, 'total_shapes': 7024, 'total_links': 390, 'num_tensors': 98}
2026-08-26 15:04:30,602 [INFO]     [0 | left | 1](candidate_pairs: 48/48 | new_swaps: 18 | total: 48) -> {'max_bond': 128, 'max_links': 4, 'total_elems': 566472, 'total_shapes': 5728, 'total_links': 390, 'num_tensors': 98}
2026-08-26 15:04:31,720 [INFO]     [0 | right | 0](candidate_pairs: 49/49 | new_swaps: 12 | total: 60) -> {'max_bond': 128, 'max_links': 4, 'total_elems': 509852, 'total_shapes': 5184, 'total_links': 390, 'num_tensors': 98}
2026-08-26 15:04:33,029 [INFO]     [0 | right | 1](candidate_pairs: 48/48 | new_swaps: 11 | total: 71) -> {'max_bond': 128, 'max_links': 4, 'total_elems': 416764, 'total_shapes': 4792, 'total_links': 390, 'num_tensors': 98}
2026-08-26 15:04:34,582 [INFO]     [1 | both | 0](candidate_pairs: 49/49 | new_swaps: 15 | total: 15) -> {'max_bond': 128, 'max_links': 4, 'total_elems': 354628, 'total_shapes': 4248, 'total_links': 390, 'num_tensors': 98}
2026-08-26 15:04:36,054 [INFO]     [1 | both | 1](candidate_pairs: 48/48 | new_swaps: 3 | total: 18) -> {'max_bond': 128, 'max_links': 4, 'total_elems': 348484, 'total_shapes': 4152, 'total_links': 390, 'num_tensors': 98}
2026-08-26 15:04:36,723 [INFO]     [1 | left | 0](candidate_pairs: 49/49 | new_swaps: 6 | total: 24) -> {'max_bond': 128, 'max_links': 4, 'total_elems': 342580, 'total_shapes': 4070, 'total_links': 390, 'num_tensors': 98}
2026-08-26 15:04:37,356 [INFO]     [1 | left | 1](candidate_pairs: 48/48 | new_swaps: 8 | total: 32) -> {'max_bond': 128, 'max_links': 4, 'total_elems': 334460, 'total_shapes': 3906, 'total_links': 390, 'num_tensors': 98}
2026-08-26 15:04:38,029 [INFO]     [1 | right | 0](candidate_pairs: 49/49 | new_swaps: 6 | total: 38) -> {'max_bond': 128, 'max_links': 4, 'total_elems': 328460, 'total_shapes': 3782, 'total_links': 390, 'num_tensors': 98}
2026-08-26 15:04:38,659 [INFO]     [1 | right | 1](candidate_pairs: 48/48 | new_swaps: 4 | total: 42) -> {'max_bond': 128, 'max_links': 4, 'total_elems': 312092, 'total_shapes': 3658, 'total_links': 390, 'num_tensors': 98}
2026-08-26 15:04:40,013 [INFO]     [2 | both | 0](candidate_pairs: 49/49 | new_swaps: 3 | total: 3) -> {'max_bond': 128, 'max_links': 4, 'total_elems': 307484, 'total_shapes': 3594, 'total_links': 390, 'num_tensors': 98}
2026-08-26 15:04:41,531 [INFO]     [2 | both | 1](candidate_pairs: 48/48 | new_swaps: 5 | total: 8) -> {'max_bond': 128, 'max_links': 4, 'total_elems': 303196, 'total_shapes': 3522, 'total_links': 390, 'num_tensors': 98}
2026-08-26 15:04:42,161 [INFO]     [2 | left | 0](candidate_pairs: 49/49 | new_swaps: 1 | total: 9) -> {'max_bond': 128, 'max_links': 4, 'total_elems': 303132, 'total_shapes': 3518, 'total_links': 390, 'num_tensors': 98}
2026-08-26 15:04:42,705 [INFO]     [2 | left | 1](candidate_pairs: 48/48 | new_swaps: 0 | total: 9) -> {'max_bond': 128, 'max_links': 4, 'total_elems': 303132, 'total_shapes': 3518, 'total_links': 390, 'num_tensors': 98}
2026-08-26 15:04:43,498 [INFO]     [2 | right | 0](candidate_pairs: 49/49 | new_swaps: 3 | total: 12) -> {'max_bond': 128, 'max_links': 4, 'total_elems': 301932, 'total_shapes': 3482, 'total_links': 390, 'num_tensors': 98}
2026-08-26 15:04:44,002 [INFO]     [2 | right | 1](candidate_pairs: 48/48 | new_swaps: 0 | total: 12) -> {'max_bond': 128, 'max_links': 4, 'total_elems': 301932, 'total_shapes': 3482, 'total_links': 390, 'num_tensors': 98}
2026-08-26 15:04:45,331 [INFO]     [3 | both | 0](candidate_pairs: 49/49 | new_swaps: 3 | total: 3) -> {'max_bond': 128, 'max_links': 4, 'total_elems': 298572, 'total_shapes': 3434, 'total_links': 390, 'num_tensors': 98}
2026-08-26 15:04:46,767 [INFO]     [3 | both | 1](candidate_pairs: 48/48 | new_swaps: 6 | total: 9) -> {'max_bond': 128, 'max_links': 4, 'total_elems': 297180, 'total_shapes': 3382, 'total_links': 390, 'num_tensors': 98}
2026-08-26 15:04:47,367 [INFO]     [3 | left | 0](candidate_pairs: 49/49 | new_swaps: 1 | total: 10) -> {'max_bond': 128, 'max_links': 4, 'total_elems': 296988, 'total_shapes': 3370, 'total_links': 390, 'num_tensors': 98}
2026-08-26 15:04:47,865 [INFO]     [3 | left | 1](candidate_pairs: 48/48 | new_swaps: 0 | total: 10) -> {'max_bond': 128, 'max_links': 4, 'total_elems': 296988, 'total_shapes': 3370, 'total_links': 390, 'num_tensors': 98}
2026-08-26 15:04:48,378 [INFO]     [3 | right | 0](candidate_pairs: 49/49 | new_swaps: 0 | total: 10) -> {'max_bond': 128, 'max_links': 4, 'total_elems': 296988, 'total_shapes': 3370, 'total_links': 390, 'num_tensors': 98}
2026-08-26 15:04:48,862 [INFO]     [3 | right | 1](candidate_pairs: 48/48 | new_swaps: 0 | total: 10) -> {'max_bond': 128, 'max_links': 4, 'total_elems': 296988, 'total_shapes': 3370, 'total_links': 390, 'num_tensors': 98}
2026-08-26 15:04:50,289 [INFO]     [4 | both | 0](candidate_pairs: 49/49 | new_swaps: 5 | total: 5) -> {'max_bond': 128, 'max_links': 4, 'total_elems': 295872, 'total_shapes': 3332, 'total_links': 390, 'num_tensors': 98}
2026-08-26 15:04:51,766 [INFO]     [4 | both | 1](candidate_pairs: 48/48 | new_swaps: 2 | total: 7) -> {'max_bond': 128, 'max_links': 4, 'total_elems': 295008, 'total_shapes': 3308, 'total_links': 390, 'num_tensors': 98}
2026-08-26 15:04:52,292 [INFO]     [4 | left | 0](candidate_pairs: 49/49 | new_swaps: 0 | total: 7) -> {'max_bond': 128, 'max_links': 4, 'total_elems': 295008, 'total_shapes': 3308, 'total_links': 390, 'num_tensors': 98}
2026-08-26 15:04:52,936 [INFO]     [4 | left | 1](candidate_pairs: 48/48 | new_swaps: 1 | total: 8) -> {'max_bond': 128, 'max_links': 4, 'total_elems': 294960, 'total_shapes': 3304, 'total_links': 390, 'num_tensors': 98}
2026-08-26 15:04:53,570 [INFO]     [4 | right | 0](candidate_pairs: 49/49 | new_swaps: 1 | total: 9) -> {'max_bond': 128, 'max_links': 4, 'total_elems': 294912, 'total_shapes': 3300, 'total_links': 390, 'num_tensors': 98}
2026-08-26 15:04:54,090 [INFO]     [4 | right | 1](candidate_pairs: 48/48 | new_swaps: 0 | total: 9) -> {'max_bond': 128, 'max_links': 4, 'total_elems': 294912, 'total_shapes': 3300, 'total_links': 390, 'num_tensors': 98}
2026-08-26 15:04:55,212 [INFO]     [5 | both | 0](candidate_pairs: 49/49 | new_swaps: 0 | total: 0) -> {'max_bond': 128, 'max_links': 4, 'total_elems': 294912, 'total_shapes': 3300, 'total_links': 390, 'num_tensors': 98}
2026-08-26 15:04:56,668 [INFO]     [5 | both | 1](candidate_pairs: 48/48 | new_swaps: 1 | total: 1) -> {'max_bond': 128, 'max_links': 4, 'total_elems': 294864, 'total_shapes': 3294, 'total_links': 390, 'num_tensors': 98}
2026-08-26 15:04:57,196 [INFO]     [5 | left | 0](candidate_pairs: 49/49 | new_swaps: 0 | total: 1) -> {'max_bond': 128, 'max_links': 4, 'total_elems': 294864, 'total_shapes': 3294, 'total_links': 390, 'num_tensors': 98}
2026-08-26 15:04:57,729 [INFO]     [5 | left | 1](candidate_pairs: 48/48 | new_swaps: 0 | total: 1) -> {'max_bond': 128, 'max_links': 4, 'total_elems': 294864, 'total_shapes': 3294, 'total_links': 390, 'num_tensors': 98}
2026-08-26 15:04:58,283 [INFO]     [5 | right | 0](candidate_pairs: 49/49 | new_swaps: 0 | total: 1) -> {'max_bond': 128, 'max_links': 4, 'total_elems': 294864, 'total_shapes': 3294, 'total_links': 390, 'num_tensors': 98}
2026-08-26 15:04:58,812 [INFO]     [5 | right | 1](candidate_pairs: 48/48 | new_swaps: 0 | total: 1) -> {'max_bond': 128, 'max_links': 4, 'total_elems': 294864, 'total_shapes': 3294, 'total_links': 390, 'num_tensors': 98}
2026-08-26 15:04:59,961 [INFO]     [6 | both | 0](candidate_pairs: 49/49 | new_swaps: 0 | total: 0) -> {'max_bond': 128, 'max_links': 4, 'total_elems': 294864, 'total_shapes': 3294, 'total_links': 390, 'num_tensors': 98}
2026-08-26 15:05:01,236 [INFO]     [6 | both | 1](candidate_pairs: 48/48 | new_swaps: 0 | total: 0) -> {'max_bond': 128, 'max_links': 4, 'total_elems': 294864, 'total_shapes': 3294, 'total_links': 390, 'num_tensors': 98}
2026-08-26 15:05:01,779 [INFO]     [6 | left | 0](candidate_pairs: 49/49 | new_swaps: 0 | total: 0) -> {'max_bond': 128, 'max_links': 4, 'total_elems': 294864, 'total_shapes': 3294, 'total_links': 390, 'num_tensors': 98}
2026-08-26 15:05:02,320 [INFO]     [6 | left | 1](candidate_pairs: 48/48 | new_swaps: 0 | total: 0) -> {'max_bond': 128, 'max_links': 4, 'total_elems': 294864, 'total_shapes': 3294, 'total_links': 390, 'num_tensors': 98}
2026-08-26 15:05:02,840 [INFO]     [6 | right | 0](candidate_pairs: 49/49 | new_swaps: 0 | total: 0) -> {'max_bond': 128, 'max_links': 4, 'total_elems': 294864, 'total_shapes': 3294, 'total_links': 390, 'num_tensors': 98}
2026-08-26 15:05:03,324 [INFO]     [6 | right | 1](candidate_pairs: 48/48 | new_swaps: 0 | total: 0) -> {'max_bond': 128, 'max_links': 4, 'total_elems': 294864, 'total_shapes': 3294, 'total_links': 390, 'num_tensors': 98}
2026-08-26 15:05:03,324 [INFO]     [end unswap] -> {'max_bond': 128, 'max_links': 4, 'total_elems': 294864, 'total_shapes': 3294, 'total_links': 390, 'num_tensors': 98}
2026-08-26 15:05:03,382 [INFO] [start rewire](phase=post_unswap, cycle=31, side=left, layers=2594, trials=20, seed=123, parallel=False, route_candidates=2, route_score=lookahead_total)
2026-08-26 15:09:06,286 [INFO] [end rewire](phase=post_unswap, cycle=31, side=left, routed_layers=2621, elapsed_s=242.90)
2026-08-26 15:09:06,287 [INFO] [start rewire](phase=post_unswap, cycle=31, side=right, layers=2251, trials=20, seed=123, parallel=False, route_candidates=2, route_score=lookahead_total)
2026-08-26 15:09:16,542 [INFO] [end rewire](phase=post_unswap, cycle=31, side=right, routed_layers=2168, elapsed_s=10.25)
[Cycle 31] 58/1984 gates (2.9 %) after 2065 sec
2026-08-26 15:09:16,888 [INFO] [1L/2619](swap: 16, u: 0 | c_u: 0 | t_u_l: 33/992 | t_u_r: 25/992 | t_u: 58/1984) -> {'max_bond': 128, 'max_links': 4, 'total_elems': 294864, 'total_shapes': 3294, 'total_links': 390, 'num_tensors': 98}
2026-08-26 15:09:17,212 [INFO] [1R/2166](swap: 13, u: 0 | c_u: 0 | t_u_l: 33/992 | t_u_r: 25/992 | t_u: 58/1984) -> {'max_bond': 128, 'max_links': 4, 'total_elems': 308596, 'total_shapes': 3548, 'total_links': 390, 'num_tensors': 98}
2026-08-26 15:09:17,541 [INFO] [2R/2166](swap: 13, u: 0 | c_u: 0 | t_u_l: 33/992 | t_u_r: 25/992 | t_u: 58/1984) -> {'max_bond': 128, 'max_links': 4, 'total_elems': 342304, 'total_shapes': 3850, 'total_links': 390, 'num_tensors': 98}
2026-08-26 15:09:17,919 [INFO] [3R/2166](swap: 14, u: 0 | c_u: 0 | t_u_l: 33/992 | t_u_r: 25/992 | t_u: 58/1984) -> {'max_bond': 128, 'max_links': 4, 'total_elems': 401448, 'total_shapes': 4290, 'total_links': 390, 'num_tensors': 98}
2026-08-26 15:09:18,354 [INFO] [4R/2166](swap: 13, u: 0 | c_u: 0 | t_u_l: 33/992 | t_u_r: 25/992 | t_u: 58/1984) -> {'max_bond': 128, 'max_links': 4, 'total_elems': 466960, 'total_shapes': 4712, 'total_links': 390, 'num_tensors': 98}
2026-08-26 15:09:18,847 [INFO] [2L/2619](swap: 17, u: 0 | c_u: 0 | t_u_l: 33/992 | t_u_r: 25/992 | t_u: 58/1984) -> {'max_bond': 256, 'max_links': 4, 'total_elems': 609264, 'total_shapes': 5364, 'total_links': 390, 'num_tensors': 98}
2026-08-26 15:09:19,782 [INFO] [5R/2166](swap: 10, u: 1 | c_u: 1 | t_u_l: 33/992 | t_u_r: 26/992 | t_u: 59/1984) -> {'max_bond': 256, 'max_links': 4, 'total_elems': 839808, 'total_shapes': 6036, 'total_links': 390, 'num_tensors': 98}
2026-08-26 15:09:21,135 [INFO]     [start unswap] -> {'max_bond': 256, 'max_links': 4, 'total_elems': 839808, 'total_shapes': 6036, 'total_links': 390, 'num_tensors': 98}
2026-08-26 15:09:31,824 [INFO]     [0 | both | 0](candidate_pairs: 49/49 | new_swaps: 4 | total: 4) -> {'max_bond': 256, 'max_links': 4, 'total_elems': 1172272, 'total_shapes': 6752, 'total_links': 390, 'num_tensors': 98}
2026-08-26 15:09:38,563 [INFO]     [0 | both | 1](candidate_pairs: 48/48 | new_swaps: 11 | total: 15) -> {'max_bond': 128, 'max_links': 4, 'total_elems': 686720, 'total_shapes': 5532, 'total_links': 390, 'num_tensors': 98}
2026-08-26 15:09:40,171 [INFO]     [0 | left | 0](candidate_pairs: 49/49 | new_swaps: 15 | total: 30) -> {'max_bond': 128, 'max_links': 4, 'total_elems': 574976, 'total_shapes': 5056, 'total_links': 390, 'num_tensors': 98}
2026-08-26 15:09:41,566 [INFO]     [0 | left | 1](candidate_pairs: 48/48 | new_swaps: 15 | total: 45) -> {'max_bond': 128, 'max_links': 4, 'total_elems': 474856, 'total_shapes': 4518, 'total_links': 390, 'num_tensors': 98}
2026-08-26 15:09:42,683 [INFO]     [0 | right | 0](candidate_pairs: 49/49 | new_swaps: 8 | total: 53) -> {'max_bond': 128, 'max_links': 4, 'total_elems': 426992, 'total_shapes': 4186, 'total_links': 390, 'num_tensors': 98}
2026-08-26 15:09:43,857 [INFO]     [0 | right | 1](candidate_pairs: 48/48 | new_swaps: 6 | total: 59) -> {'max_bond': 128, 'max_links': 4, 'total_elems': 332016, 'total_shapes': 3898, 'total_links': 390, 'num_tensors': 98}
2026-08-26 15:09:45,140 [INFO]     [1 | both | 0](candidate_pairs: 49/49 | new_swaps: 10 | total: 10) -> {'max_bond': 128, 'max_links': 4, 'total_elems': 328820, 'total_shapes': 3790, 'total_links': 390, 'num_tensors': 98}
2026-08-26 15:09:47,079 [INFO]     [1 | both | 1](candidate_pairs: 48/48 | new_swaps: 5 | total: 15) -> {'max_bond': 128, 'max_links': 4, 'total_elems': 287092, 'total_shapes': 3622, 'total_links': 390, 'num_tensors': 98}
2026-08-26 15:09:47,617 [INFO]     [1 | left | 0](candidate_pairs: 49/49 | new_swaps: 5 | total: 20) -> {'max_bond': 64, 'max_links': 4, 'total_elems': 192812, 'total_shapes': 3168, 'total_links': 390, 'num_tensors': 98}
2026-08-26 15:09:47,933 [INFO]     [1 | left | 1](candidate_pairs: 48/48 | new_swaps: 6 | total: 26) -> {'max_bond': 64, 'max_links': 4, 'total_elems': 179540, 'total_shapes': 3064, 'total_links': 390, 'num_tensors': 98}
2026-08-26 15:09:48,237 [INFO]     [1 | right | 0](candidate_pairs: 49/49 | new_swaps: 1 | total: 27) -> {'max_bond': 64, 'max_links': 4, 'total_elems': 179492, 'total_shapes': 3060, 'total_links': 390, 'num_tensors': 98}
2026-08-26 15:09:48,449 [INFO]     [1 | right | 1](candidate_pairs: 48/48 | new_swaps: 0 | total: 27) -> {'max_bond': 64, 'max_links': 4, 'total_elems': 179492, 'total_shapes': 3060, 'total_links': 390, 'num_tensors': 98}
2026-08-26 15:09:49,166 [INFO]     [2 | both | 0](candidate_pairs: 49/49 | new_swaps: 2 | total: 2) -> {'max_bond': 64, 'max_links': 4, 'total_elems': 171252, 'total_shapes': 2992, 'total_links': 390, 'num_tensors': 98}
2026-08-26 15:09:49,761 [INFO]     [2 | both | 1](candidate_pairs: 48/48 | new_swaps: 3 | total: 5) -> {'max_bond': 64, 'max_links': 4, 'total_elems': 168092, 'total_shapes': 2952, 'total_links': 390, 'num_tensors': 98}
2026-08-26 15:09:50,006 [INFO]     [2 | left | 0](candidate_pairs: 49/49 | new_swaps: 0 | total: 5) -> {'max_bond': 64, 'max_links': 4, 'total_elems': 168092, 'total_shapes': 2952, 'total_links': 390, 'num_tensors': 98}
2026-08-26 15:09:50,204 [INFO]     [2 | left | 1](candidate_pairs: 48/48 | new_swaps: 0 | total: 5) -> {'max_bond': 64, 'max_links': 4, 'total_elems': 168092, 'total_shapes': 2952, 'total_links': 390, 'num_tensors': 98}
2026-08-26 15:09:50,511 [INFO]     [2 | right | 0](candidate_pairs: 49/49 | new_swaps: 1 | total: 6) -> {'max_bond': 64, 'max_links': 4, 'total_elems': 168060, 'total_shapes': 2948, 'total_links': 390, 'num_tensors': 98}
2026-08-26 15:09:50,751 [INFO]     [2 | right | 1](candidate_pairs: 48/48 | new_swaps: 1 | total: 7) -> {'max_bond': 64, 'max_links': 4, 'total_elems': 168012, 'total_shapes': 2944, 'total_links': 390, 'num_tensors': 98}
2026-08-26 15:09:51,453 [INFO]     [3 | both | 0](candidate_pairs: 49/49 | new_swaps: 3 | total: 3) -> {'max_bond': 64, 'max_links': 4, 'total_elems': 164880, 'total_shapes': 2906, 'total_links': 390, 'num_tensors': 98}
2026-08-26 15:09:52,019 [INFO]     [3 | both | 1](candidate_pairs: 48/48 | new_swaps: 1 | total: 4) -> {'max_bond': 64, 'max_links': 4, 'total_elems': 164832, 'total_shapes': 2900, 'total_links': 390, 'num_tensors': 98}
2026-08-26 15:09:52,265 [INFO]     [3 | left | 0](candidate_pairs: 49/49 | new_swaps: 0 | total: 4) -> {'max_bond': 64, 'max_links': 4, 'total_elems': 164832, 'total_shapes': 2900, 'total_links': 390, 'num_tensors': 98}
2026-08-26 15:09:52,460 [INFO]     [3 | left | 1](candidate_pairs: 48/48 | new_swaps: 0 | total: 4) -> {'max_bond': 64, 'max_links': 4, 'total_elems': 164832, 'total_shapes': 2900, 'total_links': 390, 'num_tensors': 98}
2026-08-26 15:09:52,704 [INFO]     [3 | right | 0](candidate_pairs: 49/49 | new_swaps: 0 | total: 4) -> {'max_bond': 64, 'max_links': 4, 'total_elems': 164832, 'total_shapes': 2900, 'total_links': 390, 'num_tensors': 98}
2026-08-26 15:09:52,889 [INFO]     [3 | right | 1](candidate_pairs: 48/48 | new_swaps: 0 | total: 4) -> {'max_bond': 64, 'max_links': 4, 'total_elems': 164832, 'total_shapes': 2900, 'total_links': 390, 'num_tensors': 98}
2026-08-26 15:09:53,471 [INFO]     [4 | both | 0](candidate_pairs: 49/49 | new_swaps: 0 | total: 0) -> {'max_bond': 64, 'max_links': 4, 'total_elems': 164832, 'total_shapes': 2900, 'total_links': 390, 'num_tensors': 98}
2026-08-26 15:09:53,936 [INFO]     [4 | both | 1](candidate_pairs: 48/48 | new_swaps: 0 | total: 0) -> {'max_bond': 64, 'max_links': 4, 'total_elems': 164832, 'total_shapes': 2900, 'total_links': 390, 'num_tensors': 98}
2026-08-26 15:09:54,180 [INFO]     [4 | left | 0](candidate_pairs: 49/49 | new_swaps: 0 | total: 0) -> {'max_bond': 64, 'max_links': 4, 'total_elems': 164832, 'total_shapes': 2900, 'total_links': 390, 'num_tensors': 98}
2026-08-26 15:09:54,376 [INFO]     [4 | left | 1](candidate_pairs: 48/48 | new_swaps: 0 | total: 0) -> {'max_bond': 64, 'max_links': 4, 'total_elems': 164832, 'total_shapes': 2900, 'total_links': 390, 'num_tensors': 98}
2026-08-26 15:09:54,620 [INFO]     [4 | right | 0](candidate_pairs: 49/49 | new_swaps: 0 | total: 0) -> {'max_bond': 64, 'max_links': 4, 'total_elems': 164832, 'total_shapes': 2900, 'total_links': 390, 'num_tensors': 98}
2026-08-26 15:09:54,805 [INFO]     [4 | right | 1](candidate_pairs: 48/48 | new_swaps: 0 | total: 0) -> {'max_bond': 64, 'max_links': 4, 'total_elems': 164832, 'total_shapes': 2900, 'total_links': 390, 'num_tensors': 98}
2026-08-26 15:09:54,806 [INFO]     [end unswap] -> {'max_bond': 64, 'max_links': 4, 'total_elems': 164832, 'total_shapes': 2900, 'total_links': 390, 'num_tensors': 98}
2026-08-26 15:09:54,864 [INFO] [start rewire](phase=post_unswap, cycle=32, side=left, layers=2619, trials=20, seed=123, parallel=False, route_candidates=2, route_score=lookahead_total)
2026-08-26 15:10:43,480 [INFO] [end rewire](phase=post_unswap, cycle=32, side=left, routed_layers=2453, elapsed_s=48.62)
2026-08-26 15:10:43,480 [INFO] [start rewire](phase=post_unswap, cycle=32, side=right, layers=2163, trials=20, seed=123, parallel=False, route_candidates=2, route_score=lookahead_total)
2026-08-26 15:13:40,270 [INFO] [end rewire](phase=post_unswap, cycle=32, side=right, routed_layers=2030, elapsed_s=176.81)
[Cycle 32] 59/1984 gates (3.0 %) after 2329 sec
2026-08-26 15:13:40,526 [INFO] [1L/2451](swap: 17, u: 0 | c_u: 0 | t_u_l: 33/992 | t_u_r: 26/992 | t_u: 59/1984) -> {'max_bond': 64, 'max_links': 4, 'total_elems': 164832, 'total_shapes': 2900, 'total_links': 390, 'num_tensors': 98}
2026-08-26 15:13:40,735 [INFO] [1R/2028](swap: 10, u: 0 | c_u: 0 | t_u_l: 33/992 | t_u_r: 26/992 | t_u: 59/1984) -> {'max_bond': 64, 'max_links': 4, 'total_elems': 185240, 'total_shapes': 3164, 'total_links': 390, 'num_tensors': 98}
2026-08-26 15:13:40,984 [INFO] [2R/2028](swap: 13, u: 0 | c_u: 0 | t_u_l: 33/992 | t_u_r: 26/992 | t_u: 59/1984) -> {'max_bond': 128, 'max_links': 4, 'total_elems': 282992, 'total_shapes': 3736, 'total_links': 390, 'num_tensors': 98}
2026-08-26 15:13:41,423 [INFO] [2L/2451](swap: 17, u: 0 | c_u: 0 | t_u_l: 33/992 | t_u_r: 26/992 | t_u: 59/1984) -> {'max_bond': 256, 'max_links': 4, 'total_elems': 442064, 'total_shapes': 4514, 'total_links': 390, 'num_tensors': 98}
2026-08-26 15:13:42,041 [INFO] [3R/2028](swap: 9, u: 2 | c_u: 2 | t_u_l: 33/992 | t_u_r: 28/992 | t_u: 61/1984) -> {'max_bond': 256, 'max_links': 4, 'total_elems': 716048, 'total_shapes': 5424, 'total_links': 390, 'num_tensors': 98}
2026-08-26 15:13:43,420 [INFO]     [start unswap] -> {'max_bond': 256, 'max_links': 4, 'total_elems': 716048, 'total_shapes': 5424, 'total_links': 390, 'num_tensors': 98}
2026-08-26 15:13:47,718 [INFO]     [0 | both | 0](candidate_pairs: 49/49 | new_swaps: 8 | total: 8) -> {'max_bond': 256, 'max_links': 4, 'total_elems': 800952, 'total_shapes': 5570, 'total_links': 390, 'num_tensors': 98}
2026-08-26 15:13:53,108 [INFO]     [0 | both | 1](candidate_pairs: 48/48 | new_swaps: 7 | total: 15) -> {'max_bond': 256, 'max_links': 4, 'total_elems': 797596, 'total_shapes': 5448, 'total_links': 390, 'num_tensors': 98}
2026-08-26 15:13:54,864 [INFO]     [0 | left | 0](candidate_pairs: 49/49 | new_swaps: 16 | total: 31) -> {'max_bond': 256, 'max_links': 4, 'total_elems': 393620, 'total_shapes': 4288, 'total_links': 390, 'num_tensors': 98}
2026-08-26 15:13:55,524 [INFO]     [0 | left | 1](candidate_pairs: 48/48 | new_swaps: 17 | total: 48) -> {'max_bond': 64, 'max_links': 4, 'total_elems': 215940, 'total_shapes': 3366, 'total_links': 390, 'num_tensors': 98}
2026-08-26 15:13:55,929 [INFO]     [0 | right | 0](candidate_pairs: 49/49 | new_swaps: 4 | total: 52) -> {'max_bond': 64, 'max_links': 4, 'total_elems': 213248, 'total_shapes': 3308, 'total_links': 390, 'num_tensors': 98}
2026-08-26 15:13:56,333 [INFO]     [0 | right | 1](candidate_pairs: 48/48 | new_swaps: 3 | total: 55) -> {'max_bond': 64, 'max_links': 4, 'total_elems': 200196, 'total_shapes': 3226, 'total_links': 390, 'num_tensors': 98}
2026-08-26 15:13:57,114 [INFO]     [1 | both | 0](candidate_pairs: 49/49 | new_swaps: 5 | total: 5) -> {'max_bond': 64, 'max_links': 4, 'total_elems': 183108, 'total_shapes': 3092, 'total_links': 390, 'num_tensors': 98}
2026-08-26 15:13:57,745 [INFO]     [1 | both | 1](candidate_pairs: 48/48 | new_swaps: 2 | total: 7) -> {'max_bond': 64, 'max_links': 4, 'total_elems': 181168, 'total_shapes': 3074, 'total_links': 390, 'num_tensors': 98}
2026-08-26 15:13:58,095 [INFO]     [1 | left | 0](candidate_pairs: 49/49 | new_swaps: 1 | total: 8) -> {'max_bond': 64, 'max_links': 4, 'total_elems': 180136, 'total_shapes': 3062, 'total_links': 390, 'num_tensors': 98}
2026-08-26 15:13:58,384 [INFO]     [1 | left | 1](candidate_pairs: 48/48 | new_swaps: 3 | total: 11) -> {'max_bond': 64, 'max_links': 4, 'total_elems': 168844, 'total_shapes': 2982, 'total_links': 390, 'num_tensors': 98}
2026-08-26 15:13:58,698 [INFO]     [1 | right | 0](candidate_pairs: 49/49 | new_swaps: 2 | total: 13) -> {'max_bond': 64, 'max_links': 4, 'total_elems': 165212, 'total_shapes': 2944, 'total_links': 390, 'num_tensors': 98}
2026-08-26 15:13:58,940 [INFO]     [1 | right | 1](candidate_pairs: 48/48 | new_swaps: 1 | total: 14) -> {'max_bond': 64, 'max_links': 4, 'total_elems': 165164, 'total_shapes': 2940, 'total_links': 390, 'num_tensors': 98}
2026-08-26 15:13:59,629 [INFO]     [2 | both | 0](candidate_pairs: 49/49 | new_swaps: 2 | total: 2) -> {'max_bond': 64, 'max_links': 4, 'total_elems': 165104, 'total_shapes': 2934, 'total_links': 390, 'num_tensors': 98}
2026-08-26 15:14:00,103 [INFO]     [2 | both | 1](candidate_pairs: 48/48 | new_swaps: 0 | total: 2) -> {'max_bond': 64, 'max_links': 4, 'total_elems': 165104, 'total_shapes': 2934, 'total_links': 390, 'num_tensors': 98}
2026-08-26 15:14:00,428 [INFO]     [2 | left | 0](candidate_pairs: 49/49 | new_swaps: 2 | total: 4) -> {'max_bond': 64, 'max_links': 4, 'total_elems': 152784, 'total_shapes': 2834, 'total_links': 390, 'num_tensors': 98}
2026-08-26 15:14:00,608 [INFO]     [2 | left | 1](candidate_pairs: 48/48 | new_swaps: 0 | total: 4) -> {'max_bond': 64, 'max_links': 4, 'total_elems': 152784, 'total_shapes': 2834, 'total_links': 390, 'num_tensors': 98}
2026-08-26 15:14:00,849 [INFO]     [2 | right | 0](candidate_pairs: 49/49 | new_swaps: 0 | total: 4) -> {'max_bond': 64, 'max_links': 4, 'total_elems': 152784, 'total_shapes': 2834, 'total_links': 390, 'num_tensors': 98}
2026-08-26 15:14:01,069 [INFO]     [2 | right | 1](candidate_pairs: 48/48 | new_swaps: 1 | total: 5) -> {'max_bond': 64, 'max_links': 4, 'total_elems': 152736, 'total_shapes': 2828, 'total_links': 390, 'num_tensors': 98}
2026-08-26 15:14:01,635 [INFO]     [3 | both | 0](candidate_pairs: 49/49 | new_swaps: 0 | total: 0) -> {'max_bond': 64, 'max_links': 4, 'total_elems': 152736, 'total_shapes': 2828, 'total_links': 390, 'num_tensors': 98}
2026-08-26 15:14:02,495 [INFO]     [3 | both | 1](candidate_pairs: 48/48 | new_swaps: 1 | total: 1) -> {'max_bond': 64, 'max_links': 4, 'total_elems': 149664, 'total_shapes': 2796, 'total_links': 390, 'num_tensors': 98}
2026-08-26 15:14:02,778 [INFO]     [3 | left | 0](candidate_pairs: 49/49 | new_swaps: 0 | total: 1) -> {'max_bond': 64, 'max_links': 4, 'total_elems': 149664, 'total_shapes': 2796, 'total_links': 390, 'num_tensors': 98}
2026-08-26 15:14:02,977 [INFO]     [3 | left | 1](candidate_pairs: 48/48 | new_swaps: 0 | total: 1) -> {'max_bond': 64, 'max_links': 4, 'total_elems': 149664, 'total_shapes': 2796, 'total_links': 390, 'num_tensors': 98}
2026-08-26 15:14:03,242 [INFO]     [3 | right | 0](candidate_pairs: 49/49 | new_swaps: 0 | total: 1) -> {'max_bond': 64, 'max_links': 4, 'total_elems': 149664, 'total_shapes': 2796, 'total_links': 390, 'num_tensors': 98}
2026-08-26 15:14:03,418 [INFO]     [3 | right | 1](candidate_pairs: 48/48 | new_swaps: 0 | total: 1) -> {'max_bond': 64, 'max_links': 4, 'total_elems': 149664, 'total_shapes': 2796, 'total_links': 390, 'num_tensors': 98}
2026-08-26 15:14:04,100 [INFO]     [4 | both | 0](candidate_pairs: 49/49 | new_swaps: 1 | total: 1) -> {'max_bond': 64, 'max_links': 4, 'total_elems': 148128, 'total_shapes': 2764, 'total_links': 390, 'num_tensors': 98}
2026-08-26 15:14:04,520 [INFO]     [4 | both | 1](candidate_pairs: 48/48 | new_swaps: 0 | total: 1) -> {'max_bond': 64, 'max_links': 4, 'total_elems': 148128, 'total_shapes': 2764, 'total_links': 390, 'num_tensors': 98}
2026-08-26 15:14:04,753 [INFO]     [4 | left | 0](candidate_pairs: 49/49 | new_swaps: 0 | total: 1) -> {'max_bond': 64, 'max_links': 4, 'total_elems': 148128, 'total_shapes': 2764, 'total_links': 390, 'num_tensors': 98}
2026-08-26 15:14:04,936 [INFO]     [4 | left | 1](candidate_pairs: 48/48 | new_swaps: 0 | total: 1) -> {'max_bond': 64, 'max_links': 4, 'total_elems': 148128, 'total_shapes': 2764, 'total_links': 390, 'num_tensors': 98}
2026-08-26 15:14:05,174 [INFO]     [4 | right | 0](candidate_pairs: 49/49 | new_swaps: 0 | total: 1) -> {'max_bond': 64, 'max_links': 4, 'total_elems': 148128, 'total_shapes': 2764, 'total_links': 390, 'num_tensors': 98}
2026-08-26 15:14:05,344 [INFO]     [4 | right | 1](candidate_pairs: 48/48 | new_swaps: 0 | total: 1) -> {'max_bond': 64, 'max_links': 4, 'total_elems': 148128, 'total_shapes': 2764, 'total_links': 390, 'num_tensors': 98}
2026-08-26 15:14:05,907 [INFO]     [5 | both | 0](candidate_pairs: 49/49 | new_swaps: 0 | total: 0) -> {'max_bond': 64, 'max_links': 4, 'total_elems': 148128, 'total_shapes': 2764, 'total_links': 390, 'num_tensors': 98}
2026-08-26 15:14:06,330 [INFO]     [5 | both | 1](candidate_pairs: 48/48 | new_swaps: 0 | total: 0) -> {'max_bond': 64, 'max_links': 4, 'total_elems': 148128, 'total_shapes': 2764, 'total_links': 390, 'num_tensors': 98}
2026-08-26 15:14:06,566 [INFO]     [5 | left | 0](candidate_pairs: 49/49 | new_swaps: 0 | total: 0) -> {'max_bond': 64, 'max_links': 4, 'total_elems': 148128, 'total_shapes': 2764, 'total_links': 390, 'num_tensors': 98}
2026-08-26 15:14:06,745 [INFO]     [5 | left | 1](candidate_pairs: 48/48 | new_swaps: 0 | total: 0) -> {'max_bond': 64, 'max_links': 4, 'total_elems': 148128, 'total_shapes': 2764, 'total_links': 390, 'num_tensors': 98}
2026-08-26 15:14:06,994 [INFO]     [5 | right | 0](candidate_pairs: 49/49 | new_swaps: 0 | total: 0) -> {'max_bond': 64, 'max_links': 4, 'total_elems': 148128, 'total_shapes': 2764, 'total_links': 390, 'num_tensors': 98}
2026-08-26 15:14:07,169 [INFO]     [5 | right | 1](candidate_pairs: 48/48 | new_swaps: 0 | total: 0) -> {'max_bond': 64, 'max_links': 4, 'total_elems': 148128, 'total_shapes': 2764, 'total_links': 390, 'num_tensors': 98}
2026-08-26 15:14:07,169 [INFO]     [end unswap] -> {'max_bond': 64, 'max_links': 4, 'total_elems': 148128, 'total_shapes': 2764, 'total_links': 390, 'num_tensors': 98}
2026-08-26 15:14:07,172 [INFO] [start rewire](phase=post_unswap, cycle=33, side=left, layers=2451, trials=20, seed=123, parallel=False, route_candidates=2, route_score=lookahead_total)
2026-08-26 15:15:05,400 [INFO] [end rewire](phase=post_unswap, cycle=33, side=left, routed_layers=2562, elapsed_s=58.23)
2026-08-26 15:15:05,400 [INFO] [start rewire](phase=post_unswap, cycle=33, side=right, layers=2027, trials=20, seed=123, parallel=False, route_candidates=2, route_score=lookahead_total)
2026-08-26 15:34:42,610 [INFO] [end rewire](phase=post_unswap, cycle=33, side=right, routed_layers=2160, elapsed_s=1177.20)
[Cycle 33] 61/1984 gates (3.1 %) after 3591 sec
2026-08-26 15:34:42,913 [INFO] [1L/2560](swap: 15, u: 0 | c_u: 0 | t_u_l: 33/992 | t_u_r: 28/992 | t_u: 61/1984) -> {'max_bond': 64, 'max_links': 4, 'total_elems': 148128, 'total_shapes': 2764, 'total_links': 390, 'num_tensors': 98}
2026-08-26 15:34:43,138 [INFO] [1R/2158](swap: 14, u: 0 | c_u: 0 | t_u_l: 33/992 | t_u_r: 28/992 | t_u: 61/1984) -> {'max_bond': 128, 'max_links': 4, 'total_elems': 200272, 'total_shapes': 3204, 'total_links': 390, 'num_tensors': 98}
2026-08-26 15:34:43,455 [INFO] [2L/2560](swap: 16, u: 0 | c_u: 0 | t_u_l: 33/992 | t_u_r: 28/992 | t_u: 61/1984) -> {'max_bond': 256, 'max_links': 4, 'total_elems': 362692, 'total_shapes': 4008, 'total_links': 390, 'num_tensors': 98}
2026-08-26 15:34:44,027 [INFO] [2R/2158](swap: 13, u: 1 | c_u: 1 | t_u_l: 33/992 | t_u_r: 29/992 | t_u: 62/1984) -> {'max_bond': 256, 'max_links': 4, 'total_elems': 558500, 'total_shapes': 4828, 'total_links': 390, 'num_tensors': 98}
2026-08-26 15:34:45,124 [INFO]     [start unswap] -> {'max_bond': 256, 'max_links': 4, 'total_elems': 558500, 'total_shapes': 4828, 'total_links': 390, 'num_tensors': 98}
2026-08-26 15:34:51,601 [INFO]     [0 | both | 0](candidate_pairs: 49/49 | new_swaps: 4 | total: 4) -> {'max_bond': 256, 'max_links': 4, 'total_elems': 1033224, 'total_shapes': 5666, 'total_links': 390, 'num_tensors': 98}
2026-08-26 15:35:01,130 [INFO]     [0 | both | 1](candidate_pairs: 48/48 | new_swaps: 5 | total: 9) -> {'max_bond': 256, 'max_links': 4, 'total_elems': 819368, 'total_shapes': 5258, 'total_links': 390, 'num_tensors': 98}
2026-08-26 15:35:03,205 [INFO]     [0 | left | 0](candidate_pairs: 49/49 | new_swaps: 16 | total: 25) -> {'max_bond': 256, 'max_links': 4, 'total_elems': 679828, 'total_shapes': 4544, 'total_links': 390, 'num_tensors': 98}
2026-08-26 15:35:06,231 [INFO]     [0 | left | 1](candidate_pairs: 48/48 | new_swaps: 17 | total: 42) -> {'max_bond': 256, 'max_links': 4, 'total_elems': 555132, 'total_shapes': 4082, 'total_links': 390, 'num_tensors': 98}
2026-08-26 15:35:07,326 [INFO]     [0 | right | 0](candidate_pairs: 49/49 | new_swaps: 5 | total: 47) -> {'max_bond': 256, 'max_links': 4, 'total_elems': 515064, 'total_shapes': 3808, 'total_links': 390, 'num_tensors': 98}
2026-08-26 15:35:08,834 [INFO]     [0 | right | 1](candidate_pairs: 48/48 | new_swaps: 6 | total: 53) -> {'max_bond': 256, 'max_links': 4, 'total_elems': 501752, 'total_shapes': 3684, 'total_links': 390, 'num_tensors': 98}
2026-08-26 15:35:11,610 [INFO]     [1 | both | 0](candidate_pairs: 49/49 | new_swaps: 3 | total: 3) -> {'max_bond': 256, 'max_links': 4, 'total_elems': 494408, 'total_shapes': 3596, 'total_links': 390, 'num_tensors': 98}
2026-08-26 15:35:14,644 [INFO]     [1 | both | 1](candidate_pairs: 48/48 | new_swaps: 2 | total: 5) -> {'max_bond': 256, 'max_links': 4, 'total_elems': 493784, 'total_shapes': 3580, 'total_links': 390, 'num_tensors': 98}
2026-08-26 15:35:15,866 [INFO]     [1 | left | 0](candidate_pairs: 49/49 | new_swaps: 4 | total: 9) -> {'max_bond': 256, 'max_links': 4, 'total_elems': 244640, 'total_shapes': 3146, 'total_links': 390, 'num_tensors': 98}
2026-08-26 15:35:16,341 [INFO]     [1 | left | 1](candidate_pairs: 48/48 | new_swaps: 2 | total: 11) -> {'max_bond': 64, 'max_links': 4, 'total_elems': 146120, 'total_shapes': 2756, 'total_links': 390, 'num_tensors': 98}
2026-08-26 15:35:16,703 [INFO]     [1 | right | 0](candidate_pairs: 49/49 | new_swaps: 3 | total: 14) -> {'max_bond': 64, 'max_links': 4, 'total_elems': 144440, 'total_shapes': 2728, 'total_links': 390, 'num_tensors': 98}
2026-08-26 15:35:16,912 [INFO]     [1 | right | 1](candidate_pairs: 48/48 | new_swaps: 0 | total: 14) -> {'max_bond': 64, 'max_links': 4, 'total_elems': 144440, 'total_shapes': 2728, 'total_links': 390, 'num_tensors': 98}
2026-08-26 15:35:17,573 [INFO]     [2 | both | 0](candidate_pairs: 49/49 | new_swaps: 0 | total: 0) -> {'max_bond': 64, 'max_links': 4, 'total_elems': 144440, 'total_shapes': 2728, 'total_links': 390, 'num_tensors': 98}
2026-08-26 15:35:18,174 [INFO]     [2 | both | 1](candidate_pairs: 48/48 | new_swaps: 2 | total: 2) -> {'max_bond': 64, 'max_links': 4, 'total_elems': 142636, 'total_shapes': 2710, 'total_links': 390, 'num_tensors': 98}
2026-08-26 15:35:18,418 [INFO]     [2 | left | 0](candidate_pairs: 49/49 | new_swaps: 0 | total: 2) -> {'max_bond': 64, 'max_links': 4, 'total_elems': 142636, 'total_shapes': 2710, 'total_links': 390, 'num_tensors': 98}
2026-08-26 15:35:18,607 [INFO]     [2 | left | 1](candidate_pairs: 48/48 | new_swaps: 0 | total: 2) -> {'max_bond': 64, 'max_links': 4, 'total_elems': 142636, 'total_shapes': 2710, 'total_links': 390, 'num_tensors': 98}
2026-08-26 15:35:18,852 [INFO]     [2 | right | 0](candidate_pairs: 49/49 | new_swaps: 0 | total: 2) -> {'max_bond': 64, 'max_links': 4, 'total_elems': 142636, 'total_shapes': 2710, 'total_links': 390, 'num_tensors': 98}
2026-08-26 15:35:19,028 [INFO]     [2 | right | 1](candidate_pairs: 48/48 | new_swaps: 0 | total: 2) -> {'max_bond': 64, 'max_links': 4, 'total_elems': 142636, 'total_shapes': 2710, 'total_links': 390, 'num_tensors': 98}
2026-08-26 15:35:19,715 [INFO]     [3 | both | 0](candidate_pairs: 49/49 | new_swaps: 2 | total: 2) -> {'max_bond': 64, 'max_links': 4, 'total_elems': 140720, 'total_shapes': 2682, 'total_links': 390, 'num_tensors': 98}
2026-08-26 15:35:20,161 [INFO]     [3 | both | 1](candidate_pairs: 48/48 | new_swaps: 0 | total: 2) -> {'max_bond': 64, 'max_links': 4, 'total_elems': 140720, 'total_shapes': 2682, 'total_links': 390, 'num_tensors': 98}
2026-08-26 15:35:20,409 [INFO]     [3 | left | 0](candidate_pairs: 49/49 | new_swaps: 0 | total: 2) -> {'max_bond': 64, 'max_links': 4, 'total_elems': 140720, 'total_shapes': 2682, 'total_links': 390, 'num_tensors': 98}
2026-08-26 15:35:20,594 [INFO]     [3 | left | 1](candidate_pairs: 48/48 | new_swaps: 0 | total: 2) -> {'max_bond': 64, 'max_links': 4, 'total_elems': 140720, 'total_shapes': 2682, 'total_links': 390, 'num_tensors': 98}
2026-08-26 15:35:20,843 [INFO]     [3 | right | 0](candidate_pairs: 49/49 | new_swaps: 0 | total: 2) -> {'max_bond': 64, 'max_links': 4, 'total_elems': 140720, 'total_shapes': 2682, 'total_links': 390, 'num_tensors': 98}
2026-08-26 15:35:21,016 [INFO]     [3 | right | 1](candidate_pairs: 48/48 | new_swaps: 0 | total: 2) -> {'max_bond': 64, 'max_links': 4, 'total_elems': 140720, 'total_shapes': 2682, 'total_links': 390, 'num_tensors': 98}
2026-08-26 15:35:21,588 [INFO]     [4 | both | 0](candidate_pairs: 49/49 | new_swaps: 0 | total: 0) -> {'max_bond': 64, 'max_links': 4, 'total_elems': 140720, 'total_shapes': 2682, 'total_links': 390, 'num_tensors': 98}
2026-08-26 15:35:22,041 [INFO]     [4 | both | 1](candidate_pairs: 48/48 | new_swaps: 0 | total: 0) -> {'max_bond': 64, 'max_links': 4, 'total_elems': 140720, 'total_shapes': 2682, 'total_links': 390, 'num_tensors': 98}
2026-08-26 15:35:22,287 [INFO]     [4 | left | 0](candidate_pairs: 49/49 | new_swaps: 0 | total: 0) -> {'max_bond': 64, 'max_links': 4, 'total_elems': 140720, 'total_shapes': 2682, 'total_links': 390, 'num_tensors': 98}
2026-08-26 15:35:22,474 [INFO]     [4 | left | 1](candidate_pairs: 48/48 | new_swaps: 0 | total: 0) -> {'max_bond': 64, 'max_links': 4, 'total_elems': 140720, 'total_shapes': 2682, 'total_links': 390, 'num_tensors': 98}
2026-08-26 15:35:22,716 [INFO]     [4 | right | 0](candidate_pairs: 49/49 | new_swaps: 0 | total: 0) -> {'max_bond': 64, 'max_links': 4, 'total_elems': 140720, 'total_shapes': 2682, 'total_links': 390, 'num_tensors': 98}
2026-08-26 15:35:22,889 [INFO]     [4 | right | 1](candidate_pairs: 48/48 | new_swaps: 0 | total: 0) -> {'max_bond': 64, 'max_links': 4, 'total_elems': 140720, 'total_shapes': 2682, 'total_links': 390, 'num_tensors': 98}
2026-08-26 15:35:22,890 [INFO]     [end unswap] -> {'max_bond': 64, 'max_links': 4, 'total_elems': 140720, 'total_shapes': 2682, 'total_links': 390, 'num_tensors': 98}
2026-08-26 15:35:22,955 [INFO] [start rewire](phase=post_unswap, cycle=34, side=left, layers=2560, trials=20, seed=123, parallel=False, route_candidates=2, route_score=lookahead_total)
2026-08-26 15:36:14,040 [INFO] [end rewire](phase=post_unswap, cycle=34, side=left, routed_layers=2683, elapsed_s=51.08)
2026-08-26 15:36:14,042 [INFO] [start rewire](phase=post_unswap, cycle=34, side=right, layers=2158, trials=20, seed=123, parallel=False, route_candidates=2, route_score=lookahead_total)
2026-08-26 15:39:16,818 [INFO] [end rewire](phase=post_unswap, cycle=34, side=right, routed_layers=2257, elapsed_s=182.78)
[Cycle 34] 62/1984 gates (3.1 %) after 3865 sec
2026-08-26 15:39:17,108 [INFO] [1L/2681](swap: 16, u: 0 | c_u: 0 | t_u_l: 33/992 | t_u_r: 29/992 | t_u: 62/1984) -> {'max_bond': 64, 'max_links': 4, 'total_elems': 140720, 'total_shapes': 2682, 'total_links': 390, 'num_tensors': 98}
2026-08-26 15:39:17,327 [INFO] [1R/2255](swap: 11, u: 0 | c_u: 0 | t_u_l: 33/992 | t_u_r: 29/992 | t_u: 62/1984) -> {'max_bond': 64, 'max_links': 4, 'total_elems': 156232, 'total_shapes': 2928, 'total_links': 390, 'num_tensors': 98}
2026-08-26 15:39:17,566 [INFO] [2R/2255](swap: 10, u: 0 | c_u: 0 | t_u_l: 33/992 | t_u_r: 29/992 | t_u: 62/1984) -> {'max_bond': 64, 'max_links': 4, 'total_elems': 208044, 'total_shapes': 3320, 'total_links': 390, 'num_tensors': 98}
2026-08-26 15:39:17,904 [INFO] [2L/2681](swap: 16, u: 0 | c_u: 0 | t_u_l: 33/992 | t_u_r: 29/992 | t_u: 62/1984) -> {'max_bond': 256, 'max_links': 4, 'total_elems': 369876, 'total_shapes': 4166, 'total_links': 390, 'num_tensors': 98}
2026-08-26 15:39:18,490 [INFO] [3R/2255](swap: 9, u: 1 | c_u: 1 | t_u_l: 33/992 | t_u_r: 30/992 | t_u: 63/1984) -> {'max_bond': 256, 'max_links': 4, 'total_elems': 575480, 'total_shapes': 5120, 'total_links': 390, 'num_tensors': 98}
2026-08-26 15:39:19,481 [INFO] [3L/2681](swap: 16, u: 0 | c_u: 1 | t_u_l: 33/992 | t_u_r: 30/992 | t_u: 63/1984) -> {'max_bond': 256, 'max_links': 4, 'total_elems': 914744, 'total_shapes': 6096, 'total_links': 390, 'num_tensors': 98}
2026-08-26 15:39:21,663 [INFO]     [start unswap] -> {'max_bond': 256, 'max_links': 4, 'total_elems': 914744, 'total_shapes': 6096, 'total_links': 390, 'num_tensors': 98}
2026-08-26 15:39:43,278 [INFO]     [0 | both | 0](candidate_pairs: 49/49 | new_swaps: 6 | total: 6) -> {'max_bond': 256, 'max_links': 4, 'total_elems': 1220208, 'total_shapes': 6492, 'total_links': 390, 'num_tensors': 98}
2026-08-26 15:39:50,484 [INFO]     [0 | both | 1](candidate_pairs: 48/48 | new_swaps: 7 | total: 13) -> {'max_bond': 256, 'max_links': 4, 'total_elems': 880768, 'total_shapes': 5604, 'total_links': 390, 'num_tensors': 98}
2026-08-26 15:39:53,203 [INFO]     [0 | left | 0](candidate_pairs: 49/49 | new_swaps: 17 | total: 30) -> {'max_bond': 256, 'max_links': 4, 'total_elems': 650768, 'total_shapes': 4722, 'total_links': 390, 'num_tensors': 98}
2026-08-26 15:39:54,979 [INFO]     [0 | left | 1](candidate_pairs: 48/48 | new_swaps: 17 | total: 47) -> {'max_bond': 256, 'max_links': 4, 'total_elems': 528952, 'total_shapes': 4056, 'total_links': 390, 'num_tensors': 98}
2026-08-26 15:39:56,042 [INFO]     [0 | right | 0](candidate_pairs: 49/49 | new_swaps: 6 | total: 53) -> {'max_bond': 256, 'max_links': 4, 'total_elems': 522520, 'total_shapes': 3928, 'total_links': 390, 'num_tensors': 98}
2026-08-26 15:39:57,592 [INFO]     [0 | right | 1](candidate_pairs: 48/48 | new_swaps: 5 | total: 58) -> {'max_bond': 256, 'max_links': 4, 'total_elems': 502984, 'total_shapes': 3728, 'total_links': 390, 'num_tensors': 98}
2026-08-26 15:40:00,749 [INFO]     [1 | both | 0](candidate_pairs: 49/49 | new_swaps: 6 | total: 6) -> {'max_bond': 256, 'max_links': 4, 'total_elems': 336088, 'total_shapes': 3396, 'total_links': 390, 'num_tensors': 98}
2026-08-26 15:40:02,182 [INFO]     [1 | both | 1](candidate_pairs: 48/48 | new_swaps: 3 | total: 9) -> {'max_bond': 128, 'max_links': 4, 'total_elems': 180380, 'total_shapes': 2942, 'total_links': 390, 'num_tensors': 98}
2026-08-26 15:40:02,549 [INFO]     [1 | left | 0](candidate_pairs: 49/49 | new_swaps: 2 | total: 11) -> {'max_bond': 128, 'max_links': 4, 'total_elems': 180068, 'total_shapes': 2924, 'total_links': 390, 'num_tensors': 98}
2026-08-26 15:40:02,854 [INFO]     [1 | left | 1](candidate_pairs: 48/48 | new_swaps: 0 | total: 11) -> {'max_bond': 128, 'max_links': 4, 'total_elems': 180068, 'total_shapes': 2924, 'total_links': 390, 'num_tensors': 98}
2026-08-26 15:40:03,213 [INFO]     [1 | right | 0](candidate_pairs: 49/49 | new_swaps: 3 | total: 14) -> {'max_bond': 128, 'max_links': 4, 'total_elems': 179732, 'total_shapes': 2906, 'total_links': 390, 'num_tensors': 98}
2026-08-26 15:40:03,575 [INFO]     [1 | right | 1](candidate_pairs: 48/48 | new_swaps: 1 | total: 15) -> {'max_bond': 128, 'max_links': 4, 'total_elems': 179684, 'total_shapes': 2900, 'total_links': 390, 'num_tensors': 98}
2026-08-26 15:40:04,418 [INFO]     [2 | both | 0](candidate_pairs: 49/49 | new_swaps: 1 | total: 1) -> {'max_bond': 128, 'max_links': 4, 'total_elems': 179624, 'total_shapes': 2894, 'total_links': 390, 'num_tensors': 98}
2026-08-26 15:40:05,273 [INFO]     [2 | both | 1](candidate_pairs: 48/48 | new_swaps: 1 | total: 2) -> {'max_bond': 128, 'max_links': 4, 'total_elems': 179384, 'total_shapes': 2882, 'total_links': 390, 'num_tensors': 98}
2026-08-26 15:40:05,554 [INFO]     [2 | left | 0](candidate_pairs: 49/49 | new_swaps: 0 | total: 2) -> {'max_bond': 128, 'max_links': 4, 'total_elems': 179384, 'total_shapes': 2882, 'total_links': 390, 'num_tensors': 98}
2026-08-26 15:40:05,926 [INFO]     [2 | left | 1](candidate_pairs: 48/48 | new_swaps: 1 | total: 3) -> {'max_bond': 128, 'max_links': 4, 'total_elems': 179360, 'total_shapes': 2876, 'total_links': 390, 'num_tensors': 98}
2026-08-26 15:40:06,195 [INFO]     [2 | right | 0](candidate_pairs: 49/49 | new_swaps: 0 | total: 3) -> {'max_bond': 128, 'max_links': 4, 'total_elems': 179360, 'total_shapes': 2876, 'total_links': 390, 'num_tensors': 98}
2026-08-26 15:40:06,481 [INFO]     [2 | right | 1](candidate_pairs: 48/48 | new_swaps: 0 | total: 3) -> {'max_bond': 128, 'max_links': 4, 'total_elems': 179360, 'total_shapes': 2876, 'total_links': 390, 'num_tensors': 98}
2026-08-26 15:40:07,175 [INFO]     [3 | both | 0](candidate_pairs: 49/49 | new_swaps: 0 | total: 0) -> {'max_bond': 128, 'max_links': 4, 'total_elems': 179360, 'total_shapes': 2876, 'total_links': 390, 'num_tensors': 98}
2026-08-26 15:40:07,882 [INFO]     [3 | both | 1](candidate_pairs: 48/48 | new_swaps: 0 | total: 0) -> {'max_bond': 128, 'max_links': 4, 'total_elems': 179360, 'total_shapes': 2876, 'total_links': 390, 'num_tensors': 98}
2026-08-26 15:40:08,169 [INFO]     [3 | left | 0](candidate_pairs: 49/49 | new_swaps: 0 | total: 0) -> {'max_bond': 128, 'max_links': 4, 'total_elems': 179360, 'total_shapes': 2876, 'total_links': 390, 'num_tensors': 98}
2026-08-26 15:40:08,475 [INFO]     [3 | left | 1](candidate_pairs: 48/48 | new_swaps: 0 | total: 0) -> {'max_bond': 128, 'max_links': 4, 'total_elems': 179360, 'total_shapes': 2876, 'total_links': 390, 'num_tensors': 98}
2026-08-26 15:40:08,753 [INFO]     [3 | right | 0](candidate_pairs: 49/49 | new_swaps: 0 | total: 0) -> {'max_bond': 128, 'max_links': 4, 'total_elems': 179360, 'total_shapes': 2876, 'total_links': 390, 'num_tensors': 98}
2026-08-26 15:40:09,049 [INFO]     [3 | right | 1](candidate_pairs: 48/48 | new_swaps: 0 | total: 0) -> {'max_bond': 128, 'max_links': 4, 'total_elems': 179360, 'total_shapes': 2876, 'total_links': 390, 'num_tensors': 98}
2026-08-26 15:40:09,050 [INFO]     [end unswap] -> {'max_bond': 128, 'max_links': 4, 'total_elems': 179360, 'total_shapes': 2876, 'total_links': 390, 'num_tensors': 98}
2026-08-26 15:40:09,121 [INFO] [start rewire](phase=post_unswap, cycle=35, side=left, layers=2680, trials=20, seed=123, parallel=False, route_candidates=2, route_score=lookahead_total)
2026-08-26 15:49:28,862 [INFO] [end rewire](phase=post_unswap, cycle=35, side=left, routed_layers=2348, elapsed_s=559.73)
2026-08-26 15:49:28,864 [INFO] [start rewire](phase=post_unswap, cycle=35, side=right, layers=2254, trials=20, seed=123, parallel=False, route_candidates=2, route_score=lookahead_total)
2026-08-26 15:49:46,632 [INFO] [end rewire](phase=post_unswap, cycle=35, side=right, routed_layers=2550, elapsed_s=17.77)
[Cycle 35] 63/1984 gates (3.2 %) after 4495 sec
2026-08-26 15:49:46,928 [INFO] [1L/2346](swap: 15, u: 0 | c_u: 0 | t_u_l: 33/992 | t_u_r: 30/992 | t_u: 63/1984) -> {'max_bond': 128, 'max_links': 4, 'total_elems': 179360, 'total_shapes': 2876, 'total_links': 390, 'num_tensors': 98}
2026-08-26 15:49:47,165 [INFO] [1R/2548](swap: 14, u: 1 | c_u: 1 | t_u_l: 33/992 | t_u_r: 31/992 | t_u: 64/1984) -> {'max_bond': 128, 'max_links': 4, 'total_elems': 226404, 'total_shapes': 3288, 'total_links': 390, 'num_tensors': 98}
2026-08-26 15:49:47,539 [INFO] [2L/2346](swap: 17, u: 0 | c_u: 1 | t_u_l: 33/992 | t_u_r: 31/992 | t_u: 64/1984) -> {'max_bond': 128, 'max_links': 4, 'total_elems': 314732, 'total_shapes': 3816, 'total_links': 390, 'num_tensors': 98}
2026-08-26 15:49:48,133 [INFO] [2R/2548](swap: 14, u: 0 | c_u: 1 | t_u_l: 33/992 | t_u_r: 31/992 | t_u: 64/1984) -> {'max_bond': 256, 'max_links': 4, 'total_elems': 582680, 'total_shapes': 4722, 'total_links': 390, 'num_tensors': 98}
2026-08-26 15:49:49,557 [INFO] [3R/2548](swap: 11, u: 0 | c_u: 1 | t_u_l: 33/992 | t_u_r: 31/992 | t_u: 64/1984) -> {'max_bond': 256, 'max_links': 4, 'total_elems': 785608, 'total_shapes': 5554, 'total_links': 390, 'num_tensors': 98}
2026-08-26 15:49:50,956 [INFO] [4R/2548](swap: 11, u: 0 | c_u: 1 | t_u_l: 33/992 | t_u_r: 31/992 | t_u: 64/1984) -> {'max_bond': 256, 'max_links': 4, 'total_elems': 992056, 'total_shapes': 6374, 'total_links': 390, 'num_tensors': 98}
2026-08-26 15:49:52,783 [INFO]     [start unswap] -> {'max_bond': 256, 'max_links': 4, 'total_elems': 992056, 'total_shapes': 6374, 'total_links': 390, 'num_tensors': 98}
2026-08-26 15:50:03,593 [INFO]     [0 | both | 0](candidate_pairs: 49/49 | new_swaps: 3 | total: 3) -> {'max_bond': 256, 'max_links': 4, 'total_elems': 1564592, 'total_shapes': 7374, 'total_links': 390, 'num_tensors': 98}
2026-08-26 15:50:20,456 [INFO]     [0 | both | 1](candidate_pairs: 48/48 | new_swaps: 10 | total: 13) -> {'max_bond': 256, 'max_links': 4, 'total_elems': 1434608, 'total_shapes': 6638, 'total_links': 390, 'num_tensors': 98}
2026-08-26 15:50:28,302 [INFO]     [0 | left | 0](candidate_pairs: 49/49 | new_swaps: 19 | total: 32) -> {'max_bond': 256, 'max_links': 4, 'total_elems': 594120, 'total_shapes': 4950, 'total_links': 390, 'num_tensors': 98}
2026-08-26 15:50:29,559 [INFO]     [0 | left | 1](candidate_pairs: 48/48 | new_swaps: 14 | total: 46) -> {'max_bond': 128, 'max_links': 4, 'total_elems': 279128, 'total_shapes': 3700, 'total_links': 390, 'num_tensors': 98}
2026-08-26 15:50:30,092 [INFO]     [0 | right | 0](candidate_pairs: 49/49 | new_swaps: 8 | total: 54) -> {'max_bond': 128, 'max_links': 4, 'total_elems': 260776, 'total_shapes': 3440, 'total_links': 390, 'num_tensors': 98}
2026-08-26 15:50:30,567 [INFO]     [0 | right | 1](candidate_pairs: 48/48 | new_swaps: 7 | total: 61) -> {'max_bond': 128, 'max_links': 4, 'total_elems': 257304, 'total_shapes': 3350, 'total_links': 390, 'num_tensors': 98}
2026-08-26 15:50:31,819 [INFO]     [1 | both | 0](candidate_pairs: 49/49 | new_swaps: 8 | total: 8) -> {'max_bond': 128, 'max_links': 4, 'total_elems': 203196, 'total_shapes': 3136, 'total_links': 390, 'num_tensors': 98}
2026-08-26 15:50:32,645 [INFO]     [1 | both | 1](candidate_pairs: 48/48 | new_swaps: 5 | total: 13) -> {'max_bond': 64, 'max_links': 4, 'total_elems': 168796, 'total_shapes': 2968, 'total_links': 390, 'num_tensors': 98}
2026-08-26 15:50:32,964 [INFO]     [1 | left | 0](candidate_pairs: 49/49 | new_swaps: 4 | total: 17) -> {'max_bond': 64, 'max_links': 4, 'total_elems': 162388, 'total_shapes': 2888, 'total_links': 390, 'num_tensors': 98}
2026-08-26 15:50:33,239 [INFO]     [1 | left | 1](candidate_pairs: 48/48 | new_swaps: 3 | total: 20) -> {'max_bond': 64, 'max_links': 4, 'total_elems': 161996, 'total_shapes': 2862, 'total_links': 390, 'num_tensors': 98}
2026-08-26 15:50:33,537 [INFO]     [1 | right | 0](candidate_pairs: 49/49 | new_swaps: 2 | total: 22) -> {'max_bond': 64, 'max_links': 4, 'total_elems': 161916, 'total_shapes': 2852, 'total_links': 390, 'num_tensors': 98}
2026-08-26 15:50:33,802 [INFO]     [1 | right | 1](candidate_pairs: 48/48 | new_swaps: 1 | total: 23) -> {'max_bond': 64, 'max_links': 4, 'total_elems': 161868, 'total_shapes': 2846, 'total_links': 390, 'num_tensors': 98}
2026-08-26 15:50:34,537 [INFO]     [2 | both | 0](candidate_pairs: 49/49 | new_swaps: 3 | total: 3) -> {'max_bond': 64, 'max_links': 4, 'total_elems': 161040, 'total_shapes': 2824, 'total_links': 390, 'num_tensors': 98}
2026-08-26 15:50:35,106 [INFO]     [2 | both | 1](candidate_pairs: 48/48 | new_swaps: 1 | total: 4) -> {'max_bond': 64, 'max_links': 4, 'total_elems': 157968, 'total_shapes': 2792, 'total_links': 390, 'num_tensors': 98}
2026-08-26 15:50:35,397 [INFO]     [2 | left | 0](candidate_pairs: 49/49 | new_swaps: 1 | total: 5) -> {'max_bond': 64, 'max_links': 4, 'total_elems': 157808, 'total_shapes': 2784, 'total_links': 390, 'num_tensors': 98}
2026-08-26 15:50:35,603 [INFO]     [2 | left | 1](candidate_pairs: 48/48 | new_swaps: 0 | total: 5) -> {'max_bond': 64, 'max_links': 4, 'total_elems': 157808, 'total_shapes': 2784, 'total_links': 390, 'num_tensors': 98}
2026-08-26 15:50:35,830 [INFO]     [2 | right | 0](candidate_pairs: 49/49 | new_swaps: 0 | total: 5) -> {'max_bond': 64, 'max_links': 4, 'total_elems': 157808, 'total_shapes': 2784, 'total_links': 390, 'num_tensors': 98}
2026-08-26 15:50:36,048 [INFO]     [2 | right | 1](candidate_pairs: 48/48 | new_swaps: 0 | total: 5) -> {'max_bond': 64, 'max_links': 4, 'total_elems': 157808, 'total_shapes': 2784, 'total_links': 390, 'num_tensors': 98}
2026-08-26 15:50:36,665 [INFO]     [3 | both | 0](candidate_pairs: 49/49 | new_swaps: 0 | total: 0) -> {'max_bond': 64, 'max_links': 4, 'total_elems': 157808, 'total_shapes': 2784, 'total_links': 390, 'num_tensors': 98}
2026-08-26 15:50:37,122 [INFO]     [3 | both | 1](candidate_pairs: 48/48 | new_swaps: 0 | total: 0) -> {'max_bond': 64, 'max_links': 4, 'total_elems': 157808, 'total_shapes': 2784, 'total_links': 390, 'num_tensors': 98}
2026-08-26 15:50:37,364 [INFO]     [3 | left | 0](candidate_pairs: 49/49 | new_swaps: 0 | total: 0) -> {'max_bond': 64, 'max_links': 4, 'total_elems': 157808, 'total_shapes': 2784, 'total_links': 390, 'num_tensors': 98}
2026-08-26 15:50:37,571 [INFO]     [3 | left | 1](candidate_pairs: 48/48 | new_swaps: 0 | total: 0) -> {'max_bond': 64, 'max_links': 4, 'total_elems': 157808, 'total_shapes': 2784, 'total_links': 390, 'num_tensors': 98}
2026-08-26 15:50:37,801 [INFO]     [3 | right | 0](candidate_pairs: 49/49 | new_swaps: 0 | total: 0) -> {'max_bond': 64, 'max_links': 4, 'total_elems': 157808, 'total_shapes': 2784, 'total_links': 390, 'num_tensors': 98}
2026-08-26 15:50:38,013 [INFO]     [3 | right | 1](candidate_pairs: 48/48 | new_swaps: 0 | total: 0) -> {'max_bond': 64, 'max_links': 4, 'total_elems': 157808, 'total_shapes': 2784, 'total_links': 390, 'num_tensors': 98}
2026-08-26 15:50:38,014 [INFO]     [end unswap] -> {'max_bond': 64, 'max_links': 4, 'total_elems': 157808, 'total_shapes': 2784, 'total_links': 390, 'num_tensors': 98}
2026-08-26 15:50:38,079 [INFO] [start rewire](phase=post_unswap, cycle=36, side=left, layers=2346, trials=20, seed=123, parallel=False, route_candidates=2, route_score=lookahead_total)
2026-08-26 15:51:12,660 [INFO] [end rewire](phase=post_unswap, cycle=36, side=left, routed_layers=2395, elapsed_s=34.58)
2026-08-26 15:51:12,662 [INFO] [start rewire](phase=post_unswap, cycle=36, side=right, layers=2546, trials=20, seed=123, parallel=False, route_candidates=2, route_score=lookahead_total)
2026-08-26 16:02:46,074 [INFO] [end rewire](phase=post_unswap, cycle=36, side=right, routed_layers=1836, elapsed_s=693.41)
[Cycle 36] 64/1984 gates (3.2 %) after 5275 sec
2026-08-26 16:02:46,424 [INFO] [1L/2393](swap: 16, u: 0 | c_u: 0 | t_u_l: 33/992 | t_u_r: 31/992 | t_u: 64/1984) -> {'max_bond': 64, 'max_links': 4, 'total_elems': 157808, 'total_shapes': 2784, 'total_links': 390, 'num_tensors': 98}
2026-08-26 16:02:46,663 [INFO] [2L/2393](swap: 18, u: 0 | c_u: 0 | t_u_l: 33/992 | t_u_r: 31/992 | t_u: 64/1984) -> {'max_bond': 128, 'max_links': 4, 'total_elems': 195440, 'total_shapes': 3252, 'total_links': 390, 'num_tensors': 98}
2026-08-26 16:02:46,977 [INFO] [1R/1834](swap: 17, u: 0 | c_u: 0 | t_u_l: 33/992 | t_u_r: 31/992 | t_u: 64/1984) -> {'max_bond': 128, 'max_links': 4, 'total_elems': 258488, 'total_shapes': 3720, 'total_links': 390, 'num_tensors': 98}
2026-08-26 16:02:47,411 [INFO] [3L/2393](swap: 17, u: 0 | c_u: 0 | t_u_l: 33/992 | t_u_r: 31/992 | t_u: 64/1984) -> {'max_bond': 256, 'max_links': 4, 'total_elems': 537456, 'total_shapes': 4850, 'total_links': 390, 'num_tensors': 98}
2026-08-26 16:02:48,494 [INFO] [2R/1834](swap: 17, u: 0 | c_u: 0 | t_u_l: 33/992 | t_u_r: 31/992 | t_u: 64/1984) -> {'max_bond': 256, 'max_links': 4, 'total_elems': 867872, 'total_shapes': 6148, 'total_links': 390, 'num_tensors': 98}
2026-08-26 16:02:50,595 [INFO]     [start unswap] -> {'max_bond': 256, 'max_links': 4, 'total_elems': 867872, 'total_shapes': 6148, 'total_links': 390, 'num_tensors': 98}
2026-08-26 16:03:05,421 [INFO]     [0 | both | 0](candidate_pairs: 49/49 | new_swaps: 7 | total: 7) -> {'max_bond': 512, 'max_links': 4, 'total_elems': 1389568, 'total_shapes': 7048, 'total_links': 390, 'num_tensors': 98}
2026-08-26 16:03:12,832 [INFO]     [0 | both | 1](candidate_pairs: 48/48 | new_swaps: 13 | total: 20) -> {'max_bond': 256, 'max_links': 4, 'total_elems': 805792, 'total_shapes': 5428, 'total_links': 390, 'num_tensors': 98}
2026-08-26 16:03:15,849 [INFO]     [0 | left | 0](candidate_pairs: 49/49 | new_swaps: 14 | total: 34) -> {'max_bond': 256, 'max_links': 4, 'total_elems': 611256, 'total_shapes': 4748, 'total_links': 390, 'num_tensors': 98}
2026-08-26 16:03:17,163 [INFO]     [0 | left | 1](candidate_pairs: 48/48 | new_swaps: 17 | total: 51) -> {'max_bond': 256, 'max_links': 4, 'total_elems': 312616, 'total_shapes': 3876, 'total_links': 390, 'num_tensors': 98}
2026-08-26 16:03:17,677 [INFO]     [0 | right | 0](candidate_pairs: 49/49 | new_swaps: 6 | total: 57) -> {'max_bond': 256, 'max_links': 4, 'total_elems': 303976, 'total_shapes': 3746, 'total_links': 390, 'num_tensors': 98}
2026-08-26 16:03:18,424 [INFO]     [0 | right | 1](candidate_pairs: 48/48 | new_swaps: 6 | total: 63) -> {'max_bond': 256, 'max_links': 4, 'total_elems': 297352, 'total_shapes': 3624, 'total_links': 390, 'num_tensors': 98}
2026-08-26 16:03:19,524 [INFO]     [1 | both | 0](candidate_pairs: 49/49 | new_swaps: 8 | total: 8) -> {'max_bond': 64, 'max_links': 4, 'total_elems': 193736, 'total_shapes': 3144, 'total_links': 390, 'num_tensors': 98}
2026-08-26 16:03:20,281 [INFO]     [1 | both | 1](candidate_pairs: 48/48 | new_swaps: 6 | total: 14) -> {'max_bond': 64, 'max_links': 4, 'total_elems': 180284, 'total_shapes': 3028, 'total_links': 390, 'num_tensors': 98}
2026-08-26 16:03:20,627 [INFO]     [1 | left | 0](candidate_pairs: 49/49 | new_swaps: 6 | total: 20) -> {'max_bond': 64, 'max_links': 4, 'total_elems': 177648, 'total_shapes': 2942, 'total_links': 390, 'num_tensors': 98}
2026-08-26 16:03:20,970 [INFO]     [1 | left | 1](candidate_pairs: 48/48 | new_swaps: 4 | total: 24) -> {'max_bond': 64, 'max_links': 4, 'total_elems': 175128, 'total_shapes': 2890, 'total_links': 390, 'num_tensors': 98}
2026-08-26 16:03:21,289 [INFO]     [1 | right | 0](candidate_pairs: 49/49 | new_swaps: 3 | total: 27) -> {'max_bond': 64, 'max_links': 4, 'total_elems': 174840, 'total_shapes': 2866, 'total_links': 390, 'num_tensors': 98}
2026-08-26 16:03:21,552 [INFO]     [1 | right | 1](candidate_pairs: 48/48 | new_swaps: 0 | total: 27) -> {'max_bond': 64, 'max_links': 4, 'total_elems': 174840, 'total_shapes': 2866, 'total_links': 390, 'num_tensors': 98}
2026-08-26 16:03:22,310 [INFO]     [2 | both | 0](candidate_pairs: 49/49 | new_swaps: 1 | total: 1) -> {'max_bond': 64, 'max_links': 4, 'total_elems': 174072, 'total_shapes': 2850, 'total_links': 390, 'num_tensors': 98}
2026-08-26 16:03:23,008 [INFO]     [2 | both | 1](candidate_pairs: 48/48 | new_swaps: 2 | total: 3) -> {'max_bond': 64, 'max_links': 4, 'total_elems': 173868, 'total_shapes': 2840, 'total_links': 390, 'num_tensors': 98}
2026-08-26 16:03:23,343 [INFO]     [2 | left | 0](candidate_pairs: 49/49 | new_swaps: 1 | total: 4) -> {'max_bond': 64, 'max_links': 4, 'total_elems': 173820, 'total_shapes': 2834, 'total_links': 390, 'num_tensors': 98}
2026-08-26 16:03:23,592 [INFO]     [2 | left | 1](candidate_pairs: 48/48 | new_swaps: 0 | total: 4) -> {'max_bond': 64, 'max_links': 4, 'total_elems': 173820, 'total_shapes': 2834, 'total_links': 390, 'num_tensors': 98}
2026-08-26 16:03:23,891 [INFO]     [2 | right | 0](candidate_pairs: 49/49 | new_swaps: 1 | total: 5) -> {'max_bond': 64, 'max_links': 4, 'total_elems': 173692, 'total_shapes': 2826, 'total_links': 390, 'num_tensors': 98}
2026-08-26 16:03:24,161 [INFO]     [2 | right | 1](candidate_pairs: 48/48 | new_swaps: 0 | total: 5) -> {'max_bond': 64, 'max_links': 4, 'total_elems': 173692, 'total_shapes': 2826, 'total_links': 390, 'num_tensors': 98}
2026-08-26 16:03:24,916 [INFO]     [3 | both | 0](candidate_pairs: 49/49 | new_swaps: 1 | total: 1) -> {'max_bond': 64, 'max_links': 4, 'total_elems': 173680, 'total_shapes': 2824, 'total_links': 390, 'num_tensors': 98}
2026-08-26 16:03:25,455 [INFO]     [3 | both | 1](candidate_pairs: 48/48 | new_swaps: 0 | total: 1) -> {'max_bond': 64, 'max_links': 4, 'total_elems': 173680, 'total_shapes': 2824, 'total_links': 390, 'num_tensors': 98}
2026-08-26 16:03:25,770 [INFO]     [3 | left | 0](candidate_pairs: 49/49 | new_swaps: 1 | total: 2) -> {'max_bond': 64, 'max_links': 4, 'total_elems': 173616, 'total_shapes': 2820, 'total_links': 390, 'num_tensors': 98}
2026-08-26 16:03:26,031 [INFO]     [3 | left | 1](candidate_pairs: 48/48 | new_swaps: 0 | total: 2) -> {'max_bond': 64, 'max_links': 4, 'total_elems': 173616, 'total_shapes': 2820, 'total_links': 390, 'num_tensors': 98}
2026-08-26 16:03:26,274 [INFO]     [3 | right | 0](candidate_pairs: 49/49 | new_swaps: 0 | total: 2) -> {'max_bond': 64, 'max_links': 4, 'total_elems': 173616, 'total_shapes': 2820, 'total_links': 390, 'num_tensors': 98}
2026-08-26 16:03:26,551 [INFO]     [3 | right | 1](candidate_pairs: 48/48 | new_swaps: 0 | total: 2) -> {'max_bond': 64, 'max_links': 4, 'total_elems': 173616, 'total_shapes': 2820, 'total_links': 390, 'num_tensors': 98}
2026-08-26 16:03:27,190 [INFO]     [4 | both | 0](candidate_pairs: 49/49 | new_swaps: 0 | total: 0) -> {'max_bond': 64, 'max_links': 4, 'total_elems': 173616, 'total_shapes': 2820, 'total_links': 390, 'num_tensors': 98}
2026-08-26 16:03:27,729 [INFO]     [4 | both | 1](candidate_pairs: 48/48 | new_swaps: 0 | total: 0) -> {'max_bond': 64, 'max_links': 4, 'total_elems': 173616, 'total_shapes': 2820, 'total_links': 390, 'num_tensors': 98}
2026-08-26 16:03:27,984 [INFO]     [4 | left | 0](candidate_pairs: 49/49 | new_swaps: 0 | total: 0) -> {'max_bond': 64, 'max_links': 4, 'total_elems': 173616, 'total_shapes': 2820, 'total_links': 390, 'num_tensors': 98}
2026-08-26 16:03:28,236 [INFO]     [4 | left | 1](candidate_pairs: 48/48 | new_swaps: 0 | total: 0) -> {'max_bond': 64, 'max_links': 4, 'total_elems': 173616, 'total_shapes': 2820, 'total_links': 390, 'num_tensors': 98}
2026-08-26 16:03:28,481 [INFO]     [4 | right | 0](candidate_pairs: 49/49 | new_swaps: 0 | total: 0) -> {'max_bond': 64, 'max_links': 4, 'total_elems': 173616, 'total_shapes': 2820, 'total_links': 390, 'num_tensors': 98}
2026-08-26 16:03:28,750 [INFO]     [4 | right | 1](candidate_pairs: 48/48 | new_swaps: 0 | total: 0) -> {'max_bond': 64, 'max_links': 4, 'total_elems': 173616, 'total_shapes': 2820, 'total_links': 390, 'num_tensors': 98}
2026-08-26 16:03:28,751 [INFO]     [end unswap] -> {'max_bond': 64, 'max_links': 4, 'total_elems': 173616, 'total_shapes': 2820, 'total_links': 390, 'num_tensors': 98}
2026-08-26 16:03:28,818 [INFO] [start rewire](phase=post_unswap, cycle=37, side=left, layers=2392, trials=20, seed=123, parallel=False, route_candidates=2, route_score=lookahead_total)
2026-08-26 16:04:05,321 [INFO] [end rewire](phase=post_unswap, cycle=37, side=left, routed_layers=2667, elapsed_s=36.50)
2026-08-26 16:04:05,322 [INFO] [start rewire](phase=post_unswap, cycle=37, side=right, layers=1834, trials=20, seed=123, parallel=False, route_candidates=2, route_score=lookahead_total)
2026-08-26 16:07:21,428 [INFO] [end rewire](phase=post_unswap, cycle=37, side=right, routed_layers=2257, elapsed_s=196.11)
[Cycle 37] 64/1984 gates (3.2 %) after 5550 sec
2026-08-26 16:07:21,780 [INFO] [1L/2665](swap: 17, u: 0 | c_u: 0 | t_u_l: 33/992 | t_u_r: 31/992 | t_u: 64/1984) -> {'max_bond': 64, 'max_links': 4, 'total_elems': 173616, 'total_shapes': 2820, 'total_links': 390, 'num_tensors': 98}
2026-08-26 16:07:22,089 [INFO] [2L/2665](swap: 19, u: 0 | c_u: 0 | t_u_l: 33/992 | t_u_r: 31/992 | t_u: 64/1984) -> {'max_bond': 256, 'max_links': 4, 'total_elems': 322132, 'total_shapes': 3594, 'total_links': 390, 'num_tensors': 98}
2026-08-26 16:07:22,632 [INFO] [1R/2255](swap: 19, u: 0 | c_u: 0 | t_u_l: 33/992 | t_u_r: 31/992 | t_u: 64/1984) -> {'max_bond': 256, 'max_links': 4, 'total_elems': 525184, 'total_shapes': 4488, 'total_links': 390, 'num_tensors': 98}
2026-08-26 16:07:23,631 [INFO] [3L/2665](swap: 20, u: 0 | c_u: 0 | t_u_l: 33/992 | t_u_r: 31/992 | t_u: 64/1984) -> {'max_bond': 256, 'max_links': 4, 'total_elems': 867416, 'total_shapes': 5502, 'total_links': 390, 'num_tensors': 98}
2026-08-26 16:07:25,745 [INFO]     [start unswap] -> {'max_bond': 256, 'max_links': 4, 'total_elems': 867416, 'total_shapes': 5502, 'total_links': 390, 'num_tensors': 98}
2026-08-26 16:07:45,212 [INFO]     [0 | both | 0](candidate_pairs: 49/49 | new_swaps: 4 | total: 4) -> {'max_bond': 256, 'max_links': 4, 'total_elems': 1367456, 'total_shapes': 6620, 'total_links': 390, 'num_tensors': 98}
2026-08-26 16:07:53,540 [INFO]     [0 | both | 1](candidate_pairs: 48/48 | new_swaps: 13 | total: 17) -> {'max_bond': 256, 'max_links': 4, 'total_elems': 880160, 'total_shapes': 5384, 'total_links': 390, 'num_tensors': 98}
2026-08-26 16:07:56,966 [INFO]     [0 | left | 0](candidate_pairs: 49/49 | new_swaps: 18 | total: 35) -> {'max_bond': 256, 'max_links': 4, 'total_elems': 577904, 'total_shapes': 4344, 'total_links': 390, 'num_tensors': 98}
2026-08-26 16:07:58,183 [INFO]     [0 | left | 1](candidate_pairs: 48/48 | new_swaps: 19 | total: 54) -> {'max_bond': 256, 'max_links': 4, 'total_elems': 363172, 'total_shapes': 3596, 'total_links': 390, 'num_tensors': 98}
2026-08-26 16:07:58,954 [INFO]     [0 | right | 0](candidate_pairs: 49/49 | new_swaps: 4 | total: 58) -> {'max_bond': 256, 'max_links': 4, 'total_elems': 362156, 'total_shapes': 3554, 'total_links': 390, 'num_tensors': 98}
2026-08-26 16:07:59,667 [INFO]     [0 | right | 1](candidate_pairs: 48/48 | new_swaps: 3 | total: 61) -> {'max_bond': 256, 'max_links': 4, 'total_elems': 361276, 'total_shapes': 3528, 'total_links': 390, 'num_tensors': 98}
2026-08-26 16:08:01,389 [INFO]     [1 | both | 0](candidate_pairs: 49/49 | new_swaps: 6 | total: 6) -> {'max_bond': 128, 'max_links': 4, 'total_elems': 211588, 'total_shapes': 3080, 'total_links': 390, 'num_tensors': 98}
2026-08-26 16:08:02,107 [INFO]     [1 | both | 1](candidate_pairs: 48/48 | new_swaps: 3 | total: 9) -> {'max_bond': 128, 'max_links': 4, 'total_elems': 190868, 'total_shapes': 2940, 'total_links': 390, 'num_tensors': 98}
2026-08-26 16:08:02,556 [INFO]     [1 | left | 0](candidate_pairs: 49/49 | new_swaps: 3 | total: 12) -> {'max_bond': 128, 'max_links': 4, 'total_elems': 190720, 'total_shapes': 2926, 'total_links': 390, 'num_tensors': 98}
2026-08-26 16:08:02,924 [INFO]     [1 | left | 1](candidate_pairs: 48/48 | new_swaps: 3 | total: 15) -> {'max_bond': 64, 'max_links': 4, 'total_elems': 157520, 'total_shapes': 2780, 'total_links': 390, 'num_tensors': 98}
2026-08-26 16:08:03,207 [INFO]     [1 | right | 0](candidate_pairs: 49/49 | new_swaps: 3 | total: 18) -> {'max_bond': 64, 'max_links': 4, 'total_elems': 157232, 'total_shapes': 2756, 'total_links': 390, 'num_tensors': 98}
2026-08-26 16:08:03,426 [INFO]     [1 | right | 1](candidate_pairs: 48/48 | new_swaps: 0 | total: 18) -> {'max_bond': 64, 'max_links': 4, 'total_elems': 157232, 'total_shapes': 2756, 'total_links': 390, 'num_tensors': 98}
2026-08-26 16:08:04,048 [INFO]     [2 | both | 0](candidate_pairs: 49/49 | new_swaps: 0 | total: 0) -> {'max_bond': 64, 'max_links': 4, 'total_elems': 157232, 'total_shapes': 2756, 'total_links': 390, 'num_tensors': 98}
2026-08-26 16:08:04,643 [INFO]     [2 | both | 1](candidate_pairs: 48/48 | new_swaps: 1 | total: 1) -> {'max_bond': 64, 'max_links': 4, 'total_elems': 157184, 'total_shapes': 2752, 'total_links': 390, 'num_tensors': 98}
2026-08-26 16:08:04,895 [INFO]     [2 | left | 0](candidate_pairs: 49/49 | new_swaps: 0 | total: 1) -> {'max_bond': 64, 'max_links': 4, 'total_elems': 157184, 'total_shapes': 2752, 'total_links': 390, 'num_tensors': 98}
2026-08-26 16:08:05,107 [INFO]     [2 | left | 1](candidate_pairs: 48/48 | new_swaps: 0 | total: 1) -> {'max_bond': 64, 'max_links': 4, 'total_elems': 157184, 'total_shapes': 2752, 'total_links': 390, 'num_tensors': 98}
2026-08-26 16:08:05,340 [INFO]     [2 | right | 0](candidate_pairs: 49/49 | new_swaps: 0 | total: 1) -> {'max_bond': 64, 'max_links': 4, 'total_elems': 157184, 'total_shapes': 2752, 'total_links': 390, 'num_tensors': 98}
2026-08-26 16:08:05,555 [INFO]     [2 | right | 1](candidate_pairs: 48/48 | new_swaps: 0 | total: 1) -> {'max_bond': 64, 'max_links': 4, 'total_elems': 157184, 'total_shapes': 2752, 'total_links': 390, 'num_tensors': 98}
2026-08-26 16:08:06,183 [INFO]     [3 | both | 0](candidate_pairs: 49/49 | new_swaps: 0 | total: 0) -> {'max_bond': 64, 'max_links': 4, 'total_elems': 157184, 'total_shapes': 2752, 'total_links': 390, 'num_tensors': 98}
2026-08-26 16:08:06,686 [INFO]     [3 | both | 1](candidate_pairs: 48/48 | new_swaps: 0 | total: 0) -> {'max_bond': 64, 'max_links': 4, 'total_elems': 157184, 'total_shapes': 2752, 'total_links': 390, 'num_tensors': 98}
2026-08-26 16:08:06,935 [INFO]     [3 | left | 0](candidate_pairs: 49/49 | new_swaps: 0 | total: 0) -> {'max_bond': 64, 'max_links': 4, 'total_elems': 157184, 'total_shapes': 2752, 'total_links': 390, 'num_tensors': 98}
2026-08-26 16:08:07,145 [INFO]     [3 | left | 1](candidate_pairs: 48/48 | new_swaps: 0 | total: 0) -> {'max_bond': 64, 'max_links': 4, 'total_elems': 157184, 'total_shapes': 2752, 'total_links': 390, 'num_tensors': 98}
2026-08-26 16:08:07,378 [INFO]     [3 | right | 0](candidate_pairs: 49/49 | new_swaps: 0 | total: 0) -> {'max_bond': 64, 'max_links': 4, 'total_elems': 157184, 'total_shapes': 2752, 'total_links': 390, 'num_tensors': 98}
2026-08-26 16:08:07,602 [INFO]     [3 | right | 1](candidate_pairs: 48/48 | new_swaps: 0 | total: 0) -> {'max_bond': 64, 'max_links': 4, 'total_elems': 157184, 'total_shapes': 2752, 'total_links': 390, 'num_tensors': 98}
2026-08-26 16:08:07,602 [INFO]     [end unswap] -> {'max_bond': 64, 'max_links': 4, 'total_elems': 157184, 'total_shapes': 2752, 'total_links': 390, 'num_tensors': 98}
2026-08-26 16:08:07,672 [INFO] [start rewire](phase=post_unswap, cycle=38, side=left, layers=2664, trials=20, seed=123, parallel=False, route_candidates=2, route_score=lookahead_total)
2026-08-26 16:09:11,885 [INFO] [end rewire](phase=post_unswap, cycle=38, side=left, routed_layers=2590, elapsed_s=64.21)
2026-08-26 16:09:11,886 [INFO] [start rewire](phase=post_unswap, cycle=38, side=right, layers=2256, trials=20, seed=123, parallel=False, route_candidates=2, route_score=lookahead_total)
2026-08-26 16:15:37,080 [INFO] [end rewire](phase=post_unswap, cycle=38, side=right, routed_layers=2180, elapsed_s=385.19)
[Cycle 38] 64/1984 gates (3.2 %) after 6046 sec
2026-08-26 16:15:37,397 [INFO] [1L/2588](swap: 18, u: 0 | c_u: 0 | t_u_l: 33/992 | t_u_r: 31/992 | t_u: 64/1984) -> {'max_bond': 64, 'max_links': 4, 'total_elems': 157184, 'total_shapes': 2752, 'total_links': 390, 'num_tensors': 98}
2026-08-26 16:15:37,649 [INFO] [1R/2178](swap: 17, u: 0 | c_u: 0 | t_u_l: 33/992 | t_u_r: 31/992 | t_u: 64/1984) -> {'max_bond': 128, 'max_links': 4, 'total_elems': 231220, 'total_shapes': 3350, 'total_links': 390, 'num_tensors': 98}
2026-08-26 16:15:38,033 [INFO] [2L/2588](swap: 23, u: 0 | c_u: 0 | t_u_l: 33/992 | t_u_r: 31/992 | t_u: 64/1984) -> {'max_bond': 256, 'max_links': 4, 'total_elems': 367824, 'total_shapes': 4116, 'total_links': 390, 'num_tensors': 98}
2026-08-26 16:15:38,739 [INFO] [2R/2178](swap: 21, u: 0 | c_u: 0 | t_u_l: 33/992 | t_u_r: 31/992 | t_u: 64/1984) -> {'max_bond': 256, 'max_links': 4, 'total_elems': 708784, 'total_shapes': 5464, 'total_links': 390, 'num_tensors': 98}
2026-08-26 16:15:40,474 [INFO]     [start unswap] -> {'max_bond': 256, 'max_links': 4, 'total_elems': 708784, 'total_shapes': 5464, 'total_links': 390, 'num_tensors': 98}
2026-08-26 16:15:51,524 [INFO]     [0 | both | 0](candidate_pairs: 49/49 | new_swaps: 13 | total: 13) -> {'max_bond': 256, 'max_links': 4, 'total_elems': 964768, 'total_shapes': 5936, 'total_links': 390, 'num_tensors': 98}
2026-08-26 16:15:58,096 [INFO]     [0 | both | 1](candidate_pairs: 48/48 | new_swaps: 5 | total: 18) -> {'max_bond': 256, 'max_links': 4, 'total_elems': 864800, 'total_shapes': 5492, 'total_links': 390, 'num_tensors': 98}
2026-08-26 16:16:01,627 [INFO]     [0 | left | 0](candidate_pairs: 49/49 | new_swaps: 12 | total: 30) -> {'max_bond': 256, 'max_links': 4, 'total_elems': 654800, 'total_shapes': 4892, 'total_links': 390, 'num_tensors': 98}
2026-08-26 16:16:03,184 [INFO]     [0 | left | 1](candidate_pairs: 48/48 | new_swaps: 21 | total: 51) -> {'max_bond': 256, 'max_links': 4, 'total_elems': 309996, 'total_shapes': 3822, 'total_links': 390, 'num_tensors': 98}
2026-08-26 16:16:03,713 [INFO]     [0 | right | 0](candidate_pairs: 49/49 | new_swaps: 9 | total: 60) -> {'max_bond': 256, 'max_links': 4, 'total_elems': 287420, 'total_shapes': 3508, 'total_links': 390, 'num_tensors': 98}
2026-08-26 16:16:04,416 [INFO]     [0 | right | 1](candidate_pairs: 48/48 | new_swaps: 5 | total: 65) -> {'max_bond': 256, 'max_links': 4, 'total_elems': 283068, 'total_shapes': 3430, 'total_links': 390, 'num_tensors': 98}
2026-08-26 16:16:05,512 [INFO]     [1 | both | 0](candidate_pairs: 49/49 | new_swaps: 4 | total: 4) -> {'max_bond': 64, 'max_links': 4, 'total_elems': 177840, 'total_shapes': 2964, 'total_links': 390, 'num_tensors': 98}
2026-08-26 16:16:06,234 [INFO]     [1 | both | 1](candidate_pairs: 48/48 | new_swaps: 3 | total: 7) -> {'max_bond': 64, 'max_links': 4, 'total_elems': 162944, 'total_shapes': 2864, 'total_links': 390, 'num_tensors': 98}
2026-08-26 16:16:06,571 [INFO]     [1 | left | 0](candidate_pairs: 49/49 | new_swaps: 3 | total: 10) -> {'max_bond': 64, 'max_links': 4, 'total_elems': 158240, 'total_shapes': 2788, 'total_links': 390, 'num_tensors': 98}
2026-08-26 16:16:06,856 [INFO]     [1 | left | 1](candidate_pairs: 48/48 | new_swaps: 1 | total: 11) -> {'max_bond': 64, 'max_links': 4, 'total_elems': 158176, 'total_shapes': 2784, 'total_links': 390, 'num_tensors': 98}
2026-08-26 16:16:07,110 [INFO]     [1 | right | 0](candidate_pairs: 49/49 | new_swaps: 0 | total: 11) -> {'max_bond': 64, 'max_links': 4, 'total_elems': 158176, 'total_shapes': 2784, 'total_links': 390, 'num_tensors': 98}
2026-08-26 16:16:07,340 [INFO]     [1 | right | 1](candidate_pairs: 48/48 | new_swaps: 0 | total: 11) -> {'max_bond': 64, 'max_links': 4, 'total_elems': 158176, 'total_shapes': 2784, 'total_links': 390, 'num_tensors': 98}
2026-08-26 16:16:08,080 [INFO]     [2 | both | 0](candidate_pairs: 49/49 | new_swaps: 1 | total: 1) -> {'max_bond': 64, 'max_links': 4, 'total_elems': 157408, 'total_shapes': 2768, 'total_links': 390, 'num_tensors': 98}
2026-08-26 16:16:08,594 [INFO]     [2 | both | 1](candidate_pairs: 48/48 | new_swaps: 0 | total: 1) -> {'max_bond': 64, 'max_links': 4, 'total_elems': 157408, 'total_shapes': 2768, 'total_links': 390, 'num_tensors': 98}
2026-08-26 16:16:08,913 [INFO]     [2 | left | 0](candidate_pairs: 49/49 | new_swaps: 1 | total: 2) -> {'max_bond': 64, 'max_links': 4, 'total_elems': 157360, 'total_shapes': 2764, 'total_links': 390, 'num_tensors': 98}
2026-08-26 16:16:09,137 [INFO]     [2 | left | 1](candidate_pairs: 48/48 | new_swaps: 0 | total: 2) -> {'max_bond': 64, 'max_links': 4, 'total_elems': 157360, 'total_shapes': 2764, 'total_links': 390, 'num_tensors': 98}
2026-08-26 16:16:09,391 [INFO]     [2 | right | 0](candidate_pairs: 49/49 | new_swaps: 0 | total: 2) -> {'max_bond': 64, 'max_links': 4, 'total_elems': 157360, 'total_shapes': 2764, 'total_links': 390, 'num_tensors': 98}
2026-08-26 16:16:09,623 [INFO]     [2 | right | 1](candidate_pairs: 48/48 | new_swaps: 0 | total: 2) -> {'max_bond': 64, 'max_links': 4, 'total_elems': 157360, 'total_shapes': 2764, 'total_links': 390, 'num_tensors': 98}
2026-08-26 16:16:10,261 [INFO]     [3 | both | 0](candidate_pairs: 49/49 | new_swaps: 0 | total: 0) -> {'max_bond': 64, 'max_links': 4, 'total_elems': 157360, 'total_shapes': 2764, 'total_links': 390, 'num_tensors': 98}
2026-08-26 16:16:10,782 [INFO]     [3 | both | 1](candidate_pairs: 48/48 | new_swaps: 0 | total: 0) -> {'max_bond': 64, 'max_links': 4, 'total_elems': 157360, 'total_shapes': 2764, 'total_links': 390, 'num_tensors': 98}
2026-08-26 16:16:11,040 [INFO]     [3 | left | 0](candidate_pairs: 49/49 | new_swaps: 0 | total: 0) -> {'max_bond': 64, 'max_links': 4, 'total_elems': 157360, 'total_shapes': 2764, 'total_links': 390, 'num_tensors': 98}
2026-08-26 16:16:11,270 [INFO]     [3 | left | 1](candidate_pairs: 48/48 | new_swaps: 0 | total: 0) -> {'max_bond': 64, 'max_links': 4, 'total_elems': 157360, 'total_shapes': 2764, 'total_links': 390, 'num_tensors': 98}
2026-08-26 16:16:11,519 [INFO]     [3 | right | 0](candidate_pairs: 49/49 | new_swaps: 0 | total: 0) -> {'max_bond': 64, 'max_links': 4, 'total_elems': 157360, 'total_shapes': 2764, 'total_links': 390, 'num_tensors': 98}
2026-08-26 16:16:11,750 [INFO]     [3 | right | 1](candidate_pairs: 48/48 | new_swaps: 0 | total: 0) -> {'max_bond': 64, 'max_links': 4, 'total_elems': 157360, 'total_shapes': 2764, 'total_links': 390, 'num_tensors': 98}
2026-08-26 16:16:11,750 [INFO]     [end unswap] -> {'max_bond': 64, 'max_links': 4, 'total_elems': 157360, 'total_shapes': 2764, 'total_links': 390, 'num_tensors': 98}
2026-08-26 16:16:11,819 [INFO] [start rewire](phase=post_unswap, cycle=39, side=left, layers=2588, trials=20, seed=123, parallel=False, route_candidates=2, route_score=lookahead_total)
2026-08-26 16:17:29,499 [INFO] [end rewire](phase=post_unswap, cycle=39, side=left, routed_layers=2617, elapsed_s=77.70)
2026-08-26 16:17:29,499 [INFO] [start rewire](phase=post_unswap, cycle=39, side=right, layers=2178, trials=20, seed=123, parallel=False, route_candidates=2, route_score=lookahead_total)
2026-08-26 16:23:46,544 [INFO] [end rewire](phase=post_unswap, cycle=39, side=right, routed_layers=2341, elapsed_s=377.05)
[Cycle 39] 64/1984 gates (3.2 %) after 6535 sec
2026-08-26 16:23:46,900 [INFO] [1L/2615](swap: 15, u: 0 | c_u: 0 | t_u_l: 33/992 | t_u_r: 31/992 | t_u: 64/1984) -> {'max_bond': 64, 'max_links': 4, 'total_elems': 157360, 'total_shapes': 2764, 'total_links': 390, 'num_tensors': 98}
2026-08-26 16:23:47,183 [INFO] [1R/2339](swap: 18, u: 0 | c_u: 0 | t_u_l: 33/992 | t_u_r: 31/992 | t_u: 64/1984) -> {'max_bond': 128, 'max_links': 4, 'total_elems': 207720, 'total_shapes': 3256, 'total_links': 390, 'num_tensors': 98}
2026-08-26 16:23:47,592 [INFO] [2L/2615](swap: 18, u: 0 | c_u: 0 | t_u_l: 33/992 | t_u_r: 31/992 | t_u: 64/1984) -> {'max_bond': 256, 'max_links': 4, 'total_elems': 356240, 'total_shapes': 4068, 'total_links': 390, 'num_tensors': 98}
2026-08-26 16:23:48,359 [INFO] [2R/2339](swap: 21, u: 0 | c_u: 0 | t_u_l: 33/992 | t_u_r: 31/992 | t_u: 64/1984) -> {'max_bond': 256, 'max_links': 4, 'total_elems': 689784, 'total_shapes': 5378, 'total_links': 390, 'num_tensors': 98}
2026-08-26 16:23:50,256 [INFO]     [start unswap] -> {'max_bond': 256, 'max_links': 4, 'total_elems': 689784, 'total_shapes': 5378, 'total_links': 390, 'num_tensors': 98}
2026-08-26 16:24:02,915 [INFO]     [0 | both | 0](candidate_pairs: 49/49 | new_swaps: 9 | total: 9) -> {'max_bond': 256, 'max_links': 4, 'total_elems': 903784, 'total_shapes': 5796, 'total_links': 390, 'num_tensors': 98}
2026-08-26 16:24:08,598 [INFO]     [0 | both | 1](candidate_pairs: 48/48 | new_swaps: 10 | total: 19) -> {'max_bond': 256, 'max_links': 4, 'total_elems': 703680, 'total_shapes': 4806, 'total_links': 390, 'num_tensors': 98}
2026-08-26 16:24:11,900 [INFO]     [0 | left | 0](candidate_pairs: 49/49 | new_swaps: 15 | total: 34) -> {'max_bond': 256, 'max_links': 4, 'total_elems': 587056, 'total_shapes': 4412, 'total_links': 390, 'num_tensors': 98}
2026-08-26 16:24:13,411 [INFO]     [0 | left | 1](candidate_pairs: 48/48 | new_swaps: 14 | total: 48) -> {'max_bond': 256, 'max_links': 4, 'total_elems': 304712, 'total_shapes': 3716, 'total_links': 390, 'num_tensors': 98}
2026-08-26 16:24:14,009 [INFO]     [0 | right | 0](candidate_pairs: 49/49 | new_swaps: 7 | total: 55) -> {'max_bond': 256, 'max_links': 4, 'total_elems': 294704, 'total_shapes': 3550, 'total_links': 390, 'num_tensors': 98}
2026-08-26 16:24:14,809 [INFO]     [0 | right | 1](candidate_pairs: 48/48 | new_swaps: 5 | total: 60) -> {'max_bond': 256, 'max_links': 4, 'total_elems': 289104, 'total_shapes': 3452, 'total_links': 390, 'num_tensors': 98}
2026-08-26 16:24:16,080 [INFO]     [1 | both | 0](candidate_pairs: 49/49 | new_swaps: 4 | total: 4) -> {'max_bond': 64, 'max_links': 4, 'total_elems': 186948, 'total_shapes': 3018, 'total_links': 390, 'num_tensors': 98}
2026-08-26 16:24:16,911 [INFO]     [1 | both | 1](candidate_pairs: 48/48 | new_swaps: 5 | total: 9) -> {'max_bond': 64, 'max_links': 4, 'total_elems': 174364, 'total_shapes': 2934, 'total_links': 390, 'num_tensors': 98}
2026-08-26 16:24:17,283 [INFO]     [1 | left | 0](candidate_pairs: 49/49 | new_swaps: 2 | total: 11) -> {'max_bond': 64, 'max_links': 4, 'total_elems': 172780, 'total_shapes': 2898, 'total_links': 390, 'num_tensors': 98}
2026-08-26 16:24:17,639 [INFO]     [1 | left | 1](candidate_pairs: 48/48 | new_swaps: 2 | total: 13) -> {'max_bond': 64, 'max_links': 4, 'total_elems': 170668, 'total_shapes': 2862, 'total_links': 390, 'num_tensors': 98}
2026-08-26 16:24:17,996 [INFO]     [1 | right | 0](candidate_pairs: 49/49 | new_swaps: 3 | total: 16) -> {'max_bond': 64, 'max_links': 4, 'total_elems': 170396, 'total_shapes': 2846, 'total_links': 390, 'num_tensors': 98}
2026-08-26 16:24:18,330 [INFO]     [1 | right | 1](candidate_pairs: 48/48 | new_swaps: 1 | total: 17) -> {'max_bond': 64, 'max_links': 4, 'total_elems': 170348, 'total_shapes': 2842, 'total_links': 390, 'num_tensors': 98}
2026-08-26 16:24:19,151 [INFO]     [2 | both | 0](candidate_pairs: 49/49 | new_swaps: 2 | total: 2) -> {'max_bond': 64, 'max_links': 4, 'total_elems': 169568, 'total_shapes': 2824, 'total_links': 390, 'num_tensors': 98}
2026-08-26 16:24:19,899 [INFO]     [2 | both | 1](candidate_pairs: 48/48 | new_swaps: 1 | total: 3) -> {'max_bond': 64, 'max_links': 4, 'total_elems': 169520, 'total_shapes': 2820, 'total_links': 390, 'num_tensors': 98}
2026-08-26 16:24:20,252 [INFO]     [2 | left | 0](candidate_pairs: 49/49 | new_swaps: 1 | total: 4) -> {'max_bond': 64, 'max_links': 4, 'total_elems': 169472, 'total_shapes': 2816, 'total_links': 390, 'num_tensors': 98}
2026-08-26 16:24:20,528 [INFO]     [2 | left | 1](candidate_pairs: 48/48 | new_swaps: 0 | total: 4) -> {'max_bond': 64, 'max_links': 4, 'total_elems': 169472, 'total_shapes': 2816, 'total_links': 390, 'num_tensors': 98}
2026-08-26 16:24:20,812 [INFO]     [2 | right | 0](candidate_pairs: 49/49 | new_swaps: 0 | total: 4) -> {'max_bond': 64, 'max_links': 4, 'total_elems': 169472, 'total_shapes': 2816, 'total_links': 390, 'num_tensors': 98}
2026-08-26 16:24:21,087 [INFO]     [2 | right | 1](candidate_pairs: 48/48 | new_swaps: 0 | total: 4) -> {'max_bond': 64, 'max_links': 4, 'total_elems': 169472, 'total_shapes': 2816, 'total_links': 390, 'num_tensors': 98}
2026-08-26 16:24:21,773 [INFO]     [3 | both | 0](candidate_pairs: 49/49 | new_swaps: 0 | total: 0) -> {'max_bond': 64, 'max_links': 4, 'total_elems': 169472, 'total_shapes': 2816, 'total_links': 390, 'num_tensors': 98}
2026-08-26 16:24:22,380 [INFO]     [3 | both | 1](candidate_pairs: 48/48 | new_swaps: 0 | total: 0) -> {'max_bond': 64, 'max_links': 4, 'total_elems': 169472, 'total_shapes': 2816, 'total_links': 390, 'num_tensors': 98}
2026-08-26 16:24:22,672 [INFO]     [3 | left | 0](candidate_pairs: 49/49 | new_swaps: 0 | total: 0) -> {'max_bond': 64, 'max_links': 4, 'total_elems': 169472, 'total_shapes': 2816, 'total_links': 390, 'num_tensors': 98}
2026-08-26 16:24:22,948 [INFO]     [3 | left | 1](candidate_pairs: 48/48 | new_swaps: 0 | total: 0) -> {'max_bond': 64, 'max_links': 4, 'total_elems': 169472, 'total_shapes': 2816, 'total_links': 390, 'num_tensors': 98}
2026-08-26 16:24:23,231 [INFO]     [3 | right | 0](candidate_pairs: 49/49 | new_swaps: 0 | total: 0) -> {'max_bond': 64, 'max_links': 4, 'total_elems': 169472, 'total_shapes': 2816, 'total_links': 390, 'num_tensors': 98}
2026-08-26 16:24:23,500 [INFO]     [3 | right | 1](candidate_pairs: 48/48 | new_swaps: 0 | total: 0) -> {'max_bond': 64, 'max_links': 4, 'total_elems': 169472, 'total_shapes': 2816, 'total_links': 390, 'num_tensors': 98}
2026-08-26 16:24:23,501 [INFO]     [end unswap] -> {'max_bond': 64, 'max_links': 4, 'total_elems': 169472, 'total_shapes': 2816, 'total_links': 390, 'num_tensors': 98}
2026-08-26 16:24:23,576 [INFO] [start rewire](phase=post_unswap, cycle=40, side=left, layers=2615, trials=20, seed=123, parallel=False, route_candidates=2, route_score=lookahead_total)
2026-08-26 16:25:21,596 [INFO] [end rewire](phase=post_unswap, cycle=40, side=left, routed_layers=2419, elapsed_s=58.02)
2026-08-26 16:25:21,597 [INFO] [start rewire](phase=post_unswap, cycle=40, side=right, layers=2339, trials=20, seed=123, parallel=False, route_candidates=2, route_score=lookahead_total)
2026-08-26 16:28:31,771 [INFO] [end rewire](phase=post_unswap, cycle=40, side=right, routed_layers=2068, elapsed_s=190.17)
[Cycle 40] 64/1984 gates (3.2 %) after 6820 sec
2026-08-26 16:28:32,135 [INFO] [1L/2417](swap: 16, u: 0 | c_u: 0 | t_u_l: 33/992 | t_u_r: 31/992 | t_u: 64/1984) -> {'max_bond': 64, 'max_links': 4, 'total_elems': 169472, 'total_shapes': 2816, 'total_links': 390, 'num_tensors': 98}
2026-08-26 16:28:32,415 [INFO] [1R/2066](swap: 17, u: 0 | c_u: 0 | t_u_l: 33/992 | t_u_r: 31/992 | t_u: 64/1984) -> {'max_bond': 128, 'max_links': 4, 'total_elems': 219700, 'total_shapes': 3296, 'total_links': 390, 'num_tensors': 98}
2026-08-26 16:28:32,831 [INFO] [2L/2417](swap: 20, u: 0 | c_u: 0 | t_u_l: 33/992 | t_u_r: 31/992 | t_u: 64/1984) -> {'max_bond': 256, 'max_links': 4, 'total_elems': 355968, 'total_shapes': 4016, 'total_links': 390, 'num_tensors': 98}
2026-08-26 16:28:33,556 [INFO] [2R/2066](swap: 20, u: 0 | c_u: 0 | t_u_l: 33/992 | t_u_r: 31/992 | t_u: 64/1984) -> {'max_bond': 256, 'max_links': 4, 'total_elems': 659640, 'total_shapes': 5258, 'total_links': 390, 'num_tensors': 98}
2026-08-26 16:28:35,187 [INFO]     [start unswap] -> {'max_bond': 256, 'max_links': 4, 'total_elems': 659640, 'total_shapes': 5258, 'total_links': 390, 'num_tensors': 98}
2026-08-26 16:28:48,477 [INFO]     [0 | both | 0](candidate_pairs: 49/49 | new_swaps: 6 | total: 6) -> {'max_bond': 256, 'max_links': 4, 'total_elems': 927000, 'total_shapes': 5864, 'total_links': 390, 'num_tensors': 98}
2026-08-26 16:28:54,094 [INFO]     [0 | both | 1](candidate_pairs: 48/48 | new_swaps: 10 | total: 16) -> {'max_bond': 256, 'max_links': 4, 'total_elems': 719152, 'total_shapes': 4890, 'total_links': 390, 'num_tensors': 98}
2026-08-26 16:28:57,438 [INFO]     [0 | left | 0](candidate_pairs: 49/49 | new_swaps: 15 | total: 31) -> {'max_bond': 256, 'max_links': 4, 'total_elems': 602208, 'total_shapes': 4528, 'total_links': 390, 'num_tensors': 98}
2026-08-26 16:28:58,957 [INFO]     [0 | left | 1](candidate_pairs: 48/48 | new_swaps: 14 | total: 45) -> {'max_bond': 256, 'max_links': 4, 'total_elems': 317224, 'total_shapes': 3798, 'total_links': 390, 'num_tensors': 98}
2026-08-26 16:28:59,583 [INFO]     [0 | right | 0](candidate_pairs: 49/49 | new_swaps: 6 | total: 51) -> {'max_bond': 256, 'max_links': 4, 'total_elems': 307240, 'total_shapes': 3638, 'total_links': 390, 'num_tensors': 98}
2026-08-26 16:29:00,404 [INFO]     [0 | right | 1](candidate_pairs: 48/48 | new_swaps: 7 | total: 58) -> {'max_bond': 256, 'max_links': 4, 'total_elems': 289160, 'total_shapes': 3464, 'total_links': 390, 'num_tensors': 98}
2026-08-26 16:29:01,635 [INFO]     [1 | both | 0](candidate_pairs: 49/49 | new_swaps: 6 | total: 6) -> {'max_bond': 64, 'max_links': 4, 'total_elems': 186848, 'total_shapes': 3016, 'total_links': 390, 'num_tensors': 98}
2026-08-26 16:29:02,497 [INFO]     [1 | both | 1](candidate_pairs: 48/48 | new_swaps: 2 | total: 8) -> {'max_bond': 64, 'max_links': 4, 'total_elems': 174400, 'total_shapes': 2944, 'total_links': 390, 'num_tensors': 98}
2026-08-26 16:29:02,870 [INFO]     [1 | left | 0](candidate_pairs: 49/49 | new_swaps: 1 | total: 9) -> {'max_bond': 64, 'max_links': 4, 'total_elems': 172864, 'total_shapes': 2912, 'total_links': 390, 'num_tensors': 98}
2026-08-26 16:29:03,244 [INFO]     [1 | left | 1](candidate_pairs: 48/48 | new_swaps: 4 | total: 13) -> {'max_bond': 64, 'max_links': 4, 'total_elems': 170704, 'total_shapes': 2866, 'total_links': 390, 'num_tensors': 98}
2026-08-26 16:29:03,613 [INFO]     [1 | right | 0](candidate_pairs: 49/49 | new_swaps: 3 | total: 16) -> {'max_bond': 64, 'max_links': 4, 'total_elems': 170416, 'total_shapes': 2848, 'total_links': 390, 'num_tensors': 98}
2026-08-26 16:29:03,986 [INFO]     [1 | right | 1](candidate_pairs: 48/48 | new_swaps: 2 | total: 18) -> {'max_bond': 64, 'max_links': 4, 'total_elems': 170336, 'total_shapes': 2840, 'total_links': 390, 'num_tensors': 98}
2026-08-26 16:29:04,835 [INFO]     [2 | both | 0](candidate_pairs: 49/49 | new_swaps: 1 | total: 1) -> {'max_bond': 64, 'max_links': 4, 'total_elems': 169568, 'total_shapes': 2824, 'total_links': 390, 'num_tensors': 98}
2026-08-26 16:29:05,606 [INFO]     [2 | both | 1](candidate_pairs: 48/48 | new_swaps: 2 | total: 3) -> {'max_bond': 64, 'max_links': 4, 'total_elems': 169508, 'total_shapes': 2818, 'total_links': 390, 'num_tensors': 98}
2026-08-26 16:29:05,972 [INFO]     [2 | left | 0](candidate_pairs: 49/49 | new_swaps: 1 | total: 4) -> {'max_bond': 64, 'max_links': 4, 'total_elems': 169460, 'total_shapes': 2814, 'total_links': 390, 'num_tensors': 98}
2026-08-26 16:29:06,262 [INFO]     [2 | left | 1](candidate_pairs: 48/48 | new_swaps: 0 | total: 4) -> {'max_bond': 64, 'max_links': 4, 'total_elems': 169460, 'total_shapes': 2814, 'total_links': 390, 'num_tensors': 98}
2026-08-26 16:29:06,551 [INFO]     [2 | right | 0](candidate_pairs: 49/49 | new_swaps: 0 | total: 4) -> {'max_bond': 64, 'max_links': 4, 'total_elems': 169460, 'total_shapes': 2814, 'total_links': 390, 'num_tensors': 98}
2026-08-26 16:29:06,832 [INFO]     [2 | right | 1](candidate_pairs: 48/48 | new_swaps: 0 | total: 4) -> {'max_bond': 64, 'max_links': 4, 'total_elems': 169460, 'total_shapes': 2814, 'total_links': 390, 'num_tensors': 98}
2026-08-26 16:29:07,551 [INFO]     [3 | both | 0](candidate_pairs: 49/49 | new_swaps: 0 | total: 0) -> {'max_bond': 64, 'max_links': 4, 'total_elems': 169460, 'total_shapes': 2814, 'total_links': 390, 'num_tensors': 98}
2026-08-26 16:29:08,197 [INFO]     [3 | both | 1](candidate_pairs: 48/48 | new_swaps: 0 | total: 0) -> {'max_bond': 64, 'max_links': 4, 'total_elems': 169460, 'total_shapes': 2814, 'total_links': 390, 'num_tensors': 98}
2026-08-26 16:29:08,497 [INFO]     [3 | left | 0](candidate_pairs: 49/49 | new_swaps: 0 | total: 0) -> {'max_bond': 64, 'max_links': 4, 'total_elems': 169460, 'total_shapes': 2814, 'total_links': 390, 'num_tensors': 98}
2026-08-26 16:29:08,786 [INFO]     [3 | left | 1](candidate_pairs: 48/48 | new_swaps: 0 | total: 0) -> {'max_bond': 64, 'max_links': 4, 'total_elems': 169460, 'total_shapes': 2814, 'total_links': 390, 'num_tensors': 98}
2026-08-26 16:29:09,083 [INFO]     [3 | right | 0](candidate_pairs: 49/49 | new_swaps: 0 | total: 0) -> {'max_bond': 64, 'max_links': 4, 'total_elems': 169460, 'total_shapes': 2814, 'total_links': 390, 'num_tensors': 98}
2026-08-26 16:29:09,359 [INFO]     [3 | right | 1](candidate_pairs: 48/48 | new_swaps: 0 | total: 0) -> {'max_bond': 64, 'max_links': 4, 'total_elems': 169460, 'total_shapes': 2814, 'total_links': 390, 'num_tensors': 98}
2026-08-26 16:29:09,360 [INFO]     [end unswap] -> {'max_bond': 64, 'max_links': 4, 'total_elems': 169460, 'total_shapes': 2814, 'total_links': 390, 'num_tensors': 98}
2026-08-26 16:29:09,443 [INFO] [start rewire](phase=post_unswap, cycle=41, side=left, layers=2417, trials=20, seed=123, parallel=False, route_candidates=2, route_score=lookahead_total)
2026-08-26 16:30:06,242 [INFO] [end rewire](phase=post_unswap, cycle=41, side=left, routed_layers=2575, elapsed_s=56.80)
2026-08-26 16:30:06,244 [INFO] [start rewire](phase=post_unswap, cycle=41, side=right, layers=2066, trials=20, seed=123, parallel=False, route_candidates=2, route_score=lookahead_total)
2026-08-26 16:33:05,906 [INFO] [end rewire](phase=post_unswap, cycle=41, side=right, routed_layers=2158, elapsed_s=179.66)
[Cycle 41] 64/1984 gates (3.2 %) after 7094 sec
2026-08-26 16:33:06,277 [INFO] [1L/2573](swap: 16, u: 0 | c_u: 0 | t_u_l: 33/992 | t_u_r: 31/992 | t_u: 64/1984) -> {'max_bond': 64, 'max_links': 4, 'total_elems': 169460, 'total_shapes': 2814, 'total_links': 390, 'num_tensors': 98}
2026-08-26 16:33:06,559 [INFO] [1R/2156](swap: 13, u: 0 | c_u: 0 | t_u_l: 33/992 | t_u_r: 31/992 | t_u: 64/1984) -> {'max_bond': 128, 'max_links': 4, 'total_elems': 212804, 'total_shapes': 3184, 'total_links': 390, 'num_tensors': 98}
2026-08-26 16:33:06,963 [INFO] [2L/2573](swap: 20, u: 0 | c_u: 0 | t_u_l: 33/992 | t_u_r: 31/992 | t_u: 64/1984) -> {'max_bond': 256, 'max_links': 4, 'total_elems': 320480, 'total_shapes': 3752, 'total_links': 390, 'num_tensors': 98}
2026-08-26 16:33:07,632 [INFO] [2R/2156](swap: 15, u: 0 | c_u: 0 | t_u_l: 33/992 | t_u_r: 31/992 | t_u: 64/1984) -> {'max_bond': 256, 'max_links': 4, 'total_elems': 511488, 'total_shapes': 4624, 'total_links': 390, 'num_tensors': 98}
2026-08-26 16:33:08,860 [INFO] [3L/2573](swap: 19, u: 0 | c_u: 0 | t_u_l: 33/992 | t_u_r: 31/992 | t_u: 64/1984) -> {'max_bond': 256, 'max_links': 4, 'total_elems': 993560, 'total_shapes': 5572, 'total_links': 390, 'num_tensors': 98}
2026-08-26 16:33:14,169 [INFO]     [start unswap] -> {'max_bond': 256, 'max_links': 4, 'total_elems': 993560, 'total_shapes': 5572, 'total_links': 390, 'num_tensors': 98}
2026-08-26 16:33:31,168 [INFO]     [0 | both | 0](candidate_pairs: 49/49 | new_swaps: 8 | total: 8) -> {'max_bond': 256, 'max_links': 4, 'total_elems': 878008, 'total_shapes': 5804, 'total_links': 390, 'num_tensors': 98}
2026-08-26 16:33:36,180 [INFO]     [0 | both | 1](candidate_pairs: 48/48 | new_swaps: 10 | total: 18) -> {'max_bond': 256, 'max_links': 4, 'total_elems': 663560, 'total_shapes': 5178, 'total_links': 390, 'num_tensors': 98}
2026-08-26 16:33:38,414 [INFO]     [0 | left | 0](candidate_pairs: 49/49 | new_swaps: 16 | total: 34) -> {'max_bond': 128, 'max_links': 4, 'total_elems': 340208, 'total_shapes': 4098, 'total_links': 390, 'num_tensors': 98}
2026-08-26 16:33:39,079 [INFO]     [0 | left | 1](candidate_pairs: 48/48 | new_swaps: 18 | total: 52) -> {'max_bond': 128, 'max_links': 4, 'total_elems': 238308, 'total_shapes': 3454, 'total_links': 390, 'num_tensors': 98}
2026-08-26 16:33:39,697 [INFO]     [0 | right | 0](candidate_pairs: 49/49 | new_swaps: 7 | total: 59) -> {'max_bond': 128, 'max_links': 4, 'total_elems': 230548, 'total_shapes': 3318, 'total_links': 390, 'num_tensors': 98}
2026-08-26 16:33:40,138 [INFO]     [0 | right | 1](candidate_pairs: 48/48 | new_swaps: 5 | total: 64) -> {'max_bond': 128, 'max_links': 4, 'total_elems': 224756, 'total_shapes': 3212, 'total_links': 390, 'num_tensors': 98}
2026-08-26 16:33:41,555 [INFO]     [1 | both | 0](candidate_pairs: 49/49 | new_swaps: 4 | total: 4) -> {'max_bond': 128, 'max_links': 4, 'total_elems': 223696, 'total_shapes': 3178, 'total_links': 390, 'num_tensors': 98}
2026-08-26 16:33:42,770 [INFO]     [1 | both | 1](candidate_pairs: 48/48 | new_swaps: 2 | total: 6) -> {'max_bond': 64, 'max_links': 4, 'total_elems': 178640, 'total_shapes': 2986, 'total_links': 390, 'num_tensors': 98}
2026-08-26 16:33:43,187 [INFO]     [1 | left | 0](candidate_pairs: 49/49 | new_swaps: 4 | total: 10) -> {'max_bond': 64, 'max_links': 4, 'total_elems': 170792, 'total_shapes': 2872, 'total_links': 390, 'num_tensors': 98}
2026-08-26 16:33:43,572 [INFO]     [1 | left | 1](candidate_pairs: 48/48 | new_swaps: 3 | total: 13) -> {'max_bond': 64, 'max_links': 4, 'total_elems': 170596, 'total_shapes': 2850, 'total_links': 390, 'num_tensors': 98}
2026-08-26 16:33:43,872 [INFO]     [1 | right | 0](candidate_pairs: 49/49 | new_swaps: 0 | total: 13) -> {'max_bond': 64, 'max_links': 4, 'total_elems': 170596, 'total_shapes': 2850, 'total_links': 390, 'num_tensors': 98}
2026-08-26 16:33:44,161 [INFO]     [1 | right | 1](candidate_pairs: 48/48 | new_swaps: 0 | total: 13) -> {'max_bond': 64, 'max_links': 4, 'total_elems': 170596, 'total_shapes': 2850, 'total_links': 390, 'num_tensors': 98}
2026-08-26 16:33:45,114 [INFO]     [2 | both | 0](candidate_pairs: 49/49 | new_swaps: 1 | total: 1) -> {'max_bond': 64, 'max_links': 4, 'total_elems': 169828, 'total_shapes': 2834, 'total_links': 390, 'num_tensors': 98}
2026-08-26 16:33:45,771 [INFO]     [2 | both | 1](candidate_pairs: 48/48 | new_swaps: 0 | total: 1) -> {'max_bond': 64, 'max_links': 4, 'total_elems': 169828, 'total_shapes': 2834, 'total_links': 390, 'num_tensors': 98}
2026-08-26 16:33:46,135 [INFO]     [2 | left | 0](candidate_pairs: 49/49 | new_swaps: 1 | total: 2) -> {'max_bond': 64, 'max_links': 4, 'total_elems': 169780, 'total_shapes': 2830, 'total_links': 390, 'num_tensors': 98}
2026-08-26 16:33:46,419 [INFO]     [2 | left | 1](candidate_pairs: 48/48 | new_swaps: 0 | total: 2) -> {'max_bond': 64, 'max_links': 4, 'total_elems': 169780, 'total_shapes': 2830, 'total_links': 390, 'num_tensors': 98}
2026-08-26 16:33:46,716 [INFO]     [2 | right | 0](candidate_pairs: 49/49 | new_swaps: 0 | total: 2) -> {'max_bond': 64, 'max_links': 4, 'total_elems': 169780, 'total_shapes': 2830, 'total_links': 390, 'num_tensors': 98}
2026-08-26 16:33:47,005 [INFO]     [2 | right | 1](candidate_pairs: 48/48 | new_swaps: 0 | total: 2) -> {'max_bond': 64, 'max_links': 4, 'total_elems': 169780, 'total_shapes': 2830, 'total_links': 390, 'num_tensors': 98}
2026-08-26 16:33:47,733 [INFO]     [3 | both | 0](candidate_pairs: 49/49 | new_swaps: 0 | total: 0) -> {'max_bond': 64, 'max_links': 4, 'total_elems': 169780, 'total_shapes': 2830, 'total_links': 390, 'num_tensors': 98}
2026-08-26 16:33:48,354 [INFO]     [3 | both | 1](candidate_pairs: 48/48 | new_swaps: 0 | total: 0) -> {'max_bond': 64, 'max_links': 4, 'total_elems': 169780, 'total_shapes': 2830, 'total_links': 390, 'num_tensors': 98}
2026-08-26 16:33:48,651 [INFO]     [3 | left | 0](candidate_pairs: 49/49 | new_swaps: 0 | total: 0) -> {'max_bond': 64, 'max_links': 4, 'total_elems': 169780, 'total_shapes': 2830, 'total_links': 390, 'num_tensors': 98}
2026-08-26 16:33:48,933 [INFO]     [3 | left | 1](candidate_pairs: 48/48 | new_swaps: 0 | total: 0) -> {'max_bond': 64, 'max_links': 4, 'total_elems': 169780, 'total_shapes': 2830, 'total_links': 390, 'num_tensors': 98}
2026-08-26 16:33:49,232 [INFO]     [3 | right | 0](candidate_pairs: 49/49 | new_swaps: 0 | total: 0) -> {'max_bond': 64, 'max_links': 4, 'total_elems': 169780, 'total_shapes': 2830, 'total_links': 390, 'num_tensors': 98}
2026-08-26 16:33:49,513 [INFO]     [3 | right | 1](candidate_pairs: 48/48 | new_swaps: 0 | total: 0) -> {'max_bond': 64, 'max_links': 4, 'total_elems': 169780, 'total_shapes': 2830, 'total_links': 390, 'num_tensors': 98}
2026-08-26 16:33:49,514 [INFO]     [end unswap] -> {'max_bond': 64, 'max_links': 4, 'total_elems': 169780, 'total_shapes': 2830, 'total_links': 390, 'num_tensors': 98}
2026-08-26 16:33:49,596 [INFO] [start rewire](phase=post_unswap, cycle=42, side=left, layers=2572, trials=20, seed=123, parallel=False, route_candidates=2, route_score=lookahead_total)
