2026-08-25 05:54:31,124 [INFO] loaded <local-user>/code_projects/qat/tracker/data/classically-verifiable-problems/circuit-models/peaked_circuit/peaked_circuit_P9_Hqap_56x1917.qasm: qubits=56 ops={'u': 3890, 'rzz': 1917}
2026-08-25 05:54:31,130 [INFO] Pass: Collect2qBlocks - 2.81286 (ms)
2026-08-25 05:54:31,139 [INFO] Pass: ConsolidateBlocks - 8.97312 (ms)
2026-08-25 05:54:31,140 [INFO] after two-qubit block consolidation: ops={'unitary': 1885}
2026-08-25 05:54:31,163 [INFO] environment: python=3.10.16 qiskit=1.4.5 quimb=1.11.2 numpy=2.2.6 scipy=1.15.3 machine=arm64
2026-08-25 05:54:31,318 [INFO] Total unitaries: 1885 = 942 (left) + 943 (right)
2026-08-25 05:54:31,318 [INFO] Rewiring with SabreSwap(trials=90, heuristic='decay', seed=123)
2026-08-25 05:54:31,318 [INFO] No-progress fail-fast guardrail enabled: abort after 40 consecutive zero-work unswap cycle(s)
2026-08-25 05:54:31,318 [INFO] [start rewire](phase=initial, side=left, layers=59, trials=90, seed=123, parallel=False)
2026-08-25 05:54:32,611 [INFO] [end rewire](phase=initial, side=left, routed_layers=1355, elapsed_s=1.29)
2026-08-25 05:54:32,611 [INFO] [start rewire](phase=initial, side=right, layers=58, trials=90, seed=123, parallel=False)
2026-08-25 05:54:34,020 [INFO] [end rewire](phase=initial, side=right, routed_layers=1561, elapsed_s=1.41)
2026-08-25 05:54:34,036 [INFO] [start compressing] -> {'max_bond': 1, 'max_links': 4, 'total_elems': 224, 'total_shapes': 334, 'total_links': 222, 'num_tensors': 56}
2026-08-25 05:54:34,135 [INFO] [1L/1353](swap: 11, u: 0 | c_u: 0 | t_u_l: 0/942 | t_u_r: 0/943 | t_u: 0/1885) -> {'max_bond': 1, 'max_links': 4, 'total_elems': 224, 'total_shapes': 334, 'total_links': 222, 'num_tensors': 56}
2026-08-25 05:54:34,143 [WARNING] live plot.png generation disabled: No module named 'matplotlib'
2026-08-25 05:54:34,208 [INFO] [1R/1559](swap: 12, u: 0 | c_u: 0 | t_u_l: 0/942 | t_u_r: 0/943 | t_u: 0/1885) -> {'max_bond': 4, 'max_links': 4, 'total_elems': 512, 'total_shapes': 406, 'total_links': 222, 'num_tensors': 56}
2026-08-25 05:54:34,270 [INFO] [2L/1353](swap: 11, u: 1 | c_u: 1 | t_u_l: 1/942 | t_u_r: 0/943 | t_u: 1/1885) -> {'max_bond': 4, 'max_links': 4, 'total_elems': 844, 'total_shapes': 450, 'total_links': 222, 'num_tensors': 56}
2026-08-25 05:54:34,331 [INFO] [2R/1559](swap: 10, u: 1 | c_u: 2 | t_u_l: 1/942 | t_u_r: 1/943 | t_u: 2/1885) -> {'max_bond': 4, 'max_links': 4, 'total_elems': 1456, 'total_shapes': 504, 'total_links': 222, 'num_tensors': 56}
2026-08-25 05:54:34,388 [INFO] [3L/1353](swap: 14, u: 0 | c_u: 2 | t_u_l: 1/942 | t_u_r: 1/943 | t_u: 2/1885) -> {'max_bond': 16, 'max_links': 4, 'total_elems': 2464, 'total_shapes': 576, 'total_links': 222, 'num_tensors': 56}
2026-08-25 05:54:34,446 [INFO] [3R/1559](swap: 13, u: 0 | c_u: 2 | t_u_l: 1/942 | t_u_r: 1/943 | t_u: 2/1885) -> {'max_bond': 16, 'max_links': 4, 'total_elems': 4316, 'total_shapes': 700, 'total_links': 222, 'num_tensors': 56}
2026-08-25 05:54:34,505 [INFO] [4R/1559](swap: 13, u: 0 | c_u: 2 | t_u_l: 1/942 | t_u_r: 1/943 | t_u: 2/1885) -> {'max_bond': 16, 'max_links': 4, 'total_elems': 9464, 'total_shapes': 844, 'total_links': 222, 'num_tensors': 56}
2026-08-25 05:54:34,570 [INFO] [5R/1559](swap: 13, u: 0 | c_u: 2 | t_u_l: 1/942 | t_u_r: 1/943 | t_u: 2/1885) -> {'max_bond': 16, 'max_links': 4, 'total_elems': 13496, 'total_shapes': 988, 'total_links': 222, 'num_tensors': 56}
2026-08-25 05:54:34,641 [INFO] [6R/1559](swap: 12, u: 0 | c_u: 2 | t_u_l: 1/942 | t_u_r: 1/943 | t_u: 2/1885) -> {'max_bond': 16, 'max_links': 4, 'total_elems': 17516, 'total_shapes': 1102, 'total_links': 222, 'num_tensors': 56}
2026-08-25 05:54:34,724 [INFO] [4L/1353](swap: 14, u: 1 | c_u: 3 | t_u_l: 2/942 | t_u_r: 1/943 | t_u: 3/1885) -> {'max_bond': 64, 'max_links': 4, 'total_elems': 33200, 'total_shapes': 1360, 'total_links': 222, 'num_tensors': 56}
2026-08-25 05:54:34,831 [INFO] [7R/1559](swap: 12, u: 0 | c_u: 3 | t_u_l: 2/942 | t_u_r: 1/943 | t_u: 3/1885) -> {'max_bond': 64, 'max_links': 4, 'total_elems': 50120, 'total_shapes': 1666, 'total_links': 222, 'num_tensors': 56}
2026-08-25 05:54:34,964 [INFO] [8R/1559](swap: 10, u: 1 | c_u: 4 | t_u_l: 2/942 | t_u_r: 2/943 | t_u: 4/1885) -> {'max_bond': 64, 'max_links': 4, 'total_elems': 85444, 'total_shapes': 1968, 'total_links': 222, 'num_tensors': 56}
2026-08-25 05:54:35,156 [INFO] [5L/1353](swap: 13, u: 1 | c_u: 5 | t_u_l: 3/942 | t_u_r: 2/943 | t_u: 5/1885) -> {'max_bond': 64, 'max_links': 4, 'total_elems': 124352, 'total_shapes': 2254, 'total_links': 222, 'num_tensors': 56}
2026-08-25 05:54:35,388 [INFO] [6L/1353](swap: 8, u: 1 | c_u: 6 | t_u_l: 4/942 | t_u_r: 2/943 | t_u: 6/1885) -> {'max_bond': 128, 'max_links': 4, 'total_elems': 154672, 'total_shapes': 2488, 'total_links': 222, 'num_tensors': 56}
2026-08-25 05:54:35,670 [INFO] [9R/1559](swap: 9, u: 1 | c_u: 7 | t_u_l: 4/942 | t_u_r: 3/943 | t_u: 7/1885) -> {'max_bond': 128, 'max_links': 4, 'total_elems': 230320, 'total_shapes': 2992, 'total_links': 222, 'num_tensors': 56}
2026-08-25 05:54:36,089 [INFO]     [start unswap] -> {'max_bond': 128, 'max_links': 4, 'total_elems': 230320, 'total_shapes': 2992, 'total_links': 222, 'num_tensors': 56}
2026-08-25 05:54:38,266 [INFO]     [0 | both | 0](candidate_pairs: 28/28 | new_swaps: 3 | total: 3) -> {'max_bond': 256, 'max_links': 4, 'total_elems': 360032, 'total_shapes': 3340, 'total_links': 222, 'num_tensors': 56}
2026-08-25 05:54:39,322 [INFO]     [0 | both | 1](candidate_pairs: 27/27 | new_swaps: 11 | total: 14) -> {'max_bond': 64, 'max_links': 4, 'total_elems': 192960, 'total_shapes': 2464, 'total_links': 222, 'num_tensors': 56}
2026-08-25 05:54:39,626 [INFO]     [0 | left | 0](candidate_pairs: 28/28 | new_swaps: 8 | total: 22) -> {'max_bond': 64, 'max_links': 4, 'total_elems': 189156, 'total_shapes': 2364, 'total_links': 222, 'num_tensors': 56}
2026-08-25 05:54:40,022 [INFO]     [0 | left | 1](candidate_pairs: 27/27 | new_swaps: 10 | total: 32) -> {'max_bond': 64, 'max_links': 4, 'total_elems': 129196, 'total_shapes': 2044, 'total_links': 222, 'num_tensors': 56}
2026-08-25 05:54:40,244 [INFO]     [0 | right | 0](candidate_pairs: 28/28 | new_swaps: 10 | total: 42) -> {'max_bond': 64, 'max_links': 4, 'total_elems': 59812, 'total_shapes': 1390, 'total_links': 222, 'num_tensors': 56}
2026-08-25 05:54:40,374 [INFO]     [0 | right | 1](candidate_pairs: 27/27 | new_swaps: 6 | total: 48) -> {'max_bond': 64, 'max_links': 4, 'total_elems': 40364, 'total_shapes': 1202, 'total_links': 222, 'num_tensors': 56}
2026-08-25 05:54:40,569 [INFO]     [1 | both | 0](candidate_pairs: 28/28 | new_swaps: 7 | total: 7) -> {'max_bond': 64, 'max_links': 4, 'total_elems': 22856, 'total_shapes': 1036, 'total_links': 222, 'num_tensors': 56}
2026-08-25 05:54:40,708 [INFO]     [1 | both | 1](candidate_pairs: 27/27 | new_swaps: 10 | total: 17) -> {'max_bond': 32, 'max_links': 4, 'total_elems': 11060, 'total_shapes': 794, 'total_links': 222, 'num_tensors': 56}
2026-08-25 05:54:40,771 [INFO]     [1 | left | 0](candidate_pairs: 28/28 | new_swaps: 5 | total: 22) -> {'max_bond': 32, 'max_links': 4, 'total_elems': 9908, 'total_shapes': 748, 'total_links': 222, 'num_tensors': 56}
2026-08-25 05:54:40,833 [INFO]     [1 | left | 1](candidate_pairs: 27/27 | new_swaps: 2 | total: 24) -> {'max_bond': 32, 'max_links': 4, 'total_elems': 9824, 'total_shapes': 738, 'total_links': 222, 'num_tensors': 56}
2026-08-25 05:54:40,896 [INFO]     [1 | right | 0](candidate_pairs: 28/28 | new_swaps: 3 | total: 27) -> {'max_bond': 32, 'max_links': 4, 'total_elems': 9668, 'total_shapes': 720, 'total_links': 222, 'num_tensors': 56}
2026-08-25 05:54:40,958 [INFO]     [1 | right | 1](candidate_pairs: 27/27 | new_swaps: 1 | total: 28) -> {'max_bond': 32, 'max_links': 4, 'total_elems': 9608, 'total_shapes': 714, 'total_links': 222, 'num_tensors': 56}
2026-08-25 05:54:41,076 [INFO]     [2 | both | 0](candidate_pairs: 28/28 | new_swaps: 9 | total: 9) -> {'max_bond': 32, 'max_links': 4, 'total_elems': 4184, 'total_shapes': 586, 'total_links': 222, 'num_tensors': 56}
2026-08-25 05:54:41,187 [INFO]     [2 | both | 1](candidate_pairs: 27/27 | new_swaps: 8 | total: 17) -> {'max_bond': 8, 'max_links': 4, 'total_elems': 1520, 'total_shapes': 464, 'total_links': 222, 'num_tensors': 56}
2026-08-25 05:54:41,248 [INFO]     [2 | left | 0](candidate_pairs: 28/28 | new_swaps: 2 | total: 19) -> {'max_bond': 8, 'max_links': 4, 'total_elems': 1256, 'total_shapes': 446, 'total_links': 222, 'num_tensors': 56}
2026-08-25 05:54:41,307 [INFO]     [2 | left | 1](candidate_pairs: 27/27 | new_swaps: 2 | total: 21) -> {'max_bond': 8, 'max_links': 4, 'total_elems': 1072, 'total_shapes': 432, 'total_links': 222, 'num_tensors': 56}
2026-08-25 05:54:41,366 [INFO]     [2 | right | 0](candidate_pairs: 28/28 | new_swaps: 3 | total: 24) -> {'max_bond': 4, 'max_links': 4, 'total_elems': 760, 'total_shapes': 408, 'total_links': 222, 'num_tensors': 56}
2026-08-25 05:54:41,427 [INFO]     [2 | right | 1](candidate_pairs: 27/27 | new_swaps: 2 | total: 26) -> {'max_bond': 4, 'max_links': 4, 'total_elems': 640, 'total_shapes': 396, 'total_links': 222, 'num_tensors': 56}
2026-08-25 05:54:41,524 [INFO]     [3 | both | 0](candidate_pairs: 28/28 | new_swaps: 3 | total: 3) -> {'max_bond': 4, 'max_links': 4, 'total_elems': 508, 'total_shapes': 382, 'total_links': 222, 'num_tensors': 56}
2026-08-25 05:54:41,622 [INFO]     [3 | both | 1](candidate_pairs: 27/27 | new_swaps: 4 | total: 7) -> {'max_bond': 4, 'max_links': 4, 'total_elems': 460, 'total_shapes': 374, 'total_links': 222, 'num_tensors': 56}
2026-08-25 05:54:41,644 [INFO]     [3 | left | 0](candidate_pairs: 28/28 | new_swaps: 0 | total: 7) -> {'max_bond': 4, 'max_links': 4, 'total_elems': 460, 'total_shapes': 374, 'total_links': 222, 'num_tensors': 56}
2026-08-25 05:54:41,702 [INFO]     [3 | left | 1](candidate_pairs: 27/27 | new_swaps: 2 | total: 9) -> {'max_bond': 4, 'max_links': 4, 'total_elems': 396, 'total_shapes': 364, 'total_links': 222, 'num_tensors': 56}
2026-08-25 05:54:41,762 [INFO]     [3 | right | 0](candidate_pairs: 28/28 | new_swaps: 1 | total: 10) -> {'max_bond': 4, 'max_links': 4, 'total_elems': 372, 'total_shapes': 360, 'total_links': 222, 'num_tensors': 56}
2026-08-25 05:54:41,784 [INFO]     [3 | right | 1](candidate_pairs: 27/27 | new_swaps: 0 | total: 10) -> {'max_bond': 4, 'max_links': 4, 'total_elems': 372, 'total_shapes': 360, 'total_links': 222, 'num_tensors': 56}
2026-08-25 05:54:41,888 [INFO]     [4 | both | 0](candidate_pairs: 28/28 | new_swaps: 3 | total: 3) -> {'max_bond': 4, 'max_links': 4, 'total_elems': 336, 'total_shapes': 354, 'total_links': 222, 'num_tensors': 56}
2026-08-25 05:54:41,935 [INFO]     [4 | both | 1](candidate_pairs: 27/27 | new_swaps: 0 | total: 3) -> {'max_bond': 4, 'max_links': 4, 'total_elems': 336, 'total_shapes': 354, 'total_links': 222, 'num_tensors': 56}
2026-08-25 05:54:41,959 [INFO]     [4 | left | 0](candidate_pairs: 28/28 | new_swaps: 0 | total: 3) -> {'max_bond': 4, 'max_links': 4, 'total_elems': 336, 'total_shapes': 354, 'total_links': 222, 'num_tensors': 56}
2026-08-25 05:54:41,983 [INFO]     [4 | left | 1](candidate_pairs: 27/27 | new_swaps: 0 | total: 3) -> {'max_bond': 4, 'max_links': 4, 'total_elems': 336, 'total_shapes': 354, 'total_links': 222, 'num_tensors': 56}
2026-08-25 05:54:42,008 [INFO]     [4 | right | 0](candidate_pairs: 28/28 | new_swaps: 0 | total: 3) -> {'max_bond': 4, 'max_links': 4, 'total_elems': 336, 'total_shapes': 354, 'total_links': 222, 'num_tensors': 56}
2026-08-25 05:54:42,032 [INFO]     [4 | right | 1](candidate_pairs: 27/27 | new_swaps: 0 | total: 3) -> {'max_bond': 4, 'max_links': 4, 'total_elems': 336, 'total_shapes': 354, 'total_links': 222, 'num_tensors': 56}
2026-08-25 05:54:42,076 [INFO]     [5 | both | 0](candidate_pairs: 28/28 | new_swaps: 0 | total: 0) -> {'max_bond': 4, 'max_links': 4, 'total_elems': 336, 'total_shapes': 354, 'total_links': 222, 'num_tensors': 56}
2026-08-25 05:54:42,117 [INFO]     [5 | both | 1](candidate_pairs: 27/27 | new_swaps: 0 | total: 0) -> {'max_bond': 4, 'max_links': 4, 'total_elems': 336, 'total_shapes': 354, 'total_links': 222, 'num_tensors': 56}
2026-08-25 05:54:42,139 [INFO]     [5 | left | 0](candidate_pairs: 28/28 | new_swaps: 0 | total: 0) -> {'max_bond': 4, 'max_links': 4, 'total_elems': 336, 'total_shapes': 354, 'total_links': 222, 'num_tensors': 56}
2026-08-25 05:54:42,163 [INFO]     [5 | left | 1](candidate_pairs: 27/27 | new_swaps: 0 | total: 0) -> {'max_bond': 4, 'max_links': 4, 'total_elems': 336, 'total_shapes': 354, 'total_links': 222, 'num_tensors': 56}
2026-08-25 05:54:42,186 [INFO]     [5 | right | 0](candidate_pairs: 28/28 | new_swaps: 0 | total: 0) -> {'max_bond': 4, 'max_links': 4, 'total_elems': 336, 'total_shapes': 354, 'total_links': 222, 'num_tensors': 56}
2026-08-25 05:54:42,207 [INFO]     [5 | right | 1](candidate_pairs: 27/27 | new_swaps: 0 | total: 0) -> {'max_bond': 4, 'max_links': 4, 'total_elems': 336, 'total_shapes': 354, 'total_links': 222, 'num_tensors': 56}
2026-08-25 05:54:42,208 [INFO]     [end unswap] -> {'max_bond': 4, 'max_links': 4, 'total_elems': 336, 'total_shapes': 354, 'total_links': 222, 'num_tensors': 56}
2026-08-25 05:54:42,209 [INFO] [start rewire](phase=post_unswap, cycle=1, side=left, layers=1349, trials=20, seed=123, parallel=False, route_candidates=1, route_score=none)
2026-08-25 05:54:43,548 [INFO] [end rewire](phase=post_unswap, cycle=1, side=left, routed_layers=1579, elapsed_s=1.34)
2026-08-25 05:54:43,548 [INFO] [start rewire](phase=post_unswap, cycle=1, side=right, layers=1552, trials=20, seed=123, parallel=False, route_candidates=1, route_score=none)
2026-08-25 05:54:45,087 [INFO] [end rewire](phase=post_unswap, cycle=1, side=right, routed_layers=1550, elapsed_s=1.54)
2026-08-25 05:54:45,151 [INFO] [1L/1577](swap: 12, u: 0 | c_u: 0 | t_u_l: 4/942 | t_u_r: 3/943 | t_u: 7/1885) -> {'max_bond': 4, 'max_links': 4, 'total_elems': 336, 'total_shapes': 354, 'total_links': 222, 'num_tensors': 56}
2026-08-25 05:54:45,210 [INFO] [2L/1577](swap: 12, u: 0 | c_u: 0 | t_u_l: 4/942 | t_u_r: 3/943 | t_u: 7/1885) -> {'max_bond': 4, 'max_links': 4, 'total_elems': 628, 'total_shapes': 422, 'total_links': 222, 'num_tensors': 56}
2026-08-25 05:54:45,270 [INFO] [1R/1548](swap: 12, u: 0 | c_u: 0 | t_u_l: 4/942 | t_u_r: 3/943 | t_u: 7/1885) -> {'max_bond': 4, 'max_links': 4, 'total_elems': 1028, 'total_shapes': 478, 'total_links': 222, 'num_tensors': 56}
2026-08-25 05:54:45,330 [INFO] [2R/1548](swap: 13, u: 0 | c_u: 0 | t_u_l: 4/942 | t_u_r: 3/943 | t_u: 7/1885) -> {'max_bond': 8, 'max_links': 4, 'total_elems': 1756, 'total_shapes': 542, 'total_links': 222, 'num_tensors': 56}
2026-08-25 05:54:45,392 [INFO] [3L/1577](swap: 12, u: 1 | c_u: 1 | t_u_l: 5/942 | t_u_r: 3/943 | t_u: 8/1885) -> {'max_bond': 8, 'max_links': 4, 'total_elems': 2640, 'total_shapes': 598, 'total_links': 222, 'num_tensors': 56}
2026-08-25 05:54:45,453 [INFO] [4L/1577](swap: 12, u: 0 | c_u: 1 | t_u_l: 5/942 | t_u_r: 3/943 | t_u: 8/1885) -> {'max_bond': 16, 'max_links': 4, 'total_elems': 4644, 'total_shapes': 714, 'total_links': 222, 'num_tensors': 56}
2026-08-25 05:54:45,517 [INFO] [3R/1548](swap: 12, u: 0 | c_u: 1 | t_u_l: 5/942 | t_u_r: 3/943 | t_u: 8/1885) -> {'max_bond': 16, 'max_links': 4, 'total_elems': 8772, 'total_shapes': 832, 'total_links': 222, 'num_tensors': 56}
2026-08-25 05:54:45,585 [INFO] [5L/1577](swap: 11, u: 0 | c_u: 1 | t_u_l: 5/942 | t_u_r: 3/943 | t_u: 8/1885) -> {'max_bond': 64, 'max_links': 4, 'total_elems': 19236, 'total_shapes': 1054, 'total_links': 222, 'num_tensors': 56}
2026-08-25 05:54:45,673 [INFO] [4R/1548](swap: 12, u: 0 | c_u: 1 | t_u_l: 5/942 | t_u_r: 3/943 | t_u: 8/1885) -> {'max_bond': 64, 'max_links': 4, 'total_elems': 29860, 'total_shapes': 1294, 'total_links': 222, 'num_tensors': 56}
2026-08-25 05:54:45,772 [INFO] [5R/1548](swap: 12, u: 1 | c_u: 2 | t_u_l: 5/942 | t_u_r: 4/943 | t_u: 9/1885) -> {'max_bond': 64, 'max_links': 4, 'total_elems': 52896, 'total_shapes': 1476, 'total_links': 222, 'num_tensors': 56}
2026-08-25 05:54:45,897 [INFO] [6L/1577](swap: 11, u: 0 | c_u: 2 | t_u_l: 5/942 | t_u_r: 4/943 | t_u: 9/1885) -> {'max_bond': 64, 'max_links': 4, 'total_elems': 45024, 'total_shapes': 1572, 'total_links': 222, 'num_tensors': 56}
2026-08-25 05:54:46,021 [INFO] [6R/1548](swap: 12, u: 2 | c_u: 4 | t_u_l: 5/942 | t_u_r: 6/943 | t_u: 11/1885) -> {'max_bond': 64, 'max_links': 4, 'total_elems': 42980, 'total_shapes': 1542, 'total_links': 222, 'num_tensors': 56}
2026-08-25 05:54:46,134 [INFO] [7R/1548](swap: 13, u: 1 | c_u: 5 | t_u_l: 5/942 | t_u_r: 7/943 | t_u: 12/1885) -> {'max_bond': 64, 'max_links': 4, 'total_elems': 75200, 'total_shapes': 1906, 'total_links': 222, 'num_tensors': 56}
2026-08-25 05:54:46,266 [INFO] [7L/1577](swap: 12, u: 0 | c_u: 5 | t_u_l: 5/942 | t_u_r: 7/943 | t_u: 12/1885) -> {'max_bond': 64, 'max_links': 4, 'total_elems': 102880, 'total_shapes': 2160, 'total_links': 222, 'num_tensors': 56}
2026-08-25 05:54:46,432 [INFO] [8R/1548](swap: 12, u: 0 | c_u: 5 | t_u_l: 5/942 | t_u_r: 7/943 | t_u: 12/1885) -> {'max_bond': 64, 'max_links': 4, 'total_elems': 154720, 'total_shapes': 2608, 'total_links': 222, 'num_tensors': 56}
2026-08-25 05:54:46,686 [INFO] [9R/1548](swap: 9, u: 1 | c_u: 6 | t_u_l: 5/942 | t_u_r: 8/943 | t_u: 13/1885) -> {'max_bond': 64, 'max_links': 4, 'total_elems': 189408, 'total_shapes': 2896, 'total_links': 222, 'num_tensors': 56}
2026-08-25 05:54:46,977 [INFO]     [start unswap] -> {'max_bond': 64, 'max_links': 4, 'total_elems': 189408, 'total_shapes': 2896, 'total_links': 222, 'num_tensors': 56}
2026-08-25 05:54:49,107 [INFO]     [0 | both | 0](candidate_pairs: 28/28 | new_swaps: 7 | total: 7) -> {'max_bond': 256, 'max_links': 4, 'total_elems': 306432, 'total_shapes': 3314, 'total_links': 222, 'num_tensors': 56}
2026-08-25 05:54:49,875 [INFO]     [0 | both | 1](candidate_pairs: 27/27 | new_swaps: 10 | total: 17) -> {'max_bond': 64, 'max_links': 4, 'total_elems': 140772, 'total_shapes': 2408, 'total_links': 222, 'num_tensors': 56}
2026-08-25 05:54:50,088 [INFO]     [0 | left | 0](candidate_pairs: 28/28 | new_swaps: 6 | total: 23) -> {'max_bond': 64, 'max_links': 4, 'total_elems': 122340, 'total_shapes': 2120, 'total_links': 222, 'num_tensors': 56}
2026-08-25 05:54:50,328 [INFO]     [0 | left | 1](candidate_pairs: 27/27 | new_swaps: 8 | total: 31) -> {'max_bond': 64, 'max_links': 4, 'total_elems': 77832, 'total_shapes': 1804, 'total_links': 222, 'num_tensors': 56}
2026-08-25 05:54:50,459 [INFO]     [0 | right | 0](candidate_pairs: 28/28 | new_swaps: 9 | total: 40) -> {'max_bond': 64, 'max_links': 4, 'total_elems': 46908, 'total_shapes': 1434, 'total_links': 222, 'num_tensors': 56}
2026-08-25 05:54:50,558 [INFO]     [0 | right | 1](candidate_pairs: 27/27 | new_swaps: 5 | total: 45) -> {'max_bond': 64, 'max_links': 4, 'total_elems': 32252, 'total_shapes': 1274, 'total_links': 222, 'num_tensors': 56}
2026-08-25 05:54:50,727 [INFO]     [1 | both | 0](candidate_pairs: 28/28 | new_swaps: 14 | total: 14) -> {'max_bond': 32, 'max_links': 4, 'total_elems': 16084, 'total_shapes': 1010, 'total_links': 222, 'num_tensors': 56}
2026-08-25 05:54:50,846 [INFO]     [1 | both | 1](candidate_pairs: 27/27 | new_swaps: 9 | total: 23) -> {'max_bond': 32, 'max_links': 4, 'total_elems': 12656, 'total_shapes': 886, 'total_links': 222, 'num_tensors': 56}
2026-08-25 05:54:50,909 [INFO]     [1 | left | 0](candidate_pairs: 28/28 | new_swaps: 4 | total: 27) -> {'max_bond': 32, 'max_links': 4, 'total_elems': 11504, 'total_shapes': 838, 'total_links': 222, 'num_tensors': 56}
2026-08-25 05:54:50,971 [INFO]     [1 | left | 1](candidate_pairs: 27/27 | new_swaps: 6 | total: 33) -> {'max_bond': 32, 'max_links': 4, 'total_elems': 9436, 'total_shapes': 754, 'total_links': 222, 'num_tensors': 56}
2026-08-25 05:54:51,032 [INFO]     [1 | right | 0](candidate_pairs: 28/28 | new_swaps: 4 | total: 37) -> {'max_bond': 32, 'max_links': 4, 'total_elems': 8248, 'total_shapes': 712, 'total_links': 222, 'num_tensors': 56}
2026-08-25 05:54:51,086 [INFO]     [1 | right | 1](candidate_pairs: 27/27 | new_swaps: 1 | total: 38) -> {'max_bond': 32, 'max_links': 4, 'total_elems': 8188, 'total_shapes': 706, 'total_links': 222, 'num_tensors': 56}
2026-08-25 05:54:51,195 [INFO]     [2 | both | 0](candidate_pairs: 28/28 | new_swaps: 6 | total: 6) -> {'max_bond': 32, 'max_links': 4, 'total_elems': 7576, 'total_shapes': 664, 'total_links': 222, 'num_tensors': 56}
2026-08-25 05:54:51,300 [INFO]     [2 | both | 1](candidate_pairs: 27/27 | new_swaps: 11 | total: 17) -> {'max_bond': 32, 'max_links': 4, 'total_elems': 5832, 'total_shapes': 588, 'total_links': 222, 'num_tensors': 56}
2026-08-25 05:54:51,354 [INFO]     [2 | left | 0](candidate_pairs: 28/28 | new_swaps: 4 | total: 21) -> {'max_bond': 32, 'max_links': 4, 'total_elems': 5604, 'total_shapes': 564, 'total_links': 222, 'num_tensors': 56}
2026-08-25 05:54:51,377 [INFO]     [2 | left | 1](candidate_pairs: 27/27 | new_swaps: 0 | total: 21) -> {'max_bond': 32, 'max_links': 4, 'total_elems': 5604, 'total_shapes': 564, 'total_links': 222, 'num_tensors': 56}
2026-08-25 05:54:51,430 [INFO]     [2 | right | 0](candidate_pairs: 28/28 | new_swaps: 2 | total: 23) -> {'max_bond': 32, 'max_links': 4, 'total_elems': 5460, 'total_shapes': 552, 'total_links': 222, 'num_tensors': 56}
2026-08-25 05:54:51,453 [INFO]     [2 | right | 1](candidate_pairs: 27/27 | new_swaps: 0 | total: 23) -> {'max_bond': 32, 'max_links': 4, 'total_elems': 5460, 'total_shapes': 552, 'total_links': 222, 'num_tensors': 56}
2026-08-25 05:54:51,547 [INFO]     [3 | both | 0](candidate_pairs: 28/28 | new_swaps: 3 | total: 3) -> {'max_bond': 32, 'max_links': 4, 'total_elems': 4248, 'total_shapes': 530, 'total_links': 222, 'num_tensors': 56}
2026-08-25 05:54:51,641 [INFO]     [3 | both | 1](candidate_pairs: 27/27 | new_swaps: 8 | total: 11) -> {'max_bond': 16, 'max_links': 4, 'total_elems': 1344, 'total_shapes': 450, 'total_links': 222, 'num_tensors': 56}
2026-08-25 05:54:51,690 [INFO]     [3 | left | 0](candidate_pairs: 28/28 | new_swaps: 2 | total: 13) -> {'max_bond': 8, 'max_links': 4, 'total_elems': 936, 'total_shapes': 420, 'total_links': 222, 'num_tensors': 56}
2026-08-25 05:54:51,738 [INFO]     [3 | left | 1](candidate_pairs: 27/27 | new_swaps: 1 | total: 14) -> {'max_bond': 8, 'max_links': 4, 'total_elems': 876, 'total_shapes': 414, 'total_links': 222, 'num_tensors': 56}
2026-08-25 05:54:51,759 [INFO]     [3 | right | 0](candidate_pairs: 28/28 | new_swaps: 0 | total: 14) -> {'max_bond': 8, 'max_links': 4, 'total_elems': 876, 'total_shapes': 414, 'total_links': 222, 'num_tensors': 56}
2026-08-25 05:54:51,779 [INFO]     [3 | right | 1](candidate_pairs: 27/27 | new_swaps: 0 | total: 14) -> {'max_bond': 8, 'max_links': 4, 'total_elems': 876, 'total_shapes': 414, 'total_links': 222, 'num_tensors': 56}
2026-08-25 05:54:51,866 [INFO]     [4 | both | 0](candidate_pairs: 28/28 | new_swaps: 3 | total: 3) -> {'max_bond': 8, 'max_links': 4, 'total_elems': 776, 'total_shapes': 404, 'total_links': 222, 'num_tensors': 56}
2026-08-25 05:54:51,949 [INFO]     [4 | both | 1](candidate_pairs: 27/27 | new_swaps: 1 | total: 4) -> {'max_bond': 8, 'max_links': 4, 'total_elems': 764, 'total_shapes': 402, 'total_links': 222, 'num_tensors': 56}
2026-08-25 05:54:51,970 [INFO]     [4 | left | 0](candidate_pairs: 28/28 | new_swaps: 0 | total: 4) -> {'max_bond': 8, 'max_links': 4, 'total_elems': 764, 'total_shapes': 402, 'total_links': 222, 'num_tensors': 56}
2026-08-25 05:54:52,018 [INFO]     [4 | left | 1](candidate_pairs: 27/27 | new_swaps: 1 | total: 5) -> {'max_bond': 8, 'max_links': 4, 'total_elems': 716, 'total_shapes': 396, 'total_links': 222, 'num_tensors': 56}
2026-08-25 05:54:52,038 [INFO]     [4 | right | 0](candidate_pairs: 28/28 | new_swaps: 0 | total: 5) -> {'max_bond': 8, 'max_links': 4, 'total_elems': 716, 'total_shapes': 396, 'total_links': 222, 'num_tensors': 56}
2026-08-25 05:54:52,058 [INFO]     [4 | right | 1](candidate_pairs: 27/27 | new_swaps: 0 | total: 5) -> {'max_bond': 8, 'max_links': 4, 'total_elems': 716, 'total_shapes': 396, 'total_links': 222, 'num_tensors': 56}
2026-08-25 05:54:52,143 [INFO]     [5 | both | 0](candidate_pairs: 28/28 | new_swaps: 1 | total: 1) -> {'max_bond': 8, 'max_links': 4, 'total_elems': 704, 'total_shapes': 394, 'total_links': 222, 'num_tensors': 56}
2026-08-25 05:54:52,227 [INFO]     [5 | both | 1](candidate_pairs: 27/27 | new_swaps: 1 | total: 2) -> {'max_bond': 8, 'max_links': 4, 'total_elems': 692, 'total_shapes': 392, 'total_links': 222, 'num_tensors': 56}
2026-08-25 05:54:52,247 [INFO]     [5 | left | 0](candidate_pairs: 28/28 | new_swaps: 0 | total: 2) -> {'max_bond': 8, 'max_links': 4, 'total_elems': 692, 'total_shapes': 392, 'total_links': 222, 'num_tensors': 56}
2026-08-25 05:54:52,268 [INFO]     [5 | left | 1](candidate_pairs: 27/27 | new_swaps: 0 | total: 2) -> {'max_bond': 8, 'max_links': 4, 'total_elems': 692, 'total_shapes': 392, 'total_links': 222, 'num_tensors': 56}
2026-08-25 05:54:52,288 [INFO]     [5 | right | 0](candidate_pairs: 28/28 | new_swaps: 0 | total: 2) -> {'max_bond': 8, 'max_links': 4, 'total_elems': 692, 'total_shapes': 392, 'total_links': 222, 'num_tensors': 56}
2026-08-25 05:54:52,308 [INFO]     [5 | right | 1](candidate_pairs: 27/27 | new_swaps: 0 | total: 2) -> {'max_bond': 8, 'max_links': 4, 'total_elems': 692, 'total_shapes': 392, 'total_links': 222, 'num_tensors': 56}
2026-08-25 05:54:52,392 [INFO]     [6 | both | 0](candidate_pairs: 28/28 | new_swaps: 1 | total: 1) -> {'max_bond': 8, 'max_links': 4, 'total_elems': 680, 'total_shapes': 390, 'total_links': 222, 'num_tensors': 56}
2026-08-25 05:54:52,475 [INFO]     [6 | both | 1](candidate_pairs: 27/27 | new_swaps: 1 | total: 2) -> {'max_bond': 8, 'max_links': 4, 'total_elems': 668, 'total_shapes': 388, 'total_links': 222, 'num_tensors': 56}
2026-08-25 05:54:52,496 [INFO]     [6 | left | 0](candidate_pairs: 28/28 | new_swaps: 0 | total: 2) -> {'max_bond': 8, 'max_links': 4, 'total_elems': 668, 'total_shapes': 388, 'total_links': 222, 'num_tensors': 56}
2026-08-25 05:54:52,516 [INFO]     [6 | left | 1](candidate_pairs: 27/27 | new_swaps: 0 | total: 2) -> {'max_bond': 8, 'max_links': 4, 'total_elems': 668, 'total_shapes': 388, 'total_links': 222, 'num_tensors': 56}
2026-08-25 05:54:52,536 [INFO]     [6 | right | 0](candidate_pairs: 28/28 | new_swaps: 0 | total: 2) -> {'max_bond': 8, 'max_links': 4, 'total_elems': 668, 'total_shapes': 388, 'total_links': 222, 'num_tensors': 56}
2026-08-25 05:54:52,557 [INFO]     [6 | right | 1](candidate_pairs: 27/27 | new_swaps: 0 | total: 2) -> {'max_bond': 8, 'max_links': 4, 'total_elems': 668, 'total_shapes': 388, 'total_links': 222, 'num_tensors': 56}
2026-08-25 05:54:52,595 [INFO]     [7 | both | 0](candidate_pairs: 28/28 | new_swaps: 0 | total: 0) -> {'max_bond': 8, 'max_links': 4, 'total_elems': 668, 'total_shapes': 388, 'total_links': 222, 'num_tensors': 56}
2026-08-25 05:54:52,634 [INFO]     [7 | both | 1](candidate_pairs: 27/27 | new_swaps: 0 | total: 0) -> {'max_bond': 8, 'max_links': 4, 'total_elems': 668, 'total_shapes': 388, 'total_links': 222, 'num_tensors': 56}
2026-08-25 05:54:52,654 [INFO]     [7 | left | 0](candidate_pairs: 28/28 | new_swaps: 0 | total: 0) -> {'max_bond': 8, 'max_links': 4, 'total_elems': 668, 'total_shapes': 388, 'total_links': 222, 'num_tensors': 56}
2026-08-25 05:54:52,674 [INFO]     [7 | left | 1](candidate_pairs: 27/27 | new_swaps: 0 | total: 0) -> {'max_bond': 8, 'max_links': 4, 'total_elems': 668, 'total_shapes': 388, 'total_links': 222, 'num_tensors': 56}
2026-08-25 05:54:52,695 [INFO]     [7 | right | 0](candidate_pairs: 28/28 | new_swaps: 0 | total: 0) -> {'max_bond': 8, 'max_links': 4, 'total_elems': 668, 'total_shapes': 388, 'total_links': 222, 'num_tensors': 56}
2026-08-25 05:54:52,715 [INFO]     [7 | right | 1](candidate_pairs: 27/27 | new_swaps: 0 | total: 0) -> {'max_bond': 8, 'max_links': 4, 'total_elems': 668, 'total_shapes': 388, 'total_links': 222, 'num_tensors': 56}
2026-08-25 05:54:52,715 [INFO]     [end unswap] -> {'max_bond': 8, 'max_links': 4, 'total_elems': 668, 'total_shapes': 388, 'total_links': 222, 'num_tensors': 56}
2026-08-25 05:54:52,716 [INFO] [start rewire](phase=post_unswap, cycle=2, side=left, layers=1572, trials=20, seed=123, parallel=False, route_candidates=1, route_score=none)
2026-08-25 05:54:54,495 [INFO] [end rewire](phase=post_unswap, cycle=2, side=left, routed_layers=1285, elapsed_s=1.78)
2026-08-25 05:54:54,495 [INFO] [start rewire](phase=post_unswap, cycle=2, side=right, layers=1541, trials=20, seed=123, parallel=False, route_candidates=1, route_score=none)
2026-08-25 05:54:56,212 [INFO] [end rewire](phase=post_unswap, cycle=2, side=right, routed_layers=1695, elapsed_s=1.72)
2026-08-25 05:54:56,282 [INFO] [1L/1283](swap: 11, u: 0 | c_u: 0 | t_u_l: 5/942 | t_u_r: 8/943 | t_u: 13/1885) -> {'max_bond': 8, 'max_links': 4, 'total_elems': 668, 'total_shapes': 388, 'total_links': 222, 'num_tensors': 56}
2026-08-25 05:54:56,345 [INFO] [2L/1283](swap: 12, u: 0 | c_u: 0 | t_u_l: 5/942 | t_u_r: 8/943 | t_u: 13/1885) -> {'max_bond': 8, 'max_links': 4, 'total_elems': 996, 'total_shapes': 452, 'total_links': 222, 'num_tensors': 56}
2026-08-25 05:54:56,408 [INFO] [1R/1693](swap: 12, u: 0 | c_u: 0 | t_u_l: 5/942 | t_u_r: 8/943 | t_u: 13/1885) -> {'max_bond': 8, 'max_links': 4, 'total_elems': 1416, 'total_shapes': 496, 'total_links': 222, 'num_tensors': 56}
2026-08-25 05:54:56,472 [INFO] [3L/1283](swap: 14, u: 0 | c_u: 0 | t_u_l: 5/942 | t_u_r: 8/943 | t_u: 13/1885) -> {'max_bond': 8, 'max_links': 4, 'total_elems': 2044, 'total_shapes': 546, 'total_links': 222, 'num_tensors': 56}
2026-08-25 05:54:56,538 [INFO] [2R/1693](swap: 12, u: 0 | c_u: 0 | t_u_l: 5/942 | t_u_r: 8/943 | t_u: 13/1885) -> {'max_bond': 16, 'max_links': 4, 'total_elems': 3208, 'total_shapes': 632, 'total_links': 222, 'num_tensors': 56}
2026-08-25 05:54:56,604 [INFO] [3R/1693](swap: 11, u: 0 | c_u: 0 | t_u_l: 5/942 | t_u_r: 8/943 | t_u: 13/1885) -> {'max_bond': 16, 'max_links': 4, 'total_elems': 5824, 'total_shapes': 722, 'total_links': 222, 'num_tensors': 56}
2026-08-25 05:54:56,672 [INFO] [4L/1283](swap: 16, u: 0 | c_u: 0 | t_u_l: 5/942 | t_u_r: 8/943 | t_u: 13/1885) -> {'max_bond': 16, 'max_links': 4, 'total_elems': 9372, 'total_shapes': 874, 'total_links': 222, 'num_tensors': 56}
2026-08-25 05:54:56,743 [INFO] [4R/1693](swap: 10, u: 0 | c_u: 0 | t_u_l: 5/942 | t_u_r: 8/943 | t_u: 13/1885) -> {'max_bond': 64, 'max_links': 4, 'total_elems': 16576, 'total_shapes': 1038, 'total_links': 222, 'num_tensors': 56}
2026-08-25 05:54:56,817 [INFO] [5R/1693](swap: 9, u: 0 | c_u: 0 | t_u_l: 5/942 | t_u_r: 8/943 | t_u: 13/1885) -> {'max_bond': 64, 'max_links': 4, 'total_elems': 21088, 'total_shapes': 1176, 'total_links': 222, 'num_tensors': 56}
2026-08-25 05:54:56,897 [INFO] [5L/1283](swap: 14, u: 0 | c_u: 0 | t_u_l: 5/942 | t_u_r: 8/943 | t_u: 13/1885) -> {'max_bond': 64, 'max_links': 4, 'total_elems': 30784, 'total_shapes': 1432, 'total_links': 222, 'num_tensors': 56}
2026-08-25 05:54:56,988 [INFO] [6R/1693](swap: 7, u: 1 | c_u: 1 | t_u_l: 5/942 | t_u_r: 9/943 | t_u: 14/1885) -> {'max_bond': 64, 'max_links': 4, 'total_elems': 46848, 'total_shapes': 1728, 'total_links': 222, 'num_tensors': 56}
2026-08-25 05:54:57,088 [INFO] [6L/1283](swap: 14, u: 1 | c_u: 2 | t_u_l: 6/942 | t_u_r: 9/943 | t_u: 15/1885) -> {'max_bond': 64, 'max_links': 4, 'total_elems': 75200, 'total_shapes': 2044, 'total_links': 222, 'num_tensors': 56}
2026-08-25 05:54:57,215 [INFO] [7R/1693](swap: 5, u: 0 | c_u: 2 | t_u_l: 6/942 | t_u_r: 9/943 | t_u: 15/1885) -> {'max_bond': 64, 'max_links': 4, 'total_elems': 94976, 'total_shapes': 2220, 'total_links': 222, 'num_tensors': 56}
2026-08-25 05:54:57,349 [INFO] [8R/1693](swap: 5, u: 0 | c_u: 2 | t_u_l: 6/942 | t_u_r: 9/943 | t_u: 15/1885) -> {'max_bond': 64, 'max_links': 4, 'total_elems': 95936, 'total_shapes': 2260, 'total_links': 222, 'num_tensors': 56}
2026-08-25 05:54:57,486 [INFO] [9R/1693](swap: 6, u: 0 | c_u: 2 | t_u_l: 6/942 | t_u_r: 9/943 | t_u: 15/1885) -> {'max_bond': 64, 'max_links': 4, 'total_elems': 96448, 'total_shapes': 2276, 'total_links': 222, 'num_tensors': 56}
2026-08-25 05:54:57,620 [INFO] [10R/1693](swap: 7, u: 0 | c_u: 2 | t_u_l: 6/942 | t_u_r: 9/943 | t_u: 15/1885) -> {'max_bond': 64, 'max_links': 4, 'total_elems': 103520, 'total_shapes': 2400, 'total_links': 222, 'num_tensors': 56}
2026-08-25 05:54:57,766 [INFO] [11R/1693](swap: 7, u: 1 | c_u: 3 | t_u_l: 6/942 | t_u_r: 10/943 | t_u: 16/1885) -> {'max_bond': 64, 'max_links': 4, 'total_elems': 131296, 'total_shapes': 2648, 'total_links': 222, 'num_tensors': 56}
2026-08-25 05:54:57,956 [INFO] [7L/1283](swap: 12, u: 0 | c_u: 3 | t_u_l: 6/942 | t_u_r: 10/943 | t_u: 16/1885) -> {'max_bond': 64, 'max_links': 4, 'total_elems': 196128, 'total_shapes': 3160, 'total_links': 222, 'num_tensors': 56}
2026-08-25 05:54:58,234 [INFO]     [start unswap] -> {'max_bond': 64, 'max_links': 4, 'total_elems': 196128, 'total_shapes': 3160, 'total_links': 222, 'num_tensors': 56}
2026-08-25 05:54:59,295 [INFO]     [0 | both | 0](candidate_pairs: 28/28 | new_swaps: 5 | total: 5) -> {'max_bond': 64, 'max_links': 4, 'total_elems': 217632, 'total_shapes': 3208, 'total_links': 222, 'num_tensors': 56}
2026-08-25 05:54:59,984 [INFO]     [0 | both | 1](candidate_pairs: 27/27 | new_swaps: 13 | total: 18) -> {'max_bond': 64, 'max_links': 4, 'total_elems': 118496, 'total_shapes': 2408, 'total_links': 222, 'num_tensors': 56}
2026-08-25 05:55:00,180 [INFO]     [0 | left | 0](candidate_pairs: 28/28 | new_swaps: 9 | total: 27) -> {'max_bond': 64, 'max_links': 4, 'total_elems': 66720, 'total_shapes': 1864, 'total_links': 222, 'num_tensors': 56}
2026-08-25 05:55:00,368 [INFO]     [0 | left | 1](candidate_pairs: 27/27 | new_swaps: 12 | total: 39) -> {'max_bond': 64, 'max_links': 4, 'total_elems': 36576, 'total_shapes': 1472, 'total_links': 222, 'num_tensors': 56}
2026-08-25 05:55:00,469 [INFO]     [0 | right | 0](candidate_pairs: 28/28 | new_swaps: 7 | total: 46) -> {'max_bond': 32, 'max_links': 4, 'total_elems': 25152, 'total_shapes': 1244, 'total_links': 222, 'num_tensors': 56}
2026-08-25 05:55:00,555 [INFO]     [0 | right | 1](candidate_pairs: 27/27 | new_swaps: 5 | total: 51) -> {'max_bond': 32, 'max_links': 4, 'total_elems': 21792, 'total_shapes': 1174, 'total_links': 222, 'num_tensors': 56}
2026-08-25 05:55:00,750 [INFO]     [1 | both | 0](candidate_pairs: 28/28 | new_swaps: 9 | total: 9) -> {'max_bond': 32, 'max_links': 4, 'total_elems': 15484, 'total_shapes': 1014, 'total_links': 222, 'num_tensors': 56}
2026-08-25 05:55:00,912 [INFO]     [1 | both | 1](candidate_pairs: 27/27 | new_swaps: 10 | total: 19) -> {'max_bond': 32, 'max_links': 4, 'total_elems': 11576, 'total_shapes': 890, 'total_links': 222, 'num_tensors': 56}
2026-08-25 05:55:00,989 [INFO]     [1 | left | 0](candidate_pairs: 28/28 | new_swaps: 5 | total: 24) -> {'max_bond': 32, 'max_links': 4, 'total_elems': 10156, 'total_shapes': 832, 'total_links': 222, 'num_tensors': 56}
2026-08-25 05:55:01,065 [INFO]     [1 | left | 1](candidate_pairs: 27/27 | new_swaps: 6 | total: 30) -> {'max_bond': 32, 'max_links': 4, 'total_elems': 8676, 'total_shapes': 772, 'total_links': 222, 'num_tensors': 56}
2026-08-25 05:55:01,143 [INFO]     [1 | right | 0](candidate_pairs: 28/28 | new_swaps: 5 | total: 35) -> {'max_bond': 32, 'max_links': 4, 'total_elems': 8104, 'total_shapes': 736, 'total_links': 222, 'num_tensors': 56}
2026-08-25 05:55:01,218 [INFO]     [1 | right | 1](candidate_pairs: 27/27 | new_swaps: 3 | total: 38) -> {'max_bond': 32, 'max_links': 4, 'total_elems': 7764, 'total_shapes': 714, 'total_links': 222, 'num_tensors': 56}
2026-08-25 05:55:01,353 [INFO]     [2 | both | 0](candidate_pairs: 28/28 | new_swaps: 9 | total: 9) -> {'max_bond': 32, 'max_links': 4, 'total_elems': 6900, 'total_shapes': 662, 'total_links': 222, 'num_tensors': 56}
2026-08-25 05:55:01,483 [INFO]     [2 | both | 1](candidate_pairs: 27/27 | new_swaps: 4 | total: 13) -> {'max_bond': 32, 'max_links': 4, 'total_elems': 6576, 'total_shapes': 636, 'total_links': 222, 'num_tensors': 56}
2026-08-25 05:55:01,552 [INFO]     [2 | left | 0](candidate_pairs: 28/28 | new_swaps: 4 | total: 17) -> {'max_bond': 32, 'max_links': 4, 'total_elems': 6296, 'total_shapes': 608, 'total_links': 222, 'num_tensors': 56}
2026-08-25 05:55:01,624 [INFO]     [2 | left | 1](candidate_pairs: 27/27 | new_swaps: 3 | total: 20) -> {'max_bond': 32, 'max_links': 4, 'total_elems': 6188, 'total_shapes': 594, 'total_links': 222, 'num_tensors': 56}
2026-08-25 05:55:01,693 [INFO]     [2 | right | 0](candidate_pairs: 28/28 | new_swaps: 1 | total: 21) -> {'max_bond': 32, 'max_links': 4, 'total_elems': 6116, 'total_shapes': 588, 'total_links': 222, 'num_tensors': 56}
2026-08-25 05:55:01,746 [INFO]     [2 | right | 1](candidate_pairs: 27/27 | new_swaps: 1 | total: 22) -> {'max_bond': 32, 'max_links': 4, 'total_elems': 6076, 'total_shapes': 584, 'total_links': 222, 'num_tensors': 56}
2026-08-25 05:55:01,867 [INFO]     [3 | both | 0](candidate_pairs: 28/28 | new_swaps: 5 | total: 5) -> {'max_bond': 32, 'max_links': 4, 'total_elems': 5868, 'total_shapes': 564, 'total_links': 222, 'num_tensors': 56}
2026-08-25 05:55:01,985 [INFO]     [3 | both | 1](candidate_pairs: 27/27 | new_swaps: 6 | total: 11) -> {'max_bond': 32, 'max_links': 4, 'total_elems': 5688, 'total_shapes': 546, 'total_links': 222, 'num_tensors': 56}
2026-08-25 05:55:02,037 [INFO]     [3 | left | 0](candidate_pairs: 28/28 | new_swaps: 1 | total: 12) -> {'max_bond': 32, 'max_links': 4, 'total_elems': 5592, 'total_shapes': 538, 'total_links': 222, 'num_tensors': 56}
2026-08-25 05:55:02,100 [INFO]     [3 | left | 1](candidate_pairs: 27/27 | new_swaps: 1 | total: 13) -> {'max_bond': 32, 'max_links': 4, 'total_elems': 5520, 'total_shapes': 532, 'total_links': 222, 'num_tensors': 56}
2026-08-25 05:55:02,168 [INFO]     [3 | right | 0](candidate_pairs: 28/28 | new_swaps: 2 | total: 15) -> {'max_bond': 32, 'max_links': 4, 'total_elems': 5412, 'total_shapes': 522, 'total_links': 222, 'num_tensors': 56}
2026-08-25 05:55:02,219 [INFO]     [3 | right | 1](candidate_pairs: 27/27 | new_swaps: 1 | total: 16) -> {'max_bond': 32, 'max_links': 4, 'total_elems': 5124, 'total_shapes': 514, 'total_links': 222, 'num_tensors': 56}
2026-08-25 05:55:02,335 [INFO]     [4 | both | 0](candidate_pairs: 28/28 | new_swaps: 2 | total: 2) -> {'max_bond': 32, 'max_links': 4, 'total_elems': 3960, 'total_shapes': 496, 'total_links': 222, 'num_tensors': 56}
2026-08-25 05:55:02,449 [INFO]     [4 | both | 1](candidate_pairs: 27/27 | new_swaps: 2 | total: 4) -> {'max_bond': 16, 'max_links': 4, 'total_elems': 1260, 'total_shapes': 438, 'total_links': 222, 'num_tensors': 56}
2026-08-25 05:55:02,511 [INFO]     [4 | left | 0](candidate_pairs: 28/28 | new_swaps: 1 | total: 5) -> {'max_bond': 8, 'max_links': 4, 'total_elems': 876, 'total_shapes': 414, 'total_links': 222, 'num_tensors': 56}
2026-08-25 05:55:02,571 [INFO]     [4 | left | 1](candidate_pairs: 27/27 | new_swaps: 1 | total: 6) -> {'max_bond': 8, 'max_links': 4, 'total_elems': 828, 'total_shapes': 410, 'total_links': 222, 'num_tensors': 56}
2026-08-25 05:55:02,596 [INFO]     [4 | right | 0](candidate_pairs: 28/28 | new_swaps: 0 | total: 6) -> {'max_bond': 8, 'max_links': 4, 'total_elems': 828, 'total_shapes': 410, 'total_links': 222, 'num_tensors': 56}
2026-08-25 05:55:02,620 [INFO]     [4 | right | 1](candidate_pairs: 27/27 | new_swaps: 0 | total: 6) -> {'max_bond': 8, 'max_links': 4, 'total_elems': 828, 'total_shapes': 410, 'total_links': 222, 'num_tensors': 56}
2026-08-25 05:55:02,726 [INFO]     [5 | both | 0](candidate_pairs: 28/28 | new_swaps: 1 | total: 1) -> {'max_bond': 8, 'max_links': 4, 'total_elems': 816, 'total_shapes': 408, 'total_links': 222, 'num_tensors': 56}
2026-08-25 05:55:02,775 [INFO]     [5 | both | 1](candidate_pairs: 27/27 | new_swaps: 0 | total: 1) -> {'max_bond': 8, 'max_links': 4, 'total_elems': 816, 'total_shapes': 408, 'total_links': 222, 'num_tensors': 56}
2026-08-25 05:55:02,801 [INFO]     [5 | left | 0](candidate_pairs: 28/28 | new_swaps: 0 | total: 1) -> {'max_bond': 8, 'max_links': 4, 'total_elems': 816, 'total_shapes': 408, 'total_links': 222, 'num_tensors': 56}
2026-08-25 05:55:02,827 [INFO]     [5 | left | 1](candidate_pairs: 27/27 | new_swaps: 0 | total: 1) -> {'max_bond': 8, 'max_links': 4, 'total_elems': 816, 'total_shapes': 408, 'total_links': 222, 'num_tensors': 56}
2026-08-25 05:55:02,852 [INFO]     [5 | right | 0](candidate_pairs: 28/28 | new_swaps: 0 | total: 1) -> {'max_bond': 8, 'max_links': 4, 'total_elems': 816, 'total_shapes': 408, 'total_links': 222, 'num_tensors': 56}
2026-08-25 05:55:02,877 [INFO]     [5 | right | 1](candidate_pairs: 27/27 | new_swaps: 0 | total: 1) -> {'max_bond': 8, 'max_links': 4, 'total_elems': 816, 'total_shapes': 408, 'total_links': 222, 'num_tensors': 56}
2026-08-25 05:55:02,927 [INFO]     [6 | both | 0](candidate_pairs: 28/28 | new_swaps: 0 | total: 0) -> {'max_bond': 8, 'max_links': 4, 'total_elems': 816, 'total_shapes': 408, 'total_links': 222, 'num_tensors': 56}
2026-08-25 05:55:02,977 [INFO]     [6 | both | 1](candidate_pairs: 27/27 | new_swaps: 0 | total: 0) -> {'max_bond': 8, 'max_links': 4, 'total_elems': 816, 'total_shapes': 408, 'total_links': 222, 'num_tensors': 56}
2026-08-25 05:55:03,003 [INFO]     [6 | left | 0](candidate_pairs: 28/28 | new_swaps: 0 | total: 0) -> {'max_bond': 8, 'max_links': 4, 'total_elems': 816, 'total_shapes': 408, 'total_links': 222, 'num_tensors': 56}
2026-08-25 05:55:03,028 [INFO]     [6 | left | 1](candidate_pairs: 27/27 | new_swaps: 0 | total: 0) -> {'max_bond': 8, 'max_links': 4, 'total_elems': 816, 'total_shapes': 408, 'total_links': 222, 'num_tensors': 56}
2026-08-25 05:55:03,052 [INFO]     [6 | right | 0](candidate_pairs: 28/28 | new_swaps: 0 | total: 0) -> {'max_bond': 8, 'max_links': 4, 'total_elems': 816, 'total_shapes': 408, 'total_links': 222, 'num_tensors': 56}
2026-08-25 05:55:03,077 [INFO]     [6 | right | 1](candidate_pairs: 27/27 | new_swaps: 0 | total: 0) -> {'max_bond': 8, 'max_links': 4, 'total_elems': 816, 'total_shapes': 408, 'total_links': 222, 'num_tensors': 56}
2026-08-25 05:55:03,077 [INFO]     [end unswap] -> {'max_bond': 8, 'max_links': 4, 'total_elems': 816, 'total_shapes': 408, 'total_links': 222, 'num_tensors': 56}
2026-08-25 05:55:03,078 [INFO] [start rewire](phase=post_unswap, cycle=3, side=left, layers=1278, trials=20, seed=123, parallel=False, route_candidates=1, route_score=none)
2026-08-25 05:55:05,001 [INFO] [end rewire](phase=post_unswap, cycle=3, side=left, routed_layers=1561, elapsed_s=1.92)
2026-08-25 05:55:05,001 [INFO] [start rewire](phase=post_unswap, cycle=3, side=right, layers=1684, trials=20, seed=123, parallel=False, route_candidates=1, route_score=none)
2026-08-25 05:55:06,614 [INFO] [end rewire](phase=post_unswap, cycle=3, side=right, routed_layers=1478, elapsed_s=1.61)
2026-08-25 05:55:06,700 [INFO] [1L/1559](swap: 11, u: 0 | c_u: 0 | t_u_l: 6/942 | t_u_r: 10/943 | t_u: 16/1885) -> {'max_bond': 8, 'max_links': 4, 'total_elems': 816, 'total_shapes': 408, 'total_links': 222, 'num_tensors': 56}
2026-08-25 05:55:06,764 [INFO] [2L/1559](swap: 12, u: 0 | c_u: 0 | t_u_l: 6/942 | t_u_r: 10/943 | t_u: 16/1885) -> {'max_bond': 8, 'max_links': 4, 'total_elems': 1288, 'total_shapes': 484, 'total_links': 222, 'num_tensors': 56}
2026-08-25 05:55:06,827 [INFO] [1R/1476](swap: 14, u: 0 | c_u: 0 | t_u_l: 6/942 | t_u_r: 10/943 | t_u: 16/1885) -> {'max_bond': 16, 'max_links': 4, 'total_elems': 2080, 'total_shapes': 526, 'total_links': 222, 'num_tensors': 56}
2026-08-25 05:55:06,891 [INFO] [3L/1559](swap: 16, u: 0 | c_u: 0 | t_u_l: 6/942 | t_u_r: 10/943 | t_u: 16/1885) -> {'max_bond': 16, 'max_links': 4, 'total_elems': 2832, 'total_shapes': 584, 'total_links': 222, 'num_tensors': 56}
2026-08-25 05:55:06,960 [INFO] [2R/1476](swap: 15, u: 0 | c_u: 0 | t_u_l: 6/942 | t_u_r: 10/943 | t_u: 16/1885) -> {'max_bond': 16, 'max_links': 4, 'total_elems': 4584, 'total_shapes': 692, 'total_links': 222, 'num_tensors': 56}
2026-08-25 05:55:07,036 [INFO] [3R/1476](swap: 14, u: 1 | c_u: 1 | t_u_l: 6/942 | t_u_r: 11/943 | t_u: 17/1885) -> {'max_bond': 16, 'max_links': 4, 'total_elems': 7704, 'total_shapes': 796, 'total_links': 222, 'num_tensors': 56}
2026-08-25 05:55:07,116 [INFO] [4R/1476](swap: 13, u: 0 | c_u: 1 | t_u_l: 6/942 | t_u_r: 11/943 | t_u: 17/1885) -> {'max_bond': 16, 'max_links': 4, 'total_elems': 11628, 'total_shapes': 924, 'total_links': 222, 'num_tensors': 56}
2026-08-25 05:55:07,200 [INFO] [5R/1476](swap: 13, u: 0 | c_u: 1 | t_u_l: 6/942 | t_u_r: 11/943 | t_u: 17/1885) -> {'max_bond': 64, 'max_links': 4, 'total_elems': 20632, 'total_shapes': 1162, 'total_links': 222, 'num_tensors': 56}
2026-08-25 05:55:07,291 [INFO] [6R/1476](swap: 13, u: 1 | c_u: 2 | t_u_l: 6/942 | t_u_r: 12/943 | t_u: 18/1885) -> {'max_bond': 64, 'max_links': 4, 'total_elems': 31600, 'total_shapes': 1456, 'total_links': 222, 'num_tensors': 56}
2026-08-25 05:55:07,395 [INFO] [4L/1559](swap: 16, u: 0 | c_u: 2 | t_u_l: 6/942 | t_u_r: 12/943 | t_u: 18/1885) -> {'max_bond': 64, 'max_links': 4, 'total_elems': 44272, 'total_shapes': 1616, 'total_links': 222, 'num_tensors': 56}
2026-08-25 05:55:07,513 [INFO] [5L/1559](swap: 15, u: 1 | c_u: 3 | t_u_l: 7/942 | t_u_r: 12/943 | t_u: 19/1885) -> {'max_bond': 64, 'max_links': 4, 'total_elems': 68016, 'total_shapes': 1896, 'total_links': 222, 'num_tensors': 56}
2026-08-25 05:55:07,655 [INFO] [7R/1476](swap: 15, u: 0 | c_u: 3 | t_u_l: 7/942 | t_u_r: 12/943 | t_u: 19/1885) -> {'max_bond': 64, 'max_links': 4, 'total_elems': 112288, 'total_shapes': 2444, 'total_links': 222, 'num_tensors': 56}
2026-08-25 05:55:07,876 [INFO] [6L/1559](swap: 14, u: 0 | c_u: 3 | t_u_l: 7/942 | t_u_r: 12/943 | t_u: 19/1885) -> {'max_bond': 64, 'max_links': 4, 'total_elems': 174168, 'total_shapes': 2942, 'total_links': 222, 'num_tensors': 56}
2026-08-25 05:55:08,203 [INFO] [8R/1476](swap: 17, u: 0 | c_u: 3 | t_u_l: 7/942 | t_u_r: 12/943 | t_u: 19/1885) -> {'max_bond': 128, 'max_links': 4, 'total_elems': 293184, 'total_shapes': 3794, 'total_links': 222, 'num_tensors': 56}
2026-08-25 05:55:08,731 [INFO]     [start unswap] -> {'max_bond': 128, 'max_links': 4, 'total_elems': 293184, 'total_shapes': 3794, 'total_links': 222, 'num_tensors': 56}
2026-08-25 05:55:12,709 [INFO]     [0 | both | 0](candidate_pairs: 28/28 | new_swaps: 9 | total: 9) -> {'max_bond': 256, 'max_links': 4, 'total_elems': 500608, 'total_shapes': 4410, 'total_links': 222, 'num_tensors': 56}
2026-08-25 05:55:13,888 [INFO]     [0 | both | 1](candidate_pairs: 27/27 | new_swaps: 14 | total: 23) -> {'max_bond': 64, 'max_links': 4, 'total_elems': 172124, 'total_shapes': 2792, 'total_links': 222, 'num_tensors': 56}
2026-08-25 05:55:14,189 [INFO]     [0 | left | 0](candidate_pairs: 28/28 | new_swaps: 13 | total: 36) -> {'max_bond': 64, 'max_links': 4, 'total_elems': 95996, 'total_shapes': 2186, 'total_links': 222, 'num_tensors': 56}
2026-08-25 05:55:14,376 [INFO]     [0 | left | 1](candidate_pairs: 27/27 | new_swaps: 15 | total: 51) -> {'max_bond': 64, 'max_links': 4, 'total_elems': 42560, 'total_shapes': 1612, 'total_links': 222, 'num_tensors': 56}
2026-08-25 05:55:14,482 [INFO]     [0 | right | 0](candidate_pairs: 28/28 | new_swaps: 11 | total: 62) -> {'max_bond': 16, 'max_links': 4, 'total_elems': 22904, 'total_shapes': 1210, 'total_links': 222, 'num_tensors': 56}
2026-08-25 05:55:14,574 [INFO]     [0 | right | 1](candidate_pairs: 27/27 | new_swaps: 10 | total: 72) -> {'max_bond': 16, 'max_links': 4, 'total_elems': 16912, 'total_shapes': 1078, 'total_links': 222, 'num_tensors': 56}
2026-08-25 05:55:14,710 [INFO]     [1 | both | 0](candidate_pairs: 28/28 | new_swaps: 8 | total: 8) -> {'max_bond': 16, 'max_links': 4, 'total_elems': 13392, 'total_shapes': 950, 'total_links': 222, 'num_tensors': 56}
2026-08-25 05:55:14,842 [INFO]     [1 | both | 1](candidate_pairs: 27/27 | new_swaps: 7 | total: 15) -> {'max_bond': 16, 'max_links': 4, 'total_elems': 10512, 'total_shapes': 842, 'total_links': 222, 'num_tensors': 56}
2026-08-25 05:55:14,911 [INFO]     [1 | left | 0](candidate_pairs: 28/28 | new_swaps: 7 | total: 22) -> {'max_bond': 16, 'max_links': 4, 'total_elems': 8432, 'total_shapes': 770, 'total_links': 222, 'num_tensors': 56}
2026-08-25 05:55:14,975 [INFO]     [1 | left | 1](candidate_pairs: 27/27 | new_swaps: 1 | total: 23) -> {'max_bond': 16, 'max_links': 4, 'total_elems': 8240, 'total_shapes': 762, 'total_links': 222, 'num_tensors': 56}
2026-08-25 05:55:15,039 [INFO]     [1 | right | 0](candidate_pairs: 28/28 | new_swaps: 3 | total: 26) -> {'max_bond': 16, 'max_links': 4, 'total_elems': 7488, 'total_shapes': 738, 'total_links': 222, 'num_tensors': 56}
2026-08-25 05:55:15,099 [INFO]     [1 | right | 1](candidate_pairs: 27/27 | new_swaps: 1 | total: 27) -> {'max_bond': 16, 'max_links': 4, 'total_elems': 7416, 'total_shapes': 734, 'total_links': 222, 'num_tensors': 56}
2026-08-25 05:55:15,208 [INFO]     [2 | both | 0](candidate_pairs: 28/28 | new_swaps: 3 | total: 3) -> {'max_bond': 16, 'max_links': 4, 'total_elems': 6552, 'total_shapes': 710, 'total_links': 222, 'num_tensors': 56}
2026-08-25 05:55:15,318 [INFO]     [2 | both | 1](candidate_pairs: 27/27 | new_swaps: 10 | total: 13) -> {'max_bond': 16, 'max_links': 4, 'total_elems': 3588, 'total_shapes': 610, 'total_links': 222, 'num_tensors': 56}
2026-08-25 05:55:15,373 [INFO]     [2 | left | 0](candidate_pairs: 28/28 | new_swaps: 3 | total: 16) -> {'max_bond': 8, 'max_links': 4, 'total_elems': 3028, 'total_shapes': 582, 'total_links': 222, 'num_tensors': 56}
2026-08-25 05:55:15,427 [INFO]     [2 | left | 1](candidate_pairs: 27/27 | new_swaps: 1 | total: 17) -> {'max_bond': 8, 'max_links': 4, 'total_elems': 2932, 'total_shapes': 576, 'total_links': 222, 'num_tensors': 56}
2026-08-25 05:55:15,482 [INFO]     [2 | right | 0](candidate_pairs: 28/28 | new_swaps: 3 | total: 20) -> {'max_bond': 8, 'max_links': 4, 'total_elems': 2444, 'total_shapes': 552, 'total_links': 222, 'num_tensors': 56}
2026-08-25 05:55:15,506 [INFO]     [2 | right | 1](candidate_pairs: 27/27 | new_swaps: 0 | total: 20) -> {'max_bond': 8, 'max_links': 4, 'total_elems': 2444, 'total_shapes': 552, 'total_links': 222, 'num_tensors': 56}
2026-08-25 05:55:15,607 [INFO]     [3 | both | 0](candidate_pairs: 28/28 | new_swaps: 6 | total: 6) -> {'max_bond': 8, 'max_links': 4, 'total_elems': 1880, 'total_shapes': 518, 'total_links': 222, 'num_tensors': 56}
2026-08-25 05:55:15,730 [INFO]     [3 | both | 1](candidate_pairs: 27/27 | new_swaps: 3 | total: 9) -> {'max_bond': 8, 'max_links': 4, 'total_elems': 1808, 'total_shapes': 510, 'total_links': 222, 'num_tensors': 56}
2026-08-25 05:55:15,775 [INFO]     [3 | left | 0](candidate_pairs: 28/28 | new_swaps: 1 | total: 10) -> {'max_bond': 8, 'max_links': 4, 'total_elems': 1748, 'total_shapes': 504, 'total_links': 222, 'num_tensors': 56}
2026-08-25 05:55:15,830 [INFO]     [3 | left | 1](candidate_pairs: 27/27 | new_swaps: 3 | total: 13) -> {'max_bond': 8, 'max_links': 4, 'total_elems': 1604, 'total_shapes': 484, 'total_links': 222, 'num_tensors': 56}
2026-08-25 05:55:15,853 [INFO]     [3 | right | 0](candidate_pairs: 28/28 | new_swaps: 0 | total: 13) -> {'max_bond': 8, 'max_links': 4, 'total_elems': 1604, 'total_shapes': 484, 'total_links': 222, 'num_tensors': 56}
2026-08-25 05:55:15,910 [INFO]     [3 | right | 1](candidate_pairs: 27/27 | new_swaps: 1 | total: 14) -> {'max_bond': 8, 'max_links': 4, 'total_elems': 1412, 'total_shapes': 472, 'total_links': 222, 'num_tensors': 56}
2026-08-25 05:55:16,015 [INFO]     [4 | both | 0](candidate_pairs: 28/28 | new_swaps: 3 | total: 3) -> {'max_bond': 8, 'max_links': 4, 'total_elems': 1376, 'total_shapes': 466, 'total_links': 222, 'num_tensors': 56}
2026-08-25 05:55:16,121 [INFO]     [4 | both | 1](candidate_pairs: 27/27 | new_swaps: 4 | total: 7) -> {'max_bond': 8, 'max_links': 4, 'total_elems': 1328, 'total_shapes': 458, 'total_links': 222, 'num_tensors': 56}
2026-08-25 05:55:16,146 [INFO]     [4 | left | 0](candidate_pairs: 28/28 | new_swaps: 0 | total: 7) -> {'max_bond': 8, 'max_links': 4, 'total_elems': 1328, 'total_shapes': 458, 'total_links': 222, 'num_tensors': 56}
2026-08-25 05:55:16,173 [INFO]     [4 | left | 1](candidate_pairs: 27/27 | new_swaps: 0 | total: 7) -> {'max_bond': 8, 'max_links': 4, 'total_elems': 1328, 'total_shapes': 458, 'total_links': 222, 'num_tensors': 56}
2026-08-25 05:55:16,198 [INFO]     [4 | right | 0](candidate_pairs: 28/28 | new_swaps: 0 | total: 7) -> {'max_bond': 8, 'max_links': 4, 'total_elems': 1328, 'total_shapes': 458, 'total_links': 222, 'num_tensors': 56}
2026-08-25 05:55:16,224 [INFO]     [4 | right | 1](candidate_pairs: 27/27 | new_swaps: 0 | total: 7) -> {'max_bond': 8, 'max_links': 4, 'total_elems': 1328, 'total_shapes': 458, 'total_links': 222, 'num_tensors': 56}
2026-08-25 05:55:16,271 [INFO]     [5 | both | 0](candidate_pairs: 28/28 | new_swaps: 0 | total: 0) -> {'max_bond': 8, 'max_links': 4, 'total_elems': 1328, 'total_shapes': 458, 'total_links': 222, 'num_tensors': 56}
2026-08-25 05:55:16,315 [INFO]     [5 | both | 1](candidate_pairs: 27/27 | new_swaps: 0 | total: 0) -> {'max_bond': 8, 'max_links': 4, 'total_elems': 1328, 'total_shapes': 458, 'total_links': 222, 'num_tensors': 56}
2026-08-25 05:55:16,338 [INFO]     [5 | left | 0](candidate_pairs: 28/28 | new_swaps: 0 | total: 0) -> {'max_bond': 8, 'max_links': 4, 'total_elems': 1328, 'total_shapes': 458, 'total_links': 222, 'num_tensors': 56}
2026-08-25 05:55:16,361 [INFO]     [5 | left | 1](candidate_pairs: 27/27 | new_swaps: 0 | total: 0) -> {'max_bond': 8, 'max_links': 4, 'total_elems': 1328, 'total_shapes': 458, 'total_links': 222, 'num_tensors': 56}
2026-08-25 05:55:16,384 [INFO]     [5 | right | 0](candidate_pairs: 28/28 | new_swaps: 0 | total: 0) -> {'max_bond': 8, 'max_links': 4, 'total_elems': 1328, 'total_shapes': 458, 'total_links': 222, 'num_tensors': 56}
2026-08-25 05:55:16,407 [INFO]     [5 | right | 1](candidate_pairs: 27/27 | new_swaps: 0 | total: 0) -> {'max_bond': 8, 'max_links': 4, 'total_elems': 1328, 'total_shapes': 458, 'total_links': 222, 'num_tensors': 56}
2026-08-25 05:55:16,408 [INFO]     [end unswap] -> {'max_bond': 8, 'max_links': 4, 'total_elems': 1328, 'total_shapes': 458, 'total_links': 222, 'num_tensors': 56}
2026-08-25 05:55:16,408 [INFO] [start rewire](phase=post_unswap, cycle=4, side=left, layers=1555, trials=20, seed=123, parallel=False, route_candidates=1, route_score=none)
2026-08-25 05:55:17,926 [INFO] [end rewire](phase=post_unswap, cycle=4, side=left, routed_layers=1359, elapsed_s=1.52)
2026-08-25 05:55:17,927 [INFO] [start rewire](phase=post_unswap, cycle=4, side=right, layers=1470, trials=20, seed=123, parallel=False, route_candidates=1, route_score=none)
2026-08-25 05:55:19,523 [INFO] [end rewire](phase=post_unswap, cycle=4, side=right, routed_layers=1569, elapsed_s=1.60)
2026-08-25 05:55:19,600 [INFO] [1L/1357](swap: 13, u: 0 | c_u: 0 | t_u_l: 7/942 | t_u_r: 12/943 | t_u: 19/1885) -> {'max_bond': 8, 'max_links': 4, 'total_elems': 1328, 'total_shapes': 458, 'total_links': 222, 'num_tensors': 56}
2026-08-25 05:55:19,673 [INFO] [1R/1567](swap: 15, u: 0 | c_u: 0 | t_u_l: 7/942 | t_u_r: 12/943 | t_u: 19/1885) -> {'max_bond': 16, 'max_links': 4, 'total_elems': 2408, 'total_shapes': 558, 'total_links': 222, 'num_tensors': 56}
2026-08-25 05:55:19,752 [INFO] [2L/1357](swap: 11, u: 1 | c_u: 1 | t_u_l: 8/942 | t_u_r: 12/943 | t_u: 20/1885) -> {'max_bond': 16, 'max_links': 4, 'total_elems': 3212, 'total_shapes': 604, 'total_links': 222, 'num_tensors': 56}
2026-08-25 05:55:19,832 [INFO] [2R/1567](swap: 16, u: 0 | c_u: 1 | t_u_l: 8/942 | t_u_r: 12/943 | t_u: 20/1885) -> {'max_bond': 16, 'max_links': 4, 'total_elems': 4444, 'total_shapes': 694, 'total_links': 222, 'num_tensors': 56}
2026-08-25 05:55:19,906 [INFO] [3L/1357](swap: 14, u: 0 | c_u: 1 | t_u_l: 8/942 | t_u_r: 12/943 | t_u: 20/1885) -> {'max_bond': 16, 'max_links': 4, 'total_elems': 6424, 'total_shapes': 738, 'total_links': 222, 'num_tensors': 56}
2026-08-25 05:55:19,982 [INFO] [4L/1357](swap: 13, u: 2 | c_u: 3 | t_u_l: 10/942 | t_u_r: 12/943 | t_u: 22/1885) -> {'max_bond': 32, 'max_links': 4, 'total_elems': 10184, 'total_shapes': 874, 'total_links': 222, 'num_tensors': 56}
2026-08-25 05:55:20,057 [INFO] [5L/1357](swap: 10, u: 1 | c_u: 4 | t_u_l: 11/942 | t_u_r: 12/943 | t_u: 23/1885) -> {'max_bond': 32, 'max_links': 4, 'total_elems': 17152, 'total_shapes': 1040, 'total_links': 222, 'num_tensors': 56}
2026-08-25 05:55:20,139 [INFO] [6L/1357](swap: 12, u: 0 | c_u: 4 | t_u_l: 11/942 | t_u_r: 12/943 | t_u: 23/1885) -> {'max_bond': 64, 'max_links': 4, 'total_elems': 33952, 'total_shapes': 1400, 'total_links': 222, 'num_tensors': 56}
2026-08-25 05:55:20,256 [INFO] [3R/1567](swap: 16, u: 0 | c_u: 4 | t_u_l: 11/942 | t_u_r: 12/943 | t_u: 23/1885) -> {'max_bond': 64, 'max_links': 4, 'total_elems': 67768, 'total_shapes': 1586, 'total_links': 222, 'num_tensors': 56}
2026-08-25 05:55:20,425 [INFO] [4R/1567](swap: 17, u: 1 | c_u: 5 | t_u_l: 11/942 | t_u_r: 13/943 | t_u: 24/1885) -> {'max_bond': 64, 'max_links': 4, 'total_elems': 79696, 'total_shapes': 1824, 'total_links': 222, 'num_tensors': 56}
2026-08-25 05:55:20,602 [INFO] [5R/1567](swap: 12, u: 1 | c_u: 6 | t_u_l: 11/942 | t_u_r: 14/943 | t_u: 25/1885) -> {'max_bond': 64, 'max_links': 4, 'total_elems': 109088, 'total_shapes': 2040, 'total_links': 222, 'num_tensors': 56}
2026-08-25 05:55:20,828 [INFO]     [start unswap] -> {'max_bond': 64, 'max_links': 4, 'total_elems': 109088, 'total_shapes': 2040, 'total_links': 222, 'num_tensors': 56}
2026-08-25 05:55:23,220 [INFO]     [0 | both | 0](candidate_pairs: 28/28 | new_swaps: 5 | total: 5) -> {'max_bond': 256, 'max_links': 4, 'total_elems': 303392, 'total_shapes': 2752, 'total_links': 222, 'num_tensors': 56}
2026-08-25 05:55:23,885 [INFO]     [0 | both | 1](candidate_pairs: 27/27 | new_swaps: 11 | total: 16) -> {'max_bond': 64, 'max_links': 4, 'total_elems': 72944, 'total_shapes': 1692, 'total_links': 222, 'num_tensors': 56}
2026-08-25 05:55:24,020 [INFO]     [0 | left | 0](candidate_pairs: 28/28 | new_swaps: 13 | total: 29) -> {'max_bond': 64, 'max_links': 4, 'total_elems': 44992, 'total_shapes': 1344, 'total_links': 222, 'num_tensors': 56}
2026-08-25 05:55:24,141 [INFO]     [0 | left | 1](candidate_pairs: 27/27 | new_swaps: 12 | total: 41) -> {'max_bond': 64, 'max_links': 4, 'total_elems': 20528, 'total_shapes': 1080, 'total_links': 222, 'num_tensors': 56}
2026-08-25 05:55:24,214 [INFO]     [0 | right | 0](candidate_pairs: 28/28 | new_swaps: 7 | total: 48) -> {'max_bond': 16, 'max_links': 4, 'total_elems': 10544, 'total_shapes': 866, 'total_links': 222, 'num_tensors': 56}
2026-08-25 05:55:24,278 [INFO]     [0 | right | 1](candidate_pairs: 27/27 | new_swaps: 4 | total: 52) -> {'max_bond': 16, 'max_links': 4, 'total_elems': 9176, 'total_shapes': 820, 'total_links': 222, 'num_tensors': 56}
2026-08-25 05:55:24,387 [INFO]     [1 | both | 0](candidate_pairs: 28/28 | new_swaps: 1 | total: 1) -> {'max_bond': 16, 'max_links': 4, 'total_elems': 9128, 'total_shapes': 816, 'total_links': 222, 'num_tensors': 56}
2026-08-25 05:55:24,501 [INFO]     [1 | both | 1](candidate_pairs: 27/27 | new_swaps: 4 | total: 5) -> {'max_bond': 16, 'max_links': 4, 'total_elems': 8636, 'total_shapes': 790, 'total_links': 222, 'num_tensors': 56}
2026-08-25 05:55:24,564 [INFO]     [1 | left | 0](candidate_pairs: 28/28 | new_swaps: 5 | total: 10) -> {'max_bond': 16, 'max_links': 4, 'total_elems': 6164, 'total_shapes': 722, 'total_links': 222, 'num_tensors': 56}
2026-08-25 05:55:24,625 [INFO]     [1 | left | 1](candidate_pairs: 27/27 | new_swaps: 3 | total: 13) -> {'max_bond': 16, 'max_links': 4, 'total_elems': 5008, 'total_shapes': 684, 'total_links': 222, 'num_tensors': 56}
2026-08-25 05:55:24,682 [INFO]     [1 | right | 0](candidate_pairs: 28/28 | new_swaps: 3 | total: 16) -> {'max_bond': 16, 'max_links': 4, 'total_elems': 4548, 'total_shapes': 658, 'total_links': 222, 'num_tensors': 56}
2026-08-25 05:55:24,738 [INFO]     [1 | right | 1](candidate_pairs: 27/27 | new_swaps: 2 | total: 18) -> {'max_bond': 16, 'max_links': 4, 'total_elems': 4020, 'total_shapes': 634, 'total_links': 222, 'num_tensors': 56}
2026-08-25 05:55:24,842 [INFO]     [2 | both | 0](candidate_pairs: 28/28 | new_swaps: 7 | total: 7) -> {'max_bond': 16, 'max_links': 4, 'total_elems': 2724, 'total_shapes': 586, 'total_links': 222, 'num_tensors': 56}
2026-08-25 05:55:24,943 [INFO]     [2 | both | 1](candidate_pairs: 27/27 | new_swaps: 6 | total: 13) -> {'max_bond': 8, 'max_links': 4, 'total_elems': 2012, 'total_shapes': 532, 'total_links': 222, 'num_tensors': 56}
2026-08-25 05:55:25,010 [INFO]     [2 | left | 0](candidate_pairs: 28/28 | new_swaps: 3 | total: 16) -> {'max_bond': 8, 'max_links': 4, 'total_elems': 1772, 'total_shapes': 508, 'total_links': 222, 'num_tensors': 56}
2026-08-25 05:55:25,067 [INFO]     [2 | left | 1](candidate_pairs: 27/27 | new_swaps: 1 | total: 17) -> {'max_bond': 8, 'max_links': 4, 'total_elems': 1724, 'total_shapes': 502, 'total_links': 222, 'num_tensors': 56}
2026-08-25 05:55:25,090 [INFO]     [2 | right | 0](candidate_pairs: 28/28 | new_swaps: 0 | total: 17) -> {'max_bond': 8, 'max_links': 4, 'total_elems': 1724, 'total_shapes': 502, 'total_links': 222, 'num_tensors': 56}
2026-08-25 05:55:25,114 [INFO]     [2 | right | 1](candidate_pairs: 27/27 | new_swaps: 0 | total: 17) -> {'max_bond': 8, 'max_links': 4, 'total_elems': 1724, 'total_shapes': 502, 'total_links': 222, 'num_tensors': 56}
2026-08-25 05:55:25,222 [INFO]     [3 | both | 0](candidate_pairs: 28/28 | new_swaps: 4 | total: 4) -> {'max_bond': 8, 'max_links': 4, 'total_elems': 1640, 'total_shapes': 492, 'total_links': 222, 'num_tensors': 56}
2026-08-25 05:55:25,339 [INFO]     [3 | both | 1](candidate_pairs: 27/27 | new_swaps: 2 | total: 6) -> {'max_bond': 8, 'max_links': 4, 'total_elems': 1616, 'total_shapes': 488, 'total_links': 222, 'num_tensors': 56}
2026-08-25 05:55:25,372 [INFO]     [3 | left | 0](candidate_pairs: 28/28 | new_swaps: 0 | total: 6) -> {'max_bond': 8, 'max_links': 4, 'total_elems': 1616, 'total_shapes': 488, 'total_links': 222, 'num_tensors': 56}
2026-08-25 05:55:25,436 [INFO]     [3 | left | 1](candidate_pairs: 27/27 | new_swaps: 1 | total: 7) -> {'max_bond': 8, 'max_links': 4, 'total_elems': 1592, 'total_shapes': 484, 'total_links': 222, 'num_tensors': 56}
2026-08-25 05:55:25,461 [INFO]     [3 | right | 0](candidate_pairs: 28/28 | new_swaps: 0 | total: 7) -> {'max_bond': 8, 'max_links': 4, 'total_elems': 1592, 'total_shapes': 484, 'total_links': 222, 'num_tensors': 56}
2026-08-25 05:55:25,489 [INFO]     [3 | right | 1](candidate_pairs: 27/27 | new_swaps: 0 | total: 7) -> {'max_bond': 8, 'max_links': 4, 'total_elems': 1592, 'total_shapes': 484, 'total_links': 222, 'num_tensors': 56}
2026-08-25 05:55:25,583 [INFO]     [4 | both | 0](candidate_pairs: 28/28 | new_swaps: 1 | total: 1) -> {'max_bond': 8, 'max_links': 4, 'total_elems': 1580, 'total_shapes': 482, 'total_links': 222, 'num_tensors': 56}
2026-08-25 05:55:25,626 [INFO]     [4 | both | 1](candidate_pairs: 27/27 | new_swaps: 0 | total: 1) -> {'max_bond': 8, 'max_links': 4, 'total_elems': 1580, 'total_shapes': 482, 'total_links': 222, 'num_tensors': 56}
2026-08-25 05:55:25,649 [INFO]     [4 | left | 0](candidate_pairs: 28/28 | new_swaps: 0 | total: 1) -> {'max_bond': 8, 'max_links': 4, 'total_elems': 1580, 'total_shapes': 482, 'total_links': 222, 'num_tensors': 56}
2026-08-25 05:55:25,672 [INFO]     [4 | left | 1](candidate_pairs: 27/27 | new_swaps: 0 | total: 1) -> {'max_bond': 8, 'max_links': 4, 'total_elems': 1580, 'total_shapes': 482, 'total_links': 222, 'num_tensors': 56}
2026-08-25 05:55:25,693 [INFO]     [4 | right | 0](candidate_pairs: 28/28 | new_swaps: 0 | total: 1) -> {'max_bond': 8, 'max_links': 4, 'total_elems': 1580, 'total_shapes': 482, 'total_links': 222, 'num_tensors': 56}
2026-08-25 05:55:25,715 [INFO]     [4 | right | 1](candidate_pairs: 27/27 | new_swaps: 0 | total: 1) -> {'max_bond': 8, 'max_links': 4, 'total_elems': 1580, 'total_shapes': 482, 'total_links': 222, 'num_tensors': 56}
2026-08-25 05:55:25,757 [INFO]     [5 | both | 0](candidate_pairs: 28/28 | new_swaps: 0 | total: 0) -> {'max_bond': 8, 'max_links': 4, 'total_elems': 1580, 'total_shapes': 482, 'total_links': 222, 'num_tensors': 56}
2026-08-25 05:55:25,799 [INFO]     [5 | both | 1](candidate_pairs: 27/27 | new_swaps: 0 | total: 0) -> {'max_bond': 8, 'max_links': 4, 'total_elems': 1580, 'total_shapes': 482, 'total_links': 222, 'num_tensors': 56}
2026-08-25 05:55:25,821 [INFO]     [5 | left | 0](candidate_pairs: 28/28 | new_swaps: 0 | total: 0) -> {'max_bond': 8, 'max_links': 4, 'total_elems': 1580, 'total_shapes': 482, 'total_links': 222, 'num_tensors': 56}
2026-08-25 05:55:25,843 [INFO]     [5 | left | 1](candidate_pairs: 27/27 | new_swaps: 0 | total: 0) -> {'max_bond': 8, 'max_links': 4, 'total_elems': 1580, 'total_shapes': 482, 'total_links': 222, 'num_tensors': 56}
2026-08-25 05:55:25,869 [INFO]     [5 | right | 0](candidate_pairs: 28/28 | new_swaps: 0 | total: 0) -> {'max_bond': 8, 'max_links': 4, 'total_elems': 1580, 'total_shapes': 482, 'total_links': 222, 'num_tensors': 56}
2026-08-25 05:55:25,893 [INFO]     [5 | right | 1](candidate_pairs: 27/27 | new_swaps: 0 | total: 0) -> {'max_bond': 8, 'max_links': 4, 'total_elems': 1580, 'total_shapes': 482, 'total_links': 222, 'num_tensors': 56}
2026-08-25 05:55:25,893 [INFO]     [end unswap] -> {'max_bond': 8, 'max_links': 4, 'total_elems': 1580, 'total_shapes': 482, 'total_links': 222, 'num_tensors': 56}
2026-08-25 05:55:25,894 [INFO] [start rewire](phase=post_unswap, cycle=5, side=left, layers=1353, trials=20, seed=123, parallel=False, route_candidates=1, route_score=none)
2026-08-25 05:55:28,431 [INFO] [end rewire](phase=post_unswap, cycle=5, side=left, routed_layers=1518, elapsed_s=2.54)
2026-08-25 05:55:28,432 [INFO] [start rewire](phase=post_unswap, cycle=5, side=right, layers=1564, trials=20, seed=123, parallel=False, route_candidates=1, route_score=none)
2026-08-25 05:55:29,720 [INFO] [end rewire](phase=post_unswap, cycle=5, side=right, routed_layers=1529, elapsed_s=1.29)
2026-08-25 05:55:29,807 [INFO] [1L/1516](swap: 12, u: 0 | c_u: 0 | t_u_l: 11/942 | t_u_r: 14/943 | t_u: 25/1885) -> {'max_bond': 8, 'max_links': 4, 'total_elems': 1580, 'total_shapes': 482, 'total_links': 222, 'num_tensors': 56}
2026-08-25 05:55:29,879 [INFO] [1R/1527](swap: 9, u: 0 | c_u: 0 | t_u_l: 11/942 | t_u_r: 14/943 | t_u: 25/1885) -> {'max_bond': 16, 'max_links': 4, 'total_elems': 2136, 'total_shapes': 548, 'total_links': 222, 'num_tensors': 56}
2026-08-25 05:55:29,956 [INFO] [2L/1516](swap: 12, u: 2 | c_u: 2 | t_u_l: 13/942 | t_u_r: 14/943 | t_u: 27/1885) -> {'max_bond': 16, 'max_links': 4, 'total_elems': 3188, 'total_shapes': 626, 'total_links': 222, 'num_tensors': 56}
2026-08-25 05:55:30,029 [INFO] [2R/1527](swap: 10, u: 0 | c_u: 2 | t_u_l: 13/942 | t_u_r: 14/943 | t_u: 27/1885) -> {'max_bond': 16, 'max_links': 4, 'total_elems': 6128, 'total_shapes': 722, 'total_links': 222, 'num_tensors': 56}
2026-08-25 05:55:30,105 [INFO] [3R/1527](swap: 15, u: 0 | c_u: 2 | t_u_l: 13/942 | t_u_r: 14/943 | t_u: 27/1885) -> {'max_bond': 16, 'max_links': 4, 'total_elems': 8004, 'total_shapes': 806, 'total_links': 222, 'num_tensors': 56}
2026-08-25 05:55:30,184 [INFO] [3L/1516](swap: 16, u: 0 | c_u: 2 | t_u_l: 13/942 | t_u_r: 14/943 | t_u: 27/1885) -> {'max_bond': 32, 'max_links': 4, 'total_elems': 14708, 'total_shapes': 960, 'total_links': 222, 'num_tensors': 56}
2026-08-25 05:55:30,268 [INFO] [4R/1527](swap: 13, u: 1 | c_u: 3 | t_u_l: 13/942 | t_u_r: 15/943 | t_u: 28/1885) -> {'max_bond': 64, 'max_links': 4, 'total_elems': 23536, 'total_shapes': 1170, 'total_links': 222, 'num_tensors': 56}
2026-08-25 05:55:30,361 [INFO] [4L/1516](swap: 17, u: 1 | c_u: 4 | t_u_l: 14/942 | t_u_r: 15/943 | t_u: 29/1885) -> {'max_bond': 64, 'max_links': 4, 'total_elems': 49544, 'total_shapes': 1464, 'total_links': 222, 'num_tensors': 56}
2026-08-25 05:55:30,485 [INFO] [5R/1527](swap: 13, u: 3 | c_u: 7 | t_u_l: 14/942 | t_u_r: 18/943 | t_u: 32/1885) -> {'max_bond': 64, 'max_links': 4, 'total_elems': 74088, 'total_shapes': 1754, 'total_links': 222, 'num_tensors': 56}
2026-08-25 05:55:30,623 [INFO] [6R/1527](swap: 11, u: 2 | c_u: 9 | t_u_l: 14/942 | t_u_r: 20/943 | t_u: 34/1885) -> {'max_bond': 64, 'max_links': 4, 'total_elems': 85848, 'total_shapes': 1970, 'total_links': 222, 'num_tensors': 56}
2026-08-25 05:55:30,777 [INFO] [5L/1516](swap: 14, u: 1 | c_u: 10 | t_u_l: 15/942 | t_u_r: 20/943 | t_u: 35/1885) -> {'max_bond': 64, 'max_links': 4, 'total_elems': 112216, 'total_shapes': 2266, 'total_links': 222, 'num_tensors': 56}
2026-08-25 05:55:30,950 [INFO] [7R/1527](swap: 15, u: 0 | c_u: 10 | t_u_l: 15/942 | t_u_r: 20/943 | t_u: 35/1885) -> {'max_bond': 64, 'max_links': 4, 'total_elems': 148024, 'total_shapes': 2606, 'total_links': 222, 'num_tensors': 56}
2026-08-25 05:55:31,178 [INFO] [8R/1527](swap: 16, u: 0 | c_u: 10 | t_u_l: 15/942 | t_u_r: 20/943 | t_u: 35/1885) -> {'max_bond': 128, 'max_links': 4, 'total_elems': 217528, 'total_shapes': 3326, 'total_links': 222, 'num_tensors': 56}
2026-08-25 05:55:31,576 [INFO] [6L/1516](swap: 15, u: 0 | c_u: 10 | t_u_l: 15/942 | t_u_r: 20/943 | t_u: 35/1885) -> {'max_bond': 128, 'max_links': 4, 'total_elems': 373888, 'total_shapes': 4108, 'total_links': 222, 'num_tensors': 56}
2026-08-25 05:55:32,191 [INFO]     [start unswap] -> {'max_bond': 128, 'max_links': 4, 'total_elems': 373888, 'total_shapes': 4108, 'total_links': 222, 'num_tensors': 56}
2026-08-25 05:55:35,882 [INFO]     [0 | both | 0](candidate_pairs: 28/28 | new_swaps: 8 | total: 8) -> {'max_bond': 256, 'max_links': 4, 'total_elems': 495488, 'total_shapes': 4538, 'total_links': 222, 'num_tensors': 56}
2026-08-25 05:55:37,313 [INFO]     [0 | both | 1](candidate_pairs: 27/27 | new_swaps: 13 | total: 21) -> {'max_bond': 64, 'max_links': 4, 'total_elems': 171328, 'total_shapes': 2858, 'total_links': 222, 'num_tensors': 56}
2026-08-25 05:55:37,579 [INFO]     [0 | left | 0](candidate_pairs: 28/28 | new_swaps: 9 | total: 30) -> {'max_bond': 64, 'max_links': 4, 'total_elems': 93472, 'total_shapes': 2230, 'total_links': 222, 'num_tensors': 56}
2026-08-25 05:55:37,764 [INFO]     [0 | left | 1](candidate_pairs: 27/27 | new_swaps: 13 | total: 43) -> {'max_bond': 64, 'max_links': 4, 'total_elems': 52128, 'total_shapes': 1778, 'total_links': 222, 'num_tensors': 56}
2026-08-25 05:55:37,874 [INFO]     [0 | right | 0](candidate_pairs: 28/28 | new_swaps: 12 | total: 55) -> {'max_bond': 32, 'max_links': 4, 'total_elems': 34308, 'total_shapes': 1432, 'total_links': 222, 'num_tensors': 56}
2026-08-25 05:55:38,029 [INFO]     [0 | right | 1](candidate_pairs: 27/27 | new_swaps: 8 | total: 63) -> {'max_bond': 32, 'max_links': 4, 'total_elems': 23268, 'total_shapes': 1252, 'total_links': 222, 'num_tensors': 56}
2026-08-25 05:55:38,170 [INFO]     [1 | both | 0](candidate_pairs: 28/28 | new_swaps: 11 | total: 11) -> {'max_bond': 16, 'max_links': 4, 'total_elems': 18692, 'total_shapes': 1092, 'total_links': 222, 'num_tensors': 56}
2026-08-25 05:55:38,306 [INFO]     [1 | both | 1](candidate_pairs: 27/27 | new_swaps: 6 | total: 17) -> {'max_bond': 16, 'max_links': 4, 'total_elems': 17412, 'total_shapes': 1036, 'total_links': 222, 'num_tensors': 56}
2026-08-25 05:55:38,381 [INFO]     [1 | left | 0](candidate_pairs: 28/28 | new_swaps: 5 | total: 22) -> {'max_bond': 16, 'max_links': 4, 'total_elems': 14660, 'total_shapes': 948, 'total_links': 222, 'num_tensors': 56}
2026-08-25 05:55:38,453 [INFO]     [1 | left | 1](candidate_pairs: 27/27 | new_swaps: 5 | total: 27) -> {'max_bond': 16, 'max_links': 4, 'total_elems': 13324, 'total_shapes': 902, 'total_links': 222, 'num_tensors': 56}
2026-08-25 05:55:38,523 [INFO]     [1 | right | 0](candidate_pairs: 28/28 | new_swaps: 5 | total: 32) -> {'max_bond': 16, 'max_links': 4, 'total_elems': 11452, 'total_shapes': 850, 'total_links': 222, 'num_tensors': 56}
2026-08-25 05:55:38,586 [INFO]     [1 | right | 1](candidate_pairs: 27/27 | new_swaps: 4 | total: 36) -> {'max_bond': 16, 'max_links': 4, 'total_elems': 10372, 'total_shapes': 816, 'total_links': 222, 'num_tensors': 56}
2026-08-25 05:55:38,701 [INFO]     [2 | both | 0](candidate_pairs: 28/28 | new_swaps: 5 | total: 5) -> {'max_bond': 16, 'max_links': 4, 'total_elems': 9100, 'total_shapes': 772, 'total_links': 222, 'num_tensors': 56}
2026-08-25 05:55:38,822 [INFO]     [2 | both | 1](candidate_pairs: 27/27 | new_swaps: 5 | total: 10) -> {'max_bond': 16, 'max_links': 4, 'total_elems': 8304, 'total_shapes': 720, 'total_links': 222, 'num_tensors': 56}
2026-08-25 05:55:38,884 [INFO]     [2 | left | 0](candidate_pairs: 28/28 | new_swaps: 3 | total: 13) -> {'max_bond': 16, 'max_links': 4, 'total_elems': 7992, 'total_shapes': 702, 'total_links': 222, 'num_tensors': 56}
2026-08-25 05:55:38,912 [INFO]     [2 | left | 1](candidate_pairs: 27/27 | new_swaps: 0 | total: 13) -> {'max_bond': 16, 'max_links': 4, 'total_elems': 7992, 'total_shapes': 702, 'total_links': 222, 'num_tensors': 56}
2026-08-25 05:55:38,970 [INFO]     [2 | right | 0](candidate_pairs: 28/28 | new_swaps: 2 | total: 15) -> {'max_bond': 16, 'max_links': 4, 'total_elems': 7728, 'total_shapes': 690, 'total_links': 222, 'num_tensors': 56}
2026-08-25 05:55:39,027 [INFO]     [2 | right | 1](candidate_pairs: 27/27 | new_swaps: 2 | total: 17) -> {'max_bond': 16, 'max_links': 4, 'total_elems': 7152, 'total_shapes': 670, 'total_links': 222, 'num_tensors': 56}
2026-08-25 05:55:39,131 [INFO]     [3 | both | 0](candidate_pairs: 28/28 | new_swaps: 5 | total: 5) -> {'max_bond': 16, 'max_links': 4, 'total_elems': 6860, 'total_shapes': 648, 'total_links': 222, 'num_tensors': 56}
2026-08-25 05:55:39,233 [INFO]     [3 | both | 1](candidate_pairs: 27/27 | new_swaps: 3 | total: 8) -> {'max_bond': 16, 'max_links': 4, 'total_elems': 6660, 'total_shapes': 632, 'total_links': 222, 'num_tensors': 56}
2026-08-25 05:55:39,258 [INFO]     [3 | left | 0](candidate_pairs: 28/28 | new_swaps: 0 | total: 8) -> {'max_bond': 16, 'max_links': 4, 'total_elems': 6660, 'total_shapes': 632, 'total_links': 222, 'num_tensors': 56}
2026-08-25 05:55:39,315 [INFO]     [3 | left | 1](candidate_pairs: 27/27 | new_swaps: 2 | total: 10) -> {'max_bond': 16, 'max_links': 4, 'total_elems': 6572, 'total_shapes': 622, 'total_links': 222, 'num_tensors': 56}
2026-08-25 05:55:39,376 [INFO]     [3 | right | 0](candidate_pairs: 28/28 | new_swaps: 2 | total: 12) -> {'max_bond': 16, 'max_links': 4, 'total_elems': 5896, 'total_shapes': 600, 'total_links': 222, 'num_tensors': 56}
2026-08-25 05:55:39,424 [INFO]     [3 | right | 1](candidate_pairs: 27/27 | new_swaps: 1 | total: 13) -> {'max_bond': 16, 'max_links': 4, 'total_elems': 4744, 'total_shapes': 576, 'total_links': 222, 'num_tensors': 56}
2026-08-25 05:55:39,516 [INFO]     [4 | both | 0](candidate_pairs: 28/28 | new_swaps: 1 | total: 1) -> {'max_bond': 16, 'max_links': 4, 'total_elems': 3784, 'total_shapes': 552, 'total_links': 222, 'num_tensors': 56}
2026-08-25 05:55:39,600 [INFO]     [4 | both | 1](candidate_pairs: 27/27 | new_swaps: 1 | total: 2) -> {'max_bond': 16, 'max_links': 4, 'total_elems': 2824, 'total_shapes': 528, 'total_links': 222, 'num_tensors': 56}
2026-08-25 05:55:39,652 [INFO]     [4 | left | 0](candidate_pairs: 28/28 | new_swaps: 1 | total: 3) -> {'max_bond': 16, 'max_links': 4, 'total_elems': 2184, 'total_shapes': 512, 'total_links': 222, 'num_tensors': 56}
2026-08-25 05:55:39,675 [INFO]     [4 | left | 1](candidate_pairs: 27/27 | new_swaps: 0 | total: 3) -> {'max_bond': 16, 'max_links': 4, 'total_elems': 2184, 'total_shapes': 512, 'total_links': 222, 'num_tensors': 56}
2026-08-25 05:55:39,697 [INFO]     [4 | right | 0](candidate_pairs: 28/28 | new_swaps: 0 | total: 3) -> {'max_bond': 16, 'max_links': 4, 'total_elems': 2184, 'total_shapes': 512, 'total_links': 222, 'num_tensors': 56}
2026-08-25 05:55:39,718 [INFO]     [4 | right | 1](candidate_pairs: 27/27 | new_swaps: 0 | total: 3) -> {'max_bond': 16, 'max_links': 4, 'total_elems': 2184, 'total_shapes': 512, 'total_links': 222, 'num_tensors': 56}
2026-08-25 05:55:39,761 [INFO]     [5 | both | 0](candidate_pairs: 28/28 | new_swaps: 0 | total: 0) -> {'max_bond': 16, 'max_links': 4, 'total_elems': 2184, 'total_shapes': 512, 'total_links': 222, 'num_tensors': 56}
2026-08-25 05:55:39,841 [INFO]     [5 | both | 1](candidate_pairs: 27/27 | new_swaps: 1 | total: 1) -> {'max_bond': 8, 'max_links': 4, 'total_elems': 1800, 'total_shapes': 496, 'total_links': 222, 'num_tensors': 56}
2026-08-25 05:55:39,863 [INFO]     [5 | left | 0](candidate_pairs: 28/28 | new_swaps: 0 | total: 1) -> {'max_bond': 8, 'max_links': 4, 'total_elems': 1800, 'total_shapes': 496, 'total_links': 222, 'num_tensors': 56}
2026-08-25 05:55:39,885 [INFO]     [5 | left | 1](candidate_pairs: 27/27 | new_swaps: 0 | total: 1) -> {'max_bond': 8, 'max_links': 4, 'total_elems': 1800, 'total_shapes': 496, 'total_links': 222, 'num_tensors': 56}
2026-08-25 05:55:39,906 [INFO]     [5 | right | 0](candidate_pairs: 28/28 | new_swaps: 0 | total: 1) -> {'max_bond': 8, 'max_links': 4, 'total_elems': 1800, 'total_shapes': 496, 'total_links': 222, 'num_tensors': 56}
2026-08-25 05:55:39,927 [INFO]     [5 | right | 1](candidate_pairs: 27/27 | new_swaps: 0 | total: 1) -> {'max_bond': 8, 'max_links': 4, 'total_elems': 1800, 'total_shapes': 496, 'total_links': 222, 'num_tensors': 56}
2026-08-25 05:55:39,971 [INFO]     [6 | both | 0](candidate_pairs: 28/28 | new_swaps: 0 | total: 0) -> {'max_bond': 8, 'max_links': 4, 'total_elems': 1800, 'total_shapes': 496, 'total_links': 222, 'num_tensors': 56}
2026-08-25 05:55:40,017 [INFO]     [6 | both | 1](candidate_pairs: 27/27 | new_swaps: 0 | total: 0) -> {'max_bond': 8, 'max_links': 4, 'total_elems': 1800, 'total_shapes': 496, 'total_links': 222, 'num_tensors': 56}
2026-08-25 05:55:40,040 [INFO]     [6 | left | 0](candidate_pairs: 28/28 | new_swaps: 0 | total: 0) -> {'max_bond': 8, 'max_links': 4, 'total_elems': 1800, 'total_shapes': 496, 'total_links': 222, 'num_tensors': 56}
2026-08-25 05:55:40,063 [INFO]     [6 | left | 1](candidate_pairs: 27/27 | new_swaps: 0 | total: 0) -> {'max_bond': 8, 'max_links': 4, 'total_elems': 1800, 'total_shapes': 496, 'total_links': 222, 'num_tensors': 56}
2026-08-25 05:55:40,086 [INFO]     [6 | right | 0](candidate_pairs: 28/28 | new_swaps: 0 | total: 0) -> {'max_bond': 8, 'max_links': 4, 'total_elems': 1800, 'total_shapes': 496, 'total_links': 222, 'num_tensors': 56}
2026-08-25 05:55:40,108 [INFO]     [6 | right | 1](candidate_pairs: 27/27 | new_swaps: 0 | total: 0) -> {'max_bond': 8, 'max_links': 4, 'total_elems': 1800, 'total_shapes': 496, 'total_links': 222, 'num_tensors': 56}
2026-08-25 05:55:40,108 [INFO]     [end unswap] -> {'max_bond': 8, 'max_links': 4, 'total_elems': 1800, 'total_shapes': 496, 'total_links': 222, 'num_tensors': 56}
2026-08-25 05:55:40,123 [INFO] [start rewire](phase=post_unswap, cycle=6, side=left, layers=1512, trials=20, seed=123, parallel=False, route_candidates=1, route_score=none)
2026-08-25 05:55:42,610 [INFO] [end rewire](phase=post_unswap, cycle=6, side=left, routed_layers=1589, elapsed_s=2.49)
2026-08-25 05:55:42,610 [INFO] [start rewire](phase=post_unswap, cycle=6, side=right, layers=1521, trials=20, seed=123, parallel=False, route_candidates=1, route_score=none)
2026-08-25 05:55:44,437 [INFO] [end rewire](phase=post_unswap, cycle=6, side=right, routed_layers=1606, elapsed_s=1.83)
2026-08-25 05:55:44,524 [INFO] [1L/1587](swap: 15, u: 0 | c_u: 0 | t_u_l: 15/942 | t_u_r: 20/943 | t_u: 35/1885) -> {'max_bond': 8, 'max_links': 4, 'total_elems': 1800, 'total_shapes': 496, 'total_links': 222, 'num_tensors': 56}
2026-08-25 05:55:44,592 [INFO] [1R/1604](swap: 13, u: 0 | c_u: 0 | t_u_l: 15/942 | t_u_r: 20/943 | t_u: 35/1885) -> {'max_bond': 16, 'max_links': 4, 'total_elems': 3028, 'total_shapes': 598, 'total_links': 222, 'num_tensors': 56}
2026-08-25 05:55:44,660 [INFO] [2L/1587](swap: 13, u: 0 | c_u: 0 | t_u_l: 15/942 | t_u_r: 20/943 | t_u: 35/1885) -> {'max_bond': 16, 'max_links': 4, 'total_elems': 4836, 'total_shapes': 676, 'total_links': 222, 'num_tensors': 56}
2026-08-25 05:55:44,729 [INFO] [3L/1587](swap: 15, u: 0 | c_u: 0 | t_u_l: 15/942 | t_u_r: 20/943 | t_u: 35/1885) -> {'max_bond': 16, 'max_links': 4, 'total_elems': 7208, 'total_shapes': 768, 'total_links': 222, 'num_tensors': 56}
2026-08-25 05:55:44,802 [INFO] [4L/1587](swap: 14, u: 0 | c_u: 0 | t_u_l: 15/942 | t_u_r: 20/943 | t_u: 35/1885) -> {'max_bond': 16, 'max_links': 4, 'total_elems': 11184, 'total_shapes': 926, 'total_links': 222, 'num_tensors': 56}
2026-08-25 05:55:44,875 [INFO] [2R/1604](swap: 13, u: 0 | c_u: 0 | t_u_l: 15/942 | t_u_r: 20/943 | t_u: 35/1885) -> {'max_bond': 64, 'max_links': 4, 'total_elems': 22184, 'total_shapes': 1180, 'total_links': 222, 'num_tensors': 56}
2026-08-25 05:55:44,959 [INFO] [3R/1604](swap: 13, u: 0 | c_u: 0 | t_u_l: 15/942 | t_u_r: 20/943 | t_u: 35/1885) -> {'max_bond': 64, 'max_links': 4, 'total_elems': 32472, 'total_shapes': 1340, 'total_links': 222, 'num_tensors': 56}
2026-08-25 05:55:45,053 [INFO] [4R/1604](swap: 10, u: 0 | c_u: 0 | t_u_l: 15/942 | t_u_r: 20/943 | t_u: 35/1885) -> {'max_bond': 64, 'max_links': 4, 'total_elems': 45352, 'total_shapes': 1616, 'total_links': 222, 'num_tensors': 56}
2026-08-25 05:55:45,168 [INFO] [5R/1604](swap: 8, u: 1 | c_u: 1 | t_u_l: 15/942 | t_u_r: 21/943 | t_u: 36/1885) -> {'max_bond': 64, 'max_links': 4, 'total_elems': 69416, 'total_shapes': 1908, 'total_links': 222, 'num_tensors': 56}
2026-08-25 05:55:45,315 [INFO] [5L/1587](swap: 17, u: 0 | c_u: 1 | t_u_l: 15/942 | t_u_r: 21/943 | t_u: 36/1885) -> {'max_bond': 64, 'max_links': 4, 'total_elems': 121144, 'total_shapes': 2368, 'total_links': 222, 'num_tensors': 56}
2026-08-25 05:55:45,549 [INFO] [6L/1587](swap: 16, u: 1 | c_u: 2 | t_u_l: 16/942 | t_u_r: 21/943 | t_u: 37/1885) -> {'max_bond': 128, 'max_links': 4, 'total_elems': 178016, 'total_shapes': 2848, 'total_links': 222, 'num_tensors': 56}
2026-08-25 05:55:45,816 [INFO] [7L/1587](swap: 14, u: 2 | c_u: 4 | t_u_l: 18/942 | t_u_r: 21/943 | t_u: 39/1885) -> {'max_bond': 128, 'max_links': 4, 'total_elems': 267424, 'total_shapes': 3504, 'total_links': 222, 'num_tensors': 56}
2026-08-25 05:55:46,323 [INFO]     [start unswap] -> {'max_bond': 128, 'max_links': 4, 'total_elems': 267424, 'total_shapes': 3504, 'total_links': 222, 'num_tensors': 56}
2026-08-25 05:55:48,364 [INFO]     [0 | both | 0](candidate_pairs: 28/28 | new_swaps: 6 | total: 6) -> {'max_bond': 128, 'max_links': 4, 'total_elems': 340256, 'total_shapes': 3784, 'total_links': 222, 'num_tensors': 56}
2026-08-25 05:55:49,570 [INFO]     [0 | both | 1](candidate_pairs: 27/27 | new_swaps: 12 | total: 18) -> {'max_bond': 128, 'max_links': 4, 'total_elems': 186272, 'total_shapes': 2824, 'total_links': 222, 'num_tensors': 56}
2026-08-25 05:55:49,862 [INFO]     [0 | left | 0](candidate_pairs: 28/28 | new_swaps: 13 | total: 31) -> {'max_bond': 64, 'max_links': 4, 'total_elems': 90976, 'total_shapes': 2108, 'total_links': 222, 'num_tensors': 56}
2026-08-25 05:55:50,044 [INFO]     [0 | left | 1](candidate_pairs: 27/27 | new_swaps: 11 | total: 42) -> {'max_bond': 64, 'max_links': 4, 'total_elems': 42624, 'total_shapes': 1660, 'total_links': 222, 'num_tensors': 56}
2026-08-25 05:55:50,140 [INFO]     [0 | right | 0](candidate_pairs: 28/28 | new_swaps: 7 | total: 49) -> {'max_bond': 32, 'max_links': 4, 'total_elems': 30080, 'total_shapes': 1404, 'total_links': 222, 'num_tensors': 56}
2026-08-25 05:55:50,229 [INFO]     [0 | right | 1](candidate_pairs: 27/27 | new_swaps: 8 | total: 57) -> {'max_bond': 32, 'max_links': 4, 'total_elems': 21232, 'total_shapes': 1240, 'total_links': 222, 'num_tensors': 56}
2026-08-25 05:55:50,372 [INFO]     [1 | both | 0](candidate_pairs: 28/28 | new_swaps: 13 | total: 13) -> {'max_bond': 16, 'max_links': 4, 'total_elems': 14552, 'total_shapes': 1046, 'total_links': 222, 'num_tensors': 56}
2026-08-25 05:55:50,502 [INFO]     [1 | both | 1](candidate_pairs: 27/27 | new_swaps: 9 | total: 22) -> {'max_bond': 16, 'max_links': 4, 'total_elems': 11764, 'total_shapes': 938, 'total_links': 222, 'num_tensors': 56}
2026-08-25 05:55:50,569 [INFO]     [1 | left | 0](candidate_pairs: 28/28 | new_swaps: 7 | total: 29) -> {'max_bond': 16, 'max_links': 4, 'total_elems': 10128, 'total_shapes': 856, 'total_links': 222, 'num_tensors': 56}
2026-08-25 05:55:50,635 [INFO]     [1 | left | 1](candidate_pairs: 27/27 | new_swaps: 4 | total: 33) -> {'max_bond': 16, 'max_links': 4, 'total_elems': 8276, 'total_shapes': 810, 'total_links': 222, 'num_tensors': 56}
2026-08-25 05:55:50,695 [INFO]     [1 | right | 0](candidate_pairs: 28/28 | new_swaps: 3 | total: 36) -> {'max_bond': 16, 'max_links': 4, 'total_elems': 6996, 'total_shapes': 770, 'total_links': 222, 'num_tensors': 56}
2026-08-25 05:55:50,721 [INFO]     [1 | right | 1](candidate_pairs: 27/27 | new_swaps: 0 | total: 36) -> {'max_bond': 16, 'max_links': 4, 'total_elems': 6996, 'total_shapes': 770, 'total_links': 222, 'num_tensors': 56}
2026-08-25 05:55:50,825 [INFO]     [2 | both | 0](candidate_pairs: 28/28 | new_swaps: 2 | total: 2) -> {'max_bond': 16, 'max_links': 4, 'total_elems': 6744, 'total_shapes': 756, 'total_links': 222, 'num_tensors': 56}
2026-08-25 05:55:50,930 [INFO]     [2 | both | 1](candidate_pairs: 27/27 | new_swaps: 6 | total: 8) -> {'max_bond': 16, 'max_links': 4, 'total_elems': 6372, 'total_shapes': 726, 'total_links': 222, 'num_tensors': 56}
2026-08-25 05:55:50,989 [INFO]     [2 | left | 0](candidate_pairs: 28/28 | new_swaps: 4 | total: 12) -> {'max_bond': 16, 'max_links': 4, 'total_elems': 5604, 'total_shapes': 698, 'total_links': 222, 'num_tensors': 56}
2026-08-25 05:55:51,045 [INFO]     [2 | left | 1](candidate_pairs: 27/27 | new_swaps: 2 | total: 14) -> {'max_bond': 16, 'max_links': 4, 'total_elems': 4764, 'total_shapes': 668, 'total_links': 222, 'num_tensors': 56}
2026-08-25 05:55:51,116 [INFO]     [2 | right | 0](candidate_pairs: 28/28 | new_swaps: 1 | total: 15) -> {'max_bond': 16, 'max_links': 4, 'total_elems': 4716, 'total_shapes': 664, 'total_links': 222, 'num_tensors': 56}
2026-08-25 05:55:51,142 [INFO]     [2 | right | 1](candidate_pairs: 27/27 | new_swaps: 0 | total: 15) -> {'max_bond': 16, 'max_links': 4, 'total_elems': 4716, 'total_shapes': 664, 'total_links': 222, 'num_tensors': 56}
2026-08-25 05:55:51,246 [INFO]     [3 | both | 0](candidate_pairs: 28/28 | new_swaps: 3 | total: 3) -> {'max_bond': 16, 'max_links': 4, 'total_elems': 4500, 'total_shapes': 652, 'total_links': 222, 'num_tensors': 56}
2026-08-25 05:55:51,350 [INFO]     [3 | both | 1](candidate_pairs: 27/27 | new_swaps: 5 | total: 8) -> {'max_bond': 16, 'max_links': 4, 'total_elems': 4152, 'total_shapes': 628, 'total_links': 222, 'num_tensors': 56}
2026-08-25 05:55:51,406 [INFO]     [3 | left | 0](candidate_pairs: 28/28 | new_swaps: 2 | total: 10) -> {'max_bond': 16, 'max_links': 4, 'total_elems': 4032, 'total_shapes': 620, 'total_links': 222, 'num_tensors': 56}
2026-08-25 05:55:51,452 [INFO]     [3 | left | 1](candidate_pairs: 27/27 | new_swaps: 1 | total: 11) -> {'max_bond': 16, 'max_links': 4, 'total_elems': 3872, 'total_shapes': 612, 'total_links': 222, 'num_tensors': 56}
2026-08-25 05:55:51,476 [INFO]     [3 | right | 0](candidate_pairs: 28/28 | new_swaps: 0 | total: 11) -> {'max_bond': 16, 'max_links': 4, 'total_elems': 3872, 'total_shapes': 612, 'total_links': 222, 'num_tensors': 56}
2026-08-25 05:55:51,500 [INFO]     [3 | right | 1](candidate_pairs: 27/27 | new_swaps: 0 | total: 11) -> {'max_bond': 16, 'max_links': 4, 'total_elems': 3872, 'total_shapes': 612, 'total_links': 222, 'num_tensors': 56}
2026-08-25 05:55:51,598 [INFO]     [4 | both | 0](candidate_pairs: 28/28 | new_swaps: 3 | total: 3) -> {'max_bond': 16, 'max_links': 4, 'total_elems': 3656, 'total_shapes': 596, 'total_links': 222, 'num_tensors': 56}
2026-08-25 05:55:51,693 [INFO]     [4 | both | 1](candidate_pairs: 27/27 | new_swaps: 2 | total: 5) -> {'max_bond': 16, 'max_links': 4, 'total_elems': 3596, 'total_shapes': 588, 'total_links': 222, 'num_tensors': 56}
2026-08-25 05:55:51,717 [INFO]     [4 | left | 0](candidate_pairs: 28/28 | new_swaps: 0 | total: 5) -> {'max_bond': 16, 'max_links': 4, 'total_elems': 3596, 'total_shapes': 588, 'total_links': 222, 'num_tensors': 56}
2026-08-25 05:55:51,741 [INFO]     [4 | left | 1](candidate_pairs: 27/27 | new_swaps: 0 | total: 5) -> {'max_bond': 16, 'max_links': 4, 'total_elems': 3596, 'total_shapes': 588, 'total_links': 222, 'num_tensors': 56}
2026-08-25 05:55:51,765 [INFO]     [4 | right | 0](candidate_pairs: 28/28 | new_swaps: 0 | total: 5) -> {'max_bond': 16, 'max_links': 4, 'total_elems': 3596, 'total_shapes': 588, 'total_links': 222, 'num_tensors': 56}
2026-08-25 05:55:51,788 [INFO]     [4 | right | 1](candidate_pairs: 27/27 | new_swaps: 0 | total: 5) -> {'max_bond': 16, 'max_links': 4, 'total_elems': 3596, 'total_shapes': 588, 'total_links': 222, 'num_tensors': 56}
2026-08-25 05:55:51,834 [INFO]     [5 | both | 0](candidate_pairs: 28/28 | new_swaps: 0 | total: 0) -> {'max_bond': 16, 'max_links': 4, 'total_elems': 3596, 'total_shapes': 588, 'total_links': 222, 'num_tensors': 56}
2026-08-25 05:55:51,880 [INFO]     [5 | both | 1](candidate_pairs: 27/27 | new_swaps: 0 | total: 0) -> {'max_bond': 16, 'max_links': 4, 'total_elems': 3596, 'total_shapes': 588, 'total_links': 222, 'num_tensors': 56}
2026-08-25 05:55:51,903 [INFO]     [5 | left | 0](candidate_pairs: 28/28 | new_swaps: 0 | total: 0) -> {'max_bond': 16, 'max_links': 4, 'total_elems': 3596, 'total_shapes': 588, 'total_links': 222, 'num_tensors': 56}
2026-08-25 05:55:51,927 [INFO]     [5 | left | 1](candidate_pairs: 27/27 | new_swaps: 0 | total: 0) -> {'max_bond': 16, 'max_links': 4, 'total_elems': 3596, 'total_shapes': 588, 'total_links': 222, 'num_tensors': 56}
2026-08-25 05:55:51,950 [INFO]     [5 | right | 0](candidate_pairs: 28/28 | new_swaps: 0 | total: 0) -> {'max_bond': 16, 'max_links': 4, 'total_elems': 3596, 'total_shapes': 588, 'total_links': 222, 'num_tensors': 56}
2026-08-25 05:55:51,974 [INFO]     [5 | right | 1](candidate_pairs: 27/27 | new_swaps: 0 | total: 0) -> {'max_bond': 16, 'max_links': 4, 'total_elems': 3596, 'total_shapes': 588, 'total_links': 222, 'num_tensors': 56}
2026-08-25 05:55:51,975 [INFO]     [end unswap] -> {'max_bond': 16, 'max_links': 4, 'total_elems': 3596, 'total_shapes': 588, 'total_links': 222, 'num_tensors': 56}
2026-08-25 05:55:51,976 [INFO] [start rewire](phase=post_unswap, cycle=7, side=left, layers=1582, trials=20, seed=123, parallel=False, route_candidates=1, route_score=none)
2026-08-25 05:55:53,751 [INFO] [end rewire](phase=post_unswap, cycle=7, side=left, routed_layers=1432, elapsed_s=1.78)
2026-08-25 05:55:53,751 [INFO] [start rewire](phase=post_unswap, cycle=7, side=right, layers=1601, trials=20, seed=123, parallel=False, route_candidates=1, route_score=none)
2026-08-25 05:55:55,514 [INFO] [end rewire](phase=post_unswap, cycle=7, side=right, routed_layers=1528, elapsed_s=1.76)
2026-08-25 05:55:55,597 [INFO] [1L/1430](swap: 11, u: 0 | c_u: 0 | t_u_l: 18/942 | t_u_r: 21/943 | t_u: 39/1885) -> {'max_bond': 16, 'max_links': 4, 'total_elems': 3596, 'total_shapes': 588, 'total_links': 222, 'num_tensors': 56}
2026-08-25 05:55:55,662 [INFO] [2L/1430](swap: 12, u: 0 | c_u: 0 | t_u_l: 18/942 | t_u_r: 21/943 | t_u: 39/1885) -> {'max_bond': 16, 'max_links': 4, 'total_elems': 4268, 'total_shapes': 650, 'total_links': 222, 'num_tensors': 56}
2026-08-25 05:55:55,729 [INFO] [1R/1526](swap: 13, u: 0 | c_u: 0 | t_u_l: 18/942 | t_u_r: 21/943 | t_u: 39/1885) -> {'max_bond': 16, 'max_links': 4, 'total_elems': 5256, 'total_shapes': 728, 'total_links': 222, 'num_tensors': 56}
2026-08-25 05:55:55,793 [INFO] [3L/1430](swap: 12, u: 0 | c_u: 0 | t_u_l: 18/942 | t_u_r: 21/943 | t_u: 39/1885) -> {'max_bond': 16, 'max_links': 4, 'total_elems': 7224, 'total_shapes': 834, 'total_links': 222, 'num_tensors': 56}
2026-08-25 05:55:55,856 [INFO] [2R/1526](swap: 13, u: 0 | c_u: 0 | t_u_l: 18/942 | t_u_r: 21/943 | t_u: 39/1885) -> {'max_bond': 16, 'max_links': 4, 'total_elems': 12264, 'total_shapes': 1046, 'total_links': 222, 'num_tensors': 56}
2026-08-25 05:55:55,924 [INFO] [3R/1526](swap: 10, u: 1 | c_u: 1 | t_u_l: 18/942 | t_u_r: 22/943 | t_u: 40/1885) -> {'max_bond': 16, 'max_links': 4, 'total_elems': 18232, 'total_shapes': 1194, 'total_links': 222, 'num_tensors': 56}
2026-08-25 05:55:55,999 [INFO] [4L/1430](swap: 14, u: 0 | c_u: 1 | t_u_l: 18/942 | t_u_r: 22/943 | t_u: 40/1885) -> {'max_bond': 64, 'max_links': 4, 'total_elems': 32736, 'total_shapes': 1472, 'total_links': 222, 'num_tensors': 56}
2026-08-25 05:55:56,098 [INFO] [4R/1526](swap: 15, u: 1 | c_u: 2 | t_u_l: 18/942 | t_u_r: 23/943 | t_u: 41/1885) -> {'max_bond': 64, 'max_links': 4, 'total_elems': 59488, 'total_shapes': 1828, 'total_links': 222, 'num_tensors': 56}
2026-08-25 05:55:56,231 [INFO] [5R/1526](swap: 12, u: 2 | c_u: 4 | t_u_l: 18/942 | t_u_r: 25/943 | t_u: 43/1885) -> {'max_bond': 64, 'max_links': 4, 'total_elems': 104128, 'total_shapes': 2284, 'total_links': 222, 'num_tensors': 56}
2026-08-25 05:55:56,419 [INFO] [6R/1526](swap: 13, u: 2 | c_u: 6 | t_u_l: 18/942 | t_u_r: 27/943 | t_u: 45/1885) -> {'max_bond': 64, 'max_links': 4, 'total_elems': 185824, 'total_shapes': 2760, 'total_links': 222, 'num_tensors': 56}
2026-08-25 05:55:56,702 [INFO]     [start unswap] -> {'max_bond': 64, 'max_links': 4, 'total_elems': 185824, 'total_shapes': 2760, 'total_links': 222, 'num_tensors': 56}
2026-08-25 05:55:57,713 [INFO]     [0 | both | 0](candidate_pairs: 28/28 | new_swaps: 6 | total: 6) -> {'max_bond': 256, 'max_links': 4, 'total_elems': 275072, 'total_shapes': 3164, 'total_links': 222, 'num_tensors': 56}
2026-08-25 05:55:58,442 [INFO]     [0 | both | 1](candidate_pairs: 27/27 | new_swaps: 9 | total: 15) -> {'max_bond': 64, 'max_links': 4, 'total_elems': 102560, 'total_shapes': 2236, 'total_links': 222, 'num_tensors': 56}
2026-08-25 05:55:58,613 [INFO]     [0 | left | 0](candidate_pairs: 28/28 | new_swaps: 9 | total: 24) -> {'max_bond': 64, 'max_links': 4, 'total_elems': 75168, 'total_shapes': 1836, 'total_links': 222, 'num_tensors': 56}
2026-08-25 05:55:58,793 [INFO]     [0 | left | 1](candidate_pairs: 27/27 | new_swaps: 13 | total: 37) -> {'max_bond': 64, 'max_links': 4, 'total_elems': 39448, 'total_shapes': 1486, 'total_links': 222, 'num_tensors': 56}
2026-08-25 05:55:58,891 [INFO]     [0 | right | 0](candidate_pairs: 28/28 | new_swaps: 9 | total: 46) -> {'max_bond': 32, 'max_links': 4, 'total_elems': 21848, 'total_shapes': 1174, 'total_links': 222, 'num_tensors': 56}
2026-08-25 05:55:58,971 [INFO]     [0 | right | 1](candidate_pairs: 27/27 | new_swaps: 9 | total: 55) -> {'max_bond': 32, 'max_links': 4, 'total_elems': 15248, 'total_shapes': 1044, 'total_links': 222, 'num_tensors': 56}
2026-08-25 05:55:59,104 [INFO]     [1 | both | 0](candidate_pairs: 28/28 | new_swaps: 7 | total: 7) -> {'max_bond': 32, 'max_links': 4, 'total_elems': 11712, 'total_shapes': 940, 'total_links': 222, 'num_tensors': 56}
2026-08-25 05:55:59,223 [INFO]     [1 | both | 1](candidate_pairs: 27/27 | new_swaps: 6 | total: 13) -> {'max_bond': 32, 'max_links': 4, 'total_elems': 8784, 'total_shapes': 842, 'total_links': 222, 'num_tensors': 56}
2026-08-25 05:55:59,284 [INFO]     [1 | left | 0](candidate_pairs: 28/28 | new_swaps: 5 | total: 18) -> {'max_bond': 16, 'max_links': 4, 'total_elems': 6676, 'total_shapes': 768, 'total_links': 222, 'num_tensors': 56}
2026-08-25 05:55:59,341 [INFO]     [1 | left | 1](candidate_pairs: 27/27 | new_swaps: 3 | total: 21) -> {'max_bond': 16, 'max_links': 4, 'total_elems': 5412, 'total_shapes': 736, 'total_links': 222, 'num_tensors': 56}
2026-08-25 05:55:59,397 [INFO]     [1 | right | 0](candidate_pairs: 28/28 | new_swaps: 5 | total: 26) -> {'max_bond': 8, 'max_links': 4, 'total_elems': 4216, 'total_shapes': 676, 'total_links': 222, 'num_tensors': 56}
2026-08-25 05:55:59,449 [INFO]     [1 | right | 1](candidate_pairs: 27/27 | new_swaps: 1 | total: 27) -> {'max_bond': 8, 'max_links': 4, 'total_elems': 4088, 'total_shapes': 668, 'total_links': 222, 'num_tensors': 56}
2026-08-25 05:55:59,545 [INFO]     [2 | both | 0](candidate_pairs: 28/28 | new_swaps: 4 | total: 4) -> {'max_bond': 8, 'max_links': 4, 'total_elems': 3764, 'total_shapes': 646, 'total_links': 222, 'num_tensors': 56}
2026-08-25 05:55:59,589 [INFO]     [2 | both | 1](candidate_pairs: 27/27 | new_swaps: 0 | total: 4) -> {'max_bond': 8, 'max_links': 4, 'total_elems': 3764, 'total_shapes': 646, 'total_links': 222, 'num_tensors': 56}
2026-08-25 05:55:59,612 [INFO]     [2 | left | 0](candidate_pairs: 28/28 | new_swaps: 0 | total: 4) -> {'max_bond': 8, 'max_links': 4, 'total_elems': 3764, 'total_shapes': 646, 'total_links': 222, 'num_tensors': 56}
2026-08-25 05:55:59,654 [INFO]     [2 | left | 1](candidate_pairs: 27/27 | new_swaps: 1 | total: 5) -> {'max_bond': 8, 'max_links': 4, 'total_elems': 3740, 'total_shapes': 640, 'total_links': 222, 'num_tensors': 56}
2026-08-25 05:55:59,677 [INFO]     [2 | right | 0](candidate_pairs: 28/28 | new_swaps: 0 | total: 5) -> {'max_bond': 8, 'max_links': 4, 'total_elems': 3740, 'total_shapes': 640, 'total_links': 222, 'num_tensors': 56}
2026-08-25 05:55:59,718 [INFO]     [2 | right | 1](candidate_pairs: 27/27 | new_swaps: 1 | total: 6) -> {'max_bond': 8, 'max_links': 4, 'total_elems': 3580, 'total_shapes': 632, 'total_links': 222, 'num_tensors': 56}
2026-08-25 05:55:59,763 [INFO]     [3 | both | 0](candidate_pairs: 28/28 | new_swaps: 0 | total: 0) -> {'max_bond': 8, 'max_links': 4, 'total_elems': 3580, 'total_shapes': 632, 'total_links': 222, 'num_tensors': 56}
2026-08-25 05:55:59,809 [INFO]     [3 | both | 1](candidate_pairs: 27/27 | new_swaps: 0 | total: 0) -> {'max_bond': 8, 'max_links': 4, 'total_elems': 3580, 'total_shapes': 632, 'total_links': 222, 'num_tensors': 56}
2026-08-25 05:55:59,833 [INFO]     [3 | left | 0](candidate_pairs: 28/28 | new_swaps: 0 | total: 0) -> {'max_bond': 8, 'max_links': 4, 'total_elems': 3580, 'total_shapes': 632, 'total_links': 222, 'num_tensors': 56}
2026-08-25 05:55:59,857 [INFO]     [3 | left | 1](candidate_pairs: 27/27 | new_swaps: 0 | total: 0) -> {'max_bond': 8, 'max_links': 4, 'total_elems': 3580, 'total_shapes': 632, 'total_links': 222, 'num_tensors': 56}
2026-08-25 05:55:59,900 [INFO]     [3 | right | 0](candidate_pairs: 28/28 | new_swaps: 1 | total: 1) -> {'max_bond': 8, 'max_links': 4, 'total_elems': 3388, 'total_shapes': 624, 'total_links': 222, 'num_tensors': 56}
2026-08-25 05:55:59,942 [INFO]     [3 | right | 1](candidate_pairs: 27/27 | new_swaps: 1 | total: 2) -> {'max_bond': 8, 'max_links': 4, 'total_elems': 3260, 'total_shapes': 616, 'total_links': 222, 'num_tensors': 56}
2026-08-25 05:55:59,988 [INFO]     [4 | both | 0](candidate_pairs: 28/28 | new_swaps: 0 | total: 0) -> {'max_bond': 8, 'max_links': 4, 'total_elems': 3260, 'total_shapes': 616, 'total_links': 222, 'num_tensors': 56}
2026-08-25 05:56:00,034 [INFO]     [4 | both | 1](candidate_pairs: 27/27 | new_swaps: 0 | total: 0) -> {'max_bond': 8, 'max_links': 4, 'total_elems': 3260, 'total_shapes': 616, 'total_links': 222, 'num_tensors': 56}
2026-08-25 05:56:00,057 [INFO]     [4 | left | 0](candidate_pairs: 28/28 | new_swaps: 0 | total: 0) -> {'max_bond': 8, 'max_links': 4, 'total_elems': 3260, 'total_shapes': 616, 'total_links': 222, 'num_tensors': 56}
2026-08-25 05:56:00,081 [INFO]     [4 | left | 1](candidate_pairs: 27/27 | new_swaps: 0 | total: 0) -> {'max_bond': 8, 'max_links': 4, 'total_elems': 3260, 'total_shapes': 616, 'total_links': 222, 'num_tensors': 56}
2026-08-25 05:56:00,103 [INFO]     [4 | right | 0](candidate_pairs: 28/28 | new_swaps: 0 | total: 0) -> {'max_bond': 8, 'max_links': 4, 'total_elems': 3260, 'total_shapes': 616, 'total_links': 222, 'num_tensors': 56}
2026-08-25 05:56:00,126 [INFO]     [4 | right | 1](candidate_pairs: 27/27 | new_swaps: 0 | total: 0) -> {'max_bond': 8, 'max_links': 4, 'total_elems': 3260, 'total_shapes': 616, 'total_links': 222, 'num_tensors': 56}
2026-08-25 05:56:00,127 [INFO]     [end unswap] -> {'max_bond': 8, 'max_links': 4, 'total_elems': 3260, 'total_shapes': 616, 'total_links': 222, 'num_tensors': 56}
2026-08-25 05:56:00,128 [INFO] [start rewire](phase=post_unswap, cycle=8, side=left, layers=1428, trials=20, seed=123, parallel=False, route_candidates=1, route_score=none)
2026-08-25 05:56:02,176 [INFO] [end rewire](phase=post_unswap, cycle=8, side=left, routed_layers=1427, elapsed_s=2.05)
2026-08-25 05:56:02,176 [INFO] [start rewire](phase=post_unswap, cycle=8, side=right, layers=1522, trials=20, seed=123, parallel=False, route_candidates=1, route_score=none)
2026-08-25 05:56:03,954 [INFO] [end rewire](phase=post_unswap, cycle=8, side=right, routed_layers=1565, elapsed_s=1.78)
2026-08-25 05:56:04,042 [INFO] [1L/1425](swap: 14, u: 0 | c_u: 0 | t_u_l: 18/942 | t_u_r: 27/943 | t_u: 45/1885) -> {'max_bond': 8, 'max_links': 4, 'total_elems': 3260, 'total_shapes': 616, 'total_links': 222, 'num_tensors': 56}
2026-08-25 05:56:04,111 [INFO] [1R/1563](swap: 13, u: 2 | c_u: 2 | t_u_l: 18/942 | t_u_r: 29/943 | t_u: 47/1885) -> {'max_bond': 16, 'max_links': 4, 'total_elems': 5356, 'total_shapes': 740, 'total_links': 222, 'num_tensors': 56}
2026-08-25 05:56:04,182 [INFO] [2L/1425](swap: 17, u: 0 | c_u: 2 | t_u_l: 18/942 | t_u_r: 29/943 | t_u: 47/1885) -> {'max_bond': 16, 'max_links': 4, 'total_elems': 7676, 'total_shapes': 836, 'total_links': 222, 'num_tensors': 56}
2026-08-25 05:56:04,255 [INFO] [2R/1563](swap: 10, u: 3 | c_u: 5 | t_u_l: 18/942 | t_u_r: 32/943 | t_u: 50/1885) -> {'max_bond': 16, 'max_links': 4, 'total_elems': 11964, 'total_shapes': 960, 'total_links': 222, 'num_tensors': 56}
2026-08-25 05:56:04,333 [INFO] [3L/1425](swap: 15, u: 1 | c_u: 6 | t_u_l: 19/942 | t_u_r: 32/943 | t_u: 51/1885) -> {'max_bond': 32, 'max_links': 4, 'total_elems': 16604, 'total_shapes': 1128, 'total_links': 222, 'num_tensors': 56}
2026-08-25 05:56:04,416 [INFO] [4L/1425](swap: 13, u: 1 | c_u: 7 | t_u_l: 20/942 | t_u_r: 32/943 | t_u: 52/1885) -> {'max_bond': 64, 'max_links': 4, 'total_elems': 34908, 'total_shapes': 1448, 'total_links': 222, 'num_tensors': 56}
2026-08-25 05:56:04,531 [INFO] [3R/1563](swap: 12, u: 1 | c_u: 8 | t_u_l: 20/942 | t_u_r: 33/943 | t_u: 53/1885) -> {'max_bond': 64, 'max_links': 4, 'total_elems': 51036, 'total_shapes': 1688, 'total_links': 222, 'num_tensors': 56}
2026-08-25 05:56:04,679 [INFO] [4R/1563](swap: 12, u: 1 | c_u: 9 | t_u_l: 20/942 | t_u_r: 34/943 | t_u: 54/1885) -> {'max_bond': 64, 'max_links': 4, 'total_elems': 80668, 'total_shapes': 1968, 'total_links': 222, 'num_tensors': 56}
2026-08-25 05:56:04,833 [INFO] [5R/1563](swap: 9, u: 0 | c_u: 9 | t_u_l: 20/942 | t_u_r: 34/943 | t_u: 54/1885) -> {'max_bond': 64, 'max_links': 4, 'total_elems': 92316, 'total_shapes': 2152, 'total_links': 222, 'num_tensors': 56}
2026-08-25 05:56:05,002 [INFO] [6R/1563](swap: 7, u: 4 | c_u: 13 | t_u_l: 20/942 | t_u_r: 38/943 | t_u: 58/1885) -> {'max_bond': 128, 'max_links': 4, 'total_elems': 139676, 'total_shapes': 2576, 'total_links': 222, 'num_tensors': 56}
2026-08-25 05:56:05,281 [INFO] [5L/1425](swap: 14, u: 2 | c_u: 15 | t_u_l: 22/942 | t_u_r: 38/943 | t_u: 60/1885) -> {'max_bond': 128, 'max_links': 4, 'total_elems': 279704, 'total_shapes': 3318, 'total_links': 222, 'num_tensors': 56}
2026-08-25 05:56:05,790 [INFO]     [start unswap] -> {'max_bond': 128, 'max_links': 4, 'total_elems': 279704, 'total_shapes': 3318, 'total_links': 222, 'num_tensors': 56}
2026-08-25 05:56:07,454 [INFO]     [0 | both | 0](candidate_pairs: 28/28 | new_swaps: 5 | total: 5) -> {'max_bond': 128, 'max_links': 4, 'total_elems': 236448, 'total_shapes': 3036, 'total_links': 222, 'num_tensors': 56}
2026-08-25 05:56:08,020 [INFO]     [0 | both | 1](candidate_pairs: 27/27 | new_swaps: 11 | total: 16) -> {'max_bond': 128, 'max_links': 4, 'total_elems': 111136, 'total_shapes': 2344, 'total_links': 222, 'num_tensors': 56}
2026-08-25 05:56:08,217 [INFO]     [0 | left | 0](candidate_pairs: 28/28 | new_swaps: 10 | total: 26) -> {'max_bond': 32, 'max_links': 4, 'total_elems': 56672, 'total_shapes': 1816, 'total_links': 222, 'num_tensors': 56}
2026-08-25 05:56:08,341 [INFO]     [0 | left | 1](candidate_pairs: 27/27 | new_swaps: 12 | total: 38) -> {'max_bond': 32, 'max_links': 4, 'total_elems': 38040, 'total_shapes': 1514, 'total_links': 222, 'num_tensors': 56}
2026-08-25 05:56:08,435 [INFO]     [0 | right | 0](candidate_pairs: 28/28 | new_swaps: 8 | total: 46) -> {'max_bond': 32, 'max_links': 4, 'total_elems': 32880, 'total_shapes': 1366, 'total_links': 222, 'num_tensors': 56}
2026-08-25 05:56:08,522 [INFO]     [0 | right | 1](candidate_pairs: 27/27 | new_swaps: 7 | total: 53) -> {'max_bond': 32, 'max_links': 4, 'total_elems': 30104, 'total_shapes': 1286, 'total_links': 222, 'num_tensors': 56}
2026-08-25 05:56:08,689 [INFO]     [1 | both | 0](candidate_pairs: 28/28 | new_swaps: 7 | total: 7) -> {'max_bond': 32, 'max_links': 4, 'total_elems': 24392, 'total_shapes': 1186, 'total_links': 222, 'num_tensors': 56}
2026-08-25 05:56:08,837 [INFO]     [1 | both | 1](candidate_pairs: 27/27 | new_swaps: 7 | total: 14) -> {'max_bond': 32, 'max_links': 4, 'total_elems': 16344, 'total_shapes': 1046, 'total_links': 222, 'num_tensors': 56}
2026-08-25 05:56:08,908 [INFO]     [1 | left | 0](candidate_pairs: 28/28 | new_swaps: 7 | total: 21) -> {'max_bond': 16, 'max_links': 4, 'total_elems': 12120, 'total_shapes': 940, 'total_links': 222, 'num_tensors': 56}
2026-08-25 05:56:08,974 [INFO]     [1 | left | 1](candidate_pairs: 27/27 | new_swaps: 5 | total: 26) -> {'max_bond': 16, 'max_links': 4, 'total_elems': 10136, 'total_shapes': 882, 'total_links': 222, 'num_tensors': 56}
2026-08-25 05:56:09,034 [INFO]     [1 | right | 0](candidate_pairs: 28/28 | new_swaps: 2 | total: 28) -> {'max_bond': 16, 'max_links': 4, 'total_elems': 9600, 'total_shapes': 862, 'total_links': 222, 'num_tensors': 56}
2026-08-25 05:56:09,063 [INFO]     [1 | right | 1](candidate_pairs: 27/27 | new_swaps: 0 | total: 28) -> {'max_bond': 16, 'max_links': 4, 'total_elems': 9600, 'total_shapes': 862, 'total_links': 222, 'num_tensors': 56}
2026-08-25 05:56:09,176 [INFO]     [2 | both | 0](candidate_pairs: 28/28 | new_swaps: 5 | total: 5) -> {'max_bond': 16, 'max_links': 4, 'total_elems': 8324, 'total_shapes': 816, 'total_links': 222, 'num_tensors': 56}
2026-08-25 05:56:09,282 [INFO]     [2 | both | 1](candidate_pairs: 27/27 | new_swaps: 4 | total: 9) -> {'max_bond': 16, 'max_links': 4, 'total_elems': 7368, 'total_shapes': 778, 'total_links': 222, 'num_tensors': 56}
2026-08-25 05:56:09,329 [INFO]     [2 | left | 0](candidate_pairs: 28/28 | new_swaps: 1 | total: 10) -> {'max_bond': 16, 'max_links': 4, 'total_elems': 7328, 'total_shapes': 774, 'total_links': 222, 'num_tensors': 56}
2026-08-25 05:56:09,355 [INFO]     [2 | left | 1](candidate_pairs: 27/27 | new_swaps: 0 | total: 10) -> {'max_bond': 16, 'max_links': 4, 'total_elems': 7328, 'total_shapes': 774, 'total_links': 222, 'num_tensors': 56}
2026-08-25 05:56:09,382 [INFO]     [2 | right | 0](candidate_pairs: 28/28 | new_swaps: 0 | total: 10) -> {'max_bond': 16, 'max_links': 4, 'total_elems': 7328, 'total_shapes': 774, 'total_links': 222, 'num_tensors': 56}
2026-08-25 05:56:09,439 [INFO]     [2 | right | 1](candidate_pairs: 27/27 | new_swaps: 2 | total: 12) -> {'max_bond': 16, 'max_links': 4, 'total_elems': 6912, 'total_shapes': 758, 'total_links': 222, 'num_tensors': 56}
2026-08-25 05:56:09,542 [INFO]     [3 | both | 0](candidate_pairs: 28/28 | new_swaps: 2 | total: 2) -> {'max_bond': 16, 'max_links': 4, 'total_elems': 6528, 'total_shapes': 742, 'total_links': 222, 'num_tensors': 56}
2026-08-25 05:56:09,643 [INFO]     [3 | both | 1](candidate_pairs: 27/27 | new_swaps: 1 | total: 3) -> {'max_bond': 16, 'max_links': 4, 'total_elems': 6336, 'total_shapes': 730, 'total_links': 222, 'num_tensors': 56}
2026-08-25 05:56:09,669 [INFO]     [3 | left | 0](candidate_pairs: 28/28 | new_swaps: 0 | total: 3) -> {'max_bond': 16, 'max_links': 4, 'total_elems': 6336, 'total_shapes': 730, 'total_links': 222, 'num_tensors': 56}
2026-08-25 05:56:09,695 [INFO]     [3 | left | 1](candidate_pairs: 27/27 | new_swaps: 0 | total: 3) -> {'max_bond': 16, 'max_links': 4, 'total_elems': 6336, 'total_shapes': 730, 'total_links': 222, 'num_tensors': 56}
2026-08-25 05:56:09,741 [INFO]     [3 | right | 0](candidate_pairs: 28/28 | new_swaps: 1 | total: 4) -> {'max_bond': 16, 'max_links': 4, 'total_elems': 6144, 'total_shapes': 722, 'total_links': 222, 'num_tensors': 56}
2026-08-25 05:56:09,766 [INFO]     [3 | right | 1](candidate_pairs: 27/27 | new_swaps: 0 | total: 4) -> {'max_bond': 16, 'max_links': 4, 'total_elems': 6144, 'total_shapes': 722, 'total_links': 222, 'num_tensors': 56}
2026-08-25 05:56:09,816 [INFO]     [4 | both | 0](candidate_pairs: 28/28 | new_swaps: 0 | total: 0) -> {'max_bond': 16, 'max_links': 4, 'total_elems': 6144, 'total_shapes': 722, 'total_links': 222, 'num_tensors': 56}
2026-08-25 05:56:09,865 [INFO]     [4 | both | 1](candidate_pairs: 27/27 | new_swaps: 0 | total: 0) -> {'max_bond': 16, 'max_links': 4, 'total_elems': 6144, 'total_shapes': 722, 'total_links': 222, 'num_tensors': 56}
2026-08-25 05:56:09,891 [INFO]     [4 | left | 0](candidate_pairs: 28/28 | new_swaps: 0 | total: 0) -> {'max_bond': 16, 'max_links': 4, 'total_elems': 6144, 'total_shapes': 722, 'total_links': 222, 'num_tensors': 56}
2026-08-25 05:56:09,916 [INFO]     [4 | left | 1](candidate_pairs: 27/27 | new_swaps: 0 | total: 0) -> {'max_bond': 16, 'max_links': 4, 'total_elems': 6144, 'total_shapes': 722, 'total_links': 222, 'num_tensors': 56}
2026-08-25 05:56:09,942 [INFO]     [4 | right | 0](candidate_pairs: 28/28 | new_swaps: 0 | total: 0) -> {'max_bond': 16, 'max_links': 4, 'total_elems': 6144, 'total_shapes': 722, 'total_links': 222, 'num_tensors': 56}
2026-08-25 05:56:09,967 [INFO]     [4 | right | 1](candidate_pairs: 27/27 | new_swaps: 0 | total: 0) -> {'max_bond': 16, 'max_links': 4, 'total_elems': 6144, 'total_shapes': 722, 'total_links': 222, 'num_tensors': 56}
2026-08-25 05:56:09,967 [INFO]     [end unswap] -> {'max_bond': 16, 'max_links': 4, 'total_elems': 6144, 'total_shapes': 722, 'total_links': 222, 'num_tensors': 56}
2026-08-25 05:56:09,968 [INFO] [start rewire](phase=post_unswap, cycle=9, side=left, layers=1422, trials=20, seed=123, parallel=False, route_candidates=1, route_score=none)
2026-08-25 05:56:11,983 [INFO] [end rewire](phase=post_unswap, cycle=9, side=left, routed_layers=1460, elapsed_s=2.01)
2026-08-25 05:56:11,983 [INFO] [start rewire](phase=post_unswap, cycle=9, side=right, layers=1559, trials=20, seed=123, parallel=False, route_candidates=1, route_score=none)
2026-08-25 05:56:13,905 [INFO] [end rewire](phase=post_unswap, cycle=9, side=right, routed_layers=1597, elapsed_s=1.92)
2026-08-25 05:56:14,018 [INFO] [1L/1458](swap: 13, u: 0 | c_u: 0 | t_u_l: 22/942 | t_u_r: 38/943 | t_u: 60/1885) -> {'max_bond': 16, 'max_links': 4, 'total_elems': 6144, 'total_shapes': 722, 'total_links': 222, 'num_tensors': 56}
2026-08-25 05:56:14,084 [INFO] [1R/1595](swap: 11, u: 1 | c_u: 1 | t_u_l: 22/942 | t_u_r: 39/943 | t_u: 61/1885) -> {'max_bond': 16, 'max_links': 4, 'total_elems': 7764, 'total_shapes': 812, 'total_links': 222, 'num_tensors': 56}
2026-08-25 05:56:14,151 [INFO] [2L/1458](swap: 16, u: 0 | c_u: 1 | t_u_l: 22/942 | t_u_r: 39/943 | t_u: 61/1885) -> {'max_bond': 16, 'max_links': 4, 'total_elems': 9148, 'total_shapes': 876, 'total_links': 222, 'num_tensors': 56}
2026-08-25 05:56:14,227 [INFO] [2R/1595](swap: 10, u: 2 | c_u: 3 | t_u_l: 22/942 | t_u_r: 41/943 | t_u: 63/1885) -> {'max_bond': 16, 'max_links': 4, 'total_elems': 12484, 'total_shapes': 978, 'total_links': 222, 'num_tensors': 56}
2026-08-25 05:56:14,302 [INFO] [3R/1595](swap: 10, u: 2 | c_u: 5 | t_u_l: 22/942 | t_u_r: 43/943 | t_u: 65/1885) -> {'max_bond': 32, 'max_links': 4, 'total_elems': 17316, 'total_shapes': 1122, 'total_links': 222, 'num_tensors': 56}
2026-08-25 05:56:14,378 [INFO] [4R/1595](swap: 9, u: 1 | c_u: 6 | t_u_l: 22/942 | t_u_r: 44/943 | t_u: 66/1885) -> {'max_bond': 32, 'max_links': 4, 'total_elems': 25540, 'total_shapes': 1254, 'total_links': 222, 'num_tensors': 56}
2026-08-25 05:56:14,463 [INFO] [5R/1595](swap: 8, u: 2 | c_u: 8 | t_u_l: 22/942 | t_u_r: 46/943 | t_u: 68/1885) -> {'max_bond': 32, 'max_links': 4, 'total_elems': 29796, 'total_shapes': 1342, 'total_links': 222, 'num_tensors': 56}
2026-08-25 05:56:14,546 [INFO] [6R/1595](swap: 6, u: 1 | c_u: 9 | t_u_l: 22/942 | t_u_r: 47/943 | t_u: 69/1885) -> {'max_bond': 32, 'max_links': 4, 'total_elems': 34500, 'total_shapes': 1436, 'total_links': 222, 'num_tensors': 56}
2026-08-25 05:56:14,639 [INFO] [7R/1595](swap: 8, u: 1 | c_u: 10 | t_u_l: 22/942 | t_u_r: 48/943 | t_u: 70/1885) -> {'max_bond': 64, 'max_links': 4, 'total_elems': 47684, 'total_shapes': 1644, 'total_links': 222, 'num_tensors': 56}
2026-08-25 05:56:14,745 [INFO] [8R/1595](swap: 7, u: 1 | c_u: 11 | t_u_l: 22/942 | t_u_r: 49/943 | t_u: 71/1885) -> {'max_bond': 64, 'max_links': 4, 'total_elems': 61252, 'total_shapes': 1820, 'total_links': 222, 'num_tensors': 56}
2026-08-25 05:56:14,858 [INFO] [9R/1595](swap: 6, u: 0 | c_u: 11 | t_u_l: 22/942 | t_u_r: 49/943 | t_u: 71/1885) -> {'max_bond': 64, 'max_links': 4, 'total_elems': 81988, 'total_shapes': 2076, 'total_links': 222, 'num_tensors': 56}
2026-08-25 05:56:14,991 [INFO] [10R/1595](swap: 6, u: 0 | c_u: 11 | t_u_l: 22/942 | t_u_r: 49/943 | t_u: 71/1885) -> {'max_bond': 64, 'max_links': 4, 'total_elems': 115328, 'total_shapes': 2306, 'total_links': 222, 'num_tensors': 56}
2026-08-25 05:56:15,143 [INFO] [11R/1595](swap: 5, u: 0 | c_u: 11 | t_u_l: 22/942 | t_u_r: 49/943 | t_u: 71/1885) -> {'max_bond': 64, 'max_links': 4, 'total_elems': 123872, 'total_shapes': 2400, 'total_links': 222, 'num_tensors': 56}
2026-08-25 05:56:15,309 [INFO] [12R/1595](swap: 5, u: 1 | c_u: 12 | t_u_l: 22/942 | t_u_r: 50/943 | t_u: 72/1885) -> {'max_bond': 64, 'max_links': 4, 'total_elems': 157024, 'total_shapes': 2744, 'total_links': 222, 'num_tensors': 56}
2026-08-25 05:56:15,535 [INFO] [3L/1458](swap: 18, u: 0 | c_u: 12 | t_u_l: 22/942 | t_u_r: 50/943 | t_u: 72/1885) -> {'max_bond': 64, 'max_links': 4, 'total_elems': 207200, 'total_shapes': 3160, 'total_links': 222, 'num_tensors': 56}
2026-08-25 05:56:15,891 [INFO] [13R/1595](swap: 7, u: 0 | c_u: 12 | t_u_l: 22/942 | t_u_r: 50/943 | t_u: 72/1885) -> {'max_bond': 128, 'max_links': 4, 'total_elems': 285984, 'total_shapes': 3520, 'total_links': 222, 'num_tensors': 56}
2026-08-25 05:56:16,307 [INFO] [14R/1595](swap: 7, u: 1 | c_u: 13 | t_u_l: 22/942 | t_u_r: 51/943 | t_u: 73/1885) -> {'max_bond': 128, 'max_links': 4, 'total_elems': 362016, 'total_shapes': 4072, 'total_links': 222, 'num_tensors': 56}
2026-08-25 05:56:16,828 [INFO] [15R/1595](swap: 7, u: 1 | c_u: 14 | t_u_l: 22/942 | t_u_r: 52/943 | t_u: 74/1885) -> {'max_bond': 128, 'max_links': 4, 'total_elems': 461856, 'total_shapes': 4664, 'total_links': 222, 'num_tensors': 56}
2026-08-25 05:56:17,497 [INFO]     [start unswap] -> {'max_bond': 128, 'max_links': 4, 'total_elems': 461856, 'total_shapes': 4664, 'total_links': 222, 'num_tensors': 56}
2026-08-25 05:56:21,967 [INFO]     [0 | both | 0](candidate_pairs: 28/28 | new_swaps: 5 | total: 5) -> {'max_bond': 256, 'max_links': 4, 'total_elems': 641824, 'total_shapes': 5128, 'total_links': 222, 'num_tensors': 56}
2026-08-25 05:56:23,793 [INFO]     [0 | both | 1](candidate_pairs: 27/27 | new_swaps: 13 | total: 18) -> {'max_bond': 128, 'max_links': 4, 'total_elems': 291488, 'total_shapes': 3864, 'total_links': 222, 'num_tensors': 56}
2026-08-25 05:56:24,220 [INFO]     [0 | left | 0](candidate_pairs: 28/28 | new_swaps: 9 | total: 27) -> {'max_bond': 64, 'max_links': 4, 'total_elems': 183968, 'total_shapes': 3144, 'total_links': 222, 'num_tensors': 56}
2026-08-25 05:56:24,542 [INFO]     [0 | left | 1](candidate_pairs: 27/27 | new_swaps: 15 | total: 42) -> {'max_bond': 64, 'max_links': 4, 'total_elems': 98304, 'total_shapes': 2484, 'total_links': 222, 'num_tensors': 56}
2026-08-25 05:56:24,685 [INFO]     [0 | right | 0](candidate_pairs: 28/28 | new_swaps: 8 | total: 50) -> {'max_bond': 32, 'max_links': 4, 'total_elems': 70632, 'total_shapes': 2064, 'total_links': 222, 'num_tensors': 56}
2026-08-25 05:56:24,836 [INFO]     [0 | right | 1](candidate_pairs: 27/27 | new_swaps: 9 | total: 59) -> {'max_bond': 32, 'max_links': 4, 'total_elems': 57512, 'total_shapes': 1872, 'total_links': 222, 'num_tensors': 56}
2026-08-25 05:56:25,046 [INFO]     [1 | both | 0](candidate_pairs: 28/28 | new_swaps: 12 | total: 12) -> {'max_bond': 32, 'max_links': 4, 'total_elems': 45068, 'total_shapes': 1590, 'total_links': 222, 'num_tensors': 56}
2026-08-25 05:56:25,240 [INFO]     [1 | both | 1](candidate_pairs: 27/27 | new_swaps: 4 | total: 16) -> {'max_bond': 32, 'max_links': 4, 'total_elems': 40844, 'total_shapes': 1502, 'total_links': 222, 'num_tensors': 56}
2026-08-25 05:56:25,338 [INFO]     [1 | left | 0](candidate_pairs: 28/28 | new_swaps: 5 | total: 21) -> {'max_bond': 32, 'max_links': 4, 'total_elems': 37068, 'total_shapes': 1418, 'total_links': 222, 'num_tensors': 56}
2026-08-25 05:56:25,429 [INFO]     [1 | left | 1](candidate_pairs: 27/27 | new_swaps: 4 | total: 25) -> {'max_bond': 32, 'max_links': 4, 'total_elems': 34732, 'total_shapes': 1370, 'total_links': 222, 'num_tensors': 56}
2026-08-25 05:56:25,518 [INFO]     [1 | right | 0](candidate_pairs: 28/28 | new_swaps: 4 | total: 29) -> {'max_bond': 32, 'max_links': 4, 'total_elems': 32356, 'total_shapes': 1310, 'total_links': 222, 'num_tensors': 56}
2026-08-25 05:56:25,603 [INFO]     [1 | right | 1](candidate_pairs: 27/27 | new_swaps: 4 | total: 33) -> {'max_bond': 32, 'max_links': 4, 'total_elems': 30228, 'total_shapes': 1242, 'total_links': 222, 'num_tensors': 56}
2026-08-25 05:56:25,758 [INFO]     [2 | both | 0](candidate_pairs: 28/28 | new_swaps: 3 | total: 3) -> {'max_bond': 32, 'max_links': 4, 'total_elems': 29796, 'total_shapes': 1222, 'total_links': 222, 'num_tensors': 56}
2026-08-25 05:56:25,846 [INFO]     [2 | both | 1](candidate_pairs: 27/27 | new_swaps: 0 | total: 3) -> {'max_bond': 32, 'max_links': 4, 'total_elems': 29796, 'total_shapes': 1222, 'total_links': 222, 'num_tensors': 56}
2026-08-25 05:56:25,929 [INFO]     [2 | left | 0](candidate_pairs: 28/28 | new_swaps: 3 | total: 6) -> {'max_bond': 32, 'max_links': 4, 'total_elems': 28356, 'total_shapes': 1170, 'total_links': 222, 'num_tensors': 56}
2026-08-25 05:56:26,006 [INFO]     [2 | left | 1](candidate_pairs: 27/27 | new_swaps: 1 | total: 7) -> {'max_bond': 32, 'max_links': 4, 'total_elems': 27844, 'total_shapes': 1154, 'total_links': 222, 'num_tensors': 56}
2026-08-25 05:56:26,084 [INFO]     [2 | right | 0](candidate_pairs: 28/28 | new_swaps: 1 | total: 8) -> {'max_bond': 32, 'max_links': 4, 'total_elems': 27652, 'total_shapes': 1146, 'total_links': 222, 'num_tensors': 56}
2026-08-25 05:56:26,149 [INFO]     [2 | right | 1](candidate_pairs: 27/27 | new_swaps: 1 | total: 9) -> {'max_bond': 32, 'max_links': 4, 'total_elems': 27524, 'total_shapes': 1138, 'total_links': 222, 'num_tensors': 56}
2026-08-25 05:56:26,240 [INFO]     [3 | both | 0](candidate_pairs: 28/28 | new_swaps: 0 | total: 0) -> {'max_bond': 32, 'max_links': 4, 'total_elems': 27524, 'total_shapes': 1138, 'total_links': 222, 'num_tensors': 56}
2026-08-25 05:56:26,329 [INFO]     [3 | both | 1](candidate_pairs: 27/27 | new_swaps: 0 | total: 0) -> {'max_bond': 32, 'max_links': 4, 'total_elems': 27524, 'total_shapes': 1138, 'total_links': 222, 'num_tensors': 56}
2026-08-25 05:56:26,373 [INFO]     [3 | left | 0](candidate_pairs: 28/28 | new_swaps: 0 | total: 0) -> {'max_bond': 32, 'max_links': 4, 'total_elems': 27524, 'total_shapes': 1138, 'total_links': 222, 'num_tensors': 56}
2026-08-25 05:56:26,415 [INFO]     [3 | left | 1](candidate_pairs: 27/27 | new_swaps: 0 | total: 0) -> {'max_bond': 32, 'max_links': 4, 'total_elems': 27524, 'total_shapes': 1138, 'total_links': 222, 'num_tensors': 56}
2026-08-25 05:56:26,460 [INFO]     [3 | right | 0](candidate_pairs: 28/28 | new_swaps: 0 | total: 0) -> {'max_bond': 32, 'max_links': 4, 'total_elems': 27524, 'total_shapes': 1138, 'total_links': 222, 'num_tensors': 56}
2026-08-25 05:56:26,503 [INFO]     [3 | right | 1](candidate_pairs: 27/27 | new_swaps: 0 | total: 0) -> {'max_bond': 32, 'max_links': 4, 'total_elems': 27524, 'total_shapes': 1138, 'total_links': 222, 'num_tensors': 56}
2026-08-25 05:56:26,503 [INFO]     [end unswap] -> {'max_bond': 32, 'max_links': 4, 'total_elems': 27524, 'total_shapes': 1138, 'total_links': 222, 'num_tensors': 56}
2026-08-25 05:56:26,504 [INFO] [start rewire](phase=post_unswap, cycle=10, side=left, layers=1457, trials=20, seed=123, parallel=False, route_candidates=1, route_score=none)
2026-08-25 05:56:28,172 [INFO] [end rewire](phase=post_unswap, cycle=10, side=left, routed_layers=1460, elapsed_s=1.67)
2026-08-25 05:56:28,172 [INFO] [start rewire](phase=post_unswap, cycle=10, side=right, layers=1582, trials=20, seed=123, parallel=False, route_candidates=1, route_score=none)
2026-08-25 05:56:29,975 [INFO] [end rewire](phase=post_unswap, cycle=10, side=right, routed_layers=1504, elapsed_s=1.80)
2026-08-25 05:56:30,072 [INFO] [1L/1458](swap: 14, u: 0 | c_u: 0 | t_u_l: 22/942 | t_u_r: 52/943 | t_u: 74/1885) -> {'max_bond': 32, 'max_links': 4, 'total_elems': 27524, 'total_shapes': 1138, 'total_links': 222, 'num_tensors': 56}
2026-08-25 05:56:30,154 [INFO] [1R/1502](swap: 7, u: 2 | c_u: 2 | t_u_l: 22/942 | t_u_r: 54/943 | t_u: 76/1885) -> {'max_bond': 32, 'max_links': 4, 'total_elems': 29644, 'total_shapes': 1238, 'total_links': 222, 'num_tensors': 56}
2026-08-25 05:56:30,238 [INFO] [2L/1458](swap: 15, u: 1 | c_u: 3 | t_u_l: 23/942 | t_u_r: 54/943 | t_u: 77/1885) -> {'max_bond': 32, 'max_links': 4, 'total_elems': 34528, 'total_shapes': 1412, 'total_links': 222, 'num_tensors': 56}
2026-08-25 05:56:30,324 [INFO] [2R/1502](swap: 9, u: 1 | c_u: 4 | t_u_l: 23/942 | t_u_r: 55/943 | t_u: 78/1885) -> {'max_bond': 32, 'max_links': 4, 'total_elems': 46496, 'total_shapes': 1600, 'total_links': 222, 'num_tensors': 56}
2026-08-25 05:56:30,422 [INFO] [3L/1458](swap: 14, u: 1 | c_u: 5 | t_u_l: 24/942 | t_u_r: 55/943 | t_u: 79/1885) -> {'max_bond': 32, 'max_links': 4, 'total_elems': 66272, 'total_shapes': 1904, 'total_links': 222, 'num_tensors': 56}
2026-08-25 05:56:30,540 [INFO] [3R/1502](swap: 11, u: 0 | c_u: 5 | t_u_l: 24/942 | t_u_r: 55/943 | t_u: 79/1885) -> {'max_bond': 64, 'max_links': 4, 'total_elems': 86240, 'total_shapes': 2216, 'total_links': 222, 'num_tensors': 56}
2026-08-25 05:56:30,685 [INFO] [4R/1502](swap: 12, u: 2 | c_u: 7 | t_u_l: 24/942 | t_u_r: 57/943 | t_u: 81/1885) -> {'max_bond': 64, 'max_links': 4, 'total_elems': 126944, 'total_shapes': 2592, 'total_links': 222, 'num_tensors': 56}
2026-08-25 05:56:30,854 [INFO] [4L/1458](swap: 18, u: 0 | c_u: 7 | t_u_l: 24/942 | t_u_r: 57/943 | t_u: 81/1885) -> {'max_bond': 64, 'max_links': 4, 'total_elems': 177568, 'total_shapes': 3088, 'total_links': 222, 'num_tensors': 56}
2026-08-25 05:56:31,148 [INFO] [5L/1458](swap: 13, u: 2 | c_u: 9 | t_u_l: 26/942 | t_u_r: 57/943 | t_u: 83/1885) -> {'max_bond': 128, 'max_links': 4, 'total_elems': 304544, 'total_shapes': 4072, 'total_links': 222, 'num_tensors': 56}
2026-08-25 05:56:31,602 [INFO]     [start unswap] -> {'max_bond': 128, 'max_links': 4, 'total_elems': 304544, 'total_shapes': 4072, 'total_links': 222, 'num_tensors': 56}
2026-08-25 05:56:33,859 [INFO]     [0 | both | 0](candidate_pairs: 28/28 | new_swaps: 2 | total: 2) -> {'max_bond': 256, 'max_links': 4, 'total_elems': 586656, 'total_shapes': 5152, 'total_links': 222, 'num_tensors': 56}
2026-08-25 05:56:35,377 [INFO]     [0 | both | 1](candidate_pairs: 27/27 | new_swaps: 10 | total: 12) -> {'max_bond': 128, 'max_links': 4, 'total_elems': 279456, 'total_shapes': 3728, 'total_links': 222, 'num_tensors': 56}
2026-08-25 05:56:35,762 [INFO]     [0 | left | 0](candidate_pairs: 28/28 | new_swaps: 10 | total: 22) -> {'max_bond': 64, 'max_links': 4, 'total_elems': 152352, 'total_shapes': 2904, 'total_links': 222, 'num_tensors': 56}
2026-08-25 05:56:36,025 [INFO]     [0 | left | 1](candidate_pairs: 27/27 | new_swaps: 12 | total: 34) -> {'max_bond': 64, 'max_links': 4, 'total_elems': 84640, 'total_shapes': 2312, 'total_links': 222, 'num_tensors': 56}
2026-08-25 05:56:36,163 [INFO]     [0 | right | 0](candidate_pairs: 28/28 | new_swaps: 8 | total: 42) -> {'max_bond': 32, 'max_links': 4, 'total_elems': 60000, 'total_shapes': 1952, 'total_links': 222, 'num_tensors': 56}
2026-08-25 05:56:36,291 [INFO]     [0 | right | 1](candidate_pairs: 27/27 | new_swaps: 8 | total: 50) -> {'max_bond': 32, 'max_links': 4, 'total_elems': 44000, 'total_shapes': 1744, 'total_links': 222, 'num_tensors': 56}
2026-08-25 05:56:36,476 [INFO]     [1 | both | 0](candidate_pairs: 28/28 | new_swaps: 11 | total: 11) -> {'max_bond': 32, 'max_links': 4, 'total_elems': 33048, 'total_shapes': 1468, 'total_links': 222, 'num_tensors': 56}
2026-08-25 05:56:36,635 [INFO]     [1 | both | 1](candidate_pairs: 27/27 | new_swaps: 7 | total: 18) -> {'max_bond': 32, 'max_links': 4, 'total_elems': 29528, 'total_shapes': 1356, 'total_links': 222, 'num_tensors': 56}
2026-08-25 05:56:36,720 [INFO]     [1 | left | 0](candidate_pairs: 28/28 | new_swaps: 6 | total: 24) -> {'max_bond': 32, 'max_links': 4, 'total_elems': 25560, 'total_shapes': 1256, 'total_links': 222, 'num_tensors': 56}
2026-08-25 05:56:36,797 [INFO]     [1 | left | 1](candidate_pairs: 27/27 | new_swaps: 6 | total: 30) -> {'max_bond': 32, 'max_links': 4, 'total_elems': 22312, 'total_shapes': 1160, 'total_links': 222, 'num_tensors': 56}
2026-08-25 05:56:36,867 [INFO]     [1 | right | 0](candidate_pairs: 28/28 | new_swaps: 3 | total: 33) -> {'max_bond': 32, 'max_links': 4, 'total_elems': 21792, 'total_shapes': 1132, 'total_links': 222, 'num_tensors': 56}
2026-08-25 05:56:36,926 [INFO]     [1 | right | 1](candidate_pairs: 27/27 | new_swaps: 1 | total: 34) -> {'max_bond': 32, 'max_links': 4, 'total_elems': 21408, 'total_shapes': 1120, 'total_links': 222, 'num_tensors': 56}
2026-08-25 05:56:37,063 [INFO]     [2 | both | 0](candidate_pairs: 28/28 | new_swaps: 6 | total: 6) -> {'max_bond': 32, 'max_links': 4, 'total_elems': 19636, 'total_shapes': 1070, 'total_links': 222, 'num_tensors': 56}
2026-08-25 05:56:37,190 [INFO]     [2 | both | 1](candidate_pairs: 27/27 | new_swaps: 5 | total: 11) -> {'max_bond': 32, 'max_links': 4, 'total_elems': 16260, 'total_shapes': 986, 'total_links': 222, 'num_tensors': 56}
2026-08-25 05:56:37,257 [INFO]     [2 | left | 0](candidate_pairs: 28/28 | new_swaps: 4 | total: 15) -> {'max_bond': 32, 'max_links': 4, 'total_elems': 15108, 'total_shapes': 938, 'total_links': 222, 'num_tensors': 56}
2026-08-25 05:56:37,321 [INFO]     [2 | left | 1](candidate_pairs: 27/27 | new_swaps: 2 | total: 17) -> {'max_bond': 32, 'max_links': 4, 'total_elems': 14884, 'total_shapes': 926, 'total_links': 222, 'num_tensors': 56}
2026-08-25 05:56:37,352 [INFO]     [2 | right | 0](candidate_pairs: 28/28 | new_swaps: 0 | total: 17) -> {'max_bond': 32, 'max_links': 4, 'total_elems': 14884, 'total_shapes': 926, 'total_links': 222, 'num_tensors': 56}
2026-08-25 05:56:37,404 [INFO]     [2 | right | 1](candidate_pairs: 27/27 | new_swaps: 1 | total: 18) -> {'max_bond': 32, 'max_links': 4, 'total_elems': 14724, 'total_shapes': 918, 'total_links': 222, 'num_tensors': 56}
2026-08-25 05:56:37,522 [INFO]     [3 | both | 0](candidate_pairs: 28/28 | new_swaps: 2 | total: 2) -> {'max_bond': 32, 'max_links': 4, 'total_elems': 14548, 'total_shapes': 906, 'total_links': 222, 'num_tensors': 56}
2026-08-25 05:56:37,636 [INFO]     [3 | both | 1](candidate_pairs: 27/27 | new_swaps: 1 | total: 3) -> {'max_bond': 32, 'max_links': 4, 'total_elems': 14536, 'total_shapes': 904, 'total_links': 222, 'num_tensors': 56}
2026-08-25 05:56:37,698 [INFO]     [3 | left | 0](candidate_pairs: 28/28 | new_swaps: 1 | total: 4) -> {'max_bond': 32, 'max_links': 4, 'total_elems': 14472, 'total_shapes': 900, 'total_links': 222, 'num_tensors': 56}
2026-08-25 05:56:37,729 [INFO]     [3 | left | 1](candidate_pairs: 27/27 | new_swaps: 0 | total: 4) -> {'max_bond': 32, 'max_links': 4, 'total_elems': 14472, 'total_shapes': 900, 'total_links': 222, 'num_tensors': 56}
2026-08-25 05:56:37,760 [INFO]     [3 | right | 0](candidate_pairs: 28/28 | new_swaps: 0 | total: 4) -> {'max_bond': 32, 'max_links': 4, 'total_elems': 14472, 'total_shapes': 900, 'total_links': 222, 'num_tensors': 56}
2026-08-25 05:56:37,791 [INFO]     [3 | right | 1](candidate_pairs: 27/27 | new_swaps: 0 | total: 4) -> {'max_bond': 32, 'max_links': 4, 'total_elems': 14472, 'total_shapes': 900, 'total_links': 222, 'num_tensors': 56}
2026-08-25 05:56:37,906 [INFO]     [4 | both | 0](candidate_pairs: 28/28 | new_swaps: 1 | total: 1) -> {'max_bond': 32, 'max_links': 4, 'total_elems': 14460, 'total_shapes': 898, 'total_links': 222, 'num_tensors': 56}
2026-08-25 05:56:38,011 [INFO]     [4 | both | 1](candidate_pairs: 27/27 | new_swaps: 1 | total: 2) -> {'max_bond': 32, 'max_links': 4, 'total_elems': 14412, 'total_shapes': 894, 'total_links': 222, 'num_tensors': 56}
2026-08-25 05:56:38,042 [INFO]     [4 | left | 0](candidate_pairs: 28/28 | new_swaps: 0 | total: 2) -> {'max_bond': 32, 'max_links': 4, 'total_elems': 14412, 'total_shapes': 894, 'total_links': 222, 'num_tensors': 56}
2026-08-25 05:56:38,074 [INFO]     [4 | left | 1](candidate_pairs: 27/27 | new_swaps: 0 | total: 2) -> {'max_bond': 32, 'max_links': 4, 'total_elems': 14412, 'total_shapes': 894, 'total_links': 222, 'num_tensors': 56}
2026-08-25 05:56:38,104 [INFO]     [4 | right | 0](candidate_pairs: 28/28 | new_swaps: 0 | total: 2) -> {'max_bond': 32, 'max_links': 4, 'total_elems': 14412, 'total_shapes': 894, 'total_links': 222, 'num_tensors': 56}
2026-08-25 05:56:38,136 [INFO]     [4 | right | 1](candidate_pairs: 27/27 | new_swaps: 0 | total: 2) -> {'max_bond': 32, 'max_links': 4, 'total_elems': 14412, 'total_shapes': 894, 'total_links': 222, 'num_tensors': 56}
2026-08-25 05:56:38,252 [INFO]     [5 | both | 0](candidate_pairs: 28/28 | new_swaps: 1 | total: 1) -> {'max_bond': 32, 'max_links': 4, 'total_elems': 14364, 'total_shapes': 890, 'total_links': 222, 'num_tensors': 56}
2026-08-25 05:56:38,314 [INFO]     [5 | both | 1](candidate_pairs: 27/27 | new_swaps: 0 | total: 1) -> {'max_bond': 32, 'max_links': 4, 'total_elems': 14364, 'total_shapes': 890, 'total_links': 222, 'num_tensors': 56}
2026-08-25 05:56:38,345 [INFO]     [5 | left | 0](candidate_pairs: 28/28 | new_swaps: 0 | total: 1) -> {'max_bond': 32, 'max_links': 4, 'total_elems': 14364, 'total_shapes': 890, 'total_links': 222, 'num_tensors': 56}
2026-08-25 05:56:38,376 [INFO]     [5 | left | 1](candidate_pairs: 27/27 | new_swaps: 0 | total: 1) -> {'max_bond': 32, 'max_links': 4, 'total_elems': 14364, 'total_shapes': 890, 'total_links': 222, 'num_tensors': 56}
2026-08-25 05:56:38,407 [INFO]     [5 | right | 0](candidate_pairs: 28/28 | new_swaps: 0 | total: 1) -> {'max_bond': 32, 'max_links': 4, 'total_elems': 14364, 'total_shapes': 890, 'total_links': 222, 'num_tensors': 56}
2026-08-25 05:56:38,438 [INFO]     [5 | right | 1](candidate_pairs: 27/27 | new_swaps: 0 | total: 1) -> {'max_bond': 32, 'max_links': 4, 'total_elems': 14364, 'total_shapes': 890, 'total_links': 222, 'num_tensors': 56}
2026-08-25 05:56:38,502 [INFO]     [6 | both | 0](candidate_pairs: 28/28 | new_swaps: 0 | total: 0) -> {'max_bond': 32, 'max_links': 4, 'total_elems': 14364, 'total_shapes': 890, 'total_links': 222, 'num_tensors': 56}
2026-08-25 05:56:38,565 [INFO]     [6 | both | 1](candidate_pairs: 27/27 | new_swaps: 0 | total: 0) -> {'max_bond': 32, 'max_links': 4, 'total_elems': 14364, 'total_shapes': 890, 'total_links': 222, 'num_tensors': 56}
2026-08-25 05:56:38,596 [INFO]     [6 | left | 0](candidate_pairs: 28/28 | new_swaps: 0 | total: 0) -> {'max_bond': 32, 'max_links': 4, 'total_elems': 14364, 'total_shapes': 890, 'total_links': 222, 'num_tensors': 56}
2026-08-25 05:56:38,628 [INFO]     [6 | left | 1](candidate_pairs: 27/27 | new_swaps: 0 | total: 0) -> {'max_bond': 32, 'max_links': 4, 'total_elems': 14364, 'total_shapes': 890, 'total_links': 222, 'num_tensors': 56}
2026-08-25 05:56:38,658 [INFO]     [6 | right | 0](candidate_pairs: 28/28 | new_swaps: 0 | total: 0) -> {'max_bond': 32, 'max_links': 4, 'total_elems': 14364, 'total_shapes': 890, 'total_links': 222, 'num_tensors': 56}
2026-08-25 05:56:38,689 [INFO]     [6 | right | 1](candidate_pairs: 27/27 | new_swaps: 0 | total: 0) -> {'max_bond': 32, 'max_links': 4, 'total_elems': 14364, 'total_shapes': 890, 'total_links': 222, 'num_tensors': 56}
2026-08-25 05:56:38,690 [INFO]     [end unswap] -> {'max_bond': 32, 'max_links': 4, 'total_elems': 14364, 'total_shapes': 890, 'total_links': 222, 'num_tensors': 56}
2026-08-25 05:56:38,690 [INFO] [start rewire](phase=post_unswap, cycle=11, side=left, layers=1455, trials=20, seed=123, parallel=False, route_candidates=1, route_score=none)
2026-08-25 05:56:40,867 [INFO] [end rewire](phase=post_unswap, cycle=11, side=left, routed_layers=1472, elapsed_s=2.18)
2026-08-25 05:56:40,867 [INFO] [start rewire](phase=post_unswap, cycle=11, side=right, layers=1500, trials=20, seed=123, parallel=False, route_candidates=1, route_score=none)
2026-08-25 05:56:42,783 [INFO] [end rewire](phase=post_unswap, cycle=11, side=right, routed_layers=1748, elapsed_s=1.92)
2026-08-25 05:56:42,877 [INFO] [1L/1470](swap: 11, u: 1 | c_u: 1 | t_u_l: 27/942 | t_u_r: 57/943 | t_u: 84/1885) -> {'max_bond': 32, 'max_links': 4, 'total_elems': 14044, 'total_shapes': 882, 'total_links': 222, 'num_tensors': 56}
2026-08-25 05:56:42,946 [INFO] [1R/1746](swap: 7, u: 0 | c_u: 1 | t_u_l: 27/942 | t_u_r: 57/943 | t_u: 84/1885) -> {'max_bond': 32, 'max_links': 4, 'total_elems': 18356, 'total_shapes': 998, 'total_links': 222, 'num_tensors': 56}
2026-08-25 05:56:43,022 [INFO] [2L/1470](swap: 10, u: 1 | c_u: 2 | t_u_l: 28/942 | t_u_r: 57/943 | t_u: 85/1885) -> {'max_bond': 32, 'max_links': 4, 'total_elems': 25660, 'total_shapes': 1160, 'total_links': 222, 'num_tensors': 56}
2026-08-25 05:56:43,103 [INFO] [3L/1470](swap: 12, u: 0 | c_u: 2 | t_u_l: 28/942 | t_u_r: 57/943 | t_u: 85/1885) -> {'max_bond': 64, 'max_links': 4, 'total_elems': 33840, 'total_shapes': 1312, 'total_links': 222, 'num_tensors': 56}
2026-08-25 05:56:43,192 [INFO] [4L/1470](swap: 10, u: 0 | c_u: 2 | t_u_l: 28/942 | t_u_r: 57/943 | t_u: 85/1885) -> {'max_bond': 64, 'max_links': 4, 'total_elems': 43936, 'total_shapes': 1492, 'total_links': 222, 'num_tensors': 56}
2026-08-25 05:56:43,286 [INFO] [5L/1470](swap: 10, u: 0 | c_u: 2 | t_u_l: 28/942 | t_u_r: 57/943 | t_u: 85/1885) -> {'max_bond': 64, 'max_links': 4, 'total_elems': 59104, 'total_shapes': 1768, 'total_links': 222, 'num_tensors': 56}
2026-08-25 05:56:43,396 [INFO] [2R/1746](swap: 10, u: 0 | c_u: 2 | t_u_l: 28/942 | t_u_r: 57/943 | t_u: 85/1885) -> {'max_bond': 64, 'max_links': 4, 'total_elems': 81312, 'total_shapes': 2008, 'total_links': 222, 'num_tensors': 56}
2026-08-25 05:56:43,528 [INFO] [6L/1470](swap: 10, u: 0 | c_u: 2 | t_u_l: 28/942 | t_u_r: 57/943 | t_u: 85/1885) -> {'max_bond': 64, 'max_links': 4, 'total_elems': 118624, 'total_shapes': 2336, 'total_links': 222, 'num_tensors': 56}
2026-08-25 05:56:43,699 [INFO] [7L/1470](swap: 10, u: 0 | c_u: 2 | t_u_l: 28/942 | t_u_r: 57/943 | t_u: 85/1885) -> {'max_bond': 64, 'max_links': 4, 'total_elems': 163040, 'total_shapes': 2792, 'total_links': 222, 'num_tensors': 56}
2026-08-25 05:56:43,936 [INFO] [8L/1470](swap: 9, u: 0 | c_u: 2 | t_u_l: 28/942 | t_u_r: 57/943 | t_u: 85/1885) -> {'max_bond': 128, 'max_links': 4, 'total_elems': 268000, 'total_shapes': 3448, 'total_links': 222, 'num_tensors': 56}
2026-08-25 05:56:44,334 [INFO] [9L/1470](swap: 8, u: 1 | c_u: 3 | t_u_l: 29/942 | t_u_r: 57/943 | t_u: 86/1885) -> {'max_bond': 128, 'max_links': 4, 'total_elems': 390368, 'total_shapes': 4072, 'total_links': 222, 'num_tensors': 56}
2026-08-25 05:56:44,860 [INFO]     [start unswap] -> {'max_bond': 128, 'max_links': 4, 'total_elems': 390368, 'total_shapes': 4072, 'total_links': 222, 'num_tensors': 56}
2026-08-25 05:56:47,084 [INFO]     [0 | both | 0](candidate_pairs: 28/28 | new_swaps: 2 | total: 2) -> {'max_bond': 256, 'max_links': 4, 'total_elems': 579808, 'total_shapes': 4872, 'total_links': 222, 'num_tensors': 56}
2026-08-25 05:56:48,881 [INFO]     [0 | both | 1](candidate_pairs: 27/27 | new_swaps: 9 | total: 11) -> {'max_bond': 128, 'max_links': 4, 'total_elems': 378016, 'total_shapes': 3816, 'total_links': 222, 'num_tensors': 56}
2026-08-25 05:56:49,427 [INFO]     [0 | left | 0](candidate_pairs: 28/28 | new_swaps: 9 | total: 20) -> {'max_bond': 128, 'max_links': 4, 'total_elems': 272992, 'total_shapes': 3168, 'total_links': 222, 'num_tensors': 56}
2026-08-25 05:56:49,878 [INFO]     [0 | left | 1](candidate_pairs: 27/27 | new_swaps: 9 | total: 29) -> {'max_bond': 128, 'max_links': 4, 'total_elems': 181216, 'total_shapes': 2664, 'total_links': 222, 'num_tensors': 56}
2026-08-25 05:56:50,102 [INFO]     [0 | right | 0](candidate_pairs: 28/28 | new_swaps: 6 | total: 35) -> {'max_bond': 128, 'max_links': 4, 'total_elems': 158716, 'total_shapes': 2430, 'total_links': 222, 'num_tensors': 56}
2026-08-25 05:56:50,376 [INFO]     [0 | right | 1](candidate_pairs: 27/27 | new_swaps: 3 | total: 38) -> {'max_bond': 128, 'max_links': 4, 'total_elems': 155828, 'total_shapes': 2394, 'total_links': 222, 'num_tensors': 56}
2026-08-25 05:56:50,806 [INFO]     [1 | both | 0](candidate_pairs: 28/28 | new_swaps: 7 | total: 7) -> {'max_bond': 64, 'max_links': 4, 'total_elems': 82500, 'total_shapes': 1954, 'total_links': 222, 'num_tensors': 56}
2026-08-25 05:56:51,066 [INFO]     [1 | both | 1](candidate_pairs: 27/27 | new_swaps: 4 | total: 11) -> {'max_bond': 64, 'max_links': 4, 'total_elems': 63524, 'total_shapes': 1706, 'total_links': 222, 'num_tensors': 56}
2026-08-25 05:56:51,187 [INFO]     [1 | left | 0](candidate_pairs: 28/28 | new_swaps: 7 | total: 18) -> {'max_bond': 64, 'max_links': 4, 'total_elems': 59044, 'total_shapes': 1594, 'total_links': 222, 'num_tensors': 56}
2026-08-25 05:56:51,319 [INFO]     [1 | left | 1](candidate_pairs: 27/27 | new_swaps: 6 | total: 24) -> {'max_bond': 64, 'max_links': 4, 'total_elems': 43204, 'total_shapes': 1446, 'total_links': 222, 'num_tensors': 56}
2026-08-25 05:56:51,405 [INFO]     [1 | right | 0](candidate_pairs: 28/28 | new_swaps: 2 | total: 26) -> {'max_bond': 64, 'max_links': 4, 'total_elems': 40452, 'total_shapes': 1406, 'total_links': 222, 'num_tensors': 56}
2026-08-25 05:56:51,500 [INFO]     [1 | right | 1](candidate_pairs: 27/27 | new_swaps: 2 | total: 28) -> {'max_bond': 64, 'max_links': 4, 'total_elems': 35140, 'total_shapes': 1366, 'total_links': 222, 'num_tensors': 56}
2026-08-25 05:56:51,650 [INFO]     [2 | both | 0](candidate_pairs: 28/28 | new_swaps: 5 | total: 5) -> {'max_bond': 32, 'max_links': 4, 'total_elems': 21380, 'total_shapes': 1174, 'total_links': 222, 'num_tensors': 56}
2026-08-25 05:56:51,781 [INFO]     [2 | both | 1](candidate_pairs: 27/27 | new_swaps: 4 | total: 9) -> {'max_bond': 16, 'max_links': 4, 'total_elems': 17108, 'total_shapes': 1082, 'total_links': 222, 'num_tensors': 56}
2026-08-25 05:56:51,845 [INFO]     [2 | left | 0](candidate_pairs: 28/28 | new_swaps: 2 | total: 11) -> {'max_bond': 16, 'max_links': 4, 'total_elems': 16436, 'total_shapes': 1052, 'total_links': 222, 'num_tensors': 56}
2026-08-25 05:56:51,913 [INFO]     [2 | left | 1](candidate_pairs: 27/27 | new_swaps: 5 | total: 16) -> {'max_bond': 16, 'max_links': 4, 'total_elems': 14956, 'total_shapes': 1002, 'total_links': 222, 'num_tensors': 56}
2026-08-25 05:56:51,976 [INFO]     [2 | right | 0](candidate_pairs: 28/28 | new_swaps: 3 | total: 19) -> {'max_bond': 16, 'max_links': 4, 'total_elems': 13996, 'total_shapes': 974, 'total_links': 222, 'num_tensors': 56}
2026-08-25 05:56:52,037 [INFO]     [2 | right | 1](candidate_pairs: 27/27 | new_swaps: 1 | total: 20) -> {'max_bond': 16, 'max_links': 4, 'total_elems': 13924, 'total_shapes': 968, 'total_links': 222, 'num_tensors': 56}
2026-08-25 05:56:52,150 [INFO]     [3 | both | 0](candidate_pairs: 28/28 | new_swaps: 3 | total: 3) -> {'max_bond': 16, 'max_links': 4, 'total_elems': 13244, 'total_shapes': 940, 'total_links': 222, 'num_tensors': 56}
2026-08-25 05:56:52,268 [INFO]     [3 | both | 1](candidate_pairs: 27/27 | new_swaps: 3 | total: 6) -> {'max_bond': 16, 'max_links': 4, 'total_elems': 12236, 'total_shapes': 912, 'total_links': 222, 'num_tensors': 56}
2026-08-25 05:56:52,328 [INFO]     [3 | left | 0](candidate_pairs: 28/28 | new_swaps: 3 | total: 9) -> {'max_bond': 16, 'max_links': 4, 'total_elems': 11520, 'total_shapes': 886, 'total_links': 222, 'num_tensors': 56}
2026-08-25 05:56:52,379 [INFO]     [3 | left | 1](candidate_pairs: 27/27 | new_swaps: 1 | total: 10) -> {'max_bond': 16, 'max_links': 4, 'total_elems': 10752, 'total_shapes': 870, 'total_links': 222, 'num_tensors': 56}
2026-08-25 05:56:52,426 [INFO]     [3 | right | 0](candidate_pairs: 28/28 | new_swaps: 1 | total: 11) -> {'max_bond': 16, 'max_links': 4, 'total_elems': 9984, 'total_shapes': 854, 'total_links': 222, 'num_tensors': 56}
2026-08-25 05:56:52,454 [INFO]     [3 | right | 1](candidate_pairs: 27/27 | new_swaps: 0 | total: 11) -> {'max_bond': 16, 'max_links': 4, 'total_elems': 9984, 'total_shapes': 854, 'total_links': 222, 'num_tensors': 56}
2026-08-25 05:56:52,558 [INFO]     [4 | both | 0](candidate_pairs: 28/28 | new_swaps: 3 | total: 3) -> {'max_bond': 16, 'max_links': 4, 'total_elems': 9412, 'total_shapes': 832, 'total_links': 222, 'num_tensors': 56}
2026-08-25 05:56:52,666 [INFO]     [4 | both | 1](candidate_pairs: 27/27 | new_swaps: 2 | total: 5) -> {'max_bond': 16, 'max_links': 4, 'total_elems': 8632, 'total_shapes': 814, 'total_links': 222, 'num_tensors': 56}
2026-08-25 05:56:52,713 [INFO]     [4 | left | 0](candidate_pairs: 28/28 | new_swaps: 1 | total: 6) -> {'max_bond': 16, 'max_links': 4, 'total_elems': 8120, 'total_shapes': 798, 'total_links': 222, 'num_tensors': 56}
2026-08-25 05:56:52,740 [INFO]     [4 | left | 1](candidate_pairs: 27/27 | new_swaps: 0 | total: 6) -> {'max_bond': 16, 'max_links': 4, 'total_elems': 8120, 'total_shapes': 798, 'total_links': 222, 'num_tensors': 56}
2026-08-25 05:56:52,785 [INFO]     [4 | right | 0](candidate_pairs: 28/28 | new_swaps: 1 | total: 7) -> {'max_bond': 16, 'max_links': 4, 'total_elems': 7864, 'total_shapes': 790, 'total_links': 222, 'num_tensors': 56}
2026-08-25 05:56:52,812 [INFO]     [4 | right | 1](candidate_pairs: 27/27 | new_swaps: 0 | total: 7) -> {'max_bond': 16, 'max_links': 4, 'total_elems': 7864, 'total_shapes': 790, 'total_links': 222, 'num_tensors': 56}
2026-08-25 05:56:52,862 [INFO]     [5 | both | 0](candidate_pairs: 28/28 | new_swaps: 0 | total: 0) -> {'max_bond': 16, 'max_links': 4, 'total_elems': 7864, 'total_shapes': 790, 'total_links': 222, 'num_tensors': 56}
2026-08-25 05:56:52,915 [INFO]     [5 | both | 1](candidate_pairs: 27/27 | new_swaps: 0 | total: 0) -> {'max_bond': 16, 'max_links': 4, 'total_elems': 7864, 'total_shapes': 790, 'total_links': 222, 'num_tensors': 56}
2026-08-25 05:56:52,941 [INFO]     [5 | left | 0](candidate_pairs: 28/28 | new_swaps: 0 | total: 0) -> {'max_bond': 16, 'max_links': 4, 'total_elems': 7864, 'total_shapes': 790, 'total_links': 222, 'num_tensors': 56}
2026-08-25 05:56:52,968 [INFO]     [5 | left | 1](candidate_pairs: 27/27 | new_swaps: 0 | total: 0) -> {'max_bond': 16, 'max_links': 4, 'total_elems': 7864, 'total_shapes': 790, 'total_links': 222, 'num_tensors': 56}
2026-08-25 05:56:52,993 [INFO]     [5 | right | 0](candidate_pairs: 28/28 | new_swaps: 0 | total: 0) -> {'max_bond': 16, 'max_links': 4, 'total_elems': 7864, 'total_shapes': 790, 'total_links': 222, 'num_tensors': 56}
2026-08-25 05:56:53,020 [INFO]     [5 | right | 1](candidate_pairs: 27/27 | new_swaps: 0 | total: 0) -> {'max_bond': 16, 'max_links': 4, 'total_elems': 7864, 'total_shapes': 790, 'total_links': 222, 'num_tensors': 56}
2026-08-25 05:56:53,020 [INFO]     [end unswap] -> {'max_bond': 16, 'max_links': 4, 'total_elems': 7864, 'total_shapes': 790, 'total_links': 222, 'num_tensors': 56}
2026-08-25 05:56:53,021 [INFO] [start rewire](phase=post_unswap, cycle=12, side=left, layers=1463, trials=20, seed=123, parallel=False, route_candidates=1, route_score=none)
2026-08-25 05:56:55,199 [INFO] [end rewire](phase=post_unswap, cycle=12, side=left, routed_layers=1522, elapsed_s=2.18)
2026-08-25 05:56:55,199 [INFO] [start rewire](phase=post_unswap, cycle=12, side=right, layers=1746, trials=20, seed=123, parallel=False, route_candidates=1, route_score=none)
2026-08-25 05:56:57,067 [INFO] [end rewire](phase=post_unswap, cycle=12, side=right, routed_layers=1515, elapsed_s=1.87)
2026-08-25 05:56:57,162 [INFO] [1L/1520](swap: 14, u: 0 | c_u: 0 | t_u_l: 29/942 | t_u_r: 57/943 | t_u: 86/1885) -> {'max_bond': 16, 'max_links': 4, 'total_elems': 7864, 'total_shapes': 790, 'total_links': 222, 'num_tensors': 56}
2026-08-25 05:56:57,229 [INFO] [1R/1513](swap: 8, u: 1 | c_u: 1 | t_u_l: 29/942 | t_u_r: 58/943 | t_u: 87/1885) -> {'max_bond': 32, 'max_links': 4, 'total_elems': 10568, 'total_shapes': 908, 'total_links': 222, 'num_tensors': 56}
2026-08-25 05:56:57,299 [INFO] [2R/1513](swap: 12, u: 0 | c_u: 1 | t_u_l: 29/942 | t_u_r: 58/943 | t_u: 87/1885) -> {'max_bond': 32, 'max_links': 4, 'total_elems': 20724, 'total_shapes': 1096, 'total_links': 222, 'num_tensors': 56}
2026-08-25 05:56:57,382 [INFO] [2L/1520](swap: 13, u: 0 | c_u: 1 | t_u_l: 29/942 | t_u_r: 58/943 | t_u: 87/1885) -> {'max_bond': 64, 'max_links': 4, 'total_elems': 39772, 'total_shapes': 1428, 'total_links': 222, 'num_tensors': 56}
2026-08-25 05:56:57,498 [INFO] [3L/1520](swap: 12, u: 1 | c_u: 2 | t_u_l: 30/942 | t_u_r: 58/943 | t_u: 88/1885) -> {'max_bond': 64, 'max_links': 4, 'total_elems': 68380, 'total_shapes': 1780, 'total_links': 222, 'num_tensors': 56}
2026-08-25 05:56:57,648 [INFO] [3R/1513](swap: 15, u: 0 | c_u: 2 | t_u_l: 30/942 | t_u_r: 58/943 | t_u: 88/1885) -> {'max_bond': 128, 'max_links': 4, 'total_elems': 116824, 'total_shapes': 2190, 'total_links': 222, 'num_tensors': 56}
2026-08-25 05:56:57,851 [INFO] [4R/1513](swap: 12, u: 1 | c_u: 3 | t_u_l: 30/942 | t_u_r: 59/943 | t_u: 89/1885) -> {'max_bond': 128, 'max_links': 4, 'total_elems': 195160, 'total_shapes': 2750, 'total_links': 222, 'num_tensors': 56}
2026-08-25 05:56:58,146 [INFO] [4L/1520](swap: 14, u: 0 | c_u: 3 | t_u_l: 30/942 | t_u_r: 59/943 | t_u: 89/1885) -> {'max_bond': 128, 'max_links': 4, 'total_elems': 258328, 'total_shapes': 3230, 'total_links': 222, 'num_tensors': 56}
2026-08-25 05:56:58,593 [INFO]     [start unswap] -> {'max_bond': 128, 'max_links': 4, 'total_elems': 258328, 'total_shapes': 3230, 'total_links': 222, 'num_tensors': 56}
2026-08-25 05:57:00,661 [INFO]     [0 | both | 0](candidate_pairs: 28/28 | new_swaps: 3 | total: 3) -> {'max_bond': 128, 'max_links': 4, 'total_elems': 424088, 'total_shapes': 3790, 'total_links': 222, 'num_tensors': 56}
2026-08-25 05:57:02,143 [INFO]     [0 | both | 1](candidate_pairs: 27/27 | new_swaps: 13 | total: 16) -> {'max_bond': 128, 'max_links': 4, 'total_elems': 276120, 'total_shapes': 2886, 'total_links': 222, 'num_tensors': 56}
2026-08-25 05:57:02,593 [INFO]     [0 | left | 0](candidate_pairs: 28/28 | new_swaps: 11 | total: 27) -> {'max_bond': 128, 'max_links': 4, 'total_elems': 163352, 'total_shapes': 2214, 'total_links': 222, 'num_tensors': 56}
2026-08-25 05:57:02,829 [INFO]     [0 | left | 1](candidate_pairs: 27/27 | new_swaps: 8 | total: 35) -> {'max_bond': 128, 'max_links': 4, 'total_elems': 143000, 'total_shapes': 1942, 'total_links': 222, 'num_tensors': 56}
2026-08-25 05:57:03,085 [INFO]     [0 | right | 0](candidate_pairs: 28/28 | new_swaps: 8 | total: 43) -> {'max_bond': 128, 'max_links': 4, 'total_elems': 137564, 'total_shapes': 1772, 'total_links': 222, 'num_tensors': 56}
2026-08-25 05:57:03,300 [INFO]     [0 | right | 1](candidate_pairs: 27/27 | new_swaps: 4 | total: 47) -> {'max_bond': 128, 'max_links': 4, 'total_elems': 116948, 'total_shapes': 1654, 'total_links': 222, 'num_tensors': 56}
2026-08-25 05:57:03,782 [INFO]     [1 | both | 0](candidate_pairs: 28/28 | new_swaps: 4 | total: 4) -> {'max_bond': 128, 'max_links': 4, 'total_elems': 53972, 'total_shapes': 1414, 'total_links': 222, 'num_tensors': 56}
2026-08-25 05:57:03,991 [INFO]     [1 | both | 1](candidate_pairs: 27/27 | new_swaps: 9 | total: 13) -> {'max_bond': 64, 'max_links': 4, 'total_elems': 30956, 'total_shapes': 1154, 'total_links': 222, 'num_tensors': 56}
2026-08-25 05:57:04,081 [INFO]     [1 | left | 0](candidate_pairs: 28/28 | new_swaps: 7 | total: 20) -> {'max_bond': 64, 'max_links': 4, 'total_elems': 23832, 'total_shapes': 1054, 'total_links': 222, 'num_tensors': 56}
2026-08-25 05:57:04,161 [INFO]     [1 | left | 1](candidate_pairs: 27/27 | new_swaps: 3 | total: 23) -> {'max_bond': 32, 'max_links': 4, 'total_elems': 14384, 'total_shapes': 942, 'total_links': 222, 'num_tensors': 56}
2026-08-25 05:57:04,223 [INFO]     [1 | right | 0](candidate_pairs: 28/28 | new_swaps: 3 | total: 26) -> {'max_bond': 32, 'max_links': 4, 'total_elems': 13656, 'total_shapes': 918, 'total_links': 222, 'num_tensors': 56}
2026-08-25 05:57:04,255 [INFO]     [1 | right | 1](candidate_pairs: 27/27 | new_swaps: 0 | total: 26) -> {'max_bond': 32, 'max_links': 4, 'total_elems': 13656, 'total_shapes': 918, 'total_links': 222, 'num_tensors': 56}
2026-08-25 05:57:04,371 [INFO]     [2 | both | 0](candidate_pairs: 28/28 | new_swaps: 4 | total: 4) -> {'max_bond': 16, 'max_links': 4, 'total_elems': 9448, 'total_shapes': 834, 'total_links': 222, 'num_tensors': 56}
2026-08-25 05:57:04,481 [INFO]     [2 | both | 1](candidate_pairs: 27/27 | new_swaps: 7 | total: 11) -> {'max_bond': 16, 'max_links': 4, 'total_elems': 6772, 'total_shapes': 752, 'total_links': 222, 'num_tensors': 56}
2026-08-25 05:57:04,537 [INFO]     [2 | left | 0](candidate_pairs: 28/28 | new_swaps: 3 | total: 14) -> {'max_bond': 16, 'max_links': 4, 'total_elems': 6280, 'total_shapes': 726, 'total_links': 222, 'num_tensors': 56}
2026-08-25 05:57:04,593 [INFO]     [2 | left | 1](candidate_pairs: 27/27 | new_swaps: 2 | total: 16) -> {'max_bond': 16, 'max_links': 4, 'total_elems': 6208, 'total_shapes': 718, 'total_links': 222, 'num_tensors': 56}
2026-08-25 05:57:04,637 [INFO]     [2 | right | 0](candidate_pairs: 28/28 | new_swaps: 2 | total: 18) -> {'max_bond': 16, 'max_links': 4, 'total_elems': 5536, 'total_shapes': 690, 'total_links': 222, 'num_tensors': 56}
2026-08-25 05:57:04,661 [INFO]     [2 | right | 1](candidate_pairs: 27/27 | new_swaps: 0 | total: 18) -> {'max_bond': 16, 'max_links': 4, 'total_elems': 5536, 'total_shapes': 690, 'total_links': 222, 'num_tensors': 56}
2026-08-25 05:57:04,757 [INFO]     [3 | both | 0](candidate_pairs: 28/28 | new_swaps: 2 | total: 2) -> {'max_bond': 16, 'max_links': 4, 'total_elems': 5332, 'total_shapes': 680, 'total_links': 222, 'num_tensors': 56}
2026-08-25 05:57:04,804 [INFO]     [3 | both | 1](candidate_pairs: 27/27 | new_swaps: 0 | total: 2) -> {'max_bond': 16, 'max_links': 4, 'total_elems': 5332, 'total_shapes': 680, 'total_links': 222, 'num_tensors': 56}
2026-08-25 05:57:04,847 [INFO]     [3 | left | 0](candidate_pairs: 28/28 | new_swaps: 1 | total: 3) -> {'max_bond': 16, 'max_links': 4, 'total_elems': 5140, 'total_shapes': 672, 'total_links': 222, 'num_tensors': 56}
2026-08-25 05:57:04,891 [INFO]     [3 | left | 1](candidate_pairs: 27/27 | new_swaps: 1 | total: 4) -> {'max_bond': 16, 'max_links': 4, 'total_elems': 5012, 'total_shapes': 664, 'total_links': 222, 'num_tensors': 56}
2026-08-25 05:57:04,914 [INFO]     [3 | right | 0](candidate_pairs: 28/28 | new_swaps: 0 | total: 4) -> {'max_bond': 16, 'max_links': 4, 'total_elems': 5012, 'total_shapes': 664, 'total_links': 222, 'num_tensors': 56}
2026-08-25 05:57:04,937 [INFO]     [3 | right | 1](candidate_pairs: 27/27 | new_swaps: 0 | total: 4) -> {'max_bond': 16, 'max_links': 4, 'total_elems': 5012, 'total_shapes': 664, 'total_links': 222, 'num_tensors': 56}
2026-08-25 05:57:04,984 [INFO]     [4 | both | 0](candidate_pairs: 28/28 | new_swaps: 0 | total: 0) -> {'max_bond': 16, 'max_links': 4, 'total_elems': 5012, 'total_shapes': 664, 'total_links': 222, 'num_tensors': 56}
2026-08-25 05:57:05,030 [INFO]     [4 | both | 1](candidate_pairs: 27/27 | new_swaps: 0 | total: 0) -> {'max_bond': 16, 'max_links': 4, 'total_elems': 5012, 'total_shapes': 664, 'total_links': 222, 'num_tensors': 56}
2026-08-25 05:57:05,054 [INFO]     [4 | left | 0](candidate_pairs: 28/28 | new_swaps: 0 | total: 0) -> {'max_bond': 16, 'max_links': 4, 'total_elems': 5012, 'total_shapes': 664, 'total_links': 222, 'num_tensors': 56}
2026-08-25 05:57:05,078 [INFO]     [4 | left | 1](candidate_pairs: 27/27 | new_swaps: 0 | total: 0) -> {'max_bond': 16, 'max_links': 4, 'total_elems': 5012, 'total_shapes': 664, 'total_links': 222, 'num_tensors': 56}
2026-08-25 05:57:05,102 [INFO]     [4 | right | 0](candidate_pairs: 28/28 | new_swaps: 0 | total: 0) -> {'max_bond': 16, 'max_links': 4, 'total_elems': 5012, 'total_shapes': 664, 'total_links': 222, 'num_tensors': 56}
2026-08-25 05:57:05,125 [INFO]     [4 | right | 1](candidate_pairs: 27/27 | new_swaps: 0 | total: 0) -> {'max_bond': 16, 'max_links': 4, 'total_elems': 5012, 'total_shapes': 664, 'total_links': 222, 'num_tensors': 56}
2026-08-25 05:57:05,126 [INFO]     [end unswap] -> {'max_bond': 16, 'max_links': 4, 'total_elems': 5012, 'total_shapes': 664, 'total_links': 222, 'num_tensors': 56}
2026-08-25 05:57:05,126 [INFO] [start rewire](phase=post_unswap, cycle=13, side=left, layers=1518, trials=20, seed=123, parallel=False, route_candidates=1, route_score=none)
2026-08-25 05:57:06,806 [INFO] [end rewire](phase=post_unswap, cycle=13, side=left, routed_layers=1410, elapsed_s=1.68)
2026-08-25 05:57:06,807 [INFO] [start rewire](phase=post_unswap, cycle=13, side=right, layers=1511, trials=20, seed=123, parallel=False, route_candidates=1, route_score=none)
2026-08-25 05:57:08,625 [INFO] [end rewire](phase=post_unswap, cycle=13, side=right, routed_layers=1560, elapsed_s=1.82)
2026-08-25 05:57:08,716 [INFO] [1L/1408](swap: 11, u: 0 | c_u: 0 | t_u_l: 30/942 | t_u_r: 59/943 | t_u: 89/1885) -> {'max_bond': 16, 'max_links': 4, 'total_elems': 5012, 'total_shapes': 664, 'total_links': 222, 'num_tensors': 56}
2026-08-25 05:57:08,780 [INFO] [1R/1558](swap: 10, u: 0 | c_u: 0 | t_u_l: 30/942 | t_u_r: 59/943 | t_u: 89/1885) -> {'max_bond': 16, 'max_links': 4, 'total_elems': 6356, 'total_shapes': 764, 'total_links': 222, 'num_tensors': 56}
2026-08-25 05:57:08,845 [INFO] [2R/1558](swap: 11, u: 0 | c_u: 0 | t_u_l: 30/942 | t_u_r: 59/943 | t_u: 89/1885) -> {'max_bond': 16, 'max_links': 4, 'total_elems': 7816, 'total_shapes': 842, 'total_links': 222, 'num_tensors': 56}
2026-08-25 05:57:08,910 [INFO] [2L/1408](swap: 10, u: 1 | c_u: 1 | t_u_l: 31/942 | t_u_r: 59/943 | t_u: 90/1885) -> {'max_bond': 16, 'max_links': 4, 'total_elems': 10112, 'total_shapes': 932, 'total_links': 222, 'num_tensors': 56}
2026-08-25 05:57:08,975 [INFO] [3R/1558](swap: 11, u: 0 | c_u: 1 | t_u_l: 31/942 | t_u_r: 59/943 | t_u: 90/1885) -> {'max_bond': 16, 'max_links': 4, 'total_elems': 16032, 'total_shapes': 1140, 'total_links': 222, 'num_tensors': 56}
2026-08-25 05:57:09,045 [INFO] [3L/1408](swap: 11, u: 0 | c_u: 1 | t_u_l: 31/942 | t_u_r: 59/943 | t_u: 90/1885) -> {'max_bond': 32, 'max_links': 4, 'total_elems': 24160, 'total_shapes': 1352, 'total_links': 222, 'num_tensors': 56}
2026-08-25 05:57:09,123 [INFO] [4L/1408](swap: 10, u: 0 | c_u: 1 | t_u_l: 31/942 | t_u_r: 59/943 | t_u: 90/1885) -> {'max_bond': 64, 'max_links': 4, 'total_elems': 38432, 'total_shapes': 1560, 'total_links': 222, 'num_tensors': 56}
2026-08-25 05:57:09,221 [INFO] [4R/1558](swap: 12, u: 0 | c_u: 1 | t_u_l: 31/942 | t_u_r: 59/943 | t_u: 90/1885) -> {'max_bond': 64, 'max_links': 4, 'total_elems': 61984, 'total_shapes': 1960, 'total_links': 222, 'num_tensors': 56}
2026-08-25 05:57:09,350 [INFO] [5R/1558](swap: 13, u: 0 | c_u: 1 | t_u_l: 31/942 | t_u_r: 59/943 | t_u: 90/1885) -> {'max_bond': 64, 'max_links': 4, 'total_elems': 99936, 'total_shapes': 2256, 'total_links': 222, 'num_tensors': 56}
2026-08-25 05:57:09,535 [INFO] [6R/1558](swap: 13, u: 0 | c_u: 1 | t_u_l: 31/942 | t_u_r: 59/943 | t_u: 90/1885) -> {'max_bond': 128, 'max_links': 4, 'total_elems': 168672, 'total_shapes': 2968, 'total_links': 222, 'num_tensors': 56}
2026-08-25 05:57:09,835 [INFO] [7R/1558](swap: 12, u: 0 | c_u: 1 | t_u_l: 31/942 | t_u_r: 59/943 | t_u: 90/1885) -> {'max_bond': 128, 'max_links': 4, 'total_elems': 313568, 'total_shapes': 3880, 'total_links': 222, 'num_tensors': 56}
2026-08-25 05:57:10,290 [INFO]     [start unswap] -> {'max_bond': 128, 'max_links': 4, 'total_elems': 313568, 'total_shapes': 3880, 'total_links': 222, 'num_tensors': 56}
2026-08-25 05:57:14,479 [INFO]     [0 | both | 0](candidate_pairs: 28/28 | new_swaps: 2 | total: 2) -> {'max_bond': 256, 'max_links': 4, 'total_elems': 681952, 'total_shapes': 5192, 'total_links': 222, 'num_tensors': 56}
2026-08-25 05:57:16,008 [INFO]     [0 | both | 1](candidate_pairs: 27/27 | new_swaps: 14 | total: 16) -> {'max_bond': 128, 'max_links': 4, 'total_elems': 191072, 'total_shapes': 3056, 'total_links': 222, 'num_tensors': 56}
2026-08-25 05:57:16,285 [INFO]     [0 | left | 0](candidate_pairs: 28/28 | new_swaps: 12 | total: 28) -> {'max_bond': 64, 'max_links': 4, 'total_elems': 119584, 'total_shapes': 2328, 'total_links': 222, 'num_tensors': 56}
2026-08-25 05:57:16,503 [INFO]     [0 | left | 1](candidate_pairs: 27/27 | new_swaps: 11 | total: 39) -> {'max_bond': 64, 'max_links': 4, 'total_elems': 75296, 'total_shapes': 1956, 'total_links': 222, 'num_tensors': 56}
2026-08-25 05:57:16,633 [INFO]     [0 | right | 0](candidate_pairs: 28/28 | new_swaps: 10 | total: 49) -> {'max_bond': 64, 'max_links': 4, 'total_elems': 57056, 'total_shapes': 1628, 'total_links': 222, 'num_tensors': 56}
2026-08-25 05:57:16,747 [INFO]     [0 | right | 1](candidate_pairs: 27/27 | new_swaps: 10 | total: 59) -> {'max_bond': 64, 'max_links': 4, 'total_elems': 29888, 'total_shapes': 1322, 'total_links': 222, 'num_tensors': 56}
2026-08-25 05:57:16,897 [INFO]     [1 | both | 0](candidate_pairs: 28/28 | new_swaps: 14 | total: 14) -> {'max_bond': 32, 'max_links': 4, 'total_elems': 16068, 'total_shapes': 1004, 'total_links': 222, 'num_tensors': 56}
2026-08-25 05:57:17,019 [INFO]     [1 | both | 1](candidate_pairs: 27/27 | new_swaps: 4 | total: 18) -> {'max_bond': 32, 'max_links': 4, 'total_elems': 14020, 'total_shapes': 948, 'total_links': 222, 'num_tensors': 56}
2026-08-25 05:57:17,087 [INFO]     [1 | left | 0](candidate_pairs: 28/28 | new_swaps: 6 | total: 24) -> {'max_bond': 32, 'max_links': 4, 'total_elems': 10908, 'total_shapes': 882, 'total_links': 222, 'num_tensors': 56}
2026-08-25 05:57:17,150 [INFO]     [1 | left | 1](candidate_pairs: 27/27 | new_swaps: 4 | total: 28) -> {'max_bond': 16, 'max_links': 4, 'total_elems': 8308, 'total_shapes': 814, 'total_links': 222, 'num_tensors': 56}
2026-08-25 05:57:17,207 [INFO]     [1 | right | 0](candidate_pairs: 28/28 | new_swaps: 2 | total: 30) -> {'max_bond': 16, 'max_links': 4, 'total_elems': 8236, 'total_shapes': 806, 'total_links': 222, 'num_tensors': 56}
2026-08-25 05:57:17,265 [INFO]     [1 | right | 1](candidate_pairs: 27/27 | new_swaps: 3 | total: 33) -> {'max_bond': 16, 'max_links': 4, 'total_elems': 7764, 'total_shapes': 782, 'total_links': 222, 'num_tensors': 56}
2026-08-25 05:57:17,371 [INFO]     [2 | both | 0](candidate_pairs: 28/28 | new_swaps: 7 | total: 7) -> {'max_bond': 16, 'max_links': 4, 'total_elems': 6604, 'total_shapes': 738, 'total_links': 222, 'num_tensors': 56}
2026-08-25 05:57:17,472 [INFO]     [2 | both | 1](candidate_pairs: 27/27 | new_swaps: 5 | total: 12) -> {'max_bond': 16, 'max_links': 4, 'total_elems': 5412, 'total_shapes': 702, 'total_links': 222, 'num_tensors': 56}
2026-08-25 05:57:17,526 [INFO]     [2 | left | 0](candidate_pairs: 28/28 | new_swaps: 1 | total: 13) -> {'max_bond': 16, 'max_links': 4, 'total_elems': 5028, 'total_shapes': 686, 'total_links': 222, 'num_tensors': 56}
2026-08-25 05:57:17,580 [INFO]     [2 | left | 1](candidate_pairs: 27/27 | new_swaps: 1 | total: 14) -> {'max_bond': 16, 'max_links': 4, 'total_elems': 4644, 'total_shapes': 674, 'total_links': 222, 'num_tensors': 56}
2026-08-25 05:57:17,633 [INFO]     [2 | right | 0](candidate_pairs: 28/28 | new_swaps: 3 | total: 17) -> {'max_bond': 8, 'max_links': 4, 'total_elems': 3964, 'total_shapes': 642, 'total_links': 222, 'num_tensors': 56}
2026-08-25 05:57:17,685 [INFO]     [2 | right | 1](candidate_pairs: 27/27 | new_swaps: 1 | total: 18) -> {'max_bond': 8, 'max_links': 4, 'total_elems': 3772, 'total_shapes': 634, 'total_links': 222, 'num_tensors': 56}
2026-08-25 05:57:17,767 [INFO]     [3 | both | 0](candidate_pairs: 28/28 | new_swaps: 2 | total: 2) -> {'max_bond': 8, 'max_links': 4, 'total_elems': 3712, 'total_shapes': 628, 'total_links': 222, 'num_tensors': 56}
2026-08-25 05:57:17,811 [INFO]     [3 | both | 1](candidate_pairs: 27/27 | new_swaps: 0 | total: 2) -> {'max_bond': 8, 'max_links': 4, 'total_elems': 3712, 'total_shapes': 628, 'total_links': 222, 'num_tensors': 56}
2026-08-25 05:57:17,834 [INFO]     [3 | left | 0](candidate_pairs: 28/28 | new_swaps: 0 | total: 2) -> {'max_bond': 8, 'max_links': 4, 'total_elems': 3712, 'total_shapes': 628, 'total_links': 222, 'num_tensors': 56}
2026-08-25 05:57:17,857 [INFO]     [3 | left | 1](candidate_pairs: 27/27 | new_swaps: 0 | total: 2) -> {'max_bond': 8, 'max_links': 4, 'total_elems': 3712, 'total_shapes': 628, 'total_links': 222, 'num_tensors': 56}
2026-08-25 05:57:17,908 [INFO]     [3 | right | 0](candidate_pairs: 28/28 | new_swaps: 1 | total: 3) -> {'max_bond': 8, 'max_links': 4, 'total_elems': 3664, 'total_shapes': 624, 'total_links': 222, 'num_tensors': 56}
2026-08-25 05:57:17,931 [INFO]     [3 | right | 1](candidate_pairs: 27/27 | new_swaps: 0 | total: 3) -> {'max_bond': 8, 'max_links': 4, 'total_elems': 3664, 'total_shapes': 624, 'total_links': 222, 'num_tensors': 56}
2026-08-25 05:57:17,975 [INFO]     [4 | both | 0](candidate_pairs: 28/28 | new_swaps: 0 | total: 0) -> {'max_bond': 8, 'max_links': 4, 'total_elems': 3664, 'total_shapes': 624, 'total_links': 222, 'num_tensors': 56}
2026-08-25 05:57:18,058 [INFO]     [4 | both | 1](candidate_pairs: 27/27 | new_swaps: 1 | total: 1) -> {'max_bond': 8, 'max_links': 4, 'total_elems': 3652, 'total_shapes': 622, 'total_links': 222, 'num_tensors': 56}
2026-08-25 05:57:18,081 [INFO]     [4 | left | 0](candidate_pairs: 28/28 | new_swaps: 0 | total: 1) -> {'max_bond': 8, 'max_links': 4, 'total_elems': 3652, 'total_shapes': 622, 'total_links': 222, 'num_tensors': 56}
2026-08-25 05:57:18,104 [INFO]     [4 | left | 1](candidate_pairs: 27/27 | new_swaps: 0 | total: 1) -> {'max_bond': 8, 'max_links': 4, 'total_elems': 3652, 'total_shapes': 622, 'total_links': 222, 'num_tensors': 56}
2026-08-25 05:57:18,127 [INFO]     [4 | right | 0](candidate_pairs: 28/28 | new_swaps: 0 | total: 1) -> {'max_bond': 8, 'max_links': 4, 'total_elems': 3652, 'total_shapes': 622, 'total_links': 222, 'num_tensors': 56}
2026-08-25 05:57:18,150 [INFO]     [4 | right | 1](candidate_pairs: 27/27 | new_swaps: 0 | total: 1) -> {'max_bond': 8, 'max_links': 4, 'total_elems': 3652, 'total_shapes': 622, 'total_links': 222, 'num_tensors': 56}
2026-08-25 05:57:18,195 [INFO]     [5 | both | 0](candidate_pairs: 28/28 | new_swaps: 0 | total: 0) -> {'max_bond': 8, 'max_links': 4, 'total_elems': 3652, 'total_shapes': 622, 'total_links': 222, 'num_tensors': 56}
2026-08-25 05:57:18,240 [INFO]     [5 | both | 1](candidate_pairs: 27/27 | new_swaps: 0 | total: 0) -> {'max_bond': 8, 'max_links': 4, 'total_elems': 3652, 'total_shapes': 622, 'total_links': 222, 'num_tensors': 56}
2026-08-25 05:57:18,263 [INFO]     [5 | left | 0](candidate_pairs: 28/28 | new_swaps: 0 | total: 0) -> {'max_bond': 8, 'max_links': 4, 'total_elems': 3652, 'total_shapes': 622, 'total_links': 222, 'num_tensors': 56}
2026-08-25 05:57:18,286 [INFO]     [5 | left | 1](candidate_pairs: 27/27 | new_swaps: 0 | total: 0) -> {'max_bond': 8, 'max_links': 4, 'total_elems': 3652, 'total_shapes': 622, 'total_links': 222, 'num_tensors': 56}
2026-08-25 05:57:18,309 [INFO]     [5 | right | 0](candidate_pairs: 28/28 | new_swaps: 0 | total: 0) -> {'max_bond': 8, 'max_links': 4, 'total_elems': 3652, 'total_shapes': 622, 'total_links': 222, 'num_tensors': 56}
2026-08-25 05:57:18,332 [INFO]     [5 | right | 1](candidate_pairs: 27/27 | new_swaps: 0 | total: 0) -> {'max_bond': 8, 'max_links': 4, 'total_elems': 3652, 'total_shapes': 622, 'total_links': 222, 'num_tensors': 56}
2026-08-25 05:57:18,333 [INFO]     [end unswap] -> {'max_bond': 8, 'max_links': 4, 'total_elems': 3652, 'total_shapes': 622, 'total_links': 222, 'num_tensors': 56}
2026-08-25 05:57:18,363 [INFO] [start rewire](phase=post_unswap, cycle=14, side=left, layers=1406, trials=20, seed=123, parallel=False, route_candidates=1, route_score=none)
2026-08-25 05:57:20,504 [INFO] [end rewire](phase=post_unswap, cycle=14, side=left, routed_layers=1466, elapsed_s=2.14)
2026-08-25 05:57:20,504 [INFO] [start rewire](phase=post_unswap, cycle=14, side=right, layers=1553, trials=20, seed=123, parallel=False, route_candidates=1, route_score=none)
2026-08-25 05:57:22,357 [INFO] [end rewire](phase=post_unswap, cycle=14, side=right, routed_layers=1568, elapsed_s=1.85)
2026-08-25 05:57:22,451 [INFO] [1L/1464](swap: 13, u: 0 | c_u: 0 | t_u_l: 31/942 | t_u_r: 59/943 | t_u: 90/1885) -> {'max_bond': 8, 'max_links': 4, 'total_elems': 3652, 'total_shapes': 622, 'total_links': 222, 'num_tensors': 56}
2026-08-25 05:57:22,514 [INFO] [1R/1566](swap: 11, u: 1 | c_u: 1 | t_u_l: 31/942 | t_u_r: 60/943 | t_u: 91/1885) -> {'max_bond': 8, 'max_links': 4, 'total_elems': 4228, 'total_shapes': 686, 'total_links': 222, 'num_tensors': 56}
2026-08-25 05:57:22,576 [INFO] [2R/1566](swap: 10, u: 0 | c_u: 1 | t_u_l: 31/942 | t_u_r: 60/943 | t_u: 91/1885) -> {'max_bond': 16, 'max_links': 4, 'total_elems': 5820, 'total_shapes': 776, 'total_links': 222, 'num_tensors': 56}
2026-08-25 05:57:22,639 [INFO] [2L/1464](swap: 11, u: 0 | c_u: 1 | t_u_l: 31/942 | t_u_r: 60/943 | t_u: 91/1885) -> {'max_bond': 16, 'max_links': 4, 'total_elems': 9328, 'total_shapes': 922, 'total_links': 222, 'num_tensors': 56}
2026-08-25 05:57:22,704 [INFO] [3R/1566](swap: 11, u: 0 | c_u: 1 | t_u_l: 31/942 | t_u_r: 60/943 | t_u: 91/1885) -> {'max_bond': 16, 'max_links': 4, 'total_elems': 14848, 'total_shapes': 1122, 'total_links': 222, 'num_tensors': 56}
2026-08-25 05:57:22,773 [INFO] [3L/1464](swap: 12, u: 0 | c_u: 1 | t_u_l: 31/942 | t_u_r: 60/943 | t_u: 91/1885) -> {'max_bond': 32, 'max_links': 4, 'total_elems': 23840, 'total_shapes': 1318, 'total_links': 222, 'num_tensors': 56}
2026-08-25 05:57:22,853 [INFO] [4L/1464](swap: 13, u: 0 | c_u: 1 | t_u_l: 31/942 | t_u_r: 60/943 | t_u: 91/1885) -> {'max_bond': 64, 'max_links': 4, 'total_elems': 40256, 'total_shapes': 1620, 'total_links': 222, 'num_tensors': 56}
2026-08-25 05:57:22,955 [INFO] [5L/1464](swap: 15, u: 0 | c_u: 1 | t_u_l: 31/942 | t_u_r: 60/943 | t_u: 91/1885) -> {'max_bond': 64, 'max_links': 4, 'total_elems': 56064, 'total_shapes': 1876, 'total_links': 222, 'num_tensors': 56}
2026-08-25 05:57:23,064 [INFO] [6L/1464](swap: 16, u: 0 | c_u: 1 | t_u_l: 31/942 | t_u_r: 60/943 | t_u: 91/1885) -> {'max_bond': 64, 'max_links': 4, 'total_elems': 79872, 'total_shapes': 2244, 'total_links': 222, 'num_tensors': 56}
2026-08-25 05:57:23,209 [INFO] [4R/1566](swap: 12, u: 1 | c_u: 2 | t_u_l: 31/942 | t_u_r: 61/943 | t_u: 92/1885) -> {'max_bond': 64, 'max_links': 4, 'total_elems': 143200, 'total_shapes': 2744, 'total_links': 222, 'num_tensors': 56}
2026-08-25 05:57:23,454 [INFO] [7L/1464](swap: 14, u: 0 | c_u: 2 | t_u_l: 31/942 | t_u_r: 61/943 | t_u: 92/1885) -> {'max_bond': 128, 'max_links': 4, 'total_elems': 260256, 'total_shapes': 3630, 'total_links': 222, 'num_tensors': 56}
2026-08-25 05:57:23,878 [INFO] [8L/1464](swap: 12, u: 1 | c_u: 3 | t_u_l: 32/942 | t_u_r: 61/943 | t_u: 93/1885) -> {'max_bond': 128, 'max_links': 4, 'total_elems': 500960, 'total_shapes': 4820, 'total_links': 222, 'num_tensors': 56}
2026-08-25 05:57:24,546 [INFO] [9L/1464](swap: 12, u: 0 | c_u: 3 | t_u_l: 32/942 | t_u_r: 61/943 | t_u: 93/1885) -> {'max_bond': 128, 'max_links': 4, 'total_elems': 869792, 'total_shapes': 6018, 'total_links': 222, 'num_tensors': 56}
2026-08-25 05:57:25,877 [INFO]     [start unswap] -> {'max_bond': 128, 'max_links': 4, 'total_elems': 869792, 'total_shapes': 6018, 'total_links': 222, 'num_tensors': 56}
2026-08-25 05:57:31,683 [INFO]     [0 | both | 0](candidate_pairs: 28/28 | new_swaps: 0 | total: 0) -> {'max_bond': 128, 'max_links': 4, 'total_elems': 869792, 'total_shapes': 6018, 'total_links': 222, 'num_tensors': 56}
2026-08-25 05:57:37,796 [INFO]     [0 | both | 1](candidate_pairs: 27/27 | new_swaps: 9 | total: 9) -> {'max_bond': 256, 'max_links': 4, 'total_elems': 960544, 'total_shapes': 6136, 'total_links': 222, 'num_tensors': 56}
2026-08-25 05:57:39,385 [INFO]     [0 | left | 0](candidate_pairs: 28/28 | new_swaps: 9 | total: 18) -> {'max_bond': 128, 'max_links': 4, 'total_elems': 544288, 'total_shapes': 4856, 'total_links': 222, 'num_tensors': 56}
2026-08-25 05:57:40,304 [INFO]     [0 | left | 1](candidate_pairs: 27/27 | new_swaps: 14 | total: 32) -> {'max_bond': 128, 'max_links': 4, 'total_elems': 242720, 'total_shapes': 3560, 'total_links': 222, 'num_tensors': 56}
2026-08-25 05:57:40,620 [INFO]     [0 | right | 0](candidate_pairs: 28/28 | new_swaps: 8 | total: 40) -> {'max_bond': 64, 'max_links': 4, 'total_elems': 180256, 'total_shapes': 3008, 'total_links': 222, 'num_tensors': 56}
2026-08-25 05:57:40,952 [INFO]     [0 | right | 1](candidate_pairs: 27/27 | new_swaps: 11 | total: 51) -> {'max_bond': 64, 'max_links': 4, 'total_elems': 134752, 'total_shapes': 2672, 'total_links': 222, 'num_tensors': 56}
2026-08-25 05:57:41,327 [INFO]     [1 | both | 0](candidate_pairs: 28/28 | new_swaps: 13 | total: 13) -> {'max_bond': 64, 'max_links': 4, 'total_elems': 77120, 'total_shapes': 2064, 'total_links': 222, 'num_tensors': 56}
2026-08-25 05:57:41,569 [INFO]     [1 | both | 1](candidate_pairs: 27/27 | new_swaps: 5 | total: 18) -> {'max_bond': 32, 'max_links': 4, 'total_elems': 57280, 'total_shapes': 1816, 'total_links': 222, 'num_tensors': 56}
2026-08-25 05:57:41,686 [INFO]     [1 | left | 0](candidate_pairs: 28/28 | new_swaps: 8 | total: 26) -> {'max_bond': 32, 'max_links': 4, 'total_elems': 47944, 'total_shapes': 1638, 'total_links': 222, 'num_tensors': 56}
2026-08-25 05:57:41,794 [INFO]     [1 | left | 1](candidate_pairs: 27/27 | new_swaps: 9 | total: 35) -> {'max_bond': 32, 'max_links': 4, 'total_elems': 37448, 'total_shapes': 1446, 'total_links': 222, 'num_tensors': 56}
2026-08-25 05:57:41,887 [INFO]     [1 | right | 0](candidate_pairs: 28/28 | new_swaps: 9 | total: 44) -> {'max_bond': 32, 'max_links': 4, 'total_elems': 33308, 'total_shapes': 1324, 'total_links': 222, 'num_tensors': 56}
2026-08-25 05:57:41,970 [INFO]     [1 | right | 1](candidate_pairs: 27/27 | new_swaps: 7 | total: 51) -> {'max_bond': 32, 'max_links': 4, 'total_elems': 29492, 'total_shapes': 1236, 'total_links': 222, 'num_tensors': 56}
2026-08-25 05:57:42,119 [INFO]     [2 | both | 0](candidate_pairs: 28/28 | new_swaps: 10 | total: 10) -> {'max_bond': 32, 'max_links': 4, 'total_elems': 23620, 'total_shapes': 1084, 'total_links': 222, 'num_tensors': 56}
2026-08-25 05:57:42,250 [INFO]     [2 | both | 1](candidate_pairs: 27/27 | new_swaps: 8 | total: 18) -> {'max_bond': 32, 'max_links': 4, 'total_elems': 18608, 'total_shapes': 982, 'total_links': 222, 'num_tensors': 56}
2026-08-25 05:57:42,318 [INFO]     [2 | left | 0](candidate_pairs: 28/28 | new_swaps: 5 | total: 23) -> {'max_bond': 32, 'max_links': 4, 'total_elems': 15440, 'total_shapes': 922, 'total_links': 222, 'num_tensors': 56}
2026-08-25 05:57:42,384 [INFO]     [2 | left | 1](candidate_pairs: 27/27 | new_swaps: 5 | total: 28) -> {'max_bond': 32, 'max_links': 4, 'total_elems': 12360, 'total_shapes': 836, 'total_links': 222, 'num_tensors': 56}
2026-08-25 05:57:42,446 [INFO]     [2 | right | 0](candidate_pairs: 28/28 | new_swaps: 4 | total: 32) -> {'max_bond': 32, 'max_links': 4, 'total_elems': 11712, 'total_shapes': 808, 'total_links': 222, 'num_tensors': 56}
2026-08-25 05:57:42,505 [INFO]     [2 | right | 1](candidate_pairs: 27/27 | new_swaps: 2 | total: 34) -> {'max_bond': 32, 'max_links': 4, 'total_elems': 11136, 'total_shapes': 788, 'total_links': 222, 'num_tensors': 56}
2026-08-25 05:57:42,611 [INFO]     [3 | both | 0](candidate_pairs: 28/28 | new_swaps: 3 | total: 3) -> {'max_bond': 32, 'max_links': 4, 'total_elems': 11064, 'total_shapes': 780, 'total_links': 222, 'num_tensors': 56}
2026-08-25 05:57:42,717 [INFO]     [3 | both | 1](candidate_pairs: 27/27 | new_swaps: 2 | total: 5) -> {'max_bond': 32, 'max_links': 4, 'total_elems': 11004, 'total_shapes': 772, 'total_links': 222, 'num_tensors': 56}
2026-08-25 05:57:42,775 [INFO]     [3 | left | 0](candidate_pairs: 28/28 | new_swaps: 2 | total: 7) -> {'max_bond': 32, 'max_links': 4, 'total_elems': 10868, 'total_shapes': 756, 'total_links': 222, 'num_tensors': 56}
2026-08-25 05:57:42,803 [INFO]     [3 | left | 1](candidate_pairs: 27/27 | new_swaps: 0 | total: 7) -> {'max_bond': 32, 'max_links': 4, 'total_elems': 10868, 'total_shapes': 756, 'total_links': 222, 'num_tensors': 56}
2026-08-25 05:57:42,831 [INFO]     [3 | right | 0](candidate_pairs: 28/28 | new_swaps: 0 | total: 7) -> {'max_bond': 32, 'max_links': 4, 'total_elems': 10868, 'total_shapes': 756, 'total_links': 222, 'num_tensors': 56}
2026-08-25 05:57:42,857 [INFO]     [3 | right | 1](candidate_pairs: 27/27 | new_swaps: 0 | total: 7) -> {'max_bond': 32, 'max_links': 4, 'total_elems': 10868, 'total_shapes': 756, 'total_links': 222, 'num_tensors': 56}
2026-08-25 05:57:42,912 [INFO]     [4 | both | 0](candidate_pairs: 28/28 | new_swaps: 0 | total: 0) -> {'max_bond': 32, 'max_links': 4, 'total_elems': 10868, 'total_shapes': 756, 'total_links': 222, 'num_tensors': 56}
2026-08-25 05:57:42,965 [INFO]     [4 | both | 1](candidate_pairs: 27/27 | new_swaps: 0 | total: 0) -> {'max_bond': 32, 'max_links': 4, 'total_elems': 10868, 'total_shapes': 756, 'total_links': 222, 'num_tensors': 56}
2026-08-25 05:57:42,993 [INFO]     [4 | left | 0](candidate_pairs: 28/28 | new_swaps: 0 | total: 0) -> {'max_bond': 32, 'max_links': 4, 'total_elems': 10868, 'total_shapes': 756, 'total_links': 222, 'num_tensors': 56}
2026-08-25 05:57:43,021 [INFO]     [4 | left | 1](candidate_pairs: 27/27 | new_swaps: 0 | total: 0) -> {'max_bond': 32, 'max_links': 4, 'total_elems': 10868, 'total_shapes': 756, 'total_links': 222, 'num_tensors': 56}
2026-08-25 05:57:43,048 [INFO]     [4 | right | 0](candidate_pairs: 28/28 | new_swaps: 0 | total: 0) -> {'max_bond': 32, 'max_links': 4, 'total_elems': 10868, 'total_shapes': 756, 'total_links': 222, 'num_tensors': 56}
2026-08-25 05:57:43,075 [INFO]     [4 | right | 1](candidate_pairs: 27/27 | new_swaps: 0 | total: 0) -> {'max_bond': 32, 'max_links': 4, 'total_elems': 10868, 'total_shapes': 756, 'total_links': 222, 'num_tensors': 56}
2026-08-25 05:57:43,075 [INFO]     [end unswap] -> {'max_bond': 32, 'max_links': 4, 'total_elems': 10868, 'total_shapes': 756, 'total_links': 222, 'num_tensors': 56}
2026-08-25 05:57:43,076 [INFO] [start rewire](phase=post_unswap, cycle=15, side=left, layers=1457, trials=20, seed=123, parallel=False, route_candidates=1, route_score=none)
2026-08-25 05:57:45,191 [INFO] [end rewire](phase=post_unswap, cycle=15, side=left, routed_layers=1373, elapsed_s=2.12)
2026-08-25 05:57:45,192 [INFO] [start rewire](phase=post_unswap, cycle=15, side=right, layers=1564, trials=20, seed=123, parallel=False, route_candidates=1, route_score=none)
2026-08-25 05:57:47,092 [INFO] [end rewire](phase=post_unswap, cycle=15, side=right, routed_layers=1699, elapsed_s=1.90)
2026-08-25 05:57:47,192 [INFO] [1L/1371](swap: 12, u: 0 | c_u: 0 | t_u_l: 32/942 | t_u_r: 61/943 | t_u: 93/1885) -> {'max_bond': 32, 'max_links': 4, 'total_elems': 10868, 'total_shapes': 756, 'total_links': 222, 'num_tensors': 56}
2026-08-25 05:57:47,257 [INFO] [2L/1371](swap: 14, u: 0 | c_u: 0 | t_u_l: 32/942 | t_u_r: 61/943 | t_u: 93/1885) -> {'max_bond': 32, 'max_links': 4, 'total_elems': 12100, 'total_shapes': 846, 'total_links': 222, 'num_tensors': 56}
2026-08-25 05:57:47,322 [INFO] [1R/1697](swap: 11, u: 0 | c_u: 0 | t_u_l: 32/942 | t_u_r: 61/943 | t_u: 93/1885) -> {'max_bond': 32, 'max_links': 4, 'total_elems': 13756, 'total_shapes': 914, 'total_links': 222, 'num_tensors': 56}
2026-08-25 05:57:47,390 [INFO] [2R/1697](swap: 11, u: 0 | c_u: 0 | t_u_l: 32/942 | t_u_r: 61/943 | t_u: 93/1885) -> {'max_bond': 32, 'max_links': 4, 'total_elems': 18828, 'total_shapes': 1032, 'total_links': 222, 'num_tensors': 56}
2026-08-25 05:57:47,467 [INFO] [3L/1371](swap: 16, u: 0 | c_u: 0 | t_u_l: 32/942 | t_u_r: 61/943 | t_u: 93/1885) -> {'max_bond': 32, 'max_links': 4, 'total_elems': 24992, 'total_shapes': 1234, 'total_links': 222, 'num_tensors': 56}
2026-08-25 05:57:47,553 [INFO] [4L/1371](swap: 12, u: 0 | c_u: 0 | t_u_l: 32/942 | t_u_r: 61/943 | t_u: 93/1885) -> {'max_bond': 64, 'max_links': 4, 'total_elems': 45280, 'total_shapes': 1600, 'total_links': 222, 'num_tensors': 56}
2026-08-25 05:57:47,663 [INFO] [5L/1371](swap: 11, u: 1 | c_u: 1 | t_u_l: 33/942 | t_u_r: 61/943 | t_u: 94/1885) -> {'max_bond': 64, 'max_links': 4, 'total_elems': 80224, 'total_shapes': 2024, 'total_links': 222, 'num_tensors': 56}
2026-08-25 05:57:47,817 [INFO] [3R/1697](swap: 15, u: 0 | c_u: 1 | t_u_l: 33/942 | t_u_r: 61/943 | t_u: 94/1885) -> {'max_bond': 128, 'max_links': 4, 'total_elems': 143840, 'total_shapes': 2624, 'total_links': 222, 'num_tensors': 56}
2026-08-25 05:57:48,040 [INFO] [4R/1697](swap: 12, u: 0 | c_u: 1 | t_u_l: 33/942 | t_u_r: 61/943 | t_u: 94/1885) -> {'max_bond': 128, 'max_links': 4, 'total_elems': 182624, 'total_shapes': 3040, 'total_links': 222, 'num_tensors': 56}
2026-08-25 05:57:48,299 [INFO] [5R/1697](swap: 10, u: 1 | c_u: 2 | t_u_l: 33/942 | t_u_r: 62/943 | t_u: 95/1885) -> {'max_bond': 128, 'max_links': 4, 'total_elems': 276512, 'total_shapes': 3630, 'total_links': 222, 'num_tensors': 56}
2026-08-25 05:57:48,728 [INFO]     [start unswap] -> {'max_bond': 128, 'max_links': 4, 'total_elems': 276512, 'total_shapes': 3630, 'total_links': 222, 'num_tensors': 56}
2026-08-25 05:57:49,885 [INFO]     [0 | both | 0](candidate_pairs: 28/28 | new_swaps: 6 | total: 6) -> {'max_bond': 128, 'max_links': 4, 'total_elems': 291992, 'total_shapes': 3812, 'total_links': 222, 'num_tensors': 56}
2026-08-25 05:57:50,821 [INFO]     [0 | both | 1](candidate_pairs: 27/27 | new_swaps: 8 | total: 14) -> {'max_bond': 127, 'max_links': 4, 'total_elems': 251480, 'total_shapes': 3342, 'total_links': 222, 'num_tensors': 56}
2026-08-25 05:57:51,274 [INFO]     [0 | left | 0](candidate_pairs: 28/28 | new_swaps: 14 | total: 28) -> {'max_bond': 126, 'max_links': 4, 'total_elems': 142584, 'total_shapes': 2552, 'total_links': 222, 'num_tensors': 56}
2026-08-25 05:57:51,503 [INFO]     [0 | left | 1](candidate_pairs: 27/27 | new_swaps: 15 | total: 43) -> {'max_bond': 64, 'max_links': 4, 'total_elems': 65328, 'total_shapes': 1806, 'total_links': 222, 'num_tensors': 56}
2026-08-25 05:57:51,617 [INFO]     [0 | right | 0](candidate_pairs: 28/28 | new_swaps: 7 | total: 50) -> {'max_bond': 64, 'max_links': 4, 'total_elems': 59832, 'total_shapes': 1670, 'total_links': 222, 'num_tensors': 56}
2026-08-25 05:57:51,743 [INFO]     [0 | right | 1](candidate_pairs: 27/27 | new_swaps: 8 | total: 58) -> {'max_bond': 64, 'max_links': 4, 'total_elems': 53192, 'total_shapes': 1554, 'total_links': 222, 'num_tensors': 56}
2026-08-25 05:57:51,949 [INFO]     [1 | both | 0](candidate_pairs: 28/28 | new_swaps: 15 | total: 15) -> {'max_bond': 64, 'max_links': 4, 'total_elems': 30096, 'total_shapes': 1276, 'total_links': 222, 'num_tensors': 56}
2026-08-25 05:57:52,092 [INFO]     [1 | both | 1](candidate_pairs: 27/27 | new_swaps: 6 | total: 21) -> {'max_bond': 64, 'max_links': 4, 'total_elems': 25896, 'total_shapes': 1156, 'total_links': 222, 'num_tensors': 56}
2026-08-25 05:57:52,173 [INFO]     [1 | left | 0](candidate_pairs: 28/28 | new_swaps: 5 | total: 26) -> {'max_bond': 64, 'max_links': 4, 'total_elems': 23928, 'total_shapes': 1088, 'total_links': 222, 'num_tensors': 56}
2026-08-25 05:57:52,247 [INFO]     [1 | left | 1](candidate_pairs: 27/27 | new_swaps: 4 | total: 30) -> {'max_bond': 64, 'max_links': 4, 'total_elems': 22000, 'total_shapes': 1046, 'total_links': 222, 'num_tensors': 56}
2026-08-25 05:57:52,321 [INFO]     [1 | right | 0](candidate_pairs: 28/28 | new_swaps: 5 | total: 35) -> {'max_bond': 64, 'max_links': 4, 'total_elems': 20360, 'total_shapes': 990, 'total_links': 222, 'num_tensors': 56}
2026-08-25 05:57:52,388 [INFO]     [1 | right | 1](candidate_pairs: 27/27 | new_swaps: 2 | total: 37) -> {'max_bond': 32, 'max_links': 4, 'total_elems': 13976, 'total_shapes': 914, 'total_links': 222, 'num_tensors': 56}
2026-08-25 05:57:52,503 [INFO]     [2 | both | 0](candidate_pairs: 28/28 | new_swaps: 2 | total: 2) -> {'max_bond': 32, 'max_links': 4, 'total_elems': 13924, 'total_shapes': 908, 'total_links': 222, 'num_tensors': 56}
2026-08-25 05:57:52,607 [INFO]     [2 | both | 1](candidate_pairs: 27/27 | new_swaps: 1 | total: 3) -> {'max_bond': 32, 'max_links': 4, 'total_elems': 13876, 'total_shapes': 904, 'total_links': 222, 'num_tensors': 56}
2026-08-25 05:57:52,638 [INFO]     [2 | left | 0](candidate_pairs: 28/28 | new_swaps: 0 | total: 3) -> {'max_bond': 32, 'max_links': 4, 'total_elems': 13876, 'total_shapes': 904, 'total_links': 222, 'num_tensors': 56}
2026-08-25 05:57:52,669 [INFO]     [2 | left | 1](candidate_pairs: 27/27 | new_swaps: 0 | total: 3) -> {'max_bond': 32, 'max_links': 4, 'total_elems': 13876, 'total_shapes': 904, 'total_links': 222, 'num_tensors': 56}
2026-08-25 05:57:52,733 [INFO]     [2 | right | 0](candidate_pairs: 28/28 | new_swaps: 2 | total: 5) -> {'max_bond': 32, 'max_links': 4, 'total_elems': 11156, 'total_shapes': 864, 'total_links': 222, 'num_tensors': 56}
2026-08-25 05:57:52,782 [INFO]     [2 | right | 1](candidate_pairs: 27/27 | new_swaps: 1 | total: 6) -> {'max_bond': 32, 'max_links': 4, 'total_elems': 10868, 'total_shapes': 852, 'total_links': 222, 'num_tensors': 56}
2026-08-25 05:57:52,892 [INFO]     [3 | both | 0](candidate_pairs: 28/28 | new_swaps: 2 | total: 2) -> {'max_bond': 32, 'max_links': 4, 'total_elems': 10696, 'total_shapes': 842, 'total_links': 222, 'num_tensors': 56}
2026-08-25 05:57:52,990 [INFO]     [3 | both | 1](candidate_pairs: 27/27 | new_swaps: 1 | total: 3) -> {'max_bond': 32, 'max_links': 4, 'total_elems': 10568, 'total_shapes': 834, 'total_links': 222, 'num_tensors': 56}
2026-08-25 05:57:53,049 [INFO]     [3 | left | 0](candidate_pairs: 28/28 | new_swaps: 1 | total: 4) -> {'max_bond': 32, 'max_links': 4, 'total_elems': 10472, 'total_shapes': 830, 'total_links': 222, 'num_tensors': 56}
2026-08-25 05:57:53,078 [INFO]     [3 | left | 1](candidate_pairs: 27/27 | new_swaps: 0 | total: 4) -> {'max_bond': 32, 'max_links': 4, 'total_elems': 10472, 'total_shapes': 830, 'total_links': 222, 'num_tensors': 56}
2026-08-25 05:57:53,106 [INFO]     [3 | right | 0](candidate_pairs: 28/28 | new_swaps: 0 | total: 4) -> {'max_bond': 32, 'max_links': 4, 'total_elems': 10472, 'total_shapes': 830, 'total_links': 222, 'num_tensors': 56}
2026-08-25 05:57:53,155 [INFO]     [3 | right | 1](candidate_pairs: 27/27 | new_swaps: 1 | total: 5) -> {'max_bond': 32, 'max_links': 4, 'total_elems': 10424, 'total_shapes': 826, 'total_links': 222, 'num_tensors': 56}
2026-08-25 05:57:53,213 [INFO]     [4 | both | 0](candidate_pairs: 28/28 | new_swaps: 0 | total: 0) -> {'max_bond': 32, 'max_links': 4, 'total_elems': 10424, 'total_shapes': 826, 'total_links': 222, 'num_tensors': 56}
2026-08-25 05:57:53,268 [INFO]     [4 | both | 1](candidate_pairs: 27/27 | new_swaps: 0 | total: 0) -> {'max_bond': 32, 'max_links': 4, 'total_elems': 10424, 'total_shapes': 826, 'total_links': 222, 'num_tensors': 56}
2026-08-25 05:57:53,297 [INFO]     [4 | left | 0](candidate_pairs: 28/28 | new_swaps: 0 | total: 0) -> {'max_bond': 32, 'max_links': 4, 'total_elems': 10424, 'total_shapes': 826, 'total_links': 222, 'num_tensors': 56}
2026-08-25 05:57:53,325 [INFO]     [4 | left | 1](candidate_pairs: 27/27 | new_swaps: 0 | total: 0) -> {'max_bond': 32, 'max_links': 4, 'total_elems': 10424, 'total_shapes': 826, 'total_links': 222, 'num_tensors': 56}
2026-08-25 05:57:53,354 [INFO]     [4 | right | 0](candidate_pairs: 28/28 | new_swaps: 0 | total: 0) -> {'max_bond': 32, 'max_links': 4, 'total_elems': 10424, 'total_shapes': 826, 'total_links': 222, 'num_tensors': 56}
2026-08-25 05:57:53,382 [INFO]     [4 | right | 1](candidate_pairs: 27/27 | new_swaps: 0 | total: 0) -> {'max_bond': 32, 'max_links': 4, 'total_elems': 10424, 'total_shapes': 826, 'total_links': 222, 'num_tensors': 56}
2026-08-25 05:57:53,383 [INFO]     [end unswap] -> {'max_bond': 32, 'max_links': 4, 'total_elems': 10424, 'total_shapes': 826, 'total_links': 222, 'num_tensors': 56}
2026-08-25 05:57:53,416 [INFO] [start rewire](phase=post_unswap, cycle=16, side=left, layers=1368, trials=20, seed=123, parallel=False, route_candidates=1, route_score=none)
2026-08-25 05:57:55,525 [INFO] [end rewire](phase=post_unswap, cycle=16, side=left, routed_layers=1396, elapsed_s=2.11)
2026-08-25 05:57:55,525 [INFO] [start rewire](phase=post_unswap, cycle=16, side=right, layers=1694, trials=20, seed=123, parallel=False, route_candidates=1, route_score=none)
2026-08-25 05:57:57,380 [INFO] [end rewire](phase=post_unswap, cycle=16, side=right, routed_layers=1551, elapsed_s=1.85)
2026-08-25 05:57:57,481 [INFO] [1L/1394](swap: 15, u: 0 | c_u: 0 | t_u_l: 33/942 | t_u_r: 62/943 | t_u: 95/1885) -> {'max_bond': 32, 'max_links': 4, 'total_elems': 10424, 'total_shapes': 826, 'total_links': 222, 'num_tensors': 56}
2026-08-25 05:57:57,548 [INFO] [1R/1549](swap: 14, u: 0 | c_u: 0 | t_u_l: 33/942 | t_u_r: 62/943 | t_u: 95/1885) -> {'max_bond': 32, 'max_links': 4, 'total_elems': 13924, 'total_shapes': 972, 'total_links': 222, 'num_tensors': 56}
2026-08-25 05:57:57,620 [INFO] [2R/1549](swap: 10, u: 1 | c_u: 1 | t_u_l: 33/942 | t_u_r: 63/943 | t_u: 96/1885) -> {'max_bond': 32, 'max_links': 4, 'total_elems': 22112, 'total_shapes': 1160, 'total_links': 222, 'num_tensors': 56}
2026-08-25 05:57:57,697 [INFO] [2L/1394](swap: 14, u: 0 | c_u: 1 | t_u_l: 33/942 | t_u_r: 63/943 | t_u: 96/1885) -> {'max_bond': 64, 'max_links': 4, 'total_elems': 34740, 'total_shapes': 1350, 'total_links': 222, 'num_tensors': 56}
2026-08-25 05:57:57,789 [INFO] [3R/1549](swap: 8, u: 0 | c_u: 1 | t_u_l: 33/942 | t_u_r: 63/943 | t_u: 96/1885) -> {'max_bond': 64, 'max_links': 4, 'total_elems': 50940, 'total_shapes': 1586, 'total_links': 222, 'num_tensors': 56}
2026-08-25 05:57:57,891 [INFO] [4R/1549](swap: 6, u: 1 | c_u: 2 | t_u_l: 33/942 | t_u_r: 64/943 | t_u: 97/1885) -> {'max_bond': 64, 'max_links': 4, 'total_elems': 69508, 'total_shapes': 1804, 'total_links': 222, 'num_tensors': 56}
2026-08-25 05:57:58,037 [INFO] [5R/1549](swap: 5, u: 0 | c_u: 2 | t_u_l: 33/942 | t_u_r: 64/943 | t_u: 97/1885) -> {'max_bond': 64, 'max_links': 4, 'total_elems': 94772, 'total_shapes': 1948, 'total_links': 222, 'num_tensors': 56}
2026-08-25 05:57:58,195 [INFO] [6R/1549](swap: 6, u: 0 | c_u: 2 | t_u_l: 33/942 | t_u_r: 64/943 | t_u: 97/1885) -> {'max_bond': 64, 'max_links': 4, 'total_elems': 121628, 'total_shapes': 2108, 'total_links': 222, 'num_tensors': 56}
2026-08-25 05:57:58,419 [INFO] [7R/1549](swap: 6, u: 1 | c_u: 3 | t_u_l: 33/942 | t_u_r: 65/943 | t_u: 98/1885) -> {'max_bond': 128, 'max_links': 4, 'total_elems': 172892, 'total_shapes': 2458, 'total_links': 222, 'num_tensors': 56}
2026-08-25 05:57:58,676 [INFO] [8R/1549](swap: 7, u: 0 | c_u: 3 | t_u_l: 33/942 | t_u_r: 65/943 | t_u: 98/1885) -> {'max_bond': 128, 'max_links': 4, 'total_elems': 213852, 'total_shapes': 2714, 'total_links': 222, 'num_tensors': 56}
2026-08-25 05:57:58,953 [INFO] [9R/1549](swap: 3, u: 0 | c_u: 3 | t_u_l: 33/942 | t_u_r: 65/943 | t_u: 98/1885) -> {'max_bond': 128, 'max_links': 4, 'total_elems': 217308, 'total_shapes': 2786, 'total_links': 222, 'num_tensors': 56}
2026-08-25 05:57:59,231 [INFO] [10R/1549](swap: 2, u: 0 | c_u: 3 | t_u_l: 33/942 | t_u_r: 65/943 | t_u: 98/1885) -> {'max_bond': 128, 'max_links': 4, 'total_elems': 220764, 'total_shapes': 2850, 'total_links': 222, 'num_tensors': 56}
2026-08-25 05:57:59,514 [INFO] [11R/1549](swap: 3, u: 0 | c_u: 3 | t_u_l: 33/942 | t_u_r: 65/943 | t_u: 98/1885) -> {'max_bond': 128, 'max_links': 4, 'total_elems': 228444, 'total_shapes': 2922, 'total_links': 222, 'num_tensors': 56}
2026-08-25 05:57:59,811 [INFO] [12R/1549](swap: 4, u: 0 | c_u: 3 | t_u_l: 33/942 | t_u_r: 65/943 | t_u: 98/1885) -> {'max_bond': 128, 'max_links': 4, 'total_elems': 242780, 'total_shapes': 3082, 'total_links': 222, 'num_tensors': 56}
2026-08-25 05:58:00,151 [INFO] [13R/1549](swap: 4, u: 0 | c_u: 3 | t_u_l: 33/942 | t_u_r: 65/943 | t_u: 98/1885) -> {'max_bond': 128, 'max_links': 4, 'total_elems': 299100, 'total_shapes': 3386, 'total_links': 222, 'num_tensors': 56}
2026-08-25 05:58:00,584 [INFO]     [start unswap] -> {'max_bond': 128, 'max_links': 4, 'total_elems': 299100, 'total_shapes': 3386, 'total_links': 222, 'num_tensors': 56}
2026-08-25 05:58:02,576 [INFO]     [0 | both | 0](candidate_pairs: 28/28 | new_swaps: 8 | total: 8) -> {'max_bond': 128, 'max_links': 4, 'total_elems': 330008, 'total_shapes': 3488, 'total_links': 222, 'num_tensors': 56}
2026-08-25 05:58:03,621 [INFO]     [0 | both | 1](candidate_pairs: 27/27 | new_swaps: 11 | total: 19) -> {'max_bond': 128, 'max_links': 4, 'total_elems': 158264, 'total_shapes': 2556, 'total_links': 222, 'num_tensors': 56}
2026-08-25 05:58:03,896 [INFO]     [0 | left | 0](candidate_pairs: 28/28 | new_swaps: 12 | total: 31) -> {'max_bond': 64, 'max_links': 4, 'total_elems': 89944, 'total_shapes': 2024, 'total_links': 222, 'num_tensors': 56}
2026-08-25 05:58:04,055 [INFO]     [0 | left | 1](candidate_pairs: 27/27 | new_swaps: 7 | total: 38) -> {'max_bond': 64, 'max_links': 4, 'total_elems': 73944, 'total_shapes': 1800, 'total_links': 222, 'num_tensors': 56}
2026-08-25 05:58:04,195 [INFO]     [0 | right | 0](candidate_pairs: 28/28 | new_swaps: 6 | total: 44) -> {'max_bond': 64, 'max_links': 4, 'total_elems': 51160, 'total_shapes': 1584, 'total_links': 222, 'num_tensors': 56}
2026-08-25 05:58:04,306 [INFO]     [0 | right | 1](candidate_pairs: 27/27 | new_swaps: 9 | total: 53) -> {'max_bond': 32, 'max_links': 4, 'total_elems': 29144, 'total_shapes': 1338, 'total_links': 222, 'num_tensors': 56}
2026-08-25 05:58:04,465 [INFO]     [1 | both | 0](candidate_pairs: 28/28 | new_swaps: 6 | total: 6) -> {'max_bond': 32, 'max_links': 4, 'total_elems': 20920, 'total_shapes': 1174, 'total_links': 222, 'num_tensors': 56}
2026-08-25 05:58:04,605 [INFO]     [1 | both | 1](candidate_pairs: 27/27 | new_swaps: 8 | total: 14) -> {'max_bond': 32, 'max_links': 4, 'total_elems': 17672, 'total_shapes': 1092, 'total_links': 222, 'num_tensors': 56}
2026-08-25 05:58:04,677 [INFO]     [1 | left | 0](candidate_pairs: 28/28 | new_swaps: 5 | total: 19) -> {'max_bond': 32, 'max_links': 4, 'total_elems': 15560, 'total_shapes': 1026, 'total_links': 222, 'num_tensors': 56}
2026-08-25 05:58:04,746 [INFO]     [1 | left | 1](candidate_pairs: 27/27 | new_swaps: 5 | total: 24) -> {'max_bond': 32, 'max_links': 4, 'total_elems': 13720, 'total_shapes': 972, 'total_links': 222, 'num_tensors': 56}
2026-08-25 05:58:04,808 [INFO]     [1 | right | 0](candidate_pairs: 28/28 | new_swaps: 2 | total: 26) -> {'max_bond': 32, 'max_links': 4, 'total_elems': 12952, 'total_shapes': 938, 'total_links': 222, 'num_tensors': 56}
2026-08-25 05:58:04,869 [INFO]     [1 | right | 1](candidate_pairs: 27/27 | new_swaps: 2 | total: 28) -> {'max_bond': 32, 'max_links': 4, 'total_elems': 11832, 'total_shapes': 908, 'total_links': 222, 'num_tensors': 56}
2026-08-25 05:58:04,981 [INFO]     [2 | both | 0](candidate_pairs: 28/28 | new_swaps: 2 | total: 2) -> {'max_bond': 32, 'max_links': 4, 'total_elems': 11352, 'total_shapes': 892, 'total_links': 222, 'num_tensors': 56}
2026-08-25 05:58:05,090 [INFO]     [2 | both | 1](candidate_pairs: 27/27 | new_swaps: 2 | total: 4) -> {'max_bond': 32, 'max_links': 4, 'total_elems': 10632, 'total_shapes': 860, 'total_links': 222, 'num_tensors': 56}
2026-08-25 05:58:05,152 [INFO]     [2 | left | 0](candidate_pairs: 28/28 | new_swaps: 4 | total: 8) -> {'max_bond': 32, 'max_links': 4, 'total_elems': 10264, 'total_shapes': 834, 'total_links': 222, 'num_tensors': 56}
2026-08-25 05:58:05,181 [INFO]     [2 | left | 1](candidate_pairs: 27/27 | new_swaps: 0 | total: 8) -> {'max_bond': 32, 'max_links': 4, 'total_elems': 10264, 'total_shapes': 834, 'total_links': 222, 'num_tensors': 56}
2026-08-25 05:58:05,240 [INFO]     [2 | right | 0](candidate_pairs: 28/28 | new_swaps: 1 | total: 9) -> {'max_bond': 32, 'max_links': 4, 'total_elems': 10216, 'total_shapes': 830, 'total_links': 222, 'num_tensors': 56}
2026-08-25 05:58:05,288 [INFO]     [2 | right | 1](candidate_pairs: 27/27 | new_swaps: 1 | total: 10) -> {'max_bond': 32, 'max_links': 4, 'total_elems': 10144, 'total_shapes': 824, 'total_links': 222, 'num_tensors': 56}
2026-08-25 05:58:05,397 [INFO]     [3 | both | 0](candidate_pairs: 28/28 | new_swaps: 2 | total: 2) -> {'max_bond': 32, 'max_links': 4, 'total_elems': 10084, 'total_shapes': 818, 'total_links': 222, 'num_tensors': 56}
2026-08-25 05:58:05,453 [INFO]     [3 | both | 1](candidate_pairs: 27/27 | new_swaps: 0 | total: 2) -> {'max_bond': 32, 'max_links': 4, 'total_elems': 10084, 'total_shapes': 818, 'total_links': 222, 'num_tensors': 56}
2026-08-25 05:58:05,481 [INFO]     [3 | left | 0](candidate_pairs: 28/28 | new_swaps: 0 | total: 2) -> {'max_bond': 32, 'max_links': 4, 'total_elems': 10084, 'total_shapes': 818, 'total_links': 222, 'num_tensors': 56}
2026-08-25 05:58:05,509 [INFO]     [3 | left | 1](candidate_pairs: 27/27 | new_swaps: 0 | total: 2) -> {'max_bond': 32, 'max_links': 4, 'total_elems': 10084, 'total_shapes': 818, 'total_links': 222, 'num_tensors': 56}
2026-08-25 05:58:05,537 [INFO]     [3 | right | 0](candidate_pairs: 28/28 | new_swaps: 0 | total: 2) -> {'max_bond': 32, 'max_links': 4, 'total_elems': 10084, 'total_shapes': 818, 'total_links': 222, 'num_tensors': 56}
2026-08-25 05:58:05,565 [INFO]     [3 | right | 1](candidate_pairs: 27/27 | new_swaps: 0 | total: 2) -> {'max_bond': 32, 'max_links': 4, 'total_elems': 10084, 'total_shapes': 818, 'total_links': 222, 'num_tensors': 56}
2026-08-25 05:58:05,622 [INFO]     [4 | both | 0](candidate_pairs: 28/28 | new_swaps: 0 | total: 0) -> {'max_bond': 32, 'max_links': 4, 'total_elems': 10084, 'total_shapes': 818, 'total_links': 222, 'num_tensors': 56}
2026-08-25 05:58:05,677 [INFO]     [4 | both | 1](candidate_pairs: 27/27 | new_swaps: 0 | total: 0) -> {'max_bond': 32, 'max_links': 4, 'total_elems': 10084, 'total_shapes': 818, 'total_links': 222, 'num_tensors': 56}
2026-08-25 05:58:05,705 [INFO]     [4 | left | 0](candidate_pairs: 28/28 | new_swaps: 0 | total: 0) -> {'max_bond': 32, 'max_links': 4, 'total_elems': 10084, 'total_shapes': 818, 'total_links': 222, 'num_tensors': 56}
2026-08-25 05:58:05,733 [INFO]     [4 | left | 1](candidate_pairs: 27/27 | new_swaps: 0 | total: 0) -> {'max_bond': 32, 'max_links': 4, 'total_elems': 10084, 'total_shapes': 818, 'total_links': 222, 'num_tensors': 56}
2026-08-25 05:58:05,761 [INFO]     [4 | right | 0](candidate_pairs: 28/28 | new_swaps: 0 | total: 0) -> {'max_bond': 32, 'max_links': 4, 'total_elems': 10084, 'total_shapes': 818, 'total_links': 222, 'num_tensors': 56}
2026-08-25 05:58:05,789 [INFO]     [4 | right | 1](candidate_pairs: 27/27 | new_swaps: 0 | total: 0) -> {'max_bond': 32, 'max_links': 4, 'total_elems': 10084, 'total_shapes': 818, 'total_links': 222, 'num_tensors': 56}
2026-08-25 05:58:05,789 [INFO]     [end unswap] -> {'max_bond': 32, 'max_links': 4, 'total_elems': 10084, 'total_shapes': 818, 'total_links': 222, 'num_tensors': 56}
2026-08-25 05:58:05,790 [INFO] [start rewire](phase=post_unswap, cycle=17, side=left, layers=1394, trials=20, seed=123, parallel=False, route_candidates=1, route_score=none)
2026-08-25 05:58:07,967 [INFO] [end rewire](phase=post_unswap, cycle=17, side=left, routed_layers=1456, elapsed_s=2.18)
2026-08-25 05:58:07,967 [INFO] [start rewire](phase=post_unswap, cycle=17, side=right, layers=1538, trials=20, seed=123, parallel=False, route_candidates=1, route_score=none)
2026-08-25 05:58:09,885 [INFO] [end rewire](phase=post_unswap, cycle=17, side=right, routed_layers=1544, elapsed_s=1.92)
2026-08-25 05:58:09,988 [INFO] [1L/1454](swap: 15, u: 0 | c_u: 0 | t_u_l: 33/942 | t_u_r: 65/943 | t_u: 98/1885) -> {'max_bond': 32, 'max_links': 4, 'total_elems': 10084, 'total_shapes': 818, 'total_links': 222, 'num_tensors': 56}
2026-08-25 05:58:10,055 [INFO] [1R/1542](swap: 10, u: 0 | c_u: 0 | t_u_l: 33/942 | t_u_r: 65/943 | t_u: 98/1885) -> {'max_bond': 32, 'max_links': 4, 'total_elems': 12632, 'total_shapes': 932, 'total_links': 222, 'num_tensors': 56}
2026-08-25 05:58:10,125 [INFO] [2R/1542](swap: 8, u: 0 | c_u: 0 | t_u_l: 33/942 | t_u_r: 65/943 | t_u: 98/1885) -> {'max_bond': 32, 'max_links': 4, 'total_elems': 15520, 'total_shapes': 1022, 'total_links': 222, 'num_tensors': 56}
2026-08-25 05:58:10,197 [INFO] [3R/1542](swap: 6, u: 0 | c_u: 0 | t_u_l: 33/942 | t_u_r: 65/943 | t_u: 98/1885) -> {'max_bond': 32, 'max_links': 4, 'total_elems': 19288, 'total_shapes': 1136, 'total_links': 222, 'num_tensors': 56}
2026-08-25 05:58:10,271 [INFO] [4R/1542](swap: 6, u: 0 | c_u: 0 | t_u_l: 33/942 | t_u_r: 65/943 | t_u: 98/1885) -> {'max_bond': 32, 'max_links': 4, 'total_elems': 23912, 'total_shapes': 1224, 'total_links': 222, 'num_tensors': 56}
2026-08-25 05:58:10,348 [INFO] [5R/1542](swap: 5, u: 0 | c_u: 0 | t_u_l: 33/942 | t_u_r: 65/943 | t_u: 98/1885) -> {'max_bond': 48, 'max_links': 4, 'total_elems': 30776, 'total_shapes': 1332, 'total_links': 222, 'num_tensors': 56}
2026-08-25 05:58:10,436 [INFO] [2L/1454](swap: 16, u: 0 | c_u: 0 | t_u_l: 33/942 | t_u_r: 65/943 | t_u: 98/1885) -> {'max_bond': 64, 'max_links': 4, 'total_elems': 50972, 'total_shapes': 1616, 'total_links': 222, 'num_tensors': 56}
2026-08-25 05:58:10,544 [INFO] [6R/1542](swap: 5, u: 0 | c_u: 0 | t_u_l: 33/942 | t_u_r: 65/943 | t_u: 98/1885) -> {'max_bond': 64, 'max_links': 4, 'total_elems': 74012, 'total_shapes': 1828, 'total_links': 222, 'num_tensors': 56}
2026-08-25 05:58:10,707 [INFO] [7R/1542](swap: 6, u: 0 | c_u: 0 | t_u_l: 33/942 | t_u_r: 65/943 | t_u: 98/1885) -> {'max_bond': 64, 'max_links': 4, 'total_elems': 107804, 'total_shapes': 2102, 'total_links': 222, 'num_tensors': 56}
2026-08-25 05:58:10,895 [INFO] [8R/1542](swap: 6, u: 0 | c_u: 0 | t_u_l: 33/942 | t_u_r: 65/943 | t_u: 98/1885) -> {'max_bond': 128, 'max_links': 4, 'total_elems': 147228, 'total_shapes': 2342, 'total_links': 222, 'num_tensors': 56}
2026-08-25 05:58:11,127 [INFO] [9R/1542](swap: 6, u: 0 | c_u: 0 | t_u_l: 33/942 | t_u_r: 65/943 | t_u: 98/1885) -> {'max_bond': 128, 'max_links': 4, 'total_elems': 180764, 'total_shapes': 2582, 'total_links': 222, 'num_tensors': 56}
2026-08-25 05:58:11,377 [INFO] [10R/1542](swap: 5, u: 0 | c_u: 0 | t_u_l: 33/942 | t_u_r: 65/943 | t_u: 98/1885) -> {'max_bond': 128, 'max_links': 4, 'total_elems': 207516, 'total_shapes': 2806, 'total_links': 222, 'num_tensors': 56}
2026-08-25 05:58:11,647 [INFO] [11R/1542](swap: 3, u: 2 | c_u: 2 | t_u_l: 33/942 | t_u_r: 67/943 | t_u: 100/1885) -> {'max_bond': 128, 'max_links': 4, 'total_elems': 242844, 'total_shapes': 2974, 'total_links': 222, 'num_tensors': 56}
2026-08-25 05:58:11,955 [INFO] [12R/1542](swap: 4, u: 1 | c_u: 3 | t_u_l: 33/942 | t_u_r: 68/943 | t_u: 101/1885) -> {'max_bond': 128, 'max_links': 4, 'total_elems': 251548, 'total_shapes': 3054, 'total_links': 222, 'num_tensors': 56}
2026-08-25 05:58:12,277 [INFO] [13R/1542](swap: 4, u: 0 | c_u: 3 | t_u_l: 33/942 | t_u_r: 68/943 | t_u: 101/1885) -> {'max_bond': 128, 'max_links': 4, 'total_elems': 273180, 'total_shapes': 3222, 'total_links': 222, 'num_tensors': 56}
2026-08-25 05:58:12,656 [INFO] [14R/1542](swap: 6, u: 0 | c_u: 3 | t_u_l: 33/942 | t_u_r: 68/943 | t_u: 101/1885) -> {'max_bond': 128, 'max_links': 4, 'total_elems': 340764, 'total_shapes': 3622, 'total_links': 222, 'num_tensors': 56}
2026-08-25 05:58:13,120 [INFO] [15R/1542](swap: 5, u: 1 | c_u: 4 | t_u_l: 33/942 | t_u_r: 69/943 | t_u: 102/1885) -> {'max_bond': 128, 'max_links': 4, 'total_elems': 424220, 'total_shapes': 4068, 'total_links': 222, 'num_tensors': 56}
2026-08-25 05:58:13,697 [INFO]     [start unswap] -> {'max_bond': 128, 'max_links': 4, 'total_elems': 424220, 'total_shapes': 4068, 'total_links': 222, 'num_tensors': 56}
2026-08-25 05:58:16,182 [INFO]     [0 | both | 0](candidate_pairs: 28/28 | new_swaps: 3 | total: 3) -> {'max_bond': 128, 'max_links': 4, 'total_elems': 556088, 'total_shapes': 4670, 'total_links': 222, 'num_tensors': 56}
2026-08-25 05:58:18,080 [INFO]     [0 | both | 1](candidate_pairs: 27/27 | new_swaps: 7 | total: 10) -> {'max_bond': 128, 'max_links': 4, 'total_elems': 471192, 'total_shapes': 4230, 'total_links': 222, 'num_tensors': 56}
2026-08-25 05:58:18,837 [INFO]     [0 | left | 0](candidate_pairs: 28/28 | new_swaps: 10 | total: 20) -> {'max_bond': 128, 'max_links': 4, 'total_elems': 346396, 'total_shapes': 3624, 'total_links': 222, 'num_tensors': 56}
2026-08-25 05:58:19,403 [INFO]     [0 | left | 1](candidate_pairs: 27/27 | new_swaps: 12 | total: 32) -> {'max_bond': 128, 'max_links': 4, 'total_elems': 244732, 'total_shapes': 3070, 'total_links': 222, 'num_tensors': 56}
2026-08-25 05:58:19,750 [INFO]     [0 | right | 0](candidate_pairs: 28/28 | new_swaps: 7 | total: 39) -> {'max_bond': 128, 'max_links': 4, 'total_elems': 202084, 'total_shapes': 2746, 'total_links': 222, 'num_tensors': 56}
2026-08-25 05:58:20,081 [INFO]     [0 | right | 1](candidate_pairs: 27/27 | new_swaps: 8 | total: 47) -> {'max_bond': 128, 'max_links': 4, 'total_elems': 159972, 'total_shapes': 2442, 'total_links': 222, 'num_tensors': 56}
2026-08-25 05:58:20,599 [INFO]     [1 | both | 0](candidate_pairs: 28/28 | new_swaps: 8 | total: 8) -> {'max_bond': 128, 'max_links': 4, 'total_elems': 115856, 'total_shapes': 2116, 'total_links': 222, 'num_tensors': 56}
2026-08-25 05:58:20,978 [INFO]     [1 | both | 1](candidate_pairs: 27/27 | new_swaps: 7 | total: 15) -> {'max_bond': 64, 'max_links': 4, 'total_elems': 63112, 'total_shapes': 1776, 'total_links': 222, 'num_tensors': 56}
2026-08-25 05:58:21,104 [INFO]     [1 | left | 0](candidate_pairs: 28/28 | new_swaps: 4 | total: 19) -> {'max_bond': 64, 'max_links': 4, 'total_elems': 52776, 'total_shapes': 1642, 'total_links': 222, 'num_tensors': 56}
2026-08-25 05:58:21,226 [INFO]     [1 | left | 1](candidate_pairs: 27/27 | new_swaps: 4 | total: 23) -> {'max_bond': 64, 'max_links': 4, 'total_elems': 44072, 'total_shapes': 1546, 'total_links': 222, 'num_tensors': 56}
2026-08-25 05:58:21,330 [INFO]     [1 | right | 0](candidate_pairs: 28/28 | new_swaps: 7 | total: 30) -> {'max_bond': 64, 'max_links': 4, 'total_elems': 36584, 'total_shapes': 1362, 'total_links': 222, 'num_tensors': 56}
2026-08-25 05:58:21,419 [INFO]     [1 | right | 1](candidate_pairs: 27/27 | new_swaps: 3 | total: 33) -> {'max_bond': 64, 'max_links': 4, 'total_elems': 35432, 'total_shapes': 1330, 'total_links': 222, 'num_tensors': 56}
2026-08-25 05:58:21,583 [INFO]     [2 | both | 0](candidate_pairs: 28/28 | new_swaps: 1 | total: 1) -> {'max_bond': 64, 'max_links': 4, 'total_elems': 34664, 'total_shapes': 1314, 'total_links': 222, 'num_tensors': 56}
2026-08-25 05:58:21,748 [INFO]     [2 | both | 1](candidate_pairs: 27/27 | new_swaps: 2 | total: 3) -> {'max_bond': 64, 'max_links': 4, 'total_elems': 33848, 'total_shapes': 1294, 'total_links': 222, 'num_tensors': 56}
2026-08-25 05:58:21,835 [INFO]     [2 | left | 0](candidate_pairs: 28/28 | new_swaps: 1 | total: 4) -> {'max_bond': 64, 'max_links': 4, 'total_elems': 33464, 'total_shapes': 1278, 'total_links': 222, 'num_tensors': 56}
2026-08-25 05:58:21,909 [INFO]     [2 | left | 1](candidate_pairs: 27/27 | new_swaps: 1 | total: 5) -> {'max_bond': 64, 'max_links': 4, 'total_elems': 33208, 'total_shapes': 1270, 'total_links': 222, 'num_tensors': 56}
2026-08-25 05:58:21,985 [INFO]     [2 | right | 0](candidate_pairs: 28/28 | new_swaps: 1 | total: 6) -> {'max_bond': 64, 'max_links': 4, 'total_elems': 33016, 'total_shapes': 1258, 'total_links': 222, 'num_tensors': 56}
2026-08-25 05:58:22,032 [INFO]     [2 | right | 1](candidate_pairs: 27/27 | new_swaps: 0 | total: 6) -> {'max_bond': 64, 'max_links': 4, 'total_elems': 33016, 'total_shapes': 1258, 'total_links': 222, 'num_tensors': 56}
2026-08-25 05:58:22,203 [INFO]     [3 | both | 0](candidate_pairs: 28/28 | new_swaps: 2 | total: 2) -> {'max_bond': 64, 'max_links': 4, 'total_elems': 32812, 'total_shapes': 1248, 'total_links': 222, 'num_tensors': 56}
2026-08-25 05:58:22,352 [INFO]     [3 | both | 1](candidate_pairs: 27/27 | new_swaps: 1 | total: 3) -> {'max_bond': 64, 'max_links': 4, 'total_elems': 32764, 'total_shapes': 1244, 'total_links': 222, 'num_tensors': 56}
2026-08-25 05:58:22,403 [INFO]     [3 | left | 0](candidate_pairs: 28/28 | new_swaps: 0 | total: 3) -> {'max_bond': 64, 'max_links': 4, 'total_elems': 32764, 'total_shapes': 1244, 'total_links': 222, 'num_tensors': 56}
2026-08-25 05:58:22,476 [INFO]     [3 | left | 1](candidate_pairs: 27/27 | new_swaps: 1 | total: 4) -> {'max_bond': 64, 'max_links': 4, 'total_elems': 32572, 'total_shapes': 1236, 'total_links': 222, 'num_tensors': 56}
2026-08-25 05:58:22,525 [INFO]     [3 | right | 0](candidate_pairs: 28/28 | new_swaps: 0 | total: 4) -> {'max_bond': 64, 'max_links': 4, 'total_elems': 32572, 'total_shapes': 1236, 'total_links': 222, 'num_tensors': 56}
2026-08-25 05:58:22,571 [INFO]     [3 | right | 1](candidate_pairs: 27/27 | new_swaps: 0 | total: 4) -> {'max_bond': 64, 'max_links': 4, 'total_elems': 32572, 'total_shapes': 1236, 'total_links': 222, 'num_tensors': 56}
2026-08-25 05:58:22,729 [INFO]     [4 | both | 0](candidate_pairs: 28/28 | new_swaps: 1 | total: 1) -> {'max_bond': 64, 'max_links': 4, 'total_elems': 32380, 'total_shapes': 1228, 'total_links': 222, 'num_tensors': 56}
2026-08-25 05:58:22,888 [INFO]     [4 | both | 1](candidate_pairs: 27/27 | new_swaps: 1 | total: 2) -> {'max_bond': 64, 'max_links': 4, 'total_elems': 32188, 'total_shapes': 1220, 'total_links': 222, 'num_tensors': 56}
2026-08-25 05:58:22,938 [INFO]     [4 | left | 0](candidate_pairs: 28/28 | new_swaps: 0 | total: 2) -> {'max_bond': 64, 'max_links': 4, 'total_elems': 32188, 'total_shapes': 1220, 'total_links': 222, 'num_tensors': 56}
2026-08-25 05:58:22,985 [INFO]     [4 | left | 1](candidate_pairs: 27/27 | new_swaps: 0 | total: 2) -> {'max_bond': 64, 'max_links': 4, 'total_elems': 32188, 'total_shapes': 1220, 'total_links': 222, 'num_tensors': 56}
2026-08-25 05:58:23,034 [INFO]     [4 | right | 0](candidate_pairs: 28/28 | new_swaps: 0 | total: 2) -> {'max_bond': 64, 'max_links': 4, 'total_elems': 32188, 'total_shapes': 1220, 'total_links': 222, 'num_tensors': 56}
2026-08-25 05:58:23,080 [INFO]     [4 | right | 1](candidate_pairs: 27/27 | new_swaps: 0 | total: 2) -> {'max_bond': 64, 'max_links': 4, 'total_elems': 32188, 'total_shapes': 1220, 'total_links': 222, 'num_tensors': 56}
2026-08-25 05:58:23,249 [INFO]     [5 | both | 0](candidate_pairs: 28/28 | new_swaps: 1 | total: 1) -> {'max_bond': 64, 'max_links': 4, 'total_elems': 31996, 'total_shapes': 1208, 'total_links': 222, 'num_tensors': 56}
2026-08-25 05:58:23,345 [INFO]     [5 | both | 1](candidate_pairs: 27/27 | new_swaps: 0 | total: 1) -> {'max_bond': 64, 'max_links': 4, 'total_elems': 31996, 'total_shapes': 1208, 'total_links': 222, 'num_tensors': 56}
2026-08-25 05:58:23,395 [INFO]     [5 | left | 0](candidate_pairs: 28/28 | new_swaps: 0 | total: 1) -> {'max_bond': 64, 'max_links': 4, 'total_elems': 31996, 'total_shapes': 1208, 'total_links': 222, 'num_tensors': 56}
2026-08-25 05:58:23,441 [INFO]     [5 | left | 1](candidate_pairs: 27/27 | new_swaps: 0 | total: 1) -> {'max_bond': 64, 'max_links': 4, 'total_elems': 31996, 'total_shapes': 1208, 'total_links': 222, 'num_tensors': 56}
2026-08-25 05:58:23,491 [INFO]     [5 | right | 0](candidate_pairs: 28/28 | new_swaps: 0 | total: 1) -> {'max_bond': 64, 'max_links': 4, 'total_elems': 31996, 'total_shapes': 1208, 'total_links': 222, 'num_tensors': 56}
2026-08-25 05:58:23,536 [INFO]     [5 | right | 1](candidate_pairs: 27/27 | new_swaps: 0 | total: 1) -> {'max_bond': 64, 'max_links': 4, 'total_elems': 31996, 'total_shapes': 1208, 'total_links': 222, 'num_tensors': 56}
2026-08-25 05:58:23,643 [INFO]     [6 | both | 0](candidate_pairs: 28/28 | new_swaps: 0 | total: 0) -> {'max_bond': 64, 'max_links': 4, 'total_elems': 31996, 'total_shapes': 1208, 'total_links': 222, 'num_tensors': 56}
2026-08-25 05:58:23,739 [INFO]     [6 | both | 1](candidate_pairs: 27/27 | new_swaps: 0 | total: 0) -> {'max_bond': 64, 'max_links': 4, 'total_elems': 31996, 'total_shapes': 1208, 'total_links': 222, 'num_tensors': 56}
2026-08-25 05:58:23,789 [INFO]     [6 | left | 0](candidate_pairs: 28/28 | new_swaps: 0 | total: 0) -> {'max_bond': 64, 'max_links': 4, 'total_elems': 31996, 'total_shapes': 1208, 'total_links': 222, 'num_tensors': 56}
2026-08-25 05:58:23,835 [INFO]     [6 | left | 1](candidate_pairs: 27/27 | new_swaps: 0 | total: 0) -> {'max_bond': 64, 'max_links': 4, 'total_elems': 31996, 'total_shapes': 1208, 'total_links': 222, 'num_tensors': 56}
2026-08-25 05:58:23,884 [INFO]     [6 | right | 0](candidate_pairs: 28/28 | new_swaps: 0 | total: 0) -> {'max_bond': 64, 'max_links': 4, 'total_elems': 31996, 'total_shapes': 1208, 'total_links': 222, 'num_tensors': 56}
2026-08-25 05:58:23,930 [INFO]     [6 | right | 1](candidate_pairs: 27/27 | new_swaps: 0 | total: 0) -> {'max_bond': 64, 'max_links': 4, 'total_elems': 31996, 'total_shapes': 1208, 'total_links': 222, 'num_tensors': 56}
2026-08-25 05:58:23,931 [INFO]     [end unswap] -> {'max_bond': 64, 'max_links': 4, 'total_elems': 31996, 'total_shapes': 1208, 'total_links': 222, 'num_tensors': 56}
2026-08-25 05:58:23,968 [INFO] [start rewire](phase=post_unswap, cycle=18, side=left, layers=1454, trials=20, seed=123, parallel=False, route_candidates=1, route_score=none)
2026-08-25 05:58:26,202 [INFO] [end rewire](phase=post_unswap, cycle=18, side=left, routed_layers=1418, elapsed_s=2.23)
2026-08-25 05:58:26,202 [INFO] [start rewire](phase=post_unswap, cycle=18, side=right, layers=1529, trials=20, seed=123, parallel=False, route_candidates=1, route_score=none)
2026-08-25 05:58:27,540 [INFO] [end rewire](phase=post_unswap, cycle=18, side=right, routed_layers=1581, elapsed_s=1.34)
2026-08-25 05:58:27,663 [INFO] [1L/1416](swap: 10, u: 0 | c_u: 0 | t_u_l: 33/942 | t_u_r: 69/943 | t_u: 102/1885) -> {'max_bond': 64, 'max_links': 4, 'total_elems': 31996, 'total_shapes': 1208, 'total_links': 222, 'num_tensors': 56}
2026-08-25 05:58:27,752 [INFO] [1R/1579](swap: 7, u: 0 | c_u: 0 | t_u_l: 33/942 | t_u_r: 69/943 | t_u: 102/1885) -> {'max_bond': 64, 'max_links': 4, 'total_elems': 49104, 'total_shapes': 1384, 'total_links': 222, 'num_tensors': 56}
2026-08-25 05:58:27,842 [INFO] [2L/1416](swap: 11, u: 0 | c_u: 0 | t_u_l: 33/942 | t_u_r: 69/943 | t_u: 102/1885) -> {'max_bond': 64, 'max_links': 4, 'total_elems': 51876, 'total_shapes': 1458, 'total_links': 222, 'num_tensors': 56}
2026-08-25 05:58:27,933 [INFO] [2R/1579](swap: 7, u: 0 | c_u: 0 | t_u_l: 33/942 | t_u_r: 69/943 | t_u: 102/1885) -> {'max_bond': 64, 'max_links': 4, 'total_elems': 55188, 'total_shapes': 1550, 'total_links': 222, 'num_tensors': 56}
2026-08-25 05:58:28,028 [INFO] [3R/1579](swap: 7, u: 1 | c_u: 1 | t_u_l: 33/942 | t_u_r: 70/943 | t_u: 103/1885) -> {'max_bond': 64, 'max_links': 4, 'total_elems': 67900, 'total_shapes': 1758, 'total_links': 222, 'num_tensors': 56}
2026-08-25 05:58:28,133 [INFO] [3L/1416](swap: 10, u: 0 | c_u: 1 | t_u_l: 33/942 | t_u_r: 70/943 | t_u: 103/1885) -> {'max_bond': 64, 'max_links': 4, 'total_elems': 80568, 'total_shapes': 1888, 'total_links': 222, 'num_tensors': 56}
2026-08-25 05:58:28,261 [INFO] [4R/1579](swap: 8, u: 0 | c_u: 1 | t_u_l: 33/942 | t_u_r: 70/943 | t_u: 103/1885) -> {'max_bond': 64, 'max_links': 4, 'total_elems': 109176, 'total_shapes': 2224, 'total_links': 222, 'num_tensors': 56}
2026-08-25 05:58:28,426 [INFO] [5R/1579](swap: 7, u: 0 | c_u: 1 | t_u_l: 33/942 | t_u_r: 70/943 | t_u: 103/1885) -> {'max_bond': 127, 'max_links': 4, 'total_elems': 169336, 'total_shapes': 2654, 'total_links': 222, 'num_tensors': 56}
2026-08-25 05:58:28,682 [INFO] [4L/1416](swap: 11, u: 0 | c_u: 1 | t_u_l: 33/942 | t_u_r: 70/943 | t_u: 103/1885) -> {'max_bond': 128, 'max_links': 4, 'total_elems': 260416, 'total_shapes': 3058, 'total_links': 222, 'num_tensors': 56}
2026-08-25 05:58:29,062 [INFO]     [start unswap] -> {'max_bond': 128, 'max_links': 4, 'total_elems': 260416, 'total_shapes': 3058, 'total_links': 222, 'num_tensors': 56}
2026-08-25 05:58:30,838 [INFO]     [0 | both | 0](candidate_pairs: 28/28 | new_swaps: 6 | total: 6) -> {'max_bond': 256, 'max_links': 4, 'total_elems': 324416, 'total_shapes': 3106, 'total_links': 222, 'num_tensors': 56}
2026-08-25 05:58:31,641 [INFO]     [0 | both | 1](candidate_pairs: 27/27 | new_swaps: 7 | total: 13) -> {'max_bond': 128, 'max_links': 4, 'total_elems': 196544, 'total_shapes': 2434, 'total_links': 222, 'num_tensors': 56}
2026-08-25 05:58:32,017 [INFO]     [0 | left | 0](candidate_pairs: 28/28 | new_swaps: 11 | total: 24) -> {'max_bond': 128, 'max_links': 4, 'total_elems': 111520, 'total_shapes': 2048, 'total_links': 222, 'num_tensors': 56}
2026-08-25 05:58:32,211 [INFO]     [0 | left | 1](candidate_pairs: 27/27 | new_swaps: 13 | total: 37) -> {'max_bond': 64, 'max_links': 4, 'total_elems': 49208, 'total_shapes': 1548, 'total_links': 222, 'num_tensors': 56}
2026-08-25 05:58:32,310 [INFO]     [0 | right | 0](candidate_pairs: 28/28 | new_swaps: 6 | total: 43) -> {'max_bond': 64, 'max_links': 4, 'total_elems': 46688, 'total_shapes': 1468, 'total_links': 222, 'num_tensors': 56}
2026-08-25 05:58:32,424 [INFO]     [0 | right | 1](candidate_pairs: 27/27 | new_swaps: 2 | total: 45) -> {'max_bond': 64, 'max_links': 4, 'total_elems': 45600, 'total_shapes': 1436, 'total_links': 222, 'num_tensors': 56}
2026-08-25 05:58:32,617 [INFO]     [1 | both | 0](candidate_pairs: 28/28 | new_swaps: 9 | total: 9) -> {'max_bond': 64, 'max_links': 4, 'total_elems': 35180, 'total_shapes': 1256, 'total_links': 222, 'num_tensors': 56}
2026-08-25 05:58:32,786 [INFO]     [1 | both | 1](candidate_pairs: 27/27 | new_swaps: 4 | total: 13) -> {'max_bond': 64, 'max_links': 4, 'total_elems': 32092, 'total_shapes': 1180, 'total_links': 222, 'num_tensors': 56}
2026-08-25 05:58:32,869 [INFO]     [1 | left | 0](candidate_pairs: 28/28 | new_swaps: 2 | total: 15) -> {'max_bond': 64, 'max_links': 4, 'total_elems': 31648, 'total_shapes': 1158, 'total_links': 222, 'num_tensors': 56}
2026-08-25 05:58:32,955 [INFO]     [1 | left | 1](candidate_pairs: 27/27 | new_swaps: 3 | total: 18) -> {'max_bond': 64, 'max_links': 4, 'total_elems': 30840, 'total_shapes': 1134, 'total_links': 222, 'num_tensors': 56}
2026-08-25 05:58:33,036 [INFO]     [1 | right | 0](candidate_pairs: 28/28 | new_swaps: 3 | total: 21) -> {'max_bond': 64, 'max_links': 4, 'total_elems': 30464, 'total_shapes': 1110, 'total_links': 222, 'num_tensors': 56}
2026-08-25 05:58:33,084 [INFO]     [1 | right | 1](candidate_pairs: 27/27 | new_swaps: 0 | total: 21) -> {'max_bond': 64, 'max_links': 4, 'total_elems': 30464, 'total_shapes': 1110, 'total_links': 222, 'num_tensors': 56}
2026-08-25 05:58:33,228 [INFO]     [2 | both | 0](candidate_pairs: 28/28 | new_swaps: 1 | total: 1) -> {'max_bond': 64, 'max_links': 4, 'total_elems': 30304, 'total_shapes': 1102, 'total_links': 222, 'num_tensors': 56}
2026-08-25 05:58:33,387 [INFO]     [2 | both | 1](candidate_pairs: 27/27 | new_swaps: 1 | total: 2) -> {'max_bond': 64, 'max_links': 4, 'total_elems': 30112, 'total_shapes': 1090, 'total_links': 222, 'num_tensors': 56}
2026-08-25 05:58:33,457 [INFO]     [2 | left | 0](candidate_pairs: 28/28 | new_swaps: 1 | total: 3) -> {'max_bond': 64, 'max_links': 4, 'total_elems': 29472, 'total_shapes': 1074, 'total_links': 222, 'num_tensors': 56}
2026-08-25 05:58:33,529 [INFO]     [2 | left | 1](candidate_pairs: 27/27 | new_swaps: 1 | total: 4) -> {'max_bond': 64, 'max_links': 4, 'total_elems': 29280, 'total_shapes': 1066, 'total_links': 222, 'num_tensors': 56}
2026-08-25 05:58:33,573 [INFO]     [2 | right | 0](candidate_pairs: 28/28 | new_swaps: 0 | total: 4) -> {'max_bond': 64, 'max_links': 4, 'total_elems': 29280, 'total_shapes': 1066, 'total_links': 222, 'num_tensors': 56}
2026-08-25 05:58:33,619 [INFO]     [2 | right | 1](candidate_pairs: 27/27 | new_swaps: 0 | total: 4) -> {'max_bond': 64, 'max_links': 4, 'total_elems': 29280, 'total_shapes': 1066, 'total_links': 222, 'num_tensors': 56}
2026-08-25 05:58:33,711 [INFO]     [3 | both | 0](candidate_pairs: 28/28 | new_swaps: 0 | total: 0) -> {'max_bond': 64, 'max_links': 4, 'total_elems': 29280, 'total_shapes': 1066, 'total_links': 222, 'num_tensors': 56}
2026-08-25 05:58:33,808 [INFO]     [3 | both | 1](candidate_pairs: 27/27 | new_swaps: 0 | total: 0) -> {'max_bond': 64, 'max_links': 4, 'total_elems': 29280, 'total_shapes': 1066, 'total_links': 222, 'num_tensors': 56}
2026-08-25 05:58:33,854 [INFO]     [3 | left | 0](candidate_pairs: 28/28 | new_swaps: 0 | total: 0) -> {'max_bond': 64, 'max_links': 4, 'total_elems': 29280, 'total_shapes': 1066, 'total_links': 222, 'num_tensors': 56}
2026-08-25 05:58:33,900 [INFO]     [3 | left | 1](candidate_pairs: 27/27 | new_swaps: 0 | total: 0) -> {'max_bond': 64, 'max_links': 4, 'total_elems': 29280, 'total_shapes': 1066, 'total_links': 222, 'num_tensors': 56}
2026-08-25 05:58:33,944 [INFO]     [3 | right | 0](candidate_pairs: 28/28 | new_swaps: 0 | total: 0) -> {'max_bond': 64, 'max_links': 4, 'total_elems': 29280, 'total_shapes': 1066, 'total_links': 222, 'num_tensors': 56}
2026-08-25 05:58:33,990 [INFO]     [3 | right | 1](candidate_pairs: 27/27 | new_swaps: 0 | total: 0) -> {'max_bond': 64, 'max_links': 4, 'total_elems': 29280, 'total_shapes': 1066, 'total_links': 222, 'num_tensors': 56}
2026-08-25 05:58:33,991 [INFO]     [end unswap] -> {'max_bond': 64, 'max_links': 4, 'total_elems': 29280, 'total_shapes': 1066, 'total_links': 222, 'num_tensors': 56}
2026-08-25 05:58:33,992 [INFO] [start rewire](phase=post_unswap, cycle=19, side=left, layers=1414, trials=20, seed=123, parallel=False, route_candidates=1, route_score=none)
2026-08-25 05:58:36,743 [INFO] [end rewire](phase=post_unswap, cycle=19, side=left, routed_layers=1553, elapsed_s=2.75)
2026-08-25 05:58:36,743 [INFO] [start rewire](phase=post_unswap, cycle=19, side=right, layers=1576, trials=20, seed=123, parallel=False, route_candidates=1, route_score=none)
2026-08-25 05:58:38,120 [INFO] [end rewire](phase=post_unswap, cycle=19, side=right, routed_layers=1660, elapsed_s=1.38)
2026-08-25 05:58:38,235 [INFO] [1L/1551](swap: 12, u: 0 | c_u: 0 | t_u_l: 33/942 | t_u_r: 70/943 | t_u: 103/1885) -> {'max_bond': 64, 'max_links': 4, 'total_elems': 29280, 'total_shapes': 1066, 'total_links': 222, 'num_tensors': 56}
2026-08-25 05:58:38,315 [INFO] [1R/1658](swap: 6, u: 0 | c_u: 0 | t_u_l: 33/942 | t_u_r: 70/943 | t_u: 103/1885) -> {'max_bond': 64, 'max_links': 4, 'total_elems': 30536, 'total_shapes': 1132, 'total_links': 222, 'num_tensors': 56}
2026-08-25 05:58:38,395 [INFO] [2R/1658](swap: 5, u: 0 | c_u: 0 | t_u_l: 33/942 | t_u_r: 70/943 | t_u: 103/1885) -> {'max_bond': 64, 'max_links': 4, 'total_elems': 32904, 'total_shapes': 1220, 'total_links': 222, 'num_tensors': 56}
2026-08-25 05:58:38,477 [INFO] [3R/1658](swap: 6, u: 0 | c_u: 0 | t_u_l: 33/942 | t_u_r: 70/943 | t_u: 103/1885) -> {'max_bond': 64, 'max_links': 4, 'total_elems': 36296, 'total_shapes': 1308, 'total_links': 222, 'num_tensors': 56}
2026-08-25 05:58:38,562 [INFO] [2L/1551](swap: 13, u: 0 | c_u: 0 | t_u_l: 33/942 | t_u_r: 70/943 | t_u: 103/1885) -> {'max_bond': 64, 'max_links': 4, 'total_elems': 44916, 'total_shapes': 1478, 'total_links': 222, 'num_tensors': 56}
2026-08-25 05:58:38,656 [INFO] [4R/1658](swap: 7, u: 0 | c_u: 0 | t_u_l: 33/942 | t_u_r: 70/943 | t_u: 103/1885) -> {'max_bond': 64, 'max_links': 4, 'total_elems': 58228, 'total_shapes': 1726, 'total_links': 222, 'num_tensors': 56}
2026-08-25 05:58:38,769 [INFO] [5R/1658](swap: 6, u: 0 | c_u: 0 | t_u_l: 33/942 | t_u_r: 70/943 | t_u: 103/1885) -> {'max_bond': 64, 'max_links': 4, 'total_elems': 90868, 'total_shapes': 2062, 'total_links': 222, 'num_tensors': 56}
2026-08-25 05:58:38,925 [INFO] [3L/1551](swap: 16, u: 0 | c_u: 0 | t_u_l: 33/942 | t_u_r: 70/943 | t_u: 103/1885) -> {'max_bond': 64, 'max_links': 4, 'total_elems': 137744, 'total_shapes': 2470, 'total_links': 222, 'num_tensors': 56}
2026-08-25 05:58:39,162 [INFO] [6R/1658](swap: 6, u: 0 | c_u: 0 | t_u_l: 33/942 | t_u_r: 70/943 | t_u: 103/1885) -> {'max_bond': 128, 'max_links': 4, 'total_elems': 225072, 'total_shapes': 3022, 'total_links': 222, 'num_tensors': 56}
2026-08-25 05:58:39,587 [INFO] [4L/1551](swap: 13, u: 1 | c_u: 1 | t_u_l: 34/942 | t_u_r: 70/943 | t_u: 104/1885) -> {'max_bond': 128, 'max_links': 4, 'total_elems': 500088, 'total_shapes': 4204, 'total_links': 222, 'num_tensors': 56}
2026-08-25 05:58:40,484 [INFO]     [start unswap] -> {'max_bond': 128, 'max_links': 4, 'total_elems': 500088, 'total_shapes': 4204, 'total_links': 222, 'num_tensors': 56}
2026-08-25 05:58:46,333 [INFO]     [0 | both | 0](candidate_pairs: 28/28 | new_swaps: 5 | total: 5) -> {'max_bond': 508, 'max_links': 4, 'total_elems': 1037144, 'total_shapes': 5432, 'total_links': 222, 'num_tensors': 56}
2026-08-25 05:58:49,064 [INFO]     [0 | both | 1](candidate_pairs: 27/27 | new_swaps: 10 | total: 15) -> {'max_bond': 128, 'max_links': 4, 'total_elems': 299608, 'total_shapes': 3456, 'total_links': 222, 'num_tensors': 56}
2026-08-25 05:58:49,536 [INFO]     [0 | left | 0](candidate_pairs: 28/28 | new_swaps: 16 | total: 31) -> {'max_bond': 128, 'max_links': 4, 'total_elems': 182264, 'total_shapes': 2656, 'total_links': 222, 'num_tensors': 56}
2026-08-25 05:58:49,828 [INFO]     [0 | left | 1](candidate_pairs: 27/27 | new_swaps: 11 | total: 42) -> {'max_bond': 128, 'max_links': 4, 'total_elems': 111016, 'total_shapes': 2204, 'total_links': 222, 'num_tensors': 56}
2026-08-25 05:58:49,998 [INFO]     [0 | right | 0](candidate_pairs: 28/28 | new_swaps: 5 | total: 47) -> {'max_bond': 64, 'max_links': 4, 'total_elems': 71848, 'total_shapes': 1812, 'total_links': 222, 'num_tensors': 56}
2026-08-25 05:58:50,142 [INFO]     [0 | right | 1](candidate_pairs: 27/27 | new_swaps: 9 | total: 56) -> {'max_bond': 64, 'max_links': 4, 'total_elems': 55104, 'total_shapes': 1628, 'total_links': 222, 'num_tensors': 56}
2026-08-25 05:58:50,347 [INFO]     [1 | both | 0](candidate_pairs: 28/28 | new_swaps: 7 | total: 7) -> {'max_bond': 64, 'max_links': 4, 'total_elems': 42596, 'total_shapes': 1418, 'total_links': 222, 'num_tensors': 56}
2026-08-25 05:58:50,533 [INFO]     [1 | both | 1](candidate_pairs: 27/27 | new_swaps: 4 | total: 11) -> {'max_bond': 64, 'max_links': 4, 'total_elems': 36980, 'total_shapes': 1346, 'total_links': 222, 'num_tensors': 56}
2026-08-25 05:58:50,609 [INFO]     [1 | left | 0](candidate_pairs: 28/28 | new_swaps: 2 | total: 13) -> {'max_bond': 32, 'max_links': 4, 'total_elems': 30668, 'total_shapes': 1274, 'total_links': 222, 'num_tensors': 56}
2026-08-25 05:58:50,697 [INFO]     [1 | left | 1](candidate_pairs: 27/27 | new_swaps: 4 | total: 17) -> {'max_bond': 32, 'max_links': 4, 'total_elems': 26180, 'total_shapes': 1202, 'total_links': 222, 'num_tensors': 56}
2026-08-25 05:58:50,774 [INFO]     [1 | right | 0](candidate_pairs: 28/28 | new_swaps: 4 | total: 21) -> {'max_bond': 32, 'max_links': 4, 'total_elems': 22772, 'total_shapes': 1134, 'total_links': 222, 'num_tensors': 56}
2026-08-25 05:58:51,845 [INFO]     [1 | right | 1](candidate_pairs: 27/27 | new_swaps: 3 | total: 24) -> {'max_bond': 32, 'max_links': 4, 'total_elems': 21356, 'total_shapes': 1096, 'total_links': 222, 'num_tensors': 56}
2026-08-25 05:58:51,982 [INFO]     [2 | both | 0](candidate_pairs: 28/28 | new_swaps: 2 | total: 2) -> {'max_bond': 32, 'max_links': 4, 'total_elems': 20780, 'total_shapes': 1072, 'total_links': 222, 'num_tensors': 56}
2026-08-25 05:58:52,124 [INFO]     [2 | both | 1](candidate_pairs: 27/27 | new_swaps: 2 | total: 4) -> {'max_bond': 32, 'max_links': 4, 'total_elems': 20640, 'total_shapes': 1062, 'total_links': 222, 'num_tensors': 56}
2026-08-25 05:58:52,199 [INFO]     [2 | left | 0](candidate_pairs: 28/28 | new_swaps: 2 | total: 6) -> {'max_bond': 32, 'max_links': 4, 'total_elems': 20412, 'total_shapes': 1048, 'total_links': 222, 'num_tensors': 56}
2026-08-25 05:58:52,238 [INFO]     [2 | left | 1](candidate_pairs: 27/27 | new_swaps: 0 | total: 6) -> {'max_bond': 32, 'max_links': 4, 'total_elems': 20412, 'total_shapes': 1048, 'total_links': 222, 'num_tensors': 56}
2026-08-25 05:58:52,309 [INFO]     [2 | right | 0](candidate_pairs: 28/28 | new_swaps: 1 | total: 7) -> {'max_bond': 32, 'max_links': 4, 'total_elems': 20220, 'total_shapes': 1040, 'total_links': 222, 'num_tensors': 56}
2026-08-25 05:58:52,381 [INFO]     [2 | right | 1](candidate_pairs: 27/27 | new_swaps: 2 | total: 9) -> {'max_bond': 32, 'max_links': 4, 'total_elems': 19900, 'total_shapes': 1024, 'total_links': 222, 'num_tensors': 56}
2026-08-25 05:58:52,457 [INFO]     [3 | both | 0](candidate_pairs: 28/28 | new_swaps: 0 | total: 0) -> {'max_bond': 32, 'max_links': 4, 'total_elems': 19900, 'total_shapes': 1024, 'total_links': 222, 'num_tensors': 56}
2026-08-25 05:58:52,538 [INFO]     [3 | both | 1](candidate_pairs: 27/27 | new_swaps: 0 | total: 0) -> {'max_bond': 32, 'max_links': 4, 'total_elems': 19900, 'total_shapes': 1024, 'total_links': 222, 'num_tensors': 56}
2026-08-25 05:58:52,575 [INFO]     [3 | left | 0](candidate_pairs: 28/28 | new_swaps: 0 | total: 0) -> {'max_bond': 32, 'max_links': 4, 'total_elems': 19900, 'total_shapes': 1024, 'total_links': 222, 'num_tensors': 56}
2026-08-25 05:58:52,613 [INFO]     [3 | left | 1](candidate_pairs: 27/27 | new_swaps: 0 | total: 0) -> {'max_bond': 32, 'max_links': 4, 'total_elems': 19900, 'total_shapes': 1024, 'total_links': 222, 'num_tensors': 56}
2026-08-25 05:58:52,682 [INFO]     [3 | right | 0](candidate_pairs: 28/28 | new_swaps: 1 | total: 1) -> {'max_bond': 32, 'max_links': 4, 'total_elems': 19804, 'total_shapes': 1018, 'total_links': 222, 'num_tensors': 56}
2026-08-25 05:58:52,719 [INFO]     [3 | right | 1](candidate_pairs: 27/27 | new_swaps: 0 | total: 1) -> {'max_bond': 32, 'max_links': 4, 'total_elems': 19804, 'total_shapes': 1018, 'total_links': 222, 'num_tensors': 56}
2026-08-25 05:58:52,796 [INFO]     [4 | both | 0](candidate_pairs: 28/28 | new_swaps: 0 | total: 0) -> {'max_bond': 32, 'max_links': 4, 'total_elems': 19804, 'total_shapes': 1018, 'total_links': 222, 'num_tensors': 56}
2026-08-25 05:58:52,876 [INFO]     [4 | both | 1](candidate_pairs: 27/27 | new_swaps: 0 | total: 0) -> {'max_bond': 32, 'max_links': 4, 'total_elems': 19804, 'total_shapes': 1018, 'total_links': 222, 'num_tensors': 56}
2026-08-25 05:58:52,912 [INFO]     [4 | left | 0](candidate_pairs: 28/28 | new_swaps: 0 | total: 0) -> {'max_bond': 32, 'max_links': 4, 'total_elems': 19804, 'total_shapes': 1018, 'total_links': 222, 'num_tensors': 56}
2026-08-25 05:58:52,950 [INFO]     [4 | left | 1](candidate_pairs: 27/27 | new_swaps: 0 | total: 0) -> {'max_bond': 32, 'max_links': 4, 'total_elems': 19804, 'total_shapes': 1018, 'total_links': 222, 'num_tensors': 56}
2026-08-25 05:58:52,986 [INFO]     [4 | right | 0](candidate_pairs: 28/28 | new_swaps: 0 | total: 0) -> {'max_bond': 32, 'max_links': 4, 'total_elems': 19804, 'total_shapes': 1018, 'total_links': 222, 'num_tensors': 56}
2026-08-25 05:58:53,024 [INFO]     [4 | right | 1](candidate_pairs: 27/27 | new_swaps: 0 | total: 0) -> {'max_bond': 32, 'max_links': 4, 'total_elems': 19804, 'total_shapes': 1018, 'total_links': 222, 'num_tensors': 56}
2026-08-25 05:58:53,025 [INFO]     [end unswap] -> {'max_bond': 32, 'max_links': 4, 'total_elems': 19804, 'total_shapes': 1018, 'total_links': 222, 'num_tensors': 56}
2026-08-25 05:58:53,026 [INFO] [start rewire](phase=post_unswap, cycle=20, side=left, layers=1549, trials=20, seed=123, parallel=False, route_candidates=1, route_score=none)
2026-08-25 05:58:54,673 [INFO] [end rewire](phase=post_unswap, cycle=20, side=left, routed_layers=1400, elapsed_s=1.65)
2026-08-25 05:58:54,673 [INFO] [start rewire](phase=post_unswap, cycle=20, side=right, layers=1654, trials=20, seed=123, parallel=False, route_candidates=1, route_score=none)
2026-08-25 05:58:55,986 [INFO] [end rewire](phase=post_unswap, cycle=20, side=right, routed_layers=1528, elapsed_s=1.31)
2026-08-25 05:58:56,138 [INFO] [1L/1398](swap: 9, u: 1 | c_u: 1 | t_u_l: 35/942 | t_u_r: 70/943 | t_u: 105/1885) -> {'max_bond': 32, 'max_links': 4, 'total_elems': 19740, 'total_shapes': 1014, 'total_links': 222, 'num_tensors': 56}
2026-08-25 05:58:56,209 [INFO] [1R/1526](swap: 7, u: 0 | c_u: 1 | t_u_l: 35/942 | t_u_r: 70/943 | t_u: 105/1885) -> {'max_bond': 32, 'max_links': 4, 'total_elems': 21260, 'total_shapes': 1088, 'total_links': 222, 'num_tensors': 56}
2026-08-25 05:58:56,281 [INFO] [2R/1526](swap: 6, u: 0 | c_u: 1 | t_u_l: 35/942 | t_u_r: 70/943 | t_u: 105/1885) -> {'max_bond': 32, 'max_links': 4, 'total_elems': 26412, 'total_shapes': 1212, 'total_links': 222, 'num_tensors': 56}
2026-08-25 05:58:56,359 [INFO] [2L/1398](swap: 9, u: 0 | c_u: 1 | t_u_l: 35/942 | t_u_r: 70/943 | t_u: 105/1885) -> {'max_bond': 64, 'max_links': 4, 'total_elems': 39156, 'total_shapes': 1442, 'total_links': 222, 'num_tensors': 56}
2026-08-25 05:58:56,452 [INFO] [3R/1526](swap: 6, u: 0 | c_u: 1 | t_u_l: 35/942 | t_u_r: 70/943 | t_u: 105/1885) -> {'max_bond': 64, 'max_links': 4, 'total_elems': 52084, 'total_shapes': 1640, 'total_links': 222, 'num_tensors': 56}
2026-08-25 05:58:56,563 [INFO] [4R/1526](swap: 6, u: 0 | c_u: 1 | t_u_l: 35/942 | t_u_r: 70/943 | t_u: 105/1885) -> {'max_bond': 64, 'max_links': 4, 'total_elems': 81524, 'total_shapes': 1944, 'total_links': 222, 'num_tensors': 56}
2026-08-25 05:58:56,721 [INFO] [3L/1398](swap: 11, u: 0 | c_u: 1 | t_u_l: 35/942 | t_u_r: 70/943 | t_u: 105/1885) -> {'max_bond': 128, 'max_links': 4, 'total_elems': 156532, 'total_shapes': 2412, 'total_links': 222, 'num_tensors': 56}
2026-08-25 05:58:57,021 [INFO] [5R/1526](swap: 5, u: 0 | c_u: 1 | t_u_l: 35/942 | t_u_r: 70/943 | t_u: 105/1885) -> {'max_bond': 128, 'max_links': 4, 'total_elems': 265588, 'total_shapes': 2908, 'total_links': 222, 'num_tensors': 56}
2026-08-25 05:58:57,524 [INFO]     [start unswap] -> {'max_bond': 128, 'max_links': 4, 'total_elems': 265588, 'total_shapes': 2908, 'total_links': 222, 'num_tensors': 56}
2026-08-25 05:59:01,099 [INFO]     [0 | both | 0](candidate_pairs: 28/28 | new_swaps: 3 | total: 3) -> {'max_bond': 256, 'max_links': 4, 'total_elems': 527288, 'total_shapes': 3574, 'total_links': 222, 'num_tensors': 56}
2026-08-25 05:59:02,425 [INFO]     [0 | both | 1](candidate_pairs: 27/27 | new_swaps: 8 | total: 11) -> {'max_bond': 128, 'max_links': 4, 'total_elems': 164152, 'total_shapes': 2374, 'total_links': 222, 'num_tensors': 56}
2026-08-25 05:59:02,660 [INFO]     [0 | left | 0](candidate_pairs: 28/28 | new_swaps: 8 | total: 19) -> {'max_bond': 64, 'max_links': 4, 'total_elems': 99156, 'total_shapes': 1942, 'total_links': 222, 'num_tensors': 56}
2026-08-25 05:59:02,864 [INFO]     [0 | left | 1](candidate_pairs: 27/27 | new_swaps: 11 | total: 30) -> {'max_bond': 64, 'max_links': 4, 'total_elems': 59076, 'total_shapes': 1616, 'total_links': 222, 'num_tensors': 56}
2026-08-25 05:59:02,981 [INFO]     [0 | right | 0](candidate_pairs: 28/28 | new_swaps: 8 | total: 38) -> {'max_bond': 32, 'max_links': 4, 'total_elems': 33476, 'total_shapes': 1298, 'total_links': 222, 'num_tensors': 56}
2026-08-25 05:59:03,068 [INFO]     [0 | right | 1](candidate_pairs: 27/27 | new_swaps: 5 | total: 43) -> {'max_bond': 32, 'max_links': 4, 'total_elems': 28388, 'total_shapes': 1194, 'total_links': 222, 'num_tensors': 56}
2026-08-25 05:59:03,218 [INFO]     [1 | both | 0](candidate_pairs: 28/28 | new_swaps: 5 | total: 5) -> {'max_bond': 32, 'max_links': 4, 'total_elems': 27164, 'total_shapes': 1154, 'total_links': 222, 'num_tensors': 56}
2026-08-25 05:59:03,360 [INFO]     [1 | both | 1](candidate_pairs: 27/27 | new_swaps: 1 | total: 6) -> {'max_bond': 32, 'max_links': 4, 'total_elems': 26972, 'total_shapes': 1146, 'total_links': 222, 'num_tensors': 56}
2026-08-25 05:59:03,438 [INFO]     [1 | left | 0](candidate_pairs: 28/28 | new_swaps: 3 | total: 9) -> {'max_bond': 32, 'max_links': 4, 'total_elems': 25820, 'total_shapes': 1116, 'total_links': 222, 'num_tensors': 56}
2026-08-25 05:59:03,481 [INFO]     [1 | left | 1](candidate_pairs: 27/27 | new_swaps: 0 | total: 9) -> {'max_bond': 32, 'max_links': 4, 'total_elems': 25820, 'total_shapes': 1116, 'total_links': 222, 'num_tensors': 56}
2026-08-25 05:59:03,556 [INFO]     [1 | right | 0](candidate_pairs: 28/28 | new_swaps: 2 | total: 11) -> {'max_bond': 32, 'max_links': 4, 'total_elems': 25684, 'total_shapes': 1106, 'total_links': 222, 'num_tensors': 56}
2026-08-25 05:59:03,597 [INFO]     [1 | right | 1](candidate_pairs: 27/27 | new_swaps: 0 | total: 11) -> {'max_bond': 32, 'max_links': 4, 'total_elems': 25684, 'total_shapes': 1106, 'total_links': 222, 'num_tensors': 56}
2026-08-25 05:59:03,682 [INFO]     [2 | both | 0](candidate_pairs: 28/28 | new_swaps: 0 | total: 0) -> {'max_bond': 32, 'max_links': 4, 'total_elems': 25684, 'total_shapes': 1106, 'total_links': 222, 'num_tensors': 56}
2026-08-25 05:59:03,829 [INFO]     [2 | both | 1](candidate_pairs: 27/27 | new_swaps: 1 | total: 1) -> {'max_bond': 32, 'max_links': 4, 'total_elems': 25396, 'total_shapes': 1098, 'total_links': 222, 'num_tensors': 56}
2026-08-25 05:59:03,894 [INFO]     [2 | left | 0](candidate_pairs: 28/28 | new_swaps: 1 | total: 2) -> {'max_bond': 32, 'max_links': 4, 'total_elems': 24836, 'total_shapes': 1084, 'total_links': 222, 'num_tensors': 56}
2026-08-25 05:59:03,960 [INFO]     [2 | left | 1](candidate_pairs: 27/27 | new_swaps: 1 | total: 3) -> {'max_bond': 32, 'max_links': 4, 'total_elems': 24088, 'total_shapes': 1062, 'total_links': 222, 'num_tensors': 56}
2026-08-25 05:59:04,001 [INFO]     [2 | right | 0](candidate_pairs: 28/28 | new_swaps: 0 | total: 3) -> {'max_bond': 32, 'max_links': 4, 'total_elems': 24088, 'total_shapes': 1062, 'total_links': 222, 'num_tensors': 56}
2026-08-25 05:59:04,041 [INFO]     [2 | right | 1](candidate_pairs: 27/27 | new_swaps: 0 | total: 3) -> {'max_bond': 32, 'max_links': 4, 'total_elems': 24088, 'total_shapes': 1062, 'total_links': 222, 'num_tensors': 56}
2026-08-25 05:59:04,183 [INFO]     [3 | both | 0](candidate_pairs: 28/28 | new_swaps: 2 | total: 2) -> {'max_bond': 32, 'max_links': 4, 'total_elems': 23796, 'total_shapes': 1050, 'total_links': 222, 'num_tensors': 56}
2026-08-25 05:59:04,270 [INFO]     [3 | both | 1](candidate_pairs: 27/27 | new_swaps: 0 | total: 2) -> {'max_bond': 32, 'max_links': 4, 'total_elems': 23796, 'total_shapes': 1050, 'total_links': 222, 'num_tensors': 56}
2026-08-25 05:59:04,310 [INFO]     [3 | left | 0](candidate_pairs: 28/28 | new_swaps: 0 | total: 2) -> {'max_bond': 32, 'max_links': 4, 'total_elems': 23796, 'total_shapes': 1050, 'total_links': 222, 'num_tensors': 56}
2026-08-25 05:59:04,351 [INFO]     [3 | left | 1](candidate_pairs: 27/27 | new_swaps: 0 | total: 2) -> {'max_bond': 32, 'max_links': 4, 'total_elems': 23796, 'total_shapes': 1050, 'total_links': 222, 'num_tensors': 56}
2026-08-25 05:59:04,392 [INFO]     [3 | right | 0](candidate_pairs: 28/28 | new_swaps: 0 | total: 2) -> {'max_bond': 32, 'max_links': 4, 'total_elems': 23796, 'total_shapes': 1050, 'total_links': 222, 'num_tensors': 56}
2026-08-25 05:59:04,431 [INFO]     [3 | right | 1](candidate_pairs: 27/27 | new_swaps: 0 | total: 2) -> {'max_bond': 32, 'max_links': 4, 'total_elems': 23796, 'total_shapes': 1050, 'total_links': 222, 'num_tensors': 56}
2026-08-25 05:59:04,514 [INFO]     [4 | both | 0](candidate_pairs: 28/28 | new_swaps: 0 | total: 0) -> {'max_bond': 32, 'max_links': 4, 'total_elems': 23796, 'total_shapes': 1050, 'total_links': 222, 'num_tensors': 56}
2026-08-25 05:59:04,601 [INFO]     [4 | both | 1](candidate_pairs: 27/27 | new_swaps: 0 | total: 0) -> {'max_bond': 32, 'max_links': 4, 'total_elems': 23796, 'total_shapes': 1050, 'total_links': 222, 'num_tensors': 56}
2026-08-25 05:59:04,642 [INFO]     [4 | left | 0](candidate_pairs: 28/28 | new_swaps: 0 | total: 0) -> {'max_bond': 32, 'max_links': 4, 'total_elems': 23796, 'total_shapes': 1050, 'total_links': 222, 'num_tensors': 56}
2026-08-25 05:59:04,683 [INFO]     [4 | left | 1](candidate_pairs: 27/27 | new_swaps: 0 | total: 0) -> {'max_bond': 32, 'max_links': 4, 'total_elems': 23796, 'total_shapes': 1050, 'total_links': 222, 'num_tensors': 56}
2026-08-25 05:59:04,723 [INFO]     [4 | right | 0](candidate_pairs: 28/28 | new_swaps: 0 | total: 0) -> {'max_bond': 32, 'max_links': 4, 'total_elems': 23796, 'total_shapes': 1050, 'total_links': 222, 'num_tensors': 56}
2026-08-25 05:59:04,763 [INFO]     [4 | right | 1](candidate_pairs: 27/27 | new_swaps: 0 | total: 0) -> {'max_bond': 32, 'max_links': 4, 'total_elems': 23796, 'total_shapes': 1050, 'total_links': 222, 'num_tensors': 56}
2026-08-25 05:59:04,764 [INFO]     [end unswap] -> {'max_bond': 32, 'max_links': 4, 'total_elems': 23796, 'total_shapes': 1050, 'total_links': 222, 'num_tensors': 56}
2026-08-25 05:59:04,765 [INFO] [start rewire](phase=post_unswap, cycle=21, side=left, layers=1397, trials=20, seed=123, parallel=False, route_candidates=1, route_score=none)
2026-08-25 05:59:06,865 [INFO] [end rewire](phase=post_unswap, cycle=21, side=left, routed_layers=1276, elapsed_s=2.10)
2026-08-25 05:59:06,865 [INFO] [start rewire](phase=post_unswap, cycle=21, side=right, layers=1523, trials=20, seed=123, parallel=False, route_candidates=1, route_score=none)
2026-08-25 05:59:08,771 [INFO] [end rewire](phase=post_unswap, cycle=21, side=right, routed_layers=1578, elapsed_s=1.91)
2026-08-25 05:59:08,888 [INFO] [1L/1274](swap: 12, u: 1 | c_u: 1 | t_u_l: 36/942 | t_u_r: 70/943 | t_u: 106/1885) -> {'max_bond': 32, 'max_links': 4, 'total_elems': 23796, 'total_shapes': 1050, 'total_links': 222, 'num_tensors': 56}
2026-08-25 05:59:08,962 [INFO] [1R/1576](swap: 9, u: 0 | c_u: 1 | t_u_l: 36/942 | t_u_r: 70/943 | t_u: 106/1885) -> {'max_bond': 32, 'max_links': 4, 'total_elems': 25964, 'total_shapes': 1144, 'total_links': 222, 'num_tensors': 56}
2026-08-25 05:59:09,037 [INFO] [2R/1576](swap: 7, u: 0 | c_u: 1 | t_u_l: 36/942 | t_u_r: 70/943 | t_u: 106/1885) -> {'max_bond': 32, 'max_links': 4, 'total_elems': 35116, 'total_shapes': 1344, 'total_links': 222, 'num_tensors': 56}
2026-08-25 05:59:09,125 [INFO] [2L/1274](swap: 10, u: 0 | c_u: 1 | t_u_l: 36/942 | t_u_r: 70/943 | t_u: 106/1885) -> {'max_bond': 64, 'max_links': 4, 'total_elems': 50272, 'total_shapes': 1596, 'total_links': 222, 'num_tensors': 56}
2026-08-25 05:59:09,235 [INFO] [3L/1274](swap: 9, u: 0 | c_u: 1 | t_u_l: 36/942 | t_u_r: 70/943 | t_u: 106/1885) -> {'max_bond': 64, 'max_links': 4, 'total_elems': 69528, 'total_shapes': 1790, 'total_links': 222, 'num_tensors': 56}
2026-08-25 05:59:09,339 [INFO] [4L/1274](swap: 9, u: 0 | c_u: 1 | t_u_l: 36/942 | t_u_r: 70/943 | t_u: 106/1885) -> {'max_bond': 64, 'max_links': 4, 'total_elems': 75776, 'total_shapes': 1928, 'total_links': 222, 'num_tensors': 56}
2026-08-25 05:59:09,453 [INFO] [5L/1274](swap: 7, u: 0 | c_u: 1 | t_u_l: 36/942 | t_u_r: 70/943 | t_u: 106/1885) -> {'max_bond': 64, 'max_links': 4, 'total_elems': 92896, 'total_shapes': 2204, 'total_links': 222, 'num_tensors': 56}
2026-08-25 05:59:09,581 [INFO] [6L/1274](swap: 6, u: 0 | c_u: 1 | t_u_l: 36/942 | t_u_r: 70/943 | t_u: 106/1885) -> {'max_bond': 64, 'max_links': 4, 'total_elems': 130016, 'total_shapes': 2586, 'total_links': 222, 'num_tensors': 56}
2026-08-25 05:59:09,778 [INFO] [3R/1576](swap: 7, u: 0 | c_u: 1 | t_u_l: 36/942 | t_u_r: 70/943 | t_u: 106/1885) -> {'max_bond': 128, 'max_links': 4, 'total_elems': 188896, 'total_shapes': 2976, 'total_links': 222, 'num_tensors': 56}
2026-08-25 05:59:10,100 [INFO] [4R/1576](swap: 7, u: 0 | c_u: 1 | t_u_l: 36/942 | t_u_r: 70/943 | t_u: 106/1885) -> {'max_bond': 128, 'max_links': 4, 'total_elems': 323360, 'total_shapes': 3710, 'total_links': 222, 'num_tensors': 56}
2026-08-25 05:59:10,622 [INFO]     [start unswap] -> {'max_bond': 128, 'max_links': 4, 'total_elems': 323360, 'total_shapes': 3710, 'total_links': 222, 'num_tensors': 56}
2026-08-25 05:59:14,247 [INFO]     [0 | both | 0](candidate_pairs: 28/28 | new_swaps: 5 | total: 5) -> {'max_bond': 256, 'max_links': 4, 'total_elems': 572300, 'total_shapes': 4440, 'total_links': 222, 'num_tensors': 56}
2026-08-25 05:59:15,698 [INFO]     [0 | both | 1](candidate_pairs: 27/27 | new_swaps: 10 | total: 15) -> {'max_bond': 128, 'max_links': 4, 'total_elems': 220544, 'total_shapes': 2960, 'total_links': 222, 'num_tensors': 56}
2026-08-25 05:59:16,052 [INFO]     [0 | left | 0](candidate_pairs: 28/28 | new_swaps: 12 | total: 27) -> {'max_bond': 110, 'max_links': 4, 'total_elems': 99832, 'total_shapes': 2254, 'total_links': 222, 'num_tensors': 56}
2026-08-25 05:59:16,235 [INFO]     [0 | left | 1](candidate_pairs: 27/27 | new_swaps: 10 | total: 37) -> {'max_bond': 32, 'max_links': 4, 'total_elems': 56952, 'total_shapes': 1770, 'total_links': 222, 'num_tensors': 56}
2026-08-25 05:59:16,347 [INFO]     [0 | right | 0](candidate_pairs: 28/28 | new_swaps: 7 | total: 44) -> {'max_bond': 32, 'max_links': 4, 'total_elems': 45848, 'total_shapes': 1564, 'total_links': 222, 'num_tensors': 56}
2026-08-25 05:59:16,457 [INFO]     [0 | right | 1](candidate_pairs: 27/27 | new_swaps: 8 | total: 52) -> {'max_bond': 32, 'max_links': 4, 'total_elems': 38424, 'total_shapes': 1436, 'total_links': 222, 'num_tensors': 56}
2026-08-25 05:59:16,630 [INFO]     [1 | both | 0](candidate_pairs: 28/28 | new_swaps: 7 | total: 7) -> {'max_bond': 32, 'max_links': 4, 'total_elems': 31768, 'total_shapes': 1278, 'total_links': 222, 'num_tensors': 56}
2026-08-25 05:59:16,795 [INFO]     [1 | both | 1](candidate_pairs: 27/27 | new_swaps: 4 | total: 11) -> {'max_bond': 32, 'max_links': 4, 'total_elems': 29464, 'total_shapes': 1198, 'total_links': 222, 'num_tensors': 56}
2026-08-25 05:59:16,876 [INFO]     [1 | left | 0](candidate_pairs: 28/28 | new_swaps: 3 | total: 14) -> {'max_bond': 32, 'max_links': 4, 'total_elems': 28600, 'total_shapes': 1170, 'total_links': 222, 'num_tensors': 56}
2026-08-25 05:59:16,959 [INFO]     [1 | left | 1](candidate_pairs: 27/27 | new_swaps: 3 | total: 17) -> {'max_bond': 32, 'max_links': 4, 'total_elems': 28340, 'total_shapes': 1152, 'total_links': 222, 'num_tensors': 56}
2026-08-25 05:59:17,041 [INFO]     [1 | right | 0](candidate_pairs: 28/28 | new_swaps: 4 | total: 21) -> {'max_bond': 32, 'max_links': 4, 'total_elems': 25048, 'total_shapes': 1104, 'total_links': 222, 'num_tensors': 56}
2026-08-25 05:59:17,105 [INFO]     [1 | right | 1](candidate_pairs: 27/27 | new_swaps: 2 | total: 23) -> {'max_bond': 32, 'max_links': 4, 'total_elems': 24476, 'total_shapes': 1082, 'total_links': 222, 'num_tensors': 56}
2026-08-25 05:59:17,251 [INFO]     [2 | both | 0](candidate_pairs: 28/28 | new_swaps: 2 | total: 2) -> {'max_bond': 32, 'max_links': 4, 'total_elems': 24388, 'total_shapes': 1074, 'total_links': 222, 'num_tensors': 56}
2026-08-25 05:59:17,388 [INFO]     [2 | both | 1](candidate_pairs: 27/27 | new_swaps: 1 | total: 3) -> {'max_bond': 32, 'max_links': 4, 'total_elems': 23620, 'total_shapes': 1058, 'total_links': 222, 'num_tensors': 56}
2026-08-25 05:59:17,452 [INFO]     [2 | left | 0](candidate_pairs: 28/28 | new_swaps: 1 | total: 4) -> {'max_bond': 32, 'max_links': 4, 'total_elems': 23572, 'total_shapes': 1054, 'total_links': 222, 'num_tensors': 56}
2026-08-25 05:59:17,527 [INFO]     [2 | left | 1](candidate_pairs: 27/27 | new_swaps: 2 | total: 6) -> {'max_bond': 32, 'max_links': 4, 'total_elems': 23476, 'total_shapes': 1042, 'total_links': 222, 'num_tensors': 56}
2026-08-25 05:59:17,591 [INFO]     [2 | right | 0](candidate_pairs: 28/28 | new_swaps: 1 | total: 7) -> {'max_bond': 32, 'max_links': 4, 'total_elems': 23284, 'total_shapes': 1034, 'total_links': 222, 'num_tensors': 56}
2026-08-25 05:59:17,631 [INFO]     [2 | right | 1](candidate_pairs: 27/27 | new_swaps: 0 | total: 7) -> {'max_bond': 32, 'max_links': 4, 'total_elems': 23284, 'total_shapes': 1034, 'total_links': 222, 'num_tensors': 56}
2026-08-25 05:59:17,758 [INFO]     [3 | both | 0](candidate_pairs: 28/28 | new_swaps: 1 | total: 1) -> {'max_bond': 32, 'max_links': 4, 'total_elems': 23092, 'total_shapes': 1026, 'total_links': 222, 'num_tensors': 56}
2026-08-25 05:59:17,845 [INFO]     [3 | both | 1](candidate_pairs: 27/27 | new_swaps: 0 | total: 1) -> {'max_bond': 32, 'max_links': 4, 'total_elems': 23092, 'total_shapes': 1026, 'total_links': 222, 'num_tensors': 56}
2026-08-25 05:59:17,885 [INFO]     [3 | left | 0](candidate_pairs: 28/28 | new_swaps: 0 | total: 1) -> {'max_bond': 32, 'max_links': 4, 'total_elems': 23092, 'total_shapes': 1026, 'total_links': 222, 'num_tensors': 56}
2026-08-25 05:59:17,925 [INFO]     [3 | left | 1](candidate_pairs: 27/27 | new_swaps: 0 | total: 1) -> {'max_bond': 32, 'max_links': 4, 'total_elems': 23092, 'total_shapes': 1026, 'total_links': 222, 'num_tensors': 56}
2026-08-25 05:59:17,965 [INFO]     [3 | right | 0](candidate_pairs: 28/28 | new_swaps: 0 | total: 1) -> {'max_bond': 32, 'max_links': 4, 'total_elems': 23092, 'total_shapes': 1026, 'total_links': 222, 'num_tensors': 56}
2026-08-25 05:59:18,004 [INFO]     [3 | right | 1](candidate_pairs: 27/27 | new_swaps: 0 | total: 1) -> {'max_bond': 32, 'max_links': 4, 'total_elems': 23092, 'total_shapes': 1026, 'total_links': 222, 'num_tensors': 56}
2026-08-25 05:59:18,086 [INFO]     [4 | both | 0](candidate_pairs: 28/28 | new_swaps: 0 | total: 0) -> {'max_bond': 32, 'max_links': 4, 'total_elems': 23092, 'total_shapes': 1026, 'total_links': 222, 'num_tensors': 56}
2026-08-25 05:59:18,173 [INFO]     [4 | both | 1](candidate_pairs: 27/27 | new_swaps: 0 | total: 0) -> {'max_bond': 32, 'max_links': 4, 'total_elems': 23092, 'total_shapes': 1026, 'total_links': 222, 'num_tensors': 56}
2026-08-25 05:59:18,213 [INFO]     [4 | left | 0](candidate_pairs: 28/28 | new_swaps: 0 | total: 0) -> {'max_bond': 32, 'max_links': 4, 'total_elems': 23092, 'total_shapes': 1026, 'total_links': 222, 'num_tensors': 56}
2026-08-25 05:59:18,254 [INFO]     [4 | left | 1](candidate_pairs: 27/27 | new_swaps: 0 | total: 0) -> {'max_bond': 32, 'max_links': 4, 'total_elems': 23092, 'total_shapes': 1026, 'total_links': 222, 'num_tensors': 56}
2026-08-25 05:59:18,294 [INFO]     [4 | right | 0](candidate_pairs: 28/28 | new_swaps: 0 | total: 0) -> {'max_bond': 32, 'max_links': 4, 'total_elems': 23092, 'total_shapes': 1026, 'total_links': 222, 'num_tensors': 56}
2026-08-25 05:59:18,333 [INFO]     [4 | right | 1](candidate_pairs: 27/27 | new_swaps: 0 | total: 0) -> {'max_bond': 32, 'max_links': 4, 'total_elems': 23092, 'total_shapes': 1026, 'total_links': 222, 'num_tensors': 56}
2026-08-25 05:59:18,334 [INFO]     [end unswap] -> {'max_bond': 32, 'max_links': 4, 'total_elems': 23092, 'total_shapes': 1026, 'total_links': 222, 'num_tensors': 56}
2026-08-25 05:59:18,335 [INFO] [start rewire](phase=post_unswap, cycle=22, side=left, layers=1270, trials=20, seed=123, parallel=False, route_candidates=1, route_score=none)
2026-08-25 05:59:20,540 [INFO] [end rewire](phase=post_unswap, cycle=22, side=left, routed_layers=1377, elapsed_s=2.21)
2026-08-25 05:59:20,540 [INFO] [start rewire](phase=post_unswap, cycle=22, side=right, layers=1574, trials=20, seed=123, parallel=False, route_candidates=1, route_score=none)
2026-08-25 05:59:22,534 [INFO] [end rewire](phase=post_unswap, cycle=22, side=right, routed_layers=1564, elapsed_s=1.99)
2026-08-25 05:59:22,659 [INFO] [1L/1375](swap: 14, u: 0 | c_u: 0 | t_u_l: 36/942 | t_u_r: 70/943 | t_u: 106/1885) -> {'max_bond': 32, 'max_links': 4, 'total_elems': 23092, 'total_shapes': 1026, 'total_links': 222, 'num_tensors': 56}
2026-08-25 05:59:22,734 [INFO] [1R/1562](swap: 10, u: 0 | c_u: 0 | t_u_l: 36/942 | t_u_r: 70/943 | t_u: 106/1885) -> {'max_bond': 32, 'max_links': 4, 'total_elems': 24812, 'total_shapes': 1124, 'total_links': 222, 'num_tensors': 56}
2026-08-25 05:59:22,811 [INFO] [2R/1562](swap: 9, u: 0 | c_u: 0 | t_u_l: 36/942 | t_u_r: 70/943 | t_u: 106/1885) -> {'max_bond': 32, 'max_links': 4, 'total_elems': 32556, 'total_shapes': 1340, 'total_links': 222, 'num_tensors': 56}
2026-08-25 05:59:22,896 [INFO] [2L/1375](swap: 8, u: 0 | c_u: 0 | t_u_l: 36/942 | t_u_r: 70/943 | t_u: 106/1885) -> {'max_bond': 64, 'max_links': 4, 'total_elems': 46888, 'total_shapes': 1592, 'total_links': 222, 'num_tensors': 56}
2026-08-25 05:59:23,003 [INFO] [3R/1562](swap: 7, u: 0 | c_u: 0 | t_u_l: 36/942 | t_u_r: 70/943 | t_u: 106/1885) -> {'max_bond': 64, 'max_links': 4, 'total_elems': 66280, 'total_shapes': 1852, 'total_links': 222, 'num_tensors': 56}
2026-08-25 05:59:23,129 [INFO] [3L/1375](swap: 5, u: 0 | c_u: 0 | t_u_l: 36/942 | t_u_r: 70/943 | t_u: 106/1885) -> {'max_bond': 64, 'max_links': 4, 'total_elems': 95992, 'total_shapes': 2140, 'total_links': 222, 'num_tensors': 56}
2026-08-25 05:59:23,276 [INFO] [4L/1375](swap: 5, u: 0 | c_u: 0 | t_u_l: 36/942 | t_u_r: 70/943 | t_u: 106/1885) -> {'max_bond': 64, 'max_links': 4, 'total_elems': 124064, 'total_shapes': 2322, 'total_links': 222, 'num_tensors': 56}
2026-08-25 05:59:23,440 [INFO] [4R/1562](swap: 6, u: 0 | c_u: 0 | t_u_l: 36/942 | t_u_r: 70/943 | t_u: 106/1885) -> {'max_bond': 64, 'max_links': 4, 'total_elems': 174880, 'total_shapes': 2732, 'total_links': 222, 'num_tensors': 56}
2026-08-25 05:59:23,683 [INFO] [5L/1375](swap: 5, u: 0 | c_u: 0 | t_u_l: 36/942 | t_u_r: 70/943 | t_u: 106/1885) -> {'max_bond': 128, 'max_links': 4, 'total_elems': 248672, 'total_shapes': 3044, 'total_links': 222, 'num_tensors': 56}
2026-08-25 05:59:24,089 [INFO]     [start unswap] -> {'max_bond': 128, 'max_links': 4, 'total_elems': 248672, 'total_shapes': 3044, 'total_links': 222, 'num_tensors': 56}
