start,stop,wires,status,accepted,old_two_qubit,new_two_qubit,fidelity,permutation,reason
0,10,"(0, 1, 17, 94)",unavailable_no_bqskit,False,2,,,"(0, 1, 17, 94)",qiskit fallback is exact for two wires only; BQSKit unavailable
10,20,"(2, 3, 31, 75)",unavailable_no_bqskit,False,2,,,"(2, 3, 31, 75)",qiskit fallback is exact for two wires only; BQSKit unavailable
20,30,"(4, 5, 20, 90)",unavailable_no_bqskit,False,2,,,"(4, 5, 20, 90)",qiskit fallback is exact for two wires only; BQSKit unavailable
30,40,"(6, 7, 69, 72)",unavailable_no_bqskit,False,2,,,"(6, 7, 69, 72)",qiskit fallback is exact for two wires only; BQSKit unavailable
40,50,"(8, 9, 25, 63)",unavailable_no_bqskit,False,2,,,"(8, 9, 25, 63)",qiskit fallback is exact for two wires only; BQSKit unavailable
50,60,"(10, 11, 41, 48)",unavailable_no_bqskit,False,2,,,"(10, 11, 41, 48)",qiskit fallback is exact for two wires only; BQSKit unavailable
60,70,"(12, 13, 54, 81)",unavailable_no_bqskit,False,2,,,"(12, 13, 54, 81)",qiskit fallback is exact for two wires only; BQSKit unavailable
70,80,"(14, 15, 26, 68)",unavailable_no_bqskit,False,2,,,"(14, 15, 26, 68)",qiskit fallback is exact for two wires only; BQSKit unavailable
80,90,"(16, 18, 56, 78)",unavailable_no_bqskit,False,2,,,"(16, 18, 56, 78)",qiskit fallback is exact for two wires only; BQSKit unavailable
90,100,"(19, 21, 29, 36)",unavailable_no_bqskit,False,2,,,"(19, 21, 29, 36)",qiskit fallback is exact for two wires only; BQSKit unavailable
100,110,"(22, 23, 43, 67)",unavailable_no_bqskit,False,2,,,"(22, 23, 43, 67)",qiskit fallback is exact for two wires only; BQSKit unavailable
110,120,"(24, 27, 45, 80)",unavailable_no_bqskit,False,2,,,"(24, 27, 45, 80)",qiskit fallback is exact for two wires only; BQSKit unavailable
120,130,"(30, 32, 74, 91)",unavailable_no_bqskit,False,2,,,"(30, 32, 74, 91)",qiskit fallback is exact for two wires only; BQSKit unavailable
130,140,"(33, 34, 42, 58)",unavailable_no_bqskit,False,2,,,"(33, 34, 42, 58)",qiskit fallback is exact for two wires only; BQSKit unavailable
140,150,"(37, 38, 44, 92)",unavailable_no_bqskit,False,2,,,"(37, 38, 44, 92)",qiskit fallback is exact for two wires only; BQSKit unavailable
150,160,"(39, 46, 64, 82)",unavailable_no_bqskit,False,2,,,"(39, 46, 64, 82)",qiskit fallback is exact for two wires only; BQSKit unavailable
160,170,"(47, 49, 51, 96)",unavailable_no_bqskit,False,2,,,"(47, 49, 51, 96)",qiskit fallback is exact for two wires only; BQSKit unavailable
170,180,"(50, 52, 65, 93)",unavailable_no_bqskit,False,2,,,"(50, 52, 65, 93)",qiskit fallback is exact for two wires only; BQSKit unavailable
180,190,"(53, 55, 59, 70)",unavailable_no_bqskit,False,2,,,"(53, 55, 59, 70)",qiskit fallback is exact for two wires only; BQSKit unavailable
190,200,"(60, 61, 76, 87)",unavailable_no_bqskit,False,2,,,"(60, 61, 76, 87)",qiskit fallback is exact for two wires only; BQSKit unavailable
200,210,"(62, 71, 73, 79)",unavailable_no_bqskit,False,2,,,"(62, 71, 73, 79)",qiskit fallback is exact for two wires only; BQSKit unavailable
210,220,"(77, 83, 84, 97)",unavailable_no_bqskit,False,2,,,"(77, 83, 84, 97)",qiskit fallback is exact for two wires only; BQSKit unavailable
220,230,"(85, 86, 89, 95)",unavailable_no_bqskit,False,2,,,"(85, 86, 89, 95)",qiskit fallback is exact for two wires only; BQSKit unavailable
230,240,"(3, 15, 28, 40)",unavailable_no_bqskit,False,2,,,"(3, 15, 28, 40)",qiskit fallback is exact for two wires only; BQSKit unavailable
240,250,"(3, 31, 35, 41)",unavailable_no_bqskit,False,2,,,"(3, 31, 35, 41)",qiskit fallback is exact for two wires only; BQSKit unavailable
250,261,"(10, 15, 26, 35)",unavailable_no_bqskit,False,2,,,"(10, 15, 26, 35)",qiskit fallback is exact for two wires only; BQSKit unavailable
261,270,"(26, 28, 31, 40)",unavailable_no_bqskit,False,2,,,"(26, 28, 31, 40)",qiskit fallback is exact for two wires only; BQSKit unavailable
270,280,"(31, 35, 41, 57)",unavailable_no_bqskit,False,2,,,"(31, 35, 41, 57)",qiskit fallback is exact for two wires only; BQSKit unavailable
280,290,"(26, 31, 41, 66)",unavailable_no_bqskit,False,2,,,"(26, 31, 41, 66)",qiskit fallback is exact for two wires only; BQSKit unavailable
290,301,"(26, 29, 31, 88)",unavailable_no_bqskit,False,2,,,"(26, 29, 31, 88)",qiskit fallback is exact for two wires only; BQSKit unavailable
301,310,"(0, 1, 29, 89)",unavailable_no_bqskit,False,2,,,"(0, 1, 29, 89)",qiskit fallback is exact for two wires only; BQSKit unavailable
310,320,"(2, 3, 72, 91)",unavailable_no_bqskit,False,2,,,"(2, 3, 72, 91)",qiskit fallback is exact for two wires only; BQSKit unavailable
320,330,"(4, 5, 50, 54)",unavailable_no_bqskit,False,2,,,"(4, 5, 50, 54)",qiskit fallback is exact for two wires only; BQSKit unavailable
330,340,"(6, 7, 8, 51)",unavailable_no_bqskit,False,2,,,"(6, 7, 8, 51)",qiskit fallback is exact for two wires only; BQSKit unavailable
340,350,"(9, 10, 15, 97)",unavailable_no_bqskit,False,2,,,"(9, 10, 15, 97)",qiskit fallback is exact for two wires only; BQSKit unavailable
350,360,"(11, 12, 67, 83)",unavailable_no_bqskit,False,2,,,"(11, 12, 67, 83)",qiskit fallback is exact for two wires only; BQSKit unavailable
360,370,"(13, 14, 49, 61)",unavailable_no_bqskit,False,2,,,"(13, 14, 49, 61)",qiskit fallback is exact for two wires only; BQSKit unavailable
370,380,"(16, 17, 70, 94)",unavailable_no_bqskit,False,2,,,"(16, 17, 70, 94)",qiskit fallback is exact for two wires only; BQSKit unavailable
380,390,"(18, 19, 32, 81)",unavailable_no_bqskit,False,2,,,"(18, 19, 32, 81)",qiskit fallback is exact for two wires only; BQSKit unavailable
390,400,"(20, 21, 55, 65)",unavailable_no_bqskit,False,2,,,"(20, 21, 55, 65)",qiskit fallback is exact for two wires only; BQSKit unavailable
400,410,"(22, 23, 47, 77)",unavailable_no_bqskit,False,2,,,"(22, 23, 47, 77)",qiskit fallback is exact for two wires only; BQSKit unavailable
410,420,"(24, 25, 84, 87)",unavailable_no_bqskit,False,2,,,"(24, 25, 84, 87)",qiskit fallback is exact for two wires only; BQSKit unavailable
420,430,"(26, 27, 33, 71)",unavailable_no_bqskit,False,2,,,"(26, 27, 33, 71)",qiskit fallback is exact for two wires only; BQSKit unavailable
430,440,"(28, 30, 46, 78)",unavailable_no_bqskit,False,2,,,"(28, 30, 46, 78)",qiskit fallback is exact for two wires only; BQSKit unavailable
440,450,"(31, 34, 35, 69)",unavailable_no_bqskit,False,2,,,"(31, 34, 35, 69)",qiskit fallback is exact for two wires only; BQSKit unavailable
450,460,"(36, 37, 40, 41)",unavailable_no_bqskit,False,2,,,"(36, 37, 40, 41)",qiskit fallback is exact for two wires only; BQSKit unavailable
460,470,"(38, 39, 48, 66)",unavailable_no_bqskit,False,2,,,"(38, 39, 48, 66)",qiskit fallback is exact for two wires only; BQSKit unavailable
470,480,"(42, 43, 59, 74)",unavailable_no_bqskit,False,2,,,"(42, 43, 59, 74)",qiskit fallback is exact for two wires only; BQSKit unavailable
480,490,"(44, 45, 58, 60)",unavailable_no_bqskit,False,2,,,"(44, 45, 58, 60)",qiskit fallback is exact for two wires only; BQSKit unavailable
490,500,"(52, 53, 80, 86)",unavailable_no_bqskit,False,2,,,"(52, 53, 80, 86)",qiskit fallback is exact for two wires only; BQSKit unavailable
500,510,"(56, 57, 62, 95)",unavailable_no_bqskit,False,2,,,"(56, 57, 62, 95)",qiskit fallback is exact for two wires only; BQSKit unavailable
510,520,"(63, 64, 82, 88)",unavailable_no_bqskit,False,2,,,"(63, 64, 82, 88)",qiskit fallback is exact for two wires only; BQSKit unavailable
520,530,"(68, 73, 75, 96)",unavailable_no_bqskit,False,2,,,"(68, 73, 75, 96)",qiskit fallback is exact for two wires only; BQSKit unavailable
530,540,"(76, 79, 90, 92)",unavailable_no_bqskit,False,2,,,"(76, 79, 90, 92)",qiskit fallback is exact for two wires only; BQSKit unavailable
540,550,"(0, 39, 85, 93)",unavailable_no_bqskit,False,2,,,"(0, 39, 85, 93)",qiskit fallback is exact for two wires only; BQSKit unavailable
550,560,"(1, 2, 20, 90)",unavailable_no_bqskit,False,2,,,"(1, 2, 20, 90)",qiskit fallback is exact for two wires only; BQSKit unavailable
560,570,"(3, 4, 11, 48)",unavailable_no_bqskit,False,2,,,"(3, 4, 11, 48)",qiskit fallback is exact for two wires only; BQSKit unavailable
570,580,"(5, 6, 40, 67)",unavailable_no_bqskit,False,2,,,"(5, 6, 40, 67)",qiskit fallback is exact for two wires only; BQSKit unavailable
580,590,"(7, 8, 12, 44)",unavailable_no_bqskit,False,2,,,"(7, 8, 12, 44)",qiskit fallback is exact for two wires only; BQSKit unavailable
590,600,"(9, 10, 38, 47)",unavailable_no_bqskit,False,2,,,"(9, 10, 38, 47)",qiskit fallback is exact for two wires only; BQSKit unavailable
600,610,"(13, 14, 37, 88)",unavailable_no_bqskit,False,2,,,"(13, 14, 37, 88)",qiskit fallback is exact for two wires only; BQSKit unavailable
610,620,"(15, 16, 68, 73)",unavailable_no_bqskit,False,2,,,"(15, 16, 68, 73)",qiskit fallback is exact for two wires only; BQSKit unavailable
620,630,"(17, 18, 35, 60)",unavailable_no_bqskit,False,2,,,"(17, 18, 35, 60)",qiskit fallback is exact for two wires only; BQSKit unavailable
630,640,"(19, 22, 71, 84)",unavailable_no_bqskit,False,2,,,"(19, 22, 71, 84)",qiskit fallback is exact for two wires only; BQSKit unavailable
640,650,"(23, 24, 65, 89)",unavailable_no_bqskit,False,2,,,"(23, 24, 65, 89)",qiskit fallback is exact for two wires only; BQSKit unavailable
650,660,"(25, 26, 46, 53)",unavailable_no_bqskit,False,2,,,"(25, 26, 46, 53)",qiskit fallback is exact for two wires only; BQSKit unavailable
660,670,"(27, 28, 41, 96)",unavailable_no_bqskit,False,2,,,"(27, 28, 41, 96)",qiskit fallback is exact for two wires only; BQSKit unavailable
670,680,"(29, 30, 32, 82)",unavailable_no_bqskit,False,2,,,"(29, 30, 32, 82)",qiskit fallback is exact for two wires only; BQSKit unavailable
680,690,"(31, 34, 75, 85)",unavailable_no_bqskit,False,2,,,"(31, 34, 75, 85)",qiskit fallback is exact for two wires only; BQSKit unavailable
690,700,"(36, 42, 54, 74)",unavailable_no_bqskit,False,2,,,"(36, 42, 54, 74)",qiskit fallback is exact for two wires only; BQSKit unavailable
700,710,"(43, 49, 72, 76)",unavailable_no_bqskit,False,2,,,"(43, 49, 72, 76)",qiskit fallback is exact for two wires only; BQSKit unavailable
710,720,"(50, 51, 61, 80)",unavailable_no_bqskit,False,2,,,"(50, 51, 61, 80)",qiskit fallback is exact for two wires only; BQSKit unavailable
720,730,"(52, 56, 78, 86)",unavailable_no_bqskit,False,2,,,"(52, 56, 78, 86)",qiskit fallback is exact for two wires only; BQSKit unavailable
730,740,"(57, 58, 64, 81)",unavailable_no_bqskit,False,2,,,"(57, 58, 64, 81)",qiskit fallback is exact for two wires only; BQSKit unavailable
740,750,"(59, 62, 93, 97)",unavailable_no_bqskit,False,2,,,"(59, 62, 93, 97)",qiskit fallback is exact for two wires only; BQSKit unavailable
750,760,"(63, 66, 69, 91)",unavailable_no_bqskit,False,2,,,"(63, 66, 69, 91)",qiskit fallback is exact for two wires only; BQSKit unavailable
760,770,"(70, 77, 79, 87)",unavailable_no_bqskit,False,2,,,"(70, 77, 79, 87)",qiskit fallback is exact for two wires only; BQSKit unavailable
770,780,"(0, 74, 92, 94)",unavailable_no_bqskit,False,2,,,"(0, 74, 92, 94)",qiskit fallback is exact for two wires only; BQSKit unavailable
780,790,"(1, 2, 22, 85)",unavailable_no_bqskit,False,2,,,"(1, 2, 22, 85)",qiskit fallback is exact for two wires only; BQSKit unavailable
790,800,"(3, 5, 51, 55)",unavailable_no_bqskit,False,2,,,"(3, 5, 51, 55)",qiskit fallback is exact for two wires only; BQSKit unavailable
800,810,"(6, 7, 12, 42)",unavailable_no_bqskit,False,2,,,"(6, 7, 12, 42)",qiskit fallback is exact for two wires only; BQSKit unavailable
810,820,"(8, 9, 33, 66)",unavailable_no_bqskit,False,2,,,"(8, 9, 33, 66)",qiskit fallback is exact for two wires only; BQSKit unavailable
820,830,"(13, 14, 24, 80)",unavailable_no_bqskit,False,2,,,"(13, 14, 24, 80)",qiskit fallback is exact for two wires only; BQSKit unavailable
830,840,"(15, 16, 31, 46)",unavailable_no_bqskit,False,2,,,"(15, 16, 31, 46)",qiskit fallback is exact for two wires only; BQSKit unavailable
840,850,"(17, 18, 26, 63)",unavailable_no_bqskit,False,2,,,"(17, 18, 26, 63)",qiskit fallback is exact for two wires only; BQSKit unavailable
850,860,"(19, 20, 77, 90)",unavailable_no_bqskit,False,2,,,"(19, 20, 77, 90)",qiskit fallback is exact for two wires only; BQSKit unavailable
860,870,"(23, 25, 37, 73)",unavailable_no_bqskit,False,2,,,"(23, 25, 37, 73)",qiskit fallback is exact for two wires only; BQSKit unavailable
870,880,"(28, 29, 75, 97)",unavailable_no_bqskit,False,2,,,"(28, 29, 75, 97)",qiskit fallback is exact for two wires only; BQSKit unavailable
880,890,"(30, 32, 50, 92)",unavailable_no_bqskit,False,2,,,"(30, 32, 50, 92)",qiskit fallback is exact for two wires only; BQSKit unavailable
890,900,"(34, 36, 58, 84)",unavailable_no_bqskit,False,2,,,"(34, 36, 58, 84)",qiskit fallback is exact for two wires only; BQSKit unavailable
900,910,"(38, 39, 52, 68)",unavailable_no_bqskit,False,2,,,"(38, 39, 52, 68)",qiskit fallback is exact for two wires only; BQSKit unavailable
910,920,"(40, 43, 69, 96)",unavailable_no_bqskit,False,2,,,"(40, 43, 69, 96)",qiskit fallback is exact for two wires only; BQSKit unavailable
920,930,"(45, 47, 48, 83)",unavailable_no_bqskit,False,2,,,"(45, 47, 48, 83)",qiskit fallback is exact for two wires only; BQSKit unavailable
930,940,"(49, 53, 62, 93)",unavailable_no_bqskit,False,2,,,"(49, 53, 62, 93)",qiskit fallback is exact for two wires only; BQSKit unavailable
940,950,"(56, 57, 82, 88)",unavailable_no_bqskit,False,2,,,"(56, 57, 82, 88)",qiskit fallback is exact for two wires only; BQSKit unavailable
950,960,"(59, 60, 67, 86)",unavailable_no_bqskit,False,2,,,"(59, 60, 67, 86)",qiskit fallback is exact for two wires only; BQSKit unavailable
960,970,"(61, 65, 76, 94)",unavailable_no_bqskit,False,2,,,"(61, 65, 76, 94)",qiskit fallback is exact for two wires only; BQSKit unavailable
970,980,"(70, 72, 79, 81)",unavailable_no_bqskit,False,2,,,"(70, 72, 79, 81)",qiskit fallback is exact for two wires only; BQSKit unavailable
980,990,"(1, 76, 89, 91)",unavailable_no_bqskit,False,2,,,"(1, 76, 89, 91)",qiskit fallback is exact for two wires only; BQSKit unavailable
990,1000,"(3, 4, 21, 48)",unavailable_no_bqskit,False,2,,,"(3, 4, 21, 48)",qiskit fallback is exact for two wires only; BQSKit unavailable
1000,1010,"(6, 7, 68, 96)",unavailable_no_bqskit,False,2,,,"(6, 7, 68, 96)",qiskit fallback is exact for two wires only; BQSKit unavailable
1010,1020,"(8, 12, 56, 62)",unavailable_no_bqskit,False,2,,,"(8, 12, 56, 62)",qiskit fallback is exact for two wires only; BQSKit unavailable
1020,1030,"(13, 14, 60, 73)",unavailable_no_bqskit,False,2,,,"(13, 14, 60, 73)",qiskit fallback is exact for two wires only; BQSKit unavailable
1030,1040,"(15, 16, 46, 53)",unavailable_no_bqskit,False,2,,,"(15, 16, 46, 53)",qiskit fallback is exact for two wires only; BQSKit unavailable
1040,1050,"(18, 19, 84, 89)",unavailable_no_bqskit,False,2,,,"(18, 19, 84, 89)",qiskit fallback is exact for two wires only; BQSKit unavailable
1050,1060,"(22, 23, 29, 52)",unavailable_no_bqskit,False,2,,,"(22, 23, 29, 52)",qiskit fallback is exact for two wires only; BQSKit unavailable
1060,1070,"(24, 25, 36, 65)",unavailable_no_bqskit,False,2,,,"(24, 25, 36, 65)",qiskit fallback is exact for two wires only; BQSKit unavailable
1070,1080,"(26, 28, 88, 93)",unavailable_no_bqskit,False,2,,,"(26, 28, 88, 93)",qiskit fallback is exact for two wires only; BQSKit unavailable
1080,1090,"(30, 31, 40, 50)",unavailable_no_bqskit,False,2,,,"(30, 31, 40, 50)",qiskit fallback is exact for two wires only; BQSKit unavailable
1090,1100,"(32, 33, 47, 72)",unavailable_no_bqskit,False,2,,,"(32, 33, 47, 72)",qiskit fallback is exact for two wires only; BQSKit unavailable
1100,1110,"(34, 38, 58, 63)",unavailable_no_bqskit,False,2,,,"(34, 38, 58, 63)",qiskit fallback is exact for two wires only; BQSKit unavailable
1110,1120,"(41, 43, 83, 91)",unavailable_no_bqskit,False,2,,,"(41, 43, 83, 91)",qiskit fallback is exact for two wires only; BQSKit unavailable
1120,1130,"(49, 51, 66, 75)",unavailable_no_bqskit,False,2,,,"(49, 51, 66, 75)",qiskit fallback is exact for two wires only; BQSKit unavailable
1130,1140,"(67, 74, 79, 92)",unavailable_no_bqskit,False,2,,,"(67, 74, 79, 92)",qiskit fallback is exact for two wires only; BQSKit unavailable
1140,1150,"(1, 4, 13, 45)",unavailable_no_bqskit,False,2,,,"(1, 4, 13, 45)",qiskit fallback is exact for two wires only; BQSKit unavailable
1150,1160,"(6, 8, 28, 63)",unavailable_no_bqskit,False,2,,,"(6, 8, 28, 63)",qiskit fallback is exact for two wires only; BQSKit unavailable
1160,1170,"(9, 11, 21, 47)",unavailable_no_bqskit,False,2,,,"(9, 11, 21, 47)",qiskit fallback is exact for two wires only; BQSKit unavailable
1170,1180,"(14, 15, 16, 66)",unavailable_no_bqskit,False,2,,,"(14, 15, 16, 66)",qiskit fallback is exact for two wires only; BQSKit unavailable
1180,1190,"(17, 23, 41, 50)",unavailable_no_bqskit,False,2,,,"(17, 23, 41, 50)",qiskit fallback is exact for two wires only; BQSKit unavailable
1190,1200,"(24, 26, 58, 68)",unavailable_no_bqskit,False,2,,,"(24, 26, 58, 68)",qiskit fallback is exact for two wires only; BQSKit unavailable
1200,1210,"(31, 32, 49, 89)",unavailable_no_bqskit,False,2,,,"(31, 32, 49, 89)",qiskit fallback is exact for two wires only; BQSKit unavailable
1210,1220,"(33, 34, 42, 64)",unavailable_no_bqskit,False,2,,,"(33, 34, 42, 64)",qiskit fallback is exact for two wires only; BQSKit unavailable
1220,1230,"(36, 48, 65, 71)",unavailable_no_bqskit,False,2,,,"(36, 48, 65, 71)",qiskit fallback is exact for two wires only; BQSKit unavailable
1230,1240,"(51, 53, 84, 96)",unavailable_no_bqskit,False,2,,,"(51, 53, 84, 96)",qiskit fallback is exact for two wires only; BQSKit unavailable
1240,1250,"(62, 72, 73, 92)",unavailable_no_bqskit,False,2,,,"(62, 72, 73, 92)",qiskit fallback is exact for two wires only; BQSKit unavailable
1250,1260,"(3, 11, 82, 83)",unavailable_no_bqskit,False,2,,,"(3, 11, 82, 83)",qiskit fallback is exact for two wires only; BQSKit unavailable
1260,1270,"(4, 6, 16, 95)",unavailable_no_bqskit,False,2,,,"(4, 6, 16, 95)",qiskit fallback is exact for two wires only; BQSKit unavailable
1270,1280,"(9, 10, 44, 47)",unavailable_no_bqskit,False,2,,,"(9, 10, 44, 47)",qiskit fallback is exact for two wires only; BQSKit unavailable
1280,1290,"(14, 15, 51, 89)",unavailable_no_bqskit,False,2,,,"(14, 15, 51, 89)",qiskit fallback is exact for two wires only; BQSKit unavailable
1290,1300,"(17, 21, 22, 35)",unavailable_no_bqskit,False,2,,,"(17, 21, 22, 35)",qiskit fallback is exact for two wires only; BQSKit unavailable
1300,1310,"(23, 24, 92, 96)",unavailable_no_bqskit,False,2,,,"(23, 24, 92, 96)",qiskit fallback is exact for two wires only; BQSKit unavailable
1310,1320,"(26, 33, 66, 86)",unavailable_no_bqskit,False,2,,,"(26, 33, 66, 86)",qiskit fallback is exact for two wires only; BQSKit unavailable
1320,1330,"(41, 42, 61, 83)",unavailable_no_bqskit,False,2,,,"(41, 42, 61, 83)",qiskit fallback is exact for two wires only; BQSKit unavailable
1330,1340,"(45, 48, 69, 78)",unavailable_no_bqskit,False,2,,,"(45, 48, 69, 78)",qiskit fallback is exact for two wires only; BQSKit unavailable
1340,1350,"(53, 56, 73, 82)",unavailable_no_bqskit,False,2,,,"(53, 56, 73, 82)",qiskit fallback is exact for two wires only; BQSKit unavailable
1350,1360,"(58, 63, 71, 97)",unavailable_no_bqskit,False,2,,,"(58, 63, 71, 97)",qiskit fallback is exact for two wires only; BQSKit unavailable
1360,1370,"(2, 3, 35, 54)",unavailable_no_bqskit,False,2,,,"(2, 3, 35, 54)",qiskit fallback is exact for two wires only; BQSKit unavailable
1370,1380,"(4, 6, 16, 87)",unavailable_no_bqskit,False,2,,,"(4, 6, 16, 87)",qiskit fallback is exact for two wires only; BQSKit unavailable
1380,1390,"(9, 11, 27, 37)",unavailable_no_bqskit,False,2,,,"(9, 11, 27, 37)",qiskit fallback is exact for two wires only; BQSKit unavailable
1390,1400,"(13, 21, 83, 94)",unavailable_no_bqskit,False,2,,,"(13, 21, 83, 94)",qiskit fallback is exact for two wires only; BQSKit unavailable
1400,1410,"(30, 34, 42, 86)",unavailable_no_bqskit,False,2,,,"(30, 34, 42, 86)",qiskit fallback is exact for two wires only; BQSKit unavailable
1410,1420,"(38, 39, 44, 69)",unavailable_no_bqskit,False,2,,,"(38, 39, 44, 69)",qiskit fallback is exact for two wires only; BQSKit unavailable
1420,1430,"(43, 45, 90, 97)",unavailable_no_bqskit,False,2,,,"(43, 45, 90, 97)",qiskit fallback is exact for two wires only; BQSKit unavailable
1430,1440,"(47, 52, 71, 85)",unavailable_no_bqskit,False,2,,,"(47, 52, 71, 85)",qiskit fallback is exact for two wires only; BQSKit unavailable
1440,1450,"(55, 57, 78, 95)",unavailable_no_bqskit,False,2,,,"(55, 57, 78, 95)",qiskit fallback is exact for two wires only; BQSKit unavailable
1450,1460,"(0, 2, 3, 25)",unavailable_no_bqskit,False,2,,,"(0, 2, 3, 25)",qiskit fallback is exact for two wires only; BQSKit unavailable
1460,1470,"(4, 5, 27, 81)",unavailable_no_bqskit,False,2,,,"(4, 5, 27, 81)",qiskit fallback is exact for two wires only; BQSKit unavailable
1470,1480,"(9, 10, 11, 20)",unavailable_no_bqskit,False,2,,,"(9, 10, 11, 20)",qiskit fallback is exact for two wires only; BQSKit unavailable
1480,1490,"(18, 19, 21, 85)",unavailable_no_bqskit,False,2,,,"(18, 19, 21, 85)",qiskit fallback is exact for two wires only; BQSKit unavailable
1490,1500,"(22, 31, 86, 97)",unavailable_no_bqskit,False,2,,,"(22, 31, 86, 97)",qiskit fallback is exact for two wires only; BQSKit unavailable
1500,1510,"(33, 34, 35, 45)",unavailable_no_bqskit,False,2,,,"(33, 34, 35, 45)",qiskit fallback is exact for two wires only; BQSKit unavailable
1510,1520,"(39, 42, 67, 76)",unavailable_no_bqskit,False,2,,,"(39, 42, 67, 76)",qiskit fallback is exact for two wires only; BQSKit unavailable
1520,1530,"(47, 52, 72, 78)",unavailable_no_bqskit,False,2,,,"(47, 52, 72, 78)",qiskit fallback is exact for two wires only; BQSKit unavailable
1530,1540,"(54, 55, 59, 77)",unavailable_no_bqskit,False,2,,,"(54, 55, 59, 77)",qiskit fallback is exact for two wires only; BQSKit unavailable
1540,1550,"(57, 70, 74, 95)",unavailable_no_bqskit,False,2,,,"(57, 70, 74, 95)",qiskit fallback is exact for two wires only; BQSKit unavailable
1550,1560,"(80, 87, 90, 91)",unavailable_no_bqskit,False,2,,,"(80, 87, 90, 91)",qiskit fallback is exact for two wires only; BQSKit unavailable
1560,1570,"(0, 1, 12, 39)",unavailable_no_bqskit,False,2,,,"(0, 1, 12, 39)",qiskit fallback is exact for two wires only; BQSKit unavailable
1570,1580,"(3, 4, 40, 48)",unavailable_no_bqskit,False,2,,,"(3, 4, 40, 48)",qiskit fallback is exact for two wires only; BQSKit unavailable
1580,1590,"(5, 7, 77, 80)",unavailable_no_bqskit,False,2,,,"(5, 7, 77, 80)",qiskit fallback is exact for two wires only; BQSKit unavailable
1590,1600,"(9, 17, 64, 76)",unavailable_no_bqskit,False,2,,,"(9, 17, 64, 76)",qiskit fallback is exact for two wires only; BQSKit unavailable
1600,1610,"(18, 19, 68, 71)",unavailable_no_bqskit,False,2,,,"(18, 19, 68, 71)",qiskit fallback is exact for two wires only; BQSKit unavailable
1610,1620,"(20, 25, 38, 88)",unavailable_no_bqskit,False,2,,,"(20, 25, 38, 88)",qiskit fallback is exact for two wires only; BQSKit unavailable
1620,1630,"(27, 30, 44, 67)",unavailable_no_bqskit,False,2,,,"(27, 30, 44, 67)",qiskit fallback is exact for two wires only; BQSKit unavailable
1630,1640,"(35, 42, 62, 85)",unavailable_no_bqskit,False,2,,,"(35, 42, 62, 85)",qiskit fallback is exact for two wires only; BQSKit unavailable
1640,1650,"(46, 47, 69, 87)",unavailable_no_bqskit,False,2,,,"(46, 47, 69, 87)",qiskit fallback is exact for two wires only; BQSKit unavailable
1650,1660,"(54, 55, 61, 94)",unavailable_no_bqskit,False,2,,,"(54, 55, 61, 94)",qiskit fallback is exact for two wires only; BQSKit unavailable
1660,1670,"(56, 57, 60, 70)",unavailable_no_bqskit,False,2,,,"(56, 57, 60, 70)",qiskit fallback is exact for two wires only; BQSKit unavailable
1670,1680,"(79, 81, 90, 91)",unavailable_no_bqskit,False,2,,,"(79, 81, 90, 91)",qiskit fallback is exact for two wires only; BQSKit unavailable
1680,1690,"(0, 59, 93, 95)",unavailable_no_bqskit,False,2,,,"(0, 59, 93, 95)",qiskit fallback is exact for two wires only; BQSKit unavailable
1690,1700,"(2, 3, 50, 55)",unavailable_no_bqskit,False,2,,,"(2, 3, 50, 55)",qiskit fallback is exact for two wires only; BQSKit unavailable
1700,1710,"(4, 5, 28, 45)",unavailable_no_bqskit,False,2,,,"(4, 5, 28, 45)",qiskit fallback is exact for two wires only; BQSKit unavailable
1710,1720,"(7, 8, 20, 43)",unavailable_no_bqskit,False,2,,,"(7, 8, 20, 43)",qiskit fallback is exact for two wires only; BQSKit unavailable
1720,1730,"(10, 12, 48, 75)",unavailable_no_bqskit,False,2,,,"(10, 12, 48, 75)",qiskit fallback is exact for two wires only; BQSKit unavailable
1730,1740,"(32, 33, 61, 87)",unavailable_no_bqskit,False,2,,,"(32, 33, 61, 87)",qiskit fallback is exact for two wires only; BQSKit unavailable
1740,1750,"(36, 40, 70, 79)",unavailable_no_bqskit,False,2,,,"(36, 40, 70, 79)",qiskit fallback is exact for two wires only; BQSKit unavailable
1750,1760,"(44, 46, 88, 94)",unavailable_no_bqskit,False,2,,,"(44, 46, 88, 94)",qiskit fallback is exact for two wires only; BQSKit unavailable
1760,1770,"(54, 60, 80, 84)",unavailable_no_bqskit,False,2,,,"(54, 60, 80, 84)",qiskit fallback is exact for two wires only; BQSKit unavailable
1770,1780,"(65, 81, 82, 93)",unavailable_no_bqskit,False,2,,,"(65, 81, 82, 93)",qiskit fallback is exact for two wires only; BQSKit unavailable
1780,1790,"(0, 6, 12, 59)",unavailable_no_bqskit,False,2,,,"(0, 6, 12, 59)",qiskit fallback is exact for two wires only; BQSKit unavailable
1790,1800,"(37, 48, 75, 95)",unavailable_no_bqskit,False,2,,,"(37, 48, 75, 95)",qiskit fallback is exact for two wires only; BQSKit unavailable
1800,1810,"(0, 10, 37, 41)",unavailable_no_bqskit,False,2,,,"(0, 10, 37, 41)",qiskit fallback is exact for two wires only; BQSKit unavailable
1810,1820,"(10, 12, 29, 74)",unavailable_no_bqskit,False,2,,,"(10, 12, 29, 74)",qiskit fallback is exact for two wires only; BQSKit unavailable
1820,1831,"(9, 10, 37, 48)",unavailable_no_bqskit,False,2,,,"(9, 10, 37, 48)",qiskit fallback is exact for two wires only; BQSKit unavailable
1831,1840,"(10, 21, 29, 34)",unavailable_no_bqskit,False,2,,,"(10, 21, 29, 34)",qiskit fallback is exact for two wires only; BQSKit unavailable
1840,1850,"(9, 48, 64, 78)",unavailable_no_bqskit,False,2,,,"(9, 48, 64, 78)",qiskit fallback is exact for two wires only; BQSKit unavailable
1850,1861,"(9, 11, 37, 77)",unavailable_no_bqskit,False,2,,,"(9, 11, 37, 77)",qiskit fallback is exact for two wires only; BQSKit unavailable
1861,1870,"(11, 16, 49, 64)",unavailable_no_bqskit,False,2,,,"(11, 16, 49, 64)",qiskit fallback is exact for two wires only; BQSKit unavailable
1870,1882,"(9, 27, 37)",unavailable_no_bqskit,False,2,,,"(9, 27, 37)",qiskit fallback is exact for two wires only; BQSKit unavailable
1882,1891,"(1, 9, 27, 37)",unavailable_no_bqskit,False,2,,,"(1, 9, 27, 37)",qiskit fallback is exact for two wires only; BQSKit unavailable
1891,1900,"(1, 2, 41, 73)",unavailable_no_bqskit,False,2,,,"(1, 2, 41, 73)",qiskit fallback is exact for two wires only; BQSKit unavailable
1900,1910,"(3, 4, 17, 48)",unavailable_no_bqskit,False,2,,,"(3, 4, 17, 48)",qiskit fallback is exact for two wires only; BQSKit unavailable
1910,1920,"(5, 6, 81, 94)",unavailable_no_bqskit,False,2,,,"(5, 6, 81, 94)",qiskit fallback is exact for two wires only; BQSKit unavailable
1920,1930,"(7, 8, 10, 74)",unavailable_no_bqskit,False,2,,,"(7, 8, 10, 74)",qiskit fallback is exact for two wires only; BQSKit unavailable
1930,1940,"(9, 11, 15, 60)",unavailable_no_bqskit,False,2,,,"(9, 11, 15, 60)",qiskit fallback is exact for two wires only; BQSKit unavailable
1940,1950,"(12, 13, 89, 91)",unavailable_no_bqskit,False,2,,,"(12, 13, 89, 91)",qiskit fallback is exact for two wires only; BQSKit unavailable
1950,1960,"(16, 18, 35, 53)",unavailable_no_bqskit,False,2,,,"(16, 18, 35, 53)",qiskit fallback is exact for two wires only; BQSKit unavailable
1960,1970,"(19, 21, 80, 87)",unavailable_no_bqskit,False,2,,,"(19, 21, 80, 87)",qiskit fallback is exact for two wires only; BQSKit unavailable
1970,1980,"(22, 23, 44, 52)",unavailable_no_bqskit,False,2,,,"(22, 23, 44, 52)",qiskit fallback is exact for two wires only; BQSKit unavailable
1980,1990,"(24, 26, 42, 83)",unavailable_no_bqskit,False,2,,,"(24, 26, 42, 83)",qiskit fallback is exact for two wires only; BQSKit unavailable
1990,2000,"(27, 28, 36, 63)",unavailable_no_bqskit,False,2,,,"(27, 28, 36, 63)",qiskit fallback is exact for two wires only; BQSKit unavailable
2000,2010,"(29, 30, 84, 85)",unavailable_no_bqskit,False,2,,,"(29, 30, 84, 85)",qiskit fallback is exact for two wires only; BQSKit unavailable
2010,2020,"(31, 34, 64, 77)",unavailable_no_bqskit,False,2,,,"(31, 34, 64, 77)",qiskit fallback is exact for two wires only; BQSKit unavailable
2020,2030,"(37, 39, 67, 72)",unavailable_no_bqskit,False,2,,,"(37, 39, 67, 72)",qiskit fallback is exact for two wires only; BQSKit unavailable
2030,2040,"(40, 45, 46, 88)",unavailable_no_bqskit,False,2,,,"(40, 45, 46, 88)",qiskit fallback is exact for two wires only; BQSKit unavailable
2040,2050,"(47, 49, 56, 90)",unavailable_no_bqskit,False,2,,,"(47, 49, 56, 90)",qiskit fallback is exact for two wires only; BQSKit unavailable
2050,2060,"(54, 57, 76, 79)",unavailable_no_bqskit,False,2,,,"(54, 57, 76, 79)",qiskit fallback is exact for two wires only; BQSKit unavailable
2060,2070,"(59, 65, 75, 93)",unavailable_no_bqskit,False,2,,,"(59, 65, 75, 93)",qiskit fallback is exact for two wires only; BQSKit unavailable
2070,2080,"(70, 86, 96, 97)",unavailable_no_bqskit,False,2,,,"(70, 86, 96, 97)",qiskit fallback is exact for two wires only; BQSKit unavailable
2080,2090,"(0, 1, 4, 44)",unavailable_no_bqskit,False,2,,,"(0, 1, 4, 44)",qiskit fallback is exact for two wires only; BQSKit unavailable
2090,2100,"(2, 5, 14, 67)",unavailable_no_bqskit,False,2,,,"(2, 5, 14, 67)",qiskit fallback is exact for two wires only; BQSKit unavailable
2100,2110,"(7, 8, 62, 92)",unavailable_no_bqskit,False,2,,,"(7, 8, 62, 92)",qiskit fallback is exact for two wires only; BQSKit unavailable
2110,2120,"(9, 10, 33, 35)",unavailable_no_bqskit,False,2,,,"(9, 10, 33, 35)",qiskit fallback is exact for two wires only; BQSKit unavailable
2120,2130,"(17, 19, 31, 68)",unavailable_no_bqskit,False,2,,,"(17, 19, 31, 68)",qiskit fallback is exact for two wires only; BQSKit unavailable
2130,2140,"(20, 23, 24, 55)",unavailable_no_bqskit,False,2,,,"(20, 23, 24, 55)",qiskit fallback is exact for two wires only; BQSKit unavailable
2140,2150,"(30, 32, 38, 42)",unavailable_no_bqskit,False,2,,,"(30, 32, 38, 42)",qiskit fallback is exact for two wires only; BQSKit unavailable
2150,2160,"(36, 37, 49, 86)",unavailable_no_bqskit,False,2,,,"(36, 37, 49, 86)",qiskit fallback is exact for two wires only; BQSKit unavailable
2160,2170,"(39, 40, 52, 71)",unavailable_no_bqskit,False,2,,,"(39, 40, 52, 71)",qiskit fallback is exact for two wires only; BQSKit unavailable
2170,2180,"(43, 47, 81, 94)",unavailable_no_bqskit,False,2,,,"(43, 47, 81, 94)",qiskit fallback is exact for two wires only; BQSKit unavailable
2180,2190,"(51, 54, 57, 83)",unavailable_no_bqskit,False,2,,,"(51, 54, 57, 83)",qiskit fallback is exact for two wires only; BQSKit unavailable
2190,2200,"(58, 59, 60, 96)",unavailable_no_bqskit,False,2,,,"(58, 59, 60, 96)",qiskit fallback is exact for two wires only; BQSKit unavailable
2200,2210,"(61, 66, 76, 77)",unavailable_no_bqskit,False,2,,,"(61, 66, 76, 77)",qiskit fallback is exact for two wires only; BQSKit unavailable
2210,2220,"(69, 70, 73, 95)",unavailable_no_bqskit,False,2,,,"(69, 70, 73, 95)",qiskit fallback is exact for two wires only; BQSKit unavailable
2220,2230,"(74, 82, 84, 87)",unavailable_no_bqskit,False,2,,,"(74, 82, 84, 87)",qiskit fallback is exact for two wires only; BQSKit unavailable
2230,2240,"(0, 2, 15, 20)",unavailable_no_bqskit,False,2,,,"(0, 2, 15, 20)",qiskit fallback is exact for two wires only; BQSKit unavailable
2240,2250,"(3, 4, 17, 42)",unavailable_no_bqskit,False,2,,,"(3, 4, 17, 42)",qiskit fallback is exact for two wires only; BQSKit unavailable
2250,2260,"(5, 6, 26, 52)",unavailable_no_bqskit,False,2,,,"(5, 6, 26, 52)",qiskit fallback is exact for two wires only; BQSKit unavailable
2260,2270,"(8, 9, 29, 67)",unavailable_no_bqskit,False,2,,,"(8, 9, 29, 67)",qiskit fallback is exact for two wires only; BQSKit unavailable
2270,2280,"(10, 11, 70, 74)",unavailable_no_bqskit,False,2,,,"(10, 11, 70, 74)",qiskit fallback is exact for two wires only; BQSKit unavailable
2280,2290,"(12, 14, 54, 82)",unavailable_no_bqskit,False,2,,,"(12, 14, 54, 82)",qiskit fallback is exact for two wires only; BQSKit unavailable
2290,2300,"(16, 18, 32, 66)",unavailable_no_bqskit,False,2,,,"(16, 18, 32, 66)",qiskit fallback is exact for two wires only; BQSKit unavailable
2300,2310,"(22, 24, 38, 89)",unavailable_no_bqskit,False,2,,,"(22, 24, 38, 89)",qiskit fallback is exact for two wires only; BQSKit unavailable
2310,2320,"(25, 31, 33, 69)",unavailable_no_bqskit,False,2,,,"(25, 31, 33, 69)",qiskit fallback is exact for two wires only; BQSKit unavailable
2320,2330,"(35, 36, 79, 93)",unavailable_no_bqskit,False,2,,,"(35, 36, 79, 93)",qiskit fallback is exact for two wires only; BQSKit unavailable
2330,2340,"(39, 40, 55, 87)",unavailable_no_bqskit,False,2,,,"(39, 40, 55, 87)",qiskit fallback is exact for two wires only; BQSKit unavailable
2340,2350,"(44, 46, 47, 76)",unavailable_no_bqskit,False,2,,,"(44, 46, 47, 76)",qiskit fallback is exact for two wires only; BQSKit unavailable
2350,2360,"(48, 51, 62, 80)",unavailable_no_bqskit,False,2,,,"(48, 51, 62, 80)",qiskit fallback is exact for two wires only; BQSKit unavailable
2360,2370,"(53, 56, 61, 73)",unavailable_no_bqskit,False,2,,,"(53, 56, 61, 73)",qiskit fallback is exact for two wires only; BQSKit unavailable
2370,2380,"(58, 68, 71, 86)",unavailable_no_bqskit,False,2,,,"(58, 68, 71, 86)",qiskit fallback is exact for two wires only; BQSKit unavailable
2380,2390,"(72, 81, 83, 97)",unavailable_no_bqskit,False,2,,,"(72, 81, 83, 97)",qiskit fallback is exact for two wires only; BQSKit unavailable
2390,2400,"(88, 90, 92, 95)",unavailable_no_bqskit,False,2,,,"(88, 90, 92, 95)",qiskit fallback is exact for two wires only; BQSKit unavailable
2400,2410,"(0, 1, 36, 92)",unavailable_no_bqskit,False,2,,,"(0, 1, 36, 92)",qiskit fallback is exact for two wires only; BQSKit unavailable
2410,2420,"(3, 4, 50, 67)",unavailable_no_bqskit,False,2,,,"(3, 4, 50, 67)",qiskit fallback is exact for two wires only; BQSKit unavailable
2420,2430,"(6, 7, 20, 83)",unavailable_no_bqskit,False,2,,,"(6, 7, 20, 83)",qiskit fallback is exact for two wires only; BQSKit unavailable
2430,2440,"(8, 10, 53, 93)",unavailable_no_bqskit,False,2,,,"(8, 10, 53, 93)",qiskit fallback is exact for two wires only; BQSKit unavailable
2440,2450,"(12, 13, 56, 88)",unavailable_no_bqskit,False,2,,,"(12, 13, 56, 88)",qiskit fallback is exact for two wires only; BQSKit unavailable
2450,2460,"(17, 19, 21, 25)",unavailable_no_bqskit,False,2,,,"(17, 19, 21, 25)",qiskit fallback is exact for two wires only; BQSKit unavailable
2460,2470,"(22, 23, 30, 82)",unavailable_no_bqskit,False,2,,,"(22, 23, 30, 82)",qiskit fallback is exact for two wires only; BQSKit unavailable
2470,2480,"(24, 27, 47, 62)",unavailable_no_bqskit,False,2,,,"(24, 27, 47, 62)",qiskit fallback is exact for two wires only; BQSKit unavailable
2480,2490,"(29, 33, 40, 65)",unavailable_no_bqskit,False,2,,,"(29, 33, 40, 65)",qiskit fallback is exact for two wires only; BQSKit unavailable
2490,2500,"(38, 41, 63, 68)",unavailable_no_bqskit,False,2,,,"(38, 41, 63, 68)",qiskit fallback is exact for two wires only; BQSKit unavailable
2500,2510,"(51, 57, 61, 90)",unavailable_no_bqskit,False,2,,,"(51, 57, 61, 90)",qiskit fallback is exact for two wires only; BQSKit unavailable
2510,2520,"(58, 60, 66, 75)",unavailable_no_bqskit,False,2,,,"(58, 60, 66, 75)",qiskit fallback is exact for two wires only; BQSKit unavailable
2520,2530,"(69, 76, 89, 94)",unavailable_no_bqskit,False,2,,,"(69, 76, 89, 94)",qiskit fallback is exact for two wires only; BQSKit unavailable
2530,2540,"(80, 84, 85, 95)",unavailable_no_bqskit,False,2,,,"(80, 84, 85, 95)",qiskit fallback is exact for two wires only; BQSKit unavailable
2540,2550,"(0, 1, 2, 64)",unavailable_no_bqskit,False,2,,,"(0, 1, 2, 64)",qiskit fallback is exact for two wires only; BQSKit unavailable
2550,2560,"(7, 9, 16, 41)",unavailable_no_bqskit,False,2,,,"(7, 9, 16, 41)",qiskit fallback is exact for two wires only; BQSKit unavailable
2560,2570,"(11, 12, 13, 92)",unavailable_no_bqskit,False,2,,,"(11, 12, 13, 92)",qiskit fallback is exact for two wires only; BQSKit unavailable
2570,2580,"(17, 19, 31, 48)",unavailable_no_bqskit,False,2,,,"(17, 19, 31, 48)",qiskit fallback is exact for two wires only; BQSKit unavailable
2580,2590,"(20, 21, 43, 46)",unavailable_no_bqskit,False,2,,,"(20, 21, 43, 46)",qiskit fallback is exact for two wires only; BQSKit unavailable
2590,2600,"(22, 23, 71, 90)",unavailable_no_bqskit,False,2,,,"(22, 23, 71, 90)",qiskit fallback is exact for two wires only; BQSKit unavailable
2600,2610,"(25, 26, 34, 82)",unavailable_no_bqskit,False,2,,,"(25, 26, 34, 82)",qiskit fallback is exact for two wires only; BQSKit unavailable
2610,2620,"(27, 35, 62, 86)",unavailable_no_bqskit,False,2,,,"(27, 35, 62, 86)",qiskit fallback is exact for two wires only; BQSKit unavailable
2620,2630,"(37, 42, 58, 88)",unavailable_no_bqskit,False,2,,,"(37, 42, 58, 88)",qiskit fallback is exact for two wires only; BQSKit unavailable
2630,2640,"(51, 52, 94, 97)",unavailable_no_bqskit,False,2,,,"(51, 52, 94, 97)",qiskit fallback is exact for two wires only; BQSKit unavailable
2640,2650,"(54, 56, 59, 65)",unavailable_no_bqskit,False,2,,,"(54, 56, 59, 65)",qiskit fallback is exact for two wires only; BQSKit unavailable
2650,2660,"(57, 61, 68, 84)",unavailable_no_bqskit,False,2,,,"(57, 61, 68, 84)",qiskit fallback is exact for two wires only; BQSKit unavailable
2660,2670,"(72, 74, 85, 95)",unavailable_no_bqskit,False,2,,,"(72, 74, 85, 95)",qiskit fallback is exact for two wires only; BQSKit unavailable
2670,2680,"(1, 36, 80, 81)",unavailable_no_bqskit,False,2,,,"(1, 36, 80, 81)",qiskit fallback is exact for two wires only; BQSKit unavailable
2680,2690,"(2, 3, 15, 25)",unavailable_no_bqskit,False,2,,,"(2, 3, 15, 25)",qiskit fallback is exact for two wires only; BQSKit unavailable
2690,2700,"(13, 14, 21, 46)",unavailable_no_bqskit,False,2,,,"(13, 14, 21, 46)",qiskit fallback is exact for two wires only; BQSKit unavailable
2700,2710,"(16, 19, 29, 91)",unavailable_no_bqskit,False,2,,,"(16, 19, 29, 91)",qiskit fallback is exact for two wires only; BQSKit unavailable
2710,2720,"(22, 26, 93, 95)",unavailable_no_bqskit,False,2,,,"(22, 26, 93, 95)",qiskit fallback is exact for two wires only; BQSKit unavailable
2720,2730,"(30, 31, 37, 78)",unavailable_no_bqskit,False,2,,,"(30, 31, 37, 78)",qiskit fallback is exact for two wires only; BQSKit unavailable
2730,2740,"(32, 34, 42, 96)",unavailable_no_bqskit,False,2,,,"(32, 34, 42, 96)",qiskit fallback is exact for two wires only; BQSKit unavailable
2740,2750,"(35, 41, 65, 86)",unavailable_no_bqskit,False,2,,,"(35, 41, 65, 86)",qiskit fallback is exact for two wires only; BQSKit unavailable
2750,2760,"(43, 44, 64, 87)",unavailable_no_bqskit,False,2,,,"(43, 44, 64, 87)",qiskit fallback is exact for two wires only; BQSKit unavailable
2760,2770,"(48, 54, 73, 94)",unavailable_no_bqskit,False,2,,,"(48, 54, 73, 94)",qiskit fallback is exact for two wires only; BQSKit unavailable
2770,2780,"(0, 5, 15, 36)",unavailable_no_bqskit,False,2,,,"(0, 5, 15, 36)",qiskit fallback is exact for two wires only; BQSKit unavailable
2780,2790,"(9, 14, 35, 59)",unavailable_no_bqskit,False,2,,,"(9, 14, 35, 59)",qiskit fallback is exact for two wires only; BQSKit unavailable
2790,2800,"(16, 18, 51, 91)",unavailable_no_bqskit,False,2,,,"(16, 18, 51, 91)",qiskit fallback is exact for two wires only; BQSKit unavailable
2800,2810,"(19, 28, 39, 78)",unavailable_no_bqskit,False,2,,,"(19, 28, 39, 78)",qiskit fallback is exact for two wires only; BQSKit unavailable
2810,2820,"(30, 31, 50, 63)",unavailable_no_bqskit,False,2,,,"(30, 31, 50, 63)",qiskit fallback is exact for two wires only; BQSKit unavailable
2820,2830,"(32, 34, 38, 55)",unavailable_no_bqskit,False,2,,,"(32, 34, 38, 55)",qiskit fallback is exact for two wires only; BQSKit unavailable
2830,2840,"(44, 49, 52, 96)",unavailable_no_bqskit,False,2,,,"(44, 49, 52, 96)",qiskit fallback is exact for two wires only; BQSKit unavailable
2840,2850,"(54, 61, 83, 87)",unavailable_no_bqskit,False,2,,,"(54, 61, 83, 87)",qiskit fallback is exact for two wires only; BQSKit unavailable
2850,2860,"(64, 66, 90, 95)",unavailable_no_bqskit,False,2,,,"(64, 66, 90, 95)",qiskit fallback is exact for two wires only; BQSKit unavailable
2860,2870,"(0, 2, 5, 94)",unavailable_no_bqskit,False,2,,,"(0, 2, 5, 94)",qiskit fallback is exact for two wires only; BQSKit unavailable
2870,2880,"(7, 11, 39, 63)",unavailable_no_bqskit,False,2,,,"(7, 11, 39, 63)",qiskit fallback is exact for two wires only; BQSKit unavailable
2880,2890,"(14, 15, 53, 59)",unavailable_no_bqskit,False,2,,,"(14, 15, 53, 59)",qiskit fallback is exact for two wires only; BQSKit unavailable
2890,2900,"(16, 17, 29, 31)",unavailable_no_bqskit,False,2,,,"(16, 17, 29, 31)",qiskit fallback is exact for two wires only; BQSKit unavailable
2900,2910,"(18, 19, 60, 87)",unavailable_no_bqskit,False,2,,,"(18, 19, 60, 87)",qiskit fallback is exact for two wires only; BQSKit unavailable
2910,2920,"(23, 28, 44, 45)",unavailable_no_bqskit,False,2,,,"(23, 28, 44, 45)",qiskit fallback is exact for two wires only; BQSKit unavailable
2920,2930,"(30, 32, 37, 42)",unavailable_no_bqskit,False,2,,,"(30, 32, 37, 42)",qiskit fallback is exact for two wires only; BQSKit unavailable
2930,2940,"(36, 40, 52, 86)",unavailable_no_bqskit,False,2,,,"(36, 40, 52, 86)",qiskit fallback is exact for two wires only; BQSKit unavailable
2940,2950,"(47, 49, 64, 71)",unavailable_no_bqskit,False,2,,,"(47, 49, 64, 71)",qiskit fallback is exact for two wires only; BQSKit unavailable
2950,2960,"(50, 51, 69, 80)",unavailable_no_bqskit,False,2,,,"(50, 51, 69, 80)",qiskit fallback is exact for two wires only; BQSKit unavailable
2960,2970,"(55, 56, 61, 97)",unavailable_no_bqskit,False,2,,,"(55, 56, 61, 97)",qiskit fallback is exact for two wires only; BQSKit unavailable
2970,2980,"(77, 78, 85, 91)",unavailable_no_bqskit,False,2,,,"(77, 78, 85, 91)",qiskit fallback is exact for two wires only; BQSKit unavailable
2980,2990,"(0, 2, 48, 70)",unavailable_no_bqskit,False,2,,,"(0, 2, 48, 70)",qiskit fallback is exact for two wires only; BQSKit unavailable
2990,3000,"(3, 6, 32, 78)",unavailable_no_bqskit,False,2,,,"(3, 6, 32, 78)",qiskit fallback is exact for two wires only; BQSKit unavailable
3000,3010,"(7, 11, 74, 88)",unavailable_no_bqskit,False,2,,,"(7, 11, 74, 88)",qiskit fallback is exact for two wires only; BQSKit unavailable
3010,3020,"(16, 24, 31, 51)",unavailable_no_bqskit,False,2,,,"(16, 24, 31, 51)",qiskit fallback is exact for two wires only; BQSKit unavailable
3020,3030,"(25, 27, 50, 77)",unavailable_no_bqskit,False,2,,,"(25, 27, 50, 77)",qiskit fallback is exact for two wires only; BQSKit unavailable
3030,3040,"(28, 30, 75, 91)",unavailable_no_bqskit,False,2,,,"(28, 30, 75, 91)",qiskit fallback is exact for two wires only; BQSKit unavailable
3040,3050,"(33, 35, 45, 86)",unavailable_no_bqskit,False,2,,,"(33, 35, 45, 86)",qiskit fallback is exact for two wires only; BQSKit unavailable
3050,3060,"(37, 38, 42, 89)",unavailable_no_bqskit,False,2,,,"(37, 38, 42, 89)",qiskit fallback is exact for two wires only; BQSKit unavailable
3060,3070,"(39, 44, 52, 67)",unavailable_no_bqskit,False,2,,,"(39, 44, 52, 67)",qiskit fallback is exact for two wires only; BQSKit unavailable
3070,3080,"(47, 54, 81, 94)",unavailable_no_bqskit,False,2,,,"(47, 54, 81, 94)",qiskit fallback is exact for two wires only; BQSKit unavailable
3080,3090,"(60, 61, 76, 87)",unavailable_no_bqskit,False,2,,,"(60, 61, 76, 87)",qiskit fallback is exact for two wires only; BQSKit unavailable
3090,3100,"(0, 1, 64, 66)",unavailable_no_bqskit,False,2,,,"(0, 1, 64, 66)",qiskit fallback is exact for two wires only; BQSKit unavailable
3100,3110,"(2, 5, 73, 94)",unavailable_no_bqskit,False,2,,,"(2, 5, 73, 94)",qiskit fallback is exact for two wires only; BQSKit unavailable
3110,3120,"(6, 7, 39, 82)",unavailable_no_bqskit,False,2,,,"(6, 7, 39, 82)",qiskit fallback is exact for two wires only; BQSKit unavailable
3120,3130,"(11, 13, 63, 78)",unavailable_no_bqskit,False,2,,,"(11, 13, 63, 78)",qiskit fallback is exact for two wires only; BQSKit unavailable
3130,3140,"(19, 22, 38, 87)",unavailable_no_bqskit,False,2,,,"(19, 22, 38, 87)",qiskit fallback is exact for two wires only; BQSKit unavailable
3140,3150,"(23, 24, 42, 44)",unavailable_no_bqskit,False,2,,,"(23, 24, 42, 44)",qiskit fallback is exact for two wires only; BQSKit unavailable
3150,3160,"(25, 30, 33, 84)",unavailable_no_bqskit,False,2,,,"(25, 30, 33, 84)",qiskit fallback is exact for two wires only; BQSKit unavailable
3160,3170,"(31, 36, 77, 86)",unavailable_no_bqskit,False,2,,,"(31, 36, 77, 86)",qiskit fallback is exact for two wires only; BQSKit unavailable
3170,3180,"(40, 43, 48, 52)",unavailable_no_bqskit,False,2,,,"(40, 43, 48, 52)",qiskit fallback is exact for two wires only; BQSKit unavailable
3180,3190,"(47, 50, 64, 68)",unavailable_no_bqskit,False,2,,,"(47, 50, 64, 68)",qiskit fallback is exact for two wires only; BQSKit unavailable
3190,3200,"(51, 53, 70, 80)",unavailable_no_bqskit,False,2,,,"(51, 53, 70, 80)",qiskit fallback is exact for two wires only; BQSKit unavailable
3200,3210,"(54, 55, 83, 89)",unavailable_no_bqskit,False,2,,,"(54, 55, 83, 89)",qiskit fallback is exact for two wires only; BQSKit unavailable
3210,3220,"(56, 57, 61, 76)",unavailable_no_bqskit,False,2,,,"(56, 57, 61, 76)",qiskit fallback is exact for two wires only; BQSKit unavailable
3220,3230,"(72, 75, 85, 91)",unavailable_no_bqskit,False,2,,,"(72, 75, 85, 91)",qiskit fallback is exact for two wires only; BQSKit unavailable
3230,3240,"(0, 18, 88, 92)",unavailable_no_bqskit,False,2,,,"(0, 18, 88, 92)",qiskit fallback is exact for two wires only; BQSKit unavailable
3240,3250,"(5, 6, 32, 40)",unavailable_no_bqskit,False,2,,,"(5, 6, 32, 40)",qiskit fallback is exact for two wires only; BQSKit unavailable
3250,3260,"(7, 8, 74, 75)",unavailable_no_bqskit,False,2,,,"(7, 8, 74, 75)",qiskit fallback is exact for two wires only; BQSKit unavailable
3260,3270,"(11, 12, 82, 88)",unavailable_no_bqskit,False,2,,,"(11, 12, 82, 88)",qiskit fallback is exact for two wires only; BQSKit unavailable
3270,3280,"(13, 14, 46, 61)",unavailable_no_bqskit,False,2,,,"(13, 14, 46, 61)",qiskit fallback is exact for two wires only; BQSKit unavailable
3280,3290,"(15, 16, 52, 53)",unavailable_no_bqskit,False,2,,,"(15, 16, 52, 53)",qiskit fallback is exact for two wires only; BQSKit unavailable
3290,3300,"(22, 23, 66, 95)",unavailable_no_bqskit,False,2,,,"(22, 23, 66, 95)",qiskit fallback is exact for two wires only; BQSKit unavailable
3300,3310,"(24, 25, 31, 34)",unavailable_no_bqskit,False,2,,,"(24, 25, 31, 34)",qiskit fallback is exact for two wires only; BQSKit unavailable
3310,3320,"(27, 28, 50, 78)",unavailable_no_bqskit,False,2,,,"(27, 28, 50, 78)",qiskit fallback is exact for two wires only; BQSKit unavailable
3320,3330,"(30, 33, 69, 91)",unavailable_no_bqskit,False,2,,,"(30, 33, 69, 91)",qiskit fallback is exact for two wires only; BQSKit unavailable
3330,3340,"(37, 39, 67, 89)",unavailable_no_bqskit,False,2,,,"(37, 39, 67, 89)",qiskit fallback is exact for two wires only; BQSKit unavailable
3340,3350,"(45, 47, 48, 81)",unavailable_no_bqskit,False,2,,,"(45, 47, 48, 81)",qiskit fallback is exact for two wires only; BQSKit unavailable
3350,3360,"(55, 58, 68, 97)",unavailable_no_bqskit,False,2,,,"(55, 58, 68, 97)",qiskit fallback is exact for two wires only; BQSKit unavailable
3360,3370,"(70, 86, 94, 96)",unavailable_no_bqskit,False,2,,,"(70, 86, 94, 96)",qiskit fallback is exact for two wires only; BQSKit unavailable
3370,3380,"(1, 6, 18, 82)",unavailable_no_bqskit,False,2,,,"(1, 6, 18, 82)",qiskit fallback is exact for two wires only; BQSKit unavailable
3380,3390,"(8, 10, 12, 26)",unavailable_no_bqskit,False,2,,,"(8, 10, 12, 26)",qiskit fallback is exact for two wires only; BQSKit unavailable
3390,3400,"(13, 22, 38, 78)",unavailable_no_bqskit,False,2,,,"(13, 22, 38, 78)",qiskit fallback is exact for two wires only; BQSKit unavailable
3400,3410,"(24, 25, 33, 42)",unavailable_no_bqskit,False,2,,,"(24, 25, 33, 42)",qiskit fallback is exact for two wires only; BQSKit unavailable
3410,3420,"(29, 30, 74, 84)",unavailable_no_bqskit,False,2,,,"(29, 30, 74, 84)",qiskit fallback is exact for two wires only; BQSKit unavailable
3420,3430,"(31, 32, 54, 77)",unavailable_no_bqskit,False,2,,,"(31, 32, 54, 77)",qiskit fallback is exact for two wires only; BQSKit unavailable
3430,3440,"(43, 45, 47, 51)",unavailable_no_bqskit,False,2,,,"(43, 45, 47, 51)",qiskit fallback is exact for two wires only; BQSKit unavailable
3440,3450,"(48, 50, 62, 68)",unavailable_no_bqskit,False,2,,,"(48, 50, 62, 68)",qiskit fallback is exact for two wires only; BQSKit unavailable
3450,3460,"(53, 55, 70, 89)",unavailable_no_bqskit,False,2,,,"(53, 55, 70, 89)",qiskit fallback is exact for two wires only; BQSKit unavailable
3460,3470,"(67, 72, 75, 87)",unavailable_no_bqskit,False,2,,,"(67, 72, 75, 87)",qiskit fallback is exact for two wires only; BQSKit unavailable
3470,3480,"(88, 90, 92, 95)",unavailable_no_bqskit,False,2,,,"(88, 90, 92, 95)",qiskit fallback is exact for two wires only; BQSKit unavailable
3480,3490,"(0, 1, 7, 30)",unavailable_no_bqskit,False,2,,,"(0, 1, 7, 30)",qiskit fallback is exact for two wires only; BQSKit unavailable
3490,3500,"(8, 9, 33, 75)",unavailable_no_bqskit,False,2,,,"(8, 9, 33, 75)",qiskit fallback is exact for two wires only; BQSKit unavailable
3500,3510,"(11, 12, 82, 84)",unavailable_no_bqskit,False,2,,,"(11, 12, 82, 84)",qiskit fallback is exact for two wires only; BQSKit unavailable
3510,3520,"(18, 25, 34, 60)",unavailable_no_bqskit,False,2,,,"(18, 25, 34, 60)",qiskit fallback is exact for two wires only; BQSKit unavailable
3520,3530,"(28, 32, 40, 78)",unavailable_no_bqskit,False,2,,,"(28, 32, 40, 78)",qiskit fallback is exact for two wires only; BQSKit unavailable
3530,3540,"(36, 38, 50, 95)",unavailable_no_bqskit,False,2,,,"(36, 38, 50, 95)",qiskit fallback is exact for two wires only; BQSKit unavailable
3540,3550,"(42, 45, 48, 81)",unavailable_no_bqskit,False,2,,,"(42, 45, 48, 81)",qiskit fallback is exact for two wires only; BQSKit unavailable
3550,3560,"(46, 55, 80, 88)",unavailable_no_bqskit,False,2,,,"(46, 55, 80, 88)",qiskit fallback is exact for two wires only; BQSKit unavailable
3560,3570,"(58, 68, 70, 96)",unavailable_no_bqskit,False,2,,,"(58, 68, 70, 96)",qiskit fallback is exact for two wires only; BQSKit unavailable
3570,3580,"(0, 17, 89, 92)",unavailable_no_bqskit,False,2,,,"(0, 17, 89, 92)",qiskit fallback is exact for two wires only; BQSKit unavailable
3580,3590,"(1, 2, 18, 48)",unavailable_no_bqskit,False,2,,,"(1, 2, 18, 48)",qiskit fallback is exact for two wires only; BQSKit unavailable
3590,3600,"(7, 8, 10, 90)",unavailable_no_bqskit,False,2,,,"(7, 8, 10, 90)",qiskit fallback is exact for two wires only; BQSKit unavailable
3600,3610,"(9, 24, 35, 68)",unavailable_no_bqskit,False,2,,,"(9, 24, 35, 68)",qiskit fallback is exact for two wires only; BQSKit unavailable
3610,3620,"(25, 31, 34, 97)",unavailable_no_bqskit,False,2,,,"(25, 31, 34, 97)",qiskit fallback is exact for two wires only; BQSKit unavailable
3620,3630,"(33, 38, 69, 84)",unavailable_no_bqskit,False,2,,,"(33, 38, 69, 84)",qiskit fallback is exact for two wires only; BQSKit unavailable
3630,3640,"(45, 46, 49, 61)",unavailable_no_bqskit,False,2,,,"(45, 46, 49, 61)",qiskit fallback is exact for two wires only; BQSKit unavailable
3640,3650,"(54, 55, 56, 58)",unavailable_no_bqskit,False,2,,,"(54, 55, 56, 58)",qiskit fallback is exact for two wires only; BQSKit unavailable
3650,3660,"(60, 63, 76, 82)",unavailable_no_bqskit,False,2,,,"(60, 63, 76, 82)",qiskit fallback is exact for two wires only; BQSKit unavailable
3660,3670,"(72, 75, 78, 91)",unavailable_no_bqskit,False,2,,,"(72, 75, 78, 91)",qiskit fallback is exact for two wires only; BQSKit unavailable
3670,3680,"(0, 20, 80, 95)",unavailable_no_bqskit,False,2,,,"(0, 20, 80, 95)",qiskit fallback is exact for two wires only; BQSKit unavailable
3680,3690,"(1, 2, 73, 79)",unavailable_no_bqskit,False,2,,,"(1, 2, 73, 79)",qiskit fallback is exact for two wires only; BQSKit unavailable
3690,3700,"(7, 9, 30, 33)",unavailable_no_bqskit,False,2,,,"(7, 9, 30, 33)",qiskit fallback is exact for two wires only; BQSKit unavailable
3700,3710,"(10, 15, 17, 21)",unavailable_no_bqskit,False,2,,,"(10, 15, 17, 21)",qiskit fallback is exact for two wires only; BQSKit unavailable
3710,3720,"(18, 38, 40, 64)",unavailable_no_bqskit,False,2,,,"(18, 38, 40, 64)",qiskit fallback is exact for two wires only; BQSKit unavailable
3720,3730,"(43, 45, 47, 75)",unavailable_no_bqskit,False,2,,,"(43, 45, 47, 75)",qiskit fallback is exact for two wires only; BQSKit unavailable
3730,3740,"(48, 49, 62, 71)",unavailable_no_bqskit,False,2,,,"(48, 49, 62, 71)",qiskit fallback is exact for two wires only; BQSKit unavailable
3740,3750,"(51, 57, 76, 91)",unavailable_no_bqskit,False,2,,,"(51, 57, 76, 91)",qiskit fallback is exact for two wires only; BQSKit unavailable
3750,3760,"(60, 67, 85, 97)",unavailable_no_bqskit,False,2,,,"(60, 67, 85, 97)",qiskit fallback is exact for two wires only; BQSKit unavailable
3760,3770,"(68, 72, 82, 92)",unavailable_no_bqskit,False,2,,,"(68, 72, 82, 92)",qiskit fallback is exact for two wires only; BQSKit unavailable
3770,3780,"(0, 1, 17, 65)",unavailable_no_bqskit,False,2,,,"(0, 1, 17, 65)",qiskit fallback is exact for two wires only; BQSKit unavailable
3780,3790,"(2, 3, 62, 79)",unavailable_no_bqskit,False,2,,,"(2, 3, 62, 79)",qiskit fallback is exact for two wires only; BQSKit unavailable
3790,3800,"(7, 9, 48, 63)",unavailable_no_bqskit,False,2,,,"(7, 9, 48, 63)",qiskit fallback is exact for two wires only; BQSKit unavailable
3800,3810,"(14, 18, 29, 64)",unavailable_no_bqskit,False,2,,,"(14, 18, 29, 64)",qiskit fallback is exact for two wires only; BQSKit unavailable
3810,3820,"(30, 32, 47, 76)",unavailable_no_bqskit,False,2,,,"(30, 32, 47, 76)",qiskit fallback is exact for two wires only; BQSKit unavailable
3820,3830,"(33, 35, 37, 57)",unavailable_no_bqskit,False,2,,,"(33, 35, 37, 57)",qiskit fallback is exact for two wires only; BQSKit unavailable
3830,3840,"(43, 45, 49, 69)",unavailable_no_bqskit,False,2,,,"(43, 45, 49, 69)",qiskit fallback is exact for two wires only; BQSKit unavailable
3840,3850,"(53, 55, 73, 97)",unavailable_no_bqskit,False,2,,,"(53, 55, 73, 97)",qiskit fallback is exact for two wires only; BQSKit unavailable
3850,3860,"(70, 71, 85, 87)",unavailable_no_bqskit,False,2,,,"(70, 71, 85, 87)",qiskit fallback is exact for two wires only; BQSKit unavailable
3860,3870,"(0, 1, 4, 20)",unavailable_no_bqskit,False,2,,,"(0, 1, 4, 20)",qiskit fallback is exact for two wires only; BQSKit unavailable
3870,3880,"(2, 6, 15, 17)",unavailable_no_bqskit,False,2,,,"(2, 6, 15, 17)",qiskit fallback is exact for two wires only; BQSKit unavailable
3880,3890,"(19, 25, 45, 70)",unavailable_no_bqskit,False,2,,,"(19, 25, 45, 70)",qiskit fallback is exact for two wires only; BQSKit unavailable
3890,3900,"(27, 30, 33, 90)",unavailable_no_bqskit,False,2,,,"(27, 30, 33, 90)",qiskit fallback is exact for two wires only; BQSKit unavailable
3900,3910,"(37, 41, 42, 65)",unavailable_no_bqskit,False,2,,,"(37, 41, 42, 65)",qiskit fallback is exact for two wires only; BQSKit unavailable
3910,3920,"(43, 44, 49, 78)",unavailable_no_bqskit,False,2,,,"(43, 44, 49, 78)",qiskit fallback is exact for two wires only; BQSKit unavailable
3920,3930,"(46, 48, 50, 85)",unavailable_no_bqskit,False,2,,,"(46, 48, 50, 85)",qiskit fallback is exact for two wires only; BQSKit unavailable
3930,3940,"(53, 56, 73, 76)",unavailable_no_bqskit,False,2,,,"(53, 56, 73, 76)",qiskit fallback is exact for two wires only; BQSKit unavailable
3940,3950,"(57, 71, 81, 89)",unavailable_no_bqskit,False,2,,,"(57, 71, 81, 89)",qiskit fallback is exact for two wires only; BQSKit unavailable
3950,3960,"(0, 13, 79, 93)",unavailable_no_bqskit,False,2,,,"(0, 13, 79, 93)",qiskit fallback is exact for two wires only; BQSKit unavailable
3960,3970,"(1, 3, 65, 79)",unavailable_no_bqskit,False,2,,,"(1, 3, 65, 79)",qiskit fallback is exact for two wires only; BQSKit unavailable
3970,3980,"(5, 6, 22, 33)",unavailable_no_bqskit,False,2,,,"(5, 6, 22, 33)",qiskit fallback is exact for two wires only; BQSKit unavailable
3980,3990,"(7, 15, 37, 53)",unavailable_no_bqskit,False,2,,,"(7, 15, 37, 53)",qiskit fallback is exact for two wires only; BQSKit unavailable
3990,4000,"(19, 20, 52, 96)",unavailable_no_bqskit,False,2,,,"(19, 20, 52, 96)",qiskit fallback is exact for two wires only; BQSKit unavailable
4000,4010,"(26, 36, 49, 93)",unavailable_no_bqskit,False,2,,,"(26, 36, 49, 93)",qiskit fallback is exact for two wires only; BQSKit unavailable
4010,4020,"(41, 56, 57, 83)",unavailable_no_bqskit,False,2,,,"(41, 56, 57, 83)",qiskit fallback is exact for two wires only; BQSKit unavailable
4020,4030,"(68, 70, 76, 80)",unavailable_no_bqskit,False,2,,,"(68, 70, 76, 80)",qiskit fallback is exact for two wires only; BQSKit unavailable
4030,4040,"(0, 74, 81, 95)",unavailable_no_bqskit,False,2,,,"(0, 74, 81, 95)",qiskit fallback is exact for two wires only; BQSKit unavailable
4040,4050,"(1, 2, 4, 33)",unavailable_no_bqskit,False,2,,,"(1, 2, 4, 33)",qiskit fallback is exact for two wires only; BQSKit unavailable
4050,4060,"(6, 12, 17, 26)",unavailable_no_bqskit,False,2,,,"(6, 12, 17, 26)",qiskit fallback is exact for two wires only; BQSKit unavailable
4060,4070,"(13, 15, 23, 29)",unavailable_no_bqskit,False,2,,,"(13, 15, 23, 29)",qiskit fallback is exact for two wires only; BQSKit unavailable
4070,4080,"(20, 35, 65, 88)",unavailable_no_bqskit,False,2,,,"(20, 35, 65, 88)",qiskit fallback is exact for two wires only; BQSKit unavailable
4080,4090,"(36, 37, 55, 89)",unavailable_no_bqskit,False,2,,,"(36, 37, 55, 89)",qiskit fallback is exact for two wires only; BQSKit unavailable
4090,4100,"(41, 49, 69, 71)",unavailable_no_bqskit,False,2,,,"(41, 49, 69, 71)",qiskit fallback is exact for two wires only; BQSKit unavailable
4100,4110,"(52, 79, 92, 93)",unavailable_no_bqskit,False,2,,,"(52, 79, 92, 93)",qiskit fallback is exact for two wires only; BQSKit unavailable
4110,4120,"(0, 1, 39, 42)",unavailable_no_bqskit,False,2,,,"(0, 1, 39, 42)",qiskit fallback is exact for two wires only; BQSKit unavailable
4120,4130,"(3, 4, 6, 60)",unavailable_no_bqskit,False,2,,,"(3, 4, 6, 60)",qiskit fallback is exact for two wires only; BQSKit unavailable
4130,4140,"(7, 8, 26, 37)",unavailable_no_bqskit,False,2,,,"(7, 8, 26, 37)",qiskit fallback is exact for two wires only; BQSKit unavailable
4140,4150,"(12, 13, 43, 93)",unavailable_no_bqskit,False,2,,,"(12, 13, 43, 93)",qiskit fallback is exact for two wires only; BQSKit unavailable
4150,4160,"(16, 17, 21, 35)",unavailable_no_bqskit,False,2,,,"(16, 17, 21, 35)",qiskit fallback is exact for two wires only; BQSKit unavailable
4160,4170,"(20, 23, 28, 79)",unavailable_no_bqskit,False,2,,,"(20, 23, 28, 79)",qiskit fallback is exact for two wires only; BQSKit unavailable
4170,4180,"(41, 48, 72, 74)",unavailable_no_bqskit,False,2,,,"(41, 48, 72, 74)",qiskit fallback is exact for two wires only; BQSKit unavailable
4180,4190,"(49, 58, 65, 67)",unavailable_no_bqskit,False,2,,,"(49, 58, 65, 67)",qiskit fallback is exact for two wires only; BQSKit unavailable
4190,4200,"(61, 71, 75, 89)",unavailable_no_bqskit,False,2,,,"(61, 71, 75, 89)",qiskit fallback is exact for two wires only; BQSKit unavailable
4200,4210,"(1, 3, 9, 24)",unavailable_no_bqskit,False,2,,,"(1, 3, 9, 24)",qiskit fallback is exact for two wires only; BQSKit unavailable
4210,4220,"(4, 7, 30, 66)",unavailable_no_bqskit,False,2,,,"(4, 7, 30, 66)",qiskit fallback is exact for two wires only; BQSKit unavailable
4220,4230,"(8, 10, 39, 96)",unavailable_no_bqskit,False,2,,,"(8, 10, 39, 96)",qiskit fallback is exact for two wires only; BQSKit unavailable
4230,4240,"(12, 13, 44, 46)",unavailable_no_bqskit,False,2,,,"(12, 13, 44, 46)",qiskit fallback is exact for two wires only; BQSKit unavailable
4240,4250,"(16, 17, 22, 91)",unavailable_no_bqskit,False,2,,,"(16, 17, 22, 91)",qiskit fallback is exact for two wires only; BQSKit unavailable
4250,4260,"(18, 21, 60, 77)",unavailable_no_bqskit,False,2,,,"(18, 21, 60, 77)",qiskit fallback is exact for two wires only; BQSKit unavailable
4260,4270,"(26, 28, 31, 86)",unavailable_no_bqskit,False,2,,,"(26, 28, 31, 86)",qiskit fallback is exact for two wires only; BQSKit unavailable
4270,4280,"(34, 35, 53, 79)",unavailable_no_bqskit,False,2,,,"(34, 35, 53, 79)",qiskit fallback is exact for two wires only; BQSKit unavailable
4280,4290,"(41, 43, 72, 75)",unavailable_no_bqskit,False,2,,,"(41, 43, 72, 75)",qiskit fallback is exact for two wires only; BQSKit unavailable
4290,4300,"(4, 65, 93, 94)",unavailable_no_bqskit,False,2,,,"(4, 65, 93, 94)",qiskit fallback is exact for two wires only; BQSKit unavailable
4300,4310,"(6, 8, 24, 69)",unavailable_no_bqskit,False,2,,,"(6, 8, 24, 69)",qiskit fallback is exact for two wires only; BQSKit unavailable
4310,4320,"(9, 10, 60, 88)",unavailable_no_bqskit,False,2,,,"(9, 10, 60, 88)",qiskit fallback is exact for two wires only; BQSKit unavailable
4320,4330,"(11, 12, 19, 22)",unavailable_no_bqskit,False,2,,,"(11, 12, 19, 22)",qiskit fallback is exact for two wires only; BQSKit unavailable
4330,4340,"(16, 17, 29, 59)",unavailable_no_bqskit,False,2,,,"(16, 17, 29, 59)",qiskit fallback is exact for two wires only; BQSKit unavailable
4340,4350,"(18, 21, 62, 63)",unavailable_no_bqskit,False,2,,,"(18, 21, 62, 63)",qiskit fallback is exact for two wires only; BQSKit unavailable
4350,4360,"(25, 26, 66, 93)",unavailable_no_bqskit,False,2,,,"(25, 26, 66, 93)",qiskit fallback is exact for two wires only; BQSKit unavailable
4360,4370,"(27, 31, 64, 77)",unavailable_no_bqskit,False,2,,,"(27, 31, 64, 77)",qiskit fallback is exact for two wires only; BQSKit unavailable
4370,4380,"(34, 36, 44, 87)",unavailable_no_bqskit,False,2,,,"(34, 36, 44, 87)",qiskit fallback is exact for two wires only; BQSKit unavailable
4380,4390,"(39, 73, 78, 86)",unavailable_no_bqskit,False,2,,,"(39, 73, 78, 86)",qiskit fallback is exact for two wires only; BQSKit unavailable
4390,4400,"(85, 90, 91, 96)",unavailable_no_bqskit,False,2,,,"(85, 90, 91, 96)",qiskit fallback is exact for two wires only; BQSKit unavailable
4400,4410,"(1, 6, 32, 62)",unavailable_no_bqskit,False,2,,,"(1, 6, 32, 62)",qiskit fallback is exact for two wires only; BQSKit unavailable
4410,4420,"(17, 21, 45, 58)",unavailable_no_bqskit,False,2,,,"(17, 21, 45, 58)",qiskit fallback is exact for two wires only; BQSKit unavailable
4420,4430,"(22, 27, 50, 84)",unavailable_no_bqskit,False,2,,,"(22, 27, 50, 84)",qiskit fallback is exact for two wires only; BQSKit unavailable
4430,4440,"(28, 44, 77, 97)",unavailable_no_bqskit,False,2,,,"(28, 44, 77, 97)",qiskit fallback is exact for two wires only; BQSKit unavailable
4440,4450,"(54, 59, 83, 93)",unavailable_no_bqskit,False,2,,,"(54, 59, 83, 93)",qiskit fallback is exact for two wires only; BQSKit unavailable
4450,4460,"(3, 64, 66, 83)",unavailable_no_bqskit,False,2,,,"(3, 64, 66, 83)",qiskit fallback is exact for two wires only; BQSKit unavailable
4460,4470,"(5, 11, 45, 50)",unavailable_no_bqskit,False,2,,,"(5, 11, 45, 50)",qiskit fallback is exact for two wires only; BQSKit unavailable
4470,4480,"(17, 27, 37, 79)",unavailable_no_bqskit,False,2,,,"(17, 27, 37, 79)",qiskit fallback is exact for two wires only; BQSKit unavailable
4480,4490,"(36, 44, 59, 94)",unavailable_no_bqskit,False,2,,,"(36, 44, 59, 94)",qiskit fallback is exact for two wires only; BQSKit unavailable
4490,4500,"(3, 11, 63, 79)",unavailable_no_bqskit,False,2,,,"(3, 11, 63, 79)",qiskit fallback is exact for two wires only; BQSKit unavailable
4500,4510,"(17, 26, 44, 51)",unavailable_no_bqskit,False,2,,,"(17, 26, 44, 51)",qiskit fallback is exact for two wires only; BQSKit unavailable
4510,4520,"(14, 41, 44, 45)",unavailable_no_bqskit,False,2,,,"(14, 41, 44, 45)",qiskit fallback is exact for two wires only; BQSKit unavailable
4520,4530,"(17, 37, 43, 45)",unavailable_no_bqskit,False,2,,,"(17, 37, 43, 45)",qiskit fallback is exact for two wires only; BQSKit unavailable
4530,4540,"(14, 26, 37, 82)",unavailable_no_bqskit,False,2,,,"(14, 26, 37, 82)",qiskit fallback is exact for two wires only; BQSKit unavailable
4540,4551,"(14, 26, 41, 45)",unavailable_no_bqskit,False,2,,,"(14, 26, 41, 45)",qiskit fallback is exact for two wires only; BQSKit unavailable
4551,4560,"(26, 41, 44, 65)",unavailable_no_bqskit,False,2,,,"(26, 41, 44, 65)",qiskit fallback is exact for two wires only; BQSKit unavailable
4560,4572,"(14, 26, 44, 59)",unavailable_no_bqskit,False,2,,,"(14, 26, 44, 59)",qiskit fallback is exact for two wires only; BQSKit unavailable
4572,4580,"(0, 10, 14, 59)",unavailable_no_bqskit,False,2,,,"(0, 10, 14, 59)",qiskit fallback is exact for two wires only; BQSKit unavailable
4580,4590,"(1, 2, 15, 43)",unavailable_no_bqskit,False,2,,,"(1, 2, 15, 43)",qiskit fallback is exact for two wires only; BQSKit unavailable
4590,4600,"(3, 4, 52, 67)",unavailable_no_bqskit,False,2,,,"(3, 4, 52, 67)",qiskit fallback is exact for two wires only; BQSKit unavailable
4600,4610,"(5, 6, 19, 23)",unavailable_no_bqskit,False,2,,,"(5, 6, 19, 23)",qiskit fallback is exact for two wires only; BQSKit unavailable
4610,4620,"(7, 8, 25, 82)",unavailable_no_bqskit,False,2,,,"(7, 8, 25, 82)",qiskit fallback is exact for two wires only; BQSKit unavailable
4620,4630,"(9, 11, 48, 68)",unavailable_no_bqskit,False,2,,,"(9, 11, 48, 68)",qiskit fallback is exact for two wires only; BQSKit unavailable
4630,4640,"(12, 13, 26, 92)",unavailable_no_bqskit,False,2,,,"(12, 13, 26, 92)",qiskit fallback is exact for two wires only; BQSKit unavailable
4640,4650,"(14, 16, 17, 32)",unavailable_no_bqskit,False,2,,,"(14, 16, 17, 32)",qiskit fallback is exact for two wires only; BQSKit unavailable
4650,4660,"(18, 20, 51, 65)",unavailable_no_bqskit,False,2,,,"(18, 20, 51, 65)",qiskit fallback is exact for two wires only; BQSKit unavailable
4660,4670,"(21, 22, 34, 57)",unavailable_no_bqskit,False,2,,,"(21, 22, 34, 57)",qiskit fallback is exact for two wires only; BQSKit unavailable
4670,4680,"(24, 27, 79, 91)",unavailable_no_bqskit,False,2,,,"(24, 27, 79, 91)",qiskit fallback is exact for two wires only; BQSKit unavailable
4680,4690,"(28, 29, 62, 66)",unavailable_no_bqskit,False,2,,,"(28, 29, 62, 66)",qiskit fallback is exact for two wires only; BQSKit unavailable
4690,4700,"(30, 31, 35, 83)",unavailable_no_bqskit,False,2,,,"(30, 31, 35, 83)",qiskit fallback is exact for two wires only; BQSKit unavailable
4700,4710,"(33, 36, 77, 81)",unavailable_no_bqskit,False,2,,,"(33, 36, 77, 81)",qiskit fallback is exact for two wires only; BQSKit unavailable
4710,4720,"(37, 38, 55, 59)",unavailable_no_bqskit,False,2,,,"(37, 38, 55, 59)",qiskit fallback is exact for two wires only; BQSKit unavailable
4720,4730,"(39, 40, 75, 84)",unavailable_no_bqskit,False,2,,,"(39, 40, 75, 84)",qiskit fallback is exact for two wires only; BQSKit unavailable
4730,4740,"(41, 42, 47, 88)",unavailable_no_bqskit,False,2,,,"(41, 42, 47, 88)",qiskit fallback is exact for two wires only; BQSKit unavailable
4740,4750,"(44, 45, 70, 74)",unavailable_no_bqskit,False,2,,,"(44, 45, 70, 74)",qiskit fallback is exact for two wires only; BQSKit unavailable
4750,4760,"(46, 49, 54, 60)",unavailable_no_bqskit,False,2,,,"(46, 49, 54, 60)",qiskit fallback is exact for two wires only; BQSKit unavailable
4760,4770,"(50, 53, 80, 89)",unavailable_no_bqskit,False,2,,,"(50, 53, 80, 89)",qiskit fallback is exact for two wires only; BQSKit unavailable
4770,4780,"(56, 58, 69, 87)",unavailable_no_bqskit,False,2,,,"(56, 58, 69, 87)",qiskit fallback is exact for two wires only; BQSKit unavailable
4780,4790,"(61, 63, 71, 76)",unavailable_no_bqskit,False,2,,,"(61, 63, 71, 76)",qiskit fallback is exact for two wires only; BQSKit unavailable
4790,4800,"(64, 72, 90, 93)",unavailable_no_bqskit,False,2,,,"(64, 72, 90, 93)",qiskit fallback is exact for two wires only; BQSKit unavailable
4800,4810,"(73, 78, 94, 97)",unavailable_no_bqskit,False,2,,,"(73, 78, 94, 97)",qiskit fallback is exact for two wires only; BQSKit unavailable
4810,4820,"(85, 86, 95, 96)",unavailable_no_bqskit,False,2,,,"(85, 86, 95, 96)",qiskit fallback is exact for two wires only; BQSKit unavailable
4820,4830,"(0, 1, 52, 92)",unavailable_no_bqskit,False,2,,,"(0, 1, 52, 92)",qiskit fallback is exact for two wires only; BQSKit unavailable
4830,4840,"(2, 3, 47, 48)",unavailable_no_bqskit,False,2,,,"(2, 3, 47, 48)",qiskit fallback is exact for two wires only; BQSKit unavailable
4840,4850,"(4, 5, 46, 83)",unavailable_no_bqskit,False,2,,,"(4, 5, 46, 83)",qiskit fallback is exact for two wires only; BQSKit unavailable
4850,4860,"(6, 7, 37, 76)",unavailable_no_bqskit,False,2,,,"(6, 7, 37, 76)",qiskit fallback is exact for two wires only; BQSKit unavailable
4860,4870,"(8, 9, 16, 25)",unavailable_no_bqskit,False,2,,,"(8, 9, 16, 25)",qiskit fallback is exact for two wires only; BQSKit unavailable
4870,4880,"(10, 11, 32, 78)",unavailable_no_bqskit,False,2,,,"(10, 11, 32, 78)",qiskit fallback is exact for two wires only; BQSKit unavailable
4880,4890,"(12, 13, 19, 61)",unavailable_no_bqskit,False,2,,,"(12, 13, 19, 61)",qiskit fallback is exact for two wires only; BQSKit unavailable
4890,4900,"(14, 15, 20, 70)",unavailable_no_bqskit,False,2,,,"(14, 15, 20, 70)",qiskit fallback is exact for two wires only; BQSKit unavailable
4900,4910,"(17, 18, 60, 96)",unavailable_no_bqskit,False,2,,,"(17, 18, 60, 96)",qiskit fallback is exact for two wires only; BQSKit unavailable
4910,4920,"(21, 23, 38, 50)",unavailable_no_bqskit,False,2,,,"(21, 23, 38, 50)",qiskit fallback is exact for two wires only; BQSKit unavailable
4920,4930,"(24, 26, 57, 90)",unavailable_no_bqskit,False,2,,,"(24, 26, 57, 90)",qiskit fallback is exact for two wires only; BQSKit unavailable
4930,4940,"(27, 28, 44, 81)",unavailable_no_bqskit,False,2,,,"(27, 28, 44, 81)",qiskit fallback is exact for two wires only; BQSKit unavailable
4940,4950,"(29, 30, 64, 80)",unavailable_no_bqskit,False,2,,,"(29, 30, 64, 80)",qiskit fallback is exact for two wires only; BQSKit unavailable
4950,4960,"(31, 34, 73, 74)",unavailable_no_bqskit,False,2,,,"(31, 34, 73, 74)",qiskit fallback is exact for two wires only; BQSKit unavailable
4960,4970,"(35, 36, 66, 84)",unavailable_no_bqskit,False,2,,,"(35, 36, 66, 84)",qiskit fallback is exact for two wires only; BQSKit unavailable
4970,4980,"(39, 40, 49, 67)",unavailable_no_bqskit,False,2,,,"(39, 40, 49, 67)",qiskit fallback is exact for two wires only; BQSKit unavailable
4980,4990,"(41, 42, 58, 86)",unavailable_no_bqskit,False,2,,,"(41, 42, 58, 86)",qiskit fallback is exact for two wires only; BQSKit unavailable
4990,5000,"(43, 45, 55, 69)",unavailable_no_bqskit,False,2,,,"(43, 45, 55, 69)",qiskit fallback is exact for two wires only; BQSKit unavailable
5000,5010,"(51, 53, 59, 94)",unavailable_no_bqskit,False,2,,,"(51, 53, 59, 94)",qiskit fallback is exact for two wires only; BQSKit unavailable
5010,5020,"(54, 56, 65, 97)",unavailable_no_bqskit,False,2,,,"(54, 56, 65, 97)",qiskit fallback is exact for two wires only; BQSKit unavailable
5020,5030,"(62, 63, 79, 89)",unavailable_no_bqskit,False,2,,,"(62, 63, 79, 89)",qiskit fallback is exact for two wires only; BQSKit unavailable
5030,5040,"(68, 71, 77, 93)",unavailable_no_bqskit,False,2,,,"(68, 71, 77, 93)",qiskit fallback is exact for two wires only; BQSKit unavailable
5040,5050,"(72, 75, 82, 88)",unavailable_no_bqskit,False,2,,,"(72, 75, 82, 88)",qiskit fallback is exact for two wires only; BQSKit unavailable
5050,5060,"(85, 87, 91, 95)",unavailable_no_bqskit,False,2,,,"(85, 87, 91, 95)",qiskit fallback is exact for two wires only; BQSKit unavailable
5060,5070,"(0, 1, 33, 47)",unavailable_no_bqskit,False,2,,,"(0, 1, 33, 47)",qiskit fallback is exact for two wires only; BQSKit unavailable
5070,5080,"(2, 3, 7, 59)",unavailable_no_bqskit,False,2,,,"(2, 3, 7, 59)",qiskit fallback is exact for two wires only; BQSKit unavailable
5080,5090,"(4, 5, 39, 57)",unavailable_no_bqskit,False,2,,,"(4, 5, 39, 57)",qiskit fallback is exact for two wires only; BQSKit unavailable
5090,5100,"(6, 8, 75, 89)",unavailable_no_bqskit,False,2,,,"(6, 8, 75, 89)",qiskit fallback is exact for two wires only; BQSKit unavailable
5100,5110,"(9, 10, 48, 73)",unavailable_no_bqskit,False,2,,,"(9, 10, 48, 73)",qiskit fallback is exact for two wires only; BQSKit unavailable
5110,5120,"(12, 13, 53, 54)",unavailable_no_bqskit,False,2,,,"(12, 13, 53, 54)",qiskit fallback is exact for two wires only; BQSKit unavailable
5120,5130,"(14, 15, 29, 97)",unavailable_no_bqskit,False,2,,,"(14, 15, 29, 97)",qiskit fallback is exact for two wires only; BQSKit unavailable
5130,5140,"(16, 18, 38, 46)",unavailable_no_bqskit,False,2,,,"(16, 18, 38, 46)",qiskit fallback is exact for two wires only; BQSKit unavailable
5140,5150,"(19, 20, 51, 79)",unavailable_no_bqskit,False,2,,,"(19, 20, 51, 79)",qiskit fallback is exact for two wires only; BQSKit unavailable
5150,5160,"(21, 23, 65, 67)",unavailable_no_bqskit,False,2,,,"(21, 23, 65, 67)",qiskit fallback is exact for two wires only; BQSKit unavailable
5160,5170,"(24, 25, 56, 68)",unavailable_no_bqskit,False,2,,,"(24, 25, 56, 68)",qiskit fallback is exact for two wires only; BQSKit unavailable
5170,5180,"(26, 27, 84, 93)",unavailable_no_bqskit,False,2,,,"(26, 27, 84, 93)",qiskit fallback is exact for two wires only; BQSKit unavailable
5180,5190,"(28, 30, 60, 76)",unavailable_no_bqskit,False,2,,,"(28, 30, 60, 76)",qiskit fallback is exact for two wires only; BQSKit unavailable
5190,5200,"(31, 32, 58, 83)",unavailable_no_bqskit,False,2,,,"(31, 32, 58, 83)",qiskit fallback is exact for two wires only; BQSKit unavailable
5200,5210,"(34, 35, 41, 66)",unavailable_no_bqskit,False,2,,,"(34, 35, 41, 66)",qiskit fallback is exact for two wires only; BQSKit unavailable
5210,5220,"(36, 37, 69, 87)",unavailable_no_bqskit,False,2,,,"(36, 37, 69, 87)",qiskit fallback is exact for two wires only; BQSKit unavailable
5220,5230,"(40, 42, 44, 86)",unavailable_no_bqskit,False,2,,,"(40, 42, 44, 86)",qiskit fallback is exact for two wires only; BQSKit unavailable
5230,5240,"(43, 45, 85, 95)",unavailable_no_bqskit,False,2,,,"(43, 45, 85, 95)",qiskit fallback is exact for two wires only; BQSKit unavailable
5240,5250,"(49, 50, 55, 94)",unavailable_no_bqskit,False,2,,,"(49, 50, 55, 94)",qiskit fallback is exact for two wires only; BQSKit unavailable
5250,5260,"(52, 61, 77, 82)",unavailable_no_bqskit,False,2,,,"(52, 61, 77, 82)",qiskit fallback is exact for two wires only; BQSKit unavailable
5260,5270,"(64, 70, 74, 80)",unavailable_no_bqskit,False,2,,,"(64, 70, 74, 80)",qiskit fallback is exact for two wires only; BQSKit unavailable
5270,5280,"(71, 72, 78, 92)",unavailable_no_bqskit,False,2,,,"(71, 72, 78, 92)",qiskit fallback is exact for two wires only; BQSKit unavailable
5280,5290,"(81, 90, 91, 96)",unavailable_no_bqskit,False,2,,,"(81, 90, 91, 96)",qiskit fallback is exact for two wires only; BQSKit unavailable
5290,5300,"(0, 5, 17, 22)",unavailable_no_bqskit,False,2,,,"(0, 5, 17, 22)",qiskit fallback is exact for two wires only; BQSKit unavailable
5300,5312,"(6, 13, 17, 39)",unavailable_no_bqskit,False,2,,,"(6, 13, 17, 39)",qiskit fallback is exact for two wires only; BQSKit unavailable
5312,5320,"(17, 22, 33, 39)",unavailable_no_bqskit,False,2,,,"(17, 22, 33, 39)",qiskit fallback is exact for two wires only; BQSKit unavailable
5320,5330,"(0, 22, 33, 62)",unavailable_no_bqskit,False,2,,,"(0, 22, 33, 62)",qiskit fallback is exact for two wires only; BQSKit unavailable
5330,5340,"(0, 39, 63, 88)",unavailable_no_bqskit,False,2,,,"(0, 39, 63, 88)",qiskit fallback is exact for two wires only; BQSKit unavailable
5340,5350,"(5, 11, 22, 39)",unavailable_no_bqskit,False,2,,,"(5, 11, 22, 39)",qiskit fallback is exact for two wires only; BQSKit unavailable
5350,5360,"(0, 2, 23, 93)",unavailable_no_bqskit,False,2,,,"(0, 2, 23, 93)",qiskit fallback is exact for two wires only; BQSKit unavailable
5360,5370,"(3, 4, 26, 67)",unavailable_no_bqskit,False,2,,,"(3, 4, 26, 67)",qiskit fallback is exact for two wires only; BQSKit unavailable
5370,5380,"(6, 7, 46, 49)",unavailable_no_bqskit,False,2,,,"(6, 7, 46, 49)",qiskit fallback is exact for two wires only; BQSKit unavailable
5380,5390,"(8, 10, 78, 89)",unavailable_no_bqskit,False,2,,,"(8, 10, 78, 89)",qiskit fallback is exact for two wires only; BQSKit unavailable
5390,5400,"(11, 12, 79, 83)",unavailable_no_bqskit,False,2,,,"(11, 12, 79, 83)",qiskit fallback is exact for two wires only; BQSKit unavailable
5400,5410,"(15, 16, 63, 71)",unavailable_no_bqskit,False,2,,,"(15, 16, 63, 71)",qiskit fallback is exact for two wires only; BQSKit unavailable
5410,5420,"(17, 19, 32, 35)",unavailable_no_bqskit,False,2,,,"(17, 19, 32, 35)",qiskit fallback is exact for two wires only; BQSKit unavailable
5420,5430,"(20, 22, 36, 38)",unavailable_no_bqskit,False,2,,,"(20, 22, 36, 38)",qiskit fallback is exact for two wires only; BQSKit unavailable
5430,5440,"(24, 28, 39, 94)",unavailable_no_bqskit,False,2,,,"(24, 28, 39, 94)",qiskit fallback is exact for two wires only; BQSKit unavailable
5440,5450,"(29, 30, 44, 48)",unavailable_no_bqskit,False,2,,,"(29, 30, 44, 48)",qiskit fallback is exact for two wires only; BQSKit unavailable
5450,5460,"(31, 33, 50, 55)",unavailable_no_bqskit,False,2,,,"(31, 33, 50, 55)",qiskit fallback is exact for two wires only; BQSKit unavailable
5460,5470,"(34, 37, 62, 97)",unavailable_no_bqskit,False,2,,,"(34, 37, 62, 97)",qiskit fallback is exact for two wires only; BQSKit unavailable
5470,5480,"(40, 41, 68, 96)",unavailable_no_bqskit,False,2,,,"(40, 41, 68, 96)",qiskit fallback is exact for two wires only; BQSKit unavailable
5480,5490,"(42, 43, 54, 70)",unavailable_no_bqskit,False,2,,,"(42, 43, 54, 70)",qiskit fallback is exact for two wires only; BQSKit unavailable
5490,5500,"(45, 47, 75, 90)",unavailable_no_bqskit,False,2,,,"(45, 47, 75, 90)",qiskit fallback is exact for two wires only; BQSKit unavailable
5500,5510,"(51, 52, 81, 95)",unavailable_no_bqskit,False,2,,,"(51, 52, 81, 95)",qiskit fallback is exact for two wires only; BQSKit unavailable
5510,5520,"(56, 57, 64, 82)",unavailable_no_bqskit,False,2,,,"(56, 57, 64, 82)",qiskit fallback is exact for two wires only; BQSKit unavailable
5520,5530,"(65, 66, 69, 77)",unavailable_no_bqskit,False,2,,,"(65, 66, 69, 77)",qiskit fallback is exact for two wires only; BQSKit unavailable
5530,5540,"(72, 73, 88, 92)",unavailable_no_bqskit,False,2,,,"(72, 73, 88, 92)",qiskit fallback is exact for two wires only; BQSKit unavailable
5540,5550,"(76, 80, 85, 91)",unavailable_no_bqskit,False,2,,,"(76, 80, 85, 91)",qiskit fallback is exact for two wires only; BQSKit unavailable
5550,5560,"(0, 4, 13, 84)",unavailable_no_bqskit,False,2,,,"(0, 4, 13, 84)",qiskit fallback is exact for two wires only; BQSKit unavailable
5560,5570,"(5, 8, 35, 64)",unavailable_no_bqskit,False,2,,,"(5, 8, 35, 64)",qiskit fallback is exact for two wires only; BQSKit unavailable
5570,5580,"(9, 10, 11, 60)",unavailable_no_bqskit,False,2,,,"(9, 10, 11, 60)",qiskit fallback is exact for two wires only; BQSKit unavailable
5580,5590,"(12, 14, 43, 76)",unavailable_no_bqskit,False,2,,,"(12, 14, 43, 76)",qiskit fallback is exact for two wires only; BQSKit unavailable
5590,5600,"(16, 17, 25, 26)",unavailable_no_bqskit,False,2,,,"(16, 17, 25, 26)",qiskit fallback is exact for two wires only; BQSKit unavailable
5600,5610,"(18, 19, 33, 57)",unavailable_no_bqskit,False,2,,,"(18, 19, 33, 57)",qiskit fallback is exact for two wires only; BQSKit unavailable
5610,5620,"(21, 22, 73, 91)",unavailable_no_bqskit,False,2,,,"(21, 22, 73, 91)",qiskit fallback is exact for two wires only; BQSKit unavailable
5620,5630,"(24, 27, 32, 93)",unavailable_no_bqskit,False,2,,,"(24, 27, 32, 93)",qiskit fallback is exact for two wires only; BQSKit unavailable
5630,5640,"(30, 31, 59, 97)",unavailable_no_bqskit,False,2,,,"(30, 31, 59, 97)",qiskit fallback is exact for two wires only; BQSKit unavailable
5640,5650,"(36, 38, 63, 95)",unavailable_no_bqskit,False,2,,,"(36, 38, 63, 95)",qiskit fallback is exact for two wires only; BQSKit unavailable
5650,5660,"(39, 41, 42, 45)",unavailable_no_bqskit,False,2,,,"(39, 41, 42, 45)",qiskit fallback is exact for two wires only; BQSKit unavailable
5660,5670,"(44, 47, 53, 94)",unavailable_no_bqskit,False,2,,,"(44, 47, 53, 94)",qiskit fallback is exact for two wires only; BQSKit unavailable
5670,5680,"(48, 49, 68, 89)",unavailable_no_bqskit,False,2,,,"(48, 49, 68, 89)",qiskit fallback is exact for two wires only; BQSKit unavailable
5680,5690,"(50, 51, 62, 67)",unavailable_no_bqskit,False,2,,,"(50, 51, 62, 67)",qiskit fallback is exact for two wires only; BQSKit unavailable
5690,5700,"(52, 58, 74, 90)",unavailable_no_bqskit,False,2,,,"(52, 58, 74, 90)",qiskit fallback is exact for two wires only; BQSKit unavailable
5700,5710,"(61, 69, 86, 88)",unavailable_no_bqskit,False,2,,,"(61, 69, 86, 88)",qiskit fallback is exact for two wires only; BQSKit unavailable
5710,5720,"(0, 85, 87, 96)",unavailable_no_bqskit,False,2,,,"(0, 85, 87, 96)",qiskit fallback is exact for two wires only; BQSKit unavailable
5720,5730,"(1, 3, 49, 52)",unavailable_no_bqskit,False,2,,,"(1, 3, 49, 52)",qiskit fallback is exact for two wires only; BQSKit unavailable
5730,5740,"(4, 5, 19, 70)",unavailable_no_bqskit,False,2,,,"(4, 5, 19, 70)",qiskit fallback is exact for two wires only; BQSKit unavailable
5740,5750,"(6, 7, 45, 47)",unavailable_no_bqskit,False,2,,,"(6, 7, 45, 47)",qiskit fallback is exact for two wires only; BQSKit unavailable
5750,5760,"(8, 9, 18, 78)",unavailable_no_bqskit,False,2,,,"(8, 9, 18, 78)",qiskit fallback is exact for two wires only; BQSKit unavailable
5760,5770,"(10, 13, 37, 56)",unavailable_no_bqskit,False,2,,,"(10, 13, 37, 56)",qiskit fallback is exact for two wires only; BQSKit unavailable
5770,5780,"(14, 17, 40, 54)",unavailable_no_bqskit,False,2,,,"(14, 17, 40, 54)",qiskit fallback is exact for two wires only; BQSKit unavailable
5780,5790,"(20, 21, 64, 80)",unavailable_no_bqskit,False,2,,,"(20, 21, 64, 80)",qiskit fallback is exact for two wires only; BQSKit unavailable
5790,5800,"(22, 23, 58, 61)",unavailable_no_bqskit,False,2,,,"(22, 23, 58, 61)",qiskit fallback is exact for two wires only; BQSKit unavailable
5800,5810,"(27, 28, 30, 84)",unavailable_no_bqskit,False,2,,,"(27, 28, 30, 84)",qiskit fallback is exact for two wires only; BQSKit unavailable
5810,5820,"(31, 32, 36, 95)",unavailable_no_bqskit,False,2,,,"(31, 32, 36, 95)",qiskit fallback is exact for two wires only; BQSKit unavailable
5820,5830,"(33, 34, 79, 87)",unavailable_no_bqskit,False,2,,,"(33, 34, 79, 87)",qiskit fallback is exact for two wires only; BQSKit unavailable
5830,5840,"(35, 39, 72, 89)",unavailable_no_bqskit,False,2,,,"(35, 39, 72, 89)",qiskit fallback is exact for two wires only; BQSKit unavailable
5840,5850,"(41, 42, 43, 48)",unavailable_no_bqskit,False,2,,,"(41, 42, 43, 48)",qiskit fallback is exact for two wires only; BQSKit unavailable
5850,5860,"(46, 50, 59, 68)",unavailable_no_bqskit,False,2,,,"(46, 50, 59, 68)",qiskit fallback is exact for two wires only; BQSKit unavailable
5860,5870,"(53, 57, 66, 82)",unavailable_no_bqskit,False,2,,,"(53, 57, 66, 82)",qiskit fallback is exact for two wires only; BQSKit unavailable
5870,5880,"(60, 69, 81, 85)",unavailable_no_bqskit,False,2,,,"(60, 69, 81, 85)",qiskit fallback is exact for two wires only; BQSKit unavailable
5880,5890,"(1, 76, 88, 92)",unavailable_no_bqskit,False,2,,,"(1, 76, 88, 92)",qiskit fallback is exact for two wires only; BQSKit unavailable
5890,5900,"(2, 3, 13, 60)",unavailable_no_bqskit,False,2,,,"(2, 3, 13, 60)",qiskit fallback is exact for two wires only; BQSKit unavailable
5900,5910,"(4, 5, 22, 59)",unavailable_no_bqskit,False,2,,,"(4, 5, 22, 59)",qiskit fallback is exact for two wires only; BQSKit unavailable
5910,5920,"(6, 8, 43, 92)",unavailable_no_bqskit,False,2,,,"(6, 8, 43, 92)",qiskit fallback is exact for two wires only; BQSKit unavailable
5920,5930,"(10, 11, 56, 84)",unavailable_no_bqskit,False,2,,,"(10, 11, 56, 84)",qiskit fallback is exact for two wires only; BQSKit unavailable
5930,5940,"(14, 15, 69, 91)",unavailable_no_bqskit,False,2,,,"(14, 15, 69, 91)",qiskit fallback is exact for two wires only; BQSKit unavailable
5940,5950,"(16, 17, 41, 42)",unavailable_no_bqskit,False,2,,,"(16, 17, 41, 42)",qiskit fallback is exact for two wires only; BQSKit unavailable
5950,5960,"(19, 23, 37, 45)",unavailable_no_bqskit,False,2,,,"(19, 23, 37, 45)",qiskit fallback is exact for two wires only; BQSKit unavailable
5960,5970,"(24, 25, 80, 82)",unavailable_no_bqskit,False,2,,,"(24, 25, 80, 82)",qiskit fallback is exact for two wires only; BQSKit unavailable
5970,5980,"(30, 33, 38, 63)",unavailable_no_bqskit,False,2,,,"(30, 33, 38, 63)",qiskit fallback is exact for two wires only; BQSKit unavailable
5980,5990,"(34, 46, 51, 75)",unavailable_no_bqskit,False,2,,,"(34, 46, 51, 75)",qiskit fallback is exact for two wires only; BQSKit unavailable
5990,6000,"(47, 50, 62, 90)",unavailable_no_bqskit,False,2,,,"(47, 50, 62, 90)",qiskit fallback is exact for two wires only; BQSKit unavailable
6000,6010,"(52, 53, 77, 83)",unavailable_no_bqskit,False,2,,,"(52, 53, 77, 83)",qiskit fallback is exact for two wires only; BQSKit unavailable
6010,6020,"(54, 64, 73, 94)",unavailable_no_bqskit,False,2,,,"(54, 64, 73, 94)",qiskit fallback is exact for two wires only; BQSKit unavailable
6020,6030,"(67, 72, 87, 89)",unavailable_no_bqskit,False,2,,,"(67, 72, 87, 89)",qiskit fallback is exact for two wires only; BQSKit unavailable
6030,6040,"(81, 85, 86, 88)",unavailable_no_bqskit,False,2,,,"(81, 85, 86, 88)",qiskit fallback is exact for two wires only; BQSKit unavailable
6040,6050,"(0, 1, 18, 75)",unavailable_no_bqskit,False,2,,,"(0, 1, 18, 75)",qiskit fallback is exact for two wires only; BQSKit unavailable
6050,6060,"(2, 5, 16, 66)",unavailable_no_bqskit,False,2,,,"(2, 5, 16, 66)",qiskit fallback is exact for two wires only; BQSKit unavailable
6060,6070,"(7, 11, 25, 56)",unavailable_no_bqskit,False,2,,,"(7, 11, 25, 56)",qiskit fallback is exact for two wires only; BQSKit unavailable
6070,6080,"(12, 13, 15, 96)",unavailable_no_bqskit,False,2,,,"(12, 13, 15, 96)",qiskit fallback is exact for two wires only; BQSKit unavailable
6080,6090,"(14, 24, 76, 95)",unavailable_no_bqskit,False,2,,,"(14, 24, 76, 95)",qiskit fallback is exact for two wires only; BQSKit unavailable
6090,6100,"(26, 31, 53, 84)",unavailable_no_bqskit,False,2,,,"(26, 31, 53, 84)",qiskit fallback is exact for two wires only; BQSKit unavailable
6100,6110,"(36, 48, 77, 92)",unavailable_no_bqskit,False,2,,,"(36, 48, 77, 92)",qiskit fallback is exact for two wires only; BQSKit unavailable
6110,6120,"(49, 54, 58, 88)",unavailable_no_bqskit,False,2,,,"(49, 54, 58, 88)",qiskit fallback is exact for two wires only; BQSKit unavailable
6120,6130,"(55, 57, 81, 87)",unavailable_no_bqskit,False,2,,,"(55, 57, 81, 87)",qiskit fallback is exact for two wires only; BQSKit unavailable
6130,6140,"(61, 63, 80, 91)",unavailable_no_bqskit,False,2,,,"(61, 63, 80, 91)",qiskit fallback is exact for two wires only; BQSKit unavailable
6140,6150,"(68, 69, 86, 90)",unavailable_no_bqskit,False,2,,,"(68, 69, 86, 90)",qiskit fallback is exact for two wires only; BQSKit unavailable
6150,6160,"(74, 78, 82, 83)",unavailable_no_bqskit,False,2,,,"(74, 78, 82, 83)",qiskit fallback is exact for two wires only; BQSKit unavailable
6160,6170,"(1, 6, 79, 89)",unavailable_no_bqskit,False,2,,,"(1, 6, 79, 89)",qiskit fallback is exact for two wires only; BQSKit unavailable
6170,6180,"(2, 7, 26, 37)",unavailable_no_bqskit,False,2,,,"(2, 7, 26, 37)",qiskit fallback is exact for two wires only; BQSKit unavailable
6180,6190,"(12, 20, 34, 90)",unavailable_no_bqskit,False,2,,,"(12, 20, 34, 90)",qiskit fallback is exact for two wires only; BQSKit unavailable
6190,6200,"(22, 29, 82, 86)",unavailable_no_bqskit,False,2,,,"(22, 29, 82, 86)",qiskit fallback is exact for two wires only; BQSKit unavailable
6200,6210,"(32, 38, 58, 96)",unavailable_no_bqskit,False,2,,,"(32, 38, 58, 96)",qiskit fallback is exact for two wires only; BQSKit unavailable
6210,6220,"(50, 52, 68, 83)",unavailable_no_bqskit,False,2,,,"(50, 52, 68, 83)",qiskit fallback is exact for two wires only; BQSKit unavailable
6220,6230,"(61, 69, 74, 75)",unavailable_no_bqskit,False,2,,,"(61, 69, 74, 75)",qiskit fallback is exact for two wires only; BQSKit unavailable
6230,6240,"(70, 72, 79, 81)",unavailable_no_bqskit,False,2,,,"(70, 72, 79, 81)",qiskit fallback is exact for two wires only; BQSKit unavailable
6240,6250,"(2, 7, 63, 84)",unavailable_no_bqskit,False,2,,,"(2, 7, 63, 84)",qiskit fallback is exact for two wires only; BQSKit unavailable
6250,6260,"(20, 22, 25, 91)",unavailable_no_bqskit,False,2,,,"(20, 22, 25, 91)",qiskit fallback is exact for two wires only; BQSKit unavailable
6260,6270,"(29, 35, 55, 69)",unavailable_no_bqskit,False,2,,,"(29, 35, 55, 69)",qiskit fallback is exact for two wires only; BQSKit unavailable
6270,6280,"(39, 44, 50, 86)",unavailable_no_bqskit,False,2,,,"(39, 44, 50, 86)",qiskit fallback is exact for two wires only; BQSKit unavailable
6280,6290,"(52, 53, 82, 93)",unavailable_no_bqskit,False,2,,,"(52, 53, 82, 93)",qiskit fallback is exact for two wires only; BQSKit unavailable
6290,6300,"(56, 59, 61, 79)",unavailable_no_bqskit,False,2,,,"(56, 59, 61, 79)",qiskit fallback is exact for two wires only; BQSKit unavailable
6300,6310,"(65, 68, 71, 83)",unavailable_no_bqskit,False,2,,,"(65, 68, 71, 83)",qiskit fallback is exact for two wires only; BQSKit unavailable
6310,6320,"(72, 74, 89, 97)",unavailable_no_bqskit,False,2,,,"(72, 74, 89, 97)",qiskit fallback is exact for two wires only; BQSKit unavailable
6320,6330,"(2, 26, 90, 95)",unavailable_no_bqskit,False,2,,,"(2, 26, 90, 95)",qiskit fallback is exact for two wires only; BQSKit unavailable
6330,6340,"(5, 7, 37, 50)",unavailable_no_bqskit,False,2,,,"(5, 7, 37, 50)",qiskit fallback is exact for two wires only; BQSKit unavailable
6340,6350,"(9, 13, 56, 68)",unavailable_no_bqskit,False,2,,,"(9, 13, 56, 68)",qiskit fallback is exact for two wires only; BQSKit unavailable
6350,6360,"(15, 18, 29, 83)",unavailable_no_bqskit,False,2,,,"(15, 18, 29, 83)",qiskit fallback is exact for two wires only; BQSKit unavailable
6360,6370,"(20, 21, 81, 89)",unavailable_no_bqskit,False,2,,,"(20, 21, 81, 89)",qiskit fallback is exact for two wires only; BQSKit unavailable
6370,6380,"(22, 24, 82, 95)",unavailable_no_bqskit,False,2,,,"(22, 24, 82, 95)",qiskit fallback is exact for two wires only; BQSKit unavailable
6380,6390,"(27, 28, 52, 93)",unavailable_no_bqskit,False,2,,,"(27, 28, 52, 93)",qiskit fallback is exact for two wires only; BQSKit unavailable
6390,6400,"(31, 35, 79, 84)",unavailable_no_bqskit,False,2,,,"(31, 35, 79, 84)",qiskit fallback is exact for two wires only; BQSKit unavailable
6400,6410,"(39, 40, 64, 65)",unavailable_no_bqskit,False,2,,,"(39, 40, 64, 65)",qiskit fallback is exact for two wires only; BQSKit unavailable
6410,6420,"(44, 46, 55, 60)",unavailable_no_bqskit,False,2,,,"(44, 46, 55, 60)",qiskit fallback is exact for two wires only; BQSKit unavailable
6420,6430,"(47, 51, 72, 90)",unavailable_no_bqskit,False,2,,,"(47, 51, 72, 90)",qiskit fallback is exact for two wires only; BQSKit unavailable
6430,6440,"(61, 63, 75, 80)",unavailable_no_bqskit,False,2,,,"(61, 63, 75, 80)",qiskit fallback is exact for two wires only; BQSKit unavailable
6440,6450,"(67, 69, 71, 77)",unavailable_no_bqskit,False,2,,,"(67, 69, 71, 77)",qiskit fallback is exact for two wires only; BQSKit unavailable
6450,6460,"(2, 74, 84, 97)",unavailable_no_bqskit,False,2,,,"(2, 74, 84, 97)",qiskit fallback is exact for two wires only; BQSKit unavailable
6460,6470,"(3, 5, 16, 65)",unavailable_no_bqskit,False,2,,,"(3, 5, 16, 65)",qiskit fallback is exact for two wires only; BQSKit unavailable
6470,6480,"(7, 8, 63, 64)",unavailable_no_bqskit,False,2,,,"(7, 8, 63, 64)",qiskit fallback is exact for two wires only; BQSKit unavailable
6480,6490,"(9, 12, 67, 71)",unavailable_no_bqskit,False,2,,,"(9, 12, 67, 71)",qiskit fallback is exact for two wires only; BQSKit unavailable
6490,6500,"(17, 18, 35, 72)",unavailable_no_bqskit,False,2,,,"(17, 18, 35, 72)",qiskit fallback is exact for two wires only; BQSKit unavailable
6500,6510,"(20, 21, 23, 25)",unavailable_no_bqskit,False,2,,,"(20, 21, 23, 25)",qiskit fallback is exact for two wires only; BQSKit unavailable
6510,6520,"(27, 28, 62, 94)",unavailable_no_bqskit,False,2,,,"(27, 28, 62, 94)",qiskit fallback is exact for two wires only; BQSKit unavailable
6520,6530,"(33, 39, 41, 50)",unavailable_no_bqskit,False,2,,,"(33, 39, 41, 50)",qiskit fallback is exact for two wires only; BQSKit unavailable
6530,6540,"(40, 46, 78, 92)",unavailable_no_bqskit,False,2,,,"(40, 46, 78, 92)",qiskit fallback is exact for two wires only; BQSKit unavailable
6540,6550,"(49, 52, 81, 89)",unavailable_no_bqskit,False,2,,,"(49, 52, 81, 89)",qiskit fallback is exact for two wires only; BQSKit unavailable
6550,6560,"(56, 58, 61, 93)",unavailable_no_bqskit,False,2,,,"(56, 58, 61, 93)",qiskit fallback is exact for two wires only; BQSKit unavailable
6560,6570,"(59, 60, 79, 87)",unavailable_no_bqskit,False,2,,,"(59, 60, 79, 87)",qiskit fallback is exact for two wires only; BQSKit unavailable
6570,6580,"(68, 77, 83, 86)",unavailable_no_bqskit,False,2,,,"(68, 77, 83, 86)",qiskit fallback is exact for two wires only; BQSKit unavailable
6580,6590,"(0, 90, 93, 95)",unavailable_no_bqskit,False,2,,,"(0, 90, 93, 95)",qiskit fallback is exact for two wires only; BQSKit unavailable
6590,6600,"(4, 5, 50, 67)",unavailable_no_bqskit,False,2,,,"(4, 5, 50, 67)",qiskit fallback is exact for two wires only; BQSKit unavailable
6600,6610,"(9, 11, 19, 83)",unavailable_no_bqskit,False,2,,,"(9, 11, 19, 83)",qiskit fallback is exact for two wires only; BQSKit unavailable
6610,6620,"(12, 13, 43, 56)",unavailable_no_bqskit,False,2,,,"(12, 13, 43, 56)",qiskit fallback is exact for two wires only; BQSKit unavailable
6620,6630,"(18, 20, 29, 81)",unavailable_no_bqskit,False,2,,,"(18, 20, 29, 81)",qiskit fallback is exact for two wires only; BQSKit unavailable
6630,6640,"(23, 27, 48, 76)",unavailable_no_bqskit,False,2,,,"(23, 27, 48, 76)",qiskit fallback is exact for two wires only; BQSKit unavailable
6640,6650,"(28, 34, 74, 87)",unavailable_no_bqskit,False,2,,,"(28, 34, 74, 87)",qiskit fallback is exact for two wires only; BQSKit unavailable
6650,6660,"(35, 36, 79, 92)",unavailable_no_bqskit,False,2,,,"(35, 36, 79, 92)",qiskit fallback is exact for two wires only; BQSKit unavailable
6660,6670,"(38, 39, 58, 64)",unavailable_no_bqskit,False,2,,,"(38, 39, 58, 64)",qiskit fallback is exact for two wires only; BQSKit unavailable
6670,6680,"(40, 42, 65, 78)",unavailable_no_bqskit,False,2,,,"(40, 42, 65, 78)",qiskit fallback is exact for two wires only; BQSKit unavailable
6680,6690,"(44, 46, 55, 60)",unavailable_no_bqskit,False,2,,,"(44, 46, 55, 60)",qiskit fallback is exact for two wires only; BQSKit unavailable
6690,6700,"(47, 49, 73, 90)",unavailable_no_bqskit,False,2,,,"(47, 49, 73, 90)",qiskit fallback is exact for two wires only; BQSKit unavailable
6700,6710,"(51, 63, 72, 95)",unavailable_no_bqskit,False,2,,,"(51, 63, 72, 95)",qiskit fallback is exact for two wires only; BQSKit unavailable
6710,6720,"(69, 86, 88, 89)",unavailable_no_bqskit,False,2,,,"(69, 86, 88, 89)",qiskit fallback is exact for two wires only; BQSKit unavailable
6720,6730,"(3, 8, 64, 65)",unavailable_no_bqskit,False,2,,,"(3, 8, 64, 65)",qiskit fallback is exact for two wires only; BQSKit unavailable
6730,6740,"(9, 10, 71, 89)",unavailable_no_bqskit,False,2,,,"(9, 10, 71, 89)",qiskit fallback is exact for two wires only; BQSKit unavailable
6740,6750,"(12, 16, 67, 79)",unavailable_no_bqskit,False,2,,,"(12, 16, 67, 79)",qiskit fallback is exact for two wires only; BQSKit unavailable
6750,6760,"(17, 18, 35, 72)",unavailable_no_bqskit,False,2,,,"(17, 18, 35, 72)",qiskit fallback is exact for two wires only; BQSKit unavailable
6760,6770,"(19, 20, 37, 57)",unavailable_no_bqskit,False,2,,,"(19, 20, 37, 57)",qiskit fallback is exact for two wires only; BQSKit unavailable
6770,6780,"(21, 23, 25, 47)",unavailable_no_bqskit,False,2,,,"(21, 23, 25, 47)",qiskit fallback is exact for two wires only; BQSKit unavailable
6780,6790,"(27, 28, 62, 94)",unavailable_no_bqskit,False,2,,,"(27, 28, 62, 94)",qiskit fallback is exact for two wires only; BQSKit unavailable
6790,6800,"(30, 33, 48, 50)",unavailable_no_bqskit,False,2,,,"(30, 33, 48, 50)",qiskit fallback is exact for two wires only; BQSKit unavailable
6800,6810,"(39, 41, 42, 45)",unavailable_no_bqskit,False,2,,,"(39, 41, 42, 45)",qiskit fallback is exact for two wires only; BQSKit unavailable
6810,6820,"(46, 49, 88, 92)",unavailable_no_bqskit,False,2,,,"(46, 49, 88, 92)",qiskit fallback is exact for two wires only; BQSKit unavailable
6820,6830,"(51, 52, 59, 81)",unavailable_no_bqskit,False,2,,,"(51, 52, 59, 81)",qiskit fallback is exact for two wires only; BQSKit unavailable
6830,6840,"(58, 60, 91, 93)",unavailable_no_bqskit,False,2,,,"(58, 60, 91, 93)",qiskit fallback is exact for two wires only; BQSKit unavailable
6840,6850,"(66, 69, 77, 86)",unavailable_no_bqskit,False,2,,,"(66, 69, 77, 86)",qiskit fallback is exact for two wires only; BQSKit unavailable
6850,6860,"(74, 76, 85, 97)",unavailable_no_bqskit,False,2,,,"(74, 76, 85, 97)",qiskit fallback is exact for two wires only; BQSKit unavailable
6860,6870,"(3, 4, 67, 78)",unavailable_no_bqskit,False,2,,,"(3, 4, 67, 78)",qiskit fallback is exact for two wires only; BQSKit unavailable
6870,6880,"(5, 6, 39, 66)",unavailable_no_bqskit,False,2,,,"(5, 6, 39, 66)",qiskit fallback is exact for two wires only; BQSKit unavailable
6880,6890,"(9, 12, 19, 43)",unavailable_no_bqskit,False,2,,,"(9, 12, 19, 43)",qiskit fallback is exact for two wires only; BQSKit unavailable
6890,6900,"(18, 23, 46, 48)",unavailable_no_bqskit,False,2,,,"(18, 23, 46, 48)",qiskit fallback is exact for two wires only; BQSKit unavailable
6900,6910,"(27, 28, 74, 76)",unavailable_no_bqskit,False,2,,,"(27, 28, 74, 76)",qiskit fallback is exact for two wires only; BQSKit unavailable
6910,6920,"(32, 42, 65, 69)",unavailable_no_bqskit,False,2,,,"(32, 42, 65, 69)",qiskit fallback is exact for two wires only; BQSKit unavailable
6920,6930,"(49, 50, 58, 68)",unavailable_no_bqskit,False,2,,,"(49, 50, 58, 68)",qiskit fallback is exact for two wires only; BQSKit unavailable
6930,6940,"(55, 60, 72, 91)",unavailable_no_bqskit,False,2,,,"(55, 60, 72, 91)",qiskit fallback is exact for two wires only; BQSKit unavailable
6940,6950,"(62, 70, 81, 86)",unavailable_no_bqskit,False,2,,,"(62, 70, 81, 86)",qiskit fallback is exact for two wires only; BQSKit unavailable
6950,6960,"(73, 82, 88, 93)",unavailable_no_bqskit,False,2,,,"(73, 82, 88, 93)",qiskit fallback is exact for two wires only; BQSKit unavailable
6960,6970,"(1, 6, 84, 92)",unavailable_no_bqskit,False,2,,,"(1, 6, 84, 92)",qiskit fallback is exact for two wires only; BQSKit unavailable
6970,6980,"(4, 8, 9, 27)",unavailable_no_bqskit,False,2,,,"(4, 8, 9, 27)",qiskit fallback is exact for two wires only; BQSKit unavailable
6980,6990,"(15, 19, 57, 69)",unavailable_no_bqskit,False,2,,,"(15, 19, 57, 69)",qiskit fallback is exact for two wires only; BQSKit unavailable
6990,7000,"(22, 28, 90, 91)",unavailable_no_bqskit,False,2,,,"(22, 28, 90, 91)",qiskit fallback is exact for two wires only; BQSKit unavailable
7000,7010,"(30, 32, 48, 96)",unavailable_no_bqskit,False,2,,,"(30, 32, 48, 96)",qiskit fallback is exact for two wires only; BQSKit unavailable
7010,7020,"(42, 44, 45, 65)",unavailable_no_bqskit,False,2,,,"(42, 44, 45, 65)",qiskit fallback is exact for two wires only; BQSKit unavailable
7020,7030,"(50, 53, 59, 93)",unavailable_no_bqskit,False,2,,,"(50, 53, 59, 93)",qiskit fallback is exact for two wires only; BQSKit unavailable
7030,7040,"(55, 60, 79, 87)",unavailable_no_bqskit,False,2,,,"(55, 60, 79, 87)",qiskit fallback is exact for two wires only; BQSKit unavailable
7040,7050,"(68, 70, 77, 83)",unavailable_no_bqskit,False,2,,,"(68, 70, 77, 83)",qiskit fallback is exact for two wires only; BQSKit unavailable
7050,7060,"(74, 76, 85, 97)",unavailable_no_bqskit,False,2,,,"(74, 76, 85, 97)",qiskit fallback is exact for two wires only; BQSKit unavailable
7060,7070,"(1, 12, 88, 89)",unavailable_no_bqskit,False,2,,,"(1, 12, 88, 89)",qiskit fallback is exact for two wires only; BQSKit unavailable
7070,7080,"(7, 8, 25, 57)",unavailable_no_bqskit,False,2,,,"(7, 8, 25, 57)",qiskit fallback is exact for two wires only; BQSKit unavailable
7080,7090,"(10, 21, 42, 89)",unavailable_no_bqskit,False,2,,,"(10, 21, 42, 89)",qiskit fallback is exact for two wires only; BQSKit unavailable
7090,7100,"(22, 24, 75, 96)",unavailable_no_bqskit,False,2,,,"(22, 24, 75, 96)",qiskit fallback is exact for two wires only; BQSKit unavailable
7100,7110,"(28, 32, 69, 72)",unavailable_no_bqskit,False,2,,,"(28, 32, 69, 72)",qiskit fallback is exact for two wires only; BQSKit unavailable
7110,7120,"(33, 34, 60, 87)",unavailable_no_bqskit,False,2,,,"(33, 34, 60, 87)",qiskit fallback is exact for two wires only; BQSKit unavailable
7120,7130,"(35, 37, 45, 90)",unavailable_no_bqskit,False,2,,,"(35, 37, 45, 90)",qiskit fallback is exact for two wires only; BQSKit unavailable
7130,7140,"(48, 49, 68, 80)",unavailable_no_bqskit,False,2,,,"(48, 49, 68, 80)",qiskit fallback is exact for two wires only; BQSKit unavailable
7140,7150,"(53, 59, 79, 82)",unavailable_no_bqskit,False,2,,,"(53, 59, 79, 82)",qiskit fallback is exact for two wires only; BQSKit unavailable
7150,7160,"(64, 67, 83, 91)",unavailable_no_bqskit,False,2,,,"(64, 67, 83, 91)",qiskit fallback is exact for two wires only; BQSKit unavailable
7160,7170,"(70, 73, 86, 88)",unavailable_no_bqskit,False,2,,,"(70, 73, 86, 88)",qiskit fallback is exact for two wires only; BQSKit unavailable
7170,7180,"(1, 42, 74, 84)",unavailable_no_bqskit,False,2,,,"(1, 42, 74, 84)",qiskit fallback is exact for two wires only; BQSKit unavailable
7180,7190,"(2, 10, 23, 82)",unavailable_no_bqskit,False,2,,,"(2, 10, 23, 82)",qiskit fallback is exact for two wires only; BQSKit unavailable
7190,7200,"(11, 15, 69, 83)",unavailable_no_bqskit,False,2,,,"(11, 15, 69, 83)",qiskit fallback is exact for two wires only; BQSKit unavailable
7200,7210,"(19, 24, 34, 92)",unavailable_no_bqskit,False,2,,,"(19, 24, 34, 92)",qiskit fallback is exact for two wires only; BQSKit unavailable
7210,7220,"(27, 31, 60, 89)",unavailable_no_bqskit,False,2,,,"(27, 31, 60, 89)",qiskit fallback is exact for two wires only; BQSKit unavailable
7220,7230,"(32, 33, 47, 56)",unavailable_no_bqskit,False,2,,,"(32, 33, 47, 56)",qiskit fallback is exact for two wires only; BQSKit unavailable
7230,7240,"(35, 37, 55, 78)",unavailable_no_bqskit,False,2,,,"(35, 37, 55, 78)",qiskit fallback is exact for two wires only; BQSKit unavailable
7240,7250,"(39, 43, 45, 87)",unavailable_no_bqskit,False,2,,,"(39, 43, 45, 87)",qiskit fallback is exact for two wires only; BQSKit unavailable
7250,7260,"(49, 53, 71, 93)",unavailable_no_bqskit,False,2,,,"(49, 53, 71, 93)",qiskit fallback is exact for two wires only; BQSKit unavailable
7260,7270,"(54, 57, 67, 70)",unavailable_no_bqskit,False,2,,,"(54, 57, 67, 70)",qiskit fallback is exact for two wires only; BQSKit unavailable
7270,7280,"(58, 66, 80, 86)",unavailable_no_bqskit,False,2,,,"(58, 66, 80, 86)",qiskit fallback is exact for two wires only; BQSKit unavailable
7280,7290,"(68, 73, 76, 88)",unavailable_no_bqskit,False,2,,,"(68, 73, 76, 88)",qiskit fallback is exact for two wires only; BQSKit unavailable
7290,7300,"(75, 91, 95, 96)",unavailable_no_bqskit,False,2,,,"(75, 91, 95, 96)",qiskit fallback is exact for two wires only; BQSKit unavailable
7300,7310,"(0, 2, 5, 93)",unavailable_no_bqskit,False,2,,,"(0, 2, 5, 93)",qiskit fallback is exact for two wires only; BQSKit unavailable
7310,7320,"(4, 6, 34, 66)",unavailable_no_bqskit,False,2,,,"(4, 6, 34, 66)",qiskit fallback is exact for two wires only; BQSKit unavailable
7320,7330,"(9, 11, 49, 69)",unavailable_no_bqskit,False,2,,,"(9, 11, 49, 69)",qiskit fallback is exact for two wires only; BQSKit unavailable
7330,7340,"(14, 15, 17, 54)",unavailable_no_bqskit,False,2,,,"(14, 15, 17, 54)",qiskit fallback is exact for two wires only; BQSKit unavailable
7340,7350,"(23, 24, 63, 95)",unavailable_no_bqskit,False,2,,,"(23, 24, 63, 95)",qiskit fallback is exact for two wires only; BQSKit unavailable
7350,7360,"(26, 31, 62, 86)",unavailable_no_bqskit,False,2,,,"(26, 31, 62, 86)",qiskit fallback is exact for two wires only; BQSKit unavailable
7360,7370,"(40, 44, 53, 76)",unavailable_no_bqskit,False,2,,,"(40, 44, 53, 76)",qiskit fallback is exact for two wires only; BQSKit unavailable
7370,7380,"(58, 59, 91, 92)",unavailable_no_bqskit,False,2,,,"(58, 59, 91, 92)",qiskit fallback is exact for two wires only; BQSKit unavailable
7380,7390,"(64, 65, 68, 83)",unavailable_no_bqskit,False,2,,,"(64, 65, 68, 83)",qiskit fallback is exact for two wires only; BQSKit unavailable
7390,7400,"(0, 70, 77, 94)",unavailable_no_bqskit,False,2,,,"(0, 70, 77, 94)",qiskit fallback is exact for two wires only; BQSKit unavailable
7400,7410,"(3, 4, 11, 33)",unavailable_no_bqskit,False,2,,,"(3, 4, 11, 33)",qiskit fallback is exact for two wires only; BQSKit unavailable
7410,7420,"(6, 10, 17, 29)",unavailable_no_bqskit,False,2,,,"(6, 10, 17, 29)",qiskit fallback is exact for two wires only; BQSKit unavailable
7420,7430,"(13, 15, 83, 97)",unavailable_no_bqskit,False,2,,,"(13, 15, 83, 97)",qiskit fallback is exact for two wires only; BQSKit unavailable
7430,7440,"(19, 20, 53, 86)",unavailable_no_bqskit,False,2,,,"(19, 20, 53, 86)",qiskit fallback is exact for two wires only; BQSKit unavailable
7440,7450,"(26, 31, 56, 84)",unavailable_no_bqskit,False,2,,,"(26, 31, 56, 84)",qiskit fallback is exact for two wires only; BQSKit unavailable
7450,7460,"(34, 36, 64, 76)",unavailable_no_bqskit,False,2,,,"(34, 36, 64, 76)",qiskit fallback is exact for two wires only; BQSKit unavailable
7460,7470,"(41, 43, 66, 69)",unavailable_no_bqskit,False,2,,,"(41, 43, 66, 69)",qiskit fallback is exact for two wires only; BQSKit unavailable
7470,7480,"(52, 61, 77, 93)",unavailable_no_bqskit,False,2,,,"(52, 61, 77, 93)",qiskit fallback is exact for two wires only; BQSKit unavailable
7480,7490,"(62, 63, 80, 89)",unavailable_no_bqskit,False,2,,,"(62, 63, 80, 89)",qiskit fallback is exact for two wires only; BQSKit unavailable
7490,7500,"(0, 70, 81, 92)",unavailable_no_bqskit,False,2,,,"(0, 70, 81, 92)",qiskit fallback is exact for two wires only; BQSKit unavailable
7500,7510,"(2, 3, 15, 26)",unavailable_no_bqskit,False,2,,,"(2, 3, 15, 26)",qiskit fallback is exact for two wires only; BQSKit unavailable
7510,7520,"(7, 8, 19, 89)",unavailable_no_bqskit,False,2,,,"(7, 8, 19, 89)",qiskit fallback is exact for two wires only; BQSKit unavailable
7520,7530,"(11, 16, 77, 97)",unavailable_no_bqskit,False,2,,,"(11, 16, 77, 97)",qiskit fallback is exact for two wires only; BQSKit unavailable
7530,7540,"(18, 20, 35, 66)",unavailable_no_bqskit,False,2,,,"(18, 20, 35, 66)",qiskit fallback is exact for two wires only; BQSKit unavailable
7540,7550,"(25, 29, 71, 92)",unavailable_no_bqskit,False,2,,,"(25, 29, 71, 92)",qiskit fallback is exact for two wires only; BQSKit unavailable
7550,7560,"(32, 40, 64, 93)",unavailable_no_bqskit,False,2,,,"(32, 40, 64, 93)",qiskit fallback is exact for two wires only; BQSKit unavailable
7560,7570,"(46, 48, 52, 94)",unavailable_no_bqskit,False,2,,,"(46, 48, 52, 94)",qiskit fallback is exact for two wires only; BQSKit unavailable
7570,7580,"(56, 59, 67, 70)",unavailable_no_bqskit,False,2,,,"(56, 59, 67, 70)",qiskit fallback is exact for two wires only; BQSKit unavailable
7580,7590,"(61, 73, 83, 87)",unavailable_no_bqskit,False,2,,,"(61, 73, 83, 87)",qiskit fallback is exact for two wires only; BQSKit unavailable
7590,7600,"(2, 5, 16, 65)",unavailable_no_bqskit,False,2,,,"(2, 5, 16, 65)",qiskit fallback is exact for two wires only; BQSKit unavailable
7600,7610,"(9, 18, 29, 71)",unavailable_no_bqskit,False,2,,,"(9, 18, 29, 71)",qiskit fallback is exact for two wires only; BQSKit unavailable
7610,7620,"(20, 25, 27, 94)",unavailable_no_bqskit,False,2,,,"(20, 25, 27, 94)",qiskit fallback is exact for two wires only; BQSKit unavailable
7620,7630,"(31, 32, 93, 96)",unavailable_no_bqskit,False,2,,,"(31, 32, 93, 96)",qiskit fallback is exact for two wires only; BQSKit unavailable
7630,7640,"(36, 40, 73, 78)",unavailable_no_bqskit,False,2,,,"(36, 40, 73, 78)",qiskit fallback is exact for two wires only; BQSKit unavailable
7640,7650,"(42, 48, 61, 79)",unavailable_no_bqskit,False,2,,,"(42, 48, 61, 79)",qiskit fallback is exact for two wires only; BQSKit unavailable
7650,7660,"(49, 54, 59, 89)",unavailable_no_bqskit,False,2,,,"(49, 54, 59, 89)",qiskit fallback is exact for two wires only; BQSKit unavailable
7660,7670,"(66, 70, 86, 92)",unavailable_no_bqskit,False,2,,,"(66, 70, 86, 92)",qiskit fallback is exact for two wires only; BQSKit unavailable
7670,7680,"(0, 5, 80, 94)",unavailable_no_bqskit,False,2,,,"(0, 5, 80, 94)",qiskit fallback is exact for two wires only; BQSKit unavailable
7680,7690,"(9, 16, 17, 69)",unavailable_no_bqskit,False,2,,,"(9, 16, 17, 69)",qiskit fallback is exact for two wires only; BQSKit unavailable
7690,7700,"(18, 27, 60, 95)",unavailable_no_bqskit,False,2,,,"(18, 27, 60, 95)",qiskit fallback is exact for two wires only; BQSKit unavailable
7700,7710,"(29, 32, 50, 78)",unavailable_no_bqskit,False,2,,,"(29, 32, 50, 78)",qiskit fallback is exact for two wires only; BQSKit unavailable
7710,7720,"(39, 40, 49, 64)",unavailable_no_bqskit,False,2,,,"(39, 40, 49, 64)",qiskit fallback is exact for two wires only; BQSKit unavailable
7720,7730,"(43, 52, 59, 66)",unavailable_no_bqskit,False,2,,,"(43, 52, 59, 66)",qiskit fallback is exact for two wires only; BQSKit unavailable
7730,7740,"(54, 57, 70, 96)",unavailable_no_bqskit,False,2,,,"(54, 57, 70, 96)",qiskit fallback is exact for two wires only; BQSKit unavailable
7740,7750,"(62, 65, 87, 89)",unavailable_no_bqskit,False,2,,,"(62, 65, 87, 89)",qiskit fallback is exact for two wires only; BQSKit unavailable
7750,7761,"(13, 30, 73, 83)",unavailable_no_bqskit,False,2,,,"(13, 30, 73, 83)",qiskit fallback is exact for two wires only; BQSKit unavailable
7761,7770,"(30, 49, 62, 70)",unavailable_no_bqskit,False,2,,,"(30, 49, 62, 70)",qiskit fallback is exact for two wires only; BQSKit unavailable
7770,7780,"(54, 59, 73, 75)",unavailable_no_bqskit,False,2,,,"(54, 59, 73, 75)",qiskit fallback is exact for two wires only; BQSKit unavailable
7780,7790,"(12, 30, 74, 87)",unavailable_no_bqskit,False,2,,,"(12, 30, 74, 87)",qiskit fallback is exact for two wires only; BQSKit unavailable
7790,7800,"(13, 28, 53, 62)",unavailable_no_bqskit,False,2,,,"(13, 28, 53, 62)",qiskit fallback is exact for two wires only; BQSKit unavailable
7800,7810,"(44, 49, 83, 89)",unavailable_no_bqskit,False,2,,,"(44, 49, 83, 89)",qiskit fallback is exact for two wires only; BQSKit unavailable
7810,7820,"(51, 54, 61, 75)",unavailable_no_bqskit,False,2,,,"(51, 54, 61, 75)",qiskit fallback is exact for two wires only; BQSKit unavailable
7820,7830,"(65, 70, 74, 82)",unavailable_no_bqskit,False,2,,,"(65, 70, 74, 82)",qiskit fallback is exact for two wires only; BQSKit unavailable
7830,7840,"(3, 7, 28, 65)",unavailable_no_bqskit,False,2,,,"(3, 7, 28, 65)",qiskit fallback is exact for two wires only; BQSKit unavailable
7840,7850,"(10, 30, 41, 51)",unavailable_no_bqskit,False,2,,,"(10, 30, 41, 51)",qiskit fallback is exact for two wires only; BQSKit unavailable
7850,7860,"(44, 60, 70, 77)",unavailable_no_bqskit,False,2,,,"(44, 60, 70, 77)",qiskit fallback is exact for two wires only; BQSKit unavailable
7860,7870,"(71, 74, 89, 97)",unavailable_no_bqskit,False,2,,,"(71, 74, 89, 97)",qiskit fallback is exact for two wires only; BQSKit unavailable
7870,7880,"(7, 37, 82, 90)",unavailable_no_bqskit,False,2,,,"(7, 37, 82, 90)",qiskit fallback is exact for two wires only; BQSKit unavailable
7880,7890,"(41, 45, 62, 77)",unavailable_no_bqskit,False,2,,,"(41, 45, 62, 77)",qiskit fallback is exact for two wires only; BQSKit unavailable
7890,7900,"(51, 54, 65, 87)",unavailable_no_bqskit,False,2,,,"(51, 54, 65, 87)",qiskit fallback is exact for two wires only; BQSKit unavailable
7900,7910,"(14, 54, 70, 84)",unavailable_no_bqskit,False,2,,,"(14, 54, 70, 84)",qiskit fallback is exact for two wires only; BQSKit unavailable
7910,7920,"(46, 51, 72, 84)",unavailable_no_bqskit,False,2,,,"(46, 51, 72, 84)",qiskit fallback is exact for two wires only; BQSKit unavailable
7920,7930,"(14, 24, 38, 72)",unavailable_no_bqskit,False,2,,,"(14, 24, 38, 72)",qiskit fallback is exact for two wires only; BQSKit unavailable
7930,7940,"(36, 46, 51, 55)",unavailable_no_bqskit,False,2,,,"(36, 46, 51, 55)",qiskit fallback is exact for two wires only; BQSKit unavailable
7940,7950,"(54, 68, 84, 85)",unavailable_no_bqskit,False,2,,,"(54, 68, 84, 85)",qiskit fallback is exact for two wires only; BQSKit unavailable
7950,7960,"(6, 14, 85, 88)",unavailable_no_bqskit,False,2,,,"(6, 14, 85, 88)",qiskit fallback is exact for two wires only; BQSKit unavailable
7960,7970,"(21, 38, 54, 92)",unavailable_no_bqskit,False,2,,,"(21, 38, 54, 92)",qiskit fallback is exact for two wires only; BQSKit unavailable
7970,7980,"(1, 6, 12, 14)",unavailable_no_bqskit,False,2,,,"(1, 6, 12, 14)",qiskit fallback is exact for two wires only; BQSKit unavailable
7980,7990,"(21, 22, 23, 54)",unavailable_no_bqskit,False,2,,,"(21, 22, 23, 54)",qiskit fallback is exact for two wires only; BQSKit unavailable
7990,8000,"(38, 47, 63, 85)",unavailable_no_bqskit,False,2,,,"(38, 47, 63, 85)",qiskit fallback is exact for two wires only; BQSKit unavailable
8000,8010,"(1, 6, 68, 81)",unavailable_no_bqskit,False,2,,,"(1, 6, 68, 81)",qiskit fallback is exact for two wires only; BQSKit unavailable
8010,8020,"(21, 22, 26, 63)",unavailable_no_bqskit,False,2,,,"(21, 22, 26, 63)",qiskit fallback is exact for two wires only; BQSKit unavailable
8020,8030,"(23, 38, 58, 88)",unavailable_no_bqskit,False,2,,,"(23, 38, 58, 88)",qiskit fallback is exact for two wires only; BQSKit unavailable
8030,8042,"(36, 54, 63, 92)",unavailable_no_bqskit,False,2,,,"(36, 54, 63, 92)",qiskit fallback is exact for two wires only; BQSKit unavailable
8042,8051,"(54, 63, 68, 84)",unavailable_no_bqskit,False,2,,,"(54, 63, 68, 84)",qiskit fallback is exact for two wires only; BQSKit unavailable
8051,8061,"(54, 84, 85, 86)",unavailable_no_bqskit,False,2,,,"(54, 84, 85, 86)",qiskit fallback is exact for two wires only; BQSKit unavailable
8061,8071,"(54, 63, 70, 86)",unavailable_no_bqskit,False,2,,,"(54, 63, 70, 86)",qiskit fallback is exact for two wires only; BQSKit unavailable
8071,8080,"(0, 23, 70, 84)",unavailable_no_bqskit,False,2,,,"(0, 23, 70, 84)",qiskit fallback is exact for two wires only; BQSKit unavailable
8080,8090,"(1, 2, 9, 73)",unavailable_no_bqskit,False,2,,,"(1, 2, 9, 73)",qiskit fallback is exact for two wires only; BQSKit unavailable
8090,8100,"(3, 4, 14, 38)",unavailable_no_bqskit,False,2,,,"(3, 4, 14, 38)",qiskit fallback is exact for two wires only; BQSKit unavailable
8100,8110,"(5, 6, 46, 57)",unavailable_no_bqskit,False,2,,,"(5, 6, 46, 57)",qiskit fallback is exact for two wires only; BQSKit unavailable
8110,8120,"(7, 8, 76, 89)",unavailable_no_bqskit,False,2,,,"(7, 8, 76, 89)",qiskit fallback is exact for two wires only; BQSKit unavailable
8120,8130,"(10, 11, 59, 60)",unavailable_no_bqskit,False,2,,,"(10, 11, 59, 60)",qiskit fallback is exact for two wires only; BQSKit unavailable
8130,8140,"(12, 13, 16, 62)",unavailable_no_bqskit,False,2,,,"(12, 13, 16, 62)",qiskit fallback is exact for two wires only; BQSKit unavailable
8140,8150,"(15, 17, 21, 86)",unavailable_no_bqskit,False,2,,,"(15, 17, 21, 86)",qiskit fallback is exact for two wires only; BQSKit unavailable
8150,8160,"(18, 19, 39, 70)",unavailable_no_bqskit,False,2,,,"(18, 19, 39, 70)",qiskit fallback is exact for two wires only; BQSKit unavailable
8160,8170,"(20, 22, 48, 67)",unavailable_no_bqskit,False,2,,,"(20, 22, 48, 67)",qiskit fallback is exact for two wires only; BQSKit unavailable
8170,8180,"(25, 26, 37, 87)",unavailable_no_bqskit,False,2,,,"(25, 26, 37, 87)",qiskit fallback is exact for two wires only; BQSKit unavailable
8180,8190,"(27, 28, 63, 68)",unavailable_no_bqskit,False,2,,,"(27, 28, 63, 68)",qiskit fallback is exact for two wires only; BQSKit unavailable
8190,8200,"(29, 30, 69, 92)",unavailable_no_bqskit,False,2,,,"(29, 30, 69, 92)",qiskit fallback is exact for two wires only; BQSKit unavailable
8200,8210,"(31, 32, 90, 94)",unavailable_no_bqskit,False,2,,,"(31, 32, 90, 94)",qiskit fallback is exact for two wires only; BQSKit unavailable
8210,8220,"(33, 34, 80, 84)",unavailable_no_bqskit,False,2,,,"(33, 34, 80, 84)",qiskit fallback is exact for two wires only; BQSKit unavailable
8220,8230,"(35, 36, 71, 85)",unavailable_no_bqskit,False,2,,,"(35, 36, 71, 85)",qiskit fallback is exact for two wires only; BQSKit unavailable
8230,8240,"(40, 41, 51, 54)",unavailable_no_bqskit,False,2,,,"(40, 41, 51, 54)",qiskit fallback is exact for two wires only; BQSKit unavailable
8240,8250,"(42, 44, 50, 83)",unavailable_no_bqskit,False,2,,,"(42, 44, 50, 83)",qiskit fallback is exact for two wires only; BQSKit unavailable
8250,8260,"(45, 47, 55, 74)",unavailable_no_bqskit,False,2,,,"(45, 47, 55, 74)",qiskit fallback is exact for two wires only; BQSKit unavailable
8260,8270,"(49, 52, 66, 93)",unavailable_no_bqskit,False,2,,,"(49, 52, 66, 93)",qiskit fallback is exact for two wires only; BQSKit unavailable
8270,8280,"(53, 58, 88, 96)",unavailable_no_bqskit,False,2,,,"(53, 58, 88, 96)",qiskit fallback is exact for two wires only; BQSKit unavailable
8280,8290,"(61, 65, 72, 79)",unavailable_no_bqskit,False,2,,,"(61, 65, 72, 79)",qiskit fallback is exact for two wires only; BQSKit unavailable
8290,8300,"(75, 77, 81, 82)",unavailable_no_bqskit,False,2,,,"(75, 77, 81, 82)",qiskit fallback is exact for two wires only; BQSKit unavailable
8300,8310,"(78, 91, 95, 97)",unavailable_no_bqskit,False,2,,,"(78, 91, 95, 97)",qiskit fallback is exact for two wires only; BQSKit unavailable
8310,8320,"(0, 1, 31, 69)",unavailable_no_bqskit,False,2,,,"(0, 1, 31, 69)",qiskit fallback is exact for two wires only; BQSKit unavailable
8320,8330,"(2, 3, 33, 54)",unavailable_no_bqskit,False,2,,,"(2, 3, 33, 54)",qiskit fallback is exact for two wires only; BQSKit unavailable
8330,8340,"(4, 6, 25, 47)",unavailable_no_bqskit,False,2,,,"(4, 6, 25, 47)",qiskit fallback is exact for two wires only; BQSKit unavailable
8340,8350,"(7, 8, 45, 83)",unavailable_no_bqskit,False,2,,,"(7, 8, 45, 83)",qiskit fallback is exact for two wires only; BQSKit unavailable
8350,8360,"(9, 10, 19, 79)",unavailable_no_bqskit,False,2,,,"(9, 10, 19, 79)",qiskit fallback is exact for two wires only; BQSKit unavailable
8360,8370,"(11, 12, 28, 95)",unavailable_no_bqskit,False,2,,,"(11, 12, 28, 95)",qiskit fallback is exact for two wires only; BQSKit unavailable
8370,8380,"(13, 15, 17, 94)",unavailable_no_bqskit,False,2,,,"(13, 15, 17, 94)",qiskit fallback is exact for two wires only; BQSKit unavailable
8380,8390,"(16, 18, 38, 73)",unavailable_no_bqskit,False,2,,,"(16, 18, 38, 73)",qiskit fallback is exact for two wires only; BQSKit unavailable
8390,8400,"(20, 21, 22, 89)",unavailable_no_bqskit,False,2,,,"(20, 21, 22, 89)",qiskit fallback is exact for two wires only; BQSKit unavailable
8400,8410,"(23, 24, 71, 93)",unavailable_no_bqskit,False,2,,,"(23, 24, 71, 93)",qiskit fallback is exact for two wires only; BQSKit unavailable
8410,8420,"(27, 29, 44, 81)",unavailable_no_bqskit,False,2,,,"(27, 29, 44, 81)",qiskit fallback is exact for two wires only; BQSKit unavailable
8420,8430,"(30, 32, 46, 65)",unavailable_no_bqskit,False,2,,,"(30, 32, 46, 65)",qiskit fallback is exact for two wires only; BQSKit unavailable
8430,8440,"(34, 35, 48, 80)",unavailable_no_bqskit,False,2,,,"(34, 35, 48, 80)",qiskit fallback is exact for two wires only; BQSKit unavailable
8440,8450,"(36, 37, 55, 66)",unavailable_no_bqskit,False,2,,,"(36, 37, 55, 66)",qiskit fallback is exact for two wires only; BQSKit unavailable
8450,8460,"(39, 40, 60, 77)",unavailable_no_bqskit,False,2,,,"(39, 40, 60, 77)",qiskit fallback is exact for two wires only; BQSKit unavailable
8460,8470,"(41, 42, 61, 96)",unavailable_no_bqskit,False,2,,,"(41, 42, 61, 96)",qiskit fallback is exact for two wires only; BQSKit unavailable
8470,8480,"(50, 51, 76, 90)",unavailable_no_bqskit,False,2,,,"(50, 51, 76, 90)",qiskit fallback is exact for two wires only; BQSKit unavailable
8480,8490,"(52, 53, 64, 97)",unavailable_no_bqskit,False,2,,,"(52, 53, 64, 97)",qiskit fallback is exact for two wires only; BQSKit unavailable
8490,8500,"(56, 57, 75, 84)",unavailable_no_bqskit,False,2,,,"(56, 57, 75, 84)",qiskit fallback is exact for two wires only; BQSKit unavailable
8500,8510,"(58, 59, 68, 74)",unavailable_no_bqskit,False,2,,,"(58, 59, 68, 74)",qiskit fallback is exact for two wires only; BQSKit unavailable
8510,8520,"(62, 63, 72, 78)",unavailable_no_bqskit,False,2,,,"(62, 63, 72, 78)",qiskit fallback is exact for two wires only; BQSKit unavailable
8520,8530,"(0, 68, 85, 86)",unavailable_no_bqskit,False,2,,,"(0, 68, 85, 86)",qiskit fallback is exact for two wires only; BQSKit unavailable
8530,8540,"(1, 2, 22, 34)",unavailable_no_bqskit,False,2,,,"(1, 2, 22, 34)",qiskit fallback is exact for two wires only; BQSKit unavailable
8540,8550,"(3, 4, 28, 66)",unavailable_no_bqskit,False,2,,,"(3, 4, 28, 66)",qiskit fallback is exact for two wires only; BQSKit unavailable
8550,8560,"(6, 9, 55, 94)",unavailable_no_bqskit,False,2,,,"(6, 9, 55, 94)",qiskit fallback is exact for two wires only; BQSKit unavailable
8560,8570,"(10, 11, 27, 81)",unavailable_no_bqskit,False,2,,,"(10, 11, 27, 81)",qiskit fallback is exact for two wires only; BQSKit unavailable
8570,8580,"(12, 13, 29, 79)",unavailable_no_bqskit,False,2,,,"(12, 13, 29, 79)",qiskit fallback is exact for two wires only; BQSKit unavailable
8580,8590,"(15, 16, 23, 33)",unavailable_no_bqskit,False,2,,,"(15, 16, 23, 33)",qiskit fallback is exact for two wires only; BQSKit unavailable
8590,8600,"(18, 19, 32, 73)",unavailable_no_bqskit,False,2,,,"(18, 19, 32, 73)",qiskit fallback is exact for two wires only; BQSKit unavailable
8600,8610,"(20, 24, 50, 67)",unavailable_no_bqskit,False,2,,,"(20, 24, 50, 67)",qiskit fallback is exact for two wires only; BQSKit unavailable
8610,8620,"(31, 35, 39, 62)",unavailable_no_bqskit,False,2,,,"(31, 35, 39, 62)",qiskit fallback is exact for two wires only; BQSKit unavailable
8620,8630,"(36, 37, 83, 95)",unavailable_no_bqskit,False,2,,,"(36, 37, 83, 95)",qiskit fallback is exact for two wires only; BQSKit unavailable
8630,8640,"(38, 41, 77, 80)",unavailable_no_bqskit,False,2,,,"(38, 41, 77, 80)",qiskit fallback is exact for two wires only; BQSKit unavailable
8640,8650,"(42, 43, 54, 75)",unavailable_no_bqskit,False,2,,,"(42, 43, 54, 75)",qiskit fallback is exact for two wires only; BQSKit unavailable
8650,8660,"(45, 47, 57, 85)",unavailable_no_bqskit,False,2,,,"(45, 47, 57, 85)",qiskit fallback is exact for two wires only; BQSKit unavailable
8660,8670,"(51, 52, 90, 93)",unavailable_no_bqskit,False,2,,,"(51, 52, 90, 93)",qiskit fallback is exact for two wires only; BQSKit unavailable
8670,8680,"(56, 59, 76, 82)",unavailable_no_bqskit,False,2,,,"(56, 59, 76, 82)",qiskit fallback is exact for two wires only; BQSKit unavailable
8680,8690,"(60, 63, 84, 96)",unavailable_no_bqskit,False,2,,,"(60, 63, 84, 96)",qiskit fallback is exact for two wires only; BQSKit unavailable
8690,8700,"(69, 72, 89, 97)",unavailable_no_bqskit,False,2,,,"(69, 72, 89, 97)",qiskit fallback is exact for two wires only; BQSKit unavailable
8700,8710,"(5, 7, 43, 67)",unavailable_no_bqskit,False,2,,,"(5, 7, 43, 67)",qiskit fallback is exact for two wires only; BQSKit unavailable
8710,8720,"(14, 24, 52, 65)",unavailable_no_bqskit,False,2,,,"(14, 24, 52, 65)",qiskit fallback is exact for two wires only; BQSKit unavailable
8720,8730,"(26, 49, 82, 90)",unavailable_no_bqskit,False,2,,,"(26, 49, 82, 90)",qiskit fallback is exact for two wires only; BQSKit unavailable
8730,8740,"(51, 56, 70, 75)",unavailable_no_bqskit,False,2,,,"(51, 56, 70, 75)",qiskit fallback is exact for two wires only; BQSKit unavailable
8740,8750,"(5, 25, 64, 93)",unavailable_no_bqskit,False,2,,,"(5, 25, 64, 93)",qiskit fallback is exact for two wires only; BQSKit unavailable
8750,8760,"(14, 17, 53, 82)",unavailable_no_bqskit,False,2,,,"(14, 17, 53, 82)",qiskit fallback is exact for two wires only; BQSKit unavailable
8760,8770,"(21, 43, 49, 86)",unavailable_no_bqskit,False,2,,,"(21, 43, 49, 86)",qiskit fallback is exact for two wires only; BQSKit unavailable
8770,8780,"(51, 52, 58, 90)",unavailable_no_bqskit,False,2,,,"(51, 52, 58, 90)",qiskit fallback is exact for two wires only; BQSKit unavailable
8780,8790,"(56, 64, 87, 91)",unavailable_no_bqskit,False,2,,,"(56, 64, 87, 91)",qiskit fallback is exact for two wires only; BQSKit unavailable
8790,8800,"(75, 88, 92, 93)",unavailable_no_bqskit,False,2,,,"(75, 88, 92, 93)",qiskit fallback is exact for two wires only; BQSKit unavailable
8800,8810,"(8, 30, 75, 91)",unavailable_no_bqskit,False,2,,,"(8, 30, 75, 91)",qiskit fallback is exact for two wires only; BQSKit unavailable
8810,8820,"(40, 46, 56, 64)",unavailable_no_bqskit,False,2,,,"(40, 46, 56, 64)",qiskit fallback is exact for two wires only; BQSKit unavailable
8820,8830,"(48, 51, 70, 87)",unavailable_no_bqskit,False,2,,,"(48, 51, 70, 87)",qiskit fallback is exact for two wires only; BQSKit unavailable
8830,8840,"(61, 74, 88, 93)",unavailable_no_bqskit,False,2,,,"(61, 74, 88, 93)",qiskit fallback is exact for two wires only; BQSKit unavailable
8840,8850,"(26, 51, 78, 92)",unavailable_no_bqskit,False,2,,,"(26, 51, 78, 92)",qiskit fallback is exact for two wires only; BQSKit unavailable
8850,8862,"(44, 51, 70, 90)",unavailable_no_bqskit,False,2,,,"(44, 51, 70, 90)",qiskit fallback is exact for two wires only; BQSKit unavailable
8862,8874,"(44, 70, 71, 90)",unavailable_no_bqskit,False,3,,,"(44, 70, 71, 90)",qiskit fallback is exact for two wires only; BQSKit unavailable
8875,8885,"(0, 27, 71, 90)",unavailable_no_bqskit,False,2,,,"(0, 27, 71, 90)",qiskit fallback is exact for two wires only; BQSKit unavailable
8885,8895,"(1, 2, 16, 20)",unavailable_no_bqskit,False,2,,,"(1, 2, 16, 20)",qiskit fallback is exact for two wires only; BQSKit unavailable
8895,8905,"(3, 4, 49, 86)",unavailable_no_bqskit,False,2,,,"(3, 4, 49, 86)",qiskit fallback is exact for two wires only; BQSKit unavailable
8905,8915,"(5, 6, 26, 69)",unavailable_no_bqskit,False,2,,,"(5, 6, 26, 69)",qiskit fallback is exact for two wires only; BQSKit unavailable
8915,8925,"(7, 8, 58, 80)",unavailable_no_bqskit,False,2,,,"(7, 8, 58, 80)",qiskit fallback is exact for two wires only; BQSKit unavailable
8925,8935,"(9, 10, 47, 51)",unavailable_no_bqskit,False,2,,,"(9, 10, 47, 51)",qiskit fallback is exact for two wires only; BQSKit unavailable
8935,8945,"(11, 12, 31, 60)",unavailable_no_bqskit,False,2,,,"(11, 12, 31, 60)",qiskit fallback is exact for two wires only; BQSKit unavailable
8945,8955,"(13, 14, 46, 82)",unavailable_no_bqskit,False,2,,,"(13, 14, 46, 82)",qiskit fallback is exact for two wires only; BQSKit unavailable
8955,8965,"(15, 17, 77, 92)",unavailable_no_bqskit,False,2,,,"(15, 17, 77, 92)",qiskit fallback is exact for two wires only; BQSKit unavailable
8965,8975,"(18, 19, 38, 48)",unavailable_no_bqskit,False,2,,,"(18, 19, 38, 48)",qiskit fallback is exact for two wires only; BQSKit unavailable
8975,8985,"(21, 22, 36, 95)",unavailable_no_bqskit,False,2,,,"(21, 22, 36, 95)",qiskit fallback is exact for two wires only; BQSKit unavailable
8985,8995,"(23, 24, 32, 91)",unavailable_no_bqskit,False,2,,,"(23, 24, 32, 91)",qiskit fallback is exact for two wires only; BQSKit unavailable
8995,9005,"(25, 28, 57, 75)",unavailable_no_bqskit,False,2,,,"(25, 28, 57, 75)",qiskit fallback is exact for two wires only; BQSKit unavailable
9005,9015,"(29, 30, 35, 90)",unavailable_no_bqskit,False,2,,,"(29, 30, 35, 90)",qiskit fallback is exact for two wires only; BQSKit unavailable
9015,9025,"(33, 34, 68, 73)",unavailable_no_bqskit,False,2,,,"(33, 34, 68, 73)",qiskit fallback is exact for two wires only; BQSKit unavailable
9025,9035,"(37, 39, 45, 64)",unavailable_no_bqskit,False,2,,,"(37, 39, 45, 64)",qiskit fallback is exact for two wires only; BQSKit unavailable
9035,9045,"(40, 41, 70, 78)",unavailable_no_bqskit,False,2,,,"(40, 41, 70, 78)",qiskit fallback is exact for two wires only; BQSKit unavailable
9045,9055,"(42, 43, 55, 83)",unavailable_no_bqskit,False,2,,,"(42, 43, 55, 83)",qiskit fallback is exact for two wires only; BQSKit unavailable
9055,9065,"(44, 50, 79, 87)",unavailable_no_bqskit,False,2,,,"(44, 50, 79, 87)",qiskit fallback is exact for two wires only; BQSKit unavailable
9065,9075,"(52, 53, 54, 56)",unavailable_no_bqskit,False,2,,,"(52, 53, 54, 56)",qiskit fallback is exact for two wires only; BQSKit unavailable
9075,9085,"(59, 61, 63, 85)",unavailable_no_bqskit,False,2,,,"(59, 61, 63, 85)",qiskit fallback is exact for two wires only; BQSKit unavailable
9085,9095,"(62, 65, 67, 94)",unavailable_no_bqskit,False,2,,,"(62, 65, 67, 94)",qiskit fallback is exact for two wires only; BQSKit unavailable
9095,9105,"(66, 71, 76, 89)",unavailable_no_bqskit,False,2,,,"(66, 71, 76, 89)",qiskit fallback is exact for two wires only; BQSKit unavailable
9105,9115,"(84, 88, 96, 97)",unavailable_no_bqskit,False,2,,,"(84, 88, 96, 97)",qiskit fallback is exact for two wires only; BQSKit unavailable
9115,9125,"(0, 1, 36, 37)",unavailable_no_bqskit,False,2,,,"(0, 1, 36, 37)",qiskit fallback is exact for two wires only; BQSKit unavailable
9125,9135,"(2, 3, 8, 94)",unavailable_no_bqskit,False,2,,,"(2, 3, 8, 94)",qiskit fallback is exact for two wires only; BQSKit unavailable
9135,9145,"(4, 5, 35, 86)",unavailable_no_bqskit,False,2,,,"(4, 5, 35, 86)",qiskit fallback is exact for two wires only; BQSKit unavailable
9145,9155,"(6, 7, 92, 93)",unavailable_no_bqskit,False,2,,,"(6, 7, 92, 93)",qiskit fallback is exact for two wires only; BQSKit unavailable
9155,9165,"(9, 10, 73, 77)",unavailable_no_bqskit,False,2,,,"(9, 10, 73, 77)",qiskit fallback is exact for two wires only; BQSKit unavailable
9165,9175,"(11, 12, 45, 53)",unavailable_no_bqskit,False,2,,,"(11, 12, 45, 53)",qiskit fallback is exact for two wires only; BQSKit unavailable
9175,9185,"(13, 14, 19, 46)",unavailable_no_bqskit,False,2,,,"(13, 14, 19, 46)",qiskit fallback is exact for two wires only; BQSKit unavailable
9185,9195,"(15, 16, 49, 67)",unavailable_no_bqskit,False,2,,,"(15, 16, 49, 67)",qiskit fallback is exact for two wires only; BQSKit unavailable
9195,9205,"(17, 18, 62, 87)",unavailable_no_bqskit,False,2,,,"(17, 18, 62, 87)",qiskit fallback is exact for two wires only; BQSKit unavailable
9205,9215,"(20, 21, 91, 95)",unavailable_no_bqskit,False,2,,,"(20, 21, 91, 95)",qiskit fallback is exact for two wires only; BQSKit unavailable
9215,9225,"(22, 23, 25, 47)",unavailable_no_bqskit,False,2,,,"(22, 23, 25, 47)",qiskit fallback is exact for two wires only; BQSKit unavailable
9225,9235,"(24, 26, 27, 65)",unavailable_no_bqskit,False,2,,,"(24, 26, 27, 65)",qiskit fallback is exact for two wires only; BQSKit unavailable
9235,9245,"(28, 29, 57, 80)",unavailable_no_bqskit,False,2,,,"(28, 29, 57, 80)",qiskit fallback is exact for two wires only; BQSKit unavailable
9245,9255,"(30, 31, 68, 76)",unavailable_no_bqskit,False,2,,,"(30, 31, 68, 76)",qiskit fallback is exact for two wires only; BQSKit unavailable
9255,9265,"(32, 34, 66, 74)",unavailable_no_bqskit,False,2,,,"(32, 34, 66, 74)",qiskit fallback is exact for two wires only; BQSKit unavailable
9265,9275,"(38, 40, 59, 79)",unavailable_no_bqskit,False,2,,,"(38, 40, 59, 79)",qiskit fallback is exact for two wires only; BQSKit unavailable
9275,9285,"(41, 42, 58, 60)",unavailable_no_bqskit,False,2,,,"(41, 42, 58, 60)",qiskit fallback is exact for two wires only; BQSKit unavailable
9285,9295,"(43, 44, 56, 75)",unavailable_no_bqskit,False,2,,,"(43, 44, 56, 75)",qiskit fallback is exact for two wires only; BQSKit unavailable
9295,9305,"(48, 50, 84, 96)",unavailable_no_bqskit,False,2,,,"(48, 50, 84, 96)",qiskit fallback is exact for two wires only; BQSKit unavailable
9305,9315,"(51, 52, 63, 88)",unavailable_no_bqskit,False,2,,,"(51, 52, 63, 88)",qiskit fallback is exact for two wires only; BQSKit unavailable
9315,9325,"(54, 61, 69, 97)",unavailable_no_bqskit,False,2,,,"(54, 61, 69, 97)",qiskit fallback is exact for two wires only; BQSKit unavailable
9325,9335,"(64, 70, 71, 85)",unavailable_no_bqskit,False,2,,,"(64, 70, 71, 85)",qiskit fallback is exact for two wires only; BQSKit unavailable
9335,9345,"(72, 78, 83, 89)",unavailable_no_bqskit,False,2,,,"(72, 78, 83, 89)",qiskit fallback is exact for two wires only; BQSKit unavailable
9345,9355,"(0, 1, 16, 27)",unavailable_no_bqskit,False,2,,,"(0, 1, 16, 27)",qiskit fallback is exact for two wires only; BQSKit unavailable
9355,9365,"(2, 3, 20, 86)",unavailable_no_bqskit,False,2,,,"(2, 3, 20, 86)",qiskit fallback is exact for two wires only; BQSKit unavailable
9365,9375,"(4, 5, 49, 69)",unavailable_no_bqskit,False,2,,,"(4, 5, 49, 69)",qiskit fallback is exact for two wires only; BQSKit unavailable
9375,9385,"(6, 7, 26, 58)",unavailable_no_bqskit,False,2,,,"(6, 7, 26, 58)",qiskit fallback is exact for two wires only; BQSKit unavailable
9385,9395,"(8, 9, 51, 80)",unavailable_no_bqskit,False,2,,,"(8, 9, 51, 80)",qiskit fallback is exact for two wires only; BQSKit unavailable
9395,9405,"(10, 11, 31, 47)",unavailable_no_bqskit,False,2,,,"(10, 11, 31, 47)",qiskit fallback is exact for two wires only; BQSKit unavailable
9405,9415,"(12, 13, 46, 60)",unavailable_no_bqskit,False,2,,,"(12, 13, 46, 60)",qiskit fallback is exact for two wires only; BQSKit unavailable
9415,9425,"(15, 17, 77, 92)",unavailable_no_bqskit,False,2,,,"(15, 17, 77, 92)",qiskit fallback is exact for two wires only; BQSKit unavailable
9425,9435,"(18, 19, 38, 48)",unavailable_no_bqskit,False,2,,,"(18, 19, 38, 48)",qiskit fallback is exact for two wires only; BQSKit unavailable
9435,9445,"(21, 22, 36, 95)",unavailable_no_bqskit,False,2,,,"(21, 22, 36, 95)",qiskit fallback is exact for two wires only; BQSKit unavailable
9445,9455,"(23, 24, 32, 91)",unavailable_no_bqskit,False,2,,,"(23, 24, 32, 91)",qiskit fallback is exact for two wires only; BQSKit unavailable
9455,9465,"(25, 28, 57, 75)",unavailable_no_bqskit,False,2,,,"(25, 28, 57, 75)",qiskit fallback is exact for two wires only; BQSKit unavailable
9465,9475,"(29, 34, 35, 73)",unavailable_no_bqskit,False,2,,,"(29, 34, 35, 73)",qiskit fallback is exact for two wires only; BQSKit unavailable
9475,9485,"(37, 40, 64, 70)",unavailable_no_bqskit,False,2,,,"(37, 40, 64, 70)",qiskit fallback is exact for two wires only; BQSKit unavailable
9485,9495,"(43, 44, 79, 83)",unavailable_no_bqskit,False,2,,,"(43, 44, 79, 83)",qiskit fallback is exact for two wires only; BQSKit unavailable
9495,9505,"(52, 53, 55, 56)",unavailable_no_bqskit,False,2,,,"(52, 53, 55, 56)",qiskit fallback is exact for two wires only; BQSKit unavailable
9505,9515,"(59, 61, 63, 85)",unavailable_no_bqskit,False,2,,,"(59, 61, 63, 85)",qiskit fallback is exact for two wires only; BQSKit unavailable
9515,9525,"(62, 65, 67, 94)",unavailable_no_bqskit,False,2,,,"(62, 65, 67, 94)",qiskit fallback is exact for two wires only; BQSKit unavailable
9525,9535,"(66, 71, 76, 89)",unavailable_no_bqskit,False,2,,,"(66, 71, 76, 89)",qiskit fallback is exact for two wires only; BQSKit unavailable
9535,9545,"(72, 81, 84, 96)",unavailable_no_bqskit,False,2,,,"(72, 81, 84, 96)",qiskit fallback is exact for two wires only; BQSKit unavailable
9545,9555,"(0, 36, 88, 97)",unavailable_no_bqskit,False,2,,,"(0, 36, 88, 97)",qiskit fallback is exact for two wires only; BQSKit unavailable
9555,9565,"(1, 2, 37, 94)",unavailable_no_bqskit,False,2,,,"(1, 2, 37, 94)",qiskit fallback is exact for two wires only; BQSKit unavailable
9565,9575,"(3, 4, 8, 86)",unavailable_no_bqskit,False,2,,,"(3, 4, 8, 86)",qiskit fallback is exact for two wires only; BQSKit unavailable
9575,9585,"(5, 7, 35, 92)",unavailable_no_bqskit,False,2,,,"(5, 7, 35, 92)",qiskit fallback is exact for two wires only; BQSKit unavailable
9585,9595,"(9, 10, 73, 77)",unavailable_no_bqskit,False,2,,,"(9, 10, 73, 77)",qiskit fallback is exact for two wires only; BQSKit unavailable
9595,9605,"(13, 15, 19, 49)",unavailable_no_bqskit,False,2,,,"(13, 15, 19, 49)",qiskit fallback is exact for two wires only; BQSKit unavailable
9605,9615,"(16, 18, 62, 67)",unavailable_no_bqskit,False,2,,,"(16, 18, 62, 67)",qiskit fallback is exact for two wires only; BQSKit unavailable
9615,9625,"(20, 21, 91, 95)",unavailable_no_bqskit,False,2,,,"(20, 21, 91, 95)",qiskit fallback is exact for two wires only; BQSKit unavailable
9625,9635,"(22, 23, 25, 47)",unavailable_no_bqskit,False,2,,,"(22, 23, 25, 47)",qiskit fallback is exact for two wires only; BQSKit unavailable
9635,9645,"(24, 26, 27, 65)",unavailable_no_bqskit,False,2,,,"(24, 26, 27, 65)",qiskit fallback is exact for two wires only; BQSKit unavailable
9645,9655,"(28, 29, 57, 80)",unavailable_no_bqskit,False,2,,,"(28, 29, 57, 80)",qiskit fallback is exact for two wires only; BQSKit unavailable
9655,9665,"(31, 32, 74, 76)",unavailable_no_bqskit,False,2,,,"(31, 32, 74, 76)",qiskit fallback is exact for two wires only; BQSKit unavailable
9665,9675,"(34, 38, 66, 79)",unavailable_no_bqskit,False,2,,,"(34, 38, 66, 79)",qiskit fallback is exact for two wires only; BQSKit unavailable
9675,9685,"(40, 44, 59, 75)",unavailable_no_bqskit,False,2,,,"(40, 44, 59, 75)",qiskit fallback is exact for two wires only; BQSKit unavailable
9685,9695,"(48, 51, 84, 88)",unavailable_no_bqskit,False,2,,,"(48, 51, 84, 88)",qiskit fallback is exact for two wires only; BQSKit unavailable
9695,9705,"(52, 53, 63, 93)",unavailable_no_bqskit,False,2,,,"(52, 53, 63, 93)",qiskit fallback is exact for two wires only; BQSKit unavailable
9705,9715,"(55, 58, 90, 97)",unavailable_no_bqskit,False,2,,,"(55, 58, 90, 97)",qiskit fallback is exact for two wires only; BQSKit unavailable
9715,9725,"(64, 70, 71, 85)",unavailable_no_bqskit,False,2,,,"(64, 70, 71, 85)",qiskit fallback is exact for two wires only; BQSKit unavailable
9725,9735,"(72, 78, 83, 89)",unavailable_no_bqskit,False,2,,,"(72, 78, 83, 89)",qiskit fallback is exact for two wires only; BQSKit unavailable
9735,9745,"(33, 55, 56, 72)",unavailable_no_bqskit,False,2,,,"(33, 55, 56, 72)",qiskit fallback is exact for two wires only; BQSKit unavailable
9745,9755,"(58, 61, 78, 81)",unavailable_no_bqskit,False,2,,,"(58, 61, 78, 81)",qiskit fallback is exact for two wires only; BQSKit unavailable
9755,9765,"(33, 39, 68, 78)",unavailable_no_bqskit,False,2,,,"(33, 39, 68, 78)",qiskit fallback is exact for two wires only; BQSKit unavailable
9765,9775,"(42, 55, 56, 90)",unavailable_no_bqskit,False,2,,,"(42, 55, 56, 90)",qiskit fallback is exact for two wires only; BQSKit unavailable
9775,9786,"(61, 81, 82, 97)",unavailable_no_bqskit,False,2,,,"(61, 81, 82, 97)",qiskit fallback is exact for two wires only; BQSKit unavailable
9786,9795,"(14, 39, 45, 82)",unavailable_no_bqskit,False,2,,,"(14, 39, 45, 82)",qiskit fallback is exact for two wires only; BQSKit unavailable
9795,9805,"(41, 42, 60, 78)",unavailable_no_bqskit,False,2,,,"(41, 42, 60, 78)",qiskit fallback is exact for two wires only; BQSKit unavailable
9805,9815,"(50, 54, 81, 90)",unavailable_no_bqskit,False,2,,,"(50, 54, 81, 90)",qiskit fallback is exact for two wires only; BQSKit unavailable
9815,9825,"(12, 14, 45, 46)",unavailable_no_bqskit,False,2,,,"(12, 14, 45, 46)",qiskit fallback is exact for two wires only; BQSKit unavailable
9825,9835,"(39, 41, 58, 78)",unavailable_no_bqskit,False,2,,,"(39, 41, 58, 78)",qiskit fallback is exact for two wires only; BQSKit unavailable
9835,9845,"(50, 56, 90, 93)",unavailable_no_bqskit,False,2,,,"(50, 56, 90, 93)",qiskit fallback is exact for two wires only; BQSKit unavailable
9845,9855,"(6, 72, 81, 93)",unavailable_no_bqskit,False,2,,,"(6, 72, 81, 93)",qiskit fallback is exact for two wires only; BQSKit unavailable
9855,9865,"(30, 54, 56, 90)",unavailable_no_bqskit,False,2,,,"(30, 54, 56, 90)",qiskit fallback is exact for two wires only; BQSKit unavailable
9865,9875,"(30, 58, 61, 68)",unavailable_no_bqskit,False,2,,,"(30, 58, 61, 68)",qiskit fallback is exact for two wires only; BQSKit unavailable
9875,9885,"(43, 54, 56, 90)",unavailable_no_bqskit,False,2,,,"(43, 54, 56, 90)",qiskit fallback is exact for two wires only; BQSKit unavailable
9885,9896,"(50, 54, 81, 93)",unavailable_no_bqskit,False,2,,,"(50, 54, 81, 93)",qiskit fallback is exact for two wires only; BQSKit unavailable
9896,9905,"(54, 55, 69, 90)",unavailable_no_bqskit,False,2,,,"(54, 55, 69, 90)",qiskit fallback is exact for two wires only; BQSKit unavailable
9905,9916,"(50, 81, 87, 93)",unavailable_no_bqskit,False,2,,,"(50, 81, 87, 93)",qiskit fallback is exact for two wires only; BQSKit unavailable
9916,9926,"(17, 53, 87, 93)",unavailable_no_bqskit,False,2,,,"(17, 53, 87, 93)",qiskit fallback is exact for two wires only; BQSKit unavailable
9926,9936,"(53, 72, 82, 93)",unavailable_no_bqskit,False,2,,,"(53, 72, 82, 93)",qiskit fallback is exact for two wires only; BQSKit unavailable
9936,9945,"(11, 53, 81, 93)",unavailable_no_bqskit,False,2,,,"(11, 53, 81, 93)",qiskit fallback is exact for two wires only; BQSKit unavailable
9945,9956,"(50, 53, 81, 82)",unavailable_no_bqskit,False,2,,,"(50, 53, 81, 82)",qiskit fallback is exact for two wires only; BQSKit unavailable
9956,9965,"(50, 72, 82, 93)",unavailable_no_bqskit,False,2,,,"(50, 72, 82, 93)",qiskit fallback is exact for two wires only; BQSKit unavailable
9965,9977,"(33, 50, 53, 72)",unavailable_no_bqskit,False,2,,,"(33, 50, 53, 72)",qiskit fallback is exact for two wires only; BQSKit unavailable
9977,9989,"(50, 53, 72, 96)",unavailable_no_bqskit,False,3,,,"(50, 53, 72, 96)",qiskit fallback is exact for two wires only; BQSKit unavailable
