time,stage,rewire_side,rewire_phase,rewire_time_s,remaining_layers_before_rewire,parallel_rewire,adaptive_parallel_rewire,absorb_side,it_left,it_right,layers_left,layers_right,u_consumed_total_left,u_consumed_total_right,u_consumed_total,swap_consumed,u_consumed,u_consumed_after_unswap,probe_left_time_s,probe_right_time_s,probe_total_time_s,probe_wall_time_s,probe_left_total_elems,probe_right_total_elems,probe_left_max_bond,probe_right_max_bond,probe_left_hit_max_bond,probe_right_hit_max_bond,probe_left_over_unswap_threshold,probe_right_over_unswap_threshold,selected_total_elems,selected_max_bond,selected_hit_max_bond,compression_max_bond_limit,compression_cutoff,unswap_trigger_max_bond,cycle_start_total_elems,no_progress_unswap_cycles,absorb_score_mode,probe_left_score,probe_right_score,absorb_lookahead_depth,absorb_lookahead_depth_used,absorb_lookahead_candidates,absorb_lookahead_choice,absorb_lookahead_score,absorb_lookahead_time_s,max_bond,max_links,total_elems,total_shapes,total_links,num_tensors,iteration,side,parity,candidate_pairs,candidate_pairs_total,new_swaps,total_swaps,pair_lookahead_probes,pair_lookahead_candidates,pair_lookahead_current_score,pair_lookahead_best_score,alignment_score,route_proxy_weight,route_proxy_lookahead,route_proxy_rejected_swaps,route_proxy_added_swaps,alignment_weight,alignment_protect_gain,alignment_tie_loss,unswap_cycle,unswap_cycle_time_s,gates_consumed,total_work_gates,remaining_work_gates,cycle_gates_consumed,hit_max_bond,sabre_trials,adaptive_parallel_rewire_probed,cycle_work_consumed_before_rewire,route_candidates,route_score,route_score_time_s,route_chosen_seed,route_rewire_time_s,rewire_wall_time_s,termination_reason,termination_detail,stall_mode,abort_after_no_progress_unswap_cycles,initial_rewire_time_s,initial_rewire_wall_time_s,post_unswap_rewire_time_s,post_unswap_rewire_wall_time_s,absorb_probe_time_s,absorb_probe_wall_time_s,unswap_time_s,accounted_time_s,accounted_wall_time_s
0.23955308395670727,rewiring,left,initial,0.18936237500747666,239,False,False,,,,,,,,,,,,,,,,,,,,,,,,,,,,,,,,,,,,,,,,,,,,,,,,,,,,,,,,,,,,,,,,,,,,,,,,,,,,,,,,,,,,,,,,,,,,,,
0.4481506669544615,rewiring,right,initial,0.20838958397507668,249,False,False,,,,,,,,,,,,,,,,,,,,,,,,,,,,,,,,,,,,,,,,,,,,,,,,,,,,,,,,,,,,,,,,,,,,,,,,,,,,,,,,,,,,,,,,,,,,,,
0.5139315839624032,absorbing,,,,,,,L,1,0,237,247,4,0,4,5,4,4,0.03400329203577712,0.0194331249804236,0.05343641701620072,0.053841458982788026,256,280,4,4,False,False,False,False,256,4,False,512,0.0006,,160,0,total_elems,256,280,1,1,,,,0.0,4,4,256,262,158,40,,,,,,,,,,,,,,,,,,,,,,,,,,,,,,,,,,,,,,,,,,,,,,,,
0.5605203749728389,absorbing,,,,,,,R,1,1,237,247,4,0,4,5,0,4,0.024286208034027368,0.019171124964486808,0.043457332998514175,0.04390237503685057,592,388,4,4,False,False,False,False,388,4,False,512,0.0006,,160,0,total_elems,592,388,1,1,,,,0.0,4,4,388,286,158,40,,,,,,,,,,,,,,,,,,,,,,,,,,,,,,,,,,,,,,,,,,,,,,,,
0.607860833988525,absorbing,,,,,,,R,1,2,237,247,4,0,4,5,0,4,0.023670082970056683,0.019861250009853393,0.043531332979910076,0.04399783298140392,796,628,4,4,False,False,False,False,628,4,False,512,0.0006,,160,0,total_elems,796,628,1,1,,,,0.0,4,4,628,310,158,40,,,,,,,,,,,,,,,,,,,,,,,,,,,,,,,,,,,,,,,,,,,,,,,,
0.654381291999016,absorbing,,,,,,,L,2,2,237,247,7,0,7,4,3,7,0.023919374973047525,0.01896837499225512,0.042887749965302646,0.043348209001123905,976,1516,4,16,False,False,False,False,976,4,False,512,0.0006,,160,0,total_elems,976,1516,1,1,,,,0.0,4,4,976,352,158,40,,,,,,,,,,,,,,,,,,,,,,,,,,,,,,,,,,,,,,,,,,,,,,,,
0.7036981249693781,absorbing,,,,,,,L,3,2,237,247,10,0,10,5,3,10,0.02577195898629725,0.01986695796949789,0.04563891695579514,0.046116875018924475,1192,1900,4,16,False,False,False,False,1192,4,False,512,0.0006,,160,0,total_elems,1192,1900,1,1,,,,0.0,4,4,1192,370,158,40,,,,,,,,,,,,,,,,,,,,,,,,,,,,,,,,,,,,,,,,,,,,,,,,
0.7500392919755541,absorbing,,,,,,,L,4,2,237,247,12,0,12,6,2,12,0.023170667001977563,0.019451792002655566,0.04262245900463313,0.043096625013276935,1696,2116,16,16,False,False,False,False,1696,16,False,512,0.0006,,160,0,total_elems,1696,2116,1,1,,,,0.0,16,4,1696,406,158,40,,,,,,,,,,,,,,,,,,,,,,,,,,,,,,,,,,,,,,,,,,,,,,,,
0.7984839999699034,absorbing,,,,,,,R,4,3,237,247,12,0,12,4,0,12,0.02491120796184987,0.0199537500157021,0.04486495797755197,0.045333041984122247,3616,3196,16,16,False,False,False,False,3196,16,False,512,0.0006,,160,0,total_elems,3616,3196,1,1,,,,0.0,16,4,3196,466,158,40,,,,,,,,,,,,,,,,,,,,,,,,,,,,,,,,,,,,,,,,,,,,,,,,
0.851133583986666,absorbing,,,,,,,L,5,3,237,247,15,0,15,6,3,15,0.026097500056494027,0.022832166985608637,0.048929667042102665,0.04937258397694677,5116,5176,16,16,False,False,False,False,5116,16,False,512,0.0006,,160,0,total_elems,5116,5176,1,1,,,,0.0,16,4,5116,550,158,40,,,,,,,,,,,,,,,,,,,,,,,,,,,,,,,,,,,,,,,,,,,,,,,,
0.9066524999798276,absorbing,,,,,,,R,5,4,237,247,15,2,17,3,2,17,0.02728441695217043,0.024431750003714114,0.051716166955884546,0.05223291600123048,10168,7096,16,16,False,False,False,False,7096,16,False,512,0.0006,,160,0,total_elems,10168,7096,1,1,,,,0.0,16,4,7096,604,158,40,,,,,,,,,,,,,,,,,,,,,,,,,,,,,,,,,,,,,,,,,,,,,,,,
0.9628818339551799,absorbing,,,,,,,L,6,4,237,247,19,2,21,5,4,21,0.028570041991770267,0.02358141599688679,0.05215145798865706,0.05264325003372505,12724,14320,16,64,False,False,False,False,12724,16,False,512,0.0006,,160,0,total_elems,12724,14320,1,1,,,,0.0,16,4,12724,742,158,40,,,,,,,,,,,,,,,,,,,,,,,,,,,,,,,,,,,,,,,,,,,,,,,,
1.0177212919807062,absorbing,,,,,,,R,6,5,237,247,19,3,22,4,1,22,0.025931250012945384,0.025103249994572252,0.051034500007517636,0.05149420798989013,19720,18988,64,64,False,False,False,False,18988,64,False,512,0.0006,,160,0,total_elems,19720,18988,1,1,,,,0.0,64,4,18988,850,158,40,,,,,,,,,,,,,,,,,,,,,,,,,,,,,,,,,,,,,,,,,,,,,,,,
1.0808389589656144,absorbing,,,,,,,L,7,5,237,247,21,3,24,8,2,24,0.027952915988862514,0.031094959005713463,0.05904787499457598,0.05953804199816659,26020,34728,64,64,False,False,False,False,26020,64,False,512,0.0006,,160,0,total_elems,26020,34728,1,1,,,,0.0,64,4,26020,1006,158,40,,,,,,,,,,,,,,,,,,,,,,,,,,,,,,,,,,,,,,,,,,,,,,,,
1.1642070839880034,absorbing,,,,,,,R,7,6,237,247,21,4,25,4,1,25,0.04498449998209253,0.0344514999887906,0.07943599997088313,0.07991695904638618,60292,41760,64,64,False,False,False,False,41760,64,False,512,0.0006,,160,0,total_elems,60292,41760,1,1,,,,0.0,64,4,41760,1116,158,40,,,,,,,,,,,,,,,,,,,,,,,,,,,,,,,,,,,,,,,,,,,,,,,,
1.2694864589720964,absorbing,,,,,,,R,7,7,237,247,21,6,27,3,2,27,0.05919754196656868,0.041888165986165404,0.10108570795273408,0.1015590830356814,60672,57792,64,64,False,False,False,False,57792,64,False,512,0.0006,,160,0,total_elems,60672,57792,1,1,,,,0.0,64,4,57792,1242,158,40,,,,,,,,,,,,,,,,,,,,,,,,,,,,,,,,,,,,,,,,,,,,,,,,
1.4095828749705106,absorbing,,,,,,,R,7,8,237,247,21,6,27,4,0,27,0.09563833300489932,0.03993945801630616,0.13557779102120548,0.1361033339635469,76704,58752,64,64,False,False,False,False,58752,64,False,512,0.0006,,160,0,total_elems,76704,58752,1,1,,,,0.0,64,4,58752,1266,158,40,,,,,,,,,,,,,,,,,,,,,,,,,,,,,,,,,,,,,,,,,,,,,,,,
1.5484307919978164,absorbing,,,,,,,R,7,9,237,247,21,8,29,3,2,29,0.0934842909919098,0.041064207965973765,0.13454849895788357,0.13514425000175834,78048,62976,64,64,False,False,False,False,62976,64,False,512,0.0006,,160,0,total_elems,78048,62976,1,1,,,,0.0,64,4,62976,1344,158,40,,,,,,,,,,,,,,,,,,,,,,,,,,,,,,,,,,,,,,,,,,,,,,,,
1.68421199999284,absorbing,,,,,,,R,7,10,237,247,21,8,29,5,0,29,0.0915215410059318,0.04002745897741988,0.13154899998335168,0.1320947500062175,83104,67584,64,64,False,False,False,False,67584,64,False,512,0.0006,,160,0,total_elems,83104,67584,1,1,,,,0.0,64,4,67584,1470,158,40,,,,,,,,,,,,,,,,,,,,,,,,,,,,,,,,,,,,,,,,,,,,,,,,
1.8284459589631297,absorbing,,,,,,,R,7,11,237,247,21,11,32,1,3,32,0.09179837501142174,0.048148332978598773,0.1399467079900205,0.14044566598022357,88032,75072,64,64,False,False,False,False,75072,64,False,512,0.0006,,160,0,total_elems,88032,75072,1,1,,,,0.0,64,4,75072,1570,158,40,,,,,,,,,,,,,,,,,,,,,,,,,,,,,,,,,,,,,,,,,,,,,,,,
1.9806673749699257,absorbing,,,,,,,R,7,12,237,247,21,13,34,2,2,34,0.0999200830119662,0.04759408300742507,0.14751416601939127,0.14802429202245548,95520,75072,64,64,False,False,False,False,75072,64,False,512,0.0006,,160,0,total_elems,95520,75072,1,1,,,,0.0,64,4,75072,1570,158,40,,,,,,,,,,,,,,,,,,,,,,,,,,,,,,,,,,,,,,,,,,,,,,,,
2.128442791989073,absorbing,,,,,,,R,7,13,237,247,21,14,35,2,1,35,0.0983576659928076,0.04499704099725932,0.14335470699006692,0.14385608298471197,101664,74112,64,64,False,False,False,False,74112,64,False,512,0.0006,,160,0,total_elems,101664,74112,1,1,,,,0.0,64,4,74112,1546,158,40,,,,,,,,,,,,,,,,,,,,,,,,,,,,,,,,,,,,,,,,,,,,,,,,
2.274989833997097,absorbing,,,,,,,R,7,14,237,247,21,16,37,2,2,37,0.09657283301930875,0.04537516599521041,0.14194799901451916,0.14253991696750745,100704,73728,64,64,False,False,False,False,73728,64,False,512,0.0006,,160,0,total_elems,100704,73728,1,1,,,,0.0,64,4,73728,1522,158,40,,,,,,,,,,,,,,,,,,,,,,,,,,,,,,,,,,,,,,,,,,,,,,,,
2.4217933749896474,absorbing,,,,,,,R,7,15,237,247,21,16,37,3,0,37,0.09712945797946304,0.04523520905058831,0.14236466703005135,0.1429335410357453,99744,83328,64,64,False,False,False,False,83328,64,False,512,0.0006,,160,0,total_elems,99744,83328,1,1,,,,0.0,64,4,83328,1642,158,40,,,,,,,,,,,,,,,,,,,,,,,,,,,,,,,,,,,,,,,,,,,,,,,,
2.58913387497887,absorbing,,,,,,,L,8,15,237,247,24,16,40,5,3,40,0.09527658397564664,0.0674950840184465,0.16277166799409315,0.1633630419964902,109920,132864,64,116,False,False,False,False,109920,64,False,512,0.0006,,160,0,total_elems,109920,132864,1,1,,,,0.0,64,4,109920,1936,158,40,,,,,,,,,,,,,,,,,,,,,,,,,,,,,,,,,,,,,,,,,,,,,,,,
2.757630624982994,absorbing,,,,,,,L,9,15,237,247,27,16,43,3,3,43,0.0842768750153482,0.07967933296458796,0.16395620797993615,0.16442508297041059,118560,158496,64,116,False,False,False,False,118560,64,False,512,0.0006,,160,0,total_elems,118560,158496,1,1,,,,0.0,64,4,118560,2080,158,40,,,,,,,,,,,,,,,,,,,,,,,,,,,,,,,,,,,,,,,,,,,,,,,,
2.9757440839894116,absorbing,,,,,,,L,10,15,237,247,30,16,46,2,3,46,0.07646020798711106,0.136944416037295,0.21340462402440608,0.21392875001765788,141024,167136,64,116,False,False,False,False,141024,64,False,512,0.0006,,160,0,total_elems,141024,167136,1,1,,,,0.0,64,4,141024,2296,158,40,,,,,,,,,,,,,,,,,,,,,,,,,,,,,,,,,,,,,,,,,,,,,,,,
3.213278041977901,absorbing,,,,,,,R,10,16,237,247,30,17,47,5,1,47,0.13802499999292195,0.09475241700420156,0.2327774169971235,0.2332928340183571,279264,183456,256,116,False,False,False,False,183456,116,False,512,0.0006,,160,0,total_elems,279264,183456,1,1,,,,0.0,116,4,183456,2488,158,40,,,,,,,,,,,,,,,,,,,,,,,,,,,,,,,,,,,,,,,,,,,,,,,,
3.570633208961226,absorbing,,,,,,,L,11,16,237,247,32,17,49,5,2,49,0.15976729098474607,0.19263508298899978,0.35240237397374585,0.35298749996582046,320160,362016,256,250,False,False,False,False,320160,256,False,512,0.0006,,160,0,total_elems,320160,362016,1,1,,,,0.0,256,4,320160,3056,158,40,,,,,,,,,,,,,,,,,,,,,,,,,,,,,,,,,,,,,,,,,,,,,,,,
4.15442549996078,absorbing,,,,,,,L,12,16,237,247,34,17,51,3,2,51,0.28424533299403265,0.29451679199701175,0.5787621249910444,0.5793279169593006,380448,476596,256,256,False,False,False,False,380448,256,False,512,0.0006,,160,0,total_elems,380448,476596,1,1,,,,0.0,256,4,380448,3434,158,40,,,,,,,,,,,,,,,,,,,,,,,,,,,,,,,,,,,,,,,,,,,,,,,,
4.676717666967306,absorbing,,,,,,,L,13,16,237,247,37,17,54,3,3,54,0.20613341697026044,0.31115583301289007,0.5172892499831505,0.5180611250107177,385760,533652,256,256,False,False,False,True,385760,256,False,512,0.0006,,160,0,total_elems,385760,533652,1,1,,,,0.0,256,4,385760,3486,158,40,,,,,,,,,,,,,,,,,,,,,,,,,,,,,,,,,,,,,,,,,,,,,,,,
9.2172234999598,unswapping,,,,,,,,,,,,,,,,,,,,,,,,,,,,,,,,,,,,,,,,,,,,,,,256,4,329568,3144,158,40,0,both,0,20,20,8,8,,,,,0,,,,,,,,,,,,,,,,,,,,,,,,,,,,,,,,,,,,
10.708489541953895,unswapping,,,,,,,,,,,,,,,,,,,,,,,,,,,,,,,,,,,,,,,,,,,,,,,64,4,152160,2264,158,40,0,both,1,19,19,9,17,,,,,0,,,,,,,,,,,,,,,,,,,,,,,,,,,,,,,,,,,,
11.054167083988432,unswapping,,,,,,,,,,,,,,,,,,,,,,,,,,,,,,,,,,,,,,,,,,,,,,,64,4,126624,2048,158,40,0,left,0,20,20,4,21,,,,,8,,,,,,,,,,,,,,,,,,,,,,,,,,,,,,,,,,,,
11.452443458954804,unswapping,,,,,,,,,,,,,,,,,,,,,,,,,,,,,,,,,,,,,,,,,,,,,,,64,4,95072,1820,158,40,0,left,1,19,19,7,28,,,,,22,,,,,,,,,,,,,,,,,,,,,,,,,,,,,,,,,,,,
11.691844999964815,unswapping,,,,,,,,,,,,,,,,,,,,,,,,,,,,,,,,,,,,,,,,,,,,,,,64,4,45536,1344,158,40,0,right,0,20,20,10,38,,,,,38,,,,,,,,,,,,,,,,,,,,,,,,,,,,,,,,,,,,
11.850528458948247,unswapping,,,,,,,,,,,,,,,,,,,,,,,,,,,,,,,,,,,,,,,,,,,,,,,32,4,27024,1076,158,40,0,right,1,19,19,9,47,,,,,54,,,,,,,,,,,,,,,,,,,,,,,,,,,,,,,,,,,,
12.04056029196363,unswapping,,,,,,,,,,,,,,,,,,,,,,,,,,,,,,,,,,,,,,,,,,,,,,,32,4,20736,964,158,40,1,both,0,20,20,6,6,,,,,66,,,,,,,,,,,,,,,,,,,,,,,,,,,,,,,,,,,,
12.211478166980669,unswapping,,,,,,,,,,,,,,,,,,,,,,,,,,,,,,,,,,,,,,,,,,,,,,,32,4,19008,916,158,40,1,both,1,19,19,3,9,,,,,74,,,,,,,,,,,,,,,,,,,,,,,,,,,,,,,,,,,,
12.283315291977488,unswapping,,,,,,,,,,,,,,,,,,,,,,,,,,,,,,,,,,,,,,,,,,,,,,,27,4,15712,858,158,40,1,left,0,20,20,4,13,,,,,76,,,,,,,,,,,,,,,,,,,,,,,,,,,,,,,,,,,,
12.348926374979783,unswapping,,,,,,,,,,,,,,,,,,,,,,,,,,,,,,,,,,,,,,,,,,,,,,,25,4,14048,822,158,40,1,left,1,19,19,2,15,,,,,80,,,,,,,,,,,,,,,,,,,,,,,,,,,,,,,,,,,,
12.41397545899963,unswapping,,,,,,,,,,,,,,,,,,,,,,,,,,,,,,,,,,,,,,,,,,,,,,,24,4,12832,780,158,40,1,right,0,20,20,2,17,,,,,84,,,,,,,,,,,,,,,,,,,,,,,,,,,,,,,,,,,,
12.484298458963167,unswapping,,,,,,,,,,,,,,,,,,,,,,,,,,,,,,,,,,,,,,,,,,,,,,,24,4,12088,746,158,40,1,right,1,19,19,4,21,,,,,88,,,,,,,,,,,,,,,,,,,,,,,,,,,,,,,,,,,,
12.601966541958973,unswapping,,,,,,,,,,,,,,,,,,,,,,,,,,,,,,,,,,,,,,,,,,,,,,,24,4,11992,738,158,40,2,both,0,20,20,2,2,,,,,92,,,,,,,,,,,,,,,,,,,,,,,,,,,,,,,,,,,,
12.720919791958295,unswapping,,,,,,,,,,,,,,,,,,,,,,,,,,,,,,,,,,,,,,,,,,,,,,,24,4,11944,732,158,40,2,both,1,19,19,1,3,,,,,94,,,,,,,,,,,,,,,,,,,,,,,,,,,,,,,,,,,,
12.75130745896604,unswapping,,,,,,,,,,,,,,,,,,,,,,,,,,,,,,,,,,,,,,,,,,,,,,,24,4,11944,732,158,40,2,left,0,20,20,0,3,,,,,94,,,,,,,,,,,,,,,,,,,,,,,,,,,,,,,,,,,,
12.780341499950737,unswapping,,,,,,,,,,,,,,,,,,,,,,,,,,,,,,,,,,,,,,,,,,,,,,,24,4,11944,732,158,40,2,left,1,19,19,0,3,,,,,94,,,,,,,,,,,,,,,,,,,,,,,,,,,,,,,,,,,,
12.80830579198664,unswapping,,,,,,,,,,,,,,,,,,,,,,,,,,,,,,,,,,,,,,,,,,,,,,,24,4,11944,732,158,40,2,right,0,20,20,0,3,,,,,94,,,,,,,,,,,,,,,,,,,,,,,,,,,,,,,,,,,,
12.873540708969813,unswapping,,,,,,,,,,,,,,,,,,,,,,,,,,,,,,,,,,,,,,,,,,,,,,,24,4,11872,726,158,40,2,right,1,19,19,1,4,,,,,96,,,,,,,,,,,,,,,,,,,,,,,,,,,,,,,,,,,,
12.980727208952885,unswapping,,,,,,,,,,,,,,,,,,,,,,,,,,,,,,,,,,,,,,,,,,,,,,,24,4,11848,722,158,40,3,both,0,20,20,2,2,,,,,94,,,,,,,,,,,,,,,,,,,,,,,,,,,,,,,,,,,,
13.050289374950808,unswapping,,,,,,,,,,,,,,,,,,,,,,,,,,,,,,,,,,,,,,,,,,,,,,,24,4,11848,722,158,40,3,both,1,19,19,0,2,,,,,94,,,,,,,,,,,,,,,,,,,,,,,,,,,,,,,,,,,,
13.081064041994978,unswapping,,,,,,,,,,,,,,,,,,,,,,,,,,,,,,,,,,,,,,,,,,,,,,,24,4,11848,722,158,40,3,left,0,20,20,0,2,,,,,94,,,,,,,,,,,,,,,,,,,,,,,,,,,,,,,,,,,,
13.112798124959227,unswapping,,,,,,,,,,,,,,,,,,,,,,,,,,,,,,,,,,,,,,,,,,,,,,,24,4,11848,722,158,40,3,left,1,19,19,0,2,,,,,94,,,,,,,,,,,,,,,,,,,,,,,,,,,,,,,,,,,,
13.172644499980379,unswapping,,,,,,,,,,,,,,,,,,,,,,,,,,,,,,,,,,,,,,,,,,,,,,,24,4,11824,718,158,40,3,right,0,20,20,1,3,,,,,96,,,,,,,,,,,,,,,,,,,,,,,,,,,,,,,,,,,,
13.210582999978215,unswapping,,,,,,,,,,,,,,,,,,,,,,,,,,,,,,,,,,,,,,,,,,,,,,,24,4,11824,718,158,40,3,right,1,19,19,0,3,,,,,96,,,,,,,,,,,,,,,,,,,,,,,,,,,,,,,,,,,,
13.282915708958171,unswapping,,,,,,,,,,,,,,,,,,,,,,,,,,,,,,,,,,,,,,,,,,,,,,,24,4,11824,718,158,40,4,both,0,20,20,0,0,,,,,96,,,,,,,,,,,,,,,,,,,,,,,,,,,,,,,,,,,,
13.356832749966998,unswapping,,,,,,,,,,,,,,,,,,,,,,,,,,,,,,,,,,,,,,,,,,,,,,,24,4,11824,718,158,40,4,both,1,19,19,0,0,,,,,96,,,,,,,,,,,,,,,,,,,,,,,,,,,,,,,,,,,,
13.38551012496464,unswapping,,,,,,,,,,,,,,,,,,,,,,,,,,,,,,,,,,,,,,,,,,,,,,,24,4,11824,718,158,40,4,left,0,20,20,0,0,,,,,96,,,,,,,,,,,,,,,,,,,,,,,,,,,,,,,,,,,,
13.417665833956562,unswapping,,,,,,,,,,,,,,,,,,,,,,,,,,,,,,,,,,,,,,,,,,,,,,,24,4,11824,718,158,40,4,left,1,19,19,0,0,,,,,96,,,,,,,,,,,,,,,,,,,,,,,,,,,,,,,,,,,,
13.449158541974612,unswapping,,,,,,,,,,,,,,,,,,,,,,,,,,,,,,,,,,,,,,,,,,,,,,,24,4,11824,718,158,40,4,right,0,20,20,0,0,,,,,96,,,,,,,,,,,,,,,,,,,,,,,,,,,,,,,,,,,,
13.478143583983183,unswapping,,,,,,,,,,,,,,,,,,,,,,,,,,,,,,,,,,,,,,,,,,,,,,,24,4,11824,718,158,40,4,right,1,19,19,0,0,,,,,96,,,,,,,,,,,,,,,,,,,,,,,,,,,,,,,,,,,,
13.584874499996658,unswap_cycle_summary,,,,,,,,,,,,37,17,54,,,,,,,,,,,,,,,,,,,512,0.0006,,,,,,,,,,,,,24,4,11824,718,158,40,,,,,,,,,,,,,,,,,,,,1,8.231543458008673,54,808,754,54,False,,,,,,,,,,,,,,,,,,,,,,
13.76937066699611,rewiring,left,post_unswap,0.17973583401180804,226,False,False,,,,,,,,,,,,,,,,,,,,,,,,,,,,,,,,,,,,,,,,,,,,,,,,,,,,,,,,,,,,,,,,,,1,,,,,,,50,False,54,1,none,0.0,123,0.17972983297659084,0.4837158750160597,,,,,,,,,,,,,
14.073059874994215,rewiring,right,post_unswap,0.30339108302723616,233,False,False,,,,,,,,,,,,,,,,,,,,,,,,,,,,,,,,,,,,,,,,,,,,,,,,,,,,,,,,,,,,,,,,,,1,,,,,,,50,False,54,1,none,0.0,123,0.303385375009384,0.4837158750160597,,,,,,,,,,,,,
14.084071166987997,cycle_progress,,,,,,,,,,,,37,17,54,,,,,,,,,,,,,,,,,,,512,0.0006,,160,0,,,,,,,,,,24,4,11824,718,158,40,,,,,,,,,,,,,,,,,,,,1,,54,808,754,54,False,,,,,,,,,0.4837158750160597,,,,,,,,,,,,,
14.154823374992702,absorbing,,,,,,,L,1,0,210,237,37,17,54,9,0,0,0.027375000005122274,0.0318207920063287,0.059195792011450976,0.0629537079948932,11824,14960,24,32,False,False,False,False,11824,24,False,512,0.0006,,11824,0,total_elems,11824,14960,1,1,,,,0.0,24,4,11824,718,158,40,,,,,,,,,,,,,,,,,,,,,,,,,,,,,,,,,,,,,,,,,,,,,,,,
14.24001024995232,absorbing,,,,,,,R,1,1,210,237,37,18,55,7,1,1,0.045329499989748,0.03298100002575666,0.07831050001550466,0.07891908299643546,17888,14960,32,32,False,False,False,False,14960,32,False,512,0.0006,,11824,0,total_elems,17888,14960,1,1,,,,0.0,32,4,14960,790,158,40,,,,,,,,,,,,,,,,,,,,,,,,,,,,,,,,,,,,,,,,,,,,,,,,
14.339361624966841,absorbing,,,,,,,L,2,1,210,237,39,18,57,8,2,3,0.04905529203824699,0.04179512499831617,0.09085041703656316,0.09158695803489536,21856,29960,32,64,False,False,False,False,21856,32,False,512,0.0006,,11824,0,total_elems,21856,29960,1,1,,,,0.0,32,4,21856,932,158,40,,,,,,,,,,,,,,,,,,,,,,,,,,,,,,,,,,,,,,,,,,,,,,,,
14.45054974994855,absorbing,,,,,,,L,3,1,210,237,40,18,58,8,1,4,0.05435633403249085,0.050103167013730854,0.1044595010462217,0.10500258399406448,38808,43256,64,64,False,False,False,False,38808,64,False,512,0.0006,,11824,0,total_elems,38808,43256,1,1,,,,0.0,64,4,38808,1210,158,40,,,,,,,,,,,,,,,,,,,,,,,,,,,,,,,,,,,,,,,,,,,,,,,,
14.573681541951373,absorbing,,,,,,,L,4,1,210,237,40,18,58,7,0,4,0.05834254197543487,0.05679691699333489,0.11513945896876976,0.11607704102061689,61672,65328,64,110,False,False,False,False,61672,64,False,512,0.0006,,11824,0,total_elems,61672,65328,1,1,,,,0.0,64,4,61672,1378,158,40,,,,,,,,,,,,,,,,,,,,,,,,,,,,,,,,,,,,,,,,,,,,,,,,
14.724993833980989,absorbing,,,,,,,R,4,2,210,237,40,19,59,5,1,5,0.07309029099997133,0.07028983300551772,0.14338012400548905,0.14531566703226417,99232,88936,127,110,False,False,False,False,88936,110,False,512,0.0006,,11824,0,total_elems,99232,88936,1,1,,,,0.0,110,4,88936,1622,158,40,,,,,,,,,,,,,,,,,,,,,,,,,,,,,,,,,,,,,,,,,,,,,,,,
14.90225979196839,absorbing,,,,,,,R,4,3,210,237,40,21,61,2,2,7,0.08734716597246006,0.08209416695171967,0.16944133292417973,0.17030749999685213,125216,82832,127,64,False,False,False,False,82832,64,False,512,0.0006,,11824,0,total_elems,125216,82832,1,1,,,,0.0,64,4,82832,1594,158,40,,,,,,,,,,,,,,,,,,,,,,,,,,,,,,,,,,,,,,,,,,,,,,,,
15.105701874999795,absorbing,,,,,,,R,4,4,210,237,40,22,62,2,1,8,0.10000883298926055,0.09569204098079354,0.1957008739700541,0.19655491696903482,132320,99920,127,64,False,False,False,False,99920,64,False,512,0.0006,,11824,0,total_elems,132320,99920,1,1,,,,0.0,64,4,99920,1680,158,40,,,,,,,,,,,,,,,,,,,,,,,,,,,,,,,,,,,,,,,,,,,,,,,,
15.411488833953626,absorbing,,,,,,,L,5,4,210,237,40,22,62,7,0,8,0.14676375000271946,0.1499832080444321,0.29674695804715157,0.29823616601061076,197088,213840,254,256,False,False,False,False,197088,254,False,512,0.0006,,11824,0,total_elems,197088,213840,1,1,,,,0.0,254,4,197088,2068,158,40,,,,,,,,,,,,,,,,,,,,,,,,,,,,,,,,,,,,,,,,,,,,,,,,
16.12327404198004,absorbing,,,,,,,L,6,4,210,237,43,22,65,3,3,11,0.4138870000024326,0.2892635840107687,0.7031505840132013,0.7042803330114111,234656,450744,252,256,False,False,False,False,234656,252,False,512,0.0006,,11824,0,total_elems,234656,450744,1,1,,,,0.0,252,4,234656,2424,158,40,,,,,,,,,,,,,,,,,,,,,,,,,,,,,,,,,,,,,,,,,,,,,,,,
16.648978958954103,absorbing,,,,,,,L,7,4,210,237,47,22,69,3,4,15,0.25566591700771824,0.260449375025928,0.5161152920336463,0.517240583023522,236032,490400,250,256,False,False,False,False,236032,250,False,512,0.0006,,11824,0,total_elems,236032,490400,1,1,,,,0.0,250,4,236032,2472,158,40,,,,,,,,,,,,,,,,,,,,,,,,,,,,,,,,,,,,,,,,,,,,,,,,
17.123002999986056,absorbing,,,,,,,L,8,4,210,237,53,22,75,1,6,21,0.2185460000182502,0.24736154201673344,0.46590754203498363,0.46692937501939014,263200,490240,253,256,False,False,False,False,263200,253,False,512,0.0006,,11824,0,total_elems,263200,490240,1,1,,,,0.0,253,4,263200,2602,158,40,,,,,,,,,,,,,,,,,,,,,,,,,,,,,,,,,,,,,,,,,,,,,,,,
17.62205958395498,absorbing,,,,,,,L,9,4,210,237,56,22,78,1,3,24,0.20297166699310765,0.28767562500433996,0.4906472919974476,0.49221375002525747,277024,518432,250,256,False,False,False,True,277024,250,False,512,0.0006,,11824,0,total_elems,277024,518432,1,1,,,,0.0,250,4,277024,2692,158,40,,,,,,,,,,,,,,,,,,,,,,,,,,,,,,,,,,,,,,,,,,,,,,,,
18.40012324997224,absorbing,,,,,,,L,10,4,210,237,58,22,80,2,2,26,0.5043829589849338,0.265771958976984,0.7701549179619178,0.7718275419902056,280096,529952,256,256,False,False,False,True,280096,256,False,512,0.0006,,11824,0,total_elems,280096,529952,1,1,,,,0.0,256,4,280096,2704,158,40,,,,,,,,,,,,,,,,,,,,,,,,,,,,,,,,,,,,,,,,,,,,,,,,
18.854794583981857,absorbing,,,,,,,L,11,4,210,237,60,22,82,3,2,28,0.1615877079893835,0.2853009169921279,0.4468886249815114,0.44773170800181106,187680,541472,74,256,False,False,False,True,187680,74,False,512,0.0006,,11824,0,total_elems,187680,541472,1,1,,,,0.0,74,4,187680,2356,158,40,,,,,,,,,,,,,,,,,,,,,,,,,,,,,,,,,,,,,,,,,,,,,,,,
19.17986887495499,absorbing,,,,,,,L,12,4,210,237,62,22,84,2,2,30,0.15327612502733245,0.16394079197198153,0.317216916999314,0.3181574999471195,145604,302880,69,256,False,False,False,False,145604,69,False,512,0.0006,,11824,0,total_elems,145604,302880,1,1,,,,0.0,69,4,145604,2132,158,40,,,,,,,,,,,,,,,,,,,,,,,,,,,,,,,,,,,,,,,,,,,,,,,,
19.426501416950487,absorbing,,,,,,,L,13,4,210,237,62,22,84,5,0,30,0.11574091698275879,0.11916487501002848,0.23490579199278727,0.23592487495625392,125344,182048,64,103,False,False,False,False,125344,64,False,512,0.0006,,11824,0,total_elems,125344,182048,1,1,,,,0.0,64,4,125344,1994,158,40,,,,,,,,,,,,,,,,,,,,,,,,,,,,,,,,,,,,,,,,,,,,,,,,
19.615738874999806,absorbing,,,,,,,L,14,4,210,237,62,22,84,6,0,30,0.08460887504043058,0.09703691699542105,0.18164579203585163,0.18259629205567762,118624,165216,64,103,False,False,False,False,118624,64,False,512,0.0006,,11824,0,total_elems,118624,165216,1,1,,,,0.0,64,4,118624,1880,158,40,,,,,,,,,,,,,,,,,,,,,,,,,,,,,,,,,,,,,,,,,,,,,,,,
19.85721783398185,absorbing,,,,,,,L,15,4,210,237,65,22,87,3,3,33,0.14068666700040922,0.09301158302696422,0.23369825002737343,0.23426708299666643,87520,149600,64,103,False,False,False,False,87520,64,False,512,0.0006,,11824,0,total_elems,87520,149600,1,1,,,,0.0,64,4,87520,1688,158,40,,,,,,,,,,,,,,,,,,,,,,,,,,,,,,,,,,,,,,,,,,,,,,,,
19.999812333961017,absorbing,,,,,,,L,16,4,210,237,66,22,88,6,1,34,0.06388716696528718,0.07135300000663847,0.13524016697192565,0.13583979097893462,85984,109280,64,103,False,False,False,False,85984,64,False,512,0.0006,,11824,0,total_elems,85984,109280,1,1,,,,0.0,64,4,85984,1656,158,40,,,,,,,,,,,,,,,,,,,,,,,,,,,,,,,,,,,,,,,,,,,,,,,,
20.15434633399127,absorbing,,,,,,,L,17,4,210,237,66,22,88,8,0,34,0.06711554195499048,0.07859883405035362,0.1457143760053441,0.14657662500394508,88864,107744,64,103,False,False,False,False,88864,64,False,512,0.0006,,11824,0,total_elems,88864,107744,1,1,,,,0.0,64,4,88864,1720,158,40,,,,,,,,,,,,,,,,,,,,,,,,,,,,,,,,,,,,,,,,,,,,,,,,
20.342466000001878,absorbing,,,,,,,R,17,5,210,237,66,23,89,4,1,35,0.1037660000147298,0.0769837920088321,0.1807497920235619,0.18125812499783933,109472,107552,64,103,False,False,False,False,107552,103,False,512,0.0006,,11824,0,total_elems,109472,107552,1,1,,,,0.0,103,4,107552,1894,158,40,,,,,,,,,,,,,,,,,,,,,,,,,,,,,,,,,,,,,,,,,,,,,,,,
20.565619250002783,absorbing,,,,,,,L,18,5,210,237,69,23,92,4,3,38,0.11297479196218774,0.10227979102637619,0.21525458298856393,0.2157809580094181,117600,163472,100,127,False,False,False,False,117600,100,False,512,0.0006,,11824,0,total_elems,117600,163472,1,1,,,,0.0,100,4,117600,1908,158,40,,,,,,,,,,,,,,,,,,,,,,,,,,,,,,,,,,,,,,,,,,,,,,,,
20.843210458988324,absorbing,,,,,,,R,18,6,210,237,69,23,92,4,0,38,0.17175775003852323,0.09760999999707565,0.2693677500355989,0.27033441700041294,288544,172380,256,127,False,False,False,False,172380,127,False,512,0.0006,,11824,0,total_elems,288544,172380,1,1,,,,0.0,127,4,172380,2180,158,40,,,,,,,,,,,,,,,,,,,,,,,,,,,,,,,,,,,,,,,,,,,,,,,,
21.258347291965038,absorbing,,,,,,,R,18,7,210,237,69,23,92,5,0,38,0.20991191698703915,0.19663537497399375,0.4065472919610329,0.4072214579791762,311592,180840,256,126,False,False,False,False,180840,126,False,512,0.0006,,11824,0,total_elems,311592,180840,1,1,,,,0.0,126,4,180840,2238,158,40,,,,,,,,,,,,,,,,,,,,,,,,,,,,,,,,,,,,,,,,,,,,,,,,
21.733099874982145,absorbing,,,,,,,R,18,8,210,237,69,24,93,5,1,39,0.2870215420261957,0.17638229200383648,0.46340383403003216,0.46567974996287376,320696,203560,256,128,False,False,False,False,203560,128,False,512,0.0006,,11824,0,total_elems,320696,203560,1,1,,,,0.0,128,4,203560,2398,158,40,,,,,,,,,,,,,,,,,,,,,,,,,,,,,,,,,,,,,,,,,,,,,,,,
22.353520834003575,absorbing,,,,,,,R,18,9,210,237,69,26,95,5,2,41,0.35641516698524356,0.2536329159629531,0.6100480829481967,0.6113911250140518,435948,219116,256,128,False,False,False,False,219116,128,False,512,0.0006,,11824,0,total_elems,435948,219116,1,1,,,,0.0,128,4,219116,2516,158,40,,,,,,,,,,,,,,,,,,,,,,,,,,,,,,,,,,,,,,,,,,,,,,,,
23.12637495895615,absorbing,,,,,,,R,18,10,210,237,69,30,99,4,4,45,0.5114655829966068,0.2493387499707751,0.7608043329673819,0.7626315000234172,672688,226064,256,125,False,False,True,False,226064,125,False,512,0.0006,,11824,0,total_elems,672688,226064,1,1,,,,0.0,125,4,226064,2542,158,40,,,,,,,,,,,,,,,,,,,,,,,,,,,,,,,,,,,,,,,,,,,,,,,,
23.94627158396179,absorbing,,,,,,,R,18,11,210,237,69,33,102,3,3,48,0.4857566659920849,0.32110695901792496,0.8068636250100099,0.8088538749725558,679280,240304,256,124,False,False,True,False,240304,124,False,512,0.0006,,11824,0,total_elems,679280,240304,1,1,,,,0.0,124,4,240304,2634,158,40,,,,,,,,,,,,,,,,,,,,,,,,,,,,,,,,,,,,,,,,,,,,,,,,
24.60910049994709,absorbing,,,,,,,R,18,12,210,237,69,34,103,4,1,49,0.4202812910079956,0.23292520799441263,0.6532064990024082,0.6551705000456423,447768,195272,256,90,False,False,False,False,195272,90,False,512,0.0006,,11824,0,total_elems,447768,195272,1,1,,,,0.0,90,4,195272,2450,158,40,,,,,,,,,,,,,,,,,,,,,,,,,,,,,,,,,,,,,,,,,,,,,,,,
25.313197291980032,absorbing,,,,,,,L,19,12,210,237,75,34,109,3,6,55,0.41874491603812203,0.27460670901928097,0.693351625057403,0.6956174160004593,304800,367008,256,256,False,False,False,False,304800,256,False,512,0.0006,,11824,0,total_elems,304800,367008,1,1,,,,0.0,256,4,304800,2858,158,40,,,,,,,,,,,,,,,,,,,,,,,,,,,,,,,,,,,,,,,,,,,,,,,,
25.93185429199366,absorbing,,,,,,,L,20,12,210,237,76,34,110,6,1,56,0.1915335829835385,0.41604899999219924,0.6075825829757378,0.6101377499871887,303584,526240,256,256,False,False,False,True,303584,256,False,512,0.0006,,11824,0,total_elems,303584,526240,1,1,,,,0.0,256,4,303584,2832,158,40,,,,,,,,,,,,,,,,,,,,,,,,,,,,,,,,,,,,,,,,,,,,,,,,
26.692666333983652,absorbing,,,,,,,L,21,12,210,237,76,34,110,7,0,56,0.3327132919803262,0.4184443749836646,0.7511576669639908,0.7521326669957489,304000,525024,256,256,False,False,False,True,304000,256,False,512,0.0006,,11824,0,total_elems,304000,525024,1,1,,,,0.0,256,4,304000,2800,158,40,,,,,,,,,,,,,,,,,,,,,,,,,,,,,,,,,,,,,,,,,,,,,,,,
28.006005999981426,absorbing,,,,,,,L,22,12,210,237,79,34,113,5,3,59,0.9253270420012996,0.3758062919951044,1.301133333996404,1.3023846250143833,244232,510592,128,256,False,False,False,True,244232,128,False,512,0.0006,,11824,0,total_elems,244232,510592,1,1,,,,0.0,128,4,244232,2626,158,40,,,,,,,,,,,,,,,,,,,,,,,,,,,,,,,,,,,,,,,,,,,,,,,,
28.718368667003233,absorbing,,,,,,,R,22,13,210,237,79,35,114,5,1,60,0.3689628749853,0.33262816700153053,0.7015910419868305,0.7027085840236396,612520,352520,256,256,False,False,True,False,352520,256,False,512,0.0006,,11824,0,total_elems,612520,352520,1,1,,,,0.0,256,4,352520,2704,158,40,,,,,,,,,,,,,,,,,,,,,,,,,,,,,,,,,,,,,,,,,,,,,,,,
31.508991624985356,unswapping,,,,,,,,,,,,,,,,,,,,,,,,,,,,,,,,,,,,,,,,,,,,,,,128,4,210660,2304,158,40,0,both,0,20,20,3,3,,,,,0,,,,,,,,,,,,,,,,,,,,,,,,,,,,,,,,,,,,
32.55699604196707,unswapping,,,,,,,,,,,,,,,,,,,,,,,,,,,,,,,,,,,,,,,,,,,,,,,128,4,156500,1936,158,40,0,both,1,19,19,7,10,,,,,0,,,,,,,,,,,,,,,,,,,,,,,,,,,,,,,,,,,,
32.93918574997224,unswapping,,,,,,,,,,,,,,,,,,,,,,,,,,,,,,,,,,,,,,,,,,,,,,,128,4,114396,1668,158,40,0,left,0,20,20,7,17,,,,,14,,,,,,,,,,,,,,,,,,,,,,,,,,,,,,,,,,,,
33.2340559589793,unswapping,,,,,,,,,,,,,,,,,,,,,,,,,,,,,,,,,,,,,,,,,,,,,,,128,4,102416,1478,158,40,0,left,1,19,19,7,24,,,,,28,,,,,,,,,,,,,,,,,,,,,,,,,,,,,,,,,,,,
33.5068734169472,unswapping,,,,,,,,,,,,,,,,,,,,,,,,,,,,,,,,,,,,,,,,,,,,,,,128,4,101840,1446,158,40,0,right,0,20,20,2,26,,,,,32,,,,,,,,,,,,,,,,,,,,,,,,,,,,,,,,,,,,
33.78517245897092,unswapping,,,,,,,,,,,,,,,,,,,,,,,,,,,,,,,,,,,,,,,,,,,,,,,128,4,96784,1370,158,40,0,right,1,19,19,4,30,,,,,40,,,,,,,,,,,,,,,,,,,,,,,,,,,,,,,,,,,,
34.2272686669603,unswapping,,,,,,,,,,,,,,,,,,,,,,,,,,,,,,,,,,,,,,,,,,,,,,,128,4,95044,1328,158,40,1,both,0,20,20,3,3,,,,,44,,,,,,,,,,,,,,,,,,,,,,,,,,,,,,,,,,,,
34.62958158395486,unswapping,,,,,,,,,,,,,,,,,,,,,,,,,,,,,,,,,,,,,,,,,,,,,,,128,4,94364,1308,158,40,1,both,1,19,19,2,5,,,,,52,,,,,,,,,,,,,,,,,,,,,,,,,,,,,,,,,,,,
34.84848299995065,unswapping,,,,,,,,,,,,,,,,,,,,,,,,,,,,,,,,,,,,,,,,,,,,,,,128,4,72628,1186,158,40,1,left,0,20,20,5,10,,,,,62,,,,,,,,,,,,,,,,,,,,,,,,,,,,,,,,,,,,
34.99872029200196,unswapping,,,,,,,,,,,,,,,,,,,,,,,,,,,,,,,,,,,,,,,,,,,,,,,64,4,46520,1012,158,40,1,left,1,19,19,5,15,,,,,70,,,,,,,,,,,,,,,,,,,,,,,,,,,,,,,,,,,,
35.10816458397312,unswapping,,,,,,,,,,,,,,,,,,,,,,,,,,,,,,,,,,,,,,,,,,,,,,,64,4,46368,1000,158,40,1,right,0,20,20,2,17,,,,,72,,,,,,,,,,,,,,,,,,,,,,,,,,,,,,,,,,,,
35.182967541972175,unswapping,,,,,,,,,,,,,,,,,,,,,,,,,,,,,,,,,,,,,,,,,,,,,,,64,4,46368,1000,158,40,1,right,1,19,19,0,17,,,,,72,,,,,,,,,,,,,,,,,,,,,,,,,,,,,,,,,,,,
35.42310929199448,unswapping,,,,,,,,,,,,,,,,,,,,,,,,,,,,,,,,,,,,,,,,,,,,,,,64,4,30308,882,158,40,2,both,0,20,20,3,3,,,,,82,,,,,,,,,,,,,,,,,,,,,,,,,,,,,,,,,,,,
35.56884829199407,unswapping,,,,,,,,,,,,,,,,,,,,,,,,,,,,,,,,,,,,,,,,,,,,,,,64,4,30296,880,158,40,2,both,1,19,19,1,4,,,,,84,,,,,,,,,,,,,,,,,,,,,,,,,,,,,,,,,,,,
35.636204583977815,unswapping,,,,,,,,,,,,,,,,,,,,,,,,,,,,,,,,,,,,,,,,,,,,,,,64,4,30296,880,158,40,2,left,0,20,20,0,4,,,,,84,,,,,,,,,,,,,,,,,,,,,,,,,,,,,,,,,,,,
35.72287258395227,unswapping,,,,,,,,,,,,,,,,,,,,,,,,,,,,,,,,,,,,,,,,,,,,,,,64,4,29488,860,158,40,2,left,1,19,19,2,6,,,,,88,,,,,,,,,,,,,,,,,,,,,,,,,,,,,,,,,,,,
35.785187708970625,unswapping,,,,,,,,,,,,,,,,,,,,,,,,,,,,,,,,,,,,,,,,,,,,,,,64,4,29488,860,158,40,2,right,0,20,20,0,6,,,,,88,,,,,,,,,,,,,,,,,,,,,,,,,,,,,,,,,,,,
35.864234249980655,unswapping,,,,,,,,,,,,,,,,,,,,,,,,,,,,,,,,,,,,,,,,,,,,,,,64,4,28208,844,158,40,2,right,1,19,19,1,7,,,,,88,,,,,,,,,,,,,,,,,,,,,,,,,,,,,,,,,,,,
36.05191516695777,unswapping,,,,,,,,,,,,,,,,,,,,,,,,,,,,,,,,,,,,,,,,,,,,,,,64,4,24128,784,158,40,3,both,0,20,20,3,3,,,,,92,,,,,,,,,,,,,,,,,,,,,,,,,,,,,,,,,,,,
36.179391583951656,unswapping,,,,,,,,,,,,,,,,,,,,,,,,,,,,,,,,,,,,,,,,,,,,,,,64,4,21556,750,158,40,3,both,1,19,19,2,5,,,,,94,,,,,,,,,,,,,,,,,,,,,,,,,,,,,,,,,,,,
36.226298708992545,unswapping,,,,,,,,,,,,,,,,,,,,,,,,,,,,,,,,,,,,,,,,,,,,,,,64,4,21556,750,158,40,3,left,0,20,20,0,5,,,,,94,,,,,,,,,,,,,,,,,,,,,,,,,,,,,,,,,,,,
36.27186891698511,unswapping,,,,,,,,,,,,,,,,,,,,,,,,,,,,,,,,,,,,,,,,,,,,,,,64,4,21556,750,158,40,3,left,1,19,19,0,5,,,,,94,,,,,,,,,,,,,,,,,,,,,,,,,,,,,,,,,,,,
36.3223601669888,unswapping,,,,,,,,,,,,,,,,,,,,,,,,,,,,,,,,,,,,,,,,,,,,,,,64,4,21556,750,158,40,3,right,0,20,20,0,5,,,,,94,,,,,,,,,,,,,,,,,,,,,,,,,,,,,,,,,,,,
36.378650833969004,unswapping,,,,,,,,,,,,,,,,,,,,,,,,,,,,,,,,,,,,,,,,,,,,,,,64,4,21556,750,158,40,3,right,1,19,19,0,5,,,,,94,,,,,,,,,,,,,,,,,,,,,,,,,,,,,,,,,,,,
36.48365166696021,unswapping,,,,,,,,,,,,,,,,,,,,,,,,,,,,,,,,,,,,,,,,,,,,,,,64,4,21556,750,158,40,4,both,0,20,20,0,0,,,,,94,,,,,,,,,,,,,,,,,,,,,,,,,,,,,,,,,,,,
36.56508920894703,unswapping,,,,,,,,,,,,,,,,,,,,,,,,,,,,,,,,,,,,,,,,,,,,,,,64,4,21556,750,158,40,4,both,1,19,19,0,0,,,,,94,,,,,,,,,,,,,,,,,,,,,,,,,,,,,,,,,,,,
36.61377854197053,unswapping,,,,,,,,,,,,,,,,,,,,,,,,,,,,,,,,,,,,,,,,,,,,,,,64,4,21556,750,158,40,4,left,0,20,20,0,0,,,,,94,,,,,,,,,,,,,,,,,,,,,,,,,,,,,,,,,,,,
36.67763041699072,unswapping,,,,,,,,,,,,,,,,,,,,,,,,,,,,,,,,,,,,,,,,,,,,,,,64,4,21556,750,158,40,4,left,1,19,19,0,0,,,,,94,,,,,,,,,,,,,,,,,,,,,,,,,,,,,,,,,,,,
36.71982558397576,unswapping,,,,,,,,,,,,,,,,,,,,,,,,,,,,,,,,,,,,,,,,,,,,,,,64,4,21556,750,158,40,4,right,0,20,20,0,0,,,,,94,,,,,,,,,,,,,,,,,,,,,,,,,,,,,,,,,,,,
36.76008787495084,unswapping,,,,,,,,,,,,,,,,,,,,,,,,,,,,,,,,,,,,,,,,,,,,,,,64,4,21556,750,158,40,4,right,1,19,19,0,0,,,,,94,,,,,,,,,,,,,,,,,,,,,,,,,,,,,,,,,,,,
36.974267666984815,unswap_cycle_summary,,,,,,,,,,,,79,35,114,,,,,,,,,,,,,,,,,,,512,0.0006,,,,,,,,,,,,,64,4,21556,750,158,40,,,,,,,,,,,,,,,,,,,,2,6.919938292005099,114,808,694,60,False,,,,,,,,,,,,,,,,,,,,,,
37.292251124978065,rewiring,left,post_unswap,0.30937299999641255,190,False,False,,,,,,,,,,,,,,,,,,,,,,,,,,,,,,,,,,,,,,,,,,,,,,,,,,,,,,,,,,,,,,,,,,2,,,,,,,50,False,60,1,none,0.0,123,0.30935995804611593,0.5089166249963455,,,,,,,,,,,,,
37.491466374951415,rewiring,right,post_unswap,0.19894833397120237,226,False,False,,,,,,,,,,,,,,,,,,,,,,,,,,,,,,,,,,,,,,,,,,,,,,,,,,,,,,,,,,,,,,,,,,2,,,,,,,50,False,60,1,none,0.0,123,0.19894245802424848,0.5089166249963455,,,,,,,,,,,,,
37.5091431249748,cycle_progress,,,,,,,,,,,,79,35,114,,,,,,,,,,,,,,,,,,,512,0.0006,,11824,0,,,,,,,,,,64,4,21556,750,158,40,,,,,,,,,,,,,,,,,,,,2,,114,808,694,60,False,,,,,,,,,0.5089166249963455,,,,,,,,,,,,,
37.60893975000363,absorbing,,,,,,,L,1,0,188,247,82,35,117,10,3,3,0.03595083300024271,0.048552958003710955,0.08450379100395367,0.08736791700357571,21596,33468,64,64,False,False,False,False,21596,64,False,512,0.0006,,21556,0,total_elems,21596,33468,1,1,,,,0.0,64,4,21596,758,158,40,,,,,,,,,,,,,,,,,,,,,,,,,,,,,,,,,,,,,,,,,,,,,,,,
37.7542044169968,absorbing,,,,,,,R,1,1,188,247,82,39,121,5,4,7,0.08569020801223814,0.049201541987713426,0.13489174999995157,0.1360074169933796,65824,33532,126,64,False,False,False,False,33532,64,False,512,0.0006,,21556,0,total_elems,65824,33532,1,1,,,,0.0,64,4,33532,878,158,40,,,,,,,,,,,,,,,,,,,,,,,,,,,,,,,,,,,,,,,,,,,,,,,,
37.91229245899012,absorbing,,,,,,,R,1,2,188,247,82,40,122,6,1,8,0.08871924999402836,0.05941099999472499,0.14813024998875335,0.14870387502014637,67984,30828,126,64,False,False,False,False,30828,64,False,512,0.0006,,21556,0,total_elems,67984,30828,1,1,,,,0.0,64,4,30828,826,158,40,,,,,,,,,,,,,,,,,,,,,,,,,,,,,,,,,,,,,,,,,,,,,,,,
38.05503858398879,absorbing,,,,,,,R,1,3,188,247,82,43,125,6,3,11,0.08593275002203882,0.04561133397510275,0.13154408399714157,0.13267495797481388,64216,32112,126,64,False,False,False,False,32112,64,False,512,0.0006,,21556,0,total_elems,64216,32112,1,1,,,,0.0,64,4,32112,864,158,40,,,,,,,,,,,,,,,,,,,,,,,,,,,,,,,,,,,,,,,,,,,,,,,,
38.20282054197742,absorbing,,,,,,,R,1,4,188,247,82,45,127,3,2,13,0.08814229199197143,0.048831332998815924,0.13697362499078736,0.1380809170077555,65512,32780,126,64,False,False,False,False,32780,64,False,512,0.0006,,21556,0,total_elems,65512,32780,1,1,,,,0.0,64,4,32780,884,158,40,,,,,,,,,,,,,,,,,,,,,,,,,,,,,,,,,,,,,,,,,,,,,,,,
38.348759999964386,absorbing,,,,,,,R,1,5,188,247,82,47,129,4,2,15,0.09512566699413583,0.04010079201543704,0.13522645900957286,0.136382416007109,66596,32204,126,64,False,False,False,False,32204,64,False,512,0.0006,,21556,0,total_elems,66596,32204,1,1,,,,0.0,64,4,32204,876,158,40,,,,,,,,,,,,,,,,,,,,,,,,,,,,,,,,,,,,,,,,,,,,,,,,
38.50672599999234,absorbing,,,,,,,R,1,6,188,247,82,49,131,2,2,17,0.0883695000084117,0.05705754098016769,0.1454270409885794,0.1474962920183316,65732,31168,126,64,False,False,False,False,31168,64,False,512,0.0006,,21556,0,total_elems,65732,31168,1,1,,,,0.0,64,4,31168,870,158,40,,,,,,,,,,,,,,,,,,,,,,,,,,,,,,,,,,,,,,,,,,,,,,,,
38.639636749983765,absorbing,,,,,,,R,1,7,188,247,82,52,134,1,3,20,0.08320583298336715,0.038445084006525576,0.12165091698989272,0.12332087499089539,63628,30004,125,64,False,False,False,False,30004,64,False,512,0.0006,,21556,0,total_elems,63628,30004,1,1,,,,0.0,64,4,30004,844,158,40,,,,,,,,,,,,,,,,,,,,,,,,,,,,,,,,,,,,,,,,,,,,,,,,
38.77843391697388,absorbing,,,,,,,R,1,8,188,247,82,53,135,1,1,21,0.0806230409652926,0.04760254098800942,0.12822558195330203,0.12874383298913017,61852,29468,125,64,False,False,False,False,29468,64,False,512,0.0006,,21556,0,total_elems,61852,29468,1,1,,,,0.0,64,4,29468,832,158,40,,,,,,,,,,,,,,,,,,,,,,,,,,,,,,,,,,,,,,,,,,,,,,,,
38.905412999971304,absorbing,,,,,,,R,1,9,188,247,82,54,136,3,1,22,0.07651466701645404,0.040514874970540404,0.11702954198699445,0.11756841599708423,62260,14580,127,64,False,False,False,False,14580,64,False,512,0.0006,,21556,0,total_elems,62260,14580,1,1,,,,0.0,64,4,14580,772,158,40,,,,,,,,,,,,,,,,,,,,,,,,,,,,,,,,,,,,,,,,,,,,,,,,
39.0207767089596,absorbing,,,,,,,R,1,10,188,247,82,55,137,2,1,23,0.07819808297790587,0.027315417013596743,0.10551349999150261,0.10601829196093604,44340,8728,127,16,False,False,False,False,8728,16,False,512,0.0006,,21556,0,total_elems,44340,8728,1,1,,,,0.0,16,4,8728,682,158,40,,,,,,,,,,,,,,,,,,,,,,,,,,,,,,,,,,,,,,,,,,,,,,,,
39.10676095896633,absorbing,,,,,,,R,1,11,188,247,82,57,139,2,2,25,0.04599341697758064,0.029426333028823137,0.07541975000640377,0.07602745800977573,20052,8588,32,16,False,False,False,False,8588,16,False,512,0.0006,,21556,0,total_elems,20052,8588,1,1,,,,0.0,16,4,8588,686,158,40,,,,,,,,,,,,,,,,,,,,,,,,,,,,,,,,,,,,,,,,,,,,,,,,
39.187586166954134,absorbing,,,,,,,R,1,12,188,247,82,57,139,5,0,25,0.045614833012223244,0.024613541027065367,0.07022837403928861,0.07122841704403982,13704,9548,32,16,False,False,False,False,9548,16,False,512,0.0006,,21556,0,total_elems,13704,9548,1,1,,,,0.0,16,4,9548,706,158,40,,,,,,,,,,,,,,,,,,,,,,,,,,,,,,,,,,,,,,,,,,,,,,,,
39.27224733395269,absorbing,,,,,,,L,2,12,188,247,85,57,142,8,3,28,0.04857512499438599,0.025868874974548817,0.0744439999689348,0.0749570420011878,9144,9612,32,16,False,False,False,False,9144,32,False,512,0.0006,,21556,0,total_elems,9144,9612,1,1,,,,0.0,32,4,9144,684,158,40,,,,,,,,,,,,,,,,,,,,,,,,,,,,,,,,,,,,,,,,,,,,,,,,
39.33881804195698,absorbing,,,,,,,R,2,13,188,247,85,57,142,5,0,28,0.028096041991375387,0.027604250004515052,0.05570029199589044,0.05620708398055285,10212,8148,32,32,False,False,False,False,8148,32,False,512,0.0006,,21556,0,total_elems,10212,8148,1,1,,,,0.0,32,4,8148,684,158,40,,,,,,,,,,,,,,,,,,,,,,,,,,,,,,,,,,,,,,,,,,,,,,,,
39.40314908395521,absorbing,,,,,,,R,2,14,188,247,85,59,144,5,2,30,0.026832541974727064,0.02696654200553894,0.053799083980266005,0.05429287499282509,8720,8252,32,32,False,False,False,False,8252,32,False,512,0.0006,,21556,0,total_elems,8720,8252,1,1,,,,0.0,32,4,8252,686,158,40,,,,,,,,,,,,,,,,,,,,,,,,,,,,,,,,,,,,,,,,,,,,,,,,
39.46714304195484,absorbing,,,,,,,L,3,14,188,247,87,59,146,6,2,32,0.027271958999335766,0.025956375000532717,0.05322833399986848,0.0537333749816753,7728,9628,32,32,False,False,False,False,7728,32,False,512,0.0006,,21556,0,total_elems,7728,9628,1,1,,,,0.0,32,4,7728,666,158,40,,,,,,,,,,,,,,,,,,,,,,,,,,,,,,,,,,,,,,,,,,,,,,,,
39.5352082089521,absorbing,,,,,,,L,4,14,188,247,88,59,147,7,1,33,0.032105666992720217,0.025737332995049655,0.05784299998776987,0.05836854100925848,8280,9016,32,32,False,False,False,False,8280,32,False,512,0.0006,,21556,0,total_elems,8280,9016,1,1,,,,0.0,32,4,8280,660,158,40,,,,,,,,,,,,,,,,,,,,,,,,,,,,,,,,,,,,,,,,,,,,,,,,
39.602510249998886,absorbing,,,,,,,L,5,14,188,247,89,59,148,8,1,34,0.0264897090382874,0.02970829198602587,0.05619800102431327,0.0567700409446843,8888,14056,32,64,False,False,False,False,8888,32,False,512,0.0006,,21556,0,total_elems,8888,14056,1,1,,,,0.0,32,4,8888,652,158,40,,,,,,,,,,,,,,,,,,,,,,,,,,,,,,,,,,,,,,,,,,,,,,,,
39.68580154195661,absorbing,,,,,,,L,6,14,188,247,91,59,150,6,2,36,0.03830625000409782,0.03466775000561029,0.0729740000097081,0.07350783300353214,10232,15212,32,64,False,False,False,False,10232,32,False,512,0.0006,,21556,0,total_elems,10232,15212,1,1,,,,0.0,32,4,10232,686,158,40,,,,,,,,,,,,,,,,,,,,,,,,,,,,,,,,,,,,,,,,,,,,,,,,
39.75291079195449,absorbing,,,,,,,R,6,15,188,247,91,61,152,4,2,38,0.028093791042920202,0.028656209004111588,0.05675000004703179,0.05724708398338407,9452,8924,32,32,False,False,False,False,8924,32,False,512,0.0006,,21556,0,total_elems,9452,8924,1,1,,,,0.0,32,4,8924,616,158,40,,,,,,,,,,,,,,,,,,,,,,,,,,,,,,,,,,,,,,,,,,,,,,,,
39.81451391696464,absorbing,,,,,,,R,6,16,188,247,91,62,153,5,1,39,0.024713999999221414,0.02593162504490465,0.050645625044126064,0.051803666981868446,9776,6984,32,16,False,False,False,False,6984,16,False,512,0.0006,,21556,0,total_elems,9776,6984,1,1,,,,0.0,16,4,6984,588,158,40,,,,,,,,,,,,,,,,,,,,,,,,,,,,,,,,,,,,,,,,,,,,,,,,
39.87675966694951,absorbing,,,,,,,R,6,17,188,247,91,64,155,5,2,41,0.024086166988126934,0.026862624974455684,0.05094879196258262,0.051453583990223706,7248,6444,16,16,False,False,False,False,6444,16,False,512,0.0006,,21556,0,total_elems,7248,6444,1,1,,,,0.0,16,4,6444,580,158,40,,,,,,,,,,,,,,,,,,,,,,,,,,,,,,,,,,,,,,,,,,,,,,,,
39.93834429199342,absorbing,,,,,,,L,7,17,188,247,92,64,156,6,1,42,0.025678624981082976,0.024756333034019917,0.05043495801510289,0.05102524999529123,5868,6732,16,16,False,False,False,False,5868,16,False,512,0.0006,,21556,0,total_elems,5868,6732,1,1,,,,0.0,16,4,5868,558,158,40,,,,,,,,,,,,,,,,,,,,,,,,,,,,,,,,,,,,,,,,,,,,,,,,
39.99829995899927,absorbing,,,,,,,R,7,18,188,247,92,64,156,8,0,42,0.025174166017677635,0.02404870797181502,0.049222873989492655,0.0499059580033645,7788,5700,16,16,False,False,False,False,5700,16,False,512,0.0006,,21556,0,total_elems,7788,5700,1,1,,,,0.0,16,4,5700,554,158,40,,,,,,,,,,,,,,,,,,,,,,,,,,,,,,,,,,,,,,,,,,,,,,,,
40.06655133399181,absorbing,,,,,,,R,7,19,188,247,92,68,160,4,4,46,0.025655083009041846,0.031141333049163222,0.05679641605820507,0.05728733295109123,7204,5124,16,16,False,False,False,False,5124,16,False,512,0.0006,,21556,0,total_elems,7204,5124,1,1,,,,0.0,16,4,5124,568,158,40,,,,,,,,,,,,,,,,,,,,,,,,,,,,,,,,,,,,,,,,,,,,,,,,
40.12645341694588,absorbing,,,,,,,L,8,19,188,247,93,68,161,5,1,47,0.025486250000540167,0.022784333035815507,0.048270583036355674,0.04876191698713228,6060,6076,16,16,False,False,False,False,6060,16,False,512,0.0006,,21556,0,total_elems,6060,6076,1,1,,,,0.0,16,4,6060,576,158,40,,,,,,,,,,,,,,,,,,,,,,,,,,,,,,,,,,,,,,,,,,,,,,,,
40.18929120898247,absorbing,,,,,,,L,9,19,188,247,94,68,162,7,1,48,0.027803334000054747,0.023863499984145164,0.05166683398419991,0.0521968329558149,6100,6740,16,16,False,False,False,False,6100,16,False,512,0.0006,,21556,0,total_elems,6100,6740,1,1,,,,0.0,16,4,6100,582,158,40,,,,,,,,,,,,,,,,,,,,,,,,,,,,,,,,,,,,,,,,,,,,,,,,
40.253473666962236,absorbing,,,,,,,R,9,20,188,247,94,69,163,5,1,49,0.029344791022595018,0.023855125007685274,0.05319991603028029,0.053697583032771945,10808,6548,32,16,False,False,False,False,6548,16,False,512,0.0006,,21556,0,total_elems,10808,6548,1,1,,,,0.0,16,4,6548,604,158,40,,,,,,,,,,,,,,,,,,,,,,,,,,,,,,,,,,,,,,,,,,,,,,,,
40.31847645895323,absorbing,,,,,,,R,9,21,188,247,94,70,164,6,1,50,0.028528166993055493,0.02433179202489555,0.05285995901795104,0.05335391702828929,9396,8460,16,16,False,False,False,False,8460,16,False,512,0.0006,,21556,0,total_elems,9396,8460,1,1,,,,0.0,16,4,8460,644,158,40,,,,,,,,,,,,,,,,,,,,,,,,,,,,,,,,,,,,,,,,,,,,,,,,
40.389712833974045,absorbing,,,,,,,L,10,21,188,247,97,70,167,3,3,53,0.029611125006340444,0.03086133301258087,0.060472458018921316,0.06099362502573058,9420,22452,16,64,False,False,False,False,9420,16,False,512,0.0006,,21556,0,total_elems,9420,22452,1,1,,,,0.0,16,4,9420,678,158,40,,,,,,,,,,,,,,,,,,,,,,,,,,,,,,,,,,,,,,,,,,,,,,,,
40.46341012499761,absorbing,,,,,,,L,11,21,188,247,99,70,169,5,2,55,0.03050491597969085,0.03200225002365187,0.06250716600334272,0.06309437501477078,11380,16716,16,64,False,False,False,False,11380,16,False,512,0.0006,,21556,0,total_elems,11380,16716,1,1,,,,0.0,16,4,11380,730,158,40,,,,,,,,,,,,,,,,,,,,,,,,,,,,,,,,,,,,,,,,,,,,,,,,
40.53727158397669,absorbing,,,,,,,L,12,21,188,247,100,70,170,4,1,56,0.030806540977209806,0.03154733398696408,0.06235387496417388,0.06288629199843854,11380,11956,16,16,False,False,False,False,11380,16,False,512,0.0006,,21556,0,total_elems,11380,11956,1,1,,,,0.0,16,4,11380,730,158,40,,,,,,,,,,,,,,,,,,,,,,,,,,,,,,,,,,,,,,,,,,,,,,,,
40.608266291965265,absorbing,,,,,,,R,12,22,188,247,100,73,173,6,3,59,0.028845124994404614,0.029780832992400974,0.05862595798680559,0.05912254098802805,14868,11956,16,16,False,False,False,False,11956,16,False,512,0.0006,,21556,0,total_elems,14868,11956,1,1,,,,0.0,16,4,11956,730,158,40,,,,,,,,,,,,,,,,,,,,,,,,,,,,,,,,,,,,,,,,,,,,,,,,
40.67900045897113,absorbing,,,,,,,L,13,22,188,247,102,73,175,4,2,61,0.028119374997913837,0.031199250021018088,0.059318625018931925,0.060030041029676795,14772,16600,16,64,False,False,False,False,14772,16,False,512,0.0006,,21556,0,total_elems,14772,16600,1,1,,,,0.0,16,4,14772,810,158,40,,,,,,,,,,,,,,,,,,,,,,,,,,,,,,,,,,,,,,,,,,,,,,,,
40.74622879194794,absorbing,,,,,,,L,14,22,188,247,102,73,175,6,0,61,0.023279292043298483,0.03269020904554054,0.055969501088839024,0.05647366703487933,15732,19224,16,64,False,False,False,False,15732,16,False,512,0.0006,,21556,0,total_elems,15732,19224,1,1,,,,0.0,16,4,15732,834,158,40,,,,,,,,,,,,,,,,,,,,,,,,,,,,,,,,,,,,,,,,,,,,,,,,
40.82231220899848,absorbing,,,,,,,L,15,22,188,247,103,73,176,4,1,62,0.029320667032152414,0.034758666006382555,0.06407933303853497,0.06482487497851253,16020,19544,18,64,False,False,False,False,16020,18,False,512,0.0006,,21556,0,total_elems,16020,19544,1,1,,,,0.0,18,4,16020,844,158,40,,,,,,,,,,,,,,,,,,,,,,,,,,,,,,,,,,,,,,,,,,,,,,,,
40.89440274995286,absorbing,,,,,,,R,15,23,188,247,103,74,177,10,1,63,0.027450041961856186,0.033424791996367276,0.06087483395822346,0.061361833999399096,18768,18680,16,64,False,False,False,False,18680,64,False,512,0.0006,,21556,0,total_elems,18768,18680,1,1,,,,0.0,64,4,18680,860,158,40,,,,,,,,,,,,,,,,,,,,,,,,,,,,,,,,,,,,,,,,,,,,,,,,
40.97671924997121,absorbing,,,,,,,R,15,24,188,247,103,75,178,11,1,64,0.02925933396909386,0.041144833026919514,0.07040416699601337,0.07088395894970745,20372,16620,64,64,False,False,False,False,16620,64,False,512,0.0006,,21556,0,total_elems,20372,16620,1,1,,,,0.0,64,4,16620,810,158,40,,,,,,,,,,,,,,,,,,,,,,,,,,,,,,,,,,,,,,,,,,,,,,,,
41.048478374956176,absorbing,,,,,,,R,15,25,188,247,103,78,181,7,3,67,0.027597500011324883,0.03282170800957829,0.06041920802090317,0.060940958035644144,17872,10656,64,16,False,False,False,False,10656,16,False,512,0.0006,,21556,0,total_elems,17872,10656,1,1,,,,0.0,16,4,10656,696,158,40,,,,,,,,,,,,,,,,,,,,,,,,,,,,,,,,,,,,,,,,,,,,,,,,
41.117051458975766,absorbing,,,,,,,R,15,26,188,247,103,81,184,6,3,70,0.024937207985203713,0.032331708003766835,0.05726891598897055,0.05780558398691937,11744,9308,16,16,False,False,False,False,9308,16,False,512,0.0006,,21556,0,total_elems,11744,9308,1,1,,,,0.0,16,4,9308,656,158,40,,,,,,,,,,,,,,,,,,,,,,,,,,,,,,,,,,,,,,,,,,,,,,,,
41.174923624959774,absorbing,,,,,,,R,15,27,188,247,103,81,184,7,0,70,0.02437091601314023,0.02206862496677786,0.04643954097991809,0.046912208024878055,9996,8828,16,16,False,False,False,False,8828,16,False,512,0.0006,,21556,0,total_elems,9996,8828,1,1,,,,0.0,16,4,8828,680,158,40,,,,,,,,,,,,,,,,,,,,,,,,,,,,,,,,,,,,,,,,,,,,,,,,
41.33599754195893,absorbing,,,,,,,R,15,28,188,247,103,84,187,6,3,73,0.1226442499901168,0.026264000043738633,0.14890825003385544,0.14944345800904557,9324,9228,16,16,False,False,False,False,9228,16,False,512,0.0006,,21556,0,total_elems,9324,9228,1,1,,,,0.0,16,4,9228,672,158,40,,,,,,,,,,,,,,,,,,,,,,,,,,,,,,,,,,,,,,,,,,,,,,,,
41.399825542001054,absorbing,,,,,,,L,16,28,188,247,104,84,188,5,1,74,0.026588124979753047,0.025611916033085436,0.05220004101283848,0.05269949999637902,9324,10288,16,16,False,False,False,False,9324,16,False,512,0.0006,,21556,0,total_elems,9324,10288,1,1,,,,0.0,16,4,9324,678,158,40,,,,,,,,,,,,,,,,,,,,,,,,,,,,,,,,,,,,,,,,,,,,,,,,
41.4688498339965,absorbing,,,,,,,L,17,28,188,247,105,84,189,5,1,75,0.02868083299836144,0.028766624978743494,0.05744745797710493,0.057956375007051975,7404,9772,16,16,False,False,False,False,7404,16,False,512,0.0006,,21556,0,total_elems,7404,9772,1,1,,,,0.0,16,4,7404,630,158,40,,,,,,,,,,,,,,,,,,,,,,,,,,,,,,,,,,,,,,,,,,,,,,,,
41.5385442499537,absorbing,,,,,,,R,17,29,188,247,105,87,192,7,3,78,0.030536459002178162,0.027487291023135185,0.05802375002531335,0.058589084015693516,7920,7596,16,16,False,False,False,False,7596,16,False,512,0.0006,,21556,0,total_elems,7920,7596,1,1,,,,0.0,16,4,7596,630,158,40,,,,,,,,,,,,,,,,,,,,,,,,,,,,,,,,,,,,,,,,,,,,,,,,
41.609003374993335,absorbing,,,,,,,L,18,29,188,247,108,87,195,3,3,81,0.029075667029246688,0.02949933399213478,0.05857500102138147,0.05908170895418152,8112,8340,16,16,False,False,False,False,8112,16,False,512,0.0006,,21556,0,total_elems,8112,8340,1,1,,,,0.0,16,4,8112,648,158,40,,,,,,,,,,,,,,,,,,,,,,,,,,,,,,,,,,,,,,,,,,,,,,,,
41.682557124993764,absorbing,,,,,,,R,18,30,188,247,108,91,199,4,4,85,0.0313647500006482,0.030325249943416566,0.061689999944064766,0.062193292018491775,15280,9432,64,32,False,False,False,False,9432,32,False,512,0.0006,,21556,0,total_elems,15280,9432,1,1,,,,0.0,32,4,9432,674,158,40,,,,,,,,,,,,,,,,,,,,,,,,,,,,,,,,,,,,,,,,,,,,,,,,
41.757056000002194,absorbing,,,,,,,R,18,31,188,247,108,92,200,6,1,86,0.03195087501080707,0.029140499944332987,0.061091374955140054,0.06215258396696299,19416,9432,64,32,False,False,False,False,9432,32,False,512,0.0006,,21556,0,total_elems,19416,9432,1,1,,,,0.0,32,4,9432,682,158,40,,,,,,,,,,,,,,,,,,,,,,,,,,,,,,,,,,,,,,,,,,,,,,,,
41.82752316695405,absorbing,,,,,,,R,18,32,188,247,108,93,201,6,1,87,0.03137350000906736,0.027065458009019494,0.05843895801808685,0.05895833304384723,14748,10392,32,32,False,False,False,False,10392,32,False,512,0.0006,,21556,0,total_elems,14748,10392,1,1,,,,0.0,32,4,10392,690,158,40,,,,,,,,,,,,,,,,,,,,,,,,,,,,,,,,,,,,,,,,,,,,,,,,
41.90403937496012,absorbing,,,,,,,L,19,32,188,247,110,93,203,5,2,89,0.030017999990377575,0.03415466699516401,0.06417266698554158,0.0650600409717299,14136,18960,32,64,False,False,False,False,14136,32,False,512,0.0006,,21556,0,total_elems,14136,18960,1,1,,,,0.0,32,4,14136,724,158,40,,,,,,,,,,,,,,,,,,,,,,,,,,,,,,,,,,,,,,,,,,,,,,,,
41.98709820897784,absorbing,,,,,,,L,20,32,188,247,111,93,204,4,1,90,0.036651959002483636,0.03420729102799669,0.07085925003048033,0.07160445797489956,14592,18864,32,64,False,False,False,False,14592,32,False,512,0.0006,,21556,0,total_elems,14592,18864,1,1,,,,0.0,32,4,14592,704,158,40,,,,,,,,,,,,,,,,,,,,,,,,,,,,,,,,,,,,,,,,,,,,,,,,
42.06558054196648,absorbing,,,,,,,L,21,32,188,247,111,93,204,5,0,90,0.02947704104008153,0.036564082955010235,0.06604112399509177,0.06711033399915323,13008,19668,32,64,False,False,False,False,13008,32,False,512,0.0006,,21556,0,total_elems,13008,19668,1,1,,,,0.0,32,4,13008,668,158,40,,,,,,,,,,,,,,,,,,,,,,,,,,,,,,,,,,,,,,,,,,,,,,,,
42.16486612497829,absorbing,,,,,,,R,21,33,188,247,111,95,206,4,2,92,0.05084137502126396,0.03635487501742318,0.08719625003868714,0.0877748749917373,28732,14628,64,32,False,False,False,False,14628,32,False,512,0.0006,,21556,0,total_elems,28732,14628,1,1,,,,0.0,32,4,14628,704,158,40,,,,,,,,,,,,,,,,,,,,,,,,,,,,,,,,,,,,,,,,,,,,,,,,
42.27183712495025,absorbing,,,,,,,R,21,34,188,247,111,98,209,5,3,95,0.05629395897267386,0.037667332973796874,0.09396129194647074,0.0951850829878822,28732,9180,64,32,False,False,False,False,9180,32,False,512,0.0006,,21556,0,total_elems,28732,9180,1,1,,,,0.0,32,4,9180,644,158,40,,,,,,,,,,,,,,,,,,,,,,,,,,,,,,,,,,,,,,,,,,,,,,,,
42.3532377089723,absorbing,,,,,,,R,21,35,188,247,111,101,212,5,3,98,0.042294499988202006,0.02592187497066334,0.06821637495886534,0.06876354099949822,12352,11604,64,32,False,False,False,False,11604,32,False,512,0.0006,,21556,0,total_elems,12352,11604,1,1,,,,0.0,32,4,11604,728,158,40,,,,,,,,,,,,,,,,,,,,,,,,,,,,,,,,,,,,,,,,,,,,,,,,
42.448496749973856,absorbing,,,,,,,L,22,35,188,247,117,101,218,1,6,104,0.05002729198895395,0.032259207975585014,0.08228649996453896,0.08283079200191423,12912,24276,64,64,False,False,False,False,12912,64,False,512,0.0006,,21556,0,total_elems,12912,24276,1,1,,,,0.0,64,4,12912,678,158,40,,,,,,,,,,,,,,,,,,,,,,,,,,,,,,,,,,,,,,,,,,,,,,,,
42.51779733400326,absorbing,,,,,,,L,23,35,188,247,118,101,219,5,1,105,0.028323334001470357,0.02863199997227639,0.05695533397374675,0.057465167017653584,12528,14412,64,64,False,False,False,False,12528,64,False,512,0.0006,,21556,0,total_elems,12528,14412,1,1,,,,0.0,64,4,12528,654,158,40,,,,,,,,,,,,,,,,,,,,,,,,,,,,,,,,,,,,,,,,,,,,,,,,
42.593125249957666,absorbing,,,,,,,L,24,35,188,247,123,101,224,4,5,110,0.033882000017911196,0.027902791975066066,0.06178479199297726,0.06227824999950826,6292,13452,16,64,False,False,False,False,6292,16,False,512,0.0006,,21556,0,total_elems,6292,13452,1,1,,,,0.0,16,4,6292,556,158,40,,,,,,,,,,,,,,,,,,,,,,,,,,,,,,,,,,,,,,,,,,,,,,,,
42.65722737496253,absorbing,,,,,,,L,25,35,188,247,124,101,225,4,1,111,0.028156416956335306,0.02371508302167058,0.051871499978005886,0.0523616669815965,4852,7132,16,16,False,False,False,False,4852,16,False,512,0.0006,,21556,0,total_elems,4852,7132,1,1,,,,0.0,16,4,4852,538,158,40,,,,,,,,,,,,,,,,,,,,,,,,,,,,,,,,,,,,,,,,,,,,,,,,
42.71820999996271,absorbing,,,,,,,L,26,35,188,247,124,101,225,5,0,111,0.025321499968413264,0.02349754102760926,0.04881904099602252,0.049293165968265384,3700,6268,16,16,False,False,False,False,3700,16,False,512,0.0006,,21556,0,total_elems,3700,6268,1,1,,,,0.0,16,4,3700,538,158,40,,,,,,,,,,,,,,,,,,,,,,,,,,,,,,,,,,,,,,,,,,,,,,,,
42.77675637498032,absorbing,,,,,,,L,27,35,188,247,124,101,225,5,0,111,0.02181020798161626,0.023713250004220754,0.04552345798583701,0.04598891601199284,2992,4732,16,16,False,False,False,False,2992,16,False,512,0.0006,,21556,0,total_elems,2992,4732,1,1,,,,0.0,16,4,2992,496,158,40,,,,,,,,,,,,,,,,,,,,,,,,,,,,,,,,,,,,,,,,,,,,,,,,
42.83442324999487,absorbing,,,,,,,L,28,35,188,247,124,101,225,4,0,111,0.02188800001749769,0.023545959033071995,0.04543395905056968,0.04592399997636676,3472,4024,16,16,False,False,False,False,3472,16,False,512,0.0006,,21556,0,total_elems,3472,4024,1,1,,,,0.0,16,4,3472,526,158,40,,,,,,,,,,,,,,,,,,,,,,,,,,,,,,,,,,,,,,,,,,,,,,,,
42.89374787500128,absorbing,,,,,,,L,29,35,188,247,125,101,226,5,1,112,0.02377804199932143,0.023195624991785735,0.046973666991107166,0.04742708400590345,5332,5368,16,16,False,False,False,False,5332,16,False,512,0.0006,,21556,0,total_elems,5332,5368,1,1,,,,0.0,16,4,5332,568,158,40,,,,,,,,,,,,,,,,,,,,,,,,,,,,,,,,,,,,,,,,,,,,,,,,
42.9556413340033,absorbing,,,,,,,L,30,35,188,247,126,101,227,6,1,113,0.023953958007041365,0.025357707985676825,0.04931166599271819,0.04981116601265967,5488,6268,16,16,False,False,False,False,5488,16,False,512,0.0006,,21556,0,total_elems,5488,6268,1,1,,,,0.0,16,4,5488,580,158,40,,,,,,,,,,,,,,,,,,,,,,,,,,,,,,,,,,,,,,,,,,,,,,,,
43.023041583946906,absorbing,,,,,,,R,30,36,188,247,126,103,229,3,2,115,0.02835425001103431,0.02685566700529307,0.05520991701632738,0.05569341604132205,11728,6328,64,16,False,False,False,False,6328,16,False,512,0.0006,,21556,0,total_elems,11728,6328,1,1,,,,0.0,16,4,6328,592,158,40,,,,,,,,,,,,,,,,,,,,,,,,,,,,,,,,,,,,,,,,,,,,,,,,
43.08692220895318,absorbing,,,,,,,L,31,36,188,247,127,103,230,5,1,116,0.028091958025470376,0.022834250004962087,0.05092620803043246,0.052008084021508694,6964,7288,16,16,False,False,False,False,6964,16,False,512,0.0006,,21556,0,total_elems,6964,7288,1,1,,,,0.0,16,4,6964,598,158,40,,,,,,,,,,,,,,,,,,,,,,,,,,,,,,,,,,,,,,,,,,,,,,,,
43.15165795898065,absorbing,,,,,,,R,31,37,188,247,127,103,230,4,0,116,0.02843441697768867,0.023311625001952052,0.05174604197964072,0.05221945798257366,13768,6964,64,16,False,False,False,False,6964,16,False,512,0.0006,,21556,0,total_elems,13768,6964,1,1,,,,0.0,16,4,6964,598,158,40,,,,,,,,,,,,,,,,,,,,,,,,,,,,,,,,,,,,,,,,,,,,,,,,
43.2229783340008,absorbing,,,,,,,L,32,37,188,247,129,103,232,4,2,118,0.02908329199999571,0.02974812500178814,0.05883141700178385,0.059343667002394795,13768,14932,64,64,False,False,False,False,13768,64,False,512,0.0006,,21556,0,total_elems,13768,14932,1,1,,,,0.0,64,4,13768,742,158,40,,,,,,,,,,,,,,,,,,,,,,,,,,,,,,,,,,,,,,,,,,,,,,,,
43.30274020897923,absorbing,,,,,,,R,32,38,188,247,129,103,232,6,0,118,0.036784500000067055,0.0294869159697555,0.06627141596982256,0.06755637505557388,15112,10024,64,16,False,False,False,False,10024,16,False,512,0.0006,,21556,0,total_elems,15112,10024,1,1,,,,0.0,16,4,10024,688,158,40,,,,,,,,,,,,,,,,,,,,,,,,,,,,,,,,,,,,,,,,,,,,,,,,
43.37656829197658,absorbing,,,,,,,L,33,38,188,247,131,103,234,5,2,120,0.02965279098134488,0.0309209999977611,0.06057379097910598,0.061090415983926505,10408,15208,16,64,False,False,False,False,10408,16,False,512,0.0006,,21556,0,total_elems,10408,15208,1,1,,,,0.0,16,4,10408,712,158,40,,,,,,,,,,,,,,,,,,,,,,,,,,,,,,,,,,,,,,,,,,,,,,,,
43.44668416696368,absorbing,,,,,,,R,33,39,188,247,131,104,235,5,1,121,0.026994124986231327,0.02927054197061807,0.056264666956849396,0.05719054100336507,10024,9448,16,16,False,False,False,False,9448,16,False,512,0.0006,,21556,0,total_elems,10024,9448,1,1,,,,0.0,16,4,9448,688,158,40,,,,,,,,,,,,,,,,,,,,,,,,,,,,,,,,,,,,,,,,,,,,,,,,
43.510791624954436,absorbing,,,,,,,L,34,39,188,247,132,104,236,7,1,122,0.025504333956632763,0.025379709026310593,0.050884042982943356,0.05138675001217052,9064,9928,16,16,False,False,False,False,9064,16,False,512,0.0006,,21556,0,total_elems,9064,9928,1,1,,,,0.0,16,4,9064,700,158,40,,,,,,,,,,,,,,,,,,,,,,,,,,,,,,,,,,,,,,,,,,,,,,,,
43.58269770897459,absorbing,,,,,,,R,34,40,188,247,132,104,236,5,0,122,0.03200058301445097,0.02610733301844448,0.058107916032895446,0.05860770895378664,12328,8968,16,16,False,False,False,False,8968,16,False,512,0.0006,,21556,0,total_elems,12328,8968,1,1,,,,0.0,16,4,8968,694,158,40,,,,,,,,,,,,,,,,,,,,,,,,,,,,,,,,,,,,,,,,,,,,,,,,
43.651090917002875,absorbing,,,,,,,R,34,41,188,247,132,104,236,6,0,122,0.030445207958109677,0.02479279099497944,0.05523799895308912,0.05575629201484844,11656,8968,16,16,False,False,False,False,8968,16,False,512,0.0006,,21556,0,total_elems,11656,8968,1,1,,,,0.0,16,4,8968,694,158,40,,,,,,,,,,,,,,,,,,,,,,,,,,,,,,,,,,,,,,,,,,,,,,,,
43.716844208945986,absorbing,,,,,,,R,34,42,188,247,132,104,236,5,0,122,0.029257665970362723,0.02322929201181978,0.0524869579821825,0.0529877920052968,10312,8296,16,16,False,False,False,False,8296,16,False,512,0.0006,,21556,0,total_elems,10312,8296,1,1,,,,0.0,16,4,8296,688,158,40,,,,,,,,,,,,,,,,,,,,,,,,,,,,,,,,,,,,,,,,,,,,,,,,
43.78422579198377,absorbing,,,,,,,R,34,43,188,247,132,106,238,3,2,124,0.029626708012074232,0.024620249983854592,0.054246957995928824,0.05473645799793303,9640,9040,16,16,False,False,False,False,9040,16,False,512,0.0006,,21556,0,total_elems,9640,9040,1,1,,,,0.0,16,4,9040,694,158,40,,,,,,,,,,,,,,,,,,,,,,,,,,,,,,,,,,,,,,,,,,,,,,,,
43.85583058395423,absorbing,,,,,,,R,34,44,188,247,132,110,242,2,4,128,0.029270833998452872,0.029225000005681068,0.05849583400413394,0.05897970899241045,10444,9556,16,16,False,False,False,False,9556,16,False,512,0.0006,,21556,0,total_elems,10444,9556,1,1,,,,0.0,16,4,9556,688,158,40,,,,,,,,,,,,,,,,,,,,,,,,,,,,,,,,,,,,,,,,,,,,,,,,
43.92605399998138,absorbing,,,,,,,L,35,44,188,247,134,110,244,4,2,130,0.027947583002969623,0.028647415980231017,0.05659499898320064,0.057136917021125555,10960,16344,16,64,False,False,False,False,10960,16,False,512,0.0006,,21556,0,total_elems,10960,16344,1,1,,,,0.0,16,4,10960,742,158,40,,,,,,,,,,,,,,,,,,,,,,,,,,,,,,,,,,,,,,,,,,,,,,,,
43.99441854195902,absorbing,,,,,,,L,36,44,188,247,136,110,246,5,2,132,0.027322207984980196,0.02805016696220264,0.055372374947182834,0.055869791947770864,10696,16464,16,64,False,False,False,False,10696,16,False,512,0.0006,,21556,0,total_elems,10696,16464,1,1,,,,0.0,16,4,10696,730,158,40,,,,,,,,,,,,,,,,,,,,,,,,,,,,,,,,,,,,,,,,,,,,,,,,
44.062849916983396,absorbing,,,,,,,L,37,44,188,247,136,110,246,9,0,132,0.027259416005108505,0.027937999984715134,0.05519741598982364,0.0556808749679476,10024,16456,16,64,False,False,False,False,10024,16,False,512,0.0006,,21556,0,total_elems,10024,16456,1,1,,,,0.0,16,4,10024,724,158,40,,,,,,,,,,,,,,,,,,,,,,,,,,,,,,,,,,,,,,,,,,,,,,,,
44.13763712497894,absorbing,,,,,,,L,38,44,188,247,140,110,250,7,4,136,0.03236891602864489,0.028606540989130735,0.060975457017775625,0.062037708004936576,13348,15784,16,64,False,False,False,False,13348,16,False,512,0.0006,,21556,0,total_elems,13348,15784,1,1,,,,0.0,16,4,13348,790,158,40,,,,,,,,,,,,,,,,,,,,,,,,,,,,,,,,,,,,,,,,,,,,,,,,
44.21352949994616,absorbing,,,,,,,R,38,45,188,247,140,112,252,4,2,138,0.031941791996359825,0.030667999992147088,0.06260979198850691,0.06314437498804182,21184,19108,64,64,False,False,False,False,19108,64,False,512,0.0006,,21556,0,total_elems,21184,19108,1,1,,,,0.0,64,4,19108,862,158,40,,,,,,,,,,,,,,,,,,,,,,,,,,,,,,,,,,,,,,,,,,,,,,,,
44.296651333977934,absorbing,,,,,,,R,38,46,188,247,140,113,253,5,1,139,0.03745316597633064,0.030825374997220933,0.06827854097355157,0.06950445799157023,20416,13800,64,32,False,False,False,False,13800,32,False,512,0.0006,,21556,0,total_elems,20416,13800,1,1,,,,0.0,32,4,13800,792,158,40,,,,,,,,,,,,,,,,,,,,,,,,,,,,,,,,,,,,,,,,,,,,,,,,
44.370195458992384,absorbing,,,,,,,R,38,47,188,247,140,113,253,7,0,139,0.03417329100193456,0.02606029197340831,0.06023358297534287,0.06072304199915379,18436,11880,64,32,False,False,False,False,11880,32,False,512,0.0006,,21556,0,total_elems,18436,11880,1,1,,,,0.0,32,4,11880,728,158,40,,,,,,,,,,,,,,,,,,,,,,,,,,,,,,,,,,,,,,,,,,,,,,,,
44.4476936669671,absorbing,,,,,,,R,38,48,188,247,140,115,255,7,2,141,0.034170250000897795,0.02931091602658853,0.06348116602748632,0.06401591596659273,17028,10020,64,16,False,False,False,False,10020,16,False,512,0.0006,,21556,0,total_elems,17028,10020,1,1,,,,0.0,16,4,10020,674,158,40,,,,,,,,,,,,,,,,,,,,,,,,,,,,,,,,,,,,,,,,,,,,,,,,
44.52686016698135,absorbing,,,,,,,L,39,48,188,247,142,115,257,8,2,143,0.03215887502301484,0.033180000027641654,0.0653388750506565,0.06582812499254942,15840,15840,64,64,False,False,False,False,15840,64,False,512,0.0006,,21556,0,total_elems,15840,15840,1,1,,,,0.0,64,4,15840,764,158,40,,,,,,,,,,,,,,,,,,,,,,,,,,,,,,,,,,,,,,,,,,,,,,,,
44.683138124994,absorbing,,,,,,,R,39,49,188,247,142,120,262,5,5,148,0.10637229203712195,0.0358490829821676,0.14222137501928955,0.14282645896309987,145384,21876,256,64,False,False,False,False,21876,64,False,512,0.0006,,21556,0,total_elems,145384,21876,1,1,,,,0.0,64,4,21876,846,158,40,,,,,,,,,,,,,,,,,,,,,,,,,,,,,,,,,,,,,,,,,,,,,,,,
44.951578708947636,absorbing,,,,,,,R,39,50,188,247,142,123,265,5,3,151,0.13501704100053757,0.11590608296683058,0.25092312396736816,0.25441516702994704,160336,61816,256,64,False,False,False,False,61816,64,False,512,0.0006,,21556,0,total_elems,160336,61816,1,1,,,,0.0,64,4,61816,1036,158,40,,,,,,,,,,,,,,,,,,,,,,,,,,,,,,,,,,,,,,,,,,,,,,,,
45.41668491699966,absorbing,,,,,,,R,39,51,188,247,142,126,268,3,3,154,0.3050224159960635,0.13993862498318776,0.44496104097925127,0.44662674999563023,421720,61720,256,64,False,False,False,False,61720,64,False,512,0.0006,,21556,0,total_elems,421720,61720,1,1,,,,0.0,64,4,61720,1066,158,40,,,,,,,,,,,,,,,,,,,,,,,,,,,,,,,,,,,,,,,,,,,,,,,,
45.88535554194823,absorbing,,,,,,,R,39,52,188,247,142,128,270,5,2,156,0.3136059580137953,0.13666287501109764,0.45026883302489296,0.4521638749865815,421816,38680,256,64,False,False,False,False,38680,64,False,512,0.0006,,21556,0,total_elems,421816,38680,1,1,,,,0.0,64,4,38680,994,158,40,,,,,,,,,,,,,,,,,,,,,,,,,,,,,,,,,,,,,,,,,,,,,,,,
46.13021204195684,absorbing,,,,,,,R,39,53,188,247,142,128,270,6,0,156,0.1655469160177745,0.06019587500486523,0.22574279102263972,0.22651108301943168,176572,38740,256,64,False,False,False,False,38740,64,False,512,0.0006,,21556,0,total_elems,176572,38740,1,1,,,,0.0,64,4,38740,1000,158,40,,,,,,,,,,,,,,,,,,,,,,,,,,,,,,,,,,,,,,,,,,,,,,,,
46.34438062499976,absorbing,,,,,,,R,39,54,188,247,142,128,270,7,0,156,0.11591683299047872,0.07863933296175674,0.19455616595223546,0.19609416602179408,84436,39060,64,64,False,False,False,False,39060,64,False,512,0.0006,,21556,0,total_elems,84436,39060,1,1,,,,0.0,64,4,39060,1032,158,40,,,,,,,,,,,,,,,,,,,,,,,,,,,,,,,,,,,,,,,,,,,,,,,,
46.50303299998632,absorbing,,,,,,,R,39,55,188,247,142,129,271,4,1,157,0.0937711659935303,0.048273042018990964,0.14204420801252127,0.14318233396625146,59316,35028,64,64,False,False,False,False,35028,64,False,512,0.0006,,21556,0,total_elems,59316,35028,1,1,,,,0.0,64,4,35028,968,158,40,,,,,,,,,,,,,,,,,,,,,,,,,,,,,,,,,,,,,,,,,,,,,,,,
46.658454999967944,absorbing,,,,,,,R,39,56,188,247,142,131,273,4,2,159,0.08104658301454037,0.05687108397250995,0.13791766698705032,0.13909424998564646,53940,41940,64,64,False,False,False,False,41940,64,False,512,0.0006,,21556,0,total_elems,53940,41940,1,1,,,,0.0,64,4,41940,1080,158,40,,,,,,,,,,,,,,,,,,,,,,,,,,,,,,,,,,,,,,,,,,,,,,,,
46.818295584002044,absorbing,,,,,,,R,39,57,188,247,142,131,273,4,0,159,0.0856926660053432,0.058095999993383884,0.14378866599872708,0.1443826670292765,50796,26740,64,64,False,False,False,False,26740,64,False,512,0.0006,,21556,0,total_elems,50796,26740,1,1,,,,0.0,64,4,26740,1006,158,40,,,,,,,,,,,,,,,,,,,,,,,,,,,,,,,,,,,,,,,,,,,,,,,,
46.95820508396719,absorbing,,,,,,,R,39,58,188,247,142,132,274,4,1,160,0.07489975000498816,0.04177720804000273,0.1166769580449909,0.1172177079715766,35604,22900,64,64,False,False,False,False,22900,64,False,512,0.0006,,21556,0,total_elems,35604,22900,1,1,,,,0.0,64,4,22900,982,158,40,,,,,,,,,,,,,,,,,,,,,,,,,,,,,,,,,,,,,,,,,,,,,,,,
47.083936624985654,absorbing,,,,,,,L,40,58,188,247,147,132,279,6,5,165,0.06303820799803361,0.04492725001182407,0.10796545800985768,0.10996549995616078,20692,29620,64,64,False,False,False,False,20692,64,False,512,0.0006,,21556,0,total_elems,20692,29620,1,1,,,,0.0,64,4,20692,916,158,40,,,,,,,,,,,,,,,,,,,,,,,,,,,,,,,,,,,,,,,,,,,,,,,,
47.22358762496151,absorbing,,,,,,,R,40,59,188,247,147,133,280,4,1,166,0.06285658298293129,0.05099620798137039,0.11385279096430168,0.11511625000275671,17620,15124,64,16,False,False,False,False,15124,16,False,512,0.0006,,21556,0,total_elems,17620,15124,1,1,,,,0.0,16,4,15124,820,158,40,,,,,,,,,,,,,,,,,,,,,,,,,,,,,,,,,,,,,,,,,,,,,,,,
47.330637874954846,absorbing,,,,,,,L,41,59,188,247,149,133,282,8,2,168,0.04998941597295925,0.03769899997860193,0.08768841595156118,0.08887287497054785,12340,27412,16,64,False,False,False,False,12340,16,False,512,0.0006,,21556,0,total_elems,12340,27412,1,1,,,,0.0,16,4,12340,790,158,40,,,,,,,,,,,,,,,,,,,,,,,,,,,,,,,,,,,,,,,,,,,,,,,,
47.415411458991,absorbing,,,,,,,L,42,59,188,247,152,133,285,8,3,171,0.03322887502145022,0.03565662499750033,0.06888550001895055,0.0694571670028381,12856,24628,16,64,False,False,False,False,12856,16,False,512,0.0006,,21556,0,total_elems,12856,24628,1,1,,,,0.0,16,4,12856,784,158,40,,,,,,,,,,,,,,,,,,,,,,,,,,,,,,,,,,,,,,,,,,,,,,,,
47.52658533398062,absorbing,,,,,,,R,42,60,188,247,152,135,287,3,2,173,0.061032582947518677,0.035205916967242956,0.09623849991476163,0.09678416699171066,32440,24184,64,64,False,False,False,False,24184,64,False,512,0.0006,,21556,0,total_elems,32440,24184,1,1,,,,0.0,64,4,24184,952,158,40,,,,,,,,,,,,,,,,,,,,,,,,,,,,,,,,,,,,,,,,,,,,,,,,
47.63498108397471,absorbing,,,,,,,R,42,61,188,247,152,136,288,4,1,174,0.05907304200809449,0.033188542001880705,0.0922615840099752,0.09278829203685746,32056,26104,64,64,False,False,False,False,26104,64,False,512,0.0006,,21556,0,total_elems,32056,26104,1,1,,,,0.0,64,4,26104,1000,158,40,,,,,,,,,,,,,,,,,,,,,,,,,,,,,,,,,,,,,,,,,,,,,,,,
47.75445533398306,absorbing,,,,,,,R,42,62,188,247,152,138,290,4,2,176,0.06222804100252688,0.04188950004754588,0.10411754105007276,0.10466650000307709,33016,26680,64,64,False,False,False,False,26680,64,False,512,0.0006,,21556,0,total_elems,33016,26680,1,1,,,,0.0,64,4,26680,1000,158,40,,,,,,,,,,,,,,,,,,,,,,,,,,,,,,,,,,,,,,,,,,,,,,,,
47.89464766695164,absorbing,,,,,,,L,43,62,188,247,157,138,295,4,5,181,0.06830837501911446,0.05721666698809713,0.1255250420072116,0.12605633301427588,47992,72472,64,64,False,False,False,False,47992,64,False,512,0.0006,,21556,0,total_elems,47992,72472,1,1,,,,0.0,64,4,47992,1000,158,40,,,,,,,,,,,,,,,,,,,,,,,,,,,,,,,,,,,,,,,,,,,,,,,,
48.08435716695385,absorbing,,,,,,,L,44,62,188,247,160,138,298,3,3,184,0.06488541699945927,0.10900875000515953,0.1738941670046188,0.17447029100731015,46552,162232,64,256,False,False,False,False,46552,64,False,512,0.0006,,21556,0,total_elems,46552,162232,1,1,,,,0.0,64,4,46552,946,158,40,,,,,,,,,,,,,,,,,,,,,,,,,,,,,,,,,,,,,,,,,,,,,,,,
48.288511291961186,absorbing,,,,,,,L,45,62,188,247,163,138,301,4,3,187,0.06216029200004414,0.12410800001816824,0.18626829201821238,0.187196958984714,45976,161212,64,256,False,False,False,False,45976,64,False,512,0.0006,,21556,0,total_elems,45976,161212,1,1,,,,0.0,64,4,45976,946,158,40,,,,,,,,,,,,,,,,,,,,,,,,,,,,,,,,,,,,,,,,,,,,,,,,
48.527967208996415,absorbing,,,,,,,L,46,62,188,247,165,138,303,4,2,189,0.1023538329754956,0.11849295801948756,0.22084679099498317,0.22304912499384955,46168,161596,64,256,False,False,False,False,46168,64,False,512,0.0006,,21556,0,total_elems,46168,161596,1,1,,,,0.0,64,4,46168,958,158,40,,,,,,,,,,,,,,,,,,,,,,,,,,,,,,,,,,,,,,,,,,,,,,,,
48.706217249971814,absorbing,,,,,,,L,47,62,188,247,165,138,303,6,0,189,0.05387408402748406,0.10394695901777595,0.15782104304526,0.15980800002580509,46168,63736,64,64,False,False,False,False,46168,64,False,512,0.0006,,21556,0,total_elems,46168,63736,1,1,,,,0.0,64,4,46168,958,158,40,,,,,,,,,,,,,,,,,,,,,,,,,,,,,,,,,,,,,,,,,,,,,,,,
48.92170237499522,absorbing,,,,,,,L,48,62,188,247,167,138,305,4,2,191,0.08176645799539983,0.11613441596273333,0.19790087395813316,0.19940083305118605,32248,63448,64,64,False,False,False,False,32248,64,False,512,0.0006,,21556,0,total_elems,32248,63448,1,1,,,,0.0,64,4,32248,880,158,40,,,,,,,,,,,,,,,,,,,,,,,,,,,,,,,,,,,,,,,,,,,,,,,,
49.06761220894987,absorbing,,,,,,,L,49,62,188,247,168,138,306,7,1,192,0.0623397909803316,0.06700470898067579,0.1293444999610074,0.12998883397085592,16696,39736,64,64,False,False,False,False,16696,64,False,512,0.0006,,21556,0,total_elems,16696,39736,1,1,,,,0.0,64,4,16696,808,158,40,,,,,,,,,,,,,,,,,,,,,,,,,,,,,,,,,,,,,,,,,,,,,,,,
49.16580662498018,absorbing,,,,,,,L,50,62,188,247,172,138,310,4,4,196,0.04277387500042096,0.0369793749996461,0.07975325000006706,0.08076108299428597,8164,18808,16,64,False,False,False,False,8164,16,False,512,0.0006,,21556,0,total_elems,8164,18808,1,1,,,,0.0,16,4,8164,628,158,40,,,,,,,,,,,,,,,,,,,,,,,,,,,,,,,,,,,,,,,,,,,,,,,,
49.244394916982856,absorbing,,,,,,,R,50,63,188,247,172,138,310,8,0,196,0.033776165975723416,0.027434582996647805,0.06121074897237122,0.06174533301964402,8224,7204,16,16,False,False,False,False,7204,16,False,512,0.0006,,21556,0,total_elems,8224,7204,1,1,,,,0.0,16,4,7204,604,158,40,,,,,,,,,,,,,,,,,,,,,,,,,,,,,,,,,,,,,,,,,,,,,,,,
49.33417866699165,absorbing,,,,,,,L,51,63,188,247,174,138,312,5,2,198,0.034634375013411045,0.03836820798460394,0.07300258299801499,0.0735399589757435,7840,10276,16,16,False,False,False,False,7840,16,False,512,0.0006,,21556,0,total_elems,7840,10276,1,1,,,,0.0,16,4,7840,610,158,40,,,,,,,,,,,,,,,,,,,,,,,,,,,,,,,,,,,,,,,,,,,,,,,,
49.42931970895734,absorbing,,,,,,,R,51,64,188,247,174,141,315,6,3,201,0.04549079202115536,0.03223920799791813,0.07773000001907349,0.0784404159639962,13984,10336,64,16,False,False,False,False,10336,16,False,512,0.0006,,21556,0,total_elems,13984,10336,1,1,,,,0.0,16,4,10336,694,158,40,,,,,,,,,,,,,,,,,,,,,,,,,,,,,,,,,,,,,,,,,,,,,,,,
49.52502041700063,absorbing,,,,,,,L,52,64,188,247,178,141,319,3,4,205,0.044076958030927926,0.0348664170014672,0.07894337503239512,0.07946624996839091,15712,17896,64,64,False,False,False,False,15712,64,False,512,0.0006,,21556,0,total_elems,15712,17896,1,1,,,,0.0,64,4,15712,742,158,40,,,,,,,,,,,,,,,,,,,,,,,,,,,,,,,,,,,,,,,,,,,,,,,,
49.62243995897006,absorbing,,,,,,,L,53,64,188,247,178,141,319,4,0,205,0.03403562499443069,0.04540454101515934,0.07944016600959003,0.08008599997265264,14752,31972,64,64,False,False,False,False,14752,64,False,512,0.0006,,21556,0,total_elems,14752,31972,1,1,,,,0.0,64,4,14752,718,158,40,,,,,,,,,,,,,,,,,,,,,,,,,,,,,,,,,,,,,,,,,,,,,,,,
49.72791812499054,absorbing,,,,,,,L,54,64,188,247,180,141,321,3,2,207,0.03659912501461804,0.0501444999827072,0.08674362499732524,0.08839454100234434,14944,30952,64,64,False,False,False,False,14944,64,False,512,0.0006,,21556,0,total_elems,14944,30952,1,1,,,,0.0,64,4,14944,730,158,40,,,,,,,,,,,,,,,,,,,,,,,,,,,,,,,,,,,,,,,,,,,,,,,,
49.84475933399517,absorbing,,,,,,,L,55,64,188,247,181,141,322,4,1,208,0.04396229196572676,0.05332995799835771,0.09729224996408448,0.09857812500558794,15328,31072,64,64,False,False,False,False,15328,64,False,512,0.0006,,21556,0,total_elems,15328,31072,1,1,,,,0.0,64,4,15328,754,158,40,,,,,,,,,,,,,,,,,,,,,,,,,,,,,,,,,,,,,,,,,,,,,,,,
49.948969916964415,absorbing,,,,,,,L,56,64,188,247,182,141,323,4,1,209,0.0386294589843601,0.04694987501716241,0.08557933400152251,0.08628545800456777,16288,31168,64,64,False,False,False,False,16288,64,False,512,0.0006,,21556,0,total_elems,16288,31168,1,1,,,,0.0,64,4,16288,778,158,40,,,,,,,,,,,,,,,,,,,,,,,,,,,,,,,,,,,,,,,,,,,,,,,,
50.05341449996922,absorbing,,,,,,,R,56,65,188,247,182,144,326,4,3,212,0.041882207966409624,0.0420569580164738,0.08393916598288342,0.08533358300337568,32032,31552,64,64,False,False,False,False,31552,64,False,512,0.0006,,21556,0,total_elems,32032,31552,1,1,,,,0.0,64,4,31552,868,158,40,,,,,,,,,,,,,,,,,,,,,,,,,,,,,,,,,,,,,,,,,,,,,,,,
50.17270279198419,absorbing,,,,,,,R,56,66,188,247,182,148,330,4,4,216,0.055669582972768694,0.046096667007077485,0.10176624997984618,0.10274033294990659,31552,29512,64,64,False,False,False,False,29512,64,False,512,0.0006,,21556,0,total_elems,31552,29512,1,1,,,,0.0,64,4,29512,808,158,40,,,,,,,,,,,,,,,,,,,,,,,,,,,,,,,,,,,,,,,,,,,,,,,,
50.316672583983745,absorbing,,,,,,,L,57,66,188,247,182,148,330,5,0,216,0.05625004199100658,0.07014129194431007,0.12639133393531665,0.12788520799949765,29512,29524,64,64,False,False,False,False,29512,64,False,512,0.0006,,21556,0,total_elems,29512,29524,1,1,,,,0.0,64,4,29512,808,158,40,,,,,,,,,,,,,,,,,,,,,,,,,,,,,,,,,,,,,,,,,,,,,,,,
50.42430770897772,absorbing,,,,,,,L,58,66,188,247,182,148,330,6,0,216,0.044532541010994464,0.046105291985441,0.09063783299643546,0.0911964580300264,13576,28564,64,64,False,False,False,False,13576,64,False,512,0.0006,,21556,0,total_elems,13576,28564,1,1,,,,0.0,64,4,13576,712,158,40,,,,,,,,,,,,,,,,,,,,,,,,,,,,,,,,,,,,,,,,,,,,,,,,
50.50815099995816,absorbing,,,,,,,L,59,66,188,247,182,148,330,7,0,216,0.030562707979697734,0.03589783300412819,0.06646054098382592,0.06703941704472527,8968,12628,16,64,False,False,False,False,8968,16,False,512,0.0006,,21556,0,total_elems,8968,12628,1,1,,,,0.0,16,4,8968,640,158,40,,,,,,,,,,,,,,,,,,,,,,,,,,,,,,,,,,,,,,,,,,,,,,,,
50.611732041987125,absorbing,,,,,,,R,59,67,188,247,182,153,335,3,5,221,0.054354207997675985,0.03200920904055238,0.08636341703822836,0.08697337500052527,15044,6100,63,16,False,False,False,False,6100,16,False,512,0.0006,,21556,0,total_elems,15044,6100,1,1,,,,0.0,16,4,6100,526,158,40,,,,,,,,,,,,,,,,,,,,,,,,,,,,,,,,,,,,,,,,,,,,,,,,
50.70420112495776,absorbing,,,,,,,L,60,67,188,247,185,153,338,4,3,224,0.04209387500304729,0.03334479103796184,0.07543866604100913,0.07601079199230298,6736,12688,16,64,False,False,False,False,6736,16,False,512,0.0006,,21556,0,total_elems,6736,12688,1,1,,,,0.0,16,4,6736,532,158,40,,,,,,,,,,,,,,,,,,,,,,,,,,,,,,,,,,,,,,,,,,,,,,,,
50.80459858395625,absorbing,,,,,,,R,60,68,188,247,185,156,341,7,3,227,0.03247016604291275,0.049591916031204164,0.08206208207411692,0.08277716703014448,13900,12592,64,64,False,False,False,False,12592,64,False,512,0.0006,,21556,0,total_elems,13900,12592,1,1,,,,0.0,64,4,12592,610,158,40,,,,,,,,,,,,,,,,,,,,,,,,,,,,,,,,,,,,,,,,,,,,,,,,
50.99363341694698,absorbing,,,,,,,R,60,69,188,247,185,159,344,5,3,230,0.11607708304654807,0.05379216599976644,0.1698692490463145,0.17088804201921448,28972,11608,64,64,False,False,False,False,11608,64,False,512,0.0006,,21556,0,total_elems,28972,11608,1,1,,,,0.0,64,4,11608,580,158,40,,,,,,,,,,,,,,,,,,,,,,,,,,,,,,,,,,,,,,,,,,,,,,,,
51.09632791695185,absorbing,,,,,,,R,60,70,188,247,185,161,346,8,2,232,0.04376095801126212,0.03301824996015057,0.07677920797141269,0.07744374999310821,27928,5908,64,16,False,False,False,False,5908,16,False,512,0.0006,,21556,0,total_elems,27928,5908,1,1,,,,0.0,16,4,5908,514,158,40,,,,,,,,,,,,,,,,,,,,,,,,,,,,,,,,,,,,,,,,,,,,,,,,
51.178986083948985,absorbing,,,,,,,R,60,71,188,247,185,163,348,5,2,234,0.03163320798194036,0.03199850005330518,0.06363170803524554,0.06429391703568399,13012,7072,64,16,False,False,False,False,7072,16,False,512,0.0006,,21556,0,total_elems,13012,7072,1,1,,,,0.0,16,4,7072,562,158,40,,,,,,,,,,,,,,,,,,,,,,,,,,,,,,,,,,,,,,,,,,,,,,,,
51.25903074996313,absorbing,,,,,,,L,61,71,188,247,185,163,348,7,0,234,0.031694167002569884,0.03047483297996223,0.062168999982532114,0.06274958403082564,13216,13408,64,64,False,False,False,False,13216,64,False,512,0.0006,,21556,0,total_elems,13216,13408,1,1,,,,0.0,64,4,13216,658,158,40,,,,,,,,,,,,,,,,,,,,,,,,,,,,,,,,,,,,,,,,,,,,,,,,
51.423525291960686,absorbing,,,,,,,R,61,72,188,247,185,164,349,3,1,235,0.10957316699204966,0.036841124994680285,0.14641429198672995,0.14752387499902397,29248,28768,64,64,False,False,False,False,28768,64,False,512,0.0006,,21556,0,total_elems,29248,28768,1,1,,,,0.0,64,4,28768,766,158,40,,,,,,,,,,,,,,,,,,,,,,,,,,,,,,,,,,,,,,,,,,,,,,,,
51.701795999950264,absorbing,,,,,,,L,62,72,188,247,188,164,352,4,3,238,0.2208169589866884,0.039561834011692554,0.26037879299838096,0.26094391697552055,28768,29728,64,64,False,False,False,False,28768,64,False,512,0.0006,,21556,0,total_elems,28768,29728,1,1,,,,0.0,64,4,28768,766,158,40,,,,,,,,,,,,,,,,,,,,,,,,,,,,,,,,,,,,,,,,,,,,,,,,
51.812808458984364,absorbing,,,,,,,R,62,73,188,247,188,164,352,4,0,238,0.05387091601733118,0.039245458028744906,0.09311637404607609,0.09428879199549556,44452,14752,64,64,False,False,False,False,14752,64,False,512,0.0006,,21556,0,total_elems,44452,14752,1,1,,,,0.0,64,4,14752,718,158,40,,,,,,,,,,,,,,,,,,,,,,,,,,,,,,,,,,,,,,,,,,,,,,,,
51.90367608395172,absorbing,,,,,,,R,62,74,188,247,188,165,353,4,1,239,0.04044462495949119,0.03278020798461512,0.07322483294410631,0.0737554159713909,29668,15712,64,64,False,False,False,False,15712,64,False,512,0.0006,,21556,0,total_elems,29668,15712,1,1,,,,0.0,64,4,15712,742,158,40,,,,,,,,,,,,,,,,,,,,,,,,,,,,,,,,,,,,,,,,,,,,,,,,
51.98941470897989,absorbing,,,,,,,R,62,75,188,247,188,165,353,4,0,239,0.033872875035740435,0.03429645800497383,0.06816933304071426,0.06928983400575817,15268,14176,64,64,False,False,False,False,14176,64,False,512,0.0006,,21556,0,total_elems,15268,14176,1,1,,,,0.0,64,4,14176,718,158,40,,,,,,,,,,,,,,,,,,,,,,,,,,,,,,,,,,,,,,,,,,,,,,,,
52.06903583399253,absorbing,,,,,,,R,62,76,188,247,188,166,354,4,1,240,0.03145733301062137,0.03046795801492408,0.06192529102554545,0.06302854098612443,9124,7648,16,16,False,False,False,False,7648,16,False,512,0.0006,,21556,0,total_elems,9124,7648,1,1,,,,0.0,16,4,7648,598,158,40,,,,,,,,,,,,,,,,,,,,,,,,,,,,,,,,,,,,,,,,,,,,,,,,
52.1420484999544,absorbing,,,,,,,L,63,76,188,247,189,166,355,5,1,241,0.029505375016015023,0.026776457962114364,0.05628183297812939,0.05686487501952797,8164,9028,16,16,False,False,False,False,8164,16,False,512,0.0006,,21556,0,total_elems,8164,9028,1,1,,,,0.0,16,4,8164,592,158,40,,,,,,,,,,,,,,,,,,,,,,,,,,,,,,,,,,,,,,,,,,,,,,,,
52.21666545898188,absorbing,,,,,,,R,63,77,188,247,189,166,355,6,0,241,0.02887504198588431,0.02856245799921453,0.05743749998509884,0.057968500012066215,8224,8200,16,16,False,False,False,False,8200,16,False,512,0.0006,,21556,0,total_elems,8224,8200,1,1,,,,0.0,16,4,8200,592,158,40,,,,,,,,,,,,,,,,,,,,,,,,,,,,,,,,,,,,,,,,,,,,,,,,
52.295075458998326,absorbing,,,,,,,L,64,77,188,247,191,166,357,4,2,243,0.030250417010392994,0.030535708006937057,0.06078612501733005,0.0613345829769969,8224,9568,16,16,False,False,False,False,8224,16,False,512,0.0006,,21556,0,total_elems,8224,9568,1,1,,,,0.0,16,4,8224,598,158,40,,,,,,,,,,,,,,,,,,,,,,,,,,,,,,,,,,,,,,,,,,,,,,,,
52.374531458946876,absorbing,,,,,,,L,65,77,188,247,193,166,359,3,2,245,0.031145584012847394,0.03072687500389293,0.06187245901674032,0.06243050005286932,8704,9508,16,16,False,False,False,False,8704,16,False,512,0.0006,,21556,0,total_elems,8704,9508,1,1,,,,0.0,16,4,8704,628,158,40,,,,,,,,,,,,,,,,,,,,,,,,,,,,,,,,,,,,,,,,,,,,,,,,
52.46093787497375,absorbing,,,,,,,R,65,78,188,247,193,166,359,6,0,245,0.03906995797296986,0.0298660839907825,0.06893604196375236,0.06952837499557063,14044,9664,64,16,False,False,False,False,9664,16,False,512,0.0006,,21556,0,total_elems,14044,9664,1,1,,,,0.0,16,4,9664,652,158,40,,,,,,,,,,,,,,,,,,,,,,,,,,,,,,,,,,,,,,,,,,,,,,,,
52.55327395896893,absorbing,,,,,,,R,65,79,188,247,193,168,361,3,2,247,0.04089408402796835,0.03440862498246133,0.07530270901042968,0.07583437499124557,15004,14212,64,64,False,False,False,False,14212,64,False,512,0.0006,,21556,0,total_elems,15004,14212,1,1,,,,0.0,64,4,14212,718,158,40,,,,,,,,,,,,,,,,,,,,,,,,,,,,,,,,,,,,,,,,,,,,,,,,
52.63849616696825,absorbing,,,,,,,R,65,80,188,247,193,168,361,4,0,247,0.040694666968192905,0.027100417006295174,0.06779508397448808,0.06832816696260124,14908,12928,64,64,False,False,False,False,12928,64,False,512,0.0006,,21556,0,total_elems,14908,12928,1,1,,,,0.0,64,4,12928,676,158,40,,,,,,,,,,,,,,,,,,,,,,,,,,,,,,,,,,,,,,,,,,,,,,,,
52.72664437495405,absorbing,,,,,,,R,65,81,188,247,193,171,364,2,3,250,0.03891737497178838,0.031968166993465275,0.07088554196525365,0.07143654196988791,12412,12064,64,64,False,False,False,False,12064,64,False,512,0.0006,,21556,0,total_elems,12412,12064,1,1,,,,0.0,64,4,12064,658,158,40,,,,,,,,,,,,,,,,,,,,,,,,,,,,,,,,,,,,,,,,,,,,,,,,
52.817024208954535,absorbing,,,,,,,L,66,81,188,247,197,171,368,2,4,254,0.03833274997305125,0.03415116696851328,0.07248391694156453,0.07301904098130763,10780,12448,64,64,False,False,False,False,10780,64,False,512,0.0006,,21556,0,total_elems,10780,12448,1,1,,,,0.0,64,4,10780,616,158,40,,,,,,,,,,,,,,,,,,,,,,,,,,,,,,,,,,,,,,,,,,,,,,,,
52.896179542003665,absorbing,,,,,,,R,66,82,188,247,197,174,371,2,3,257,0.02674629195826128,0.03468445799080655,0.06143074994906783,0.06219683401286602,11164,10780,64,64,False,False,False,False,10780,64,False,512,0.0006,,21556,0,total_elems,11164,10780,1,1,,,,0.0,64,4,10780,616,158,40,,,,,,,,,,,,,,,,,,,,,,,,,,,,,,,,,,,,,,,,,,,,,,,,
52.96877337497426,absorbing,,,,,,,R,66,83,188,247,197,174,371,5,0,257,0.026922542019747198,0.027991708018817008,0.054914250038564205,0.05545791698386893,11164,6940,64,16,False,False,False,False,6940,16,False,512,0.0006,,21556,0,total_elems,11164,6940,1,1,,,,0.0,16,4,6940,592,158,40,,,,,,,,,,,,,,,,,,,,,,,,,,,,,,,,,,,,,,,,,,,,,,,,
53.034810708952136,absorbing,,,,,,,L,67,83,188,247,197,174,371,5,0,257,0.023066333029419184,0.024670167011208832,0.047736500040628016,0.04888187500182539,6940,8860,16,16,False,False,False,False,6940,16,False,512,0.0006,,21556,0,total_elems,6940,8860,1,1,,,,0.0,16,4,6940,592,158,40,,,,,,,,,,,,,,,,,,,,,,,,,,,,,,,,,,,,,,,,,,,,,,,,
53.10278587497305,absorbing,,,,,,,R,67,84,188,247,197,175,372,4,1,258,0.025906583003234118,0.024605250044260174,0.05051183304749429,0.051029291993472725,9304,7708,16,16,False,False,False,False,7708,16,False,512,0.0006,,21556,0,total_elems,9304,7708,1,1,,,,0.0,16,4,7708,640,158,40,,,,,,,,,,,,,,,,,,,,,,,,,,,,,,,,,,,,,,,,,,,,,,,,
53.17492945899721,absorbing,,,,,,,L,68,84,188,247,199,175,374,5,2,260,0.030250333016738296,0.024287457985337824,0.05453779100207612,0.05506637500366196,7768,11068,16,16,False,False,False,False,7768,16,False,512,0.0006,,21556,0,total_elems,7768,11068,1,1,,,,0.0,16,4,7768,646,158,40,,,,,,,,,,,,,,,,,,,,,,,,,,,,,,,,,,,,,,,,,,,,,,,,
53.24622162495507,absorbing,,,,,,,R,68,85,188,247,199,176,375,4,1,261,0.02859266597079113,0.024616167007479817,0.05320883297827095,0.05388766701798886,8272,8248,16,16,False,False,False,False,8248,16,False,512,0.0006,,21556,0,total_elems,8272,8248,1,1,,,,0.0,16,4,8248,640,158,40,,,,,,,,,,,,,,,,,,,,,,,,,,,,,,,,,,,,,,,,,,,,,,,,
53.31652354198741,absorbing,,,,,,,L,69,85,188,247,201,176,377,5,2,263,0.029825457953847945,0.022866666957270354,0.0526921249111183,0.053216832980979234,8368,10744,16,16,False,False,False,False,8368,16,False,512,0.0006,,21556,0,total_elems,8368,10744,1,1,,,,0.0,16,4,8368,652,158,40,,,,,,,,,,,,,,,,,,,,,,,,,,,,,,,,,,,,,,,,,,,,,,,,
53.40563170897076,absorbing,,,,,,,R,69,86,188,247,201,176,377,3,0,263,0.04457766702398658,0.022408417018596083,0.06698608404258266,0.06753137498162687,37360,10288,64,16,False,False,False,False,10288,16,False,512,0.0006,,21556,0,total_elems,37360,10288,1,1,,,,0.0,16,4,10288,700,158,40,,,,,,,,,,,,,,,,,,,,,,,,,,,,,,,,,,,,,,,,,,,,,,,,
53.505365291959606,absorbing,,,,,,,R,69,87,188,247,201,176,377,3,0,263,0.053496417007409036,0.027033291989937425,0.08052970899734646,0.08214808296179399,38320,17392,64,64,False,False,False,False,17392,64,False,512,0.0006,,21556,0,total_elems,38320,17392,1,1,,,,0.0,64,4,17392,820,158,40,,,,,,,,,,,,,,,,,,,,,,,,,,,,,,,,,,,,,,,,,,,,,,,,
53.66552312497515,absorbing,,,,,,,R,69,88,188,247,201,177,378,3,1,264,0.09837962500751019,0.043157874955795705,0.1415374999633059,0.14275549998274073,39280,33328,64,64,False,False,False,False,33328,64,False,512,0.0006,,21556,0,total_elems,39280,33328,1,1,,,,0.0,64,4,33328,916,158,40,,,,,,,,,,,,,,,,,,,,,,,,,,,,,,,,,,,,,,,,,,,,,,,,
53.907907749991864,absorbing,,,,,,,R,69,89,188,247,201,177,378,5,0,264,0.17736595799215138,0.04614533297717571,0.2235112909693271,0.22452791698742658,55216,49648,64,64,False,False,False,False,49648,64,False,512,0.0006,,21556,0,total_elems,55216,49648,1,1,,,,0.0,64,4,49648,1036,158,40,,,,,,,,,,,,,,,,,,,,,,,,,,,,,,,,,,,,,,,,,,,,,,,,
54.17660316696856,absorbing,,,,,,,R,69,90,188,247,201,181,382,3,4,268,0.1874489159672521,0.06296662497334182,0.25041554094059393,0.2511443339753896,71536,65968,64,64,False,False,False,False,65968,64,False,512,0.0006,,21556,0,total_elems,71536,65968,1,1,,,,0.0,64,4,65968,1156,158,40,,,,,,,,,,,,,,,,,,,,,,,,,,,,,,,,,,,,,,,,,,,,,,,,
54.5295527499984,absorbing,,,,,,,R,69,91,188,247,201,182,383,5,1,269,0.258965665998403,0.07485091697890311,0.3338165829773061,0.3350615829695016,87856,67888,64,64,False,False,False,False,67888,64,False,512,0.0006,,21556,0,total_elems,87856,67888,1,1,,,,0.0,64,4,67888,1204,158,40,,,,,,,,,,,,,,,,,,,,,,,,,,,,,,,,,,,,,,,,,,,,,,,,
54.92368491698289,absorbing,,,,,,,L,70,91,188,247,203,182,385,5,2,271,0.26512279198504984,0.1099702920182608,0.37509308400331065,0.3757179999956861,89488,169396,64,256,False,False,False,False,89488,64,False,512,0.0006,,21556,0,total_elems,89488,169396,1,1,,,,0.0,64,4,89488,1402,158,40,,,,,,,,,,,,,,,,,,,,,,,,,,,,,,,,,,,,,,,,,,,,,,,,
55.13046649994794,absorbing,,,,,,,R,70,92,188,247,203,184,387,6,2,273,0.07371062500169501,0.11386808397946879,0.1875787089811638,0.18815208302112296,97552,92656,64,64,False,False,False,False,92656,64,False,512,0.0006,,21556,0,total_elems,97552,92656,1,1,,,,0.0,64,4,92656,1492,158,40,,,,,,,,,,,,,,,,,,,,,,,,,,,,,,,,,,,,,,,,,,,,,,,,
55.37009366694838,absorbing,,,,,,,L,71,92,188,247,204,184,388,6,1,274,0.08841979200951755,0.13162483397172764,0.2200446259812452,0.22058879100950435,100720,125488,64,64,False,False,False,False,100720,64,False,512,0.0006,,21556,0,total_elems,100720,125488,1,1,,,,0.0,64,4,100720,1636,158,40,,,,,,,,,,,,,,,,,,,,,,,,,,,,,,,,,,,,,,,,,,,,,,,,
55.6275463749771,absorbing,,,,,,,L,72,92,188,247,206,184,390,6,2,276,0.1056995420367457,0.13167154096299782,0.23737108299974352,0.23866087500937283,100780,127792,64,64,False,False,False,False,100780,64,False,512,0.0006,,21556,0,total_elems,100780,127792,1,1,,,,0.0,64,4,100780,1642,158,40,,,,,,,,,,,,,,,,,,,,,,,,,,,,,,,,,,,,,,,,,,,,,,,,
55.87010012497194,absorbing,,,,,,,L,73,92,188,247,207,184,391,7,1,277,0.09825770801398903,0.12433562497608364,0.22259333299007267,0.22365462500602007,88492,118636,64,64,False,False,False,False,88492,64,False,512,0.0006,,21556,0,total_elems,88492,118636,1,1,,,,0.0,64,4,88492,1594,158,40,,,,,,,,,,,,,,,,,,,,,,,,,,,,,,,,,,,,,,,,,,,,,,,,
56.10771845898125,absorbing,,,,,,,L,74,92,188,247,209,184,393,5,2,279,0.10063299996545538,0.11754258297150955,0.21817558293696493,0.21914975001709536,92524,104812,64,64,False,False,False,False,92524,64,False,512,0.0006,,21556,0,total_elems,92524,104812,1,1,,,,0.0,64,4,92524,1810,158,40,,,,,,,,,,,,,,,,,,,,,,,,,,,,,,,,,,,,,,,,,,,,,,,,
56.31691470899386,absorbing,,,,,,,L,75,92,188,247,209,184,393,8,0,279,0.09460125002078712,0.0939272089744918,0.18852845899527892,0.18965791596565396,90988,118060,64,64,False,False,False,False,90988,64,False,512,0.0006,,21556,0,total_elems,90988,118060,1,1,,,,0.0,64,4,90988,1786,158,40,,,,,,,,,,,,,,,,,,,,,,,,,,,,,,,,,,,,,,,,,,,,,,,,
56.528614416951314,absorbing,,,,,,,R,75,93,188,247,209,184,393,7,0,279,0.10665791702922434,0.08554199995705858,0.19219991698628291,0.19329516700236127,130540,111916,64,64,False,False,False,False,111916,64,False,512,0.0006,,21556,0,total_elems,130540,111916,1,1,,,,0.0,64,4,111916,1834,158,40,,,,,,,,,,,,,,,,,,,,,,,,,,,,,,,,,,,,,,,,,,,,,,,,
56.819147458998486,absorbing,,,,,,,R,75,94,188,247,209,186,395,3,2,281,0.12448012497043237,0.14471616700757295,0.2691962919780053,0.2703245829907246,149356,110956,64,64,False,False,False,False,110956,64,False,512,0.0006,,21556,0,total_elems,149356,110956,1,1,,,,0.0,64,4,110956,1810,158,40,,,,,,,,,,,,,,,,,,,,,,,,,,,,,,,,,,,,,,,,,,,,,,,,
57.121661708981264,absorbing,,,,,,,R,75,95,188,247,209,190,399,4,4,285,0.12445070798275992,0.14750491705490276,0.2719556250376627,0.2735031670308672,147820,85360,64,64,False,False,False,False,85360,64,False,512,0.0006,,21556,0,total_elems,147820,85360,1,1,,,,0.0,64,4,85360,1684,158,40,,,,,,,,,,,,,,,,,,,,,,,,,,,,,,,,,,,,,,,,,,,,,,,,
57.33079149998957,absorbing,,,,,,,R,75,96,188,247,209,193,402,5,3,288,0.09912445902591571,0.08973675000015646,0.18886120902607217,0.18941120896488428,123184,69940,64,64,False,False,False,False,69940,64,False,512,0.0006,,21556,0,total_elems,123184,69940,1,1,,,,0.0,64,4,69940,1582,158,40,,,,,,,,,,,,,,,,,,,,,,,,,,,,,,,,,,,,,,,,,,,,,,,,
57.545957166992594,absorbing,,,,,,,R,75,97,188,247,209,196,405,5,3,291,0.10629949998110533,0.08942174998810515,0.19572124996921048,0.19632425002055243,103156,84280,64,64,False,False,False,False,84280,64,False,512,0.0006,,21556,0,total_elems,103156,84280,1,1,,,,0.0,64,4,84280,1648,158,40,,,,,,,,,,,,,,,,,,,,,,,,,,,,,,,,,,,,,,,,,,,,,,,,
57.77273649995914,absorbing,,,,,,,L,76,97,188,247,212,196,408,7,3,294,0.12364825000986457,0.08407574996817857,0.20772399997804314,0.20832562498981133,102136,108736,64,64,False,False,False,False,102136,64,False,512,0.0006,,21556,0,total_elems,102136,108736,1,1,,,,0.0,64,4,102136,1648,158,40,,,,,,,,,,,,,,,,,,,,,,,,,,,,,,,,,,,,,,,,,,,,,,,,
58.065780083998106,absorbing,,,,,,,L,77,97,188,247,212,196,408,10,0,294,0.14044279203517362,0.13300120894564316,0.2734440009808168,0.27451108302921057,195896,199808,255,255,False,False,False,False,195896,255,False,512,0.0006,,21556,0,total_elems,195896,199808,1,1,,,,0.0,255,4,195896,1958,158,40,,,,,,,,,,,,,,,,,,,,,,,,,,,,,,,,,,,,,,,,,,,,,,,,
58.5488317499985,absorbing,,,,,,,L,78,97,188,247,215,196,411,5,3,297,0.21547066600760445,0.24768370896345004,0.4631543749710545,0.46437404199969023,209400,435672,254,254,False,False,False,False,209400,254,False,512,0.0006,,21556,0,total_elems,209400,435672,1,1,,,,0.0,254,4,209400,2004,158,40,,,,,,,,,,,,,,,,,,,,,,,,,,,,,,,,,,,,,,,,,,,,,,,,
58.98078624997288,absorbing,,,,,,,L,79,97,188,247,217,196,413,7,2,299,0.16016654198756441,0.25101195799652487,0.4111784999840893,0.4123163329786621,111160,448800,64,254,False,False,False,False,111160,64,False,512,0.0006,,21556,0,total_elems,111160,448800,1,1,,,,0.0,64,4,111160,1600,158,40,,,,,,,,,,,,,,,,,,,,,,,,,,,,,,,,,,,,,,,,,,,,,,,,
59.314336916955654,absorbing,,,,,,,L,80,97,188,247,222,196,418,3,5,304,0.1861825410160236,0.12779800000134856,0.31398054101737216,0.31459862494375557,48436,208000,64,254,False,False,False,False,48436,64,False,512,0.0006,,21556,0,total_elems,48436,208000,1,1,,,,0.0,64,4,48436,1174,158,40,,,,,,,,,,,,,,,,,,,,,,,,,,,,,,,,,,,,,,,,,,,,,,,,
59.43656491697766,absorbing,,,,,,,L,81,97,188,247,224,196,420,9,2,306,0.04842729103984311,0.05409945797873661,0.10252674901857972,0.10356904100626707,49972,63356,64,64,False,False,False,False,49972,64,False,512,0.0006,,21556,0,total_elems,49972,63356,1,1,,,,0.0,64,4,49972,1198,158,40,,,,,,,,,,,,,,,,,,,,,,,,,,,,,,,,,,,,,,,,,,,,,,,,
59.581713291991036,absorbing,,,,,,,R,81,98,188,247,224,199,423,4,3,309,0.06498683395329863,0.06079362501623109,0.12578045896952972,0.12687108397949487,81136,64892,64,64,False,False,False,False,64892,64,False,512,0.0006,,21556,0,total_elems,81136,64892,1,1,,,,0.0,64,4,64892,1280,158,40,,,,,,,,,,,,,,,,,,,,,,,,,,,,,,,,,,,,,,,,,,,,,,,,
59.746586374996696,absorbing,,,,,,,R,81,99,188,247,224,200,424,3,1,310,0.0820298750186339,0.06340620800619945,0.14543608302483335,0.14652941602980718,96440,64868,64,64,False,False,False,False,64868,64,False,512,0.0006,,21556,0,total_elems,96440,64868,1,1,,,,0.0,64,4,64868,1274,158,40,,,,,,,,,,,,,,,,,,,,,,,,,,,,,,,,,,,,,,,,,,,,,,,,
59.90986183396308,absorbing,,,,,,,R,81,100,188,247,224,200,424,3,0,310,0.08824829198420048,0.05470204201992601,0.1429503340041265,0.1440152499708347,96416,59108,64,64,False,False,False,False,59108,64,False,512,0.0006,,21556,0,total_elems,96416,59108,1,1,,,,0.0,64,4,59108,1202,158,40,,,,,,,,,,,,,,,,,,,,,,,,,,,,,,,,,,,,,,,,,,,,,,,,
60.12693374999799,absorbing,,,,,,,R,81,101,188,247,224,201,425,3,1,311,0.1435345000354573,0.054281916993204504,0.19781641702866182,0.19840004201978445,80672,62756,64,64,False,False,False,False,62756,64,False,512,0.0006,,21556,0,total_elems,80672,62756,1,1,,,,0.0,64,4,62756,1250,158,40,,,,,,,,,,,,,,,,,,,,,,,,,,,,,,,,,,,,,,,,,,,,,,,,
60.30113520898158,absorbing,,,,,,,L,82,101,188,247,226,201,427,8,2,313,0.08562508400063962,0.06859695899765939,0.154222042998299,0.15482649998739362,79712,86756,64,64,False,False,False,False,79712,64,False,512,0.0006,,21556,0,total_elems,79712,86756,1,1,,,,0.0,64,4,79712,1376,158,40,,,,,,,,,,,,,,,,,,,,,,,,,,,,,,,,,,,,,,,,,,,,,,,,
60.52490483399015,absorbing,,,,,,,L,83,101,188,247,229,201,430,4,3,316,0.13128237501950935,0.07224762497935444,0.2035299999988638,0.20407241699285805,89692,103520,64,64,False,False,False,False,89692,64,False,512,0.0006,,21556,0,total_elems,89692,103520,1,1,,,,0.0,64,4,89692,1552,158,40,,,,,,,,,,,,,,,,,,,,,,,,,,,,,,,,,,,,,,,,,,,,,,,,
60.703434791998006,absorbing,,,,,,,L,84,101,188,247,231,201,432,6,2,318,0.07565887499367818,0.08284687501145527,0.15850575000513345,0.15959445800399408,89812,113692,64,64,False,False,False,False,89812,64,False,512,0.0006,,21556,0,total_elems,89812,113692,1,1,,,,0.0,64,4,89812,1564,158,40,,,,,,,,,,,,,,,,,,,,,,,,,,,,,,,,,,,,,,,,,,,,,,,,
60.88472258398542,absorbing,,,,,,,L,85,101,188,247,234,201,435,6,3,321,0.07584245799807832,0.08584433398209512,0.16168679198017344,0.1623591670067981,61360,112852,64,64,False,False,False,False,61360,64,False,512,0.0006,,21556,0,total_elems,61360,112852,1,1,,,,0.0,64,4,61360,1366,158,40,,,,,,,,,,,,,,,,,,,,,,,,,,,,,,,,,,,,,,,,,,,,,,,,
61.04234295897186,absorbing,,,,,,,L,86,101,188,247,236,201,437,7,2,323,0.07211908302269876,0.0647957079927437,0.13691479101544246,0.1377332920092158,55168,75376,64,64,False,False,False,False,55168,64,False,512,0.0006,,21556,0,total_elems,55168,75376,1,1,,,,0.0,64,4,55168,1390,158,40,,,,,,,,,,,,,,,,,,,,,,,,,,,,,,,,,,,,,,,,,,,,,,,,
61.1885930839926,absorbing,,,,,,,L,87,101,188,247,237,201,438,9,1,324,0.0591641670325771,0.06722562498180196,0.12638979201437905,0.12696495797717944,36908,67888,32,64,False,False,False,False,36908,32,False,512,0.0006,,21556,0,total_elems,36908,67888,1,1,,,,0.0,32,4,36908,1178,158,40,,,,,,,,,,,,,,,,,,,,,,,,,,,,,,,,,,,,,,,,,,,,,,,,
61.343898624996655,absorbing,,,,,,,R,87,102,188,247,237,202,439,3,1,325,0.08652012498350814,0.048403624969068915,0.13492374995257705,0.1354953339905478,96556,41260,128,64,False,False,False,False,41260,64,False,512,0.0006,,21556,0,total_elems,96556,41260,1,1,,,,0.0,64,4,41260,1246,158,40,,,,,,,,,,,,,,,,,,,,,,,,,,,,,,,,,,,,,,,,,,,,,,,,
61.49151570897084,absorbing,,,,,,,R,87,103,188,247,237,202,439,3,0,325,0.07730550004635006,0.04912375001003966,0.12642925005638972,0.12754787498852238,101164,41260,128,64,False,False,False,False,41260,64,False,512,0.0006,,21556,0,total_elems,101164,41260,1,1,,,,0.0,64,4,41260,1294,158,40,,,,,,,,,,,,,,,,,,,,,,,,,,,,,,,,,,,,,,,,,,,,,,,,
61.638156749948394,absorbing,,,,,,,R,87,104,188,247,237,205,442,2,3,328,0.06857200001832098,0.05799458402907476,0.12656658404739574,0.12748708302387968,79660,61228,64,64,False,False,False,False,61228,64,False,512,0.0006,,21556,0,total_elems,79660,61228,1,1,,,,0.0,64,4,61228,1390,158,40,,,,,,,,,,,,,,,,,,,,,,,,,,,,,,,,,,,,,,,,,,,,,,,,
61.809240874950774,absorbing,,,,,,,R,87,105,188,247,237,205,442,5,0,328,0.0817758750054054,0.06897804199252278,0.15075391699792817,0.15133995900396258,86316,55596,128,64,False,False,False,False,55596,64,False,512,0.0006,,21556,0,total_elems,86316,55596,1,1,,,,0.0,64,4,55596,1266,158,40,,,,,,,,,,,,,,,,,,,,,,,,,,,,,,,,,,,,,,,,,,,,,,,,
61.99282245896757,absorbing,,,,,,,R,87,106,188,247,237,207,444,5,2,330,0.08400170900858939,0.07966129202395678,0.16366300103254616,0.16438070801086724,86572,55404,128,64,False,False,False,False,55404,64,False,512,0.0006,,21556,0,total_elems,86572,55404,1,1,,,,0.0,64,4,55404,1250,158,40,,,,,,,,,,,,,,,,,,,,,,,,,,,,,,,,,,,,,,,,,,,,,,,,
62.13865120895207,absorbing,,,,,,,R,87,107,188,247,237,208,445,4,1,331,0.07509550004033372,0.04898091603536159,0.1240764160756953,0.1252434159978293,86380,49228,64,64,False,False,False,False,49228,64,False,512,0.0006,,21556,0,total_elems,86380,49228,1,1,,,,0.0,64,4,49228,1152,158,40,,,,,,,,,,,,,,,,,,,,,,,,,,,,,,,,,,,,,,,,,,,,,,,,
62.284990083950106,absorbing,,,,,,,R,87,108,188,247,237,209,446,6,1,332,0.06820437498390675,0.0575238749734126,0.12572824995731935,0.12686466600280255,71564,56716,64,64,False,False,False,False,56716,64,False,512,0.0006,,21556,0,total_elems,71564,56716,1,1,,,,0.0,64,4,56716,1206,158,40,,,,,,,,,,,,,,,,,,,,,,,,,,,,,,,,,,,,,,,,,,,,,,,,
62.47184004198061,absorbing,,,,,,,R,87,109,188,247,237,210,447,5,1,333,0.07315158296842128,0.09143566701095551,0.1645872499793768,0.16590562497731298,62828,37364,64,64,False,False,False,False,37364,64,False,512,0.0006,,21556,0,total_elems,62828,37364,1,1,,,,0.0,64,4,37364,1090,158,40,,,,,,,,,,,,,,,,,,,,,,,,,,,,,,,,,,,,,,,,,,,,,,,,
62.59906924999086,absorbing,,,,,,,R,87,110,188,247,237,211,448,6,1,334,0.06174662499688566,0.04429325001547113,0.10603987501235679,0.10657783399801701,36948,21944,64,32,False,False,False,False,21944,32,False,512,0.0006,,21556,0,total_elems,36948,21944,1,1,,,,0.0,32,4,21944,892,158,40,,,,,,,,,,,,,,,,,,,,,,,,,,,,,,,,,,,,,,,,,,,,,,,,
62.71831645898055,absorbing,,,,,,,L,88,110,188,247,241,211,452,6,4,338,0.05934037500992417,0.037464332999661565,0.09680470800958574,0.09855008299928159,27612,30848,64,64,False,False,False,False,27612,64,False,512,0.0006,,21556,0,total_elems,27612,30848,1,1,,,,0.0,64,4,27612,980,158,40,,,,,,,,,,,,,,,,,,,,,,,,,,,,,,,,,,,,,,,,,,,,,,,,
62.82194399996661,absorbing,,,,,,,L,89,110,188,247,243,211,454,6,2,340,0.03882279200479388,0.04436020803404972,0.0831830000388436,0.0842968340148218,28212,42372,64,64,False,False,False,False,28212,64,False,512,0.0006,,21556,0,total_elems,28212,42372,1,1,,,,0.0,64,4,28212,1022,158,40,,,,,,,,,,,,,,,,,,,,,,,,,,,,,,,,,,,,,,,,,,,,,,,,
62.95037387497723,absorbing,,,,,,,L,90,110,188,247,245,211,456,7,2,342,0.06266620801761746,0.04424550000112504,0.1069117080187425,0.10816850000992417,15188,44088,32,64,False,False,False,False,15188,32,False,512,0.0006,,21556,0,total_elems,15188,44088,1,1,,,,0.0,32,4,15188,856,158,40,,,,,,,,,,,,,,,,,,,,,,,,,,,,,,,,,,,,,,,,,,,,,,,,
63.03898037498584,absorbing,,,,,,,R,90,111,188,247,245,212,457,6,1,343,0.03691379202064127,0.031090208038222045,0.06800400005886331,0.06866641697706655,20052,16600,64,32,False,False,False,False,16600,32,False,512,0.0006,,21556,0,total_elems,20052,16600,1,1,,,,0.0,32,4,16600,870,158,40,,,,,,,,,,,,,,,,,,,,,,,,,,,,,,,,,,,,,,,,,,,,,,,,
63.1371006249683,absorbing,,,,,,,R,90,112,188,247,245,212,457,7,0,343,0.04032058297889307,0.03719624999212101,0.07751683297101408,0.07807674998184666,22488,20568,64,64,False,False,False,False,20568,64,False,512,0.0006,,21556,0,total_elems,22488,20568,1,1,,,,0.0,64,4,20568,910,158,40,,,,,,,,,,,,,,,,,,,,,,,,,,,,,,,,,,,,,,,,,,,,,,,,
63.246304959000554,absorbing,,,,,,,L,91,112,188,247,248,212,460,7,3,346,0.04266766697401181,0.045413291023578495,0.0880809579975903,0.08891995903104544,27928,41880,64,64,False,False,False,False,27928,64,False,512,0.0006,,21556,0,total_elems,27928,41880,1,1,,,,0.0,64,4,27928,1022,158,40,,,,,,,,,,,,,,,,,,,,,,,,,,,,,,,,,,,,,,,,,,,,,,,,
63.356763916963246,absorbing,,,,,,,L,92,112,188,247,249,212,461,10,1,347,0.03744320903206244,0.05184041697066277,0.08928362600272521,0.09055400005308911,23576,59416,64,64,False,False,False,False,23576,64,False,512,0.0006,,21556,0,total_elems,23576,59416,1,1,,,,0.0,64,4,23576,974,158,40,,,,,,,,,,,,,,,,,,,,,,,,,,,,,,,,,,,,,,,,,,,,,,,,
63.47179891698761,absorbing,,,,,,,L,93,112,188,247,251,212,463,8,2,349,0.051773375016637146,0.042314917023759335,0.09408829204039648,0.09470250003505498,44624,45464,64,64,False,False,False,False,44624,64,False,512,0.0006,,21556,0,total_elems,44624,45464,1,1,,,,0.0,64,4,44624,1226,158,40,,,,,,,,,,,,,,,,,,,,,,,,,,,,,,,,,,,,,,,,,,,,,,,,
63.61112754198257,absorbing,,,,,,,L,94,112,188,247,253,212,465,8,2,351,0.07131162501173094,0.04573312494903803,0.11704474996076897,0.11761054198723286,45548,46608,64,64,False,False,False,False,45548,64,False,512,0.0006,,21556,0,total_elems,45548,46608,1,1,,,,0.0,64,4,45548,1262,158,40,,,,,,,,,,,,,,,,,,,,,,,,,,,,,,,,,,,,,,,,,,,,,,,,
63.7512582920026,absorbing,,,,,,,R,94,113,188,247,253,213,466,6,1,352,0.0720033329562284,0.04778037499636412,0.11978370795259252,0.12036724999779835,65128,47148,64,64,False,False,False,False,47148,64,False,512,0.0006,,21556,0,total_elems,65128,47148,1,1,,,,0.0,64,4,47148,1270,158,40,,,,,,,,,,,,,,,,,,,,,,,,,,,,,,,,,,,,,,,,,,,,,,,,
63.90196066698991,absorbing,,,,,,,R,94,114,188,247,253,214,467,4,1,353,0.07338683301350102,0.05577133398037404,0.12915816699387506,0.1297430829727091,65384,28396,64,64,False,False,False,False,28396,64,False,512,0.0006,,21556,0,total_elems,65384,28396,1,1,,,,0.0,64,4,28396,1118,158,40,,,,,,,,,,,,,,,,,,,,,,,,,,,,,,,,,,,,,,,,,,,,,,,,
64.01408795895986,absorbing,,,,,,,R,94,115,188,247,253,217,470,1,3,356,0.05188016698230058,0.03906795900547877,0.09094812598777935,0.09151100000599399,36456,20892,64,32,False,False,False,False,20892,32,False,512,0.0006,,21556,0,total_elems,36456,20892,1,1,,,,0.0,32,4,20892,988,158,40,,,,,,,,,,,,,,,,,,,,,,,,,,,,,,,,,,,,,,,,,,,,,,,,
64.11645170894917,absorbing,,,,,,,L,95,115,188,247,257,217,474,4,4,360,0.05165429098997265,0.029541125055402517,0.08119541604537517,0.08173483400605619,25144,26804,64,64,False,False,False,False,25144,64,False,512,0.0006,,21556,0,total_elems,25144,26804,1,1,,,,0.0,64,4,25144,1070,158,40,,,,,,,,,,,,,,,,,,,,,,,,,,,,,,,,,,,,,,,,,,,,,,,,
64.20775087497896,absorbing,,,,,,,L,96,115,188,247,260,217,477,6,3,363,0.039708000025711954,0.030849500035401434,0.07055750006111339,0.07113141601439565,24676,32072,64,64,False,False,False,False,24676,64,False,512,0.0006,,21556,0,total_elems,24676,32072,1,1,,,,0.0,64,4,24676,1074,158,40,,,,,,,,,,,,,,,,,,,,,,,,,,,,,,,,,,,,,,,,,,,,,,,,
64.32804691698402,absorbing,,,,,,,R,96,116,188,247,260,217,477,4,0,363,0.06752645899541676,0.031029542034957558,0.09855600103037432,0.09965925000142306,58596,25444,64,64,False,False,False,False,25444,64,False,512,0.0006,,21556,0,total_elems,58596,25444,1,1,,,,0.0,64,4,25444,1062,158,40,,,,,,,,,,,,,,,,,,,,,,,,,,,,,,,,,,,,,,,,,,,,,,,,
64.46083420899231,absorbing,,,,,,,R,96,117,188,247,260,220,480,3,3,366,0.06944250001106411,0.04147591697983444,0.11091841699089855,0.11200408398872241,58884,37636,64,64,False,False,False,False,37636,64,False,512,0.0006,,21556,0,total_elems,58884,37636,1,1,,,,0.0,64,4,37636,1246,158,40,,,,,,,,,,,,,,,,,,,,,,,,,,,,,,,,,,,,,,,,,,,,,,,,
64.61477441695752,absorbing,,,,,,,R,96,118,188,247,260,221,481,4,1,367,0.07251625001663342,0.059108750021550804,0.13162500003818423,0.1327166249975562,64740,62212,64,64,False,False,False,False,62212,64,False,512,0.0006,,21556,0,total_elems,64740,62212,1,1,,,,0.0,64,4,62212,1342,158,40,,,,,,,,,,,,,,,,,,,,,,,,,,,,,,,,,,,,,,,,,,,,,,,,
64.8100266669644,absorbing,,,,,,,R,96,119,188,247,260,222,482,6,1,368,0.09681441698921844,0.07271949999267235,0.1695339169818908,0.17058445903239772,80100,53572,64,64,False,False,False,False,53572,64,False,512,0.0006,,21556,0,total_elems,80100,53572,1,1,,,,0.0,64,4,53572,1198,158,40,,,,,,,,,,,,,,,,,,,,,,,,,,,,,,,,,,,,,,,,,,,,,,,,
64.96490270894719,absorbing,,,,,,,R,96,120,188,247,260,223,483,5,1,369,0.08378991700010374,0.05003833398222923,0.13382825098233297,0.13437866599997506,67044,50916,64,64,False,False,False,False,50916,64,False,512,0.0006,,21556,0,total_elems,67044,50916,1,1,,,,0.0,64,4,50916,1114,158,40,,,,,,,,,,,,,,,,,,,,,,,,,,,,,,,,,,,,,,,,,,,,,,,,
65.11860387498746,absorbing,,,,,,,R,96,121,188,247,260,225,485,5,2,371,0.07768533402122557,0.05367820803076029,0.13136354205198586,0.1332527089980431,56004,50404,64,64,False,False,False,False,50404,64,False,512,0.0006,,21556,0,total_elems,56004,50404,1,1,,,,0.0,64,4,50404,1122,158,40,,,,,,,,,,,,,,,,,,,,,,,,,,,,,,,,,,,,,,,,,,,,,,,,
65.27314833400305,absorbing,,,,,,,R,96,122,188,247,260,227,487,6,2,373,0.08195499994326383,0.05079912499058992,0.13275412493385375,0.1336383749730885,56764,49120,64,64,False,False,False,False,49120,64,False,512,0.0006,,21556,0,total_elems,56764,49120,1,1,,,,0.0,64,4,49120,1058,158,40,,,,,,,,,,,,,,,,,,,,,,,,,,,,,,,,,,,,,,,,,,,,,,,,
65.42757562495535,absorbing,,,,,,,R,96,123,188,247,260,229,489,4,2,375,0.08130479196552187,0.05084250000072643,0.1321472919662483,0.13298366602975875,53164,51040,64,64,False,False,False,False,51040,64,False,512,0.0006,,21556,0,total_elems,53164,51040,1,1,,,,0.0,64,4,51040,1098,158,40,,,,,,,,,,,,,,,,,,,,,,,,,,,,,,,,,,,,,,,,,,,,,,,,
65.62695070897462,absorbing,,,,,,,L,97,123,188,247,265,229,494,5,5,380,0.08262950001517311,0.09422191698104143,0.17685141699621454,0.17739308398449793,53296,69172,64,64,False,False,False,False,53296,64,False,512,0.0006,,21556,0,total_elems,53296,69172,1,1,,,,0.0,64,4,53296,1156,158,40,,,,,,,,,,,,,,,,,,,,,,,,,,,,,,,,,,,,,,,,,,,,,,,,
65.88653554196935,absorbing,,,,,,,L,98,123,188,247,268,229,497,6,3,383,0.17952762503409758,0.05603829200845212,0.2355659170425497,0.23668020899640396,46316,67096,64,64,False,False,False,False,46316,64,False,512,0.0006,,21556,0,total_elems,46316,67096,1,1,,,,0.0,64,4,46316,1210,158,40,,,,,,,,,,,,,,,,,,,,,,,,,,,,,,,,,,,,,,,,,,,,,,,,
66.01900508400286,absorbing,,,,,,,R,98,124,188,247,268,233,501,1,4,387,0.06040874996688217,0.04975308303255588,0.11016183299943805,0.11075616598827764,60908,50864,64,64,False,False,False,False,50864,64,False,512,0.0006,,21556,0,total_elems,60908,50864,1,1,,,,0.0,64,4,50864,1276,158,40,,,,,,,,,,,,,,,,,,,,,,,,,,,,,,,,,,,,,,,,,,,,,,,,
66.18537737498991,absorbing,,,,,,,L,99,124,188,247,269,233,502,9,1,388,0.07223125000018626,0.07154970895498991,0.14378095895517617,0.14439083397155628,70004,73496,64,64,False,False,False,False,70004,64,False,512,0.0006,,21556,0,total_elems,70004,73496,1,1,,,,0.0,64,4,70004,1454,158,40,,,,,,,,,,,,,,,,,,,,,,,,,,,,,,,,,,,,,,,,,,,,,,,,
66.39497037499677,absorbing,,,,,,,L,100,124,188,247,271,233,504,6,2,390,0.11025366600370035,0.07683970796642825,0.1870933739701286,0.1880806660046801,53656,92060,64,64,False,False,False,False,53656,64,False,512,0.0006,,21556,0,total_elems,53656,92060,1,1,,,,0.0,64,4,53656,1294,158,40,,,,,,,,,,,,,,,,,,,,,,,,,,,,,,,,,,,,,,,,,,,,,,,,
66.6002690839814,absorbing,,,,,,,L,101,124,188,247,271,233,504,8,0,390,0.07802170800277963,0.10536233300808817,0.1833840410108678,0.18400204100180417,54424,67420,64,64,False,False,False,False,54424,64,False,512,0.0006,,21556,0,total_elems,54424,67420,1,1,,,,0.0,64,4,54424,1398,158,40,,,,,,,,,,,,,,,,,,,,,,,,,,,,,,,,,,,,,,,,,,,,,,,,
66.8003768339986,absorbing,,,,,,,R,101,125,188,247,271,234,505,4,1,391,0.09231320896651596,0.08351970900548622,0.17583291797200218,0.17655141599243507,85972,68188,64,64,False,False,False,False,68188,64,False,512,0.0006,,21556,0,total_elems,85972,68188,1,1,,,,0.0,64,4,68188,1464,158,40,,,,,,,,,,,,,,,,,,,,,,,,,,,,,,,,,,,,,,,,,,,,,,,,
67.07404683396453,absorbing,,,,,,,L,102,125,188,247,271,234,505,7,0,391,0.17287966597359627,0.07851629098877311,0.2513959569623694,0.25196829199558124,93592,95812,64,64,False,False,False,False,93592,64,False,512,0.0006,,21556,0,total_elems,93592,95812,1,1,,,,0.0,64,4,93592,1646,158,40,,,,,,,,,,,,,,,,,,,,,,,,,,,,,,,,,,,,,,,,,,,,,,,,
67.40743308397941,absorbing,,,,,,,R,102,126,188,247,271,236,507,3,2,393,0.2106542909750715,0.09998304204782471,0.3106373330228962,0.31186641595559195,166672,121216,128,64,False,False,False,False,121216,64,False,512,0.0006,,21556,0,total_elems,166672,121216,1,1,,,,0.0,64,4,121216,1800,158,40,,,,,,,,,,,,,,,,,,,,,,,,,,,,,,,,,,,,,,,,,,,,,,,,
67.73496154195163,absorbing,,,,,,,R,102,127,188,247,271,236,507,2,0,393,0.21172954101348296,0.09290666703600436,0.3046362080494873,0.30581937497481704,203512,144640,128,64,False,False,False,False,144640,64,False,512,0.0006,,21556,0,total_elems,203512,144640,1,1,,,,0.0,64,4,144640,1872,158,40,,,,,,,,,,,,,,,,,,,,,,,,,,,,,,,,,,,,,,,,,,,,,,,,
68.13245862495387,absorbing,,,,,,,R,102,128,188,247,271,237,508,1,1,394,0.2574139169882983,0.11769608402391896,0.37511000101221725,0.3761872909963131,300664,169856,256,128,False,False,False,False,169856,128,False,512,0.0006,,21556,0,total_elems,300664,169856,1,1,,,,0.0,128,4,169856,2016,158,40,,,,,,,,,,,,,,,,,,,,,,,,,,,,,,,,,,,,,,,,,,,,,,,,
68.6104986249702,absorbing,,,,,,,R,102,129,188,247,271,238,509,1,1,395,0.33158525003818795,0.12283924996154383,0.4544244999997318,0.4562964580254629,399608,168896,256,128,False,False,False,False,168896,128,False,512,0.0006,,21556,0,total_elems,399608,168896,1,1,,,,0.0,128,4,168896,1992,158,40,,,,,,,,,,,,,,,,,,,,,,,,,,,,,,,,,,,,,,,,,,,,,,,,
69.06778324994957,absorbing,,,,,,,R,102,130,188,247,271,238,509,2,0,395,0.31809254200197756,0.11540599999716505,0.4334985419991426,0.43486487498739734,398648,143360,256,64,False,False,False,False,143360,64,False,512,0.0006,,21556,0,total_elems,398648,143360,1,1,,,,0.0,64,4,143360,1840,158,40,,,,,,,,,,,,,,,,,,,,,,,,,,,,,,,,,,,,,,,,,,,,,,,,
69.49267895898083,absorbing,,,,,,,R,102,131,188,247,271,239,510,3,1,396,0.25509474996943027,0.14711737498873845,0.4022121249581687,0.4036705839680508,299384,136832,256,64,False,False,False,False,136832,64,False,512,0.0006,,21556,0,total_elems,299384,136832,1,1,,,,0.0,64,4,136832,1784,158,40,,,,,,,,,,,,,,,,,,,,,,,,,,,,,,,,,,,,,,,,,,,,,,,,
69.82605104194954,absorbing,,,,,,,R,102,132,188,247,271,239,510,3,0,396,0.23123929201392457,0.07934587501222268,0.31058516702614725,0.3114719589939341,176120,135296,64,64,False,False,False,False,135296,64,False,512,0.0006,,21556,0,total_elems,176120,135296,1,1,,,,0.0,64,4,135296,1752,158,40,,,,,,,,,,,,,,,,,,,,,,,,,,,,,,,,,,,,,,,,,,,,,,,,
70.1496815419523,absorbing,,,,,,,R,102,133,188,247,271,239,510,2,0,396,0.2235022920067422,0.0762958750128746,0.2997981670196168,0.30129529198165983,169976,134528,64,64,False,False,False,False,134528,64,False,512,0.0006,,21556,0,total_elems,169976,134528,1,1,,,,0.0,64,4,134528,1720,158,40,,,,,,,,,,,,,,,,,,,,,,,,,,,,,,,,,,,,,,,,,,,,,,,,
70.46939679200295,absorbing,,,,,,,R,102,134,188,247,271,240,511,1,1,397,0.2186527909943834,0.07708429201738909,0.2957370830117725,0.2971562499878928,168056,136128,64,64,False,False,False,False,136128,64,False,512,0.0006,,21556,0,total_elems,168056,136128,1,1,,,,0.0,64,4,136128,1760,158,40,,,,,,,,,,,,,,,,,,,,,,,,,,,,,,,,,,,,,,,,,,,,,,,,
70.80774058395764,absorbing,,,,,,,R,102,135,188,247,271,241,512,1,1,398,0.23515500000212342,0.08046825003111735,0.31562325003324077,0.3167514579836279,170040,135168,64,64,False,False,False,False,135168,64,False,512,0.0006,,21556,0,total_elems,170040,135168,1,1,,,,0.0,64,4,135168,1736,158,40,,,,,,,,,,,,,,,,,,,,,,,,,,,,,,,,,,,,,,,,,,,,,,,,
71.14639820897719,absorbing,,,,,,,R,102,136,188,247,271,243,514,2,2,400,0.23201220796909183,0.08230395801365376,0.3143161659827456,0.31668237503618,168504,134784,64,64,False,False,False,False,134784,64,False,512,0.0006,,21556,0,total_elems,168504,134784,1,1,,,,0.0,64,4,134784,1712,158,40,,,,,,,,,,,,,,,,,,,,,,,,,,,,,,,,,,,,,,,,,,,,,,,,
71.48649424995529,absorbing,,,,,,,R,102,137,188,247,271,244,515,4,1,401,0.23206866695545614,0.08449966699117795,0.3165683339466341,0.3183656249893829,172728,133824,64,64,False,False,False,False,133824,64,False,512,0.0006,,21556,0,total_elems,172728,133824,1,1,,,,0.0,64,4,133824,1688,158,40,,,,,,,,,,,,,,,,,,,,,,,,,,,,,,,,,,,,,,,,,,,,,,,,
71.85137262498029,absorbing,,,,,,,R,102,138,188,247,271,244,515,4,0,401,0.23795391601743177,0.10281695798039436,0.34077087399782613,0.34282645798521116,171768,138336,64,64,False,False,False,False,138336,64,False,512,0.0006,,21556,0,total_elems,171768,138336,1,1,,,,0.0,64,4,138336,1754,158,40,,,,,,,,,,,,,,,,,,,,,,,,,,,,,,,,,,,,,,,,,,,,,,,,
72.30541983398143,absorbing,,,,,,,R,102,139,188,247,271,244,515,5,0,401,0.2909120420226827,0.1383829999831505,0.42929504200583324,0.4300647080526687,180888,147048,64,64,False,False,False,False,147048,64,False,512,0.0006,,21556,0,total_elems,180888,147048,1,1,,,,0.0,64,4,147048,1718,158,40,,,,,,,,,,,,,,,,,,,,,,,,,,,,,,,,,,,,,,,,,,,,,,,,
72.77391399996122,absorbing,,,,,,,R,102,140,188,247,271,245,516,4,1,402,0.2837065840139985,0.15914054098539054,0.44284712499938905,0.44551266700727865,253536,131688,256,64,False,False,False,False,131688,64,False,512,0.0006,,21556,0,total_elems,253536,131688,1,1,,,,0.0,64,4,131688,1622,158,40,,,,,,,,,,,,,,,,,,,,,,,,,,,,,,,,,,,,,,,,,,,,,,,,
73.25381920899963,absorbing,,,,,,,R,102,141,188,247,271,246,517,4,1,403,0.2952263749903068,0.15898929099785164,0.45421566598815843,0.4564885410363786,247392,116292,256,64,False,False,False,False,116292,64,False,512,0.0006,,21556,0,total_elems,247392,116292,1,1,,,,0.0,64,4,116292,1526,158,40,,,,,,,,,,,,,,,,,,,,,,,,,,,,,,,,,,,,,,,,,,,,,,,,
73.69024987495504,absorbing,,,,,,,R,102,142,188,247,271,247,518,3,1,404,0.26599279197398573,0.14542304101632908,0.4114158329903148,0.4132259169709869,222780,205356,256,256,False,False,False,False,205356,256,False,512,0.0006,,21556,0,total_elems,222780,205356,1,1,,,,0.0,256,4,205356,1808,158,40,,,,,,,,,,,,,,,,,,,,,,,,,,,,,,,,,,,,,,,,,,,,,,,,
74.417476374947,absorbing,,,,,,,L,103,142,188,247,273,247,520,6,2,406,0.4372844999888912,0.26327366702025756,0.7005581670091487,0.7013027089997195,311844,448044,256,256,False,False,False,False,311844,256,False,512,0.0006,,21556,0,total_elems,311844,448044,1,1,,,,0.0,256,4,311844,2348,158,40,,,,,,,,,,,,,,,,,,,,,,,,,,,,,,,,,,,,,,,,,,,,,,,,
74.96663179196185,absorbing,,,,,,,L,104,142,188,247,273,247,520,8,0,406,0.2299022499937564,0.29538658302044496,0.5252888330142014,0.526417416986078,245220,554532,256,256,False,False,False,True,245220,256,False,512,0.0006,,21556,0,total_elems,245220,554532,1,1,,,,0.0,256,4,245220,2180,158,40,,,,,,,,,,,,,,,,,,,,,,,,,,,,,,,,,,,,,,,,,,,,,,,,
76.073212416959,absorbing,,,,,,,L,105,142,188,247,279,247,526,3,6,412,0.799200999957975,0.28269145800732076,1.0818924579652958,1.0831301249563694,161820,340452,64,256,False,False,False,False,161820,64,False,512,0.0006,,21556,0,total_elems,161820,340452,1,1,,,,0.0,64,4,161820,1952,158,40,,,,,,,,,,,,,,,,,,,,,,,,,,,,,,,,,,,,,,,,,,,,,,,,
76.38294966699323,absorbing,,,,,,,L,106,142,188,247,279,247,526,8,0,412,0.168319332995452,0.11546883400296792,0.2837881669984199,0.28535904100863263,167964,174108,64,64,False,False,False,False,167964,64,False,512,0.0006,,21556,0,total_elems,167964,174108,1,1,,,,0.0,64,4,167964,2048,158,40,,,,,,,,,,,,,,,,,,,,,,,,,,,,,,,,,,,,,,,,,,,,,,,,
76.77863195899408,absorbing,,,,,,,R,106,143,188,247,279,248,527,3,1,413,0.26159883296350017,0.11001012503402308,0.37160895799752325,0.37241591699421406,435228,174108,256,64,False,False,False,False,174108,64,False,512,0.0006,,21556,0,total_elems,435228,174108,1,1,,,,0.0,64,4,174108,2016,158,40,,,,,,,,,,,,,,,,,,,,,,,,,,,,,,,,,,,,,,,,,,,,,,,,
77.26907074998599,absorbing,,,,,,,R,106,144,188,247,279,249,528,4,1,414,0.2593265000032261,0.20807566703297198,0.4674021670361981,0.4680315830046311,407580,178204,256,64,False,False,False,False,178204,64,False,512,0.0006,,21556,0,total_elems,407580,178204,1,1,,,,0.0,64,4,178204,2080,158,40,,,,,,,,,,,,,,,,,,,,,,,,,,,,,,,,,,,,,,,,,,,,,,,,
77.83402645896422,absorbing,,,,,,,R,106,145,188,247,279,250,529,5,1,415,0.3306279170210473,0.20681037503527477,0.5374382920563221,0.5386296659708023,396316,162844,256,64,False,False,False,False,162844,64,False,512,0.0006,,21556,0,total_elems,396316,162844,1,1,,,,0.0,64,4,162844,1984,158,40,,,,,,,,,,,,,,,,,,,,,,,,,,,,,,,,,,,,,,,,,,,,,,,,
78.40453995898133,absorbing,,,,,,,R,106,146,188,247,279,252,531,4,2,417,0.33375612495001405,0.20890783303184435,0.5426639579818584,0.5445239589898847,368668,152092,256,64,False,False,False,False,152092,64,False,512,0.0006,,21556,0,total_elems,368668,152092,1,1,,,,0.0,64,4,152092,1960,158,40,,,,,,,,,,,,,,,,,,,,,,,,,,,,,,,,,,,,,,,,,,,,,,,,
78.81726612499915,absorbing,,,,,,,R,106,147,188,247,279,253,532,6,1,418,0.25838379096239805,0.12846708396682516,0.3868508749292232,0.3881057079997845,274972,145948,256,64,False,False,False,False,145948,64,False,512,0.0006,,21556,0,total_elems,274972,145948,1,1,,,,0.0,64,4,145948,1864,158,40,,,,,,,,,,,,,,,,,,,,,,,,,,,,,,,,,,,,,,,,,,,,,,,,
79.23223787499592,absorbing,,,,,,,R,106,148,188,247,279,256,535,4,3,421,0.2274567090207711,0.16126383299706504,0.3887205420178361,0.39004637504694983,259612,153628,256,64,False,False,False,False,153628,64,False,512,0.0006,,21556,0,total_elems,259612,153628,1,1,,,,0.0,64,4,153628,1840,158,40,,,,,,,,,,,,,,,,,,,,,,,,,,,,,,,,,,,,,,,,,,,,,,,,
79.71642199996859,absorbing,,,,,,,R,106,149,188,247,279,257,536,6,1,422,0.265138249960728,0.1952273339848034,0.4603655839455314,0.46185274998424575,319516,152668,256,64,False,False,False,False,152668,64,False,512,0.0006,,21556,0,total_elems,319516,152668,1,1,,,,0.0,64,4,152668,1816,158,40,,,,,,,,,,,,,,,,,,,,,,,,,,,,,,,,,,,,,,,,,,,,,,,,
80.27122212498216,absorbing,,,,,,,R,106,150,188,247,279,257,536,9,0,422,0.282273874967359,0.24603249999927357,0.5283063749666326,0.530380415963009,318556,136284,256,64,False,False,False,False,136284,64,False,512,0.0006,,21556,0,total_elems,318556,136284,1,1,,,,0.0,64,4,136284,1752,158,40,,,,,,,,,,,,,,,,,,,,,,,,,,,,,,,,,,,,,,,,,,,,,,,,
80.68800112500321,absorbing,,,,,,,R,106,151,188,247,279,259,538,7,2,424,0.22697579202940688,0.16226758301490918,0.38924337504431605,0.3904796660062857,154716,101916,128,64,False,False,False,False,101916,64,False,512,0.0006,,21556,0,total_elems,154716,101916,1,1,,,,0.0,64,4,101916,1640,158,40,,,,,,,,,,,,,,,,,,,,,,,,,,,,,,,,,,,,,,,,,,,,,,,,
80.97828008397482,absorbing,,,,,,,L,107,151,188,247,280,259,539,8,1,425,0.14334762503858656,0.12102220801170915,0.2643698330502957,0.26499370799865574,108060,155484,128,128,False,False,False,False,108060,128,False,512,0.0006,,21556,0,total_elems,108060,155484,1,1,,,,0.0,128,4,108060,1640,158,40,,,,,,,,,,,,,,,,,,,,,,,,,,,,,,,,,,,,,,,,,,,,,,,,
81.3868277919828,absorbing,,,,,,,R,107,152,188,247,280,260,540,9,1,426,0.27113616705173627,0.11186312499921769,0.38299929205095395,0.3838529590284452,227868,85788,128,64,False,False,False,False,85788,64,False,512,0.0006,,21556,0,total_elems,227868,85788,1,1,,,,0.0,64,4,85788,1616,158,40,,,,,,,,,,,,,,,,,,,,,,,,,,,,,,,,,,,,,,,,,,,,,,,,
81.75141712499317,absorbing,,,,,,,R,107,153,188,247,280,262,542,7,2,428,0.2067664169589989,0.13012616598280147,0.33689258294180036,0.33924566698260605,177372,145752,128,64,False,False,False,False,145752,64,False,512,0.0006,,21556,0,total_elems,177372,145752,1,1,,,,0.0,64,4,145752,1934,158,40,,,,,,,,,,,,,,,,,,,,,,,,,,,,,,,,,,,,,,,,,,,,,,,,
82.31215466698632,absorbing,,,,,,,L,108,153,188,247,282,262,544,6,2,430,0.3258407089742832,0.2075958339846693,0.5334365429589525,0.5344393749837764,286488,348504,256,256,False,False,False,False,286488,256,False,512,0.0006,,21556,0,total_elems,286488,348504,1,1,,,,0.0,256,4,286488,2606,158,40,,,,,,,,,,,,,,,,,,,,,,,,,,,,,,,,,,,,,,,,,,,,,,,,
83.08963633398525,absorbing,,,,,,,L,109,153,188,247,283,262,545,7,1,431,0.2857977919629775,0.4680555409868248,0.7538533329498023,0.7545972500229254,391576,762648,256,256,False,False,False,True,391576,256,False,512,0.0006,,21556,0,total_elems,391576,762648,1,1,,,,0.0,256,4,391576,2998,158,40,,,,,,,,,,,,,,,,,,,,,,,,,,,,,,,,,,,,,,,,,,,,,,,,
86.27071899996372,unswapping,,,,,,,,,,,,,,,,,,,,,,,,,,,,,,,,,,,,,,,,,,,,,,,256,4,293212,2608,158,40,0,both,0,20,20,3,3,,,,,0,,,,,,,,,,,,,,,,,,,,,,,,,,,,,,,,,,,,
87.31583087495528,unswapping,,,,,,,,,,,,,,,,,,,,,,,,,,,,,,,,,,,,,,,,,,,,,,,64,4,154012,2008,158,40,0,both,1,19,19,3,6,,,,,0,,,,,,,,,,,,,,,,,,,,,,,,,,,,,,,,,,,,
87.73246545897564,unswapping,,,,,,,,,,,,,,,,,,,,,,,,,,,,,,,,,,,,,,,,,,,,,,,64,4,122236,1786,158,40,0,left,0,20,20,4,10,,,,,8,,,,,,,,,,,,,,,,,,,,,,,,,,,,,,,,,,,,
88.09193454199703,unswapping,,,,,,,,,,,,,,,,,,,,,,,,,,,,,,,,,,,,,,,,,,,,,,,64,4,59304,1350,158,40,0,left,1,19,19,9,19,,,,,26,,,,,,,,,,,,,,,,,,,,,,,,,,,,,,,,,,,,
88.25185316696297,unswapping,,,,,,,,,,,,,,,,,,,,,,,,,,,,,,,,,,,,,,,,,,,,,,,64,4,48620,1160,158,40,0,right,0,20,20,4,23,,,,,34,,,,,,,,,,,,,,,,,,,,,,,,,,,,,,,,,,,,
88.40278858394595,unswapping,,,,,,,,,,,,,,,,,,,,,,,,,,,,,,,,,,,,,,,,,,,,,,,64,4,31212,1032,158,40,0,right,1,19,19,2,25,,,,,36,,,,,,,,,,,,,,,,,,,,,,,,,,,,,,,,,,,,
88.54102033399977,unswapping,,,,,,,,,,,,,,,,,,,,,,,,,,,,,,,,,,,,,,,,,,,,,,,64,4,20080,826,158,40,1,both,0,20,20,6,6,,,,,50,,,,,,,,,,,,,,,,,,,,,,,,,,,,,,,,,,,,
88.69867066695588,unswapping,,,,,,,,,,,,,,,,,,,,,,,,,,,,,,,,,,,,,,,,,,,,,,,64,4,17300,740,158,40,1,both,1,19,19,7,13,,,,,72,,,,,,,,,,,,,,,,,,,,,,,,,,,,,,,,,,,,
88.76010487496387,unswapping,,,,,,,,,,,,,,,,,,,,,,,,,,,,,,,,,,,,,,,,,,,,,,,16,4,10440,606,158,40,1,left,0,20,20,5,18,,,,,82,,,,,,,,,,,,,,,,,,,,,,,,,,,,,,,,,,,,
88.81266958400374,unswapping,,,,,,,,,,,,,,,,,,,,,,,,,,,,,,,,,,,,,,,,,,,,,,,16,4,9760,586,158,40,1,left,1,19,19,2,20,,,,,86,,,,,,,,,,,,,,,,,,,,,,,,,,,,,,,,,,,,
88.83695908397203,unswapping,,,,,,,,,,,,,,,,,,,,,,,,,,,,,,,,,,,,,,,,,,,,,,,16,4,9760,586,158,40,1,right,0,20,20,0,20,,,,,86,,,,,,,,,,,,,,,,,,,,,,,,,,,,,,,,,,,,
88.88614316697931,unswapping,,,,,,,,,,,,,,,,,,,,,,,,,,,,,,,,,,,,,,,,,,,,,,,16,4,9632,578,158,40,1,right,1,19,19,1,21,,,,,84,,,,,,,,,,,,,,,,,,,,,,,,,,,,,,,,,,,,
88.9781976249651,unswapping,,,,,,,,,,,,,,,,,,,,,,,,,,,,,,,,,,,,,,,,,,,,,,,16,4,8992,562,158,40,2,both,0,20,20,1,1,,,,,86,,,,,,,,,,,,,,,,,,,,,,,,,,,,,,,,,,,,
89.0589402919868,unswapping,,,,,,,,,,,,,,,,,,,,,,,,,,,,,,,,,,,,,,,,,,,,,,,16,4,8176,542,158,40,2,both,1,19,19,2,3,,,,,90,,,,,,,,,,,,,,,,,,,,,,,,,,,,,,,,,,,,
89.10476541699609,unswapping,,,,,,,,,,,,,,,,,,,,,,,,,,,,,,,,,,,,,,,,,,,,,,,16,4,8056,532,158,40,2,left,0,20,20,2,5,,,,,94,,,,,,,,,,,,,,,,,,,,,,,,,,,,,,,,,,,,
89.14297324995277,unswapping,,,,,,,,,,,,,,,,,,,,,,,,,,,,,,,,,,,,,,,,,,,,,,,16,4,7984,526,158,40,2,left,1,19,19,1,6,,,,,96,,,,,,,,,,,,,,,,,,,,,,,,,,,,,,,,,,,,
89.18642199999886,unswapping,,,,,,,,,,,,,,,,,,,,,,,,,,,,,,,,,,,,,,,,,,,,,,,16,4,7924,520,158,40,2,right,0,20,20,1,7,,,,,96,,,,,,,,,,,,,,,,,,,,,,,,,,,,,,,,,,,,
89.3061719169491,unswapping,,,,,,,,,,,,,,,,,,,,,,,,,,,,,,,,,,,,,,,,,,,,,,,16,4,7900,516,158,40,2,right,1,19,19,1,8,,,,,96,,,,,,,,,,,,,,,,,,,,,,,,,,,,,,,,,,,,
89.39032733399654,unswapping,,,,,,,,,,,,,,,,,,,,,,,,,,,,,,,,,,,,,,,,,,,,,,,16,4,7696,506,158,40,3,both,0,20,20,2,2,,,,,98,,,,,,,,,,,,,,,,,,,,,,,,,,,,,,,,,,,,
89.47406370897079,unswapping,,,,,,,,,,,,,,,,,,,,,,,,,,,,,,,,,,,,,,,,,,,,,,,16,4,7636,500,158,40,3,both,1,19,19,1,3,,,,,100,,,,,,,,,,,,,,,,,,,,,,,,,,,,,,,,,,,,
89.49695283395704,unswapping,,,,,,,,,,,,,,,,,,,,,,,,,,,,,,,,,,,,,,,,,,,,,,,16,4,7636,500,158,40,3,left,0,20,20,0,3,,,,,100,,,,,,,,,,,,,,,,,,,,,,,,,,,,,,,,,,,,
89.52068120898912,unswapping,,,,,,,,,,,,,,,,,,,,,,,,,,,,,,,,,,,,,,,,,,,,,,,16,4,7636,500,158,40,3,left,1,19,19,0,3,,,,,100,,,,,,,,,,,,,,,,,,,,,,,,,,,,,,,,,,,,
89.54376495897304,unswapping,,,,,,,,,,,,,,,,,,,,,,,,,,,,,,,,,,,,,,,,,,,,,,,16,4,7636,500,158,40,3,right,0,20,20,0,3,,,,,100,,,,,,,,,,,,,,,,,,,,,,,,,,,,,,,,,,,,
89.56668545899447,unswapping,,,,,,,,,,,,,,,,,,,,,,,,,,,,,,,,,,,,,,,,,,,,,,,16,4,7636,500,158,40,3,right,1,19,19,0,3,,,,,100,,,,,,,,,,,,,,,,,,,,,,,,,,,,,,,,,,,,
89.64152091694996,unswapping,,,,,,,,,,,,,,,,,,,,,,,,,,,,,,,,,,,,,,,,,,,,,,,16,4,7564,496,158,40,4,both,0,20,20,1,1,,,,,102,,,,,,,,,,,,,,,,,,,,,,,,,,,,,,,,,,,,
89.72999224998057,unswapping,,,,,,,,,,,,,,,,,,,,,,,,,,,,,,,,,,,,,,,,,,,,,,,16,4,7276,488,158,40,4,both,1,19,19,1,2,,,,,102,,,,,,,,,,,,,,,,,,,,,,,,,,,,,,,,,,,,
89.75144562497735,unswapping,,,,,,,,,,,,,,,,,,,,,,,,,,,,,,,,,,,,,,,,,,,,,,,16,4,7276,488,158,40,4,left,0,20,20,0,2,,,,,102,,,,,,,,,,,,,,,,,,,,,,,,,,,,,,,,,,,,
89.77411179197952,unswapping,,,,,,,,,,,,,,,,,,,,,,,,,,,,,,,,,,,,,,,,,,,,,,,16,4,7276,488,158,40,4,left,1,19,19,0,2,,,,,102,,,,,,,,,,,,,,,,,,,,,,,,,,,,,,,,,,,,
89.79547474998981,unswapping,,,,,,,,,,,,,,,,,,,,,,,,,,,,,,,,,,,,,,,,,,,,,,,16,4,7276,488,158,40,4,right,0,20,20,0,2,,,,,102,,,,,,,,,,,,,,,,,,,,,,,,,,,,,,,,,,,,
89.81776579195866,unswapping,,,,,,,,,,,,,,,,,,,,,,,,,,,,,,,,,,,,,,,,,,,,,,,16,4,7276,488,158,40,4,right,1,19,19,0,2,,,,,102,,,,,,,,,,,,,,,,,,,,,,,,,,,,,,,,,,,,
89.8975905419793,unswapping,,,,,,,,,,,,,,,,,,,,,,,,,,,,,,,,,,,,,,,,,,,,,,,16,4,6636,472,158,40,5,both,0,20,20,1,1,,,,,104,,,,,,,,,,,,,,,,,,,,,,,,,,,,,,,,,,,,
89.94116520899115,unswapping,,,,,,,,,,,,,,,,,,,,,,,,,,,,,,,,,,,,,,,,,,,,,,,16,4,6636,472,158,40,5,both,1,19,19,0,1,,,,,104,,,,,,,,,,,,,,,,,,,,,,,,,,,,,,,,,,,,
89.962735374982,unswapping,,,,,,,,,,,,,,,,,,,,,,,,,,,,,,,,,,,,,,,,,,,,,,,16,4,6636,472,158,40,5,left,0,20,20,0,1,,,,,104,,,,,,,,,,,,,,,,,,,,,,,,,,,,,,,,,,,,
89.9853957919986,unswapping,,,,,,,,,,,,,,,,,,,,,,,,,,,,,,,,,,,,,,,,,,,,,,,16,4,6636,472,158,40,5,left,1,19,19,0,1,,,,,104,,,,,,,,,,,,,,,,,,,,,,,,,,,,,,,,,,,,
90.00756483396981,unswapping,,,,,,,,,,,,,,,,,,,,,,,,,,,,,,,,,,,,,,,,,,,,,,,16,4,6636,472,158,40,5,right,0,20,20,0,1,,,,,104,,,,,,,,,,,,,,,,,,,,,,,,,,,,,,,,,,,,
90.05075599998236,unswapping,,,,,,,,,,,,,,,,,,,,,,,,,,,,,,,,,,,,,,,,,,,,,,,16,4,5484,448,158,40,5,right,1,19,19,1,2,,,,,106,,,,,,,,,,,,,,,,,,,,,,,,,,,,,,,,,,,,
90.126971458958,unswapping,,,,,,,,,,,,,,,,,,,,,,,,,,,,,,,,,,,,,,,,,,,,,,,16,4,4524,424,158,40,6,both,0,20,20,1,1,,,,,106,,,,,,,,,,,,,,,,,,,,,,,,,,,,,,,,,,,,
90.16443583398359,unswapping,,,,,,,,,,,,,,,,,,,,,,,,,,,,,,,,,,,,,,,,,,,,,,,16,4,4524,424,158,40,6,both,1,19,19,0,1,,,,,106,,,,,,,,,,,,,,,,,,,,,,,,,,,,,,,,,,,,
90.18392266699811,unswapping,,,,,,,,,,,,,,,,,,,,,,,,,,,,,,,,,,,,,,,,,,,,,,,16,4,4524,424,158,40,6,left,0,20,20,0,1,,,,,106,,,,,,,,,,,,,,,,,,,,,,,,,,,,,,,,,,,,
90.20281279197661,unswapping,,,,,,,,,,,,,,,,,,,,,,,,,,,,,,,,,,,,,,,,,,,,,,,16,4,4524,424,158,40,6,left,1,19,19,0,1,,,,,106,,,,,,,,,,,,,,,,,,,,,,,,,,,,,,,,,,,,
90.22186974994838,unswapping,,,,,,,,,,,,,,,,,,,,,,,,,,,,,,,,,,,,,,,,,,,,,,,16,4,4524,424,158,40,6,right,0,20,20,0,1,,,,,106,,,,,,,,,,,,,,,,,,,,,,,,,,,,,,,,,,,,
90.2616413749638,unswapping,,,,,,,,,,,,,,,,,,,,,,,,,,,,,,,,,,,,,,,,,,,,,,,16,4,3564,400,158,40,6,right,1,19,19,1,2,,,,,108,,,,,,,,,,,,,,,,,,,,,,,,,,,,,,,,,,,,
90.33318712498294,unswapping,,,,,,,,,,,,,,,,,,,,,,,,,,,,,,,,,,,,,,,,,,,,,,,16,4,2924,384,158,40,7,both,0,20,20,1,1,,,,,112,,,,,,,,,,,,,,,,,,,,,,,,,,,,,,,,,,,,
90.40287179197185,unswapping,,,,,,,,,,,,,,,,,,,,,,,,,,,,,,,,,,,,,,,,,,,,,,,16,4,2156,368,158,40,7,both,1,19,19,1,2,,,,,114,,,,,,,,,,,,,,,,,,,,,,,,,,,,,,,,,,,,
90.4336720839492,unswapping,,,,,,,,,,,,,,,,,,,,,,,,,,,,,,,,,,,,,,,,,,,,,,,16,4,1964,360,158,40,7,left,0,20,20,1,3,,,,,114,,,,,,,,,,,,,,,,,,,,,,,,,,,,,,,,,,,,
90.45025754196104,unswapping,,,,,,,,,,,,,,,,,,,,,,,,,,,,,,,,,,,,,,,,,,,,,,,16,4,1964,360,158,40,7,left,1,19,19,0,3,,,,,114,,,,,,,,,,,,,,,,,,,,,,,,,,,,,,,,,,,,
90.48841945896856,unswapping,,,,,,,,,,,,,,,,,,,,,,,,,,,,,,,,,,,,,,,,,,,,,,,8,4,1452,344,158,40,7,right,0,20,20,1,4,,,,,114,,,,,,,,,,,,,,,,,,,,,,,,,,,,,,,,,,,,
90.50444470898947,unswapping,,,,,,,,,,,,,,,,,,,,,,,,,,,,,,,,,,,,,,,,,,,,,,,8,4,1452,344,158,40,7,right,1,19,19,0,4,,,,,114,,,,,,,,,,,,,,,,,,,,,,,,,,,,,,,,,,,,
90.5361961669987,unswapping,,,,,,,,,,,,,,,,,,,,,,,,,,,,,,,,,,,,,,,,,,,,,,,8,4,1452,344,158,40,8,both,0,20,20,0,0,,,,,114,,,,,,,,,,,,,,,,,,,,,,,,,,,,,,,,,,,,
90.56732629198814,unswapping,,,,,,,,,,,,,,,,,,,,,,,,,,,,,,,,,,,,,,,,,,,,,,,8,4,1452,344,158,40,8,both,1,19,19,0,0,,,,,114,,,,,,,,,,,,,,,,,,,,,,,,,,,,,,,,,,,,
90.5836242089863,unswapping,,,,,,,,,,,,,,,,,,,,,,,,,,,,,,,,,,,,,,,,,,,,,,,8,4,1452,344,158,40,8,left,0,20,20,0,0,,,,,114,,,,,,,,,,,,,,,,,,,,,,,,,,,,,,,,,,,,
90.59957095899154,unswapping,,,,,,,,,,,,,,,,,,,,,,,,,,,,,,,,,,,,,,,,,,,,,,,8,4,1452,344,158,40,8,left,1,19,19,0,0,,,,,114,,,,,,,,,,,,,,,,,,,,,,,,,,,,,,,,,,,,
90.61582316696877,unswapping,,,,,,,,,,,,,,,,,,,,,,,,,,,,,,,,,,,,,,,,,,,,,,,8,4,1452,344,158,40,8,right,0,20,20,0,0,,,,,114,,,,,,,,,,,,,,,,,,,,,,,,,,,,,,,,,,,,
90.6312479589833,unswapping,,,,,,,,,,,,,,,,,,,,,,,,,,,,,,,,,,,,,,,,,,,,,,,8,4,1452,344,158,40,8,right,1,19,19,0,0,,,,,114,,,,,,,,,,,,,,,,,,,,,,,,,,,,,,,,,,,,
91.78809987497516,unswap_cycle_summary,,,,,,,,,,,,283,262,545,,,,,,,,,,,,,,,,,,,512,0.0006,,,,,,,,,,,,,8,4,1452,344,158,40,,,,,,,,,,,,,,,,,,,,3,6.60987187497085,545,808,263,431,False,,,,,,,,,,,,,,,,,,,,,,
91.8471004999592,rewiring,left,post_unswap,0.0353751250077039,81,False,False,,,,,,,,,,,,,,,,,,,,,,,,,,,,,,,,,,,,,,,,,,,,,,,,,,,,,,,,,,,,,,,,,,3,,,,,,,50,False,431,1,none,0.0,123,0.03537083399714902,0.14433741697575897,,,,,,,,,,,,,
91.95579462498426,rewiring,right,post_unswap,0.10849662503460422,96,False,False,,,,,,,,,,,,,,,,,,,,,,,,,,,,,,,,,,,,,,,,,,,,,,,,,,,,,,,,,,,,,,,,,,3,,,,,,,50,False,431,1,none,0.0,123,0.108492125000339,0.14433741697575897,,,,,,,,,,,,,
92.00152770895511,cycle_progress,,,,,,,,,,,,283,262,545,,,,,,,,,,,,,,,,,,,512,0.0006,,21556,0,,,,,,,,,,8,4,1452,344,158,40,,,,,,,,,,,,,,,,,,,,3,,545,808,263,431,False,,,,,,,,,0.14433741697575897,,,,,,,,,,,,,
92.08207520894939,absorbing,,,,,,,L,1,0,70,86,286,262,548,7,3,3,0.026440625020768493,0.02602745802141726,0.052468083042185754,0.05573366698808968,1244,2220,8,16,False,False,False,False,1244,8,False,512,0.0006,,1452,0,total_elems,1244,2220,1,1,,,,0.0,8,4,1244,346,158,40,,,,,,,,,,,,,,,,,,,,,,,,,,,,,,,,,,,,,,,,,,,,,,,,
92.16119199997047,absorbing,,,,,,,R,1,1,70,86,286,266,552,5,4,7,0.026226250047329813,0.02658616699045524,0.05281241703778505,0.05332425003871322,2368,1916,16,16,False,False,False,False,1916,16,False,512,0.0006,,1452,0,total_elems,2368,1916,1,1,,,,0.0,16,4,1916,382,158,40,,,,,,,,,,,,,,,,,,,,,,,,,,,,,,,,,,,,,,,,,,,,,,,,
92.24038174998714,absorbing,,,,,,,R,1,2,70,86,286,268,554,4,2,9,0.02845174999674782,0.024379124981351197,0.05283087497809902,0.05332975002238527,4192,1872,16,16,False,False,False,False,1872,16,False,512,0.0006,,1452,0,total_elems,4192,1872,1,1,,,,0.0,16,4,1872,378,158,40,,,,,,,,,,,,,,,,,,,,,,,,,,,,,,,,,,,,,,,,,,,,,,,,
92.31644383398816,absorbing,,,,,,,R,1,3,70,86,286,270,556,4,2,11,0.025997959019150585,0.023805875040125102,0.04980383405927569,0.05031174997566268,3692,2164,16,16,False,False,False,False,2164,16,False,512,0.0006,,1452,0,total_elems,3692,2164,1,1,,,,0.0,16,4,2164,402,158,40,,,,,,,,,,,,,,,,,,,,,,,,,,,,,,,,,,,,,,,,,,,,,,,,
92.39351887494558,absorbing,,,,,,,R,1,4,70,86,286,272,558,6,2,13,0.026963874988723546,0.024607583007309586,0.05157145799603313,0.052053999970667064,3896,2704,16,16,False,False,False,False,2704,16,False,512,0.0006,,1452,0,total_elems,3896,2704,1,1,,,,0.0,16,4,2704,446,158,40,,,,,,,,,,,,,,,,,,,,,,,,,,,,,,,,,,,,,,,,,,,,,,,,
92.47140620899154,absorbing,,,,,,,R,1,5,70,86,286,273,559,6,1,14,0.027504833007697016,0.024933499982580543,0.05243833299027756,0.052938500011805445,5408,3508,16,16,False,False,False,False,3508,16,False,512,0.0006,,1452,0,total_elems,5408,3508,1,1,,,,0.0,16,4,3508,496,158,40,,,,,,,,,,,,,,,,,,,,,,,,,,,,,,,,,,,,,,,,,,,,,,,,
92.54841579200001,absorbing,,,,,,,R,1,6,70,86,286,274,560,7,1,15,0.02864324999973178,0.02302158297970891,0.05166483297944069,0.05215883394703269,5660,5292,16,16,False,False,False,False,5292,16,False,512,0.0006,,1452,0,total_elems,5660,5292,1,1,,,,0.0,16,4,5292,576,158,40,,,,,,,,,,,,,,,,,,,,,,,,,,,,,,,,,,,,,,,,,,,,,,,,
92.63231191696832,absorbing,,,,,,,L,2,6,70,86,289,274,563,5,3,18,0.03452058299444616,0.024030999979004264,0.05855158297345042,0.05906087497714907,6160,10212,16,16,False,False,False,False,6160,16,False,512,0.0006,,1452,0,total_elems,6160,10212,1,1,,,,0.0,16,4,6160,532,158,40,,,,,,,,,,,,,,,,,,,,,,,,,,,,,,,,,,,,,,,,,,,,,,,,
92.71588137495564,absorbing,,,,,,,R,2,7,70,86,289,274,563,8,0,18,0.03193762502633035,0.025740415963809937,0.05767804099014029,0.058201625011861324,10768,8680,64,16,False,False,False,False,8680,16,False,512,0.0006,,1452,0,total_elems,10768,8680,1,1,,,,0.0,16,4,8680,622,158,40,,,,,,,,,,,,,,,,,,,,,,,,,,,,,,,,,,,,,,,,,,,,,,,,
92.80634937499417,absorbing,,,,,,,L,3,7,70,86,292,274,566,4,3,21,0.03272520803147927,0.032207374984864146,0.06493258301634341,0.06548912497237325,5896,18784,16,64,False,False,False,False,5896,16,False,512,0.0006,,1452,0,total_elems,5896,18784,1,1,,,,0.0,16,4,5896,520,158,40,,,,,,,,,,,,,,,,,,,,,,,,,,,,,,,,,,,,,,,,,,,,,,,,
92.88736966694705,absorbing,,,,,,,L,4,7,70,86,292,274,566,8,0,21,0.02368679194478318,0.0304653340135701,0.05415212595835328,0.05469433299731463,5644,14272,16,64,False,False,False,False,5644,16,False,512,0.0006,,1452,0,total_elems,5644,14272,1,1,,,,0.0,16,4,5644,502,158,40,,,,,,,,,,,,,,,,,,,,,,,,,,,,,,,,,,,,,,,,,,,,,,,,
92.97281404194655,absorbing,,,,,,,L,5,7,70,86,294,274,568,7,2,23,0.029884083021897823,0.029543416982050985,0.05942750000394881,0.059962375031318516,5344,13696,16,64,False,False,False,False,5344,16,False,512,0.0006,,1452,0,total_elems,5344,13696,1,1,,,,0.0,16,4,5344,472,158,40,,,,,,,,,,,,,,,,,,,,,,,,,,,,,,,,,,,,,,,,,,,,,,,,
93.08050824998645,absorbing,,,,,,,R,5,8,70,86,294,275,569,10,1,24,0.04910583299351856,0.03188304201466963,0.08098887500818819,0.08198979200096801,42088,13132,64,64,False,False,False,False,13132,64,False,512,0.0006,,1452,0,total_elems,42088,13132,1,1,,,,0.0,64,4,13132,646,158,40,,,,,,,,,,,,,,,,,,,,,,,,,,,,,,,,,,,,,,,,,,,,,,,,
93.19211229198845,absorbing,,,,,,,L,6,8,70,86,296,275,571,7,2,26,0.04625399998622015,0.03902858297806233,0.08528258296428248,0.08580470801098272,12892,31072,64,64,False,False,False,False,12892,64,False,512,0.0006,,1452,0,total_elems,12892,31072,1,1,,,,0.0,64,4,12892,622,158,40,,,,,,,,,,,,,,,,,,,,,,,,,,,,,,,,,,,,,,,,,,,,,,,,
93.28358216700144,absorbing,,,,,,,R,6,9,70,86,296,276,572,9,1,27,0.03167799999937415,0.03312162501970306,0.06479962501907721,0.06534050003392622,13360,9004,64,16,False,False,False,False,9004,16,False,512,0.0006,,1452,0,total_elems,13360,9004,1,1,,,,0.0,16,4,9004,604,158,40,,,,,,,,,,,,,,,,,,,,,,,,,,,,,,,,,,,,,,,,,,,,,,,,
93.37502233398845,absorbing,,,,,,,L,7,9,70,86,296,276,572,9,0,27,0.029115999990608543,0.03586325002834201,0.06497925001895055,0.06560012500267476,13012,22792,64,64,False,False,False,False,13012,64,False,512,0.0006,,1452,0,total_elems,13012,22792,1,1,,,,0.0,64,4,13012,634,158,40,,,,,,,,,,,,,,,,,,,,,,,,,,,,,,,,,,,,,,,,,,,,,,,,
93.48678879195359,absorbing,,,,,,,L,8,9,70,86,298,276,574,8,2,29,0.03765579196624458,0.04695512499893084,0.08461091696517542,0.08513387502171099,28828,44944,64,64,False,False,False,False,28828,64,False,512,0.0006,,1452,0,total_elems,28828,44944,1,1,,,,0.0,64,4,28828,718,158,40,,,,,,,,,,,,,,,,,,,,,,,,,,,,,,,,,,,,,,,,,,,,,,,,
93.65103499998804,absorbing,,,,,,,L,9,9,70,86,301,276,577,7,3,32,0.07859074999578297,0.0596325839869678,0.13822333398275077,0.13873854099074379,43972,44572,64,64,False,False,False,False,43972,64,False,512,0.0006,,1452,0,total_elems,43972,44572,1,1,,,,0.0,64,4,43972,796,158,40,,,,,,,,,,,,,,,,,,,,,,,,,,,,,,,,,,,,,,,,,,,,,,,,
93.8276362500037,absorbing,,,,,,,L,10,9,70,86,306,276,582,4,5,37,0.052174000011291355,0.09730070800287649,0.14947470801416785,0.15006483299657702,44928,59452,64,64,False,False,False,False,44928,64,False,512,0.0006,,1452,0,total_elems,44928,59452,1,1,,,,0.0,64,4,44928,816,158,40,,,,,,,,,,,,,,,,,,,,,,,,,,,,,,,,,,,,,,,,,,,,,,,,
94.00622604199452,absorbing,,,,,,,L,11,9,70,86,308,276,584,6,2,39,0.04924320802092552,0.10124037496279925,0.15048358298372477,0.1518718340084888,45180,60108,64,64,False,False,False,False,45180,64,False,512,0.0006,,1452,0,total_elems,45180,60108,1,1,,,,0.0,64,4,45180,842,158,40,,,,,,,,,,,,,,,,,,,,,,,,,,,,,,,,,,,,,,,,,,,,,,,,
94.2319862919976,absorbing,,,,,,,L,12,9,70,86,308,276,584,7,0,39,0.09854887501569465,0.09856929199304432,0.19711816700873896,0.19859095802530646,46512,60216,64,64,False,False,False,False,46512,64,False,512,0.0006,,1452,0,total_elems,46512,60216,1,1,,,,0.0,64,4,46512,884,158,40,,,,,,,,,,,,,,,,,,,,,,,,,,,,,,,,,,,,,,,,,,,,,,,,
94.42433245899156,absorbing,,,,,,,L,13,9,70,86,309,276,585,5,1,40,0.06403091602260247,0.10168845800217241,0.16571937402477488,0.16631495801266283,37836,61284,64,64,False,False,False,False,37836,64,False,512,0.0006,,1452,0,total_elems,37836,61284,1,1,,,,0.0,64,4,37836,920,158,40,,,,,,,,,,,,,,,,,,,,,,,,,,,,,,,,,,,,,,,,,,,,,,,,
94.55485537496861,absorbing,,,,,,,L,14,9,70,86,310,276,586,4,1,41,0.04023495799629018,0.06200587499188259,0.10224083298817277,0.10381370800314471,40104,52380,64,64,False,False,False,False,40104,64,False,512,0.0006,,1452,0,total_elems,40104,52380,1,1,,,,0.0,64,4,40104,986,158,40,,,,,,,,,,,,,,,,,,,,,,,,,,,,,,,,,,,,,,,,,,,,,,,,
94.70700008398853,absorbing,,,,,,,R,14,10,70,86,310,280,590,4,4,45,0.05898554198211059,0.06711595802335069,0.12610150000546128,0.1266619170201011,57888,54036,64,64,False,False,False,False,54036,64,False,512,0.0006,,1452,0,total_elems,57888,54036,1,1,,,,0.0,64,4,54036,1038,158,40,,,,,,,,,,,,,,,,,,,,,,,,,,,,,,,,,,,,,,,,,,,,,,,,
94.91057862498565,absorbing,,,,,,,R,14,11,70,86,310,283,593,4,3,48,0.06732037500478327,0.10860762500669807,0.17592800001148134,0.17741045798175037,79884,78364,64,64,False,False,False,False,78364,64,False,512,0.0006,,1452,0,total_elems,79884,78364,1,1,,,,0.0,64,4,78364,1114,158,40,,,,,,,,,,,,,,,,,,,,,,,,,,,,,,,,,,,,,,,,,,,,,,,,
95.12331954197725,absorbing,,,,,,,R,14,12,70,86,310,283,593,6,0,48,0.12395504099549726,0.06082458299351856,0.18477962398901582,0.18608325003879145,178324,77788,256,64,False,False,False,False,77788,64,False,512,0.0006,,1452,0,total_elems,178324,77788,1,1,,,,0.0,64,4,77788,1078,158,40,,,,,,,,,,,,,,,,,,,,,,,,,,,,,,,,,,,,,,,,,,,,,,,,
95.33277566696052,absorbing,,,,,,,R,14,13,70,86,310,284,594,5,1,49,0.11986979097127914,0.06154195801354945,0.1814117489848286,0.18254137499025092,177232,77740,256,64,False,False,False,False,77740,64,False,512,0.0006,,1452,0,total_elems,177232,77740,1,1,,,,0.0,64,4,77740,1066,158,40,,,,,,,,,,,,,,,,,,,,,,,,,,,,,,,,,,,,,,,,,,,,,,,,
95.54034212499391,absorbing,,,,,,,R,14,14,70,86,310,285,595,5,1,50,0.12216541700763628,0.05786179198184982,0.1800272089894861,0.18070899997837842,177112,77704,256,64,False,False,False,False,77704,64,False,512,0.0006,,1452,0,total_elems,177112,77704,1,1,,,,0.0,64,4,77704,1066,158,40,,,,,,,,,,,,,,,,,,,,,,,,,,,,,,,,,,,,,,,,,,,,,,,,
95.78962295898236,absorbing,,,,,,,R,14,15,70,86,310,287,597,2,2,52,0.12343550001969561,0.09892329201102257,0.22235879203071818,0.22295691701583564,176944,53632,256,64,False,False,False,False,53632,64,False,512,0.0006,,1452,0,total_elems,176944,53632,1,1,,,,0.0,64,4,53632,1006,158,40,,,,,,,,,,,,,,,,,,,,,,,,,,,,,,,,,,,,,,,,,,,,,,,,
95.93824312498327,absorbing,,,,,,,R,14,16,70,86,310,288,598,6,1,53,0.06954874994698912,0.05150433297967538,0.1210530829266645,0.12264904199400917,79636,32248,64,64,False,False,False,False,32248,64,False,512,0.0006,,1452,0,total_elems,79636,32248,1,1,,,,0.0,64,4,32248,826,158,40,,,,,,,,,,,,,,,,,,,,,,,,,,,,,,,,,,,,,,,,,,,,,,,,
96.0539314589696,absorbing,,,,,,,R,14,17,70,86,310,288,598,9,0,53,0.04672387498430908,0.04075491696130484,0.08747879194561392,0.08801054197829217,39808,14512,64,64,False,False,False,False,14512,64,False,512,0.0006,,1452,0,total_elems,39808,14512,1,1,,,,0.0,64,4,14512,694,158,40,,,,,,,,,,,,,,,,,,,,,,,,,,,,,,,,,,,,,,,,,,,,,,,,
96.13947020896012,absorbing,,,,,,,R,14,18,70,86,310,290,600,8,2,55,0.028932958957739174,0.029795708949677646,0.05872866790741682,0.05922295799246058,16296,7224,64,16,False,False,False,False,7224,16,False,512,0.0006,,1452,0,total_elems,16296,7224,1,1,,,,0.0,16,4,7224,570,158,40,,,,,,,,,,,,,,,,,,,,,,,,,,,,,,,,,,,,,,,,,,,,,,,,
96.2239604589995,absorbing,,,,,,,R,14,19,70,86,310,294,604,6,4,59,0.02651962504023686,0.03060325002297759,0.05712287506321445,0.05762545904144645,7448,5900,16,16,False,False,False,False,5900,16,False,512,0.0006,,1452,0,total_elems,7448,5900,1,1,,,,0.0,16,4,5900,602,158,40,,,,,,,,,,,,,,,,,,,,,,,,,,,,,,,,,,,,,,,,,,,,,,,,
96.38662708399352,absorbing,,,,,,,L,15,19,70,86,312,294,606,2,2,61,0.10764025000389665,0.02806658303597942,0.13570683303987607,0.13625654199859127,5264,8716,16,16,False,False,False,False,5264,16,False,512,0.0006,,1452,0,total_elems,5264,8716,1,1,,,,0.0,16,4,5264,560,158,40,,,,,,,,,,,,,,,,,,,,,,,,,,,,,,,,,,,,,,,,,,,,,,,,
96.47021454200149,absorbing,,,,,,,R,15,20,70,86,312,298,610,6,4,65,0.027595291030593216,0.029079250001814216,0.05667454103240743,0.057195000001229346,6864,6508,16,16,False,False,False,False,6508,16,False,512,0.0006,,1452,0,total_elems,6864,6508,1,1,,,,0.0,16,4,6508,604,158,40,,,,,,,,,,,,,,,,,,,,,,,,,,,,,,,,,,,,,,,,,,,,,,,,
96.55400124995504,absorbing,,,,,,,L,16,20,70,86,316,298,614,2,4,69,0.027513665962032974,0.02903662499738857,0.056550290959421545,0.05703379202168435,7340,14320,16,64,False,False,False,False,7340,16,False,512,0.0006,,1452,0,total_elems,7340,14320,1,1,,,,0.0,16,4,7340,620,158,40,,,,,,,,,,,,,,,,,,,,,,,,,,,,,,,,,,,,,,,,,,,,,,,,
96.63729204196716,absorbing,,,,,,,L,17,20,70,86,317,298,615,5,1,70,0.024897416995372623,0.03162500000325963,0.05652241699863225,0.05709229200147092,7340,15152,16,64,False,False,False,False,7340,16,False,512,0.0006,,1452,0,total_elems,7340,15152,1,1,,,,0.0,16,4,7340,620,158,40,,,,,,,,,,,,,,,,,,,,,,,,,,,,,,,,,,,,,,,,,,,,,,,,
96.7231737919501,absorbing,,,,,,,L,18,20,70,86,317,298,615,8,0,70,0.02649004099657759,0.031741624989081174,0.058231665985658765,0.058755667007062584,4684,15152,16,64,False,False,False,False,4684,16,False,512,0.0006,,1452,0,total_elems,4684,15152,1,1,,,,0.0,16,4,4684,550,158,40,,,,,,,,,,,,,,,,,,,,,,,,,,,,,,,,,,,,,,,,,,,,,,,,
96.80511295900214,absorbing,,,,,,,L,19,20,70,86,320,298,618,6,3,73,0.028311290952842683,0.026564375031739473,0.054875665984582156,0.05538216698914766,5180,7312,16,16,False,False,False,False,5180,16,False,512,0.0006,,1452,0,total_elems,5180,7312,1,1,,,,0.0,16,4,5180,538,158,40,,,,,,,,,,,,,,,,,,,,,,,,,,,,,,,,,,,,,,,,,,,,,,,,
96.89019870897755,absorbing,,,,,,,R,19,21,70,86,320,301,621,6,3,76,0.030696958012413234,0.02679195802193135,0.057488916034344584,0.0579854579991661,12848,3896,64,16,False,False,False,False,3896,16,False,512,0.0006,,1452,0,total_elems,12848,3896,1,1,,,,0.0,16,4,3896,532,158,40,,,,,,,,,,,,,,,,,,,,,,,,,,,,,,,,,,,,,,,,,,,,,,,,
96.97222666698508,absorbing,,,,,,,L,20,21,70,86,323,301,624,5,3,79,0.029534165980294347,0.024824041000101715,0.05435820698039606,0.0549790000077337,5432,5556,16,16,False,False,False,False,5432,16,False,512,0.0006,,1452,0,total_elems,5432,5556,1,1,,,,0.0,16,4,5432,552,158,40,,,,,,,,,,,,,,,,,,,,,,,,,,,,,,,,,,,,,,,,,,,,,,,,
97.05227079195902,absorbing,,,,,,,R,20,22,70,86,323,303,626,6,2,81,0.02697179198730737,0.02555641601793468,0.05252820800524205,0.053024833963718265,6140,5556,16,16,False,False,False,False,5556,16,False,512,0.0006,,1452,0,total_elems,6140,5556,1,1,,,,0.0,16,4,5556,562,158,40,,,,,,,,,,,,,,,,,,,,,,,,,,,,,,,,,,,,,,,,,,,,,,,,
97.13149499997962,absorbing,,,,,,,L,21,22,70,86,325,303,628,8,2,83,0.02970620902488008,0.021989125001709908,0.05169533402658999,0.052290417021140456,5980,6928,16,16,False,False,False,False,5980,16,False,512,0.0006,,1452,0,total_elems,5980,6928,1,1,,,,0.0,16,4,5980,552,158,40,,,,,,,,,,,,,,,,,,,,,,,,,,,,,,,,,,,,,,,,,,,,,,,,
97.21929708396783,absorbing,,,,,,,R,21,23,70,86,325,303,628,5,0,83,0.03671470895642415,0.02349175000563264,0.060206458962056786,0.06071970803895965,11748,7000,32,16,False,False,False,False,7000,16,False,512,0.0006,,1452,0,total_elems,11748,7000,1,1,,,,0.0,16,4,7000,594,158,40,,,,,,,,,,,,,,,,,,,,,,,,,,,,,,,,,,,,,,,,,,,,,,,,
97.31063437496778,absorbing,,,,,,,R,21,24,70,86,325,303,628,6,0,83,0.03970320901134983,0.023669625050388277,0.0633728340617381,0.06441983400145546,13352,7548,32,16,False,False,False,False,7548,16,False,512,0.0006,,1452,0,total_elems,13352,7548,1,1,,,,0.0,16,4,7548,618,158,40,,,,,,,,,,,,,,,,,,,,,,,,,,,,,,,,,,,,,,,,,,,,,,,,
97.39923312497558,absorbing,,,,,,,R,21,25,70,86,325,305,630,4,2,85,0.035148207971360534,0.025990790978539735,0.06113899894990027,0.0616984170046635,10752,7692,32,16,False,False,False,False,7692,16,False,512,0.0006,,1452,0,total_elems,10752,7692,1,1,,,,0.0,16,4,7692,644,158,40,,,,,,,,,,,,,,,,,,,,,,,,,,,,,,,,,,,,,,,,,,,,,,,,
97.49340766697424,absorbing,,,,,,,R,21,26,70,86,325,306,631,6,1,86,0.041704833041876554,0.02494629198918119,0.06665112503105775,0.06716199999209493,14200,8268,64,16,False,False,False,False,8268,16,False,512,0.0006,,1452,0,total_elems,14200,8268,1,1,,,,0.0,16,4,8268,668,158,40,,,,,,,,,,,,,,,,,,,,,,,,,,,,,,,,,,,,,,,,,,,,,,,,
97.58293074998073,absorbing,,,,,,,L,22,26,70,86,329,306,635,5,4,90,0.033893583982717246,0.02675587503472343,0.06064945901744068,0.06122208305168897,8920,10796,16,16,False,False,False,False,8920,16,False,512,0.0006,,1452,0,total_elems,8920,10796,1,1,,,,0.0,16,4,8920,658,158,40,,,,,,,,,,,,,,,,,,,,,,,,,,,,,,,,,,,,,,,,,,,,,,,,
97.66799179196823,absorbing,,,,,,,R,22,27,70,86,329,307,636,8,1,91,0.028072040993720293,0.029447333014104515,0.05751937400782481,0.05801804200746119,8924,7368,16,16,False,False,False,False,7368,16,False,512,0.0006,,1452,0,total_elems,8924,7368,1,1,,,,0.0,16,4,7368,684,158,40,,,,,,,,,,,,,,,,,,,,,,,,,,,,,,,,,,,,,,,,,,,,,,,,
97.75661275000311,absorbing,,,,,,,L,23,27,70,86,331,307,638,6,2,93,0.027480415999889374,0.03387099999235943,0.0613514159922488,0.06190216704271734,6988,11816,16,16,False,False,False,False,6988,16,False,512,0.0006,,1452,0,total_elems,6988,11816,1,1,,,,0.0,16,4,6988,664,158,40,,,,,,,,,,,,,,,,,,,,,,,,,,,,,,,,,,,,,,,,,,,,,,,,
97.84391274995869,absorbing,,,,,,,L,24,27,70,86,332,307,639,8,1,94,0.026608542015310377,0.032249625015538186,0.05885816703084856,0.05944566702237353,7496,10764,16,16,False,False,False,False,7496,16,False,512,0.0006,,1452,0,total_elems,7496,10764,1,1,,,,0.0,16,4,7496,662,158,40,,,,,,,,,,,,,,,,,,,,,,,,,,,,,,,,,,,,,,,,,,,,,,,,
97.93369970895583,absorbing,,,,,,,L,25,27,70,86,333,307,640,5,1,95,0.030168250028509647,0.03172545798588544,0.06189370801439509,0.06240454100770876,5468,10728,16,16,False,False,False,False,5468,16,False,512,0.0006,,1452,0,total_elems,5468,10728,1,1,,,,0.0,16,4,5468,584,158,40,,,,,,,,,,,,,,,,,,,,,,,,,,,,,,,,,,,,,,,,,,,,,,,,
98.02017779200105,absorbing,,,,,,,L,26,27,70,86,334,307,641,4,1,96,0.028380958014167845,0.030259667022619396,0.05864062503678724,0.05918854201445356,8012,8128,32,16,False,False,False,False,8012,32,False,512,0.0006,,1452,0,total_elems,8012,8128,1,1,,,,0.0,32,4,8012,604,158,40,,,,,,,,,,,,,,,,,,,,,,,,,,,,,,,,,,,,,,,,,,,,,,,,
98.1098869589623,absorbing,,,,,,,L,27,27,70,86,336,307,643,2,2,98,0.027918417006731033,0.03303291596239433,0.06095133296912536,0.0614632919896394,8384,9116,32,16,False,False,False,False,8384,32,False,512,0.0006,,1452,0,total_elems,8384,9116,1,1,,,,0.0,32,4,8384,594,158,40,,,,,,,,,,,,,,,,,,,,,,,,,,,,,,,,,,,,,,,,,,,,,,,,
98.19478933396749,absorbing,,,,,,,L,28,27,70,86,336,307,643,3,0,98,0.023601041990332305,0.03327570902183652,0.056876751012168825,0.05738112499238923,8360,8876,32,16,False,False,False,False,8360,32,False,512,0.0006,,1452,0,total_elems,8360,8876,1,1,,,,0.0,32,4,8360,588,158,40,,,,,,,,,,,,,,,,,,,,,,,,,,,,,,,,,,,,,,,,,,,,,,,,
98.28249124996364,absorbing,,,,,,,R,28,28,70,86,336,313,649,5,6,104,0.025017624953761697,0.0337251250166446,0.058742749970406294,0.059235125023406,8960,8780,32,16,False,False,False,False,8780,16,False,512,0.0006,,1452,0,total_elems,8960,8780,1,1,,,,0.0,16,4,8780,636,158,40,,,,,,,,,,,,,,,,,,,,,,,,,,,,,,,,,,,,,,,,,,,,,,,,
98.36661962495418,absorbing,,,,,,,L,29,28,70,86,337,313,650,4,1,105,0.027579500048886985,0.028337541967630386,0.05591704201651737,0.056419916974846274,8180,11256,16,16,False,False,False,False,8180,16,False,512,0.0006,,1452,0,total_elems,8180,11256,1,1,,,,0.0,16,4,8180,630,158,40,,,,,,,,,,,,,,,,,,,,,,,,,,,,,,,,,,,,,,,,,,,,,,,,
98.45387824997306,absorbing,,,,,,,L,30,28,70,86,338,313,651,6,1,106,0.02873141597956419,0.029612666985485703,0.05834408296504989,0.05890595802338794,7496,10584,16,16,False,False,False,False,7496,16,False,512,0.0006,,1452,0,total_elems,7496,10584,1,1,,,,0.0,16,4,7496,594,158,40,,,,,,,,,,,,,,,,,,,,,,,,,,,,,,,,,,,,,,,,,,,,,,,,
98.5410231249989,absorbing,,,,,,,L,31,28,70,86,340,313,653,6,2,108,0.027539792004972696,0.02978583303047344,0.05732562503544614,0.058575832983478904,6344,8664,16,16,False,False,False,False,6344,16,False,512,0.0006,,1452,0,total_elems,6344,8664,1,1,,,,0.0,16,4,6344,558,158,40,,,,,,,,,,,,,,,,,,,,,,,,,,,,,,,,,,,,,,,,,,,,,,,,
98.62507495895261,absorbing,,,,,,,L,32,28,70,86,343,313,656,6,3,111,0.02787350001744926,0.02766074996907264,0.0555342499865219,0.05605050001759082,6244,6864,16,16,False,False,False,False,6244,16,False,512,0.0006,,1452,0,total_elems,6244,6864,1,1,,,,0.0,16,4,6244,544,158,40,,,,,,,,,,,,,,,,,,,,,,,,,,,,,,,,,,,,,,,,,,,,,,,,
98.70782670896733,absorbing,,,,,,,L,33,28,70,86,346,313,659,5,3,114,0.029211124987341464,0.02560070902109146,0.054811834008432925,0.05532941600540653,5392,7196,16,16,False,False,False,False,5392,16,False,512,0.0006,,1452,0,total_elems,5392,7196,1,1,,,,0.0,16,4,5392,542,158,40,,,,,,,,,,,,,,,,,,,,,,,,,,,,,,,,,,,,,,,,,,,,,,,,
98.78719154198188,absorbing,,,,,,,L,34,28,70,86,349,313,662,6,3,117,0.02621479198569432,0.02471883303951472,0.05093362502520904,0.051419332972727716,5600,7128,16,16,False,False,False,False,5600,16,False,512,0.0006,,1452,0,total_elems,5600,7128,1,1,,,,0.0,16,4,5600,558,158,40,,,,,,,,,,,,,,,,,,,,,,,,,,,,,,,,,,,,,,,,,,,,,,,,
98.87010491697583,absorbing,,,,,,,L,35,28,70,86,352,313,665,4,3,120,0.027847416000440717,0.025856000022031367,0.053703416022472084,0.054202582978177816,7084,7388,16,16,False,False,False,False,7084,16,False,512,0.0006,,1452,0,total_elems,7084,7388,1,1,,,,0.0,16,4,7084,614,158,40,,,,,,,,,,,,,,,,,,,,,,,,,,,,,,,,,,,,,,,,,,,,,,,,
98.94992862496292,absorbing,,,,,,,R,35,29,70,86,352,315,667,9,2,122,0.024144250026438385,0.026443791983183473,0.05058804200962186,0.05107200000202283,8656,7428,16,16,False,False,False,False,7428,16,False,512,0.0006,,1452,0,total_elems,8656,7428,1,1,,,,0.0,16,4,7428,640,158,40,,,,,,,,,,,,,,,,,,,,,,,,,,,,,,,,,,,,,,,,,,,,,,,,
99.03635808394756,absorbing,,,,,,,L,36,29,70,86,353,315,668,4,1,123,0.025406917033251375,0.03291800001170486,0.05832491704495624,0.05884791596326977,7712,8240,16,16,False,False,False,False,7712,16,False,512,0.0006,,1452,0,total_elems,7712,8240,1,1,,,,0.0,16,4,7712,660,158,40,,,,,,,,,,,,,,,,,,,,,,,,,,,,,,,,,,,,,,,,,,,,,,,,
99.1803032499738,absorbing,,,,,,,R,36,30,70,86,353,318,671,7,3,126,0.033931749989278615,0.08051991701358929,0.11445166700286791,0.11553508299402893,10144,8516,16,16,False,False,False,False,8516,16,False,512,0.0006,,1452,0,total_elems,10144,8516,1,1,,,,0.0,16,4,8516,644,158,40,,,,,,,,,,,,,,,,,,,,,,,,,,,,,,,,,,,,,,,,,,,,,,,,
99.27746516698971,absorbing,,,,,,,R,36,31,70,86,353,322,675,5,4,130,0.03698387503391132,0.030721125018317252,0.06770500005222857,0.0682177499984391,11908,7052,48,16,False,False,False,False,7052,16,False,512,0.0006,,1452,0,total_elems,11908,7052,1,1,,,,0.0,16,4,7052,590,158,40,,,,,,,,,,,,,,,,,,,,,,,,,,,,,,,,,,,,,,,,,,,,,,,,
99.36890495900298,absorbing,,,,,,,R,36,32,70,86,353,324,677,7,2,132,0.0361134170088917,0.025948041991796345,0.062061459000688046,0.06259241700172424,10088,6368,48,16,False,False,False,False,6368,16,False,512,0.0006,,1452,0,total_elems,10088,6368,1,1,,,,0.0,16,4,6368,582,158,40,,,,,,,,,,,,,,,,,,,,,,,,,,,,,,,,,,,,,,,,,,,,,,,,
99.46325479197549,absorbing,,,,,,,R,36,33,70,86,353,329,682,4,5,137,0.03682475001551211,0.028371167019940913,0.06519591703545302,0.0657392080174759,9016,5976,48,16,False,False,False,False,5976,16,False,512,0.0006,,1452,0,total_elems,9016,5976,1,1,,,,0.0,16,4,5976,566,158,40,,,,,,,,,,,,,,,,,,,,,,,,,,,,,,,,,,,,,,,,,,,,,,,,
99.555247124983,absorbing,,,,,,,R,36,34,70,86,353,331,684,4,2,139,0.037681124988012016,0.024976124987006187,0.0626572499750182,0.0631704589468427,8760,6868,48,16,False,False,False,False,6868,16,False,512,0.0006,,1452,0,total_elems,8760,6868,1,1,,,,0.0,16,4,6868,604,158,40,,,,,,,,,,,,,,,,,,,,,,,,,,,,,,,,,,,,,,,,,,,,,,,,
99.64838224998675,absorbing,,,,,,,L,37,34,70,86,355,331,686,4,2,141,0.03750537504674867,0.026132665982004255,0.06363804102875292,0.06420012499438599,9076,9296,48,32,False,False,False,False,9076,48,False,512,0.0006,,1452,0,total_elems,9076,9296,1,1,,,,0.0,48,4,9076,626,158,40,,,,,,,,,,,,,,,,,,,,,,,,,,,,,,,,,,,,,,,,,,,,,,,,
99.7333186249598,absorbing,,,,,,,L,38,34,70,86,357,331,688,7,2,143,0.028673207969404757,0.027377833030186594,0.05605104099959135,0.05655391595792025,10356,11120,48,48,False,False,False,False,10356,48,False,512,0.0006,,1452,0,total_elems,10356,11120,1,1,,,,0.0,48,4,10356,658,158,40,,,,,,,,,,,,,,,,,,,,,,,,,,,,,,,,,,,,,,,,,,,,,,,,
99.82111620897194,absorbing,,,,,,,R,38,35,70,86,357,333,690,4,2,145,0.030635125003755093,0.0284199999878183,0.05905512499157339,0.0596247500507161,13012,11856,48,48,False,False,False,False,11856,48,False,512,0.0006,,1452,0,total_elems,13012,11856,1,1,,,,0.0,48,4,11856,700,158,40,,,,,,,,,,,,,,,,,,,,,,,,,,,,,,,,,,,,,,,,,,,,,,,,
99.90784170897678,absorbing,,,,,,,R,38,36,70,86,357,334,691,6,1,146,0.030549125047400594,0.026631792017724365,0.05718091706512496,0.05777629103977233,13480,12480,48,48,False,False,False,False,12480,48,False,512,0.0006,,1452,0,total_elems,13480,12480,1,1,,,,0.0,48,4,12480,726,158,40,,,,,,,,,,,,,,,,,,,,,,,,,,,,,,,,,,,,,,,,,,,,,,,,
99.99428924999665,absorbing,,,,,,,L,39,36,70,86,359,334,693,7,2,148,0.02914658299414441,0.027674457989633083,0.05682104098377749,0.05733545799739659,13592,14416,48,48,False,False,False,False,13592,48,False,512,0.0006,,1452,0,total_elems,13592,14416,1,1,,,,0.0,48,4,13592,742,158,40,,,,,,,,,,,,,,,,,,,,,,,,,,,,,,,,,,,,,,,,,,,,,,,,
100.08440333395265,absorbing,,,,,,,R,39,37,70,86,359,335,694,5,1,149,0.031986249960027635,0.0286628749454394,0.06064912490546703,0.06121520802844316,16856,15224,48,48,False,False,False,False,15224,48,False,512,0.0006,,1452,0,total_elems,16856,15224,1,1,,,,0.0,48,4,15224,796,158,40,,,,,,,,,,,,,,,,,,,,,,,,,,,,,,,,,,,,,,,,,,,,,,,,
100.1754288339871,absorbing,,,,,,,L,40,37,70,86,361,335,696,8,2,151,0.029701582971028984,0.03186512499814853,0.061566707969177514,0.06209120905259624,18476,25844,48,48,False,False,False,False,18476,48,False,512,0.0006,,1452,0,total_elems,18476,25844,1,1,,,,0.0,48,4,18476,910,158,40,,,,,,,,,,,,,,,,,,,,,,,,,,,,,,,,,,,,,,,,,,,,,,,,
100.27534241694957,absorbing,,,,,,,L,41,37,70,86,363,335,698,6,2,153,0.03571116697276011,0.0344378330046311,0.07014899997739121,0.07071716705104336,29396,29480,48,48,False,False,False,False,29396,48,False,512,0.0006,,1452,0,total_elems,29396,29480,1,1,,,,0.0,48,4,29396,1048,158,40,,,,,,,,,,,,,,,,,,,,,,,,,,,,,,,,,,,,,,,,,,,,,,,,
100.38743212498957,absorbing,,,,,,,R,41,38,70,86,363,335,698,5,0,153,0.042933792050462216,0.03946699999505654,0.08240079204551876,0.08299474994419143,40392,35404,48,63,False,False,False,False,35404,63,False,512,0.0006,,1452,0,total_elems,40392,35404,1,1,,,,0.0,63,4,35404,1164,158,40,,,,,,,,,,,,,,,,,,,,,,,,,,,,,,,,,,,,,,,,,,,,,,,,
100.51594333397225,absorbing,,,,,,,R,41,39,70,86,363,335,698,5,0,153,0.05192687502130866,0.04678004200104624,0.0987069170223549,0.09924641699763015,51300,39220,62,64,False,False,False,False,39220,64,False,512,0.0006,,1452,0,total_elems,51300,39220,1,1,,,,0.0,64,4,39220,1182,158,40,,,,,,,,,,,,,,,,,,,,,,,,,,,,,,,,,,,,,,,,,,,,,,,,
100.64608562499052,absorbing,,,,,,,R,41,40,70,86,363,337,700,7,2,155,0.0510426249820739,0.04875662497943267,0.09979924996150658,0.10037925001233816,56116,30868,64,64,False,False,False,False,30868,64,False,512,0.0006,,1452,0,total_elems,56116,30868,1,1,,,,0.0,64,4,30868,1130,158,40,,,,,,,,,,,,,,,,,,,,,,,,,,,,,,,,,,,,,,,,,,,,,,,,
100.76537958398694,absorbing,,,,,,,R,41,41,70,86,363,338,701,6,1,156,0.04491004103329033,0.043465958966407925,0.08837599999969825,0.08938841702183709,45156,25876,64,32,False,False,False,False,25876,32,False,512,0.0006,,1452,0,total_elems,45156,25876,1,1,,,,0.0,32,4,25876,1074,158,40,,,,,,,,,,,,,,,,,,,,,,,,,,,,,,,,,,,,,,,,,,,,,,,,
100.86764687497634,absorbing,,,,,,,R,41,42,70,86,363,339,702,6,1,157,0.03441650001332164,0.038130833010654896,0.07254733302397653,0.0730656249797903,32940,32548,48,63,False,False,False,False,32548,63,False,512,0.0006,,1452,0,total_elems,32940,32548,1,1,,,,0.0,63,4,32548,1176,158,40,,,,,,,,,,,,,,,,,,,,,,,,,,,,,,,,,,,,,,,,,,,,,,,,
100.98293791699689,absorbing,,,,,,,L,42,42,70,86,364,339,703,5,1,158,0.03663370799040422,0.04776708298595622,0.08440079097636044,0.08493666700087488,36612,41620,62,62,False,False,False,False,36612,62,False,512,0.0006,,1452,0,total_elems,36612,41620,1,1,,,,0.0,62,4,36612,1262,158,40,,,,,,,,,,,,,,,,,,,,,,,,,,,,,,,,,,,,,,,,,,,,,,,,
101.12659770896425,absorbing,,,,,,,R,42,43,70,86,364,343,707,5,4,162,0.05876787501620129,0.05484408402116969,0.11361195903737098,0.11472487496212125,51408,44692,61,61,False,False,False,False,44692,61,False,512,0.0006,,1452,0,total_elems,51408,44692,1,1,,,,0.0,61,4,44692,1428,158,40,,,,,,,,,,,,,,,,,,,,,,,,,,,,,,,,,,,,,,,,,,,,,,,,
101.27591266698437,absorbing,,,,,,,R,42,44,70,86,364,345,709,8,2,164,0.06131458398886025,0.0569181670434773,0.11823275103233755,0.11877370800357312,59196,55720,60,64,False,False,False,False,55720,64,False,512,0.0006,,1452,0,total_elems,59196,55720,1,1,,,,0.0,64,4,55720,1518,158,40,,,,,,,,,,,,,,,,,,,,,,,,,,,,,,,,,,,,,,,,,,,,,,,,
101.46234070899663,absorbing,,,,,,,L,43,44,70,86,365,345,710,6,1,165,0.06580520904390141,0.09015612496295944,0.15596133400686085,0.15649754204787314,57924,100036,64,80,False,False,False,False,57924,64,False,512,0.0006,,1452,0,total_elems,57924,100036,1,1,,,,0.0,64,4,57924,1522,158,40,,,,,,,,,,,,,,,,,,,,,,,,,,,,,,,,,,,,,,,,,,,,,,,,
101.66083670896478,absorbing,,,,,,,L,44,44,70,86,368,345,713,3,3,168,0.06499929097481072,0.10279708402231336,0.16779637499712408,0.16909708396997303,39776,114748,38,100,False,False,False,False,39776,38,False,512,0.0006,,1452,0,total_elems,39776,114748,1,1,,,,0.0,38,4,39776,1318,158,40,,,,,,,,,,,,,,,,,,,,,,,,,,,,,,,,,,,,,,,,,,,,,,,,
101.81052033399465,absorbing,,,,,,,L,45,44,70,86,370,345,715,5,2,170,0.05014654202386737,0.06732979201478884,0.1174763340386562,0.11802150000585243,40864,74724,39,94,False,False,False,False,40864,39,False,512,0.0006,,1452,0,total_elems,40864,74724,1,1,,,,0.0,39,4,40864,1298,158,40,,,,,,,,,,,,,,,,,,,,,,,,,,,,,,,,,,,,,,,,,,,,,,,,
101.98751858394826,absorbing,,,,,,,L,46,44,70,86,373,345,718,6,3,173,0.07279512501554564,0.07418212498305365,0.1469772499985993,0.14754216698929667,58032,71868,63,94,False,False,False,False,58032,63,False,512,0.0006,,1452,0,total_elems,58032,71868,1,1,,,,0.0,63,4,58032,1456,158,40,,,,,,,,,,,,,,,,,,,,,,,,,,,,,,,,,,,,,,,,,,,,,,,,
102.20605241699377,absorbing,,,,,,,L,47,44,70,86,374,345,719,5,1,174,0.085827375005465,0.10203179204836488,0.18785916705382988,0.18900341598782688,88404,95092,128,110,False,False,False,False,88404,128,False,512,0.0006,,1452,0,total_elems,88404,95092,1,1,,,,0.0,128,4,88404,1716,158,40,,,,,,,,,,,,,,,,,,,,,,,,,,,,,,,,,,,,,,,,,,,,,,,,
102.54921487497631,absorbing,,,,,,,R,47,45,70,86,374,349,723,6,4,178,0.203275959007442,0.10933649999788031,0.3126124590053223,0.31316937500378117,181860,114724,128,109,False,False,False,False,114724,109,False,512,0.0006,,1452,0,total_elems,181860,114724,1,1,,,,0.0,109,4,114724,1852,158,40,,,,,,,,,,,,,,,,,,,,,,,,,,,,,,,,,,,,,,,,,,,,,,,,
103.05599641695153,absorbing,,,,,,,L,48,45,70,86,376,349,725,8,2,180,0.21104945801198483,0.26091266702860594,0.47196212504059076,0.4764745000284165,158212,289004,128,250,False,False,False,False,158212,128,False,512,0.0006,,1452,0,total_elems,158212,289004,1,1,,,,0.0,128,4,158212,2146,158,40,,,,,,,,,,,,,,,,,,,,,,,,,,,,,,,,,,,,,,,,,,,,,,,,
103.55848833394703,absorbing,,,,,,,R,48,46,70,86,376,351,727,8,2,182,0.25472595798783004,0.21556262503145263,0.47028858301928267,0.47172983398195356,328348,326956,253,250,False,False,False,False,326956,250,False,512,0.0006,,1452,0,total_elems,328348,326956,1,1,,,,0.0,250,4,326956,2798,158,40,,,,,,,,,,,,,,,,,,,,,,,,,,,,,,,,,,,,,,,,,,,,,,,,
104.2386406249716,absorbing,,,,,,,R,48,47,70,86,376,354,730,6,3,185,0.3795849169837311,0.269202958967071,0.6487878759508021,0.6496961250086315,652572,353968,247,243,False,False,True,False,353968,243,False,512,0.0006,,1452,0,total_elems,652572,353968,1,1,,,,0.0,243,4,353968,3078,158,40,,,,,,,,,,,,,,,,,,,,,,,,,,,,,,,,,,,,,,,,,,,,,,,,
104.93544216698501,absorbing,,,,,,,R,48,48,70,86,376,357,733,6,3,188,0.38367737497901544,0.2816875000135042,0.6653648749925196,0.6664844999904744,657560,322320,243,173,False,False,True,False,322320,173,False,512,0.0006,,1452,0,total_elems,657560,322320,1,1,,,,0.0,173,4,322320,3090,158,40,,,,,,,,,,,,,,,,,,,,,,,,,,,,,,,,,,,,,,,,,,,,,,,,
105.71172308397945,absorbing,,,,,,,R,48,49,70,86,376,359,735,7,2,190,0.3457840000046417,0.3999177919467911,0.7457017919514328,0.7464881659834646,551300,455112,240,161,False,False,True,False,455112,161,False,512,0.0006,,1452,0,total_elems,551300,455112,1,1,,,,0.0,161,4,455112,3404,158,40,,,,,,,,,,,,,,,,,,,,,,,,,,,,,,,,,,,,,,,,,,,,,,,,
110.4598985419725,unswapping,,,,,,,,,,,,,,,,,,,,,,,,,,,,,,,,,,,,,,,,,,,,,,,145,4,403252,3272,158,40,0,both,0,20,20,3,3,,,,,0,,,,,,,,,,,,,,,,,,,,,,,,,,,,,,,,,,,,
112.0077048749663,unswapping,,,,,,,,,,,,,,,,,,,,,,,,,,,,,,,,,,,,,,,,,,,,,,,128,4,312296,2600,158,40,0,both,1,19,19,8,11,,,,,0,,,,,,,,,,,,,,,,,,,,,,,,,,,,,,,,,,,,
112.74446762498701,unswapping,,,,,,,,,,,,,,,,,,,,,,,,,,,,,,,,,,,,,,,,,,,,,,,128,4,188316,2144,158,40,0,left,0,20,20,8,19,,,,,16,,,,,,,,,,,,,,,,,,,,,,,,,,,,,,,,,,,,
113.12282962497557,unswapping,,,,,,,,,,,,,,,,,,,,,,,,,,,,,,,,,,,,,,,,,,,,,,,128,4,153972,1986,158,40,0,left,1,19,19,6,25,,,,,28,,,,,,,,,,,,,,,,,,,,,,,,,,,,,,,,,,,,
113.48411849996774,unswapping,,,,,,,,,,,,,,,,,,,,,,,,,,,,,,,,,,,,,,,,,,,,,,,109,4,136728,1852,158,40,0,right,0,20,20,4,29,,,,,32,,,,,,,,,,,,,,,,,,,,,,,,,,,,,,,,,,,,
113.75655799999367,unswapping,,,,,,,,,,,,,,,,,,,,,,,,,,,,,,,,,,,,,,,,,,,,,,,103,4,110808,1704,158,40,0,right,1,19,19,5,34,,,,,42,,,,,,,,,,,,,,,,,,,,,,,,,,,,,,,,,,,,
114.254145416955,unswapping,,,,,,,,,,,,,,,,,,,,,,,,,,,,,,,,,,,,,,,,,,,,,,,88,4,96192,1596,158,40,1,both,0,20,20,1,1,,,,,42,,,,,,,,,,,,,,,,,,,,,,,,,,,,,,,,,,,,
114.60808408400044,unswapping,,,,,,,,,,,,,,,,,,,,,,,,,,,,,,,,,,,,,,,,,,,,,,,84,4,93040,1560,158,40,1,both,1,19,19,2,3,,,,,44,,,,,,,,,,,,,,,,,,,,,,,,,,,,,,,,,,,,
114.82879462494748,unswapping,,,,,,,,,,,,,,,,,,,,,,,,,,,,,,,,,,,,,,,,,,,,,,,82,4,90944,1528,158,40,1,left,0,20,20,1,4,,,,,46,,,,,,,,,,,,,,,,,,,,,,,,,,,,,,,,,,,,
115.04718520899769,unswapping,,,,,,,,,,,,,,,,,,,,,,,,,,,,,,,,,,,,,,,,,,,,,,,64,4,83252,1482,158,40,1,left,1,19,19,2,6,,,,,46,,,,,,,,,,,,,,,,,,,,,,,,,,,,,,,,,,,,
115.18301149999024,unswapping,,,,,,,,,,,,,,,,,,,,,,,,,,,,,,,,,,,,,,,,,,,,,,,64,4,83252,1482,158,40,1,right,0,20,20,0,6,,,,,46,,,,,,,,,,,,,,,,,,,,,,,,,,,,,,,,,,,,
115.30150608398253,unswapping,,,,,,,,,,,,,,,,,,,,,,,,,,,,,,,,,,,,,,,,,,,,,,,64,4,83252,1482,158,40,1,right,1,19,19,0,6,,,,,46,,,,,,,,,,,,,,,,,,,,,,,,,,,,,,,,,,,,
115.61673283396522,unswapping,,,,,,,,,,,,,,,,,,,,,,,,,,,,,,,,,,,,,,,,,,,,,,,64,4,83252,1482,158,40,2,both,0,20,20,0,0,,,,,46,,,,,,,,,,,,,,,,,,,,,,,,,,,,,,,,,,,,
115.85954333399422,unswapping,,,,,,,,,,,,,,,,,,,,,,,,,,,,,,,,,,,,,,,,,,,,,,,64,4,83252,1482,158,40,2,both,1,19,19,0,0,,,,,46,,,,,,,,,,,,,,,,,,,,,,,,,,,,,,,,,,,,
116.00316745898454,unswapping,,,,,,,,,,,,,,,,,,,,,,,,,,,,,,,,,,,,,,,,,,,,,,,64,4,83252,1482,158,40,2,left,0,20,20,0,0,,,,,46,,,,,,,,,,,,,,,,,,,,,,,,,,,,,,,,,,,,
116.11345962499036,unswapping,,,,,,,,,,,,,,,,,,,,,,,,,,,,,,,,,,,,,,,,,,,,,,,64,4,83252,1482,158,40,2,left,1,19,19,0,0,,,,,46,,,,,,,,,,,,,,,,,,,,,,,,,,,,,,,,,,,,
116.24361295899143,unswapping,,,,,,,,,,,,,,,,,,,,,,,,,,,,,,,,,,,,,,,,,,,,,,,64,4,83252,1482,158,40,2,right,0,20,20,0,0,,,,,46,,,,,,,,,,,,,,,,,,,,,,,,,,,,,,,,,,,,
116.35602154198568,unswapping,,,,,,,,,,,,,,,,,,,,,,,,,,,,,,,,,,,,,,,,,,,,,,,64,4,83252,1482,158,40,2,right,1,19,19,0,0,,,,,46,,,,,,,,,,,,,,,,,,,,,,,,,,,,,,,,,,,,
116.85905837494647,unswap_cycle_summary,,,,,,,,,,,,376,359,735,,,,,,,,,,,,,,,,,,,512,0.0006,,,,,,,,,,,,,64,4,83252,1482,158,40,,,,,,,,,,,,,,,,,,,,4,9.672530541021843,735,808,73,190,False,,,,,,,,,,,,,,,,,,,,,,
116.90026004199171,rewiring,left,post_unswap,0.012403834029100835,24,False,False,,,,,,,,,,,,,,,,,,,,,,,,,,,,,,,,,,,,,,,,,,,,,,,,,,,,,,,,,,,,,,,,,,4,,,,,,,50,False,190,1,none,0.0,123,0.012400583014823496,0.03167966700857505,,,,,,,,,,,,,
116.91928891697899,rewiring,right,post_unswap,0.018860624986700714,39,False,False,,,,,,,,,,,,,,,,,,,,,,,,,,,,,,,,,,,,,,,,,,,,,,,,,,,,,,,,,,,,,,,,,,4,,,,,,,50,False,190,1,none,0.0,123,0.0188579999958165,0.03167966700857505,,,,,,,,,,,,,
116.97582999995211,cycle_progress,,,,,,,,,,,,376,359,735,,,,,,,,,,,,,,,,,,,512,0.0006,,1452,0,,,,,,,,,,64,4,83252,1482,158,40,,,,,,,,,,,,,,,,,,,,4,,735,808,73,190,False,,,,,,,,,0.03167966700857505,,,,,,,,,,,,,
117.23255954199703,absorbing,,,,,,,L,1,0,20,42,378,359,737,8,2,2,0.12108295800862834,0.10139391699340194,0.22247687500203028,0.22577108297264203,82288,128176,64,124,False,False,False,False,82288,64,False,512,0.0006,,83252,0,total_elems,82288,128176,1,1,,,,0.0,64,4,82288,1492,158,40,,,,,,,,,,,,,,,,,,,,,,,,,,,,,,,,,,,,,,,,,,,,,,,,
117.48773875000188,absorbing,,,,,,,R,1,1,20,42,378,360,738,10,1,3,0.11806979199172929,0.10309029201744124,0.22116008400917053,0.22252954100258648,132592,128904,128,124,False,False,False,False,128904,124,False,512,0.0006,,83252,0,total_elems,132592,128904,1,1,,,,0.0,124,4,128904,1838,158,40,,,,,,,,,,,,,,,,,,,,,,,,,,,,,,,,,,,,,,,,,,,,,,,,
117.85805745900143,absorbing,,,,,,,L,2,1,20,42,380,360,740,9,2,5,0.14803537499392405,0.1899742090026848,0.33800958399660885,0.33867512503638864,185548,271116,128,174,False,False,False,False,185548,128,False,512,0.0006,,83252,0,total_elems,185548,271116,1,1,,,,0.0,128,4,185548,2152,158,40,,,,,,,,,,,,,,,,,,,,,,,,,,,,,,,,,,,,,,,,,,,,,,,,
118.48934137495235,absorbing,,,,,,,R,2,2,20,42,380,365,745,6,5,10,0.41146216698689386,0.18657816702034324,0.5980403340072371,0.5986423750291578,333228,287116,174,174,False,False,False,False,287116,174,False,512,0.0006,,83252,0,total_elems,333228,287116,1,1,,,,0.0,174,4,287116,2528,158,40,,,,,,,,,,,,,,,,,,,,,,,,,,,,,,,,,,,,,,,,,,,,,,,,
119.45468954194803,absorbing,,,,,,,L,3,2,20,42,381,365,746,4,1,11,0.637682833999861,0.29473070899257436,0.9324135429924354,0.9342724159942009,433868,464676,314,261,False,False,False,False,433868,314,False,512,0.0006,,83252,0,total_elems,433868,464676,1,1,,,,0.0,314,4,433868,2996,158,40,,,,,,,,,,,,,,,,,,,,,,,,,,,,,,,,,,,,,,,,,,,,,,,,
120.14493154198863,absorbing,,,,,,,L,4,2,20,42,382,365,747,6,1,12,0.2551714159781113,0.40320187498582527,0.6583732909639366,0.6589903329731897,404000,505564,280,280,False,False,False,True,404000,280,False,512,0.0006,,83252,0,total_elems,404000,505564,1,1,,,,0.0,280,4,404000,2984,158,40,,,,,,,,,,,,,,,,,,,,,,,,,,,,,,,,,,,,,,,,,,,,,,,,
121.05744062497979,absorbing,,,,,,,R,4,3,20,42,382,369,751,8,4,16,0.506726959021762,0.37363770802039653,0.8803646670421585,0.8813533749780618,707120,494392,262,262,False,False,True,False,494392,262,False,512,0.0006,,83252,0,total_elems,707120,494392,1,1,,,,0.0,262,4,494392,3362,158,40,,,,,,,,,,,,,,,,,,,,,,,,,,,,,,,,,,,,,,,,,,,,,,,,
129.1071336249588,unswapping,,,,,,,,,,,,,,,,,,,,,,,,,,,,,,,,,,,,,,,,,,,,,,,244,4,656548,3288,158,40,0,both,0,20,20,6,6,,,,,0,,,,,,,,,,,,,,,,,,,,,,,,,,,,,,,,,,,,
131.46711474994663,unswapping,,,,,,,,,,,,,,,,,,,,,,,,,,,,,,,,,,,,,,,,,,,,,,,230,4,344000,2686,158,40,0,both,1,19,19,5,11,,,,,0,,,,,,,,,,,,,,,,,,,,,,,,,,,,,,,,,,,,
132.12912591698114,unswapping,,,,,,,,,,,,,,,,,,,,,,,,,,,,,,,,,,,,,,,,,,,,,,,225,4,286032,2420,158,40,0,left,0,20,20,9,20,,,,,18,,,,,,,,,,,,,,,,,,,,,,,,,,,,,,,,,,,,
132.8583558339742,unswapping,,,,,,,,,,,,,,,,,,,,,,,,,,,,,,,,,,,,,,,,,,,,,,,221,4,264196,2298,158,40,0,left,1,19,19,6,26,,,,,30,,,,,,,,,,,,,,,,,,,,,,,,,,,,,,,,,,,,
133.3035007499857,unswapping,,,,,,,,,,,,,,,,,,,,,,,,,,,,,,,,,,,,,,,,,,,,,,,217,4,252452,2242,158,40,0,right,0,20,20,3,29,,,,,36,,,,,,,,,,,,,,,,,,,,,,,,,,,,,,,,,,,,
133.7520203339518,unswapping,,,,,,,,,,,,,,,,,,,,,,,,,,,,,,,,,,,,,,,,,,,,,,,214,4,238800,2104,158,40,0,right,1,19,19,6,35,,,,,48,,,,,,,,,,,,,,,,,,,,,,,,,,,,,,,,,,,,
134.5443574169767,unswapping,,,,,,,,,,,,,,,,,,,,,,,,,,,,,,,,,,,,,,,,,,,,,,,206,4,212772,1964,158,40,1,both,0,20,20,3,3,,,,,52,,,,,,,,,,,,,,,,,,,,,,,,,,,,,,,,,,,,
135.56775975000346,unswapping,,,,,,,,,,,,,,,,,,,,,,,,,,,,,,,,,,,,,,,,,,,,,,,202,4,186464,1850,158,40,1,both,1,19,19,2,5,,,,,54,,,,,,,,,,,,,,,,,,,,,,,,,,,,,,,,,,,,
135.88326658395818,unswapping,,,,,,,,,,,,,,,,,,,,,,,,,,,,,,,,,,,,,,,,,,,,,,,199,4,180412,1812,158,40,1,left,0,20,20,2,7,,,,,56,,,,,,,,,,,,,,,,,,,,,,,,,,,,,,,,,,,,
136.22996270895237,unswapping,,,,,,,,,,,,,,,,,,,,,,,,,,,,,,,,,,,,,,,,,,,,,,,197,4,172124,1732,158,40,1,left,1,19,19,4,11,,,,,64,,,,,,,,,,,,,,,,,,,,,,,,,,,,,,,,,,,,
136.49761279195081,unswapping,,,,,,,,,,,,,,,,,,,,,,,,,,,,,,,,,,,,,,,,,,,,,,,195,4,169692,1722,158,40,1,right,0,20,20,1,12,,,,,64,,,,,,,,,,,,,,,,,,,,,,,,,,,,,,,,,,,,
136.7378427919466,unswapping,,,,,,,,,,,,,,,,,,,,,,,,,,,,,,,,,,,,,,,,,,,,,,,195,4,169692,1722,158,40,1,right,1,19,19,0,12,,,,,64,,,,,,,,,,,,,,,,,,,,,,,,,,,,,,,,,,,,
137.39740999997593,unswapping,,,,,,,,,,,,,,,,,,,,,,,,,,,,,,,,,,,,,,,,,,,,,,,133,4,127240,1578,158,40,2,both,0,20,20,2,2,,,,,68,,,,,,,,,,,,,,,,,,,,,,,,,,,,,,,,,,,,
137.71489591698628,unswapping,,,,,,,,,,,,,,,,,,,,,,,,,,,,,,,,,,,,,,,,,,,,,,,133,4,127240,1578,158,40,2,both,1,19,19,0,2,,,,,68,,,,,,,,,,,,,,,,,,,,,,,,,,,,,,,,,,,,
137.87473991699517,unswapping,,,,,,,,,,,,,,,,,,,,,,,,,,,,,,,,,,,,,,,,,,,,,,,133,4,127240,1578,158,40,2,left,0,20,20,0,2,,,,,68,,,,,,,,,,,,,,,,,,,,,,,,,,,,,,,,,,,,
138.0329034589813,unswapping,,,,,,,,,,,,,,,,,,,,,,,,,,,,,,,,,,,,,,,,,,,,,,,133,4,127240,1578,158,40,2,left,1,19,19,0,2,,,,,68,,,,,,,,,,,,,,,,,,,,,,,,,,,,,,,,,,,,
138.1923244589707,unswapping,,,,,,,,,,,,,,,,,,,,,,,,,,,,,,,,,,,,,,,,,,,,,,,133,4,127240,1578,158,40,2,right,0,20,20,0,2,,,,,68,,,,,,,,,,,,,,,,,,,,,,,,,,,,,,,,,,,,
138.34571212495212,unswapping,,,,,,,,,,,,,,,,,,,,,,,,,,,,,,,,,,,,,,,,,,,,,,,133,4,127240,1578,158,40,2,right,1,19,19,0,2,,,,,68,,,,,,,,,,,,,,,,,,,,,,,,,,,,,,,,,,,,
138.68232074996922,unswapping,,,,,,,,,,,,,,,,,,,,,,,,,,,,,,,,,,,,,,,,,,,,,,,133,4,127240,1578,158,40,3,both,0,20,20,0,0,,,,,68,,,,,,,,,,,,,,,,,,,,,,,,,,,,,,,,,,,,
138.9977234589751,unswapping,,,,,,,,,,,,,,,,,,,,,,,,,,,,,,,,,,,,,,,,,,,,,,,133,4,127240,1578,158,40,3,both,1,19,19,0,0,,,,,68,,,,,,,,,,,,,,,,,,,,,,,,,,,,,,,,,,,,
139.15658283396624,unswapping,,,,,,,,,,,,,,,,,,,,,,,,,,,,,,,,,,,,,,,,,,,,,,,133,4,127240,1578,158,40,3,left,0,20,20,0,0,,,,,68,,,,,,,,,,,,,,,,,,,,,,,,,,,,,,,,,,,,
139.3120830419939,unswapping,,,,,,,,,,,,,,,,,,,,,,,,,,,,,,,,,,,,,,,,,,,,,,,133,4,127240,1578,158,40,3,left,1,19,19,0,0,,,,,68,,,,,,,,,,,,,,,,,,,,,,,,,,,,,,,,,,,,
139.46977537497878,unswapping,,,,,,,,,,,,,,,,,,,,,,,,,,,,,,,,,,,,,,,,,,,,,,,133,4,127240,1578,158,40,3,right,0,20,20,0,0,,,,,68,,,,,,,,,,,,,,,,,,,,,,,,,,,,,,,,,,,,
139.62406837497838,unswapping,,,,,,,,,,,,,,,,,,,,,,,,,,,,,,,,,,,,,,,,,,,,,,,133,4,127240,1578,158,40,3,right,1,19,19,0,0,,,,,68,,,,,,,,,,,,,,,,,,,,,,,,,,,,,,,,,,,,
140.32740274997195,unswap_cycle_summary,,,,,,,,,,,,382,369,751,,,,,,,,,,,,,,,,,,,512,0.0006,,,,,,,,,,,,,133,4,127240,1578,158,40,,,,,,,,,,,,,,,,,,,,5,17.605541082972195,751,808,57,16,False,,,,,,,,,,,,,,,,,,,,,,
140.369699709001,rewiring,left,post_unswap,0.012265749974176288,18,False,False,,,,,,,,,,,,,,,,,,,,,,,,,,,,,,,,,,,,,,,,,,,,,,,,,,,,,,,,,,,,,,,,,,5,,,,,,,50,False,16,1,none,0.0,123,0.012262500007636845,0.08934887498617172,,,,,,,,,,,,,
140.44660499994643,rewiring,right,post_unswap,0.07670391700230539,41,False,False,,,,,,,,,,,,,,,,,,,,,,,,,,,,,,,,,,,,,,,,,,,,,,,,,,,,,,,,,,,,,,,,,,5,,,,,,,50,False,16,1,none,0.0,123,0.07669995800824836,0.08934887498617172,,,,,,,,,,,,,
140.50795191695215,cycle_progress,,,,,,,,,,,,382,369,751,,,,,,,,,,,,,,,,,,,512,0.0006,,83252,0,,,,,,,,,,133,4,127240,1578,158,40,,,,,,,,,,,,,,,,,,,,5,,751,808,57,16,False,,,,,,,,,0.08934887498617172,,,,,,,,,,,,,
140.77549183397787,absorbing,,,,,,,L,1,0,25,41,385,369,754,8,3,3,0.08750162500655279,0.1438271250226535,0.23132875002920628,0.2335211660247296,123772,192252,122,209,False,False,False,False,123772,122,False,512,0.0006,,127240,0,total_elems,123772,192252,1,1,,,,0.0,122,4,123772,1650,158,40,,,,,,,,,,,,,,,,,,,,,,,,,,,,,,,,,,,,,,,,,,,,,,,,
141.1080932089826,absorbing,,,,,,,L,2,0,25,41,387,369,756,10,2,5,0.145227916946169,0.1542812080006115,0.2995091249467805,0.3001424160320312,181008,196060,200,205,False,False,False,False,181008,200,False,512,0.0006,,127240,0,total_elems,181008,196060,1,1,,,,0.0,200,4,181008,1948,158,40,,,,,,,,,,,,,,,,,,,,,,,,,,,,,,,,,,,,,,,,,,,,,,,,
141.51101224997547,absorbing,,,,,,,R,2,1,25,41,387,372,759,8,3,8,0.2041822909959592,0.16443437500856817,0.36861666600452736,0.36921041598543525,221312,197940,190,195,False,False,False,False,197940,195,False,512,0.0006,,127240,0,total_elems,221312,197940,1,1,,,,0.0,195,4,197940,2122,158,40,,,,,,,,,,,,,,,,,,,,,,,,,,,,,,,,,,,,,,,,,,,,,,,,
141.91174037498422,absorbing,,,,,,,L,3,1,25,41,387,372,759,9,0,8,0.20533983304630965,0.16226354200625792,0.36760337505256757,0.3687554580392316,250836,268708,194,194,False,False,False,False,250836,194,False,512,0.0006,,127240,0,total_elems,250836,268708,1,1,,,,0.0,194,4,250836,2422,158,40,,,,,,,,,,,,,,,,,,,,,,,,,,,,,,,,,,,,,,,,,,,,,,,,
142.3958905839827,absorbing,,,,,,,L,4,1,25,41,391,372,763,7,4,12,0.2526241669547744,0.19837983296019956,0.451003999914974,0.45154129195725545,326468,328232,193,193,False,False,False,False,326468,193,False,512,0.0006,,127240,0,total_elems,326468,328232,1,1,,,,0.0,193,4,326468,2864,158,40,,,,,,,,,,,,,,,,,,,,,,,,,,,,,,,,,,,,,,,,,,,,,,,,
143.12368066696217,absorbing,,,,,,,R,4,2,25,41,391,373,764,10,1,13,0.42400416696909815,0.2698660839814693,0.6938702509505674,0.6945394159993157,428948,384164,233,192,False,False,False,False,384164,192,False,512,0.0006,,127240,0,total_elems,428948,384164,1,1,,,,0.0,192,4,384164,3106,158,40,,,,,,,,,,,,,,,,,,,,,,,,,,,,,,,,,,,,,,,,,,,,,,,,
144.26629124995088,absorbing,,,,,,,L,5,2,25,41,393,373,766,7,2,15,0.5373644590144977,0.5684989169822074,1.1058633759967051,1.1064296659897082,499356,942576,228,408,False,False,False,True,499356,228,False,512,0.0006,,127240,0,total_elems,499356,942576,1,1,,,,0.0,228,4,499356,3352,158,40,,,,,,,,,,,,,,,,,,,,,,,,,,,,,,,,,,,,,,,,,,,,,,,,
147.54995841695927,unswapping,,,,,,,,,,,,,,,,,,,,,,,,,,,,,,,,,,,,,,,,,,,,,,,214,4,505468,3456,158,40,0,both,0,20,20,5,5,,,,,0,,,,,,,,,,,,,,,,,,,,,,,,,,,,,,,,,,,,
149.65994408394909,unswapping,,,,,,,,,,,,,,,,,,,,,,,,,,,,,,,,,,,,,,,,,,,,,,,203,4,384048,2706,158,40,0,both,1,19,19,9,14,,,,,0,,,,,,,,,,,,,,,,,,,,,,,,,,,,,,,,,,,,
150.2718935419689,unswapping,,,,,,,,,,,,,,,,,,,,,,,,,,,,,,,,,,,,,,,,,,,,,,,199,4,367664,2566,158,40,0,left,0,20,20,4,18,,,,,8,,,,,,,,,,,,,,,,,,,,,,,,,,,,,,,,,,,,
151.058246666973,unswapping,,,,,,,,,,,,,,,,,,,,,,,,,,,,,,,,,,,,,,,,,,,,,,,196,4,361180,2522,158,40,0,left,1,19,19,1,19,,,,,10,,,,,,,,,,,,,,,,,,,,,,,,,,,,,,,,,,,,
151.73357483395375,unswapping,,,,,,,,,,,,,,,,,,,,,,,,,,,,,,,,,,,,,,,,,,,,,,,194,4,296504,2336,158,40,0,right,0,20,20,3,22,,,,,12,,,,,,,,,,,,,,,,,,,,,,,,,,,,,,,,,,,,
152.29122374998406,unswapping,,,,,,,,,,,,,,,,,,,,,,,,,,,,,,,,,,,,,,,,,,,,,,,192,4,283336,2210,158,40,0,right,1,19,19,5,27,,,,,22,,,,,,,,,,,,,,,,,,,,,,,,,,,,,,,,,,,,
153.15427212498616,unswapping,,,,,,,,,,,,,,,,,,,,,,,,,,,,,,,,,,,,,,,,,,,,,,,192,4,279716,2158,158,40,1,both,0,20,20,4,4,,,,,22,,,,,,,,,,,,,,,,,,,,,,,,,,,,,,,,,,,,
154.8116614589817,unswapping,,,,,,,,,,,,,,,,,,,,,,,,,,,,,,,,,,,,,,,,,,,,,,,192,4,229356,2032,158,40,1,both,1,19,19,2,6,,,,,24,,,,,,,,,,,,,,,,,,,,,,,,,,,,,,,,,,,,
155.26897720899433,unswapping,,,,,,,,,,,,,,,,,,,,,,,,,,,,,,,,,,,,,,,,,,,,,,,150,4,179440,1902,158,40,1,left,0,20,20,3,9,,,,,28,,,,,,,,,,,,,,,,,,,,,,,,,,,,,,,,,,,,
155.72814741695765,unswapping,,,,,,,,,,,,,,,,,,,,,,,,,,,,,,,,,,,,,,,,,,,,,,,135,4,100512,1682,158,40,1,left,1,19,19,2,11,,,,,30,,,,,,,,,,,,,,,,,,,,,,,,,,,,,,,,,,,,
155.92678133398294,unswapping,,,,,,,,,,,,,,,,,,,,,,,,,,,,,,,,,,,,,,,,,,,,,,,68,4,62168,1460,158,40,1,right,0,20,20,4,15,,,,,30,,,,,,,,,,,,,,,,,,,,,,,,,,,,,,,,,,,,
156.08128087496152,unswapping,,,,,,,,,,,,,,,,,,,,,,,,,,,,,,,,,,,,,,,,,,,,,,,64,4,53940,1414,158,40,1,right,1,19,19,1,16,,,,,30,,,,,,,,,,,,,,,,,,,,,,,,,,,,,,,,,,,,
156.321336458961,unswapping,,,,,,,,,,,,,,,,,,,,,,,,,,,,,,,,,,,,,,,,,,,,,,,58,4,51572,1386,158,40,2,both,0,20,20,2,2,,,,,32,,,,,,,,,,,,,,,,,,,,,,,,,,,,,,,,,,,,
156.57176129199797,unswapping,,,,,,,,,,,,,,,,,,,,,,,,,,,,,,,,,,,,,,,,,,,,,,,55,4,43608,1330,158,40,2,both,1,19,19,1,3,,,,,34,,,,,,,,,,,,,,,,,,,,,,,,,,,,,,,,,,,,
156.67078358394792,unswapping,,,,,,,,,,,,,,,,,,,,,,,,,,,,,,,,,,,,,,,,,,,,,,,36,4,39092,1282,158,40,2,left,0,20,20,1,4,,,,,36,,,,,,,,,,,,,,,,,,,,,,,,,,,,,,,,,,,,
156.74423041695263,unswapping,,,,,,,,,,,,,,,,,,,,,,,,,,,,,,,,,,,,,,,,,,,,,,,36,4,39092,1282,158,40,2,left,1,19,19,0,4,,,,,36,,,,,,,,,,,,,,,,,,,,,,,,,,,,,,,,,,,,
156.83398737496464,unswapping,,,,,,,,,,,,,,,,,,,,,,,,,,,,,,,,,,,,,,,,,,,,,,,36,4,36200,1250,158,40,2,right,0,20,20,1,5,,,,,34,,,,,,,,,,,,,,,,,,,,,,,,,,,,,,,,,,,,
156.92627712496324,unswapping,,,,,,,,,,,,,,,,,,,,,,,,,,,,,,,,,,,,,,,,,,,,,,,36,4,35764,1244,158,40,2,right,1,19,19,1,6,,,,,32,,,,,,,,,,,,,,,,,,,,,,,,,,,,,,,,,,,,
157.03838112496305,unswapping,,,,,,,,,,,,,,,,,,,,,,,,,,,,,,,,,,,,,,,,,,,,,,,36,4,35764,1244,158,40,3,both,0,20,20,0,0,,,,,32,,,,,,,,,,,,,,,,,,,,,,,,,,,,,,,,,,,,
157.1709910419886,unswapping,,,,,,,,,,,,,,,,,,,,,,,,,,,,,,,,,,,,,,,,,,,,,,,36,4,35764,1244,158,40,3,both,1,19,19,0,0,,,,,32,,,,,,,,,,,,,,,,,,,,,,,,,,,,,,,,,,,,
157.22842499997932,unswapping,,,,,,,,,,,,,,,,,,,,,,,,,,,,,,,,,,,,,,,,,,,,,,,36,4,35764,1244,158,40,3,left,0,20,20,0,0,,,,,32,,,,,,,,,,,,,,,,,,,,,,,,,,,,,,,,,,,,
157.29135062498972,unswapping,,,,,,,,,,,,,,,,,,,,,,,,,,,,,,,,,,,,,,,,,,,,,,,36,4,35764,1244,158,40,3,left,1,19,19,0,0,,,,,32,,,,,,,,,,,,,,,,,,,,,,,,,,,,,,,,,,,,
157.3718315839651,unswapping,,,,,,,,,,,,,,,,,,,,,,,,,,,,,,,,,,,,,,,,,,,,,,,36,4,34996,1232,158,40,3,right,0,20,20,1,1,,,,,34,,,,,,,,,,,,,,,,,,,,,,,,,,,,,,,,,,,,
157.45860020897817,unswapping,,,,,,,,,,,,,,,,,,,,,,,,,,,,,,,,,,,,,,,,,,,,,,,36,4,33524,1206,158,40,3,right,1,19,19,1,2,,,,,36,,,,,,,,,,,,,,,,,,,,,,,,,,,,,,,,,,,,
157.61230241699377,unswapping,,,,,,,,,,,,,,,,,,,,,,,,,,,,,,,,,,,,,,,,,,,,,,,36,4,33196,1200,158,40,4,both,0,20,20,1,1,,,,,36,,,,,,,,,,,,,,,,,,,,,,,,,,,,,,,,,,,,
157.74531358398963,unswapping,,,,,,,,,,,,,,,,,,,,,,,,,,,,,,,,,,,,,,,,,,,,,,,36,4,33196,1200,158,40,4,both,1,19,19,0,1,,,,,36,,,,,,,,,,,,,,,,,,,,,,,,,,,,,,,,,,,,
157.81935870897723,unswapping,,,,,,,,,,,,,,,,,,,,,,,,,,,,,,,,,,,,,,,,,,,,,,,36,4,32468,1186,158,40,4,left,0,20,20,1,2,,,,,38,,,,,,,,,,,,,,,,,,,,,,,,,,,,,,,,,,,,
157.87762654200196,unswapping,,,,,,,,,,,,,,,,,,,,,,,,,,,,,,,,,,,,,,,,,,,,,,,36,4,32468,1186,158,40,4,left,1,19,19,0,2,,,,,38,,,,,,,,,,,,,,,,,,,,,,,,,,,,,,,,,,,,
157.92981045896886,unswapping,,,,,,,,,,,,,,,,,,,,,,,,,,,,,,,,,,,,,,,,,,,,,,,36,4,32468,1186,158,40,4,right,0,20,20,0,2,,,,,38,,,,,,,,,,,,,,,,,,,,,,,,,,,,,,,,,,,,
158.01215666695498,unswapping,,,,,,,,,,,,,,,,,,,,,,,,,,,,,,,,,,,,,,,,,,,,,,,36,4,31188,1170,158,40,4,right,1,19,19,1,3,,,,,40,,,,,,,,,,,,,,,,,,,,,,,,,,,,,,,,,,,,
158.11679512495175,unswapping,,,,,,,,,,,,,,,,,,,,,,,,,,,,,,,,,,,,,,,,,,,,,,,36,4,31188,1170,158,40,5,both,0,20,20,0,0,,,,,40,,,,,,,,,,,,,,,,,,,,,,,,,,,,,,,,,,,,
158.23675283399643,unswapping,,,,,,,,,,,,,,,,,,,,,,,,,,,,,,,,,,,,,,,,,,,,,,,36,4,31188,1170,158,40,5,both,1,19,19,0,0,,,,,40,,,,,,,,,,,,,,,,,,,,,,,,,,,,,,,,,,,,
158.28616891696583,unswapping,,,,,,,,,,,,,,,,,,,,,,,,,,,,,,,,,,,,,,,,,,,,,,,36,4,31188,1170,158,40,5,left,0,20,20,0,0,,,,,40,,,,,,,,,,,,,,,,,,,,,,,,,,,,,,,,,,,,
158.34392545896117,unswapping,,,,,,,,,,,,,,,,,,,,,,,,,,,,,,,,,,,,,,,,,,,,,,,36,4,31188,1170,158,40,5,left,1,19,19,0,0,,,,,40,,,,,,,,,,,,,,,,,,,,,,,,,,,,,,,,,,,,
158.4234363749856,unswapping,,,,,,,,,,,,,,,,,,,,,,,,,,,,,,,,,,,,,,,,,,,,,,,36,4,30996,1166,158,40,5,right,0,20,20,1,1,,,,,42,,,,,,,,,,,,,,,,,,,,,,,,,,,,,,,,,,,,
158.48249116697116,unswapping,,,,,,,,,,,,,,,,,,,,,,,,,,,,,,,,,,,,,,,,,,,,,,,36,4,30996,1166,158,40,5,right,1,19,19,0,1,,,,,42,,,,,,,,,,,,,,,,,,,,,,,,,,,,,,,,,,,,
158.58215270895744,unswapping,,,,,,,,,,,,,,,,,,,,,,,,,,,,,,,,,,,,,,,,,,,,,,,36,4,30996,1166,158,40,6,both,0,20,20,0,0,,,,,42,,,,,,,,,,,,,,,,,,,,,,,,,,,,,,,,,,,,
158.705130333954,unswapping,,,,,,,,,,,,,,,,,,,,,,,,,,,,,,,,,,,,,,,,,,,,,,,36,4,30996,1166,158,40,6,both,1,19,19,0,0,,,,,42,,,,,,,,,,,,,,,,,,,,,,,,,,,,,,,,,,,,
158.7518982089823,unswapping,,,,,,,,,,,,,,,,,,,,,,,,,,,,,,,,,,,,,,,,,,,,,,,36,4,30996,1166,158,40,6,left,0,20,20,0,0,,,,,42,,,,,,,,,,,,,,,,,,,,,,,,,,,,,,,,,,,,
158.8059097919613,unswapping,,,,,,,,,,,,,,,,,,,,,,,,,,,,,,,,,,,,,,,,,,,,,,,36,4,30996,1166,158,40,6,left,1,19,19,0,0,,,,,42,,,,,,,,,,,,,,,,,,,,,,,,,,,,,,,,,,,,
158.85602599999402,unswapping,,,,,,,,,,,,,,,,,,,,,,,,,,,,,,,,,,,,,,,,,,,,,,,36,4,30996,1166,158,40,6,right,0,20,20,0,0,,,,,42,,,,,,,,,,,,,,,,,,,,,,,,,,,,,,,,,,,,
158.9112744589802,unswapping,,,,,,,,,,,,,,,,,,,,,,,,,,,,,,,,,,,,,,,,,,,,,,,36,4,30996,1166,158,40,6,right,1,19,19,0,0,,,,,42,,,,,,,,,,,,,,,,,,,,,,,,,,,,,,,,,,,,
160.22516420896864,unswap_cycle_summary,,,,,,,,,,,,393,373,766,,,,,,,,,,,,,,,,,,,512,0.0006,,,,,,,,,,,,,36,4,30996,1166,158,40,,,,,,,,,,,,,,,,,,,,6,13.597787541046273,766,808,42,15,False,,,,,,,,,,,,,,,,,,,,,,
160.27013412496308,rewiring,left,post_unswap,0.012147207977250218,22,False,False,,,,,,,,,,,,,,,,,,,,,,,,,,,,,,,,,,,,,,,,,,,,,,,,,,,,,,,,,,,,,,,,,,6,,,,,,,50,False,15,1,none,0.0,123,0.012144292006269097,0.09532083297381178,,,,,,,,,,,,,
160.35309637495084,rewiring,right,post_unswap,0.08279670897172764,41,False,False,,,,,,,,,,,,,,,,,,,,,,,,,,,,,,,,,,,,,,,,,,,,,,,,,,,,,,,,,,,,,,,,,,6,,,,,,,50,False,15,1,none,0.0,123,0.08279370801756158,0.09532083297381178,,,,,,,,,,,,,
160.41740749997552,cycle_progress,,,,,,,,,,,,393,373,766,,,,,,,,,,,,,,,,,,,512,0.0006,,127240,0,,,,,,,,,,36,4,30996,1166,158,40,,,,,,,,,,,,,,,,,,,,6,,766,808,42,15,False,,,,,,,,,0.09532083297381178,,,,,,,,,,,,,
160.52147370897,absorbing,,,,,,,L,1,0,24,54,393,373,766,7,0,0,0.029901541012804955,0.0361644999939017,0.06606604100670666,0.06855420797364786,30900,38024,36,36,False,False,False,False,30900,36,False,512,0.0006,,30996,0,total_elems,30900,38024,1,1,,,,0.0,36,4,30900,1164,158,40,,,,,,,,,,,,,,,,,,,,,,,,,,,,,,,,,,,,,,,,,,,,,,,,
160.63233804196352,absorbing,,,,,,,L,2,0,24,54,393,373,766,7,0,0,0.03751541598467156,0.037927082972601056,0.07544249895727262,0.076005749986507,34536,38024,36,36,False,False,False,False,34536,36,False,512,0.0006,,30996,0,total_elems,34536,38024,1,1,,,,0.0,36,4,34536,1258,158,40,,,,,,,,,,,,,,,,,,,,,,,,,,,,,,,,,,,,,,,,,,,,,,,,
160.74686683400068,absorbing,,,,,,,R,2,1,24,54,393,374,767,8,1,1,0.037621500028762966,0.04116299998713657,0.07878450001589954,0.0798850409919396,47136,40720,56,36,False,False,False,False,40720,36,False,512,0.0006,,30996,0,total_elems,47136,40720,1,1,,,,0.0,36,4,40720,1364,158,40,,,,,,,,,,,,,,,,,,,,,,,,,,,,,,,,,,,,,,,,,,,,,,,,
160.8857319589588,absorbing,,,,,,,L,3,1,24,54,393,374,767,7,0,1,0.04056983400369063,0.06281795800896361,0.10338779201265424,0.10394745896337554,47376,57672,36,51,False,False,False,False,47376,36,False,512,0.0006,,30996,0,total_elems,47376,57672,1,1,,,,0.0,36,4,47376,1482,158,40,,,,,,,,,,,,,,,,,,,,,,,,,,,,,,,,,,,,,,,,,,,,,,,,
161.04888437496265,absorbing,,,,,,,R,3,2,24,54,393,376,769,9,2,3,0.06144129199674353,0.0667729580309242,0.12821425002766773,0.12888591701630503,76856,72316,79,63,False,False,False,False,72316,63,False,512,0.0006,,30996,0,total_elems,76856,72316,1,1,,,,0.0,63,4,72316,1828,158,40,,,,,,,,,,,,,,,,,,,,,,,,,,,,,,,,,,,,,,,,,,,,,,,,
161.26812899997458,absorbing,,,,,,,L,4,2,24,54,393,376,769,5,0,3,0.08885808300692588,0.09382183401612565,0.18267991702305153,0.18425229197600856,95184,119236,62,92,False,False,False,False,95184,62,False,512,0.0006,,30996,0,total_elems,95184,119236,1,1,,,,0.0,62,4,95184,1996,158,40,,,,,,,,,,,,,,,,,,,,,,,,,,,,,,,,,,,,,,,,,,,,,,,,
161.55061187496176,absorbing,,,,,,,R,4,3,24,54,393,379,772,8,3,6,0.12545858300291002,0.12023200001567602,0.24569058301858604,0.24728866602526978,145380,135148,126,88,False,False,False,False,135148,88,False,512,0.0006,,30996,0,total_elems,145380,135148,1,1,,,,0.0,88,4,135148,2452,158,40,,,,,,,,,,,,,,,,,,,,,,,,,,,,,,,,,,,,,,,,,,,,,,,,
161.91074283397757,absorbing,,,,,,,L,5,3,24,54,395,379,774,3,2,8,0.14040850003948435,0.18281087500508875,0.3232193750445731,0.3252909170114435,171236,238624,126,124,False,False,False,False,171236,126,False,512,0.0006,,30996,0,total_elems,171236,238624,1,1,,,,0.0,126,4,171236,2652,158,40,,,,,,,,,,,,,,,,,,,,,,,,,,,,,,,,,,,,,,,,,,,,,,,,
162.31273954198696,absorbing,,,,,,,L,6,3,24,54,396,379,775,3,1,9,0.12996208399999887,0.23649079201277345,0.3664528760127723,0.3676420410047285,192204,289180,125,125,False,False,False,False,192204,125,False,512,0.0006,,30996,0,total_elems,192204,289180,1,1,,,,0.0,125,4,192204,2760,158,40,,,,,,,,,,,,,,,,,,,,,,,,,,,,,,,,,,,,,,,,,,,,,,,,
162.81479320896324,absorbing,,,,,,,L,7,3,24,54,397,379,776,2,1,10,0.16745687503134832,0.29749183397507295,0.46494870900642127,0.46635483304271474,271572,326340,128,124,False,False,False,False,271572,128,False,512,0.0006,,30996,0,total_elems,271572,326340,1,1,,,,0.0,128,4,271572,3180,158,40,,,,,,,,,,,,,,,,,,,,,,,,,,,,,,,,,,,,,,,,,,,,,,,,
163.37170412496198,absorbing,,,,,,,L,8,3,24,54,398,379,777,3,1,11,0.21104245795868337,0.30770366702927276,0.5187461249879561,0.5193634169991128,289512,420628,128,128,False,False,False,False,289512,128,False,512,0.0006,,30996,0,total_elems,289512,420628,1,1,,,,0.0,128,4,289512,3240,158,40,,,,,,,,,,,,,,,,,,,,,,,,,,,,,,,,,,,,,,,,,,,,,,,,
163.968478625,absorbing,,,,,,,L,9,3,24,54,398,379,777,3,0,11,0.2103063749964349,0.3493573750020005,0.5596637499984354,0.5615742499940097,341572,488116,128,214,False,False,False,False,341572,128,False,512,0.0006,,30996,0,total_elems,341572,488116,1,1,,,,0.0,128,4,341572,3516,158,40,,,,,,,,,,,,,,,,,,,,,,,,,,,,,,,,,,,,,,,,,,,,,,,,
164.63760687498143,absorbing,,,,,,,L,10,3,24,54,398,379,777,3,0,11,0.24612037499900907,0.38742691703373566,0.6335472920327447,0.6342357500107028,390880,587212,128,211,False,False,False,True,390880,128,False,512,0.0006,,30996,0,total_elems,390880,587212,1,1,,,,0.0,128,4,390880,3736,158,40,,,,,,,,,,,,,,,,,,,,,,,,,,,,,,,,,,,,,,,,,,,,,,,,
165.34699974994874,absorbing,,,,,,,L,11,3,24,54,398,379,777,3,0,11,0.2543379580019973,0.41765970905544236,0.6719976670574397,0.6735138749936596,460616,659796,144,207,False,False,False,True,460616,144,False,512,0.0006,,30996,0,total_elems,460616,659796,1,1,,,,0.0,144,4,460616,4034,158,40,,,,,,,,,,,,,,,,,,,,,,,,,,,,,,,,,,,,,,,,,,,,,,,,
169.01333604200045,unswapping,,,,,,,,,,,,,,,,,,,,,,,,,,,,,,,,,,,,,,,,,,,,,,,224,4,503616,3974,158,40,0,both,0,20,20,6,6,,,,,0,,,,,,,,,,,,,,,,,,,,,,,,,,,,,,,,,,,,
170.85928204195807,unswapping,,,,,,,,,,,,,,,,,,,,,,,,,,,,,,,,,,,,,,,,,,,,,,,116,4,307360,3278,158,40,0,both,1,19,19,7,13,,,,,0,,,,,,,,,,,,,,,,,,,,,,,,,,,,,,,,,,,,
171.49578674999066,unswapping,,,,,,,,,,,,,,,,,,,,,,,,,,,,,,,,,,,,,,,,,,,,,,,64,4,225164,2856,158,40,0,left,0,20,20,5,18,,,,,10,,,,,,,,,,,,,,,,,,,,,,,,,,,,,,,,,,,,
171.9650437499513,unswapping,,,,,,,,,,,,,,,,,,,,,,,,,,,,,,,,,,,,,,,,,,,,,,,64,4,178032,2548,158,40,0,left,1,19,19,7,25,,,,,24,,,,,,,,,,,,,,,,,,,,,,,,,,,,,,,,,,,,
172.32005674997345,unswapping,,,,,,,,,,,,,,,,,,,,,,,,,,,,,,,,,,,,,,,,,,,,,,,64,4,162824,2452,158,40,0,right,0,20,20,2,27,,,,,28,,,,,,,,,,,,,,,,,,,,,,,,,,,,,,,,,,,,
172.69974866695702,unswapping,,,,,,,,,,,,,,,,,,,,,,,,,,,,,,,,,,,,,,,,,,,,,,,64,4,140276,2280,158,40,0,right,1,19,19,5,32,,,,,36,,,,,,,,,,,,,,,,,,,,,,,,,,,,,,,,,,,,
173.298219416989,unswapping,,,,,,,,,,,,,,,,,,,,,,,,,,,,,,,,,,,,,,,,,,,,,,,64,4,128140,2158,158,40,1,both,0,20,20,4,4,,,,,46,,,,,,,,,,,,,,,,,,,,,,,,,,,,,,,,,,,,
173.7538641669671,unswapping,,,,,,,,,,,,,,,,,,,,,,,,,,,,,,,,,,,,,,,,,,,,,,,64,4,128140,2158,158,40,1,both,1,19,19,0,4,,,,,46,,,,,,,,,,,,,,,,,,,,,,,,,,,,,,,,,,,,
174.04706699994858,unswapping,,,,,,,,,,,,,,,,,,,,,,,,,,,,,,,,,,,,,,,,,,,,,,,64,4,125268,2126,158,40,1,left,0,20,20,3,7,,,,,48,,,,,,,,,,,,,,,,,,,,,,,,,,,,,,,,,,,,
174.37652229197556,unswapping,,,,,,,,,,,,,,,,,,,,,,,,,,,,,,,,,,,,,,,,,,,,,,,64,4,109756,2008,158,40,1,left,1,19,19,4,11,,,,,50,,,,,,,,,,,,,,,,,,,,,,,,,,,,,,,,,,,,
174.6027789589716,unswapping,,,,,,,,,,,,,,,,,,,,,,,,,,,,,,,,,,,,,,,,,,,,,,,64,4,103256,1926,158,40,1,right,0,20,20,4,15,,,,,50,,,,,,,,,,,,,,,,,,,,,,,,,,,,,,,,,,,,
174.90808574995026,unswapping,,,,,,,,,,,,,,,,,,,,,,,,,,,,,,,,,,,,,,,,,,,,,,,64,4,101072,1896,158,40,1,right,1,19,19,2,17,,,,,52,,,,,,,,,,,,,,,,,,,,,,,,,,,,,,,,,,,,
175.2707237919676,unswapping,,,,,,,,,,,,,,,,,,,,,,,,,,,,,,,,,,,,,,,,,,,,,,,64,4,95312,1852,158,40,2,both,0,20,20,1,1,,,,,52,,,,,,,,,,,,,,,,,,,,,,,,,,,,,,,,,,,,
175.6634230419877,unswapping,,,,,,,,,,,,,,,,,,,,,,,,,,,,,,,,,,,,,,,,,,,,,,,64,4,91100,1816,158,40,2,both,1,19,19,2,3,,,,,58,,,,,,,,,,,,,,,,,,,,,,,,,,,,,,,,,,,,
175.84311379195424,unswapping,,,,,,,,,,,,,,,,,,,,,,,,,,,,,,,,,,,,,,,,,,,,,,,64,4,82044,1752,158,40,2,left,0,20,20,2,5,,,,,60,,,,,,,,,,,,,,,,,,,,,,,,,,,,,,,,,,,,
176.0022989169811,unswapping,,,,,,,,,,,,,,,,,,,,,,,,,,,,,,,,,,,,,,,,,,,,,,,40,4,72828,1688,158,40,2,left,1,19,19,1,6,,,,,62,,,,,,,,,,,,,,,,,,,,,,,,,,,,,,,,,,,,
176.13098579196958,unswapping,,,,,,,,,,,,,,,,,,,,,,,,,,,,,,,,,,,,,,,,,,,,,,,40,4,72744,1682,158,40,2,right,0,20,20,1,7,,,,,64,,,,,,,,,,,,,,,,,,,,,,,,,,,,,,,,,,,,
176.27713820897043,unswapping,,,,,,,,,,,,,,,,,,,,,,,,,,,,,,,,,,,,,,,,,,,,,,,40,4,68424,1646,158,40,2,right,1,19,19,1,8,,,,,62,,,,,,,,,,,,,,,,,,,,,,,,,,,,,,,,,,,,
176.52174895897042,unswapping,,,,,,,,,,,,,,,,,,,,,,,,,,,,,,,,,,,,,,,,,,,,,,,38,4,62184,1572,158,40,3,both,0,20,20,2,2,,,,,66,,,,,,,,,,,,,,,,,,,,,,,,,,,,,,,,,,,,
176.77396862499882,unswapping,,,,,,,,,,,,,,,,,,,,,,,,,,,,,,,,,,,,,,,,,,,,,,,38,4,60936,1550,158,40,3,both,1,19,19,1,3,,,,,70,,,,,,,,,,,,,,,,,,,,,,,,,,,,,,,,,,,,
176.89131974999327,unswapping,,,,,,,,,,,,,,,,,,,,,,,,,,,,,,,,,,,,,,,,,,,,,,,38,4,60288,1536,158,40,3,left,0,20,20,2,5,,,,,70,,,,,,,,,,,,,,,,,,,,,,,,,,,,,,,,,,,,
177.0090011669672,unswapping,,,,,,,,,,,,,,,,,,,,,,,,,,,,,,,,,,,,,,,,,,,,,,,38,4,59968,1528,158,40,3,left,1,19,19,1,6,,,,,70,,,,,,,,,,,,,,,,,,,,,,,,,,,,,,,,,,,,
177.0850469589932,unswapping,,,,,,,,,,,,,,,,,,,,,,,,,,,,,,,,,,,,,,,,,,,,,,,38,4,59968,1528,158,40,3,right,0,20,20,0,6,,,,,70,,,,,,,,,,,,,,,,,,,,,,,,,,,,,,,,,,,,
177.1966950839851,unswapping,,,,,,,,,,,,,,,,,,,,,,,,,,,,,,,,,,,,,,,,,,,,,,,38,4,59712,1520,158,40,3,right,1,19,19,1,7,,,,,68,,,,,,,,,,,,,,,,,,,,,,,,,,,,,,,,,,,,
177.35834941698704,unswapping,,,,,,,,,,,,,,,,,,,,,,,,,,,,,,,,,,,,,,,,,,,,,,,38,4,59712,1520,158,40,4,both,0,20,20,0,0,,,,,68,,,,,,,,,,,,,,,,,,,,,,,,,,,,,,,,,,,,
177.54071416700026,unswapping,,,,,,,,,,,,,,,,,,,,,,,,,,,,,,,,,,,,,,,,,,,,,,,38,4,59712,1520,158,40,4,both,1,19,19,0,0,,,,,68,,,,,,,,,,,,,,,,,,,,,,,,,,,,,,,,,,,,
177.61405308399117,unswapping,,,,,,,,,,,,,,,,,,,,,,,,,,,,,,,,,,,,,,,,,,,,,,,38,4,59712,1520,158,40,4,left,0,20,20,0,0,,,,,68,,,,,,,,,,,,,,,,,,,,,,,,,,,,,,,,,,,,
177.6970146249514,unswapping,,,,,,,,,,,,,,,,,,,,,,,,,,,,,,,,,,,,,,,,,,,,,,,38,4,59712,1520,158,40,4,left,1,19,19,0,0,,,,,68,,,,,,,,,,,,,,,,,,,,,,,,,,,,,,,,,,,,
177.7739247919526,unswapping,,,,,,,,,,,,,,,,,,,,,,,,,,,,,,,,,,,,,,,,,,,,,,,38,4,59712,1520,158,40,4,right,0,20,20,0,0,,,,,68,,,,,,,,,,,,,,,,,,,,,,,,,,,,,,,,,,,,
177.85673512495123,unswapping,,,,,,,,,,,,,,,,,,,,,,,,,,,,,,,,,,,,,,,,,,,,,,,38,4,59712,1520,158,40,4,right,1,19,19,0,0,,,,,68,,,,,,,,,,,,,,,,,,,,,,,,,,,,,,,,,,,,
178.89707770897076,unswap_cycle_summary,,,,,,,,,,,,398,379,777,,,,,,,,,,,,,,,,,,,512,0.0006,,,,,,,,,,,,,38,4,59712,1520,158,40,,,,,,,,,,,,,,,,,,,,7,11.623496000014711,777,808,31,11,False,,,,,,,,,,,,,,,,,,,,,,
178.94199108396424,rewiring,left,post_unswap,0.010631458018906415,15,False,False,,,,,,,,,,,,,,,,,,,,,,,,,,,,,,,,,,,,,,,,,,,,,,,,,,,,,,,,,,,,,,,,,,7,,,,,,,50,False,11,1,none,0.0,123,0.010626874980516732,0.11912845796905458,,,,,,,,,,,,,
179.0502653339645,rewiring,right,post_unswap,0.10804312501568347,53,False,False,,,,,,,,,,,,,,,,,,,,,,,,,,,,,,,,,,,,,,,,,,,,,,,,,,,,,,,,,,,,,,,,,,7,,,,,,,50,False,11,1,none,0.0,123,0.10803958302130923,0.11912845796905458,,,,,,,,,,,,,
179.12418704194715,cycle_progress,,,,,,,,,,,,398,379,777,,,,,,,,,,,,,,,,,,,512,0.0006,,30996,0,,,,,,,,,,38,4,59712,1520,158,40,,,,,,,,,,,,,,,,,,,,7,,777,808,31,11,False,,,,,,,,,0.11912845796905458,,,,,,,,,,,,,
179.27014441695064,absorbing,,,,,,,L,1,0,22,53,398,379,777,5,0,0,0.03519204200711101,0.06925854197470471,0.10445058398181573,0.10678254201775417,59712,79996,38,64,False,False,False,False,59712,38,False,512,0.0006,,59712,0,total_elems,59712,79996,1,1,,,,0.0,38,4,59712,1520,158,40,,,,,,,,,,,,,,,,,,,,,,,,,,,,,,,,,,,,,,,,,,,,,,,,
179.42373424995458,absorbing,,,,,,,L,2,0,22,53,398,379,777,5,0,0,0.0482364579802379,0.06701029097894207,0.11524674895917997,0.11663770797895268,68848,79996,48,64,False,False,False,False,68848,48,False,512,0.0006,,59712,0,total_elems,68848,79996,1,1,,,,0.0,48,4,68848,1632,158,40,,,,,,,,,,,,,,,,,,,,,,,,,,,,,,,,,,,,,,,,,,,,,,,,
179.60368524998194,absorbing,,,,,,,L,3,0,22,53,398,379,777,4,0,0,0.052696375001687557,0.08892183302668855,0.1416182080283761,0.14220141601981595,87568,92436,48,64,False,False,False,False,87568,48,False,512,0.0006,,59712,0,total_elems,87568,92436,1,1,,,,0.0,48,4,87568,1806,158,40,,,,,,,,,,,,,,,,,,,,,,,,,,,,,,,,,,,,,,,,,,,,,,,,
179.8127674999996,absorbing,,,,,,,L,4,0,22,53,398,379,777,4,0,0,0.062139582994859666,0.1089309579692781,0.17107054096413776,0.1716947089880705,100648,114856,48,64,False,False,False,False,100648,48,False,512,0.0006,,59712,0,total_elems,100648,114856,1,1,,,,0.0,48,4,100648,1930,158,40,,,,,,,,,,,,,,,,,,,,,,,,,,,,,,,,,,,,,,,,,,,,,,,,
180.0618922499707,absorbing,,,,,,,R,4,1,22,53,398,380,778,9,1,1,0.08553279103944078,0.1257800420280546,0.21131283306749538,0.21284562500659376,137896,131916,115,64,False,False,False,False,131916,64,False,512,0.0006,,59712,0,total_elems,137896,131916,1,1,,,,0.0,64,4,131916,2194,158,40,,,,,,,,,,,,,,,,,,,,,,,,,,,,,,,,,,,,,,,,,,,,,,,,
180.4123106249608,absorbing,,,,,,,L,5,1,22,53,398,380,778,4,0,1,0.10988725000061095,0.20100129098864272,0.31088854098925367,0.31236612499924377,168648,239920,115,124,False,False,False,False,168648,115,False,512,0.0006,,59712,0,total_elems,168648,239920,1,1,,,,0.0,115,4,168648,2444,158,40,,,,,,,,,,,,,,,,,,,,,,,,,,,,,,,,,,,,,,,,,,,,,,,,
180.7978715839563,absorbing,,,,,,,L,6,1,22,53,398,380,778,4,0,1,0.13741395802935585,0.20932391699170694,0.3467378750210628,0.3478745829779655,201784,281936,114,124,False,False,False,False,201784,114,False,512,0.0006,,59712,0,total_elems,201784,281936,1,1,,,,0.0,114,4,201784,2646,158,40,,,,,,,,,,,,,,,,,,,,,,,,,,,,,,,,,,,,,,,,,,,,,,,,
181.2358512499486,absorbing,,,,,,,L,7,1,22,53,398,380,778,3,0,1,0.15860712504945695,0.24208108300808817,0.4006882080575451,0.4013498749700375,246368,325600,113,124,False,False,False,False,246368,113,False,512,0.0006,,59712,0,total_elems,246368,325600,1,1,,,,0.0,113,4,246368,2904,158,40,,,,,,,,,,,,,,,,,,,,,,,,,,,,,,,,,,,,,,,,,,,,,,,,
181.7088917089859,absorbing,,,,,,,L,8,1,22,53,398,380,778,3,0,1,0.165410875051748,0.2683888330357149,0.43379970808746293,0.4351164579857141,289308,372616,139,124,False,False,False,False,289308,139,False,512,0.0006,,59712,0,total_elems,289308,372616,1,1,,,,0.0,139,4,289308,3138,158,40,,,,,,,,,,,,,,,,,,,,,,,,,,,,,,,,,,,,,,,,,,,,,,,,
182.2528684999561,absorbing,,,,,,,L,9,1,22,53,399,380,779,1,1,2,0.19508462504018098,0.3111677499837242,0.5062523750239052,0.5068360000150278,288384,434980,134,133,False,False,False,False,288384,134,False,512,0.0006,,59712,0,total_elems,288384,434980,1,1,,,,0.0,134,4,288384,3148,158,40,,,,,,,,,,,,,,,,,,,,,,,,,,,,,,,,,,,,,,,,,,,,,,,,
182.76034245896153,absorbing,,,,,,,L,10,1,22,53,399,380,779,2,0,2,0.15064412500942126,0.31815741601167247,0.4688015410210937,0.47006275004241616,291688,440040,130,130,False,False,False,False,291688,130,False,512,0.0006,,59712,0,total_elems,291688,440040,1,1,,,,0.0,130,4,291688,3174,158,40,,,,,,,,,,,,,,,,,,,,,,,,,,,,,,,,,,,,,,,,,,,,,,,,
183.33415783394594,absorbing,,,,,,,L,11,1,22,53,401,380,781,1,2,4,0.23106987500796095,0.3048599580070004,0.5359298330149613,0.53658950002864,419380,446704,174,127,False,False,False,False,419380,174,False,512,0.0006,,59712,0,total_elems,419380,446704,1,1,,,,0.0,174,4,419380,3628,158,40,,,,,,,,,,,,,,,,,,,,,,,,,,,,,,,,,,,,,,,,,,,,,,,,
183.97549816698302,absorbing,,,,,,,L,12,1,22,53,401,380,781,1,0,4,0.21355741698062047,0.39087745803408325,0.6044348750147037,0.6050479999976233,406852,564576,168,168,False,False,False,True,406852,168,False,512,0.0006,,59712,0,total_elems,406852,564576,1,1,,,,0.0,168,4,406852,3592,158,40,,,,,,,,,,,,,,,,,,,,,,,,,,,,,,,,,,,,,,,,,,,,,,,,
184.55534512497252,absorbing,,,,,,,L,13,1,22,53,401,380,781,1,0,4,0.19056691700825468,0.3510763329686597,0.5416432499769144,0.5422918749973178,395928,551552,160,160,False,False,False,True,395928,160,False,512,0.0006,,59712,0,total_elems,395928,551552,1,1,,,,0.0,160,4,395928,3582,158,40,,,,,,,,,,,,,,,,,,,,,,,,,,,,,,,,,,,,,,,,,,,,,,,,
185.1446606249665,absorbing,,,,,,,L,14,1,22,53,401,380,781,1,0,4,0.19099670799914747,0.36045520898187533,0.5514519169810228,0.5521077499724925,386664,548056,154,154,False,False,False,True,386664,154,False,512,0.0006,,59712,0,total_elems,386664,548056,1,1,,,,0.0,154,4,386664,3556,158,40,,,,,,,,,,,,,,,,,,,,,,,,,,,,,,,,,,,,,,,,,,,,,,,,
185.71875449997606,absorbing,,,,,,,L,15,1,22,53,402,380,782,1,1,5,0.18277441698592156,0.35253870801534504,0.5353131250012666,0.5359327080077492,381304,542320,151,151,False,False,False,True,381304,151,False,512,0.0006,,59712,0,total_elems,381304,542320,1,1,,,,0.0,151,4,381304,3540,158,40,,,,,,,,,,,,,,,,,,,,,,,,,,,,,,,,,,,,,,,,,,,,,,,,
186.30373333400348,absorbing,,,,,,,L,16,1,22,53,402,380,782,2,0,5,0.18944037496112287,0.3571354589657858,0.5465758339269087,0.5472740000113845,381748,542260,148,148,False,False,False,True,381748,148,False,512,0.0006,,59712,0,total_elems,381748,542260,1,1,,,,0.0,148,4,381748,3618,158,40,,,,,,,,,,,,,,,,,,,,,,,,,,,,,,,,,,,,,,,,,,,,,,,,
186.89851724996697,absorbing,,,,,,,L,17,1,22,53,403,380,783,1,1,6,0.19957950001116842,0.35537979198852554,0.554959291999694,0.5556530000176281,403116,562528,146,146,False,False,False,True,403116,146,False,512,0.0006,,59712,0,total_elems,403116,562528,1,1,,,,0.0,146,4,403116,3786,158,40,,,,,,,,,,,,,,,,,,,,,,,,,,,,,,,,,,,,,,,,,,,,,,,,
187.54137299995637,absorbing,,,,,,,L,18,1,22,53,403,380,783,1,0,6,0.2264152080169879,0.3788157919771038,0.6052309999940917,0.6058058330090716,428836,593196,144,144,False,False,False,True,428836,144,False,512,0.0006,,59712,0,total_elems,428836,593196,1,1,,,,0.0,144,4,428836,3904,158,40,,,,,,,,,,,,,,,,,,,,,,,,,,,,,,,,,,,,,,,,,,,,,,,,
188.25301270897035,absorbing,,,,,,,L,19,1,22,53,403,380,783,1,0,6,0.2504613749915734,0.4237899159779772,0.6742512909695506,0.6752737499773502,473836,629032,142,142,False,False,False,True,473836,142,False,512,0.0006,,59712,0,total_elems,473836,629032,1,1,,,,0.0,142,4,473836,4028,158,40,,,,,,,,,,,,,,,,,,,,,,,,,,,,,,,,,,,,,,,,,,,,,,,,
191.70502216694877,unswapping,,,,,,,,,,,,,,,,,,,,,,,,,,,,,,,,,,,,,,,,,,,,,,,139,4,497748,4062,158,40,0,both,0,20,20,1,1,,,,,0,,,,,,,,,,,,,,,,,,,,,,,,,,,,,,,,,,,,
193.5526185419876,unswapping,,,,,,,,,,,,,,,,,,,,,,,,,,,,,,,,,,,,,,,,,,,,,,,126,4,440156,3762,158,40,0,both,1,19,19,6,7,,,,,0,,,,,,,,,,,,,,,,,,,,,,,,,,,,,,,,,,,,
194.5769198339549,unswapping,,,,,,,,,,,,,,,,,,,,,,,,,,,,,,,,,,,,,,,,,,,,,,,121,4,356744,3518,158,40,0,left,0,20,20,3,10,,,,,6,,,,,,,,,,,,,,,,,,,,,,,,,,,,,,,,,,,,
195.25068833399564,unswapping,,,,,,,,,,,,,,,,,,,,,,,,,,,,,,,,,,,,,,,,,,,,,,,118,4,311068,3286,158,40,0,left,1,19,19,5,15,,,,,16,,,,,,,,,,,,,,,,,,,,,,,,,,,,,,,,,,,,
195.91166741697816,unswapping,,,,,,,,,,,,,,,,,,,,,,,,,,,,,,,,,,,,,,,,,,,,,,,115,4,297944,3216,158,40,0,right,0,20,20,2,17,,,,,20,,,,,,,,,,,,,,,,,,,,,,,,,,,,,,,,,,,,
196.52372233395,unswapping,,,,,,,,,,,,,,,,,,,,,,,,,,,,,,,,,,,,,,,,,,,,,,,105,4,260516,3048,158,40,0,right,1,19,19,3,20,,,,,26,,,,,,,,,,,,,,,,,,,,,,,,,,,,,,,,,,,,
197.6031782499631,unswapping,,,,,,,,,,,,,,,,,,,,,,,,,,,,,,,,,,,,,,,,,,,,,,,104,4,232728,2866,158,40,1,both,0,20,20,2,2,,,,,32,,,,,,,,,,,,,,,,,,,,,,,,,,,,,,,,,,,,
198.50729866698384,unswapping,,,,,,,,,,,,,,,,,,,,,,,,,,,,,,,,,,,,,,,,,,,,,,,104,4,224360,2814,158,40,1,both,1,19,19,1,3,,,,,34,,,,,,,,,,,,,,,,,,,,,,,,,,,,,,,,,,,,
198.95399424998323,unswapping,,,,,,,,,,,,,,,,,,,,,,,,,,,,,,,,,,,,,,,,,,,,,,,104,4,210576,2724,158,40,1,left,0,20,20,1,4,,,,,34,,,,,,,,,,,,,,,,,,,,,,,,,,,,,,,,,,,,
199.34604970895452,unswapping,,,,,,,,,,,,,,,,,,,,,,,,,,,,,,,,,,,,,,,,,,,,,,,104,4,202028,2648,158,40,1,left,1,19,19,1,5,,,,,36,,,,,,,,,,,,,,,,,,,,,,,,,,,,,,,,,,,,
199.6697791669867,unswapping,,,,,,,,,,,,,,,,,,,,,,,,,,,,,,,,,,,,,,,,,,,,,,,104,4,202028,2648,158,40,1,right,0,20,20,0,5,,,,,36,,,,,,,,,,,,,,,,,,,,,,,,,,,,,,,,,,,,
199.95680445898324,unswapping,,,,,,,,,,,,,,,,,,,,,,,,,,,,,,,,,,,,,,,,,,,,,,,104,4,202028,2648,158,40,1,right,1,19,19,0,5,,,,,36,,,,,,,,,,,,,,,,,,,,,,,,,,,,,,,,,,,,
200.85656541696517,unswapping,,,,,,,,,,,,,,,,,,,,,,,,,,,,,,,,,,,,,,,,,,,,,,,104,4,201016,2634,158,40,2,both,0,20,20,1,1,,,,,40,,,,,,,,,,,,,,,,,,,,,,,,,,,,,,,,,,,,
201.49222166696563,unswapping,,,,,,,,,,,,,,,,,,,,,,,,,,,,,,,,,,,,,,,,,,,,,,,104,4,201016,2634,158,40,2,both,1,19,19,0,1,,,,,40,,,,,,,,,,,,,,,,,,,,,,,,,,,,,,,,,,,,
201.80941433395492,unswapping,,,,,,,,,,,,,,,,,,,,,,,,,,,,,,,,,,,,,,,,,,,,,,,104,4,201016,2634,158,40,2,left,0,20,20,0,1,,,,,40,,,,,,,,,,,,,,,,,,,,,,,,,,,,,,,,,,,,
202.17413070896873,unswapping,,,,,,,,,,,,,,,,,,,,,,,,,,,,,,,,,,,,,,,,,,,,,,,104,4,199692,2616,158,40,2,left,1,19,19,1,2,,,,,40,,,,,,,,,,,,,,,,,,,,,,,,,,,,,,,,,,,,
202.57915216695983,unswapping,,,,,,,,,,,,,,,,,,,,,,,,,,,,,,,,,,,,,,,,,,,,,,,104,4,198560,2594,158,40,2,right,0,20,20,1,3,,,,,38,,,,,,,,,,,,,,,,,,,,,,,,,,,,,,,,,,,,
202.86719770898344,unswapping,,,,,,,,,,,,,,,,,,,,,,,,,,,,,,,,,,,,,,,,,,,,,,,104,4,198560,2594,158,40,2,right,1,19,19,0,3,,,,,38,,,,,,,,,,,,,,,,,,,,,,,,,,,,,,,,,,,,
203.58461495896336,unswapping,,,,,,,,,,,,,,,,,,,,,,,,,,,,,,,,,,,,,,,,,,,,,,,104,4,198560,2594,158,40,3,both,0,20,20,0,0,,,,,38,,,,,,,,,,,,,,,,,,,,,,,,,,,,,,,,,,,,
204.21357412496582,unswapping,,,,,,,,,,,,,,,,,,,,,,,,,,,,,,,,,,,,,,,,,,,,,,,104,4,198560,2594,158,40,3,both,1,19,19,0,0,,,,,38,,,,,,,,,,,,,,,,,,,,,,,,,,,,,,,,,,,,
204.53007687500212,unswapping,,,,,,,,,,,,,,,,,,,,,,,,,,,,,,,,,,,,,,,,,,,,,,,104,4,198560,2594,158,40,3,left,0,20,20,0,0,,,,,38,,,,,,,,,,,,,,,,,,,,,,,,,,,,,,,,,,,,
204.82467787497444,unswapping,,,,,,,,,,,,,,,,,,,,,,,,,,,,,,,,,,,,,,,,,,,,,,,104,4,198560,2594,158,40,3,left,1,19,19,0,0,,,,,38,,,,,,,,,,,,,,,,,,,,,,,,,,,,,,,,,,,,
205.1398288749624,unswapping,,,,,,,,,,,,,,,,,,,,,,,,,,,,,,,,,,,,,,,,,,,,,,,104,4,198560,2594,158,40,3,right,0,20,20,0,0,,,,,38,,,,,,,,,,,,,,,,,,,,,,,,,,,,,,,,,,,,
205.4258883749717,unswapping,,,,,,,,,,,,,,,,,,,,,,,,,,,,,,,,,,,,,,,,,,,,,,,104,4,198560,2594,158,40,3,right,1,19,19,0,0,,,,,38,,,,,,,,,,,,,,,,,,,,,,,,,,,,,,,,,,,,
206.26984908396844,unswap_cycle_summary,,,,,,,,,,,,403,380,783,,,,,,,,,,,,,,,,,,,512,0.0006,,,,,,,,,,,,,104,4,198560,2594,158,40,,,,,,,,,,,,,,,,,,,,8,16.449827166972682,783,808,25,6,False,,,,,,,,,,,,,,,,,,,,,,
206.31160549999913,rewiring,left,post_unswap,0.006087874993681908,5,False,False,,,,,,,,,,,,,,,,,,,,,,,,,,,,,,,,,,,,,,,,,,,,,,,,,,,,,,,,,,,,,,,,,,8,,,,,,,50,False,6,1,none,0.0,123,0.0060855409828945994,0.1075572079862468,,,,,,,,,,,,,
206.41292612499092,rewiring,right,post_unswap,0.10107895801775157,54,False,False,,,,,,,,,,,,,,,,,,,,,,,,,,,,,,,,,,,,,,,,,,,,,,,,,,,,,,,,,,,,,,,,,,8,,,,,,,50,False,6,1,none,0.0,123,0.1010746670071967,0.1075572079862468,,,,,,,,,,,,,
206.4870551249478,cycle_progress,,,,,,,,,,,,403,380,783,,,,,,,,,,,,,,,,,,,512,0.0006,,59712,0,,,,,,,,,,104,4,198560,2594,158,40,,,,,,,,,,,,,,,,,,,,8,,783,808,25,6,False,,,,,,,,,0.1075572079862468,,,,,,,,,,,,,
206.8393000419601,absorbing,,,,,,,L,1,0,8,53,403,380,783,2,0,0,0.09504358400590718,0.21438916597981006,0.30943274998571724,0.31227283301996067,198560,269904,104,104,False,False,False,False,198560,104,False,512,0.0006,,198560,0,total_elems,198560,269904,1,1,,,,0.0,104,4,198560,2594,158,40,,,,,,,,,,,,,,,,,,,,,,,,,,,,,,,,,,,,,,,,,,,,,,,,
207.1864019589848,absorbing,,,,,,,L,2,0,8,53,403,380,783,2,0,0,0.10110070800874382,0.2048711659736,0.3059718739823438,0.3072341250372119,211680,269904,104,104,False,False,False,False,211680,104,False,512,0.0006,,198560,0,total_elems,211680,269904,1,1,,,,0.0,104,4,211680,2706,158,40,,,,,,,,,,,,,,,,,,,,,,,,,,,,,,,,,,,,,,,,,,,,,,,,
207.58330104197375,absorbing,,,,,,,L,3,0,8,53,403,380,783,2,0,0,0.14295216597383842,0.21519704099046066,0.3581492069642991,0.3589255409897305,237136,281600,104,104,False,False,False,False,237136,104,False,512,0.0006,,198560,0,total_elems,237136,281600,1,1,,,,0.0,104,4,237136,2836,158,40,,,,,,,,,,,,,,,,,,,,,,,,,,,,,,,,,,,,,,,,,,,,,,,,
208.05681308399653,absorbing,,,,,,,L,4,0,8,53,403,380,783,2,0,0,0.1678274170262739,0.2658458749647252,0.43367329199099913,0.4342631669715047,279308,313560,111,104,False,False,False,False,279308,111,False,512,0.0006,,198560,0,total_elems,279308,313560,1,1,,,,0.0,111,4,279308,3016,158,40,,,,,,,,,,,,,,,,,,,,,,,,,,,,,,,,,,,,,,,,,,,,,,,,
208.56230170896742,absorbing,,,,,,,L,5,0,8,53,403,380,783,2,0,0,0.19070620904676616,0.2741946250316687,0.46490083407843485,0.4667547919671051,328400,387216,124,205,False,False,False,False,328400,124,False,512,0.0006,,198560,0,total_elems,328400,387216,1,1,,,,0.0,124,4,328400,3228,158,40,,,,,,,,,,,,,,,,,,,,,,,,,,,,,,,,,,,,,,,,,,,,,,,,
209.197750249994,absorbing,,,,,,,L,6,0,8,53,403,380,783,2,0,0,0.19537387503078207,0.40004425001097843,0.5954181250417605,0.5967804590472952,344048,461920,123,204,False,False,False,False,344048,123,False,512,0.0006,,198560,0,total_elems,344048,461920,1,1,,,,0.0,123,4,344048,3286,158,40,,,,,,,,,,,,,,,,,,,,,,,,,,,,,,,,,,,,,,,,,,,,,,,,
209.796714666998,absorbing,,,,,,,L,7,0,8,53,403,380,783,1,0,0,0.17824666702654213,0.3798976669786498,0.5581443340051919,0.5598822089959867,342780,477608,122,202,False,False,False,False,342780,122,False,512,0.0006,,198560,0,total_elems,342780,477608,1,1,,,,0.0,122,4,342780,3294,158,40,,,,,,,,,,,,,,,,,,,,,,,,,,,,,,,,,,,,,,,,,,,,,,,,
210.49116879195208,absorbing,,,,,,,L,8,0,8,53,404,380,784,0,1,1,0.17221745802089572,0.4816352079506032,0.6538526659714989,0.6552312080166303,344088,474768,121,200,False,False,False,False,344088,121,False,512,0.0006,,198560,0,total_elems,344088,474768,1,1,,,,0.0,121,4,344088,3350,158,40,,,,,,,,,,,,,,,,,,,,,,,,,,,,,,,,,,,,,,,,,,,,,,,,
210.9069065839867,absorbing,,,,,,,R,8,1,8,53,404,381,785,10,1,2,0.0,0.3758008750155568,0.3758008750155568,0.3771468329941854,,475032,,198,False,False,False,False,475032,198,False,512,0.0006,,198560,0,total_elems,,475032,1,1,,,,0.0,198,4,475032,3842,158,40,,,,,,,,,,,,,,,,,,,,,,,,,,,,,,,,,,,,,,,,,,,,,,,,
213.62970812496496,unswapping,,,,,,,,,,,,,,,,,,,,,,,,,,,,,,,,,,,,,,,,,,,,,,,179,4,447084,3724,158,40,0,both,0,20,20,2,2,,,,,0,,,,,,,,,,,,,,,,,,,,,,,,,,,,,,,,,,,,
215.4759847089881,unswapping,,,,,,,,,,,,,,,,,,,,,,,,,,,,,,,,,,,,,,,,,,,,,,,160,4,413960,3568,158,40,0,both,1,19,19,3,5,,,,,0,,,,,,,,,,,,,,,,,,,,,,,,,,,,,,,,,,,,
216.33494208398042,unswapping,,,,,,,,,,,,,,,,,,,,,,,,,,,,,,,,,,,,,,,,,,,,,,,125,4,382232,3486,158,40,0,left,0,20,20,1,6,,,,,2,,,,,,,,,,,,,,,,,,,,,,,,,,,,,,,,,,,,
217.08021324995207,unswapping,,,,,,,,,,,,,,,,,,,,,,,,,,,,,,,,,,,,,,,,,,,,,,,114,4,365380,3432,158,40,0,left,1,19,19,2,8,,,,,6,,,,,,,,,,,,,,,,,,,,,,,,,,,,,,,,,,,,
217.8349050419638,unswapping,,,,,,,,,,,,,,,,,,,,,,,,,,,,,,,,,,,,,,,,,,,,,,,113,4,352784,3378,158,40,0,right,0,20,20,2,10,,,,,10,,,,,,,,,,,,,,,,,,,,,,,,,,,,,,,,,,,,
218.51510845898883,unswapping,,,,,,,,,,,,,,,,,,,,,,,,,,,,,,,,,,,,,,,,,,,,,,,112,4,342180,3316,158,40,0,right,1,19,19,2,12,,,,,14,,,,,,,,,,,,,,,,,,,,,,,,,,,,,,,,,,,,
219.5831869589747,unswapping,,,,,,,,,,,,,,,,,,,,,,,,,,,,,,,,,,,,,,,,,,,,,,,112,4,342180,3316,158,40,1,both,0,20,20,0,0,,,,,14,,,,,,,,,,,,,,,,,,,,,,,,,,,,,,,,,,,,
220.68461979198037,unswapping,,,,,,,,,,,,,,,,,,,,,,,,,,,,,,,,,,,,,,,,,,,,,,,112,4,342180,3316,158,40,1,both,1,19,19,0,0,,,,,14,,,,,,,,,,,,,,,,,,,,,,,,,,,,,,,,,,,,
221.17049787496217,unswapping,,,,,,,,,,,,,,,,,,,,,,,,,,,,,,,,,,,,,,,,,,,,,,,112,4,342180,3316,158,40,1,left,0,20,20,0,0,,,,,14,,,,,,,,,,,,,,,,,,,,,,,,,,,,,,,,,,,,
221.66475041699596,unswapping,,,,,,,,,,,,,,,,,,,,,,,,,,,,,,,,,,,,,,,,,,,,,,,112,4,342180,3316,158,40,1,left,1,19,19,0,0,,,,,14,,,,,,,,,,,,,,,,,,,,,,,,,,,,,,,,,,,,
222.3203792499844,unswapping,,,,,,,,,,,,,,,,,,,,,,,,,,,,,,,,,,,,,,,,,,,,,,,111,4,331328,3276,158,40,1,right,0,20,20,1,1,,,,,16,,,,,,,,,,,,,,,,,,,,,,,,,,,,,,,,,,,,
222.80686829198385,unswapping,,,,,,,,,,,,,,,,,,,,,,,,,,,,,,,,,,,,,,,,,,,,,,,111,4,331328,3276,158,40,1,right,1,19,19,0,1,,,,,16,,,,,,,,,,,,,,,,,,,,,,,,,,,,,,,,,,,,
223.8379256670014,unswapping,,,,,,,,,,,,,,,,,,,,,,,,,,,,,,,,,,,,,,,,,,,,,,,111,4,331328,3276,158,40,2,both,0,20,20,0,0,,,,,16,,,,,,,,,,,,,,,,,,,,,,,,,,,,,,,,,,,,
224.87254912499338,unswapping,,,,,,,,,,,,,,,,,,,,,,,,,,,,,,,,,,,,,,,,,,,,,,,111,4,331328,3276,158,40,2,both,1,19,19,0,0,,,,,16,,,,,,,,,,,,,,,,,,,,,,,,,,,,,,,,,,,,
225.35151791694807,unswapping,,,,,,,,,,,,,,,,,,,,,,,,,,,,,,,,,,,,,,,,,,,,,,,111,4,331328,3276,158,40,2,left,0,20,20,0,0,,,,,16,,,,,,,,,,,,,,,,,,,,,,,,,,,,,,,,,,,,
225.82868687500013,unswapping,,,,,,,,,,,,,,,,,,,,,,,,,,,,,,,,,,,,,,,,,,,,,,,111,4,331328,3276,158,40,2,left,1,19,19,0,0,,,,,16,,,,,,,,,,,,,,,,,,,,,,,,,,,,,,,,,,,,
226.29985199996736,unswapping,,,,,,,,,,,,,,,,,,,,,,,,,,,,,,,,,,,,,,,,,,,,,,,111,4,331328,3276,158,40,2,right,0,20,20,0,0,,,,,16,,,,,,,,,,,,,,,,,,,,,,,,,,,,,,,,,,,,
226.77138337498764,unswapping,,,,,,,,,,,,,,,,,,,,,,,,,,,,,,,,,,,,,,,,,,,,,,,111,4,331328,3276,158,40,2,right,1,19,19,0,0,,,,,16,,,,,,,,,,,,,,,,,,,,,,,,,,,,,,,,,,,,
227.42529233399546,unswap_cycle_summary,,,,,,,,,,,,404,381,785,,,,,,,,,,,,,,,,,,,512,0.0006,,,,,,,,,,,,,111,4,331328,3276,158,40,,,,,,,,,,,,,,,,,,,,9,15.31031620799331,785,808,23,2,False,,,,,,,,,,,,,,,,,,,,,,
227.55920687498292,rewiring,right,post_unswap,0.09685295796953142,54,False,False,,,,,,,,,,,,,,,,,,,,,,,,,,,,,,,,,,,,,,,,,,,,,,,,,,,,,,,,,,,,,,,,,,9,,,,,,,50,False,2,1,none,0.0,123,0.09684933297103271,0.09709425002802163,,,,,,,,,,,,,
227.59712545899674,cycle_progress,,,,,,,,,,,,404,381,785,,,,,,,,,,,,,,,,,,,512,0.0006,,198560,0,,,,,,,,,,111,4,331328,3276,158,40,,,,,,,,,,,,,,,,,,,,9,,785,808,23,2,False,,,,,,,,,0.09709425002802163,,,,,,,,,,,,,
227.95486829197034,absorbing,,,,,,,R,0,1,0,52,404,381,785,8,0,0,0.0,0.31510474998503923,0.31510474998503923,0.3165584580274299,,442436,,183,False,False,False,False,442436,183,False,512,0.0006,,331328,0,total_elems,,442436,1,1,,,,0.0,183,4,442436,3788,158,40,,,,,,,,,,,,,,,,,,,,,,,,,,,,,,,,,,,,,,,,,,,,,,,,
230.49353254196467,unswapping,,,,,,,,,,,,,,,,,,,,,,,,,,,,,,,,,,,,,,,,,,,,,,,156,4,395928,3560,158,40,0,both,0,20,20,3,3,,,,,0,,,,,,,,,,,,,,,,,,,,,,,,,,,,,,,,,,,,
232.1572475839639,unswapping,,,,,,,,,,,,,,,,,,,,,,,,,,,,,,,,,,,,,,,,,,,,,,,142,4,367816,3424,158,40,0,both,1,19,19,2,5,,,,,0,,,,,,,,,,,,,,,,,,,,,,,,,,,,,,,,,,,,
232.8902641669847,unswapping,,,,,,,,,,,,,,,,,,,,,,,,,,,,,,,,,,,,,,,,,,,,,,,114,4,345024,3358,158,40,0,left,0,20,20,1,6,,,,,2,,,,,,,,,,,,,,,,,,,,,,,,,,,,,,,,,,,,
233.559312458965,unswapping,,,,,,,,,,,,,,,,,,,,,,,,,,,,,,,,,,,,,,,,,,,,,,,104,4,334216,3320,158,40,0,left,1,19,19,2,8,,,,,6,,,,,,,,,,,,,,,,,,,,,,,,,,,,,,,,,,,,
234.18018416699488,unswapping,,,,,,,,,,,,,,,,,,,,,,,,,,,,,,,,,,,,,,,,,,,,,,,103,4,318352,3244,158,40,0,right,0,20,20,2,10,,,,,10,,,,,,,,,,,,,,,,,,,,,,,,,,,,,,,,,,,,
234.7794675839832,unswapping,,,,,,,,,,,,,,,,,,,,,,,,,,,,,,,,,,,,,,,,,,,,,,,103,4,314196,3216,158,40,0,right,1,19,19,1,11,,,,,12,,,,,,,,,,,,,,,,,,,,,,,,,,,,,,,,,,,,
235.80297254194738,unswapping,,,,,,,,,,,,,,,,,,,,,,,,,,,,,,,,,,,,,,,,,,,,,,,103,4,314196,3216,158,40,1,both,0,20,20,0,0,,,,,12,,,,,,,,,,,,,,,,,,,,,,,,,,,,,,,,,,,,
236.84954245894914,unswapping,,,,,,,,,,,,,,,,,,,,,,,,,,,,,,,,,,,,,,,,,,,,,,,103,4,314196,3216,158,40,1,both,1,19,19,0,0,,,,,12,,,,,,,,,,,,,,,,,,,,,,,,,,,,,,,,,,,,
237.33246812497964,unswapping,,,,,,,,,,,,,,,,,,,,,,,,,,,,,,,,,,,,,,,,,,,,,,,103,4,314196,3216,158,40,1,left,0,20,20,0,0,,,,,12,,,,,,,,,,,,,,,,,,,,,,,,,,,,,,,,,,,,
237.80973924999125,unswapping,,,,,,,,,,,,,,,,,,,,,,,,,,,,,,,,,,,,,,,,,,,,,,,103,4,314196,3216,158,40,1,left,1,19,19,0,0,,,,,12,,,,,,,,,,,,,,,,,,,,,,,,,,,,,,,,,,,,
238.2818659999757,unswapping,,,,,,,,,,,,,,,,,,,,,,,,,,,,,,,,,,,,,,,,,,,,,,,103,4,314196,3216,158,40,1,right,0,20,20,0,0,,,,,12,,,,,,,,,,,,,,,,,,,,,,,,,,,,,,,,,,,,
238.73704383400036,unswapping,,,,,,,,,,,,,,,,,,,,,,,,,,,,,,,,,,,,,,,,,,,,,,,103,4,314196,3216,158,40,1,right,1,19,19,0,0,,,,,12,,,,,,,,,,,,,,,,,,,,,,,,,,,,,,,,,,,,
239.18922120897332,unswap_cycle_summary,,,,,,,,,,,,404,381,785,,,,,,,,,,,,,,,,,,,512,0.0006,,,,,,,,,,,,,103,4,314196,3216,158,40,,,,,,,,,,,,,,,,,,,,10,10.20597325003473,785,808,23,0,False,,,,,,,,,,,,,,,,,,,,,,
239.24876087496523,rewiring,right,post_unswap,0.02118379098828882,53,False,False,,,,,,,,,,,,,,,,,,,,,,,,,,,,,,,,,,,,,,,,,,,,,,,,,,,,,,,,,,,,,,,,,,10,,,,,,,50,False,0,1,none,0.0,123,0.021179833041969687,0.021407124993856996,,,,,,,,,,,,,
239.28700591699453,cycle_progress,,,,,,,,,,,,404,381,785,,,,,,,,,,,,,,,,,,,512,0.0006,,331328,0,,,,,,,,,,103,4,314196,3216,158,40,,,,,,,,,,,,,,,,,,,,10,,785,808,23,0,False,,,,,,,,,0.021407124993856996,,,,,,,,,,,,,
239.70386783400318,absorbing,,,,,,,R,0,1,0,52,404,381,785,8,0,0,0.0,0.37579012499190867,0.37579012499190867,0.3763909580302425,,418616,,177,False,False,False,False,418616,177,False,512,0.0006,,314196,1,total_elems,,418616,1,1,,,,0.0,177,4,418616,3714,158,40,,,,,,,,,,,,,,,,,,,,,,,,,,,,,,,,,,,,,,,,,,,,,,,,
242.1159997919458,unswapping,,,,,,,,,,,,,,,,,,,,,,,,,,,,,,,,,,,,,,,,,,,,,,,133,4,365352,3474,158,40,0,both,0,20,20,3,3,,,,,0,,,,,,,,,,,,,,,,,,,,,,,,,,,,,,,,,,,,
243.68614070897456,unswapping,,,,,,,,,,,,,,,,,,,,,,,,,,,,,,,,,,,,,,,,,,,,,,,128,4,345432,3356,158,40,0,both,1,19,19,2,5,,,,,0,,,,,,,,,,,,,,,,,,,,,,,,,,,,,,,,,,,,
244.37786599999527,unswapping,,,,,,,,,,,,,,,,,,,,,,,,,,,,,,,,,,,,,,,,,,,,,,,103,4,324300,3294,158,40,0,left,0,20,20,1,6,,,,,2,,,,,,,,,,,,,,,,,,,,,,,,,,,,,,,,,,,,
245.01821983396076,unswapping,,,,,,,,,,,,,,,,,,,,,,,,,,,,,,,,,,,,,,,,,,,,,,,103,4,321336,3278,158,40,0,left,1,19,19,1,7,,,,,4,,,,,,,,,,,,,,,,,,,,,,,,,,,,,,,,,,,,
245.63945795898326,unswapping,,,,,,,,,,,,,,,,,,,,,,,,,,,,,,,,,,,,,,,,,,,,,,,103,4,305176,3196,158,40,0,right,0,20,20,2,9,,,,,8,,,,,,,,,,,,,,,,,,,,,,,,,,,,,,,,,,,,
246.2187905839528,unswapping,,,,,,,,,,,,,,,,,,,,,,,,,,,,,,,,,,,,,,,,,,,,,,,103,4,301920,3170,158,40,0,right,1,19,19,1,10,,,,,10,,,,,,,,,,,,,,,,,,,,,,,,,,,,,,,,,,,,
247.1923375419574,unswapping,,,,,,,,,,,,,,,,,,,,,,,,,,,,,,,,,,,,,,,,,,,,,,,103,4,301920,3170,158,40,1,both,0,20,20,0,0,,,,,10,,,,,,,,,,,,,,,,,,,,,,,,,,,,,,,,,,,,
248.15550554200308,unswapping,,,,,,,,,,,,,,,,,,,,,,,,,,,,,,,,,,,,,,,,,,,,,,,103,4,301920,3170,158,40,1,both,1,19,19,0,0,,,,,10,,,,,,,,,,,,,,,,,,,,,,,,,,,,,,,,,,,,
248.60443716699956,unswapping,,,,,,,,,,,,,,,,,,,,,,,,,,,,,,,,,,,,,,,,,,,,,,,103,4,301920,3170,158,40,1,left,0,20,20,0,0,,,,,10,,,,,,,,,,,,,,,,,,,,,,,,,,,,,,,,,,,,
249.04803245898802,unswapping,,,,,,,,,,,,,,,,,,,,,,,,,,,,,,,,,,,,,,,,,,,,,,,103,4,301920,3170,158,40,1,left,1,19,19,0,0,,,,,10,,,,,,,,,,,,,,,,,,,,,,,,,,,,,,,,,,,,
249.49499612499494,unswapping,,,,,,,,,,,,,,,,,,,,,,,,,,,,,,,,,,,,,,,,,,,,,,,103,4,301920,3170,158,40,1,right,0,20,20,0,0,,,,,10,,,,,,,,,,,,,,,,,,,,,,,,,,,,,,,,,,,,
249.9475074589718,unswapping,,,,,,,,,,,,,,,,,,,,,,,,,,,,,,,,,,,,,,,,,,,,,,,103,4,301920,3170,158,40,1,right,1,19,19,0,0,,,,,10,,,,,,,,,,,,,,,,,,,,,,,,,,,,,,,,,,,,
250.40274845896056,unswap_cycle_summary,,,,,,,,,,,,404,381,785,,,,,,,,,,,,,,,,,,,512,0.0006,,,,,,,,,,,,,103,4,301920,3170,158,40,,,,,,,,,,,,,,,,,,,,11,9.725535042001866,785,808,23,0,False,,,,,,,,,,,,,,,,,,,,,,
250.46294774999842,rewiring,right,post_unswap,0.021873249963391572,53,False,False,,,,,,,,,,,,,,,,,,,,,,,,,,,,,,,,,,,,,,,,,,,,,,,,,,,,,,,,,,,,,,,,,,11,,,,,,,50,False,0,1,none,0.0,123,0.02186995802912861,0.02208904200233519,,,,,,,,,,,,,
250.50186033395585,cycle_progress,,,,,,,,,,,,404,381,785,,,,,,,,,,,,,,,,,,,512,0.0006,,314196,1,,,,,,,,,,103,4,301920,3170,158,40,,,,,,,,,,,,,,,,,,,,11,,785,808,23,0,False,,,,,,,,,0.02208904200233519,,,,,,,,,,,,,
250.54156979196705,termination,,,,,,,,,,,,404,381,785,,,,,,,,,,,,,,,,,,,512,0.0006,,,2,,,,,,,,,,103,4,301920,3170,158,40,,,,,,,,,,,,,,,,,,,,11,,785,808,23,,False,,,,,,,,,,no_progress_cycle_limit,"2 consecutive unswap cycles consumed zero work gates at cutoff=0.0006 [mode=entanglement_blowup]. The MPO is pinned near the size limits (max_bond=103 vs cap 512, elems=301920 vs unswap_threshold 500000), so no block can be absorbed without overflowing. This is the cutoff-sensitive branch: retry with a different --cutoff (verified Apple Silicon Accelerate values are in BENCHMARKS.md; start with --cutoff 0.0006), or raise --max-bond / --unswap-threshold.",entanglement_blowup,2,,,,,,,,,
250.58143445895985,timing_summary,,,2.114001417940017,,,,,,,,,,,,,,,,,,,,,,,,,,,,,,,,,,,,,,,,,,,0.0,,,,,,,,,,,,,,,,,,,,,,,,,,,,,,,,,,,,,,,,,2.1187520839157514,,,,,0.39775195898255333,0.3981567089795135,1.7162494589574635,1.720595374936238,103.76271532668034,104.20620012102881,125.95236045704223,232.27256199601106,232.2773126619868
