2026-08-26 08:24:21,026 [INFO] loaded <local-user>/code_projects/qat/tracker/data/classically-verifiable-problems/circuit-models/peaked_circuit/peaked_circuit_P11_Hqap_98x1999.qasm: qubits=98 ops={'u': 7996, 'cz': 1999}
2026-08-26 08:24:21,032 [INFO] Pass: Collect2qBlocks - 3.70312 (ms)
2026-08-26 08:24:21,040 [INFO] Pass: ConsolidateBlocks - 8.53801 (ms)
2026-08-26 08:24:21,041 [INFO] after two-qubit block consolidation: ops={'unitary': 1984}
2026-08-26 08:24:21,059 [INFO] environment: python=3.10.21 qiskit=1.4.5 quimb=1.11.2 numpy=2.2.6 scipy=1.15.2 machine=arm64
2026-08-26 08:24:21,244 [INFO] Total unitaries: 1984 = 992 (left) + 992 (right)
2026-08-26 08:24:21,244 [INFO] Rewiring with SabreSwap(trials=90, heuristic='decay', seed=123)
2026-08-26 08:24:21,244 [INFO] Post-unswap rewire candidate scoring enabled: candidates=2, score='lookahead_total', lookahead=8, seed_stride=1009
2026-08-26 08:24:21,244 [INFO] No-progress fail-fast guardrail enabled: abort after 40 consecutive zero-work unswap cycle(s)
2026-08-26 08:24:21,244 [INFO] [start rewire](phase=initial, side=left, layers=57, trials=90, seed=123, parallel=False)
2026-08-26 08:24:23,198 [INFO] [end rewire](phase=initial, side=left, routed_layers=2367, elapsed_s=1.95)
2026-08-26 08:24:23,198 [INFO] [start rewire](phase=initial, side=right, layers=71, trials=90, seed=123, parallel=False)
2026-08-26 08:24:24,838 [INFO] [end rewire](phase=initial, side=right, routed_layers=2266, elapsed_s=1.64)
2026-08-26 08:24:24,853 [INFO] [start compressing] -> {'max_bond': 1, 'max_links': 4, 'total_elems': 392, 'total_shapes': 586, 'total_links': 390, 'num_tensors': 98}
2026-08-26 08:24:24,926 [INFO] [1L/2365](swap: 19, u: 0 | c_u: 0 | t_u_l: 0/992 | t_u_r: 0/992 | t_u: 0/1984) -> {'max_bond': 1, 'max_links': 4, 'total_elems': 392, 'total_shapes': 586, 'total_links': 390, 'num_tensors': 98}
2026-08-26 08:24:24,928 [WARNING] live plot.png generation disabled: No module named 'matplotlib'
2026-08-26 08:24:24,995 [INFO] [1R/2264](swap: 14, u: 1 | c_u: 1 | t_u_l: 0/992 | t_u_r: 1/992 | t_u: 1/1984) -> {'max_bond': 4, 'max_links': 4, 'total_elems': 736, 'total_shapes': 672, 'total_links': 390, 'num_tensors': 98}
2026-08-26 08:24:25,062 [INFO] [2L/2365](swap: 21, u: 0 | c_u: 1 | t_u_l: 0/992 | t_u_r: 1/992 | t_u: 1/1984) -> {'max_bond': 4, 'max_links': 4, 'total_elems': 1288, 'total_shapes': 774, 'total_links': 390, 'num_tensors': 98}
2026-08-26 08:24:25,131 [INFO] [2R/2264](swap: 15, u: 0 | c_u: 1 | t_u_l: 0/992 | t_u_r: 1/992 | t_u: 1/1984) -> {'max_bond': 4, 'max_links': 4, 'total_elems': 2164, 'total_shapes': 846, 'total_links': 390, 'num_tensors': 98}
2026-08-26 08:24:25,200 [INFO] [3R/2264](swap: 15, u: 0 | c_u: 1 | t_u_l: 0/992 | t_u_r: 1/992 | t_u: 1/1984) -> {'max_bond': 16, 'max_links': 4, 'total_elems': 3596, 'total_shapes': 946, 'total_links': 390, 'num_tensors': 98}
2026-08-26 08:24:25,269 [INFO] [4R/2264](swap: 16, u: 0 | c_u: 1 | t_u_l: 0/992 | t_u_r: 1/992 | t_u: 1/1984) -> {'max_bond': 16, 'max_links': 4, 'total_elems': 6488, 'total_shapes': 1066, 'total_links': 390, 'num_tensors': 98}
2026-08-26 08:24:25,340 [INFO] [3L/2365](swap: 20, u: 2 | c_u: 3 | t_u_l: 2/992 | t_u_r: 1/992 | t_u: 3/1984) -> {'max_bond': 16, 'max_links': 4, 'total_elems': 10044, 'total_shapes': 1292, 'total_links': 390, 'num_tensors': 98}
2026-08-26 08:24:25,411 [INFO] [5R/2264](swap: 16, u: 0 | c_u: 3 | t_u_l: 2/992 | t_u_r: 1/992 | t_u: 3/1984) -> {'max_bond': 16, 'max_links': 4, 'total_elems': 17040, 'total_shapes': 1520, 'total_links': 390, 'num_tensors': 98}
2026-08-26 08:24:25,485 [INFO] [6R/2264](swap: 15, u: 0 | c_u: 3 | t_u_l: 2/992 | t_u_r: 1/992 | t_u: 3/1984) -> {'max_bond': 64, 'max_links': 4, 'total_elems': 30852, 'total_shapes': 1826, 'total_links': 390, 'num_tensors': 98}
2026-08-26 08:24:25,569 [INFO] [4L/2365](swap: 20, u: 0 | c_u: 3 | t_u_l: 2/992 | t_u_r: 1/992 | t_u: 3/1984) -> {'max_bond': 64, 'max_links': 4, 'total_elems': 55836, 'total_shapes': 2276, 'total_links': 390, 'num_tensors': 98}
2026-08-26 08:24:25,674 [INFO] [7R/2264](swap: 14, u: 1 | c_u: 4 | t_u_l: 2/992 | t_u_r: 2/992 | t_u: 4/1984) -> {'max_bond': 64, 'max_links': 4, 'total_elems': 106904, 'total_shapes': 2758, 'total_links': 390, 'num_tensors': 98}
2026-08-26 08:24:25,842 [INFO] [8R/2264](swap: 15, u: 0 | c_u: 4 | t_u_l: 2/992 | t_u_r: 2/992 | t_u: 4/1984) -> {'max_bond': 128, 'max_links': 4, 'total_elems': 195320, 'total_shapes': 3300, 'total_links': 390, 'num_tensors': 98}
2026-08-26 08:24:26,217 [INFO] [9R/2264](swap: 15, u: 0 | c_u: 4 | t_u_l: 2/992 | t_u_r: 2/992 | t_u: 4/1984) -> {'max_bond': 128, 'max_links': 4, 'total_elems': 304152, 'total_shapes': 3850, 'total_links': 390, 'num_tensors': 98}
2026-08-26 08:24:26,822 [INFO] [5L/2365](swap: 19, u: 0 | c_u: 4 | t_u_l: 2/992 | t_u_r: 2/992 | t_u: 4/1984) -> {'max_bond': 256, 'max_links': 4, 'total_elems': 596304, 'total_shapes': 5094, 'total_links': 390, 'num_tensors': 98}
2026-08-26 08:24:28,608 [INFO] [6L/2365](swap: 18, u: 1 | c_u: 5 | t_u_l: 3/992 | t_u_r: 2/992 | t_u: 5/1984) -> {'max_bond': 256, 'max_links': 4, 'total_elems': 800396, 'total_shapes': 5980, 'total_links': 390, 'num_tensors': 98}
2026-08-26 08:24:30,344 [INFO] [7L/2365](swap: 14, u: 2 | c_u: 7 | t_u_l: 5/992 | t_u_r: 2/992 | t_u: 7/1984) -> {'max_bond': 256, 'max_links': 4, 'total_elems': 868548, 'total_shapes': 6612, 'total_links': 390, 'num_tensors': 98}
2026-08-26 08:24:32,089 [INFO]     [start unswap] -> {'max_bond': 256, 'max_links': 4, 'total_elems': 868548, 'total_shapes': 6612, 'total_links': 390, 'num_tensors': 98}
2026-08-26 08:24:42,040 [INFO]     [0 | both | 0](candidate_pairs: 49/49 | new_swaps: 4 | total: 4) -> {'max_bond': 256, 'max_links': 4, 'total_elems': 1311812, 'total_shapes': 7412, 'total_links': 390, 'num_tensors': 98}
2026-08-26 08:24:49,939 [INFO]     [0 | both | 1](candidate_pairs: 48/48 | new_swaps: 12 | total: 16) -> {'max_bond': 256, 'max_links': 4, 'total_elems': 669988, 'total_shapes': 5734, 'total_links': 390, 'num_tensors': 98}
2026-08-26 08:24:51,469 [INFO]     [0 | left | 0](candidate_pairs: 49/49 | new_swaps: 14 | total: 30) -> {'max_bond': 128, 'max_links': 4, 'total_elems': 409540, 'total_shapes': 4584, 'total_links': 390, 'num_tensors': 98}
2026-08-26 08:24:52,397 [INFO]     [0 | left | 1](candidate_pairs: 48/48 | new_swaps: 23 | total: 53) -> {'max_bond': 128, 'max_links': 4, 'total_elems': 203520, 'total_shapes': 3490, 'total_links': 390, 'num_tensors': 98}
2026-08-26 08:24:52,660 [INFO]     [0 | right | 0](candidate_pairs: 49/49 | new_swaps: 12 | total: 65) -> {'max_bond': 64, 'max_links': 4, 'total_elems': 127368, 'total_shapes': 2854, 'total_links': 390, 'num_tensors': 98}
2026-08-26 08:24:52,881 [INFO]     [0 | right | 1](candidate_pairs: 48/48 | new_swaps: 14 | total: 79) -> {'max_bond': 64, 'max_links': 4, 'total_elems': 87848, 'total_shapes': 2478, 'total_links': 390, 'num_tensors': 98}
2026-08-26 08:24:53,161 [INFO]     [1 | both | 0](candidate_pairs: 49/49 | new_swaps: 20 | total: 20) -> {'max_bond': 64, 'max_links': 4, 'total_elems': 50676, 'total_shapes': 1940, 'total_links': 390, 'num_tensors': 98}
2026-08-26 08:24:53,359 [INFO]     [1 | both | 1](candidate_pairs: 48/48 | new_swaps: 13 | total: 33) -> {'max_bond': 64, 'max_links': 4, 'total_elems': 27212, 'total_shapes': 1536, 'total_links': 390, 'num_tensors': 98}
2026-08-26 08:24:53,446 [INFO]     [1 | left | 0](candidate_pairs: 49/49 | new_swaps: 14 | total: 47) -> {'max_bond': 32, 'max_links': 4, 'total_elems': 14660, 'total_shapes': 1262, 'total_links': 390, 'num_tensors': 98}
2026-08-26 08:24:53,520 [INFO]     [1 | left | 1](candidate_pairs: 48/48 | new_swaps: 10 | total: 57) -> {'max_bond': 32, 'max_links': 4, 'total_elems': 8724, 'total_shapes': 1130, 'total_links': 390, 'num_tensors': 98}
2026-08-26 08:24:53,586 [INFO]     [1 | right | 0](candidate_pairs: 49/49 | new_swaps: 7 | total: 64) -> {'max_bond': 16, 'max_links': 4, 'total_elems': 5796, 'total_shapes': 1026, 'total_links': 390, 'num_tensors': 98}
2026-08-26 08:24:53,651 [INFO]     [1 | right | 1](candidate_pairs: 48/48 | new_swaps: 6 | total: 70) -> {'max_bond': 16, 'max_links': 4, 'total_elems': 5256, 'total_shapes': 988, 'total_links': 390, 'num_tensors': 98}
2026-08-26 08:24:53,765 [INFO]     [2 | both | 0](candidate_pairs: 49/49 | new_swaps: 9 | total: 9) -> {'max_bond': 16, 'max_links': 4, 'total_elems': 3812, 'total_shapes': 926, 'total_links': 390, 'num_tensors': 98}
2026-08-26 08:24:53,879 [INFO]     [2 | both | 1](candidate_pairs: 48/48 | new_swaps: 13 | total: 22) -> {'max_bond': 8, 'max_links': 4, 'total_elems': 2660, 'total_shapes': 838, 'total_links': 390, 'num_tensors': 98}
2026-08-26 08:24:53,942 [INFO]     [2 | left | 0](candidate_pairs: 49/49 | new_swaps: 7 | total: 29) -> {'max_bond': 8, 'max_links': 4, 'total_elems': 2084, 'total_shapes': 790, 'total_links': 390, 'num_tensors': 98}
2026-08-26 08:24:54,003 [INFO]     [2 | left | 1](candidate_pairs: 48/48 | new_swaps: 3 | total: 32) -> {'max_bond': 4, 'max_links': 4, 'total_elems': 1856, 'total_shapes': 766, 'total_links': 390, 'num_tensors': 98}
2026-08-26 08:24:54,064 [INFO]     [2 | right | 0](candidate_pairs: 49/49 | new_swaps: 3 | total: 35) -> {'max_bond': 4, 'max_links': 4, 'total_elems': 1684, 'total_shapes': 750, 'total_links': 390, 'num_tensors': 98}
2026-08-26 08:24:54,123 [INFO]     [2 | right | 1](candidate_pairs: 48/48 | new_swaps: 1 | total: 36) -> {'max_bond': 4, 'max_links': 4, 'total_elems': 1624, 'total_shapes': 744, 'total_links': 390, 'num_tensors': 98}
2026-08-26 08:24:54,235 [INFO]     [3 | both | 0](candidate_pairs: 49/49 | new_swaps: 12 | total: 12) -> {'max_bond': 4, 'max_links': 4, 'total_elems': 1096, 'total_shapes': 692, 'total_links': 390, 'num_tensors': 98}
2026-08-26 08:24:54,342 [INFO]     [3 | both | 1](candidate_pairs: 48/48 | new_swaps: 6 | total: 18) -> {'max_bond': 4, 'max_links': 4, 'total_elems': 892, 'total_shapes': 670, 'total_links': 390, 'num_tensors': 98}
2026-08-26 08:24:54,402 [INFO]     [3 | left | 0](candidate_pairs: 49/49 | new_swaps: 1 | total: 19) -> {'max_bond': 4, 'max_links': 4, 'total_elems': 868, 'total_shapes': 666, 'total_links': 390, 'num_tensors': 98}
2026-08-26 08:24:54,463 [INFO]     [3 | left | 1](candidate_pairs: 48/48 | new_swaps: 5 | total: 24) -> {'max_bond': 4, 'max_links': 4, 'total_elems': 736, 'total_shapes': 640, 'total_links': 390, 'num_tensors': 98}
2026-08-26 08:24:54,522 [INFO]     [3 | right | 0](candidate_pairs: 49/49 | new_swaps: 1 | total: 25) -> {'max_bond': 4, 'max_links': 4, 'total_elems': 676, 'total_shapes': 634, 'total_links': 390, 'num_tensors': 98}
2026-08-26 08:24:54,547 [INFO]     [3 | right | 1](candidate_pairs: 48/48 | new_swaps: 0 | total: 25) -> {'max_bond': 4, 'max_links': 4, 'total_elems': 676, 'total_shapes': 634, 'total_links': 390, 'num_tensors': 98}
2026-08-26 08:24:54,654 [INFO]     [4 | both | 0](candidate_pairs: 49/49 | new_swaps: 6 | total: 6) -> {'max_bond': 4, 'max_links': 4, 'total_elems': 556, 'total_shapes': 618, 'total_links': 390, 'num_tensors': 98}
2026-08-26 08:24:54,759 [INFO]     [4 | both | 1](candidate_pairs: 48/48 | new_swaps: 3 | total: 9) -> {'max_bond': 4, 'max_links': 4, 'total_elems': 520, 'total_shapes': 612, 'total_links': 390, 'num_tensors': 98}
2026-08-26 08:24:54,784 [INFO]     [4 | left | 0](candidate_pairs: 49/49 | new_swaps: 0 | total: 9) -> {'max_bond': 4, 'max_links': 4, 'total_elems': 520, 'total_shapes': 612, 'total_links': 390, 'num_tensors': 98}
2026-08-26 08:24:54,843 [INFO]     [4 | left | 1](candidate_pairs: 48/48 | new_swaps: 1 | total: 10) -> {'max_bond': 4, 'max_links': 4, 'total_elems': 496, 'total_shapes': 606, 'total_links': 390, 'num_tensors': 98}
2026-08-26 08:24:54,868 [INFO]     [4 | right | 0](candidate_pairs: 49/49 | new_swaps: 0 | total: 10) -> {'max_bond': 4, 'max_links': 4, 'total_elems': 496, 'total_shapes': 606, 'total_links': 390, 'num_tensors': 98}
2026-08-26 08:24:54,894 [INFO]     [4 | right | 1](candidate_pairs: 48/48 | new_swaps: 0 | total: 10) -> {'max_bond': 4, 'max_links': 4, 'total_elems': 496, 'total_shapes': 606, 'total_links': 390, 'num_tensors': 98}
2026-08-26 08:24:54,943 [INFO]     [5 | both | 0](candidate_pairs: 49/49 | new_swaps: 0 | total: 0) -> {'max_bond': 4, 'max_links': 4, 'total_elems': 496, 'total_shapes': 606, 'total_links': 390, 'num_tensors': 98}
2026-08-26 08:24:54,992 [INFO]     [5 | both | 1](candidate_pairs: 48/48 | new_swaps: 0 | total: 0) -> {'max_bond': 4, 'max_links': 4, 'total_elems': 496, 'total_shapes': 606, 'total_links': 390, 'num_tensors': 98}
2026-08-26 08:24:55,017 [INFO]     [5 | left | 0](candidate_pairs: 49/49 | new_swaps: 0 | total: 0) -> {'max_bond': 4, 'max_links': 4, 'total_elems': 496, 'total_shapes': 606, 'total_links': 390, 'num_tensors': 98}
2026-08-26 08:24:55,043 [INFO]     [5 | left | 1](candidate_pairs: 48/48 | new_swaps: 0 | total: 0) -> {'max_bond': 4, 'max_links': 4, 'total_elems': 496, 'total_shapes': 606, 'total_links': 390, 'num_tensors': 98}
2026-08-26 08:24:55,068 [INFO]     [5 | right | 0](candidate_pairs: 49/49 | new_swaps: 0 | total: 0) -> {'max_bond': 4, 'max_links': 4, 'total_elems': 496, 'total_shapes': 606, 'total_links': 390, 'num_tensors': 98}
2026-08-26 08:24:55,093 [INFO]     [5 | right | 1](candidate_pairs: 48/48 | new_swaps: 0 | total: 0) -> {'max_bond': 4, 'max_links': 4, 'total_elems': 496, 'total_shapes': 606, 'total_links': 390, 'num_tensors': 98}
2026-08-26 08:24:55,093 [INFO]     [end unswap] -> {'max_bond': 4, 'max_links': 4, 'total_elems': 496, 'total_shapes': 606, 'total_links': 390, 'num_tensors': 98}
2026-08-26 08:24:55,096 [INFO] [start rewire](phase=post_unswap, cycle=1, side=left, layers=2360, trials=20, seed=123, parallel=False, route_candidates=2, route_score=lookahead_total)
2026-08-26 08:25:00,268 [INFO] [end rewire](phase=post_unswap, cycle=1, side=left, routed_layers=2386, elapsed_s=5.17)
2026-08-26 08:25:00,268 [INFO] [start rewire](phase=post_unswap, cycle=1, side=right, layers=2257, trials=20, seed=123, parallel=False, route_candidates=2, route_score=lookahead_total)
2026-08-26 08:25:05,218 [INFO] [end rewire](phase=post_unswap, cycle=1, side=right, routed_layers=2477, elapsed_s=4.95)
2026-08-26 08:25:05,297 [INFO] [1L/2384](swap: 22, u: 0 | c_u: 0 | t_u_l: 5/992 | t_u_r: 2/992 | t_u: 7/1984) -> {'max_bond': 4, 'max_links': 4, 'total_elems': 496, 'total_shapes': 606, 'total_links': 390, 'num_tensors': 98}
2026-08-26 08:25:05,367 [INFO] [1R/2475](swap: 16, u: 0 | c_u: 0 | t_u_l: 5/992 | t_u_r: 2/992 | t_u: 7/1984) -> {'max_bond': 4, 'max_links': 4, 'total_elems': 956, 'total_shapes': 700, 'total_links': 390, 'num_tensors': 98}
2026-08-26 08:25:05,439 [INFO] [2L/2384](swap: 21, u: 0 | c_u: 0 | t_u_l: 5/992 | t_u_r: 2/992 | t_u: 7/1984) -> {'max_bond': 4, 'max_links': 4, 'total_elems': 1656, 'total_shapes': 800, 'total_links': 390, 'num_tensors': 98}
2026-08-26 08:25:05,511 [INFO] [2R/2475](swap: 17, u: 0 | c_u: 0 | t_u_l: 5/992 | t_u_r: 2/992 | t_u: 7/1984) -> {'max_bond': 4, 'max_links': 4, 'total_elems': 2416, 'total_shapes': 870, 'total_links': 390, 'num_tensors': 98}
2026-08-26 08:25:05,583 [INFO] [3L/2384](swap: 20, u: 0 | c_u: 0 | t_u_l: 5/992 | t_u_r: 2/992 | t_u: 7/1984) -> {'max_bond': 16, 'max_links': 4, 'total_elems': 4132, 'total_shapes': 1004, 'total_links': 390, 'num_tensors': 98}
2026-08-26 08:25:05,656 [INFO] [4L/2384](swap: 19, u: 0 | c_u: 0 | t_u_l: 5/992 | t_u_r: 2/992 | t_u: 7/1984) -> {'max_bond': 16, 'max_links': 4, 'total_elems': 7828, 'total_shapes': 1166, 'total_links': 390, 'num_tensors': 98}
2026-08-26 08:25:05,734 [INFO] [5L/2384](swap: 17, u: 1 | c_u: 1 | t_u_l: 6/992 | t_u_r: 2/992 | t_u: 8/1984) -> {'max_bond': 16, 'max_links': 4, 'total_elems': 12456, 'total_shapes': 1370, 'total_links': 390, 'num_tensors': 98}
2026-08-26 08:25:05,813 [INFO] [6L/2384](swap: 15, u: 1 | c_u: 2 | t_u_l: 7/992 | t_u_r: 2/992 | t_u: 9/1984) -> {'max_bond': 16, 'max_links': 4, 'total_elems': 20128, 'total_shapes': 1626, 'total_links': 390, 'num_tensors': 98}
2026-08-26 08:25:05,903 [INFO] [7L/2384](swap: 15, u: 0 | c_u: 2 | t_u_l: 7/992 | t_u_r: 2/992 | t_u: 9/1984) -> {'max_bond': 64, 'max_links': 4, 'total_elems': 39964, 'total_shapes': 2040, 'total_links': 390, 'num_tensors': 98}
2026-08-26 08:25:06,005 [INFO] [8L/2384](swap: 13, u: 0 | c_u: 2 | t_u_l: 7/992 | t_u_r: 2/992 | t_u: 9/1984) -> {'max_bond': 64, 'max_links': 4, 'total_elems': 62876, 'total_shapes': 2284, 'total_links': 390, 'num_tensors': 98}
2026-08-26 08:25:06,118 [INFO] [9L/2384](swap: 13, u: 0 | c_u: 2 | t_u_l: 7/992 | t_u_r: 2/992 | t_u: 9/1984) -> {'max_bond': 64, 'max_links': 4, 'total_elems': 75032, 'total_shapes': 2506, 'total_links': 390, 'num_tensors': 98}
2026-08-26 08:25:06,239 [INFO] [10L/2384](swap: 13, u: 0 | c_u: 2 | t_u_l: 7/992 | t_u_r: 2/992 | t_u: 9/1984) -> {'max_bond': 64, 'max_links': 4, 'total_elems': 94136, 'total_shapes': 2836, 'total_links': 390, 'num_tensors': 98}
2026-08-26 08:25:06,386 [INFO] [11L/2384](swap: 13, u: 0 | c_u: 2 | t_u_l: 7/992 | t_u_r: 2/992 | t_u: 9/1984) -> {'max_bond': 64, 'max_links': 4, 'total_elems': 129716, 'total_shapes': 3154, 'total_links': 390, 'num_tensors': 98}
2026-08-26 08:25:06,551 [INFO] [12L/2384](swap: 12, u: 1 | c_u: 3 | t_u_l: 8/992 | t_u_r: 2/992 | t_u: 10/1984) -> {'max_bond': 64, 'max_links': 4, 'total_elems': 182896, 'total_shapes': 3672, 'total_links': 390, 'num_tensors': 98}
2026-08-26 08:25:06,806 [INFO] [3R/2475](swap: 15, u: 0 | c_u: 3 | t_u_l: 8/992 | t_u_r: 2/992 | t_u: 10/1984) -> {'max_bond': 64, 'max_links': 4, 'total_elems': 249448, 'total_shapes': 4020, 'total_links': 390, 'num_tensors': 98}
2026-08-26 08:25:07,151 [INFO] [13L/2384](swap: 12, u: 2 | c_u: 5 | t_u_l: 10/992 | t_u_r: 2/992 | t_u: 12/1984) -> {'max_bond': 64, 'max_links': 4, 'total_elems': 313764, 'total_shapes': 4490, 'total_links': 390, 'num_tensors': 98}
2026-08-26 08:25:07,655 [INFO] [4R/2475](swap: 15, u: 1 | c_u: 6 | t_u_l: 10/992 | t_u_r: 3/992 | t_u: 13/1984) -> {'max_bond': 256, 'max_links': 4, 'total_elems': 519168, 'total_shapes': 5558, 'total_links': 390, 'num_tensors': 98}
2026-08-26 08:25:08,427 [INFO] [14L/2384](swap: 14, u: 1 | c_u: 7 | t_u_l: 11/992 | t_u_r: 3/992 | t_u: 14/1984) -> {'max_bond': 256, 'max_links': 4, 'total_elems': 782528, 'total_shapes': 6658, 'total_links': 390, 'num_tensors': 98}
2026-08-26 08:25:09,993 [INFO]     [start unswap] -> {'max_bond': 256, 'max_links': 4, 'total_elems': 782528, 'total_shapes': 6658, 'total_links': 390, 'num_tensors': 98}
2026-08-26 08:25:21,346 [INFO]     [0 | both | 0](candidate_pairs: 49/49 | new_swaps: 7 | total: 7) -> {'max_bond': 256, 'max_links': 4, 'total_elems': 1637088, 'total_shapes': 7564, 'total_links': 390, 'num_tensors': 98}
2026-08-26 08:25:47,057 [INFO]     [0 | both | 1](candidate_pairs: 48/48 | new_swaps: 12 | total: 19) -> {'max_bond': 256, 'max_links': 4, 'total_elems': 1373432, 'total_shapes': 6272, 'total_links': 390, 'num_tensors': 98}
2026-08-26 08:25:57,562 [INFO]     [0 | left | 0](candidate_pairs: 49/49 | new_swaps: 15 | total: 34) -> {'max_bond': 256, 'max_links': 4, 'total_elems': 424432, 'total_shapes': 4522, 'total_links': 390, 'num_tensors': 98}
2026-08-26 08:25:58,576 [INFO]     [0 | left | 1](candidate_pairs: 48/48 | new_swaps: 15 | total: 49) -> {'max_bond': 64, 'max_links': 4, 'total_elems': 140152, 'total_shapes': 3078, 'total_links': 390, 'num_tensors': 98}
2026-08-26 08:25:58,861 [INFO]     [0 | right | 0](candidate_pairs: 49/49 | new_swaps: 9 | total: 58) -> {'max_bond': 64, 'max_links': 4, 'total_elems': 119992, 'total_shapes': 2730, 'total_links': 390, 'num_tensors': 98}
2026-08-26 08:25:59,209 [INFO]     [0 | right | 1](candidate_pairs: 48/48 | new_swaps: 11 | total: 69) -> {'max_bond': 64, 'max_links': 4, 'total_elems': 85504, 'total_shapes': 2436, 'total_links': 390, 'num_tensors': 98}
2026-08-26 08:25:59,562 [INFO]     [1 | both | 0](candidate_pairs: 49/49 | new_swaps: 14 | total: 14) -> {'max_bond': 64, 'max_links': 4, 'total_elems': 35764, 'total_shapes': 1914, 'total_links': 390, 'num_tensors': 98}
2026-08-26 08:25:59,763 [INFO]     [1 | both | 1](candidate_pairs: 48/48 | new_swaps: 11 | total: 25) -> {'max_bond': 16, 'max_links': 4, 'total_elems': 20948, 'total_shapes': 1594, 'total_links': 390, 'num_tensors': 98}
2026-08-26 08:25:59,861 [INFO]     [1 | left | 0](candidate_pairs: 49/49 | new_swaps: 5 | total: 30) -> {'max_bond': 16, 'max_links': 4, 'total_elems': 18904, 'total_shapes': 1512, 'total_links': 390, 'num_tensors': 98}
2026-08-26 08:25:59,966 [INFO]     [1 | left | 1](candidate_pairs: 48/48 | new_swaps: 7 | total: 37) -> {'max_bond': 16, 'max_links': 4, 'total_elems': 17872, 'total_shapes': 1450, 'total_links': 390, 'num_tensors': 98}
2026-08-26 08:26:00,068 [INFO]     [1 | right | 0](candidate_pairs: 49/49 | new_swaps: 9 | total: 46) -> {'max_bond': 16, 'max_links': 4, 'total_elems': 14584, 'total_shapes': 1344, 'total_links': 390, 'num_tensors': 98}
2026-08-26 08:26:00,165 [INFO]     [1 | right | 1](candidate_pairs: 48/48 | new_swaps: 6 | total: 52) -> {'max_bond': 16, 'max_links': 4, 'total_elems': 12112, 'total_shapes': 1264, 'total_links': 390, 'num_tensors': 98}
2026-08-26 08:26:00,341 [INFO]     [2 | both | 0](candidate_pairs: 49/49 | new_swaps: 12 | total: 12) -> {'max_bond': 16, 'max_links': 4, 'total_elems': 8768, 'total_shapes': 1148, 'total_links': 390, 'num_tensors': 98}
2026-08-26 08:26:00,508 [INFO]     [2 | both | 1](candidate_pairs: 48/48 | new_swaps: 12 | total: 24) -> {'max_bond': 16, 'max_links': 4, 'total_elems': 5312, 'total_shapes': 1024, 'total_links': 390, 'num_tensors': 98}
2026-08-26 08:26:00,595 [INFO]     [2 | left | 0](candidate_pairs: 49/49 | new_swaps: 5 | total: 29) -> {'max_bond': 8, 'max_links': 4, 'total_elems': 4016, 'total_shapes': 958, 'total_links': 390, 'num_tensors': 98}
2026-08-26 08:26:00,685 [INFO]     [2 | left | 1](candidate_pairs: 48/48 | new_swaps: 7 | total: 36) -> {'max_bond': 8, 'max_links': 4, 'total_elems': 3548, 'total_shapes': 916, 'total_links': 390, 'num_tensors': 98}
2026-08-26 08:26:00,775 [INFO]     [2 | right | 0](candidate_pairs: 49/49 | new_swaps: 6 | total: 42) -> {'max_bond': 8, 'max_links': 4, 'total_elems': 3124, 'total_shapes': 876, 'total_links': 390, 'num_tensors': 98}
2026-08-26 08:26:00,859 [INFO]     [2 | right | 1](candidate_pairs: 48/48 | new_swaps: 3 | total: 45) -> {'max_bond': 8, 'max_links': 4, 'total_elems': 2944, 'total_shapes': 862, 'total_links': 390, 'num_tensors': 98}
2026-08-26 08:26:01,011 [INFO]     [3 | both | 0](candidate_pairs: 49/49 | new_swaps: 7 | total: 7) -> {'max_bond': 8, 'max_links': 4, 'total_elems': 2368, 'total_shapes': 822, 'total_links': 390, 'num_tensors': 98}
2026-08-26 08:26:01,163 [INFO]     [3 | both | 1](candidate_pairs: 48/48 | new_swaps: 9 | total: 16) -> {'max_bond': 4, 'max_links': 4, 'total_elems': 1744, 'total_shapes': 766, 'total_links': 390, 'num_tensors': 98}
2026-08-26 08:26:01,250 [INFO]     [3 | left | 0](candidate_pairs: 49/49 | new_swaps: 3 | total: 19) -> {'max_bond': 4, 'max_links': 4, 'total_elems': 1648, 'total_shapes': 754, 'total_links': 390, 'num_tensors': 98}
2026-08-26 08:26:01,336 [INFO]     [3 | left | 1](candidate_pairs: 48/48 | new_swaps: 2 | total: 21) -> {'max_bond': 4, 'max_links': 4, 'total_elems': 1592, 'total_shapes': 744, 'total_links': 390, 'num_tensors': 98}
2026-08-26 08:26:01,420 [INFO]     [3 | right | 0](candidate_pairs: 49/49 | new_swaps: 2 | total: 23) -> {'max_bond': 4, 'max_links': 4, 'total_elems': 1472, 'total_shapes': 732, 'total_links': 390, 'num_tensors': 98}
2026-08-26 08:26:01,503 [INFO]     [3 | right | 1](candidate_pairs: 48/48 | new_swaps: 2 | total: 25) -> {'max_bond': 4, 'max_links': 4, 'total_elems': 1364, 'total_shapes': 722, 'total_links': 390, 'num_tensors': 98}
2026-08-26 08:26:01,657 [INFO]     [4 | both | 0](candidate_pairs: 49/49 | new_swaps: 7 | total: 7) -> {'max_bond': 4, 'max_links': 4, 'total_elems': 1132, 'total_shapes': 698, 'total_links': 390, 'num_tensors': 98}
2026-08-26 08:26:01,807 [INFO]     [4 | both | 1](candidate_pairs: 48/48 | new_swaps: 5 | total: 12) -> {'max_bond': 4, 'max_links': 4, 'total_elems': 988, 'total_shapes': 682, 'total_links': 390, 'num_tensors': 98}
2026-08-26 08:26:01,843 [INFO]     [4 | left | 0](candidate_pairs: 49/49 | new_swaps: 0 | total: 12) -> {'max_bond': 4, 'max_links': 4, 'total_elems': 988, 'total_shapes': 682, 'total_links': 390, 'num_tensors': 98}
2026-08-26 08:26:01,928 [INFO]     [4 | left | 1](candidate_pairs: 48/48 | new_swaps: 2 | total: 14) -> {'max_bond': 4, 'max_links': 4, 'total_elems': 932, 'total_shapes': 674, 'total_links': 390, 'num_tensors': 98}
2026-08-26 08:26:01,963 [INFO]     [4 | right | 0](candidate_pairs: 49/49 | new_swaps: 0 | total: 14) -> {'max_bond': 4, 'max_links': 4, 'total_elems': 932, 'total_shapes': 674, 'total_links': 390, 'num_tensors': 98}
2026-08-26 08:26:01,999 [INFO]     [4 | right | 1](candidate_pairs: 48/48 | new_swaps: 0 | total: 14) -> {'max_bond': 4, 'max_links': 4, 'total_elems': 932, 'total_shapes': 674, 'total_links': 390, 'num_tensors': 98}
2026-08-26 08:26:02,149 [INFO]     [5 | both | 0](candidate_pairs: 49/49 | new_swaps: 6 | total: 6) -> {'max_bond': 4, 'max_links': 4, 'total_elems': 776, 'total_shapes': 656, 'total_links': 390, 'num_tensors': 98}
2026-08-26 08:26:02,300 [INFO]     [5 | both | 1](candidate_pairs: 48/48 | new_swaps: 4 | total: 10) -> {'max_bond': 4, 'max_links': 4, 'total_elems': 728, 'total_shapes': 648, 'total_links': 390, 'num_tensors': 98}
2026-08-26 08:26:02,339 [INFO]     [5 | left | 0](candidate_pairs: 49/49 | new_swaps: 0 | total: 10) -> {'max_bond': 4, 'max_links': 4, 'total_elems': 728, 'total_shapes': 648, 'total_links': 390, 'num_tensors': 98}
2026-08-26 08:26:02,426 [INFO]     [5 | left | 1](candidate_pairs: 48/48 | new_swaps: 1 | total: 11) -> {'max_bond': 2, 'max_links': 4, 'total_elems': 704, 'total_shapes': 644, 'total_links': 390, 'num_tensors': 98}
2026-08-26 08:26:02,463 [INFO]     [5 | right | 0](candidate_pairs: 49/49 | new_swaps: 0 | total: 11) -> {'max_bond': 2, 'max_links': 4, 'total_elems': 704, 'total_shapes': 644, 'total_links': 390, 'num_tensors': 98}
2026-08-26 08:26:02,500 [INFO]     [5 | right | 1](candidate_pairs: 48/48 | new_swaps: 0 | total: 11) -> {'max_bond': 2, 'max_links': 4, 'total_elems': 704, 'total_shapes': 644, 'total_links': 390, 'num_tensors': 98}
2026-08-26 08:26:02,656 [INFO]     [6 | both | 0](candidate_pairs: 49/49 | new_swaps: 4 | total: 4) -> {'max_bond': 2, 'max_links': 4, 'total_elems': 656, 'total_shapes': 636, 'total_links': 390, 'num_tensors': 98}
2026-08-26 08:26:02,809 [INFO]     [6 | both | 1](candidate_pairs: 48/48 | new_swaps: 4 | total: 8) -> {'max_bond': 2, 'max_links': 4, 'total_elems': 608, 'total_shapes': 628, 'total_links': 390, 'num_tensors': 98}
2026-08-26 08:26:02,845 [INFO]     [6 | left | 0](candidate_pairs: 49/49 | new_swaps: 0 | total: 8) -> {'max_bond': 2, 'max_links': 4, 'total_elems': 608, 'total_shapes': 628, 'total_links': 390, 'num_tensors': 98}
2026-08-26 08:26:02,881 [INFO]     [6 | left | 1](candidate_pairs: 48/48 | new_swaps: 0 | total: 8) -> {'max_bond': 2, 'max_links': 4, 'total_elems': 608, 'total_shapes': 628, 'total_links': 390, 'num_tensors': 98}
2026-08-26 08:26:02,917 [INFO]     [6 | right | 0](candidate_pairs: 49/49 | new_swaps: 0 | total: 8) -> {'max_bond': 2, 'max_links': 4, 'total_elems': 608, 'total_shapes': 628, 'total_links': 390, 'num_tensors': 98}
2026-08-26 08:26:02,953 [INFO]     [6 | right | 1](candidate_pairs: 48/48 | new_swaps: 0 | total: 8) -> {'max_bond': 2, 'max_links': 4, 'total_elems': 608, 'total_shapes': 628, 'total_links': 390, 'num_tensors': 98}
2026-08-26 08:26:03,101 [INFO]     [7 | both | 0](candidate_pairs: 49/49 | new_swaps: 3 | total: 3) -> {'max_bond': 2, 'max_links': 4, 'total_elems': 572, 'total_shapes': 622, 'total_links': 390, 'num_tensors': 98}
2026-08-26 08:26:03,248 [INFO]     [7 | both | 1](candidate_pairs: 48/48 | new_swaps: 1 | total: 4) -> {'max_bond': 2, 'max_links': 4, 'total_elems': 560, 'total_shapes': 620, 'total_links': 390, 'num_tensors': 98}
2026-08-26 08:26:03,285 [INFO]     [7 | left | 0](candidate_pairs: 49/49 | new_swaps: 0 | total: 4) -> {'max_bond': 2, 'max_links': 4, 'total_elems': 560, 'total_shapes': 620, 'total_links': 390, 'num_tensors': 98}
2026-08-26 08:26:03,321 [INFO]     [7 | left | 1](candidate_pairs: 48/48 | new_swaps: 0 | total: 4) -> {'max_bond': 2, 'max_links': 4, 'total_elems': 560, 'total_shapes': 620, 'total_links': 390, 'num_tensors': 98}
2026-08-26 08:26:03,357 [INFO]     [7 | right | 0](candidate_pairs: 49/49 | new_swaps: 0 | total: 4) -> {'max_bond': 2, 'max_links': 4, 'total_elems': 560, 'total_shapes': 620, 'total_links': 390, 'num_tensors': 98}
2026-08-26 08:26:03,392 [INFO]     [7 | right | 1](candidate_pairs: 48/48 | new_swaps: 0 | total: 4) -> {'max_bond': 2, 'max_links': 4, 'total_elems': 560, 'total_shapes': 620, 'total_links': 390, 'num_tensors': 98}
2026-08-26 08:26:03,539 [INFO]     [8 | both | 0](candidate_pairs: 49/49 | new_swaps: 1 | total: 1) -> {'max_bond': 2, 'max_links': 4, 'total_elems': 548, 'total_shapes': 618, 'total_links': 390, 'num_tensors': 98}
2026-08-26 08:26:03,606 [INFO]     [8 | both | 1](candidate_pairs: 48/48 | new_swaps: 0 | total: 1) -> {'max_bond': 2, 'max_links': 4, 'total_elems': 548, 'total_shapes': 618, 'total_links': 390, 'num_tensors': 98}
2026-08-26 08:26:03,641 [INFO]     [8 | left | 0](candidate_pairs: 49/49 | new_swaps: 0 | total: 1) -> {'max_bond': 2, 'max_links': 4, 'total_elems': 548, 'total_shapes': 618, 'total_links': 390, 'num_tensors': 98}
2026-08-26 08:26:03,677 [INFO]     [8 | left | 1](candidate_pairs: 48/48 | new_swaps: 0 | total: 1) -> {'max_bond': 2, 'max_links': 4, 'total_elems': 548, 'total_shapes': 618, 'total_links': 390, 'num_tensors': 98}
2026-08-26 08:26:03,712 [INFO]     [8 | right | 0](candidate_pairs: 49/49 | new_swaps: 0 | total: 1) -> {'max_bond': 2, 'max_links': 4, 'total_elems': 548, 'total_shapes': 618, 'total_links': 390, 'num_tensors': 98}
2026-08-26 08:26:03,747 [INFO]     [8 | right | 1](candidate_pairs: 48/48 | new_swaps: 0 | total: 1) -> {'max_bond': 2, 'max_links': 4, 'total_elems': 548, 'total_shapes': 618, 'total_links': 390, 'num_tensors': 98}
2026-08-26 08:26:03,814 [INFO]     [9 | both | 0](candidate_pairs: 49/49 | new_swaps: 0 | total: 0) -> {'max_bond': 2, 'max_links': 4, 'total_elems': 548, 'total_shapes': 618, 'total_links': 390, 'num_tensors': 98}
2026-08-26 08:26:03,881 [INFO]     [9 | both | 1](candidate_pairs: 48/48 | new_swaps: 0 | total: 0) -> {'max_bond': 2, 'max_links': 4, 'total_elems': 548, 'total_shapes': 618, 'total_links': 390, 'num_tensors': 98}
2026-08-26 08:26:03,916 [INFO]     [9 | left | 0](candidate_pairs: 49/49 | new_swaps: 0 | total: 0) -> {'max_bond': 2, 'max_links': 4, 'total_elems': 548, 'total_shapes': 618, 'total_links': 390, 'num_tensors': 98}
2026-08-26 08:26:03,951 [INFO]     [9 | left | 1](candidate_pairs: 48/48 | new_swaps: 0 | total: 0) -> {'max_bond': 2, 'max_links': 4, 'total_elems': 548, 'total_shapes': 618, 'total_links': 390, 'num_tensors': 98}
2026-08-26 08:26:03,985 [INFO]     [9 | right | 0](candidate_pairs: 49/49 | new_swaps: 0 | total: 0) -> {'max_bond': 2, 'max_links': 4, 'total_elems': 548, 'total_shapes': 618, 'total_links': 390, 'num_tensors': 98}
2026-08-26 08:26:04,020 [INFO]     [9 | right | 1](candidate_pairs: 48/48 | new_swaps: 0 | total: 0) -> {'max_bond': 2, 'max_links': 4, 'total_elems': 548, 'total_shapes': 618, 'total_links': 390, 'num_tensors': 98}
2026-08-26 08:26:04,021 [INFO]     [end unswap] -> {'max_bond': 2, 'max_links': 4, 'total_elems': 548, 'total_shapes': 618, 'total_links': 390, 'num_tensors': 98}
2026-08-26 08:26:04,028 [INFO] [start rewire](phase=post_unswap, cycle=2, side=left, layers=2372, trials=20, seed=123, parallel=False, route_candidates=2, route_score=lookahead_total)
2026-08-26 08:26:14,518 [INFO] [end rewire](phase=post_unswap, cycle=2, side=left, routed_layers=2405, elapsed_s=10.49)
2026-08-26 08:26:14,519 [INFO] [start rewire](phase=post_unswap, cycle=2, side=right, layers=2473, trials=20, seed=123, parallel=False, route_candidates=2, route_score=lookahead_total)
2026-08-26 08:26:23,401 [INFO] [end rewire](phase=post_unswap, cycle=2, side=right, routed_layers=2206, elapsed_s=8.88)
2026-08-26 08:26:23,514 [INFO] [1L/2403](swap: 19, u: 0 | c_u: 0 | t_u_l: 11/992 | t_u_r: 3/992 | t_u: 14/1984) -> {'max_bond': 2, 'max_links': 4, 'total_elems': 548, 'total_shapes': 618, 'total_links': 390, 'num_tensors': 98}
2026-08-26 08:26:23,613 [INFO] [1R/2204](swap: 15, u: 0 | c_u: 0 | t_u_l: 11/992 | t_u_r: 3/992 | t_u: 14/1984) -> {'max_bond': 4, 'max_links': 4, 'total_elems': 952, 'total_shapes': 706, 'total_links': 390, 'num_tensors': 98}
2026-08-26 08:26:23,713 [INFO] [2L/2403](swap: 20, u: 0 | c_u: 0 | t_u_l: 11/992 | t_u_r: 3/992 | t_u: 14/1984) -> {'max_bond': 8, 'max_links': 4, 'total_elems': 1672, 'total_shapes': 788, 'total_links': 390, 'num_tensors': 98}
2026-08-26 08:26:23,815 [INFO] [2R/2204](swap: 16, u: 0 | c_u: 0 | t_u_l: 11/992 | t_u_r: 3/992 | t_u: 14/1984) -> {'max_bond': 16, 'max_links': 4, 'total_elems': 3036, 'total_shapes': 896, 'total_links': 390, 'num_tensors': 98}
2026-08-26 08:26:23,920 [INFO] [3R/2204](swap: 15, u: 0 | c_u: 0 | t_u_l: 11/992 | t_u_r: 3/992 | t_u: 14/1984) -> {'max_bond': 16, 'max_links': 4, 'total_elems': 4796, 'total_shapes': 1018, 'total_links': 390, 'num_tensors': 98}
2026-08-26 08:26:24,024 [INFO] [3L/2403](swap: 19, u: 0 | c_u: 0 | t_u_l: 11/992 | t_u_r: 3/992 | t_u: 14/1984) -> {'max_bond': 16, 'max_links': 4, 'total_elems': 9940, 'total_shapes': 1156, 'total_links': 390, 'num_tensors': 98}
2026-08-26 08:26:24,135 [INFO] [4L/2403](swap: 16, u: 0 | c_u: 0 | t_u_l: 11/992 | t_u_r: 3/992 | t_u: 14/1984) -> {'max_bond': 64, 'max_links': 4, 'total_elems': 20076, 'total_shapes': 1388, 'total_links': 390, 'num_tensors': 98}
2026-08-26 08:26:24,259 [INFO] [5L/2403](swap: 15, u: 0 | c_u: 0 | t_u_l: 11/992 | t_u_r: 3/992 | t_u: 14/1984) -> {'max_bond': 64, 'max_links': 4, 'total_elems': 45372, 'total_shapes': 1712, 'total_links': 390, 'num_tensors': 98}
2026-08-26 08:26:24,401 [INFO] [6L/2403](swap: 15, u: 1 | c_u: 1 | t_u_l: 12/992 | t_u_r: 3/992 | t_u: 15/1984) -> {'max_bond': 64, 'max_links': 4, 'total_elems': 51540, 'total_shapes': 1922, 'total_links': 390, 'num_tensors': 98}
2026-08-26 08:26:24,581 [INFO] [7L/2403](swap: 15, u: 0 | c_u: 1 | t_u_l: 12/992 | t_u_r: 3/992 | t_u: 15/1984) -> {'max_bond': 64, 'max_links': 4, 'total_elems': 71500, 'total_shapes': 2334, 'total_links': 390, 'num_tensors': 98}
2026-08-26 08:26:24,779 [INFO] [4R/2204](swap: 15, u: 0 | c_u: 1 | t_u_l: 12/992 | t_u_r: 3/992 | t_u: 15/1984) -> {'max_bond': 64, 'max_links': 4, 'total_elems': 116832, 'total_shapes': 2630, 'total_links': 390, 'num_tensors': 98}
2026-08-26 08:26:25,055 [INFO] [5R/2204](swap: 14, u: 0 | c_u: 1 | t_u_l: 12/992 | t_u_r: 3/992 | t_u: 15/1984) -> {'max_bond': 64, 'max_links': 4, 'total_elems': 137748, 'total_shapes': 2950, 'total_links': 390, 'num_tensors': 98}
2026-08-26 08:26:25,355 [INFO] [6R/2204](swap: 15, u: 0 | c_u: 1 | t_u_l: 12/992 | t_u_r: 3/992 | t_u: 15/1984) -> {'max_bond': 64, 'max_links': 4, 'total_elems': 238876, 'total_shapes': 3444, 'total_links': 390, 'num_tensors': 98}
2026-08-26 08:26:26,031 [INFO] [7R/2204](swap: 15, u: 1 | c_u: 2 | t_u_l: 12/992 | t_u_r: 4/992 | t_u: 16/1984) -> {'max_bond': 256, 'max_links': 4, 'total_elems': 518040, 'total_shapes': 4754, 'total_links': 390, 'num_tensors': 98}
2026-08-26 08:26:27,976 [INFO]     [start unswap] -> {'max_bond': 256, 'max_links': 4, 'total_elems': 518040, 'total_shapes': 4754, 'total_links': 390, 'num_tensors': 98}
2026-08-26 08:26:54,734 [INFO]     [0 | both | 0](candidate_pairs: 49/49 | new_swaps: 7 | total: 7) -> {'max_bond': 256, 'max_links': 4, 'total_elems': 1154484, 'total_shapes': 5858, 'total_links': 390, 'num_tensors': 98}
2026-08-26 08:27:01,433 [INFO]     [0 | both | 1](candidate_pairs: 48/48 | new_swaps: 19 | total: 26) -> {'max_bond': 256, 'max_links': 4, 'total_elems': 394080, 'total_shapes': 3820, 'total_links': 390, 'num_tensors': 98}
2026-08-26 08:27:02,383 [INFO]     [0 | left | 0](candidate_pairs: 49/49 | new_swaps: 14 | total: 40) -> {'max_bond': 128, 'max_links': 4, 'total_elems': 163980, 'total_shapes': 2818, 'total_links': 390, 'num_tensors': 98}
2026-08-26 08:27:02,807 [INFO]     [0 | left | 1](candidate_pairs: 48/48 | new_swaps: 16 | total: 56) -> {'max_bond': 64, 'max_links': 4, 'total_elems': 71576, 'total_shapes': 2186, 'total_links': 390, 'num_tensors': 98}
2026-08-26 08:27:02,960 [INFO]     [0 | right | 0](candidate_pairs: 49/49 | new_swaps: 13 | total: 69) -> {'max_bond': 64, 'max_links': 4, 'total_elems': 49568, 'total_shapes': 1758, 'total_links': 390, 'num_tensors': 98}
2026-08-26 08:27:03,143 [INFO]     [0 | right | 1](candidate_pairs: 48/48 | new_swaps: 12 | total: 81) -> {'max_bond': 64, 'max_links': 4, 'total_elems': 26224, 'total_shapes': 1534, 'total_links': 390, 'num_tensors': 98}
2026-08-26 08:27:03,337 [INFO]     [1 | both | 0](candidate_pairs: 49/49 | new_swaps: 18 | total: 18) -> {'max_bond': 32, 'max_links': 4, 'total_elems': 13428, 'total_shapes': 1220, 'total_links': 390, 'num_tensors': 98}
2026-08-26 08:27:03,506 [INFO]     [1 | both | 1](candidate_pairs: 48/48 | new_swaps: 8 | total: 26) -> {'max_bond': 32, 'max_links': 4, 'total_elems': 10116, 'total_shapes': 1124, 'total_links': 390, 'num_tensors': 98}
2026-08-26 08:27:03,601 [INFO]     [1 | left | 0](candidate_pairs: 49/49 | new_swaps: 7 | total: 33) -> {'max_bond': 16, 'max_links': 4, 'total_elems': 7580, 'total_shapes': 1050, 'total_links': 390, 'num_tensors': 98}
2026-08-26 08:27:03,698 [INFO]     [1 | left | 1](candidate_pairs: 48/48 | new_swaps: 11 | total: 44) -> {'max_bond': 16, 'max_links': 4, 'total_elems': 5052, 'total_shapes': 944, 'total_links': 390, 'num_tensors': 98}
2026-08-26 08:27:03,787 [INFO]     [1 | right | 0](candidate_pairs: 49/49 | new_swaps: 6 | total: 50) -> {'max_bond': 8, 'max_links': 4, 'total_elems': 4020, 'total_shapes': 884, 'total_links': 390, 'num_tensors': 98}
2026-08-26 08:27:03,873 [INFO]     [1 | right | 1](candidate_pairs: 48/48 | new_swaps: 5 | total: 55) -> {'max_bond': 8, 'max_links': 4, 'total_elems': 3612, 'total_shapes': 856, 'total_links': 390, 'num_tensors': 98}
2026-08-26 08:27:04,027 [INFO]     [2 | both | 0](candidate_pairs: 49/49 | new_swaps: 7 | total: 7) -> {'max_bond': 8, 'max_links': 4, 'total_elems': 2928, 'total_shapes': 808, 'total_links': 390, 'num_tensors': 98}
2026-08-26 08:27:04,183 [INFO]     [2 | both | 1](candidate_pairs: 48/48 | new_swaps: 7 | total: 14) -> {'max_bond': 8, 'max_links': 4, 'total_elems': 2132, 'total_shapes': 760, 'total_links': 390, 'num_tensors': 98}
2026-08-26 08:27:04,271 [INFO]     [2 | left | 0](candidate_pairs: 49/49 | new_swaps: 5 | total: 19) -> {'max_bond': 8, 'max_links': 4, 'total_elems': 1800, 'total_shapes': 730, 'total_links': 390, 'num_tensors': 98}
2026-08-26 08:27:04,358 [INFO]     [2 | left | 1](candidate_pairs: 48/48 | new_swaps: 3 | total: 22) -> {'max_bond': 8, 'max_links': 4, 'total_elems': 1716, 'total_shapes': 712, 'total_links': 390, 'num_tensors': 98}
2026-08-26 08:27:04,442 [INFO]     [2 | right | 0](candidate_pairs: 49/49 | new_swaps: 2 | total: 24) -> {'max_bond': 8, 'max_links': 4, 'total_elems': 1380, 'total_shapes': 696, 'total_links': 390, 'num_tensors': 98}
2026-08-26 08:27:04,525 [INFO]     [2 | right | 1](candidate_pairs: 48/48 | new_swaps: 2 | total: 26) -> {'max_bond': 8, 'max_links': 4, 'total_elems': 1172, 'total_shapes': 684, 'total_links': 390, 'num_tensors': 98}
2026-08-26 08:27:04,673 [INFO]     [3 | both | 0](candidate_pairs: 49/49 | new_swaps: 5 | total: 5) -> {'max_bond': 4, 'max_links': 4, 'total_elems': 896, 'total_shapes': 662, 'total_links': 390, 'num_tensors': 98}
2026-08-26 08:27:04,820 [INFO]     [3 | both | 1](candidate_pairs: 48/48 | new_swaps: 4 | total: 9) -> {'max_bond': 4, 'max_links': 4, 'total_elems': 740, 'total_shapes': 646, 'total_links': 390, 'num_tensors': 98}
2026-08-26 08:27:04,902 [INFO]     [3 | left | 0](candidate_pairs: 49/49 | new_swaps: 1 | total: 10) -> {'max_bond': 4, 'max_links': 4, 'total_elems': 708, 'total_shapes': 642, 'total_links': 390, 'num_tensors': 98}
2026-08-26 08:27:04,983 [INFO]     [3 | left | 1](candidate_pairs: 48/48 | new_swaps: 1 | total: 11) -> {'max_bond': 4, 'max_links': 4, 'total_elems': 684, 'total_shapes': 638, 'total_links': 390, 'num_tensors': 98}
2026-08-26 08:27:05,018 [INFO]     [3 | right | 0](candidate_pairs: 49/49 | new_swaps: 0 | total: 11) -> {'max_bond': 4, 'max_links': 4, 'total_elems': 684, 'total_shapes': 638, 'total_links': 390, 'num_tensors': 98}
2026-08-26 08:27:05,053 [INFO]     [3 | right | 1](candidate_pairs: 48/48 | new_swaps: 0 | total: 11) -> {'max_bond': 4, 'max_links': 4, 'total_elems': 684, 'total_shapes': 638, 'total_links': 390, 'num_tensors': 98}
2026-08-26 08:27:05,199 [INFO]     [4 | both | 0](candidate_pairs: 49/49 | new_swaps: 3 | total: 3) -> {'max_bond': 4, 'max_links': 4, 'total_elems': 648, 'total_shapes': 632, 'total_links': 390, 'num_tensors': 98}
2026-08-26 08:27:05,342 [INFO]     [4 | both | 1](candidate_pairs: 48/48 | new_swaps: 1 | total: 4) -> {'max_bond': 4, 'max_links': 4, 'total_elems': 636, 'total_shapes': 630, 'total_links': 390, 'num_tensors': 98}
2026-08-26 08:27:05,377 [INFO]     [4 | left | 0](candidate_pairs: 49/49 | new_swaps: 0 | total: 4) -> {'max_bond': 4, 'max_links': 4, 'total_elems': 636, 'total_shapes': 630, 'total_links': 390, 'num_tensors': 98}
2026-08-26 08:27:05,412 [INFO]     [4 | left | 1](candidate_pairs: 48/48 | new_swaps: 0 | total: 4) -> {'max_bond': 4, 'max_links': 4, 'total_elems': 636, 'total_shapes': 630, 'total_links': 390, 'num_tensors': 98}
2026-08-26 08:27:05,446 [INFO]     [4 | right | 0](candidate_pairs: 49/49 | new_swaps: 0 | total: 4) -> {'max_bond': 4, 'max_links': 4, 'total_elems': 636, 'total_shapes': 630, 'total_links': 390, 'num_tensors': 98}
2026-08-26 08:27:05,481 [INFO]     [4 | right | 1](candidate_pairs: 48/48 | new_swaps: 0 | total: 4) -> {'max_bond': 4, 'max_links': 4, 'total_elems': 636, 'total_shapes': 630, 'total_links': 390, 'num_tensors': 98}
2026-08-26 08:27:05,548 [INFO]     [5 | both | 0](candidate_pairs: 49/49 | new_swaps: 0 | total: 0) -> {'max_bond': 4, 'max_links': 4, 'total_elems': 636, 'total_shapes': 630, 'total_links': 390, 'num_tensors': 98}
2026-08-26 08:27:05,615 [INFO]     [5 | both | 1](candidate_pairs: 48/48 | new_swaps: 0 | total: 0) -> {'max_bond': 4, 'max_links': 4, 'total_elems': 636, 'total_shapes': 630, 'total_links': 390, 'num_tensors': 98}
2026-08-26 08:27:05,650 [INFO]     [5 | left | 0](candidate_pairs: 49/49 | new_swaps: 0 | total: 0) -> {'max_bond': 4, 'max_links': 4, 'total_elems': 636, 'total_shapes': 630, 'total_links': 390, 'num_tensors': 98}
2026-08-26 08:27:05,685 [INFO]     [5 | left | 1](candidate_pairs: 48/48 | new_swaps: 0 | total: 0) -> {'max_bond': 4, 'max_links': 4, 'total_elems': 636, 'total_shapes': 630, 'total_links': 390, 'num_tensors': 98}
2026-08-26 08:27:05,720 [INFO]     [5 | right | 0](candidate_pairs: 49/49 | new_swaps: 0 | total: 0) -> {'max_bond': 4, 'max_links': 4, 'total_elems': 636, 'total_shapes': 630, 'total_links': 390, 'num_tensors': 98}
2026-08-26 08:27:05,754 [INFO]     [5 | right | 1](candidate_pairs: 48/48 | new_swaps: 0 | total: 0) -> {'max_bond': 4, 'max_links': 4, 'total_elems': 636, 'total_shapes': 630, 'total_links': 390, 'num_tensors': 98}
2026-08-26 08:27:05,755 [INFO]     [end unswap] -> {'max_bond': 4, 'max_links': 4, 'total_elems': 636, 'total_shapes': 630, 'total_links': 390, 'num_tensors': 98}
2026-08-26 08:27:05,764 [INFO] [start rewire](phase=post_unswap, cycle=3, side=left, layers=2398, trials=20, seed=123, parallel=False, route_candidates=2, route_score=lookahead_total)
2026-08-26 08:27:15,248 [INFO] [end rewire](phase=post_unswap, cycle=3, side=left, routed_layers=2119, elapsed_s=9.48)
2026-08-26 08:27:15,249 [INFO] [start rewire](phase=post_unswap, cycle=3, side=right, layers=2199, trials=20, seed=123, parallel=False, route_candidates=2, route_score=lookahead_total)
2026-08-26 08:27:25,941 [INFO] [end rewire](phase=post_unswap, cycle=3, side=right, routed_layers=2488, elapsed_s=10.69)
2026-08-26 08:27:26,059 [INFO] [1L/2117](swap: 23, u: 0 | c_u: 0 | t_u_l: 12/992 | t_u_r: 4/992 | t_u: 16/1984) -> {'max_bond': 4, 'max_links': 4, 'total_elems': 636, 'total_shapes': 630, 'total_links': 390, 'num_tensors': 98}
2026-08-26 08:27:26,159 [INFO] [1R/2486](swap: 14, u: 0 | c_u: 0 | t_u_l: 12/992 | t_u_r: 4/992 | t_u: 16/1984) -> {'max_bond': 8, 'max_links': 4, 'total_elems': 1124, 'total_shapes': 716, 'total_links': 390, 'num_tensors': 98}
2026-08-26 08:27:26,260 [INFO] [2L/2117](swap: 20, u: 0 | c_u: 0 | t_u_l: 12/992 | t_u_r: 4/992 | t_u: 16/1984) -> {'max_bond': 8, 'max_links': 4, 'total_elems': 1692, 'total_shapes': 800, 'total_links': 390, 'num_tensors': 98}
2026-08-26 08:27:26,361 [INFO] [2R/2486](swap: 16, u: 0 | c_u: 0 | t_u_l: 12/992 | t_u_r: 4/992 | t_u: 16/1984) -> {'max_bond': 8, 'max_links': 4, 'total_elems': 2968, 'total_shapes': 890, 'total_links': 390, 'num_tensors': 98}
2026-08-26 08:27:26,464 [INFO] [3L/2117](swap: 17, u: 1 | c_u: 1 | t_u_l: 13/992 | t_u_r: 4/992 | t_u: 17/1984) -> {'max_bond': 16, 'max_links': 4, 'total_elems': 5360, 'total_shapes': 1040, 'total_links': 390, 'num_tensors': 98}
2026-08-26 08:27:26,568 [INFO] [3R/2486](swap: 16, u: 0 | c_u: 1 | t_u_l: 13/992 | t_u_r: 4/992 | t_u: 17/1984) -> {'max_bond': 32, 'max_links': 4, 'total_elems': 11508, 'total_shapes': 1244, 'total_links': 390, 'num_tensors': 98}
2026-08-26 08:27:26,675 [INFO] [4L/2117](swap: 19, u: 0 | c_u: 1 | t_u_l: 13/992 | t_u_r: 4/992 | t_u: 17/1984) -> {'max_bond': 32, 'max_links': 4, 'total_elems': 18788, 'total_shapes': 1486, 'total_links': 390, 'num_tensors': 98}
2026-08-26 08:27:26,799 [INFO] [4R/2486](swap: 13, u: 0 | c_u: 1 | t_u_l: 13/992 | t_u_r: 4/992 | t_u: 17/1984) -> {'max_bond': 64, 'max_links': 4, 'total_elems': 40964, 'total_shapes': 1874, 'total_links': 390, 'num_tensors': 98}
2026-08-26 08:27:26,945 [INFO] [5L/2117](swap: 21, u: 0 | c_u: 1 | t_u_l: 13/992 | t_u_r: 4/992 | t_u: 17/1984) -> {'max_bond': 64, 'max_links': 4, 'total_elems': 77768, 'total_shapes': 2260, 'total_links': 390, 'num_tensors': 98}
2026-08-26 08:27:27,144 [INFO] [5R/2486](swap: 14, u: 0 | c_u: 1 | t_u_l: 13/992 | t_u_r: 4/992 | t_u: 17/1984) -> {'max_bond': 128, 'max_links': 4, 'total_elems': 148812, 'total_shapes': 2948, 'total_links': 390, 'num_tensors': 98}
2026-08-26 08:27:27,464 [INFO] [6R/2486](swap: 15, u: 0 | c_u: 1 | t_u_l: 13/992 | t_u_r: 4/992 | t_u: 17/1984) -> {'max_bond': 128, 'max_links': 4, 'total_elems': 257796, 'total_shapes': 3560, 'total_links': 390, 'num_tensors': 98}
2026-08-26 08:27:28,153 [INFO] [6L/2117](swap: 21, u: 0 | c_u: 1 | t_u_l: 13/992 | t_u_r: 4/992 | t_u: 17/1984) -> {'max_bond': 256, 'max_links': 4, 'total_elems': 506424, 'total_shapes': 4618, 'total_links': 390, 'num_tensors': 98}
2026-08-26 08:27:29,950 [INFO] [7L/2117](swap: 19, u: 0 | c_u: 1 | t_u_l: 13/992 | t_u_r: 4/992 | t_u: 17/1984) -> {'max_bond': 256, 'max_links': 4, 'total_elems': 957616, 'total_shapes': 5914, 'total_links': 390, 'num_tensors': 98}
2026-08-26 08:27:33,369 [INFO]     [start unswap] -> {'max_bond': 256, 'max_links': 4, 'total_elems': 957616, 'total_shapes': 5914, 'total_links': 390, 'num_tensors': 98}
2026-08-26 08:27:56,098 [INFO]     [0 | both | 0](candidate_pairs: 49/49 | new_swaps: 7 | total: 7) -> {'max_bond': 256, 'max_links': 4, 'total_elems': 1224296, 'total_shapes': 6654, 'total_links': 390, 'num_tensors': 98}
2026-08-26 08:28:04,834 [INFO]     [0 | both | 1](candidate_pairs: 48/48 | new_swaps: 13 | total: 20) -> {'max_bond': 256, 'max_links': 4, 'total_elems': 721544, 'total_shapes': 4864, 'total_links': 390, 'num_tensors': 98}
2026-08-26 08:28:07,575 [INFO]     [0 | left | 0](candidate_pairs: 49/49 | new_swaps: 18 | total: 38) -> {'max_bond': 256, 'max_links': 4, 'total_elems': 524136, 'total_shapes': 3850, 'total_links': 390, 'num_tensors': 98}
2026-08-26 08:28:10,653 [INFO]     [0 | left | 1](candidate_pairs: 48/48 | new_swaps: 21 | total: 59) -> {'max_bond': 256, 'max_links': 4, 'total_elems': 230876, 'total_shapes': 2984, 'total_links': 390, 'num_tensors': 98}
2026-08-26 08:28:11,236 [INFO]     [0 | right | 0](candidate_pairs: 49/49 | new_swaps: 9 | total: 68) -> {'max_bond': 64, 'max_links': 4, 'total_elems': 121796, 'total_shapes': 2364, 'total_links': 390, 'num_tensors': 98}
2026-08-26 08:28:11,550 [INFO]     [0 | right | 1](candidate_pairs: 48/48 | new_swaps: 14 | total: 82) -> {'max_bond': 64, 'max_links': 4, 'total_elems': 90224, 'total_shapes': 2046, 'total_links': 390, 'num_tensors': 98}
2026-08-26 08:28:12,138 [INFO]     [1 | both | 0](candidate_pairs: 49/49 | new_swaps: 18 | total: 18) -> {'max_bond': 64, 'max_links': 4, 'total_elems': 58744, 'total_shapes': 1612, 'total_links': 390, 'num_tensors': 98}
2026-08-26 08:28:12,558 [INFO]     [1 | both | 1](candidate_pairs: 48/48 | new_swaps: 7 | total: 25) -> {'max_bond': 64, 'max_links': 4, 'total_elems': 24256, 'total_shapes': 1320, 'total_links': 390, 'num_tensors': 98}
2026-08-26 08:28:12,679 [INFO]     [1 | left | 0](candidate_pairs: 49/49 | new_swaps: 14 | total: 39) -> {'max_bond': 32, 'max_links': 4, 'total_elems': 16540, 'total_shapes': 1168, 'total_links': 390, 'num_tensors': 98}
2026-08-26 08:28:12,800 [INFO]     [1 | left | 1](candidate_pairs: 48/48 | new_swaps: 13 | total: 52) -> {'max_bond': 32, 'max_links': 4, 'total_elems': 11308, 'total_shapes': 1048, 'total_links': 390, 'num_tensors': 98}
2026-08-26 08:28:12,898 [INFO]     [1 | right | 0](candidate_pairs: 49/49 | new_swaps: 7 | total: 59) -> {'max_bond': 16, 'max_links': 4, 'total_elems': 6664, 'total_shapes': 938, 'total_links': 390, 'num_tensors': 98}
2026-08-26 08:28:12,988 [INFO]     [1 | right | 1](candidate_pairs: 48/48 | new_swaps: 3 | total: 62) -> {'max_bond': 16, 'max_links': 4, 'total_elems': 5404, 'total_shapes': 904, 'total_links': 390, 'num_tensors': 98}
2026-08-26 08:28:13,150 [INFO]     [2 | both | 0](candidate_pairs: 49/49 | new_swaps: 8 | total: 8) -> {'max_bond': 16, 'max_links': 4, 'total_elems': 3004, 'total_shapes': 824, 'total_links': 390, 'num_tensors': 98}
2026-08-26 08:28:13,310 [INFO]     [2 | both | 1](candidate_pairs: 48/48 | new_swaps: 10 | total: 18) -> {'max_bond': 8, 'max_links': 4, 'total_elems': 1840, 'total_shapes': 748, 'total_links': 390, 'num_tensors': 98}
2026-08-26 08:28:13,397 [INFO]     [2 | left | 0](candidate_pairs: 49/49 | new_swaps: 3 | total: 21) -> {'max_bond': 8, 'max_links': 4, 'total_elems': 1728, 'total_shapes': 734, 'total_links': 390, 'num_tensors': 98}
2026-08-26 08:28:13,489 [INFO]     [2 | left | 1](candidate_pairs: 48/48 | new_swaps: 3 | total: 24) -> {'max_bond': 8, 'max_links': 4, 'total_elems': 1608, 'total_shapes': 718, 'total_links': 390, 'num_tensors': 98}
2026-08-26 08:28:13,582 [INFO]     [2 | right | 0](candidate_pairs: 49/49 | new_swaps: 4 | total: 28) -> {'max_bond': 8, 'max_links': 4, 'total_elems': 1132, 'total_shapes': 688, 'total_links': 390, 'num_tensors': 98}
2026-08-26 08:28:13,673 [INFO]     [2 | right | 1](candidate_pairs: 48/48 | new_swaps: 3 | total: 31) -> {'max_bond': 4, 'max_links': 4, 'total_elems': 948, 'total_shapes': 672, 'total_links': 390, 'num_tensors': 98}
2026-08-26 08:28:13,833 [INFO]     [3 | both | 0](candidate_pairs: 49/49 | new_swaps: 2 | total: 2) -> {'max_bond': 4, 'max_links': 4, 'total_elems': 888, 'total_shapes': 666, 'total_links': 390, 'num_tensors': 98}
2026-08-26 08:28:13,994 [INFO]     [3 | both | 1](candidate_pairs: 48/48 | new_swaps: 3 | total: 5) -> {'max_bond': 4, 'max_links': 4, 'total_elems': 816, 'total_shapes': 656, 'total_links': 390, 'num_tensors': 98}
2026-08-26 08:28:14,092 [INFO]     [3 | left | 0](candidate_pairs: 49/49 | new_swaps: 2 | total: 7) -> {'max_bond': 4, 'max_links': 4, 'total_elems': 744, 'total_shapes': 648, 'total_links': 390, 'num_tensors': 98}
2026-08-26 08:28:14,134 [INFO]     [3 | left | 1](candidate_pairs: 48/48 | new_swaps: 0 | total: 7) -> {'max_bond': 4, 'max_links': 4, 'total_elems': 744, 'total_shapes': 648, 'total_links': 390, 'num_tensors': 98}
2026-08-26 08:28:14,174 [INFO]     [3 | right | 0](candidate_pairs: 49/49 | new_swaps: 0 | total: 7) -> {'max_bond': 4, 'max_links': 4, 'total_elems': 744, 'total_shapes': 648, 'total_links': 390, 'num_tensors': 98}
2026-08-26 08:28:14,215 [INFO]     [3 | right | 1](candidate_pairs: 48/48 | new_swaps: 0 | total: 7) -> {'max_bond': 4, 'max_links': 4, 'total_elems': 744, 'total_shapes': 648, 'total_links': 390, 'num_tensors': 98}
2026-08-26 08:28:14,389 [INFO]     [4 | both | 0](candidate_pairs: 49/49 | new_swaps: 2 | total: 2) -> {'max_bond': 4, 'max_links': 4, 'total_elems': 720, 'total_shapes': 644, 'total_links': 390, 'num_tensors': 98}
2026-08-26 08:28:14,554 [INFO]     [4 | both | 1](candidate_pairs: 48/48 | new_swaps: 1 | total: 3) -> {'max_bond': 2, 'max_links': 4, 'total_elems': 672, 'total_shapes': 638, 'total_links': 390, 'num_tensors': 98}
2026-08-26 08:28:14,605 [INFO]     [4 | left | 0](candidate_pairs: 49/49 | new_swaps: 0 | total: 3) -> {'max_bond': 2, 'max_links': 4, 'total_elems': 672, 'total_shapes': 638, 'total_links': 390, 'num_tensors': 98}
2026-08-26 08:28:14,649 [INFO]     [4 | left | 1](candidate_pairs: 48/48 | new_swaps: 0 | total: 3) -> {'max_bond': 2, 'max_links': 4, 'total_elems': 672, 'total_shapes': 638, 'total_links': 390, 'num_tensors': 98}
2026-08-26 08:28:14,689 [INFO]     [4 | right | 0](candidate_pairs: 49/49 | new_swaps: 0 | total: 3) -> {'max_bond': 2, 'max_links': 4, 'total_elems': 672, 'total_shapes': 638, 'total_links': 390, 'num_tensors': 98}
2026-08-26 08:28:14,728 [INFO]     [4 | right | 1](candidate_pairs: 48/48 | new_swaps: 0 | total: 3) -> {'max_bond': 2, 'max_links': 4, 'total_elems': 672, 'total_shapes': 638, 'total_links': 390, 'num_tensors': 98}
2026-08-26 08:28:14,808 [INFO]     [5 | both | 0](candidate_pairs: 49/49 | new_swaps: 0 | total: 0) -> {'max_bond': 2, 'max_links': 4, 'total_elems': 672, 'total_shapes': 638, 'total_links': 390, 'num_tensors': 98}
2026-08-26 08:28:14,885 [INFO]     [5 | both | 1](candidate_pairs: 48/48 | new_swaps: 0 | total: 0) -> {'max_bond': 2, 'max_links': 4, 'total_elems': 672, 'total_shapes': 638, 'total_links': 390, 'num_tensors': 98}
2026-08-26 08:28:14,926 [INFO]     [5 | left | 0](candidate_pairs: 49/49 | new_swaps: 0 | total: 0) -> {'max_bond': 2, 'max_links': 4, 'total_elems': 672, 'total_shapes': 638, 'total_links': 390, 'num_tensors': 98}
2026-08-26 08:28:14,965 [INFO]     [5 | left | 1](candidate_pairs: 48/48 | new_swaps: 0 | total: 0) -> {'max_bond': 2, 'max_links': 4, 'total_elems': 672, 'total_shapes': 638, 'total_links': 390, 'num_tensors': 98}
2026-08-26 08:28:15,004 [INFO]     [5 | right | 0](candidate_pairs: 49/49 | new_swaps: 0 | total: 0) -> {'max_bond': 2, 'max_links': 4, 'total_elems': 672, 'total_shapes': 638, 'total_links': 390, 'num_tensors': 98}
2026-08-26 08:28:15,042 [INFO]     [5 | right | 1](candidate_pairs: 48/48 | new_swaps: 0 | total: 0) -> {'max_bond': 2, 'max_links': 4, 'total_elems': 672, 'total_shapes': 638, 'total_links': 390, 'num_tensors': 98}
2026-08-26 08:28:15,043 [INFO]     [end unswap] -> {'max_bond': 2, 'max_links': 4, 'total_elems': 672, 'total_shapes': 638, 'total_links': 390, 'num_tensors': 98}
2026-08-26 08:28:15,056 [INFO] [start rewire](phase=post_unswap, cycle=4, side=left, layers=2112, trials=20, seed=123, parallel=False, route_candidates=2, route_score=lookahead_total)
2026-08-26 08:28:24,139 [INFO] [end rewire](phase=post_unswap, cycle=4, side=left, routed_layers=2217, elapsed_s=9.08)
2026-08-26 08:28:24,139 [INFO] [start rewire](phase=post_unswap, cycle=4, side=right, layers=2482, trials=20, seed=123, parallel=False, route_candidates=2, route_score=lookahead_total)
2026-08-26 08:28:34,403 [INFO] [end rewire](phase=post_unswap, cycle=4, side=right, routed_layers=2239, elapsed_s=10.26)
2026-08-26 08:28:34,526 [INFO] [1L/2215](swap: 20, u: 0 | c_u: 0 | t_u_l: 13/992 | t_u_r: 4/992 | t_u: 17/1984) -> {'max_bond': 2, 'max_links': 4, 'total_elems': 672, 'total_shapes': 638, 'total_links': 390, 'num_tensors': 98}
2026-08-26 08:28:34,630 [INFO] [1R/2237](swap: 14, u: 0 | c_u: 0 | t_u_l: 13/992 | t_u_r: 4/992 | t_u: 17/1984) -> {'max_bond': 4, 'max_links': 4, 'total_elems': 1084, 'total_shapes': 716, 'total_links': 390, 'num_tensors': 98}
2026-08-26 08:28:34,731 [INFO] [2L/2215](swap: 24, u: 0 | c_u: 0 | t_u_l: 13/992 | t_u_r: 4/992 | t_u: 17/1984) -> {'max_bond': 8, 'max_links': 4, 'total_elems': 1748, 'total_shapes': 812, 'total_links': 390, 'num_tensors': 98}
2026-08-26 08:28:34,834 [INFO] [2R/2237](swap: 17, u: 0 | c_u: 0 | t_u_l: 13/992 | t_u_r: 4/992 | t_u: 17/1984) -> {'max_bond': 8, 'max_links': 4, 'total_elems': 2728, 'total_shapes': 884, 'total_links': 390, 'num_tensors': 98}
2026-08-26 08:28:34,937 [INFO] [3R/2237](swap: 16, u: 0 | c_u: 0 | t_u_l: 13/992 | t_u_r: 4/992 | t_u: 17/1984) -> {'max_bond': 16, 'max_links': 4, 'total_elems': 4312, 'total_shapes': 992, 'total_links': 390, 'num_tensors': 98}
2026-08-26 08:28:35,042 [INFO] [4R/2237](swap: 14, u: 0 | c_u: 0 | t_u_l: 13/992 | t_u_r: 4/992 | t_u: 17/1984) -> {'max_bond': 16, 'max_links': 4, 'total_elems': 8176, 'total_shapes': 1172, 'total_links': 390, 'num_tensors': 98}
2026-08-26 08:28:35,148 [INFO] [3L/2215](swap: 22, u: 0 | c_u: 0 | t_u_l: 13/992 | t_u_r: 4/992 | t_u: 17/1984) -> {'max_bond': 16, 'max_links': 4, 'total_elems': 17628, 'total_shapes': 1460, 'total_links': 390, 'num_tensors': 98}
2026-08-26 08:28:35,264 [INFO] [4L/2215](swap: 19, u: 0 | c_u: 0 | t_u_l: 13/992 | t_u_r: 4/992 | t_u: 17/1984) -> {'max_bond': 64, 'max_links': 4, 'total_elems': 38204, 'total_shapes': 1880, 'total_links': 390, 'num_tensors': 98}
2026-08-26 08:28:35,410 [INFO] [5L/2215](swap: 21, u: 0 | c_u: 0 | t_u_l: 13/992 | t_u_r: 4/992 | t_u: 17/1984) -> {'max_bond': 64, 'max_links': 4, 'total_elems': 76352, 'total_shapes': 2384, 'total_links': 390, 'num_tensors': 98}
2026-08-26 08:28:35,612 [INFO] [5R/2237](swap: 14, u: 0 | c_u: 0 | t_u_l: 13/992 | t_u_r: 4/992 | t_u: 17/1984) -> {'max_bond': 64, 'max_links': 4, 'total_elems': 152316, 'total_shapes': 2998, 'total_links': 390, 'num_tensors': 98}
2026-08-26 08:28:36,011 [INFO] [6L/2215](swap: 19, u: 0 | c_u: 0 | t_u_l: 13/992 | t_u_r: 4/992 | t_u: 17/1984) -> {'max_bond': 256, 'max_links': 4, 'total_elems': 352008, 'total_shapes': 4036, 'total_links': 390, 'num_tensors': 98}
2026-08-26 08:28:37,226 [INFO] [6R/2237](swap: 16, u: 0 | c_u: 0 | t_u_l: 13/992 | t_u_r: 4/992 | t_u: 17/1984) -> {'max_bond': 256, 'max_links': 4, 'total_elems': 911492, 'total_shapes': 5778, 'total_links': 390, 'num_tensors': 98}
2026-08-26 08:28:40,543 [INFO]     [start unswap] -> {'max_bond': 256, 'max_links': 4, 'total_elems': 911492, 'total_shapes': 5778, 'total_links': 390, 'num_tensors': 98}
2026-08-26 08:29:16,407 [INFO]     [0 | both | 0](candidate_pairs: 49/49 | new_swaps: 10 | total: 10) -> {'max_bond': 256, 'max_links': 4, 'total_elems': 1040736, 'total_shapes': 5654, 'total_links': 390, 'num_tensors': 98}
2026-08-26 08:29:24,788 [INFO]     [0 | both | 1](candidate_pairs: 48/48 | new_swaps: 12 | total: 22) -> {'max_bond': 256, 'max_links': 4, 'total_elems': 288864, 'total_shapes': 3638, 'total_links': 390, 'num_tensors': 98}
2026-08-26 08:29:25,466 [INFO]     [0 | left | 0](candidate_pairs: 49/49 | new_swaps: 15 | total: 37) -> {'max_bond': 64, 'max_links': 4, 'total_elems': 143492, 'total_shapes': 2786, 'total_links': 390, 'num_tensors': 98}
2026-08-26 08:29:25,888 [INFO]     [0 | left | 1](candidate_pairs: 48/48 | new_swaps: 21 | total: 58) -> {'max_bond': 64, 'max_links': 4, 'total_elems': 76460, 'total_shapes': 2222, 'total_links': 390, 'num_tensors': 98}
2026-08-26 08:29:26,059 [INFO]     [0 | right | 0](candidate_pairs: 49/49 | new_swaps: 14 | total: 72) -> {'max_bond': 64, 'max_links': 4, 'total_elems': 42928, 'total_shapes': 1730, 'total_links': 390, 'num_tensors': 98}
2026-08-26 08:29:26,191 [INFO]     [0 | right | 1](candidate_pairs: 48/48 | new_swaps: 15 | total: 87) -> {'max_bond': 64, 'max_links': 4, 'total_elems': 36416, 'total_shapes': 1556, 'total_links': 390, 'num_tensors': 98}
2026-08-26 08:29:26,483 [INFO]     [1 | both | 0](candidate_pairs: 49/49 | new_swaps: 14 | total: 14) -> {'max_bond': 64, 'max_links': 4, 'total_elems': 17088, 'total_shapes': 1304, 'total_links': 390, 'num_tensors': 98}
2026-08-26 08:29:26,663 [INFO]     [1 | both | 1](candidate_pairs: 48/48 | new_swaps: 6 | total: 20) -> {'max_bond': 16, 'max_links': 4, 'total_elems': 7808, 'total_shapes': 1112, 'total_links': 390, 'num_tensors': 98}
2026-08-26 08:29:26,763 [INFO]     [1 | left | 0](candidate_pairs: 49/49 | new_swaps: 13 | total: 33) -> {'max_bond': 16, 'max_links': 4, 'total_elems': 6960, 'total_shapes': 1034, 'total_links': 390, 'num_tensors': 98}
2026-08-26 08:29:26,861 [INFO]     [1 | left | 1](candidate_pairs: 48/48 | new_swaps: 9 | total: 42) -> {'max_bond': 16, 'max_links': 4, 'total_elems': 5884, 'total_shapes': 968, 'total_links': 390, 'num_tensors': 98}
2026-08-26 08:29:26,952 [INFO]     [1 | right | 0](candidate_pairs: 49/49 | new_swaps: 4 | total: 46) -> {'max_bond': 16, 'max_links': 4, 'total_elems': 5492, 'total_shapes': 938, 'total_links': 390, 'num_tensors': 98}
2026-08-26 08:29:27,042 [INFO]     [1 | right | 1](candidate_pairs: 48/48 | new_swaps: 3 | total: 49) -> {'max_bond': 16, 'max_links': 4, 'total_elems': 5336, 'total_shapes': 924, 'total_links': 390, 'num_tensors': 98}
2026-08-26 08:29:27,208 [INFO]     [2 | both | 0](candidate_pairs: 49/49 | new_swaps: 12 | total: 12) -> {'max_bond': 16, 'max_links': 4, 'total_elems': 2776, 'total_shapes': 824, 'total_links': 390, 'num_tensors': 98}
2026-08-26 08:29:27,363 [INFO]     [2 | both | 1](candidate_pairs: 48/48 | new_swaps: 6 | total: 18) -> {'max_bond': 8, 'max_links': 4, 'total_elems': 2100, 'total_shapes': 786, 'total_links': 390, 'num_tensors': 98}
2026-08-26 08:29:27,450 [INFO]     [2 | left | 0](candidate_pairs: 49/49 | new_swaps: 3 | total: 21) -> {'max_bond': 8, 'max_links': 4, 'total_elems': 1812, 'total_shapes': 768, 'total_links': 390, 'num_tensors': 98}
2026-08-26 08:29:27,539 [INFO]     [2 | left | 1](candidate_pairs: 48/48 | new_swaps: 5 | total: 26) -> {'max_bond': 4, 'max_links': 4, 'total_elems': 1480, 'total_shapes': 730, 'total_links': 390, 'num_tensors': 98}
2026-08-26 08:29:27,624 [INFO]     [2 | right | 0](candidate_pairs: 49/49 | new_swaps: 3 | total: 29) -> {'max_bond': 4, 'max_links': 4, 'total_elems': 1356, 'total_shapes': 716, 'total_links': 390, 'num_tensors': 98}
2026-08-26 08:29:27,708 [INFO]     [2 | right | 1](candidate_pairs: 48/48 | new_swaps: 2 | total: 31) -> {'max_bond': 4, 'max_links': 4, 'total_elems': 1260, 'total_shapes': 708, 'total_links': 390, 'num_tensors': 98}
2026-08-26 08:29:27,861 [INFO]     [3 | both | 0](candidate_pairs: 49/49 | new_swaps: 5 | total: 5) -> {'max_bond': 4, 'max_links': 4, 'total_elems': 1200, 'total_shapes': 698, 'total_links': 390, 'num_tensors': 98}
2026-08-26 08:29:28,013 [INFO]     [3 | both | 1](candidate_pairs: 48/48 | new_swaps: 5 | total: 10) -> {'max_bond': 4, 'max_links': 4, 'total_elems': 1020, 'total_shapes': 680, 'total_links': 390, 'num_tensors': 98}
2026-08-26 08:29:28,050 [INFO]     [3 | left | 0](candidate_pairs: 49/49 | new_swaps: 0 | total: 10) -> {'max_bond': 4, 'max_links': 4, 'total_elems': 1020, 'total_shapes': 680, 'total_links': 390, 'num_tensors': 98}
2026-08-26 08:29:28,088 [INFO]     [3 | left | 1](candidate_pairs: 48/48 | new_swaps: 0 | total: 10) -> {'max_bond': 4, 'max_links': 4, 'total_elems': 1020, 'total_shapes': 680, 'total_links': 390, 'num_tensors': 98}
2026-08-26 08:29:28,170 [INFO]     [3 | right | 0](candidate_pairs: 49/49 | new_swaps: 1 | total: 11) -> {'max_bond': 4, 'max_links': 4, 'total_elems': 972, 'total_shapes': 676, 'total_links': 390, 'num_tensors': 98}
2026-08-26 08:29:28,206 [INFO]     [3 | right | 1](candidate_pairs: 48/48 | new_swaps: 0 | total: 11) -> {'max_bond': 4, 'max_links': 4, 'total_elems': 972, 'total_shapes': 676, 'total_links': 390, 'num_tensors': 98}
2026-08-26 08:29:28,357 [INFO]     [4 | both | 0](candidate_pairs: 49/49 | new_swaps: 2 | total: 2) -> {'max_bond': 4, 'max_links': 4, 'total_elems': 900, 'total_shapes': 668, 'total_links': 390, 'num_tensors': 98}
2026-08-26 08:29:28,507 [INFO]     [4 | both | 1](candidate_pairs: 48/48 | new_swaps: 1 | total: 3) -> {'max_bond': 4, 'max_links': 4, 'total_elems': 888, 'total_shapes': 666, 'total_links': 390, 'num_tensors': 98}
2026-08-26 08:29:28,544 [INFO]     [4 | left | 0](candidate_pairs: 49/49 | new_swaps: 0 | total: 3) -> {'max_bond': 4, 'max_links': 4, 'total_elems': 888, 'total_shapes': 666, 'total_links': 390, 'num_tensors': 98}
2026-08-26 08:29:28,629 [INFO]     [4 | left | 1](candidate_pairs: 48/48 | new_swaps: 1 | total: 4) -> {'max_bond': 4, 'max_links': 4, 'total_elems': 852, 'total_shapes': 660, 'total_links': 390, 'num_tensors': 98}
2026-08-26 08:29:28,665 [INFO]     [4 | right | 0](candidate_pairs: 49/49 | new_swaps: 0 | total: 4) -> {'max_bond': 4, 'max_links': 4, 'total_elems': 852, 'total_shapes': 660, 'total_links': 390, 'num_tensors': 98}
2026-08-26 08:29:28,701 [INFO]     [4 | right | 1](candidate_pairs: 48/48 | new_swaps: 0 | total: 4) -> {'max_bond': 4, 'max_links': 4, 'total_elems': 852, 'total_shapes': 660, 'total_links': 390, 'num_tensors': 98}
2026-08-26 08:29:28,771 [INFO]     [5 | both | 0](candidate_pairs: 49/49 | new_swaps: 0 | total: 0) -> {'max_bond': 4, 'max_links': 4, 'total_elems': 852, 'total_shapes': 660, 'total_links': 390, 'num_tensors': 98}
2026-08-26 08:29:28,842 [INFO]     [5 | both | 1](candidate_pairs: 48/48 | new_swaps: 0 | total: 0) -> {'max_bond': 4, 'max_links': 4, 'total_elems': 852, 'total_shapes': 660, 'total_links': 390, 'num_tensors': 98}
2026-08-26 08:29:28,879 [INFO]     [5 | left | 0](candidate_pairs: 49/49 | new_swaps: 0 | total: 0) -> {'max_bond': 4, 'max_links': 4, 'total_elems': 852, 'total_shapes': 660, 'total_links': 390, 'num_tensors': 98}
2026-08-26 08:29:28,917 [INFO]     [5 | left | 1](candidate_pairs: 48/48 | new_swaps: 0 | total: 0) -> {'max_bond': 4, 'max_links': 4, 'total_elems': 852, 'total_shapes': 660, 'total_links': 390, 'num_tensors': 98}
2026-08-26 08:29:28,972 [INFO]     [5 | right | 0](candidate_pairs: 49/49 | new_swaps: 0 | total: 0) -> {'max_bond': 4, 'max_links': 4, 'total_elems': 852, 'total_shapes': 660, 'total_links': 390, 'num_tensors': 98}
2026-08-26 08:29:29,010 [INFO]     [5 | right | 1](candidate_pairs: 48/48 | new_swaps: 0 | total: 0) -> {'max_bond': 4, 'max_links': 4, 'total_elems': 852, 'total_shapes': 660, 'total_links': 390, 'num_tensors': 98}
2026-08-26 08:29:29,011 [INFO]     [end unswap] -> {'max_bond': 4, 'max_links': 4, 'total_elems': 852, 'total_shapes': 660, 'total_links': 390, 'num_tensors': 98}
2026-08-26 08:29:29,025 [INFO] [start rewire](phase=post_unswap, cycle=5, side=left, layers=2211, trials=20, seed=123, parallel=False, route_candidates=2, route_score=lookahead_total)
2026-08-26 08:29:39,397 [INFO] [end rewire](phase=post_unswap, cycle=5, side=left, routed_layers=2363, elapsed_s=10.37)
2026-08-26 08:29:39,397 [INFO] [start rewire](phase=post_unswap, cycle=5, side=right, layers=2233, trials=20, seed=123, parallel=False, route_candidates=2, route_score=lookahead_total)
2026-08-26 08:29:47,946 [INFO] [end rewire](phase=post_unswap, cycle=5, side=right, routed_layers=2013, elapsed_s=8.55)
2026-08-26 08:29:48,074 [INFO] [1L/2361](swap: 19, u: 0 | c_u: 0 | t_u_l: 13/992 | t_u_r: 4/992 | t_u: 17/1984) -> {'max_bond': 4, 'max_links': 4, 'total_elems': 852, 'total_shapes': 660, 'total_links': 390, 'num_tensors': 98}
2026-08-26 08:29:48,175 [INFO] [1R/2011](swap: 17, u: 0 | c_u: 0 | t_u_l: 13/992 | t_u_r: 4/992 | t_u: 17/1984) -> {'max_bond': 8, 'max_links': 4, 'total_elems': 1416, 'total_shapes': 758, 'total_links': 390, 'num_tensors': 98}
2026-08-26 08:29:48,278 [INFO] [2L/2361](swap: 20, u: 0 | c_u: 0 | t_u_l: 13/992 | t_u_r: 4/992 | t_u: 17/1984) -> {'max_bond': 8, 'max_links': 4, 'total_elems': 2200, 'total_shapes': 838, 'total_links': 390, 'num_tensors': 98}
2026-08-26 08:29:48,379 [INFO] [2R/2011](swap: 18, u: 0 | c_u: 0 | t_u_l: 13/992 | t_u_r: 4/992 | t_u: 17/1984) -> {'max_bond': 16, 'max_links': 4, 'total_elems': 4024, 'total_shapes': 964, 'total_links': 390, 'num_tensors': 98}
2026-08-26 08:29:48,481 [INFO] [3R/2011](swap: 11, u: 0 | c_u: 0 | t_u_l: 13/992 | t_u_r: 4/992 | t_u: 17/1984) -> {'max_bond': 16, 'max_links': 4, 'total_elems': 5220, 'total_shapes': 1046, 'total_links': 390, 'num_tensors': 98}
2026-08-26 08:29:48,583 [INFO] [4R/2011](swap: 13, u: 0 | c_u: 0 | t_u_l: 13/992 | t_u_r: 4/992 | t_u: 17/1984) -> {'max_bond': 16, 'max_links': 4, 'total_elems': 7980, 'total_shapes': 1154, 'total_links': 390, 'num_tensors': 98}
2026-08-26 08:29:48,687 [INFO] [3L/2361](swap: 19, u: 0 | c_u: 0 | t_u_l: 13/992 | t_u_r: 4/992 | t_u: 17/1984) -> {'max_bond': 16, 'max_links': 4, 'total_elems': 11672, 'total_shapes': 1328, 'total_links': 390, 'num_tensors': 98}
2026-08-26 08:29:48,792 [INFO] [4L/2361](swap: 18, u: 0 | c_u: 0 | t_u_l: 13/992 | t_u_r: 4/992 | t_u: 17/1984) -> {'max_bond': 32, 'max_links': 4, 'total_elems': 17844, 'total_shapes': 1508, 'total_links': 390, 'num_tensors': 98}
2026-08-26 08:29:48,904 [INFO] [5L/2361](swap: 19, u: 0 | c_u: 0 | t_u_l: 13/992 | t_u_r: 4/992 | t_u: 17/1984) -> {'max_bond': 32, 'max_links': 4, 'total_elems': 25004, 'total_shapes': 1704, 'total_links': 390, 'num_tensors': 98}
2026-08-26 08:29:49,035 [INFO] [5R/2011](swap: 15, u: 0 | c_u: 0 | t_u_l: 13/992 | t_u_r: 4/992 | t_u: 17/1984) -> {'max_bond': 64, 'max_links': 4, 'total_elems': 47304, 'total_shapes': 2104, 'total_links': 390, 'num_tensors': 98}
2026-08-26 08:29:49,198 [INFO] [6R/2011](swap: 17, u: 0 | c_u: 0 | t_u_l: 13/992 | t_u_r: 4/992 | t_u: 17/1984) -> {'max_bond': 64, 'max_links': 4, 'total_elems': 96900, 'total_shapes': 2484, 'total_links': 390, 'num_tensors': 98}
2026-08-26 08:29:49,476 [INFO] [7R/2011](swap: 17, u: 1 | c_u: 1 | t_u_l: 13/992 | t_u_r: 5/992 | t_u: 18/1984) -> {'max_bond': 64, 'max_links': 4, 'total_elems': 144524, 'total_shapes': 2952, 'total_links': 390, 'num_tensors': 98}
2026-08-26 08:29:49,822 [INFO] [8R/2011](swap: 16, u: 1 | c_u: 2 | t_u_l: 13/992 | t_u_r: 6/992 | t_u: 19/1984) -> {'max_bond': 64, 'max_links': 4, 'total_elems': 248304, 'total_shapes': 3650, 'total_links': 390, 'num_tensors': 98}
2026-08-26 08:29:50,414 [INFO] [6L/2361](swap: 19, u: 0 | c_u: 2 | t_u_l: 13/992 | t_u_r: 6/992 | t_u: 19/1984) -> {'max_bond': 256, 'max_links': 4, 'total_elems': 405132, 'total_shapes': 4516, 'total_links': 390, 'num_tensors': 98}
2026-08-26 08:29:51,643 [INFO] [7L/2361](swap: 19, u: 1 | c_u: 3 | t_u_l: 14/992 | t_u_r: 6/992 | t_u: 20/1984) -> {'max_bond': 256, 'max_links': 4, 'total_elems': 801096, 'total_shapes': 5434, 'total_links': 390, 'num_tensors': 98}
2026-08-26 08:29:54,969 [INFO]     [start unswap] -> {'max_bond': 256, 'max_links': 4, 'total_elems': 801096, 'total_shapes': 5434, 'total_links': 390, 'num_tensors': 98}
2026-08-26 08:30:16,495 [INFO]     [0 | both | 0](candidate_pairs: 49/49 | new_swaps: 9 | total: 9) -> {'max_bond': 256, 'max_links': 4, 'total_elems': 620968, 'total_shapes': 5584, 'total_links': 390, 'num_tensors': 98}
2026-08-26 08:30:19,021 [INFO]     [0 | both | 1](candidate_pairs: 48/48 | new_swaps: 13 | total: 22) -> {'max_bond': 128, 'max_links': 4, 'total_elems': 227720, 'total_shapes': 3828, 'total_links': 390, 'num_tensors': 98}
2026-08-26 08:30:19,576 [INFO]     [0 | left | 0](candidate_pairs: 49/49 | new_swaps: 19 | total: 41) -> {'max_bond': 128, 'max_links': 4, 'total_elems': 127836, 'total_shapes': 2988, 'total_links': 390, 'num_tensors': 98}
2026-08-26 08:30:19,870 [INFO]     [0 | left | 1](candidate_pairs: 48/48 | new_swaps: 18 | total: 59) -> {'max_bond': 64, 'max_links': 4, 'total_elems': 61072, 'total_shapes': 2332, 'total_links': 390, 'num_tensors': 98}
2026-08-26 08:30:20,024 [INFO]     [0 | right | 0](candidate_pairs: 49/49 | new_swaps: 9 | total: 68) -> {'max_bond': 32, 'max_links': 4, 'total_elems': 50728, 'total_shapes': 2140, 'total_links': 390, 'num_tensors': 98}
2026-08-26 08:30:20,179 [INFO]     [0 | right | 1](candidate_pairs: 48/48 | new_swaps: 13 | total: 81) -> {'max_bond': 32, 'max_links': 4, 'total_elems': 38760, 'total_shapes': 1902, 'total_links': 390, 'num_tensors': 98}
2026-08-26 08:30:20,439 [INFO]     [1 | both | 0](candidate_pairs: 49/49 | new_swaps: 21 | total: 21) -> {'max_bond': 32, 'max_links': 4, 'total_elems': 17824, 'total_shapes': 1440, 'total_links': 390, 'num_tensors': 98}
2026-08-26 08:30:20,623 [INFO]     [1 | both | 1](candidate_pairs: 48/48 | new_swaps: 14 | total: 35) -> {'max_bond': 32, 'max_links': 4, 'total_elems': 11548, 'total_shapes': 1210, 'total_links': 390, 'num_tensors': 98}
2026-08-26 08:30:20,726 [INFO]     [1 | left | 0](candidate_pairs: 49/49 | new_swaps: 10 | total: 45) -> {'max_bond': 32, 'max_links': 4, 'total_elems': 10240, 'total_shapes': 1124, 'total_links': 390, 'num_tensors': 98}
2026-08-26 08:30:20,823 [INFO]     [1 | left | 1](candidate_pairs: 48/48 | new_swaps: 8 | total: 53) -> {'max_bond': 32, 'max_links': 4, 'total_elems': 9004, 'total_shapes': 1062, 'total_links': 390, 'num_tensors': 98}
2026-08-26 08:30:20,918 [INFO]     [1 | right | 0](candidate_pairs: 49/49 | new_swaps: 7 | total: 60) -> {'max_bond': 32, 'max_links': 4, 'total_elems': 8508, 'total_shapes': 1026, 'total_links': 390, 'num_tensors': 98}
2026-08-26 08:30:21,007 [INFO]     [1 | right | 1](candidate_pairs: 48/48 | new_swaps: 1 | total: 61) -> {'max_bond': 32, 'max_links': 4, 'total_elems': 8460, 'total_shapes': 1022, 'total_links': 390, 'num_tensors': 98}
2026-08-26 08:30:21,183 [INFO]     [2 | both | 0](candidate_pairs: 49/49 | new_swaps: 9 | total: 9) -> {'max_bond': 32, 'max_links': 4, 'total_elems': 6552, 'total_shapes': 956, 'total_links': 390, 'num_tensors': 98}
2026-08-26 08:30:21,353 [INFO]     [2 | both | 1](candidate_pairs: 48/48 | new_swaps: 7 | total: 16) -> {'max_bond': 16, 'max_links': 4, 'total_elems': 3432, 'total_shapes': 876, 'total_links': 390, 'num_tensors': 98}
2026-08-26 08:30:21,444 [INFO]     [2 | left | 0](candidate_pairs: 49/49 | new_swaps: 2 | total: 18) -> {'max_bond': 8, 'max_links': 4, 'total_elems': 2988, 'total_shapes': 846, 'total_links': 390, 'num_tensors': 98}
2026-08-26 08:30:21,538 [INFO]     [2 | left | 1](candidate_pairs: 48/48 | new_swaps: 5 | total: 23) -> {'max_bond': 8, 'max_links': 4, 'total_elems': 2700, 'total_shapes': 814, 'total_links': 390, 'num_tensors': 98}
2026-08-26 08:30:21,628 [INFO]     [2 | right | 0](candidate_pairs: 49/49 | new_swaps: 1 | total: 24) -> {'max_bond': 8, 'max_links': 4, 'total_elems': 2652, 'total_shapes': 810, 'total_links': 390, 'num_tensors': 98}
2026-08-26 08:30:21,716 [INFO]     [2 | right | 1](candidate_pairs: 48/48 | new_swaps: 1 | total: 25) -> {'max_bond': 8, 'max_links': 4, 'total_elems': 2592, 'total_shapes': 804, 'total_links': 390, 'num_tensors': 98}
2026-08-26 08:30:21,883 [INFO]     [3 | both | 0](candidate_pairs: 49/49 | new_swaps: 6 | total: 6) -> {'max_bond': 8, 'max_links': 4, 'total_elems': 2328, 'total_shapes': 780, 'total_links': 390, 'num_tensors': 98}
2026-08-26 08:30:22,042 [INFO]     [3 | both | 1](candidate_pairs: 48/48 | new_swaps: 3 | total: 9) -> {'max_bond': 8, 'max_links': 4, 'total_elems': 2064, 'total_shapes': 758, 'total_links': 390, 'num_tensors': 98}
2026-08-26 08:30:22,132 [INFO]     [3 | left | 0](candidate_pairs: 49/49 | new_swaps: 1 | total: 10) -> {'max_bond': 8, 'max_links': 4, 'total_elems': 2004, 'total_shapes': 752, 'total_links': 390, 'num_tensors': 98}
2026-08-26 08:30:22,223 [INFO]     [3 | left | 1](candidate_pairs: 48/48 | new_swaps: 2 | total: 12) -> {'max_bond': 8, 'max_links': 4, 'total_elems': 1920, 'total_shapes': 740, 'total_links': 390, 'num_tensors': 98}
2026-08-26 08:30:22,264 [INFO]     [3 | right | 0](candidate_pairs: 49/49 | new_swaps: 0 | total: 12) -> {'max_bond': 8, 'max_links': 4, 'total_elems': 1920, 'total_shapes': 740, 'total_links': 390, 'num_tensors': 98}
2026-08-26 08:30:22,303 [INFO]     [3 | right | 1](candidate_pairs: 48/48 | new_swaps: 0 | total: 12) -> {'max_bond': 8, 'max_links': 4, 'total_elems': 1920, 'total_shapes': 740, 'total_links': 390, 'num_tensors': 98}
2026-08-26 08:30:22,465 [INFO]     [4 | both | 0](candidate_pairs: 49/49 | new_swaps: 4 | total: 4) -> {'max_bond': 8, 'max_links': 4, 'total_elems': 1752, 'total_shapes': 724, 'total_links': 390, 'num_tensors': 98}
2026-08-26 08:30:22,621 [INFO]     [4 | both | 1](candidate_pairs: 48/48 | new_swaps: 1 | total: 5) -> {'max_bond': 8, 'max_links': 4, 'total_elems': 1680, 'total_shapes': 720, 'total_links': 390, 'num_tensors': 98}
2026-08-26 08:30:22,663 [INFO]     [4 | left | 0](candidate_pairs: 49/49 | new_swaps: 0 | total: 5) -> {'max_bond': 8, 'max_links': 4, 'total_elems': 1680, 'total_shapes': 720, 'total_links': 390, 'num_tensors': 98}
2026-08-26 08:30:22,703 [INFO]     [4 | left | 1](candidate_pairs: 48/48 | new_swaps: 0 | total: 5) -> {'max_bond': 8, 'max_links': 4, 'total_elems': 1680, 'total_shapes': 720, 'total_links': 390, 'num_tensors': 98}
2026-08-26 08:30:22,792 [INFO]     [4 | right | 0](candidate_pairs: 49/49 | new_swaps: 1 | total: 6) -> {'max_bond': 8, 'max_links': 4, 'total_elems': 1520, 'total_shapes': 712, 'total_links': 390, 'num_tensors': 98}
2026-08-26 08:30:22,882 [INFO]     [4 | right | 1](candidate_pairs: 48/48 | new_swaps: 1 | total: 7) -> {'max_bond': 8, 'max_links': 4, 'total_elems': 1392, 'total_shapes': 704, 'total_links': 390, 'num_tensors': 98}
2026-08-26 08:30:22,956 [INFO]     [5 | both | 0](candidate_pairs: 49/49 | new_swaps: 0 | total: 0) -> {'max_bond': 8, 'max_links': 4, 'total_elems': 1392, 'total_shapes': 704, 'total_links': 390, 'num_tensors': 98}
2026-08-26 08:30:23,030 [INFO]     [5 | both | 1](candidate_pairs: 48/48 | new_swaps: 0 | total: 0) -> {'max_bond': 8, 'max_links': 4, 'total_elems': 1392, 'total_shapes': 704, 'total_links': 390, 'num_tensors': 98}
2026-08-26 08:30:23,069 [INFO]     [5 | left | 0](candidate_pairs: 49/49 | new_swaps: 0 | total: 0) -> {'max_bond': 8, 'max_links': 4, 'total_elems': 1392, 'total_shapes': 704, 'total_links': 390, 'num_tensors': 98}
2026-08-26 08:30:23,143 [INFO]     [5 | left | 1](candidate_pairs: 48/48 | new_swaps: 1 | total: 1) -> {'max_bond': 8, 'max_links': 4, 'total_elems': 1328, 'total_shapes': 700, 'total_links': 390, 'num_tensors': 98}
2026-08-26 08:30:23,230 [INFO]     [5 | right | 0](candidate_pairs: 49/49 | new_swaps: 1 | total: 2) -> {'max_bond': 8, 'max_links': 4, 'total_elems': 1248, 'total_shapes': 696, 'total_links': 390, 'num_tensors': 98}
2026-08-26 08:30:23,317 [INFO]     [5 | right | 1](candidate_pairs: 48/48 | new_swaps: 1 | total: 3) -> {'max_bond': 8, 'max_links': 4, 'total_elems': 1152, 'total_shapes': 688, 'total_links': 390, 'num_tensors': 98}
2026-08-26 08:30:23,455 [INFO]     [6 | both | 0](candidate_pairs: 49/49 | new_swaps: 1 | total: 1) -> {'max_bond': 8, 'max_links': 4, 'total_elems': 1120, 'total_shapes': 684, 'total_links': 390, 'num_tensors': 98}
2026-08-26 08:30:23,527 [INFO]     [6 | both | 1](candidate_pairs: 48/48 | new_swaps: 0 | total: 1) -> {'max_bond': 8, 'max_links': 4, 'total_elems': 1120, 'total_shapes': 684, 'total_links': 390, 'num_tensors': 98}
2026-08-26 08:30:23,565 [INFO]     [6 | left | 0](candidate_pairs: 49/49 | new_swaps: 0 | total: 1) -> {'max_bond': 8, 'max_links': 4, 'total_elems': 1120, 'total_shapes': 684, 'total_links': 390, 'num_tensors': 98}
2026-08-26 08:30:23,603 [INFO]     [6 | left | 1](candidate_pairs: 48/48 | new_swaps: 0 | total: 1) -> {'max_bond': 8, 'max_links': 4, 'total_elems': 1120, 'total_shapes': 684, 'total_links': 390, 'num_tensors': 98}
2026-08-26 08:30:23,687 [INFO]     [6 | right | 0](candidate_pairs: 49/49 | new_swaps: 1 | total: 2) -> {'max_bond': 8, 'max_links': 4, 'total_elems': 1060, 'total_shapes': 678, 'total_links': 390, 'num_tensors': 98}
2026-08-26 08:30:23,724 [INFO]     [6 | right | 1](candidate_pairs: 48/48 | new_swaps: 0 | total: 2) -> {'max_bond': 8, 'max_links': 4, 'total_elems': 1060, 'total_shapes': 678, 'total_links': 390, 'num_tensors': 98}
2026-08-26 08:30:23,795 [INFO]     [7 | both | 0](candidate_pairs: 49/49 | new_swaps: 0 | total: 0) -> {'max_bond': 8, 'max_links': 4, 'total_elems': 1060, 'total_shapes': 678, 'total_links': 390, 'num_tensors': 98}
2026-08-26 08:30:23,935 [INFO]     [7 | both | 1](candidate_pairs: 48/48 | new_swaps: 1 | total: 1) -> {'max_bond': 8, 'max_links': 4, 'total_elems': 1036, 'total_shapes': 674, 'total_links': 390, 'num_tensors': 98}
2026-08-26 08:30:23,973 [INFO]     [7 | left | 0](candidate_pairs: 49/49 | new_swaps: 0 | total: 1) -> {'max_bond': 8, 'max_links': 4, 'total_elems': 1036, 'total_shapes': 674, 'total_links': 390, 'num_tensors': 98}
2026-08-26 08:30:24,012 [INFO]     [7 | left | 1](candidate_pairs: 48/48 | new_swaps: 0 | total: 1) -> {'max_bond': 8, 'max_links': 4, 'total_elems': 1036, 'total_shapes': 674, 'total_links': 390, 'num_tensors': 98}
2026-08-26 08:30:24,049 [INFO]     [7 | right | 0](candidate_pairs: 49/49 | new_swaps: 0 | total: 1) -> {'max_bond': 8, 'max_links': 4, 'total_elems': 1036, 'total_shapes': 674, 'total_links': 390, 'num_tensors': 98}
2026-08-26 08:30:24,086 [INFO]     [7 | right | 1](candidate_pairs: 48/48 | new_swaps: 0 | total: 1) -> {'max_bond': 8, 'max_links': 4, 'total_elems': 1036, 'total_shapes': 674, 'total_links': 390, 'num_tensors': 98}
2026-08-26 08:30:24,157 [INFO]     [8 | both | 0](candidate_pairs: 49/49 | new_swaps: 0 | total: 0) -> {'max_bond': 8, 'max_links': 4, 'total_elems': 1036, 'total_shapes': 674, 'total_links': 390, 'num_tensors': 98}
2026-08-26 08:30:24,227 [INFO]     [8 | both | 1](candidate_pairs: 48/48 | new_swaps: 0 | total: 0) -> {'max_bond': 8, 'max_links': 4, 'total_elems': 1036, 'total_shapes': 674, 'total_links': 390, 'num_tensors': 98}
2026-08-26 08:30:24,265 [INFO]     [8 | left | 0](candidate_pairs: 49/49 | new_swaps: 0 | total: 0) -> {'max_bond': 8, 'max_links': 4, 'total_elems': 1036, 'total_shapes': 674, 'total_links': 390, 'num_tensors': 98}
2026-08-26 08:30:24,302 [INFO]     [8 | left | 1](candidate_pairs: 48/48 | new_swaps: 0 | total: 0) -> {'max_bond': 8, 'max_links': 4, 'total_elems': 1036, 'total_shapes': 674, 'total_links': 390, 'num_tensors': 98}
2026-08-26 08:30:24,338 [INFO]     [8 | right | 0](candidate_pairs: 49/49 | new_swaps: 0 | total: 0) -> {'max_bond': 8, 'max_links': 4, 'total_elems': 1036, 'total_shapes': 674, 'total_links': 390, 'num_tensors': 98}
2026-08-26 08:30:24,375 [INFO]     [8 | right | 1](candidate_pairs: 48/48 | new_swaps: 0 | total: 0) -> {'max_bond': 8, 'max_links': 4, 'total_elems': 1036, 'total_shapes': 674, 'total_links': 390, 'num_tensors': 98}
2026-08-26 08:30:24,375 [INFO]     [end unswap] -> {'max_bond': 8, 'max_links': 4, 'total_elems': 1036, 'total_shapes': 674, 'total_links': 390, 'num_tensors': 98}
2026-08-26 08:30:24,392 [INFO] [start rewire](phase=post_unswap, cycle=6, side=left, layers=2356, trials=20, seed=123, parallel=False, route_candidates=2, route_score=lookahead_total)
2026-08-26 08:30:34,554 [INFO] [end rewire](phase=post_unswap, cycle=6, side=left, routed_layers=2359, elapsed_s=10.16)
2026-08-26 08:30:34,555 [INFO] [start rewire](phase=post_unswap, cycle=6, side=right, layers=2005, trials=20, seed=123, parallel=False, route_candidates=2, route_score=lookahead_total)
2026-08-26 08:30:44,712 [INFO] [end rewire](phase=post_unswap, cycle=6, side=right, routed_layers=2333, elapsed_s=10.16)
2026-08-26 08:30:44,849 [INFO] [1L/2357](swap: 23, u: 0 | c_u: 0 | t_u_l: 14/992 | t_u_r: 6/992 | t_u: 20/1984) -> {'max_bond': 8, 'max_links': 4, 'total_elems': 1036, 'total_shapes': 674, 'total_links': 390, 'num_tensors': 98}
2026-08-26 08:30:44,956 [INFO] [1R/2331](swap: 16, u: 0 | c_u: 0 | t_u_l: 14/992 | t_u_r: 6/992 | t_u: 20/1984) -> {'max_bond': 8, 'max_links': 4, 'total_elems': 1664, 'total_shapes': 772, 'total_links': 390, 'num_tensors': 98}
2026-08-26 08:30:45,065 [INFO] [2L/2357](swap: 25, u: 0 | c_u: 0 | t_u_l: 14/992 | t_u_r: 6/992 | t_u: 20/1984) -> {'max_bond': 8, 'max_links': 4, 'total_elems': 2928, 'total_shapes': 912, 'total_links': 390, 'num_tensors': 98}
2026-08-26 08:30:45,171 [INFO] [2R/2331](swap: 19, u: 0 | c_u: 0 | t_u_l: 14/992 | t_u_r: 6/992 | t_u: 20/1984) -> {'max_bond': 16, 'max_links': 4, 'total_elems': 5068, 'total_shapes': 1042, 'total_links': 390, 'num_tensors': 98}
2026-08-26 08:30:45,279 [INFO] [3R/2331](swap: 17, u: 0 | c_u: 0 | t_u_l: 14/992 | t_u_r: 6/992 | t_u: 20/1984) -> {'max_bond': 16, 'max_links': 4, 'total_elems': 8956, 'total_shapes': 1216, 'total_links': 390, 'num_tensors': 98}
2026-08-26 08:30:45,387 [INFO] [4R/2331](swap: 15, u: 0 | c_u: 0 | t_u_l: 14/992 | t_u_r: 6/992 | t_u: 20/1984) -> {'max_bond': 32, 'max_links': 4, 'total_elems': 19076, 'total_shapes': 1456, 'total_links': 390, 'num_tensors': 98}
2026-08-26 08:30:45,521 [INFO] [5R/2331](swap: 13, u: 0 | c_u: 0 | t_u_l: 14/992 | t_u_r: 6/992 | t_u: 20/1984) -> {'max_bond': 64, 'max_links': 4, 'total_elems': 31456, 'total_shapes': 1692, 'total_links': 390, 'num_tensors': 98}
2026-08-26 08:30:45,679 [INFO] [6R/2331](swap: 12, u: 1 | c_u: 1 | t_u_l: 14/992 | t_u_r: 7/992 | t_u: 21/1984) -> {'max_bond': 64, 'max_links': 4, 'total_elems': 68520, 'total_shapes': 2088, 'total_links': 390, 'num_tensors': 98}
2026-08-26 08:30:45,865 [INFO] [7R/2331](swap: 14, u: 0 | c_u: 1 | t_u_l: 14/992 | t_u_r: 7/992 | t_u: 21/1984) -> {'max_bond': 64, 'max_links': 4, 'total_elems': 88772, 'total_shapes': 2326, 'total_links': 390, 'num_tensors': 98}
2026-08-26 08:30:46,139 [INFO] [8R/2331](swap: 12, u: 1 | c_u: 2 | t_u_l: 14/992 | t_u_r: 8/992 | t_u: 22/1984) -> {'max_bond': 64, 'max_links': 4, 'total_elems': 135848, 'total_shapes': 2742, 'total_links': 390, 'num_tensors': 98}
2026-08-26 08:30:46,544 [INFO] [3L/2357](swap: 24, u: 0 | c_u: 2 | t_u_l: 14/992 | t_u_r: 8/992 | t_u: 22/1984) -> {'max_bond': 256, 'max_links': 4, 'total_elems': 326864, 'total_shapes': 3840, 'total_links': 390, 'num_tensors': 98}
2026-08-26 08:30:47,695 [INFO] [4L/2357](swap: 21, u: 0 | c_u: 2 | t_u_l: 14/992 | t_u_r: 8/992 | t_u: 22/1984) -> {'max_bond': 256, 'max_links': 4, 'total_elems': 792488, 'total_shapes': 5304, 'total_links': 390, 'num_tensors': 98}
2026-08-26 08:30:50,165 [INFO]     [start unswap] -> {'max_bond': 256, 'max_links': 4, 'total_elems': 792488, 'total_shapes': 5304, 'total_links': 390, 'num_tensors': 98}
2026-08-26 08:30:59,136 [INFO]     [0 | both | 0](candidate_pairs: 49/49 | new_swaps: 5 | total: 5) -> {'max_bond': 256, 'max_links': 4, 'total_elems': 1120896, 'total_shapes': 6140, 'total_links': 390, 'num_tensors': 98}
2026-08-26 08:31:08,854 [INFO]     [0 | both | 1](candidate_pairs: 48/48 | new_swaps: 14 | total: 19) -> {'max_bond': 256, 'max_links': 4, 'total_elems': 471008, 'total_shapes': 4640, 'total_links': 390, 'num_tensors': 98}
2026-08-26 08:31:10,100 [INFO]     [0 | left | 0](candidate_pairs: 49/49 | new_swaps: 19 | total: 38) -> {'max_bond': 128, 'max_links': 4, 'total_elems': 253200, 'total_shapes': 3572, 'total_links': 390, 'num_tensors': 98}
2026-08-26 08:31:11,037 [INFO]     [0 | left | 1](candidate_pairs: 48/48 | new_swaps: 19 | total: 57) -> {'max_bond': 128, 'max_links': 4, 'total_elems': 116136, 'total_shapes': 2718, 'total_links': 390, 'num_tensors': 98}
2026-08-26 08:31:11,283 [INFO]     [0 | right | 0](candidate_pairs: 49/49 | new_swaps: 13 | total: 70) -> {'max_bond': 64, 'max_links': 4, 'total_elems': 63536, 'total_shapes': 2042, 'total_links': 390, 'num_tensors': 98}
2026-08-26 08:31:11,469 [INFO]     [0 | right | 1](candidate_pairs: 48/48 | new_swaps: 12 | total: 82) -> {'max_bond': 64, 'max_links': 4, 'total_elems': 36872, 'total_shapes': 1748, 'total_links': 390, 'num_tensors': 98}
2026-08-26 08:31:11,700 [INFO]     [1 | both | 0](candidate_pairs: 49/49 | new_swaps: 15 | total: 15) -> {'max_bond': 32, 'max_links': 4, 'total_elems': 21308, 'total_shapes': 1446, 'total_links': 390, 'num_tensors': 98}
2026-08-26 08:31:11,909 [INFO]     [1 | both | 1](candidate_pairs: 48/48 | new_swaps: 11 | total: 26) -> {'max_bond': 32, 'max_links': 4, 'total_elems': 13404, 'total_shapes': 1274, 'total_links': 390, 'num_tensors': 98}
2026-08-26 08:31:12,014 [INFO]     [1 | left | 0](candidate_pairs: 49/49 | new_swaps: 8 | total: 34) -> {'max_bond': 16, 'max_links': 4, 'total_elems': 9372, 'total_shapes': 1134, 'total_links': 390, 'num_tensors': 98}
2026-08-26 08:31:12,118 [INFO]     [1 | left | 1](candidate_pairs: 48/48 | new_swaps: 9 | total: 43) -> {'max_bond': 16, 'max_links': 4, 'total_elems': 8076, 'total_shapes': 1070, 'total_links': 390, 'num_tensors': 98}
2026-08-26 08:31:12,214 [INFO]     [1 | right | 0](candidate_pairs: 49/49 | new_swaps: 4 | total: 47) -> {'max_bond': 16, 'max_links': 4, 'total_elems': 6828, 'total_shapes': 1018, 'total_links': 390, 'num_tensors': 98}
2026-08-26 08:31:12,309 [INFO]     [1 | right | 1](candidate_pairs: 48/48 | new_swaps: 3 | total: 50) -> {'max_bond': 16, 'max_links': 4, 'total_elems': 6288, 'total_shapes': 992, 'total_links': 390, 'num_tensors': 98}
2026-08-26 08:31:12,490 [INFO]     [2 | both | 0](candidate_pairs: 49/49 | new_swaps: 10 | total: 10) -> {'max_bond': 16, 'max_links': 4, 'total_elems': 5584, 'total_shapes': 940, 'total_links': 390, 'num_tensors': 98}
2026-08-26 08:31:12,668 [INFO]     [2 | both | 1](candidate_pairs: 48/48 | new_swaps: 8 | total: 18) -> {'max_bond': 16, 'max_links': 4, 'total_elems': 4308, 'total_shapes': 886, 'total_links': 390, 'num_tensors': 98}
2026-08-26 08:31:12,768 [INFO]     [2 | left | 0](candidate_pairs: 49/49 | new_swaps: 7 | total: 25) -> {'max_bond': 16, 'max_links': 4, 'total_elems': 3332, 'total_shapes': 834, 'total_links': 390, 'num_tensors': 98}
2026-08-26 08:31:12,871 [INFO]     [2 | left | 1](candidate_pairs: 48/48 | new_swaps: 6 | total: 31) -> {'max_bond': 8, 'max_links': 4, 'total_elems': 2156, 'total_shapes': 780, 'total_links': 390, 'num_tensors': 98}
2026-08-26 08:31:12,965 [INFO]     [2 | right | 0](candidate_pairs: 49/49 | new_swaps: 4 | total: 35) -> {'max_bond': 8, 'max_links': 4, 'total_elems': 1836, 'total_shapes': 752, 'total_links': 390, 'num_tensors': 98}
2026-08-26 08:31:13,039 [INFO]     [2 | right | 1](candidate_pairs: 48/48 | new_swaps: 1 | total: 36) -> {'max_bond': 8, 'max_links': 4, 'total_elems': 1788, 'total_shapes': 748, 'total_links': 390, 'num_tensors': 98}
2026-08-26 08:31:13,224 [INFO]     [3 | both | 0](candidate_pairs: 49/49 | new_swaps: 3 | total: 3) -> {'max_bond': 8, 'max_links': 4, 'total_elems': 1704, 'total_shapes': 738, 'total_links': 390, 'num_tensors': 98}
2026-08-26 08:31:13,393 [INFO]     [3 | both | 1](candidate_pairs: 48/48 | new_swaps: 2 | total: 5) -> {'max_bond': 8, 'max_links': 4, 'total_elems': 1680, 'total_shapes': 734, 'total_links': 390, 'num_tensors': 98}
2026-08-26 08:31:13,436 [INFO]     [3 | left | 0](candidate_pairs: 49/49 | new_swaps: 0 | total: 5) -> {'max_bond': 8, 'max_links': 4, 'total_elems': 1680, 'total_shapes': 734, 'total_links': 390, 'num_tensors': 98}
2026-08-26 08:31:13,477 [INFO]     [3 | left | 1](candidate_pairs: 48/48 | new_swaps: 0 | total: 5) -> {'max_bond': 8, 'max_links': 4, 'total_elems': 1680, 'total_shapes': 734, 'total_links': 390, 'num_tensors': 98}
2026-08-26 08:31:13,551 [INFO]     [3 | right | 0](candidate_pairs: 49/49 | new_swaps: 1 | total: 6) -> {'max_bond': 8, 'max_links': 4, 'total_elems': 1632, 'total_shapes': 730, 'total_links': 390, 'num_tensors': 98}
2026-08-26 08:31:13,589 [INFO]     [3 | right | 1](candidate_pairs: 48/48 | new_swaps: 0 | total: 6) -> {'max_bond': 8, 'max_links': 4, 'total_elems': 1632, 'total_shapes': 730, 'total_links': 390, 'num_tensors': 98}
2026-08-26 08:31:13,666 [INFO]     [4 | both | 0](candidate_pairs: 49/49 | new_swaps: 0 | total: 0) -> {'max_bond': 8, 'max_links': 4, 'total_elems': 1632, 'total_shapes': 730, 'total_links': 390, 'num_tensors': 98}
2026-08-26 08:31:13,828 [INFO]     [4 | both | 1](candidate_pairs: 48/48 | new_swaps: 1 | total: 1) -> {'max_bond': 8, 'max_links': 4, 'total_elems': 1584, 'total_shapes': 726, 'total_links': 390, 'num_tensors': 98}
2026-08-26 08:31:13,870 [INFO]     [4 | left | 0](candidate_pairs: 49/49 | new_swaps: 0 | total: 1) -> {'max_bond': 8, 'max_links': 4, 'total_elems': 1584, 'total_shapes': 726, 'total_links': 390, 'num_tensors': 98}
2026-08-26 08:31:13,910 [INFO]     [4 | left | 1](candidate_pairs: 48/48 | new_swaps: 0 | total: 1) -> {'max_bond': 8, 'max_links': 4, 'total_elems': 1584, 'total_shapes': 726, 'total_links': 390, 'num_tensors': 98}
2026-08-26 08:31:13,983 [INFO]     [4 | right | 0](candidate_pairs: 49/49 | new_swaps: 1 | total: 2) -> {'max_bond': 8, 'max_links': 4, 'total_elems': 1536, 'total_shapes': 722, 'total_links': 390, 'num_tensors': 98}
2026-08-26 08:31:14,021 [INFO]     [4 | right | 1](candidate_pairs: 48/48 | new_swaps: 0 | total: 2) -> {'max_bond': 8, 'max_links': 4, 'total_elems': 1536, 'total_shapes': 722, 'total_links': 390, 'num_tensors': 98}
2026-08-26 08:31:14,094 [INFO]     [5 | both | 0](candidate_pairs: 49/49 | new_swaps: 0 | total: 0) -> {'max_bond': 8, 'max_links': 4, 'total_elems': 1536, 'total_shapes': 722, 'total_links': 390, 'num_tensors': 98}
2026-08-26 08:31:14,238 [INFO]     [5 | both | 1](candidate_pairs: 48/48 | new_swaps: 1 | total: 1) -> {'max_bond': 8, 'max_links': 4, 'total_elems': 1488, 'total_shapes': 718, 'total_links': 390, 'num_tensors': 98}
2026-08-26 08:31:14,277 [INFO]     [5 | left | 0](candidate_pairs: 49/49 | new_swaps: 0 | total: 1) -> {'max_bond': 8, 'max_links': 4, 'total_elems': 1488, 'total_shapes': 718, 'total_links': 390, 'num_tensors': 98}
2026-08-26 08:31:14,315 [INFO]     [5 | left | 1](candidate_pairs: 48/48 | new_swaps: 0 | total: 1) -> {'max_bond': 8, 'max_links': 4, 'total_elems': 1488, 'total_shapes': 718, 'total_links': 390, 'num_tensors': 98}
2026-08-26 08:31:14,353 [INFO]     [5 | right | 0](candidate_pairs: 49/49 | new_swaps: 0 | total: 1) -> {'max_bond': 8, 'max_links': 4, 'total_elems': 1488, 'total_shapes': 718, 'total_links': 390, 'num_tensors': 98}
2026-08-26 08:31:14,390 [INFO]     [5 | right | 1](candidate_pairs: 48/48 | new_swaps: 0 | total: 1) -> {'max_bond': 8, 'max_links': 4, 'total_elems': 1488, 'total_shapes': 718, 'total_links': 390, 'num_tensors': 98}
2026-08-26 08:31:14,461 [INFO]     [6 | both | 0](candidate_pairs: 49/49 | new_swaps: 0 | total: 0) -> {'max_bond': 8, 'max_links': 4, 'total_elems': 1488, 'total_shapes': 718, 'total_links': 390, 'num_tensors': 98}
2026-08-26 08:31:14,533 [INFO]     [6 | both | 1](candidate_pairs: 48/48 | new_swaps: 0 | total: 0) -> {'max_bond': 8, 'max_links': 4, 'total_elems': 1488, 'total_shapes': 718, 'total_links': 390, 'num_tensors': 98}
2026-08-26 08:31:14,570 [INFO]     [6 | left | 0](candidate_pairs: 49/49 | new_swaps: 0 | total: 0) -> {'max_bond': 8, 'max_links': 4, 'total_elems': 1488, 'total_shapes': 718, 'total_links': 390, 'num_tensors': 98}
2026-08-26 08:31:14,611 [INFO]     [6 | left | 1](candidate_pairs: 48/48 | new_swaps: 0 | total: 0) -> {'max_bond': 8, 'max_links': 4, 'total_elems': 1488, 'total_shapes': 718, 'total_links': 390, 'num_tensors': 98}
2026-08-26 08:31:14,650 [INFO]     [6 | right | 0](candidate_pairs: 49/49 | new_swaps: 0 | total: 0) -> {'max_bond': 8, 'max_links': 4, 'total_elems': 1488, 'total_shapes': 718, 'total_links': 390, 'num_tensors': 98}
2026-08-26 08:31:14,689 [INFO]     [6 | right | 1](candidate_pairs: 48/48 | new_swaps: 0 | total: 0) -> {'max_bond': 8, 'max_links': 4, 'total_elems': 1488, 'total_shapes': 718, 'total_links': 390, 'num_tensors': 98}
2026-08-26 08:31:14,690 [INFO]     [end unswap] -> {'max_bond': 8, 'max_links': 4, 'total_elems': 1488, 'total_shapes': 718, 'total_links': 390, 'num_tensors': 98}
2026-08-26 08:31:14,710 [INFO] [start rewire](phase=post_unswap, cycle=7, side=left, layers=2355, trials=20, seed=123, parallel=False, route_candidates=2, route_score=lookahead_total)
2026-08-26 08:31:24,844 [INFO] [end rewire](phase=post_unswap, cycle=7, side=left, routed_layers=2498, elapsed_s=10.13)
2026-08-26 08:31:24,845 [INFO] [start rewire](phase=post_unswap, cycle=7, side=right, layers=2325, trials=20, seed=123, parallel=False, route_candidates=2, route_score=lookahead_total)
2026-08-26 08:31:34,209 [INFO] [end rewire](phase=post_unswap, cycle=7, side=right, routed_layers=2358, elapsed_s=9.36)
2026-08-26 08:31:34,336 [INFO] [1L/2496](swap: 25, u: 0 | c_u: 0 | t_u_l: 14/992 | t_u_r: 8/992 | t_u: 22/1984) -> {'max_bond': 8, 'max_links': 4, 'total_elems': 1488, 'total_shapes': 718, 'total_links': 390, 'num_tensors': 98}
2026-08-26 08:31:34,437 [INFO] [1R/2356](swap: 17, u: 0 | c_u: 0 | t_u_l: 14/992 | t_u_r: 8/992 | t_u: 22/1984) -> {'max_bond': 8, 'max_links': 4, 'total_elems': 2240, 'total_shapes': 834, 'total_links': 390, 'num_tensors': 98}
2026-08-26 08:31:34,539 [INFO] [2L/2496](swap: 25, u: 0 | c_u: 0 | t_u_l: 14/992 | t_u_r: 8/992 | t_u: 22/1984) -> {'max_bond': 16, 'max_links': 4, 'total_elems': 4308, 'total_shapes': 990, 'total_links': 390, 'num_tensors': 98}
2026-08-26 08:31:34,642 [INFO] [2R/2356](swap: 18, u: 0 | c_u: 0 | t_u_l: 14/992 | t_u_r: 8/992 | t_u: 22/1984) -> {'max_bond': 32, 'max_links': 4, 'total_elems': 8404, 'total_shapes': 1192, 'total_links': 390, 'num_tensors': 98}
2026-08-26 08:31:34,749 [INFO] [3L/2496](swap: 25, u: 0 | c_u: 0 | t_u_l: 14/992 | t_u_r: 8/992 | t_u: 22/1984) -> {'max_bond': 32, 'max_links': 4, 'total_elems': 15924, 'total_shapes': 1444, 'total_links': 390, 'num_tensors': 98}
2026-08-26 08:31:34,863 [INFO] [4L/2496](swap: 21, u: 1 | c_u: 1 | t_u_l: 15/992 | t_u_r: 8/992 | t_u: 23/1984) -> {'max_bond': 32, 'max_links': 4, 'total_elems': 29136, 'total_shapes': 1796, 'total_links': 390, 'num_tensors': 98}
2026-08-26 08:31:34,996 [INFO] [3R/2356](swap: 17, u: 0 | c_u: 1 | t_u_l: 15/992 | t_u_r: 8/992 | t_u: 23/1984) -> {'max_bond': 64, 'max_links': 4, 'total_elems': 57228, 'total_shapes': 2160, 'total_links': 390, 'num_tensors': 98}
2026-08-26 08:31:35,156 [INFO] [5L/2496](swap: 24, u: 1 | c_u: 2 | t_u_l: 16/992 | t_u_r: 8/992 | t_u: 24/1984) -> {'max_bond': 64, 'max_links': 4, 'total_elems': 87544, 'total_shapes': 2614, 'total_links': 390, 'num_tensors': 98}
2026-08-26 08:31:35,398 [INFO] [4R/2356](swap: 13, u: 0 | c_u: 2 | t_u_l: 16/992 | t_u_r: 8/992 | t_u: 24/1984) -> {'max_bond': 128, 'max_links': 4, 'total_elems': 161044, 'total_shapes': 3128, 'total_links': 390, 'num_tensors': 98}
2026-08-26 08:31:35,761 [INFO] [5R/2356](swap: 14, u: 0 | c_u: 2 | t_u_l: 16/992 | t_u_r: 8/992 | t_u: 24/1984) -> {'max_bond': 128, 'max_links': 4, 'total_elems': 241332, 'total_shapes': 3654, 'total_links': 390, 'num_tensors': 98}
2026-08-26 08:31:36,339 [INFO] [6R/2356](swap: 16, u: 0 | c_u: 2 | t_u_l: 16/992 | t_u_r: 8/992 | t_u: 24/1984) -> {'max_bond': 128, 'max_links': 4, 'total_elems': 272372, 'total_shapes': 3990, 'total_links': 390, 'num_tensors': 98}
2026-08-26 08:31:37,075 [INFO] [6L/2496](swap: 22, u: 1 | c_u: 3 | t_u_l: 17/992 | t_u_r: 8/992 | t_u: 25/1984) -> {'max_bond': 256, 'max_links': 4, 'total_elems': 617268, 'total_shapes': 5566, 'total_links': 390, 'num_tensors': 98}
2026-08-26 08:31:38,940 [INFO]     [start unswap] -> {'max_bond': 256, 'max_links': 4, 'total_elems': 617268, 'total_shapes': 5566, 'total_links': 390, 'num_tensors': 98}
2026-08-26 08:31:53,604 [INFO]     [0 | both | 0](candidate_pairs: 49/49 | new_swaps: 6 | total: 6) -> {'max_bond': 256, 'max_links': 4, 'total_elems': 922016, 'total_shapes': 6118, 'total_links': 390, 'num_tensors': 98}
2026-08-26 08:32:02,137 [INFO]     [0 | both | 1](candidate_pairs: 48/48 | new_swaps: 19 | total: 25) -> {'max_bond': 256, 'max_links': 4, 'total_elems': 393216, 'total_shapes': 4408, 'total_links': 390, 'num_tensors': 98}
2026-08-26 08:32:03,092 [INFO]     [0 | left | 0](candidate_pairs: 49/49 | new_swaps: 23 | total: 48) -> {'max_bond': 64, 'max_links': 4, 'total_elems': 181852, 'total_shapes': 3148, 'total_links': 390, 'num_tensors': 98}
2026-08-26 08:32:03,534 [INFO]     [0 | left | 1](candidate_pairs: 48/48 | new_swaps: 20 | total: 68) -> {'max_bond': 64, 'max_links': 4, 'total_elems': 129804, 'total_shapes': 2726, 'total_links': 390, 'num_tensors': 98}
2026-08-26 08:32:03,808 [INFO]     [0 | right | 0](candidate_pairs: 49/49 | new_swaps: 10 | total: 78) -> {'max_bond': 64, 'max_links': 4, 'total_elems': 109052, 'total_shapes': 2412, 'total_links': 390, 'num_tensors': 98}
2026-08-26 08:32:04,060 [INFO]     [0 | right | 1](candidate_pairs: 48/48 | new_swaps: 12 | total: 90) -> {'max_bond': 64, 'max_links': 4, 'total_elems': 86108, 'total_shapes': 2178, 'total_links': 390, 'num_tensors': 98}
2026-08-26 08:32:04,560 [INFO]     [1 | both | 0](candidate_pairs: 49/49 | new_swaps: 16 | total: 16) -> {'max_bond': 64, 'max_links': 4, 'total_elems': 53452, 'total_shapes': 1866, 'total_links': 390, 'num_tensors': 98}
2026-08-26 08:32:04,843 [INFO]     [1 | both | 1](candidate_pairs: 48/48 | new_swaps: 12 | total: 28) -> {'max_bond': 32, 'max_links': 4, 'total_elems': 26596, 'total_shapes': 1506, 'total_links': 390, 'num_tensors': 98}
2026-08-26 08:32:04,965 [INFO]     [1 | left | 0](candidate_pairs: 49/49 | new_swaps: 15 | total: 43) -> {'max_bond': 32, 'max_links': 4, 'total_elems': 18200, 'total_shapes': 1302, 'total_links': 390, 'num_tensors': 98}
2026-08-26 08:32:05,076 [INFO]     [1 | left | 1](candidate_pairs: 48/48 | new_swaps: 8 | total: 51) -> {'max_bond': 32, 'max_links': 4, 'total_elems': 12032, 'total_shapes': 1184, 'total_links': 390, 'num_tensors': 98}
2026-08-26 08:32:05,174 [INFO]     [1 | right | 0](candidate_pairs: 49/49 | new_swaps: 7 | total: 58) -> {'max_bond': 16, 'max_links': 4, 'total_elems': 8852, 'total_shapes': 1070, 'total_links': 390, 'num_tensors': 98}
2026-08-26 08:32:05,269 [INFO]     [1 | right | 1](candidate_pairs: 48/48 | new_swaps: 6 | total: 64) -> {'max_bond': 16, 'max_links': 4, 'total_elems': 7700, 'total_shapes': 1022, 'total_links': 390, 'num_tensors': 98}
2026-08-26 08:32:05,440 [INFO]     [2 | both | 0](candidate_pairs: 49/49 | new_swaps: 10 | total: 10) -> {'max_bond': 16, 'max_links': 4, 'total_elems': 5396, 'total_shapes': 934, 'total_links': 390, 'num_tensors': 98}
2026-08-26 08:32:05,606 [INFO]     [2 | both | 1](candidate_pairs: 48/48 | new_swaps: 10 | total: 20) -> {'max_bond': 16, 'max_links': 4, 'total_elems': 4012, 'total_shapes': 870, 'total_links': 390, 'num_tensors': 98}
2026-08-26 08:32:05,698 [INFO]     [2 | left | 0](candidate_pairs: 49/49 | new_swaps: 5 | total: 25) -> {'max_bond': 8, 'max_links': 4, 'total_elems': 3060, 'total_shapes': 830, 'total_links': 390, 'num_tensors': 98}
2026-08-26 08:32:05,789 [INFO]     [2 | left | 1](candidate_pairs: 48/48 | new_swaps: 5 | total: 30) -> {'max_bond': 8, 'max_links': 4, 'total_elems': 2580, 'total_shapes': 794, 'total_links': 390, 'num_tensors': 98}
2026-08-26 08:32:05,874 [INFO]     [2 | right | 0](candidate_pairs: 49/49 | new_swaps: 1 | total: 31) -> {'max_bond': 8, 'max_links': 4, 'total_elems': 2520, 'total_shapes': 788, 'total_links': 390, 'num_tensors': 98}
2026-08-26 08:32:05,961 [INFO]     [2 | right | 1](candidate_pairs: 48/48 | new_swaps: 2 | total: 33) -> {'max_bond': 8, 'max_links': 4, 'total_elems': 2392, 'total_shapes': 780, 'total_links': 390, 'num_tensors': 98}
2026-08-26 08:32:06,119 [INFO]     [3 | both | 0](candidate_pairs: 49/49 | new_swaps: 5 | total: 5) -> {'max_bond': 8, 'max_links': 4, 'total_elems': 1888, 'total_shapes': 752, 'total_links': 390, 'num_tensors': 98}
2026-08-26 08:32:06,275 [INFO]     [3 | both | 1](candidate_pairs: 48/48 | new_swaps: 5 | total: 10) -> {'max_bond': 8, 'max_links': 4, 'total_elems': 1464, 'total_shapes': 724, 'total_links': 390, 'num_tensors': 98}
2026-08-26 08:32:06,363 [INFO]     [3 | left | 0](candidate_pairs: 49/49 | new_swaps: 2 | total: 12) -> {'max_bond': 8, 'max_links': 4, 'total_elems': 1144, 'total_shapes': 708, 'total_links': 390, 'num_tensors': 98}
2026-08-26 08:32:06,450 [INFO]     [3 | left | 1](candidate_pairs: 48/48 | new_swaps: 2 | total: 14) -> {'max_bond': 4, 'max_links': 4, 'total_elems': 1024, 'total_shapes': 692, 'total_links': 390, 'num_tensors': 98}
2026-08-26 08:32:06,487 [INFO]     [3 | right | 0](candidate_pairs: 49/49 | new_swaps: 0 | total: 14) -> {'max_bond': 4, 'max_links': 4, 'total_elems': 1024, 'total_shapes': 692, 'total_links': 390, 'num_tensors': 98}
2026-08-26 08:32:06,523 [INFO]     [3 | right | 1](candidate_pairs: 48/48 | new_swaps: 0 | total: 14) -> {'max_bond': 4, 'max_links': 4, 'total_elems': 1024, 'total_shapes': 692, 'total_links': 390, 'num_tensors': 98}
2026-08-26 08:32:06,677 [INFO]     [4 | both | 0](candidate_pairs: 49/49 | new_swaps: 1 | total: 1) -> {'max_bond': 4, 'max_links': 4, 'total_elems': 1012, 'total_shapes': 690, 'total_links': 390, 'num_tensors': 98}
2026-08-26 08:32:06,830 [INFO]     [4 | both | 1](candidate_pairs: 48/48 | new_swaps: 1 | total: 2) -> {'max_bond': 4, 'max_links': 4, 'total_elems': 1000, 'total_shapes': 688, 'total_links': 390, 'num_tensors': 98}
2026-08-26 08:32:06,868 [INFO]     [4 | left | 0](candidate_pairs: 49/49 | new_swaps: 0 | total: 2) -> {'max_bond': 4, 'max_links': 4, 'total_elems': 1000, 'total_shapes': 688, 'total_links': 390, 'num_tensors': 98}
2026-08-26 08:32:06,906 [INFO]     [4 | left | 1](candidate_pairs: 48/48 | new_swaps: 0 | total: 2) -> {'max_bond': 4, 'max_links': 4, 'total_elems': 1000, 'total_shapes': 688, 'total_links': 390, 'num_tensors': 98}
2026-08-26 08:32:06,943 [INFO]     [4 | right | 0](candidate_pairs: 49/49 | new_swaps: 0 | total: 2) -> {'max_bond': 4, 'max_links': 4, 'total_elems': 1000, 'total_shapes': 688, 'total_links': 390, 'num_tensors': 98}
2026-08-26 08:32:06,979 [INFO]     [4 | right | 1](candidate_pairs: 48/48 | new_swaps: 0 | total: 2) -> {'max_bond': 4, 'max_links': 4, 'total_elems': 1000, 'total_shapes': 688, 'total_links': 390, 'num_tensors': 98}
2026-08-26 08:32:07,051 [INFO]     [5 | both | 0](candidate_pairs: 49/49 | new_swaps: 0 | total: 0) -> {'max_bond': 4, 'max_links': 4, 'total_elems': 1000, 'total_shapes': 688, 'total_links': 390, 'num_tensors': 98}
2026-08-26 08:32:07,122 [INFO]     [5 | both | 1](candidate_pairs: 48/48 | new_swaps: 0 | total: 0) -> {'max_bond': 4, 'max_links': 4, 'total_elems': 1000, 'total_shapes': 688, 'total_links': 390, 'num_tensors': 98}
2026-08-26 08:32:07,160 [INFO]     [5 | left | 0](candidate_pairs: 49/49 | new_swaps: 0 | total: 0) -> {'max_bond': 4, 'max_links': 4, 'total_elems': 1000, 'total_shapes': 688, 'total_links': 390, 'num_tensors': 98}
2026-08-26 08:32:07,197 [INFO]     [5 | left | 1](candidate_pairs: 48/48 | new_swaps: 0 | total: 0) -> {'max_bond': 4, 'max_links': 4, 'total_elems': 1000, 'total_shapes': 688, 'total_links': 390, 'num_tensors': 98}
2026-08-26 08:32:07,234 [INFO]     [5 | right | 0](candidate_pairs: 49/49 | new_swaps: 0 | total: 0) -> {'max_bond': 4, 'max_links': 4, 'total_elems': 1000, 'total_shapes': 688, 'total_links': 390, 'num_tensors': 98}
2026-08-26 08:32:07,271 [INFO]     [5 | right | 1](candidate_pairs: 48/48 | new_swaps: 0 | total: 0) -> {'max_bond': 4, 'max_links': 4, 'total_elems': 1000, 'total_shapes': 688, 'total_links': 390, 'num_tensors': 98}
2026-08-26 08:32:07,272 [INFO]     [end unswap] -> {'max_bond': 4, 'max_links': 4, 'total_elems': 1000, 'total_shapes': 688, 'total_links': 390, 'num_tensors': 98}
2026-08-26 08:32:07,295 [INFO] [start rewire](phase=post_unswap, cycle=8, side=left, layers=2492, trials=20, seed=123, parallel=False, route_candidates=2, route_score=lookahead_total)
2026-08-26 08:32:18,177 [INFO] [end rewire](phase=post_unswap, cycle=8, side=left, routed_layers=2407, elapsed_s=10.88)
2026-08-26 08:32:18,177 [INFO] [start rewire](phase=post_unswap, cycle=8, side=right, layers=2352, trials=20, seed=123, parallel=False, route_candidates=2, route_score=lookahead_total)
2026-08-26 08:32:27,233 [INFO] [end rewire](phase=post_unswap, cycle=8, side=right, routed_layers=2150, elapsed_s=9.06)
2026-08-26 08:32:27,363 [INFO] [1L/2405](swap: 22, u: 0 | c_u: 0 | t_u_l: 17/992 | t_u_r: 8/992 | t_u: 25/1984) -> {'max_bond': 4, 'max_links': 4, 'total_elems': 1000, 'total_shapes': 688, 'total_links': 390, 'num_tensors': 98}
2026-08-26 08:32:27,466 [INFO] [1R/2148](swap: 15, u: 0 | c_u: 0 | t_u_l: 17/992 | t_u_r: 8/992 | t_u: 25/1984) -> {'max_bond': 8, 'max_links': 4, 'total_elems': 1552, 'total_shapes': 780, 'total_links': 390, 'num_tensors': 98}
2026-08-26 08:32:27,570 [INFO] [2L/2405](swap: 21, u: 0 | c_u: 0 | t_u_l: 17/992 | t_u_r: 8/992 | t_u: 25/1984) -> {'max_bond': 8, 'max_links': 4, 'total_elems': 2964, 'total_shapes': 918, 'total_links': 390, 'num_tensors': 98}
2026-08-26 08:32:27,673 [INFO] [2R/2148](swap: 22, u: 0 | c_u: 0 | t_u_l: 17/992 | t_u_r: 8/992 | t_u: 25/1984) -> {'max_bond': 16, 'max_links': 4, 'total_elems': 4864, 'total_shapes': 1044, 'total_links': 390, 'num_tensors': 98}
2026-08-26 08:32:27,779 [INFO] [3L/2405](swap: 21, u: 0 | c_u: 0 | t_u_l: 17/992 | t_u_r: 8/992 | t_u: 25/1984) -> {'max_bond': 32, 'max_links': 4, 'total_elems': 9524, 'total_shapes': 1294, 'total_links': 390, 'num_tensors': 98}
2026-08-26 08:32:27,893 [INFO] [3R/2148](swap: 21, u: 0 | c_u: 0 | t_u_l: 17/992 | t_u_r: 8/992 | t_u: 25/1984) -> {'max_bond': 32, 'max_links': 4, 'total_elems': 21384, 'total_shapes': 1602, 'total_links': 390, 'num_tensors': 98}
2026-08-26 08:32:28,024 [INFO] [4R/2148](swap: 20, u: 0 | c_u: 0 | t_u_l: 17/992 | t_u_r: 8/992 | t_u: 25/1984) -> {'max_bond': 64, 'max_links': 4, 'total_elems': 39900, 'total_shapes': 1960, 'total_links': 390, 'num_tensors': 98}
2026-08-26 08:32:28,175 [INFO] [5R/2148](swap: 17, u: 1 | c_u: 1 | t_u_l: 17/992 | t_u_r: 9/992 | t_u: 26/1984) -> {'max_bond': 64, 'max_links': 4, 'total_elems': 74004, 'total_shapes': 2328, 'total_links': 390, 'num_tensors': 98}
2026-08-26 08:32:28,404 [INFO] [6R/2148](swap: 18, u: 0 | c_u: 1 | t_u_l: 17/992 | t_u_r: 9/992 | t_u: 26/1984) -> {'max_bond': 64, 'max_links': 4, 'total_elems': 97844, 'total_shapes': 2704, 'total_links': 390, 'num_tensors': 98}
2026-08-26 08:32:28,673 [INFO] [7R/2148](swap: 18, u: 1 | c_u: 2 | t_u_l: 17/992 | t_u_r: 10/992 | t_u: 27/1984) -> {'max_bond': 64, 'max_links': 4, 'total_elems': 130276, 'total_shapes': 3030, 'total_links': 390, 'num_tensors': 98}
2026-08-26 08:32:28,970 [INFO] [8R/2148](swap: 16, u: 0 | c_u: 2 | t_u_l: 17/992 | t_u_r: 10/992 | t_u: 27/1984) -> {'max_bond': 128, 'max_links': 4, 'total_elems': 193412, 'total_shapes': 3586, 'total_links': 390, 'num_tensors': 98}
2026-08-26 08:32:29,460 [INFO] [4L/2405](swap: 20, u: 1 | c_u: 3 | t_u_l: 18/992 | t_u_r: 10/992 | t_u: 28/1984) -> {'max_bond': 256, 'max_links': 4, 'total_elems': 414432, 'total_shapes': 4820, 'total_links': 390, 'num_tensors': 98}
2026-08-26 08:32:30,492 [INFO] [9R/2148](swap: 17, u: 0 | c_u: 3 | t_u_l: 18/992 | t_u_r: 10/992 | t_u: 28/1984) -> {'max_bond': 256, 'max_links': 4, 'total_elems': 592672, 'total_shapes': 5556, 'total_links': 390, 'num_tensors': 98}
2026-08-26 08:32:32,790 [INFO]     [start unswap] -> {'max_bond': 256, 'max_links': 4, 'total_elems': 592672, 'total_shapes': 5556, 'total_links': 390, 'num_tensors': 98}
2026-08-26 08:32:42,624 [INFO]     [0 | both | 0](candidate_pairs: 49/49 | new_swaps: 3 | total: 3) -> {'max_bond': 256, 'max_links': 4, 'total_elems': 1035520, 'total_shapes': 6176, 'total_links': 390, 'num_tensors': 98}
2026-08-26 08:32:52,337 [INFO]     [0 | both | 1](candidate_pairs: 48/48 | new_swaps: 19 | total: 22) -> {'max_bond': 256, 'max_links': 4, 'total_elems': 541376, 'total_shapes': 4664, 'total_links': 390, 'num_tensors': 98}
2026-08-26 08:32:53,869 [INFO]     [0 | left | 0](candidate_pairs: 49/49 | new_swaps: 15 | total: 37) -> {'max_bond': 128, 'max_links': 4, 'total_elems': 324828, 'total_shapes': 3822, 'total_links': 390, 'num_tensors': 98}
2026-08-26 08:32:55,315 [INFO]     [0 | left | 1](candidate_pairs: 48/48 | new_swaps: 20 | total: 57) -> {'max_bond': 128, 'max_links': 4, 'total_elems': 145764, 'total_shapes': 2984, 'total_links': 390, 'num_tensors': 98}
2026-08-26 08:32:55,671 [INFO]     [0 | right | 0](candidate_pairs: 49/49 | new_swaps: 18 | total: 75) -> {'max_bond': 64, 'max_links': 4, 'total_elems': 75100, 'total_shapes': 2302, 'total_links': 390, 'num_tensors': 98}
2026-08-26 08:32:55,893 [INFO]     [0 | right | 1](candidate_pairs: 48/48 | new_swaps: 11 | total: 86) -> {'max_bond': 64, 'max_links': 4, 'total_elems': 45024, 'total_shapes': 2028, 'total_links': 390, 'num_tensors': 98}
2026-08-26 08:32:56,169 [INFO]     [1 | both | 0](candidate_pairs: 49/49 | new_swaps: 15 | total: 15) -> {'max_bond': 32, 'max_links': 4, 'total_elems': 26884, 'total_shapes': 1670, 'total_links': 390, 'num_tensors': 98}
2026-08-26 08:32:56,466 [INFO]     [1 | both | 1](candidate_pairs: 48/48 | new_swaps: 13 | total: 28) -> {'max_bond': 32, 'max_links': 4, 'total_elems': 20468, 'total_shapes': 1472, 'total_links': 390, 'num_tensors': 98}
2026-08-26 08:32:56,604 [INFO]     [1 | left | 0](candidate_pairs: 49/49 | new_swaps: 10 | total: 38) -> {'max_bond': 16, 'max_links': 4, 'total_elems': 15440, 'total_shapes': 1342, 'total_links': 390, 'num_tensors': 98}
2026-08-26 08:32:56,746 [INFO]     [1 | left | 1](candidate_pairs: 48/48 | new_swaps: 10 | total: 48) -> {'max_bond': 16, 'max_links': 4, 'total_elems': 11632, 'total_shapes': 1224, 'total_links': 390, 'num_tensors': 98}
2026-08-26 08:32:56,862 [INFO]     [1 | right | 0](candidate_pairs: 49/49 | new_swaps: 7 | total: 55) -> {'max_bond': 16, 'max_links': 4, 'total_elems': 10456, 'total_shapes': 1144, 'total_links': 390, 'num_tensors': 98}
2026-08-26 08:32:56,975 [INFO]     [1 | right | 1](candidate_pairs: 48/48 | new_swaps: 3 | total: 58) -> {'max_bond': 16, 'max_links': 4, 'total_elems': 9288, 'total_shapes': 1108, 'total_links': 390, 'num_tensors': 98}
2026-08-26 08:32:57,170 [INFO]     [2 | both | 0](candidate_pairs: 49/49 | new_swaps: 6 | total: 6) -> {'max_bond': 16, 'max_links': 4, 'total_elems': 7968, 'total_shapes': 1060, 'total_links': 390, 'num_tensors': 98}
2026-08-26 08:32:57,369 [INFO]     [2 | both | 1](candidate_pairs: 48/48 | new_swaps: 12 | total: 18) -> {'max_bond': 16, 'max_links': 4, 'total_elems': 6120, 'total_shapes': 988, 'total_links': 390, 'num_tensors': 98}
2026-08-26 08:32:57,467 [INFO]     [2 | left | 0](candidate_pairs: 49/49 | new_swaps: 3 | total: 21) -> {'max_bond': 16, 'max_links': 4, 'total_elems': 5000, 'total_shapes': 950, 'total_links': 390, 'num_tensors': 98}
2026-08-26 08:32:57,568 [INFO]     [2 | left | 1](candidate_pairs: 48/48 | new_swaps: 3 | total: 24) -> {'max_bond': 8, 'max_links': 4, 'total_elems': 4384, 'total_shapes': 924, 'total_links': 390, 'num_tensors': 98}
2026-08-26 08:32:57,677 [INFO]     [2 | right | 0](candidate_pairs: 49/49 | new_swaps: 4 | total: 28) -> {'max_bond': 8, 'max_links': 4, 'total_elems': 3472, 'total_shapes': 884, 'total_links': 390, 'num_tensors': 98}
2026-08-26 08:32:57,757 [INFO]     [2 | right | 1](candidate_pairs: 48/48 | new_swaps: 1 | total: 29) -> {'max_bond': 8, 'max_links': 4, 'total_elems': 3184, 'total_shapes': 872, 'total_links': 390, 'num_tensors': 98}
2026-08-26 08:32:57,972 [INFO]     [3 | both | 0](candidate_pairs: 49/49 | new_swaps: 7 | total: 7) -> {'max_bond': 8, 'max_links': 4, 'total_elems': 2716, 'total_shapes': 838, 'total_links': 390, 'num_tensors': 98}
2026-08-26 08:32:58,171 [INFO]     [3 | both | 1](candidate_pairs: 48/48 | new_swaps: 4 | total: 11) -> {'max_bond': 8, 'max_links': 4, 'total_elems': 2304, 'total_shapes': 816, 'total_links': 390, 'num_tensors': 98}
2026-08-26 08:32:58,294 [INFO]     [3 | left | 0](candidate_pairs: 49/49 | new_swaps: 1 | total: 12) -> {'max_bond': 8, 'max_links': 4, 'total_elems': 2176, 'total_shapes': 808, 'total_links': 390, 'num_tensors': 98}
2026-08-26 08:32:58,399 [INFO]     [3 | left | 1](candidate_pairs: 48/48 | new_swaps: 2 | total: 14) -> {'max_bond': 8, 'max_links': 4, 'total_elems': 2056, 'total_shapes': 790, 'total_links': 390, 'num_tensors': 98}
2026-08-26 08:32:58,480 [INFO]     [3 | right | 0](candidate_pairs: 49/49 | new_swaps: 1 | total: 15) -> {'max_bond': 8, 'max_links': 4, 'total_elems': 2008, 'total_shapes': 786, 'total_links': 390, 'num_tensors': 98}
2026-08-26 08:32:58,522 [INFO]     [3 | right | 1](candidate_pairs: 48/48 | new_swaps: 0 | total: 15) -> {'max_bond': 8, 'max_links': 4, 'total_elems': 2008, 'total_shapes': 786, 'total_links': 390, 'num_tensors': 98}
2026-08-26 08:32:58,690 [INFO]     [4 | both | 0](candidate_pairs: 49/49 | new_swaps: 1 | total: 1) -> {'max_bond': 8, 'max_links': 4, 'total_elems': 1960, 'total_shapes': 782, 'total_links': 390, 'num_tensors': 98}
2026-08-26 08:32:58,774 [INFO]     [4 | both | 1](candidate_pairs: 48/48 | new_swaps: 0 | total: 1) -> {'max_bond': 8, 'max_links': 4, 'total_elems': 1960, 'total_shapes': 782, 'total_links': 390, 'num_tensors': 98}
2026-08-26 08:32:58,813 [INFO]     [4 | left | 0](candidate_pairs: 49/49 | new_swaps: 0 | total: 1) -> {'max_bond': 8, 'max_links': 4, 'total_elems': 1960, 'total_shapes': 782, 'total_links': 390, 'num_tensors': 98}
2026-08-26 08:32:58,853 [INFO]     [4 | left | 1](candidate_pairs: 48/48 | new_swaps: 0 | total: 1) -> {'max_bond': 8, 'max_links': 4, 'total_elems': 1960, 'total_shapes': 782, 'total_links': 390, 'num_tensors': 98}
2026-08-26 08:32:58,893 [INFO]     [4 | right | 0](candidate_pairs: 49/49 | new_swaps: 0 | total: 1) -> {'max_bond': 8, 'max_links': 4, 'total_elems': 1960, 'total_shapes': 782, 'total_links': 390, 'num_tensors': 98}
2026-08-26 08:32:58,934 [INFO]     [4 | right | 1](candidate_pairs: 48/48 | new_swaps: 0 | total: 1) -> {'max_bond': 8, 'max_links': 4, 'total_elems': 1960, 'total_shapes': 782, 'total_links': 390, 'num_tensors': 98}
2026-08-26 08:32:59,012 [INFO]     [5 | both | 0](candidate_pairs: 49/49 | new_swaps: 0 | total: 0) -> {'max_bond': 8, 'max_links': 4, 'total_elems': 1960, 'total_shapes': 782, 'total_links': 390, 'num_tensors': 98}
2026-08-26 08:32:59,099 [INFO]     [5 | both | 1](candidate_pairs: 48/48 | new_swaps: 0 | total: 0) -> {'max_bond': 8, 'max_links': 4, 'total_elems': 1960, 'total_shapes': 782, 'total_links': 390, 'num_tensors': 98}
2026-08-26 08:32:59,143 [INFO]     [5 | left | 0](candidate_pairs: 49/49 | new_swaps: 0 | total: 0) -> {'max_bond': 8, 'max_links': 4, 'total_elems': 1960, 'total_shapes': 782, 'total_links': 390, 'num_tensors': 98}
2026-08-26 08:32:59,183 [INFO]     [5 | left | 1](candidate_pairs: 48/48 | new_swaps: 0 | total: 0) -> {'max_bond': 8, 'max_links': 4, 'total_elems': 1960, 'total_shapes': 782, 'total_links': 390, 'num_tensors': 98}
2026-08-26 08:32:59,223 [INFO]     [5 | right | 0](candidate_pairs: 49/49 | new_swaps: 0 | total: 0) -> {'max_bond': 8, 'max_links': 4, 'total_elems': 1960, 'total_shapes': 782, 'total_links': 390, 'num_tensors': 98}
2026-08-26 08:32:59,266 [INFO]     [5 | right | 1](candidate_pairs: 48/48 | new_swaps: 0 | total: 0) -> {'max_bond': 8, 'max_links': 4, 'total_elems': 1960, 'total_shapes': 782, 'total_links': 390, 'num_tensors': 98}
2026-08-26 08:32:59,267 [INFO]     [end unswap] -> {'max_bond': 8, 'max_links': 4, 'total_elems': 1960, 'total_shapes': 782, 'total_links': 390, 'num_tensors': 98}
2026-08-26 08:32:59,295 [INFO] [start rewire](phase=post_unswap, cycle=9, side=left, layers=2403, trials=20, seed=123, parallel=False, route_candidates=2, route_score=lookahead_total)
2026-08-26 08:33:10,922 [INFO] [end rewire](phase=post_unswap, cycle=9, side=left, routed_layers=2580, elapsed_s=11.63)
2026-08-26 08:33:10,922 [INFO] [start rewire](phase=post_unswap, cycle=9, side=right, layers=2141, trials=20, seed=123, parallel=False, route_candidates=2, route_score=lookahead_total)
2026-08-26 08:33:21,140 [INFO] [end rewire](phase=post_unswap, cycle=9, side=right, routed_layers=2194, elapsed_s=10.22)
2026-08-26 08:33:21,287 [INFO] [1L/2578](swap: 25, u: 0 | c_u: 0 | t_u_l: 18/992 | t_u_r: 10/992 | t_u: 28/1984) -> {'max_bond': 8, 'max_links': 4, 'total_elems': 1960, 'total_shapes': 782, 'total_links': 390, 'num_tensors': 98}
2026-08-26 08:33:21,400 [INFO] [1R/2192](swap: 21, u: 0 | c_u: 0 | t_u_l: 18/992 | t_u_r: 10/992 | t_u: 28/1984) -> {'max_bond': 8, 'max_links': 4, 'total_elems': 3068, 'total_shapes': 920, 'total_links': 390, 'num_tensors': 98}
2026-08-26 08:33:21,511 [INFO] [2L/2578](swap: 22, u: 1 | c_u: 1 | t_u_l: 19/992 | t_u_r: 10/992 | t_u: 29/1984) -> {'max_bond': 16, 'max_links': 4, 'total_elems': 5744, 'total_shapes': 1106, 'total_links': 390, 'num_tensors': 98}
2026-08-26 08:33:21,622 [INFO] [3L/2578](swap: 22, u: 0 | c_u: 1 | t_u_l: 19/992 | t_u_r: 10/992 | t_u: 29/1984) -> {'max_bond': 16, 'max_links': 4, 'total_elems': 10540, 'total_shapes': 1346, 'total_links': 390, 'num_tensors': 98}
2026-08-26 08:33:21,731 [INFO] [2R/2192](swap: 19, u: 0 | c_u: 1 | t_u_l: 19/992 | t_u_r: 10/992 | t_u: 29/1984) -> {'max_bond': 32, 'max_links': 4, 'total_elems': 16596, 'total_shapes': 1518, 'total_links': 390, 'num_tensors': 98}
2026-08-26 08:33:21,849 [INFO] [3R/2192](swap: 17, u: 0 | c_u: 1 | t_u_l: 19/992 | t_u_r: 10/992 | t_u: 29/1984) -> {'max_bond': 32, 'max_links': 4, 'total_elems': 22444, 'total_shapes': 1740, 'total_links': 390, 'num_tensors': 98}
2026-08-26 08:33:21,978 [INFO] [4L/2578](swap: 17, u: 0 | c_u: 1 | t_u_l: 19/992 | t_u_r: 10/992 | t_u: 29/1984) -> {'max_bond': 32, 'max_links': 4, 'total_elems': 36040, 'total_shapes': 2072, 'total_links': 390, 'num_tensors': 98}
2026-08-26 08:33:22,115 [INFO] [4R/2192](swap: 14, u: 0 | c_u: 1 | t_u_l: 19/992 | t_u_r: 10/992 | t_u: 29/1984) -> {'max_bond': 64, 'max_links': 4, 'total_elems': 56744, 'total_shapes': 2434, 'total_links': 390, 'num_tensors': 98}
2026-08-26 08:33:22,264 [INFO] [5R/2192](swap: 15, u: 1 | c_u: 2 | t_u_l: 19/992 | t_u_r: 11/992 | t_u: 30/1984) -> {'max_bond': 64, 'max_links': 4, 'total_elems': 85864, 'total_shapes': 2794, 'total_links': 390, 'num_tensors': 98}
2026-08-26 08:33:22,491 [INFO] [5L/2578](swap: 16, u: 0 | c_u: 2 | t_u_l: 19/992 | t_u_r: 11/992 | t_u: 30/1984) -> {'max_bond': 128, 'max_links': 4, 'total_elems': 151464, 'total_shapes': 3538, 'total_links': 390, 'num_tensors': 98}
2026-08-26 08:33:22,877 [INFO] [6L/2578](swap: 13, u: 1 | c_u: 3 | t_u_l: 20/992 | t_u_r: 11/992 | t_u: 31/1984) -> {'max_bond': 128, 'max_links': 4, 'total_elems': 258344, 'total_shapes': 4418, 'total_links': 390, 'num_tensors': 98}
2026-08-26 08:33:23,386 [INFO] [7L/2578](swap: 15, u: 0 | c_u: 3 | t_u_l: 20/992 | t_u_r: 11/992 | t_u: 31/1984) -> {'max_bond': 128, 'max_links': 4, 'total_elems': 310176, 'total_shapes': 4854, 'total_links': 390, 'num_tensors': 98}
2026-08-26 08:33:23,907 [INFO] [8L/2578](swap: 16, u: 0 | c_u: 3 | t_u_l: 20/992 | t_u_r: 11/992 | t_u: 31/1984) -> {'max_bond': 128, 'max_links': 4, 'total_elems': 463452, 'total_shapes': 5728, 'total_links': 390, 'num_tensors': 98}
2026-08-26 08:33:24,877 [INFO] [6R/2192](swap: 15, u: 0 | c_u: 3 | t_u_l: 20/992 | t_u_r: 11/992 | t_u: 31/1984) -> {'max_bond': 256, 'max_links': 4, 'total_elems': 730716, 'total_shapes': 6792, 'total_links': 390, 'num_tensors': 98}
2026-08-26 08:33:27,095 [INFO]     [start unswap] -> {'max_bond': 256, 'max_links': 4, 'total_elems': 730716, 'total_shapes': 6792, 'total_links': 390, 'num_tensors': 98}
2026-08-26 08:33:36,641 [INFO]     [0 | both | 0](candidate_pairs: 49/49 | new_swaps: 11 | total: 11) -> {'max_bond': 256, 'max_links': 4, 'total_elems': 844728, 'total_shapes': 6602, 'total_links': 390, 'num_tensors': 98}
2026-08-26 08:33:41,861 [INFO]     [0 | both | 1](candidate_pairs: 48/48 | new_swaps: 22 | total: 33) -> {'max_bond': 256, 'max_links': 4, 'total_elems': 373948, 'total_shapes': 4798, 'total_links': 390, 'num_tensors': 98}
2026-08-26 08:33:42,724 [INFO]     [0 | left | 0](candidate_pairs: 49/49 | new_swaps: 21 | total: 54) -> {'max_bond': 128, 'max_links': 4, 'total_elems': 230504, 'total_shapes': 3874, 'total_links': 390, 'num_tensors': 98}
2026-08-26 08:33:43,571 [INFO]     [0 | left | 1](candidate_pairs: 48/48 | new_swaps: 24 | total: 78) -> {'max_bond': 128, 'max_links': 4, 'total_elems': 115144, 'total_shapes': 3018, 'total_links': 390, 'num_tensors': 98}
2026-08-26 08:33:43,780 [INFO]     [0 | right | 0](candidate_pairs: 49/49 | new_swaps: 14 | total: 92) -> {'max_bond': 32, 'max_links': 4, 'total_elems': 59440, 'total_shapes': 2276, 'total_links': 390, 'num_tensors': 98}
2026-08-26 08:33:43,935 [INFO]     [0 | right | 1](candidate_pairs: 48/48 | new_swaps: 10 | total: 102) -> {'max_bond': 32, 'max_links': 4, 'total_elems': 43520, 'total_shapes': 2040, 'total_links': 390, 'num_tensors': 98}
2026-08-26 08:33:44,193 [INFO]     [1 | both | 0](candidate_pairs: 49/49 | new_swaps: 14 | total: 14) -> {'max_bond': 32, 'max_links': 4, 'total_elems': 31256, 'total_shapes': 1772, 'total_links': 390, 'num_tensors': 98}
2026-08-26 08:33:44,418 [INFO]     [1 | both | 1](candidate_pairs: 48/48 | new_swaps: 12 | total: 26) -> {'max_bond': 32, 'max_links': 4, 'total_elems': 25392, 'total_shapes': 1588, 'total_links': 390, 'num_tensors': 98}
2026-08-26 08:33:44,540 [INFO]     [1 | left | 0](candidate_pairs: 49/49 | new_swaps: 10 | total: 36) -> {'max_bond': 32, 'max_links': 4, 'total_elems': 21880, 'total_shapes': 1472, 'total_links': 390, 'num_tensors': 98}
2026-08-26 08:33:44,665 [INFO]     [1 | left | 1](candidate_pairs: 48/48 | new_swaps: 6 | total: 42) -> {'max_bond': 32, 'max_links': 4, 'total_elems': 17440, 'total_shapes': 1392, 'total_links': 390, 'num_tensors': 98}
2026-08-26 08:33:44,779 [INFO]     [1 | right | 0](candidate_pairs: 49/49 | new_swaps: 9 | total: 51) -> {'max_bond': 16, 'max_links': 4, 'total_elems': 13316, 'total_shapes': 1286, 'total_links': 390, 'num_tensors': 98}
2026-08-26 08:33:44,883 [INFO]     [1 | right | 1](candidate_pairs: 48/48 | new_swaps: 6 | total: 57) -> {'max_bond': 16, 'max_links': 4, 'total_elems': 11908, 'total_shapes': 1232, 'total_links': 390, 'num_tensors': 98}
2026-08-26 08:33:45,075 [INFO]     [2 | both | 0](candidate_pairs: 49/49 | new_swaps: 10 | total: 10) -> {'max_bond': 16, 'max_links': 4, 'total_elems': 11120, 'total_shapes': 1170, 'total_links': 390, 'num_tensors': 98}
2026-08-26 08:33:45,267 [INFO]     [2 | both | 1](candidate_pairs: 48/48 | new_swaps: 13 | total: 23) -> {'max_bond': 16, 'max_links': 4, 'total_elems': 7020, 'total_shapes': 1044, 'total_links': 390, 'num_tensors': 98}
2026-08-26 08:33:45,370 [INFO]     [2 | left | 0](candidate_pairs: 49/49 | new_swaps: 6 | total: 29) -> {'max_bond': 16, 'max_links': 4, 'total_elems': 5076, 'total_shapes': 984, 'total_links': 390, 'num_tensors': 98}
2026-08-26 08:33:45,466 [INFO]     [2 | left | 1](candidate_pairs: 48/48 | new_swaps: 3 | total: 32) -> {'max_bond': 8, 'max_links': 4, 'total_elems': 4212, 'total_shapes': 948, 'total_links': 390, 'num_tensors': 98}
2026-08-26 08:33:45,559 [INFO]     [2 | right | 0](candidate_pairs: 49/49 | new_swaps: 1 | total: 33) -> {'max_bond': 8, 'max_links': 4, 'total_elems': 4164, 'total_shapes': 944, 'total_links': 390, 'num_tensors': 98}
2026-08-26 08:33:45,653 [INFO]     [2 | right | 1](candidate_pairs: 48/48 | new_swaps: 1 | total: 34) -> {'max_bond': 8, 'max_links': 4, 'total_elems': 4116, 'total_shapes': 940, 'total_links': 390, 'num_tensors': 98}
2026-08-26 08:33:45,833 [INFO]     [3 | both | 0](candidate_pairs: 49/49 | new_swaps: 9 | total: 9) -> {'max_bond': 8, 'max_links': 4, 'total_elems': 3308, 'total_shapes': 892, 'total_links': 390, 'num_tensors': 98}
2026-08-26 08:33:46,007 [INFO]     [3 | both | 1](candidate_pairs: 48/48 | new_swaps: 5 | total: 14) -> {'max_bond': 8, 'max_links': 4, 'total_elems': 2924, 'total_shapes': 866, 'total_links': 390, 'num_tensors': 98}
2026-08-26 08:33:46,086 [INFO]     [3 | left | 0](candidate_pairs: 49/49 | new_swaps: 1 | total: 15) -> {'max_bond': 8, 'max_links': 4, 'total_elems': 2796, 'total_shapes': 858, 'total_links': 390, 'num_tensors': 98}
2026-08-26 08:33:46,181 [INFO]     [3 | left | 1](candidate_pairs: 48/48 | new_swaps: 1 | total: 16) -> {'max_bond': 8, 'max_links': 4, 'total_elems': 2772, 'total_shapes': 852, 'total_links': 390, 'num_tensors': 98}
2026-08-26 08:33:46,274 [INFO]     [3 | right | 0](candidate_pairs: 49/49 | new_swaps: 1 | total: 17) -> {'max_bond': 8, 'max_links': 4, 'total_elems': 2724, 'total_shapes': 848, 'total_links': 390, 'num_tensors': 98}
2026-08-26 08:33:46,353 [INFO]     [3 | right | 1](candidate_pairs: 48/48 | new_swaps: 1 | total: 18) -> {'max_bond': 8, 'max_links': 4, 'total_elems': 2676, 'total_shapes': 844, 'total_links': 390, 'num_tensors': 98}
2026-08-26 08:33:46,432 [INFO]     [4 | both | 0](candidate_pairs: 49/49 | new_swaps: 0 | total: 0) -> {'max_bond': 8, 'max_links': 4, 'total_elems': 2676, 'total_shapes': 844, 'total_links': 390, 'num_tensors': 98}
2026-08-26 08:33:46,510 [INFO]     [4 | both | 1](candidate_pairs: 48/48 | new_swaps: 0 | total: 0) -> {'max_bond': 8, 'max_links': 4, 'total_elems': 2676, 'total_shapes': 844, 'total_links': 390, 'num_tensors': 98}
2026-08-26 08:33:46,552 [INFO]     [4 | left | 0](candidate_pairs: 49/49 | new_swaps: 0 | total: 0) -> {'max_bond': 8, 'max_links': 4, 'total_elems': 2676, 'total_shapes': 844, 'total_links': 390, 'num_tensors': 98}
2026-08-26 08:33:46,594 [INFO]     [4 | left | 1](candidate_pairs: 48/48 | new_swaps: 0 | total: 0) -> {'max_bond': 8, 'max_links': 4, 'total_elems': 2676, 'total_shapes': 844, 'total_links': 390, 'num_tensors': 98}
2026-08-26 08:33:46,668 [INFO]     [4 | right | 0](candidate_pairs: 49/49 | new_swaps: 1 | total: 1) -> {'max_bond': 8, 'max_links': 4, 'total_elems': 2628, 'total_shapes': 840, 'total_links': 390, 'num_tensors': 98}
2026-08-26 08:33:46,741 [INFO]     [4 | right | 1](candidate_pairs: 48/48 | new_swaps: 1 | total: 2) -> {'max_bond': 8, 'max_links': 4, 'total_elems': 2580, 'total_shapes': 836, 'total_links': 390, 'num_tensors': 98}
2026-08-26 08:33:46,817 [INFO]     [5 | both | 0](candidate_pairs: 49/49 | new_swaps: 0 | total: 0) -> {'max_bond': 8, 'max_links': 4, 'total_elems': 2580, 'total_shapes': 836, 'total_links': 390, 'num_tensors': 98}
2026-08-26 08:33:46,899 [INFO]     [5 | both | 1](candidate_pairs: 48/48 | new_swaps: 0 | total: 0) -> {'max_bond': 8, 'max_links': 4, 'total_elems': 2580, 'total_shapes': 836, 'total_links': 390, 'num_tensors': 98}
2026-08-26 08:33:46,944 [INFO]     [5 | left | 0](candidate_pairs: 49/49 | new_swaps: 0 | total: 0) -> {'max_bond': 8, 'max_links': 4, 'total_elems': 2580, 'total_shapes': 836, 'total_links': 390, 'num_tensors': 98}
2026-08-26 08:33:46,984 [INFO]     [5 | left | 1](candidate_pairs: 48/48 | new_swaps: 0 | total: 0) -> {'max_bond': 8, 'max_links': 4, 'total_elems': 2580, 'total_shapes': 836, 'total_links': 390, 'num_tensors': 98}
2026-08-26 08:33:47,022 [INFO]     [5 | right | 0](candidate_pairs: 49/49 | new_swaps: 0 | total: 0) -> {'max_bond': 8, 'max_links': 4, 'total_elems': 2580, 'total_shapes': 836, 'total_links': 390, 'num_tensors': 98}
2026-08-26 08:33:47,060 [INFO]     [5 | right | 1](candidate_pairs: 48/48 | new_swaps: 0 | total: 0) -> {'max_bond': 8, 'max_links': 4, 'total_elems': 2580, 'total_shapes': 836, 'total_links': 390, 'num_tensors': 98}
2026-08-26 08:33:47,061 [INFO]     [end unswap] -> {'max_bond': 8, 'max_links': 4, 'total_elems': 2580, 'total_shapes': 836, 'total_links': 390, 'num_tensors': 98}
2026-08-26 08:33:47,087 [INFO] [start rewire](phase=post_unswap, cycle=10, side=left, layers=2572, trials=20, seed=123, parallel=False, route_candidates=2, route_score=lookahead_total)
2026-08-26 08:33:57,403 [INFO] [end rewire](phase=post_unswap, cycle=10, side=left, routed_layers=2612, elapsed_s=10.32)
2026-08-26 08:33:57,403 [INFO] [start rewire](phase=post_unswap, cycle=10, side=right, layers=2188, trials=20, seed=123, parallel=False, route_candidates=2, route_score=lookahead_total)
2026-08-26 08:34:06,818 [INFO] [end rewire](phase=post_unswap, cycle=10, side=right, routed_layers=2260, elapsed_s=9.41)
2026-08-26 08:34:06,971 [INFO] [1L/2610](swap: 20, u: 0 | c_u: 0 | t_u_l: 20/992 | t_u_r: 11/992 | t_u: 31/1984) -> {'max_bond': 8, 'max_links': 4, 'total_elems': 2580, 'total_shapes': 836, 'total_links': 390, 'num_tensors': 98}
2026-08-26 08:34:07,111 [INFO] [2L/2610](swap: 23, u: 0 | c_u: 0 | t_u_l: 20/992 | t_u_r: 11/992 | t_u: 31/1984) -> {'max_bond': 16, 'max_links': 4, 'total_elems': 4508, 'total_shapes': 1030, 'total_links': 390, 'num_tensors': 98}
2026-08-26 08:34:07,233 [INFO] [1R/2258](swap: 21, u: 0 | c_u: 0 | t_u_l: 20/992 | t_u_r: 11/992 | t_u: 31/1984) -> {'max_bond': 16, 'max_links': 4, 'total_elems': 7120, 'total_shapes': 1162, 'total_links': 390, 'num_tensors': 98}
2026-08-26 08:34:07,346 [INFO] [2R/2258](swap: 23, u: 0 | c_u: 0 | t_u_l: 20/992 | t_u_r: 11/992 | t_u: 31/1984) -> {'max_bond': 32, 'max_links': 4, 'total_elems': 13912, 'total_shapes': 1434, 'total_links': 390, 'num_tensors': 98}
2026-08-26 08:34:07,475 [INFO] [3L/2610](swap: 20, u: 1 | c_u: 1 | t_u_l: 21/992 | t_u_r: 11/992 | t_u: 32/1984) -> {'max_bond': 32, 'max_links': 4, 'total_elems': 25312, 'total_shapes': 1752, 'total_links': 390, 'num_tensors': 98}
2026-08-26 08:34:07,597 [INFO] [3R/2258](swap: 22, u: 0 | c_u: 1 | t_u_l: 21/992 | t_u_r: 11/992 | t_u: 32/1984) -> {'max_bond': 64, 'max_links': 4, 'total_elems': 44828, 'total_shapes': 2208, 'total_links': 390, 'num_tensors': 98}
2026-08-26 08:34:07,741 [INFO] [4L/2610](swap: 18, u: 0 | c_u: 1 | t_u_l: 21/992 | t_u_r: 11/992 | t_u: 32/1984) -> {'max_bond': 64, 'max_links': 4, 'total_elems': 90540, 'total_shapes': 2740, 'total_links': 390, 'num_tensors': 98}
2026-08-26 08:34:07,957 [INFO] [5L/2610](swap: 13, u: 0 | c_u: 1 | t_u_l: 21/992 | t_u_r: 11/992 | t_u: 32/1984) -> {'max_bond': 128, 'max_links': 4, 'total_elems': 151060, 'total_shapes': 3376, 'total_links': 390, 'num_tensors': 98}
2026-08-26 08:34:08,226 [INFO] [6L/2610](swap: 13, u: 0 | c_u: 1 | t_u_l: 21/992 | t_u_r: 11/992 | t_u: 32/1984) -> {'max_bond': 128, 'max_links': 4, 'total_elems': 176252, 'total_shapes': 3612, 'total_links': 390, 'num_tensors': 98}
2026-08-26 08:34:08,516 [INFO] [7L/2610](swap: 11, u: 0 | c_u: 1 | t_u_l: 21/992 | t_u_r: 11/992 | t_u: 32/1984) -> {'max_bond': 128, 'max_links': 4, 'total_elems': 211740, 'total_shapes': 4010, 'total_links': 390, 'num_tensors': 98}
2026-08-26 08:34:08,862 [INFO] [8L/2610](swap: 10, u: 0 | c_u: 1 | t_u_l: 21/992 | t_u_r: 11/992 | t_u: 32/1984) -> {'max_bond': 128, 'max_links': 4, 'total_elems': 265124, 'total_shapes': 4390, 'total_links': 390, 'num_tensors': 98}
2026-08-26 08:34:09,353 [INFO] [9L/2610](swap: 11, u: 0 | c_u: 1 | t_u_l: 21/992 | t_u_r: 11/992 | t_u: 32/1984) -> {'max_bond': 64, 'max_links': 4, 'total_elems': 263524, 'total_shapes': 4486, 'total_links': 390, 'num_tensors': 98}
2026-08-26 08:34:09,761 [INFO] [10L/2610](swap: 11, u: 0 | c_u: 1 | t_u_l: 21/992 | t_u_r: 11/992 | t_u: 32/1984) -> {'max_bond': 128, 'max_links': 4, 'total_elems': 343332, 'total_shapes': 5046, 'total_links': 390, 'num_tensors': 98}
2026-08-26 08:34:10,280 [INFO] [11L/2610](swap: 10, u: 1 | c_u: 2 | t_u_l: 22/992 | t_u_r: 11/992 | t_u: 33/1984) -> {'max_bond': 256, 'max_links': 4, 'total_elems': 519268, 'total_shapes': 5966, 'total_links': 390, 'num_tensors': 98}
2026-08-26 08:34:11,178 [INFO] [12L/2610](swap: 11, u: 0 | c_u: 2 | t_u_l: 22/992 | t_u_r: 11/992 | t_u: 33/1984) -> {'max_bond': 256, 'max_links': 4, 'total_elems': 579812, 'total_shapes': 6430, 'total_links': 390, 'num_tensors': 98}
2026-08-26 08:34:12,044 [INFO] [13L/2610](swap: 10, u: 2 | c_u: 4 | t_u_l: 24/992 | t_u_r: 11/992 | t_u: 35/1984) -> {'max_bond': 256, 'max_links': 4, 'total_elems': 713700, 'total_shapes': 7230, 'total_links': 390, 'num_tensors': 98}
2026-08-26 08:34:13,119 [INFO] [14L/2610](swap: 11, u: 1 | c_u: 5 | t_u_l: 25/992 | t_u_r: 11/992 | t_u: 36/1984) -> {'max_bond': 256, 'max_links': 4, 'total_elems': 887012, 'total_shapes': 7918, 'total_links': 390, 'num_tensors': 98}
2026-08-26 08:34:14,498 [INFO]     [start unswap] -> {'max_bond': 256, 'max_links': 4, 'total_elems': 887012, 'total_shapes': 7918, 'total_links': 390, 'num_tensors': 98}
2026-08-26 08:34:31,143 [INFO]     [0 | both | 0](candidate_pairs: 49/49 | new_swaps: 8 | total: 8) -> {'max_bond': 256, 'max_links': 4, 'total_elems': 1166756, 'total_shapes': 8522, 'total_links': 390, 'num_tensors': 98}
2026-08-26 08:34:37,385 [INFO]     [0 | both | 1](candidate_pairs: 48/48 | new_swaps: 18 | total: 26) -> {'max_bond': 128, 'max_links': 4, 'total_elems': 599748, 'total_shapes': 6442, 'total_links': 390, 'num_tensors': 98}
2026-08-26 08:34:38,972 [INFO]     [0 | left | 0](candidate_pairs: 49/49 | new_swaps: 18 | total: 44) -> {'max_bond': 64, 'max_links': 4, 'total_elems': 368192, 'total_shapes': 5244, 'total_links': 390, 'num_tensors': 98}
2026-08-26 08:34:39,759 [INFO]     [0 | left | 1](candidate_pairs: 48/48 | new_swaps: 15 | total: 59) -> {'max_bond': 64, 'max_links': 4, 'total_elems': 276252, 'total_shapes': 4480, 'total_links': 390, 'num_tensors': 98}
2026-08-26 08:34:40,313 [INFO]     [0 | right | 0](candidate_pairs: 49/49 | new_swaps: 10 | total: 69) -> {'max_bond': 64, 'max_links': 4, 'total_elems': 241256, 'total_shapes': 4126, 'total_links': 390, 'num_tensors': 98}
2026-08-26 08:34:40,761 [INFO]     [0 | right | 1](candidate_pairs: 48/48 | new_swaps: 9 | total: 78) -> {'max_bond': 64, 'max_links': 4, 'total_elems': 185452, 'total_shapes': 3736, 'total_links': 390, 'num_tensors': 98}
2026-08-26 08:34:42,182 [INFO]     [1 | both | 0](candidate_pairs: 49/49 | new_swaps: 11 | total: 11) -> {'max_bond': 64, 'max_links': 4, 'total_elems': 130800, 'total_shapes': 3146, 'total_links': 390, 'num_tensors': 98}
2026-08-26 08:34:42,791 [INFO]     [1 | both | 1](candidate_pairs: 48/48 | new_swaps: 16 | total: 27) -> {'max_bond': 64, 'max_links': 4, 'total_elems': 82968, 'total_shapes': 2622, 'total_links': 390, 'num_tensors': 98}
2026-08-26 08:34:42,994 [INFO]     [1 | left | 0](candidate_pairs: 49/49 | new_swaps: 12 | total: 39) -> {'max_bond': 64, 'max_links': 4, 'total_elems': 64196, 'total_shapes': 2346, 'total_links': 390, 'num_tensors': 98}
2026-08-26 08:34:43,192 [INFO]     [1 | left | 1](candidate_pairs: 48/48 | new_swaps: 10 | total: 49) -> {'max_bond': 32, 'max_links': 4, 'total_elems': 50896, 'total_shapes': 2122, 'total_links': 390, 'num_tensors': 98}
2026-08-26 08:34:43,332 [INFO]     [1 | right | 0](candidate_pairs: 49/49 | new_swaps: 5 | total: 54) -> {'max_bond': 32, 'max_links': 4, 'total_elems': 46776, 'total_shapes': 2040, 'total_links': 390, 'num_tensors': 98}
2026-08-26 08:34:43,477 [INFO]     [1 | right | 1](candidate_pairs: 48/48 | new_swaps: 3 | total: 57) -> {'max_bond': 32, 'max_links': 4, 'total_elems': 41592, 'total_shapes': 1984, 'total_links': 390, 'num_tensors': 98}
2026-08-26 08:34:43,776 [INFO]     [2 | both | 0](candidate_pairs: 49/49 | new_swaps: 18 | total: 18) -> {'max_bond': 32, 'max_links': 4, 'total_elems': 26904, 'total_shapes': 1692, 'total_links': 390, 'num_tensors': 98}
2026-08-26 08:34:44,035 [INFO]     [2 | both | 1](candidate_pairs: 48/48 | new_swaps: 13 | total: 31) -> {'max_bond': 32, 'max_links': 4, 'total_elems': 21084, 'total_shapes': 1510, 'total_links': 390, 'num_tensors': 98}
2026-08-26 08:34:44,284 [INFO]     [2 | left | 0](candidate_pairs: 49/49 | new_swaps: 6 | total: 37) -> {'max_bond': 32, 'max_links': 4, 'total_elems': 18992, 'total_shapes': 1444, 'total_links': 390, 'num_tensors': 98}
2026-08-26 08:34:44,485 [INFO]     [2 | left | 1](candidate_pairs: 48/48 | new_swaps: 5 | total: 42) -> {'max_bond': 32, 'max_links': 4, 'total_elems': 17204, 'total_shapes': 1390, 'total_links': 390, 'num_tensors': 98}
2026-08-26 08:34:44,657 [INFO]     [2 | right | 0](candidate_pairs: 49/49 | new_swaps: 1 | total: 43) -> {'max_bond': 32, 'max_links': 4, 'total_elems': 17076, 'total_shapes': 1382, 'total_links': 390, 'num_tensors': 98}
2026-08-26 08:34:44,799 [INFO]     [2 | right | 1](candidate_pairs: 48/48 | new_swaps: 1 | total: 44) -> {'max_bond': 16, 'max_links': 4, 'total_elems': 15028, 'total_shapes': 1350, 'total_links': 390, 'num_tensors': 98}
2026-08-26 08:34:45,118 [INFO]     [3 | both | 0](candidate_pairs: 49/49 | new_swaps: 6 | total: 6) -> {'max_bond': 16, 'max_links': 4, 'total_elems': 12856, 'total_shapes': 1288, 'total_links': 390, 'num_tensors': 98}
2026-08-26 08:34:45,340 [INFO]     [3 | both | 1](candidate_pairs: 48/48 | new_swaps: 4 | total: 10) -> {'max_bond': 16, 'max_links': 4, 'total_elems': 11852, 'total_shapes': 1238, 'total_links': 390, 'num_tensors': 98}
2026-08-26 08:34:45,397 [INFO]     [3 | left | 0](candidate_pairs: 49/49 | new_swaps: 0 | total: 10) -> {'max_bond': 16, 'max_links': 4, 'total_elems': 11852, 'total_shapes': 1238, 'total_links': 390, 'num_tensors': 98}
2026-08-26 08:34:45,513 [INFO]     [3 | left | 1](candidate_pairs: 48/48 | new_swaps: 2 | total: 12) -> {'max_bond': 16, 'max_links': 4, 'total_elems': 11340, 'total_shapes': 1222, 'total_links': 390, 'num_tensors': 98}
2026-08-26 08:34:45,616 [INFO]     [3 | right | 0](candidate_pairs: 49/49 | new_swaps: 2 | total: 14) -> {'max_bond': 16, 'max_links': 4, 'total_elems': 10460, 'total_shapes': 1194, 'total_links': 390, 'num_tensors': 98}
2026-08-26 08:34:45,716 [INFO]     [3 | right | 1](candidate_pairs: 48/48 | new_swaps: 3 | total: 17) -> {'max_bond': 16, 'max_links': 4, 'total_elems': 9628, 'total_shapes': 1162, 'total_links': 390, 'num_tensors': 98}
2026-08-26 08:34:48,440 [INFO]     [4 | both | 0](candidate_pairs: 49/49 | new_swaps: 4 | total: 4) -> {'max_bond': 16, 'max_links': 4, 'total_elems': 8964, 'total_shapes': 1130, 'total_links': 390, 'num_tensors': 98}
2026-08-26 08:34:48,607 [INFO]     [4 | both | 1](candidate_pairs: 48/48 | new_swaps: 1 | total: 5) -> {'max_bond': 16, 'max_links': 4, 'total_elems': 8772, 'total_shapes': 1122, 'total_links': 390, 'num_tensors': 98}
2026-08-26 08:34:48,654 [INFO]     [4 | left | 0](candidate_pairs: 49/49 | new_swaps: 0 | total: 5) -> {'max_bond': 16, 'max_links': 4, 'total_elems': 8772, 'total_shapes': 1122, 'total_links': 390, 'num_tensors': 98}
2026-08-26 08:34:48,768 [INFO]     [4 | left | 1](candidate_pairs: 48/48 | new_swaps: 2 | total: 7) -> {'max_bond': 16, 'max_links': 4, 'total_elems': 8340, 'total_shapes': 1102, 'total_links': 390, 'num_tensors': 98}
2026-08-26 08:34:48,882 [INFO]     [4 | right | 0](candidate_pairs: 49/49 | new_swaps: 2 | total: 9) -> {'max_bond': 16, 'max_links': 4, 'total_elems': 8084, 'total_shapes': 1082, 'total_links': 390, 'num_tensors': 98}
2026-08-26 08:34:48,998 [INFO]     [4 | right | 1](candidate_pairs: 48/48 | new_swaps: 1 | total: 10) -> {'max_bond': 16, 'max_links': 4, 'total_elems': 8036, 'total_shapes': 1078, 'total_links': 390, 'num_tensors': 98}
2026-08-26 08:34:49,095 [INFO]     [5 | both | 0](candidate_pairs: 49/49 | new_swaps: 0 | total: 0) -> {'max_bond': 16, 'max_links': 4, 'total_elems': 8036, 'total_shapes': 1078, 'total_links': 390, 'num_tensors': 98}
2026-08-26 08:34:49,272 [INFO]     [5 | both | 1](candidate_pairs: 48/48 | new_swaps: 1 | total: 1) -> {'max_bond': 16, 'max_links': 4, 'total_elems': 7844, 'total_shapes': 1070, 'total_links': 390, 'num_tensors': 98}
2026-08-26 08:34:49,317 [INFO]     [5 | left | 0](candidate_pairs: 49/49 | new_swaps: 0 | total: 1) -> {'max_bond': 16, 'max_links': 4, 'total_elems': 7844, 'total_shapes': 1070, 'total_links': 390, 'num_tensors': 98}
2026-08-26 08:34:49,364 [INFO]     [5 | left | 1](candidate_pairs: 48/48 | new_swaps: 0 | total: 1) -> {'max_bond': 16, 'max_links': 4, 'total_elems': 7844, 'total_shapes': 1070, 'total_links': 390, 'num_tensors': 98}
2026-08-26 08:34:49,446 [INFO]     [5 | right | 0](candidate_pairs: 49/49 | new_swaps: 1 | total: 2) -> {'max_bond': 16, 'max_links': 4, 'total_elems': 7524, 'total_shapes': 1062, 'total_links': 390, 'num_tensors': 98}
2026-08-26 08:34:49,491 [INFO]     [5 | right | 1](candidate_pairs: 48/48 | new_swaps: 0 | total: 2) -> {'max_bond': 16, 'max_links': 4, 'total_elems': 7524, 'total_shapes': 1062, 'total_links': 390, 'num_tensors': 98}
2026-08-26 08:34:49,580 [INFO]     [6 | both | 0](candidate_pairs: 49/49 | new_swaps: 0 | total: 0) -> {'max_bond': 16, 'max_links': 4, 'total_elems': 7524, 'total_shapes': 1062, 'total_links': 390, 'num_tensors': 98}
2026-08-26 08:34:49,760 [INFO]     [6 | both | 1](candidate_pairs: 48/48 | new_swaps: 1 | total: 1) -> {'max_bond': 16, 'max_links': 4, 'total_elems': 6884, 'total_shapes': 1046, 'total_links': 390, 'num_tensors': 98}
2026-08-26 08:34:49,807 [INFO]     [6 | left | 0](candidate_pairs: 49/49 | new_swaps: 0 | total: 1) -> {'max_bond': 16, 'max_links': 4, 'total_elems': 6884, 'total_shapes': 1046, 'total_links': 390, 'num_tensors': 98}
2026-08-26 08:34:49,853 [INFO]     [6 | left | 1](candidate_pairs: 48/48 | new_swaps: 0 | total: 1) -> {'max_bond': 16, 'max_links': 4, 'total_elems': 6884, 'total_shapes': 1046, 'total_links': 390, 'num_tensors': 98}
2026-08-26 08:34:49,952 [INFO]     [6 | right | 0](candidate_pairs: 49/49 | new_swaps: 1 | total: 2) -> {'max_bond': 16, 'max_links': 4, 'total_elems': 6116, 'total_shapes': 1022, 'total_links': 390, 'num_tensors': 98}
2026-08-26 08:34:49,995 [INFO]     [6 | right | 1](candidate_pairs: 48/48 | new_swaps: 0 | total: 2) -> {'max_bond': 16, 'max_links': 4, 'total_elems': 6116, 'total_shapes': 1022, 'total_links': 390, 'num_tensors': 98}
2026-08-26 08:34:50,088 [INFO]     [7 | both | 0](candidate_pairs: 49/49 | new_swaps: 0 | total: 0) -> {'max_bond': 16, 'max_links': 4, 'total_elems': 6116, 'total_shapes': 1022, 'total_links': 390, 'num_tensors': 98}
2026-08-26 08:34:50,351 [INFO]     [7 | both | 1](candidate_pairs: 48/48 | new_swaps: 1 | total: 1) -> {'max_bond': 16, 'max_links': 4, 'total_elems': 5924, 'total_shapes': 1014, 'total_links': 390, 'num_tensors': 98}
2026-08-26 08:34:50,401 [INFO]     [7 | left | 0](candidate_pairs: 49/49 | new_swaps: 0 | total: 1) -> {'max_bond': 16, 'max_links': 4, 'total_elems': 5924, 'total_shapes': 1014, 'total_links': 390, 'num_tensors': 98}
2026-08-26 08:34:50,451 [INFO]     [7 | left | 1](candidate_pairs: 48/48 | new_swaps: 0 | total: 1) -> {'max_bond': 16, 'max_links': 4, 'total_elems': 5924, 'total_shapes': 1014, 'total_links': 390, 'num_tensors': 98}
2026-08-26 08:34:50,501 [INFO]     [7 | right | 0](candidate_pairs: 49/49 | new_swaps: 0 | total: 1) -> {'max_bond': 16, 'max_links': 4, 'total_elems': 5924, 'total_shapes': 1014, 'total_links': 390, 'num_tensors': 98}
2026-08-26 08:34:50,547 [INFO]     [7 | right | 1](candidate_pairs: 48/48 | new_swaps: 0 | total: 1) -> {'max_bond': 16, 'max_links': 4, 'total_elems': 5924, 'total_shapes': 1014, 'total_links': 390, 'num_tensors': 98}
2026-08-26 08:34:50,641 [INFO]     [8 | both | 0](candidate_pairs: 49/49 | new_swaps: 0 | total: 0) -> {'max_bond': 16, 'max_links': 4, 'total_elems': 5924, 'total_shapes': 1014, 'total_links': 390, 'num_tensors': 98}
2026-08-26 08:34:50,732 [INFO]     [8 | both | 1](candidate_pairs: 48/48 | new_swaps: 0 | total: 0) -> {'max_bond': 16, 'max_links': 4, 'total_elems': 5924, 'total_shapes': 1014, 'total_links': 390, 'num_tensors': 98}
2026-08-26 08:34:50,780 [INFO]     [8 | left | 0](candidate_pairs: 49/49 | new_swaps: 0 | total: 0) -> {'max_bond': 16, 'max_links': 4, 'total_elems': 5924, 'total_shapes': 1014, 'total_links': 390, 'num_tensors': 98}
2026-08-26 08:34:50,828 [INFO]     [8 | left | 1](candidate_pairs: 48/48 | new_swaps: 0 | total: 0) -> {'max_bond': 16, 'max_links': 4, 'total_elems': 5924, 'total_shapes': 1014, 'total_links': 390, 'num_tensors': 98}
2026-08-26 08:34:50,873 [INFO]     [8 | right | 0](candidate_pairs: 49/49 | new_swaps: 0 | total: 0) -> {'max_bond': 16, 'max_links': 4, 'total_elems': 5924, 'total_shapes': 1014, 'total_links': 390, 'num_tensors': 98}
2026-08-26 08:34:50,918 [INFO]     [8 | right | 1](candidate_pairs: 48/48 | new_swaps: 0 | total: 0) -> {'max_bond': 16, 'max_links': 4, 'total_elems': 5924, 'total_shapes': 1014, 'total_links': 390, 'num_tensors': 98}
2026-08-26 08:34:50,919 [INFO]     [end unswap] -> {'max_bond': 16, 'max_links': 4, 'total_elems': 5924, 'total_shapes': 1014, 'total_links': 390, 'num_tensors': 98}
2026-08-26 08:34:50,952 [INFO] [start rewire](phase=post_unswap, cycle=11, side=left, layers=2598, trials=20, seed=123, parallel=False, route_candidates=2, route_score=lookahead_total)
2026-08-26 08:34:59,943 [INFO] [end rewire](phase=post_unswap, cycle=11, side=left, routed_layers=2400, elapsed_s=8.99)
2026-08-26 08:34:59,944 [INFO] [start rewire](phase=post_unswap, cycle=11, side=right, layers=2257, trials=20, seed=123, parallel=False, route_candidates=2, route_score=lookahead_total)
2026-08-26 08:35:12,806 [INFO] [end rewire](phase=post_unswap, cycle=11, side=right, routed_layers=2211, elapsed_s=12.86)
2026-08-26 08:35:12,964 [INFO] [1L/2398](swap: 17, u: 0 | c_u: 0 | t_u_l: 25/992 | t_u_r: 11/992 | t_u: 36/1984) -> {'max_bond': 16, 'max_links': 4, 'total_elems': 5924, 'total_shapes': 1014, 'total_links': 390, 'num_tensors': 98}
2026-08-26 08:35:13,096 [INFO] [2L/2398](swap: 17, u: 1 | c_u: 1 | t_u_l: 26/992 | t_u_r: 11/992 | t_u: 37/1984) -> {'max_bond': 16, 'max_links': 4, 'total_elems': 8496, 'total_shapes': 1182, 'total_links': 390, 'num_tensors': 98}
2026-08-26 08:35:13,220 [INFO] [1R/2209](swap: 20, u: 0 | c_u: 1 | t_u_l: 26/992 | t_u_r: 11/992 | t_u: 37/1984) -> {'max_bond': 16, 'max_links': 4, 'total_elems': 12320, 'total_shapes': 1362, 'total_links': 390, 'num_tensors': 98}
2026-08-26 08:35:13,345 [INFO] [3L/2398](swap: 20, u: 0 | c_u: 1 | t_u_l: 26/992 | t_u_r: 11/992 | t_u: 37/1984) -> {'max_bond': 16, 'max_links': 4, 'total_elems': 17172, 'total_shapes': 1546, 'total_links': 390, 'num_tensors': 98}
2026-08-26 08:35:13,473 [INFO] [2R/2209](swap: 22, u: 0 | c_u: 1 | t_u_l: 26/992 | t_u_r: 11/992 | t_u: 37/1984) -> {'max_bond': 16, 'max_links': 4, 'total_elems': 26240, 'total_shapes': 1848, 'total_links': 390, 'num_tensors': 98}
2026-08-26 08:35:13,608 [INFO] [4L/2398](swap: 19, u: 0 | c_u: 1 | t_u_l: 26/992 | t_u_r: 11/992 | t_u: 37/1984) -> {'max_bond': 32, 'max_links': 4, 'total_elems': 40576, 'total_shapes': 2172, 'total_links': 390, 'num_tensors': 98}
2026-08-26 08:35:13,782 [INFO] [5L/2398](swap: 18, u: 2 | c_u: 3 | t_u_l: 28/992 | t_u_r: 11/992 | t_u: 39/1984) -> {'max_bond': 64, 'max_links': 4, 'total_elems': 65072, 'total_shapes': 2592, 'total_links': 390, 'num_tensors': 98}
2026-08-26 08:35:13,956 [INFO] [6L/2398](swap: 19, u: 0 | c_u: 3 | t_u_l: 28/992 | t_u_r: 11/992 | t_u: 39/1984) -> {'max_bond': 64, 'max_links': 4, 'total_elems': 102896, 'total_shapes': 3140, 'total_links': 390, 'num_tensors': 98}
2026-08-26 08:35:14,182 [INFO] [7L/2398](swap: 15, u: 0 | c_u: 3 | t_u_l: 28/992 | t_u_r: 11/992 | t_u: 39/1984) -> {'max_bond': 64, 'max_links': 4, 'total_elems': 177584, 'total_shapes': 3868, 'total_links': 390, 'num_tensors': 98}
2026-08-26 08:35:14,452 [INFO] [8L/2398](swap: 13, u: 0 | c_u: 3 | t_u_l: 28/992 | t_u_r: 11/992 | t_u: 39/1984) -> {'max_bond': 64, 'max_links': 4, 'total_elems': 236920, 'total_shapes': 4568, 'total_links': 390, 'num_tensors': 98}
2026-08-26 08:35:14,781 [INFO] [9L/2398](swap: 14, u: 0 | c_u: 3 | t_u_l: 28/992 | t_u_r: 11/992 | t_u: 39/1984) -> {'max_bond': 64, 'max_links': 4, 'total_elems': 339256, 'total_shapes': 5328, 'total_links': 390, 'num_tensors': 98}
2026-08-26 08:35:15,326 [INFO] [3R/2209](swap: 20, u: 0 | c_u: 3 | t_u_l: 28/992 | t_u_r: 11/992 | t_u: 39/1984) -> {'max_bond': 128, 'max_links': 4, 'total_elems': 507252, 'total_shapes': 6310, 'total_links': 390, 'num_tensors': 98}
2026-08-26 08:35:16,334 [INFO] [4R/2209](swap: 20, u: 0 | c_u: 3 | t_u_l: 28/992 | t_u_r: 11/992 | t_u: 39/1984) -> {'max_bond': 256, 'max_links': 4, 'total_elems': 828912, 'total_shapes': 7780, 'total_links': 390, 'num_tensors': 98}
2026-08-26 08:35:18,052 [INFO]     [start unswap] -> {'max_bond': 256, 'max_links': 4, 'total_elems': 828912, 'total_shapes': 7780, 'total_links': 390, 'num_tensors': 98}
2026-08-26 08:35:26,748 [INFO]     [0 | both | 0](candidate_pairs: 49/49 | new_swaps: 10 | total: 10) -> {'max_bond': 256, 'max_links': 4, 'total_elems': 1136944, 'total_shapes': 8404, 'total_links': 390, 'num_tensors': 98}
2026-08-26 08:35:35,602 [INFO]     [0 | both | 1](candidate_pairs: 48/48 | new_swaps: 14 | total: 24) -> {'max_bond': 256, 'max_links': 4, 'total_elems': 493040, 'total_shapes': 6020, 'total_links': 390, 'num_tensors': 98}
2026-08-26 08:35:36,671 [INFO]     [0 | left | 0](candidate_pairs: 49/49 | new_swaps: 24 | total: 48) -> {'max_bond': 64, 'max_links': 4, 'total_elems': 230080, 'total_shapes': 4268, 'total_links': 390, 'num_tensors': 98}
2026-08-26 08:35:37,167 [INFO]     [0 | left | 1](candidate_pairs: 48/48 | new_swaps: 20 | total: 68) -> {'max_bond': 64, 'max_links': 4, 'total_elems': 143712, 'total_shapes': 3478, 'total_links': 390, 'num_tensors': 98}
2026-08-26 08:35:37,427 [INFO]     [0 | right | 0](candidate_pairs: 49/49 | new_swaps: 7 | total: 75) -> {'max_bond': 64, 'max_links': 4, 'total_elems': 122944, 'total_shapes': 3178, 'total_links': 390, 'num_tensors': 98}
2026-08-26 08:35:37,678 [INFO]     [0 | right | 1](candidate_pairs: 48/48 | new_swaps: 9 | total: 84) -> {'max_bond': 64, 'max_links': 4, 'total_elems': 94744, 'total_shapes': 2946, 'total_links': 390, 'num_tensors': 98}
2026-08-26 08:35:38,086 [INFO]     [1 | both | 0](candidate_pairs: 49/49 | new_swaps: 17 | total: 17) -> {'max_bond': 32, 'max_links': 4, 'total_elems': 66780, 'total_shapes': 2532, 'total_links': 390, 'num_tensors': 98}
2026-08-26 08:35:38,401 [INFO]     [1 | both | 1](candidate_pairs: 48/48 | new_swaps: 20 | total: 37) -> {'max_bond': 32, 'max_links': 4, 'total_elems': 42020, 'total_shapes': 2088, 'total_links': 390, 'num_tensors': 98}
2026-08-26 08:35:38,535 [INFO]     [1 | left | 0](candidate_pairs: 49/49 | new_swaps: 13 | total: 50) -> {'max_bond': 16, 'max_links': 4, 'total_elems': 31160, 'total_shapes': 1822, 'total_links': 390, 'num_tensors': 98}
2026-08-26 08:35:38,664 [INFO]     [1 | left | 1](candidate_pairs: 48/48 | new_swaps: 6 | total: 56) -> {'max_bond': 16, 'max_links': 4, 'total_elems': 27964, 'total_shapes': 1748, 'total_links': 390, 'num_tensors': 98}
2026-08-26 08:35:38,784 [INFO]     [1 | right | 0](candidate_pairs: 49/49 | new_swaps: 7 | total: 63) -> {'max_bond': 16, 'max_links': 4, 'total_elems': 24404, 'total_shapes': 1662, 'total_links': 390, 'num_tensors': 98}
2026-08-26 08:35:38,900 [INFO]     [1 | right | 1](candidate_pairs: 48/48 | new_swaps: 5 | total: 68) -> {'max_bond': 16, 'max_links': 4, 'total_elems': 22628, 'total_shapes': 1610, 'total_links': 390, 'num_tensors': 98}
2026-08-26 08:35:39,121 [INFO]     [2 | both | 0](candidate_pairs: 49/49 | new_swaps: 14 | total: 14) -> {'max_bond': 16, 'max_links': 4, 'total_elems': 17620, 'total_shapes': 1462, 'total_links': 390, 'num_tensors': 98}
2026-08-26 08:35:39,325 [INFO]     [2 | both | 1](candidate_pairs: 48/48 | new_swaps: 12 | total: 26) -> {'max_bond': 16, 'max_links': 4, 'total_elems': 13272, 'total_shapes': 1328, 'total_links': 390, 'num_tensors': 98}
2026-08-26 08:35:39,432 [INFO]     [2 | left | 0](candidate_pairs: 49/49 | new_swaps: 4 | total: 30) -> {'max_bond': 16, 'max_links': 4, 'total_elems': 11984, 'total_shapes': 1272, 'total_links': 390, 'num_tensors': 98}
2026-08-26 08:35:39,539 [INFO]     [2 | left | 1](candidate_pairs: 48/48 | new_swaps: 5 | total: 35) -> {'max_bond': 16, 'max_links': 4, 'total_elems': 10748, 'total_shapes': 1230, 'total_links': 390, 'num_tensors': 98}
2026-08-26 08:35:39,621 [INFO]     [2 | right | 0](candidate_pairs: 49/49 | new_swaps: 1 | total: 36) -> {'max_bond': 16, 'max_links': 4, 'total_elems': 10364, 'total_shapes': 1214, 'total_links': 390, 'num_tensors': 98}
2026-08-26 08:35:39,722 [INFO]     [2 | right | 1](candidate_pairs: 48/48 | new_swaps: 2 | total: 38) -> {'max_bond': 16, 'max_links': 4, 'total_elems': 10076, 'total_shapes': 1202, 'total_links': 390, 'num_tensors': 98}
2026-08-26 08:35:39,908 [INFO]     [3 | both | 0](candidate_pairs: 49/49 | new_swaps: 6 | total: 6) -> {'max_bond': 16, 'max_links': 4, 'total_elems': 8672, 'total_shapes': 1156, 'total_links': 390, 'num_tensors': 98}
2026-08-26 08:35:40,090 [INFO]     [3 | both | 1](candidate_pairs: 48/48 | new_swaps: 3 | total: 9) -> {'max_bond': 16, 'max_links': 4, 'total_elems': 7920, 'total_shapes': 1128, 'total_links': 390, 'num_tensors': 98}
2026-08-26 08:35:40,191 [INFO]     [3 | left | 0](candidate_pairs: 49/49 | new_swaps: 2 | total: 11) -> {'max_bond': 16, 'max_links': 4, 'total_elems': 7584, 'total_shapes': 1112, 'total_links': 390, 'num_tensors': 98}
2026-08-26 08:35:40,291 [INFO]     [3 | left | 1](candidate_pairs: 48/48 | new_swaps: 2 | total: 13) -> {'max_bond': 16, 'max_links': 4, 'total_elems': 7312, 'total_shapes': 1092, 'total_links': 390, 'num_tensors': 98}
2026-08-26 08:35:40,334 [INFO]     [3 | right | 0](candidate_pairs: 49/49 | new_swaps: 0 | total: 13) -> {'max_bond': 16, 'max_links': 4, 'total_elems': 7312, 'total_shapes': 1092, 'total_links': 390, 'num_tensors': 98}
2026-08-26 08:35:40,378 [INFO]     [3 | right | 1](candidate_pairs: 48/48 | new_swaps: 0 | total: 13) -> {'max_bond': 16, 'max_links': 4, 'total_elems': 7312, 'total_shapes': 1092, 'total_links': 390, 'num_tensors': 98}
2026-08-26 08:35:40,562 [INFO]     [4 | both | 0](candidate_pairs: 49/49 | new_swaps: 4 | total: 4) -> {'max_bond': 16, 'max_links': 4, 'total_elems': 7156, 'total_shapes': 1078, 'total_links': 390, 'num_tensors': 98}
2026-08-26 08:35:40,743 [INFO]     [4 | both | 1](candidate_pairs: 48/48 | new_swaps: 2 | total: 6) -> {'max_bond': 16, 'max_links': 4, 'total_elems': 7096, 'total_shapes': 1072, 'total_links': 390, 'num_tensors': 98}
2026-08-26 08:35:40,788 [INFO]     [4 | left | 0](candidate_pairs: 49/49 | new_swaps: 0 | total: 6) -> {'max_bond': 16, 'max_links': 4, 'total_elems': 7096, 'total_shapes': 1072, 'total_links': 390, 'num_tensors': 98}
2026-08-26 08:35:40,832 [INFO]     [4 | left | 1](candidate_pairs: 48/48 | new_swaps: 0 | total: 6) -> {'max_bond': 16, 'max_links': 4, 'total_elems': 7096, 'total_shapes': 1072, 'total_links': 390, 'num_tensors': 98}
2026-08-26 08:35:40,876 [INFO]     [4 | right | 0](candidate_pairs: 49/49 | new_swaps: 0 | total: 6) -> {'max_bond': 16, 'max_links': 4, 'total_elems': 7096, 'total_shapes': 1072, 'total_links': 390, 'num_tensors': 98}
2026-08-26 08:35:40,919 [INFO]     [4 | right | 1](candidate_pairs: 48/48 | new_swaps: 0 | total: 6) -> {'max_bond': 16, 'max_links': 4, 'total_elems': 7096, 'total_shapes': 1072, 'total_links': 390, 'num_tensors': 98}
2026-08-26 08:35:41,081 [INFO]     [5 | both | 0](candidate_pairs: 49/49 | new_swaps: 1 | total: 1) -> {'max_bond': 16, 'max_links': 4, 'total_elems': 7048, 'total_shapes': 1068, 'total_links': 390, 'num_tensors': 98}
2026-08-26 08:35:41,168 [INFO]     [5 | both | 1](candidate_pairs: 48/48 | new_swaps: 0 | total: 1) -> {'max_bond': 16, 'max_links': 4, 'total_elems': 7048, 'total_shapes': 1068, 'total_links': 390, 'num_tensors': 98}
2026-08-26 08:35:41,214 [INFO]     [5 | left | 0](candidate_pairs: 49/49 | new_swaps: 0 | total: 1) -> {'max_bond': 16, 'max_links': 4, 'total_elems': 7048, 'total_shapes': 1068, 'total_links': 390, 'num_tensors': 98}
2026-08-26 08:35:41,261 [INFO]     [5 | left | 1](candidate_pairs: 48/48 | new_swaps: 0 | total: 1) -> {'max_bond': 16, 'max_links': 4, 'total_elems': 7048, 'total_shapes': 1068, 'total_links': 390, 'num_tensors': 98}
2026-08-26 08:35:41,303 [INFO]     [5 | right | 0](candidate_pairs: 49/49 | new_swaps: 0 | total: 1) -> {'max_bond': 16, 'max_links': 4, 'total_elems': 7048, 'total_shapes': 1068, 'total_links': 390, 'num_tensors': 98}
2026-08-26 08:35:41,348 [INFO]     [5 | right | 1](candidate_pairs: 48/48 | new_swaps: 0 | total: 1) -> {'max_bond': 16, 'max_links': 4, 'total_elems': 7048, 'total_shapes': 1068, 'total_links': 390, 'num_tensors': 98}
2026-08-26 08:35:41,462 [INFO]     [6 | both | 0](candidate_pairs: 49/49 | new_swaps: 0 | total: 0) -> {'max_bond': 16, 'max_links': 4, 'total_elems': 7048, 'total_shapes': 1068, 'total_links': 390, 'num_tensors': 98}
2026-08-26 08:35:41,573 [INFO]     [6 | both | 1](candidate_pairs: 48/48 | new_swaps: 0 | total: 0) -> {'max_bond': 16, 'max_links': 4, 'total_elems': 7048, 'total_shapes': 1068, 'total_links': 390, 'num_tensors': 98}
2026-08-26 08:35:41,617 [INFO]     [6 | left | 0](candidate_pairs: 49/49 | new_swaps: 0 | total: 0) -> {'max_bond': 16, 'max_links': 4, 'total_elems': 7048, 'total_shapes': 1068, 'total_links': 390, 'num_tensors': 98}
2026-08-26 08:35:41,661 [INFO]     [6 | left | 1](candidate_pairs: 48/48 | new_swaps: 0 | total: 0) -> {'max_bond': 16, 'max_links': 4, 'total_elems': 7048, 'total_shapes': 1068, 'total_links': 390, 'num_tensors': 98}
2026-08-26 08:35:41,704 [INFO]     [6 | right | 0](candidate_pairs: 49/49 | new_swaps: 0 | total: 0) -> {'max_bond': 16, 'max_links': 4, 'total_elems': 7048, 'total_shapes': 1068, 'total_links': 390, 'num_tensors': 98}
2026-08-26 08:35:41,747 [INFO]     [6 | right | 1](candidate_pairs: 48/48 | new_swaps: 0 | total: 0) -> {'max_bond': 16, 'max_links': 4, 'total_elems': 7048, 'total_shapes': 1068, 'total_links': 390, 'num_tensors': 98}
2026-08-26 08:35:41,748 [INFO]     [end unswap] -> {'max_bond': 16, 'max_links': 4, 'total_elems': 7048, 'total_shapes': 1068, 'total_links': 390, 'num_tensors': 98}
2026-08-26 08:35:41,785 [INFO] [start rewire](phase=post_unswap, cycle=12, side=left, layers=2391, trials=20, seed=123, parallel=False, route_candidates=2, route_score=lookahead_total)
2026-08-26 08:35:54,757 [INFO] [end rewire](phase=post_unswap, cycle=12, side=left, routed_layers=2508, elapsed_s=12.97)
2026-08-26 08:35:54,757 [INFO] [start rewire](phase=post_unswap, cycle=12, side=right, layers=2207, trials=20, seed=123, parallel=False, route_candidates=2, route_score=lookahead_total)
2026-08-26 08:36:05,944 [INFO] [end rewire](phase=post_unswap, cycle=12, side=right, routed_layers=2158, elapsed_s=11.19)
2026-08-26 08:36:06,100 [INFO] [1L/2506](swap: 17, u: 0 | c_u: 0 | t_u_l: 28/992 | t_u_r: 11/992 | t_u: 39/1984) -> {'max_bond': 16, 'max_links': 4, 'total_elems': 7048, 'total_shapes': 1068, 'total_links': 390, 'num_tensors': 98}
2026-08-26 08:36:06,216 [INFO] [2L/2506](swap: 20, u: 0 | c_u: 0 | t_u_l: 28/992 | t_u_r: 11/992 | t_u: 39/1984) -> {'max_bond': 16, 'max_links': 4, 'total_elems': 9896, 'total_shapes': 1246, 'total_links': 390, 'num_tensors': 98}
2026-08-26 08:36:06,336 [INFO] [1R/2156](swap: 18, u: 0 | c_u: 0 | t_u_l: 28/992 | t_u_r: 11/992 | t_u: 39/1984) -> {'max_bond': 16, 'max_links': 4, 'total_elems': 12360, 'total_shapes': 1366, 'total_links': 390, 'num_tensors': 98}
2026-08-26 08:36:06,456 [INFO] [2R/2156](swap: 19, u: 0 | c_u: 0 | t_u_l: 28/992 | t_u_r: 11/992 | t_u: 39/1984) -> {'max_bond': 16, 'max_links': 4, 'total_elems': 19460, 'total_shapes': 1594, 'total_links': 390, 'num_tensors': 98}
2026-08-26 08:36:06,590 [INFO] [3R/2156](swap: 20, u: 0 | c_u: 0 | t_u_l: 28/992 | t_u_r: 11/992 | t_u: 39/1984) -> {'max_bond': 32, 'max_links': 4, 'total_elems': 28924, 'total_shapes': 1886, 'total_links': 390, 'num_tensors': 98}
2026-08-26 08:36:06,739 [INFO] [3L/2506](swap: 23, u: 0 | c_u: 0 | t_u_l: 28/992 | t_u_r: 11/992 | t_u: 39/1984) -> {'max_bond': 64, 'max_links': 4, 'total_elems': 49760, 'total_shapes': 2330, 'total_links': 390, 'num_tensors': 98}
2026-08-26 08:36:06,905 [INFO] [4R/2156](swap: 20, u: 0 | c_u: 0 | t_u_l: 28/992 | t_u_r: 11/992 | t_u: 39/1984) -> {'max_bond': 64, 'max_links': 4, 'total_elems': 88504, 'total_shapes': 2854, 'total_links': 390, 'num_tensors': 98}
2026-08-26 08:36:07,147 [INFO] [5R/2156](swap: 16, u: 1 | c_u: 1 | t_u_l: 28/992 | t_u_r: 12/992 | t_u: 40/1984) -> {'max_bond': 128, 'max_links': 4, 'total_elems': 169848, 'total_shapes': 3530, 'total_links': 390, 'num_tensors': 98}
2026-08-26 08:36:07,515 [INFO] [4L/2506](swap: 19, u: 0 | c_u: 1 | t_u_l: 28/992 | t_u_r: 12/992 | t_u: 40/1984) -> {'max_bond': 128, 'max_links': 4, 'total_elems': 286980, 'total_shapes': 4352, 'total_links': 390, 'num_tensors': 98}
2026-08-26 08:36:08,178 [INFO] [6R/2156](swap: 16, u: 0 | c_u: 1 | t_u_l: 28/992 | t_u_r: 12/992 | t_u: 40/1984) -> {'max_bond': 128, 'max_links': 4, 'total_elems': 464132, 'total_shapes': 5184, 'total_links': 390, 'num_tensors': 98}
2026-08-26 08:36:09,200 [INFO] [7R/2156](swap: 10, u: 3 | c_u: 4 | t_u_l: 28/992 | t_u_r: 15/992 | t_u: 43/1984) -> {'max_bond': 256, 'max_links': 4, 'total_elems': 633492, 'total_shapes': 5780, 'total_links': 390, 'num_tensors': 98}
2026-08-26 08:36:11,511 [INFO] [8R/2156](swap: 13, u: 1 | c_u: 5 | t_u_l: 28/992 | t_u_r: 16/992 | t_u: 44/1984) -> {'max_bond': 256, 'max_links': 4, 'total_elems': 951572, 'total_shapes': 6736, 'total_links': 390, 'num_tensors': 98}
2026-08-26 08:36:14,774 [INFO]     [start unswap] -> {'max_bond': 256, 'max_links': 4, 'total_elems': 951572, 'total_shapes': 6736, 'total_links': 390, 'num_tensors': 98}
2026-08-26 08:36:55,077 [INFO]     [0 | both | 0](candidate_pairs: 49/49 | new_swaps: 11 | total: 11) -> {'max_bond': 256, 'max_links': 4, 'total_elems': 1233268, 'total_shapes': 6920, 'total_links': 390, 'num_tensors': 98}
2026-08-26 08:37:05,646 [INFO]     [0 | both | 1](candidate_pairs: 48/48 | new_swaps: 18 | total: 29) -> {'max_bond': 256, 'max_links': 4, 'total_elems': 565412, 'total_shapes': 5036, 'total_links': 390, 'num_tensors': 98}
2026-08-26 08:37:07,450 [INFO]     [0 | left | 0](candidate_pairs: 49/49 | new_swaps: 14 | total: 43) -> {'max_bond': 128, 'max_links': 4, 'total_elems': 292504, 'total_shapes': 3974, 'total_links': 390, 'num_tensors': 98}
2026-08-26 08:37:08,592 [INFO]     [0 | left | 1](candidate_pairs: 48/48 | new_swaps: 21 | total: 64) -> {'max_bond': 128, 'max_links': 4, 'total_elems': 149628, 'total_shapes': 3084, 'total_links': 390, 'num_tensors': 98}
2026-08-26 08:37:08,892 [INFO]     [0 | right | 0](candidate_pairs: 49/49 | new_swaps: 11 | total: 75) -> {'max_bond': 64, 'max_links': 4, 'total_elems': 96868, 'total_shapes': 2646, 'total_links': 390, 'num_tensors': 98}
2026-08-26 08:37:09,128 [INFO]     [0 | right | 1](candidate_pairs: 48/48 | new_swaps: 8 | total: 83) -> {'max_bond': 64, 'max_links': 4, 'total_elems': 71416, 'total_shapes': 2436, 'total_links': 390, 'num_tensors': 98}
2026-08-26 08:37:09,483 [INFO]     [1 | both | 0](candidate_pairs: 49/49 | new_swaps: 12 | total: 12) -> {'max_bond': 32, 'max_links': 4, 'total_elems': 57296, 'total_shapes': 2156, 'total_links': 390, 'num_tensors': 98}
2026-08-26 08:37:09,812 [INFO]     [1 | both | 1](candidate_pairs: 48/48 | new_swaps: 12 | total: 24) -> {'max_bond': 32, 'max_links': 4, 'total_elems': 40164, 'total_shapes': 1890, 'total_links': 390, 'num_tensors': 98}
2026-08-26 08:37:09,956 [INFO]     [1 | left | 0](candidate_pairs: 49/49 | new_swaps: 9 | total: 33) -> {'max_bond': 32, 'max_links': 4, 'total_elems': 27532, 'total_shapes': 1658, 'total_links': 390, 'num_tensors': 98}
2026-08-26 08:37:10,077 [INFO]     [1 | left | 1](candidate_pairs: 48/48 | new_swaps: 8 | total: 41) -> {'max_bond': 32, 'max_links': 4, 'total_elems': 25084, 'total_shapes': 1578, 'total_links': 390, 'num_tensors': 98}
2026-08-26 08:37:10,193 [INFO]     [1 | right | 0](candidate_pairs: 49/49 | new_swaps: 2 | total: 43) -> {'max_bond': 32, 'max_links': 4, 'total_elems': 23740, 'total_shapes': 1538, 'total_links': 390, 'num_tensors': 98}
2026-08-26 08:37:10,305 [INFO]     [1 | right | 1](candidate_pairs: 48/48 | new_swaps: 4 | total: 47) -> {'max_bond': 32, 'max_links': 4, 'total_elems': 23204, 'total_shapes': 1514, 'total_links': 390, 'num_tensors': 98}
2026-08-26 08:37:10,542 [INFO]     [2 | both | 0](candidate_pairs: 49/49 | new_swaps: 10 | total: 10) -> {'max_bond': 32, 'max_links': 4, 'total_elems': 20608, 'total_shapes': 1424, 'total_links': 390, 'num_tensors': 98}
2026-08-26 08:37:10,749 [INFO]     [2 | both | 1](candidate_pairs: 48/48 | new_swaps: 11 | total: 21) -> {'max_bond': 32, 'max_links': 4, 'total_elems': 11428, 'total_shapes': 1258, 'total_links': 390, 'num_tensors': 98}
2026-08-26 08:37:10,853 [INFO]     [2 | left | 0](candidate_pairs: 49/49 | new_swaps: 4 | total: 25) -> {'max_bond': 16, 'max_links': 4, 'total_elems': 9668, 'total_shapes': 1194, 'total_links': 390, 'num_tensors': 98}
2026-08-26 08:37:10,898 [INFO]     [2 | left | 1](candidate_pairs: 48/48 | new_swaps: 0 | total: 25) -> {'max_bond': 16, 'max_links': 4, 'total_elems': 9668, 'total_shapes': 1194, 'total_links': 390, 'num_tensors': 98}
2026-08-26 08:37:10,981 [INFO]     [2 | right | 0](candidate_pairs: 49/49 | new_swaps: 1 | total: 26) -> {'max_bond': 16, 'max_links': 4, 'total_elems': 9476, 'total_shapes': 1186, 'total_links': 390, 'num_tensors': 98}
2026-08-26 08:37:11,025 [INFO]     [2 | right | 1](candidate_pairs: 48/48 | new_swaps: 0 | total: 26) -> {'max_bond': 16, 'max_links': 4, 'total_elems': 9476, 'total_shapes': 1186, 'total_links': 390, 'num_tensors': 98}
2026-08-26 08:37:11,214 [INFO]     [3 | both | 0](candidate_pairs: 49/49 | new_swaps: 6 | total: 6) -> {'max_bond': 16, 'max_links': 4, 'total_elems': 8924, 'total_shapes': 1154, 'total_links': 390, 'num_tensors': 98}
2026-08-26 08:37:11,392 [INFO]     [3 | both | 1](candidate_pairs: 48/48 | new_swaps: 4 | total: 10) -> {'max_bond': 16, 'max_links': 4, 'total_elems': 8576, 'total_shapes': 1132, 'total_links': 390, 'num_tensors': 98}
2026-08-26 08:37:11,438 [INFO]     [3 | left | 0](candidate_pairs: 49/49 | new_swaps: 0 | total: 10) -> {'max_bond': 16, 'max_links': 4, 'total_elems': 8576, 'total_shapes': 1132, 'total_links': 390, 'num_tensors': 98}
2026-08-26 08:37:11,540 [INFO]     [3 | left | 1](candidate_pairs: 48/48 | new_swaps: 2 | total: 12) -> {'max_bond': 16, 'max_links': 4, 'total_elems': 8400, 'total_shapes': 1120, 'total_links': 390, 'num_tensors': 98}
2026-08-26 08:37:11,585 [INFO]     [3 | right | 0](candidate_pairs: 49/49 | new_swaps: 0 | total: 12) -> {'max_bond': 16, 'max_links': 4, 'total_elems': 8400, 'total_shapes': 1120, 'total_links': 390, 'num_tensors': 98}
2026-08-26 08:37:11,628 [INFO]     [3 | right | 1](candidate_pairs: 48/48 | new_swaps: 0 | total: 12) -> {'max_bond': 16, 'max_links': 4, 'total_elems': 8400, 'total_shapes': 1120, 'total_links': 390, 'num_tensors': 98}
2026-08-26 08:37:11,807 [INFO]     [4 | both | 0](candidate_pairs: 49/49 | new_swaps: 3 | total: 3) -> {'max_bond': 16, 'max_links': 4, 'total_elems': 8064, 'total_shapes': 1100, 'total_links': 390, 'num_tensors': 98}
2026-08-26 08:37:11,981 [INFO]     [4 | both | 1](candidate_pairs: 48/48 | new_swaps: 2 | total: 5) -> {'max_bond': 16, 'max_links': 4, 'total_elems': 7776, 'total_shapes': 1084, 'total_links': 390, 'num_tensors': 98}
2026-08-26 08:37:12,081 [INFO]     [4 | left | 0](candidate_pairs: 49/49 | new_swaps: 2 | total: 7) -> {'max_bond': 16, 'max_links': 4, 'total_elems': 7616, 'total_shapes': 1072, 'total_links': 390, 'num_tensors': 98}
2026-08-26 08:37:12,124 [INFO]     [4 | left | 1](candidate_pairs: 48/48 | new_swaps: 0 | total: 7) -> {'max_bond': 16, 'max_links': 4, 'total_elems': 7616, 'total_shapes': 1072, 'total_links': 390, 'num_tensors': 98}
2026-08-26 08:37:12,168 [INFO]     [4 | right | 0](candidate_pairs: 49/49 | new_swaps: 0 | total: 7) -> {'max_bond': 16, 'max_links': 4, 'total_elems': 7616, 'total_shapes': 1072, 'total_links': 390, 'num_tensors': 98}
2026-08-26 08:37:12,211 [INFO]     [4 | right | 1](candidate_pairs: 48/48 | new_swaps: 0 | total: 7) -> {'max_bond': 16, 'max_links': 4, 'total_elems': 7616, 'total_shapes': 1072, 'total_links': 390, 'num_tensors': 98}
2026-08-26 08:37:12,391 [INFO]     [5 | both | 0](candidate_pairs: 49/49 | new_swaps: 1 | total: 1) -> {'max_bond': 16, 'max_links': 4, 'total_elems': 7568, 'total_shapes': 1068, 'total_links': 390, 'num_tensors': 98}
2026-08-26 08:37:12,566 [INFO]     [5 | both | 1](candidate_pairs: 48/48 | new_swaps: 2 | total: 3) -> {'max_bond': 16, 'max_links': 4, 'total_elems': 7472, 'total_shapes': 1058, 'total_links': 390, 'num_tensors': 98}
2026-08-26 08:37:12,611 [INFO]     [5 | left | 0](candidate_pairs: 49/49 | new_swaps: 0 | total: 3) -> {'max_bond': 16, 'max_links': 4, 'total_elems': 7472, 'total_shapes': 1058, 'total_links': 390, 'num_tensors': 98}
2026-08-26 08:37:12,656 [INFO]     [5 | left | 1](candidate_pairs: 48/48 | new_swaps: 0 | total: 3) -> {'max_bond': 16, 'max_links': 4, 'total_elems': 7472, 'total_shapes': 1058, 'total_links': 390, 'num_tensors': 98}
2026-08-26 08:37:12,700 [INFO]     [5 | right | 0](candidate_pairs: 49/49 | new_swaps: 0 | total: 3) -> {'max_bond': 16, 'max_links': 4, 'total_elems': 7472, 'total_shapes': 1058, 'total_links': 390, 'num_tensors': 98}
2026-08-26 08:37:12,742 [INFO]     [5 | right | 1](candidate_pairs: 48/48 | new_swaps: 0 | total: 3) -> {'max_bond': 16, 'max_links': 4, 'total_elems': 7472, 'total_shapes': 1058, 'total_links': 390, 'num_tensors': 98}
2026-08-26 08:37:12,905 [INFO]     [6 | both | 0](candidate_pairs: 49/49 | new_swaps: 1 | total: 1) -> {'max_bond': 16, 'max_links': 4, 'total_elems': 7424, 'total_shapes': 1054, 'total_links': 390, 'num_tensors': 98}
2026-08-26 08:37:12,989 [INFO]     [6 | both | 1](candidate_pairs: 48/48 | new_swaps: 0 | total: 1) -> {'max_bond': 16, 'max_links': 4, 'total_elems': 7424, 'total_shapes': 1054, 'total_links': 390, 'num_tensors': 98}
2026-08-26 08:37:13,035 [INFO]     [6 | left | 0](candidate_pairs: 49/49 | new_swaps: 0 | total: 1) -> {'max_bond': 16, 'max_links': 4, 'total_elems': 7424, 'total_shapes': 1054, 'total_links': 390, 'num_tensors': 98}
2026-08-26 08:37:13,078 [INFO]     [6 | left | 1](candidate_pairs: 48/48 | new_swaps: 0 | total: 1) -> {'max_bond': 16, 'max_links': 4, 'total_elems': 7424, 'total_shapes': 1054, 'total_links': 390, 'num_tensors': 98}
2026-08-26 08:37:13,122 [INFO]     [6 | right | 0](candidate_pairs: 49/49 | new_swaps: 0 | total: 1) -> {'max_bond': 16, 'max_links': 4, 'total_elems': 7424, 'total_shapes': 1054, 'total_links': 390, 'num_tensors': 98}
2026-08-26 08:37:13,164 [INFO]     [6 | right | 1](candidate_pairs: 48/48 | new_swaps: 0 | total: 1) -> {'max_bond': 16, 'max_links': 4, 'total_elems': 7424, 'total_shapes': 1054, 'total_links': 390, 'num_tensors': 98}
2026-08-26 08:37:13,252 [INFO]     [7 | both | 0](candidate_pairs: 49/49 | new_swaps: 0 | total: 0) -> {'max_bond': 16, 'max_links': 4, 'total_elems': 7424, 'total_shapes': 1054, 'total_links': 390, 'num_tensors': 98}
2026-08-26 08:37:13,336 [INFO]     [7 | both | 1](candidate_pairs: 48/48 | new_swaps: 0 | total: 0) -> {'max_bond': 16, 'max_links': 4, 'total_elems': 7424, 'total_shapes': 1054, 'total_links': 390, 'num_tensors': 98}
2026-08-26 08:37:13,381 [INFO]     [7 | left | 0](candidate_pairs: 49/49 | new_swaps: 0 | total: 0) -> {'max_bond': 16, 'max_links': 4, 'total_elems': 7424, 'total_shapes': 1054, 'total_links': 390, 'num_tensors': 98}
2026-08-26 08:37:13,425 [INFO]     [7 | left | 1](candidate_pairs: 48/48 | new_swaps: 0 | total: 0) -> {'max_bond': 16, 'max_links': 4, 'total_elems': 7424, 'total_shapes': 1054, 'total_links': 390, 'num_tensors': 98}
2026-08-26 08:37:13,468 [INFO]     [7 | right | 0](candidate_pairs: 49/49 | new_swaps: 0 | total: 0) -> {'max_bond': 16, 'max_links': 4, 'total_elems': 7424, 'total_shapes': 1054, 'total_links': 390, 'num_tensors': 98}
2026-08-26 08:37:13,511 [INFO]     [7 | right | 1](candidate_pairs: 48/48 | new_swaps: 0 | total: 0) -> {'max_bond': 16, 'max_links': 4, 'total_elems': 7424, 'total_shapes': 1054, 'total_links': 390, 'num_tensors': 98}
2026-08-26 08:37:13,512 [INFO]     [end unswap] -> {'max_bond': 16, 'max_links': 4, 'total_elems': 7424, 'total_shapes': 1054, 'total_links': 390, 'num_tensors': 98}
2026-08-26 08:37:13,549 [INFO] [start rewire](phase=post_unswap, cycle=13, side=left, layers=2504, trials=20, seed=123, parallel=False, route_candidates=2, route_score=lookahead_total)
2026-08-26 08:37:25,951 [INFO] [end rewire](phase=post_unswap, cycle=13, side=left, routed_layers=2495, elapsed_s=12.40)
2026-08-26 08:37:25,951 [INFO] [start rewire](phase=post_unswap, cycle=13, side=right, layers=2150, trials=20, seed=123, parallel=False, route_candidates=2, route_score=lookahead_total)
2026-08-26 08:37:35,663 [INFO] [end rewire](phase=post_unswap, cycle=13, side=right, routed_layers=2142, elapsed_s=9.71)
2026-08-26 08:37:35,821 [INFO] [1L/2493](swap: 20, u: 0 | c_u: 0 | t_u_l: 28/992 | t_u_r: 16/992 | t_u: 44/1984) -> {'max_bond': 16, 'max_links': 4, 'total_elems': 7424, 'total_shapes': 1054, 'total_links': 390, 'num_tensors': 98}
2026-08-26 08:37:35,931 [INFO] [1R/2140](swap: 15, u: 0 | c_u: 0 | t_u_l: 28/992 | t_u_r: 16/992 | t_u: 44/1984) -> {'max_bond': 16, 'max_links': 4, 'total_elems': 9304, 'total_shapes': 1200, 'total_links': 390, 'num_tensors': 98}
2026-08-26 08:37:36,046 [INFO] [2L/2493](swap: 23, u: 0 | c_u: 0 | t_u_l: 28/992 | t_u_r: 16/992 | t_u: 44/1984) -> {'max_bond': 16, 'max_links': 4, 'total_elems': 12164, 'total_shapes': 1358, 'total_links': 390, 'num_tensors': 98}
2026-08-26 08:37:36,162 [INFO] [2R/2140](swap: 13, u: 0 | c_u: 0 | t_u_l: 28/992 | t_u_r: 16/992 | t_u: 44/1984) -> {'max_bond': 16, 'max_links': 4, 'total_elems': 16440, 'total_shapes': 1498, 'total_links': 390, 'num_tensors': 98}
2026-08-26 08:37:36,282 [INFO] [3R/2140](swap: 13, u: 0 | c_u: 0 | t_u_l: 28/992 | t_u_r: 16/992 | t_u: 44/1984) -> {'max_bond': 32, 'max_links': 4, 'total_elems': 25152, 'total_shapes': 1694, 'total_links': 390, 'num_tensors': 98}
2026-08-26 08:37:36,420 [INFO] [3L/2493](swap: 19, u: 0 | c_u: 0 | t_u_l: 28/992 | t_u_r: 16/992 | t_u: 44/1984) -> {'max_bond': 32, 'max_links': 4, 'total_elems': 37296, 'total_shapes': 2048, 'total_links': 390, 'num_tensors': 98}
2026-08-26 08:37:36,562 [INFO] [4R/2140](swap: 17, u: 0 | c_u: 0 | t_u_l: 28/992 | t_u_r: 16/992 | t_u: 44/1984) -> {'max_bond': 32, 'max_links': 4, 'total_elems': 54376, 'total_shapes': 2352, 'total_links': 390, 'num_tensors': 98}
2026-08-26 08:37:36,733 [INFO] [5R/2140](swap: 16, u: 0 | c_u: 0 | t_u_l: 28/992 | t_u_r: 16/992 | t_u: 44/1984) -> {'max_bond': 64, 'max_links': 4, 'total_elems': 88904, 'total_shapes': 2768, 'total_links': 390, 'num_tensors': 98}
2026-08-26 08:37:36,950 [INFO] [4L/2493](swap: 15, u: 0 | c_u: 0 | t_u_l: 28/992 | t_u_r: 16/992 | t_u: 44/1984) -> {'max_bond': 64, 'max_links': 4, 'total_elems': 135704, 'total_shapes': 3304, 'total_links': 390, 'num_tensors': 98}
2026-08-26 08:37:37,222 [INFO] [6R/2140](swap: 13, u: 0 | c_u: 0 | t_u_l: 28/992 | t_u_r: 16/992 | t_u: 44/1984) -> {'max_bond': 128, 'max_links': 4, 'total_elems': 234104, 'total_shapes': 3812, 'total_links': 390, 'num_tensors': 98}
2026-08-26 08:37:37,730 [INFO] [5L/2493](swap: 16, u: 0 | c_u: 0 | t_u_l: 28/992 | t_u_r: 16/992 | t_u: 44/1984) -> {'max_bond': 128, 'max_links': 4, 'total_elems': 354584, 'total_shapes': 4512, 'total_links': 390, 'num_tensors': 98}
2026-08-26 08:37:38,436 [INFO] [6L/2493](swap: 14, u: 0 | c_u: 0 | t_u_l: 28/992 | t_u_r: 16/992 | t_u: 44/1984) -> {'max_bond': 128, 'max_links': 4, 'total_elems': 540632, 'total_shapes': 5456, 'total_links': 390, 'num_tensors': 98}
2026-08-26 08:37:39,837 [INFO] [7R/2140](swap: 12, u: 0 | c_u: 0 | t_u_l: 28/992 | t_u_r: 16/992 | t_u: 44/1984) -> {'max_bond': 256, 'max_links': 4, 'total_elems': 837400, 'total_shapes': 6224, 'total_links': 390, 'num_tensors': 98}
2026-08-26 08:37:41,921 [INFO]     [start unswap] -> {'max_bond': 256, 'max_links': 4, 'total_elems': 837400, 'total_shapes': 6224, 'total_links': 390, 'num_tensors': 98}
2026-08-26 08:37:53,013 [INFO]     [0 | both | 0](candidate_pairs: 49/49 | new_swaps: 9 | total: 9) -> {'max_bond': 256, 'max_links': 4, 'total_elems': 1142528, 'total_shapes': 6694, 'total_links': 390, 'num_tensors': 98}
2026-08-26 08:38:07,907 [INFO]     [0 | both | 1](candidate_pairs: 48/48 | new_swaps: 15 | total: 24) -> {'max_bond': 256, 'max_links': 4, 'total_elems': 742672, 'total_shapes': 5426, 'total_links': 390, 'num_tensors': 98}
2026-08-26 08:38:10,768 [INFO]     [0 | left | 0](candidate_pairs: 49/49 | new_swaps: 19 | total: 43) -> {'max_bond': 128, 'max_links': 4, 'total_elems': 281064, 'total_shapes': 3798, 'total_links': 390, 'num_tensors': 98}
2026-08-26 08:38:11,536 [INFO]     [0 | left | 1](candidate_pairs: 48/48 | new_swaps: 21 | total: 64) -> {'max_bond': 64, 'max_links': 4, 'total_elems': 159732, 'total_shapes': 3048, 'total_links': 390, 'num_tensors': 98}
2026-08-26 08:38:11,849 [INFO]     [0 | right | 0](candidate_pairs: 49/49 | new_swaps: 4 | total: 68) -> {'max_bond': 64, 'max_links': 4, 'total_elems': 154148, 'total_shapes': 2968, 'total_links': 390, 'num_tensors': 98}
2026-08-26 08:38:12,311 [INFO]     [0 | right | 1](candidate_pairs: 48/48 | new_swaps: 8 | total: 76) -> {'max_bond': 64, 'max_links': 4, 'total_elems': 129076, 'total_shapes': 2776, 'total_links': 390, 'num_tensors': 98}
2026-08-26 08:38:12,982 [INFO]     [1 | both | 0](candidate_pairs: 49/49 | new_swaps: 16 | total: 16) -> {'max_bond': 64, 'max_links': 4, 'total_elems': 56720, 'total_shapes': 2150, 'total_links': 390, 'num_tensors': 98}
2026-08-26 08:38:13,270 [INFO]     [1 | both | 1](candidate_pairs: 48/48 | new_swaps: 13 | total: 29) -> {'max_bond': 32, 'max_links': 4, 'total_elems': 28020, 'total_shapes': 1712, 'total_links': 390, 'num_tensors': 98}
2026-08-26 08:38:13,388 [INFO]     [1 | left | 0](candidate_pairs: 49/49 | new_swaps: 7 | total: 36) -> {'max_bond': 32, 'max_links': 4, 'total_elems': 23396, 'total_shapes': 1588, 'total_links': 390, 'num_tensors': 98}
2026-08-26 08:38:13,508 [INFO]     [1 | left | 1](candidate_pairs: 48/48 | new_swaps: 8 | total: 44) -> {'max_bond': 16, 'max_links': 4, 'total_elems': 19268, 'total_shapes': 1488, 'total_links': 390, 'num_tensors': 98}
2026-08-26 08:38:13,622 [INFO]     [1 | right | 0](candidate_pairs: 49/49 | new_swaps: 5 | total: 49) -> {'max_bond': 16, 'max_links': 4, 'total_elems': 16740, 'total_shapes': 1404, 'total_links': 390, 'num_tensors': 98}
2026-08-26 08:38:13,731 [INFO]     [1 | right | 1](candidate_pairs: 48/48 | new_swaps: 3 | total: 52) -> {'max_bond': 16, 'max_links': 4, 'total_elems': 15748, 'total_shapes': 1374, 'total_links': 390, 'num_tensors': 98}
2026-08-26 08:38:13,929 [INFO]     [2 | both | 0](candidate_pairs: 49/49 | new_swaps: 7 | total: 7) -> {'max_bond': 16, 'max_links': 4, 'total_elems': 12912, 'total_shapes': 1296, 'total_links': 390, 'num_tensors': 98}
2026-08-26 08:38:14,117 [INFO]     [2 | both | 1](candidate_pairs: 48/48 | new_swaps: 7 | total: 14) -> {'max_bond': 16, 'max_links': 4, 'total_elems': 11536, 'total_shapes': 1244, 'total_links': 390, 'num_tensors': 98}
2026-08-26 08:38:14,220 [INFO]     [2 | left | 0](candidate_pairs: 49/49 | new_swaps: 2 | total: 16) -> {'max_bond': 16, 'max_links': 4, 'total_elems': 10744, 'total_shapes': 1224, 'total_links': 390, 'num_tensors': 98}
2026-08-26 08:38:14,305 [INFO]     [2 | left | 1](candidate_pairs: 48/48 | new_swaps: 2 | total: 18) -> {'max_bond': 16, 'max_links': 4, 'total_elems': 10264, 'total_shapes': 1200, 'total_links': 390, 'num_tensors': 98}
2026-08-26 08:38:14,408 [INFO]     [2 | right | 0](candidate_pairs: 49/49 | new_swaps: 1 | total: 19) -> {'max_bond': 16, 'max_links': 4, 'total_elems': 10072, 'total_shapes': 1192, 'total_links': 390, 'num_tensors': 98}
2026-08-26 08:38:14,512 [INFO]     [2 | right | 1](candidate_pairs: 48/48 | new_swaps: 1 | total: 20) -> {'max_bond': 16, 'max_links': 4, 'total_elems': 9304, 'total_shapes': 1176, 'total_links': 390, 'num_tensors': 98}
2026-08-26 08:38:14,711 [INFO]     [3 | both | 0](candidate_pairs: 49/49 | new_swaps: 9 | total: 9) -> {'max_bond': 16, 'max_links': 4, 'total_elems': 7388, 'total_shapes': 1106, 'total_links': 390, 'num_tensors': 98}
2026-08-26 08:38:14,901 [INFO]     [3 | both | 1](candidate_pairs: 48/48 | new_swaps: 7 | total: 16) -> {'max_bond': 16, 'max_links': 4, 'total_elems': 6384, 'total_shapes': 1052, 'total_links': 390, 'num_tensors': 98}
2026-08-26 08:38:14,987 [INFO]     [3 | left | 0](candidate_pairs: 49/49 | new_swaps: 1 | total: 17) -> {'max_bond': 16, 'max_links': 4, 'total_elems': 6224, 'total_shapes': 1044, 'total_links': 390, 'num_tensors': 98}
2026-08-26 08:38:15,073 [INFO]     [3 | left | 1](candidate_pairs: 48/48 | new_swaps: 1 | total: 18) -> {'max_bond': 16, 'max_links': 4, 'total_elems': 6176, 'total_shapes': 1040, 'total_links': 390, 'num_tensors': 98}
2026-08-26 08:38:15,154 [INFO]     [3 | right | 0](candidate_pairs: 49/49 | new_swaps: 1 | total: 19) -> {'max_bond': 16, 'max_links': 4, 'total_elems': 6096, 'total_shapes': 1036, 'total_links': 390, 'num_tensors': 98}
2026-08-26 08:38:15,232 [INFO]     [3 | right | 1](candidate_pairs: 48/48 | new_swaps: 1 | total: 20) -> {'max_bond': 16, 'max_links': 4, 'total_elems': 5936, 'total_shapes': 1028, 'total_links': 390, 'num_tensors': 98}
2026-08-26 08:38:15,406 [INFO]     [4 | both | 0](candidate_pairs: 49/49 | new_swaps: 4 | total: 4) -> {'max_bond': 16, 'max_links': 4, 'total_elems': 5664, 'total_shapes': 1006, 'total_links': 390, 'num_tensors': 98}
2026-08-26 08:38:15,566 [INFO]     [4 | both | 1](candidate_pairs: 48/48 | new_swaps: 1 | total: 5) -> {'max_bond': 16, 'max_links': 4, 'total_elems': 5652, 'total_shapes': 1004, 'total_links': 390, 'num_tensors': 98}
2026-08-26 08:38:15,612 [INFO]     [4 | left | 0](candidate_pairs: 49/49 | new_swaps: 0 | total: 5) -> {'max_bond': 16, 'max_links': 4, 'total_elems': 5652, 'total_shapes': 1004, 'total_links': 390, 'num_tensors': 98}
2026-08-26 08:38:15,657 [INFO]     [4 | left | 1](candidate_pairs: 48/48 | new_swaps: 0 | total: 5) -> {'max_bond': 16, 'max_links': 4, 'total_elems': 5652, 'total_shapes': 1004, 'total_links': 390, 'num_tensors': 98}
2026-08-26 08:38:15,703 [INFO]     [4 | right | 0](candidate_pairs: 49/49 | new_swaps: 0 | total: 5) -> {'max_bond': 16, 'max_links': 4, 'total_elems': 5652, 'total_shapes': 1004, 'total_links': 390, 'num_tensors': 98}
2026-08-26 08:38:15,784 [INFO]     [4 | right | 1](candidate_pairs: 48/48 | new_swaps: 1 | total: 6) -> {'max_bond': 16, 'max_links': 4, 'total_elems': 5580, 'total_shapes': 998, 'total_links': 390, 'num_tensors': 98}
2026-08-26 08:38:15,966 [INFO]     [5 | both | 0](candidate_pairs: 49/49 | new_swaps: 3 | total: 3) -> {'max_bond': 16, 'max_links': 4, 'total_elems': 5516, 'total_shapes': 990, 'total_links': 390, 'num_tensors': 98}
2026-08-26 08:38:16,149 [INFO]     [5 | both | 1](candidate_pairs: 48/48 | new_swaps: 2 | total: 5) -> {'max_bond': 16, 'max_links': 4, 'total_elems': 5492, 'total_shapes': 986, 'total_links': 390, 'num_tensors': 98}
2026-08-26 08:38:16,194 [INFO]     [5 | left | 0](candidate_pairs: 49/49 | new_swaps: 0 | total: 5) -> {'max_bond': 16, 'max_links': 4, 'total_elems': 5492, 'total_shapes': 986, 'total_links': 390, 'num_tensors': 98}
2026-08-26 08:38:16,238 [INFO]     [5 | left | 1](candidate_pairs: 48/48 | new_swaps: 0 | total: 5) -> {'max_bond': 16, 'max_links': 4, 'total_elems': 5492, 'total_shapes': 986, 'total_links': 390, 'num_tensors': 98}
2026-08-26 08:38:16,282 [INFO]     [5 | right | 0](candidate_pairs: 49/49 | new_swaps: 0 | total: 5) -> {'max_bond': 16, 'max_links': 4, 'total_elems': 5492, 'total_shapes': 986, 'total_links': 390, 'num_tensors': 98}
2026-08-26 08:38:16,364 [INFO]     [5 | right | 1](candidate_pairs: 48/48 | new_swaps: 1 | total: 6) -> {'max_bond': 16, 'max_links': 4, 'total_elems': 5460, 'total_shapes': 982, 'total_links': 390, 'num_tensors': 98}
2026-08-26 08:38:16,452 [INFO]     [6 | both | 0](candidate_pairs: 49/49 | new_swaps: 0 | total: 0) -> {'max_bond': 16, 'max_links': 4, 'total_elems': 5460, 'total_shapes': 982, 'total_links': 390, 'num_tensors': 98}
2026-08-26 08:38:16,539 [INFO]     [6 | both | 1](candidate_pairs: 48/48 | new_swaps: 0 | total: 0) -> {'max_bond': 16, 'max_links': 4, 'total_elems': 5460, 'total_shapes': 982, 'total_links': 390, 'num_tensors': 98}
2026-08-26 08:38:16,584 [INFO]     [6 | left | 0](candidate_pairs: 49/49 | new_swaps: 0 | total: 0) -> {'max_bond': 16, 'max_links': 4, 'total_elems': 5460, 'total_shapes': 982, 'total_links': 390, 'num_tensors': 98}
2026-08-26 08:38:16,628 [INFO]     [6 | left | 1](candidate_pairs: 48/48 | new_swaps: 0 | total: 0) -> {'max_bond': 16, 'max_links': 4, 'total_elems': 5460, 'total_shapes': 982, 'total_links': 390, 'num_tensors': 98}
2026-08-26 08:38:16,673 [INFO]     [6 | right | 0](candidate_pairs: 49/49 | new_swaps: 0 | total: 0) -> {'max_bond': 16, 'max_links': 4, 'total_elems': 5460, 'total_shapes': 982, 'total_links': 390, 'num_tensors': 98}
2026-08-26 08:38:16,717 [INFO]     [6 | right | 1](candidate_pairs: 48/48 | new_swaps: 0 | total: 0) -> {'max_bond': 16, 'max_links': 4, 'total_elems': 5460, 'total_shapes': 982, 'total_links': 390, 'num_tensors': 98}
2026-08-26 08:38:16,718 [INFO]     [end unswap] -> {'max_bond': 16, 'max_links': 4, 'total_elems': 5460, 'total_shapes': 982, 'total_links': 390, 'num_tensors': 98}
2026-08-26 08:38:16,762 [INFO] [start rewire](phase=post_unswap, cycle=14, side=left, layers=2489, trials=20, seed=123, parallel=False, route_candidates=2, route_score=lookahead_total)
2026-08-26 08:38:29,785 [INFO] [end rewire](phase=post_unswap, cycle=14, side=left, routed_layers=2234, elapsed_s=13.02)
2026-08-26 08:38:29,786 [INFO] [start rewire](phase=post_unswap, cycle=14, side=right, layers=2135, trials=20, seed=123, parallel=False, route_candidates=2, route_score=lookahead_total)
2026-08-26 08:38:38,487 [INFO] [end rewire](phase=post_unswap, cycle=14, side=right, routed_layers=2335, elapsed_s=8.70)
2026-08-26 08:38:38,649 [INFO] [1L/2232](swap: 22, u: 0 | c_u: 0 | t_u_l: 28/992 | t_u_r: 16/992 | t_u: 44/1984) -> {'max_bond': 16, 'max_links': 4, 'total_elems': 5460, 'total_shapes': 982, 'total_links': 390, 'num_tensors': 98}
2026-08-26 08:38:38,761 [INFO] [1R/2333](swap: 16, u: 0 | c_u: 0 | t_u_l: 28/992 | t_u_r: 16/992 | t_u: 44/1984) -> {'max_bond': 16, 'max_links': 4, 'total_elems': 7704, 'total_shapes': 1144, 'total_links': 390, 'num_tensors': 98}
2026-08-26 08:38:38,877 [INFO] [2L/2232](swap: 20, u: 0 | c_u: 0 | t_u_l: 28/992 | t_u_r: 16/992 | t_u: 44/1984) -> {'max_bond': 16, 'max_links': 4, 'total_elems': 11924, 'total_shapes': 1354, 'total_links': 390, 'num_tensors': 98}
2026-08-26 08:38:38,993 [INFO] [2R/2333](swap: 18, u: 0 | c_u: 0 | t_u_l: 28/992 | t_u_r: 16/992 | t_u: 44/1984) -> {'max_bond': 32, 'max_links': 4, 'total_elems': 21260, 'total_shapes': 1638, 'total_links': 390, 'num_tensors': 98}
2026-08-26 08:38:39,127 [INFO] [3L/2232](swap: 18, u: 0 | c_u: 0 | t_u_l: 28/992 | t_u_r: 16/992 | t_u: 44/1984) -> {'max_bond': 32, 'max_links': 4, 'total_elems': 34740, 'total_shapes': 1980, 'total_links': 390, 'num_tensors': 98}
2026-08-26 08:38:39,261 [INFO] [4L/2232](swap: 16, u: 0 | c_u: 0 | t_u_l: 28/992 | t_u_r: 16/992 | t_u: 44/1984) -> {'max_bond': 32, 'max_links': 4, 'total_elems': 58412, 'total_shapes': 2352, 'total_links': 390, 'num_tensors': 98}
2026-08-26 08:38:39,426 [INFO] [5L/2232](swap: 11, u: 0 | c_u: 0 | t_u_l: 28/992 | t_u_r: 16/992 | t_u: 44/1984) -> {'max_bond': 64, 'max_links': 4, 'total_elems': 113484, 'total_shapes': 2972, 'total_links': 390, 'num_tensors': 98}
2026-08-26 08:38:42,273 [INFO] [3R/2333](swap: 15, u: 0 | c_u: 0 | t_u_l: 28/992 | t_u_r: 16/992 | t_u: 44/1984) -> {'max_bond': 128, 'max_links': 4, 'total_elems': 195412, 'total_shapes': 3688, 'total_links': 390, 'num_tensors': 98}
2026-08-26 08:38:42,695 [INFO] [4R/2333](swap: 14, u: 0 | c_u: 0 | t_u_l: 28/992 | t_u_r: 16/992 | t_u: 44/1984) -> {'max_bond': 128, 'max_links': 4, 'total_elems': 297856, 'total_shapes': 4338, 'total_links': 390, 'num_tensors': 98}
2026-08-26 08:38:43,225 [INFO] [5R/2333](swap: 11, u: 0 | c_u: 0 | t_u_l: 28/992 | t_u_r: 16/992 | t_u: 44/1984) -> {'max_bond': 128, 'max_links': 4, 'total_elems': 388732, 'total_shapes': 4832, 'total_links': 390, 'num_tensors': 98}
2026-08-26 08:38:44,027 [INFO] [6R/2333](swap: 13, u: 0 | c_u: 0 | t_u_l: 28/992 | t_u_r: 16/992 | t_u: 44/1984) -> {'max_bond': 256, 'max_links': 4, 'total_elems': 599036, 'total_shapes': 5686, 'total_links': 390, 'num_tensors': 98}
2026-08-26 08:38:45,447 [INFO] [7R/2333](swap: 12, u: 0 | c_u: 0 | t_u_l: 28/992 | t_u_r: 16/992 | t_u: 44/1984) -> {'max_bond': 256, 'max_links': 4, 'total_elems': 786092, 'total_shapes': 6338, 'total_links': 390, 'num_tensors': 98}
2026-08-26 08:38:47,884 [INFO] [8R/2333](swap: 13, u: 0 | c_u: 0 | t_u_l: 28/992 | t_u_r: 16/992 | t_u: 44/1984) -> {'max_bond': 256, 'max_links': 4, 'total_elems': 936204, 'total_shapes': 6802, 'total_links': 390, 'num_tensors': 98}
2026-08-26 08:38:50,567 [INFO]     [start unswap] -> {'max_bond': 256, 'max_links': 4, 'total_elems': 936204, 'total_shapes': 6802, 'total_links': 390, 'num_tensors': 98}
2026-08-26 08:39:06,267 [INFO]     [0 | both | 0](candidate_pairs: 49/49 | new_swaps: 8 | total: 8) -> {'max_bond': 256, 'max_links': 4, 'total_elems': 1177164, 'total_shapes': 6898, 'total_links': 390, 'num_tensors': 98}
2026-08-26 08:39:22,346 [INFO]     [0 | both | 1](candidate_pairs: 48/48 | new_swaps: 14 | total: 22) -> {'max_bond': 256, 'max_links': 4, 'total_elems': 826444, 'total_shapes': 5514, 'total_links': 390, 'num_tensors': 98}
2026-08-26 08:39:25,753 [INFO]     [0 | left | 0](candidate_pairs: 49/49 | new_swaps: 23 | total: 45) -> {'max_bond': 128, 'max_links': 4, 'total_elems': 435244, 'total_shapes': 4112, 'total_links': 390, 'num_tensors': 98}
2026-08-26 08:39:27,934 [INFO]     [0 | left | 1](candidate_pairs: 48/48 | new_swaps: 22 | total: 67) -> {'max_bond': 128, 'max_links': 4, 'total_elems': 216104, 'total_shapes': 3160, 'total_links': 390, 'num_tensors': 98}
2026-08-26 08:39:28,543 [INFO]     [0 | right | 0](candidate_pairs: 49/49 | new_swaps: 14 | total: 81) -> {'max_bond': 64, 'max_links': 4, 'total_elems': 112648, 'total_shapes': 2544, 'total_links': 390, 'num_tensors': 98}
2026-08-26 08:39:28,857 [INFO]     [0 | right | 1](candidate_pairs: 48/48 | new_swaps: 10 | total: 91) -> {'max_bond': 64, 'max_links': 4, 'total_elems': 75752, 'total_shapes': 2200, 'total_links': 390, 'num_tensors': 98}
2026-08-26 08:39:29,256 [INFO]     [1 | both | 0](candidate_pairs: 49/49 | new_swaps: 18 | total: 18) -> {'max_bond': 64, 'max_links': 4, 'total_elems': 31176, 'total_shapes': 1736, 'total_links': 390, 'num_tensors': 98}
2026-08-26 08:39:29,482 [INFO]     [1 | both | 1](candidate_pairs: 48/48 | new_swaps: 12 | total: 30) -> {'max_bond': 32, 'max_links': 4, 'total_elems': 20492, 'total_shapes': 1506, 'total_links': 390, 'num_tensors': 98}
2026-08-26 08:39:29,604 [INFO]     [1 | left | 0](candidate_pairs: 49/49 | new_swaps: 6 | total: 36) -> {'max_bond': 32, 'max_links': 4, 'total_elems': 16748, 'total_shapes': 1418, 'total_links': 390, 'num_tensors': 98}
2026-08-26 08:39:29,774 [INFO]     [1 | left | 1](candidate_pairs: 48/48 | new_swaps: 6 | total: 42) -> {'max_bond': 16, 'max_links': 4, 'total_elems': 12588, 'total_shapes': 1314, 'total_links': 390, 'num_tensors': 98}
2026-08-26 08:39:29,884 [INFO]     [1 | right | 0](candidate_pairs: 49/49 | new_swaps: 8 | total: 50) -> {'max_bond': 16, 'max_links': 4, 'total_elems': 10548, 'total_shapes': 1236, 'total_links': 390, 'num_tensors': 98}
2026-08-26 08:39:29,969 [INFO]     [1 | right | 1](candidate_pairs: 48/48 | new_swaps: 1 | total: 51) -> {'max_bond': 16, 'max_links': 4, 'total_elems': 10356, 'total_shapes': 1228, 'total_links': 390, 'num_tensors': 98}
2026-08-26 08:39:30,166 [INFO]     [2 | both | 0](candidate_pairs: 49/49 | new_swaps: 7 | total: 7) -> {'max_bond': 16, 'max_links': 4, 'total_elems': 9708, 'total_shapes': 1188, 'total_links': 390, 'num_tensors': 98}
2026-08-26 08:39:30,358 [INFO]     [2 | both | 1](candidate_pairs: 48/48 | new_swaps: 5 | total: 12) -> {'max_bond': 16, 'max_links': 4, 'total_elems': 9224, 'total_shapes': 1162, 'total_links': 390, 'num_tensors': 98}
2026-08-26 08:39:30,462 [INFO]     [2 | left | 0](candidate_pairs: 49/49 | new_swaps: 1 | total: 13) -> {'max_bond': 16, 'max_links': 4, 'total_elems': 9160, 'total_shapes': 1158, 'total_links': 390, 'num_tensors': 98}
2026-08-26 08:39:30,572 [INFO]     [2 | left | 1](candidate_pairs: 48/48 | new_swaps: 3 | total: 16) -> {'max_bond': 16, 'max_links': 4, 'total_elems': 8804, 'total_shapes': 1136, 'total_links': 390, 'num_tensors': 98}
2026-08-26 08:39:30,673 [INFO]     [2 | right | 0](candidate_pairs: 49/49 | new_swaps: 2 | total: 18) -> {'max_bond': 16, 'max_links': 4, 'total_elems': 8516, 'total_shapes': 1120, 'total_links': 390, 'num_tensors': 98}
2026-08-26 08:39:30,719 [INFO]     [2 | right | 1](candidate_pairs: 48/48 | new_swaps: 0 | total: 18) -> {'max_bond': 16, 'max_links': 4, 'total_elems': 8516, 'total_shapes': 1120, 'total_links': 390, 'num_tensors': 98}
2026-08-26 08:39:30,909 [INFO]     [3 | both | 0](candidate_pairs: 49/49 | new_swaps: 1 | total: 1) -> {'max_bond': 16, 'max_links': 4, 'total_elems': 8468, 'total_shapes': 1116, 'total_links': 390, 'num_tensors': 98}
2026-08-26 08:39:31,004 [INFO]     [3 | both | 1](candidate_pairs: 48/48 | new_swaps: 0 | total: 1) -> {'max_bond': 16, 'max_links': 4, 'total_elems': 8468, 'total_shapes': 1116, 'total_links': 390, 'num_tensors': 98}
2026-08-26 08:39:31,090 [INFO]     [3 | left | 0](candidate_pairs: 49/49 | new_swaps: 1 | total: 2) -> {'max_bond': 16, 'max_links': 4, 'total_elems': 8420, 'total_shapes': 1112, 'total_links': 390, 'num_tensors': 98}
2026-08-26 08:39:31,138 [INFO]     [3 | left | 1](candidate_pairs: 48/48 | new_swaps: 0 | total: 2) -> {'max_bond': 16, 'max_links': 4, 'total_elems': 8420, 'total_shapes': 1112, 'total_links': 390, 'num_tensors': 98}
2026-08-26 08:39:31,182 [INFO]     [3 | right | 0](candidate_pairs: 49/49 | new_swaps: 0 | total: 2) -> {'max_bond': 16, 'max_links': 4, 'total_elems': 8420, 'total_shapes': 1112, 'total_links': 390, 'num_tensors': 98}
2026-08-26 08:39:31,280 [INFO]     [3 | right | 1](candidate_pairs: 48/48 | new_swaps: 1 | total: 3) -> {'max_bond': 16, 'max_links': 4, 'total_elems': 8372, 'total_shapes': 1106, 'total_links': 390, 'num_tensors': 98}
2026-08-26 08:39:31,444 [INFO]     [4 | both | 0](candidate_pairs: 49/49 | new_swaps: 1 | total: 1) -> {'max_bond': 16, 'max_links': 4, 'total_elems': 8360, 'total_shapes': 1104, 'total_links': 390, 'num_tensors': 98}
2026-08-26 08:39:31,628 [INFO]     [4 | both | 1](candidate_pairs: 48/48 | new_swaps: 2 | total: 3) -> {'max_bond': 16, 'max_links': 4, 'total_elems': 8300, 'total_shapes': 1098, 'total_links': 390, 'num_tensors': 98}
2026-08-26 08:39:31,710 [INFO]     [4 | left | 0](candidate_pairs: 49/49 | new_swaps: 1 | total: 4) -> {'max_bond': 16, 'max_links': 4, 'total_elems': 8252, 'total_shapes': 1094, 'total_links': 390, 'num_tensors': 98}
2026-08-26 08:39:31,755 [INFO]     [4 | left | 1](candidate_pairs: 48/48 | new_swaps: 0 | total: 4) -> {'max_bond': 16, 'max_links': 4, 'total_elems': 8252, 'total_shapes': 1094, 'total_links': 390, 'num_tensors': 98}
2026-08-26 08:39:31,798 [INFO]     [4 | right | 0](candidate_pairs: 49/49 | new_swaps: 0 | total: 4) -> {'max_bond': 16, 'max_links': 4, 'total_elems': 8252, 'total_shapes': 1094, 'total_links': 390, 'num_tensors': 98}
2026-08-26 08:39:31,842 [INFO]     [4 | right | 1](candidate_pairs: 48/48 | new_swaps: 0 | total: 4) -> {'max_bond': 16, 'max_links': 4, 'total_elems': 8252, 'total_shapes': 1094, 'total_links': 390, 'num_tensors': 98}
2026-08-26 08:39:31,929 [INFO]     [5 | both | 0](candidate_pairs: 49/49 | new_swaps: 0 | total: 0) -> {'max_bond': 16, 'max_links': 4, 'total_elems': 8252, 'total_shapes': 1094, 'total_links': 390, 'num_tensors': 98}
2026-08-26 08:39:32,015 [INFO]     [5 | both | 1](candidate_pairs: 48/48 | new_swaps: 0 | total: 0) -> {'max_bond': 16, 'max_links': 4, 'total_elems': 8252, 'total_shapes': 1094, 'total_links': 390, 'num_tensors': 98}
2026-08-26 08:39:32,060 [INFO]     [5 | left | 0](candidate_pairs: 49/49 | new_swaps: 0 | total: 0) -> {'max_bond': 16, 'max_links': 4, 'total_elems': 8252, 'total_shapes': 1094, 'total_links': 390, 'num_tensors': 98}
2026-08-26 08:39:32,106 [INFO]     [5 | left | 1](candidate_pairs: 48/48 | new_swaps: 0 | total: 0) -> {'max_bond': 16, 'max_links': 4, 'total_elems': 8252, 'total_shapes': 1094, 'total_links': 390, 'num_tensors': 98}
2026-08-26 08:39:32,151 [INFO]     [5 | right | 0](candidate_pairs: 49/49 | new_swaps: 0 | total: 0) -> {'max_bond': 16, 'max_links': 4, 'total_elems': 8252, 'total_shapes': 1094, 'total_links': 390, 'num_tensors': 98}
2026-08-26 08:39:32,194 [INFO]     [5 | right | 1](candidate_pairs: 48/48 | new_swaps: 0 | total: 0) -> {'max_bond': 16, 'max_links': 4, 'total_elems': 8252, 'total_shapes': 1094, 'total_links': 390, 'num_tensors': 98}
2026-08-26 08:39:32,195 [INFO]     [end unswap] -> {'max_bond': 16, 'max_links': 4, 'total_elems': 8252, 'total_shapes': 1094, 'total_links': 390, 'num_tensors': 98}
2026-08-26 08:39:32,236 [INFO] [start rewire](phase=post_unswap, cycle=15, side=left, layers=2229, trials=20, seed=123, parallel=False, route_candidates=2, route_score=lookahead_total)
2026-08-26 08:39:45,583 [INFO] [end rewire](phase=post_unswap, cycle=15, side=left, routed_layers=2602, elapsed_s=13.35)
2026-08-26 08:39:45,583 [INFO] [start rewire](phase=post_unswap, cycle=15, side=right, layers=2327, trials=20, seed=123, parallel=False, route_candidates=2, route_score=lookahead_total)
2026-08-26 08:39:54,673 [INFO] [end rewire](phase=post_unswap, cycle=15, side=right, routed_layers=2110, elapsed_s=9.09)
2026-08-26 08:39:54,839 [INFO] [1L/2600](swap: 18, u: 0 | c_u: 0 | t_u_l: 28/992 | t_u_r: 16/992 | t_u: 44/1984) -> {'max_bond': 16, 'max_links': 4, 'total_elems': 8252, 'total_shapes': 1094, 'total_links': 390, 'num_tensors': 98}
2026-08-26 08:39:54,966 [INFO] [2L/2600](swap: 18, u: 0 | c_u: 0 | t_u_l: 28/992 | t_u_r: 16/992 | t_u: 44/1984) -> {'max_bond': 16, 'max_links': 4, 'total_elems': 9868, 'total_shapes': 1248, 'total_links': 390, 'num_tensors': 98}
2026-08-26 08:39:55,097 [INFO] [3L/2600](swap: 19, u: 0 | c_u: 0 | t_u_l: 28/992 | t_u_r: 16/992 | t_u: 44/1984) -> {'max_bond': 16, 'max_links': 4, 'total_elems': 14836, 'total_shapes': 1444, 'total_links': 390, 'num_tensors': 98}
2026-08-26 08:39:55,220 [INFO] [1R/2108](swap: 20, u: 0 | c_u: 0 | t_u_l: 28/992 | t_u_r: 16/992 | t_u: 44/1984) -> {'max_bond': 32, 'max_links': 4, 'total_elems': 20288, 'total_shapes': 1640, 'total_links': 390, 'num_tensors': 98}
2026-08-26 08:39:55,350 [INFO] [2R/2108](swap: 13, u: 0 | c_u: 0 | t_u_l: 28/992 | t_u_r: 16/992 | t_u: 44/1984) -> {'max_bond': 32, 'max_links': 4, 'total_elems': 31864, 'total_shapes': 1896, 'total_links': 390, 'num_tensors': 98}
2026-08-26 08:39:55,500 [INFO] [3R/2108](swap: 13, u: 0 | c_u: 0 | t_u_l: 28/992 | t_u_r: 16/992 | t_u: 44/1984) -> {'max_bond': 32, 'max_links': 4, 'total_elems': 45224, 'total_shapes': 2156, 'total_links': 390, 'num_tensors': 98}
2026-08-26 08:39:55,699 [INFO] [4R/2108](swap: 12, u: 0 | c_u: 0 | t_u_l: 28/992 | t_u_r: 16/992 | t_u: 44/1984) -> {'max_bond': 32, 'max_links': 4, 'total_elems': 61208, 'total_shapes': 2424, 'total_links': 390, 'num_tensors': 98}
2026-08-26 08:39:55,919 [INFO] [5R/2108](swap: 13, u: 0 | c_u: 0 | t_u_l: 28/992 | t_u_r: 16/992 | t_u: 44/1984) -> {'max_bond': 32, 'max_links': 4, 'total_elems': 75304, 'total_shapes': 2708, 'total_links': 390, 'num_tensors': 98}
2026-08-26 08:39:56,099 [INFO] [6R/2108](swap: 11, u: 0 | c_u: 0 | t_u_l: 28/992 | t_u_r: 16/992 | t_u: 44/1984) -> {'max_bond': 64, 'max_links': 4, 'total_elems': 113096, 'total_shapes': 3176, 'total_links': 390, 'num_tensors': 98}
2026-08-26 08:39:56,328 [INFO] [7R/2108](swap: 11, u: 0 | c_u: 0 | t_u_l: 28/992 | t_u_r: 16/992 | t_u: 44/1984) -> {'max_bond': 128, 'max_links': 4, 'total_elems': 190532, 'total_shapes': 3606, 'total_links': 390, 'num_tensors': 98}
2026-08-26 08:39:56,813 [INFO] [8R/2108](swap: 11, u: 0 | c_u: 0 | t_u_l: 28/992 | t_u_r: 16/992 | t_u: 44/1984) -> {'max_bond': 256, 'max_links': 4, 'total_elems': 315812, 'total_shapes': 4252, 'total_links': 390, 'num_tensors': 98}
2026-08-26 08:39:57,656 [INFO] [9R/2108](swap: 12, u: 1 | c_u: 1 | t_u_l: 28/992 | t_u_r: 17/992 | t_u: 45/1984) -> {'max_bond': 256, 'max_links': 4, 'total_elems': 603684, 'total_shapes': 5108, 'total_links': 390, 'num_tensors': 98}
2026-08-26 08:39:59,624 [INFO] [10R/2108](swap: 13, u: 0 | c_u: 1 | t_u_l: 28/992 | t_u_r: 17/992 | t_u: 45/1984) -> {'max_bond': 256, 'max_links': 4, 'total_elems': 908512, 'total_shapes': 5978, 'total_links': 390, 'num_tensors': 98}
2026-08-26 08:40:03,841 [INFO]     [start unswap] -> {'max_bond': 256, 'max_links': 4, 'total_elems': 908512, 'total_shapes': 5978, 'total_links': 390, 'num_tensors': 98}
2026-08-26 08:40:18,115 [INFO]     [0 | both | 0](candidate_pairs: 49/49 | new_swaps: 9 | total: 9) -> {'max_bond': 256, 'max_links': 4, 'total_elems': 1187364, 'total_shapes': 6608, 'total_links': 390, 'num_tensors': 98}
2026-08-26 08:40:32,406 [INFO]     [0 | both | 1](candidate_pairs: 48/48 | new_swaps: 16 | total: 25) -> {'max_bond': 256, 'max_links': 4, 'total_elems': 908388, 'total_shapes': 5368, 'total_links': 390, 'num_tensors': 98}
2026-08-26 08:40:36,982 [INFO]     [0 | left | 0](candidate_pairs: 49/49 | new_swaps: 18 | total: 43) -> {'max_bond': 256, 'max_links': 4, 'total_elems': 594292, 'total_shapes': 4344, 'total_links': 390, 'num_tensors': 98}
2026-08-26 08:40:40,579 [INFO]     [0 | left | 1](candidate_pairs: 48/48 | new_swaps: 15 | total: 58) -> {'max_bond': 256, 'max_links': 4, 'total_elems': 314532, 'total_shapes': 3548, 'total_links': 390, 'num_tensors': 98}
2026-08-26 08:40:41,420 [INFO]     [0 | right | 0](candidate_pairs: 49/49 | new_swaps: 12 | total: 70) -> {'max_bond': 128, 'max_links': 4, 'total_elems': 195576, 'total_shapes': 3034, 'total_links': 390, 'num_tensors': 98}
2026-08-26 08:40:42,163 [INFO]     [0 | right | 1](candidate_pairs: 48/48 | new_swaps: 10 | total: 80) -> {'max_bond': 128, 'max_links': 4, 'total_elems': 89224, 'total_shapes': 2582, 'total_links': 390, 'num_tensors': 98}
2026-08-26 08:40:42,512 [INFO]     [1 | both | 0](candidate_pairs: 49/49 | new_swaps: 13 | total: 13) -> {'max_bond': 64, 'max_links': 4, 'total_elems': 51628, 'total_shapes': 2148, 'total_links': 390, 'num_tensors': 98}
2026-08-26 08:40:42,780 [INFO]     [1 | both | 1](candidate_pairs: 48/48 | new_swaps: 9 | total: 22) -> {'max_bond': 64, 'max_links': 4, 'total_elems': 39856, 'total_shapes': 1970, 'total_links': 390, 'num_tensors': 98}
2026-08-26 08:40:42,905 [INFO]     [1 | left | 0](candidate_pairs: 49/49 | new_swaps: 5 | total: 27) -> {'max_bond': 32, 'max_links': 4, 'total_elems': 31536, 'total_shapes': 1816, 'total_links': 390, 'num_tensors': 98}
2026-08-26 08:40:43,028 [INFO]     [1 | left | 1](candidate_pairs: 48/48 | new_swaps: 8 | total: 35) -> {'max_bond': 32, 'max_links': 4, 'total_elems': 28400, 'total_shapes': 1708, 'total_links': 390, 'num_tensors': 98}
2026-08-26 08:40:43,139 [INFO]     [1 | right | 0](candidate_pairs: 49/49 | new_swaps: 4 | total: 39) -> {'max_bond': 32, 'max_links': 4, 'total_elems': 27284, 'total_shapes': 1662, 'total_links': 390, 'num_tensors': 98}
2026-08-26 08:40:43,247 [INFO]     [1 | right | 1](candidate_pairs: 48/48 | new_swaps: 2 | total: 41) -> {'max_bond': 32, 'max_links': 4, 'total_elems': 26072, 'total_shapes': 1632, 'total_links': 390, 'num_tensors': 98}
2026-08-26 08:40:43,458 [INFO]     [2 | both | 0](candidate_pairs: 49/49 | new_swaps: 9 | total: 9) -> {'max_bond': 32, 'max_links': 4, 'total_elems': 23392, 'total_shapes': 1544, 'total_links': 390, 'num_tensors': 98}
2026-08-26 08:40:43,661 [INFO]     [2 | both | 1](candidate_pairs: 48/48 | new_swaps: 6 | total: 15) -> {'max_bond': 32, 'max_links': 4, 'total_elems': 21880, 'total_shapes': 1488, 'total_links': 390, 'num_tensors': 98}
2026-08-26 08:40:43,770 [INFO]     [2 | left | 0](candidate_pairs: 49/49 | new_swaps: 3 | total: 18) -> {'max_bond': 32, 'max_links': 4, 'total_elems': 21184, 'total_shapes': 1456, 'total_links': 390, 'num_tensors': 98}
2026-08-26 08:40:43,877 [INFO]     [2 | left | 1](candidate_pairs: 48/48 | new_swaps: 2 | total: 20) -> {'max_bond': 32, 'max_links': 4, 'total_elems': 20624, 'total_shapes': 1436, 'total_links': 390, 'num_tensors': 98}
2026-08-26 08:40:43,983 [INFO]     [2 | right | 0](candidate_pairs: 49/49 | new_swaps: 2 | total: 22) -> {'max_bond': 32, 'max_links': 4, 'total_elems': 20440, 'total_shapes': 1420, 'total_links': 390, 'num_tensors': 98}
2026-08-26 08:40:44,093 [INFO]     [2 | right | 1](candidate_pairs: 48/48 | new_swaps: 3 | total: 25) -> {'max_bond': 32, 'max_links': 4, 'total_elems': 19592, 'total_shapes': 1396, 'total_links': 390, 'num_tensors': 98}
2026-08-26 08:40:44,299 [INFO]     [3 | both | 0](candidate_pairs: 49/49 | new_swaps: 5 | total: 5) -> {'max_bond': 32, 'max_links': 4, 'total_elems': 18688, 'total_shapes': 1364, 'total_links': 390, 'num_tensors': 98}
2026-08-26 08:40:44,500 [INFO]     [3 | both | 1](candidate_pairs: 48/48 | new_swaps: 3 | total: 8) -> {'max_bond': 32, 'max_links': 4, 'total_elems': 18532, 'total_shapes': 1350, 'total_links': 390, 'num_tensors': 98}
2026-08-26 08:40:44,552 [INFO]     [3 | left | 0](candidate_pairs: 49/49 | new_swaps: 0 | total: 8) -> {'max_bond': 32, 'max_links': 4, 'total_elems': 18532, 'total_shapes': 1350, 'total_links': 390, 'num_tensors': 98}
2026-08-26 08:40:44,664 [INFO]     [3 | left | 1](candidate_pairs: 48/48 | new_swaps: 2 | total: 10) -> {'max_bond': 32, 'max_links': 4, 'total_elems': 17716, 'total_shapes': 1330, 'total_links': 390, 'num_tensors': 98}
2026-08-26 08:40:44,752 [INFO]     [3 | right | 0](candidate_pairs: 49/49 | new_swaps: 1 | total: 11) -> {'max_bond': 32, 'max_links': 4, 'total_elems': 17668, 'total_shapes': 1326, 'total_links': 390, 'num_tensors': 98}
2026-08-26 08:40:44,803 [INFO]     [3 | right | 1](candidate_pairs: 48/48 | new_swaps: 0 | total: 11) -> {'max_bond': 32, 'max_links': 4, 'total_elems': 17668, 'total_shapes': 1326, 'total_links': 390, 'num_tensors': 98}
2026-08-26 08:40:44,976 [INFO]     [4 | both | 0](candidate_pairs: 49/49 | new_swaps: 1 | total: 1) -> {'max_bond': 32, 'max_links': 4, 'total_elems': 17620, 'total_shapes': 1322, 'total_links': 390, 'num_tensors': 98}
2026-08-26 08:40:45,082 [INFO]     [4 | both | 1](candidate_pairs: 48/48 | new_swaps: 0 | total: 1) -> {'max_bond': 32, 'max_links': 4, 'total_elems': 17620, 'total_shapes': 1322, 'total_links': 390, 'num_tensors': 98}
2026-08-26 08:40:45,133 [INFO]     [4 | left | 0](candidate_pairs: 49/49 | new_swaps: 0 | total: 1) -> {'max_bond': 32, 'max_links': 4, 'total_elems': 17620, 'total_shapes': 1322, 'total_links': 390, 'num_tensors': 98}
2026-08-26 08:40:45,185 [INFO]     [4 | left | 1](candidate_pairs: 48/48 | new_swaps: 0 | total: 1) -> {'max_bond': 32, 'max_links': 4, 'total_elems': 17620, 'total_shapes': 1322, 'total_links': 390, 'num_tensors': 98}
2026-08-26 08:40:45,234 [INFO]     [4 | right | 0](candidate_pairs: 49/49 | new_swaps: 0 | total: 1) -> {'max_bond': 32, 'max_links': 4, 'total_elems': 17620, 'total_shapes': 1322, 'total_links': 390, 'num_tensors': 98}
2026-08-26 08:40:45,284 [INFO]     [4 | right | 1](candidate_pairs: 48/48 | new_swaps: 0 | total: 1) -> {'max_bond': 32, 'max_links': 4, 'total_elems': 17620, 'total_shapes': 1322, 'total_links': 390, 'num_tensors': 98}
2026-08-26 08:40:45,383 [INFO]     [5 | both | 0](candidate_pairs: 49/49 | new_swaps: 0 | total: 0) -> {'max_bond': 32, 'max_links': 4, 'total_elems': 17620, 'total_shapes': 1322, 'total_links': 390, 'num_tensors': 98}
2026-08-26 08:40:45,491 [INFO]     [5 | both | 1](candidate_pairs: 48/48 | new_swaps: 0 | total: 0) -> {'max_bond': 32, 'max_links': 4, 'total_elems': 17620, 'total_shapes': 1322, 'total_links': 390, 'num_tensors': 98}
2026-08-26 08:40:45,543 [INFO]     [5 | left | 0](candidate_pairs: 49/49 | new_swaps: 0 | total: 0) -> {'max_bond': 32, 'max_links': 4, 'total_elems': 17620, 'total_shapes': 1322, 'total_links': 390, 'num_tensors': 98}
2026-08-26 08:40:45,596 [INFO]     [5 | left | 1](candidate_pairs: 48/48 | new_swaps: 0 | total: 0) -> {'max_bond': 32, 'max_links': 4, 'total_elems': 17620, 'total_shapes': 1322, 'total_links': 390, 'num_tensors': 98}
2026-08-26 08:40:45,646 [INFO]     [5 | right | 0](candidate_pairs: 49/49 | new_swaps: 0 | total: 0) -> {'max_bond': 32, 'max_links': 4, 'total_elems': 17620, 'total_shapes': 1322, 'total_links': 390, 'num_tensors': 98}
2026-08-26 08:40:45,697 [INFO]     [5 | right | 1](candidate_pairs: 48/48 | new_swaps: 0 | total: 0) -> {'max_bond': 32, 'max_links': 4, 'total_elems': 17620, 'total_shapes': 1322, 'total_links': 390, 'num_tensors': 98}
2026-08-26 08:40:45,698 [INFO]     [end unswap] -> {'max_bond': 32, 'max_links': 4, 'total_elems': 17620, 'total_shapes': 1322, 'total_links': 390, 'num_tensors': 98}
2026-08-26 08:40:45,741 [INFO] [start rewire](phase=post_unswap, cycle=16, side=left, layers=2599, trials=20, seed=123, parallel=False, route_candidates=2, route_score=lookahead_total)
2026-08-26 08:41:01,295 [INFO] [end rewire](phase=post_unswap, cycle=16, side=left, routed_layers=2334, elapsed_s=15.55)
2026-08-26 08:41:01,296 [INFO] [start rewire](phase=post_unswap, cycle=16, side=right, layers=2100, trials=20, seed=123, parallel=False, route_candidates=2, route_score=lookahead_total)
2026-08-26 08:41:17,901 [INFO] [end rewire](phase=post_unswap, cycle=16, side=right, routed_layers=2237, elapsed_s=16.60)
2026-08-26 08:41:18,103 [INFO] [1L/2332](swap: 17, u: 0 | c_u: 0 | t_u_l: 28/992 | t_u_r: 17/992 | t_u: 45/1984) -> {'max_bond': 32, 'max_links': 4, 'total_elems': 17620, 'total_shapes': 1322, 'total_links': 390, 'num_tensors': 98}
2026-08-26 08:41:18,214 [INFO] [2L/2332](swap: 18, u: 0 | c_u: 0 | t_u_l: 28/992 | t_u_r: 17/992 | t_u: 45/1984) -> {'max_bond': 32, 'max_links': 4, 'total_elems': 20292, 'total_shapes': 1476, 'total_links': 390, 'num_tensors': 98}
2026-08-26 08:41:18,330 [INFO] [1R/2235](swap: 15, u: 0 | c_u: 0 | t_u_l: 28/992 | t_u_r: 17/992 | t_u: 45/1984) -> {'max_bond': 32, 'max_links': 4, 'total_elems': 22472, 'total_shapes': 1580, 'total_links': 390, 'num_tensors': 98}
2026-08-26 08:41:18,452 [INFO] [2R/2235](swap: 13, u: 0 | c_u: 0 | t_u_l: 28/992 | t_u_r: 17/992 | t_u: 45/1984) -> {'max_bond': 32, 'max_links': 4, 'total_elems': 29236, 'total_shapes': 1760, 'total_links': 390, 'num_tensors': 98}
2026-08-26 08:41:18,577 [INFO] [3R/2235](swap: 14, u: 0 | c_u: 0 | t_u_l: 28/992 | t_u_r: 17/992 | t_u: 45/1984) -> {'max_bond': 32, 'max_links': 4, 'total_elems': 37312, 'total_shapes': 1964, 'total_links': 390, 'num_tensors': 98}
2026-08-26 08:41:18,706 [INFO] [3L/2332](swap: 20, u: 0 | c_u: 0 | t_u_l: 28/992 | t_u_r: 17/992 | t_u: 45/1984) -> {'max_bond': 32, 'max_links': 4, 'total_elems': 54440, 'total_shapes': 2288, 'total_links': 390, 'num_tensors': 98}
2026-08-26 08:41:18,862 [INFO] [4R/2235](swap: 12, u: 0 | c_u: 0 | t_u_l: 28/992 | t_u_r: 17/992 | t_u: 45/1984) -> {'max_bond': 64, 'max_links': 4, 'total_elems': 80328, 'total_shapes': 2682, 'total_links': 390, 'num_tensors': 98}
2026-08-26 08:41:19,052 [INFO] [5R/2235](swap: 14, u: 0 | c_u: 0 | t_u_l: 28/992 | t_u_r: 17/992 | t_u: 45/1984) -> {'max_bond': 64, 'max_links': 4, 'total_elems': 143428, 'total_shapes': 3224, 'total_links': 390, 'num_tensors': 98}
2026-08-26 08:41:19,334 [INFO] [4L/2332](swap: 16, u: 0 | c_u: 0 | t_u_l: 28/992 | t_u_r: 17/992 | t_u: 45/1984) -> {'max_bond': 128, 'max_links': 4, 'total_elems': 215776, 'total_shapes': 3878, 'total_links': 390, 'num_tensors': 98}
2026-08-26 08:41:19,726 [INFO] [5L/2332](swap: 17, u: 0 | c_u: 0 | t_u_l: 28/992 | t_u_r: 17/992 | t_u: 45/1984) -> {'max_bond': 128, 'max_links': 4, 'total_elems': 378432, 'total_shapes': 4652, 'total_links': 390, 'num_tensors': 98}
2026-08-26 08:41:20,491 [INFO] [6R/2235](swap: 15, u: 0 | c_u: 0 | t_u_l: 28/992 | t_u_r: 17/992 | t_u: 45/1984) -> {'max_bond': 256, 'max_links': 4, 'total_elems': 535136, 'total_shapes': 5530, 'total_links': 390, 'num_tensors': 98}
2026-08-26 08:41:21,986 [INFO]     [start unswap] -> {'max_bond': 256, 'max_links': 4, 'total_elems': 535136, 'total_shapes': 5530, 'total_links': 390, 'num_tensors': 98}
2026-08-26 08:41:30,107 [INFO]     [0 | both | 0](candidate_pairs: 49/49 | new_swaps: 6 | total: 6) -> {'max_bond': 256, 'max_links': 4, 'total_elems': 1138272, 'total_shapes': 7154, 'total_links': 390, 'num_tensors': 98}
2026-08-26 08:41:39,617 [INFO]     [0 | both | 1](candidate_pairs: 48/48 | new_swaps: 11 | total: 17) -> {'max_bond': 256, 'max_links': 4, 'total_elems': 656096, 'total_shapes': 5954, 'total_links': 390, 'num_tensors': 98}
2026-08-26 08:41:41,302 [INFO]     [0 | left | 0](candidate_pairs: 49/49 | new_swaps: 20 | total: 37) -> {'max_bond': 128, 'max_links': 4, 'total_elems': 245020, 'total_shapes': 4192, 'total_links': 390, 'num_tensors': 98}
2026-08-26 08:41:41,843 [INFO]     [0 | left | 1](candidate_pairs: 48/48 | new_swaps: 20 | total: 57) -> {'max_bond': 64, 'max_links': 4, 'total_elems': 111580, 'total_shapes': 3124, 'total_links': 390, 'num_tensors': 98}
2026-08-26 08:41:42,030 [INFO]     [0 | right | 0](candidate_pairs: 49/49 | new_swaps: 8 | total: 65) -> {'max_bond': 64, 'max_links': 4, 'total_elems': 96028, 'total_shapes': 2804, 'total_links': 390, 'num_tensors': 98}
2026-08-26 08:41:42,259 [INFO]     [0 | right | 1](candidate_pairs: 48/48 | new_swaps: 12 | total: 77) -> {'max_bond': 64, 'max_links': 4, 'total_elems': 80096, 'total_shapes': 2574, 'total_links': 390, 'num_tensors': 98}
2026-08-26 08:41:42,586 [INFO]     [1 | both | 0](candidate_pairs: 49/49 | new_swaps: 17 | total: 17) -> {'max_bond': 64, 'max_links': 4, 'total_elems': 53428, 'total_shapes': 2188, 'total_links': 390, 'num_tensors': 98}
2026-08-26 08:41:42,879 [INFO]     [1 | both | 1](candidate_pairs: 48/48 | new_swaps: 6 | total: 23) -> {'max_bond': 32, 'max_links': 4, 'total_elems': 41844, 'total_shapes': 1996, 'total_links': 390, 'num_tensors': 98}
2026-08-26 08:41:43,015 [INFO]     [1 | left | 0](candidate_pairs: 49/49 | new_swaps: 11 | total: 34) -> {'max_bond': 32, 'max_links': 4, 'total_elems': 32436, 'total_shapes': 1818, 'total_links': 390, 'num_tensors': 98}
2026-08-26 08:41:43,138 [INFO]     [1 | left | 1](candidate_pairs: 48/48 | new_swaps: 7 | total: 41) -> {'max_bond': 32, 'max_links': 4, 'total_elems': 29508, 'total_shapes': 1722, 'total_links': 390, 'num_tensors': 98}
2026-08-26 08:41:43,251 [INFO]     [1 | right | 0](candidate_pairs: 49/49 | new_swaps: 3 | total: 44) -> {'max_bond': 32, 'max_links': 4, 'total_elems': 28192, 'total_shapes': 1684, 'total_links': 390, 'num_tensors': 98}
2026-08-26 08:41:43,348 [INFO]     [1 | right | 1](candidate_pairs: 48/48 | new_swaps: 1 | total: 45) -> {'max_bond': 32, 'max_links': 4, 'total_elems': 27808, 'total_shapes': 1672, 'total_links': 390, 'num_tensors': 98}
2026-08-26 08:41:43,566 [INFO]     [2 | both | 0](candidate_pairs: 49/49 | new_swaps: 6 | total: 6) -> {'max_bond': 32, 'max_links': 4, 'total_elems': 26080, 'total_shapes': 1608, 'total_links': 390, 'num_tensors': 98}
2026-08-26 08:41:43,781 [INFO]     [2 | both | 1](candidate_pairs: 48/48 | new_swaps: 8 | total: 14) -> {'max_bond': 32, 'max_links': 4, 'total_elems': 22444, 'total_shapes': 1510, 'total_links': 390, 'num_tensors': 98}
2026-08-26 08:41:43,890 [INFO]     [2 | left | 0](candidate_pairs: 49/49 | new_swaps: 4 | total: 18) -> {'max_bond': 32, 'max_links': 4, 'total_elems': 21764, 'total_shapes': 1470, 'total_links': 390, 'num_tensors': 98}
2026-08-26 08:41:43,999 [INFO]     [2 | left | 1](candidate_pairs: 48/48 | new_swaps: 3 | total: 21) -> {'max_bond': 32, 'max_links': 4, 'total_elems': 21220, 'total_shapes': 1438, 'total_links': 390, 'num_tensors': 98}
2026-08-26 08:41:44,102 [INFO]     [2 | right | 0](candidate_pairs: 49/49 | new_swaps: 3 | total: 24) -> {'max_bond': 32, 'max_links': 4, 'total_elems': 19864, 'total_shapes': 1396, 'total_links': 390, 'num_tensors': 98}
2026-08-26 08:41:44,189 [INFO]     [2 | right | 1](candidate_pairs: 48/48 | new_swaps: 1 | total: 25) -> {'max_bond': 32, 'max_links': 4, 'total_elems': 19804, 'total_shapes': 1390, 'total_links': 390, 'num_tensors': 98}
2026-08-26 08:41:44,380 [INFO]     [3 | both | 0](candidate_pairs: 49/49 | new_swaps: 4 | total: 4) -> {'max_bond': 32, 'max_links': 4, 'total_elems': 19348, 'total_shapes': 1366, 'total_links': 390, 'num_tensors': 98}
2026-08-26 08:41:44,581 [INFO]     [3 | both | 1](candidate_pairs: 48/48 | new_swaps: 4 | total: 8) -> {'max_bond': 32, 'max_links': 4, 'total_elems': 18188, 'total_shapes': 1326, 'total_links': 390, 'num_tensors': 98}
2026-08-26 08:41:44,668 [INFO]     [3 | left | 0](candidate_pairs: 49/49 | new_swaps: 1 | total: 9) -> {'max_bond': 32, 'max_links': 4, 'total_elems': 17548, 'total_shapes': 1310, 'total_links': 390, 'num_tensors': 98}
2026-08-26 08:41:44,720 [INFO]     [3 | left | 1](candidate_pairs: 48/48 | new_swaps: 0 | total: 9) -> {'max_bond': 32, 'max_links': 4, 'total_elems': 17548, 'total_shapes': 1310, 'total_links': 390, 'num_tensors': 98}
2026-08-26 08:41:44,805 [INFO]     [3 | right | 0](candidate_pairs: 49/49 | new_swaps: 1 | total: 10) -> {'max_bond': 32, 'max_links': 4, 'total_elems': 17228, 'total_shapes': 1302, 'total_links': 390, 'num_tensors': 98}
2026-08-26 08:41:44,908 [INFO]     [3 | right | 1](candidate_pairs: 48/48 | new_swaps: 2 | total: 12) -> {'max_bond': 32, 'max_links': 4, 'total_elems': 16012, 'total_shapes': 1282, 'total_links': 390, 'num_tensors': 98}
2026-08-26 08:41:45,092 [INFO]     [4 | both | 0](candidate_pairs: 49/49 | new_swaps: 4 | total: 4) -> {'max_bond': 32, 'max_links': 4, 'total_elems': 13284, 'total_shapes': 1238, 'total_links': 390, 'num_tensors': 98}
2026-08-26 08:41:45,274 [INFO]     [4 | both | 1](candidate_pairs: 48/48 | new_swaps: 4 | total: 8) -> {'max_bond': 16, 'max_links': 4, 'total_elems': 10868, 'total_shapes': 1190, 'total_links': 390, 'num_tensors': 98}
2026-08-26 08:41:45,318 [INFO]     [4 | left | 0](candidate_pairs: 49/49 | new_swaps: 0 | total: 8) -> {'max_bond': 16, 'max_links': 4, 'total_elems': 10868, 'total_shapes': 1190, 'total_links': 390, 'num_tensors': 98}
2026-08-26 08:41:45,400 [INFO]     [4 | left | 1](candidate_pairs: 48/48 | new_swaps: 1 | total: 9) -> {'max_bond': 16, 'max_links': 4, 'total_elems': 9844, 'total_shapes': 1174, 'total_links': 390, 'num_tensors': 98}
2026-08-26 08:41:45,477 [INFO]     [4 | right | 0](candidate_pairs: 49/49 | new_swaps: 1 | total: 10) -> {'max_bond': 16, 'max_links': 4, 'total_elems': 9332, 'total_shapes': 1158, 'total_links': 390, 'num_tensors': 98}
2026-08-26 08:41:45,519 [INFO]     [4 | right | 1](candidate_pairs: 48/48 | new_swaps: 0 | total: 10) -> {'max_bond': 16, 'max_links': 4, 'total_elems': 9332, 'total_shapes': 1158, 'total_links': 390, 'num_tensors': 98}
2026-08-26 08:41:45,675 [INFO]     [5 | both | 0](candidate_pairs: 49/49 | new_swaps: 1 | total: 1) -> {'max_bond': 16, 'max_links': 4, 'total_elems': 8372, 'total_shapes': 1134, 'total_links': 390, 'num_tensors': 98}
2026-08-26 08:41:45,827 [INFO]     [5 | both | 1](candidate_pairs: 48/48 | new_swaps: 1 | total: 2) -> {'max_bond': 16, 'max_links': 4, 'total_elems': 7988, 'total_shapes': 1118, 'total_links': 390, 'num_tensors': 98}
2026-08-26 08:41:45,905 [INFO]     [5 | left | 0](candidate_pairs: 49/49 | new_swaps: 1 | total: 3) -> {'max_bond': 16, 'max_links': 4, 'total_elems': 7732, 'total_shapes': 1110, 'total_links': 390, 'num_tensors': 98}
2026-08-26 08:41:45,947 [INFO]     [5 | left | 1](candidate_pairs: 48/48 | new_swaps: 0 | total: 3) -> {'max_bond': 16, 'max_links': 4, 'total_elems': 7732, 'total_shapes': 1110, 'total_links': 390, 'num_tensors': 98}
2026-08-26 08:41:45,988 [INFO]     [5 | right | 0](candidate_pairs: 49/49 | new_swaps: 0 | total: 3) -> {'max_bond': 16, 'max_links': 4, 'total_elems': 7732, 'total_shapes': 1110, 'total_links': 390, 'num_tensors': 98}
2026-08-26 08:41:46,063 [INFO]     [5 | right | 1](candidate_pairs: 48/48 | new_swaps: 1 | total: 4) -> {'max_bond': 16, 'max_links': 4, 'total_elems': 7540, 'total_shapes': 1102, 'total_links': 390, 'num_tensors': 98}
2026-08-26 08:41:46,145 [INFO]     [6 | both | 0](candidate_pairs: 49/49 | new_swaps: 0 | total: 0) -> {'max_bond': 16, 'max_links': 4, 'total_elems': 7540, 'total_shapes': 1102, 'total_links': 390, 'num_tensors': 98}
2026-08-26 08:41:46,231 [INFO]     [6 | both | 1](candidate_pairs: 48/48 | new_swaps: 0 | total: 0) -> {'max_bond': 16, 'max_links': 4, 'total_elems': 7540, 'total_shapes': 1102, 'total_links': 390, 'num_tensors': 98}
2026-08-26 08:41:46,273 [INFO]     [6 | left | 0](candidate_pairs: 49/49 | new_swaps: 0 | total: 0) -> {'max_bond': 16, 'max_links': 4, 'total_elems': 7540, 'total_shapes': 1102, 'total_links': 390, 'num_tensors': 98}
2026-08-26 08:41:46,315 [INFO]     [6 | left | 1](candidate_pairs: 48/48 | new_swaps: 0 | total: 0) -> {'max_bond': 16, 'max_links': 4, 'total_elems': 7540, 'total_shapes': 1102, 'total_links': 390, 'num_tensors': 98}
2026-08-26 08:41:46,358 [INFO]     [6 | right | 0](candidate_pairs: 49/49 | new_swaps: 0 | total: 0) -> {'max_bond': 16, 'max_links': 4, 'total_elems': 7540, 'total_shapes': 1102, 'total_links': 390, 'num_tensors': 98}
2026-08-26 08:41:46,402 [INFO]     [6 | right | 1](candidate_pairs: 48/48 | new_swaps: 0 | total: 0) -> {'max_bond': 16, 'max_links': 4, 'total_elems': 7540, 'total_shapes': 1102, 'total_links': 390, 'num_tensors': 98}
2026-08-26 08:41:46,403 [INFO]     [end unswap] -> {'max_bond': 16, 'max_links': 4, 'total_elems': 7540, 'total_shapes': 1102, 'total_links': 390, 'num_tensors': 98}
2026-08-26 08:41:46,405 [INFO] [start rewire](phase=post_unswap, cycle=17, side=left, layers=2329, trials=20, seed=123, parallel=False, route_candidates=2, route_score=lookahead_total)
2026-08-26 08:41:59,742 [INFO] [end rewire](phase=post_unswap, cycle=17, side=left, routed_layers=2642, elapsed_s=13.34)
2026-08-26 08:41:59,742 [INFO] [start rewire](phase=post_unswap, cycle=17, side=right, layers=2231, trials=20, seed=123, parallel=False, route_candidates=2, route_score=lookahead_total)
2026-08-26 08:42:09,686 [INFO] [end rewire](phase=post_unswap, cycle=17, side=right, routed_layers=2348, elapsed_s=9.94)
2026-08-26 08:42:09,889 [INFO] [1L/2640](swap: 21, u: 0 | c_u: 0 | t_u_l: 28/992 | t_u_r: 17/992 | t_u: 45/1984) -> {'max_bond': 16, 'max_links': 4, 'total_elems': 7540, 'total_shapes': 1102, 'total_links': 390, 'num_tensors': 98}
2026-08-26 08:42:09,999 [INFO] [1R/2346](swap: 17, u: 0 | c_u: 0 | t_u_l: 28/992 | t_u_r: 17/992 | t_u: 45/1984) -> {'max_bond': 16, 'max_links': 4, 'total_elems': 10744, 'total_shapes': 1288, 'total_links': 390, 'num_tensors': 98}
2026-08-26 08:42:10,110 [INFO] [2L/2640](swap: 20, u: 1 | c_u: 1 | t_u_l: 29/992 | t_u_r: 17/992 | t_u: 46/1984) -> {'max_bond': 32, 'max_links': 4, 'total_elems': 17224, 'total_shapes': 1530, 'total_links': 390, 'num_tensors': 98}
2026-08-26 08:42:10,233 [INFO] [3L/2640](swap: 16, u: 1 | c_u: 2 | t_u_l: 30/992 | t_u_r: 17/992 | t_u: 47/1984) -> {'max_bond': 32, 'max_links': 4, 'total_elems': 24828, 'total_shapes': 1756, 'total_links': 390, 'num_tensors': 98}
2026-08-26 08:42:10,350 [INFO] [2R/2346](swap: 16, u: 0 | c_u: 2 | t_u_l: 30/992 | t_u_r: 17/992 | t_u: 47/1984) -> {'max_bond': 32, 'max_links': 4, 'total_elems': 41060, 'total_shapes': 2062, 'total_links': 390, 'num_tensors': 98}
2026-08-26 08:42:10,487 [INFO] [3R/2346](swap: 14, u: 0 | c_u: 2 | t_u_l: 30/992 | t_u_r: 17/992 | t_u: 47/1984) -> {'max_bond': 64, 'max_links': 4, 'total_elems': 58532, 'total_shapes': 2292, 'total_links': 390, 'num_tensors': 98}
2026-08-26 08:42:10,626 [INFO] [4R/2346](swap: 13, u: 0 | c_u: 2 | t_u_l: 30/992 | t_u_r: 17/992 | t_u: 47/1984) -> {'max_bond': 64, 'max_links': 4, 'total_elems': 74864, 'total_shapes': 2594, 'total_links': 390, 'num_tensors': 98}
2026-08-26 08:42:10,780 [INFO] [5R/2346](swap: 13, u: 0 | c_u: 2 | t_u_l: 30/992 | t_u_r: 17/992 | t_u: 47/1984) -> {'max_bond': 64, 'max_links': 4, 'total_elems': 99724, 'total_shapes': 3028, 'total_links': 390, 'num_tensors': 98}
2026-08-26 08:42:10,959 [INFO] [6R/2346](swap: 15, u: 0 | c_u: 2 | t_u_l: 30/992 | t_u_r: 17/992 | t_u: 47/1984) -> {'max_bond': 64, 'max_links': 4, 'total_elems': 150728, 'total_shapes': 3522, 'total_links': 390, 'num_tensors': 98}
2026-08-26 08:42:11,202 [INFO] [4L/2640](swap: 16, u: 0 | c_u: 2 | t_u_l: 30/992 | t_u_r: 17/992 | t_u: 47/1984) -> {'max_bond': 128, 'max_links': 4, 'total_elems': 234472, 'total_shapes': 4242, 'total_links': 390, 'num_tensors': 98}
2026-08-26 08:42:11,622 [INFO] [5L/2640](swap: 12, u: 0 | c_u: 2 | t_u_l: 30/992 | t_u_r: 17/992 | t_u: 47/1984) -> {'max_bond': 128, 'max_links': 4, 'total_elems': 375000, 'total_shapes': 4958, 'total_links': 390, 'num_tensors': 98}
2026-08-26 08:42:12,239 [INFO] [6L/2640](swap: 14, u: 0 | c_u: 2 | t_u_l: 30/992 | t_u_r: 17/992 | t_u: 47/1984) -> {'max_bond': 256, 'max_links': 4, 'total_elems': 619096, 'total_shapes': 6110, 'total_links': 390, 'num_tensors': 98}
2026-08-26 08:42:13,982 [INFO]     [start unswap] -> {'max_bond': 256, 'max_links': 4, 'total_elems': 619096, 'total_shapes': 6110, 'total_links': 390, 'num_tensors': 98}
2026-08-26 08:42:41,913 [INFO]     [0 | both | 0](candidate_pairs: 49/49 | new_swaps: 8 | total: 8) -> {'max_bond': 512, 'max_links': 4, 'total_elems': 1510640, 'total_shapes': 7866, 'total_links': 390, 'num_tensors': 98}
2026-08-26 08:42:52,555 [INFO]     [0 | both | 1](candidate_pairs: 48/48 | new_swaps: 12 | total: 20) -> {'max_bond': 256, 'max_links': 4, 'total_elems': 553008, 'total_shapes': 5730, 'total_links': 390, 'num_tensors': 98}
2026-08-26 08:42:53,899 [INFO]     [0 | left | 0](candidate_pairs: 49/49 | new_swaps: 22 | total: 42) -> {'max_bond': 64, 'max_links': 4, 'total_elems': 228568, 'total_shapes': 4010, 'total_links': 390, 'num_tensors': 98}
2026-08-26 08:42:54,424 [INFO]     [0 | left | 1](candidate_pairs: 48/48 | new_swaps: 23 | total: 65) -> {'max_bond': 64, 'max_links': 4, 'total_elems': 133272, 'total_shapes': 3150, 'total_links': 390, 'num_tensors': 98}
2026-08-26 08:42:54,674 [INFO]     [0 | right | 0](candidate_pairs: 49/49 | new_swaps: 6 | total: 71) -> {'max_bond': 64, 'max_links': 4, 'total_elems': 119772, 'total_shapes': 2928, 'total_links': 390, 'num_tensors': 98}
2026-08-26 08:42:54,970 [INFO]     [0 | right | 1](candidate_pairs: 48/48 | new_swaps: 11 | total: 82) -> {'max_bond': 64, 'max_links': 4, 'total_elems': 97120, 'total_shapes': 2690, 'total_links': 390, 'num_tensors': 98}
2026-08-26 08:42:55,400 [INFO]     [1 | both | 0](candidate_pairs: 49/49 | new_swaps: 20 | total: 20) -> {'max_bond': 64, 'max_links': 4, 'total_elems': 55092, 'total_shapes': 2144, 'total_links': 390, 'num_tensors': 98}
2026-08-26 08:42:55,693 [INFO]     [1 | both | 1](candidate_pairs: 48/48 | new_swaps: 10 | total: 30) -> {'max_bond': 32, 'max_links': 4, 'total_elems': 36340, 'total_shapes': 1864, 'total_links': 390, 'num_tensors': 98}
2026-08-26 08:42:55,834 [INFO]     [1 | left | 0](candidate_pairs: 49/49 | new_swaps: 8 | total: 38) -> {'max_bond': 32, 'max_links': 4, 'total_elems': 31572, 'total_shapes': 1728, 'total_links': 390, 'num_tensors': 98}
2026-08-26 08:42:55,963 [INFO]     [1 | left | 1](candidate_pairs: 48/48 | new_swaps: 8 | total: 46) -> {'max_bond': 32, 'max_links': 4, 'total_elems': 27948, 'total_shapes': 1626, 'total_links': 390, 'num_tensors': 98}
2026-08-26 08:42:56,095 [INFO]     [1 | right | 0](candidate_pairs: 49/49 | new_swaps: 4 | total: 50) -> {'max_bond': 32, 'max_links': 4, 'total_elems': 26068, 'total_shapes': 1586, 'total_links': 390, 'num_tensors': 98}
2026-08-26 08:42:56,207 [INFO]     [1 | right | 1](candidate_pairs: 48/48 | new_swaps: 4 | total: 54) -> {'max_bond': 32, 'max_links': 4, 'total_elems': 24980, 'total_shapes': 1550, 'total_links': 390, 'num_tensors': 98}
2026-08-26 08:42:56,447 [INFO]     [2 | both | 0](candidate_pairs: 49/49 | new_swaps: 2 | total: 2) -> {'max_bond': 32, 'max_links': 4, 'total_elems': 24200, 'total_shapes': 1532, 'total_links': 390, 'num_tensors': 98}
2026-08-26 08:42:56,666 [INFO]     [2 | both | 1](candidate_pairs: 48/48 | new_swaps: 8 | total: 10) -> {'max_bond': 32, 'max_links': 4, 'total_elems': 18656, 'total_shapes': 1420, 'total_links': 390, 'num_tensors': 98}
2026-08-26 08:42:56,772 [INFO]     [2 | left | 0](candidate_pairs: 49/49 | new_swaps: 3 | total: 13) -> {'max_bond': 32, 'max_links': 4, 'total_elems': 18188, 'total_shapes': 1394, 'total_links': 390, 'num_tensors': 98}
2026-08-26 08:42:56,866 [INFO]     [2 | left | 1](candidate_pairs: 48/48 | new_swaps: 1 | total: 14) -> {'max_bond': 32, 'max_links': 4, 'total_elems': 18124, 'total_shapes': 1390, 'total_links': 390, 'num_tensors': 98}
2026-08-26 08:42:56,973 [INFO]     [2 | right | 0](candidate_pairs: 49/49 | new_swaps: 2 | total: 16) -> {'max_bond': 32, 'max_links': 4, 'total_elems': 16732, 'total_shapes': 1354, 'total_links': 390, 'num_tensors': 98}
2026-08-26 08:42:57,064 [INFO]     [2 | right | 1](candidate_pairs: 48/48 | new_swaps: 1 | total: 17) -> {'max_bond': 32, 'max_links': 4, 'total_elems': 16092, 'total_shapes': 1338, 'total_links': 390, 'num_tensors': 98}
2026-08-26 08:42:57,254 [INFO]     [3 | both | 0](candidate_pairs: 49/49 | new_swaps: 4 | total: 4) -> {'max_bond': 32, 'max_links': 4, 'total_elems': 11568, 'total_shapes': 1264, 'total_links': 390, 'num_tensors': 98}
2026-08-26 08:42:57,453 [INFO]     [3 | both | 1](candidate_pairs: 48/48 | new_swaps: 2 | total: 6) -> {'max_bond': 16, 'max_links': 4, 'total_elems': 8868, 'total_shapes': 1206, 'total_links': 390, 'num_tensors': 98}
2026-08-26 08:42:57,551 [INFO]     [3 | left | 0](candidate_pairs: 49/49 | new_swaps: 2 | total: 8) -> {'max_bond': 16, 'max_links': 4, 'total_elems': 8228, 'total_shapes': 1182, 'total_links': 390, 'num_tensors': 98}
2026-08-26 08:42:57,646 [INFO]     [3 | left | 1](candidate_pairs: 48/48 | new_swaps: 1 | total: 9) -> {'max_bond': 16, 'max_links': 4, 'total_elems': 8084, 'total_shapes': 1170, 'total_links': 390, 'num_tensors': 98}
2026-08-26 08:42:57,690 [INFO]     [3 | right | 0](candidate_pairs: 49/49 | new_swaps: 0 | total: 9) -> {'max_bond': 16, 'max_links': 4, 'total_elems': 8084, 'total_shapes': 1170, 'total_links': 390, 'num_tensors': 98}
2026-08-26 08:42:57,775 [INFO]     [3 | right | 1](candidate_pairs: 48/48 | new_swaps: 1 | total: 10) -> {'max_bond': 16, 'max_links': 4, 'total_elems': 7892, 'total_shapes': 1162, 'total_links': 390, 'num_tensors': 98}
2026-08-26 08:42:57,951 [INFO]     [4 | both | 0](candidate_pairs: 49/49 | new_swaps: 1 | total: 1) -> {'max_bond': 16, 'max_links': 4, 'total_elems': 7700, 'total_shapes': 1154, 'total_links': 390, 'num_tensors': 98}
2026-08-26 08:42:58,114 [INFO]     [4 | both | 1](candidate_pairs: 48/48 | new_swaps: 1 | total: 2) -> {'max_bond': 16, 'max_links': 4, 'total_elems': 7604, 'total_shapes': 1146, 'total_links': 390, 'num_tensors': 98}
2026-08-26 08:42:58,158 [INFO]     [4 | left | 0](candidate_pairs: 49/49 | new_swaps: 0 | total: 2) -> {'max_bond': 16, 'max_links': 4, 'total_elems': 7604, 'total_shapes': 1146, 'total_links': 390, 'num_tensors': 98}
2026-08-26 08:42:58,241 [INFO]     [4 | left | 1](candidate_pairs: 48/48 | new_swaps: 1 | total: 3) -> {'max_bond': 16, 'max_links': 4, 'total_elems': 7556, 'total_shapes': 1142, 'total_links': 390, 'num_tensors': 98}
2026-08-26 08:42:58,321 [INFO]     [4 | right | 0](candidate_pairs: 49/49 | new_swaps: 1 | total: 4) -> {'max_bond': 16, 'max_links': 4, 'total_elems': 7364, 'total_shapes': 1130, 'total_links': 390, 'num_tensors': 98}
2026-08-26 08:42:58,389 [INFO]     [4 | right | 1](candidate_pairs: 48/48 | new_swaps: 0 | total: 4) -> {'max_bond': 16, 'max_links': 4, 'total_elems': 7364, 'total_shapes': 1130, 'total_links': 390, 'num_tensors': 98}
2026-08-26 08:42:58,558 [INFO]     [5 | both | 0](candidate_pairs: 49/49 | new_swaps: 1 | total: 1) -> {'max_bond': 16, 'max_links': 4, 'total_elems': 7316, 'total_shapes': 1126, 'total_links': 390, 'num_tensors': 98}
2026-08-26 08:42:58,717 [INFO]     [5 | both | 1](candidate_pairs: 48/48 | new_swaps: 1 | total: 2) -> {'max_bond': 16, 'max_links': 4, 'total_elems': 7268, 'total_shapes': 1122, 'total_links': 390, 'num_tensors': 98}
2026-08-26 08:42:58,759 [INFO]     [5 | left | 0](candidate_pairs: 49/49 | new_swaps: 0 | total: 2) -> {'max_bond': 16, 'max_links': 4, 'total_elems': 7268, 'total_shapes': 1122, 'total_links': 390, 'num_tensors': 98}
2026-08-26 08:42:58,802 [INFO]     [5 | left | 1](candidate_pairs: 48/48 | new_swaps: 0 | total: 2) -> {'max_bond': 16, 'max_links': 4, 'total_elems': 7268, 'total_shapes': 1122, 'total_links': 390, 'num_tensors': 98}
2026-08-26 08:42:58,843 [INFO]     [5 | right | 0](candidate_pairs: 49/49 | new_swaps: 0 | total: 2) -> {'max_bond': 16, 'max_links': 4, 'total_elems': 7268, 'total_shapes': 1122, 'total_links': 390, 'num_tensors': 98}
2026-08-26 08:42:58,885 [INFO]     [5 | right | 1](candidate_pairs: 48/48 | new_swaps: 0 | total: 2) -> {'max_bond': 16, 'max_links': 4, 'total_elems': 7268, 'total_shapes': 1122, 'total_links': 390, 'num_tensors': 98}
2026-08-26 08:42:59,041 [INFO]     [6 | both | 0](candidate_pairs: 49/49 | new_swaps: 1 | total: 1) -> {'max_bond': 16, 'max_links': 4, 'total_elems': 7220, 'total_shapes': 1118, 'total_links': 390, 'num_tensors': 98}
2026-08-26 08:42:59,131 [INFO]     [6 | both | 1](candidate_pairs: 48/48 | new_swaps: 0 | total: 1) -> {'max_bond': 16, 'max_links': 4, 'total_elems': 7220, 'total_shapes': 1118, 'total_links': 390, 'num_tensors': 98}
2026-08-26 08:42:59,180 [INFO]     [6 | left | 0](candidate_pairs: 49/49 | new_swaps: 0 | total: 1) -> {'max_bond': 16, 'max_links': 4, 'total_elems': 7220, 'total_shapes': 1118, 'total_links': 390, 'num_tensors': 98}
2026-08-26 08:42:59,227 [INFO]     [6 | left | 1](candidate_pairs: 48/48 | new_swaps: 0 | total: 1) -> {'max_bond': 16, 'max_links': 4, 'total_elems': 7220, 'total_shapes': 1118, 'total_links': 390, 'num_tensors': 98}
2026-08-26 08:42:59,270 [INFO]     [6 | right | 0](candidate_pairs: 49/49 | new_swaps: 0 | total: 1) -> {'max_bond': 16, 'max_links': 4, 'total_elems': 7220, 'total_shapes': 1118, 'total_links': 390, 'num_tensors': 98}
2026-08-26 08:42:59,315 [INFO]     [6 | right | 1](candidate_pairs: 48/48 | new_swaps: 0 | total: 1) -> {'max_bond': 16, 'max_links': 4, 'total_elems': 7220, 'total_shapes': 1118, 'total_links': 390, 'num_tensors': 98}
2026-08-26 08:42:59,402 [INFO]     [7 | both | 0](candidate_pairs: 49/49 | new_swaps: 0 | total: 0) -> {'max_bond': 16, 'max_links': 4, 'total_elems': 7220, 'total_shapes': 1118, 'total_links': 390, 'num_tensors': 98}
2026-08-26 08:42:59,491 [INFO]     [7 | both | 1](candidate_pairs: 48/48 | new_swaps: 0 | total: 0) -> {'max_bond': 16, 'max_links': 4, 'total_elems': 7220, 'total_shapes': 1118, 'total_links': 390, 'num_tensors': 98}
2026-08-26 08:42:59,535 [INFO]     [7 | left | 0](candidate_pairs: 49/49 | new_swaps: 0 | total: 0) -> {'max_bond': 16, 'max_links': 4, 'total_elems': 7220, 'total_shapes': 1118, 'total_links': 390, 'num_tensors': 98}
2026-08-26 08:42:59,579 [INFO]     [7 | left | 1](candidate_pairs: 48/48 | new_swaps: 0 | total: 0) -> {'max_bond': 16, 'max_links': 4, 'total_elems': 7220, 'total_shapes': 1118, 'total_links': 390, 'num_tensors': 98}
2026-08-26 08:42:59,623 [INFO]     [7 | right | 0](candidate_pairs: 49/49 | new_swaps: 0 | total: 0) -> {'max_bond': 16, 'max_links': 4, 'total_elems': 7220, 'total_shapes': 1118, 'total_links': 390, 'num_tensors': 98}
2026-08-26 08:42:59,667 [INFO]     [7 | right | 1](candidate_pairs: 48/48 | new_swaps: 0 | total: 0) -> {'max_bond': 16, 'max_links': 4, 'total_elems': 7220, 'total_shapes': 1118, 'total_links': 390, 'num_tensors': 98}
2026-08-26 08:42:59,668 [INFO]     [end unswap] -> {'max_bond': 16, 'max_links': 4, 'total_elems': 7220, 'total_shapes': 1118, 'total_links': 390, 'num_tensors': 98}
2026-08-26 08:42:59,715 [INFO] [start rewire](phase=post_unswap, cycle=18, side=left, layers=2636, trials=20, seed=123, parallel=False, route_candidates=2, route_score=lookahead_total)
2026-08-26 08:43:12,582 [INFO] [end rewire](phase=post_unswap, cycle=18, side=left, routed_layers=2394, elapsed_s=12.87)
2026-08-26 08:43:12,582 [INFO] [start rewire](phase=post_unswap, cycle=18, side=right, layers=2342, trials=20, seed=123, parallel=False, route_candidates=2, route_score=lookahead_total)
2026-08-26 08:43:25,830 [INFO] [end rewire](phase=post_unswap, cycle=18, side=right, routed_layers=2299, elapsed_s=13.25)
2026-08-26 08:43:26,020 [INFO] [1L/2392](swap: 20, u: 0 | c_u: 0 | t_u_l: 30/992 | t_u_r: 17/992 | t_u: 47/1984) -> {'max_bond': 16, 'max_links': 4, 'total_elems': 7220, 'total_shapes': 1118, 'total_links': 390, 'num_tensors': 98}
2026-08-26 08:43:26,148 [INFO] [1R/2297](swap: 13, u: 0 | c_u: 0 | t_u_l: 30/992 | t_u_r: 17/992 | t_u: 47/1984) -> {'max_bond': 16, 'max_links': 4, 'total_elems': 9812, 'total_shapes': 1298, 'total_links': 390, 'num_tensors': 98}
2026-08-26 08:43:26,262 [INFO] [2L/2392](swap: 21, u: 0 | c_u: 0 | t_u_l: 30/992 | t_u_r: 17/992 | t_u: 47/1984) -> {'max_bond': 32, 'max_links': 4, 'total_elems': 15628, 'total_shapes': 1506, 'total_links': 390, 'num_tensors': 98}
2026-08-26 08:43:26,381 [INFO] [2R/2297](swap: 17, u: 0 | c_u: 0 | t_u_l: 30/992 | t_u_r: 17/992 | t_u: 47/1984) -> {'max_bond': 32, 'max_links': 4, 'total_elems': 23800, 'total_shapes': 1764, 'total_links': 390, 'num_tensors': 98}
2026-08-26 08:43:26,511 [INFO] [3L/2392](swap: 22, u: 0 | c_u: 0 | t_u_l: 30/992 | t_u_r: 17/992 | t_u: 47/1984) -> {'max_bond': 32, 'max_links': 4, 'total_elems': 35016, 'total_shapes': 2038, 'total_links': 390, 'num_tensors': 98}
2026-08-26 08:43:26,685 [INFO] [3R/2297](swap: 16, u: 0 | c_u: 0 | t_u_l: 30/992 | t_u_r: 17/992 | t_u: 47/1984) -> {'max_bond': 64, 'max_links': 4, 'total_elems': 67264, 'total_shapes': 2640, 'total_links': 390, 'num_tensors': 98}
2026-08-26 08:43:26,862 [INFO] [4L/2392](swap: 14, u: 0 | c_u: 0 | t_u_l: 30/992 | t_u_r: 17/992 | t_u: 47/1984) -> {'max_bond': 64, 'max_links': 4, 'total_elems': 104736, 'total_shapes': 3120, 'total_links': 390, 'num_tensors': 98}
2026-08-26 08:43:27,115 [INFO] [5L/2392](swap: 15, u: 0 | c_u: 0 | t_u_l: 30/992 | t_u_r: 17/992 | t_u: 47/1984) -> {'max_bond': 128, 'max_links': 4, 'total_elems': 189984, 'total_shapes': 3924, 'total_links': 390, 'num_tensors': 98}
2026-08-26 08:43:27,591 [INFO] [4R/2297](swap: 17, u: 0 | c_u: 0 | t_u_l: 30/992 | t_u_r: 17/992 | t_u: 47/1984) -> {'max_bond': 128, 'max_links': 4, 'total_elems': 334368, 'total_shapes': 4644, 'total_links': 390, 'num_tensors': 98}
2026-08-26 08:43:28,464 [INFO] [5R/2297](swap: 14, u: 1 | c_u: 1 | t_u_l: 30/992 | t_u_r: 18/992 | t_u: 48/1984) -> {'max_bond': 256, 'max_links': 4, 'total_elems': 603264, 'total_shapes': 5842, 'total_links': 390, 'num_tensors': 98}
2026-08-26 08:43:29,853 [INFO] [6R/2297](swap: 12, u: 1 | c_u: 2 | t_u_l: 30/992 | t_u_r: 19/992 | t_u: 49/1984) -> {'max_bond': 256, 'max_links': 4, 'total_elems': 827712, 'total_shapes': 6714, 'total_links': 390, 'num_tensors': 98}
2026-08-26 08:43:32,213 [INFO]     [start unswap] -> {'max_bond': 256, 'max_links': 4, 'total_elems': 827712, 'total_shapes': 6714, 'total_links': 390, 'num_tensors': 98}
2026-08-26 08:44:07,821 [INFO]     [0 | both | 0](candidate_pairs: 49/49 | new_swaps: 9 | total: 9) -> {'max_bond': 512, 'max_links': 4, 'total_elems': 1550276, 'total_shapes': 7744, 'total_links': 390, 'num_tensors': 98}
2026-08-26 08:44:17,577 [INFO]     [0 | both | 1](candidate_pairs: 48/48 | new_swaps: 13 | total: 22) -> {'max_bond': 256, 'max_links': 4, 'total_elems': 553604, 'total_shapes': 5544, 'total_links': 390, 'num_tensors': 98}
2026-08-26 08:44:18,797 [INFO]     [0 | left | 0](candidate_pairs: 49/49 | new_swaps: 18 | total: 40) -> {'max_bond': 128, 'max_links': 4, 'total_elems': 247420, 'total_shapes': 4068, 'total_links': 390, 'num_tensors': 98}
2026-08-26 08:44:19,332 [INFO]     [0 | left | 1](candidate_pairs: 48/48 | new_swaps: 20 | total: 60) -> {'max_bond': 64, 'max_links': 4, 'total_elems': 130668, 'total_shapes': 3140, 'total_links': 390, 'num_tensors': 98}
2026-08-26 08:44:19,574 [INFO]     [0 | right | 0](candidate_pairs: 49/49 | new_swaps: 8 | total: 68) -> {'max_bond': 64, 'max_links': 4, 'total_elems': 111644, 'total_shapes': 2808, 'total_links': 390, 'num_tensors': 98}
2026-08-26 08:44:19,824 [INFO]     [0 | right | 1](candidate_pairs: 48/48 | new_swaps: 9 | total: 77) -> {'max_bond': 64, 'max_links': 4, 'total_elems': 83888, 'total_shapes': 2562, 'total_links': 390, 'num_tensors': 98}
