2026-08-26 08:44:22,209 [INFO] loaded <local-user>/code_projects/qat/tracker/data/classically-verifiable-problems/circuit-models/peaked_circuit/peaked_circuit_P11_Hqap_98x1999.qasm: qubits=98 ops={'u': 7996, 'cz': 1999}
2026-08-26 08:44:22,217 [INFO] Pass: Collect2qBlocks - 5.12004 (ms)
2026-08-26 08:44:22,229 [INFO] Pass: ConsolidateBlocks - 11.75690 (ms)
2026-08-26 08:44:22,230 [INFO] after two-qubit block consolidation: ops={'unitary': 1984}
2026-08-26 08:44:22,264 [INFO] environment: python=3.10.21 qiskit=1.4.5 quimb=1.11.2 numpy=2.2.6 scipy=1.15.2 machine=arm64
2026-08-26 08:44:22,568 [INFO] Total unitaries: 1984 = 992 (left) + 992 (right)
2026-08-26 08:44:22,569 [INFO] Rewiring with SabreSwap(trials=90, heuristic='decay', seed=123)
2026-08-26 08:44:22,569 [INFO] Post-unswap rewire candidate scoring enabled: candidates=2, score='lookahead_total', lookahead=8, seed_stride=1009
2026-08-26 08:44:22,569 [INFO] No-progress fail-fast guardrail enabled: abort after 40 consecutive zero-work unswap cycle(s)
2026-08-26 08:44:22,569 [INFO] [start rewire](phase=initial, side=left, layers=57, trials=90, seed=123, parallel=False)
2026-08-26 08:44:25,695 [INFO] [end rewire](phase=initial, side=left, routed_layers=2367, elapsed_s=3.13)
2026-08-26 08:44:25,696 [INFO] [start rewire](phase=initial, side=right, layers=71, trials=90, seed=123, parallel=False)
2026-08-26 08:44:28,225 [INFO] [end rewire](phase=initial, side=right, routed_layers=2266, elapsed_s=2.53)
2026-08-26 08:44:28,246 [INFO] [start compressing] -> {'max_bond': 1, 'max_links': 4, 'total_elems': 392, 'total_shapes': 586, 'total_links': 390, 'num_tensors': 98}
2026-08-26 08:44:28,346 [INFO] [1L/2365](swap: 19, u: 0 | c_u: 0 | t_u_l: 0/992 | t_u_r: 0/992 | t_u: 0/1984) -> {'max_bond': 1, 'max_links': 4, 'total_elems': 392, 'total_shapes': 586, 'total_links': 390, 'num_tensors': 98}
2026-08-26 08:44:28,350 [WARNING] live plot.png generation disabled: No module named 'matplotlib'
2026-08-26 08:44:28,440 [INFO] [1R/2264](swap: 14, u: 1 | c_u: 1 | t_u_l: 0/992 | t_u_r: 1/992 | t_u: 1/1984) -> {'max_bond': 4, 'max_links': 4, 'total_elems': 736, 'total_shapes': 672, 'total_links': 390, 'num_tensors': 98}
2026-08-26 08:44:28,531 [INFO] [2L/2365](swap: 21, u: 0 | c_u: 1 | t_u_l: 0/992 | t_u_r: 1/992 | t_u: 1/1984) -> {'max_bond': 4, 'max_links': 4, 'total_elems': 1288, 'total_shapes': 774, 'total_links': 390, 'num_tensors': 98}
2026-08-26 08:44:28,624 [INFO] [2R/2264](swap: 15, u: 0 | c_u: 1 | t_u_l: 0/992 | t_u_r: 1/992 | t_u: 1/1984) -> {'max_bond': 4, 'max_links': 4, 'total_elems': 2164, 'total_shapes': 846, 'total_links': 390, 'num_tensors': 98}
2026-08-26 08:44:28,716 [INFO] [3R/2264](swap: 15, u: 0 | c_u: 1 | t_u_l: 0/992 | t_u_r: 1/992 | t_u: 1/1984) -> {'max_bond': 16, 'max_links': 4, 'total_elems': 3596, 'total_shapes': 946, 'total_links': 390, 'num_tensors': 98}
2026-08-26 08:44:28,810 [INFO] [4R/2264](swap: 16, u: 0 | c_u: 1 | t_u_l: 0/992 | t_u_r: 1/992 | t_u: 1/1984) -> {'max_bond': 16, 'max_links': 4, 'total_elems': 6488, 'total_shapes': 1066, 'total_links': 390, 'num_tensors': 98}
2026-08-26 08:44:28,905 [INFO] [3L/2365](swap: 20, u: 2 | c_u: 3 | t_u_l: 2/992 | t_u_r: 1/992 | t_u: 3/1984) -> {'max_bond': 16, 'max_links': 4, 'total_elems': 10044, 'total_shapes': 1292, 'total_links': 390, 'num_tensors': 98}
2026-08-26 08:44:29,004 [INFO] [5R/2264](swap: 16, u: 0 | c_u: 3 | t_u_l: 2/992 | t_u_r: 1/992 | t_u: 3/1984) -> {'max_bond': 16, 'max_links': 4, 'total_elems': 17040, 'total_shapes': 1520, 'total_links': 390, 'num_tensors': 98}
2026-08-26 08:44:29,106 [INFO] [6R/2264](swap: 15, u: 0 | c_u: 3 | t_u_l: 2/992 | t_u_r: 1/992 | t_u: 3/1984) -> {'max_bond': 64, 'max_links': 4, 'total_elems': 30852, 'total_shapes': 1826, 'total_links': 390, 'num_tensors': 98}
2026-08-26 08:44:29,223 [INFO] [4L/2365](swap: 20, u: 0 | c_u: 3 | t_u_l: 2/992 | t_u_r: 1/992 | t_u: 3/1984) -> {'max_bond': 64, 'max_links': 4, 'total_elems': 55836, 'total_shapes': 2276, 'total_links': 390, 'num_tensors': 98}
2026-08-26 08:44:29,372 [INFO] [7R/2264](swap: 14, u: 1 | c_u: 4 | t_u_l: 2/992 | t_u_r: 2/992 | t_u: 4/1984) -> {'max_bond': 64, 'max_links': 4, 'total_elems': 106904, 'total_shapes': 2758, 'total_links': 390, 'num_tensors': 98}
2026-08-26 08:44:29,607 [INFO] [8R/2264](swap: 15, u: 0 | c_u: 4 | t_u_l: 2/992 | t_u_r: 2/992 | t_u: 4/1984) -> {'max_bond': 128, 'max_links': 4, 'total_elems': 195320, 'total_shapes': 3300, 'total_links': 390, 'num_tensors': 98}
2026-08-26 08:44:30,099 [INFO] [9R/2264](swap: 15, u: 0 | c_u: 4 | t_u_l: 2/992 | t_u_r: 2/992 | t_u: 4/1984) -> {'max_bond': 128, 'max_links': 4, 'total_elems': 304152, 'total_shapes': 3850, 'total_links': 390, 'num_tensors': 98}
2026-08-26 08:44:30,941 [INFO] [5L/2365](swap: 19, u: 0 | c_u: 4 | t_u_l: 2/992 | t_u_r: 2/992 | t_u: 4/1984) -> {'max_bond': 256, 'max_links': 4, 'total_elems': 596304, 'total_shapes': 5094, 'total_links': 390, 'num_tensors': 98}
2026-08-26 08:44:33,372 [INFO] [6L/2365](swap: 18, u: 1 | c_u: 5 | t_u_l: 3/992 | t_u_r: 2/992 | t_u: 5/1984) -> {'max_bond': 256, 'max_links': 4, 'total_elems': 800396, 'total_shapes': 5980, 'total_links': 390, 'num_tensors': 98}
2026-08-26 08:44:35,733 [INFO] [7L/2365](swap: 14, u: 2 | c_u: 7 | t_u_l: 5/992 | t_u_r: 2/992 | t_u: 7/1984) -> {'max_bond': 256, 'max_links': 4, 'total_elems': 868548, 'total_shapes': 6612, 'total_links': 390, 'num_tensors': 98}
2026-08-26 08:44:38,104 [INFO]     [start unswap] -> {'max_bond': 256, 'max_links': 4, 'total_elems': 868548, 'total_shapes': 6612, 'total_links': 390, 'num_tensors': 98}
2026-08-26 08:44:52,025 [INFO]     [0 | both | 0](candidate_pairs: 49/49 | new_swaps: 4 | total: 4) -> {'max_bond': 256, 'max_links': 4, 'total_elems': 1311812, 'total_shapes': 7412, 'total_links': 390, 'num_tensors': 98}
2026-08-26 08:45:03,102 [INFO]     [0 | both | 1](candidate_pairs: 48/48 | new_swaps: 12 | total: 16) -> {'max_bond': 256, 'max_links': 4, 'total_elems': 669988, 'total_shapes': 5734, 'total_links': 390, 'num_tensors': 98}
2026-08-26 08:45:05,223 [INFO]     [0 | left | 0](candidate_pairs: 49/49 | new_swaps: 14 | total: 30) -> {'max_bond': 128, 'max_links': 4, 'total_elems': 409540, 'total_shapes': 4584, 'total_links': 390, 'num_tensors': 98}
2026-08-26 08:45:06,485 [INFO]     [0 | left | 1](candidate_pairs: 48/48 | new_swaps: 23 | total: 53) -> {'max_bond': 128, 'max_links': 4, 'total_elems': 203520, 'total_shapes': 3490, 'total_links': 390, 'num_tensors': 98}
2026-08-26 08:45:06,850 [INFO]     [0 | right | 0](candidate_pairs: 49/49 | new_swaps: 12 | total: 65) -> {'max_bond': 64, 'max_links': 4, 'total_elems': 127368, 'total_shapes': 2854, 'total_links': 390, 'num_tensors': 98}
2026-08-26 08:45:07,178 [INFO]     [0 | right | 1](candidate_pairs: 48/48 | new_swaps: 14 | total: 79) -> {'max_bond': 64, 'max_links': 4, 'total_elems': 87848, 'total_shapes': 2478, 'total_links': 390, 'num_tensors': 98}
2026-08-26 08:45:07,589 [INFO]     [1 | both | 0](candidate_pairs: 49/49 | new_swaps: 20 | total: 20) -> {'max_bond': 64, 'max_links': 4, 'total_elems': 50676, 'total_shapes': 1940, 'total_links': 390, 'num_tensors': 98}
2026-08-26 08:45:07,877 [INFO]     [1 | both | 1](candidate_pairs: 48/48 | new_swaps: 13 | total: 33) -> {'max_bond': 64, 'max_links': 4, 'total_elems': 27212, 'total_shapes': 1536, 'total_links': 390, 'num_tensors': 98}
2026-08-26 08:45:08,000 [INFO]     [1 | left | 0](candidate_pairs: 49/49 | new_swaps: 14 | total: 47) -> {'max_bond': 32, 'max_links': 4, 'total_elems': 14660, 'total_shapes': 1262, 'total_links': 390, 'num_tensors': 98}
2026-08-26 08:45:08,103 [INFO]     [1 | left | 1](candidate_pairs: 48/48 | new_swaps: 10 | total: 57) -> {'max_bond': 32, 'max_links': 4, 'total_elems': 8724, 'total_shapes': 1130, 'total_links': 390, 'num_tensors': 98}
2026-08-26 08:45:08,196 [INFO]     [1 | right | 0](candidate_pairs: 49/49 | new_swaps: 7 | total: 64) -> {'max_bond': 16, 'max_links': 4, 'total_elems': 5796, 'total_shapes': 1026, 'total_links': 390, 'num_tensors': 98}
2026-08-26 08:45:08,287 [INFO]     [1 | right | 1](candidate_pairs: 48/48 | new_swaps: 6 | total: 70) -> {'max_bond': 16, 'max_links': 4, 'total_elems': 5256, 'total_shapes': 988, 'total_links': 390, 'num_tensors': 98}
2026-08-26 08:45:08,443 [INFO]     [2 | both | 0](candidate_pairs: 49/49 | new_swaps: 9 | total: 9) -> {'max_bond': 16, 'max_links': 4, 'total_elems': 3812, 'total_shapes': 926, 'total_links': 390, 'num_tensors': 98}
2026-08-26 08:45:08,601 [INFO]     [2 | both | 1](candidate_pairs: 48/48 | new_swaps: 13 | total: 22) -> {'max_bond': 8, 'max_links': 4, 'total_elems': 2660, 'total_shapes': 838, 'total_links': 390, 'num_tensors': 98}
2026-08-26 08:45:08,696 [INFO]     [2 | left | 0](candidate_pairs: 49/49 | new_swaps: 7 | total: 29) -> {'max_bond': 8, 'max_links': 4, 'total_elems': 2084, 'total_shapes': 790, 'total_links': 390, 'num_tensors': 98}
2026-08-26 08:45:08,785 [INFO]     [2 | left | 1](candidate_pairs: 48/48 | new_swaps: 3 | total: 32) -> {'max_bond': 4, 'max_links': 4, 'total_elems': 1856, 'total_shapes': 766, 'total_links': 390, 'num_tensors': 98}
2026-08-26 08:45:08,870 [INFO]     [2 | right | 0](candidate_pairs: 49/49 | new_swaps: 3 | total: 35) -> {'max_bond': 4, 'max_links': 4, 'total_elems': 1684, 'total_shapes': 750, 'total_links': 390, 'num_tensors': 98}
2026-08-26 08:45:08,954 [INFO]     [2 | right | 1](candidate_pairs: 48/48 | new_swaps: 1 | total: 36) -> {'max_bond': 4, 'max_links': 4, 'total_elems': 1624, 'total_shapes': 744, 'total_links': 390, 'num_tensors': 98}
2026-08-26 08:45:09,106 [INFO]     [3 | both | 0](candidate_pairs: 49/49 | new_swaps: 12 | total: 12) -> {'max_bond': 4, 'max_links': 4, 'total_elems': 1096, 'total_shapes': 692, 'total_links': 390, 'num_tensors': 98}
2026-08-26 08:45:09,257 [INFO]     [3 | both | 1](candidate_pairs: 48/48 | new_swaps: 6 | total: 18) -> {'max_bond': 4, 'max_links': 4, 'total_elems': 892, 'total_shapes': 670, 'total_links': 390, 'num_tensors': 98}
2026-08-26 08:45:09,337 [INFO]     [3 | left | 0](candidate_pairs: 49/49 | new_swaps: 1 | total: 19) -> {'max_bond': 4, 'max_links': 4, 'total_elems': 868, 'total_shapes': 666, 'total_links': 390, 'num_tensors': 98}
2026-08-26 08:45:09,419 [INFO]     [3 | left | 1](candidate_pairs: 48/48 | new_swaps: 5 | total: 24) -> {'max_bond': 4, 'max_links': 4, 'total_elems': 736, 'total_shapes': 640, 'total_links': 390, 'num_tensors': 98}
2026-08-26 08:45:09,498 [INFO]     [3 | right | 0](candidate_pairs: 49/49 | new_swaps: 1 | total: 25) -> {'max_bond': 4, 'max_links': 4, 'total_elems': 676, 'total_shapes': 634, 'total_links': 390, 'num_tensors': 98}
2026-08-26 08:45:09,532 [INFO]     [3 | right | 1](candidate_pairs: 48/48 | new_swaps: 0 | total: 25) -> {'max_bond': 4, 'max_links': 4, 'total_elems': 676, 'total_shapes': 634, 'total_links': 390, 'num_tensors': 98}
2026-08-26 08:45:09,676 [INFO]     [4 | both | 0](candidate_pairs: 49/49 | new_swaps: 6 | total: 6) -> {'max_bond': 4, 'max_links': 4, 'total_elems': 556, 'total_shapes': 618, 'total_links': 390, 'num_tensors': 98}
2026-08-26 08:45:09,818 [INFO]     [4 | both | 1](candidate_pairs: 48/48 | new_swaps: 3 | total: 9) -> {'max_bond': 4, 'max_links': 4, 'total_elems': 520, 'total_shapes': 612, 'total_links': 390, 'num_tensors': 98}
2026-08-26 08:45:09,852 [INFO]     [4 | left | 0](candidate_pairs: 49/49 | new_swaps: 0 | total: 9) -> {'max_bond': 4, 'max_links': 4, 'total_elems': 520, 'total_shapes': 612, 'total_links': 390, 'num_tensors': 98}
2026-08-26 08:45:09,931 [INFO]     [4 | left | 1](candidate_pairs: 48/48 | new_swaps: 1 | total: 10) -> {'max_bond': 4, 'max_links': 4, 'total_elems': 496, 'total_shapes': 606, 'total_links': 390, 'num_tensors': 98}
2026-08-26 08:45:09,964 [INFO]     [4 | right | 0](candidate_pairs: 49/49 | new_swaps: 0 | total: 10) -> {'max_bond': 4, 'max_links': 4, 'total_elems': 496, 'total_shapes': 606, 'total_links': 390, 'num_tensors': 98}
2026-08-26 08:45:09,998 [INFO]     [4 | right | 1](candidate_pairs: 48/48 | new_swaps: 0 | total: 10) -> {'max_bond': 4, 'max_links': 4, 'total_elems': 496, 'total_shapes': 606, 'total_links': 390, 'num_tensors': 98}
2026-08-26 08:45:10,063 [INFO]     [5 | both | 0](candidate_pairs: 49/49 | new_swaps: 0 | total: 0) -> {'max_bond': 4, 'max_links': 4, 'total_elems': 496, 'total_shapes': 606, 'total_links': 390, 'num_tensors': 98}
2026-08-26 08:45:10,128 [INFO]     [5 | both | 1](candidate_pairs: 48/48 | new_swaps: 0 | total: 0) -> {'max_bond': 4, 'max_links': 4, 'total_elems': 496, 'total_shapes': 606, 'total_links': 390, 'num_tensors': 98}
2026-08-26 08:45:10,163 [INFO]     [5 | left | 0](candidate_pairs: 49/49 | new_swaps: 0 | total: 0) -> {'max_bond': 4, 'max_links': 4, 'total_elems': 496, 'total_shapes': 606, 'total_links': 390, 'num_tensors': 98}
2026-08-26 08:45:10,197 [INFO]     [5 | left | 1](candidate_pairs: 48/48 | new_swaps: 0 | total: 0) -> {'max_bond': 4, 'max_links': 4, 'total_elems': 496, 'total_shapes': 606, 'total_links': 390, 'num_tensors': 98}
2026-08-26 08:45:10,230 [INFO]     [5 | right | 0](candidate_pairs: 49/49 | new_swaps: 0 | total: 0) -> {'max_bond': 4, 'max_links': 4, 'total_elems': 496, 'total_shapes': 606, 'total_links': 390, 'num_tensors': 98}
2026-08-26 08:45:10,263 [INFO]     [5 | right | 1](candidate_pairs: 48/48 | new_swaps: 0 | total: 0) -> {'max_bond': 4, 'max_links': 4, 'total_elems': 496, 'total_shapes': 606, 'total_links': 390, 'num_tensors': 98}
2026-08-26 08:45:10,264 [INFO]     [end unswap] -> {'max_bond': 4, 'max_links': 4, 'total_elems': 496, 'total_shapes': 606, 'total_links': 390, 'num_tensors': 98}
2026-08-26 08:45:10,268 [INFO] [start rewire](phase=post_unswap, cycle=1, side=left, layers=2360, trials=20, seed=123, parallel=False, route_candidates=2, route_score=lookahead_total)
2026-08-26 08:45:18,607 [INFO] [end rewire](phase=post_unswap, cycle=1, side=left, routed_layers=2386, elapsed_s=8.34)
2026-08-26 08:45:18,608 [INFO] [start rewire](phase=post_unswap, cycle=1, side=right, layers=2257, trials=20, seed=123, parallel=False, route_candidates=2, route_score=lookahead_total)
2026-08-26 08:45:26,564 [INFO] [end rewire](phase=post_unswap, cycle=1, side=right, routed_layers=2477, elapsed_s=7.96)
2026-08-26 08:45:26,701 [INFO] [1L/2384](swap: 22, u: 0 | c_u: 0 | t_u_l: 5/992 | t_u_r: 2/992 | t_u: 7/1984) -> {'max_bond': 4, 'max_links': 4, 'total_elems': 496, 'total_shapes': 606, 'total_links': 390, 'num_tensors': 98}
2026-08-26 08:45:26,819 [INFO] [1R/2475](swap: 16, u: 0 | c_u: 0 | t_u_l: 5/992 | t_u_r: 2/992 | t_u: 7/1984) -> {'max_bond': 4, 'max_links': 4, 'total_elems': 956, 'total_shapes': 700, 'total_links': 390, 'num_tensors': 98}
2026-08-26 08:45:26,941 [INFO] [2L/2384](swap: 21, u: 0 | c_u: 0 | t_u_l: 5/992 | t_u_r: 2/992 | t_u: 7/1984) -> {'max_bond': 4, 'max_links': 4, 'total_elems': 1656, 'total_shapes': 800, 'total_links': 390, 'num_tensors': 98}
2026-08-26 08:45:27,045 [INFO] [2R/2475](swap: 17, u: 0 | c_u: 0 | t_u_l: 5/992 | t_u_r: 2/992 | t_u: 7/1984) -> {'max_bond': 4, 'max_links': 4, 'total_elems': 2416, 'total_shapes': 870, 'total_links': 390, 'num_tensors': 98}
2026-08-26 08:45:27,176 [INFO] [3L/2384](swap: 20, u: 0 | c_u: 0 | t_u_l: 5/992 | t_u_r: 2/992 | t_u: 7/1984) -> {'max_bond': 16, 'max_links': 4, 'total_elems': 4132, 'total_shapes': 1004, 'total_links': 390, 'num_tensors': 98}
2026-08-26 08:45:27,281 [INFO] [4L/2384](swap: 19, u: 0 | c_u: 0 | t_u_l: 5/992 | t_u_r: 2/992 | t_u: 7/1984) -> {'max_bond': 16, 'max_links': 4, 'total_elems': 7828, 'total_shapes': 1166, 'total_links': 390, 'num_tensors': 98}
2026-08-26 08:45:27,394 [INFO] [5L/2384](swap: 17, u: 1 | c_u: 1 | t_u_l: 6/992 | t_u_r: 2/992 | t_u: 8/1984) -> {'max_bond': 16, 'max_links': 4, 'total_elems': 12456, 'total_shapes': 1370, 'total_links': 390, 'num_tensors': 98}
2026-08-26 08:45:27,504 [INFO] [6L/2384](swap: 15, u: 1 | c_u: 2 | t_u_l: 7/992 | t_u_r: 2/992 | t_u: 9/1984) -> {'max_bond': 16, 'max_links': 4, 'total_elems': 20128, 'total_shapes': 1626, 'total_links': 390, 'num_tensors': 98}
2026-08-26 08:45:27,654 [INFO] [7L/2384](swap: 15, u: 0 | c_u: 2 | t_u_l: 7/992 | t_u_r: 2/992 | t_u: 9/1984) -> {'max_bond': 64, 'max_links': 4, 'total_elems': 39964, 'total_shapes': 2040, 'total_links': 390, 'num_tensors': 98}
2026-08-26 08:45:27,815 [INFO] [8L/2384](swap: 13, u: 0 | c_u: 2 | t_u_l: 7/992 | t_u_r: 2/992 | t_u: 9/1984) -> {'max_bond': 64, 'max_links': 4, 'total_elems': 62876, 'total_shapes': 2284, 'total_links': 390, 'num_tensors': 98}
2026-08-26 08:45:28,040 [INFO] [9L/2384](swap: 13, u: 0 | c_u: 2 | t_u_l: 7/992 | t_u_r: 2/992 | t_u: 9/1984) -> {'max_bond': 64, 'max_links': 4, 'total_elems': 75032, 'total_shapes': 2506, 'total_links': 390, 'num_tensors': 98}
2026-08-26 08:45:28,235 [INFO] [10L/2384](swap: 13, u: 0 | c_u: 2 | t_u_l: 7/992 | t_u_r: 2/992 | t_u: 9/1984) -> {'max_bond': 64, 'max_links': 4, 'total_elems': 94136, 'total_shapes': 2836, 'total_links': 390, 'num_tensors': 98}
2026-08-26 08:45:28,459 [INFO] [11L/2384](swap: 13, u: 0 | c_u: 2 | t_u_l: 7/992 | t_u_r: 2/992 | t_u: 9/1984) -> {'max_bond': 64, 'max_links': 4, 'total_elems': 129716, 'total_shapes': 3154, 'total_links': 390, 'num_tensors': 98}
2026-08-26 08:45:28,692 [INFO] [12L/2384](swap: 12, u: 1 | c_u: 3 | t_u_l: 8/992 | t_u_r: 2/992 | t_u: 10/1984) -> {'max_bond': 64, 'max_links': 4, 'total_elems': 182896, 'total_shapes': 3672, 'total_links': 390, 'num_tensors': 98}
2026-08-26 08:45:29,128 [INFO] [3R/2475](swap: 15, u: 0 | c_u: 3 | t_u_l: 8/992 | t_u_r: 2/992 | t_u: 10/1984) -> {'max_bond': 64, 'max_links': 4, 'total_elems': 249448, 'total_shapes': 4020, 'total_links': 390, 'num_tensors': 98}
2026-08-26 08:45:29,769 [INFO] [13L/2384](swap: 12, u: 2 | c_u: 5 | t_u_l: 10/992 | t_u_r: 2/992 | t_u: 12/1984) -> {'max_bond': 64, 'max_links': 4, 'total_elems': 313764, 'total_shapes': 4490, 'total_links': 390, 'num_tensors': 98}
2026-08-26 08:45:30,472 [INFO] [4R/2475](swap: 15, u: 1 | c_u: 6 | t_u_l: 10/992 | t_u_r: 3/992 | t_u: 13/1984) -> {'max_bond': 256, 'max_links': 4, 'total_elems': 519168, 'total_shapes': 5558, 'total_links': 390, 'num_tensors': 98}
2026-08-26 08:45:31,529 [INFO] [14L/2384](swap: 14, u: 1 | c_u: 7 | t_u_l: 11/992 | t_u_r: 3/992 | t_u: 14/1984) -> {'max_bond': 256, 'max_links': 4, 'total_elems': 782528, 'total_shapes': 6658, 'total_links': 390, 'num_tensors': 98}
2026-08-26 08:45:33,690 [INFO]     [start unswap] -> {'max_bond': 256, 'max_links': 4, 'total_elems': 782528, 'total_shapes': 6658, 'total_links': 390, 'num_tensors': 98}
2026-08-26 08:45:49,948 [INFO]     [0 | both | 0](candidate_pairs: 49/49 | new_swaps: 7 | total: 7) -> {'max_bond': 256, 'max_links': 4, 'total_elems': 1637088, 'total_shapes': 7564, 'total_links': 390, 'num_tensors': 98}
2026-08-26 08:46:17,531 [INFO]     [0 | both | 1](candidate_pairs: 48/48 | new_swaps: 12 | total: 19) -> {'max_bond': 256, 'max_links': 4, 'total_elems': 1373432, 'total_shapes': 6272, 'total_links': 390, 'num_tensors': 98}
2026-08-26 08:46:28,095 [INFO]     [0 | left | 0](candidate_pairs: 49/49 | new_swaps: 15 | total: 34) -> {'max_bond': 256, 'max_links': 4, 'total_elems': 424432, 'total_shapes': 4522, 'total_links': 390, 'num_tensors': 98}
2026-08-26 08:46:29,107 [INFO]     [0 | left | 1](candidate_pairs: 48/48 | new_swaps: 15 | total: 49) -> {'max_bond': 64, 'max_links': 4, 'total_elems': 140152, 'total_shapes': 3078, 'total_links': 390, 'num_tensors': 98}
2026-08-26 08:46:29,381 [INFO]     [0 | right | 0](candidate_pairs: 49/49 | new_swaps: 9 | total: 58) -> {'max_bond': 64, 'max_links': 4, 'total_elems': 119992, 'total_shapes': 2730, 'total_links': 390, 'num_tensors': 98}
2026-08-26 08:46:29,736 [INFO]     [0 | right | 1](candidate_pairs: 48/48 | new_swaps: 11 | total: 69) -> {'max_bond': 64, 'max_links': 4, 'total_elems': 85504, 'total_shapes': 2436, 'total_links': 390, 'num_tensors': 98}
2026-08-26 08:46:30,110 [INFO]     [1 | both | 0](candidate_pairs: 49/49 | new_swaps: 14 | total: 14) -> {'max_bond': 64, 'max_links': 4, 'total_elems': 35764, 'total_shapes': 1914, 'total_links': 390, 'num_tensors': 98}
2026-08-26 08:46:30,312 [INFO]     [1 | both | 1](candidate_pairs: 48/48 | new_swaps: 11 | total: 25) -> {'max_bond': 16, 'max_links': 4, 'total_elems': 20948, 'total_shapes': 1594, 'total_links': 390, 'num_tensors': 98}
2026-08-26 08:46:30,410 [INFO]     [1 | left | 0](candidate_pairs: 49/49 | new_swaps: 5 | total: 30) -> {'max_bond': 16, 'max_links': 4, 'total_elems': 18904, 'total_shapes': 1512, 'total_links': 390, 'num_tensors': 98}
2026-08-26 08:46:30,511 [INFO]     [1 | left | 1](candidate_pairs: 48/48 | new_swaps: 7 | total: 37) -> {'max_bond': 16, 'max_links': 4, 'total_elems': 17872, 'total_shapes': 1450, 'total_links': 390, 'num_tensors': 98}
2026-08-26 08:46:30,610 [INFO]     [1 | right | 0](candidate_pairs: 49/49 | new_swaps: 9 | total: 46) -> {'max_bond': 16, 'max_links': 4, 'total_elems': 14584, 'total_shapes': 1344, 'total_links': 390, 'num_tensors': 98}
2026-08-26 08:46:30,705 [INFO]     [1 | right | 1](candidate_pairs: 48/48 | new_swaps: 6 | total: 52) -> {'max_bond': 16, 'max_links': 4, 'total_elems': 12112, 'total_shapes': 1264, 'total_links': 390, 'num_tensors': 98}
2026-08-26 08:46:30,876 [INFO]     [2 | both | 0](candidate_pairs: 49/49 | new_swaps: 12 | total: 12) -> {'max_bond': 16, 'max_links': 4, 'total_elems': 8768, 'total_shapes': 1148, 'total_links': 390, 'num_tensors': 98}
2026-08-26 08:46:31,041 [INFO]     [2 | both | 1](candidate_pairs: 48/48 | new_swaps: 12 | total: 24) -> {'max_bond': 16, 'max_links': 4, 'total_elems': 5312, 'total_shapes': 1024, 'total_links': 390, 'num_tensors': 98}
2026-08-26 08:46:31,132 [INFO]     [2 | left | 0](candidate_pairs: 49/49 | new_swaps: 5 | total: 29) -> {'max_bond': 8, 'max_links': 4, 'total_elems': 4016, 'total_shapes': 958, 'total_links': 390, 'num_tensors': 98}
2026-08-26 08:46:31,225 [INFO]     [2 | left | 1](candidate_pairs: 48/48 | new_swaps: 7 | total: 36) -> {'max_bond': 8, 'max_links': 4, 'total_elems': 3548, 'total_shapes': 916, 'total_links': 390, 'num_tensors': 98}
2026-08-26 08:46:31,312 [INFO]     [2 | right | 0](candidate_pairs: 49/49 | new_swaps: 6 | total: 42) -> {'max_bond': 8, 'max_links': 4, 'total_elems': 3124, 'total_shapes': 876, 'total_links': 390, 'num_tensors': 98}
2026-08-26 08:46:31,396 [INFO]     [2 | right | 1](candidate_pairs: 48/48 | new_swaps: 3 | total: 45) -> {'max_bond': 8, 'max_links': 4, 'total_elems': 2944, 'total_shapes': 862, 'total_links': 390, 'num_tensors': 98}
2026-08-26 08:46:31,549 [INFO]     [3 | both | 0](candidate_pairs: 49/49 | new_swaps: 7 | total: 7) -> {'max_bond': 8, 'max_links': 4, 'total_elems': 2368, 'total_shapes': 822, 'total_links': 390, 'num_tensors': 98}
2026-08-26 08:46:31,702 [INFO]     [3 | both | 1](candidate_pairs: 48/48 | new_swaps: 9 | total: 16) -> {'max_bond': 4, 'max_links': 4, 'total_elems': 1744, 'total_shapes': 766, 'total_links': 390, 'num_tensors': 98}
2026-08-26 08:46:31,787 [INFO]     [3 | left | 0](candidate_pairs: 49/49 | new_swaps: 3 | total: 19) -> {'max_bond': 4, 'max_links': 4, 'total_elems': 1648, 'total_shapes': 754, 'total_links': 390, 'num_tensors': 98}
2026-08-26 08:46:31,872 [INFO]     [3 | left | 1](candidate_pairs: 48/48 | new_swaps: 2 | total: 21) -> {'max_bond': 4, 'max_links': 4, 'total_elems': 1592, 'total_shapes': 744, 'total_links': 390, 'num_tensors': 98}
2026-08-26 08:46:31,955 [INFO]     [3 | right | 0](candidate_pairs: 49/49 | new_swaps: 2 | total: 23) -> {'max_bond': 4, 'max_links': 4, 'total_elems': 1472, 'total_shapes': 732, 'total_links': 390, 'num_tensors': 98}
2026-08-26 08:46:32,037 [INFO]     [3 | right | 1](candidate_pairs: 48/48 | new_swaps: 2 | total: 25) -> {'max_bond': 4, 'max_links': 4, 'total_elems': 1364, 'total_shapes': 722, 'total_links': 390, 'num_tensors': 98}
2026-08-26 08:46:32,186 [INFO]     [4 | both | 0](candidate_pairs: 49/49 | new_swaps: 7 | total: 7) -> {'max_bond': 4, 'max_links': 4, 'total_elems': 1132, 'total_shapes': 698, 'total_links': 390, 'num_tensors': 98}
2026-08-26 08:46:32,335 [INFO]     [4 | both | 1](candidate_pairs: 48/48 | new_swaps: 5 | total: 12) -> {'max_bond': 4, 'max_links': 4, 'total_elems': 988, 'total_shapes': 682, 'total_links': 390, 'num_tensors': 98}
2026-08-26 08:46:32,371 [INFO]     [4 | left | 0](candidate_pairs: 49/49 | new_swaps: 0 | total: 12) -> {'max_bond': 4, 'max_links': 4, 'total_elems': 988, 'total_shapes': 682, 'total_links': 390, 'num_tensors': 98}
2026-08-26 08:46:32,456 [INFO]     [4 | left | 1](candidate_pairs: 48/48 | new_swaps: 2 | total: 14) -> {'max_bond': 4, 'max_links': 4, 'total_elems': 932, 'total_shapes': 674, 'total_links': 390, 'num_tensors': 98}
2026-08-26 08:46:32,492 [INFO]     [4 | right | 0](candidate_pairs: 49/49 | new_swaps: 0 | total: 14) -> {'max_bond': 4, 'max_links': 4, 'total_elems': 932, 'total_shapes': 674, 'total_links': 390, 'num_tensors': 98}
2026-08-26 08:46:32,528 [INFO]     [4 | right | 1](candidate_pairs: 48/48 | new_swaps: 0 | total: 14) -> {'max_bond': 4, 'max_links': 4, 'total_elems': 932, 'total_shapes': 674, 'total_links': 390, 'num_tensors': 98}
2026-08-26 08:46:32,677 [INFO]     [5 | both | 0](candidate_pairs: 49/49 | new_swaps: 6 | total: 6) -> {'max_bond': 4, 'max_links': 4, 'total_elems': 776, 'total_shapes': 656, 'total_links': 390, 'num_tensors': 98}
2026-08-26 08:46:32,824 [INFO]     [5 | both | 1](candidate_pairs: 48/48 | new_swaps: 4 | total: 10) -> {'max_bond': 4, 'max_links': 4, 'total_elems': 728, 'total_shapes': 648, 'total_links': 390, 'num_tensors': 98}
2026-08-26 08:46:32,859 [INFO]     [5 | left | 0](candidate_pairs: 49/49 | new_swaps: 0 | total: 10) -> {'max_bond': 4, 'max_links': 4, 'total_elems': 728, 'total_shapes': 648, 'total_links': 390, 'num_tensors': 98}
2026-08-26 08:46:32,941 [INFO]     [5 | left | 1](candidate_pairs: 48/48 | new_swaps: 1 | total: 11) -> {'max_bond': 2, 'max_links': 4, 'total_elems': 704, 'total_shapes': 644, 'total_links': 390, 'num_tensors': 98}
2026-08-26 08:46:32,977 [INFO]     [5 | right | 0](candidate_pairs: 49/49 | new_swaps: 0 | total: 11) -> {'max_bond': 2, 'max_links': 4, 'total_elems': 704, 'total_shapes': 644, 'total_links': 390, 'num_tensors': 98}
2026-08-26 08:46:33,013 [INFO]     [5 | right | 1](candidate_pairs: 48/48 | new_swaps: 0 | total: 11) -> {'max_bond': 2, 'max_links': 4, 'total_elems': 704, 'total_shapes': 644, 'total_links': 390, 'num_tensors': 98}
2026-08-26 08:46:33,168 [INFO]     [6 | both | 0](candidate_pairs: 49/49 | new_swaps: 4 | total: 4) -> {'max_bond': 2, 'max_links': 4, 'total_elems': 656, 'total_shapes': 636, 'total_links': 390, 'num_tensors': 98}
2026-08-26 08:46:33,317 [INFO]     [6 | both | 1](candidate_pairs: 48/48 | new_swaps: 4 | total: 8) -> {'max_bond': 2, 'max_links': 4, 'total_elems': 608, 'total_shapes': 628, 'total_links': 390, 'num_tensors': 98}
2026-08-26 08:46:33,353 [INFO]     [6 | left | 0](candidate_pairs: 49/49 | new_swaps: 0 | total: 8) -> {'max_bond': 2, 'max_links': 4, 'total_elems': 608, 'total_shapes': 628, 'total_links': 390, 'num_tensors': 98}
2026-08-26 08:46:33,389 [INFO]     [6 | left | 1](candidate_pairs: 48/48 | new_swaps: 0 | total: 8) -> {'max_bond': 2, 'max_links': 4, 'total_elems': 608, 'total_shapes': 628, 'total_links': 390, 'num_tensors': 98}
2026-08-26 08:46:33,424 [INFO]     [6 | right | 0](candidate_pairs: 49/49 | new_swaps: 0 | total: 8) -> {'max_bond': 2, 'max_links': 4, 'total_elems': 608, 'total_shapes': 628, 'total_links': 390, 'num_tensors': 98}
2026-08-26 08:46:33,459 [INFO]     [6 | right | 1](candidate_pairs: 48/48 | new_swaps: 0 | total: 8) -> {'max_bond': 2, 'max_links': 4, 'total_elems': 608, 'total_shapes': 628, 'total_links': 390, 'num_tensors': 98}
2026-08-26 08:46:33,618 [INFO]     [7 | both | 0](candidate_pairs: 49/49 | new_swaps: 3 | total: 3) -> {'max_bond': 2, 'max_links': 4, 'total_elems': 572, 'total_shapes': 622, 'total_links': 390, 'num_tensors': 98}
2026-08-26 08:46:33,770 [INFO]     [7 | both | 1](candidate_pairs: 48/48 | new_swaps: 1 | total: 4) -> {'max_bond': 2, 'max_links': 4, 'total_elems': 560, 'total_shapes': 620, 'total_links': 390, 'num_tensors': 98}
2026-08-26 08:46:33,807 [INFO]     [7 | left | 0](candidate_pairs: 49/49 | new_swaps: 0 | total: 4) -> {'max_bond': 2, 'max_links': 4, 'total_elems': 560, 'total_shapes': 620, 'total_links': 390, 'num_tensors': 98}
2026-08-26 08:46:33,844 [INFO]     [7 | left | 1](candidate_pairs: 48/48 | new_swaps: 0 | total: 4) -> {'max_bond': 2, 'max_links': 4, 'total_elems': 560, 'total_shapes': 620, 'total_links': 390, 'num_tensors': 98}
2026-08-26 08:46:33,881 [INFO]     [7 | right | 0](candidate_pairs: 49/49 | new_swaps: 0 | total: 4) -> {'max_bond': 2, 'max_links': 4, 'total_elems': 560, 'total_shapes': 620, 'total_links': 390, 'num_tensors': 98}
2026-08-26 08:46:33,918 [INFO]     [7 | right | 1](candidate_pairs: 48/48 | new_swaps: 0 | total: 4) -> {'max_bond': 2, 'max_links': 4, 'total_elems': 560, 'total_shapes': 620, 'total_links': 390, 'num_tensors': 98}
2026-08-26 08:46:34,064 [INFO]     [8 | both | 0](candidate_pairs: 49/49 | new_swaps: 1 | total: 1) -> {'max_bond': 2, 'max_links': 4, 'total_elems': 548, 'total_shapes': 618, 'total_links': 390, 'num_tensors': 98}
2026-08-26 08:46:34,131 [INFO]     [8 | both | 1](candidate_pairs: 48/48 | new_swaps: 0 | total: 1) -> {'max_bond': 2, 'max_links': 4, 'total_elems': 548, 'total_shapes': 618, 'total_links': 390, 'num_tensors': 98}
2026-08-26 08:46:34,166 [INFO]     [8 | left | 0](candidate_pairs: 49/49 | new_swaps: 0 | total: 1) -> {'max_bond': 2, 'max_links': 4, 'total_elems': 548, 'total_shapes': 618, 'total_links': 390, 'num_tensors': 98}
2026-08-26 08:46:34,202 [INFO]     [8 | left | 1](candidate_pairs: 48/48 | new_swaps: 0 | total: 1) -> {'max_bond': 2, 'max_links': 4, 'total_elems': 548, 'total_shapes': 618, 'total_links': 390, 'num_tensors': 98}
2026-08-26 08:46:34,237 [INFO]     [8 | right | 0](candidate_pairs: 49/49 | new_swaps: 0 | total: 1) -> {'max_bond': 2, 'max_links': 4, 'total_elems': 548, 'total_shapes': 618, 'total_links': 390, 'num_tensors': 98}
2026-08-26 08:46:34,271 [INFO]     [8 | right | 1](candidate_pairs: 48/48 | new_swaps: 0 | total: 1) -> {'max_bond': 2, 'max_links': 4, 'total_elems': 548, 'total_shapes': 618, 'total_links': 390, 'num_tensors': 98}
2026-08-26 08:46:34,339 [INFO]     [9 | both | 0](candidate_pairs: 49/49 | new_swaps: 0 | total: 0) -> {'max_bond': 2, 'max_links': 4, 'total_elems': 548, 'total_shapes': 618, 'total_links': 390, 'num_tensors': 98}
2026-08-26 08:46:34,407 [INFO]     [9 | both | 1](candidate_pairs: 48/48 | new_swaps: 0 | total: 0) -> {'max_bond': 2, 'max_links': 4, 'total_elems': 548, 'total_shapes': 618, 'total_links': 390, 'num_tensors': 98}
2026-08-26 08:46:34,442 [INFO]     [9 | left | 0](candidate_pairs: 49/49 | new_swaps: 0 | total: 0) -> {'max_bond': 2, 'max_links': 4, 'total_elems': 548, 'total_shapes': 618, 'total_links': 390, 'num_tensors': 98}
2026-08-26 08:46:34,477 [INFO]     [9 | left | 1](candidate_pairs: 48/48 | new_swaps: 0 | total: 0) -> {'max_bond': 2, 'max_links': 4, 'total_elems': 548, 'total_shapes': 618, 'total_links': 390, 'num_tensors': 98}
2026-08-26 08:46:34,511 [INFO]     [9 | right | 0](candidate_pairs: 49/49 | new_swaps: 0 | total: 0) -> {'max_bond': 2, 'max_links': 4, 'total_elems': 548, 'total_shapes': 618, 'total_links': 390, 'num_tensors': 98}
2026-08-26 08:46:34,546 [INFO]     [9 | right | 1](candidate_pairs: 48/48 | new_swaps: 0 | total: 0) -> {'max_bond': 2, 'max_links': 4, 'total_elems': 548, 'total_shapes': 618, 'total_links': 390, 'num_tensors': 98}
2026-08-26 08:46:34,547 [INFO]     [end unswap] -> {'max_bond': 2, 'max_links': 4, 'total_elems': 548, 'total_shapes': 618, 'total_links': 390, 'num_tensors': 98}
2026-08-26 08:46:34,555 [INFO] [start rewire](phase=post_unswap, cycle=2, side=left, layers=2372, trials=20, seed=123, parallel=False, route_candidates=2, route_score=lookahead_total)
2026-08-26 08:46:45,089 [INFO] [end rewire](phase=post_unswap, cycle=2, side=left, routed_layers=2405, elapsed_s=10.53)
2026-08-26 08:46:45,089 [INFO] [start rewire](phase=post_unswap, cycle=2, side=right, layers=2473, trials=20, seed=123, parallel=False, route_candidates=2, route_score=lookahead_total)
2026-08-26 08:46:53,777 [INFO] [end rewire](phase=post_unswap, cycle=2, side=right, routed_layers=2206, elapsed_s=8.69)
2026-08-26 08:46:53,898 [INFO] [1L/2403](swap: 19, u: 0 | c_u: 0 | t_u_l: 11/992 | t_u_r: 3/992 | t_u: 14/1984) -> {'max_bond': 2, 'max_links': 4, 'total_elems': 548, 'total_shapes': 618, 'total_links': 390, 'num_tensors': 98}
2026-08-26 08:46:53,997 [INFO] [1R/2204](swap: 15, u: 0 | c_u: 0 | t_u_l: 11/992 | t_u_r: 3/992 | t_u: 14/1984) -> {'max_bond': 4, 'max_links': 4, 'total_elems': 952, 'total_shapes': 706, 'total_links': 390, 'num_tensors': 98}
2026-08-26 08:46:54,095 [INFO] [2L/2403](swap: 20, u: 0 | c_u: 0 | t_u_l: 11/992 | t_u_r: 3/992 | t_u: 14/1984) -> {'max_bond': 8, 'max_links': 4, 'total_elems': 1672, 'total_shapes': 788, 'total_links': 390, 'num_tensors': 98}
2026-08-26 08:46:54,195 [INFO] [2R/2204](swap: 16, u: 0 | c_u: 0 | t_u_l: 11/992 | t_u_r: 3/992 | t_u: 14/1984) -> {'max_bond': 16, 'max_links': 4, 'total_elems': 3036, 'total_shapes': 896, 'total_links': 390, 'num_tensors': 98}
2026-08-26 08:46:54,296 [INFO] [3R/2204](swap: 15, u: 0 | c_u: 0 | t_u_l: 11/992 | t_u_r: 3/992 | t_u: 14/1984) -> {'max_bond': 16, 'max_links': 4, 'total_elems': 4796, 'total_shapes': 1018, 'total_links': 390, 'num_tensors': 98}
2026-08-26 08:46:54,396 [INFO] [3L/2403](swap: 19, u: 0 | c_u: 0 | t_u_l: 11/992 | t_u_r: 3/992 | t_u: 14/1984) -> {'max_bond': 16, 'max_links': 4, 'total_elems': 9940, 'total_shapes': 1156, 'total_links': 390, 'num_tensors': 98}
2026-08-26 08:46:54,504 [INFO] [4L/2403](swap: 16, u: 0 | c_u: 0 | t_u_l: 11/992 | t_u_r: 3/992 | t_u: 14/1984) -> {'max_bond': 64, 'max_links': 4, 'total_elems': 20076, 'total_shapes': 1388, 'total_links': 390, 'num_tensors': 98}
2026-08-26 08:46:54,630 [INFO] [5L/2403](swap: 15, u: 0 | c_u: 0 | t_u_l: 11/992 | t_u_r: 3/992 | t_u: 14/1984) -> {'max_bond': 64, 'max_links': 4, 'total_elems': 45372, 'total_shapes': 1712, 'total_links': 390, 'num_tensors': 98}
2026-08-26 08:46:54,772 [INFO] [6L/2403](swap: 15, u: 1 | c_u: 1 | t_u_l: 12/992 | t_u_r: 3/992 | t_u: 15/1984) -> {'max_bond': 64, 'max_links': 4, 'total_elems': 51540, 'total_shapes': 1922, 'total_links': 390, 'num_tensors': 98}
2026-08-26 08:46:54,918 [INFO] [7L/2403](swap: 15, u: 0 | c_u: 1 | t_u_l: 12/992 | t_u_r: 3/992 | t_u: 15/1984) -> {'max_bond': 64, 'max_links': 4, 'total_elems': 71500, 'total_shapes': 2334, 'total_links': 390, 'num_tensors': 98}
2026-08-26 08:46:55,099 [INFO] [4R/2204](swap: 15, u: 0 | c_u: 1 | t_u_l: 12/992 | t_u_r: 3/992 | t_u: 15/1984) -> {'max_bond': 64, 'max_links': 4, 'total_elems': 116832, 'total_shapes': 2630, 'total_links': 390, 'num_tensors': 98}
2026-08-26 08:46:55,354 [INFO] [5R/2204](swap: 14, u: 0 | c_u: 1 | t_u_l: 12/992 | t_u_r: 3/992 | t_u: 15/1984) -> {'max_bond': 64, 'max_links': 4, 'total_elems': 137748, 'total_shapes': 2950, 'total_links': 390, 'num_tensors': 98}
2026-08-26 08:46:55,644 [INFO] [6R/2204](swap: 15, u: 0 | c_u: 1 | t_u_l: 12/992 | t_u_r: 3/992 | t_u: 15/1984) -> {'max_bond': 64, 'max_links': 4, 'total_elems': 238876, 'total_shapes': 3444, 'total_links': 390, 'num_tensors': 98}
2026-08-26 08:46:56,313 [INFO] [7R/2204](swap: 15, u: 1 | c_u: 2 | t_u_l: 12/992 | t_u_r: 4/992 | t_u: 16/1984) -> {'max_bond': 256, 'max_links': 4, 'total_elems': 518040, 'total_shapes': 4754, 'total_links': 390, 'num_tensors': 98}
2026-08-26 08:46:58,195 [INFO]     [start unswap] -> {'max_bond': 256, 'max_links': 4, 'total_elems': 518040, 'total_shapes': 4754, 'total_links': 390, 'num_tensors': 98}
2026-08-26 08:47:25,704 [INFO]     [0 | both | 0](candidate_pairs: 49/49 | new_swaps: 7 | total: 7) -> {'max_bond': 256, 'max_links': 4, 'total_elems': 1154484, 'total_shapes': 5858, 'total_links': 390, 'num_tensors': 98}
2026-08-26 08:47:32,836 [INFO]     [0 | both | 1](candidate_pairs: 48/48 | new_swaps: 19 | total: 26) -> {'max_bond': 256, 'max_links': 4, 'total_elems': 394080, 'total_shapes': 3820, 'total_links': 390, 'num_tensors': 98}
2026-08-26 08:47:33,885 [INFO]     [0 | left | 0](candidate_pairs: 49/49 | new_swaps: 14 | total: 40) -> {'max_bond': 128, 'max_links': 4, 'total_elems': 163980, 'total_shapes': 2818, 'total_links': 390, 'num_tensors': 98}
2026-08-26 08:47:34,368 [INFO]     [0 | left | 1](candidate_pairs: 48/48 | new_swaps: 16 | total: 56) -> {'max_bond': 64, 'max_links': 4, 'total_elems': 71576, 'total_shapes': 2186, 'total_links': 390, 'num_tensors': 98}
2026-08-26 08:47:34,544 [INFO]     [0 | right | 0](candidate_pairs: 49/49 | new_swaps: 13 | total: 69) -> {'max_bond': 64, 'max_links': 4, 'total_elems': 49568, 'total_shapes': 1758, 'total_links': 390, 'num_tensors': 98}
2026-08-26 08:47:34,744 [INFO]     [0 | right | 1](candidate_pairs: 48/48 | new_swaps: 12 | total: 81) -> {'max_bond': 64, 'max_links': 4, 'total_elems': 26224, 'total_shapes': 1534, 'total_links': 390, 'num_tensors': 98}
2026-08-26 08:47:34,953 [INFO]     [1 | both | 0](candidate_pairs: 49/49 | new_swaps: 18 | total: 18) -> {'max_bond': 32, 'max_links': 4, 'total_elems': 13428, 'total_shapes': 1220, 'total_links': 390, 'num_tensors': 98}
2026-08-26 08:47:35,128 [INFO]     [1 | both | 1](candidate_pairs: 48/48 | new_swaps: 8 | total: 26) -> {'max_bond': 32, 'max_links': 4, 'total_elems': 10116, 'total_shapes': 1124, 'total_links': 390, 'num_tensors': 98}
2026-08-26 08:47:35,252 [INFO]     [1 | left | 0](candidate_pairs: 49/49 | new_swaps: 7 | total: 33) -> {'max_bond': 16, 'max_links': 4, 'total_elems': 7580, 'total_shapes': 1050, 'total_links': 390, 'num_tensors': 98}
2026-08-26 08:47:35,374 [INFO]     [1 | left | 1](candidate_pairs: 48/48 | new_swaps: 11 | total: 44) -> {'max_bond': 16, 'max_links': 4, 'total_elems': 5052, 'total_shapes': 944, 'total_links': 390, 'num_tensors': 98}
2026-08-26 08:47:35,467 [INFO]     [1 | right | 0](candidate_pairs: 49/49 | new_swaps: 6 | total: 50) -> {'max_bond': 8, 'max_links': 4, 'total_elems': 4020, 'total_shapes': 884, 'total_links': 390, 'num_tensors': 98}
2026-08-26 08:47:35,561 [INFO]     [1 | right | 1](candidate_pairs: 48/48 | new_swaps: 5 | total: 55) -> {'max_bond': 8, 'max_links': 4, 'total_elems': 3612, 'total_shapes': 856, 'total_links': 390, 'num_tensors': 98}
2026-08-26 08:47:35,727 [INFO]     [2 | both | 0](candidate_pairs: 49/49 | new_swaps: 7 | total: 7) -> {'max_bond': 8, 'max_links': 4, 'total_elems': 2928, 'total_shapes': 808, 'total_links': 390, 'num_tensors': 98}
2026-08-26 08:47:35,891 [INFO]     [2 | both | 1](candidate_pairs: 48/48 | new_swaps: 7 | total: 14) -> {'max_bond': 8, 'max_links': 4, 'total_elems': 2132, 'total_shapes': 760, 'total_links': 390, 'num_tensors': 98}
2026-08-26 08:47:35,985 [INFO]     [2 | left | 0](candidate_pairs: 49/49 | new_swaps: 5 | total: 19) -> {'max_bond': 8, 'max_links': 4, 'total_elems': 1800, 'total_shapes': 730, 'total_links': 390, 'num_tensors': 98}
2026-08-26 08:47:36,075 [INFO]     [2 | left | 1](candidate_pairs: 48/48 | new_swaps: 3 | total: 22) -> {'max_bond': 8, 'max_links': 4, 'total_elems': 1716, 'total_shapes': 712, 'total_links': 390, 'num_tensors': 98}
2026-08-26 08:47:36,162 [INFO]     [2 | right | 0](candidate_pairs: 49/49 | new_swaps: 2 | total: 24) -> {'max_bond': 8, 'max_links': 4, 'total_elems': 1380, 'total_shapes': 696, 'total_links': 390, 'num_tensors': 98}
2026-08-26 08:47:36,247 [INFO]     [2 | right | 1](candidate_pairs: 48/48 | new_swaps: 2 | total: 26) -> {'max_bond': 8, 'max_links': 4, 'total_elems': 1172, 'total_shapes': 684, 'total_links': 390, 'num_tensors': 98}
2026-08-26 08:47:36,405 [INFO]     [3 | both | 0](candidate_pairs: 49/49 | new_swaps: 5 | total: 5) -> {'max_bond': 4, 'max_links': 4, 'total_elems': 896, 'total_shapes': 662, 'total_links': 390, 'num_tensors': 98}
2026-08-26 08:47:36,559 [INFO]     [3 | both | 1](candidate_pairs: 48/48 | new_swaps: 4 | total: 9) -> {'max_bond': 4, 'max_links': 4, 'total_elems': 740, 'total_shapes': 646, 'total_links': 390, 'num_tensors': 98}
2026-08-26 08:47:36,643 [INFO]     [3 | left | 0](candidate_pairs: 49/49 | new_swaps: 1 | total: 10) -> {'max_bond': 4, 'max_links': 4, 'total_elems': 708, 'total_shapes': 642, 'total_links': 390, 'num_tensors': 98}
2026-08-26 08:47:36,727 [INFO]     [3 | left | 1](candidate_pairs: 48/48 | new_swaps: 1 | total: 11) -> {'max_bond': 4, 'max_links': 4, 'total_elems': 684, 'total_shapes': 638, 'total_links': 390, 'num_tensors': 98}
2026-08-26 08:47:36,765 [INFO]     [3 | right | 0](candidate_pairs: 49/49 | new_swaps: 0 | total: 11) -> {'max_bond': 4, 'max_links': 4, 'total_elems': 684, 'total_shapes': 638, 'total_links': 390, 'num_tensors': 98}
2026-08-26 08:47:36,812 [INFO]     [3 | right | 1](candidate_pairs: 48/48 | new_swaps: 0 | total: 11) -> {'max_bond': 4, 'max_links': 4, 'total_elems': 684, 'total_shapes': 638, 'total_links': 390, 'num_tensors': 98}
2026-08-26 08:47:36,974 [INFO]     [4 | both | 0](candidate_pairs: 49/49 | new_swaps: 3 | total: 3) -> {'max_bond': 4, 'max_links': 4, 'total_elems': 648, 'total_shapes': 632, 'total_links': 390, 'num_tensors': 98}
2026-08-26 08:47:37,133 [INFO]     [4 | both | 1](candidate_pairs: 48/48 | new_swaps: 1 | total: 4) -> {'max_bond': 4, 'max_links': 4, 'total_elems': 636, 'total_shapes': 630, 'total_links': 390, 'num_tensors': 98}
2026-08-26 08:47:37,172 [INFO]     [4 | left | 0](candidate_pairs: 49/49 | new_swaps: 0 | total: 4) -> {'max_bond': 4, 'max_links': 4, 'total_elems': 636, 'total_shapes': 630, 'total_links': 390, 'num_tensors': 98}
2026-08-26 08:47:37,211 [INFO]     [4 | left | 1](candidate_pairs: 48/48 | new_swaps: 0 | total: 4) -> {'max_bond': 4, 'max_links': 4, 'total_elems': 636, 'total_shapes': 630, 'total_links': 390, 'num_tensors': 98}
2026-08-26 08:47:37,249 [INFO]     [4 | right | 0](candidate_pairs: 49/49 | new_swaps: 0 | total: 4) -> {'max_bond': 4, 'max_links': 4, 'total_elems': 636, 'total_shapes': 630, 'total_links': 390, 'num_tensors': 98}
2026-08-26 08:47:37,288 [INFO]     [4 | right | 1](candidate_pairs: 48/48 | new_swaps: 0 | total: 4) -> {'max_bond': 4, 'max_links': 4, 'total_elems': 636, 'total_shapes': 630, 'total_links': 390, 'num_tensors': 98}
2026-08-26 08:47:37,360 [INFO]     [5 | both | 0](candidate_pairs: 49/49 | new_swaps: 0 | total: 0) -> {'max_bond': 4, 'max_links': 4, 'total_elems': 636, 'total_shapes': 630, 'total_links': 390, 'num_tensors': 98}
2026-08-26 08:47:37,430 [INFO]     [5 | both | 1](candidate_pairs: 48/48 | new_swaps: 0 | total: 0) -> {'max_bond': 4, 'max_links': 4, 'total_elems': 636, 'total_shapes': 630, 'total_links': 390, 'num_tensors': 98}
2026-08-26 08:47:37,467 [INFO]     [5 | left | 0](candidate_pairs: 49/49 | new_swaps: 0 | total: 0) -> {'max_bond': 4, 'max_links': 4, 'total_elems': 636, 'total_shapes': 630, 'total_links': 390, 'num_tensors': 98}
2026-08-26 08:47:37,504 [INFO]     [5 | left | 1](candidate_pairs: 48/48 | new_swaps: 0 | total: 0) -> {'max_bond': 4, 'max_links': 4, 'total_elems': 636, 'total_shapes': 630, 'total_links': 390, 'num_tensors': 98}
2026-08-26 08:47:37,542 [INFO]     [5 | right | 0](candidate_pairs: 49/49 | new_swaps: 0 | total: 0) -> {'max_bond': 4, 'max_links': 4, 'total_elems': 636, 'total_shapes': 630, 'total_links': 390, 'num_tensors': 98}
2026-08-26 08:47:37,578 [INFO]     [5 | right | 1](candidate_pairs: 48/48 | new_swaps: 0 | total: 0) -> {'max_bond': 4, 'max_links': 4, 'total_elems': 636, 'total_shapes': 630, 'total_links': 390, 'num_tensors': 98}
2026-08-26 08:47:37,579 [INFO]     [end unswap] -> {'max_bond': 4, 'max_links': 4, 'total_elems': 636, 'total_shapes': 630, 'total_links': 390, 'num_tensors': 98}
2026-08-26 08:47:37,589 [INFO] [start rewire](phase=post_unswap, cycle=3, side=left, layers=2398, trials=20, seed=123, parallel=False, route_candidates=2, route_score=lookahead_total)
2026-08-26 08:47:46,838 [INFO] [end rewire](phase=post_unswap, cycle=3, side=left, routed_layers=2119, elapsed_s=9.25)
2026-08-26 08:47:46,838 [INFO] [start rewire](phase=post_unswap, cycle=3, side=right, layers=2199, trials=20, seed=123, parallel=False, route_candidates=2, route_score=lookahead_total)
2026-08-26 08:47:57,669 [INFO] [end rewire](phase=post_unswap, cycle=3, side=right, routed_layers=2488, elapsed_s=10.83)
2026-08-26 08:47:57,805 [INFO] [1L/2117](swap: 23, u: 0 | c_u: 0 | t_u_l: 12/992 | t_u_r: 4/992 | t_u: 16/1984) -> {'max_bond': 4, 'max_links': 4, 'total_elems': 636, 'total_shapes': 630, 'total_links': 390, 'num_tensors': 98}
2026-08-26 08:47:57,912 [INFO] [1R/2486](swap: 14, u: 0 | c_u: 0 | t_u_l: 12/992 | t_u_r: 4/992 | t_u: 16/1984) -> {'max_bond': 8, 'max_links': 4, 'total_elems': 1124, 'total_shapes': 716, 'total_links': 390, 'num_tensors': 98}
2026-08-26 08:47:58,018 [INFO] [2L/2117](swap: 20, u: 0 | c_u: 0 | t_u_l: 12/992 | t_u_r: 4/992 | t_u: 16/1984) -> {'max_bond': 8, 'max_links': 4, 'total_elems': 1692, 'total_shapes': 800, 'total_links': 390, 'num_tensors': 98}
2026-08-26 08:47:58,125 [INFO] [2R/2486](swap: 16, u: 0 | c_u: 0 | t_u_l: 12/992 | t_u_r: 4/992 | t_u: 16/1984) -> {'max_bond': 8, 'max_links': 4, 'total_elems': 2968, 'total_shapes': 890, 'total_links': 390, 'num_tensors': 98}
2026-08-26 08:47:58,235 [INFO] [3L/2117](swap: 17, u: 1 | c_u: 1 | t_u_l: 13/992 | t_u_r: 4/992 | t_u: 17/1984) -> {'max_bond': 16, 'max_links': 4, 'total_elems': 5360, 'total_shapes': 1040, 'total_links': 390, 'num_tensors': 98}
2026-08-26 08:47:58,337 [INFO] [3R/2486](swap: 16, u: 0 | c_u: 1 | t_u_l: 13/992 | t_u_r: 4/992 | t_u: 17/1984) -> {'max_bond': 32, 'max_links': 4, 'total_elems': 11508, 'total_shapes': 1244, 'total_links': 390, 'num_tensors': 98}
2026-08-26 08:47:58,446 [INFO] [4L/2117](swap: 19, u: 0 | c_u: 1 | t_u_l: 13/992 | t_u_r: 4/992 | t_u: 17/1984) -> {'max_bond': 32, 'max_links': 4, 'total_elems': 18788, 'total_shapes': 1486, 'total_links': 390, 'num_tensors': 98}
2026-08-26 08:47:58,571 [INFO] [4R/2486](swap: 13, u: 0 | c_u: 1 | t_u_l: 13/992 | t_u_r: 4/992 | t_u: 17/1984) -> {'max_bond': 64, 'max_links': 4, 'total_elems': 40964, 'total_shapes': 1874, 'total_links': 390, 'num_tensors': 98}
2026-08-26 08:47:58,730 [INFO] [5L/2117](swap: 21, u: 0 | c_u: 1 | t_u_l: 13/992 | t_u_r: 4/992 | t_u: 17/1984) -> {'max_bond': 64, 'max_links': 4, 'total_elems': 77768, 'total_shapes': 2260, 'total_links': 390, 'num_tensors': 98}
2026-08-26 08:47:58,973 [INFO] [5R/2486](swap: 14, u: 0 | c_u: 1 | t_u_l: 13/992 | t_u_r: 4/992 | t_u: 17/1984) -> {'max_bond': 128, 'max_links': 4, 'total_elems': 148812, 'total_shapes': 2948, 'total_links': 390, 'num_tensors': 98}
2026-08-26 08:47:59,307 [INFO] [6R/2486](swap: 15, u: 0 | c_u: 1 | t_u_l: 13/992 | t_u_r: 4/992 | t_u: 17/1984) -> {'max_bond': 128, 'max_links': 4, 'total_elems': 257796, 'total_shapes': 3560, 'total_links': 390, 'num_tensors': 98}
2026-08-26 08:48:00,018 [INFO] [6L/2117](swap: 21, u: 0 | c_u: 1 | t_u_l: 13/992 | t_u_r: 4/992 | t_u: 17/1984) -> {'max_bond': 256, 'max_links': 4, 'total_elems': 506424, 'total_shapes': 4618, 'total_links': 390, 'num_tensors': 98}
2026-08-26 08:48:01,834 [INFO] [7L/2117](swap: 19, u: 0 | c_u: 1 | t_u_l: 13/992 | t_u_r: 4/992 | t_u: 17/1984) -> {'max_bond': 256, 'max_links': 4, 'total_elems': 957616, 'total_shapes': 5914, 'total_links': 390, 'num_tensors': 98}
2026-08-26 08:48:05,367 [INFO]     [start unswap] -> {'max_bond': 256, 'max_links': 4, 'total_elems': 957616, 'total_shapes': 5914, 'total_links': 390, 'num_tensors': 98}
2026-08-26 08:48:29,666 [INFO]     [0 | both | 0](candidate_pairs: 49/49 | new_swaps: 7 | total: 7) -> {'max_bond': 256, 'max_links': 4, 'total_elems': 1224296, 'total_shapes': 6654, 'total_links': 390, 'num_tensors': 98}
2026-08-26 08:48:38,773 [INFO]     [0 | both | 1](candidate_pairs: 48/48 | new_swaps: 13 | total: 20) -> {'max_bond': 256, 'max_links': 4, 'total_elems': 721544, 'total_shapes': 4864, 'total_links': 390, 'num_tensors': 98}
2026-08-26 08:48:41,706 [INFO]     [0 | left | 0](candidate_pairs: 49/49 | new_swaps: 18 | total: 38) -> {'max_bond': 256, 'max_links': 4, 'total_elems': 524136, 'total_shapes': 3850, 'total_links': 390, 'num_tensors': 98}
2026-08-26 08:48:44,911 [INFO]     [0 | left | 1](candidate_pairs: 48/48 | new_swaps: 21 | total: 59) -> {'max_bond': 256, 'max_links': 4, 'total_elems': 230876, 'total_shapes': 2984, 'total_links': 390, 'num_tensors': 98}
2026-08-26 08:48:45,552 [INFO]     [0 | right | 0](candidate_pairs: 49/49 | new_swaps: 9 | total: 68) -> {'max_bond': 64, 'max_links': 4, 'total_elems': 121796, 'total_shapes': 2364, 'total_links': 390, 'num_tensors': 98}
2026-08-26 08:48:45,907 [INFO]     [0 | right | 1](candidate_pairs: 48/48 | new_swaps: 14 | total: 82) -> {'max_bond': 64, 'max_links': 4, 'total_elems': 90224, 'total_shapes': 2046, 'total_links': 390, 'num_tensors': 98}
2026-08-26 08:48:46,583 [INFO]     [1 | both | 0](candidate_pairs: 49/49 | new_swaps: 18 | total: 18) -> {'max_bond': 64, 'max_links': 4, 'total_elems': 58744, 'total_shapes': 1612, 'total_links': 390, 'num_tensors': 98}
2026-08-26 08:48:47,099 [INFO]     [1 | both | 1](candidate_pairs: 48/48 | new_swaps: 7 | total: 25) -> {'max_bond': 64, 'max_links': 4, 'total_elems': 24256, 'total_shapes': 1320, 'total_links': 390, 'num_tensors': 98}
2026-08-26 08:48:47,233 [INFO]     [1 | left | 0](candidate_pairs: 49/49 | new_swaps: 14 | total: 39) -> {'max_bond': 32, 'max_links': 4, 'total_elems': 16540, 'total_shapes': 1168, 'total_links': 390, 'num_tensors': 98}
2026-08-26 08:48:47,378 [INFO]     [1 | left | 1](candidate_pairs: 48/48 | new_swaps: 13 | total: 52) -> {'max_bond': 32, 'max_links': 4, 'total_elems': 11308, 'total_shapes': 1048, 'total_links': 390, 'num_tensors': 98}
2026-08-26 08:48:47,493 [INFO]     [1 | right | 0](candidate_pairs: 49/49 | new_swaps: 7 | total: 59) -> {'max_bond': 16, 'max_links': 4, 'total_elems': 6664, 'total_shapes': 938, 'total_links': 390, 'num_tensors': 98}
2026-08-26 08:48:47,593 [INFO]     [1 | right | 1](candidate_pairs: 48/48 | new_swaps: 3 | total: 62) -> {'max_bond': 16, 'max_links': 4, 'total_elems': 5404, 'total_shapes': 904, 'total_links': 390, 'num_tensors': 98}
2026-08-26 08:48:47,765 [INFO]     [2 | both | 0](candidate_pairs: 49/49 | new_swaps: 8 | total: 8) -> {'max_bond': 16, 'max_links': 4, 'total_elems': 3004, 'total_shapes': 824, 'total_links': 390, 'num_tensors': 98}
2026-08-26 08:48:47,929 [INFO]     [2 | both | 1](candidate_pairs: 48/48 | new_swaps: 10 | total: 18) -> {'max_bond': 8, 'max_links': 4, 'total_elems': 1840, 'total_shapes': 748, 'total_links': 390, 'num_tensors': 98}
2026-08-26 08:48:48,019 [INFO]     [2 | left | 0](candidate_pairs: 49/49 | new_swaps: 3 | total: 21) -> {'max_bond': 8, 'max_links': 4, 'total_elems': 1728, 'total_shapes': 734, 'total_links': 390, 'num_tensors': 98}
2026-08-26 08:48:48,110 [INFO]     [2 | left | 1](candidate_pairs: 48/48 | new_swaps: 3 | total: 24) -> {'max_bond': 8, 'max_links': 4, 'total_elems': 1608, 'total_shapes': 718, 'total_links': 390, 'num_tensors': 98}
2026-08-26 08:48:48,206 [INFO]     [2 | right | 0](candidate_pairs: 49/49 | new_swaps: 4 | total: 28) -> {'max_bond': 8, 'max_links': 4, 'total_elems': 1132, 'total_shapes': 688, 'total_links': 390, 'num_tensors': 98}
2026-08-26 08:48:48,304 [INFO]     [2 | right | 1](candidate_pairs: 48/48 | new_swaps: 3 | total: 31) -> {'max_bond': 4, 'max_links': 4, 'total_elems': 948, 'total_shapes': 672, 'total_links': 390, 'num_tensors': 98}
2026-08-26 08:48:48,463 [INFO]     [3 | both | 0](candidate_pairs: 49/49 | new_swaps: 2 | total: 2) -> {'max_bond': 4, 'max_links': 4, 'total_elems': 888, 'total_shapes': 666, 'total_links': 390, 'num_tensors': 98}
2026-08-26 08:48:48,630 [INFO]     [3 | both | 1](candidate_pairs: 48/48 | new_swaps: 3 | total: 5) -> {'max_bond': 4, 'max_links': 4, 'total_elems': 816, 'total_shapes': 656, 'total_links': 390, 'num_tensors': 98}
2026-08-26 08:48:48,728 [INFO]     [3 | left | 0](candidate_pairs: 49/49 | new_swaps: 2 | total: 7) -> {'max_bond': 4, 'max_links': 4, 'total_elems': 744, 'total_shapes': 648, 'total_links': 390, 'num_tensors': 98}
2026-08-26 08:48:48,771 [INFO]     [3 | left | 1](candidate_pairs: 48/48 | new_swaps: 0 | total: 7) -> {'max_bond': 4, 'max_links': 4, 'total_elems': 744, 'total_shapes': 648, 'total_links': 390, 'num_tensors': 98}
2026-08-26 08:48:48,817 [INFO]     [3 | right | 0](candidate_pairs: 49/49 | new_swaps: 0 | total: 7) -> {'max_bond': 4, 'max_links': 4, 'total_elems': 744, 'total_shapes': 648, 'total_links': 390, 'num_tensors': 98}
2026-08-26 08:48:48,862 [INFO]     [3 | right | 1](candidate_pairs: 48/48 | new_swaps: 0 | total: 7) -> {'max_bond': 4, 'max_links': 4, 'total_elems': 744, 'total_shapes': 648, 'total_links': 390, 'num_tensors': 98}
2026-08-26 08:48:49,031 [INFO]     [4 | both | 0](candidate_pairs: 49/49 | new_swaps: 2 | total: 2) -> {'max_bond': 4, 'max_links': 4, 'total_elems': 720, 'total_shapes': 644, 'total_links': 390, 'num_tensors': 98}
2026-08-26 08:48:49,185 [INFO]     [4 | both | 1](candidate_pairs: 48/48 | new_swaps: 1 | total: 3) -> {'max_bond': 2, 'max_links': 4, 'total_elems': 672, 'total_shapes': 638, 'total_links': 390, 'num_tensors': 98}
2026-08-26 08:48:49,223 [INFO]     [4 | left | 0](candidate_pairs: 49/49 | new_swaps: 0 | total: 3) -> {'max_bond': 2, 'max_links': 4, 'total_elems': 672, 'total_shapes': 638, 'total_links': 390, 'num_tensors': 98}
2026-08-26 08:48:49,262 [INFO]     [4 | left | 1](candidate_pairs: 48/48 | new_swaps: 0 | total: 3) -> {'max_bond': 2, 'max_links': 4, 'total_elems': 672, 'total_shapes': 638, 'total_links': 390, 'num_tensors': 98}
2026-08-26 08:48:49,310 [INFO]     [4 | right | 0](candidate_pairs: 49/49 | new_swaps: 0 | total: 3) -> {'max_bond': 2, 'max_links': 4, 'total_elems': 672, 'total_shapes': 638, 'total_links': 390, 'num_tensors': 98}
2026-08-26 08:48:49,355 [INFO]     [4 | right | 1](candidate_pairs: 48/48 | new_swaps: 0 | total: 3) -> {'max_bond': 2, 'max_links': 4, 'total_elems': 672, 'total_shapes': 638, 'total_links': 390, 'num_tensors': 98}
2026-08-26 08:48:49,446 [INFO]     [5 | both | 0](candidate_pairs: 49/49 | new_swaps: 0 | total: 0) -> {'max_bond': 2, 'max_links': 4, 'total_elems': 672, 'total_shapes': 638, 'total_links': 390, 'num_tensors': 98}
2026-08-26 08:48:49,534 [INFO]     [5 | both | 1](candidate_pairs: 48/48 | new_swaps: 0 | total: 0) -> {'max_bond': 2, 'max_links': 4, 'total_elems': 672, 'total_shapes': 638, 'total_links': 390, 'num_tensors': 98}
2026-08-26 08:48:49,580 [INFO]     [5 | left | 0](candidate_pairs: 49/49 | new_swaps: 0 | total: 0) -> {'max_bond': 2, 'max_links': 4, 'total_elems': 672, 'total_shapes': 638, 'total_links': 390, 'num_tensors': 98}
2026-08-26 08:48:49,638 [INFO]     [5 | left | 1](candidate_pairs: 48/48 | new_swaps: 0 | total: 0) -> {'max_bond': 2, 'max_links': 4, 'total_elems': 672, 'total_shapes': 638, 'total_links': 390, 'num_tensors': 98}
2026-08-26 08:48:49,679 [INFO]     [5 | right | 0](candidate_pairs: 49/49 | new_swaps: 0 | total: 0) -> {'max_bond': 2, 'max_links': 4, 'total_elems': 672, 'total_shapes': 638, 'total_links': 390, 'num_tensors': 98}
2026-08-26 08:48:49,723 [INFO]     [5 | right | 1](candidate_pairs: 48/48 | new_swaps: 0 | total: 0) -> {'max_bond': 2, 'max_links': 4, 'total_elems': 672, 'total_shapes': 638, 'total_links': 390, 'num_tensors': 98}
2026-08-26 08:48:49,724 [INFO]     [end unswap] -> {'max_bond': 2, 'max_links': 4, 'total_elems': 672, 'total_shapes': 638, 'total_links': 390, 'num_tensors': 98}
2026-08-26 08:48:49,740 [INFO] [start rewire](phase=post_unswap, cycle=4, side=left, layers=2112, trials=20, seed=123, parallel=False, route_candidates=2, route_score=lookahead_total)
2026-08-26 08:48:59,069 [INFO] [end rewire](phase=post_unswap, cycle=4, side=left, routed_layers=2217, elapsed_s=9.33)
2026-08-26 08:48:59,070 [INFO] [start rewire](phase=post_unswap, cycle=4, side=right, layers=2482, trials=20, seed=123, parallel=False, route_candidates=2, route_score=lookahead_total)
2026-08-26 08:49:09,581 [INFO] [end rewire](phase=post_unswap, cycle=4, side=right, routed_layers=2239, elapsed_s=10.51)
2026-08-26 08:49:09,763 [INFO] [1L/2215](swap: 20, u: 0 | c_u: 0 | t_u_l: 13/992 | t_u_r: 4/992 | t_u: 17/1984) -> {'max_bond': 2, 'max_links': 4, 'total_elems': 672, 'total_shapes': 638, 'total_links': 390, 'num_tensors': 98}
2026-08-26 08:49:09,922 [INFO] [1R/2237](swap: 14, u: 0 | c_u: 0 | t_u_l: 13/992 | t_u_r: 4/992 | t_u: 17/1984) -> {'max_bond': 4, 'max_links': 4, 'total_elems': 1084, 'total_shapes': 716, 'total_links': 390, 'num_tensors': 98}
2026-08-26 08:49:10,065 [INFO] [2L/2215](swap: 24, u: 0 | c_u: 0 | t_u_l: 13/992 | t_u_r: 4/992 | t_u: 17/1984) -> {'max_bond': 8, 'max_links': 4, 'total_elems': 1748, 'total_shapes': 812, 'total_links': 390, 'num_tensors': 98}
2026-08-26 08:49:10,195 [INFO] [2R/2237](swap: 17, u: 0 | c_u: 0 | t_u_l: 13/992 | t_u_r: 4/992 | t_u: 17/1984) -> {'max_bond': 8, 'max_links': 4, 'total_elems': 2728, 'total_shapes': 884, 'total_links': 390, 'num_tensors': 98}
2026-08-26 08:49:10,318 [INFO] [3R/2237](swap: 16, u: 0 | c_u: 0 | t_u_l: 13/992 | t_u_r: 4/992 | t_u: 17/1984) -> {'max_bond': 16, 'max_links': 4, 'total_elems': 4312, 'total_shapes': 992, 'total_links': 390, 'num_tensors': 98}
2026-08-26 08:49:10,446 [INFO] [4R/2237](swap: 14, u: 0 | c_u: 0 | t_u_l: 13/992 | t_u_r: 4/992 | t_u: 17/1984) -> {'max_bond': 16, 'max_links': 4, 'total_elems': 8176, 'total_shapes': 1172, 'total_links': 390, 'num_tensors': 98}
2026-08-26 08:49:10,557 [INFO] [3L/2215](swap: 22, u: 0 | c_u: 0 | t_u_l: 13/992 | t_u_r: 4/992 | t_u: 17/1984) -> {'max_bond': 16, 'max_links': 4, 'total_elems': 17628, 'total_shapes': 1460, 'total_links': 390, 'num_tensors': 98}
2026-08-26 08:49:10,679 [INFO] [4L/2215](swap: 19, u: 0 | c_u: 0 | t_u_l: 13/992 | t_u_r: 4/992 | t_u: 17/1984) -> {'max_bond': 64, 'max_links': 4, 'total_elems': 38204, 'total_shapes': 1880, 'total_links': 390, 'num_tensors': 98}
2026-08-26 08:49:10,830 [INFO] [5L/2215](swap: 21, u: 0 | c_u: 0 | t_u_l: 13/992 | t_u_r: 4/992 | t_u: 17/1984) -> {'max_bond': 64, 'max_links': 4, 'total_elems': 76352, 'total_shapes': 2384, 'total_links': 390, 'num_tensors': 98}
2026-08-26 08:49:11,042 [INFO] [5R/2237](swap: 14, u: 0 | c_u: 0 | t_u_l: 13/992 | t_u_r: 4/992 | t_u: 17/1984) -> {'max_bond': 64, 'max_links': 4, 'total_elems': 152316, 'total_shapes': 2998, 'total_links': 390, 'num_tensors': 98}
2026-08-26 08:49:11,467 [INFO] [6L/2215](swap: 19, u: 0 | c_u: 0 | t_u_l: 13/992 | t_u_r: 4/992 | t_u: 17/1984) -> {'max_bond': 256, 'max_links': 4, 'total_elems': 352008, 'total_shapes': 4036, 'total_links': 390, 'num_tensors': 98}
2026-08-26 08:49:12,823 [INFO] [6R/2237](swap: 16, u: 0 | c_u: 0 | t_u_l: 13/992 | t_u_r: 4/992 | t_u: 17/1984) -> {'max_bond': 256, 'max_links': 4, 'total_elems': 911492, 'total_shapes': 5778, 'total_links': 390, 'num_tensors': 98}
2026-08-26 08:49:16,461 [INFO]     [start unswap] -> {'max_bond': 256, 'max_links': 4, 'total_elems': 911492, 'total_shapes': 5778, 'total_links': 390, 'num_tensors': 98}
2026-08-26 08:49:53,899 [INFO]     [0 | both | 0](candidate_pairs: 49/49 | new_swaps: 10 | total: 10) -> {'max_bond': 256, 'max_links': 4, 'total_elems': 1040736, 'total_shapes': 5654, 'total_links': 390, 'num_tensors': 98}
2026-08-26 08:50:02,450 [INFO]     [0 | both | 1](candidate_pairs: 48/48 | new_swaps: 12 | total: 22) -> {'max_bond': 256, 'max_links': 4, 'total_elems': 288864, 'total_shapes': 3638, 'total_links': 390, 'num_tensors': 98}
2026-08-26 08:50:03,163 [INFO]     [0 | left | 0](candidate_pairs: 49/49 | new_swaps: 15 | total: 37) -> {'max_bond': 64, 'max_links': 4, 'total_elems': 143492, 'total_shapes': 2786, 'total_links': 390, 'num_tensors': 98}
2026-08-26 08:50:03,601 [INFO]     [0 | left | 1](candidate_pairs: 48/48 | new_swaps: 21 | total: 58) -> {'max_bond': 64, 'max_links': 4, 'total_elems': 76460, 'total_shapes': 2222, 'total_links': 390, 'num_tensors': 98}
2026-08-26 08:50:03,783 [INFO]     [0 | right | 0](candidate_pairs: 49/49 | new_swaps: 14 | total: 72) -> {'max_bond': 64, 'max_links': 4, 'total_elems': 42928, 'total_shapes': 1730, 'total_links': 390, 'num_tensors': 98}
2026-08-26 08:50:03,923 [INFO]     [0 | right | 1](candidate_pairs: 48/48 | new_swaps: 15 | total: 87) -> {'max_bond': 64, 'max_links': 4, 'total_elems': 36416, 'total_shapes': 1556, 'total_links': 390, 'num_tensors': 98}
2026-08-26 08:50:04,220 [INFO]     [1 | both | 0](candidate_pairs: 49/49 | new_swaps: 14 | total: 14) -> {'max_bond': 64, 'max_links': 4, 'total_elems': 17088, 'total_shapes': 1304, 'total_links': 390, 'num_tensors': 98}
2026-08-26 08:50:04,401 [INFO]     [1 | both | 1](candidate_pairs: 48/48 | new_swaps: 6 | total: 20) -> {'max_bond': 16, 'max_links': 4, 'total_elems': 7808, 'total_shapes': 1112, 'total_links': 390, 'num_tensors': 98}
2026-08-26 08:50:04,503 [INFO]     [1 | left | 0](candidate_pairs: 49/49 | new_swaps: 13 | total: 33) -> {'max_bond': 16, 'max_links': 4, 'total_elems': 6960, 'total_shapes': 1034, 'total_links': 390, 'num_tensors': 98}
2026-08-26 08:50:04,603 [INFO]     [1 | left | 1](candidate_pairs: 48/48 | new_swaps: 9 | total: 42) -> {'max_bond': 16, 'max_links': 4, 'total_elems': 5884, 'total_shapes': 968, 'total_links': 390, 'num_tensors': 98}
2026-08-26 08:50:04,695 [INFO]     [1 | right | 0](candidate_pairs: 49/49 | new_swaps: 4 | total: 46) -> {'max_bond': 16, 'max_links': 4, 'total_elems': 5492, 'total_shapes': 938, 'total_links': 390, 'num_tensors': 98}
2026-08-26 08:50:04,788 [INFO]     [1 | right | 1](candidate_pairs: 48/48 | new_swaps: 3 | total: 49) -> {'max_bond': 16, 'max_links': 4, 'total_elems': 5336, 'total_shapes': 924, 'total_links': 390, 'num_tensors': 98}
2026-08-26 08:50:04,961 [INFO]     [2 | both | 0](candidate_pairs: 49/49 | new_swaps: 12 | total: 12) -> {'max_bond': 16, 'max_links': 4, 'total_elems': 2776, 'total_shapes': 824, 'total_links': 390, 'num_tensors': 98}
2026-08-26 08:50:05,123 [INFO]     [2 | both | 1](candidate_pairs: 48/48 | new_swaps: 6 | total: 18) -> {'max_bond': 8, 'max_links': 4, 'total_elems': 2100, 'total_shapes': 786, 'total_links': 390, 'num_tensors': 98}
2026-08-26 08:50:05,214 [INFO]     [2 | left | 0](candidate_pairs: 49/49 | new_swaps: 3 | total: 21) -> {'max_bond': 8, 'max_links': 4, 'total_elems': 1812, 'total_shapes': 768, 'total_links': 390, 'num_tensors': 98}
2026-08-26 08:50:05,308 [INFO]     [2 | left | 1](candidate_pairs: 48/48 | new_swaps: 5 | total: 26) -> {'max_bond': 4, 'max_links': 4, 'total_elems': 1480, 'total_shapes': 730, 'total_links': 390, 'num_tensors': 98}
2026-08-26 08:50:05,396 [INFO]     [2 | right | 0](candidate_pairs: 49/49 | new_swaps: 3 | total: 29) -> {'max_bond': 4, 'max_links': 4, 'total_elems': 1356, 'total_shapes': 716, 'total_links': 390, 'num_tensors': 98}
2026-08-26 08:50:05,485 [INFO]     [2 | right | 1](candidate_pairs: 48/48 | new_swaps: 2 | total: 31) -> {'max_bond': 4, 'max_links': 4, 'total_elems': 1260, 'total_shapes': 708, 'total_links': 390, 'num_tensors': 98}
2026-08-26 08:50:05,644 [INFO]     [3 | both | 0](candidate_pairs: 49/49 | new_swaps: 5 | total: 5) -> {'max_bond': 4, 'max_links': 4, 'total_elems': 1200, 'total_shapes': 698, 'total_links': 390, 'num_tensors': 98}
2026-08-26 08:50:05,805 [INFO]     [3 | both | 1](candidate_pairs: 48/48 | new_swaps: 5 | total: 10) -> {'max_bond': 4, 'max_links': 4, 'total_elems': 1020, 'total_shapes': 680, 'total_links': 390, 'num_tensors': 98}
2026-08-26 08:50:05,843 [INFO]     [3 | left | 0](candidate_pairs: 49/49 | new_swaps: 0 | total: 10) -> {'max_bond': 4, 'max_links': 4, 'total_elems': 1020, 'total_shapes': 680, 'total_links': 390, 'num_tensors': 98}
2026-08-26 08:50:05,882 [INFO]     [3 | left | 1](candidate_pairs: 48/48 | new_swaps: 0 | total: 10) -> {'max_bond': 4, 'max_links': 4, 'total_elems': 1020, 'total_shapes': 680, 'total_links': 390, 'num_tensors': 98}
2026-08-26 08:50:05,968 [INFO]     [3 | right | 0](candidate_pairs: 49/49 | new_swaps: 1 | total: 11) -> {'max_bond': 4, 'max_links': 4, 'total_elems': 972, 'total_shapes': 676, 'total_links': 390, 'num_tensors': 98}
2026-08-26 08:50:06,005 [INFO]     [3 | right | 1](candidate_pairs: 48/48 | new_swaps: 0 | total: 11) -> {'max_bond': 4, 'max_links': 4, 'total_elems': 972, 'total_shapes': 676, 'total_links': 390, 'num_tensors': 98}
2026-08-26 08:50:06,159 [INFO]     [4 | both | 0](candidate_pairs: 49/49 | new_swaps: 2 | total: 2) -> {'max_bond': 4, 'max_links': 4, 'total_elems': 900, 'total_shapes': 668, 'total_links': 390, 'num_tensors': 98}
2026-08-26 08:50:06,311 [INFO]     [4 | both | 1](candidate_pairs: 48/48 | new_swaps: 1 | total: 3) -> {'max_bond': 4, 'max_links': 4, 'total_elems': 888, 'total_shapes': 666, 'total_links': 390, 'num_tensors': 98}
2026-08-26 08:50:06,348 [INFO]     [4 | left | 0](candidate_pairs: 49/49 | new_swaps: 0 | total: 3) -> {'max_bond': 4, 'max_links': 4, 'total_elems': 888, 'total_shapes': 666, 'total_links': 390, 'num_tensors': 98}
2026-08-26 08:50:06,435 [INFO]     [4 | left | 1](candidate_pairs: 48/48 | new_swaps: 1 | total: 4) -> {'max_bond': 4, 'max_links': 4, 'total_elems': 852, 'total_shapes': 660, 'total_links': 390, 'num_tensors': 98}
2026-08-26 08:50:06,472 [INFO]     [4 | right | 0](candidate_pairs: 49/49 | new_swaps: 0 | total: 4) -> {'max_bond': 4, 'max_links': 4, 'total_elems': 852, 'total_shapes': 660, 'total_links': 390, 'num_tensors': 98}
2026-08-26 08:50:06,508 [INFO]     [4 | right | 1](candidate_pairs: 48/48 | new_swaps: 0 | total: 4) -> {'max_bond': 4, 'max_links': 4, 'total_elems': 852, 'total_shapes': 660, 'total_links': 390, 'num_tensors': 98}
2026-08-26 08:50:06,580 [INFO]     [5 | both | 0](candidate_pairs: 49/49 | new_swaps: 0 | total: 0) -> {'max_bond': 4, 'max_links': 4, 'total_elems': 852, 'total_shapes': 660, 'total_links': 390, 'num_tensors': 98}
2026-08-26 08:50:06,651 [INFO]     [5 | both | 1](candidate_pairs: 48/48 | new_swaps: 0 | total: 0) -> {'max_bond': 4, 'max_links': 4, 'total_elems': 852, 'total_shapes': 660, 'total_links': 390, 'num_tensors': 98}
2026-08-26 08:50:06,689 [INFO]     [5 | left | 0](candidate_pairs: 49/49 | new_swaps: 0 | total: 0) -> {'max_bond': 4, 'max_links': 4, 'total_elems': 852, 'total_shapes': 660, 'total_links': 390, 'num_tensors': 98}
2026-08-26 08:50:06,726 [INFO]     [5 | left | 1](candidate_pairs: 48/48 | new_swaps: 0 | total: 0) -> {'max_bond': 4, 'max_links': 4, 'total_elems': 852, 'total_shapes': 660, 'total_links': 390, 'num_tensors': 98}
2026-08-26 08:50:06,763 [INFO]     [5 | right | 0](candidate_pairs: 49/49 | new_swaps: 0 | total: 0) -> {'max_bond': 4, 'max_links': 4, 'total_elems': 852, 'total_shapes': 660, 'total_links': 390, 'num_tensors': 98}
2026-08-26 08:50:06,800 [INFO]     [5 | right | 1](candidate_pairs: 48/48 | new_swaps: 0 | total: 0) -> {'max_bond': 4, 'max_links': 4, 'total_elems': 852, 'total_shapes': 660, 'total_links': 390, 'num_tensors': 98}
2026-08-26 08:50:06,801 [INFO]     [end unswap] -> {'max_bond': 4, 'max_links': 4, 'total_elems': 852, 'total_shapes': 660, 'total_links': 390, 'num_tensors': 98}
2026-08-26 08:50:06,816 [INFO] [start rewire](phase=post_unswap, cycle=5, side=left, layers=2211, trials=20, seed=123, parallel=False, route_candidates=2, route_score=lookahead_total)
2026-08-26 08:50:17,237 [INFO] [end rewire](phase=post_unswap, cycle=5, side=left, routed_layers=2363, elapsed_s=10.42)
2026-08-26 08:50:17,237 [INFO] [start rewire](phase=post_unswap, cycle=5, side=right, layers=2233, trials=20, seed=123, parallel=False, route_candidates=2, route_score=lookahead_total)
2026-08-26 08:50:25,888 [INFO] [end rewire](phase=post_unswap, cycle=5, side=right, routed_layers=2013, elapsed_s=8.65)
2026-08-26 08:50:26,025 [INFO] [1L/2361](swap: 19, u: 0 | c_u: 0 | t_u_l: 13/992 | t_u_r: 4/992 | t_u: 17/1984) -> {'max_bond': 4, 'max_links': 4, 'total_elems': 852, 'total_shapes': 660, 'total_links': 390, 'num_tensors': 98}
2026-08-26 08:50:26,155 [INFO] [1R/2011](swap: 17, u: 0 | c_u: 0 | t_u_l: 13/992 | t_u_r: 4/992 | t_u: 17/1984) -> {'max_bond': 8, 'max_links': 4, 'total_elems': 1416, 'total_shapes': 758, 'total_links': 390, 'num_tensors': 98}
2026-08-26 08:50:26,282 [INFO] [2L/2361](swap: 20, u: 0 | c_u: 0 | t_u_l: 13/992 | t_u_r: 4/992 | t_u: 17/1984) -> {'max_bond': 8, 'max_links': 4, 'total_elems': 2200, 'total_shapes': 838, 'total_links': 390, 'num_tensors': 98}
2026-08-26 08:50:26,399 [INFO] [2R/2011](swap: 18, u: 0 | c_u: 0 | t_u_l: 13/992 | t_u_r: 4/992 | t_u: 17/1984) -> {'max_bond': 16, 'max_links': 4, 'total_elems': 4024, 'total_shapes': 964, 'total_links': 390, 'num_tensors': 98}
2026-08-26 08:50:26,522 [INFO] [3R/2011](swap: 11, u: 0 | c_u: 0 | t_u_l: 13/992 | t_u_r: 4/992 | t_u: 17/1984) -> {'max_bond': 16, 'max_links': 4, 'total_elems': 5220, 'total_shapes': 1046, 'total_links': 390, 'num_tensors': 98}
2026-08-26 08:50:26,641 [INFO] [4R/2011](swap: 13, u: 0 | c_u: 0 | t_u_l: 13/992 | t_u_r: 4/992 | t_u: 17/1984) -> {'max_bond': 16, 'max_links': 4, 'total_elems': 7980, 'total_shapes': 1154, 'total_links': 390, 'num_tensors': 98}
2026-08-26 08:50:26,765 [INFO] [3L/2361](swap: 19, u: 0 | c_u: 0 | t_u_l: 13/992 | t_u_r: 4/992 | t_u: 17/1984) -> {'max_bond': 16, 'max_links': 4, 'total_elems': 11672, 'total_shapes': 1328, 'total_links': 390, 'num_tensors': 98}
2026-08-26 08:50:26,893 [INFO] [4L/2361](swap: 18, u: 0 | c_u: 0 | t_u_l: 13/992 | t_u_r: 4/992 | t_u: 17/1984) -> {'max_bond': 32, 'max_links': 4, 'total_elems': 17844, 'total_shapes': 1508, 'total_links': 390, 'num_tensors': 98}
2026-08-26 08:50:27,063 [INFO] [5L/2361](swap: 19, u: 0 | c_u: 0 | t_u_l: 13/992 | t_u_r: 4/992 | t_u: 17/1984) -> {'max_bond': 32, 'max_links': 4, 'total_elems': 25004, 'total_shapes': 1704, 'total_links': 390, 'num_tensors': 98}
2026-08-26 08:50:27,222 [INFO] [5R/2011](swap: 15, u: 0 | c_u: 0 | t_u_l: 13/992 | t_u_r: 4/992 | t_u: 17/1984) -> {'max_bond': 64, 'max_links': 4, 'total_elems': 47304, 'total_shapes': 2104, 'total_links': 390, 'num_tensors': 98}
2026-08-26 08:50:27,410 [INFO] [6R/2011](swap: 17, u: 0 | c_u: 0 | t_u_l: 13/992 | t_u_r: 4/992 | t_u: 17/1984) -> {'max_bond': 64, 'max_links': 4, 'total_elems': 96900, 'total_shapes': 2484, 'total_links': 390, 'num_tensors': 98}
2026-08-26 08:50:27,719 [INFO] [7R/2011](swap: 17, u: 1 | c_u: 1 | t_u_l: 13/992 | t_u_r: 5/992 | t_u: 18/1984) -> {'max_bond': 64, 'max_links': 4, 'total_elems': 144524, 'total_shapes': 2952, 'total_links': 390, 'num_tensors': 98}
2026-08-26 08:50:28,110 [INFO] [8R/2011](swap: 16, u: 1 | c_u: 2 | t_u_l: 13/992 | t_u_r: 6/992 | t_u: 19/1984) -> {'max_bond': 64, 'max_links': 4, 'total_elems': 248304, 'total_shapes': 3650, 'total_links': 390, 'num_tensors': 98}
2026-08-26 08:50:28,816 [INFO] [6L/2361](swap: 19, u: 0 | c_u: 2 | t_u_l: 13/992 | t_u_r: 6/992 | t_u: 19/1984) -> {'max_bond': 256, 'max_links': 4, 'total_elems': 405132, 'total_shapes': 4516, 'total_links': 390, 'num_tensors': 98}
2026-08-26 08:50:30,216 [INFO] [7L/2361](swap: 19, u: 1 | c_u: 3 | t_u_l: 14/992 | t_u_r: 6/992 | t_u: 20/1984) -> {'max_bond': 256, 'max_links': 4, 'total_elems': 801096, 'total_shapes': 5434, 'total_links': 390, 'num_tensors': 98}
2026-08-26 08:50:33,752 [INFO]     [start unswap] -> {'max_bond': 256, 'max_links': 4, 'total_elems': 801096, 'total_shapes': 5434, 'total_links': 390, 'num_tensors': 98}
2026-08-26 08:50:56,011 [INFO]     [0 | both | 0](candidate_pairs: 49/49 | new_swaps: 9 | total: 9) -> {'max_bond': 256, 'max_links': 4, 'total_elems': 619944, 'total_shapes': 5580, 'total_links': 390, 'num_tensors': 98}
2026-08-26 08:50:58,441 [INFO]     [0 | both | 1](candidate_pairs: 48/48 | new_swaps: 13 | total: 22) -> {'max_bond': 128, 'max_links': 4, 'total_elems': 227720, 'total_shapes': 3828, 'total_links': 390, 'num_tensors': 98}
2026-08-26 08:50:58,916 [INFO]     [0 | left | 0](candidate_pairs: 49/49 | new_swaps: 19 | total: 41) -> {'max_bond': 128, 'max_links': 4, 'total_elems': 127836, 'total_shapes': 2988, 'total_links': 390, 'num_tensors': 98}
2026-08-26 08:50:59,190 [INFO]     [0 | left | 1](candidate_pairs: 48/48 | new_swaps: 18 | total: 59) -> {'max_bond': 64, 'max_links': 4, 'total_elems': 61072, 'total_shapes': 2332, 'total_links': 390, 'num_tensors': 98}
2026-08-26 08:50:59,360 [INFO]     [0 | right | 0](candidate_pairs: 49/49 | new_swaps: 9 | total: 68) -> {'max_bond': 32, 'max_links': 4, 'total_elems': 50728, 'total_shapes': 2140, 'total_links': 390, 'num_tensors': 98}
2026-08-26 08:50:59,521 [INFO]     [0 | right | 1](candidate_pairs: 48/48 | new_swaps: 13 | total: 81) -> {'max_bond': 32, 'max_links': 4, 'total_elems': 38760, 'total_shapes': 1902, 'total_links': 390, 'num_tensors': 98}
2026-08-26 08:50:59,780 [INFO]     [1 | both | 0](candidate_pairs: 49/49 | new_swaps: 21 | total: 21) -> {'max_bond': 32, 'max_links': 4, 'total_elems': 17824, 'total_shapes': 1440, 'total_links': 390, 'num_tensors': 98}
2026-08-26 08:50:59,964 [INFO]     [1 | both | 1](candidate_pairs: 48/48 | new_swaps: 14 | total: 35) -> {'max_bond': 32, 'max_links': 4, 'total_elems': 11548, 'total_shapes': 1210, 'total_links': 390, 'num_tensors': 98}
2026-08-26 08:51:00,070 [INFO]     [1 | left | 0](candidate_pairs: 49/49 | new_swaps: 10 | total: 45) -> {'max_bond': 32, 'max_links': 4, 'total_elems': 10240, 'total_shapes': 1124, 'total_links': 390, 'num_tensors': 98}
2026-08-26 08:51:00,175 [INFO]     [1 | left | 1](candidate_pairs: 48/48 | new_swaps: 8 | total: 53) -> {'max_bond': 32, 'max_links': 4, 'total_elems': 9004, 'total_shapes': 1062, 'total_links': 390, 'num_tensors': 98}
2026-08-26 08:51:00,272 [INFO]     [1 | right | 0](candidate_pairs: 49/49 | new_swaps: 7 | total: 60) -> {'max_bond': 32, 'max_links': 4, 'total_elems': 8508, 'total_shapes': 1026, 'total_links': 390, 'num_tensors': 98}
2026-08-26 08:51:00,363 [INFO]     [1 | right | 1](candidate_pairs: 48/48 | new_swaps: 1 | total: 61) -> {'max_bond': 32, 'max_links': 4, 'total_elems': 8460, 'total_shapes': 1022, 'total_links': 390, 'num_tensors': 98}
2026-08-26 08:51:00,542 [INFO]     [2 | both | 0](candidate_pairs: 49/49 | new_swaps: 9 | total: 9) -> {'max_bond': 32, 'max_links': 4, 'total_elems': 6552, 'total_shapes': 956, 'total_links': 390, 'num_tensors': 98}
2026-08-26 08:51:00,709 [INFO]     [2 | both | 1](candidate_pairs: 48/48 | new_swaps: 7 | total: 16) -> {'max_bond': 16, 'max_links': 4, 'total_elems': 3432, 'total_shapes': 876, 'total_links': 390, 'num_tensors': 98}
2026-08-26 08:51:00,799 [INFO]     [2 | left | 0](candidate_pairs: 49/49 | new_swaps: 2 | total: 18) -> {'max_bond': 8, 'max_links': 4, 'total_elems': 2988, 'total_shapes': 846, 'total_links': 390, 'num_tensors': 98}
2026-08-26 08:51:00,891 [INFO]     [2 | left | 1](candidate_pairs: 48/48 | new_swaps: 5 | total: 23) -> {'max_bond': 8, 'max_links': 4, 'total_elems': 2700, 'total_shapes': 814, 'total_links': 390, 'num_tensors': 98}
2026-08-26 08:51:00,988 [INFO]     [2 | right | 0](candidate_pairs: 49/49 | new_swaps: 1 | total: 24) -> {'max_bond': 8, 'max_links': 4, 'total_elems': 2652, 'total_shapes': 810, 'total_links': 390, 'num_tensors': 98}
2026-08-26 08:51:01,086 [INFO]     [2 | right | 1](candidate_pairs: 48/48 | new_swaps: 1 | total: 25) -> {'max_bond': 8, 'max_links': 4, 'total_elems': 2592, 'total_shapes': 804, 'total_links': 390, 'num_tensors': 98}
2026-08-26 08:51:01,249 [INFO]     [3 | both | 0](candidate_pairs: 49/49 | new_swaps: 6 | total: 6) -> {'max_bond': 8, 'max_links': 4, 'total_elems': 2328, 'total_shapes': 780, 'total_links': 390, 'num_tensors': 98}
2026-08-26 08:51:01,413 [INFO]     [3 | both | 1](candidate_pairs: 48/48 | new_swaps: 3 | total: 9) -> {'max_bond': 8, 'max_links': 4, 'total_elems': 2064, 'total_shapes': 758, 'total_links': 390, 'num_tensors': 98}
2026-08-26 08:51:01,503 [INFO]     [3 | left | 0](candidate_pairs: 49/49 | new_swaps: 1 | total: 10) -> {'max_bond': 8, 'max_links': 4, 'total_elems': 2004, 'total_shapes': 752, 'total_links': 390, 'num_tensors': 98}
2026-08-26 08:51:01,592 [INFO]     [3 | left | 1](candidate_pairs: 48/48 | new_swaps: 2 | total: 12) -> {'max_bond': 8, 'max_links': 4, 'total_elems': 1920, 'total_shapes': 740, 'total_links': 390, 'num_tensors': 98}
2026-08-26 08:51:01,629 [INFO]     [3 | right | 0](candidate_pairs: 49/49 | new_swaps: 0 | total: 12) -> {'max_bond': 8, 'max_links': 4, 'total_elems': 1920, 'total_shapes': 740, 'total_links': 390, 'num_tensors': 98}
2026-08-26 08:51:01,667 [INFO]     [3 | right | 1](candidate_pairs: 48/48 | new_swaps: 0 | total: 12) -> {'max_bond': 8, 'max_links': 4, 'total_elems': 1920, 'total_shapes': 740, 'total_links': 390, 'num_tensors': 98}
2026-08-26 08:51:01,837 [INFO]     [4 | both | 0](candidate_pairs: 49/49 | new_swaps: 4 | total: 4) -> {'max_bond': 8, 'max_links': 4, 'total_elems': 1752, 'total_shapes': 724, 'total_links': 390, 'num_tensors': 98}
2026-08-26 08:51:02,015 [INFO]     [4 | both | 1](candidate_pairs: 48/48 | new_swaps: 1 | total: 5) -> {'max_bond': 8, 'max_links': 4, 'total_elems': 1680, 'total_shapes': 720, 'total_links': 390, 'num_tensors': 98}
2026-08-26 08:51:02,058 [INFO]     [4 | left | 0](candidate_pairs: 49/49 | new_swaps: 0 | total: 5) -> {'max_bond': 8, 'max_links': 4, 'total_elems': 1680, 'total_shapes': 720, 'total_links': 390, 'num_tensors': 98}
2026-08-26 08:51:02,102 [INFO]     [4 | left | 1](candidate_pairs: 48/48 | new_swaps: 0 | total: 5) -> {'max_bond': 8, 'max_links': 4, 'total_elems': 1680, 'total_shapes': 720, 'total_links': 390, 'num_tensors': 98}
2026-08-26 08:51:02,195 [INFO]     [4 | right | 0](candidate_pairs: 49/49 | new_swaps: 1 | total: 6) -> {'max_bond': 8, 'max_links': 4, 'total_elems': 1520, 'total_shapes': 712, 'total_links': 390, 'num_tensors': 98}
2026-08-26 08:51:02,279 [INFO]     [4 | right | 1](candidate_pairs: 48/48 | new_swaps: 1 | total: 7) -> {'max_bond': 8, 'max_links': 4, 'total_elems': 1392, 'total_shapes': 704, 'total_links': 390, 'num_tensors': 98}
2026-08-26 08:51:02,352 [INFO]     [5 | both | 0](candidate_pairs: 49/49 | new_swaps: 0 | total: 0) -> {'max_bond': 8, 'max_links': 4, 'total_elems': 1392, 'total_shapes': 704, 'total_links': 390, 'num_tensors': 98}
2026-08-26 08:51:02,423 [INFO]     [5 | both | 1](candidate_pairs: 48/48 | new_swaps: 0 | total: 0) -> {'max_bond': 8, 'max_links': 4, 'total_elems': 1392, 'total_shapes': 704, 'total_links': 390, 'num_tensors': 98}
2026-08-26 08:51:02,460 [INFO]     [5 | left | 0](candidate_pairs: 49/49 | new_swaps: 0 | total: 0) -> {'max_bond': 8, 'max_links': 4, 'total_elems': 1392, 'total_shapes': 704, 'total_links': 390, 'num_tensors': 98}
2026-08-26 08:51:02,530 [INFO]     [5 | left | 1](candidate_pairs: 48/48 | new_swaps: 1 | total: 1) -> {'max_bond': 8, 'max_links': 4, 'total_elems': 1328, 'total_shapes': 700, 'total_links': 390, 'num_tensors': 98}
2026-08-26 08:51:02,624 [INFO]     [5 | right | 0](candidate_pairs: 49/49 | new_swaps: 1 | total: 2) -> {'max_bond': 8, 'max_links': 4, 'total_elems': 1248, 'total_shapes': 696, 'total_links': 390, 'num_tensors': 98}
2026-08-26 08:51:02,727 [INFO]     [5 | right | 1](candidate_pairs: 48/48 | new_swaps: 1 | total: 3) -> {'max_bond': 8, 'max_links': 4, 'total_elems': 1152, 'total_shapes': 688, 'total_links': 390, 'num_tensors': 98}
2026-08-26 08:51:02,886 [INFO]     [6 | both | 0](candidate_pairs: 49/49 | new_swaps: 1 | total: 1) -> {'max_bond': 8, 'max_links': 4, 'total_elems': 1120, 'total_shapes': 684, 'total_links': 390, 'num_tensors': 98}
2026-08-26 08:51:02,964 [INFO]     [6 | both | 1](candidate_pairs: 48/48 | new_swaps: 0 | total: 1) -> {'max_bond': 8, 'max_links': 4, 'total_elems': 1120, 'total_shapes': 684, 'total_links': 390, 'num_tensors': 98}
2026-08-26 08:51:03,005 [INFO]     [6 | left | 0](candidate_pairs: 49/49 | new_swaps: 0 | total: 1) -> {'max_bond': 8, 'max_links': 4, 'total_elems': 1120, 'total_shapes': 684, 'total_links': 390, 'num_tensors': 98}
2026-08-26 08:51:03,044 [INFO]     [6 | left | 1](candidate_pairs: 48/48 | new_swaps: 0 | total: 1) -> {'max_bond': 8, 'max_links': 4, 'total_elems': 1120, 'total_shapes': 684, 'total_links': 390, 'num_tensors': 98}
2026-08-26 08:51:03,132 [INFO]     [6 | right | 0](candidate_pairs: 49/49 | new_swaps: 1 | total: 2) -> {'max_bond': 8, 'max_links': 4, 'total_elems': 1060, 'total_shapes': 678, 'total_links': 390, 'num_tensors': 98}
2026-08-26 08:51:03,172 [INFO]     [6 | right | 1](candidate_pairs: 48/48 | new_swaps: 0 | total: 2) -> {'max_bond': 8, 'max_links': 4, 'total_elems': 1060, 'total_shapes': 678, 'total_links': 390, 'num_tensors': 98}
2026-08-26 08:51:03,248 [INFO]     [7 | both | 0](candidate_pairs: 49/49 | new_swaps: 0 | total: 0) -> {'max_bond': 8, 'max_links': 4, 'total_elems': 1060, 'total_shapes': 678, 'total_links': 390, 'num_tensors': 98}
2026-08-26 08:51:03,394 [INFO]     [7 | both | 1](candidate_pairs: 48/48 | new_swaps: 1 | total: 1) -> {'max_bond': 8, 'max_links': 4, 'total_elems': 1036, 'total_shapes': 674, 'total_links': 390, 'num_tensors': 98}
2026-08-26 08:51:03,434 [INFO]     [7 | left | 0](candidate_pairs: 49/49 | new_swaps: 0 | total: 1) -> {'max_bond': 8, 'max_links': 4, 'total_elems': 1036, 'total_shapes': 674, 'total_links': 390, 'num_tensors': 98}
2026-08-26 08:51:03,476 [INFO]     [7 | left | 1](candidate_pairs: 48/48 | new_swaps: 0 | total: 1) -> {'max_bond': 8, 'max_links': 4, 'total_elems': 1036, 'total_shapes': 674, 'total_links': 390, 'num_tensors': 98}
2026-08-26 08:51:03,516 [INFO]     [7 | right | 0](candidate_pairs: 49/49 | new_swaps: 0 | total: 1) -> {'max_bond': 8, 'max_links': 4, 'total_elems': 1036, 'total_shapes': 674, 'total_links': 390, 'num_tensors': 98}
2026-08-26 08:51:03,554 [INFO]     [7 | right | 1](candidate_pairs: 48/48 | new_swaps: 0 | total: 1) -> {'max_bond': 8, 'max_links': 4, 'total_elems': 1036, 'total_shapes': 674, 'total_links': 390, 'num_tensors': 98}
2026-08-26 08:51:03,626 [INFO]     [8 | both | 0](candidate_pairs: 49/49 | new_swaps: 0 | total: 0) -> {'max_bond': 8, 'max_links': 4, 'total_elems': 1036, 'total_shapes': 674, 'total_links': 390, 'num_tensors': 98}
2026-08-26 08:51:03,696 [INFO]     [8 | both | 1](candidate_pairs: 48/48 | new_swaps: 0 | total: 0) -> {'max_bond': 8, 'max_links': 4, 'total_elems': 1036, 'total_shapes': 674, 'total_links': 390, 'num_tensors': 98}
2026-08-26 08:51:03,734 [INFO]     [8 | left | 0](candidate_pairs: 49/49 | new_swaps: 0 | total: 0) -> {'max_bond': 8, 'max_links': 4, 'total_elems': 1036, 'total_shapes': 674, 'total_links': 390, 'num_tensors': 98}
2026-08-26 08:51:03,771 [INFO]     [8 | left | 1](candidate_pairs: 48/48 | new_swaps: 0 | total: 0) -> {'max_bond': 8, 'max_links': 4, 'total_elems': 1036, 'total_shapes': 674, 'total_links': 390, 'num_tensors': 98}
2026-08-26 08:51:03,808 [INFO]     [8 | right | 0](candidate_pairs: 49/49 | new_swaps: 0 | total: 0) -> {'max_bond': 8, 'max_links': 4, 'total_elems': 1036, 'total_shapes': 674, 'total_links': 390, 'num_tensors': 98}
2026-08-26 08:51:03,846 [INFO]     [8 | right | 1](candidate_pairs: 48/48 | new_swaps: 0 | total: 0) -> {'max_bond': 8, 'max_links': 4, 'total_elems': 1036, 'total_shapes': 674, 'total_links': 390, 'num_tensors': 98}
2026-08-26 08:51:03,847 [INFO]     [end unswap] -> {'max_bond': 8, 'max_links': 4, 'total_elems': 1036, 'total_shapes': 674, 'total_links': 390, 'num_tensors': 98}
2026-08-26 08:51:03,868 [INFO] [start rewire](phase=post_unswap, cycle=6, side=left, layers=2356, trials=20, seed=123, parallel=False, route_candidates=2, route_score=lookahead_total)
2026-08-26 08:51:14,466 [INFO] [end rewire](phase=post_unswap, cycle=6, side=left, routed_layers=2359, elapsed_s=10.60)
2026-08-26 08:51:14,467 [INFO] [start rewire](phase=post_unswap, cycle=6, side=right, layers=2005, trials=20, seed=123, parallel=False, route_candidates=2, route_score=lookahead_total)
2026-08-26 08:51:24,956 [INFO] [end rewire](phase=post_unswap, cycle=6, side=right, routed_layers=2333, elapsed_s=10.49)
2026-08-26 08:51:25,152 [INFO] [1L/2357](swap: 23, u: 0 | c_u: 0 | t_u_l: 14/992 | t_u_r: 6/992 | t_u: 20/1984) -> {'max_bond': 8, 'max_links': 4, 'total_elems': 1036, 'total_shapes': 674, 'total_links': 390, 'num_tensors': 98}
2026-08-26 08:51:25,287 [INFO] [1R/2331](swap: 16, u: 0 | c_u: 0 | t_u_l: 14/992 | t_u_r: 6/992 | t_u: 20/1984) -> {'max_bond': 8, 'max_links': 4, 'total_elems': 1664, 'total_shapes': 772, 'total_links': 390, 'num_tensors': 98}
2026-08-26 08:51:25,408 [INFO] [2L/2357](swap: 25, u: 0 | c_u: 0 | t_u_l: 14/992 | t_u_r: 6/992 | t_u: 20/1984) -> {'max_bond': 8, 'max_links': 4, 'total_elems': 2928, 'total_shapes': 912, 'total_links': 390, 'num_tensors': 98}
2026-08-26 08:51:25,532 [INFO] [2R/2331](swap: 19, u: 0 | c_u: 0 | t_u_l: 14/992 | t_u_r: 6/992 | t_u: 20/1984) -> {'max_bond': 16, 'max_links': 4, 'total_elems': 5068, 'total_shapes': 1042, 'total_links': 390, 'num_tensors': 98}
2026-08-26 08:51:25,655 [INFO] [3R/2331](swap: 17, u: 0 | c_u: 0 | t_u_l: 14/992 | t_u_r: 6/992 | t_u: 20/1984) -> {'max_bond': 16, 'max_links': 4, 'total_elems': 8956, 'total_shapes': 1216, 'total_links': 390, 'num_tensors': 98}
2026-08-26 08:51:25,767 [INFO] [4R/2331](swap: 15, u: 0 | c_u: 0 | t_u_l: 14/992 | t_u_r: 6/992 | t_u: 20/1984) -> {'max_bond': 32, 'max_links': 4, 'total_elems': 19076, 'total_shapes': 1456, 'total_links': 390, 'num_tensors': 98}
2026-08-26 08:51:25,906 [INFO] [5R/2331](swap: 13, u: 0 | c_u: 0 | t_u_l: 14/992 | t_u_r: 6/992 | t_u: 20/1984) -> {'max_bond': 64, 'max_links': 4, 'total_elems': 31456, 'total_shapes': 1692, 'total_links': 390, 'num_tensors': 98}
2026-08-26 08:51:26,084 [INFO] [6R/2331](swap: 12, u: 1 | c_u: 1 | t_u_l: 14/992 | t_u_r: 7/992 | t_u: 21/1984) -> {'max_bond': 64, 'max_links': 4, 'total_elems': 68520, 'total_shapes': 2088, 'total_links': 390, 'num_tensors': 98}
2026-08-26 08:51:26,308 [INFO] [7R/2331](swap: 14, u: 0 | c_u: 1 | t_u_l: 14/992 | t_u_r: 7/992 | t_u: 21/1984) -> {'max_bond': 64, 'max_links': 4, 'total_elems': 88772, 'total_shapes': 2326, 'total_links': 390, 'num_tensors': 98}
2026-08-26 08:51:26,640 [INFO] [8R/2331](swap: 12, u: 1 | c_u: 2 | t_u_l: 14/992 | t_u_r: 8/992 | t_u: 22/1984) -> {'max_bond': 64, 'max_links': 4, 'total_elems': 135848, 'total_shapes': 2742, 'total_links': 390, 'num_tensors': 98}
2026-08-26 08:51:27,080 [INFO] [3L/2357](swap: 24, u: 0 | c_u: 2 | t_u_l: 14/992 | t_u_r: 8/992 | t_u: 22/1984) -> {'max_bond': 256, 'max_links': 4, 'total_elems': 326864, 'total_shapes': 3840, 'total_links': 390, 'num_tensors': 98}
2026-08-26 08:51:28,253 [INFO] [4L/2357](swap: 21, u: 0 | c_u: 2 | t_u_l: 14/992 | t_u_r: 8/992 | t_u: 22/1984) -> {'max_bond': 256, 'max_links': 4, 'total_elems': 792488, 'total_shapes': 5304, 'total_links': 390, 'num_tensors': 98}
2026-08-26 08:51:30,898 [INFO]     [start unswap] -> {'max_bond': 256, 'max_links': 4, 'total_elems': 792488, 'total_shapes': 5304, 'total_links': 390, 'num_tensors': 98}
2026-08-26 08:51:40,015 [INFO]     [0 | both | 0](candidate_pairs: 49/49 | new_swaps: 5 | total: 5) -> {'max_bond': 256, 'max_links': 4, 'total_elems': 1120896, 'total_shapes': 6140, 'total_links': 390, 'num_tensors': 98}
2026-08-26 08:51:49,237 [INFO]     [0 | both | 1](candidate_pairs: 48/48 | new_swaps: 14 | total: 19) -> {'max_bond': 256, 'max_links': 4, 'total_elems': 471008, 'total_shapes': 4640, 'total_links': 390, 'num_tensors': 98}
2026-08-26 08:51:50,432 [INFO]     [0 | left | 0](candidate_pairs: 49/49 | new_swaps: 19 | total: 38) -> {'max_bond': 128, 'max_links': 4, 'total_elems': 253200, 'total_shapes': 3572, 'total_links': 390, 'num_tensors': 98}
2026-08-26 08:51:51,318 [INFO]     [0 | left | 1](candidate_pairs: 48/48 | new_swaps: 19 | total: 57) -> {'max_bond': 128, 'max_links': 4, 'total_elems': 116136, 'total_shapes': 2718, 'total_links': 390, 'num_tensors': 98}
2026-08-26 08:51:51,552 [INFO]     [0 | right | 0](candidate_pairs: 49/49 | new_swaps: 13 | total: 70) -> {'max_bond': 64, 'max_links': 4, 'total_elems': 63536, 'total_shapes': 2042, 'total_links': 390, 'num_tensors': 98}
2026-08-26 08:51:51,728 [INFO]     [0 | right | 1](candidate_pairs: 48/48 | new_swaps: 12 | total: 82) -> {'max_bond': 64, 'max_links': 4, 'total_elems': 36872, 'total_shapes': 1748, 'total_links': 390, 'num_tensors': 98}
2026-08-26 08:51:51,951 [INFO]     [1 | both | 0](candidate_pairs: 49/49 | new_swaps: 15 | total: 15) -> {'max_bond': 32, 'max_links': 4, 'total_elems': 21308, 'total_shapes': 1446, 'total_links': 390, 'num_tensors': 98}
2026-08-26 08:51:52,149 [INFO]     [1 | both | 1](candidate_pairs: 48/48 | new_swaps: 11 | total: 26) -> {'max_bond': 32, 'max_links': 4, 'total_elems': 13404, 'total_shapes': 1274, 'total_links': 390, 'num_tensors': 98}
2026-08-26 08:51:52,254 [INFO]     [1 | left | 0](candidate_pairs: 49/49 | new_swaps: 8 | total: 34) -> {'max_bond': 16, 'max_links': 4, 'total_elems': 9372, 'total_shapes': 1134, 'total_links': 390, 'num_tensors': 98}
2026-08-26 08:51:52,358 [INFO]     [1 | left | 1](candidate_pairs: 48/48 | new_swaps: 9 | total: 43) -> {'max_bond': 16, 'max_links': 4, 'total_elems': 8076, 'total_shapes': 1070, 'total_links': 390, 'num_tensors': 98}
2026-08-26 08:51:52,454 [INFO]     [1 | right | 0](candidate_pairs: 49/49 | new_swaps: 4 | total: 47) -> {'max_bond': 16, 'max_links': 4, 'total_elems': 6828, 'total_shapes': 1018, 'total_links': 390, 'num_tensors': 98}
2026-08-26 08:51:52,546 [INFO]     [1 | right | 1](candidate_pairs: 48/48 | new_swaps: 3 | total: 50) -> {'max_bond': 16, 'max_links': 4, 'total_elems': 6288, 'total_shapes': 992, 'total_links': 390, 'num_tensors': 98}
2026-08-26 08:51:52,722 [INFO]     [2 | both | 0](candidate_pairs: 49/49 | new_swaps: 10 | total: 10) -> {'max_bond': 16, 'max_links': 4, 'total_elems': 5584, 'total_shapes': 940, 'total_links': 390, 'num_tensors': 98}
2026-08-26 08:51:52,892 [INFO]     [2 | both | 1](candidate_pairs: 48/48 | new_swaps: 8 | total: 18) -> {'max_bond': 16, 'max_links': 4, 'total_elems': 4308, 'total_shapes': 886, 'total_links': 390, 'num_tensors': 98}
2026-08-26 08:51:52,988 [INFO]     [2 | left | 0](candidate_pairs: 49/49 | new_swaps: 7 | total: 25) -> {'max_bond': 16, 'max_links': 4, 'total_elems': 3332, 'total_shapes': 834, 'total_links': 390, 'num_tensors': 98}
2026-08-26 08:51:53,084 [INFO]     [2 | left | 1](candidate_pairs: 48/48 | new_swaps: 6 | total: 31) -> {'max_bond': 8, 'max_links': 4, 'total_elems': 2156, 'total_shapes': 780, 'total_links': 390, 'num_tensors': 98}
2026-08-26 08:51:53,177 [INFO]     [2 | right | 0](candidate_pairs: 49/49 | new_swaps: 4 | total: 35) -> {'max_bond': 8, 'max_links': 4, 'total_elems': 1836, 'total_shapes': 752, 'total_links': 390, 'num_tensors': 98}
2026-08-26 08:51:53,249 [INFO]     [2 | right | 1](candidate_pairs: 48/48 | new_swaps: 1 | total: 36) -> {'max_bond': 8, 'max_links': 4, 'total_elems': 1788, 'total_shapes': 748, 'total_links': 390, 'num_tensors': 98}
2026-08-26 08:51:53,413 [INFO]     [3 | both | 0](candidate_pairs: 49/49 | new_swaps: 3 | total: 3) -> {'max_bond': 8, 'max_links': 4, 'total_elems': 1704, 'total_shapes': 738, 'total_links': 390, 'num_tensors': 98}
2026-08-26 08:51:53,573 [INFO]     [3 | both | 1](candidate_pairs: 48/48 | new_swaps: 2 | total: 5) -> {'max_bond': 8, 'max_links': 4, 'total_elems': 1680, 'total_shapes': 734, 'total_links': 390, 'num_tensors': 98}
2026-08-26 08:51:53,612 [INFO]     [3 | left | 0](candidate_pairs: 49/49 | new_swaps: 0 | total: 5) -> {'max_bond': 8, 'max_links': 4, 'total_elems': 1680, 'total_shapes': 734, 'total_links': 390, 'num_tensors': 98}
2026-08-26 08:51:53,652 [INFO]     [3 | left | 1](candidate_pairs: 48/48 | new_swaps: 0 | total: 5) -> {'max_bond': 8, 'max_links': 4, 'total_elems': 1680, 'total_shapes': 734, 'total_links': 390, 'num_tensors': 98}
2026-08-26 08:51:53,723 [INFO]     [3 | right | 0](candidate_pairs: 49/49 | new_swaps: 1 | total: 6) -> {'max_bond': 8, 'max_links': 4, 'total_elems': 1632, 'total_shapes': 730, 'total_links': 390, 'num_tensors': 98}
2026-08-26 08:51:53,761 [INFO]     [3 | right | 1](candidate_pairs: 48/48 | new_swaps: 0 | total: 6) -> {'max_bond': 8, 'max_links': 4, 'total_elems': 1632, 'total_shapes': 730, 'total_links': 390, 'num_tensors': 98}
2026-08-26 08:51:53,836 [INFO]     [4 | both | 0](candidate_pairs: 49/49 | new_swaps: 0 | total: 0) -> {'max_bond': 8, 'max_links': 4, 'total_elems': 1632, 'total_shapes': 730, 'total_links': 390, 'num_tensors': 98}
2026-08-26 08:51:53,993 [INFO]     [4 | both | 1](candidate_pairs: 48/48 | new_swaps: 1 | total: 1) -> {'max_bond': 8, 'max_links': 4, 'total_elems': 1584, 'total_shapes': 726, 'total_links': 390, 'num_tensors': 98}
2026-08-26 08:51:54,032 [INFO]     [4 | left | 0](candidate_pairs: 49/49 | new_swaps: 0 | total: 1) -> {'max_bond': 8, 'max_links': 4, 'total_elems': 1584, 'total_shapes': 726, 'total_links': 390, 'num_tensors': 98}
2026-08-26 08:51:54,072 [INFO]     [4 | left | 1](candidate_pairs: 48/48 | new_swaps: 0 | total: 1) -> {'max_bond': 8, 'max_links': 4, 'total_elems': 1584, 'total_shapes': 726, 'total_links': 390, 'num_tensors': 98}
2026-08-26 08:51:54,144 [INFO]     [4 | right | 0](candidate_pairs: 49/49 | new_swaps: 1 | total: 2) -> {'max_bond': 8, 'max_links': 4, 'total_elems': 1536, 'total_shapes': 722, 'total_links': 390, 'num_tensors': 98}
2026-08-26 08:51:54,182 [INFO]     [4 | right | 1](candidate_pairs: 48/48 | new_swaps: 0 | total: 2) -> {'max_bond': 8, 'max_links': 4, 'total_elems': 1536, 'total_shapes': 722, 'total_links': 390, 'num_tensors': 98}
2026-08-26 08:51:54,258 [INFO]     [5 | both | 0](candidate_pairs: 49/49 | new_swaps: 0 | total: 0) -> {'max_bond': 8, 'max_links': 4, 'total_elems': 1536, 'total_shapes': 722, 'total_links': 390, 'num_tensors': 98}
2026-08-26 08:51:54,399 [INFO]     [5 | both | 1](candidate_pairs: 48/48 | new_swaps: 1 | total: 1) -> {'max_bond': 8, 'max_links': 4, 'total_elems': 1488, 'total_shapes': 718, 'total_links': 390, 'num_tensors': 98}
2026-08-26 08:51:54,438 [INFO]     [5 | left | 0](candidate_pairs: 49/49 | new_swaps: 0 | total: 1) -> {'max_bond': 8, 'max_links': 4, 'total_elems': 1488, 'total_shapes': 718, 'total_links': 390, 'num_tensors': 98}
2026-08-26 08:51:54,477 [INFO]     [5 | left | 1](candidate_pairs: 48/48 | new_swaps: 0 | total: 1) -> {'max_bond': 8, 'max_links': 4, 'total_elems': 1488, 'total_shapes': 718, 'total_links': 390, 'num_tensors': 98}
2026-08-26 08:51:54,515 [INFO]     [5 | right | 0](candidate_pairs: 49/49 | new_swaps: 0 | total: 1) -> {'max_bond': 8, 'max_links': 4, 'total_elems': 1488, 'total_shapes': 718, 'total_links': 390, 'num_tensors': 98}
2026-08-26 08:51:54,553 [INFO]     [5 | right | 1](candidate_pairs: 48/48 | new_swaps: 0 | total: 1) -> {'max_bond': 8, 'max_links': 4, 'total_elems': 1488, 'total_shapes': 718, 'total_links': 390, 'num_tensors': 98}
2026-08-26 08:51:54,628 [INFO]     [6 | both | 0](candidate_pairs: 49/49 | new_swaps: 0 | total: 0) -> {'max_bond': 8, 'max_links': 4, 'total_elems': 1488, 'total_shapes': 718, 'total_links': 390, 'num_tensors': 98}
2026-08-26 08:51:54,701 [INFO]     [6 | both | 1](candidate_pairs: 48/48 | new_swaps: 0 | total: 0) -> {'max_bond': 8, 'max_links': 4, 'total_elems': 1488, 'total_shapes': 718, 'total_links': 390, 'num_tensors': 98}
2026-08-26 08:51:54,741 [INFO]     [6 | left | 0](candidate_pairs: 49/49 | new_swaps: 0 | total: 0) -> {'max_bond': 8, 'max_links': 4, 'total_elems': 1488, 'total_shapes': 718, 'total_links': 390, 'num_tensors': 98}
2026-08-26 08:51:54,780 [INFO]     [6 | left | 1](candidate_pairs: 48/48 | new_swaps: 0 | total: 0) -> {'max_bond': 8, 'max_links': 4, 'total_elems': 1488, 'total_shapes': 718, 'total_links': 390, 'num_tensors': 98}
2026-08-26 08:51:54,817 [INFO]     [6 | right | 0](candidate_pairs: 49/49 | new_swaps: 0 | total: 0) -> {'max_bond': 8, 'max_links': 4, 'total_elems': 1488, 'total_shapes': 718, 'total_links': 390, 'num_tensors': 98}
2026-08-26 08:51:54,855 [INFO]     [6 | right | 1](candidate_pairs: 48/48 | new_swaps: 0 | total: 0) -> {'max_bond': 8, 'max_links': 4, 'total_elems': 1488, 'total_shapes': 718, 'total_links': 390, 'num_tensors': 98}
2026-08-26 08:51:54,856 [INFO]     [end unswap] -> {'max_bond': 8, 'max_links': 4, 'total_elems': 1488, 'total_shapes': 718, 'total_links': 390, 'num_tensors': 98}
2026-08-26 08:51:54,878 [INFO] [start rewire](phase=post_unswap, cycle=7, side=left, layers=2355, trials=20, seed=123, parallel=False, route_candidates=2, route_score=lookahead_total)
2026-08-26 08:52:04,366 [INFO] [end rewire](phase=post_unswap, cycle=7, side=left, routed_layers=2498, elapsed_s=9.49)
2026-08-26 08:52:04,366 [INFO] [start rewire](phase=post_unswap, cycle=7, side=right, layers=2325, trials=20, seed=123, parallel=False, route_candidates=2, route_score=lookahead_total)
2026-08-26 08:52:12,878 [INFO] [end rewire](phase=post_unswap, cycle=7, side=right, routed_layers=2358, elapsed_s=8.51)
2026-08-26 08:52:13,014 [INFO] [1L/2496](swap: 25, u: 0 | c_u: 0 | t_u_l: 14/992 | t_u_r: 8/992 | t_u: 22/1984) -> {'max_bond': 8, 'max_links': 4, 'total_elems': 1488, 'total_shapes': 718, 'total_links': 390, 'num_tensors': 98}
2026-08-26 08:52:13,121 [INFO] [1R/2356](swap: 17, u: 0 | c_u: 0 | t_u_l: 14/992 | t_u_r: 8/992 | t_u: 22/1984) -> {'max_bond': 8, 'max_links': 4, 'total_elems': 2240, 'total_shapes': 834, 'total_links': 390, 'num_tensors': 98}
2026-08-26 08:52:13,227 [INFO] [2L/2496](swap: 25, u: 0 | c_u: 0 | t_u_l: 14/992 | t_u_r: 8/992 | t_u: 22/1984) -> {'max_bond': 16, 'max_links': 4, 'total_elems': 4308, 'total_shapes': 990, 'total_links': 390, 'num_tensors': 98}
2026-08-26 08:52:13,339 [INFO] [2R/2356](swap: 18, u: 0 | c_u: 0 | t_u_l: 14/992 | t_u_r: 8/992 | t_u: 22/1984) -> {'max_bond': 32, 'max_links': 4, 'total_elems': 8404, 'total_shapes': 1192, 'total_links': 390, 'num_tensors': 98}
2026-08-26 08:52:13,453 [INFO] [3L/2496](swap: 25, u: 0 | c_u: 0 | t_u_l: 14/992 | t_u_r: 8/992 | t_u: 22/1984) -> {'max_bond': 32, 'max_links': 4, 'total_elems': 15924, 'total_shapes': 1444, 'total_links': 390, 'num_tensors': 98}
2026-08-26 08:52:13,584 [INFO] [4L/2496](swap: 21, u: 1 | c_u: 1 | t_u_l: 15/992 | t_u_r: 8/992 | t_u: 23/1984) -> {'max_bond': 32, 'max_links': 4, 'total_elems': 29136, 'total_shapes': 1796, 'total_links': 390, 'num_tensors': 98}
2026-08-26 08:52:13,728 [INFO] [3R/2356](swap: 17, u: 0 | c_u: 1 | t_u_l: 15/992 | t_u_r: 8/992 | t_u: 23/1984) -> {'max_bond': 64, 'max_links': 4, 'total_elems': 57228, 'total_shapes': 2160, 'total_links': 390, 'num_tensors': 98}
2026-08-26 08:52:13,902 [INFO] [5L/2496](swap: 24, u: 1 | c_u: 2 | t_u_l: 16/992 | t_u_r: 8/992 | t_u: 24/1984) -> {'max_bond': 64, 'max_links': 4, 'total_elems': 87544, 'total_shapes': 2614, 'total_links': 390, 'num_tensors': 98}
2026-08-26 08:52:14,176 [INFO] [4R/2356](swap: 13, u: 0 | c_u: 2 | t_u_l: 16/992 | t_u_r: 8/992 | t_u: 24/1984) -> {'max_bond': 128, 'max_links': 4, 'total_elems': 161044, 'total_shapes': 3128, 'total_links': 390, 'num_tensors': 98}
2026-08-26 08:52:14,537 [INFO] [5R/2356](swap: 14, u: 0 | c_u: 2 | t_u_l: 16/992 | t_u_r: 8/992 | t_u: 24/1984) -> {'max_bond': 128, 'max_links': 4, 'total_elems': 241332, 'total_shapes': 3654, 'total_links': 390, 'num_tensors': 98}
2026-08-26 08:52:15,149 [INFO] [6R/2356](swap: 16, u: 0 | c_u: 2 | t_u_l: 16/992 | t_u_r: 8/992 | t_u: 24/1984) -> {'max_bond': 128, 'max_links': 4, 'total_elems': 272372, 'total_shapes': 3990, 'total_links': 390, 'num_tensors': 98}
2026-08-26 08:52:15,907 [INFO] [6L/2496](swap: 22, u: 1 | c_u: 3 | t_u_l: 17/992 | t_u_r: 8/992 | t_u: 25/1984) -> {'max_bond': 256, 'max_links': 4, 'total_elems': 617268, 'total_shapes': 5566, 'total_links': 390, 'num_tensors': 98}
2026-08-26 08:52:17,814 [INFO]     [start unswap] -> {'max_bond': 256, 'max_links': 4, 'total_elems': 617268, 'total_shapes': 5566, 'total_links': 390, 'num_tensors': 98}
2026-08-26 08:52:32,724 [INFO]     [0 | both | 0](candidate_pairs: 49/49 | new_swaps: 6 | total: 6) -> {'max_bond': 256, 'max_links': 4, 'total_elems': 922016, 'total_shapes': 6118, 'total_links': 390, 'num_tensors': 98}
2026-08-26 08:52:41,358 [INFO]     [0 | both | 1](candidate_pairs: 48/48 | new_swaps: 19 | total: 25) -> {'max_bond': 256, 'max_links': 4, 'total_elems': 393216, 'total_shapes': 4408, 'total_links': 390, 'num_tensors': 98}
2026-08-26 08:52:42,328 [INFO]     [0 | left | 0](candidate_pairs: 49/49 | new_swaps: 23 | total: 48) -> {'max_bond': 64, 'max_links': 4, 'total_elems': 181852, 'total_shapes': 3148, 'total_links': 390, 'num_tensors': 98}
2026-08-26 08:52:42,767 [INFO]     [0 | left | 1](candidate_pairs: 48/48 | new_swaps: 20 | total: 68) -> {'max_bond': 64, 'max_links': 4, 'total_elems': 129804, 'total_shapes': 2726, 'total_links': 390, 'num_tensors': 98}
2026-08-26 08:52:43,047 [INFO]     [0 | right | 0](candidate_pairs: 49/49 | new_swaps: 10 | total: 78) -> {'max_bond': 64, 'max_links': 4, 'total_elems': 109052, 'total_shapes': 2412, 'total_links': 390, 'num_tensors': 98}
2026-08-26 08:52:43,306 [INFO]     [0 | right | 1](candidate_pairs: 48/48 | new_swaps: 12 | total: 90) -> {'max_bond': 64, 'max_links': 4, 'total_elems': 86108, 'total_shapes': 2178, 'total_links': 390, 'num_tensors': 98}
2026-08-26 08:52:43,832 [INFO]     [1 | both | 0](candidate_pairs: 49/49 | new_swaps: 16 | total: 16) -> {'max_bond': 64, 'max_links': 4, 'total_elems': 53452, 'total_shapes': 1866, 'total_links': 390, 'num_tensors': 98}
2026-08-26 08:52:44,139 [INFO]     [1 | both | 1](candidate_pairs: 48/48 | new_swaps: 12 | total: 28) -> {'max_bond': 32, 'max_links': 4, 'total_elems': 26596, 'total_shapes': 1506, 'total_links': 390, 'num_tensors': 98}
2026-08-26 08:52:44,272 [INFO]     [1 | left | 0](candidate_pairs: 49/49 | new_swaps: 15 | total: 43) -> {'max_bond': 32, 'max_links': 4, 'total_elems': 18200, 'total_shapes': 1302, 'total_links': 390, 'num_tensors': 98}
2026-08-26 08:52:44,388 [INFO]     [1 | left | 1](candidate_pairs: 48/48 | new_swaps: 8 | total: 51) -> {'max_bond': 32, 'max_links': 4, 'total_elems': 12032, 'total_shapes': 1184, 'total_links': 390, 'num_tensors': 98}
2026-08-26 08:52:44,489 [INFO]     [1 | right | 0](candidate_pairs: 49/49 | new_swaps: 7 | total: 58) -> {'max_bond': 16, 'max_links': 4, 'total_elems': 8852, 'total_shapes': 1070, 'total_links': 390, 'num_tensors': 98}
2026-08-26 08:52:44,587 [INFO]     [1 | right | 1](candidate_pairs: 48/48 | new_swaps: 6 | total: 64) -> {'max_bond': 16, 'max_links': 4, 'total_elems': 7700, 'total_shapes': 1022, 'total_links': 390, 'num_tensors': 98}
2026-08-26 08:52:44,764 [INFO]     [2 | both | 0](candidate_pairs: 49/49 | new_swaps: 10 | total: 10) -> {'max_bond': 16, 'max_links': 4, 'total_elems': 5396, 'total_shapes': 934, 'total_links': 390, 'num_tensors': 98}
2026-08-26 08:52:44,937 [INFO]     [2 | both | 1](candidate_pairs: 48/48 | new_swaps: 10 | total: 20) -> {'max_bond': 16, 'max_links': 4, 'total_elems': 4012, 'total_shapes': 870, 'total_links': 390, 'num_tensors': 98}
2026-08-26 08:52:45,032 [INFO]     [2 | left | 0](candidate_pairs: 49/49 | new_swaps: 5 | total: 25) -> {'max_bond': 8, 'max_links': 4, 'total_elems': 3060, 'total_shapes': 830, 'total_links': 390, 'num_tensors': 98}
2026-08-26 08:52:45,127 [INFO]     [2 | left | 1](candidate_pairs: 48/48 | new_swaps: 5 | total: 30) -> {'max_bond': 8, 'max_links': 4, 'total_elems': 2580, 'total_shapes': 794, 'total_links': 390, 'num_tensors': 98}
2026-08-26 08:52:45,215 [INFO]     [2 | right | 0](candidate_pairs: 49/49 | new_swaps: 1 | total: 31) -> {'max_bond': 8, 'max_links': 4, 'total_elems': 2520, 'total_shapes': 788, 'total_links': 390, 'num_tensors': 98}
2026-08-26 08:52:45,304 [INFO]     [2 | right | 1](candidate_pairs: 48/48 | new_swaps: 2 | total: 33) -> {'max_bond': 8, 'max_links': 4, 'total_elems': 2392, 'total_shapes': 780, 'total_links': 390, 'num_tensors': 98}
2026-08-26 08:52:45,467 [INFO]     [3 | both | 0](candidate_pairs: 49/49 | new_swaps: 5 | total: 5) -> {'max_bond': 8, 'max_links': 4, 'total_elems': 1888, 'total_shapes': 752, 'total_links': 390, 'num_tensors': 98}
2026-08-26 08:52:45,629 [INFO]     [3 | both | 1](candidate_pairs: 48/48 | new_swaps: 5 | total: 10) -> {'max_bond': 8, 'max_links': 4, 'total_elems': 1464, 'total_shapes': 724, 'total_links': 390, 'num_tensors': 98}
2026-08-26 08:52:45,719 [INFO]     [3 | left | 0](candidate_pairs: 49/49 | new_swaps: 2 | total: 12) -> {'max_bond': 8, 'max_links': 4, 'total_elems': 1144, 'total_shapes': 708, 'total_links': 390, 'num_tensors': 98}
2026-08-26 08:52:45,810 [INFO]     [3 | left | 1](candidate_pairs: 48/48 | new_swaps: 2 | total: 14) -> {'max_bond': 4, 'max_links': 4, 'total_elems': 1024, 'total_shapes': 692, 'total_links': 390, 'num_tensors': 98}
2026-08-26 08:52:45,848 [INFO]     [3 | right | 0](candidate_pairs: 49/49 | new_swaps: 0 | total: 14) -> {'max_bond': 4, 'max_links': 4, 'total_elems': 1024, 'total_shapes': 692, 'total_links': 390, 'num_tensors': 98}
2026-08-26 08:52:45,886 [INFO]     [3 | right | 1](candidate_pairs: 48/48 | new_swaps: 0 | total: 14) -> {'max_bond': 4, 'max_links': 4, 'total_elems': 1024, 'total_shapes': 692, 'total_links': 390, 'num_tensors': 98}
2026-08-26 08:52:46,044 [INFO]     [4 | both | 0](candidate_pairs: 49/49 | new_swaps: 1 | total: 1) -> {'max_bond': 4, 'max_links': 4, 'total_elems': 1012, 'total_shapes': 690, 'total_links': 390, 'num_tensors': 98}
2026-08-26 08:52:46,202 [INFO]     [4 | both | 1](candidate_pairs: 48/48 | new_swaps: 1 | total: 2) -> {'max_bond': 4, 'max_links': 4, 'total_elems': 1000, 'total_shapes': 688, 'total_links': 390, 'num_tensors': 98}
2026-08-26 08:52:46,241 [INFO]     [4 | left | 0](candidate_pairs: 49/49 | new_swaps: 0 | total: 2) -> {'max_bond': 4, 'max_links': 4, 'total_elems': 1000, 'total_shapes': 688, 'total_links': 390, 'num_tensors': 98}
2026-08-26 08:52:46,280 [INFO]     [4 | left | 1](candidate_pairs: 48/48 | new_swaps: 0 | total: 2) -> {'max_bond': 4, 'max_links': 4, 'total_elems': 1000, 'total_shapes': 688, 'total_links': 390, 'num_tensors': 98}
2026-08-26 08:52:46,318 [INFO]     [4 | right | 0](candidate_pairs: 49/49 | new_swaps: 0 | total: 2) -> {'max_bond': 4, 'max_links': 4, 'total_elems': 1000, 'total_shapes': 688, 'total_links': 390, 'num_tensors': 98}
2026-08-26 08:52:46,356 [INFO]     [4 | right | 1](candidate_pairs: 48/48 | new_swaps: 0 | total: 2) -> {'max_bond': 4, 'max_links': 4, 'total_elems': 1000, 'total_shapes': 688, 'total_links': 390, 'num_tensors': 98}
2026-08-26 08:52:46,432 [INFO]     [5 | both | 0](candidate_pairs: 49/49 | new_swaps: 0 | total: 0) -> {'max_bond': 4, 'max_links': 4, 'total_elems': 1000, 'total_shapes': 688, 'total_links': 390, 'num_tensors': 98}
2026-08-26 08:52:46,506 [INFO]     [5 | both | 1](candidate_pairs: 48/48 | new_swaps: 0 | total: 0) -> {'max_bond': 4, 'max_links': 4, 'total_elems': 1000, 'total_shapes': 688, 'total_links': 390, 'num_tensors': 98}
2026-08-26 08:52:46,545 [INFO]     [5 | left | 0](candidate_pairs: 49/49 | new_swaps: 0 | total: 0) -> {'max_bond': 4, 'max_links': 4, 'total_elems': 1000, 'total_shapes': 688, 'total_links': 390, 'num_tensors': 98}
2026-08-26 08:52:46,584 [INFO]     [5 | left | 1](candidate_pairs: 48/48 | new_swaps: 0 | total: 0) -> {'max_bond': 4, 'max_links': 4, 'total_elems': 1000, 'total_shapes': 688, 'total_links': 390, 'num_tensors': 98}
2026-08-26 08:52:46,622 [INFO]     [5 | right | 0](candidate_pairs: 49/49 | new_swaps: 0 | total: 0) -> {'max_bond': 4, 'max_links': 4, 'total_elems': 1000, 'total_shapes': 688, 'total_links': 390, 'num_tensors': 98}
2026-08-26 08:52:46,661 [INFO]     [5 | right | 1](candidate_pairs: 48/48 | new_swaps: 0 | total: 0) -> {'max_bond': 4, 'max_links': 4, 'total_elems': 1000, 'total_shapes': 688, 'total_links': 390, 'num_tensors': 98}
2026-08-26 08:52:46,662 [INFO]     [end unswap] -> {'max_bond': 4, 'max_links': 4, 'total_elems': 1000, 'total_shapes': 688, 'total_links': 390, 'num_tensors': 98}
2026-08-26 08:52:46,687 [INFO] [start rewire](phase=post_unswap, cycle=8, side=left, layers=2492, trials=20, seed=123, parallel=False, route_candidates=2, route_score=lookahead_total)
2026-08-26 08:52:56,715 [INFO] [end rewire](phase=post_unswap, cycle=8, side=left, routed_layers=2407, elapsed_s=10.03)
2026-08-26 08:52:56,715 [INFO] [start rewire](phase=post_unswap, cycle=8, side=right, layers=2352, trials=20, seed=123, parallel=False, route_candidates=2, route_score=lookahead_total)
2026-08-26 08:53:05,116 [INFO] [end rewire](phase=post_unswap, cycle=8, side=right, routed_layers=2150, elapsed_s=8.40)
2026-08-26 08:53:05,252 [INFO] [1L/2405](swap: 22, u: 0 | c_u: 0 | t_u_l: 17/992 | t_u_r: 8/992 | t_u: 25/1984) -> {'max_bond': 4, 'max_links': 4, 'total_elems': 1000, 'total_shapes': 688, 'total_links': 390, 'num_tensors': 98}
2026-08-26 08:53:05,361 [INFO] [1R/2148](swap: 15, u: 0 | c_u: 0 | t_u_l: 17/992 | t_u_r: 8/992 | t_u: 25/1984) -> {'max_bond': 8, 'max_links': 4, 'total_elems': 1552, 'total_shapes': 780, 'total_links': 390, 'num_tensors': 98}
2026-08-26 08:53:05,466 [INFO] [2L/2405](swap: 21, u: 0 | c_u: 0 | t_u_l: 17/992 | t_u_r: 8/992 | t_u: 25/1984) -> {'max_bond': 8, 'max_links': 4, 'total_elems': 2964, 'total_shapes': 918, 'total_links': 390, 'num_tensors': 98}
2026-08-26 08:53:05,571 [INFO] [2R/2148](swap: 22, u: 0 | c_u: 0 | t_u_l: 17/992 | t_u_r: 8/992 | t_u: 25/1984) -> {'max_bond': 16, 'max_links': 4, 'total_elems': 4864, 'total_shapes': 1044, 'total_links': 390, 'num_tensors': 98}
2026-08-26 08:53:05,681 [INFO] [3L/2405](swap: 21, u: 0 | c_u: 0 | t_u_l: 17/992 | t_u_r: 8/992 | t_u: 25/1984) -> {'max_bond': 32, 'max_links': 4, 'total_elems': 9524, 'total_shapes': 1294, 'total_links': 390, 'num_tensors': 98}
2026-08-26 08:53:05,800 [INFO] [3R/2148](swap: 21, u: 0 | c_u: 0 | t_u_l: 17/992 | t_u_r: 8/992 | t_u: 25/1984) -> {'max_bond': 32, 'max_links': 4, 'total_elems': 21384, 'total_shapes': 1602, 'total_links': 390, 'num_tensors': 98}
2026-08-26 08:53:05,928 [INFO] [4R/2148](swap: 20, u: 0 | c_u: 0 | t_u_l: 17/992 | t_u_r: 8/992 | t_u: 25/1984) -> {'max_bond': 64, 'max_links': 4, 'total_elems': 39900, 'total_shapes': 1960, 'total_links': 390, 'num_tensors': 98}
2026-08-26 08:53:06,079 [INFO] [5R/2148](swap: 17, u: 1 | c_u: 1 | t_u_l: 17/992 | t_u_r: 9/992 | t_u: 26/1984) -> {'max_bond': 64, 'max_links': 4, 'total_elems': 74004, 'total_shapes': 2328, 'total_links': 390, 'num_tensors': 98}
2026-08-26 08:53:06,296 [INFO] [6R/2148](swap: 18, u: 0 | c_u: 1 | t_u_l: 17/992 | t_u_r: 9/992 | t_u: 26/1984) -> {'max_bond': 64, 'max_links': 4, 'total_elems': 97844, 'total_shapes': 2704, 'total_links': 390, 'num_tensors': 98}
2026-08-26 08:53:06,586 [INFO] [7R/2148](swap: 18, u: 1 | c_u: 2 | t_u_l: 17/992 | t_u_r: 10/992 | t_u: 27/1984) -> {'max_bond': 64, 'max_links': 4, 'total_elems': 130276, 'total_shapes': 3030, 'total_links': 390, 'num_tensors': 98}
2026-08-26 08:53:06,892 [INFO] [8R/2148](swap: 16, u: 0 | c_u: 2 | t_u_l: 17/992 | t_u_r: 10/992 | t_u: 27/1984) -> {'max_bond': 128, 'max_links': 4, 'total_elems': 193412, 'total_shapes': 3586, 'total_links': 390, 'num_tensors': 98}
2026-08-26 08:53:07,380 [INFO] [4L/2405](swap: 20, u: 1 | c_u: 3 | t_u_l: 18/992 | t_u_r: 10/992 | t_u: 28/1984) -> {'max_bond': 256, 'max_links': 4, 'total_elems': 414432, 'total_shapes': 4820, 'total_links': 390, 'num_tensors': 98}
2026-08-26 08:53:08,460 [INFO] [9R/2148](swap: 17, u: 0 | c_u: 3 | t_u_l: 18/992 | t_u_r: 10/992 | t_u: 28/1984) -> {'max_bond': 256, 'max_links': 4, 'total_elems': 592672, 'total_shapes': 5556, 'total_links': 390, 'num_tensors': 98}
2026-08-26 08:53:10,835 [INFO]     [start unswap] -> {'max_bond': 256, 'max_links': 4, 'total_elems': 592672, 'total_shapes': 5556, 'total_links': 390, 'num_tensors': 98}
2026-08-26 08:53:20,756 [INFO]     [0 | both | 0](candidate_pairs: 49/49 | new_swaps: 3 | total: 3) -> {'max_bond': 256, 'max_links': 4, 'total_elems': 1035520, 'total_shapes': 6176, 'total_links': 390, 'num_tensors': 98}
2026-08-26 08:53:30,149 [INFO]     [0 | both | 1](candidate_pairs: 48/48 | new_swaps: 19 | total: 22) -> {'max_bond': 256, 'max_links': 4, 'total_elems': 541376, 'total_shapes': 4664, 'total_links': 390, 'num_tensors': 98}
2026-08-26 08:53:31,556 [INFO]     [0 | left | 0](candidate_pairs: 49/49 | new_swaps: 15 | total: 37) -> {'max_bond': 128, 'max_links': 4, 'total_elems': 324828, 'total_shapes': 3822, 'total_links': 390, 'num_tensors': 98}
2026-08-26 08:53:32,906 [INFO]     [0 | left | 1](candidate_pairs: 48/48 | new_swaps: 20 | total: 57) -> {'max_bond': 128, 'max_links': 4, 'total_elems': 145764, 'total_shapes': 2984, 'total_links': 390, 'num_tensors': 98}
2026-08-26 08:53:33,238 [INFO]     [0 | right | 0](candidate_pairs: 49/49 | new_swaps: 18 | total: 75) -> {'max_bond': 64, 'max_links': 4, 'total_elems': 75100, 'total_shapes': 2302, 'total_links': 390, 'num_tensors': 98}
2026-08-26 08:53:33,447 [INFO]     [0 | right | 1](candidate_pairs: 48/48 | new_swaps: 11 | total: 86) -> {'max_bond': 64, 'max_links': 4, 'total_elems': 45024, 'total_shapes': 2028, 'total_links': 390, 'num_tensors': 98}
2026-08-26 08:53:33,712 [INFO]     [1 | both | 0](candidate_pairs: 49/49 | new_swaps: 15 | total: 15) -> {'max_bond': 32, 'max_links': 4, 'total_elems': 26884, 'total_shapes': 1670, 'total_links': 390, 'num_tensors': 98}
2026-08-26 08:53:33,943 [INFO]     [1 | both | 1](candidate_pairs: 48/48 | new_swaps: 13 | total: 28) -> {'max_bond': 32, 'max_links': 4, 'total_elems': 20468, 'total_shapes': 1472, 'total_links': 390, 'num_tensors': 98}
2026-08-26 08:53:34,064 [INFO]     [1 | left | 0](candidate_pairs: 49/49 | new_swaps: 10 | total: 38) -> {'max_bond': 16, 'max_links': 4, 'total_elems': 15440, 'total_shapes': 1342, 'total_links': 390, 'num_tensors': 98}
2026-08-26 08:53:34,183 [INFO]     [1 | left | 1](candidate_pairs: 48/48 | new_swaps: 10 | total: 48) -> {'max_bond': 16, 'max_links': 4, 'total_elems': 11632, 'total_shapes': 1224, 'total_links': 390, 'num_tensors': 98}
2026-08-26 08:53:34,287 [INFO]     [1 | right | 0](candidate_pairs: 49/49 | new_swaps: 7 | total: 55) -> {'max_bond': 16, 'max_links': 4, 'total_elems': 10456, 'total_shapes': 1144, 'total_links': 390, 'num_tensors': 98}
2026-08-26 08:53:34,390 [INFO]     [1 | right | 1](candidate_pairs: 48/48 | new_swaps: 3 | total: 58) -> {'max_bond': 16, 'max_links': 4, 'total_elems': 9288, 'total_shapes': 1108, 'total_links': 390, 'num_tensors': 98}
2026-08-26 08:53:34,575 [INFO]     [2 | both | 0](candidate_pairs: 49/49 | new_swaps: 6 | total: 6) -> {'max_bond': 16, 'max_links': 4, 'total_elems': 7968, 'total_shapes': 1060, 'total_links': 390, 'num_tensors': 98}
2026-08-26 08:53:34,755 [INFO]     [2 | both | 1](candidate_pairs: 48/48 | new_swaps: 12 | total: 18) -> {'max_bond': 16, 'max_links': 4, 'total_elems': 6120, 'total_shapes': 988, 'total_links': 390, 'num_tensors': 98}
2026-08-26 08:53:34,852 [INFO]     [2 | left | 0](candidate_pairs: 49/49 | new_swaps: 3 | total: 21) -> {'max_bond': 16, 'max_links': 4, 'total_elems': 5000, 'total_shapes': 950, 'total_links': 390, 'num_tensors': 98}
2026-08-26 08:53:34,949 [INFO]     [2 | left | 1](candidate_pairs: 48/48 | new_swaps: 3 | total: 24) -> {'max_bond': 8, 'max_links': 4, 'total_elems': 4384, 'total_shapes': 924, 'total_links': 390, 'num_tensors': 98}
2026-08-26 08:53:35,043 [INFO]     [2 | right | 0](candidate_pairs: 49/49 | new_swaps: 4 | total: 28) -> {'max_bond': 8, 'max_links': 4, 'total_elems': 3472, 'total_shapes': 884, 'total_links': 390, 'num_tensors': 98}
2026-08-26 08:53:35,117 [INFO]     [2 | right | 1](candidate_pairs: 48/48 | new_swaps: 1 | total: 29) -> {'max_bond': 8, 'max_links': 4, 'total_elems': 3184, 'total_shapes': 872, 'total_links': 390, 'num_tensors': 98}
2026-08-26 08:53:35,290 [INFO]     [3 | both | 0](candidate_pairs: 49/49 | new_swaps: 7 | total: 7) -> {'max_bond': 8, 'max_links': 4, 'total_elems': 2716, 'total_shapes': 838, 'total_links': 390, 'num_tensors': 98}
2026-08-26 08:53:35,453 [INFO]     [3 | both | 1](candidate_pairs: 48/48 | new_swaps: 4 | total: 11) -> {'max_bond': 8, 'max_links': 4, 'total_elems': 2304, 'total_shapes': 816, 'total_links': 390, 'num_tensors': 98}
2026-08-26 08:53:35,544 [INFO]     [3 | left | 0](candidate_pairs: 49/49 | new_swaps: 1 | total: 12) -> {'max_bond': 8, 'max_links': 4, 'total_elems': 2176, 'total_shapes': 808, 'total_links': 390, 'num_tensors': 98}
2026-08-26 08:53:35,635 [INFO]     [3 | left | 1](candidate_pairs: 48/48 | new_swaps: 2 | total: 14) -> {'max_bond': 8, 'max_links': 4, 'total_elems': 2056, 'total_shapes': 790, 'total_links': 390, 'num_tensors': 98}
2026-08-26 08:53:35,708 [INFO]     [3 | right | 0](candidate_pairs: 49/49 | new_swaps: 1 | total: 15) -> {'max_bond': 8, 'max_links': 4, 'total_elems': 2008, 'total_shapes': 786, 'total_links': 390, 'num_tensors': 98}
2026-08-26 08:53:35,746 [INFO]     [3 | right | 1](candidate_pairs: 48/48 | new_swaps: 0 | total: 15) -> {'max_bond': 8, 'max_links': 4, 'total_elems': 2008, 'total_shapes': 786, 'total_links': 390, 'num_tensors': 98}
2026-08-26 08:53:35,906 [INFO]     [4 | both | 0](candidate_pairs: 49/49 | new_swaps: 1 | total: 1) -> {'max_bond': 8, 'max_links': 4, 'total_elems': 1960, 'total_shapes': 782, 'total_links': 390, 'num_tensors': 98}
2026-08-26 08:53:35,982 [INFO]     [4 | both | 1](candidate_pairs: 48/48 | new_swaps: 0 | total: 1) -> {'max_bond': 8, 'max_links': 4, 'total_elems': 1960, 'total_shapes': 782, 'total_links': 390, 'num_tensors': 98}
2026-08-26 08:53:36,022 [INFO]     [4 | left | 0](candidate_pairs: 49/49 | new_swaps: 0 | total: 1) -> {'max_bond': 8, 'max_links': 4, 'total_elems': 1960, 'total_shapes': 782, 'total_links': 390, 'num_tensors': 98}
2026-08-26 08:53:36,062 [INFO]     [4 | left | 1](candidate_pairs: 48/48 | new_swaps: 0 | total: 1) -> {'max_bond': 8, 'max_links': 4, 'total_elems': 1960, 'total_shapes': 782, 'total_links': 390, 'num_tensors': 98}
2026-08-26 08:53:36,101 [INFO]     [4 | right | 0](candidate_pairs: 49/49 | new_swaps: 0 | total: 1) -> {'max_bond': 8, 'max_links': 4, 'total_elems': 1960, 'total_shapes': 782, 'total_links': 390, 'num_tensors': 98}
2026-08-26 08:53:36,140 [INFO]     [4 | right | 1](candidate_pairs: 48/48 | new_swaps: 0 | total: 1) -> {'max_bond': 8, 'max_links': 4, 'total_elems': 1960, 'total_shapes': 782, 'total_links': 390, 'num_tensors': 98}
2026-08-26 08:53:36,217 [INFO]     [5 | both | 0](candidate_pairs: 49/49 | new_swaps: 0 | total: 0) -> {'max_bond': 8, 'max_links': 4, 'total_elems': 1960, 'total_shapes': 782, 'total_links': 390, 'num_tensors': 98}
2026-08-26 08:53:36,293 [INFO]     [5 | both | 1](candidate_pairs: 48/48 | new_swaps: 0 | total: 0) -> {'max_bond': 8, 'max_links': 4, 'total_elems': 1960, 'total_shapes': 782, 'total_links': 390, 'num_tensors': 98}
2026-08-26 08:53:36,333 [INFO]     [5 | left | 0](candidate_pairs: 49/49 | new_swaps: 0 | total: 0) -> {'max_bond': 8, 'max_links': 4, 'total_elems': 1960, 'total_shapes': 782, 'total_links': 390, 'num_tensors': 98}
2026-08-26 08:53:36,373 [INFO]     [5 | left | 1](candidate_pairs: 48/48 | new_swaps: 0 | total: 0) -> {'max_bond': 8, 'max_links': 4, 'total_elems': 1960, 'total_shapes': 782, 'total_links': 390, 'num_tensors': 98}
2026-08-26 08:53:36,412 [INFO]     [5 | right | 0](candidate_pairs: 49/49 | new_swaps: 0 | total: 0) -> {'max_bond': 8, 'max_links': 4, 'total_elems': 1960, 'total_shapes': 782, 'total_links': 390, 'num_tensors': 98}
2026-08-26 08:53:36,450 [INFO]     [5 | right | 1](candidate_pairs: 48/48 | new_swaps: 0 | total: 0) -> {'max_bond': 8, 'max_links': 4, 'total_elems': 1960, 'total_shapes': 782, 'total_links': 390, 'num_tensors': 98}
2026-08-26 08:53:36,451 [INFO]     [end unswap] -> {'max_bond': 8, 'max_links': 4, 'total_elems': 1960, 'total_shapes': 782, 'total_links': 390, 'num_tensors': 98}
2026-08-26 08:53:36,481 [INFO] [start rewire](phase=post_unswap, cycle=9, side=left, layers=2403, trials=20, seed=123, parallel=False, route_candidates=2, route_score=lookahead_total)
2026-08-26 08:53:46,813 [INFO] [end rewire](phase=post_unswap, cycle=9, side=left, routed_layers=2580, elapsed_s=10.33)
2026-08-26 08:53:46,813 [INFO] [start rewire](phase=post_unswap, cycle=9, side=right, layers=2141, trials=20, seed=123, parallel=False, route_candidates=2, route_score=lookahead_total)
2026-08-26 08:53:55,784 [INFO] [end rewire](phase=post_unswap, cycle=9, side=right, routed_layers=2194, elapsed_s=8.97)
2026-08-26 08:53:55,920 [INFO] [1L/2578](swap: 25, u: 0 | c_u: 0 | t_u_l: 18/992 | t_u_r: 10/992 | t_u: 28/1984) -> {'max_bond': 8, 'max_links': 4, 'total_elems': 1960, 'total_shapes': 782, 'total_links': 390, 'num_tensors': 98}
2026-08-26 08:53:56,029 [INFO] [1R/2192](swap: 21, u: 0 | c_u: 0 | t_u_l: 18/992 | t_u_r: 10/992 | t_u: 28/1984) -> {'max_bond': 8, 'max_links': 4, 'total_elems': 3068, 'total_shapes': 920, 'total_links': 390, 'num_tensors': 98}
2026-08-26 08:53:56,138 [INFO] [2L/2578](swap: 22, u: 1 | c_u: 1 | t_u_l: 19/992 | t_u_r: 10/992 | t_u: 29/1984) -> {'max_bond': 16, 'max_links': 4, 'total_elems': 5744, 'total_shapes': 1106, 'total_links': 390, 'num_tensors': 98}
2026-08-26 08:53:56,251 [INFO] [3L/2578](swap: 22, u: 0 | c_u: 1 | t_u_l: 19/992 | t_u_r: 10/992 | t_u: 29/1984) -> {'max_bond': 16, 'max_links': 4, 'total_elems': 10540, 'total_shapes': 1346, 'total_links': 390, 'num_tensors': 98}
2026-08-26 08:53:56,365 [INFO] [2R/2192](swap: 19, u: 0 | c_u: 1 | t_u_l: 19/992 | t_u_r: 10/992 | t_u: 29/1984) -> {'max_bond': 32, 'max_links': 4, 'total_elems': 16596, 'total_shapes': 1518, 'total_links': 390, 'num_tensors': 98}
2026-08-26 08:53:56,479 [INFO] [3R/2192](swap: 17, u: 0 | c_u: 1 | t_u_l: 19/992 | t_u_r: 10/992 | t_u: 29/1984) -> {'max_bond': 32, 'max_links': 4, 'total_elems': 22444, 'total_shapes': 1740, 'total_links': 390, 'num_tensors': 98}
2026-08-26 08:53:56,596 [INFO] [4L/2578](swap: 17, u: 0 | c_u: 1 | t_u_l: 19/992 | t_u_r: 10/992 | t_u: 29/1984) -> {'max_bond': 32, 'max_links': 4, 'total_elems': 36040, 'total_shapes': 2072, 'total_links': 390, 'num_tensors': 98}
2026-08-26 08:53:56,722 [INFO] [4R/2192](swap: 14, u: 0 | c_u: 1 | t_u_l: 19/992 | t_u_r: 10/992 | t_u: 29/1984) -> {'max_bond': 64, 'max_links': 4, 'total_elems': 56744, 'total_shapes': 2434, 'total_links': 390, 'num_tensors': 98}
2026-08-26 08:53:56,875 [INFO] [5R/2192](swap: 15, u: 1 | c_u: 2 | t_u_l: 19/992 | t_u_r: 11/992 | t_u: 30/1984) -> {'max_bond': 64, 'max_links': 4, 'total_elems': 85864, 'total_shapes': 2794, 'total_links': 390, 'num_tensors': 98}
2026-08-26 08:53:57,099 [INFO] [5L/2578](swap: 16, u: 0 | c_u: 2 | t_u_l: 19/992 | t_u_r: 11/992 | t_u: 30/1984) -> {'max_bond': 128, 'max_links': 4, 'total_elems': 151464, 'total_shapes': 3538, 'total_links': 390, 'num_tensors': 98}
2026-08-26 08:53:57,429 [INFO] [6L/2578](swap: 13, u: 1 | c_u: 3 | t_u_l: 20/992 | t_u_r: 11/992 | t_u: 31/1984) -> {'max_bond': 128, 'max_links': 4, 'total_elems': 258344, 'total_shapes': 4418, 'total_links': 390, 'num_tensors': 98}
2026-08-26 08:53:57,889 [INFO] [7L/2578](swap: 15, u: 0 | c_u: 3 | t_u_l: 20/992 | t_u_r: 11/992 | t_u: 31/1984) -> {'max_bond': 128, 'max_links': 4, 'total_elems': 310176, 'total_shapes': 4854, 'total_links': 390, 'num_tensors': 98}
2026-08-26 08:53:58,409 [INFO] [8L/2578](swap: 16, u: 0 | c_u: 3 | t_u_l: 20/992 | t_u_r: 11/992 | t_u: 31/1984) -> {'max_bond': 128, 'max_links': 4, 'total_elems': 463452, 'total_shapes': 5728, 'total_links': 390, 'num_tensors': 98}
2026-08-26 08:53:59,302 [INFO] [6R/2192](swap: 15, u: 0 | c_u: 3 | t_u_l: 20/992 | t_u_r: 11/992 | t_u: 31/1984) -> {'max_bond': 256, 'max_links': 4, 'total_elems': 730716, 'total_shapes': 6792, 'total_links': 390, 'num_tensors': 98}
2026-08-26 08:54:01,409 [INFO]     [start unswap] -> {'max_bond': 256, 'max_links': 4, 'total_elems': 730716, 'total_shapes': 6792, 'total_links': 390, 'num_tensors': 98}
2026-08-26 08:54:10,373 [INFO]     [0 | both | 0](candidate_pairs: 49/49 | new_swaps: 11 | total: 11) -> {'max_bond': 256, 'max_links': 4, 'total_elems': 844728, 'total_shapes': 6602, 'total_links': 390, 'num_tensors': 98}
2026-08-26 08:54:15,404 [INFO]     [0 | both | 1](candidate_pairs: 48/48 | new_swaps: 22 | total: 33) -> {'max_bond': 256, 'max_links': 4, 'total_elems': 373948, 'total_shapes': 4798, 'total_links': 390, 'num_tensors': 98}
2026-08-26 08:54:16,240 [INFO]     [0 | left | 0](candidate_pairs: 49/49 | new_swaps: 21 | total: 54) -> {'max_bond': 128, 'max_links': 4, 'total_elems': 230504, 'total_shapes': 3874, 'total_links': 390, 'num_tensors': 98}
2026-08-26 08:54:17,087 [INFO]     [0 | left | 1](candidate_pairs: 48/48 | new_swaps: 24 | total: 78) -> {'max_bond': 128, 'max_links': 4, 'total_elems': 115144, 'total_shapes': 3018, 'total_links': 390, 'num_tensors': 98}
2026-08-26 08:54:17,303 [INFO]     [0 | right | 0](candidate_pairs: 49/49 | new_swaps: 14 | total: 92) -> {'max_bond': 32, 'max_links': 4, 'total_elems': 59440, 'total_shapes': 2276, 'total_links': 390, 'num_tensors': 98}
2026-08-26 08:54:17,464 [INFO]     [0 | right | 1](candidate_pairs: 48/48 | new_swaps: 10 | total: 102) -> {'max_bond': 32, 'max_links': 4, 'total_elems': 43520, 'total_shapes': 2040, 'total_links': 390, 'num_tensors': 98}
2026-08-26 08:54:17,727 [INFO]     [1 | both | 0](candidate_pairs: 49/49 | new_swaps: 14 | total: 14) -> {'max_bond': 32, 'max_links': 4, 'total_elems': 31256, 'total_shapes': 1772, 'total_links': 390, 'num_tensors': 98}
2026-08-26 08:54:17,948 [INFO]     [1 | both | 1](candidate_pairs: 48/48 | new_swaps: 12 | total: 26) -> {'max_bond': 32, 'max_links': 4, 'total_elems': 25392, 'total_shapes': 1588, 'total_links': 390, 'num_tensors': 98}
2026-08-26 08:54:18,066 [INFO]     [1 | left | 0](candidate_pairs: 49/49 | new_swaps: 10 | total: 36) -> {'max_bond': 32, 'max_links': 4, 'total_elems': 21880, 'total_shapes': 1472, 'total_links': 390, 'num_tensors': 98}
2026-08-26 08:54:18,183 [INFO]     [1 | left | 1](candidate_pairs: 48/48 | new_swaps: 6 | total: 42) -> {'max_bond': 32, 'max_links': 4, 'total_elems': 17440, 'total_shapes': 1392, 'total_links': 390, 'num_tensors': 98}
2026-08-26 08:54:18,292 [INFO]     [1 | right | 0](candidate_pairs: 49/49 | new_swaps: 9 | total: 51) -> {'max_bond': 16, 'max_links': 4, 'total_elems': 13316, 'total_shapes': 1286, 'total_links': 390, 'num_tensors': 98}
2026-08-26 08:54:18,392 [INFO]     [1 | right | 1](candidate_pairs: 48/48 | new_swaps: 6 | total: 57) -> {'max_bond': 16, 'max_links': 4, 'total_elems': 11908, 'total_shapes': 1232, 'total_links': 390, 'num_tensors': 98}
2026-08-26 08:54:18,581 [INFO]     [2 | both | 0](candidate_pairs: 49/49 | new_swaps: 10 | total: 10) -> {'max_bond': 16, 'max_links': 4, 'total_elems': 11120, 'total_shapes': 1170, 'total_links': 390, 'num_tensors': 98}
2026-08-26 08:54:18,770 [INFO]     [2 | both | 1](candidate_pairs: 48/48 | new_swaps: 13 | total: 23) -> {'max_bond': 16, 'max_links': 4, 'total_elems': 7020, 'total_shapes': 1044, 'total_links': 390, 'num_tensors': 98}
2026-08-26 08:54:18,869 [INFO]     [2 | left | 0](candidate_pairs: 49/49 | new_swaps: 6 | total: 29) -> {'max_bond': 16, 'max_links': 4, 'total_elems': 5076, 'total_shapes': 984, 'total_links': 390, 'num_tensors': 98}
2026-08-26 08:54:18,965 [INFO]     [2 | left | 1](candidate_pairs: 48/48 | new_swaps: 3 | total: 32) -> {'max_bond': 8, 'max_links': 4, 'total_elems': 4212, 'total_shapes': 948, 'total_links': 390, 'num_tensors': 98}
2026-08-26 08:54:19,056 [INFO]     [2 | right | 0](candidate_pairs: 49/49 | new_swaps: 1 | total: 33) -> {'max_bond': 8, 'max_links': 4, 'total_elems': 4164, 'total_shapes': 944, 'total_links': 390, 'num_tensors': 98}
2026-08-26 08:54:19,147 [INFO]     [2 | right | 1](candidate_pairs: 48/48 | new_swaps: 1 | total: 34) -> {'max_bond': 8, 'max_links': 4, 'total_elems': 4116, 'total_shapes': 940, 'total_links': 390, 'num_tensors': 98}
2026-08-26 08:54:19,318 [INFO]     [3 | both | 0](candidate_pairs: 49/49 | new_swaps: 9 | total: 9) -> {'max_bond': 8, 'max_links': 4, 'total_elems': 3308, 'total_shapes': 892, 'total_links': 390, 'num_tensors': 98}
2026-08-26 08:54:19,485 [INFO]     [3 | both | 1](candidate_pairs: 48/48 | new_swaps: 5 | total: 14) -> {'max_bond': 8, 'max_links': 4, 'total_elems': 2924, 'total_shapes': 866, 'total_links': 390, 'num_tensors': 98}
2026-08-26 08:54:19,562 [INFO]     [3 | left | 0](candidate_pairs: 49/49 | new_swaps: 1 | total: 15) -> {'max_bond': 8, 'max_links': 4, 'total_elems': 2796, 'total_shapes': 858, 'total_links': 390, 'num_tensors': 98}
2026-08-26 08:54:19,655 [INFO]     [3 | left | 1](candidate_pairs: 48/48 | new_swaps: 1 | total: 16) -> {'max_bond': 8, 'max_links': 4, 'total_elems': 2772, 'total_shapes': 852, 'total_links': 390, 'num_tensors': 98}
2026-08-26 08:54:19,745 [INFO]     [3 | right | 0](candidate_pairs: 49/49 | new_swaps: 1 | total: 17) -> {'max_bond': 8, 'max_links': 4, 'total_elems': 2724, 'total_shapes': 848, 'total_links': 390, 'num_tensors': 98}
2026-08-26 08:54:19,858 [INFO]     [3 | right | 1](candidate_pairs: 48/48 | new_swaps: 1 | total: 18) -> {'max_bond': 8, 'max_links': 4, 'total_elems': 2676, 'total_shapes': 844, 'total_links': 390, 'num_tensors': 98}
2026-08-26 08:54:19,948 [INFO]     [4 | both | 0](candidate_pairs: 49/49 | new_swaps: 0 | total: 0) -> {'max_bond': 8, 'max_links': 4, 'total_elems': 2676, 'total_shapes': 844, 'total_links': 390, 'num_tensors': 98}
2026-08-26 08:54:20,025 [INFO]     [4 | both | 1](candidate_pairs: 48/48 | new_swaps: 0 | total: 0) -> {'max_bond': 8, 'max_links': 4, 'total_elems': 2676, 'total_shapes': 844, 'total_links': 390, 'num_tensors': 98}
2026-08-26 08:54:20,065 [INFO]     [4 | left | 0](candidate_pairs: 49/49 | new_swaps: 0 | total: 0) -> {'max_bond': 8, 'max_links': 4, 'total_elems': 2676, 'total_shapes': 844, 'total_links': 390, 'num_tensors': 98}
2026-08-26 08:54:20,104 [INFO]     [4 | left | 1](candidate_pairs: 48/48 | new_swaps: 0 | total: 0) -> {'max_bond': 8, 'max_links': 4, 'total_elems': 2676, 'total_shapes': 844, 'total_links': 390, 'num_tensors': 98}
2026-08-26 08:54:20,178 [INFO]     [4 | right | 0](candidate_pairs: 49/49 | new_swaps: 1 | total: 1) -> {'max_bond': 8, 'max_links': 4, 'total_elems': 2628, 'total_shapes': 840, 'total_links': 390, 'num_tensors': 98}
2026-08-26 08:54:20,251 [INFO]     [4 | right | 1](candidate_pairs: 48/48 | new_swaps: 1 | total: 2) -> {'max_bond': 8, 'max_links': 4, 'total_elems': 2580, 'total_shapes': 836, 'total_links': 390, 'num_tensors': 98}
2026-08-26 08:54:20,328 [INFO]     [5 | both | 0](candidate_pairs: 49/49 | new_swaps: 0 | total: 0) -> {'max_bond': 8, 'max_links': 4, 'total_elems': 2580, 'total_shapes': 836, 'total_links': 390, 'num_tensors': 98}
2026-08-26 08:54:20,405 [INFO]     [5 | both | 1](candidate_pairs: 48/48 | new_swaps: 0 | total: 0) -> {'max_bond': 8, 'max_links': 4, 'total_elems': 2580, 'total_shapes': 836, 'total_links': 390, 'num_tensors': 98}
2026-08-26 08:54:20,446 [INFO]     [5 | left | 0](candidate_pairs: 49/49 | new_swaps: 0 | total: 0) -> {'max_bond': 8, 'max_links': 4, 'total_elems': 2580, 'total_shapes': 836, 'total_links': 390, 'num_tensors': 98}
2026-08-26 08:54:20,486 [INFO]     [5 | left | 1](candidate_pairs: 48/48 | new_swaps: 0 | total: 0) -> {'max_bond': 8, 'max_links': 4, 'total_elems': 2580, 'total_shapes': 836, 'total_links': 390, 'num_tensors': 98}
2026-08-26 08:54:20,525 [INFO]     [5 | right | 0](candidate_pairs: 49/49 | new_swaps: 0 | total: 0) -> {'max_bond': 8, 'max_links': 4, 'total_elems': 2580, 'total_shapes': 836, 'total_links': 390, 'num_tensors': 98}
2026-08-26 08:54:20,564 [INFO]     [5 | right | 1](candidate_pairs: 48/48 | new_swaps: 0 | total: 0) -> {'max_bond': 8, 'max_links': 4, 'total_elems': 2580, 'total_shapes': 836, 'total_links': 390, 'num_tensors': 98}
2026-08-26 08:54:20,565 [INFO]     [end unswap] -> {'max_bond': 8, 'max_links': 4, 'total_elems': 2580, 'total_shapes': 836, 'total_links': 390, 'num_tensors': 98}
2026-08-26 08:54:20,595 [INFO] [start rewire](phase=post_unswap, cycle=10, side=left, layers=2572, trials=20, seed=123, parallel=False, route_candidates=2, route_score=lookahead_total)
2026-08-26 08:54:30,301 [INFO] [end rewire](phase=post_unswap, cycle=10, side=left, routed_layers=2612, elapsed_s=9.71)
2026-08-26 08:54:30,301 [INFO] [start rewire](phase=post_unswap, cycle=10, side=right, layers=2188, trials=20, seed=123, parallel=False, route_candidates=2, route_score=lookahead_total)
2026-08-26 08:54:39,255 [INFO] [end rewire](phase=post_unswap, cycle=10, side=right, routed_layers=2260, elapsed_s=8.95)
2026-08-26 08:54:39,397 [INFO] [1L/2610](swap: 20, u: 0 | c_u: 0 | t_u_l: 20/992 | t_u_r: 11/992 | t_u: 31/1984) -> {'max_bond': 8, 'max_links': 4, 'total_elems': 2580, 'total_shapes': 836, 'total_links': 390, 'num_tensors': 98}
2026-08-26 08:54:39,505 [INFO] [2L/2610](swap: 23, u: 0 | c_u: 0 | t_u_l: 20/992 | t_u_r: 11/992 | t_u: 31/1984) -> {'max_bond': 16, 'max_links': 4, 'total_elems': 4508, 'total_shapes': 1030, 'total_links': 390, 'num_tensors': 98}
2026-08-26 08:54:39,617 [INFO] [1R/2258](swap: 21, u: 0 | c_u: 0 | t_u_l: 20/992 | t_u_r: 11/992 | t_u: 31/1984) -> {'max_bond': 16, 'max_links': 4, 'total_elems': 7120, 'total_shapes': 1162, 'total_links': 390, 'num_tensors': 98}
2026-08-26 08:54:39,729 [INFO] [2R/2258](swap: 23, u: 0 | c_u: 0 | t_u_l: 20/992 | t_u_r: 11/992 | t_u: 31/1984) -> {'max_bond': 32, 'max_links': 4, 'total_elems': 13912, 'total_shapes': 1434, 'total_links': 390, 'num_tensors': 98}
2026-08-26 08:54:39,847 [INFO] [3L/2610](swap: 20, u: 1 | c_u: 1 | t_u_l: 21/992 | t_u_r: 11/992 | t_u: 32/1984) -> {'max_bond': 32, 'max_links': 4, 'total_elems': 25312, 'total_shapes': 1752, 'total_links': 390, 'num_tensors': 98}
2026-08-26 08:54:39,970 [INFO] [3R/2258](swap: 22, u: 0 | c_u: 1 | t_u_l: 21/992 | t_u_r: 11/992 | t_u: 32/1984) -> {'max_bond': 64, 'max_links': 4, 'total_elems': 44828, 'total_shapes': 2208, 'total_links': 390, 'num_tensors': 98}
2026-08-26 08:54:40,145 [INFO] [4L/2610](swap: 18, u: 0 | c_u: 1 | t_u_l: 21/992 | t_u_r: 11/992 | t_u: 32/1984) -> {'max_bond': 64, 'max_links': 4, 'total_elems': 90540, 'total_shapes': 2740, 'total_links': 390, 'num_tensors': 98}
2026-08-26 08:54:40,358 [INFO] [5L/2610](swap: 13, u: 0 | c_u: 1 | t_u_l: 21/992 | t_u_r: 11/992 | t_u: 32/1984) -> {'max_bond': 128, 'max_links': 4, 'total_elems': 151060, 'total_shapes': 3376, 'total_links': 390, 'num_tensors': 98}
2026-08-26 08:54:40,624 [INFO] [6L/2610](swap: 13, u: 0 | c_u: 1 | t_u_l: 21/992 | t_u_r: 11/992 | t_u: 32/1984) -> {'max_bond': 128, 'max_links': 4, 'total_elems': 176252, 'total_shapes': 3612, 'total_links': 390, 'num_tensors': 98}
2026-08-26 08:54:40,919 [INFO] [7L/2610](swap: 11, u: 0 | c_u: 1 | t_u_l: 21/992 | t_u_r: 11/992 | t_u: 32/1984) -> {'max_bond': 128, 'max_links': 4, 'total_elems': 211740, 'total_shapes': 4010, 'total_links': 390, 'num_tensors': 98}
2026-08-26 08:54:41,268 [INFO] [8L/2610](swap: 10, u: 0 | c_u: 1 | t_u_l: 21/992 | t_u_r: 11/992 | t_u: 32/1984) -> {'max_bond': 128, 'max_links': 4, 'total_elems': 265124, 'total_shapes': 4390, 'total_links': 390, 'num_tensors': 98}
2026-08-26 08:54:41,761 [INFO] [9L/2610](swap: 11, u: 0 | c_u: 1 | t_u_l: 21/992 | t_u_r: 11/992 | t_u: 32/1984) -> {'max_bond': 64, 'max_links': 4, 'total_elems': 263524, 'total_shapes': 4486, 'total_links': 390, 'num_tensors': 98}
2026-08-26 08:54:42,188 [INFO] [10L/2610](swap: 11, u: 0 | c_u: 1 | t_u_l: 21/992 | t_u_r: 11/992 | t_u: 32/1984) -> {'max_bond': 128, 'max_links': 4, 'total_elems': 343332, 'total_shapes': 5046, 'total_links': 390, 'num_tensors': 98}
2026-08-26 08:54:42,745 [INFO] [11L/2610](swap: 10, u: 1 | c_u: 2 | t_u_l: 22/992 | t_u_r: 11/992 | t_u: 33/1984) -> {'max_bond': 256, 'max_links': 4, 'total_elems': 519268, 'total_shapes': 5966, 'total_links': 390, 'num_tensors': 98}
2026-08-26 08:54:43,648 [INFO] [12L/2610](swap: 11, u: 0 | c_u: 2 | t_u_l: 22/992 | t_u_r: 11/992 | t_u: 33/1984) -> {'max_bond': 256, 'max_links': 4, 'total_elems': 579812, 'total_shapes': 6430, 'total_links': 390, 'num_tensors': 98}
2026-08-26 08:54:44,532 [INFO] [13L/2610](swap: 10, u: 2 | c_u: 4 | t_u_l: 24/992 | t_u_r: 11/992 | t_u: 35/1984) -> {'max_bond': 256, 'max_links': 4, 'total_elems': 713700, 'total_shapes': 7230, 'total_links': 390, 'num_tensors': 98}
2026-08-26 08:54:45,621 [INFO] [14L/2610](swap: 11, u: 1 | c_u: 5 | t_u_l: 25/992 | t_u_r: 11/992 | t_u: 36/1984) -> {'max_bond': 256, 'max_links': 4, 'total_elems': 887012, 'total_shapes': 7918, 'total_links': 390, 'num_tensors': 98}
2026-08-26 08:54:46,983 [INFO]     [start unswap] -> {'max_bond': 256, 'max_links': 4, 'total_elems': 887012, 'total_shapes': 7918, 'total_links': 390, 'num_tensors': 98}
2026-08-26 08:55:03,249 [INFO]     [0 | both | 0](candidate_pairs: 49/49 | new_swaps: 8 | total: 8) -> {'max_bond': 256, 'max_links': 4, 'total_elems': 1166756, 'total_shapes': 8522, 'total_links': 390, 'num_tensors': 98}
2026-08-26 08:55:09,324 [INFO]     [0 | both | 1](candidate_pairs: 48/48 | new_swaps: 18 | total: 26) -> {'max_bond': 128, 'max_links': 4, 'total_elems': 599748, 'total_shapes': 6442, 'total_links': 390, 'num_tensors': 98}
2026-08-26 08:55:10,896 [INFO]     [0 | left | 0](candidate_pairs: 49/49 | new_swaps: 18 | total: 44) -> {'max_bond': 64, 'max_links': 4, 'total_elems': 368192, 'total_shapes': 5244, 'total_links': 390, 'num_tensors': 98}
2026-08-26 08:55:11,639 [INFO]     [0 | left | 1](candidate_pairs: 48/48 | new_swaps: 15 | total: 59) -> {'max_bond': 64, 'max_links': 4, 'total_elems': 276252, 'total_shapes': 4480, 'total_links': 390, 'num_tensors': 98}
2026-08-26 08:55:12,165 [INFO]     [0 | right | 0](candidate_pairs: 49/49 | new_swaps: 10 | total: 69) -> {'max_bond': 64, 'max_links': 4, 'total_elems': 241256, 'total_shapes': 4126, 'total_links': 390, 'num_tensors': 98}
2026-08-26 08:55:12,590 [INFO]     [0 | right | 1](candidate_pairs: 48/48 | new_swaps: 9 | total: 78) -> {'max_bond': 64, 'max_links': 4, 'total_elems': 185452, 'total_shapes': 3736, 'total_links': 390, 'num_tensors': 98}
2026-08-26 08:55:13,425 [INFO]     [1 | both | 0](candidate_pairs: 49/49 | new_swaps: 11 | total: 11) -> {'max_bond': 64, 'max_links': 4, 'total_elems': 130800, 'total_shapes': 3146, 'total_links': 390, 'num_tensors': 98}
2026-08-26 08:55:13,958 [INFO]     [1 | both | 1](candidate_pairs: 48/48 | new_swaps: 16 | total: 27) -> {'max_bond': 64, 'max_links': 4, 'total_elems': 82968, 'total_shapes': 2622, 'total_links': 390, 'num_tensors': 98}
2026-08-26 08:55:14,140 [INFO]     [1 | left | 0](candidate_pairs: 49/49 | new_swaps: 12 | total: 39) -> {'max_bond': 64, 'max_links': 4, 'total_elems': 64196, 'total_shapes': 2346, 'total_links': 390, 'num_tensors': 98}
2026-08-26 08:55:14,318 [INFO]     [1 | left | 1](candidate_pairs: 48/48 | new_swaps: 10 | total: 49) -> {'max_bond': 32, 'max_links': 4, 'total_elems': 50896, 'total_shapes': 2122, 'total_links': 390, 'num_tensors': 98}
2026-08-26 08:55:14,449 [INFO]     [1 | right | 0](candidate_pairs: 49/49 | new_swaps: 5 | total: 54) -> {'max_bond': 32, 'max_links': 4, 'total_elems': 46776, 'total_shapes': 2040, 'total_links': 390, 'num_tensors': 98}
2026-08-26 08:55:14,587 [INFO]     [1 | right | 1](candidate_pairs: 48/48 | new_swaps: 3 | total: 57) -> {'max_bond': 32, 'max_links': 4, 'total_elems': 41592, 'total_shapes': 1984, 'total_links': 390, 'num_tensors': 98}
2026-08-26 08:55:14,848 [INFO]     [2 | both | 0](candidate_pairs: 49/49 | new_swaps: 18 | total: 18) -> {'max_bond': 32, 'max_links': 4, 'total_elems': 26904, 'total_shapes': 1692, 'total_links': 390, 'num_tensors': 98}
2026-08-26 08:55:15,056 [INFO]     [2 | both | 1](candidate_pairs: 48/48 | new_swaps: 13 | total: 31) -> {'max_bond': 32, 'max_links': 4, 'total_elems': 21084, 'total_shapes': 1510, 'total_links': 390, 'num_tensors': 98}
2026-08-26 08:55:15,167 [INFO]     [2 | left | 0](candidate_pairs: 49/49 | new_swaps: 6 | total: 37) -> {'max_bond': 32, 'max_links': 4, 'total_elems': 18992, 'total_shapes': 1444, 'total_links': 390, 'num_tensors': 98}
2026-08-26 08:55:15,275 [INFO]     [2 | left | 1](candidate_pairs: 48/48 | new_swaps: 5 | total: 42) -> {'max_bond': 32, 'max_links': 4, 'total_elems': 17204, 'total_shapes': 1390, 'total_links': 390, 'num_tensors': 98}
2026-08-26 08:55:15,359 [INFO]     [2 | right | 0](candidate_pairs: 49/49 | new_swaps: 1 | total: 43) -> {'max_bond': 32, 'max_links': 4, 'total_elems': 17076, 'total_shapes': 1382, 'total_links': 390, 'num_tensors': 98}
2026-08-26 08:55:15,461 [INFO]     [2 | right | 1](candidate_pairs: 48/48 | new_swaps: 1 | total: 44) -> {'max_bond': 16, 'max_links': 4, 'total_elems': 15028, 'total_shapes': 1350, 'total_links': 390, 'num_tensors': 98}
2026-08-26 08:55:15,651 [INFO]     [3 | both | 0](candidate_pairs: 49/49 | new_swaps: 6 | total: 6) -> {'max_bond': 16, 'max_links': 4, 'total_elems': 12856, 'total_shapes': 1288, 'total_links': 390, 'num_tensors': 98}
2026-08-26 08:55:15,831 [INFO]     [3 | both | 1](candidate_pairs: 48/48 | new_swaps: 4 | total: 10) -> {'max_bond': 16, 'max_links': 4, 'total_elems': 11852, 'total_shapes': 1238, 'total_links': 390, 'num_tensors': 98}
2026-08-26 08:55:15,877 [INFO]     [3 | left | 0](candidate_pairs: 49/49 | new_swaps: 0 | total: 10) -> {'max_bond': 16, 'max_links': 4, 'total_elems': 11852, 'total_shapes': 1238, 'total_links': 390, 'num_tensors': 98}
2026-08-26 08:55:15,975 [INFO]     [3 | left | 1](candidate_pairs: 48/48 | new_swaps: 2 | total: 12) -> {'max_bond': 16, 'max_links': 4, 'total_elems': 11340, 'total_shapes': 1222, 'total_links': 390, 'num_tensors': 98}
2026-08-26 08:55:16,071 [INFO]     [3 | right | 0](candidate_pairs: 49/49 | new_swaps: 2 | total: 14) -> {'max_bond': 16, 'max_links': 4, 'total_elems': 10460, 'total_shapes': 1194, 'total_links': 390, 'num_tensors': 98}
2026-08-26 08:55:16,168 [INFO]     [3 | right | 1](candidate_pairs: 48/48 | new_swaps: 3 | total: 17) -> {'max_bond': 16, 'max_links': 4, 'total_elems': 9628, 'total_shapes': 1162, 'total_links': 390, 'num_tensors': 98}
2026-08-26 08:55:18,711 [INFO]     [4 | both | 0](candidate_pairs: 49/49 | new_swaps: 4 | total: 4) -> {'max_bond': 16, 'max_links': 4, 'total_elems': 8964, 'total_shapes': 1130, 'total_links': 390, 'num_tensors': 98}
2026-08-26 08:55:18,872 [INFO]     [4 | both | 1](candidate_pairs: 48/48 | new_swaps: 1 | total: 5) -> {'max_bond': 16, 'max_links': 4, 'total_elems': 8772, 'total_shapes': 1122, 'total_links': 390, 'num_tensors': 98}
2026-08-26 08:55:18,916 [INFO]     [4 | left | 0](candidate_pairs: 49/49 | new_swaps: 0 | total: 5) -> {'max_bond': 16, 'max_links': 4, 'total_elems': 8772, 'total_shapes': 1122, 'total_links': 390, 'num_tensors': 98}
2026-08-26 08:55:19,014 [INFO]     [4 | left | 1](candidate_pairs: 48/48 | new_swaps: 2 | total: 7) -> {'max_bond': 16, 'max_links': 4, 'total_elems': 8340, 'total_shapes': 1102, 'total_links': 390, 'num_tensors': 98}
2026-08-26 08:55:19,108 [INFO]     [4 | right | 0](candidate_pairs: 49/49 | new_swaps: 2 | total: 9) -> {'max_bond': 16, 'max_links': 4, 'total_elems': 8084, 'total_shapes': 1082, 'total_links': 390, 'num_tensors': 98}
2026-08-26 08:55:19,201 [INFO]     [4 | right | 1](candidate_pairs: 48/48 | new_swaps: 1 | total: 10) -> {'max_bond': 16, 'max_links': 4, 'total_elems': 8036, 'total_shapes': 1078, 'total_links': 390, 'num_tensors': 98}
2026-08-26 08:55:19,287 [INFO]     [5 | both | 0](candidate_pairs: 49/49 | new_swaps: 0 | total: 0) -> {'max_bond': 16, 'max_links': 4, 'total_elems': 8036, 'total_shapes': 1078, 'total_links': 390, 'num_tensors': 98}
2026-08-26 08:55:19,444 [INFO]     [5 | both | 1](candidate_pairs: 48/48 | new_swaps: 1 | total: 1) -> {'max_bond': 16, 'max_links': 4, 'total_elems': 7844, 'total_shapes': 1070, 'total_links': 390, 'num_tensors': 98}
2026-08-26 08:55:19,487 [INFO]     [5 | left | 0](candidate_pairs: 49/49 | new_swaps: 0 | total: 1) -> {'max_bond': 16, 'max_links': 4, 'total_elems': 7844, 'total_shapes': 1070, 'total_links': 390, 'num_tensors': 98}
2026-08-26 08:55:19,531 [INFO]     [5 | left | 1](candidate_pairs: 48/48 | new_swaps: 0 | total: 1) -> {'max_bond': 16, 'max_links': 4, 'total_elems': 7844, 'total_shapes': 1070, 'total_links': 390, 'num_tensors': 98}
2026-08-26 08:55:19,609 [INFO]     [5 | right | 0](candidate_pairs: 49/49 | new_swaps: 1 | total: 2) -> {'max_bond': 16, 'max_links': 4, 'total_elems': 7524, 'total_shapes': 1062, 'total_links': 390, 'num_tensors': 98}
2026-08-26 08:55:19,651 [INFO]     [5 | right | 1](candidate_pairs: 48/48 | new_swaps: 0 | total: 2) -> {'max_bond': 16, 'max_links': 4, 'total_elems': 7524, 'total_shapes': 1062, 'total_links': 390, 'num_tensors': 98}
2026-08-26 08:55:19,736 [INFO]     [6 | both | 0](candidate_pairs: 49/49 | new_swaps: 0 | total: 0) -> {'max_bond': 16, 'max_links': 4, 'total_elems': 7524, 'total_shapes': 1062, 'total_links': 390, 'num_tensors': 98}
2026-08-26 08:55:19,906 [INFO]     [6 | both | 1](candidate_pairs: 48/48 | new_swaps: 1 | total: 1) -> {'max_bond': 16, 'max_links': 4, 'total_elems': 6884, 'total_shapes': 1046, 'total_links': 390, 'num_tensors': 98}
2026-08-26 08:55:19,950 [INFO]     [6 | left | 0](candidate_pairs: 49/49 | new_swaps: 0 | total: 1) -> {'max_bond': 16, 'max_links': 4, 'total_elems': 6884, 'total_shapes': 1046, 'total_links': 390, 'num_tensors': 98}
2026-08-26 08:55:19,993 [INFO]     [6 | left | 1](candidate_pairs: 48/48 | new_swaps: 0 | total: 1) -> {'max_bond': 16, 'max_links': 4, 'total_elems': 6884, 'total_shapes': 1046, 'total_links': 390, 'num_tensors': 98}
2026-08-26 08:55:20,085 [INFO]     [6 | right | 0](candidate_pairs: 49/49 | new_swaps: 1 | total: 2) -> {'max_bond': 16, 'max_links': 4, 'total_elems': 6116, 'total_shapes': 1022, 'total_links': 390, 'num_tensors': 98}
2026-08-26 08:55:20,127 [INFO]     [6 | right | 1](candidate_pairs: 48/48 | new_swaps: 0 | total: 2) -> {'max_bond': 16, 'max_links': 4, 'total_elems': 6116, 'total_shapes': 1022, 'total_links': 390, 'num_tensors': 98}
2026-08-26 08:55:20,209 [INFO]     [7 | both | 0](candidate_pairs: 49/49 | new_swaps: 0 | total: 0) -> {'max_bond': 16, 'max_links': 4, 'total_elems': 6116, 'total_shapes': 1022, 'total_links': 390, 'num_tensors': 98}
2026-08-26 08:55:20,363 [INFO]     [7 | both | 1](candidate_pairs: 48/48 | new_swaps: 1 | total: 1) -> {'max_bond': 16, 'max_links': 4, 'total_elems': 5924, 'total_shapes': 1014, 'total_links': 390, 'num_tensors': 98}
2026-08-26 08:55:20,406 [INFO]     [7 | left | 0](candidate_pairs: 49/49 | new_swaps: 0 | total: 1) -> {'max_bond': 16, 'max_links': 4, 'total_elems': 5924, 'total_shapes': 1014, 'total_links': 390, 'num_tensors': 98}
2026-08-26 08:55:20,449 [INFO]     [7 | left | 1](candidate_pairs: 48/48 | new_swaps: 0 | total: 1) -> {'max_bond': 16, 'max_links': 4, 'total_elems': 5924, 'total_shapes': 1014, 'total_links': 390, 'num_tensors': 98}
2026-08-26 08:55:20,490 [INFO]     [7 | right | 0](candidate_pairs: 49/49 | new_swaps: 0 | total: 1) -> {'max_bond': 16, 'max_links': 4, 'total_elems': 5924, 'total_shapes': 1014, 'total_links': 390, 'num_tensors': 98}
2026-08-26 08:55:20,532 [INFO]     [7 | right | 1](candidate_pairs: 48/48 | new_swaps: 0 | total: 1) -> {'max_bond': 16, 'max_links': 4, 'total_elems': 5924, 'total_shapes': 1014, 'total_links': 390, 'num_tensors': 98}
2026-08-26 08:55:20,615 [INFO]     [8 | both | 0](candidate_pairs: 49/49 | new_swaps: 0 | total: 0) -> {'max_bond': 16, 'max_links': 4, 'total_elems': 5924, 'total_shapes': 1014, 'total_links': 390, 'num_tensors': 98}
2026-08-26 08:55:20,697 [INFO]     [8 | both | 1](candidate_pairs: 48/48 | new_swaps: 0 | total: 0) -> {'max_bond': 16, 'max_links': 4, 'total_elems': 5924, 'total_shapes': 1014, 'total_links': 390, 'num_tensors': 98}
2026-08-26 08:55:20,740 [INFO]     [8 | left | 0](candidate_pairs: 49/49 | new_swaps: 0 | total: 0) -> {'max_bond': 16, 'max_links': 4, 'total_elems': 5924, 'total_shapes': 1014, 'total_links': 390, 'num_tensors': 98}
2026-08-26 08:55:20,783 [INFO]     [8 | left | 1](candidate_pairs: 48/48 | new_swaps: 0 | total: 0) -> {'max_bond': 16, 'max_links': 4, 'total_elems': 5924, 'total_shapes': 1014, 'total_links': 390, 'num_tensors': 98}
2026-08-26 08:55:20,825 [INFO]     [8 | right | 0](candidate_pairs: 49/49 | new_swaps: 0 | total: 0) -> {'max_bond': 16, 'max_links': 4, 'total_elems': 5924, 'total_shapes': 1014, 'total_links': 390, 'num_tensors': 98}
2026-08-26 08:55:20,868 [INFO]     [8 | right | 1](candidate_pairs: 48/48 | new_swaps: 0 | total: 0) -> {'max_bond': 16, 'max_links': 4, 'total_elems': 5924, 'total_shapes': 1014, 'total_links': 390, 'num_tensors': 98}
2026-08-26 08:55:20,868 [INFO]     [end unswap] -> {'max_bond': 16, 'max_links': 4, 'total_elems': 5924, 'total_shapes': 1014, 'total_links': 390, 'num_tensors': 98}
2026-08-26 08:55:20,902 [INFO] [start rewire](phase=post_unswap, cycle=11, side=left, layers=2598, trials=20, seed=123, parallel=False, route_candidates=2, route_score=lookahead_total)
2026-08-26 08:55:29,367 [INFO] [end rewire](phase=post_unswap, cycle=11, side=left, routed_layers=2400, elapsed_s=8.47)
2026-08-26 08:55:29,367 [INFO] [start rewire](phase=post_unswap, cycle=11, side=right, layers=2257, trials=20, seed=123, parallel=False, route_candidates=2, route_score=lookahead_total)
2026-08-26 08:55:40,907 [INFO] [end rewire](phase=post_unswap, cycle=11, side=right, routed_layers=2211, elapsed_s=11.54)
2026-08-26 08:55:41,050 [INFO] [1L/2398](swap: 17, u: 0 | c_u: 0 | t_u_l: 25/992 | t_u_r: 11/992 | t_u: 36/1984) -> {'max_bond': 16, 'max_links': 4, 'total_elems': 5924, 'total_shapes': 1014, 'total_links': 390, 'num_tensors': 98}
2026-08-26 08:55:41,161 [INFO] [2L/2398](swap: 17, u: 1 | c_u: 1 | t_u_l: 26/992 | t_u_r: 11/992 | t_u: 37/1984) -> {'max_bond': 16, 'max_links': 4, 'total_elems': 8496, 'total_shapes': 1182, 'total_links': 390, 'num_tensors': 98}
2026-08-26 08:55:41,272 [INFO] [1R/2209](swap: 20, u: 0 | c_u: 1 | t_u_l: 26/992 | t_u_r: 11/992 | t_u: 37/1984) -> {'max_bond': 16, 'max_links': 4, 'total_elems': 12320, 'total_shapes': 1362, 'total_links': 390, 'num_tensors': 98}
2026-08-26 08:55:41,386 [INFO] [3L/2398](swap: 20, u: 0 | c_u: 1 | t_u_l: 26/992 | t_u_r: 11/992 | t_u: 37/1984) -> {'max_bond': 16, 'max_links': 4, 'total_elems': 17172, 'total_shapes': 1546, 'total_links': 390, 'num_tensors': 98}
2026-08-26 08:55:41,502 [INFO] [2R/2209](swap: 22, u: 0 | c_u: 1 | t_u_l: 26/992 | t_u_r: 11/992 | t_u: 37/1984) -> {'max_bond': 16, 'max_links': 4, 'total_elems': 26240, 'total_shapes': 1848, 'total_links': 390, 'num_tensors': 98}
2026-08-26 08:55:41,625 [INFO] [4L/2398](swap: 19, u: 0 | c_u: 1 | t_u_l: 26/992 | t_u_r: 11/992 | t_u: 37/1984) -> {'max_bond': 32, 'max_links': 4, 'total_elems': 40576, 'total_shapes': 2172, 'total_links': 390, 'num_tensors': 98}
2026-08-26 08:55:41,764 [INFO] [5L/2398](swap: 18, u: 2 | c_u: 3 | t_u_l: 28/992 | t_u_r: 11/992 | t_u: 39/1984) -> {'max_bond': 64, 'max_links': 4, 'total_elems': 65072, 'total_shapes': 2592, 'total_links': 390, 'num_tensors': 98}
2026-08-26 08:55:41,920 [INFO] [6L/2398](swap: 19, u: 0 | c_u: 3 | t_u_l: 28/992 | t_u_r: 11/992 | t_u: 39/1984) -> {'max_bond': 64, 'max_links': 4, 'total_elems': 102896, 'total_shapes': 3140, 'total_links': 390, 'num_tensors': 98}
2026-08-26 08:55:42,146 [INFO] [7L/2398](swap: 15, u: 0 | c_u: 3 | t_u_l: 28/992 | t_u_r: 11/992 | t_u: 39/1984) -> {'max_bond': 64, 'max_links': 4, 'total_elems': 177584, 'total_shapes': 3868, 'total_links': 390, 'num_tensors': 98}
2026-08-26 08:55:42,441 [INFO] [8L/2398](swap: 13, u: 0 | c_u: 3 | t_u_l: 28/992 | t_u_r: 11/992 | t_u: 39/1984) -> {'max_bond': 64, 'max_links': 4, 'total_elems': 236920, 'total_shapes': 4568, 'total_links': 390, 'num_tensors': 98}
2026-08-26 08:55:42,793 [INFO] [9L/2398](swap: 14, u: 0 | c_u: 3 | t_u_l: 28/992 | t_u_r: 11/992 | t_u: 39/1984) -> {'max_bond': 64, 'max_links': 4, 'total_elems': 339256, 'total_shapes': 5328, 'total_links': 390, 'num_tensors': 98}
2026-08-26 08:55:43,364 [INFO] [3R/2209](swap: 20, u: 0 | c_u: 3 | t_u_l: 28/992 | t_u_r: 11/992 | t_u: 39/1984) -> {'max_bond': 128, 'max_links': 4, 'total_elems': 507252, 'total_shapes': 6310, 'total_links': 390, 'num_tensors': 98}
2026-08-26 08:55:44,439 [INFO] [4R/2209](swap: 20, u: 0 | c_u: 3 | t_u_l: 28/992 | t_u_r: 11/992 | t_u: 39/1984) -> {'max_bond': 256, 'max_links': 4, 'total_elems': 828912, 'total_shapes': 7780, 'total_links': 390, 'num_tensors': 98}
2026-08-26 08:55:46,223 [INFO]     [start unswap] -> {'max_bond': 256, 'max_links': 4, 'total_elems': 828912, 'total_shapes': 7780, 'total_links': 390, 'num_tensors': 98}
2026-08-26 08:55:55,030 [INFO]     [0 | both | 0](candidate_pairs: 49/49 | new_swaps: 10 | total: 10) -> {'max_bond': 256, 'max_links': 4, 'total_elems': 1136944, 'total_shapes': 8404, 'total_links': 390, 'num_tensors': 98}
2026-08-26 08:56:03,841 [INFO]     [0 | both | 1](candidate_pairs: 48/48 | new_swaps: 14 | total: 24) -> {'max_bond': 256, 'max_links': 4, 'total_elems': 493040, 'total_shapes': 6020, 'total_links': 390, 'num_tensors': 98}
2026-08-26 08:56:04,935 [INFO]     [0 | left | 0](candidate_pairs: 49/49 | new_swaps: 24 | total: 48) -> {'max_bond': 64, 'max_links': 4, 'total_elems': 230080, 'total_shapes': 4268, 'total_links': 390, 'num_tensors': 98}
2026-08-26 08:56:05,434 [INFO]     [0 | left | 1](candidate_pairs: 48/48 | new_swaps: 20 | total: 68) -> {'max_bond': 64, 'max_links': 4, 'total_elems': 143712, 'total_shapes': 3478, 'total_links': 390, 'num_tensors': 98}
2026-08-26 08:56:05,698 [INFO]     [0 | right | 0](candidate_pairs: 49/49 | new_swaps: 7 | total: 75) -> {'max_bond': 64, 'max_links': 4, 'total_elems': 122944, 'total_shapes': 3178, 'total_links': 390, 'num_tensors': 98}
2026-08-26 08:56:05,961 [INFO]     [0 | right | 1](candidate_pairs: 48/48 | new_swaps: 9 | total: 84) -> {'max_bond': 64, 'max_links': 4, 'total_elems': 94744, 'total_shapes': 2946, 'total_links': 390, 'num_tensors': 98}
2026-08-26 08:56:06,385 [INFO]     [1 | both | 0](candidate_pairs: 49/49 | new_swaps: 17 | total: 17) -> {'max_bond': 32, 'max_links': 4, 'total_elems': 66780, 'total_shapes': 2532, 'total_links': 390, 'num_tensors': 98}
2026-08-26 08:56:06,740 [INFO]     [1 | both | 1](candidate_pairs: 48/48 | new_swaps: 20 | total: 37) -> {'max_bond': 32, 'max_links': 4, 'total_elems': 42020, 'total_shapes': 2088, 'total_links': 390, 'num_tensors': 98}
2026-08-26 08:56:06,876 [INFO]     [1 | left | 0](candidate_pairs: 49/49 | new_swaps: 13 | total: 50) -> {'max_bond': 16, 'max_links': 4, 'total_elems': 31160, 'total_shapes': 1822, 'total_links': 390, 'num_tensors': 98}
2026-08-26 08:56:06,997 [INFO]     [1 | left | 1](candidate_pairs: 48/48 | new_swaps: 6 | total: 56) -> {'max_bond': 16, 'max_links': 4, 'total_elems': 27964, 'total_shapes': 1748, 'total_links': 390, 'num_tensors': 98}
2026-08-26 08:56:07,110 [INFO]     [1 | right | 0](candidate_pairs: 49/49 | new_swaps: 7 | total: 63) -> {'max_bond': 16, 'max_links': 4, 'total_elems': 24404, 'total_shapes': 1662, 'total_links': 390, 'num_tensors': 98}
2026-08-26 08:56:07,225 [INFO]     [1 | right | 1](candidate_pairs: 48/48 | new_swaps: 5 | total: 68) -> {'max_bond': 16, 'max_links': 4, 'total_elems': 22628, 'total_shapes': 1610, 'total_links': 390, 'num_tensors': 98}
2026-08-26 08:56:07,447 [INFO]     [2 | both | 0](candidate_pairs: 49/49 | new_swaps: 14 | total: 14) -> {'max_bond': 16, 'max_links': 4, 'total_elems': 17620, 'total_shapes': 1462, 'total_links': 390, 'num_tensors': 98}
2026-08-26 08:56:07,647 [INFO]     [2 | both | 1](candidate_pairs: 48/48 | new_swaps: 12 | total: 26) -> {'max_bond': 16, 'max_links': 4, 'total_elems': 13272, 'total_shapes': 1328, 'total_links': 390, 'num_tensors': 98}
2026-08-26 08:56:07,751 [INFO]     [2 | left | 0](candidate_pairs: 49/49 | new_swaps: 4 | total: 30) -> {'max_bond': 16, 'max_links': 4, 'total_elems': 11984, 'total_shapes': 1272, 'total_links': 390, 'num_tensors': 98}
2026-08-26 08:56:07,856 [INFO]     [2 | left | 1](candidate_pairs: 48/48 | new_swaps: 5 | total: 35) -> {'max_bond': 16, 'max_links': 4, 'total_elems': 10748, 'total_shapes': 1230, 'total_links': 390, 'num_tensors': 98}
2026-08-26 08:56:07,935 [INFO]     [2 | right | 0](candidate_pairs: 49/49 | new_swaps: 1 | total: 36) -> {'max_bond': 16, 'max_links': 4, 'total_elems': 10364, 'total_shapes': 1214, 'total_links': 390, 'num_tensors': 98}
2026-08-26 08:56:08,032 [INFO]     [2 | right | 1](candidate_pairs: 48/48 | new_swaps: 2 | total: 38) -> {'max_bond': 16, 'max_links': 4, 'total_elems': 10076, 'total_shapes': 1202, 'total_links': 390, 'num_tensors': 98}
2026-08-26 08:56:08,214 [INFO]     [3 | both | 0](candidate_pairs: 49/49 | new_swaps: 6 | total: 6) -> {'max_bond': 16, 'max_links': 4, 'total_elems': 8672, 'total_shapes': 1156, 'total_links': 390, 'num_tensors': 98}
2026-08-26 08:56:08,390 [INFO]     [3 | both | 1](candidate_pairs: 48/48 | new_swaps: 3 | total: 9) -> {'max_bond': 16, 'max_links': 4, 'total_elems': 7920, 'total_shapes': 1128, 'total_links': 390, 'num_tensors': 98}
2026-08-26 08:56:08,488 [INFO]     [3 | left | 0](candidate_pairs: 49/49 | new_swaps: 2 | total: 11) -> {'max_bond': 16, 'max_links': 4, 'total_elems': 7584, 'total_shapes': 1112, 'total_links': 390, 'num_tensors': 98}
2026-08-26 08:56:08,586 [INFO]     [3 | left | 1](candidate_pairs: 48/48 | new_swaps: 2 | total: 13) -> {'max_bond': 16, 'max_links': 4, 'total_elems': 7312, 'total_shapes': 1092, 'total_links': 390, 'num_tensors': 98}
2026-08-26 08:56:08,629 [INFO]     [3 | right | 0](candidate_pairs: 49/49 | new_swaps: 0 | total: 13) -> {'max_bond': 16, 'max_links': 4, 'total_elems': 7312, 'total_shapes': 1092, 'total_links': 390, 'num_tensors': 98}
2026-08-26 08:56:08,673 [INFO]     [3 | right | 1](candidate_pairs: 48/48 | new_swaps: 0 | total: 13) -> {'max_bond': 16, 'max_links': 4, 'total_elems': 7312, 'total_shapes': 1092, 'total_links': 390, 'num_tensors': 98}
2026-08-26 08:56:08,851 [INFO]     [4 | both | 0](candidate_pairs: 49/49 | new_swaps: 4 | total: 4) -> {'max_bond': 16, 'max_links': 4, 'total_elems': 7156, 'total_shapes': 1078, 'total_links': 390, 'num_tensors': 98}
2026-08-26 08:56:09,025 [INFO]     [4 | both | 1](candidate_pairs: 48/48 | new_swaps: 2 | total: 6) -> {'max_bond': 16, 'max_links': 4, 'total_elems': 7096, 'total_shapes': 1072, 'total_links': 390, 'num_tensors': 98}
2026-08-26 08:56:09,069 [INFO]     [4 | left | 0](candidate_pairs: 49/49 | new_swaps: 0 | total: 6) -> {'max_bond': 16, 'max_links': 4, 'total_elems': 7096, 'total_shapes': 1072, 'total_links': 390, 'num_tensors': 98}
2026-08-26 08:56:09,112 [INFO]     [4 | left | 1](candidate_pairs: 48/48 | new_swaps: 0 | total: 6) -> {'max_bond': 16, 'max_links': 4, 'total_elems': 7096, 'total_shapes': 1072, 'total_links': 390, 'num_tensors': 98}
2026-08-26 08:56:09,155 [INFO]     [4 | right | 0](candidate_pairs: 49/49 | new_swaps: 0 | total: 6) -> {'max_bond': 16, 'max_links': 4, 'total_elems': 7096, 'total_shapes': 1072, 'total_links': 390, 'num_tensors': 98}
2026-08-26 08:56:09,197 [INFO]     [4 | right | 1](candidate_pairs: 48/48 | new_swaps: 0 | total: 6) -> {'max_bond': 16, 'max_links': 4, 'total_elems': 7096, 'total_shapes': 1072, 'total_links': 390, 'num_tensors': 98}
2026-08-26 08:56:09,357 [INFO]     [5 | both | 0](candidate_pairs: 49/49 | new_swaps: 1 | total: 1) -> {'max_bond': 16, 'max_links': 4, 'total_elems': 7048, 'total_shapes': 1068, 'total_links': 390, 'num_tensors': 98}
2026-08-26 08:56:09,442 [INFO]     [5 | both | 1](candidate_pairs: 48/48 | new_swaps: 0 | total: 1) -> {'max_bond': 16, 'max_links': 4, 'total_elems': 7048, 'total_shapes': 1068, 'total_links': 390, 'num_tensors': 98}
2026-08-26 08:56:09,486 [INFO]     [5 | left | 0](candidate_pairs: 49/49 | new_swaps: 0 | total: 1) -> {'max_bond': 16, 'max_links': 4, 'total_elems': 7048, 'total_shapes': 1068, 'total_links': 390, 'num_tensors': 98}
2026-08-26 08:56:09,529 [INFO]     [5 | left | 1](candidate_pairs: 48/48 | new_swaps: 0 | total: 1) -> {'max_bond': 16, 'max_links': 4, 'total_elems': 7048, 'total_shapes': 1068, 'total_links': 390, 'num_tensors': 98}
2026-08-26 08:56:09,571 [INFO]     [5 | right | 0](candidate_pairs: 49/49 | new_swaps: 0 | total: 1) -> {'max_bond': 16, 'max_links': 4, 'total_elems': 7048, 'total_shapes': 1068, 'total_links': 390, 'num_tensors': 98}
2026-08-26 08:56:09,613 [INFO]     [5 | right | 1](candidate_pairs: 48/48 | new_swaps: 0 | total: 1) -> {'max_bond': 16, 'max_links': 4, 'total_elems': 7048, 'total_shapes': 1068, 'total_links': 390, 'num_tensors': 98}
2026-08-26 08:56:09,700 [INFO]     [6 | both | 0](candidate_pairs: 49/49 | new_swaps: 0 | total: 0) -> {'max_bond': 16, 'max_links': 4, 'total_elems': 7048, 'total_shapes': 1068, 'total_links': 390, 'num_tensors': 98}
2026-08-26 08:56:09,784 [INFO]     [6 | both | 1](candidate_pairs: 48/48 | new_swaps: 0 | total: 0) -> {'max_bond': 16, 'max_links': 4, 'total_elems': 7048, 'total_shapes': 1068, 'total_links': 390, 'num_tensors': 98}
2026-08-26 08:56:09,828 [INFO]     [6 | left | 0](candidate_pairs: 49/49 | new_swaps: 0 | total: 0) -> {'max_bond': 16, 'max_links': 4, 'total_elems': 7048, 'total_shapes': 1068, 'total_links': 390, 'num_tensors': 98}
2026-08-26 08:56:09,872 [INFO]     [6 | left | 1](candidate_pairs: 48/48 | new_swaps: 0 | total: 0) -> {'max_bond': 16, 'max_links': 4, 'total_elems': 7048, 'total_shapes': 1068, 'total_links': 390, 'num_tensors': 98}
2026-08-26 08:56:09,915 [INFO]     [6 | right | 0](candidate_pairs: 49/49 | new_swaps: 0 | total: 0) -> {'max_bond': 16, 'max_links': 4, 'total_elems': 7048, 'total_shapes': 1068, 'total_links': 390, 'num_tensors': 98}
2026-08-26 08:56:09,957 [INFO]     [6 | right | 1](candidate_pairs: 48/48 | new_swaps: 0 | total: 0) -> {'max_bond': 16, 'max_links': 4, 'total_elems': 7048, 'total_shapes': 1068, 'total_links': 390, 'num_tensors': 98}
2026-08-26 08:56:09,958 [INFO]     [end unswap] -> {'max_bond': 16, 'max_links': 4, 'total_elems': 7048, 'total_shapes': 1068, 'total_links': 390, 'num_tensors': 98}
2026-08-26 08:56:09,991 [INFO] [start rewire](phase=post_unswap, cycle=12, side=left, layers=2391, trials=20, seed=123, parallel=False, route_candidates=2, route_score=lookahead_total)
2026-08-26 08:56:21,887 [INFO] [end rewire](phase=post_unswap, cycle=12, side=left, routed_layers=2508, elapsed_s=11.90)
2026-08-26 08:56:21,887 [INFO] [start rewire](phase=post_unswap, cycle=12, side=right, layers=2207, trials=20, seed=123, parallel=False, route_candidates=2, route_score=lookahead_total)
2026-08-26 08:56:32,007 [INFO] [end rewire](phase=post_unswap, cycle=12, side=right, routed_layers=2158, elapsed_s=10.12)
2026-08-26 08:56:32,160 [INFO] [1L/2506](swap: 17, u: 0 | c_u: 0 | t_u_l: 28/992 | t_u_r: 11/992 | t_u: 39/1984) -> {'max_bond': 16, 'max_links': 4, 'total_elems': 7048, 'total_shapes': 1068, 'total_links': 390, 'num_tensors': 98}
2026-08-26 08:56:32,271 [INFO] [2L/2506](swap: 20, u: 0 | c_u: 0 | t_u_l: 28/992 | t_u_r: 11/992 | t_u: 39/1984) -> {'max_bond': 16, 'max_links': 4, 'total_elems': 9896, 'total_shapes': 1246, 'total_links': 390, 'num_tensors': 98}
2026-08-26 08:56:32,388 [INFO] [1R/2156](swap: 18, u: 0 | c_u: 0 | t_u_l: 28/992 | t_u_r: 11/992 | t_u: 39/1984) -> {'max_bond': 16, 'max_links': 4, 'total_elems': 12360, 'total_shapes': 1366, 'total_links': 390, 'num_tensors': 98}
2026-08-26 08:56:32,509 [INFO] [2R/2156](swap: 19, u: 0 | c_u: 0 | t_u_l: 28/992 | t_u_r: 11/992 | t_u: 39/1984) -> {'max_bond': 16, 'max_links': 4, 'total_elems': 19460, 'total_shapes': 1594, 'total_links': 390, 'num_tensors': 98}
2026-08-26 08:56:32,632 [INFO] [3R/2156](swap: 20, u: 0 | c_u: 0 | t_u_l: 28/992 | t_u_r: 11/992 | t_u: 39/1984) -> {'max_bond': 32, 'max_links': 4, 'total_elems': 28924, 'total_shapes': 1886, 'total_links': 390, 'num_tensors': 98}
2026-08-26 08:56:32,765 [INFO] [3L/2506](swap: 23, u: 0 | c_u: 0 | t_u_l: 28/992 | t_u_r: 11/992 | t_u: 39/1984) -> {'max_bond': 64, 'max_links': 4, 'total_elems': 49760, 'total_shapes': 2330, 'total_links': 390, 'num_tensors': 98}
2026-08-26 08:56:32,923 [INFO] [4R/2156](swap: 20, u: 0 | c_u: 0 | t_u_l: 28/992 | t_u_r: 11/992 | t_u: 39/1984) -> {'max_bond': 64, 'max_links': 4, 'total_elems': 88504, 'total_shapes': 2854, 'total_links': 390, 'num_tensors': 98}
2026-08-26 08:56:33,142 [INFO] [5R/2156](swap: 16, u: 1 | c_u: 1 | t_u_l: 28/992 | t_u_r: 12/992 | t_u: 40/1984) -> {'max_bond': 128, 'max_links': 4, 'total_elems': 169848, 'total_shapes': 3530, 'total_links': 390, 'num_tensors': 98}
2026-08-26 08:56:33,480 [INFO] [4L/2506](swap: 19, u: 0 | c_u: 1 | t_u_l: 28/992 | t_u_r: 12/992 | t_u: 40/1984) -> {'max_bond': 128, 'max_links': 4, 'total_elems': 286980, 'total_shapes': 4352, 'total_links': 390, 'num_tensors': 98}
2026-08-26 08:56:34,101 [INFO] [6R/2156](swap: 16, u: 0 | c_u: 1 | t_u_l: 28/992 | t_u_r: 12/992 | t_u: 40/1984) -> {'max_bond': 128, 'max_links': 4, 'total_elems': 464132, 'total_shapes': 5184, 'total_links': 390, 'num_tensors': 98}
2026-08-26 08:56:35,058 [INFO] [7R/2156](swap: 10, u: 3 | c_u: 4 | t_u_l: 28/992 | t_u_r: 15/992 | t_u: 43/1984) -> {'max_bond': 256, 'max_links': 4, 'total_elems': 633492, 'total_shapes': 5780, 'total_links': 390, 'num_tensors': 98}
2026-08-26 08:56:37,316 [INFO] [8R/2156](swap: 13, u: 1 | c_u: 5 | t_u_l: 28/992 | t_u_r: 16/992 | t_u: 44/1984) -> {'max_bond': 256, 'max_links': 4, 'total_elems': 951572, 'total_shapes': 6736, 'total_links': 390, 'num_tensors': 98}
2026-08-26 08:56:40,534 [INFO]     [start unswap] -> {'max_bond': 256, 'max_links': 4, 'total_elems': 951572, 'total_shapes': 6736, 'total_links': 390, 'num_tensors': 98}
2026-08-26 08:57:20,024 [INFO]     [0 | both | 0](candidate_pairs: 49/49 | new_swaps: 11 | total: 11) -> {'max_bond': 256, 'max_links': 4, 'total_elems': 1233268, 'total_shapes': 6920, 'total_links': 390, 'num_tensors': 98}
2026-08-26 08:57:30,459 [INFO]     [0 | both | 1](candidate_pairs: 48/48 | new_swaps: 18 | total: 29) -> {'max_bond': 256, 'max_links': 4, 'total_elems': 565412, 'total_shapes': 5036, 'total_links': 390, 'num_tensors': 98}
2026-08-26 08:57:32,203 [INFO]     [0 | left | 0](candidate_pairs: 49/49 | new_swaps: 14 | total: 43) -> {'max_bond': 128, 'max_links': 4, 'total_elems': 292504, 'total_shapes': 3974, 'total_links': 390, 'num_tensors': 98}
2026-08-26 08:57:33,308 [INFO]     [0 | left | 1](candidate_pairs: 48/48 | new_swaps: 21 | total: 64) -> {'max_bond': 128, 'max_links': 4, 'total_elems': 149628, 'total_shapes': 3084, 'total_links': 390, 'num_tensors': 98}
2026-08-26 08:57:33,590 [INFO]     [0 | right | 0](candidate_pairs: 49/49 | new_swaps: 11 | total: 75) -> {'max_bond': 64, 'max_links': 4, 'total_elems': 96868, 'total_shapes': 2646, 'total_links': 390, 'num_tensors': 98}
2026-08-26 08:57:33,805 [INFO]     [0 | right | 1](candidate_pairs: 48/48 | new_swaps: 8 | total: 83) -> {'max_bond': 64, 'max_links': 4, 'total_elems': 71416, 'total_shapes': 2436, 'total_links': 390, 'num_tensors': 98}
2026-08-26 08:57:34,147 [INFO]     [1 | both | 0](candidate_pairs: 49/49 | new_swaps: 12 | total: 12) -> {'max_bond': 32, 'max_links': 4, 'total_elems': 57296, 'total_shapes': 2156, 'total_links': 390, 'num_tensors': 98}
2026-08-26 08:57:34,464 [INFO]     [1 | both | 1](candidate_pairs: 48/48 | new_swaps: 12 | total: 24) -> {'max_bond': 32, 'max_links': 4, 'total_elems': 40164, 'total_shapes': 1890, 'total_links': 390, 'num_tensors': 98}
2026-08-26 08:57:34,610 [INFO]     [1 | left | 0](candidate_pairs: 49/49 | new_swaps: 9 | total: 33) -> {'max_bond': 32, 'max_links': 4, 'total_elems': 27532, 'total_shapes': 1658, 'total_links': 390, 'num_tensors': 98}
2026-08-26 08:57:34,726 [INFO]     [1 | left | 1](candidate_pairs: 48/48 | new_swaps: 8 | total: 41) -> {'max_bond': 32, 'max_links': 4, 'total_elems': 25084, 'total_shapes': 1578, 'total_links': 390, 'num_tensors': 98}
2026-08-26 08:57:34,839 [INFO]     [1 | right | 0](candidate_pairs: 49/49 | new_swaps: 2 | total: 43) -> {'max_bond': 32, 'max_links': 4, 'total_elems': 23740, 'total_shapes': 1538, 'total_links': 390, 'num_tensors': 98}
2026-08-26 08:57:34,946 [INFO]     [1 | right | 1](candidate_pairs: 48/48 | new_swaps: 4 | total: 47) -> {'max_bond': 32, 'max_links': 4, 'total_elems': 23204, 'total_shapes': 1514, 'total_links': 390, 'num_tensors': 98}
2026-08-26 08:57:35,191 [INFO]     [2 | both | 0](candidate_pairs: 49/49 | new_swaps: 10 | total: 10) -> {'max_bond': 32, 'max_links': 4, 'total_elems': 20608, 'total_shapes': 1424, 'total_links': 390, 'num_tensors': 98}
2026-08-26 08:57:35,410 [INFO]     [2 | both | 1](candidate_pairs: 48/48 | new_swaps: 11 | total: 21) -> {'max_bond': 32, 'max_links': 4, 'total_elems': 11428, 'total_shapes': 1258, 'total_links': 390, 'num_tensors': 98}
2026-08-26 08:57:35,518 [INFO]     [2 | left | 0](candidate_pairs: 49/49 | new_swaps: 4 | total: 25) -> {'max_bond': 16, 'max_links': 4, 'total_elems': 9668, 'total_shapes': 1194, 'total_links': 390, 'num_tensors': 98}
2026-08-26 08:57:35,569 [INFO]     [2 | left | 1](candidate_pairs: 48/48 | new_swaps: 0 | total: 25) -> {'max_bond': 16, 'max_links': 4, 'total_elems': 9668, 'total_shapes': 1194, 'total_links': 390, 'num_tensors': 98}
2026-08-26 08:57:35,650 [INFO]     [2 | right | 0](candidate_pairs: 49/49 | new_swaps: 1 | total: 26) -> {'max_bond': 16, 'max_links': 4, 'total_elems': 9476, 'total_shapes': 1186, 'total_links': 390, 'num_tensors': 98}
2026-08-26 08:57:35,694 [INFO]     [2 | right | 1](candidate_pairs: 48/48 | new_swaps: 0 | total: 26) -> {'max_bond': 16, 'max_links': 4, 'total_elems': 9476, 'total_shapes': 1186, 'total_links': 390, 'num_tensors': 98}
2026-08-26 08:57:35,877 [INFO]     [3 | both | 0](candidate_pairs: 49/49 | new_swaps: 6 | total: 6) -> {'max_bond': 16, 'max_links': 4, 'total_elems': 8924, 'total_shapes': 1154, 'total_links': 390, 'num_tensors': 98}
2026-08-26 08:57:36,054 [INFO]     [3 | both | 1](candidate_pairs: 48/48 | new_swaps: 4 | total: 10) -> {'max_bond': 16, 'max_links': 4, 'total_elems': 8576, 'total_shapes': 1132, 'total_links': 390, 'num_tensors': 98}
2026-08-26 08:57:36,099 [INFO]     [3 | left | 0](candidate_pairs: 49/49 | new_swaps: 0 | total: 10) -> {'max_bond': 16, 'max_links': 4, 'total_elems': 8576, 'total_shapes': 1132, 'total_links': 390, 'num_tensors': 98}
2026-08-26 08:57:36,196 [INFO]     [3 | left | 1](candidate_pairs: 48/48 | new_swaps: 2 | total: 12) -> {'max_bond': 16, 'max_links': 4, 'total_elems': 8400, 'total_shapes': 1120, 'total_links': 390, 'num_tensors': 98}
2026-08-26 08:57:36,240 [INFO]     [3 | right | 0](candidate_pairs: 49/49 | new_swaps: 0 | total: 12) -> {'max_bond': 16, 'max_links': 4, 'total_elems': 8400, 'total_shapes': 1120, 'total_links': 390, 'num_tensors': 98}
2026-08-26 08:57:36,282 [INFO]     [3 | right | 1](candidate_pairs: 48/48 | new_swaps: 0 | total: 12) -> {'max_bond': 16, 'max_links': 4, 'total_elems': 8400, 'total_shapes': 1120, 'total_links': 390, 'num_tensors': 98}
2026-08-26 08:57:36,463 [INFO]     [4 | both | 0](candidate_pairs: 49/49 | new_swaps: 3 | total: 3) -> {'max_bond': 16, 'max_links': 4, 'total_elems': 8064, 'total_shapes': 1100, 'total_links': 390, 'num_tensors': 98}
2026-08-26 08:57:36,637 [INFO]     [4 | both | 1](candidate_pairs: 48/48 | new_swaps: 2 | total: 5) -> {'max_bond': 16, 'max_links': 4, 'total_elems': 7776, 'total_shapes': 1084, 'total_links': 390, 'num_tensors': 98}
2026-08-26 08:57:36,735 [INFO]     [4 | left | 0](candidate_pairs: 49/49 | new_swaps: 2 | total: 7) -> {'max_bond': 16, 'max_links': 4, 'total_elems': 7616, 'total_shapes': 1072, 'total_links': 390, 'num_tensors': 98}
2026-08-26 08:57:36,779 [INFO]     [4 | left | 1](candidate_pairs: 48/48 | new_swaps: 0 | total: 7) -> {'max_bond': 16, 'max_links': 4, 'total_elems': 7616, 'total_shapes': 1072, 'total_links': 390, 'num_tensors': 98}
2026-08-26 08:57:36,822 [INFO]     [4 | right | 0](candidate_pairs: 49/49 | new_swaps: 0 | total: 7) -> {'max_bond': 16, 'max_links': 4, 'total_elems': 7616, 'total_shapes': 1072, 'total_links': 390, 'num_tensors': 98}
2026-08-26 08:57:36,864 [INFO]     [4 | right | 1](candidate_pairs: 48/48 | new_swaps: 0 | total: 7) -> {'max_bond': 16, 'max_links': 4, 'total_elems': 7616, 'total_shapes': 1072, 'total_links': 390, 'num_tensors': 98}
2026-08-26 08:57:37,051 [INFO]     [5 | both | 0](candidate_pairs: 49/49 | new_swaps: 1 | total: 1) -> {'max_bond': 16, 'max_links': 4, 'total_elems': 7568, 'total_shapes': 1068, 'total_links': 390, 'num_tensors': 98}
2026-08-26 08:57:37,232 [INFO]     [5 | both | 1](candidate_pairs: 48/48 | new_swaps: 2 | total: 3) -> {'max_bond': 16, 'max_links': 4, 'total_elems': 7472, 'total_shapes': 1058, 'total_links': 390, 'num_tensors': 98}
2026-08-26 08:57:37,282 [INFO]     [5 | left | 0](candidate_pairs: 49/49 | new_swaps: 0 | total: 3) -> {'max_bond': 16, 'max_links': 4, 'total_elems': 7472, 'total_shapes': 1058, 'total_links': 390, 'num_tensors': 98}
2026-08-26 08:57:37,326 [INFO]     [5 | left | 1](candidate_pairs: 48/48 | new_swaps: 0 | total: 3) -> {'max_bond': 16, 'max_links': 4, 'total_elems': 7472, 'total_shapes': 1058, 'total_links': 390, 'num_tensors': 98}
2026-08-26 08:57:37,369 [INFO]     [5 | right | 0](candidate_pairs: 49/49 | new_swaps: 0 | total: 3) -> {'max_bond': 16, 'max_links': 4, 'total_elems': 7472, 'total_shapes': 1058, 'total_links': 390, 'num_tensors': 98}
2026-08-26 08:57:37,411 [INFO]     [5 | right | 1](candidate_pairs: 48/48 | new_swaps: 0 | total: 3) -> {'max_bond': 16, 'max_links': 4, 'total_elems': 7472, 'total_shapes': 1058, 'total_links': 390, 'num_tensors': 98}
2026-08-26 08:57:37,573 [INFO]     [6 | both | 0](candidate_pairs: 49/49 | new_swaps: 1 | total: 1) -> {'max_bond': 16, 'max_links': 4, 'total_elems': 7424, 'total_shapes': 1054, 'total_links': 390, 'num_tensors': 98}
2026-08-26 08:57:37,657 [INFO]     [6 | both | 1](candidate_pairs: 48/48 | new_swaps: 0 | total: 1) -> {'max_bond': 16, 'max_links': 4, 'total_elems': 7424, 'total_shapes': 1054, 'total_links': 390, 'num_tensors': 98}
2026-08-26 08:57:37,701 [INFO]     [6 | left | 0](candidate_pairs: 49/49 | new_swaps: 0 | total: 1) -> {'max_bond': 16, 'max_links': 4, 'total_elems': 7424, 'total_shapes': 1054, 'total_links': 390, 'num_tensors': 98}
2026-08-26 08:57:37,744 [INFO]     [6 | left | 1](candidate_pairs: 48/48 | new_swaps: 0 | total: 1) -> {'max_bond': 16, 'max_links': 4, 'total_elems': 7424, 'total_shapes': 1054, 'total_links': 390, 'num_tensors': 98}
2026-08-26 08:57:37,788 [INFO]     [6 | right | 0](candidate_pairs: 49/49 | new_swaps: 0 | total: 1) -> {'max_bond': 16, 'max_links': 4, 'total_elems': 7424, 'total_shapes': 1054, 'total_links': 390, 'num_tensors': 98}
2026-08-26 08:57:37,830 [INFO]     [6 | right | 1](candidate_pairs: 48/48 | new_swaps: 0 | total: 1) -> {'max_bond': 16, 'max_links': 4, 'total_elems': 7424, 'total_shapes': 1054, 'total_links': 390, 'num_tensors': 98}
2026-08-26 08:57:37,918 [INFO]     [7 | both | 0](candidate_pairs: 49/49 | new_swaps: 0 | total: 0) -> {'max_bond': 16, 'max_links': 4, 'total_elems': 7424, 'total_shapes': 1054, 'total_links': 390, 'num_tensors': 98}
2026-08-26 08:57:38,001 [INFO]     [7 | both | 1](candidate_pairs: 48/48 | new_swaps: 0 | total: 0) -> {'max_bond': 16, 'max_links': 4, 'total_elems': 7424, 'total_shapes': 1054, 'total_links': 390, 'num_tensors': 98}
2026-08-26 08:57:38,046 [INFO]     [7 | left | 0](candidate_pairs: 49/49 | new_swaps: 0 | total: 0) -> {'max_bond': 16, 'max_links': 4, 'total_elems': 7424, 'total_shapes': 1054, 'total_links': 390, 'num_tensors': 98}
2026-08-26 08:57:38,089 [INFO]     [7 | left | 1](candidate_pairs: 48/48 | new_swaps: 0 | total: 0) -> {'max_bond': 16, 'max_links': 4, 'total_elems': 7424, 'total_shapes': 1054, 'total_links': 390, 'num_tensors': 98}
2026-08-26 08:57:38,132 [INFO]     [7 | right | 0](candidate_pairs: 49/49 | new_swaps: 0 | total: 0) -> {'max_bond': 16, 'max_links': 4, 'total_elems': 7424, 'total_shapes': 1054, 'total_links': 390, 'num_tensors': 98}
2026-08-26 08:57:38,174 [INFO]     [7 | right | 1](candidate_pairs: 48/48 | new_swaps: 0 | total: 0) -> {'max_bond': 16, 'max_links': 4, 'total_elems': 7424, 'total_shapes': 1054, 'total_links': 390, 'num_tensors': 98}
2026-08-26 08:57:38,175 [INFO]     [end unswap] -> {'max_bond': 16, 'max_links': 4, 'total_elems': 7424, 'total_shapes': 1054, 'total_links': 390, 'num_tensors': 98}
2026-08-26 08:57:38,211 [INFO] [start rewire](phase=post_unswap, cycle=13, side=left, layers=2504, trials=20, seed=123, parallel=False, route_candidates=2, route_score=lookahead_total)
2026-08-26 08:57:49,137 [INFO] [end rewire](phase=post_unswap, cycle=13, side=left, routed_layers=2495, elapsed_s=10.93)
2026-08-26 08:57:49,137 [INFO] [start rewire](phase=post_unswap, cycle=13, side=right, layers=2150, trials=20, seed=123, parallel=False, route_candidates=2, route_score=lookahead_total)
2026-08-26 08:57:58,117 [INFO] [end rewire](phase=post_unswap, cycle=13, side=right, routed_layers=2142, elapsed_s=8.98)
2026-08-26 08:57:58,272 [INFO] [1L/2493](swap: 20, u: 0 | c_u: 0 | t_u_l: 28/992 | t_u_r: 16/992 | t_u: 44/1984) -> {'max_bond': 16, 'max_links': 4, 'total_elems': 7424, 'total_shapes': 1054, 'total_links': 390, 'num_tensors': 98}
2026-08-26 08:57:58,381 [INFO] [1R/2140](swap: 15, u: 0 | c_u: 0 | t_u_l: 28/992 | t_u_r: 16/992 | t_u: 44/1984) -> {'max_bond': 16, 'max_links': 4, 'total_elems': 9304, 'total_shapes': 1200, 'total_links': 390, 'num_tensors': 98}
2026-08-26 08:57:58,492 [INFO] [2L/2493](swap: 23, u: 0 | c_u: 0 | t_u_l: 28/992 | t_u_r: 16/992 | t_u: 44/1984) -> {'max_bond': 16, 'max_links': 4, 'total_elems': 12164, 'total_shapes': 1358, 'total_links': 390, 'num_tensors': 98}
2026-08-26 08:57:58,604 [INFO] [2R/2140](swap: 13, u: 0 | c_u: 0 | t_u_l: 28/992 | t_u_r: 16/992 | t_u: 44/1984) -> {'max_bond': 16, 'max_links': 4, 'total_elems': 16440, 'total_shapes': 1498, 'total_links': 390, 'num_tensors': 98}
2026-08-26 08:57:58,721 [INFO] [3R/2140](swap: 13, u: 0 | c_u: 0 | t_u_l: 28/992 | t_u_r: 16/992 | t_u: 44/1984) -> {'max_bond': 32, 'max_links': 4, 'total_elems': 25152, 'total_shapes': 1694, 'total_links': 390, 'num_tensors': 98}
2026-08-26 08:57:58,863 [INFO] [3L/2493](swap: 19, u: 0 | c_u: 0 | t_u_l: 28/992 | t_u_r: 16/992 | t_u: 44/1984) -> {'max_bond': 32, 'max_links': 4, 'total_elems': 37296, 'total_shapes': 2048, 'total_links': 390, 'num_tensors': 98}
2026-08-26 08:57:59,015 [INFO] [4R/2140](swap: 17, u: 0 | c_u: 0 | t_u_l: 28/992 | t_u_r: 16/992 | t_u: 44/1984) -> {'max_bond': 32, 'max_links': 4, 'total_elems': 54376, 'total_shapes': 2352, 'total_links': 390, 'num_tensors': 98}
2026-08-26 08:57:59,173 [INFO] [5R/2140](swap: 16, u: 0 | c_u: 0 | t_u_l: 28/992 | t_u_r: 16/992 | t_u: 44/1984) -> {'max_bond': 64, 'max_links': 4, 'total_elems': 88904, 'total_shapes': 2768, 'total_links': 390, 'num_tensors': 98}
2026-08-26 08:57:59,377 [INFO] [4L/2493](swap: 15, u: 0 | c_u: 0 | t_u_l: 28/992 | t_u_r: 16/992 | t_u: 44/1984) -> {'max_bond': 64, 'max_links': 4, 'total_elems': 135704, 'total_shapes': 3304, 'total_links': 390, 'num_tensors': 98}
2026-08-26 08:57:59,639 [INFO] [6R/2140](swap: 13, u: 0 | c_u: 0 | t_u_l: 28/992 | t_u_r: 16/992 | t_u: 44/1984) -> {'max_bond': 128, 'max_links': 4, 'total_elems': 234104, 'total_shapes': 3812, 'total_links': 390, 'num_tensors': 98}
2026-08-26 08:58:00,105 [INFO] [5L/2493](swap: 16, u: 0 | c_u: 0 | t_u_l: 28/992 | t_u_r: 16/992 | t_u: 44/1984) -> {'max_bond': 128, 'max_links': 4, 'total_elems': 354584, 'total_shapes': 4512, 'total_links': 390, 'num_tensors': 98}
2026-08-26 08:58:00,769 [INFO] [6L/2493](swap: 14, u: 0 | c_u: 0 | t_u_l: 28/992 | t_u_r: 16/992 | t_u: 44/1984) -> {'max_bond': 128, 'max_links': 4, 'total_elems': 540632, 'total_shapes': 5456, 'total_links': 390, 'num_tensors': 98}
2026-08-26 08:58:02,118 [INFO] [7R/2140](swap: 12, u: 0 | c_u: 0 | t_u_l: 28/992 | t_u_r: 16/992 | t_u: 44/1984) -> {'max_bond': 256, 'max_links': 4, 'total_elems': 837400, 'total_shapes': 6224, 'total_links': 390, 'num_tensors': 98}
2026-08-26 08:58:04,099 [INFO]     [start unswap] -> {'max_bond': 256, 'max_links': 4, 'total_elems': 837400, 'total_shapes': 6224, 'total_links': 390, 'num_tensors': 98}
2026-08-26 08:58:14,889 [INFO]     [0 | both | 0](candidate_pairs: 49/49 | new_swaps: 9 | total: 9) -> {'max_bond': 256, 'max_links': 4, 'total_elems': 1142528, 'total_shapes': 6694, 'total_links': 390, 'num_tensors': 98}
2026-08-26 08:58:29,261 [INFO]     [0 | both | 1](candidate_pairs: 48/48 | new_swaps: 15 | total: 24) -> {'max_bond': 256, 'max_links': 4, 'total_elems': 742672, 'total_shapes': 5426, 'total_links': 390, 'num_tensors': 98}
2026-08-26 08:58:32,062 [INFO]     [0 | left | 0](candidate_pairs: 49/49 | new_swaps: 19 | total: 43) -> {'max_bond': 128, 'max_links': 4, 'total_elems': 281064, 'total_shapes': 3798, 'total_links': 390, 'num_tensors': 98}
2026-08-26 08:58:32,813 [INFO]     [0 | left | 1](candidate_pairs: 48/48 | new_swaps: 21 | total: 64) -> {'max_bond': 64, 'max_links': 4, 'total_elems': 159732, 'total_shapes': 3048, 'total_links': 390, 'num_tensors': 98}
2026-08-26 08:58:33,148 [INFO]     [0 | right | 0](candidate_pairs: 49/49 | new_swaps: 4 | total: 68) -> {'max_bond': 64, 'max_links': 4, 'total_elems': 154148, 'total_shapes': 2968, 'total_links': 390, 'num_tensors': 98}
2026-08-26 08:58:33,605 [INFO]     [0 | right | 1](candidate_pairs: 48/48 | new_swaps: 8 | total: 76) -> {'max_bond': 64, 'max_links': 4, 'total_elems': 129076, 'total_shapes': 2776, 'total_links': 390, 'num_tensors': 98}
2026-08-26 08:58:34,221 [INFO]     [1 | both | 0](candidate_pairs: 49/49 | new_swaps: 16 | total: 16) -> {'max_bond': 64, 'max_links': 4, 'total_elems': 56720, 'total_shapes': 2150, 'total_links': 390, 'num_tensors': 98}
2026-08-26 08:58:34,495 [INFO]     [1 | both | 1](candidate_pairs: 48/48 | new_swaps: 13 | total: 29) -> {'max_bond': 32, 'max_links': 4, 'total_elems': 28020, 'total_shapes': 1712, 'total_links': 390, 'num_tensors': 98}
2026-08-26 08:58:34,611 [INFO]     [1 | left | 0](candidate_pairs: 49/49 | new_swaps: 7 | total: 36) -> {'max_bond': 32, 'max_links': 4, 'total_elems': 23396, 'total_shapes': 1588, 'total_links': 390, 'num_tensors': 98}
2026-08-26 08:58:34,727 [INFO]     [1 | left | 1](candidate_pairs: 48/48 | new_swaps: 8 | total: 44) -> {'max_bond': 16, 'max_links': 4, 'total_elems': 19268, 'total_shapes': 1488, 'total_links': 390, 'num_tensors': 98}
2026-08-26 08:58:34,831 [INFO]     [1 | right | 0](candidate_pairs: 49/49 | new_swaps: 5 | total: 49) -> {'max_bond': 16, 'max_links': 4, 'total_elems': 16740, 'total_shapes': 1404, 'total_links': 390, 'num_tensors': 98}
2026-08-26 08:58:34,935 [INFO]     [1 | right | 1](candidate_pairs: 48/48 | new_swaps: 3 | total: 52) -> {'max_bond': 16, 'max_links': 4, 'total_elems': 15748, 'total_shapes': 1374, 'total_links': 390, 'num_tensors': 98}
2026-08-26 08:58:35,128 [INFO]     [2 | both | 0](candidate_pairs: 49/49 | new_swaps: 7 | total: 7) -> {'max_bond': 16, 'max_links': 4, 'total_elems': 12912, 'total_shapes': 1296, 'total_links': 390, 'num_tensors': 98}
2026-08-26 08:58:35,312 [INFO]     [2 | both | 1](candidate_pairs: 48/48 | new_swaps: 7 | total: 14) -> {'max_bond': 16, 'max_links': 4, 'total_elems': 11536, 'total_shapes': 1244, 'total_links': 390, 'num_tensors': 98}
2026-08-26 08:58:35,413 [INFO]     [2 | left | 0](candidate_pairs: 49/49 | new_swaps: 2 | total: 16) -> {'max_bond': 16, 'max_links': 4, 'total_elems': 10744, 'total_shapes': 1224, 'total_links': 390, 'num_tensors': 98}
2026-08-26 08:58:35,499 [INFO]     [2 | left | 1](candidate_pairs: 48/48 | new_swaps: 2 | total: 18) -> {'max_bond': 16, 'max_links': 4, 'total_elems': 10264, 'total_shapes': 1200, 'total_links': 390, 'num_tensors': 98}
2026-08-26 08:58:35,602 [INFO]     [2 | right | 0](candidate_pairs: 49/49 | new_swaps: 1 | total: 19) -> {'max_bond': 16, 'max_links': 4, 'total_elems': 10072, 'total_shapes': 1192, 'total_links': 390, 'num_tensors': 98}
2026-08-26 08:58:35,703 [INFO]     [2 | right | 1](candidate_pairs: 48/48 | new_swaps: 1 | total: 20) -> {'max_bond': 16, 'max_links': 4, 'total_elems': 9304, 'total_shapes': 1176, 'total_links': 390, 'num_tensors': 98}
2026-08-26 08:58:35,888 [INFO]     [3 | both | 0](candidate_pairs: 49/49 | new_swaps: 9 | total: 9) -> {'max_bond': 16, 'max_links': 4, 'total_elems': 7388, 'total_shapes': 1106, 'total_links': 390, 'num_tensors': 98}
2026-08-26 08:58:36,063 [INFO]     [3 | both | 1](candidate_pairs: 48/48 | new_swaps: 7 | total: 16) -> {'max_bond': 16, 'max_links': 4, 'total_elems': 6384, 'total_shapes': 1052, 'total_links': 390, 'num_tensors': 98}
2026-08-26 08:58:36,142 [INFO]     [3 | left | 0](candidate_pairs: 49/49 | new_swaps: 1 | total: 17) -> {'max_bond': 16, 'max_links': 4, 'total_elems': 6224, 'total_shapes': 1044, 'total_links': 390, 'num_tensors': 98}
2026-08-26 08:58:36,222 [INFO]     [3 | left | 1](candidate_pairs: 48/48 | new_swaps: 1 | total: 18) -> {'max_bond': 16, 'max_links': 4, 'total_elems': 6176, 'total_shapes': 1040, 'total_links': 390, 'num_tensors': 98}
2026-08-26 08:58:36,298 [INFO]     [3 | right | 0](candidate_pairs: 49/49 | new_swaps: 1 | total: 19) -> {'max_bond': 16, 'max_links': 4, 'total_elems': 6096, 'total_shapes': 1036, 'total_links': 390, 'num_tensors': 98}
2026-08-26 08:58:36,374 [INFO]     [3 | right | 1](candidate_pairs: 48/48 | new_swaps: 1 | total: 20) -> {'max_bond': 16, 'max_links': 4, 'total_elems': 5936, 'total_shapes': 1028, 'total_links': 390, 'num_tensors': 98}
2026-08-26 08:58:36,548 [INFO]     [4 | both | 0](candidate_pairs: 49/49 | new_swaps: 4 | total: 4) -> {'max_bond': 16, 'max_links': 4, 'total_elems': 5664, 'total_shapes': 1006, 'total_links': 390, 'num_tensors': 98}
2026-08-26 08:58:36,702 [INFO]     [4 | both | 1](candidate_pairs: 48/48 | new_swaps: 1 | total: 5) -> {'max_bond': 16, 'max_links': 4, 'total_elems': 5652, 'total_shapes': 1004, 'total_links': 390, 'num_tensors': 98}
2026-08-26 08:58:36,745 [INFO]     [4 | left | 0](candidate_pairs: 49/49 | new_swaps: 0 | total: 5) -> {'max_bond': 16, 'max_links': 4, 'total_elems': 5652, 'total_shapes': 1004, 'total_links': 390, 'num_tensors': 98}
2026-08-26 08:58:36,789 [INFO]     [4 | left | 1](candidate_pairs: 48/48 | new_swaps: 0 | total: 5) -> {'max_bond': 16, 'max_links': 4, 'total_elems': 5652, 'total_shapes': 1004, 'total_links': 390, 'num_tensors': 98}
2026-08-26 08:58:36,833 [INFO]     [4 | right | 0](candidate_pairs: 49/49 | new_swaps: 0 | total: 5) -> {'max_bond': 16, 'max_links': 4, 'total_elems': 5652, 'total_shapes': 1004, 'total_links': 390, 'num_tensors': 98}
2026-08-26 08:58:36,912 [INFO]     [4 | right | 1](candidate_pairs: 48/48 | new_swaps: 1 | total: 6) -> {'max_bond': 16, 'max_links': 4, 'total_elems': 5580, 'total_shapes': 998, 'total_links': 390, 'num_tensors': 98}
2026-08-26 08:58:37,086 [INFO]     [5 | both | 0](candidate_pairs: 49/49 | new_swaps: 3 | total: 3) -> {'max_bond': 16, 'max_links': 4, 'total_elems': 5516, 'total_shapes': 990, 'total_links': 390, 'num_tensors': 98}
2026-08-26 08:58:37,256 [INFO]     [5 | both | 1](candidate_pairs: 48/48 | new_swaps: 2 | total: 5) -> {'max_bond': 16, 'max_links': 4, 'total_elems': 5492, 'total_shapes': 986, 'total_links': 390, 'num_tensors': 98}
2026-08-26 08:58:37,298 [INFO]     [5 | left | 0](candidate_pairs: 49/49 | new_swaps: 0 | total: 5) -> {'max_bond': 16, 'max_links': 4, 'total_elems': 5492, 'total_shapes': 986, 'total_links': 390, 'num_tensors': 98}
2026-08-26 08:58:37,341 [INFO]     [5 | left | 1](candidate_pairs: 48/48 | new_swaps: 0 | total: 5) -> {'max_bond': 16, 'max_links': 4, 'total_elems': 5492, 'total_shapes': 986, 'total_links': 390, 'num_tensors': 98}
2026-08-26 08:58:37,382 [INFO]     [5 | right | 0](candidate_pairs: 49/49 | new_swaps: 0 | total: 5) -> {'max_bond': 16, 'max_links': 4, 'total_elems': 5492, 'total_shapes': 986, 'total_links': 390, 'num_tensors': 98}
2026-08-26 08:58:37,458 [INFO]     [5 | right | 1](candidate_pairs: 48/48 | new_swaps: 1 | total: 6) -> {'max_bond': 16, 'max_links': 4, 'total_elems': 5460, 'total_shapes': 982, 'total_links': 390, 'num_tensors': 98}
2026-08-26 08:58:37,540 [INFO]     [6 | both | 0](candidate_pairs: 49/49 | new_swaps: 0 | total: 0) -> {'max_bond': 16, 'max_links': 4, 'total_elems': 5460, 'total_shapes': 982, 'total_links': 390, 'num_tensors': 98}
2026-08-26 08:58:37,620 [INFO]     [6 | both | 1](candidate_pairs: 48/48 | new_swaps: 0 | total: 0) -> {'max_bond': 16, 'max_links': 4, 'total_elems': 5460, 'total_shapes': 982, 'total_links': 390, 'num_tensors': 98}
2026-08-26 08:58:37,663 [INFO]     [6 | left | 0](candidate_pairs: 49/49 | new_swaps: 0 | total: 0) -> {'max_bond': 16, 'max_links': 4, 'total_elems': 5460, 'total_shapes': 982, 'total_links': 390, 'num_tensors': 98}
2026-08-26 08:58:37,705 [INFO]     [6 | left | 1](candidate_pairs: 48/48 | new_swaps: 0 | total: 0) -> {'max_bond': 16, 'max_links': 4, 'total_elems': 5460, 'total_shapes': 982, 'total_links': 390, 'num_tensors': 98}
2026-08-26 08:58:37,746 [INFO]     [6 | right | 0](candidate_pairs: 49/49 | new_swaps: 0 | total: 0) -> {'max_bond': 16, 'max_links': 4, 'total_elems': 5460, 'total_shapes': 982, 'total_links': 390, 'num_tensors': 98}
2026-08-26 08:58:37,787 [INFO]     [6 | right | 1](candidate_pairs: 48/48 | new_swaps: 0 | total: 0) -> {'max_bond': 16, 'max_links': 4, 'total_elems': 5460, 'total_shapes': 982, 'total_links': 390, 'num_tensors': 98}
2026-08-26 08:58:37,788 [INFO]     [end unswap] -> {'max_bond': 16, 'max_links': 4, 'total_elems': 5460, 'total_shapes': 982, 'total_links': 390, 'num_tensors': 98}
2026-08-26 08:58:37,826 [INFO] [start rewire](phase=post_unswap, cycle=14, side=left, layers=2489, trials=20, seed=123, parallel=False, route_candidates=2, route_score=lookahead_total)
2026-08-26 08:58:49,775 [INFO] [end rewire](phase=post_unswap, cycle=14, side=left, routed_layers=2234, elapsed_s=11.95)
2026-08-26 08:58:49,775 [INFO] [start rewire](phase=post_unswap, cycle=14, side=right, layers=2135, trials=20, seed=123, parallel=False, route_candidates=2, route_score=lookahead_total)
2026-08-26 08:58:58,230 [INFO] [end rewire](phase=post_unswap, cycle=14, side=right, routed_layers=2335, elapsed_s=8.46)
2026-08-26 08:58:58,386 [INFO] [1L/2232](swap: 22, u: 0 | c_u: 0 | t_u_l: 28/992 | t_u_r: 16/992 | t_u: 44/1984) -> {'max_bond': 16, 'max_links': 4, 'total_elems': 5460, 'total_shapes': 982, 'total_links': 390, 'num_tensors': 98}
2026-08-26 08:58:58,495 [INFO] [1R/2333](swap: 16, u: 0 | c_u: 0 | t_u_l: 28/992 | t_u_r: 16/992 | t_u: 44/1984) -> {'max_bond': 16, 'max_links': 4, 'total_elems': 7704, 'total_shapes': 1144, 'total_links': 390, 'num_tensors': 98}
2026-08-26 08:58:58,607 [INFO] [2L/2232](swap: 20, u: 0 | c_u: 0 | t_u_l: 28/992 | t_u_r: 16/992 | t_u: 44/1984) -> {'max_bond': 16, 'max_links': 4, 'total_elems': 11924, 'total_shapes': 1354, 'total_links': 390, 'num_tensors': 98}
2026-08-26 08:58:58,724 [INFO] [2R/2333](swap: 18, u: 0 | c_u: 0 | t_u_l: 28/992 | t_u_r: 16/992 | t_u: 44/1984) -> {'max_bond': 32, 'max_links': 4, 'total_elems': 21260, 'total_shapes': 1638, 'total_links': 390, 'num_tensors': 98}
2026-08-26 08:58:58,849 [INFO] [3L/2232](swap: 18, u: 0 | c_u: 0 | t_u_l: 28/992 | t_u_r: 16/992 | t_u: 44/1984) -> {'max_bond': 32, 'max_links': 4, 'total_elems': 34740, 'total_shapes': 1980, 'total_links': 390, 'num_tensors': 98}
2026-08-26 08:58:58,995 [INFO] [4L/2232](swap: 16, u: 0 | c_u: 0 | t_u_l: 28/992 | t_u_r: 16/992 | t_u: 44/1984) -> {'max_bond': 32, 'max_links': 4, 'total_elems': 58412, 'total_shapes': 2352, 'total_links': 390, 'num_tensors': 98}
2026-08-26 08:58:59,153 [INFO] [5L/2232](swap: 11, u: 0 | c_u: 0 | t_u_l: 28/992 | t_u_r: 16/992 | t_u: 44/1984) -> {'max_bond': 64, 'max_links': 4, 'total_elems': 113484, 'total_shapes': 2972, 'total_links': 390, 'num_tensors': 98}
2026-08-26 08:59:01,844 [INFO] [3R/2333](swap: 15, u: 0 | c_u: 0 | t_u_l: 28/992 | t_u_r: 16/992 | t_u: 44/1984) -> {'max_bond': 128, 'max_links': 4, 'total_elems': 195412, 'total_shapes': 3688, 'total_links': 390, 'num_tensors': 98}
2026-08-26 08:59:02,219 [INFO] [4R/2333](swap: 14, u: 0 | c_u: 0 | t_u_l: 28/992 | t_u_r: 16/992 | t_u: 44/1984) -> {'max_bond': 128, 'max_links': 4, 'total_elems': 297856, 'total_shapes': 4338, 'total_links': 390, 'num_tensors': 98}
2026-08-26 08:59:02,742 [INFO] [5R/2333](swap: 11, u: 0 | c_u: 0 | t_u_l: 28/992 | t_u_r: 16/992 | t_u: 44/1984) -> {'max_bond': 128, 'max_links': 4, 'total_elems': 388732, 'total_shapes': 4832, 'total_links': 390, 'num_tensors': 98}
2026-08-26 08:59:03,538 [INFO] [6R/2333](swap: 13, u: 0 | c_u: 0 | t_u_l: 28/992 | t_u_r: 16/992 | t_u: 44/1984) -> {'max_bond': 255, 'max_links': 4, 'total_elems': 598524, 'total_shapes': 5684, 'total_links': 390, 'num_tensors': 98}
2026-08-26 08:59:04,954 [INFO] [7R/2333](swap: 12, u: 0 | c_u: 0 | t_u_l: 28/992 | t_u_r: 16/992 | t_u: 44/1984) -> {'max_bond': 256, 'max_links': 4, 'total_elems': 785068, 'total_shapes': 6334, 'total_links': 390, 'num_tensors': 98}
2026-08-26 08:59:07,340 [INFO] [8R/2333](swap: 13, u: 0 | c_u: 0 | t_u_l: 28/992 | t_u_r: 16/992 | t_u: 44/1984) -> {'max_bond': 256, 'max_links': 4, 'total_elems': 934668, 'total_shapes': 6796, 'total_links': 390, 'num_tensors': 98}
2026-08-26 08:59:09,935 [INFO]     [start unswap] -> {'max_bond': 256, 'max_links': 4, 'total_elems': 934668, 'total_shapes': 6796, 'total_links': 390, 'num_tensors': 98}
2026-08-26 08:59:25,277 [INFO]     [0 | both | 0](candidate_pairs: 49/49 | new_swaps: 8 | total: 8) -> {'max_bond': 256, 'max_links': 4, 'total_elems': 1177164, 'total_shapes': 6898, 'total_links': 390, 'num_tensors': 98}
2026-08-26 08:59:41,099 [INFO]     [0 | both | 1](candidate_pairs: 48/48 | new_swaps: 14 | total: 22) -> {'max_bond': 256, 'max_links': 4, 'total_elems': 826444, 'total_shapes': 5514, 'total_links': 390, 'num_tensors': 98}
2026-08-26 08:59:44,474 [INFO]     [0 | left | 0](candidate_pairs: 49/49 | new_swaps: 23 | total: 45) -> {'max_bond': 128, 'max_links': 4, 'total_elems': 435244, 'total_shapes': 4112, 'total_links': 390, 'num_tensors': 98}
2026-08-26 08:59:46,609 [INFO]     [0 | left | 1](candidate_pairs: 48/48 | new_swaps: 22 | total: 67) -> {'max_bond': 128, 'max_links': 4, 'total_elems': 216104, 'total_shapes': 3160, 'total_links': 390, 'num_tensors': 98}
2026-08-26 08:59:47,194 [INFO]     [0 | right | 0](candidate_pairs: 49/49 | new_swaps: 14 | total: 81) -> {'max_bond': 64, 'max_links': 4, 'total_elems': 112648, 'total_shapes': 2544, 'total_links': 390, 'num_tensors': 98}
2026-08-26 08:59:47,481 [INFO]     [0 | right | 1](candidate_pairs: 48/48 | new_swaps: 10 | total: 91) -> {'max_bond': 64, 'max_links': 4, 'total_elems': 75752, 'total_shapes': 2200, 'total_links': 390, 'num_tensors': 98}
2026-08-26 08:59:47,830 [INFO]     [1 | both | 0](candidate_pairs: 49/49 | new_swaps: 18 | total: 18) -> {'max_bond': 64, 'max_links': 4, 'total_elems': 31176, 'total_shapes': 1736, 'total_links': 390, 'num_tensors': 98}
2026-08-26 08:59:48,051 [INFO]     [1 | both | 1](candidate_pairs: 48/48 | new_swaps: 12 | total: 30) -> {'max_bond': 32, 'max_links': 4, 'total_elems': 20492, 'total_shapes': 1506, 'total_links': 390, 'num_tensors': 98}
2026-08-26 08:59:48,165 [INFO]     [1 | left | 0](candidate_pairs: 49/49 | new_swaps: 6 | total: 36) -> {'max_bond': 32, 'max_links': 4, 'total_elems': 16748, 'total_shapes': 1418, 'total_links': 390, 'num_tensors': 98}
2026-08-26 08:59:48,274 [INFO]     [1 | left | 1](candidate_pairs: 48/48 | new_swaps: 6 | total: 42) -> {'max_bond': 16, 'max_links': 4, 'total_elems': 12588, 'total_shapes': 1314, 'total_links': 390, 'num_tensors': 98}
2026-08-26 08:59:48,377 [INFO]     [1 | right | 0](candidate_pairs: 49/49 | new_swaps: 8 | total: 50) -> {'max_bond': 16, 'max_links': 4, 'total_elems': 10548, 'total_shapes': 1236, 'total_links': 390, 'num_tensors': 98}
2026-08-26 08:59:48,458 [INFO]     [1 | right | 1](candidate_pairs: 48/48 | new_swaps: 1 | total: 51) -> {'max_bond': 16, 'max_links': 4, 'total_elems': 10356, 'total_shapes': 1228, 'total_links': 390, 'num_tensors': 98}
2026-08-26 08:59:48,642 [INFO]     [2 | both | 0](candidate_pairs: 49/49 | new_swaps: 7 | total: 7) -> {'max_bond': 16, 'max_links': 4, 'total_elems': 9708, 'total_shapes': 1188, 'total_links': 390, 'num_tensors': 98}
2026-08-26 08:59:48,826 [INFO]     [2 | both | 1](candidate_pairs: 48/48 | new_swaps: 5 | total: 12) -> {'max_bond': 16, 'max_links': 4, 'total_elems': 9224, 'total_shapes': 1162, 'total_links': 390, 'num_tensors': 98}
2026-08-26 08:59:48,926 [INFO]     [2 | left | 0](candidate_pairs: 49/49 | new_swaps: 1 | total: 13) -> {'max_bond': 16, 'max_links': 4, 'total_elems': 9160, 'total_shapes': 1158, 'total_links': 390, 'num_tensors': 98}
2026-08-26 08:59:49,027 [INFO]     [2 | left | 1](candidate_pairs: 48/48 | new_swaps: 3 | total: 16) -> {'max_bond': 16, 'max_links': 4, 'total_elems': 8804, 'total_shapes': 1136, 'total_links': 390, 'num_tensors': 98}
2026-08-26 08:59:49,122 [INFO]     [2 | right | 0](candidate_pairs: 49/49 | new_swaps: 2 | total: 18) -> {'max_bond': 16, 'max_links': 4, 'total_elems': 8516, 'total_shapes': 1120, 'total_links': 390, 'num_tensors': 98}
2026-08-26 08:59:49,165 [INFO]     [2 | right | 1](candidate_pairs: 48/48 | new_swaps: 0 | total: 18) -> {'max_bond': 16, 'max_links': 4, 'total_elems': 8516, 'total_shapes': 1120, 'total_links': 390, 'num_tensors': 98}
2026-08-26 08:59:49,339 [INFO]     [3 | both | 0](candidate_pairs: 49/49 | new_swaps: 1 | total: 1) -> {'max_bond': 16, 'max_links': 4, 'total_elems': 8468, 'total_shapes': 1116, 'total_links': 390, 'num_tensors': 98}
2026-08-26 08:59:49,425 [INFO]     [3 | both | 1](candidate_pairs: 48/48 | new_swaps: 0 | total: 1) -> {'max_bond': 16, 'max_links': 4, 'total_elems': 8468, 'total_shapes': 1116, 'total_links': 390, 'num_tensors': 98}
2026-08-26 08:59:49,507 [INFO]     [3 | left | 0](candidate_pairs: 49/49 | new_swaps: 1 | total: 2) -> {'max_bond': 16, 'max_links': 4, 'total_elems': 8420, 'total_shapes': 1112, 'total_links': 390, 'num_tensors': 98}
2026-08-26 08:59:49,551 [INFO]     [3 | left | 1](candidate_pairs: 48/48 | new_swaps: 0 | total: 2) -> {'max_bond': 16, 'max_links': 4, 'total_elems': 8420, 'total_shapes': 1112, 'total_links': 390, 'num_tensors': 98}
2026-08-26 08:59:49,594 [INFO]     [3 | right | 0](candidate_pairs: 49/49 | new_swaps: 0 | total: 2) -> {'max_bond': 16, 'max_links': 4, 'total_elems': 8420, 'total_shapes': 1112, 'total_links': 390, 'num_tensors': 98}
2026-08-26 08:59:49,688 [INFO]     [3 | right | 1](candidate_pairs: 48/48 | new_swaps: 1 | total: 3) -> {'max_bond': 16, 'max_links': 4, 'total_elems': 8372, 'total_shapes': 1106, 'total_links': 390, 'num_tensors': 98}
2026-08-26 08:59:49,846 [INFO]     [4 | both | 0](candidate_pairs: 49/49 | new_swaps: 1 | total: 1) -> {'max_bond': 16, 'max_links': 4, 'total_elems': 8360, 'total_shapes': 1104, 'total_links': 390, 'num_tensors': 98}
2026-08-26 08:59:50,021 [INFO]     [4 | both | 1](candidate_pairs: 48/48 | new_swaps: 2 | total: 3) -> {'max_bond': 16, 'max_links': 4, 'total_elems': 8300, 'total_shapes': 1098, 'total_links': 390, 'num_tensors': 98}
2026-08-26 08:59:50,102 [INFO]     [4 | left | 0](candidate_pairs: 49/49 | new_swaps: 1 | total: 4) -> {'max_bond': 16, 'max_links': 4, 'total_elems': 8252, 'total_shapes': 1094, 'total_links': 390, 'num_tensors': 98}
2026-08-26 08:59:50,146 [INFO]     [4 | left | 1](candidate_pairs: 48/48 | new_swaps: 0 | total: 4) -> {'max_bond': 16, 'max_links': 4, 'total_elems': 8252, 'total_shapes': 1094, 'total_links': 390, 'num_tensors': 98}
2026-08-26 08:59:50,189 [INFO]     [4 | right | 0](candidate_pairs: 49/49 | new_swaps: 0 | total: 4) -> {'max_bond': 16, 'max_links': 4, 'total_elems': 8252, 'total_shapes': 1094, 'total_links': 390, 'num_tensors': 98}
2026-08-26 08:59:50,232 [INFO]     [4 | right | 1](candidate_pairs: 48/48 | new_swaps: 0 | total: 4) -> {'max_bond': 16, 'max_links': 4, 'total_elems': 8252, 'total_shapes': 1094, 'total_links': 390, 'num_tensors': 98}
2026-08-26 08:59:50,317 [INFO]     [5 | both | 0](candidate_pairs: 49/49 | new_swaps: 0 | total: 0) -> {'max_bond': 16, 'max_links': 4, 'total_elems': 8252, 'total_shapes': 1094, 'total_links': 390, 'num_tensors': 98}
2026-08-26 08:59:50,402 [INFO]     [5 | both | 1](candidate_pairs: 48/48 | new_swaps: 0 | total: 0) -> {'max_bond': 16, 'max_links': 4, 'total_elems': 8252, 'total_shapes': 1094, 'total_links': 390, 'num_tensors': 98}
2026-08-26 08:59:50,447 [INFO]     [5 | left | 0](candidate_pairs: 49/49 | new_swaps: 0 | total: 0) -> {'max_bond': 16, 'max_links': 4, 'total_elems': 8252, 'total_shapes': 1094, 'total_links': 390, 'num_tensors': 98}
2026-08-26 08:59:50,491 [INFO]     [5 | left | 1](candidate_pairs: 48/48 | new_swaps: 0 | total: 0) -> {'max_bond': 16, 'max_links': 4, 'total_elems': 8252, 'total_shapes': 1094, 'total_links': 390, 'num_tensors': 98}
2026-08-26 08:59:50,534 [INFO]     [5 | right | 0](candidate_pairs: 49/49 | new_swaps: 0 | total: 0) -> {'max_bond': 16, 'max_links': 4, 'total_elems': 8252, 'total_shapes': 1094, 'total_links': 390, 'num_tensors': 98}
2026-08-26 08:59:50,576 [INFO]     [5 | right | 1](candidate_pairs: 48/48 | new_swaps: 0 | total: 0) -> {'max_bond': 16, 'max_links': 4, 'total_elems': 8252, 'total_shapes': 1094, 'total_links': 390, 'num_tensors': 98}
2026-08-26 08:59:50,577 [INFO]     [end unswap] -> {'max_bond': 16, 'max_links': 4, 'total_elems': 8252, 'total_shapes': 1094, 'total_links': 390, 'num_tensors': 98}
2026-08-26 08:59:50,620 [INFO] [start rewire](phase=post_unswap, cycle=15, side=left, layers=2229, trials=20, seed=123, parallel=False, route_candidates=2, route_score=lookahead_total)
2026-08-26 09:00:03,211 [INFO] [end rewire](phase=post_unswap, cycle=15, side=left, routed_layers=2602, elapsed_s=12.59)
2026-08-26 09:00:03,211 [INFO] [start rewire](phase=post_unswap, cycle=15, side=right, layers=2327, trials=20, seed=123, parallel=False, route_candidates=2, route_score=lookahead_total)
2026-08-26 09:00:11,742 [INFO] [end rewire](phase=post_unswap, cycle=15, side=right, routed_layers=2110, elapsed_s=8.53)
2026-08-26 09:00:11,902 [INFO] [1L/2600](swap: 18, u: 0 | c_u: 0 | t_u_l: 28/992 | t_u_r: 16/992 | t_u: 44/1984) -> {'max_bond': 16, 'max_links': 4, 'total_elems': 8252, 'total_shapes': 1094, 'total_links': 390, 'num_tensors': 98}
2026-08-26 09:00:12,012 [INFO] [2L/2600](swap: 18, u: 0 | c_u: 0 | t_u_l: 28/992 | t_u_r: 16/992 | t_u: 44/1984) -> {'max_bond': 16, 'max_links': 4, 'total_elems': 9868, 'total_shapes': 1248, 'total_links': 390, 'num_tensors': 98}
2026-08-26 09:00:12,127 [INFO] [3L/2600](swap: 19, u: 0 | c_u: 0 | t_u_l: 28/992 | t_u_r: 16/992 | t_u: 44/1984) -> {'max_bond': 16, 'max_links': 4, 'total_elems': 14836, 'total_shapes': 1444, 'total_links': 390, 'num_tensors': 98}
2026-08-26 09:00:12,250 [INFO] [1R/2108](swap: 20, u: 0 | c_u: 0 | t_u_l: 28/992 | t_u_r: 16/992 | t_u: 44/1984) -> {'max_bond': 32, 'max_links': 4, 'total_elems': 20288, 'total_shapes': 1640, 'total_links': 390, 'num_tensors': 98}
2026-08-26 09:00:12,375 [INFO] [2R/2108](swap: 13, u: 0 | c_u: 0 | t_u_l: 28/992 | t_u_r: 16/992 | t_u: 44/1984) -> {'max_bond': 32, 'max_links': 4, 'total_elems': 31864, 'total_shapes': 1896, 'total_links': 390, 'num_tensors': 98}
2026-08-26 09:00:12,518 [INFO] [3R/2108](swap: 13, u: 0 | c_u: 0 | t_u_l: 28/992 | t_u_r: 16/992 | t_u: 44/1984) -> {'max_bond': 32, 'max_links': 4, 'total_elems': 45224, 'total_shapes': 2156, 'total_links': 390, 'num_tensors': 98}
2026-08-26 09:00:12,661 [INFO] [4R/2108](swap: 12, u: 0 | c_u: 0 | t_u_l: 28/992 | t_u_r: 16/992 | t_u: 44/1984) -> {'max_bond': 32, 'max_links': 4, 'total_elems': 61208, 'total_shapes': 2424, 'total_links': 390, 'num_tensors': 98}
2026-08-26 09:00:12,824 [INFO] [5R/2108](swap: 13, u: 0 | c_u: 0 | t_u_l: 28/992 | t_u_r: 16/992 | t_u: 44/1984) -> {'max_bond': 32, 'max_links': 4, 'total_elems': 75304, 'total_shapes': 2708, 'total_links': 390, 'num_tensors': 98}
2026-08-26 09:00:13,001 [INFO] [6R/2108](swap: 11, u: 0 | c_u: 0 | t_u_l: 28/992 | t_u_r: 16/992 | t_u: 44/1984) -> {'max_bond': 64, 'max_links': 4, 'total_elems': 113096, 'total_shapes': 3176, 'total_links': 390, 'num_tensors': 98}
2026-08-26 09:00:13,236 [INFO] [7R/2108](swap: 11, u: 0 | c_u: 0 | t_u_l: 28/992 | t_u_r: 16/992 | t_u: 44/1984) -> {'max_bond': 128, 'max_links': 4, 'total_elems': 190532, 'total_shapes': 3606, 'total_links': 390, 'num_tensors': 98}
2026-08-26 09:00:13,676 [INFO] [8R/2108](swap: 11, u: 0 | c_u: 0 | t_u_l: 28/992 | t_u_r: 16/992 | t_u: 44/1984) -> {'max_bond': 256, 'max_links': 4, 'total_elems': 315812, 'total_shapes': 4252, 'total_links': 390, 'num_tensors': 98}
2026-08-26 09:00:14,522 [INFO] [9R/2108](swap: 12, u: 1 | c_u: 1 | t_u_l: 28/992 | t_u_r: 17/992 | t_u: 45/1984) -> {'max_bond': 256, 'max_links': 4, 'total_elems': 603684, 'total_shapes': 5108, 'total_links': 390, 'num_tensors': 98}
2026-08-26 09:00:16,452 [INFO] [10R/2108](swap: 13, u: 0 | c_u: 1 | t_u_l: 28/992 | t_u_r: 17/992 | t_u: 45/1984) -> {'max_bond': 256, 'max_links': 4, 'total_elems': 908512, 'total_shapes': 5978, 'total_links': 390, 'num_tensors': 98}
2026-08-26 09:00:20,474 [INFO]     [start unswap] -> {'max_bond': 256, 'max_links': 4, 'total_elems': 908512, 'total_shapes': 5978, 'total_links': 390, 'num_tensors': 98}
2026-08-26 09:00:34,191 [INFO]     [0 | both | 0](candidate_pairs: 49/49 | new_swaps: 9 | total: 9) -> {'max_bond': 256, 'max_links': 4, 'total_elems': 1187364, 'total_shapes': 6608, 'total_links': 390, 'num_tensors': 98}
2026-08-26 09:00:48,008 [INFO]     [0 | both | 1](candidate_pairs: 48/48 | new_swaps: 16 | total: 25) -> {'max_bond': 256, 'max_links': 4, 'total_elems': 908388, 'total_shapes': 5368, 'total_links': 390, 'num_tensors': 98}
2026-08-26 09:00:52,436 [INFO]     [0 | left | 0](candidate_pairs: 49/49 | new_swaps: 18 | total: 43) -> {'max_bond': 256, 'max_links': 4, 'total_elems': 594292, 'total_shapes': 4344, 'total_links': 390, 'num_tensors': 98}
2026-08-26 09:00:55,961 [INFO]     [0 | left | 1](candidate_pairs: 48/48 | new_swaps: 15 | total: 58) -> {'max_bond': 256, 'max_links': 4, 'total_elems': 314532, 'total_shapes': 3548, 'total_links': 390, 'num_tensors': 98}
2026-08-26 09:00:56,775 [INFO]     [0 | right | 0](candidate_pairs: 49/49 | new_swaps: 12 | total: 70) -> {'max_bond': 128, 'max_links': 4, 'total_elems': 195576, 'total_shapes': 3034, 'total_links': 390, 'num_tensors': 98}
2026-08-26 09:00:57,533 [INFO]     [0 | right | 1](candidate_pairs: 48/48 | new_swaps: 10 | total: 80) -> {'max_bond': 128, 'max_links': 4, 'total_elems': 89224, 'total_shapes': 2582, 'total_links': 390, 'num_tensors': 98}
2026-08-26 09:00:57,879 [INFO]     [1 | both | 0](candidate_pairs: 49/49 | new_swaps: 13 | total: 13) -> {'max_bond': 64, 'max_links': 4, 'total_elems': 51628, 'total_shapes': 2148, 'total_links': 390, 'num_tensors': 98}
2026-08-26 09:00:58,152 [INFO]     [1 | both | 1](candidate_pairs: 48/48 | new_swaps: 9 | total: 22) -> {'max_bond': 64, 'max_links': 4, 'total_elems': 39856, 'total_shapes': 1970, 'total_links': 390, 'num_tensors': 98}
2026-08-26 09:00:58,290 [INFO]     [1 | left | 0](candidate_pairs: 49/49 | new_swaps: 5 | total: 27) -> {'max_bond': 32, 'max_links': 4, 'total_elems': 31536, 'total_shapes': 1816, 'total_links': 390, 'num_tensors': 98}
2026-08-26 09:00:58,415 [INFO]     [1 | left | 1](candidate_pairs: 48/48 | new_swaps: 8 | total: 35) -> {'max_bond': 32, 'max_links': 4, 'total_elems': 28400, 'total_shapes': 1708, 'total_links': 390, 'num_tensors': 98}
2026-08-26 09:00:58,531 [INFO]     [1 | right | 0](candidate_pairs: 49/49 | new_swaps: 4 | total: 39) -> {'max_bond': 32, 'max_links': 4, 'total_elems': 27284, 'total_shapes': 1662, 'total_links': 390, 'num_tensors': 98}
2026-08-26 09:00:58,646 [INFO]     [1 | right | 1](candidate_pairs: 48/48 | new_swaps: 2 | total: 41) -> {'max_bond': 32, 'max_links': 4, 'total_elems': 26072, 'total_shapes': 1632, 'total_links': 390, 'num_tensors': 98}
2026-08-26 09:00:58,864 [INFO]     [2 | both | 0](candidate_pairs: 49/49 | new_swaps: 9 | total: 9) -> {'max_bond': 32, 'max_links': 4, 'total_elems': 23392, 'total_shapes': 1544, 'total_links': 390, 'num_tensors': 98}
2026-08-26 09:00:59,072 [INFO]     [2 | both | 1](candidate_pairs: 48/48 | new_swaps: 6 | total: 15) -> {'max_bond': 32, 'max_links': 4, 'total_elems': 21880, 'total_shapes': 1488, 'total_links': 390, 'num_tensors': 98}
2026-08-26 09:00:59,187 [INFO]     [2 | left | 0](candidate_pairs: 49/49 | new_swaps: 3 | total: 18) -> {'max_bond': 32, 'max_links': 4, 'total_elems': 21184, 'total_shapes': 1456, 'total_links': 390, 'num_tensors': 98}
2026-08-26 09:00:59,300 [INFO]     [2 | left | 1](candidate_pairs: 48/48 | new_swaps: 2 | total: 20) -> {'max_bond': 32, 'max_links': 4, 'total_elems': 20624, 'total_shapes': 1436, 'total_links': 390, 'num_tensors': 98}
2026-08-26 09:00:59,409 [INFO]     [2 | right | 0](candidate_pairs: 49/49 | new_swaps: 2 | total: 22) -> {'max_bond': 32, 'max_links': 4, 'total_elems': 20440, 'total_shapes': 1420, 'total_links': 390, 'num_tensors': 98}
2026-08-26 09:00:59,518 [INFO]     [2 | right | 1](candidate_pairs: 48/48 | new_swaps: 3 | total: 25) -> {'max_bond': 32, 'max_links': 4, 'total_elems': 19592, 'total_shapes': 1396, 'total_links': 390, 'num_tensors': 98}
2026-08-26 09:00:59,724 [INFO]     [3 | both | 0](candidate_pairs: 49/49 | new_swaps: 5 | total: 5) -> {'max_bond': 32, 'max_links': 4, 'total_elems': 18688, 'total_shapes': 1364, 'total_links': 390, 'num_tensors': 98}
2026-08-26 09:00:59,923 [INFO]     [3 | both | 1](candidate_pairs: 48/48 | new_swaps: 3 | total: 8) -> {'max_bond': 32, 'max_links': 4, 'total_elems': 18532, 'total_shapes': 1350, 'total_links': 390, 'num_tensors': 98}
2026-08-26 09:00:59,975 [INFO]     [3 | left | 0](candidate_pairs: 49/49 | new_swaps: 0 | total: 8) -> {'max_bond': 32, 'max_links': 4, 'total_elems': 18532, 'total_shapes': 1350, 'total_links': 390, 'num_tensors': 98}
2026-08-26 09:01:00,085 [INFO]     [3 | left | 1](candidate_pairs: 48/48 | new_swaps: 2 | total: 10) -> {'max_bond': 32, 'max_links': 4, 'total_elems': 17716, 'total_shapes': 1330, 'total_links': 390, 'num_tensors': 98}
2026-08-26 09:01:00,171 [INFO]     [3 | right | 0](candidate_pairs: 49/49 | new_swaps: 1 | total: 11) -> {'max_bond': 32, 'max_links': 4, 'total_elems': 17668, 'total_shapes': 1326, 'total_links': 390, 'num_tensors': 98}
2026-08-26 09:01:00,221 [INFO]     [3 | right | 1](candidate_pairs: 48/48 | new_swaps: 0 | total: 11) -> {'max_bond': 32, 'max_links': 4, 'total_elems': 17668, 'total_shapes': 1326, 'total_links': 390, 'num_tensors': 98}
2026-08-26 09:01:00,393 [INFO]     [4 | both | 0](candidate_pairs: 49/49 | new_swaps: 1 | total: 1) -> {'max_bond': 32, 'max_links': 4, 'total_elems': 17620, 'total_shapes': 1322, 'total_links': 390, 'num_tensors': 98}
2026-08-26 09:01:00,496 [INFO]     [4 | both | 1](candidate_pairs: 48/48 | new_swaps: 0 | total: 1) -> {'max_bond': 32, 'max_links': 4, 'total_elems': 17620, 'total_shapes': 1322, 'total_links': 390, 'num_tensors': 98}
2026-08-26 09:01:00,547 [INFO]     [4 | left | 0](candidate_pairs: 49/49 | new_swaps: 0 | total: 1) -> {'max_bond': 32, 'max_links': 4, 'total_elems': 17620, 'total_shapes': 1322, 'total_links': 390, 'num_tensors': 98}
2026-08-26 09:01:00,599 [INFO]     [4 | left | 1](candidate_pairs: 48/48 | new_swaps: 0 | total: 1) -> {'max_bond': 32, 'max_links': 4, 'total_elems': 17620, 'total_shapes': 1322, 'total_links': 390, 'num_tensors': 98}
2026-08-26 09:01:00,648 [INFO]     [4 | right | 0](candidate_pairs: 49/49 | new_swaps: 0 | total: 1) -> {'max_bond': 32, 'max_links': 4, 'total_elems': 17620, 'total_shapes': 1322, 'total_links': 390, 'num_tensors': 98}
2026-08-26 09:01:00,700 [INFO]     [4 | right | 1](candidate_pairs: 48/48 | new_swaps: 0 | total: 1) -> {'max_bond': 32, 'max_links': 4, 'total_elems': 17620, 'total_shapes': 1322, 'total_links': 390, 'num_tensors': 98}
2026-08-26 09:01:00,803 [INFO]     [5 | both | 0](candidate_pairs: 49/49 | new_swaps: 0 | total: 0) -> {'max_bond': 32, 'max_links': 4, 'total_elems': 17620, 'total_shapes': 1322, 'total_links': 390, 'num_tensors': 98}
2026-08-26 09:01:00,910 [INFO]     [5 | both | 1](candidate_pairs: 48/48 | new_swaps: 0 | total: 0) -> {'max_bond': 32, 'max_links': 4, 'total_elems': 17620, 'total_shapes': 1322, 'total_links': 390, 'num_tensors': 98}
2026-08-26 09:01:00,960 [INFO]     [5 | left | 0](candidate_pairs: 49/49 | new_swaps: 0 | total: 0) -> {'max_bond': 32, 'max_links': 4, 'total_elems': 17620, 'total_shapes': 1322, 'total_links': 390, 'num_tensors': 98}
2026-08-26 09:01:01,012 [INFO]     [5 | left | 1](candidate_pairs: 48/48 | new_swaps: 0 | total: 0) -> {'max_bond': 32, 'max_links': 4, 'total_elems': 17620, 'total_shapes': 1322, 'total_links': 390, 'num_tensors': 98}
2026-08-26 09:01:01,061 [INFO]     [5 | right | 0](candidate_pairs: 49/49 | new_swaps: 0 | total: 0) -> {'max_bond': 32, 'max_links': 4, 'total_elems': 17620, 'total_shapes': 1322, 'total_links': 390, 'num_tensors': 98}
2026-08-26 09:01:01,111 [INFO]     [5 | right | 1](candidate_pairs: 48/48 | new_swaps: 0 | total: 0) -> {'max_bond': 32, 'max_links': 4, 'total_elems': 17620, 'total_shapes': 1322, 'total_links': 390, 'num_tensors': 98}
2026-08-26 09:01:01,112 [INFO]     [end unswap] -> {'max_bond': 32, 'max_links': 4, 'total_elems': 17620, 'total_shapes': 1322, 'total_links': 390, 'num_tensors': 98}
2026-08-26 09:01:01,156 [INFO] [start rewire](phase=post_unswap, cycle=16, side=left, layers=2599, trials=20, seed=123, parallel=False, route_candidates=2, route_score=lookahead_total)
2026-08-26 09:01:15,122 [INFO] [end rewire](phase=post_unswap, cycle=16, side=left, routed_layers=2334, elapsed_s=13.97)
2026-08-26 09:01:15,122 [INFO] [start rewire](phase=post_unswap, cycle=16, side=right, layers=2100, trials=20, seed=123, parallel=False, route_candidates=2, route_score=lookahead_total)
2026-08-26 09:01:31,397 [INFO] [end rewire](phase=post_unswap, cycle=16, side=right, routed_layers=2237, elapsed_s=16.27)
2026-08-26 09:01:31,603 [INFO] [1L/2332](swap: 17, u: 0 | c_u: 0 | t_u_l: 28/992 | t_u_r: 17/992 | t_u: 45/1984) -> {'max_bond': 32, 'max_links': 4, 'total_elems': 17620, 'total_shapes': 1322, 'total_links': 390, 'num_tensors': 98}
2026-08-26 09:01:31,717 [INFO] [2L/2332](swap: 18, u: 0 | c_u: 0 | t_u_l: 28/992 | t_u_r: 17/992 | t_u: 45/1984) -> {'max_bond': 32, 'max_links': 4, 'total_elems': 20292, 'total_shapes': 1476, 'total_links': 390, 'num_tensors': 98}
2026-08-26 09:01:31,835 [INFO] [1R/2235](swap: 15, u: 0 | c_u: 0 | t_u_l: 28/992 | t_u_r: 17/992 | t_u: 45/1984) -> {'max_bond': 32, 'max_links': 4, 'total_elems': 22472, 'total_shapes': 1580, 'total_links': 390, 'num_tensors': 98}
2026-08-26 09:01:31,959 [INFO] [2R/2235](swap: 13, u: 0 | c_u: 0 | t_u_l: 28/992 | t_u_r: 17/992 | t_u: 45/1984) -> {'max_bond': 32, 'max_links': 4, 'total_elems': 29236, 'total_shapes': 1760, 'total_links': 390, 'num_tensors': 98}
2026-08-26 09:01:32,082 [INFO] [3R/2235](swap: 14, u: 0 | c_u: 0 | t_u_l: 28/992 | t_u_r: 17/992 | t_u: 45/1984) -> {'max_bond': 32, 'max_links': 4, 'total_elems': 37312, 'total_shapes': 1964, 'total_links': 390, 'num_tensors': 98}
2026-08-26 09:01:32,222 [INFO] [3L/2332](swap: 20, u: 0 | c_u: 0 | t_u_l: 28/992 | t_u_r: 17/992 | t_u: 45/1984) -> {'max_bond': 32, 'max_links': 4, 'total_elems': 54440, 'total_shapes': 2288, 'total_links': 390, 'num_tensors': 98}
2026-08-26 09:01:32,384 [INFO] [4R/2235](swap: 12, u: 0 | c_u: 0 | t_u_l: 28/992 | t_u_r: 17/992 | t_u: 45/1984) -> {'max_bond': 64, 'max_links': 4, 'total_elems': 80328, 'total_shapes': 2682, 'total_links': 390, 'num_tensors': 98}
2026-08-26 09:01:32,582 [INFO] [5R/2235](swap: 14, u: 0 | c_u: 0 | t_u_l: 28/992 | t_u_r: 17/992 | t_u: 45/1984) -> {'max_bond': 64, 'max_links': 4, 'total_elems': 143428, 'total_shapes': 3224, 'total_links': 390, 'num_tensors': 98}
2026-08-26 09:01:32,900 [INFO] [4L/2332](swap: 16, u: 0 | c_u: 0 | t_u_l: 28/992 | t_u_r: 17/992 | t_u: 45/1984) -> {'max_bond': 128, 'max_links': 4, 'total_elems': 215776, 'total_shapes': 3878, 'total_links': 390, 'num_tensors': 98}
2026-08-26 09:01:33,316 [INFO] [5L/2332](swap: 17, u: 0 | c_u: 0 | t_u_l: 28/992 | t_u_r: 17/992 | t_u: 45/1984) -> {'max_bond': 128, 'max_links': 4, 'total_elems': 378432, 'total_shapes': 4652, 'total_links': 390, 'num_tensors': 98}
2026-08-26 09:01:34,066 [INFO] [6R/2235](swap: 15, u: 0 | c_u: 0 | t_u_l: 28/992 | t_u_r: 17/992 | t_u: 45/1984) -> {'max_bond': 256, 'max_links': 4, 'total_elems': 535136, 'total_shapes': 5530, 'total_links': 390, 'num_tensors': 98}
2026-08-26 09:01:35,566 [INFO]     [start unswap] -> {'max_bond': 256, 'max_links': 4, 'total_elems': 535136, 'total_shapes': 5530, 'total_links': 390, 'num_tensors': 98}
2026-08-26 09:01:43,669 [INFO]     [0 | both | 0](candidate_pairs: 49/49 | new_swaps: 6 | total: 6) -> {'max_bond': 256, 'max_links': 4, 'total_elems': 1138272, 'total_shapes': 7154, 'total_links': 390, 'num_tensors': 98}
2026-08-26 09:01:53,352 [INFO]     [0 | both | 1](candidate_pairs: 48/48 | new_swaps: 11 | total: 17) -> {'max_bond': 256, 'max_links': 4, 'total_elems': 656096, 'total_shapes': 5954, 'total_links': 390, 'num_tensors': 98}
2026-08-26 09:01:55,129 [INFO]     [0 | left | 0](candidate_pairs: 49/49 | new_swaps: 20 | total: 37) -> {'max_bond': 128, 'max_links': 4, 'total_elems': 245020, 'total_shapes': 4192, 'total_links': 390, 'num_tensors': 98}
2026-08-26 09:01:55,697 [INFO]     [0 | left | 1](candidate_pairs: 48/48 | new_swaps: 20 | total: 57) -> {'max_bond': 64, 'max_links': 4, 'total_elems': 111580, 'total_shapes': 3124, 'total_links': 390, 'num_tensors': 98}
2026-08-26 09:01:55,894 [INFO]     [0 | right | 0](candidate_pairs: 49/49 | new_swaps: 8 | total: 65) -> {'max_bond': 64, 'max_links': 4, 'total_elems': 96028, 'total_shapes': 2804, 'total_links': 390, 'num_tensors': 98}
2026-08-26 09:01:56,136 [INFO]     [0 | right | 1](candidate_pairs: 48/48 | new_swaps: 12 | total: 77) -> {'max_bond': 64, 'max_links': 4, 'total_elems': 80096, 'total_shapes': 2574, 'total_links': 390, 'num_tensors': 98}
2026-08-26 09:01:56,478 [INFO]     [1 | both | 0](candidate_pairs: 49/49 | new_swaps: 17 | total: 17) -> {'max_bond': 64, 'max_links': 4, 'total_elems': 53428, 'total_shapes': 2188, 'total_links': 390, 'num_tensors': 98}
2026-08-26 09:01:56,782 [INFO]     [1 | both | 1](candidate_pairs: 48/48 | new_swaps: 6 | total: 23) -> {'max_bond': 32, 'max_links': 4, 'total_elems': 41844, 'total_shapes': 1996, 'total_links': 390, 'num_tensors': 98}
2026-08-26 09:01:56,924 [INFO]     [1 | left | 0](candidate_pairs: 49/49 | new_swaps: 11 | total: 34) -> {'max_bond': 32, 'max_links': 4, 'total_elems': 32436, 'total_shapes': 1818, 'total_links': 390, 'num_tensors': 98}
2026-08-26 09:01:57,047 [INFO]     [1 | left | 1](candidate_pairs: 48/48 | new_swaps: 7 | total: 41) -> {'max_bond': 32, 'max_links': 4, 'total_elems': 29508, 'total_shapes': 1722, 'total_links': 390, 'num_tensors': 98}
2026-08-26 09:01:57,161 [INFO]     [1 | right | 0](candidate_pairs: 49/49 | new_swaps: 3 | total: 44) -> {'max_bond': 32, 'max_links': 4, 'total_elems': 28192, 'total_shapes': 1684, 'total_links': 390, 'num_tensors': 98}
2026-08-26 09:01:57,256 [INFO]     [1 | right | 1](candidate_pairs: 48/48 | new_swaps: 1 | total: 45) -> {'max_bond': 32, 'max_links': 4, 'total_elems': 27808, 'total_shapes': 1672, 'total_links': 390, 'num_tensors': 98}
2026-08-26 09:01:57,481 [INFO]     [2 | both | 0](candidate_pairs: 49/49 | new_swaps: 6 | total: 6) -> {'max_bond': 32, 'max_links': 4, 'total_elems': 26080, 'total_shapes': 1608, 'total_links': 390, 'num_tensors': 98}
2026-08-26 09:01:57,707 [INFO]     [2 | both | 1](candidate_pairs: 48/48 | new_swaps: 8 | total: 14) -> {'max_bond': 32, 'max_links': 4, 'total_elems': 22444, 'total_shapes': 1510, 'total_links': 390, 'num_tensors': 98}
2026-08-26 09:01:57,818 [INFO]     [2 | left | 0](candidate_pairs: 49/49 | new_swaps: 4 | total: 18) -> {'max_bond': 32, 'max_links': 4, 'total_elems': 21764, 'total_shapes': 1470, 'total_links': 390, 'num_tensors': 98}
2026-08-26 09:01:57,929 [INFO]     [2 | left | 1](candidate_pairs: 48/48 | new_swaps: 3 | total: 21) -> {'max_bond': 32, 'max_links': 4, 'total_elems': 21220, 'total_shapes': 1438, 'total_links': 390, 'num_tensors': 98}
2026-08-26 09:01:58,034 [INFO]     [2 | right | 0](candidate_pairs: 49/49 | new_swaps: 3 | total: 24) -> {'max_bond': 32, 'max_links': 4, 'total_elems': 19864, 'total_shapes': 1396, 'total_links': 390, 'num_tensors': 98}
2026-08-26 09:01:58,123 [INFO]     [2 | right | 1](candidate_pairs: 48/48 | new_swaps: 1 | total: 25) -> {'max_bond': 32, 'max_links': 4, 'total_elems': 19804, 'total_shapes': 1390, 'total_links': 390, 'num_tensors': 98}
2026-08-26 09:01:58,319 [INFO]     [3 | both | 0](candidate_pairs: 49/49 | new_swaps: 4 | total: 4) -> {'max_bond': 32, 'max_links': 4, 'total_elems': 19348, 'total_shapes': 1366, 'total_links': 390, 'num_tensors': 98}
2026-08-26 09:01:58,519 [INFO]     [3 | both | 1](candidate_pairs: 48/48 | new_swaps: 4 | total: 8) -> {'max_bond': 32, 'max_links': 4, 'total_elems': 18188, 'total_shapes': 1326, 'total_links': 390, 'num_tensors': 98}
2026-08-26 09:01:58,609 [INFO]     [3 | left | 0](candidate_pairs: 49/49 | new_swaps: 1 | total: 9) -> {'max_bond': 32, 'max_links': 4, 'total_elems': 17548, 'total_shapes': 1310, 'total_links': 390, 'num_tensors': 98}
2026-08-26 09:01:58,663 [INFO]     [3 | left | 1](candidate_pairs: 48/48 | new_swaps: 0 | total: 9) -> {'max_bond': 32, 'max_links': 4, 'total_elems': 17548, 'total_shapes': 1310, 'total_links': 390, 'num_tensors': 98}
2026-08-26 09:01:58,756 [INFO]     [3 | right | 0](candidate_pairs: 49/49 | new_swaps: 1 | total: 10) -> {'max_bond': 32, 'max_links': 4, 'total_elems': 17228, 'total_shapes': 1302, 'total_links': 390, 'num_tensors': 98}
2026-08-26 09:01:58,864 [INFO]     [3 | right | 1](candidate_pairs: 48/48 | new_swaps: 2 | total: 12) -> {'max_bond': 32, 'max_links': 4, 'total_elems': 16012, 'total_shapes': 1282, 'total_links': 390, 'num_tensors': 98}
2026-08-26 09:01:59,053 [INFO]     [4 | both | 0](candidate_pairs: 49/49 | new_swaps: 4 | total: 4) -> {'max_bond': 32, 'max_links': 4, 'total_elems': 13284, 'total_shapes': 1238, 'total_links': 390, 'num_tensors': 98}
2026-08-26 09:01:59,239 [INFO]     [4 | both | 1](candidate_pairs: 48/48 | new_swaps: 4 | total: 8) -> {'max_bond': 16, 'max_links': 4, 'total_elems': 10868, 'total_shapes': 1190, 'total_links': 390, 'num_tensors': 98}
2026-08-26 09:01:59,284 [INFO]     [4 | left | 0](candidate_pairs: 49/49 | new_swaps: 0 | total: 8) -> {'max_bond': 16, 'max_links': 4, 'total_elems': 10868, 'total_shapes': 1190, 'total_links': 390, 'num_tensors': 98}
2026-08-26 09:01:59,369 [INFO]     [4 | left | 1](candidate_pairs: 48/48 | new_swaps: 1 | total: 9) -> {'max_bond': 16, 'max_links': 4, 'total_elems': 9844, 'total_shapes': 1174, 'total_links': 390, 'num_tensors': 98}
2026-08-26 09:01:59,447 [INFO]     [4 | right | 0](candidate_pairs: 49/49 | new_swaps: 1 | total: 10) -> {'max_bond': 16, 'max_links': 4, 'total_elems': 9332, 'total_shapes': 1158, 'total_links': 390, 'num_tensors': 98}
2026-08-26 09:01:59,491 [INFO]     [4 | right | 1](candidate_pairs: 48/48 | new_swaps: 0 | total: 10) -> {'max_bond': 16, 'max_links': 4, 'total_elems': 9332, 'total_shapes': 1158, 'total_links': 390, 'num_tensors': 98}
2026-08-26 09:01:59,651 [INFO]     [5 | both | 0](candidate_pairs: 49/49 | new_swaps: 1 | total: 1) -> {'max_bond': 16, 'max_links': 4, 'total_elems': 8372, 'total_shapes': 1134, 'total_links': 390, 'num_tensors': 98}
2026-08-26 09:01:59,810 [INFO]     [5 | both | 1](candidate_pairs: 48/48 | new_swaps: 1 | total: 2) -> {'max_bond': 16, 'max_links': 4, 'total_elems': 7988, 'total_shapes': 1118, 'total_links': 390, 'num_tensors': 98}
2026-08-26 09:01:59,891 [INFO]     [5 | left | 0](candidate_pairs: 49/49 | new_swaps: 1 | total: 3) -> {'max_bond': 16, 'max_links': 4, 'total_elems': 7732, 'total_shapes': 1110, 'total_links': 390, 'num_tensors': 98}
2026-08-26 09:01:59,935 [INFO]     [5 | left | 1](candidate_pairs: 48/48 | new_swaps: 0 | total: 3) -> {'max_bond': 16, 'max_links': 4, 'total_elems': 7732, 'total_shapes': 1110, 'total_links': 390, 'num_tensors': 98}
2026-08-26 09:01:59,978 [INFO]     [5 | right | 0](candidate_pairs: 49/49 | new_swaps: 0 | total: 3) -> {'max_bond': 16, 'max_links': 4, 'total_elems': 7732, 'total_shapes': 1110, 'total_links': 390, 'num_tensors': 98}
2026-08-26 09:02:00,056 [INFO]     [5 | right | 1](candidate_pairs: 48/48 | new_swaps: 1 | total: 4) -> {'max_bond': 16, 'max_links': 4, 'total_elems': 7540, 'total_shapes': 1102, 'total_links': 390, 'num_tensors': 98}
2026-08-26 09:02:00,141 [INFO]     [6 | both | 0](candidate_pairs: 49/49 | new_swaps: 0 | total: 0) -> {'max_bond': 16, 'max_links': 4, 'total_elems': 7540, 'total_shapes': 1102, 'total_links': 390, 'num_tensors': 98}
2026-08-26 09:02:00,226 [INFO]     [6 | both | 1](candidate_pairs: 48/48 | new_swaps: 0 | total: 0) -> {'max_bond': 16, 'max_links': 4, 'total_elems': 7540, 'total_shapes': 1102, 'total_links': 390, 'num_tensors': 98}
2026-08-26 09:02:00,270 [INFO]     [6 | left | 0](candidate_pairs: 49/49 | new_swaps: 0 | total: 0) -> {'max_bond': 16, 'max_links': 4, 'total_elems': 7540, 'total_shapes': 1102, 'total_links': 390, 'num_tensors': 98}
2026-08-26 09:02:00,315 [INFO]     [6 | left | 1](candidate_pairs: 48/48 | new_swaps: 0 | total: 0) -> {'max_bond': 16, 'max_links': 4, 'total_elems': 7540, 'total_shapes': 1102, 'total_links': 390, 'num_tensors': 98}
2026-08-26 09:02:00,358 [INFO]     [6 | right | 0](candidate_pairs: 49/49 | new_swaps: 0 | total: 0) -> {'max_bond': 16, 'max_links': 4, 'total_elems': 7540, 'total_shapes': 1102, 'total_links': 390, 'num_tensors': 98}
2026-08-26 09:02:00,400 [INFO]     [6 | right | 1](candidate_pairs: 48/48 | new_swaps: 0 | total: 0) -> {'max_bond': 16, 'max_links': 4, 'total_elems': 7540, 'total_shapes': 1102, 'total_links': 390, 'num_tensors': 98}
2026-08-26 09:02:00,401 [INFO]     [end unswap] -> {'max_bond': 16, 'max_links': 4, 'total_elems': 7540, 'total_shapes': 1102, 'total_links': 390, 'num_tensors': 98}
2026-08-26 09:02:00,403 [INFO] [start rewire](phase=post_unswap, cycle=17, side=left, layers=2329, trials=20, seed=123, parallel=False, route_candidates=2, route_score=lookahead_total)
2026-08-26 09:02:12,684 [INFO] [end rewire](phase=post_unswap, cycle=17, side=left, routed_layers=2642, elapsed_s=12.28)
2026-08-26 09:02:12,685 [INFO] [start rewire](phase=post_unswap, cycle=17, side=right, layers=2231, trials=20, seed=123, parallel=False, route_candidates=2, route_score=lookahead_total)
2026-08-26 09:02:21,817 [INFO] [end rewire](phase=post_unswap, cycle=17, side=right, routed_layers=2348, elapsed_s=9.13)
2026-08-26 09:02:22,020 [INFO] [1L/2640](swap: 21, u: 0 | c_u: 0 | t_u_l: 28/992 | t_u_r: 17/992 | t_u: 45/1984) -> {'max_bond': 16, 'max_links': 4, 'total_elems': 7540, 'total_shapes': 1102, 'total_links': 390, 'num_tensors': 98}
2026-08-26 09:02:22,131 [INFO] [1R/2346](swap: 17, u: 0 | c_u: 0 | t_u_l: 28/992 | t_u_r: 17/992 | t_u: 45/1984) -> {'max_bond': 16, 'max_links': 4, 'total_elems': 10744, 'total_shapes': 1288, 'total_links': 390, 'num_tensors': 98}
2026-08-26 09:02:22,246 [INFO] [2L/2640](swap: 20, u: 1 | c_u: 1 | t_u_l: 29/992 | t_u_r: 17/992 | t_u: 46/1984) -> {'max_bond': 32, 'max_links': 4, 'total_elems': 17224, 'total_shapes': 1530, 'total_links': 390, 'num_tensors': 98}
2026-08-26 09:02:22,364 [INFO] [3L/2640](swap: 16, u: 1 | c_u: 2 | t_u_l: 30/992 | t_u_r: 17/992 | t_u: 47/1984) -> {'max_bond': 32, 'max_links': 4, 'total_elems': 24828, 'total_shapes': 1756, 'total_links': 390, 'num_tensors': 98}
2026-08-26 09:02:22,483 [INFO] [2R/2346](swap: 16, u: 0 | c_u: 2 | t_u_l: 30/992 | t_u_r: 17/992 | t_u: 47/1984) -> {'max_bond': 32, 'max_links': 4, 'total_elems': 41060, 'total_shapes': 2062, 'total_links': 390, 'num_tensors': 98}
2026-08-26 09:02:22,621 [INFO] [3R/2346](swap: 14, u: 0 | c_u: 2 | t_u_l: 30/992 | t_u_r: 17/992 | t_u: 47/1984) -> {'max_bond': 64, 'max_links': 4, 'total_elems': 58532, 'total_shapes': 2292, 'total_links': 390, 'num_tensors': 98}
2026-08-26 09:02:22,778 [INFO] [4R/2346](swap: 13, u: 0 | c_u: 2 | t_u_l: 30/992 | t_u_r: 17/992 | t_u: 47/1984) -> {'max_bond': 64, 'max_links': 4, 'total_elems': 74864, 'total_shapes': 2594, 'total_links': 390, 'num_tensors': 98}
2026-08-26 09:02:22,952 [INFO] [5R/2346](swap: 13, u: 0 | c_u: 2 | t_u_l: 30/992 | t_u_r: 17/992 | t_u: 47/1984) -> {'max_bond': 64, 'max_links': 4, 'total_elems': 99724, 'total_shapes': 3028, 'total_links': 390, 'num_tensors': 98}
2026-08-26 09:02:23,165 [INFO] [6R/2346](swap: 15, u: 0 | c_u: 2 | t_u_l: 30/992 | t_u_r: 17/992 | t_u: 47/1984) -> {'max_bond': 64, 'max_links': 4, 'total_elems': 150728, 'total_shapes': 3522, 'total_links': 390, 'num_tensors': 98}
2026-08-26 09:02:23,416 [INFO] [4L/2640](swap: 16, u: 0 | c_u: 2 | t_u_l: 30/992 | t_u_r: 17/992 | t_u: 47/1984) -> {'max_bond': 128, 'max_links': 4, 'total_elems': 234472, 'total_shapes': 4242, 'total_links': 390, 'num_tensors': 98}
2026-08-26 09:02:23,841 [INFO] [5L/2640](swap: 12, u: 0 | c_u: 2 | t_u_l: 30/992 | t_u_r: 17/992 | t_u: 47/1984) -> {'max_bond': 128, 'max_links': 4, 'total_elems': 375000, 'total_shapes': 4958, 'total_links': 390, 'num_tensors': 98}
2026-08-26 09:02:24,505 [INFO] [6L/2640](swap: 14, u: 0 | c_u: 2 | t_u_l: 30/992 | t_u_r: 17/992 | t_u: 47/1984) -> {'max_bond': 256, 'max_links': 4, 'total_elems': 619096, 'total_shapes': 6110, 'total_links': 390, 'num_tensors': 98}
2026-08-26 09:02:26,270 [INFO]     [start unswap] -> {'max_bond': 256, 'max_links': 4, 'total_elems': 619096, 'total_shapes': 6110, 'total_links': 390, 'num_tensors': 98}
2026-08-26 09:02:53,312 [INFO]     [0 | both | 0](candidate_pairs: 49/49 | new_swaps: 8 | total: 8) -> {'max_bond': 510, 'max_links': 4, 'total_elems': 1508592, 'total_shapes': 7862, 'total_links': 390, 'num_tensors': 98}
2026-08-26 09:03:03,792 [INFO]     [0 | both | 1](candidate_pairs: 48/48 | new_swaps: 12 | total: 20) -> {'max_bond': 256, 'max_links': 4, 'total_elems': 553008, 'total_shapes': 5730, 'total_links': 390, 'num_tensors': 98}
2026-08-26 09:03:05,129 [INFO]     [0 | left | 0](candidate_pairs: 49/49 | new_swaps: 22 | total: 42) -> {'max_bond': 64, 'max_links': 4, 'total_elems': 228568, 'total_shapes': 4010, 'total_links': 390, 'num_tensors': 98}
2026-08-26 09:03:05,624 [INFO]     [0 | left | 1](candidate_pairs: 48/48 | new_swaps: 23 | total: 65) -> {'max_bond': 64, 'max_links': 4, 'total_elems': 133272, 'total_shapes': 3150, 'total_links': 390, 'num_tensors': 98}
2026-08-26 09:03:05,870 [INFO]     [0 | right | 0](candidate_pairs: 49/49 | new_swaps: 6 | total: 71) -> {'max_bond': 64, 'max_links': 4, 'total_elems': 119772, 'total_shapes': 2928, 'total_links': 390, 'num_tensors': 98}
2026-08-26 09:03:06,172 [INFO]     [0 | right | 1](candidate_pairs: 48/48 | new_swaps: 11 | total: 82) -> {'max_bond': 64, 'max_links': 4, 'total_elems': 97120, 'total_shapes': 2690, 'total_links': 390, 'num_tensors': 98}
2026-08-26 09:03:06,572 [INFO]     [1 | both | 0](candidate_pairs: 49/49 | new_swaps: 20 | total: 20) -> {'max_bond': 64, 'max_links': 4, 'total_elems': 55092, 'total_shapes': 2144, 'total_links': 390, 'num_tensors': 98}
2026-08-26 09:03:06,858 [INFO]     [1 | both | 1](candidate_pairs: 48/48 | new_swaps: 10 | total: 30) -> {'max_bond': 32, 'max_links': 4, 'total_elems': 36340, 'total_shapes': 1864, 'total_links': 390, 'num_tensors': 98}
2026-08-26 09:03:06,994 [INFO]     [1 | left | 0](candidate_pairs: 49/49 | new_swaps: 8 | total: 38) -> {'max_bond': 32, 'max_links': 4, 'total_elems': 31572, 'total_shapes': 1728, 'total_links': 390, 'num_tensors': 98}
2026-08-26 09:03:07,120 [INFO]     [1 | left | 1](candidate_pairs: 48/48 | new_swaps: 8 | total: 46) -> {'max_bond': 32, 'max_links': 4, 'total_elems': 27948, 'total_shapes': 1626, 'total_links': 390, 'num_tensors': 98}
2026-08-26 09:03:07,245 [INFO]     [1 | right | 0](candidate_pairs: 49/49 | new_swaps: 4 | total: 50) -> {'max_bond': 32, 'max_links': 4, 'total_elems': 26068, 'total_shapes': 1586, 'total_links': 390, 'num_tensors': 98}
2026-08-26 09:03:07,363 [INFO]     [1 | right | 1](candidate_pairs: 48/48 | new_swaps: 4 | total: 54) -> {'max_bond': 32, 'max_links': 4, 'total_elems': 24980, 'total_shapes': 1550, 'total_links': 390, 'num_tensors': 98}
2026-08-26 09:03:07,620 [INFO]     [2 | both | 0](candidate_pairs: 49/49 | new_swaps: 2 | total: 2) -> {'max_bond': 32, 'max_links': 4, 'total_elems': 24200, 'total_shapes': 1532, 'total_links': 390, 'num_tensors': 98}
2026-08-26 09:03:07,843 [INFO]     [2 | both | 1](candidate_pairs: 48/48 | new_swaps: 8 | total: 10) -> {'max_bond': 32, 'max_links': 4, 'total_elems': 18656, 'total_shapes': 1420, 'total_links': 390, 'num_tensors': 98}
2026-08-26 09:03:07,950 [INFO]     [2 | left | 0](candidate_pairs: 49/49 | new_swaps: 3 | total: 13) -> {'max_bond': 32, 'max_links': 4, 'total_elems': 18188, 'total_shapes': 1394, 'total_links': 390, 'num_tensors': 98}
2026-08-26 09:03:08,047 [INFO]     [2 | left | 1](candidate_pairs: 48/48 | new_swaps: 1 | total: 14) -> {'max_bond': 32, 'max_links': 4, 'total_elems': 18124, 'total_shapes': 1390, 'total_links': 390, 'num_tensors': 98}
2026-08-26 09:03:08,148 [INFO]     [2 | right | 0](candidate_pairs: 49/49 | new_swaps: 2 | total: 16) -> {'max_bond': 32, 'max_links': 4, 'total_elems': 16732, 'total_shapes': 1354, 'total_links': 390, 'num_tensors': 98}
2026-08-26 09:03:08,237 [INFO]     [2 | right | 1](candidate_pairs: 48/48 | new_swaps: 1 | total: 17) -> {'max_bond': 32, 'max_links': 4, 'total_elems': 16092, 'total_shapes': 1338, 'total_links': 390, 'num_tensors': 98}
2026-08-26 09:03:08,427 [INFO]     [3 | both | 0](candidate_pairs: 49/49 | new_swaps: 4 | total: 4) -> {'max_bond': 32, 'max_links': 4, 'total_elems': 11568, 'total_shapes': 1264, 'total_links': 390, 'num_tensors': 98}
2026-08-26 09:03:08,609 [INFO]     [3 | both | 1](candidate_pairs: 48/48 | new_swaps: 2 | total: 6) -> {'max_bond': 16, 'max_links': 4, 'total_elems': 8868, 'total_shapes': 1206, 'total_links': 390, 'num_tensors': 98}
2026-08-26 09:03:08,707 [INFO]     [3 | left | 0](candidate_pairs: 49/49 | new_swaps: 2 | total: 8) -> {'max_bond': 16, 'max_links': 4, 'total_elems': 8228, 'total_shapes': 1182, 'total_links': 390, 'num_tensors': 98}
2026-08-26 09:03:08,805 [INFO]     [3 | left | 1](candidate_pairs: 48/48 | new_swaps: 1 | total: 9) -> {'max_bond': 16, 'max_links': 4, 'total_elems': 8084, 'total_shapes': 1170, 'total_links': 390, 'num_tensors': 98}
2026-08-26 09:03:08,848 [INFO]     [3 | right | 0](candidate_pairs: 49/49 | new_swaps: 0 | total: 9) -> {'max_bond': 16, 'max_links': 4, 'total_elems': 8084, 'total_shapes': 1170, 'total_links': 390, 'num_tensors': 98}
2026-08-26 09:03:08,927 [INFO]     [3 | right | 1](candidate_pairs: 48/48 | new_swaps: 1 | total: 10) -> {'max_bond': 16, 'max_links': 4, 'total_elems': 7892, 'total_shapes': 1162, 'total_links': 390, 'num_tensors': 98}
2026-08-26 09:03:09,085 [INFO]     [4 | both | 0](candidate_pairs: 49/49 | new_swaps: 1 | total: 1) -> {'max_bond': 16, 'max_links': 4, 'total_elems': 7700, 'total_shapes': 1154, 'total_links': 390, 'num_tensors': 98}
2026-08-26 09:03:09,245 [INFO]     [4 | both | 1](candidate_pairs: 48/48 | new_swaps: 1 | total: 2) -> {'max_bond': 16, 'max_links': 4, 'total_elems': 7604, 'total_shapes': 1146, 'total_links': 390, 'num_tensors': 98}
2026-08-26 09:03:09,289 [INFO]     [4 | left | 0](candidate_pairs: 49/49 | new_swaps: 0 | total: 2) -> {'max_bond': 16, 'max_links': 4, 'total_elems': 7604, 'total_shapes': 1146, 'total_links': 390, 'num_tensors': 98}
2026-08-26 09:03:09,372 [INFO]     [4 | left | 1](candidate_pairs: 48/48 | new_swaps: 1 | total: 3) -> {'max_bond': 16, 'max_links': 4, 'total_elems': 7556, 'total_shapes': 1142, 'total_links': 390, 'num_tensors': 98}
2026-08-26 09:03:09,449 [INFO]     [4 | right | 0](candidate_pairs: 49/49 | new_swaps: 1 | total: 4) -> {'max_bond': 16, 'max_links': 4, 'total_elems': 7364, 'total_shapes': 1130, 'total_links': 390, 'num_tensors': 98}
2026-08-26 09:03:09,492 [INFO]     [4 | right | 1](candidate_pairs: 48/48 | new_swaps: 0 | total: 4) -> {'max_bond': 16, 'max_links': 4, 'total_elems': 7364, 'total_shapes': 1130, 'total_links': 390, 'num_tensors': 98}
2026-08-26 09:03:09,650 [INFO]     [5 | both | 0](candidate_pairs: 49/49 | new_swaps: 1 | total: 1) -> {'max_bond': 16, 'max_links': 4, 'total_elems': 7316, 'total_shapes': 1126, 'total_links': 390, 'num_tensors': 98}
2026-08-26 09:03:09,809 [INFO]     [5 | both | 1](candidate_pairs: 48/48 | new_swaps: 1 | total: 2) -> {'max_bond': 16, 'max_links': 4, 'total_elems': 7268, 'total_shapes': 1122, 'total_links': 390, 'num_tensors': 98}
2026-08-26 09:03:09,853 [INFO]     [5 | left | 0](candidate_pairs: 49/49 | new_swaps: 0 | total: 2) -> {'max_bond': 16, 'max_links': 4, 'total_elems': 7268, 'total_shapes': 1122, 'total_links': 390, 'num_tensors': 98}
2026-08-26 09:03:09,898 [INFO]     [5 | left | 1](candidate_pairs: 48/48 | new_swaps: 0 | total: 2) -> {'max_bond': 16, 'max_links': 4, 'total_elems': 7268, 'total_shapes': 1122, 'total_links': 390, 'num_tensors': 98}
2026-08-26 09:03:09,940 [INFO]     [5 | right | 0](candidate_pairs: 49/49 | new_swaps: 0 | total: 2) -> {'max_bond': 16, 'max_links': 4, 'total_elems': 7268, 'total_shapes': 1122, 'total_links': 390, 'num_tensors': 98}
2026-08-26 09:03:09,983 [INFO]     [5 | right | 1](candidate_pairs: 48/48 | new_swaps: 0 | total: 2) -> {'max_bond': 16, 'max_links': 4, 'total_elems': 7268, 'total_shapes': 1122, 'total_links': 390, 'num_tensors': 98}
2026-08-26 09:03:10,170 [INFO]     [6 | both | 0](candidate_pairs: 49/49 | new_swaps: 1 | total: 1) -> {'max_bond': 16, 'max_links': 4, 'total_elems': 7220, 'total_shapes': 1118, 'total_links': 390, 'num_tensors': 98}
2026-08-26 09:03:10,264 [INFO]     [6 | both | 1](candidate_pairs: 48/48 | new_swaps: 0 | total: 1) -> {'max_bond': 16, 'max_links': 4, 'total_elems': 7220, 'total_shapes': 1118, 'total_links': 390, 'num_tensors': 98}
2026-08-26 09:03:10,308 [INFO]     [6 | left | 0](candidate_pairs: 49/49 | new_swaps: 0 | total: 1) -> {'max_bond': 16, 'max_links': 4, 'total_elems': 7220, 'total_shapes': 1118, 'total_links': 390, 'num_tensors': 98}
2026-08-26 09:03:10,357 [INFO]     [6 | left | 1](candidate_pairs: 48/48 | new_swaps: 0 | total: 1) -> {'max_bond': 16, 'max_links': 4, 'total_elems': 7220, 'total_shapes': 1118, 'total_links': 390, 'num_tensors': 98}
2026-08-26 09:03:10,405 [INFO]     [6 | right | 0](candidate_pairs: 49/49 | new_swaps: 0 | total: 1) -> {'max_bond': 16, 'max_links': 4, 'total_elems': 7220, 'total_shapes': 1118, 'total_links': 390, 'num_tensors': 98}
2026-08-26 09:03:10,545 [INFO]     [6 | right | 1](candidate_pairs: 48/48 | new_swaps: 0 | total: 1) -> {'max_bond': 16, 'max_links': 4, 'total_elems': 7220, 'total_shapes': 1118, 'total_links': 390, 'num_tensors': 98}
2026-08-26 09:03:10,916 [INFO]     [7 | both | 0](candidate_pairs: 49/49 | new_swaps: 0 | total: 0) -> {'max_bond': 16, 'max_links': 4, 'total_elems': 7220, 'total_shapes': 1118, 'total_links': 390, 'num_tensors': 98}
2026-08-26 09:03:11,149 [INFO]     [7 | both | 1](candidate_pairs: 48/48 | new_swaps: 0 | total: 0) -> {'max_bond': 16, 'max_links': 4, 'total_elems': 7220, 'total_shapes': 1118, 'total_links': 390, 'num_tensors': 98}
2026-08-26 09:03:11,210 [INFO]     [7 | left | 0](candidate_pairs: 49/49 | new_swaps: 0 | total: 0) -> {'max_bond': 16, 'max_links': 4, 'total_elems': 7220, 'total_shapes': 1118, 'total_links': 390, 'num_tensors': 98}
2026-08-26 09:03:11,261 [INFO]     [7 | left | 1](candidate_pairs: 48/48 | new_swaps: 0 | total: 0) -> {'max_bond': 16, 'max_links': 4, 'total_elems': 7220, 'total_shapes': 1118, 'total_links': 390, 'num_tensors': 98}
2026-08-26 09:03:11,305 [INFO]     [7 | right | 0](candidate_pairs: 49/49 | new_swaps: 0 | total: 0) -> {'max_bond': 16, 'max_links': 4, 'total_elems': 7220, 'total_shapes': 1118, 'total_links': 390, 'num_tensors': 98}
2026-08-26 09:03:11,349 [INFO]     [7 | right | 1](candidate_pairs: 48/48 | new_swaps: 0 | total: 0) -> {'max_bond': 16, 'max_links': 4, 'total_elems': 7220, 'total_shapes': 1118, 'total_links': 390, 'num_tensors': 98}
2026-08-26 09:03:11,350 [INFO]     [end unswap] -> {'max_bond': 16, 'max_links': 4, 'total_elems': 7220, 'total_shapes': 1118, 'total_links': 390, 'num_tensors': 98}
2026-08-26 09:03:11,396 [INFO] [start rewire](phase=post_unswap, cycle=18, side=left, layers=2636, trials=20, seed=123, parallel=False, route_candidates=2, route_score=lookahead_total)
2026-08-26 09:03:24,058 [INFO] [end rewire](phase=post_unswap, cycle=18, side=left, routed_layers=2394, elapsed_s=12.66)
2026-08-26 09:03:24,058 [INFO] [start rewire](phase=post_unswap, cycle=18, side=right, layers=2342, trials=20, seed=123, parallel=False, route_candidates=2, route_score=lookahead_total)
2026-08-26 09:03:37,155 [INFO] [end rewire](phase=post_unswap, cycle=18, side=right, routed_layers=2299, elapsed_s=13.10)
2026-08-26 09:03:37,316 [INFO] [1L/2392](swap: 20, u: 0 | c_u: 0 | t_u_l: 30/992 | t_u_r: 17/992 | t_u: 47/1984) -> {'max_bond': 16, 'max_links': 4, 'total_elems': 7220, 'total_shapes': 1118, 'total_links': 390, 'num_tensors': 98}
2026-08-26 09:03:37,424 [INFO] [1R/2297](swap: 13, u: 0 | c_u: 0 | t_u_l: 30/992 | t_u_r: 17/992 | t_u: 47/1984) -> {'max_bond': 16, 'max_links': 4, 'total_elems': 9812, 'total_shapes': 1298, 'total_links': 390, 'num_tensors': 98}
2026-08-26 09:03:37,535 [INFO] [2L/2392](swap: 21, u: 0 | c_u: 0 | t_u_l: 30/992 | t_u_r: 17/992 | t_u: 47/1984) -> {'max_bond': 32, 'max_links': 4, 'total_elems': 15628, 'total_shapes': 1506, 'total_links': 390, 'num_tensors': 98}
2026-08-26 09:03:37,655 [INFO] [2R/2297](swap: 17, u: 0 | c_u: 0 | t_u_l: 30/992 | t_u_r: 17/992 | t_u: 47/1984) -> {'max_bond': 32, 'max_links': 4, 'total_elems': 23800, 'total_shapes': 1764, 'total_links': 390, 'num_tensors': 98}
2026-08-26 09:03:37,777 [INFO] [3L/2392](swap: 22, u: 0 | c_u: 0 | t_u_l: 30/992 | t_u_r: 17/992 | t_u: 47/1984) -> {'max_bond': 32, 'max_links': 4, 'total_elems': 35016, 'total_shapes': 2038, 'total_links': 390, 'num_tensors': 98}
2026-08-26 09:03:37,910 [INFO] [3R/2297](swap: 16, u: 0 | c_u: 0 | t_u_l: 30/992 | t_u_r: 17/992 | t_u: 47/1984) -> {'max_bond': 64, 'max_links': 4, 'total_elems': 67264, 'total_shapes': 2640, 'total_links': 390, 'num_tensors': 98}
2026-08-26 09:03:38,080 [INFO] [4L/2392](swap: 14, u: 0 | c_u: 0 | t_u_l: 30/992 | t_u_r: 17/992 | t_u: 47/1984) -> {'max_bond': 64, 'max_links': 4, 'total_elems': 104736, 'total_shapes': 3120, 'total_links': 390, 'num_tensors': 98}
2026-08-26 09:03:38,297 [INFO] [5L/2392](swap: 15, u: 0 | c_u: 0 | t_u_l: 30/992 | t_u_r: 17/992 | t_u: 47/1984) -> {'max_bond': 128, 'max_links': 4, 'total_elems': 189984, 'total_shapes': 3924, 'total_links': 390, 'num_tensors': 98}
2026-08-26 09:03:38,708 [INFO] [4R/2297](swap: 17, u: 0 | c_u: 0 | t_u_l: 30/992 | t_u_r: 17/992 | t_u: 47/1984) -> {'max_bond': 128, 'max_links': 4, 'total_elems': 334368, 'total_shapes': 4644, 'total_links': 390, 'num_tensors': 98}
2026-08-26 09:03:39,416 [INFO] [5R/2297](swap: 14, u: 1 | c_u: 1 | t_u_l: 30/992 | t_u_r: 18/992 | t_u: 48/1984) -> {'max_bond': 256, 'max_links': 4, 'total_elems': 603264, 'total_shapes': 5842, 'total_links': 390, 'num_tensors': 98}
2026-08-26 09:03:40,723 [INFO] [6R/2297](swap: 12, u: 1 | c_u: 2 | t_u_l: 30/992 | t_u_r: 19/992 | t_u: 49/1984) -> {'max_bond': 256, 'max_links': 4, 'total_elems': 827712, 'total_shapes': 6714, 'total_links': 390, 'num_tensors': 98}
2026-08-26 09:03:42,948 [INFO]     [start unswap] -> {'max_bond': 256, 'max_links': 4, 'total_elems': 827712, 'total_shapes': 6714, 'total_links': 390, 'num_tensors': 98}
2026-08-26 09:04:17,825 [INFO]     [0 | both | 0](candidate_pairs: 49/49 | new_swaps: 9 | total: 9) -> {'max_bond': 510, 'max_links': 4, 'total_elems': 1547204, 'total_shapes': 7740, 'total_links': 390, 'num_tensors': 98}
