2026-08-25 05:02:45,353 [INFO] loaded /Users/monitsharma/code_projects/qat/tracker/data/classically-verifiable-problems/circuit-models/peaked_circuit/peaked_circuit_P9_Hqap_56x1917.qasm: qubits=56 ops={'u': 3890, 'rzz': 1917}
2026-08-25 05:02:45,360 [INFO] Pass: Collect2qBlocks - 3.20792 (ms)
2026-08-25 05:02:45,369 [INFO] Pass: ConsolidateBlocks - 9.48310 (ms)
2026-08-25 05:02:45,370 [INFO] after two-qubit block consolidation: ops={'unitary': 1885}
2026-08-25 05:02:45,404 [INFO] environment: python=3.10.16 qiskit=1.4.5 quimb=1.11.2 numpy=2.2.6 scipy=1.15.3 machine=arm64
2026-08-25 05:02:45,667 [INFO] Total unitaries: 1885 = 942 (left) + 943 (right)
2026-08-25 05:02:45,667 [INFO] Rewiring with SabreSwap(trials=90, heuristic='decay', seed=123)
2026-08-25 05:02:45,667 [INFO] No-progress fail-fast guardrail enabled: abort after 40 consecutive zero-work unswap cycle(s)
2026-08-25 05:02:45,667 [INFO] [start rewire](phase=initial, side=left, layers=59, trials=90, seed=123, parallel=False)
2026-08-25 05:02:46,972 [INFO] [end rewire](phase=initial, side=left, routed_layers=1355, elapsed_s=1.30)
2026-08-25 05:02:46,972 [INFO] [start rewire](phase=initial, side=right, layers=58, trials=90, seed=123, parallel=False)
2026-08-25 05:02:48,383 [INFO] [end rewire](phase=initial, side=right, routed_layers=1561, elapsed_s=1.41)
2026-08-25 05:02:48,407 [INFO] [start compressing] -> {'max_bond': 1, 'max_links': 4, 'total_elems': 224, 'total_shapes': 334, 'total_links': 222, 'num_tensors': 56}
2026-08-25 05:02:50,144 [INFO] [1L/1353](swap: 11, u: 0 | c_u: 0 | t_u_l: 0/942 | t_u_r: 0/943 | t_u: 0/1885) -> {'max_bond': 1, 'max_links': 4, 'total_elems': 224, 'total_shapes': 334, 'total_links': 222, 'num_tensors': 56}
2026-08-25 05:02:50,201 [INFO] [1R/1559](swap: 12, u: 0 | c_u: 0 | t_u_l: 0/942 | t_u_r: 0/943 | t_u: 0/1885) -> {'max_bond': 4, 'max_links': 4, 'total_elems': 512, 'total_shapes': 406, 'total_links': 222, 'num_tensors': 56}
2026-08-25 05:02:50,259 [INFO] [2L/1353](swap: 11, u: 1 | c_u: 1 | t_u_l: 1/942 | t_u_r: 0/943 | t_u: 1/1885) -> {'max_bond': 4, 'max_links': 4, 'total_elems': 844, 'total_shapes': 450, 'total_links': 222, 'num_tensors': 56}
2026-08-25 05:02:50,316 [INFO] [2R/1559](swap: 10, u: 1 | c_u: 2 | t_u_l: 1/942 | t_u_r: 1/943 | t_u: 2/1885) -> {'max_bond': 4, 'max_links': 4, 'total_elems': 1456, 'total_shapes': 504, 'total_links': 222, 'num_tensors': 56}
2026-08-25 05:02:50,374 [INFO] [3L/1353](swap: 14, u: 0 | c_u: 2 | t_u_l: 1/942 | t_u_r: 1/943 | t_u: 2/1885) -> {'max_bond': 16, 'max_links': 4, 'total_elems': 2464, 'total_shapes': 576, 'total_links': 222, 'num_tensors': 56}
2026-08-25 05:02:50,433 [INFO] [3R/1559](swap: 13, u: 0 | c_u: 2 | t_u_l: 1/942 | t_u_r: 1/943 | t_u: 2/1885) -> {'max_bond': 16, 'max_links': 4, 'total_elems': 4316, 'total_shapes': 700, 'total_links': 222, 'num_tensors': 56}
2026-08-25 05:02:50,497 [INFO] [4R/1559](swap: 13, u: 0 | c_u: 2 | t_u_l: 1/942 | t_u_r: 1/943 | t_u: 2/1885) -> {'max_bond': 16, 'max_links': 4, 'total_elems': 9464, 'total_shapes': 844, 'total_links': 222, 'num_tensors': 56}
2026-08-25 05:02:50,567 [INFO] [5R/1559](swap: 13, u: 0 | c_u: 2 | t_u_l: 1/942 | t_u_r: 1/943 | t_u: 2/1885) -> {'max_bond': 16, 'max_links': 4, 'total_elems': 13496, 'total_shapes': 988, 'total_links': 222, 'num_tensors': 56}
2026-08-25 05:02:50,637 [INFO] [6R/1559](swap: 12, u: 0 | c_u: 2 | t_u_l: 1/942 | t_u_r: 1/943 | t_u: 2/1885) -> {'max_bond': 16, 'max_links': 4, 'total_elems': 17516, 'total_shapes': 1102, 'total_links': 222, 'num_tensors': 56}
2026-08-25 05:02:50,714 [INFO] [4L/1353](swap: 14, u: 1 | c_u: 3 | t_u_l: 2/942 | t_u_r: 1/943 | t_u: 3/1885) -> {'max_bond': 64, 'max_links': 4, 'total_elems': 33200, 'total_shapes': 1360, 'total_links': 222, 'num_tensors': 56}
2026-08-25 05:02:50,809 [INFO] [7R/1559](swap: 12, u: 0 | c_u: 3 | t_u_l: 2/942 | t_u_r: 1/943 | t_u: 3/1885) -> {'max_bond': 64, 'max_links': 4, 'total_elems': 50120, 'total_shapes': 1666, 'total_links': 222, 'num_tensors': 56}
2026-08-25 05:02:50,926 [INFO] [8R/1559](swap: 10, u: 1 | c_u: 4 | t_u_l: 2/942 | t_u_r: 2/943 | t_u: 4/1885) -> {'max_bond': 64, 'max_links': 4, 'total_elems': 85444, 'total_shapes': 1968, 'total_links': 222, 'num_tensors': 56}
2026-08-25 05:02:51,102 [INFO] [5L/1353](swap: 13, u: 1 | c_u: 5 | t_u_l: 3/942 | t_u_r: 2/943 | t_u: 5/1885) -> {'max_bond': 64, 'max_links': 4, 'total_elems': 124352, 'total_shapes': 2254, 'total_links': 222, 'num_tensors': 56}
2026-08-25 05:02:51,371 [INFO] [6L/1353](swap: 8, u: 1 | c_u: 6 | t_u_l: 4/942 | t_u_r: 2/943 | t_u: 6/1885) -> {'max_bond': 128, 'max_links': 4, 'total_elems': 154672, 'total_shapes': 2488, 'total_links': 222, 'num_tensors': 56}
2026-08-25 05:02:51,729 [INFO] [9R/1559](swap: 9, u: 1 | c_u: 7 | t_u_l: 4/942 | t_u_r: 3/943 | t_u: 7/1885) -> {'max_bond': 128, 'max_links': 4, 'total_elems': 230320, 'total_shapes': 2992, 'total_links': 222, 'num_tensors': 56}
2026-08-25 05:02:52,141 [INFO]     [start unswap] -> {'max_bond': 128, 'max_links': 4, 'total_elems': 230320, 'total_shapes': 2992, 'total_links': 222, 'num_tensors': 56}
2026-08-25 05:02:54,647 [INFO]     [0 | both | 0](candidate_pairs: 28/28 | new_swaps: 3 | total: 3) -> {'max_bond': 256, 'max_links': 4, 'total_elems': 360032, 'total_shapes': 3340, 'total_links': 222, 'num_tensors': 56}
2026-08-25 05:02:55,583 [INFO]     [0 | both | 1](candidate_pairs: 27/27 | new_swaps: 11 | total: 14) -> {'max_bond': 64, 'max_links': 4, 'total_elems': 192960, 'total_shapes': 2464, 'total_links': 222, 'num_tensors': 56}
2026-08-25 05:02:55,866 [INFO]     [0 | left | 0](candidate_pairs: 28/28 | new_swaps: 8 | total: 22) -> {'max_bond': 64, 'max_links': 4, 'total_elems': 189156, 'total_shapes': 2364, 'total_links': 222, 'num_tensors': 56}
2026-08-25 05:02:56,251 [INFO]     [0 | left | 1](candidate_pairs: 27/27 | new_swaps: 10 | total: 32) -> {'max_bond': 64, 'max_links': 4, 'total_elems': 129196, 'total_shapes': 2044, 'total_links': 222, 'num_tensors': 56}
2026-08-25 05:02:56,455 [INFO]     [0 | right | 0](candidate_pairs: 28/28 | new_swaps: 10 | total: 42) -> {'max_bond': 64, 'max_links': 4, 'total_elems': 59812, 'total_shapes': 1390, 'total_links': 222, 'num_tensors': 56}
2026-08-25 05:02:56,561 [INFO]     [0 | right | 1](candidate_pairs: 27/27 | new_swaps: 6 | total: 48) -> {'max_bond': 64, 'max_links': 4, 'total_elems': 40364, 'total_shapes': 1202, 'total_links': 222, 'num_tensors': 56}
2026-08-25 05:02:56,742 [INFO]     [1 | both | 0](candidate_pairs: 28/28 | new_swaps: 7 | total: 7) -> {'max_bond': 64, 'max_links': 4, 'total_elems': 22856, 'total_shapes': 1036, 'total_links': 222, 'num_tensors': 56}
2026-08-25 05:02:56,873 [INFO]     [1 | both | 1](candidate_pairs: 27/27 | new_swaps: 10 | total: 17) -> {'max_bond': 32, 'max_links': 4, 'total_elems': 11060, 'total_shapes': 794, 'total_links': 222, 'num_tensors': 56}
2026-08-25 05:02:56,931 [INFO]     [1 | left | 0](candidate_pairs: 28/28 | new_swaps: 5 | total: 22) -> {'max_bond': 32, 'max_links': 4, 'total_elems': 9908, 'total_shapes': 748, 'total_links': 222, 'num_tensors': 56}
2026-08-25 05:02:56,989 [INFO]     [1 | left | 1](candidate_pairs: 27/27 | new_swaps: 2 | total: 24) -> {'max_bond': 32, 'max_links': 4, 'total_elems': 9824, 'total_shapes': 738, 'total_links': 222, 'num_tensors': 56}
2026-08-25 05:02:57,046 [INFO]     [1 | right | 0](candidate_pairs: 28/28 | new_swaps: 3 | total: 27) -> {'max_bond': 32, 'max_links': 4, 'total_elems': 9668, 'total_shapes': 720, 'total_links': 222, 'num_tensors': 56}
2026-08-25 05:02:57,102 [INFO]     [1 | right | 1](candidate_pairs: 27/27 | new_swaps: 1 | total: 28) -> {'max_bond': 32, 'max_links': 4, 'total_elems': 9608, 'total_shapes': 714, 'total_links': 222, 'num_tensors': 56}
2026-08-25 05:02:57,211 [INFO]     [2 | both | 0](candidate_pairs: 28/28 | new_swaps: 9 | total: 9) -> {'max_bond': 32, 'max_links': 4, 'total_elems': 4184, 'total_shapes': 586, 'total_links': 222, 'num_tensors': 56}
2026-08-25 05:02:57,306 [INFO]     [2 | both | 1](candidate_pairs: 27/27 | new_swaps: 8 | total: 17) -> {'max_bond': 8, 'max_links': 4, 'total_elems': 1520, 'total_shapes': 464, 'total_links': 222, 'num_tensors': 56}
2026-08-25 05:02:57,356 [INFO]     [2 | left | 0](candidate_pairs: 28/28 | new_swaps: 2 | total: 19) -> {'max_bond': 8, 'max_links': 4, 'total_elems': 1256, 'total_shapes': 446, 'total_links': 222, 'num_tensors': 56}
2026-08-25 05:02:57,406 [INFO]     [2 | left | 1](candidate_pairs: 27/27 | new_swaps: 2 | total: 21) -> {'max_bond': 8, 'max_links': 4, 'total_elems': 1072, 'total_shapes': 432, 'total_links': 222, 'num_tensors': 56}
2026-08-25 05:02:57,456 [INFO]     [2 | right | 0](candidate_pairs: 28/28 | new_swaps: 3 | total: 24) -> {'max_bond': 4, 'max_links': 4, 'total_elems': 760, 'total_shapes': 408, 'total_links': 222, 'num_tensors': 56}
2026-08-25 05:02:57,505 [INFO]     [2 | right | 1](candidate_pairs: 27/27 | new_swaps: 2 | total: 26) -> {'max_bond': 4, 'max_links': 4, 'total_elems': 640, 'total_shapes': 396, 'total_links': 222, 'num_tensors': 56}
2026-08-25 05:02:57,590 [INFO]     [3 | both | 0](candidate_pairs: 28/28 | new_swaps: 3 | total: 3) -> {'max_bond': 4, 'max_links': 4, 'total_elems': 508, 'total_shapes': 382, 'total_links': 222, 'num_tensors': 56}
2026-08-25 05:02:57,676 [INFO]     [3 | both | 1](candidate_pairs: 27/27 | new_swaps: 4 | total: 7) -> {'max_bond': 4, 'max_links': 4, 'total_elems': 460, 'total_shapes': 374, 'total_links': 222, 'num_tensors': 56}
2026-08-25 05:02:57,696 [INFO]     [3 | left | 0](candidate_pairs: 28/28 | new_swaps: 0 | total: 7) -> {'max_bond': 4, 'max_links': 4, 'total_elems': 460, 'total_shapes': 374, 'total_links': 222, 'num_tensors': 56}
2026-08-25 05:02:57,745 [INFO]     [3 | left | 1](candidate_pairs: 27/27 | new_swaps: 2 | total: 9) -> {'max_bond': 4, 'max_links': 4, 'total_elems': 396, 'total_shapes': 364, 'total_links': 222, 'num_tensors': 56}
2026-08-25 05:02:57,792 [INFO]     [3 | right | 0](candidate_pairs: 28/28 | new_swaps: 1 | total: 10) -> {'max_bond': 4, 'max_links': 4, 'total_elems': 372, 'total_shapes': 360, 'total_links': 222, 'num_tensors': 56}
2026-08-25 05:02:57,812 [INFO]     [3 | right | 1](candidate_pairs: 27/27 | new_swaps: 0 | total: 10) -> {'max_bond': 4, 'max_links': 4, 'total_elems': 372, 'total_shapes': 360, 'total_links': 222, 'num_tensors': 56}
2026-08-25 05:02:57,898 [INFO]     [4 | both | 0](candidate_pairs: 28/28 | new_swaps: 3 | total: 3) -> {'max_bond': 4, 'max_links': 4, 'total_elems': 336, 'total_shapes': 354, 'total_links': 222, 'num_tensors': 56}
2026-08-25 05:02:57,936 [INFO]     [4 | both | 1](candidate_pairs: 27/27 | new_swaps: 0 | total: 3) -> {'max_bond': 4, 'max_links': 4, 'total_elems': 336, 'total_shapes': 354, 'total_links': 222, 'num_tensors': 56}
2026-08-25 05:02:57,956 [INFO]     [4 | left | 0](candidate_pairs: 28/28 | new_swaps: 0 | total: 3) -> {'max_bond': 4, 'max_links': 4, 'total_elems': 336, 'total_shapes': 354, 'total_links': 222, 'num_tensors': 56}
2026-08-25 05:02:57,975 [INFO]     [4 | left | 1](candidate_pairs: 27/27 | new_swaps: 0 | total: 3) -> {'max_bond': 4, 'max_links': 4, 'total_elems': 336, 'total_shapes': 354, 'total_links': 222, 'num_tensors': 56}
2026-08-25 05:02:57,996 [INFO]     [4 | right | 0](candidate_pairs: 28/28 | new_swaps: 0 | total: 3) -> {'max_bond': 4, 'max_links': 4, 'total_elems': 336, 'total_shapes': 354, 'total_links': 222, 'num_tensors': 56}
2026-08-25 05:02:58,016 [INFO]     [4 | right | 1](candidate_pairs: 27/27 | new_swaps: 0 | total: 3) -> {'max_bond': 4, 'max_links': 4, 'total_elems': 336, 'total_shapes': 354, 'total_links': 222, 'num_tensors': 56}
2026-08-25 05:02:58,054 [INFO]     [5 | both | 0](candidate_pairs: 28/28 | new_swaps: 0 | total: 0) -> {'max_bond': 4, 'max_links': 4, 'total_elems': 336, 'total_shapes': 354, 'total_links': 222, 'num_tensors': 56}
2026-08-25 05:02:58,092 [INFO]     [5 | both | 1](candidate_pairs: 27/27 | new_swaps: 0 | total: 0) -> {'max_bond': 4, 'max_links': 4, 'total_elems': 336, 'total_shapes': 354, 'total_links': 222, 'num_tensors': 56}
2026-08-25 05:02:58,111 [INFO]     [5 | left | 0](candidate_pairs: 28/28 | new_swaps: 0 | total: 0) -> {'max_bond': 4, 'max_links': 4, 'total_elems': 336, 'total_shapes': 354, 'total_links': 222, 'num_tensors': 56}
2026-08-25 05:02:58,131 [INFO]     [5 | left | 1](candidate_pairs: 27/27 | new_swaps: 0 | total: 0) -> {'max_bond': 4, 'max_links': 4, 'total_elems': 336, 'total_shapes': 354, 'total_links': 222, 'num_tensors': 56}
2026-08-25 05:02:58,151 [INFO]     [5 | right | 0](candidate_pairs: 28/28 | new_swaps: 0 | total: 0) -> {'max_bond': 4, 'max_links': 4, 'total_elems': 336, 'total_shapes': 354, 'total_links': 222, 'num_tensors': 56}
2026-08-25 05:02:58,171 [INFO]     [5 | right | 1](candidate_pairs: 27/27 | new_swaps: 0 | total: 0) -> {'max_bond': 4, 'max_links': 4, 'total_elems': 336, 'total_shapes': 354, 'total_links': 222, 'num_tensors': 56}
2026-08-25 05:02:58,172 [INFO]     [end unswap] -> {'max_bond': 4, 'max_links': 4, 'total_elems': 336, 'total_shapes': 354, 'total_links': 222, 'num_tensors': 56}
2026-08-25 05:02:58,257 [INFO] [start rewire](phase=post_unswap, cycle=1, side=left, layers=1349, trials=20, seed=123, parallel=False, route_candidates=1, route_score=none)
2026-08-25 05:02:59,556 [INFO] [end rewire](phase=post_unswap, cycle=1, side=left, routed_layers=1579, elapsed_s=1.30)
2026-08-25 05:02:59,556 [INFO] [start rewire](phase=post_unswap, cycle=1, side=right, layers=1552, trials=20, seed=123, parallel=False, route_candidates=1, route_score=none)
2026-08-25 05:03:01,000 [INFO] [end rewire](phase=post_unswap, cycle=1, side=right, routed_layers=1550, elapsed_s=1.44)
2026-08-25 05:03:01,069 [INFO] [1L/1577](swap: 12, u: 0 | c_u: 0 | t_u_l: 4/942 | t_u_r: 3/943 | t_u: 7/1885) -> {'max_bond': 4, 'max_links': 4, 'total_elems': 336, 'total_shapes': 354, 'total_links': 222, 'num_tensors': 56}
2026-08-25 05:03:01,129 [INFO] [2L/1577](swap: 12, u: 0 | c_u: 0 | t_u_l: 4/942 | t_u_r: 3/943 | t_u: 7/1885) -> {'max_bond': 4, 'max_links': 4, 'total_elems': 628, 'total_shapes': 422, 'total_links': 222, 'num_tensors': 56}
2026-08-25 05:03:01,191 [INFO] [1R/1548](swap: 12, u: 0 | c_u: 0 | t_u_l: 4/942 | t_u_r: 3/943 | t_u: 7/1885) -> {'max_bond': 4, 'max_links': 4, 'total_elems': 1028, 'total_shapes': 478, 'total_links': 222, 'num_tensors': 56}
2026-08-25 05:03:01,255 [INFO] [2R/1548](swap: 13, u: 0 | c_u: 0 | t_u_l: 4/942 | t_u_r: 3/943 | t_u: 7/1885) -> {'max_bond': 8, 'max_links': 4, 'total_elems': 1756, 'total_shapes': 542, 'total_links': 222, 'num_tensors': 56}
2026-08-25 05:03:01,319 [INFO] [3L/1577](swap: 12, u: 1 | c_u: 1 | t_u_l: 5/942 | t_u_r: 3/943 | t_u: 8/1885) -> {'max_bond': 8, 'max_links': 4, 'total_elems': 2640, 'total_shapes': 598, 'total_links': 222, 'num_tensors': 56}
2026-08-25 05:03:01,383 [INFO] [4L/1577](swap: 12, u: 0 | c_u: 1 | t_u_l: 5/942 | t_u_r: 3/943 | t_u: 8/1885) -> {'max_bond': 16, 'max_links': 4, 'total_elems': 4644, 'total_shapes': 714, 'total_links': 222, 'num_tensors': 56}
2026-08-25 05:03:01,449 [INFO] [3R/1548](swap: 12, u: 0 | c_u: 1 | t_u_l: 5/942 | t_u_r: 3/943 | t_u: 8/1885) -> {'max_bond': 16, 'max_links': 4, 'total_elems': 8772, 'total_shapes': 832, 'total_links': 222, 'num_tensors': 56}
2026-08-25 05:03:01,520 [INFO] [5L/1577](swap: 11, u: 0 | c_u: 1 | t_u_l: 5/942 | t_u_r: 3/943 | t_u: 8/1885) -> {'max_bond': 64, 'max_links': 4, 'total_elems': 19236, 'total_shapes': 1054, 'total_links': 222, 'num_tensors': 56}
2026-08-25 05:03:01,611 [INFO] [4R/1548](swap: 12, u: 0 | c_u: 1 | t_u_l: 5/942 | t_u_r: 3/943 | t_u: 8/1885) -> {'max_bond': 64, 'max_links': 4, 'total_elems': 29860, 'total_shapes': 1294, 'total_links': 222, 'num_tensors': 56}
2026-08-25 05:03:01,708 [INFO] [5R/1548](swap: 12, u: 1 | c_u: 2 | t_u_l: 5/942 | t_u_r: 4/943 | t_u: 9/1885) -> {'max_bond': 64, 'max_links': 4, 'total_elems': 52896, 'total_shapes': 1476, 'total_links': 222, 'num_tensors': 56}
2026-08-25 05:03:01,821 [INFO] [6L/1577](swap: 11, u: 0 | c_u: 2 | t_u_l: 5/942 | t_u_r: 4/943 | t_u: 9/1885) -> {'max_bond': 64, 'max_links': 4, 'total_elems': 45024, 'total_shapes': 1572, 'total_links': 222, 'num_tensors': 56}
2026-08-25 05:03:01,936 [INFO] [6R/1548](swap: 12, u: 2 | c_u: 4 | t_u_l: 5/942 | t_u_r: 6/943 | t_u: 11/1885) -> {'max_bond': 64, 'max_links': 4, 'total_elems': 42980, 'total_shapes': 1542, 'total_links': 222, 'num_tensors': 56}
2026-08-25 05:03:02,045 [INFO] [7R/1548](swap: 13, u: 1 | c_u: 5 | t_u_l: 5/942 | t_u_r: 7/943 | t_u: 12/1885) -> {'max_bond': 64, 'max_links': 4, 'total_elems': 75200, 'total_shapes': 1906, 'total_links': 222, 'num_tensors': 56}
2026-08-25 05:03:02,177 [INFO] [7L/1577](swap: 12, u: 0 | c_u: 5 | t_u_l: 5/942 | t_u_r: 7/943 | t_u: 12/1885) -> {'max_bond': 64, 'max_links': 4, 'total_elems': 102880, 'total_shapes': 2160, 'total_links': 222, 'num_tensors': 56}
2026-08-25 05:03:02,346 [INFO] [8R/1548](swap: 12, u: 0 | c_u: 5 | t_u_l: 5/942 | t_u_r: 7/943 | t_u: 12/1885) -> {'max_bond': 64, 'max_links': 4, 'total_elems': 154720, 'total_shapes': 2608, 'total_links': 222, 'num_tensors': 56}
2026-08-25 05:03:02,571 [INFO] [9R/1548](swap: 9, u: 1 | c_u: 6 | t_u_l: 5/942 | t_u_r: 8/943 | t_u: 13/1885) -> {'max_bond': 64, 'max_links': 4, 'total_elems': 189408, 'total_shapes': 2896, 'total_links': 222, 'num_tensors': 56}
2026-08-25 05:03:02,846 [INFO]     [start unswap] -> {'max_bond': 64, 'max_links': 4, 'total_elems': 189408, 'total_shapes': 2896, 'total_links': 222, 'num_tensors': 56}
2026-08-25 05:03:04,832 [INFO]     [0 | both | 0](candidate_pairs: 28/28 | new_swaps: 7 | total: 7) -> {'max_bond': 256, 'max_links': 4, 'total_elems': 306432, 'total_shapes': 3314, 'total_links': 222, 'num_tensors': 56}
2026-08-25 05:03:05,542 [INFO]     [0 | both | 1](candidate_pairs: 27/27 | new_swaps: 10 | total: 17) -> {'max_bond': 64, 'max_links': 4, 'total_elems': 140772, 'total_shapes': 2408, 'total_links': 222, 'num_tensors': 56}
2026-08-25 05:03:05,738 [INFO]     [0 | left | 0](candidate_pairs: 28/28 | new_swaps: 6 | total: 23) -> {'max_bond': 64, 'max_links': 4, 'total_elems': 122340, 'total_shapes': 2120, 'total_links': 222, 'num_tensors': 56}
2026-08-25 05:03:05,966 [INFO]     [0 | left | 1](candidate_pairs: 27/27 | new_swaps: 8 | total: 31) -> {'max_bond': 64, 'max_links': 4, 'total_elems': 77832, 'total_shapes': 1804, 'total_links': 222, 'num_tensors': 56}
2026-08-25 05:03:06,092 [INFO]     [0 | right | 0](candidate_pairs: 28/28 | new_swaps: 9 | total: 40) -> {'max_bond': 64, 'max_links': 4, 'total_elems': 46908, 'total_shapes': 1434, 'total_links': 222, 'num_tensors': 56}
2026-08-25 05:03:06,188 [INFO]     [0 | right | 1](candidate_pairs: 27/27 | new_swaps: 5 | total: 45) -> {'max_bond': 64, 'max_links': 4, 'total_elems': 32252, 'total_shapes': 1274, 'total_links': 222, 'num_tensors': 56}
2026-08-25 05:03:06,350 [INFO]     [1 | both | 0](candidate_pairs: 28/28 | new_swaps: 14 | total: 14) -> {'max_bond': 32, 'max_links': 4, 'total_elems': 16084, 'total_shapes': 1010, 'total_links': 222, 'num_tensors': 56}
2026-08-25 05:03:06,470 [INFO]     [1 | both | 1](candidate_pairs: 27/27 | new_swaps: 9 | total: 23) -> {'max_bond': 32, 'max_links': 4, 'total_elems': 12656, 'total_shapes': 886, 'total_links': 222, 'num_tensors': 56}
2026-08-25 05:03:06,533 [INFO]     [1 | left | 0](candidate_pairs: 28/28 | new_swaps: 4 | total: 27) -> {'max_bond': 32, 'max_links': 4, 'total_elems': 11504, 'total_shapes': 838, 'total_links': 222, 'num_tensors': 56}
2026-08-25 05:03:06,597 [INFO]     [1 | left | 1](candidate_pairs: 27/27 | new_swaps: 6 | total: 33) -> {'max_bond': 32, 'max_links': 4, 'total_elems': 9436, 'total_shapes': 754, 'total_links': 222, 'num_tensors': 56}
2026-08-25 05:03:06,657 [INFO]     [1 | right | 0](candidate_pairs: 28/28 | new_swaps: 4 | total: 37) -> {'max_bond': 32, 'max_links': 4, 'total_elems': 8248, 'total_shapes': 712, 'total_links': 222, 'num_tensors': 56}
2026-08-25 05:03:06,712 [INFO]     [1 | right | 1](candidate_pairs: 27/27 | new_swaps: 1 | total: 38) -> {'max_bond': 32, 'max_links': 4, 'total_elems': 8188, 'total_shapes': 706, 'total_links': 222, 'num_tensors': 56}
2026-08-25 05:03:06,821 [INFO]     [2 | both | 0](candidate_pairs: 28/28 | new_swaps: 6 | total: 6) -> {'max_bond': 32, 'max_links': 4, 'total_elems': 7576, 'total_shapes': 664, 'total_links': 222, 'num_tensors': 56}
2026-08-25 05:03:06,928 [INFO]     [2 | both | 1](candidate_pairs: 27/27 | new_swaps: 11 | total: 17) -> {'max_bond': 32, 'max_links': 4, 'total_elems': 5832, 'total_shapes': 588, 'total_links': 222, 'num_tensors': 56}
2026-08-25 05:03:06,983 [INFO]     [2 | left | 0](candidate_pairs: 28/28 | new_swaps: 4 | total: 21) -> {'max_bond': 32, 'max_links': 4, 'total_elems': 5604, 'total_shapes': 564, 'total_links': 222, 'num_tensors': 56}
2026-08-25 05:03:07,007 [INFO]     [2 | left | 1](candidate_pairs: 27/27 | new_swaps: 0 | total: 21) -> {'max_bond': 32, 'max_links': 4, 'total_elems': 5604, 'total_shapes': 564, 'total_links': 222, 'num_tensors': 56}
2026-08-25 05:03:07,061 [INFO]     [2 | right | 0](candidate_pairs: 28/28 | new_swaps: 2 | total: 23) -> {'max_bond': 32, 'max_links': 4, 'total_elems': 5460, 'total_shapes': 552, 'total_links': 222, 'num_tensors': 56}
2026-08-25 05:03:07,084 [INFO]     [2 | right | 1](candidate_pairs: 27/27 | new_swaps: 0 | total: 23) -> {'max_bond': 32, 'max_links': 4, 'total_elems': 5460, 'total_shapes': 552, 'total_links': 222, 'num_tensors': 56}
2026-08-25 05:03:07,181 [INFO]     [3 | both | 0](candidate_pairs: 28/28 | new_swaps: 3 | total: 3) -> {'max_bond': 32, 'max_links': 4, 'total_elems': 4248, 'total_shapes': 530, 'total_links': 222, 'num_tensors': 56}
2026-08-25 05:03:07,276 [INFO]     [3 | both | 1](candidate_pairs: 27/27 | new_swaps: 8 | total: 11) -> {'max_bond': 16, 'max_links': 4, 'total_elems': 1344, 'total_shapes': 450, 'total_links': 222, 'num_tensors': 56}
2026-08-25 05:03:07,326 [INFO]     [3 | left | 0](candidate_pairs: 28/28 | new_swaps: 2 | total: 13) -> {'max_bond': 8, 'max_links': 4, 'total_elems': 936, 'total_shapes': 420, 'total_links': 222, 'num_tensors': 56}
2026-08-25 05:03:07,374 [INFO]     [3 | left | 1](candidate_pairs: 27/27 | new_swaps: 1 | total: 14) -> {'max_bond': 8, 'max_links': 4, 'total_elems': 876, 'total_shapes': 414, 'total_links': 222, 'num_tensors': 56}
2026-08-25 05:03:07,395 [INFO]     [3 | right | 0](candidate_pairs: 28/28 | new_swaps: 0 | total: 14) -> {'max_bond': 8, 'max_links': 4, 'total_elems': 876, 'total_shapes': 414, 'total_links': 222, 'num_tensors': 56}
2026-08-25 05:03:07,417 [INFO]     [3 | right | 1](candidate_pairs: 27/27 | new_swaps: 0 | total: 14) -> {'max_bond': 8, 'max_links': 4, 'total_elems': 876, 'total_shapes': 414, 'total_links': 222, 'num_tensors': 56}
2026-08-25 05:03:07,505 [INFO]     [4 | both | 0](candidate_pairs: 28/28 | new_swaps: 3 | total: 3) -> {'max_bond': 8, 'max_links': 4, 'total_elems': 776, 'total_shapes': 404, 'total_links': 222, 'num_tensors': 56}
2026-08-25 05:03:07,591 [INFO]     [4 | both | 1](candidate_pairs: 27/27 | new_swaps: 1 | total: 4) -> {'max_bond': 8, 'max_links': 4, 'total_elems': 764, 'total_shapes': 402, 'total_links': 222, 'num_tensors': 56}
2026-08-25 05:03:07,612 [INFO]     [4 | left | 0](candidate_pairs: 28/28 | new_swaps: 0 | total: 4) -> {'max_bond': 8, 'max_links': 4, 'total_elems': 764, 'total_shapes': 402, 'total_links': 222, 'num_tensors': 56}
2026-08-25 05:03:07,661 [INFO]     [4 | left | 1](candidate_pairs: 27/27 | new_swaps: 1 | total: 5) -> {'max_bond': 8, 'max_links': 4, 'total_elems': 716, 'total_shapes': 396, 'total_links': 222, 'num_tensors': 56}
2026-08-25 05:03:07,682 [INFO]     [4 | right | 0](candidate_pairs: 28/28 | new_swaps: 0 | total: 5) -> {'max_bond': 8, 'max_links': 4, 'total_elems': 716, 'total_shapes': 396, 'total_links': 222, 'num_tensors': 56}
2026-08-25 05:03:07,702 [INFO]     [4 | right | 1](candidate_pairs: 27/27 | new_swaps: 0 | total: 5) -> {'max_bond': 8, 'max_links': 4, 'total_elems': 716, 'total_shapes': 396, 'total_links': 222, 'num_tensors': 56}
2026-08-25 05:03:07,788 [INFO]     [5 | both | 0](candidate_pairs: 28/28 | new_swaps: 1 | total: 1) -> {'max_bond': 8, 'max_links': 4, 'total_elems': 704, 'total_shapes': 394, 'total_links': 222, 'num_tensors': 56}
2026-08-25 05:03:07,873 [INFO]     [5 | both | 1](candidate_pairs: 27/27 | new_swaps: 1 | total: 2) -> {'max_bond': 8, 'max_links': 4, 'total_elems': 692, 'total_shapes': 392, 'total_links': 222, 'num_tensors': 56}
2026-08-25 05:03:07,894 [INFO]     [5 | left | 0](candidate_pairs: 28/28 | new_swaps: 0 | total: 2) -> {'max_bond': 8, 'max_links': 4, 'total_elems': 692, 'total_shapes': 392, 'total_links': 222, 'num_tensors': 56}
2026-08-25 05:03:07,915 [INFO]     [5 | left | 1](candidate_pairs: 27/27 | new_swaps: 0 | total: 2) -> {'max_bond': 8, 'max_links': 4, 'total_elems': 692, 'total_shapes': 392, 'total_links': 222, 'num_tensors': 56}
2026-08-25 05:03:07,936 [INFO]     [5 | right | 0](candidate_pairs: 28/28 | new_swaps: 0 | total: 2) -> {'max_bond': 8, 'max_links': 4, 'total_elems': 692, 'total_shapes': 392, 'total_links': 222, 'num_tensors': 56}
2026-08-25 05:03:07,956 [INFO]     [5 | right | 1](candidate_pairs: 27/27 | new_swaps: 0 | total: 2) -> {'max_bond': 8, 'max_links': 4, 'total_elems': 692, 'total_shapes': 392, 'total_links': 222, 'num_tensors': 56}
2026-08-25 05:03:08,042 [INFO]     [6 | both | 0](candidate_pairs: 28/28 | new_swaps: 1 | total: 1) -> {'max_bond': 8, 'max_links': 4, 'total_elems': 680, 'total_shapes': 390, 'total_links': 222, 'num_tensors': 56}
2026-08-25 05:03:08,128 [INFO]     [6 | both | 1](candidate_pairs: 27/27 | new_swaps: 1 | total: 2) -> {'max_bond': 8, 'max_links': 4, 'total_elems': 668, 'total_shapes': 388, 'total_links': 222, 'num_tensors': 56}
2026-08-25 05:03:08,149 [INFO]     [6 | left | 0](candidate_pairs: 28/28 | new_swaps: 0 | total: 2) -> {'max_bond': 8, 'max_links': 4, 'total_elems': 668, 'total_shapes': 388, 'total_links': 222, 'num_tensors': 56}
2026-08-25 05:03:08,170 [INFO]     [6 | left | 1](candidate_pairs: 27/27 | new_swaps: 0 | total: 2) -> {'max_bond': 8, 'max_links': 4, 'total_elems': 668, 'total_shapes': 388, 'total_links': 222, 'num_tensors': 56}
2026-08-25 05:03:08,190 [INFO]     [6 | right | 0](candidate_pairs: 28/28 | new_swaps: 0 | total: 2) -> {'max_bond': 8, 'max_links': 4, 'total_elems': 668, 'total_shapes': 388, 'total_links': 222, 'num_tensors': 56}
2026-08-25 05:03:08,211 [INFO]     [6 | right | 1](candidate_pairs: 27/27 | new_swaps: 0 | total: 2) -> {'max_bond': 8, 'max_links': 4, 'total_elems': 668, 'total_shapes': 388, 'total_links': 222, 'num_tensors': 56}
2026-08-25 05:03:08,252 [INFO]     [7 | both | 0](candidate_pairs: 28/28 | new_swaps: 0 | total: 0) -> {'max_bond': 8, 'max_links': 4, 'total_elems': 668, 'total_shapes': 388, 'total_links': 222, 'num_tensors': 56}
2026-08-25 05:03:08,292 [INFO]     [7 | both | 1](candidate_pairs: 27/27 | new_swaps: 0 | total: 0) -> {'max_bond': 8, 'max_links': 4, 'total_elems': 668, 'total_shapes': 388, 'total_links': 222, 'num_tensors': 56}
2026-08-25 05:03:08,312 [INFO]     [7 | left | 0](candidate_pairs: 28/28 | new_swaps: 0 | total: 0) -> {'max_bond': 8, 'max_links': 4, 'total_elems': 668, 'total_shapes': 388, 'total_links': 222, 'num_tensors': 56}
2026-08-25 05:03:08,333 [INFO]     [7 | left | 1](candidate_pairs: 27/27 | new_swaps: 0 | total: 0) -> {'max_bond': 8, 'max_links': 4, 'total_elems': 668, 'total_shapes': 388, 'total_links': 222, 'num_tensors': 56}
2026-08-25 05:03:08,354 [INFO]     [7 | right | 0](candidate_pairs: 28/28 | new_swaps: 0 | total: 0) -> {'max_bond': 8, 'max_links': 4, 'total_elems': 668, 'total_shapes': 388, 'total_links': 222, 'num_tensors': 56}
2026-08-25 05:03:08,374 [INFO]     [7 | right | 1](candidate_pairs: 27/27 | new_swaps: 0 | total: 0) -> {'max_bond': 8, 'max_links': 4, 'total_elems': 668, 'total_shapes': 388, 'total_links': 222, 'num_tensors': 56}
2026-08-25 05:03:08,375 [INFO]     [end unswap] -> {'max_bond': 8, 'max_links': 4, 'total_elems': 668, 'total_shapes': 388, 'total_links': 222, 'num_tensors': 56}
2026-08-25 05:03:08,612 [INFO] [start rewire](phase=post_unswap, cycle=2, side=left, layers=1572, trials=20, seed=123, parallel=False, route_candidates=1, route_score=none)
2026-08-25 05:03:10,277 [INFO] [end rewire](phase=post_unswap, cycle=2, side=left, routed_layers=1285, elapsed_s=1.67)
2026-08-25 05:03:10,278 [INFO] [start rewire](phase=post_unswap, cycle=2, side=right, layers=1541, trials=20, seed=123, parallel=False, route_candidates=1, route_score=none)
2026-08-25 05:03:11,808 [INFO] [end rewire](phase=post_unswap, cycle=2, side=right, routed_layers=1695, elapsed_s=1.53)
2026-08-25 05:03:11,886 [INFO] [1L/1283](swap: 11, u: 0 | c_u: 0 | t_u_l: 5/942 | t_u_r: 8/943 | t_u: 13/1885) -> {'max_bond': 8, 'max_links': 4, 'total_elems': 668, 'total_shapes': 388, 'total_links': 222, 'num_tensors': 56}
2026-08-25 05:03:11,951 [INFO] [2L/1283](swap: 12, u: 0 | c_u: 0 | t_u_l: 5/942 | t_u_r: 8/943 | t_u: 13/1885) -> {'max_bond': 8, 'max_links': 4, 'total_elems': 996, 'total_shapes': 452, 'total_links': 222, 'num_tensors': 56}
2026-08-25 05:03:12,016 [INFO] [1R/1693](swap: 12, u: 0 | c_u: 0 | t_u_l: 5/942 | t_u_r: 8/943 | t_u: 13/1885) -> {'max_bond': 8, 'max_links': 4, 'total_elems': 1416, 'total_shapes': 496, 'total_links': 222, 'num_tensors': 56}
2026-08-25 05:03:12,082 [INFO] [3L/1283](swap: 14, u: 0 | c_u: 0 | t_u_l: 5/942 | t_u_r: 8/943 | t_u: 13/1885) -> {'max_bond': 8, 'max_links': 4, 'total_elems': 2044, 'total_shapes': 546, 'total_links': 222, 'num_tensors': 56}
2026-08-25 05:03:12,149 [INFO] [2R/1693](swap: 12, u: 0 | c_u: 0 | t_u_l: 5/942 | t_u_r: 8/943 | t_u: 13/1885) -> {'max_bond': 16, 'max_links': 4, 'total_elems': 3208, 'total_shapes': 632, 'total_links': 222, 'num_tensors': 56}
2026-08-25 05:03:12,217 [INFO] [3R/1693](swap: 11, u: 0 | c_u: 0 | t_u_l: 5/942 | t_u_r: 8/943 | t_u: 13/1885) -> {'max_bond': 16, 'max_links': 4, 'total_elems': 5824, 'total_shapes': 722, 'total_links': 222, 'num_tensors': 56}
2026-08-25 05:03:12,288 [INFO] [4L/1283](swap: 16, u: 0 | c_u: 0 | t_u_l: 5/942 | t_u_r: 8/943 | t_u: 13/1885) -> {'max_bond': 16, 'max_links': 4, 'total_elems': 9372, 'total_shapes': 874, 'total_links': 222, 'num_tensors': 56}
2026-08-25 05:03:12,361 [INFO] [4R/1693](swap: 10, u: 0 | c_u: 0 | t_u_l: 5/942 | t_u_r: 8/943 | t_u: 13/1885) -> {'max_bond': 64, 'max_links': 4, 'total_elems': 16576, 'total_shapes': 1038, 'total_links': 222, 'num_tensors': 56}
2026-08-25 05:03:12,437 [INFO] [5R/1693](swap: 9, u: 0 | c_u: 0 | t_u_l: 5/942 | t_u_r: 8/943 | t_u: 13/1885) -> {'max_bond': 64, 'max_links': 4, 'total_elems': 21088, 'total_shapes': 1176, 'total_links': 222, 'num_tensors': 56}
2026-08-25 05:03:12,519 [INFO] [5L/1283](swap: 14, u: 0 | c_u: 0 | t_u_l: 5/942 | t_u_r: 8/943 | t_u: 13/1885) -> {'max_bond': 64, 'max_links': 4, 'total_elems': 30784, 'total_shapes': 1432, 'total_links': 222, 'num_tensors': 56}
2026-08-25 05:03:12,614 [INFO] [6R/1693](swap: 7, u: 1 | c_u: 1 | t_u_l: 5/942 | t_u_r: 9/943 | t_u: 14/1885) -> {'max_bond': 64, 'max_links': 4, 'total_elems': 46848, 'total_shapes': 1728, 'total_links': 222, 'num_tensors': 56}
2026-08-25 05:03:12,720 [INFO] [6L/1283](swap: 14, u: 1 | c_u: 2 | t_u_l: 6/942 | t_u_r: 9/943 | t_u: 15/1885) -> {'max_bond': 64, 'max_links': 4, 'total_elems': 75200, 'total_shapes': 2044, 'total_links': 222, 'num_tensors': 56}
2026-08-25 05:03:12,853 [INFO] [7R/1693](swap: 5, u: 0 | c_u: 2 | t_u_l: 6/942 | t_u_r: 9/943 | t_u: 15/1885) -> {'max_bond': 64, 'max_links': 4, 'total_elems': 94976, 'total_shapes': 2220, 'total_links': 222, 'num_tensors': 56}
2026-08-25 05:03:12,991 [INFO] [8R/1693](swap: 5, u: 0 | c_u: 2 | t_u_l: 6/942 | t_u_r: 9/943 | t_u: 15/1885) -> {'max_bond': 64, 'max_links': 4, 'total_elems': 95936, 'total_shapes': 2260, 'total_links': 222, 'num_tensors': 56}
2026-08-25 05:03:13,129 [INFO] [9R/1693](swap: 6, u: 0 | c_u: 2 | t_u_l: 6/942 | t_u_r: 9/943 | t_u: 15/1885) -> {'max_bond': 64, 'max_links': 4, 'total_elems': 96448, 'total_shapes': 2276, 'total_links': 222, 'num_tensors': 56}
2026-08-25 05:03:13,271 [INFO] [10R/1693](swap: 7, u: 0 | c_u: 2 | t_u_l: 6/942 | t_u_r: 9/943 | t_u: 15/1885) -> {'max_bond': 64, 'max_links': 4, 'total_elems': 103520, 'total_shapes': 2400, 'total_links': 222, 'num_tensors': 56}
2026-08-25 05:03:13,425 [INFO] [11R/1693](swap: 7, u: 1 | c_u: 3 | t_u_l: 6/942 | t_u_r: 10/943 | t_u: 16/1885) -> {'max_bond': 64, 'max_links': 4, 'total_elems': 131296, 'total_shapes': 2648, 'total_links': 222, 'num_tensors': 56}
2026-08-25 05:03:13,623 [INFO] [7L/1283](swap: 12, u: 0 | c_u: 3 | t_u_l: 6/942 | t_u_r: 10/943 | t_u: 16/1885) -> {'max_bond': 64, 'max_links': 4, 'total_elems': 196128, 'total_shapes': 3160, 'total_links': 222, 'num_tensors': 56}
2026-08-25 05:03:13,912 [INFO]     [start unswap] -> {'max_bond': 64, 'max_links': 4, 'total_elems': 196128, 'total_shapes': 3160, 'total_links': 222, 'num_tensors': 56}
2026-08-25 05:03:14,895 [INFO]     [0 | both | 0](candidate_pairs: 28/28 | new_swaps: 5 | total: 5) -> {'max_bond': 64, 'max_links': 4, 'total_elems': 217632, 'total_shapes': 3208, 'total_links': 222, 'num_tensors': 56}
2026-08-25 05:03:15,501 [INFO]     [0 | both | 1](candidate_pairs: 27/27 | new_swaps: 13 | total: 18) -> {'max_bond': 64, 'max_links': 4, 'total_elems': 118496, 'total_shapes': 2408, 'total_links': 222, 'num_tensors': 56}
2026-08-25 05:03:15,676 [INFO]     [0 | left | 0](candidate_pairs: 28/28 | new_swaps: 9 | total: 27) -> {'max_bond': 64, 'max_links': 4, 'total_elems': 66720, 'total_shapes': 1864, 'total_links': 222, 'num_tensors': 56}
2026-08-25 05:03:15,825 [INFO]     [0 | left | 1](candidate_pairs: 27/27 | new_swaps: 12 | total: 39) -> {'max_bond': 64, 'max_links': 4, 'total_elems': 36576, 'total_shapes': 1472, 'total_links': 222, 'num_tensors': 56}
2026-08-25 05:03:15,910 [INFO]     [0 | right | 0](candidate_pairs: 28/28 | new_swaps: 7 | total: 46) -> {'max_bond': 32, 'max_links': 4, 'total_elems': 25152, 'total_shapes': 1244, 'total_links': 222, 'num_tensors': 56}
2026-08-25 05:03:15,986 [INFO]     [0 | right | 1](candidate_pairs: 27/27 | new_swaps: 5 | total: 51) -> {'max_bond': 32, 'max_links': 4, 'total_elems': 21792, 'total_shapes': 1174, 'total_links': 222, 'num_tensors': 56}
2026-08-25 05:03:16,136 [INFO]     [1 | both | 0](candidate_pairs: 28/28 | new_swaps: 9 | total: 9) -> {'max_bond': 32, 'max_links': 4, 'total_elems': 15484, 'total_shapes': 1014, 'total_links': 222, 'num_tensors': 56}
2026-08-25 05:03:16,262 [INFO]     [1 | both | 1](candidate_pairs: 27/27 | new_swaps: 10 | total: 19) -> {'max_bond': 32, 'max_links': 4, 'total_elems': 11576, 'total_shapes': 890, 'total_links': 222, 'num_tensors': 56}
2026-08-25 05:03:16,325 [INFO]     [1 | left | 0](candidate_pairs: 28/28 | new_swaps: 5 | total: 24) -> {'max_bond': 32, 'max_links': 4, 'total_elems': 10156, 'total_shapes': 832, 'total_links': 222, 'num_tensors': 56}
2026-08-25 05:03:16,388 [INFO]     [1 | left | 1](candidate_pairs: 27/27 | new_swaps: 6 | total: 30) -> {'max_bond': 32, 'max_links': 4, 'total_elems': 8676, 'total_shapes': 772, 'total_links': 222, 'num_tensors': 56}
2026-08-25 05:03:16,448 [INFO]     [1 | right | 0](candidate_pairs: 28/28 | new_swaps: 5 | total: 35) -> {'max_bond': 32, 'max_links': 4, 'total_elems': 8104, 'total_shapes': 736, 'total_links': 222, 'num_tensors': 56}
2026-08-25 05:03:16,507 [INFO]     [1 | right | 1](candidate_pairs: 27/27 | new_swaps: 3 | total: 38) -> {'max_bond': 32, 'max_links': 4, 'total_elems': 7764, 'total_shapes': 714, 'total_links': 222, 'num_tensors': 56}
2026-08-25 05:03:16,614 [INFO]     [2 | both | 0](candidate_pairs: 28/28 | new_swaps: 9 | total: 9) -> {'max_bond': 32, 'max_links': 4, 'total_elems': 6900, 'total_shapes': 662, 'total_links': 222, 'num_tensors': 56}
2026-08-25 05:03:16,716 [INFO]     [2 | both | 1](candidate_pairs: 27/27 | new_swaps: 4 | total: 13) -> {'max_bond': 32, 'max_links': 4, 'total_elems': 6576, 'total_shapes': 636, 'total_links': 222, 'num_tensors': 56}
2026-08-25 05:03:16,774 [INFO]     [2 | left | 0](candidate_pairs: 28/28 | new_swaps: 4 | total: 17) -> {'max_bond': 32, 'max_links': 4, 'total_elems': 6296, 'total_shapes': 608, 'total_links': 222, 'num_tensors': 56}
2026-08-25 05:03:16,830 [INFO]     [2 | left | 1](candidate_pairs: 27/27 | new_swaps: 3 | total: 20) -> {'max_bond': 32, 'max_links': 4, 'total_elems': 6188, 'total_shapes': 594, 'total_links': 222, 'num_tensors': 56}
2026-08-25 05:03:16,884 [INFO]     [2 | right | 0](candidate_pairs: 28/28 | new_swaps: 1 | total: 21) -> {'max_bond': 32, 'max_links': 4, 'total_elems': 6116, 'total_shapes': 588, 'total_links': 222, 'num_tensors': 56}
2026-08-25 05:03:16,928 [INFO]     [2 | right | 1](candidate_pairs: 27/27 | new_swaps: 1 | total: 22) -> {'max_bond': 32, 'max_links': 4, 'total_elems': 6076, 'total_shapes': 584, 'total_links': 222, 'num_tensors': 56}
2026-08-25 05:03:17,028 [INFO]     [3 | both | 0](candidate_pairs: 28/28 | new_swaps: 5 | total: 5) -> {'max_bond': 32, 'max_links': 4, 'total_elems': 5868, 'total_shapes': 564, 'total_links': 222, 'num_tensors': 56}
2026-08-25 05:03:17,129 [INFO]     [3 | both | 1](candidate_pairs: 27/27 | new_swaps: 6 | total: 11) -> {'max_bond': 32, 'max_links': 4, 'total_elems': 5688, 'total_shapes': 546, 'total_links': 222, 'num_tensors': 56}
2026-08-25 05:03:17,174 [INFO]     [3 | left | 0](candidate_pairs: 28/28 | new_swaps: 1 | total: 12) -> {'max_bond': 32, 'max_links': 4, 'total_elems': 5592, 'total_shapes': 538, 'total_links': 222, 'num_tensors': 56}
2026-08-25 05:03:17,228 [INFO]     [3 | left | 1](candidate_pairs: 27/27 | new_swaps: 1 | total: 13) -> {'max_bond': 32, 'max_links': 4, 'total_elems': 5520, 'total_shapes': 532, 'total_links': 222, 'num_tensors': 56}
2026-08-25 05:03:17,283 [INFO]     [3 | right | 0](candidate_pairs: 28/28 | new_swaps: 2 | total: 15) -> {'max_bond': 32, 'max_links': 4, 'total_elems': 5412, 'total_shapes': 522, 'total_links': 222, 'num_tensors': 56}
2026-08-25 05:03:17,326 [INFO]     [3 | right | 1](candidate_pairs: 27/27 | new_swaps: 1 | total: 16) -> {'max_bond': 32, 'max_links': 4, 'total_elems': 5124, 'total_shapes': 514, 'total_links': 222, 'num_tensors': 56}
2026-08-25 05:03:17,421 [INFO]     [4 | both | 0](candidate_pairs: 28/28 | new_swaps: 2 | total: 2) -> {'max_bond': 32, 'max_links': 4, 'total_elems': 3960, 'total_shapes': 496, 'total_links': 222, 'num_tensors': 56}
2026-08-25 05:03:17,512 [INFO]     [4 | both | 1](candidate_pairs: 27/27 | new_swaps: 2 | total: 4) -> {'max_bond': 16, 'max_links': 4, 'total_elems': 1260, 'total_shapes': 438, 'total_links': 222, 'num_tensors': 56}
2026-08-25 05:03:17,562 [INFO]     [4 | left | 0](candidate_pairs: 28/28 | new_swaps: 1 | total: 5) -> {'max_bond': 8, 'max_links': 4, 'total_elems': 876, 'total_shapes': 414, 'total_links': 222, 'num_tensors': 56}
2026-08-25 05:03:17,613 [INFO]     [4 | left | 1](candidate_pairs: 27/27 | new_swaps: 1 | total: 6) -> {'max_bond': 8, 'max_links': 4, 'total_elems': 828, 'total_shapes': 410, 'total_links': 222, 'num_tensors': 56}
2026-08-25 05:03:17,634 [INFO]     [4 | right | 0](candidate_pairs: 28/28 | new_swaps: 0 | total: 6) -> {'max_bond': 8, 'max_links': 4, 'total_elems': 828, 'total_shapes': 410, 'total_links': 222, 'num_tensors': 56}
2026-08-25 05:03:17,655 [INFO]     [4 | right | 1](candidate_pairs: 27/27 | new_swaps: 0 | total: 6) -> {'max_bond': 8, 'max_links': 4, 'total_elems': 828, 'total_shapes': 410, 'total_links': 222, 'num_tensors': 56}
2026-08-25 05:03:17,742 [INFO]     [5 | both | 0](candidate_pairs: 28/28 | new_swaps: 1 | total: 1) -> {'max_bond': 8, 'max_links': 4, 'total_elems': 816, 'total_shapes': 408, 'total_links': 222, 'num_tensors': 56}
2026-08-25 05:03:17,783 [INFO]     [5 | both | 1](candidate_pairs: 27/27 | new_swaps: 0 | total: 1) -> {'max_bond': 8, 'max_links': 4, 'total_elems': 816, 'total_shapes': 408, 'total_links': 222, 'num_tensors': 56}
2026-08-25 05:03:17,804 [INFO]     [5 | left | 0](candidate_pairs: 28/28 | new_swaps: 0 | total: 1) -> {'max_bond': 8, 'max_links': 4, 'total_elems': 816, 'total_shapes': 408, 'total_links': 222, 'num_tensors': 56}
2026-08-25 05:03:17,826 [INFO]     [5 | left | 1](candidate_pairs: 27/27 | new_swaps: 0 | total: 1) -> {'max_bond': 8, 'max_links': 4, 'total_elems': 816, 'total_shapes': 408, 'total_links': 222, 'num_tensors': 56}
2026-08-25 05:03:17,846 [INFO]     [5 | right | 0](candidate_pairs: 28/28 | new_swaps: 0 | total: 1) -> {'max_bond': 8, 'max_links': 4, 'total_elems': 816, 'total_shapes': 408, 'total_links': 222, 'num_tensors': 56}
2026-08-25 05:03:17,868 [INFO]     [5 | right | 1](candidate_pairs: 27/27 | new_swaps: 0 | total: 1) -> {'max_bond': 8, 'max_links': 4, 'total_elems': 816, 'total_shapes': 408, 'total_links': 222, 'num_tensors': 56}
2026-08-25 05:03:17,908 [INFO]     [6 | both | 0](candidate_pairs: 28/28 | new_swaps: 0 | total: 0) -> {'max_bond': 8, 'max_links': 4, 'total_elems': 816, 'total_shapes': 408, 'total_links': 222, 'num_tensors': 56}
2026-08-25 05:03:17,949 [INFO]     [6 | both | 1](candidate_pairs: 27/27 | new_swaps: 0 | total: 0) -> {'max_bond': 8, 'max_links': 4, 'total_elems': 816, 'total_shapes': 408, 'total_links': 222, 'num_tensors': 56}
2026-08-25 05:03:17,970 [INFO]     [6 | left | 0](candidate_pairs: 28/28 | new_swaps: 0 | total: 0) -> {'max_bond': 8, 'max_links': 4, 'total_elems': 816, 'total_shapes': 408, 'total_links': 222, 'num_tensors': 56}
2026-08-25 05:03:17,991 [INFO]     [6 | left | 1](candidate_pairs: 27/27 | new_swaps: 0 | total: 0) -> {'max_bond': 8, 'max_links': 4, 'total_elems': 816, 'total_shapes': 408, 'total_links': 222, 'num_tensors': 56}
2026-08-25 05:03:18,013 [INFO]     [6 | right | 0](candidate_pairs: 28/28 | new_swaps: 0 | total: 0) -> {'max_bond': 8, 'max_links': 4, 'total_elems': 816, 'total_shapes': 408, 'total_links': 222, 'num_tensors': 56}
2026-08-25 05:03:18,034 [INFO]     [6 | right | 1](candidate_pairs: 27/27 | new_swaps: 0 | total: 0) -> {'max_bond': 8, 'max_links': 4, 'total_elems': 816, 'total_shapes': 408, 'total_links': 222, 'num_tensors': 56}
2026-08-25 05:03:18,034 [INFO]     [end unswap] -> {'max_bond': 8, 'max_links': 4, 'total_elems': 816, 'total_shapes': 408, 'total_links': 222, 'num_tensors': 56}
2026-08-25 05:03:18,353 [INFO] [start rewire](phase=post_unswap, cycle=3, side=left, layers=1278, trials=20, seed=123, parallel=False, route_candidates=1, route_score=none)
2026-08-25 05:03:20,443 [INFO] [end rewire](phase=post_unswap, cycle=3, side=left, routed_layers=1561, elapsed_s=2.09)
2026-08-25 05:03:20,444 [INFO] [start rewire](phase=post_unswap, cycle=3, side=right, layers=1684, trials=20, seed=123, parallel=False, route_candidates=1, route_score=none)
2026-08-25 05:03:21,984 [INFO] [end rewire](phase=post_unswap, cycle=3, side=right, routed_layers=1478, elapsed_s=1.54)
2026-08-25 05:03:22,073 [INFO] [1L/1559](swap: 11, u: 0 | c_u: 0 | t_u_l: 6/942 | t_u_r: 10/943 | t_u: 16/1885) -> {'max_bond': 8, 'max_links': 4, 'total_elems': 816, 'total_shapes': 408, 'total_links': 222, 'num_tensors': 56}
2026-08-25 05:03:22,144 [INFO] [2L/1559](swap: 12, u: 0 | c_u: 0 | t_u_l: 6/942 | t_u_r: 10/943 | t_u: 16/1885) -> {'max_bond': 8, 'max_links': 4, 'total_elems': 1288, 'total_shapes': 484, 'total_links': 222, 'num_tensors': 56}
2026-08-25 05:03:22,215 [INFO] [1R/1476](swap: 14, u: 0 | c_u: 0 | t_u_l: 6/942 | t_u_r: 10/943 | t_u: 16/1885) -> {'max_bond': 16, 'max_links': 4, 'total_elems': 2080, 'total_shapes': 526, 'total_links': 222, 'num_tensors': 56}
2026-08-25 05:03:22,286 [INFO] [3L/1559](swap: 16, u: 0 | c_u: 0 | t_u_l: 6/942 | t_u_r: 10/943 | t_u: 16/1885) -> {'max_bond': 16, 'max_links': 4, 'total_elems': 2832, 'total_shapes': 584, 'total_links': 222, 'num_tensors': 56}
2026-08-25 05:03:22,356 [INFO] [2R/1476](swap: 15, u: 0 | c_u: 0 | t_u_l: 6/942 | t_u_r: 10/943 | t_u: 16/1885) -> {'max_bond': 16, 'max_links': 4, 'total_elems': 4584, 'total_shapes': 692, 'total_links': 222, 'num_tensors': 56}
2026-08-25 05:03:22,430 [INFO] [3R/1476](swap: 14, u: 1 | c_u: 1 | t_u_l: 6/942 | t_u_r: 11/943 | t_u: 17/1885) -> {'max_bond': 16, 'max_links': 4, 'total_elems': 7704, 'total_shapes': 796, 'total_links': 222, 'num_tensors': 56}
2026-08-25 05:03:22,506 [INFO] [4R/1476](swap: 13, u: 0 | c_u: 1 | t_u_l: 6/942 | t_u_r: 11/943 | t_u: 17/1885) -> {'max_bond': 16, 'max_links': 4, 'total_elems': 11628, 'total_shapes': 924, 'total_links': 222, 'num_tensors': 56}
2026-08-25 05:03:22,586 [INFO] [5R/1476](swap: 13, u: 0 | c_u: 1 | t_u_l: 6/942 | t_u_r: 11/943 | t_u: 17/1885) -> {'max_bond': 64, 'max_links': 4, 'total_elems': 20632, 'total_shapes': 1162, 'total_links': 222, 'num_tensors': 56}
2026-08-25 05:03:22,674 [INFO] [6R/1476](swap: 13, u: 1 | c_u: 2 | t_u_l: 6/942 | t_u_r: 12/943 | t_u: 18/1885) -> {'max_bond': 64, 'max_links': 4, 'total_elems': 31600, 'total_shapes': 1456, 'total_links': 222, 'num_tensors': 56}
2026-08-25 05:03:22,773 [INFO] [4L/1559](swap: 16, u: 0 | c_u: 2 | t_u_l: 6/942 | t_u_r: 12/943 | t_u: 18/1885) -> {'max_bond': 64, 'max_links': 4, 'total_elems': 44272, 'total_shapes': 1616, 'total_links': 222, 'num_tensors': 56}
2026-08-25 05:03:22,886 [INFO] [5L/1559](swap: 15, u: 1 | c_u: 3 | t_u_l: 7/942 | t_u_r: 12/943 | t_u: 19/1885) -> {'max_bond': 64, 'max_links': 4, 'total_elems': 68016, 'total_shapes': 1896, 'total_links': 222, 'num_tensors': 56}
2026-08-25 05:03:23,020 [INFO] [7R/1476](swap: 15, u: 0 | c_u: 3 | t_u_l: 7/942 | t_u_r: 12/943 | t_u: 19/1885) -> {'max_bond': 64, 'max_links': 4, 'total_elems': 112288, 'total_shapes': 2444, 'total_links': 222, 'num_tensors': 56}
2026-08-25 05:03:23,229 [INFO] [6L/1559](swap: 14, u: 0 | c_u: 3 | t_u_l: 7/942 | t_u_r: 12/943 | t_u: 19/1885) -> {'max_bond': 64, 'max_links': 4, 'total_elems': 174168, 'total_shapes': 2942, 'total_links': 222, 'num_tensors': 56}
2026-08-25 05:03:23,525 [INFO] [8R/1476](swap: 17, u: 0 | c_u: 3 | t_u_l: 7/942 | t_u_r: 12/943 | t_u: 19/1885) -> {'max_bond': 128, 'max_links': 4, 'total_elems': 293184, 'total_shapes': 3794, 'total_links': 222, 'num_tensors': 56}
2026-08-25 05:03:24,009 [INFO]     [start unswap] -> {'max_bond': 128, 'max_links': 4, 'total_elems': 293184, 'total_shapes': 3794, 'total_links': 222, 'num_tensors': 56}
2026-08-25 05:03:27,928 [INFO]     [0 | both | 0](candidate_pairs: 28/28 | new_swaps: 9 | total: 9) -> {'max_bond': 256, 'max_links': 4, 'total_elems': 500608, 'total_shapes': 4410, 'total_links': 222, 'num_tensors': 56}
2026-08-25 05:03:29,077 [INFO]     [0 | both | 1](candidate_pairs: 27/27 | new_swaps: 14 | total: 23) -> {'max_bond': 64, 'max_links': 4, 'total_elems': 172124, 'total_shapes': 2792, 'total_links': 222, 'num_tensors': 56}
2026-08-25 05:03:29,368 [INFO]     [0 | left | 0](candidate_pairs: 28/28 | new_swaps: 13 | total: 36) -> {'max_bond': 64, 'max_links': 4, 'total_elems': 95996, 'total_shapes': 2186, 'total_links': 222, 'num_tensors': 56}
2026-08-25 05:03:29,538 [INFO]     [0 | left | 1](candidate_pairs: 27/27 | new_swaps: 15 | total: 51) -> {'max_bond': 64, 'max_links': 4, 'total_elems': 42560, 'total_shapes': 1612, 'total_links': 222, 'num_tensors': 56}
2026-08-25 05:03:29,632 [INFO]     [0 | right | 0](candidate_pairs: 28/28 | new_swaps: 11 | total: 62) -> {'max_bond': 16, 'max_links': 4, 'total_elems': 22904, 'total_shapes': 1210, 'total_links': 222, 'num_tensors': 56}
2026-08-25 05:03:29,712 [INFO]     [0 | right | 1](candidate_pairs: 27/27 | new_swaps: 10 | total: 72) -> {'max_bond': 16, 'max_links': 4, 'total_elems': 16912, 'total_shapes': 1078, 'total_links': 222, 'num_tensors': 56}
2026-08-25 05:03:29,837 [INFO]     [1 | both | 0](candidate_pairs: 28/28 | new_swaps: 8 | total: 8) -> {'max_bond': 16, 'max_links': 4, 'total_elems': 13392, 'total_shapes': 950, 'total_links': 222, 'num_tensors': 56}
2026-08-25 05:03:29,959 [INFO]     [1 | both | 1](candidate_pairs: 27/27 | new_swaps: 7 | total: 15) -> {'max_bond': 16, 'max_links': 4, 'total_elems': 10512, 'total_shapes': 842, 'total_links': 222, 'num_tensors': 56}
2026-08-25 05:03:30,023 [INFO]     [1 | left | 0](candidate_pairs: 28/28 | new_swaps: 7 | total: 22) -> {'max_bond': 16, 'max_links': 4, 'total_elems': 8432, 'total_shapes': 770, 'total_links': 222, 'num_tensors': 56}
2026-08-25 05:03:30,081 [INFO]     [1 | left | 1](candidate_pairs: 27/27 | new_swaps: 1 | total: 23) -> {'max_bond': 16, 'max_links': 4, 'total_elems': 8240, 'total_shapes': 762, 'total_links': 222, 'num_tensors': 56}
2026-08-25 05:03:30,139 [INFO]     [1 | right | 0](candidate_pairs: 28/28 | new_swaps: 3 | total: 26) -> {'max_bond': 16, 'max_links': 4, 'total_elems': 7488, 'total_shapes': 738, 'total_links': 222, 'num_tensors': 56}
2026-08-25 05:03:30,195 [INFO]     [1 | right | 1](candidate_pairs: 27/27 | new_swaps: 1 | total: 27) -> {'max_bond': 16, 'max_links': 4, 'total_elems': 7416, 'total_shapes': 734, 'total_links': 222, 'num_tensors': 56}
2026-08-25 05:03:30,301 [INFO]     [2 | both | 0](candidate_pairs: 28/28 | new_swaps: 3 | total: 3) -> {'max_bond': 16, 'max_links': 4, 'total_elems': 6552, 'total_shapes': 710, 'total_links': 222, 'num_tensors': 56}
2026-08-25 05:03:30,409 [INFO]     [2 | both | 1](candidate_pairs: 27/27 | new_swaps: 10 | total: 13) -> {'max_bond': 16, 'max_links': 4, 'total_elems': 3588, 'total_shapes': 610, 'total_links': 222, 'num_tensors': 56}
2026-08-25 05:03:30,463 [INFO]     [2 | left | 0](candidate_pairs: 28/28 | new_swaps: 3 | total: 16) -> {'max_bond': 8, 'max_links': 4, 'total_elems': 3028, 'total_shapes': 582, 'total_links': 222, 'num_tensors': 56}
2026-08-25 05:03:30,516 [INFO]     [2 | left | 1](candidate_pairs: 27/27 | new_swaps: 1 | total: 17) -> {'max_bond': 8, 'max_links': 4, 'total_elems': 2932, 'total_shapes': 576, 'total_links': 222, 'num_tensors': 56}
2026-08-25 05:03:30,569 [INFO]     [2 | right | 0](candidate_pairs: 28/28 | new_swaps: 3 | total: 20) -> {'max_bond': 8, 'max_links': 4, 'total_elems': 2444, 'total_shapes': 552, 'total_links': 222, 'num_tensors': 56}
2026-08-25 05:03:30,592 [INFO]     [2 | right | 1](candidate_pairs: 27/27 | new_swaps: 0 | total: 20) -> {'max_bond': 8, 'max_links': 4, 'total_elems': 2444, 'total_shapes': 552, 'total_links': 222, 'num_tensors': 56}
2026-08-25 05:03:30,689 [INFO]     [3 | both | 0](candidate_pairs: 28/28 | new_swaps: 6 | total: 6) -> {'max_bond': 8, 'max_links': 4, 'total_elems': 1880, 'total_shapes': 518, 'total_links': 222, 'num_tensors': 56}
2026-08-25 05:03:30,781 [INFO]     [3 | both | 1](candidate_pairs: 27/27 | new_swaps: 3 | total: 9) -> {'max_bond': 8, 'max_links': 4, 'total_elems': 1808, 'total_shapes': 510, 'total_links': 222, 'num_tensors': 56}
2026-08-25 05:03:30,822 [INFO]     [3 | left | 0](candidate_pairs: 28/28 | new_swaps: 1 | total: 10) -> {'max_bond': 8, 'max_links': 4, 'total_elems': 1748, 'total_shapes': 504, 'total_links': 222, 'num_tensors': 56}
2026-08-25 05:03:30,876 [INFO]     [3 | left | 1](candidate_pairs: 27/27 | new_swaps: 3 | total: 13) -> {'max_bond': 8, 'max_links': 4, 'total_elems': 1604, 'total_shapes': 484, 'total_links': 222, 'num_tensors': 56}
2026-08-25 05:03:30,897 [INFO]     [3 | right | 0](candidate_pairs: 28/28 | new_swaps: 0 | total: 13) -> {'max_bond': 8, 'max_links': 4, 'total_elems': 1604, 'total_shapes': 484, 'total_links': 222, 'num_tensors': 56}
2026-08-25 05:03:30,948 [INFO]     [3 | right | 1](candidate_pairs: 27/27 | new_swaps: 1 | total: 14) -> {'max_bond': 8, 'max_links': 4, 'total_elems': 1412, 'total_shapes': 472, 'total_links': 222, 'num_tensors': 56}
2026-08-25 05:03:31,039 [INFO]     [4 | both | 0](candidate_pairs: 28/28 | new_swaps: 3 | total: 3) -> {'max_bond': 8, 'max_links': 4, 'total_elems': 1376, 'total_shapes': 466, 'total_links': 222, 'num_tensors': 56}
2026-08-25 05:03:31,131 [INFO]     [4 | both | 1](candidate_pairs: 27/27 | new_swaps: 4 | total: 7) -> {'max_bond': 8, 'max_links': 4, 'total_elems': 1328, 'total_shapes': 458, 'total_links': 222, 'num_tensors': 56}
2026-08-25 05:03:31,153 [INFO]     [4 | left | 0](candidate_pairs: 28/28 | new_swaps: 0 | total: 7) -> {'max_bond': 8, 'max_links': 4, 'total_elems': 1328, 'total_shapes': 458, 'total_links': 222, 'num_tensors': 56}
2026-08-25 05:03:31,174 [INFO]     [4 | left | 1](candidate_pairs: 27/27 | new_swaps: 0 | total: 7) -> {'max_bond': 8, 'max_links': 4, 'total_elems': 1328, 'total_shapes': 458, 'total_links': 222, 'num_tensors': 56}
2026-08-25 05:03:31,196 [INFO]     [4 | right | 0](candidate_pairs: 28/28 | new_swaps: 0 | total: 7) -> {'max_bond': 8, 'max_links': 4, 'total_elems': 1328, 'total_shapes': 458, 'total_links': 222, 'num_tensors': 56}
2026-08-25 05:03:31,218 [INFO]     [4 | right | 1](candidate_pairs: 27/27 | new_swaps: 0 | total: 7) -> {'max_bond': 8, 'max_links': 4, 'total_elems': 1328, 'total_shapes': 458, 'total_links': 222, 'num_tensors': 56}
2026-08-25 05:03:31,259 [INFO]     [5 | both | 0](candidate_pairs: 28/28 | new_swaps: 0 | total: 0) -> {'max_bond': 8, 'max_links': 4, 'total_elems': 1328, 'total_shapes': 458, 'total_links': 222, 'num_tensors': 56}
2026-08-25 05:03:31,301 [INFO]     [5 | both | 1](candidate_pairs: 27/27 | new_swaps: 0 | total: 0) -> {'max_bond': 8, 'max_links': 4, 'total_elems': 1328, 'total_shapes': 458, 'total_links': 222, 'num_tensors': 56}
2026-08-25 05:03:31,323 [INFO]     [5 | left | 0](candidate_pairs: 28/28 | new_swaps: 0 | total: 0) -> {'max_bond': 8, 'max_links': 4, 'total_elems': 1328, 'total_shapes': 458, 'total_links': 222, 'num_tensors': 56}
2026-08-25 05:03:31,345 [INFO]     [5 | left | 1](candidate_pairs: 27/27 | new_swaps: 0 | total: 0) -> {'max_bond': 8, 'max_links': 4, 'total_elems': 1328, 'total_shapes': 458, 'total_links': 222, 'num_tensors': 56}
2026-08-25 05:03:31,366 [INFO]     [5 | right | 0](candidate_pairs: 28/28 | new_swaps: 0 | total: 0) -> {'max_bond': 8, 'max_links': 4, 'total_elems': 1328, 'total_shapes': 458, 'total_links': 222, 'num_tensors': 56}
2026-08-25 05:03:31,388 [INFO]     [5 | right | 1](candidate_pairs: 27/27 | new_swaps: 0 | total: 0) -> {'max_bond': 8, 'max_links': 4, 'total_elems': 1328, 'total_shapes': 458, 'total_links': 222, 'num_tensors': 56}
2026-08-25 05:03:31,389 [INFO]     [end unswap] -> {'max_bond': 8, 'max_links': 4, 'total_elems': 1328, 'total_shapes': 458, 'total_links': 222, 'num_tensors': 56}
2026-08-25 05:03:31,746 [INFO] [start rewire](phase=post_unswap, cycle=4, side=left, layers=1555, trials=20, seed=123, parallel=False, route_candidates=1, route_score=none)
2026-08-25 05:03:33,194 [INFO] [end rewire](phase=post_unswap, cycle=4, side=left, routed_layers=1359, elapsed_s=1.45)
2026-08-25 05:03:33,194 [INFO] [start rewire](phase=post_unswap, cycle=4, side=right, layers=1470, trials=20, seed=123, parallel=False, route_candidates=1, route_score=none)
2026-08-25 05:03:34,768 [INFO] [end rewire](phase=post_unswap, cycle=4, side=right, routed_layers=1569, elapsed_s=1.57)
2026-08-25 05:03:34,861 [INFO] [1L/1357](swap: 13, u: 0 | c_u: 0 | t_u_l: 7/942 | t_u_r: 12/943 | t_u: 19/1885) -> {'max_bond': 8, 'max_links': 4, 'total_elems': 1328, 'total_shapes': 458, 'total_links': 222, 'num_tensors': 56}
2026-08-25 05:03:34,934 [INFO] [1R/1567](swap: 15, u: 0 | c_u: 0 | t_u_l: 7/942 | t_u_r: 12/943 | t_u: 19/1885) -> {'max_bond': 16, 'max_links': 4, 'total_elems': 2408, 'total_shapes': 558, 'total_links': 222, 'num_tensors': 56}
2026-08-25 05:03:35,008 [INFO] [2L/1357](swap: 11, u: 1 | c_u: 1 | t_u_l: 8/942 | t_u_r: 12/943 | t_u: 20/1885) -> {'max_bond': 16, 'max_links': 4, 'total_elems': 3212, 'total_shapes': 604, 'total_links': 222, 'num_tensors': 56}
2026-08-25 05:03:35,081 [INFO] [2R/1567](swap: 16, u: 0 | c_u: 1 | t_u_l: 8/942 | t_u_r: 12/943 | t_u: 20/1885) -> {'max_bond': 16, 'max_links': 4, 'total_elems': 4444, 'total_shapes': 694, 'total_links': 222, 'num_tensors': 56}
2026-08-25 05:03:35,155 [INFO] [3L/1357](swap: 14, u: 0 | c_u: 1 | t_u_l: 8/942 | t_u_r: 12/943 | t_u: 20/1885) -> {'max_bond': 16, 'max_links': 4, 'total_elems': 6424, 'total_shapes': 738, 'total_links': 222, 'num_tensors': 56}
2026-08-25 05:03:35,234 [INFO] [4L/1357](swap: 13, u: 2 | c_u: 3 | t_u_l: 10/942 | t_u_r: 12/943 | t_u: 22/1885) -> {'max_bond': 32, 'max_links': 4, 'total_elems': 10184, 'total_shapes': 874, 'total_links': 222, 'num_tensors': 56}
2026-08-25 05:03:35,314 [INFO] [5L/1357](swap: 10, u: 1 | c_u: 4 | t_u_l: 11/942 | t_u_r: 12/943 | t_u: 23/1885) -> {'max_bond': 32, 'max_links': 4, 'total_elems': 17152, 'total_shapes': 1040, 'total_links': 222, 'num_tensors': 56}
2026-08-25 05:03:35,400 [INFO] [6L/1357](swap: 12, u: 0 | c_u: 4 | t_u_l: 11/942 | t_u_r: 12/943 | t_u: 23/1885) -> {'max_bond': 64, 'max_links': 4, 'total_elems': 33952, 'total_shapes': 1400, 'total_links': 222, 'num_tensors': 56}
2026-08-25 05:03:35,512 [INFO] [3R/1567](swap: 16, u: 0 | c_u: 4 | t_u_l: 11/942 | t_u_r: 12/943 | t_u: 23/1885) -> {'max_bond': 64, 'max_links': 4, 'total_elems': 67768, 'total_shapes': 1586, 'total_links': 222, 'num_tensors': 56}
2026-08-25 05:03:35,658 [INFO] [4R/1567](swap: 17, u: 1 | c_u: 5 | t_u_l: 11/942 | t_u_r: 13/943 | t_u: 24/1885) -> {'max_bond': 64, 'max_links': 4, 'total_elems': 79696, 'total_shapes': 1824, 'total_links': 222, 'num_tensors': 56}
2026-08-25 05:03:35,821 [INFO] [5R/1567](swap: 12, u: 1 | c_u: 6 | t_u_l: 11/942 | t_u_r: 14/943 | t_u: 25/1885) -> {'max_bond': 64, 'max_links': 4, 'total_elems': 109088, 'total_shapes': 2040, 'total_links': 222, 'num_tensors': 56}
2026-08-25 05:03:36,046 [INFO]     [start unswap] -> {'max_bond': 64, 'max_links': 4, 'total_elems': 109088, 'total_shapes': 2040, 'total_links': 222, 'num_tensors': 56}
2026-08-25 05:03:38,336 [INFO]     [0 | both | 0](candidate_pairs: 28/28 | new_swaps: 5 | total: 5) -> {'max_bond': 256, 'max_links': 4, 'total_elems': 303392, 'total_shapes': 2752, 'total_links': 222, 'num_tensors': 56}
2026-08-25 05:03:38,992 [INFO]     [0 | both | 1](candidate_pairs: 27/27 | new_swaps: 11 | total: 16) -> {'max_bond': 64, 'max_links': 4, 'total_elems': 72944, 'total_shapes': 1692, 'total_links': 222, 'num_tensors': 56}
2026-08-25 05:03:39,125 [INFO]     [0 | left | 0](candidate_pairs: 28/28 | new_swaps: 13 | total: 29) -> {'max_bond': 64, 'max_links': 4, 'total_elems': 44992, 'total_shapes': 1344, 'total_links': 222, 'num_tensors': 56}
2026-08-25 05:03:39,244 [INFO]     [0 | left | 1](candidate_pairs: 27/27 | new_swaps: 12 | total: 41) -> {'max_bond': 64, 'max_links': 4, 'total_elems': 20528, 'total_shapes': 1080, 'total_links': 222, 'num_tensors': 56}
2026-08-25 05:03:39,316 [INFO]     [0 | right | 0](candidate_pairs: 28/28 | new_swaps: 7 | total: 48) -> {'max_bond': 16, 'max_links': 4, 'total_elems': 10544, 'total_shapes': 866, 'total_links': 222, 'num_tensors': 56}
2026-08-25 05:03:39,378 [INFO]     [0 | right | 1](candidate_pairs: 27/27 | new_swaps: 4 | total: 52) -> {'max_bond': 16, 'max_links': 4, 'total_elems': 9176, 'total_shapes': 820, 'total_links': 222, 'num_tensors': 56}
2026-08-25 05:03:39,483 [INFO]     [1 | both | 0](candidate_pairs: 28/28 | new_swaps: 1 | total: 1) -> {'max_bond': 16, 'max_links': 4, 'total_elems': 9128, 'total_shapes': 816, 'total_links': 222, 'num_tensors': 56}
2026-08-25 05:03:39,595 [INFO]     [1 | both | 1](candidate_pairs: 27/27 | new_swaps: 4 | total: 5) -> {'max_bond': 16, 'max_links': 4, 'total_elems': 8636, 'total_shapes': 790, 'total_links': 222, 'num_tensors': 56}
2026-08-25 05:03:39,657 [INFO]     [1 | left | 0](candidate_pairs: 28/28 | new_swaps: 5 | total: 10) -> {'max_bond': 16, 'max_links': 4, 'total_elems': 6164, 'total_shapes': 722, 'total_links': 222, 'num_tensors': 56}
2026-08-25 05:03:39,715 [INFO]     [1 | left | 1](candidate_pairs: 27/27 | new_swaps: 3 | total: 13) -> {'max_bond': 16, 'max_links': 4, 'total_elems': 5008, 'total_shapes': 684, 'total_links': 222, 'num_tensors': 56}
2026-08-25 05:03:39,770 [INFO]     [1 | right | 0](candidate_pairs: 28/28 | new_swaps: 3 | total: 16) -> {'max_bond': 16, 'max_links': 4, 'total_elems': 4548, 'total_shapes': 658, 'total_links': 222, 'num_tensors': 56}
2026-08-25 05:03:39,824 [INFO]     [1 | right | 1](candidate_pairs: 27/27 | new_swaps: 2 | total: 18) -> {'max_bond': 16, 'max_links': 4, 'total_elems': 4020, 'total_shapes': 634, 'total_links': 222, 'num_tensors': 56}
2026-08-25 05:03:39,926 [INFO]     [2 | both | 0](candidate_pairs: 28/28 | new_swaps: 7 | total: 7) -> {'max_bond': 16, 'max_links': 4, 'total_elems': 2724, 'total_shapes': 586, 'total_links': 222, 'num_tensors': 56}
2026-08-25 05:03:40,022 [INFO]     [2 | both | 1](candidate_pairs: 27/27 | new_swaps: 6 | total: 13) -> {'max_bond': 8, 'max_links': 4, 'total_elems': 2012, 'total_shapes': 532, 'total_links': 222, 'num_tensors': 56}
2026-08-25 05:03:40,076 [INFO]     [2 | left | 0](candidate_pairs: 28/28 | new_swaps: 3 | total: 16) -> {'max_bond': 8, 'max_links': 4, 'total_elems': 1772, 'total_shapes': 508, 'total_links': 222, 'num_tensors': 56}
2026-08-25 05:03:40,118 [INFO]     [2 | left | 1](candidate_pairs: 27/27 | new_swaps: 1 | total: 17) -> {'max_bond': 8, 'max_links': 4, 'total_elems': 1724, 'total_shapes': 502, 'total_links': 222, 'num_tensors': 56}
2026-08-25 05:03:40,140 [INFO]     [2 | right | 0](candidate_pairs: 28/28 | new_swaps: 0 | total: 17) -> {'max_bond': 8, 'max_links': 4, 'total_elems': 1724, 'total_shapes': 502, 'total_links': 222, 'num_tensors': 56}
2026-08-25 05:03:40,162 [INFO]     [2 | right | 1](candidate_pairs: 27/27 | new_swaps: 0 | total: 17) -> {'max_bond': 8, 'max_links': 4, 'total_elems': 1724, 'total_shapes': 502, 'total_links': 222, 'num_tensors': 56}
2026-08-25 05:03:40,257 [INFO]     [3 | both | 0](candidate_pairs: 28/28 | new_swaps: 4 | total: 4) -> {'max_bond': 8, 'max_links': 4, 'total_elems': 1640, 'total_shapes': 492, 'total_links': 222, 'num_tensors': 56}
2026-08-25 05:03:40,349 [INFO]     [3 | both | 1](candidate_pairs: 27/27 | new_swaps: 2 | total: 6) -> {'max_bond': 8, 'max_links': 4, 'total_elems': 1616, 'total_shapes': 488, 'total_links': 222, 'num_tensors': 56}
2026-08-25 05:03:40,372 [INFO]     [3 | left | 0](candidate_pairs: 28/28 | new_swaps: 0 | total: 6) -> {'max_bond': 8, 'max_links': 4, 'total_elems': 1616, 'total_shapes': 488, 'total_links': 222, 'num_tensors': 56}
2026-08-25 05:03:40,424 [INFO]     [3 | left | 1](candidate_pairs: 27/27 | new_swaps: 1 | total: 7) -> {'max_bond': 8, 'max_links': 4, 'total_elems': 1592, 'total_shapes': 484, 'total_links': 222, 'num_tensors': 56}
2026-08-25 05:03:40,446 [INFO]     [3 | right | 0](candidate_pairs: 28/28 | new_swaps: 0 | total: 7) -> {'max_bond': 8, 'max_links': 4, 'total_elems': 1592, 'total_shapes': 484, 'total_links': 222, 'num_tensors': 56}
2026-08-25 05:03:40,469 [INFO]     [3 | right | 1](candidate_pairs: 27/27 | new_swaps: 0 | total: 7) -> {'max_bond': 8, 'max_links': 4, 'total_elems': 1592, 'total_shapes': 484, 'total_links': 222, 'num_tensors': 56}
2026-08-25 05:03:40,560 [INFO]     [4 | both | 0](candidate_pairs: 28/28 | new_swaps: 1 | total: 1) -> {'max_bond': 8, 'max_links': 4, 'total_elems': 1580, 'total_shapes': 482, 'total_links': 222, 'num_tensors': 56}
2026-08-25 05:03:40,602 [INFO]     [4 | both | 1](candidate_pairs: 27/27 | new_swaps: 0 | total: 1) -> {'max_bond': 8, 'max_links': 4, 'total_elems': 1580, 'total_shapes': 482, 'total_links': 222, 'num_tensors': 56}
2026-08-25 05:03:40,625 [INFO]     [4 | left | 0](candidate_pairs: 28/28 | new_swaps: 0 | total: 1) -> {'max_bond': 8, 'max_links': 4, 'total_elems': 1580, 'total_shapes': 482, 'total_links': 222, 'num_tensors': 56}
2026-08-25 05:03:40,648 [INFO]     [4 | left | 1](candidate_pairs: 27/27 | new_swaps: 0 | total: 1) -> {'max_bond': 8, 'max_links': 4, 'total_elems': 1580, 'total_shapes': 482, 'total_links': 222, 'num_tensors': 56}
2026-08-25 05:03:40,670 [INFO]     [4 | right | 0](candidate_pairs: 28/28 | new_swaps: 0 | total: 1) -> {'max_bond': 8, 'max_links': 4, 'total_elems': 1580, 'total_shapes': 482, 'total_links': 222, 'num_tensors': 56}
2026-08-25 05:03:40,691 [INFO]     [4 | right | 1](candidate_pairs: 27/27 | new_swaps: 0 | total: 1) -> {'max_bond': 8, 'max_links': 4, 'total_elems': 1580, 'total_shapes': 482, 'total_links': 222, 'num_tensors': 56}
2026-08-25 05:03:40,735 [INFO]     [5 | both | 0](candidate_pairs: 28/28 | new_swaps: 0 | total: 0) -> {'max_bond': 8, 'max_links': 4, 'total_elems': 1580, 'total_shapes': 482, 'total_links': 222, 'num_tensors': 56}
2026-08-25 05:03:40,777 [INFO]     [5 | both | 1](candidate_pairs: 27/27 | new_swaps: 0 | total: 0) -> {'max_bond': 8, 'max_links': 4, 'total_elems': 1580, 'total_shapes': 482, 'total_links': 222, 'num_tensors': 56}
2026-08-25 05:03:40,799 [INFO]     [5 | left | 0](candidate_pairs: 28/28 | new_swaps: 0 | total: 0) -> {'max_bond': 8, 'max_links': 4, 'total_elems': 1580, 'total_shapes': 482, 'total_links': 222, 'num_tensors': 56}
2026-08-25 05:03:40,821 [INFO]     [5 | left | 1](candidate_pairs: 27/27 | new_swaps: 0 | total: 0) -> {'max_bond': 8, 'max_links': 4, 'total_elems': 1580, 'total_shapes': 482, 'total_links': 222, 'num_tensors': 56}
2026-08-25 05:03:40,843 [INFO]     [5 | right | 0](candidate_pairs: 28/28 | new_swaps: 0 | total: 0) -> {'max_bond': 8, 'max_links': 4, 'total_elems': 1580, 'total_shapes': 482, 'total_links': 222, 'num_tensors': 56}
2026-08-25 05:03:40,865 [INFO]     [5 | right | 1](candidate_pairs: 27/27 | new_swaps: 0 | total: 0) -> {'max_bond': 8, 'max_links': 4, 'total_elems': 1580, 'total_shapes': 482, 'total_links': 222, 'num_tensors': 56}
2026-08-25 05:03:40,866 [INFO]     [end unswap] -> {'max_bond': 8, 'max_links': 4, 'total_elems': 1580, 'total_shapes': 482, 'total_links': 222, 'num_tensors': 56}
2026-08-25 05:03:41,292 [INFO] [start rewire](phase=post_unswap, cycle=5, side=left, layers=1353, trials=20, seed=123, parallel=False, route_candidates=1, route_score=none)
2026-08-25 05:03:43,159 [INFO] [end rewire](phase=post_unswap, cycle=5, side=left, routed_layers=1518, elapsed_s=1.87)
2026-08-25 05:03:43,160 [INFO] [start rewire](phase=post_unswap, cycle=5, side=right, layers=1564, trials=20, seed=123, parallel=False, route_candidates=1, route_score=none)
2026-08-25 05:03:44,756 [INFO] [end rewire](phase=post_unswap, cycle=5, side=right, routed_layers=1529, elapsed_s=1.60)
2026-08-25 05:03:44,860 [INFO] [1L/1516](swap: 12, u: 0 | c_u: 0 | t_u_l: 11/942 | t_u_r: 14/943 | t_u: 25/1885) -> {'max_bond': 8, 'max_links': 4, 'total_elems': 1580, 'total_shapes': 482, 'total_links': 222, 'num_tensors': 56}
2026-08-25 05:03:44,936 [INFO] [1R/1527](swap: 9, u: 0 | c_u: 0 | t_u_l: 11/942 | t_u_r: 14/943 | t_u: 25/1885) -> {'max_bond': 16, 'max_links': 4, 'total_elems': 2136, 'total_shapes': 548, 'total_links': 222, 'num_tensors': 56}
2026-08-25 05:03:45,013 [INFO] [2L/1516](swap: 12, u: 2 | c_u: 2 | t_u_l: 13/942 | t_u_r: 14/943 | t_u: 27/1885) -> {'max_bond': 16, 'max_links': 4, 'total_elems': 3188, 'total_shapes': 626, 'total_links': 222, 'num_tensors': 56}
2026-08-25 05:03:45,090 [INFO] [2R/1527](swap: 10, u: 0 | c_u: 2 | t_u_l: 13/942 | t_u_r: 14/943 | t_u: 27/1885) -> {'max_bond': 16, 'max_links': 4, 'total_elems': 6128, 'total_shapes': 722, 'total_links': 222, 'num_tensors': 56}
2026-08-25 05:03:45,169 [INFO] [3R/1527](swap: 15, u: 0 | c_u: 2 | t_u_l: 13/942 | t_u_r: 14/943 | t_u: 27/1885) -> {'max_bond': 16, 'max_links': 4, 'total_elems': 8004, 'total_shapes': 806, 'total_links': 222, 'num_tensors': 56}
2026-08-25 05:03:45,253 [INFO] [3L/1516](swap: 16, u: 0 | c_u: 2 | t_u_l: 13/942 | t_u_r: 14/943 | t_u: 27/1885) -> {'max_bond': 32, 'max_links': 4, 'total_elems': 14708, 'total_shapes': 960, 'total_links': 222, 'num_tensors': 56}
2026-08-25 05:03:45,344 [INFO] [4R/1527](swap: 13, u: 1 | c_u: 3 | t_u_l: 13/942 | t_u_r: 15/943 | t_u: 28/1885) -> {'max_bond': 64, 'max_links': 4, 'total_elems': 23536, 'total_shapes': 1170, 'total_links': 222, 'num_tensors': 56}
2026-08-25 05:03:45,451 [INFO] [4L/1516](swap: 17, u: 1 | c_u: 4 | t_u_l: 14/942 | t_u_r: 15/943 | t_u: 29/1885) -> {'max_bond': 64, 'max_links': 4, 'total_elems': 49544, 'total_shapes': 1464, 'total_links': 222, 'num_tensors': 56}
2026-08-25 05:03:45,587 [INFO] [5R/1527](swap: 13, u: 3 | c_u: 7 | t_u_l: 14/942 | t_u_r: 18/943 | t_u: 32/1885) -> {'max_bond': 64, 'max_links': 4, 'total_elems': 74088, 'total_shapes': 1754, 'total_links': 222, 'num_tensors': 56}
2026-08-25 05:03:45,736 [INFO] [6R/1527](swap: 11, u: 2 | c_u: 9 | t_u_l: 14/942 | t_u_r: 20/943 | t_u: 34/1885) -> {'max_bond': 64, 'max_links': 4, 'total_elems': 85848, 'total_shapes': 1970, 'total_links': 222, 'num_tensors': 56}
2026-08-25 05:03:45,894 [INFO] [5L/1516](swap: 14, u: 1 | c_u: 10 | t_u_l: 15/942 | t_u_r: 20/943 | t_u: 35/1885) -> {'max_bond': 64, 'max_links': 4, 'total_elems': 112216, 'total_shapes': 2266, 'total_links': 222, 'num_tensors': 56}
2026-08-25 05:03:46,075 [INFO] [7R/1527](swap: 15, u: 0 | c_u: 10 | t_u_l: 15/942 | t_u_r: 20/943 | t_u: 35/1885) -> {'max_bond': 64, 'max_links': 4, 'total_elems': 148024, 'total_shapes': 2606, 'total_links': 222, 'num_tensors': 56}
2026-08-25 05:03:46,311 [INFO] [8R/1527](swap: 16, u: 0 | c_u: 10 | t_u_l: 15/942 | t_u_r: 20/943 | t_u: 35/1885) -> {'max_bond': 128, 'max_links': 4, 'total_elems': 217528, 'total_shapes': 3326, 'total_links': 222, 'num_tensors': 56}
2026-08-25 05:03:46,696 [INFO] [6L/1516](swap: 15, u: 0 | c_u: 10 | t_u_l: 15/942 | t_u_r: 20/943 | t_u: 35/1885) -> {'max_bond': 128, 'max_links': 4, 'total_elems': 373888, 'total_shapes': 4108, 'total_links': 222, 'num_tensors': 56}
2026-08-25 05:03:47,324 [INFO]     [start unswap] -> {'max_bond': 128, 'max_links': 4, 'total_elems': 373888, 'total_shapes': 4108, 'total_links': 222, 'num_tensors': 56}
2026-08-25 05:03:50,788 [INFO]     [0 | both | 0](candidate_pairs: 28/28 | new_swaps: 8 | total: 8) -> {'max_bond': 256, 'max_links': 4, 'total_elems': 495488, 'total_shapes': 4538, 'total_links': 222, 'num_tensors': 56}
2026-08-25 05:03:52,054 [INFO]     [0 | both | 1](candidate_pairs: 27/27 | new_swaps: 13 | total: 21) -> {'max_bond': 64, 'max_links': 4, 'total_elems': 171328, 'total_shapes': 2858, 'total_links': 222, 'num_tensors': 56}
2026-08-25 05:03:52,314 [INFO]     [0 | left | 0](candidate_pairs: 28/28 | new_swaps: 9 | total: 30) -> {'max_bond': 64, 'max_links': 4, 'total_elems': 93472, 'total_shapes': 2230, 'total_links': 222, 'num_tensors': 56}
2026-08-25 05:03:52,494 [INFO]     [0 | left | 1](candidate_pairs: 27/27 | new_swaps: 13 | total: 43) -> {'max_bond': 64, 'max_links': 4, 'total_elems': 52128, 'total_shapes': 1778, 'total_links': 222, 'num_tensors': 56}
2026-08-25 05:03:52,603 [INFO]     [0 | right | 0](candidate_pairs: 28/28 | new_swaps: 12 | total: 55) -> {'max_bond': 32, 'max_links': 4, 'total_elems': 34308, 'total_shapes': 1432, 'total_links': 222, 'num_tensors': 56}
2026-08-25 05:03:52,700 [INFO]     [0 | right | 1](candidate_pairs: 27/27 | new_swaps: 8 | total: 63) -> {'max_bond': 32, 'max_links': 4, 'total_elems': 23268, 'total_shapes': 1252, 'total_links': 222, 'num_tensors': 56}
2026-08-25 05:03:52,840 [INFO]     [1 | both | 0](candidate_pairs: 28/28 | new_swaps: 11 | total: 11) -> {'max_bond': 16, 'max_links': 4, 'total_elems': 18692, 'total_shapes': 1092, 'total_links': 222, 'num_tensors': 56}
2026-08-25 05:03:52,974 [INFO]     [1 | both | 1](candidate_pairs: 27/27 | new_swaps: 6 | total: 17) -> {'max_bond': 16, 'max_links': 4, 'total_elems': 17412, 'total_shapes': 1036, 'total_links': 222, 'num_tensors': 56}
2026-08-25 05:03:53,044 [INFO]     [1 | left | 0](candidate_pairs: 28/28 | new_swaps: 5 | total: 22) -> {'max_bond': 16, 'max_links': 4, 'total_elems': 14660, 'total_shapes': 948, 'total_links': 222, 'num_tensors': 56}
2026-08-25 05:03:53,117 [INFO]     [1 | left | 1](candidate_pairs: 27/27 | new_swaps: 5 | total: 27) -> {'max_bond': 16, 'max_links': 4, 'total_elems': 13324, 'total_shapes': 902, 'total_links': 222, 'num_tensors': 56}
2026-08-25 05:03:53,183 [INFO]     [1 | right | 0](candidate_pairs: 28/28 | new_swaps: 5 | total: 32) -> {'max_bond': 16, 'max_links': 4, 'total_elems': 11452, 'total_shapes': 850, 'total_links': 222, 'num_tensors': 56}
2026-08-25 05:03:53,246 [INFO]     [1 | right | 1](candidate_pairs: 27/27 | new_swaps: 4 | total: 36) -> {'max_bond': 16, 'max_links': 4, 'total_elems': 10372, 'total_shapes': 816, 'total_links': 222, 'num_tensors': 56}
2026-08-25 05:03:53,358 [INFO]     [2 | both | 0](candidate_pairs: 28/28 | new_swaps: 5 | total: 5) -> {'max_bond': 16, 'max_links': 4, 'total_elems': 9100, 'total_shapes': 772, 'total_links': 222, 'num_tensors': 56}
2026-08-25 05:03:53,468 [INFO]     [2 | both | 1](candidate_pairs: 27/27 | new_swaps: 5 | total: 10) -> {'max_bond': 16, 'max_links': 4, 'total_elems': 8304, 'total_shapes': 720, 'total_links': 222, 'num_tensors': 56}
2026-08-25 05:03:53,527 [INFO]     [2 | left | 0](candidate_pairs: 28/28 | new_swaps: 3 | total: 13) -> {'max_bond': 16, 'max_links': 4, 'total_elems': 7992, 'total_shapes': 702, 'total_links': 222, 'num_tensors': 56}
2026-08-25 05:03:53,555 [INFO]     [2 | left | 1](candidate_pairs: 27/27 | new_swaps: 0 | total: 13) -> {'max_bond': 16, 'max_links': 4, 'total_elems': 7992, 'total_shapes': 702, 'total_links': 222, 'num_tensors': 56}
2026-08-25 05:03:53,613 [INFO]     [2 | right | 0](candidate_pairs: 28/28 | new_swaps: 2 | total: 15) -> {'max_bond': 16, 'max_links': 4, 'total_elems': 7728, 'total_shapes': 690, 'total_links': 222, 'num_tensors': 56}
2026-08-25 05:03:53,671 [INFO]     [2 | right | 1](candidate_pairs: 27/27 | new_swaps: 2 | total: 17) -> {'max_bond': 16, 'max_links': 4, 'total_elems': 7152, 'total_shapes': 670, 'total_links': 222, 'num_tensors': 56}
2026-08-25 05:03:53,777 [INFO]     [3 | both | 0](candidate_pairs: 28/28 | new_swaps: 5 | total: 5) -> {'max_bond': 16, 'max_links': 4, 'total_elems': 6860, 'total_shapes': 648, 'total_links': 222, 'num_tensors': 56}
2026-08-25 05:03:53,880 [INFO]     [3 | both | 1](candidate_pairs: 27/27 | new_swaps: 3 | total: 8) -> {'max_bond': 16, 'max_links': 4, 'total_elems': 6660, 'total_shapes': 632, 'total_links': 222, 'num_tensors': 56}
2026-08-25 05:03:53,906 [INFO]     [3 | left | 0](candidate_pairs: 28/28 | new_swaps: 0 | total: 8) -> {'max_bond': 16, 'max_links': 4, 'total_elems': 6660, 'total_shapes': 632, 'total_links': 222, 'num_tensors': 56}
2026-08-25 05:03:53,964 [INFO]     [3 | left | 1](candidate_pairs: 27/27 | new_swaps: 2 | total: 10) -> {'max_bond': 16, 'max_links': 4, 'total_elems': 6572, 'total_shapes': 622, 'total_links': 222, 'num_tensors': 56}
2026-08-25 05:03:54,020 [INFO]     [3 | right | 0](candidate_pairs: 28/28 | new_swaps: 2 | total: 12) -> {'max_bond': 16, 'max_links': 4, 'total_elems': 5896, 'total_shapes': 600, 'total_links': 222, 'num_tensors': 56}
2026-08-25 05:03:54,066 [INFO]     [3 | right | 1](candidate_pairs: 27/27 | new_swaps: 1 | total: 13) -> {'max_bond': 16, 'max_links': 4, 'total_elems': 4744, 'total_shapes': 576, 'total_links': 222, 'num_tensors': 56}
2026-08-25 05:03:54,153 [INFO]     [4 | both | 0](candidate_pairs: 28/28 | new_swaps: 1 | total: 1) -> {'max_bond': 16, 'max_links': 4, 'total_elems': 3784, 'total_shapes': 552, 'total_links': 222, 'num_tensors': 56}
2026-08-25 05:03:54,238 [INFO]     [4 | both | 1](candidate_pairs: 27/27 | new_swaps: 1 | total: 2) -> {'max_bond': 16, 'max_links': 4, 'total_elems': 2824, 'total_shapes': 528, 'total_links': 222, 'num_tensors': 56}
2026-08-25 05:03:54,290 [INFO]     [4 | left | 0](candidate_pairs: 28/28 | new_swaps: 1 | total: 3) -> {'max_bond': 16, 'max_links': 4, 'total_elems': 2184, 'total_shapes': 512, 'total_links': 222, 'num_tensors': 56}
2026-08-25 05:03:54,313 [INFO]     [4 | left | 1](candidate_pairs: 27/27 | new_swaps: 0 | total: 3) -> {'max_bond': 16, 'max_links': 4, 'total_elems': 2184, 'total_shapes': 512, 'total_links': 222, 'num_tensors': 56}
2026-08-25 05:03:54,336 [INFO]     [4 | right | 0](candidate_pairs: 28/28 | new_swaps: 0 | total: 3) -> {'max_bond': 16, 'max_links': 4, 'total_elems': 2184, 'total_shapes': 512, 'total_links': 222, 'num_tensors': 56}
2026-08-25 05:03:54,358 [INFO]     [4 | right | 1](candidate_pairs: 27/27 | new_swaps: 0 | total: 3) -> {'max_bond': 16, 'max_links': 4, 'total_elems': 2184, 'total_shapes': 512, 'total_links': 222, 'num_tensors': 56}
2026-08-25 05:03:54,402 [INFO]     [5 | both | 0](candidate_pairs: 28/28 | new_swaps: 0 | total: 0) -> {'max_bond': 16, 'max_links': 4, 'total_elems': 2184, 'total_shapes': 512, 'total_links': 222, 'num_tensors': 56}
2026-08-25 05:03:54,484 [INFO]     [5 | both | 1](candidate_pairs: 27/27 | new_swaps: 1 | total: 1) -> {'max_bond': 8, 'max_links': 4, 'total_elems': 1800, 'total_shapes': 496, 'total_links': 222, 'num_tensors': 56}
2026-08-25 05:03:54,506 [INFO]     [5 | left | 0](candidate_pairs: 28/28 | new_swaps: 0 | total: 1) -> {'max_bond': 8, 'max_links': 4, 'total_elems': 1800, 'total_shapes': 496, 'total_links': 222, 'num_tensors': 56}
2026-08-25 05:03:54,528 [INFO]     [5 | left | 1](candidate_pairs: 27/27 | new_swaps: 0 | total: 1) -> {'max_bond': 8, 'max_links': 4, 'total_elems': 1800, 'total_shapes': 496, 'total_links': 222, 'num_tensors': 56}
2026-08-25 05:03:54,550 [INFO]     [5 | right | 0](candidate_pairs: 28/28 | new_swaps: 0 | total: 1) -> {'max_bond': 8, 'max_links': 4, 'total_elems': 1800, 'total_shapes': 496, 'total_links': 222, 'num_tensors': 56}
2026-08-25 05:03:54,572 [INFO]     [5 | right | 1](candidate_pairs: 27/27 | new_swaps: 0 | total: 1) -> {'max_bond': 8, 'max_links': 4, 'total_elems': 1800, 'total_shapes': 496, 'total_links': 222, 'num_tensors': 56}
2026-08-25 05:03:54,616 [INFO]     [6 | both | 0](candidate_pairs: 28/28 | new_swaps: 0 | total: 0) -> {'max_bond': 8, 'max_links': 4, 'total_elems': 1800, 'total_shapes': 496, 'total_links': 222, 'num_tensors': 56}
2026-08-25 05:03:54,659 [INFO]     [6 | both | 1](candidate_pairs: 27/27 | new_swaps: 0 | total: 0) -> {'max_bond': 8, 'max_links': 4, 'total_elems': 1800, 'total_shapes': 496, 'total_links': 222, 'num_tensors': 56}
2026-08-25 05:03:54,681 [INFO]     [6 | left | 0](candidate_pairs: 28/28 | new_swaps: 0 | total: 0) -> {'max_bond': 8, 'max_links': 4, 'total_elems': 1800, 'total_shapes': 496, 'total_links': 222, 'num_tensors': 56}
2026-08-25 05:03:54,704 [INFO]     [6 | left | 1](candidate_pairs: 27/27 | new_swaps: 0 | total: 0) -> {'max_bond': 8, 'max_links': 4, 'total_elems': 1800, 'total_shapes': 496, 'total_links': 222, 'num_tensors': 56}
2026-08-25 05:03:54,726 [INFO]     [6 | right | 0](candidate_pairs: 28/28 | new_swaps: 0 | total: 0) -> {'max_bond': 8, 'max_links': 4, 'total_elems': 1800, 'total_shapes': 496, 'total_links': 222, 'num_tensors': 56}
2026-08-25 05:03:54,748 [INFO]     [6 | right | 1](candidate_pairs: 27/27 | new_swaps: 0 | total: 0) -> {'max_bond': 8, 'max_links': 4, 'total_elems': 1800, 'total_shapes': 496, 'total_links': 222, 'num_tensors': 56}
2026-08-25 05:03:54,748 [INFO]     [end unswap] -> {'max_bond': 8, 'max_links': 4, 'total_elems': 1800, 'total_shapes': 496, 'total_links': 222, 'num_tensors': 56}
2026-08-25 05:03:55,343 [INFO] [start rewire](phase=post_unswap, cycle=6, side=left, layers=1512, trials=20, seed=123, parallel=False, route_candidates=1, route_score=none)
2026-08-25 05:03:57,293 [INFO] [end rewire](phase=post_unswap, cycle=6, side=left, routed_layers=1589, elapsed_s=1.95)
2026-08-25 05:03:57,293 [INFO] [start rewire](phase=post_unswap, cycle=6, side=right, layers=1521, trials=20, seed=123, parallel=False, route_candidates=1, route_score=none)
2026-08-25 05:03:58,969 [INFO] [end rewire](phase=post_unswap, cycle=6, side=right, routed_layers=1606, elapsed_s=1.68)
2026-08-25 05:03:59,078 [INFO] [1L/1587](swap: 15, u: 0 | c_u: 0 | t_u_l: 15/942 | t_u_r: 20/943 | t_u: 35/1885) -> {'max_bond': 8, 'max_links': 4, 'total_elems': 1800, 'total_shapes': 496, 'total_links': 222, 'num_tensors': 56}
2026-08-25 05:03:59,155 [INFO] [1R/1604](swap: 13, u: 0 | c_u: 0 | t_u_l: 15/942 | t_u_r: 20/943 | t_u: 35/1885) -> {'max_bond': 16, 'max_links': 4, 'total_elems': 3028, 'total_shapes': 598, 'total_links': 222, 'num_tensors': 56}
2026-08-25 05:03:59,235 [INFO] [2L/1587](swap: 13, u: 0 | c_u: 0 | t_u_l: 15/942 | t_u_r: 20/943 | t_u: 35/1885) -> {'max_bond': 16, 'max_links': 4, 'total_elems': 4836, 'total_shapes': 676, 'total_links': 222, 'num_tensors': 56}
2026-08-25 05:03:59,315 [INFO] [3L/1587](swap: 15, u: 0 | c_u: 0 | t_u_l: 15/942 | t_u_r: 20/943 | t_u: 35/1885) -> {'max_bond': 16, 'max_links': 4, 'total_elems': 7208, 'total_shapes': 768, 'total_links': 222, 'num_tensors': 56}
2026-08-25 05:03:59,397 [INFO] [4L/1587](swap: 14, u: 0 | c_u: 0 | t_u_l: 15/942 | t_u_r: 20/943 | t_u: 35/1885) -> {'max_bond': 16, 'max_links': 4, 'total_elems': 11184, 'total_shapes': 926, 'total_links': 222, 'num_tensors': 56}
2026-08-25 05:03:59,484 [INFO] [2R/1604](swap: 13, u: 0 | c_u: 0 | t_u_l: 15/942 | t_u_r: 20/943 | t_u: 35/1885) -> {'max_bond': 64, 'max_links': 4, 'total_elems': 22184, 'total_shapes': 1180, 'total_links': 222, 'num_tensors': 56}
2026-08-25 05:03:59,582 [INFO] [3R/1604](swap: 13, u: 0 | c_u: 0 | t_u_l: 15/942 | t_u_r: 20/943 | t_u: 35/1885) -> {'max_bond': 64, 'max_links': 4, 'total_elems': 32472, 'total_shapes': 1340, 'total_links': 222, 'num_tensors': 56}
2026-08-25 05:03:59,686 [INFO] [4R/1604](swap: 10, u: 0 | c_u: 0 | t_u_l: 15/942 | t_u_r: 20/943 | t_u: 35/1885) -> {'max_bond': 64, 'max_links': 4, 'total_elems': 45352, 'total_shapes': 1616, 'total_links': 222, 'num_tensors': 56}
2026-08-25 05:03:59,803 [INFO] [5R/1604](swap: 8, u: 1 | c_u: 1 | t_u_l: 15/942 | t_u_r: 21/943 | t_u: 36/1885) -> {'max_bond': 64, 'max_links': 4, 'total_elems': 69416, 'total_shapes': 1908, 'total_links': 222, 'num_tensors': 56}
2026-08-25 05:03:59,951 [INFO] [5L/1587](swap: 17, u: 0 | c_u: 1 | t_u_l: 15/942 | t_u_r: 21/943 | t_u: 36/1885) -> {'max_bond': 64, 'max_links': 4, 'total_elems': 121144, 'total_shapes': 2368, 'total_links': 222, 'num_tensors': 56}
2026-08-25 05:04:00,194 [INFO] [6L/1587](swap: 16, u: 1 | c_u: 2 | t_u_l: 16/942 | t_u_r: 21/943 | t_u: 37/1885) -> {'max_bond': 128, 'max_links': 4, 'total_elems': 178016, 'total_shapes': 2848, 'total_links': 222, 'num_tensors': 56}
2026-08-25 05:04:00,456 [INFO] [7L/1587](swap: 14, u: 2 | c_u: 4 | t_u_l: 18/942 | t_u_r: 21/943 | t_u: 39/1885) -> {'max_bond': 128, 'max_links': 4, 'total_elems': 267424, 'total_shapes': 3504, 'total_links': 222, 'num_tensors': 56}
2026-08-25 05:04:00,938 [INFO]     [start unswap] -> {'max_bond': 128, 'max_links': 4, 'total_elems': 267424, 'total_shapes': 3504, 'total_links': 222, 'num_tensors': 56}
2026-08-25 05:04:02,872 [INFO]     [0 | both | 0](candidate_pairs: 28/28 | new_swaps: 6 | total: 6) -> {'max_bond': 128, 'max_links': 4, 'total_elems': 340256, 'total_shapes': 3784, 'total_links': 222, 'num_tensors': 56}
2026-08-25 05:04:04,027 [INFO]     [0 | both | 1](candidate_pairs: 27/27 | new_swaps: 12 | total: 18) -> {'max_bond': 128, 'max_links': 4, 'total_elems': 186272, 'total_shapes': 2824, 'total_links': 222, 'num_tensors': 56}
2026-08-25 05:04:04,305 [INFO]     [0 | left | 0](candidate_pairs: 28/28 | new_swaps: 13 | total: 31) -> {'max_bond': 64, 'max_links': 4, 'total_elems': 90976, 'total_shapes': 2108, 'total_links': 222, 'num_tensors': 56}
2026-08-25 05:04:04,480 [INFO]     [0 | left | 1](candidate_pairs: 27/27 | new_swaps: 11 | total: 42) -> {'max_bond': 64, 'max_links': 4, 'total_elems': 42624, 'total_shapes': 1660, 'total_links': 222, 'num_tensors': 56}
2026-08-25 05:04:04,574 [INFO]     [0 | right | 0](candidate_pairs: 28/28 | new_swaps: 7 | total: 49) -> {'max_bond': 32, 'max_links': 4, 'total_elems': 30080, 'total_shapes': 1404, 'total_links': 222, 'num_tensors': 56}
2026-08-25 05:04:04,662 [INFO]     [0 | right | 1](candidate_pairs: 27/27 | new_swaps: 8 | total: 57) -> {'max_bond': 32, 'max_links': 4, 'total_elems': 21232, 'total_shapes': 1240, 'total_links': 222, 'num_tensors': 56}
2026-08-25 05:04:04,797 [INFO]     [1 | both | 0](candidate_pairs: 28/28 | new_swaps: 13 | total: 13) -> {'max_bond': 16, 'max_links': 4, 'total_elems': 14552, 'total_shapes': 1046, 'total_links': 222, 'num_tensors': 56}
2026-08-25 05:04:04,918 [INFO]     [1 | both | 1](candidate_pairs: 27/27 | new_swaps: 9 | total: 22) -> {'max_bond': 16, 'max_links': 4, 'total_elems': 11764, 'total_shapes': 938, 'total_links': 222, 'num_tensors': 56}
2026-08-25 05:04:04,983 [INFO]     [1 | left | 0](candidate_pairs: 28/28 | new_swaps: 7 | total: 29) -> {'max_bond': 16, 'max_links': 4, 'total_elems': 10128, 'total_shapes': 856, 'total_links': 222, 'num_tensors': 56}
2026-08-25 05:04:05,045 [INFO]     [1 | left | 1](candidate_pairs: 27/27 | new_swaps: 4 | total: 33) -> {'max_bond': 16, 'max_links': 4, 'total_elems': 8276, 'total_shapes': 810, 'total_links': 222, 'num_tensors': 56}
2026-08-25 05:04:05,103 [INFO]     [1 | right | 0](candidate_pairs: 28/28 | new_swaps: 3 | total: 36) -> {'max_bond': 16, 'max_links': 4, 'total_elems': 6996, 'total_shapes': 770, 'total_links': 222, 'num_tensors': 56}
2026-08-25 05:04:05,128 [INFO]     [1 | right | 1](candidate_pairs: 27/27 | new_swaps: 0 | total: 36) -> {'max_bond': 16, 'max_links': 4, 'total_elems': 6996, 'total_shapes': 770, 'total_links': 222, 'num_tensors': 56}
2026-08-25 05:04:05,230 [INFO]     [2 | both | 0](candidate_pairs: 28/28 | new_swaps: 2 | total: 2) -> {'max_bond': 16, 'max_links': 4, 'total_elems': 6744, 'total_shapes': 756, 'total_links': 222, 'num_tensors': 56}
2026-08-25 05:04:05,336 [INFO]     [2 | both | 1](candidate_pairs: 27/27 | new_swaps: 6 | total: 8) -> {'max_bond': 16, 'max_links': 4, 'total_elems': 6372, 'total_shapes': 726, 'total_links': 222, 'num_tensors': 56}
2026-08-25 05:04:05,394 [INFO]     [2 | left | 0](candidate_pairs: 28/28 | new_swaps: 4 | total: 12) -> {'max_bond': 16, 'max_links': 4, 'total_elems': 5604, 'total_shapes': 698, 'total_links': 222, 'num_tensors': 56}
2026-08-25 05:04:05,449 [INFO]     [2 | left | 1](candidate_pairs: 27/27 | new_swaps: 2 | total: 14) -> {'max_bond': 16, 'max_links': 4, 'total_elems': 4764, 'total_shapes': 668, 'total_links': 222, 'num_tensors': 56}
2026-08-25 05:04:05,502 [INFO]     [2 | right | 0](candidate_pairs: 28/28 | new_swaps: 1 | total: 15) -> {'max_bond': 16, 'max_links': 4, 'total_elems': 4716, 'total_shapes': 664, 'total_links': 222, 'num_tensors': 56}
2026-08-25 05:04:05,527 [INFO]     [2 | right | 1](candidate_pairs: 27/27 | new_swaps: 0 | total: 15) -> {'max_bond': 16, 'max_links': 4, 'total_elems': 4716, 'total_shapes': 664, 'total_links': 222, 'num_tensors': 56}
2026-08-25 05:04:05,625 [INFO]     [3 | both | 0](candidate_pairs: 28/28 | new_swaps: 3 | total: 3) -> {'max_bond': 16, 'max_links': 4, 'total_elems': 4500, 'total_shapes': 652, 'total_links': 222, 'num_tensors': 56}
2026-08-25 05:04:05,724 [INFO]     [3 | both | 1](candidate_pairs: 27/27 | new_swaps: 5 | total: 8) -> {'max_bond': 16, 'max_links': 4, 'total_elems': 4152, 'total_shapes': 628, 'total_links': 222, 'num_tensors': 56}
2026-08-25 05:04:05,779 [INFO]     [3 | left | 0](candidate_pairs: 28/28 | new_swaps: 2 | total: 10) -> {'max_bond': 16, 'max_links': 4, 'total_elems': 4032, 'total_shapes': 620, 'total_links': 222, 'num_tensors': 56}
2026-08-25 05:04:05,823 [INFO]     [3 | left | 1](candidate_pairs: 27/27 | new_swaps: 1 | total: 11) -> {'max_bond': 16, 'max_links': 4, 'total_elems': 3872, 'total_shapes': 612, 'total_links': 222, 'num_tensors': 56}
2026-08-25 05:04:05,846 [INFO]     [3 | right | 0](candidate_pairs: 28/28 | new_swaps: 0 | total: 11) -> {'max_bond': 16, 'max_links': 4, 'total_elems': 3872, 'total_shapes': 612, 'total_links': 222, 'num_tensors': 56}
2026-08-25 05:04:05,870 [INFO]     [3 | right | 1](candidate_pairs: 27/27 | new_swaps: 0 | total: 11) -> {'max_bond': 16, 'max_links': 4, 'total_elems': 3872, 'total_shapes': 612, 'total_links': 222, 'num_tensors': 56}
2026-08-25 05:04:05,966 [INFO]     [4 | both | 0](candidate_pairs: 28/28 | new_swaps: 3 | total: 3) -> {'max_bond': 16, 'max_links': 4, 'total_elems': 3656, 'total_shapes': 596, 'total_links': 222, 'num_tensors': 56}
2026-08-25 05:04:06,062 [INFO]     [4 | both | 1](candidate_pairs: 27/27 | new_swaps: 2 | total: 5) -> {'max_bond': 16, 'max_links': 4, 'total_elems': 3596, 'total_shapes': 588, 'total_links': 222, 'num_tensors': 56}
2026-08-25 05:04:06,086 [INFO]     [4 | left | 0](candidate_pairs: 28/28 | new_swaps: 0 | total: 5) -> {'max_bond': 16, 'max_links': 4, 'total_elems': 3596, 'total_shapes': 588, 'total_links': 222, 'num_tensors': 56}
2026-08-25 05:04:06,109 [INFO]     [4 | left | 1](candidate_pairs: 27/27 | new_swaps: 0 | total: 5) -> {'max_bond': 16, 'max_links': 4, 'total_elems': 3596, 'total_shapes': 588, 'total_links': 222, 'num_tensors': 56}
2026-08-25 05:04:06,133 [INFO]     [4 | right | 0](candidate_pairs: 28/28 | new_swaps: 0 | total: 5) -> {'max_bond': 16, 'max_links': 4, 'total_elems': 3596, 'total_shapes': 588, 'total_links': 222, 'num_tensors': 56}
2026-08-25 05:04:06,156 [INFO]     [4 | right | 1](candidate_pairs: 27/27 | new_swaps: 0 | total: 5) -> {'max_bond': 16, 'max_links': 4, 'total_elems': 3596, 'total_shapes': 588, 'total_links': 222, 'num_tensors': 56}
2026-08-25 05:04:06,201 [INFO]     [5 | both | 0](candidate_pairs: 28/28 | new_swaps: 0 | total: 0) -> {'max_bond': 16, 'max_links': 4, 'total_elems': 3596, 'total_shapes': 588, 'total_links': 222, 'num_tensors': 56}
2026-08-25 05:04:06,247 [INFO]     [5 | both | 1](candidate_pairs: 27/27 | new_swaps: 0 | total: 0) -> {'max_bond': 16, 'max_links': 4, 'total_elems': 3596, 'total_shapes': 588, 'total_links': 222, 'num_tensors': 56}
2026-08-25 05:04:06,270 [INFO]     [5 | left | 0](candidate_pairs: 28/28 | new_swaps: 0 | total: 0) -> {'max_bond': 16, 'max_links': 4, 'total_elems': 3596, 'total_shapes': 588, 'total_links': 222, 'num_tensors': 56}
2026-08-25 05:04:06,294 [INFO]     [5 | left | 1](candidate_pairs: 27/27 | new_swaps: 0 | total: 0) -> {'max_bond': 16, 'max_links': 4, 'total_elems': 3596, 'total_shapes': 588, 'total_links': 222, 'num_tensors': 56}
2026-08-25 05:04:06,317 [INFO]     [5 | right | 0](candidate_pairs: 28/28 | new_swaps: 0 | total: 0) -> {'max_bond': 16, 'max_links': 4, 'total_elems': 3596, 'total_shapes': 588, 'total_links': 222, 'num_tensors': 56}
2026-08-25 05:04:06,340 [INFO]     [5 | right | 1](candidate_pairs: 27/27 | new_swaps: 0 | total: 0) -> {'max_bond': 16, 'max_links': 4, 'total_elems': 3596, 'total_shapes': 588, 'total_links': 222, 'num_tensors': 56}
2026-08-25 05:04:06,341 [INFO]     [end unswap] -> {'max_bond': 16, 'max_links': 4, 'total_elems': 3596, 'total_shapes': 588, 'total_links': 222, 'num_tensors': 56}
2026-08-25 05:04:06,928 [INFO] [start rewire](phase=post_unswap, cycle=7, side=left, layers=1582, trials=20, seed=123, parallel=False, route_candidates=1, route_score=none)
2026-08-25 05:04:08,868 [INFO] [end rewire](phase=post_unswap, cycle=7, side=left, routed_layers=1432, elapsed_s=1.94)
2026-08-25 05:04:08,869 [INFO] [start rewire](phase=post_unswap, cycle=7, side=right, layers=1601, trials=20, seed=123, parallel=False, route_candidates=1, route_score=none)
2026-08-25 05:04:10,076 [INFO] [end rewire](phase=post_unswap, cycle=7, side=right, routed_layers=1528, elapsed_s=1.21)
2026-08-25 05:04:10,191 [INFO] [1L/1430](swap: 11, u: 0 | c_u: 0 | t_u_l: 18/942 | t_u_r: 21/943 | t_u: 39/1885) -> {'max_bond': 16, 'max_links': 4, 'total_elems': 3596, 'total_shapes': 588, 'total_links': 222, 'num_tensors': 56}
2026-08-25 05:04:10,271 [INFO] [2L/1430](swap: 12, u: 0 | c_u: 0 | t_u_l: 18/942 | t_u_r: 21/943 | t_u: 39/1885) -> {'max_bond': 16, 'max_links': 4, 'total_elems': 4268, 'total_shapes': 650, 'total_links': 222, 'num_tensors': 56}
2026-08-25 05:04:10,353 [INFO] [1R/1526](swap: 13, u: 0 | c_u: 0 | t_u_l: 18/942 | t_u_r: 21/943 | t_u: 39/1885) -> {'max_bond': 16, 'max_links': 4, 'total_elems': 5256, 'total_shapes': 728, 'total_links': 222, 'num_tensors': 56}
2026-08-25 05:04:10,436 [INFO] [3L/1430](swap: 12, u: 0 | c_u: 0 | t_u_l: 18/942 | t_u_r: 21/943 | t_u: 39/1885) -> {'max_bond': 16, 'max_links': 4, 'total_elems': 7224, 'total_shapes': 834, 'total_links': 222, 'num_tensors': 56}
2026-08-25 05:04:10,519 [INFO] [2R/1526](swap: 13, u: 0 | c_u: 0 | t_u_l: 18/942 | t_u_r: 21/943 | t_u: 39/1885) -> {'max_bond': 16, 'max_links': 4, 'total_elems': 12264, 'total_shapes': 1046, 'total_links': 222, 'num_tensors': 56}
2026-08-25 05:04:10,606 [INFO] [3R/1526](swap: 10, u: 1 | c_u: 1 | t_u_l: 18/942 | t_u_r: 22/943 | t_u: 40/1885) -> {'max_bond': 16, 'max_links': 4, 'total_elems': 18232, 'total_shapes': 1194, 'total_links': 222, 'num_tensors': 56}
2026-08-25 05:04:10,702 [INFO] [4L/1430](swap: 14, u: 0 | c_u: 1 | t_u_l: 18/942 | t_u_r: 22/943 | t_u: 40/1885) -> {'max_bond': 64, 'max_links': 4, 'total_elems': 32736, 'total_shapes': 1472, 'total_links': 222, 'num_tensors': 56}
2026-08-25 05:04:10,821 [INFO] [4R/1526](swap: 15, u: 1 | c_u: 2 | t_u_l: 18/942 | t_u_r: 23/943 | t_u: 41/1885) -> {'max_bond': 64, 'max_links': 4, 'total_elems': 59488, 'total_shapes': 1828, 'total_links': 222, 'num_tensors': 56}
2026-08-25 05:04:10,974 [INFO] [5R/1526](swap: 12, u: 2 | c_u: 4 | t_u_l: 18/942 | t_u_r: 25/943 | t_u: 43/1885) -> {'max_bond': 64, 'max_links': 4, 'total_elems': 104128, 'total_shapes': 2284, 'total_links': 222, 'num_tensors': 56}
2026-08-25 05:04:11,180 [INFO] [6R/1526](swap: 13, u: 2 | c_u: 6 | t_u_l: 18/942 | t_u_r: 27/943 | t_u: 45/1885) -> {'max_bond': 64, 'max_links': 4, 'total_elems': 185824, 'total_shapes': 2760, 'total_links': 222, 'num_tensors': 56}
2026-08-25 05:04:11,488 [INFO]     [start unswap] -> {'max_bond': 64, 'max_links': 4, 'total_elems': 185824, 'total_shapes': 2760, 'total_links': 222, 'num_tensors': 56}
2026-08-25 05:04:12,520 [INFO]     [0 | both | 0](candidate_pairs: 28/28 | new_swaps: 6 | total: 6) -> {'max_bond': 256, 'max_links': 4, 'total_elems': 275072, 'total_shapes': 3164, 'total_links': 222, 'num_tensors': 56}
2026-08-25 05:04:13,177 [INFO]     [0 | both | 1](candidate_pairs: 27/27 | new_swaps: 9 | total: 15) -> {'max_bond': 64, 'max_links': 4, 'total_elems': 102560, 'total_shapes': 2236, 'total_links': 222, 'num_tensors': 56}
2026-08-25 05:04:13,346 [INFO]     [0 | left | 0](candidate_pairs: 28/28 | new_swaps: 9 | total: 24) -> {'max_bond': 64, 'max_links': 4, 'total_elems': 75168, 'total_shapes': 1836, 'total_links': 222, 'num_tensors': 56}
2026-08-25 05:04:13,509 [INFO]     [0 | left | 1](candidate_pairs: 27/27 | new_swaps: 13 | total: 37) -> {'max_bond': 64, 'max_links': 4, 'total_elems': 39448, 'total_shapes': 1486, 'total_links': 222, 'num_tensors': 56}
2026-08-25 05:04:13,602 [INFO]     [0 | right | 0](candidate_pairs: 28/28 | new_swaps: 9 | total: 46) -> {'max_bond': 32, 'max_links': 4, 'total_elems': 21848, 'total_shapes': 1174, 'total_links': 222, 'num_tensors': 56}
2026-08-25 05:04:13,679 [INFO]     [0 | right | 1](candidate_pairs: 27/27 | new_swaps: 9 | total: 55) -> {'max_bond': 32, 'max_links': 4, 'total_elems': 15248, 'total_shapes': 1044, 'total_links': 222, 'num_tensors': 56}
2026-08-25 05:04:13,804 [INFO]     [1 | both | 0](candidate_pairs: 28/28 | new_swaps: 7 | total: 7) -> {'max_bond': 32, 'max_links': 4, 'total_elems': 11712, 'total_shapes': 940, 'total_links': 222, 'num_tensors': 56}
2026-08-25 05:04:13,921 [INFO]     [1 | both | 1](candidate_pairs: 27/27 | new_swaps: 6 | total: 13) -> {'max_bond': 32, 'max_links': 4, 'total_elems': 8784, 'total_shapes': 842, 'total_links': 222, 'num_tensors': 56}
2026-08-25 05:04:13,982 [INFO]     [1 | left | 0](candidate_pairs: 28/28 | new_swaps: 5 | total: 18) -> {'max_bond': 16, 'max_links': 4, 'total_elems': 6676, 'total_shapes': 768, 'total_links': 222, 'num_tensors': 56}
2026-08-25 05:04:14,041 [INFO]     [1 | left | 1](candidate_pairs: 27/27 | new_swaps: 3 | total: 21) -> {'max_bond': 16, 'max_links': 4, 'total_elems': 5412, 'total_shapes': 736, 'total_links': 222, 'num_tensors': 56}
2026-08-25 05:04:14,098 [INFO]     [1 | right | 0](candidate_pairs: 28/28 | new_swaps: 5 | total: 26) -> {'max_bond': 8, 'max_links': 4, 'total_elems': 4216, 'total_shapes': 676, 'total_links': 222, 'num_tensors': 56}
2026-08-25 05:04:14,152 [INFO]     [1 | right | 1](candidate_pairs: 27/27 | new_swaps: 1 | total: 27) -> {'max_bond': 8, 'max_links': 4, 'total_elems': 4088, 'total_shapes': 668, 'total_links': 222, 'num_tensors': 56}
2026-08-25 05:04:14,251 [INFO]     [2 | both | 0](candidate_pairs: 28/28 | new_swaps: 4 | total: 4) -> {'max_bond': 8, 'max_links': 4, 'total_elems': 3764, 'total_shapes': 646, 'total_links': 222, 'num_tensors': 56}
2026-08-25 05:04:14,296 [INFO]     [2 | both | 1](candidate_pairs: 27/27 | new_swaps: 0 | total: 4) -> {'max_bond': 8, 'max_links': 4, 'total_elems': 3764, 'total_shapes': 646, 'total_links': 222, 'num_tensors': 56}
2026-08-25 05:04:14,320 [INFO]     [2 | left | 0](candidate_pairs: 28/28 | new_swaps: 0 | total: 4) -> {'max_bond': 8, 'max_links': 4, 'total_elems': 3764, 'total_shapes': 646, 'total_links': 222, 'num_tensors': 56}
2026-08-25 05:04:14,364 [INFO]     [2 | left | 1](candidate_pairs: 27/27 | new_swaps: 1 | total: 5) -> {'max_bond': 8, 'max_links': 4, 'total_elems': 3740, 'total_shapes': 640, 'total_links': 222, 'num_tensors': 56}
2026-08-25 05:04:14,387 [INFO]     [2 | right | 0](candidate_pairs: 28/28 | new_swaps: 0 | total: 5) -> {'max_bond': 8, 'max_links': 4, 'total_elems': 3740, 'total_shapes': 640, 'total_links': 222, 'num_tensors': 56}
2026-08-25 05:04:14,430 [INFO]     [2 | right | 1](candidate_pairs: 27/27 | new_swaps: 1 | total: 6) -> {'max_bond': 8, 'max_links': 4, 'total_elems': 3580, 'total_shapes': 632, 'total_links': 222, 'num_tensors': 56}
2026-08-25 05:04:14,476 [INFO]     [3 | both | 0](candidate_pairs: 28/28 | new_swaps: 0 | total: 0) -> {'max_bond': 8, 'max_links': 4, 'total_elems': 3580, 'total_shapes': 632, 'total_links': 222, 'num_tensors': 56}
2026-08-25 05:04:14,522 [INFO]     [3 | both | 1](candidate_pairs: 27/27 | new_swaps: 0 | total: 0) -> {'max_bond': 8, 'max_links': 4, 'total_elems': 3580, 'total_shapes': 632, 'total_links': 222, 'num_tensors': 56}
2026-08-25 05:04:14,546 [INFO]     [3 | left | 0](candidate_pairs: 28/28 | new_swaps: 0 | total: 0) -> {'max_bond': 8, 'max_links': 4, 'total_elems': 3580, 'total_shapes': 632, 'total_links': 222, 'num_tensors': 56}
2026-08-25 05:04:14,570 [INFO]     [3 | left | 1](candidate_pairs: 27/27 | new_swaps: 0 | total: 0) -> {'max_bond': 8, 'max_links': 4, 'total_elems': 3580, 'total_shapes': 632, 'total_links': 222, 'num_tensors': 56}
2026-08-25 05:04:14,613 [INFO]     [3 | right | 0](candidate_pairs: 28/28 | new_swaps: 1 | total: 1) -> {'max_bond': 8, 'max_links': 4, 'total_elems': 3388, 'total_shapes': 624, 'total_links': 222, 'num_tensors': 56}
2026-08-25 05:04:14,655 [INFO]     [3 | right | 1](candidate_pairs: 27/27 | new_swaps: 1 | total: 2) -> {'max_bond': 8, 'max_links': 4, 'total_elems': 3260, 'total_shapes': 616, 'total_links': 222, 'num_tensors': 56}
2026-08-25 05:04:14,700 [INFO]     [4 | both | 0](candidate_pairs: 28/28 | new_swaps: 0 | total: 0) -> {'max_bond': 8, 'max_links': 4, 'total_elems': 3260, 'total_shapes': 616, 'total_links': 222, 'num_tensors': 56}
2026-08-25 05:04:14,745 [INFO]     [4 | both | 1](candidate_pairs: 27/27 | new_swaps: 0 | total: 0) -> {'max_bond': 8, 'max_links': 4, 'total_elems': 3260, 'total_shapes': 616, 'total_links': 222, 'num_tensors': 56}
2026-08-25 05:04:14,769 [INFO]     [4 | left | 0](candidate_pairs: 28/28 | new_swaps: 0 | total: 0) -> {'max_bond': 8, 'max_links': 4, 'total_elems': 3260, 'total_shapes': 616, 'total_links': 222, 'num_tensors': 56}
2026-08-25 05:04:14,792 [INFO]     [4 | left | 1](candidate_pairs: 27/27 | new_swaps: 0 | total: 0) -> {'max_bond': 8, 'max_links': 4, 'total_elems': 3260, 'total_shapes': 616, 'total_links': 222, 'num_tensors': 56}
2026-08-25 05:04:14,815 [INFO]     [4 | right | 0](candidate_pairs: 28/28 | new_swaps: 0 | total: 0) -> {'max_bond': 8, 'max_links': 4, 'total_elems': 3260, 'total_shapes': 616, 'total_links': 222, 'num_tensors': 56}
2026-08-25 05:04:14,838 [INFO]     [4 | right | 1](candidate_pairs: 27/27 | new_swaps: 0 | total: 0) -> {'max_bond': 8, 'max_links': 4, 'total_elems': 3260, 'total_shapes': 616, 'total_links': 222, 'num_tensors': 56}
2026-08-25 05:04:14,838 [INFO]     [end unswap] -> {'max_bond': 8, 'max_links': 4, 'total_elems': 3260, 'total_shapes': 616, 'total_links': 222, 'num_tensors': 56}
2026-08-25 05:04:15,391 [INFO] [start rewire](phase=post_unswap, cycle=8, side=left, layers=1428, trials=20, seed=123, parallel=False, route_candidates=1, route_score=none)
2026-08-25 05:04:17,731 [INFO] [end rewire](phase=post_unswap, cycle=8, side=left, routed_layers=1427, elapsed_s=2.34)
2026-08-25 05:04:17,731 [INFO] [start rewire](phase=post_unswap, cycle=8, side=right, layers=1522, trials=20, seed=123, parallel=False, route_candidates=1, route_score=none)
2026-08-25 05:04:18,935 [INFO] [end rewire](phase=post_unswap, cycle=8, side=right, routed_layers=1565, elapsed_s=1.20)
2026-08-25 05:04:19,057 [INFO] [1L/1425](swap: 14, u: 0 | c_u: 0 | t_u_l: 18/942 | t_u_r: 27/943 | t_u: 45/1885) -> {'max_bond': 8, 'max_links': 4, 'total_elems': 3260, 'total_shapes': 616, 'total_links': 222, 'num_tensors': 56}
2026-08-25 05:04:19,141 [INFO] [1R/1563](swap: 13, u: 2 | c_u: 2 | t_u_l: 18/942 | t_u_r: 29/943 | t_u: 47/1885) -> {'max_bond': 16, 'max_links': 4, 'total_elems': 5356, 'total_shapes': 740, 'total_links': 222, 'num_tensors': 56}
2026-08-25 05:04:19,231 [INFO] [2L/1425](swap: 17, u: 0 | c_u: 2 | t_u_l: 18/942 | t_u_r: 29/943 | t_u: 47/1885) -> {'max_bond': 16, 'max_links': 4, 'total_elems': 7676, 'total_shapes': 836, 'total_links': 222, 'num_tensors': 56}
2026-08-25 05:04:19,321 [INFO] [2R/1563](swap: 10, u: 3 | c_u: 5 | t_u_l: 18/942 | t_u_r: 32/943 | t_u: 50/1885) -> {'max_bond': 16, 'max_links': 4, 'total_elems': 11964, 'total_shapes': 960, 'total_links': 222, 'num_tensors': 56}
2026-08-25 05:04:19,416 [INFO] [3L/1425](swap: 15, u: 1 | c_u: 6 | t_u_l: 19/942 | t_u_r: 32/943 | t_u: 51/1885) -> {'max_bond': 32, 'max_links': 4, 'total_elems': 16604, 'total_shapes': 1128, 'total_links': 222, 'num_tensors': 56}
2026-08-25 05:04:19,516 [INFO] [4L/1425](swap: 13, u: 1 | c_u: 7 | t_u_l: 20/942 | t_u_r: 32/943 | t_u: 52/1885) -> {'max_bond': 64, 'max_links': 4, 'total_elems': 34908, 'total_shapes': 1448, 'total_links': 222, 'num_tensors': 56}
2026-08-25 05:04:19,631 [INFO] [3R/1563](swap: 12, u: 1 | c_u: 8 | t_u_l: 20/942 | t_u_r: 33/943 | t_u: 53/1885) -> {'max_bond': 64, 'max_links': 4, 'total_elems': 51036, 'total_shapes': 1688, 'total_links': 222, 'num_tensors': 56}
2026-08-25 05:04:19,779 [INFO] [4R/1563](swap: 12, u: 1 | c_u: 9 | t_u_l: 20/942 | t_u_r: 34/943 | t_u: 54/1885) -> {'max_bond': 64, 'max_links': 4, 'total_elems': 80668, 'total_shapes': 1968, 'total_links': 222, 'num_tensors': 56}
2026-08-25 05:04:19,946 [INFO] [5R/1563](swap: 9, u: 0 | c_u: 9 | t_u_l: 20/942 | t_u_r: 34/943 | t_u: 54/1885) -> {'max_bond': 64, 'max_links': 4, 'total_elems': 92316, 'total_shapes': 2152, 'total_links': 222, 'num_tensors': 56}
2026-08-25 05:04:20,136 [INFO] [6R/1563](swap: 7, u: 4 | c_u: 13 | t_u_l: 20/942 | t_u_r: 38/943 | t_u: 58/1885) -> {'max_bond': 128, 'max_links': 4, 'total_elems': 139676, 'total_shapes': 2576, 'total_links': 222, 'num_tensors': 56}
2026-08-25 05:04:20,427 [INFO] [5L/1425](swap: 14, u: 2 | c_u: 15 | t_u_l: 22/942 | t_u_r: 38/943 | t_u: 60/1885) -> {'max_bond': 128, 'max_links': 4, 'total_elems': 279704, 'total_shapes': 3318, 'total_links': 222, 'num_tensors': 56}
2026-08-25 05:04:20,955 [INFO]     [start unswap] -> {'max_bond': 128, 'max_links': 4, 'total_elems': 279704, 'total_shapes': 3318, 'total_links': 222, 'num_tensors': 56}
2026-08-25 05:04:22,615 [INFO]     [0 | both | 0](candidate_pairs: 28/28 | new_swaps: 5 | total: 5) -> {'max_bond': 128, 'max_links': 4, 'total_elems': 236448, 'total_shapes': 3036, 'total_links': 222, 'num_tensors': 56}
2026-08-25 05:04:23,182 [INFO]     [0 | both | 1](candidate_pairs: 27/27 | new_swaps: 11 | total: 16) -> {'max_bond': 128, 'max_links': 4, 'total_elems': 111136, 'total_shapes': 2344, 'total_links': 222, 'num_tensors': 56}
2026-08-25 05:04:23,380 [INFO]     [0 | left | 0](candidate_pairs: 28/28 | new_swaps: 10 | total: 26) -> {'max_bond': 32, 'max_links': 4, 'total_elems': 56672, 'total_shapes': 1816, 'total_links': 222, 'num_tensors': 56}
2026-08-25 05:04:23,502 [INFO]     [0 | left | 1](candidate_pairs: 27/27 | new_swaps: 12 | total: 38) -> {'max_bond': 32, 'max_links': 4, 'total_elems': 38040, 'total_shapes': 1514, 'total_links': 222, 'num_tensors': 56}
2026-08-25 05:04:23,597 [INFO]     [0 | right | 0](candidate_pairs: 28/28 | new_swaps: 8 | total: 46) -> {'max_bond': 32, 'max_links': 4, 'total_elems': 32880, 'total_shapes': 1366, 'total_links': 222, 'num_tensors': 56}
2026-08-25 05:04:23,684 [INFO]     [0 | right | 1](candidate_pairs: 27/27 | new_swaps: 7 | total: 53) -> {'max_bond': 32, 'max_links': 4, 'total_elems': 30104, 'total_shapes': 1286, 'total_links': 222, 'num_tensors': 56}
2026-08-25 05:04:23,848 [INFO]     [1 | both | 0](candidate_pairs: 28/28 | new_swaps: 7 | total: 7) -> {'max_bond': 32, 'max_links': 4, 'total_elems': 24392, 'total_shapes': 1186, 'total_links': 222, 'num_tensors': 56}
2026-08-25 05:04:23,995 [INFO]     [1 | both | 1](candidate_pairs: 27/27 | new_swaps: 7 | total: 14) -> {'max_bond': 32, 'max_links': 4, 'total_elems': 16344, 'total_shapes': 1046, 'total_links': 222, 'num_tensors': 56}
2026-08-25 05:04:24,066 [INFO]     [1 | left | 0](candidate_pairs: 28/28 | new_swaps: 7 | total: 21) -> {'max_bond': 16, 'max_links': 4, 'total_elems': 12120, 'total_shapes': 940, 'total_links': 222, 'num_tensors': 56}
2026-08-25 05:04:24,133 [INFO]     [1 | left | 1](candidate_pairs: 27/27 | new_swaps: 5 | total: 26) -> {'max_bond': 16, 'max_links': 4, 'total_elems': 10136, 'total_shapes': 882, 'total_links': 222, 'num_tensors': 56}
2026-08-25 05:04:24,193 [INFO]     [1 | right | 0](candidate_pairs: 28/28 | new_swaps: 2 | total: 28) -> {'max_bond': 16, 'max_links': 4, 'total_elems': 9600, 'total_shapes': 862, 'total_links': 222, 'num_tensors': 56}
2026-08-25 05:04:24,223 [INFO]     [1 | right | 1](candidate_pairs: 27/27 | new_swaps: 0 | total: 28) -> {'max_bond': 16, 'max_links': 4, 'total_elems': 9600, 'total_shapes': 862, 'total_links': 222, 'num_tensors': 56}
2026-08-25 05:04:24,401 [INFO]     [2 | both | 0](candidate_pairs: 28/28 | new_swaps: 5 | total: 5) -> {'max_bond': 16, 'max_links': 4, 'total_elems': 8324, 'total_shapes': 816, 'total_links': 222, 'num_tensors': 56}
2026-08-25 05:04:24,508 [INFO]     [2 | both | 1](candidate_pairs: 27/27 | new_swaps: 4 | total: 9) -> {'max_bond': 16, 'max_links': 4, 'total_elems': 7368, 'total_shapes': 778, 'total_links': 222, 'num_tensors': 56}
2026-08-25 05:04:24,555 [INFO]     [2 | left | 0](candidate_pairs: 28/28 | new_swaps: 1 | total: 10) -> {'max_bond': 16, 'max_links': 4, 'total_elems': 7328, 'total_shapes': 774, 'total_links': 222, 'num_tensors': 56}
2026-08-25 05:04:24,582 [INFO]     [2 | left | 1](candidate_pairs: 27/27 | new_swaps: 0 | total: 10) -> {'max_bond': 16, 'max_links': 4, 'total_elems': 7328, 'total_shapes': 774, 'total_links': 222, 'num_tensors': 56}
2026-08-25 05:04:24,609 [INFO]     [2 | right | 0](candidate_pairs: 28/28 | new_swaps: 0 | total: 10) -> {'max_bond': 16, 'max_links': 4, 'total_elems': 7328, 'total_shapes': 774, 'total_links': 222, 'num_tensors': 56}
2026-08-25 05:04:24,666 [INFO]     [2 | right | 1](candidate_pairs: 27/27 | new_swaps: 2 | total: 12) -> {'max_bond': 16, 'max_links': 4, 'total_elems': 6912, 'total_shapes': 758, 'total_links': 222, 'num_tensors': 56}
2026-08-25 05:04:24,768 [INFO]     [3 | both | 0](candidate_pairs: 28/28 | new_swaps: 2 | total: 2) -> {'max_bond': 16, 'max_links': 4, 'total_elems': 6528, 'total_shapes': 742, 'total_links': 222, 'num_tensors': 56}
2026-08-25 05:04:24,869 [INFO]     [3 | both | 1](candidate_pairs: 27/27 | new_swaps: 1 | total: 3) -> {'max_bond': 16, 'max_links': 4, 'total_elems': 6336, 'total_shapes': 730, 'total_links': 222, 'num_tensors': 56}
2026-08-25 05:04:24,895 [INFO]     [3 | left | 0](candidate_pairs: 28/28 | new_swaps: 0 | total: 3) -> {'max_bond': 16, 'max_links': 4, 'total_elems': 6336, 'total_shapes': 730, 'total_links': 222, 'num_tensors': 56}
2026-08-25 05:04:24,921 [INFO]     [3 | left | 1](candidate_pairs: 27/27 | new_swaps: 0 | total: 3) -> {'max_bond': 16, 'max_links': 4, 'total_elems': 6336, 'total_shapes': 730, 'total_links': 222, 'num_tensors': 56}
2026-08-25 05:04:24,966 [INFO]     [3 | right | 0](candidate_pairs: 28/28 | new_swaps: 1 | total: 4) -> {'max_bond': 16, 'max_links': 4, 'total_elems': 6144, 'total_shapes': 722, 'total_links': 222, 'num_tensors': 56}
2026-08-25 05:04:24,991 [INFO]     [3 | right | 1](candidate_pairs: 27/27 | new_swaps: 0 | total: 4) -> {'max_bond': 16, 'max_links': 4, 'total_elems': 6144, 'total_shapes': 722, 'total_links': 222, 'num_tensors': 56}
2026-08-25 05:04:25,041 [INFO]     [4 | both | 0](candidate_pairs: 28/28 | new_swaps: 0 | total: 0) -> {'max_bond': 16, 'max_links': 4, 'total_elems': 6144, 'total_shapes': 722, 'total_links': 222, 'num_tensors': 56}
2026-08-25 05:04:25,091 [INFO]     [4 | both | 1](candidate_pairs: 27/27 | new_swaps: 0 | total: 0) -> {'max_bond': 16, 'max_links': 4, 'total_elems': 6144, 'total_shapes': 722, 'total_links': 222, 'num_tensors': 56}
2026-08-25 05:04:25,117 [INFO]     [4 | left | 0](candidate_pairs: 28/28 | new_swaps: 0 | total: 0) -> {'max_bond': 16, 'max_links': 4, 'total_elems': 6144, 'total_shapes': 722, 'total_links': 222, 'num_tensors': 56}
2026-08-25 05:04:25,142 [INFO]     [4 | left | 1](candidate_pairs: 27/27 | new_swaps: 0 | total: 0) -> {'max_bond': 16, 'max_links': 4, 'total_elems': 6144, 'total_shapes': 722, 'total_links': 222, 'num_tensors': 56}
2026-08-25 05:04:25,167 [INFO]     [4 | right | 0](candidate_pairs: 28/28 | new_swaps: 0 | total: 0) -> {'max_bond': 16, 'max_links': 4, 'total_elems': 6144, 'total_shapes': 722, 'total_links': 222, 'num_tensors': 56}
2026-08-25 05:04:25,192 [INFO]     [4 | right | 1](candidate_pairs: 27/27 | new_swaps: 0 | total: 0) -> {'max_bond': 16, 'max_links': 4, 'total_elems': 6144, 'total_shapes': 722, 'total_links': 222, 'num_tensors': 56}
2026-08-25 05:04:25,193 [INFO]     [end unswap] -> {'max_bond': 16, 'max_links': 4, 'total_elems': 6144, 'total_shapes': 722, 'total_links': 222, 'num_tensors': 56}
2026-08-25 05:04:25,800 [INFO] [start rewire](phase=post_unswap, cycle=9, side=left, layers=1422, trials=20, seed=123, parallel=False, route_candidates=1, route_score=none)
2026-08-25 05:04:27,694 [INFO] [end rewire](phase=post_unswap, cycle=9, side=left, routed_layers=1460, elapsed_s=1.89)
2026-08-25 05:04:27,694 [INFO] [start rewire](phase=post_unswap, cycle=9, side=right, layers=1559, trials=20, seed=123, parallel=False, route_candidates=1, route_score=none)
2026-08-25 05:04:29,320 [INFO] [end rewire](phase=post_unswap, cycle=9, side=right, routed_layers=1597, elapsed_s=1.63)
2026-08-25 05:04:29,449 [INFO] [1L/1458](swap: 13, u: 0 | c_u: 0 | t_u_l: 22/942 | t_u_r: 38/943 | t_u: 60/1885) -> {'max_bond': 16, 'max_links': 4, 'total_elems': 6144, 'total_shapes': 722, 'total_links': 222, 'num_tensors': 56}
2026-08-25 05:04:29,535 [INFO] [1R/1595](swap: 11, u: 1 | c_u: 1 | t_u_l: 22/942 | t_u_r: 39/943 | t_u: 61/1885) -> {'max_bond': 16, 'max_links': 4, 'total_elems': 7764, 'total_shapes': 812, 'total_links': 222, 'num_tensors': 56}
2026-08-25 05:04:29,624 [INFO] [2L/1458](swap: 16, u: 0 | c_u: 1 | t_u_l: 22/942 | t_u_r: 39/943 | t_u: 61/1885) -> {'max_bond': 16, 'max_links': 4, 'total_elems': 9148, 'total_shapes': 876, 'total_links': 222, 'num_tensors': 56}
2026-08-25 05:04:29,715 [INFO] [2R/1595](swap: 10, u: 2 | c_u: 3 | t_u_l: 22/942 | t_u_r: 41/943 | t_u: 63/1885) -> {'max_bond': 16, 'max_links': 4, 'total_elems': 12484, 'total_shapes': 978, 'total_links': 222, 'num_tensors': 56}
2026-08-25 05:04:29,810 [INFO] [3R/1595](swap: 10, u: 2 | c_u: 5 | t_u_l: 22/942 | t_u_r: 43/943 | t_u: 65/1885) -> {'max_bond': 32, 'max_links': 4, 'total_elems': 17316, 'total_shapes': 1122, 'total_links': 222, 'num_tensors': 56}
2026-08-25 05:04:29,905 [INFO] [4R/1595](swap: 9, u: 1 | c_u: 6 | t_u_l: 22/942 | t_u_r: 44/943 | t_u: 66/1885) -> {'max_bond': 32, 'max_links': 4, 'total_elems': 25540, 'total_shapes': 1254, 'total_links': 222, 'num_tensors': 56}
2026-08-25 05:04:30,012 [INFO] [5R/1595](swap: 8, u: 2 | c_u: 8 | t_u_l: 22/942 | t_u_r: 46/943 | t_u: 68/1885) -> {'max_bond': 32, 'max_links': 4, 'total_elems': 29796, 'total_shapes': 1342, 'total_links': 222, 'num_tensors': 56}
2026-08-25 05:04:30,120 [INFO] [6R/1595](swap: 6, u: 1 | c_u: 9 | t_u_l: 22/942 | t_u_r: 47/943 | t_u: 69/1885) -> {'max_bond': 32, 'max_links': 4, 'total_elems': 34500, 'total_shapes': 1436, 'total_links': 222, 'num_tensors': 56}
2026-08-25 05:04:30,237 [INFO] [7R/1595](swap: 8, u: 1 | c_u: 10 | t_u_l: 22/942 | t_u_r: 48/943 | t_u: 70/1885) -> {'max_bond': 64, 'max_links': 4, 'total_elems': 47684, 'total_shapes': 1644, 'total_links': 222, 'num_tensors': 56}
2026-08-25 05:04:30,368 [INFO] [8R/1595](swap: 7, u: 1 | c_u: 11 | t_u_l: 22/942 | t_u_r: 49/943 | t_u: 71/1885) -> {'max_bond': 64, 'max_links': 4, 'total_elems': 61252, 'total_shapes': 1820, 'total_links': 222, 'num_tensors': 56}
2026-08-25 05:04:30,508 [INFO] [9R/1595](swap: 6, u: 0 | c_u: 11 | t_u_l: 22/942 | t_u_r: 49/943 | t_u: 71/1885) -> {'max_bond': 64, 'max_links': 4, 'total_elems': 81988, 'total_shapes': 2076, 'total_links': 222, 'num_tensors': 56}
2026-08-25 05:04:30,668 [INFO] [10R/1595](swap: 6, u: 0 | c_u: 11 | t_u_l: 22/942 | t_u_r: 49/943 | t_u: 71/1885) -> {'max_bond': 64, 'max_links': 4, 'total_elems': 115328, 'total_shapes': 2306, 'total_links': 222, 'num_tensors': 56}
2026-08-25 05:04:30,841 [INFO] [11R/1595](swap: 5, u: 0 | c_u: 11 | t_u_l: 22/942 | t_u_r: 49/943 | t_u: 71/1885) -> {'max_bond': 64, 'max_links': 4, 'total_elems': 123872, 'total_shapes': 2400, 'total_links': 222, 'num_tensors': 56}
2026-08-25 05:04:31,026 [INFO] [12R/1595](swap: 5, u: 1 | c_u: 12 | t_u_l: 22/942 | t_u_r: 50/943 | t_u: 72/1885) -> {'max_bond': 64, 'max_links': 4, 'total_elems': 157024, 'total_shapes': 2744, 'total_links': 222, 'num_tensors': 56}
2026-08-25 05:04:31,276 [INFO] [3L/1458](swap: 18, u: 0 | c_u: 12 | t_u_l: 22/942 | t_u_r: 50/943 | t_u: 72/1885) -> {'max_bond': 64, 'max_links': 4, 'total_elems': 207200, 'total_shapes': 3160, 'total_links': 222, 'num_tensors': 56}
2026-08-25 05:04:31,666 [INFO] [13R/1595](swap: 7, u: 0 | c_u: 12 | t_u_l: 22/942 | t_u_r: 50/943 | t_u: 72/1885) -> {'max_bond': 128, 'max_links': 4, 'total_elems': 285984, 'total_shapes': 3520, 'total_links': 222, 'num_tensors': 56}
2026-08-25 05:04:32,112 [INFO] [14R/1595](swap: 7, u: 1 | c_u: 13 | t_u_l: 22/942 | t_u_r: 51/943 | t_u: 73/1885) -> {'max_bond': 128, 'max_links': 4, 'total_elems': 362016, 'total_shapes': 4072, 'total_links': 222, 'num_tensors': 56}
2026-08-25 05:04:32,663 [INFO] [15R/1595](swap: 7, u: 1 | c_u: 14 | t_u_l: 22/942 | t_u_r: 52/943 | t_u: 74/1885) -> {'max_bond': 128, 'max_links': 4, 'total_elems': 461856, 'total_shapes': 4664, 'total_links': 222, 'num_tensors': 56}
2026-08-25 05:04:33,364 [INFO]     [start unswap] -> {'max_bond': 128, 'max_links': 4, 'total_elems': 461856, 'total_shapes': 4664, 'total_links': 222, 'num_tensors': 56}
2026-08-25 05:04:37,889 [INFO]     [0 | both | 0](candidate_pairs: 28/28 | new_swaps: 5 | total: 5) -> {'max_bond': 256, 'max_links': 4, 'total_elems': 641824, 'total_shapes': 5128, 'total_links': 222, 'num_tensors': 56}
2026-08-25 05:04:39,723 [INFO]     [0 | both | 1](candidate_pairs: 27/27 | new_swaps: 13 | total: 18) -> {'max_bond': 128, 'max_links': 4, 'total_elems': 291488, 'total_shapes': 3864, 'total_links': 222, 'num_tensors': 56}
2026-08-25 05:04:40,161 [INFO]     [0 | left | 0](candidate_pairs: 28/28 | new_swaps: 9 | total: 27) -> {'max_bond': 64, 'max_links': 4, 'total_elems': 183968, 'total_shapes': 3144, 'total_links': 222, 'num_tensors': 56}
2026-08-25 05:04:40,487 [INFO]     [0 | left | 1](candidate_pairs: 27/27 | new_swaps: 15 | total: 42) -> {'max_bond': 64, 'max_links': 4, 'total_elems': 98304, 'total_shapes': 2484, 'total_links': 222, 'num_tensors': 56}
2026-08-25 05:04:40,632 [INFO]     [0 | right | 0](candidate_pairs: 28/28 | new_swaps: 8 | total: 50) -> {'max_bond': 32, 'max_links': 4, 'total_elems': 70632, 'total_shapes': 2064, 'total_links': 222, 'num_tensors': 56}
2026-08-25 05:04:40,779 [INFO]     [0 | right | 1](candidate_pairs: 27/27 | new_swaps: 9 | total: 59) -> {'max_bond': 32, 'max_links': 4, 'total_elems': 57512, 'total_shapes': 1872, 'total_links': 222, 'num_tensors': 56}
2026-08-25 05:04:40,991 [INFO]     [1 | both | 0](candidate_pairs: 28/28 | new_swaps: 12 | total: 12) -> {'max_bond': 32, 'max_links': 4, 'total_elems': 45068, 'total_shapes': 1590, 'total_links': 222, 'num_tensors': 56}
2026-08-25 05:04:41,182 [INFO]     [1 | both | 1](candidate_pairs: 27/27 | new_swaps: 4 | total: 16) -> {'max_bond': 32, 'max_links': 4, 'total_elems': 40844, 'total_shapes': 1502, 'total_links': 222, 'num_tensors': 56}
2026-08-25 05:04:41,280 [INFO]     [1 | left | 0](candidate_pairs: 28/28 | new_swaps: 5 | total: 21) -> {'max_bond': 32, 'max_links': 4, 'total_elems': 37068, 'total_shapes': 1418, 'total_links': 222, 'num_tensors': 56}
2026-08-25 05:04:41,371 [INFO]     [1 | left | 1](candidate_pairs: 27/27 | new_swaps: 4 | total: 25) -> {'max_bond': 32, 'max_links': 4, 'total_elems': 34732, 'total_shapes': 1370, 'total_links': 222, 'num_tensors': 56}
2026-08-25 05:04:41,459 [INFO]     [1 | right | 0](candidate_pairs: 28/28 | new_swaps: 4 | total: 29) -> {'max_bond': 32, 'max_links': 4, 'total_elems': 32356, 'total_shapes': 1310, 'total_links': 222, 'num_tensors': 56}
2026-08-25 05:04:41,542 [INFO]     [1 | right | 1](candidate_pairs: 27/27 | new_swaps: 4 | total: 33) -> {'max_bond': 32, 'max_links': 4, 'total_elems': 30228, 'total_shapes': 1242, 'total_links': 222, 'num_tensors': 56}
2026-08-25 05:04:41,700 [INFO]     [2 | both | 0](candidate_pairs: 28/28 | new_swaps: 3 | total: 3) -> {'max_bond': 32, 'max_links': 4, 'total_elems': 29796, 'total_shapes': 1222, 'total_links': 222, 'num_tensors': 56}
2026-08-25 05:04:41,790 [INFO]     [2 | both | 1](candidate_pairs: 27/27 | new_swaps: 0 | total: 3) -> {'max_bond': 32, 'max_links': 4, 'total_elems': 29796, 'total_shapes': 1222, 'total_links': 222, 'num_tensors': 56}
2026-08-25 05:04:41,874 [INFO]     [2 | left | 0](candidate_pairs: 28/28 | new_swaps: 3 | total: 6) -> {'max_bond': 32, 'max_links': 4, 'total_elems': 28356, 'total_shapes': 1170, 'total_links': 222, 'num_tensors': 56}
2026-08-25 05:04:41,951 [INFO]     [2 | left | 1](candidate_pairs: 27/27 | new_swaps: 1 | total: 7) -> {'max_bond': 32, 'max_links': 4, 'total_elems': 27844, 'total_shapes': 1154, 'total_links': 222, 'num_tensors': 56}
2026-08-25 05:04:42,030 [INFO]     [2 | right | 0](candidate_pairs: 28/28 | new_swaps: 1 | total: 8) -> {'max_bond': 32, 'max_links': 4, 'total_elems': 27652, 'total_shapes': 1146, 'total_links': 222, 'num_tensors': 56}
2026-08-25 05:04:42,096 [INFO]     [2 | right | 1](candidate_pairs: 27/27 | new_swaps: 1 | total: 9) -> {'max_bond': 32, 'max_links': 4, 'total_elems': 27524, 'total_shapes': 1138, 'total_links': 222, 'num_tensors': 56}
2026-08-25 05:04:42,189 [INFO]     [3 | both | 0](candidate_pairs: 28/28 | new_swaps: 0 | total: 0) -> {'max_bond': 32, 'max_links': 4, 'total_elems': 27524, 'total_shapes': 1138, 'total_links': 222, 'num_tensors': 56}
2026-08-25 05:04:42,276 [INFO]     [3 | both | 1](candidate_pairs: 27/27 | new_swaps: 0 | total: 0) -> {'max_bond': 32, 'max_links': 4, 'total_elems': 27524, 'total_shapes': 1138, 'total_links': 222, 'num_tensors': 56}
2026-08-25 05:04:42,321 [INFO]     [3 | left | 0](candidate_pairs: 28/28 | new_swaps: 0 | total: 0) -> {'max_bond': 32, 'max_links': 4, 'total_elems': 27524, 'total_shapes': 1138, 'total_links': 222, 'num_tensors': 56}
2026-08-25 05:04:42,363 [INFO]     [3 | left | 1](candidate_pairs: 27/27 | new_swaps: 0 | total: 0) -> {'max_bond': 32, 'max_links': 4, 'total_elems': 27524, 'total_shapes': 1138, 'total_links': 222, 'num_tensors': 56}
2026-08-25 05:04:42,409 [INFO]     [3 | right | 0](candidate_pairs: 28/28 | new_swaps: 0 | total: 0) -> {'max_bond': 32, 'max_links': 4, 'total_elems': 27524, 'total_shapes': 1138, 'total_links': 222, 'num_tensors': 56}
2026-08-25 05:04:42,451 [INFO]     [3 | right | 1](candidate_pairs: 27/27 | new_swaps: 0 | total: 0) -> {'max_bond': 32, 'max_links': 4, 'total_elems': 27524, 'total_shapes': 1138, 'total_links': 222, 'num_tensors': 56}
2026-08-25 05:04:42,452 [INFO]     [end unswap] -> {'max_bond': 32, 'max_links': 4, 'total_elems': 27524, 'total_shapes': 1138, 'total_links': 222, 'num_tensors': 56}
2026-08-25 05:04:42,992 [INFO] [start rewire](phase=post_unswap, cycle=10, side=left, layers=1457, trials=20, seed=123, parallel=False, route_candidates=1, route_score=none)
2026-08-25 05:04:45,292 [INFO] [end rewire](phase=post_unswap, cycle=10, side=left, routed_layers=1460, elapsed_s=2.30)
2026-08-25 05:04:45,293 [INFO] [start rewire](phase=post_unswap, cycle=10, side=right, layers=1582, trials=20, seed=123, parallel=False, route_candidates=1, route_score=none)
2026-08-25 05:04:46,478 [INFO] [end rewire](phase=post_unswap, cycle=10, side=right, routed_layers=1504, elapsed_s=1.19)
2026-08-25 05:04:46,619 [INFO] [1L/1458](swap: 14, u: 0 | c_u: 0 | t_u_l: 22/942 | t_u_r: 52/943 | t_u: 74/1885) -> {'max_bond': 32, 'max_links': 4, 'total_elems': 27524, 'total_shapes': 1138, 'total_links': 222, 'num_tensors': 56}
2026-08-25 05:04:46,722 [INFO] [1R/1502](swap: 7, u: 2 | c_u: 2 | t_u_l: 22/942 | t_u_r: 54/943 | t_u: 76/1885) -> {'max_bond': 32, 'max_links': 4, 'total_elems': 29644, 'total_shapes': 1238, 'total_links': 222, 'num_tensors': 56}
2026-08-25 05:04:46,828 [INFO] [2L/1458](swap: 15, u: 1 | c_u: 3 | t_u_l: 23/942 | t_u_r: 54/943 | t_u: 77/1885) -> {'max_bond': 32, 'max_links': 4, 'total_elems': 34528, 'total_shapes': 1412, 'total_links': 222, 'num_tensors': 56}
2026-08-25 05:04:46,940 [INFO] [2R/1502](swap: 9, u: 1 | c_u: 4 | t_u_l: 23/942 | t_u_r: 55/943 | t_u: 78/1885) -> {'max_bond': 32, 'max_links': 4, 'total_elems': 46496, 'total_shapes': 1600, 'total_links': 222, 'num_tensors': 56}
2026-08-25 05:04:47,065 [INFO] [3L/1458](swap: 14, u: 1 | c_u: 5 | t_u_l: 24/942 | t_u_r: 55/943 | t_u: 79/1885) -> {'max_bond': 32, 'max_links': 4, 'total_elems': 66272, 'total_shapes': 1904, 'total_links': 222, 'num_tensors': 56}
2026-08-25 05:04:47,209 [INFO] [3R/1502](swap: 11, u: 0 | c_u: 5 | t_u_l: 24/942 | t_u_r: 55/943 | t_u: 79/1885) -> {'max_bond': 64, 'max_links': 4, 'total_elems': 86240, 'total_shapes': 2216, 'total_links': 222, 'num_tensors': 56}
2026-08-25 05:04:47,380 [INFO] [4R/1502](swap: 12, u: 2 | c_u: 7 | t_u_l: 24/942 | t_u_r: 57/943 | t_u: 81/1885) -> {'max_bond': 64, 'max_links': 4, 'total_elems': 126944, 'total_shapes': 2592, 'total_links': 222, 'num_tensors': 56}
2026-08-25 05:04:47,577 [INFO] [4L/1458](swap: 18, u: 0 | c_u: 7 | t_u_l: 24/942 | t_u_r: 57/943 | t_u: 81/1885) -> {'max_bond': 64, 'max_links': 4, 'total_elems': 177568, 'total_shapes': 3088, 'total_links': 222, 'num_tensors': 56}
2026-08-25 05:04:47,896 [INFO] [5L/1458](swap: 13, u: 2 | c_u: 9 | t_u_l: 26/942 | t_u_r: 57/943 | t_u: 83/1885) -> {'max_bond': 128, 'max_links': 4, 'total_elems': 304544, 'total_shapes': 4072, 'total_links': 222, 'num_tensors': 56}
2026-08-25 05:04:48,382 [INFO]     [start unswap] -> {'max_bond': 128, 'max_links': 4, 'total_elems': 304544, 'total_shapes': 4072, 'total_links': 222, 'num_tensors': 56}
2026-08-25 05:04:50,695 [INFO]     [0 | both | 0](candidate_pairs: 28/28 | new_swaps: 2 | total: 2) -> {'max_bond': 256, 'max_links': 4, 'total_elems': 586656, 'total_shapes': 5152, 'total_links': 222, 'num_tensors': 56}
2026-08-25 05:04:52,257 [INFO]     [0 | both | 1](candidate_pairs: 27/27 | new_swaps: 10 | total: 12) -> {'max_bond': 128, 'max_links': 4, 'total_elems': 279456, 'total_shapes': 3728, 'total_links': 222, 'num_tensors': 56}
2026-08-25 05:04:52,654 [INFO]     [0 | left | 0](candidate_pairs: 28/28 | new_swaps: 10 | total: 22) -> {'max_bond': 64, 'max_links': 4, 'total_elems': 152352, 'total_shapes': 2904, 'total_links': 222, 'num_tensors': 56}
2026-08-25 05:04:52,923 [INFO]     [0 | left | 1](candidate_pairs: 27/27 | new_swaps: 12 | total: 34) -> {'max_bond': 64, 'max_links': 4, 'total_elems': 84640, 'total_shapes': 2312, 'total_links': 222, 'num_tensors': 56}
2026-08-25 05:04:53,069 [INFO]     [0 | right | 0](candidate_pairs: 28/28 | new_swaps: 8 | total: 42) -> {'max_bond': 32, 'max_links': 4, 'total_elems': 60000, 'total_shapes': 1952, 'total_links': 222, 'num_tensors': 56}
2026-08-25 05:04:53,199 [INFO]     [0 | right | 1](candidate_pairs: 27/27 | new_swaps: 8 | total: 50) -> {'max_bond': 32, 'max_links': 4, 'total_elems': 44000, 'total_shapes': 1744, 'total_links': 222, 'num_tensors': 56}
2026-08-25 05:04:53,390 [INFO]     [1 | both | 0](candidate_pairs: 28/28 | new_swaps: 11 | total: 11) -> {'max_bond': 32, 'max_links': 4, 'total_elems': 33048, 'total_shapes': 1468, 'total_links': 222, 'num_tensors': 56}
2026-08-25 05:04:53,554 [INFO]     [1 | both | 1](candidate_pairs: 27/27 | new_swaps: 7 | total: 18) -> {'max_bond': 32, 'max_links': 4, 'total_elems': 29528, 'total_shapes': 1356, 'total_links': 222, 'num_tensors': 56}
2026-08-25 05:04:53,640 [INFO]     [1 | left | 0](candidate_pairs: 28/28 | new_swaps: 6 | total: 24) -> {'max_bond': 32, 'max_links': 4, 'total_elems': 25560, 'total_shapes': 1256, 'total_links': 222, 'num_tensors': 56}
2026-08-25 05:04:53,719 [INFO]     [1 | left | 1](candidate_pairs: 27/27 | new_swaps: 6 | total: 30) -> {'max_bond': 32, 'max_links': 4, 'total_elems': 22312, 'total_shapes': 1160, 'total_links': 222, 'num_tensors': 56}
2026-08-25 05:04:53,791 [INFO]     [1 | right | 0](candidate_pairs: 28/28 | new_swaps: 3 | total: 33) -> {'max_bond': 32, 'max_links': 4, 'total_elems': 21792, 'total_shapes': 1132, 'total_links': 222, 'num_tensors': 56}
2026-08-25 05:04:53,851 [INFO]     [1 | right | 1](candidate_pairs: 27/27 | new_swaps: 1 | total: 34) -> {'max_bond': 32, 'max_links': 4, 'total_elems': 21408, 'total_shapes': 1120, 'total_links': 222, 'num_tensors': 56}
2026-08-25 05:04:53,993 [INFO]     [2 | both | 0](candidate_pairs: 28/28 | new_swaps: 6 | total: 6) -> {'max_bond': 32, 'max_links': 4, 'total_elems': 19636, 'total_shapes': 1070, 'total_links': 222, 'num_tensors': 56}
2026-08-25 05:04:54,122 [INFO]     [2 | both | 1](candidate_pairs: 27/27 | new_swaps: 5 | total: 11) -> {'max_bond': 32, 'max_links': 4, 'total_elems': 16260, 'total_shapes': 986, 'total_links': 222, 'num_tensors': 56}
2026-08-25 05:04:54,190 [INFO]     [2 | left | 0](candidate_pairs: 28/28 | new_swaps: 4 | total: 15) -> {'max_bond': 32, 'max_links': 4, 'total_elems': 15108, 'total_shapes': 938, 'total_links': 222, 'num_tensors': 56}
2026-08-25 05:04:54,256 [INFO]     [2 | left | 1](candidate_pairs: 27/27 | new_swaps: 2 | total: 17) -> {'max_bond': 32, 'max_links': 4, 'total_elems': 14884, 'total_shapes': 926, 'total_links': 222, 'num_tensors': 56}
2026-08-25 05:04:54,287 [INFO]     [2 | right | 0](candidate_pairs: 28/28 | new_swaps: 0 | total: 17) -> {'max_bond': 32, 'max_links': 4, 'total_elems': 14884, 'total_shapes': 926, 'total_links': 222, 'num_tensors': 56}
2026-08-25 05:04:54,341 [INFO]     [2 | right | 1](candidate_pairs: 27/27 | new_swaps: 1 | total: 18) -> {'max_bond': 32, 'max_links': 4, 'total_elems': 14724, 'total_shapes': 918, 'total_links': 222, 'num_tensors': 56}
2026-08-25 05:04:54,460 [INFO]     [3 | both | 0](candidate_pairs: 28/28 | new_swaps: 2 | total: 2) -> {'max_bond': 32, 'max_links': 4, 'total_elems': 14548, 'total_shapes': 906, 'total_links': 222, 'num_tensors': 56}
2026-08-25 05:04:54,578 [INFO]     [3 | both | 1](candidate_pairs: 27/27 | new_swaps: 1 | total: 3) -> {'max_bond': 32, 'max_links': 4, 'total_elems': 14536, 'total_shapes': 904, 'total_links': 222, 'num_tensors': 56}
2026-08-25 05:04:54,642 [INFO]     [3 | left | 0](candidate_pairs: 28/28 | new_swaps: 1 | total: 4) -> {'max_bond': 32, 'max_links': 4, 'total_elems': 14472, 'total_shapes': 900, 'total_links': 222, 'num_tensors': 56}
2026-08-25 05:04:54,674 [INFO]     [3 | left | 1](candidate_pairs: 27/27 | new_swaps: 0 | total: 4) -> {'max_bond': 32, 'max_links': 4, 'total_elems': 14472, 'total_shapes': 900, 'total_links': 222, 'num_tensors': 56}
2026-08-25 05:04:54,706 [INFO]     [3 | right | 0](candidate_pairs: 28/28 | new_swaps: 0 | total: 4) -> {'max_bond': 32, 'max_links': 4, 'total_elems': 14472, 'total_shapes': 900, 'total_links': 222, 'num_tensors': 56}
2026-08-25 05:04:54,738 [INFO]     [3 | right | 1](candidate_pairs: 27/27 | new_swaps: 0 | total: 4) -> {'max_bond': 32, 'max_links': 4, 'total_elems': 14472, 'total_shapes': 900, 'total_links': 222, 'num_tensors': 56}
2026-08-25 05:04:54,857 [INFO]     [4 | both | 0](candidate_pairs: 28/28 | new_swaps: 1 | total: 1) -> {'max_bond': 32, 'max_links': 4, 'total_elems': 14460, 'total_shapes': 898, 'total_links': 222, 'num_tensors': 56}
2026-08-25 05:04:54,965 [INFO]     [4 | both | 1](candidate_pairs: 27/27 | new_swaps: 1 | total: 2) -> {'max_bond': 32, 'max_links': 4, 'total_elems': 14412, 'total_shapes': 894, 'total_links': 222, 'num_tensors': 56}
2026-08-25 05:04:54,998 [INFO]     [4 | left | 0](candidate_pairs: 28/28 | new_swaps: 0 | total: 2) -> {'max_bond': 32, 'max_links': 4, 'total_elems': 14412, 'total_shapes': 894, 'total_links': 222, 'num_tensors': 56}
2026-08-25 05:04:55,030 [INFO]     [4 | left | 1](candidate_pairs: 27/27 | new_swaps: 0 | total: 2) -> {'max_bond': 32, 'max_links': 4, 'total_elems': 14412, 'total_shapes': 894, 'total_links': 222, 'num_tensors': 56}
2026-08-25 05:04:55,061 [INFO]     [4 | right | 0](candidate_pairs: 28/28 | new_swaps: 0 | total: 2) -> {'max_bond': 32, 'max_links': 4, 'total_elems': 14412, 'total_shapes': 894, 'total_links': 222, 'num_tensors': 56}
2026-08-25 05:04:55,093 [INFO]     [4 | right | 1](candidate_pairs: 27/27 | new_swaps: 0 | total: 2) -> {'max_bond': 32, 'max_links': 4, 'total_elems': 14412, 'total_shapes': 894, 'total_links': 222, 'num_tensors': 56}
2026-08-25 05:04:55,212 [INFO]     [5 | both | 0](candidate_pairs: 28/28 | new_swaps: 1 | total: 1) -> {'max_bond': 32, 'max_links': 4, 'total_elems': 14364, 'total_shapes': 890, 'total_links': 222, 'num_tensors': 56}
2026-08-25 05:04:55,276 [INFO]     [5 | both | 1](candidate_pairs: 27/27 | new_swaps: 0 | total: 1) -> {'max_bond': 32, 'max_links': 4, 'total_elems': 14364, 'total_shapes': 890, 'total_links': 222, 'num_tensors': 56}
2026-08-25 05:04:55,308 [INFO]     [5 | left | 0](candidate_pairs: 28/28 | new_swaps: 0 | total: 1) -> {'max_bond': 32, 'max_links': 4, 'total_elems': 14364, 'total_shapes': 890, 'total_links': 222, 'num_tensors': 56}
2026-08-25 05:04:55,340 [INFO]     [5 | left | 1](candidate_pairs: 27/27 | new_swaps: 0 | total: 1) -> {'max_bond': 32, 'max_links': 4, 'total_elems': 14364, 'total_shapes': 890, 'total_links': 222, 'num_tensors': 56}
2026-08-25 05:04:55,372 [INFO]     [5 | right | 0](candidate_pairs: 28/28 | new_swaps: 0 | total: 1) -> {'max_bond': 32, 'max_links': 4, 'total_elems': 14364, 'total_shapes': 890, 'total_links': 222, 'num_tensors': 56}
2026-08-25 05:04:55,403 [INFO]     [5 | right | 1](candidate_pairs: 27/27 | new_swaps: 0 | total: 1) -> {'max_bond': 32, 'max_links': 4, 'total_elems': 14364, 'total_shapes': 890, 'total_links': 222, 'num_tensors': 56}
2026-08-25 05:04:55,468 [INFO]     [6 | both | 0](candidate_pairs: 28/28 | new_swaps: 0 | total: 0) -> {'max_bond': 32, 'max_links': 4, 'total_elems': 14364, 'total_shapes': 890, 'total_links': 222, 'num_tensors': 56}
2026-08-25 05:04:55,531 [INFO]     [6 | both | 1](candidate_pairs: 27/27 | new_swaps: 0 | total: 0) -> {'max_bond': 32, 'max_links': 4, 'total_elems': 14364, 'total_shapes': 890, 'total_links': 222, 'num_tensors': 56}
2026-08-25 05:04:55,563 [INFO]     [6 | left | 0](candidate_pairs: 28/28 | new_swaps: 0 | total: 0) -> {'max_bond': 32, 'max_links': 4, 'total_elems': 14364, 'total_shapes': 890, 'total_links': 222, 'num_tensors': 56}
2026-08-25 05:04:55,595 [INFO]     [6 | left | 1](candidate_pairs: 27/27 | new_swaps: 0 | total: 0) -> {'max_bond': 32, 'max_links': 4, 'total_elems': 14364, 'total_shapes': 890, 'total_links': 222, 'num_tensors': 56}
2026-08-25 05:04:55,627 [INFO]     [6 | right | 0](candidate_pairs: 28/28 | new_swaps: 0 | total: 0) -> {'max_bond': 32, 'max_links': 4, 'total_elems': 14364, 'total_shapes': 890, 'total_links': 222, 'num_tensors': 56}
2026-08-25 05:04:55,659 [INFO]     [6 | right | 1](candidate_pairs: 27/27 | new_swaps: 0 | total: 0) -> {'max_bond': 32, 'max_links': 4, 'total_elems': 14364, 'total_shapes': 890, 'total_links': 222, 'num_tensors': 56}
2026-08-25 05:04:55,660 [INFO]     [end unswap] -> {'max_bond': 32, 'max_links': 4, 'total_elems': 14364, 'total_shapes': 890, 'total_links': 222, 'num_tensors': 56}
2026-08-25 05:04:56,668 [INFO] [start rewire](phase=post_unswap, cycle=11, side=left, layers=1455, trials=20, seed=123, parallel=False, route_candidates=1, route_score=none)
2026-08-25 05:04:58,998 [INFO] [end rewire](phase=post_unswap, cycle=11, side=left, routed_layers=1472, elapsed_s=2.33)
2026-08-25 05:04:58,998 [INFO] [start rewire](phase=post_unswap, cycle=11, side=right, layers=1500, trials=20, seed=123, parallel=False, route_candidates=1, route_score=none)
2026-08-25 05:05:00,830 [INFO] [end rewire](phase=post_unswap, cycle=11, side=right, routed_layers=1748, elapsed_s=1.83)
2026-08-25 05:05:00,976 [INFO] [1L/1470](swap: 11, u: 1 | c_u: 1 | t_u_l: 27/942 | t_u_r: 57/943 | t_u: 84/1885) -> {'max_bond': 32, 'max_links': 4, 'total_elems': 14044, 'total_shapes': 882, 'total_links': 222, 'num_tensors': 56}
2026-08-25 05:05:01,075 [INFO] [1R/1746](swap: 7, u: 0 | c_u: 1 | t_u_l: 27/942 | t_u_r: 57/943 | t_u: 84/1885) -> {'max_bond': 32, 'max_links': 4, 'total_elems': 18356, 'total_shapes': 998, 'total_links': 222, 'num_tensors': 56}
2026-08-25 05:05:01,177 [INFO] [2L/1470](swap: 10, u: 1 | c_u: 2 | t_u_l: 28/942 | t_u_r: 57/943 | t_u: 85/1885) -> {'max_bond': 32, 'max_links': 4, 'total_elems': 25660, 'total_shapes': 1160, 'total_links': 222, 'num_tensors': 56}
2026-08-25 05:05:01,286 [INFO] [3L/1470](swap: 12, u: 0 | c_u: 2 | t_u_l: 28/942 | t_u_r: 57/943 | t_u: 85/1885) -> {'max_bond': 64, 'max_links': 4, 'total_elems': 33840, 'total_shapes': 1312, 'total_links': 222, 'num_tensors': 56}
2026-08-25 05:05:01,402 [INFO] [4L/1470](swap: 10, u: 0 | c_u: 2 | t_u_l: 28/942 | t_u_r: 57/943 | t_u: 85/1885) -> {'max_bond': 64, 'max_links': 4, 'total_elems': 43936, 'total_shapes': 1492, 'total_links': 222, 'num_tensors': 56}
2026-08-25 05:05:01,523 [INFO] [5L/1470](swap: 10, u: 0 | c_u: 2 | t_u_l: 28/942 | t_u_r: 57/943 | t_u: 85/1885) -> {'max_bond': 64, 'max_links': 4, 'total_elems': 59104, 'total_shapes': 1768, 'total_links': 222, 'num_tensors': 56}
2026-08-25 05:05:01,661 [INFO] [2R/1746](swap: 10, u: 0 | c_u: 2 | t_u_l: 28/942 | t_u_r: 57/943 | t_u: 85/1885) -> {'max_bond': 64, 'max_links': 4, 'total_elems': 81312, 'total_shapes': 2008, 'total_links': 222, 'num_tensors': 56}
2026-08-25 05:05:01,823 [INFO] [6L/1470](swap: 10, u: 0 | c_u: 2 | t_u_l: 28/942 | t_u_r: 57/943 | t_u: 85/1885) -> {'max_bond': 64, 'max_links': 4, 'total_elems': 118624, 'total_shapes': 2336, 'total_links': 222, 'num_tensors': 56}
2026-08-25 05:05:02,024 [INFO] [7L/1470](swap: 10, u: 0 | c_u: 2 | t_u_l: 28/942 | t_u_r: 57/943 | t_u: 85/1885) -> {'max_bond': 64, 'max_links': 4, 'total_elems': 163040, 'total_shapes': 2792, 'total_links': 222, 'num_tensors': 56}
2026-08-25 05:05:02,294 [INFO] [8L/1470](swap: 9, u: 0 | c_u: 2 | t_u_l: 28/942 | t_u_r: 57/943 | t_u: 85/1885) -> {'max_bond': 128, 'max_links': 4, 'total_elems': 268000, 'total_shapes': 3448, 'total_links': 222, 'num_tensors': 56}
2026-08-25 05:05:02,697 [INFO] [9L/1470](swap: 8, u: 1 | c_u: 3 | t_u_l: 29/942 | t_u_r: 57/943 | t_u: 86/1885) -> {'max_bond': 128, 'max_links': 4, 'total_elems': 390368, 'total_shapes': 4072, 'total_links': 222, 'num_tensors': 56}
2026-08-25 05:05:03,273 [INFO]     [start unswap] -> {'max_bond': 128, 'max_links': 4, 'total_elems': 390368, 'total_shapes': 4072, 'total_links': 222, 'num_tensors': 56}
2026-08-25 05:05:05,578 [INFO]     [0 | both | 0](candidate_pairs: 28/28 | new_swaps: 2 | total: 2) -> {'max_bond': 256, 'max_links': 4, 'total_elems': 579808, 'total_shapes': 4872, 'total_links': 222, 'num_tensors': 56}
2026-08-25 05:05:07,431 [INFO]     [0 | both | 1](candidate_pairs: 27/27 | new_swaps: 9 | total: 11) -> {'max_bond': 128, 'max_links': 4, 'total_elems': 378016, 'total_shapes': 3816, 'total_links': 222, 'num_tensors': 56}
2026-08-25 05:05:07,993 [INFO]     [0 | left | 0](candidate_pairs: 28/28 | new_swaps: 9 | total: 20) -> {'max_bond': 128, 'max_links': 4, 'total_elems': 272992, 'total_shapes': 3168, 'total_links': 222, 'num_tensors': 56}
2026-08-25 05:05:08,460 [INFO]     [0 | left | 1](candidate_pairs: 27/27 | new_swaps: 9 | total: 29) -> {'max_bond': 128, 'max_links': 4, 'total_elems': 181216, 'total_shapes': 2664, 'total_links': 222, 'num_tensors': 56}
2026-08-25 05:05:08,692 [INFO]     [0 | right | 0](candidate_pairs: 28/28 | new_swaps: 6 | total: 35) -> {'max_bond': 128, 'max_links': 4, 'total_elems': 158716, 'total_shapes': 2430, 'total_links': 222, 'num_tensors': 56}
2026-08-25 05:05:08,972 [INFO]     [0 | right | 1](candidate_pairs: 27/27 | new_swaps: 3 | total: 38) -> {'max_bond': 128, 'max_links': 4, 'total_elems': 155828, 'total_shapes': 2394, 'total_links': 222, 'num_tensors': 56}
2026-08-25 05:05:09,419 [INFO]     [1 | both | 0](candidate_pairs: 28/28 | new_swaps: 7 | total: 7) -> {'max_bond': 64, 'max_links': 4, 'total_elems': 82500, 'total_shapes': 1954, 'total_links': 222, 'num_tensors': 56}
2026-08-25 05:05:09,683 [INFO]     [1 | both | 1](candidate_pairs: 27/27 | new_swaps: 4 | total: 11) -> {'max_bond': 64, 'max_links': 4, 'total_elems': 63524, 'total_shapes': 1706, 'total_links': 222, 'num_tensors': 56}
2026-08-25 05:05:09,804 [INFO]     [1 | left | 0](candidate_pairs: 28/28 | new_swaps: 7 | total: 18) -> {'max_bond': 64, 'max_links': 4, 'total_elems': 59044, 'total_shapes': 1594, 'total_links': 222, 'num_tensors': 56}
2026-08-25 05:05:09,938 [INFO]     [1 | left | 1](candidate_pairs: 27/27 | new_swaps: 6 | total: 24) -> {'max_bond': 64, 'max_links': 4, 'total_elems': 43204, 'total_shapes': 1446, 'total_links': 222, 'num_tensors': 56}
2026-08-25 05:05:10,026 [INFO]     [1 | right | 0](candidate_pairs: 28/28 | new_swaps: 2 | total: 26) -> {'max_bond': 64, 'max_links': 4, 'total_elems': 40452, 'total_shapes': 1406, 'total_links': 222, 'num_tensors': 56}
2026-08-25 05:05:10,124 [INFO]     [1 | right | 1](candidate_pairs: 27/27 | new_swaps: 2 | total: 28) -> {'max_bond': 64, 'max_links': 4, 'total_elems': 35140, 'total_shapes': 1366, 'total_links': 222, 'num_tensors': 56}
2026-08-25 05:05:10,279 [INFO]     [2 | both | 0](candidate_pairs: 28/28 | new_swaps: 5 | total: 5) -> {'max_bond': 32, 'max_links': 4, 'total_elems': 21380, 'total_shapes': 1174, 'total_links': 222, 'num_tensors': 56}
2026-08-25 05:05:10,413 [INFO]     [2 | both | 1](candidate_pairs: 27/27 | new_swaps: 4 | total: 9) -> {'max_bond': 16, 'max_links': 4, 'total_elems': 17108, 'total_shapes': 1082, 'total_links': 222, 'num_tensors': 56}
2026-08-25 05:05:10,479 [INFO]     [2 | left | 0](candidate_pairs: 28/28 | new_swaps: 2 | total: 11) -> {'max_bond': 16, 'max_links': 4, 'total_elems': 16436, 'total_shapes': 1052, 'total_links': 222, 'num_tensors': 56}
2026-08-25 05:05:10,549 [INFO]     [2 | left | 1](candidate_pairs: 27/27 | new_swaps: 5 | total: 16) -> {'max_bond': 16, 'max_links': 4, 'total_elems': 14956, 'total_shapes': 1002, 'total_links': 222, 'num_tensors': 56}
2026-08-25 05:05:10,614 [INFO]     [2 | right | 0](candidate_pairs: 28/28 | new_swaps: 3 | total: 19) -> {'max_bond': 16, 'max_links': 4, 'total_elems': 13996, 'total_shapes': 974, 'total_links': 222, 'num_tensors': 56}
2026-08-25 05:05:10,677 [INFO]     [2 | right | 1](candidate_pairs: 27/27 | new_swaps: 1 | total: 20) -> {'max_bond': 16, 'max_links': 4, 'total_elems': 13924, 'total_shapes': 968, 'total_links': 222, 'num_tensors': 56}
2026-08-25 05:05:10,792 [INFO]     [3 | both | 0](candidate_pairs: 28/28 | new_swaps: 3 | total: 3) -> {'max_bond': 16, 'max_links': 4, 'total_elems': 13244, 'total_shapes': 940, 'total_links': 222, 'num_tensors': 56}
2026-08-25 05:05:10,913 [INFO]     [3 | both | 1](candidate_pairs: 27/27 | new_swaps: 3 | total: 6) -> {'max_bond': 16, 'max_links': 4, 'total_elems': 12236, 'total_shapes': 912, 'total_links': 222, 'num_tensors': 56}
2026-08-25 05:05:10,974 [INFO]     [3 | left | 0](candidate_pairs: 28/28 | new_swaps: 3 | total: 9) -> {'max_bond': 16, 'max_links': 4, 'total_elems': 11520, 'total_shapes': 886, 'total_links': 222, 'num_tensors': 56}
2026-08-25 05:05:11,026 [INFO]     [3 | left | 1](candidate_pairs: 27/27 | new_swaps: 1 | total: 10) -> {'max_bond': 16, 'max_links': 4, 'total_elems': 10752, 'total_shapes': 870, 'total_links': 222, 'num_tensors': 56}
2026-08-25 05:05:11,075 [INFO]     [3 | right | 0](candidate_pairs: 28/28 | new_swaps: 1 | total: 11) -> {'max_bond': 16, 'max_links': 4, 'total_elems': 9984, 'total_shapes': 854, 'total_links': 222, 'num_tensors': 56}
2026-08-25 05:05:11,104 [INFO]     [3 | right | 1](candidate_pairs: 27/27 | new_swaps: 0 | total: 11) -> {'max_bond': 16, 'max_links': 4, 'total_elems': 9984, 'total_shapes': 854, 'total_links': 222, 'num_tensors': 56}
2026-08-25 05:05:11,210 [INFO]     [4 | both | 0](candidate_pairs: 28/28 | new_swaps: 3 | total: 3) -> {'max_bond': 16, 'max_links': 4, 'total_elems': 9412, 'total_shapes': 832, 'total_links': 222, 'num_tensors': 56}
2026-08-25 05:05:11,321 [INFO]     [4 | both | 1](candidate_pairs: 27/27 | new_swaps: 2 | total: 5) -> {'max_bond': 16, 'max_links': 4, 'total_elems': 8632, 'total_shapes': 814, 'total_links': 222, 'num_tensors': 56}
2026-08-25 05:05:11,369 [INFO]     [4 | left | 0](candidate_pairs: 28/28 | new_swaps: 1 | total: 6) -> {'max_bond': 16, 'max_links': 4, 'total_elems': 8120, 'total_shapes': 798, 'total_links': 222, 'num_tensors': 56}
2026-08-25 05:05:11,397 [INFO]     [4 | left | 1](candidate_pairs: 27/27 | new_swaps: 0 | total: 6) -> {'max_bond': 16, 'max_links': 4, 'total_elems': 8120, 'total_shapes': 798, 'total_links': 222, 'num_tensors': 56}
2026-08-25 05:05:11,444 [INFO]     [4 | right | 0](candidate_pairs: 28/28 | new_swaps: 1 | total: 7) -> {'max_bond': 16, 'max_links': 4, 'total_elems': 7864, 'total_shapes': 790, 'total_links': 222, 'num_tensors': 56}
2026-08-25 05:05:11,471 [INFO]     [4 | right | 1](candidate_pairs: 27/27 | new_swaps: 0 | total: 7) -> {'max_bond': 16, 'max_links': 4, 'total_elems': 7864, 'total_shapes': 790, 'total_links': 222, 'num_tensors': 56}
2026-08-25 05:05:11,523 [INFO]     [5 | both | 0](candidate_pairs: 28/28 | new_swaps: 0 | total: 0) -> {'max_bond': 16, 'max_links': 4, 'total_elems': 7864, 'total_shapes': 790, 'total_links': 222, 'num_tensors': 56}
2026-08-25 05:05:11,577 [INFO]     [5 | both | 1](candidate_pairs: 27/27 | new_swaps: 0 | total: 0) -> {'max_bond': 16, 'max_links': 4, 'total_elems': 7864, 'total_shapes': 790, 'total_links': 222, 'num_tensors': 56}
2026-08-25 05:05:11,604 [INFO]     [5 | left | 0](candidate_pairs: 28/28 | new_swaps: 0 | total: 0) -> {'max_bond': 16, 'max_links': 4, 'total_elems': 7864, 'total_shapes': 790, 'total_links': 222, 'num_tensors': 56}
2026-08-25 05:05:11,631 [INFO]     [5 | left | 1](candidate_pairs: 27/27 | new_swaps: 0 | total: 0) -> {'max_bond': 16, 'max_links': 4, 'total_elems': 7864, 'total_shapes': 790, 'total_links': 222, 'num_tensors': 56}
2026-08-25 05:05:11,657 [INFO]     [5 | right | 0](candidate_pairs: 28/28 | new_swaps: 0 | total: 0) -> {'max_bond': 16, 'max_links': 4, 'total_elems': 7864, 'total_shapes': 790, 'total_links': 222, 'num_tensors': 56}
2026-08-25 05:05:11,684 [INFO]     [5 | right | 1](candidate_pairs: 27/27 | new_swaps: 0 | total: 0) -> {'max_bond': 16, 'max_links': 4, 'total_elems': 7864, 'total_shapes': 790, 'total_links': 222, 'num_tensors': 56}
2026-08-25 05:05:11,685 [INFO]     [end unswap] -> {'max_bond': 16, 'max_links': 4, 'total_elems': 7864, 'total_shapes': 790, 'total_links': 222, 'num_tensors': 56}
2026-08-25 05:05:12,660 [INFO] [start rewire](phase=post_unswap, cycle=12, side=left, layers=1463, trials=20, seed=123, parallel=False, route_candidates=1, route_score=none)
2026-08-25 05:05:14,286 [INFO] [end rewire](phase=post_unswap, cycle=12, side=left, routed_layers=1522, elapsed_s=1.63)
2026-08-25 05:05:14,287 [INFO] [start rewire](phase=post_unswap, cycle=12, side=right, layers=1746, trials=20, seed=123, parallel=False, route_candidates=1, route_score=none)
2026-08-25 05:05:16,058 [INFO] [end rewire](phase=post_unswap, cycle=12, side=right, routed_layers=1515, elapsed_s=1.77)
2026-08-25 05:05:16,208 [INFO] [1L/1520](swap: 14, u: 0 | c_u: 0 | t_u_l: 29/942 | t_u_r: 57/943 | t_u: 86/1885) -> {'max_bond': 16, 'max_links': 4, 'total_elems': 7864, 'total_shapes': 790, 'total_links': 222, 'num_tensors': 56}
2026-08-25 05:05:16,304 [INFO] [1R/1513](swap: 8, u: 1 | c_u: 1 | t_u_l: 29/942 | t_u_r: 58/943 | t_u: 87/1885) -> {'max_bond': 32, 'max_links': 4, 'total_elems': 10568, 'total_shapes': 908, 'total_links': 222, 'num_tensors': 56}
2026-08-25 05:05:16,402 [INFO] [2R/1513](swap: 12, u: 0 | c_u: 1 | t_u_l: 29/942 | t_u_r: 58/943 | t_u: 87/1885) -> {'max_bond': 32, 'max_links': 4, 'total_elems': 20724, 'total_shapes': 1096, 'total_links': 222, 'num_tensors': 56}
2026-08-25 05:05:16,513 [INFO] [2L/1520](swap: 13, u: 0 | c_u: 1 | t_u_l: 29/942 | t_u_r: 58/943 | t_u: 87/1885) -> {'max_bond': 64, 'max_links': 4, 'total_elems': 39772, 'total_shapes': 1428, 'total_links': 222, 'num_tensors': 56}
2026-08-25 05:05:16,658 [INFO] [3L/1520](swap: 12, u: 1 | c_u: 2 | t_u_l: 30/942 | t_u_r: 58/943 | t_u: 88/1885) -> {'max_bond': 64, 'max_links': 4, 'total_elems': 68380, 'total_shapes': 1780, 'total_links': 222, 'num_tensors': 56}
2026-08-25 05:05:16,838 [INFO] [3R/1513](swap: 15, u: 0 | c_u: 2 | t_u_l: 30/942 | t_u_r: 58/943 | t_u: 88/1885) -> {'max_bond': 128, 'max_links': 4, 'total_elems': 116824, 'total_shapes': 2190, 'total_links': 222, 'num_tensors': 56}
2026-08-25 05:05:17,071 [INFO] [4R/1513](swap: 12, u: 1 | c_u: 3 | t_u_l: 30/942 | t_u_r: 59/943 | t_u: 89/1885) -> {'max_bond': 128, 'max_links': 4, 'total_elems': 195160, 'total_shapes': 2750, 'total_links': 222, 'num_tensors': 56}
2026-08-25 05:05:17,403 [INFO] [4L/1520](swap: 14, u: 0 | c_u: 3 | t_u_l: 30/942 | t_u_r: 59/943 | t_u: 89/1885) -> {'max_bond': 128, 'max_links': 4, 'total_elems': 258328, 'total_shapes': 3230, 'total_links': 222, 'num_tensors': 56}
2026-08-25 05:05:17,885 [INFO]     [start unswap] -> {'max_bond': 128, 'max_links': 4, 'total_elems': 258328, 'total_shapes': 3230, 'total_links': 222, 'num_tensors': 56}
2026-08-25 05:05:20,004 [INFO]     [0 | both | 0](candidate_pairs: 28/28 | new_swaps: 3 | total: 3) -> {'max_bond': 128, 'max_links': 4, 'total_elems': 424088, 'total_shapes': 3790, 'total_links': 222, 'num_tensors': 56}
2026-08-25 05:05:21,526 [INFO]     [0 | both | 1](candidate_pairs: 27/27 | new_swaps: 13 | total: 16) -> {'max_bond': 128, 'max_links': 4, 'total_elems': 276120, 'total_shapes': 2886, 'total_links': 222, 'num_tensors': 56}
2026-08-25 05:05:21,987 [INFO]     [0 | left | 0](candidate_pairs: 28/28 | new_swaps: 11 | total: 27) -> {'max_bond': 128, 'max_links': 4, 'total_elems': 163352, 'total_shapes': 2214, 'total_links': 222, 'num_tensors': 56}
2026-08-25 05:05:22,229 [INFO]     [0 | left | 1](candidate_pairs: 27/27 | new_swaps: 8 | total: 35) -> {'max_bond': 128, 'max_links': 4, 'total_elems': 143000, 'total_shapes': 1942, 'total_links': 222, 'num_tensors': 56}
2026-08-25 05:05:22,491 [INFO]     [0 | right | 0](candidate_pairs: 28/28 | new_swaps: 8 | total: 43) -> {'max_bond': 128, 'max_links': 4, 'total_elems': 137564, 'total_shapes': 1772, 'total_links': 222, 'num_tensors': 56}
2026-08-25 05:05:22,712 [INFO]     [0 | right | 1](candidate_pairs: 27/27 | new_swaps: 4 | total: 47) -> {'max_bond': 128, 'max_links': 4, 'total_elems': 116948, 'total_shapes': 1654, 'total_links': 222, 'num_tensors': 56}
2026-08-25 05:05:23,207 [INFO]     [1 | both | 0](candidate_pairs: 28/28 | new_swaps: 4 | total: 4) -> {'max_bond': 128, 'max_links': 4, 'total_elems': 53972, 'total_shapes': 1414, 'total_links': 222, 'num_tensors': 56}
2026-08-25 05:05:23,422 [INFO]     [1 | both | 1](candidate_pairs: 27/27 | new_swaps: 9 | total: 13) -> {'max_bond': 64, 'max_links': 4, 'total_elems': 30956, 'total_shapes': 1154, 'total_links': 222, 'num_tensors': 56}
2026-08-25 05:05:23,514 [INFO]     [1 | left | 0](candidate_pairs: 28/28 | new_swaps: 7 | total: 20) -> {'max_bond': 64, 'max_links': 4, 'total_elems': 23832, 'total_shapes': 1054, 'total_links': 222, 'num_tensors': 56}
2026-08-25 05:05:23,596 [INFO]     [1 | left | 1](candidate_pairs: 27/27 | new_swaps: 3 | total: 23) -> {'max_bond': 32, 'max_links': 4, 'total_elems': 14384, 'total_shapes': 942, 'total_links': 222, 'num_tensors': 56}
2026-08-25 05:05:23,660 [INFO]     [1 | right | 0](candidate_pairs: 28/28 | new_swaps: 3 | total: 26) -> {'max_bond': 32, 'max_links': 4, 'total_elems': 13656, 'total_shapes': 918, 'total_links': 222, 'num_tensors': 56}
2026-08-25 05:05:23,693 [INFO]     [1 | right | 1](candidate_pairs: 27/27 | new_swaps: 0 | total: 26) -> {'max_bond': 32, 'max_links': 4, 'total_elems': 13656, 'total_shapes': 918, 'total_links': 222, 'num_tensors': 56}
2026-08-25 05:05:23,812 [INFO]     [2 | both | 0](candidate_pairs: 28/28 | new_swaps: 4 | total: 4) -> {'max_bond': 16, 'max_links': 4, 'total_elems': 9448, 'total_shapes': 834, 'total_links': 222, 'num_tensors': 56}
2026-08-25 05:05:23,925 [INFO]     [2 | both | 1](candidate_pairs: 27/27 | new_swaps: 7 | total: 11) -> {'max_bond': 16, 'max_links': 4, 'total_elems': 6772, 'total_shapes': 752, 'total_links': 222, 'num_tensors': 56}
2026-08-25 05:05:23,983 [INFO]     [2 | left | 0](candidate_pairs: 28/28 | new_swaps: 3 | total: 14) -> {'max_bond': 16, 'max_links': 4, 'total_elems': 6280, 'total_shapes': 726, 'total_links': 222, 'num_tensors': 56}
2026-08-25 05:05:24,041 [INFO]     [2 | left | 1](candidate_pairs: 27/27 | new_swaps: 2 | total: 16) -> {'max_bond': 16, 'max_links': 4, 'total_elems': 6208, 'total_shapes': 718, 'total_links': 222, 'num_tensors': 56}
2026-08-25 05:05:24,086 [INFO]     [2 | right | 0](candidate_pairs: 28/28 | new_swaps: 2 | total: 18) -> {'max_bond': 16, 'max_links': 4, 'total_elems': 5536, 'total_shapes': 690, 'total_links': 222, 'num_tensors': 56}
2026-08-25 05:05:24,111 [INFO]     [2 | right | 1](candidate_pairs: 27/27 | new_swaps: 0 | total: 18) -> {'max_bond': 16, 'max_links': 4, 'total_elems': 5536, 'total_shapes': 690, 'total_links': 222, 'num_tensors': 56}
2026-08-25 05:05:24,211 [INFO]     [3 | both | 0](candidate_pairs: 28/28 | new_swaps: 2 | total: 2) -> {'max_bond': 16, 'max_links': 4, 'total_elems': 5332, 'total_shapes': 680, 'total_links': 222, 'num_tensors': 56}
2026-08-25 05:05:24,260 [INFO]     [3 | both | 1](candidate_pairs: 27/27 | new_swaps: 0 | total: 2) -> {'max_bond': 16, 'max_links': 4, 'total_elems': 5332, 'total_shapes': 680, 'total_links': 222, 'num_tensors': 56}
2026-08-25 05:05:24,307 [INFO]     [3 | left | 0](candidate_pairs: 28/28 | new_swaps: 1 | total: 3) -> {'max_bond': 16, 'max_links': 4, 'total_elems': 5140, 'total_shapes': 672, 'total_links': 222, 'num_tensors': 56}
2026-08-25 05:05:24,352 [INFO]     [3 | left | 1](candidate_pairs: 27/27 | new_swaps: 1 | total: 4) -> {'max_bond': 16, 'max_links': 4, 'total_elems': 5012, 'total_shapes': 664, 'total_links': 222, 'num_tensors': 56}
2026-08-25 05:05:24,377 [INFO]     [3 | right | 0](candidate_pairs: 28/28 | new_swaps: 0 | total: 4) -> {'max_bond': 16, 'max_links': 4, 'total_elems': 5012, 'total_shapes': 664, 'total_links': 222, 'num_tensors': 56}
2026-08-25 05:05:24,401 [INFO]     [3 | right | 1](candidate_pairs: 27/27 | new_swaps: 0 | total: 4) -> {'max_bond': 16, 'max_links': 4, 'total_elems': 5012, 'total_shapes': 664, 'total_links': 222, 'num_tensors': 56}
2026-08-25 05:05:24,450 [INFO]     [4 | both | 0](candidate_pairs: 28/28 | new_swaps: 0 | total: 0) -> {'max_bond': 16, 'max_links': 4, 'total_elems': 5012, 'total_shapes': 664, 'total_links': 222, 'num_tensors': 56}
2026-08-25 05:05:24,498 [INFO]     [4 | both | 1](candidate_pairs: 27/27 | new_swaps: 0 | total: 0) -> {'max_bond': 16, 'max_links': 4, 'total_elems': 5012, 'total_shapes': 664, 'total_links': 222, 'num_tensors': 56}
2026-08-25 05:05:24,523 [INFO]     [4 | left | 0](candidate_pairs: 28/28 | new_swaps: 0 | total: 0) -> {'max_bond': 16, 'max_links': 4, 'total_elems': 5012, 'total_shapes': 664, 'total_links': 222, 'num_tensors': 56}
2026-08-25 05:05:24,549 [INFO]     [4 | left | 1](candidate_pairs: 27/27 | new_swaps: 0 | total: 0) -> {'max_bond': 16, 'max_links': 4, 'total_elems': 5012, 'total_shapes': 664, 'total_links': 222, 'num_tensors': 56}
2026-08-25 05:05:24,573 [INFO]     [4 | right | 0](candidate_pairs: 28/28 | new_swaps: 0 | total: 0) -> {'max_bond': 16, 'max_links': 4, 'total_elems': 5012, 'total_shapes': 664, 'total_links': 222, 'num_tensors': 56}
2026-08-25 05:05:24,598 [INFO]     [4 | right | 1](candidate_pairs: 27/27 | new_swaps: 0 | total: 0) -> {'max_bond': 16, 'max_links': 4, 'total_elems': 5012, 'total_shapes': 664, 'total_links': 222, 'num_tensors': 56}
2026-08-25 05:05:24,598 [INFO]     [end unswap] -> {'max_bond': 16, 'max_links': 4, 'total_elems': 5012, 'total_shapes': 664, 'total_links': 222, 'num_tensors': 56}
2026-08-25 05:05:25,444 [INFO] [start rewire](phase=post_unswap, cycle=13, side=left, layers=1518, trials=20, seed=123, parallel=False, route_candidates=1, route_score=none)
2026-08-25 05:05:27,038 [INFO] [end rewire](phase=post_unswap, cycle=13, side=left, routed_layers=1410, elapsed_s=1.59)
2026-08-25 05:05:27,038 [INFO] [start rewire](phase=post_unswap, cycle=13, side=right, layers=1511, trials=20, seed=123, parallel=False, route_candidates=1, route_score=none)
2026-08-25 05:05:28,748 [INFO] [end rewire](phase=post_unswap, cycle=13, side=right, routed_layers=1560, elapsed_s=1.71)
2026-08-25 05:05:28,897 [INFO] [1L/1408](swap: 11, u: 0 | c_u: 0 | t_u_l: 30/942 | t_u_r: 59/943 | t_u: 89/1885) -> {'max_bond': 16, 'max_links': 4, 'total_elems': 5012, 'total_shapes': 664, 'total_links': 222, 'num_tensors': 56}
2026-08-25 05:05:28,990 [INFO] [1R/1558](swap: 10, u: 0 | c_u: 0 | t_u_l: 30/942 | t_u_r: 59/943 | t_u: 89/1885) -> {'max_bond': 16, 'max_links': 4, 'total_elems': 6356, 'total_shapes': 764, 'total_links': 222, 'num_tensors': 56}
2026-08-25 05:05:29,084 [INFO] [2R/1558](swap: 11, u: 0 | c_u: 0 | t_u_l: 30/942 | t_u_r: 59/943 | t_u: 89/1885) -> {'max_bond': 16, 'max_links': 4, 'total_elems': 7816, 'total_shapes': 842, 'total_links': 222, 'num_tensors': 56}
2026-08-25 05:05:29,180 [INFO] [2L/1408](swap: 10, u: 1 | c_u: 1 | t_u_l: 31/942 | t_u_r: 59/943 | t_u: 90/1885) -> {'max_bond': 16, 'max_links': 4, 'total_elems': 10112, 'total_shapes': 932, 'total_links': 222, 'num_tensors': 56}
2026-08-25 05:05:29,277 [INFO] [3R/1558](swap: 11, u: 0 | c_u: 1 | t_u_l: 31/942 | t_u_r: 59/943 | t_u: 90/1885) -> {'max_bond': 16, 'max_links': 4, 'total_elems': 16032, 'total_shapes': 1140, 'total_links': 222, 'num_tensors': 56}
2026-08-25 05:05:29,378 [INFO] [3L/1408](swap: 11, u: 0 | c_u: 1 | t_u_l: 31/942 | t_u_r: 59/943 | t_u: 90/1885) -> {'max_bond': 32, 'max_links': 4, 'total_elems': 24160, 'total_shapes': 1352, 'total_links': 222, 'num_tensors': 56}
2026-08-25 05:05:29,487 [INFO] [4L/1408](swap: 10, u: 0 | c_u: 1 | t_u_l: 31/942 | t_u_r: 59/943 | t_u: 90/1885) -> {'max_bond': 64, 'max_links': 4, 'total_elems': 38432, 'total_shapes': 1560, 'total_links': 222, 'num_tensors': 56}
2026-08-25 05:05:29,616 [INFO] [4R/1558](swap: 12, u: 0 | c_u: 1 | t_u_l: 31/942 | t_u_r: 59/943 | t_u: 90/1885) -> {'max_bond': 64, 'max_links': 4, 'total_elems': 61984, 'total_shapes': 1960, 'total_links': 222, 'num_tensors': 56}
2026-08-25 05:05:29,776 [INFO] [5R/1558](swap: 13, u: 0 | c_u: 1 | t_u_l: 31/942 | t_u_r: 59/943 | t_u: 90/1885) -> {'max_bond': 64, 'max_links': 4, 'total_elems': 99936, 'total_shapes': 2256, 'total_links': 222, 'num_tensors': 56}
2026-08-25 05:05:29,996 [INFO] [6R/1558](swap: 13, u: 0 | c_u: 1 | t_u_l: 31/942 | t_u_r: 59/943 | t_u: 90/1885) -> {'max_bond': 128, 'max_links': 4, 'total_elems': 168672, 'total_shapes': 2968, 'total_links': 222, 'num_tensors': 56}
2026-08-25 05:05:30,331 [INFO] [7R/1558](swap: 12, u: 0 | c_u: 1 | t_u_l: 31/942 | t_u_r: 59/943 | t_u: 90/1885) -> {'max_bond': 128, 'max_links': 4, 'total_elems': 313568, 'total_shapes': 3880, 'total_links': 222, 'num_tensors': 56}
2026-08-25 05:05:30,824 [INFO]     [start unswap] -> {'max_bond': 128, 'max_links': 4, 'total_elems': 313568, 'total_shapes': 3880, 'total_links': 222, 'num_tensors': 56}
2026-08-25 05:05:35,060 [INFO]     [0 | both | 0](candidate_pairs: 28/28 | new_swaps: 2 | total: 2) -> {'max_bond': 256, 'max_links': 4, 'total_elems': 681952, 'total_shapes': 5192, 'total_links': 222, 'num_tensors': 56}
2026-08-25 05:05:36,631 [INFO]     [0 | both | 1](candidate_pairs: 27/27 | new_swaps: 14 | total: 16) -> {'max_bond': 128, 'max_links': 4, 'total_elems': 191072, 'total_shapes': 3056, 'total_links': 222, 'num_tensors': 56}
2026-08-25 05:05:36,915 [INFO]     [0 | left | 0](candidate_pairs: 28/28 | new_swaps: 12 | total: 28) -> {'max_bond': 64, 'max_links': 4, 'total_elems': 119584, 'total_shapes': 2328, 'total_links': 222, 'num_tensors': 56}
2026-08-25 05:05:37,138 [INFO]     [0 | left | 1](candidate_pairs: 27/27 | new_swaps: 11 | total: 39) -> {'max_bond': 64, 'max_links': 4, 'total_elems': 75296, 'total_shapes': 1956, 'total_links': 222, 'num_tensors': 56}
2026-08-25 05:05:37,272 [INFO]     [0 | right | 0](candidate_pairs: 28/28 | new_swaps: 10 | total: 49) -> {'max_bond': 64, 'max_links': 4, 'total_elems': 57056, 'total_shapes': 1628, 'total_links': 222, 'num_tensors': 56}
2026-08-25 05:05:37,388 [INFO]     [0 | right | 1](candidate_pairs: 27/27 | new_swaps: 10 | total: 59) -> {'max_bond': 64, 'max_links': 4, 'total_elems': 29888, 'total_shapes': 1322, 'total_links': 222, 'num_tensors': 56}
2026-08-25 05:05:37,542 [INFO]     [1 | both | 0](candidate_pairs: 28/28 | new_swaps: 14 | total: 14) -> {'max_bond': 32, 'max_links': 4, 'total_elems': 16068, 'total_shapes': 1004, 'total_links': 222, 'num_tensors': 56}
2026-08-25 05:05:37,667 [INFO]     [1 | both | 1](candidate_pairs: 27/27 | new_swaps: 4 | total: 18) -> {'max_bond': 32, 'max_links': 4, 'total_elems': 14020, 'total_shapes': 948, 'total_links': 222, 'num_tensors': 56}
2026-08-25 05:05:37,738 [INFO]     [1 | left | 0](candidate_pairs: 28/28 | new_swaps: 6 | total: 24) -> {'max_bond': 32, 'max_links': 4, 'total_elems': 10908, 'total_shapes': 882, 'total_links': 222, 'num_tensors': 56}
2026-08-25 05:05:37,803 [INFO]     [1 | left | 1](candidate_pairs: 27/27 | new_swaps: 4 | total: 28) -> {'max_bond': 16, 'max_links': 4, 'total_elems': 8308, 'total_shapes': 814, 'total_links': 222, 'num_tensors': 56}
2026-08-25 05:05:37,860 [INFO]     [1 | right | 0](candidate_pairs: 28/28 | new_swaps: 2 | total: 30) -> {'max_bond': 16, 'max_links': 4, 'total_elems': 8236, 'total_shapes': 806, 'total_links': 222, 'num_tensors': 56}
2026-08-25 05:05:37,920 [INFO]     [1 | right | 1](candidate_pairs: 27/27 | new_swaps: 3 | total: 33) -> {'max_bond': 16, 'max_links': 4, 'total_elems': 7764, 'total_shapes': 782, 'total_links': 222, 'num_tensors': 56}
2026-08-25 05:05:38,029 [INFO]     [2 | both | 0](candidate_pairs: 28/28 | new_swaps: 7 | total: 7) -> {'max_bond': 16, 'max_links': 4, 'total_elems': 6604, 'total_shapes': 738, 'total_links': 222, 'num_tensors': 56}
2026-08-25 05:05:38,133 [INFO]     [2 | both | 1](candidate_pairs: 27/27 | new_swaps: 5 | total: 12) -> {'max_bond': 16, 'max_links': 4, 'total_elems': 5412, 'total_shapes': 702, 'total_links': 222, 'num_tensors': 56}
2026-08-25 05:05:38,189 [INFO]     [2 | left | 0](candidate_pairs: 28/28 | new_swaps: 1 | total: 13) -> {'max_bond': 16, 'max_links': 4, 'total_elems': 5028, 'total_shapes': 686, 'total_links': 222, 'num_tensors': 56}
2026-08-25 05:05:38,244 [INFO]     [2 | left | 1](candidate_pairs: 27/27 | new_swaps: 1 | total: 14) -> {'max_bond': 16, 'max_links': 4, 'total_elems': 4644, 'total_shapes': 674, 'total_links': 222, 'num_tensors': 56}
2026-08-25 05:05:38,299 [INFO]     [2 | right | 0](candidate_pairs: 28/28 | new_swaps: 3 | total: 17) -> {'max_bond': 8, 'max_links': 4, 'total_elems': 3964, 'total_shapes': 642, 'total_links': 222, 'num_tensors': 56}
2026-08-25 05:05:38,352 [INFO]     [2 | right | 1](candidate_pairs: 27/27 | new_swaps: 1 | total: 18) -> {'max_bond': 8, 'max_links': 4, 'total_elems': 3772, 'total_shapes': 634, 'total_links': 222, 'num_tensors': 56}
2026-08-25 05:05:38,437 [INFO]     [3 | both | 0](candidate_pairs: 28/28 | new_swaps: 2 | total: 2) -> {'max_bond': 8, 'max_links': 4, 'total_elems': 3712, 'total_shapes': 628, 'total_links': 222, 'num_tensors': 56}
2026-08-25 05:05:38,483 [INFO]     [3 | both | 1](candidate_pairs: 27/27 | new_swaps: 0 | total: 2) -> {'max_bond': 8, 'max_links': 4, 'total_elems': 3712, 'total_shapes': 628, 'total_links': 222, 'num_tensors': 56}
2026-08-25 05:05:38,507 [INFO]     [3 | left | 0](candidate_pairs: 28/28 | new_swaps: 0 | total: 2) -> {'max_bond': 8, 'max_links': 4, 'total_elems': 3712, 'total_shapes': 628, 'total_links': 222, 'num_tensors': 56}
2026-08-25 05:05:38,531 [INFO]     [3 | left | 1](candidate_pairs: 27/27 | new_swaps: 0 | total: 2) -> {'max_bond': 8, 'max_links': 4, 'total_elems': 3712, 'total_shapes': 628, 'total_links': 222, 'num_tensors': 56}
2026-08-25 05:05:38,584 [INFO]     [3 | right | 0](candidate_pairs: 28/28 | new_swaps: 1 | total: 3) -> {'max_bond': 8, 'max_links': 4, 'total_elems': 3664, 'total_shapes': 624, 'total_links': 222, 'num_tensors': 56}
2026-08-25 05:05:38,608 [INFO]     [3 | right | 1](candidate_pairs: 27/27 | new_swaps: 0 | total: 3) -> {'max_bond': 8, 'max_links': 4, 'total_elems': 3664, 'total_shapes': 624, 'total_links': 222, 'num_tensors': 56}
2026-08-25 05:05:38,654 [INFO]     [4 | both | 0](candidate_pairs: 28/28 | new_swaps: 0 | total: 0) -> {'max_bond': 8, 'max_links': 4, 'total_elems': 3664, 'total_shapes': 624, 'total_links': 222, 'num_tensors': 56}
2026-08-25 05:05:38,739 [INFO]     [4 | both | 1](candidate_pairs: 27/27 | new_swaps: 1 | total: 1) -> {'max_bond': 8, 'max_links': 4, 'total_elems': 3652, 'total_shapes': 622, 'total_links': 222, 'num_tensors': 56}
2026-08-25 05:05:38,763 [INFO]     [4 | left | 0](candidate_pairs: 28/28 | new_swaps: 0 | total: 1) -> {'max_bond': 8, 'max_links': 4, 'total_elems': 3652, 'total_shapes': 622, 'total_links': 222, 'num_tensors': 56}
2026-08-25 05:05:38,787 [INFO]     [4 | left | 1](candidate_pairs: 27/27 | new_swaps: 0 | total: 1) -> {'max_bond': 8, 'max_links': 4, 'total_elems': 3652, 'total_shapes': 622, 'total_links': 222, 'num_tensors': 56}
2026-08-25 05:05:38,811 [INFO]     [4 | right | 0](candidate_pairs: 28/28 | new_swaps: 0 | total: 1) -> {'max_bond': 8, 'max_links': 4, 'total_elems': 3652, 'total_shapes': 622, 'total_links': 222, 'num_tensors': 56}
2026-08-25 05:05:38,834 [INFO]     [4 | right | 1](candidate_pairs: 27/27 | new_swaps: 0 | total: 1) -> {'max_bond': 8, 'max_links': 4, 'total_elems': 3652, 'total_shapes': 622, 'total_links': 222, 'num_tensors': 56}
2026-08-25 05:05:38,881 [INFO]     [5 | both | 0](candidate_pairs: 28/28 | new_swaps: 0 | total: 0) -> {'max_bond': 8, 'max_links': 4, 'total_elems': 3652, 'total_shapes': 622, 'total_links': 222, 'num_tensors': 56}
2026-08-25 05:05:38,927 [INFO]     [5 | both | 1](candidate_pairs: 27/27 | new_swaps: 0 | total: 0) -> {'max_bond': 8, 'max_links': 4, 'total_elems': 3652, 'total_shapes': 622, 'total_links': 222, 'num_tensors': 56}
2026-08-25 05:05:38,951 [INFO]     [5 | left | 0](candidate_pairs: 28/28 | new_swaps: 0 | total: 0) -> {'max_bond': 8, 'max_links': 4, 'total_elems': 3652, 'total_shapes': 622, 'total_links': 222, 'num_tensors': 56}
2026-08-25 05:05:38,975 [INFO]     [5 | left | 1](candidate_pairs: 27/27 | new_swaps: 0 | total: 0) -> {'max_bond': 8, 'max_links': 4, 'total_elems': 3652, 'total_shapes': 622, 'total_links': 222, 'num_tensors': 56}
2026-08-25 05:05:38,999 [INFO]     [5 | right | 0](candidate_pairs: 28/28 | new_swaps: 0 | total: 0) -> {'max_bond': 8, 'max_links': 4, 'total_elems': 3652, 'total_shapes': 622, 'total_links': 222, 'num_tensors': 56}
2026-08-25 05:05:39,023 [INFO]     [5 | right | 1](candidate_pairs: 27/27 | new_swaps: 0 | total: 0) -> {'max_bond': 8, 'max_links': 4, 'total_elems': 3652, 'total_shapes': 622, 'total_links': 222, 'num_tensors': 56}
2026-08-25 05:05:39,023 [INFO]     [end unswap] -> {'max_bond': 8, 'max_links': 4, 'total_elems': 3652, 'total_shapes': 622, 'total_links': 222, 'num_tensors': 56}
2026-08-25 05:05:40,105 [INFO] [start rewire](phase=post_unswap, cycle=14, side=left, layers=1406, trials=20, seed=123, parallel=False, route_candidates=1, route_score=none)
2026-08-25 05:05:42,572 [INFO] [end rewire](phase=post_unswap, cycle=14, side=left, routed_layers=1466, elapsed_s=2.47)
2026-08-25 05:05:42,572 [INFO] [start rewire](phase=post_unswap, cycle=14, side=right, layers=1553, trials=20, seed=123, parallel=False, route_candidates=1, route_score=none)
2026-08-25 05:05:43,826 [INFO] [end rewire](phase=post_unswap, cycle=14, side=right, routed_layers=1568, elapsed_s=1.25)
2026-08-25 05:05:43,980 [INFO] [1L/1464](swap: 13, u: 0 | c_u: 0 | t_u_l: 31/942 | t_u_r: 59/943 | t_u: 90/1885) -> {'max_bond': 8, 'max_links': 4, 'total_elems': 3652, 'total_shapes': 622, 'total_links': 222, 'num_tensors': 56}
2026-08-25 05:05:44,075 [INFO] [1R/1566](swap: 11, u: 1 | c_u: 1 | t_u_l: 31/942 | t_u_r: 60/943 | t_u: 91/1885) -> {'max_bond': 8, 'max_links': 4, 'total_elems': 4228, 'total_shapes': 686, 'total_links': 222, 'num_tensors': 56}
2026-08-25 05:05:44,170 [INFO] [2R/1566](swap: 10, u: 0 | c_u: 1 | t_u_l: 31/942 | t_u_r: 60/943 | t_u: 91/1885) -> {'max_bond': 16, 'max_links': 4, 'total_elems': 5820, 'total_shapes': 776, 'total_links': 222, 'num_tensors': 56}
2026-08-25 05:05:44,267 [INFO] [2L/1464](swap: 11, u: 0 | c_u: 1 | t_u_l: 31/942 | t_u_r: 60/943 | t_u: 91/1885) -> {'max_bond': 16, 'max_links': 4, 'total_elems': 9328, 'total_shapes': 922, 'total_links': 222, 'num_tensors': 56}
2026-08-25 05:05:44,365 [INFO] [3R/1566](swap: 11, u: 0 | c_u: 1 | t_u_l: 31/942 | t_u_r: 60/943 | t_u: 91/1885) -> {'max_bond': 16, 'max_links': 4, 'total_elems': 14848, 'total_shapes': 1122, 'total_links': 222, 'num_tensors': 56}
2026-08-25 05:05:44,468 [INFO] [3L/1464](swap: 12, u: 0 | c_u: 1 | t_u_l: 31/942 | t_u_r: 60/943 | t_u: 91/1885) -> {'max_bond': 32, 'max_links': 4, 'total_elems': 23840, 'total_shapes': 1318, 'total_links': 222, 'num_tensors': 56}
2026-08-25 05:05:44,580 [INFO] [4L/1464](swap: 13, u: 0 | c_u: 1 | t_u_l: 31/942 | t_u_r: 60/943 | t_u: 91/1885) -> {'max_bond': 64, 'max_links': 4, 'total_elems': 40256, 'total_shapes': 1620, 'total_links': 222, 'num_tensors': 56}
2026-08-25 05:05:44,716 [INFO] [5L/1464](swap: 15, u: 0 | c_u: 1 | t_u_l: 31/942 | t_u_r: 60/943 | t_u: 91/1885) -> {'max_bond': 64, 'max_links': 4, 'total_elems': 56064, 'total_shapes': 1876, 'total_links': 222, 'num_tensors': 56}
2026-08-25 05:05:44,859 [INFO] [6L/1464](swap: 16, u: 0 | c_u: 1 | t_u_l: 31/942 | t_u_r: 60/943 | t_u: 91/1885) -> {'max_bond': 64, 'max_links': 4, 'total_elems': 79872, 'total_shapes': 2244, 'total_links': 222, 'num_tensors': 56}
2026-08-25 05:05:45,040 [INFO] [4R/1566](swap: 12, u: 1 | c_u: 2 | t_u_l: 31/942 | t_u_r: 61/943 | t_u: 92/1885) -> {'max_bond': 64, 'max_links': 4, 'total_elems': 143200, 'total_shapes': 2744, 'total_links': 222, 'num_tensors': 56}
2026-08-25 05:05:45,322 [INFO] [7L/1464](swap: 14, u: 0 | c_u: 2 | t_u_l: 31/942 | t_u_r: 61/943 | t_u: 92/1885) -> {'max_bond': 128, 'max_links': 4, 'total_elems': 260256, 'total_shapes': 3630, 'total_links': 222, 'num_tensors': 56}
2026-08-25 05:05:45,786 [INFO] [8L/1464](swap: 12, u: 1 | c_u: 3 | t_u_l: 32/942 | t_u_r: 61/943 | t_u: 93/1885) -> {'max_bond': 128, 'max_links': 4, 'total_elems': 500960, 'total_shapes': 4820, 'total_links': 222, 'num_tensors': 56}
2026-08-25 05:05:46,503 [INFO] [9L/1464](swap: 12, u: 0 | c_u: 3 | t_u_l: 32/942 | t_u_r: 61/943 | t_u: 93/1885) -> {'max_bond': 128, 'max_links': 4, 'total_elems': 869792, 'total_shapes': 6018, 'total_links': 222, 'num_tensors': 56}
2026-08-25 05:05:47,897 [INFO]     [start unswap] -> {'max_bond': 128, 'max_links': 4, 'total_elems': 869792, 'total_shapes': 6018, 'total_links': 222, 'num_tensors': 56}
2026-08-25 05:05:53,645 [INFO]     [0 | both | 0](candidate_pairs: 28/28 | new_swaps: 0 | total: 0) -> {'max_bond': 128, 'max_links': 4, 'total_elems': 869792, 'total_shapes': 6018, 'total_links': 222, 'num_tensors': 56}
2026-08-25 05:05:59,785 [INFO]     [0 | both | 1](candidate_pairs: 27/27 | new_swaps: 9 | total: 9) -> {'max_bond': 256, 'max_links': 4, 'total_elems': 960544, 'total_shapes': 6136, 'total_links': 222, 'num_tensors': 56}
2026-08-25 05:06:01,423 [INFO]     [0 | left | 0](candidate_pairs: 28/28 | new_swaps: 9 | total: 18) -> {'max_bond': 128, 'max_links': 4, 'total_elems': 544288, 'total_shapes': 4856, 'total_links': 222, 'num_tensors': 56}
2026-08-25 05:06:02,373 [INFO]     [0 | left | 1](candidate_pairs: 27/27 | new_swaps: 14 | total: 32) -> {'max_bond': 128, 'max_links': 4, 'total_elems': 242720, 'total_shapes': 3560, 'total_links': 222, 'num_tensors': 56}
2026-08-25 05:06:02,697 [INFO]     [0 | right | 0](candidate_pairs: 28/28 | new_swaps: 8 | total: 40) -> {'max_bond': 64, 'max_links': 4, 'total_elems': 180256, 'total_shapes': 3008, 'total_links': 222, 'num_tensors': 56}
2026-08-25 05:06:03,036 [INFO]     [0 | right | 1](candidate_pairs: 27/27 | new_swaps: 11 | total: 51) -> {'max_bond': 64, 'max_links': 4, 'total_elems': 134752, 'total_shapes': 2672, 'total_links': 222, 'num_tensors': 56}
2026-08-25 05:06:03,414 [INFO]     [1 | both | 0](candidate_pairs: 28/28 | new_swaps: 13 | total: 13) -> {'max_bond': 64, 'max_links': 4, 'total_elems': 77120, 'total_shapes': 2064, 'total_links': 222, 'num_tensors': 56}
2026-08-25 05:06:03,661 [INFO]     [1 | both | 1](candidate_pairs: 27/27 | new_swaps: 5 | total: 18) -> {'max_bond': 32, 'max_links': 4, 'total_elems': 57280, 'total_shapes': 1816, 'total_links': 222, 'num_tensors': 56}
2026-08-25 05:06:03,781 [INFO]     [1 | left | 0](candidate_pairs: 28/28 | new_swaps: 8 | total: 26) -> {'max_bond': 32, 'max_links': 4, 'total_elems': 47944, 'total_shapes': 1638, 'total_links': 222, 'num_tensors': 56}
2026-08-25 05:06:03,891 [INFO]     [1 | left | 1](candidate_pairs: 27/27 | new_swaps: 9 | total: 35) -> {'max_bond': 32, 'max_links': 4, 'total_elems': 37448, 'total_shapes': 1446, 'total_links': 222, 'num_tensors': 56}
2026-08-25 05:06:03,986 [INFO]     [1 | right | 0](candidate_pairs: 28/28 | new_swaps: 9 | total: 44) -> {'max_bond': 32, 'max_links': 4, 'total_elems': 33308, 'total_shapes': 1324, 'total_links': 222, 'num_tensors': 56}
2026-08-25 05:06:04,071 [INFO]     [1 | right | 1](candidate_pairs: 27/27 | new_swaps: 7 | total: 51) -> {'max_bond': 32, 'max_links': 4, 'total_elems': 29492, 'total_shapes': 1236, 'total_links': 222, 'num_tensors': 56}
2026-08-25 05:06:04,225 [INFO]     [2 | both | 0](candidate_pairs: 28/28 | new_swaps: 10 | total: 10) -> {'max_bond': 32, 'max_links': 4, 'total_elems': 23620, 'total_shapes': 1084, 'total_links': 222, 'num_tensors': 56}
2026-08-25 05:06:04,365 [INFO]     [2 | both | 1](candidate_pairs: 27/27 | new_swaps: 8 | total: 18) -> {'max_bond': 32, 'max_links': 4, 'total_elems': 18608, 'total_shapes': 982, 'total_links': 222, 'num_tensors': 56}
2026-08-25 05:06:04,437 [INFO]     [2 | left | 0](candidate_pairs: 28/28 | new_swaps: 5 | total: 23) -> {'max_bond': 32, 'max_links': 4, 'total_elems': 15440, 'total_shapes': 922, 'total_links': 222, 'num_tensors': 56}
2026-08-25 05:06:04,507 [INFO]     [2 | left | 1](candidate_pairs: 27/27 | new_swaps: 5 | total: 28) -> {'max_bond': 32, 'max_links': 4, 'total_elems': 12360, 'total_shapes': 836, 'total_links': 222, 'num_tensors': 56}
2026-08-25 05:06:04,573 [INFO]     [2 | right | 0](candidate_pairs: 28/28 | new_swaps: 4 | total: 32) -> {'max_bond': 32, 'max_links': 4, 'total_elems': 11712, 'total_shapes': 808, 'total_links': 222, 'num_tensors': 56}
2026-08-25 05:06:04,637 [INFO]     [2 | right | 1](candidate_pairs: 27/27 | new_swaps: 2 | total: 34) -> {'max_bond': 32, 'max_links': 4, 'total_elems': 11136, 'total_shapes': 788, 'total_links': 222, 'num_tensors': 56}
2026-08-25 05:06:04,752 [INFO]     [3 | both | 0](candidate_pairs: 28/28 | new_swaps: 3 | total: 3) -> {'max_bond': 32, 'max_links': 4, 'total_elems': 11064, 'total_shapes': 780, 'total_links': 222, 'num_tensors': 56}
2026-08-25 05:06:04,866 [INFO]     [3 | both | 1](candidate_pairs: 27/27 | new_swaps: 2 | total: 5) -> {'max_bond': 32, 'max_links': 4, 'total_elems': 11004, 'total_shapes': 772, 'total_links': 222, 'num_tensors': 56}
2026-08-25 05:06:04,930 [INFO]     [3 | left | 0](candidate_pairs: 28/28 | new_swaps: 2 | total: 7) -> {'max_bond': 32, 'max_links': 4, 'total_elems': 10868, 'total_shapes': 756, 'total_links': 222, 'num_tensors': 56}
2026-08-25 05:06:04,960 [INFO]     [3 | left | 1](candidate_pairs: 27/27 | new_swaps: 0 | total: 7) -> {'max_bond': 32, 'max_links': 4, 'total_elems': 10868, 'total_shapes': 756, 'total_links': 222, 'num_tensors': 56}
2026-08-25 05:06:04,990 [INFO]     [3 | right | 0](candidate_pairs: 28/28 | new_swaps: 0 | total: 7) -> {'max_bond': 32, 'max_links': 4, 'total_elems': 10868, 'total_shapes': 756, 'total_links': 222, 'num_tensors': 56}
2026-08-25 05:06:05,020 [INFO]     [3 | right | 1](candidate_pairs: 27/27 | new_swaps: 0 | total: 7) -> {'max_bond': 32, 'max_links': 4, 'total_elems': 10868, 'total_shapes': 756, 'total_links': 222, 'num_tensors': 56}
2026-08-25 05:06:05,078 [INFO]     [4 | both | 0](candidate_pairs: 28/28 | new_swaps: 0 | total: 0) -> {'max_bond': 32, 'max_links': 4, 'total_elems': 10868, 'total_shapes': 756, 'total_links': 222, 'num_tensors': 56}
2026-08-25 05:06:05,137 [INFO]     [4 | both | 1](candidate_pairs: 27/27 | new_swaps: 0 | total: 0) -> {'max_bond': 32, 'max_links': 4, 'total_elems': 10868, 'total_shapes': 756, 'total_links': 222, 'num_tensors': 56}
2026-08-25 05:06:05,168 [INFO]     [4 | left | 0](candidate_pairs: 28/28 | new_swaps: 0 | total: 0) -> {'max_bond': 32, 'max_links': 4, 'total_elems': 10868, 'total_shapes': 756, 'total_links': 222, 'num_tensors': 56}
2026-08-25 05:06:05,217 [INFO]     [4 | left | 1](candidate_pairs: 27/27 | new_swaps: 0 | total: 0) -> {'max_bond': 32, 'max_links': 4, 'total_elems': 10868, 'total_shapes': 756, 'total_links': 222, 'num_tensors': 56}
2026-08-25 05:06:05,269 [INFO]     [4 | right | 0](candidate_pairs: 28/28 | new_swaps: 0 | total: 0) -> {'max_bond': 32, 'max_links': 4, 'total_elems': 10868, 'total_shapes': 756, 'total_links': 222, 'num_tensors': 56}
2026-08-25 05:06:05,308 [INFO]     [4 | right | 1](candidate_pairs: 27/27 | new_swaps: 0 | total: 0) -> {'max_bond': 32, 'max_links': 4, 'total_elems': 10868, 'total_shapes': 756, 'total_links': 222, 'num_tensors': 56}
2026-08-25 05:06:05,309 [INFO]     [end unswap] -> {'max_bond': 32, 'max_links': 4, 'total_elems': 10868, 'total_shapes': 756, 'total_links': 222, 'num_tensors': 56}
2026-08-25 05:06:06,291 [INFO] [start rewire](phase=post_unswap, cycle=15, side=left, layers=1457, trials=20, seed=123, parallel=False, route_candidates=1, route_score=none)
2026-08-25 05:06:08,256 [INFO] [end rewire](phase=post_unswap, cycle=15, side=left, routed_layers=1373, elapsed_s=1.96)
2026-08-25 05:06:08,256 [INFO] [start rewire](phase=post_unswap, cycle=15, side=right, layers=1564, trials=20, seed=123, parallel=False, route_candidates=1, route_score=none)
2026-08-25 05:06:10,028 [INFO] [end rewire](phase=post_unswap, cycle=15, side=right, routed_layers=1699, elapsed_s=1.77)
2026-08-25 05:06:10,191 [INFO] [1L/1371](swap: 12, u: 0 | c_u: 0 | t_u_l: 32/942 | t_u_r: 61/943 | t_u: 93/1885) -> {'max_bond': 32, 'max_links': 4, 'total_elems': 10868, 'total_shapes': 756, 'total_links': 222, 'num_tensors': 56}
2026-08-25 05:06:10,290 [INFO] [2L/1371](swap: 14, u: 0 | c_u: 0 | t_u_l: 32/942 | t_u_r: 61/943 | t_u: 93/1885) -> {'max_bond': 32, 'max_links': 4, 'total_elems': 12100, 'total_shapes': 846, 'total_links': 222, 'num_tensors': 56}
2026-08-25 05:06:10,390 [INFO] [1R/1697](swap: 11, u: 0 | c_u: 0 | t_u_l: 32/942 | t_u_r: 61/943 | t_u: 93/1885) -> {'max_bond': 32, 'max_links': 4, 'total_elems': 13756, 'total_shapes': 914, 'total_links': 222, 'num_tensors': 56}
2026-08-25 05:06:10,494 [INFO] [2R/1697](swap: 11, u: 0 | c_u: 0 | t_u_l: 32/942 | t_u_r: 61/943 | t_u: 93/1885) -> {'max_bond': 32, 'max_links': 4, 'total_elems': 18828, 'total_shapes': 1032, 'total_links': 222, 'num_tensors': 56}
2026-08-25 05:06:10,606 [INFO] [3L/1371](swap: 16, u: 0 | c_u: 0 | t_u_l: 32/942 | t_u_r: 61/943 | t_u: 93/1885) -> {'max_bond': 32, 'max_links': 4, 'total_elems': 24992, 'total_shapes': 1234, 'total_links': 222, 'num_tensors': 56}
2026-08-25 05:06:10,727 [INFO] [4L/1371](swap: 12, u: 0 | c_u: 0 | t_u_l: 32/942 | t_u_r: 61/943 | t_u: 93/1885) -> {'max_bond': 64, 'max_links': 4, 'total_elems': 45280, 'total_shapes': 1600, 'total_links': 222, 'num_tensors': 56}
2026-08-25 05:06:10,871 [INFO] [5L/1371](swap: 11, u: 1 | c_u: 1 | t_u_l: 33/942 | t_u_r: 61/943 | t_u: 94/1885) -> {'max_bond': 64, 'max_links': 4, 'total_elems': 80224, 'total_shapes': 2024, 'total_links': 222, 'num_tensors': 56}
2026-08-25 05:06:11,062 [INFO] [3R/1697](swap: 15, u: 0 | c_u: 1 | t_u_l: 33/942 | t_u_r: 61/943 | t_u: 94/1885) -> {'max_bond': 128, 'max_links': 4, 'total_elems': 143840, 'total_shapes': 2624, 'total_links': 222, 'num_tensors': 56}
2026-08-25 05:06:11,325 [INFO] [4R/1697](swap: 12, u: 0 | c_u: 1 | t_u_l: 33/942 | t_u_r: 61/943 | t_u: 94/1885) -> {'max_bond': 128, 'max_links': 4, 'total_elems': 182624, 'total_shapes': 3040, 'total_links': 222, 'num_tensors': 56}
2026-08-25 05:06:11,623 [INFO] [5R/1697](swap: 10, u: 1 | c_u: 2 | t_u_l: 33/942 | t_u_r: 62/943 | t_u: 95/1885) -> {'max_bond': 128, 'max_links': 4, 'total_elems': 276512, 'total_shapes': 3630, 'total_links': 222, 'num_tensors': 56}
2026-08-25 05:06:12,094 [INFO]     [start unswap] -> {'max_bond': 128, 'max_links': 4, 'total_elems': 276512, 'total_shapes': 3630, 'total_links': 222, 'num_tensors': 56}
2026-08-25 05:06:13,296 [INFO]     [0 | both | 0](candidate_pairs: 28/28 | new_swaps: 6 | total: 6) -> {'max_bond': 128, 'max_links': 4, 'total_elems': 291992, 'total_shapes': 3812, 'total_links': 222, 'num_tensors': 56}
2026-08-25 05:06:14,260 [INFO]     [0 | both | 1](candidate_pairs: 27/27 | new_swaps: 8 | total: 14) -> {'max_bond': 127, 'max_links': 4, 'total_elems': 251480, 'total_shapes': 3342, 'total_links': 222, 'num_tensors': 56}
2026-08-25 05:06:14,722 [INFO]     [0 | left | 0](candidate_pairs: 28/28 | new_swaps: 14 | total: 28) -> {'max_bond': 126, 'max_links': 4, 'total_elems': 142584, 'total_shapes': 2552, 'total_links': 222, 'num_tensors': 56}
2026-08-25 05:06:14,957 [INFO]     [0 | left | 1](candidate_pairs: 27/27 | new_swaps: 15 | total: 43) -> {'max_bond': 64, 'max_links': 4, 'total_elems': 65328, 'total_shapes': 1806, 'total_links': 222, 'num_tensors': 56}
2026-08-25 05:06:15,074 [INFO]     [0 | right | 0](candidate_pairs: 28/28 | new_swaps: 7 | total: 50) -> {'max_bond': 64, 'max_links': 4, 'total_elems': 59832, 'total_shapes': 1670, 'total_links': 222, 'num_tensors': 56}
2026-08-25 05:06:15,203 [INFO]     [0 | right | 1](candidate_pairs: 27/27 | new_swaps: 8 | total: 58) -> {'max_bond': 64, 'max_links': 4, 'total_elems': 53192, 'total_shapes': 1554, 'total_links': 222, 'num_tensors': 56}
2026-08-25 05:06:15,414 [INFO]     [1 | both | 0](candidate_pairs: 28/28 | new_swaps: 15 | total: 15) -> {'max_bond': 64, 'max_links': 4, 'total_elems': 30096, 'total_shapes': 1276, 'total_links': 222, 'num_tensors': 56}
2026-08-25 05:06:15,560 [INFO]     [1 | both | 1](candidate_pairs: 27/27 | new_swaps: 6 | total: 21) -> {'max_bond': 64, 'max_links': 4, 'total_elems': 25896, 'total_shapes': 1156, 'total_links': 222, 'num_tensors': 56}
2026-08-25 05:06:15,642 [INFO]     [1 | left | 0](candidate_pairs: 28/28 | new_swaps: 5 | total: 26) -> {'max_bond': 64, 'max_links': 4, 'total_elems': 23928, 'total_shapes': 1088, 'total_links': 222, 'num_tensors': 56}
2026-08-25 05:06:15,718 [INFO]     [1 | left | 1](candidate_pairs: 27/27 | new_swaps: 4 | total: 30) -> {'max_bond': 64, 'max_links': 4, 'total_elems': 22000, 'total_shapes': 1046, 'total_links': 222, 'num_tensors': 56}
2026-08-25 05:06:15,794 [INFO]     [1 | right | 0](candidate_pairs: 28/28 | new_swaps: 5 | total: 35) -> {'max_bond': 64, 'max_links': 4, 'total_elems': 20360, 'total_shapes': 990, 'total_links': 222, 'num_tensors': 56}
2026-08-25 05:06:15,863 [INFO]     [1 | right | 1](candidate_pairs: 27/27 | new_swaps: 2 | total: 37) -> {'max_bond': 32, 'max_links': 4, 'total_elems': 13976, 'total_shapes': 914, 'total_links': 222, 'num_tensors': 56}
2026-08-25 05:06:15,980 [INFO]     [2 | both | 0](candidate_pairs: 28/28 | new_swaps: 2 | total: 2) -> {'max_bond': 32, 'max_links': 4, 'total_elems': 13924, 'total_shapes': 908, 'total_links': 222, 'num_tensors': 56}
2026-08-25 05:06:16,089 [INFO]     [2 | both | 1](candidate_pairs: 27/27 | new_swaps: 1 | total: 3) -> {'max_bond': 32, 'max_links': 4, 'total_elems': 13876, 'total_shapes': 904, 'total_links': 222, 'num_tensors': 56}
2026-08-25 05:06:16,120 [INFO]     [2 | left | 0](candidate_pairs: 28/28 | new_swaps: 0 | total: 3) -> {'max_bond': 32, 'max_links': 4, 'total_elems': 13876, 'total_shapes': 904, 'total_links': 222, 'num_tensors': 56}
2026-08-25 05:06:16,152 [INFO]     [2 | left | 1](candidate_pairs: 27/27 | new_swaps: 0 | total: 3) -> {'max_bond': 32, 'max_links': 4, 'total_elems': 13876, 'total_shapes': 904, 'total_links': 222, 'num_tensors': 56}
2026-08-25 05:06:16,219 [INFO]     [2 | right | 0](candidate_pairs: 28/28 | new_swaps: 2 | total: 5) -> {'max_bond': 32, 'max_links': 4, 'total_elems': 11156, 'total_shapes': 864, 'total_links': 222, 'num_tensors': 56}
2026-08-25 05:06:16,270 [INFO]     [2 | right | 1](candidate_pairs: 27/27 | new_swaps: 1 | total: 6) -> {'max_bond': 32, 'max_links': 4, 'total_elems': 10868, 'total_shapes': 852, 'total_links': 222, 'num_tensors': 56}
2026-08-25 05:06:16,384 [INFO]     [3 | both | 0](candidate_pairs: 28/28 | new_swaps: 2 | total: 2) -> {'max_bond': 32, 'max_links': 4, 'total_elems': 10696, 'total_shapes': 842, 'total_links': 222, 'num_tensors': 56}
2026-08-25 05:06:16,484 [INFO]     [3 | both | 1](candidate_pairs: 27/27 | new_swaps: 1 | total: 3) -> {'max_bond': 32, 'max_links': 4, 'total_elems': 10568, 'total_shapes': 834, 'total_links': 222, 'num_tensors': 56}
2026-08-25 05:06:16,545 [INFO]     [3 | left | 0](candidate_pairs: 28/28 | new_swaps: 1 | total: 4) -> {'max_bond': 32, 'max_links': 4, 'total_elems': 10472, 'total_shapes': 830, 'total_links': 222, 'num_tensors': 56}
2026-08-25 05:06:16,575 [INFO]     [3 | left | 1](candidate_pairs: 27/27 | new_swaps: 0 | total: 4) -> {'max_bond': 32, 'max_links': 4, 'total_elems': 10472, 'total_shapes': 830, 'total_links': 222, 'num_tensors': 56}
2026-08-25 05:06:16,604 [INFO]     [3 | right | 0](candidate_pairs: 28/28 | new_swaps: 0 | total: 4) -> {'max_bond': 32, 'max_links': 4, 'total_elems': 10472, 'total_shapes': 830, 'total_links': 222, 'num_tensors': 56}
2026-08-25 05:06:16,654 [INFO]     [3 | right | 1](candidate_pairs: 27/27 | new_swaps: 1 | total: 5) -> {'max_bond': 32, 'max_links': 4, 'total_elems': 10424, 'total_shapes': 826, 'total_links': 222, 'num_tensors': 56}
2026-08-25 05:06:16,713 [INFO]     [4 | both | 0](candidate_pairs: 28/28 | new_swaps: 0 | total: 0) -> {'max_bond': 32, 'max_links': 4, 'total_elems': 10424, 'total_shapes': 826, 'total_links': 222, 'num_tensors': 56}
2026-08-25 05:06:16,771 [INFO]     [4 | both | 1](candidate_pairs: 27/27 | new_swaps: 0 | total: 0) -> {'max_bond': 32, 'max_links': 4, 'total_elems': 10424, 'total_shapes': 826, 'total_links': 222, 'num_tensors': 56}
2026-08-25 05:06:16,801 [INFO]     [4 | left | 0](candidate_pairs: 28/28 | new_swaps: 0 | total: 0) -> {'max_bond': 32, 'max_links': 4, 'total_elems': 10424, 'total_shapes': 826, 'total_links': 222, 'num_tensors': 56}
2026-08-25 05:06:16,830 [INFO]     [4 | left | 1](candidate_pairs: 27/27 | new_swaps: 0 | total: 0) -> {'max_bond': 32, 'max_links': 4, 'total_elems': 10424, 'total_shapes': 826, 'total_links': 222, 'num_tensors': 56}
2026-08-25 05:06:16,859 [INFO]     [4 | right | 0](candidate_pairs: 28/28 | new_swaps: 0 | total: 0) -> {'max_bond': 32, 'max_links': 4, 'total_elems': 10424, 'total_shapes': 826, 'total_links': 222, 'num_tensors': 56}
2026-08-25 05:06:16,889 [INFO]     [4 | right | 1](candidate_pairs: 27/27 | new_swaps: 0 | total: 0) -> {'max_bond': 32, 'max_links': 4, 'total_elems': 10424, 'total_shapes': 826, 'total_links': 222, 'num_tensors': 56}
2026-08-25 05:06:16,889 [INFO]     [end unswap] -> {'max_bond': 32, 'max_links': 4, 'total_elems': 10424, 'total_shapes': 826, 'total_links': 222, 'num_tensors': 56}
2026-08-25 05:06:17,911 [INFO] [start rewire](phase=post_unswap, cycle=16, side=left, layers=1368, trials=20, seed=123, parallel=False, route_candidates=1, route_score=none)
2026-08-25 05:06:19,877 [INFO] [end rewire](phase=post_unswap, cycle=16, side=left, routed_layers=1396, elapsed_s=1.97)
2026-08-25 05:06:19,877 [INFO] [start rewire](phase=post_unswap, cycle=16, side=right, layers=1694, trials=20, seed=123, parallel=False, route_candidates=1, route_score=none)
2026-08-25 05:06:21,601 [INFO] [end rewire](phase=post_unswap, cycle=16, side=right, routed_layers=1551, elapsed_s=1.72)
2026-08-25 05:06:21,771 [INFO] [1L/1394](swap: 15, u: 0 | c_u: 0 | t_u_l: 33/942 | t_u_r: 62/943 | t_u: 95/1885) -> {'max_bond': 32, 'max_links': 4, 'total_elems': 10424, 'total_shapes': 826, 'total_links': 222, 'num_tensors': 56}
2026-08-25 05:06:21,875 [INFO] [1R/1549](swap: 14, u: 0 | c_u: 0 | t_u_l: 33/942 | t_u_r: 62/943 | t_u: 95/1885) -> {'max_bond': 32, 'max_links': 4, 'total_elems': 13924, 'total_shapes': 972, 'total_links': 222, 'num_tensors': 56}
2026-08-25 05:06:21,983 [INFO] [2R/1549](swap: 10, u: 1 | c_u: 1 | t_u_l: 33/942 | t_u_r: 63/943 | t_u: 96/1885) -> {'max_bond': 32, 'max_links': 4, 'total_elems': 22112, 'total_shapes': 1160, 'total_links': 222, 'num_tensors': 56}
2026-08-25 05:06:22,097 [INFO] [2L/1394](swap: 14, u: 0 | c_u: 1 | t_u_l: 33/942 | t_u_r: 63/943 | t_u: 96/1885) -> {'max_bond': 64, 'max_links': 4, 'total_elems': 34740, 'total_shapes': 1350, 'total_links': 222, 'num_tensors': 56}
2026-08-25 05:06:22,227 [INFO] [3R/1549](swap: 8, u: 0 | c_u: 1 | t_u_l: 33/942 | t_u_r: 63/943 | t_u: 96/1885) -> {'max_bond': 64, 'max_links': 4, 'total_elems': 50940, 'total_shapes': 1586, 'total_links': 222, 'num_tensors': 56}
2026-08-25 05:06:22,367 [INFO] [4R/1549](swap: 6, u: 1 | c_u: 2 | t_u_l: 33/942 | t_u_r: 64/943 | t_u: 97/1885) -> {'max_bond': 64, 'max_links': 4, 'total_elems': 69508, 'total_shapes': 1804, 'total_links': 222, 'num_tensors': 56}
2026-08-25 05:06:22,553 [INFO] [5R/1549](swap: 5, u: 0 | c_u: 2 | t_u_l: 33/942 | t_u_r: 64/943 | t_u: 97/1885) -> {'max_bond': 64, 'max_links': 4, 'total_elems': 94772, 'total_shapes': 1948, 'total_links': 222, 'num_tensors': 56}
2026-08-25 05:06:22,749 [INFO] [6R/1549](swap: 6, u: 0 | c_u: 2 | t_u_l: 33/942 | t_u_r: 64/943 | t_u: 97/1885) -> {'max_bond': 64, 'max_links': 4, 'total_elems': 121628, 'total_shapes': 2108, 'total_links': 222, 'num_tensors': 56}
2026-08-25 05:06:23,017 [INFO] [7R/1549](swap: 6, u: 1 | c_u: 3 | t_u_l: 33/942 | t_u_r: 65/943 | t_u: 98/1885) -> {'max_bond': 128, 'max_links': 4, 'total_elems': 172892, 'total_shapes': 2458, 'total_links': 222, 'num_tensors': 56}
2026-08-25 05:06:23,317 [INFO] [8R/1549](swap: 7, u: 0 | c_u: 3 | t_u_l: 33/942 | t_u_r: 65/943 | t_u: 98/1885) -> {'max_bond': 128, 'max_links': 4, 'total_elems': 213852, 'total_shapes': 2714, 'total_links': 222, 'num_tensors': 56}
2026-08-25 05:06:23,635 [INFO] [9R/1549](swap: 3, u: 0 | c_u: 3 | t_u_l: 33/942 | t_u_r: 65/943 | t_u: 98/1885) -> {'max_bond': 128, 'max_links': 4, 'total_elems': 217308, 'total_shapes': 2786, 'total_links': 222, 'num_tensors': 56}
2026-08-25 05:06:23,960 [INFO] [10R/1549](swap: 2, u: 0 | c_u: 3 | t_u_l: 33/942 | t_u_r: 65/943 | t_u: 98/1885) -> {'max_bond': 128, 'max_links': 4, 'total_elems': 220764, 'total_shapes': 2850, 'total_links': 222, 'num_tensors': 56}
2026-08-25 05:06:24,285 [INFO] [11R/1549](swap: 3, u: 0 | c_u: 3 | t_u_l: 33/942 | t_u_r: 65/943 | t_u: 98/1885) -> {'max_bond': 128, 'max_links': 4, 'total_elems': 228444, 'total_shapes': 2922, 'total_links': 222, 'num_tensors': 56}
2026-08-25 05:06:24,627 [INFO] [12R/1549](swap: 4, u: 0 | c_u: 3 | t_u_l: 33/942 | t_u_r: 65/943 | t_u: 98/1885) -> {'max_bond': 128, 'max_links': 4, 'total_elems': 242780, 'total_shapes': 3082, 'total_links': 222, 'num_tensors': 56}
2026-08-25 05:06:25,015 [INFO] [13R/1549](swap: 4, u: 0 | c_u: 3 | t_u_l: 33/942 | t_u_r: 65/943 | t_u: 98/1885) -> {'max_bond': 128, 'max_links': 4, 'total_elems': 299100, 'total_shapes': 3386, 'total_links': 222, 'num_tensors': 56}
2026-08-25 05:06:25,495 [INFO]     [start unswap] -> {'max_bond': 128, 'max_links': 4, 'total_elems': 299100, 'total_shapes': 3386, 'total_links': 222, 'num_tensors': 56}
2026-08-25 05:06:27,541 [INFO]     [0 | both | 0](candidate_pairs: 28/28 | new_swaps: 8 | total: 8) -> {'max_bond': 128, 'max_links': 4, 'total_elems': 330008, 'total_shapes': 3488, 'total_links': 222, 'num_tensors': 56}
2026-08-25 05:06:28,618 [INFO]     [0 | both | 1](candidate_pairs: 27/27 | new_swaps: 11 | total: 19) -> {'max_bond': 128, 'max_links': 4, 'total_elems': 158264, 'total_shapes': 2556, 'total_links': 222, 'num_tensors': 56}
2026-08-25 05:06:28,901 [INFO]     [0 | left | 0](candidate_pairs: 28/28 | new_swaps: 12 | total: 31) -> {'max_bond': 64, 'max_links': 4, 'total_elems': 89944, 'total_shapes': 2024, 'total_links': 222, 'num_tensors': 56}
2026-08-25 05:06:29,065 [INFO]     [0 | left | 1](candidate_pairs: 27/27 | new_swaps: 7 | total: 38) -> {'max_bond': 64, 'max_links': 4, 'total_elems': 73944, 'total_shapes': 1800, 'total_links': 222, 'num_tensors': 56}
2026-08-25 05:06:29,209 [INFO]     [0 | right | 0](candidate_pairs: 28/28 | new_swaps: 6 | total: 44) -> {'max_bond': 64, 'max_links': 4, 'total_elems': 51160, 'total_shapes': 1584, 'total_links': 222, 'num_tensors': 56}
2026-08-25 05:06:29,324 [INFO]     [0 | right | 1](candidate_pairs: 27/27 | new_swaps: 9 | total: 53) -> {'max_bond': 32, 'max_links': 4, 'total_elems': 29144, 'total_shapes': 1338, 'total_links': 222, 'num_tensors': 56}
2026-08-25 05:06:29,490 [INFO]     [1 | both | 0](candidate_pairs: 28/28 | new_swaps: 6 | total: 6) -> {'max_bond': 32, 'max_links': 4, 'total_elems': 20920, 'total_shapes': 1174, 'total_links': 222, 'num_tensors': 56}
2026-08-25 05:06:29,635 [INFO]     [1 | both | 1](candidate_pairs: 27/27 | new_swaps: 8 | total: 14) -> {'max_bond': 32, 'max_links': 4, 'total_elems': 17672, 'total_shapes': 1092, 'total_links': 222, 'num_tensors': 56}
2026-08-25 05:06:29,709 [INFO]     [1 | left | 0](candidate_pairs: 28/28 | new_swaps: 5 | total: 19) -> {'max_bond': 32, 'max_links': 4, 'total_elems': 15560, 'total_shapes': 1026, 'total_links': 222, 'num_tensors': 56}
2026-08-25 05:06:29,780 [INFO]     [1 | left | 1](candidate_pairs: 27/27 | new_swaps: 5 | total: 24) -> {'max_bond': 32, 'max_links': 4, 'total_elems': 13720, 'total_shapes': 972, 'total_links': 222, 'num_tensors': 56}
2026-08-25 05:06:29,845 [INFO]     [1 | right | 0](candidate_pairs: 28/28 | new_swaps: 2 | total: 26) -> {'max_bond': 32, 'max_links': 4, 'total_elems': 12952, 'total_shapes': 938, 'total_links': 222, 'num_tensors': 56}
2026-08-25 05:06:29,909 [INFO]     [1 | right | 1](candidate_pairs: 27/27 | new_swaps: 2 | total: 28) -> {'max_bond': 32, 'max_links': 4, 'total_elems': 11832, 'total_shapes': 908, 'total_links': 222, 'num_tensors': 56}
2026-08-25 05:06:30,025 [INFO]     [2 | both | 0](candidate_pairs: 28/28 | new_swaps: 2 | total: 2) -> {'max_bond': 32, 'max_links': 4, 'total_elems': 11352, 'total_shapes': 892, 'total_links': 222, 'num_tensors': 56}
2026-08-25 05:06:30,138 [INFO]     [2 | both | 1](candidate_pairs: 27/27 | new_swaps: 2 | total: 4) -> {'max_bond': 32, 'max_links': 4, 'total_elems': 10632, 'total_shapes': 860, 'total_links': 222, 'num_tensors': 56}
2026-08-25 05:06:30,202 [INFO]     [2 | left | 0](candidate_pairs: 28/28 | new_swaps: 4 | total: 8) -> {'max_bond': 32, 'max_links': 4, 'total_elems': 10264, 'total_shapes': 834, 'total_links': 222, 'num_tensors': 56}
2026-08-25 05:06:30,231 [INFO]     [2 | left | 1](candidate_pairs: 27/27 | new_swaps: 0 | total: 8) -> {'max_bond': 32, 'max_links': 4, 'total_elems': 10264, 'total_shapes': 834, 'total_links': 222, 'num_tensors': 56}
2026-08-25 05:06:30,291 [INFO]     [2 | right | 0](candidate_pairs: 28/28 | new_swaps: 1 | total: 9) -> {'max_bond': 32, 'max_links': 4, 'total_elems': 10216, 'total_shapes': 830, 'total_links': 222, 'num_tensors': 56}
2026-08-25 05:06:30,341 [INFO]     [2 | right | 1](candidate_pairs: 27/27 | new_swaps: 1 | total: 10) -> {'max_bond': 32, 'max_links': 4, 'total_elems': 10144, 'total_shapes': 824, 'total_links': 222, 'num_tensors': 56}
2026-08-25 05:06:30,453 [INFO]     [3 | both | 0](candidate_pairs: 28/28 | new_swaps: 2 | total: 2) -> {'max_bond': 32, 'max_links': 4, 'total_elems': 10084, 'total_shapes': 818, 'total_links': 222, 'num_tensors': 56}
2026-08-25 05:06:30,511 [INFO]     [3 | both | 1](candidate_pairs: 27/27 | new_swaps: 0 | total: 2) -> {'max_bond': 32, 'max_links': 4, 'total_elems': 10084, 'total_shapes': 818, 'total_links': 222, 'num_tensors': 56}
2026-08-25 05:06:30,541 [INFO]     [3 | left | 0](candidate_pairs: 28/28 | new_swaps: 0 | total: 2) -> {'max_bond': 32, 'max_links': 4, 'total_elems': 10084, 'total_shapes': 818, 'total_links': 222, 'num_tensors': 56}
2026-08-25 05:06:30,570 [INFO]     [3 | left | 1](candidate_pairs: 27/27 | new_swaps: 0 | total: 2) -> {'max_bond': 32, 'max_links': 4, 'total_elems': 10084, 'total_shapes': 818, 'total_links': 222, 'num_tensors': 56}
2026-08-25 05:06:30,599 [INFO]     [3 | right | 0](candidate_pairs: 28/28 | new_swaps: 0 | total: 2) -> {'max_bond': 32, 'max_links': 4, 'total_elems': 10084, 'total_shapes': 818, 'total_links': 222, 'num_tensors': 56}
2026-08-25 05:06:30,627 [INFO]     [3 | right | 1](candidate_pairs: 27/27 | new_swaps: 0 | total: 2) -> {'max_bond': 32, 'max_links': 4, 'total_elems': 10084, 'total_shapes': 818, 'total_links': 222, 'num_tensors': 56}
2026-08-25 05:06:30,685 [INFO]     [4 | both | 0](candidate_pairs: 28/28 | new_swaps: 0 | total: 0) -> {'max_bond': 32, 'max_links': 4, 'total_elems': 10084, 'total_shapes': 818, 'total_links': 222, 'num_tensors': 56}
2026-08-25 05:06:30,743 [INFO]     [4 | both | 1](candidate_pairs: 27/27 | new_swaps: 0 | total: 0) -> {'max_bond': 32, 'max_links': 4, 'total_elems': 10084, 'total_shapes': 818, 'total_links': 222, 'num_tensors': 56}
2026-08-25 05:06:30,772 [INFO]     [4 | left | 0](candidate_pairs: 28/28 | new_swaps: 0 | total: 0) -> {'max_bond': 32, 'max_links': 4, 'total_elems': 10084, 'total_shapes': 818, 'total_links': 222, 'num_tensors': 56}
2026-08-25 05:06:30,801 [INFO]     [4 | left | 1](candidate_pairs: 27/27 | new_swaps: 0 | total: 0) -> {'max_bond': 32, 'max_links': 4, 'total_elems': 10084, 'total_shapes': 818, 'total_links': 222, 'num_tensors': 56}
2026-08-25 05:06:30,830 [INFO]     [4 | right | 0](candidate_pairs: 28/28 | new_swaps: 0 | total: 0) -> {'max_bond': 32, 'max_links': 4, 'total_elems': 10084, 'total_shapes': 818, 'total_links': 222, 'num_tensors': 56}
2026-08-25 05:06:30,858 [INFO]     [4 | right | 1](candidate_pairs: 27/27 | new_swaps: 0 | total: 0) -> {'max_bond': 32, 'max_links': 4, 'total_elems': 10084, 'total_shapes': 818, 'total_links': 222, 'num_tensors': 56}
2026-08-25 05:06:30,859 [INFO]     [end unswap] -> {'max_bond': 32, 'max_links': 4, 'total_elems': 10084, 'total_shapes': 818, 'total_links': 222, 'num_tensors': 56}
2026-08-25 05:06:31,941 [INFO] [start rewire](phase=post_unswap, cycle=17, side=left, layers=1394, trials=20, seed=123, parallel=False, route_candidates=1, route_score=none)
2026-08-25 05:06:33,958 [INFO] [end rewire](phase=post_unswap, cycle=17, side=left, routed_layers=1456, elapsed_s=2.02)
2026-08-25 05:06:33,958 [INFO] [start rewire](phase=post_unswap, cycle=17, side=right, layers=1538, trials=20, seed=123, parallel=False, route_candidates=1, route_score=none)
2026-08-25 05:06:35,684 [INFO] [end rewire](phase=post_unswap, cycle=17, side=right, routed_layers=1544, elapsed_s=1.73)
2026-08-25 05:06:35,859 [INFO] [1L/1454](swap: 15, u: 0 | c_u: 0 | t_u_l: 33/942 | t_u_r: 65/943 | t_u: 98/1885) -> {'max_bond': 32, 'max_links': 4, 'total_elems': 10084, 'total_shapes': 818, 'total_links': 222, 'num_tensors': 56}
2026-08-25 05:06:35,963 [INFO] [1R/1542](swap: 10, u: 0 | c_u: 0 | t_u_l: 33/942 | t_u_r: 65/943 | t_u: 98/1885) -> {'max_bond': 32, 'max_links': 4, 'total_elems': 12632, 'total_shapes': 932, 'total_links': 222, 'num_tensors': 56}
2026-08-25 05:06:36,071 [INFO] [2R/1542](swap: 8, u: 0 | c_u: 0 | t_u_l: 33/942 | t_u_r: 65/943 | t_u: 98/1885) -> {'max_bond': 32, 'max_links': 4, 'total_elems': 15520, 'total_shapes': 1022, 'total_links': 222, 'num_tensors': 56}
2026-08-25 05:06:36,179 [INFO] [3R/1542](swap: 6, u: 0 | c_u: 0 | t_u_l: 33/942 | t_u_r: 65/943 | t_u: 98/1885) -> {'max_bond': 32, 'max_links': 4, 'total_elems': 19288, 'total_shapes': 1136, 'total_links': 222, 'num_tensors': 56}
2026-08-25 05:06:36,291 [INFO] [4R/1542](swap: 6, u: 0 | c_u: 0 | t_u_l: 33/942 | t_u_r: 65/943 | t_u: 98/1885) -> {'max_bond': 32, 'max_links': 4, 'total_elems': 23912, 'total_shapes': 1224, 'total_links': 222, 'num_tensors': 56}
2026-08-25 05:06:36,406 [INFO] [5R/1542](swap: 5, u: 0 | c_u: 0 | t_u_l: 33/942 | t_u_r: 65/943 | t_u: 98/1885) -> {'max_bond': 48, 'max_links': 4, 'total_elems': 30776, 'total_shapes': 1332, 'total_links': 222, 'num_tensors': 56}
2026-08-25 05:06:36,534 [INFO] [2L/1454](swap: 16, u: 0 | c_u: 0 | t_u_l: 33/942 | t_u_r: 65/943 | t_u: 98/1885) -> {'max_bond': 64, 'max_links': 4, 'total_elems': 50972, 'total_shapes': 1616, 'total_links': 222, 'num_tensors': 56}
2026-08-25 05:06:36,682 [INFO] [6R/1542](swap: 5, u: 0 | c_u: 0 | t_u_l: 33/942 | t_u_r: 65/943 | t_u: 98/1885) -> {'max_bond': 64, 'max_links': 4, 'total_elems': 74012, 'total_shapes': 1828, 'total_links': 222, 'num_tensors': 56}
2026-08-25 05:06:36,887 [INFO] [7R/1542](swap: 6, u: 0 | c_u: 0 | t_u_l: 33/942 | t_u_r: 65/943 | t_u: 98/1885) -> {'max_bond': 64, 'max_links': 4, 'total_elems': 107804, 'total_shapes': 2102, 'total_links': 222, 'num_tensors': 56}
2026-08-25 05:06:37,118 [INFO] [8R/1542](swap: 6, u: 0 | c_u: 0 | t_u_l: 33/942 | t_u_r: 65/943 | t_u: 98/1885) -> {'max_bond': 128, 'max_links': 4, 'total_elems': 147228, 'total_shapes': 2342, 'total_links': 222, 'num_tensors': 56}
2026-08-25 05:06:37,391 [INFO] [9R/1542](swap: 6, u: 0 | c_u: 0 | t_u_l: 33/942 | t_u_r: 65/943 | t_u: 98/1885) -> {'max_bond': 128, 'max_links': 4, 'total_elems': 180764, 'total_shapes': 2582, 'total_links': 222, 'num_tensors': 56}
2026-08-25 05:06:37,682 [INFO] [10R/1542](swap: 5, u: 0 | c_u: 0 | t_u_l: 33/942 | t_u_r: 65/943 | t_u: 98/1885) -> {'max_bond': 128, 'max_links': 4, 'total_elems': 207516, 'total_shapes': 2806, 'total_links': 222, 'num_tensors': 56}
2026-08-25 05:06:37,999 [INFO] [11R/1542](swap: 3, u: 2 | c_u: 2 | t_u_l: 33/942 | t_u_r: 67/943 | t_u: 100/1885) -> {'max_bond': 128, 'max_links': 4, 'total_elems': 242844, 'total_shapes': 2974, 'total_links': 222, 'num_tensors': 56}
2026-08-25 05:06:38,352 [INFO] [12R/1542](swap: 4, u: 1 | c_u: 3 | t_u_l: 33/942 | t_u_r: 68/943 | t_u: 101/1885) -> {'max_bond': 128, 'max_links': 4, 'total_elems': 251548, 'total_shapes': 3054, 'total_links': 222, 'num_tensors': 56}
2026-08-25 05:06:38,718 [INFO] [13R/1542](swap: 4, u: 0 | c_u: 3 | t_u_l: 33/942 | t_u_r: 68/943 | t_u: 101/1885) -> {'max_bond': 128, 'max_links': 4, 'total_elems': 273180, 'total_shapes': 3222, 'total_links': 222, 'num_tensors': 56}
2026-08-25 05:06:39,146 [INFO] [14R/1542](swap: 6, u: 0 | c_u: 3 | t_u_l: 33/942 | t_u_r: 68/943 | t_u: 101/1885) -> {'max_bond': 128, 'max_links': 4, 'total_elems': 340764, 'total_shapes': 3622, 'total_links': 222, 'num_tensors': 56}
2026-08-25 05:06:39,666 [INFO] [15R/1542](swap: 5, u: 1 | c_u: 4 | t_u_l: 33/942 | t_u_r: 69/943 | t_u: 102/1885) -> {'max_bond': 128, 'max_links': 4, 'total_elems': 424220, 'total_shapes': 4068, 'total_links': 222, 'num_tensors': 56}
2026-08-25 05:06:40,299 [INFO]     [start unswap] -> {'max_bond': 128, 'max_links': 4, 'total_elems': 424220, 'total_shapes': 4068, 'total_links': 222, 'num_tensors': 56}
2026-08-25 05:06:42,864 [INFO]     [0 | both | 0](candidate_pairs: 28/28 | new_swaps: 3 | total: 3) -> {'max_bond': 128, 'max_links': 4, 'total_elems': 556088, 'total_shapes': 4670, 'total_links': 222, 'num_tensors': 56}
2026-08-25 05:06:44,828 [INFO]     [0 | both | 1](candidate_pairs: 27/27 | new_swaps: 7 | total: 10) -> {'max_bond': 128, 'max_links': 4, 'total_elems': 471192, 'total_shapes': 4230, 'total_links': 222, 'num_tensors': 56}
2026-08-25 05:06:45,609 [INFO]     [0 | left | 0](candidate_pairs: 28/28 | new_swaps: 10 | total: 20) -> {'max_bond': 128, 'max_links': 4, 'total_elems': 346396, 'total_shapes': 3624, 'total_links': 222, 'num_tensors': 56}
2026-08-25 05:06:46,197 [INFO]     [0 | left | 1](candidate_pairs: 27/27 | new_swaps: 12 | total: 32) -> {'max_bond': 128, 'max_links': 4, 'total_elems': 244732, 'total_shapes': 3070, 'total_links': 222, 'num_tensors': 56}
2026-08-25 05:06:46,554 [INFO]     [0 | right | 0](candidate_pairs: 28/28 | new_swaps: 7 | total: 39) -> {'max_bond': 128, 'max_links': 4, 'total_elems': 202084, 'total_shapes': 2746, 'total_links': 222, 'num_tensors': 56}
2026-08-25 05:06:46,892 [INFO]     [0 | right | 1](candidate_pairs: 27/27 | new_swaps: 8 | total: 47) -> {'max_bond': 128, 'max_links': 4, 'total_elems': 159972, 'total_shapes': 2442, 'total_links': 222, 'num_tensors': 56}
2026-08-25 05:06:47,422 [INFO]     [1 | both | 0](candidate_pairs: 28/28 | new_swaps: 8 | total: 8) -> {'max_bond': 128, 'max_links': 4, 'total_elems': 115856, 'total_shapes': 2116, 'total_links': 222, 'num_tensors': 56}
2026-08-25 05:06:47,807 [INFO]     [1 | both | 1](candidate_pairs: 27/27 | new_swaps: 7 | total: 15) -> {'max_bond': 64, 'max_links': 4, 'total_elems': 63112, 'total_shapes': 1776, 'total_links': 222, 'num_tensors': 56}
2026-08-25 05:06:47,936 [INFO]     [1 | left | 0](candidate_pairs: 28/28 | new_swaps: 4 | total: 19) -> {'max_bond': 64, 'max_links': 4, 'total_elems': 52776, 'total_shapes': 1642, 'total_links': 222, 'num_tensors': 56}
2026-08-25 05:06:48,060 [INFO]     [1 | left | 1](candidate_pairs: 27/27 | new_swaps: 4 | total: 23) -> {'max_bond': 64, 'max_links': 4, 'total_elems': 44072, 'total_shapes': 1546, 'total_links': 222, 'num_tensors': 56}
2026-08-25 05:06:48,164 [INFO]     [1 | right | 0](candidate_pairs: 28/28 | new_swaps: 7 | total: 30) -> {'max_bond': 64, 'max_links': 4, 'total_elems': 36584, 'total_shapes': 1362, 'total_links': 222, 'num_tensors': 56}
2026-08-25 05:06:48,255 [INFO]     [1 | right | 1](candidate_pairs: 27/27 | new_swaps: 3 | total: 33) -> {'max_bond': 64, 'max_links': 4, 'total_elems': 35432, 'total_shapes': 1330, 'total_links': 222, 'num_tensors': 56}
2026-08-25 05:06:48,424 [INFO]     [2 | both | 0](candidate_pairs: 28/28 | new_swaps: 1 | total: 1) -> {'max_bond': 64, 'max_links': 4, 'total_elems': 34664, 'total_shapes': 1314, 'total_links': 222, 'num_tensors': 56}
2026-08-25 05:06:48,594 [INFO]     [2 | both | 1](candidate_pairs: 27/27 | new_swaps: 2 | total: 3) -> {'max_bond': 64, 'max_links': 4, 'total_elems': 33848, 'total_shapes': 1294, 'total_links': 222, 'num_tensors': 56}
2026-08-25 05:06:48,684 [INFO]     [2 | left | 0](candidate_pairs: 28/28 | new_swaps: 1 | total: 4) -> {'max_bond': 64, 'max_links': 4, 'total_elems': 33464, 'total_shapes': 1278, 'total_links': 222, 'num_tensors': 56}
2026-08-25 05:06:48,761 [INFO]     [2 | left | 1](candidate_pairs: 27/27 | new_swaps: 1 | total: 5) -> {'max_bond': 64, 'max_links': 4, 'total_elems': 33208, 'total_shapes': 1270, 'total_links': 222, 'num_tensors': 56}
2026-08-25 05:06:48,839 [INFO]     [2 | right | 0](candidate_pairs: 28/28 | new_swaps: 1 | total: 6) -> {'max_bond': 64, 'max_links': 4, 'total_elems': 33016, 'total_shapes': 1258, 'total_links': 222, 'num_tensors': 56}
2026-08-25 05:06:48,887 [INFO]     [2 | right | 1](candidate_pairs: 27/27 | new_swaps: 0 | total: 6) -> {'max_bond': 64, 'max_links': 4, 'total_elems': 33016, 'total_shapes': 1258, 'total_links': 222, 'num_tensors': 56}
2026-08-25 05:06:49,063 [INFO]     [3 | both | 0](candidate_pairs: 28/28 | new_swaps: 2 | total: 2) -> {'max_bond': 64, 'max_links': 4, 'total_elems': 32812, 'total_shapes': 1248, 'total_links': 222, 'num_tensors': 56}
2026-08-25 05:06:49,217 [INFO]     [3 | both | 1](candidate_pairs: 27/27 | new_swaps: 1 | total: 3) -> {'max_bond': 64, 'max_links': 4, 'total_elems': 32764, 'total_shapes': 1244, 'total_links': 222, 'num_tensors': 56}
2026-08-25 05:06:49,270 [INFO]     [3 | left | 0](candidate_pairs: 28/28 | new_swaps: 0 | total: 3) -> {'max_bond': 64, 'max_links': 4, 'total_elems': 32764, 'total_shapes': 1244, 'total_links': 222, 'num_tensors': 56}
2026-08-25 05:06:49,346 [INFO]     [3 | left | 1](candidate_pairs: 27/27 | new_swaps: 1 | total: 4) -> {'max_bond': 64, 'max_links': 4, 'total_elems': 32572, 'total_shapes': 1236, 'total_links': 222, 'num_tensors': 56}
2026-08-25 05:06:49,398 [INFO]     [3 | right | 0](candidate_pairs: 28/28 | new_swaps: 0 | total: 4) -> {'max_bond': 64, 'max_links': 4, 'total_elems': 32572, 'total_shapes': 1236, 'total_links': 222, 'num_tensors': 56}
2026-08-25 05:06:49,446 [INFO]     [3 | right | 1](candidate_pairs: 27/27 | new_swaps: 0 | total: 4) -> {'max_bond': 64, 'max_links': 4, 'total_elems': 32572, 'total_shapes': 1236, 'total_links': 222, 'num_tensors': 56}
2026-08-25 05:06:49,611 [INFO]     [4 | both | 0](candidate_pairs: 28/28 | new_swaps: 1 | total: 1) -> {'max_bond': 64, 'max_links': 4, 'total_elems': 32380, 'total_shapes': 1228, 'total_links': 222, 'num_tensors': 56}
2026-08-25 05:06:49,775 [INFO]     [4 | both | 1](candidate_pairs: 27/27 | new_swaps: 1 | total: 2) -> {'max_bond': 64, 'max_links': 4, 'total_elems': 32188, 'total_shapes': 1220, 'total_links': 222, 'num_tensors': 56}
2026-08-25 05:06:49,827 [INFO]     [4 | left | 0](candidate_pairs: 28/28 | new_swaps: 0 | total: 2) -> {'max_bond': 64, 'max_links': 4, 'total_elems': 32188, 'total_shapes': 1220, 'total_links': 222, 'num_tensors': 56}
2026-08-25 05:06:49,875 [INFO]     [4 | left | 1](candidate_pairs: 27/27 | new_swaps: 0 | total: 2) -> {'max_bond': 64, 'max_links': 4, 'total_elems': 32188, 'total_shapes': 1220, 'total_links': 222, 'num_tensors': 56}
2026-08-25 05:06:49,927 [INFO]     [4 | right | 0](candidate_pairs: 28/28 | new_swaps: 0 | total: 2) -> {'max_bond': 64, 'max_links': 4, 'total_elems': 32188, 'total_shapes': 1220, 'total_links': 222, 'num_tensors': 56}
2026-08-25 05:06:49,975 [INFO]     [4 | right | 1](candidate_pairs: 27/27 | new_swaps: 0 | total: 2) -> {'max_bond': 64, 'max_links': 4, 'total_elems': 32188, 'total_shapes': 1220, 'total_links': 222, 'num_tensors': 56}
2026-08-25 05:06:50,148 [INFO]     [5 | both | 0](candidate_pairs: 28/28 | new_swaps: 1 | total: 1) -> {'max_bond': 64, 'max_links': 4, 'total_elems': 31996, 'total_shapes': 1208, 'total_links': 222, 'num_tensors': 56}
2026-08-25 05:06:50,247 [INFO]     [5 | both | 1](candidate_pairs: 27/27 | new_swaps: 0 | total: 1) -> {'max_bond': 64, 'max_links': 4, 'total_elems': 31996, 'total_shapes': 1208, 'total_links': 222, 'num_tensors': 56}
2026-08-25 05:06:50,299 [INFO]     [5 | left | 0](candidate_pairs: 28/28 | new_swaps: 0 | total: 1) -> {'max_bond': 64, 'max_links': 4, 'total_elems': 31996, 'total_shapes': 1208, 'total_links': 222, 'num_tensors': 56}
2026-08-25 05:06:50,347 [INFO]     [5 | left | 1](candidate_pairs: 27/27 | new_swaps: 0 | total: 1) -> {'max_bond': 64, 'max_links': 4, 'total_elems': 31996, 'total_shapes': 1208, 'total_links': 222, 'num_tensors': 56}
2026-08-25 05:06:50,398 [INFO]     [5 | right | 0](candidate_pairs: 28/28 | new_swaps: 0 | total: 1) -> {'max_bond': 64, 'max_links': 4, 'total_elems': 31996, 'total_shapes': 1208, 'total_links': 222, 'num_tensors': 56}
2026-08-25 05:06:50,445 [INFO]     [5 | right | 1](candidate_pairs: 27/27 | new_swaps: 0 | total: 1) -> {'max_bond': 64, 'max_links': 4, 'total_elems': 31996, 'total_shapes': 1208, 'total_links': 222, 'num_tensors': 56}
2026-08-25 05:06:50,555 [INFO]     [6 | both | 0](candidate_pairs: 28/28 | new_swaps: 0 | total: 0) -> {'max_bond': 64, 'max_links': 4, 'total_elems': 31996, 'total_shapes': 1208, 'total_links': 222, 'num_tensors': 56}
2026-08-25 05:06:50,654 [INFO]     [6 | both | 1](candidate_pairs: 27/27 | new_swaps: 0 | total: 0) -> {'max_bond': 64, 'max_links': 4, 'total_elems': 31996, 'total_shapes': 1208, 'total_links': 222, 'num_tensors': 56}
2026-08-25 05:06:50,706 [INFO]     [6 | left | 0](candidate_pairs: 28/28 | new_swaps: 0 | total: 0) -> {'max_bond': 64, 'max_links': 4, 'total_elems': 31996, 'total_shapes': 1208, 'total_links': 222, 'num_tensors': 56}
2026-08-25 05:06:50,753 [INFO]     [6 | left | 1](candidate_pairs: 27/27 | new_swaps: 0 | total: 0) -> {'max_bond': 64, 'max_links': 4, 'total_elems': 31996, 'total_shapes': 1208, 'total_links': 222, 'num_tensors': 56}
2026-08-25 05:06:50,804 [INFO]     [6 | right | 0](candidate_pairs: 28/28 | new_swaps: 0 | total: 0) -> {'max_bond': 64, 'max_links': 4, 'total_elems': 31996, 'total_shapes': 1208, 'total_links': 222, 'num_tensors': 56}
2026-08-25 05:06:50,851 [INFO]     [6 | right | 1](candidate_pairs: 27/27 | new_swaps: 0 | total: 0) -> {'max_bond': 64, 'max_links': 4, 'total_elems': 31996, 'total_shapes': 1208, 'total_links': 222, 'num_tensors': 56}
2026-08-25 05:06:50,852 [INFO]     [end unswap] -> {'max_bond': 64, 'max_links': 4, 'total_elems': 31996, 'total_shapes': 1208, 'total_links': 222, 'num_tensors': 56}
2026-08-25 05:06:52,466 [INFO] [start rewire](phase=post_unswap, cycle=18, side=left, layers=1454, trials=20, seed=123, parallel=False, route_candidates=1, route_score=none)
2026-08-25 05:06:54,488 [INFO] [end rewire](phase=post_unswap, cycle=18, side=left, routed_layers=1418, elapsed_s=2.02)
2026-08-25 05:06:54,488 [INFO] [start rewire](phase=post_unswap, cycle=18, side=right, layers=1529, trials=20, seed=123, parallel=False, route_candidates=1, route_score=none)
2026-08-25 05:06:56,262 [INFO] [end rewire](phase=post_unswap, cycle=18, side=right, routed_layers=1581, elapsed_s=1.77)
2026-08-25 05:06:56,464 [INFO] [1L/1416](swap: 10, u: 0 | c_u: 0 | t_u_l: 33/942 | t_u_r: 69/943 | t_u: 102/1885) -> {'max_bond': 64, 'max_links': 4, 'total_elems': 31996, 'total_shapes': 1208, 'total_links': 222, 'num_tensors': 56}
2026-08-25 05:06:56,591 [INFO] [1R/1579](swap: 7, u: 0 | c_u: 0 | t_u_l: 33/942 | t_u_r: 69/943 | t_u: 102/1885) -> {'max_bond': 64, 'max_links': 4, 'total_elems': 49104, 'total_shapes': 1384, 'total_links': 222, 'num_tensors': 56}
2026-08-25 05:06:56,722 [INFO] [2L/1416](swap: 11, u: 0 | c_u: 0 | t_u_l: 33/942 | t_u_r: 69/943 | t_u: 102/1885) -> {'max_bond': 64, 'max_links': 4, 'total_elems': 51876, 'total_shapes': 1458, 'total_links': 222, 'num_tensors': 56}
2026-08-25 05:06:56,853 [INFO] [2R/1579](swap: 7, u: 0 | c_u: 0 | t_u_l: 33/942 | t_u_r: 69/943 | t_u: 102/1885) -> {'max_bond': 64, 'max_links': 4, 'total_elems': 55188, 'total_shapes': 1550, 'total_links': 222, 'num_tensors': 56}
2026-08-25 05:06:56,991 [INFO] [3R/1579](swap: 7, u: 1 | c_u: 1 | t_u_l: 33/942 | t_u_r: 70/943 | t_u: 103/1885) -> {'max_bond': 64, 'max_links': 4, 'total_elems': 67900, 'total_shapes': 1758, 'total_links': 222, 'num_tensors': 56}
2026-08-25 05:06:57,137 [INFO] [3L/1416](swap: 10, u: 0 | c_u: 1 | t_u_l: 33/942 | t_u_r: 70/943 | t_u: 103/1885) -> {'max_bond': 64, 'max_links': 4, 'total_elems': 80568, 'total_shapes': 1888, 'total_links': 222, 'num_tensors': 56}
2026-08-25 05:06:57,308 [INFO] [4R/1579](swap: 8, u: 0 | c_u: 1 | t_u_l: 33/942 | t_u_r: 70/943 | t_u: 103/1885) -> {'max_bond': 64, 'max_links': 4, 'total_elems': 109176, 'total_shapes': 2224, 'total_links': 222, 'num_tensors': 56}
2026-08-25 05:06:57,519 [INFO] [5R/1579](swap: 7, u: 0 | c_u: 1 | t_u_l: 33/942 | t_u_r: 70/943 | t_u: 103/1885) -> {'max_bond': 127, 'max_links': 4, 'total_elems': 169336, 'total_shapes': 2654, 'total_links': 222, 'num_tensors': 56}
2026-08-25 05:06:57,819 [INFO] [4L/1416](swap: 11, u: 0 | c_u: 1 | t_u_l: 33/942 | t_u_r: 70/943 | t_u: 103/1885) -> {'max_bond': 128, 'max_links': 4, 'total_elems': 260416, 'total_shapes': 3058, 'total_links': 222, 'num_tensors': 56}
2026-08-25 05:06:58,244 [INFO]     [start unswap] -> {'max_bond': 128, 'max_links': 4, 'total_elems': 260416, 'total_shapes': 3058, 'total_links': 222, 'num_tensors': 56}
2026-08-25 05:07:00,101 [INFO]     [0 | both | 0](candidate_pairs: 28/28 | new_swaps: 6 | total: 6) -> {'max_bond': 256, 'max_links': 4, 'total_elems': 324416, 'total_shapes': 3106, 'total_links': 222, 'num_tensors': 56}
2026-08-25 05:07:00,921 [INFO]     [0 | both | 1](candidate_pairs: 27/27 | new_swaps: 7 | total: 13) -> {'max_bond': 128, 'max_links': 4, 'total_elems': 196544, 'total_shapes': 2434, 'total_links': 222, 'num_tensors': 56}
2026-08-25 05:07:01,307 [INFO]     [0 | left | 0](candidate_pairs: 28/28 | new_swaps: 11 | total: 24) -> {'max_bond': 128, 'max_links': 4, 'total_elems': 111520, 'total_shapes': 2048, 'total_links': 222, 'num_tensors': 56}
2026-08-25 05:07:01,508 [INFO]     [0 | left | 1](candidate_pairs: 27/27 | new_swaps: 13 | total: 37) -> {'max_bond': 64, 'max_links': 4, 'total_elems': 49208, 'total_shapes': 1548, 'total_links': 222, 'num_tensors': 56}
2026-08-25 05:07:01,609 [INFO]     [0 | right | 0](candidate_pairs: 28/28 | new_swaps: 6 | total: 43) -> {'max_bond': 64, 'max_links': 4, 'total_elems': 46688, 'total_shapes': 1468, 'total_links': 222, 'num_tensors': 56}
2026-08-25 05:07:01,725 [INFO]     [0 | right | 1](candidate_pairs: 27/27 | new_swaps: 2 | total: 45) -> {'max_bond': 64, 'max_links': 4, 'total_elems': 45600, 'total_shapes': 1436, 'total_links': 222, 'num_tensors': 56}
2026-08-25 05:07:01,925 [INFO]     [1 | both | 0](candidate_pairs: 28/28 | new_swaps: 9 | total: 9) -> {'max_bond': 64, 'max_links': 4, 'total_elems': 35180, 'total_shapes': 1256, 'total_links': 222, 'num_tensors': 56}
2026-08-25 05:07:02,100 [INFO]     [1 | both | 1](candidate_pairs: 27/27 | new_swaps: 4 | total: 13) -> {'max_bond': 64, 'max_links': 4, 'total_elems': 32092, 'total_shapes': 1180, 'total_links': 222, 'num_tensors': 56}
2026-08-25 05:07:02,185 [INFO]     [1 | left | 0](candidate_pairs: 28/28 | new_swaps: 2 | total: 15) -> {'max_bond': 64, 'max_links': 4, 'total_elems': 31648, 'total_shapes': 1158, 'total_links': 222, 'num_tensors': 56}
2026-08-25 05:07:02,274 [INFO]     [1 | left | 1](candidate_pairs: 27/27 | new_swaps: 3 | total: 18) -> {'max_bond': 64, 'max_links': 4, 'total_elems': 30840, 'total_shapes': 1134, 'total_links': 222, 'num_tensors': 56}
2026-08-25 05:07:02,357 [INFO]     [1 | right | 0](candidate_pairs: 28/28 | new_swaps: 3 | total: 21) -> {'max_bond': 64, 'max_links': 4, 'total_elems': 30464, 'total_shapes': 1110, 'total_links': 222, 'num_tensors': 56}
2026-08-25 05:07:02,406 [INFO]     [1 | right | 1](candidate_pairs: 27/27 | new_swaps: 0 | total: 21) -> {'max_bond': 64, 'max_links': 4, 'total_elems': 30464, 'total_shapes': 1110, 'total_links': 222, 'num_tensors': 56}
2026-08-25 05:07:02,553 [INFO]     [2 | both | 0](candidate_pairs: 28/28 | new_swaps: 1 | total: 1) -> {'max_bond': 64, 'max_links': 4, 'total_elems': 30304, 'total_shapes': 1102, 'total_links': 222, 'num_tensors': 56}
2026-08-25 05:07:02,716 [INFO]     [2 | both | 1](candidate_pairs: 27/27 | new_swaps: 1 | total: 2) -> {'max_bond': 64, 'max_links': 4, 'total_elems': 30112, 'total_shapes': 1090, 'total_links': 222, 'num_tensors': 56}
2026-08-25 05:07:02,789 [INFO]     [2 | left | 0](candidate_pairs: 28/28 | new_swaps: 1 | total: 3) -> {'max_bond': 64, 'max_links': 4, 'total_elems': 29472, 'total_shapes': 1074, 'total_links': 222, 'num_tensors': 56}
2026-08-25 05:07:02,863 [INFO]     [2 | left | 1](candidate_pairs: 27/27 | new_swaps: 1 | total: 4) -> {'max_bond': 64, 'max_links': 4, 'total_elems': 29280, 'total_shapes': 1066, 'total_links': 222, 'num_tensors': 56}
2026-08-25 05:07:02,908 [INFO]     [2 | right | 0](candidate_pairs: 28/28 | new_swaps: 0 | total: 4) -> {'max_bond': 64, 'max_links': 4, 'total_elems': 29280, 'total_shapes': 1066, 'total_links': 222, 'num_tensors': 56}
2026-08-25 05:07:02,956 [INFO]     [2 | right | 1](candidate_pairs: 27/27 | new_swaps: 0 | total: 4) -> {'max_bond': 64, 'max_links': 4, 'total_elems': 29280, 'total_shapes': 1066, 'total_links': 222, 'num_tensors': 56}
2026-08-25 05:07:03,050 [INFO]     [3 | both | 0](candidate_pairs: 28/28 | new_swaps: 0 | total: 0) -> {'max_bond': 64, 'max_links': 4, 'total_elems': 29280, 'total_shapes': 1066, 'total_links': 222, 'num_tensors': 56}
2026-08-25 05:07:03,150 [INFO]     [3 | both | 1](candidate_pairs: 27/27 | new_swaps: 0 | total: 0) -> {'max_bond': 64, 'max_links': 4, 'total_elems': 29280, 'total_shapes': 1066, 'total_links': 222, 'num_tensors': 56}
2026-08-25 05:07:03,197 [INFO]     [3 | left | 0](candidate_pairs: 28/28 | new_swaps: 0 | total: 0) -> {'max_bond': 64, 'max_links': 4, 'total_elems': 29280, 'total_shapes': 1066, 'total_links': 222, 'num_tensors': 56}
2026-08-25 05:07:03,245 [INFO]     [3 | left | 1](candidate_pairs: 27/27 | new_swaps: 0 | total: 0) -> {'max_bond': 64, 'max_links': 4, 'total_elems': 29280, 'total_shapes': 1066, 'total_links': 222, 'num_tensors': 56}
2026-08-25 05:07:03,290 [INFO]     [3 | right | 0](candidate_pairs: 28/28 | new_swaps: 0 | total: 0) -> {'max_bond': 64, 'max_links': 4, 'total_elems': 29280, 'total_shapes': 1066, 'total_links': 222, 'num_tensors': 56}
2026-08-25 05:07:03,337 [INFO]     [3 | right | 1](candidate_pairs: 27/27 | new_swaps: 0 | total: 0) -> {'max_bond': 64, 'max_links': 4, 'total_elems': 29280, 'total_shapes': 1066, 'total_links': 222, 'num_tensors': 56}
2026-08-25 05:07:03,338 [INFO]     [end unswap] -> {'max_bond': 64, 'max_links': 4, 'total_elems': 29280, 'total_shapes': 1066, 'total_links': 222, 'num_tensors': 56}
2026-08-25 05:07:04,322 [INFO] [start rewire](phase=post_unswap, cycle=19, side=left, layers=1414, trials=20, seed=123, parallel=False, route_candidates=1, route_score=none)
2026-08-25 05:07:06,453 [INFO] [end rewire](phase=post_unswap, cycle=19, side=left, routed_layers=1553, elapsed_s=2.13)
2026-08-25 05:07:06,454 [INFO] [start rewire](phase=post_unswap, cycle=19, side=right, layers=1576, trials=20, seed=123, parallel=False, route_candidates=1, route_score=none)
2026-08-25 05:07:07,762 [INFO] [end rewire](phase=post_unswap, cycle=19, side=right, routed_layers=1660, elapsed_s=1.31)
2026-08-25 05:07:07,958 [INFO] [1L/1551](swap: 12, u: 0 | c_u: 0 | t_u_l: 33/942 | t_u_r: 70/943 | t_u: 103/1885) -> {'max_bond': 64, 'max_links': 4, 'total_elems': 29280, 'total_shapes': 1066, 'total_links': 222, 'num_tensors': 56}
2026-08-25 05:07:08,923 [INFO] [1R/1658](swap: 6, u: 0 | c_u: 0 | t_u_l: 33/942 | t_u_r: 70/943 | t_u: 103/1885) -> {'max_bond': 64, 'max_links': 4, 'total_elems': 30536, 'total_shapes': 1132, 'total_links': 222, 'num_tensors': 56}
2026-08-25 05:07:09,053 [INFO] [2R/1658](swap: 5, u: 0 | c_u: 0 | t_u_l: 33/942 | t_u_r: 70/943 | t_u: 103/1885) -> {'max_bond': 64, 'max_links': 4, 'total_elems': 32904, 'total_shapes': 1220, 'total_links': 222, 'num_tensors': 56}
2026-08-25 05:07:09,182 [INFO] [3R/1658](swap: 6, u: 0 | c_u: 0 | t_u_l: 33/942 | t_u_r: 70/943 | t_u: 103/1885) -> {'max_bond': 64, 'max_links': 4, 'total_elems': 36296, 'total_shapes': 1308, 'total_links': 222, 'num_tensors': 56}
2026-08-25 05:07:09,314 [INFO] [2L/1551](swap: 13, u: 0 | c_u: 0 | t_u_l: 33/942 | t_u_r: 70/943 | t_u: 103/1885) -> {'max_bond': 64, 'max_links': 4, 'total_elems': 44916, 'total_shapes': 1478, 'total_links': 222, 'num_tensors': 56}
2026-08-25 05:07:09,452 [INFO] [4R/1658](swap: 7, u: 0 | c_u: 0 | t_u_l: 33/942 | t_u_r: 70/943 | t_u: 103/1885) -> {'max_bond': 64, 'max_links': 4, 'total_elems': 58228, 'total_shapes': 1726, 'total_links': 222, 'num_tensors': 56}
2026-08-25 05:07:09,611 [INFO] [5R/1658](swap: 6, u: 0 | c_u: 0 | t_u_l: 33/942 | t_u_r: 70/943 | t_u: 103/1885) -> {'max_bond': 64, 'max_links': 4, 'total_elems': 90868, 'total_shapes': 2062, 'total_links': 222, 'num_tensors': 56}
2026-08-25 05:07:09,813 [INFO] [3L/1551](swap: 16, u: 0 | c_u: 0 | t_u_l: 33/942 | t_u_r: 70/943 | t_u: 103/1885) -> {'max_bond': 64, 'max_links': 4, 'total_elems': 137744, 'total_shapes': 2470, 'total_links': 222, 'num_tensors': 56}
2026-08-25 05:07:10,097 [INFO] [6R/1658](swap: 6, u: 0 | c_u: 0 | t_u_l: 33/942 | t_u_r: 70/943 | t_u: 103/1885) -> {'max_bond': 128, 'max_links': 4, 'total_elems': 225072, 'total_shapes': 3022, 'total_links': 222, 'num_tensors': 56}
2026-08-25 05:07:10,574 [INFO] [4L/1551](swap: 13, u: 1 | c_u: 1 | t_u_l: 34/942 | t_u_r: 70/943 | t_u: 104/1885) -> {'max_bond': 128, 'max_links': 4, 'total_elems': 500088, 'total_shapes': 4204, 'total_links': 222, 'num_tensors': 56}
2026-08-25 05:07:11,536 [INFO]     [start unswap] -> {'max_bond': 128, 'max_links': 4, 'total_elems': 500088, 'total_shapes': 4204, 'total_links': 222, 'num_tensors': 56}
2026-08-25 05:07:17,474 [INFO]     [0 | both | 0](candidate_pairs: 28/28 | new_swaps: 5 | total: 5) -> {'max_bond': 508, 'max_links': 4, 'total_elems': 1037144, 'total_shapes': 5432, 'total_links': 222, 'num_tensors': 56}
2026-08-25 05:07:20,319 [INFO]     [0 | both | 1](candidate_pairs: 27/27 | new_swaps: 10 | total: 15) -> {'max_bond': 128, 'max_links': 4, 'total_elems': 299608, 'total_shapes': 3456, 'total_links': 222, 'num_tensors': 56}
2026-08-25 05:07:20,804 [INFO]     [0 | left | 0](candidate_pairs: 28/28 | new_swaps: 16 | total: 31) -> {'max_bond': 128, 'max_links': 4, 'total_elems': 182264, 'total_shapes': 2656, 'total_links': 222, 'num_tensors': 56}
2026-08-25 05:07:21,106 [INFO]     [0 | left | 1](candidate_pairs: 27/27 | new_swaps: 11 | total: 42) -> {'max_bond': 128, 'max_links': 4, 'total_elems': 111016, 'total_shapes': 2204, 'total_links': 222, 'num_tensors': 56}
2026-08-25 05:07:21,281 [INFO]     [0 | right | 0](candidate_pairs: 28/28 | new_swaps: 5 | total: 47) -> {'max_bond': 64, 'max_links': 4, 'total_elems': 71848, 'total_shapes': 1812, 'total_links': 222, 'num_tensors': 56}
2026-08-25 05:07:21,429 [INFO]     [0 | right | 1](candidate_pairs: 27/27 | new_swaps: 9 | total: 56) -> {'max_bond': 64, 'max_links': 4, 'total_elems': 55104, 'total_shapes': 1628, 'total_links': 222, 'num_tensors': 56}
2026-08-25 05:07:21,640 [INFO]     [1 | both | 0](candidate_pairs: 28/28 | new_swaps: 7 | total: 7) -> {'max_bond': 64, 'max_links': 4, 'total_elems': 42596, 'total_shapes': 1418, 'total_links': 222, 'num_tensors': 56}
2026-08-25 05:07:21,832 [INFO]     [1 | both | 1](candidate_pairs: 27/27 | new_swaps: 4 | total: 11) -> {'max_bond': 64, 'max_links': 4, 'total_elems': 36980, 'total_shapes': 1346, 'total_links': 222, 'num_tensors': 56}
2026-08-25 05:07:21,910 [INFO]     [1 | left | 0](candidate_pairs: 28/28 | new_swaps: 2 | total: 13) -> {'max_bond': 32, 'max_links': 4, 'total_elems': 30668, 'total_shapes': 1274, 'total_links': 222, 'num_tensors': 56}
2026-08-25 05:07:22,001 [INFO]     [1 | left | 1](candidate_pairs: 27/27 | new_swaps: 4 | total: 17) -> {'max_bond': 32, 'max_links': 4, 'total_elems': 26180, 'total_shapes': 1202, 'total_links': 222, 'num_tensors': 56}
2026-08-25 05:07:22,081 [INFO]     [1 | right | 0](candidate_pairs: 28/28 | new_swaps: 4 | total: 21) -> {'max_bond': 32, 'max_links': 4, 'total_elems': 22772, 'total_shapes': 1134, 'total_links': 222, 'num_tensors': 56}
2026-08-25 05:07:22,158 [INFO]     [1 | right | 1](candidate_pairs: 27/27 | new_swaps: 3 | total: 24) -> {'max_bond': 32, 'max_links': 4, 'total_elems': 21356, 'total_shapes': 1096, 'total_links': 222, 'num_tensors': 56}
2026-08-25 05:07:22,295 [INFO]     [2 | both | 0](candidate_pairs: 28/28 | new_swaps: 2 | total: 2) -> {'max_bond': 32, 'max_links': 4, 'total_elems': 20780, 'total_shapes': 1072, 'total_links': 222, 'num_tensors': 56}
2026-08-25 05:07:22,438 [INFO]     [2 | both | 1](candidate_pairs: 27/27 | new_swaps: 2 | total: 4) -> {'max_bond': 32, 'max_links': 4, 'total_elems': 20640, 'total_shapes': 1062, 'total_links': 222, 'num_tensors': 56}
2026-08-25 05:07:22,511 [INFO]     [2 | left | 0](candidate_pairs: 28/28 | new_swaps: 2 | total: 6) -> {'max_bond': 32, 'max_links': 4, 'total_elems': 20412, 'total_shapes': 1048, 'total_links': 222, 'num_tensors': 56}
2026-08-25 05:07:22,550 [INFO]     [2 | left | 1](candidate_pairs: 27/27 | new_swaps: 0 | total: 6) -> {'max_bond': 32, 'max_links': 4, 'total_elems': 20412, 'total_shapes': 1048, 'total_links': 222, 'num_tensors': 56}
2026-08-25 05:07:22,622 [INFO]     [2 | right | 0](candidate_pairs: 28/28 | new_swaps: 1 | total: 7) -> {'max_bond': 32, 'max_links': 4, 'total_elems': 20220, 'total_shapes': 1040, 'total_links': 222, 'num_tensors': 56}
2026-08-25 05:07:22,695 [INFO]     [2 | right | 1](candidate_pairs: 27/27 | new_swaps: 2 | total: 9) -> {'max_bond': 32, 'max_links': 4, 'total_elems': 19900, 'total_shapes': 1024, 'total_links': 222, 'num_tensors': 56}
2026-08-25 05:07:22,773 [INFO]     [3 | both | 0](candidate_pairs: 28/28 | new_swaps: 0 | total: 0) -> {'max_bond': 32, 'max_links': 4, 'total_elems': 19900, 'total_shapes': 1024, 'total_links': 222, 'num_tensors': 56}
2026-08-25 05:07:22,856 [INFO]     [3 | both | 1](candidate_pairs: 27/27 | new_swaps: 0 | total: 0) -> {'max_bond': 32, 'max_links': 4, 'total_elems': 19900, 'total_shapes': 1024, 'total_links': 222, 'num_tensors': 56}
2026-08-25 05:07:22,894 [INFO]     [3 | left | 0](candidate_pairs: 28/28 | new_swaps: 0 | total: 0) -> {'max_bond': 32, 'max_links': 4, 'total_elems': 19900, 'total_shapes': 1024, 'total_links': 222, 'num_tensors': 56}
2026-08-25 05:07:22,933 [INFO]     [3 | left | 1](candidate_pairs: 27/27 | new_swaps: 0 | total: 0) -> {'max_bond': 32, 'max_links': 4, 'total_elems': 19900, 'total_shapes': 1024, 'total_links': 222, 'num_tensors': 56}
2026-08-25 05:07:23,004 [INFO]     [3 | right | 0](candidate_pairs: 28/28 | new_swaps: 1 | total: 1) -> {'max_bond': 32, 'max_links': 4, 'total_elems': 19804, 'total_shapes': 1018, 'total_links': 222, 'num_tensors': 56}
2026-08-25 05:07:23,042 [INFO]     [3 | right | 1](candidate_pairs: 27/27 | new_swaps: 0 | total: 1) -> {'max_bond': 32, 'max_links': 4, 'total_elems': 19804, 'total_shapes': 1018, 'total_links': 222, 'num_tensors': 56}
2026-08-25 05:07:23,120 [INFO]     [4 | both | 0](candidate_pairs: 28/28 | new_swaps: 0 | total: 0) -> {'max_bond': 32, 'max_links': 4, 'total_elems': 19804, 'total_shapes': 1018, 'total_links': 222, 'num_tensors': 56}
2026-08-25 05:07:23,202 [INFO]     [4 | both | 1](candidate_pairs: 27/27 | new_swaps: 0 | total: 0) -> {'max_bond': 32, 'max_links': 4, 'total_elems': 19804, 'total_shapes': 1018, 'total_links': 222, 'num_tensors': 56}
2026-08-25 05:07:23,240 [INFO]     [4 | left | 0](candidate_pairs: 28/28 | new_swaps: 0 | total: 0) -> {'max_bond': 32, 'max_links': 4, 'total_elems': 19804, 'total_shapes': 1018, 'total_links': 222, 'num_tensors': 56}
2026-08-25 05:07:23,279 [INFO]     [4 | left | 1](candidate_pairs: 27/27 | new_swaps: 0 | total: 0) -> {'max_bond': 32, 'max_links': 4, 'total_elems': 19804, 'total_shapes': 1018, 'total_links': 222, 'num_tensors': 56}
2026-08-25 05:07:23,316 [INFO]     [4 | right | 0](candidate_pairs: 28/28 | new_swaps: 0 | total: 0) -> {'max_bond': 32, 'max_links': 4, 'total_elems': 19804, 'total_shapes': 1018, 'total_links': 222, 'num_tensors': 56}
2026-08-25 05:07:23,355 [INFO]     [4 | right | 1](candidate_pairs: 27/27 | new_swaps: 0 | total: 0) -> {'max_bond': 32, 'max_links': 4, 'total_elems': 19804, 'total_shapes': 1018, 'total_links': 222, 'num_tensors': 56}
2026-08-25 05:07:23,356 [INFO]     [end unswap] -> {'max_bond': 32, 'max_links': 4, 'total_elems': 19804, 'total_shapes': 1018, 'total_links': 222, 'num_tensors': 56}
2026-08-25 05:07:24,626 [INFO] [start rewire](phase=post_unswap, cycle=20, side=left, layers=1549, trials=20, seed=123, parallel=False, route_candidates=1, route_score=none)
2026-08-25 05:07:26,229 [INFO] [end rewire](phase=post_unswap, cycle=20, side=left, routed_layers=1400, elapsed_s=1.60)
2026-08-25 05:07:26,229 [INFO] [start rewire](phase=post_unswap, cycle=20, side=right, layers=1654, trials=20, seed=123, parallel=False, route_candidates=1, route_score=none)
2026-08-25 05:07:27,495 [INFO] [end rewire](phase=post_unswap, cycle=20, side=right, routed_layers=1528, elapsed_s=1.27)
2026-08-25 05:07:27,691 [INFO] [1L/1398](swap: 9, u: 1 | c_u: 1 | t_u_l: 35/942 | t_u_r: 70/943 | t_u: 105/1885) -> {'max_bond': 32, 'max_links': 4, 'total_elems': 19740, 'total_shapes': 1014, 'total_links': 222, 'num_tensors': 56}
2026-08-25 05:07:27,807 [INFO] [1R/1526](swap: 7, u: 0 | c_u: 1 | t_u_l: 35/942 | t_u_r: 70/943 | t_u: 105/1885) -> {'max_bond': 32, 'max_links': 4, 'total_elems': 21260, 'total_shapes': 1088, 'total_links': 222, 'num_tensors': 56}
2026-08-25 05:07:27,923 [INFO] [2R/1526](swap: 6, u: 0 | c_u: 1 | t_u_l: 35/942 | t_u_r: 70/943 | t_u: 105/1885) -> {'max_bond': 32, 'max_links': 4, 'total_elems': 26412, 'total_shapes': 1212, 'total_links': 222, 'num_tensors': 56}
2026-08-25 05:07:28,045 [INFO] [2L/1398](swap: 9, u: 0 | c_u: 1 | t_u_l: 35/942 | t_u_r: 70/943 | t_u: 105/1885) -> {'max_bond': 64, 'max_links': 4, 'total_elems': 39156, 'total_shapes': 1442, 'total_links': 222, 'num_tensors': 56}
2026-08-25 05:07:28,183 [INFO] [3R/1526](swap: 6, u: 0 | c_u: 1 | t_u_l: 35/942 | t_u_r: 70/943 | t_u: 105/1885) -> {'max_bond': 64, 'max_links': 4, 'total_elems': 52084, 'total_shapes': 1640, 'total_links': 222, 'num_tensors': 56}
2026-08-25 05:07:28,339 [INFO] [4R/1526](swap: 6, u: 0 | c_u: 1 | t_u_l: 35/942 | t_u_r: 70/943 | t_u: 105/1885) -> {'max_bond': 64, 'max_links': 4, 'total_elems': 81524, 'total_shapes': 1944, 'total_links': 222, 'num_tensors': 56}
2026-08-25 05:07:28,543 [INFO] [3L/1398](swap: 11, u: 0 | c_u: 1 | t_u_l: 35/942 | t_u_r: 70/943 | t_u: 105/1885) -> {'max_bond': 128, 'max_links': 4, 'total_elems': 156532, 'total_shapes': 2412, 'total_links': 222, 'num_tensors': 56}
2026-08-25 05:07:28,893 [INFO] [5R/1526](swap: 5, u: 0 | c_u: 1 | t_u_l: 35/942 | t_u_r: 70/943 | t_u: 105/1885) -> {'max_bond': 128, 'max_links': 4, 'total_elems': 265588, 'total_shapes': 2908, 'total_links': 222, 'num_tensors': 56}
2026-08-25 05:07:29,450 [INFO]     [start unswap] -> {'max_bond': 128, 'max_links': 4, 'total_elems': 265588, 'total_shapes': 2908, 'total_links': 222, 'num_tensors': 56}
2026-08-25 05:07:33,133 [INFO]     [0 | both | 0](candidate_pairs: 28/28 | new_swaps: 3 | total: 3) -> {'max_bond': 256, 'max_links': 4, 'total_elems': 527288, 'total_shapes': 3574, 'total_links': 222, 'num_tensors': 56}
2026-08-25 05:07:34,504 [INFO]     [0 | both | 1](candidate_pairs: 27/27 | new_swaps: 8 | total: 11) -> {'max_bond': 128, 'max_links': 4, 'total_elems': 164152, 'total_shapes': 2374, 'total_links': 222, 'num_tensors': 56}
2026-08-25 05:07:34,746 [INFO]     [0 | left | 0](candidate_pairs: 28/28 | new_swaps: 8 | total: 19) -> {'max_bond': 64, 'max_links': 4, 'total_elems': 99156, 'total_shapes': 1942, 'total_links': 222, 'num_tensors': 56}
2026-08-25 05:07:34,956 [INFO]     [0 | left | 1](candidate_pairs: 27/27 | new_swaps: 11 | total: 30) -> {'max_bond': 64, 'max_links': 4, 'total_elems': 59076, 'total_shapes': 1616, 'total_links': 222, 'num_tensors': 56}
2026-08-25 05:07:35,076 [INFO]     [0 | right | 0](candidate_pairs: 28/28 | new_swaps: 8 | total: 38) -> {'max_bond': 32, 'max_links': 4, 'total_elems': 33476, 'total_shapes': 1298, 'total_links': 222, 'num_tensors': 56}
2026-08-25 05:07:35,165 [INFO]     [0 | right | 1](candidate_pairs: 27/27 | new_swaps: 5 | total: 43) -> {'max_bond': 32, 'max_links': 4, 'total_elems': 28388, 'total_shapes': 1194, 'total_links': 222, 'num_tensors': 56}
2026-08-25 05:07:35,319 [INFO]     [1 | both | 0](candidate_pairs: 28/28 | new_swaps: 5 | total: 5) -> {'max_bond': 32, 'max_links': 4, 'total_elems': 27164, 'total_shapes': 1154, 'total_links': 222, 'num_tensors': 56}
2026-08-25 05:07:35,466 [INFO]     [1 | both | 1](candidate_pairs: 27/27 | new_swaps: 1 | total: 6) -> {'max_bond': 32, 'max_links': 4, 'total_elems': 26972, 'total_shapes': 1146, 'total_links': 222, 'num_tensors': 56}
2026-08-25 05:07:35,546 [INFO]     [1 | left | 0](candidate_pairs: 28/28 | new_swaps: 3 | total: 9) -> {'max_bond': 32, 'max_links': 4, 'total_elems': 25820, 'total_shapes': 1116, 'total_links': 222, 'num_tensors': 56}
2026-08-25 05:07:35,589 [INFO]     [1 | left | 1](candidate_pairs: 27/27 | new_swaps: 0 | total: 9) -> {'max_bond': 32, 'max_links': 4, 'total_elems': 25820, 'total_shapes': 1116, 'total_links': 222, 'num_tensors': 56}
2026-08-25 05:07:35,667 [INFO]     [1 | right | 0](candidate_pairs: 28/28 | new_swaps: 2 | total: 11) -> {'max_bond': 32, 'max_links': 4, 'total_elems': 25684, 'total_shapes': 1106, 'total_links': 222, 'num_tensors': 56}
2026-08-25 05:07:35,709 [INFO]     [1 | right | 1](candidate_pairs: 27/27 | new_swaps: 0 | total: 11) -> {'max_bond': 32, 'max_links': 4, 'total_elems': 25684, 'total_shapes': 1106, 'total_links': 222, 'num_tensors': 56}
2026-08-25 05:07:35,796 [INFO]     [2 | both | 0](candidate_pairs: 28/28 | new_swaps: 0 | total: 0) -> {'max_bond': 32, 'max_links': 4, 'total_elems': 25684, 'total_shapes': 1106, 'total_links': 222, 'num_tensors': 56}
2026-08-25 05:07:35,947 [INFO]     [2 | both | 1](candidate_pairs: 27/27 | new_swaps: 1 | total: 1) -> {'max_bond': 32, 'max_links': 4, 'total_elems': 25396, 'total_shapes': 1098, 'total_links': 222, 'num_tensors': 56}
2026-08-25 05:07:36,015 [INFO]     [2 | left | 0](candidate_pairs: 28/28 | new_swaps: 1 | total: 2) -> {'max_bond': 32, 'max_links': 4, 'total_elems': 24836, 'total_shapes': 1084, 'total_links': 222, 'num_tensors': 56}
2026-08-25 05:07:36,083 [INFO]     [2 | left | 1](candidate_pairs: 27/27 | new_swaps: 1 | total: 3) -> {'max_bond': 32, 'max_links': 4, 'total_elems': 24088, 'total_shapes': 1062, 'total_links': 222, 'num_tensors': 56}
2026-08-25 05:07:36,126 [INFO]     [2 | right | 0](candidate_pairs: 28/28 | new_swaps: 0 | total: 3) -> {'max_bond': 32, 'max_links': 4, 'total_elems': 24088, 'total_shapes': 1062, 'total_links': 222, 'num_tensors': 56}
2026-08-25 05:07:36,167 [INFO]     [2 | right | 1](candidate_pairs: 27/27 | new_swaps: 0 | total: 3) -> {'max_bond': 32, 'max_links': 4, 'total_elems': 24088, 'total_shapes': 1062, 'total_links': 222, 'num_tensors': 56}
2026-08-25 05:07:36,312 [INFO]     [3 | both | 0](candidate_pairs: 28/28 | new_swaps: 2 | total: 2) -> {'max_bond': 32, 'max_links': 4, 'total_elems': 23796, 'total_shapes': 1050, 'total_links': 222, 'num_tensors': 56}
2026-08-25 05:07:36,401 [INFO]     [3 | both | 1](candidate_pairs: 27/27 | new_swaps: 0 | total: 2) -> {'max_bond': 32, 'max_links': 4, 'total_elems': 23796, 'total_shapes': 1050, 'total_links': 222, 'num_tensors': 56}
2026-08-25 05:07:36,443 [INFO]     [3 | left | 0](candidate_pairs: 28/28 | new_swaps: 0 | total: 2) -> {'max_bond': 32, 'max_links': 4, 'total_elems': 23796, 'total_shapes': 1050, 'total_links': 222, 'num_tensors': 56}
2026-08-25 05:07:36,485 [INFO]     [3 | left | 1](candidate_pairs: 27/27 | new_swaps: 0 | total: 2) -> {'max_bond': 32, 'max_links': 4, 'total_elems': 23796, 'total_shapes': 1050, 'total_links': 222, 'num_tensors': 56}
2026-08-25 05:07:36,527 [INFO]     [3 | right | 0](candidate_pairs: 28/28 | new_swaps: 0 | total: 2) -> {'max_bond': 32, 'max_links': 4, 'total_elems': 23796, 'total_shapes': 1050, 'total_links': 222, 'num_tensors': 56}
2026-08-25 05:07:36,567 [INFO]     [3 | right | 1](candidate_pairs: 27/27 | new_swaps: 0 | total: 2) -> {'max_bond': 32, 'max_links': 4, 'total_elems': 23796, 'total_shapes': 1050, 'total_links': 222, 'num_tensors': 56}
2026-08-25 05:07:36,652 [INFO]     [4 | both | 0](candidate_pairs: 28/28 | new_swaps: 0 | total: 0) -> {'max_bond': 32, 'max_links': 4, 'total_elems': 23796, 'total_shapes': 1050, 'total_links': 222, 'num_tensors': 56}
2026-08-25 05:07:36,741 [INFO]     [4 | both | 1](candidate_pairs: 27/27 | new_swaps: 0 | total: 0) -> {'max_bond': 32, 'max_links': 4, 'total_elems': 23796, 'total_shapes': 1050, 'total_links': 222, 'num_tensors': 56}
2026-08-25 05:07:36,782 [INFO]     [4 | left | 0](candidate_pairs: 28/28 | new_swaps: 0 | total: 0) -> {'max_bond': 32, 'max_links': 4, 'total_elems': 23796, 'total_shapes': 1050, 'total_links': 222, 'num_tensors': 56}
2026-08-25 05:07:36,824 [INFO]     [4 | left | 1](candidate_pairs: 27/27 | new_swaps: 0 | total: 0) -> {'max_bond': 32, 'max_links': 4, 'total_elems': 23796, 'total_shapes': 1050, 'total_links': 222, 'num_tensors': 56}
2026-08-25 05:07:36,866 [INFO]     [4 | right | 0](candidate_pairs: 28/28 | new_swaps: 0 | total: 0) -> {'max_bond': 32, 'max_links': 4, 'total_elems': 23796, 'total_shapes': 1050, 'total_links': 222, 'num_tensors': 56}
2026-08-25 05:07:36,907 [INFO]     [4 | right | 1](candidate_pairs: 27/27 | new_swaps: 0 | total: 0) -> {'max_bond': 32, 'max_links': 4, 'total_elems': 23796, 'total_shapes': 1050, 'total_links': 222, 'num_tensors': 56}
2026-08-25 05:07:36,907 [INFO]     [end unswap] -> {'max_bond': 32, 'max_links': 4, 'total_elems': 23796, 'total_shapes': 1050, 'total_links': 222, 'num_tensors': 56}
2026-08-25 05:07:38,232 [INFO] [start rewire](phase=post_unswap, cycle=21, side=left, layers=1397, trials=20, seed=123, parallel=False, route_candidates=1, route_score=none)
2026-08-25 05:07:40,242 [INFO] [end rewire](phase=post_unswap, cycle=21, side=left, routed_layers=1276, elapsed_s=2.01)
2026-08-25 05:07:40,242 [INFO] [start rewire](phase=post_unswap, cycle=21, side=right, layers=1523, trials=20, seed=123, parallel=False, route_candidates=1, route_score=none)
2026-08-25 05:07:42,024 [INFO] [end rewire](phase=post_unswap, cycle=21, side=right, routed_layers=1578, elapsed_s=1.78)
2026-08-25 05:07:42,230 [INFO] [1L/1274](swap: 12, u: 1 | c_u: 1 | t_u_l: 36/942 | t_u_r: 70/943 | t_u: 106/1885) -> {'max_bond': 32, 'max_links': 4, 'total_elems': 23796, 'total_shapes': 1050, 'total_links': 222, 'num_tensors': 56}
2026-08-25 05:07:42,348 [INFO] [1R/1576](swap: 9, u: 0 | c_u: 1 | t_u_l: 36/942 | t_u_r: 70/943 | t_u: 106/1885) -> {'max_bond': 32, 'max_links': 4, 'total_elems': 25964, 'total_shapes': 1144, 'total_links': 222, 'num_tensors': 56}
2026-08-25 05:07:42,469 [INFO] [2R/1576](swap: 7, u: 0 | c_u: 1 | t_u_l: 36/942 | t_u_r: 70/943 | t_u: 106/1885) -> {'max_bond': 32, 'max_links': 4, 'total_elems': 35116, 'total_shapes': 1344, 'total_links': 222, 'num_tensors': 56}
2026-08-25 05:07:42,602 [INFO] [2L/1274](swap: 10, u: 0 | c_u: 1 | t_u_l: 36/942 | t_u_r: 70/943 | t_u: 106/1885) -> {'max_bond': 64, 'max_links': 4, 'total_elems': 50272, 'total_shapes': 1596, 'total_links': 222, 'num_tensors': 56}
2026-08-25 05:07:42,758 [INFO] [3L/1274](swap: 9, u: 0 | c_u: 1 | t_u_l: 36/942 | t_u_r: 70/943 | t_u: 106/1885) -> {'max_bond': 64, 'max_links': 4, 'total_elems': 69528, 'total_shapes': 1790, 'total_links': 222, 'num_tensors': 56}
2026-08-25 05:07:42,909 [INFO] [4L/1274](swap: 9, u: 0 | c_u: 1 | t_u_l: 36/942 | t_u_r: 70/943 | t_u: 106/1885) -> {'max_bond': 64, 'max_links': 4, 'total_elems': 75776, 'total_shapes': 1928, 'total_links': 222, 'num_tensors': 56}
2026-08-25 05:07:43,071 [INFO] [5L/1274](swap: 7, u: 0 | c_u: 1 | t_u_l: 36/942 | t_u_r: 70/943 | t_u: 106/1885) -> {'max_bond': 64, 'max_links': 4, 'total_elems': 92896, 'total_shapes': 2204, 'total_links': 222, 'num_tensors': 56}
2026-08-25 05:07:43,247 [INFO] [6L/1274](swap: 6, u: 0 | c_u: 1 | t_u_l: 36/942 | t_u_r: 70/943 | t_u: 106/1885) -> {'max_bond': 64, 'max_links': 4, 'total_elems': 130016, 'total_shapes': 2586, 'total_links': 222, 'num_tensors': 56}
2026-08-25 05:07:43,495 [INFO] [3R/1576](swap: 7, u: 0 | c_u: 1 | t_u_l: 36/942 | t_u_r: 70/943 | t_u: 106/1885) -> {'max_bond': 128, 'max_links': 4, 'total_elems': 188896, 'total_shapes': 2976, 'total_links': 222, 'num_tensors': 56}
2026-08-25 05:07:43,867 [INFO] [4R/1576](swap: 7, u: 0 | c_u: 1 | t_u_l: 36/942 | t_u_r: 70/943 | t_u: 106/1885) -> {'max_bond': 128, 'max_links': 4, 'total_elems': 323360, 'total_shapes': 3710, 'total_links': 222, 'num_tensors': 56}
2026-08-25 05:07:44,449 [INFO]     [start unswap] -> {'max_bond': 128, 'max_links': 4, 'total_elems': 323360, 'total_shapes': 3710, 'total_links': 222, 'num_tensors': 56}
2026-08-25 05:07:48,214 [INFO]     [0 | both | 0](candidate_pairs: 28/28 | new_swaps: 5 | total: 5) -> {'max_bond': 256, 'max_links': 4, 'total_elems': 572300, 'total_shapes': 4440, 'total_links': 222, 'num_tensors': 56}
2026-08-25 05:07:49,724 [INFO]     [0 | both | 1](candidate_pairs: 27/27 | new_swaps: 10 | total: 15) -> {'max_bond': 128, 'max_links': 4, 'total_elems': 220544, 'total_shapes': 2960, 'total_links': 222, 'num_tensors': 56}
2026-08-25 05:07:50,086 [INFO]     [0 | left | 0](candidate_pairs: 28/28 | new_swaps: 12 | total: 27) -> {'max_bond': 110, 'max_links': 4, 'total_elems': 99832, 'total_shapes': 2254, 'total_links': 222, 'num_tensors': 56}
2026-08-25 05:07:50,274 [INFO]     [0 | left | 1](candidate_pairs: 27/27 | new_swaps: 10 | total: 37) -> {'max_bond': 32, 'max_links': 4, 'total_elems': 56952, 'total_shapes': 1770, 'total_links': 222, 'num_tensors': 56}
2026-08-25 05:07:50,389 [INFO]     [0 | right | 0](candidate_pairs: 28/28 | new_swaps: 7 | total: 44) -> {'max_bond': 32, 'max_links': 4, 'total_elems': 45848, 'total_shapes': 1564, 'total_links': 222, 'num_tensors': 56}
2026-08-25 05:07:50,502 [INFO]     [0 | right | 1](candidate_pairs: 27/27 | new_swaps: 8 | total: 52) -> {'max_bond': 32, 'max_links': 4, 'total_elems': 38424, 'total_shapes': 1436, 'total_links': 222, 'num_tensors': 56}
2026-08-25 05:07:50,680 [INFO]     [1 | both | 0](candidate_pairs: 28/28 | new_swaps: 7 | total: 7) -> {'max_bond': 32, 'max_links': 4, 'total_elems': 31768, 'total_shapes': 1278, 'total_links': 222, 'num_tensors': 56}
2026-08-25 05:07:50,851 [INFO]     [1 | both | 1](candidate_pairs: 27/27 | new_swaps: 4 | total: 11) -> {'max_bond': 32, 'max_links': 4, 'total_elems': 29464, 'total_shapes': 1198, 'total_links': 222, 'num_tensors': 56}
2026-08-25 05:07:50,934 [INFO]     [1 | left | 0](candidate_pairs: 28/28 | new_swaps: 3 | total: 14) -> {'max_bond': 32, 'max_links': 4, 'total_elems': 28600, 'total_shapes': 1170, 'total_links': 222, 'num_tensors': 56}
2026-08-25 05:07:51,020 [INFO]     [1 | left | 1](candidate_pairs: 27/27 | new_swaps: 3 | total: 17) -> {'max_bond': 32, 'max_links': 4, 'total_elems': 28340, 'total_shapes': 1152, 'total_links': 222, 'num_tensors': 56}
2026-08-25 05:07:51,103 [INFO]     [1 | right | 0](candidate_pairs: 28/28 | new_swaps: 4 | total: 21) -> {'max_bond': 32, 'max_links': 4, 'total_elems': 25048, 'total_shapes': 1104, 'total_links': 222, 'num_tensors': 56}
2026-08-25 05:07:51,169 [INFO]     [1 | right | 1](candidate_pairs: 27/27 | new_swaps: 2 | total: 23) -> {'max_bond': 32, 'max_links': 4, 'total_elems': 24476, 'total_shapes': 1082, 'total_links': 222, 'num_tensors': 56}
2026-08-25 05:07:51,317 [INFO]     [2 | both | 0](candidate_pairs: 28/28 | new_swaps: 2 | total: 2) -> {'max_bond': 32, 'max_links': 4, 'total_elems': 24388, 'total_shapes': 1074, 'total_links': 222, 'num_tensors': 56}
2026-08-25 05:07:51,458 [INFO]     [2 | both | 1](candidate_pairs: 27/27 | new_swaps: 1 | total: 3) -> {'max_bond': 32, 'max_links': 4, 'total_elems': 23620, 'total_shapes': 1058, 'total_links': 222, 'num_tensors': 56}
2026-08-25 05:07:51,523 [INFO]     [2 | left | 0](candidate_pairs: 28/28 | new_swaps: 1 | total: 4) -> {'max_bond': 32, 'max_links': 4, 'total_elems': 23572, 'total_shapes': 1054, 'total_links': 222, 'num_tensors': 56}
2026-08-25 05:07:51,600 [INFO]     [2 | left | 1](candidate_pairs: 27/27 | new_swaps: 2 | total: 6) -> {'max_bond': 32, 'max_links': 4, 'total_elems': 23476, 'total_shapes': 1042, 'total_links': 222, 'num_tensors': 56}
2026-08-25 05:07:51,665 [INFO]     [2 | right | 0](candidate_pairs: 28/28 | new_swaps: 1 | total: 7) -> {'max_bond': 32, 'max_links': 4, 'total_elems': 23284, 'total_shapes': 1034, 'total_links': 222, 'num_tensors': 56}
2026-08-25 05:07:51,706 [INFO]     [2 | right | 1](candidate_pairs: 27/27 | new_swaps: 0 | total: 7) -> {'max_bond': 32, 'max_links': 4, 'total_elems': 23284, 'total_shapes': 1034, 'total_links': 222, 'num_tensors': 56}
2026-08-25 05:07:51,837 [INFO]     [3 | both | 0](candidate_pairs: 28/28 | new_swaps: 1 | total: 1) -> {'max_bond': 32, 'max_links': 4, 'total_elems': 23092, 'total_shapes': 1026, 'total_links': 222, 'num_tensors': 56}
2026-08-25 05:07:51,927 [INFO]     [3 | both | 1](candidate_pairs: 27/27 | new_swaps: 0 | total: 1) -> {'max_bond': 32, 'max_links': 4, 'total_elems': 23092, 'total_shapes': 1026, 'total_links': 222, 'num_tensors': 56}
2026-08-25 05:07:51,968 [INFO]     [3 | left | 0](candidate_pairs: 28/28 | new_swaps: 0 | total: 1) -> {'max_bond': 32, 'max_links': 4, 'total_elems': 23092, 'total_shapes': 1026, 'total_links': 222, 'num_tensors': 56}
2026-08-25 05:07:52,010 [INFO]     [3 | left | 1](candidate_pairs: 27/27 | new_swaps: 0 | total: 1) -> {'max_bond': 32, 'max_links': 4, 'total_elems': 23092, 'total_shapes': 1026, 'total_links': 222, 'num_tensors': 56}
2026-08-25 05:07:52,051 [INFO]     [3 | right | 0](candidate_pairs: 28/28 | new_swaps: 0 | total: 1) -> {'max_bond': 32, 'max_links': 4, 'total_elems': 23092, 'total_shapes': 1026, 'total_links': 222, 'num_tensors': 56}
2026-08-25 05:07:52,092 [INFO]     [3 | right | 1](candidate_pairs: 27/27 | new_swaps: 0 | total: 1) -> {'max_bond': 32, 'max_links': 4, 'total_elems': 23092, 'total_shapes': 1026, 'total_links': 222, 'num_tensors': 56}
2026-08-25 05:07:52,175 [INFO]     [4 | both | 0](candidate_pairs: 28/28 | new_swaps: 0 | total: 0) -> {'max_bond': 32, 'max_links': 4, 'total_elems': 23092, 'total_shapes': 1026, 'total_links': 222, 'num_tensors': 56}
2026-08-25 05:07:52,265 [INFO]     [4 | both | 1](candidate_pairs: 27/27 | new_swaps: 0 | total: 0) -> {'max_bond': 32, 'max_links': 4, 'total_elems': 23092, 'total_shapes': 1026, 'total_links': 222, 'num_tensors': 56}
2026-08-25 05:07:52,307 [INFO]     [4 | left | 0](candidate_pairs: 28/28 | new_swaps: 0 | total: 0) -> {'max_bond': 32, 'max_links': 4, 'total_elems': 23092, 'total_shapes': 1026, 'total_links': 222, 'num_tensors': 56}
2026-08-25 05:07:52,348 [INFO]     [4 | left | 1](candidate_pairs: 27/27 | new_swaps: 0 | total: 0) -> {'max_bond': 32, 'max_links': 4, 'total_elems': 23092, 'total_shapes': 1026, 'total_links': 222, 'num_tensors': 56}
2026-08-25 05:07:52,390 [INFO]     [4 | right | 0](candidate_pairs: 28/28 | new_swaps: 0 | total: 0) -> {'max_bond': 32, 'max_links': 4, 'total_elems': 23092, 'total_shapes': 1026, 'total_links': 222, 'num_tensors': 56}
2026-08-25 05:07:52,430 [INFO]     [4 | right | 1](candidate_pairs: 27/27 | new_swaps: 0 | total: 0) -> {'max_bond': 32, 'max_links': 4, 'total_elems': 23092, 'total_shapes': 1026, 'total_links': 222, 'num_tensors': 56}
2026-08-25 05:07:52,431 [INFO]     [end unswap] -> {'max_bond': 32, 'max_links': 4, 'total_elems': 23092, 'total_shapes': 1026, 'total_links': 222, 'num_tensors': 56}
2026-08-25 05:07:53,805 [INFO] [start rewire](phase=post_unswap, cycle=22, side=left, layers=1270, trials=20, seed=123, parallel=False, route_candidates=1, route_score=none)
2026-08-25 05:07:55,855 [INFO] [end rewire](phase=post_unswap, cycle=22, side=left, routed_layers=1377, elapsed_s=2.05)
2026-08-25 05:07:55,855 [INFO] [start rewire](phase=post_unswap, cycle=22, side=right, layers=1574, trials=20, seed=123, parallel=False, route_candidates=1, route_score=none)
2026-08-25 05:07:57,690 [INFO] [end rewire](phase=post_unswap, cycle=22, side=right, routed_layers=1564, elapsed_s=1.84)
2026-08-25 05:07:57,904 [INFO] [1L/1375](swap: 14, u: 0 | c_u: 0 | t_u_l: 36/942 | t_u_r: 70/943 | t_u: 106/1885) -> {'max_bond': 32, 'max_links': 4, 'total_elems': 23092, 'total_shapes': 1026, 'total_links': 222, 'num_tensors': 56}
2026-08-25 05:07:58,024 [INFO] [1R/1562](swap: 10, u: 0 | c_u: 0 | t_u_l: 36/942 | t_u_r: 70/943 | t_u: 106/1885) -> {'max_bond': 32, 'max_links': 4, 'total_elems': 24812, 'total_shapes': 1124, 'total_links': 222, 'num_tensors': 56}
2026-08-25 05:07:58,147 [INFO] [2R/1562](swap: 9, u: 0 | c_u: 0 | t_u_l: 36/942 | t_u_r: 70/943 | t_u: 106/1885) -> {'max_bond': 32, 'max_links': 4, 'total_elems': 32556, 'total_shapes': 1340, 'total_links': 222, 'num_tensors': 56}
2026-08-25 05:07:58,285 [INFO] [2L/1375](swap: 8, u: 0 | c_u: 0 | t_u_l: 36/942 | t_u_r: 70/943 | t_u: 106/1885) -> {'max_bond': 64, 'max_links': 4, 'total_elems': 46888, 'total_shapes': 1592, 'total_links': 222, 'num_tensors': 56}
2026-08-25 05:07:58,443 [INFO] [3R/1562](swap: 7, u: 0 | c_u: 0 | t_u_l: 36/942 | t_u_r: 70/943 | t_u: 106/1885) -> {'max_bond': 64, 'max_links': 4, 'total_elems': 66280, 'total_shapes': 1852, 'total_links': 222, 'num_tensors': 56}
2026-08-25 05:07:58,616 [INFO] [3L/1375](swap: 5, u: 0 | c_u: 0 | t_u_l: 36/942 | t_u_r: 70/943 | t_u: 106/1885) -> {'max_bond': 64, 'max_links': 4, 'total_elems': 95992, 'total_shapes': 2140, 'total_links': 222, 'num_tensors': 56}
2026-08-25 05:07:58,812 [INFO] [4L/1375](swap: 5, u: 0 | c_u: 0 | t_u_l: 36/942 | t_u_r: 70/943 | t_u: 106/1885) -> {'max_bond': 64, 'max_links': 4, 'total_elems': 124064, 'total_shapes': 2322, 'total_links': 222, 'num_tensors': 56}
2026-08-25 05:07:59,030 [INFO] [4R/1562](swap: 6, u: 0 | c_u: 0 | t_u_l: 36/942 | t_u_r: 70/943 | t_u: 106/1885) -> {'max_bond': 64, 'max_links': 4, 'total_elems': 174880, 'total_shapes': 2732, 'total_links': 222, 'num_tensors': 56}
2026-08-25 05:07:59,323 [INFO] [5L/1375](swap: 5, u: 0 | c_u: 0 | t_u_l: 36/942 | t_u_r: 70/943 | t_u: 106/1885) -> {'max_bond': 128, 'max_links': 4, 'total_elems': 248672, 'total_shapes': 3044, 'total_links': 222, 'num_tensors': 56}
2026-08-25 05:07:59,782 [INFO]     [start unswap] -> {'max_bond': 128, 'max_links': 4, 'total_elems': 248672, 'total_shapes': 3044, 'total_links': 222, 'num_tensors': 56}
2026-08-25 05:08:02,811 [INFO]     [0 | both | 0](candidate_pairs: 28/28 | new_swaps: 1 | total: 1) -> {'max_bond': 256, 'max_links': 4, 'total_elems': 457984, 'total_shapes': 3658, 'total_links': 222, 'num_tensors': 56}
2026-08-25 05:08:04,134 [INFO]     [0 | both | 1](candidate_pairs: 27/27 | new_swaps: 13 | total: 14) -> {'max_bond': 128, 'max_links': 4, 'total_elems': 154176, 'total_shapes': 2418, 'total_links': 222, 'num_tensors': 56}
2026-08-25 05:08:04,383 [INFO]     [0 | left | 0](candidate_pairs: 28/28 | new_swaps: 9 | total: 23) -> {'max_bond': 64, 'max_links': 4, 'total_elems': 84832, 'total_shapes': 1962, 'total_links': 222, 'num_tensors': 56}
2026-08-25 05:08:04,561 [INFO]     [0 | left | 1](candidate_pairs: 27/27 | new_swaps: 10 | total: 33) -> {'max_bond': 32, 'max_links': 4, 'total_elems': 50904, 'total_shapes': 1634, 'total_links': 222, 'num_tensors': 56}
2026-08-25 05:08:04,673 [INFO]     [0 | right | 0](candidate_pairs: 28/28 | new_swaps: 9 | total: 42) -> {'max_bond': 32, 'max_links': 4, 'total_elems': 40008, 'total_shapes': 1410, 'total_links': 222, 'num_tensors': 56}
2026-08-25 05:08:04,772 [INFO]     [0 | right | 1](candidate_pairs: 27/27 | new_swaps: 5 | total: 47) -> {'max_bond': 32, 'max_links': 4, 'total_elems': 35976, 'total_shapes': 1346, 'total_links': 222, 'num_tensors': 56}
2026-08-25 05:08:04,952 [INFO]     [1 | both | 0](candidate_pairs: 28/28 | new_swaps: 4 | total: 4) -> {'max_bond': 32, 'max_links': 4, 'total_elems': 30280, 'total_shapes': 1242, 'total_links': 222, 'num_tensors': 56}
2026-08-25 05:08:05,121 [INFO]     [1 | both | 1](candidate_pairs: 27/27 | new_swaps: 4 | total: 8) -> {'max_bond': 32, 'max_links': 4, 'total_elems': 27852, 'total_shapes': 1180, 'total_links': 222, 'num_tensors': 56}
2026-08-25 05:08:05,205 [INFO]     [1 | left | 0](candidate_pairs: 28/28 | new_swaps: 4 | total: 12) -> {'max_bond': 32, 'max_links': 4, 'total_elems': 27348, 'total_shapes': 1152, 'total_links': 222, 'num_tensors': 56}
2026-08-25 05:08:05,289 [INFO]     [1 | left | 1](candidate_pairs: 27/27 | new_swaps: 3 | total: 15) -> {'max_bond': 32, 'max_links': 4, 'total_elems': 26820, 'total_shapes': 1130, 'total_links': 222, 'num_tensors': 56}
2026-08-25 05:08:05,372 [INFO]     [1 | right | 0](candidate_pairs: 28/28 | new_swaps: 4 | total: 19) -> {'max_bond': 32, 'max_links': 4, 'total_elems': 25940, 'total_shapes': 1102, 'total_links': 222, 'num_tensors': 56}
2026-08-25 05:08:05,452 [INFO]     [1 | right | 1](candidate_pairs: 27/27 | new_swaps: 3 | total: 22) -> {'max_bond': 32, 'max_links': 4, 'total_elems': 24804, 'total_shapes': 1072, 'total_links': 222, 'num_tensors': 56}
2026-08-25 05:08:05,541 [INFO]     [2 | both | 0](candidate_pairs: 28/28 | new_swaps: 0 | total: 0) -> {'max_bond': 32, 'max_links': 4, 'total_elems': 24804, 'total_shapes': 1072, 'total_links': 222, 'num_tensors': 56}
2026-08-25 05:08:05,688 [INFO]     [2 | both | 1](candidate_pairs: 27/27 | new_swaps: 1 | total: 1) -> {'max_bond': 32, 'max_links': 4, 'total_elems': 24756, 'total_shapes': 1066, 'total_links': 222, 'num_tensors': 56}
2026-08-25 05:08:05,732 [INFO]     [2 | left | 0](candidate_pairs: 28/28 | new_swaps: 0 | total: 1) -> {'max_bond': 32, 'max_links': 4, 'total_elems': 24756, 'total_shapes': 1066, 'total_links': 222, 'num_tensors': 56}
2026-08-25 05:08:05,777 [INFO]     [2 | left | 1](candidate_pairs: 27/27 | new_swaps: 0 | total: 1) -> {'max_bond': 32, 'max_links': 4, 'total_elems': 24756, 'total_shapes': 1066, 'total_links': 222, 'num_tensors': 56}
2026-08-25 05:08:05,857 [INFO]     [2 | right | 0](candidate_pairs: 28/28 | new_swaps: 3 | total: 4) -> {'max_bond': 32, 'max_links': 4, 'total_elems': 24500, 'total_shapes': 1052, 'total_links': 222, 'num_tensors': 56}
2026-08-25 05:08:05,925 [INFO]     [2 | right | 1](candidate_pairs: 27/27 | new_swaps: 1 | total: 5) -> {'max_bond': 32, 'max_links': 4, 'total_elems': 24260, 'total_shapes': 1042, 'total_links': 222, 'num_tensors': 56}
2026-08-25 05:08:06,012 [INFO]     [3 | both | 0](candidate_pairs: 28/28 | new_swaps: 0 | total: 0) -> {'max_bond': 32, 'max_links': 4, 'total_elems': 24260, 'total_shapes': 1042, 'total_links': 222, 'num_tensors': 56}
2026-08-25 05:08:06,108 [INFO]     [3 | both | 1](candidate_pairs: 27/27 | new_swaps: 0 | total: 0) -> {'max_bond': 32, 'max_links': 4, 'total_elems': 24260, 'total_shapes': 1042, 'total_links': 222, 'num_tensors': 56}
2026-08-25 05:08:06,150 [INFO]     [3 | left | 0](candidate_pairs: 28/28 | new_swaps: 0 | total: 0) -> {'max_bond': 32, 'max_links': 4, 'total_elems': 24260, 'total_shapes': 1042, 'total_links': 222, 'num_tensors': 56}
2026-08-25 05:08:06,195 [INFO]     [3 | left | 1](candidate_pairs: 27/27 | new_swaps: 0 | total: 0) -> {'max_bond': 32, 'max_links': 4, 'total_elems': 24260, 'total_shapes': 1042, 'total_links': 222, 'num_tensors': 56}
2026-08-25 05:08:06,261 [INFO]     [3 | right | 0](candidate_pairs: 28/28 | new_swaps: 1 | total: 1) -> {'max_bond': 32, 'max_links': 4, 'total_elems': 24164, 'total_shapes': 1036, 'total_links': 222, 'num_tensors': 56}
2026-08-25 05:08:06,303 [INFO]     [3 | right | 1](candidate_pairs: 27/27 | new_swaps: 0 | total: 1) -> {'max_bond': 32, 'max_links': 4, 'total_elems': 24164, 'total_shapes': 1036, 'total_links': 222, 'num_tensors': 56}
2026-08-25 05:08:06,391 [INFO]     [4 | both | 0](candidate_pairs: 28/28 | new_swaps: 0 | total: 0) -> {'max_bond': 32, 'max_links': 4, 'total_elems': 24164, 'total_shapes': 1036, 'total_links': 222, 'num_tensors': 56}
2026-08-25 05:08:06,486 [INFO]     [4 | both | 1](candidate_pairs: 27/27 | new_swaps: 0 | total: 0) -> {'max_bond': 32, 'max_links': 4, 'total_elems': 24164, 'total_shapes': 1036, 'total_links': 222, 'num_tensors': 56}
2026-08-25 05:08:06,529 [INFO]     [4 | left | 0](candidate_pairs: 28/28 | new_swaps: 0 | total: 0) -> {'max_bond': 32, 'max_links': 4, 'total_elems': 24164, 'total_shapes': 1036, 'total_links': 222, 'num_tensors': 56}
2026-08-25 05:08:06,573 [INFO]     [4 | left | 1](candidate_pairs: 27/27 | new_swaps: 0 | total: 0) -> {'max_bond': 32, 'max_links': 4, 'total_elems': 24164, 'total_shapes': 1036, 'total_links': 222, 'num_tensors': 56}
2026-08-25 05:08:06,615 [INFO]     [4 | right | 0](candidate_pairs: 28/28 | new_swaps: 0 | total: 0) -> {'max_bond': 32, 'max_links': 4, 'total_elems': 24164, 'total_shapes': 1036, 'total_links': 222, 'num_tensors': 56}
2026-08-25 05:08:06,657 [INFO]     [4 | right | 1](candidate_pairs: 27/27 | new_swaps: 0 | total: 0) -> {'max_bond': 32, 'max_links': 4, 'total_elems': 24164, 'total_shapes': 1036, 'total_links': 222, 'num_tensors': 56}
2026-08-25 05:08:06,658 [INFO]     [end unswap] -> {'max_bond': 32, 'max_links': 4, 'total_elems': 24164, 'total_shapes': 1036, 'total_links': 222, 'num_tensors': 56}
2026-08-25 05:08:08,078 [INFO] [start rewire](phase=post_unswap, cycle=23, side=left, layers=1372, trials=20, seed=123, parallel=False, route_candidates=1, route_score=none)
2026-08-25 05:08:09,694 [INFO] [end rewire](phase=post_unswap, cycle=23, side=left, routed_layers=1381, elapsed_s=1.62)
2026-08-25 05:08:09,694 [INFO] [start rewire](phase=post_unswap, cycle=23, side=right, layers=1560, trials=20, seed=123, parallel=False, route_candidates=1, route_score=none)
2026-08-25 05:08:11,563 [INFO] [end rewire](phase=post_unswap, cycle=23, side=right, routed_layers=1639, elapsed_s=1.87)
2026-08-25 05:08:11,783 [INFO] [1L/1379](swap: 13, u: 0 | c_u: 0 | t_u_l: 36/942 | t_u_r: 70/943 | t_u: 106/1885) -> {'max_bond': 32, 'max_links': 4, 'total_elems': 24132, 'total_shapes': 1034, 'total_links': 222, 'num_tensors': 56}
2026-08-25 05:08:11,907 [INFO] [1R/1637](swap: 8, u: 0 | c_u: 0 | t_u_l: 36/942 | t_u_r: 70/943 | t_u: 106/1885) -> {'max_bond': 32, 'max_links': 4, 'total_elems': 27852, 'total_shapes': 1108, 'total_links': 222, 'num_tensors': 56}
2026-08-25 05:08:12,037 [INFO] [2R/1637](swap: 8, u: 0 | c_u: 0 | t_u_l: 36/942 | t_u_r: 70/943 | t_u: 106/1885) -> {'max_bond': 64, 'max_links': 4, 'total_elems': 38348, 'total_shapes': 1260, 'total_links': 222, 'num_tensors': 56}
2026-08-25 05:08:12,176 [INFO] [3R/1637](swap: 7, u: 0 | c_u: 0 | t_u_l: 36/942 | t_u_r: 70/943 | t_u: 106/1885) -> {'max_bond': 64, 'max_links': 4, 'total_elems': 50828, 'total_shapes': 1404, 'total_links': 222, 'num_tensors': 56}
2026-08-25 05:08:12,322 [INFO] [4R/1637](swap: 6, u: 0 | c_u: 0 | t_u_l: 36/942 | t_u_r: 70/943 | t_u: 106/1885) -> {'max_bond': 64, 'max_links': 4, 'total_elems': 59340, 'total_shapes': 1564, 'total_links': 222, 'num_tensors': 56}
2026-08-25 05:08:12,484 [INFO] [5R/1637](swap: 7, u: 0 | c_u: 0 | t_u_l: 36/942 | t_u_r: 70/943 | t_u: 106/1885) -> {'max_bond': 64, 'max_links': 4, 'total_elems': 75532, 'total_shapes': 1764, 'total_links': 222, 'num_tensors': 56}
2026-08-25 05:08:12,672 [INFO] [2L/1379](swap: 9, u: 0 | c_u: 0 | t_u_l: 36/942 | t_u_r: 70/943 | t_u: 106/1885) -> {'max_bond': 64, 'max_links': 4, 'total_elems': 110188, 'total_shapes': 2086, 'total_links': 222, 'num_tensors': 56}
2026-08-25 05:08:12,893 [INFO] [6R/1637](swap: 5, u: 0 | c_u: 0 | t_u_l: 36/942 | t_u_r: 70/943 | t_u: 106/1885) -> {'max_bond': 128, 'max_links': 4, 'total_elems': 160396, 'total_shapes': 2400, 'total_links': 222, 'num_tensors': 56}
2026-08-25 05:08:13,151 [INFO] [7R/1637](swap: 4, u: 1 | c_u: 1 | t_u_l: 36/942 | t_u_r: 71/943 | t_u: 107/1885) -> {'max_bond': 128, 'max_links': 4, 'total_elems': 170220, 'total_shapes': 2508, 'total_links': 222, 'num_tensors': 56}
2026-08-25 05:08:13,414 [INFO] [8R/1637](swap: 5, u: 1 | c_u: 2 | t_u_l: 36/942 | t_u_r: 72/943 | t_u: 108/1885) -> {'max_bond': 128, 'max_links': 4, 'total_elems': 181580, 'total_shapes': 2580, 'total_links': 222, 'num_tensors': 56}
2026-08-25 05:08:13,677 [INFO] [9R/1637](swap: 4, u: 0 | c_u: 2 | t_u_l: 36/942 | t_u_r: 72/943 | t_u: 108/1885) -> {'max_bond': 128, 'max_links': 4, 'total_elems': 194988, 'total_shapes': 2664, 'total_links': 222, 'num_tensors': 56}
2026-08-25 05:08:13,957 [INFO] [10R/1637](swap: 5, u: 0 | c_u: 2 | t_u_l: 36/942 | t_u_r: 72/943 | t_u: 108/1885) -> {'max_bond': 128, 'max_links': 4, 'total_elems': 228204, 'total_shapes': 2944, 'total_links': 222, 'num_tensors': 56}
2026-08-25 05:08:14,291 [INFO] [11R/1637](swap: 6, u: 0 | c_u: 2 | t_u_l: 36/942 | t_u_r: 72/943 | t_u: 108/1885) -> {'max_bond': 128, 'max_links': 4, 'total_elems': 297000, 'total_shapes': 3278, 'total_links': 222, 'num_tensors': 56}
2026-08-25 05:08:14,747 [INFO]     [start unswap] -> {'max_bond': 128, 'max_links': 4, 'total_elems': 297000, 'total_shapes': 3278, 'total_links': 222, 'num_tensors': 56}
2026-08-25 05:08:16,258 [INFO]     [0 | both | 0](candidate_pairs: 28/28 | new_swaps: 6 | total: 6) -> {'max_bond': 128, 'max_links': 4, 'total_elems': 193944, 'total_shapes': 2882, 'total_links': 222, 'num_tensors': 56}
2026-08-25 05:08:16,829 [INFO]     [0 | both | 1](candidate_pairs: 27/27 | new_swaps: 11 | total: 17) -> {'max_bond': 64, 'max_links': 4, 'total_elems': 99608, 'total_shapes': 2178, 'total_links': 222, 'num_tensors': 56}
2026-08-25 05:08:17,004 [INFO]     [0 | left | 0](candidate_pairs: 28/28 | new_swaps: 10 | total: 27) -> {'max_bond': 64, 'max_links': 4, 'total_elems': 82564, 'total_shapes': 1896, 'total_links': 222, 'num_tensors': 56}
2026-08-25 05:08:17,175 [INFO]     [0 | left | 1](candidate_pairs: 27/27 | new_swaps: 11 | total: 38) -> {'max_bond': 64, 'max_links': 4, 'total_elems': 71964, 'total_shapes': 1726, 'total_links': 222, 'num_tensors': 56}
2026-08-25 05:08:17,325 [INFO]     [0 | right | 0](candidate_pairs: 28/28 | new_swaps: 9 | total: 47) -> {'max_bond': 64, 'max_links': 4, 'total_elems': 53992, 'total_shapes': 1528, 'total_links': 222, 'num_tensors': 56}
2026-08-25 05:08:17,449 [INFO]     [0 | right | 1](candidate_pairs: 27/27 | new_swaps: 7 | total: 54) -> {'max_bond': 64, 'max_links': 4, 'total_elems': 42952, 'total_shapes': 1380, 'total_links': 222, 'num_tensors': 56}
2026-08-25 05:08:17,636 [INFO]     [1 | both | 0](candidate_pairs: 28/28 | new_swaps: 3 | total: 3) -> {'max_bond': 64, 'max_links': 4, 'total_elems': 37920, 'total_shapes': 1290, 'total_links': 222, 'num_tensors': 56}
2026-08-25 05:08:17,822 [INFO]     [1 | both | 1](candidate_pairs: 27/27 | new_swaps: 3 | total: 6) -> {'max_bond': 64, 'max_links': 4, 'total_elems': 36388, 'total_shapes': 1244, 'total_links': 222, 'num_tensors': 56}
2026-08-25 05:08:17,873 [INFO]     [1 | left | 0](candidate_pairs: 28/28 | new_swaps: 0 | total: 6) -> {'max_bond': 64, 'max_links': 4, 'total_elems': 36388, 'total_shapes': 1244, 'total_links': 222, 'num_tensors': 56}
2026-08-25 05:08:17,968 [INFO]     [1 | left | 1](candidate_pairs: 27/27 | new_swaps: 2 | total: 8) -> {'max_bond': 64, 'max_links': 4, 'total_elems': 35876, 'total_shapes': 1228, 'total_links': 222, 'num_tensors': 56}
2026-08-25 05:08:18,047 [INFO]     [1 | right | 0](candidate_pairs: 28/28 | new_swaps: 2 | total: 10) -> {'max_bond': 64, 'max_links': 4, 'total_elems': 35644, 'total_shapes': 1212, 'total_links': 222, 'num_tensors': 56}
2026-08-25 05:08:18,141 [INFO]     [1 | right | 1](candidate_pairs: 27/27 | new_swaps: 3 | total: 13) -> {'max_bond': 64, 'max_links': 4, 'total_elems': 33556, 'total_shapes': 1180, 'total_links': 222, 'num_tensors': 56}
2026-08-25 05:08:18,290 [INFO]     [2 | both | 0](candidate_pairs: 28/28 | new_swaps: 1 | total: 1) -> {'max_bond': 64, 'max_links': 4, 'total_elems': 31156, 'total_shapes': 1130, 'total_links': 222, 'num_tensors': 56}
2026-08-25 05:08:18,450 [INFO]     [2 | both | 1](candidate_pairs: 27/27 | new_swaps: 1 | total: 2) -> {'max_bond': 64, 'max_links': 4, 'total_elems': 30388, 'total_shapes': 1106, 'total_links': 222, 'num_tensors': 56}
2026-08-25 05:08:18,524 [INFO]     [2 | left | 0](candidate_pairs: 28/28 | new_swaps: 1 | total: 3) -> {'max_bond': 64, 'max_links': 4, 'total_elems': 30260, 'total_shapes': 1098, 'total_links': 222, 'num_tensors': 56}
2026-08-25 05:08:18,572 [INFO]     [2 | left | 1](candidate_pairs: 27/27 | new_swaps: 0 | total: 3) -> {'max_bond': 64, 'max_links': 4, 'total_elems': 30260, 'total_shapes': 1098, 'total_links': 222, 'num_tensors': 56}
2026-08-25 05:08:18,655 [INFO]     [2 | right | 0](candidate_pairs: 28/28 | new_swaps: 1 | total: 4) -> {'max_bond': 64, 'max_links': 4, 'total_elems': 30188, 'total_shapes': 1094, 'total_links': 222, 'num_tensors': 56}
2026-08-25 05:08:18,737 [INFO]     [2 | right | 1](candidate_pairs: 27/27 | new_swaps: 1 | total: 5) -> {'max_bond': 64, 'max_links': 4, 'total_elems': 30028, 'total_shapes': 1086, 'total_links': 222, 'num_tensors': 56}
2026-08-25 05:08:18,828 [INFO]     [3 | both | 0](candidate_pairs: 28/28 | new_swaps: 0 | total: 0) -> {'max_bond': 64, 'max_links': 4, 'total_elems': 30028, 'total_shapes': 1086, 'total_links': 222, 'num_tensors': 56}
2026-08-25 05:08:18,928 [INFO]     [3 | both | 1](candidate_pairs: 27/27 | new_swaps: 0 | total: 0) -> {'max_bond': 64, 'max_links': 4, 'total_elems': 30028, 'total_shapes': 1086, 'total_links': 222, 'num_tensors': 56}
2026-08-25 05:08:18,974 [INFO]     [3 | left | 0](candidate_pairs: 28/28 | new_swaps: 0 | total: 0) -> {'max_bond': 64, 'max_links': 4, 'total_elems': 30028, 'total_shapes': 1086, 'total_links': 222, 'num_tensors': 56}
2026-08-25 05:08:19,022 [INFO]     [3 | left | 1](candidate_pairs: 27/27 | new_swaps: 0 | total: 0) -> {'max_bond': 64, 'max_links': 4, 'total_elems': 30028, 'total_shapes': 1086, 'total_links': 222, 'num_tensors': 56}
2026-08-25 05:08:19,094 [INFO]     [3 | right | 0](candidate_pairs: 28/28 | new_swaps: 1 | total: 1) -> {'max_bond': 64, 'max_links': 4, 'total_elems': 29836, 'total_shapes': 1078, 'total_links': 222, 'num_tensors': 56}
2026-08-25 05:08:19,166 [INFO]     [3 | right | 1](candidate_pairs: 27/27 | new_swaps: 1 | total: 2) -> {'max_bond': 64, 'max_links': 4, 'total_elems': 29644, 'total_shapes': 1070, 'total_links': 222, 'num_tensors': 56}
2026-08-25 05:08:19,256 [INFO]     [4 | both | 0](candidate_pairs: 28/28 | new_swaps: 0 | total: 0) -> {'max_bond': 64, 'max_links': 4, 'total_elems': 29644, 'total_shapes': 1070, 'total_links': 222, 'num_tensors': 56}
2026-08-25 05:08:19,356 [INFO]     [4 | both | 1](candidate_pairs: 27/27 | new_swaps: 0 | total: 0) -> {'max_bond': 64, 'max_links': 4, 'total_elems': 29644, 'total_shapes': 1070, 'total_links': 222, 'num_tensors': 56}
2026-08-25 05:08:19,400 [INFO]     [4 | left | 0](candidate_pairs: 28/28 | new_swaps: 0 | total: 0) -> {'max_bond': 64, 'max_links': 4, 'total_elems': 29644, 'total_shapes': 1070, 'total_links': 222, 'num_tensors': 56}
2026-08-25 05:08:19,448 [INFO]     [4 | left | 1](candidate_pairs: 27/27 | new_swaps: 0 | total: 0) -> {'max_bond': 64, 'max_links': 4, 'total_elems': 29644, 'total_shapes': 1070, 'total_links': 222, 'num_tensors': 56}
2026-08-25 05:08:19,521 [INFO]     [4 | right | 0](candidate_pairs: 28/28 | new_swaps: 1 | total: 1) -> {'max_bond': 64, 'max_links': 4, 'total_elems': 29452, 'total_shapes': 1062, 'total_links': 222, 'num_tensors': 56}
2026-08-25 05:08:19,591 [INFO]     [4 | right | 1](candidate_pairs: 27/27 | new_swaps: 1 | total: 2) -> {'max_bond': 64, 'max_links': 4, 'total_elems': 29324, 'total_shapes': 1054, 'total_links': 222, 'num_tensors': 56}
2026-08-25 05:08:19,681 [INFO]     [5 | both | 0](candidate_pairs: 28/28 | new_swaps: 0 | total: 0) -> {'max_bond': 64, 'max_links': 4, 'total_elems': 29324, 'total_shapes': 1054, 'total_links': 222, 'num_tensors': 56}
2026-08-25 05:08:19,780 [INFO]     [5 | both | 1](candidate_pairs: 27/27 | new_swaps: 0 | total: 0) -> {'max_bond': 64, 'max_links': 4, 'total_elems': 29324, 'total_shapes': 1054, 'total_links': 222, 'num_tensors': 56}
2026-08-25 05:08:19,825 [INFO]     [5 | left | 0](candidate_pairs: 28/28 | new_swaps: 0 | total: 0) -> {'max_bond': 64, 'max_links': 4, 'total_elems': 29324, 'total_shapes': 1054, 'total_links': 222, 'num_tensors': 56}
2026-08-25 05:08:19,873 [INFO]     [5 | left | 1](candidate_pairs: 27/27 | new_swaps: 0 | total: 0) -> {'max_bond': 64, 'max_links': 4, 'total_elems': 29324, 'total_shapes': 1054, 'total_links': 222, 'num_tensors': 56}
2026-08-25 05:08:19,944 [INFO]     [5 | right | 0](candidate_pairs: 28/28 | new_swaps: 1 | total: 1) -> {'max_bond': 64, 'max_links': 4, 'total_elems': 29252, 'total_shapes': 1048, 'total_links': 222, 'num_tensors': 56}
2026-08-25 05:08:19,989 [INFO]     [5 | right | 1](candidate_pairs: 27/27 | new_swaps: 0 | total: 1) -> {'max_bond': 64, 'max_links': 4, 'total_elems': 29252, 'total_shapes': 1048, 'total_links': 222, 'num_tensors': 56}
2026-08-25 05:08:20,078 [INFO]     [6 | both | 0](candidate_pairs: 28/28 | new_swaps: 0 | total: 0) -> {'max_bond': 64, 'max_links': 4, 'total_elems': 29252, 'total_shapes': 1048, 'total_links': 222, 'num_tensors': 56}
2026-08-25 05:08:20,176 [INFO]     [6 | both | 1](candidate_pairs: 27/27 | new_swaps: 0 | total: 0) -> {'max_bond': 64, 'max_links': 4, 'total_elems': 29252, 'total_shapes': 1048, 'total_links': 222, 'num_tensors': 56}
2026-08-25 05:08:20,221 [INFO]     [6 | left | 0](candidate_pairs: 28/28 | new_swaps: 0 | total: 0) -> {'max_bond': 64, 'max_links': 4, 'total_elems': 29252, 'total_shapes': 1048, 'total_links': 222, 'num_tensors': 56}
2026-08-25 05:08:20,268 [INFO]     [6 | left | 1](candidate_pairs: 27/27 | new_swaps: 0 | total: 0) -> {'max_bond': 64, 'max_links': 4, 'total_elems': 29252, 'total_shapes': 1048, 'total_links': 222, 'num_tensors': 56}
2026-08-25 05:08:20,315 [INFO]     [6 | right | 0](candidate_pairs: 28/28 | new_swaps: 0 | total: 0) -> {'max_bond': 64, 'max_links': 4, 'total_elems': 29252, 'total_shapes': 1048, 'total_links': 222, 'num_tensors': 56}
2026-08-25 05:08:20,361 [INFO]     [6 | right | 1](candidate_pairs: 27/27 | new_swaps: 0 | total: 0) -> {'max_bond': 64, 'max_links': 4, 'total_elems': 29252, 'total_shapes': 1048, 'total_links': 222, 'num_tensors': 56}
2026-08-25 05:08:20,361 [INFO]     [end unswap] -> {'max_bond': 64, 'max_links': 4, 'total_elems': 29252, 'total_shapes': 1048, 'total_links': 222, 'num_tensors': 56}
2026-08-25 05:08:22,429 [INFO] [start rewire](phase=post_unswap, cycle=24, side=left, layers=1379, trials=20, seed=123, parallel=False, route_candidates=1, route_score=none)
2026-08-25 05:08:24,071 [INFO] [end rewire](phase=post_unswap, cycle=24, side=left, routed_layers=1402, elapsed_s=1.64)
2026-08-25 05:08:24,072 [INFO] [start rewire](phase=post_unswap, cycle=24, side=right, layers=1628, trials=20, seed=123, parallel=False, route_candidates=1, route_score=none)
2026-08-25 05:08:25,926 [INFO] [end rewire](phase=post_unswap, cycle=24, side=right, routed_layers=1600, elapsed_s=1.85)
2026-08-25 05:08:26,153 [INFO] [1L/1400](swap: 12, u: 0 | c_u: 0 | t_u_l: 36/942 | t_u_r: 72/943 | t_u: 108/1885) -> {'max_bond': 64, 'max_links': 4, 'total_elems': 29252, 'total_shapes': 1048, 'total_links': 222, 'num_tensors': 56}
2026-08-25 05:08:26,283 [INFO] [2L/1400](swap: 6, u: 0 | c_u: 0 | t_u_l: 36/942 | t_u_r: 72/943 | t_u: 108/1885) -> {'max_bond': 64, 'max_links': 4, 'total_elems': 32612, 'total_shapes': 1168, 'total_links': 222, 'num_tensors': 56}
2026-08-25 05:08:26,418 [INFO] [1R/1598](swap: 12, u: 0 | c_u: 0 | t_u_l: 36/942 | t_u_r: 72/943 | t_u: 108/1885) -> {'max_bond': 64, 'max_links': 4, 'total_elems': 40116, 'total_shapes': 1312, 'total_links': 222, 'num_tensors': 56}
2026-08-25 05:08:26,556 [INFO] [2R/1598](swap: 9, u: 0 | c_u: 0 | t_u_l: 36/942 | t_u_r: 72/943 | t_u: 108/1885) -> {'max_bond': 64, 'max_links': 4, 'total_elems': 46260, 'total_shapes': 1484, 'total_links': 222, 'num_tensors': 56}
2026-08-25 05:08:26,702 [INFO] [3L/1400](swap: 5, u: 0 | c_u: 0 | t_u_l: 36/942 | t_u_r: 72/943 | t_u: 108/1885) -> {'max_bond': 64, 'max_links': 4, 'total_elems': 58260, 'total_shapes': 1636, 'total_links': 222, 'num_tensors': 56}
2026-08-25 05:08:26,847 [INFO] [4L/1400](swap: 6, u: 0 | c_u: 0 | t_u_l: 36/942 | t_u_r: 72/943 | t_u: 108/1885) -> {'max_bond': 64, 'max_links': 4, 'total_elems': 62100, 'total_shapes': 1740, 'total_links': 222, 'num_tensors': 56}
2026-08-25 05:08:26,999 [INFO] [5L/1400](swap: 6, u: 0 | c_u: 0 | t_u_l: 36/942 | t_u_r: 72/943 | t_u: 108/1885) -> {'max_bond': 64, 'max_links': 4, 'total_elems': 73424, 'total_shapes': 1874, 'total_links': 222, 'num_tensors': 56}
2026-08-25 05:08:27,166 [INFO] [6L/1400](swap: 4, u: 0 | c_u: 0 | t_u_l: 36/942 | t_u_r: 72/943 | t_u: 108/1885) -> {'max_bond': 64, 'max_links': 4, 'total_elems': 90096, 'total_shapes': 2104, 'total_links': 222, 'num_tensors': 56}
2026-08-25 05:08:27,342 [INFO] [7L/1400](swap: 3, u: 0 | c_u: 0 | t_u_l: 36/942 | t_u_r: 72/943 | t_u: 108/1885) -> {'max_bond': 64, 'max_links': 4, 'total_elems': 110832, 'total_shapes': 2270, 'total_links': 222, 'num_tensors': 56}
2026-08-25 05:08:27,539 [INFO] [8L/1400](swap: 4, u: 0 | c_u: 0 | t_u_l: 36/942 | t_u_r: 72/943 | t_u: 108/1885) -> {'max_bond': 64, 'max_links': 4, 'total_elems': 118192, 'total_shapes': 2332, 'total_links': 222, 'num_tensors': 56}
2026-08-25 05:08:27,748 [INFO] [9L/1400](swap: 4, u: 0 | c_u: 0 | t_u_l: 36/942 | t_u_r: 72/943 | t_u: 108/1885) -> {'max_bond': 64, 'max_links': 4, 'total_elems': 122544, 'total_shapes': 2416, 'total_links': 222, 'num_tensors': 56}
2026-08-25 05:08:27,975 [INFO] [3R/1598](swap: 8, u: 0 | c_u: 0 | t_u_l: 36/942 | t_u_r: 72/943 | t_u: 108/1885) -> {'max_bond': 94, 'max_links': 4, 'total_elems': 180400, 'total_shapes': 2940, 'total_links': 222, 'num_tensors': 56}
2026-08-25 05:08:28,307 [INFO] [4R/1598](swap: 7, u: 0 | c_u: 0 | t_u_l: 36/942 | t_u_r: 72/943 | t_u: 108/1885) -> {'max_bond': 128, 'max_links': 4, 'total_elems': 288272, 'total_shapes': 3502, 'total_links': 222, 'num_tensors': 56}
2026-08-25 05:08:28,827 [INFO]     [start unswap] -> {'max_bond': 128, 'max_links': 4, 'total_elems': 288272, 'total_shapes': 3502, 'total_links': 222, 'num_tensors': 56}
2026-08-25 05:08:30,329 [INFO]     [0 | both | 0](candidate_pairs: 28/28 | new_swaps: 7 | total: 7) -> {'max_bond': 128, 'max_links': 4, 'total_elems': 367704, 'total_shapes': 3594, 'total_links': 222, 'num_tensors': 56}
2026-08-25 05:08:31,762 [INFO]     [0 | both | 1](candidate_pairs: 27/27 | new_swaps: 10 | total: 17) -> {'max_bond': 128, 'max_links': 4, 'total_elems': 249064, 'total_shapes': 2952, 'total_links': 222, 'num_tensors': 56}
2026-08-25 05:08:32,125 [INFO]     [0 | left | 0](candidate_pairs: 28/28 | new_swaps: 6 | total: 23) -> {'max_bond': 128, 'max_links': 4, 'total_elems': 181696, 'total_shapes': 2598, 'total_links': 222, 'num_tensors': 56}
2026-08-25 05:08:32,536 [INFO]     [0 | left | 1](candidate_pairs: 27/27 | new_swaps: 15 | total: 38) -> {'max_bond': 128, 'max_links': 4, 'total_elems': 131432, 'total_shapes': 2268, 'total_links': 222, 'num_tensors': 56}
2026-08-25 05:08:32,734 [INFO]     [0 | right | 0](candidate_pairs: 28/28 | new_swaps: 10 | total: 48) -> {'max_bond': 64, 'max_links': 4, 'total_elems': 89940, 'total_shapes': 1830, 'total_links': 222, 'num_tensors': 56}
2026-08-25 05:08:32,910 [INFO]     [0 | right | 1](candidate_pairs: 27/27 | new_swaps: 5 | total: 53) -> {'max_bond': 64, 'max_links': 4, 'total_elems': 68708, 'total_shapes': 1668, 'total_links': 222, 'num_tensors': 56}
2026-08-25 05:08:33,181 [INFO]     [1 | both | 0](candidate_pairs: 28/28 | new_swaps: 6 | total: 6) -> {'max_bond': 64, 'max_links': 4, 'total_elems': 52840, 'total_shapes': 1480, 'total_links': 222, 'num_tensors': 56}
2026-08-25 05:08:33,402 [INFO]     [1 | both | 1](candidate_pairs: 27/27 | new_swaps: 4 | total: 10) -> {'max_bond': 64, 'max_links': 4, 'total_elems': 47880, 'total_shapes': 1408, 'total_links': 222, 'num_tensors': 56}
2026-08-25 05:08:33,506 [INFO]     [1 | left | 0](candidate_pairs: 28/28 | new_swaps: 2 | total: 12) -> {'max_bond': 64, 'max_links': 4, 'total_elems': 46368, 'total_shapes': 1380, 'total_links': 222, 'num_tensors': 56}
2026-08-25 05:08:33,599 [INFO]     [1 | left | 1](candidate_pairs: 27/27 | new_swaps: 1 | total: 13) -> {'max_bond': 64, 'max_links': 4, 'total_elems': 45996, 'total_shapes': 1370, 'total_links': 222, 'num_tensors': 56}
2026-08-25 05:08:33,705 [INFO]     [1 | right | 0](candidate_pairs: 28/28 | new_swaps: 3 | total: 16) -> {'max_bond': 64, 'max_links': 4, 'total_elems': 45360, 'total_shapes': 1340, 'total_links': 222, 'num_tensors': 56}
2026-08-25 05:08:33,805 [INFO]     [1 | right | 1](candidate_pairs: 27/27 | new_swaps: 3 | total: 19) -> {'max_bond': 64, 'max_links': 4, 'total_elems': 43880, 'total_shapes': 1312, 'total_links': 222, 'num_tensors': 56}
2026-08-25 05:08:33,999 [INFO]     [2 | both | 0](candidate_pairs: 28/28 | new_swaps: 5 | total: 5) -> {'max_bond': 64, 'max_links': 4, 'total_elems': 40536, 'total_shapes': 1248, 'total_links': 222, 'num_tensors': 56}
2026-08-25 05:08:34,184 [INFO]     [2 | both | 1](candidate_pairs: 27/27 | new_swaps: 3 | total: 8) -> {'max_bond': 64, 'max_links': 4, 'total_elems': 37292, 'total_shapes': 1186, 'total_links': 222, 'num_tensors': 56}
2026-08-25 05:08:34,266 [INFO]     [2 | left | 0](candidate_pairs: 28/28 | new_swaps: 2 | total: 10) -> {'max_bond': 64, 'max_links': 4, 'total_elems': 32540, 'total_shapes': 1126, 'total_links': 222, 'num_tensors': 56}
2026-08-25 05:08:34,354 [INFO]     [2 | left | 1](candidate_pairs: 27/27 | new_swaps: 2 | total: 12) -> {'max_bond': 64, 'max_links': 4, 'total_elems': 30812, 'total_shapes': 1088, 'total_links': 222, 'num_tensors': 56}
2026-08-25 05:08:34,429 [INFO]     [2 | right | 0](candidate_pairs: 28/28 | new_swaps: 1 | total: 13) -> {'max_bond': 64, 'max_links': 4, 'total_elems': 30676, 'total_shapes': 1080, 'total_links': 222, 'num_tensors': 56}
2026-08-25 05:08:34,502 [INFO]     [2 | right | 1](candidate_pairs: 27/27 | new_swaps: 2 | total: 15) -> {'max_bond': 64, 'max_links': 4, 'total_elems': 29652, 'total_shapes': 1056, 'total_links': 222, 'num_tensors': 56}
2026-08-25 05:08:34,646 [INFO]     [3 | both | 0](candidate_pairs: 28/28 | new_swaps: 1 | total: 1) -> {'max_bond': 64, 'max_links': 4, 'total_elems': 29140, 'total_shapes': 1040, 'total_links': 222, 'num_tensors': 56}
2026-08-25 05:08:34,743 [INFO]     [3 | both | 1](candidate_pairs: 27/27 | new_swaps: 0 | total: 1) -> {'max_bond': 64, 'max_links': 4, 'total_elems': 29140, 'total_shapes': 1040, 'total_links': 222, 'num_tensors': 56}
2026-08-25 05:08:34,789 [INFO]     [3 | left | 0](candidate_pairs: 28/28 | new_swaps: 0 | total: 1) -> {'max_bond': 64, 'max_links': 4, 'total_elems': 29140, 'total_shapes': 1040, 'total_links': 222, 'num_tensors': 56}
2026-08-25 05:08:34,862 [INFO]     [3 | left | 1](candidate_pairs: 27/27 | new_swaps: 1 | total: 2) -> {'max_bond': 64, 'max_links': 4, 'total_elems': 28884, 'total_shapes': 1032, 'total_links': 222, 'num_tensors': 56}
2026-08-25 05:08:34,934 [INFO]     [3 | right | 0](candidate_pairs: 28/28 | new_swaps: 1 | total: 3) -> {'max_bond': 64, 'max_links': 4, 'total_elems': 28692, 'total_shapes': 1024, 'total_links': 222, 'num_tensors': 56}
2026-08-25 05:08:34,979 [INFO]     [3 | right | 1](candidate_pairs: 27/27 | new_swaps: 0 | total: 3) -> {'max_bond': 64, 'max_links': 4, 'total_elems': 28692, 'total_shapes': 1024, 'total_links': 222, 'num_tensors': 56}
2026-08-25 05:08:35,121 [INFO]     [4 | both | 0](candidate_pairs: 28/28 | new_swaps: 1 | total: 1) -> {'max_bond': 64, 'max_links': 4, 'total_elems': 28500, 'total_shapes': 1016, 'total_links': 222, 'num_tensors': 56}
2026-08-25 05:08:35,217 [INFO]     [4 | both | 1](candidate_pairs: 27/27 | new_swaps: 0 | total: 1) -> {'max_bond': 64, 'max_links': 4, 'total_elems': 28500, 'total_shapes': 1016, 'total_links': 222, 'num_tensors': 56}
2026-08-25 05:08:35,262 [INFO]     [4 | left | 0](candidate_pairs: 28/28 | new_swaps: 0 | total: 1) -> {'max_bond': 64, 'max_links': 4, 'total_elems': 28500, 'total_shapes': 1016, 'total_links': 222, 'num_tensors': 56}
2026-08-25 05:08:35,335 [INFO]     [4 | left | 1](candidate_pairs: 27/27 | new_swaps: 1 | total: 2) -> {'max_bond': 64, 'max_links': 4, 'total_elems': 28308, 'total_shapes': 1008, 'total_links': 222, 'num_tensors': 56}
2026-08-25 05:08:35,381 [INFO]     [4 | right | 0](candidate_pairs: 28/28 | new_swaps: 0 | total: 2) -> {'max_bond': 64, 'max_links': 4, 'total_elems': 28308, 'total_shapes': 1008, 'total_links': 222, 'num_tensors': 56}
2026-08-25 05:08:35,426 [INFO]     [4 | right | 1](candidate_pairs: 27/27 | new_swaps: 0 | total: 2) -> {'max_bond': 64, 'max_links': 4, 'total_elems': 28308, 'total_shapes': 1008, 'total_links': 222, 'num_tensors': 56}
2026-08-25 05:08:35,516 [INFO]     [5 | both | 0](candidate_pairs: 28/28 | new_swaps: 0 | total: 0) -> {'max_bond': 64, 'max_links': 4, 'total_elems': 28308, 'total_shapes': 1008, 'total_links': 222, 'num_tensors': 56}
2026-08-25 05:08:35,613 [INFO]     [5 | both | 1](candidate_pairs: 27/27 | new_swaps: 0 | total: 0) -> {'max_bond': 64, 'max_links': 4, 'total_elems': 28308, 'total_shapes': 1008, 'total_links': 222, 'num_tensors': 56}
2026-08-25 05:08:35,658 [INFO]     [5 | left | 0](candidate_pairs: 28/28 | new_swaps: 0 | total: 0) -> {'max_bond': 64, 'max_links': 4, 'total_elems': 28308, 'total_shapes': 1008, 'total_links': 222, 'num_tensors': 56}
2026-08-25 05:08:35,705 [INFO]     [5 | left | 1](candidate_pairs: 27/27 | new_swaps: 0 | total: 0) -> {'max_bond': 64, 'max_links': 4, 'total_elems': 28308, 'total_shapes': 1008, 'total_links': 222, 'num_tensors': 56}
2026-08-25 05:08:35,750 [INFO]     [5 | right | 0](candidate_pairs: 28/28 | new_swaps: 0 | total: 0) -> {'max_bond': 64, 'max_links': 4, 'total_elems': 28308, 'total_shapes': 1008, 'total_links': 222, 'num_tensors': 56}
2026-08-25 05:08:35,795 [INFO]     [5 | right | 1](candidate_pairs: 27/27 | new_swaps: 0 | total: 0) -> {'max_bond': 64, 'max_links': 4, 'total_elems': 28308, 'total_shapes': 1008, 'total_links': 222, 'num_tensors': 56}
2026-08-25 05:08:35,796 [INFO]     [end unswap] -> {'max_bond': 64, 'max_links': 4, 'total_elems': 28308, 'total_shapes': 1008, 'total_links': 222, 'num_tensors': 56}
2026-08-25 05:08:37,659 [INFO] [start rewire](phase=post_unswap, cycle=25, side=left, layers=1393, trials=20, seed=123, parallel=False, route_candidates=1, route_score=none)
2026-08-25 05:08:39,815 [INFO] [end rewire](phase=post_unswap, cycle=25, side=left, routed_layers=1485, elapsed_s=2.16)
2026-08-25 05:08:39,815 [INFO] [start rewire](phase=post_unswap, cycle=25, side=right, layers=1596, trials=20, seed=123, parallel=False, route_candidates=1, route_score=none)
2026-08-25 05:08:41,679 [INFO] [end rewire](phase=post_unswap, cycle=25, side=right, routed_layers=1541, elapsed_s=1.86)
2026-08-25 05:08:41,914 [INFO] [1L/1483](swap: 9, u: 0 | c_u: 0 | t_u_l: 36/942 | t_u_r: 72/943 | t_u: 108/1885) -> {'max_bond': 64, 'max_links': 4, 'total_elems': 28308, 'total_shapes': 1008, 'total_links': 222, 'num_tensors': 56}
2026-08-25 05:08:42,043 [INFO] [1R/1539](swap: 11, u: 0 | c_u: 0 | t_u_l: 36/942 | t_u_r: 72/943 | t_u: 108/1885) -> {'max_bond': 64, 'max_links': 4, 'total_elems': 29840, 'total_shapes': 1102, 'total_links': 222, 'num_tensors': 56}
2026-08-25 05:08:42,174 [INFO] [2L/1483](swap: 8, u: 0 | c_u: 0 | t_u_l: 36/942 | t_u_r: 72/943 | t_u: 108/1885) -> {'max_bond': 64, 'max_links': 4, 'total_elems': 33012, 'total_shapes': 1188, 'total_links': 222, 'num_tensors': 56}
2026-08-25 05:08:42,309 [INFO] [2R/1539](swap: 10, u: 0 | c_u: 0 | t_u_l: 36/942 | t_u_r: 72/943 | t_u: 108/1885) -> {'max_bond': 64, 'max_links': 4, 'total_elems': 38996, 'total_shapes': 1404, 'total_links': 222, 'num_tensors': 56}
2026-08-25 05:08:42,450 [INFO] [3R/1539](swap: 8, u: 0 | c_u: 0 | t_u_l: 36/942 | t_u_r: 72/943 | t_u: 108/1885) -> {'max_bond': 64, 'max_links': 4, 'total_elems': 55508, 'total_shapes': 1692, 'total_links': 222, 'num_tensors': 56}
2026-08-25 05:08:42,612 [INFO] [3L/1483](swap: 8, u: 0 | c_u: 0 | t_u_l: 36/942 | t_u_r: 72/943 | t_u: 108/1885) -> {'max_bond': 64, 'max_links': 4, 'total_elems': 68868, 'total_shapes': 1828, 'total_links': 222, 'num_tensors': 56}
2026-08-25 05:08:42,776 [INFO] [4L/1483](swap: 5, u: 0 | c_u: 0 | t_u_l: 36/942 | t_u_r: 72/943 | t_u: 108/1885) -> {'max_bond': 64, 'max_links': 4, 'total_elems': 77644, 'total_shapes': 1952, 'total_links': 222, 'num_tensors': 56}
2026-08-25 05:08:42,954 [INFO] [5L/1483](swap: 6, u: 0 | c_u: 0 | t_u_l: 36/942 | t_u_r: 72/943 | t_u: 108/1885) -> {'max_bond': 64, 'max_links': 4, 'total_elems': 87208, 'total_shapes': 2098, 'total_links': 222, 'num_tensors': 56}
2026-08-25 05:08:43,142 [INFO] [6L/1483](swap: 7, u: 0 | c_u: 0 | t_u_l: 36/942 | t_u_r: 72/943 | t_u: 108/1885) -> {'max_bond': 64, 'max_links': 4, 'total_elems': 110472, 'total_shapes': 2272, 'total_links': 222, 'num_tensors': 56}
2026-08-25 05:08:43,376 [INFO] [7L/1483](swap: 6, u: 0 | c_u: 0 | t_u_l: 36/942 | t_u_r: 72/943 | t_u: 108/1885) -> {'max_bond': 128, 'max_links': 4, 'total_elems': 189288, 'total_shapes': 2760, 'total_links': 222, 'num_tensors': 56}
2026-08-25 05:08:43,754 [INFO] [8L/1483](swap: 7, u: 0 | c_u: 0 | t_u_l: 36/942 | t_u_r: 72/943 | t_u: 108/1885) -> {'max_bond': 128, 'max_links': 4, 'total_elems': 323944, 'total_shapes': 3216, 'total_links': 222, 'num_tensors': 56}
2026-08-25 05:08:44,331 [INFO]     [start unswap] -> {'max_bond': 128, 'max_links': 4, 'total_elems': 323944, 'total_shapes': 3216, 'total_links': 222, 'num_tensors': 56}
2026-08-25 05:08:46,005 [INFO]     [0 | both | 0](candidate_pairs: 28/28 | new_swaps: 11 | total: 11) -> {'max_bond': 128, 'max_links': 4, 'total_elems': 354408, 'total_shapes': 3080, 'total_links': 222, 'num_tensors': 56}
2026-08-25 05:08:47,254 [INFO]     [0 | both | 1](candidate_pairs: 27/27 | new_swaps: 11 | total: 22) -> {'max_bond': 128, 'max_links': 4, 'total_elems': 337272, 'total_shapes': 2828, 'total_links': 222, 'num_tensors': 56}
2026-08-25 05:08:47,889 [INFO]     [0 | left | 0](candidate_pairs: 28/28 | new_swaps: 10 | total: 32) -> {'max_bond': 128, 'max_links': 4, 'total_elems': 196920, 'total_shapes': 2334, 'total_links': 222, 'num_tensors': 56}
2026-08-25 05:08:48,267 [INFO]     [0 | left | 1](candidate_pairs: 27/27 | new_swaps: 9 | total: 41) -> {'max_bond': 128, 'max_links': 4, 'total_elems': 116508, 'total_shapes': 1852, 'total_links': 222, 'num_tensors': 56}
2026-08-25 05:08:48,454 [INFO]     [0 | right | 0](candidate_pairs: 28/28 | new_swaps: 2 | total: 43) -> {'max_bond': 128, 'max_links': 4, 'total_elems': 116372, 'total_shapes': 1842, 'total_links': 222, 'num_tensors': 56}
2026-08-25 05:08:48,672 [INFO]     [0 | right | 1](candidate_pairs: 27/27 | new_swaps: 6 | total: 49) -> {'max_bond': 128, 'max_links': 4, 'total_elems': 114452, 'total_shapes': 1770, 'total_links': 222, 'num_tensors': 56}
2026-08-25 05:08:49,046 [INFO]     [1 | both | 0](candidate_pairs: 28/28 | new_swaps: 6 | total: 6) -> {'max_bond': 64, 'max_links': 4, 'total_elems': 58572, 'total_shapes': 1464, 'total_links': 222, 'num_tensors': 56}
2026-08-25 05:08:49,277 [INFO]     [1 | both | 1](candidate_pairs: 27/27 | new_swaps: 7 | total: 13) -> {'max_bond': 64, 'max_links': 4, 'total_elems': 46400, 'total_shapes': 1326, 'total_links': 222, 'num_tensors': 56}
2026-08-25 05:08:49,395 [INFO]     [1 | left | 0](candidate_pairs: 28/28 | new_swaps: 3 | total: 16) -> {'max_bond': 64, 'max_links': 4, 'total_elems': 41984, 'total_shapes': 1278, 'total_links': 222, 'num_tensors': 56}
2026-08-25 05:08:49,500 [INFO]     [1 | left | 1](candidate_pairs: 27/27 | new_swaps: 4 | total: 20) -> {'max_bond': 64, 'max_links': 4, 'total_elems': 35680, 'total_shapes': 1186, 'total_links': 222, 'num_tensors': 56}
2026-08-25 05:08:49,600 [INFO]     [1 | right | 0](candidate_pairs: 28/28 | new_swaps: 4 | total: 24) -> {'max_bond': 64, 'max_links': 4, 'total_elems': 33772, 'total_shapes': 1128, 'total_links': 222, 'num_tensors': 56}
2026-08-25 05:08:49,697 [INFO]     [1 | right | 1](candidate_pairs: 27/27 | new_swaps: 2 | total: 26) -> {'max_bond': 32, 'max_links': 4, 'total_elems': 22480, 'total_shapes': 1030, 'total_links': 222, 'num_tensors': 56}
2026-08-25 05:08:49,848 [INFO]     [2 | both | 0](candidate_pairs: 28/28 | new_swaps: 7 | total: 7) -> {'max_bond': 32, 'max_links': 4, 'total_elems': 17736, 'total_shapes': 950, 'total_links': 222, 'num_tensors': 56}
2026-08-25 05:08:49,982 [INFO]     [2 | both | 1](candidate_pairs: 27/27 | new_swaps: 2 | total: 9) -> {'max_bond': 32, 'max_links': 4, 'total_elems': 17176, 'total_shapes': 930, 'total_links': 222, 'num_tensors': 56}
2026-08-25 05:08:50,042 [INFO]     [2 | left | 0](candidate_pairs: 28/28 | new_swaps: 1 | total: 10) -> {'max_bond': 32, 'max_links': 4, 'total_elems': 17120, 'total_shapes': 926, 'total_links': 222, 'num_tensors': 56}
2026-08-25 05:08:50,080 [INFO]     [2 | left | 1](candidate_pairs: 27/27 | new_swaps: 0 | total: 10) -> {'max_bond': 32, 'max_links': 4, 'total_elems': 17120, 'total_shapes': 926, 'total_links': 222, 'num_tensors': 56}
2026-08-25 05:08:50,116 [INFO]     [2 | right | 0](candidate_pairs: 28/28 | new_swaps: 0 | total: 10) -> {'max_bond': 32, 'max_links': 4, 'total_elems': 17120, 'total_shapes': 926, 'total_links': 222, 'num_tensors': 56}
2026-08-25 05:08:50,154 [INFO]     [2 | right | 1](candidate_pairs: 27/27 | new_swaps: 0 | total: 10) -> {'max_bond': 32, 'max_links': 4, 'total_elems': 17120, 'total_shapes': 926, 'total_links': 222, 'num_tensors': 56}
2026-08-25 05:08:50,273 [INFO]     [3 | both | 0](candidate_pairs: 28/28 | new_swaps: 1 | total: 1) -> {'max_bond': 32, 'max_links': 4, 'total_elems': 16928, 'total_shapes': 918, 'total_links': 222, 'num_tensors': 56}
2026-08-25 05:08:50,348 [INFO]     [3 | both | 1](candidate_pairs: 27/27 | new_swaps: 0 | total: 1) -> {'max_bond': 32, 'max_links': 4, 'total_elems': 16928, 'total_shapes': 918, 'total_links': 222, 'num_tensors': 56}
2026-08-25 05:08:50,384 [INFO]     [3 | left | 0](candidate_pairs: 28/28 | new_swaps: 0 | total: 1) -> {'max_bond': 32, 'max_links': 4, 'total_elems': 16928, 'total_shapes': 918, 'total_links': 222, 'num_tensors': 56}
2026-08-25 05:08:50,422 [INFO]     [3 | left | 1](candidate_pairs: 27/27 | new_swaps: 0 | total: 1) -> {'max_bond': 32, 'max_links': 4, 'total_elems': 16928, 'total_shapes': 918, 'total_links': 222, 'num_tensors': 56}
2026-08-25 05:08:50,457 [INFO]     [3 | right | 0](candidate_pairs: 28/28 | new_swaps: 0 | total: 1) -> {'max_bond': 32, 'max_links': 4, 'total_elems': 16928, 'total_shapes': 918, 'total_links': 222, 'num_tensors': 56}
2026-08-25 05:08:50,494 [INFO]     [3 | right | 1](candidate_pairs: 27/27 | new_swaps: 0 | total: 1) -> {'max_bond': 32, 'max_links': 4, 'total_elems': 16928, 'total_shapes': 918, 'total_links': 222, 'num_tensors': 56}
2026-08-25 05:08:50,567 [INFO]     [4 | both | 0](candidate_pairs: 28/28 | new_swaps: 0 | total: 0) -> {'max_bond': 32, 'max_links': 4, 'total_elems': 16928, 'total_shapes': 918, 'total_links': 222, 'num_tensors': 56}
2026-08-25 05:08:50,642 [INFO]     [4 | both | 1](candidate_pairs: 27/27 | new_swaps: 0 | total: 0) -> {'max_bond': 32, 'max_links': 4, 'total_elems': 16928, 'total_shapes': 918, 'total_links': 222, 'num_tensors': 56}
2026-08-25 05:08:50,678 [INFO]     [4 | left | 0](candidate_pairs: 28/28 | new_swaps: 0 | total: 0) -> {'max_bond': 32, 'max_links': 4, 'total_elems': 16928, 'total_shapes': 918, 'total_links': 222, 'num_tensors': 56}
2026-08-25 05:08:50,715 [INFO]     [4 | left | 1](candidate_pairs: 27/27 | new_swaps: 0 | total: 0) -> {'max_bond': 32, 'max_links': 4, 'total_elems': 16928, 'total_shapes': 918, 'total_links': 222, 'num_tensors': 56}
2026-08-25 05:08:50,751 [INFO]     [4 | right | 0](candidate_pairs: 28/28 | new_swaps: 0 | total: 0) -> {'max_bond': 32, 'max_links': 4, 'total_elems': 16928, 'total_shapes': 918, 'total_links': 222, 'num_tensors': 56}
2026-08-25 05:08:50,788 [INFO]     [4 | right | 1](candidate_pairs: 27/27 | new_swaps: 0 | total: 0) -> {'max_bond': 32, 'max_links': 4, 'total_elems': 16928, 'total_shapes': 918, 'total_links': 222, 'num_tensors': 56}
2026-08-25 05:08:50,789 [INFO]     [end unswap] -> {'max_bond': 32, 'max_links': 4, 'total_elems': 16928, 'total_shapes': 918, 'total_links': 222, 'num_tensors': 56}
2026-08-25 05:08:52,416 [INFO] [start rewire](phase=post_unswap, cycle=26, side=left, layers=1477, trials=20, seed=123, parallel=False, route_candidates=1, route_score=none)
2026-08-25 05:08:54,059 [INFO] [end rewire](phase=post_unswap, cycle=26, side=left, routed_layers=1296, elapsed_s=1.64)
2026-08-25 05:08:54,059 [INFO] [start rewire](phase=post_unswap, cycle=26, side=right, layers=1538, trials=20, seed=123, parallel=False, route_candidates=1, route_score=none)
2026-08-25 05:08:55,858 [INFO] [end rewire](phase=post_unswap, cycle=26, side=right, routed_layers=1506, elapsed_s=1.80)
2026-08-25 05:08:56,089 [INFO] [1L/1294](swap: 11, u: 0 | c_u: 0 | t_u_l: 36/942 | t_u_r: 72/943 | t_u: 108/1885) -> {'max_bond': 32, 'max_links': 4, 'total_elems': 16928, 'total_shapes': 918, 'total_links': 222, 'num_tensors': 56}
2026-08-25 05:08:56,217 [INFO] [1R/1504](swap: 10, u: 0 | c_u: 0 | t_u_l: 36/942 | t_u_r: 72/943 | t_u: 108/1885) -> {'max_bond': 32, 'max_links': 4, 'total_elems': 21576, 'total_shapes': 1022, 'total_links': 222, 'num_tensors': 56}
2026-08-25 05:08:56,348 [INFO] [2L/1294](swap: 8, u: 0 | c_u: 0 | t_u_l: 36/942 | t_u_r: 72/943 | t_u: 108/1885) -> {'max_bond': 64, 'max_links': 4, 'total_elems': 29296, 'total_shapes': 1196, 'total_links': 222, 'num_tensors': 56}
2026-08-25 05:08:56,487 [INFO] [3L/1294](swap: 6, u: 0 | c_u: 0 | t_u_l: 36/942 | t_u_r: 72/943 | t_u: 108/1885) -> {'max_bond': 64, 'max_links': 4, 'total_elems': 32560, 'total_shapes': 1312, 'total_links': 222, 'num_tensors': 56}
2026-08-25 05:08:56,627 [INFO] [4L/1294](swap: 6, u: 0 | c_u: 0 | t_u_l: 36/942 | t_u_r: 72/943 | t_u: 108/1885) -> {'max_bond': 64, 'max_links': 4, 'total_elems': 41584, 'total_shapes': 1456, 'total_links': 222, 'num_tensors': 56}
2026-08-25 05:08:56,779 [INFO] [2R/1504](swap: 9, u: 0 | c_u: 0 | t_u_l: 36/942 | t_u_r: 72/943 | t_u: 108/1885) -> {'max_bond': 64, 'max_links': 4, 'total_elems': 65488, 'total_shapes': 1704, 'total_links': 222, 'num_tensors': 56}
2026-08-25 05:08:56,952 [INFO] [3R/1504](swap: 8, u: 0 | c_u: 0 | t_u_l: 36/942 | t_u_r: 72/943 | t_u: 108/1885) -> {'max_bond': 64, 'max_links': 4, 'total_elems': 77960, 'total_shapes': 1890, 'total_links': 222, 'num_tensors': 56}
2026-08-25 05:08:57,149 [INFO] [4R/1504](swap: 8, u: 0 | c_u: 0 | t_u_l: 36/942 | t_u_r: 72/943 | t_u: 108/1885) -> {'max_bond': 64, 'max_links': 4, 'total_elems': 103208, 'total_shapes': 2208, 'total_links': 222, 'num_tensors': 56}
2026-08-25 05:08:57,387 [INFO] [5L/1294](swap: 4, u: 0 | c_u: 0 | t_u_l: 36/942 | t_u_r: 72/943 | t_u: 108/1885) -> {'max_bond': 128, 'max_links': 4, 'total_elems': 137640, 'total_shapes': 2502, 'total_links': 222, 'num_tensors': 56}
2026-08-25 05:08:57,640 [INFO] [6L/1294](swap: 5, u: 0 | c_u: 0 | t_u_l: 36/942 | t_u_r: 72/943 | t_u: 108/1885) -> {'max_bond': 128, 'max_links': 4, 'total_elems': 187816, 'total_shapes': 2882, 'total_links': 222, 'num_tensors': 56}
2026-08-25 05:08:58,012 [INFO] [7L/1294](swap: 4, u: 0 | c_u: 0 | t_u_l: 36/942 | t_u_r: 72/943 | t_u: 108/1885) -> {'max_bond': 128, 'max_links': 4, 'total_elems': 315304, 'total_shapes': 3300, 'total_links': 222, 'num_tensors': 56}
2026-08-25 05:08:58,568 [INFO]     [start unswap] -> {'max_bond': 128, 'max_links': 4, 'total_elems': 315304, 'total_shapes': 3300, 'total_links': 222, 'num_tensors': 56}
2026-08-25 05:09:01,934 [INFO]     [0 | both | 0](candidate_pairs: 28/28 | new_swaps: 4 | total: 4) -> {'max_bond': 254, 'max_links': 4, 'total_elems': 495992, 'total_shapes': 3730, 'total_links': 222, 'num_tensors': 56}
2026-08-25 05:09:03,229 [INFO]     [0 | both | 1](candidate_pairs: 27/27 | new_swaps: 11 | total: 15) -> {'max_bond': 126, 'max_links': 4, 'total_elems': 189392, 'total_shapes': 2596, 'total_links': 222, 'num_tensors': 56}
2026-08-25 05:09:03,577 [INFO]     [0 | left | 0](candidate_pairs: 28/28 | new_swaps: 12 | total: 27) -> {'max_bond': 64, 'max_links': 4, 'total_elems': 94864, 'total_shapes': 2032, 'total_links': 222, 'num_tensors': 56}
2026-08-25 05:09:03,763 [INFO]     [0 | left | 1](candidate_pairs: 27/27 | new_swaps: 17 | total: 44) -> {'max_bond': 64, 'max_links': 4, 'total_elems': 57240, 'total_shapes': 1616, 'total_links': 222, 'num_tensors': 56}
2026-08-25 05:09:03,889 [INFO]     [0 | right | 0](candidate_pairs: 28/28 | new_swaps: 9 | total: 53) -> {'max_bond': 64, 'max_links': 4, 'total_elems': 52560, 'total_shapes': 1502, 'total_links': 222, 'num_tensors': 56}
2026-08-25 05:09:04,021 [INFO]     [0 | right | 1](candidate_pairs: 27/27 | new_swaps: 9 | total: 62) -> {'max_bond': 32, 'max_links': 4, 'total_elems': 31136, 'total_shapes': 1272, 'total_links': 222, 'num_tensors': 56}
2026-08-25 05:09:04,174 [INFO]     [1 | both | 0](candidate_pairs: 28/28 | new_swaps: 6 | total: 6) -> {'max_bond': 32, 'max_links': 4, 'total_elems': 24768, 'total_shapes': 1106, 'total_links': 222, 'num_tensors': 56}
2026-08-25 05:09:04,268 [INFO]     [1 | both | 1](candidate_pairs: 27/27 | new_swaps: 0 | total: 6) -> {'max_bond': 32, 'max_links': 4, 'total_elems': 24768, 'total_shapes': 1106, 'total_links': 222, 'num_tensors': 56}
2026-08-25 05:09:04,349 [INFO]     [1 | left | 0](candidate_pairs: 28/28 | new_swaps: 4 | total: 10) -> {'max_bond': 32, 'max_links': 4, 'total_elems': 23168, 'total_shapes': 1066, 'total_links': 222, 'num_tensors': 56}
2026-08-25 05:09:04,415 [INFO]     [1 | left | 1](candidate_pairs: 27/27 | new_swaps: 1 | total: 11) -> {'max_bond': 32, 'max_links': 4, 'total_elems': 22848, 'total_shapes': 1058, 'total_links': 222, 'num_tensors': 56}
2026-08-25 05:09:04,491 [INFO]     [1 | right | 0](candidate_pairs: 28/28 | new_swaps: 3 | total: 14) -> {'max_bond': 32, 'max_links': 4, 'total_elems': 21936, 'total_shapes': 1030, 'total_links': 222, 'num_tensors': 56}
2026-08-25 05:09:04,565 [INFO]     [1 | right | 1](candidate_pairs: 27/27 | new_swaps: 2 | total: 16) -> {'max_bond': 32, 'max_links': 4, 'total_elems': 21456, 'total_shapes': 1006, 'total_links': 222, 'num_tensors': 56}
2026-08-25 05:09:04,706 [INFO]     [2 | both | 0](candidate_pairs: 28/28 | new_swaps: 3 | total: 3) -> {'max_bond': 32, 'max_links': 4, 'total_elems': 20624, 'total_shapes': 974, 'total_links': 222, 'num_tensors': 56}
2026-08-25 05:09:04,847 [INFO]     [2 | both | 1](candidate_pairs: 27/27 | new_swaps: 3 | total: 6) -> {'max_bond': 32, 'max_links': 4, 'total_elems': 19152, 'total_shapes': 930, 'total_links': 222, 'num_tensors': 56}
2026-08-25 05:09:04,884 [INFO]     [2 | left | 0](candidate_pairs: 28/28 | new_swaps: 0 | total: 6) -> {'max_bond': 32, 'max_links': 4, 'total_elems': 19152, 'total_shapes': 930, 'total_links': 222, 'num_tensors': 56}
2026-08-25 05:09:04,923 [INFO]     [2 | left | 1](candidate_pairs: 27/27 | new_swaps: 0 | total: 6) -> {'max_bond': 32, 'max_links': 4, 'total_elems': 19152, 'total_shapes': 930, 'total_links': 222, 'num_tensors': 56}
2026-08-25 05:09:04,982 [INFO]     [2 | right | 0](candidate_pairs: 28/28 | new_swaps: 1 | total: 7) -> {'max_bond': 32, 'max_links': 4, 'total_elems': 18384, 'total_shapes': 914, 'total_links': 222, 'num_tensors': 56}
2026-08-25 05:09:05,043 [INFO]     [2 | right | 1](candidate_pairs: 27/27 | new_swaps: 1 | total: 8) -> {'max_bond': 32, 'max_links': 4, 'total_elems': 18128, 'total_shapes': 906, 'total_links': 222, 'num_tensors': 56}
2026-08-25 05:09:05,115 [INFO]     [3 | both | 0](candidate_pairs: 28/28 | new_swaps: 0 | total: 0) -> {'max_bond': 32, 'max_links': 4, 'total_elems': 18128, 'total_shapes': 906, 'total_links': 222, 'num_tensors': 56}
2026-08-25 05:09:05,192 [INFO]     [3 | both | 1](candidate_pairs: 27/27 | new_swaps: 0 | total: 0) -> {'max_bond': 32, 'max_links': 4, 'total_elems': 18128, 'total_shapes': 906, 'total_links': 222, 'num_tensors': 56}
2026-08-25 05:09:05,228 [INFO]     [3 | left | 0](candidate_pairs: 28/28 | new_swaps: 0 | total: 0) -> {'max_bond': 32, 'max_links': 4, 'total_elems': 18128, 'total_shapes': 906, 'total_links': 222, 'num_tensors': 56}
2026-08-25 05:09:05,266 [INFO]     [3 | left | 1](candidate_pairs: 27/27 | new_swaps: 0 | total: 0) -> {'max_bond': 32, 'max_links': 4, 'total_elems': 18128, 'total_shapes': 906, 'total_links': 222, 'num_tensors': 56}
2026-08-25 05:09:05,302 [INFO]     [3 | right | 0](candidate_pairs: 28/28 | new_swaps: 0 | total: 0) -> {'max_bond': 32, 'max_links': 4, 'total_elems': 18128, 'total_shapes': 906, 'total_links': 222, 'num_tensors': 56}
2026-08-25 05:09:05,339 [INFO]     [3 | right | 1](candidate_pairs: 27/27 | new_swaps: 0 | total: 0) -> {'max_bond': 32, 'max_links': 4, 'total_elems': 18128, 'total_shapes': 906, 'total_links': 222, 'num_tensors': 56}
2026-08-25 05:09:05,339 [INFO]     [end unswap] -> {'max_bond': 32, 'max_links': 4, 'total_elems': 18128, 'total_shapes': 906, 'total_links': 222, 'num_tensors': 56}
2026-08-25 05:09:06,692 [INFO] [start rewire](phase=post_unswap, cycle=27, side=left, layers=1289, trials=20, seed=123, parallel=False, route_candidates=1, route_score=none)
2026-08-25 05:09:08,799 [INFO] [end rewire](phase=post_unswap, cycle=27, side=left, routed_layers=1404, elapsed_s=2.11)
2026-08-25 05:09:08,799 [INFO] [start rewire](phase=post_unswap, cycle=27, side=right, layers=1502, trials=20, seed=123, parallel=False, route_candidates=1, route_score=none)
2026-08-25 05:09:10,723 [INFO] [end rewire](phase=post_unswap, cycle=27, side=right, routed_layers=1718, elapsed_s=1.92)
2026-08-25 05:09:10,959 [INFO] [1L/1402](swap: 10, u: 0 | c_u: 0 | t_u_l: 36/942 | t_u_r: 72/943 | t_u: 108/1885) -> {'max_bond': 32, 'max_links': 4, 'total_elems': 18128, 'total_shapes': 906, 'total_links': 222, 'num_tensors': 56}
2026-08-25 05:09:11,086 [INFO] [1R/1716](swap: 10, u: 0 | c_u: 0 | t_u_l: 36/942 | t_u_r: 72/943 | t_u: 108/1885) -> {'max_bond': 32, 'max_links': 4, 'total_elems': 19232, 'total_shapes': 982, 'total_links': 222, 'num_tensors': 56}
2026-08-25 05:09:11,213 [INFO] [2L/1402](swap: 12, u: 0 | c_u: 0 | t_u_l: 36/942 | t_u_r: 72/943 | t_u: 108/1885) -> {'max_bond': 32, 'max_links': 4, 'total_elems': 22056, 'total_shapes': 1070, 'total_links': 222, 'num_tensors': 56}
2026-08-25 05:09:11,345 [INFO] [2R/1716](swap: 8, u: 0 | c_u: 0 | t_u_l: 36/942 | t_u_r: 72/943 | t_u: 108/1885) -> {'max_bond': 32, 'max_links': 4, 'total_elems': 26440, 'total_shapes': 1232, 'total_links': 222, 'num_tensors': 56}
2026-08-25 05:09:11,482 [INFO] [3R/1716](swap: 6, u: 0 | c_u: 0 | t_u_l: 36/942 | t_u_r: 72/943 | t_u: 108/1885) -> {'max_bond': 32, 'max_links': 4, 'total_elems': 36712, 'total_shapes': 1430, 'total_links': 222, 'num_tensors': 56}
2026-08-25 05:09:11,627 [INFO] [4R/1716](swap: 7, u: 0 | c_u: 0 | t_u_l: 36/942 | t_u_r: 72/943 | t_u: 108/1885) -> {'max_bond': 32, 'max_links': 4, 'total_elems': 52600, 'total_shapes': 1644, 'total_links': 222, 'num_tensors': 56}
2026-08-25 05:09:11,792 [INFO] [3L/1402](swap: 12, u: 0 | c_u: 0 | t_u_l: 36/942 | t_u_r: 72/943 | t_u: 108/1885) -> {'max_bond': 64, 'max_links': 4, 'total_elems': 74148, 'total_shapes': 1934, 'total_links': 222, 'num_tensors': 56}
2026-08-25 05:09:11,996 [INFO] [4L/1402](swap: 11, u: 0 | c_u: 0 | t_u_l: 36/942 | t_u_r: 72/943 | t_u: 108/1885) -> {'max_bond': 69, 'max_links': 4, 'total_elems': 122120, 'total_shapes': 2380, 'total_links': 222, 'num_tensors': 56}
2026-08-25 05:09:12,260 [INFO] [5R/1716](swap: 7, u: 0 | c_u: 0 | t_u_l: 36/942 | t_u_r: 72/943 | t_u: 108/1885) -> {'max_bond': 66, 'max_links': 4, 'total_elems': 195360, 'total_shapes': 2802, 'total_links': 222, 'num_tensors': 56}
2026-08-25 05:09:12,689 [INFO] [6R/1716](swap: 8, u: 0 | c_u: 0 | t_u_l: 36/942 | t_u_r: 72/943 | t_u: 108/1885) -> {'max_bond': 128, 'max_links': 4, 'total_elems': 322592, 'total_shapes': 3454, 'total_links': 222, 'num_tensors': 56}
2026-08-25 05:09:13,365 [INFO]     [start unswap] -> {'max_bond': 128, 'max_links': 4, 'total_elems': 322592, 'total_shapes': 3454, 'total_links': 222, 'num_tensors': 56}
2026-08-25 05:09:15,683 [INFO]     [0 | both | 0](candidate_pairs: 28/28 | new_swaps: 4 | total: 4) -> {'max_bond': 252, 'max_links': 4, 'total_elems': 551840, 'total_shapes': 4220, 'total_links': 222, 'num_tensors': 56}
2026-08-25 05:09:17,742 [INFO]     [0 | both | 1](candidate_pairs: 27/27 | new_swaps: 11 | total: 15) -> {'max_bond': 248, 'max_links': 4, 'total_elems': 417632, 'total_shapes': 3436, 'total_links': 222, 'num_tensors': 56}
2026-08-25 05:09:18,425 [INFO]     [0 | left | 0](candidate_pairs: 28/28 | new_swaps: 9 | total: 24) -> {'max_bond': 128, 'max_links': 4, 'total_elems': 192296, 'total_shapes': 2648, 'total_links': 222, 'num_tensors': 56}
2026-08-25 05:09:18,751 [INFO]     [0 | left | 1](candidate_pairs: 27/27 | new_swaps: 14 | total: 38) -> {'max_bond': 64, 'max_links': 4, 'total_elems': 132616, 'total_shapes': 2224, 'total_links': 222, 'num_tensors': 56}
2026-08-25 05:09:18,959 [INFO]     [0 | right | 0](candidate_pairs: 28/28 | new_swaps: 6 | total: 44) -> {'max_bond': 64, 'max_links': 4, 'total_elems': 104328, 'total_shapes': 1948, 'total_links': 222, 'num_tensors': 56}
2026-08-25 05:09:19,158 [INFO]     [0 | right | 1](candidate_pairs: 27/27 | new_swaps: 7 | total: 51) -> {'max_bond': 64, 'max_links': 4, 'total_elems': 65000, 'total_shapes': 1612, 'total_links': 222, 'num_tensors': 56}
2026-08-25 05:09:19,384 [INFO]     [1 | both | 0](candidate_pairs: 28/28 | new_swaps: 7 | total: 7) -> {'max_bond': 64, 'max_links': 4, 'total_elems': 41848, 'total_shapes': 1326, 'total_links': 222, 'num_tensors': 56}
2026-08-25 05:09:19,583 [INFO]     [1 | both | 1](candidate_pairs: 27/27 | new_swaps: 5 | total: 12) -> {'max_bond': 32, 'max_links': 4, 'total_elems': 28152, 'total_shapes': 1178, 'total_links': 222, 'num_tensors': 56}
2026-08-25 05:09:19,667 [INFO]     [1 | left | 0](candidate_pairs: 28/28 | new_swaps: 3 | total: 15) -> {'max_bond': 32, 'max_links': 4, 'total_elems': 25984, 'total_shapes': 1134, 'total_links': 222, 'num_tensors': 56}
2026-08-25 05:09:19,752 [INFO]     [1 | left | 1](candidate_pairs: 27/27 | new_swaps: 5 | total: 20) -> {'max_bond': 32, 'max_links': 4, 'total_elems': 24600, 'total_shapes': 1094, 'total_links': 222, 'num_tensors': 56}
2026-08-25 05:09:19,831 [INFO]     [1 | right | 0](candidate_pairs: 28/28 | new_swaps: 4 | total: 24) -> {'max_bond': 32, 'max_links': 4, 'total_elems': 22204, 'total_shapes': 1036, 'total_links': 222, 'num_tensors': 56}
2026-08-25 05:09:19,909 [INFO]     [1 | right | 1](candidate_pairs: 27/27 | new_swaps: 3 | total: 27) -> {'max_bond': 32, 'max_links': 4, 'total_elems': 20244, 'total_shapes': 992, 'total_links': 222, 'num_tensors': 56}
2026-08-25 05:09:20,038 [INFO]     [2 | both | 0](candidate_pairs: 28/28 | new_swaps: 2 | total: 2) -> {'max_bond': 32, 'max_links': 4, 'total_elems': 20004, 'total_shapes': 980, 'total_links': 222, 'num_tensors': 56}
2026-08-25 05:09:20,179 [INFO]     [2 | both | 1](candidate_pairs: 27/27 | new_swaps: 2 | total: 4) -> {'max_bond': 32, 'max_links': 4, 'total_elems': 19772, 'total_shapes': 968, 'total_links': 222, 'num_tensors': 56}
2026-08-25 05:09:20,254 [INFO]     [2 | left | 0](candidate_pairs: 28/28 | new_swaps: 3 | total: 7) -> {'max_bond': 32, 'max_links': 4, 'total_elems': 16012, 'total_shapes': 914, 'total_links': 222, 'num_tensors': 56}
2026-08-25 05:09:20,311 [INFO]     [2 | left | 1](candidate_pairs: 27/27 | new_swaps: 1 | total: 8) -> {'max_bond': 32, 'max_links': 4, 'total_elems': 15244, 'total_shapes': 898, 'total_links': 222, 'num_tensors': 56}
2026-08-25 05:09:20,380 [INFO]     [2 | right | 0](candidate_pairs: 28/28 | new_swaps: 3 | total: 11) -> {'max_bond': 32, 'max_links': 4, 'total_elems': 14468, 'total_shapes': 868, 'total_links': 222, 'num_tensors': 56}
2026-08-25 05:09:20,434 [INFO]     [2 | right | 1](candidate_pairs: 27/27 | new_swaps: 2 | total: 13) -> {'max_bond': 32, 'max_links': 4, 'total_elems': 13924, 'total_shapes': 848, 'total_links': 222, 'num_tensors': 56}
2026-08-25 05:09:20,547 [INFO]     [3 | both | 0](candidate_pairs: 28/28 | new_swaps: 1 | total: 1) -> {'max_bond': 32, 'max_links': 4, 'total_elems': 13828, 'total_shapes': 840, 'total_links': 222, 'num_tensors': 56}
2026-08-25 05:09:20,610 [INFO]     [3 | both | 1](candidate_pairs: 27/27 | new_swaps: 0 | total: 1) -> {'max_bond': 32, 'max_links': 4, 'total_elems': 13828, 'total_shapes': 840, 'total_links': 222, 'num_tensors': 56}
2026-08-25 05:09:20,668 [INFO]     [3 | left | 0](candidate_pairs: 28/28 | new_swaps: 1 | total: 2) -> {'max_bond': 32, 'max_links': 4, 'total_elems': 13780, 'total_shapes': 836, 'total_links': 222, 'num_tensors': 56}
2026-08-25 05:09:20,700 [INFO]     [3 | left | 1](candidate_pairs: 27/27 | new_swaps: 0 | total: 2) -> {'max_bond': 32, 'max_links': 4, 'total_elems': 13780, 'total_shapes': 836, 'total_links': 222, 'num_tensors': 56}
2026-08-25 05:09:20,734 [INFO]     [3 | right | 0](candidate_pairs: 28/28 | new_swaps: 0 | total: 2) -> {'max_bond': 32, 'max_links': 4, 'total_elems': 13780, 'total_shapes': 836, 'total_links': 222, 'num_tensors': 56}
2026-08-25 05:09:20,765 [INFO]     [3 | right | 1](candidate_pairs: 27/27 | new_swaps: 0 | total: 2) -> {'max_bond': 32, 'max_links': 4, 'total_elems': 13780, 'total_shapes': 836, 'total_links': 222, 'num_tensors': 56}
2026-08-25 05:09:20,833 [INFO]     [4 | both | 0](candidate_pairs: 28/28 | new_swaps: 0 | total: 0) -> {'max_bond': 32, 'max_links': 4, 'total_elems': 13780, 'total_shapes': 836, 'total_links': 222, 'num_tensors': 56}
2026-08-25 05:09:20,897 [INFO]     [4 | both | 1](candidate_pairs: 27/27 | new_swaps: 0 | total: 0) -> {'max_bond': 32, 'max_links': 4, 'total_elems': 13780, 'total_shapes': 836, 'total_links': 222, 'num_tensors': 56}
2026-08-25 05:09:20,932 [INFO]     [4 | left | 0](candidate_pairs: 28/28 | new_swaps: 0 | total: 0) -> {'max_bond': 32, 'max_links': 4, 'total_elems': 13780, 'total_shapes': 836, 'total_links': 222, 'num_tensors': 56}
2026-08-25 05:09:20,964 [INFO]     [4 | left | 1](candidate_pairs: 27/27 | new_swaps: 0 | total: 0) -> {'max_bond': 32, 'max_links': 4, 'total_elems': 13780, 'total_shapes': 836, 'total_links': 222, 'num_tensors': 56}
2026-08-25 05:09:20,998 [INFO]     [4 | right | 0](candidate_pairs: 28/28 | new_swaps: 0 | total: 0) -> {'max_bond': 32, 'max_links': 4, 'total_elems': 13780, 'total_shapes': 836, 'total_links': 222, 'num_tensors': 56}
2026-08-25 05:09:21,030 [INFO]     [4 | right | 1](candidate_pairs: 27/27 | new_swaps: 0 | total: 0) -> {'max_bond': 32, 'max_links': 4, 'total_elems': 13780, 'total_shapes': 836, 'total_links': 222, 'num_tensors': 56}
2026-08-25 05:09:21,030 [INFO]     [end unswap] -> {'max_bond': 32, 'max_links': 4, 'total_elems': 13780, 'total_shapes': 836, 'total_links': 222, 'num_tensors': 56}
2026-08-25 05:09:22,758 [INFO] [start rewire](phase=post_unswap, cycle=28, side=left, layers=1400, trials=20, seed=123, parallel=False, route_candidates=1, route_score=none)
2026-08-25 05:09:24,891 [INFO] [end rewire](phase=post_unswap, cycle=28, side=left, routed_layers=1388, elapsed_s=2.13)
2026-08-25 05:09:24,891 [INFO] [start rewire](phase=post_unswap, cycle=28, side=right, layers=1712, trials=20, seed=123, parallel=False, route_candidates=1, route_score=none)
2026-08-25 05:09:26,837 [INFO] [end rewire](phase=post_unswap, cycle=28, side=right, routed_layers=1729, elapsed_s=1.95)
2026-08-25 05:09:27,075 [INFO] [1L/1386](swap: 11, u: 0 | c_u: 0 | t_u_l: 36/942 | t_u_r: 72/943 | t_u: 108/1885) -> {'max_bond': 32, 'max_links': 4, 'total_elems': 13780, 'total_shapes': 836, 'total_links': 222, 'num_tensors': 56}
2026-08-25 05:09:27,201 [INFO] [1R/1727](swap: 10, u: 0 | c_u: 0 | t_u_l: 36/942 | t_u_r: 72/943 | t_u: 108/1885) -> {'max_bond': 32, 'max_links': 4, 'total_elems': 15744, 'total_shapes': 928, 'total_links': 222, 'num_tensors': 56}
2026-08-25 05:09:27,331 [INFO] [2L/1386](swap: 10, u: 0 | c_u: 0 | t_u_l: 36/942 | t_u_r: 72/943 | t_u: 108/1885) -> {'max_bond': 32, 'max_links': 4, 'total_elems': 18344, 'total_shapes': 1008, 'total_links': 222, 'num_tensors': 56}
2026-08-25 05:09:27,464 [INFO] [3L/1386](swap: 10, u: 0 | c_u: 0 | t_u_l: 36/942 | t_u_r: 72/943 | t_u: 108/1885) -> {'max_bond': 32, 'max_links': 4, 'total_elems': 24588, 'total_shapes': 1174, 'total_links': 222, 'num_tensors': 56}
2026-08-25 05:09:27,603 [INFO] [2R/1727](swap: 10, u: 0 | c_u: 0 | t_u_l: 36/942 | t_u_r: 72/943 | t_u: 108/1885) -> {'max_bond': 64, 'max_links': 4, 'total_elems': 41260, 'total_shapes': 1454, 'total_links': 222, 'num_tensors': 56}
2026-08-25 05:09:27,755 [INFO] [3R/1727](swap: 10, u: 0 | c_u: 0 | t_u_l: 36/942 | t_u_r: 72/943 | t_u: 108/1885) -> {'max_bond': 64, 'max_links': 4, 'total_elems': 56492, 'total_shapes': 1662, 'total_links': 222, 'num_tensors': 56}
2026-08-25 05:09:27,921 [INFO] [4R/1727](swap: 8, u: 0 | c_u: 0 | t_u_l: 36/942 | t_u_r: 72/943 | t_u: 108/1885) -> {'max_bond': 64, 'max_links': 4, 'total_elems': 88460, 'total_shapes': 2120, 'total_links': 222, 'num_tensors': 56}
2026-08-25 05:09:28,138 [INFO] [4L/1386](swap: 12, u: 0 | c_u: 0 | t_u_l: 36/942 | t_u_r: 72/943 | t_u: 108/1885) -> {'max_bond': 64, 'max_links': 4, 'total_elems': 150440, 'total_shapes': 2526, 'total_links': 222, 'num_tensors': 56}
2026-08-25 05:09:28,472 [INFO]     [start unswap] -> {'max_bond': 64, 'max_links': 4, 'total_elems': 150440, 'total_shapes': 2526, 'total_links': 222, 'num_tensors': 56}
2026-08-25 05:09:30,791 [INFO]     [0 | both | 0](candidate_pairs: 28/28 | new_swaps: 4 | total: 4) -> {'max_bond': 256, 'max_links': 4, 'total_elems': 328712, 'total_shapes': 3318, 'total_links': 222, 'num_tensors': 56}
2026-08-25 05:09:31,547 [INFO]     [0 | both | 1](candidate_pairs: 27/27 | new_swaps: 12 | total: 16) -> {'max_bond': 64, 'max_links': 4, 'total_elems': 100408, 'total_shapes': 2118, 'total_links': 222, 'num_tensors': 56}
2026-08-25 05:09:31,743 [INFO]     [0 | left | 0](candidate_pairs: 28/28 | new_swaps: 8 | total: 24) -> {'max_bond': 64, 'max_links': 4, 'total_elems': 60088, 'total_shapes': 1700, 'total_links': 222, 'num_tensors': 56}
2026-08-25 05:09:31,879 [INFO]     [0 | left | 1](candidate_pairs: 27/27 | new_swaps: 11 | total: 35) -> {'max_bond': 32, 'max_links': 4, 'total_elems': 34840, 'total_shapes': 1386, 'total_links': 222, 'num_tensors': 56}
2026-08-25 05:09:31,976 [INFO]     [0 | right | 0](candidate_pairs: 28/28 | new_swaps: 9 | total: 44) -> {'max_bond': 32, 'max_links': 4, 'total_elems': 25240, 'total_shapes': 1190, 'total_links': 222, 'num_tensors': 56}
2026-08-25 05:09:32,059 [INFO]     [0 | right | 1](candidate_pairs: 27/27 | new_swaps: 9 | total: 53) -> {'max_bond': 32, 'max_links': 4, 'total_elems': 22344, 'total_shapes': 1076, 'total_links': 222, 'num_tensors': 56}
2026-08-25 05:09:32,203 [INFO]     [1 | both | 0](candidate_pairs: 28/28 | new_swaps: 5 | total: 5) -> {'max_bond': 32, 'max_links': 4, 'total_elems': 20584, 'total_shapes': 1018, 'total_links': 222, 'num_tensors': 56}
2026-08-25 05:09:32,351 [INFO]     [1 | both | 1](candidate_pairs: 27/27 | new_swaps: 3 | total: 8) -> {'max_bond': 32, 'max_links': 4, 'total_elems': 17192, 'total_shapes': 970, 'total_links': 222, 'num_tensors': 56}
2026-08-25 05:09:32,427 [INFO]     [1 | left | 0](candidate_pairs: 28/28 | new_swaps: 3 | total: 11) -> {'max_bond': 32, 'max_links': 4, 'total_elems': 14000, 'total_shapes': 926, 'total_links': 222, 'num_tensors': 56}
2026-08-25 05:09:32,494 [INFO]     [1 | left | 1](candidate_pairs: 27/27 | new_swaps: 3 | total: 14) -> {'max_bond': 32, 'max_links': 4, 'total_elems': 12680, 'total_shapes': 898, 'total_links': 222, 'num_tensors': 56}
2026-08-25 05:09:32,559 [INFO]     [1 | right | 0](candidate_pairs: 28/28 | new_swaps: 2 | total: 16) -> {'max_bond': 32, 'max_links': 4, 'total_elems': 12428, 'total_shapes': 880, 'total_links': 222, 'num_tensors': 56}
2026-08-25 05:09:32,611 [INFO]     [1 | right | 1](candidate_pairs: 27/27 | new_swaps: 1 | total: 17) -> {'max_bond': 32, 'max_links': 4, 'total_elems': 12388, 'total_shapes': 876, 'total_links': 222, 'num_tensors': 56}
2026-08-25 05:09:32,732 [INFO]     [2 | both | 0](candidate_pairs: 28/28 | new_swaps: 3 | total: 3) -> {'max_bond': 32, 'max_links': 4, 'total_elems': 11636, 'total_shapes': 844, 'total_links': 222, 'num_tensors': 56}
2026-08-25 05:09:32,834 [INFO]     [2 | both | 1](candidate_pairs: 27/27 | new_swaps: 2 | total: 5) -> {'max_bond': 32, 'max_links': 4, 'total_elems': 11584, 'total_shapes': 838, 'total_links': 222, 'num_tensors': 56}
2026-08-25 05:09:32,888 [INFO]     [2 | left | 0](candidate_pairs: 28/28 | new_swaps: 1 | total: 6) -> {'max_bond': 32, 'max_links': 4, 'total_elems': 11536, 'total_shapes': 832, 'total_links': 222, 'num_tensors': 56}
2026-08-25 05:09:32,918 [INFO]     [2 | left | 1](candidate_pairs: 27/27 | new_swaps: 0 | total: 6) -> {'max_bond': 32, 'max_links': 4, 'total_elems': 11536, 'total_shapes': 832, 'total_links': 222, 'num_tensors': 56}
2026-08-25 05:09:32,970 [INFO]     [2 | right | 0](candidate_pairs: 28/28 | new_swaps: 1 | total: 7) -> {'max_bond': 32, 'max_links': 4, 'total_elems': 11464, 'total_shapes': 826, 'total_links': 222, 'num_tensors': 56}
2026-08-25 05:09:32,999 [INFO]     [2 | right | 1](candidate_pairs: 27/27 | new_swaps: 0 | total: 7) -> {'max_bond': 32, 'max_links': 4, 'total_elems': 11464, 'total_shapes': 826, 'total_links': 222, 'num_tensors': 56}
2026-08-25 05:09:33,064 [INFO]     [3 | both | 0](candidate_pairs: 28/28 | new_swaps: 0 | total: 0) -> {'max_bond': 32, 'max_links': 4, 'total_elems': 11464, 'total_shapes': 826, 'total_links': 222, 'num_tensors': 56}
2026-08-25 05:09:33,122 [INFO]     [3 | both | 1](candidate_pairs: 27/27 | new_swaps: 0 | total: 0) -> {'max_bond': 32, 'max_links': 4, 'total_elems': 11464, 'total_shapes': 826, 'total_links': 222, 'num_tensors': 56}
2026-08-25 05:09:33,155 [INFO]     [3 | left | 0](candidate_pairs: 28/28 | new_swaps: 0 | total: 0) -> {'max_bond': 32, 'max_links': 4, 'total_elems': 11464, 'total_shapes': 826, 'total_links': 222, 'num_tensors': 56}
2026-08-25 05:09:33,185 [INFO]     [3 | left | 1](candidate_pairs: 27/27 | new_swaps: 0 | total: 0) -> {'max_bond': 32, 'max_links': 4, 'total_elems': 11464, 'total_shapes': 826, 'total_links': 222, 'num_tensors': 56}
2026-08-25 05:09:33,217 [INFO]     [3 | right | 0](candidate_pairs: 28/28 | new_swaps: 0 | total: 0) -> {'max_bond': 32, 'max_links': 4, 'total_elems': 11464, 'total_shapes': 826, 'total_links': 222, 'num_tensors': 56}
2026-08-25 05:09:33,247 [INFO]     [3 | right | 1](candidate_pairs: 27/27 | new_swaps: 0 | total: 0) -> {'max_bond': 32, 'max_links': 4, 'total_elems': 11464, 'total_shapes': 826, 'total_links': 222, 'num_tensors': 56}
2026-08-25 05:09:33,248 [INFO]     [end unswap] -> {'max_bond': 32, 'max_links': 4, 'total_elems': 11464, 'total_shapes': 826, 'total_links': 222, 'num_tensors': 56}
2026-08-25 05:09:34,683 [INFO] [start rewire](phase=post_unswap, cycle=29, side=left, layers=1384, trials=20, seed=123, parallel=False, route_candidates=1, route_score=none)
2026-08-25 05:09:36,892 [INFO] [end rewire](phase=post_unswap, cycle=29, side=left, routed_layers=1462, elapsed_s=2.21)
2026-08-25 05:09:36,892 [INFO] [start rewire](phase=post_unswap, cycle=29, side=right, layers=1725, trials=20, seed=123, parallel=False, route_candidates=1, route_score=none)
2026-08-25 05:09:38,179 [INFO] [end rewire](phase=post_unswap, cycle=29, side=right, routed_layers=1434, elapsed_s=1.29)
2026-08-25 05:09:38,420 [INFO] [1L/1460](swap: 11, u: 0 | c_u: 0 | t_u_l: 36/942 | t_u_r: 72/943 | t_u: 108/1885) -> {'max_bond': 32, 'max_links': 4, 'total_elems': 11464, 'total_shapes': 826, 'total_links': 222, 'num_tensors': 56}
2026-08-25 05:09:38,547 [INFO] [1R/1432](swap: 11, u: 0 | c_u: 0 | t_u_l: 36/942 | t_u_r: 72/943 | t_u: 108/1885) -> {'max_bond': 32, 'max_links': 4, 'total_elems': 14536, 'total_shapes': 948, 'total_links': 222, 'num_tensors': 56}
2026-08-25 05:09:38,675 [INFO] [2L/1460](swap: 11, u: 0 | c_u: 0 | t_u_l: 36/942 | t_u_r: 72/943 | t_u: 108/1885) -> {'max_bond': 32, 'max_links': 4, 'total_elems': 18600, 'total_shapes': 1068, 'total_links': 222, 'num_tensors': 56}
2026-08-25 05:09:38,809 [INFO] [2R/1432](swap: 8, u: 0 | c_u: 0 | t_u_l: 36/942 | t_u_r: 72/943 | t_u: 108/1885) -> {'max_bond': 32, 'max_links': 4, 'total_elems': 28552, 'total_shapes': 1252, 'total_links': 222, 'num_tensors': 56}
2026-08-25 05:09:38,959 [INFO] [3R/1432](swap: 8, u: 0 | c_u: 0 | t_u_l: 36/942 | t_u_r: 72/943 | t_u: 108/1885) -> {'max_bond': 64, 'max_links': 4, 'total_elems': 42440, 'total_shapes': 1460, 'total_links': 222, 'num_tensors': 56}
2026-08-25 05:09:39,129 [INFO] [4R/1432](swap: 8, u: 0 | c_u: 0 | t_u_l: 36/942 | t_u_r: 72/943 | t_u: 108/1885) -> {'max_bond': 64, 'max_links': 4, 'total_elems': 81960, 'total_shapes': 1842, 'total_links': 222, 'num_tensors': 56}
2026-08-25 05:09:39,350 [INFO] [3L/1460](swap: 10, u: 0 | c_u: 0 | t_u_l: 36/942 | t_u_r: 72/943 | t_u: 108/1885) -> {'max_bond': 128, 'max_links': 4, 'total_elems': 138892, 'total_shapes': 2264, 'total_links': 222, 'num_tensors': 56}
2026-08-25 05:09:39,643 [INFO] [5R/1432](swap: 9, u: 0 | c_u: 0 | t_u_l: 36/942 | t_u_r: 72/943 | t_u: 108/1885) -> {'max_bond': 128, 'max_links': 4, 'total_elems': 228364, 'total_shapes': 2872, 'total_links': 222, 'num_tensors': 56}
2026-08-25 05:09:40,084 [INFO] [4L/1460](swap: 11, u: 0 | c_u: 0 | t_u_l: 36/942 | t_u_r: 72/943 | t_u: 108/1885) -> {'max_bond': 128, 'max_links': 4, 'total_elems': 347624, 'total_shapes': 3466, 'total_links': 222, 'num_tensors': 56}
2026-08-25 05:09:40,767 [INFO] [6R/1432](swap: 9, u: 0 | c_u: 0 | t_u_l: 36/942 | t_u_r: 72/943 | t_u: 108/1885) -> {'max_bond': 128, 'max_links': 4, 'total_elems': 573928, 'total_shapes': 4154, 'total_links': 222, 'num_tensors': 56}
2026-08-25 05:09:41,942 [INFO]     [start unswap] -> {'max_bond': 128, 'max_links': 4, 'total_elems': 573928, 'total_shapes': 4154, 'total_links': 222, 'num_tensors': 56}
2026-08-25 05:09:51,351 [INFO]     [0 | both | 0](candidate_pairs: 28/28 | new_swaps: 2 | total: 2) -> {'max_bond': 512, 'max_links': 4, 'total_elems': 1383480, 'total_shapes': 6118, 'total_links': 222, 'num_tensors': 56}
2026-08-25 05:09:55,140 [INFO]     [0 | both | 1](candidate_pairs: 27/27 | new_swaps: 12 | total: 14) -> {'max_bond': 128, 'max_links': 4, 'total_elems': 388304, 'total_shapes': 3482, 'total_links': 222, 'num_tensors': 56}
2026-08-25 05:09:55,719 [INFO]     [0 | left | 0](candidate_pairs: 28/28 | new_swaps: 8 | total: 22) -> {'max_bond': 128, 'max_links': 4, 'total_elems': 259544, 'total_shapes': 2918, 'total_links': 222, 'num_tensors': 56}
2026-08-25 05:09:56,151 [INFO]     [0 | left | 1](candidate_pairs: 27/27 | new_swaps: 10 | total: 32) -> {'max_bond': 128, 'max_links': 4, 'total_elems': 186788, 'total_shapes': 2566, 'total_links': 222, 'num_tensors': 56}
2026-08-25 05:09:56,432 [INFO]     [0 | right | 0](candidate_pairs: 28/28 | new_swaps: 11 | total: 43) -> {'max_bond': 66, 'max_links': 4, 'total_elems': 101316, 'total_shapes': 1918, 'total_links': 222, 'num_tensors': 56}
2026-08-25 05:09:56,620 [INFO]     [0 | right | 1](candidate_pairs: 27/27 | new_swaps: 9 | total: 52) -> {'max_bond': 64, 'max_links': 4, 'total_elems': 42404, 'total_shapes': 1480, 'total_links': 222, 'num_tensors': 56}
2026-08-25 05:09:56,793 [INFO]     [1 | both | 0](candidate_pairs: 28/28 | new_swaps: 8 | total: 8) -> {'max_bond': 32, 'max_links': 4, 'total_elems': 22520, 'total_shapes': 1138, 'total_links': 222, 'num_tensors': 56}
2026-08-25 05:09:56,935 [INFO]     [1 | both | 1](candidate_pairs: 27/27 | new_swaps: 4 | total: 12) -> {'max_bond': 32, 'max_links': 4, 'total_elems': 21152, 'total_shapes': 1094, 'total_links': 222, 'num_tensors': 56}
2026-08-25 05:09:57,010 [INFO]     [1 | left | 0](candidate_pairs: 28/28 | new_swaps: 4 | total: 16) -> {'max_bond': 32, 'max_links': 4, 'total_elems': 20588, 'total_shapes': 1060, 'total_links': 222, 'num_tensors': 56}
2026-08-25 05:09:57,084 [INFO]     [1 | left | 1](candidate_pairs: 27/27 | new_swaps: 3 | total: 19) -> {'max_bond': 32, 'max_links': 4, 'total_elems': 20124, 'total_shapes': 1044, 'total_links': 222, 'num_tensors': 56}
2026-08-25 05:09:57,160 [INFO]     [1 | right | 0](candidate_pairs: 28/28 | new_swaps: 4 | total: 23) -> {'max_bond': 32, 'max_links': 4, 'total_elems': 15452, 'total_shapes': 972, 'total_links': 222, 'num_tensors': 56}
2026-08-25 05:09:57,229 [INFO]     [1 | right | 1](candidate_pairs: 27/27 | new_swaps: 5 | total: 28) -> {'max_bond': 32, 'max_links': 4, 'total_elems': 11836, 'total_shapes': 880, 'total_links': 222, 'num_tensors': 56}
2026-08-25 05:09:57,349 [INFO]     [2 | both | 0](candidate_pairs: 28/28 | new_swaps: 4 | total: 4) -> {'max_bond': 32, 'max_links': 4, 'total_elems': 10844, 'total_shapes': 828, 'total_links': 222, 'num_tensors': 56}
2026-08-25 05:09:57,451 [INFO]     [2 | both | 1](candidate_pairs: 27/27 | new_swaps: 1 | total: 5) -> {'max_bond': 32, 'max_links': 4, 'total_elems': 10716, 'total_shapes': 820, 'total_links': 222, 'num_tensors': 56}
2026-08-25 05:09:57,504 [INFO]     [2 | left | 0](candidate_pairs: 28/28 | new_swaps: 2 | total: 7) -> {'max_bond': 32, 'max_links': 4, 'total_elems': 10620, 'total_shapes': 810, 'total_links': 222, 'num_tensors': 56}
2026-08-25 05:09:57,534 [INFO]     [2 | left | 1](candidate_pairs: 27/27 | new_swaps: 0 | total: 7) -> {'max_bond': 32, 'max_links': 4, 'total_elems': 10620, 'total_shapes': 810, 'total_links': 222, 'num_tensors': 56}
2026-08-25 05:09:57,565 [INFO]     [2 | right | 0](candidate_pairs: 28/28 | new_swaps: 0 | total: 7) -> {'max_bond': 32, 'max_links': 4, 'total_elems': 10620, 'total_shapes': 810, 'total_links': 222, 'num_tensors': 56}
2026-08-25 05:09:57,616 [INFO]     [2 | right | 1](candidate_pairs: 27/27 | new_swaps: 1 | total: 8) -> {'max_bond': 32, 'max_links': 4, 'total_elems': 10560, 'total_shapes': 804, 'total_links': 222, 'num_tensors': 56}
2026-08-25 05:09:57,722 [INFO]     [3 | both | 0](candidate_pairs: 28/28 | new_swaps: 1 | total: 1) -> {'max_bond': 32, 'max_links': 4, 'total_elems': 10520, 'total_shapes': 800, 'total_links': 222, 'num_tensors': 56}
2026-08-25 05:09:57,780 [INFO]     [3 | both | 1](candidate_pairs: 27/27 | new_swaps: 0 | total: 1) -> {'max_bond': 32, 'max_links': 4, 'total_elems': 10520, 'total_shapes': 800, 'total_links': 222, 'num_tensors': 56}
2026-08-25 05:09:57,811 [INFO]     [3 | left | 0](candidate_pairs: 28/28 | new_swaps: 0 | total: 1) -> {'max_bond': 32, 'max_links': 4, 'total_elems': 10520, 'total_shapes': 800, 'total_links': 222, 'num_tensors': 56}
2026-08-25 05:09:57,841 [INFO]     [3 | left | 1](candidate_pairs: 27/27 | new_swaps: 0 | total: 1) -> {'max_bond': 32, 'max_links': 4, 'total_elems': 10520, 'total_shapes': 800, 'total_links': 222, 'num_tensors': 56}
2026-08-25 05:09:57,872 [INFO]     [3 | right | 0](candidate_pairs: 28/28 | new_swaps: 0 | total: 1) -> {'max_bond': 32, 'max_links': 4, 'total_elems': 10520, 'total_shapes': 800, 'total_links': 222, 'num_tensors': 56}
2026-08-25 05:09:57,922 [INFO]     [3 | right | 1](candidate_pairs: 27/27 | new_swaps: 1 | total: 2) -> {'max_bond': 32, 'max_links': 4, 'total_elems': 10448, 'total_shapes': 794, 'total_links': 222, 'num_tensors': 56}
2026-08-25 05:09:57,984 [INFO]     [4 | both | 0](candidate_pairs: 28/28 | new_swaps: 0 | total: 0) -> {'max_bond': 32, 'max_links': 4, 'total_elems': 10448, 'total_shapes': 794, 'total_links': 222, 'num_tensors': 56}
2026-08-25 05:09:58,042 [INFO]     [4 | both | 1](candidate_pairs: 27/27 | new_swaps: 0 | total: 0) -> {'max_bond': 32, 'max_links': 4, 'total_elems': 10448, 'total_shapes': 794, 'total_links': 222, 'num_tensors': 56}
2026-08-25 05:09:58,073 [INFO]     [4 | left | 0](candidate_pairs: 28/28 | new_swaps: 0 | total: 0) -> {'max_bond': 32, 'max_links': 4, 'total_elems': 10448, 'total_shapes': 794, 'total_links': 222, 'num_tensors': 56}
2026-08-25 05:09:58,102 [INFO]     [4 | left | 1](candidate_pairs: 27/27 | new_swaps: 0 | total: 0) -> {'max_bond': 32, 'max_links': 4, 'total_elems': 10448, 'total_shapes': 794, 'total_links': 222, 'num_tensors': 56}
2026-08-25 05:09:58,133 [INFO]     [4 | right | 0](candidate_pairs: 28/28 | new_swaps: 0 | total: 0) -> {'max_bond': 32, 'max_links': 4, 'total_elems': 10448, 'total_shapes': 794, 'total_links': 222, 'num_tensors': 56}
2026-08-25 05:09:58,162 [INFO]     [4 | right | 1](candidate_pairs: 27/27 | new_swaps: 0 | total: 0) -> {'max_bond': 32, 'max_links': 4, 'total_elems': 10448, 'total_shapes': 794, 'total_links': 222, 'num_tensors': 56}
2026-08-25 05:09:58,162 [INFO]     [end unswap] -> {'max_bond': 32, 'max_links': 4, 'total_elems': 10448, 'total_shapes': 794, 'total_links': 222, 'num_tensors': 56}
2026-08-25 05:09:59,988 [INFO] [start rewire](phase=post_unswap, cycle=30, side=left, layers=1458, trials=20, seed=123, parallel=False, route_candidates=1, route_score=none)
2026-08-25 05:10:02,140 [INFO] [end rewire](phase=post_unswap, cycle=30, side=left, routed_layers=1400, elapsed_s=2.15)
2026-08-25 05:10:02,140 [INFO] [start rewire](phase=post_unswap, cycle=30, side=right, layers=1428, trials=20, seed=123, parallel=False, route_candidates=1, route_score=none)
2026-08-25 05:10:03,977 [INFO] [end rewire](phase=post_unswap, cycle=30, side=right, routed_layers=1482, elapsed_s=1.84)
2026-08-25 05:10:04,228 [INFO] [1L/1398](swap: 12, u: 0 | c_u: 0 | t_u_l: 36/942 | t_u_r: 72/943 | t_u: 108/1885) -> {'max_bond': 32, 'max_links': 4, 'total_elems': 10448, 'total_shapes': 794, 'total_links': 222, 'num_tensors': 56}
2026-08-25 05:10:04,357 [INFO] [1R/1480](swap: 9, u: 0 | c_u: 0 | t_u_l: 36/942 | t_u_r: 72/943 | t_u: 108/1885) -> {'max_bond': 32, 'max_links': 4, 'total_elems': 12016, 'total_shapes': 868, 'total_links': 222, 'num_tensors': 56}
2026-08-25 05:10:04,486 [INFO] [2L/1398](swap: 11, u: 0 | c_u: 0 | t_u_l: 36/942 | t_u_r: 72/943 | t_u: 108/1885) -> {'max_bond': 32, 'max_links': 4, 'total_elems': 14568, 'total_shapes': 958, 'total_links': 222, 'num_tensors': 56}
2026-08-25 05:10:04,620 [INFO] [2R/1480](swap: 8, u: 0 | c_u: 0 | t_u_l: 36/942 | t_u_r: 72/943 | t_u: 108/1885) -> {'max_bond': 64, 'max_links': 4, 'total_elems': 22952, 'total_shapes': 1170, 'total_links': 222, 'num_tensors': 56}
2026-08-25 05:10:04,768 [INFO] [3R/1480](swap: 8, u: 0 | c_u: 0 | t_u_l: 36/942 | t_u_r: 72/943 | t_u: 108/1885) -> {'max_bond': 64, 'max_links': 4, 'total_elems': 43048, 'total_shapes': 1386, 'total_links': 222, 'num_tensors': 56}
2026-08-25 05:10:04,934 [INFO] [3L/1398](swap: 12, u: 0 | c_u: 0 | t_u_l: 36/942 | t_u_r: 72/943 | t_u: 108/1885) -> {'max_bond': 64, 'max_links': 4, 'total_elems': 61132, 'total_shapes': 1566, 'total_links': 222, 'num_tensors': 56}
2026-08-25 05:10:05,133 [INFO] [4R/1480](swap: 7, u: 0 | c_u: 0 | t_u_l: 36/942 | t_u_r: 72/943 | t_u: 108/1885) -> {'max_bond': 64, 'max_links': 4, 'total_elems': 95020, 'total_shapes': 1940, 'total_links': 222, 'num_tensors': 56}
2026-08-25 05:10:05,379 [INFO] [5R/1480](swap: 7, u: 0 | c_u: 0 | t_u_l: 36/942 | t_u_r: 72/943 | t_u: 108/1885) -> {'max_bond': 64, 'max_links': 4, 'total_elems': 123692, 'total_shapes': 2196, 'total_links': 222, 'num_tensors': 56}
2026-08-25 05:10:05,650 [INFO] [6R/1480](swap: 7, u: 0 | c_u: 0 | t_u_l: 36/942 | t_u_r: 72/943 | t_u: 108/1885) -> {'max_bond': 128, 'max_links': 4, 'total_elems': 196268, 'total_shapes': 2700, 'total_links': 222, 'num_tensors': 56}
2026-08-25 05:10:06,048 [INFO] [7R/1480](swap: 8, u: 0 | c_u: 0 | t_u_l: 36/942 | t_u_r: 72/943 | t_u: 108/1885) -> {'max_bond': 128, 'max_links': 4, 'total_elems': 327596, 'total_shapes': 3298, 'total_links': 222, 'num_tensors': 56}
2026-08-25 05:10:06,640 [INFO]     [start unswap] -> {'max_bond': 128, 'max_links': 4, 'total_elems': 327596, 'total_shapes': 3298, 'total_links': 222, 'num_tensors': 56}
2026-08-25 05:10:08,632 [INFO]     [0 | both | 0](candidate_pairs: 28/28 | new_swaps: 5 | total: 5) -> {'max_bond': 256, 'max_links': 4, 'total_elems': 578784, 'total_shapes': 3932, 'total_links': 222, 'num_tensors': 56}
2026-08-25 05:10:10,707 [INFO]     [0 | both | 1](candidate_pairs: 27/27 | new_swaps: 8 | total: 13) -> {'max_bond': 128, 'max_links': 4, 'total_elems': 362688, 'total_shapes': 3246, 'total_links': 222, 'num_tensors': 56}
2026-08-25 05:10:11,340 [INFO]     [0 | left | 0](candidate_pairs: 28/28 | new_swaps: 11 | total: 24) -> {'max_bond': 128, 'max_links': 4, 'total_elems': 247740, 'total_shapes': 2594, 'total_links': 222, 'num_tensors': 56}
2026-08-25 05:10:11,755 [INFO]     [0 | left | 1](candidate_pairs: 27/27 | new_swaps: 8 | total: 32) -> {'max_bond': 128, 'max_links': 4, 'total_elems': 208916, 'total_shapes': 2328, 'total_links': 222, 'num_tensors': 56}
2026-08-25 05:10:12,077 [INFO]     [0 | right | 0](candidate_pairs: 28/28 | new_swaps: 5 | total: 37) -> {'max_bond': 128, 'max_links': 4, 'total_elems': 201588, 'total_shapes': 2244, 'total_links': 222, 'num_tensors': 56}
2026-08-25 05:10:12,462 [INFO]     [0 | right | 1](candidate_pairs: 27/27 | new_swaps: 5 | total: 42) -> {'max_bond': 128, 'max_links': 4, 'total_elems': 121572, 'total_shapes': 1964, 'total_links': 222, 'num_tensors': 56}
2026-08-25 05:10:12,878 [INFO]     [1 | both | 0](candidate_pairs: 28/28 | new_swaps: 5 | total: 5) -> {'max_bond': 64, 'max_links': 4, 'total_elems': 71352, 'total_shapes': 1602, 'total_links': 222, 'num_tensors': 56}
2026-08-25 05:10:13,174 [INFO]     [1 | both | 1](candidate_pairs: 27/27 | new_swaps: 6 | total: 11) -> {'max_bond': 64, 'max_links': 4, 'total_elems': 59328, 'total_shapes': 1462, 'total_links': 222, 'num_tensors': 56}
2026-08-25 05:10:13,299 [INFO]     [1 | left | 0](candidate_pairs: 28/28 | new_swaps: 4 | total: 15) -> {'max_bond': 64, 'max_links': 4, 'total_elems': 57320, 'total_shapes': 1432, 'total_links': 222, 'num_tensors': 56}
2026-08-25 05:10:13,442 [INFO]     [1 | left | 1](candidate_pairs: 27/27 | new_swaps: 5 | total: 20) -> {'max_bond': 62, 'max_links': 4, 'total_elems': 37352, 'total_shapes': 1264, 'total_links': 222, 'num_tensors': 56}
2026-08-25 05:10:13,533 [INFO]     [1 | right | 0](candidate_pairs: 28/28 | new_swaps: 5 | total: 25) -> {'max_bond': 62, 'max_links': 4, 'total_elems': 31212, 'total_shapes': 1138, 'total_links': 222, 'num_tensors': 56}
2026-08-25 05:10:13,630 [INFO]     [1 | right | 1](candidate_pairs: 27/27 | new_swaps: 4 | total: 29) -> {'max_bond': 62, 'max_links': 4, 'total_elems': 29388, 'total_shapes': 1078, 'total_links': 222, 'num_tensors': 56}
2026-08-25 05:10:13,785 [INFO]     [2 | both | 0](candidate_pairs: 28/28 | new_swaps: 2 | total: 2) -> {'max_bond': 32, 'max_links': 4, 'total_elems': 23532, 'total_shapes': 1010, 'total_links': 222, 'num_tensors': 56}
2026-08-25 05:10:13,926 [INFO]     [2 | both | 1](candidate_pairs: 27/27 | new_swaps: 1 | total: 3) -> {'max_bond': 32, 'max_links': 4, 'total_elems': 23492, 'total_shapes': 1006, 'total_links': 222, 'num_tensors': 56}
2026-08-25 05:10:13,993 [INFO]     [2 | left | 0](candidate_pairs: 28/28 | new_swaps: 1 | total: 4) -> {'max_bond': 32, 'max_links': 4, 'total_elems': 23444, 'total_shapes': 1002, 'total_links': 222, 'num_tensors': 56}
2026-08-25 05:10:14,061 [INFO]     [2 | left | 1](candidate_pairs: 27/27 | new_swaps: 1 | total: 5) -> {'max_bond': 32, 'max_links': 4, 'total_elems': 23188, 'total_shapes': 994, 'total_links': 222, 'num_tensors': 56}
2026-08-25 05:10:14,141 [INFO]     [2 | right | 0](candidate_pairs: 28/28 | new_swaps: 3 | total: 8) -> {'max_bond': 32, 'max_links': 4, 'total_elems': 20116, 'total_shapes': 946, 'total_links': 222, 'num_tensors': 56}
2026-08-25 05:10:14,203 [INFO]     [2 | right | 1](candidate_pairs: 27/27 | new_swaps: 1 | total: 9) -> {'max_bond': 32, 'max_links': 4, 'total_elems': 19988, 'total_shapes': 938, 'total_links': 222, 'num_tensors': 56}
2026-08-25 05:10:14,338 [INFO]     [3 | both | 0](candidate_pairs: 28/28 | new_swaps: 1 | total: 1) -> {'max_bond': 32, 'max_links': 4, 'total_elems': 19796, 'total_shapes': 926, 'total_links': 222, 'num_tensors': 56}
2026-08-25 05:10:14,415 [INFO]     [3 | both | 1](candidate_pairs: 27/27 | new_swaps: 0 | total: 1) -> {'max_bond': 32, 'max_links': 4, 'total_elems': 19796, 'total_shapes': 926, 'total_links': 222, 'num_tensors': 56}
2026-08-25 05:10:14,458 [INFO]     [3 | left | 0](candidate_pairs: 28/28 | new_swaps: 0 | total: 1) -> {'max_bond': 32, 'max_links': 4, 'total_elems': 19796, 'total_shapes': 926, 'total_links': 222, 'num_tensors': 56}
2026-08-25 05:10:14,496 [INFO]     [3 | left | 1](candidate_pairs: 27/27 | new_swaps: 0 | total: 1) -> {'max_bond': 32, 'max_links': 4, 'total_elems': 19796, 'total_shapes': 926, 'total_links': 222, 'num_tensors': 56}
2026-08-25 05:10:14,562 [INFO]     [3 | right | 0](candidate_pairs: 28/28 | new_swaps: 1 | total: 2) -> {'max_bond': 32, 'max_links': 4, 'total_elems': 19724, 'total_shapes': 920, 'total_links': 222, 'num_tensors': 56}
2026-08-25 05:10:14,599 [INFO]     [3 | right | 1](candidate_pairs: 27/27 | new_swaps: 0 | total: 2) -> {'max_bond': 32, 'max_links': 4, 'total_elems': 19724, 'total_shapes': 920, 'total_links': 222, 'num_tensors': 56}
2026-08-25 05:10:14,688 [INFO]     [4 | both | 0](candidate_pairs: 28/28 | new_swaps: 0 | total: 0) -> {'max_bond': 32, 'max_links': 4, 'total_elems': 19724, 'total_shapes': 920, 'total_links': 222, 'num_tensors': 56}
2026-08-25 05:10:14,764 [INFO]     [4 | both | 1](candidate_pairs: 27/27 | new_swaps: 0 | total: 0) -> {'max_bond': 32, 'max_links': 4, 'total_elems': 19724, 'total_shapes': 920, 'total_links': 222, 'num_tensors': 56}
2026-08-25 05:10:14,806 [INFO]     [4 | left | 0](candidate_pairs: 28/28 | new_swaps: 0 | total: 0) -> {'max_bond': 32, 'max_links': 4, 'total_elems': 19724, 'total_shapes': 920, 'total_links': 222, 'num_tensors': 56}
2026-08-25 05:10:14,844 [INFO]     [4 | left | 1](candidate_pairs: 27/27 | new_swaps: 0 | total: 0) -> {'max_bond': 32, 'max_links': 4, 'total_elems': 19724, 'total_shapes': 920, 'total_links': 222, 'num_tensors': 56}
2026-08-25 05:10:14,885 [INFO]     [4 | right | 0](candidate_pairs: 28/28 | new_swaps: 0 | total: 0) -> {'max_bond': 32, 'max_links': 4, 'total_elems': 19724, 'total_shapes': 920, 'total_links': 222, 'num_tensors': 56}
2026-08-25 05:10:14,924 [INFO]     [4 | right | 1](candidate_pairs: 27/27 | new_swaps: 0 | total: 0) -> {'max_bond': 32, 'max_links': 4, 'total_elems': 19724, 'total_shapes': 920, 'total_links': 222, 'num_tensors': 56}
2026-08-25 05:10:14,924 [INFO]     [end unswap] -> {'max_bond': 32, 'max_links': 4, 'total_elems': 19724, 'total_shapes': 920, 'total_links': 222, 'num_tensors': 56}
2026-08-25 05:10:16,810 [INFO] [start rewire](phase=post_unswap, cycle=31, side=left, layers=1397, trials=20, seed=123, parallel=False, route_candidates=1, route_score=none)
2026-08-25 05:10:19,026 [INFO] [end rewire](phase=post_unswap, cycle=31, side=left, routed_layers=1415, elapsed_s=2.22)
2026-08-25 05:10:19,027 [INFO] [start rewire](phase=post_unswap, cycle=31, side=right, layers=1475, trials=20, seed=123, parallel=False, route_candidates=1, route_score=none)
2026-08-25 05:10:20,376 [INFO] [end rewire](phase=post_unswap, cycle=31, side=right, routed_layers=1650, elapsed_s=1.35)
2026-08-25 05:10:20,631 [INFO] [1L/1413](swap: 11, u: 0 | c_u: 0 | t_u_l: 36/942 | t_u_r: 72/943 | t_u: 108/1885) -> {'max_bond': 32, 'max_links': 4, 'total_elems': 19724, 'total_shapes': 920, 'total_links': 222, 'num_tensors': 56}
2026-08-25 05:10:20,768 [INFO] [1R/1648](swap: 10, u: 0 | c_u: 0 | t_u_l: 36/942 | t_u_r: 72/943 | t_u: 108/1885) -> {'max_bond': 32, 'max_links': 4, 'total_elems': 21328, 'total_shapes': 1008, 'total_links': 222, 'num_tensors': 56}
2026-08-25 05:10:20,906 [INFO] [2R/1648](swap: 10, u: 0 | c_u: 0 | t_u_l: 36/942 | t_u_r: 72/943 | t_u: 108/1885) -> {'max_bond': 32, 'max_links': 4, 'total_elems': 26528, 'total_shapes': 1196, 'total_links': 222, 'num_tensors': 56}
2026-08-25 05:10:21,045 [INFO] [3R/1648](swap: 7, u: 0 | c_u: 0 | t_u_l: 36/942 | t_u_r: 72/943 | t_u: 108/1885) -> {'max_bond': 32, 'max_links': 4, 'total_elems': 33572, 'total_shapes': 1336, 'total_links': 222, 'num_tensors': 56}
2026-08-25 05:10:21,193 [INFO] [2L/1413](swap: 9, u: 0 | c_u: 0 | t_u_l: 36/942 | t_u_r: 72/943 | t_u: 108/1885) -> {'max_bond': 62, 'max_links': 4, 'total_elems': 45568, 'total_shapes': 1494, 'total_links': 222, 'num_tensors': 56}
2026-08-25 05:10:21,358 [INFO] [4R/1648](swap: 6, u: 0 | c_u: 0 | t_u_l: 36/942 | t_u_r: 72/943 | t_u: 108/1885) -> {'max_bond': 64, 'max_links': 4, 'total_elems': 64072, 'total_shapes': 1690, 'total_links': 222, 'num_tensors': 56}
2026-08-25 05:10:21,549 [INFO] [3L/1413](swap: 10, u: 0 | c_u: 0 | t_u_l: 36/942 | t_u_r: 72/943 | t_u: 108/1885) -> {'max_bond': 64, 'max_links': 4, 'total_elems': 93384, 'total_shapes': 1908, 'total_links': 222, 'num_tensors': 56}
2026-08-25 05:10:21,781 [INFO] [5R/1648](swap: 8, u: 0 | c_u: 0 | t_u_l: 36/942 | t_u_r: 72/943 | t_u: 108/1885) -> {'max_bond': 128, 'max_links': 4, 'total_elems': 143236, 'total_shapes': 2258, 'total_links': 222, 'num_tensors': 56}
2026-08-25 05:10:22,067 [INFO] [6R/1648](swap: 7, u: 0 | c_u: 0 | t_u_l: 36/942 | t_u_r: 72/943 | t_u: 108/1885) -> {'max_bond': 128, 'max_links': 4, 'total_elems': 235584, 'total_shapes': 2732, 'total_links': 222, 'num_tensors': 56}
2026-08-25 05:10:22,501 [INFO] [7R/1648](swap: 9, u: 0 | c_u: 0 | t_u_l: 36/942 | t_u_r: 72/943 | t_u: 108/1885) -> {'max_bond': 128, 'max_links': 4, 'total_elems': 414816, 'total_shapes': 3286, 'total_links': 222, 'num_tensors': 56}
2026-08-25 05:10:23,322 [INFO]     [start unswap] -> {'max_bond': 128, 'max_links': 4, 'total_elems': 414816, 'total_shapes': 3286, 'total_links': 222, 'num_tensors': 56}
2026-08-25 05:10:25,531 [INFO]     [0 | both | 0](candidate_pairs: 28/28 | new_swaps: 5 | total: 5) -> {'max_bond': 128, 'max_links': 4, 'total_elems': 317536, 'total_shapes': 3238, 'total_links': 222, 'num_tensors': 56}
2026-08-25 05:10:26,776 [INFO]     [0 | both | 1](candidate_pairs: 27/27 | new_swaps: 7 | total: 12) -> {'max_bond': 128, 'max_links': 4, 'total_elems': 212280, 'total_shapes': 2628, 'total_links': 222, 'num_tensors': 56}
2026-08-25 05:10:27,094 [INFO]     [0 | left | 0](candidate_pairs: 28/28 | new_swaps: 6 | total: 18) -> {'max_bond': 64, 'max_links': 4, 'total_elems': 117112, 'total_shapes': 2120, 'total_links': 222, 'num_tensors': 56}
2026-08-25 05:10:27,303 [INFO]     [0 | left | 1](candidate_pairs: 27/27 | new_swaps: 7 | total: 25) -> {'max_bond': 64, 'max_links': 4, 'total_elems': 87392, 'total_shapes': 1900, 'total_links': 222, 'num_tensors': 56}
2026-08-25 05:10:27,474 [INFO]     [0 | right | 0](candidate_pairs: 28/28 | new_swaps: 9 | total: 34) -> {'max_bond': 64, 'max_links': 4, 'total_elems': 65368, 'total_shapes': 1666, 'total_links': 222, 'num_tensors': 56}
2026-08-25 05:10:27,617 [INFO]     [0 | right | 1](candidate_pairs: 27/27 | new_swaps: 6 | total: 40) -> {'max_bond': 62, 'max_links': 4, 'total_elems': 43288, 'total_shapes': 1434, 'total_links': 222, 'num_tensors': 56}
2026-08-25 05:10:27,810 [INFO]     [1 | both | 0](candidate_pairs: 28/28 | new_swaps: 7 | total: 7) -> {'max_bond': 32, 'max_links': 4, 'total_elems': 29016, 'total_shapes': 1206, 'total_links': 222, 'num_tensors': 56}
2026-08-25 05:10:27,974 [INFO]     [1 | both | 1](candidate_pairs: 27/27 | new_swaps: 6 | total: 13) -> {'max_bond': 32, 'max_links': 4, 'total_elems': 27448, 'total_shapes': 1146, 'total_links': 222, 'num_tensors': 56}
2026-08-25 05:10:28,046 [INFO]     [1 | left | 0](candidate_pairs: 28/28 | new_swaps: 1 | total: 14) -> {'max_bond': 32, 'max_links': 4, 'total_elems': 26424, 'total_shapes': 1130, 'total_links': 222, 'num_tensors': 56}
2026-08-25 05:10:28,093 [INFO]     [1 | left | 1](candidate_pairs: 27/27 | new_swaps: 0 | total: 14) -> {'max_bond': 32, 'max_links': 4, 'total_elems': 26424, 'total_shapes': 1130, 'total_links': 222, 'num_tensors': 56}
2026-08-25 05:10:28,178 [INFO]     [1 | right | 0](candidate_pairs: 28/28 | new_swaps: 4 | total: 18) -> {'max_bond': 32, 'max_links': 4, 'total_elems': 23484, 'total_shapes': 1086, 'total_links': 222, 'num_tensors': 56}
2026-08-25 05:10:28,255 [INFO]     [1 | right | 1](candidate_pairs: 27/27 | new_swaps: 4 | total: 22) -> {'max_bond': 32, 'max_links': 4, 'total_elems': 21760, 'total_shapes': 1032, 'total_links': 222, 'num_tensors': 56}
2026-08-25 05:10:28,394 [INFO]     [2 | both | 0](candidate_pairs: 28/28 | new_swaps: 1 | total: 1) -> {'max_bond': 32, 'max_links': 4, 'total_elems': 21376, 'total_shapes': 1016, 'total_links': 222, 'num_tensors': 56}
2026-08-25 05:10:28,535 [INFO]     [2 | both | 1](candidate_pairs: 27/27 | new_swaps: 3 | total: 4) -> {'max_bond': 32, 'max_links': 4, 'total_elems': 21072, 'total_shapes': 1000, 'total_links': 222, 'num_tensors': 56}
2026-08-25 05:10:28,614 [INFO]     [2 | left | 0](candidate_pairs: 28/28 | new_swaps: 3 | total: 7) -> {'max_bond': 32, 'max_links': 4, 'total_elems': 20688, 'total_shapes': 976, 'total_links': 222, 'num_tensors': 56}
2026-08-25 05:10:28,691 [INFO]     [2 | left | 1](candidate_pairs: 27/27 | new_swaps: 3 | total: 10) -> {'max_bond': 32, 'max_links': 4, 'total_elems': 20168, 'total_shapes': 954, 'total_links': 222, 'num_tensors': 56}
2026-08-25 05:10:28,768 [INFO]     [2 | right | 0](candidate_pairs: 28/28 | new_swaps: 4 | total: 14) -> {'max_bond': 32, 'max_links': 4, 'total_elems': 19832, 'total_shapes': 926, 'total_links': 222, 'num_tensors': 56}
2026-08-25 05:10:28,830 [INFO]     [2 | right | 1](candidate_pairs: 27/27 | new_swaps: 1 | total: 15) -> {'max_bond': 32, 'max_links': 4, 'total_elems': 19752, 'total_shapes': 922, 'total_links': 222, 'num_tensors': 56}
2026-08-25 05:10:28,977 [INFO]     [3 | both | 0](candidate_pairs: 28/28 | new_swaps: 2 | total: 2) -> {'max_bond': 32, 'max_links': 4, 'total_elems': 19272, 'total_shapes': 902, 'total_links': 222, 'num_tensors': 56}
2026-08-25 05:10:29,113 [INFO]     [3 | both | 1](candidate_pairs: 27/27 | new_swaps: 2 | total: 4) -> {'max_bond': 32, 'max_links': 4, 'total_elems': 18272, 'total_shapes': 874, 'total_links': 222, 'num_tensors': 56}
2026-08-25 05:10:29,153 [INFO]     [3 | left | 0](candidate_pairs: 28/28 | new_swaps: 0 | total: 4) -> {'max_bond': 32, 'max_links': 4, 'total_elems': 18272, 'total_shapes': 874, 'total_links': 222, 'num_tensors': 56}
2026-08-25 05:10:29,191 [INFO]     [3 | left | 1](candidate_pairs: 27/27 | new_swaps: 0 | total: 4) -> {'max_bond': 32, 'max_links': 4, 'total_elems': 18272, 'total_shapes': 874, 'total_links': 222, 'num_tensors': 56}
2026-08-25 05:10:29,252 [INFO]     [3 | right | 0](candidate_pairs: 28/28 | new_swaps: 1 | total: 5) -> {'max_bond': 32, 'max_links': 4, 'total_elems': 18200, 'total_shapes': 868, 'total_links': 222, 'num_tensors': 56}
2026-08-25 05:10:29,290 [INFO]     [3 | right | 1](candidate_pairs: 27/27 | new_swaps: 0 | total: 5) -> {'max_bond': 32, 'max_links': 4, 'total_elems': 18200, 'total_shapes': 868, 'total_links': 222, 'num_tensors': 56}
2026-08-25 05:10:29,430 [INFO]     [4 | both | 0](candidate_pairs: 28/28 | new_swaps: 1 | total: 1) -> {'max_bond': 32, 'max_links': 4, 'total_elems': 17048, 'total_shapes': 852, 'total_links': 222, 'num_tensors': 56}
2026-08-25 05:10:29,551 [INFO]     [4 | both | 1](candidate_pairs: 27/27 | new_swaps: 1 | total: 2) -> {'max_bond': 32, 'max_links': 4, 'total_elems': 13208, 'total_shapes': 804, 'total_links': 222, 'num_tensors': 56}
2026-08-25 05:10:29,610 [INFO]     [4 | left | 0](candidate_pairs: 28/28 | new_swaps: 1 | total: 3) -> {'max_bond': 32, 'max_links': 4, 'total_elems': 10648, 'total_shapes': 772, 'total_links': 222, 'num_tensors': 56}
2026-08-25 05:10:29,665 [INFO]     [4 | left | 1](candidate_pairs: 27/27 | new_swaps: 1 | total: 4) -> {'max_bond': 19, 'max_links': 4, 'total_elems': 8740, 'total_shapes': 744, 'total_links': 222, 'num_tensors': 56}
2026-08-25 05:10:29,717 [INFO]     [4 | right | 0](candidate_pairs: 28/28 | new_swaps: 1 | total: 5) -> {'max_bond': 17, 'max_links': 4, 'total_elems': 7544, 'total_shapes': 722, 'total_links': 222, 'num_tensors': 56}
2026-08-25 05:10:29,767 [INFO]     [4 | right | 1](candidate_pairs: 27/27 | new_swaps: 1 | total: 6) -> {'max_bond': 16, 'max_links': 4, 'total_elems': 6680, 'total_shapes': 704, 'total_links': 222, 'num_tensors': 56}
2026-08-25 05:10:29,820 [INFO]     [5 | both | 0](candidate_pairs: 28/28 | new_swaps: 0 | total: 0) -> {'max_bond': 16, 'max_links': 4, 'total_elems': 6680, 'total_shapes': 704, 'total_links': 222, 'num_tensors': 56}
2026-08-25 05:10:29,876 [INFO]     [5 | both | 1](candidate_pairs: 27/27 | new_swaps: 0 | total: 0) -> {'max_bond': 16, 'max_links': 4, 'total_elems': 6680, 'total_shapes': 704, 'total_links': 222, 'num_tensors': 56}
2026-08-25 05:10:29,902 [INFO]     [5 | left | 0](candidate_pairs: 28/28 | new_swaps: 0 | total: 0) -> {'max_bond': 16, 'max_links': 4, 'total_elems': 6680, 'total_shapes': 704, 'total_links': 222, 'num_tensors': 56}
2026-08-25 05:10:29,931 [INFO]     [5 | left | 1](candidate_pairs: 27/27 | new_swaps: 0 | total: 0) -> {'max_bond': 16, 'max_links': 4, 'total_elems': 6680, 'total_shapes': 704, 'total_links': 222, 'num_tensors': 56}
2026-08-25 05:10:29,978 [INFO]     [5 | right | 0](candidate_pairs: 28/28 | new_swaps: 1 | total: 1) -> {'max_bond': 16, 'max_links': 4, 'total_elems': 5912, 'total_shapes': 688, 'total_links': 222, 'num_tensors': 56}
2026-08-25 05:10:30,025 [INFO]     [5 | right | 1](candidate_pairs: 27/27 | new_swaps: 1 | total: 2) -> {'max_bond': 16, 'max_links': 4, 'total_elems': 5144, 'total_shapes': 672, 'total_links': 222, 'num_tensors': 56}
2026-08-25 05:10:30,074 [INFO]     [6 | both | 0](candidate_pairs: 28/28 | new_swaps: 0 | total: 0) -> {'max_bond': 16, 'max_links': 4, 'total_elems': 5144, 'total_shapes': 672, 'total_links': 222, 'num_tensors': 56}
2026-08-25 05:10:30,126 [INFO]     [6 | both | 1](candidate_pairs: 27/27 | new_swaps: 0 | total: 0) -> {'max_bond': 16, 'max_links': 4, 'total_elems': 5144, 'total_shapes': 672, 'total_links': 222, 'num_tensors': 56}
2026-08-25 05:10:30,151 [INFO]     [6 | left | 0](candidate_pairs: 28/28 | new_swaps: 0 | total: 0) -> {'max_bond': 16, 'max_links': 4, 'total_elems': 5144, 'total_shapes': 672, 'total_links': 222, 'num_tensors': 56}
2026-08-25 05:10:30,177 [INFO]     [6 | left | 1](candidate_pairs: 27/27 | new_swaps: 0 | total: 0) -> {'max_bond': 16, 'max_links': 4, 'total_elems': 5144, 'total_shapes': 672, 'total_links': 222, 'num_tensors': 56}
2026-08-25 05:10:30,202 [INFO]     [6 | right | 0](candidate_pairs: 28/28 | new_swaps: 0 | total: 0) -> {'max_bond': 16, 'max_links': 4, 'total_elems': 5144, 'total_shapes': 672, 'total_links': 222, 'num_tensors': 56}
2026-08-25 05:10:30,228 [INFO]     [6 | right | 1](candidate_pairs: 27/27 | new_swaps: 0 | total: 0) -> {'max_bond': 16, 'max_links': 4, 'total_elems': 5144, 'total_shapes': 672, 'total_links': 222, 'num_tensors': 56}
2026-08-25 05:10:30,228 [INFO]     [end unswap] -> {'max_bond': 16, 'max_links': 4, 'total_elems': 5144, 'total_shapes': 672, 'total_links': 222, 'num_tensors': 56}
2026-08-25 05:10:32,927 [INFO] [start rewire](phase=post_unswap, cycle=32, side=left, layers=1412, trials=20, seed=123, parallel=False, route_candidates=1, route_score=none)
2026-08-25 05:10:35,125 [INFO] [end rewire](phase=post_unswap, cycle=32, side=left, routed_layers=1485, elapsed_s=2.20)
2026-08-25 05:10:35,125 [INFO] [start rewire](phase=post_unswap, cycle=32, side=right, layers=1643, trials=20, seed=123, parallel=False, route_candidates=1, route_score=none)
2026-08-25 05:10:37,044 [INFO] [end rewire](phase=post_unswap, cycle=32, side=right, routed_layers=1536, elapsed_s=1.92)
2026-08-25 05:10:37,299 [INFO] [1L/1483](swap: 13, u: 0 | c_u: 0 | t_u_l: 36/942 | t_u_r: 72/943 | t_u: 108/1885) -> {'max_bond': 16, 'max_links': 4, 'total_elems': 5144, 'total_shapes': 672, 'total_links': 222, 'num_tensors': 56}
2026-08-25 05:10:37,431 [INFO] [2L/1483](swap: 14, u: 0 | c_u: 0 | t_u_l: 36/942 | t_u_r: 72/943 | t_u: 108/1885) -> {'max_bond': 16, 'max_links': 4, 'total_elems': 6704, 'total_shapes': 764, 'total_links': 222, 'num_tensors': 56}
2026-08-25 05:10:37,563 [INFO] [1R/1534](swap: 11, u: 0 | c_u: 0 | t_u_l: 36/942 | t_u_r: 72/943 | t_u: 108/1885) -> {'max_bond': 16, 'max_links': 4, 'total_elems': 9592, 'total_shapes': 838, 'total_links': 222, 'num_tensors': 56}
2026-08-25 05:10:37,699 [INFO] [2R/1534](swap: 10, u: 0 | c_u: 0 | t_u_l: 36/942 | t_u_r: 72/943 | t_u: 108/1885) -> {'max_bond': 32, 'max_links': 4, 'total_elems': 15040, 'total_shapes': 998, 'total_links': 222, 'num_tensors': 56}
2026-08-25 05:10:37,840 [INFO] [3R/1534](swap: 7, u: 0 | c_u: 0 | t_u_l: 36/942 | t_u_r: 72/943 | t_u: 108/1885) -> {'max_bond': 32, 'max_links': 4, 'total_elems': 27100, 'total_shapes': 1186, 'total_links': 222, 'num_tensors': 56}
2026-08-25 05:10:37,993 [INFO] [3L/1483](swap: 14, u: 0 | c_u: 0 | t_u_l: 36/942 | t_u_r: 72/943 | t_u: 108/1885) -> {'max_bond': 64, 'max_links': 4, 'total_elems': 42528, 'total_shapes': 1390, 'total_links': 222, 'num_tensors': 56}
2026-08-25 05:10:38,168 [INFO] [4L/1483](swap: 11, u: 0 | c_u: 0 | t_u_l: 36/942 | t_u_r: 72/943 | t_u: 108/1885) -> {'max_bond': 64, 'max_links': 4, 'total_elems': 69064, 'total_shapes': 1662, 'total_links': 222, 'num_tensors': 56}
2026-08-25 05:10:38,376 [INFO] [5L/1483](swap: 9, u: 0 | c_u: 0 | t_u_l: 36/942 | t_u_r: 72/943 | t_u: 108/1885) -> {'max_bond': 128, 'max_links': 4, 'total_elems': 116512, 'total_shapes': 2086, 'total_links': 222, 'num_tensors': 56}
2026-08-25 05:10:38,673 [INFO] [6L/1483](swap: 8, u: 1 | c_u: 1 | t_u_l: 37/942 | t_u_r: 72/943 | t_u: 109/1885) -> {'max_bond': 128, 'max_links': 4, 'total_elems': 206784, 'total_shapes': 2556, 'total_links': 222, 'num_tensors': 56}
2026-08-25 05:10:39,100 [INFO] [4R/1534](swap: 7, u: 0 | c_u: 1 | t_u_l: 37/942 | t_u_r: 72/943 | t_u: 109/1885) -> {'max_bond': 128, 'max_links': 4, 'total_elems': 361248, 'total_shapes': 3254, 'total_links': 222, 'num_tensors': 56}
2026-08-25 05:10:39,985 [INFO]     [start unswap] -> {'max_bond': 128, 'max_links': 4, 'total_elems': 361248, 'total_shapes': 3254, 'total_links': 222, 'num_tensors': 56}
2026-08-25 05:10:44,242 [INFO]     [0 | both | 0](candidate_pairs: 28/28 | new_swaps: 3 | total: 3) -> {'max_bond': 256, 'max_links': 4, 'total_elems': 504800, 'total_shapes': 3516, 'total_links': 222, 'num_tensors': 56}
2026-08-25 05:10:45,788 [INFO]     [0 | both | 1](candidate_pairs: 27/27 | new_swaps: 10 | total: 13) -> {'max_bond': 128, 'max_links': 4, 'total_elems': 290848, 'total_shapes': 2704, 'total_links': 222, 'num_tensors': 56}
2026-08-25 05:10:46,349 [INFO]     [0 | left | 0](candidate_pairs: 28/28 | new_swaps: 9 | total: 22) -> {'max_bond': 128, 'max_links': 4, 'total_elems': 221592, 'total_shapes': 2336, 'total_links': 222, 'num_tensors': 56}
2026-08-25 05:10:46,708 [INFO]     [0 | left | 1](candidate_pairs: 27/27 | new_swaps: 11 | total: 33) -> {'max_bond': 128, 'max_links': 4, 'total_elems': 212768, 'total_shapes': 2198, 'total_links': 222, 'num_tensors': 56}
2026-08-25 05:10:47,140 [INFO]     [0 | right | 0](candidate_pairs: 28/28 | new_swaps: 6 | total: 39) -> {'max_bond': 128, 'max_links': 4, 'total_elems': 199128, 'total_shapes': 2016, 'total_links': 222, 'num_tensors': 56}
2026-08-25 05:10:47,469 [INFO]     [0 | right | 1](candidate_pairs: 27/27 | new_swaps: 8 | total: 47) -> {'max_bond': 128, 'max_links': 4, 'total_elems': 149548, 'total_shapes': 1758, 'total_links': 222, 'num_tensors': 56}
2026-08-25 05:10:48,017 [INFO]     [1 | both | 0](candidate_pairs: 28/28 | new_swaps: 2 | total: 2) -> {'max_bond': 128, 'max_links': 4, 'total_elems': 146940, 'total_shapes': 1722, 'total_links': 222, 'num_tensors': 56}
2026-08-25 05:10:48,464 [INFO]     [1 | both | 1](candidate_pairs: 27/27 | new_swaps: 1 | total: 3) -> {'max_bond': 128, 'max_links': 4, 'total_elems': 146748, 'total_shapes': 1714, 'total_links': 222, 'num_tensors': 56}
2026-08-25 05:10:48,737 [INFO]     [1 | left | 0](candidate_pairs: 28/28 | new_swaps: 5 | total: 8) -> {'max_bond': 128, 'max_links': 4, 'total_elems': 145168, 'total_shapes': 1670, 'total_links': 222, 'num_tensors': 56}
2026-08-25 05:10:48,969 [INFO]     [1 | left | 1](candidate_pairs: 27/27 | new_swaps: 3 | total: 11) -> {'max_bond': 128, 'max_links': 4, 'total_elems': 142160, 'total_shapes': 1622, 'total_links': 222, 'num_tensors': 56}
2026-08-25 05:10:49,232 [INFO]     [1 | right | 0](candidate_pairs: 28/28 | new_swaps: 3 | total: 14) -> {'max_bond': 128, 'max_links': 4, 'total_elems': 141844, 'total_shapes': 1600, 'total_links': 222, 'num_tensors': 56}
2026-08-25 05:10:49,463 [INFO]     [1 | right | 1](candidate_pairs: 27/27 | new_swaps: 2 | total: 16) -> {'max_bond': 128, 'max_links': 4, 'total_elems': 135956, 'total_shapes': 1536, 'total_links': 222, 'num_tensors': 56}
2026-08-25 05:10:49,960 [INFO]     [2 | both | 0](candidate_pairs: 28/28 | new_swaps: 4 | total: 4) -> {'max_bond': 128, 'max_links': 4, 'total_elems': 127188, 'total_shapes': 1436, 'total_links': 222, 'num_tensors': 56}
2026-08-25 05:10:50,401 [INFO]     [2 | both | 1](candidate_pairs: 27/27 | new_swaps: 5 | total: 9) -> {'max_bond': 128, 'max_links': 4, 'total_elems': 106360, 'total_shapes': 1314, 'total_links': 222, 'num_tensors': 56}
2026-08-25 05:10:50,660 [INFO]     [2 | left | 0](candidate_pairs: 28/28 | new_swaps: 2 | total: 11) -> {'max_bond': 128, 'max_links': 4, 'total_elems': 105672, 'total_shapes': 1308, 'total_links': 222, 'num_tensors': 56}
2026-08-25 05:10:50,839 [INFO]     [2 | left | 1](candidate_pairs: 27/27 | new_swaps: 2 | total: 13) -> {'max_bond': 126, 'max_links': 4, 'total_elems': 64536, 'total_shapes': 1172, 'total_links': 222, 'num_tensors': 56}
2026-08-25 05:10:50,955 [INFO]     [2 | right | 0](candidate_pairs: 28/28 | new_swaps: 3 | total: 16) -> {'max_bond': 125, 'max_links': 4, 'total_elems': 63440, 'total_shapes': 1136, 'total_links': 222, 'num_tensors': 56}
2026-08-25 05:10:51,098 [INFO]     [2 | right | 1](candidate_pairs: 27/27 | new_swaps: 1 | total: 17) -> {'max_bond': 124, 'max_links': 4, 'total_elems': 46208, 'total_shapes': 1080, 'total_links': 222, 'num_tensors': 56}
2026-08-25 05:10:51,283 [INFO]     [3 | both | 0](candidate_pairs: 28/28 | new_swaps: 2 | total: 2) -> {'max_bond': 122, 'max_links': 4, 'total_elems': 38736, 'total_shapes': 1018, 'total_links': 222, 'num_tensors': 56}
2026-08-25 05:10:51,387 [INFO]     [3 | both | 1](candidate_pairs: 27/27 | new_swaps: 0 | total: 2) -> {'max_bond': 122, 'max_links': 4, 'total_elems': 38736, 'total_shapes': 1018, 'total_links': 222, 'num_tensors': 56}
2026-08-25 05:10:51,478 [INFO]     [3 | left | 0](candidate_pairs: 28/28 | new_swaps: 1 | total: 3) -> {'max_bond': 121, 'max_links': 4, 'total_elems': 38480, 'total_shapes': 1016, 'total_links': 222, 'num_tensors': 56}
2026-08-25 05:10:51,528 [INFO]     [3 | left | 1](candidate_pairs: 27/27 | new_swaps: 0 | total: 3) -> {'max_bond': 121, 'max_links': 4, 'total_elems': 38480, 'total_shapes': 1016, 'total_links': 222, 'num_tensors': 56}
2026-08-25 05:10:51,610 [INFO]     [3 | right | 0](candidate_pairs: 28/28 | new_swaps: 1 | total: 4) -> {'max_bond': 120, 'max_links': 4, 'total_elems': 38224, 'total_shapes': 1014, 'total_links': 222, 'num_tensors': 56}
2026-08-25 05:10:51,664 [INFO]     [3 | right | 1](candidate_pairs: 27/27 | new_swaps: 0 | total: 4) -> {'max_bond': 120, 'max_links': 4, 'total_elems': 38224, 'total_shapes': 1014, 'total_links': 222, 'num_tensors': 56}
2026-08-25 05:10:51,839 [INFO]     [4 | both | 0](candidate_pairs: 28/28 | new_swaps: 1 | total: 1) -> {'max_bond': 119, 'max_links': 4, 'total_elems': 37968, 'total_shapes': 1012, 'total_links': 222, 'num_tensors': 56}
2026-08-25 05:10:51,941 [INFO]     [4 | both | 1](candidate_pairs: 27/27 | new_swaps: 0 | total: 1) -> {'max_bond': 119, 'max_links': 4, 'total_elems': 37968, 'total_shapes': 1012, 'total_links': 222, 'num_tensors': 56}
2026-08-25 05:10:51,989 [INFO]     [4 | left | 0](candidate_pairs: 28/28 | new_swaps: 0 | total: 1) -> {'max_bond': 119, 'max_links': 4, 'total_elems': 37968, 'total_shapes': 1012, 'total_links': 222, 'num_tensors': 56}
2026-08-25 05:10:52,039 [INFO]     [4 | left | 1](candidate_pairs: 27/27 | new_swaps: 0 | total: 1) -> {'max_bond': 119, 'max_links': 4, 'total_elems': 37968, 'total_shapes': 1012, 'total_links': 222, 'num_tensors': 56}
2026-08-25 05:10:52,083 [INFO]     [4 | right | 0](candidate_pairs: 28/28 | new_swaps: 0 | total: 1) -> {'max_bond': 119, 'max_links': 4, 'total_elems': 37968, 'total_shapes': 1012, 'total_links': 222, 'num_tensors': 56}
2026-08-25 05:10:52,136 [INFO]     [4 | right | 1](candidate_pairs: 27/27 | new_swaps: 0 | total: 1) -> {'max_bond': 119, 'max_links': 4, 'total_elems': 37968, 'total_shapes': 1012, 'total_links': 222, 'num_tensors': 56}
2026-08-25 05:10:52,309 [INFO]     [5 | both | 0](candidate_pairs: 28/28 | new_swaps: 1 | total: 1) -> {'max_bond': 118, 'max_links': 4, 'total_elems': 37712, 'total_shapes': 1010, 'total_links': 222, 'num_tensors': 56}
2026-08-25 05:10:52,473 [INFO]     [5 | both | 1](candidate_pairs: 27/27 | new_swaps: 1 | total: 2) -> {'max_bond': 116, 'max_links': 4, 'total_elems': 36704, 'total_shapes': 1004, 'total_links': 222, 'num_tensors': 56}
2026-08-25 05:10:52,560 [INFO]     [5 | left | 0](candidate_pairs: 28/28 | new_swaps: 1 | total: 3) -> {'max_bond': 64, 'max_links': 4, 'total_elems': 23600, 'total_shapes': 900, 'total_links': 222, 'num_tensors': 56}
2026-08-25 05:10:52,633 [INFO]     [5 | left | 1](candidate_pairs: 27/27 | new_swaps: 1 | total: 4) -> {'max_bond': 64, 'max_links': 4, 'total_elems': 18480, 'total_shapes': 868, 'total_links': 222, 'num_tensors': 56}
2026-08-25 05:10:52,696 [INFO]     [5 | right | 0](candidate_pairs: 28/28 | new_swaps: 1 | total: 5) -> {'max_bond': 31, 'max_links': 4, 'total_elems': 9832, 'total_shapes': 776, 'total_links': 222, 'num_tensors': 56}
2026-08-25 05:10:52,746 [INFO]     [5 | right | 1](candidate_pairs: 27/27 | new_swaps: 1 | total: 6) -> {'max_bond': 30, 'max_links': 4, 'total_elems': 9544, 'total_shapes': 772, 'total_links': 222, 'num_tensors': 56}
2026-08-25 05:10:52,806 [INFO]     [6 | both | 0](candidate_pairs: 28/28 | new_swaps: 0 | total: 0) -> {'max_bond': 30, 'max_links': 4, 'total_elems': 9544, 'total_shapes': 772, 'total_links': 222, 'num_tensors': 56}
2026-08-25 05:10:52,865 [INFO]     [6 | both | 1](candidate_pairs: 27/27 | new_swaps: 0 | total: 0) -> {'max_bond': 30, 'max_links': 4, 'total_elems': 9544, 'total_shapes': 772, 'total_links': 222, 'num_tensors': 56}
2026-08-25 05:10:52,919 [INFO]     [6 | left | 0](candidate_pairs: 28/28 | new_swaps: 1 | total: 1) -> {'max_bond': 30, 'max_links': 4, 'total_elems': 8776, 'total_shapes': 756, 'total_links': 222, 'num_tensors': 56}
2026-08-25 05:10:52,947 [INFO]     [6 | left | 1](candidate_pairs: 27/27 | new_swaps: 0 | total: 1) -> {'max_bond': 30, 'max_links': 4, 'total_elems': 8776, 'total_shapes': 756, 'total_links': 222, 'num_tensors': 56}
2026-08-25 05:10:52,978 [INFO]     [6 | right | 0](candidate_pairs: 28/28 | new_swaps: 0 | total: 1) -> {'max_bond': 30, 'max_links': 4, 'total_elems': 8776, 'total_shapes': 756, 'total_links': 222, 'num_tensors': 56}
2026-08-25 05:10:53,005 [INFO]     [6 | right | 1](candidate_pairs: 27/27 | new_swaps: 0 | total: 1) -> {'max_bond': 30, 'max_links': 4, 'total_elems': 8776, 'total_shapes': 756, 'total_links': 222, 'num_tensors': 56}
2026-08-25 05:10:53,065 [INFO]     [7 | both | 0](candidate_pairs: 28/28 | new_swaps: 0 | total: 0) -> {'max_bond': 30, 'max_links': 4, 'total_elems': 8776, 'total_shapes': 756, 'total_links': 222, 'num_tensors': 56}
2026-08-25 05:10:53,119 [INFO]     [7 | both | 1](candidate_pairs: 27/27 | new_swaps: 0 | total: 0) -> {'max_bond': 30, 'max_links': 4, 'total_elems': 8776, 'total_shapes': 756, 'total_links': 222, 'num_tensors': 56}
2026-08-25 05:10:53,150 [INFO]     [7 | left | 0](candidate_pairs: 28/28 | new_swaps: 0 | total: 0) -> {'max_bond': 30, 'max_links': 4, 'total_elems': 8776, 'total_shapes': 756, 'total_links': 222, 'num_tensors': 56}
2026-08-25 05:10:53,178 [INFO]     [7 | left | 1](candidate_pairs: 27/27 | new_swaps: 0 | total: 0) -> {'max_bond': 30, 'max_links': 4, 'total_elems': 8776, 'total_shapes': 756, 'total_links': 222, 'num_tensors': 56}
2026-08-25 05:10:53,209 [INFO]     [7 | right | 0](candidate_pairs: 28/28 | new_swaps: 0 | total: 0) -> {'max_bond': 30, 'max_links': 4, 'total_elems': 8776, 'total_shapes': 756, 'total_links': 222, 'num_tensors': 56}
2026-08-25 05:10:53,235 [INFO]     [7 | right | 1](candidate_pairs: 27/27 | new_swaps: 0 | total: 0) -> {'max_bond': 30, 'max_links': 4, 'total_elems': 8776, 'total_shapes': 756, 'total_links': 222, 'num_tensors': 56}
2026-08-25 05:10:53,236 [INFO]     [end unswap] -> {'max_bond': 30, 'max_links': 4, 'total_elems': 8776, 'total_shapes': 756, 'total_links': 222, 'num_tensors': 56}
2026-08-25 05:10:56,419 [INFO] [start rewire](phase=post_unswap, cycle=33, side=left, layers=1479, trials=20, seed=123, parallel=False, route_candidates=1, route_score=none)
2026-08-25 05:10:58,617 [INFO] [end rewire](phase=post_unswap, cycle=33, side=left, routed_layers=1325, elapsed_s=2.20)
2026-08-25 05:10:58,617 [INFO] [start rewire](phase=post_unswap, cycle=33, side=right, layers=1532, trials=20, seed=123, parallel=False, route_candidates=1, route_score=none)
2026-08-25 05:11:00,523 [INFO] [end rewire](phase=post_unswap, cycle=33, side=right, routed_layers=1439, elapsed_s=1.91)
2026-08-25 05:11:00,793 [INFO] [1L/1323](swap: 14, u: 0 | c_u: 0 | t_u_l: 37/942 | t_u_r: 72/943 | t_u: 109/1885) -> {'max_bond': 30, 'max_links': 4, 'total_elems': 8776, 'total_shapes': 756, 'total_links': 222, 'num_tensors': 56}
2026-08-25 05:11:00,930 [INFO] [1R/1437](swap: 10, u: 0 | c_u: 0 | t_u_l: 37/942 | t_u_r: 72/943 | t_u: 109/1885) -> {'max_bond': 30, 'max_links': 4, 'total_elems': 10196, 'total_shapes': 842, 'total_links': 222, 'num_tensors': 56}
2026-08-25 05:11:01,070 [INFO] [2L/1323](swap: 13, u: 0 | c_u: 0 | t_u_l: 37/942 | t_u_r: 72/943 | t_u: 109/1885) -> {'max_bond': 32, 'max_links': 4, 'total_elems': 17516, 'total_shapes': 1032, 'total_links': 222, 'num_tensors': 56}
2026-08-25 05:11:01,221 [INFO] [3L/1323](swap: 14, u: 2 | c_u: 2 | t_u_l: 39/942 | t_u_r: 72/943 | t_u: 111/1885) -> {'max_bond': 64, 'max_links': 4, 'total_elems': 33988, 'total_shapes': 1350, 'total_links': 222, 'num_tensors': 56}
2026-08-25 05:11:01,394 [INFO] [2R/1437](swap: 10, u: 0 | c_u: 2 | t_u_l: 39/942 | t_u_r: 72/943 | t_u: 111/1885) -> {'max_bond': 64, 'max_links': 4, 'total_elems': 65932, 'total_shapes': 1680, 'total_links': 222, 'num_tensors': 56}
2026-08-25 05:11:01,617 [INFO] [3R/1437](swap: 8, u: 0 | c_u: 2 | t_u_l: 39/942 | t_u_r: 72/943 | t_u: 111/1885) -> {'max_bond': 64, 'max_links': 4, 'total_elems': 97448, 'total_shapes': 1946, 'total_links': 222, 'num_tensors': 56}
2026-08-25 05:11:01,882 [INFO] [4R/1437](swap: 8, u: 0 | c_u: 2 | t_u_l: 39/942 | t_u_r: 72/943 | t_u: 111/1885) -> {'max_bond': 64, 'max_links': 4, 'total_elems': 133896, 'total_shapes': 2264, 'total_links': 222, 'num_tensors': 56}
2026-08-25 05:11:02,220 [INFO] [4L/1323](swap: 7, u: 4 | c_u: 6 | t_u_l: 43/942 | t_u_r: 72/943 | t_u: 115/1885) -> {'max_bond': 128, 'max_links': 4, 'total_elems': 265984, 'total_shapes': 3028, 'total_links': 222, 'num_tensors': 56}
2026-08-25 05:11:02,754 [INFO]     [start unswap] -> {'max_bond': 128, 'max_links': 4, 'total_elems': 265984, 'total_shapes': 3028, 'total_links': 222, 'num_tensors': 56}
2026-08-25 05:11:05,312 [INFO]     [0 | both | 0](candidate_pairs: 28/28 | new_swaps: 4 | total: 4) -> {'max_bond': 256, 'max_links': 4, 'total_elems': 588768, 'total_shapes': 3912, 'total_links': 222, 'num_tensors': 56}
2026-08-25 05:11:06,975 [INFO]     [0 | both | 1](candidate_pairs: 27/27 | new_swaps: 10 | total: 14) -> {'max_bond': 128, 'max_links': 4, 'total_elems': 288672, 'total_shapes': 2746, 'total_links': 222, 'num_tensors': 56}
2026-08-25 05:11:07,561 [INFO]     [0 | left | 0](candidate_pairs: 28/28 | new_swaps: 11 | total: 25) -> {'max_bond': 128, 'max_links': 4, 'total_elems': 205592, 'total_shapes': 2302, 'total_links': 222, 'num_tensors': 56}
2026-08-25 05:11:07,927 [INFO]     [0 | left | 1](candidate_pairs: 27/27 | new_swaps: 16 | total: 41) -> {'max_bond': 128, 'max_links': 4, 'total_elems': 143452, 'total_shapes': 1900, 'total_links': 222, 'num_tensors': 56}
2026-08-25 05:11:08,156 [INFO]     [0 | right | 0](candidate_pairs: 28/28 | new_swaps: 11 | total: 52) -> {'max_bond': 128, 'max_links': 4, 'total_elems': 128508, 'total_shapes': 1670, 'total_links': 222, 'num_tensors': 56}
2026-08-25 05:11:08,404 [INFO]     [0 | right | 1](candidate_pairs: 27/27 | new_swaps: 5 | total: 57) -> {'max_bond': 102, 'max_links': 4, 'total_elems': 60136, 'total_shapes': 1422, 'total_links': 222, 'num_tensors': 56}
2026-08-25 05:11:08,644 [INFO]     [1 | both | 0](candidate_pairs: 28/28 | new_swaps: 7 | total: 7) -> {'max_bond': 32, 'max_links': 4, 'total_elems': 28884, 'total_shapes': 1118, 'total_links': 222, 'num_tensors': 56}
2026-08-25 05:11:08,819 [INFO]     [1 | both | 1](candidate_pairs: 27/27 | new_swaps: 3 | total: 10) -> {'max_bond': 32, 'max_links': 4, 'total_elems': 23496, 'total_shapes': 1036, 'total_links': 222, 'num_tensors': 56}
2026-08-25 05:11:08,884 [INFO]     [1 | left | 0](candidate_pairs: 28/28 | new_swaps: 1 | total: 11) -> {'max_bond': 32, 'max_links': 4, 'total_elems': 23112, 'total_shapes': 1020, 'total_links': 222, 'num_tensors': 56}
2026-08-25 05:11:08,954 [INFO]     [1 | left | 1](candidate_pairs: 27/27 | new_swaps: 1 | total: 12) -> {'max_bond': 32, 'max_links': 4, 'total_elems': 22728, 'total_shapes': 1008, 'total_links': 222, 'num_tensors': 56}
2026-08-25 05:11:09,030 [INFO]     [1 | right | 0](candidate_pairs: 28/28 | new_swaps: 4 | total: 16) -> {'max_bond': 32, 'max_links': 4, 'total_elems': 21372, 'total_shapes': 970, 'total_links': 222, 'num_tensors': 56}
2026-08-25 05:11:09,114 [INFO]     [1 | right | 1](candidate_pairs: 27/27 | new_swaps: 3 | total: 19) -> {'max_bond': 32, 'max_links': 4, 'total_elems': 16436, 'total_shapes': 924, 'total_links': 222, 'num_tensors': 56}
2026-08-25 05:11:09,240 [INFO]     [2 | both | 0](candidate_pairs: 28/28 | new_swaps: 2 | total: 2) -> {'max_bond': 32, 'max_links': 4, 'total_elems': 15496, 'total_shapes': 904, 'total_links': 222, 'num_tensors': 56}
2026-08-25 05:11:09,317 [INFO]     [2 | both | 1](candidate_pairs: 27/27 | new_swaps: 0 | total: 2) -> {'max_bond': 32, 'max_links': 4, 'total_elems': 15496, 'total_shapes': 904, 'total_links': 222, 'num_tensors': 56}
2026-08-25 05:11:09,350 [INFO]     [2 | left | 0](candidate_pairs: 28/28 | new_swaps: 0 | total: 2) -> {'max_bond': 32, 'max_links': 4, 'total_elems': 15496, 'total_shapes': 904, 'total_links': 222, 'num_tensors': 56}
2026-08-25 05:11:09,387 [INFO]     [2 | left | 1](candidate_pairs: 27/27 | new_swaps: 0 | total: 2) -> {'max_bond': 32, 'max_links': 4, 'total_elems': 15496, 'total_shapes': 904, 'total_links': 222, 'num_tensors': 56}
2026-08-25 05:11:09,442 [INFO]     [2 | right | 0](candidate_pairs: 28/28 | new_swaps: 1 | total: 3) -> {'max_bond': 32, 'max_links': 4, 'total_elems': 15424, 'total_shapes': 898, 'total_links': 222, 'num_tensors': 56}
2026-08-25 05:11:09,479 [INFO]     [2 | right | 1](candidate_pairs: 27/27 | new_swaps: 0 | total: 3) -> {'max_bond': 32, 'max_links': 4, 'total_elems': 15424, 'total_shapes': 898, 'total_links': 222, 'num_tensors': 56}
2026-08-25 05:11:09,544 [INFO]     [3 | both | 0](candidate_pairs: 28/28 | new_swaps: 0 | total: 0) -> {'max_bond': 32, 'max_links': 4, 'total_elems': 15424, 'total_shapes': 898, 'total_links': 222, 'num_tensors': 56}
2026-08-25 05:11:09,621 [INFO]     [3 | both | 1](candidate_pairs: 27/27 | new_swaps: 0 | total: 0) -> {'max_bond': 32, 'max_links': 4, 'total_elems': 15424, 'total_shapes': 898, 'total_links': 222, 'num_tensors': 56}
2026-08-25 05:11:09,654 [INFO]     [3 | left | 0](candidate_pairs: 28/28 | new_swaps: 0 | total: 0) -> {'max_bond': 32, 'max_links': 4, 'total_elems': 15424, 'total_shapes': 898, 'total_links': 222, 'num_tensors': 56}
2026-08-25 05:11:09,691 [INFO]     [3 | left | 1](candidate_pairs: 27/27 | new_swaps: 0 | total: 0) -> {'max_bond': 32, 'max_links': 4, 'total_elems': 15424, 'total_shapes': 898, 'total_links': 222, 'num_tensors': 56}
2026-08-25 05:11:09,723 [INFO]     [3 | right | 0](candidate_pairs: 28/28 | new_swaps: 0 | total: 0) -> {'max_bond': 32, 'max_links': 4, 'total_elems': 15424, 'total_shapes': 898, 'total_links': 222, 'num_tensors': 56}
2026-08-25 05:11:09,759 [INFO]     [3 | right | 1](candidate_pairs: 27/27 | new_swaps: 0 | total: 0) -> {'max_bond': 32, 'max_links': 4, 'total_elems': 15424, 'total_shapes': 898, 'total_links': 222, 'num_tensors': 56}
2026-08-25 05:11:09,760 [INFO]     [end unswap] -> {'max_bond': 32, 'max_links': 4, 'total_elems': 15424, 'total_shapes': 898, 'total_links': 222, 'num_tensors': 56}
2026-08-25 05:11:11,443 [INFO] [start rewire](phase=post_unswap, cycle=34, side=left, layers=1321, trials=20, seed=123, parallel=False, route_candidates=1, route_score=none)
2026-08-25 05:11:13,117 [INFO] [end rewire](phase=post_unswap, cycle=34, side=left, routed_layers=1562, elapsed_s=1.67)
2026-08-25 05:11:13,118 [INFO] [start rewire](phase=post_unswap, cycle=34, side=right, layers=1435, trials=20, seed=123, parallel=False, route_candidates=1, route_score=none)
2026-08-25 05:11:15,008 [INFO] [end rewire](phase=post_unswap, cycle=34, side=right, routed_layers=1509, elapsed_s=1.89)
2026-08-25 05:11:15,290 [INFO] [1L/1560](swap: 12, u: 4 | c_u: 4 | t_u_l: 47/942 | t_u_r: 72/943 | t_u: 119/1885) -> {'max_bond': 32, 'max_links': 4, 'total_elems': 15424, 'total_shapes': 898, 'total_links': 222, 'num_tensors': 56}
2026-08-25 05:11:15,436 [INFO] [1R/1507](swap: 9, u: 0 | c_u: 4 | t_u_l: 47/942 | t_u_r: 72/943 | t_u: 119/1885) -> {'max_bond': 32, 'max_links': 4, 'total_elems': 20148, 'total_shapes': 984, 'total_links': 222, 'num_tensors': 56}
2026-08-25 05:11:15,590 [INFO] [2R/1507](swap: 11, u: 0 | c_u: 4 | t_u_l: 47/942 | t_u_r: 72/943 | t_u: 119/1885) -> {'max_bond': 64, 'max_links': 4, 'total_elems': 29568, 'total_shapes': 1174, 'total_links': 222, 'num_tensors': 56}
2026-08-25 05:11:15,751 [INFO] [2L/1560](swap: 10, u: 1 | c_u: 5 | t_u_l: 48/942 | t_u_r: 72/943 | t_u: 120/1885) -> {'max_bond': 62, 'max_links': 4, 'total_elems': 34412, 'total_shapes': 1280, 'total_links': 222, 'num_tensors': 56}
2026-08-25 05:11:15,910 [INFO] [3R/1507](swap: 9, u: 0 | c_u: 5 | t_u_l: 48/942 | t_u_r: 72/943 | t_u: 120/1885) -> {'max_bond': 59, 'max_links': 4, 'total_elems': 42392, 'total_shapes': 1472, 'total_links': 222, 'num_tensors': 56}
2026-08-25 05:11:16,079 [INFO] [3L/1560](swap: 11, u: 0 | c_u: 5 | t_u_l: 48/942 | t_u_r: 72/943 | t_u: 120/1885) -> {'max_bond': 66, 'max_links': 4, 'total_elems': 60140, 'total_shapes': 1668, 'total_links': 222, 'num_tensors': 56}
2026-08-25 05:11:16,267 [INFO] [4L/1560](swap: 9, u: 0 | c_u: 5 | t_u_l: 48/942 | t_u_r: 72/943 | t_u: 120/1885) -> {'max_bond': 64, 'max_links': 4, 'total_elems': 70584, 'total_shapes': 1834, 'total_links': 222, 'num_tensors': 56}
2026-08-25 05:11:16,478 [INFO] [4R/1507](swap: 8, u: 1 | c_u: 6 | t_u_l: 48/942 | t_u_r: 73/943 | t_u: 121/1885) -> {'max_bond': 64, 'max_links': 4, 'total_elems': 107448, 'total_shapes': 2266, 'total_links': 222, 'num_tensors': 56}
2026-08-25 05:11:16,745 [INFO] [5R/1507](swap: 8, u: 1 | c_u: 7 | t_u_l: 48/942 | t_u_r: 74/943 | t_u: 122/1885) -> {'max_bond': 128, 'max_links': 4, 'total_elems': 191928, 'total_shapes': 2754, 'total_links': 222, 'num_tensors': 56}
2026-08-25 05:11:17,116 [INFO] [5L/1560](swap: 8, u: 1 | c_u: 8 | t_u_l: 49/942 | t_u_r: 74/943 | t_u: 123/1885) -> {'max_bond': 128, 'max_links': 4, 'total_elems': 276792, 'total_shapes': 3420, 'total_links': 222, 'num_tensors': 56}
2026-08-25 05:11:17,597 [INFO] [6R/1507](swap: 9, u: 0 | c_u: 8 | t_u_l: 49/942 | t_u_r: 74/943 | t_u: 123/1885) -> {'max_bond': 128, 'max_links': 4, 'total_elems': 425784, 'total_shapes': 4000, 'total_links': 222, 'num_tensors': 56}
2026-08-25 05:11:18,408 [INFO]     [start unswap] -> {'max_bond': 128, 'max_links': 4, 'total_elems': 425784, 'total_shapes': 4000, 'total_links': 222, 'num_tensors': 56}
2026-08-25 05:11:22,037 [INFO]     [0 | both | 0](candidate_pairs: 28/28 | new_swaps: 5 | total: 5) -> {'max_bond': 256, 'max_links': 4, 'total_elems': 628192, 'total_shapes': 4364, 'total_links': 222, 'num_tensors': 56}
2026-08-25 05:11:24,044 [INFO]     [0 | both | 1](candidate_pairs: 27/27 | new_swaps: 9 | total: 14) -> {'max_bond': 128, 'max_links': 4, 'total_elems': 343600, 'total_shapes': 3308, 'total_links': 222, 'num_tensors': 56}
2026-08-25 05:11:24,645 [INFO]     [0 | left | 0](candidate_pairs: 28/28 | new_swaps: 11 | total: 25) -> {'max_bond': 128, 'max_links': 4, 'total_elems': 266200, 'total_shapes': 2890, 'total_links': 222, 'num_tensors': 56}
2026-08-25 05:11:25,089 [INFO]     [0 | left | 1](candidate_pairs: 27/27 | new_swaps: 11 | total: 36) -> {'max_bond': 120, 'max_links': 4, 'total_elems': 172288, 'total_shapes': 2374, 'total_links': 222, 'num_tensors': 56}
2026-08-25 05:11:25,363 [INFO]     [0 | right | 0](candidate_pairs: 28/28 | new_swaps: 10 | total: 46) -> {'max_bond': 64, 'max_links': 4, 'total_elems': 113788, 'total_shapes': 1970, 'total_links': 222, 'num_tensors': 56}
2026-08-25 05:11:25,587 [INFO]     [0 | right | 1](candidate_pairs: 27/27 | new_swaps: 8 | total: 54) -> {'max_bond': 64, 'max_links': 4, 'total_elems': 81764, 'total_shapes': 1712, 'total_links': 222, 'num_tensors': 56}
2026-08-25 05:11:25,875 [INFO]     [1 | both | 0](candidate_pairs: 28/28 | new_swaps: 8 | total: 8) -> {'max_bond': 64, 'max_links': 4, 'total_elems': 57180, 'total_shapes': 1476, 'total_links': 222, 'num_tensors': 56}
2026-08-25 05:11:26,137 [INFO]     [1 | both | 1](candidate_pairs: 27/27 | new_swaps: 6 | total: 14) -> {'max_bond': 64, 'max_links': 4, 'total_elems': 53376, 'total_shapes': 1386, 'total_links': 222, 'num_tensors': 56}
2026-08-25 05:11:26,255 [INFO]     [1 | left | 0](candidate_pairs: 28/28 | new_swaps: 5 | total: 19) -> {'max_bond': 64, 'max_links': 4, 'total_elems': 50228, 'total_shapes': 1326, 'total_links': 222, 'num_tensors': 56}
2026-08-25 05:11:26,384 [INFO]     [1 | left | 1](candidate_pairs: 27/27 | new_swaps: 3 | total: 22) -> {'max_bond': 61, 'max_links': 4, 'total_elems': 38660, 'total_shapes': 1256, 'total_links': 222, 'num_tensors': 56}
2026-08-25 05:11:26,463 [INFO]     [1 | right | 0](candidate_pairs: 28/28 | new_swaps: 1 | total: 23) -> {'max_bond': 60, 'max_links': 4, 'total_elems': 36992, 'total_shapes': 1230, 'total_links': 222, 'num_tensors': 56}
2026-08-25 05:11:26,567 [INFO]     [1 | right | 1](candidate_pairs: 27/27 | new_swaps: 4 | total: 27) -> {'max_bond': 59, 'max_links': 4, 'total_elems': 34896, 'total_shapes': 1186, 'total_links': 222, 'num_tensors': 56}
2026-08-25 05:11:26,734 [INFO]     [2 | both | 0](candidate_pairs: 28/28 | new_swaps: 7 | total: 7) -> {'max_bond': 32, 'max_links': 4, 'total_elems': 28476, 'total_shapes': 1088, 'total_links': 222, 'num_tensors': 56}
2026-08-25 05:11:26,903 [INFO]     [2 | both | 1](candidate_pairs: 27/27 | new_swaps: 2 | total: 9) -> {'max_bond': 32, 'max_links': 4, 'total_elems': 28416, 'total_shapes': 1082, 'total_links': 222, 'num_tensors': 56}
2026-08-25 05:11:26,974 [INFO]     [2 | left | 0](candidate_pairs: 28/28 | new_swaps: 1 | total: 10) -> {'max_bond': 32, 'max_links': 4, 'total_elems': 28160, 'total_shapes': 1074, 'total_links': 222, 'num_tensors': 56}
2026-08-25 05:11:27,025 [INFO]     [2 | left | 1](candidate_pairs: 27/27 | new_swaps: 0 | total: 10) -> {'max_bond': 32, 'max_links': 4, 'total_elems': 28160, 'total_shapes': 1074, 'total_links': 222, 'num_tensors': 56}
2026-08-25 05:11:27,096 [INFO]     [2 | right | 0](candidate_pairs: 28/28 | new_swaps: 1 | total: 11) -> {'max_bond': 32, 'max_links': 4, 'total_elems': 25664, 'total_shapes': 1048, 'total_links': 222, 'num_tensors': 56}
2026-08-25 05:11:27,165 [INFO]     [2 | right | 1](candidate_pairs: 27/27 | new_swaps: 1 | total: 12) -> {'max_bond': 32, 'max_links': 4, 'total_elems': 25472, 'total_shapes': 1040, 'total_links': 222, 'num_tensors': 56}
2026-08-25 05:11:27,305 [INFO]     [3 | both | 0](candidate_pairs: 28/28 | new_swaps: 1 | total: 1) -> {'max_bond': 32, 'max_links': 4, 'total_elems': 25352, 'total_shapes': 1030, 'total_links': 222, 'num_tensors': 56}
2026-08-25 05:11:27,401 [INFO]     [3 | both | 1](candidate_pairs: 27/27 | new_swaps: 0 | total: 1) -> {'max_bond': 32, 'max_links': 4, 'total_elems': 25352, 'total_shapes': 1030, 'total_links': 222, 'num_tensors': 56}
2026-08-25 05:11:27,446 [INFO]     [3 | left | 0](candidate_pairs: 28/28 | new_swaps: 0 | total: 1) -> {'max_bond': 32, 'max_links': 4, 'total_elems': 25352, 'total_shapes': 1030, 'total_links': 222, 'num_tensors': 56}
2026-08-25 05:11:27,491 [INFO]     [3 | left | 1](candidate_pairs: 27/27 | new_swaps: 0 | total: 1) -> {'max_bond': 32, 'max_links': 4, 'total_elems': 25352, 'total_shapes': 1030, 'total_links': 222, 'num_tensors': 56}
2026-08-25 05:11:27,537 [INFO]     [3 | right | 0](candidate_pairs: 28/28 | new_swaps: 0 | total: 1) -> {'max_bond': 32, 'max_links': 4, 'total_elems': 25352, 'total_shapes': 1030, 'total_links': 222, 'num_tensors': 56}
2026-08-25 05:11:27,582 [INFO]     [3 | right | 1](candidate_pairs: 27/27 | new_swaps: 0 | total: 1) -> {'max_bond': 32, 'max_links': 4, 'total_elems': 25352, 'total_shapes': 1030, 'total_links': 222, 'num_tensors': 56}
2026-08-25 05:11:27,673 [INFO]     [4 | both | 0](candidate_pairs: 28/28 | new_swaps: 0 | total: 0) -> {'max_bond': 32, 'max_links': 4, 'total_elems': 25352, 'total_shapes': 1030, 'total_links': 222, 'num_tensors': 56}
2026-08-25 05:11:27,768 [INFO]     [4 | both | 1](candidate_pairs: 27/27 | new_swaps: 0 | total: 0) -> {'max_bond': 32, 'max_links': 4, 'total_elems': 25352, 'total_shapes': 1030, 'total_links': 222, 'num_tensors': 56}
2026-08-25 05:11:27,813 [INFO]     [4 | left | 0](candidate_pairs: 28/28 | new_swaps: 0 | total: 0) -> {'max_bond': 32, 'max_links': 4, 'total_elems': 25352, 'total_shapes': 1030, 'total_links': 222, 'num_tensors': 56}
2026-08-25 05:11:27,860 [INFO]     [4 | left | 1](candidate_pairs: 27/27 | new_swaps: 0 | total: 0) -> {'max_bond': 32, 'max_links': 4, 'total_elems': 25352, 'total_shapes': 1030, 'total_links': 222, 'num_tensors': 56}
2026-08-25 05:11:27,905 [INFO]     [4 | right | 0](candidate_pairs: 28/28 | new_swaps: 0 | total: 0) -> {'max_bond': 32, 'max_links': 4, 'total_elems': 25352, 'total_shapes': 1030, 'total_links': 222, 'num_tensors': 56}
2026-08-25 05:11:27,949 [INFO]     [4 | right | 1](candidate_pairs: 27/27 | new_swaps: 0 | total: 0) -> {'max_bond': 32, 'max_links': 4, 'total_elems': 25352, 'total_shapes': 1030, 'total_links': 222, 'num_tensors': 56}
2026-08-25 05:11:27,949 [INFO]     [end unswap] -> {'max_bond': 32, 'max_links': 4, 'total_elems': 25352, 'total_shapes': 1030, 'total_links': 222, 'num_tensors': 56}
2026-08-25 05:11:30,079 [INFO] [start rewire](phase=post_unswap, cycle=35, side=left, layers=1557, trials=20, seed=123, parallel=False, route_candidates=1, route_score=none)
2026-08-25 05:11:32,406 [INFO] [end rewire](phase=post_unswap, cycle=35, side=left, routed_layers=1463, elapsed_s=2.33)
2026-08-25 05:11:32,407 [INFO] [start rewire](phase=post_unswap, cycle=35, side=right, layers=1503, trials=20, seed=123, parallel=False, route_candidates=1, route_score=none)
2026-08-25 05:11:33,841 [INFO] [end rewire](phase=post_unswap, cycle=35, side=right, routed_layers=1638, elapsed_s=1.43)
2026-08-25 05:11:34,128 [INFO] [1L/1461](swap: 16, u: 1 | c_u: 1 | t_u_l: 50/942 | t_u_r: 74/943 | t_u: 124/1885) -> {'max_bond': 32, 'max_links': 4, 'total_elems': 25352, 'total_shapes': 1030, 'total_links': 222, 'num_tensors': 56}
2026-08-25 05:11:34,279 [INFO] [1R/1636](swap: 10, u: 0 | c_u: 1 | t_u_l: 50/942 | t_u_r: 74/943 | t_u: 124/1885) -> {'max_bond': 32, 'max_links': 4, 'total_elems': 27564, 'total_shapes': 1112, 'total_links': 222, 'num_tensors': 56}
2026-08-25 05:11:34,431 [INFO] [2R/1636](swap: 9, u: 0 | c_u: 1 | t_u_l: 50/942 | t_u_r: 74/943 | t_u: 124/1885) -> {'max_bond': 32, 'max_links': 4, 'total_elems': 30720, 'total_shapes': 1236, 'total_links': 222, 'num_tensors': 56}
2026-08-25 05:11:34,589 [INFO] [2L/1461](swap: 17, u: 2 | c_u: 3 | t_u_l: 52/942 | t_u_r: 74/943 | t_u: 126/1885) -> {'max_bond': 32, 'max_links': 4, 'total_elems': 34848, 'total_shapes': 1384, 'total_links': 222, 'num_tensors': 56}
2026-08-25 05:11:34,743 [INFO] [3R/1636](swap: 11, u: 0 | c_u: 3 | t_u_l: 52/942 | t_u_r: 74/943 | t_u: 126/1885) -> {'max_bond': 64, 'max_links': 4, 'total_elems': 46168, 'total_shapes': 1620, 'total_links': 222, 'num_tensors': 56}
2026-08-25 05:11:34,913 [INFO] [3L/1461](swap: 13, u: 0 | c_u: 3 | t_u_l: 52/942 | t_u_r: 74/943 | t_u: 126/1885) -> {'max_bond': 64, 'max_links': 4, 'total_elems': 69976, 'total_shapes': 2032, 'total_links': 222, 'num_tensors': 56}
2026-08-25 05:11:35,112 [INFO] [4L/1461](swap: 13, u: 0 | c_u: 3 | t_u_l: 52/942 | t_u_r: 74/943 | t_u: 126/1885) -> {'max_bond': 64, 'max_links': 4, 'total_elems': 107292, 'total_shapes': 2344, 'total_links': 222, 'num_tensors': 56}
2026-08-25 05:11:35,355 [INFO] [5L/1461](swap: 8, u: 0 | c_u: 3 | t_u_l: 52/942 | t_u_r: 74/943 | t_u: 126/1885) -> {'max_bond': 64, 'max_links': 4, 'total_elems': 152896, 'total_shapes': 2916, 'total_links': 222, 'num_tensors': 56}
2026-08-25 05:11:35,644 [INFO] [6L/1461](swap: 6, u: 0 | c_u: 3 | t_u_l: 52/942 | t_u_r: 74/943 | t_u: 126/1885) -> {'max_bond': 64, 'max_links': 4, 'total_elems': 216008, 'total_shapes': 3260, 'total_links': 222, 'num_tensors': 56}
2026-08-25 05:11:36,012 [INFO] [7L/1461](swap: 5, u: 1 | c_u: 4 | t_u_l: 53/942 | t_u_r: 74/943 | t_u: 127/1885) -> {'max_bond': 128, 'max_links': 4, 'total_elems': 274252, 'total_shapes': 3576, 'total_links': 222, 'num_tensors': 56}
2026-08-25 05:11:36,415 [INFO]     [start unswap] -> {'max_bond': 128, 'max_links': 4, 'total_elems': 274252, 'total_shapes': 3576, 'total_links': 222, 'num_tensors': 56}
2026-08-25 05:11:37,496 [INFO]     [0 | both | 0](candidate_pairs: 28/28 | new_swaps: 4 | total: 4) -> {'max_bond': 208, 'max_links': 4, 'total_elems': 331208, 'total_shapes': 3772, 'total_links': 222, 'num_tensors': 56}
2026-08-25 05:11:38,351 [INFO]     [0 | both | 1](candidate_pairs: 27/27 | new_swaps: 14 | total: 18) -> {'max_bond': 64, 'max_links': 4, 'total_elems': 154928, 'total_shapes': 2686, 'total_links': 222, 'num_tensors': 56}
2026-08-25 05:11:38,590 [INFO]     [0 | left | 0](candidate_pairs: 28/28 | new_swaps: 12 | total: 30) -> {'max_bond': 64, 'max_links': 4, 'total_elems': 107992, 'total_shapes': 2228, 'total_links': 222, 'num_tensors': 56}
2026-08-25 05:11:38,808 [INFO]     [0 | left | 1](candidate_pairs: 27/27 | new_swaps: 10 | total: 40) -> {'max_bond': 64, 'max_links': 4, 'total_elems': 70360, 'total_shapes': 1862, 'total_links': 222, 'num_tensors': 56}
2026-08-25 05:11:38,940 [INFO]     [0 | right | 0](candidate_pairs: 28/28 | new_swaps: 10 | total: 50) -> {'max_bond': 64, 'max_links': 4, 'total_elems': 58512, 'total_shapes': 1630, 'total_links': 222, 'num_tensors': 56}
2026-08-25 05:11:39,056 [INFO]     [0 | right | 1](candidate_pairs: 27/27 | new_swaps: 3 | total: 53) -> {'max_bond': 64, 'max_links': 4, 'total_elems': 57312, 'total_shapes': 1594, 'total_links': 222, 'num_tensors': 56}
2026-08-25 05:11:39,276 [INFO]     [1 | both | 0](candidate_pairs: 28/28 | new_swaps: 6 | total: 6) -> {'max_bond': 64, 'max_links': 4, 'total_elems': 47796, 'total_shapes': 1488, 'total_links': 222, 'num_tensors': 56}
2026-08-25 05:11:39,481 [INFO]     [1 | both | 1](candidate_pairs: 27/27 | new_swaps: 4 | total: 10) -> {'max_bond': 64, 'max_links': 4, 'total_elems': 44496, 'total_shapes': 1440, 'total_links': 222, 'num_tensors': 56}
2026-08-25 05:11:39,585 [INFO]     [1 | left | 0](candidate_pairs: 28/28 | new_swaps: 7 | total: 17) -> {'max_bond': 64, 'max_links': 4, 'total_elems': 41544, 'total_shapes': 1350, 'total_links': 222, 'num_tensors': 56}
2026-08-25 05:11:39,683 [INFO]     [1 | left | 1](candidate_pairs: 27/27 | new_swaps: 3 | total: 20) -> {'max_bond': 64, 'max_links': 4, 'total_elems': 40984, 'total_shapes': 1324, 'total_links': 222, 'num_tensors': 56}
2026-08-25 05:11:39,776 [INFO]     [1 | right | 0](candidate_pairs: 28/28 | new_swaps: 2 | total: 22) -> {'max_bond': 64, 'max_links': 4, 'total_elems': 39736, 'total_shapes': 1292, 'total_links': 222, 'num_tensors': 56}
2026-08-25 05:11:39,858 [INFO]     [1 | right | 1](candidate_pairs: 27/27 | new_swaps: 3 | total: 25) -> {'max_bond': 64, 'max_links': 4, 'total_elems': 37624, 'total_shapes': 1260, 'total_links': 222, 'num_tensors': 56}
2026-08-25 05:11:40,034 [INFO]     [2 | both | 0](candidate_pairs: 28/28 | new_swaps: 5 | total: 5) -> {'max_bond': 64, 'max_links': 4, 'total_elems': 35256, 'total_shapes': 1212, 'total_links': 222, 'num_tensors': 56}
2026-08-25 05:11:40,202 [INFO]     [2 | both | 1](candidate_pairs: 27/27 | new_swaps: 6 | total: 11) -> {'max_bond': 64, 'max_links': 4, 'total_elems': 30420, 'total_shapes': 1124, 'total_links': 222, 'num_tensors': 56}
2026-08-25 05:11:40,284 [INFO]     [2 | left | 0](candidate_pairs: 28/28 | new_swaps: 3 | total: 14) -> {'max_bond': 64, 'max_links': 4, 'total_elems': 24276, 'total_shapes': 1060, 'total_links': 222, 'num_tensors': 56}
2026-08-25 05:11:40,349 [INFO]     [2 | left | 1](candidate_pairs: 27/27 | new_swaps: 1 | total: 15) -> {'max_bond': 32, 'max_links': 4, 'total_elems': 15060, 'total_shapes': 964, 'total_links': 222, 'num_tensors': 56}
2026-08-25 05:11:40,405 [INFO]     [2 | right | 0](candidate_pairs: 28/28 | new_swaps: 1 | total: 16) -> {'max_bond': 32, 'max_links': 4, 'total_elems': 14420, 'total_shapes': 948, 'total_links': 222, 'num_tensors': 56}
2026-08-25 05:11:40,438 [INFO]     [2 | right | 1](candidate_pairs: 27/27 | new_swaps: 0 | total: 16) -> {'max_bond': 32, 'max_links': 4, 'total_elems': 14420, 'total_shapes': 948, 'total_links': 222, 'num_tensors': 56}
2026-08-25 05:11:40,502 [INFO]     [3 | both | 0](candidate_pairs: 28/28 | new_swaps: 0 | total: 0) -> {'max_bond': 32, 'max_links': 4, 'total_elems': 14420, 'total_shapes': 948, 'total_links': 222, 'num_tensors': 56}
2026-08-25 05:11:40,616 [INFO]     [3 | both | 1](candidate_pairs: 27/27 | new_swaps: 1 | total: 1) -> {'max_bond': 32, 'max_links': 4, 'total_elems': 14228, 'total_shapes': 940, 'total_links': 222, 'num_tensors': 56}
2026-08-25 05:11:40,682 [INFO]     [3 | left | 0](candidate_pairs: 28/28 | new_swaps: 2 | total: 3) -> {'max_bond': 16, 'max_links': 4, 'total_elems': 12644, 'total_shapes': 904, 'total_links': 222, 'num_tensors': 56}
2026-08-25 05:11:40,714 [INFO]     [3 | left | 1](candidate_pairs: 27/27 | new_swaps: 0 | total: 3) -> {'max_bond': 16, 'max_links': 4, 'total_elems': 12644, 'total_shapes': 904, 'total_links': 222, 'num_tensors': 56}
2026-08-25 05:11:40,746 [INFO]     [3 | right | 0](candidate_pairs: 28/28 | new_swaps: 0 | total: 3) -> {'max_bond': 16, 'max_links': 4, 'total_elems': 12644, 'total_shapes': 904, 'total_links': 222, 'num_tensors': 56}
2026-08-25 05:11:40,777 [INFO]     [3 | right | 1](candidate_pairs: 27/27 | new_swaps: 0 | total: 3) -> {'max_bond': 16, 'max_links': 4, 'total_elems': 12644, 'total_shapes': 904, 'total_links': 222, 'num_tensors': 56}
2026-08-25 05:11:40,840 [INFO]     [4 | both | 0](candidate_pairs: 28/28 | new_swaps: 0 | total: 0) -> {'max_bond': 16, 'max_links': 4, 'total_elems': 12644, 'total_shapes': 904, 'total_links': 222, 'num_tensors': 56}
2026-08-25 05:11:40,906 [INFO]     [4 | both | 1](candidate_pairs: 27/27 | new_swaps: 0 | total: 0) -> {'max_bond': 16, 'max_links': 4, 'total_elems': 12644, 'total_shapes': 904, 'total_links': 222, 'num_tensors': 56}
2026-08-25 05:11:40,937 [INFO]     [4 | left | 0](candidate_pairs: 28/28 | new_swaps: 0 | total: 0) -> {'max_bond': 16, 'max_links': 4, 'total_elems': 12644, 'total_shapes': 904, 'total_links': 222, 'num_tensors': 56}
2026-08-25 05:11:40,969 [INFO]     [4 | left | 1](candidate_pairs: 27/27 | new_swaps: 0 | total: 0) -> {'max_bond': 16, 'max_links': 4, 'total_elems': 12644, 'total_shapes': 904, 'total_links': 222, 'num_tensors': 56}
2026-08-25 05:11:41,000 [INFO]     [4 | right | 0](candidate_pairs: 28/28 | new_swaps: 0 | total: 0) -> {'max_bond': 16, 'max_links': 4, 'total_elems': 12644, 'total_shapes': 904, 'total_links': 222, 'num_tensors': 56}
2026-08-25 05:11:41,031 [INFO]     [4 | right | 1](candidate_pairs: 27/27 | new_swaps: 0 | total: 0) -> {'max_bond': 16, 'max_links': 4, 'total_elems': 12644, 'total_shapes': 904, 'total_links': 222, 'num_tensors': 56}
2026-08-25 05:11:41,031 [INFO]     [end unswap] -> {'max_bond': 16, 'max_links': 4, 'total_elems': 12644, 'total_shapes': 904, 'total_links': 222, 'num_tensors': 56}
2026-08-25 05:11:43,214 [INFO] [start rewire](phase=post_unswap, cycle=36, side=left, layers=1456, trials=20, seed=123, parallel=False, route_candidates=1, route_score=none)
2026-08-25 05:11:45,496 [INFO] [end rewire](phase=post_unswap, cycle=36, side=left, routed_layers=1292, elapsed_s=2.28)
2026-08-25 05:11:45,497 [INFO] [start rewire](phase=post_unswap, cycle=36, side=right, layers=1635, trials=20, seed=123, parallel=False, route_candidates=1, route_score=none)
2026-08-25 05:11:47,526 [INFO] [end rewire](phase=post_unswap, cycle=36, side=right, routed_layers=1597, elapsed_s=2.03)
2026-08-25 05:11:47,817 [INFO] [1L/1290](swap: 14, u: 1 | c_u: 1 | t_u_l: 54/942 | t_u_r: 74/943 | t_u: 128/1885) -> {'max_bond': 16, 'max_links': 4, 'total_elems': 12644, 'total_shapes': 904, 'total_links': 222, 'num_tensors': 56}
2026-08-25 05:11:47,960 [INFO] [1R/1595](swap: 9, u: 0 | c_u: 1 | t_u_l: 54/942 | t_u_r: 74/943 | t_u: 128/1885) -> {'max_bond': 16, 'max_links': 4, 'total_elems': 14668, 'total_shapes': 980, 'total_links': 222, 'num_tensors': 56}
2026-08-25 05:11:48,103 [INFO] [2L/1290](swap: 11, u: 0 | c_u: 1 | t_u_l: 54/942 | t_u_r: 74/943 | t_u: 128/1885) -> {'max_bond': 32, 'max_links': 4, 'total_elems': 17844, 'total_shapes': 1092, 'total_links': 222, 'num_tensors': 56}
2026-08-25 05:11:48,249 [INFO] [2R/1595](swap: 9, u: 1 | c_u: 2 | t_u_l: 54/942 | t_u_r: 75/943 | t_u: 129/1885) -> {'max_bond': 32, 'max_links': 4, 'total_elems': 24096, 'total_shapes': 1244, 'total_links': 222, 'num_tensors': 56}
2026-08-25 05:11:48,398 [INFO] [3L/1290](swap: 10, u: 0 | c_u: 2 | t_u_l: 54/942 | t_u_r: 75/943 | t_u: 129/1885) -> {'max_bond': 32, 'max_links': 4, 'total_elems': 33960, 'total_shapes': 1430, 'total_links': 222, 'num_tensors': 56}
2026-08-25 05:11:48,552 [INFO] [3R/1595](swap: 9, u: 0 | c_u: 2 | t_u_l: 54/942 | t_u_r: 75/943 | t_u: 129/1885) -> {'max_bond': 64, 'max_links': 4, 'total_elems': 46888, 'total_shapes': 1676, 'total_links': 222, 'num_tensors': 56}
2026-08-25 05:11:48,731 [INFO] [4L/1290](swap: 8, u: 0 | c_u: 2 | t_u_l: 54/942 | t_u_r: 75/943 | t_u: 129/1885) -> {'max_bond': 64, 'max_links': 4, 'total_elems': 67232, 'total_shapes': 2000, 'total_links': 222, 'num_tensors': 56}
2026-08-25 05:11:48,933 [INFO] [5L/1290](swap: 4, u: 0 | c_u: 2 | t_u_l: 54/942 | t_u_r: 75/943 | t_u: 129/1885) -> {'max_bond': 64, 'max_links': 4, 'total_elems': 95360, 'total_shapes': 2318, 'total_links': 222, 'num_tensors': 56}
2026-08-25 05:11:49,148 [INFO] [6L/1290](swap: 5, u: 0 | c_u: 2 | t_u_l: 54/942 | t_u_r: 75/943 | t_u: 129/1885) -> {'max_bond': 84, 'max_links': 4, 'total_elems': 118912, 'total_shapes': 2524, 'total_links': 222, 'num_tensors': 56}
2026-08-25 05:11:49,381 [INFO] [7L/1290](swap: 6, u: 0 | c_u: 2 | t_u_l: 54/942 | t_u_r: 75/943 | t_u: 129/1885) -> {'max_bond': 80, 'max_links': 4, 'total_elems': 143920, 'total_shapes': 2656, 'total_links': 222, 'num_tensors': 56}
2026-08-25 05:11:49,651 [INFO] [8L/1290](swap: 5, u: 0 | c_u: 2 | t_u_l: 54/942 | t_u_r: 75/943 | t_u: 129/1885) -> {'max_bond': 128, 'max_links': 4, 'total_elems': 180160, 'total_shapes': 2896, 'total_links': 222, 'num_tensors': 56}
2026-08-25 05:11:49,963 [INFO] [9L/1290](swap: 3, u: 0 | c_u: 2 | t_u_l: 54/942 | t_u_r: 75/943 | t_u: 129/1885) -> {'max_bond': 128, 'max_links': 4, 'total_elems': 215840, 'total_shapes': 3098, 'total_links': 222, 'num_tensors': 56}
2026-08-25 05:11:50,276 [INFO] [10L/1290](swap: 4, u: 0 | c_u: 2 | t_u_l: 54/942 | t_u_r: 75/943 | t_u: 129/1885) -> {'max_bond': 128, 'max_links': 4, 'total_elems': 230036, 'total_shapes': 3284, 'total_links': 222, 'num_tensors': 56}
2026-08-25 05:11:50,609 [INFO] [11L/1290](swap: 4, u: 0 | c_u: 2 | t_u_l: 54/942 | t_u_r: 75/943 | t_u: 129/1885) -> {'max_bond': 128, 'max_links': 4, 'total_elems': 268400, 'total_shapes': 3468, 'total_links': 222, 'num_tensors': 56}
2026-08-25 05:11:51,001 [INFO] [12L/1290](swap: 4, u: 0 | c_u: 2 | t_u_l: 54/942 | t_u_r: 75/943 | t_u: 129/1885) -> {'max_bond': 128, 'max_links': 4, 'total_elems': 291904, 'total_shapes': 3630, 'total_links': 222, 'num_tensors': 56}
2026-08-25 05:11:51,428 [INFO] [13L/1290](swap: 3, u: 1 | c_u: 3 | t_u_l: 55/942 | t_u_r: 75/943 | t_u: 130/1885) -> {'max_bond': 128, 'max_links': 4, 'total_elems': 373792, 'total_shapes': 4044, 'total_links': 222, 'num_tensors': 56}
2026-08-25 05:11:51,954 [INFO]     [start unswap] -> {'max_bond': 128, 'max_links': 4, 'total_elems': 373792, 'total_shapes': 4044, 'total_links': 222, 'num_tensors': 56}
2026-08-25 05:11:53,478 [INFO]     [0 | both | 0](candidate_pairs: 28/28 | new_swaps: 4 | total: 4) -> {'max_bond': 256, 'max_links': 4, 'total_elems': 489248, 'total_shapes': 4220, 'total_links': 222, 'num_tensors': 56}
2026-08-25 05:11:55,331 [INFO]     [0 | both | 1](candidate_pairs: 27/27 | new_swaps: 6 | total: 10) -> {'max_bond': 256, 'max_links': 4, 'total_elems': 471716, 'total_shapes': 4002, 'total_links': 222, 'num_tensors': 56}
2026-08-25 05:11:56,065 [INFO]     [0 | left | 0](candidate_pairs: 28/28 | new_swaps: 11 | total: 21) -> {'max_bond': 128, 'max_links': 4, 'total_elems': 283836, 'total_shapes': 3316, 'total_links': 222, 'num_tensors': 56}
2026-08-25 05:11:56,487 [INFO]     [0 | left | 1](candidate_pairs: 27/27 | new_swaps: 9 | total: 30) -> {'max_bond': 64, 'max_links': 4, 'total_elems': 197312, 'total_shapes': 2818, 'total_links': 222, 'num_tensors': 56}
2026-08-25 05:11:56,815 [INFO]     [0 | right | 0](candidate_pairs: 28/28 | new_swaps: 6 | total: 36) -> {'max_bond': 64, 'max_links': 4, 'total_elems': 178052, 'total_shapes': 2648, 'total_links': 222, 'num_tensors': 56}
2026-08-25 05:11:57,107 [INFO]     [0 | right | 1](candidate_pairs: 27/27 | new_swaps: 7 | total: 43) -> {'max_bond': 64, 'max_links': 4, 'total_elems': 145684, 'total_shapes': 2410, 'total_links': 222, 'num_tensors': 56}
2026-08-25 05:11:57,588 [INFO]     [1 | both | 0](candidate_pairs: 28/28 | new_swaps: 5 | total: 5) -> {'max_bond': 64, 'max_links': 4, 'total_elems': 120588, 'total_shapes': 2224, 'total_links': 222, 'num_tensors': 56}
2026-08-25 05:11:58,065 [INFO]     [1 | both | 1](candidate_pairs: 27/27 | new_swaps: 5 | total: 10) -> {'max_bond': 64, 'max_links': 4, 'total_elems': 102284, 'total_shapes': 2046, 'total_links': 222, 'num_tensors': 56}
2026-08-25 05:11:58,241 [INFO]     [1 | left | 0](candidate_pairs: 28/28 | new_swaps: 4 | total: 14) -> {'max_bond': 64, 'max_links': 4, 'total_elems': 99660, 'total_shapes': 1974, 'total_links': 222, 'num_tensors': 56}
2026-08-25 05:11:58,437 [INFO]     [1 | left | 1](candidate_pairs: 27/27 | new_swaps: 4 | total: 18) -> {'max_bond': 64, 'max_links': 4, 'total_elems': 94996, 'total_shapes': 1924, 'total_links': 222, 'num_tensors': 56}
2026-08-25 05:11:58,605 [INFO]     [1 | right | 0](candidate_pairs: 28/28 | new_swaps: 5 | total: 23) -> {'max_bond': 64, 'max_links': 4, 'total_elems': 87452, 'total_shapes': 1814, 'total_links': 222, 'num_tensors': 56}
2026-08-25 05:11:58,776 [INFO]     [1 | right | 1](candidate_pairs: 27/27 | new_swaps: 5 | total: 28) -> {'max_bond': 64, 'max_links': 4, 'total_elems': 82576, 'total_shapes': 1728, 'total_links': 222, 'num_tensors': 56}
2026-08-25 05:11:59,093 [INFO]     [2 | both | 0](candidate_pairs: 28/28 | new_swaps: 4 | total: 4) -> {'max_bond': 64, 'max_links': 4, 'total_elems': 79828, 'total_shapes': 1652, 'total_links': 222, 'num_tensors': 56}
2026-08-25 05:11:59,433 [INFO]     [2 | both | 1](candidate_pairs: 27/27 | new_swaps: 3 | total: 7) -> {'max_bond': 64, 'max_links': 4, 'total_elems': 78724, 'total_shapes': 1624, 'total_links': 222, 'num_tensors': 56}
2026-08-25 05:11:59,582 [INFO]     [2 | left | 0](candidate_pairs: 28/28 | new_swaps: 2 | total: 9) -> {'max_bond': 64, 'max_links': 4, 'total_elems': 78164, 'total_shapes': 1604, 'total_links': 222, 'num_tensors': 56}
2026-08-25 05:11:59,693 [INFO]     [2 | left | 1](candidate_pairs: 27/27 | new_swaps: 0 | total: 9) -> {'max_bond': 64, 'max_links': 4, 'total_elems': 78164, 'total_shapes': 1604, 'total_links': 222, 'num_tensors': 56}
2026-08-25 05:11:59,830 [INFO]     [2 | right | 0](candidate_pairs: 28/28 | new_swaps: 1 | total: 10) -> {'max_bond': 64, 'max_links': 4, 'total_elems': 77524, 'total_shapes': 1588, 'total_links': 222, 'num_tensors': 56}
2026-08-25 05:11:59,975 [INFO]     [2 | right | 1](candidate_pairs: 27/27 | new_swaps: 1 | total: 11) -> {'max_bond': 64, 'max_links': 4, 'total_elems': 76756, 'total_shapes': 1572, 'total_links': 222, 'num_tensors': 56}
2026-08-25 05:12:00,279 [INFO]     [3 | both | 0](candidate_pairs: 28/28 | new_swaps: 2 | total: 2) -> {'max_bond': 64, 'max_links': 4, 'total_elems': 75940, 'total_shapes': 1552, 'total_links': 222, 'num_tensors': 56}
2026-08-25 05:12:00,597 [INFO]     [3 | both | 1](candidate_pairs: 27/27 | new_swaps: 1 | total: 3) -> {'max_bond': 64, 'max_links': 4, 'total_elems': 75172, 'total_shapes': 1536, 'total_links': 222, 'num_tensors': 56}
2026-08-25 05:12:00,732 [INFO]     [3 | left | 0](candidate_pairs: 28/28 | new_swaps: 1 | total: 4) -> {'max_bond': 64, 'max_links': 4, 'total_elems': 74788, 'total_shapes': 1520, 'total_links': 222, 'num_tensors': 56}
2026-08-25 05:12:00,840 [INFO]     [3 | left | 1](candidate_pairs: 27/27 | new_swaps: 0 | total: 4) -> {'max_bond': 64, 'max_links': 4, 'total_elems': 74788, 'total_shapes': 1520, 'total_links': 222, 'num_tensors': 56}
2026-08-25 05:12:00,977 [INFO]     [3 | right | 0](candidate_pairs: 28/28 | new_swaps: 1 | total: 5) -> {'max_bond': 64, 'max_links': 4, 'total_elems': 74500, 'total_shapes': 1508, 'total_links': 222, 'num_tensors': 56}
2026-08-25 05:12:01,081 [INFO]     [3 | right | 1](candidate_pairs: 27/27 | new_swaps: 0 | total: 5) -> {'max_bond': 64, 'max_links': 4, 'total_elems': 74500, 'total_shapes': 1508, 'total_links': 222, 'num_tensors': 56}
2026-08-25 05:12:01,295 [INFO]     [4 | both | 0](candidate_pairs: 28/28 | new_swaps: 0 | total: 0) -> {'max_bond': 64, 'max_links': 4, 'total_elems': 74500, 'total_shapes': 1508, 'total_links': 222, 'num_tensors': 56}
2026-08-25 05:12:01,534 [INFO]     [4 | both | 1](candidate_pairs: 27/27 | new_swaps: 0 | total: 0) -> {'max_bond': 64, 'max_links': 4, 'total_elems': 74500, 'total_shapes': 1508, 'total_links': 222, 'num_tensors': 56}
2026-08-25 05:12:01,633 [INFO]     [4 | left | 0](candidate_pairs: 28/28 | new_swaps: 0 | total: 0) -> {'max_bond': 64, 'max_links': 4, 'total_elems': 74500, 'total_shapes': 1508, 'total_links': 222, 'num_tensors': 56}
2026-08-25 05:12:01,740 [INFO]     [4 | left | 1](candidate_pairs: 27/27 | new_swaps: 0 | total: 0) -> {'max_bond': 64, 'max_links': 4, 'total_elems': 74500, 'total_shapes': 1508, 'total_links': 222, 'num_tensors': 56}
2026-08-25 05:12:01,838 [INFO]     [4 | right | 0](candidate_pairs: 28/28 | new_swaps: 0 | total: 0) -> {'max_bond': 64, 'max_links': 4, 'total_elems': 74500, 'total_shapes': 1508, 'total_links': 222, 'num_tensors': 56}
2026-08-25 05:12:01,943 [INFO]     [4 | right | 1](candidate_pairs: 27/27 | new_swaps: 0 | total: 0) -> {'max_bond': 64, 'max_links': 4, 'total_elems': 74500, 'total_shapes': 1508, 'total_links': 222, 'num_tensors': 56}
2026-08-25 05:12:01,943 [INFO]     [end unswap] -> {'max_bond': 64, 'max_links': 4, 'total_elems': 74500, 'total_shapes': 1508, 'total_links': 222, 'num_tensors': 56}
2026-08-25 05:12:04,189 [INFO] [start rewire](phase=post_unswap, cycle=37, side=left, layers=1279, trials=20, seed=123, parallel=False, route_candidates=1, route_score=none)
2026-08-25 05:12:06,011 [INFO] [end rewire](phase=post_unswap, cycle=37, side=left, routed_layers=1443, elapsed_s=1.82)
2026-08-25 05:12:06,011 [INFO] [start rewire](phase=post_unswap, cycle=37, side=right, layers=1594, trials=20, seed=123, parallel=False, route_candidates=1, route_score=none)
2026-08-25 05:12:07,992 [INFO] [end rewire](phase=post_unswap, cycle=37, side=right, routed_layers=1530, elapsed_s=1.98)
2026-08-25 05:12:08,336 [INFO] [1L/1441](swap: 14, u: 0 | c_u: 0 | t_u_l: 55/942 | t_u_r: 75/943 | t_u: 130/1885) -> {'max_bond': 64, 'max_links': 4, 'total_elems': 74500, 'total_shapes': 1508, 'total_links': 222, 'num_tensors': 56}
2026-08-25 05:12:08,551 [INFO] [2L/1441](swap: 9, u: 1 | c_u: 1 | t_u_l: 56/942 | t_u_r: 75/943 | t_u: 131/1885) -> {'max_bond': 128, 'max_links': 4, 'total_elems': 104256, 'total_shapes': 1784, 'total_links': 222, 'num_tensors': 56}
2026-08-25 05:12:08,794 [INFO] [1R/1528](swap: 11, u: 0 | c_u: 1 | t_u_l: 56/942 | t_u_r: 75/943 | t_u: 131/1885) -> {'max_bond': 128, 'max_links': 4, 'total_elems': 166776, 'total_shapes': 2212, 'total_links': 222, 'num_tensors': 56}
2026-08-25 05:12:09,180 [INFO] [3L/1441](swap: 10, u: 0 | c_u: 1 | t_u_l: 56/942 | t_u_r: 75/943 | t_u: 131/1885) -> {'max_bond': 128, 'max_links': 4, 'total_elems': 271992, 'total_shapes': 2552, 'total_links': 222, 'num_tensors': 56}
2026-08-25 05:12:09,701 [INFO]     [start unswap] -> {'max_bond': 128, 'max_links': 4, 'total_elems': 271992, 'total_shapes': 2552, 'total_links': 222, 'num_tensors': 56}
2026-08-25 05:12:11,170 [INFO]     [0 | both | 0](candidate_pairs: 28/28 | new_swaps: 5 | total: 5) -> {'max_bond': 256, 'max_links': 4, 'total_elems': 310544, 'total_shapes': 2640, 'total_links': 222, 'num_tensors': 56}
2026-08-25 05:12:13,191 [INFO]     [0 | both | 1](candidate_pairs: 27/27 | new_swaps: 4 | total: 9) -> {'max_bond': 256, 'max_links': 4, 'total_elems': 236304, 'total_shapes': 2492, 'total_links': 222, 'num_tensors': 56}
2026-08-25 05:12:13,553 [INFO]     [0 | left | 0](candidate_pairs: 28/28 | new_swaps: 11 | total: 20) -> {'max_bond': 64, 'max_links': 4, 'total_elems': 109040, 'total_shapes': 1860, 'total_links': 222, 'num_tensors': 56}
2026-08-25 05:12:13,784 [INFO]     [0 | left | 1](candidate_pairs: 27/27 | new_swaps: 9 | total: 29) -> {'max_bond': 64, 'max_links': 4, 'total_elems': 90848, 'total_shapes': 1662, 'total_links': 222, 'num_tensors': 56}
2026-08-25 05:12:13,940 [INFO]     [0 | right | 0](candidate_pairs: 28/28 | new_swaps: 1 | total: 30) -> {'max_bond': 64, 'max_links': 4, 'total_elems': 78560, 'total_shapes': 1598, 'total_links': 222, 'num_tensors': 56}
2026-08-25 05:12:14,059 [INFO]     [0 | right | 1](candidate_pairs: 27/27 | new_swaps: 0 | total: 30) -> {'max_bond': 64, 'max_links': 4, 'total_elems': 78560, 'total_shapes': 1598, 'total_links': 222, 'num_tensors': 56}
2026-08-25 05:12:14,387 [INFO]     [1 | both | 0](candidate_pairs: 28/28 | new_swaps: 5 | total: 5) -> {'max_bond': 64, 'max_links': 4, 'total_elems': 64612, 'total_shapes': 1496, 'total_links': 222, 'num_tensors': 56}
2026-08-25 05:12:14,671 [INFO]     [1 | both | 1](candidate_pairs: 27/27 | new_swaps: 2 | total: 7) -> {'max_bond': 64, 'max_links': 4, 'total_elems': 63412, 'total_shapes': 1476, 'total_links': 222, 'num_tensors': 56}
2026-08-25 05:12:14,808 [INFO]     [1 | left | 0](candidate_pairs: 28/28 | new_swaps: 2 | total: 9) -> {'max_bond': 64, 'max_links': 4, 'total_elems': 60804, 'total_shapes': 1440, 'total_links': 222, 'num_tensors': 56}
2026-08-25 05:12:14,894 [INFO]     [1 | left | 1](candidate_pairs: 27/27 | new_swaps: 0 | total: 9) -> {'max_bond': 64, 'max_links': 4, 'total_elems': 60804, 'total_shapes': 1440, 'total_links': 222, 'num_tensors': 56}
2026-08-25 05:12:15,027 [INFO]     [1 | right | 0](candidate_pairs: 28/28 | new_swaps: 2 | total: 11) -> {'max_bond': 64, 'max_links': 4, 'total_elems': 57604, 'total_shapes': 1400, 'total_links': 222, 'num_tensors': 56}
2026-08-25 05:12:15,105 [INFO]     [1 | right | 1](candidate_pairs: 27/27 | new_swaps: 0 | total: 11) -> {'max_bond': 64, 'max_links': 4, 'total_elems': 57604, 'total_shapes': 1400, 'total_links': 222, 'num_tensors': 56}
2026-08-25 05:12:15,294 [INFO]     [2 | both | 0](candidate_pairs: 28/28 | new_swaps: 0 | total: 0) -> {'max_bond': 64, 'max_links': 4, 'total_elems': 57604, 'total_shapes': 1400, 'total_links': 222, 'num_tensors': 56}
2026-08-25 05:12:15,530 [INFO]     [2 | both | 1](candidate_pairs: 27/27 | new_swaps: 1 | total: 1) -> {'max_bond': 64, 'max_links': 4, 'total_elems': 53764, 'total_shapes': 1352, 'total_links': 222, 'num_tensors': 56}
2026-08-25 05:12:15,656 [INFO]     [2 | left | 0](candidate_pairs: 28/28 | new_swaps: 1 | total: 2) -> {'max_bond': 64, 'max_links': 4, 'total_elems': 49924, 'total_shapes': 1304, 'total_links': 222, 'num_tensors': 56}
2026-08-25 05:12:15,774 [INFO]     [2 | left | 1](candidate_pairs: 27/27 | new_swaps: 1 | total: 3) -> {'max_bond': 64, 'max_links': 4, 'total_elems': 47364, 'total_shapes': 1272, 'total_links': 222, 'num_tensors': 56}
2026-08-25 05:12:15,843 [INFO]     [2 | right | 0](candidate_pairs: 28/28 | new_swaps: 0 | total: 3) -> {'max_bond': 64, 'max_links': 4, 'total_elems': 47364, 'total_shapes': 1272, 'total_links': 222, 'num_tensors': 56}
2026-08-25 05:12:15,912 [INFO]     [2 | right | 1](candidate_pairs: 27/27 | new_swaps: 0 | total: 3) -> {'max_bond': 64, 'max_links': 4, 'total_elems': 47364, 'total_shapes': 1272, 'total_links': 222, 'num_tensors': 56}
2026-08-25 05:12:16,055 [INFO]     [3 | both | 0](candidate_pairs: 28/28 | new_swaps: 0 | total: 0) -> {'max_bond': 64, 'max_links': 4, 'total_elems': 47364, 'total_shapes': 1272, 'total_links': 222, 'num_tensors': 56}
2026-08-25 05:12:16,200 [INFO]     [3 | both | 1](candidate_pairs: 27/27 | new_swaps: 0 | total: 0) -> {'max_bond': 64, 'max_links': 4, 'total_elems': 47364, 'total_shapes': 1272, 'total_links': 222, 'num_tensors': 56}
2026-08-25 05:12:16,308 [INFO]     [3 | left | 0](candidate_pairs: 28/28 | new_swaps: 1 | total: 1) -> {'max_bond': 64, 'max_links': 4, 'total_elems': 42244, 'total_shapes': 1240, 'total_links': 222, 'num_tensors': 56}
2026-08-25 05:12:16,407 [INFO]     [3 | left | 1](candidate_pairs: 27/27 | new_swaps: 1 | total: 2) -> {'max_bond': 64, 'max_links': 4, 'total_elems': 36100, 'total_shapes': 1176, 'total_links': 222, 'num_tensors': 56}
2026-08-25 05:12:16,460 [INFO]     [3 | right | 0](candidate_pairs: 28/28 | new_swaps: 0 | total: 2) -> {'max_bond': 64, 'max_links': 4, 'total_elems': 36100, 'total_shapes': 1176, 'total_links': 222, 'num_tensors': 56}
2026-08-25 05:12:16,522 [INFO]     [3 | right | 1](candidate_pairs: 27/27 | new_swaps: 0 | total: 2) -> {'max_bond': 64, 'max_links': 4, 'total_elems': 36100, 'total_shapes': 1176, 'total_links': 222, 'num_tensors': 56}
2026-08-25 05:12:16,629 [INFO]     [4 | both | 0](candidate_pairs: 28/28 | new_swaps: 0 | total: 0) -> {'max_bond': 64, 'max_links': 4, 'total_elems': 36100, 'total_shapes': 1176, 'total_links': 222, 'num_tensors': 56}
2026-08-25 05:12:16,755 [INFO]     [4 | both | 1](candidate_pairs: 27/27 | new_swaps: 0 | total: 0) -> {'max_bond': 64, 'max_links': 4, 'total_elems': 36100, 'total_shapes': 1176, 'total_links': 222, 'num_tensors': 56}
2026-08-25 05:12:16,809 [INFO]     [4 | left | 0](candidate_pairs: 28/28 | new_swaps: 0 | total: 0) -> {'max_bond': 64, 'max_links': 4, 'total_elems': 36100, 'total_shapes': 1176, 'total_links': 222, 'num_tensors': 56}
2026-08-25 05:12:16,869 [INFO]     [4 | left | 1](candidate_pairs: 27/27 | new_swaps: 0 | total: 0) -> {'max_bond': 64, 'max_links': 4, 'total_elems': 36100, 'total_shapes': 1176, 'total_links': 222, 'num_tensors': 56}
2026-08-25 05:12:16,962 [INFO]     [4 | right | 0](candidate_pairs: 28/28 | new_swaps: 0 | total: 0) -> {'max_bond': 64, 'max_links': 4, 'total_elems': 36100, 'total_shapes': 1176, 'total_links': 222, 'num_tensors': 56}
2026-08-25 05:12:17,029 [INFO]     [4 | right | 1](candidate_pairs: 27/27 | new_swaps: 0 | total: 0) -> {'max_bond': 64, 'max_links': 4, 'total_elems': 36100, 'total_shapes': 1176, 'total_links': 222, 'num_tensors': 56}
2026-08-25 05:12:17,030 [INFO]     [end unswap] -> {'max_bond': 64, 'max_links': 4, 'total_elems': 36100, 'total_shapes': 1176, 'total_links': 222, 'num_tensors': 56}
2026-08-25 05:12:19,342 [INFO] [start rewire](phase=post_unswap, cycle=38, side=left, layers=1440, trials=20, seed=123, parallel=False, route_candidates=1, route_score=none)
2026-08-25 05:12:21,686 [INFO] [end rewire](phase=post_unswap, cycle=38, side=left, routed_layers=1467, elapsed_s=2.34)
2026-08-25 05:12:21,686 [INFO] [start rewire](phase=post_unswap, cycle=38, side=right, layers=1529, trials=20, seed=123, parallel=False, route_candidates=1, route_score=none)
2026-08-25 05:12:23,091 [INFO] [end rewire](phase=post_unswap, cycle=38, side=right, routed_layers=1602, elapsed_s=1.40)
2026-08-25 05:12:23,397 [INFO] [1L/1465](swap: 11, u: 0 | c_u: 0 | t_u_l: 56/942 | t_u_r: 75/943 | t_u: 131/1885) -> {'max_bond': 64, 'max_links': 4, 'total_elems': 36100, 'total_shapes': 1176, 'total_links': 222, 'num_tensors': 56}
2026-08-25 05:12:23,561 [INFO] [1R/1600](swap: 9, u: 1 | c_u: 1 | t_u_l: 56/942 | t_u_r: 76/943 | t_u: 132/1885) -> {'max_bond': 64, 'max_links': 4, 'total_elems': 47284, 'total_shapes': 1366, 'total_links': 222, 'num_tensors': 56}
2026-08-25 05:12:23,744 [INFO] [2R/1600](swap: 8, u: 1 | c_u: 2 | t_u_l: 56/942 | t_u_r: 77/943 | t_u: 133/1885) -> {'max_bond': 64, 'max_links': 4, 'total_elems': 58844, 'total_shapes': 1574, 'total_links': 222, 'num_tensors': 56}
2026-08-25 05:12:23,936 [INFO] [2L/1465](swap: 10, u: 0 | c_u: 2 | t_u_l: 56/942 | t_u_r: 77/943 | t_u: 133/1885) -> {'max_bond': 64, 'max_links': 4, 'total_elems': 74496, 'total_shapes': 1708, 'total_links': 222, 'num_tensors': 56}
2026-08-25 05:12:24,120 [INFO] [3L/1465](swap: 13, u: 0 | c_u: 2 | t_u_l: 56/942 | t_u_r: 77/943 | t_u: 133/1885) -> {'max_bond': 64, 'max_links': 4, 'total_elems': 83016, 'total_shapes': 1848, 'total_links': 222, 'num_tensors': 56}
2026-08-25 05:12:24,328 [INFO] [3R/1600](swap: 8, u: 0 | c_u: 2 | t_u_l: 56/942 | t_u_r: 77/943 | t_u: 133/1885) -> {'max_bond': 64, 'max_links': 4, 'total_elems': 96200, 'total_shapes': 2008, 'total_links': 222, 'num_tensors': 56}
2026-08-25 05:12:24,550 [INFO] [4R/1600](swap: 8, u: 0 | c_u: 2 | t_u_l: 56/942 | t_u_r: 77/943 | t_u: 133/1885) -> {'max_bond': 64, 'max_links': 4, 'total_elems': 118920, 'total_shapes': 2256, 'total_links': 222, 'num_tensors': 56}
2026-08-25 05:12:24,795 [INFO] [4L/1465](swap: 12, u: 1 | c_u: 3 | t_u_l: 57/942 | t_u_r: 77/943 | t_u: 134/1885) -> {'max_bond': 128, 'max_links': 4, 'total_elems': 162240, 'total_shapes': 2568, 'total_links': 222, 'num_tensors': 56}
2026-08-25 05:12:25,130 [INFO] [5R/1600](swap: 6, u: 1 | c_u: 4 | t_u_l: 57/942 | t_u_r: 78/943 | t_u: 135/1885) -> {'max_bond': 128, 'max_links': 4, 'total_elems': 261696, 'total_shapes': 3148, 'total_links': 222, 'num_tensors': 56}
2026-08-25 05:12:25,633 [INFO]     [start unswap] -> {'max_bond': 128, 'max_links': 4, 'total_elems': 261696, 'total_shapes': 3148, 'total_links': 222, 'num_tensors': 56}
2026-08-25 05:12:26,978 [INFO]     [0 | both | 0](candidate_pairs: 28/28 | new_swaps: 1 | total: 1) -> {'max_bond': 256, 'max_links': 4, 'total_elems': 429280, 'total_shapes': 3802, 'total_links': 222, 'num_tensors': 56}
2026-08-25 05:12:28,508 [INFO]     [0 | both | 1](candidate_pairs: 27/27 | new_swaps: 11 | total: 12) -> {'max_bond': 256, 'max_links': 4, 'total_elems': 336096, 'total_shapes': 3138, 'total_links': 222, 'num_tensors': 56}
2026-08-25 05:12:29,002 [INFO]     [0 | left | 0](candidate_pairs: 28/28 | new_swaps: 7 | total: 19) -> {'max_bond': 128, 'max_links': 4, 'total_elems': 178528, 'total_shapes': 2596, 'total_links': 222, 'num_tensors': 56}
2026-08-25 05:12:29,334 [INFO]     [0 | left | 1](candidate_pairs: 27/27 | new_swaps: 12 | total: 31) -> {'max_bond': 64, 'max_links': 4, 'total_elems': 107040, 'total_shapes': 2160, 'total_links': 222, 'num_tensors': 56}
2026-08-25 05:12:29,512 [INFO]     [0 | right | 0](candidate_pairs: 28/28 | new_swaps: 9 | total: 40) -> {'max_bond': 64, 'max_links': 4, 'total_elems': 83292, 'total_shapes': 1896, 'total_links': 222, 'num_tensors': 56}
2026-08-25 05:12:29,697 [INFO]     [0 | right | 1](candidate_pairs: 27/27 | new_swaps: 6 | total: 46) -> {'max_bond': 64, 'max_links': 4, 'total_elems': 73212, 'total_shapes': 1762, 'total_links': 222, 'num_tensors': 56}
2026-08-25 05:12:29,964 [INFO]     [1 | both | 0](candidate_pairs: 28/28 | new_swaps: 8 | total: 8) -> {'max_bond': 64, 'max_links': 4, 'total_elems': 69196, 'total_shapes': 1622, 'total_links': 222, 'num_tensors': 56}
2026-08-25 05:12:30,303 [INFO]     [1 | both | 1](candidate_pairs: 27/27 | new_swaps: 4 | total: 12) -> {'max_bond': 64, 'max_links': 4, 'total_elems': 64892, 'total_shapes': 1552, 'total_links': 222, 'num_tensors': 56}
2026-08-25 05:12:30,428 [INFO]     [1 | left | 0](candidate_pairs: 28/28 | new_swaps: 4 | total: 16) -> {'max_bond': 64, 'max_links': 4, 'total_elems': 64092, 'total_shapes': 1516, 'total_links': 222, 'num_tensors': 56}
2026-08-25 05:12:30,570 [INFO]     [1 | left | 1](candidate_pairs: 27/27 | new_swaps: 1 | total: 17) -> {'max_bond': 64, 'max_links': 4, 'total_elems': 64020, 'total_shapes': 1510, 'total_links': 222, 'num_tensors': 56}
2026-08-25 05:12:30,643 [INFO]     [1 | right | 0](candidate_pairs: 28/28 | new_swaps: 0 | total: 17) -> {'max_bond': 64, 'max_links': 4, 'total_elems': 64020, 'total_shapes': 1510, 'total_links': 222, 'num_tensors': 56}
2026-08-25 05:12:30,786 [INFO]     [1 | right | 1](candidate_pairs: 27/27 | new_swaps: 1 | total: 18) -> {'max_bond': 64, 'max_links': 4, 'total_elems': 63828, 'total_shapes': 1498, 'total_links': 222, 'num_tensors': 56}
2026-08-25 05:12:31,012 [INFO]     [2 | both | 0](candidate_pairs: 28/28 | new_swaps: 3 | total: 3) -> {'max_bond': 64, 'max_links': 4, 'total_elems': 59868, 'total_shapes': 1442, 'total_links': 222, 'num_tensors': 56}
2026-08-25 05:12:31,303 [INFO]     [2 | both | 1](candidate_pairs: 27/27 | new_swaps: 4 | total: 7) -> {'max_bond': 64, 'max_links': 4, 'total_elems': 54780, 'total_shapes': 1382, 'total_links': 222, 'num_tensors': 56}
2026-08-25 05:12:31,404 [INFO]     [2 | left | 0](candidate_pairs: 28/28 | new_swaps: 1 | total: 8) -> {'max_bond': 64, 'max_links': 4, 'total_elems': 54684, 'total_shapes': 1374, 'total_links': 222, 'num_tensors': 56}
2026-08-25 05:12:31,527 [INFO]     [2 | left | 1](candidate_pairs: 27/27 | new_swaps: 1 | total: 9) -> {'max_bond': 64, 'max_links': 4, 'total_elems': 54620, 'total_shapes': 1370, 'total_links': 222, 'num_tensors': 56}
2026-08-25 05:12:31,630 [INFO]     [2 | right | 0](candidate_pairs: 28/28 | new_swaps: 2 | total: 11) -> {'max_bond': 64, 'max_links': 4, 'total_elems': 45356, 'total_shapes': 1268, 'total_links': 222, 'num_tensors': 56}
2026-08-25 05:12:31,707 [INFO]     [2 | right | 1](candidate_pairs: 27/27 | new_swaps: 0 | total: 11) -> {'max_bond': 64, 'max_links': 4, 'total_elems': 45356, 'total_shapes': 1268, 'total_links': 222, 'num_tensors': 56}
2026-08-25 05:12:31,839 [INFO]     [3 | both | 0](candidate_pairs: 28/28 | new_swaps: 0 | total: 0) -> {'max_bond': 64, 'max_links': 4, 'total_elems': 45356, 'total_shapes': 1268, 'total_links': 222, 'num_tensors': 56}
2026-08-25 05:12:32,003 [INFO]     [3 | both | 1](candidate_pairs: 27/27 | new_swaps: 0 | total: 0) -> {'max_bond': 64, 'max_links': 4, 'total_elems': 45356, 'total_shapes': 1268, 'total_links': 222, 'num_tensors': 56}
2026-08-25 05:12:32,097 [INFO]     [3 | left | 0](candidate_pairs: 28/28 | new_swaps: 1 | total: 1) -> {'max_bond': 64, 'max_links': 4, 'total_elems': 45308, 'total_shapes': 1264, 'total_links': 222, 'num_tensors': 56}
2026-08-25 05:12:32,202 [INFO]     [3 | left | 1](candidate_pairs: 27/27 | new_swaps: 1 | total: 2) -> {'max_bond': 64, 'max_links': 4, 'total_elems': 45260, 'total_shapes': 1260, 'total_links': 222, 'num_tensors': 56}
2026-08-25 05:12:32,265 [INFO]     [3 | right | 0](candidate_pairs: 28/28 | new_swaps: 0 | total: 2) -> {'max_bond': 64, 'max_links': 4, 'total_elems': 45260, 'total_shapes': 1260, 'total_links': 222, 'num_tensors': 56}
2026-08-25 05:12:32,341 [INFO]     [3 | right | 1](candidate_pairs: 27/27 | new_swaps: 0 | total: 2) -> {'max_bond': 64, 'max_links': 4, 'total_elems': 45260, 'total_shapes': 1260, 'total_links': 222, 'num_tensors': 56}
2026-08-25 05:12:32,533 [INFO]     [4 | both | 0](candidate_pairs: 28/28 | new_swaps: 1 | total: 1) -> {'max_bond': 64, 'max_links': 4, 'total_elems': 45212, 'total_shapes': 1254, 'total_links': 222, 'num_tensors': 56}
2026-08-25 05:12:32,755 [INFO]     [4 | both | 1](candidate_pairs: 27/27 | new_swaps: 1 | total: 2) -> {'max_bond': 64, 'max_links': 4, 'total_elems': 45200, 'total_shapes': 1252, 'total_links': 222, 'num_tensors': 56}
2026-08-25 05:12:32,819 [INFO]     [4 | left | 0](candidate_pairs: 28/28 | new_swaps: 0 | total: 2) -> {'max_bond': 64, 'max_links': 4, 'total_elems': 45200, 'total_shapes': 1252, 'total_links': 222, 'num_tensors': 56}
2026-08-25 05:12:32,895 [INFO]     [4 | left | 1](candidate_pairs: 27/27 | new_swaps: 0 | total: 2) -> {'max_bond': 64, 'max_links': 4, 'total_elems': 45200, 'total_shapes': 1252, 'total_links': 222, 'num_tensors': 56}
2026-08-25 05:12:32,959 [INFO]     [4 | right | 0](candidate_pairs: 28/28 | new_swaps: 0 | total: 2) -> {'max_bond': 64, 'max_links': 4, 'total_elems': 45200, 'total_shapes': 1252, 'total_links': 222, 'num_tensors': 56}
2026-08-25 05:12:33,034 [INFO]     [4 | right | 1](candidate_pairs: 27/27 | new_swaps: 0 | total: 2) -> {'max_bond': 64, 'max_links': 4, 'total_elems': 45200, 'total_shapes': 1252, 'total_links': 222, 'num_tensors': 56}
2026-08-25 05:12:33,166 [INFO]     [5 | both | 0](candidate_pairs: 28/28 | new_swaps: 0 | total: 0) -> {'max_bond': 64, 'max_links': 4, 'total_elems': 45200, 'total_shapes': 1252, 'total_links': 222, 'num_tensors': 56}
2026-08-25 05:12:33,331 [INFO]     [5 | both | 1](candidate_pairs: 27/27 | new_swaps: 0 | total: 0) -> {'max_bond': 64, 'max_links': 4, 'total_elems': 45200, 'total_shapes': 1252, 'total_links': 222, 'num_tensors': 56}
2026-08-25 05:12:33,396 [INFO]     [5 | left | 0](candidate_pairs: 28/28 | new_swaps: 0 | total: 0) -> {'max_bond': 64, 'max_links': 4, 'total_elems': 45200, 'total_shapes': 1252, 'total_links': 222, 'num_tensors': 56}
2026-08-25 05:12:33,471 [INFO]     [5 | left | 1](candidate_pairs: 27/27 | new_swaps: 0 | total: 0) -> {'max_bond': 64, 'max_links': 4, 'total_elems': 45200, 'total_shapes': 1252, 'total_links': 222, 'num_tensors': 56}
2026-08-25 05:12:33,534 [INFO]     [5 | right | 0](candidate_pairs: 28/28 | new_swaps: 0 | total: 0) -> {'max_bond': 64, 'max_links': 4, 'total_elems': 45200, 'total_shapes': 1252, 'total_links': 222, 'num_tensors': 56}
2026-08-25 05:12:33,611 [INFO]     [5 | right | 1](candidate_pairs: 27/27 | new_swaps: 0 | total: 0) -> {'max_bond': 64, 'max_links': 4, 'total_elems': 45200, 'total_shapes': 1252, 'total_links': 222, 'num_tensors': 56}
2026-08-25 05:12:33,612 [INFO]     [end unswap] -> {'max_bond': 64, 'max_links': 4, 'total_elems': 45200, 'total_shapes': 1252, 'total_links': 222, 'num_tensors': 56}
2026-08-25 05:12:36,433 [INFO] [start rewire](phase=post_unswap, cycle=39, side=left, layers=1463, trials=20, seed=123, parallel=False, route_candidates=1, route_score=none)
2026-08-25 05:12:38,739 [INFO] [end rewire](phase=post_unswap, cycle=39, side=left, routed_layers=1432, elapsed_s=2.31)
2026-08-25 05:12:38,739 [INFO] [start rewire](phase=post_unswap, cycle=39, side=right, layers=1597, trials=20, seed=123, parallel=False, route_candidates=1, route_score=none)
2026-08-25 05:12:40,696 [INFO] [end rewire](phase=post_unswap, cycle=39, side=right, routed_layers=1639, elapsed_s=1.96)
2026-08-25 05:12:41,012 [INFO] [1L/1430](swap: 11, u: 1 | c_u: 1 | t_u_l: 58/942 | t_u_r: 78/943 | t_u: 136/1885) -> {'max_bond': 64, 'max_links': 4, 'total_elems': 45200, 'total_shapes': 1252, 'total_links': 222, 'num_tensors': 56}
2026-08-25 05:12:41,182 [INFO] [2L/1430](swap: 5, u: 0 | c_u: 1 | t_u_l: 58/942 | t_u_r: 78/943 | t_u: 136/1885) -> {'max_bond': 64, 'max_links': 4, 'total_elems': 57020, 'total_shapes': 1440, 'total_links': 222, 'num_tensors': 56}
2026-08-25 05:12:41,355 [INFO] [3L/1430](swap: 5, u: 0 | c_u: 1 | t_u_l: 58/942 | t_u_r: 78/943 | t_u: 136/1885) -> {'max_bond': 64, 'max_links': 4, 'total_elems': 61476, 'total_shapes': 1522, 'total_links': 222, 'num_tensors': 56}
2026-08-25 05:12:41,532 [INFO] [4L/1430](swap: 5, u: 0 | c_u: 1 | t_u_l: 58/942 | t_u_r: 78/943 | t_u: 136/1885) -> {'max_bond': 64, 'max_links': 4, 'total_elems': 73092, 'total_shapes': 1694, 'total_links': 222, 'num_tensors': 56}
2026-08-25 05:12:41,735 [INFO] [1R/1637](swap: 10, u: 0 | c_u: 1 | t_u_l: 58/942 | t_u_r: 78/943 | t_u: 136/1885) -> {'max_bond': 64, 'max_links': 4, 'total_elems': 100760, 'total_shapes': 1884, 'total_links': 222, 'num_tensors': 56}
2026-08-25 05:12:41,997 [INFO] [2R/1637](swap: 12, u: 0 | c_u: 1 | t_u_l: 58/942 | t_u_r: 78/943 | t_u: 136/1885) -> {'max_bond': 128, 'max_links': 4, 'total_elems': 140288, 'total_shapes': 2250, 'total_links': 222, 'num_tensors': 56}
2026-08-25 05:12:42,325 [INFO] [3R/1637](swap: 11, u: 0 | c_u: 1 | t_u_l: 58/942 | t_u_r: 78/943 | t_u: 136/1885) -> {'max_bond': 128, 'max_links': 4, 'total_elems': 172832, 'total_shapes': 2534, 'total_links': 222, 'num_tensors': 56}
2026-08-25 05:12:42,675 [INFO] [4R/1637](swap: 13, u: 0 | c_u: 1 | t_u_l: 58/942 | t_u_r: 78/943 | t_u: 136/1885) -> {'max_bond': 128, 'max_links': 4, 'total_elems': 242656, 'total_shapes': 3064, 'total_links': 222, 'num_tensors': 56}
2026-08-25 05:12:43,100 [INFO] [5R/1637](swap: 9, u: 0 | c_u: 1 | t_u_l: 58/942 | t_u_r: 78/943 | t_u: 136/1885) -> {'max_bond': 128, 'max_links': 4, 'total_elems': 397764, 'total_shapes': 3882, 'total_links': 222, 'num_tensors': 56}
2026-08-25 05:12:43,691 [INFO]     [start unswap] -> {'max_bond': 128, 'max_links': 4, 'total_elems': 397764, 'total_shapes': 3882, 'total_links': 222, 'num_tensors': 56}
2026-08-25 05:12:45,395 [INFO]     [0 | both | 0](candidate_pairs: 28/28 | new_swaps: 7 | total: 7) -> {'max_bond': 256, 'max_links': 4, 'total_elems': 534624, 'total_shapes': 4120, 'total_links': 222, 'num_tensors': 56}
2026-08-25 05:12:48,347 [INFO]     [0 | both | 1](candidate_pairs: 27/27 | new_swaps: 11 | total: 18) -> {'max_bond': 256, 'max_links': 4, 'total_elems': 442544, 'total_shapes': 3546, 'total_links': 222, 'num_tensors': 56}
2026-08-25 05:12:49,033 [INFO]     [0 | left | 0](candidate_pairs: 28/28 | new_swaps: 9 | total: 27) -> {'max_bond': 128, 'max_links': 4, 'total_elems': 211664, 'total_shapes': 2774, 'total_links': 222, 'num_tensors': 56}
2026-08-25 05:12:49,422 [INFO]     [0 | left | 1](candidate_pairs: 27/27 | new_swaps: 14 | total: 41) -> {'max_bond': 64, 'max_links': 4, 'total_elems': 110744, 'total_shapes': 2170, 'total_links': 222, 'num_tensors': 56}
2026-08-25 05:12:49,600 [INFO]     [0 | right | 0](candidate_pairs: 28/28 | new_swaps: 11 | total: 52) -> {'max_bond': 64, 'max_links': 4, 'total_elems': 82572, 'total_shapes': 1806, 'total_links': 222, 'num_tensors': 56}
2026-08-25 05:12:49,789 [INFO]     [0 | right | 1](candidate_pairs: 27/27 | new_swaps: 6 | total: 58) -> {'max_bond': 64, 'max_links': 4, 'total_elems': 72924, 'total_shapes': 1688, 'total_links': 222, 'num_tensors': 56}
2026-08-25 05:12:50,048 [INFO]     [1 | both | 0](candidate_pairs: 28/28 | new_swaps: 4 | total: 4) -> {'max_bond': 64, 'max_links': 4, 'total_elems': 69600, 'total_shapes': 1598, 'total_links': 222, 'num_tensors': 56}
2026-08-25 05:12:50,401 [INFO]     [1 | both | 1](candidate_pairs: 27/27 | new_swaps: 6 | total: 10) -> {'max_bond': 64, 'max_links': 4, 'total_elems': 62336, 'total_shapes': 1474, 'total_links': 222, 'num_tensors': 56}
2026-08-25 05:12:50,522 [INFO]     [1 | left | 0](candidate_pairs: 28/28 | new_swaps: 4 | total: 14) -> {'max_bond': 64, 'max_links': 4, 'total_elems': 59640, 'total_shapes': 1426, 'total_links': 222, 'num_tensors': 56}
2026-08-25 05:12:50,660 [INFO]     [1 | left | 1](candidate_pairs: 27/27 | new_swaps: 1 | total: 15) -> {'max_bond': 64, 'max_links': 4, 'total_elems': 59600, 'total_shapes': 1422, 'total_links': 222, 'num_tensors': 56}
2026-08-25 05:12:50,760 [INFO]     [1 | right | 0](candidate_pairs: 28/28 | new_swaps: 1 | total: 16) -> {'max_bond': 64, 'max_links': 4, 'total_elems': 59552, 'total_shapes': 1416, 'total_links': 222, 'num_tensors': 56}
2026-08-25 05:12:50,899 [INFO]     [1 | right | 1](candidate_pairs: 27/27 | new_swaps: 1 | total: 17) -> {'max_bond': 64, 'max_links': 4, 'total_elems': 59360, 'total_shapes': 1404, 'total_links': 222, 'num_tensors': 56}
2026-08-25 05:12:51,118 [INFO]     [2 | both | 0](candidate_pairs: 28/28 | new_swaps: 3 | total: 3) -> {'max_bond': 64, 'max_links': 4, 'total_elems': 54832, 'total_shapes': 1336, 'total_links': 222, 'num_tensors': 56}
2026-08-25 05:12:51,384 [INFO]     [2 | both | 1](candidate_pairs: 27/27 | new_swaps: 1 | total: 4) -> {'max_bond': 64, 'max_links': 4, 'total_elems': 50224, 'total_shapes': 1304, 'total_links': 222, 'num_tensors': 56}
2026-08-25 05:12:51,447 [INFO]     [2 | left | 0](candidate_pairs: 28/28 | new_swaps: 0 | total: 4) -> {'max_bond': 64, 'max_links': 4, 'total_elems': 50224, 'total_shapes': 1304, 'total_links': 222, 'num_tensors': 56}
2026-08-25 05:12:51,532 [INFO]     [2 | left | 1](candidate_pairs: 27/27 | new_swaps: 0 | total: 4) -> {'max_bond': 64, 'max_links': 4, 'total_elems': 50224, 'total_shapes': 1304, 'total_links': 222, 'num_tensors': 56}
2026-08-25 05:12:51,628 [INFO]     [2 | right | 0](candidate_pairs: 28/28 | new_swaps: 1 | total: 5) -> {'max_bond': 64, 'max_links': 4, 'total_elems': 41008, 'total_shapes': 1208, 'total_links': 222, 'num_tensors': 56}
2026-08-25 05:12:51,701 [INFO]     [2 | right | 1](candidate_pairs: 27/27 | new_swaps: 0 | total: 5) -> {'max_bond': 64, 'max_links': 4, 'total_elems': 41008, 'total_shapes': 1208, 'total_links': 222, 'num_tensors': 56}
2026-08-25 05:12:51,816 [INFO]     [3 | both | 0](candidate_pairs: 28/28 | new_swaps: 0 | total: 0) -> {'max_bond': 64, 'max_links': 4, 'total_elems': 41008, 'total_shapes': 1208, 'total_links': 222, 'num_tensors': 56}
2026-08-25 05:12:51,971 [INFO]     [3 | both | 1](candidate_pairs: 27/27 | new_swaps: 0 | total: 0) -> {'max_bond': 64, 'max_links': 4, 'total_elems': 41008, 'total_shapes': 1208, 'total_links': 222, 'num_tensors': 56}
2026-08-25 05:12:52,028 [INFO]     [3 | left | 0](candidate_pairs: 28/28 | new_swaps: 0 | total: 0) -> {'max_bond': 64, 'max_links': 4, 'total_elems': 41008, 'total_shapes': 1208, 'total_links': 222, 'num_tensors': 56}
2026-08-25 05:12:52,099 [INFO]     [3 | left | 1](candidate_pairs: 27/27 | new_swaps: 0 | total: 0) -> {'max_bond': 64, 'max_links': 4, 'total_elems': 41008, 'total_shapes': 1208, 'total_links': 222, 'num_tensors': 56}
2026-08-25 05:12:52,155 [INFO]     [3 | right | 0](candidate_pairs: 28/28 | new_swaps: 0 | total: 0) -> {'max_bond': 64, 'max_links': 4, 'total_elems': 41008, 'total_shapes': 1208, 'total_links': 222, 'num_tensors': 56}
2026-08-25 05:12:52,227 [INFO]     [3 | right | 1](candidate_pairs: 27/27 | new_swaps: 0 | total: 0) -> {'max_bond': 64, 'max_links': 4, 'total_elems': 41008, 'total_shapes': 1208, 'total_links': 222, 'num_tensors': 56}
2026-08-25 05:12:52,228 [INFO]     [end unswap] -> {'max_bond': 64, 'max_links': 4, 'total_elems': 41008, 'total_shapes': 1208, 'total_links': 222, 'num_tensors': 56}
2026-08-25 05:12:54,152 [INFO] [start rewire](phase=post_unswap, cycle=40, side=left, layers=1428, trials=20, seed=123, parallel=False, route_candidates=1, route_score=none)
2026-08-25 05:12:56,339 [INFO] [end rewire](phase=post_unswap, cycle=40, side=left, routed_layers=1331, elapsed_s=2.19)
2026-08-25 05:12:56,339 [INFO] [start rewire](phase=post_unswap, cycle=40, side=right, layers=1634, trials=20, seed=123, parallel=False, route_candidates=1, route_score=none)
2026-08-25 05:12:58,324 [INFO] [end rewire](phase=post_unswap, cycle=40, side=right, routed_layers=1541, elapsed_s=1.98)
2026-08-25 05:12:58,647 [INFO] [1L/1329](swap: 16, u: 0 | c_u: 0 | t_u_l: 58/942 | t_u_r: 78/943 | t_u: 136/1885) -> {'max_bond': 64, 'max_links': 4, 'total_elems': 41008, 'total_shapes': 1208, 'total_links': 222, 'num_tensors': 56}
2026-08-25 05:12:58,830 [INFO] [1R/1539](swap: 9, u: 0 | c_u: 0 | t_u_l: 58/942 | t_u_r: 78/943 | t_u: 136/1885) -> {'max_bond': 64, 'max_links': 4, 'total_elems': 51904, 'total_shapes': 1388, 'total_links': 222, 'num_tensors': 56}
2026-08-25 05:12:59,031 [INFO] [2R/1539](swap: 12, u: 0 | c_u: 0 | t_u_l: 58/942 | t_u_r: 78/943 | t_u: 136/1885) -> {'max_bond': 64, 'max_links': 4, 'total_elems': 66832, 'total_shapes': 1656, 'total_links': 222, 'num_tensors': 56}
2026-08-25 05:12:59,253 [INFO] [2L/1329](swap: 12, u: 0 | c_u: 0 | t_u_l: 58/942 | t_u_r: 78/943 | t_u: 136/1885) -> {'max_bond': 64, 'max_links': 4, 'total_elems': 94208, 'total_shapes': 1856, 'total_links': 222, 'num_tensors': 56}
2026-08-25 05:12:59,473 [INFO] [3R/1539](swap: 14, u: 0 | c_u: 0 | t_u_l: 58/942 | t_u_r: 78/943 | t_u: 136/1885) -> {'max_bond': 64, 'max_links': 4, 'total_elems': 124016, 'total_shapes': 2224, 'total_links': 222, 'num_tensors': 56}
2026-08-25 05:12:59,728 [INFO] [3L/1329](swap: 12, u: 1 | c_u: 1 | t_u_l: 59/942 | t_u_r: 78/943 | t_u: 137/1885) -> {'max_bond': 64, 'max_links': 4, 'total_elems': 152672, 'total_shapes': 2460, 'total_links': 222, 'num_tensors': 56}
2026-08-25 05:13:00,023 [INFO] [4R/1539](swap: 13, u: 1 | c_u: 2 | t_u_l: 59/942 | t_u_r: 79/943 | t_u: 138/1885) -> {'max_bond': 64, 'max_links': 4, 'total_elems': 188736, 'total_shapes': 2850, 'total_links': 222, 'num_tensors': 56}
2026-08-25 05:13:00,398 [INFO] [5R/1539](swap: 10, u: 1 | c_u: 3 | t_u_l: 59/942 | t_u_r: 80/943 | t_u: 139/1885) -> {'max_bond': 128, 'max_links': 4, 'total_elems': 289472, 'total_shapes': 3456, 'total_links': 222, 'num_tensors': 56}
2026-08-25 05:13:01,035 [INFO] [4L/1329](swap: 13, u: 0 | c_u: 3 | t_u_l: 59/942 | t_u_r: 80/943 | t_u: 139/1885) -> {'max_bond': 128, 'max_links': 4, 'total_elems': 415136, 'total_shapes': 4078, 'total_links': 222, 'num_tensors': 56}
2026-08-25 05:13:01,888 [INFO] [6R/1539](swap: 10, u: 0 | c_u: 3 | t_u_l: 59/942 | t_u_r: 80/943 | t_u: 139/1885) -> {'max_bond': 128, 'max_links': 4, 'total_elems': 696740, 'total_shapes': 5152, 'total_links': 222, 'num_tensors': 56}
2026-08-25 05:13:03,266 [INFO]     [start unswap] -> {'max_bond': 128, 'max_links': 4, 'total_elems': 696740, 'total_shapes': 5152, 'total_links': 222, 'num_tensors': 56}
2026-08-25 05:13:09,269 [INFO]     [0 | both | 0](candidate_pairs: 28/28 | new_swaps: 3 | total: 3) -> {'max_bond': 256, 'max_links': 4, 'total_elems': 1124228, 'total_shapes': 6132, 'total_links': 222, 'num_tensors': 56}
2026-08-25 05:13:14,355 [INFO]     [0 | both | 1](candidate_pairs: 27/27 | new_swaps: 12 | total: 15) -> {'max_bond': 256, 'max_links': 4, 'total_elems': 731816, 'total_shapes': 4958, 'total_links': 222, 'num_tensors': 56}
2026-08-25 05:13:15,582 [INFO]     [0 | left | 0](candidate_pairs: 28/28 | new_swaps: 12 | total: 27) -> {'max_bond': 128, 'max_links': 4, 'total_elems': 306872, 'total_shapes': 3614, 'total_links': 222, 'num_tensors': 56}
2026-08-25 05:13:16,090 [INFO]     [0 | left | 1](candidate_pairs: 27/27 | new_swaps: 16 | total: 43) -> {'max_bond': 64, 'max_links': 4, 'total_elems': 177224, 'total_shapes': 2762, 'total_links': 222, 'num_tensors': 56}
2026-08-25 05:13:16,359 [INFO]     [0 | right | 0](candidate_pairs: 28/28 | new_swaps: 6 | total: 49) -> {'max_bond': 64, 'max_links': 4, 'total_elems': 132040, 'total_shapes': 2466, 'total_links': 222, 'num_tensors': 56}
2026-08-25 05:13:16,598 [INFO]     [0 | right | 1](candidate_pairs: 27/27 | new_swaps: 7 | total: 56) -> {'max_bond': 64, 'max_links': 4, 'total_elems': 115264, 'total_shapes': 2300, 'total_links': 222, 'num_tensors': 56}
2026-08-25 05:13:16,969 [INFO]     [1 | both | 0](candidate_pairs: 28/28 | new_swaps: 4 | total: 4) -> {'max_bond': 64, 'max_links': 4, 'total_elems': 107864, 'total_shapes': 2202, 'total_links': 222, 'num_tensors': 56}
2026-08-25 05:13:17,408 [INFO]     [1 | both | 1](candidate_pairs: 27/27 | new_swaps: 5 | total: 9) -> {'max_bond': 64, 'max_links': 4, 'total_elems': 101048, 'total_shapes': 2086, 'total_links': 222, 'num_tensors': 56}
2026-08-25 05:13:17,583 [INFO]     [1 | left | 0](candidate_pairs: 28/28 | new_swaps: 7 | total: 16) -> {'max_bond': 64, 'max_links': 4, 'total_elems': 95720, 'total_shapes': 1992, 'total_links': 222, 'num_tensors': 56}
2026-08-25 05:13:17,758 [INFO]     [1 | left | 1](candidate_pairs: 27/27 | new_swaps: 1 | total: 17) -> {'max_bond': 64, 'max_links': 4, 'total_elems': 95528, 'total_shapes': 1980, 'total_links': 222, 'num_tensors': 56}
2026-08-25 05:13:17,862 [INFO]     [1 | right | 0](candidate_pairs: 28/28 | new_swaps: 0 | total: 17) -> {'max_bond': 64, 'max_links': 4, 'total_elems': 95528, 'total_shapes': 1980, 'total_links': 222, 'num_tensors': 56}
2026-08-25 05:13:17,995 [INFO]     [1 | right | 1](candidate_pairs: 27/27 | new_swaps: 0 | total: 17) -> {'max_bond': 64, 'max_links': 4, 'total_elems': 95528, 'total_shapes': 1980, 'total_links': 222, 'num_tensors': 56}
2026-08-25 05:13:18,319 [INFO]     [2 | both | 0](candidate_pairs: 28/28 | new_swaps: 2 | total: 2) -> {'max_bond': 64, 'max_links': 4, 'total_elems': 92648, 'total_shapes': 1944, 'total_links': 222, 'num_tensors': 56}
2026-08-25 05:13:18,711 [INFO]     [2 | both | 1](candidate_pairs: 27/27 | new_swaps: 4 | total: 6) -> {'max_bond': 64, 'max_links': 4, 'total_elems': 91396, 'total_shapes': 1908, 'total_links': 222, 'num_tensors': 56}
2026-08-25 05:13:18,815 [INFO]     [2 | left | 0](candidate_pairs: 28/28 | new_swaps: 0 | total: 6) -> {'max_bond': 64, 'max_links': 4, 'total_elems': 91396, 'total_shapes': 1908, 'total_links': 222, 'num_tensors': 56}
2026-08-25 05:13:18,945 [INFO]     [2 | left | 1](candidate_pairs: 27/27 | new_swaps: 0 | total: 6) -> {'max_bond': 64, 'max_links': 4, 'total_elems': 91396, 'total_shapes': 1908, 'total_links': 222, 'num_tensors': 56}
2026-08-25 05:13:19,046 [INFO]     [2 | right | 0](candidate_pairs: 28/28 | new_swaps: 0 | total: 6) -> {'max_bond': 64, 'max_links': 4, 'total_elems': 91396, 'total_shapes': 1908, 'total_links': 222, 'num_tensors': 56}
2026-08-25 05:13:19,177 [INFO]     [2 | right | 1](candidate_pairs: 27/27 | new_swaps: 0 | total: 6) -> {'max_bond': 64, 'max_links': 4, 'total_elems': 91396, 'total_shapes': 1908, 'total_links': 222, 'num_tensors': 56}
2026-08-25 05:13:19,488 [INFO]     [3 | both | 0](candidate_pairs: 28/28 | new_swaps: 3 | total: 3) -> {'max_bond': 64, 'max_links': 4, 'total_elems': 90088, 'total_shapes': 1886, 'total_links': 222, 'num_tensors': 56}
2026-08-25 05:13:19,861 [INFO]     [3 | both | 1](candidate_pairs: 27/27 | new_swaps: 2 | total: 5) -> {'max_bond': 64, 'max_links': 4, 'total_elems': 88336, 'total_shapes': 1848, 'total_links': 222, 'num_tensors': 56}
2026-08-25 05:13:19,962 [INFO]     [3 | left | 0](candidate_pairs: 28/28 | new_swaps: 0 | total: 5) -> {'max_bond': 64, 'max_links': 4, 'total_elems': 88336, 'total_shapes': 1848, 'total_links': 222, 'num_tensors': 56}
2026-08-25 05:13:20,089 [INFO]     [3 | left | 1](candidate_pairs: 27/27 | new_swaps: 0 | total: 5) -> {'max_bond': 64, 'max_links': 4, 'total_elems': 88336, 'total_shapes': 1848, 'total_links': 222, 'num_tensors': 56}
2026-08-25 05:13:20,186 [INFO]     [3 | right | 0](candidate_pairs: 28/28 | new_swaps: 0 | total: 5) -> {'max_bond': 64, 'max_links': 4, 'total_elems': 88336, 'total_shapes': 1848, 'total_links': 222, 'num_tensors': 56}
2026-08-25 05:13:20,314 [INFO]     [3 | right | 1](candidate_pairs: 27/27 | new_swaps: 0 | total: 5) -> {'max_bond': 64, 'max_links': 4, 'total_elems': 88336, 'total_shapes': 1848, 'total_links': 222, 'num_tensors': 56}
2026-08-25 05:13:20,523 [INFO]     [4 | both | 0](candidate_pairs: 28/28 | new_swaps: 0 | total: 0) -> {'max_bond': 64, 'max_links': 4, 'total_elems': 88336, 'total_shapes': 1848, 'total_links': 222, 'num_tensors': 56}
2026-08-25 05:13:20,812 [INFO]     [4 | both | 1](candidate_pairs: 27/27 | new_swaps: 0 | total: 0) -> {'max_bond': 64, 'max_links': 4, 'total_elems': 88336, 'total_shapes': 1848, 'total_links': 222, 'num_tensors': 56}
2026-08-25 05:13:20,914 [INFO]     [4 | left | 0](candidate_pairs: 28/28 | new_swaps: 0 | total: 0) -> {'max_bond': 64, 'max_links': 4, 'total_elems': 88336, 'total_shapes': 1848, 'total_links': 222, 'num_tensors': 56}
2026-08-25 05:13:21,041 [INFO]     [4 | left | 1](candidate_pairs: 27/27 | new_swaps: 0 | total: 0) -> {'max_bond': 64, 'max_links': 4, 'total_elems': 88336, 'total_shapes': 1848, 'total_links': 222, 'num_tensors': 56}
2026-08-25 05:13:21,138 [INFO]     [4 | right | 0](candidate_pairs: 28/28 | new_swaps: 0 | total: 0) -> {'max_bond': 64, 'max_links': 4, 'total_elems': 88336, 'total_shapes': 1848, 'total_links': 222, 'num_tensors': 56}
2026-08-25 05:13:21,266 [INFO]     [4 | right | 1](candidate_pairs: 27/27 | new_swaps: 0 | total: 0) -> {'max_bond': 64, 'max_links': 4, 'total_elems': 88336, 'total_shapes': 1848, 'total_links': 222, 'num_tensors': 56}
2026-08-25 05:13:21,267 [INFO]     [end unswap] -> {'max_bond': 64, 'max_links': 4, 'total_elems': 88336, 'total_shapes': 1848, 'total_links': 222, 'num_tensors': 56}
2026-08-25 05:13:23,712 [INFO] [start rewire](phase=post_unswap, cycle=41, side=left, layers=1327, trials=20, seed=123, parallel=False, route_candidates=1, route_score=none)
2026-08-25 05:13:25,471 [INFO] [end rewire](phase=post_unswap, cycle=41, side=left, routed_layers=1451, elapsed_s=1.76)
2026-08-25 05:13:25,471 [INFO] [start rewire](phase=post_unswap, cycle=41, side=right, layers=1535, trials=20, seed=123, parallel=False, route_candidates=1, route_score=none)
2026-08-25 05:13:27,452 [INFO] [end rewire](phase=post_unswap, cycle=41, side=right, routed_layers=1515, elapsed_s=1.98)
2026-08-25 05:13:27,811 [INFO] [1L/1449](swap: 14, u: 0 | c_u: 0 | t_u_l: 59/942 | t_u_r: 80/943 | t_u: 139/1885) -> {'max_bond': 64, 'max_links': 4, 'total_elems': 88336, 'total_shapes': 1848, 'total_links': 222, 'num_tensors': 56}
2026-08-25 05:13:28,053 [INFO] [1R/1513](swap: 10, u: 0 | c_u: 0 | t_u_l: 59/942 | t_u_r: 80/943 | t_u: 139/1885) -> {'max_bond': 128, 'max_links': 4, 'total_elems': 116092, 'total_shapes': 2126, 'total_links': 222, 'num_tensors': 56}
2026-08-25 05:13:28,377 [INFO] [2R/1513](swap: 12, u: 0 | c_u: 0 | t_u_l: 59/942 | t_u_r: 80/943 | t_u: 139/1885) -> {'max_bond': 128, 'max_links': 4, 'total_elems': 215200, 'total_shapes': 2596, 'total_links': 222, 'num_tensors': 56}
2026-08-25 05:13:28,787 [INFO] [3R/1513](swap: 10, u: 0 | c_u: 0 | t_u_l: 59/942 | t_u_r: 80/943 | t_u: 139/1885) -> {'max_bond': 128, 'max_links': 4, 'total_elems': 276000, 'total_shapes': 3138, 'total_links': 222, 'num_tensors': 56}
2026-08-25 05:13:29,250 [INFO] [4R/1513](swap: 8, u: 1 | c_u: 1 | t_u_l: 59/942 | t_u_r: 81/943 | t_u: 140/1885) -> {'max_bond': 128, 'max_links': 4, 'total_elems': 371232, 'total_shapes': 3680, 'total_links': 222, 'num_tensors': 56}
2026-08-25 05:13:29,810 [INFO] [5R/1513](swap: 6, u: 1 | c_u: 2 | t_u_l: 59/942 | t_u_r: 82/943 | t_u: 141/1885) -> {'max_bond': 128, 'max_links': 4, 'total_elems': 526776, 'total_shapes': 4266, 'total_links': 222, 'num_tensors': 56}
2026-08-25 05:13:30,487 [INFO] [6R/1513](swap: 5, u: 1 | c_u: 3 | t_u_l: 59/942 | t_u_r: 83/943 | t_u: 142/1885) -> {'max_bond': 128, 'max_links': 4, 'total_elems': 616776, 'total_shapes': 4784, 'total_links': 222, 'num_tensors': 56}
2026-08-25 05:13:31,274 [INFO] [7R/1513](swap: 4, u: 1 | c_u: 4 | t_u_l: 59/942 | t_u_r: 84/943 | t_u: 143/1885) -> {'max_bond': 128, 'max_links': 4, 'total_elems': 814576, 'total_shapes': 5422, 'total_links': 222, 'num_tensors': 56}
2026-08-25 05:13:32,316 [INFO]     [start unswap] -> {'max_bond': 128, 'max_links': 4, 'total_elems': 814576, 'total_shapes': 5422, 'total_links': 222, 'num_tensors': 56}
2026-08-25 05:13:37,935 [INFO]     [0 | both | 0](candidate_pairs: 28/28 | new_swaps: 5 | total: 5) -> {'max_bond': 256, 'max_links': 4, 'total_elems': 749704, 'total_shapes': 5196, 'total_links': 222, 'num_tensors': 56}
2026-08-25 05:13:39,983 [INFO]     [0 | both | 1](candidate_pairs: 27/27 | new_swaps: 11 | total: 16) -> {'max_bond': 128, 'max_links': 4, 'total_elems': 394888, 'total_shapes': 3856, 'total_links': 222, 'num_tensors': 56}
2026-08-25 05:13:40,555 [INFO]     [0 | left | 0](candidate_pairs: 28/28 | new_swaps: 5 | total: 21) -> {'max_bond': 128, 'max_links': 4, 'total_elems': 380224, 'total_shapes': 3732, 'total_links': 222, 'num_tensors': 56}
2026-08-25 05:13:41,351 [INFO]     [0 | left | 1](candidate_pairs: 27/27 | new_swaps: 11 | total: 32) -> {'max_bond': 128, 'max_links': 4, 'total_elems': 222600, 'total_shapes': 3150, 'total_links': 222, 'num_tensors': 56}
2026-08-25 05:13:41,656 [INFO]     [0 | right | 0](candidate_pairs: 28/28 | new_swaps: 7 | total: 39) -> {'max_bond': 64, 'max_links': 4, 'total_elems': 128864, 'total_shapes': 2460, 'total_links': 222, 'num_tensors': 56}
2026-08-25 05:13:41,889 [INFO]     [0 | right | 1](candidate_pairs: 27/27 | new_swaps: 7 | total: 46) -> {'max_bond': 64, 'max_links': 4, 'total_elems': 113136, 'total_shapes': 2266, 'total_links': 222, 'num_tensors': 56}
2026-08-25 05:13:42,264 [INFO]     [1 | both | 0](candidate_pairs: 28/28 | new_swaps: 8 | total: 8) -> {'max_bond': 64, 'max_links': 4, 'total_elems': 90960, 'total_shapes': 2016, 'total_links': 222, 'num_tensors': 56}
2026-08-25 05:13:42,617 [INFO]     [1 | both | 1](candidate_pairs: 27/27 | new_swaps: 3 | total: 11) -> {'max_bond': 64, 'max_links': 4, 'total_elems': 86916, 'total_shapes': 1958, 'total_links': 222, 'num_tensors': 56}
2026-08-25 05:13:42,771 [INFO]     [1 | left | 0](candidate_pairs: 28/28 | new_swaps: 5 | total: 16) -> {'max_bond': 64, 'max_links': 4, 'total_elems': 85036, 'total_shapes': 1898, 'total_links': 222, 'num_tensors': 56}
2026-08-25 05:13:42,919 [INFO]     [1 | left | 1](candidate_pairs: 27/27 | new_swaps: 1 | total: 17) -> {'max_bond': 64, 'max_links': 4, 'total_elems': 84524, 'total_shapes': 1882, 'total_links': 222, 'num_tensors': 56}
2026-08-25 05:13:43,077 [INFO]     [1 | right | 0](candidate_pairs: 28/28 | new_swaps: 3 | total: 20) -> {'max_bond': 64, 'max_links': 4, 'total_elems': 77356, 'total_shapes': 1802, 'total_links': 222, 'num_tensors': 56}
2026-08-25 05:13:43,220 [INFO]     [1 | right | 1](candidate_pairs: 27/27 | new_swaps: 3 | total: 23) -> {'max_bond': 64, 'max_links': 4, 'total_elems': 76204, 'total_shapes': 1766, 'total_links': 222, 'num_tensors': 56}
2026-08-25 05:13:43,499 [INFO]     [2 | both | 0](candidate_pairs: 28/28 | new_swaps: 1 | total: 1) -> {'max_bond': 64, 'max_links': 4, 'total_elems': 76192, 'total_shapes': 1764, 'total_links': 222, 'num_tensors': 56}
2026-08-25 05:13:43,787 [INFO]     [2 | both | 1](candidate_pairs: 27/27 | new_swaps: 2 | total: 3) -> {'max_bond': 64, 'max_links': 4, 'total_elems': 75808, 'total_shapes': 1748, 'total_links': 222, 'num_tensors': 56}
2026-08-25 05:13:43,878 [INFO]     [2 | left | 0](candidate_pairs: 28/28 | new_swaps: 0 | total: 3) -> {'max_bond': 64, 'max_links': 4, 'total_elems': 75808, 'total_shapes': 1748, 'total_links': 222, 'num_tensors': 56}
2026-08-25 05:13:43,974 [INFO]     [2 | left | 1](candidate_pairs: 27/27 | new_swaps: 0 | total: 3) -> {'max_bond': 64, 'max_links': 4, 'total_elems': 75808, 'total_shapes': 1748, 'total_links': 222, 'num_tensors': 56}
2026-08-25 05:13:44,103 [INFO]     [2 | right | 0](candidate_pairs: 28/28 | new_swaps: 1 | total: 4) -> {'max_bond': 64, 'max_links': 4, 'total_elems': 75616, 'total_shapes': 1736, 'total_links': 222, 'num_tensors': 56}
2026-08-25 05:13:44,195 [INFO]     [2 | right | 1](candidate_pairs: 27/27 | new_swaps: 0 | total: 4) -> {'max_bond': 64, 'max_links': 4, 'total_elems': 75616, 'total_shapes': 1736, 'total_links': 222, 'num_tensors': 56}
2026-08-25 05:13:44,479 [INFO]     [3 | both | 0](candidate_pairs: 28/28 | new_swaps: 2 | total: 2) -> {'max_bond': 64, 'max_links': 4, 'total_elems': 75376, 'total_shapes': 1724, 'total_links': 222, 'num_tensors': 56}
2026-08-25 05:13:44,764 [INFO]     [3 | both | 1](candidate_pairs: 27/27 | new_swaps: 1 | total: 3) -> {'max_bond': 64, 'max_links': 4, 'total_elems': 75344, 'total_shapes': 1720, 'total_links': 222, 'num_tensors': 56}
2026-08-25 05:13:44,856 [INFO]     [3 | left | 0](candidate_pairs: 28/28 | new_swaps: 0 | total: 3) -> {'max_bond': 64, 'max_links': 4, 'total_elems': 75344, 'total_shapes': 1720, 'total_links': 222, 'num_tensors': 56}
2026-08-25 05:13:44,953 [INFO]     [3 | left | 1](candidate_pairs: 27/27 | new_swaps: 0 | total: 3) -> {'max_bond': 64, 'max_links': 4, 'total_elems': 75344, 'total_shapes': 1720, 'total_links': 222, 'num_tensors': 56}
2026-08-25 05:13:45,044 [INFO]     [3 | right | 0](candidate_pairs: 28/28 | new_swaps: 0 | total: 3) -> {'max_bond': 64, 'max_links': 4, 'total_elems': 75344, 'total_shapes': 1720, 'total_links': 222, 'num_tensors': 56}
2026-08-25 05:13:45,136 [INFO]     [3 | right | 1](candidate_pairs: 27/27 | new_swaps: 0 | total: 3) -> {'max_bond': 64, 'max_links': 4, 'total_elems': 75344, 'total_shapes': 1720, 'total_links': 222, 'num_tensors': 56}
2026-08-25 05:13:45,340 [INFO]     [4 | both | 0](candidate_pairs: 28/28 | new_swaps: 0 | total: 0) -> {'max_bond': 64, 'max_links': 4, 'total_elems': 75344, 'total_shapes': 1720, 'total_links': 222, 'num_tensors': 56}
2026-08-25 05:13:45,554 [INFO]     [4 | both | 1](candidate_pairs: 27/27 | new_swaps: 0 | total: 0) -> {'max_bond': 64, 'max_links': 4, 'total_elems': 75344, 'total_shapes': 1720, 'total_links': 222, 'num_tensors': 56}
2026-08-25 05:13:45,646 [INFO]     [4 | left | 0](candidate_pairs: 28/28 | new_swaps: 0 | total: 0) -> {'max_bond': 64, 'max_links': 4, 'total_elems': 75344, 'total_shapes': 1720, 'total_links': 222, 'num_tensors': 56}
2026-08-25 05:13:45,741 [INFO]     [4 | left | 1](candidate_pairs: 27/27 | new_swaps: 0 | total: 0) -> {'max_bond': 64, 'max_links': 4, 'total_elems': 75344, 'total_shapes': 1720, 'total_links': 222, 'num_tensors': 56}
2026-08-25 05:13:45,832 [INFO]     [4 | right | 0](candidate_pairs: 28/28 | new_swaps: 0 | total: 0) -> {'max_bond': 64, 'max_links': 4, 'total_elems': 75344, 'total_shapes': 1720, 'total_links': 222, 'num_tensors': 56}
2026-08-25 05:13:45,925 [INFO]     [4 | right | 1](candidate_pairs: 27/27 | new_swaps: 0 | total: 0) -> {'max_bond': 64, 'max_links': 4, 'total_elems': 75344, 'total_shapes': 1720, 'total_links': 222, 'num_tensors': 56}
2026-08-25 05:13:45,926 [INFO]     [end unswap] -> {'max_bond': 64, 'max_links': 4, 'total_elems': 75344, 'total_shapes': 1720, 'total_links': 222, 'num_tensors': 56}
2026-08-25 05:13:48,450 [INFO] [start rewire](phase=post_unswap, cycle=42, side=left, layers=1450, trials=20, seed=123, parallel=False, route_candidates=1, route_score=none)
2026-08-25 05:13:50,269 [INFO] [end rewire](phase=post_unswap, cycle=42, side=left, routed_layers=1470, elapsed_s=1.82)
2026-08-25 05:13:50,270 [INFO] [start rewire](phase=post_unswap, cycle=42, side=right, layers=1508, trials=20, seed=123, parallel=False, route_candidates=1, route_score=none)
2026-08-25 05:13:52,265 [INFO] [end rewire](phase=post_unswap, cycle=42, side=right, routed_layers=1551, elapsed_s=2.00)
2026-08-25 05:13:52,629 [INFO] [1L/1468](swap: 14, u: 1 | c_u: 1 | t_u_l: 60/942 | t_u_r: 84/943 | t_u: 144/1885) -> {'max_bond': 64, 'max_links': 4, 'total_elems': 75324, 'total_shapes': 1718, 'total_links': 222, 'num_tensors': 56}
2026-08-25 05:13:52,863 [INFO] [1R/1549](swap: 10, u: 1 | c_u: 2 | t_u_l: 60/942 | t_u_r: 85/943 | t_u: 145/1885) -> {'max_bond': 128, 'max_links': 4, 'total_elems': 127992, 'total_shapes': 2118, 'total_links': 222, 'num_tensors': 56}
2026-08-25 05:13:53,185 [INFO] [2R/1549](swap: 7, u: 1 | c_u: 3 | t_u_l: 60/942 | t_u_r: 86/943 | t_u: 146/1885) -> {'max_bond': 128, 'max_links': 4, 'total_elems': 200288, 'total_shapes': 2438, 'total_links': 222, 'num_tensors': 56}
2026-08-25 05:13:53,556 [INFO] [3R/1549](swap: 7, u: 0 | c_u: 3 | t_u_l: 60/942 | t_u_r: 86/943 | t_u: 146/1885) -> {'max_bond': 128, 'max_links': 4, 'total_elems': 224352, 'total_shapes': 2682, 'total_links': 222, 'num_tensors': 56}
2026-08-25 05:13:53,951 [INFO] [4R/1549](swap: 6, u: 0 | c_u: 3 | t_u_l: 60/942 | t_u_r: 86/943 | t_u: 146/1885) -> {'max_bond': 128, 'max_links': 4, 'total_elems': 296864, 'total_shapes': 3134, 'total_links': 222, 'num_tensors': 56}
2026-08-25 05:13:54,450 [INFO] [5R/1549](swap: 6, u: 0 | c_u: 3 | t_u_l: 60/942 | t_u_r: 86/943 | t_u: 146/1885) -> {'max_bond': 128, 'max_links': 4, 'total_elems': 354184, 'total_shapes': 3440, 'total_links': 222, 'num_tensors': 56}
2026-08-25 05:13:55,031 [INFO] [6R/1549](swap: 7, u: 0 | c_u: 3 | t_u_l: 60/942 | t_u_r: 86/943 | t_u: 146/1885) -> {'max_bond': 128, 'max_links': 4, 'total_elems': 447832, 'total_shapes': 3974, 'total_links': 222, 'num_tensors': 56}
2026-08-25 05:13:55,772 [INFO]     [start unswap] -> {'max_bond': 128, 'max_links': 4, 'total_elems': 447832, 'total_shapes': 3974, 'total_links': 222, 'num_tensors': 56}
2026-08-25 05:13:58,282 [INFO]     [0 | both | 0](candidate_pairs: 28/28 | new_swaps: 3 | total: 3) -> {'max_bond': 256, 'max_links': 4, 'total_elems': 594312, 'total_shapes': 4460, 'total_links': 222, 'num_tensors': 56}
2026-08-25 05:14:00,322 [INFO]     [0 | both | 1](candidate_pairs: 27/27 | new_swaps: 4 | total: 7) -> {'max_bond': 256, 'max_links': 4, 'total_elems': 556680, 'total_shapes': 4168, 'total_links': 222, 'num_tensors': 56}
2026-08-25 05:14:01,273 [INFO]     [0 | left | 0](candidate_pairs: 28/28 | new_swaps: 8 | total: 15) -> {'max_bond': 128, 'max_links': 4, 'total_elems': 387968, 'total_shapes': 3560, 'total_links': 222, 'num_tensors': 56}
2026-08-25 05:14:01,901 [INFO]     [0 | left | 1](candidate_pairs: 27/27 | new_swaps: 13 | total: 28) -> {'max_bond': 128, 'max_links': 4, 'total_elems': 244424, 'total_shapes': 2836, 'total_links': 222, 'num_tensors': 56}
2026-08-25 05:14:02,260 [INFO]     [0 | right | 0](candidate_pairs: 28/28 | new_swaps: 5 | total: 33) -> {'max_bond': 128, 'max_links': 4, 'total_elems': 231968, 'total_shapes': 2688, 'total_links': 222, 'num_tensors': 56}
2026-08-25 05:14:02,656 [INFO]     [0 | right | 1](candidate_pairs: 27/27 | new_swaps: 5 | total: 38) -> {'max_bond': 128, 'max_links': 4, 'total_elems': 222768, 'total_shapes': 2564, 'total_links': 222, 'num_tensors': 56}
2026-08-25 05:14:03,290 [INFO]     [1 | both | 0](candidate_pairs: 28/28 | new_swaps: 5 | total: 5) -> {'max_bond': 128, 'max_links': 4, 'total_elems': 218800, 'total_shapes': 2482, 'total_links': 222, 'num_tensors': 56}
2026-08-25 05:14:04,102 [INFO]     [1 | both | 1](candidate_pairs: 27/27 | new_swaps: 1 | total: 6) -> {'max_bond': 128, 'max_links': 4, 'total_elems': 218788, 'total_shapes': 2480, 'total_links': 222, 'num_tensors': 56}
2026-08-25 05:14:04,437 [INFO]     [1 | left | 0](candidate_pairs: 28/28 | new_swaps: 6 | total: 12) -> {'max_bond': 128, 'max_links': 4, 'total_elems': 203832, 'total_shapes': 2360, 'total_links': 222, 'num_tensors': 56}
2026-08-25 05:14:04,772 [INFO]     [1 | left | 1](candidate_pairs: 27/27 | new_swaps: 1 | total: 13) -> {'max_bond': 128, 'max_links': 4, 'total_elems': 203064, 'total_shapes': 2342, 'total_links': 222, 'num_tensors': 56}
2026-08-25 05:14:04,988 [INFO]     [1 | right | 0](candidate_pairs: 28/28 | new_swaps: 0 | total: 13) -> {'max_bond': 128, 'max_links': 4, 'total_elems': 203064, 'total_shapes': 2342, 'total_links': 222, 'num_tensors': 56}
2026-08-25 05:14:05,334 [INFO]     [1 | right | 1](candidate_pairs: 27/27 | new_swaps: 4 | total: 17) -> {'max_bond': 128, 'max_links': 4, 'total_elems': 202236, 'total_shapes': 2300, 'total_links': 222, 'num_tensors': 56}
2026-08-25 05:14:05,776 [INFO]     [2 | both | 0](candidate_pairs: 28/28 | new_swaps: 0 | total: 0) -> {'max_bond': 128, 'max_links': 4, 'total_elems': 202236, 'total_shapes': 2300, 'total_links': 222, 'num_tensors': 56}
2026-08-25 05:14:06,544 [INFO]     [2 | both | 1](candidate_pairs: 27/27 | new_swaps: 2 | total: 2) -> {'max_bond': 128, 'max_links': 4, 'total_elems': 189900, 'total_shapes': 2232, 'total_links': 222, 'num_tensors': 56}
2026-08-25 05:14:06,834 [INFO]     [2 | left | 0](candidate_pairs: 28/28 | new_swaps: 2 | total: 4) -> {'max_bond': 128, 'max_links': 4, 'total_elems': 177012, 'total_shapes': 2156, 'total_links': 222, 'num_tensors': 56}
2026-08-25 05:14:07,059 [INFO]     [2 | left | 1](candidate_pairs: 27/27 | new_swaps: 0 | total: 4) -> {'max_bond': 128, 'max_links': 4, 'total_elems': 177012, 'total_shapes': 2156, 'total_links': 222, 'num_tensors': 56}
2026-08-25 05:14:07,328 [INFO]     [2 | right | 0](candidate_pairs: 28/28 | new_swaps: 3 | total: 7) -> {'max_bond': 128, 'max_links': 4, 'total_elems': 176504, 'total_shapes': 2130, 'total_links': 222, 'num_tensors': 56}
2026-08-25 05:14:07,554 [INFO]     [2 | right | 1](candidate_pairs: 27/27 | new_swaps: 0 | total: 7) -> {'max_bond': 128, 'max_links': 4, 'total_elems': 176504, 'total_shapes': 2130, 'total_links': 222, 'num_tensors': 56}
2026-08-25 05:14:08,089 [INFO]     [3 | both | 0](candidate_pairs: 28/28 | new_swaps: 1 | total: 1) -> {'max_bond': 128, 'max_links': 4, 'total_elems': 176456, 'total_shapes': 2126, 'total_links': 222, 'num_tensors': 56}
2026-08-25 05:14:08,738 [INFO]     [3 | both | 1](candidate_pairs: 27/27 | new_swaps: 3 | total: 4) -> {'max_bond': 128, 'max_links': 4, 'total_elems': 176220, 'total_shapes': 2112, 'total_links': 222, 'num_tensors': 56}
2026-08-25 05:14:08,919 [INFO]     [3 | left | 0](candidate_pairs: 28/28 | new_swaps: 0 | total: 4) -> {'max_bond': 128, 'max_links': 4, 'total_elems': 176220, 'total_shapes': 2112, 'total_links': 222, 'num_tensors': 56}
2026-08-25 05:14:09,143 [INFO]     [3 | left | 1](candidate_pairs: 27/27 | new_swaps: 0 | total: 4) -> {'max_bond': 128, 'max_links': 4, 'total_elems': 176220, 'total_shapes': 2112, 'total_links': 222, 'num_tensors': 56}
2026-08-25 05:14:09,328 [INFO]     [3 | right | 0](candidate_pairs: 28/28 | new_swaps: 0 | total: 4) -> {'max_bond': 128, 'max_links': 4, 'total_elems': 176220, 'total_shapes': 2112, 'total_links': 222, 'num_tensors': 56}
2026-08-25 05:14:09,554 [INFO]     [3 | right | 1](candidate_pairs: 27/27 | new_swaps: 0 | total: 4) -> {'max_bond': 128, 'max_links': 4, 'total_elems': 176220, 'total_shapes': 2112, 'total_links': 222, 'num_tensors': 56}
2026-08-25 05:14:10,088 [INFO]     [4 | both | 0](candidate_pairs: 28/28 | new_swaps: 1 | total: 1) -> {'max_bond': 128, 'max_links': 4, 'total_elems': 176192, 'total_shapes': 2110, 'total_links': 222, 'num_tensors': 56}
2026-08-25 05:14:10,573 [INFO]     [4 | both | 1](candidate_pairs: 27/27 | new_swaps: 0 | total: 1) -> {'max_bond': 128, 'max_links': 4, 'total_elems': 176192, 'total_shapes': 2110, 'total_links': 222, 'num_tensors': 56}
2026-08-25 05:14:10,756 [INFO]     [4 | left | 0](candidate_pairs: 28/28 | new_swaps: 0 | total: 1) -> {'max_bond': 128, 'max_links': 4, 'total_elems': 176192, 'total_shapes': 2110, 'total_links': 222, 'num_tensors': 56}
2026-08-25 05:14:10,978 [INFO]     [4 | left | 1](candidate_pairs: 27/27 | new_swaps: 0 | total: 1) -> {'max_bond': 128, 'max_links': 4, 'total_elems': 176192, 'total_shapes': 2110, 'total_links': 222, 'num_tensors': 56}
2026-08-25 05:14:11,161 [INFO]     [4 | right | 0](candidate_pairs: 28/28 | new_swaps: 0 | total: 1) -> {'max_bond': 128, 'max_links': 4, 'total_elems': 176192, 'total_shapes': 2110, 'total_links': 222, 'num_tensors': 56}
2026-08-25 05:14:11,388 [INFO]     [4 | right | 1](candidate_pairs: 27/27 | new_swaps: 0 | total: 1) -> {'max_bond': 128, 'max_links': 4, 'total_elems': 176192, 'total_shapes': 2110, 'total_links': 222, 'num_tensors': 56}
2026-08-25 05:14:11,779 [INFO]     [5 | both | 0](candidate_pairs: 28/28 | new_swaps: 0 | total: 0) -> {'max_bond': 128, 'max_links': 4, 'total_elems': 176192, 'total_shapes': 2110, 'total_links': 222, 'num_tensors': 56}
2026-08-25 05:14:12,267 [INFO]     [5 | both | 1](candidate_pairs: 27/27 | new_swaps: 0 | total: 0) -> {'max_bond': 128, 'max_links': 4, 'total_elems': 176192, 'total_shapes': 2110, 'total_links': 222, 'num_tensors': 56}
2026-08-25 05:14:12,449 [INFO]     [5 | left | 0](candidate_pairs: 28/28 | new_swaps: 0 | total: 0) -> {'max_bond': 128, 'max_links': 4, 'total_elems': 176192, 'total_shapes': 2110, 'total_links': 222, 'num_tensors': 56}
2026-08-25 05:14:12,673 [INFO]     [5 | left | 1](candidate_pairs: 27/27 | new_swaps: 0 | total: 0) -> {'max_bond': 128, 'max_links': 4, 'total_elems': 176192, 'total_shapes': 2110, 'total_links': 222, 'num_tensors': 56}
2026-08-25 05:14:12,857 [INFO]     [5 | right | 0](candidate_pairs: 28/28 | new_swaps: 0 | total: 0) -> {'max_bond': 128, 'max_links': 4, 'total_elems': 176192, 'total_shapes': 2110, 'total_links': 222, 'num_tensors': 56}
2026-08-25 05:14:13,083 [INFO]     [5 | right | 1](candidate_pairs: 27/27 | new_swaps: 0 | total: 0) -> {'max_bond': 128, 'max_links': 4, 'total_elems': 176192, 'total_shapes': 2110, 'total_links': 222, 'num_tensors': 56}
2026-08-25 05:14:13,084 [INFO]     [end unswap] -> {'max_bond': 128, 'max_links': 4, 'total_elems': 176192, 'total_shapes': 2110, 'total_links': 222, 'num_tensors': 56}
2026-08-25 05:14:16,131 [INFO] [start rewire](phase=post_unswap, cycle=43, side=left, layers=1469, trials=20, seed=123, parallel=False, route_candidates=1, route_score=none)
2026-08-25 05:14:18,525 [INFO] [end rewire](phase=post_unswap, cycle=43, side=left, routed_layers=1464, elapsed_s=2.39)
2026-08-25 05:14:18,525 [INFO] [start rewire](phase=post_unswap, cycle=43, side=right, layers=1545, trials=20, seed=123, parallel=False, route_candidates=1, route_score=none)
2026-08-25 05:14:20,603 [INFO] [end rewire](phase=post_unswap, cycle=43, side=right, routed_layers=1608, elapsed_s=2.08)
2026-08-25 05:14:21,041 [INFO] [1L/1462](swap: 14, u: 0 | c_u: 0 | t_u_l: 60/942 | t_u_r: 86/943 | t_u: 146/1885) -> {'max_bond': 128, 'max_links': 4, 'total_elems': 176192, 'total_shapes': 2110, 'total_links': 222, 'num_tensors': 56}
2026-08-25 05:14:21,382 [INFO] [1R/1606](swap: 8, u: 0 | c_u: 0 | t_u_l: 60/942 | t_u_r: 86/943 | t_u: 146/1885) -> {'max_bond': 128, 'max_links': 4, 'total_elems': 201348, 'total_shapes': 2348, 'total_links': 222, 'num_tensors': 56}
2026-08-25 05:14:21,776 [INFO] [2R/1606](swap: 7, u: 0 | c_u: 0 | t_u_l: 60/942 | t_u_r: 86/943 | t_u: 146/1885) -> {'max_bond': 128, 'max_links': 4, 'total_elems': 265312, 'total_shapes': 2638, 'total_links': 222, 'num_tensors': 56}
2026-08-25 05:14:22,245 [INFO] [3R/1606](swap: 7, u: 0 | c_u: 0 | t_u_l: 60/942 | t_u_r: 86/943 | t_u: 146/1885) -> {'max_bond': 128, 'max_links': 4, 'total_elems': 337420, 'total_shapes': 3000, 'total_links': 222, 'num_tensors': 56}
2026-08-25 05:14:22,797 [INFO] [2L/1462](swap: 13, u: 0 | c_u: 0 | t_u_l: 60/942 | t_u_r: 86/943 | t_u: 146/1885) -> {'max_bond': 128, 'max_links': 4, 'total_elems': 414000, 'total_shapes': 3244, 'total_links': 222, 'num_tensors': 56}
2026-08-25 05:14:23,341 [INFO] [3L/1462](swap: 12, u: 0 | c_u: 0 | t_u_l: 60/942 | t_u_r: 86/943 | t_u: 146/1885) -> {'max_bond': 128, 'max_links': 4, 'total_elems': 379128, 'total_shapes': 3274, 'total_links': 222, 'num_tensors': 56}
2026-08-25 05:14:23,876 [INFO] [4R/1606](swap: 8, u: 0 | c_u: 0 | t_u_l: 60/942 | t_u_r: 86/943 | t_u: 146/1885) -> {'max_bond': 128, 'max_links': 4, 'total_elems': 465784, 'total_shapes': 3688, 'total_links': 222, 'num_tensors': 56}
2026-08-25 05:14:24,607 [INFO] [5R/1606](swap: 8, u: 0 | c_u: 0 | t_u_l: 60/942 | t_u_r: 86/943 | t_u: 146/1885) -> {'max_bond': 128, 'max_links': 4, 'total_elems': 514216, 'total_shapes': 3992, 'total_links': 222, 'num_tensors': 56}
2026-08-25 05:14:25,349 [INFO] [6R/1606](swap: 7, u: 0 | c_u: 0 | t_u_l: 60/942 | t_u_r: 86/943 | t_u: 146/1885) -> {'max_bond': 128, 'max_links': 4, 'total_elems': 575688, 'total_shapes': 4344, 'total_links': 222, 'num_tensors': 56}
2026-08-25 05:14:26,128 [INFO]     [start unswap] -> {'max_bond': 128, 'max_links': 4, 'total_elems': 575688, 'total_shapes': 4344, 'total_links': 222, 'num_tensors': 56}
2026-08-25 05:14:28,574 [INFO]     [0 | both | 0](candidate_pairs: 28/28 | new_swaps: 2 | total: 2) -> {'max_bond': 256, 'max_links': 4, 'total_elems': 648640, 'total_shapes': 4522, 'total_links': 222, 'num_tensors': 56}
2026-08-25 05:14:30,944 [INFO]     [0 | both | 1](candidate_pairs: 27/27 | new_swaps: 4 | total: 6) -> {'max_bond': 256, 'max_links': 4, 'total_elems': 603040, 'total_shapes': 4136, 'total_links': 222, 'num_tensors': 56}
2026-08-25 05:14:31,917 [INFO]     [0 | left | 0](candidate_pairs: 28/28 | new_swaps: 5 | total: 11) -> {'max_bond': 128, 'max_links': 4, 'total_elems': 499912, 'total_shapes': 3810, 'total_links': 222, 'num_tensors': 56}
2026-08-25 05:14:32,861 [INFO]     [0 | left | 1](candidate_pairs: 27/27 | new_swaps: 8 | total: 19) -> {'max_bond': 128, 'max_links': 4, 'total_elems': 418984, 'total_shapes': 3536, 'total_links': 222, 'num_tensors': 56}
2026-08-25 05:14:33,443 [INFO]     [0 | right | 0](candidate_pairs: 28/28 | new_swaps: 4 | total: 23) -> {'max_bond': 128, 'max_links': 4, 'total_elems': 413064, 'total_shapes': 3444, 'total_links': 222, 'num_tensors': 56}
2026-08-25 05:14:34,211 [INFO]     [0 | right | 1](candidate_pairs: 27/27 | new_swaps: 5 | total: 28) -> {'max_bond': 128, 'max_links': 4, 'total_elems': 409392, 'total_shapes': 3370, 'total_links': 222, 'num_tensors': 56}
2026-08-25 05:14:35,464 [INFO]     [1 | both | 0](candidate_pairs: 28/28 | new_swaps: 5 | total: 5) -> {'max_bond': 128, 'max_links': 4, 'total_elems': 347092, 'total_shapes': 3150, 'total_links': 222, 'num_tensors': 56}
2026-08-25 05:14:36,710 [INFO]     [1 | both | 1](candidate_pairs: 27/27 | new_swaps: 3 | total: 8) -> {'max_bond': 128, 'max_links': 4, 'total_elems': 311348, 'total_shapes': 2954, 'total_links': 222, 'num_tensors': 56}
2026-08-25 05:14:37,203 [INFO]     [1 | left | 0](candidate_pairs: 28/28 | new_swaps: 6 | total: 14) -> {'max_bond': 128, 'max_links': 4, 'total_elems': 277636, 'total_shapes': 2750, 'total_links': 222, 'num_tensors': 56}
2026-08-25 05:14:37,734 [INFO]     [1 | left | 1](candidate_pairs: 27/27 | new_swaps: 2 | total: 16) -> {'max_bond': 128, 'max_links': 4, 'total_elems': 260228, 'total_shapes': 2590, 'total_links': 222, 'num_tensors': 56}
2026-08-25 05:14:38,106 [INFO]     [1 | right | 0](candidate_pairs: 28/28 | new_swaps: 2 | total: 18) -> {'max_bond': 128, 'max_links': 4, 'total_elems': 259220, 'total_shapes': 2554, 'total_links': 222, 'num_tensors': 56}
2026-08-25 05:14:38,606 [INFO]     [1 | right | 1](candidate_pairs: 27/27 | new_swaps: 3 | total: 21) -> {'max_bond': 128, 'max_links': 4, 'total_elems': 254580, 'total_shapes': 2498, 'total_links': 222, 'num_tensors': 56}
2026-08-25 05:14:39,407 [INFO]     [2 | both | 0](candidate_pairs: 28/28 | new_swaps: 2 | total: 2) -> {'max_bond': 128, 'max_links': 4, 'total_elems': 253876, 'total_shapes': 2484, 'total_links': 222, 'num_tensors': 56}
2026-08-25 05:14:40,447 [INFO]     [2 | both | 1](candidate_pairs: 27/27 | new_swaps: 2 | total: 4) -> {'max_bond': 128, 'max_links': 4, 'total_elems': 252520, 'total_shapes': 2458, 'total_links': 222, 'num_tensors': 56}
2026-08-25 05:14:40,834 [INFO]     [2 | left | 0](candidate_pairs: 28/28 | new_swaps: 1 | total: 5) -> {'max_bond': 128, 'max_links': 4, 'total_elems': 251368, 'total_shapes': 2438, 'total_links': 222, 'num_tensors': 56}
2026-08-25 05:14:41,209 [INFO]     [2 | left | 1](candidate_pairs: 27/27 | new_swaps: 0 | total: 5) -> {'max_bond': 128, 'max_links': 4, 'total_elems': 251368, 'total_shapes': 2438, 'total_links': 222, 'num_tensors': 56}
2026-08-25 05:14:41,584 [INFO]     [2 | right | 0](candidate_pairs: 28/28 | new_swaps: 2 | total: 7) -> {'max_bond': 128, 'max_links': 4, 'total_elems': 248680, 'total_shapes': 2394, 'total_links': 222, 'num_tensors': 56}
2026-08-25 05:14:42,055 [INFO]     [2 | right | 1](candidate_pairs: 27/27 | new_swaps: 1 | total: 8) -> {'max_bond': 128, 'max_links': 4, 'total_elems': 248236, 'total_shapes': 2384, 'total_links': 222, 'num_tensors': 56}
2026-08-25 05:14:42,825 [INFO]     [3 | both | 0](candidate_pairs: 28/28 | new_swaps: 1 | total: 1) -> {'max_bond': 128, 'max_links': 4, 'total_elems': 248004, 'total_shapes': 2378, 'total_links': 222, 'num_tensors': 56}
2026-08-25 05:14:43,850 [INFO]     [3 | both | 1](candidate_pairs: 27/27 | new_swaps: 2 | total: 3) -> {'max_bond': 128, 'max_links': 4, 'total_elems': 247108, 'total_shapes': 2354, 'total_links': 222, 'num_tensors': 56}
2026-08-25 05:14:44,117 [INFO]     [3 | left | 0](candidate_pairs: 28/28 | new_swaps: 0 | total: 3) -> {'max_bond': 128, 'max_links': 4, 'total_elems': 247108, 'total_shapes': 2354, 'total_links': 222, 'num_tensors': 56}
2026-08-25 05:14:44,591 [INFO]     [3 | left | 1](candidate_pairs: 27/27 | new_swaps: 1 | total: 4) -> {'max_bond': 128, 'max_links': 4, 'total_elems': 247076, 'total_shapes': 2350, 'total_links': 222, 'num_tensors': 56}
2026-08-25 05:14:44,843 [INFO]     [3 | right | 0](candidate_pairs: 28/28 | new_swaps: 0 | total: 4) -> {'max_bond': 128, 'max_links': 4, 'total_elems': 247076, 'total_shapes': 2350, 'total_links': 222, 'num_tensors': 56}
2026-08-25 05:14:45,208 [INFO]     [3 | right | 1](candidate_pairs: 27/27 | new_swaps: 0 | total: 4) -> {'max_bond': 128, 'max_links': 4, 'total_elems': 247076, 'total_shapes': 2350, 'total_links': 222, 'num_tensors': 56}
2026-08-25 05:14:45,987 [INFO]     [4 | both | 0](candidate_pairs: 28/28 | new_swaps: 1 | total: 1) -> {'max_bond': 128, 'max_links': 4, 'total_elems': 247064, 'total_shapes': 2348, 'total_links': 222, 'num_tensors': 56}
2026-08-25 05:14:46,782 [INFO]     [4 | both | 1](candidate_pairs: 27/27 | new_swaps: 0 | total: 1) -> {'max_bond': 128, 'max_links': 4, 'total_elems': 247064, 'total_shapes': 2348, 'total_links': 222, 'num_tensors': 56}
2026-08-25 05:14:47,047 [INFO]     [4 | left | 0](candidate_pairs: 28/28 | new_swaps: 0 | total: 1) -> {'max_bond': 128, 'max_links': 4, 'total_elems': 247064, 'total_shapes': 2348, 'total_links': 222, 'num_tensors': 56}
2026-08-25 05:14:47,413 [INFO]     [4 | left | 1](candidate_pairs: 27/27 | new_swaps: 0 | total: 1) -> {'max_bond': 128, 'max_links': 4, 'total_elems': 247064, 'total_shapes': 2348, 'total_links': 222, 'num_tensors': 56}
2026-08-25 05:14:47,668 [INFO]     [4 | right | 0](candidate_pairs: 28/28 | new_swaps: 0 | total: 1) -> {'max_bond': 128, 'max_links': 4, 'total_elems': 247064, 'total_shapes': 2348, 'total_links': 222, 'num_tensors': 56}
2026-08-25 05:14:48,029 [INFO]     [4 | right | 1](candidate_pairs: 27/27 | new_swaps: 0 | total: 1) -> {'max_bond': 128, 'max_links': 4, 'total_elems': 247064, 'total_shapes': 2348, 'total_links': 222, 'num_tensors': 56}
2026-08-25 05:14:48,591 [INFO]     [5 | both | 0](candidate_pairs: 28/28 | new_swaps: 0 | total: 0) -> {'max_bond': 128, 'max_links': 4, 'total_elems': 247064, 'total_shapes': 2348, 'total_links': 222, 'num_tensors': 56}
2026-08-25 05:14:49,391 [INFO]     [5 | both | 1](candidate_pairs: 27/27 | new_swaps: 0 | total: 0) -> {'max_bond': 128, 'max_links': 4, 'total_elems': 247064, 'total_shapes': 2348, 'total_links': 222, 'num_tensors': 56}
2026-08-25 05:14:49,659 [INFO]     [5 | left | 0](candidate_pairs: 28/28 | new_swaps: 0 | total: 0) -> {'max_bond': 128, 'max_links': 4, 'total_elems': 247064, 'total_shapes': 2348, 'total_links': 222, 'num_tensors': 56}
2026-08-25 05:14:50,027 [INFO]     [5 | left | 1](candidate_pairs: 27/27 | new_swaps: 0 | total: 0) -> {'max_bond': 128, 'max_links': 4, 'total_elems': 247064, 'total_shapes': 2348, 'total_links': 222, 'num_tensors': 56}
2026-08-25 05:14:50,281 [INFO]     [5 | right | 0](candidate_pairs: 28/28 | new_swaps: 0 | total: 0) -> {'max_bond': 128, 'max_links': 4, 'total_elems': 247064, 'total_shapes': 2348, 'total_links': 222, 'num_tensors': 56}
2026-08-25 05:14:50,645 [INFO]     [5 | right | 1](candidate_pairs: 27/27 | new_swaps: 0 | total: 0) -> {'max_bond': 128, 'max_links': 4, 'total_elems': 247064, 'total_shapes': 2348, 'total_links': 222, 'num_tensors': 56}
2026-08-25 05:14:50,645 [INFO]     [end unswap] -> {'max_bond': 128, 'max_links': 4, 'total_elems': 247064, 'total_shapes': 2348, 'total_links': 222, 'num_tensors': 56}
2026-08-25 05:14:53,756 [INFO] [start rewire](phase=post_unswap, cycle=44, side=left, layers=1461, trials=20, seed=123, parallel=False, route_candidates=1, route_score=none)
2026-08-25 05:14:55,581 [INFO] [end rewire](phase=post_unswap, cycle=44, side=left, routed_layers=1387, elapsed_s=1.82)
2026-08-25 05:14:55,581 [INFO] [start rewire](phase=post_unswap, cycle=44, side=right, layers=1602, trials=20, seed=123, parallel=False, route_candidates=1, route_score=none)
2026-08-25 05:14:57,577 [INFO] [end rewire](phase=post_unswap, cycle=44, side=right, routed_layers=1507, elapsed_s=2.00)
2026-08-25 05:14:58,136 [INFO] [1L/1385](swap: 10, u: 0 | c_u: 0 | t_u_l: 60/942 | t_u_r: 86/943 | t_u: 146/1885) -> {'max_bond': 128, 'max_links': 4, 'total_elems': 247064, 'total_shapes': 2348, 'total_links': 222, 'num_tensors': 56}
2026-08-25 05:14:58,586 [INFO] [2L/1385](swap: 10, u: 0 | c_u: 0 | t_u_l: 60/942 | t_u_r: 86/943 | t_u: 146/1885) -> {'max_bond': 128, 'max_links': 4, 'total_elems': 311528, 'total_shapes': 2626, 'total_links': 222, 'num_tensors': 56}
2026-08-25 05:14:59,036 [INFO] [3L/1385](swap: 9, u: 0 | c_u: 0 | t_u_l: 60/942 | t_u_r: 86/943 | t_u: 146/1885) -> {'max_bond': 128, 'max_links': 4, 'total_elems': 352988, 'total_shapes': 2938, 'total_links': 222, 'num_tensors': 56}
2026-08-25 05:14:59,618 [INFO]     [start unswap] -> {'max_bond': 128, 'max_links': 4, 'total_elems': 352988, 'total_shapes': 2938, 'total_links': 222, 'num_tensors': 56}
2026-08-25 05:15:01,343 [INFO]     [0 | both | 0](candidate_pairs: 28/28 | new_swaps: 3 | total: 3) -> {'max_bond': 256, 'max_links': 4, 'total_elems': 550012, 'total_shapes': 3562, 'total_links': 222, 'num_tensors': 56}
2026-08-25 05:15:03,603 [INFO]     [0 | both | 1](candidate_pairs: 27/27 | new_swaps: 1 | total: 4) -> {'max_bond': 256, 'max_links': 4, 'total_elems': 537724, 'total_shapes': 3498, 'total_links': 222, 'num_tensors': 56}
2026-08-25 05:15:04,546 [INFO]     [0 | left | 0](candidate_pairs: 28/28 | new_swaps: 9 | total: 13) -> {'max_bond': 128, 'max_links': 4, 'total_elems': 351820, 'total_shapes': 2864, 'total_links': 222, 'num_tensors': 56}
2026-08-25 05:15:05,192 [INFO]     [0 | left | 1](candidate_pairs: 27/27 | new_swaps: 10 | total: 23) -> {'max_bond': 128, 'max_links': 4, 'total_elems': 239888, 'total_shapes': 2416, 'total_links': 222, 'num_tensors': 56}
2026-08-25 05:15:05,521 [INFO]     [0 | right | 0](candidate_pairs: 28/28 | new_swaps: 3 | total: 26) -> {'max_bond': 128, 'max_links': 4, 'total_elems': 239552, 'total_shapes': 2396, 'total_links': 222, 'num_tensors': 56}
2026-08-25 05:15:05,994 [INFO]     [0 | right | 1](candidate_pairs: 27/27 | new_swaps: 1 | total: 27) -> {'max_bond': 128, 'max_links': 4, 'total_elems': 234944, 'total_shapes': 2364, 'total_links': 222, 'num_tensors': 56}
2026-08-25 05:15:06,653 [INFO]     [1 | both | 0](candidate_pairs: 28/28 | new_swaps: 2 | total: 2) -> {'max_bond': 128, 'max_links': 4, 'total_elems': 173456, 'total_shapes': 2168, 'total_links': 222, 'num_tensors': 56}
2026-08-25 05:15:07,173 [INFO]     [1 | both | 1](candidate_pairs: 27/27 | new_swaps: 1 | total: 3) -> {'max_bond': 128, 'max_links': 4, 'total_elems': 112016, 'total_shapes': 1976, 'total_links': 222, 'num_tensors': 56}
2026-08-25 05:15:07,371 [INFO]     [1 | left | 0](candidate_pairs: 28/28 | new_swaps: 3 | total: 6) -> {'max_bond': 64, 'max_links': 4, 'total_elems': 75056, 'total_shapes': 1712, 'total_links': 222, 'num_tensors': 56}
2026-08-25 05:15:07,520 [INFO]     [1 | left | 1](candidate_pairs: 27/27 | new_swaps: 2 | total: 8) -> {'max_bond': 64, 'max_links': 4, 'total_elems': 71192, 'total_shapes': 1660, 'total_links': 222, 'num_tensors': 56}
2026-08-25 05:15:07,647 [INFO]     [1 | right | 0](candidate_pairs: 28/28 | new_swaps: 1 | total: 9) -> {'max_bond': 64, 'max_links': 4, 'total_elems': 67352, 'total_shapes': 1612, 'total_links': 222, 'num_tensors': 56}
2026-08-25 05:15:07,741 [INFO]     [1 | right | 1](candidate_pairs: 27/27 | new_swaps: 0 | total: 9) -> {'max_bond': 64, 'max_links': 4, 'total_elems': 67352, 'total_shapes': 1612, 'total_links': 222, 'num_tensors': 56}
2026-08-25 05:15:07,930 [INFO]     [2 | both | 0](candidate_pairs: 28/28 | new_swaps: 0 | total: 0) -> {'max_bond': 64, 'max_links': 4, 'total_elems': 67352, 'total_shapes': 1612, 'total_links': 222, 'num_tensors': 56}
2026-08-25 05:15:08,130 [INFO]     [2 | both | 1](candidate_pairs: 27/27 | new_swaps: 0 | total: 0) -> {'max_bond': 64, 'max_links': 4, 'total_elems': 67352, 'total_shapes': 1612, 'total_links': 222, 'num_tensors': 56}
2026-08-25 05:15:08,217 [INFO]     [2 | left | 0](candidate_pairs: 28/28 | new_swaps: 0 | total: 0) -> {'max_bond': 64, 'max_links': 4, 'total_elems': 67352, 'total_shapes': 1612, 'total_links': 222, 'num_tensors': 56}
2026-08-25 05:15:08,309 [INFO]     [2 | left | 1](candidate_pairs: 27/27 | new_swaps: 0 | total: 0) -> {'max_bond': 64, 'max_links': 4, 'total_elems': 67352, 'total_shapes': 1612, 'total_links': 222, 'num_tensors': 56}
2026-08-25 05:15:08,395 [INFO]     [2 | right | 0](candidate_pairs: 28/28 | new_swaps: 0 | total: 0) -> {'max_bond': 64, 'max_links': 4, 'total_elems': 67352, 'total_shapes': 1612, 'total_links': 222, 'num_tensors': 56}
2026-08-25 05:15:08,489 [INFO]     [2 | right | 1](candidate_pairs: 27/27 | new_swaps: 0 | total: 0) -> {'max_bond': 64, 'max_links': 4, 'total_elems': 67352, 'total_shapes': 1612, 'total_links': 222, 'num_tensors': 56}
2026-08-25 05:15:08,490 [INFO]     [end unswap] -> {'max_bond': 64, 'max_links': 4, 'total_elems': 67352, 'total_shapes': 1612, 'total_links': 222, 'num_tensors': 56}
2026-08-25 05:15:10,132 [INFO] [start rewire](phase=post_unswap, cycle=45, side=left, layers=1384, trials=20, seed=123, parallel=False, route_candidates=1, route_score=none)
2026-08-25 05:15:11,864 [INFO] [end rewire](phase=post_unswap, cycle=45, side=left, routed_layers=1381, elapsed_s=1.73)
2026-08-25 05:15:11,864 [INFO] [start rewire](phase=post_unswap, cycle=45, side=right, layers=1507, trials=20, seed=123, parallel=False, route_candidates=1, route_score=none)
2026-08-25 05:15:13,959 [INFO] [end rewire](phase=post_unswap, cycle=45, side=right, routed_layers=1589, elapsed_s=2.10)
2026-08-25 05:15:14,320 [INFO] [1L/1379](swap: 10, u: 0 | c_u: 0 | t_u_l: 60/942 | t_u_r: 86/943 | t_u: 146/1885) -> {'max_bond': 64, 'max_links': 4, 'total_elems': 67352, 'total_shapes': 1612, 'total_links': 222, 'num_tensors': 56}
2026-08-25 05:15:14,518 [INFO] [1R/1587](swap: 8, u: 0 | c_u: 0 | t_u_l: 60/942 | t_u_r: 86/943 | t_u: 146/1885) -> {'max_bond': 64, 'max_links': 4, 'total_elems': 74164, 'total_shapes': 1744, 'total_links': 222, 'num_tensors': 56}
2026-08-25 05:15:14,728 [INFO] [2R/1587](swap: 8, u: 0 | c_u: 0 | t_u_l: 60/942 | t_u_r: 86/943 | t_u: 146/1885) -> {'max_bond': 64, 'max_links': 4, 'total_elems': 92528, 'total_shapes': 1966, 'total_links': 222, 'num_tensors': 56}
2026-08-25 05:15:14,961 [INFO] [2L/1379](swap: 11, u: 0 | c_u: 0 | t_u_l: 60/942 | t_u_r: 86/943 | t_u: 146/1885) -> {'max_bond': 64, 'max_links': 4, 'total_elems': 119568, 'total_shapes': 2144, 'total_links': 222, 'num_tensors': 56}
2026-08-25 05:15:15,269 [INFO] [3R/1587](swap: 8, u: 0 | c_u: 0 | t_u_l: 60/942 | t_u_r: 86/943 | t_u: 146/1885) -> {'max_bond': 64, 'max_links': 4, 'total_elems': 159856, 'total_shapes': 2430, 'total_links': 222, 'num_tensors': 56}
2026-08-25 05:15:15,609 [INFO] [4R/1587](swap: 6, u: 0 | c_u: 0 | t_u_l: 60/942 | t_u_r: 86/943 | t_u: 146/1885) -> {'max_bond': 128, 'max_links': 4, 'total_elems': 220144, 'total_shapes': 2750, 'total_links': 222, 'num_tensors': 56}
2026-08-25 05:15:16,033 [INFO] [3L/1379](swap: 7, u: 1 | c_u: 1 | t_u_l: 61/942 | t_u_r: 86/943 | t_u: 147/1885) -> {'max_bond': 128, 'max_links': 4, 'total_elems': 304928, 'total_shapes': 3202, 'total_links': 222, 'num_tensors': 56}
2026-08-25 05:15:16,471 [INFO] [4L/1379](swap: 5, u: 0 | c_u: 1 | t_u_l: 61/942 | t_u_r: 86/943 | t_u: 147/1885) -> {'max_bond': 128, 'max_links': 4, 'total_elems': 323792, 'total_shapes': 3382, 'total_links': 222, 'num_tensors': 56}
2026-08-25 05:15:16,935 [INFO] [5L/1379](swap: 6, u: 1 | c_u: 2 | t_u_l: 62/942 | t_u_r: 86/943 | t_u: 148/1885) -> {'max_bond': 128, 'max_links': 4, 'total_elems': 339440, 'total_shapes': 3522, 'total_links': 222, 'num_tensors': 56}
2026-08-25 05:15:17,477 [INFO]     [start unswap] -> {'max_bond': 128, 'max_links': 4, 'total_elems': 339440, 'total_shapes': 3522, 'total_links': 222, 'num_tensors': 56}
2026-08-25 05:15:19,086 [INFO]     [0 | both | 0](candidate_pairs: 28/28 | new_swaps: 5 | total: 5) -> {'max_bond': 256, 'max_links': 4, 'total_elems': 533584, 'total_shapes': 3914, 'total_links': 222, 'num_tensors': 56}
2026-08-25 05:15:21,328 [INFO]     [0 | both | 1](candidate_pairs: 27/27 | new_swaps: 8 | total: 13) -> {'max_bond': 256, 'max_links': 4, 'total_elems': 429152, 'total_shapes': 3430, 'total_links': 222, 'num_tensors': 56}
2026-08-25 05:15:21,988 [INFO]     [0 | left | 0](candidate_pairs: 28/28 | new_swaps: 6 | total: 19) -> {'max_bond': 128, 'max_links': 4, 'total_elems': 243800, 'total_shapes': 2804, 'total_links': 222, 'num_tensors': 56}
2026-08-25 05:15:22,385 [INFO]     [0 | left | 1](candidate_pairs: 27/27 | new_swaps: 5 | total: 24) -> {'max_bond': 128, 'max_links': 4, 'total_elems': 207936, 'total_shapes': 2616, 'total_links': 222, 'num_tensors': 56}
2026-08-25 05:15:22,726 [INFO]     [0 | right | 0](candidate_pairs: 28/28 | new_swaps: 5 | total: 29) -> {'max_bond': 128, 'max_links': 4, 'total_elems': 183936, 'total_shapes': 2440, 'total_links': 222, 'num_tensors': 56}
2026-08-25 05:15:23,024 [INFO]     [0 | right | 1](candidate_pairs: 27/27 | new_swaps: 5 | total: 34) -> {'max_bond': 128, 'max_links': 4, 'total_elems': 164096, 'total_shapes': 2264, 'total_links': 222, 'num_tensors': 56}
2026-08-25 05:15:23,674 [INFO]     [1 | both | 0](candidate_pairs: 28/28 | new_swaps: 3 | total: 3) -> {'max_bond': 128, 'max_links': 4, 'total_elems': 162944, 'total_shapes': 2228, 'total_links': 222, 'num_tensors': 56}
2026-08-25 05:15:24,238 [INFO]     [1 | both | 1](candidate_pairs: 27/27 | new_swaps: 4 | total: 7) -> {'max_bond': 128, 'max_links': 4, 'total_elems': 162828, 'total_shapes': 2214, 'total_links': 222, 'num_tensors': 56}
2026-08-25 05:15:24,537 [INFO]     [1 | left | 0](candidate_pairs: 28/28 | new_swaps: 2 | total: 9) -> {'max_bond': 128, 'max_links': 4, 'total_elems': 160588, 'total_shapes': 2174, 'total_links': 222, 'num_tensors': 56}
2026-08-25 05:15:24,783 [INFO]     [1 | left | 1](candidate_pairs: 27/27 | new_swaps: 1 | total: 10) -> {'max_bond': 128, 'max_links': 4, 'total_elems': 160396, 'total_shapes': 2162, 'total_links': 222, 'num_tensors': 56}
2026-08-25 05:15:25,060 [INFO]     [1 | right | 0](candidate_pairs: 28/28 | new_swaps: 4 | total: 14) -> {'max_bond': 128, 'max_links': 4, 'total_elems': 153680, 'total_shapes': 2052, 'total_links': 222, 'num_tensors': 56}
2026-08-25 05:15:25,298 [INFO]     [1 | right | 1](candidate_pairs: 27/27 | new_swaps: 1 | total: 15) -> {'max_bond': 128, 'max_links': 4, 'total_elems': 153620, 'total_shapes': 2046, 'total_links': 222, 'num_tensors': 56}
2026-08-25 05:15:25,940 [INFO]     [2 | both | 0](candidate_pairs: 28/28 | new_swaps: 2 | total: 2) -> {'max_bond': 128, 'max_links': 4, 'total_elems': 153548, 'total_shapes': 2038, 'total_links': 222, 'num_tensors': 56}
2026-08-25 05:15:26,445 [INFO]     [2 | both | 1](candidate_pairs: 27/27 | new_swaps: 1 | total: 3) -> {'max_bond': 128, 'max_links': 4, 'total_elems': 153356, 'total_shapes': 2026, 'total_links': 222, 'num_tensors': 56}
2026-08-25 05:15:26,659 [INFO]     [2 | left | 0](candidate_pairs: 28/28 | new_swaps: 0 | total: 3) -> {'max_bond': 128, 'max_links': 4, 'total_elems': 153356, 'total_shapes': 2026, 'total_links': 222, 'num_tensors': 56}
2026-08-25 05:15:26,828 [INFO]     [2 | left | 1](candidate_pairs: 27/27 | new_swaps: 0 | total: 3) -> {'max_bond': 128, 'max_links': 4, 'total_elems': 153356, 'total_shapes': 2026, 'total_links': 222, 'num_tensors': 56}
2026-08-25 05:15:27,019 [INFO]     [2 | right | 0](candidate_pairs: 28/28 | new_swaps: 0 | total: 3) -> {'max_bond': 128, 'max_links': 4, 'total_elems': 153356, 'total_shapes': 2026, 'total_links': 222, 'num_tensors': 56}
2026-08-25 05:15:27,191 [INFO]     [2 | right | 1](candidate_pairs: 27/27 | new_swaps: 0 | total: 3) -> {'max_bond': 128, 'max_links': 4, 'total_elems': 153356, 'total_shapes': 2026, 'total_links': 222, 'num_tensors': 56}
2026-08-25 05:15:27,685 [INFO]     [3 | both | 0](candidate_pairs: 28/28 | new_swaps: 0 | total: 0) -> {'max_bond': 128, 'max_links': 4, 'total_elems': 153356, 'total_shapes': 2026, 'total_links': 222, 'num_tensors': 56}
2026-08-25 05:15:28,061 [INFO]     [3 | both | 1](candidate_pairs: 27/27 | new_swaps: 0 | total: 0) -> {'max_bond': 128, 'max_links': 4, 'total_elems': 153356, 'total_shapes': 2026, 'total_links': 222, 'num_tensors': 56}
2026-08-25 05:15:28,274 [INFO]     [3 | left | 0](candidate_pairs: 28/28 | new_swaps: 0 | total: 0) -> {'max_bond': 128, 'max_links': 4, 'total_elems': 153356, 'total_shapes': 2026, 'total_links': 222, 'num_tensors': 56}
2026-08-25 05:15:28,444 [INFO]     [3 | left | 1](candidate_pairs: 27/27 | new_swaps: 0 | total: 0) -> {'max_bond': 128, 'max_links': 4, 'total_elems': 153356, 'total_shapes': 2026, 'total_links': 222, 'num_tensors': 56}
2026-08-25 05:15:28,635 [INFO]     [3 | right | 0](candidate_pairs: 28/28 | new_swaps: 0 | total: 0) -> {'max_bond': 128, 'max_links': 4, 'total_elems': 153356, 'total_shapes': 2026, 'total_links': 222, 'num_tensors': 56}
2026-08-25 05:15:28,806 [INFO]     [3 | right | 1](candidate_pairs: 27/27 | new_swaps: 0 | total: 0) -> {'max_bond': 128, 'max_links': 4, 'total_elems': 153356, 'total_shapes': 2026, 'total_links': 222, 'num_tensors': 56}
2026-08-25 05:15:28,807 [INFO]     [end unswap] -> {'max_bond': 128, 'max_links': 4, 'total_elems': 153356, 'total_shapes': 2026, 'total_links': 222, 'num_tensors': 56}
2026-08-25 05:15:30,988 [INFO] [start rewire](phase=post_unswap, cycle=46, side=left, layers=1376, trials=20, seed=123, parallel=False, route_candidates=1, route_score=none)
2026-08-25 05:15:32,850 [INFO] [end rewire](phase=post_unswap, cycle=46, side=left, routed_layers=1414, elapsed_s=1.86)
2026-08-25 05:15:32,850 [INFO] [start rewire](phase=post_unswap, cycle=46, side=right, layers=1585, trials=20, seed=123, parallel=False, route_candidates=1, route_score=none)
2026-08-25 05:15:34,944 [INFO] [end rewire](phase=post_unswap, cycle=46, side=right, routed_layers=1494, elapsed_s=2.09)
2026-08-25 05:15:35,368 [INFO] [1L/1412](swap: 12, u: 0 | c_u: 0 | t_u_l: 62/942 | t_u_r: 86/943 | t_u: 148/1885) -> {'max_bond': 128, 'max_links': 4, 'total_elems': 153356, 'total_shapes': 2026, 'total_links': 222, 'num_tensors': 56}
2026-08-25 05:15:35,686 [INFO] [1R/1492](swap: 9, u: 0 | c_u: 0 | t_u_l: 62/942 | t_u_r: 86/943 | t_u: 148/1885) -> {'max_bond': 128, 'max_links': 4, 'total_elems': 160584, 'total_shapes': 2166, 'total_links': 222, 'num_tensors': 56}
2026-08-25 05:15:36,014 [INFO] [2R/1492](swap: 8, u: 0 | c_u: 0 | t_u_l: 62/942 | t_u_r: 86/943 | t_u: 148/1885) -> {'max_bond': 128, 'max_links': 4, 'total_elems': 193344, 'total_shapes': 2468, 'total_links': 222, 'num_tensors': 56}
2026-08-25 05:15:36,376 [INFO] [3R/1492](swap: 6, u: 0 | c_u: 0 | t_u_l: 62/942 | t_u_r: 86/943 | t_u: 148/1885) -> {'max_bond': 128, 'max_links': 4, 'total_elems': 233200, 'total_shapes': 2742, 'total_links': 222, 'num_tensors': 56}
2026-08-25 05:15:36,771 [INFO] [4R/1492](swap: 5, u: 1 | c_u: 1 | t_u_l: 62/942 | t_u_r: 87/943 | t_u: 149/1885) -> {'max_bond': 128, 'max_links': 4, 'total_elems': 303600, 'total_shapes': 3032, 'total_links': 222, 'num_tensors': 56}
2026-08-25 05:15:37,244 [INFO] [5R/1492](swap: 6, u: 0 | c_u: 1 | t_u_l: 62/942 | t_u_r: 87/943 | t_u: 149/1885) -> {'max_bond': 128, 'max_links': 4, 'total_elems': 410944, 'total_shapes': 3520, 'total_links': 222, 'num_tensors': 56}
2026-08-25 05:15:37,936 [INFO] [6R/1492](swap: 6, u: 1 | c_u: 2 | t_u_l: 62/942 | t_u_r: 88/943 | t_u: 150/1885) -> {'max_bond': 128, 'max_links': 4, 'total_elems': 507416, 'total_shapes': 3898, 'total_links': 222, 'num_tensors': 56}
2026-08-25 05:15:38,026 [INFO] [end compressing](left: 1413, right: 1488) -> {'max_bond': 128, 'max_links': 4, 'total_elems': 507416, 'total_shapes': 3898, 'total_links': 222, 'num_tensors': 56}
