time,stage,rewire_side,rewire_phase,rewire_time_s,remaining_layers_before_rewire,parallel_rewire,adaptive_parallel_rewire,absorb_side,it_left,it_right,layers_left,layers_right,u_consumed_total_left,u_consumed_total_right,u_consumed_total,swap_consumed,u_consumed,u_consumed_after_unswap,probe_left_time_s,probe_right_time_s,probe_total_time_s,probe_wall_time_s,probe_left_total_elems,probe_right_total_elems,probe_left_max_bond,probe_right_max_bond,probe_left_hit_max_bond,probe_right_hit_max_bond,probe_left_over_unswap_threshold,probe_right_over_unswap_threshold,selected_total_elems,selected_max_bond,selected_hit_max_bond,compression_max_bond_limit,compression_cutoff,unswap_trigger_max_bond,cycle_start_total_elems,no_progress_unswap_cycles,absorb_score_mode,probe_left_score,probe_right_score,absorb_lookahead_depth,absorb_lookahead_depth_used,absorb_lookahead_candidates,absorb_lookahead_choice,absorb_lookahead_score,absorb_lookahead_time_s,max_bond,max_links,total_elems,total_shapes,total_links,num_tensors,iteration,side,parity,candidate_pairs,candidate_pairs_total,new_swaps,total_swaps,pair_lookahead_probes,pair_lookahead_candidates,pair_lookahead_current_score,pair_lookahead_best_score,alignment_score,route_proxy_weight,route_proxy_lookahead,route_proxy_rejected_swaps,route_proxy_added_swaps,alignment_weight,alignment_protect_gain,alignment_tie_loss,unswap_cycle,unswap_cycle_time_s,gates_consumed,total_work_gates,remaining_work_gates,cycle_gates_consumed,hit_max_bond,sabre_trials,adaptive_parallel_rewire_probed,cycle_work_consumed_before_rewire,route_candidates,route_score,route_score_time_s,route_chosen_seed,route_rewire_time_s,rewire_wall_time_s,termination_reason,termination_detail,abort_after_no_progress_unswap_cycles,initial_rewire_time_s,initial_rewire_wall_time_s,post_unswap_rewire_time_s,post_unswap_rewire_wall_time_s,absorb_probe_time_s,absorb_probe_wall_time_s,unswap_time_s,accounted_time_s,accounted_wall_time_s
1.5678987499995856,rewiring,left,initial,1.3049972910084762,1355,False,False,,,,,,,,,,,,,,,,,,,,,,,,,,,,,,,,,,,,,,,,,,,,,,,,,,,,,,,,,,,,,,,,,,,,,,,,,,,,,,,,,,,,,,,,,,,,,
2.9785475000098813,rewiring,right,initial,1.4103746659966419,1561,False,False,,,,,,,,,,,,,,,,,,,,,,,,,,,,,,,,,,,,,,,,,,,,,,,,,,,,,,,,,,,,,,,,,,,,,,,,,,,,,,,,,,,,,,,,,,,,,
4.739637582999421,absorbing,,,,,,,L,1,0,1353,1559,0,0,0,11,0,0,1.7087616659991909,0.026606499988702126,1.735368165987893,1.7358759580092737,224,512,1,4,False,False,False,False,224,1,False,512,0.0006,128,224,0,total_elems,224,512,1,1,,,,0.0,1,4,224,334,222,56,,,,,,,,,,,,,,,,,,,,,,,,,,,,,,,,,,,,,,,,,,,,,,,
4.7963432500109775,absorbing,,,,,,,R,1,1,1353,1559,0,0,0,12,0,0,0.027830374994664453,0.02521583299676422,0.05304620799142867,0.05362058398895897,520,512,4,4,False,False,False,False,512,4,False,512,0.0006,128,224,0,total_elems,520,512,1,1,,,,0.0,4,4,512,406,222,56,,,,,,,,,,,,,,,,,,,,,,,,,,,,,,,,,,,,,,,,,,,,,,,
4.854205499999807,absorbing,,,,,,,L,2,1,1353,1559,1,0,1,11,1,1,0.02746899999328889,0.026643124991096556,0.054112124984385446,0.05463991699798498,844,1168,4,4,False,False,False,False,844,4,False,512,0.0006,128,224,0,total_elems,844,1168,1,1,,,,0.0,4,4,844,450,222,56,,,,,,,,,,,,,,,,,,,,,,,,,,,,,,,,,,,,,,,,,,,,,,,
4.91199254100502,absorbing,,,,,,,R,2,2,1353,1559,1,1,2,10,1,2,0.026834457996301353,0.02706449999823235,0.0538989579945337,0.05443079100223258,1864,1456,16,4,False,False,False,False,1456,4,False,512,0.0006,128,224,0,total_elems,1864,1456,1,1,,,,0.0,4,4,1456,504,222,56,,,,,,,,,,,,,,,,,,,,,,,,,,,,,,,,,,,,,,,,,,,,,,,
4.969498083009967,absorbing,,,,,,,L,3,2,1353,1559,1,1,2,14,0,2,0.026867749998928048,0.026630209002178162,0.05349795900110621,0.05401487500057556,2464,2732,16,16,False,False,False,False,2464,16,False,512,0.0006,128,224,0,total_elems,2464,2732,1,1,,,,0.0,16,4,2464,576,222,56,,,,,,,,,,,,,,,,,,,,,,,,,,,,,,,,,,,,,,,,,,,,,,,
5.028650874999585,absorbing,,,,,,,R,3,3,1353,1559,1,1,2,13,0,2,0.028829167000367306,0.026431000005686656,0.05526016700605396,0.05580662499414757,5280,4316,16,16,False,False,False,False,4316,16,False,512,0.0006,128,224,0,total_elems,5280,4316,1,1,,,,0.0,16,4,4316,700,222,56,,,,,,,,,,,,,,,,,,,,,,,,,,,,,,,,,,,,,,,,,,,,,,,
5.092942875009612,absorbing,,,,,,,R,3,4,1353,1559,1,1,2,13,0,2,0.030865749999065883,0.029185499995946884,0.06005124999501277,0.06076637501246296,10116,9464,16,16,False,False,False,False,9464,16,False,512,0.0006,128,224,0,total_elems,10116,9464,1,1,,,,0.0,16,4,9464,844,222,56,,,,,,,,,,,,,,,,,,,,,,,,,,,,,,,,,,,,,,,,,,,,,,,
5.162885416008066,absorbing,,,,,,,R,3,5,1353,1559,1,1,2,13,0,2,0.034830417003831826,0.030155125001328997,0.06498554200516082,0.06559729200671427,26420,13496,64,16,False,False,False,False,13496,16,False,512,0.0006,128,224,0,total_elems,26420,13496,1,1,,,,0.0,16,4,13496,988,222,56,,,,,,,,,,,,,,,,,,,,,,,,,,,,,,,,,,,,,,,,,,,,,,,
5.232931833001203,absorbing,,,,,,,R,3,6,1353,1559,1,1,2,12,0,2,0.0344782500033034,0.031032875005621463,0.06551112500892486,0.0661245829978725,29108,17516,64,16,False,False,False,False,17516,16,False,512,0.0006,128,224,0,total_elems,29108,17516,1,1,,,,0.0,16,4,17516,1102,222,56,,,,,,,,,,,,,,,,,,,,,,,,,,,,,,,,,,,,,,,,,,,,,,,
5.309415499999886,absorbing,,,,,,,L,4,6,1353,1559,2,1,3,14,1,3,0.03773262500180863,0.03425308300938923,0.07198570801119786,0.07256741599121597,33200,36008,64,64,False,False,False,False,33200,64,False,512,0.0006,128,224,0,total_elems,33200,36008,1,1,,,,0.0,64,4,33200,1360,222,56,,,,,,,,,,,,,,,,,,,,,,,,,,,,,,,,,,,,,,,,,,,,,,,
5.404733041010331,absorbing,,,,,,,R,4,7,1353,1559,2,1,3,12,0,3,0.05093387501256075,0.03924204099166673,0.09017591600422747,0.09083245901274495,62508,50120,64,64,False,False,False,False,50120,64,False,512,0.0006,128,224,0,total_elems,62508,50120,1,1,,,,0.0,64,4,50120,1666,222,56,,,,,,,,,,,,,,,,,,,,,,,,,,,,,,,,,,,,,,,,,,,,,,,
5.521846333009307,absorbing,,,,,,,R,4,8,1353,1559,2,2,4,10,1,4,0.06382837500132155,0.04849941701104399,0.11232779201236553,0.1129487500002142,87492,85444,64,64,False,False,False,False,85444,64,False,512,0.0006,128,224,0,total_elems,87492,85444,1,1,,,,0.0,64,4,85444,1968,222,56,,,,,,,,,,,,,,,,,,,,,,,,,,,,,,,,,,,,,,,,,,,,,,,
5.697866750007961,absorbing,,,,,,,L,5,8,1353,1559,3,2,5,13,1,5,0.08056958300585393,0.09065262500371318,0.1712222080095671,0.17187745799310505,124352,225600,64,256,False,False,False,False,124352,64,False,512,0.0006,128,224,0,total_elems,124352,225600,1,1,,,,0.0,64,4,124352,2254,222,56,,,,,,,,,,,,,,,,,,,,,,,,,,,,,,,,,,,,,,,,,,,,,,,
5.966818665998289,absorbing,,,,,,,L,6,8,1353,1559,4,2,6,8,1,6,0.11120312500861473,0.15109262499026954,0.2622957499988843,0.2636036250041798,154672,271712,128,256,False,False,False,False,154672,128,False,512,0.0006,128,224,0,total_elems,154672,271712,1,1,,,,0.0,128,4,154672,2488,222,56,,,,,,,,,,,,,,,,,,,,,,,,,,,,,,,,,,,,,,,,,,,,,,,
6.324809166006162,absorbing,,,,,,,R,6,9,1353,1559,4,3,7,9,1,7,0.25555458400049247,0.0928642079961719,0.34841879199666437,0.3490537920006318,357472,230320,256,128,False,False,False,False,230320,128,False,512,0.0006,128,224,0,total_elems,357472,230320,1,1,,,,0.0,128,4,230320,2992,222,56,,,,,,,,,,,,,,,,,,,,,,,,,,,,,,,,,,,,,,,,,,,,,,,
9.24196045800636,unswapping,,,,,,,,,,,,,,,,,,,,,,,,,,,,,,,,,,,,,,,,,,,,,,,256,4,360032,3340,222,56,0,both,0,28,28,3,3,,,,,0,,,,,,,,,,,,,,,,,,,,,,,,,,,,,,,,,,,
10.178087083011633,unswapping,,,,,,,,,,,,,,,,,,,,,,,,,,,,,,,,,,,,,,,,,,,,,,,64,4,192960,2464,222,56,0,both,1,27,27,11,14,,,,,0,,,,,,,,,,,,,,,,,,,,,,,,,,,,,,,,,,,
10.460421666008187,unswapping,,,,,,,,,,,,,,,,,,,,,,,,,,,,,,,,,,,,,,,,,,,,,,,64,4,189156,2364,222,56,0,left,0,28,28,8,22,,,,,16,,,,,,,,,,,,,,,,,,,,,,,,,,,,,,,,,,,
10.84548287501093,unswapping,,,,,,,,,,,,,,,,,,,,,,,,,,,,,,,,,,,,,,,,,,,,,,,64,4,129196,2044,222,56,0,left,1,27,27,10,32,,,,,36,,,,,,,,,,,,,,,,,,,,,,,,,,,,,,,,,,,
11.05010058300104,unswapping,,,,,,,,,,,,,,,,,,,,,,,,,,,,,,,,,,,,,,,,,,,,,,,64,4,59812,1390,222,56,0,right,0,28,28,10,42,,,,,56,,,,,,,,,,,,,,,,,,,,,,,,,,,,,,,,,,,
11.155484791001072,unswapping,,,,,,,,,,,,,,,,,,,,,,,,,,,,,,,,,,,,,,,,,,,,,,,64,4,40364,1202,222,56,0,right,1,27,27,6,48,,,,,68,,,,,,,,,,,,,,,,,,,,,,,,,,,,,,,,,,,
11.3364714160125,unswapping,,,,,,,,,,,,,,,,,,,,,,,,,,,,,,,,,,,,,,,,,,,,,,,64,4,22856,1036,222,56,1,both,0,28,28,7,7,,,,,82,,,,,,,,,,,,,,,,,,,,,,,,,,,,,,,,,,,
11.46761887500179,unswapping,,,,,,,,,,,,,,,,,,,,,,,,,,,,,,,,,,,,,,,,,,,,,,,32,4,11060,794,222,56,1,both,1,27,27,10,17,,,,,108,,,,,,,,,,,,,,,,,,,,,,,,,,,,,,,,,,,
11.52539304101083,unswapping,,,,,,,,,,,,,,,,,,,,,,,,,,,,,,,,,,,,,,,,,,,,,,,32,4,9908,748,222,56,1,left,0,28,28,5,22,,,,,118,,,,,,,,,,,,,,,,,,,,,,,,,,,,,,,,,,,
11.583361875003902,unswapping,,,,,,,,,,,,,,,,,,,,,,,,,,,,,,,,,,,,,,,,,,,,,,,32,4,9824,738,222,56,1,left,1,27,27,2,24,,,,,122,,,,,,,,,,,,,,,,,,,,,,,,,,,,,,,,,,,
11.640453500003787,unswapping,,,,,,,,,,,,,,,,,,,,,,,,,,,,,,,,,,,,,,,,,,,,,,,32,4,9668,720,222,56,1,right,0,28,28,3,27,,,,,128,,,,,,,,,,,,,,,,,,,,,,,,,,,,,,,,,,,
11.697072333001415,unswapping,,,,,,,,,,,,,,,,,,,,,,,,,,,,,,,,,,,,,,,,,,,,,,,32,4,9608,714,222,56,1,right,1,27,27,1,28,,,,,130,,,,,,,,,,,,,,,,,,,,,,,,,,,,,,,,,,,
11.805941500002518,unswapping,,,,,,,,,,,,,,,,,,,,,,,,,,,,,,,,,,,,,,,,,,,,,,,32,4,4184,586,222,56,2,both,0,28,28,9,9,,,,,146,,,,,,,,,,,,,,,,,,,,,,,,,,,,,,,,,,,
11.90095820800343,unswapping,,,,,,,,,,,,,,,,,,,,,,,,,,,,,,,,,,,,,,,,,,,,,,,8,4,1520,464,222,56,2,both,1,27,27,8,17,,,,,160,,,,,,,,,,,,,,,,,,,,,,,,,,,,,,,,,,,
11.950513000003411,unswapping,,,,,,,,,,,,,,,,,,,,,,,,,,,,,,,,,,,,,,,,,,,,,,,8,4,1256,446,222,56,2,left,0,28,28,2,19,,,,,162,,,,,,,,,,,,,,,,,,,,,,,,,,,,,,,,,,,
12.001150750002125,unswapping,,,,,,,,,,,,,,,,,,,,,,,,,,,,,,,,,,,,,,,,,,,,,,,8,4,1072,432,222,56,2,left,1,27,27,2,21,,,,,166,,,,,,,,,,,,,,,,,,,,,,,,,,,,,,,,,,,
12.051256791004562,unswapping,,,,,,,,,,,,,,,,,,,,,,,,,,,,,,,,,,,,,,,,,,,,,,,4,4,760,408,222,56,2,right,0,28,28,3,24,,,,,172,,,,,,,,,,,,,,,,,,,,,,,,,,,,,,,,,,,
12.100165416006348,unswapping,,,,,,,,,,,,,,,,,,,,,,,,,,,,,,,,,,,,,,,,,,,,,,,4,4,640,396,222,56,2,right,1,27,27,2,26,,,,,174,,,,,,,,,,,,,,,,,,,,,,,,,,,,,,,,,,,
12.185241541010328,unswapping,,,,,,,,,,,,,,,,,,,,,,,,,,,,,,,,,,,,,,,,,,,,,,,4,4,508,382,222,56,3,both,0,28,28,3,3,,,,,178,,,,,,,,,,,,,,,,,,,,,,,,,,,,,,,,,,,
12.271254708000924,unswapping,,,,,,,,,,,,,,,,,,,,,,,,,,,,,,,,,,,,,,,,,,,,,,,4,4,460,374,222,56,3,both,1,27,27,4,7,,,,,184,,,,,,,,,,,,,,,,,,,,,,,,,,,,,,,,,,,
12.29130791600619,unswapping,,,,,,,,,,,,,,,,,,,,,,,,,,,,,,,,,,,,,,,,,,,,,,,4,4,460,374,222,56,3,left,0,28,28,0,7,,,,,184,,,,,,,,,,,,,,,,,,,,,,,,,,,,,,,,,,,
12.339963791004266,unswapping,,,,,,,,,,,,,,,,,,,,,,,,,,,,,,,,,,,,,,,,,,,,,,,4,4,396,364,222,56,3,left,1,27,27,2,9,,,,,188,,,,,,,,,,,,,,,,,,,,,,,,,,,,,,,,,,,
12.387157333010691,unswapping,,,,,,,,,,,,,,,,,,,,,,,,,,,,,,,,,,,,,,,,,,,,,,,4,4,372,360,222,56,3,right,0,28,28,1,10,,,,,190,,,,,,,,,,,,,,,,,,,,,,,,,,,,,,,,,,,
12.406989833005355,unswapping,,,,,,,,,,,,,,,,,,,,,,,,,,,,,,,,,,,,,,,,,,,,,,,4,4,372,360,222,56,3,right,1,27,27,0,10,,,,,190,,,,,,,,,,,,,,,,,,,,,,,,,,,,,,,,,,,
12.492601041012676,unswapping,,,,,,,,,,,,,,,,,,,,,,,,,,,,,,,,,,,,,,,,,,,,,,,4,4,336,354,222,56,4,both,0,28,28,3,3,,,,,192,,,,,,,,,,,,,,,,,,,,,,,,,,,,,,,,,,,
12.530576290999306,unswapping,,,,,,,,,,,,,,,,,,,,,,,,,,,,,,,,,,,,,,,,,,,,,,,4,4,336,354,222,56,4,both,1,27,27,0,3,,,,,192,,,,,,,,,,,,,,,,,,,,,,,,,,,,,,,,,,,
12.550605958007509,unswapping,,,,,,,,,,,,,,,,,,,,,,,,,,,,,,,,,,,,,,,,,,,,,,,4,4,336,354,222,56,4,left,0,28,28,0,3,,,,,192,,,,,,,,,,,,,,,,,,,,,,,,,,,,,,,,,,,
12.570306833003997,unswapping,,,,,,,,,,,,,,,,,,,,,,,,,,,,,,,,,,,,,,,,,,,,,,,4,4,336,354,222,56,4,left,1,27,27,0,3,,,,,192,,,,,,,,,,,,,,,,,,,,,,,,,,,,,,,,,,,
12.590679625005578,unswapping,,,,,,,,,,,,,,,,,,,,,,,,,,,,,,,,,,,,,,,,,,,,,,,4,4,336,354,222,56,4,right,0,28,28,0,3,,,,,192,,,,,,,,,,,,,,,,,,,,,,,,,,,,,,,,,,,
12.610616000005393,unswapping,,,,,,,,,,,,,,,,,,,,,,,,,,,,,,,,,,,,,,,,,,,,,,,4,4,336,354,222,56,4,right,1,27,27,0,3,,,,,192,,,,,,,,,,,,,,,,,,,,,,,,,,,,,,,,,,,
12.64892120800505,unswapping,,,,,,,,,,,,,,,,,,,,,,,,,,,,,,,,,,,,,,,,,,,,,,,4,4,336,354,222,56,5,both,0,28,28,0,0,,,,,192,,,,,,,,,,,,,,,,,,,,,,,,,,,,,,,,,,,
12.686384958011331,unswapping,,,,,,,,,,,,,,,,,,,,,,,,,,,,,,,,,,,,,,,,,,,,,,,4,4,336,354,222,56,5,both,1,27,27,0,0,,,,,192,,,,,,,,,,,,,,,,,,,,,,,,,,,,,,,,,,,
12.706286915999954,unswapping,,,,,,,,,,,,,,,,,,,,,,,,,,,,,,,,,,,,,,,,,,,,,,,4,4,336,354,222,56,5,left,0,28,28,0,0,,,,,192,,,,,,,,,,,,,,,,,,,,,,,,,,,,,,,,,,,
12.726106416012044,unswapping,,,,,,,,,,,,,,,,,,,,,,,,,,,,,,,,,,,,,,,,,,,,,,,4,4,336,354,222,56,5,left,1,27,27,0,0,,,,,192,,,,,,,,,,,,,,,,,,,,,,,,,,,,,,,,,,,
12.74625629100774,unswapping,,,,,,,,,,,,,,,,,,,,,,,,,,,,,,,,,,,,,,,,,,,,,,,4,4,336,354,222,56,5,right,0,28,28,0,0,,,,,192,,,,,,,,,,,,,,,,,,,,,,,,,,,,,,,,,,,
12.765890541006229,unswapping,,,,,,,,,,,,,,,,,,,,,,,,,,,,,,,,,,,,,,,,,,,,,,,4,4,336,354,222,56,5,right,1,27,27,0,0,,,,,192,,,,,,,,,,,,,,,,,,,,,,,,,,,,,,,,,,,
12.848751333003747,unswap_cycle_summary,,,,,,,,,,,,4,3,7,,,,,,,,,,,,,,,,,,,512,0.0006,,,,,,,,,,,,,4,4,336,354,222,56,,,,,,,,,,,,,,,,,,,,1,6.030961666998337,7,1885,1878,7,False,,,,,,,,,,,,,,,,,,,,,
14.1511894580035,rewiring,left,post_unswap,1.2987693750037579,1349,False,False,,,,,,,,,,,,,,,,,,,,,,,,,,,,,,,,,,,,,,,,,,,,,,,,,,,,,,,,,,,,,,,,,,1,,,,,,,20,False,7,1,none,0.0,123,1.2987632500007749,2.743999915997847,,,,,,,,,,,,
15.59612816599838,rewiring,right,post_unswap,1.4446651249891147,1552,False,False,,,,,,,,,,,,,,,,,,,,,,,,,,,,,,,,,,,,,,,,,,,,,,,,,,,,,,,,,,,,,,,,,,1,,,,,,,20,False,7,1,none,0.0,123,1.444659375003539,2.743999915997847,,,,,,,,,,,,
15.603144749999046,cycle_progress,,,,,,,,,,,,4,3,7,,,,,,,,,,,,,,,,,,,512,0.0006,,224,0,,,,,,,,,,4,4,336,354,222,56,,,,,,,,,,,,,,,,,,,,1,,7,1885,1878,7,False,,,,,,,,,2.743999915997847,,,,,,,,,,,,
15.664441166009055,absorbing,,,,,,,L,1,0,1577,1548,4,3,7,12,0,0,0.02824045800662134,0.027104666995001025,0.055345125001622364,0.05606012498901691,336,660,4,4,False,False,False,False,336,4,False,512,0.0006,128,336,0,total_elems,336,660,1,1,,,,0.0,4,4,336,354,222,56,,,,,,,,,,,,,,,,,,,,,,,,,,,,,,,,,,,,,,,,,,,,,,,
15.724667708011111,absorbing,,,,,,,L,2,0,1577,1548,4,3,7,12,0,0,0.02772391599137336,0.02637029100151267,0.05409420699288603,0.054686290997779,628,660,4,4,False,False,False,False,628,4,False,512,0.0006,128,336,0,total_elems,628,660,1,1,,,,0.0,4,4,628,422,222,56,,,,,,,,,,,,,,,,,,,,,,,,,,,,,,,,,,,,,,,,,,,,,,,
15.786941291007679,absorbing,,,,,,,R,2,1,1577,1548,4,3,7,12,0,0,0.0288875420083059,0.02705387500463985,0.05594141701294575,0.05652258401096333,1560,1028,8,4,False,False,False,False,1028,4,False,512,0.0006,128,336,0,total_elems,1560,1028,1,1,,,,0.0,4,4,1028,478,222,56,,,,,,,,,,,,,,,,,,,,,,,,,,,,,,,,,,,,,,,,,,,,,,,
15.850805875001242,absorbing,,,,,,,R,2,2,1577,1548,4,3,7,13,0,0,0.029183915990870446,0.028418708010576665,0.05760262400144711,0.05822687500040047,1868,1756,8,8,False,False,False,False,1756,8,False,512,0.0006,128,336,0,total_elems,1868,1756,1,1,,,,0.0,8,4,1756,542,222,56,,,,,,,,,,,,,,,,,,,,,,,,,,,,,,,,,,,,,,,,,,,,,,,
15.914453083008993,absorbing,,,,,,,L,3,2,1577,1548,5,3,8,12,1,1,0.029594166000606492,0.027447625005152076,0.05704179100575857,0.05764241599536035,2640,3676,8,16,False,False,False,False,2640,8,False,512,0.0006,128,336,0,total_elems,2640,3676,1,1,,,,0.0,8,4,2640,598,222,56,,,,,,,,,,,,,,,,,,,,,,,,,,,,,,,,,,,,,,,,,,,,,,,
15.978412374999607,absorbing,,,,,,,L,4,2,1577,1548,5,3,8,12,0,1,0.02919970800576266,0.028284707994316705,0.057484416000079364,0.05818083400663454,4644,5136,16,16,False,False,False,False,4644,16,False,512,0.0006,128,336,0,total_elems,4644,5136,1,1,,,,0.0,16,4,4644,714,222,56,,,,,,,,,,,,,,,,,,,,,,,,,,,,,,,,,,,,,,,,,,,,,,,
16.044696708006086,absorbing,,,,,,,R,4,3,1577,1548,5,3,8,12,0,1,0.03036620900093112,0.029259707996970974,0.059625916997902095,0.06035945800249465,12804,8772,32,16,False,False,False,False,8772,16,False,512,0.0006,128,336,0,total_elems,12804,8772,1,1,,,,0.0,16,4,8772,832,222,56,,,,,,,,,,,,,,,,,,,,,,,,,,,,,,,,,,,,,,,,,,,,,,,
16.11557295800594,absorbing,,,,,,,L,5,3,1577,1548,5,3,8,11,0,1,0.03226545899815392,0.031946250004693866,0.06421170900284778,0.0647951249993639,19236,20356,64,64,False,False,False,False,19236,64,False,512,0.0006,128,336,0,total_elems,19236,20356,1,1,,,,0.0,64,4,19236,1054,222,56,,,,,,,,,,,,,,,,,,,,,,,,,,,,,,,,,,,,,,,,,,,,,,,
16.20661312500306,absorbing,,,,,,,R,5,4,1577,1548,5,3,8,12,0,1,0.04389845801051706,0.04044729100132827,0.08434574901184533,0.08496608400309924,54436,29860,64,64,False,False,False,False,29860,64,False,512,0.0006,128,336,0,total_elems,54436,29860,1,1,,,,0.0,64,4,29860,1294,222,56,,,,,,,,,,,,,,,,,,,,,,,,,,,,,,,,,,,,,,,,,,,,,,,
16.30353200000536,absorbing,,,,,,,R,5,5,1577,1548,5,4,9,12,1,2,0.04648570899735205,0.043665374992997386,0.09015108399034943,0.0907695419882657,58852,52896,64,64,False,False,False,False,52896,64,False,512,0.0006,128,336,0,total_elems,58852,52896,1,1,,,,0.0,64,4,52896,1476,222,56,,,,,,,,,,,,,,,,,,,,,,,,,,,,,,,,,,,,,,,,,,,,,,,
16.416865457998938,absorbing,,,,,,,L,6,5,1577,1548,5,4,9,11,0,2,0.05947962499340065,0.046989209004095756,0.1064688339974964,0.1071116249950137,45024,59492,64,64,False,False,False,False,45024,64,False,512,0.0006,128,336,0,total_elems,45024,59492,1,1,,,,0.0,64,4,45024,1572,222,56,,,,,,,,,,,,,,,,,,,,,,,,,,,,,,,,,,,,,,,,,,,,,,,
16.5314242910099,absorbing,,,,,,,R,6,6,1577,1548,5,6,11,12,2,4,0.060655332999886014,0.0470412499998929,0.10769658299977891,0.10837191699829418,111068,42980,64,64,False,False,False,False,42980,64,False,512,0.0006,128,336,0,total_elems,111068,42980,1,1,,,,0.0,64,4,42980,1542,222,56,,,,,,,,,,,,,,,,,,,,,,,,,,,,,,,,,,,,,,,,,,,,,,,
16.640472500002943,absorbing,,,,,,,R,6,7,1577,1548,5,7,12,13,1,5,0.05211687499831896,0.05011354100133758,0.10223041599965654,0.10282424998877104,84448,75200,64,64,False,False,False,False,75200,64,False,512,0.0006,128,336,0,total_elems,84448,75200,1,1,,,,0.0,64,4,75200,1906,222,56,,,,,,,,,,,,,,,,,,,,,,,,,,,,,,,,,,,,,,,,,,,,,,,
16.772274415998254,absorbing,,,,,,,L,7,7,1577,1548,5,7,12,12,0,5,0.06074720800097566,0.06382862500322517,0.12457583300420083,0.12520562499412335,102880,117536,64,64,False,False,False,False,102880,64,False,512,0.0006,128,336,0,total_elems,102880,117536,1,1,,,,0.0,64,4,102880,2160,222,56,,,,,,,,,,,,,,,,,,,,,,,,,,,,,,,,,,,,,,,,,,,,,,,
16.941500583008747,absorbing,,,,,,,R,7,8,1577,1548,5,7,12,12,0,5,0.08612862500012852,0.07571879199531395,0.16184741699544247,0.1624870829982683,192672,154720,64,64,False,False,False,False,154720,64,False,512,0.0006,128,336,0,total_elems,192672,154720,1,1,,,,0.0,64,4,154720,2608,222,56,,,,,,,,,,,,,,,,,,,,,,,,,,,,,,,,,,,,,,,,,,,,,,,
17.166859500008286,absorbing,,,,,,,R,7,9,1577,1548,5,8,13,9,1,6,0.12427899999602232,0.09394887500093319,0.2182278749969555,0.21885716600809246,301984,189408,256,64,False,False,False,False,189408,64,False,512,0.0006,128,336,0,total_elems,301984,189408,1,1,,,,0.0,64,4,189408,2896,222,56,,,,,,,,,,,,,,,,,,,,,,,,,,,,,,,,,,,,,,,,,,,,,,,
19.426257708008052,unswapping,,,,,,,,,,,,,,,,,,,,,,,,,,,,,,,,,,,,,,,,,,,,,,,256,4,306432,3314,222,56,0,both,0,28,28,7,7,,,,,0,,,,,,,,,,,,,,,,,,,,,,,,,,,,,,,,,,,
20.13710683300451,unswapping,,,,,,,,,,,,,,,,,,,,,,,,,,,,,,,,,,,,,,,,,,,,,,,64,4,140772,2408,222,56,0,both,1,27,27,10,17,,,,,0,,,,,,,,,,,,,,,,,,,,,,,,,,,,,,,,,,,
20.33273900000495,unswapping,,,,,,,,,,,,,,,,,,,,,,,,,,,,,,,,,,,,,,,,,,,,,,,64,4,122340,2120,222,56,0,left,0,28,28,6,23,,,,,12,,,,,,,,,,,,,,,,,,,,,,,,,,,,,,,,,,,
20.56128258300305,unswapping,,,,,,,,,,,,,,,,,,,,,,,,,,,,,,,,,,,,,,,,,,,,,,,64,4,77832,1804,222,56,0,left,1,27,27,8,31,,,,,28,,,,,,,,,,,,,,,,,,,,,,,,,,,,,,,,,,,
20.68703450000612,unswapping,,,,,,,,,,,,,,,,,,,,,,,,,,,,,,,,,,,,,,,,,,,,,,,64,4,46908,1434,222,56,0,right,0,28,28,9,40,,,,,38,,,,,,,,,,,,,,,,,,,,,,,,,,,,,,,,,,,
20.783166125009302,unswapping,,,,,,,,,,,,,,,,,,,,,,,,,,,,,,,,,,,,,,,,,,,,,,,64,4,32252,1274,222,56,0,right,1,27,27,5,45,,,,,48,,,,,,,,,,,,,,,,,,,,,,,,,,,,,,,,,,,
20.944877333007753,unswapping,,,,,,,,,,,,,,,,,,,,,,,,,,,,,,,,,,,,,,,,,,,,,,,32,4,16084,1010,222,56,1,both,0,28,28,14,14,,,,,64,,,,,,,,,,,,,,,,,,,,,,,,,,,,,,,,,,,
21.064592583003105,unswapping,,,,,,,,,,,,,,,,,,,,,,,,,,,,,,,,,,,,,,,,,,,,,,,32,4,12656,886,222,56,1,both,1,27,27,9,23,,,,,78,,,,,,,,,,,,,,,,,,,,,,,,,,,,,,,,,,,
21.12763362500118,unswapping,,,,,,,,,,,,,,,,,,,,,,,,,,,,,,,,,,,,,,,,,,,,,,,32,4,11504,838,222,56,1,left,0,28,28,4,27,,,,,82,,,,,,,,,,,,,,,,,,,,,,,,,,,,,,,,,,,
21.191452166007366,unswapping,,,,,,,,,,,,,,,,,,,,,,,,,,,,,,,,,,,,,,,,,,,,,,,32,4,9436,754,222,56,1,left,1,27,27,6,33,,,,,86,,,,,,,,,,,,,,,,,,,,,,,,,,,,,,,,,,,
21.251967083007912,unswapping,,,,,,,,,,,,,,,,,,,,,,,,,,,,,,,,,,,,,,,,,,,,,,,32,4,8248,712,222,56,1,right,0,28,28,4,37,,,,,94,,,,,,,,,,,,,,,,,,,,,,,,,,,,,,,,,,,
21.306869332998758,unswapping,,,,,,,,,,,,,,,,,,,,,,,,,,,,,,,,,,,,,,,,,,,,,,,32,4,8188,706,222,56,1,right,1,27,27,1,38,,,,,96,,,,,,,,,,,,,,,,,,,,,,,,,,,,,,,,,,,
21.4158580830117,unswapping,,,,,,,,,,,,,,,,,,,,,,,,,,,,,,,,,,,,,,,,,,,,,,,32,4,7576,664,222,56,2,both,0,28,28,6,6,,,,,104,,,,,,,,,,,,,,,,,,,,,,,,,,,,,,,,,,,
21.5226039160043,unswapping,,,,,,,,,,,,,,,,,,,,,,,,,,,,,,,,,,,,,,,,,,,,,,,32,4,5832,588,222,56,2,both,1,27,27,11,17,,,,,124,,,,,,,,,,,,,,,,,,,,,,,,,,,,,,,,,,,
21.57763337501092,unswapping,,,,,,,,,,,,,,,,,,,,,,,,,,,,,,,,,,,,,,,,,,,,,,,32,4,5604,564,222,56,2,left,0,28,28,4,21,,,,,132,,,,,,,,,,,,,,,,,,,,,,,,,,,,,,,,,,,
21.601809750005486,unswapping,,,,,,,,,,,,,,,,,,,,,,,,,,,,,,,,,,,,,,,,,,,,,,,32,4,5604,564,222,56,2,left,1,27,27,0,21,,,,,132,,,,,,,,,,,,,,,,,,,,,,,,,,,,,,,,,,,
21.655479666005704,unswapping,,,,,,,,,,,,,,,,,,,,,,,,,,,,,,,,,,,,,,,,,,,,,,,32,4,5460,552,222,56,2,right,0,28,28,2,23,,,,,134,,,,,,,,,,,,,,,,,,,,,,,,,,,,,,,,,,,
21.67886912501126,unswapping,,,,,,,,,,,,,,,,,,,,,,,,,,,,,,,,,,,,,,,,,,,,,,,32,4,5460,552,222,56,2,right,1,27,27,0,23,,,,,134,,,,,,,,,,,,,,,,,,,,,,,,,,,,,,,,,,,
21.775388166002813,unswapping,,,,,,,,,,,,,,,,,,,,,,,,,,,,,,,,,,,,,,,,,,,,,,,32,4,4248,530,222,56,3,both,0,28,28,3,3,,,,,134,,,,,,,,,,,,,,,,,,,,,,,,,,,,,,,,,,,
21.87056916599977,unswapping,,,,,,,,,,,,,,,,,,,,,,,,,,,,,,,,,,,,,,,,,,,,,,,16,4,1344,450,222,56,3,both,1,27,27,8,11,,,,,138,,,,,,,,,,,,,,,,,,,,,,,,,,,,,,,,,,,
21.920397666006465,unswapping,,,,,,,,,,,,,,,,,,,,,,,,,,,,,,,,,,,,,,,,,,,,,,,8,4,936,420,222,56,3,left,0,28,28,2,13,,,,,142,,,,,,,,,,,,,,,,,,,,,,,,,,,,,,,,,,,
21.96913820800546,unswapping,,,,,,,,,,,,,,,,,,,,,,,,,,,,,,,,,,,,,,,,,,,,,,,8,4,876,414,222,56,3,left,1,27,27,1,14,,,,,144,,,,,,,,,,,,,,,,,,,,,,,,,,,,,,,,,,,
21.989871916011907,unswapping,,,,,,,,,,,,,,,,,,,,,,,,,,,,,,,,,,,,,,,,,,,,,,,8,4,876,414,222,56,3,right,0,28,28,0,14,,,,,144,,,,,,,,,,,,,,,,,,,,,,,,,,,,,,,,,,,
22.011443833005615,unswapping,,,,,,,,,,,,,,,,,,,,,,,,,,,,,,,,,,,,,,,,,,,,,,,8,4,876,414,222,56,3,right,1,27,27,0,14,,,,,144,,,,,,,,,,,,,,,,,,,,,,,,,,,,,,,,,,,
22.100066083003185,unswapping,,,,,,,,,,,,,,,,,,,,,,,,,,,,,,,,,,,,,,,,,,,,,,,8,4,776,404,222,56,4,both,0,28,28,3,3,,,,,150,,,,,,,,,,,,,,,,,,,,,,,,,,,,,,,,,,,
22.185821666003903,unswapping,,,,,,,,,,,,,,,,,,,,,,,,,,,,,,,,,,,,,,,,,,,,,,,8,4,764,402,222,56,4,both,1,27,27,1,4,,,,,152,,,,,,,,,,,,,,,,,,,,,,,,,,,,,,,,,,,
22.20696716599923,unswapping,,,,,,,,,,,,,,,,,,,,,,,,,,,,,,,,,,,,,,,,,,,,,,,8,4,764,402,222,56,4,left,0,28,28,0,4,,,,,152,,,,,,,,,,,,,,,,,,,,,,,,,,,,,,,,,,,
22.255690999998478,unswapping,,,,,,,,,,,,,,,,,,,,,,,,,,,,,,,,,,,,,,,,,,,,,,,8,4,716,396,222,56,4,left,1,27,27,1,5,,,,,154,,,,,,,,,,,,,,,,,,,,,,,,,,,,,,,,,,,
22.276385625009425,unswapping,,,,,,,,,,,,,,,,,,,,,,,,,,,,,,,,,,,,,,,,,,,,,,,8,4,716,396,222,56,4,right,0,28,28,0,5,,,,,154,,,,,,,,,,,,,,,,,,,,,,,,,,,,,,,,,,,
22.29696133300604,unswapping,,,,,,,,,,,,,,,,,,,,,,,,,,,,,,,,,,,,,,,,,,,,,,,8,4,716,396,222,56,4,right,1,27,27,0,5,,,,,154,,,,,,,,,,,,,,,,,,,,,,,,,,,,,,,,,,,
22.38297220801178,unswapping,,,,,,,,,,,,,,,,,,,,,,,,,,,,,,,,,,,,,,,,,,,,,,,8,4,704,394,222,56,5,both,0,28,28,1,1,,,,,154,,,,,,,,,,,,,,,,,,,,,,,,,,,,,,,,,,,
22.46819020800467,unswapping,,,,,,,,,,,,,,,,,,,,,,,,,,,,,,,,,,,,,,,,,,,,,,,8,4,692,392,222,56,5,both,1,27,27,1,2,,,,,158,,,,,,,,,,,,,,,,,,,,,,,,,,,,,,,,,,,
22.488959708003676,unswapping,,,,,,,,,,,,,,,,,,,,,,,,,,,,,,,,,,,,,,,,,,,,,,,8,4,692,392,222,56,5,left,0,28,28,0,2,,,,,158,,,,,,,,,,,,,,,,,,,,,,,,,,,,,,,,,,,
22.509826082998188,unswapping,,,,,,,,,,,,,,,,,,,,,,,,,,,,,,,,,,,,,,,,,,,,,,,8,4,692,392,222,56,5,left,1,27,27,0,2,,,,,158,,,,,,,,,,,,,,,,,,,,,,,,,,,,,,,,,,,
22.53056320801261,unswapping,,,,,,,,,,,,,,,,,,,,,,,,,,,,,,,,,,,,,,,,,,,,,,,8,4,692,392,222,56,5,right,0,28,28,0,2,,,,,158,,,,,,,,,,,,,,,,,,,,,,,,,,,,,,,,,,,
22.551170708000427,unswapping,,,,,,,,,,,,,,,,,,,,,,,,,,,,,,,,,,,,,,,,,,,,,,,8,4,692,392,222,56,5,right,1,27,27,0,2,,,,,158,,,,,,,,,,,,,,,,,,,,,,,,,,,,,,,,,,,
22.63723658300296,unswapping,,,,,,,,,,,,,,,,,,,,,,,,,,,,,,,,,,,,,,,,,,,,,,,8,4,680,390,222,56,6,both,0,28,28,1,1,,,,,160,,,,,,,,,,,,,,,,,,,,,,,,,,,,,,,,,,,
22.72325166600058,unswapping,,,,,,,,,,,,,,,,,,,,,,,,,,,,,,,,,,,,,,,,,,,,,,,8,4,668,388,222,56,6,both,1,27,27,1,2,,,,,164,,,,,,,,,,,,,,,,,,,,,,,,,,,,,,,,,,,
22.744176208012505,unswapping,,,,,,,,,,,,,,,,,,,,,,,,,,,,,,,,,,,,,,,,,,,,,,,8,4,668,388,222,56,6,left,0,28,28,0,2,,,,,164,,,,,,,,,,,,,,,,,,,,,,,,,,,,,,,,,,,
22.76488450000761,unswapping,,,,,,,,,,,,,,,,,,,,,,,,,,,,,,,,,,,,,,,,,,,,,,,8,4,668,388,222,56,6,left,1,27,27,0,2,,,,,164,,,,,,,,,,,,,,,,,,,,,,,,,,,,,,,,,,,
22.785141250002198,unswapping,,,,,,,,,,,,,,,,,,,,,,,,,,,,,,,,,,,,,,,,,,,,,,,8,4,668,388,222,56,6,right,0,28,28,0,2,,,,,164,,,,,,,,,,,,,,,,,,,,,,,,,,,,,,,,,,,
22.805774332999135,unswapping,,,,,,,,,,,,,,,,,,,,,,,,,,,,,,,,,,,,,,,,,,,,,,,8,4,668,388,222,56,6,right,1,27,27,0,2,,,,,164,,,,,,,,,,,,,,,,,,,,,,,,,,,,,,,,,,,
22.846654458000557,unswapping,,,,,,,,,,,,,,,,,,,,,,,,,,,,,,,,,,,,,,,,,,,,,,,8,4,668,388,222,56,7,both,0,28,28,0,0,,,,,164,,,,,,,,,,,,,,,,,,,,,,,,,,,,,,,,,,,
22.886522750006407,unswapping,,,,,,,,,,,,,,,,,,,,,,,,,,,,,,,,,,,,,,,,,,,,,,,8,4,668,388,222,56,7,both,1,27,27,0,0,,,,,164,,,,,,,,,,,,,,,,,,,,,,,,,,,,,,,,,,,
22.907181416012463,unswapping,,,,,,,,,,,,,,,,,,,,,,,,,,,,,,,,,,,,,,,,,,,,,,,8,4,668,388,222,56,7,left,0,28,28,0,0,,,,,164,,,,,,,,,,,,,,,,,,,,,,,,,,,,,,,,,,,
22.92790775001049,unswapping,,,,,,,,,,,,,,,,,,,,,,,,,,,,,,,,,,,,,,,,,,,,,,,8,4,668,388,222,56,7,left,1,27,27,0,0,,,,,164,,,,,,,,,,,,,,,,,,,,,,,,,,,,,,,,,,,
22.948527083004592,unswapping,,,,,,,,,,,,,,,,,,,,,,,,,,,,,,,,,,,,,,,,,,,,,,,8,4,668,388,222,56,7,right,0,28,28,0,0,,,,,164,,,,,,,,,,,,,,,,,,,,,,,,,,,,,,,,,,,
22.969138625005144,unswapping,,,,,,,,,,,,,,,,,,,,,,,,,,,,,,,,,,,,,,,,,,,,,,,8,4,668,388,222,56,7,right,1,27,27,0,0,,,,,164,,,,,,,,,,,,,,,,,,,,,,,,,,,,,,,,,,,
23.2009960830037,unswap_cycle_summary,,,,,,,,,,,,5,8,13,,,,,,,,,,,,,,,,,,,512,0.0006,,,,,,,,,,,,,8,4,668,388,222,56,,,,,,,,,,,,,,,,,,,,2,5.530067208004766,13,1885,1872,6,False,,,,,,,,,,,,,,,,,,,,,
24.873097500007134,rewiring,left,post_unswap,1.6658402500033844,1572,False,False,,,,,,,,,,,,,,,,,,,,,,,,,,,,,,,,,,,,,,,,,,,,,,,,,,,,,,,,,,,,,,,,,,2,,,,,,,20,False,6,1,none,0.0,123,1.6658346250042086,3.1968121670070104,,,,,,,,,,,,
26.40376641599869,rewiring,right,post_unswap,1.5303979579912266,1541,False,False,,,,,,,,,,,,,,,,,,,,,,,,,,,,,,,,,,,,,,,,,,,,,,,,,,,,,,,,,,,,,,,,,,2,,,,,,,20,False,6,1,none,0.0,123,1.5303934589901473,3.1968121670070104,,,,,,,,,,,,
26.416309166001156,cycle_progress,,,,,,,,,,,,5,8,13,,,,,,,,,,,,,,,,,,,512,0.0006,,336,0,,,,,,,,,,8,4,668,388,222,56,,,,,,,,,,,,,,,,,,,,2,,13,1885,1872,6,False,,,,,,,,,3.1968121670070104,,,,,,,,,,,,
26.48192645800009,absorbing,,,,,,,L,1,0,1283,1693,5,8,13,11,0,0,0.02910529199289158,0.02796420900267549,0.05706950099556707,0.05789983300201129,668,1076,8,8,False,False,False,False,668,8,False,512,0.0006,128,668,0,total_elems,668,1076,1,1,,,,0.0,8,4,668,388,222,56,,,,,,,,,,,,,,,,,,,,,,,,,,,,,,,,,,,,,,,,,,,,,,,
26.546329125005286,absorbing,,,,,,,L,2,0,1283,1693,5,8,13,12,0,0,0.02815875000669621,0.02751566701044794,0.05567441701714415,0.05626741699234117,996,1076,8,8,False,False,False,False,996,8,False,512,0.0006,128,668,0,total_elems,996,1076,1,1,,,,0.0,8,4,996,452,222,56,,,,,,,,,,,,,,,,,,,,,,,,,,,,,,,,,,,,,,,,,,,,,,,
26.61145579100412,absorbing,,,,,,,R,2,1,1283,1693,5,8,13,12,0,0,0.028679625000222586,0.027569166995817795,0.05624879199604038,0.056959291992825456,1868,1416,8,8,False,False,False,False,1416,8,False,512,0.0006,128,668,0,total_elems,1868,1416,1,1,,,,0.0,8,4,1416,496,222,56,,,,,,,,,,,,,,,,,,,,,,,,,,,,,,,,,,,,,,,,,,,,,,,
26.677654333005194,absorbing,,,,,,,L,3,1,1283,1693,5,8,13,14,0,0,0.029220374999567866,0.02794970799004659,0.05717008298961446,0.0577611250046175,2044,2340,8,16,False,False,False,False,2044,8,False,512,0.0006,128,668,0,total_elems,2044,2340,1,1,,,,0.0,8,4,2044,546,222,56,,,,,,,,,,,,,,,,,,,,,,,,,,,,,,,,,,,,,,,,,,,,,,,
26.744392083011917,absorbing,,,,,,,R,3,2,1283,1693,5,8,13,12,0,0,0.02937908298918046,0.02847437499440275,0.05785345798358321,0.05848970799706876,5064,3208,16,16,False,False,False,False,3208,16,False,512,0.0006,128,668,0,total_elems,5064,3208,1,1,,,,0.0,16,4,3208,632,222,56,,,,,,,,,,,,,,,,,,,,,,,,,,,,,,,,,,,,,,,,,,,,,,,
26.812158583008568,absorbing,,,,,,,R,3,3,1283,1693,5,8,13,11,0,0,0.0296024590061279,0.029054499987978488,0.05865695899410639,0.05926258298859466,6780,5824,16,16,False,False,False,False,5824,16,False,512,0.0006,128,668,0,total_elems,6780,5824,1,1,,,,0.0,16,4,5824,722,222,56,,,,,,,,,,,,,,,,,,,,,,,,,,,,,,,,,,,,,,,,,,,,,,,
26.883326750001288,absorbing,,,,,,,L,4,3,1283,1693,5,8,13,16,0,0,0.03100716600602027,0.03115687500394415,0.06216404100996442,0.06276612498913892,9372,13440,16,64,False,False,False,False,9372,16,False,512,0.0006,128,668,0,total_elems,9372,13440,1,1,,,,0.0,16,4,9372,874,222,56,,,,,,,,,,,,,,,,,,,,,,,,,,,,,,,,,,,,,,,,,,,,,,,
26.956713791005313,absorbing,,,,,,,R,4,4,1283,1693,5,8,13,10,0,0,0.032829292002134025,0.0314536250079982,0.06428291701013222,0.06491570800426416,19264,16576,32,64,False,False,False,False,16576,64,False,512,0.0006,128,668,0,total_elems,19264,16576,1,1,,,,0.0,64,4,16576,1038,222,56,,,,,,,,,,,,,,,,,,,,,,,,,,,,,,,,,,,,,,,,,,,,,,,
27.033004708006047,absorbing,,,,,,,R,4,5,1283,1693,5,8,13,9,0,0,0.034592166004586034,0.032121249998454005,0.06671341600304004,0.06732645799638703,27040,21088,64,64,False,False,False,False,21088,64,False,512,0.0006,128,668,0,total_elems,27040,21088,1,1,,,,0.0,64,4,21088,1176,222,56,,,,,,,,,,,,,,,,,,,,,,,,,,,,,,,,,,,,,,,,,,,,,,,
27.114714082999853,absorbing,,,,,,,L,5,5,1283,1693,5,8,13,14,0,0,0.035441625004750676,0.03678095800569281,0.07222258301044349,0.07287562500278,30784,37536,64,64,False,False,False,False,30784,64,False,512,0.0006,128,668,0,total_elems,30784,37536,1,1,,,,0.0,64,4,30784,1432,222,56,,,,,,,,,,,,,,,,,,,,,,,,,,,,,,,,,,,,,,,,,,,,,,,
27.20921383300447,absorbing,,,,,,,R,5,6,1283,1693,5,9,14,7,1,1,0.04668804199900478,0.03844941699935589,0.08513745899836067,0.08577670800150372,66624,46848,64,64,False,False,False,False,46848,64,False,512,0.0006,128,668,0,total_elems,66624,46848,1,1,,,,0.0,64,4,46848,1728,222,56,,,,,,,,,,,,,,,,,,,,,,,,,,,,,,,,,,,,,,,,,,,,,,,
27.31557687500026,absorbing,,,,,,,L,6,6,1283,1693,6,9,15,14,1,2,0.0492437500070082,0.047545124994940124,0.09678887500194833,0.09740020900790114,75200,76416,64,64,False,False,False,False,75200,64,False,512,0.0006,128,668,0,total_elems,75200,76416,1,1,,,,0.0,64,4,75200,2044,222,56,,,,,,,,,,,,,,,,,,,,,,,,,,,,,,,,,,,,,,,,,,,,,,,
27.448665666001034,absorbing,,,,,,,R,6,7,1283,1693,6,9,15,5,0,2,0.07173012499697506,0.051978832998429425,0.12370895799540449,0.12437070799933281,155776,94976,64,64,False,False,False,False,94976,64,False,512,0.0006,128,668,0,total_elems,155776,94976,1,1,,,,0.0,64,4,94976,2220,222,56,,,,,,,,,,,,,,,,,,,,,,,,,,,,,,,,,,,,,,,,,,,,,,,
27.586287958009052,absorbing,,,,,,,R,6,8,1283,1693,6,9,15,5,0,2,0.07356116699520499,0.054565667000133544,0.12812683399533853,0.12878774999990128,160768,95936,64,64,False,False,False,False,95936,64,False,512,0.0006,128,668,0,total_elems,160768,95936,1,1,,,,0.0,64,4,95936,2260,222,56,,,,,,,,,,,,,,,,,,,,,,,,,,,,,,,,,,,,,,,,,,,,,,,
27.724984000000404,absorbing,,,,,,,R,6,9,1283,1693,6,9,15,6,0,2,0.07623437499569263,0.052285375000792556,0.1285197499964852,0.1292534579988569,160384,96448,64,64,False,False,False,False,96448,64,False,512,0.0006,128,668,0,total_elems,160384,96448,1,1,,,,0.0,64,4,96448,2276,222,56,,,,,,,,,,,,,,,,,,,,,,,,,,,,,,,,,,,,,,,,,,,,,,,
27.866932541001006,absorbing,,,,,,,R,6,10,1283,1693,6,9,15,7,0,2,0.07555316700018011,0.05639333400176838,0.1319465010019485,0.13259691699931864,160896,103520,64,64,False,False,False,False,103520,64,False,512,0.0006,128,668,0,total_elems,160896,103520,1,1,,,,0.0,64,4,103520,2400,222,56,,,,,,,,,,,,,,,,,,,,,,,,,,,,,,,,,,,,,,,,,,,,,,,
28.020159040999715,absorbing,,,,,,,R,6,11,1283,1693,6,10,16,7,1,3,0.07646525000745896,0.06715124999755062,0.14361650000500958,0.14425095800834242,168352,131296,64,64,False,False,False,False,131296,64,False,512,0.0006,128,668,0,total_elems,168352,131296,1,1,,,,0.0,64,4,131296,2648,222,56,,,,,,,,,,,,,,,,,,,,,,,,,,,,,,,,,,,,,,,,,,,,,,,
28.218870666009025,absorbing,,,,,,,L,7,11,1283,1693,6,10,16,12,0,3,0.08653695799876004,0.1024342080054339,0.18897116600419395,0.18961462499282788,196128,267232,64,256,False,False,False,False,196128,64,False,512,0.0006,128,668,0,total_elems,196128,267232,1,1,,,,0.0,64,4,196128,3160,222,56,,,,,,,,,,,,,,,,,,,,,,,,,,,,,,,,,,,,,,,,,,,,,,,
29.489711957998225,unswapping,,,,,,,,,,,,,,,,,,,,,,,,,,,,,,,,,,,,,,,,,,,,,,,64,4,217632,3208,222,56,0,both,0,28,28,5,5,,,,,0,,,,,,,,,,,,,,,,,,,,,,,,,,,,,,,,,,,
30.096227833011653,unswapping,,,,,,,,,,,,,,,,,,,,,,,,,,,,,,,,,,,,,,,,,,,,,,,64,4,118496,2408,222,56,0,both,1,27,27,13,18,,,,,0,,,,,,,,,,,,,,,,,,,,,,,,,,,,,,,,,,,
30.270874333000393,unswapping,,,,,,,,,,,,,,,,,,,,,,,,,,,,,,,,,,,,,,,,,,,,,,,64,4,66720,1864,222,56,0,left,0,28,28,9,27,,,,,18,,,,,,,,,,,,,,,,,,,,,,,,,,,,,,,,,,,
30.41965408300166,unswapping,,,,,,,,,,,,,,,,,,,,,,,,,,,,,,,,,,,,,,,,,,,,,,,64,4,36576,1472,222,56,0,left,1,27,27,12,39,,,,,42,,,,,,,,,,,,,,,,,,,,,,,,,,,,,,,,,,,
30.504343541004346,unswapping,,,,,,,,,,,,,,,,,,,,,,,,,,,,,,,,,,,,,,,,,,,,,,,32,4,25152,1244,222,56,0,right,0,28,28,7,46,,,,,48,,,,,,,,,,,,,,,,,,,,,,,,,,,,,,,,,,,
30.581143791001523,unswapping,,,,,,,,,,,,,,,,,,,,,,,,,,,,,,,,,,,,,,,,,,,,,,,32,4,21792,1174,222,56,0,right,1,27,27,5,51,,,,,56,,,,,,,,,,,,,,,,,,,,,,,,,,,,,,,,,,,
30.730765500004054,unswapping,,,,,,,,,,,,,,,,,,,,,,,,,,,,,,,,,,,,,,,,,,,,,,,32,4,15484,1014,222,56,1,both,0,28,28,9,9,,,,,72,,,,,,,,,,,,,,,,,,,,,,,,,,,,,,,,,,,
30.85703983300482,unswapping,,,,,,,,,,,,,,,,,,,,,,,,,,,,,,,,,,,,,,,,,,,,,,,32,4,11576,890,222,56,1,both,1,27,27,10,19,,,,,92,,,,,,,,,,,,,,,,,,,,,,,,,,,,,,,,,,,
30.919658958009677,unswapping,,,,,,,,,,,,,,,,,,,,,,,,,,,,,,,,,,,,,,,,,,,,,,,32,4,10156,832,222,56,1,left,0,28,28,5,24,,,,,100,,,,,,,,,,,,,,,,,,,,,,,,,,,,,,,,,,,
30.98306362501171,unswapping,,,,,,,,,,,,,,,,,,,,,,,,,,,,,,,,,,,,,,,,,,,,,,,32,4,8676,772,222,56,1,left,1,27,27,6,30,,,,,110,,,,,,,,,,,,,,,,,,,,,,,,,,,,,,,,,,,
31.042629625007976,unswapping,,,,,,,,,,,,,,,,,,,,,,,,,,,,,,,,,,,,,,,,,,,,,,,32,4,8104,736,222,56,1,right,0,28,28,5,35,,,,,116,,,,,,,,,,,,,,,,,,,,,,,,,,,,,,,,,,,
31.101365624999744,unswapping,,,,,,,,,,,,,,,,,,,,,,,,,,,,,,,,,,,,,,,,,,,,,,,32,4,7764,714,222,56,1,right,1,27,27,3,38,,,,,122,,,,,,,,,,,,,,,,,,,,,,,,,,,,,,,,,,,
31.208976791007444,unswapping,,,,,,,,,,,,,,,,,,,,,,,,,,,,,,,,,,,,,,,,,,,,,,,32,4,6900,662,222,56,2,both,0,28,28,9,9,,,,,136,,,,,,,,,,,,,,,,,,,,,,,,,,,,,,,,,,,
31.310920333009562,unswapping,,,,,,,,,,,,,,,,,,,,,,,,,,,,,,,,,,,,,,,,,,,,,,,32,4,6576,636,222,56,2,both,1,27,27,4,13,,,,,142,,,,,,,,,,,,,,,,,,,,,,,,,,,,,,,,,,,
31.368484125006944,unswapping,,,,,,,,,,,,,,,,,,,,,,,,,,,,,,,,,,,,,,,,,,,,,,,32,4,6296,608,222,56,2,left,0,28,28,4,17,,,,,148,,,,,,,,,,,,,,,,,,,,,,,,,,,,,,,,,,,
31.425055291008903,unswapping,,,,,,,,,,,,,,,,,,,,,,,,,,,,,,,,,,,,,,,,,,,,,,,32,4,6188,594,222,56,2,left,1,27,27,3,20,,,,,154,,,,,,,,,,,,,,,,,,,,,,,,,,,,,,,,,,,
31.4792310410121,unswapping,,,,,,,,,,,,,,,,,,,,,,,,,,,,,,,,,,,,,,,,,,,,,,,32,4,6116,588,222,56,2,right,0,28,28,1,21,,,,,156,,,,,,,,,,,,,,,,,,,,,,,,,,,,,,,,,,,
31.52290495800844,unswapping,,,,,,,,,,,,,,,,,,,,,,,,,,,,,,,,,,,,,,,,,,,,,,,32,4,6076,584,222,56,2,right,1,27,27,1,22,,,,,156,,,,,,,,,,,,,,,,,,,,,,,,,,,,,,,,,,,
31.623242250003386,unswapping,,,,,,,,,,,,,,,,,,,,,,,,,,,,,,,,,,,,,,,,,,,,,,,32,4,5868,564,222,56,3,both,0,28,28,5,5,,,,,164,,,,,,,,,,,,,,,,,,,,,,,,,,,,,,,,,,,
31.72427604100085,unswapping,,,,,,,,,,,,,,,,,,,,,,,,,,,,,,,,,,,,,,,,,,,,,,,32,4,5688,546,222,56,3,both,1,27,27,6,11,,,,,174,,,,,,,,,,,,,,,,,,,,,,,,,,,,,,,,,,,
31.768342916009715,unswapping,,,,,,,,,,,,,,,,,,,,,,,,,,,,,,,,,,,,,,,,,,,,,,,32,4,5592,538,222,56,3,left,0,28,28,1,12,,,,,176,,,,,,,,,,,,,,,,,,,,,,,,,,,,,,,,,,,
31.82256016600877,unswapping,,,,,,,,,,,,,,,,,,,,,,,,,,,,,,,,,,,,,,,,,,,,,,,32,4,5520,532,222,56,3,left,1,27,27,1,13,,,,,178,,,,,,,,,,,,,,,,,,,,,,,,,,,,,,,,,,,
31.878062540999963,unswapping,,,,,,,,,,,,,,,,,,,,,,,,,,,,,,,,,,,,,,,,,,,,,,,32,4,5412,522,222,56,3,right,0,28,28,2,15,,,,,178,,,,,,,,,,,,,,,,,,,,,,,,,,,,,,,,,,,
31.921016416003113,unswapping,,,,,,,,,,,,,,,,,,,,,,,,,,,,,,,,,,,,,,,,,,,,,,,32,4,5124,514,222,56,3,right,1,27,27,1,16,,,,,180,,,,,,,,,,,,,,,,,,,,,,,,,,,,,,,,,,,
32.015600875005475,unswapping,,,,,,,,,,,,,,,,,,,,,,,,,,,,,,,,,,,,,,,,,,,,,,,32,4,3960,496,222,56,4,both,0,28,28,2,2,,,,,182,,,,,,,,,,,,,,,,,,,,,,,,,,,,,,,,,,,
32.10670641600154,unswapping,,,,,,,,,,,,,,,,,,,,,,,,,,,,,,,,,,,,,,,,,,,,,,,16,4,1260,438,222,56,4,both,1,27,27,2,4,,,,,184,,,,,,,,,,,,,,,,,,,,,,,,,,,,,,,,,,,
32.157300333012245,unswapping,,,,,,,,,,,,,,,,,,,,,,,,,,,,,,,,,,,,,,,,,,,,,,,8,4,876,414,222,56,4,left,0,28,28,1,5,,,,,186,,,,,,,,,,,,,,,,,,,,,,,,,,,,,,,,,,,
32.207621166002355,unswapping,,,,,,,,,,,,,,,,,,,,,,,,,,,,,,,,,,,,,,,,,,,,,,,8,4,828,410,222,56,4,left,1,27,27,1,6,,,,,188,,,,,,,,,,,,,,,,,,,,,,,,,,,,,,,,,,,
32.228625916002784,unswapping,,,,,,,,,,,,,,,,,,,,,,,,,,,,,,,,,,,,,,,,,,,,,,,8,4,828,410,222,56,4,right,0,28,28,0,6,,,,,188,,,,,,,,,,,,,,,,,,,,,,,,,,,,,,,,,,,
32.249506749998545,unswapping,,,,,,,,,,,,,,,,,,,,,,,,,,,,,,,,,,,,,,,,,,,,,,,8,4,828,410,222,56,4,right,1,27,27,0,6,,,,,188,,,,,,,,,,,,,,,,,,,,,,,,,,,,,,,,,,,
32.33705433300929,unswapping,,,,,,,,,,,,,,,,,,,,,,,,,,,,,,,,,,,,,,,,,,,,,,,8,4,816,408,222,56,5,both,0,28,28,1,1,,,,,190,,,,,,,,,,,,,,,,,,,,,,,,,,,,,,,,,,,
32.377863333007554,unswapping,,,,,,,,,,,,,,,,,,,,,,,,,,,,,,,,,,,,,,,,,,,,,,,8,4,816,408,222,56,5,both,1,27,27,0,1,,,,,190,,,,,,,,,,,,,,,,,,,,,,,,,,,,,,,,,,,
32.39927816600539,unswapping,,,,,,,,,,,,,,,,,,,,,,,,,,,,,,,,,,,,,,,,,,,,,,,8,4,816,408,222,56,5,left,0,28,28,0,1,,,,,190,,,,,,,,,,,,,,,,,,,,,,,,,,,,,,,,,,,
32.42032533300517,unswapping,,,,,,,,,,,,,,,,,,,,,,,,,,,,,,,,,,,,,,,,,,,,,,,8,4,816,408,222,56,5,left,1,27,27,0,1,,,,,190,,,,,,,,,,,,,,,,,,,,,,,,,,,,,,,,,,,
32.44128450000426,unswapping,,,,,,,,,,,,,,,,,,,,,,,,,,,,,,,,,,,,,,,,,,,,,,,8,4,816,408,222,56,5,right,0,28,28,0,1,,,,,190,,,,,,,,,,,,,,,,,,,,,,,,,,,,,,,,,,,
32.462418583003455,unswapping,,,,,,,,,,,,,,,,,,,,,,,,,,,,,,,,,,,,,,,,,,,,,,,8,4,816,408,222,56,5,right,1,27,27,0,1,,,,,190,,,,,,,,,,,,,,,,,,,,,,,,,,,,,,,,,,,
32.50275045800663,unswapping,,,,,,,,,,,,,,,,,,,,,,,,,,,,,,,,,,,,,,,,,,,,,,,8,4,816,408,222,56,6,both,0,28,28,0,0,,,,,190,,,,,,,,,,,,,,,,,,,,,,,,,,,,,,,,,,,
32.54328391600575,unswapping,,,,,,,,,,,,,,,,,,,,,,,,,,,,,,,,,,,,,,,,,,,,,,,8,4,816,408,222,56,6,both,1,27,27,0,0,,,,,190,,,,,,,,,,,,,,,,,,,,,,,,,,,,,,,,,,,
32.56473529100185,unswapping,,,,,,,,,,,,,,,,,,,,,,,,,,,,,,,,,,,,,,,,,,,,,,,8,4,816,408,222,56,6,left,0,28,28,0,0,,,,,190,,,,,,,,,,,,,,,,,,,,,,,,,,,,,,,,,,,
32.58623225000338,unswapping,,,,,,,,,,,,,,,,,,,,,,,,,,,,,,,,,,,,,,,,,,,,,,,8,4,816,408,222,56,6,left,1,27,27,0,0,,,,,190,,,,,,,,,,,,,,,,,,,,,,,,,,,,,,,,,,,
32.607347541008494,unswapping,,,,,,,,,,,,,,,,,,,,,,,,,,,,,,,,,,,,,,,,,,,,,,,8,4,816,408,222,56,6,right,0,28,28,0,0,,,,,190,,,,,,,,,,,,,,,,,,,,,,,,,,,,,,,,,,,
32.62843399999838,unswapping,,,,,,,,,,,,,,,,,,,,,,,,,,,,,,,,,,,,,,,,,,,,,,,8,4,816,408,222,56,6,right,1,27,27,0,0,,,,,190,,,,,,,,,,,,,,,,,,,,,,,,,,,,,,,,,,,
32.93951370799914,unswap_cycle_summary,,,,,,,,,,,,6,10,16,,,,,,,,,,,,,,,,,,,512,0.0006,,,,,,,,,,,,,8,4,816,408,222,56,,,,,,,,,,,,,,,,,,,,3,4.122775374999037,16,1885,1869,3,False,,,,,,,,,,,,,,,,,,,,,
35.03900750000321,rewiring,left,post_unswap,2.090609792008763,1278,False,False,,,,,,,,,,,,,,,,,,,,,,,,,,,,,,,,,,,,,,,,,,,,,,,,,,,,,,,,,,,,,,,,,,3,,,,,,,20,False,3,1,none,0.0,123,2.090601499992772,3.631189040999743,,,,,,,,,,,,
36.579210333002266,rewiring,right,post_unswap,1.5399519159982447,1684,False,False,,,,,,,,,,,,,,,,,,,,,,,,,,,,,,,,,,,,,,,,,,,,,,,,,,,,,,,,,,,,,,,,,,3,,,,,,,20,False,3,1,none,0.0,123,1.5399459580075927,3.631189040999743,,,,,,,,,,,,
36.59647191601107,cycle_progress,,,,,,,,,,,,6,10,16,,,,,,,,,,,,,,,,,,,512,0.0006,,668,0,,,,,,,,,,8,4,816,408,222,56,,,,,,,,,,,,,,,,,,,,3,,16,1885,1869,3,False,,,,,,,,,3.631189040999743,,,,,,,,,,,,
36.668850791000295,absorbing,,,,,,,L,1,0,1559,1476,6,10,16,11,0,0,0.030536999998730607,0.029398333994322456,0.059935333993053064,0.06089820900524501,816,1904,8,16,False,False,False,False,816,8,False,512,0.0006,128,816,0,total_elems,816,1904,1,1,,,,0.0,8,4,816,408,222,56,,,,,,,,,,,,,,,,,,,,,,,,,,,,,,,,,,,,,,,,,,,,,,,
36.73953141600941,absorbing,,,,,,,L,2,0,1559,1476,6,10,16,12,0,0,0.029239750001579523,0.029438500001560897,0.05867825000314042,0.05933654200634919,1288,1904,8,16,False,False,False,False,1288,8,False,512,0.0006,128,816,0,total_elems,1288,1904,1,1,,,,0.0,8,4,1288,484,222,56,,,,,,,,,,,,,,,,,,,,,,,,,,,,,,,,,,,,,,,,,,,,,,,
36.810563500010176,absorbing,,,,,,,R,2,1,1559,1476,6,10,16,14,0,0,0.030344833008712158,0.02834337500098627,0.05868820800969843,0.05938000000605825,2160,2080,8,16,False,False,False,False,2080,16,False,512,0.0006,128,816,0,total_elems,2160,2080,1,1,,,,0.0,16,4,2080,526,222,56,,,,,,,,,,,,,,,,,,,,,,,,,,,,,,,,,,,,,,,,,,,,,,,
36.881274416009546,absorbing,,,,,,,L,3,1,1559,1476,6,10,16,16,0,0,0.029879459005314857,0.029417792000458576,0.05929725100577343,0.0599110000039218,2832,3060,16,16,False,False,False,False,2832,16,False,512,0.0006,128,816,0,total_elems,2832,3060,1,1,,,,0.0,16,4,2832,584,222,56,,,,,,,,,,,,,,,,,,,,,,,,,,,,,,,,,,,,,,,,,,,,,,,
36.9521056250087,absorbing,,,,,,,R,3,2,1559,1476,6,10,16,15,0,0,0.02989562500442844,0.02967316699505318,0.05956879199948162,0.06020070800150279,7524,4584,16,16,False,False,False,False,4584,16,False,512,0.0006,128,816,0,total_elems,7524,4584,1,1,,,,0.0,16,4,4584,692,222,56,,,,,,,,,,,,,,,,,,,,,,,,,,,,,,,,,,,,,,,,,,,,,,,
37.026072000007844,absorbing,,,,,,,R,3,3,1559,1476,6,11,17,14,1,1,0.030963791999965906,0.03130429099837784,0.06226808299834374,0.06293020900920965,9948,7704,16,16,False,False,False,False,7704,16,False,512,0.0006,128,816,0,total_elems,9948,7704,1,1,,,,0.0,16,4,7704,796,222,56,,,,,,,,,,,,,,,,,,,,,,,,,,,,,,,,,,,,,,,,,,,,,,,
37.102074833004735,absorbing,,,,,,,R,3,4,1559,1476,6,11,17,13,0,1,0.033585582990781404,0.030668457999126986,0.06425404098990839,0.06489662500098348,18440,11628,64,16,False,False,False,False,11628,16,False,512,0.0006,128,816,0,total_elems,18440,11628,1,1,,,,0.0,16,4,11628,924,222,56,,,,,,,,,,,,,,,,,,,,,,,,,,,,,,,,,,,,,,,,,,,,,,,
37.181746416012174,absorbing,,,,,,,R,3,5,1559,1476,6,11,17,13,0,1,0.03538020799169317,0.032394124995335005,0.06777433298702817,0.06841662499937229,21616,20632,64,64,False,False,False,False,20632,64,False,512,0.0006,128,816,0,total_elems,21616,20632,1,1,,,,0.0,64,4,20632,1162,222,56,,,,,,,,,,,,,,,,,,,,,,,,,,,,,,,,,,,,,,,,,,,,,,,
37.26978366600815,absorbing,,,,,,,R,3,6,1559,1476,6,12,18,13,1,2,0.040198458009399474,0.0358587910013739,0.07605724901077338,0.07667891700111795,34168,31600,64,64,False,False,False,False,31600,64,False,512,0.0006,128,816,0,total_elems,34168,31600,1,1,,,,0.0,64,4,31600,1456,222,56,,,,,,,,,,,,,,,,,,,,,,,,,,,,,,,,,,,,,,,,,,,,,,,
37.368940125001245,absorbing,,,,,,,L,4,6,1559,1476,6,12,18,16,0,2,0.04402770800516009,0.043268000008538365,0.08729570801369846,0.08791491600277368,44272,63840,64,64,False,False,False,False,44272,64,False,512,0.0006,128,816,0,total_elems,44272,63840,1,1,,,,0.0,64,4,44272,1616,222,56,,,,,,,,,,,,,,,,,,,,,,,,,,,,,,,,,,,,,,,,,,,,,,,
37.48199337501137,absorbing,,,,,,,L,5,6,1559,1476,7,12,19,15,1,3,0.05384491599397734,0.04720308299874887,0.1010479989927262,0.10171499999705702,68016,78432,64,64,False,False,False,False,68016,64,False,512,0.0006,128,816,0,total_elems,68016,78432,1,1,,,,0.0,64,4,68016,1896,222,56,,,,,,,,,,,,,,,,,,,,,,,,,,,,,,,,,,,,,,,,,,,,,,,
37.61519270800636,absorbing,,,,,,,R,5,7,1559,1476,7,12,19,15,0,3,0.06502104199898895,0.0560562500031665,0.12107729200215545,0.12179695900704246,124968,112288,64,64,False,False,False,False,112288,64,False,512,0.0006,128,816,0,total_elems,124968,112288,1,1,,,,0.0,64,4,112288,2444,222,56,,,,,,,,,,,,,,,,,,,,,,,,,,,,,,,,,,,,,,,,,,,,,,,
37.824477458008914,absorbing,,,,,,,L,6,7,1559,1476,7,12,19,14,0,3,0.09288037501391955,0.10437837500649039,0.19725875002040993,0.19796020899957512,174168,249632,64,128,False,False,False,False,174168,64,False,512,0.0006,128,816,0,total_elems,174168,249632,1,1,,,,0.0,64,4,174168,2942,222,56,,,,,,,,,,,,,,,,,,,,,,,,,,,,,,,,,,,,,,,,,,,,,,,
38.12089420801203,absorbing,,,,,,,R,6,8,1559,1476,7,12,19,17,0,3,0.14987475000089034,0.13397866699961014,0.2838534170005005,0.28453395899850875,328320,293184,256,128,False,False,False,False,293184,128,False,512,0.0006,128,816,0,total_elems,328320,293184,1,1,,,,0.0,128,4,293184,3794,222,56,,,,,,,,,,,,,,,,,,,,,,,,,,,,,,,,,,,,,,,,,,,,,,,
42.52300233300775,unswapping,,,,,,,,,,,,,,,,,,,,,,,,,,,,,,,,,,,,,,,,,,,,,,,256,4,500608,4410,222,56,0,both,0,28,28,9,9,,,,,0,,,,,,,,,,,,,,,,,,,,,,,,,,,,,,,,,,,
43.67217000000528,unswapping,,,,,,,,,,,,,,,,,,,,,,,,,,,,,,,,,,,,,,,,,,,,,,,64,4,172124,2792,222,56,0,both,1,27,27,14,23,,,,,0,,,,,,,,,,,,,,,,,,,,,,,,,,,,,,,,,,,
43.963048458012054,unswapping,,,,,,,,,,,,,,,,,,,,,,,,,,,,,,,,,,,,,,,,,,,,,,,64,4,95996,2186,222,56,0,left,0,28,28,13,36,,,,,26,,,,,,,,,,,,,,,,,,,,,,,,,,,,,,,,,,,
44.13287670801219,unswapping,,,,,,,,,,,,,,,,,,,,,,,,,,,,,,,,,,,,,,,,,,,,,,,64,4,42560,1612,222,56,0,left,1,27,27,15,51,,,,,56,,,,,,,,,,,,,,,,,,,,,,,,,,,,,,,,,,,
44.226248208011384,unswapping,,,,,,,,,,,,,,,,,,,,,,,,,,,,,,,,,,,,,,,,,,,,,,,16,4,22904,1210,222,56,0,right,0,28,28,11,62,,,,,74,,,,,,,,,,,,,,,,,,,,,,,,,,,,,,,,,,,
44.30666966600984,unswapping,,,,,,,,,,,,,,,,,,,,,,,,,,,,,,,,,,,,,,,,,,,,,,,16,4,16912,1078,222,56,0,right,1,27,27,10,72,,,,,92,,,,,,,,,,,,,,,,,,,,,,,,,,,,,,,,,,,
44.432119707998936,unswapping,,,,,,,,,,,,,,,,,,,,,,,,,,,,,,,,,,,,,,,,,,,,,,,16,4,13392,950,222,56,1,both,0,28,28,8,8,,,,,102,,,,,,,,,,,,,,,,,,,,,,,,,,,,,,,,,,,
44.553851625008974,unswapping,,,,,,,,,,,,,,,,,,,,,,,,,,,,,,,,,,,,,,,,,,,,,,,16,4,10512,842,222,56,1,both,1,27,27,7,15,,,,,118,,,,,,,,,,,,,,,,,,,,,,,,,,,,,,,,,,,
44.61799645800784,unswapping,,,,,,,,,,,,,,,,,,,,,,,,,,,,,,,,,,,,,,,,,,,,,,,16,4,8432,770,222,56,1,left,0,28,28,7,22,,,,,126,,,,,,,,,,,,,,,,,,,,,,,,,,,,,,,,,,,
44.675707957998384,unswapping,,,,,,,,,,,,,,,,,,,,,,,,,,,,,,,,,,,,,,,,,,,,,,,16,4,8240,762,222,56,1,left,1,27,27,1,23,,,,,126,,,,,,,,,,,,,,,,,,,,,,,,,,,,,,,,,,,
44.73430933299824,unswapping,,,,,,,,,,,,,,,,,,,,,,,,,,,,,,,,,,,,,,,,,,,,,,,16,4,7488,738,222,56,1,right,0,28,28,3,26,,,,,130,,,,,,,,,,,,,,,,,,,,,,,,,,,,,,,,,,,
44.789568083011545,unswapping,,,,,,,,,,,,,,,,,,,,,,,,,,,,,,,,,,,,,,,,,,,,,,,16,4,7416,734,222,56,1,right,1,27,27,1,27,,,,,130,,,,,,,,,,,,,,,,,,,,,,,,,,,,,,,,,,,
44.89546329100267,unswapping,,,,,,,,,,,,,,,,,,,,,,,,,,,,,,,,,,,,,,,,,,,,,,,16,4,6552,710,222,56,2,both,0,28,28,3,3,,,,,130,,,,,,,,,,,,,,,,,,,,,,,,,,,,,,,,,,,
45.00421075000486,unswapping,,,,,,,,,,,,,,,,,,,,,,,,,,,,,,,,,,,,,,,,,,,,,,,16,4,3588,610,222,56,2,both,1,27,27,10,13,,,,,140,,,,,,,,,,,,,,,,,,,,,,,,,,,,,,,,,,,
45.05744858300022,unswapping,,,,,,,,,,,,,,,,,,,,,,,,,,,,,,,,,,,,,,,,,,,,,,,8,4,3028,582,222,56,2,left,0,28,28,3,16,,,,,146,,,,,,,,,,,,,,,,,,,,,,,,,,,,,,,,,,,
45.11040066600253,unswapping,,,,,,,,,,,,,,,,,,,,,,,,,,,,,,,,,,,,,,,,,,,,,,,8,4,2932,576,222,56,2,left,1,27,27,1,17,,,,,148,,,,,,,,,,,,,,,,,,,,,,,,,,,,,,,,,,,
45.16387575000408,unswapping,,,,,,,,,,,,,,,,,,,,,,,,,,,,,,,,,,,,,,,,,,,,,,,8,4,2444,552,222,56,2,right,0,28,28,3,20,,,,,148,,,,,,,,,,,,,,,,,,,,,,,,,,,,,,,,,,,
45.18637433300319,unswapping,,,,,,,,,,,,,,,,,,,,,,,,,,,,,,,,,,,,,,,,,,,,,,,8,4,2444,552,222,56,2,right,1,27,27,0,20,,,,,148,,,,,,,,,,,,,,,,,,,,,,,,,,,,,,,,,,,
45.28351737500634,unswapping,,,,,,,,,,,,,,,,,,,,,,,,,,,,,,,,,,,,,,,,,,,,,,,8,4,1880,518,222,56,3,both,0,28,28,6,6,,,,,156,,,,,,,,,,,,,,,,,,,,,,,,,,,,,,,,,,,
45.3755765829992,unswapping,,,,,,,,,,,,,,,,,,,,,,,,,,,,,,,,,,,,,,,,,,,,,,,8,4,1808,510,222,56,3,both,1,27,27,3,9,,,,,162,,,,,,,,,,,,,,,,,,,,,,,,,,,,,,,,,,,
45.41683720800211,unswapping,,,,,,,,,,,,,,,,,,,,,,,,,,,,,,,,,,,,,,,,,,,,,,,8,4,1748,504,222,56,3,left,0,28,28,1,10,,,,,162,,,,,,,,,,,,,,,,,,,,,,,,,,,,,,,,,,,
45.470421000005445,unswapping,,,,,,,,,,,,,,,,,,,,,,,,,,,,,,,,,,,,,,,,,,,,,,,8,4,1604,484,222,56,3,left,1,27,27,3,13,,,,,166,,,,,,,,,,,,,,,,,,,,,,,,,,,,,,,,,,,
45.49216070800321,unswapping,,,,,,,,,,,,,,,,,,,,,,,,,,,,,,,,,,,,,,,,,,,,,,,8,4,1604,484,222,56,3,right,0,28,28,0,13,,,,,166,,,,,,,,,,,,,,,,,,,,,,,,,,,,,,,,,,,
45.542824166012,unswapping,,,,,,,,,,,,,,,,,,,,,,,,,,,,,,,,,,,,,,,,,,,,,,,8,4,1412,472,222,56,3,right,1,27,27,1,14,,,,,168,,,,,,,,,,,,,,,,,,,,,,,,,,,,,,,,,,,
45.633716208001715,unswapping,,,,,,,,,,,,,,,,,,,,,,,,,,,,,,,,,,,,,,,,,,,,,,,8,4,1376,466,222,56,4,both,0,28,28,3,3,,,,,176,,,,,,,,,,,,,,,,,,,,,,,,,,,,,,,,,,,
45.72560229100054,unswapping,,,,,,,,,,,,,,,,,,,,,,,,,,,,,,,,,,,,,,,,,,,,,,,8,4,1328,458,222,56,4,both,1,27,27,4,7,,,,,180,,,,,,,,,,,,,,,,,,,,,,,,,,,,,,,,,,,
45.74740666600701,unswapping,,,,,,,,,,,,,,,,,,,,,,,,,,,,,,,,,,,,,,,,,,,,,,,8,4,1328,458,222,56,4,left,0,28,28,0,7,,,,,180,,,,,,,,,,,,,,,,,,,,,,,,,,,,,,,,,,,
45.76919104100671,unswapping,,,,,,,,,,,,,,,,,,,,,,,,,,,,,,,,,,,,,,,,,,,,,,,8,4,1328,458,222,56,4,left,1,27,27,0,7,,,,,180,,,,,,,,,,,,,,,,,,,,,,,,,,,,,,,,,,,
45.79069954100123,unswapping,,,,,,,,,,,,,,,,,,,,,,,,,,,,,,,,,,,,,,,,,,,,,,,8,4,1328,458,222,56,4,right,0,28,28,0,7,,,,,180,,,,,,,,,,,,,,,,,,,,,,,,,,,,,,,,,,,
45.81253879101132,unswapping,,,,,,,,,,,,,,,,,,,,,,,,,,,,,,,,,,,,,,,,,,,,,,,8,4,1328,458,222,56,4,right,1,27,27,0,7,,,,,180,,,,,,,,,,,,,,,,,,,,,,,,,,,,,,,,,,,
45.853983749999315,unswapping,,,,,,,,,,,,,,,,,,,,,,,,,,,,,,,,,,,,,,,,,,,,,,,8,4,1328,458,222,56,5,both,0,28,28,0,0,,,,,180,,,,,,,,,,,,,,,,,,,,,,,,,,,,,,,,,,,
45.896180000010645,unswapping,,,,,,,,,,,,,,,,,,,,,,,,,,,,,,,,,,,,,,,,,,,,,,,8,4,1328,458,222,56,5,both,1,27,27,0,0,,,,,180,,,,,,,,,,,,,,,,,,,,,,,,,,,,,,,,,,,
45.91794120801205,unswapping,,,,,,,,,,,,,,,,,,,,,,,,,,,,,,,,,,,,,,,,,,,,,,,8,4,1328,458,222,56,5,left,0,28,28,0,0,,,,,180,,,,,,,,,,,,,,,,,,,,,,,,,,,,,,,,,,,
45.93977095800801,unswapping,,,,,,,,,,,,,,,,,,,,,,,,,,,,,,,,,,,,,,,,,,,,,,,8,4,1328,458,222,56,5,left,1,27,27,0,0,,,,,180,,,,,,,,,,,,,,,,,,,,,,,,,,,,,,,,,,,
45.9612825410004,unswapping,,,,,,,,,,,,,,,,,,,,,,,,,,,,,,,,,,,,,,,,,,,,,,,8,4,1328,458,222,56,5,right,0,28,28,0,0,,,,,180,,,,,,,,,,,,,,,,,,,,,,,,,,,,,,,,,,,
45.98292858300556,unswapping,,,,,,,,,,,,,,,,,,,,,,,,,,,,,,,,,,,,,,,,,,,,,,,8,4,1328,458,222,56,5,right,1,27,27,0,0,,,,,180,,,,,,,,,,,,,,,,,,,,,,,,,,,,,,,,,,,
46.33084883300762,unswap_cycle_summary,,,,,,,,,,,,7,12,19,,,,,,,,,,,,,,,,,,,512,0.0006,,,,,,,,,,,,,8,4,1328,458,222,56,,,,,,,,,,,,,,,,,,,,4,7.380238166995696,19,1885,1866,3,False,,,,,,,,,,,,,,,,,,,,,
47.789648958001635,rewiring,left,post_unswap,1.447798250010237,1555,False,False,,,,,,,,,,,,,,,,,,,,,,,,,,,,,,,,,,,,,,,,,,,,,,,,,,,,,,,,,,,,,,,,,,4,,,,,,,20,False,3,1,none,0.0,123,1.4477889579866314,3.0221245830034604,,,,,,,,,,,,
49.36355995800113,rewiring,right,post_unswap,1.5736694999941392,1470,False,False,,,,,,,,,,,,,,,,,,,,,,,,,,,,,,,,,,,,,,,,,,,,,,,,,,,,,,,,,,,,,,,,,,4,,,,,,,20,False,3,1,none,0.0,123,1.5736635000066599,3.0221245830034604,,,,,,,,,,,,
49.38493479099998,cycle_progress,,,,,,,,,,,,7,12,19,,,,,,,,,,,,,,,,,,,512,0.0006,,816,0,,,,,,,,,,8,4,1328,458,222,56,,,,,,,,,,,,,,,,,,,,4,,19,1885,1866,3,False,,,,,,,,,3.0221245830034604,,,,,,,,,,,,
49.45689712501189,absorbing,,,,,,,L,1,0,1357,1567,7,12,19,13,0,0,0.02936658399994485,0.029346874987822957,0.05871345898776781,0.059505334007553756,1328,2408,8,16,False,False,False,False,1328,8,False,512,0.0006,128,1328,0,total_elems,1328,2408,1,1,,,,0.0,8,4,1328,458,222,56,,,,,,,,,,,,,,,,,,,,,,,,,,,,,,,,,,,,,,,,,,,,,,,
49.529995041011716,absorbing,,,,,,,R,1,1,1357,1567,7,12,19,15,0,0,0.030823166991467588,0.02863233299285639,0.05945549998432398,0.060087459001806565,2420,2408,16,16,False,False,False,False,2408,16,False,512,0.0006,128,1328,0,total_elems,2420,2408,1,1,,,,0.0,16,4,2408,558,222,56,,,,,,,,,,,,,,,,,,,,,,,,,,,,,,,,,,,,,,,,,,,,,,,
49.603409125003964,absorbing,,,,,,,L,2,1,1357,1567,8,12,20,11,1,1,0.030826000001979992,0.029139959005988203,0.059965959007968195,0.060588375010411255,3212,3960,16,16,False,False,False,False,3212,16,False,512,0.0006,128,1328,0,total_elems,3212,3960,1,1,,,,0.0,16,4,3212,604,222,56,,,,,,,,,,,,,,,,,,,,,,,,,,,,,,,,,,,,,,,,,,,,,,,
49.676667083011125,absorbing,,,,,,,R,2,2,1357,1567,8,12,20,16,0,1,0.030730707992915995,0.028668458995525725,0.05939916698844172,0.0600206669914769,5396,4444,16,16,False,False,False,False,4444,16,False,512,0.0006,128,1328,0,total_elems,5396,4444,1,1,,,,0.0,16,4,4444,694,222,56,,,,,,,,,,,,,,,,,,,,,,,,,,,,,,,,,,,,,,,,,,,,,,,
49.75090691600053,absorbing,,,,,,,L,3,2,1357,1567,8,12,20,14,0,1,0.030715499990037642,0.029936582999653183,0.060652082989690825,0.06125983399397228,6424,9624,16,32,False,False,False,False,6424,16,False,512,0.0006,128,1328,0,total_elems,6424,9624,1,1,,,,0.0,16,4,6424,738,222,56,,,,,,,,,,,,,,,,,,,,,,,,,,,,,,,,,,,,,,,,,,,,,,,
49.829414666004595,absorbing,,,,,,,L,4,2,1357,1567,10,12,22,13,2,3,0.034146124991821125,0.030471582998870872,0.064617707990692,0.06523316699895076,10184,11964,32,32,False,False,False,False,10184,32,False,512,0.0006,128,1328,0,total_elems,10184,11964,1,1,,,,0.0,32,4,10184,874,222,56,,,,,,,,,,,,,,,,,,,,,,,,,,,,,,,,,,,,,,,,,,,,,,,
49.90914200000407,absorbing,,,,,,,L,5,2,1357,1567,11,12,23,10,1,4,0.03399725000781473,0.03214000001025852,0.06613725001807325,0.06678229199314956,17152,18520,32,32,False,False,False,False,17152,32,False,512,0.0006,128,1328,0,total_elems,17152,18520,1,1,,,,0.0,32,4,17152,1040,222,56,,,,,,,,,,,,,,,,,,,,,,,,,,,,,,,,,,,,,,,,,,,,,,,
49.99578779100557,absorbing,,,,,,,L,6,2,1357,1567,11,12,23,12,0,4,0.03631508300895803,0.03640116700262297,0.072716250011581,0.07338879199232906,33952,34696,64,64,False,False,False,False,33952,64,False,512,0.0006,128,1328,0,total_elems,33952,34696,1,1,,,,0.0,64,4,33952,1400,222,56,,,,,,,,,,,,,,,,,,,,,,,,,,,,,,,,,,,,,,,,,,,,,,,
50.107235375005985,absorbing,,,,,,,R,6,3,1357,1567,11,12,23,16,0,4,0.05221645899291616,0.04538929200498387,0.09760575099790003,0.09829866699874401,88256,67768,64,64,False,False,False,False,67768,64,False,512,0.0006,128,1328,0,total_elems,88256,67768,1,1,,,,0.0,64,4,67768,1586,222,56,,,,,,,,,,,,,,,,,,,,,,,,,,,,,,,,,,,,,,,,,,,,,,,
50.253444540998316,absorbing,,,,,,,R,6,4,1357,1567,11,13,24,17,1,5,0.0814259589969879,0.050727000008919276,0.13215295900590718,0.13282462500501424,190432,79696,256,64,False,False,False,False,79696,64,False,512,0.0006,128,1328,0,total_elems,190432,79696,1,1,,,,0.0,64,4,79696,1824,222,56,,,,,,,,,,,,,,,,,,,,,,,,,,,,,,,,,,,,,,,,,,,,,,,
50.41705808301049,absorbing,,,,,,,R,6,5,1357,1567,11,14,25,12,1,6,0.0907155419990886,0.05892345801112242,0.14963900001021102,0.15029887499986216,213776,109088,256,64,False,False,False,False,109088,64,False,512,0.0006,128,1328,0,total_elems,213776,109088,1,1,,,,0.0,64,4,109088,2040,222,56,,,,,,,,,,,,,,,,,,,,,,,,,,,,,,,,,,,,,,,,,,,,,,,
52.93108595800004,unswapping,,,,,,,,,,,,,,,,,,,,,,,,,,,,,,,,,,,,,,,,,,,,,,,256,4,303392,2752,222,56,0,both,0,28,28,5,5,,,,,0,,,,,,,,,,,,,,,,,,,,,,,,,,,,,,,,,,,
53.58634791600343,unswapping,,,,,,,,,,,,,,,,,,,,,,,,,,,,,,,,,,,,,,,,,,,,,,,64,4,72944,1692,222,56,0,both,1,27,27,11,16,,,,,0,,,,,,,,,,,,,,,,,,,,,,,,,,,,,,,,,,,
53.719693708000705,unswapping,,,,,,,,,,,,,,,,,,,,,,,,,,,,,,,,,,,,,,,,,,,,,,,64,4,44992,1344,222,56,0,left,0,28,28,13,29,,,,,26,,,,,,,,,,,,,,,,,,,,,,,,,,,,,,,,,,,
53.83855866600061,unswapping,,,,,,,,,,,,,,,,,,,,,,,,,,,,,,,,,,,,,,,,,,,,,,,64,4,20528,1080,222,56,0,left,1,27,27,12,41,,,,,50,,,,,,,,,,,,,,,,,,,,,,,,,,,,,,,,,,,
53.911207291006576,unswapping,,,,,,,,,,,,,,,,,,,,,,,,,,,,,,,,,,,,,,,,,,,,,,,16,4,10544,866,222,56,0,right,0,28,28,7,48,,,,,56,,,,,,,,,,,,,,,,,,,,,,,,,,,,,,,,,,,
53.972785165999085,unswapping,,,,,,,,,,,,,,,,,,,,,,,,,,,,,,,,,,,,,,,,,,,,,,,16,4,9176,820,222,56,0,right,1,27,27,4,52,,,,,64,,,,,,,,,,,,,,,,,,,,,,,,,,,,,,,,,,,
54.078113958006725,unswapping,,,,,,,,,,,,,,,,,,,,,,,,,,,,,,,,,,,,,,,,,,,,,,,16,4,9128,816,222,56,1,both,0,28,28,1,1,,,,,64,,,,,,,,,,,,,,,,,,,,,,,,,,,,,,,,,,,
54.19003795800381,unswapping,,,,,,,,,,,,,,,,,,,,,,,,,,,,,,,,,,,,,,,,,,,,,,,16,4,8636,790,222,56,1,both,1,27,27,4,5,,,,,70,,,,,,,,,,,,,,,,,,,,,,,,,,,,,,,,,,,
54.25224512501154,unswapping,,,,,,,,,,,,,,,,,,,,,,,,,,,,,,,,,,,,,,,,,,,,,,,16,4,6164,722,222,56,1,left,0,28,28,5,10,,,,,76,,,,,,,,,,,,,,,,,,,,,,,,,,,,,,,,,,,
54.3099148330075,unswapping,,,,,,,,,,,,,,,,,,,,,,,,,,,,,,,,,,,,,,,,,,,,,,,16,4,5008,684,222,56,1,left,1,27,27,3,13,,,,,82,,,,,,,,,,,,,,,,,,,,,,,,,,,,,,,,,,,
54.3651977910049,unswapping,,,,,,,,,,,,,,,,,,,,,,,,,,,,,,,,,,,,,,,,,,,,,,,16,4,4548,658,222,56,1,right,0,28,28,3,16,,,,,88,,,,,,,,,,,,,,,,,,,,,,,,,,,,,,,,,,,
54.419117375000496,unswapping,,,,,,,,,,,,,,,,,,,,,,,,,,,,,,,,,,,,,,,,,,,,,,,16,4,4020,634,222,56,1,right,1,27,27,2,18,,,,,92,,,,,,,,,,,,,,,,,,,,,,,,,,,,,,,,,,,
54.520571958011715,unswapping,,,,,,,,,,,,,,,,,,,,,,,,,,,,,,,,,,,,,,,,,,,,,,,16,4,2724,586,222,56,2,both,0,28,28,7,7,,,,,102,,,,,,,,,,,,,,,,,,,,,,,,,,,,,,,,,,,
54.61725137500616,unswapping,,,,,,,,,,,,,,,,,,,,,,,,,,,,,,,,,,,,,,,,,,,,,,,8,4,2012,532,222,56,2,both,1,27,27,6,13,,,,,112,,,,,,,,,,,,,,,,,,,,,,,,,,,,,,,,,,,
54.67085958299867,unswapping,,,,,,,,,,,,,,,,,,,,,,,,,,,,,,,,,,,,,,,,,,,,,,,8,4,1772,508,222,56,2,left,0,28,28,3,16,,,,,118,,,,,,,,,,,,,,,,,,,,,,,,,,,,,,,,,,,
54.712936083000386,unswapping,,,,,,,,,,,,,,,,,,,,,,,,,,,,,,,,,,,,,,,,,,,,,,,8,4,1724,502,222,56,2,left,1,27,27,1,17,,,,,120,,,,,,,,,,,,,,,,,,,,,,,,,,,,,,,,,,,
54.734987500007264,unswapping,,,,,,,,,,,,,,,,,,,,,,,,,,,,,,,,,,,,,,,,,,,,,,,8,4,1724,502,222,56,2,right,0,28,28,0,17,,,,,120,,,,,,,,,,,,,,,,,,,,,,,,,,,,,,,,,,,
54.75692091599922,unswapping,,,,,,,,,,,,,,,,,,,,,,,,,,,,,,,,,,,,,,,,,,,,,,,8,4,1724,502,222,56,2,right,1,27,27,0,17,,,,,120,,,,,,,,,,,,,,,,,,,,,,,,,,,,,,,,,,,
54.851748875007615,unswapping,,,,,,,,,,,,,,,,,,,,,,,,,,,,,,,,,,,,,,,,,,,,,,,8,4,1640,492,222,56,3,both,0,28,28,4,4,,,,,126,,,,,,,,,,,,,,,,,,,,,,,,,,,,,,,,,,,
54.944301000010455,unswapping,,,,,,,,,,,,,,,,,,,,,,,,,,,,,,,,,,,,,,,,,,,,,,,8,4,1616,488,222,56,3,both,1,27,27,2,6,,,,,130,,,,,,,,,,,,,,,,,,,,,,,,,,,,,,,,,,,
54.9669675410114,unswapping,,,,,,,,,,,,,,,,,,,,,,,,,,,,,,,,,,,,,,,,,,,,,,,8,4,1616,488,222,56,3,left,0,28,28,0,6,,,,,130,,,,,,,,,,,,,,,,,,,,,,,,,,,,,,,,,,,
55.018660791,unswapping,,,,,,,,,,,,,,,,,,,,,,,,,,,,,,,,,,,,,,,,,,,,,,,8,4,1592,484,222,56,3,left,1,27,27,1,7,,,,,132,,,,,,,,,,,,,,,,,,,,,,,,,,,,,,,,,,,
55.040889708005125,unswapping,,,,,,,,,,,,,,,,,,,,,,,,,,,,,,,,,,,,,,,,,,,,,,,8,4,1592,484,222,56,3,right,0,28,28,0,7,,,,,132,,,,,,,,,,,,,,,,,,,,,,,,,,,,,,,,,,,
55.063353500008816,unswapping,,,,,,,,,,,,,,,,,,,,,,,,,,,,,,,,,,,,,,,,,,,,,,,8,4,1592,484,222,56,3,right,1,27,27,0,7,,,,,132,,,,,,,,,,,,,,,,,,,,,,,,,,,,,,,,,,,
55.15448854101123,unswapping,,,,,,,,,,,,,,,,,,,,,,,,,,,,,,,,,,,,,,,,,,,,,,,8,4,1580,482,222,56,4,both,0,28,28,1,1,,,,,136,,,,,,,,,,,,,,,,,,,,,,,,,,,,,,,,,,,
55.197072041002684,unswapping,,,,,,,,,,,,,,,,,,,,,,,,,,,,,,,,,,,,,,,,,,,,,,,8,4,1580,482,222,56,4,both,1,27,27,0,1,,,,,136,,,,,,,,,,,,,,,,,,,,,,,,,,,,,,,,,,,
55.21983812500548,unswapping,,,,,,,,,,,,,,,,,,,,,,,,,,,,,,,,,,,,,,,,,,,,,,,8,4,1580,482,222,56,4,left,0,28,28,0,1,,,,,136,,,,,,,,,,,,,,,,,,,,,,,,,,,,,,,,,,,
55.24240912499954,unswapping,,,,,,,,,,,,,,,,,,,,,,,,,,,,,,,,,,,,,,,,,,,,,,,8,4,1580,482,222,56,4,left,1,27,27,0,1,,,,,136,,,,,,,,,,,,,,,,,,,,,,,,,,,,,,,,,,,
55.26441987500584,unswapping,,,,,,,,,,,,,,,,,,,,,,,,,,,,,,,,,,,,,,,,,,,,,,,8,4,1580,482,222,56,4,right,0,28,28,0,1,,,,,136,,,,,,,,,,,,,,,,,,,,,,,,,,,,,,,,,,,
55.28629733300477,unswapping,,,,,,,,,,,,,,,,,,,,,,,,,,,,,,,,,,,,,,,,,,,,,,,8,4,1580,482,222,56,4,right,1,27,27,0,1,,,,,136,,,,,,,,,,,,,,,,,,,,,,,,,,,,,,,,,,,
55.329676749999635,unswapping,,,,,,,,,,,,,,,,,,,,,,,,,,,,,,,,,,,,,,,,,,,,,,,8,4,1580,482,222,56,5,both,0,28,28,0,0,,,,,136,,,,,,,,,,,,,,,,,,,,,,,,,,,,,,,,,,,
55.37184975000855,unswapping,,,,,,,,,,,,,,,,,,,,,,,,,,,,,,,,,,,,,,,,,,,,,,,8,4,1580,482,222,56,5,both,1,27,27,0,0,,,,,136,,,,,,,,,,,,,,,,,,,,,,,,,,,,,,,,,,,
55.39412783300213,unswapping,,,,,,,,,,,,,,,,,,,,,,,,,,,,,,,,,,,,,,,,,,,,,,,8,4,1580,482,222,56,5,left,0,28,28,0,0,,,,,136,,,,,,,,,,,,,,,,,,,,,,,,,,,,,,,,,,,
55.4163177080045,unswapping,,,,,,,,,,,,,,,,,,,,,,,,,,,,,,,,,,,,,,,,,,,,,,,8,4,1580,482,222,56,5,left,1,27,27,0,0,,,,,136,,,,,,,,,,,,,,,,,,,,,,,,,,,,,,,,,,,
55.438032916004886,unswapping,,,,,,,,,,,,,,,,,,,,,,,,,,,,,,,,,,,,,,,,,,,,,,,8,4,1580,482,222,56,5,right,0,28,28,0,0,,,,,136,,,,,,,,,,,,,,,,,,,,,,,,,,,,,,,,,,,
55.45991137500096,unswapping,,,,,,,,,,,,,,,,,,,,,,,,,,,,,,,,,,,,,,,,,,,,,,,8,4,1580,482,222,56,5,right,1,27,27,0,0,,,,,136,,,,,,,,,,,,,,,,,,,,,,,,,,,,,,,,,,,
55.87469520801096,unswap_cycle_summary,,,,,,,,,,,,11,14,25,,,,,,,,,,,,,,,,,,,512,0.0006,,,,,,,,,,,,,8,4,1580,482,222,56,,,,,,,,,,,,,,,,,,,,5,4.8203702079918,25,1885,1860,6,False,,,,,,,,,,,,,,,,,,,,,
57.755034625006374,rewiring,left,post_unswap,1.8673869589983951,1353,False,False,,,,,,,,,,,,,,,,,,,,,,,,,,,,,,,,,,,,,,,,,,,,,,,,,,,,,,,,,,,,,,,,,,5,,,,,,,20,False,6,1,none,0.0,123,1.8673819579998963,3.464789459001622,,,,,,,,,,,,
59.352107915998204,rewiring,right,post_unswap,1.5968198329937877,1564,False,False,,,,,,,,,,,,,,,,,,,,,,,,,,,,,,,,,,,,,,,,,,,,,,,,,,,,,,,,,,,,,,,,,,5,,,,,,,20,False,6,1,none,0.0,123,1.5968145829974674,3.464789459001622,,,,,,,,,,,,
59.37814570800401,cycle_progress,,,,,,,,,,,,11,14,25,,,,,,,,,,,,,,,,,,,512,0.0006,,1328,0,,,,,,,,,,8,4,1580,482,222,56,,,,,,,,,,,,,,,,,,,,5,,25,1885,1860,6,False,,,,,,,,,3.464789459001622,,,,,,,,,,,,
59.45526204101043,absorbing,,,,,,,L,1,0,1516,1527,11,14,25,12,0,0,0.03128495799319353,0.02945483400253579,0.06073979199572932,0.06165295900427736,1580,2136,8,16,False,False,False,False,1580,8,False,512,0.0006,128,1580,0,total_elems,1580,2136,1,1,,,,0.0,8,4,1580,482,222,56,,,,,,,,,,,,,,,,,,,,,,,,,,,,,,,,,,,,,,,,,,,,,,,
59.53155291599978,absorbing,,,,,,,R,1,1,1516,1527,11,14,25,9,0,0,0.032127917002071626,0.0283847090031486,0.06051262600522023,0.06119862500054296,3236,2136,16,16,False,False,False,False,2136,16,False,512,0.0006,128,1580,0,total_elems,3236,2136,1,1,,,,0.0,16,4,2136,548,222,56,,,,,,,,,,,,,,,,,,,,,,,,,,,,,,,,,,,,,,,,,,,,,,,
59.60850237500563,absorbing,,,,,,,L,2,1,1516,1527,13,14,27,12,2,2,0.0325404159957543,0.02895399999397341,0.06149441598972771,0.06211279099807143,3188,4540,16,16,False,False,False,False,3188,16,False,512,0.0006,128,1580,0,total_elems,3188,4540,1,1,,,,0.0,16,4,3188,626,222,56,,,,,,,,,,,,,,,,,,,,,,,,,,,,,,,,,,,,,,,,,,,,,,,
59.68537491600728,absorbing,,,,,,,R,2,2,1516,1527,13,14,27,10,0,2,0.030895165997208096,0.030210083001293242,0.06110524899850134,0.06174062499485444,7608,6128,16,16,False,False,False,False,6128,16,False,512,0.0006,128,1580,0,total_elems,7608,6128,1,1,,,,0.0,16,4,6128,722,222,56,,,,,,,,,,,,,,,,,,,,,,,,,,,,,,,,,,,,,,,,,,,,,,,
59.764237750001485,absorbing,,,,,,,R,2,3,1516,1527,13,14,27,15,0,2,0.03262729200650938,0.03035779199854005,0.06298508400504943,0.06364620800013654,11556,8004,32,16,False,False,False,False,8004,16,False,512,0.0006,128,1580,0,total_elems,11556,8004,1,1,,,,0.0,16,4,8004,806,222,56,,,,,,,,,,,,,,,,,,,,,,,,,,,,,,,,,,,,,,,,,,,,,,,
59.849041416004184,absorbing,,,,,,,L,3,3,1516,1527,13,14,27,16,0,2,0.034484417003113776,0.034298124999622814,0.06878254200273659,0.06948733300669119,14708,21760,32,64,False,False,False,False,14708,32,False,512,0.0006,128,1580,0,total_elems,14708,21760,1,1,,,,0.0,32,4,14708,960,222,56,,,,,,,,,,,,,,,,,,,,,,,,,,,,,,,,,,,,,,,,,,,,,,,
59.9392327079986,absorbing,,,,,,,R,3,4,1516,1527,13,15,28,13,1,3,0.037447333001182415,0.036725457990542054,0.07417279099172447,0.07482224999694154,29072,23536,64,64,False,False,False,False,23536,64,False,512,0.0006,128,1580,0,total_elems,29072,23536,1,1,,,,0.0,64,4,23536,1170,222,56,,,,,,,,,,,,,,,,,,,,,,,,,,,,,,,,,,,,,,,,,,,,,,,
60.0464604160079,absorbing,,,,,,,L,4,4,1516,1527,14,15,29,17,1,4,0.045304875005967915,0.04572854201251175,0.09103341701847967,0.09171191600034945,49544,57704,64,64,False,False,False,False,49544,64,False,512,0.0006,128,1580,0,total_elems,49544,57704,1,1,,,,0.0,64,4,49544,1464,222,56,,,,,,,,,,,,,,,,,,,,,,,,,,,,,,,,,,,,,,,,,,,,,,,
60.18294391600648,absorbing,,,,,,,R,4,5,1516,1527,14,18,32,13,3,7,0.06519487500190735,0.05431704199872911,0.11951191700063646,0.12022466599592008,78712,74088,64,64,False,False,False,False,74088,64,False,512,0.0006,128,1580,0,total_elems,78712,74088,1,1,,,,0.0,64,4,74088,1754,222,56,,,,,,,,,,,,,,,,,,,,,,,,,,,,,,,,,,,,,,,,,,,,,,,
60.33139329100959,absorbing,,,,,,,R,4,6,1516,1527,14,20,34,11,2,9,0.07426016699173488,0.05795820799539797,0.13221837498713285,0.1328892080055084,96376,85848,64,64,False,False,False,False,85848,64,False,512,0.0006,128,1580,0,total_elems,96376,85848,1,1,,,,0.0,64,4,85848,1970,222,56,,,,,,,,,,,,,,,,,,,,,,,,,,,,,,,,,,,,,,,,,,,,,,,
60.48995408300834,absorbing,,,,,,,L,5,6,1516,1527,15,20,35,14,1,10,0.07746720800059848,0.06480908299272414,0.14227629099332262,0.14292025000031572,112216,115736,64,64,False,False,False,False,112216,64,False,512,0.0006,128,1580,0,total_elems,112216,115736,1,1,,,,0.0,64,4,112216,2266,222,56,,,,,,,,,,,,,,,,,,,,,,,,,,,,,,,,,,,,,,,,,,,,,,,
60.67028045799816,absorbing,,,,,,,R,5,7,1516,1527,15,20,35,15,0,10,0.08802195799944457,0.07536708399129566,0.16338904199074022,0.164134999999078,153376,148024,64,64,False,False,False,False,148024,64,False,512,0.0006,128,1580,0,total_elems,153376,148024,1,1,,,,0.0,64,4,148024,2606,222,56,,,,,,,,,,,,,,,,,,,,,,,,,,,,,,,,,,,,,,,,,,,,,,,
60.9067431250005,absorbing,,,,,,,R,5,8,1516,1527,15,20,35,16,0,10,0.10430479199567344,0.1155324169958476,0.21983720899152104,0.22048787500534672,227584,217528,128,128,False,False,False,False,217528,128,False,512,0.0006,128,1580,0,total_elems,227584,217528,1,1,,,,0.0,128,4,217528,3326,222,56,,,,,,,,,,,,,,,,,,,,,,,,,,,,,,,,,,,,,,,,,,,,,,,
61.292048957999214,absorbing,,,,,,,L,6,8,1516,1527,15,20,35,15,0,10,0.14510716700169723,0.22410162500455044,0.3692087920062477,0.36988433300575707,373888,523064,128,256,False,False,False,False,373888,128,False,512,0.0006,128,1580,0,total_elems,373888,523064,1,1,,,,0.0,128,4,373888,4108,222,56,,,,,,,,,,,,,,,,,,,,,,,,,,,,,,,,,,,,,,,,,,,,,,,
65.38278545800131,unswapping,,,,,,,,,,,,,,,,,,,,,,,,,,,,,,,,,,,,,,,,,,,,,,,256,4,495488,4538,222,56,0,both,0,28,28,8,8,,,,,0,,,,,,,,,,,,,,,,,,,,,,,,,,,,,,,,,,,
66.64906341599999,unswapping,,,,,,,,,,,,,,,,,,,,,,,,,,,,,,,,,,,,,,,,,,,,,,,64,4,171328,2858,222,56,0,both,1,27,27,13,21,,,,,0,,,,,,,,,,,,,,,,,,,,,,,,,,,,,,,,,,,
66.90840695799852,unswapping,,,,,,,,,,,,,,,,,,,,,,,,,,,,,,,,,,,,,,,,,,,,,,,64,4,93472,2230,222,56,0,left,0,28,28,9,30,,,,,18,,,,,,,,,,,,,,,,,,,,,,,,,,,,,,,,,,,
67.08829691600113,unswapping,,,,,,,,,,,,,,,,,,,,,,,,,,,,,,,,,,,,,,,,,,,,,,,64,4,52128,1778,222,56,0,left,1,27,27,13,43,,,,,44,,,,,,,,,,,,,,,,,,,,,,,,,,,,,,,,,,,
67.19740662501135,unswapping,,,,,,,,,,,,,,,,,,,,,,,,,,,,,,,,,,,,,,,,,,,,,,,32,4,34308,1432,222,56,0,right,0,28,28,12,55,,,,,60,,,,,,,,,,,,,,,,,,,,,,,,,,,,,,,,,,,
67.29484545800369,unswapping,,,,,,,,,,,,,,,,,,,,,,,,,,,,,,,,,,,,,,,,,,,,,,,32,4,23268,1252,222,56,0,right,1,27,27,8,63,,,,,76,,,,,,,,,,,,,,,,,,,,,,,,,,,,,,,,,,,
67.43519104100415,unswapping,,,,,,,,,,,,,,,,,,,,,,,,,,,,,,,,,,,,,,,,,,,,,,,16,4,18692,1092,222,56,1,both,0,28,28,11,11,,,,,90,,,,,,,,,,,,,,,,,,,,,,,,,,,,,,,,,,,
67.56859708300908,unswapping,,,,,,,,,,,,,,,,,,,,,,,,,,,,,,,,,,,,,,,,,,,,,,,16,4,17412,1036,222,56,1,both,1,27,27,6,17,,,,,100,,,,,,,,,,,,,,,,,,,,,,,,,,,,,,,,,,,
67.63920879100624,unswapping,,,,,,,,,,,,,,,,,,,,,,,,,,,,,,,,,,,,,,,,,,,,,,,16,4,14660,948,222,56,1,left,0,28,28,5,22,,,,,106,,,,,,,,,,,,,,,,,,,,,,,,,,,,,,,,,,,
67.71132275000855,unswapping,,,,,,,,,,,,,,,,,,,,,,,,,,,,,,,,,,,,,,,,,,,,,,,16,4,13324,902,222,56,1,left,1,27,27,5,27,,,,,110,,,,,,,,,,,,,,,,,,,,,,,,,,,,,,,,,,,
67.77766645800148,unswapping,,,,,,,,,,,,,,,,,,,,,,,,,,,,,,,,,,,,,,,,,,,,,,,16,4,11452,850,222,56,1,right,0,28,28,5,32,,,,,116,,,,,,,,,,,,,,,,,,,,,,,,,,,,,,,,,,,
67.8405891250004,unswapping,,,,,,,,,,,,,,,,,,,,,,,,,,,,,,,,,,,,,,,,,,,,,,,16,4,10372,816,222,56,1,right,1,27,27,4,36,,,,,122,,,,,,,,,,,,,,,,,,,,,,,,,,,,,,,,,,,
67.95319741600542,unswapping,,,,,,,,,,,,,,,,,,,,,,,,,,,,,,,,,,,,,,,,,,,,,,,16,4,9100,772,222,56,2,both,0,28,28,5,5,,,,,128,,,,,,,,,,,,,,,,,,,,,,,,,,,,,,,,,,,
68.06258504099969,unswapping,,,,,,,,,,,,,,,,,,,,,,,,,,,,,,,,,,,,,,,,,,,,,,,16,4,8304,720,222,56,2,both,1,27,27,5,10,,,,,138,,,,,,,,,,,,,,,,,,,,,,,,,,,,,,,,,,,
68.12205416600045,unswapping,,,,,,,,,,,,,,,,,,,,,,,,,,,,,,,,,,,,,,,,,,,,,,,16,4,7992,702,222,56,2,left,0,28,28,3,13,,,,,140,,,,,,,,,,,,,,,,,,,,,,,,,,,,,,,,,,,
68.14985229101148,unswapping,,,,,,,,,,,,,,,,,,,,,,,,,,,,,,,,,,,,,,,,,,,,,,,16,4,7992,702,222,56,2,left,1,27,27,0,13,,,,,140,,,,,,,,,,,,,,,,,,,,,,,,,,,,,,,,,,,
68.20787100000598,unswapping,,,,,,,,,,,,,,,,,,,,,,,,,,,,,,,,,,,,,,,,,,,,,,,16,4,7728,690,222,56,2,right,0,28,28,2,15,,,,,138,,,,,,,,,,,,,,,,,,,,,,,,,,,,,,,,,,,
68.26539083301031,unswapping,,,,,,,,,,,,,,,,,,,,,,,,,,,,,,,,,,,,,,,,,,,,,,,16,4,7152,670,222,56,2,right,1,27,27,2,17,,,,,140,,,,,,,,,,,,,,,,,,,,,,,,,,,,,,,,,,,
68.37144445801096,unswapping,,,,,,,,,,,,,,,,,,,,,,,,,,,,,,,,,,,,,,,,,,,,,,,16,4,6860,648,222,56,3,both,0,28,28,5,5,,,,,144,,,,,,,,,,,,,,,,,,,,,,,,,,,,,,,,,,,
68.47462566600007,unswapping,,,,,,,,,,,,,,,,,,,,,,,,,,,,,,,,,,,,,,,,,,,,,,,16,4,6660,632,222,56,3,both,1,27,27,3,8,,,,,150,,,,,,,,,,,,,,,,,,,,,,,,,,,,,,,,,,,
68.5008491660119,unswapping,,,,,,,,,,,,,,,,,,,,,,,,,,,,,,,,,,,,,,,,,,,,,,,16,4,6660,632,222,56,3,left,0,28,28,0,8,,,,,150,,,,,,,,,,,,,,,,,,,,,,,,,,,,,,,,,,,
68.55867829101044,unswapping,,,,,,,,,,,,,,,,,,,,,,,,,,,,,,,,,,,,,,,,,,,,,,,16,4,6572,622,222,56,3,left,1,27,27,2,10,,,,,150,,,,,,,,,,,,,,,,,,,,,,,,,,,,,,,,,,,
68.61514312500367,unswapping,,,,,,,,,,,,,,,,,,,,,,,,,,,,,,,,,,,,,,,,,,,,,,,16,4,5896,600,222,56,3,right,0,28,28,2,12,,,,,152,,,,,,,,,,,,,,,,,,,,,,,,,,,,,,,,,,,
68.66059762499935,unswapping,,,,,,,,,,,,,,,,,,,,,,,,,,,,,,,,,,,,,,,,,,,,,,,16,4,4744,576,222,56,3,right,1,27,27,1,13,,,,,154,,,,,,,,,,,,,,,,,,,,,,,,,,,,,,,,,,,
68.74809979100246,unswapping,,,,,,,,,,,,,,,,,,,,,,,,,,,,,,,,,,,,,,,,,,,,,,,16,4,3784,552,222,56,4,both,0,28,28,1,1,,,,,154,,,,,,,,,,,,,,,,,,,,,,,,,,,,,,,,,,,
68.83260054100538,unswapping,,,,,,,,,,,,,,,,,,,,,,,,,,,,,,,,,,,,,,,,,,,,,,,16,4,2824,528,222,56,4,both,1,27,27,1,2,,,,,156,,,,,,,,,,,,,,,,,,,,,,,,,,,,,,,,,,,
68.88515908300178,unswapping,,,,,,,,,,,,,,,,,,,,,,,,,,,,,,,,,,,,,,,,,,,,,,,16,4,2184,512,222,56,4,left,0,28,28,1,3,,,,,158,,,,,,,,,,,,,,,,,,,,,,,,,,,,,,,,,,,
68.90786558300897,unswapping,,,,,,,,,,,,,,,,,,,,,,,,,,,,,,,,,,,,,,,,,,,,,,,16,4,2184,512,222,56,4,left,1,27,27,0,3,,,,,158,,,,,,,,,,,,,,,,,,,,,,,,,,,,,,,,,,,
68.93074100000376,unswapping,,,,,,,,,,,,,,,,,,,,,,,,,,,,,,,,,,,,,,,,,,,,,,,16,4,2184,512,222,56,4,right,0,28,28,0,3,,,,,158,,,,,,,,,,,,,,,,,,,,,,,,,,,,,,,,,,,
68.95275950001087,unswapping,,,,,,,,,,,,,,,,,,,,,,,,,,,,,,,,,,,,,,,,,,,,,,,16,4,2184,512,222,56,4,right,1,27,27,0,3,,,,,158,,,,,,,,,,,,,,,,,,,,,,,,,,,,,,,,,,,
68.99662512500072,unswapping,,,,,,,,,,,,,,,,,,,,,,,,,,,,,,,,,,,,,,,,,,,,,,,16,4,2184,512,222,56,5,both,0,28,28,0,0,,,,,158,,,,,,,,,,,,,,,,,,,,,,,,,,,,,,,,,,,
69.07843950000824,unswapping,,,,,,,,,,,,,,,,,,,,,,,,,,,,,,,,,,,,,,,,,,,,,,,8,4,1800,496,222,56,5,both,1,27,27,1,1,,,,,160,,,,,,,,,,,,,,,,,,,,,,,,,,,,,,,,,,,
69.10086758300895,unswapping,,,,,,,,,,,,,,,,,,,,,,,,,,,,,,,,,,,,,,,,,,,,,,,8,4,1800,496,222,56,5,left,0,28,28,0,1,,,,,160,,,,,,,,,,,,,,,,,,,,,,,,,,,,,,,,,,,
69.12319362501148,unswapping,,,,,,,,,,,,,,,,,,,,,,,,,,,,,,,,,,,,,,,,,,,,,,,8,4,1800,496,222,56,5,left,1,27,27,0,1,,,,,160,,,,,,,,,,,,,,,,,,,,,,,,,,,,,,,,,,,
69.14507862500614,unswapping,,,,,,,,,,,,,,,,,,,,,,,,,,,,,,,,,,,,,,,,,,,,,,,8,4,1800,496,222,56,5,right,0,28,28,0,1,,,,,160,,,,,,,,,,,,,,,,,,,,,,,,,,,,,,,,,,,
69.16699500000686,unswapping,,,,,,,,,,,,,,,,,,,,,,,,,,,,,,,,,,,,,,,,,,,,,,,8,4,1800,496,222,56,5,right,1,27,27,0,1,,,,,160,,,,,,,,,,,,,,,,,,,,,,,,,,,,,,,,,,,
69.21060641600343,unswapping,,,,,,,,,,,,,,,,,,,,,,,,,,,,,,,,,,,,,,,,,,,,,,,8,4,1800,496,222,56,6,both,0,28,28,0,0,,,,,160,,,,,,,,,,,,,,,,,,,,,,,,,,,,,,,,,,,
69.25363433299935,unswapping,,,,,,,,,,,,,,,,,,,,,,,,,,,,,,,,,,,,,,,,,,,,,,,8,4,1800,496,222,56,6,both,1,27,27,0,0,,,,,160,,,,,,,,,,,,,,,,,,,,,,,,,,,,,,,,,,,
69.27623220800888,unswapping,,,,,,,,,,,,,,,,,,,,,,,,,,,,,,,,,,,,,,,,,,,,,,,8,4,1800,496,222,56,6,left,0,28,28,0,0,,,,,160,,,,,,,,,,,,,,,,,,,,,,,,,,,,,,,,,,,
69.29882712500694,unswapping,,,,,,,,,,,,,,,,,,,,,,,,,,,,,,,,,,,,,,,,,,,,,,,8,4,1800,496,222,56,6,left,1,27,27,0,0,,,,,160,,,,,,,,,,,,,,,,,,,,,,,,,,,,,,,,,,,
69.32061079100822,unswapping,,,,,,,,,,,,,,,,,,,,,,,,,,,,,,,,,,,,,,,,,,,,,,,8,4,1800,496,222,56,6,right,0,28,28,0,0,,,,,160,,,,,,,,,,,,,,,,,,,,,,,,,,,,,,,,,,,
69.34240316601063,unswapping,,,,,,,,,,,,,,,,,,,,,,,,,,,,,,,,,,,,,,,,,,,,,,,8,4,1800,496,222,56,6,right,1,27,27,0,0,,,,,160,,,,,,,,,,,,,,,,,,,,,,,,,,,,,,,,,,,
69.92303625000932,unswap_cycle_summary,,,,,,,,,,,,15,20,35,,,,,,,,,,,,,,,,,,,512,0.0006,,,,,,,,,,,,,8,4,1800,496,222,56,,,,,,,,,,,,,,,,,,,,6,7.424669707994326,35,1885,1850,10,False,,,,,,,,,,,,,,,,,,,,,
71.88842420800938,rewiring,left,post_unswap,1.9500176250003278,1512,False,False,,,,,,,,,,,,,,,,,,,,,,,,,,,,,,,,,,,,,,,,,,,,,,,,,,,,,,,,,,,,,,,,,,6,,,,,,,20,False,10,1,none,0.0,123,1.950012291999883,3.626162666012533,,,,,,,,,,,,
73.56424787500873,rewiring,right,post_unswap,1.6755909159983275,1521,False,False,,,,,,,,,,,,,,,,,,,,,,,,,,,,,,,,,,,,,,,,,,,,,,,,,,,,,,,,,,,,,,,,,,6,,,,,,,20,False,10,1,none,0.0,123,1.6755854999937583,3.626162666012533,,,,,,,,,,,,
73.59425495800679,cycle_progress,,,,,,,,,,,,15,20,35,,,,,,,,,,,,,,,,,,,512,0.0006,,1580,0,,,,,,,,,,8,4,1800,496,222,56,,,,,,,,,,,,,,,,,,,,6,,35,1885,1850,10,False,,,,,,,,,3.626162666012533,,,,,,,,,,,,
73.67350124999939,absorbing,,,,,,,L,1,0,1587,1604,15,20,35,15,0,0,0.030532333999872208,0.0296632500103442,0.06019558401021641,0.061020167006063275,1800,3028,8,16,False,False,False,False,1800,8,False,512,0.0006,128,1800,0,total_elems,1800,3028,1,1,,,,0.0,8,4,1800,496,222,56,,,,,,,,,,,,,,,,,,,,,,,,,,,,,,,,,,,,,,,,,,,,,,,
73.7508770830027,absorbing,,,,,,,R,1,1,1587,1604,15,20,35,13,0,0,0.029978082995512523,0.02917662500112783,0.059154707996640354,0.05979062500409782,3308,3028,16,16,False,False,False,False,3028,16,False,512,0.0006,128,1800,0,total_elems,3308,3028,1,1,,,,0.0,16,4,3028,598,222,56,,,,,,,,,,,,,,,,,,,,,,,,,,,,,,,,,,,,,,,,,,,,,,,
73.8308355830086,absorbing,,,,,,,L,2,1,1587,1604,15,20,35,13,0,0,0.031338000000687316,0.029902207999839447,0.061240208000526763,0.06191624999337364,4836,6376,16,16,False,False,False,False,4836,16,False,512,0.0006,128,1800,0,total_elems,4836,6376,1,1,,,,0.0,16,4,4836,676,222,56,,,,,,,,,,,,,,,,,,,,,,,,,,,,,,,,,,,,,,,,,,,,,,,
73.91053283300425,absorbing,,,,,,,L,3,1,1587,1604,15,20,35,15,0,0,0.031531665998045355,0.03014420799445361,0.061675873992498964,0.06234033399960026,7208,9024,16,32,False,False,False,False,7208,16,False,512,0.0006,128,1800,0,total_elems,7208,9024,1,1,,,,0.0,16,4,7208,768,222,56,,,,,,,,,,,,,,,,,,,,,,,,,,,,,,,,,,,,,,,,,,,,,,,
73.99311500000476,absorbing,,,,,,,L,4,1,1587,1604,15,20,35,14,0,0,0.03206216701073572,0.03236941699287854,0.06443158400361426,0.06507762499677483,11184,12680,16,32,False,False,False,False,11184,16,False,512,0.0006,128,1800,0,total_elems,11184,12680,1,1,,,,0.0,16,4,11184,926,222,56,,,,,,,,,,,,,,,,,,,,,,,,,,,,,,,,,,,,,,,,,,,,,,,
74.07979958300712,absorbing,,,,,,,R,4,2,1587,1604,15,20,35,13,0,0,0.033884290998685174,0.034519667009590194,0.06840395800827537,0.0691311249975115,24064,22184,64,64,False,False,False,False,22184,64,False,512,0.0006,128,1800,0,total_elems,24064,22184,1,1,,,,0.0,64,4,22184,1180,222,56,,,,,,,,,,,,,,,,,,,,,,,,,,,,,,,,,,,,,,,,,,,,,,,
74.17798537500494,absorbing,,,,,,,R,4,3,1587,1604,15,20,35,13,0,0,0.040936542005511,0.03832920899731107,0.07926575100282207,0.07994841599429492,48936,32472,64,64,False,False,False,False,32472,64,False,512,0.0006,128,1800,0,total_elems,48936,32472,1,1,,,,0.0,64,4,32472,1340,222,56,,,,,,,,,,,,,,,,,,,,,,,,,,,,,,,,,,,,,,,,,,,,,,,
74.28131162500358,absorbing,,,,,,,R,4,4,1587,1604,15,20,35,10,0,0,0.045198124993476085,0.039513374998932704,0.08471149999240879,0.08533791700028814,64744,45352,64,64,False,False,False,False,45352,64,False,512,0.0006,128,1800,0,total_elems,64744,45352,1,1,,,,0.0,64,4,45352,1616,222,56,,,,,,,,,,,,,,,,,,,,,,,,,,,,,,,,,,,,,,,,,,,,,,,
74.39833258300496,absorbing,,,,,,,R,4,5,1587,1604,15,21,36,8,1,1,0.054498457990121096,0.04418441600864753,0.09868287399876863,0.09934375000011642,92408,69416,64,64,False,False,False,False,69416,64,False,512,0.0006,128,1800,0,total_elems,92408,69416,1,1,,,,0.0,64,4,69416,1908,222,56,,,,,,,,,,,,,,,,,,,,,,,,,,,,,,,,,,,,,,,,,,,,,,,
74.54681895799877,absorbing,,,,,,,L,5,5,1587,1604,15,21,36,17,0,1,0.060696000000461936,0.06944966599985491,0.13014566600031685,0.13080933300079778,121144,127208,64,128,False,False,False,False,121144,64,False,512,0.0006,128,1800,0,total_elems,121144,127208,1,1,,,,0.0,64,4,121144,2368,222,56,,,,,,,,,,,,,,,,,,,,,,,,,,,,,,,,,,,,,,,,,,,,,,,
74.78981458301132,absorbing,,,,,,,L,6,5,1587,1604,16,21,37,16,1,2,0.122272292006528,0.10000279200903606,0.22227508401556406,0.22298029200464953,178016,194808,128,128,False,False,False,False,178016,128,False,512,0.0006,128,1800,0,total_elems,178016,194808,1,1,,,,0.0,128,4,178016,2848,222,56,,,,,,,,,,,,,,,,,,,,,,,,,,,,,,,,,,,,,,,,,,,,,,,
75.05175400000007,absorbing,,,,,,,L,7,5,1587,1604,18,21,39,14,2,4,0.11003204199369065,0.1327039170137141,0.24273595900740474,0.24343183300516102,267424,344160,128,256,False,False,False,False,267424,128,False,512,0.0006,128,1800,0,total_elems,267424,344160,1,1,,,,0.0,128,4,267424,3504,222,56,,,,,,,,,,,,,,,,,,,,,,,,,,,,,,,,,,,,,,,,,,,,,,,
77.46699200000148,unswapping,,,,,,,,,,,,,,,,,,,,,,,,,,,,,,,,,,,,,,,,,,,,,,,128,4,340256,3784,222,56,0,both,0,28,28,6,6,,,,,0,,,,,,,,,,,,,,,,,,,,,,,,,,,,,,,,,,,
78.62215762501,unswapping,,,,,,,,,,,,,,,,,,,,,,,,,,,,,,,,,,,,,,,,,,,,,,,128,4,186272,2824,222,56,0,both,1,27,27,12,18,,,,,0,,,,,,,,,,,,,,,,,,,,,,,,,,,,,,,,,,,
78.8993422909989,unswapping,,,,,,,,,,,,,,,,,,,,,,,,,,,,,,,,,,,,,,,,,,,,,,,64,4,90976,2108,222,56,0,left,0,28,28,13,31,,,,,26,,,,,,,,,,,,,,,,,,,,,,,,,,,,,,,,,,,
79.07487950001087,unswapping,,,,,,,,,,,,,,,,,,,,,,,,,,,,,,,,,,,,,,,,,,,,,,,64,4,42624,1660,222,56,0,left,1,27,27,11,42,,,,,48,,,,,,,,,,,,,,,,,,,,,,,,,,,,,,,,,,,
79.16866270800529,unswapping,,,,,,,,,,,,,,,,,,,,,,,,,,,,,,,,,,,,,,,,,,,,,,,32,4,30080,1404,222,56,0,right,0,28,28,7,49,,,,,54,,,,,,,,,,,,,,,,,,,,,,,,,,,,,,,,,,,
79.2567602909985,unswapping,,,,,,,,,,,,,,,,,,,,,,,,,,,,,,,,,,,,,,,,,,,,,,,32,4,21232,1240,222,56,0,right,1,27,27,8,57,,,,,64,,,,,,,,,,,,,,,,,,,,,,,,,,,,,,,,,,,
79.3922601660015,unswapping,,,,,,,,,,,,,,,,,,,,,,,,,,,,,,,,,,,,,,,,,,,,,,,16,4,14552,1046,222,56,1,both,0,28,28,13,13,,,,,80,,,,,,,,,,,,,,,,,,,,,,,,,,,,,,,,,,,
79.51287666600547,unswapping,,,,,,,,,,,,,,,,,,,,,,,,,,,,,,,,,,,,,,,,,,,,,,,16,4,11764,938,222,56,1,both,1,27,27,9,22,,,,,96,,,,,,,,,,,,,,,,,,,,,,,,,,,,,,,,,,,
79.57770145800896,unswapping,,,,,,,,,,,,,,,,,,,,,,,,,,,,,,,,,,,,,,,,,,,,,,,16,4,10128,856,222,56,1,left,0,28,28,7,29,,,,,108,,,,,,,,,,,,,,,,,,,,,,,,,,,,,,,,,,,
79.63995833300578,unswapping,,,,,,,,,,,,,,,,,,,,,,,,,,,,,,,,,,,,,,,,,,,,,,,16,4,8276,810,222,56,1,left,1,27,27,4,33,,,,,114,,,,,,,,,,,,,,,,,,,,,,,,,,,,,,,,,,,
79.69788429100299,unswapping,,,,,,,,,,,,,,,,,,,,,,,,,,,,,,,,,,,,,,,,,,,,,,,16,4,6996,770,222,56,1,right,0,28,28,3,36,,,,,118,,,,,,,,,,,,,,,,,,,,,,,,,,,,,,,,,,,
79.72280445801152,unswapping,,,,,,,,,,,,,,,,,,,,,,,,,,,,,,,,,,,,,,,,,,,,,,,16,4,6996,770,222,56,1,right,1,27,27,0,36,,,,,118,,,,,,,,,,,,,,,,,,,,,,,,,,,,,,,,,,,
79.82467475000885,unswapping,,,,,,,,,,,,,,,,,,,,,,,,,,,,,,,,,,,,,,,,,,,,,,,16,4,6744,756,222,56,2,both,0,28,28,2,2,,,,,120,,,,,,,,,,,,,,,,,,,,,,,,,,,,,,,,,,,
79.93042079100269,unswapping,,,,,,,,,,,,,,,,,,,,,,,,,,,,,,,,,,,,,,,,,,,,,,,16,4,6372,726,222,56,2,both,1,27,27,6,8,,,,,134,,,,,,,,,,,,,,,,,,,,,,,,,,,,,,,,,,,
79.9884077500028,unswapping,,,,,,,,,,,,,,,,,,,,,,,,,,,,,,,,,,,,,,,,,,,,,,,16,4,5604,698,222,56,2,left,0,28,28,4,12,,,,,138,,,,,,,,,,,,,,,,,,,,,,,,,,,,,,,,,,,
80.0441233330057,unswapping,,,,,,,,,,,,,,,,,,,,,,,,,,,,,,,,,,,,,,,,,,,,,,,16,4,4764,668,222,56,2,left,1,27,27,2,14,,,,,142,,,,,,,,,,,,,,,,,,,,,,,,,,,,,,,,,,,
80.09726866600977,unswapping,,,,,,,,,,,,,,,,,,,,,,,,,,,,,,,,,,,,,,,,,,,,,,,16,4,4716,664,222,56,2,right,0,28,28,1,15,,,,,144,,,,,,,,,,,,,,,,,,,,,,,,,,,,,,,,,,,
80.12166029099899,unswapping,,,,,,,,,,,,,,,,,,,,,,,,,,,,,,,,,,,,,,,,,,,,,,,16,4,4716,664,222,56,2,right,1,27,27,0,15,,,,,144,,,,,,,,,,,,,,,,,,,,,,,,,,,,,,,,,,,
80.21980595801142,unswapping,,,,,,,,,,,,,,,,,,,,,,,,,,,,,,,,,,,,,,,,,,,,,,,16,4,4500,652,222,56,3,both,0,28,28,3,3,,,,,146,,,,,,,,,,,,,,,,,,,,,,,,,,,,,,,,,,,
80.31924583300133,unswapping,,,,,,,,,,,,,,,,,,,,,,,,,,,,,,,,,,,,,,,,,,,,,,,16,4,4152,628,222,56,3,both,1,27,27,5,8,,,,,156,,,,,,,,,,,,,,,,,,,,,,,,,,,,,,,,,,,
80.37387945799856,unswapping,,,,,,,,,,,,,,,,,,,,,,,,,,,,,,,,,,,,,,,,,,,,,,,16,4,4032,620,222,56,3,left,0,28,28,2,10,,,,,158,,,,,,,,,,,,,,,,,,,,,,,,,,,,,,,,,,,
80.41744383300829,unswapping,,,,,,,,,,,,,,,,,,,,,,,,,,,,,,,,,,,,,,,,,,,,,,,16,4,3872,612,222,56,3,left,1,27,27,1,11,,,,,160,,,,,,,,,,,,,,,,,,,,,,,,,,,,,,,,,,,
80.44100620799873,unswapping,,,,,,,,,,,,,,,,,,,,,,,,,,,,,,,,,,,,,,,,,,,,,,,16,4,3872,612,222,56,3,right,0,28,28,0,11,,,,,160,,,,,,,,,,,,,,,,,,,,,,,,,,,,,,,,,,,
80.46468450000975,unswapping,,,,,,,,,,,,,,,,,,,,,,,,,,,,,,,,,,,,,,,,,,,,,,,16,4,3872,612,222,56,3,right,1,27,27,0,11,,,,,160,,,,,,,,,,,,,,,,,,,,,,,,,,,,,,,,,,,
80.56122429099923,unswapping,,,,,,,,,,,,,,,,,,,,,,,,,,,,,,,,,,,,,,,,,,,,,,,16,4,3656,596,222,56,4,both,0,28,28,3,3,,,,,168,,,,,,,,,,,,,,,,,,,,,,,,,,,,,,,,,,,
80.65696091600694,unswapping,,,,,,,,,,,,,,,,,,,,,,,,,,,,,,,,,,,,,,,,,,,,,,,16,4,3596,588,222,56,4,both,1,27,27,2,5,,,,,174,,,,,,,,,,,,,,,,,,,,,,,,,,,,,,,,,,,
80.68064666600549,unswapping,,,,,,,,,,,,,,,,,,,,,,,,,,,,,,,,,,,,,,,,,,,,,,,16,4,3596,588,222,56,4,left,0,28,28,0,5,,,,,174,,,,,,,,,,,,,,,,,,,,,,,,,,,,,,,,,,,
80.70414820800943,unswapping,,,,,,,,,,,,,,,,,,,,,,,,,,,,,,,,,,,,,,,,,,,,,,,16,4,3596,588,222,56,4,left,1,27,27,0,5,,,,,174,,,,,,,,,,,,,,,,,,,,,,,,,,,,,,,,,,,
80.72748583300563,unswapping,,,,,,,,,,,,,,,,,,,,,,,,,,,,,,,,,,,,,,,,,,,,,,,16,4,3596,588,222,56,4,right,0,28,28,0,5,,,,,174,,,,,,,,,,,,,,,,,,,,,,,,,,,,,,,,,,,
80.7503912079992,unswapping,,,,,,,,,,,,,,,,,,,,,,,,,,,,,,,,,,,,,,,,,,,,,,,16,4,3596,588,222,56,4,right,1,27,27,0,5,,,,,174,,,,,,,,,,,,,,,,,,,,,,,,,,,,,,,,,,,
80.79585283300548,unswapping,,,,,,,,,,,,,,,,,,,,,,,,,,,,,,,,,,,,,,,,,,,,,,,16,4,3596,588,222,56,5,both,0,28,28,0,0,,,,,174,,,,,,,,,,,,,,,,,,,,,,,,,,,,,,,,,,,
80.84134908299893,unswapping,,,,,,,,,,,,,,,,,,,,,,,,,,,,,,,,,,,,,,,,,,,,,,,16,4,3596,588,222,56,5,both,1,27,27,0,0,,,,,174,,,,,,,,,,,,,,,,,,,,,,,,,,,,,,,,,,,
80.86509300000034,unswapping,,,,,,,,,,,,,,,,,,,,,,,,,,,,,,,,,,,,,,,,,,,,,,,16,4,3596,588,222,56,5,left,0,28,28,0,0,,,,,174,,,,,,,,,,,,,,,,,,,,,,,,,,,,,,,,,,,
80.8884369580046,unswapping,,,,,,,,,,,,,,,,,,,,,,,,,,,,,,,,,,,,,,,,,,,,,,,16,4,3596,588,222,56,5,left,1,27,27,0,0,,,,,174,,,,,,,,,,,,,,,,,,,,,,,,,,,,,,,,,,,
80.91155400000571,unswapping,,,,,,,,,,,,,,,,,,,,,,,,,,,,,,,,,,,,,,,,,,,,,,,16,4,3596,588,222,56,5,right,0,28,28,0,0,,,,,174,,,,,,,,,,,,,,,,,,,,,,,,,,,,,,,,,,,
80.93486412501079,unswapping,,,,,,,,,,,,,,,,,,,,,,,,,,,,,,,,,,,,,,,,,,,,,,,16,4,3596,588,222,56,5,right,1,27,27,0,0,,,,,174,,,,,,,,,,,,,,,,,,,,,,,,,,,,,,,,,,,
81.50626266600739,unswap_cycle_summary,,,,,,,,,,,,18,21,39,,,,,,,,,,,,,,,,,,,512,0.0006,,,,,,,,,,,,,16,4,3596,588,222,56,,,,,,,,,,,,,,,,,,,,7,5.402905041002668,39,1885,1846,4,False,,,,,,,,,,,,,,,,,,,,,
83.46412037500704,rewiring,left,post_unswap,1.940497416013386,1582,False,False,,,,,,,,,,,,,,,,,,,,,,,,,,,,,,,,,,,,,,,,,,,,,,,,,,,,,,,,,,,,,,,,,,7,,,,,,,20,False,4,1,none,0.0,123,1.940491874993313,3.1481455829925835,,,,,,,,,,,,
84.67144250001002,rewiring,right,post_unswap,1.2070811249868711,1601,False,False,,,,,,,,,,,,,,,,,,,,,,,,,,,,,,,,,,,,,,,,,,,,,,,,,,,,,,,,,,,,,,,,,,7,,,,,,,20,False,4,1,none,0.0,123,1.2070759999915026,3.1481455829925835,,,,,,,,,,,,
84.70549883300555,cycle_progress,,,,,,,,,,,,18,21,39,,,,,,,,,,,,,,,,,,,512,0.0006,,1800,0,,,,,,,,,,16,4,3596,588,222,56,,,,,,,,,,,,,,,,,,,,7,,39,1885,1846,4,False,,,,,,,,,3.1481455829925835,,,,,,,,,,,,
84.7863683750038,absorbing,,,,,,,L,1,0,1430,1526,18,21,39,11,0,0,0.030564792003133334,0.03031050000572577,0.060875292008859105,0.06177562499942724,3596,4696,16,16,False,False,False,False,3596,16,False,512,0.0006,128,3596,0,total_elems,3596,4696,1,1,,,,0.0,16,4,3596,588,222,56,,,,,,,,,,,,,,,,,,,,,,,,,,,,,,,,,,,,,,,,,,,,,,,
84.86678258300526,absorbing,,,,,,,L,2,0,1430,1526,18,21,39,12,0,0,0.030216457991627976,0.030142791991238482,0.06035924998286646,0.06100950000109151,4268,4696,16,16,False,False,False,False,4268,16,False,512,0.0006,128,3596,0,total_elems,4268,4696,1,1,,,,0.0,16,4,4268,650,222,56,,,,,,,,,,,,,,,,,,,,,,,,,,,,,,,,,,,,,,,,,,,,,,,
84.94900687500194,absorbing,,,,,,,R,2,1,1430,1526,18,21,39,13,0,0,0.03135254100197926,0.03017108300991822,0.06152362401189748,0.06215683399932459,5756,5256,16,16,False,False,False,False,5256,16,False,512,0.0006,128,3596,0,total_elems,5756,5256,1,1,,,,0.0,16,4,5256,728,222,56,,,,,,,,,,,,,,,,,,,,,,,,,,,,,,,,,,,,,,,,,,,,,,,
85.03146212499996,absorbing,,,,,,,L,3,1,1430,1526,18,21,39,12,0,0,0.03176508400065359,0.03064470799290575,0.06240979199355934,0.06306691700592637,7224,9016,16,16,False,False,False,False,7224,16,False,512,0.0006,128,3596,0,total_elems,7224,9016,1,1,,,,0.0,16,4,7224,834,222,56,,,,,,,,,,,,,,,,,,,,,,,,,,,,,,,,,,,,,,,,,,,,,,,
85.11461241600045,absorbing,,,,,,,R,3,2,1430,1526,18,21,39,13,0,0,0.03175054099119734,0.031236499999067746,0.06298704099026509,0.06366237500333227,13536,12264,16,16,False,False,False,False,12264,16,False,512,0.0006,128,3596,0,total_elems,13536,12264,1,1,,,,0.0,16,4,12264,1046,222,56,,,,,,,,,,,,,,,,,,,,,,,,,,,,,,,,,,,,,,,,,,,,,,,
85.20180645800428,absorbing,,,,,,,R,3,3,1430,1526,18,22,40,10,1,1,0.03378733400313649,0.03351012499479111,0.0672974589979276,0.06792754199705087,21584,18232,32,16,False,False,False,False,18232,16,False,512,0.0006,128,3596,0,total_elems,21584,18232,1,1,,,,0.0,16,4,18232,1194,222,56,,,,,,,,,,,,,,,,,,,,,,,,,,,,,,,,,,,,,,,,,,,,,,,
85.29762029100675,absorbing,,,,,,,L,4,3,1430,1526,18,22,40,14,0,1,0.03714820799359586,0.0377809579949826,0.07492916598857846,0.07557966699823737,32736,34264,64,64,False,False,False,False,32736,64,False,512,0.0006,128,3596,0,total_elems,32736,34264,1,1,,,,0.0,64,4,32736,1472,222,56,,,,,,,,,,,,,,,,,,,,,,,,,,,,,,,,,,,,,,,,,,,,,,,
85.41706733300816,absorbing,,,,,,,R,4,4,1430,1526,18,23,41,15,1,2,0.05171516600239556,0.047009791000164114,0.09872495700255968,0.09942116700403858,84320,59488,64,64,False,False,False,False,59488,64,False,512,0.0006,128,3596,0,total_elems,84320,59488,1,1,,,,0.0,64,4,59488,1828,222,56,,,,,,,,,,,,,,,,,,,,,,,,,,,,,,,,,,,,,,,,,,,,,,,
85.56987250001112,absorbing,,,,,,,R,4,5,1430,1526,18,25,43,12,2,4,0.07084849999228027,0.06134349999774713,0.1321919999900274,0.13284816600207705,124064,104128,64,64,False,False,False,False,104128,64,False,512,0.0006,128,3596,0,total_elems,124064,104128,1,1,,,,0.0,64,4,104128,2284,222,56,,,,,,,,,,,,,,,,,,,,,,,,,,,,,,,,,,,,,,,,,,,,,,,
85.77594812501047,absorbing,,,,,,,R,4,6,1430,1526,18,27,45,13,2,6,0.10410383300040849,0.08175537500937935,0.18585920800978784,0.1865517089900095,236384,185824,256,64,False,False,False,False,185824,64,False,512,0.0006,128,3596,0,total_elems,236384,185824,1,1,,,,0.0,64,4,185824,2760,222,56,,,,,,,,,,,,,,,,,,,,,,,,,,,,,,,,,,,,,,,,,,,,,,,
87.1150654580124,unswapping,,,,,,,,,,,,,,,,,,,,,,,,,,,,,,,,,,,,,,,,,,,,,,,256,4,275072,3164,222,56,0,both,0,28,28,6,6,,,,,0,,,,,,,,,,,,,,,,,,,,,,,,,,,,,,,,,,,
87.77198904100806,unswapping,,,,,,,,,,,,,,,,,,,,,,,,,,,,,,,,,,,,,,,,,,,,,,,64,4,102560,2236,222,56,0,both,1,27,27,9,15,,,,,0,,,,,,,,,,,,,,,,,,,,,,,,,,,,,,,,,,,
87.94048825000937,unswapping,,,,,,,,,,,,,,,,,,,,,,,,,,,,,,,,,,,,,,,,,,,,,,,64,4,75168,1836,222,56,0,left,0,28,28,9,24,,,,,18,,,,,,,,,,,,,,,,,,,,,,,,,,,,,,,,,,,
88.1035893750086,unswapping,,,,,,,,,,,,,,,,,,,,,,,,,,,,,,,,,,,,,,,,,,,,,,,64,4,39448,1486,222,56,0,left,1,27,27,13,37,,,,,44,,,,,,,,,,,,,,,,,,,,,,,,,,,,,,,,,,,
88.19669900000736,unswapping,,,,,,,,,,,,,,,,,,,,,,,,,,,,,,,,,,,,,,,,,,,,,,,32,4,21848,1174,222,56,0,right,0,28,28,9,46,,,,,58,,,,,,,,,,,,,,,,,,,,,,,,,,,,,,,,,,,
88.27420308301225,unswapping,,,,,,,,,,,,,,,,,,,,,,,,,,,,,,,,,,,,,,,,,,,,,,,32,4,15248,1044,222,56,0,right,1,27,27,9,55,,,,,70,,,,,,,,,,,,,,,,,,,,,,,,,,,,,,,,,,,
88.39930908300448,unswapping,,,,,,,,,,,,,,,,,,,,,,,,,,,,,,,,,,,,,,,,,,,,,,,32,4,11712,940,222,56,1,both,0,28,28,7,7,,,,,80,,,,,,,,,,,,,,,,,,,,,,,,,,,,,,,,,,,
88.51549716600857,unswapping,,,,,,,,,,,,,,,,,,,,,,,,,,,,,,,,,,,,,,,,,,,,,,,32,4,8784,842,222,56,1,both,1,27,27,6,13,,,,,92,,,,,,,,,,,,,,,,,,,,,,,,,,,,,,,,,,,
88.57722833300068,unswapping,,,,,,,,,,,,,,,,,,,,,,,,,,,,,,,,,,,,,,,,,,,,,,,16,4,6676,768,222,56,1,left,0,28,28,5,18,,,,,100,,,,,,,,,,,,,,,,,,,,,,,,,,,,,,,,,,,
88.6356882500113,unswapping,,,,,,,,,,,,,,,,,,,,,,,,,,,,,,,,,,,,,,,,,,,,,,,16,4,5412,736,222,56,1,left,1,27,27,3,21,,,,,104,,,,,,,,,,,,,,,,,,,,,,,,,,,,,,,,,,,
88.69314000000304,unswapping,,,,,,,,,,,,,,,,,,,,,,,,,,,,,,,,,,,,,,,,,,,,,,,8,4,4216,676,222,56,1,right,0,28,28,5,26,,,,,110,,,,,,,,,,,,,,,,,,,,,,,,,,,,,,,,,,,
88.74686591600766,unswapping,,,,,,,,,,,,,,,,,,,,,,,,,,,,,,,,,,,,,,,,,,,,,,,8,4,4088,668,222,56,1,right,1,27,27,1,27,,,,,110,,,,,,,,,,,,,,,,,,,,,,,,,,,,,,,,,,,
88.84546908301127,unswapping,,,,,,,,,,,,,,,,,,,,,,,,,,,,,,,,,,,,,,,,,,,,,,,8,4,3764,646,222,56,2,both,0,28,28,4,4,,,,,112,,,,,,,,,,,,,,,,,,,,,,,,,,,,,,,,,,,
88.89124850000371,unswapping,,,,,,,,,,,,,,,,,,,,,,,,,,,,,,,,,,,,,,,,,,,,,,,8,4,3764,646,222,56,2,both,1,27,27,0,4,,,,,112,,,,,,,,,,,,,,,,,,,,,,,,,,,,,,,,,,,
88.91490866600361,unswapping,,,,,,,,,,,,,,,,,,,,,,,,,,,,,,,,,,,,,,,,,,,,,,,8,4,3764,646,222,56,2,left,0,28,28,0,4,,,,,112,,,,,,,,,,,,,,,,,,,,,,,,,,,,,,,,,,,
88.95834108300915,unswapping,,,,,,,,,,,,,,,,,,,,,,,,,,,,,,,,,,,,,,,,,,,,,,,8,4,3740,640,222,56,2,left,1,27,27,1,5,,,,,114,,,,,,,,,,,,,,,,,,,,,,,,,,,,,,,,,,,
88.98185033300251,unswapping,,,,,,,,,,,,,,,,,,,,,,,,,,,,,,,,,,,,,,,,,,,,,,,8,4,3740,640,222,56,2,right,0,28,28,0,5,,,,,114,,,,,,,,,,,,,,,,,,,,,,,,,,,,,,,,,,,
89.02460383300786,unswapping,,,,,,,,,,,,,,,,,,,,,,,,,,,,,,,,,,,,,,,,,,,,,,,8,4,3580,632,222,56,2,right,1,27,27,1,6,,,,,116,,,,,,,,,,,,,,,,,,,,,,,,,,,,,,,,,,,
89.0709942500107,unswapping,,,,,,,,,,,,,,,,,,,,,,,,,,,,,,,,,,,,,,,,,,,,,,,8,4,3580,632,222,56,3,both,0,28,28,0,0,,,,,116,,,,,,,,,,,,,,,,,,,,,,,,,,,,,,,,,,,
89.11712987501232,unswapping,,,,,,,,,,,,,,,,,,,,,,,,,,,,,,,,,,,,,,,,,,,,,,,8,4,3580,632,222,56,3,both,1,27,27,0,0,,,,,116,,,,,,,,,,,,,,,,,,,,,,,,,,,,,,,,,,,
89.14101908300654,unswapping,,,,,,,,,,,,,,,,,,,,,,,,,,,,,,,,,,,,,,,,,,,,,,,8,4,3580,632,222,56,3,left,0,28,28,0,0,,,,,116,,,,,,,,,,,,,,,,,,,,,,,,,,,,,,,,,,,
89.16475791600533,unswapping,,,,,,,,,,,,,,,,,,,,,,,,,,,,,,,,,,,,,,,,,,,,,,,8,4,3580,632,222,56,3,left,1,27,27,0,0,,,,,116,,,,,,,,,,,,,,,,,,,,,,,,,,,,,,,,,,,
89.20749008300481,unswapping,,,,,,,,,,,,,,,,,,,,,,,,,,,,,,,,,,,,,,,,,,,,,,,8,4,3388,624,222,56,3,right,0,28,28,1,1,,,,,116,,,,,,,,,,,,,,,,,,,,,,,,,,,,,,,,,,,
89.2496661660116,unswapping,,,,,,,,,,,,,,,,,,,,,,,,,,,,,,,,,,,,,,,,,,,,,,,8,4,3260,616,222,56,3,right,1,27,27,1,2,,,,,118,,,,,,,,,,,,,,,,,,,,,,,,,,,,,,,,,,,
89.29506950000359,unswapping,,,,,,,,,,,,,,,,,,,,,,,,,,,,,,,,,,,,,,,,,,,,,,,8,4,3260,616,222,56,4,both,0,28,28,0,0,,,,,118,,,,,,,,,,,,,,,,,,,,,,,,,,,,,,,,,,,
89.34016070800135,unswapping,,,,,,,,,,,,,,,,,,,,,,,,,,,,,,,,,,,,,,,,,,,,,,,8,4,3260,616,222,56,4,both,1,27,27,0,0,,,,,118,,,,,,,,,,,,,,,,,,,,,,,,,,,,,,,,,,,
89.36382145799871,unswapping,,,,,,,,,,,,,,,,,,,,,,,,,,,,,,,,,,,,,,,,,,,,,,,8,4,3260,616,222,56,4,left,0,28,28,0,0,,,,,118,,,,,,,,,,,,,,,,,,,,,,,,,,,,,,,,,,,
89.38717054099834,unswapping,,,,,,,,,,,,,,,,,,,,,,,,,,,,,,,,,,,,,,,,,,,,,,,8,4,3260,616,222,56,4,left,1,27,27,0,0,,,,,118,,,,,,,,,,,,,,,,,,,,,,,,,,,,,,,,,,,
89.40997358300956,unswapping,,,,,,,,,,,,,,,,,,,,,,,,,,,,,,,,,,,,,,,,,,,,,,,8,4,3260,616,222,56,4,right,0,28,28,0,0,,,,,118,,,,,,,,,,,,,,,,,,,,,,,,,,,,,,,,,,,
89.43270066600235,unswapping,,,,,,,,,,,,,,,,,,,,,,,,,,,,,,,,,,,,,,,,,,,,,,,8,4,3260,616,222,56,4,right,1,27,27,0,0,,,,,118,,,,,,,,,,,,,,,,,,,,,,,,,,,,,,,,,,,
89.96762616600608,unswap_cycle_summary,,,,,,,,,,,,18,27,45,,,,,,,,,,,,,,,,,,,512,0.0006,,,,,,,,,,,,,8,4,3260,616,222,56,,,,,,,,,,,,,,,,,,,,8,3.35135095800797,45,1885,1840,6,False,,,,,,,,,,,,,,,,,,,,,
92.32688645800226,rewiring,left,post_unswap,2.3402623340080027,1428,False,False,,,,,,,,,,,,,,,,,,,,,,,,,,,,,,,,,,,,,,,,,,,,,,,,,,,,,,,,,,,,,,,,,,8,,,,,,,20,False,6,1,none,0.0,123,2.3402536249923287,3.5442388749943348,,,,,,,,,,,,
93.53045050000947,rewiring,right,post_unswap,1.2032596659992123,1522,False,False,,,,,,,,,,,,,,,,,,,,,,,,,,,,,,,,,,,,,,,,,,,,,,,,,,,,,,,,,,,,,,,,,,8,,,,,,,20,False,6,1,none,0.0,123,1.2032524999958696,3.5442388749943348,,,,,,,,,,,,
93.56750279100379,cycle_progress,,,,,,,,,,,,18,27,45,,,,,,,,,,,,,,,,,,,512,0.0006,,3596,0,,,,,,,,,,8,4,3260,616,222,56,,,,,,,,,,,,,,,,,,,,8,,45,1885,1840,6,False,,,,,,,,,3.5442388749943348,,,,,,,,,,,,
93.65230091600097,absorbing,,,,,,,L,1,0,1425,1563,18,27,45,14,0,0,0.03107691599871032,0.03180874999088701,0.06288566598959733,0.06374679200234823,3260,5356,8,16,False,False,False,False,3260,8,False,512,0.0006,128,3260,0,total_elems,3260,5356,1,1,,,,0.0,8,4,3260,616,222,56,,,,,,,,,,,,,,,,,,,,,,,,,,,,,,,,,,,,,,,,,,,,,,,
93.73694420800894,absorbing,,,,,,,R,1,1,1425,1563,18,29,47,13,2,2,0.031182582999463193,0.031852042011450976,0.06303462501091417,0.06378037499962375,5676,5356,16,16,False,False,False,False,5356,16,False,512,0.0006,128,3260,0,total_elems,5676,5356,1,1,,,,0.0,16,4,5356,740,222,56,,,,,,,,,,,,,,,,,,,,,,,,,,,,,,,,,,,,,,,,,,,,,,,
93.82674958300777,absorbing,,,,,,,L,2,1,1425,1563,18,29,47,17,0,2,0.03269433400419075,0.03396195900859311,0.06665629301278386,0.06730362499365583,7676,10004,16,16,False,False,False,False,7676,16,False,512,0.0006,128,3260,0,total_elems,7676,10004,1,1,,,,0.0,16,4,7676,836,222,56,,,,,,,,,,,,,,,,,,,,,,,,,,,,,,,,,,,,,,,,,,,,,,,
93.91692866600351,absorbing,,,,,,,R,2,2,1425,1563,18,32,50,10,3,5,0.033849458006443456,0.03434883299632929,0.06819829100277275,0.06888674999936484,13724,11964,16,16,False,False,False,False,11964,16,False,512,0.0006,128,3260,0,total_elems,13724,11964,1,1,,,,0.0,16,4,11964,960,222,56,,,,,,,,,,,,,,,,,,,,,,,,,,,,,,,,,,,,,,,,,,,,,,,
94.01190966600552,absorbing,,,,,,,L,3,2,1425,1563,19,32,51,15,1,6,0.0366515000059735,0.0364718329947209,0.0731233330006944,0.07374799999524839,16604,22140,32,32,False,False,False,False,16604,32,False,512,0.0006,128,3260,0,total_elems,16604,22140,1,1,,,,0.0,32,4,16604,1128,222,56,,,,,,,,,,,,,,,,,,,,,,,,,,,,,,,,,,,,,,,,,,,,,,,
94.11122262501158,absorbing,,,,,,,L,4,2,1425,1563,20,32,52,13,1,7,0.03851899999426678,0.03903875000833068,0.07755775000259746,0.07824470799823757,34908,37340,64,64,False,False,False,False,34908,64,False,512,0.0006,128,3260,0,total_elems,34908,37340,1,1,,,,0.0,64,4,34908,1448,222,56,,,,,,,,,,,,,,,,,,,,,,,,,,,,,,,,,,,,,,,,,,,,,,,
94.22672995801258,absorbing,,,,,,,R,4,3,1425,1563,20,33,53,12,1,8,0.046992042000056244,0.04600479100190569,0.09299683300196193,0.09369795898965094,58264,51036,64,64,False,False,False,False,51036,64,False,512,0.0006,128,3260,0,total_elems,58264,51036,1,1,,,,0.0,64,4,51036,1688,222,56,,,,,,,,,,,,,,,,,,,,,,,,,,,,,,,,,,,,,,,,,,,,,,,
94.37452904100064,absorbing,,,,,,,R,4,4,1425,1563,20,34,54,12,1,9,0.06060795800294727,0.06481708399951458,0.12542504200246185,0.12610070800292306,104728,80668,128,64,False,False,False,False,80668,64,False,512,0.0006,128,3260,0,total_elems,104728,80668,1,1,,,,0.0,64,4,80668,1968,222,56,,,,,,,,,,,,,,,,,,,,,,,,,,,,,,,,,,,,,,,,,,,,,,,
94.54160912500811,absorbing,,,,,,,R,4,5,1425,1563,20,34,54,9,0,9,0.08962995799083728,0.05496345799474511,0.1445934159855824,0.14524491599877365,176728,92316,128,64,False,False,False,False,92316,64,False,512,0.0006,128,3260,0,total_elems,176728,92316,1,1,,,,0.0,64,4,92316,2152,222,56,,,,,,,,,,,,,,,,,,,,,,,,,,,,,,,,,,,,,,,,,,,,,,,
94.73169275000691,absorbing,,,,,,,R,4,6,1425,1563,20,38,58,7,4,13,0.0935386670025764,0.07358383300015703,0.16712250000273343,0.1678044169966597,189080,139676,128,128,False,False,False,False,139676,128,False,512,0.0006,128,3260,0,total_elems,189080,139676,1,1,,,,0.0,128,4,139676,2576,222,56,,,,,,,,,,,,,,,,,,,,,,,,,,,,,,,,,,,,,,,,,,,,,,,
95.02305545800482,absorbing,,,,,,,L,5,6,1425,1563,22,38,60,14,2,15,0.12911279199761339,0.13947045800159685,0.26858324999921024,0.2692749590059975,279704,280252,128,128,False,False,False,False,279704,128,False,512,0.0006,128,3260,0,total_elems,279704,280252,1,1,,,,0.0,128,4,279704,3318,222,56,,,,,,,,,,,,,,,,,,,,,,,,,,,,,,,,,,,,,,,,,,,,,,,
97.20962945801148,unswapping,,,,,,,,,,,,,,,,,,,,,,,,,,,,,,,,,,,,,,,,,,,,,,,128,4,236448,3036,222,56,0,both,0,28,28,5,5,,,,,0,,,,,,,,,,,,,,,,,,,,,,,,,,,,,,,,,,,
97.77659183301148,unswapping,,,,,,,,,,,,,,,,,,,,,,,,,,,,,,,,,,,,,,,,,,,,,,,128,4,111136,2344,222,56,0,both,1,27,27,11,16,,,,,0,,,,,,,,,,,,,,,,,,,,,,,,,,,,,,,,,,,
97.97518379100075,unswapping,,,,,,,,,,,,,,,,,,,,,,,,,,,,,,,,,,,,,,,,,,,,,,,32,4,56672,1816,222,56,0,left,0,28,28,10,26,,,,,20,,,,,,,,,,,,,,,,,,,,,,,,,,,,,,,,,,,
98.09713304101024,unswapping,,,,,,,,,,,,,,,,,,,,,,,,,,,,,,,,,,,,,,,,,,,,,,,32,4,38040,1514,222,56,0,left,1,27,27,12,38,,,,,44,,,,,,,,,,,,,,,,,,,,,,,,,,,,,,,,,,,
98.19139279100636,unswapping,,,,,,,,,,,,,,,,,,,,,,,,,,,,,,,,,,,,,,,,,,,,,,,32,4,32880,1366,222,56,0,right,0,28,28,8,46,,,,,52,,,,,,,,,,,,,,,,,,,,,,,,,,,,,,,,,,,
98.27859808300855,unswapping,,,,,,,,,,,,,,,,,,,,,,,,,,,,,,,,,,,,,,,,,,,,,,,32,4,30104,1286,222,56,0,right,1,27,27,7,53,,,,,62,,,,,,,,,,,,,,,,,,,,,,,,,,,,,,,,,,,
98.44249924999895,unswapping,,,,,,,,,,,,,,,,,,,,,,,,,,,,,,,,,,,,,,,,,,,,,,,32,4,24392,1186,222,56,1,both,0,28,28,7,7,,,,,76,,,,,,,,,,,,,,,,,,,,,,,,,,,,,,,,,,,
98.59012762500788,unswapping,,,,,,,,,,,,,,,,,,,,,,,,,,,,,,,,,,,,,,,,,,,,,,,32,4,16344,1046,222,56,1,both,1,27,27,7,14,,,,,90,,,,,,,,,,,,,,,,,,,,,,,,,,,,,,,,,,,
98.66118395800004,unswapping,,,,,,,,,,,,,,,,,,,,,,,,,,,,,,,,,,,,,,,,,,,,,,,16,4,12120,940,222,56,1,left,0,28,28,7,21,,,,,102,,,,,,,,,,,,,,,,,,,,,,,,,,,,,,,,,,,
98.72764370799996,unswapping,,,,,,,,,,,,,,,,,,,,,,,,,,,,,,,,,,,,,,,,,,,,,,,16,4,10136,882,222,56,1,left,1,27,27,5,26,,,,,106,,,,,,,,,,,,,,,,,,,,,,,,,,,,,,,,,,,
98.78791216600803,unswapping,,,,,,,,,,,,,,,,,,,,,,,,,,,,,,,,,,,,,,,,,,,,,,,16,4,9600,862,222,56,1,right,0,28,28,2,28,,,,,108,,,,,,,,,,,,,,,,,,,,,,,,,,,,,,,,,,,
98.81743333300983,unswapping,,,,,,,,,,,,,,,,,,,,,,,,,,,,,,,,,,,,,,,,,,,,,,,16,4,9600,862,222,56,1,right,1,27,27,0,28,,,,,108,,,,,,,,,,,,,,,,,,,,,,,,,,,,,,,,,,,
98.99580016601249,unswapping,,,,,,,,,,,,,,,,,,,,,,,,,,,,,,,,,,,,,,,,,,,,,,,16,4,8324,816,222,56,2,both,0,28,28,5,5,,,,,116,,,,,,,,,,,,,,,,,,,,,,,,,,,,,,,,,,,
99.10332416600431,unswapping,,,,,,,,,,,,,,,,,,,,,,,,,,,,,,,,,,,,,,,,,,,,,,,16,4,7368,778,222,56,2,both,1,27,27,4,9,,,,,126,,,,,,,,,,,,,,,,,,,,,,,,,,,,,,,,,,,
99.15007654100191,unswapping,,,,,,,,,,,,,,,,,,,,,,,,,,,,,,,,,,,,,,,,,,,,,,,16,4,7328,774,222,56,2,left,0,28,28,1,10,,,,,128,,,,,,,,,,,,,,,,,,,,,,,,,,,,,,,,,,,
99.17688829101098,unswapping,,,,,,,,,,,,,,,,,,,,,,,,,,,,,,,,,,,,,,,,,,,,,,,16,4,7328,774,222,56,2,left,1,27,27,0,10,,,,,128,,,,,,,,,,,,,,,,,,,,,,,,,,,,,,,,,,,
99.20334975000878,unswapping,,,,,,,,,,,,,,,,,,,,,,,,,,,,,,,,,,,,,,,,,,,,,,,16,4,7328,774,222,56,2,right,0,28,28,0,10,,,,,128,,,,,,,,,,,,,,,,,,,,,,,,,,,,,,,,,,,
99.26049566600705,unswapping,,,,,,,,,,,,,,,,,,,,,,,,,,,,,,,,,,,,,,,,,,,,,,,16,4,6912,758,222,56,2,right,1,27,27,2,12,,,,,128,,,,,,,,,,,,,,,,,,,,,,,,,,,,,,,,,,,
99.36251904100936,unswapping,,,,,,,,,,,,,,,,,,,,,,,,,,,,,,,,,,,,,,,,,,,,,,,16,4,6528,742,222,56,3,both,0,28,28,2,2,,,,,128,,,,,,,,,,,,,,,,,,,,,,,,,,,,,,,,,,,
99.46411887501017,unswapping,,,,,,,,,,,,,,,,,,,,,,,,,,,,,,,,,,,,,,,,,,,,,,,16,4,6336,730,222,56,3,both,1,27,27,1,3,,,,,132,,,,,,,,,,,,,,,,,,,,,,,,,,,,,,,,,,,
99.48973700001079,unswapping,,,,,,,,,,,,,,,,,,,,,,,,,,,,,,,,,,,,,,,,,,,,,,,16,4,6336,730,222,56,3,left,0,28,28,0,3,,,,,132,,,,,,,,,,,,,,,,,,,,,,,,,,,,,,,,,,,
99.51590941600443,unswapping,,,,,,,,,,,,,,,,,,,,,,,,,,,,,,,,,,,,,,,,,,,,,,,16,4,6336,730,222,56,3,left,1,27,27,0,3,,,,,132,,,,,,,,,,,,,,,,,,,,,,,,,,,,,,,,,,,
99.56104400000186,unswapping,,,,,,,,,,,,,,,,,,,,,,,,,,,,,,,,,,,,,,,,,,,,,,,16,4,6144,722,222,56,3,right,0,28,28,1,4,,,,,132,,,,,,,,,,,,,,,,,,,,,,,,,,,,,,,,,,,
99.58627333299955,unswapping,,,,,,,,,,,,,,,,,,,,,,,,,,,,,,,,,,,,,,,,,,,,,,,16,4,6144,722,222,56,3,right,1,27,27,0,4,,,,,132,,,,,,,,,,,,,,,,,,,,,,,,,,,,,,,,,,,
99.6358349580114,unswapping,,,,,,,,,,,,,,,,,,,,,,,,,,,,,,,,,,,,,,,,,,,,,,,16,4,6144,722,222,56,4,both,0,28,28,0,0,,,,,132,,,,,,,,,,,,,,,,,,,,,,,,,,,,,,,,,,,
99.68596616599825,unswapping,,,,,,,,,,,,,,,,,,,,,,,,,,,,,,,,,,,,,,,,,,,,,,,16,4,6144,722,222,56,4,both,1,27,27,0,0,,,,,132,,,,,,,,,,,,,,,,,,,,,,,,,,,,,,,,,,,
99.71133750000445,unswapping,,,,,,,,,,,,,,,,,,,,,,,,,,,,,,,,,,,,,,,,,,,,,,,16,4,6144,722,222,56,4,left,0,28,28,0,0,,,,,132,,,,,,,,,,,,,,,,,,,,,,,,,,,,,,,,,,,
99.73681545800355,unswapping,,,,,,,,,,,,,,,,,,,,,,,,,,,,,,,,,,,,,,,,,,,,,,,16,4,6144,722,222,56,4,left,1,27,27,0,0,,,,,132,,,,,,,,,,,,,,,,,,,,,,,,,,,,,,,,,,,
99.76222079100262,unswapping,,,,,,,,,,,,,,,,,,,,,,,,,,,,,,,,,,,,,,,,,,,,,,,16,4,6144,722,222,56,4,right,0,28,28,0,0,,,,,132,,,,,,,,,,,,,,,,,,,,,,,,,,,,,,,,,,,
99.78718062500411,unswapping,,,,,,,,,,,,,,,,,,,,,,,,,,,,,,,,,,,,,,,,,,,,,,,16,4,6144,722,222,56,4,right,1,27,27,0,0,,,,,132,,,,,,,,,,,,,,,,,,,,,,,,,,,,,,,,,,,
100.37493208301021,unswap_cycle_summary,,,,,,,,,,,,22,38,60,,,,,,,,,,,,,,,,,,,512,0.0006,,,,,,,,,,,,,16,4,6144,722,222,56,,,,,,,,,,,,,,,,,,,,9,4.2384684160060715,60,1885,1825,15,False,,,,,,,,,,,,,,,,,,,,,
102.28981783300696,rewiring,left,post_unswap,1.894167499995092,1422,False,False,,,,,,,,,,,,,,,,,,,,,,,,,,,,,,,,,,,,,,,,,,,,,,,,,,,,,,,,,,,,,,,,,,9,,,,,,,20,False,15,1,none,0.0,123,1.894160958006978,3.5208371660119155,,,,,,,,,,,,
103.91617445800512,rewiring,right,post_unswap,1.6261052079935325,1559,False,False,,,,,,,,,,,,,,,,,,,,,,,,,,,,,,,,,,,,,,,,,,,,,,,,,,,,,,,,,,,,,,,,,,9,,,,,,,20,False,15,1,none,0.0,123,1.626100416004192,3.5208371660119155,,,,,,,,,,,,
103.95745920800255,cycle_progress,,,,,,,,,,,,22,38,60,,,,,,,,,,,,,,,,,,,512,0.0006,,3260,0,,,,,,,,,,16,4,6144,722,222,56,,,,,,,,,,,,,,,,,,,,9,,60,1885,1825,15,False,,,,,,,,,3.5208371660119155,,,,,,,,,,,,
104.04434570801095,absorbing,,,,,,,L,1,0,1458,1595,22,38,60,13,0,0,0.03153491599368863,0.03129312500823289,0.06282804100192152,0.06381008299649693,6144,7764,16,16,False,False,False,False,6144,16,False,512,0.0006,128,6144,0,total_elems,6144,7764,1,1,,,,0.0,16,4,6144,722,222,56,,,,,,,,,,,,,,,,,,,,,,,,,,,,,,,,,,,,,,,,,,,,,,,
104.13060395800858,absorbing,,,,,,,R,1,1,1458,1595,22,39,61,11,1,1,0.031680250001954846,0.031312084000092,0.06299233400204685,0.06367804099863861,8276,7764,16,16,False,False,False,False,7764,16,False,512,0.0006,128,6144,0,total_elems,8276,7764,1,1,,,,0.0,16,4,7764,812,222,56,,,,,,,,,,,,,,,,,,,,,,,,,,,,,,,,,,,,,,,,,,,,,,,
104.21985275000043,absorbing,,,,,,,L,2,1,1458,1595,22,39,61,16,0,1,0.031854290995397605,0.033485915992059745,0.06534020698745735,0.06599287499557249,9148,11392,16,16,False,False,False,False,9148,16,False,512,0.0006,128,6144,0,total_elems,9148,11392,1,1,,,,0.0,16,4,9148,876,222,56,,,,,,,,,,,,,,,,,,,,,,,,,,,,,,,,,,,,,,,,,,,,,,,
104.31104695799877,absorbing,,,,,,,R,2,2,1458,1595,22,41,63,10,2,3,0.034248042007675394,0.03333091699460056,0.06757895900227595,0.06823420801083557,20280,12484,32,16,False,False,False,False,12484,16,False,512,0.0006,128,6144,0,total_elems,20280,12484,1,1,,,,0.0,16,4,12484,978,222,56,,,,,,,,,,,,,,,,,,,,,,,,,,,,,,,,,,,,,,,,,,,,,,,
104.4052460410021,absorbing,,,,,,,R,2,3,1458,1595,22,43,65,10,2,5,0.03550850000465289,0.035051375001785345,0.07055987500643823,0.07124670800112654,24352,17316,32,32,False,False,False,False,17316,32,False,512,0.0006,128,6144,0,total_elems,24352,17316,1,1,,,,0.0,32,4,17316,1122,222,56,,,,,,,,,,,,,,,,,,,,,,,,,,,,,,,,,,,,,,,,,,,,,,,
104.50104025000473,absorbing,,,,,,,R,2,4,1458,1595,22,44,66,9,1,6,0.036783415998797864,0.035204333005822264,0.07198774900462013,0.07265254198864568,30880,25540,32,32,False,False,False,False,25540,32,False,512,0.0006,128,6144,0,total_elems,30880,25540,1,1,,,,0.0,32,4,25540,1254,222,56,,,,,,,,,,,,,,,,,,,,,,,,,,,,,,,,,,,,,,,,,,,,,,,
104.60777512501227,absorbing,,,,,,,R,2,5,1458,1595,22,46,68,8,2,8,0.04221483299625106,0.038100833000498824,0.08031566599674989,0.08096949999162462,40352,29796,64,32,False,False,False,False,29796,32,False,512,0.0006,128,6144,0,total_elems,40352,29796,1,1,,,,0.0,32,4,29796,1342,222,56,,,,,,,,,,,,,,,,,,,,,,,,,,,,,,,,,,,,,,,,,,,,,,,
104.71548675000668,absorbing,,,,,,,R,2,6,1458,1595,22,47,69,6,1,9,0.046094999997876585,0.03726566699333489,0.08336066699121147,0.08406233300047461,49024,34500,64,32,False,False,False,False,34500,32,False,512,0.0006,128,6144,0,total_elems,49024,34500,1,1,,,,0.0,32,4,34500,1436,222,56,,,,,,,,,,,,,,,,,,,,,,,,,,,,,,,,,,,,,,,,,,,,,,,
104.83301375000156,absorbing,,,,,,,R,2,7,1458,1595,22,48,70,8,1,10,0.04970074999437202,0.043603875004919246,0.09330462499929126,0.09397070801060181,59264,47684,64,64,False,False,False,False,47684,64,False,512,0.0006,128,6144,0,total_elems,59264,47684,1,1,,,,0.0,64,4,47684,1644,222,56,,,,,,,,,,,,,,,,,,,,,,,,,,,,,,,,,,,,,,,,,,,,,,,
104.96400970801187,absorbing,,,,,,,R,2,8,1458,1595,22,49,71,7,1,11,0.05794962499930989,0.04913720799959265,0.10708683299890254,0.10776904199155979,78592,61252,64,64,False,False,False,False,61252,64,False,512,0.0006,128,6144,0,total_elems,78592,61252,1,1,,,,0.0,64,4,61252,1820,222,56,,,,,,,,,,,,,,,,,,,,,,,,,,,,,,,,,,,,,,,,,,,,,,,
105.1034865410038,absorbing,,,,,,,R,2,9,1458,1595,22,49,71,6,0,11,0.06672108299972024,0.048505875005503185,0.11522695800522342,0.11590108300151769,97152,81988,64,64,False,False,False,False,81988,64,False,512,0.0006,128,6144,0,total_elems,97152,81988,1,1,,,,0.0,64,4,81988,2076,222,56,,,,,,,,,,,,,,,,,,,,,,,,,,,,,,,,,,,,,,,,,,,,,,,
105.26400508300867,absorbing,,,,,,,R,2,10,1458,1595,22,49,71,6,0,11,0.0787070839869557,0.057156832990585826,0.13586391697754152,0.13653662499564234,124800,115328,64,64,False,False,False,False,115328,64,False,512,0.0006,128,6144,0,total_elems,124800,115328,1,1,,,,0.0,64,4,115328,2306,222,56,,,,,,,,,,,,,,,,,,,,,,,,,,,,,,,,,,,,,,,,,,,,,,,
105.43638995800575,absorbing,,,,,,,R,2,11,1458,1595,22,49,71,5,0,11,0.08716670901048928,0.0608666249900125,0.14803333400050178,0.1486938750022091,147168,123872,64,64,False,False,False,False,123872,64,False,512,0.0006,128,6144,0,total_elems,147168,123872,1,1,,,,0.0,64,4,123872,2400,222,56,,,,,,,,,,,,,,,,,,,,,,,,,,,,,,,,,,,,,,,,,,,,,,,
105.62163587500982,absorbing,,,,,,,R,2,12,1458,1595,22,50,72,5,1,12,0.0937359999952605,0.06681733300501946,0.16055333300027996,0.16122295800596476,162144,157024,64,64,False,False,False,False,157024,64,False,512,0.0006,128,6144,0,total_elems,162144,157024,1,1,,,,0.0,64,4,157024,2744,222,56,,,,,,,,,,,,,,,,,,,,,,,,,,,,,,,,,,,,,,,,,,,,,,,
105.87123020800937,absorbing,,,,,,,L,3,12,1458,1595,22,50,72,18,0,12,0.11402749999251682,0.11093358299694955,0.22496108298946638,0.2256434159935452,207200,213728,64,128,False,False,False,False,207200,64,False,512,0.0006,128,6144,0,total_elems,207200,213728,1,1,,,,0.0,64,4,207200,3160,222,56,,,,,,,,,,,,,,,,,,,,,,,,,,,,,,,,,,,,,,,,,,,,,,,
106.26127404101135,absorbing,,,,,,,R,3,13,1458,1595,22,50,72,7,0,12,0.22475737500644755,0.140677791001508,0.36543516600795556,0.36617037499672733,352032,285984,128,128,False,False,False,False,285984,128,False,512,0.0006,128,6144,0,total_elems,352032,285984,1,1,,,,0.0,128,4,285984,3520,222,56,,,,,,,,,,,,,,,,,,,,,,,,,,,,,,,,,,,,,,,,,,,,,,,
106.70784591601114,absorbing,,,,,,,R,3,14,1458,1595,22,51,73,7,1,13,0.27001650001329836,0.15191600000252947,0.4219325000158278,0.422656916998676,465184,362016,128,128,False,False,False,False,362016,128,False,512,0.0006,128,6144,0,total_elems,465184,362016,1,1,,,,0.0,128,4,362016,4072,222,56,,,,,,,,,,,,,,,,,,,,,,,,,,,,,,,,,,,,,,,,,,,,,,,
107.25867779100372,absorbing,,,,,,,R,3,15,1458,1595,22,52,74,7,1,14,0.33952349999162834,0.18680404100450687,0.5263275409961352,0.5270463750057388,589600,461856,128,128,False,False,False,False,461856,128,False,512,0.0006,128,6144,0,total_elems,589600,461856,1,1,,,,0.0,128,4,461856,4664,222,56,,,,,,,,,,,,,,,,,,,,,,,,,,,,,,,,,,,,,,,,,,,,,,,
112.48422045800544,unswapping,,,,,,,,,,,,,,,,,,,,,,,,,,,,,,,,,,,,,,,,,,,,,,,256,4,641824,5128,222,56,0,both,0,28,28,5,5,,,,,0,,,,,,,,,,,,,,,,,,,,,,,,,,,,,,,,,,,
114.31752120800957,unswapping,,,,,,,,,,,,,,,,,,,,,,,,,,,,,,,,,,,,,,,,,,,,,,,128,4,291488,3864,222,56,0,both,1,27,27,13,18,,,,,0,,,,,,,,,,,,,,,,,,,,,,,,,,,,,,,,,,,
114.75548575000721,unswapping,,,,,,,,,,,,,,,,,,,,,,,,,,,,,,,,,,,,,,,,,,,,,,,64,4,183968,3144,222,56,0,left,0,28,28,9,27,,,,,18,,,,,,,,,,,,,,,,,,,,,,,,,,,,,,,,,,,
115.0816444580123,unswapping,,,,,,,,,,,,,,,,,,,,,,,,,,,,,,,,,,,,,,,,,,,,,,,64,4,98304,2484,222,56,0,left,1,27,27,15,42,,,,,48,,,,,,,,,,,,,,,,,,,,,,,,,,,,,,,,,,,
115.22650079100276,unswapping,,,,,,,,,,,,,,,,,,,,,,,,,,,,,,,,,,,,,,,,,,,,,,,32,4,70632,2064,222,56,0,right,0,28,28,8,50,,,,,56,,,,,,,,,,,,,,,,,,,,,,,,,,,,,,,,,,,
115.37426645800588,unswapping,,,,,,,,,,,,,,,,,,,,,,,,,,,,,,,,,,,,,,,,,,,,,,,32,4,57512,1872,222,56,0,right,1,27,27,9,59,,,,,72,,,,,,,,,,,,,,,,,,,,,,,,,,,,,,,,,,,
115.58556166601193,unswapping,,,,,,,,,,,,,,,,,,,,,,,,,,,,,,,,,,,,,,,,,,,,,,,32,4,45068,1590,222,56,1,both,0,28,28,12,12,,,,,102,,,,,,,,,,,,,,,,,,,,,,,,,,,,,,,,,,,
115.77679820801131,unswapping,,,,,,,,,,,,,,,,,,,,,,,,,,,,,,,,,,,,,,,,,,,,,,,32,4,40844,1502,222,56,1,both,1,27,27,4,16,,,,,100,,,,,,,,,,,,,,,,,,,,,,,,,,,,,,,,,,,
115.87466987500375,unswapping,,,,,,,,,,,,,,,,,,,,,,,,,,,,,,,,,,,,,,,,,,,,,,,32,4,37068,1418,222,56,1,left,0,28,28,5,21,,,,,106,,,,,,,,,,,,,,,,,,,,,,,,,,,,,,,,,,,
115.96531845800928,unswapping,,,,,,,,,,,,,,,,,,,,,,,,,,,,,,,,,,,,,,,,,,,,,,,32,4,34732,1370,222,56,1,left,1,27,27,4,25,,,,,108,,,,,,,,,,,,,,,,,,,,,,,,,,,,,,,,,,,
116.05347016600717,unswapping,,,,,,,,,,,,,,,,,,,,,,,,,,,,,,,,,,,,,,,,,,,,,,,32,4,32356,1310,222,56,1,right,0,28,28,4,29,,,,,108,,,,,,,,,,,,,,,,,,,,,,,,,,,,,,,,,,,
116.13688891600759,unswapping,,,,,,,,,,,,,,,,,,,,,,,,,,,,,,,,,,,,,,,,,,,,,,,32,4,30228,1242,222,56,1,right,1,27,27,4,33,,,,,116,,,,,,,,,,,,,,,,,,,,,,,,,,,,,,,,,,,
116.29440704100125,unswapping,,,,,,,,,,,,,,,,,,,,,,,,,,,,,,,,,,,,,,,,,,,,,,,32,4,29796,1222,222,56,2,both,0,28,28,3,3,,,,,114,,,,,,,,,,,,,,,,,,,,,,,,,,,,,,,,,,,
116.38499450001109,unswapping,,,,,,,,,,,,,,,,,,,,,,,,,,,,,,,,,,,,,,,,,,,,,,,32,4,29796,1222,222,56,2,both,1,27,27,0,3,,,,,114,,,,,,,,,,,,,,,,,,,,,,,,,,,,,,,,,,,
116.4683515830111,unswapping,,,,,,,,,,,,,,,,,,,,,,,,,,,,,,,,,,,,,,,,,,,,,,,32,4,28356,1170,222,56,2,left,0,28,28,3,6,,,,,118,,,,,,,,,,,,,,,,,,,,,,,,,,,,,,,,,,,
116.54593466600636,unswapping,,,,,,,,,,,,,,,,,,,,,,,,,,,,,,,,,,,,,,,,,,,,,,,32,4,27844,1154,222,56,2,left,1,27,27,1,7,,,,,120,,,,,,,,,,,,,,,,,,,,,,,,,,,,,,,,,,,
116.62450887500017,unswapping,,,,,,,,,,,,,,,,,,,,,,,,,,,,,,,,,,,,,,,,,,,,,,,32,4,27652,1146,222,56,2,right,0,28,28,1,8,,,,,120,,,,,,,,,,,,,,,,,,,,,,,,,,,,,,,,,,,
116.6909470410028,unswapping,,,,,,,,,,,,,,,,,,,,,,,,,,,,,,,,,,,,,,,,,,,,,,,32,4,27524,1138,222,56,2,right,1,27,27,1,9,,,,,122,,,,,,,,,,,,,,,,,,,,,,,,,,,,,,,,,,,
116.78353200000129,unswapping,,,,,,,,,,,,,,,,,,,,,,,,,,,,,,,,,,,,,,,,,,,,,,,32,4,27524,1138,222,56,3,both,0,28,28,0,0,,,,,122,,,,,,,,,,,,,,,,,,,,,,,,,,,,,,,,,,,
116.87080729100853,unswapping,,,,,,,,,,,,,,,,,,,,,,,,,,,,,,,,,,,,,,,,,,,,,,,32,4,27524,1138,222,56,3,both,1,27,27,0,0,,,,,122,,,,,,,,,,,,,,,,,,,,,,,,,,,,,,,,,,,
116.91596508301154,unswapping,,,,,,,,,,,,,,,,,,,,,,,,,,,,,,,,,,,,,,,,,,,,,,,32,4,27524,1138,222,56,3,left,0,28,28,0,0,,,,,122,,,,,,,,,,,,,,,,,,,,,,,,,,,,,,,,,,,
116.95831408300728,unswapping,,,,,,,,,,,,,,,,,,,,,,,,,,,,,,,,,,,,,,,,,,,,,,,32,4,27524,1138,222,56,3,left,1,27,27,0,0,,,,,122,,,,,,,,,,,,,,,,,,,,,,,,,,,,,,,,,,,
117.00367737500346,unswapping,,,,,,,,,,,,,,,,,,,,,,,,,,,,,,,,,,,,,,,,,,,,,,,32,4,27524,1138,222,56,3,right,0,28,28,0,0,,,,,122,,,,,,,,,,,,,,,,,,,,,,,,,,,,,,,,,,,
117.04604204100906,unswapping,,,,,,,,,,,,,,,,,,,,,,,,,,,,,,,,,,,,,,,,,,,,,,,32,4,27524,1138,222,56,3,right,1,27,27,0,0,,,,,122,,,,,,,,,,,,,,,,,,,,,,,,,,,,,,,,,,,
117.56537462500273,unswap_cycle_summary,,,,,,,,,,,,22,52,74,,,,,,,,,,,,,,,,,,,512,0.0006,,,,,,,,,,,,,32,4,27524,1138,222,56,,,,,,,,,,,,,,,,,,,,10,9.088117500010412,74,1885,1811,14,False,,,,,,,,,,,,,,,,,,,,,
119.88798737501202,rewiring,left,post_unswap,2.2997690420015715,1457,False,False,,,,,,,,,,,,,,,,,,,,,,,,,,,,,,,,,,,,,,,,,,,,,,,,,,,,,,,,,,,,,,,,,,10,,,,,,,20,False,14,1,none,0.0,123,2.299758708002628,3.4856605829991167,,,,,,,,,,,,
121.07340262499929,rewiring,right,post_unswap,1.1851501250057481,1582,False,False,,,,,,,,,,,,,,,,,,,,,,,,,,,,,,,,,,,,,,,,,,,,,,,,,,,,,,,,,,,,,,,,,,10,,,,,,,20,False,14,1,none,0.0,123,1.185143041991978,3.4856605829991167,,,,,,,,,,,,
121.11749375000363,cycle_progress,,,,,,,,,,,,22,52,74,,,,,,,,,,,,,,,,,,,512,0.0006,,6144,0,,,,,,,,,,32,4,27524,1138,222,56,,,,,,,,,,,,,,,,,,,,10,,74,1885,1811,14,False,,,,,,,,,3.4856605829991167,,,,,,,,,,,,
121.21486237501085,absorbing,,,,,,,L,1,0,1458,1502,22,52,74,14,0,0,0.035184874999686144,0.03612045799673069,0.07130533299641684,0.0722469999891473,27524,29644,32,32,False,False,False,False,27524,32,False,512,0.0006,128,27524,0,total_elems,27524,29644,1,1,,,,0.0,32,4,27524,1138,222,56,,,,,,,,,,,,,,,,,,,,,,,,,,,,,,,,,,,,,,,,,,,,,,,
121.31808912500856,absorbing,,,,,,,R,1,1,1458,1502,22,54,76,7,2,2,0.04176654099137522,0.03588125000533182,0.07764779099670704,0.07834279199596494,32184,29644,32,32,False,False,False,False,29644,32,False,512,0.0006,128,27524,0,total_elems,32184,29644,1,1,,,,0.0,32,4,29644,1238,222,56,,,,,,,,,,,,,,,,,,,,,,,,,,,,,,,,,,,,,,,,,,,,,,,
121.42391295800917,absorbing,,,,,,,L,2,1,1458,1502,23,54,77,15,1,3,0.04262070800177753,0.03770462499232963,0.08032533299410716,0.08098070800770074,34528,39332,32,32,False,False,False,False,34528,32,False,512,0.0006,128,27524,0,total_elems,34528,39332,1,1,,,,0.0,32,4,34528,1412,222,56,,,,,,,,,,,,,,,,,,,,,,,,,,,,,,,,,,,,,,,,,,,,,,,
121.53577066599973,absorbing,,,,,,,R,2,2,1458,1502,23,55,78,9,1,4,0.04620733299816493,0.039849084001616575,0.0860564169997815,0.08676474999811035,59168,46496,64,32,False,False,False,False,46496,32,False,512,0.0006,128,27524,0,total_elems,59168,46496,1,1,,,,0.0,32,4,46496,1600,222,56,,,,,,,,,,,,,,,,,,,,,,,,,,,,,,,,,,,,,,,,,,,,,,,
121.6604822500085,absorbing,,,,,,,L,3,2,1458,1502,24,55,79,14,1,5,0.052569125007721595,0.0464248329953989,0.0989939580031205,0.0996293749922188,66272,69536,32,64,False,False,False,False,66272,32,False,512,0.0006,128,27524,0,total_elems,66272,69536,1,1,,,,0.0,32,4,66272,1904,222,56,,,,,,,,,,,,,,,,,,,,,,,,,,,,,,,,,,,,,,,,,,,,,,,
121.80483325000387,absorbing,,,,,,,R,3,3,1458,1502,24,55,79,11,0,5,0.05963562500255648,0.05877725000027567,0.11841287500283215,0.11913279099098872,109088,86240,64,64,False,False,False,False,86240,64,False,512,0.0006,128,27524,0,total_elems,109088,86240,1,1,,,,0.0,64,4,86240,2216,222,56,,,,,,,,,,,,,,,,,,,,,,,,,,,,,,,,,,,,,,,,,,,,,,,
121.97574958301266,absorbing,,,,,,,R,3,4,1458,1502,24,57,81,12,2,7,0.06940562500676606,0.07577654199849349,0.14518216700525954,0.14584304200252518,132512,126944,64,64,False,False,False,False,126944,64,False,512,0.0006,128,27524,0,total_elems,132512,126944,1,1,,,,0.0,64,4,126944,2592,222,56,,,,,,,,,,,,,,,,,,,,,,,,,,,,,,,,,,,,,,,,,,,,,,,
122.17254891600169,absorbing,,,,,,,L,4,4,1458,1502,24,57,81,18,0,7,0.07903962500859052,0.09163362499384675,0.17067325000243727,0.17134091700427234,177568,232416,64,128,False,False,False,False,177568,64,False,512,0.0006,128,27524,0,total_elems,177568,232416,1,1,,,,0.0,64,4,177568,3088,222,56,,,,,,,,,,,,,,,,,,,,,,,,,,,,,,,,,,,,,,,,,,,,,,,
122.49195745801262,absorbing,,,,,,,L,5,4,1458,1502,26,57,83,13,2,9,0.16262395899684634,0.130714209008147,0.29333816800499335,0.2940647499926854,304544,379808,128,256,False,False,False,False,304544,128,False,512,0.0006,128,27524,0,total_elems,304544,379808,1,1,,,,0.0,128,4,304544,4072,222,56,,,,,,,,,,,,,,,,,,,,,,,,,,,,,,,,,,,,,,,,,,,,,,,
125.2888722080097,unswapping,,,,,,,,,,,,,,,,,,,,,,,,,,,,,,,,,,,,,,,,,,,,,,,256,4,586656,5152,222,56,0,both,0,28,28,2,2,,,,,0,,,,,,,,,,,,,,,,,,,,,,,,,,,,,,,,,,,
126.85069066600408,unswapping,,,,,,,,,,,,,,,,,,,,,,,,,,,,,,,,,,,,,,,,,,,,,,,128,4,279456,3728,222,56,0,both,1,27,27,10,12,,,,,0,,,,,,,,,,,,,,,,,,,,,,,,,,,,,,,,,,,
127.24777533300221,unswapping,,,,,,,,,,,,,,,,,,,,,,,,,,,,,,,,,,,,,,,,,,,,,,,64,4,152352,2904,222,56,0,left,0,28,28,10,22,,,,,20,,,,,,,,,,,,,,,,,,,,,,,,,,,,,,,,,,,
127.51714991600602,unswapping,,,,,,,,,,,,,,,,,,,,,,,,,,,,,,,,,,,,,,,,,,,,,,,64,4,84640,2312,222,56,0,left,1,27,27,12,34,,,,,44,,,,,,,,,,,,,,,,,,,,,,,,,,,,,,,,,,,
127.66307633300312,unswapping,,,,,,,,,,,,,,,,,,,,,,,,,,,,,,,,,,,,,,,,,,,,,,,32,4,60000,1952,222,56,0,right,0,28,28,8,42,,,,,56,,,,,,,,,,,,,,,,,,,,,,,,,,,,,,,,,,,
127.79318550000608,unswapping,,,,,,,,,,,,,,,,,,,,,,,,,,,,,,,,,,,,,,,,,,,,,,,32,4,44000,1744,222,56,0,right,1,27,27,8,50,,,,,72,,,,,,,,,,,,,,,,,,,,,,,,,,,,,,,,,,,
127.98383591600577,unswapping,,,,,,,,,,,,,,,,,,,,,,,,,,,,,,,,,,,,,,,,,,,,,,,32,4,33048,1468,222,56,1,both,0,28,28,11,11,,,,,94,,,,,,,,,,,,,,,,,,,,,,,,,,,,,,,,,,,
128.1477822910092,unswapping,,,,,,,,,,,,,,,,,,,,,,,,,,,,,,,,,,,,,,,,,,,,,,,32,4,29528,1356,222,56,1,both,1,27,27,7,18,,,,,104,,,,,,,,,,,,,,,,,,,,,,,,,,,,,,,,,,,
128.23420800000895,unswapping,,,,,,,,,,,,,,,,,,,,,,,,,,,,,,,,,,,,,,,,,,,,,,,32,4,25560,1256,222,56,1,left,0,28,28,6,24,,,,,108,,,,,,,,,,,,,,,,,,,,,,,,,,,,,,,,,,,
128.312618750002,unswapping,,,,,,,,,,,,,,,,,,,,,,,,,,,,,,,,,,,,,,,,,,,,,,,32,4,22312,1160,222,56,1,left,1,27,27,6,30,,,,,120,,,,,,,,,,,,,,,,,,,,,,,,,,,,,,,,,,,
128.38490150000143,unswapping,,,,,,,,,,,,,,,,,,,,,,,,,,,,,,,,,,,,,,,,,,,,,,,32,4,21792,1132,222,56,1,right,0,28,28,3,33,,,,,120,,,,,,,,,,,,,,,,,,,,,,,,,,,,,,,,,,,
128.44514375001017,unswapping,,,,,,,,,,,,,,,,,,,,,,,,,,,,,,,,,,,,,,,,,,,,,,,32,4,21408,1120,222,56,1,right,1,27,27,1,34,,,,,120,,,,,,,,,,,,,,,,,,,,,,,,,,,,,,,,,,,
128.5865842080093,unswapping,,,,,,,,,,,,,,,,,,,,,,,,,,,,,,,,,,,,,,,,,,,,,,,32,4,19636,1070,222,56,2,both,0,28,28,6,6,,,,,122,,,,,,,,,,,,,,,,,,,,,,,,,,,,,,,,,,,
128.7157842500019,unswapping,,,,,,,,,,,,,,,,,,,,,,,,,,,,,,,,,,,,,,,,,,,,,,,32,4,16260,986,222,56,2,both,1,27,27,5,11,,,,,130,,,,,,,,,,,,,,,,,,,,,,,,,,,,,,,,,,,
128.78337200000533,unswapping,,,,,,,,,,,,,,,,,,,,,,,,,,,,,,,,,,,,,,,,,,,,,,,32,4,15108,938,222,56,2,left,0,28,28,4,15,,,,,134,,,,,,,,,,,,,,,,,,,,,,,,,,,,,,,,,,,
128.84941333300958,unswapping,,,,,,,,,,,,,,,,,,,,,,,,,,,,,,,,,,,,,,,,,,,,,,,32,4,14884,926,222,56,2,left,1,27,27,2,17,,,,,134,,,,,,,,,,,,,,,,,,,,,,,,,,,,,,,,,,,
128.88104533300793,unswapping,,,,,,,,,,,,,,,,,,,,,,,,,,,,,,,,,,,,,,,,,,,,,,,32,4,14884,926,222,56,2,right,0,28,28,0,17,,,,,134,,,,,,,,,,,,,,,,,,,,,,,,,,,,,,,,,,,
128.93440608300443,unswapping,,,,,,,,,,,,,,,,,,,,,,,,,,,,,,,,,,,,,,,,,,,,,,,32,4,14724,918,222,56,2,right,1,27,27,1,18,,,,,136,,,,,,,,,,,,,,,,,,,,,,,,,,,,,,,,,,,
129.05379925000307,unswapping,,,,,,,,,,,,,,,,,,,,,,,,,,,,,,,,,,,,,,,,,,,,,,,32,4,14548,906,222,56,3,both,0,28,28,2,2,,,,,140,,,,,,,,,,,,,,,,,,,,,,,,,,,,,,,,,,,
129.17142458300805,unswapping,,,,,,,,,,,,,,,,,,,,,,,,,,,,,,,,,,,,,,,,,,,,,,,32,4,14536,904,222,56,3,both,1,27,27,1,3,,,,,140,,,,,,,,,,,,,,,,,,,,,,,,,,,,,,,,,,,
129.23568120801065,unswapping,,,,,,,,,,,,,,,,,,,,,,,,,,,,,,,,,,,,,,,,,,,,,,,32,4,14472,900,222,56,3,left,0,28,28,1,4,,,,,138,,,,,,,,,,,,,,,,,,,,,,,,,,,,,,,,,,,
129.2680310410069,unswapping,,,,,,,,,,,,,,,,,,,,,,,,,,,,,,,,,,,,,,,,,,,,,,,32,4,14472,900,222,56,3,left,1,27,27,0,4,,,,,138,,,,,,,,,,,,,,,,,,,,,,,,,,,,,,,,,,,
129.29977141600102,unswapping,,,,,,,,,,,,,,,,,,,,,,,,,,,,,,,,,,,,,,,,,,,,,,,32,4,14472,900,222,56,3,right,0,28,28,0,4,,,,,138,,,,,,,,,,,,,,,,,,,,,,,,,,,,,,,,,,,
129.33148695800628,unswapping,,,,,,,,,,,,,,,,,,,,,,,,,,,,,,,,,,,,,,,,,,,,,,,32,4,14472,900,222,56,3,right,1,27,27,0,4,,,,,138,,,,,,,,,,,,,,,,,,,,,,,,,,,,,,,,,,,
129.45033925000462,unswapping,,,,,,,,,,,,,,,,,,,,,,,,,,,,,,,,,,,,,,,,,,,,,,,32,4,14460,898,222,56,4,both,0,28,28,1,1,,,,,140,,,,,,,,,,,,,,,,,,,,,,,,,,,,,,,,,,,
129.55830866600445,unswapping,,,,,,,,,,,,,,,,,,,,,,,,,,,,,,,,,,,,,,,,,,,,,,,32,4,14412,894,222,56,4,both,1,27,27,1,2,,,,,138,,,,,,,,,,,,,,,,,,,,,,,,,,,,,,,,,,,
129.59111145800853,unswapping,,,,,,,,,,,,,,,,,,,,,,,,,,,,,,,,,,,,,,,,,,,,,,,32,4,14412,894,222,56,4,left,0,28,28,0,2,,,,,138,,,,,,,,,,,,,,,,,,,,,,,,,,,,,,,,,,,
129.62331608300155,unswapping,,,,,,,,,,,,,,,,,,,,,,,,,,,,,,,,,,,,,,,,,,,,,,,32,4,14412,894,222,56,4,left,1,27,27,0,2,,,,,138,,,,,,,,,,,,,,,,,,,,,,,,,,,,,,,,,,,
129.65480225000647,unswapping,,,,,,,,,,,,,,,,,,,,,,,,,,,,,,,,,,,,,,,,,,,,,,,32,4,14412,894,222,56,4,right,0,28,28,0,2,,,,,138,,,,,,,,,,,,,,,,,,,,,,,,,,,,,,,,,,,
129.68681354100408,unswapping,,,,,,,,,,,,,,,,,,,,,,,,,,,,,,,,,,,,,,,,,,,,,,,32,4,14412,894,222,56,4,right,1,27,27,0,2,,,,,138,,,,,,,,,,,,,,,,,,,,,,,,,,,,,,,,,,,
129.80549304099986,unswapping,,,,,,,,,,,,,,,,,,,,,,,,,,,,,,,,,,,,,,,,,,,,,,,32,4,14364,890,222,56,5,both,0,28,28,1,1,,,,,138,,,,,,,,,,,,,,,,,,,,,,,,,,,,,,,,,,,
129.8696381250047,unswapping,,,,,,,,,,,,,,,,,,,,,,,,,,,,,,,,,,,,,,,,,,,,,,,32,4,14364,890,222,56,5,both,1,27,27,0,1,,,,,138,,,,,,,,,,,,,,,,,,,,,,,,,,,,,,,,,,,
129.9017967079999,unswapping,,,,,,,,,,,,,,,,,,,,,,,,,,,,,,,,,,,,,,,,,,,,,,,32,4,14364,890,222,56,5,left,0,28,28,0,1,,,,,138,,,,,,,,,,,,,,,,,,,,,,,,,,,,,,,,,,,
129.93367520801257,unswapping,,,,,,,,,,,,,,,,,,,,,,,,,,,,,,,,,,,,,,,,,,,,,,,32,4,14364,890,222,56,5,left,1,27,27,0,1,,,,,138,,,,,,,,,,,,,,,,,,,,,,,,,,,,,,,,,,,
129.96518308301165,unswapping,,,,,,,,,,,,,,,,,,,,,,,,,,,,,,,,,,,,,,,,,,,,,,,32,4,14364,890,222,56,5,right,0,28,28,0,1,,,,,138,,,,,,,,,,,,,,,,,,,,,,,,,,,,,,,,,,,
129.99695850000717,unswapping,,,,,,,,,,,,,,,,,,,,,,,,,,,,,,,,,,,,,,,,,,,,,,,32,4,14364,890,222,56,5,right,1,27,27,0,1,,,,,138,,,,,,,,,,,,,,,,,,,,,,,,,,,,,,,,,,,
130.06166858300276,unswapping,,,,,,,,,,,,,,,,,,,,,,,,,,,,,,,,,,,,,,,,,,,,,,,32,4,14364,890,222,56,6,both,0,28,28,0,0,,,,,138,,,,,,,,,,,,,,,,,,,,,,,,,,,,,,,,,,,
130.12480166601017,unswapping,,,,,,,,,,,,,,,,,,,,,,,,,,,,,,,,,,,,,,,,,,,,,,,32,4,14364,890,222,56,6,both,1,27,27,0,0,,,,,138,,,,,,,,,,,,,,,,,,,,,,,,,,,,,,,,,,,
130.1568308749993,unswapping,,,,,,,,,,,,,,,,,,,,,,,,,,,,,,,,,,,,,,,,,,,,,,,32,4,14364,890,222,56,6,left,0,28,28,0,0,,,,,138,,,,,,,,,,,,,,,,,,,,,,,,,,,,,,,,,,,
130.188943458008,unswapping,,,,,,,,,,,,,,,,,,,,,,,,,,,,,,,,,,,,,,,,,,,,,,,32,4,14364,890,222,56,6,left,1,27,27,0,0,,,,,138,,,,,,,,,,,,,,,,,,,,,,,,,,,,,,,,,,,
130.2209497080039,unswapping,,,,,,,,,,,,,,,,,,,,,,,,,,,,,,,,,,,,,,,,,,,,,,,32,4,14364,890,222,56,6,right,0,28,28,0,0,,,,,138,,,,,,,,,,,,,,,,,,,,,,,,,,,,,,,,,,,
130.2529423750093,unswapping,,,,,,,,,,,,,,,,,,,,,,,,,,,,,,,,,,,,,,,,,,,,,,,32,4,14364,890,222,56,6,right,1,27,27,0,0,,,,,138,,,,,,,,,,,,,,,,,,,,,,,,,,,,,,,,,,,
131.2378045830119,unswap_cycle_summary,,,,,,,,,,,,26,57,83,,,,,,,,,,,,,,,,,,,512,0.0006,,,,,,,,,,,,,32,4,14364,890,222,56,,,,,,,,,,,,,,,,,,,,11,7.278230999989319,83,1885,1802,9,False,,,,,,,,,,,,,,,,,,,,,
133.59214945801068,rewiring,left,post_unswap,2.329468750001979,1455,False,False,,,,,,,,,,,,,,,,,,,,,,,,,,,,,,,,,,,,,,,,,,,,,,,,,,,,,,,,,,,,,,,,,,11,,,,,,,20,False,9,1,none,0.0,123,2.3294601249945117,4.1617925409955205,,,,,,,,,,,,
135.42403433300206,rewiring,right,post_unswap,1.8315275409986498,1500,False,False,,,,,,,,,,,,,,,,,,,,,,,,,,,,,,,,,,,,,,,,,,,,,,,,,,,,,,,,,,,,,,,,,,11,,,,,,,20,False,9,1,none,0.0,123,1.8315158329933183,4.1617925409955205,,,,,,,,,,,,
135.474013250001,cycle_progress,,,,,,,,,,,,26,57,83,,,,,,,,,,,,,,,,,,,512,0.0006,,27524,0,,,,,,,,,,32,4,14364,890,222,56,,,,,,,,,,,,,,,,,,,,11,,83,1885,1802,9,False,,,,,,,,,4.1617925409955205,,,,,,,,,,,,
135.57023287500488,absorbing,,,,,,,L,1,0,1470,1746,27,57,84,11,1,1,0.034929292000015266,0.03239316600956954,0.0673224580095848,0.068433249994996,14044,18676,32,32,False,False,False,False,14044,32,False,512,0.0006,128,14364,0,total_elems,14044,18676,1,1,,,,0.0,32,4,14044,882,222,56,,,,,,,,,,,,,,,,,,,,,,,,,,,,,,,,,,,,,,,,,,,,,,,
135.66839150000305,absorbing,,,,,,,R,1,1,1470,1746,27,57,84,7,0,1,0.03711391700198874,0.0328312080091564,0.06994512501114514,0.07061679199978244,19060,18356,32,32,False,False,False,False,18356,32,False,512,0.0006,128,14364,0,total_elems,19060,18356,1,1,,,,0.0,32,4,18356,998,222,56,,,,,,,,,,,,,,,,,,,,,,,,,,,,,,,,,,,,,,,,,,,,,,,
135.77110495801026,absorbing,,,,,,,L,2,1,1470,1746,28,57,85,10,1,2,0.03824266699666623,0.036457792011788115,0.07470045900845435,0.07535712499520741,25660,38020,32,64,False,False,False,False,25660,32,False,512,0.0006,128,14364,0,total_elems,25660,38020,1,1,,,,0.0,32,4,25660,1160,222,56,,,,,,,,,,,,,,,,,,,,,,,,,,,,,,,,,,,,,,,,,,,,,,,
135.8795873330091,absorbing,,,,,,,L,3,1,1470,1746,28,57,85,12,0,2,0.03792050000629388,0.04283500000019558,0.08075550000648946,0.08140695800830144,33840,43276,64,64,False,False,False,False,33840,64,False,512,0.0006,128,14364,0,total_elems,33840,43276,1,1,,,,0.0,64,4,33840,1312,222,56,,,,,,,,,,,,,,,,,,,,,,,,,,,,,,,,,,,,,,,,,,,,,,,
135.99524470799952,absorbing,,,,,,,L,4,1,1470,1746,28,57,85,10,0,2,0.03925508400425315,0.04878587499842979,0.08804095900268294,0.08879170900036115,43936,58368,64,64,False,False,False,False,43936,64,False,512,0.0006,128,14364,0,total_elems,43936,58368,1,1,,,,0.0,64,4,43936,1492,222,56,,,,,,,,,,,,,,,,,,,,,,,,,,,,,,,,,,,,,,,,,,,,,,,
136.11655166601122,absorbing,,,,,,,L,5,1,1470,1746,28,57,85,10,0,2,0.04400291600904893,0.049744417003239505,0.09374733301228844,0.09440941599314101,59104,64544,64,64,False,False,False,False,59104,64,False,512,0.0006,128,14364,0,total_elems,59104,64544,1,1,,,,0.0,64,4,59104,1768,222,56,,,,,,,,,,,,,,,,,,,,,,,,,,,,,,,,,,,,,,,,,,,,,,,
136.2549746660079,absorbing,,,,,,,R,5,2,1470,1746,28,57,85,10,0,2,0.057191582993255,0.053598915998009034,0.11079049899126403,0.11145933299849275,96864,81312,64,64,False,False,False,False,81312,64,False,512,0.0006,128,14364,0,total_elems,96864,81312,1,1,,,,0.0,64,4,81312,2008,222,56,,,,,,,,,,,,,,,,,,,,,,,,,,,,,,,,,,,,,,,,,,,,,,,
136.41632650000975,absorbing,,,,,,,L,6,2,1470,1746,28,57,85,10,0,2,0.06650962498679291,0.06671795799047686,0.13322758297726978,0.13388337499054614,118624,121056,64,64,False,False,False,False,118624,64,False,512,0.0006,128,14364,0,total_elems,118624,121056,1,1,,,,0.0,64,4,118624,2336,222,56,,,,,,,,,,,,,,,,,,,,,,,,,,,,,,,,,,,,,,,,,,,,,,,
136.618083207999,absorbing,,,,,,,L,7,2,1470,1746,28,57,85,10,0,2,0.08628095898893662,0.08782858301128726,0.17410954200022388,0.17480633399100043,163040,179616,64,64,False,False,False,False,163040,64,False,512,0.0006,128,14364,0,total_elems,163040,179616,1,1,,,,0.0,64,4,163040,2792,222,56,,,,,,,,,,,,,,,,,,,,,,,,,,,,,,,,,,,,,,,,,,,,,,,
136.88801241600595,absorbing,,,,,,,L,8,2,1470,1746,28,57,85,9,0,2,0.11727908300235868,0.1237278329936089,0.24100691599596757,0.24171274999389425,268000,284960,128,128,False,False,False,False,268000,128,False,512,0.0006,128,14364,0,total_elems,268000,284960,1,1,,,,0.0,128,4,268000,3448,222,56,,,,,,,,,,,,,,,,,,,,,,,,,,,,,,,,,,,,,,,,,,,,,,,
137.29110404101084,absorbing,,,,,,,L,9,2,1470,1746,29,57,86,8,1,3,0.15395087501383387,0.22116558300331235,0.3751164580171462,0.37581300000601914,390368,496928,128,256,False,False,False,False,390368,128,False,512,0.0006,128,14364,0,total_elems,390368,496928,1,1,,,,0.0,128,4,390368,4072,222,56,,,,,,,,,,,,,,,,,,,,,,,,,,,,,,,,,,,,,,,,,,,,,,,
140.170234041012,unswapping,,,,,,,,,,,,,,,,,,,,,,,,,,,,,,,,,,,,,,,,,,,,,,,256,4,579808,4872,222,56,0,both,0,28,28,2,2,,,,,0,,,,,,,,,,,,,,,,,,,,,,,,,,,,,,,,,,,
142.02374933300598,unswapping,,,,,,,,,,,,,,,,,,,,,,,,,,,,,,,,,,,,,,,,,,,,,,,128,4,378016,3816,222,56,0,both,1,27,27,9,11,,,,,0,,,,,,,,,,,,,,,,,,,,,,,,,,,,,,,,,,,
142.58499245801067,unswapping,,,,,,,,,,,,,,,,,,,,,,,,,,,,,,,,,,,,,,,,,,,,,,,128,4,272992,3168,222,56,0,left,0,28,28,9,20,,,,,18,,,,,,,,,,,,,,,,,,,,,,,,,,,,,,,,,,,
143.05239741600235,unswapping,,,,,,,,,,,,,,,,,,,,,,,,,,,,,,,,,,,,,,,,,,,,,,,128,4,181216,2664,222,56,0,left,1,27,27,9,29,,,,,36,,,,,,,,,,,,,,,,,,,,,,,,,,,,,,,,,,,
143.28447266601142,unswapping,,,,,,,,,,,,,,,,,,,,,,,,,,,,,,,,,,,,,,,,,,,,,,,128,4,158716,2430,222,56,0,right,0,28,28,6,35,,,,,48,,,,,,,,,,,,,,,,,,,,,,,,,,,,,,,,,,,
143.56443175001186,unswapping,,,,,,,,,,,,,,,,,,,,,,,,,,,,,,,,,,,,,,,,,,,,,,,128,4,155828,2394,222,56,0,right,1,27,27,3,38,,,,,54,,,,,,,,,,,,,,,,,,,,,,,,,,,,,,,,,,,
144.01101716600533,unswapping,,,,,,,,,,,,,,,,,,,,,,,,,,,,,,,,,,,,,,,,,,,,,,,64,4,82500,1954,222,56,1,both,0,28,28,7,7,,,,,64,,,,,,,,,,,,,,,,,,,,,,,,,,,,,,,,,,,
144.2757877910044,unswapping,,,,,,,,,,,,,,,,,,,,,,,,,,,,,,,,,,,,,,,,,,,,,,,64,4,63524,1706,222,56,1,both,1,27,27,4,11,,,,,70,,,,,,,,,,,,,,,,,,,,,,,,,,,,,,,,,,,
144.39648200001102,unswapping,,,,,,,,,,,,,,,,,,,,,,,,,,,,,,,,,,,,,,,,,,,,,,,64,4,59044,1594,222,56,1,left,0,28,28,7,18,,,,,80,,,,,,,,,,,,,,,,,,,,,,,,,,,,,,,,,,,
144.5307173330075,unswapping,,,,,,,,,,,,,,,,,,,,,,,,,,,,,,,,,,,,,,,,,,,,,,,64,4,43204,1446,222,56,1,left,1,27,27,6,24,,,,,90,,,,,,,,,,,,,,,,,,,,,,,,,,,,,,,,,,,
144.61831258299935,unswapping,,,,,,,,,,,,,,,,,,,,,,,,,,,,,,,,,,,,,,,,,,,,,,,64,4,40452,1406,222,56,1,right,0,28,28,2,26,,,,,90,,,,,,,,,,,,,,,,,,,,,,,,,,,,,,,,,,,
144.71640145800484,unswapping,,,,,,,,,,,,,,,,,,,,,,,,,,,,,,,,,,,,,,,,,,,,,,,64,4,35140,1366,222,56,1,right,1,27,27,2,28,,,,,86,,,,,,,,,,,,,,,,,,,,,,,,,,,,,,,,,,,
144.87107170801028,unswapping,,,,,,,,,,,,,,,,,,,,,,,,,,,,,,,,,,,,,,,,,,,,,,,32,4,21380,1174,222,56,2,both,0,28,28,5,5,,,,,92,,,,,,,,,,,,,,,,,,,,,,,,,,,,,,,,,,,
145.00576145800005,unswapping,,,,,,,,,,,,,,,,,,,,,,,,,,,,,,,,,,,,,,,,,,,,,,,16,4,17108,1082,222,56,2,both,1,27,27,4,9,,,,,102,,,,,,,,,,,,,,,,,,,,,,,,,,,,,,,,,,,
145.07178720799857,unswapping,,,,,,,,,,,,,,,,,,,,,,,,,,,,,,,,,,,,,,,,,,,,,,,16,4,16436,1052,222,56,2,left,0,28,28,2,11,,,,,106,,,,,,,,,,,,,,,,,,,,,,,,,,,,,,,,,,,
145.14155304100132,unswapping,,,,,,,,,,,,,,,,,,,,,,,,,,,,,,,,,,,,,,,,,,,,,,,16,4,14956,1002,222,56,2,left,1,27,27,5,16,,,,,114,,,,,,,,,,,,,,,,,,,,,,,,,,,,,,,,,,,
145.2058503330045,unswapping,,,,,,,,,,,,,,,,,,,,,,,,,,,,,,,,,,,,,,,,,,,,,,,16,4,13996,974,222,56,2,right,0,28,28,3,19,,,,,114,,,,,,,,,,,,,,,,,,,,,,,,,,,,,,,,,,,
145.26893075001135,unswapping,,,,,,,,,,,,,,,,,,,,,,,,,,,,,,,,,,,,,,,,,,,,,,,16,4,13924,968,222,56,2,right,1,27,27,1,20,,,,,114,,,,,,,,,,,,,,,,,,,,,,,,,,,,,,,,,,,
145.38413979100005,unswapping,,,,,,,,,,,,,,,,,,,,,,,,,,,,,,,,,,,,,,,,,,,,,,,16,4,13244,940,222,56,3,both,0,28,28,3,3,,,,,116,,,,,,,,,,,,,,,,,,,,,,,,,,,,,,,,,,,
145.50511370800086,unswapping,,,,,,,,,,,,,,,,,,,,,,,,,,,,,,,,,,,,,,,,,,,,,,,16,4,12236,912,222,56,3,both,1,27,27,3,6,,,,,124,,,,,,,,,,,,,,,,,,,,,,,,,,,,,,,,,,,
145.56631249999919,unswapping,,,,,,,,,,,,,,,,,,,,,,,,,,,,,,,,,,,,,,,,,,,,,,,16,4,11520,886,222,56,3,left,0,28,28,3,9,,,,,128,,,,,,,,,,,,,,,,,,,,,,,,,,,,,,,,,,,
145.6180692909984,unswapping,,,,,,,,,,,,,,,,,,,,,,,,,,,,,,,,,,,,,,,,,,,,,,,16,4,10752,870,222,56,3,left,1,27,27,1,10,,,,,130,,,,,,,,,,,,,,,,,,,,,,,,,,,,,,,,,,,
145.66680820799957,unswapping,,,,,,,,,,,,,,,,,,,,,,,,,,,,,,,,,,,,,,,,,,,,,,,16,4,9984,854,222,56,3,right,0,28,28,1,11,,,,,130,,,,,,,,,,,,,,,,,,,,,,,,,,,,,,,,,,,
145.69580300000962,unswapping,,,,,,,,,,,,,,,,,,,,,,,,,,,,,,,,,,,,,,,,,,,,,,,16,4,9984,854,222,56,3,right,1,27,27,0,11,,,,,130,,,,,,,,,,,,,,,,,,,,,,,,,,,,,,,,,,,
145.80267004101188,unswapping,,,,,,,,,,,,,,,,,,,,,,,,,,,,,,,,,,,,,,,,,,,,,,,16,4,9412,832,222,56,4,both,0,28,28,3,3,,,,,134,,,,,,,,,,,,,,,,,,,,,,,,,,,,,,,,,,,
145.91313708300004,unswapping,,,,,,,,,,,,,,,,,,,,,,,,,,,,,,,,,,,,,,,,,,,,,,,16,4,8632,814,222,56,4,both,1,27,27,2,5,,,,,136,,,,,,,,,,,,,,,,,,,,,,,,,,,,,,,,,,,
145.96136600000318,unswapping,,,,,,,,,,,,,,,,,,,,,,,,,,,,,,,,,,,,,,,,,,,,,,,16,4,8120,798,222,56,4,left,0,28,28,1,6,,,,,138,,,,,,,,,,,,,,,,,,,,,,,,,,,,,,,,,,,
145.98905737500172,unswapping,,,,,,,,,,,,,,,,,,,,,,,,,,,,,,,,,,,,,,,,,,,,,,,16,4,8120,798,222,56,4,left,1,27,27,0,6,,,,,138,,,,,,,,,,,,,,,,,,,,,,,,,,,,,,,,,,,
146.03593354100303,unswapping,,,,,,,,,,,,,,,,,,,,,,,,,,,,,,,,,,,,,,,,,,,,,,,16,4,7864,790,222,56,4,right,0,28,28,1,7,,,,,138,,,,,,,,,,,,,,,,,,,,,,,,,,,,,,,,,,,
146.0632381660107,unswapping,,,,,,,,,,,,,,,,,,,,,,,,,,,,,,,,,,,,,,,,,,,,,,,16,4,7864,790,222,56,4,right,1,27,27,0,7,,,,,138,,,,,,,,,,,,,,,,,,,,,,,,,,,,,,,,,,,
146.11525541600713,unswapping,,,,,,,,,,,,,,,,,,,,,,,,,,,,,,,,,,,,,,,,,,,,,,,16,4,7864,790,222,56,5,both,0,28,28,0,0,,,,,138,,,,,,,,,,,,,,,,,,,,,,,,,,,,,,,,,,,
146.16961200001242,unswapping,,,,,,,,,,,,,,,,,,,,,,,,,,,,,,,,,,,,,,,,,,,,,,,16,4,7864,790,222,56,5,both,1,27,27,0,0,,,,,138,,,,,,,,,,,,,,,,,,,,,,,,,,,,,,,,,,,
146.1960028330068,unswapping,,,,,,,,,,,,,,,,,,,,,,,,,,,,,,,,,,,,,,,,,,,,,,,16,4,7864,790,222,56,5,left,0,28,28,0,0,,,,,138,,,,,,,,,,,,,,,,,,,,,,,,,,,,,,,,,,,
146.2231282080029,unswapping,,,,,,,,,,,,,,,,,,,,,,,,,,,,,,,,,,,,,,,,,,,,,,,16,4,7864,790,222,56,5,left,1,27,27,0,0,,,,,138,,,,,,,,,,,,,,,,,,,,,,,,,,,,,,,,,,,
146.2494509160024,unswapping,,,,,,,,,,,,,,,,,,,,,,,,,,,,,,,,,,,,,,,,,,,,,,,16,4,7864,790,222,56,5,right,0,28,28,0,0,,,,,138,,,,,,,,,,,,,,,,,,,,,,,,,,,,,,,,,,,
146.27652741600468,unswapping,,,,,,,,,,,,,,,,,,,,,,,,,,,,,,,,,,,,,,,,,,,,,,,16,4,7864,790,222,56,5,right,1,27,27,0,0,,,,,138,,,,,,,,,,,,,,,,,,,,,,,,,,,,,,,,,,,
147.2257397909998,unswap_cycle_summary,,,,,,,,,,,,29,57,86,,,,,,,,,,,,,,,,,,,512,0.0006,,,,,,,,,,,,,16,4,7864,790,222,56,,,,,,,,,,,,,,,,,,,,12,8.411930792004569,86,1885,1799,3,False,,,,,,,,,,,,,,,,,,,,,
148.87935133300198,rewiring,left,post_unswap,1.6262949999945704,1463,False,False,,,,,,,,,,,,,,,,,,,,,,,,,,,,,,,,,,,,,,,,,,,,,,,,,,,,,,,,,,,,,,,,,,12,,,,,,,20,False,3,1,none,0.0,123,1.626288083003601,3.398615541998879,,,,,,,,,,,,
150.65125662500213,rewiring,right,post_unswap,1.7716310840041842,1746,False,False,,,,,,,,,,,,,,,,,,,,,,,,,,,,,,,,,,,,,,,,,,,,,,,,,,,,,,,,,,,,,,,,,,12,,,,,,,20,False,3,1,none,0.0,123,1.7716234580002492,3.398615541998879,,,,,,,,,,,,
150.70540229100152,cycle_progress,,,,,,,,,,,,29,57,86,,,,,,,,,,,,,,,,,,,512,0.0006,,14364,0,,,,,,,,,,16,4,7864,790,222,56,,,,,,,,,,,,,,,,,,,,12,,86,1885,1799,3,False,,,,,,,,,3.398615541998879,,,,,,,,,,,,
150.80047908300185,absorbing,,,,,,,L,1,0,1520,1513,29,57,86,14,0,0,0.03270791699469555,0.03191700000024866,0.06462491699494421,0.06551233399659395,7864,10568,16,32,False,False,False,False,7864,16,False,512,0.0006,128,7864,0,total_elems,7864,10568,1,1,,,,0.0,16,4,7864,790,222,56,,,,,,,,,,,,,,,,,,,,,,,,,,,,,,,,,,,,,,,,,,,,,,,
150.89659762500378,absorbing,,,,,,,R,1,1,1520,1513,29,58,87,8,1,1,0.034463707997929305,0.03191941700060852,0.06638312499853782,0.06703112499963026,16276,10568,32,32,False,False,False,False,10568,32,False,512,0.0006,128,7864,0,total_elems,16276,10568,1,1,,,,0.0,32,4,10568,908,222,56,,,,,,,,,,,,,,,,,,,,,,,,,,,,,,,,,,,,,,,,,,,,,,,
150.9950643330085,absorbing,,,,,,,R,1,2,1520,1513,29,58,87,12,0,1,0.03524920799827669,0.03347816699533723,0.06872737499361392,0.06941104099678341,21196,20724,32,32,False,False,False,False,20724,32,False,512,0.0006,128,7864,0,total_elems,21196,20724,1,1,,,,0.0,32,4,20724,1096,222,56,,,,,,,,,,,,,,,,,,,,,,,,,,,,,,,,,,,,,,,,,,,,,,,
151.10609533300158,absorbing,,,,,,,L,2,2,1520,1513,29,58,87,13,0,1,0.03958691698790062,0.041532083007041365,0.08111899999494199,0.08177183399675414,39772,40976,64,64,False,False,False,False,39772,64,False,512,0.0006,128,7864,0,total_elems,39772,40976,1,1,,,,0.0,64,4,39772,1428,222,56,,,,,,,,,,,,,,,,,,,,,,,,,,,,,,,,,,,,,,,,,,,,,,,
151.2513128749997,absorbing,,,,,,,L,3,2,1520,1513,30,58,88,12,1,2,0.06329924998863135,0.052402750006876886,0.11570199999550823,0.11641141699510626,68380,69528,64,64,False,False,False,False,68380,64,False,512,0.0006,128,7864,0,total_elems,68380,69528,1,1,,,,0.0,64,4,68380,1780,222,56,,,,,,,,,,,,,,,,,,,,,,,,,,,,,,,,,,,,,,,,,,,,,,,
151.43046437500743,absorbing,,,,,,,R,3,3,1520,1513,30,58,88,15,0,2,0.07068595799501054,0.07889054199040402,0.14957649998541456,0.15024941600859165,143900,116824,128,128,False,False,False,False,116824,128,False,512,0.0006,128,7864,0,total_elems,143900,116824,1,1,,,,0.0,128,4,116824,2190,222,56,,,,,,,,,,,,,,,,,,,,,,,,,,,,,,,,,,,,,,,,,,,,,,,
151.6638872080075,absorbing,,,,,,,R,3,4,1520,1513,30,59,89,12,1,3,0.10626162499829661,0.09754050000628922,0.20380212500458583,0.20450529099616688,223960,195160,128,128,False,False,False,False,195160,128,False,512,0.0006,128,7864,0,total_elems,223960,195160,1,1,,,,0.0,128,4,195160,2750,222,56,,,,,,,,,,,,,,,,,,,,,,,,,,,,,,,,,,,,,,,,,,,,,,,
151.99558000000252,absorbing,,,,,,,L,4,4,1520,1513,30,59,89,14,0,3,0.15440933300124016,0.14672187498945277,0.30113120799069293,0.3019206250028219,258328,317656,128,128,False,False,False,False,258328,128,False,512,0.0006,128,7864,0,total_elems,258328,317656,1,1,,,,0.0,128,4,258328,3230,222,56,,,,,,,,,,,,,,,,,,,,,,,,,,,,,,,,,,,,,,,,,,,,,,,
154.5958819160005,unswapping,,,,,,,,,,,,,,,,,,,,,,,,,,,,,,,,,,,,,,,,,,,,,,,128,4,424088,3790,222,56,0,both,0,28,28,3,3,,,,,0,,,,,,,,,,,,,,,,,,,,,,,,,,,,,,,,,,,
156.11785741600033,unswapping,,,,,,,,,,,,,,,,,,,,,,,,,,,,,,,,,,,,,,,,,,,,,,,128,4,276120,2886,222,56,0,both,1,27,27,13,16,,,,,0,,,,,,,,,,,,,,,,,,,,,,,,,,,,,,,,,,,
156.578551041006,unswapping,,,,,,,,,,,,,,,,,,,,,,,,,,,,,,,,,,,,,,,,,,,,,,,128,4,163352,2214,222,56,0,left,0,28,28,11,27,,,,,22,,,,,,,,,,,,,,,,,,,,,,,,,,,,,,,,,,,
156.82045570800256,unswapping,,,,,,,,,,,,,,,,,,,,,,,,,,,,,,,,,,,,,,,,,,,,,,,128,4,143000,1942,222,56,0,left,1,27,27,8,35,,,,,38,,,,,,,,,,,,,,,,,,,,,,,,,,,,,,,,,,,
157.08330233300512,unswapping,,,,,,,,,,,,,,,,,,,,,,,,,,,,,,,,,,,,,,,,,,,,,,,128,4,137564,1772,222,56,0,right,0,28,28,8,43,,,,,54,,,,,,,,,,,,,,,,,,,,,,,,,,,,,,,,,,,
157.30400783300865,unswapping,,,,,,,,,,,,,,,,,,,,,,,,,,,,,,,,,,,,,,,,,,,,,,,128,4,116948,1654,222,56,0,right,1,27,27,4,47,,,,,62,,,,,,,,,,,,,,,,,,,,,,,,,,,,,,,,,,,
157.79912845800573,unswapping,,,,,,,,,,,,,,,,,,,,,,,,,,,,,,,,,,,,,,,,,,,,,,,128,4,53972,1414,222,56,1,both,0,28,28,4,4,,,,,66,,,,,,,,,,,,,,,,,,,,,,,,,,,,,,,,,,,
158.01397595800518,unswapping,,,,,,,,,,,,,,,,,,,,,,,,,,,,,,,,,,,,,,,,,,,,,,,64,4,30956,1154,222,56,1,both,1,27,27,9,13,,,,,92,,,,,,,,,,,,,,,,,,,,,,,,,,,,,,,,,,,
158.10586645800504,unswapping,,,,,,,,,,,,,,,,,,,,,,,,,,,,,,,,,,,,,,,,,,,,,,,64,4,23832,1054,222,56,1,left,0,28,28,7,20,,,,,102,,,,,,,,,,,,,,,,,,,,,,,,,,,,,,,,,,,
158.1878807500034,unswapping,,,,,,,,,,,,,,,,,,,,,,,,,,,,,,,,,,,,,,,,,,,,,,,32,4,14384,942,222,56,1,left,1,27,27,3,23,,,,,104,,,,,,,,,,,,,,,,,,,,,,,,,,,,,,,,,,,
158.25190433301032,unswapping,,,,,,,,,,,,,,,,,,,,,,,,,,,,,,,,,,,,,,,,,,,,,,,32,4,13656,918,222,56,1,right,0,28,28,3,26,,,,,106,,,,,,,,,,,,,,,,,,,,,,,,,,,,,,,,,,,
158.28515187501034,unswapping,,,,,,,,,,,,,,,,,,,,,,,,,,,,,,,,,,,,,,,,,,,,,,,32,4,13656,918,222,56,1,right,1,27,27,0,26,,,,,106,,,,,,,,,,,,,,,,,,,,,,,,,,,,,,,,,,,
158.4042277910048,unswapping,,,,,,,,,,,,,,,,,,,,,,,,,,,,,,,,,,,,,,,,,,,,,,,16,4,9448,834,222,56,2,both,0,28,28,4,4,,,,,112,,,,,,,,,,,,,,,,,,,,,,,,,,,,,,,,,,,
158.51707579100912,unswapping,,,,,,,,,,,,,,,,,,,,,,,,,,,,,,,,,,,,,,,,,,,,,,,16,4,6772,752,222,56,2,both,1,27,27,7,11,,,,,120,,,,,,,,,,,,,,,,,,,,,,,,,,,,,,,,,,,
158.57506987500528,unswapping,,,,,,,,,,,,,,,,,,,,,,,,,,,,,,,,,,,,,,,,,,,,,,,16,4,6280,726,222,56,2,left,0,28,28,3,14,,,,,124,,,,,,,,,,,,,,,,,,,,,,,,,,,,,,,,,,,
158.6324799580034,unswapping,,,,,,,,,,,,,,,,,,,,,,,,,,,,,,,,,,,,,,,,,,,,,,,16,4,6208,718,222,56,2,left,1,27,27,2,16,,,,,128,,,,,,,,,,,,,,,,,,,,,,,,,,,,,,,,,,,
158.67791091601248,unswapping,,,,,,,,,,,,,,,,,,,,,,,,,,,,,,,,,,,,,,,,,,,,,,,16,4,5536,690,222,56,2,right,0,28,28,2,18,,,,,128,,,,,,,,,,,,,,,,,,,,,,,,,,,,,,,,,,,
158.70255162499961,unswapping,,,,,,,,,,,,,,,,,,,,,,,,,,,,,,,,,,,,,,,,,,,,,,,16,4,5536,690,222,56,2,right,1,27,27,0,18,,,,,128,,,,,,,,,,,,,,,,,,,,,,,,,,,,,,,,,,,
158.80265287500515,unswapping,,,,,,,,,,,,,,,,,,,,,,,,,,,,,,,,,,,,,,,,,,,,,,,16,4,5332,680,222,56,3,both,0,28,28,2,2,,,,,128,,,,,,,,,,,,,,,,,,,,,,,,,,,,,,,,,,,
158.8517879160063,unswapping,,,,,,,,,,,,,,,,,,,,,,,,,,,,,,,,,,,,,,,,,,,,,,,16,4,5332,680,222,56,3,both,1,27,27,0,2,,,,,128,,,,,,,,,,,,,,,,,,,,,,,,,,,,,,,,,,,
158.89838900000905,unswapping,,,,,,,,,,,,,,,,,,,,,,,,,,,,,,,,,,,,,,,,,,,,,,,16,4,5140,672,222,56,3,left,0,28,28,1,3,,,,,130,,,,,,,,,,,,,,,,,,,,,,,,,,,,,,,,,,,
158.94426158300485,unswapping,,,,,,,,,,,,,,,,,,,,,,,,,,,,,,,,,,,,,,,,,,,,,,,16,4,5012,664,222,56,3,left,1,27,27,1,4,,,,,132,,,,,,,,,,,,,,,,,,,,,,,,,,,,,,,,,,,
158.96875629101123,unswapping,,,,,,,,,,,,,,,,,,,,,,,,,,,,,,,,,,,,,,,,,,,,,,,16,4,5012,664,222,56,3,right,0,28,28,0,4,,,,,132,,,,,,,,,,,,,,,,,,,,,,,,,,,,,,,,,,,
158.99298458300473,unswapping,,,,,,,,,,,,,,,,,,,,,,,,,,,,,,,,,,,,,,,,,,,,,,,16,4,5012,664,222,56,3,right,1,27,27,0,4,,,,,132,,,,,,,,,,,,,,,,,,,,,,,,,,,,,,,,,,,
159.04206454100495,unswapping,,,,,,,,,,,,,,,,,,,,,,,,,,,,,,,,,,,,,,,,,,,,,,,16,4,5012,664,222,56,4,both,0,28,28,0,0,,,,,132,,,,,,,,,,,,,,,,,,,,,,,,,,,,,,,,,,,
159.09008683300635,unswapping,,,,,,,,,,,,,,,,,,,,,,,,,,,,,,,,,,,,,,,,,,,,,,,16,4,5012,664,222,56,4,both,1,27,27,0,0,,,,,132,,,,,,,,,,,,,,,,,,,,,,,,,,,,,,,,,,,
159.11534995801048,unswapping,,,,,,,,,,,,,,,,,,,,,,,,,,,,,,,,,,,,,,,,,,,,,,,16,4,5012,664,222,56,4,left,0,28,28,0,0,,,,,132,,,,,,,,,,,,,,,,,,,,,,,,,,,,,,,,,,,
159.14045495800383,unswapping,,,,,,,,,,,,,,,,,,,,,,,,,,,,,,,,,,,,,,,,,,,,,,,16,4,5012,664,222,56,4,left,1,27,27,0,0,,,,,132,,,,,,,,,,,,,,,,,,,,,,,,,,,,,,,,,,,
159.16509904101258,unswapping,,,,,,,,,,,,,,,,,,,,,,,,,,,,,,,,,,,,,,,,,,,,,,,16,4,5012,664,222,56,4,right,0,28,28,0,0,,,,,132,,,,,,,,,,,,,,,,,,,,,,,,,,,,,,,,,,,
159.18965004100755,unswapping,,,,,,,,,,,,,,,,,,,,,,,,,,,,,,,,,,,,,,,,,,,,,,,16,4,5012,664,222,56,4,right,1,27,27,0,0,,,,,132,,,,,,,,,,,,,,,,,,,,,,,,,,,,,,,,,,,
160.00820633300464,unswap_cycle_summary,,,,,,,,,,,,30,59,89,,,,,,,,,,,,,,,,,,,512,0.0006,,,,,,,,,,,,,16,4,5012,664,222,56,,,,,,,,,,,,,,,,,,,,13,6.713738374994136,89,1885,1796,3,False,,,,,,,,,,,,,,,,,,,,,
161.6309117500059,rewiring,left,post_unswap,1.5941987499973038,1518,False,False,,,,,,,,,,,,,,,,,,,,,,,,,,,,,,,,,,,,,,,,,,,,,,,,,,,,,,,,,,,,,,,,,,13,,,,,,,20,False,3,1,none,0.0,123,1.5941936250019353,3.3043059589981567,,,,,,,,,,,,
163.34073233300296,rewiring,right,post_unswap,1.7095763340039412,1511,False,False,,,,,,,,,,,,,,,,,,,,,,,,,,,,,,,,,,,,,,,,,,,,,,,,,,,,,,,,,,,,,,,,,,13,,,,,,,20,False,3,1,none,0.0,123,1.7095720829966012,3.3043059589981567,,,,,,,,,,,,
163.39697487500962,cycle_progress,,,,,,,,,,,,30,59,89,,,,,,,,,,,,,,,,,,,512,0.0006,,7864,0,,,,,,,,,,16,4,5012,664,222,56,,,,,,,,,,,,,,,,,,,,13,,89,1885,1796,3,False,,,,,,,,,3.3043059589981567,,,,,,,,,,,,
163.4892811250029,absorbing,,,,,,,L,1,0,1408,1558,30,59,89,11,0,0,0.03126766700006556,0.029713833006098866,0.060981500006164424,0.06185604199708905,5012,6356,16,16,False,False,False,False,5012,16,False,512,0.0006,128,5012,0,total_elems,5012,6356,1,1,,,,0.0,16,4,5012,664,222,56,,,,,,,,,,,,,,,,,,,,,,,,,,,,,,,,,,,,,,,,,,,,,,,
163.58266537501186,absorbing,,,,,,,R,1,1,1408,1558,30,59,89,10,0,0,0.03230595799686853,0.029805958009092137,0.062111916005960666,0.06277391700132284,6756,6356,16,16,False,False,False,False,6356,16,False,512,0.0006,128,5012,0,total_elems,6756,6356,1,1,,,,0.0,16,4,6356,764,222,56,,,,,,,,,,,,,,,,,,,,,,,,,,,,,,,,,,,,,,,,,,,,,,,
163.6768243330007,absorbing,,,,,,,R,1,2,1408,1558,30,59,89,11,0,0,0.03286625001055654,0.030292959010694176,0.06315920902125072,0.06379691600159276,8656,7816,16,16,False,False,False,False,7816,16,False,512,0.0006,128,5012,0,total_elems,8656,7816,1,1,,,,0.0,16,4,7816,842,222,56,,,,,,,,,,,,,,,,,,,,,,,,,,,,,,,,,,,,,,,,,,,,,,,
163.7725922910031,absorbing,,,,,,,L,2,2,1408,1558,31,59,90,10,1,1,0.033239582990063354,0.031241167002008297,0.06448074999207165,0.06510775000788271,10112,12656,16,16,False,False,False,False,10112,16,False,512,0.0006,128,5012,0,total_elems,10112,12656,1,1,,,,0.0,16,4,10112,932,222,56,,,,,,,,,,,,,,,,,,,,,,,,,,,,,,,,,,,,,,,,,,,,,,,
163.8696737499995,absorbing,,,,,,,R,2,3,1408,1558,31,59,90,11,0,1,0.03380737500265241,0.03191412499290891,0.06572149999556132,0.06639925000490621,16192,16032,32,16,False,False,False,False,16032,16,False,512,0.0006,128,5012,0,total_elems,16192,16032,1,1,,,,0.0,16,4,16032,1140,222,56,,,,,,,,,,,,,,,,,,,,,,,,,,,,,,,,,,,,,,,,,,,,,,,
163.9706119580078,absorbing,,,,,,,L,3,3,1408,1558,31,59,90,11,0,1,0.035054374995524995,0.03442154100048356,0.06947591599600855,0.07014633300423156,24160,27744,32,32,False,False,False,False,24160,32,False,512,0.0006,128,5012,0,total_elems,24160,27744,1,1,,,,0.0,32,4,24160,1352,222,56,,,,,,,,,,,,,,,,,,,,,,,,,,,,,,,,,,,,,,,,,,,,,,,
164.07912379100162,absorbing,,,,,,,L,4,3,1408,1558,31,59,90,10,0,1,0.039662750001298264,0.03697991700028069,0.07664266700157896,0.0774804579996271,38432,38624,64,32,False,False,False,False,38432,64,False,512,0.0006,128,5012,0,total_elems,38432,38624,1,1,,,,0.0,64,4,38432,1560,222,56,,,,,,,,,,,,,,,,,,,,,,,,,,,,,,,,,,,,,,,,,,,,,,,
164.2083222910005,absorbing,,,,,,,R,4,4,1408,1558,31,59,90,12,0,1,0.054802625003503636,0.04324908400303684,0.09805170900654048,0.09871916699921712,85152,61984,64,64,False,False,False,False,61984,64,False,512,0.0006,128,5012,0,total_elems,85152,61984,1,1,,,,0.0,64,4,61984,1960,222,56,,,,,,,,,,,,,,,,,,,,,,,,,,,,,,,,,,,,,,,,,,,,,,,
164.36837170799845,absorbing,,,,,,,R,4,5,1408,1558,31,59,90,13,0,1,0.07109008298721164,0.05753962499147747,0.1286297079786891,0.1292889590113191,141024,99936,64,64,False,False,False,False,99936,64,False,512,0.0006,128,5012,0,total_elems,141024,99936,1,1,,,,0.0,64,4,99936,2256,222,56,,,,,,,,,,,,,,,,,,,,,,,,,,,,,,,,,,,,,,,,,,,,,,,
164.5884917910007,absorbing,,,,,,,R,4,6,1408,1558,31,59,90,13,0,1,0.10372924999683164,0.08378891700704116,0.1875181670038728,0.18828645900066476,260960,168672,256,128,False,False,False,False,168672,128,False,512,0.0006,128,5012,0,total_elems,260960,168672,1,1,,,,0.0,128,4,168672,2968,222,56,,,,,,,,,,,,,,,,,,,,,,,,,,,,,,,,,,,,,,,,,,,,,,,
164.92315954100923,absorbing,,,,,,,R,4,7,1408,1558,31,59,90,12,0,1,0.17682558399974369,0.12555187501129694,0.30237745901104063,0.30306250001012813,434656,313568,256,128,False,False,False,False,313568,128,False,512,0.0006,128,5012,0,total_elems,434656,313568,1,1,,,,0.0,128,4,313568,3880,222,56,,,,,,,,,,,,,,,,,,,,,,,,,,,,,,,,,,,,,,,,,,,,,,,
169.6517665410065,unswapping,,,,,,,,,,,,,,,,,,,,,,,,,,,,,,,,,,,,,,,,,,,,,,,256,4,681952,5192,222,56,0,both,0,28,28,2,2,,,,,0,,,,,,,,,,,,,,,,,,,,,,,,,,,,,,,,,,,
171.2228307500045,unswapping,,,,,,,,,,,,,,,,,,,,,,,,,,,,,,,,,,,,,,,,,,,,,,,128,4,191072,3056,222,56,0,both,1,27,27,14,16,,,,,0,,,,,,,,,,,,,,,,,,,,,,,,,,,,,,,,,,,
171.50701587500225,unswapping,,,,,,,,,,,,,,,,,,,,,,,,,,,,,,,,,,,,,,,,,,,,,,,64,4,119584,2328,222,56,0,left,0,28,28,12,28,,,,,24,,,,,,,,,,,,,,,,,,,,,,,,,,,,,,,,,,,
171.72944420800195,unswapping,,,,,,,,,,,,,,,,,,,,,,,,,,,,,,,,,,,,,,,,,,,,,,,64,4,75296,1956,222,56,0,left,1,27,27,11,39,,,,,46,,,,,,,,,,,,,,,,,,,,,,,,,,,,,,,,,,,
171.86333104100777,unswapping,,,,,,,,,,,,,,,,,,,,,,,,,,,,,,,,,,,,,,,,,,,,,,,64,4,57056,1628,222,56,0,right,0,28,28,10,49,,,,,50,,,,,,,,,,,,,,,,,,,,,,,,,,,,,,,,,,,
171.97939966600097,unswapping,,,,,,,,,,,,,,,,,,,,,,,,,,,,,,,,,,,,,,,,,,,,,,,64,4,29888,1322,222,56,0,right,1,27,27,10,59,,,,,56,,,,,,,,,,,,,,,,,,,,,,,,,,,,,,,,,,,
172.13372658300796,unswapping,,,,,,,,,,,,,,,,,,,,,,,,,,,,,,,,,,,,,,,,,,,,,,,32,4,16068,1004,222,56,1,both,0,28,28,14,14,,,,,76,,,,,,,,,,,,,,,,,,,,,,,,,,,,,,,,,,,
172.2589364160085,unswapping,,,,,,,,,,,,,,,,,,,,,,,,,,,,,,,,,,,,,,,,,,,,,,,32,4,14020,948,222,56,1,both,1,27,27,4,18,,,,,88,,,,,,,,,,,,,,,,,,,,,,,,,,,,,,,,,,,
172.32928158300638,unswapping,,,,,,,,,,,,,,,,,,,,,,,,,,,,,,,,,,,,,,,,,,,,,,,32,4,10908,882,222,56,1,left,0,28,28,6,24,,,,,96,,,,,,,,,,,,,,,,,,,,,,,,,,,,,,,,,,,
172.39425504099927,unswapping,,,,,,,,,,,,,,,,,,,,,,,,,,,,,,,,,,,,,,,,,,,,,,,16,4,8308,814,222,56,1,left,1,27,27,4,28,,,,,100,,,,,,,,,,,,,,,,,,,,,,,,,,,,,,,,,,,
172.45166995801264,unswapping,,,,,,,,,,,,,,,,,,,,,,,,,,,,,,,,,,,,,,,,,,,,,,,16,4,8236,806,222,56,1,right,0,28,28,2,30,,,,,102,,,,,,,,,,,,,,,,,,,,,,,,,,,,,,,,,,,
172.5115077500086,unswapping,,,,,,,,,,,,,,,,,,,,,,,,,,,,,,,,,,,,,,,,,,,,,,,16,4,7764,782,222,56,1,right,1,27,27,3,33,,,,,106,,,,,,,,,,,,,,,,,,,,,,,,,,,,,,,,,,,
172.62024166600895,unswapping,,,,,,,,,,,,,,,,,,,,,,,,,,,,,,,,,,,,,,,,,,,,,,,16,4,6604,738,222,56,2,both,0,28,28,7,7,,,,,112,,,,,,,,,,,,,,,,,,,,,,,,,,,,,,,,,,,
172.7249770410126,unswapping,,,,,,,,,,,,,,,,,,,,,,,,,,,,,,,,,,,,,,,,,,,,,,,16,4,5412,702,222,56,2,both,1,27,27,5,12,,,,,122,,,,,,,,,,,,,,,,,,,,,,,,,,,,,,,,,,,
172.78019604099973,unswapping,,,,,,,,,,,,,,,,,,,,,,,,,,,,,,,,,,,,,,,,,,,,,,,16,4,5028,686,222,56,2,left,0,28,28,1,13,,,,,124,,,,,,,,,,,,,,,,,,,,,,,,,,,,,,,,,,,
172.8356042910018,unswapping,,,,,,,,,,,,,,,,,,,,,,,,,,,,,,,,,,,,,,,,,,,,,,,16,4,4644,674,222,56,2,left,1,27,27,1,14,,,,,126,,,,,,,,,,,,,,,,,,,,,,,,,,,,,,,,,,,
172.89059308300784,unswapping,,,,,,,,,,,,,,,,,,,,,,,,,,,,,,,,,,,,,,,,,,,,,,,8,4,3964,642,222,56,2,right,0,28,28,3,17,,,,,132,,,,,,,,,,,,,,,,,,,,,,,,,,,,,,,,,,,
172.9438712500123,unswapping,,,,,,,,,,,,,,,,,,,,,,,,,,,,,,,,,,,,,,,,,,,,,,,8,4,3772,634,222,56,2,right,1,27,27,1,18,,,,,134,,,,,,,,,,,,,,,,,,,,,,,,,,,,,,,,,,,
173.02890758300782,unswapping,,,,,,,,,,,,,,,,,,,,,,,,,,,,,,,,,,,,,,,,,,,,,,,8,4,3712,628,222,56,3,both,0,28,28,2,2,,,,,136,,,,,,,,,,,,,,,,,,,,,,,,,,,,,,,,,,,
173.0749816250027,unswapping,,,,,,,,,,,,,,,,,,,,,,,,,,,,,,,,,,,,,,,,,,,,,,,8,4,3712,628,222,56,3,both,1,27,27,0,2,,,,,136,,,,,,,,,,,,,,,,,,,,,,,,,,,,,,,,,,,
173.09917812500498,unswapping,,,,,,,,,,,,,,,,,,,,,,,,,,,,,,,,,,,,,,,,,,,,,,,8,4,3712,628,222,56,3,left,0,28,28,0,2,,,,,136,,,,,,,,,,,,,,,,,,,,,,,,,,,,,,,,,,,
173.12287025000842,unswapping,,,,,,,,,,,,,,,,,,,,,,,,,,,,,,,,,,,,,,,,,,,,,,,8,4,3712,628,222,56,3,left,1,27,27,0,2,,,,,136,,,,,,,,,,,,,,,,,,,,,,,,,,,,,,,,,,,
173.17553900000348,unswapping,,,,,,,,,,,,,,,,,,,,,,,,,,,,,,,,,,,,,,,,,,,,,,,8,4,3664,624,222,56,3,right,0,28,28,1,3,,,,,138,,,,,,,,,,,,,,,,,,,,,,,,,,,,,,,,,,,
173.1996411660075,unswapping,,,,,,,,,,,,,,,,,,,,,,,,,,,,,,,,,,,,,,,,,,,,,,,8,4,3664,624,222,56,3,right,1,27,27,0,3,,,,,138,,,,,,,,,,,,,,,,,,,,,,,,,,,,,,,,,,,
173.24600045800616,unswapping,,,,,,,,,,,,,,,,,,,,,,,,,,,,,,,,,,,,,,,,,,,,,,,8,4,3664,624,222,56,4,both,0,28,28,0,0,,,,,138,,,,,,,,,,,,,,,,,,,,,,,,,,,,,,,,,,,
173.3308849580062,unswapping,,,,,,,,,,,,,,,,,,,,,,,,,,,,,,,,,,,,,,,,,,,,,,,8,4,3652,622,222,56,4,both,1,27,27,1,1,,,,,138,,,,,,,,,,,,,,,,,,,,,,,,,,,,,,,,,,,
173.35479812500125,unswapping,,,,,,,,,,,,,,,,,,,,,,,,,,,,,,,,,,,,,,,,,,,,,,,8,4,3652,622,222,56,4,left,0,28,28,0,1,,,,,138,,,,,,,,,,,,,,,,,,,,,,,,,,,,,,,,,,,
173.3786884160072,unswapping,,,,,,,,,,,,,,,,,,,,,,,,,,,,,,,,,,,,,,,,,,,,,,,8,4,3652,622,222,56,4,left,1,27,27,0,1,,,,,138,,,,,,,,,,,,,,,,,,,,,,,,,,,,,,,,,,,
173.40243429101247,unswapping,,,,,,,,,,,,,,,,,,,,,,,,,,,,,,,,,,,,,,,,,,,,,,,8,4,3652,622,222,56,4,right,0,28,28,0,1,,,,,138,,,,,,,,,,,,,,,,,,,,,,,,,,,,,,,,,,,
173.42600158300775,unswapping,,,,,,,,,,,,,,,,,,,,,,,,,,,,,,,,,,,,,,,,,,,,,,,8,4,3652,622,222,56,4,right,1,27,27,0,1,,,,,138,,,,,,,,,,,,,,,,,,,,,,,,,,,,,,,,,,,
173.47250404101214,unswapping,,,,,,,,,,,,,,,,,,,,,,,,,,,,,,,,,,,,,,,,,,,,,,,8,4,3652,622,222,56,5,both,0,28,28,0,0,,,,,138,,,,,,,,,,,,,,,,,,,,,,,,,,,,,,,,,,,
173.51884612500726,unswapping,,,,,,,,,,,,,,,,,,,,,,,,,,,,,,,,,,,,,,,,,,,,,,,8,4,3652,622,222,56,5,both,1,27,27,0,0,,,,,138,,,,,,,,,,,,,,,,,,,,,,,,,,,,,,,,,,,
173.54292420799902,unswapping,,,,,,,,,,,,,,,,,,,,,,,,,,,,,,,,,,,,,,,,,,,,,,,8,4,3652,622,222,56,5,left,0,28,28,0,0,,,,,138,,,,,,,,,,,,,,,,,,,,,,,,,,,,,,,,,,,
173.56680062500527,unswapping,,,,,,,,,,,,,,,,,,,,,,,,,,,,,,,,,,,,,,,,,,,,,,,8,4,3652,622,222,56,5,left,1,27,27,0,0,,,,,138,,,,,,,,,,,,,,,,,,,,,,,,,,,,,,,,,,,
173.5904328750039,unswapping,,,,,,,,,,,,,,,,,,,,,,,,,,,,,,,,,,,,,,,,,,,,,,,8,4,3652,622,222,56,5,right,0,28,28,0,0,,,,,138,,,,,,,,,,,,,,,,,,,,,,,,,,,,,,,,,,,
173.61424875000375,unswapping,,,,,,,,,,,,,,,,,,,,,,,,,,,,,,,,,,,,,,,,,,,,,,,8,4,3652,622,222,56,5,right,1,27,27,0,0,,,,,138,,,,,,,,,,,,,,,,,,,,,,,,,,,,,,,,,,,
174.6657147500082,unswap_cycle_summary,,,,,,,,,,,,31,59,90,,,,,,,,,,,,,,,,,,,512,0.0006,,,,,,,,,,,,,8,4,3652,622,222,56,,,,,,,,,,,,,,,,,,,,14,8.200281540994183,90,1885,1795,1,False,,,,,,,,,,,,,,,,,,,,,
177.1640049580019,rewiring,left,post_unswap,2.4668763750087237,1406,False,False,,,,,,,,,,,,,,,,,,,,,,,,,,,,,,,,,,,,,,,,,,,,,,,,,,,,,,,,,,,,,,,,,,14,,,,,,,20,False,1,1,none,0.0,123,2.466870125004789,3.7212632919981843,,,,,,,,,,,,
178.41807495801186,rewiring,right,post_unswap,1.2538211250066524,1553,False,False,,,,,,,,,,,,,,,,,,,,,,,,,,,,,,,,,,,,,,,,,,,,,,,,,,,,,,,,,,,,,,,,,,14,,,,,,,20,False,1,1,none,0.0,123,1.2538161249976838,3.7212632919981843,,,,,,,,,,,,
178.4783632910112,cycle_progress,,,,,,,,,,,,31,59,90,,,,,,,,,,,,,,,,,,,512,0.0006,,5012,0,,,,,,,,,,8,4,3652,622,222,56,,,,,,,,,,,,,,,,,,,,14,,90,1885,1795,1,False,,,,,,,,,3.7212632919981843,,,,,,,,,,,,
178.57272787499824,absorbing,,,,,,,L,1,0,1464,1566,31,59,90,13,0,0,0.030931500004953705,0.030303000006824732,0.06123450001177844,0.06208537500060629,3652,4228,8,8,False,False,False,False,3652,8,False,512,0.0006,128,3652,0,total_elems,3652,4228,1,1,,,,0.0,8,4,3652,622,222,56,,,,,,,,,,,,,,,,,,,,,,,,,,,,,,,,,,,,,,,,,,,,,,,
178.66747416600992,absorbing,,,,,,,R,1,1,1464,1566,31,60,91,11,1,1,0.03125858400017023,0.030640457989647985,0.061899041989818215,0.06253595800080802,5796,4228,16,8,False,False,False,False,4228,8,False,512,0.0006,128,3652,0,total_elems,5796,4228,1,1,,,,0.0,8,4,4228,686,222,56,,,,,,,,,,,,,,,,,,,,,,,,,,,,,,,,,,,,,,,,,,,,,,,
178.7624006660044,absorbing,,,,,,,R,1,2,1464,1566,31,60,91,10,0,1,0.031736375007312745,0.02939195799990557,0.061128333007218316,0.06182208299287595,7168,5820,16,16,False,False,False,False,5820,16,False,512,0.0006,128,3652,0,total_elems,7168,5820,1,1,,,,0.0,16,4,5820,776,222,56,,,,,,,,,,,,,,,,,,,,,,,,,,,,,,,,,,,,,,,,,,,,,,,
178.85972495800524,absorbing,,,,,,,L,2,2,1464,1566,31,60,91,11,0,1,0.032372582994867116,0.03169512499880511,0.06406770799367223,0.06471058400347829,9328,10284,16,16,False,False,False,False,9328,16,False,512,0.0006,128,3652,0,total_elems,9328,10284,1,1,,,,0.0,16,4,9328,922,222,56,,,,,,,,,,,,,,,,,,,,,,,,,,,,,,,,,,,,,,,,,,,,,,,
178.95759091600485,absorbing,,,,,,,R,2,3,1464,1566,31,60,91,11,0,1,0.032912875001784414,0.031460457990760915,0.06437333299254533,0.06502070800343063,15632,14848,16,16,False,False,False,False,14848,16,False,512,0.0006,128,3652,0,total_elems,15632,14848,1,1,,,,0.0,16,4,14848,1122,222,56,,,,,,,,,,,,,,,,,,,,,,,,,,,,,,,,,,,,,,,,,,,,,,,
179.06054479100567,absorbing,,,,,,,L,3,3,1464,1566,31,60,91,12,0,1,0.03450191600131802,0.03507683300995268,0.0695787490112707,0.07020837500749622,23840,24960,32,16,False,False,False,False,23840,32,False,512,0.0006,128,3652,0,total_elems,23840,24960,1,1,,,,0.0,32,4,23840,1318,222,56,,,,,,,,,,,,,,,,,,,,,,,,,,,,,,,,,,,,,,,,,,,,,,,
179.17290783300996,absorbing,,,,,,,L,4,3,1464,1566,31,60,91,13,0,1,0.04045891700661741,0.039013250003336,0.07947216700995341,0.08014520899450872,40256,44064,64,64,False,False,False,False,40256,64,False,512,0.0006,128,3652,0,total_elems,40256,44064,1,1,,,,0.0,64,4,40256,1620,222,56,,,,,,,,,,,,,,,,,,,,,,,,,,,,,,,,,,,,,,,,,,,,,,,
179.30866999999853,absorbing,,,,,,,L,5,3,1464,1566,31,60,91,15,0,1,0.05297891699592583,0.04903920799551997,0.1020181249914458,0.10269020799023565,56064,80352,64,64,False,False,False,False,56064,64,False,512,0.0006,128,3652,0,total_elems,56064,80352,1,1,,,,0.0,64,4,56064,1876,222,56,,,,,,,,,,,,,,,,,,,,,,,,,,,,,,,,,,,,,,,,,,,,,,,
179.45120766600303,absorbing,,,,,,,L,6,3,1464,1566,31,60,91,16,0,1,0.053679583012126386,0.055363249994115904,0.10904283300624229,0.10980104201007634,79872,104288,64,64,False,False,False,False,79872,64,False,512,0.0006,128,3652,0,total_elems,79872,104288,1,1,,,,0.0,64,4,79872,2244,222,56,,,,,,,,,,,,,,,,,,,,,,,,,,,,,,,,,,,,,,,,,,,,,,,
179.63268275000155,absorbing,,,,,,,R,6,4,1464,1566,31,61,92,12,1,2,0.08148816699394956,0.06634012500580866,0.14782829199975822,0.1485907500027679,149696,143200,64,64,False,False,False,False,143200,64,False,512,0.0006,128,3652,0,total_elems,149696,143200,1,1,,,,0.0,64,4,143200,2744,222,56,,,,,,,,,,,,,,,,,,,,,,,,,,,,,,,,,,,,,,,,,,,,,,,
179.91494279100152,absorbing,,,,,,,L,7,4,1464,1566,31,61,92,14,0,2,0.1256667919951724,0.12215441600710619,0.24782120800227858,0.2484982919995673,260256,324384,128,256,False,False,False,False,260256,128,False,512,0.0006,128,3652,0,total_elems,260256,324384,1,1,,,,0.0,128,4,260256,3630,222,56,,,,,,,,,,,,,,,,,,,,,,,,,,,,,,,,,,,,,,,,,,,,,,,
180.3786465410085,absorbing,,,,,,,L,8,4,1464,1566,32,61,93,12,1,3,0.218186208003317,0.21169370799907483,0.42987991600239184,0.43064679199596867,500960,518064,128,256,False,False,False,False,500960,128,False,512,0.0006,128,3652,0,total_elems,500960,518064,1,1,,,,0.0,128,4,500960,4820,222,56,,,,,,,,,,,,,,,,,,,,,,,,,,,,,,,,,,,,,,,,,,,,,,,
181.09586308299913,absorbing,,,,,,,L,9,4,1464,1566,32,61,93,12,0,3,0.3563122080086032,0.32733679200464394,0.6836490000132471,0.6846340420015622,869792,765280,128,256,False,False,False,False,869792,128,False,512,0.0006,128,3652,0,total_elems,869792,765280,1,1,,,,0.0,128,4,869792,6018,222,56,,,,,,,,,,,,,,,,,,,,,,,,,,,,,,,,,,,,,,,,,,,,,,,
188.2363722910086,unswapping,,,,,,,,,,,,,,,,,,,,,,,,,,,,,,,,,,,,,,,,,,,,,,,128,4,869792,6018,222,56,0,both,0,28,28,0,0,,,,,0,,,,,,,,,,,,,,,,,,,,,,,,,,,,,,,,,,,
194.37613854100346,unswapping,,,,,,,,,,,,,,,,,,,,,,,,,,,,,,,,,,,,,,,,,,,,,,,256,4,960544,6136,222,56,0,both,1,27,27,9,9,,,,,0,,,,,,,,,,,,,,,,,,,,,,,,,,,,,,,,,,,
196.01479408300656,unswapping,,,,,,,,,,,,,,,,,,,,,,,,,,,,,,,,,,,,,,,,,,,,,,,128,4,544288,4856,222,56,0,left,0,28,28,9,18,,,,,18,,,,,,,,,,,,,,,,,,,,,,,,,,,,,,,,,,,
196.96434920800675,unswapping,,,,,,,,,,,,,,,,,,,,,,,,,,,,,,,,,,,,,,,,,,,,,,,128,4,242720,3560,222,56,0,left,1,27,27,14,32,,,,,46,,,,,,,,,,,,,,,,,,,,,,,,,,,,,,,,,,,
197.28846200001135,unswapping,,,,,,,,,,,,,,,,,,,,,,,,,,,,,,,,,,,,,,,,,,,,,,,64,4,180256,3008,222,56,0,right,0,28,28,8,40,,,,,62,,,,,,,,,,,,,,,,,,,,,,,,,,,,,,,,,,,
197.62746533300378,unswapping,,,,,,,,,,,,,,,,,,,,,,,,,,,,,,,,,,,,,,,,,,,,,,,64,4,134752,2672,222,56,0,right,1,27,27,11,51,,,,,82,,,,,,,,,,,,,,,,,,,,,,,,,,,,,,,,,,,
198.00508570800594,unswapping,,,,,,,,,,,,,,,,,,,,,,,,,,,,,,,,,,,,,,,,,,,,,,,64,4,77120,2064,222,56,1,both,0,28,28,13,13,,,,,106,,,,,,,,,,,,,,,,,,,,,,,,,,,,,,,,,,,
198.2522708750039,unswapping,,,,,,,,,,,,,,,,,,,,,,,,,,,,,,,,,,,,,,,,,,,,,,,32,4,57280,1816,222,56,1,both,1,27,27,5,18,,,,,118,,,,,,,,,,,,,,,,,,,,,,,,,,,,,,,,,,,
198.37229795800522,unswapping,,,,,,,,,,,,,,,,,,,,,,,,,,,,,,,,,,,,,,,,,,,,,,,32,4,47944,1638,222,56,1,left,0,28,28,8,26,,,,,130,,,,,,,,,,,,,,,,,,,,,,,,,,,,,,,,,,,
198.48272354100482,unswapping,,,,,,,,,,,,,,,,,,,,,,,,,,,,,,,,,,,,,,,,,,,,,,,32,4,37448,1446,222,56,1,left,1,27,27,9,35,,,,,146,,,,,,,,,,,,,,,,,,,,,,,,,,,,,,,,,,,
198.57800733300974,unswapping,,,,,,,,,,,,,,,,,,,,,,,,,,,,,,,,,,,,,,,,,,,,,,,32,4,33308,1324,222,56,1,right,0,28,28,9,44,,,,,156,,,,,,,,,,,,,,,,,,,,,,,,,,,,,,,,,,,
198.66297550000309,unswapping,,,,,,,,,,,,,,,,,,,,,,,,,,,,,,,,,,,,,,,,,,,,,,,32,4,29492,1236,222,56,1,right,1,27,27,7,51,,,,,166,,,,,,,,,,,,,,,,,,,,,,,,,,,,,,,,,,,
198.81655925000086,unswapping,,,,,,,,,,,,,,,,,,,,,,,,,,,,,,,,,,,,,,,,,,,,,,,32,4,23620,1084,222,56,2,both,0,28,28,10,10,,,,,178,,,,,,,,,,,,,,,,,,,,,,,,,,,,,,,,,,,
198.95637391600758,unswapping,,,,,,,,,,,,,,,,,,,,,,,,,,,,,,,,,,,,,,,,,,,,,,,32,4,18608,982,222,56,2,both,1,27,27,8,18,,,,,190,,,,,,,,,,,,,,,,,,,,,,,,,,,,,,,,,,,
199.02831587500987,unswapping,,,,,,,,,,,,,,,,,,,,,,,,,,,,,,,,,,,,,,,,,,,,,,,32,4,15440,922,222,56,2,left,0,28,28,5,23,,,,,196,,,,,,,,,,,,,,,,,,,,,,,,,,,,,,,,,,,
199.0985658330028,unswapping,,,,,,,,,,,,,,,,,,,,,,,,,,,,,,,,,,,,,,,,,,,,,,,32,4,12360,836,222,56,2,left,1,27,27,5,28,,,,,204,,,,,,,,,,,,,,,,,,,,,,,,,,,,,,,,,,,
199.16416779100837,unswapping,,,,,,,,,,,,,,,,,,,,,,,,,,,,,,,,,,,,,,,,,,,,,,,32,4,11712,808,222,56,2,right,0,28,28,4,32,,,,,204,,,,,,,,,,,,,,,,,,,,,,,,,,,,,,,,,,,
199.2286692080088,unswapping,,,,,,,,,,,,,,,,,,,,,,,,,,,,,,,,,,,,,,,,,,,,,,,32,4,11136,788,222,56,2,right,1,27,27,2,34,,,,,206,,,,,,,,,,,,,,,,,,,,,,,,,,,,,,,,,,,
199.34336391600664,unswapping,,,,,,,,,,,,,,,,,,,,,,,,,,,,,,,,,,,,,,,,,,,,,,,32,4,11064,780,222,56,3,both,0,28,28,3,3,,,,,210,,,,,,,,,,,,,,,,,,,,,,,,,,,,,,,,,,,
199.4573597080016,unswapping,,,,,,,,,,,,,,,,,,,,,,,,,,,,,,,,,,,,,,,,,,,,,,,32,4,11004,772,222,56,3,both,1,27,27,2,5,,,,,212,,,,,,,,,,,,,,,,,,,,,,,,,,,,,,,,,,,
199.52140241600864,unswapping,,,,,,,,,,,,,,,,,,,,,,,,,,,,,,,,,,,,,,,,,,,,,,,32,4,10868,756,222,56,3,left,0,28,28,2,7,,,,,214,,,,,,,,,,,,,,,,,,,,,,,,,,,,,,,,,,,
199.55178104100924,unswapping,,,,,,,,,,,,,,,,,,,,,,,,,,,,,,,,,,,,,,,,,,,,,,,32,4,10868,756,222,56,3,left,1,27,27,0,7,,,,,214,,,,,,,,,,,,,,,,,,,,,,,,,,,,,,,,,,,
199.58143275001203,unswapping,,,,,,,,,,,,,,,,,,,,,,,,,,,,,,,,,,,,,,,,,,,,,,,32,4,10868,756,222,56,3,right,0,28,28,0,7,,,,,214,,,,,,,,,,,,,,,,,,,,,,,,,,,,,,,,,,,
199.6112179160118,unswapping,,,,,,,,,,,,,,,,,,,,,,,,,,,,,,,,,,,,,,,,,,,,,,,32,4,10868,756,222,56,3,right,1,27,27,0,7,,,,,214,,,,,,,,,,,,,,,,,,,,,,,,,,,,,,,,,,,
199.66983745800098,unswapping,,,,,,,,,,,,,,,,,,,,,,,,,,,,,,,,,,,,,,,,,,,,,,,32,4,10868,756,222,56,4,both,0,28,28,0,0,,,,,214,,,,,,,,,,,,,,,,,,,,,,,,,,,,,,,,,,,
199.72878429100092,unswapping,,,,,,,,,,,,,,,,,,,,,,,,,,,,,,,,,,,,,,,,,,,,,,,32,4,10868,756,222,56,4,both,1,27,27,0,0,,,,,214,,,,,,,,,,,,,,,,,,,,,,,,,,,,,,,,,,,
199.75917462501093,unswapping,,,,,,,,,,,,,,,,,,,,,,,,,,,,,,,,,,,,,,,,,,,,,,,32,4,10868,756,222,56,4,left,0,28,28,0,0,,,,,214,,,,,,,,,,,,,,,,,,,,,,,,,,,,,,,,,,,
199.80781245800608,unswapping,,,,,,,,,,,,,,,,,,,,,,,,,,,,,,,,,,,,,,,,,,,,,,,32,4,10868,756,222,56,4,left,1,27,27,0,0,,,,,214,,,,,,,,,,,,,,,,,,,,,,,,,,,,,,,,,,,
199.86045500000182,unswapping,,,,,,,,,,,,,,,,,,,,,,,,,,,,,,,,,,,,,,,,,,,,,,,32,4,10868,756,222,56,4,right,0,28,28,0,0,,,,,214,,,,,,,,,,,,,,,,,,,,,,,,,,,,,,,,,,,
199.8996751250088,unswapping,,,,,,,,,,,,,,,,,,,,,,,,,,,,,,,,,,,,,,,,,,,,,,,32,4,10868,756,222,56,4,right,1,27,27,0,0,,,,,214,,,,,,,,,,,,,,,,,,,,,,,,,,,,,,,,,,,
200.85142095800256,unswap_cycle_summary,,,,,,,,,,,,32,61,93,,,,,,,,,,,,,,,,,,,512,0.0006,,,,,,,,,,,,,32,4,10868,756,222,56,,,,,,,,,,,,,,,,,,,,15,17.412317207999877,93,1885,1792,3,False,,,,,,,,,,,,,,,,,,,,,
202.84866350000084,rewiring,left,post_unswap,1.9648177080089226,1457,False,False,,,,,,,,,,,,,,,,,,,,,,,,,,,,,,,,,,,,,,,,,,,,,,,,,,,,,,,,,,,,,,,,,,15,,,,,,,20,False,3,1,none,0.0,123,1.9648100420017727,3.7371162909985287,,,,,,,,,,,,
204.6206293330033,rewiring,right,post_unswap,1.7713850000000093,1564,False,False,,,,,,,,,,,,,,,,,,,,,,,,,,,,,,,,,,,,,,,,,,,,,,,,,,,,,,,,,,,,,,,,,,15,,,,,,,20,False,3,1,none,0.0,123,1.7713798750046408,3.7371162909985287,,,,,,,,,,,,
204.6851805410115,cycle_progress,,,,,,,,,,,,32,61,93,,,,,,,,,,,,,,,,,,,512,0.0006,,3652,0,,,,,,,,,,32,4,10868,756,222,56,,,,,,,,,,,,,,,,,,,,15,,93,1885,1792,3,False,,,,,,,,,3.7371162909985287,,,,,,,,,,,,
204.783194750009,absorbing,,,,,,,L,1,0,1371,1697,32,61,93,12,0,0,0.031924625000101514,0.030994542001280934,0.06291916700138245,0.06378487500478514,10868,12256,32,32,False,False,False,False,10868,32,False,512,0.0006,128,10868,0,total_elems,10868,12256,1,1,,,,0.0,32,4,10868,756,222,56,,,,,,,,,,,,,,,,,,,,,,,,,,,,,,,,,,,,,,,,,,,,,,,
204.88255579100223,absorbing,,,,,,,L,2,0,1371,1697,32,61,93,14,0,0,0.033088708005379885,0.031120207990170456,0.06420891599555034,0.0649022919969866,12100,12256,32,32,False,False,False,False,12100,32,False,512,0.0006,128,10868,0,total_elems,12100,12256,1,1,,,,0.0,32,4,12100,846,222,56,,,,,,,,,,,,,,,,,,,,,,,,,,,,,,,,,,,,,,,,,,,,,,,
204.98248458300077,absorbing,,,,,,,R,2,1,1371,1697,32,61,93,11,0,0,0.0335503329988569,0.031196207986795343,0.06474654098565225,0.06541720899986103,16348,13756,32,32,False,False,False,False,13756,32,False,512,0.0006,128,10868,0,total_elems,16348,13756,1,1,,,,0.0,32,4,13756,914,222,56,,,,,,,,,,,,,,,,,,,,,,,,,,,,,,,,,,,,,,,,,,,,,,,
205.0859461660002,absorbing,,,,,,,R,2,2,1371,1697,32,61,93,11,0,0,0.033964417001698166,0.0342441249958938,0.06820854199759196,0.06887666699185502,19360,18828,32,32,False,False,False,False,18828,32,False,512,0.0006,128,10868,0,total_elems,19360,18828,1,1,,,,0.0,32,4,18828,1032,222,56,,,,,,,,,,,,,,,,,,,,,,,,,,,,,,,,,,,,,,,,,,,,,,,
205.19795120799972,absorbing,,,,,,,L,3,2,1371,1697,32,61,93,16,0,0,0.03481679200194776,0.04182204099197406,0.07663883299392182,0.07727974999579601,24992,50532,32,128,False,False,False,False,24992,32,False,512,0.0006,128,10868,0,total_elems,24992,50532,1,1,,,,0.0,32,4,24992,1234,222,56,,,,,,,,,,,,,,,,,,,,,,,,,,,,,,,,,,,,,,,,,,,,,,,
205.31923987501068,absorbing,,,,,,,L,4,2,1371,1697,32,61,93,12,0,0,0.04236887500155717,0.04351595899788663,0.0858848339994438,0.08657037500233855,45280,58464,64,128,False,False,False,False,45280,64,False,512,0.0006,128,10868,0,total_elems,45280,58464,1,1,,,,0.0,64,4,45280,1600,222,56,,,,,,,,,,,,,,,,,,,,,,,,,,,,,,,,,,,,,,,,,,,,,,,
205.46330079100153,absorbing,,,,,,,L,5,2,1371,1697,33,61,94,11,1,1,0.05152404100226704,0.05695374999777414,0.10847779100004118,0.10915449999447446,80224,96672,64,128,False,False,False,False,80224,64,False,512,0.0006,128,10868,0,total_elems,80224,96672,1,1,,,,0.0,64,4,80224,2024,222,56,,,,,,,,,,,,,,,,,,,,,,,,,,,,,,,,,,,,,,,,,,,,,,,
205.65448437500163,absorbing,,,,,,,R,5,3,1371,1697,33,61,94,15,0,1,0.08273462498618755,0.07306870800675824,0.1558033329929458,0.15654024999821559,153568,143840,64,128,False,False,False,False,143840,128,False,512,0.0006,128,10868,0,total_elems,153568,143840,1,1,,,,0.0,128,4,143840,2624,222,56,,,,,,,,,,,,,,,,,,,,,,,,,,,,,,,,,,,,,,,,,,,,,,,
205.91757833299926,absorbing,,,,,,,R,5,4,1371,1697,33,61,94,12,0,1,0.11442141600127798,0.11271554201084655,0.22713695801212452,0.22786250000353903,239072,182624,128,128,False,False,False,False,182624,128,False,512,0.0006,128,10868,0,total_elems,239072,182624,1,1,,,,0.0,128,4,182624,3040,222,56,,,,,,,,,,,,,,,,,,,,,,,,,,,,,,,,,,,,,,,,,,,,,,,
206.21533550000458,absorbing,,,,,,,R,5,5,1371,1697,33,62,95,10,1,2,0.13930554200487677,0.122719542006962,0.26202508401183877,0.2627222910086857,300896,276512,128,128,False,False,False,False,276512,128,False,512,0.0006,128,10868,0,total_elems,300896,276512,1,1,,,,0.0,128,4,276512,3630,222,56,,,,,,,,,,,,,,,,,,,,,,,,,,,,,,,,,,,,,,,,,,,,,,,
207.88769395800773,unswapping,,,,,,,,,,,,,,,,,,,,,,,,,,,,,,,,,,,,,,,,,,,,,,,128,4,291992,3812,222,56,0,both,0,28,28,6,6,,,,,0,,,,,,,,,,,,,,,,,,,,,,,,,,,,,,,,,,,
208.8513430830062,unswapping,,,,,,,,,,,,,,,,,,,,,,,,,,,,,,,,,,,,,,,,,,,,,,,127,4,251480,3342,222,56,0,both,1,27,27,8,14,,,,,0,,,,,,,,,,,,,,,,,,,,,,,,,,,,,,,,,,,
209.31341933300428,unswapping,,,,,,,,,,,,,,,,,,,,,,,,,,,,,,,,,,,,,,,,,,,,,,,126,4,142584,2552,222,56,0,left,0,28,28,14,28,,,,,28,,,,,,,,,,,,,,,,,,,,,,,,,,,,,,,,,,,
209.54811166600848,unswapping,,,,,,,,,,,,,,,,,,,,,,,,,,,,,,,,,,,,,,,,,,,,,,,64,4,65328,1806,222,56,0,left,1,27,27,15,43,,,,,58,,,,,,,,,,,,,,,,,,,,,,,,,,,,,,,,,,,
209.66511604101106,unswapping,,,,,,,,,,,,,,,,,,,,,,,,,,,,,,,,,,,,,,,,,,,,,,,64,4,59832,1670,222,56,0,right,0,28,28,7,50,,,,,68,,,,,,,,,,,,,,,,,,,,,,,,,,,,,,,,,,,
209.79400395799894,unswapping,,,,,,,,,,,,,,,,,,,,,,,,,,,,,,,,,,,,,,,,,,,,,,,64,4,53192,1554,222,56,0,right,1,27,27,8,58,,,,,84,,,,,,,,,,,,,,,,,,,,,,,,,,,,,,,,,,,
210.00569820799865,unswapping,,,,,,,,,,,,,,,,,,,,,,,,,,,,,,,,,,,,,,,,,,,,,,,64,4,30096,1276,222,56,1,both,0,28,28,15,15,,,,,104,,,,,,,,,,,,,,,,,,,,,,,,,,,,,,,,,,,
210.15136779101158,unswapping,,,,,,,,,,,,,,,,,,,,,,,,,,,,,,,,,,,,,,,,,,,,,,,64,4,25896,1156,222,56,1,both,1,27,27,6,21,,,,,120,,,,,,,,,,,,,,,,,,,,,,,,,,,,,,,,,,,
210.23396637500264,unswapping,,,,,,,,,,,,,,,,,,,,,,,,,,,,,,,,,,,,,,,,,,,,,,,64,4,23928,1088,222,56,1,left,0,28,28,5,26,,,,,128,,,,,,,,,,,,,,,,,,,,,,,,,,,,,,,,,,,
210.30962854099926,unswapping,,,,,,,,,,,,,,,,,,,,,,,,,,,,,,,,,,,,,,,,,,,,,,,64,4,22000,1046,222,56,1,left,1,27,27,4,30,,,,,136,,,,,,,,,,,,,,,,,,,,,,,,,,,,,,,,,,,
210.38583183300216,unswapping,,,,,,,,,,,,,,,,,,,,,,,,,,,,,,,,,,,,,,,,,,,,,,,64,4,20360,990,222,56,1,right,0,28,28,5,35,,,,,140,,,,,,,,,,,,,,,,,,,,,,,,,,,,,,,,,,,
210.45452654101246,unswapping,,,,,,,,,,,,,,,,,,,,,,,,,,,,,,,,,,,,,,,,,,,,,,,32,4,13976,914,222,56,1,right,1,27,27,2,37,,,,,144,,,,,,,,,,,,,,,,,,,,,,,,,,,,,,,,,,,
210.57116033299826,unswapping,,,,,,,,,,,,,,,,,,,,,,,,,,,,,,,,,,,,,,,,,,,,,,,32,4,13924,908,222,56,2,both,0,28,28,2,2,,,,,146,,,,,,,,,,,,,,,,,,,,,,,,,,,,,,,,,,,
210.68029670800024,unswapping,,,,,,,,,,,,,,,,,,,,,,,,,,,,,,,,,,,,,,,,,,,,,,,32,4,13876,904,222,56,2,both,1,27,27,1,3,,,,,146,,,,,,,,,,,,,,,,,,,,,,,,,,,,,,,,,,,
210.7120301660034,unswapping,,,,,,,,,,,,,,,,,,,,,,,,,,,,,,,,,,,,,,,,,,,,,,,32,4,13876,904,222,56,2,left,0,28,28,0,3,,,,,146,,,,,,,,,,,,,,,,,,,,,,,,,,,,,,,,,,,
210.7435035410017,unswapping,,,,,,,,,,,,,,,,,,,,,,,,,,,,,,,,,,,,,,,,,,,,,,,32,4,13876,904,222,56,2,left,1,27,27,0,3,,,,,146,,,,,,,,,,,,,,,,,,,,,,,,,,,,,,,,,,,
210.81021675000375,unswapping,,,,,,,,,,,,,,,,,,,,,,,,,,,,,,,,,,,,,,,,,,,,,,,32,4,11156,864,222,56,2,right,0,28,28,2,5,,,,,148,,,,,,,,,,,,,,,,,,,,,,,,,,,,,,,,,,,
210.8612078330043,unswapping,,,,,,,,,,,,,,,,,,,,,,,,,,,,,,,,,,,,,,,,,,,,,,,32,4,10868,852,222,56,2,right,1,27,27,1,6,,,,,148,,,,,,,,,,,,,,,,,,,,,,,,,,,,,,,,,,,
210.9751143750036,unswapping,,,,,,,,,,,,,,,,,,,,,,,,,,,,,,,,,,,,,,,,,,,,,,,32,4,10696,842,222,56,3,both,0,28,28,2,2,,,,,152,,,,,,,,,,,,,,,,,,,,,,,,,,,,,,,,,,,
211.07556066600955,unswapping,,,,,,,,,,,,,,,,,,,,,,,,,,,,,,,,,,,,,,,,,,,,,,,32,4,10568,834,222,56,3,both,1,27,27,1,3,,,,,154,,,,,,,,,,,,,,,,,,,,,,,,,,,,,,,,,,,
211.13691391600878,unswapping,,,,,,,,,,,,,,,,,,,,,,,,,,,,,,,,,,,,,,,,,,,,,,,32,4,10472,830,222,56,3,left,0,28,28,1,4,,,,,156,,,,,,,,,,,,,,,,,,,,,,,,,,,,,,,,,,,
211.16627462500765,unswapping,,,,,,,,,,,,,,,,,,,,,,,,,,,,,,,,,,,,,,,,,,,,,,,32,4,10472,830,222,56,3,left,1,27,27,0,4,,,,,156,,,,,,,,,,,,,,,,,,,,,,,,,,,,,,,,,,,
211.19572987500578,unswapping,,,,,,,,,,,,,,,,,,,,,,,,,,,,,,,,,,,,,,,,,,,,,,,32,4,10472,830,222,56,3,right,0,28,28,0,4,,,,,156,,,,,,,,,,,,,,,,,,,,,,,,,,,,,,,,,,,
211.24507029099914,unswapping,,,,,,,,,,,,,,,,,,,,,,,,,,,,,,,,,,,,,,,,,,,,,,,32,4,10424,826,222,56,3,right,1,27,27,1,5,,,,,156,,,,,,,,,,,,,,,,,,,,,,,,,,,,,,,,,,,
211.30454429100791,unswapping,,,,,,,,,,,,,,,,,,,,,,,,,,,,,,,,,,,,,,,,,,,,,,,32,4,10424,826,222,56,4,both,0,28,28,0,0,,,,,156,,,,,,,,,,,,,,,,,,,,,,,,,,,,,,,,,,,
211.36230562500714,unswapping,,,,,,,,,,,,,,,,,,,,,,,,,,,,,,,,,,,,,,,,,,,,,,,32,4,10424,826,222,56,4,both,1,27,27,0,0,,,,,156,,,,,,,,,,,,,,,,,,,,,,,,,,,,,,,,,,,
211.39223345799837,unswapping,,,,,,,,,,,,,,,,,,,,,,,,,,,,,,,,,,,,,,,,,,,,,,,32,4,10424,826,222,56,4,left,0,28,28,0,0,,,,,156,,,,,,,,,,,,,,,,,,,,,,,,,,,,,,,,,,,
211.42176529100107,unswapping,,,,,,,,,,,,,,,,,,,,,,,,,,,,,,,,,,,,,,,,,,,,,,,32,4,10424,826,222,56,4,left,1,27,27,0,0,,,,,156,,,,,,,,,,,,,,,,,,,,,,,,,,,,,,,,,,,
211.45090945799893,unswapping,,,,,,,,,,,,,,,,,,,,,,,,,,,,,,,,,,,,,,,,,,,,,,,32,4,10424,826,222,56,4,right,0,28,28,0,0,,,,,156,,,,,,,,,,,,,,,,,,,,,,,,,,,,,,,,,,,
211.48009612500027,unswapping,,,,,,,,,,,,,,,,,,,,,,,,,,,,,,,,,,,,,,,,,,,,,,,32,4,10424,826,222,56,4,right,1,27,27,0,0,,,,,156,,,,,,,,,,,,,,,,,,,,,,,,,,,,,,,,,,,
212.46953895800107,unswap_cycle_summary,,,,,,,,,,,,33,62,95,,,,,,,,,,,,,,,,,,,512,0.0006,,,,,,,,,,,,,32,4,10424,826,222,56,,,,,,,,,,,,,,,,,,,,16,4.795614749993547,95,1885,1790,2,False,,,,,,,,,,,,,,,,,,,,,
214.46897675000946,rewiring,left,post_unswap,1.9654466249921825,1368,False,False,,,,,,,,,,,,,,,,,,,,,,,,,,,,,,,,,,,,,,,,,,,,,,,,,,,,,,,,,,,,,,,,,,16,,,,,,,20,False,2,1,none,0.0,123,1.9654394170065643,3.6899489580100635,,,,,,,,,,,,
216.19314183300594,rewiring,right,post_unswap,1.723913541994989,1694,False,False,,,,,,,,,,,,,,,,,,,,,,,,,,,,,,,,,,,,,,,,,,,,,,,,,,,,,,,,,,,,,,,,,,16,,,,,,,20,False,2,1,none,0.0,123,1.7239086659974419,3.6899489580100635,,,,,,,,,,,,
216.26098529101,cycle_progress,,,,,,,,,,,,33,62,95,,,,,,,,,,,,,,,,,,,512,0.0006,,10868,0,,,,,,,,,,32,4,10424,826,222,56,,,,,,,,,,,,,,,,,,,,16,,95,1885,1790,2,False,,,,,,,,,3.6899489580100635,,,,,,,,,,,,
216.36365812500298,absorbing,,,,,,,L,1,0,1394,1549,33,62,95,15,0,0,0.03286979199037887,0.032344999999622814,0.06521479199000169,0.06602279101207387,10424,13924,32,32,False,False,False,False,10424,32,False,512,0.0006,128,10424,0,total_elems,10424,13924,1,1,,,,0.0,32,4,10424,826,222,56,,,,,,,,,,,,,,,,,,,,,,,,,,,,,,,,,,,,,,,,,,,,,,,
216.46741995800403,absorbing,,,,,,,R,1,1,1394,1549,33,62,95,14,0,0,0.03399504200206138,0.03273662499850616,0.06673166700056754,0.06740254099713638,16260,13924,32,32,False,False,False,False,13924,32,False,512,0.0006,128,10424,0,total_elems,16260,13924,1,1,,,,0.0,32,4,13924,972,222,56,,,,,,,,,,,,,,,,,,,,,,,,,,,,,,,,,,,,,,,,,,,,,,,
216.5750340000086,absorbing,,,,,,,R,1,2,1394,1549,33,63,96,10,1,1,0.035951583995483816,0.03486737499770243,0.07081895899318624,0.07148204199620523,23104,22112,32,32,False,False,False,False,22112,32,False,512,0.0006,128,10424,0,total_elems,23104,22112,1,1,,,,0.0,32,4,22112,1160,222,56,,,,,,,,,,,,,,,,,,,,,,,,,,,,,,,,,,,,,,,,,,,,,,,
216.68960012499883,absorbing,,,,,,,L,2,2,1394,1549,33,63,96,14,0,1,0.039468167000450194,0.038219125010073185,0.07768729201052338,0.07834033400285989,34740,37936,64,64,False,False,False,False,34740,64,False,512,0.0006,128,10424,0,total_elems,34740,37936,1,1,,,,0.0,64,4,34740,1350,222,56,,,,,,,,,,,,,,,,,,,,,,,,,,,,,,,,,,,,,,,,,,,,,,,
216.81936820800183,absorbing,,,,,,,R,2,3,1394,1549,33,63,96,8,0,1,0.05159620800986886,0.04118279099930078,0.09277899900916964,0.09344520799641032,71448,50940,64,64,False,False,False,False,50940,64,False,512,0.0006,128,10424,0,total_elems,71448,50940,1,1,,,,0.0,64,4,50940,1586,222,56,,,,,,,,,,,,,,,,,,,,,,,,,,,,,,,,,,,,,,,,,,,,,,,
216.95908229101042,absorbing,,,,,,,R,2,4,1394,1549,33,64,97,6,1,2,0.05563325001276098,0.04703879199223593,0.10267204200499691,0.10334512499684934,86104,69508,64,64,False,False,False,False,69508,64,False,512,0.0006,128,10424,0,total_elems,86104,69508,1,1,,,,0.0,64,4,69508,1804,222,56,,,,,,,,,,,,,,,,,,,,,,,,,,,,,,,,,,,,,,,,,,,,,,,
217.14490716600267,absorbing,,,,,,,R,2,5,1394,1549,33,64,97,5,0,2,0.07957625000562984,0.06871516699902713,0.14829141700465698,0.1489555420121178,108568,94772,64,64,False,False,False,False,94772,64,False,512,0.0006,128,10424,0,total_elems,108568,94772,1,1,,,,0.0,64,4,94772,1948,222,56,,,,,,,,,,,,,,,,,,,,,,,,,,,,,,,,,,,,,,,,,,,,,,,
217.3415792910091,absorbing,,,,,,,R,2,6,1394,1549,33,64,97,6,0,2,0.09583712500170805,0.06324399998993613,0.15908112499164417,0.15975399999297224,156120,121628,128,64,False,False,False,False,121628,64,False,512,0.0006,128,10424,0,total_elems,156120,121628,1,1,,,,0.0,64,4,121628,2108,222,56,,,,,,,,,,,,,,,,,,,,,,,,,,,,,,,,,,,,,,,,,,,,,,,
217.60930691601243,absorbing,,,,,,,R,2,7,1394,1549,33,65,98,6,1,3,0.11830420899786986,0.11090029099432286,0.22920449999219272,0.22988175001228228,186520,172892,128,128,False,False,False,False,172892,128,False,512,0.0006,128,10424,0,total_elems,186520,172892,1,1,,,,0.0,128,4,172892,2458,222,56,,,,,,,,,,,,,,,,,,,,,,,,,,,,,,,,,,,,,,,,,,,,,,,
217.90893620801216,absorbing,,,,,,,R,2,8,1394,1549,33,65,98,7,0,3,0.15927774998999666,0.10255083300580736,0.261828582995804,0.2625202920025913,285976,213852,128,128,False,False,False,False,213852,128,False,512,0.0006,128,10424,0,total_elems,285976,213852,1,1,,,,0.0,128,4,213852,2714,222,56,,,,,,,,,,,,,,,,,,,,,,,,,,,,,,,,,,,,,,,,,,,,,,,
218.22769258300832,absorbing,,,,,,,R,2,9,1394,1549,33,65,98,3,0,3,0.1860210409940919,0.09508554099011235,0.28110658198420424,0.2818363330006832,344344,217308,128,128,False,False,False,False,217308,128,False,512,0.0006,128,10424,0,total_elems,344344,217308,1,1,,,,0.0,128,4,217308,2786,222,56,,,,,,,,,,,,,,,,,,,,,,,,,,,,,,,,,,,,,,,,,,,,,,,
218.55225570801122,absorbing,,,,,,,R,2,10,1394,1549,33,65,98,2,0,3,0.18804275000002235,0.09830095800862182,0.28634370800864417,0.28707462501188274,348184,220764,128,128,False,False,False,False,220764,128,False,512,0.0006,128,10424,0,total_elems,348184,220764,1,1,,,,0.0,128,4,220764,2850,222,56,,,,,,,,,,,,,,,,,,,,,,,,,,,,,,,,,,,,,,,,,,,,,,,
218.87762550001207,absorbing,,,,,,,R,2,11,1394,1549,33,65,98,3,0,3,0.1888290000060806,0.09906841699557845,0.28789741700165905,0.2885934579971945,355864,228444,128,128,False,False,False,False,228444,128,False,512,0.0006,128,10424,0,total_elems,355864,228444,1,1,,,,0.0,128,4,228444,2922,222,56,,,,,,,,,,,,,,,,,,,,,,,,,,,,,,,,,,,,,,,,,,,,,,,
219.21980204099964,absorbing,,,,,,,R,2,12,1394,1549,33,65,98,4,0,3,0.19867279099707957,0.10589875000005122,0.3045715409971308,0.3053011250012787,392728,242780,128,128,False,False,False,False,242780,128,False,512,0.0006,128,10424,0,total_elems,392728,242780,1,1,,,,0.0,128,4,242780,3082,222,56,,,,,,,,,,,,,,,,,,,,,,,,,,,,,,,,,,,,,,,,,,,,,,,
219.60745170801238,absorbing,,,,,,,R,2,13,1394,1549,33,65,98,4,0,3,0.21963099999993574,0.1302037090063095,0.34983470900624525,0.35054916600347497,440856,299100,128,128,False,False,False,False,299100,128,False,512,0.0006,128,10424,0,total_elems,440856,299100,1,1,,,,0.0,128,4,299100,3386,222,56,,,,,,,,,,,,,,,,,,,,,,,,,,,,,,,,,,,,,,,,,,,,,,,
222.13210370800516,unswapping,,,,,,,,,,,,,,,,,,,,,,,,,,,,,,,,,,,,,,,,,,,,,,,128,4,330008,3488,222,56,0,both,0,28,28,8,8,,,,,0,,,,,,,,,,,,,,,,,,,,,,,,,,,,,,,,,,,
223.20958295800665,unswapping,,,,,,,,,,,,,,,,,,,,,,,,,,,,,,,,,,,,,,,,,,,,,,,128,4,158264,2556,222,56,0,both,1,27,27,11,19,,,,,0,,,,,,,,,,,,,,,,,,,,,,,,,,,,,,,,,,,
223.49228725000285,unswapping,,,,,,,,,,,,,,,,,,,,,,,,,,,,,,,,,,,,,,,,,,,,,,,64,4,89944,2024,222,56,0,left,0,28,28,12,31,,,,,24,,,,,,,,,,,,,,,,,,,,,,,,,,,,,,,,,,,
223.6566563330125,unswapping,,,,,,,,,,,,,,,,,,,,,,,,,,,,,,,,,,,,,,,,,,,,,,,64,4,73944,1800,222,56,0,left,1,27,27,7,38,,,,,38,,,,,,,,,,,,,,,,,,,,,,,,,,,,,,,,,,,
223.80088158301078,unswapping,,,,,,,,,,,,,,,,,,,,,,,,,,,,,,,,,,,,,,,,,,,,,,,64,4,51160,1584,222,56,0,right,0,28,28,6,44,,,,,38,,,,,,,,,,,,,,,,,,,,,,,,,,,,,,,,,,,
223.91528841599938,unswapping,,,,,,,,,,,,,,,,,,,,,,,,,,,,,,,,,,,,,,,,,,,,,,,32,4,29144,1338,222,56,0,right,1,27,27,9,53,,,,,56,,,,,,,,,,,,,,,,,,,,,,,,,,,,,,,,,,,
224.08139908300654,unswapping,,,,,,,,,,,,,,,,,,,,,,,,,,,,,,,,,,,,,,,,,,,,,,,32,4,20920,1174,222,56,1,both,0,28,28,6,6,,,,,72,,,,,,,,,,,,,,,,,,,,,,,,,,,,,,,,,,,
224.2263175410044,unswapping,,,,,,,,,,,,,,,,,,,,,,,,,,,,,,,,,,,,,,,,,,,,,,,32,4,17672,1092,222,56,1,both,1,27,27,8,14,,,,,86,,,,,,,,,,,,,,,,,,,,,,,,,,,,,,,,,,,
224.30058654100867,unswapping,,,,,,,,,,,,,,,,,,,,,,,,,,,,,,,,,,,,,,,,,,,,,,,32,4,15560,1026,222,56,1,left,0,28,28,5,19,,,,,92,,,,,,,,,,,,,,,,,,,,,,,,,,,,,,,,,,,
224.37190837500384,unswapping,,,,,,,,,,,,,,,,,,,,,,,,,,,,,,,,,,,,,,,,,,,,,,,32,4,13720,972,222,56,1,left,1,27,27,5,24,,,,,94,,,,,,,,,,,,,,,,,,,,,,,,,,,,,,,,,,,
224.43645458300307,unswapping,,,,,,,,,,,,,,,,,,,,,,,,,,,,,,,,,,,,,,,,,,,,,,,32,4,12952,938,222,56,1,right,0,28,28,2,26,,,,,98,,,,,,,,,,,,,,,,,,,,,,,,,,,,,,,,,,,
224.5008918329986,unswapping,,,,,,,,,,,,,,,,,,,,,,,,,,,,,,,,,,,,,,,,,,,,,,,32,4,11832,908,222,56,1,right,1,27,27,2,28,,,,,100,,,,,,,,,,,,,,,,,,,,,,,,,,,,,,,,,,,
224.6166489580064,unswapping,,,,,,,,,,,,,,,,,,,,,,,,,,,,,,,,,,,,,,,,,,,,,,,32,4,11352,892,222,56,2,both,0,28,28,2,2,,,,,102,,,,,,,,,,,,,,,,,,,,,,,,,,,,,,,,,,,
224.72981137500028,unswapping,,,,,,,,,,,,,,,,,,,,,,,,,,,,,,,,,,,,,,,,,,,,,,,32,4,10632,860,222,56,2,both,1,27,27,2,4,,,,,106,,,,,,,,,,,,,,,,,,,,,,,,,,,,,,,,,,,
224.79330895800376,unswapping,,,,,,,,,,,,,,,,,,,,,,,,,,,,,,,,,,,,,,,,,,,,,,,32,4,10264,834,222,56,2,left,0,28,28,4,8,,,,,114,,,,,,,,,,,,,,,,,,,,,,,,,,,,,,,,,,,
224.82237204100238,unswapping,,,,,,,,,,,,,,,,,,,,,,,,,,,,,,,,,,,,,,,,,,,,,,,32,4,10264,834,222,56,2,left,1,27,27,0,8,,,,,114,,,,,,,,,,,,,,,,,,,,,,,,,,,,,,,,,,,
224.88252783300413,unswapping,,,,,,,,,,,,,,,,,,,,,,,,,,,,,,,,,,,,,,,,,,,,,,,32,4,10216,830,222,56,2,right,0,28,28,1,9,,,,,116,,,,,,,,,,,,,,,,,,,,,,,,,,,,,,,,,,,
224.93263883300824,unswapping,,,,,,,,,,,,,,,,,,,,,,,,,,,,,,,,,,,,,,,,,,,,,,,32,4,10144,824,222,56,2,right,1,27,27,1,10,,,,,116,,,,,,,,,,,,,,,,,,,,,,,,,,,,,,,,,,,
225.04500125000777,unswapping,,,,,,,,,,,,,,,,,,,,,,,,,,,,,,,,,,,,,,,,,,,,,,,32,4,10084,818,222,56,3,both,0,28,28,2,2,,,,,116,,,,,,,,,,,,,,,,,,,,,,,,,,,,,,,,,,,
225.10237691600923,unswapping,,,,,,,,,,,,,,,,,,,,,,,,,,,,,,,,,,,,,,,,,,,,,,,32,4,10084,818,222,56,3,both,1,27,27,0,2,,,,,116,,,,,,,,,,,,,,,,,,,,,,,,,,,,,,,,,,,
225.1321665830037,unswapping,,,,,,,,,,,,,,,,,,,,,,,,,,,,,,,,,,,,,,,,,,,,,,,32,4,10084,818,222,56,3,left,0,28,28,0,2,,,,,116,,,,,,,,,,,,,,,,,,,,,,,,,,,,,,,,,,,
225.1612132500013,unswapping,,,,,,,,,,,,,,,,,,,,,,,,,,,,,,,,,,,,,,,,,,,,,,,32,4,10084,818,222,56,3,left,1,27,27,0,2,,,,,116,,,,,,,,,,,,,,,,,,,,,,,,,,,,,,,,,,,
225.19001391599886,unswapping,,,,,,,,,,,,,,,,,,,,,,,,,,,,,,,,,,,,,,,,,,,,,,,32,4,10084,818,222,56,3,right,0,28,28,0,2,,,,,116,,,,,,,,,,,,,,,,,,,,,,,,,,,,,,,,,,,
225.2185819580045,unswapping,,,,,,,,,,,,,,,,,,,,,,,,,,,,,,,,,,,,,,,,,,,,,,,32,4,10084,818,222,56,3,right,1,27,27,0,2,,,,,116,,,,,,,,,,,,,,,,,,,,,,,,,,,,,,,,,,,
225.27698883300764,unswapping,,,,,,,,,,,,,,,,,,,,,,,,,,,,,,,,,,,,,,,,,,,,,,,32,4,10084,818,222,56,4,both,0,28,28,0,0,,,,,116,,,,,,,,,,,,,,,,,,,,,,,,,,,,,,,,,,,
225.33441400001175,unswapping,,,,,,,,,,,,,,,,,,,,,,,,,,,,,,,,,,,,,,,,,,,,,,,32,4,10084,818,222,56,4,both,1,27,27,0,0,,,,,116,,,,,,,,,,,,,,,,,,,,,,,,,,,,,,,,,,,
225.36358858300082,unswapping,,,,,,,,,,,,,,,,,,,,,,,,,,,,,,,,,,,,,,,,,,,,,,,32,4,10084,818,222,56,4,left,0,28,28,0,0,,,,,116,,,,,,,,,,,,,,,,,,,,,,,,,,,,,,,,,,,
225.39259191601013,unswapping,,,,,,,,,,,,,,,,,,,,,,,,,,,,,,,,,,,,,,,,,,,,,,,32,4,10084,818,222,56,4,left,1,27,27,0,0,,,,,116,,,,,,,,,,,,,,,,,,,,,,,,,,,,,,,,,,,
225.42149845800304,unswapping,,,,,,,,,,,,,,,,,,,,,,,,,,,,,,,,,,,,,,,,,,,,,,,32,4,10084,818,222,56,4,right,0,28,28,0,0,,,,,116,,,,,,,,,,,,,,,,,,,,,,,,,,,,,,,,,,,
225.44996270800766,unswapping,,,,,,,,,,,,,,,,,,,,,,,,,,,,,,,,,,,,,,,,,,,,,,,32,4,10084,818,222,56,4,right,1,27,27,0,0,,,,,116,,,,,,,,,,,,,,,,,,,,,,,,,,,,,,,,,,,
226.49707041600777,unswap_cycle_summary,,,,,,,,,,,,33,65,98,,,,,,,,,,,,,,,,,,,512,0.0006,,,,,,,,,,,,,32,4,10084,818,222,56,,,,,,,,,,,,,,,,,,,,17,5.3647598329989705,98,1885,1787,3,False,,,,,,,,,,,,,,,,,,,,,
228.5505884160084,rewiring,left,post_unswap,2.0168548750079935,1394,False,False,,,,,,,,,,,,,,,,,,,,,,,,,,,,,,,,,,,,,,,,,,,,,,,,,,,,,,,,,,,,,,,,,,17,,,,,,,20,False,3,1,none,0.0,123,2.0168482500012033,3.742987332996563,,,,,,,,,,,,
230.2763702910015,rewiring,right,post_unswap,1.7254366250126623,1538,False,False,,,,,,,,,,,,,,,,,,,,,,,,,,,,,,,,,,,,,,,,,,,,,,,,,,,,,,,,,,,,,,,,,,17,,,,,,,20,False,3,1,none,0.0,123,1.725427208992187,3.742987332996563,,,,,,,,,,,,
230.34920012501243,cycle_progress,,,,,,,,,,,,33,65,98,,,,,,,,,,,,,,,,,,,512,0.0006,,10424,0,,,,,,,,,,32,4,10084,818,222,56,,,,,,,,,,,,,,,,,,,,17,,98,1885,1787,3,False,,,,,,,,,3.742987332996563,,,,,,,,,,,,
230.4515760409995,absorbing,,,,,,,L,1,0,1454,1542,33,65,98,15,0,0,0.03194825000537094,0.032097916991915554,0.06404616699728649,0.06491583300521597,10084,12632,32,32,False,False,False,False,10084,32,False,512,0.0006,128,10084,0,total_elems,10084,12632,1,1,,,,0.0,32,4,10084,818,222,56,,,,,,,,,,,,,,,,,,,,,,,,,,,,,,,,,,,,,,,,,,,,,,,
230.5557615830039,absorbing,,,,,,,R,1,1,1454,1542,33,65,98,10,0,0,0.03385404199070763,0.03166720800800249,0.06552124999871012,0.06617262499639764,15440,12632,32,32,False,False,False,False,12632,32,False,512,0.0006,128,10084,0,total_elems,15440,12632,1,1,,,,0.0,32,4,12632,932,222,56,,,,,,,,,,,,,,,,,,,,,,,,,,,,,,,,,,,,,,,,,,,,,,,
230.66343708299974,absorbing,,,,,,,R,1,2,1454,1542,33,65,98,8,0,0,0.03517691600427497,0.033260875003179535,0.06843779100745451,0.06920545900356956,17980,15520,32,32,False,False,False,False,15520,32,False,512,0.0006,128,10084,0,total_elems,17980,15520,1,1,,,,0.0,32,4,15520,1022,222,56,,,,,,,,,,,,,,,,,,,,,,,,,,,,,,,,,,,,,,,,,,,,,,,
230.77173445800145,absorbing,,,,,,,R,1,3,1454,1542,33,65,98,6,0,0,0.036204459000146016,0.03299787500873208,0.0692023340088781,0.06985908400383778,21884,19288,32,32,False,False,False,False,19288,32,False,512,0.0006,128,10084,0,total_elems,21884,19288,1,1,,,,0.0,32,4,19288,1136,222,56,,,,,,,,,,,,,,,,,,,,,,,,,,,,,,,,,,,,,,,,,,,,,,,
230.88295150001068,absorbing,,,,,,,R,1,4,1454,1542,33,65,98,6,0,0,0.03749795799376443,0.03456287499284372,0.07206083298660815,0.0727697080001235,29084,23912,32,32,False,False,False,False,23912,32,False,512,0.0006,128,10084,0,total_elems,29084,23912,1,1,,,,0.0,32,4,23912,1224,222,56,,,,,,,,,,,,,,,,,,,,,,,,,,,,,,,,,,,,,,,,,,,,,,,
230.99860066600377,absorbing,,,,,,,R,1,5,1454,1542,33,65,98,5,0,0,0.040804582997225225,0.03562850000162143,0.07643308299884666,0.07731329200032633,41164,30776,64,48,False,False,False,False,30776,48,False,512,0.0006,128,10084,0,total_elems,41164,30776,1,1,,,,0.0,48,4,30776,1332,222,56,,,,,,,,,,,,,,,,,,,,,,,,,,,,,,,,,,,,,,,,,,,,,,,
231.12670812501165,absorbing,,,,,,,L,2,5,1454,1542,33,65,98,16,0,0,0.045133082996471785,0.043653667002217844,0.08878674999868963,0.08949245800613426,50972,52024,64,64,False,False,False,False,50972,64,False,512,0.0006,128,10084,0,total_elems,50972,52024,1,1,,,,0.0,64,4,50972,1616,222,56,,,,,,,,,,,,,,,,,,,,,,,,,,,,,,,,,,,,,,,,,,,,,,,
231.27392262501235,absorbing,,,,,,,R,2,6,1454,1542,33,65,98,5,0,0,0.06013312499271706,0.0480077920074109,0.10814091700012796,0.10882058400602546,93880,74012,64,64,False,False,False,False,74012,64,False,512,0.0006,128,10084,0,total_elems,93880,74012,1,1,,,,0.0,64,4,74012,1828,222,56,,,,,,,,,,,,,,,,,,,,,,,,,,,,,,,,,,,,,,,,,,,,,,,
231.4792098330072,absorbing,,,,,,,R,2,7,1454,1542,33,65,98,6,0,0,0.09079787500377279,0.07436774999951012,0.1651656250032829,0.16590170899871737,130360,107804,64,64,False,False,False,False,107804,64,False,512,0.0006,128,10084,0,total_elems,130360,107804,1,1,,,,0.0,64,4,107804,2102,222,56,,,,,,,,,,,,,,,,,,,,,,,,,,,,,,,,,,,,,,,,,,,,,,,
231.71062658300798,absorbing,,,,,,,R,2,8,1454,1542,33,65,98,6,0,0,0.11559983300685417,0.07542216600268148,0.19102199900953565,0.19170704200223554,197432,147228,128,128,False,False,False,False,147228,128,False,512,0.0006,128,10084,0,total_elems,197432,147228,1,1,,,,0.0,128,4,147228,2342,222,56,,,,,,,,,,,,,,,,,,,,,,,,,,,,,,,,,,,,,,,,,,,,,,,
231.98351900000125,absorbing,,,,,,,R,2,9,1454,1542,33,65,98,6,0,0,0.14445637501194142,0.08834241700242274,0.23279879201436415,0.23351466600433923,260920,180764,128,128,False,False,False,False,180764,128,False,512,0.0006,128,10084,0,total_elems,260920,180764,1,1,,,,0.0,128,4,180764,2582,222,56,,,,,,,,,,,,,,,,,,,,,,,,,,,,,,,,,,,,,,,,,,,,,,,
232.27428941600374,absorbing,,,,,,,R,2,10,1454,1542,33,65,98,5,0,0,0.1596962089970475,0.09146320800937247,0.25115941700641997,0.2518897499976447,310328,207516,128,128,False,False,False,False,207516,128,False,512,0.0006,128,10084,0,total_elems,310328,207516,1,1,,,,0.0,128,4,207516,2806,222,56,,,,,,,,,,,,,,,,,,,,,,,,,,,,,,,,,,,,,,,,,,,,,,,
232.59169658301107,absorbing,,,,,,,R,2,11,1454,1542,33,67,100,3,2,2,0.17132362500706222,0.10627058400132228,0.2775942090083845,0.2783214160008356,351800,242844,128,128,False,False,False,False,242844,128,False,512,0.0006,128,10084,0,total_elems,351800,242844,1,1,,,,0.0,128,4,242844,2974,222,56,,,,,,,,,,,,,,,,,,,,,,,,,,,,,,,,,,,,,,,,,,,,,,,
232.9445268749987,absorbing,,,,,,,R,2,12,1454,1542,33,68,101,4,1,3,0.20303854199300986,0.10954433299775701,0.31258287499076687,0.3133077500096988,388664,251548,128,128,False,False,False,False,251548,128,False,512,0.0006,128,10084,0,total_elems,388664,251548,1,1,,,,0.0,128,4,251548,3054,222,56,,,,,,,,,,,,,,,,,,,,,,,,,,,,,,,,,,,,,,,,,,,,,,,
233.3102075830102,absorbing,,,,,,,R,2,13,1454,1542,33,68,101,4,0,3,0.2086662920046365,0.1170160420006141,0.3256823340052506,0.3264379999891389,387640,273180,128,128,False,False,False,False,273180,128,False,512,0.0006,128,10084,0,total_elems,387640,273180,1,1,,,,0.0,128,4,273180,3222,222,56,,,,,,,,,,,,,,,,,,,,,,,,,,,,,,,,,,,,,,,,,,,,,,,
233.73883212500368,absorbing,,,,,,,R,2,14,1454,1542,33,68,101,6,0,3,0.22978770900226664,0.1584707080037333,0.38825841700599995,0.3889875419990858,433208,340764,128,128,False,False,False,False,340764,128,False,512,0.0006,128,10084,0,total_elems,433208,340764,1,1,,,,0.0,128,4,340764,3622,222,56,,,,,,,,,,,,,,,,,,,,,,,,,,,,,,,,,,,,,,,,,,,,,,,
234.2587644160085,absorbing,,,,,,,R,2,15,1454,1542,33,69,102,5,1,4,0.28257816600671504,0.19627979199867696,0.478857958005392,0.4795883750048233,547896,424220,128,128,False,False,False,False,424220,128,False,512,0.0006,128,10084,0,total_elems,547896,424220,1,1,,,,0.0,128,4,424220,4068,222,56,,,,,,,,,,,,,,,,,,,,,,,,,,,,,,,,,,,,,,,,,,,,,,,
237.45562195801176,unswapping,,,,,,,,,,,,,,,,,,,,,,,,,,,,,,,,,,,,,,,,,,,,,,,128,4,556088,4670,222,56,0,both,0,28,28,3,3,,,,,0,,,,,,,,,,,,,,,,,,,,,,,,,,,,,,,,,,,
239.41940233300556,unswapping,,,,,,,,,,,,,,,,,,,,,,,,,,,,,,,,,,,,,,,,,,,,,,,128,4,471192,4230,222,56,0,both,1,27,27,7,10,,,,,0,,,,,,,,,,,,,,,,,,,,,,,,,,,,,,,,,,,
240.20094345801044,unswapping,,,,,,,,,,,,,,,,,,,,,,,,,,,,,,,,,,,,,,,,,,,,,,,128,4,346396,3624,222,56,0,left,0,28,28,10,20,,,,,20,,,,,,,,,,,,,,,,,,,,,,,,,,,,,,,,,,,
240.78846608300228,unswapping,,,,,,,,,,,,,,,,,,,,,,,,,,,,,,,,,,,,,,,,,,,,,,,128,4,244732,3070,222,56,0,left,1,27,27,12,32,,,,,44,,,,,,,,,,,,,,,,,,,,,,,,,,,,,,,,,,,
241.14510370801145,unswapping,,,,,,,,,,,,,,,,,,,,,,,,,,,,,,,,,,,,,,,,,,,,,,,128,4,202084,2746,222,56,0,right,0,28,28,7,39,,,,,58,,,,,,,,,,,,,,,,,,,,,,,,,,,,,,,,,,,
241.4834570410021,unswapping,,,,,,,,,,,,,,,,,,,,,,,,,,,,,,,,,,,,,,,,,,,,,,,128,4,159972,2442,222,56,0,right,1,27,27,8,47,,,,,72,,,,,,,,,,,,,,,,,,,,,,,,,,,,,,,,,,,
242.01335550000658,unswapping,,,,,,,,,,,,,,,,,,,,,,,,,,,,,,,,,,,,,,,,,,,,,,,128,4,115856,2116,222,56,1,both,0,28,28,8,8,,,,,84,,,,,,,,,,,,,,,,,,,,,,,,,,,,,,,,,,,
242.3987388329988,unswapping,,,,,,,,,,,,,,,,,,,,,,,,,,,,,,,,,,,,,,,,,,,,,,,64,4,63112,1776,222,56,1,both,1,27,27,7,15,,,,,98,,,,,,,,,,,,,,,,,,,,,,,,,,,,,,,,,,,
242.52719025000988,unswapping,,,,,,,,,,,,,,,,,,,,,,,,,,,,,,,,,,,,,,,,,,,,,,,64,4,52776,1642,222,56,1,left,0,28,28,4,19,,,,,106,,,,,,,,,,,,,,,,,,,,,,,,,,,,,,,,,,,
242.65105616601068,unswapping,,,,,,,,,,,,,,,,,,,,,,,,,,,,,,,,,,,,,,,,,,,,,,,64,4,44072,1546,222,56,1,left,1,27,27,4,23,,,,,110,,,,,,,,,,,,,,,,,,,,,,,,,,,,,,,,,,,
242.75561458300217,unswapping,,,,,,,,,,,,,,,,,,,,,,,,,,,,,,,,,,,,,,,,,,,,,,,64,4,36584,1362,222,56,1,right,0,28,28,7,30,,,,,120,,,,,,,,,,,,,,,,,,,,,,,,,,,,,,,,,,,
242.84646825000527,unswapping,,,,,,,,,,,,,,,,,,,,,,,,,,,,,,,,,,,,,,,,,,,,,,,64,4,35432,1330,222,56,1,right,1,27,27,3,33,,,,,124,,,,,,,,,,,,,,,,,,,,,,,,,,,,,,,,,,,
243.0153587500099,unswapping,,,,,,,,,,,,,,,,,,,,,,,,,,,,,,,,,,,,,,,,,,,,,,,64,4,34664,1314,222,56,2,both,0,28,28,1,1,,,,,124,,,,,,,,,,,,,,,,,,,,,,,,,,,,,,,,,,,
243.18506995801,unswapping,,,,,,,,,,,,,,,,,,,,,,,,,,,,,,,,,,,,,,,,,,,,,,,64,4,33848,1294,222,56,2,both,1,27,27,2,3,,,,,126,,,,,,,,,,,,,,,,,,,,,,,,,,,,,,,,,,,
243.2754577500018,unswapping,,,,,,,,,,,,,,,,,,,,,,,,,,,,,,,,,,,,,,,,,,,,,,,64,4,33464,1278,222,56,2,left,0,28,28,1,4,,,,,126,,,,,,,,,,,,,,,,,,,,,,,,,,,,,,,,,,,
243.35209166600544,unswapping,,,,,,,,,,,,,,,,,,,,,,,,,,,,,,,,,,,,,,,,,,,,,,,64,4,33208,1270,222,56,2,left,1,27,27,1,5,,,,,126,,,,,,,,,,,,,,,,,,,,,,,,,,,,,,,,,,,
243.43004991600174,unswapping,,,,,,,,,,,,,,,,,,,,,,,,,,,,,,,,,,,,,,,,,,,,,,,64,4,33016,1258,222,56,2,right,0,28,28,1,6,,,,,128,,,,,,,,,,,,,,,,,,,,,,,,,,,,,,,,,,,
243.47818891600764,unswapping,,,,,,,,,,,,,,,,,,,,,,,,,,,,,,,,,,,,,,,,,,,,,,,64,4,33016,1258,222,56,2,right,1,27,27,0,6,,,,,128,,,,,,,,,,,,,,,,,,,,,,,,,,,,,,,,,,,
243.65455658300198,unswapping,,,,,,,,,,,,,,,,,,,,,,,,,,,,,,,,,,,,,,,,,,,,,,,64,4,32812,1248,222,56,3,both,0,28,28,2,2,,,,,126,,,,,,,,,,,,,,,,,,,,,,,,,,,,,,,,,,,
243.80890912500035,unswapping,,,,,,,,,,,,,,,,,,,,,,,,,,,,,,,,,,,,,,,,,,,,,,,64,4,32764,1244,222,56,3,both,1,27,27,1,3,,,,,126,,,,,,,,,,,,,,,,,,,,,,,,,,,,,,,,,,,
243.86183816600533,unswapping,,,,,,,,,,,,,,,,,,,,,,,,,,,,,,,,,,,,,,,,,,,,,,,64,4,32764,1244,222,56,3,left,0,28,28,0,3,,,,,126,,,,,,,,,,,,,,,,,,,,,,,,,,,,,,,,,,,
243.93759745800344,unswapping,,,,,,,,,,,,,,,,,,,,,,,,,,,,,,,,,,,,,,,,,,,,,,,64,4,32572,1236,222,56,3,left,1,27,27,1,4,,,,,126,,,,,,,,,,,,,,,,,,,,,,,,,,,,,,,,,,,
243.9891588330065,unswapping,,,,,,,,,,,,,,,,,,,,,,,,,,,,,,,,,,,,,,,,,,,,,,,64,4,32572,1236,222,56,3,right,0,28,28,0,4,,,,,126,,,,,,,,,,,,,,,,,,,,,,,,,,,,,,,,,,,
244.03702920800424,unswapping,,,,,,,,,,,,,,,,,,,,,,,,,,,,,,,,,,,,,,,,,,,,,,,64,4,32572,1236,222,56,3,right,1,27,27,0,4,,,,,126,,,,,,,,,,,,,,,,,,,,,,,,,,,,,,,,,,,
244.20238912499917,unswapping,,,,,,,,,,,,,,,,,,,,,,,,,,,,,,,,,,,,,,,,,,,,,,,64,4,32380,1228,222,56,4,both,0,28,28,1,1,,,,,126,,,,,,,,,,,,,,,,,,,,,,,,,,,,,,,,,,,
244.36685204099922,unswapping,,,,,,,,,,,,,,,,,,,,,,,,,,,,,,,,,,,,,,,,,,,,,,,64,4,32188,1220,222,56,4,both,1,27,27,1,2,,,,,128,,,,,,,,,,,,,,,,,,,,,,,,,,,,,,,,,,,
244.41890087501088,unswapping,,,,,,,,,,,,,,,,,,,,,,,,,,,,,,,,,,,,,,,,,,,,,,,64,4,32188,1220,222,56,4,left,0,28,28,0,2,,,,,128,,,,,,,,,,,,,,,,,,,,,,,,,,,,,,,,,,,
244.46673875000852,unswapping,,,,,,,,,,,,,,,,,,,,,,,,,,,,,,,,,,,,,,,,,,,,,,,64,4,32188,1220,222,56,4,left,1,27,27,0,2,,,,,128,,,,,,,,,,,,,,,,,,,,,,,,,,,,,,,,,,,
244.51835508301156,unswapping,,,,,,,,,,,,,,,,,,,,,,,,,,,,,,,,,,,,,,,,,,,,,,,64,4,32188,1220,222,56,4,right,0,28,28,0,2,,,,,128,,,,,,,,,,,,,,,,,,,,,,,,,,,,,,,,,,,
244.5661479160044,unswapping,,,,,,,,,,,,,,,,,,,,,,,,,,,,,,,,,,,,,,,,,,,,,,,64,4,32188,1220,222,56,4,right,1,27,27,0,2,,,,,128,,,,,,,,,,,,,,,,,,,,,,,,,,,,,,,,,,,
244.73943629101268,unswapping,,,,,,,,,,,,,,,,,,,,,,,,,,,,,,,,,,,,,,,,,,,,,,,64,4,31996,1208,222,56,5,both,0,28,28,1,1,,,,,130,,,,,,,,,,,,,,,,,,,,,,,,,,,,,,,,,,,
244.8384836660116,unswapping,,,,,,,,,,,,,,,,,,,,,,,,,,,,,,,,,,,,,,,,,,,,,,,64,4,31996,1208,222,56,5,both,1,27,27,0,1,,,,,130,,,,,,,,,,,,,,,,,,,,,,,,,,,,,,,,,,,
244.89062966599886,unswapping,,,,,,,,,,,,,,,,,,,,,,,,,,,,,,,,,,,,,,,,,,,,,,,64,4,31996,1208,222,56,5,left,0,28,28,0,1,,,,,130,,,,,,,,,,,,,,,,,,,,,,,,,,,,,,,,,,,
244.9382670410123,unswapping,,,,,,,,,,,,,,,,,,,,,,,,,,,,,,,,,,,,,,,,,,,,,,,64,4,31996,1208,222,56,5,left,1,27,27,0,1,,,,,130,,,,,,,,,,,,,,,,,,,,,,,,,,,,,,,,,,,
244.98934079099854,unswapping,,,,,,,,,,,,,,,,,,,,,,,,,,,,,,,,,,,,,,,,,,,,,,,64,4,31996,1208,222,56,5,right,0,28,28,0,1,,,,,130,,,,,,,,,,,,,,,,,,,,,,,,,,,,,,,,,,,
245.0362858330045,unswapping,,,,,,,,,,,,,,,,,,,,,,,,,,,,,,,,,,,,,,,,,,,,,,,64,4,31996,1208,222,56,5,right,1,27,27,0,1,,,,,130,,,,,,,,,,,,,,,,,,,,,,,,,,,,,,,,,,,
245.1461832500063,unswapping,,,,,,,,,,,,,,,,,,,,,,,,,,,,,,,,,,,,,,,,,,,,,,,64,4,31996,1208,222,56,6,both,0,28,28,0,0,,,,,130,,,,,,,,,,,,,,,,,,,,,,,,,,,,,,,,,,,
245.24593666600413,unswapping,,,,,,,,,,,,,,,,,,,,,,,,,,,,,,,,,,,,,,,,,,,,,,,64,4,31996,1208,222,56,6,both,1,27,27,0,0,,,,,130,,,,,,,,,,,,,,,,,,,,,,,,,,,,,,,,,,,
245.2972532910062,unswapping,,,,,,,,,,,,,,,,,,,,,,,,,,,,,,,,,,,,,,,,,,,,,,,64,4,31996,1208,222,56,6,left,0,28,28,0,0,,,,,130,,,,,,,,,,,,,,,,,,,,,,,,,,,,,,,,,,,
245.34468591600307,unswapping,,,,,,,,,,,,,,,,,,,,,,,,,,,,,,,,,,,,,,,,,,,,,,,64,4,31996,1208,222,56,6,left,1,27,27,0,0,,,,,130,,,,,,,,,,,,,,,,,,,,,,,,,,,,,,,,,,,
245.39565462501196,unswapping,,,,,,,,,,,,,,,,,,,,,,,,,,,,,,,,,,,,,,,,,,,,,,,64,4,31996,1208,222,56,6,right,0,28,28,0,0,,,,,130,,,,,,,,,,,,,,,,,,,,,,,,,,,,,,,,,,,
245.44246158300666,unswapping,,,,,,,,,,,,,,,,,,,,,,,,,,,,,,,,,,,,,,,,,,,,,,,64,4,31996,1208,222,56,6,right,1,27,27,0,0,,,,,130,,,,,,,,,,,,,,,,,,,,,,,,,,,,,,,,,,,
247.01963612499821,unswap_cycle_summary,,,,,,,,,,,,33,69,102,,,,,,,,,,,,,,,,,,,512,0.0006,,,,,,,,,,,,,64,4,31996,1208,222,56,,,,,,,,,,,,,,,,,,,,18,10.553362375008874,102,1885,1783,4,False,,,,,,,,,,,,,,,,,,,,,
249.08058195799822,rewiring,left,post_unswap,2.0218555000028573,1454,False,False,,,,,,,,,,,,,,,,,,,,,,,,,,,,,,,,,,,,,,,,,,,,,,,,,,,,,,,,,,,,,,,,,,18,,,,,,,20,False,4,1,none,0.0,123,2.021849458993529,3.796218624993344,,,,,,,,,,,,
250.8546453750023,rewiring,right,post_unswap,1.7737515420012642,1529,False,False,,,,,,,,,,,,,,,,,,,,,,,,,,,,,,,,,,,,,,,,,,,,,,,,,,,,,,,,,,,,,,,,,,18,,,,,,,20,False,4,1,none,0.0,123,1.7737457920011366,3.796218624993344,,,,,,,,,,,,
250.93383991600422,cycle_progress,,,,,,,,,,,,33,69,102,,,,,,,,,,,,,,,,,,,512,0.0006,,10084,0,,,,,,,,,,64,4,31996,1208,222,56,,,,,,,,,,,,,,,,,,,,18,,102,1885,1783,4,False,,,,,,,,,3.796218624993344,,,,,,,,,,,,
251.0560253750009,absorbing,,,,,,,L,1,0,1416,1579,33,69,102,10,0,0,0.037997583000105806,0.04137649999756832,0.07937408299767412,0.08030066700302996,31996,49104,64,64,False,False,False,False,31996,64,False,512,0.0006,128,31996,0,total_elems,31996,49104,1,1,,,,0.0,64,4,31996,1208,222,56,,,,,,,,,,,,,,,,,,,,,,,,,,,,,,,,,,,,,,,,,,,,,,,
251.18361979100155,absorbing,,,,,,,R,1,1,1416,1579,33,69,102,7,0,0,0.04484237500582822,0.04088858301111031,0.08573095801693853,0.0864071249961853,51004,49104,64,64,False,False,False,False,49104,64,False,512,0.0006,128,31996,0,total_elems,51004,49104,1,1,,,,0.0,64,4,49104,1384,222,56,,,,,,,,,,,,,,,,,,,,,,,,,,,,,,,,,,,,,,,,,,,,,,,
251.31400683301035,absorbing,,,,,,,L,2,1,1416,1579,33,69,102,11,0,0,0.04676008400565479,0.04159858300408814,0.08835866700974293,0.08899183299217839,51876,52112,64,64,False,False,False,False,51876,64,False,512,0.0006,128,31996,0,total_elems,51876,52112,1,1,,,,0.0,64,4,51876,1458,222,56,,,,,,,,,,,,,,,,,,,,,,,,,,,,,,,,,,,,,,,,,,,,,,,
251.44561420800164,absorbing,,,,,,,R,2,2,1416,1579,33,69,102,7,0,0,0.04773304199625272,0.04249737500504125,0.09023041700129397,0.09096933300315868,66288,55188,64,64,False,False,False,False,55188,64,False,512,0.0006,128,31996,0,total_elems,66288,55188,1,1,,,,0.0,64,4,55188,1550,222,56,,,,,,,,,,,,,,,,,,,,,,,,,,,,,,,,,,,,,,,,,,,,,,,
251.5832265830104,absorbing,,,,,,,R,2,3,1416,1579,33,70,103,7,1,1,0.048784540995256975,0.046379833001992665,0.09516437399724964,0.09582258299633395,69968,67900,64,64,False,False,False,False,67900,64,False,512,0.0006,128,31996,0,total_elems,69968,67900,1,1,,,,0.0,64,4,67900,1758,222,56,,,,,,,,,,,,,,,,,,,,,,,,,,,,,,,,,,,,,,,,,,,,,,,
251.72898095801065,absorbing,,,,,,,L,3,3,1416,1579,33,70,103,10,0,1,0.052044708994799294,0.05195720800838899,0.10400191700318828,0.10464529199816752,80568,96700,64,64,False,False,False,False,80568,64,False,512,0.0006,128,31996,0,total_elems,80568,96700,1,1,,,,0.0,64,4,80568,1888,222,56,,,,,,,,,,,,,,,,,,,,,,,,,,,,,,,,,,,,,,,,,,,,,,,
251.90060354099842,absorbing,,,,,,,R,3,4,1416,1579,33,70,103,8,0,1,0.07185216699144803,0.057292625002446584,0.12914479199389461,0.12983737500326242,139520,109176,128,64,False,False,False,False,109176,64,False,512,0.0006,128,31996,0,total_elems,139520,109176,1,1,,,,0.0,64,4,109176,2224,222,56,,,,,,,,,,,,,,,,,,,,,,,,,,,,,,,,,,,,,,,,,,,,,,,
252.11116404100903,absorbing,,,,,,,R,3,5,1416,1579,33,70,103,7,0,1,0.08187654201174155,0.08713933300168719,0.16901587501342874,0.16971816700242925,172224,169336,128,127,False,False,False,False,169336,127,False,512,0.0006,128,31996,0,total_elems,172224,169336,1,1,,,,0.0,127,4,169336,2654,222,56,,,,,,,,,,,,,,,,,,,,,,,,,,,,,,,,,,,,,,,,,,,,,,,
252.41145016600785,absorbing,,,,,,,L,4,5,1416,1579,33,70,103,11,0,1,0.13461049999750685,0.12282458400295582,0.25743508400046267,0.2581306250067428,260416,263192,128,128,False,False,False,False,260416,128,False,512,0.0006,128,31996,0,total_elems,260416,263192,1,1,,,,0.0,128,4,260416,3058,222,56,,,,,,,,,,,,,,,,,,,,,,,,,,,,,,,,,,,,,,,,,,,,,,,
254.69255858300312,unswapping,,,,,,,,,,,,,,,,,,,,,,,,,,,,,,,,,,,,,,,,,,,,,,,256,4,324416,3106,222,56,0,both,0,28,28,6,6,,,,,0,,,,,,,,,,,,,,,,,,,,,,,,,,,,,,,,,,,
255.51250158301264,unswapping,,,,,,,,,,,,,,,,,,,,,,,,,,,,,,,,,,,,,,,,,,,,,,,128,4,196544,2434,222,56,0,both,1,27,27,7,13,,,,,0,,,,,,,,,,,,,,,,,,,,,,,,,,,,,,,,,,,
255.8987509580038,unswapping,,,,,,,,,,,,,,,,,,,,,,,,,,,,,,,,,,,,,,,,,,,,,,,128,4,111520,2048,222,56,0,left,0,28,28,11,24,,,,,22,,,,,,,,,,,,,,,,,,,,,,,,,,,,,,,,,,,
256.0995802910038,unswapping,,,,,,,,,,,,,,,,,,,,,,,,,,,,,,,,,,,,,,,,,,,,,,,64,4,49208,1548,222,56,0,left,1,27,27,13,37,,,,,48,,,,,,,,,,,,,,,,,,,,,,,,,,,,,,,,,,,
256.20078166600433,unswapping,,,,,,,,,,,,,,,,,,,,,,,,,,,,,,,,,,,,,,,,,,,,,,,64,4,46688,1468,222,56,0,right,0,28,28,6,43,,,,,60,,,,,,,,,,,,,,,,,,,,,,,,,,,,,,,,,,,
256.31688791600754,unswapping,,,,,,,,,,,,,,,,,,,,,,,,,,,,,,,,,,,,,,,,,,,,,,,64,4,45600,1436,222,56,0,right,1,27,27,2,45,,,,,64,,,,,,,,,,,,,,,,,,,,,,,,,,,,,,,,,,,
256.51608808300807,unswapping,,,,,,,,,,,,,,,,,,,,,,,,,,,,,,,,,,,,,,,,,,,,,,,64,4,35180,1256,222,56,1,both,0,28,28,9,9,,,,,78,,,,,,,,,,,,,,,,,,,,,,,,,,,,,,,,,,,
256.69132883301063,unswapping,,,,,,,,,,,,,,,,,,,,,,,,,,,,,,,,,,,,,,,,,,,,,,,64,4,32092,1180,222,56,1,both,1,27,27,4,13,,,,,82,,,,,,,,,,,,,,,,,,,,,,,,,,,,,,,,,,,
256.7767742910073,unswapping,,,,,,,,,,,,,,,,,,,,,,,,,,,,,,,,,,,,,,,,,,,,,,,64,4,31648,1158,222,56,1,left,0,28,28,2,15,,,,,84,,,,,,,,,,,,,,,,,,,,,,,,,,,,,,,,,,,
256.8659017080063,unswapping,,,,,,,,,,,,,,,,,,,,,,,,,,,,,,,,,,,,,,,,,,,,,,,64,4,30840,1134,222,56,1,left,1,27,27,3,18,,,,,88,,,,,,,,,,,,,,,,,,,,,,,,,,,,,,,,,,,
256.9489593330072,unswapping,,,,,,,,,,,,,,,,,,,,,,,,,,,,,,,,,,,,,,,,,,,,,,,64,4,30464,1110,222,56,1,right,0,28,28,3,21,,,,,90,,,,,,,,,,,,,,,,,,,,,,,,,,,,,,,,,,,
256.99777775000257,unswapping,,,,,,,,,,,,,,,,,,,,,,,,,,,,,,,,,,,,,,,,,,,,,,,64,4,30464,1110,222,56,1,right,1,27,27,0,21,,,,,90,,,,,,,,,,,,,,,,,,,,,,,,,,,,,,,,,,,
257.14490170800127,unswapping,,,,,,,,,,,,,,,,,,,,,,,,,,,,,,,,,,,,,,,,,,,,,,,64,4,30304,1102,222,56,2,both,0,28,28,1,1,,,,,90,,,,,,,,,,,,,,,,,,,,,,,,,,,,,,,,,,,
257.3079657909984,unswapping,,,,,,,,,,,,,,,,,,,,,,,,,,,,,,,,,,,,,,,,,,,,,,,64,4,30112,1090,222,56,2,both,1,27,27,1,2,,,,,92,,,,,,,,,,,,,,,,,,,,,,,,,,,,,,,,,,,
257.38058970800193,unswapping,,,,,,,,,,,,,,,,,,,,,,,,,,,,,,,,,,,,,,,,,,,,,,,64,4,29472,1074,222,56,2,left,0,28,28,1,3,,,,,92,,,,,,,,,,,,,,,,,,,,,,,,,,,,,,,,,,,
257.45473279101134,unswapping,,,,,,,,,,,,,,,,,,,,,,,,,,,,,,,,,,,,,,,,,,,,,,,64,4,29280,1066,222,56,2,left,1,27,27,1,4,,,,,92,,,,,,,,,,,,,,,,,,,,,,,,,,,,,,,,,,,
257.49986904099933,unswapping,,,,,,,,,,,,,,,,,,,,,,,,,,,,,,,,,,,,,,,,,,,,,,,64,4,29280,1066,222,56,2,right,0,28,28,0,4,,,,,92,,,,,,,,,,,,,,,,,,,,,,,,,,,,,,,,,,,
257.54748108300555,unswapping,,,,,,,,,,,,,,,,,,,,,,,,,,,,,,,,,,,,,,,,,,,,,,,64,4,29280,1066,222,56,2,right,1,27,27,0,4,,,,,92,,,,,,,,,,,,,,,,,,,,,,,,,,,,,,,,,,,
257.641779166006,unswapping,,,,,,,,,,,,,,,,,,,,,,,,,,,,,,,,,,,,,,,,,,,,,,,64,4,29280,1066,222,56,3,both,0,28,28,0,0,,,,,92,,,,,,,,,,,,,,,,,,,,,,,,,,,,,,,,,,,
257.74176233301114,unswapping,,,,,,,,,,,,,,,,,,,,,,,,,,,,,,,,,,,,,,,,,,,,,,,64,4,29280,1066,222,56,3,both,1,27,27,0,0,,,,,92,,,,,,,,,,,,,,,,,,,,,,,,,,,,,,,,,,,
257.78846700000577,unswapping,,,,,,,,,,,,,,,,,,,,,,,,,,,,,,,,,,,,,,,,,,,,,,,64,4,29280,1066,222,56,3,left,0,28,28,0,0,,,,,92,,,,,,,,,,,,,,,,,,,,,,,,,,,,,,,,,,,
257.83657204100746,unswapping,,,,,,,,,,,,,,,,,,,,,,,,,,,,,,,,,,,,,,,,,,,,,,,64,4,29280,1066,222,56,3,left,1,27,27,0,0,,,,,92,,,,,,,,,,,,,,,,,,,,,,,,,,,,,,,,,,,
257.88157375001174,unswapping,,,,,,,,,,,,,,,,,,,,,,,,,,,,,,,,,,,,,,,,,,,,,,,64,4,29280,1066,222,56,3,right,0,28,28,0,0,,,,,92,,,,,,,,,,,,,,,,,,,,,,,,,,,,,,,,,,,
257.92895520800084,unswapping,,,,,,,,,,,,,,,,,,,,,,,,,,,,,,,,,,,,,,,,,,,,,,,64,4,29280,1066,222,56,3,right,1,27,27,0,0,,,,,92,,,,,,,,,,,,,,,,,,,,,,,,,,,,,,,,,,,
258.87398075000965,unswap_cycle_summary,,,,,,,,,,,,33,70,103,,,,,,,,,,,,,,,,,,,512,0.0006,,,,,,,,,,,,,64,4,29280,1066,222,56,,,,,,,,,,,,,,,,,,,,19,5.094345000004978,103,1885,1782,1,False,,,,,,,,,,,,,,,,,,,,,
261.0456856660021,rewiring,left,post_unswap,2.1313871660095174,1414,False,False,,,,,,,,,,,,,,,,,,,,,,,,,,,,,,,,,,,,,,,,,,,,,,,,,,,,,,,,,,,,,,,,,,19,,,,,,,20,False,1,1,none,0.0,123,2.131375166994985,3.440975250006886,,,,,,,,,,,,
262.35475741600385,rewiring,right,post_unswap,1.3087327079992974,1576,False,False,,,,,,,,,,,,,,,,,,,,,,,,,,,,,,,,,,,,,,,,,,,,,,,,,,,,,,,,,,,,,,,,,,19,,,,,,,20,False,1,1,none,0.0,123,1.3087270420073764,3.440975250006886,,,,,,,,,,,,
262.43442850001156,cycle_progress,,,,,,,,,,,,33,70,103,,,,,,,,,,,,,,,,,,,512,0.0006,,31996,0,,,,,,,,,,64,4,29280,1066,222,56,,,,,,,,,,,,,,,,,,,,19,,103,1885,1782,1,False,,,,,,,,,3.440975250006886,,,,,,,,,,,,
262.55073204101063,absorbing,,,,,,,L,1,0,1551,1658,33,70,103,12,0,0,0.037375166997662745,0.036272915996960364,0.07364808299462311,0.07449183300195727,29280,30536,64,64,False,False,False,False,29280,64,False,512,0.0006,128,29280,0,total_elems,29280,30536,1,1,,,,0.0,64,4,29280,1066,222,56,,,,,,,,,,,,,,,,,,,,,,,,,,,,,,,,,,,,,,,,,,,,,,,
263.51528129100916,absorbing,,,,,,,R,1,1,1551,1658,33,70,103,6,0,0,0.04331116599496454,0.8787282499979483,0.9220394159929128,0.922760624991497,38172,30536,64,64,False,False,False,False,30536,64,False,512,0.0006,128,29280,0,total_elems,38172,30536,1,1,,,,0.0,64,4,30536,1132,222,56,,,,,,,,,,,,,,,,,,,,,,,,,,,,,,,,,,,,,,,,,,,,,,,
263.64548029100115,absorbing,,,,,,,R,1,2,1551,1658,33,70,103,5,0,0,0.04644758300855756,0.03825266599596944,0.084700249004527,0.08556170799420215,40020,32904,64,64,False,False,False,False,32904,64,False,512,0.0006,128,29280,0,total_elems,40020,32904,1,1,,,,0.0,64,4,32904,1220,222,56,,,,,,,,,,,,,,,,,,,,,,,,,,,,,,,,,,,,,,,,,,,,,,,
263.77453662500193,absorbing,,,,,,,R,1,3,1551,1658,33,70,103,6,0,0,0.045833625001250766,0.03904387500369921,0.08487750000494998,0.08557462500175461,42100,36296,64,64,False,False,False,False,36296,64,False,512,0.0006,128,29280,0,total_elems,42100,36296,1,1,,,,0.0,64,4,36296,1308,222,56,,,,,,,,,,,,,,,,,,,,,,,,,,,,,,,,,,,,,,,,,,,,,,,
263.905935666,absorbing,,,,,,,L,2,3,1551,1658,33,70,103,13,0,0,0.046248041006037965,0.04095733400026802,0.08720537500630599,0.08790829200006556,44916,46088,64,64,False,False,False,False,44916,64,False,512,0.0006,128,29280,0,total_elems,44916,46088,1,1,,,,0.0,64,4,44916,1478,222,56,,,,,,,,,,,,,,,,,,,,,,,,,,,,,,,,,,,,,,,,,,,,,,,
264.0440712499985,absorbing,,,,,,,R,2,4,1551,1658,33,70,103,7,0,0,0.0512530410051113,0.04356174998974893,0.09481479099486023,0.09553491699625738,72720,58228,64,64,False,False,False,False,58228,64,False,512,0.0006,128,29280,0,total_elems,72720,58228,1,1,,,,0.0,64,4,58228,1726,222,56,,,,,,,,,,,,,,,,,,,,,,,,,,,,,,,,,,,,,,,,,,,,,,,
264.2032526250114,absorbing,,,,,,,R,2,5,1551,1658,33,70,103,6,0,0,0.06213283400575165,0.053439291994436644,0.11557212600018829,0.11628295900300145,99216,90868,64,64,False,False,False,False,90868,64,False,512,0.0006,128,29280,0,total_elems,99216,90868,1,1,,,,0.0,64,4,90868,2062,222,56,,,,,,,,,,,,,,,,,,,,,,,,,,,,,,,,,,,,,,,,,,,,,,,
264.4048546660051,absorbing,,,,,,,L,3,5,1551,1658,33,70,103,16,0,0,0.08325500000501052,0.07436170800065156,0.15761670800566208,0.15842879199772142,137744,154644,64,128,False,False,False,False,137744,64,False,512,0.0006,128,29280,0,total_elems,137744,154644,1,1,,,,0.0,64,4,137744,2470,222,56,,,,,,,,,,,,,,,,,,,,,,,,,,,,,,,,,,,,,,,,,,,,,,,
264.68897383300646,absorbing,,,,,,,R,3,6,1551,1658,33,70,103,6,0,0,0.13047600000572857,0.1102022919949377,0.24067829200066626,0.2414027500053635,268376,225072,128,128,False,False,False,False,225072,128,False,512,0.0006,128,29280,0,total_elems,268376,225072,1,1,,,,0.0,128,4,225072,3022,222,56,,,,,,,,,,,,,,,,,,,,,,,,,,,,,,,,,,,,,,,,,,,,,,,
265.1664353330125,absorbing,,,,,,,L,4,6,1551,1658,34,70,104,13,1,1,0.25683050000225194,0.17614233400672674,0.4329728340089787,0.43370858300477266,500088,445816,128,255,False,False,False,False,500088,128,False,512,0.0006,128,29280,0,total_elems,500088,445816,1,1,,,,0.0,128,4,500088,4204,222,56,,,,,,,,,,,,,,,,,,,,,,,,,,,,,,,,,,,,,,,,,,,,,,,
272.06505695800297,unswapping,,,,,,,,,,,,,,,,,,,,,,,,,,,,,,,,,,,,,,,,,,,,,,,508,4,1037144,5432,222,56,0,both,0,28,28,5,5,,,,,0,,,,,,,,,,,,,,,,,,,,,,,,,,,,,,,,,,,
274.9105880410061,unswapping,,,,,,,,,,,,,,,,,,,,,,,,,,,,,,,,,,,,,,,,,,,,,,,128,4,299608,3456,222,56,0,both,1,27,27,10,15,,,,,0,,,,,,,,,,,,,,,,,,,,,,,,,,,,,,,,,,,
275.3955538750015,unswapping,,,,,,,,,,,,,,,,,,,,,,,,,,,,,,,,,,,,,,,,,,,,,,,128,4,182264,2656,222,56,0,left,0,28,28,16,31,,,,,32,,,,,,,,,,,,,,,,,,,,,,,,,,,,,,,,,,,
275.6974820000032,unswapping,,,,,,,,,,,,,,,,,,,,,,,,,,,,,,,,,,,,,,,,,,,,,,,128,4,111016,2204,222,56,0,left,1,27,27,11,42,,,,,54,,,,,,,,,,,,,,,,,,,,,,,,,,,,,,,,,,,
275.8721854160103,unswapping,,,,,,,,,,,,,,,,,,,,,,,,,,,,,,,,,,,,,,,,,,,,,,,64,4,71848,1812,222,56,0,right,0,28,28,5,47,,,,,60,,,,,,,,,,,,,,,,,,,,,,,,,,,,,,,,,,,
276.02022516600846,unswapping,,,,,,,,,,,,,,,,,,,,,,,,,,,,,,,,,,,,,,,,,,,,,,,64,4,55104,1628,222,56,0,right,1,27,27,9,56,,,,,76,,,,,,,,,,,,,,,,,,,,,,,,,,,,,,,,,,,
276.23168029100634,unswapping,,,,,,,,,,,,,,,,,,,,,,,,,,,,,,,,,,,,,,,,,,,,,,,64,4,42596,1418,222,56,1,both,0,28,28,7,7,,,,,86,,,,,,,,,,,,,,,,,,,,,,,,,,,,,,,,,,,
276.423146333007,unswapping,,,,,,,,,,,,,,,,,,,,,,,,,,,,,,,,,,,,,,,,,,,,,,,64,4,36980,1346,222,56,1,both,1,27,27,4,11,,,,,94,,,,,,,,,,,,,,,,,,,,,,,,,,,,,,,,,,,
276.50188804100617,unswapping,,,,,,,,,,,,,,,,,,,,,,,,,,,,,,,,,,,,,,,,,,,,,,,32,4,30668,1274,222,56,1,left,0,28,28,2,13,,,,,96,,,,,,,,,,,,,,,,,,,,,,,,,,,,,,,,,,,
276.59246595800505,unswapping,,,,,,,,,,,,,,,,,,,,,,,,,,,,,,,,,,,,,,,,,,,,,,,32,4,26180,1202,222,56,1,left,1,27,27,4,17,,,,,102,,,,,,,,,,,,,,,,,,,,,,,,,,,,,,,,,,,
276.6722261660034,unswapping,,,,,,,,,,,,,,,,,,,,,,,,,,,,,,,,,,,,,,,,,,,,,,,32,4,22772,1134,222,56,1,right,0,28,28,4,21,,,,,106,,,,,,,,,,,,,,,,,,,,,,,,,,,,,,,,,,,
276.749062916002,unswapping,,,,,,,,,,,,,,,,,,,,,,,,,,,,,,,,,,,,,,,,,,,,,,,32,4,21356,1096,222,56,1,right,1,27,27,3,24,,,,,110,,,,,,,,,,,,,,,,,,,,,,,,,,,,,,,,,,,
276.8865729160025,unswapping,,,,,,,,,,,,,,,,,,,,,,,,,,,,,,,,,,,,,,,,,,,,,,,32,4,20780,1072,222,56,2,both,0,28,28,2,2,,,,,110,,,,,,,,,,,,,,,,,,,,,,,,,,,,,,,,,,,
277.02921287500067,unswapping,,,,,,,,,,,,,,,,,,,,,,,,,,,,,,,,,,,,,,,,,,,,,,,32,4,20640,1062,222,56,2,both,1,27,27,2,4,,,,,106,,,,,,,,,,,,,,,,,,,,,,,,,,,,,,,,,,,
277.1022627080092,unswapping,,,,,,,,,,,,,,,,,,,,,,,,,,,,,,,,,,,,,,,,,,,,,,,32,4,20412,1048,222,56,2,left,0,28,28,2,6,,,,,108,,,,,,,,,,,,,,,,,,,,,,,,,,,,,,,,,,,
277.1419561250077,unswapping,,,,,,,,,,,,,,,,,,,,,,,,,,,,,,,,,,,,,,,,,,,,,,,32,4,20412,1048,222,56,2,left,1,27,27,0,6,,,,,108,,,,,,,,,,,,,,,,,,,,,,,,,,,,,,,,,,,
277.2137088330055,unswapping,,,,,,,,,,,,,,,,,,,,,,,,,,,,,,,,,,,,,,,,,,,,,,,32,4,20220,1040,222,56,2,right,0,28,28,1,7,,,,,110,,,,,,,,,,,,,,,,,,,,,,,,,,,,,,,,,,,
277.2863131660124,unswapping,,,,,,,,,,,,,,,,,,,,,,,,,,,,,,,,,,,,,,,,,,,,,,,32,4,19900,1024,222,56,2,right,1,27,27,2,9,,,,,112,,,,,,,,,,,,,,,,,,,,,,,,,,,,,,,,,,,
277.36460658301075,unswapping,,,,,,,,,,,,,,,,,,,,,,,,,,,,,,,,,,,,,,,,,,,,,,,32,4,19900,1024,222,56,3,both,0,28,28,0,0,,,,,112,,,,,,,,,,,,,,,,,,,,,,,,,,,,,,,,,,,
277.4472474580107,unswapping,,,,,,,,,,,,,,,,,,,,,,,,,,,,,,,,,,,,,,,,,,,,,,,32,4,19900,1024,222,56,3,both,1,27,27,0,0,,,,,112,,,,,,,,,,,,,,,,,,,,,,,,,,,,,,,,,,,
277.4854590000032,unswapping,,,,,,,,,,,,,,,,,,,,,,,,,,,,,,,,,,,,,,,,,,,,,,,32,4,19900,1024,222,56,3,left,0,28,28,0,0,,,,,112,,,,,,,,,,,,,,,,,,,,,,,,,,,,,,,,,,,
277.5245360000117,unswapping,,,,,,,,,,,,,,,,,,,,,,,,,,,,,,,,,,,,,,,,,,,,,,,32,4,19900,1024,222,56,3,left,1,27,27,0,0,,,,,112,,,,,,,,,,,,,,,,,,,,,,,,,,,,,,,,,,,
277.5950871660025,unswapping,,,,,,,,,,,,,,,,,,,,,,,,,,,,,,,,,,,,,,,,,,,,,,,32,4,19804,1018,222,56,3,right,0,28,28,1,1,,,,,114,,,,,,,,,,,,,,,,,,,,,,,,,,,,,,,,,,,
277.63350475000334,unswapping,,,,,,,,,,,,,,,,,,,,,,,,,,,,,,,,,,,,,,,,,,,,,,,32,4,19804,1018,222,56,3,right,1,27,27,0,1,,,,,114,,,,,,,,,,,,,,,,,,,,,,,,,,,,,,,,,,,
277.7112493750028,unswapping,,,,,,,,,,,,,,,,,,,,,,,,,,,,,,,,,,,,,,,,,,,,,,,32,4,19804,1018,222,56,4,both,0,28,28,0,0,,,,,114,,,,,,,,,,,,,,,,,,,,,,,,,,,,,,,,,,,
277.7931299160118,unswapping,,,,,,,,,,,,,,,,,,,,,,,,,,,,,,,,,,,,,,,,,,,,,,,32,4,19804,1018,222,56,4,both,1,27,27,0,0,,,,,114,,,,,,,,,,,,,,,,,,,,,,,,,,,,,,,,,,,
277.8319182910054,unswapping,,,,,,,,,,,,,,,,,,,,,,,,,,,,,,,,,,,,,,,,,,,,,,,32,4,19804,1018,222,56,4,left,0,28,28,0,0,,,,,114,,,,,,,,,,,,,,,,,,,,,,,,,,,,,,,,,,,
277.8708133330074,unswapping,,,,,,,,,,,,,,,,,,,,,,,,,,,,,,,,,,,,,,,,,,,,,,,32,4,19804,1018,222,56,4,left,1,27,27,0,0,,,,,114,,,,,,,,,,,,,,,,,,,,,,,,,,,,,,,,,,,
277.90796991600655,unswapping,,,,,,,,,,,,,,,,,,,,,,,,,,,,,,,,,,,,,,,,,,,,,,,32,4,19804,1018,222,56,4,right,0,28,28,0,0,,,,,114,,,,,,,,,,,,,,,,,,,,,,,,,,,,,,,,,,,
277.94681950000813,unswapping,,,,,,,,,,,,,,,,,,,,,,,,,,,,,,,,,,,,,,,,,,,,,,,32,4,19804,1018,222,56,4,right,1,27,27,0,0,,,,,114,,,,,,,,,,,,,,,,,,,,,,,,,,,,,,,,,,,
279.17476183301187,unswap_cycle_summary,,,,,,,,,,,,34,70,104,,,,,,,,,,,,,,,,,,,512,0.0006,,,,,,,,,,,,,32,4,19804,1018,222,56,,,,,,,,,,,,,,,,,,,,20,11.820855416997802,104,1885,1781,1,False,,,,,,,,,,,,,,,,,,,,,
280.82091395799944,rewiring,left,post_unswap,1.602362459001597,1549,False,False,,,,,,,,,,,,,,,,,,,,,,,,,,,,,,,,,,,,,,,,,,,,,,,,,,,,,,,,,,,,,,,,,,20,,,,,,,20,False,1,1,none,0.0,123,1.6023559169989312,2.869095792004373,,,,,,,,,,,,
282.0872840830125,rewiring,right,post_unswap,1.2661204589967383,1654,False,False,,,,,,,,,,,,,,,,,,,,,,,,,,,,,,,,,,,,,,,,,,,,,,,,,,,,,,,,,,,,,,,,,,20,,,,,,,20,False,1,1,none,0.0,123,1.2661154170054942,2.869095792004373,,,,,,,,,,,,
282.1697909580107,cycle_progress,,,,,,,,,,,,34,70,104,,,,,,,,,,,,,,,,,,,512,0.0006,,29280,0,,,,,,,,,,32,4,19804,1018,222,56,,,,,,,,,,,,,,,,,,,,20,,104,1885,1781,1,False,,,,,,,,,2.869095792004373,,,,,,,,,,,,
282.2835224580049,absorbing,,,,,,,L,1,0,1398,1526,35,70,105,9,1,1,0.03522716599400155,0.033341791000566445,0.068568956994568,0.06943616599892266,19740,21356,32,32,False,False,False,False,19740,32,False,512,0.0006,128,19804,0,total_elems,19740,21356,1,1,,,,0.0,32,4,19740,1014,222,56,,,,,,,,,,,,,,,,,,,,,,,,,,,,,,,,,,,,,,,,,,,,,,,
282.3988335830072,absorbing,,,,,,,R,1,1,1398,1526,35,70,105,7,0,1,0.037045207995106466,0.0334173750015907,0.07046258299669717,0.07112295800470747,30564,21260,64,32,False,False,False,False,21260,32,False,512,0.0006,128,19804,0,total_elems,30564,21260,1,1,,,,0.0,32,4,21260,1088,222,56,,,,,,,,,,,,,,,,,,,,,,,,,,,,,,,,,,,,,,,,,,,,,,,
282.5150341250119,absorbing,,,,,,,R,1,2,1398,1526,35,70,105,6,0,1,0.03757037498871796,0.034211707999929786,0.07178208298864774,0.07242995800334029,32372,26412,64,32,False,False,False,False,26412,32,False,512,0.0006,128,19804,0,total_elems,32372,26412,1,1,,,,0.0,32,4,26412,1212,222,56,,,,,,,,,,,,,,,,,,,,,,,,,,,,,,,,,,,,,,,,,,,,,,,
282.6370388330106,absorbing,,,,,,,L,2,2,1398,1526,35,70,105,9,0,1,0.04019566699571442,0.03729770799691323,0.07749337499262765,0.07815049999044277,39156,41068,64,64,False,False,False,False,39156,64,False,512,0.0006,128,19804,0,total_elems,39156,41068,1,1,,,,0.0,64,4,39156,1442,222,56,,,,,,,,,,,,,,,,,,,,,,,,,,,,,,,,,,,,,,,,,,,,,,,
282.77549508299853,absorbing,,,,,,,R,2,3,1398,1526,35,70,105,6,0,1,0.051858957987860776,0.041312250003102235,0.09317120799096301,0.09384087499347515,83252,52084,64,64,False,False,False,False,52084,64,False,512,0.0006,128,19804,0,total_elems,83252,52084,1,1,,,,0.0,64,4,52084,1640,222,56,,,,,,,,,,,,,,,,,,,,,,,,,,,,,,,,,,,,,,,,,,,,,,,
282.9313342910027,absorbing,,,,,,,R,2,4,1398,1526,35,70,105,6,0,1,0.06000062498787884,0.05089762499846984,0.11089824998634867,0.11171979099162854,108660,81524,64,64,False,False,False,False,81524,64,False,512,0.0006,128,19804,0,total_elems,108660,81524,1,1,,,,0.0,64,4,81524,1944,222,56,,,,,,,,,,,,,,,,,,,,,,,,,,,,,,,,,,,,,,,,,,,,,,,
283.1353201660095,absorbing,,,,,,,L,3,4,1398,1526,35,70,105,11,0,1,0.07612033300392795,0.0832303749921266,0.15935070799605455,0.16000629200425465,156532,172148,128,128,False,False,False,False,156532,128,False,512,0.0006,128,19804,0,total_elems,156532,172148,1,1,,,,0.0,128,4,156532,2412,222,56,,,,,,,,,,,,,,,,,,,,,,,,,,,,,,,,,,,,,,,,,,,,,,,
283.4855521660065,absorbing,,,,,,,R,3,5,1398,1526,35,70,105,5,0,1,0.1776382499956526,0.12807733300724067,0.30571558300289325,0.30647145799594,368696,265588,250,128,False,False,False,False,265588,128,False,512,0.0006,128,19804,0,total_elems,368696,265588,1,1,,,,0.0,128,4,265588,2908,222,56,,,,,,,,,,,,,,,,,,,,,,,,,,,,,,,,,,,,,,,,,,,,,,,
287.72401604100014,unswapping,,,,,,,,,,,,,,,,,,,,,,,,,,,,,,,,,,,,,,,,,,,,,,,256,4,527288,3574,222,56,0,both,0,28,28,3,3,,,,,0,,,,,,,,,,,,,,,,,,,,,,,,,,,,,,,,,,,
289.0950346250029,unswapping,,,,,,,,,,,,,,,,,,,,,,,,,,,,,,,,,,,,,,,,,,,,,,,128,4,164152,2374,222,56,0,both,1,27,27,8,11,,,,,0,,,,,,,,,,,,,,,,,,,,,,,,,,,,,,,,,,,
289.3375725000078,unswapping,,,,,,,,,,,,,,,,,,,,,,,,,,,,,,,,,,,,,,,,,,,,,,,64,4,99156,1942,222,56,0,left,0,28,28,8,19,,,,,16,,,,,,,,,,,,,,,,,,,,,,,,,,,,,,,,,,,
289.54729687501094,unswapping,,,,,,,,,,,,,,,,,,,,,,,,,,,,,,,,,,,,,,,,,,,,,,,64,4,59076,1616,222,56,0,left,1,27,27,11,30,,,,,38,,,,,,,,,,,,,,,,,,,,,,,,,,,,,,,,,,,
289.6671193330112,unswapping,,,,,,,,,,,,,,,,,,,,,,,,,,,,,,,,,,,,,,,,,,,,,,,32,4,33476,1298,222,56,0,right,0,28,28,8,38,,,,,50,,,,,,,,,,,,,,,,,,,,,,,,,,,,,,,,,,,
289.7567416660022,unswapping,,,,,,,,,,,,,,,,,,,,,,,,,,,,,,,,,,,,,,,,,,,,,,,32,4,28388,1194,222,56,0,right,1,27,27,5,43,,,,,60,,,,,,,,,,,,,,,,,,,,,,,,,,,,,,,,,,,
289.9102916250122,unswapping,,,,,,,,,,,,,,,,,,,,,,,,,,,,,,,,,,,,,,,,,,,,,,,32,4,27164,1154,222,56,1,both,0,28,28,5,5,,,,,76,,,,,,,,,,,,,,,,,,,,,,,,,,,,,,,,,,,
290.05710341600934,unswapping,,,,,,,,,,,,,,,,,,,,,,,,,,,,,,,,,,,,,,,,,,,,,,,32,4,26972,1146,222,56,1,both,1,27,27,1,6,,,,,78,,,,,,,,,,,,,,,,,,,,,,,,,,,,,,,,,,,
290.13727641600417,unswapping,,,,,,,,,,,,,,,,,,,,,,,,,,,,,,,,,,,,,,,,,,,,,,,32,4,25820,1116,222,56,1,left,0,28,28,3,9,,,,,80,,,,,,,,,,,,,,,,,,,,,,,,,,,,,,,,,,,
290.1807103330066,unswapping,,,,,,,,,,,,,,,,,,,,,,,,,,,,,,,,,,,,,,,,,,,,,,,32,4,25820,1116,222,56,1,left,1,27,27,0,9,,,,,80,,,,,,,,,,,,,,,,,,,,,,,,,,,,,,,,,,,
290.25809766601014,unswapping,,,,,,,,,,,,,,,,,,,,,,,,,,,,,,,,,,,,,,,,,,,,,,,32,4,25684,1106,222,56,1,right,0,28,28,2,11,,,,,82,,,,,,,,,,,,,,,,,,,,,,,,,,,,,,,,,,,
290.3001296660077,unswapping,,,,,,,,,,,,,,,,,,,,,,,,,,,,,,,,,,,,,,,,,,,,,,,32,4,25684,1106,222,56,1,right,1,27,27,0,11,,,,,82,,,,,,,,,,,,,,,,,,,,,,,,,,,,,,,,,,,
290.38773650000803,unswapping,,,,,,,,,,,,,,,,,,,,,,,,,,,,,,,,,,,,,,,,,,,,,,,32,4,25684,1106,222,56,2,both,0,28,28,0,0,,,,,82,,,,,,,,,,,,,,,,,,,,,,,,,,,,,,,,,,,
290.5388219160086,unswapping,,,,,,,,,,,,,,,,,,,,,,,,,,,,,,,,,,,,,,,,,,,,,,,32,4,25396,1098,222,56,2,both,1,27,27,1,1,,,,,84,,,,,,,,,,,,,,,,,,,,,,,,,,,,,,,,,,,
290.60611945801065,unswapping,,,,,,,,,,,,,,,,,,,,,,,,,,,,,,,,,,,,,,,,,,,,,,,32,4,24836,1084,222,56,2,left,0,28,28,1,2,,,,,84,,,,,,,,,,,,,,,,,,,,,,,,,,,,,,,,,,,
290.67482433300756,unswapping,,,,,,,,,,,,,,,,,,,,,,,,,,,,,,,,,,,,,,,,,,,,,,,32,4,24088,1062,222,56,2,left,1,27,27,1,3,,,,,86,,,,,,,,,,,,,,,,,,,,,,,,,,,,,,,,,,,
290.7172027909983,unswapping,,,,,,,,,,,,,,,,,,,,,,,,,,,,,,,,,,,,,,,,,,,,,,,32,4,24088,1062,222,56,2,right,0,28,28,0,3,,,,,86,,,,,,,,,,,,,,,,,,,,,,,,,,,,,,,,,,,
290.75880120800866,unswapping,,,,,,,,,,,,,,,,,,,,,,,,,,,,,,,,,,,,,,,,,,,,,,,32,4,24088,1062,222,56,2,right,1,27,27,0,3,,,,,86,,,,,,,,,,,,,,,,,,,,,,,,,,,,,,,,,,,
290.90378437501204,unswapping,,,,,,,,,,,,,,,,,,,,,,,,,,,,,,,,,,,,,,,,,,,,,,,32,4,23796,1050,222,56,3,both,0,28,28,2,2,,,,,84,,,,,,,,,,,,,,,,,,,,,,,,,,,,,,,,,,,
290.99292004101153,unswapping,,,,,,,,,,,,,,,,,,,,,,,,,,,,,,,,,,,,,,,,,,,,,,,32,4,23796,1050,222,56,3,both,1,27,27,0,2,,,,,84,,,,,,,,,,,,,,,,,,,,,,,,,,,,,,,,,,,
291.03448924999975,unswapping,,,,,,,,,,,,,,,,,,,,,,,,,,,,,,,,,,,,,,,,,,,,,,,32,4,23796,1050,222,56,3,left,0,28,28,0,2,,,,,84,,,,,,,,,,,,,,,,,,,,,,,,,,,,,,,,,,,
291.0763686660066,unswapping,,,,,,,,,,,,,,,,,,,,,,,,,,,,,,,,,,,,,,,,,,,,,,,32,4,23796,1050,222,56,3,left,1,27,27,0,2,,,,,84,,,,,,,,,,,,,,,,,,,,,,,,,,,,,,,,,,,
291.1181979160028,unswapping,,,,,,,,,,,,,,,,,,,,,,,,,,,,,,,,,,,,,,,,,,,,,,,32,4,23796,1050,222,56,3,right,0,28,28,0,2,,,,,84,,,,,,,,,,,,,,,,,,,,,,,,,,,,,,,,,,,
291.1587695830094,unswapping,,,,,,,,,,,,,,,,,,,,,,,,,,,,,,,,,,,,,,,,,,,,,,,32,4,23796,1050,222,56,3,right,1,27,27,0,2,,,,,84,,,,,,,,,,,,,,,,,,,,,,,,,,,,,,,,,,,
291.2431107080047,unswapping,,,,,,,,,,,,,,,,,,,,,,,,,,,,,,,,,,,,,,,,,,,,,,,32,4,23796,1050,222,56,4,both,0,28,28,0,0,,,,,84,,,,,,,,,,,,,,,,,,,,,,,,,,,,,,,,,,,
291.3323645000055,unswapping,,,,,,,,,,,,,,,,,,,,,,,,,,,,,,,,,,,,,,,,,,,,,,,32,4,23796,1050,222,56,4,both,1,27,27,0,0,,,,,84,,,,,,,,,,,,,,,,,,,,,,,,,,,,,,,,,,,
291.3737660830084,unswapping,,,,,,,,,,,,,,,,,,,,,,,,,,,,,,,,,,,,,,,,,,,,,,,32,4,23796,1050,222,56,4,left,0,28,28,0,0,,,,,84,,,,,,,,,,,,,,,,,,,,,,,,,,,,,,,,,,,
291.41568820799876,unswapping,,,,,,,,,,,,,,,,,,,,,,,,,,,,,,,,,,,,,,,,,,,,,,,32,4,23796,1050,222,56,4,left,1,27,27,0,0,,,,,84,,,,,,,,,,,,,,,,,,,,,,,,,,,,,,,,,,,
291.45723229100986,unswapping,,,,,,,,,,,,,,,,,,,,,,,,,,,,,,,,,,,,,,,,,,,,,,,32,4,23796,1050,222,56,4,right,0,28,28,0,0,,,,,84,,,,,,,,,,,,,,,,,,,,,,,,,,,,,,,,,,,
291.49817045799864,unswapping,,,,,,,,,,,,,,,,,,,,,,,,,,,,,,,,,,,,,,,,,,,,,,,32,4,23796,1050,222,56,4,right,1,27,27,0,0,,,,,84,,,,,,,,,,,,,,,,,,,,,,,,,,,,,,,,,,,
292.78070562500216,unswap_cycle_summary,,,,,,,,,,,,35,70,105,,,,,,,,,,,,,,,,,,,512,0.0006,,,,,,,,,,,,,32,4,23796,1050,222,56,,,,,,,,,,,,,,,,,,,,21,7.458340124998358,105,1885,1780,1,False,,,,,,,,,,,,,,,,,,,,,
294.83442962499976,rewiring,left,post_unswap,2.0104751250037225,1397,False,False,,,,,,,,,,,,,,,,,,,,,,,,,,,,,,,,,,,,,,,,,,,,,,,,,,,,,,,,,,,,,,,,,,21,,,,,,,20,False,1,1,none,0.0,123,2.010469333996298,3.7928138340066653,,,,,,,,,,,,
296.6164480000007,rewiring,right,post_unswap,1.7817584589938633,1523,False,False,,,,,,,,,,,,,,,,,,,,,,,,,,,,,,,,,,,,,,,,,,,,,,,,,,,,,,,,,,,,,,,,,,21,,,,,,,20,False,1,1,none,0.0,123,1.7817520829994464,3.7928138340066653,,,,,,,,,,,,
296.70428104100574,cycle_progress,,,,,,,,,,,,35,70,105,,,,,,,,,,,,,,,,,,,512,0.0006,,19804,0,,,,,,,,,,32,4,23796,1050,222,56,,,,,,,,,,,,,,,,,,,,21,,105,1885,1780,1,False,,,,,,,,,3.7928138340066653,,,,,,,,,,,,
296.8218068330025,absorbing,,,,,,,L,1,0,1274,1576,36,70,106,12,1,1,0.03621441699215211,0.03435666700534057,0.07057108399749268,0.07141629100078717,23796,25964,32,32,False,False,False,False,23796,32,False,512,0.0006,128,23796,0,total_elems,23796,25964,1,1,,,,0.0,32,4,23796,1050,222,56,,,,,,,,,,,,,,,,,,,,,,,,,,,,,,,,,,,,,,,,,,,,,,,
296.9404226660117,absorbing,,,,,,,R,1,1,1274,1576,36,70,106,9,0,1,0.0377984170045238,0.03468216600595042,0.07248058301047422,0.07316891699156258,34680,25964,64,32,False,False,False,False,25964,32,False,512,0.0006,128,23796,0,total_elems,34680,25964,1,1,,,,0.0,32,4,25964,1144,222,56,,,,,,,,,,,,,,,,,,,,,,,,,,,,,,,,,,,,,,,,,,,,,,,
297.06163816600747,absorbing,,,,,,,R,1,2,1274,1576,36,70,106,7,0,1,0.0394407499989029,0.035689750002347864,0.07513050000125077,0.07576687500113621,37792,35116,64,32,False,False,False,False,35116,32,False,512,0.0006,128,23796,0,total_elems,37792,35116,1,1,,,,0.0,32,4,35116,1344,222,56,,,,,,,,,,,,,,,,,,,,,,,,,,,,,,,,,,,,,,,,,,,,,,,
297.19475495800725,absorbing,,,,,,,L,2,2,1274,1576,36,70,106,10,0,1,0.042246875003911555,0.04468591698969249,0.08693279199360404,0.08761666600184981,50272,56492,64,64,False,False,False,False,50272,64,False,512,0.0006,128,23796,0,total_elems,50272,56492,1,1,,,,0.0,64,4,50272,1596,222,56,,,,,,,,,,,,,,,,,,,,,,,,,,,,,,,,,,,,,,,,,,,,,,,
297.3498275410093,absorbing,,,,,,,L,3,2,1274,1576,36,70,106,9,0,1,0.055895875004353,0.05198312499851454,0.10787900000286754,0.10856516599596944,69528,79712,64,64,False,False,False,False,69528,64,False,512,0.0006,128,23796,0,total_elems,69528,79712,1,1,,,,0.0,64,4,69528,1790,222,56,,,,,,,,,,,,,,,,,,,,,,,,,,,,,,,,,,,,,,,,,,,,,,,
297.50158533301146,absorbing,,,,,,,L,4,2,1274,1576,36,70,106,9,0,1,0.04851145899738185,0.05697208300989587,0.10548354200727772,0.10619066700746771,75776,99992,64,64,False,False,False,False,75776,64,False,512,0.0006,128,23796,0,total_elems,75776,99992,1,1,,,,0.0,64,4,75776,1928,222,56,,,,,,,,,,,,,,,,,,,,,,,,,,,,,,,,,,,,,,,,,,,,,,,
297.66294812499837,absorbing,,,,,,,L,5,2,1274,1576,36,70,106,7,0,1,0.05463279099785723,0.06016454199561849,0.11479733299347572,0.11555683400365524,92896,110592,64,64,False,False,False,False,92896,64,False,512,0.0006,128,23796,0,total_elems,92896,110592,1,1,,,,0.0,64,4,92896,2204,222,56,,,,,,,,,,,,,,,,,,,,,,,,,,,,,,,,,,,,,,,,,,,,,,,
297.8395755829988,absorbing,,,,,,,L,6,2,1274,1576,36,70,106,6,0,1,0.06197783300012816,0.06849441699159797,0.13047224999172613,0.13118100000428967,130016,133600,64,64,False,False,False,False,130016,64,False,512,0.0006,128,23796,0,total_elems,130016,133600,1,1,,,,0.0,64,4,130016,2586,222,56,,,,,,,,,,,,,,,,,,,,,,,,,,,,,,,,,,,,,,,,,,,,,,,
298.0870299160015,absorbing,,,,,,,R,6,3,1274,1576,36,70,106,7,0,1,0.10811720800120384,0.09150387499539647,0.1996210829966003,0.20033750000584405,244064,188896,128,128,False,False,False,False,188896,128,False,512,0.0006,128,23796,0,total_elems,244064,188896,1,1,,,,0.0,128,4,188896,2976,222,56,,,,,,,,,,,,,,,,,,,,,,,,,,,,,,,,,,,,,,,,,,,,,,,
298.45886141600204,absorbing,,,,,,,R,6,4,1274,1576,36,70,106,7,0,1,0.18119737500092015,0.14363974999287166,0.3248371249937918,0.32557620901206974,352864,323360,128,128,False,False,False,False,323360,128,False,512,0.0006,128,23796,0,total_elems,352864,323360,1,1,,,,0.0,128,4,323360,3710,222,56,,,,,,,,,,,,,,,,,,,,,,,,,,,,,,,,,,,,,,,,,,,,,,,
302.80581812500895,unswapping,,,,,,,,,,,,,,,,,,,,,,,,,,,,,,,,,,,,,,,,,,,,,,,256,4,572300,4440,222,56,0,both,0,28,28,5,5,,,,,0,,,,,,,,,,,,,,,,,,,,,,,,,,,,,,,,,,,
304.3149700000067,unswapping,,,,,,,,,,,,,,,,,,,,,,,,,,,,,,,,,,,,,,,,,,,,,,,128,4,220544,2960,222,56,0,both,1,27,27,10,15,,,,,0,,,,,,,,,,,,,,,,,,,,,,,,,,,,,,,,,,,
304.67719250000664,unswapping,,,,,,,,,,,,,,,,,,,,,,,,,,,,,,,,,,,,,,,,,,,,,,,110,4,99832,2254,222,56,0,left,0,28,28,12,27,,,,,24,,,,,,,,,,,,,,,,,,,,,,,,,,,,,,,,,,,
304.86560008300876,unswapping,,,,,,,,,,,,,,,,,,,,,,,,,,,,,,,,,,,,,,,,,,,,,,,32,4,56952,1770,222,56,0,left,1,27,27,10,37,,,,,44,,,,,,,,,,,,,,,,,,,,,,,,,,,,,,,,,,,
304.9809134579991,unswapping,,,,,,,,,,,,,,,,,,,,,,,,,,,,,,,,,,,,,,,,,,,,,,,32,4,45848,1564,222,56,0,right,0,28,28,7,44,,,,,50,,,,,,,,,,,,,,,,,,,,,,,,,,,,,,,,,,,
305.09383887500735,unswapping,,,,,,,,,,,,,,,,,,,,,,,,,,,,,,,,,,,,,,,,,,,,,,,32,4,38424,1436,222,56,0,right,1,27,27,8,52,,,,,66,,,,,,,,,,,,,,,,,,,,,,,,,,,,,,,,,,,
305.2719395410095,unswapping,,,,,,,,,,,,,,,,,,,,,,,,,,,,,,,,,,,,,,,,,,,,,,,32,4,31768,1278,222,56,1,both,0,28,28,7,7,,,,,82,,,,,,,,,,,,,,,,,,,,,,,,,,,,,,,,,,,
305.44203970801027,unswapping,,,,,,,,,,,,,,,,,,,,,,,,,,,,,,,,,,,,,,,,,,,,,,,32,4,29464,1198,222,56,1,both,1,27,27,4,11,,,,,92,,,,,,,,,,,,,,,,,,,,,,,,,,,,,,,,,,,
305.52506891600206,unswapping,,,,,,,,,,,,,,,,,,,,,,,,,,,,,,,,,,,,,,,,,,,,,,,32,4,28600,1170,222,56,1,left,0,28,28,3,14,,,,,92,,,,,,,,,,,,,,,,,,,,,,,,,,,,,,,,,,,
305.6109220000071,unswapping,,,,,,,,,,,,,,,,,,,,,,,,,,,,,,,,,,,,,,,,,,,,,,,32,4,28340,1152,222,56,1,left,1,27,27,3,17,,,,,98,,,,,,,,,,,,,,,,,,,,,,,,,,,,,,,,,,,
305.69446016600705,unswapping,,,,,,,,,,,,,,,,,,,,,,,,,,,,,,,,,,,,,,,,,,,,,,,32,4,25048,1104,222,56,1,right,0,28,28,4,21,,,,,100,,,,,,,,,,,,,,,,,,,,,,,,,,,,,,,,,,,
305.76008120800543,unswapping,,,,,,,,,,,,,,,,,,,,,,,,,,,,,,,,,,,,,,,,,,,,,,,32,4,24476,1082,222,56,1,right,1,27,27,2,23,,,,,100,,,,,,,,,,,,,,,,,,,,,,,,,,,,,,,,,,,
305.90817141599837,unswapping,,,,,,,,,,,,,,,,,,,,,,,,,,,,,,,,,,,,,,,,,,,,,,,32,4,24388,1074,222,56,2,both,0,28,28,2,2,,,,,104,,,,,,,,,,,,,,,,,,,,,,,,,,,,,,,,,,,
306.0491559580114,unswapping,,,,,,,,,,,,,,,,,,,,,,,,,,,,,,,,,,,,,,,,,,,,,,,32,4,23620,1058,222,56,2,both,1,27,27,1,3,,,,,102,,,,,,,,,,,,,,,,,,,,,,,,,,,,,,,,,,,
306.1145214999997,unswapping,,,,,,,,,,,,,,,,,,,,,,,,,,,,,,,,,,,,,,,,,,,,,,,32,4,23572,1054,222,56,2,left,0,28,28,1,4,,,,,102,,,,,,,,,,,,,,,,,,,,,,,,,,,,,,,,,,,
306.1914875830116,unswapping,,,,,,,,,,,,,,,,,,,,,,,,,,,,,,,,,,,,,,,,,,,,,,,32,4,23476,1042,222,56,2,left,1,27,27,2,6,,,,,106,,,,,,,,,,,,,,,,,,,,,,,,,,,,,,,,,,,
306.25695337500656,unswapping,,,,,,,,,,,,,,,,,,,,,,,,,,,,,,,,,,,,,,,,,,,,,,,32,4,23284,1034,222,56,2,right,0,28,28,1,7,,,,,108,,,,,,,,,,,,,,,,,,,,,,,,,,,,,,,,,,,
306.29777950000425,unswapping,,,,,,,,,,,,,,,,,,,,,,,,,,,,,,,,,,,,,,,,,,,,,,,32,4,23284,1034,222,56,2,right,1,27,27,0,7,,,,,108,,,,,,,,,,,,,,,,,,,,,,,,,,,,,,,,,,,
306.42883720800455,unswapping,,,,,,,,,,,,,,,,,,,,,,,,,,,,,,,,,,,,,,,,,,,,,,,32,4,23092,1026,222,56,3,both,0,28,28,1,1,,,,,110,,,,,,,,,,,,,,,,,,,,,,,,,,,,,,,,,,,
306.51803495800414,unswapping,,,,,,,,,,,,,,,,,,,,,,,,,,,,,,,,,,,,,,,,,,,,,,,32,4,23092,1026,222,56,3,both,1,27,27,0,1,,,,,110,,,,,,,,,,,,,,,,,,,,,,,,,,,,,,,,,,,
306.5594090829982,unswapping,,,,,,,,,,,,,,,,,,,,,,,,,,,,,,,,,,,,,,,,,,,,,,,32,4,23092,1026,222,56,3,left,0,28,28,0,1,,,,,110,,,,,,,,,,,,,,,,,,,,,,,,,,,,,,,,,,,
306.6011977080052,unswapping,,,,,,,,,,,,,,,,,,,,,,,,,,,,,,,,,,,,,,,,,,,,,,,32,4,23092,1026,222,56,3,left,1,27,27,0,1,,,,,110,,,,,,,,,,,,,,,,,,,,,,,,,,,,,,,,,,,
306.6425877080037,unswapping,,,,,,,,,,,,,,,,,,,,,,,,,,,,,,,,,,,,,,,,,,,,,,,32,4,23092,1026,222,56,3,right,0,28,28,0,1,,,,,110,,,,,,,,,,,,,,,,,,,,,,,,,,,,,,,,,,,
306.6832297910005,unswapping,,,,,,,,,,,,,,,,,,,,,,,,,,,,,,,,,,,,,,,,,,,,,,,32,4,23092,1026,222,56,3,right,1,27,27,0,1,,,,,110,,,,,,,,,,,,,,,,,,,,,,,,,,,,,,,,,,,
306.7663998330099,unswapping,,,,,,,,,,,,,,,,,,,,,,,,,,,,,,,,,,,,,,,,,,,,,,,32,4,23092,1026,222,56,4,both,0,28,28,0,0,,,,,110,,,,,,,,,,,,,,,,,,,,,,,,,,,,,,,,,,,
306.856040166007,unswapping,,,,,,,,,,,,,,,,,,,,,,,,,,,,,,,,,,,,,,,,,,,,,,,32,4,23092,1026,222,56,4,both,1,27,27,0,0,,,,,110,,,,,,,,,,,,,,,,,,,,,,,,,,,,,,,,,,,
306.89806491600757,unswapping,,,,,,,,,,,,,,,,,,,,,,,,,,,,,,,,,,,,,,,,,,,,,,,32,4,23092,1026,222,56,4,left,0,28,28,0,0,,,,,110,,,,,,,,,,,,,,,,,,,,,,,,,,,,,,,,,,,
306.9397626660066,unswapping,,,,,,,,,,,,,,,,,,,,,,,,,,,,,,,,,,,,,,,,,,,,,,,32,4,23092,1026,222,56,4,left,1,27,27,0,0,,,,,110,,,,,,,,,,,,,,,,,,,,,,,,,,,,,,,,,,,
306.98158404100104,unswapping,,,,,,,,,,,,,,,,,,,,,,,,,,,,,,,,,,,,,,,,,,,,,,,32,4,23092,1026,222,56,4,right,0,28,28,0,0,,,,,110,,,,,,,,,,,,,,,,,,,,,,,,,,,,,,,,,,,
307.0219005000108,unswapping,,,,,,,,,,,,,,,,,,,,,,,,,,,,,,,,,,,,,,,,,,,,,,,32,4,23092,1026,222,56,4,right,1,27,27,0,0,,,,,110,,,,,,,,,,,,,,,,,,,,,,,,,,,,,,,,,,,
308.3517554160062,unswap_cycle_summary,,,,,,,,,,,,36,70,106,,,,,,,,,,,,,,,,,,,512,0.0006,,,,,,,,,,,,,32,4,23092,1026,222,56,,,,,,,,,,,,,,,,,,,,22,7.9828909170028055,106,1885,1779,1,False,,,,,,,,,,,,,,,,,,,,,
310.4470245830016,rewiring,left,post_unswap,2.049811041986686,1270,False,False,,,,,,,,,,,,,,,,,,,,,,,,,,,,,,,,,,,,,,,,,,,,,,,,,,,,,,,,,,,,,,,,,,22,,,,,,,20,False,1,1,none,0.0,123,2.0498054169875104,3.8854910420050146,,,,,,,,,,,,
312.2823015000031,rewiring,right,post_unswap,1.8350087080034427,1574,False,False,,,,,,,,,,,,,,,,,,,,,,,,,,,,,,,,,,,,,,,,,,,,,,,,,,,,,,,,,,,,,,,,,,22,,,,,,,20,False,1,1,none,0.0,123,1.8350028749991907,3.8854910420050146,,,,,,,,,,,,
312.37410737499886,cycle_progress,,,,,,,,,,,,36,70,106,,,,,,,,,,,,,,,,,,,512,0.0006,,23796,0,,,,,,,,,,32,4,23092,1026,222,56,,,,,,,,,,,,,,,,,,,,22,,106,1885,1779,1,False,,,,,,,,,3.8854910420050146,,,,,,,,,,,,
312.4959712080017,absorbing,,,,,,,L,1,0,1375,1562,36,70,106,14,0,0,0.03623654200055171,0.034831249999115244,0.07106779199966695,0.07210337500146125,23092,24812,32,32,False,False,False,False,23092,32,False,512,0.0006,128,23092,0,total_elems,23092,24812,1,1,,,,0.0,32,4,23092,1026,222,56,,,,,,,,,,,,,,,,,,,,,,,,,,,,,,,,,,,,,,,,,,,,,,,
312.616769500004,absorbing,,,,,,,R,1,1,1375,1562,36,70,106,10,0,0,0.0379284170048777,0.03423579200170934,0.07216420900658704,0.07286445901263505,34440,24812,64,32,False,False,False,False,24812,32,False,512,0.0006,128,23092,0,total_elems,34440,24812,1,1,,,,0.0,32,4,24812,1124,222,56,,,,,,,,,,,,,,,,,,,,,,,,,,,,,,,,,,,,,,,,,,,,,,,
312.7394890410069,absorbing,,,,,,,R,1,2,1375,1562,36,70,106,9,0,0,0.0385664580098819,0.03609395799867343,0.07466041600855533,0.07530637500167359,37608,32556,64,32,False,False,False,False,32556,32,False,512,0.0006,128,23092,0,total_elems,37608,32556,1,1,,,,0.0,32,4,32556,1340,222,56,,,,,,,,,,,,,,,,,,,,,,,,,,,,,,,,,,,,,,,,,,,,,,,
312.8770402910013,absorbing,,,,,,,L,2,2,1375,1562,36,70,106,8,0,0,0.04055295800208114,0.041203166998457164,0.0817561250005383,0.08239675000368152,46888,48428,64,32,False,False,False,False,46888,64,False,512,0.0006,128,23092,0,total_elems,46888,48428,1,1,,,,0.0,64,4,46888,1592,222,56,,,,,,,,,,,,,,,,,,,,,,,,,,,,,,,,,,,,,,,,,,,,,,,
313.0356180410017,absorbing,,,,,,,R,2,3,1375,1562,36,70,106,7,0,0,0.06398324998735916,0.04684112500399351,0.11082437499135267,0.11152670900628436,69368,66280,64,64,False,False,False,False,66280,64,False,512,0.0006,128,23092,0,total_elems,69368,66280,1,1,,,,0.0,64,4,66280,1852,222,56,,,,,,,,,,,,,,,,,,,,,,,,,,,,,,,,,,,,,,,,,,,,,,,
313.208751750004,absorbing,,,,,,,L,3,3,1375,1562,36,70,106,5,0,0,0.06476541700249072,0.060236999997869134,0.12500241700035986,0.12565062499197666,95992,103912,64,64,False,False,False,False,95992,64,False,512,0.0006,128,23092,0,total_elems,95992,103912,1,1,,,,0.0,64,4,95992,2140,222,56,,,,,,,,,,,,,,,,,,,,,,,,,,,,,,,,,,,,,,,,,,,,,,,
313.4040221660107,absorbing,,,,,,,L,4,3,1375,1562,36,70,106,5,0,0,0.0686702079983661,0.0783316669985652,0.1470018749969313,0.1477079159958521,124064,147576,64,64,False,False,False,False,124064,64,False,512,0.0006,128,23092,0,total_elems,124064,147576,1,1,,,,0.0,64,4,124064,2322,222,56,,,,,,,,,,,,,,,,,,,,,,,,,,,,,,,,,,,,,,,,,,,,,,,
313.6226687080052,absorbing,,,,,,,R,4,4,1375,1562,36,70,106,6,0,0,0.08092274999944493,0.08901612499903422,0.16993887499847915,0.17063754099945072,176736,174880,128,64,False,False,False,False,174880,64,False,512,0.0006,128,23092,0,total_elems,176736,174880,1,1,,,,0.0,64,4,174880,2732,222,56,,,,,,,,,,,,,,,,,,,,,,,,,,,,,,,,,,,,,,,,,,,,,,,
313.9153708330123,absorbing,,,,,,,L,5,4,1375,1562,36,70,106,5,0,0,0.10192820901283994,0.14176020900777075,0.2436884180206107,0.2443714589899173,248672,374112,128,256,False,False,False,False,248672,128,False,512,0.0006,128,23092,0,total_elems,248672,374112,1,1,,,,0.0,128,4,248672,3044,222,56,,,,,,,,,,,,,,,,,,,,,,,,,,,,,,,,,,,,,,,,,,,,,,,
317.40287166601047,unswapping,,,,,,,,,,,,,,,,,,,,,,,,,,,,,,,,,,,,,,,,,,,,,,,256,4,457984,3658,222,56,0,both,0,28,28,1,1,,,,,0,,,,,,,,,,,,,,,,,,,,,,,,,,,,,,,,,,,
318.72504966601264,unswapping,,,,,,,,,,,,,,,,,,,,,,,,,,,,,,,,,,,,,,,,,,,,,,,128,4,154176,2418,222,56,0,both,1,27,27,13,14,,,,,0,,,,,,,,,,,,,,,,,,,,,,,,,,,,,,,,,,,
318.9743220000091,unswapping,,,,,,,,,,,,,,,,,,,,,,,,,,,,,,,,,,,,,,,,,,,,,,,64,4,84832,1962,222,56,0,left,0,28,28,9,23,,,,,18,,,,,,,,,,,,,,,,,,,,,,,,,,,,,,,,,,,
319.15277783300553,unswapping,,,,,,,,,,,,,,,,,,,,,,,,,,,,,,,,,,,,,,,,,,,,,,,32,4,50904,1634,222,56,0,left,1,27,27,10,33,,,,,38,,,,,,,,,,,,,,,,,,,,,,,,,,,,,,,,,,,
319.26392858300824,unswapping,,,,,,,,,,,,,,,,,,,,,,,,,,,,,,,,,,,,,,,,,,,,,,,32,4,40008,1410,222,56,0,right,0,28,28,9,42,,,,,48,,,,,,,,,,,,,,,,,,,,,,,,,,,,,,,,,,,
319.3633711660077,unswapping,,,,,,,,,,,,,,,,,,,,,,,,,,,,,,,,,,,,,,,,,,,,,,,32,4,35976,1346,222,56,0,right,1,27,27,5,47,,,,,56,,,,,,,,,,,,,,,,,,,,,,,,,,,,,,,,,,,
319.5438237500057,unswapping,,,,,,,,,,,,,,,,,,,,,,,,,,,,,,,,,,,,,,,,,,,,,,,32,4,30280,1242,222,56,1,both,0,28,28,4,4,,,,,66,,,,,,,,,,,,,,,,,,,,,,,,,,,,,,,,,,,
319.71192387500196,unswapping,,,,,,,,,,,,,,,,,,,,,,,,,,,,,,,,,,,,,,,,,,,,,,,32,4,27852,1180,222,56,1,both,1,27,27,4,8,,,,,78,,,,,,,,,,,,,,,,,,,,,,,,,,,,,,,,,,,
319.7963585000107,unswapping,,,,,,,,,,,,,,,,,,,,,,,,,,,,,,,,,,,,,,,,,,,,,,,32,4,27348,1152,222,56,1,left,0,28,28,4,12,,,,,82,,,,,,,,,,,,,,,,,,,,,,,,,,,,,,,,,,,
319.88066375000926,unswapping,,,,,,,,,,,,,,,,,,,,,,,,,,,,,,,,,,,,,,,,,,,,,,,32,4,26820,1130,222,56,1,left,1,27,27,3,15,,,,,84,,,,,,,,,,,,,,,,,,,,,,,,,,,,,,,,,,,
319.9635786660074,unswapping,,,,,,,,,,,,,,,,,,,,,,,,,,,,,,,,,,,,,,,,,,,,,,,32,4,25940,1102,222,56,1,right,0,28,28,4,19,,,,,86,,,,,,,,,,,,,,,,,,,,,,,,,,,,,,,,,,,
320.0436137080105,unswapping,,,,,,,,,,,,,,,,,,,,,,,,,,,,,,,,,,,,,,,,,,,,,,,32,4,24804,1072,222,56,1,right,1,27,27,3,22,,,,,88,,,,,,,,,,,,,,,,,,,,,,,,,,,,,,,,,,,
320.13274512501084,unswapping,,,,,,,,,,,,,,,,,,,,,,,,,,,,,,,,,,,,,,,,,,,,,,,32,4,24804,1072,222,56,2,both,0,28,28,0,0,,,,,88,,,,,,,,,,,,,,,,,,,,,,,,,,,,,,,,,,,
320.2791727500007,unswapping,,,,,,,,,,,,,,,,,,,,,,,,,,,,,,,,,,,,,,,,,,,,,,,32,4,24756,1066,222,56,2,both,1,27,27,1,1,,,,,90,,,,,,,,,,,,,,,,,,,,,,,,,,,,,,,,,,,
320.3234588750056,unswapping,,,,,,,,,,,,,,,,,,,,,,,,,,,,,,,,,,,,,,,,,,,,,,,32,4,24756,1066,222,56,2,left,0,28,28,0,1,,,,,90,,,,,,,,,,,,,,,,,,,,,,,,,,,,,,,,,,,
320.3682232499996,unswapping,,,,,,,,,,,,,,,,,,,,,,,,,,,,,,,,,,,,,,,,,,,,,,,32,4,24756,1066,222,56,2,left,1,27,27,0,1,,,,,90,,,,,,,,,,,,,,,,,,,,,,,,,,,,,,,,,,,
320.4480314579996,unswapping,,,,,,,,,,,,,,,,,,,,,,,,,,,,,,,,,,,,,,,,,,,,,,,32,4,24500,1052,222,56,2,right,0,28,28,3,4,,,,,94,,,,,,,,,,,,,,,,,,,,,,,,,,,,,,,,,,,
320.5160481250059,unswapping,,,,,,,,,,,,,,,,,,,,,,,,,,,,,,,,,,,,,,,,,,,,,,,32,4,24260,1042,222,56,2,right,1,27,27,1,5,,,,,96,,,,,,,,,,,,,,,,,,,,,,,,,,,,,,,,,,,
320.6039511249983,unswapping,,,,,,,,,,,,,,,,,,,,,,,,,,,,,,,,,,,,,,,,,,,,,,,32,4,24260,1042,222,56,3,both,0,28,28,0,0,,,,,96,,,,,,,,,,,,,,,,,,,,,,,,,,,,,,,,,,,
320.6993265409983,unswapping,,,,,,,,,,,,,,,,,,,,,,,,,,,,,,,,,,,,,,,,,,,,,,,32,4,24260,1042,222,56,3,both,1,27,27,0,0,,,,,96,,,,,,,,,,,,,,,,,,,,,,,,,,,,,,,,,,,
320.74195266600873,unswapping,,,,,,,,,,,,,,,,,,,,,,,,,,,,,,,,,,,,,,,,,,,,,,,32,4,24260,1042,222,56,3,left,0,28,28,0,0,,,,,96,,,,,,,,,,,,,,,,,,,,,,,,,,,,,,,,,,,
320.7859507910034,unswapping,,,,,,,,,,,,,,,,,,,,,,,,,,,,,,,,,,,,,,,,,,,,,,,32,4,24260,1042,222,56,3,left,1,27,27,0,0,,,,,96,,,,,,,,,,,,,,,,,,,,,,,,,,,,,,,,,,,
320.8525823329983,unswapping,,,,,,,,,,,,,,,,,,,,,,,,,,,,,,,,,,,,,,,,,,,,,,,32,4,24164,1036,222,56,3,right,0,28,28,1,1,,,,,96,,,,,,,,,,,,,,,,,,,,,,,,,,,,,,,,,,,
320.8948165830079,unswapping,,,,,,,,,,,,,,,,,,,,,,,,,,,,,,,,,,,,,,,,,,,,,,,32,4,24164,1036,222,56,3,right,1,27,27,0,1,,,,,96,,,,,,,,,,,,,,,,,,,,,,,,,,,,,,,,,,,
320.9828317909996,unswapping,,,,,,,,,,,,,,,,,,,,,,,,,,,,,,,,,,,,,,,,,,,,,,,32,4,24164,1036,222,56,4,both,0,28,28,0,0,,,,,96,,,,,,,,,,,,,,,,,,,,,,,,,,,,,,,,,,,
321.0772185000096,unswapping,,,,,,,,,,,,,,,,,,,,,,,,,,,,,,,,,,,,,,,,,,,,,,,32,4,24164,1036,222,56,4,both,1,27,27,0,0,,,,,96,,,,,,,,,,,,,,,,,,,,,,,,,,,,,,,,,,,
321.12037537500146,unswapping,,,,,,,,,,,,,,,,,,,,,,,,,,,,,,,,,,,,,,,,,,,,,,,32,4,24164,1036,222,56,4,left,0,28,28,0,0,,,,,96,,,,,,,,,,,,,,,,,,,,,,,,,,,,,,,,,,,
321.16397391600185,unswapping,,,,,,,,,,,,,,,,,,,,,,,,,,,,,,,,,,,,,,,,,,,,,,,32,4,24164,1036,222,56,4,left,1,27,27,0,0,,,,,96,,,,,,,,,,,,,,,,,,,,,,,,,,,,,,,,,,,
321.2066519580112,unswapping,,,,,,,,,,,,,,,,,,,,,,,,,,,,,,,,,,,,,,,,,,,,,,,32,4,24164,1036,222,56,4,right,0,28,28,0,0,,,,,96,,,,,,,,,,,,,,,,,,,,,,,,,,,,,,,,,,,
321.248373541006,unswapping,,,,,,,,,,,,,,,,,,,,,,,,,,,,,,,,,,,,,,,,,,,,,,,32,4,24164,1036,222,56,4,right,1,27,27,0,0,,,,,96,,,,,,,,,,,,,,,,,,,,,,,,,,,,,,,,,,,
322.623113958005,unswap_cycle_summary,,,,,,,,,,,,36,70,106,,,,,,,,,,,,,,,,,,,512,0.0006,,,,,,,,,,,,,32,4,24164,1036,222,56,,,,,,,,,,,,,,,,,,,,23,6.8767647499917075,106,1885,1779,0,False,,,,,,,,,,,,,,,,,,,,,
324.28609804100415,rewiring,left,post_unswap,1.6158610839920584,1372,False,False,,,,,,,,,,,,,,,,,,,,,,,,,,,,,,,,,,,,,,,,,,,,,,,,,,,,,,,,,,,,,,,,,,23,,,,,,,20,False,0,1,none,0.0,123,1.6158551249973243,3.4858963749866234,,,,,,,,,,,,
326.1557999159995,rewiring,right,post_unswap,1.869432000006782,1560,False,False,,,,,,,,,,,,,,,,,,,,,,,,,,,,,,,,,,,,,,,,,,,,,,,,,,,,,,,,,,,,,,,,,,23,,,,,,,20,False,0,1,none,0.0,123,1.8694261250057025,3.4858963749866234,,,,,,,,,,,,
326.2502045000001,cycle_progress,,,,,,,,,,,,36,70,106,,,,,,,,,,,,,,,,,,,512,0.0006,,23092,0,,,,,,,,,,32,4,24164,1036,222,56,,,,,,,,,,,,,,,,,,,,23,,106,1885,1779,0,False,,,,,,,,,3.4858963749866234,,,,,,,,,,,,
326.3748765000055,absorbing,,,,,,,L,1,0,1379,1637,36,70,106,13,0,0,0.036639500001911074,0.03757220899569802,0.0742117089976091,0.07504954200703651,24132,27852,32,32,False,False,False,False,24132,32,False,512,0.0006,128,24164,1,total_elems,24132,27852,1,1,,,,0.0,32,4,24132,1034,222,56,,,,,,,,,,,,,,,,,,,,,,,,,,,,,,,,,,,,,,,,,,,,,,,
326.49883925000904,absorbing,,,,,,,R,1,1,1379,1637,36,70,106,8,0,0,0.03800441700150259,0.03625104199454654,0.07425545899604913,0.07493916600651573,35660,27852,64,32,False,False,False,False,27852,32,False,512,0.0006,128,24164,1,total_elems,35660,27852,1,1,,,,0.0,32,4,27852,1108,222,56,,,,,,,,,,,,,,,,,,,,,,,,,,,,,,,,,,,,,,,,,,,,,,,
326.6293861250015,absorbing,,,,,,,R,1,2,1379,1637,36,70,106,8,0,0,0.03911750001134351,0.041904583005816676,0.08102208301716018,0.08168466700590216,39820,38348,64,64,False,False,False,False,38348,64,False,512,0.0006,128,24164,1,total_elems,39820,38348,1,1,,,,0.0,64,4,38348,1260,222,56,,,,,,,,,,,,,,,,,,,,,,,,,,,,,,,,,,,,,,,,,,,,,,,
326.76863841600425,absorbing,,,,,,,R,1,3,1379,1637,36,70,106,7,0,0,0.04227220799657516,0.046459709003102034,0.0887319169996772,0.08939433300110977,52332,50828,64,64,False,False,False,False,50828,64,False,512,0.0006,128,24164,1,total_elems,52332,50828,1,1,,,,0.0,64,4,50828,1404,222,56,,,,,,,,,,,,,,,,,,,,,,,,,,,,,,,,,,,,,,,,,,,,,,,
326.91433858301025,absorbing,,,,,,,R,1,4,1379,1637,36,70,106,6,0,0,0.04912216700904537,0.04616966599132866,0.09529183300037403,0.0959491249959683,72556,59340,64,64,False,False,False,False,59340,64,False,512,0.0006,128,24164,1,total_elems,72556,59340,1,1,,,,0.0,64,4,59340,1564,222,56,,,,,,,,,,,,,,,,,,,,,,,,,,,,,,,,,,,,,,,,,,,,,,,
327.07636058299977,absorbing,,,,,,,R,1,5,1379,1637,36,70,106,7,0,0,0.052765332991839387,0.05923162499675527,0.11199695798859466,0.11266104200331029,84204,75532,64,64,False,False,False,False,75532,64,False,512,0.0006,128,24164,1,total_elems,84204,75532,1,1,,,,0.0,64,4,75532,1764,222,56,,,,,,,,,,,,,,,,,,,,,,,,,,,,,,,,,,,,,,,,,,,,,,,
327.2647784160072,absorbing,,,,,,,L,2,5,1379,1637,36,70,106,9,0,0,0.06617066699254792,0.07179470900155138,0.1379653759940993,0.1386824999935925,110188,126764,64,128,False,False,False,False,110188,64,False,512,0.0006,128,24164,1,total_elems,110188,126764,1,1,,,,0.0,64,4,110188,2086,222,56,,,,,,,,,,,,,,,,,,,,,,,,,,,,,,,,,,,,,,,,,,,,,,,
327.48534637500416,absorbing,,,,,,,R,2,6,1379,1637,36,70,106,5,0,0,0.0847494580084458,0.08559291699202731,0.1703423750004731,0.17115179100073874,173596,160396,128,128,False,False,False,False,160396,128,False,512,0.0006,128,24164,1,total_elems,173596,160396,1,1,,,,0.0,128,4,160396,2400,222,56,,,,,,,,,,,,,,,,,,,,,,,,,,,,,,,,,,,,,,,,,,,,,,,
327.74357829100336,absorbing,,,,,,,R,2,7,1379,1637,36,71,107,4,1,1,0.1010349170101108,0.10718458300107159,0.2082195000111824,0.2088902079995023,229020,170220,128,128,False,False,False,False,170220,128,False,512,0.0006,128,24164,1,total_elems,229020,170220,1,1,,,,0.0,128,4,170220,2508,222,56,,,,,,,,,,,,,,,,,,,,,,,,,,,,,,,,,,,,,,,,,,,,,,,
328.00590883300174,absorbing,,,,,,,R,2,8,1379,1637,36,72,108,5,1,2,0.10928762500407174,0.10215179200167768,0.21143941700574942,0.21211862500058487,234012,181580,128,128,False,False,False,False,181580,128,False,512,0.0006,128,24164,1,total_elems,234012,181580,1,1,,,,0.0,128,4,181580,2580,222,56,,,,,,,,,,,,,,,,,,,,,,,,,,,,,,,,,,,,,,,,,,,,,,,
328.26878520801256,absorbing,,,,,,,R,2,9,1379,1637,36,72,108,4,0,2,0.11912983399815857,0.0933150829951046,0.21244491699326318,0.2131248749938095,245660,194988,128,128,False,False,False,False,194988,128,False,512,0.0006,128,24164,1,total_elems,245660,194988,1,1,,,,0.0,128,4,194988,2664,222,56,,,,,,,,,,,,,,,,,,,,,,,,,,,,,,,,,,,,,,,,,,,,,,,
328.54940616599924,absorbing,,,,,,,R,2,10,1379,1637,36,72,108,5,0,2,0.12350316699303221,0.1061413330025971,0.2296444999956293,0.23041899999952875,259356,228204,128,128,False,False,False,False,228204,128,False,512,0.0006,128,24164,1,total_elems,259356,228204,1,1,,,,0.0,128,4,228204,2944,222,56,,,,,,,,,,,,,,,,,,,,,,,,,,,,,,,,,,,,,,,,,,,,,,,
328.8828341250046,absorbing,,,,,,,R,2,11,1379,1637,36,72,108,6,0,2,0.14958220900734887,0.13312166700779926,0.2827038760151481,0.2834447079949314,321756,297000,128,128,False,False,False,False,297000,128,False,512,0.0006,128,24164,1,total_elems,321756,297000,1,1,,,,0.0,128,4,297000,3278,222,56,,,,,,,,,,,,,,,,,,,,,,,,,,,,,,,,,,,,,,,,,,,,,,,
330.8498151660024,unswapping,,,,,,,,,,,,,,,,,,,,,,,,,,,,,,,,,,,,,,,,,,,,,,,128,4,193944,2882,222,56,0,both,0,28,28,6,6,,,,,0,,,,,,,,,,,,,,,,,,,,,,,,,,,,,,,,,,,
331.42066920800426,unswapping,,,,,,,,,,,,,,,,,,,,,,,,,,,,,,,,,,,,,,,,,,,,,,,64,4,99608,2178,222,56,0,both,1,27,27,11,17,,,,,0,,,,,,,,,,,,,,,,,,,,,,,,,,,,,,,,,,,
331.5953387910122,unswapping,,,,,,,,,,,,,,,,,,,,,,,,,,,,,,,,,,,,,,,,,,,,,,,64,4,82564,1896,222,56,0,left,0,28,28,10,27,,,,,20,,,,,,,,,,,,,,,,,,,,,,,,,,,,,,,,,,,
331.7664022079989,unswapping,,,,,,,,,,,,,,,,,,,,,,,,,,,,,,,,,,,,,,,,,,,,,,,64,4,71964,1726,222,56,0,left,1,27,27,11,38,,,,,42,,,,,,,,,,,,,,,,,,,,,,,,,,,,,,,,,,,
331.9160074160027,unswapping,,,,,,,,,,,,,,,,,,,,,,,,,,,,,,,,,,,,,,,,,,,,,,,64,4,53992,1528,222,56,0,right,0,28,28,9,47,,,,,52,,,,,,,,,,,,,,,,,,,,,,,,,,,,,,,,,,,
332.0406777080061,unswapping,,,,,,,,,,,,,,,,,,,,,,,,,,,,,,,,,,,,,,,,,,,,,,,64,4,42952,1380,222,56,0,right,1,27,27,7,54,,,,,62,,,,,,,,,,,,,,,,,,,,,,,,,,,,,,,,,,,
332.22712420800235,unswapping,,,,,,,,,,,,,,,,,,,,,,,,,,,,,,,,,,,,,,,,,,,,,,,64,4,37920,1290,222,56,1,both,0,28,28,3,3,,,,,70,,,,,,,,,,,,,,,,,,,,,,,,,,,,,,,,,,,
332.41355399999884,unswapping,,,,,,,,,,,,,,,,,,,,,,,,,,,,,,,,,,,,,,,,,,,,,,,64,4,36388,1244,222,56,1,both,1,27,27,3,6,,,,,78,,,,,,,,,,,,,,,,,,,,,,,,,,,,,,,,,,,
332.46481066600245,unswapping,,,,,,,,,,,,,,,,,,,,,,,,,,,,,,,,,,,,,,,,,,,,,,,64,4,36388,1244,222,56,1,left,0,28,28,0,6,,,,,78,,,,,,,,,,,,,,,,,,,,,,,,,,,,,,,,,,,
332.5593840000074,unswapping,,,,,,,,,,,,,,,,,,,,,,,,,,,,,,,,,,,,,,,,,,,,,,,64,4,35876,1228,222,56,1,left,1,27,27,2,8,,,,,78,,,,,,,,,,,,,,,,,,,,,,,,,,,,,,,,,,,
332.63836133301083,unswapping,,,,,,,,,,,,,,,,,,,,,,,,,,,,,,,,,,,,,,,,,,,,,,,64,4,35644,1212,222,56,1,right,0,28,28,2,10,,,,,80,,,,,,,,,,,,,,,,,,,,,,,,,,,,,,,,,,,
332.7319790000038,unswapping,,,,,,,,,,,,,,,,,,,,,,,,,,,,,,,,,,,,,,,,,,,,,,,64,4,33556,1180,222,56,1,right,1,27,27,3,13,,,,,84,,,,,,,,,,,,,,,,,,,,,,,,,,,,,,,,,,,
332.8812437500019,unswapping,,,,,,,,,,,,,,,,,,,,,,,,,,,,,,,,,,,,,,,,,,,,,,,64,4,31156,1130,222,56,2,both,0,28,28,1,1,,,,,88,,,,,,,,,,,,,,,,,,,,,,,,,,,,,,,,,,,
333.0414424160117,unswapping,,,,,,,,,,,,,,,,,,,,,,,,,,,,,,,,,,,,,,,,,,,,,,,64,4,30388,1106,222,56,2,both,1,27,27,1,2,,,,,88,,,,,,,,,,,,,,,,,,,,,,,,,,,,,,,,,,,
333.1149473330006,unswapping,,,,,,,,,,,,,,,,,,,,,,,,,,,,,,,,,,,,,,,,,,,,,,,64,4,30260,1098,222,56,2,left,0,28,28,1,3,,,,,90,,,,,,,,,,,,,,,,,,,,,,,,,,,,,,,,,,,
333.16383175000374,unswapping,,,,,,,,,,,,,,,,,,,,,,,,,,,,,,,,,,,,,,,,,,,,,,,64,4,30260,1098,222,56,2,left,1,27,27,0,3,,,,,90,,,,,,,,,,,,,,,,,,,,,,,,,,,,,,,,,,,
333.24669275000633,unswapping,,,,,,,,,,,,,,,,,,,,,,,,,,,,,,,,,,,,,,,,,,,,,,,64,4,30188,1094,222,56,2,right,0,28,28,1,4,,,,,90,,,,,,,,,,,,,,,,,,,,,,,,,,,,,,,,,,,
333.32874312500644,unswapping,,,,,,,,,,,,,,,,,,,,,,,,,,,,,,,,,,,,,,,,,,,,,,,64,4,30028,1086,222,56,2,right,1,27,27,1,5,,,,,92,,,,,,,,,,,,,,,,,,,,,,,,,,,,,,,,,,,
333.4191449580103,unswapping,,,,,,,,,,,,,,,,,,,,,,,,,,,,,,,,,,,,,,,,,,,,,,,64,4,30028,1086,222,56,3,both,0,28,28,0,0,,,,,92,,,,,,,,,,,,,,,,,,,,,,,,,,,,,,,,,,,
333.5194297910057,unswapping,,,,,,,,,,,,,,,,,,,,,,,,,,,,,,,,,,,,,,,,,,,,,,,64,4,30028,1086,222,56,3,both,1,27,27,0,0,,,,,92,,,,,,,,,,,,,,,,,,,,,,,,,,,,,,,,,,,
333.565220458011,unswapping,,,,,,,,,,,,,,,,,,,,,,,,,,,,,,,,,,,,,,,,,,,,,,,64,4,30028,1086,222,56,3,left,0,28,28,0,0,,,,,92,,,,,,,,,,,,,,,,,,,,,,,,,,,,,,,,,,,
333.61316291600815,unswapping,,,,,,,,,,,,,,,,,,,,,,,,,,,,,,,,,,,,,,,,,,,,,,,64,4,30028,1086,222,56,3,left,1,27,27,0,0,,,,,92,,,,,,,,,,,,,,,,,,,,,,,,,,,,,,,,,,,
333.6858235000109,unswapping,,,,,,,,,,,,,,,,,,,,,,,,,,,,,,,,,,,,,,,,,,,,,,,64,4,29836,1078,222,56,3,right,0,28,28,1,1,,,,,94,,,,,,,,,,,,,,,,,,,,,,,,,,,,,,,,,,,
333.7575775410078,unswapping,,,,,,,,,,,,,,,,,,,,,,,,,,,,,,,,,,,,,,,,,,,,,,,64,4,29644,1070,222,56,3,right,1,27,27,1,2,,,,,94,,,,,,,,,,,,,,,,,,,,,,,,,,,,,,,,,,,
333.8476960830012,unswapping,,,,,,,,,,,,,,,,,,,,,,,,,,,,,,,,,,,,,,,,,,,,,,,64,4,29644,1070,222,56,4,both,0,28,28,0,0,,,,,94,,,,,,,,,,,,,,,,,,,,,,,,,,,,,,,,,,,
333.9471250409988,unswapping,,,,,,,,,,,,,,,,,,,,,,,,,,,,,,,,,,,,,,,,,,,,,,,64,4,29644,1070,222,56,4,both,1,27,27,0,0,,,,,94,,,,,,,,,,,,,,,,,,,,,,,,,,,,,,,,,,,
333.9917075000121,unswapping,,,,,,,,,,,,,,,,,,,,,,,,,,,,,,,,,,,,,,,,,,,,,,,64,4,29644,1070,222,56,4,left,0,28,28,0,0,,,,,94,,,,,,,,,,,,,,,,,,,,,,,,,,,,,,,,,,,
334.0395094580017,unswapping,,,,,,,,,,,,,,,,,,,,,,,,,,,,,,,,,,,,,,,,,,,,,,,64,4,29644,1070,222,56,4,left,1,27,27,0,0,,,,,94,,,,,,,,,,,,,,,,,,,,,,,,,,,,,,,,,,,
334.11196049999853,unswapping,,,,,,,,,,,,,,,,,,,,,,,,,,,,,,,,,,,,,,,,,,,,,,,64,4,29452,1062,222,56,4,right,0,28,28,1,1,,,,,96,,,,,,,,,,,,,,,,,,,,,,,,,,,,,,,,,,,
334.1828557500121,unswapping,,,,,,,,,,,,,,,,,,,,,,,,,,,,,,,,,,,,,,,,,,,,,,,64,4,29324,1054,222,56,4,right,1,27,27,1,2,,,,,98,,,,,,,,,,,,,,,,,,,,,,,,,,,,,,,,,,,
334.2724779580021,unswapping,,,,,,,,,,,,,,,,,,,,,,,,,,,,,,,,,,,,,,,,,,,,,,,64,4,29324,1054,222,56,5,both,0,28,28,0,0,,,,,98,,,,,,,,,,,,,,,,,,,,,,,,,,,,,,,,,,,
334.37134658300783,unswapping,,,,,,,,,,,,,,,,,,,,,,,,,,,,,,,,,,,,,,,,,,,,,,,64,4,29324,1054,222,56,5,both,1,27,27,0,0,,,,,98,,,,,,,,,,,,,,,,,,,,,,,,,,,,,,,,,,,
334.4161084160005,unswapping,,,,,,,,,,,,,,,,,,,,,,,,,,,,,,,,,,,,,,,,,,,,,,,64,4,29324,1054,222,56,5,left,0,28,28,0,0,,,,,98,,,,,,,,,,,,,,,,,,,,,,,,,,,,,,,,,,,
334.46406354100327,unswapping,,,,,,,,,,,,,,,,,,,,,,,,,,,,,,,,,,,,,,,,,,,,,,,64,4,29324,1054,222,56,5,left,1,27,27,0,0,,,,,98,,,,,,,,,,,,,,,,,,,,,,,,,,,,,,,,,,,
334.5351553750079,unswapping,,,,,,,,,,,,,,,,,,,,,,,,,,,,,,,,,,,,,,,,,,,,,,,64,4,29252,1048,222,56,5,right,0,28,28,1,1,,,,,100,,,,,,,,,,,,,,,,,,,,,,,,,,,,,,,,,,,
334.58019612501084,unswapping,,,,,,,,,,,,,,,,,,,,,,,,,,,,,,,,,,,,,,,,,,,,,,,64,4,29252,1048,222,56,5,right,1,27,27,0,1,,,,,100,,,,,,,,,,,,,,,,,,,,,,,,,,,,,,,,,,,
334.66916920800577,unswapping,,,,,,,,,,,,,,,,,,,,,,,,,,,,,,,,,,,,,,,,,,,,,,,64,4,29252,1048,222,56,6,both,0,28,28,0,0,,,,,100,,,,,,,,,,,,,,,,,,,,,,,,,,,,,,,,,,,
334.7674930830108,unswapping,,,,,,,,,,,,,,,,,,,,,,,,,,,,,,,,,,,,,,,,,,,,,,,64,4,29252,1048,222,56,6,both,1,27,27,0,0,,,,,100,,,,,,,,,,,,,,,,,,,,,,,,,,,,,,,,,,,
334.8123144160054,unswapping,,,,,,,,,,,,,,,,,,,,,,,,,,,,,,,,,,,,,,,,,,,,,,,64,4,29252,1048,222,56,6,left,0,28,28,0,0,,,,,100,,,,,,,,,,,,,,,,,,,,,,,,,,,,,,,,,,,
334.85980791600014,unswapping,,,,,,,,,,,,,,,,,,,,,,,,,,,,,,,,,,,,,,,,,,,,,,,64,4,29252,1048,222,56,6,left,1,27,27,0,0,,,,,100,,,,,,,,,,,,,,,,,,,,,,,,,,,,,,,,,,,
334.9060026250081,unswapping,,,,,,,,,,,,,,,,,,,,,,,,,,,,,,,,,,,,,,,,,,,,,,,64,4,29252,1048,222,56,6,right,0,28,28,0,0,,,,,100,,,,,,,,,,,,,,,,,,,,,,,,,,,,,,,,,,,
334.9520178750099,unswapping,,,,,,,,,,,,,,,,,,,,,,,,,,,,,,,,,,,,,,,,,,,,,,,64,4,29252,1048,222,56,6,right,1,27,27,0,0,,,,,100,,,,,,,,,,,,,,,,,,,,,,,,,,,,,,,,,,,
336.9719220410043,unswap_cycle_summary,,,,,,,,,,,,36,72,108,,,,,,,,,,,,,,,,,,,512,0.0006,,,,,,,,,,,,,64,4,29252,1048,222,56,,,,,,,,,,,,,,,,,,,,24,5.615334416987025,108,1885,1777,2,False,,,,,,,,,,,,,,,,,,,,,
338.6637496660114,rewiring,left,post_unswap,1.6420471250021365,1379,False,False,,,,,,,,,,,,,,,,,,,,,,,,,,,,,,,,,,,,,,,,,,,,,,,,,,,,,,,,,,,,,,,,,,24,,,,,,,20,False,2,1,none,0.0,123,1.6420416659966577,3.4964804999908665,,,,,,,,,,,,
340.5178773330117,rewiring,right,post_unswap,1.8538830829929793,1628,False,False,,,,,,,,,,,,,,,,,,,,,,,,,,,,,,,,,,,,,,,,,,,,,,,,,,,,,,,,,,,,,,,,,,24,,,,,,,20,False,2,1,none,0.0,123,1.8538773339969339,3.4964804999908665,,,,,,,,,,,,
340.61627833300736,cycle_progress,,,,,,,,,,,,36,72,108,,,,,,,,,,,,,,,,,,,512,0.0006,,24164,1,,,,,,,,,,64,4,29252,1048,222,56,,,,,,,,,,,,,,,,,,,,24,,108,1885,1777,2,False,,,,,,,,,3.4964804999908665,,,,,,,,,,,,
340.7456079160038,absorbing,,,,,,,L,1,0,1400,1598,36,72,108,12,0,0,0.03751058399211615,0.03890429199964274,0.07641487599175889,0.07726220799668226,29252,34796,64,64,False,False,False,False,29252,64,False,512,0.0006,128,29252,0,total_elems,29252,34796,1,1,,,,0.0,64,4,29252,1048,222,56,,,,,,,,,,,,,,,,,,,,,,,,,,,,,,,,,,,,,,,,,,,,,,,
340.8755210410018,absorbing,,,,,,,L,2,0,1400,1598,36,72,108,6,0,0,0.038400374993216246,0.03921941701264586,0.07761979200586211,0.07828787500329781,32612,34796,64,64,False,False,False,False,32612,64,False,512,0.0006,128,29252,0,total_elems,32612,34796,1,1,,,,0.0,64,4,32612,1168,222,56,,,,,,,,,,,,,,,,,,,,,,,,,,,,,,,,,,,,,,,,,,,,,,,
341.01059229100065,absorbing,,,,,,,R,2,1,1400,1598,36,72,108,12,0,0,0.04185054100526031,0.04020020799362101,0.08205074899888132,0.08272537500306498,47140,40116,64,64,False,False,False,False,40116,64,False,512,0.0006,128,29252,0,total_elems,47140,40116,1,1,,,,0.0,64,4,40116,1312,222,56,,,,,,,,,,,,,,,,,,,,,,,,,,,,,,,,,,,,,,,,,,,,,,,
341.14784795801097,absorbing,,,,,,,R,2,2,1400,1598,36,72,108,9,0,0,0.0461408749979455,0.03945708301034756,0.08559795800829306,0.08624929100915324,50836,46260,64,64,False,False,False,False,46260,64,False,512,0.0006,128,29252,0,total_elems,50836,46260,1,1,,,,0.0,64,4,46260,1484,222,56,,,,,,,,,,,,,,,,,,,,,,,,,,,,,,,,,,,,,,,,,,,,,,,
341.2939645410079,absorbing,,,,,,,L,3,2,1400,1598,36,72,108,5,0,0,0.04998100000375416,0.04447137500392273,0.09445237500767689,0.09517474999302067,58260,70068,64,64,False,False,False,False,58260,64,False,512,0.0006,128,29252,0,total_elems,58260,70068,1,1,,,,0.0,64,4,58260,1636,222,56,,,,,,,,,,,,,,,,,,,,,,,,,,,,,,,,,,,,,,,,,,,,,,,
341.4391206660075,absorbing,,,,,,,L,4,2,1400,1598,36,72,108,6,0,0,0.0443254579877248,0.04914758300583344,0.09347304099355824,0.09416112500184681,62100,78996,64,64,False,False,False,False,62100,64,False,512,0.0006,128,29252,0,total_elems,62100,78996,1,1,,,,0.0,64,4,62100,1740,222,56,,,,,,,,,,,,,,,,,,,,,,,,,,,,,,,,,,,,,,,,,,,,,,,
341.5907894580014,absorbing,,,,,,,L,5,2,1400,1598,36,72,108,6,0,0,0.048633915997925214,0.051189333011279814,0.09982324900920503,0.10054479200334754,73424,85396,64,64,False,False,False,False,73424,64,False,512,0.0006,128,29252,0,total_elems,73424,85396,1,1,,,,0.0,64,4,73424,1874,222,56,,,,,,,,,,,,,,,,,,,,,,,,,,,,,,,,,,,,,,,,,,,,,,,
341.7582051250065,absorbing,,,,,,,L,6,2,1400,1598,36,72,108,4,0,0,0.05467033300374169,0.06048379201092757,0.11515412501466926,0.11593791699851863,90096,113360,64,95,False,False,False,False,90096,64,False,512,0.0006,128,29252,0,total_elems,90096,113360,1,1,,,,0.0,64,4,90096,2104,222,56,,,,,,,,,,,,,,,,,,,,,,,,,,,,,,,,,,,,,,,,,,,,,,,
341.9346773330035,absorbing,,,,,,,L,7,2,1400,1598,36,72,108,3,0,0,0.05702229200687725,0.06621249999443535,0.1232347920013126,0.12393016699934378,110832,139248,64,95,False,False,False,False,110832,64,False,512,0.0006,128,29252,0,total_elems,110832,139248,1,1,,,,0.0,64,4,110832,2270,222,56,,,,,,,,,,,,,,,,,,,,,,,,,,,,,,,,,,,,,,,,,,,,,,,
342.13079950000974,absorbing,,,,,,,L,8,2,1400,1598,36,72,108,4,0,0,0.06777729198802263,0.07620691599731799,0.14398420798534062,0.1446950000099605,118192,164208,64,95,False,False,False,False,118192,64,False,512,0.0006,128,29252,0,total_elems,118192,164208,1,1,,,,0.0,64,4,118192,2332,222,56,,,,,,,,,,,,,,,,,,,,,,,,,,,,,,,,,,,,,,,,,,,,,,,
342.3399865410029,absorbing,,,,,,,L,9,2,1400,1598,36,72,108,4,0,0,0.0790002919966355,0.077881958000944,0.1568822499975795,0.15756883299036417,122544,173488,64,95,False,False,False,False,122544,64,False,512,0.0006,128,29252,0,total_elems,122544,173488,1,1,,,,0.0,64,4,122544,2416,222,56,,,,,,,,,,,,,,,,,,,,,,,,,,,,,,,,,,,,,,,,,,,,,,,
342.5671390409989,absorbing,,,,,,,R,9,3,1400,1598,36,72,108,8,0,0,0.09486566600389779,0.07967600000847597,0.17454166601237375,0.17524345799756702,215184,180400,128,94,False,False,False,False,180400,94,False,512,0.0006,128,29252,0,total_elems,215184,180400,1,1,,,,0.0,94,4,180400,2940,222,56,,,,,,,,,,,,,,,,,,,,,,,,,,,,,,,,,,,,,,,,,,,,,,,
342.89956416600035,absorbing,,,,,,,R,9,4,1400,1598,36,72,108,7,0,0,0.1325652500090655,0.14813354099169374,0.28069879100075923,0.2814190420031082,300208,288272,128,128,False,False,False,False,288272,128,False,512,0.0006,128,29252,0,total_elems,300208,288272,1,1,,,,0.0,128,4,288272,3502,222,56,,,,,,,,,,,,,,,,,,,,,,,,,,,,,,,,,,,,,,,,,,,,,,,
344.9200638330076,unswapping,,,,,,,,,,,,,,,,,,,,,,,,,,,,,,,,,,,,,,,,,,,,,,,128,4,367704,3594,222,56,0,both,0,28,28,7,7,,,,,0,,,,,,,,,,,,,,,,,,,,,,,,,,,,,,,,,,,
346.3530199579982,unswapping,,,,,,,,,,,,,,,,,,,,,,,,,,,,,,,,,,,,,,,,,,,,,,,128,4,249064,2952,222,56,0,both,1,27,27,10,17,,,,,0,,,,,,,,,,,,,,,,,,,,,,,,,,,,,,,,,,,
346.71649108300335,unswapping,,,,,,,,,,,,,,,,,,,,,,,,,,,,,,,,,,,,,,,,,,,,,,,128,4,181696,2598,222,56,0,left,0,28,28,6,23,,,,,12,,,,,,,,,,,,,,,,,,,,,,,,,,,,,,,,,,,
347.1270910410094,unswapping,,,,,,,,,,,,,,,,,,,,,,,,,,,,,,,,,,,,,,,,,,,,,,,128,4,131432,2268,222,56,0,left,1,27,27,15,38,,,,,42,,,,,,,,,,,,,,,,,,,,,,,,,,,,,,,,,,,
347.3256017500098,unswapping,,,,,,,,,,,,,,,,,,,,,,,,,,,,,,,,,,,,,,,,,,,,,,,64,4,89940,1830,222,56,0,right,0,28,28,10,48,,,,,62,,,,,,,,,,,,,,,,,,,,,,,,,,,,,,,,,,,
347.5010482080106,unswapping,,,,,,,,,,,,,,,,,,,,,,,,,,,,,,,,,,,,,,,,,,,,,,,64,4,68708,1668,222,56,0,right,1,27,27,5,53,,,,,72,,,,,,,,,,,,,,,,,,,,,,,,,,,,,,,,,,,
347.7722002500086,unswapping,,,,,,,,,,,,,,,,,,,,,,,,,,,,,,,,,,,,,,,,,,,,,,,64,4,52840,1480,222,56,1,both,0,28,28,6,6,,,,,80,,,,,,,,,,,,,,,,,,,,,,,,,,,,,,,,,,,
347.9929997500003,unswapping,,,,,,,,,,,,,,,,,,,,,,,,,,,,,,,,,,,,,,,,,,,,,,,64,4,47880,1408,222,56,1,both,1,27,27,4,10,,,,,86,,,,,,,,,,,,,,,,,,,,,,,,,,,,,,,,,,,
348.09724720800295,unswapping,,,,,,,,,,,,,,,,,,,,,,,,,,,,,,,,,,,,,,,,,,,,,,,64,4,46368,1380,222,56,1,left,0,28,28,2,12,,,,,90,,,,,,,,,,,,,,,,,,,,,,,,,,,,,,,,,,,
348.1901840000064,unswapping,,,,,,,,,,,,,,,,,,,,,,,,,,,,,,,,,,,,,,,,,,,,,,,64,4,45996,1370,222,56,1,left,1,27,27,1,13,,,,,90,,,,,,,,,,,,,,,,,,,,,,,,,,,,,,,,,,,
348.2962324580003,unswapping,,,,,,,,,,,,,,,,,,,,,,,,,,,,,,,,,,,,,,,,,,,,,,,64,4,45360,1340,222,56,1,right,0,28,28,3,16,,,,,94,,,,,,,,,,,,,,,,,,,,,,,,,,,,,,,,,,,
348.3964857079991,unswapping,,,,,,,,,,,,,,,,,,,,,,,,,,,,,,,,,,,,,,,,,,,,,,,64,4,43880,1312,222,56,1,right,1,27,27,3,19,,,,,100,,,,,,,,,,,,,,,,,,,,,,,,,,,,,,,,,,,
348.5906927080068,unswapping,,,,,,,,,,,,,,,,,,,,,,,,,,,,,,,,,,,,,,,,,,,,,,,64,4,40536,1248,222,56,2,both,0,28,28,5,5,,,,,112,,,,,,,,,,,,,,,,,,,,,,,,,,,,,,,,,,,
348.77495200000703,unswapping,,,,,,,,,,,,,,,,,,,,,,,,,,,,,,,,,,,,,,,,,,,,,,,64,4,37292,1186,222,56,2,both,1,27,27,3,8,,,,,120,,,,,,,,,,,,,,,,,,,,,,,,,,,,,,,,,,,
348.8574335410085,unswapping,,,,,,,,,,,,,,,,,,,,,,,,,,,,,,,,,,,,,,,,,,,,,,,64,4,32540,1126,222,56,2,left,0,28,28,2,10,,,,,122,,,,,,,,,,,,,,,,,,,,,,,,,,,,,,,,,,,
348.9449065000081,unswapping,,,,,,,,,,,,,,,,,,,,,,,,,,,,,,,,,,,,,,,,,,,,,,,64,4,30812,1088,222,56,2,left,1,27,27,2,12,,,,,124,,,,,,,,,,,,,,,,,,,,,,,,,,,,,,,,,,,
349.0200018750038,unswapping,,,,,,,,,,,,,,,,,,,,,,,,,,,,,,,,,,,,,,,,,,,,,,,64,4,30676,1080,222,56,2,right,0,28,28,1,13,,,,,126,,,,,,,,,,,,,,,,,,,,,,,,,,,,,,,,,,,
349.09343358300976,unswapping,,,,,,,,,,,,,,,,,,,,,,,,,,,,,,,,,,,,,,,,,,,,,,,64,4,29652,1056,222,56,2,right,1,27,27,2,15,,,,,128,,,,,,,,,,,,,,,,,,,,,,,,,,,,,,,,,,,
349.23764825001126,unswapping,,,,,,,,,,,,,,,,,,,,,,,,,,,,,,,,,,,,,,,,,,,,,,,64,4,29140,1040,222,56,3,both,0,28,28,1,1,,,,,132,,,,,,,,,,,,,,,,,,,,,,,,,,,,,,,,,,,
349.3344281250029,unswapping,,,,,,,,,,,,,,,,,,,,,,,,,,,,,,,,,,,,,,,,,,,,,,,64,4,29140,1040,222,56,3,both,1,27,27,0,1,,,,,132,,,,,,,,,,,,,,,,,,,,,,,,,,,,,,,,,,,
349.38008958300634,unswapping,,,,,,,,,,,,,,,,,,,,,,,,,,,,,,,,,,,,,,,,,,,,,,,64,4,29140,1040,222,56,3,left,0,28,28,0,1,,,,,132,,,,,,,,,,,,,,,,,,,,,,,,,,,,,,,,,,,
349.453549124999,unswapping,,,,,,,,,,,,,,,,,,,,,,,,,,,,,,,,,,,,,,,,,,,,,,,64,4,28884,1032,222,56,3,left,1,27,27,1,2,,,,,134,,,,,,,,,,,,,,,,,,,,,,,,,,,,,,,,,,,
349.52509366600134,unswapping,,,,,,,,,,,,,,,,,,,,,,,,,,,,,,,,,,,,,,,,,,,,,,,64,4,28692,1024,222,56,3,right,0,28,28,1,3,,,,,132,,,,,,,,,,,,,,,,,,,,,,,,,,,,,,,,,,,
349.570438958006,unswapping,,,,,,,,,,,,,,,,,,,,,,,,,,,,,,,,,,,,,,,,,,,,,,,64,4,28692,1024,222,56,3,right,1,27,27,0,3,,,,,132,,,,,,,,,,,,,,,,,,,,,,,,,,,,,,,,,,,
349.71226308301266,unswapping,,,,,,,,,,,,,,,,,,,,,,,,,,,,,,,,,,,,,,,,,,,,,,,64,4,28500,1016,222,56,4,both,0,28,28,1,1,,,,,134,,,,,,,,,,,,,,,,,,,,,,,,,,,,,,,,,,,
349.80809837501147,unswapping,,,,,,,,,,,,,,,,,,,,,,,,,,,,,,,,,,,,,,,,,,,,,,,64,4,28500,1016,222,56,4,both,1,27,27,0,1,,,,,134,,,,,,,,,,,,,,,,,,,,,,,,,,,,,,,,,,,
349.8535582500044,unswapping,,,,,,,,,,,,,,,,,,,,,,,,,,,,,,,,,,,,,,,,,,,,,,,64,4,28500,1016,222,56,4,left,0,28,28,0,1,,,,,134,,,,,,,,,,,,,,,,,,,,,,,,,,,,,,,,,,,
349.9267767499987,unswapping,,,,,,,,,,,,,,,,,,,,,,,,,,,,,,,,,,,,,,,,,,,,,,,64,4,28308,1008,222,56,4,left,1,27,27,1,2,,,,,136,,,,,,,,,,,,,,,,,,,,,,,,,,,,,,,,,,,
349.97269070800394,unswapping,,,,,,,,,,,,,,,,,,,,,,,,,,,,,,,,,,,,,,,,,,,,,,,64,4,28308,1008,222,56,4,right,0,28,28,0,2,,,,,136,,,,,,,,,,,,,,,,,,,,,,,,,,,,,,,,,,,
350.0172476660082,unswapping,,,,,,,,,,,,,,,,,,,,,,,,,,,,,,,,,,,,,,,,,,,,,,,64,4,28308,1008,222,56,4,right,1,27,27,0,2,,,,,136,,,,,,,,,,,,,,,,,,,,,,,,,,,,,,,,,,,
350.10729504100163,unswapping,,,,,,,,,,,,,,,,,,,,,,,,,,,,,,,,,,,,,,,,,,,,,,,64,4,28308,1008,222,56,5,both,0,28,28,0,0,,,,,136,,,,,,,,,,,,,,,,,,,,,,,,,,,,,,,,,,,
350.20395808300236,unswapping,,,,,,,,,,,,,,,,,,,,,,,,,,,,,,,,,,,,,,,,,,,,,,,64,4,28308,1008,222,56,5,both,1,27,27,0,0,,,,,136,,,,,,,,,,,,,,,,,,,,,,,,,,,,,,,,,,,
350.2491598330089,unswapping,,,,,,,,,,,,,,,,,,,,,,,,,,,,,,,,,,,,,,,,,,,,,,,64,4,28308,1008,222,56,5,left,0,28,28,0,0,,,,,136,,,,,,,,,,,,,,,,,,,,,,,,,,,,,,,,,,,
350.295996166009,unswapping,,,,,,,,,,,,,,,,,,,,,,,,,,,,,,,,,,,,,,,,,,,,,,,64,4,28308,1008,222,56,5,left,1,27,27,0,0,,,,,136,,,,,,,,,,,,,,,,,,,,,,,,,,,,,,,,,,,
350.3418873750052,unswapping,,,,,,,,,,,,,,,,,,,,,,,,,,,,,,,,,,,,,,,,,,,,,,,64,4,28308,1008,222,56,5,right,0,28,28,0,0,,,,,136,,,,,,,,,,,,,,,,,,,,,,,,,,,,,,,,,,,
350.386824583009,unswapping,,,,,,,,,,,,,,,,,,,,,,,,,,,,,,,,,,,,,,,,,,,,,,,64,4,28308,1008,222,56,5,right,1,27,27,0,0,,,,,136,,,,,,,,,,,,,,,,,,,,,,,,,,,,,,,,,,,
352.1994439160044,unswap_cycle_summary,,,,,,,,,,,,36,72,108,,,,,,,,,,,,,,,,,,,512,0.0006,,,,,,,,,,,,,64,4,28308,1008,222,56,,,,,,,,,,,,,,,,,,,,25,6.969412042002659,108,1885,1777,0,False,,,,,,,,,,,,,,,,,,,,,
354.4069829580112,rewiring,left,post_unswap,2.155659415991977,1393,False,False,,,,,,,,,,,,,,,,,,,,,,,,,,,,,,,,,,,,,,,,,,,,,,,,,,,,,,,,,,,,,,,,,,25,,,,,,,20,False,0,1,none,0.0,123,2.155650290995254,4.020326583005954,,,,,,,,,,,,
356.27124250000634,rewiring,right,post_unswap,1.86392641699058,1596,False,False,,,,,,,,,,,,,,,,,,,,,,,,,,,,,,,,,,,,,,,,,,,,,,,,,,,,,,,,,,,,,,,,,,25,,,,,,,20,False,0,1,none,0.0,123,1.863920000003418,4.020326583005954,,,,,,,,,,,,
356.3756921660097,cycle_progress,,,,,,,,,,,,36,72,108,,,,,,,,,,,,,,,,,,,512,0.0006,,29252,0,,,,,,,,,,64,4,28308,1008,222,56,,,,,,,,,,,,,,,,,,,,25,,108,1885,1777,0,False,,,,,,,,,4.020326583005954,,,,,,,,,,,,
356.50598116600304,absorbing,,,,,,,L,1,0,1483,1539,36,72,108,9,0,0,0.03760033300204668,0.0363336669979617,0.07393400000000838,0.0748002079926664,28308,29840,64,64,False,False,False,False,28308,64,False,512,0.0006,128,28308,1,total_elems,28308,29840,1,1,,,,0.0,64,4,28308,1008,222,56,,,,,,,,,,,,,,,,,,,,,,,,,,,,,,,,,,,,,,,,,,,,,,,
356.63540608300536,absorbing,,,,,,,R,1,1,1483,1539,36,72,108,11,0,0,0.0389336660009576,0.03649433299142402,0.07542799899238162,0.07611545801046304,31260,29840,64,64,False,False,False,False,29840,64,False,512,0.0006,128,28308,1,total_elems,31260,29840,1,1,,,,0.0,64,4,29840,1102,222,56,,,,,,,,,,,,,,,,,,,,,,,,,,,,,,,,,,,,,,,,,,,,,,,
356.7661050000024,absorbing,,,,,,,L,2,1,1483,1539,36,72,108,8,0,0,0.03871541599801276,0.03763187499134801,0.07634729098936077,0.07702100000460632,33012,34264,64,64,False,False,False,False,33012,64,False,512,0.0006,128,28308,1,total_elems,33012,34264,1,1,,,,0.0,64,4,33012,1188,222,56,,,,,,,,,,,,,,,,,,,,,,,,,,,,,,,,,,,,,,,,,,,,,,,
356.90162333300395,absorbing,,,,,,,R,2,2,1483,1539,36,72,108,10,0,0,0.04289258300559595,0.03798333299346268,0.08087591599905863,0.08161995800037403,48036,38996,64,64,False,False,False,False,38996,64,False,512,0.0006,128,28308,1,total_elems,48036,38996,1,1,,,,0.0,64,4,38996,1404,222,56,,,,,,,,,,,,,,,,,,,,,,,,,,,,,,,,,,,,,,,,,,,,,,,
357.0423594160093,absorbing,,,,,,,R,2,3,1483,1539,36,72,108,8,0,0,0.04511191700294148,0.041180625004926696,0.08629254200786818,0.08698162500513718,56196,55508,64,64,False,False,False,False,55508,64,False,512,0.0006,128,28308,1,total_elems,56196,55508,1,1,,,,0.0,64,4,55508,1692,222,56,,,,,,,,,,,,,,,,,,,,,,,,,,,,,,,,,,,,,,,,,,,,,,,
357.2043175410072,absorbing,,,,,,,L,3,3,1483,1539,36,72,108,8,0,0,0.049841083004139364,0.056905334000475705,0.10674641700461507,0.10765362498932518,68868,110036,64,128,False,False,False,False,68868,64,False,512,0.0006,128,28308,1,total_elems,68868,110036,1,1,,,,0.0,64,4,68868,1828,222,56,,,,,,,,,,,,,,,,,,,,,,,,,,,,,,,,,,,,,,,,,,,,,,,
357.36867904099927,absorbing,,,,,,,L,4,3,1483,1539,36,72,108,5,0,0,0.048973707991535775,0.06047683299402706,0.10945054098556284,0.1102632919937605,77644,123396,64,128,False,False,False,False,77644,64,False,512,0.0006,128,28308,1,total_elems,77644,123396,1,1,,,,0.0,64,4,77644,1952,222,56,,,,,,,,,,,,,,,,,,,,,,,,,,,,,,,,,,,,,,,,,,,,,,,
357.54613850000896,absorbing,,,,,,,L,5,3,1483,1539,36,72,108,6,0,0,0.05372158299724106,0.06878920900635421,0.12251079200359527,0.123234250000678,87208,141388,64,128,False,False,False,False,87208,64,False,512,0.0006,128,28308,1,total_elems,87208,141388,1,1,,,,0.0,64,4,87208,2098,222,56,,,,,,,,,,,,,,,,,,,,,,,,,,,,,,,,,,,,,,,,,,,,,,,
357.73458054100047,absorbing,,,,,,,L,6,3,1483,1539,36,72,108,7,0,0,0.05893662500602659,0.07396929198876023,0.13290591699478682,0.13362125000276137,110472,162216,64,128,False,False,False,False,110472,64,False,512,0.0006,128,28308,1,total_elems,110472,162216,1,1,,,,0.0,64,4,110472,2272,222,56,,,,,,,,,,,,,,,,,,,,,,,,,,,,,,,,,,,,,,,,,,,,,,,
357.9681238330086,absorbing,,,,,,,L,7,3,1483,1539,36,72,108,6,0,0,0.09036158399248961,0.08792400000675116,0.17828558399924077,0.17904316700878553,189288,203912,128,128,False,False,False,False,189288,128,False,512,0.0006,128,28308,1,total_elems,189288,203912,1,1,,,,0.0,128,4,189288,2760,222,56,,,,,,,,,,,,,,,,,,,,,,,,,,,,,,,,,,,,,,,,,,,,,,,
358.3458727910038,absorbing,,,,,,,L,8,3,1483,1539,36,72,108,7,0,0,0.17018691699195188,0.15255116700427607,0.32273808399622794,0.3234878329967614,323944,358760,128,128,False,False,False,False,323944,128,False,512,0.0006,128,28308,1,total_elems,323944,358760,1,1,,,,0.0,128,4,323944,3216,222,56,,,,,,,,,,,,,,,,,,,,,,,,,,,,,,,,,,,,,,,,,,,,,,,
360.5966540410009,unswapping,,,,,,,,,,,,,,,,,,,,,,,,,,,,,,,,,,,,,,,,,,,,,,,128,4,354408,3080,222,56,0,both,0,28,28,11,11,,,,,0,,,,,,,,,,,,,,,,,,,,,,,,,,,,,,,,,,,
361.8456987910031,unswapping,,,,,,,,,,,,,,,,,,,,,,,,,,,,,,,,,,,,,,,,,,,,,,,128,4,337272,2828,222,56,0,both,1,27,27,11,22,,,,,0,,,,,,,,,,,,,,,,,,,,,,,,,,,,,,,,,,,
362.47992737501045,unswapping,,,,,,,,,,,,,,,,,,,,,,,,,,,,,,,,,,,,,,,,,,,,,,,128,4,196920,2334,222,56,0,left,0,28,28,10,32,,,,,20,,,,,,,,,,,,,,,,,,,,,,,,,,,,,,,,,,,
362.858619000006,unswapping,,,,,,,,,,,,,,,,,,,,,,,,,,,,,,,,,,,,,,,,,,,,,,,128,4,116508,1852,222,56,0,left,1,27,27,9,41,,,,,38,,,,,,,,,,,,,,,,,,,,,,,,,,,,,,,,,,,
363.04546745801053,unswapping,,,,,,,,,,,,,,,,,,,,,,,,,,,,,,,,,,,,,,,,,,,,,,,128,4,116372,1842,222,56,0,right,0,28,28,2,43,,,,,42,,,,,,,,,,,,,,,,,,,,,,,,,,,,,,,,,,,
363.26347166601045,unswapping,,,,,,,,,,,,,,,,,,,,,,,,,,,,,,,,,,,,,,,,,,,,,,,128,4,114452,1770,222,56,0,right,1,27,27,6,49,,,,,54,,,,,,,,,,,,,,,,,,,,,,,,,,,,,,,,,,,
363.63791733300604,unswapping,,,,,,,,,,,,,,,,,,,,,,,,,,,,,,,,,,,,,,,,,,,,,,,64,4,58572,1464,222,56,1,both,0,28,28,6,6,,,,,66,,,,,,,,,,,,,,,,,,,,,,,,,,,,,,,,,,,
363.8684868749988,unswapping,,,,,,,,,,,,,,,,,,,,,,,,,,,,,,,,,,,,,,,,,,,,,,,64,4,46400,1326,222,56,1,both,1,27,27,7,13,,,,,78,,,,,,,,,,,,,,,,,,,,,,,,,,,,,,,,,,,
363.9867197499989,unswapping,,,,,,,,,,,,,,,,,,,,,,,,,,,,,,,,,,,,,,,,,,,,,,,64,4,41984,1278,222,56,1,left,0,28,28,3,16,,,,,84,,,,,,,,,,,,,,,,,,,,,,,,,,,,,,,,,,,
364.09173312500934,unswapping,,,,,,,,,,,,,,,,,,,,,,,,,,,,,,,,,,,,,,,,,,,,,,,64,4,35680,1186,222,56,1,left,1,27,27,4,20,,,,,92,,,,,,,,,,,,,,,,,,,,,,,,,,,,,,,,,,,
364.1915543330106,unswapping,,,,,,,,,,,,,,,,,,,,,,,,,,,,,,,,,,,,,,,,,,,,,,,64,4,33772,1128,222,56,1,right,0,28,28,4,24,,,,,98,,,,,,,,,,,,,,,,,,,,,,,,,,,,,,,,,,,
364.2879962910083,unswapping,,,,,,,,,,,,,,,,,,,,,,,,,,,,,,,,,,,,,,,,,,,,,,,32,4,22480,1030,222,56,1,right,1,27,27,2,26,,,,,100,,,,,,,,,,,,,,,,,,,,,,,,,,,,,,,,,,,
364.4395685000054,unswapping,,,,,,,,,,,,,,,,,,,,,,,,,,,,,,,,,,,,,,,,,,,,,,,32,4,17736,950,222,56,2,both,0,28,28,7,7,,,,,112,,,,,,,,,,,,,,,,,,,,,,,,,,,,,,,,,,,
364.57382333300484,unswapping,,,,,,,,,,,,,,,,,,,,,,,,,,,,,,,,,,,,,,,,,,,,,,,32,4,17176,930,222,56,2,both,1,27,27,2,9,,,,,118,,,,,,,,,,,,,,,,,,,,,,,,,,,,,,,,,,,
364.6336955410079,unswapping,,,,,,,,,,,,,,,,,,,,,,,,,,,,,,,,,,,,,,,,,,,,,,,32,4,17120,926,222,56,2,left,0,28,28,1,10,,,,,120,,,,,,,,,,,,,,,,,,,,,,,,,,,,,,,,,,,
364.67192250001244,unswapping,,,,,,,,,,,,,,,,,,,,,,,,,,,,,,,,,,,,,,,,,,,,,,,32,4,17120,926,222,56,2,left,1,27,27,0,10,,,,,120,,,,,,,,,,,,,,,,,,,,,,,,,,,,,,,,,,,
364.70736058300827,unswapping,,,,,,,,,,,,,,,,,,,,,,,,,,,,,,,,,,,,,,,,,,,,,,,32,4,17120,926,222,56,2,right,0,28,28,0,10,,,,,120,,,,,,,,,,,,,,,,,,,,,,,,,,,,,,,,,,,
364.7453801250085,unswapping,,,,,,,,,,,,,,,,,,,,,,,,,,,,,,,,,,,,,,,,,,,,,,,32,4,17120,926,222,56,2,right,1,27,27,0,10,,,,,120,,,,,,,,,,,,,,,,,,,,,,,,,,,,,,,,,,,
364.86462695800583,unswapping,,,,,,,,,,,,,,,,,,,,,,,,,,,,,,,,,,,,,,,,,,,,,,,32,4,16928,918,222,56,3,both,0,28,28,1,1,,,,,120,,,,,,,,,,,,,,,,,,,,,,,,,,,,,,,,,,,
364.93911166601174,unswapping,,,,,,,,,,,,,,,,,,,,,,,,,,,,,,,,,,,,,,,,,,,,,,,32,4,16928,918,222,56,3,both,1,27,27,0,1,,,,,120,,,,,,,,,,,,,,,,,,,,,,,,,,,,,,,,,,,
364.97549091601104,unswapping,,,,,,,,,,,,,,,,,,,,,,,,,,,,,,,,,,,,,,,,,,,,,,,32,4,16928,918,222,56,3,left,0,28,28,0,1,,,,,120,,,,,,,,,,,,,,,,,,,,,,,,,,,,,,,,,,,
365.0132265830034,unswapping,,,,,,,,,,,,,,,,,,,,,,,,,,,,,,,,,,,,,,,,,,,,,,,32,4,16928,918,222,56,3,left,1,27,27,0,1,,,,,120,,,,,,,,,,,,,,,,,,,,,,,,,,,,,,,,,,,
365.04856466600904,unswapping,,,,,,,,,,,,,,,,,,,,,,,,,,,,,,,,,,,,,,,,,,,,,,,32,4,16928,918,222,56,3,right,0,28,28,0,1,,,,,120,,,,,,,,,,,,,,,,,,,,,,,,,,,,,,,,,,,
365.08580133299984,unswapping,,,,,,,,,,,,,,,,,,,,,,,,,,,,,,,,,,,,,,,,,,,,,,,32,4,16928,918,222,56,3,right,1,27,27,0,1,,,,,120,,,,,,,,,,,,,,,,,,,,,,,,,,,,,,,,,,,
365.1581983750075,unswapping,,,,,,,,,,,,,,,,,,,,,,,,,,,,,,,,,,,,,,,,,,,,,,,32,4,16928,918,222,56,4,both,0,28,28,0,0,,,,,120,,,,,,,,,,,,,,,,,,,,,,,,,,,,,,,,,,,
365.2332105000096,unswapping,,,,,,,,,,,,,,,,,,,,,,,,,,,,,,,,,,,,,,,,,,,,,,,32,4,16928,918,222,56,4,both,1,27,27,0,0,,,,,120,,,,,,,,,,,,,,,,,,,,,,,,,,,,,,,,,,,
365.2697846660012,unswapping,,,,,,,,,,,,,,,,,,,,,,,,,,,,,,,,,,,,,,,,,,,,,,,32,4,16928,918,222,56,4,left,0,28,28,0,0,,,,,120,,,,,,,,,,,,,,,,,,,,,,,,,,,,,,,,,,,
365.30681379100133,unswapping,,,,,,,,,,,,,,,,,,,,,,,,,,,,,,,,,,,,,,,,,,,,,,,32,4,16928,918,222,56,4,left,1,27,27,0,0,,,,,120,,,,,,,,,,,,,,,,,,,,,,,,,,,,,,,,,,,
365.34205366601236,unswapping,,,,,,,,,,,,,,,,,,,,,,,,,,,,,,,,,,,,,,,,,,,,,,,32,4,16928,918,222,56,4,right,0,28,28,0,0,,,,,120,,,,,,,,,,,,,,,,,,,,,,,,,,,,,,,,,,,
365.37971454100625,unswapping,,,,,,,,,,,,,,,,,,,,,,,,,,,,,,,,,,,,,,,,,,,,,,,32,4,16928,918,222,56,4,right,1,27,27,0,0,,,,,120,,,,,,,,,,,,,,,,,,,,,,,,,,,,,,,,,,,
366.9546603330091,unswap_cycle_summary,,,,,,,,,,,,36,72,108,,,,,,,,,,,,,,,,,,,512,0.0006,,,,,,,,,,,,,32,4,16928,918,222,56,,,,,,,,,,,,,,,,,,,,26,6.459001499999431,108,1885,1777,0,False,,,,,,,,,,,,,,,,,,,,,
368.65093058301136,rewiring,left,post_unswap,1.6424613339913776,1477,False,False,,,,,,,,,,,,,,,,,,,,,,,,,,,,,,,,,,,,,,,,,,,,,,,,,,,,,,,,,,,,,,,,,,26,,,,,,,20,False,0,1,none,0.0,123,1.6424557919963263,3.442310416008695,,,,,,,,,,,,
370.4504738329997,rewiring,right,post_unswap,1.7992992920044344,1538,False,False,,,,,,,,,,,,,,,,,,,,,,,,,,,,,,,,,,,,,,,,,,,,,,,,,,,,,,,,,,,,,,,,,,26,,,,,,,20,False,0,1,none,0.0,123,1.7992933749919757,3.442310416008695,,,,,,,,,,,,
370.5553680410085,cycle_progress,,,,,,,,,,,,36,72,108,,,,,,,,,,,,,,,,,,,512,0.0006,,28308,1,,,,,,,,,,32,4,16928,918,222,56,,,,,,,,,,,,,,,,,,,,26,,108,1885,1777,0,False,,,,,,,,,3.442310416008695,,,,,,,,,,,,
370.6815977500082,absorbing,,,,,,,L,1,0,1294,1504,36,72,108,11,0,0,0.03393312499974854,0.035945583003922366,0.06987870800367091,0.07071729199378751,16928,21576,32,32,False,False,False,False,16928,32,False,512,0.0006,128,16928,2,total_elems,16928,21576,1,1,,,,0.0,32,4,16928,918,222,56,,,,,,,,,,,,,,,,,,,,,,,,,,,,,,,,,,,,,,,,,,,,,,,
370.8088695410115,absorbing,,,,,,,R,1,1,1294,1504,36,72,108,10,0,0,0.03662304099998437,0.035024875003728084,0.07164791600371245,0.07232375000603497,24356,21576,64,32,False,False,False,False,21576,32,False,512,0.0006,128,16928,2,total_elems,24356,21576,1,1,,,,0.0,32,4,21576,1022,222,56,,,,,,,,,,,,,,,,,,,,,,,,,,,,,,,,,,,,,,,,,,,,,,,
370.94046358299966,absorbing,,,,,,,L,2,1,1294,1504,36,72,108,8,0,0,0.03747525000653695,0.03804716699232813,0.07552241699886508,0.07617291700444184,29296,35488,64,64,False,False,False,False,29296,64,False,512,0.0006,128,16928,2,total_elems,29296,35488,1,1,,,,0.0,64,4,29296,1196,222,56,,,,,,,,,,,,,,,,,,,,,,,,,,,,,,,,,,,,,,,,,,,,,,,
371.0788981660007,absorbing,,,,,,,L,3,1,1294,1504,36,72,108,6,0,0,0.037955707986839116,0.04431954100436997,0.08227524899120908,0.08295816599274985,32560,52084,64,64,False,False,False,False,32560,64,False,512,0.0006,128,16928,2,total_elems,32560,52084,1,1,,,,0.0,64,4,32560,1312,222,56,,,,,,,,,,,,,,,,,,,,,,,,,,,,,,,,,,,,,,,,,,,,,,,
371.2196230410045,absorbing,,,,,,,L,4,1,1294,1504,36,72,108,6,0,0,0.03946300000825431,0.04421095800353214,0.08367395801178645,0.08436220799922012,41584,55696,64,64,False,False,False,False,41584,64,False,512,0.0006,128,16928,2,total_elems,41584,55696,1,1,,,,0.0,64,4,41584,1456,222,56,,,,,,,,,,,,,,,,,,,,,,,,,,,,,,,,,,,,,,,,,,,,,,,
371.3711920409987,absorbing,,,,,,,R,4,2,1294,1504,36,72,108,9,0,0,0.048534125002333894,0.04620833300577942,0.09474245800811332,0.09543324999685865,72464,65488,128,64,False,False,False,False,65488,64,False,512,0.0006,128,16928,2,total_elems,72464,65488,1,1,,,,0.0,64,4,65488,1704,222,56,,,,,,,,,,,,,,,,,,,,,,,,,,,,,,,,,,,,,,,,,,,,,,,
371.5443285830115,absorbing,,,,,,,R,4,3,1294,1504,36,72,108,8,0,0,0.057010333010111935,0.05854025000007823,0.11555058301019017,0.11628312499669846,98304,77960,128,64,False,False,False,False,77960,64,False,512,0.0006,128,16928,2,total_elems,98304,77960,1,1,,,,0.0,64,4,77960,1890,222,56,,,,,,,,,,,,,,,,,,,,,,,,,,,,,,,,,,,,,,,,,,,,,,,
371.7410875830101,absorbing,,,,,,,R,4,4,1294,1504,36,72,108,8,0,0,0.06298208300722763,0.07395812500908505,0.13694020801631268,0.1380518329970073,109064,103208,128,64,False,False,False,False,103208,64,False,512,0.0006,128,16928,2,total_elems,109064,103208,1,1,,,,0.0,64,4,103208,2208,222,56,,,,,,,,,,,,,,,,,,,,,,,,,,,,,,,,,,,,,,,,,,,,,,,
371.9797029580077,absorbing,,,,,,,L,5,4,1294,1504,36,72,108,4,0,0,0.07013004200416617,0.08116395799152087,0.15129399999568705,0.15207066599396057,137640,168328,128,128,False,False,False,False,137640,128,False,512,0.0006,128,16928,2,total_elems,137640,168328,1,1,,,,0.0,128,4,137640,2502,222,56,,,,,,,,,,,,,,,,,,,,,,,,,,,,,,,,,,,,,,,,,,,,,,,
372.2321017080103,absorbing,,,,,,,L,6,4,1294,1504,36,72,108,5,0,0,0.08089504099916667,0.11374812500434928,0.19464316600351594,0.19554241700097919,187816,248488,128,128,False,False,False,False,187816,128,False,512,0.0006,128,16928,2,total_elems,187816,248488,1,1,,,,0.0,128,4,187816,2882,222,56,,,,,,,,,,,,,,,,,,,,,,,,,,,,,,,,,,,,,,,,,,,,,,,
372.60425004101126,absorbing,,,,,,,L,7,4,1294,1504,36,72,108,4,0,0,0.16028349999396596,0.1547179579938529,0.31500145798781887,0.3157424589880975,315304,326056,128,128,False,False,False,False,315304,128,False,512,0.0006,128,16928,2,total_elems,315304,326056,1,1,,,,0.0,128,4,315304,3300,222,56,,,,,,,,,,,,,,,,,,,,,,,,,,,,,,,,,,,,,,,,,,,,,,,
376.525310750003,unswapping,,,,,,,,,,,,,,,,,,,,,,,,,,,,,,,,,,,,,,,,,,,,,,,254,4,495992,3730,222,56,0,both,0,28,28,4,4,,,,,0,,,,,,,,,,,,,,,,,,,,,,,,,,,,,,,,,,,
377.82082716601144,unswapping,,,,,,,,,,,,,,,,,,,,,,,,,,,,,,,,,,,,,,,,,,,,,,,126,4,189392,2596,222,56,0,both,1,27,27,11,15,,,,,0,,,,,,,,,,,,,,,,,,,,,,,,,,,,,,,,,,,
378.1687014580093,unswapping,,,,,,,,,,,,,,,,,,,,,,,,,,,,,,,,,,,,,,,,,,,,,,,64,4,94864,2032,222,56,0,left,0,28,28,12,27,,,,,24,,,,,,,,,,,,,,,,,,,,,,,,,,,,,,,,,,,
378.35413258300105,unswapping,,,,,,,,,,,,,,,,,,,,,,,,,,,,,,,,,,,,,,,,,,,,,,,64,4,57240,1616,222,56,0,left,1,27,27,17,44,,,,,58,,,,,,,,,,,,,,,,,,,,,,,,,,,,,,,,,,,
378.48030829100753,unswapping,,,,,,,,,,,,,,,,,,,,,,,,,,,,,,,,,,,,,,,,,,,,,,,64,4,52560,1502,222,56,0,right,0,28,28,9,53,,,,,68,,,,,,,,,,,,,,,,,,,,,,,,,,,,,,,,,,,
378.61227966600563,unswapping,,,,,,,,,,,,,,,,,,,,,,,,,,,,,,,,,,,,,,,,,,,,,,,32,4,31136,1272,222,56,0,right,1,27,27,9,62,,,,,82,,,,,,,,,,,,,,,,,,,,,,,,,,,,,,,,,,,
378.7656127500086,unswapping,,,,,,,,,,,,,,,,,,,,,,,,,,,,,,,,,,,,,,,,,,,,,,,32,4,24768,1106,222,56,1,both,0,28,28,6,6,,,,,98,,,,,,,,,,,,,,,,,,,,,,,,,,,,,,,,,,,
378.8598157080123,unswapping,,,,,,,,,,,,,,,,,,,,,,,,,,,,,,,,,,,,,,,,,,,,,,,32,4,24768,1106,222,56,1,both,1,27,27,0,6,,,,,98,,,,,,,,,,,,,,,,,,,,,,,,,,,,,,,,,,,
378.9402059999993,unswapping,,,,,,,,,,,,,,,,,,,,,,,,,,,,,,,,,,,,,,,,,,,,,,,32,4,23168,1066,222,56,1,left,0,28,28,4,10,,,,,102,,,,,,,,,,,,,,,,,,,,,,,,,,,,,,,,,,,
379.0065626249998,unswapping,,,,,,,,,,,,,,,,,,,,,,,,,,,,,,,,,,,,,,,,,,,,,,,32,4,22848,1058,222,56,1,left,1,27,27,1,11,,,,,104,,,,,,,,,,,,,,,,,,,,,,,,,,,,,,,,,,,
379.0820667500084,unswapping,,,,,,,,,,,,,,,,,,,,,,,,,,,,,,,,,,,,,,,,,,,,,,,32,4,21936,1030,222,56,1,right,0,28,28,3,14,,,,,106,,,,,,,,,,,,,,,,,,,,,,,,,,,,,,,,,,,
379.1569109999982,unswapping,,,,,,,,,,,,,,,,,,,,,,,,,,,,,,,,,,,,,,,,,,,,,,,32,4,21456,1006,222,56,1,right,1,27,27,2,16,,,,,110,,,,,,,,,,,,,,,,,,,,,,,,,,,,,,,,,,,
379.29702466601157,unswapping,,,,,,,,,,,,,,,,,,,,,,,,,,,,,,,,,,,,,,,,,,,,,,,32,4,20624,974,222,56,2,both,0,28,28,3,3,,,,,116,,,,,,,,,,,,,,,,,,,,,,,,,,,,,,,,,,,
379.43793250000454,unswapping,,,,,,,,,,,,,,,,,,,,,,,,,,,,,,,,,,,,,,,,,,,,,,,32,4,19152,930,222,56,2,both,1,27,27,3,6,,,,,120,,,,,,,,,,,,,,,,,,,,,,,,,,,,,,,,,,,
379.47512400000414,unswapping,,,,,,,,,,,,,,,,,,,,,,,,,,,,,,,,,,,,,,,,,,,,,,,32,4,19152,930,222,56,2,left,0,28,28,0,6,,,,,120,,,,,,,,,,,,,,,,,,,,,,,,,,,,,,,,,,,
379.51483516600274,unswapping,,,,,,,,,,,,,,,,,,,,,,,,,,,,,,,,,,,,,,,,,,,,,,,32,4,19152,930,222,56,2,left,1,27,27,0,6,,,,,120,,,,,,,,,,,,,,,,,,,,,,,,,,,,,,,,,,,
379.573887208011,unswapping,,,,,,,,,,,,,,,,,,,,,,,,,,,,,,,,,,,,,,,,,,,,,,,32,4,18384,914,222,56,2,right,0,28,28,1,7,,,,,122,,,,,,,,,,,,,,,,,,,,,,,,,,,,,,,,,,,
379.6341785410041,unswapping,,,,,,,,,,,,,,,,,,,,,,,,,,,,,,,,,,,,,,,,,,,,,,,32,4,18128,906,222,56,2,right,1,27,27,1,8,,,,,122,,,,,,,,,,,,,,,,,,,,,,,,,,,,,,,,,,,
379.70623412499845,unswapping,,,,,,,,,,,,,,,,,,,,,,,,,,,,,,,,,,,,,,,,,,,,,,,32,4,18128,906,222,56,3,both,0,28,28,0,0,,,,,122,,,,,,,,,,,,,,,,,,,,,,,,,,,,,,,,,,,
379.7833698750037,unswapping,,,,,,,,,,,,,,,,,,,,,,,,,,,,,,,,,,,,,,,,,,,,,,,32,4,18128,906,222,56,3,both,1,27,27,0,0,,,,,122,,,,,,,,,,,,,,,,,,,,,,,,,,,,,,,,,,,
379.81947712499823,unswapping,,,,,,,,,,,,,,,,,,,,,,,,,,,,,,,,,,,,,,,,,,,,,,,32,4,18128,906,222,56,3,left,0,28,28,0,0,,,,,122,,,,,,,,,,,,,,,,,,,,,,,,,,,,,,,,,,,
379.8574157080002,unswapping,,,,,,,,,,,,,,,,,,,,,,,,,,,,,,,,,,,,,,,,,,,,,,,32,4,18128,906,222,56,3,left,1,27,27,0,0,,,,,122,,,,,,,,,,,,,,,,,,,,,,,,,,,,,,,,,,,
379.89303137500247,unswapping,,,,,,,,,,,,,,,,,,,,,,,,,,,,,,,,,,,,,,,,,,,,,,,32,4,18128,906,222,56,3,right,0,28,28,0,0,,,,,122,,,,,,,,,,,,,,,,,,,,,,,,,,,,,,,,,,,
379.9303058330115,unswapping,,,,,,,,,,,,,,,,,,,,,,,,,,,,,,,,,,,,,,,,,,,,,,,32,4,18128,906,222,56,3,right,1,27,27,0,0,,,,,122,,,,,,,,,,,,,,,,,,,,,,,,,,,,,,,,,,,
381.2287133750069,unswap_cycle_summary,,,,,,,,,,,,36,72,108,,,,,,,,,,,,,,,,,,,512,0.0006,,,,,,,,,,,,,32,4,18128,906,222,56,,,,,,,,,,,,,,,,,,,,27,6.772259375007707,108,1885,1777,0,False,,,,,,,,,,,,,,,,,,,,,
383.3908865830017,rewiring,left,post_unswap,2.1068264579953393,1289,False,False,,,,,,,,,,,,,,,,,,,,,,,,,,,,,,,,,,,,,,,,,,,,,,,,,,,,,,,,,,,,,,,,,,27,,,,,,,20,False,0,1,none,0.0,123,2.1068200419977074,4.032084458012832,,,,,,,,,,,,
385.3157486249984,rewiring,right,post_unswap,1.9245917500084033,1502,False,False,,,,,,,,,,,,,,,,,,,,,,,,,,,,,,,,,,,,,,,,,,,,,,,,,,,,,,,,,,,,,,,,,,27,,,,,,,20,False,0,1,none,0.0,123,1.9245859170041513,4.032084458012832,,,,,,,,,,,,
385.4251475830097,cycle_progress,,,,,,,,,,,,36,72,108,,,,,,,,,,,,,,,,,,,512,0.0006,,16928,2,,,,,,,,,,32,4,18128,906,222,56,,,,,,,,,,,,,,,,,,,,27,,108,1885,1777,0,False,,,,,,,,,4.032084458012832,,,,,,,,,,,,
385.5514780000085,absorbing,,,,,,,L,1,0,1402,1716,36,72,108,10,0,0,0.034156000008806586,0.03314879100071266,0.06730479100951925,0.06816666699887719,18128,19232,32,32,False,False,False,False,18128,32,False,512,0.0006,128,18128,3,total_elems,18128,19232,1,1,,,,0.0,32,4,18128,906,222,56,,,,,,,,,,,,,,,,,,,,,,,,,,,,,,,,,,,,,,,,,,,,,,,
385.6780717500078,absorbing,,,,,,,R,1,1,1402,1716,36,72,108,10,0,0,0.03537658399727661,0.03289654200489167,0.06827312600216828,0.06893741700332612,21064,19232,32,32,False,False,False,False,19232,32,False,512,0.0006,128,18128,3,total_elems,21064,19232,1,1,,,,0.0,32,4,19232,982,222,56,,,,,,,,,,,,,,,,,,,,,,,,,,,,,,,,,,,,,,,,,,,,,,,
385.80509866600914,absorbing,,,,,,,L,2,1,1402,1716,36,72,108,12,0,0,0.03539908399397973,0.03383295799721964,0.06923204199119937,0.06990437500644475,22056,22752,32,32,False,False,False,False,22056,32,False,512,0.0006,128,18128,3,total_elems,22056,22752,1,1,,,,0.0,32,4,22056,1070,222,56,,,,,,,,,,,,,,,,,,,,,,,,,,,,,,,,,,,,,,,,,,,,,,,
385.9373761660099,absorbing,,,,,,,R,2,2,1402,1716,36,72,108,8,0,0,0.04016016700188629,0.03451154199137818,0.07467170899326447,0.07535245800681878,38572,26440,64,32,False,False,False,False,26440,32,False,512,0.0006,128,18128,3,total_elems,38572,26440,1,1,,,,0.0,32,4,26440,1232,222,56,,,,,,,,,,,,,,,,,,,,,,,,,,,,,,,,,,,,,,,,,,,,,,,
386.07419350001146,absorbing,,,,,,,R,2,3,1402,1716,36,72,108,6,0,0,0.0417837499990128,0.03668325000035111,0.0784669999993639,0.0791635000059614,45708,36712,64,32,False,False,False,False,36712,32,False,512,0.0006,128,18128,3,total_elems,45708,36712,1,1,,,,0.0,32,4,36712,1430,222,56,,,,,,,,,,,,,,,,,,,,,,,,,,,,,,,,,,,,,,,,,,,,,,,
386.21956312500697,absorbing,,,,,,,R,2,4,1402,1716,36,72,108,7,0,0,0.04674074999638833,0.04110087500885129,0.08784162500523962,0.08850508400064427,54252,52600,64,32,False,False,False,False,52600,32,False,512,0.0006,128,18128,3,total_elems,54252,52600,1,1,,,,0.0,32,4,52600,1644,222,56,,,,,,,,,,,,,,,,,,,,,,,,,,,,,,,,,,,,,,,,,,,,,,,
386.38423329099896,absorbing,,,,,,,L,3,4,1402,1716,36,72,108,12,0,0,0.05399008399399463,0.052977000013925135,0.10696708400791977,0.10765375000482891,74148,88360,64,64,False,False,False,False,74148,64,False,512,0.0006,128,18128,3,total_elems,74148,88360,1,1,,,,0.0,64,4,74148,1934,222,56,,,,,,,,,,,,,,,,,,,,,,,,,,,,,,,,,,,,,,,,,,,,,,,
386.5878917910013,absorbing,,,,,,,L,4,4,1402,1716,36,72,108,11,0,0,0.08008120799786411,0.06566454200947192,0.14574575000733603,0.14646766599616967,122120,129612,69,64,False,False,False,False,122120,69,False,512,0.0006,128,18128,3,total_elems,122120,129612,1,1,,,,0.0,69,4,122120,2380,222,56,,,,,,,,,,,,,,,,,,,,,,,,,,,,,,,,,,,,,,,,,,,,,,,
386.85213970800396,absorbing,,,,,,,R,4,5,1402,1716,36,72,108,7,0,0,0.12089920799189713,0.08390604100713972,0.20480524899903685,0.20553687500068918,250944,195360,128,66,False,False,False,False,195360,66,False,512,0.0006,128,18128,3,total_elems,250944,195360,1,1,,,,0.0,66,4,195360,2802,222,56,,,,,,,,,,,,,,,,,,,,,,,,,,,,,,,,,,,,,,,,,,,,,,,
387.2809262910014,absorbing,,,,,,,R,4,6,1402,1716,36,72,108,8,0,0,0.19460954199894331,0.1753717920073541,0.3699813340062974,0.3707178339973325,418368,322592,254,128,False,False,False,False,322592,128,False,512,0.0006,128,18128,3,total_elems,418368,322592,1,1,,,,0.0,128,4,322592,3454,222,56,,,,,,,,,,,,,,,,,,,,,,,,,,,,,,,,,,,,,,,,,,,,,,,
390.27389208300156,unswapping,,,,,,,,,,,,,,,,,,,,,,,,,,,,,,,,,,,,,,,,,,,,,,,252,4,551840,4220,222,56,0,both,0,28,28,4,4,,,,,0,,,,,,,,,,,,,,,,,,,,,,,,,,,,,,,,,,,
392.33347637500265,unswapping,,,,,,,,,,,,,,,,,,,,,,,,,,,,,,,,,,,,,,,,,,,,,,,248,4,417632,3436,222,56,0,both,1,27,27,11,15,,,,,0,,,,,,,,,,,,,,,,,,,,,,,,,,,,,,,,,,,
393.0163964579988,unswapping,,,,,,,,,,,,,,,,,,,,,,,,,,,,,,,,,,,,,,,,,,,,,,,128,4,192296,2648,222,56,0,left,0,28,28,9,24,,,,,18,,,,,,,,,,,,,,,,,,,,,,,,,,,,,,,,,,,
393.34283033300017,unswapping,,,,,,,,,,,,,,,,,,,,,,,,,,,,,,,,,,,,,,,,,,,,,,,64,4,132616,2224,222,56,0,left,1,27,27,14,38,,,,,46,,,,,,,,,,,,,,,,,,,,,,,,,,,,,,,,,,,
393.55073116600397,unswapping,,,,,,,,,,,,,,,,,,,,,,,,,,,,,,,,,,,,,,,,,,,,,,,64,4,104328,1948,222,56,0,right,0,28,28,6,44,,,,,58,,,,,,,,,,,,,,,,,,,,,,,,,,,,,,,,,,,
393.7496090409986,unswapping,,,,,,,,,,,,,,,,,,,,,,,,,,,,,,,,,,,,,,,,,,,,,,,64,4,65000,1612,222,56,0,right,1,27,27,7,51,,,,,72,,,,,,,,,,,,,,,,,,,,,,,,,,,,,,,,,,,
393.9754630410025,unswapping,,,,,,,,,,,,,,,,,,,,,,,,,,,,,,,,,,,,,,,,,,,,,,,64,4,41848,1326,222,56,1,both,0,28,28,7,7,,,,,86,,,,,,,,,,,,,,,,,,,,,,,,,,,,,,,,,,,
394.17466262500966,unswapping,,,,,,,,,,,,,,,,,,,,,,,,,,,,,,,,,,,,,,,,,,,,,,,32,4,28152,1178,222,56,1,both,1,27,27,5,12,,,,,98,,,,,,,,,,,,,,,,,,,,,,,,,,,,,,,,,,,
394.25799416600785,unswapping,,,,,,,,,,,,,,,,,,,,,,,,,,,,,,,,,,,,,,,,,,,,,,,32,4,25984,1134,222,56,1,left,0,28,28,3,15,,,,,104,,,,,,,,,,,,,,,,,,,,,,,,,,,,,,,,,,,
394.3434948750073,unswapping,,,,,,,,,,,,,,,,,,,,,,,,,,,,,,,,,,,,,,,,,,,,,,,32,4,24600,1094,222,56,1,left,1,27,27,5,20,,,,,106,,,,,,,,,,,,,,,,,,,,,,,,,,,,,,,,,,,
394.4226794999995,unswapping,,,,,,,,,,,,,,,,,,,,,,,,,,,,,,,,,,,,,,,,,,,,,,,32,4,22204,1036,222,56,1,right,0,28,28,4,24,,,,,114,,,,,,,,,,,,,,,,,,,,,,,,,,,,,,,,,,,
394.50004675000673,unswapping,,,,,,,,,,,,,,,,,,,,,,,,,,,,,,,,,,,,,,,,,,,,,,,32,4,20244,992,222,56,1,right,1,27,27,3,27,,,,,116,,,,,,,,,,,,,,,,,,,,,,,,,,,,,,,,,,,
394.6296309580066,unswapping,,,,,,,,,,,,,,,,,,,,,,,,,,,,,,,,,,,,,,,,,,,,,,,32,4,20004,980,222,56,2,both,0,28,28,2,2,,,,,116,,,,,,,,,,,,,,,,,,,,,,,,,,,,,,,,,,,
394.77039750000404,unswapping,,,,,,,,,,,,,,,,,,,,,,,,,,,,,,,,,,,,,,,,,,,,,,,32,4,19772,968,222,56,2,both,1,27,27,2,4,,,,,122,,,,,,,,,,,,,,,,,,,,,,,,,,,,,,,,,,,
394.8457816250011,unswapping,,,,,,,,,,,,,,,,,,,,,,,,,,,,,,,,,,,,,,,,,,,,,,,32,4,16012,914,222,56,2,left,0,28,28,3,7,,,,,124,,,,,,,,,,,,,,,,,,,,,,,,,,,,,,,,,,,
394.90288095800497,unswapping,,,,,,,,,,,,,,,,,,,,,,,,,,,,,,,,,,,,,,,,,,,,,,,32,4,15244,898,222,56,2,left,1,27,27,1,8,,,,,124,,,,,,,,,,,,,,,,,,,,,,,,,,,,,,,,,,,
394.97125033300836,unswapping,,,,,,,,,,,,,,,,,,,,,,,,,,,,,,,,,,,,,,,,,,,,,,,32,4,14468,868,222,56,2,right,0,28,28,3,11,,,,,130,,,,,,,,,,,,,,,,,,,,,,,,,,,,,,,,,,,
395.02553066601104,unswapping,,,,,,,,,,,,,,,,,,,,,,,,,,,,,,,,,,,,,,,,,,,,,,,32,4,13924,848,222,56,2,right,1,27,27,2,13,,,,,134,,,,,,,,,,,,,,,,,,,,,,,,,,,,,,,,,,,
395.1383736660064,unswapping,,,,,,,,,,,,,,,,,,,,,,,,,,,,,,,,,,,,,,,,,,,,,,,32,4,13828,840,222,56,3,both,0,28,28,1,1,,,,,138,,,,,,,,,,,,,,,,,,,,,,,,,,,,,,,,,,,
395.2014357910084,unswapping,,,,,,,,,,,,,,,,,,,,,,,,,,,,,,,,,,,,,,,,,,,,,,,32,4,13828,840,222,56,3,both,1,27,27,0,1,,,,,138,,,,,,,,,,,,,,,,,,,,,,,,,,,,,,,,,,,
395.25935387500795,unswapping,,,,,,,,,,,,,,,,,,,,,,,,,,,,,,,,,,,,,,,,,,,,,,,32,4,13780,836,222,56,3,left,0,28,28,1,2,,,,,136,,,,,,,,,,,,,,,,,,,,,,,,,,,,,,,,,,,
395.291398958012,unswapping,,,,,,,,,,,,,,,,,,,,,,,,,,,,,,,,,,,,,,,,,,,,,,,32,4,13780,836,222,56,3,left,1,27,27,0,2,,,,,136,,,,,,,,,,,,,,,,,,,,,,,,,,,,,,,,,,,
395.32508341599896,unswapping,,,,,,,,,,,,,,,,,,,,,,,,,,,,,,,,,,,,,,,,,,,,,,,32,4,13780,836,222,56,3,right,0,28,28,0,2,,,,,136,,,,,,,,,,,,,,,,,,,,,,,,,,,,,,,,,,,
395.3565086250019,unswapping,,,,,,,,,,,,,,,,,,,,,,,,,,,,,,,,,,,,,,,,,,,,,,,32,4,13780,836,222,56,3,right,1,27,27,0,2,,,,,136,,,,,,,,,,,,,,,,,,,,,,,,,,,,,,,,,,,
395.42468804100645,unswapping,,,,,,,,,,,,,,,,,,,,,,,,,,,,,,,,,,,,,,,,,,,,,,,32,4,13780,836,222,56,4,both,0,28,28,0,0,,,,,136,,,,,,,,,,,,,,,,,,,,,,,,,,,,,,,,,,,
395.488195583006,unswapping,,,,,,,,,,,,,,,,,,,,,,,,,,,,,,,,,,,,,,,,,,,,,,,32,4,13780,836,222,56,4,both,1,27,27,0,0,,,,,136,,,,,,,,,,,,,,,,,,,,,,,,,,,,,,,,,,,
395.52326908300165,unswapping,,,,,,,,,,,,,,,,,,,,,,,,,,,,,,,,,,,,,,,,,,,,,,,32,4,13780,836,222,56,4,left,0,28,28,0,0,,,,,136,,,,,,,,,,,,,,,,,,,,,,,,,,,,,,,,,,,
395.55529612500686,unswapping,,,,,,,,,,,,,,,,,,,,,,,,,,,,,,,,,,,,,,,,,,,,,,,32,4,13780,836,222,56,4,left,1,27,27,0,0,,,,,136,,,,,,,,,,,,,,,,,,,,,,,,,,,,,,,,,,,
395.58931391600345,unswapping,,,,,,,,,,,,,,,,,,,,,,,,,,,,,,,,,,,,,,,,,,,,,,,32,4,13780,836,222,56,4,right,0,28,28,0,0,,,,,136,,,,,,,,,,,,,,,,,,,,,,,,,,,,,,,,,,,
395.6213274160109,unswapping,,,,,,,,,,,,,,,,,,,,,,,,,,,,,,,,,,,,,,,,,,,,,,,32,4,13780,836,222,56,4,right,1,27,27,0,0,,,,,136,,,,,,,,,,,,,,,,,,,,,,,,,,,,,,,,,,,
397.2931448330055,unswap_cycle_summary,,,,,,,,,,,,36,72,108,,,,,,,,,,,,,,,,,,,512,0.0006,,,,,,,,,,,,,32,4,13780,836,222,56,,,,,,,,,,,,,,,,,,,,28,7.665795167005854,108,1885,1777,0,False,,,,,,,,,,,,,,,,,,,,,
399.48296970799856,rewiring,left,post_unswap,2.1329779579973547,1400,False,False,,,,,,,,,,,,,,,,,,,,,,,,,,,,,,,,,,,,,,,,,,,,,,,,,,,,,,,,,,,,,,,,,,28,,,,,,,20,False,0,1,none,0.0,123,2.132970833001309,4.079480875006993,,,,,,,,,,,,
401.4291277500015,rewiring,right,post_unswap,1.9457942500011995,1712,False,False,,,,,,,,,,,,,,,,,,,,,,,,,,,,,,,,,,,,,,,,,,,,,,,,,,,,,,,,,,,,,,,,,,28,,,,,,,20,False,0,1,none,0.0,123,1.9457862499984913,4.079480875006993,,,,,,,,,,,,
401.54175241600024,cycle_progress,,,,,,,,,,,,36,72,108,,,,,,,,,,,,,,,,,,,512,0.0006,,18128,3,,,,,,,,,,32,4,13780,836,222,56,,,,,,,,,,,,,,,,,,,,28,,108,1885,1777,0,False,,,,,,,,,4.079480875006993,,,,,,,,,,,,
401.667393583004,absorbing,,,,,,,L,1,0,1386,1727,36,72,108,11,0,0,0.03324370899645146,0.03240658300637733,0.06565029200282879,0.0665151249995688,13780,15744,32,32,False,False,False,False,13780,32,False,512,0.0006,128,13780,4,total_elems,13780,15744,1,1,,,,0.0,32,4,13780,836,222,56,,,,,,,,,,,,,,,,,,,,,,,,,,,,,,,,,,,,,,,,,,,,,,,
401.7937267500092,absorbing,,,,,,,R,1,1,1386,1727,36,72,108,10,0,0,0.033897166009410284,0.03318966600636486,0.06708683201577514,0.06774712499463931,16188,15744,32,32,False,False,False,False,15744,32,False,512,0.0006,128,13780,4,total_elems,16188,15744,1,1,,,,0.0,32,4,15744,928,222,56,,,,,,,,,,,,,,,,,,,,,,,,,,,,,,,,,,,,,,,,,,,,,,,
401.9230387080024,absorbing,,,,,,,L,2,1,1386,1727,36,72,108,10,0,0,0.03446145899943076,0.0358610840048641,0.07032254300429486,0.07095162500627339,18344,28736,32,64,False,False,False,False,18344,32,False,512,0.0006,128,13780,4,total_elems,18344,28736,1,1,,,,0.0,32,4,18344,1008,222,56,,,,,,,,,,,,,,,,,,,,,,,,,,,,,,,,,,,,,,,,,,,,,,,
402.0559853330051,absorbing,,,,,,,L,3,1,1386,1727,36,72,108,10,0,0,0.03674716599925887,0.0366996249940712,0.07344679099333007,0.07412154199846555,24588,32904,32,64,False,False,False,False,24588,32,False,512,0.0006,128,13780,4,total_elems,24588,32904,1,1,,,,0.0,32,4,24588,1174,222,56,,,,,,,,,,,,,,,,,,,,,,,,,,,,,,,,,,,,,,,,,,,,,,,
402.1949631250027,absorbing,,,,,,,R,3,2,1386,1727,36,72,108,10,0,0,0.04086270899279043,0.039102083013858646,0.07996479200664908,0.08066745800897479,44072,41260,64,64,False,False,False,False,41260,64,False,512,0.0006,128,13780,4,total_elems,44072,41260,1,1,,,,0.0,64,4,41260,1454,222,56,,,,,,,,,,,,,,,,,,,,,,,,,,,,,,,,,,,,,,,,,,,,,,,
402.3476024160045,absorbing,,,,,,,R,3,3,1386,1727,36,72,108,10,0,0,0.04807816699030809,0.04576274999999441,0.0938409169903025,0.09449662499537226,65736,56492,64,64,False,False,False,False,56492,64,False,512,0.0006,128,13780,4,total_elems,65736,56492,1,1,,,,0.0,64,4,56492,1662,222,56,,,,,,,,,,,,,,,,,,,,,,,,,,,,,,,,,,,,,,,,,,,,,,,
402.5136477500055,absorbing,,,,,,,R,3,4,1386,1727,36,72,108,8,0,0,0.055589791998500004,0.050903124996693805,0.10649291699519381,0.1072327080037212,90440,88460,64,64,False,False,False,False,88460,64,False,512,0.0006,128,13780,4,total_elems,90440,88460,1,1,,,,0.0,64,4,88460,2120,222,56,,,,,,,,,,,,,,,,,,,,,,,,,,,,,,,,,,,,,,,,,,,,,,,
402.73004654100805,absorbing,,,,,,,L,4,4,1386,1727,36,72,108,12,0,0,0.07745837500260677,0.0792814579908736,0.15673983299348038,0.157554290999542,150440,163532,64,64,False,False,False,False,150440,64,False,512,0.0006,128,13780,4,total_elems,150440,163532,1,1,,,,0.0,64,4,150440,2526,222,56,,,,,,,,,,,,,,,,,,,,,,,,,,,,,,,,,,,,,,,,,,,,,,,
405.38197112501075,unswapping,,,,,,,,,,,,,,,,,,,,,,,,,,,,,,,,,,,,,,,,,,,,,,,256,4,328712,3318,222,56,0,both,0,28,28,4,4,,,,,0,,,,,,,,,,,,,,,,,,,,,,,,,,,,,,,,,,,
406.1388048330118,unswapping,,,,,,,,,,,,,,,,,,,,,,,,,,,,,,,,,,,,,,,,,,,,,,,64,4,100408,2118,222,56,0,both,1,27,27,12,16,,,,,0,,,,,,,,,,,,,,,,,,,,,,,,,,,,,,,,,,,
406.3347772910056,unswapping,,,,,,,,,,,,,,,,,,,,,,,,,,,,,,,,,,,,,,,,,,,,,,,64,4,60088,1700,222,56,0,left,0,28,28,8,24,,,,,16,,,,,,,,,,,,,,,,,,,,,,,,,,,,,,,,,,,
406.4700315830123,unswapping,,,,,,,,,,,,,,,,,,,,,,,,,,,,,,,,,,,,,,,,,,,,,,,32,4,34840,1386,222,56,0,left,1,27,27,11,35,,,,,38,,,,,,,,,,,,,,,,,,,,,,,,,,,,,,,,,,,
406.5669811250118,unswapping,,,,,,,,,,,,,,,,,,,,,,,,,,,,,,,,,,,,,,,,,,,,,,,32,4,25240,1190,222,56,0,right,0,28,28,9,44,,,,,48,,,,,,,,,,,,,,,,,,,,,,,,,,,,,,,,,,,
406.6499749580107,unswapping,,,,,,,,,,,,,,,,,,,,,,,,,,,,,,,,,,,,,,,,,,,,,,,32,4,22344,1076,222,56,0,right,1,27,27,9,53,,,,,66,,,,,,,,,,,,,,,,,,,,,,,,,,,,,,,,,,,
406.7946189580107,unswapping,,,,,,,,,,,,,,,,,,,,,,,,,,,,,,,,,,,,,,,,,,,,,,,32,4,20584,1018,222,56,1,both,0,28,28,5,5,,,,,72,,,,,,,,,,,,,,,,,,,,,,,,,,,,,,,,,,,
406.94263299999875,unswapping,,,,,,,,,,,,,,,,,,,,,,,,,,,,,,,,,,,,,,,,,,,,,,,32,4,17192,970,222,56,1,both,1,27,27,3,8,,,,,72,,,,,,,,,,,,,,,,,,,,,,,,,,,,,,,,,,,
407.0180111660011,unswapping,,,,,,,,,,,,,,,,,,,,,,,,,,,,,,,,,,,,,,,,,,,,,,,32,4,14000,926,222,56,1,left,0,28,28,3,11,,,,,78,,,,,,,,,,,,,,,,,,,,,,,,,,,,,,,,,,,
407.08563995800796,unswapping,,,,,,,,,,,,,,,,,,,,,,,,,,,,,,,,,,,,,,,,,,,,,,,32,4,12680,898,222,56,1,left,1,27,27,3,14,,,,,82,,,,,,,,,,,,,,,,,,,,,,,,,,,,,,,,,,,
407.1500860410015,unswapping,,,,,,,,,,,,,,,,,,,,,,,,,,,,,,,,,,,,,,,,,,,,,,,32,4,12428,880,222,56,1,right,0,28,28,2,16,,,,,86,,,,,,,,,,,,,,,,,,,,,,,,,,,,,,,,,,,
407.20237387499947,unswapping,,,,,,,,,,,,,,,,,,,,,,,,,,,,,,,,,,,,,,,,,,,,,,,32,4,12388,876,222,56,1,right,1,27,27,1,17,,,,,86,,,,,,,,,,,,,,,,,,,,,,,,,,,,,,,,,,,
407.3234930410108,unswapping,,,,,,,,,,,,,,,,,,,,,,,,,,,,,,,,,,,,,,,,,,,,,,,32,4,11636,844,222,56,2,both,0,28,28,3,3,,,,,94,,,,,,,,,,,,,,,,,,,,,,,,,,,,,,,,,,,
407.4252244579984,unswapping,,,,,,,,,,,,,,,,,,,,,,,,,,,,,,,,,,,,,,,,,,,,,,,32,4,11584,838,222,56,2,both,1,27,27,2,5,,,,,102,,,,,,,,,,,,,,,,,,,,,,,,,,,,,,,,,,,
407.479366915999,unswapping,,,,,,,,,,,,,,,,,,,,,,,,,,,,,,,,,,,,,,,,,,,,,,,32,4,11536,832,222,56,2,left,0,28,28,1,6,,,,,104,,,,,,,,,,,,,,,,,,,,,,,,,,,,,,,,,,,
407.50900512500084,unswapping,,,,,,,,,,,,,,,,,,,,,,,,,,,,,,,,,,,,,,,,,,,,,,,32,4,11536,832,222,56,2,left,1,27,27,0,6,,,,,104,,,,,,,,,,,,,,,,,,,,,,,,,,,,,,,,,,,
407.56178800000635,unswapping,,,,,,,,,,,,,,,,,,,,,,,,,,,,,,,,,,,,,,,,,,,,,,,32,4,11464,826,222,56,2,right,0,28,28,1,7,,,,,106,,,,,,,,,,,,,,,,,,,,,,,,,,,,,,,,,,,
407.59089908300666,unswapping,,,,,,,,,,,,,,,,,,,,,,,,,,,,,,,,,,,,,,,,,,,,,,,32,4,11464,826,222,56,2,right,1,27,27,0,7,,,,,106,,,,,,,,,,,,,,,,,,,,,,,,,,,,,,,,,,,
407.6557348750066,unswapping,,,,,,,,,,,,,,,,,,,,,,,,,,,,,,,,,,,,,,,,,,,,,,,32,4,11464,826,222,56,3,both,0,28,28,0,0,,,,,106,,,,,,,,,,,,,,,,,,,,,,,,,,,,,,,,,,,
407.7137813330046,unswapping,,,,,,,,,,,,,,,,,,,,,,,,,,,,,,,,,,,,,,,,,,,,,,,32,4,11464,826,222,56,3,both,1,27,27,0,0,,,,,106,,,,,,,,,,,,,,,,,,,,,,,,,,,,,,,,,,,
407.74614320800174,unswapping,,,,,,,,,,,,,,,,,,,,,,,,,,,,,,,,,,,,,,,,,,,,,,,32,4,11464,826,222,56,3,left,0,28,28,0,0,,,,,106,,,,,,,,,,,,,,,,,,,,,,,,,,,,,,,,,,,
407.7763648330001,unswapping,,,,,,,,,,,,,,,,,,,,,,,,,,,,,,,,,,,,,,,,,,,,,,,32,4,11464,826,222,56,3,left,1,27,27,0,0,,,,,106,,,,,,,,,,,,,,,,,,,,,,,,,,,,,,,,,,,
407.8086042500072,unswapping,,,,,,,,,,,,,,,,,,,,,,,,,,,,,,,,,,,,,,,,,,,,,,,32,4,11464,826,222,56,3,right,0,28,28,0,0,,,,,106,,,,,,,,,,,,,,,,,,,,,,,,,,,,,,,,,,,
407.8386135000037,unswapping,,,,,,,,,,,,,,,,,,,,,,,,,,,,,,,,,,,,,,,,,,,,,,,32,4,11464,826,222,56,3,right,1,27,27,0,0,,,,,106,,,,,,,,,,,,,,,,,,,,,,,,,,,,,,,,,,,
409.21680995800125,unswap_cycle_summary,,,,,,,,,,,,36,72,108,,,,,,,,,,,,,,,,,,,512,0.0006,,,,,,,,,,,,,32,4,11464,826,222,56,,,,,,,,,,,,,,,,,,,,29,4.7769471250067,108,1885,1777,0,False,,,,,,,,,,,,,,,,,,,,,
411.4842597500101,rewiring,left,post_unswap,2.209322290989803,1384,False,False,,,,,,,,,,,,,,,,,,,,,,,,,,,,,,,,,,,,,,,,,,,,,,,,,,,,,,,,,,,,,,,,,,29,,,,,,,20,False,0,1,none,0.0,123,2.209315665997565,3.497224749997258,,,,,,,,,,,,
412.77185008300876,rewiring,right,post_unswap,1.28708533399913,1725,False,False,,,,,,,,,,,,,,,,,,,,,,,,,,,,,,,,,,,,,,,,,,,,,,,,,,,,,,,,,,,,,,,,,,29,,,,,,,20,False,0,1,none,0.0,123,1.2870789579901611,3.497224749997258,,,,,,,,,,,,
412.8857022500015,cycle_progress,,,,,,,,,,,,36,72,108,,,,,,,,,,,,,,,,,,,512,0.0006,,13780,4,,,,,,,,,,32,4,11464,826,222,56,,,,,,,,,,,,,,,,,,,,29,,108,1885,1777,0,False,,,,,,,,,3.497224749997258,,,,,,,,,,,,
413.01245750000817,absorbing,,,,,,,L,1,0,1460,1432,36,72,108,11,0,0,0.032366625004215166,0.03353262499149423,0.0658992499957094,0.06674600001133513,11464,14536,32,32,False,False,False,False,11464,32,False,512,0.0006,128,11464,5,total_elems,11464,14536,1,1,,,,0.0,32,4,11464,826,222,56,,,,,,,,,,,,,,,,,,,,,,,,,,,,,,,,,,,,,,,,,,,,,,,
413.138783833012,absorbing,,,,,,,R,1,1,1460,1432,36,72,108,11,0,0,0.03314662500633858,0.03282562500680797,0.06597225001314655,0.06662495899945498,15604,14536,32,32,False,False,False,False,14536,32,False,512,0.0006,128,11464,5,total_elems,15604,14536,1,1,,,,0.0,32,4,14536,948,222,56,,,,,,,,,,,,,,,,,,,,,,,,,,,,,,,,,,,,,,,,,,,,,,,
413.26712225000665,absorbing,,,,,,,L,2,1,1460,1432,36,72,108,11,0,0,0.03422025000327267,0.03356770800019149,0.06778795800346415,0.06847420800477266,18600,22184,32,32,False,False,False,False,18600,32,False,512,0.0006,128,11464,5,total_elems,18600,22184,1,1,,,,0.0,32,4,18600,1068,222,56,,,,,,,,,,,,,,,,,,,,,,,,,,,,,,,,,,,,,,,,,,,,,,,
413.4010332500038,absorbing,,,,,,,R,2,2,1460,1432,36,72,108,8,0,0,0.038307916998746805,0.034882416992331855,0.07319033399107866,0.07386395799403545,32204,28552,32,32,False,False,False,False,28552,32,False,512,0.0006,128,11464,5,total_elems,32204,28552,1,1,,,,0.0,32,4,28552,1252,222,56,,,,,,,,,,,,,,,,,,,,,,,,,,,,,,,,,,,,,,,,,,,,,,,
413.55092629100545,absorbing,,,,,,,R,2,3,1460,1432,36,72,108,8,0,0,0.04762749999645166,0.041740332992048934,0.0893678329885006,0.0900122910097707,60716,42440,128,64,False,False,False,False,42440,64,False,512,0.0006,128,11464,5,total_elems,60716,42440,1,1,,,,0.0,64,4,42440,1460,222,56,,,,,,,,,,,,,,,,,,,,,,,,,,,,,,,,,,,,,,,,,,,,,,,
413.7216122910031,absorbing,,,,,,,R,2,4,1460,1432,36,72,108,8,0,0,0.0603968750074273,0.049805291011580266,0.11020216601900756,0.1108966669999063,94124,81960,128,64,False,False,False,False,81960,64,False,512,0.0006,128,11464,5,total_elems,94124,81960,1,1,,,,0.0,64,4,81960,1842,222,56,,,,,,,,,,,,,,,,,,,,,,,,,,,,,,,,,,,,,,,,,,,,,,,
413.94260912500613,absorbing,,,,,,,L,3,4,1460,1432,36,72,108,10,0,0,0.07997120798972901,0.07974062500579748,0.1597118329955265,0.16038737499911804,138892,181032,128,128,False,False,False,False,138892,128,False,512,0.0006,128,11464,5,total_elems,138892,181032,1,1,,,,0.0,128,4,138892,2264,222,56,,,,,,,,,,,,,,,,,,,,,,,,,,,,,,,,,,,,,,,,,,,,,,,
414.2351154580101,absorbing,,,,,,,R,3,5,1460,1432,36,72,108,9,0,0,0.12503250000008848,0.10483420800301246,0.22986670800310094,0.23062962500262074,233576,228364,128,128,False,False,False,False,228364,128,False,512,0.0006,128,11464,5,total_elems,233576,228364,1,1,,,,0.0,128,4,228364,2872,222,56,,,,,,,,,,,,,,,,,,,,,,,,,,,,,,,,,,,,,,,,,,,,,,,
414.6763984160061,absorbing,,,,,,,L,4,5,1460,1432,36,72,108,11,0,0,0.19029504200443625,0.18996287499612663,0.3802579170005629,0.38095350000367034,347624,470796,128,256,False,False,False,False,347624,128,False,512,0.0006,128,11464,5,total_elems,347624,470796,1,1,,,,0.0,128,4,347624,3466,222,56,,,,,,,,,,,,,,,,,,,,,,,,,,,,,,,,,,,,,,,,,,,,,,,
415.35952508301125,absorbing,,,,,,,R,4,6,1460,1432,36,72,108,9,0,0,0.34822429199994076,0.27362604199151974,0.6218503339914605,0.6225922499870649,778456,573928,254,128,False,False,False,False,573928,128,False,512,0.0006,128,11464,5,total_elems,778456,573928,1,1,,,,0.0,128,4,573928,4154,222,56,,,,,,,,,,,,,,,,,,,,,,,,,,,,,,,,,,,,,,,,,,,,,,,
425.94238100000075,unswapping,,,,,,,,,,,,,,,,,,,,,,,,,,,,,,,,,,,,,,,,,,,,,,,512,4,1383480,6118,222,56,0,both,0,28,28,2,2,,,,,0,,,,,,,,,,,,,,,,,,,,,,,,,,,,,,,,,,,
429.7312838330108,unswapping,,,,,,,,,,,,,,,,,,,,,,,,,,,,,,,,,,,,,,,,,,,,,,,128,4,388304,3482,222,56,0,both,1,27,27,12,14,,,,,0,,,,,,,,,,,,,,,,,,,,,,,,,,,,,,,,,,,
430.3103346249991,unswapping,,,,,,,,,,,,,,,,,,,,,,,,,,,,,,,,,,,,,,,,,,,,,,,128,4,259544,2918,222,56,0,left,0,28,28,8,22,,,,,16,,,,,,,,,,,,,,,,,,,,,,,,,,,,,,,,,,,
430.74259154099855,unswapping,,,,,,,,,,,,,,,,,,,,,,,,,,,,,,,,,,,,,,,,,,,,,,,128,4,186788,2566,222,56,0,left,1,27,27,10,32,,,,,36,,,,,,,,,,,,,,,,,,,,,,,,,,,,,,,,,,,
431.02295937501185,unswapping,,,,,,,,,,,,,,,,,,,,,,,,,,,,,,,,,,,,,,,,,,,,,,,66,4,101316,1918,222,56,0,right,0,28,28,11,43,,,,,42,,,,,,,,,,,,,,,,,,,,,,,,,,,,,,,,,,,
431.21187358300085,unswapping,,,,,,,,,,,,,,,,,,,,,,,,,,,,,,,,,,,,,,,,,,,,,,,64,4,42404,1480,222,56,0,right,1,27,27,9,52,,,,,56,,,,,,,,,,,,,,,,,,,,,,,,,,,,,,,,,,,
431.3848291660106,unswapping,,,,,,,,,,,,,,,,,,,,,,,,,,,,,,,,,,,,,,,,,,,,,,,32,4,22520,1138,222,56,1,both,0,28,28,8,8,,,,,68,,,,,,,,,,,,,,,,,,,,,,,,,,,,,,,,,,,
431.5261717079993,unswapping,,,,,,,,,,,,,,,,,,,,,,,,,,,,,,,,,,,,,,,,,,,,,,,32,4,21152,1094,222,56,1,both,1,27,27,4,12,,,,,70,,,,,,,,,,,,,,,,,,,,,,,,,,,,,,,,,,,
431.6011365000013,unswapping,,,,,,,,,,,,,,,,,,,,,,,,,,,,,,,,,,,,,,,,,,,,,,,32,4,20588,1060,222,56,1,left,0,28,28,4,16,,,,,74,,,,,,,,,,,,,,,,,,,,,,,,,,,,,,,,,,,
431.6756048750103,unswapping,,,,,,,,,,,,,,,,,,,,,,,,,,,,,,,,,,,,,,,,,,,,,,,32,4,20124,1044,222,56,1,left,1,27,27,3,19,,,,,80,,,,,,,,,,,,,,,,,,,,,,,,,,,,,,,,,,,
431.7510839160095,unswapping,,,,,,,,,,,,,,,,,,,,,,,,,,,,,,,,,,,,,,,,,,,,,,,32,4,15452,972,222,56,1,right,0,28,28,4,23,,,,,84,,,,,,,,,,,,,,,,,,,,,,,,,,,,,,,,,,,
431.820130291002,unswapping,,,,,,,,,,,,,,,,,,,,,,,,,,,,,,,,,,,,,,,,,,,,,,,32,4,11836,880,222,56,1,right,1,27,27,5,28,,,,,92,,,,,,,,,,,,,,,,,,,,,,,,,,,,,,,,,,,
431.9404519160016,unswapping,,,,,,,,,,,,,,,,,,,,,,,,,,,,,,,,,,,,,,,,,,,,,,,32,4,10844,828,222,56,2,both,0,28,28,4,4,,,,,96,,,,,,,,,,,,,,,,,,,,,,,,,,,,,,,,,,,
432.04237812499923,unswapping,,,,,,,,,,,,,,,,,,,,,,,,,,,,,,,,,,,,,,,,,,,,,,,32,4,10716,820,222,56,2,both,1,27,27,1,5,,,,,94,,,,,,,,,,,,,,,,,,,,,,,,,,,,,,,,,,,
432.09570554101083,unswapping,,,,,,,,,,,,,,,,,,,,,,,,,,,,,,,,,,,,,,,,,,,,,,,32,4,10620,810,222,56,2,left,0,28,28,2,7,,,,,94,,,,,,,,,,,,,,,,,,,,,,,,,,,,,,,,,,,
432.12557175000256,unswapping,,,,,,,,,,,,,,,,,,,,,,,,,,,,,,,,,,,,,,,,,,,,,,,32,4,10620,810,222,56,2,left,1,27,27,0,7,,,,,94,,,,,,,,,,,,,,,,,,,,,,,,,,,,,,,,,,,
432.15685379100614,unswapping,,,,,,,,,,,,,,,,,,,,,,,,,,,,,,,,,,,,,,,,,,,,,,,32,4,10620,810,222,56,2,right,0,28,28,0,7,,,,,94,,,,,,,,,,,,,,,,,,,,,,,,,,,,,,,,,,,
432.20715441599896,unswapping,,,,,,,,,,,,,,,,,,,,,,,,,,,,,,,,,,,,,,,,,,,,,,,32,4,10560,804,222,56,2,right,1,27,27,1,8,,,,,96,,,,,,,,,,,,,,,,,,,,,,,,,,,,,,,,,,,
432.3136912500049,unswapping,,,,,,,,,,,,,,,,,,,,,,,,,,,,,,,,,,,,,,,,,,,,,,,32,4,10520,800,222,56,3,both,0,28,28,1,1,,,,,100,,,,,,,,,,,,,,,,,,,,,,,,,,,,,,,,,,,
432.3712464160053,unswapping,,,,,,,,,,,,,,,,,,,,,,,,,,,,,,,,,,,,,,,,,,,,,,,32,4,10520,800,222,56,3,both,1,27,27,0,1,,,,,100,,,,,,,,,,,,,,,,,,,,,,,,,,,,,,,,,,,
432.4025307500124,unswapping,,,,,,,,,,,,,,,,,,,,,,,,,,,,,,,,,,,,,,,,,,,,,,,32,4,10520,800,222,56,3,left,0,28,28,0,1,,,,,100,,,,,,,,,,,,,,,,,,,,,,,,,,,,,,,,,,,
432.4322640830069,unswapping,,,,,,,,,,,,,,,,,,,,,,,,,,,,,,,,,,,,,,,,,,,,,,,32,4,10520,800,222,56,3,left,1,27,27,0,1,,,,,100,,,,,,,,,,,,,,,,,,,,,,,,,,,,,,,,,,,
432.4630690000049,unswapping,,,,,,,,,,,,,,,,,,,,,,,,,,,,,,,,,,,,,,,,,,,,,,,32,4,10520,800,222,56,3,right,0,28,28,0,1,,,,,100,,,,,,,,,,,,,,,,,,,,,,,,,,,,,,,,,,,
432.51332445800654,unswapping,,,,,,,,,,,,,,,,,,,,,,,,,,,,,,,,,,,,,,,,,,,,,,,32,4,10448,794,222,56,3,right,1,27,27,1,2,,,,,102,,,,,,,,,,,,,,,,,,,,,,,,,,,,,,,,,,,
432.57562587500433,unswapping,,,,,,,,,,,,,,,,,,,,,,,,,,,,,,,,,,,,,,,,,,,,,,,32,4,10448,794,222,56,4,both,0,28,28,0,0,,,,,102,,,,,,,,,,,,,,,,,,,,,,,,,,,,,,,,,,,
432.63332350000564,unswapping,,,,,,,,,,,,,,,,,,,,,,,,,,,,,,,,,,,,,,,,,,,,,,,32,4,10448,794,222,56,4,both,1,27,27,0,0,,,,,102,,,,,,,,,,,,,,,,,,,,,,,,,,,,,,,,,,,
432.6640543750109,unswapping,,,,,,,,,,,,,,,,,,,,,,,,,,,,,,,,,,,,,,,,,,,,,,,32,4,10448,794,222,56,4,left,0,28,28,0,0,,,,,102,,,,,,,,,,,,,,,,,,,,,,,,,,,,,,,,,,,
432.6931053750013,unswapping,,,,,,,,,,,,,,,,,,,,,,,,,,,,,,,,,,,,,,,,,,,,,,,32,4,10448,794,222,56,4,left,1,27,27,0,0,,,,,102,,,,,,,,,,,,,,,,,,,,,,,,,,,,,,,,,,,
432.72415079100756,unswapping,,,,,,,,,,,,,,,,,,,,,,,,,,,,,,,,,,,,,,,,,,,,,,,32,4,10448,794,222,56,4,right,0,28,28,0,0,,,,,102,,,,,,,,,,,,,,,,,,,,,,,,,,,,,,,,,,,
432.7530790000019,unswapping,,,,,,,,,,,,,,,,,,,,,,,,,,,,,,,,,,,,,,,,,,,,,,,32,4,10448,794,222,56,4,right,1,27,27,0,0,,,,,102,,,,,,,,,,,,,,,,,,,,,,,,,,,,,,,,,,,
434.52131662500324,unswap_cycle_summary,,,,,,,,,,,,36,72,108,,,,,,,,,,,,,,,,,,,512,0.0006,,,,,,,,,,,,,32,4,10448,794,222,56,,,,,,,,,,,,,,,,,,,,30,16.220933999997214,108,1885,1777,0,False,,,,,,,,,,,,,,,,,,,,,
436.7323271250061,rewiring,left,post_unswap,2.151754541991977,1458,False,False,,,,,,,,,,,,,,,,,,,,,,,,,,,,,,,,,,,,,,,,,,,,,,,,,,,,,,,,,,,,,,,,,,30,,,,,,,20,False,0,1,none,0.0,123,2.151749208991532,3.9894490409933496,,,,,,,,,,,,
438.56969287501124,rewiring,right,post_unswap,1.8371079999924405,1428,False,False,,,,,,,,,,,,,,,,,,,,,,,,,,,,,,,,,,,,,,,,,,,,,,,,,,,,,,,,,,,,,,,,,,30,,,,,,,20,False,0,1,none,0.0,123,1.8371006249944912,3.9894490409933496,,,,,,,,,,,,
438.6907494580082,cycle_progress,,,,,,,,,,,,36,72,108,,,,,,,,,,,,,,,,,,,512,0.0006,,11464,5,,,,,,,,,,32,4,10448,794,222,56,,,,,,,,,,,,,,,,,,,,30,,108,1885,1777,0,False,,,,,,,,,3.9894490409933496,,,,,,,,,,,,
438.82039704101044,absorbing,,,,,,,L,1,0,1398,1480,36,72,108,12,0,0,0.03336070801015012,0.03235395900264848,0.0657146670127986,0.06657800001266878,10448,12016,32,32,False,False,False,False,10448,32,False,512,0.0006,128,10448,6,total_elems,10448,12016,1,1,,,,0.0,32,4,10448,794,222,56,,,,,,,,,,,,,,,,,,,,,,,,,,,,,,,,,,,,,,,,,,,,,,,
438.9488082500029,absorbing,,,,,,,R,1,1,1398,1480,36,72,108,9,0,0,0.03343079199839849,0.03252145799342543,0.06595224999182392,0.06659083299746271,12580,12016,32,32,False,False,False,False,12016,32,False,512,0.0006,128,10448,6,total_elems,12580,12016,1,1,,,,0.0,32,4,12016,868,222,56,,,,,,,,,,,,,,,,,,,,,,,,,,,,,,,,,,,,,,,,,,,,,,,
439.07782975000737,absorbing,,,,,,,L,2,1,1398,1480,36,72,108,11,0,0,0.034405541999149136,0.032454750005854294,0.06686029200500343,0.06750487499812152,14568,15344,32,32,False,False,False,False,14568,32,False,512,0.0006,128,10448,6,total_elems,14568,15344,1,1,,,,0.0,32,4,14568,958,222,56,,,,,,,,,,,,,,,,,,,,,,,,,,,,,,,,,,,,,,,,,,,,,,,
439.2126646250108,absorbing,,,,,,,R,2,2,1398,1480,36,72,108,8,0,0,0.03771579200110864,0.03427758300676942,0.07199337500787806,0.07265512499725446,24748,22952,64,64,False,False,False,False,22952,64,False,512,0.0006,128,10448,6,total_elems,24748,22952,1,1,,,,0.0,64,4,22952,1170,222,56,,,,,,,,,,,,,,,,,,,,,,,,,,,,,,,,,,,,,,,,,,,,,,,
439.359934291002,absorbing,,,,,,,R,2,3,1398,1480,36,72,108,8,0,0,0.04418383400479797,0.04020820799632929,0.08439204200112727,0.08506374999706168,45516,43048,64,64,False,False,False,False,43048,64,False,512,0.0006,128,10448,6,total_elems,45516,43048,1,1,,,,0.0,64,4,43048,1386,222,56,,,,,,,,,,,,,,,,,,,,,,,,,,,,,,,,,,,,,,,,,,,,,,,
439.5257445830066,absorbing,,,,,,,L,3,3,1398,1480,36,72,108,12,0,0,0.05459625000366941,0.048427041998365894,0.1030232920020353,0.10368291700433474,61132,74632,64,64,False,False,False,False,61132,64,False,512,0.0006,128,10448,6,total_elems,61132,74632,1,1,,,,0.0,64,4,61132,1566,222,56,,,,,,,,,,,,,,,,,,,,,,,,,,,,,,,,,,,,,,,,,,,,,,,
439.7252181250078,absorbing,,,,,,,R,3,4,1398,1480,36,72,108,7,0,0,0.08203795799636282,0.05454891700355802,0.13658687499992084,0.13738058399758302,127080,95020,127,64,False,False,False,False,95020,64,False,512,0.0006,128,10448,6,total_elems,127080,95020,1,1,,,,0.0,64,4,95020,1940,222,56,,,,,,,,,,,,,,,,,,,,,,,,,,,,,,,,,,,,,,,,,,,,,,,
439.9715183750086,absorbing,,,,,,,R,3,5,1398,1480,36,72,108,7,0,0,0.10937583299528342,0.0721344589983346,0.181510291993618,0.18217300000833347,181992,123692,128,64,False,False,False,False,123692,64,False,512,0.0006,128,10448,6,total_elems,181992,123692,1,1,,,,0.0,64,4,123692,2196,222,56,,,,,,,,,,,,,,,,,,,,,,,,,,,,,,,,,,,,,,,,,,,,,,,
440.24212175000866,absorbing,,,,,,,R,3,6,1398,1480,36,72,108,7,0,0,0.12147766699490603,0.08578691699949559,0.20726458399440162,0.20795545799774118,233704,196268,128,128,False,False,False,False,196268,128,False,512,0.0006,128,10448,6,total_elems,233704,196268,1,1,,,,0.0,128,4,196268,2700,222,56,,,,,,,,,,,,,,,,,,,,,,,,,,,,,,,,,,,,,,,,,,,,,,,
440.64023766601167,absorbing,,,,,,,R,3,7,1398,1480,36,72,108,8,0,0,0.17239174999122042,0.1628504590044031,0.3352422089956235,0.3359434160083765,363688,327596,128,128,False,False,False,False,327596,128,False,512,0.0006,128,10448,6,total_elems,363688,327596,1,1,,,,0.0,128,4,327596,3298,222,56,,,,,,,,,,,,,,,,,,,,,,,,,,,,,,,,,,,,,,,,,,,,,,,
443.2232950000034,unswapping,,,,,,,,,,,,,,,,,,,,,,,,,,,,,,,,,,,,,,,,,,,,,,,256,4,578784,3932,222,56,0,both,0,28,28,5,5,,,,,0,,,,,,,,,,,,,,,,,,,,,,,,,,,,,,,,,,,
445.2981044160115,unswapping,,,,,,,,,,,,,,,,,,,,,,,,,,,,,,,,,,,,,,,,,,,,,,,128,4,362688,3246,222,56,0,both,1,27,27,8,13,,,,,0,,,,,,,,,,,,,,,,,,,,,,,,,,,,,,,,,,,
445.93127804101096,unswapping,,,,,,,,,,,,,,,,,,,,,,,,,,,,,,,,,,,,,,,,,,,,,,,128,4,247740,2594,222,56,0,left,0,28,28,11,24,,,,,22,,,,,,,,,,,,,,,,,,,,,,,,,,,,,,,,,,,
446.3464464580029,unswapping,,,,,,,,,,,,,,,,,,,,,,,,,,,,,,,,,,,,,,,,,,,,,,,128,4,208916,2328,222,56,0,left,1,27,27,8,32,,,,,38,,,,,,,,,,,,,,,,,,,,,,,,,,,,,,,,,,,
446.6686215410009,unswapping,,,,,,,,,,,,,,,,,,,,,,,,,,,,,,,,,,,,,,,,,,,,,,,128,4,201588,2244,222,56,0,right,0,28,28,5,37,,,,,36,,,,,,,,,,,,,,,,,,,,,,,,,,,,,,,,,,,
447.0537975830084,unswapping,,,,,,,,,,,,,,,,,,,,,,,,,,,,,,,,,,,,,,,,,,,,,,,128,4,121572,1964,222,56,0,right,1,27,27,5,42,,,,,46,,,,,,,,,,,,,,,,,,,,,,,,,,,,,,,,,,,
447.46944454099867,unswapping,,,,,,,,,,,,,,,,,,,,,,,,,,,,,,,,,,,,,,,,,,,,,,,64,4,71352,1602,222,56,1,both,0,28,28,5,5,,,,,58,,,,,,,,,,,,,,,,,,,,,,,,,,,,,,,,,,,
447.76500212500105,unswapping,,,,,,,,,,,,,,,,,,,,,,,,,,,,,,,,,,,,,,,,,,,,,,,64,4,59328,1462,222,56,1,both,1,27,27,6,11,,,,,72,,,,,,,,,,,,,,,,,,,,,,,,,,,,,,,,,,,
447.8904708330083,unswapping,,,,,,,,,,,,,,,,,,,,,,,,,,,,,,,,,,,,,,,,,,,,,,,64,4,57320,1432,222,56,1,left,0,28,28,4,15,,,,,78,,,,,,,,,,,,,,,,,,,,,,,,,,,,,,,,,,,
448.0330590000085,unswapping,,,,,,,,,,,,,,,,,,,,,,,,,,,,,,,,,,,,,,,,,,,,,,,62,4,37352,1264,222,56,1,left,1,27,27,5,20,,,,,80,,,,,,,,,,,,,,,,,,,,,,,,,,,,,,,,,,,
448.1241714580101,unswapping,,,,,,,,,,,,,,,,,,,,,,,,,,,,,,,,,,,,,,,,,,,,,,,62,4,31212,1138,222,56,1,right,0,28,28,5,25,,,,,88,,,,,,,,,,,,,,,,,,,,,,,,,,,,,,,,,,,
448.22148479100724,unswapping,,,,,,,,,,,,,,,,,,,,,,,,,,,,,,,,,,,,,,,,,,,,,,,62,4,29388,1078,222,56,1,right,1,27,27,4,29,,,,,96,,,,,,,,,,,,,,,,,,,,,,,,,,,,,,,,,,,
448.37646525001037,unswapping,,,,,,,,,,,,,,,,,,,,,,,,,,,,,,,,,,,,,,,,,,,,,,,32,4,23532,1010,222,56,2,both,0,28,28,2,2,,,,,98,,,,,,,,,,,,,,,,,,,,,,,,,,,,,,,,,,,
448.51748112500354,unswapping,,,,,,,,,,,,,,,,,,,,,,,,,,,,,,,,,,,,,,,,,,,,,,,32,4,23492,1006,222,56,2,both,1,27,27,1,3,,,,,102,,,,,,,,,,,,,,,,,,,,,,,,,,,,,,,,,,,
448.5842725830007,unswapping,,,,,,,,,,,,,,,,,,,,,,,,,,,,,,,,,,,,,,,,,,,,,,,32,4,23444,1002,222,56,2,left,0,28,28,1,4,,,,,102,,,,,,,,,,,,,,,,,,,,,,,,,,,,,,,,,,,
448.65243054099847,unswapping,,,,,,,,,,,,,,,,,,,,,,,,,,,,,,,,,,,,,,,,,,,,,,,32,4,23188,994,222,56,2,left,1,27,27,1,5,,,,,102,,,,,,,,,,,,,,,,,,,,,,,,,,,,,,,,,,,
448.7325685410033,unswapping,,,,,,,,,,,,,,,,,,,,,,,,,,,,,,,,,,,,,,,,,,,,,,,32,4,20116,946,222,56,2,right,0,28,28,3,8,,,,,108,,,,,,,,,,,,,,,,,,,,,,,,,,,,,,,,,,,
448.794180708006,unswapping,,,,,,,,,,,,,,,,,,,,,,,,,,,,,,,,,,,,,,,,,,,,,,,32,4,19988,938,222,56,2,right,1,27,27,1,9,,,,,110,,,,,,,,,,,,,,,,,,,,,,,,,,,,,,,,,,,
448.92970154101204,unswapping,,,,,,,,,,,,,,,,,,,,,,,,,,,,,,,,,,,,,,,,,,,,,,,32,4,19796,926,222,56,3,both,0,28,28,1,1,,,,,114,,,,,,,,,,,,,,,,,,,,,,,,,,,,,,,,,,,
449.0068517910113,unswapping,,,,,,,,,,,,,,,,,,,,,,,,,,,,,,,,,,,,,,,,,,,,,,,32,4,19796,926,222,56,3,both,1,27,27,0,1,,,,,114,,,,,,,,,,,,,,,,,,,,,,,,,,,,,,,,,,,
449.04944716600585,unswapping,,,,,,,,,,,,,,,,,,,,,,,,,,,,,,,,,,,,,,,,,,,,,,,32,4,19796,926,222,56,3,left,0,28,28,0,1,,,,,114,,,,,,,,,,,,,,,,,,,,,,,,,,,,,,,,,,,
449.08757483299996,unswapping,,,,,,,,,,,,,,,,,,,,,,,,,,,,,,,,,,,,,,,,,,,,,,,32,4,19796,926,222,56,3,left,1,27,27,0,1,,,,,114,,,,,,,,,,,,,,,,,,,,,,,,,,,,,,,,,,,
449.15295091600274,unswapping,,,,,,,,,,,,,,,,,,,,,,,,,,,,,,,,,,,,,,,,,,,,,,,32,4,19724,920,222,56,3,right,0,28,28,1,2,,,,,116,,,,,,,,,,,,,,,,,,,,,,,,,,,,,,,,,,,
449.190825083002,unswapping,,,,,,,,,,,,,,,,,,,,,,,,,,,,,,,,,,,,,,,,,,,,,,,32,4,19724,920,222,56,3,right,1,27,27,0,2,,,,,116,,,,,,,,,,,,,,,,,,,,,,,,,,,,,,,,,,,
449.2793326250103,unswapping,,,,,,,,,,,,,,,,,,,,,,,,,,,,,,,,,,,,,,,,,,,,,,,32,4,19724,920,222,56,4,both,0,28,28,0,0,,,,,116,,,,,,,,,,,,,,,,,,,,,,,,,,,,,,,,,,,
449.35569000001124,unswapping,,,,,,,,,,,,,,,,,,,,,,,,,,,,,,,,,,,,,,,,,,,,,,,32,4,19724,920,222,56,4,both,1,27,27,0,0,,,,,116,,,,,,,,,,,,,,,,,,,,,,,,,,,,,,,,,,,
449.3977556250029,unswapping,,,,,,,,,,,,,,,,,,,,,,,,,,,,,,,,,,,,,,,,,,,,,,,32,4,19724,920,222,56,4,left,0,28,28,0,0,,,,,116,,,,,,,,,,,,,,,,,,,,,,,,,,,,,,,,,,,
449.4350264579989,unswapping,,,,,,,,,,,,,,,,,,,,,,,,,,,,,,,,,,,,,,,,,,,,,,,32,4,19724,920,222,56,4,left,1,27,27,0,0,,,,,116,,,,,,,,,,,,,,,,,,,,,,,,,,,,,,,,,,,
449.4762779580051,unswapping,,,,,,,,,,,,,,,,,,,,,,,,,,,,,,,,,,,,,,,,,,,,,,,32,4,19724,920,222,56,4,right,0,28,28,0,0,,,,,116,,,,,,,,,,,,,,,,,,,,,,,,,,,,,,,,,,,
449.51501666600234,unswapping,,,,,,,,,,,,,,,,,,,,,,,,,,,,,,,,,,,,,,,,,,,,,,,32,4,19724,920,222,56,4,right,1,27,27,0,0,,,,,116,,,,,,,,,,,,,,,,,,,,,,,,,,,,,,,,,,,
451.32819879100134,unswap_cycle_summary,,,,,,,,,,,,36,72,108,,,,,,,,,,,,,,,,,,,512,0.0006,,,,,,,,,,,,,32,4,19724,920,222,56,,,,,,,,,,,,,,,,,,,,31,8.285607708006864,108,1885,1777,0,False,,,,,,,,,,,,,,,,,,,,,
453.61870766599895,rewiring,left,post_unswap,2.21588979200169,1397,False,False,,,,,,,,,,,,,,,,,,,,,,,,,,,,,,,,,,,,,,,,,,,,,,,,,,,,,,,,,,,,,,,,,,31,,,,,,,20,False,0,1,none,0.0,123,2.2158830419939477,3.566182749986183,,,,,,,,,,,,
454.9686617910047,rewiring,right,post_unswap,1.3497148750029737,1475,False,False,,,,,,,,,,,,,,,,,,,,,,,,,,,,,,,,,,,,,,,,,,,,,,,,,,,,,,,,,,,,,,,,,,31,,,,,,,20,False,0,1,none,0.0,123,1.3497097499930533,3.566182749986183,,,,,,,,,,,,
455.0898855000123,cycle_progress,,,,,,,,,,,,36,72,108,,,,,,,,,,,,,,,,,,,512,0.0006,,10448,6,,,,,,,,,,32,4,19724,920,222,56,,,,,,,,,,,,,,,,,,,,31,,108,1885,1777,0,False,,,,,,,,,3.566182749986183,,,,,,,,,,,,
455.2233727499988,absorbing,,,,,,,L,1,0,1413,1648,36,72,108,11,0,0,0.034425165998982266,0.0337832080113003,0.06820837401028257,0.06905929200001992,19724,21328,32,32,False,False,False,False,19724,32,False,512,0.0006,128,19724,7,total_elems,19724,21328,1,1,,,,0.0,32,4,19724,920,222,56,,,,,,,,,,,,,,,,,,,,,,,,,,,,,,,,,,,,,,,,,,,,,,,
455.36021037500177,absorbing,,,,,,,R,1,1,1413,1648,36,72,108,10,0,0,0.03855491599824745,0.03384770799311809,0.07240262399136554,0.07305916699988302,31700,21328,62,32,False,False,False,False,21328,32,False,512,0.0006,128,19724,7,total_elems,31700,21328,1,1,,,,0.0,32,4,21328,1008,222,56,,,,,,,,,,,,,,,,,,,,,,,,,,,,,,,,,,,,,,,,,,,,,,,
455.4982769580092,absorbing,,,,,,,R,1,2,1413,1648,36,72,108,10,0,0,0.03918104099284392,0.03527929200208746,0.07446033299493138,0.07513174999621697,34048,26528,62,32,False,False,False,False,26528,32,False,512,0.0006,128,19724,7,total_elems,34048,26528,1,1,,,,0.0,32,4,26528,1196,222,56,,,,,,,,,,,,,,,,,,,,,,,,,,,,,,,,,,,,,,,,,,,,,,,
455.6372837910021,absorbing,,,,,,,R,1,3,1413,1648,36,72,108,7,0,0,0.039431040990166366,0.03574720800679643,0.0751782489969628,0.07584433400188573,38464,33572,62,32,False,False,False,False,33572,32,False,512,0.0006,128,19724,7,total_elems,38464,33572,1,1,,,,0.0,32,4,33572,1336,222,56,,,,,,,,,,,,,,,,,,,,,,,,,,,,,,,,,,,,,,,,,,,,,,,
455.7850466250093,absorbing,,,,,,,L,2,3,1413,1648,36,72,108,9,0,0,0.04266974999336526,0.04039587501029018,0.08306562500365544,0.08372987499751616,45568,51720,62,64,False,False,False,False,45568,62,False,512,0.0006,128,19724,7,total_elems,45568,51720,1,1,,,,0.0,62,4,45568,1494,222,56,,,,,,,,,,,,,,,,,,,,,,,,,,,,,,,,,,,,,,,,,,,,,,,
455.95021950000955,absorbing,,,,,,,R,2,4,1413,1648,36,72,108,6,0,0,0.056594416993902996,0.043999790999805555,0.10059420799370855,0.10129700000106823,73800,64072,64,64,False,False,False,False,64072,64,False,512,0.0006,128,19724,7,total_elems,73800,64072,1,1,,,,0.0,64,4,64072,1690,222,56,,,,,,,,,,,,,,,,,,,,,,,,,,,,,,,,,,,,,,,,,,,,,,,
456.14167441600875,absorbing,,,,,,,L,3,4,1413,1648,36,72,108,10,0,0,0.06334041699301451,0.062060374999418855,0.12540079199243337,0.12621145900629926,93384,111076,64,128,False,False,False,False,93384,64,False,512,0.0006,128,19724,7,total_elems,93384,111076,1,1,,,,0.0,64,4,93384,1908,222,56,,,,,,,,,,,,,,,,,,,,,,,,,,,,,,,,,,,,,,,,,,,,,,,
456.3731403749989,absorbing,,,,,,,R,3,5,1413,1648,36,72,108,8,0,0,0.09411720899515785,0.07093620901287068,0.16505341800802853,0.1657534999976633,180548,143236,128,128,False,False,False,False,143236,128,False,512,0.0006,128,19724,7,total_elems,180548,143236,1,1,,,,0.0,128,4,143236,2258,222,56,,,,,,,,,,,,,,,,,,,,,,,,,,,,,,,,,,,,,,,,,,,,,,,
456.6594988750003,absorbing,,,,,,,R,3,6,1413,1648,36,72,108,7,0,0,0.11728333400969859,0.10443199999281205,0.22171533400251064,0.22238674999971408,250884,235584,128,128,False,False,False,False,235584,128,False,512,0.0006,128,19724,7,total_elems,250884,235584,1,1,,,,0.0,128,4,235584,2732,222,56,,,,,,,,,,,,,,,,,,,,,,,,,,,,,,,,,,,,,,,,,,,,,,,
457.09331204100454,absorbing,,,,,,,R,3,7,1413,1648,36,72,108,9,0,0,0.19185162500070874,0.1768345419986872,0.36868616699939594,0.3694424999994226,421056,414816,128,128,False,False,False,False,414816,128,False,512,0.0006,128,19724,7,total_elems,421056,414816,1,1,,,,0.0,128,4,414816,3286,222,56,,,,,,,,,,,,,,,,,,,,,,,,,,,,,,,,,,,,,,,,,,,,,,,
460.1220367500064,unswapping,,,,,,,,,,,,,,,,,,,,,,,,,,,,,,,,,,,,,,,,,,,,,,,128,4,317536,3238,222,56,0,both,0,28,28,5,5,,,,,0,,,,,,,,,,,,,,,,,,,,,,,,,,,,,,,,,,,
461.3676450000057,unswapping,,,,,,,,,,,,,,,,,,,,,,,,,,,,,,,,,,,,,,,,,,,,,,,128,4,212280,2628,222,56,0,both,1,27,27,7,12,,,,,0,,,,,,,,,,,,,,,,,,,,,,,,,,,,,,,,,,,
461.6851954580052,unswapping,,,,,,,,,,,,,,,,,,,,,,,,,,,,,,,,,,,,,,,,,,,,,,,64,4,117112,2120,222,56,0,left,0,28,28,6,18,,,,,12,,,,,,,,,,,,,,,,,,,,,,,,,,,,,,,,,,,
461.8947860000044,unswapping,,,,,,,,,,,,,,,,,,,,,,,,,,,,,,,,,,,,,,,,,,,,,,,64,4,87392,1900,222,56,0,left,1,27,27,7,25,,,,,26,,,,,,,,,,,,,,,,,,,,,,,,,,,,,,,,,,,
462.0652464580053,unswapping,,,,,,,,,,,,,,,,,,,,,,,,,,,,,,,,,,,,,,,,,,,,,,,64,4,65368,1666,222,56,0,right,0,28,28,9,34,,,,,40,,,,,,,,,,,,,,,,,,,,,,,,,,,,,,,,,,,
462.2079751660058,unswapping,,,,,,,,,,,,,,,,,,,,,,,,,,,,,,,,,,,,,,,,,,,,,,,62,4,43288,1434,222,56,0,right,1,27,27,6,40,,,,,52,,,,,,,,,,,,,,,,,,,,,,,,,,,,,,,,,,,
462.40138345801097,unswapping,,,,,,,,,,,,,,,,,,,,,,,,,,,,,,,,,,,,,,,,,,,,,,,32,4,29016,1206,222,56,1,both,0,28,28,7,7,,,,,68,,,,,,,,,,,,,,,,,,,,,,,,,,,,,,,,,,,
462.5648752499983,unswapping,,,,,,,,,,,,,,,,,,,,,,,,,,,,,,,,,,,,,,,,,,,,,,,32,4,27448,1146,222,56,1,both,1,27,27,6,13,,,,,82,,,,,,,,,,,,,,,,,,,,,,,,,,,,,,,,,,,
462.63761525000155,unswapping,,,,,,,,,,,,,,,,,,,,,,,,,,,,,,,,,,,,,,,,,,,,,,,32,4,26424,1130,222,56,1,left,0,28,28,1,14,,,,,82,,,,,,,,,,,,,,,,,,,,,,,,,,,,,,,,,,,
462.684310541008,unswapping,,,,,,,,,,,,,,,,,,,,,,,,,,,,,,,,,,,,,,,,,,,,,,,32,4,26424,1130,222,56,1,left,1,27,27,0,14,,,,,82,,,,,,,,,,,,,,,,,,,,,,,,,,,,,,,,,,,
462.769584958005,unswapping,,,,,,,,,,,,,,,,,,,,,,,,,,,,,,,,,,,,,,,,,,,,,,,32,4,23484,1086,222,56,1,right,0,28,28,4,18,,,,,84,,,,,,,,,,,,,,,,,,,,,,,,,,,,,,,,,,,
462.84679912500724,unswapping,,,,,,,,,,,,,,,,,,,,,,,,,,,,,,,,,,,,,,,,,,,,,,,32,4,21760,1032,222,56,1,right,1,27,27,4,22,,,,,90,,,,,,,,,,,,,,,,,,,,,,,,,,,,,,,,,,,
462.9848895000032,unswapping,,,,,,,,,,,,,,,,,,,,,,,,,,,,,,,,,,,,,,,,,,,,,,,32,4,21376,1016,222,56,2,both,0,28,28,1,1,,,,,90,,,,,,,,,,,,,,,,,,,,,,,,,,,,,,,,,,,
463.1264866660058,unswapping,,,,,,,,,,,,,,,,,,,,,,,,,,,,,,,,,,,,,,,,,,,,,,,32,4,21072,1000,222,56,2,both,1,27,27,3,4,,,,,100,,,,,,,,,,,,,,,,,,,,,,,,,,,,,,,,,,,
463.20582204101083,unswapping,,,,,,,,,,,,,,,,,,,,,,,,,,,,,,,,,,,,,,,,,,,,,,,32,4,20688,976,222,56,2,left,0,28,28,3,7,,,,,104,,,,,,,,,,,,,,,,,,,,,,,,,,,,,,,,,,,
463.2819840830052,unswapping,,,,,,,,,,,,,,,,,,,,,,,,,,,,,,,,,,,,,,,,,,,,,,,32,4,20168,954,222,56,2,left,1,27,27,3,10,,,,,106,,,,,,,,,,,,,,,,,,,,,,,,,,,,,,,,,,,
463.35956850000366,unswapping,,,,,,,,,,,,,,,,,,,,,,,,,,,,,,,,,,,,,,,,,,,,,,,32,4,19832,926,222,56,2,right,0,28,28,4,14,,,,,108,,,,,,,,,,,,,,,,,,,,,,,,,,,,,,,,,,,
463.42153900000267,unswapping,,,,,,,,,,,,,,,,,,,,,,,,,,,,,,,,,,,,,,,,,,,,,,,32,4,19752,922,222,56,2,right,1,27,27,1,15,,,,,108,,,,,,,,,,,,,,,,,,,,,,,,,,,,,,,,,,,
463.5686434579984,unswapping,,,,,,,,,,,,,,,,,,,,,,,,,,,,,,,,,,,,,,,,,,,,,,,32,4,19272,902,222,56,3,both,0,28,28,2,2,,,,,108,,,,,,,,,,,,,,,,,,,,,,,,,,,,,,,,,,,
463.7042672079988,unswapping,,,,,,,,,,,,,,,,,,,,,,,,,,,,,,,,,,,,,,,,,,,,,,,32,4,18272,874,222,56,3,both,1,27,27,2,4,,,,,112,,,,,,,,,,,,,,,,,,,,,,,,,,,,,,,,,,,
463.74393520801095,unswapping,,,,,,,,,,,,,,,,,,,,,,,,,,,,,,,,,,,,,,,,,,,,,,,32,4,18272,874,222,56,3,left,0,28,28,0,4,,,,,112,,,,,,,,,,,,,,,,,,,,,,,,,,,,,,,,,,,
463.781825958009,unswapping,,,,,,,,,,,,,,,,,,,,,,,,,,,,,,,,,,,,,,,,,,,,,,,32,4,18272,874,222,56,3,left,1,27,27,0,4,,,,,112,,,,,,,,,,,,,,,,,,,,,,,,,,,,,,,,,,,
463.84352708300867,unswapping,,,,,,,,,,,,,,,,,,,,,,,,,,,,,,,,,,,,,,,,,,,,,,,32,4,18200,868,222,56,3,right,0,28,28,1,5,,,,,114,,,,,,,,,,,,,,,,,,,,,,,,,,,,,,,,,,,
463.8810106250021,unswapping,,,,,,,,,,,,,,,,,,,,,,,,,,,,,,,,,,,,,,,,,,,,,,,32,4,18200,868,222,56,3,right,1,27,27,0,5,,,,,114,,,,,,,,,,,,,,,,,,,,,,,,,,,,,,,,,,,
464.02139395799895,unswapping,,,,,,,,,,,,,,,,,,,,,,,,,,,,,,,,,,,,,,,,,,,,,,,32,4,17048,852,222,56,4,both,0,28,28,1,1,,,,,114,,,,,,,,,,,,,,,,,,,,,,,,,,,,,,,,,,,
464.1424103330064,unswapping,,,,,,,,,,,,,,,,,,,,,,,,,,,,,,,,,,,,,,,,,,,,,,,32,4,13208,804,222,56,4,both,1,27,27,1,2,,,,,116,,,,,,,,,,,,,,,,,,,,,,,,,,,,,,,,,,,
464.20096783300687,unswapping,,,,,,,,,,,,,,,,,,,,,,,,,,,,,,,,,,,,,,,,,,,,,,,32,4,10648,772,222,56,4,left,0,28,28,1,3,,,,,118,,,,,,,,,,,,,,,,,,,,,,,,,,,,,,,,,,,
464.25653116600006,unswapping,,,,,,,,,,,,,,,,,,,,,,,,,,,,,,,,,,,,,,,,,,,,,,,19,4,8740,744,222,56,4,left,1,27,27,1,4,,,,,120,,,,,,,,,,,,,,,,,,,,,,,,,,,,,,,,,,,
464.30837733299995,unswapping,,,,,,,,,,,,,,,,,,,,,,,,,,,,,,,,,,,,,,,,,,,,,,,17,4,7544,722,222,56,4,right,0,28,28,1,5,,,,,118,,,,,,,,,,,,,,,,,,,,,,,,,,,,,,,,,,,
464.3587679580087,unswapping,,,,,,,,,,,,,,,,,,,,,,,,,,,,,,,,,,,,,,,,,,,,,,,16,4,6680,704,222,56,4,right,1,27,27,1,6,,,,,118,,,,,,,,,,,,,,,,,,,,,,,,,,,,,,,,,,,
464.4109005000064,unswapping,,,,,,,,,,,,,,,,,,,,,,,,,,,,,,,,,,,,,,,,,,,,,,,16,4,6680,704,222,56,5,both,0,28,28,0,0,,,,,118,,,,,,,,,,,,,,,,,,,,,,,,,,,,,,,,,,,
464.46730054100044,unswapping,,,,,,,,,,,,,,,,,,,,,,,,,,,,,,,,,,,,,,,,,,,,,,,16,4,6680,704,222,56,5,both,1,27,27,0,0,,,,,118,,,,,,,,,,,,,,,,,,,,,,,,,,,,,,,,,,,
464.49381241601077,unswapping,,,,,,,,,,,,,,,,,,,,,,,,,,,,,,,,,,,,,,,,,,,,,,,16,4,6680,704,222,56,5,left,0,28,28,0,0,,,,,118,,,,,,,,,,,,,,,,,,,,,,,,,,,,,,,,,,,
464.5221563330124,unswapping,,,,,,,,,,,,,,,,,,,,,,,,,,,,,,,,,,,,,,,,,,,,,,,16,4,6680,704,222,56,5,left,1,27,27,0,0,,,,,118,,,,,,,,,,,,,,,,,,,,,,,,,,,,,,,,,,,
464.56943633301125,unswapping,,,,,,,,,,,,,,,,,,,,,,,,,,,,,,,,,,,,,,,,,,,,,,,16,4,5912,688,222,56,5,right,0,28,28,1,1,,,,,118,,,,,,,,,,,,,,,,,,,,,,,,,,,,,,,,,,,
464.61622350000835,unswapping,,,,,,,,,,,,,,,,,,,,,,,,,,,,,,,,,,,,,,,,,,,,,,,16,4,5144,672,222,56,5,right,1,27,27,1,2,,,,,118,,,,,,,,,,,,,,,,,,,,,,,,,,,,,,,,,,,
464.66545533300086,unswapping,,,,,,,,,,,,,,,,,,,,,,,,,,,,,,,,,,,,,,,,,,,,,,,16,4,5144,672,222,56,6,both,0,28,28,0,0,,,,,118,,,,,,,,,,,,,,,,,,,,,,,,,,,,,,,,,,,
464.7169047080097,unswapping,,,,,,,,,,,,,,,,,,,,,,,,,,,,,,,,,,,,,,,,,,,,,,,16,4,5144,672,222,56,6,both,1,27,27,0,0,,,,,118,,,,,,,,,,,,,,,,,,,,,,,,,,,,,,,,,,,
464.7419468750013,unswapping,,,,,,,,,,,,,,,,,,,,,,,,,,,,,,,,,,,,,,,,,,,,,,,16,4,5144,672,222,56,6,left,0,28,28,0,0,,,,,118,,,,,,,,,,,,,,,,,,,,,,,,,,,,,,,,,,,
464.7683415830106,unswapping,,,,,,,,,,,,,,,,,,,,,,,,,,,,,,,,,,,,,,,,,,,,,,,16,4,5144,672,222,56,6,left,1,27,27,0,0,,,,,118,,,,,,,,,,,,,,,,,,,,,,,,,,,,,,,,,,,
464.79333916600444,unswapping,,,,,,,,,,,,,,,,,,,,,,,,,,,,,,,,,,,,,,,,,,,,,,,16,4,5144,672,222,56,6,right,0,28,28,0,0,,,,,118,,,,,,,,,,,,,,,,,,,,,,,,,,,,,,,,,,,
464.81917995800904,unswapping,,,,,,,,,,,,,,,,,,,,,,,,,,,,,,,,,,,,,,,,,,,,,,,16,4,5144,672,222,56,6,right,1,27,27,0,0,,,,,118,,,,,,,,,,,,,,,,,,,,,,,,,,,,,,,,,,,
467.4540751250024,unswap_cycle_summary,,,,,,,,,,,,36,72,108,,,,,,,,,,,,,,,,,,,512,0.0006,,,,,,,,,,,,,16,4,5144,672,222,56,,,,,,,,,,,,,,,,,,,,32,6.9075708750024205,108,1885,1777,0,False,,,,,,,,,,,,,,,,,,,,,
469.71724962499866,rewiring,left,post_unswap,2.198027999998885,1412,False,False,,,,,,,,,,,,,,,,,,,,,,,,,,,,,,,,,,,,,,,,,,,,,,,,,,,,,,,,,,,,,,,,,,32,,,,,,,20,False,0,1,none,0.0,123,2.198021874995902,4.116952249998576,,,,,,,,,,,,
471.6358592080069,rewiring,right,post_unswap,1.9183420829940587,1643,False,False,,,,,,,,,,,,,,,,,,,,,,,,,,,,,,,,,,,,,,,,,,,,,,,,,,,,,,,,,,,,,,,,,,32,,,,,,,20,False,0,1,none,0.0,123,1.918335542010027,4.116952249998576,,,,,,,,,,,,
471.76303608300805,cycle_progress,,,,,,,,,,,,36,72,108,,,,,,,,,,,,,,,,,,,512,0.0006,,19724,7,,,,,,,,,,16,4,5144,672,222,56,,,,,,,,,,,,,,,,,,,,32,,108,1885,1777,0,False,,,,,,,,,4.116952249998576,,,,,,,,,,,,
471.89157112500106,absorbing,,,,,,,L,1,0,1483,1534,36,72,108,13,0,0,0.03158824999991339,0.03118287501274608,0.06277112501265947,0.06362158300180454,5144,7560,16,16,False,False,False,False,5144,16,False,512,0.0006,128,5144,8,total_elems,5144,7560,1,1,,,,0.0,16,4,5144,672,222,56,,,,,,,,,,,,,,,,,,,,,,,,,,,,,,,,,,,,,,,,,,,,,,,
472.02284333300486,absorbing,,,,,,,L,2,0,1483,1534,36,72,108,14,0,0,0.032776916996226646,0.0312822919950122,0.06405920899123885,0.0647387500066543,6704,7560,16,16,False,False,False,False,6704,16,False,512,0.0006,128,5144,8,total_elems,6704,7560,1,1,,,,0.0,16,4,6704,764,222,56,,,,,,,,,,,,,,,,,,,,,,,,,,,,,,,,,,,,,,,,,,,,,,,
472.1556569579989,absorbing,,,,,,,R,2,1,1483,1534,36,72,108,11,0,0,0.03342745901318267,0.032102541998028755,0.06553000101121143,0.06624499999452382,12036,9592,32,16,False,False,False,False,9592,16,False,512,0.0006,128,5144,8,total_elems,12036,9592,1,1,,,,0.0,16,4,9592,838,222,56,,,,,,,,,,,,,,,,,,,,,,,,,,,,,,,,,,,,,,,,,,,,,,,
472.29162783300853,absorbing,,,,,,,R,2,2,1483,1534,36,72,108,10,0,0,0.03507620800519362,0.03331916699244175,0.06839537499763537,0.06907225000031758,19500,15040,64,32,False,False,False,False,15040,32,False,512,0.0006,128,5144,8,total_elems,19500,15040,1,1,,,,0.0,32,4,15040,998,222,56,,,,,,,,,,,,,,,,,,,,,,,,,,,,,,,,,,,,,,,,,,,,,,,
472.4322280000051,absorbing,,,,,,,R,2,3,1483,1534,36,72,108,7,0,0,0.038138791991514154,0.03498487500473857,0.07312366699625272,0.07390316699456889,29224,27100,64,32,False,False,False,False,27100,32,False,512,0.0006,128,5144,8,total_elems,29224,27100,1,1,,,,0.0,32,4,27100,1186,222,56,,,,,,,,,,,,,,,,,,,,,,,,,,,,,,,,,,,,,,,,,,,,,,,
472.58482862501114,absorbing,,,,,,,L,3,3,1483,1534,36,72,108,14,0,0,0.041830916990875266,0.0424242500012042,0.08425516699207947,0.08492770799784921,42528,53592,64,64,False,False,False,False,42528,64,False,512,0.0006,128,5144,8,total_elems,42528,53592,1,1,,,,0.0,64,4,42528,1390,222,56,,,,,,,,,,,,,,,,,,,,,,,,,,,,,,,,,,,,,,,,,,,,,,,
472.7601237080089,absorbing,,,,,,,L,4,3,1483,1534,36,72,108,11,0,0,0.058331874999566935,0.0493046659976244,0.10763654099719133,0.10833608300890774,69064,78848,64,64,False,False,False,False,69064,64,False,512,0.0006,128,5144,8,total_elems,69064,78848,1,1,,,,0.0,64,4,69064,1662,222,56,,,,,,,,,,,,,,,,,,,,,,,,,,,,,,,,,,,,,,,,,,,,,,,
472.96837625000626,absorbing,,,,,,,L,5,3,1483,1534,36,72,108,9,0,0,0.07200204199762084,0.06720354199933354,0.13920558399695437,0.13992791700002272,116512,128552,128,128,False,False,False,False,116512,128,False,512,0.0006,128,5144,8,total_elems,116512,128552,1,1,,,,0.0,128,4,116512,2086,222,56,,,,,,,,,,,,,,,,,,,,,,,,,,,,,,,,,,,,,,,,,,,,,,,
473.2651804160123,absorbing,,,,,,,L,6,3,1483,1534,37,72,109,8,1,1,0.12427345900505316,0.10438925000198651,0.22866270900703967,0.22935387499455828,206784,222592,128,128,False,False,False,False,206784,128,False,512,0.0006,128,5144,8,total_elems,206784,222592,1,1,,,,0.0,128,4,206784,2556,222,56,,,,,,,,,,,,,,,,,,,,,,,,,,,,,,,,,,,,,,,,,,,,,,,
473.69190637501015,absorbing,,,,,,,R,6,4,1483,1534,37,72,109,7,0,1,0.1953270829981193,0.1642194590094732,0.3595465420075925,0.36035979200096335,404496,361248,256,128,False,False,False,False,361248,128,False,512,0.0006,128,5144,8,total_elems,404496,361248,1,1,,,,0.0,128,4,361248,3254,222,56,,,,,,,,,,,,,,,,,,,,,,,,,,,,,,,,,,,,,,,,,,,,,,,
478.83370570800616,unswapping,,,,,,,,,,,,,,,,,,,,,,,,,,,,,,,,,,,,,,,,,,,,,,,256,4,504800,3516,222,56,0,both,0,28,28,3,3,,,,,0,,,,,,,,,,,,,,,,,,,,,,,,,,,,,,,,,,,
480.37892004101013,unswapping,,,,,,,,,,,,,,,,,,,,,,,,,,,,,,,,,,,,,,,,,,,,,,,128,4,290848,2704,222,56,0,both,1,27,27,10,13,,,,,0,,,,,,,,,,,,,,,,,,,,,,,,,,,,,,,,,,,
480.9398430410074,unswapping,,,,,,,,,,,,,,,,,,,,,,,,,,,,,,,,,,,,,,,,,,,,,,,128,4,221592,2336,222,56,0,left,0,28,28,9,22,,,,,18,,,,,,,,,,,,,,,,,,,,,,,,,,,,,,,,,,,
481.2991902500071,unswapping,,,,,,,,,,,,,,,,,,,,,,,,,,,,,,,,,,,,,,,,,,,,,,,128,4,212768,2198,222,56,0,left,1,27,27,11,33,,,,,40,,,,,,,,,,,,,,,,,,,,,,,,,,,,,,,,,,,
481.73125979100587,unswapping,,,,,,,,,,,,,,,,,,,,,,,,,,,,,,,,,,,,,,,,,,,,,,,128,4,199128,2016,222,56,0,right,0,28,28,6,39,,,,,52,,,,,,,,,,,,,,,,,,,,,,,,,,,,,,,,,,,
482.0606240410125,unswapping,,,,,,,,,,,,,,,,,,,,,,,,,,,,,,,,,,,,,,,,,,,,,,,128,4,149548,1758,222,56,0,right,1,27,27,8,47,,,,,68,,,,,,,,,,,,,,,,,,,,,,,,,,,,,,,,,,,
482.60815937499865,unswapping,,,,,,,,,,,,,,,,,,,,,,,,,,,,,,,,,,,,,,,,,,,,,,,128,4,146940,1722,222,56,1,both,0,28,28,2,2,,,,,72,,,,,,,,,,,,,,,,,,,,,,,,,,,,,,,,,,,
483.05567320800037,unswapping,,,,,,,,,,,,,,,,,,,,,,,,,,,,,,,,,,,,,,,,,,,,,,,128,4,146748,1714,222,56,1,both,1,27,27,1,3,,,,,74,,,,,,,,,,,,,,,,,,,,,,,,,,,,,,,,,,,
483.32777550000174,unswapping,,,,,,,,,,,,,,,,,,,,,,,,,,,,,,,,,,,,,,,,,,,,,,,128,4,145168,1670,222,56,1,left,0,28,28,5,8,,,,,82,,,,,,,,,,,,,,,,,,,,,,,,,,,,,,,,,,,
483.5600367080042,unswapping,,,,,,,,,,,,,,,,,,,,,,,,,,,,,,,,,,,,,,,,,,,,,,,128,4,142160,1622,222,56,1,left,1,27,27,3,11,,,,,86,,,,,,,,,,,,,,,,,,,,,,,,,,,,,,,,,,,
483.82298362501024,unswapping,,,,,,,,,,,,,,,,,,,,,,,,,,,,,,,,,,,,,,,,,,,,,,,128,4,141844,1600,222,56,1,right,0,28,28,3,14,,,,,92,,,,,,,,,,,,,,,,,,,,,,,,,,,,,,,,,,,
484.05478679100634,unswapping,,,,,,,,,,,,,,,,,,,,,,,,,,,,,,,,,,,,,,,,,,,,,,,128,4,135956,1536,222,56,1,right,1,27,27,2,16,,,,,96,,,,,,,,,,,,,,,,,,,,,,,,,,,,,,,,,,,
484.55157683300786,unswapping,,,,,,,,,,,,,,,,,,,,,,,,,,,,,,,,,,,,,,,,,,,,,,,128,4,127188,1436,222,56,2,both,0,28,28,4,4,,,,,100,,,,,,,,,,,,,,,,,,,,,,,,,,,,,,,,,,,
484.9923706660047,unswapping,,,,,,,,,,,,,,,,,,,,,,,,,,,,,,,,,,,,,,,,,,,,,,,128,4,106360,1314,222,56,2,both,1,27,27,5,9,,,,,110,,,,,,,,,,,,,,,,,,,,,,,,,,,,,,,,,,,
485.2510518330091,unswapping,,,,,,,,,,,,,,,,,,,,,,,,,,,,,,,,,,,,,,,,,,,,,,,128,4,105672,1308,222,56,2,left,0,28,28,2,11,,,,,114,,,,,,,,,,,,,,,,,,,,,,,,,,,,,,,,,,,
485.43039662500087,unswapping,,,,,,,,,,,,,,,,,,,,,,,,,,,,,,,,,,,,,,,,,,,,,,,126,4,64536,1172,222,56,2,left,1,27,27,2,13,,,,,118,,,,,,,,,,,,,,,,,,,,,,,,,,,,,,,,,,,
485.54595116600103,unswapping,,,,,,,,,,,,,,,,,,,,,,,,,,,,,,,,,,,,,,,,,,,,,,,125,4,63440,1136,222,56,2,right,0,28,28,3,16,,,,,124,,,,,,,,,,,,,,,,,,,,,,,,,,,,,,,,,,,
485.6896423330036,unswapping,,,,,,,,,,,,,,,,,,,,,,,,,,,,,,,,,,,,,,,,,,,,,,,124,4,46208,1080,222,56,2,right,1,27,27,1,17,,,,,124,,,,,,,,,,,,,,,,,,,,,,,,,,,,,,,,,,,
485.8739540000097,unswapping,,,,,,,,,,,,,,,,,,,,,,,,,,,,,,,,,,,,,,,,,,,,,,,122,4,38736,1018,222,56,3,both,0,28,28,2,2,,,,,128,,,,,,,,,,,,,,,,,,,,,,,,,,,,,,,,,,,
485.9778219160071,unswapping,,,,,,,,,,,,,,,,,,,,,,,,,,,,,,,,,,,,,,,,,,,,,,,122,4,38736,1018,222,56,3,both,1,27,27,0,2,,,,,128,,,,,,,,,,,,,,,,,,,,,,,,,,,,,,,,,,,
486.069117416002,unswapping,,,,,,,,,,,,,,,,,,,,,,,,,,,,,,,,,,,,,,,,,,,,,,,121,4,38480,1016,222,56,3,left,0,28,28,1,3,,,,,130,,,,,,,,,,,,,,,,,,,,,,,,,,,,,,,,,,,
486.11957708300906,unswapping,,,,,,,,,,,,,,,,,,,,,,,,,,,,,,,,,,,,,,,,,,,,,,,121,4,38480,1016,222,56,3,left,1,27,27,0,3,,,,,130,,,,,,,,,,,,,,,,,,,,,,,,,,,,,,,,,,,
486.20165737500065,unswapping,,,,,,,,,,,,,,,,,,,,,,,,,,,,,,,,,,,,,,,,,,,,,,,120,4,38224,1014,222,56,3,right,0,28,28,1,4,,,,,128,,,,,,,,,,,,,,,,,,,,,,,,,,,,,,,,,,,
486.2556032499997,unswapping,,,,,,,,,,,,,,,,,,,,,,,,,,,,,,,,,,,,,,,,,,,,,,,120,4,38224,1014,222,56,3,right,1,27,27,0,4,,,,,128,,,,,,,,,,,,,,,,,,,,,,,,,,,,,,,,,,,
486.4299676660012,unswapping,,,,,,,,,,,,,,,,,,,,,,,,,,,,,,,,,,,,,,,,,,,,,,,119,4,37968,1012,222,56,4,both,0,28,28,1,1,,,,,128,,,,,,,,,,,,,,,,,,,,,,,,,,,,,,,,,,,
486.53235737500654,unswapping,,,,,,,,,,,,,,,,,,,,,,,,,,,,,,,,,,,,,,,,,,,,,,,119,4,37968,1012,222,56,4,both,1,27,27,0,1,,,,,128,,,,,,,,,,,,,,,,,,,,,,,,,,,,,,,,,,,
486.58055199999944,unswapping,,,,,,,,,,,,,,,,,,,,,,,,,,,,,,,,,,,,,,,,,,,,,,,119,4,37968,1012,222,56,4,left,0,28,28,0,1,,,,,128,,,,,,,,,,,,,,,,,,,,,,,,,,,,,,,,,,,
486.6302614580054,unswapping,,,,,,,,,,,,,,,,,,,,,,,,,,,,,,,,,,,,,,,,,,,,,,,119,4,37968,1012,222,56,4,left,1,27,27,0,1,,,,,128,,,,,,,,,,,,,,,,,,,,,,,,,,,,,,,,,,,
486.6740598750039,unswapping,,,,,,,,,,,,,,,,,,,,,,,,,,,,,,,,,,,,,,,,,,,,,,,119,4,37968,1012,222,56,4,right,0,28,28,0,1,,,,,128,,,,,,,,,,,,,,,,,,,,,,,,,,,,,,,,,,,
486.7275023750117,unswapping,,,,,,,,,,,,,,,,,,,,,,,,,,,,,,,,,,,,,,,,,,,,,,,119,4,37968,1012,222,56,4,right,1,27,27,0,1,,,,,128,,,,,,,,,,,,,,,,,,,,,,,,,,,,,,,,,,,
486.90022700000554,unswapping,,,,,,,,,,,,,,,,,,,,,,,,,,,,,,,,,,,,,,,,,,,,,,,118,4,37712,1010,222,56,5,both,0,28,28,1,1,,,,,128,,,,,,,,,,,,,,,,,,,,,,,,,,,,,,,,,,,
487.06403429100465,unswapping,,,,,,,,,,,,,,,,,,,,,,,,,,,,,,,,,,,,,,,,,,,,,,,116,4,36704,1004,222,56,5,both,1,27,27,1,2,,,,,130,,,,,,,,,,,,,,,,,,,,,,,,,,,,,,,,,,,
487.15084595800727,unswapping,,,,,,,,,,,,,,,,,,,,,,,,,,,,,,,,,,,,,,,,,,,,,,,64,4,23600,900,222,56,5,left,0,28,28,1,3,,,,,130,,,,,,,,,,,,,,,,,,,,,,,,,,,,,,,,,,,
487.22471729099925,unswapping,,,,,,,,,,,,,,,,,,,,,,,,,,,,,,,,,,,,,,,,,,,,,,,64,4,18480,868,222,56,5,left,1,27,27,1,4,,,,,132,,,,,,,,,,,,,,,,,,,,,,,,,,,,,,,,,,,
487.28730158301187,unswapping,,,,,,,,,,,,,,,,,,,,,,,,,,,,,,,,,,,,,,,,,,,,,,,31,4,9832,776,222,56,5,right,0,28,28,1,5,,,,,134,,,,,,,,,,,,,,,,,,,,,,,,,,,,,,,,,,,
487.3374823750055,unswapping,,,,,,,,,,,,,,,,,,,,,,,,,,,,,,,,,,,,,,,,,,,,,,,30,4,9544,772,222,56,5,right,1,27,27,1,6,,,,,136,,,,,,,,,,,,,,,,,,,,,,,,,,,,,,,,,,,
487.3973857079982,unswapping,,,,,,,,,,,,,,,,,,,,,,,,,,,,,,,,,,,,,,,,,,,,,,,30,4,9544,772,222,56,6,both,0,28,28,0,0,,,,,136,,,,,,,,,,,,,,,,,,,,,,,,,,,,,,,,,,,
487.45647870800167,unswapping,,,,,,,,,,,,,,,,,,,,,,,,,,,,,,,,,,,,,,,,,,,,,,,30,4,9544,772,222,56,6,both,1,27,27,0,0,,,,,136,,,,,,,,,,,,,,,,,,,,,,,,,,,,,,,,,,,
487.51070808300574,unswapping,,,,,,,,,,,,,,,,,,,,,,,,,,,,,,,,,,,,,,,,,,,,,,,30,4,8776,756,222,56,6,left,0,28,28,1,1,,,,,138,,,,,,,,,,,,,,,,,,,,,,,,,,,,,,,,,,,
487.53871304100903,unswapping,,,,,,,,,,,,,,,,,,,,,,,,,,,,,,,,,,,,,,,,,,,,,,,30,4,8776,756,222,56,6,left,1,27,27,0,1,,,,,138,,,,,,,,,,,,,,,,,,,,,,,,,,,,,,,,,,,
487.569207833003,unswapping,,,,,,,,,,,,,,,,,,,,,,,,,,,,,,,,,,,,,,,,,,,,,,,30,4,8776,756,222,56,6,right,0,28,28,0,1,,,,,138,,,,,,,,,,,,,,,,,,,,,,,,,,,,,,,,,,,
487.59636833300465,unswapping,,,,,,,,,,,,,,,,,,,,,,,,,,,,,,,,,,,,,,,,,,,,,,,30,4,8776,756,222,56,6,right,1,27,27,0,1,,,,,138,,,,,,,,,,,,,,,,,,,,,,,,,,,,,,,,,,,
487.65658575001,unswapping,,,,,,,,,,,,,,,,,,,,,,,,,,,,,,,,,,,,,,,,,,,,,,,30,4,8776,756,222,56,7,both,0,28,28,0,0,,,,,138,,,,,,,,,,,,,,,,,,,,,,,,,,,,,,,,,,,
487.71051525000075,unswapping,,,,,,,,,,,,,,,,,,,,,,,,,,,,,,,,,,,,,,,,,,,,,,,30,4,8776,756,222,56,7,both,1,27,27,0,0,,,,,138,,,,,,,,,,,,,,,,,,,,,,,,,,,,,,,,,,,
487.7414579160104,unswapping,,,,,,,,,,,,,,,,,,,,,,,,,,,,,,,,,,,,,,,,,,,,,,,30,4,8776,756,222,56,7,left,0,28,28,0,0,,,,,138,,,,,,,,,,,,,,,,,,,,,,,,,,,,,,,,,,,
487.76931641600095,unswapping,,,,,,,,,,,,,,,,,,,,,,,,,,,,,,,,,,,,,,,,,,,,,,,30,4,8776,756,222,56,7,left,1,27,27,0,0,,,,,138,,,,,,,,,,,,,,,,,,,,,,,,,,,,,,,,,,,
487.8000176659989,unswapping,,,,,,,,,,,,,,,,,,,,,,,,,,,,,,,,,,,,,,,,,,,,,,,30,4,8776,756,222,56,7,right,0,28,28,0,0,,,,,138,,,,,,,,,,,,,,,,,,,,,,,,,,,,,,,,,,,
487.82683916600945,unswapping,,,,,,,,,,,,,,,,,,,,,,,,,,,,,,,,,,,,,,,,,,,,,,,30,4,8776,756,222,56,7,right,1,27,27,0,0,,,,,138,,,,,,,,,,,,,,,,,,,,,,,,,,,,,,,,,,,
490.9451987909997,unswap_cycle_summary,,,,,,,,,,,,37,72,109,,,,,,,,,,,,,,,,,,,512,0.0006,,,,,,,,,,,,,30,4,8776,756,222,56,,,,,,,,,,,,,,,,,,,,33,13.251745292000123,109,1885,1776,1,False,,,,,,,,,,,,,,,,,,,,,
493.20913916600693,rewiring,left,post_unswap,2.197858958010329,1479,False,False,,,,,,,,,,,,,,,,,,,,,,,,,,,,,,,,,,,,,,,,,,,,,,,,,,,,,,,,,,,,,,,,,,33,,,,,,,20,False,1,1,none,0.0,123,2.1978488330059918,4.103945249997196,,,,,,,,,,,,
495.11482062500727,rewiring,right,post_unswap,1.9054259580007056,1532,False,False,,,,,,,,,,,,,,,,,,,,,,,,,,,,,,,,,,,,,,,,,,,,,,,,,,,,,,,,,,,,,,,,,,33,,,,,,,20,False,1,1,none,0.0,123,1.9054184170090593,4.103945249997196,,,,,,,,,,,,
495.24758325000585,cycle_progress,,,,,,,,,,,,37,72,109,,,,,,,,,,,,,,,,,,,512,0.0006,,5144,8,,,,,,,,,,30,4,8776,756,222,56,,,,,,,,,,,,,,,,,,,,33,,109,1885,1776,1,False,,,,,,,,,4.103945249997196,,,,,,,,,,,,
495.3855865000078,absorbing,,,,,,,L,1,0,1323,1437,37,72,109,14,0,0,0.03466233299695887,0.03212283299944829,0.06678516599640716,0.06770454101206269,8776,10196,30,30,False,False,False,False,8776,30,False,512,0.0006,128,8776,0,total_elems,8776,10196,1,1,,,,0.0,30,4,8776,756,222,56,,,,,,,,,,,,,,,,,,,,,,,,,,,,,,,,,,,,,,,,,,,,,,,
495.52252562501235,absorbing,,,,,,,R,1,1,1323,1437,37,72,109,10,0,0,0.03619095799513161,0.031539541989332065,0.06773049998446368,0.06839329200738575,15968,10196,32,30,False,False,False,False,10196,30,False,512,0.0006,128,8776,0,total_elems,15968,10196,1,1,,,,0.0,30,4,10196,842,222,56,,,,,,,,,,,,,,,,,,,,,,,,,,,,,,,,,,,,,,,,,,,,,,,
495.6626311250002,absorbing,,,,,,,L,2,1,1323,1437,37,72,109,13,0,0,0.034755457993014716,0.035116083003231324,0.06987154099624604,0.0705319580010837,17516,24776,32,64,False,False,False,False,17516,32,False,512,0.0006,128,8776,0,total_elems,17516,24776,1,1,,,,0.0,32,4,17516,1032,222,56,,,,,,,,,,,,,,,,,,,,,,,,,,,,,,,,,,,,,,,,,,,,,,,
495.8127861660032,absorbing,,,,,,,L,3,1,1323,1437,39,72,111,14,2,2,0.04391462499916088,0.037212582989013754,0.08112720798817463,0.08182666699576657,33988,34268,64,64,False,False,False,False,33988,64,False,512,0.0006,128,8776,0,total_elems,33988,34268,1,1,,,,0.0,64,4,33988,1350,222,56,,,,,,,,,,,,,,,,,,,,,,,,,,,,,,,,,,,,,,,,,,,,,,,
495.98644337500446,absorbing,,,,,,,R,3,2,1323,1437,39,72,111,10,0,2,0.05720599999767728,0.047107375008636154,0.10431337500631344,0.10504199999559205,73724,65932,64,64,False,False,False,False,65932,64,False,512,0.0006,128,8776,0,total_elems,73724,65932,1,1,,,,0.0,64,4,65932,1680,222,56,,,,,,,,,,,,,,,,,,,,,,,,,,,,,,,,,,,,,,,,,,,,,,,
496.2096216659993,absorbing,,,,,,,R,3,3,1323,1437,39,72,111,8,0,2,0.08624991700344253,0.06742270900576841,0.15367262600921094,0.15439816599246114,131076,97448,128,64,False,False,False,False,97448,64,False,512,0.0006,128,8776,0,total_elems,131076,97448,1,1,,,,0.0,64,4,97448,1946,222,56,,,,,,,,,,,,,,,,,,,,,,,,,,,,,,,,,,,,,,,,,,,,,,,
496.4738158750115,absorbing,,,,,,,R,3,4,1323,1437,39,72,111,8,0,2,0.11048891699465457,0.08461000000534113,0.1950989169999957,0.19584512499568518,183264,133896,128,64,False,False,False,False,133896,64,False,512,0.0006,128,8776,0,total_elems,183264,133896,1,1,,,,0.0,64,4,133896,2264,222,56,,,,,,,,,,,,,,,,,,,,,,,,,,,,,,,,,,,,,,,,,,,,,,,
496.81223058300384,absorbing,,,,,,,L,4,4,1323,1437,43,72,115,7,4,6,0.14755258300283458,0.12082691700197756,0.26837950000481214,0.2690711250033928,265984,279560,128,254,False,False,False,False,265984,128,False,512,0.0006,128,8776,0,total_elems,265984,279560,1,1,,,,0.0,128,4,265984,3028,222,56,,,,,,,,,,,,,,,,,,,,,,,,,,,,,,,,,,,,,,,,,,,,,,,
499.9034207910008,unswapping,,,,,,,,,,,,,,,,,,,,,,,,,,,,,,,,,,,,,,,,,,,,,,,256,4,588768,3912,222,56,0,both,0,28,28,4,4,,,,,0,,,,,,,,,,,,,,,,,,,,,,,,,,,,,,,,,,,
501.5665309580072,unswapping,,,,,,,,,,,,,,,,,,,,,,,,,,,,,,,,,,,,,,,,,,,,,,,128,4,288672,2746,222,56,0,both,1,27,27,10,14,,,,,0,,,,,,,,,,,,,,,,,,,,,,,,,,,,,,,,,,,
502.15267100000347,unswapping,,,,,,,,,,,,,,,,,,,,,,,,,,,,,,,,,,,,,,,,,,,,,,,128,4,205592,2302,222,56,0,left,0,28,28,11,25,,,,,22,,,,,,,,,,,,,,,,,,,,,,,,,,,,,,,,,,,
502.51838345800934,unswapping,,,,,,,,,,,,,,,,,,,,,,,,,,,,,,,,,,,,,,,,,,,,,,,128,4,143452,1900,222,56,0,left,1,27,27,16,41,,,,,54,,,,,,,,,,,,,,,,,,,,,,,,,,,,,,,,,,,
502.7473450410034,unswapping,,,,,,,,,,,,,,,,,,,,,,,,,,,,,,,,,,,,,,,,,,,,,,,128,4,128508,1670,222,56,0,right,0,28,28,11,52,,,,,56,,,,,,,,,,,,,,,,,,,,,,,,,,,,,,,,,,,
502.99557875000755,unswapping,,,,,,,,,,,,,,,,,,,,,,,,,,,,,,,,,,,,,,,,,,,,,,,102,4,60136,1422,222,56,0,right,1,27,27,5,57,,,,,58,,,,,,,,,,,,,,,,,,,,,,,,,,,,,,,,,,,
503.23489150000387,unswapping,,,,,,,,,,,,,,,,,,,,,,,,,,,,,,,,,,,,,,,,,,,,,,,32,4,28884,1118,222,56,1,both,0,28,28,7,7,,,,,74,,,,,,,,,,,,,,,,,,,,,,,,,,,,,,,,,,,
503.4098912910122,unswapping,,,,,,,,,,,,,,,,,,,,,,,,,,,,,,,,,,,,,,,,,,,,,,,32,4,23496,1036,222,56,1,both,1,27,27,3,10,,,,,78,,,,,,,,,,,,,,,,,,,,,,,,,,,,,,,,,,,
503.4757630410022,unswapping,,,,,,,,,,,,,,,,,,,,,,,,,,,,,,,,,,,,,,,,,,,,,,,32,4,23112,1020,222,56,1,left,0,28,28,1,11,,,,,80,,,,,,,,,,,,,,,,,,,,,,,,,,,,,,,,,,,
503.54557645801106,unswapping,,,,,,,,,,,,,,,,,,,,,,,,,,,,,,,,,,,,,,,,,,,,,,,32,4,22728,1008,222,56,1,left,1,27,27,1,12,,,,,80,,,,,,,,,,,,,,,,,,,,,,,,,,,,,,,,,,,
503.62181454100937,unswapping,,,,,,,,,,,,,,,,,,,,,,,,,,,,,,,,,,,,,,,,,,,,,,,32,4,21372,970,222,56,1,right,0,28,28,4,16,,,,,82,,,,,,,,,,,,,,,,,,,,,,,,,,,,,,,,,,,
503.7050247910083,unswapping,,,,,,,,,,,,,,,,,,,,,,,,,,,,,,,,,,,,,,,,,,,,,,,32,4,16436,924,222,56,1,right,1,27,27,3,19,,,,,86,,,,,,,,,,,,,,,,,,,,,,,,,,,,,,,,,,,
503.83099220800796,unswapping,,,,,,,,,,,,,,,,,,,,,,,,,,,,,,,,,,,,,,,,,,,,,,,32,4,15496,904,222,56,2,both,0,28,28,2,2,,,,,90,,,,,,,,,,,,,,,,,,,,,,,,,,,,,,,,,,,
503.90835454101034,unswapping,,,,,,,,,,,,,,,,,,,,,,,,,,,,,,,,,,,,,,,,,,,,,,,32,4,15496,904,222,56,2,both,1,27,27,0,2,,,,,90,,,,,,,,,,,,,,,,,,,,,,,,,,,,,,,,,,,
503.94135062499845,unswapping,,,,,,,,,,,,,,,,,,,,,,,,,,,,,,,,,,,,,,,,,,,,,,,32,4,15496,904,222,56,2,left,0,28,28,0,2,,,,,90,,,,,,,,,,,,,,,,,,,,,,,,,,,,,,,,,,,
503.9781421660009,unswapping,,,,,,,,,,,,,,,,,,,,,,,,,,,,,,,,,,,,,,,,,,,,,,,32,4,15496,904,222,56,2,left,1,27,27,0,2,,,,,90,,,,,,,,,,,,,,,,,,,,,,,,,,,,,,,,,,,
504.03338183301094,unswapping,,,,,,,,,,,,,,,,,,,,,,,,,,,,,,,,,,,,,,,,,,,,,,,32,4,15424,898,222,56,2,right,0,28,28,1,3,,,,,92,,,,,,,,,,,,,,,,,,,,,,,,,,,,,,,,,,,
504.0703615000093,unswapping,,,,,,,,,,,,,,,,,,,,,,,,,,,,,,,,,,,,,,,,,,,,,,,32,4,15424,898,222,56,2,right,1,27,27,0,3,,,,,92,,,,,,,,,,,,,,,,,,,,,,,,,,,,,,,,,,,
504.1355464160006,unswapping,,,,,,,,,,,,,,,,,,,,,,,,,,,,,,,,,,,,,,,,,,,,,,,32,4,15424,898,222,56,3,both,0,28,28,0,0,,,,,92,,,,,,,,,,,,,,,,,,,,,,,,,,,,,,,,,,,
504.212658000004,unswapping,,,,,,,,,,,,,,,,,,,,,,,,,,,,,,,,,,,,,,,,,,,,,,,32,4,15424,898,222,56,3,both,1,27,27,0,0,,,,,92,,,,,,,,,,,,,,,,,,,,,,,,,,,,,,,,,,,
504.24508908300777,unswapping,,,,,,,,,,,,,,,,,,,,,,,,,,,,,,,,,,,,,,,,,,,,,,,32,4,15424,898,222,56,3,left,0,28,28,0,0,,,,,92,,,,,,,,,,,,,,,,,,,,,,,,,,,,,,,,,,,
504.28198433300713,unswapping,,,,,,,,,,,,,,,,,,,,,,,,,,,,,,,,,,,,,,,,,,,,,,,32,4,15424,898,222,56,3,left,1,27,27,0,0,,,,,92,,,,,,,,,,,,,,,,,,,,,,,,,,,,,,,,,,,
504.3139238750009,unswapping,,,,,,,,,,,,,,,,,,,,,,,,,,,,,,,,,,,,,,,,,,,,,,,32,4,15424,898,222,56,3,right,0,28,28,0,0,,,,,92,,,,,,,,,,,,,,,,,,,,,,,,,,,,,,,,,,,
504.3504995000112,unswapping,,,,,,,,,,,,,,,,,,,,,,,,,,,,,,,,,,,,,,,,,,,,,,,32,4,15424,898,222,56,3,right,1,27,27,0,0,,,,,92,,,,,,,,,,,,,,,,,,,,,,,,,,,,,,,,,,,
505.96719408300123,unswap_cycle_summary,,,,,,,,,,,,43,72,115,,,,,,,,,,,,,,,,,,,512,0.0006,,,,,,,,,,,,,32,4,15424,898,222,56,,,,,,,,,,,,,,,,,,,,34,7.0069039999943925,115,1885,1770,6,False,,,,,,,,,,,,,,,,,,,,,
507.7096571660077,rewiring,left,post_unswap,1.674427125006332,1321,False,False,,,,,,,,,,,,,,,,,,,,,,,,,,,,,,,,,,,,,,,,,,,,,,,,,,,,,,,,,,,,,,,,,,34,,,,,,,20,False,6,1,none,0.0,123,1.6744210420001764,3.5656078329921,,,,,,,,,,,,
509.6005137500033,rewiring,right,post_unswap,1.8905794580059592,1435,False,False,,,,,,,,,,,,,,,,,,,,,,,,,,,,,,,,,,,,,,,,,,,,,,,,,,,,,,,,,,,,,,,,,,34,,,,,,,20,False,6,1,none,0.0,123,1.89057254200452,3.5656078329921,,,,,,,,,,,,
509.7359553330025,cycle_progress,,,,,,,,,,,,43,72,115,,,,,,,,,,,,,,,,,,,512,0.0006,,8776,0,,,,,,,,,,32,4,15424,898,222,56,,,,,,,,,,,,,,,,,,,,34,,115,1885,1770,6,False,,,,,,,,,3.5656078329921,,,,,,,,,,,,
509.88255570801266,absorbing,,,,,,,L,1,0,1560,1507,47,72,119,12,4,4,0.03834041699883528,0.036889584007440135,0.07523000100627542,0.07613266599946655,15424,20148,32,32,False,False,False,False,15424,32,False,512,0.0006,128,15424,0,total_elems,15424,20148,1,1,,,,0.0,32,4,15424,898,222,56,,,,,,,,,,,,,,,,,,,,,,,,,,,,,,,,,,,,,,,,,,,,,,,
510.0280455000029,absorbing,,,,,,,R,1,1,1560,1507,47,72,119,9,0,4,0.03958241699729115,0.03581741699599661,0.07539983399328776,0.07607666699914262,22904,20148,62,32,False,False,False,False,20148,32,False,512,0.0006,128,15424,0,total_elems,22904,20148,1,1,,,,0.0,32,4,20148,984,222,56,,,,,,,,,,,,,,,,,,,,,,,,,,,,,,,,,,,,,,,,,,,,,,,
510.1824107499997,absorbing,,,,,,,R,1,2,1560,1507,47,72,119,11,0,4,0.04488808299356606,0.038663375002215616,0.08355145799578167,0.08419537500594743,29808,29568,62,64,False,False,False,False,29568,64,False,512,0.0006,128,15424,0,total_elems,29808,29568,1,1,,,,0.0,64,4,29568,1174,222,56,,,,,,,,,,,,,,,,,,,,,,,,,,,,,,,,,,,,,,,,,,,,,,,
510.34265700000105,absorbing,,,,,,,L,2,2,1560,1507,48,72,120,10,1,5,0.04742133400577586,0.0416327499988256,0.08905408400460146,0.08975412500149105,34412,40828,62,64,False,False,False,False,34412,62,False,512,0.0006,128,15424,0,total_elems,34412,40828,1,1,,,,0.0,62,4,34412,1280,222,56,,,,,,,,,,,,,,,,,,,,,,,,,,,,,,,,,,,,,,,,,,,,,,,
510.5021617080056,absorbing,,,,,,,R,2,3,1560,1507,48,72,120,9,0,5,0.04686012500314973,0.042071583986398764,0.0889317089895485,0.08961679200001527,55568,42392,68,59,False,False,False,False,42392,59,False,512,0.0006,128,15424,0,total_elems,55568,42392,1,1,,,,0.0,59,4,42392,1472,222,56,,,,,,,,,,,,,,,,,,,,,,,,,,,,,,,,,,,,,,,,,,,,,,,
510.67101950000506,absorbing,,,,,,,L,3,3,1560,1507,48,72,120,11,0,5,0.049764416995458305,0.04809066699817777,0.09785508399363607,0.09856654200120829,60140,70496,66,64,False,False,False,False,60140,66,False,512,0.0006,128,15424,0,total_elems,60140,70496,1,1,,,,0.0,66,4,60140,1668,222,56,,,,,,,,,,,,,,,,,,,,,,,,,,,,,,,,,,,,,,,,,,,,,,,
510.8591424160113,absorbing,,,,,,,L,4,3,1560,1507,48,72,120,9,0,5,0.06418320900411345,0.05278295800962951,0.11696616701374296,0.11769445799291134,70584,89184,64,64,False,False,False,False,70584,64,False,512,0.0006,128,15424,0,total_elems,70584,89184,1,1,,,,0.0,64,4,70584,1834,222,56,,,,,,,,,,,,,,,,,,,,,,,,,,,,,,,,,,,,,,,,,,,,,,,
511.0701771250024,absorbing,,,,,,,R,4,4,1560,1507,48,73,121,8,1,6,0.07943208399228752,0.05919108400121331,0.13862316799350083,0.1393440840038238,150520,107448,128,64,False,False,False,False,107448,64,False,512,0.0006,128,15424,0,total_elems,150520,107448,1,1,,,,0.0,64,4,107448,2266,222,56,,,,,,,,,,,,,,,,,,,,,,,,,,,,,,,,,,,,,,,,,,,,,,,
511.3375695410068,absorbing,,,,,,,R,4,5,1560,1507,48,74,122,8,1,7,0.10557962498569395,0.0904954169964185,0.19607504198211245,0.19683279198943637,199992,191928,128,128,False,False,False,False,191928,128,False,512,0.0006,128,15424,0,total_elems,199992,191928,1,1,,,,0.0,128,4,191928,2754,222,56,,,,,,,,,,,,,,,,,,,,,,,,,,,,,,,,,,,,,,,,,,,,,,,
511.7077932079992,absorbing,,,,,,,L,5,5,1560,1507,49,74,123,8,1,8,0.13415429199812934,0.16594937499030493,0.30010366698843427,0.3007868340064306,276792,340664,128,128,False,False,False,False,276792,128,False,512,0.0006,128,15424,0,total_elems,276792,340664,1,1,,,,0.0,128,4,276792,3420,222,56,,,,,,,,,,,,,,,,,,,,,,,,,,,,,,,,,,,,,,,,,,,,,,,
512.1890331250033,absorbing,,,,,,,R,5,6,1560,1507,49,74,123,9,0,8,0.2192744589992799,0.18941875000018626,0.40869320899946615,0.40948429200216196,436920,425784,128,128,False,False,False,False,425784,128,False,512,0.0006,128,15424,0,total_elems,436920,425784,1,1,,,,0.0,128,4,425784,4000,222,56,,,,,,,,,,,,,,,,,,,,,,,,,,,,,,,,,,,,,,,,,,,,,,,
516.6285529160086,unswapping,,,,,,,,,,,,,,,,,,,,,,,,,,,,,,,,,,,,,,,,,,,,,,,256,4,628192,4364,222,56,0,both,0,28,28,5,5,,,,,0,,,,,,,,,,,,,,,,,,,,,,,,,,,,,,,,,,,
518.635005832999,unswapping,,,,,,,,,,,,,,,,,,,,,,,,,,,,,,,,,,,,,,,,,,,,,,,128,4,343600,3308,222,56,0,both,1,27,27,9,14,,,,,0,,,,,,,,,,,,,,,,,,,,,,,,,,,,,,,,,,,
519.2359307910083,unswapping,,,,,,,,,,,,,,,,,,,,,,,,,,,,,,,,,,,,,,,,,,,,,,,128,4,266200,2890,222,56,0,left,0,28,28,11,25,,,,,22,,,,,,,,,,,,,,,,,,,,,,,,,,,,,,,,,,,
519.6806637500122,unswapping,,,,,,,,,,,,,,,,,,,,,,,,,,,,,,,,,,,,,,,,,,,,,,,120,4,172288,2374,222,56,0,left,1,27,27,11,36,,,,,44,,,,,,,,,,,,,,,,,,,,,,,,,,,,,,,,,,,
519.9541407500074,unswapping,,,,,,,,,,,,,,,,,,,,,,,,,,,,,,,,,,,,,,,,,,,,,,,64,4,113788,1970,222,56,0,right,0,28,28,10,46,,,,,60,,,,,,,,,,,,,,,,,,,,,,,,,,,,,,,,,,,
520.1781682500005,unswapping,,,,,,,,,,,,,,,,,,,,,,,,,,,,,,,,,,,,,,,,,,,,,,,64,4,81764,1712,222,56,0,right,1,27,27,8,54,,,,,72,,,,,,,,,,,,,,,,,,,,,,,,,,,,,,,,,,,
520.4659373750037,unswapping,,,,,,,,,,,,,,,,,,,,,,,,,,,,,,,,,,,,,,,,,,,,,,,64,4,57180,1476,222,56,1,both,0,28,28,8,8,,,,,82,,,,,,,,,,,,,,,,,,,,,,,,,,,,,,,,,,,
520.7278235410049,unswapping,,,,,,,,,,,,,,,,,,,,,,,,,,,,,,,,,,,,,,,,,,,,,,,64,4,53376,1386,222,56,1,both,1,27,27,6,14,,,,,94,,,,,,,,,,,,,,,,,,,,,,,,,,,,,,,,,,,
520.8464958750119,unswapping,,,,,,,,,,,,,,,,,,,,,,,,,,,,,,,,,,,,,,,,,,,,,,,64,4,50228,1326,222,56,1,left,0,28,28,5,19,,,,,98,,,,,,,,,,,,,,,,,,,,,,,,,,,,,,,,,,,
520.9754725829989,unswapping,,,,,,,,,,,,,,,,,,,,,,,,,,,,,,,,,,,,,,,,,,,,,,,61,4,38660,1256,222,56,1,left,1,27,27,3,22,,,,,98,,,,,,,,,,,,,,,,,,,,,,,,,,,,,,,,,,,
521.0538808749989,unswapping,,,,,,,,,,,,,,,,,,,,,,,,,,,,,,,,,,,,,,,,,,,,,,,60,4,36992,1230,222,56,1,right,0,28,28,1,23,,,,,100,,,,,,,,,,,,,,,,,,,,,,,,,,,,,,,,,,,
521.158639375004,unswapping,,,,,,,,,,,,,,,,,,,,,,,,,,,,,,,,,,,,,,,,,,,,,,,59,4,34896,1186,222,56,1,right,1,27,27,4,27,,,,,100,,,,,,,,,,,,,,,,,,,,,,,,,,,,,,,,,,,
521.3257692080078,unswapping,,,,,,,,,,,,,,,,,,,,,,,,,,,,,,,,,,,,,,,,,,,,,,,32,4,28476,1088,222,56,2,both,0,28,28,7,7,,,,,106,,,,,,,,,,,,,,,,,,,,,,,,,,,,,,,,,,,
521.4943411249988,unswapping,,,,,,,,,,,,,,,,,,,,,,,,,,,,,,,,,,,,,,,,,,,,,,,32,4,28416,1082,222,56,2,both,1,27,27,2,9,,,,,110,,,,,,,,,,,,,,,,,,,,,,,,,,,,,,,,,,,
521.5658030830091,unswapping,,,,,,,,,,,,,,,,,,,,,,,,,,,,,,,,,,,,,,,,,,,,,,,32,4,28160,1074,222,56,2,left,0,28,28,1,10,,,,,108,,,,,,,,,,,,,,,,,,,,,,,,,,,,,,,,,,,
521.6161660830112,unswapping,,,,,,,,,,,,,,,,,,,,,,,,,,,,,,,,,,,,,,,,,,,,,,,32,4,28160,1074,222,56,2,left,1,27,27,0,10,,,,,108,,,,,,,,,,,,,,,,,,,,,,,,,,,,,,,,,,,
521.6876163330016,unswapping,,,,,,,,,,,,,,,,,,,,,,,,,,,,,,,,,,,,,,,,,,,,,,,32,4,25664,1048,222,56,2,right,0,28,28,1,11,,,,,110,,,,,,,,,,,,,,,,,,,,,,,,,,,,,,,,,,,
521.7559639160027,unswapping,,,,,,,,,,,,,,,,,,,,,,,,,,,,,,,,,,,,,,,,,,,,,,,32,4,25472,1040,222,56,2,right,1,27,27,1,12,,,,,112,,,,,,,,,,,,,,,,,,,,,,,,,,,,,,,,,,,
521.8964157080045,unswapping,,,,,,,,,,,,,,,,,,,,,,,,,,,,,,,,,,,,,,,,,,,,,,,32,4,25352,1030,222,56,3,both,0,28,28,1,1,,,,,110,,,,,,,,,,,,,,,,,,,,,,,,,,,,,,,,,,,
521.9922152500076,unswapping,,,,,,,,,,,,,,,,,,,,,,,,,,,,,,,,,,,,,,,,,,,,,,,32,4,25352,1030,222,56,3,both,1,27,27,0,1,,,,,110,,,,,,,,,,,,,,,,,,,,,,,,,,,,,,,,,,,
522.037035375004,unswapping,,,,,,,,,,,,,,,,,,,,,,,,,,,,,,,,,,,,,,,,,,,,,,,32,4,25352,1030,222,56,3,left,0,28,28,0,1,,,,,110,,,,,,,,,,,,,,,,,,,,,,,,,,,,,,,,,,,
522.0822388330125,unswapping,,,,,,,,,,,,,,,,,,,,,,,,,,,,,,,,,,,,,,,,,,,,,,,32,4,25352,1030,222,56,3,left,1,27,27,0,1,,,,,110,,,,,,,,,,,,,,,,,,,,,,,,,,,,,,,,,,,
522.1280528330099,unswapping,,,,,,,,,,,,,,,,,,,,,,,,,,,,,,,,,,,,,,,,,,,,,,,32,4,25352,1030,222,56,3,right,0,28,28,0,1,,,,,110,,,,,,,,,,,,,,,,,,,,,,,,,,,,,,,,,,,
522.1730968750053,unswapping,,,,,,,,,,,,,,,,,,,,,,,,,,,,,,,,,,,,,,,,,,,,,,,32,4,25352,1030,222,56,3,right,1,27,27,0,1,,,,,110,,,,,,,,,,,,,,,,,,,,,,,,,,,,,,,,,,,
522.2643246250082,unswapping,,,,,,,,,,,,,,,,,,,,,,,,,,,,,,,,,,,,,,,,,,,,,,,32,4,25352,1030,222,56,4,both,0,28,28,0,0,,,,,110,,,,,,,,,,,,,,,,,,,,,,,,,,,,,,,,,,,
522.3596103330055,unswapping,,,,,,,,,,,,,,,,,,,,,,,,,,,,,,,,,,,,,,,,,,,,,,,32,4,25352,1030,222,56,4,both,1,27,27,0,0,,,,,110,,,,,,,,,,,,,,,,,,,,,,,,,,,,,,,,,,,
522.4048057080072,unswapping,,,,,,,,,,,,,,,,,,,,,,,,,,,,,,,,,,,,,,,,,,,,,,,32,4,25352,1030,222,56,4,left,0,28,28,0,0,,,,,110,,,,,,,,,,,,,,,,,,,,,,,,,,,,,,,,,,,
522.4510483330087,unswapping,,,,,,,,,,,,,,,,,,,,,,,,,,,,,,,,,,,,,,,,,,,,,,,32,4,25352,1030,222,56,4,left,1,27,27,0,0,,,,,110,,,,,,,,,,,,,,,,,,,,,,,,,,,,,,,,,,,
522.4959314580046,unswapping,,,,,,,,,,,,,,,,,,,,,,,,,,,,,,,,,,,,,,,,,,,,,,,32,4,25352,1030,222,56,4,right,0,28,28,0,0,,,,,110,,,,,,,,,,,,,,,,,,,,,,,,,,,,,,,,,,,
522.5399682910065,unswapping,,,,,,,,,,,,,,,,,,,,,,,,,,,,,,,,,,,,,,,,,,,,,,,32,4,25352,1030,222,56,4,right,1,27,27,0,0,,,,,110,,,,,,,,,,,,,,,,,,,,,,,,,,,,,,,,,,,
524.6017132080015,unswap_cycle_summary,,,,,,,,,,,,49,74,123,,,,,,,,,,,,,,,,,,,512,0.0006,,,,,,,,,,,,,32,4,25352,1030,222,56,,,,,,,,,,,,,,,,,,,,35,9.542372209005407,123,1885,1762,8,False,,,,,,,,,,,,,,,,,,,,,
526.998555875005,rewiring,left,post_unswap,2.327115749998484,1557,False,False,,,,,,,,,,,,,,,,,,,,,,,,,,,,,,,,,,,,,,,,,,,,,,,,,,,,,,,,,,,,,,,,,,35,,,,,,,20,False,8,1,none,0.0,123,2.3271095840027556,3.7624050409940537,,,,,,,,,,,,
528.4335026250046,rewiring,right,post_unswap,1.4346842090017162,1503,False,False,,,,,,,,,,,,,,,,,,,,,,,,,,,,,,,,,,,,,,,,,,,,,,,,,,,,,,,,,,,,,,,,,,35,,,,,,,20,False,8,1,none,0.0,123,1.434678374993382,3.7624050409940537,,,,,,,,,,,,
528.5717867909989,cycle_progress,,,,,,,,,,,,49,74,123,,,,,,,,,,,,,,,,,,,512,0.0006,,15424,0,,,,,,,,,,32,4,25352,1030,222,56,,,,,,,,,,,,,,,,,,,,35,,123,1885,1762,8,False,,,,,,,,,3.7624050409940537,,,,,,,,,,,,
528.7206682910037,absorbing,,,,,,,L,1,0,1461,1636,50,74,124,16,1,1,0.04003329199622385,0.03606425000180025,0.0760975419980241,0.07707754100556485,25352,27564,32,32,False,False,False,False,25352,32,False,512,0.0006,128,25352,0,total_elems,25352,27564,1,1,,,,0.0,32,4,25352,1030,222,56,,,,,,,,,,,,,,,,,,,,,,,,,,,,,,,,,,,,,,,,,,,,,,,
528.8707733750052,absorbing,,,,,,,R,1,1,1461,1636,50,74,124,10,0,1,0.04304641700582579,0.0349327499861829,0.07797916699200869,0.07865341700380668,29020,27564,32,32,False,False,False,False,27564,32,False,512,0.0006,128,25352,0,total_elems,29020,27564,1,1,,,,0.0,32,4,27564,1112,222,56,,,,,,,,,,,,,,,,,,,,,,,,,,,,,,,,,,,,,,,,,,,,,,,
529.0236237500067,absorbing,,,,,,,R,1,2,1461,1636,50,74,124,9,0,1,0.04404308399534784,0.0358857090031961,0.07992879299854394,0.08058662500116043,31012,30720,32,32,False,False,False,False,30720,32,False,512,0.0006,128,25352,0,total_elems,31012,30720,1,1,,,,0.0,32,4,30720,1236,222,56,,,,,,,,,,,,,,,,,,,,,,,,,,,,,,,,,,,,,,,,,,,,,,,
529.1807380829996,absorbing,,,,,,,L,2,2,1461,1636,52,74,126,17,2,3,0.04529366698989179,0.03881529199134093,0.08410895898123272,0.08482499999809079,34848,36988,32,32,False,False,False,False,34848,32,False,512,0.0006,128,25352,0,total_elems,34848,36988,1,1,,,,0.0,32,4,34848,1384,222,56,,,,,,,,,,,,,,,,,,,,,,,,,,,,,,,,,,,,,,,,,,,,,,,
529.3352717080124,absorbing,,,,,,,R,2,3,1461,1636,52,74,126,11,0,3,0.04305783299787436,0.03919316599785816,0.08225099899573252,0.08292416599579155,55168,46168,64,64,False,False,False,False,46168,64,False,512,0.0006,128,25352,0,total_elems,55168,46168,1,1,,,,0.0,64,4,46168,1620,222,56,,,,,,,,,,,,,,,,,,,,,,,,,,,,,,,,,,,,,,,,,,,,,,,
529.505486375012,absorbing,,,,,,,L,3,3,1461,1636,52,74,126,13,0,3,0.04816824999579694,0.04960862500593066,0.0977768750017276,0.09847545900265686,69976,70552,64,64,False,False,False,False,69976,64,False,512,0.0006,128,25352,0,total_elems,69976,70552,1,1,,,,0.0,64,4,69976,2032,222,56,,,,,,,,,,,,,,,,,,,,,,,,,,,,,,,,,,,,,,,,,,,,,,,
529.7039584160084,absorbing,,,,,,,L,4,3,1461,1636,52,74,126,13,0,3,0.06303004200162832,0.062455167004372925,0.12548520900600124,0.1262025000032736,107292,117040,64,64,False,False,False,False,107292,64,False,512,0.0006,128,25352,0,total_elems,107292,117040,1,1,,,,0.0,64,4,107292,2344,222,56,,,,,,,,,,,,,,,,,,,,,,,,,,,,,,,,,,,,,,,,,,,,,,,
529.9466697910102,absorbing,,,,,,,L,5,3,1461,1636,52,74,126,8,0,3,0.07379287500225473,0.09479750000173226,0.168590375003987,0.16931362499599345,152896,233552,64,256,False,False,False,False,152896,64,False,512,0.0006,128,25352,0,total_elems,152896,233552,1,1,,,,0.0,64,4,152896,2916,222,56,,,,,,,,,,,,,,,,,,,,,,,,,,,,,,,,,,,,,,,,,,,,,,,
530.2361013330083,absorbing,,,,,,,L,6,3,1461,1636,52,74,126,6,0,3,0.09839712500979658,0.11828841600799933,0.2166855410177959,0.2174372909939848,216008,313744,64,256,False,False,False,False,216008,64,False,512,0.0006,128,25352,0,total_elems,216008,313744,1,1,,,,0.0,64,4,216008,3260,222,56,,,,,,,,,,,,,,,,,,,,,,,,,,,,,,,,,,,,,,,,,,,,,,,
530.603923540999,absorbing,,,,,,,L,7,3,1461,1636,53,74,127,5,1,4,0.1438046669936739,0.15119654200680088,0.2950012090004748,0.2957272089988692,274252,385472,128,256,False,False,False,False,274252,128,False,512,0.0006,128,25352,0,total_elems,274252,385472,1,1,,,,0.0,128,4,274252,3576,222,56,,,,,,,,,,,,,,,,,,,,,,,,,,,,,,,,,,,,,,,,,,,,,,,
532.0877765410114,unswapping,,,,,,,,,,,,,,,,,,,,,,,,,,,,,,,,,,,,,,,,,,,,,,,208,4,331208,3772,222,56,0,both,0,28,28,4,4,,,,,0,,,,,,,,,,,,,,,,,,,,,,,,,,,,,,,,,,,
532.9420630410023,unswapping,,,,,,,,,,,,,,,,,,,,,,,,,,,,,,,,,,,,,,,,,,,,,,,64,4,154928,2686,222,56,0,both,1,27,27,14,18,,,,,0,,,,,,,,,,,,,,,,,,,,,,,,,,,,,,,,,,,
533.1811377910053,unswapping,,,,,,,,,,,,,,,,,,,,,,,,,,,,,,,,,,,,,,,,,,,,,,,64,4,107992,2228,222,56,0,left,0,28,28,12,30,,,,,24,,,,,,,,,,,,,,,,,,,,,,,,,,,,,,,,,,,
533.3990914160095,unswapping,,,,,,,,,,,,,,,,,,,,,,,,,,,,,,,,,,,,,,,,,,,,,,,64,4,70360,1862,222,56,0,left,1,27,27,10,40,,,,,44,,,,,,,,,,,,,,,,,,,,,,,,,,,,,,,,,,,
533.5316726250021,unswapping,,,,,,,,,,,,,,,,,,,,,,,,,,,,,,,,,,,,,,,,,,,,,,,64,4,58512,1630,222,56,0,right,0,28,28,10,50,,,,,52,,,,,,,,,,,,,,,,,,,,,,,,,,,,,,,,,,,
533.6469191659999,unswapping,,,,,,,,,,,,,,,,,,,,,,,,,,,,,,,,,,,,,,,,,,,,,,,64,4,57312,1594,222,56,0,right,1,27,27,3,53,,,,,58,,,,,,,,,,,,,,,,,,,,,,,,,,,,,,,,,,,
533.8670436250104,unswapping,,,,,,,,,,,,,,,,,,,,,,,,,,,,,,,,,,,,,,,,,,,,,,,64,4,47796,1488,222,56,1,both,0,28,28,6,6,,,,,68,,,,,,,,,,,,,,,,,,,,,,,,,,,,,,,,,,,
534.0724419160106,unswapping,,,,,,,,,,,,,,,,,,,,,,,,,,,,,,,,,,,,,,,,,,,,,,,64,4,44496,1440,222,56,1,both,1,27,27,4,10,,,,,82,,,,,,,,,,,,,,,,,,,,,,,,,,,,,,,,,,,
534.1763810830016,unswapping,,,,,,,,,,,,,,,,,,,,,,,,,,,,,,,,,,,,,,,,,,,,,,,64,4,41544,1350,222,56,1,left,0,28,28,7,17,,,,,92,,,,,,,,,,,,,,,,,,,,,,,,,,,,,,,,,,,
534.2739947500086,unswapping,,,,,,,,,,,,,,,,,,,,,,,,,,,,,,,,,,,,,,,,,,,,,,,64,4,40984,1324,222,56,1,left,1,27,27,3,20,,,,,98,,,,,,,,,,,,,,,,,,,,,,,,,,,,,,,,,,,
534.367714625012,unswapping,,,,,,,,,,,,,,,,,,,,,,,,,,,,,,,,,,,,,,,,,,,,,,,64,4,39736,1292,222,56,1,right,0,28,28,2,22,,,,,100,,,,,,,,,,,,,,,,,,,,,,,,,,,,,,,,,,,
534.4493804580125,unswapping,,,,,,,,,,,,,,,,,,,,,,,,,,,,,,,,,,,,,,,,,,,,,,,64,4,37624,1260,222,56,1,right,1,27,27,3,25,,,,,100,,,,,,,,,,,,,,,,,,,,,,,,,,,,,,,,,,,
534.6254887079995,unswapping,,,,,,,,,,,,,,,,,,,,,,,,,,,,,,,,,,,,,,,,,,,,,,,64,4,35256,1212,222,56,2,both,0,28,28,5,5,,,,,108,,,,,,,,,,,,,,,,,,,,,,,,,,,,,,,,,,,
534.7928944580053,unswapping,,,,,,,,,,,,,,,,,,,,,,,,,,,,,,,,,,,,,,,,,,,,,,,64,4,30420,1124,222,56,2,both,1,27,27,6,11,,,,,120,,,,,,,,,,,,,,,,,,,,,,,,,,,,,,,,,,,
534.8753385000018,unswapping,,,,,,,,,,,,,,,,,,,,,,,,,,,,,,,,,,,,,,,,,,,,,,,64,4,24276,1060,222,56,2,left,0,28,28,3,14,,,,,124,,,,,,,,,,,,,,,,,,,,,,,,,,,,,,,,,,,
534.9402394159988,unswapping,,,,,,,,,,,,,,,,,,,,,,,,,,,,,,,,,,,,,,,,,,,,,,,32,4,15060,964,222,56,2,left,1,27,27,1,15,,,,,126,,,,,,,,,,,,,,,,,,,,,,,,,,,,,,,,,,,
534.996233333004,unswapping,,,,,,,,,,,,,,,,,,,,,,,,,,,,,,,,,,,,,,,,,,,,,,,32,4,14420,948,222,56,2,right,0,28,28,1,16,,,,,126,,,,,,,,,,,,,,,,,,,,,,,,,,,,,,,,,,,
535.0294520830066,unswapping,,,,,,,,,,,,,,,,,,,,,,,,,,,,,,,,,,,,,,,,,,,,,,,32,4,14420,948,222,56,2,right,1,27,27,0,16,,,,,126,,,,,,,,,,,,,,,,,,,,,,,,,,,,,,,,,,,
535.09334570801,unswapping,,,,,,,,,,,,,,,,,,,,,,,,,,,,,,,,,,,,,,,,,,,,,,,32,4,14420,948,222,56,3,both,0,28,28,0,0,,,,,126,,,,,,,,,,,,,,,,,,,,,,,,,,,,,,,,,,,
535.2077698750072,unswapping,,,,,,,,,,,,,,,,,,,,,,,,,,,,,,,,,,,,,,,,,,,,,,,32,4,14228,940,222,56,3,both,1,27,27,1,1,,,,,128,,,,,,,,,,,,,,,,,,,,,,,,,,,,,,,,,,,
535.2732328749989,unswapping,,,,,,,,,,,,,,,,,,,,,,,,,,,,,,,,,,,,,,,,,,,,,,,16,4,12644,904,222,56,3,left,0,28,28,2,3,,,,,132,,,,,,,,,,,,,,,,,,,,,,,,,,,,,,,,,,,
535.3050939579989,unswapping,,,,,,,,,,,,,,,,,,,,,,,,,,,,,,,,,,,,,,,,,,,,,,,16,4,12644,904,222,56,3,left,1,27,27,0,3,,,,,132,,,,,,,,,,,,,,,,,,,,,,,,,,,,,,,,,,,
535.3370334580104,unswapping,,,,,,,,,,,,,,,,,,,,,,,,,,,,,,,,,,,,,,,,,,,,,,,16,4,12644,904,222,56,3,right,0,28,28,0,3,,,,,132,,,,,,,,,,,,,,,,,,,,,,,,,,,,,,,,,,,
535.3681825000094,unswapping,,,,,,,,,,,,,,,,,,,,,,,,,,,,,,,,,,,,,,,,,,,,,,,16,4,12644,904,222,56,3,right,1,27,27,0,3,,,,,132,,,,,,,,,,,,,,,,,,,,,,,,,,,,,,,,,,,
535.4312143330026,unswapping,,,,,,,,,,,,,,,,,,,,,,,,,,,,,,,,,,,,,,,,,,,,,,,16,4,12644,904,222,56,4,both,0,28,28,0,0,,,,,132,,,,,,,,,,,,,,,,,,,,,,,,,,,,,,,,,,,
535.4975462500006,unswapping,,,,,,,,,,,,,,,,,,,,,,,,,,,,,,,,,,,,,,,,,,,,,,,16,4,12644,904,222,56,4,both,1,27,27,0,0,,,,,132,,,,,,,,,,,,,,,,,,,,,,,,,,,,,,,,,,,
535.528714583008,unswapping,,,,,,,,,,,,,,,,,,,,,,,,,,,,,,,,,,,,,,,,,,,,,,,16,4,12644,904,222,56,4,left,0,28,28,0,0,,,,,132,,,,,,,,,,,,,,,,,,,,,,,,,,,,,,,,,,,
535.5606307910057,unswapping,,,,,,,,,,,,,,,,,,,,,,,,,,,,,,,,,,,,,,,,,,,,,,,16,4,12644,904,222,56,4,left,1,27,27,0,0,,,,,132,,,,,,,,,,,,,,,,,,,,,,,,,,,,,,,,,,,
535.5918344579986,unswapping,,,,,,,,,,,,,,,,,,,,,,,,,,,,,,,,,,,,,,,,,,,,,,,16,4,12644,904,222,56,4,right,0,28,28,0,0,,,,,132,,,,,,,,,,,,,,,,,,,,,,,,,,,,,,,,,,,
535.6221320000041,unswapping,,,,,,,,,,,,,,,,,,,,,,,,,,,,,,,,,,,,,,,,,,,,,,,16,4,12644,904,222,56,4,right,1,27,27,0,0,,,,,132,,,,,,,,,,,,,,,,,,,,,,,,,,,,,,,,,,,
537.7345547910081,unswap_cycle_summary,,,,,,,,,,,,53,74,127,,,,,,,,,,,,,,,,,,,512,0.0006,,,,,,,,,,,,,16,4,12644,904,222,56,,,,,,,,,,,,,,,,,,,,36,4.617581458995119,127,1885,1758,4,False,,,,,,,,,,,,,,,,,,,,,
540.0885886660108,rewiring,left,post_unswap,2.282544917004998,1456,False,False,,,,,,,,,,,,,,,,,,,,,,,,,,,,,,,,,,,,,,,,,,,,,,,,,,,,,,,,,,,,,,,,,,36,,,,,,,20,False,4,1,none,0.0,123,2.2825384589959867,4.312494666999555,,,,,,,,,,,,
542.1181751250115,rewiring,right,post_unswap,2.0292987499997253,1635,False,False,,,,,,,,,,,,,,,,,,,,,,,,,,,,,,,,,,,,,,,,,,,,,,,,,,,,,,,,,,,,,,,,,,36,,,,,,,20,False,4,1,none,0.0,123,2.029293333995156,4.312494666999555,,,,,,,,,,,,
542.2644682910031,cycle_progress,,,,,,,,,,,,53,74,127,,,,,,,,,,,,,,,,,,,512,0.0006,,25352,0,,,,,,,,,,16,4,12644,904,222,56,,,,,,,,,,,,,,,,,,,,36,,127,1885,1758,4,False,,,,,,,,,4.312494666999555,,,,,,,,,,,,
542.408692625002,absorbing,,,,,,,L,1,0,1290,1595,54,74,128,14,1,1,0.034609166003065184,0.03255687499768101,0.06716604100074619,0.06808916600130033,12644,14668,16,16,False,False,False,False,12644,16,False,512,0.0006,128,12644,0,total_elems,12644,14668,1,1,,,,0.0,16,4,12644,904,222,56,,,,,,,,,,,,,,,,,,,,,,,,,,,,,,,,,,,,,,,,,,,,,,,
542.5519522079994,absorbing,,,,,,,R,1,1,1290,1595,54,74,128,9,0,1,0.03601562499534339,0.03305241600901354,0.06906804100435693,0.0697509580058977,16348,14668,32,16,False,False,False,False,14668,16,False,512,0.0006,128,12644,0,total_elems,16348,14668,1,1,,,,0.0,16,4,14668,980,222,56,,,,,,,,,,,,,,,,,,,,,,,,,,,,,,,,,,,,,,,,,,,,,,,
542.6951507080084,absorbing,,,,,,,L,2,1,1290,1595,54,74,128,11,0,1,0.035301625001011416,0.034762375013087876,0.07006400001409929,0.07072550000157207,17844,20864,32,32,False,False,False,False,17844,32,False,512,0.0006,128,12644,0,total_elems,17844,20864,1,1,,,,0.0,32,4,17844,1092,222,56,,,,,,,,,,,,,,,,,,,,,,,,,,,,,,,,,,,,,,,,,,,,,,,
542.8408458750055,absorbing,,,,,,,R,2,2,1290,1595,54,75,129,9,1,2,0.03602612500253599,0.034914042000309564,0.07094016700284556,0.07161425000231247,28152,24096,32,32,False,False,False,False,24096,32,False,512,0.0006,128,12644,0,total_elems,28152,24096,1,1,,,,0.0,32,4,24096,1244,222,56,,,,,,,,,,,,,,,,,,,,,,,,,,,,,,,,,,,,,,,,,,,,,,,
542.9897433330043,absorbing,,,,,,,L,3,2,1290,1595,54,75,129,10,0,2,0.03786620800383389,0.03671279099944513,0.07457899900327902,0.07524316699709743,33960,35584,32,64,False,False,False,False,33960,32,False,512,0.0006,128,12644,0,total_elems,33960,35584,1,1,,,,0.0,32,4,33960,1430,222,56,,,,,,,,,,,,,,,,,,,,,,,,,,,,,,,,,,,,,,,,,,,,,,,
543.1441507910058,absorbing,,,,,,,R,3,3,1290,1595,54,75,129,9,0,2,0.041452457997365855,0.03898895900056232,0.08044141699792817,0.08111862499208655,49600,46888,64,64,False,False,False,False,46888,64,False,512,0.0006,128,12644,0,total_elems,49600,46888,1,1,,,,0.0,64,4,46888,1676,222,56,,,,,,,,,,,,,,,,,,,,,,,,,,,,,,,,,,,,,,,,,,,,,,,
543.3229487080098,absorbing,,,,,,,L,4,3,1290,1595,54,75,129,8,0,2,0.04670308399363421,0.05648379199556075,0.10318687598919496,0.10384379200695548,67232,100456,64,64,False,False,False,False,67232,64,False,512,0.0006,128,12644,0,total_elems,67232,100456,1,1,,,,0.0,64,4,67232,2000,222,56,,,,,,,,,,,,,,,,,,,,,,,,,,,,,,,,,,,,,,,,,,,,,,,
543.524664291006,absorbing,,,,,,,L,5,3,1290,1595,54,75,129,4,0,2,0.05893850000575185,0.06674070800363552,0.12567920800938737,0.12637554200773593,95360,137888,64,64,False,False,False,False,95360,64,False,512,0.0006,128,12644,0,total_elems,95360,137888,1,1,,,,0.0,64,4,95360,2318,222,56,,,,,,,,,,,,,,,,,,,,,,,,,,,,,,,,,,,,,,,,,,,,,,,
543.7398342500092,absorbing,,,,,,,L,6,3,1290,1595,54,75,129,5,0,2,0.06439195800339803,0.07674950000364333,0.14114145800704136,0.14184254199790303,118912,176832,84,87,False,False,False,False,118912,84,False,512,0.0006,128,12644,0,total_elems,118912,176832,1,1,,,,0.0,84,4,118912,2524,222,56,,,,,,,,,,,,,,,,,,,,,,,,,,,,,,,,,,,,,,,,,,,,,,,
543.9727798329986,absorbing,,,,,,,L,7,3,1290,1595,54,75,129,6,0,2,0.06924120799521916,0.08826679199410137,0.15750799998932052,0.15826891700271517,143920,211296,80,81,False,False,False,False,143920,80,False,512,0.0006,128,12644,0,total_elems,143920,211296,1,1,,,,0.0,80,4,143920,2656,222,56,,,,,,,,,,,,,,,,,,,,,,,,,,,,,,,,,,,,,,,,,,,,,,,
544.2432909580093,absorbing,,,,,,,L,8,3,1290,1595,54,75,129,5,0,2,0.09827820801001508,0.09773037499689963,0.1960085830069147,0.19672787500894628,180160,242320,128,80,False,False,False,False,180160,128,False,512,0.0006,128,12644,0,total_elems,180160,242320,1,1,,,,0.0,128,4,180160,2896,222,56,,,,,,,,,,,,,,,,,,,,,,,,,,,,,,,,,,,,,,,,,,,,,,,
544.5551160410105,absorbing,,,,,,,L,9,3,1290,1595,54,75,129,3,0,2,0.12188154199975543,0.11426462499366608,0.2361461669934215,0.23688645799120422,215840,282012,128,128,False,False,False,False,215840,128,False,512,0.0006,128,12644,0,total_elems,215840,282012,1,1,,,,0.0,128,4,215840,3098,222,56,,,,,,,,,,,,,,,,,,,,,,,,,,,,,,,,,,,,,,,,,,,,,,,
544.868285583012,absorbing,,,,,,,L,10,3,1290,1595,54,75,129,4,0,2,0.10642150000785477,0.1322469159931643,0.23866841600101907,0.23939508400508203,230036,327944,128,128,False,False,False,False,230036,128,False,512,0.0006,128,12644,0,total_elems,230036,327944,1,1,,,,0.0,128,4,230036,3284,222,56,,,,,,,,,,,,,,,,,,,,,,,,,,,,,,,,,,,,,,,,,,,,,,,
545.2007608749991,absorbing,,,,,,,L,11,3,1290,1595,54,75,129,4,0,2,0.11494574999960605,0.14279312500730157,0.2577388750069076,0.25851841700205114,268400,358172,128,128,False,False,False,False,268400,128,False,512,0.0006,128,12644,0,total_elems,268400,358172,1,1,,,,0.0,128,4,268400,3468,222,56,,,,,,,,,,,,,,,,,,,,,,,,,,,,,,,,,,,,,,,,,,,,,,,
545.593339125,absorbing,,,,,,,L,12,3,1290,1595,54,75,129,4,0,2,0.13510037498781458,0.18365991600148845,0.31876029098930303,0.31947995800874196,291904,467808,128,256,False,False,False,False,291904,128,False,512,0.0006,128,12644,0,total_elems,291904,467808,1,1,,,,0.0,128,4,291904,3630,222,56,,,,,,,,,,,,,,,,,,,,,,,,,,,,,,,,,,,,,,,,,,,,,,,
546.0203657079983,absorbing,,,,,,,L,13,3,1290,1595,55,75,130,3,1,3,0.15110254198953044,0.2009208329982357,0.35202337498776615,0.3527862909977557,373792,492288,128,256,False,False,False,False,373792,128,False,512,0.0006,128,12644,0,total_elems,373792,492288,1,1,,,,0.0,128,4,373792,4044,222,56,,,,,,,,,,,,,,,,,,,,,,,,,,,,,,,,,,,,,,,,,,,,,,,
548.0693147080019,unswapping,,,,,,,,,,,,,,,,,,,,,,,,,,,,,,,,,,,,,,,,,,,,,,,256,4,489248,4220,222,56,0,both,0,28,28,4,4,,,,,0,,,,,,,,,,,,,,,,,,,,,,,,,,,,,,,,,,,
549.9226468749985,unswapping,,,,,,,,,,,,,,,,,,,,,,,,,,,,,,,,,,,,,,,,,,,,,,,256,4,471716,4002,222,56,0,both,1,27,27,6,10,,,,,0,,,,,,,,,,,,,,,,,,,,,,,,,,,,,,,,,,,
550.6564855830075,unswapping,,,,,,,,,,,,,,,,,,,,,,,,,,,,,,,,,,,,,,,,,,,,,,,128,4,283836,3316,222,56,0,left,0,28,28,11,21,,,,,22,,,,,,,,,,,,,,,,,,,,,,,,,,,,,,,,,,,
551.0783079579996,unswapping,,,,,,,,,,,,,,,,,,,,,,,,,,,,,,,,,,,,,,,,,,,,,,,64,4,197312,2818,222,56,0,left,1,27,27,9,30,,,,,40,,,,,,,,,,,,,,,,,,,,,,,,,,,,,,,,,,,
551.4065650410048,unswapping,,,,,,,,,,,,,,,,,,,,,,,,,,,,,,,,,,,,,,,,,,,,,,,64,4,178052,2648,222,56,0,right,0,28,28,6,36,,,,,48,,,,,,,,,,,,,,,,,,,,,,,,,,,,,,,,,,,
551.6980958330096,unswapping,,,,,,,,,,,,,,,,,,,,,,,,,,,,,,,,,,,,,,,,,,,,,,,64,4,145684,2410,222,56,0,right,1,27,27,7,43,,,,,62,,,,,,,,,,,,,,,,,,,,,,,,,,,,,,,,,,,
552.1792708330031,unswapping,,,,,,,,,,,,,,,,,,,,,,,,,,,,,,,,,,,,,,,,,,,,,,,64,4,120588,2224,222,56,1,both,0,28,28,5,5,,,,,74,,,,,,,,,,,,,,,,,,,,,,,,,,,,,,,,,,,
552.6559106659988,unswapping,,,,,,,,,,,,,,,,,,,,,,,,,,,,,,,,,,,,,,,,,,,,,,,64,4,102284,2046,222,56,1,both,1,27,27,5,10,,,,,86,,,,,,,,,,,,,,,,,,,,,,,,,,,,,,,,,,,
552.8318318329984,unswapping,,,,,,,,,,,,,,,,,,,,,,,,,,,,,,,,,,,,,,,,,,,,,,,64,4,99660,1974,222,56,1,left,0,28,28,4,14,,,,,94,,,,,,,,,,,,,,,,,,,,,,,,,,,,,,,,,,,
553.0285505830107,unswapping,,,,,,,,,,,,,,,,,,,,,,,,,,,,,,,,,,,,,,,,,,,,,,,64,4,94996,1924,222,56,1,left,1,27,27,4,18,,,,,96,,,,,,,,,,,,,,,,,,,,,,,,,,,,,,,,,,,
553.1966200000024,unswapping,,,,,,,,,,,,,,,,,,,,,,,,,,,,,,,,,,,,,,,,,,,,,,,64,4,87452,1814,222,56,1,right,0,28,28,5,23,,,,,104,,,,,,,,,,,,,,,,,,,,,,,,,,,,,,,,,,,
553.3669960830011,unswapping,,,,,,,,,,,,,,,,,,,,,,,,,,,,,,,,,,,,,,,,,,,,,,,64,4,82576,1728,222,56,1,right,1,27,27,5,28,,,,,106,,,,,,,,,,,,,,,,,,,,,,,,,,,,,,,,,,,
553.6839406250074,unswapping,,,,,,,,,,,,,,,,,,,,,,,,,,,,,,,,,,,,,,,,,,,,,,,64,4,79828,1652,222,56,2,both,0,28,28,4,4,,,,,114,,,,,,,,,,,,,,,,,,,,,,,,,,,,,,,,,,,
554.0242366250022,unswapping,,,,,,,,,,,,,,,,,,,,,,,,,,,,,,,,,,,,,,,,,,,,,,,64,4,78724,1624,222,56,2,both,1,27,27,3,7,,,,,126,,,,,,,,,,,,,,,,,,,,,,,,,,,,,,,,,,,
554.1732331660023,unswapping,,,,,,,,,,,,,,,,,,,,,,,,,,,,,,,,,,,,,,,,,,,,,,,64,4,78164,1604,222,56,2,left,0,28,28,2,9,,,,,128,,,,,,,,,,,,,,,,,,,,,,,,,,,,,,,,,,,
554.2840207500121,unswapping,,,,,,,,,,,,,,,,,,,,,,,,,,,,,,,,,,,,,,,,,,,,,,,64,4,78164,1604,222,56,2,left,1,27,27,0,9,,,,,128,,,,,,,,,,,,,,,,,,,,,,,,,,,,,,,,,,,
554.4211764159991,unswapping,,,,,,,,,,,,,,,,,,,,,,,,,,,,,,,,,,,,,,,,,,,,,,,64,4,77524,1588,222,56,2,right,0,28,28,1,10,,,,,128,,,,,,,,,,,,,,,,,,,,,,,,,,,,,,,,,,,
554.5666824159998,unswapping,,,,,,,,,,,,,,,,,,,,,,,,,,,,,,,,,,,,,,,,,,,,,,,64,4,76756,1572,222,56,2,right,1,27,27,1,11,,,,,128,,,,,,,,,,,,,,,,,,,,,,,,,,,,,,,,,,,
554.8700175830018,unswapping,,,,,,,,,,,,,,,,,,,,,,,,,,,,,,,,,,,,,,,,,,,,,,,64,4,75940,1552,222,56,3,both,0,28,28,2,2,,,,,132,,,,,,,,,,,,,,,,,,,,,,,,,,,,,,,,,,,
555.1886907080043,unswapping,,,,,,,,,,,,,,,,,,,,,,,,,,,,,,,,,,,,,,,,,,,,,,,64,4,75172,1536,222,56,3,both,1,27,27,1,3,,,,,136,,,,,,,,,,,,,,,,,,,,,,,,,,,,,,,,,,,
555.3233662910061,unswapping,,,,,,,,,,,,,,,,,,,,,,,,,,,,,,,,,,,,,,,,,,,,,,,64,4,74788,1520,222,56,3,left,0,28,28,1,4,,,,,136,,,,,,,,,,,,,,,,,,,,,,,,,,,,,,,,,,,
555.4312314999988,unswapping,,,,,,,,,,,,,,,,,,,,,,,,,,,,,,,,,,,,,,,,,,,,,,,64,4,74788,1520,222,56,3,left,1,27,27,0,4,,,,,136,,,,,,,,,,,,,,,,,,,,,,,,,,,,,,,,,,,
555.5678430410044,unswapping,,,,,,,,,,,,,,,,,,,,,,,,,,,,,,,,,,,,,,,,,,,,,,,64,4,74500,1508,222,56,3,right,0,28,28,1,5,,,,,138,,,,,,,,,,,,,,,,,,,,,,,,,,,,,,,,,,,
555.6719508329988,unswapping,,,,,,,,,,,,,,,,,,,,,,,,,,,,,,,,,,,,,,,,,,,,,,,64,4,74500,1508,222,56,3,right,1,27,27,0,5,,,,,138,,,,,,,,,,,,,,,,,,,,,,,,,,,,,,,,,,,
555.8859023750119,unswapping,,,,,,,,,,,,,,,,,,,,,,,,,,,,,,,,,,,,,,,,,,,,,,,64,4,74500,1508,222,56,4,both,0,28,28,0,0,,,,,138,,,,,,,,,,,,,,,,,,,,,,,,,,,,,,,,,,,
556.1252361250081,unswapping,,,,,,,,,,,,,,,,,,,,,,,,,,,,,,,,,,,,,,,,,,,,,,,64,4,74500,1508,222,56,4,both,1,27,27,0,0,,,,,138,,,,,,,,,,,,,,,,,,,,,,,,,,,,,,,,,,,
556.2240840000013,unswapping,,,,,,,,,,,,,,,,,,,,,,,,,,,,,,,,,,,,,,,,,,,,,,,64,4,74500,1508,222,56,4,left,0,28,28,0,0,,,,,138,,,,,,,,,,,,,,,,,,,,,,,,,,,,,,,,,,,
556.3315180000063,unswapping,,,,,,,,,,,,,,,,,,,,,,,,,,,,,,,,,,,,,,,,,,,,,,,64,4,74500,1508,222,56,4,left,1,27,27,0,0,,,,,138,,,,,,,,,,,,,,,,,,,,,,,,,,,,,,,,,,,
556.4289587079984,unswapping,,,,,,,,,,,,,,,,,,,,,,,,,,,,,,,,,,,,,,,,,,,,,,,64,4,74500,1508,222,56,4,right,0,28,28,0,0,,,,,138,,,,,,,,,,,,,,,,,,,,,,,,,,,,,,,,,,,
556.5341995830095,unswapping,,,,,,,,,,,,,,,,,,,,,,,,,,,,,,,,,,,,,,,,,,,,,,,64,4,74500,1508,222,56,4,right,1,27,27,0,0,,,,,138,,,,,,,,,,,,,,,,,,,,,,,,,,,,,,,,,,,
558.705129000009,unswap_cycle_summary,,,,,,,,,,,,55,75,130,,,,,,,,,,,,,,,,,,,512,0.0006,,,,,,,,,,,,,64,4,74500,1508,222,56,,,,,,,,,,,,,,,,,,,,37,9.990659333998337,130,1885,1755,3,False,,,,,,,,,,,,,,,,,,,,,
560.6027181660029,rewiring,left,post_unswap,1.821910790997208,1279,False,False,,,,,,,,,,,,,,,,,,,,,,,,,,,,,,,,,,,,,,,,,,,,,,,,,,,,,,,,,,,,,,,,,,37,,,,,,,20,False,3,1,none,0.0,123,1.8219039160030661,3.803697541996371,,,,,,,,,,,,
562.5841903750115,rewiring,right,post_unswap,1.9811858340108301,1594,False,False,,,,,,,,,,,,,,,,,,,,,,,,,,,,,,,,,,,,,,,,,,,,,,,,,,,,,,,,,,,,,,,,,,37,,,,,,,20,False,3,1,none,0.0,123,1.9811792919936124,3.803697541996371,,,,,,,,,,,,
562.7329006660002,cycle_progress,,,,,,,,,,,,55,75,130,,,,,,,,,,,,,,,,,,,512,0.0006,,12644,0,,,,,,,,,,64,4,74500,1508,222,56,,,,,,,,,,,,,,,,,,,,37,,130,1885,1755,3,False,,,,,,,,,3.803697541996371,,,,,,,,,,,,
562.9276717910107,absorbing,,,,,,,L,1,0,1441,1528,55,75,130,14,0,0,0.048396666010376066,0.07046283400268294,0.118859500013059,0.11974070900760125,74500,137200,64,128,False,False,False,False,74500,64,False,512,0.0006,128,74500,0,total_elems,74500,137200,1,1,,,,0.0,64,4,74500,1508,222,56,,,,,,,,,,,,,,,,,,,,,,,,,,,,,,,,,,,,,,,,,,,,,,,
563.1428985000093,absorbing,,,,,,,L,2,0,1441,1528,56,75,131,9,1,1,0.06879304199537728,0.07023395899159368,0.13902700098697096,0.13972754101268947,104256,137200,128,128,False,False,False,False,104256,128,False,512,0.0006,128,74500,0,total_elems,104256,137200,1,1,,,,0.0,128,4,104256,1784,222,56,,,,,,,,,,,,,,,,,,,,,,,,,,,,,,,,,,,,,,,,,,,,,,,
563.3862017500069,absorbing,,,,,,,R,2,1,1441,1528,56,75,131,11,0,1,0.08661858399864286,0.0799395419890061,0.16655812598764896,0.1672720000060508,172608,166776,128,128,False,False,False,False,166776,128,False,512,0.0006,128,74500,0,total_elems,172608,166776,1,1,,,,0.0,128,4,166776,2212,222,56,,,,,,,,,,,,,,,,,,,,,,,,,,,,,,,,,,,,,,,,,,,,,,,
563.7724525000085,absorbing,,,,,,,L,3,1,1441,1528,56,75,131,10,0,1,0.12637224998616148,0.18382158300664742,0.3101938329928089,0.31092104100389406,271992,388184,128,256,False,False,False,False,271992,128,False,512,0.0006,128,74500,0,total_elems,271992,388184,1,1,,,,0.0,128,4,271992,2552,222,56,,,,,,,,,,,,,,,,,,,,,,,,,,,,,,,,,,,,,,,,,,,,,,,
565.7611956250039,unswapping,,,,,,,,,,,,,,,,,,,,,,,,,,,,,,,,,,,,,,,,,,,,,,,256,4,310544,2640,222,56,0,both,0,28,28,5,5,,,,,0,,,,,,,,,,,,,,,,,,,,,,,,,,,,,,,,,,,
567.7826706660126,unswapping,,,,,,,,,,,,,,,,,,,,,,,,,,,,,,,,,,,,,,,,,,,,,,,256,4,236304,2492,222,56,0,both,1,27,27,4,9,,,,,0,,,,,,,,,,,,,,,,,,,,,,,,,,,,,,,,,,,
568.1445905830042,unswapping,,,,,,,,,,,,,,,,,,,,,,,,,,,,,,,,,,,,,,,,,,,,,,,64,4,109040,1860,222,56,0,left,0,28,28,11,20,,,,,22,,,,,,,,,,,,,,,,,,,,,,,,,,,,,,,,,,,
568.3753607910039,unswapping,,,,,,,,,,,,,,,,,,,,,,,,,,,,,,,,,,,,,,,,,,,,,,,64,4,90848,1662,222,56,0,left,1,27,27,9,29,,,,,40,,,,,,,,,,,,,,,,,,,,,,,,,,,,,,,,,,,
568.5313694159995,unswapping,,,,,,,,,,,,,,,,,,,,,,,,,,,,,,,,,,,,,,,,,,,,,,,64,4,78560,1598,222,56,0,right,0,28,28,1,30,,,,,38,,,,,,,,,,,,,,,,,,,,,,,,,,,,,,,,,,,
568.6502232080093,unswapping,,,,,,,,,,,,,,,,,,,,,,,,,,,,,,,,,,,,,,,,,,,,,,,64,4,78560,1598,222,56,0,right,1,27,27,0,30,,,,,38,,,,,,,,,,,,,,,,,,,,,,,,,,,,,,,,,,,
568.9785886660102,unswapping,,,,,,,,,,,,,,,,,,,,,,,,,,,,,,,,,,,,,,,,,,,,,,,64,4,64612,1496,222,56,1,both,0,28,28,5,5,,,,,42,,,,,,,,,,,,,,,,,,,,,,,,,,,,,,,,,,,
569.2624268750078,unswapping,,,,,,,,,,,,,,,,,,,,,,,,,,,,,,,,,,,,,,,,,,,,,,,64,4,63412,1476,222,56,1,both,1,27,27,2,7,,,,,46,,,,,,,,,,,,,,,,,,,,,,,,,,,,,,,,,,,
569.3994807080016,unswapping,,,,,,,,,,,,,,,,,,,,,,,,,,,,,,,,,,,,,,,,,,,,,,,64,4,60804,1440,222,56,1,left,0,28,28,2,9,,,,,50,,,,,,,,,,,,,,,,,,,,,,,,,,,,,,,,,,,
569.4853044580086,unswapping,,,,,,,,,,,,,,,,,,,,,,,,,,,,,,,,,,,,,,,,,,,,,,,64,4,60804,1440,222,56,1,left,1,27,27,0,9,,,,,50,,,,,,,,,,,,,,,,,,,,,,,,,,,,,,,,,,,
569.6186953330034,unswapping,,,,,,,,,,,,,,,,,,,,,,,,,,,,,,,,,,,,,,,,,,,,,,,64,4,57604,1400,222,56,1,right,0,28,28,2,11,,,,,50,,,,,,,,,,,,,,,,,,,,,,,,,,,,,,,,,,,
569.6966750410065,unswapping,,,,,,,,,,,,,,,,,,,,,,,,,,,,,,,,,,,,,,,,,,,,,,,64,4,57604,1400,222,56,1,right,1,27,27,0,11,,,,,50,,,,,,,,,,,,,,,,,,,,,,,,,,,,,,,,,,,
569.88558487501,unswapping,,,,,,,,,,,,,,,,,,,,,,,,,,,,,,,,,,,,,,,,,,,,,,,64,4,57604,1400,222,56,2,both,0,28,28,0,0,,,,,50,,,,,,,,,,,,,,,,,,,,,,,,,,,,,,,,,,,
570.1217882909987,unswapping,,,,,,,,,,,,,,,,,,,,,,,,,,,,,,,,,,,,,,,,,,,,,,,64,4,53764,1352,222,56,2,both,1,27,27,1,1,,,,,52,,,,,,,,,,,,,,,,,,,,,,,,,,,,,,,,,,,
570.2477430410072,unswapping,,,,,,,,,,,,,,,,,,,,,,,,,,,,,,,,,,,,,,,,,,,,,,,64,4,49924,1304,222,56,2,left,0,28,28,1,2,,,,,54,,,,,,,,,,,,,,,,,,,,,,,,,,,,,,,,,,,
570.3647581660043,unswapping,,,,,,,,,,,,,,,,,,,,,,,,,,,,,,,,,,,,,,,,,,,,,,,64,4,47364,1272,222,56,2,left,1,27,27,1,3,,,,,54,,,,,,,,,,,,,,,,,,,,,,,,,,,,,,,,,,,
570.4340795000026,unswapping,,,,,,,,,,,,,,,,,,,,,,,,,,,,,,,,,,,,,,,,,,,,,,,64,4,47364,1272,222,56,2,right,0,28,28,0,3,,,,,54,,,,,,,,,,,,,,,,,,,,,,,,,,,,,,,,,,,
570.5032684160105,unswapping,,,,,,,,,,,,,,,,,,,,,,,,,,,,,,,,,,,,,,,,,,,,,,,64,4,47364,1272,222,56,2,right,1,27,27,0,3,,,,,54,,,,,,,,,,,,,,,,,,,,,,,,,,,,,,,,,,,
570.64593912501,unswapping,,,,,,,,,,,,,,,,,,,,,,,,,,,,,,,,,,,,,,,,,,,,,,,64,4,47364,1272,222,56,3,both,0,28,28,0,0,,,,,54,,,,,,,,,,,,,,,,,,,,,,,,,,,,,,,,,,,
570.7915499580122,unswapping,,,,,,,,,,,,,,,,,,,,,,,,,,,,,,,,,,,,,,,,,,,,,,,64,4,47364,1272,222,56,3,both,1,27,27,0,0,,,,,54,,,,,,,,,,,,,,,,,,,,,,,,,,,,,,,,,,,
570.8990801250038,unswapping,,,,,,,,,,,,,,,,,,,,,,,,,,,,,,,,,,,,,,,,,,,,,,,64,4,42244,1240,222,56,3,left,0,28,28,1,1,,,,,56,,,,,,,,,,,,,,,,,,,,,,,,,,,,,,,,,,,
570.9985365830071,unswapping,,,,,,,,,,,,,,,,,,,,,,,,,,,,,,,,,,,,,,,,,,,,,,,64,4,36100,1176,222,56,3,left,1,27,27,1,2,,,,,58,,,,,,,,,,,,,,,,,,,,,,,,,,,,,,,,,,,
571.0514104160102,unswapping,,,,,,,,,,,,,,,,,,,,,,,,,,,,,,,,,,,,,,,,,,,,,,,64,4,36100,1176,222,56,3,right,0,28,28,0,2,,,,,58,,,,,,,,,,,,,,,,,,,,,,,,,,,,,,,,,,,
571.1130421660055,unswapping,,,,,,,,,,,,,,,,,,,,,,,,,,,,,,,,,,,,,,,,,,,,,,,64,4,36100,1176,222,56,3,right,1,27,27,0,2,,,,,58,,,,,,,,,,,,,,,,,,,,,,,,,,,,,,,,,,,
571.2203288750025,unswapping,,,,,,,,,,,,,,,,,,,,,,,,,,,,,,,,,,,,,,,,,,,,,,,64,4,36100,1176,222,56,4,both,0,28,28,0,0,,,,,58,,,,,,,,,,,,,,,,,,,,,,,,,,,,,,,,,,,
571.3467276660085,unswapping,,,,,,,,,,,,,,,,,,,,,,,,,,,,,,,,,,,,,,,,,,,,,,,64,4,36100,1176,222,56,4,both,1,27,27,0,0,,,,,58,,,,,,,,,,,,,,,,,,,,,,,,,,,,,,,,,,,
571.3999444159999,unswapping,,,,,,,,,,,,,,,,,,,,,,,,,,,,,,,,,,,,,,,,,,,,,,,64,4,36100,1176,222,56,4,left,0,28,28,0,0,,,,,58,,,,,,,,,,,,,,,,,,,,,,,,,,,,,,,,,,,
571.4601642500056,unswapping,,,,,,,,,,,,,,,,,,,,,,,,,,,,,,,,,,,,,,,,,,,,,,,64,4,36100,1176,222,56,4,left,1,27,27,0,0,,,,,58,,,,,,,,,,,,,,,,,,,,,,,,,,,,,,,,,,,
571.5528716660046,unswapping,,,,,,,,,,,,,,,,,,,,,,,,,,,,,,,,,,,,,,,,,,,,,,,64,4,36100,1176,222,56,4,right,0,28,28,0,0,,,,,58,,,,,,,,,,,,,,,,,,,,,,,,,,,,,,,,,,,
571.6202976250061,unswapping,,,,,,,,,,,,,,,,,,,,,,,,,,,,,,,,,,,,,,,,,,,,,,,64,4,36100,1176,222,56,4,right,1,27,27,0,0,,,,,58,,,,,,,,,,,,,,,,,,,,,,,,,,,,,,,,,,,
573.8564317080018,unswap_cycle_summary,,,,,,,,,,,,56,75,131,,,,,,,,,,,,,,,,,,,512,0.0006,,,,,,,,,,,,,64,4,36100,1176,222,56,,,,,,,,,,,,,,,,,,,,38,7.329803375003394,131,1885,1754,1,False,,,,,,,,,,,,,,,,,,,,,
576.2781187500077,rewiring,left,post_unswap,2.3441414590051863,1440,False,False,,,,,,,,,,,,,,,,,,,,,,,,,,,,,,,,,,,,,,,,,,,,,,,,,,,,,,,,,,,,,,,,,,38,,,,,,,20,False,1,1,none,0.0,123,2.34413174999645,3.7496375829941826,,,,,,,,,,,,
577.6832160410122,rewiring,right,post_unswap,1.4048125410045031,1529,False,False,,,,,,,,,,,,,,,,,,,,,,,,,,,,,,,,,,,,,,,,,,,,,,,,,,,,,,,,,,,,,,,,,,38,,,,,,,20,False,1,1,none,0.0,123,1.4048049160046503,3.7496375829941826,,,,,,,,,,,,
577.8313057080086,cycle_progress,,,,,,,,,,,,56,75,131,,,,,,,,,,,,,,,,,,,512,0.0006,,74500,0,,,,,,,,,,64,4,36100,1176,222,56,,,,,,,,,,,,,,,,,,,,38,,131,1885,1754,1,False,,,,,,,,,3.7496375829941826,,,,,,,,,,,,
577.9891769160022,absorbing,,,,,,,L,1,0,1465,1600,56,75,131,11,0,0,0.0382409170124447,0.041868125001201406,0.0801090420136461,0.0810067499987781,36100,47284,64,64,False,False,False,False,36100,64,False,512,0.0006,128,36100,0,total_elems,36100,47284,1,1,,,,0.0,64,4,36100,1176,222,56,,,,,,,,,,,,,,,,,,,,,,,,,,,,,,,,,,,,,,,,,,,,,,,
578.1535440830048,absorbing,,,,,,,R,1,1,1465,1600,56,76,132,9,1,1,0.045629500003997236,0.04097220899711829,0.08660170900111552,0.08729383299942128,47344,47284,64,64,False,False,False,False,47284,64,False,512,0.0006,128,36100,0,total_elems,47344,47284,1,1,,,,0.0,64,4,47284,1366,222,56,,,,,,,,,,,,,,,,,,,,,,,,,,,,,,,,,,,,,,,,,,,,,,,
578.3360466660088,absorbing,,,,,,,R,1,2,1465,1600,56,77,133,8,1,2,0.058426874995348044,0.04555574999540113,0.10398262499074917,0.10467295799753629,67712,58844,64,64,False,False,False,False,58844,64,False,512,0.0006,128,36100,0,total_elems,67712,58844,1,1,,,,0.0,64,4,58844,1574,222,56,,,,,,,,,,,,,,,,,,,,,,,,,,,,,,,,,,,,,,,,,,,,,,,
578.5282373750088,absorbing,,,,,,,L,2,2,1465,1600,56,77,133,10,0,2,0.06600720899587031,0.04816808299801778,0.1141752919938881,0.11485900000843685,74496,75828,64,64,False,False,False,False,74496,64,False,512,0.0006,128,36100,0,total_elems,74496,75828,1,1,,,,0.0,64,4,74496,1708,222,56,,,,,,,,,,,,,,,,,,,,,,,,,,,,,,,,,,,,,,,,,,,,,,,
578.71167075001,absorbing,,,,,,,L,3,2,1465,1600,56,77,133,13,0,2,0.052064791991142556,0.05270120799832512,0.10476599998946767,0.10547979199327528,83016,91520,64,64,False,False,False,False,83016,64,False,512,0.0006,128,36100,0,total_elems,83016,91520,1,1,,,,0.0,64,4,83016,1848,222,56,,,,,,,,,,,,,,,,,,,,,,,,,,,,,,,,,,,,,,,,,,,,,,,
578.9198155410122,absorbing,,,,,,,R,3,3,1465,1600,56,77,133,8,0,2,0.07100716700369958,0.05780133300868329,0.12880850001238286,0.12953700000070967,128256,96200,128,64,False,False,False,False,96200,64,False,512,0.0006,128,36100,0,total_elems,128256,96200,1,1,,,,0.0,64,4,96200,2008,222,56,,,,,,,,,,,,,,,,,,,,,,,,,,,,,,,,,,,,,,,,,,,,,,,
579.142505374999,absorbing,,,,,,,R,3,4,1465,1600,56,77,133,8,0,2,0.0730549159925431,0.06974504199752118,0.14279995799006429,0.14352770800178405,137856,118920,128,64,False,False,False,False,118920,64,False,512,0.0006,128,36100,0,total_elems,137856,118920,1,1,,,,0.0,64,4,118920,2256,222,56,,,,,,,,,,,,,,,,,,,,,,,,,,,,,,,,,,,,,,,,,,,,,,,
579.3868424160028,absorbing,,,,,,,L,4,4,1465,1600,57,77,134,12,1,3,0.08710916699783411,0.07804270900669508,0.16515187600452919,0.16582716700213496,162240,177320,128,126,False,False,False,False,162240,128,False,512,0.0006,128,36100,0,total_elems,162240,177320,1,1,,,,0.0,128,4,162240,2568,222,56,,,,,,,,,,,,,,,,,,,,,,,,,,,,,,,,,,,,,,,,,,,,,,,
579.7221807080059,absorbing,,,,,,,R,4,5,1465,1600,57,78,135,6,1,4,0.1473440839909017,0.10929333399690222,0.25663741798780393,0.2573914579988923,329312,261696,256,128,False,False,False,False,261696,128,False,512,0.0006,128,36100,0,total_elems,329312,261696,1,1,,,,0.0,128,4,261696,3148,222,56,,,,,,,,,,,,,,,,,,,,,,,,,,,,,,,,,,,,,,,,,,,,,,,
581.5694113750069,unswapping,,,,,,,,,,,,,,,,,,,,,,,,,,,,,,,,,,,,,,,,,,,,,,,256,4,429280,3802,222,56,0,both,0,28,28,1,1,,,,,0,,,,,,,,,,,,,,,,,,,,,,,,,,,,,,,,,,,
583.0994672910019,unswapping,,,,,,,,,,,,,,,,,,,,,,,,,,,,,,,,,,,,,,,,,,,,,,,256,4,336096,3138,222,56,0,both,1,27,27,11,12,,,,,0,,,,,,,,,,,,,,,,,,,,,,,,,,,,,,,,,,,
583.593559083005,unswapping,,,,,,,,,,,,,,,,,,,,,,,,,,,,,,,,,,,,,,,,,,,,,,,128,4,178528,2596,222,56,0,left,0,28,28,7,19,,,,,14,,,,,,,,,,,,,,,,,,,,,,,,,,,,,,,,,,,
583.9256703749998,unswapping,,,,,,,,,,,,,,,,,,,,,,,,,,,,,,,,,,,,,,,,,,,,,,,64,4,107040,2160,222,56,0,left,1,27,27,12,31,,,,,38,,,,,,,,,,,,,,,,,,,,,,,,,,,,,,,,,,,
584.1036969999986,unswapping,,,,,,,,,,,,,,,,,,,,,,,,,,,,,,,,,,,,,,,,,,,,,,,64,4,83292,1896,222,56,0,right,0,28,28,9,40,,,,,52,,,,,,,,,,,,,,,,,,,,,,,,,,,,,,,,,,,
584.2881837500026,unswapping,,,,,,,,,,,,,,,,,,,,,,,,,,,,,,,,,,,,,,,,,,,,,,,64,4,73212,1762,222,56,0,right,1,27,27,6,46,,,,,64,,,,,,,,,,,,,,,,,,,,,,,,,,,,,,,,,,,
584.5552088330005,unswapping,,,,,,,,,,,,,,,,,,,,,,,,,,,,,,,,,,,,,,,,,,,,,,,64,4,69196,1622,222,56,1,both,0,28,28,8,8,,,,,78,,,,,,,,,,,,,,,,,,,,,,,,,,,,,,,,,,,
584.894539166009,unswapping,,,,,,,,,,,,,,,,,,,,,,,,,,,,,,,,,,,,,,,,,,,,,,,64,4,64892,1552,222,56,1,both,1,27,27,4,12,,,,,88,,,,,,,,,,,,,,,,,,,,,,,,,,,,,,,,,,,
585.0188365830109,unswapping,,,,,,,,,,,,,,,,,,,,,,,,,,,,,,,,,,,,,,,,,,,,,,,64,4,64092,1516,222,56,1,left,0,28,28,4,16,,,,,96,,,,,,,,,,,,,,,,,,,,,,,,,,,,,,,,,,,
585.1608564580092,unswapping,,,,,,,,,,,,,,,,,,,,,,,,,,,,,,,,,,,,,,,,,,,,,,,64,4,64020,1510,222,56,1,left,1,27,27,1,17,,,,,98,,,,,,,,,,,,,,,,,,,,,,,,,,,,,,,,,,,
585.2341569160053,unswapping,,,,,,,,,,,,,,,,,,,,,,,,,,,,,,,,,,,,,,,,,,,,,,,64,4,64020,1510,222,56,1,right,0,28,28,0,17,,,,,98,,,,,,,,,,,,,,,,,,,,,,,,,,,,,,,,,,,
585.3772419160086,unswapping,,,,,,,,,,,,,,,,,,,,,,,,,,,,,,,,,,,,,,,,,,,,,,,64,4,63828,1498,222,56,1,right,1,27,27,1,18,,,,,100,,,,,,,,,,,,,,,,,,,,,,,,,,,,,,,,,,,
585.6034811249992,unswapping,,,,,,,,,,,,,,,,,,,,,,,,,,,,,,,,,,,,,,,,,,,,,,,64,4,59868,1442,222,56,2,both,0,28,28,3,3,,,,,106,,,,,,,,,,,,,,,,,,,,,,,,,,,,,,,,,,,
585.8939241250046,unswapping,,,,,,,,,,,,,,,,,,,,,,,,,,,,,,,,,,,,,,,,,,,,,,,64,4,54780,1382,222,56,2,both,1,27,27,4,7,,,,,114,,,,,,,,,,,,,,,,,,,,,,,,,,,,,,,,,,,
585.9953410000016,unswapping,,,,,,,,,,,,,,,,,,,,,,,,,,,,,,,,,,,,,,,,,,,,,,,64,4,54684,1374,222,56,2,left,0,28,28,1,8,,,,,116,,,,,,,,,,,,,,,,,,,,,,,,,,,,,,,,,,,
586.1181366660021,unswapping,,,,,,,,,,,,,,,,,,,,,,,,,,,,,,,,,,,,,,,,,,,,,,,64,4,54620,1370,222,56,2,left,1,27,27,1,9,,,,,116,,,,,,,,,,,,,,,,,,,,,,,,,,,,,,,,,,,
586.2212423750025,unswapping,,,,,,,,,,,,,,,,,,,,,,,,,,,,,,,,,,,,,,,,,,,,,,,64,4,45356,1268,222,56,2,right,0,28,28,2,11,,,,,118,,,,,,,,,,,,,,,,,,,,,,,,,,,,,,,,,,,
586.2982875830057,unswapping,,,,,,,,,,,,,,,,,,,,,,,,,,,,,,,,,,,,,,,,,,,,,,,64,4,45356,1268,222,56,2,right,1,27,27,0,11,,,,,118,,,,,,,,,,,,,,,,,,,,,,,,,,,,,,,,,,,
586.4300302910124,unswapping,,,,,,,,,,,,,,,,,,,,,,,,,,,,,,,,,,,,,,,,,,,,,,,64,4,45356,1268,222,56,3,both,0,28,28,0,0,,,,,118,,,,,,,,,,,,,,,,,,,,,,,,,,,,,,,,,,,
586.5939583330037,unswapping,,,,,,,,,,,,,,,,,,,,,,,,,,,,,,,,,,,,,,,,,,,,,,,64,4,45356,1268,222,56,3,both,1,27,27,0,0,,,,,118,,,,,,,,,,,,,,,,,,,,,,,,,,,,,,,,,,,
586.6879922500084,unswapping,,,,,,,,,,,,,,,,,,,,,,,,,,,,,,,,,,,,,,,,,,,,,,,64,4,45308,1264,222,56,3,left,0,28,28,1,1,,,,,120,,,,,,,,,,,,,,,,,,,,,,,,,,,,,,,,,,,
586.793412583007,unswapping,,,,,,,,,,,,,,,,,,,,,,,,,,,,,,,,,,,,,,,,,,,,,,,64,4,45260,1260,222,56,3,left,1,27,27,1,2,,,,,122,,,,,,,,,,,,,,,,,,,,,,,,,,,,,,,,,,,
586.856530916004,unswapping,,,,,,,,,,,,,,,,,,,,,,,,,,,,,,,,,,,,,,,,,,,,,,,64,4,45260,1260,222,56,3,right,0,28,28,0,2,,,,,122,,,,,,,,,,,,,,,,,,,,,,,,,,,,,,,,,,,
586.9327293329989,unswapping,,,,,,,,,,,,,,,,,,,,,,,,,,,,,,,,,,,,,,,,,,,,,,,64,4,45260,1260,222,56,3,right,1,27,27,0,2,,,,,122,,,,,,,,,,,,,,,,,,,,,,,,,,,,,,,,,,,
587.1237777500064,unswapping,,,,,,,,,,,,,,,,,,,,,,,,,,,,,,,,,,,,,,,,,,,,,,,64,4,45212,1254,222,56,4,both,0,28,28,1,1,,,,,124,,,,,,,,,,,,,,,,,,,,,,,,,,,,,,,,,,,
587.346160458008,unswapping,,,,,,,,,,,,,,,,,,,,,,,,,,,,,,,,,,,,,,,,,,,,,,,64,4,45200,1252,222,56,4,both,1,27,27,1,2,,,,,126,,,,,,,,,,,,,,,,,,,,,,,,,,,,,,,,,,,
587.4102649999986,unswapping,,,,,,,,,,,,,,,,,,,,,,,,,,,,,,,,,,,,,,,,,,,,,,,64,4,45200,1252,222,56,4,left,0,28,28,0,2,,,,,126,,,,,,,,,,,,,,,,,,,,,,,,,,,,,,,,,,,
587.4864171250083,unswapping,,,,,,,,,,,,,,,,,,,,,,,,,,,,,,,,,,,,,,,,,,,,,,,64,4,45200,1252,222,56,4,left,1,27,27,0,2,,,,,126,,,,,,,,,,,,,,,,,,,,,,,,,,,,,,,,,,,
587.5498906660068,unswapping,,,,,,,,,,,,,,,,,,,,,,,,,,,,,,,,,,,,,,,,,,,,,,,64,4,45200,1252,222,56,4,right,0,28,28,0,2,,,,,126,,,,,,,,,,,,,,,,,,,,,,,,,,,,,,,,,,,
587.6256039160071,unswapping,,,,,,,,,,,,,,,,,,,,,,,,,,,,,,,,,,,,,,,,,,,,,,,64,4,45200,1252,222,56,4,right,1,27,27,0,2,,,,,126,,,,,,,,,,,,,,,,,,,,,,,,,,,,,,,,,,,
587.7574540830101,unswapping,,,,,,,,,,,,,,,,,,,,,,,,,,,,,,,,,,,,,,,,,,,,,,,64,4,45200,1252,222,56,5,both,0,28,28,0,0,,,,,126,,,,,,,,,,,,,,,,,,,,,,,,,,,,,,,,,,,
587.9225436660054,unswapping,,,,,,,,,,,,,,,,,,,,,,,,,,,,,,,,,,,,,,,,,,,,,,,64,4,45200,1252,222,56,5,both,1,27,27,0,0,,,,,126,,,,,,,,,,,,,,,,,,,,,,,,,,,,,,,,,,,
587.9868695830082,unswapping,,,,,,,,,,,,,,,,,,,,,,,,,,,,,,,,,,,,,,,,,,,,,,,64,4,45200,1252,222,56,5,left,0,28,28,0,0,,,,,126,,,,,,,,,,,,,,,,,,,,,,,,,,,,,,,,,,,
588.0618874159991,unswapping,,,,,,,,,,,,,,,,,,,,,,,,,,,,,,,,,,,,,,,,,,,,,,,64,4,45200,1252,222,56,5,left,1,27,27,0,0,,,,,126,,,,,,,,,,,,,,,,,,,,,,,,,,,,,,,,,,,
588.125327791,unswapping,,,,,,,,,,,,,,,,,,,,,,,,,,,,,,,,,,,,,,,,,,,,,,,64,4,45200,1252,222,56,5,right,0,28,28,0,0,,,,,126,,,,,,,,,,,,,,,,,,,,,,,,,,,,,,,,,,,
588.2022361660056,unswapping,,,,,,,,,,,,,,,,,,,,,,,,,,,,,,,,,,,,,,,,,,,,,,,64,4,45200,1252,222,56,5,right,1,27,27,0,0,,,,,126,,,,,,,,,,,,,,,,,,,,,,,,,,,,,,,,,,,
590.9487702080078,unswap_cycle_summary,,,,,,,,,,,,57,78,135,,,,,,,,,,,,,,,,,,,512,0.0006,,,,,,,,,,,,,64,4,45200,1252,222,56,,,,,,,,,,,,,,,,,,,,39,7.979139542003395,135,1885,1750,4,False,,,,,,,,,,,,,,,,,,,,,
593.3312430830119,rewiring,left,post_unswap,2.305634916992858,1463,False,False,,,,,,,,,,,,,,,,,,,,,,,,,,,,,,,,,,,,,,,,,,,,,,,,,,,,,,,,,,,,,,,,,,39,,,,,,,20,False,4,1,none,0.0,123,2.3056284159974894,4.262638749991311,,,,,,,,,,,,
595.2878378750029,rewiring,right,post_unswap,1.956345667000278,1597,False,False,,,,,,,,,,,,,,,,,,,,,,,,,,,,,,,,,,,,,,,,,,,,,,,,,,,,,,,,,,,,,,,,,,39,,,,,,,20,False,4,1,none,0.0,123,1.9563406250090338,4.262638749991311,,,,,,,,,,,,
595.4392578750121,cycle_progress,,,,,,,,,,,,57,78,135,,,,,,,,,,,,,,,,,,,512,0.0006,,36100,0,,,,,,,,,,64,4,45200,1252,222,56,,,,,,,,,,,,,,,,,,,,39,,135,1885,1750,4,False,,,,,,,,,4.262638749991311,,,,,,,,,,,,
595.6044134580006,absorbing,,,,,,,L,1,0,1430,1637,58,78,136,11,1,1,0.04251066700089723,0.04249112500110641,0.08500179200200364,0.08586491699679755,45200,57628,64,64,False,False,False,False,45200,64,False,512,0.0006,128,45200,0,total_elems,45200,57628,1,1,,,,0.0,64,4,45200,1252,222,56,,,,,,,,,,,,,,,,,,,,,,,,,,,,,,,,,,,,,,,,,,,,,,,
595.7743566249992,absorbing,,,,,,,L,2,0,1430,1637,58,78,136,5,0,1,0.04853962500055786,0.041914875007933006,0.09045450000849087,0.09112337500846479,57020,57628,64,64,False,False,False,False,57020,64,False,512,0.0006,128,45200,0,total_elems,57020,57628,1,1,,,,0.0,64,4,57020,1440,222,56,,,,,,,,,,,,,,,,,,,,,,,,,,,,,,,,,,,,,,,,,,,,,,,
595.9470422500017,absorbing,,,,,,,L,3,0,1430,1637,58,78,136,5,0,1,0.04434520901122596,0.04862400000274647,0.09296920901397243,0.09371154100517742,61476,78064,64,64,False,False,False,False,61476,64,False,512,0.0006,128,45200,0,total_elems,61476,78064,1,1,,,,0.0,64,4,61476,1522,222,56,,,,,,,,,,,,,,,,,,,,,,,,,,,,,,,,,,,,,,,,,,,,,,,
596.1239168330067,absorbing,,,,,,,L,4,0,1430,1637,58,78,136,5,0,1,0.048185125007876195,0.04955366700596642,0.09773879201384261,0.09841879199666437,73092,82616,64,64,False,False,False,False,73092,64,False,512,0.0006,128,45200,0,total_elems,73092,82616,1,1,,,,0.0,64,4,73092,1694,222,56,,,,,,,,,,,,,,,,,,,,,,,,,,,,,,,,,,,,,,,,,,,,,,,
596.3274424580013,absorbing,,,,,,,R,4,1,1430,1637,58,78,136,10,0,1,0.06866762500430923,0.055504125004517846,0.12417175000882708,0.12489391698909458,140676,100760,128,64,False,False,False,False,100760,64,False,512,0.0006,128,45200,0,total_elems,140676,100760,1,1,,,,0.0,64,4,100760,1884,222,56,,,,,,,,,,,,,,,,,,,,,,,,,,,,,,,,,,,,,,,,,,,,,,,
596.5891355830099,absorbing,,,,,,,R,4,2,1430,1637,58,78,136,12,0,1,0.10180899999977555,0.07947370799956843,0.18128270799934398,0.18198108300566673,242072,140288,256,128,False,False,False,False,140288,128,False,512,0.0006,128,45200,0,total_elems,242072,140288,1,1,,,,0.0,128,4,140288,2250,222,56,,,,,,,,,,,,,,,,,,,,,,,,,,,,,,,,,,,,,,,,,,,,,,,
596.9171836660098,absorbing,,,,,,,R,4,3,1430,1637,58,78,136,11,0,1,0.15442520899523515,0.09468179200484883,0.24910700100008398,0.24982399999862537,355328,172832,256,128,False,False,False,False,172832,128,False,512,0.0006,128,45200,0,total_elems,355328,172832,1,1,,,,0.0,128,4,172832,2534,222,56,,,,,,,,,,,,,,,,,,,,,,,,,,,,,,,,,,,,,,,,,,,,,,,
597.2671684160014,absorbing,,,,,,,R,4,4,1430,1637,58,78,136,13,0,1,0.16343270801007748,0.10699199998634867,0.27042470799642615,0.27116579200082924,387872,242656,256,128,False,False,False,False,242656,128,False,512,0.0006,128,45200,0,total_elems,387872,242656,1,1,,,,0.0,128,4,242656,3064,222,56,,,,,,,,,,,,,,,,,,,,,,,,,,,,,,,,,,,,,,,,,,,,,,,
597.6921481250029,absorbing,,,,,,,R,4,5,1430,1637,58,78,136,9,0,1,0.18603087500378024,0.15958466699521523,0.34561554199899547,0.34637395798927173,456708,397764,256,128,False,False,False,False,397764,128,False,512,0.0006,128,45200,0,total_elems,456708,397764,1,1,,,,0.0,128,4,397764,3882,222,56,,,,,,,,,,,,,,,,,,,,,,,,,,,,,,,,,,,,,,,,,,,,,,,
599.9863337910065,unswapping,,,,,,,,,,,,,,,,,,,,,,,,,,,,,,,,,,,,,,,,,,,,,,,256,4,534624,4120,222,56,0,both,0,28,28,7,7,,,,,0,,,,,,,,,,,,,,,,,,,,,,,,,,,,,,,,,,,
602.9379092080053,unswapping,,,,,,,,,,,,,,,,,,,,,,,,,,,,,,,,,,,,,,,,,,,,,,,256,4,442544,3546,222,56,0,both,1,27,27,11,18,,,,,0,,,,,,,,,,,,,,,,,,,,,,,,,,,,,,,,,,,
603.6246207910008,unswapping,,,,,,,,,,,,,,,,,,,,,,,,,,,,,,,,,,,,,,,,,,,,,,,128,4,211664,2774,222,56,0,left,0,28,28,9,27,,,,,18,,,,,,,,,,,,,,,,,,,,,,,,,,,,,,,,,,,
604.0133583330025,unswapping,,,,,,,,,,,,,,,,,,,,,,,,,,,,,,,,,,,,,,,,,,,,,,,64,4,110744,2170,222,56,0,left,1,27,27,14,41,,,,,46,,,,,,,,,,,,,,,,,,,,,,,,,,,,,,,,,,,
604.1909778750123,unswapping,,,,,,,,,,,,,,,,,,,,,,,,,,,,,,,,,,,,,,,,,,,,,,,64,4,82572,1806,222,56,0,right,0,28,28,11,52,,,,,68,,,,,,,,,,,,,,,,,,,,,,,,,,,,,,,,,,,
604.3803569160082,unswapping,,,,,,,,,,,,,,,,,,,,,,,,,,,,,,,,,,,,,,,,,,,,,,,64,4,72924,1688,222,56,0,right,1,27,27,6,58,,,,,80,,,,,,,,,,,,,,,,,,,,,,,,,,,,,,,,,,,
604.6395980000088,unswapping,,,,,,,,,,,,,,,,,,,,,,,,,,,,,,,,,,,,,,,,,,,,,,,64,4,69600,1598,222,56,1,both,0,28,28,4,4,,,,,88,,,,,,,,,,,,,,,,,,,,,,,,,,,,,,,,,,,
604.9921660000109,unswapping,,,,,,,,,,,,,,,,,,,,,,,,,,,,,,,,,,,,,,,,,,,,,,,64,4,62336,1474,222,56,1,both,1,27,27,6,10,,,,,102,,,,,,,,,,,,,,,,,,,,,,,,,,,,,,,,,,,
605.113664583012,unswapping,,,,,,,,,,,,,,,,,,,,,,,,,,,,,,,,,,,,,,,,,,,,,,,64,4,59640,1426,222,56,1,left,0,28,28,4,14,,,,,106,,,,,,,,,,,,,,,,,,,,,,,,,,,,,,,,,,,
605.2515462500014,unswapping,,,,,,,,,,,,,,,,,,,,,,,,,,,,,,,,,,,,,,,,,,,,,,,64,4,59600,1422,222,56,1,left,1,27,27,1,15,,,,,108,,,,,,,,,,,,,,,,,,,,,,,,,,,,,,,,,,,
605.3512035410095,unswapping,,,,,,,,,,,,,,,,,,,,,,,,,,,,,,,,,,,,,,,,,,,,,,,64,4,59552,1416,222,56,1,right,0,28,28,1,16,,,,,110,,,,,,,,,,,,,,,,,,,,,,,,,,,,,,,,,,,
605.4906485000101,unswapping,,,,,,,,,,,,,,,,,,,,,,,,,,,,,,,,,,,,,,,,,,,,,,,64,4,59360,1404,222,56,1,right,1,27,27,1,17,,,,,112,,,,,,,,,,,,,,,,,,,,,,,,,,,,,,,,,,,
605.7096814160031,unswapping,,,,,,,,,,,,,,,,,,,,,,,,,,,,,,,,,,,,,,,,,,,,,,,64,4,54832,1336,222,56,2,both,0,28,28,3,3,,,,,118,,,,,,,,,,,,,,,,,,,,,,,,,,,,,,,,,,,
605.9751202080079,unswapping,,,,,,,,,,,,,,,,,,,,,,,,,,,,,,,,,,,,,,,,,,,,,,,64,4,50224,1304,222,56,2,both,1,27,27,1,4,,,,,120,,,,,,,,,,,,,,,,,,,,,,,,,,,,,,,,,,,
606.0385119580023,unswapping,,,,,,,,,,,,,,,,,,,,,,,,,,,,,,,,,,,,,,,,,,,,,,,64,4,50224,1304,222,56,2,left,0,28,28,0,4,,,,,120,,,,,,,,,,,,,,,,,,,,,,,,,,,,,,,,,,,
606.1236666250043,unswapping,,,,,,,,,,,,,,,,,,,,,,,,,,,,,,,,,,,,,,,,,,,,,,,64,4,50224,1304,222,56,2,left,1,27,27,0,4,,,,,120,,,,,,,,,,,,,,,,,,,,,,,,,,,,,,,,,,,
606.219574666,unswapping,,,,,,,,,,,,,,,,,,,,,,,,,,,,,,,,,,,,,,,,,,,,,,,64,4,41008,1208,222,56,2,right,0,28,28,1,5,,,,,120,,,,,,,,,,,,,,,,,,,,,,,,,,,,,,,,,,,
606.2918646250037,unswapping,,,,,,,,,,,,,,,,,,,,,,,,,,,,,,,,,,,,,,,,,,,,,,,64,4,41008,1208,222,56,2,right,1,27,27,0,5,,,,,120,,,,,,,,,,,,,,,,,,,,,,,,,,,,,,,,,,,
606.4073990830075,unswapping,,,,,,,,,,,,,,,,,,,,,,,,,,,,,,,,,,,,,,,,,,,,,,,64,4,41008,1208,222,56,3,both,0,28,28,0,0,,,,,120,,,,,,,,,,,,,,,,,,,,,,,,,,,,,,,,,,,
606.5620736249984,unswapping,,,,,,,,,,,,,,,,,,,,,,,,,,,,,,,,,,,,,,,,,,,,,,,64,4,41008,1208,222,56,3,both,1,27,27,0,0,,,,,120,,,,,,,,,,,,,,,,,,,,,,,,,,,,,,,,,,,
606.6193761660106,unswapping,,,,,,,,,,,,,,,,,,,,,,,,,,,,,,,,,,,,,,,,,,,,,,,64,4,41008,1208,222,56,3,left,0,28,28,0,0,,,,,120,,,,,,,,,,,,,,,,,,,,,,,,,,,,,,,,,,,
606.6898732910049,unswapping,,,,,,,,,,,,,,,,,,,,,,,,,,,,,,,,,,,,,,,,,,,,,,,64,4,41008,1208,222,56,3,left,1,27,27,0,0,,,,,120,,,,,,,,,,,,,,,,,,,,,,,,,,,,,,,,,,,
606.7467405830103,unswapping,,,,,,,,,,,,,,,,,,,,,,,,,,,,,,,,,,,,,,,,,,,,,,,64,4,41008,1208,222,56,3,right,0,28,28,0,0,,,,,120,,,,,,,,,,,,,,,,,,,,,,,,,,,,,,,,,,,
606.8187319160061,unswapping,,,,,,,,,,,,,,,,,,,,,,,,,,,,,,,,,,,,,,,,,,,,,,,64,4,41008,1208,222,56,3,right,1,27,27,0,0,,,,,120,,,,,,,,,,,,,,,,,,,,,,,,,,,,,,,,,,,
608.6663320830121,unswap_cycle_summary,,,,,,,,,,,,58,78,136,,,,,,,,,,,,,,,,,,,512,0.0006,,,,,,,,,,,,,64,4,41008,1208,222,56,,,,,,,,,,,,,,,,,,,,40,8.537978166990797,136,1885,1749,1,False,,,,,,,,,,,,,,,,,,,,,
610.9310770830052,rewiring,left,post_unswap,2.186770707994583,1428,False,False,,,,,,,,,,,,,,,,,,,,,,,,,,,,,,,,,,,,,,,,,,,,,,,,,,,,,,,,,,,,,,,,,,40,,,,,,,20,False,1,1,none,0.0,123,2.186761500008288,4.171810416009976,,,,,,,,,,,,
612.9156511660112,rewiring,right,post_unswap,1.9842924999975367,1634,False,False,,,,,,,,,,,,,,,,,,,,,,,,,,,,,,,,,,,,,,,,,,,,,,,,,,,,,,,,,,,,,,,,,,40,,,,,,,20,False,1,1,none,0.0,123,1.9842828330001794,4.171810416009976,,,,,,,,,,,,
613.0733083330124,cycle_progress,,,,,,,,,,,,58,78,136,,,,,,,,,,,,,,,,,,,512,0.0006,,45200,0,,,,,,,,,,64,4,41008,1208,222,56,,,,,,,,,,,,,,,,,,,,40,,136,1885,1749,1,False,,,,,,,,,4.171810416009976,,,,,,,,,,,,
613.2389938330016,absorbing,,,,,,,L,1,0,1329,1539,58,78,136,16,0,0,0.04022383299889043,0.0418177499959711,0.08204158299486153,0.08290458399278577,41008,51904,64,64,False,False,False,False,41008,64,False,512,0.0006,128,41008,0,total_elems,41008,51904,1,1,,,,0.0,64,4,41008,1208,222,56,,,,,,,,,,,,,,,,,,,,,,,,,,,,,,,,,,,,,,,,,,,,,,,
613.4220808329992,absorbing,,,,,,,R,1,1,1329,1539,58,78,136,9,0,0,0.06011866701010149,0.041433916994719766,0.10155258400482126,0.10227095799928065,64780,51904,64,64,False,False,False,False,51904,64,False,512,0.0006,128,41008,0,total_elems,64780,51904,1,1,,,,0.0,64,4,51904,1388,222,56,,,,,,,,,,,,,,,,,,,,,,,,,,,,,,,,,,,,,,,,,,,,,,,
613.623239833003,absorbing,,,,,,,R,1,2,1329,1539,58,78,136,12,0,0,0.07275258300069254,0.04742183300550096,0.1201744160061935,0.12089541699970141,84016,66832,64,64,False,False,False,False,66832,64,False,512,0.0006,128,41008,0,total_elems,84016,66832,1,1,,,,0.0,64,4,66832,1656,222,56,,,,,,,,,,,,,,,,,,,,,,,,,,,,,,,,,,,,,,,,,,,,,,,
613.8446624580101,absorbing,,,,,,,L,2,2,1329,1539,58,78,136,12,0,0,0.08496724998985883,0.05509199999505654,0.14005924998491537,0.1407577920035692,94208,97128,64,64,False,False,False,False,94208,64,False,512,0.0006,128,41008,0,total_elems,94208,97128,1,1,,,,0.0,64,4,94208,1856,222,56,,,,,,,,,,,,,,,,,,,,,,,,,,,,,,,,,,,,,,,,,,,,,,,
614.0651032080059,absorbing,,,,,,,R,2,3,1329,1539,58,78,136,14,0,0,0.07527491700602695,0.06459208299929742,0.13986700000532437,0.14054804100305773,125712,124016,64,64,False,False,False,False,124016,64,False,512,0.0006,128,41008,0,total_elems,125712,124016,1,1,,,,0.0,64,4,124016,2224,222,56,,,,,,,,,,,,,,,,,,,,,,,,,,,,,,,,,,,,,,,,,,,,,,,
614.3205982080108,absorbing,,,,,,,L,3,3,1329,1539,59,78,137,12,1,1,0.09096862499427516,0.08261866700195242,0.17358729199622758,0.17427329199563246,152672,159152,64,64,False,False,False,False,152672,64,False,512,0.0006,128,41008,0,total_elems,152672,159152,1,1,,,,0.0,64,4,152672,2460,222,56,,,,,,,,,,,,,,,,,,,,,,,,,,,,,,,,,,,,,,,,,,,,,,,
614.6147195830126,absorbing,,,,,,,R,3,4,1329,1539,59,79,138,13,1,2,0.1193849169940222,0.09312841699284036,0.21251333398686256,0.21336266600701492,259136,188736,128,64,False,False,False,False,188736,64,False,512,0.0006,128,41008,0,total_elems,259136,188736,1,1,,,,0.0,64,4,188736,2850,222,56,,,,,,,,,,,,,,,,,,,,,,,,,,,,,,,,,,,,,,,,,,,,,,,
614.9905375000089,absorbing,,,,,,,R,3,5,1329,1539,59,80,139,10,1,3,0.1468378340068739,0.14776387500751298,0.29460170901438687,0.29534441699797753,297248,289472,128,128,False,False,False,False,289472,128,False,512,0.0006,128,41008,0,total_elems,297248,289472,1,1,,,,0.0,128,4,289472,3456,222,56,,,,,,,,,,,,,,,,,,,,,,,,,,,,,,,,,,,,,,,,,,,,,,,
615.6273439159995,absorbing,,,,,,,L,4,5,1329,1539,59,80,139,13,0,3,0.19223225000314415,0.36252483300631866,0.5547570830094628,0.5556010410073213,415136,471232,128,128,False,False,False,False,415136,128,False,512,0.0006,128,41008,0,total_elems,415136,471232,1,1,,,,0.0,128,4,415136,4078,222,56,,,,,,,,,,,,,,,,,,,,,,,,,,,,,,,,,,,,,,,,,,,,,,,
616.4803113330127,absorbing,,,,,,,R,4,6,1329,1539,59,80,139,10,0,3,0.38658737498917617,0.3858337090059649,0.7724210839951411,0.7731912500021281,757792,696740,256,128,False,False,False,False,696740,128,False,512,0.0006,128,41008,0,total_elems,757792,696740,1,1,,,,0.0,128,4,696740,5152,222,56,,,,,,,,,,,,,,,,,,,,,,,,,,,,,,,,,,,,,,,,,,,,,,,
623.859919333001,unswapping,,,,,,,,,,,,,,,,,,,,,,,,,,,,,,,,,,,,,,,,,,,,,,,256,4,1124228,6132,222,56,0,both,0,28,28,3,3,,,,,0,,,,,,,,,,,,,,,,,,,,,,,,,,,,,,,,,,,
628.9462369579996,unswapping,,,,,,,,,,,,,,,,,,,,,,,,,,,,,,,,,,,,,,,,,,,,,,,256,4,731816,4958,222,56,0,both,1,27,27,12,15,,,,,0,,,,,,,,,,,,,,,,,,,,,,,,,,,,,,,,,,,
630.1735384580097,unswapping,,,,,,,,,,,,,,,,,,,,,,,,,,,,,,,,,,,,,,,,,,,,,,,128,4,306872,3614,222,56,0,left,0,28,28,12,27,,,,,24,,,,,,,,,,,,,,,,,,,,,,,,,,,,,,,,,,,
630.6811578750057,unswapping,,,,,,,,,,,,,,,,,,,,,,,,,,,,,,,,,,,,,,,,,,,,,,,64,4,177224,2762,222,56,0,left,1,27,27,16,43,,,,,56,,,,,,,,,,,,,,,,,,,,,,,,,,,,,,,,,,,
630.9503718750057,unswapping,,,,,,,,,,,,,,,,,,,,,,,,,,,,,,,,,,,,,,,,,,,,,,,64,4,132040,2466,222,56,0,right,0,28,28,6,49,,,,,64,,,,,,,,,,,,,,,,,,,,,,,,,,,,,,,,,,,
631.1888707910111,unswapping,,,,,,,,,,,,,,,,,,,,,,,,,,,,,,,,,,,,,,,,,,,,,,,64,4,115264,2300,222,56,0,right,1,27,27,7,56,,,,,76,,,,,,,,,,,,,,,,,,,,,,,,,,,,,,,,,,,
631.5606961250014,unswapping,,,,,,,,,,,,,,,,,,,,,,,,,,,,,,,,,,,,,,,,,,,,,,,64,4,107864,2202,222,56,1,both,0,28,28,4,4,,,,,86,,,,,,,,,,,,,,,,,,,,,,,,,,,,,,,,,,,
631.9996450000035,unswapping,,,,,,,,,,,,,,,,,,,,,,,,,,,,,,,,,,,,,,,,,,,,,,,64,4,101048,2086,222,56,1,both,1,27,27,5,9,,,,,94,,,,,,,,,,,,,,,,,,,,,,,,,,,,,,,,,,,
632.1743773750059,unswapping,,,,,,,,,,,,,,,,,,,,,,,,,,,,,,,,,,,,,,,,,,,,,,,64,4,95720,1992,222,56,1,left,0,28,28,7,16,,,,,106,,,,,,,,,,,,,,,,,,,,,,,,,,,,,,,,,,,
632.3495497910044,unswapping,,,,,,,,,,,,,,,,,,,,,,,,,,,,,,,,,,,,,,,,,,,,,,,64,4,95528,1980,222,56,1,left,1,27,27,1,17,,,,,108,,,,,,,,,,,,,,,,,,,,,,,,,,,,,,,,,,,
632.4528393330111,unswapping,,,,,,,,,,,,,,,,,,,,,,,,,,,,,,,,,,,,,,,,,,,,,,,64,4,95528,1980,222,56,1,right,0,28,28,0,17,,,,,108,,,,,,,,,,,,,,,,,,,,,,,,,,,,,,,,,,,
632.5866210410022,unswapping,,,,,,,,,,,,,,,,,,,,,,,,,,,,,,,,,,,,,,,,,,,,,,,64,4,95528,1980,222,56,1,right,1,27,27,0,17,,,,,108,,,,,,,,,,,,,,,,,,,,,,,,,,,,,,,,,,,
632.9107327500096,unswapping,,,,,,,,,,,,,,,,,,,,,,,,,,,,,,,,,,,,,,,,,,,,,,,64,4,92648,1944,222,56,2,both,0,28,28,2,2,,,,,108,,,,,,,,,,,,,,,,,,,,,,,,,,,,,,,,,,,
633.3018316660018,unswapping,,,,,,,,,,,,,,,,,,,,,,,,,,,,,,,,,,,,,,,,,,,,,,,64,4,91396,1908,222,56,2,both,1,27,27,4,6,,,,,118,,,,,,,,,,,,,,,,,,,,,,,,,,,,,,,,,,,
633.4064865830005,unswapping,,,,,,,,,,,,,,,,,,,,,,,,,,,,,,,,,,,,,,,,,,,,,,,64,4,91396,1908,222,56,2,left,0,28,28,0,6,,,,,118,,,,,,,,,,,,,,,,,,,,,,,,,,,,,,,,,,,
633.5367500830034,unswapping,,,,,,,,,,,,,,,,,,,,,,,,,,,,,,,,,,,,,,,,,,,,,,,64,4,91396,1908,222,56,2,left,1,27,27,0,6,,,,,118,,,,,,,,,,,,,,,,,,,,,,,,,,,,,,,,,,,
633.6373493749998,unswapping,,,,,,,,,,,,,,,,,,,,,,,,,,,,,,,,,,,,,,,,,,,,,,,64,4,91396,1908,222,56,2,right,0,28,28,0,6,,,,,118,,,,,,,,,,,,,,,,,,,,,,,,,,,,,,,,,,,
633.767783208008,unswapping,,,,,,,,,,,,,,,,,,,,,,,,,,,,,,,,,,,,,,,,,,,,,,,64,4,91396,1908,222,56,2,right,1,27,27,0,6,,,,,118,,,,,,,,,,,,,,,,,,,,,,,,,,,,,,,,,,,
634.0792672500102,unswapping,,,,,,,,,,,,,,,,,,,,,,,,,,,,,,,,,,,,,,,,,,,,,,,64,4,90088,1886,222,56,3,both,0,28,28,3,3,,,,,124,,,,,,,,,,,,,,,,,,,,,,,,,,,,,,,,,,,
634.4521443749982,unswapping,,,,,,,,,,,,,,,,,,,,,,,,,,,,,,,,,,,,,,,,,,,,,,,64,4,88336,1848,222,56,3,both,1,27,27,2,5,,,,,128,,,,,,,,,,,,,,,,,,,,,,,,,,,,,,,,,,,
634.5531562079996,unswapping,,,,,,,,,,,,,,,,,,,,,,,,,,,,,,,,,,,,,,,,,,,,,,,64,4,88336,1848,222,56,3,left,0,28,28,0,5,,,,,128,,,,,,,,,,,,,,,,,,,,,,,,,,,,,,,,,,,
634.6801307080023,unswapping,,,,,,,,,,,,,,,,,,,,,,,,,,,,,,,,,,,,,,,,,,,,,,,64,4,88336,1848,222,56,3,left,1,27,27,0,5,,,,,128,,,,,,,,,,,,,,,,,,,,,,,,,,,,,,,,,,,
634.7775822910044,unswapping,,,,,,,,,,,,,,,,,,,,,,,,,,,,,,,,,,,,,,,,,,,,,,,64,4,88336,1848,222,56,3,right,0,28,28,0,5,,,,,128,,,,,,,,,,,,,,,,,,,,,,,,,,,,,,,,,,,
634.9053749160084,unswapping,,,,,,,,,,,,,,,,,,,,,,,,,,,,,,,,,,,,,,,,,,,,,,,64,4,88336,1848,222,56,3,right,1,27,27,0,5,,,,,128,,,,,,,,,,,,,,,,,,,,,,,,,,,,,,,,,,,
635.1143868330109,unswapping,,,,,,,,,,,,,,,,,,,,,,,,,,,,,,,,,,,,,,,,,,,,,,,64,4,88336,1848,222,56,4,both,0,28,28,0,0,,,,,128,,,,,,,,,,,,,,,,,,,,,,,,,,,,,,,,,,,
635.4034141660086,unswapping,,,,,,,,,,,,,,,,,,,,,,,,,,,,,,,,,,,,,,,,,,,,,,,64,4,88336,1848,222,56,4,both,1,27,27,0,0,,,,,128,,,,,,,,,,,,,,,,,,,,,,,,,,,,,,,,,,,
635.5054521660059,unswapping,,,,,,,,,,,,,,,,,,,,,,,,,,,,,,,,,,,,,,,,,,,,,,,64,4,88336,1848,222,56,4,left,0,28,28,0,0,,,,,128,,,,,,,,,,,,,,,,,,,,,,,,,,,,,,,,,,,
635.6318901250052,unswapping,,,,,,,,,,,,,,,,,,,,,,,,,,,,,,,,,,,,,,,,,,,,,,,64,4,88336,1848,222,56,4,left,1,27,27,0,0,,,,,128,,,,,,,,,,,,,,,,,,,,,,,,,,,,,,,,,,,
635.7290050410083,unswapping,,,,,,,,,,,,,,,,,,,,,,,,,,,,,,,,,,,,,,,,,,,,,,,64,4,88336,1848,222,56,4,right,0,28,28,0,0,,,,,128,,,,,,,,,,,,,,,,,,,,,,,,,,,,,,,,,,,
635.8574046249996,unswapping,,,,,,,,,,,,,,,,,,,,,,,,,,,,,,,,,,,,,,,,,,,,,,,64,4,88336,1848,222,56,4,right,1,27,27,0,0,,,,,128,,,,,,,,,,,,,,,,,,,,,,,,,,,,,,,,,,,
638.2241697499994,unswap_cycle_summary,,,,,,,,,,,,59,80,139,,,,,,,,,,,,,,,,,,,512,0.0006,,,,,,,,,,,,,64,4,88336,1848,222,56,,,,,,,,,,,,,,,,,,,,41,18.001966292009456,139,1885,1746,3,False,,,,,,,,,,,,,,,,,,,,,
640.062976458008,rewiring,left,post_unswap,1.7583606249972945,1327,False,False,,,,,,,,,,,,,,,,,,,,,,,,,,,,,,,,,,,,,,,,,,,,,,,,,,,,,,,,,,,,,,,,,,41,,,,,,,20,False,3,1,none,0.0,123,1.75835137499962,3.740234666998731,,,,,,,,,,,,
642.0444126250077,rewiring,right,post_unswap,1.9810715829953551,1535,False,False,,,,,,,,,,,,,,,,,,,,,,,,,,,,,,,,,,,,,,,,,,,,,,,,,,,,,,,,,,,,,,,,,,41,,,,,,,20,False,3,1,none,0.0,123,1.9810621250071563,3.740234666998731,,,,,,,,,,,,
642.2072913750017,cycle_progress,,,,,,,,,,,,59,80,139,,,,,,,,,,,,,,,,,,,512,0.0006,,41008,0,,,,,,,,,,64,4,88336,1848,222,56,,,,,,,,,,,,,,,,,,,,41,,139,1885,1746,3,False,,,,,,,,,3.740234666998731,,,,,,,,,,,,
642.4033896660112,absorbing,,,,,,,L,1,0,1449,1513,59,80,139,14,0,0,0.05124200000136625,0.06019816700427327,0.11144016700563952,0.11235562499496154,88336,116092,64,128,False,False,False,False,88336,64,False,512,0.0006,128,88336,0,total_elems,88336,116092,1,1,,,,0.0,64,4,88336,1848,222,56,,,,,,,,,,,,,,,,,,,,,,,,,,,,,,,,,,,,,,,,,,,,,,,
642.6453266660101,absorbing,,,,,,,R,1,1,1449,1513,59,80,139,10,0,0,0.09847145900130272,0.06052737499703653,0.15899883399833925,0.15976866699929815,175880,116092,128,128,False,False,False,False,116092,128,False,512,0.0006,128,88336,0,total_elems,175880,116092,1,1,,,,0.0,128,4,116092,2126,222,56,,,,,,,,,,,,,,,,,,,,,,,,,,,,,,,,,,,,,,,,,,,,,,,
642.9691835410049,absorbing,,,,,,,R,1,2,1449,1513,59,80,139,12,0,0,0.14236112500657327,0.09846804100379813,0.2408291660103714,0.24153662500611972,277640,215200,128,128,False,False,False,False,215200,128,False,512,0.0006,128,88336,0,total_elems,277640,215200,1,1,,,,0.0,128,4,215200,2596,222,56,,,,,,,,,,,,,,,,,,,,,,,,,,,,,,,,,,,,,,,,,,,,,,,
643.378774249999,absorbing,,,,,,,R,1,3,1449,1513,59,80,139,10,0,0,0.20106333401054144,0.12622074999671895,0.3272840840072604,0.32805041600659024,401480,276000,256,128,False,False,False,False,276000,128,False,512,0.0006,128,88336,0,total_elems,401480,276000,1,1,,,,0.0,128,4,276000,3138,222,56,,,,,,,,,,,,,,,,,,,,,,,,,,,,,,,,,,,,,,,,,,,,,,,
643.8418495000078,absorbing,,,,,,,R,1,4,1449,1513,59,81,140,8,1,1,0.217308375009452,0.1627391250076471,0.3800475000170991,0.38077870800043456,460936,371232,256,128,False,False,False,False,371232,128,False,512,0.0006,128,88336,0,total_elems,460936,371232,1,1,,,,0.0,128,4,371232,3680,222,56,,,,,,,,,,,,,,,,,,,,,,,,,,,,,,,,,,,,,,,,,,,,,,,
644.4022685829987,absorbing,,,,,,,R,1,5,1449,1513,59,82,141,6,1,2,0.2530057090043556,0.22470449999673292,0.4777102090010885,0.47847829200327396,554248,526776,256,128,False,False,False,False,526776,128,False,512,0.0006,128,88336,0,total_elems,554248,526776,1,1,,,,0.0,128,4,526776,4266,222,56,,,,,,,,,,,,,,,,,,,,,,,,,,,,,,,,,,,,,,,,,,,,,,,
645.079477916006,absorbing,,,,,,,R,1,6,1449,1513,59,83,142,5,1,3,0.3234232910035644,0.2698892500047805,0.5933125410083449,0.5940995419950923,702464,616776,256,128,False,False,False,False,616776,128,False,512,0.0006,128,88336,0,total_elems,702464,616776,1,1,,,,0.0,128,4,616776,4784,222,56,,,,,,,,,,,,,,,,,,,,,,,,,,,,,,,,,,,,,,,,,,,,,,,
645.8656381250039,absorbing,,,,,,,R,1,7,1449,1513,59,84,143,4,1,4,0.355050875004963,0.34777670800394844,0.7028275830089115,0.703627625000081,775432,814576,256,128,False,False,False,False,814576,128,False,512,0.0006,128,88336,0,total_elems,775432,814576,1,1,,,,0.0,128,4,814576,5422,222,56,,,,,,,,,,,,,,,,,,,,,,,,,,,,,,,,,,,,,,,,,,,,,,,
652.5258361250017,unswapping,,,,,,,,,,,,,,,,,,,,,,,,,,,,,,,,,,,,,,,,,,,,,,,256,4,749704,5196,222,56,0,both,0,28,28,5,5,,,,,0,,,,,,,,,,,,,,,,,,,,,,,,,,,,,,,,,,,
654.5743244160112,unswapping,,,,,,,,,,,,,,,,,,,,,,,,,,,,,,,,,,,,,,,,,,,,,,,128,4,394888,3856,222,56,0,both,1,27,27,11,16,,,,,0,,,,,,,,,,,,,,,,,,,,,,,,,,,,,,,,,,,
655.1460231250094,unswapping,,,,,,,,,,,,,,,,,,,,,,,,,,,,,,,,,,,,,,,,,,,,,,,128,4,380224,3732,222,56,0,left,0,28,28,5,21,,,,,10,,,,,,,,,,,,,,,,,,,,,,,,,,,,,,,,,,,
655.9419747080101,unswapping,,,,,,,,,,,,,,,,,,,,,,,,,,,,,,,,,,,,,,,,,,,,,,,128,4,222600,3150,222,56,0,left,1,27,27,11,32,,,,,32,,,,,,,,,,,,,,,,,,,,,,,,,,,,,,,,,,,
656.2472171660047,unswapping,,,,,,,,,,,,,,,,,,,,,,,,,,,,,,,,,,,,,,,,,,,,,,,64,4,128864,2460,222,56,0,right,0,28,28,7,39,,,,,46,,,,,,,,,,,,,,,,,,,,,,,,,,,,,,,,,,,
656.4802523750113,unswapping,,,,,,,,,,,,,,,,,,,,,,,,,,,,,,,,,,,,,,,,,,,,,,,64,4,113136,2266,222,56,0,right,1,27,27,7,46,,,,,60,,,,,,,,,,,,,,,,,,,,,,,,,,,,,,,,,,,
656.8554217080091,unswapping,,,,,,,,,,,,,,,,,,,,,,,,,,,,,,,,,,,,,,,,,,,,,,,64,4,90960,2016,222,56,1,both,0,28,28,8,8,,,,,70,,,,,,,,,,,,,,,,,,,,,,,,,,,,,,,,,,,
657.2084882909985,unswapping,,,,,,,,,,,,,,,,,,,,,,,,,,,,,,,,,,,,,,,,,,,,,,,64,4,86916,1958,222,56,1,both,1,27,27,3,11,,,,,74,,,,,,,,,,,,,,,,,,,,,,,,,,,,,,,,,,,
657.3621642500075,unswapping,,,,,,,,,,,,,,,,,,,,,,,,,,,,,,,,,,,,,,,,,,,,,,,64,4,85036,1898,222,56,1,left,0,28,28,5,16,,,,,80,,,,,,,,,,,,,,,,,,,,,,,,,,,,,,,,,,,
657.5105982910027,unswapping,,,,,,,,,,,,,,,,,,,,,,,,,,,,,,,,,,,,,,,,,,,,,,,64,4,84524,1882,222,56,1,left,1,27,27,1,17,,,,,82,,,,,,,,,,,,,,,,,,,,,,,,,,,,,,,,,,,
657.6679117500025,unswapping,,,,,,,,,,,,,,,,,,,,,,,,,,,,,,,,,,,,,,,,,,,,,,,64,4,77356,1802,222,56,1,right,0,28,28,3,20,,,,,86,,,,,,,,,,,,,,,,,,,,,,,,,,,,,,,,,,,
657.8110823330062,unswapping,,,,,,,,,,,,,,,,,,,,,,,,,,,,,,,,,,,,,,,,,,,,,,,64,4,76204,1766,222,56,1,right,1,27,27,3,23,,,,,92,,,,,,,,,,,,,,,,,,,,,,,,,,,,,,,,,,,
658.0899725000054,unswapping,,,,,,,,,,,,,,,,,,,,,,,,,,,,,,,,,,,,,,,,,,,,,,,64,4,76192,1764,222,56,2,both,0,28,28,1,1,,,,,92,,,,,,,,,,,,,,,,,,,,,,,,,,,,,,,,,,,
658.3783425830043,unswapping,,,,,,,,,,,,,,,,,,,,,,,,,,,,,,,,,,,,,,,,,,,,,,,64,4,75808,1748,222,56,2,both,1,27,27,2,3,,,,,98,,,,,,,,,,,,,,,,,,,,,,,,,,,,,,,,,,,
658.4696544160106,unswapping,,,,,,,,,,,,,,,,,,,,,,,,,,,,,,,,,,,,,,,,,,,,,,,64,4,75808,1748,222,56,2,left,0,28,28,0,3,,,,,98,,,,,,,,,,,,,,,,,,,,,,,,,,,,,,,,,,,
658.565690583011,unswapping,,,,,,,,,,,,,,,,,,,,,,,,,,,,,,,,,,,,,,,,,,,,,,,64,4,75808,1748,222,56,2,left,1,27,27,0,3,,,,,98,,,,,,,,,,,,,,,,,,,,,,,,,,,,,,,,,,,
658.6941989160114,unswapping,,,,,,,,,,,,,,,,,,,,,,,,,,,,,,,,,,,,,,,,,,,,,,,64,4,75616,1736,222,56,2,right,0,28,28,1,4,,,,,100,,,,,,,,,,,,,,,,,,,,,,,,,,,,,,,,,,,
658.7863639999996,unswapping,,,,,,,,,,,,,,,,,,,,,,,,,,,,,,,,,,,,,,,,,,,,,,,64,4,75616,1736,222,56,2,right,1,27,27,0,4,,,,,100,,,,,,,,,,,,,,,,,,,,,,,,,,,,,,,,,,,
659.070055958,unswapping,,,,,,,,,,,,,,,,,,,,,,,,,,,,,,,,,,,,,,,,,,,,,,,64,4,75376,1724,222,56,3,both,0,28,28,2,2,,,,,104,,,,,,,,,,,,,,,,,,,,,,,,,,,,,,,,,,,
659.3549016250035,unswapping,,,,,,,,,,,,,,,,,,,,,,,,,,,,,,,,,,,,,,,,,,,,,,,64,4,75344,1720,222,56,3,both,1,27,27,1,3,,,,,106,,,,,,,,,,,,,,,,,,,,,,,,,,,,,,,,,,,
659.4468855830055,unswapping,,,,,,,,,,,,,,,,,,,,,,,,,,,,,,,,,,,,,,,,,,,,,,,64,4,75344,1720,222,56,3,left,0,28,28,0,3,,,,,106,,,,,,,,,,,,,,,,,,,,,,,,,,,,,,,,,,,
659.5443471250037,unswapping,,,,,,,,,,,,,,,,,,,,,,,,,,,,,,,,,,,,,,,,,,,,,,,64,4,75344,1720,222,56,3,left,1,27,27,0,3,,,,,106,,,,,,,,,,,,,,,,,,,,,,,,,,,,,,,,,,,
659.6355727500049,unswapping,,,,,,,,,,,,,,,,,,,,,,,,,,,,,,,,,,,,,,,,,,,,,,,64,4,75344,1720,222,56,3,right,0,28,28,0,3,,,,,106,,,,,,,,,,,,,,,,,,,,,,,,,,,,,,,,,,,
659.7274747500051,unswapping,,,,,,,,,,,,,,,,,,,,,,,,,,,,,,,,,,,,,,,,,,,,,,,64,4,75344,1720,222,56,3,right,1,27,27,0,3,,,,,106,,,,,,,,,,,,,,,,,,,,,,,,,,,,,,,,,,,
659.931284708,unswapping,,,,,,,,,,,,,,,,,,,,,,,,,,,,,,,,,,,,,,,,,,,,,,,64,4,75344,1720,222,56,4,both,0,28,28,0,0,,,,,106,,,,,,,,,,,,,,,,,,,,,,,,,,,,,,,,,,,
660.1455986250076,unswapping,,,,,,,,,,,,,,,,,,,,,,,,,,,,,,,,,,,,,,,,,,,,,,,64,4,75344,1720,222,56,4,both,1,27,27,0,0,,,,,106,,,,,,,,,,,,,,,,,,,,,,,,,,,,,,,,,,,
660.2374779579986,unswapping,,,,,,,,,,,,,,,,,,,,,,,,,,,,,,,,,,,,,,,,,,,,,,,64,4,75344,1720,222,56,4,left,0,28,28,0,0,,,,,106,,,,,,,,,,,,,,,,,,,,,,,,,,,,,,,,,,,
660.3322027079994,unswapping,,,,,,,,,,,,,,,,,,,,,,,,,,,,,,,,,,,,,,,,,,,,,,,64,4,75344,1720,222,56,4,left,1,27,27,0,0,,,,,106,,,,,,,,,,,,,,,,,,,,,,,,,,,,,,,,,,,
660.4236427080032,unswapping,,,,,,,,,,,,,,,,,,,,,,,,,,,,,,,,,,,,,,,,,,,,,,,64,4,75344,1720,222,56,4,right,0,28,28,0,0,,,,,106,,,,,,,,,,,,,,,,,,,,,,,,,,,,,,,,,,,
660.5166308330081,unswapping,,,,,,,,,,,,,,,,,,,,,,,,,,,,,,,,,,,,,,,,,,,,,,,64,4,75344,1720,222,56,4,right,1,27,27,0,0,,,,,106,,,,,,,,,,,,,,,,,,,,,,,,,,,,,,,,,,,
662.9600993750064,unswap_cycle_summary,,,,,,,,,,,,59,84,143,,,,,,,,,,,,,,,,,,,512,0.0006,,,,,,,,,,,,,64,4,75344,1720,222,56,,,,,,,,,,,,,,,,,,,,42,13.610338332990068,143,1885,1742,4,False,,,,,,,,,,,,,,,,,,,,,
664.8615239580104,rewiring,left,post_unswap,1.819624791998649,1450,False,False,,,,,,,,,,,,,,,,,,,,,,,,,,,,,,,,,,,,,,,,,,,,,,,,,,,,,,,,,,,,,,,,,,42,,,,,,,20,False,4,1,none,0.0,123,1.8196190839953488,3.8156966249953257,,,,,,,,,,,,
666.8572791660117,rewiring,right,post_unswap,1.9954894580005202,1508,False,False,,,,,,,,,,,,,,,,,,,,,,,,,,,,,,,,,,,,,,,,,,,,,,,,,,,,,,,,,,,,,,,,,,42,,,,,,,20,False,4,1,none,0.0,123,1.9954835829994408,3.8156966249953257,,,,,,,,,,,,
667.019749250001,cycle_progress,,,,,,,,,,,,59,84,143,,,,,,,,,,,,,,,,,,,512,0.0006,,88336,0,,,,,,,,,,64,4,75344,1720,222,56,,,,,,,,,,,,,,,,,,,,42,,143,1885,1742,4,False,,,,,,,,,3.8156966249953257,,,,,,,,,,,,
667.2213311250089,absorbing,,,,,,,L,1,0,1468,1549,60,84,144,14,1,1,0.050007625002763234,0.06620220901095308,0.11620983401371632,0.1171042909991229,75324,128024,64,128,False,False,False,False,75324,64,False,512,0.0006,128,75344,0,total_elems,75324,128024,1,1,,,,0.0,64,4,75324,1718,222,56,,,,,,,,,,,,,,,,,,,,,,,,,,,,,,,,,,,,,,,,,,,,,,,
667.4553735410009,absorbing,,,,,,,R,1,1,1468,1549,60,85,145,10,1,2,0.08214800000132527,0.06668441600049846,0.14883241600182373,0.14955004199873656,145268,127992,128,128,False,False,False,False,127992,128,False,512,0.0006,128,75344,0,total_elems,145268,127992,1,1,,,,0.0,128,4,127992,2118,222,56,,,,,,,,,,,,,,,,,,,,,,,,,,,,,,,,,,,,,,,,,,,,,,,
667.7771900830121,absorbing,,,,,,,R,1,2,1468,1549,60,86,146,7,1,3,0.13986470800591633,0.09592850001354236,0.2357932080194587,0.23653691700019408,235272,200288,128,128,False,False,False,False,200288,128,False,512,0.0006,128,75344,0,total_elems,235272,200288,1,1,,,,0.0,128,4,200288,2438,222,56,,,,,,,,,,,,,,,,,,,,,,,,,,,,,,,,,,,,,,,,,,,,,,,
668.1481157080125,absorbing,,,,,,,R,1,3,1468,1549,60,86,146,7,0,3,0.17293712501123082,0.11194383401016239,0.2848809590213932,0.2857010000006994,315144,224352,128,128,False,False,False,False,224352,128,False,512,0.0006,128,75344,0,total_elems,315144,224352,1,1,,,,0.0,128,4,224352,2682,222,56,,,,,,,,,,,,,,,,,,,,,,,,,,,,,,,,,,,,,,,,,,,,,,,
668.5426953749993,absorbing,,,,,,,R,1,4,1468,1549,60,86,146,6,0,3,0.18374500000209082,0.12540950000402518,0.309154500006116,0.309831958002178,343944,296864,128,128,False,False,False,False,296864,128,False,512,0.0006,128,75344,0,total_elems,343944,296864,1,1,,,,0.0,128,4,296864,3134,222,56,,,,,,,,,,,,,,,,,,,,,,,,,,,,,,,,,,,,,,,,,,,,,,,
669.0417419580044,absorbing,,,,,,,R,1,5,1468,1549,60,86,146,6,0,3,0.23549712500243913,0.17816629201115575,0.4136634170135949,0.41438104200642556,438536,354184,128,128,False,False,False,False,354184,128,False,512,0.0006,128,75344,0,total_elems,438536,354184,1,1,,,,0.0,128,4,354184,3440,222,56,,,,,,,,,,,,,,,,,,,,,,,,,,,,,,,,,,,,,,,,,,,,,,,
669.6227831249998,absorbing,,,,,,,R,1,6,1468,1549,60,86,146,7,0,3,0.2828538329922594,0.21126799999910872,0.49412183299136814,0.4948580829950515,592732,447832,256,128,False,False,False,False,447832,128,False,512,0.0006,128,75344,0,total_elems,592732,447832,1,1,,,,0.0,128,4,447832,3974,222,56,,,,,,,,,,,,,,,,,,,,,,,,,,,,,,,,,,,,,,,,,,,,,,,
672.8733657080011,unswapping,,,,,,,,,,,,,,,,,,,,,,,,,,,,,,,,,,,,,,,,,,,,,,,256,4,594312,4460,222,56,0,both,0,28,28,3,3,,,,,0,,,,,,,,,,,,,,,,,,,,,,,,,,,,,,,,,,,
674.9136514160055,unswapping,,,,,,,,,,,,,,,,,,,,,,,,,,,,,,,,,,,,,,,,,,,,,,,256,4,556680,4168,222,56,0,both,1,27,27,4,7,,,,,0,,,,,,,,,,,,,,,,,,,,,,,,,,,,,,,,,,,
675.8640908330126,unswapping,,,,,,,,,,,,,,,,,,,,,,,,,,,,,,,,,,,,,,,,,,,,,,,128,4,387968,3560,222,56,0,left,0,28,28,8,15,,,,,16,,,,,,,,,,,,,,,,,,,,,,,,,,,,,,,,,,,
676.4924147080019,unswapping,,,,,,,,,,,,,,,,,,,,,,,,,,,,,,,,,,,,,,,,,,,,,,,128,4,244424,2836,222,56,0,left,1,27,27,13,28,,,,,42,,,,,,,,,,,,,,,,,,,,,,,,,,,,,,,,,,,
676.8516642080067,unswapping,,,,,,,,,,,,,,,,,,,,,,,,,,,,,,,,,,,,,,,,,,,,,,,128,4,231968,2688,222,56,0,right,0,28,28,5,33,,,,,52,,,,,,,,,,,,,,,,,,,,,,,,,,,,,,,,,,,
677.2475342500111,unswapping,,,,,,,,,,,,,,,,,,,,,,,,,,,,,,,,,,,,,,,,,,,,,,,128,4,222768,2564,222,56,0,right,1,27,27,5,38,,,,,62,,,,,,,,,,,,,,,,,,,,,,,,,,,,,,,,,,,
677.8813026249991,unswapping,,,,,,,,,,,,,,,,,,,,,,,,,,,,,,,,,,,,,,,,,,,,,,,128,4,218800,2482,222,56,1,both,0,28,28,5,5,,,,,70,,,,,,,,,,,,,,,,,,,,,,,,,,,,,,,,,,,
678.6932010000019,unswapping,,,,,,,,,,,,,,,,,,,,,,,,,,,,,,,,,,,,,,,,,,,,,,,128,4,218788,2480,222,56,1,both,1,27,27,1,6,,,,,70,,,,,,,,,,,,,,,,,,,,,,,,,,,,,,,,,,,
679.0278085830068,unswapping,,,,,,,,,,,,,,,,,,,,,,,,,,,,,,,,,,,,,,,,,,,,,,,128,4,203832,2360,222,56,1,left,0,28,28,6,12,,,,,78,,,,,,,,,,,,,,,,,,,,,,,,,,,,,,,,,,,
679.3631238330127,unswapping,,,,,,,,,,,,,,,,,,,,,,,,,,,,,,,,,,,,,,,,,,,,,,,128,4,203064,2342,222,56,1,left,1,27,27,1,13,,,,,78,,,,,,,,,,,,,,,,,,,,,,,,,,,,,,,,,,,
679.5792964580032,unswapping,,,,,,,,,,,,,,,,,,,,,,,,,,,,,,,,,,,,,,,,,,,,,,,128,4,203064,2342,222,56,1,right,0,28,28,0,13,,,,,78,,,,,,,,,,,,,,,,,,,,,,,,,,,,,,,,,,,
679.9256667910086,unswapping,,,,,,,,,,,,,,,,,,,,,,,,,,,,,,,,,,,,,,,,,,,,,,,128,4,202236,2300,222,56,1,right,1,27,27,4,17,,,,,86,,,,,,,,,,,,,,,,,,,,,,,,,,,,,,,,,,,
680.3676286660047,unswapping,,,,,,,,,,,,,,,,,,,,,,,,,,,,,,,,,,,,,,,,,,,,,,,128,4,202236,2300,222,56,2,both,0,28,28,0,0,,,,,86,,,,,,,,,,,,,,,,,,,,,,,,,,,,,,,,,,,
681.1354729160084,unswapping,,,,,,,,,,,,,,,,,,,,,,,,,,,,,,,,,,,,,,,,,,,,,,,128,4,189900,2232,222,56,2,both,1,27,27,2,2,,,,,92,,,,,,,,,,,,,,,,,,,,,,,,,,,,,,,,,,,
681.4257144160074,unswapping,,,,,,,,,,,,,,,,,,,,,,,,,,,,,,,,,,,,,,,,,,,,,,,128,4,177012,2156,222,56,2,left,0,28,28,2,4,,,,,92,,,,,,,,,,,,,,,,,,,,,,,,,,,,,,,,,,,
681.6503810830036,unswapping,,,,,,,,,,,,,,,,,,,,,,,,,,,,,,,,,,,,,,,,,,,,,,,128,4,177012,2156,222,56,2,left,1,27,27,0,4,,,,,92,,,,,,,,,,,,,,,,,,,,,,,,,,,,,,,,,,,
681.9188336660009,unswapping,,,,,,,,,,,,,,,,,,,,,,,,,,,,,,,,,,,,,,,,,,,,,,,128,4,176504,2130,222,56,2,right,0,28,28,3,7,,,,,98,,,,,,,,,,,,,,,,,,,,,,,,,,,,,,,,,,,
682.1451505830046,unswapping,,,,,,,,,,,,,,,,,,,,,,,,,,,,,,,,,,,,,,,,,,,,,,,128,4,176504,2130,222,56,2,right,1,27,27,0,7,,,,,98,,,,,,,,,,,,,,,,,,,,,,,,,,,,,,,,,,,
682.6806770830008,unswapping,,,,,,,,,,,,,,,,,,,,,,,,,,,,,,,,,,,,,,,,,,,,,,,128,4,176456,2126,222,56,3,both,0,28,28,1,1,,,,,100,,,,,,,,,,,,,,,,,,,,,,,,,,,,,,,,,,,
683.3288588330033,unswapping,,,,,,,,,,,,,,,,,,,,,,,,,,,,,,,,,,,,,,,,,,,,,,,128,4,176220,2112,222,56,3,both,1,27,27,3,4,,,,,104,,,,,,,,,,,,,,,,,,,,,,,,,,,,,,,,,,,
683.5099794580019,unswapping,,,,,,,,,,,,,,,,,,,,,,,,,,,,,,,,,,,,,,,,,,,,,,,128,4,176220,2112,222,56,3,left,0,28,28,0,4,,,,,104,,,,,,,,,,,,,,,,,,,,,,,,,,,,,,,,,,,
683.7340797500074,unswapping,,,,,,,,,,,,,,,,,,,,,,,,,,,,,,,,,,,,,,,,,,,,,,,128,4,176220,2112,222,56,3,left,1,27,27,0,4,,,,,104,,,,,,,,,,,,,,,,,,,,,,,,,,,,,,,,,,,
683.9187241250038,unswapping,,,,,,,,,,,,,,,,,,,,,,,,,,,,,,,,,,,,,,,,,,,,,,,128,4,176220,2112,222,56,3,right,0,28,28,0,4,,,,,104,,,,,,,,,,,,,,,,,,,,,,,,,,,,,,,,,,,
684.1451239580056,unswapping,,,,,,,,,,,,,,,,,,,,,,,,,,,,,,,,,,,,,,,,,,,,,,,128,4,176220,2112,222,56,3,right,1,27,27,0,4,,,,,104,,,,,,,,,,,,,,,,,,,,,,,,,,,,,,,,,,,
684.6792019580025,unswapping,,,,,,,,,,,,,,,,,,,,,,,,,,,,,,,,,,,,,,,,,,,,,,,128,4,176192,2110,222,56,4,both,0,28,28,1,1,,,,,104,,,,,,,,,,,,,,,,,,,,,,,,,,,,,,,,,,,
685.1643173750053,unswapping,,,,,,,,,,,,,,,,,,,,,,,,,,,,,,,,,,,,,,,,,,,,,,,128,4,176192,2110,222,56,4,both,1,27,27,0,1,,,,,104,,,,,,,,,,,,,,,,,,,,,,,,,,,,,,,,,,,
685.3467217910074,unswapping,,,,,,,,,,,,,,,,,,,,,,,,,,,,,,,,,,,,,,,,,,,,,,,128,4,176192,2110,222,56,4,left,0,28,28,0,1,,,,,104,,,,,,,,,,,,,,,,,,,,,,,,,,,,,,,,,,,
685.5694349580008,unswapping,,,,,,,,,,,,,,,,,,,,,,,,,,,,,,,,,,,,,,,,,,,,,,,128,4,176192,2110,222,56,4,left,1,27,27,0,1,,,,,104,,,,,,,,,,,,,,,,,,,,,,,,,,,,,,,,,,,
685.7524116660061,unswapping,,,,,,,,,,,,,,,,,,,,,,,,,,,,,,,,,,,,,,,,,,,,,,,128,4,176192,2110,222,56,4,right,0,28,28,0,1,,,,,104,,,,,,,,,,,,,,,,,,,,,,,,,,,,,,,,,,,
685.9788879160042,unswapping,,,,,,,,,,,,,,,,,,,,,,,,,,,,,,,,,,,,,,,,,,,,,,,128,4,176192,2110,222,56,4,right,1,27,27,0,1,,,,,104,,,,,,,,,,,,,,,,,,,,,,,,,,,,,,,,,,,
686.3706444580021,unswapping,,,,,,,,,,,,,,,,,,,,,,,,,,,,,,,,,,,,,,,,,,,,,,,128,4,176192,2110,222,56,5,both,0,28,28,0,0,,,,,104,,,,,,,,,,,,,,,,,,,,,,,,,,,,,,,,,,,
686.8580502910045,unswapping,,,,,,,,,,,,,,,,,,,,,,,,,,,,,,,,,,,,,,,,,,,,,,,128,4,176192,2110,222,56,5,both,1,27,27,0,0,,,,,104,,,,,,,,,,,,,,,,,,,,,,,,,,,,,,,,,,,
687.0398890830111,unswapping,,,,,,,,,,,,,,,,,,,,,,,,,,,,,,,,,,,,,,,,,,,,,,,128,4,176192,2110,222,56,5,left,0,28,28,0,0,,,,,104,,,,,,,,,,,,,,,,,,,,,,,,,,,,,,,,,,,
687.2644839999994,unswapping,,,,,,,,,,,,,,,,,,,,,,,,,,,,,,,,,,,,,,,,,,,,,,,128,4,176192,2110,222,56,5,left,1,27,27,0,0,,,,,104,,,,,,,,,,,,,,,,,,,,,,,,,,,,,,,,,,,
687.448064125012,unswapping,,,,,,,,,,,,,,,,,,,,,,,,,,,,,,,,,,,,,,,,,,,,,,,128,4,176192,2110,222,56,5,right,0,28,28,0,0,,,,,104,,,,,,,,,,,,,,,,,,,,,,,,,,,,,,,,,,,
687.674290875002,unswapping,,,,,,,,,,,,,,,,,,,,,,,,,,,,,,,,,,,,,,,,,,,,,,,128,4,176192,2110,222,56,5,right,1,27,27,0,0,,,,,104,,,,,,,,,,,,,,,,,,,,,,,,,,,,,,,,,,,
690.6392927499983,unswap_cycle_summary,,,,,,,,,,,,60,86,146,,,,,,,,,,,,,,,,,,,512,0.0006,,,,,,,,,,,,,128,4,176192,2110,222,56,,,,,,,,,,,,,,,,,,,,43,17.31278929200198,146,1885,1739,3,False,,,,,,,,,,,,,,,,,,,,,
693.1172810410062,rewiring,left,post_unswap,2.3941253340017283,1469,False,False,,,,,,,,,,,,,,,,,,,,,,,,,,,,,,,,,,,,,,,,,,,,,,,,,,,,,,,,,,,,,,,,,,43,,,,,,,20,False,3,1,none,0.0,123,2.3941196669911733,4.472323750000214,,,,,,,,,,,,
695.1951559580048,rewiring,right,post_unswap,2.077627165999729,1545,False,False,,,,,,,,,,,,,,,,,,,,,,,,,,,,,,,,,,,,,,,,,,,,,,,,,,,,,,,,,,,,,,,,,,43,,,,,,,20,False,3,1,none,0.0,123,2.077621958000236,4.472323750000214,,,,,,,,,,,,
695.364526083009,cycle_progress,,,,,,,,,,,,60,86,146,,,,,,,,,,,,,,,,,,,512,0.0006,,75344,0,,,,,,,,,,128,4,176192,2110,222,56,,,,,,,,,,,,,,,,,,,,43,,146,1885,1739,3,False,,,,,,,,,4.472323750000214,,,,,,,,,,,,
695.6332853750064,absorbing,,,,,,,L,1,0,1462,1606,60,86,146,14,0,0,0.08705595799256116,0.09357979199558031,0.18063574998814147,0.18151341599877924,176192,201348,128,128,False,False,False,False,176192,128,False,512,0.0006,128,176192,0,total_elems,176192,201348,1,1,,,,0.0,128,4,176192,2110,222,56,,,,,,,,,,,,,,,,,,,,,,,,,,,,,,,,,,,,,,,,,,,,,,,
695.9744817080064,absorbing,,,,,,,R,1,1,1462,1606,60,86,146,8,0,0,0.16178766699158587,0.09337837500788737,0.25516604199947324,0.2558626660029404,266880,201348,128,128,False,False,False,False,201348,128,False,512,0.0006,128,176192,0,total_elems,266880,201348,1,1,,,,0.0,128,4,201348,2348,222,56,,,,,,,,,,,,,,,,,,,,,,,,,,,,,,,,,,,,,,,,,,,,,,,
696.3681745409995,absorbing,,,,,,,R,1,2,1462,1606,60,86,146,7,0,0,0.18765820800035726,0.1196159590035677,0.30727416700392496,0.3080739589931909,304168,265312,128,128,False,False,False,False,265312,128,False,512,0.0006,128,176192,0,total_elems,304168,265312,1,1,,,,0.0,128,4,265312,2638,222,56,,,,,,,,,,,,,,,,,,,,,,,,,,,,,,,,,,,,,,,,,,,,,,,
696.8372711660049,absorbing,,,,,,,R,1,3,1462,1606,60,86,146,7,0,0,0.233315165998647,0.14686879199871328,0.38018395799736027,0.38094245799584314,404708,337420,128,128,False,False,False,False,337420,128,False,512,0.0006,128,176192,0,total_elems,404708,337420,1,1,,,,0.0,128,4,337420,3000,222,56,,,,,,,,,,,,,,,,,,,,,,,,,,,,,,,,,,,,,,,,,,,,,,,
697.3894175830064,absorbing,,,,,,,L,2,3,1462,1606,60,86,146,13,0,0,0.2720647920068586,0.19325270800618455,0.4653175000130432,0.4661522079986753,414000,429452,128,128,False,False,False,False,414000,128,False,512,0.0006,128,176192,0,total_elems,414000,429452,1,1,,,,0.0,128,4,414000,3244,222,56,,,,,,,,,,,,,,,,,,,,,,,,,,,,,,,,,,,,,,,,,,,,,,,
697.9332959160092,absorbing,,,,,,,L,3,3,1462,1606,60,86,146,12,0,0,0.23132074999739416,0.22442791699722875,0.4557486669946229,0.4564652080007363,379128,504112,128,128,False,False,False,False,379128,128,False,512,0.0006,128,176192,0,total_elems,379128,504112,1,1,,,,0.0,128,4,379128,3274,222,56,,,,,,,,,,,,,,,,,,,,,,,,,,,,,,,,,,,,,,,,,,,,,,,
698.4684675410099,absorbing,,,,,,,R,3,4,1462,1606,60,86,146,8,0,0,0.24449924999498762,0.20431216699944343,0.44881141699443106,0.4496000420040218,491552,465784,256,128,False,False,False,False,465784,128,False,512,0.0006,128,176192,0,total_elems,491552,465784,1,1,,,,0.0,128,4,465784,3688,222,56,,,,,,,,,,,,,,,,,,,,,,,,,,,,,,,,,,,,,,,,,,,,,,,
699.1994159160095,absorbing,,,,,,,R,3,5,1462,1606,60,86,146,8,0,0,0.3062061249947874,0.33801458300149534,0.6442207079962827,0.6450012080022134,575728,514216,256,128,False,False,False,False,514216,128,False,512,0.0006,128,176192,0,total_elems,575728,514216,1,1,,,,0.0,128,4,514216,3992,222,56,,,,,,,,,,,,,,,,,,,,,,,,,,,,,,,,,,,,,,,,,,,,,,,
699.9412664160045,absorbing,,,,,,,R,3,6,1462,1606,60,86,146,7,0,0,0.3040656250086613,0.3507575830008136,0.6548232080094749,0.6555804579984397,620384,575688,256,128,False,False,False,False,575688,128,False,512,0.0006,128,176192,0,total_elems,620384,575688,1,1,,,,0.0,128,4,575688,4344,222,56,,,,,,,,,,,,,,,,,,,,,,,,,,,,,,,,,,,,,,,,,,,,,,,
703.165155499999,unswapping,,,,,,,,,,,,,,,,,,,,,,,,,,,,,,,,,,,,,,,,,,,,,,,256,4,648640,4522,222,56,0,both,0,28,28,2,2,,,,,0,,,,,,,,,,,,,,,,,,,,,,,,,,,,,,,,,,,
705.5348420000082,unswapping,,,,,,,,,,,,,,,,,,,,,,,,,,,,,,,,,,,,,,,,,,,,,,,256,4,603040,4136,222,56,0,both,1,27,27,4,6,,,,,0,,,,,,,,,,,,,,,,,,,,,,,,,,,,,,,,,,,
706.5079145409982,unswapping,,,,,,,,,,,,,,,,,,,,,,,,,,,,,,,,,,,,,,,,,,,,,,,128,4,499912,3810,222,56,0,left,0,28,28,5,11,,,,,10,,,,,,,,,,,,,,,,,,,,,,,,,,,,,,,,,,,
707.4525032079982,unswapping,,,,,,,,,,,,,,,,,,,,,,,,,,,,,,,,,,,,,,,,,,,,,,,128,4,418984,3536,222,56,0,left,1,27,27,8,19,,,,,26,,,,,,,,,,,,,,,,,,,,,,,,,,,,,,,,,,,
708.0343797079986,unswapping,,,,,,,,,,,,,,,,,,,,,,,,,,,,,,,,,,,,,,,,,,,,,,,128,4,413064,3444,222,56,0,right,0,28,28,4,23,,,,,34,,,,,,,,,,,,,,,,,,,,,,,,,,,,,,,,,,,
708.8021810830105,unswapping,,,,,,,,,,,,,,,,,,,,,,,,,,,,,,,,,,,,,,,,,,,,,,,128,4,409392,3370,222,56,0,right,1,27,27,5,28,,,,,44,,,,,,,,,,,,,,,,,,,,,,,,,,,,,,,,,,,
710.0550980000116,unswapping,,,,,,,,,,,,,,,,,,,,,,,,,,,,,,,,,,,,,,,,,,,,,,,128,4,347092,3150,222,56,1,both,0,28,28,5,5,,,,,50,,,,,,,,,,,,,,,,,,,,,,,,,,,,,,,,,,,
711.3008771660097,unswapping,,,,,,,,,,,,,,,,,,,,,,,,,,,,,,,,,,,,,,,,,,,,,,,128,4,311348,2954,222,56,1,both,1,27,27,3,8,,,,,54,,,,,,,,,,,,,,,,,,,,,,,,,,,,,,,,,,,
711.7944271250017,unswapping,,,,,,,,,,,,,,,,,,,,,,,,,,,,,,,,,,,,,,,,,,,,,,,128,4,277636,2750,222,56,1,left,0,28,28,6,14,,,,,60,,,,,,,,,,,,,,,,,,,,,,,,,,,,,,,,,,,
712.3249830410059,unswapping,,,,,,,,,,,,,,,,,,,,,,,,,,,,,,,,,,,,,,,,,,,,,,,128,4,260228,2590,222,56,1,left,1,27,27,2,16,,,,,64,,,,,,,,,,,,,,,,,,,,,,,,,,,,,,,,,,,
712.6976726660068,unswapping,,,,,,,,,,,,,,,,,,,,,,,,,,,,,,,,,,,,,,,,,,,,,,,128,4,259220,2554,222,56,1,right,0,28,28,2,18,,,,,68,,,,,,,,,,,,,,,,,,,,,,,,,,,,,,,,,,,
713.1976240000076,unswapping,,,,,,,,,,,,,,,,,,,,,,,,,,,,,,,,,,,,,,,,,,,,,,,128,4,254580,2498,222,56,1,right,1,27,27,3,21,,,,,72,,,,,,,,,,,,,,,,,,,,,,,,,,,,,,,,,,,
713.9978977910068,unswapping,,,,,,,,,,,,,,,,,,,,,,,,,,,,,,,,,,,,,,,,,,,,,,,128,4,253876,2484,222,56,2,both,0,28,28,2,2,,,,,74,,,,,,,,,,,,,,,,,,,,,,,,,,,,,,,,,,,
715.0386777079984,unswapping,,,,,,,,,,,,,,,,,,,,,,,,,,,,,,,,,,,,,,,,,,,,,,,128,4,252520,2458,222,56,2,both,1,27,27,2,4,,,,,74,,,,,,,,,,,,,,,,,,,,,,,,,,,,,,,,,,,
715.4251269579981,unswapping,,,,,,,,,,,,,,,,,,,,,,,,,,,,,,,,,,,,,,,,,,,,,,,128,4,251368,2438,222,56,2,left,0,28,28,1,5,,,,,76,,,,,,,,,,,,,,,,,,,,,,,,,,,,,,,,,,,
715.7997736660036,unswapping,,,,,,,,,,,,,,,,,,,,,,,,,,,,,,,,,,,,,,,,,,,,,,,128,4,251368,2438,222,56,2,left,1,27,27,0,5,,,,,76,,,,,,,,,,,,,,,,,,,,,,,,,,,,,,,,,,,
716.1747644999996,unswapping,,,,,,,,,,,,,,,,,,,,,,,,,,,,,,,,,,,,,,,,,,,,,,,128,4,248680,2394,222,56,2,right,0,28,28,2,7,,,,,80,,,,,,,,,,,,,,,,,,,,,,,,,,,,,,,,,,,
716.6465568330023,unswapping,,,,,,,,,,,,,,,,,,,,,,,,,,,,,,,,,,,,,,,,,,,,,,,128,4,248236,2384,222,56,2,right,1,27,27,1,8,,,,,80,,,,,,,,,,,,,,,,,,,,,,,,,,,,,,,,,,,
717.4166235410084,unswapping,,,,,,,,,,,,,,,,,,,,,,,,,,,,,,,,,,,,,,,,,,,,,,,128,4,248004,2378,222,56,3,both,0,28,28,1,1,,,,,80,,,,,,,,,,,,,,,,,,,,,,,,,,,,,,,,,,,
718.4409808330092,unswapping,,,,,,,,,,,,,,,,,,,,,,,,,,,,,,,,,,,,,,,,,,,,,,,128,4,247108,2354,222,56,3,both,1,27,27,2,3,,,,,84,,,,,,,,,,,,,,,,,,,,,,,,,,,,,,,,,,,
718.7083059580036,unswapping,,,,,,,,,,,,,,,,,,,,,,,,,,,,,,,,,,,,,,,,,,,,,,,128,4,247108,2354,222,56,3,left,0,28,28,0,3,,,,,84,,,,,,,,,,,,,,,,,,,,,,,,,,,,,,,,,,,
719.181643666001,unswapping,,,,,,,,,,,,,,,,,,,,,,,,,,,,,,,,,,,,,,,,,,,,,,,128,4,247076,2350,222,56,3,left,1,27,27,1,4,,,,,86,,,,,,,,,,,,,,,,,,,,,,,,,,,,,,,,,,,
719.4341958330042,unswapping,,,,,,,,,,,,,,,,,,,,,,,,,,,,,,,,,,,,,,,,,,,,,,,128,4,247076,2350,222,56,3,right,0,28,28,0,4,,,,,86,,,,,,,,,,,,,,,,,,,,,,,,,,,,,,,,,,,
719.7996670830034,unswapping,,,,,,,,,,,,,,,,,,,,,,,,,,,,,,,,,,,,,,,,,,,,,,,128,4,247076,2350,222,56,3,right,1,27,27,0,4,,,,,86,,,,,,,,,,,,,,,,,,,,,,,,,,,,,,,,,,,
720.5778267910064,unswapping,,,,,,,,,,,,,,,,,,,,,,,,,,,,,,,,,,,,,,,,,,,,,,,128,4,247064,2348,222,56,4,both,0,28,28,1,1,,,,,88,,,,,,,,,,,,,,,,,,,,,,,,,,,,,,,,,,,
721.3735814160027,unswapping,,,,,,,,,,,,,,,,,,,,,,,,,,,,,,,,,,,,,,,,,,,,,,,128,4,247064,2348,222,56,4,both,1,27,27,0,1,,,,,88,,,,,,,,,,,,,,,,,,,,,,,,,,,,,,,,,,,
721.6383601660054,unswapping,,,,,,,,,,,,,,,,,,,,,,,,,,,,,,,,,,,,,,,,,,,,,,,128,4,247064,2348,222,56,4,left,0,28,28,0,1,,,,,88,,,,,,,,,,,,,,,,,,,,,,,,,,,,,,,,,,,
722.0046485830098,unswapping,,,,,,,,,,,,,,,,,,,,,,,,,,,,,,,,,,,,,,,,,,,,,,,128,4,247064,2348,222,56,4,left,1,27,27,0,1,,,,,88,,,,,,,,,,,,,,,,,,,,,,,,,,,,,,,,,,,
722.2590426660026,unswapping,,,,,,,,,,,,,,,,,,,,,,,,,,,,,,,,,,,,,,,,,,,,,,,128,4,247064,2348,222,56,4,right,0,28,28,0,1,,,,,88,,,,,,,,,,,,,,,,,,,,,,,,,,,,,,,,,,,
722.6203328330012,unswapping,,,,,,,,,,,,,,,,,,,,,,,,,,,,,,,,,,,,,,,,,,,,,,,128,4,247064,2348,222,56,4,right,1,27,27,0,1,,,,,88,,,,,,,,,,,,,,,,,,,,,,,,,,,,,,,,,,,
723.1816149160004,unswapping,,,,,,,,,,,,,,,,,,,,,,,,,,,,,,,,,,,,,,,,,,,,,,,128,4,247064,2348,222,56,5,both,0,28,28,0,0,,,,,88,,,,,,,,,,,,,,,,,,,,,,,,,,,,,,,,,,,
723.9821205410117,unswapping,,,,,,,,,,,,,,,,,,,,,,,,,,,,,,,,,,,,,,,,,,,,,,,128,4,247064,2348,222,56,5,both,1,27,27,0,0,,,,,88,,,,,,,,,,,,,,,,,,,,,,,,,,,,,,,,,,,
724.2498486250115,unswapping,,,,,,,,,,,,,,,,,,,,,,,,,,,,,,,,,,,,,,,,,,,,,,,128,4,247064,2348,222,56,5,left,0,28,28,0,0,,,,,88,,,,,,,,,,,,,,,,,,,,,,,,,,,,,,,,,,,
724.6178471250023,unswapping,,,,,,,,,,,,,,,,,,,,,,,,,,,,,,,,,,,,,,,,,,,,,,,128,4,247064,2348,222,56,5,left,1,27,27,0,0,,,,,88,,,,,,,,,,,,,,,,,,,,,,,,,,,,,,,,,,,
724.8726396660059,unswapping,,,,,,,,,,,,,,,,,,,,,,,,,,,,,,,,,,,,,,,,,,,,,,,128,4,247064,2348,222,56,5,right,0,28,28,0,0,,,,,88,,,,,,,,,,,,,,,,,,,,,,,,,,,,,,,,,,,
725.2357763750042,unswapping,,,,,,,,,,,,,,,,,,,,,,,,,,,,,,,,,,,,,,,,,,,,,,,128,4,247064,2348,222,56,5,right,1,27,27,0,0,,,,,88,,,,,,,,,,,,,,,,,,,,,,,,,,,,,,,,,,,
728.2636785000068,unswap_cycle_summary,,,,,,,,,,,,60,86,146,,,,,,,,,,,,,,,,,,,512,0.0006,,,,,,,,,,,,,128,4,247064,2348,222,56,,,,,,,,,,,,,,,,,,,,44,24.518147249997128,146,1885,1739,0,False,,,,,,,,,,,,,,,,,,,,,
730.1731669160072,rewiring,left,post_unswap,1.8245770829962566,1461,False,False,,,,,,,,,,,,,,,,,,,,,,,,,,,,,,,,,,,,,,,,,,,,,,,,,,,,,,,,,,,,,,,,,,44,,,,,,,20,False,0,1,none,0.0,123,1.8245706670131767,3.820769041994936,,,,,,,,,,,,
732.1690099160041,rewiring,right,post_unswap,1.9955862079950748,1602,False,False,,,,,,,,,,,,,,,,,,,,,,,,,,,,,,,,,,,,,,,,,,,,,,,,,,,,,,,,,,,,,,,,,,44,,,,,,,20,False,0,1,none,0.0,123,1.99558075000823,3.820769041994936,,,,,,,,,,,,
732.34280975,cycle_progress,,,,,,,,,,,,60,86,146,,,,,,,,,,,,,,,,,,,512,0.0006,,176192,0,,,,,,,,,,128,4,247064,2348,222,56,,,,,,,,,,,,,,,,,,,,44,,146,1885,1739,0,False,,,,,,,,,3.820769041994936,,,,,,,,,,,,
732.7281281250034,absorbing,,,,,,,L,1,0,1385,1505,60,86,146,10,0,0,0.11718754100729711,0.17660362500464544,0.29379116601194255,0.29476904100738466,247064,397492,128,256,False,False,False,False,247064,128,False,512,0.0006,128,247064,1,total_elems,247064,397492,1,1,,,,0.0,128,4,247064,2348,222,56,,,,,,,,,,,,,,,,,,,,,,,,,,,,,,,,,,,,,,,,,,,,,,,
733.1780184579984,absorbing,,,,,,,L,2,0,1385,1505,60,86,146,10,0,0,0.18155758299690206,0.1755108340003062,0.35706841699720826,0.3578086670022458,311528,397492,128,256,False,False,False,False,311528,128,False,512,0.0006,128,247064,1,total_elems,311528,397492,1,1,,,,0.0,128,4,311528,2626,222,56,,,,,,,,,,,,,,,,,,,,,,,,,,,,,,,,,,,,,,,,,,,,,,,
733.6280855830119,absorbing,,,,,,,L,3,0,1385,1505,60,86,146,9,0,0,0.17155733300023712,0.1899414589861408,0.3614987919863779,0.362251208993257,352988,411752,128,256,False,False,False,False,352988,128,False,512,0.0006,128,247064,1,total_elems,352988,411752,1,1,,,,0.0,128,4,352988,2938,222,56,,,,,,,,,,,,,,,,,,,,,,,,,,,,,,,,,,,,,,,,,,,,,,,
735.9337105410086,unswapping,,,,,,,,,,,,,,,,,,,,,,,,,,,,,,,,,,,,,,,,,,,,,,,256,4,550012,3562,222,56,0,both,0,28,28,3,3,,,,,0,,,,,,,,,,,,,,,,,,,,,,,,,,,,,,,,,,,
738.1946741660067,unswapping,,,,,,,,,,,,,,,,,,,,,,,,,,,,,,,,,,,,,,,,,,,,,,,256,4,537724,3498,222,56,0,both,1,27,27,1,4,,,,,0,,,,,,,,,,,,,,,,,,,,,,,,,,,,,,,,,,,
739.1371270829986,unswapping,,,,,,,,,,,,,,,,,,,,,,,,,,,,,,,,,,,,,,,,,,,,,,,128,4,351820,2864,222,56,0,left,0,28,28,9,13,,,,,18,,,,,,,,,,,,,,,,,,,,,,,,,,,,,,,,,,,
739.7831580409984,unswapping,,,,,,,,,,,,,,,,,,,,,,,,,,,,,,,,,,,,,,,,,,,,,,,128,4,239888,2416,222,56,0,left,1,27,27,10,23,,,,,38,,,,,,,,,,,,,,,,,,,,,,,,,,,,,,,,,,,
740.111755165999,unswapping,,,,,,,,,,,,,,,,,,,,,,,,,,,,,,,,,,,,,,,,,,,,,,,128,4,239552,2396,222,56,0,right,0,28,28,3,26,,,,,44,,,,,,,,,,,,,,,,,,,,,,,,,,,,,,,,,,,
740.5848490830103,unswapping,,,,,,,,,,,,,,,,,,,,,,,,,,,,,,,,,,,,,,,,,,,,,,,128,4,234944,2364,222,56,0,right,1,27,27,1,27,,,,,46,,,,,,,,,,,,,,,,,,,,,,,,,,,,,,,,,,,
741.244029583002,unswapping,,,,,,,,,,,,,,,,,,,,,,,,,,,,,,,,,,,,,,,,,,,,,,,128,4,173456,2168,222,56,1,both,0,28,28,2,2,,,,,48,,,,,,,,,,,,,,,,,,,,,,,,,,,,,,,,,,,
741.7640853750054,unswapping,,,,,,,,,,,,,,,,,,,,,,,,,,,,,,,,,,,,,,,,,,,,,,,128,4,112016,1976,222,56,1,both,1,27,27,1,3,,,,,50,,,,,,,,,,,,,,,,,,,,,,,,,,,,,,,,,,,
741.9623283330002,unswapping,,,,,,,,,,,,,,,,,,,,,,,,,,,,,,,,,,,,,,,,,,,,,,,64,4,75056,1712,222,56,1,left,0,28,28,3,6,,,,,56,,,,,,,,,,,,,,,,,,,,,,,,,,,,,,,,,,,
742.1115320410026,unswapping,,,,,,,,,,,,,,,,,,,,,,,,,,,,,,,,,,,,,,,,,,,,,,,64,4,71192,1660,222,56,1,left,1,27,27,2,8,,,,,60,,,,,,,,,,,,,,,,,,,,,,,,,,,,,,,,,,,
742.2379673750111,unswapping,,,,,,,,,,,,,,,,,,,,,,,,,,,,,,,,,,,,,,,,,,,,,,,64,4,67352,1612,222,56,1,right,0,28,28,1,9,,,,,60,,,,,,,,,,,,,,,,,,,,,,,,,,,,,,,,,,,
742.3322590000025,unswapping,,,,,,,,,,,,,,,,,,,,,,,,,,,,,,,,,,,,,,,,,,,,,,,64,4,67352,1612,222,56,1,right,1,27,27,0,9,,,,,60,,,,,,,,,,,,,,,,,,,,,,,,,,,,,,,,,,,
742.5210850410076,unswapping,,,,,,,,,,,,,,,,,,,,,,,,,,,,,,,,,,,,,,,,,,,,,,,64,4,67352,1612,222,56,2,both,0,28,28,0,0,,,,,60,,,,,,,,,,,,,,,,,,,,,,,,,,,,,,,,,,,
742.7213711250079,unswapping,,,,,,,,,,,,,,,,,,,,,,,,,,,,,,,,,,,,,,,,,,,,,,,64,4,67352,1612,222,56,2,both,1,27,27,0,0,,,,,60,,,,,,,,,,,,,,,,,,,,,,,,,,,,,,,,,,,
742.8080128750007,unswapping,,,,,,,,,,,,,,,,,,,,,,,,,,,,,,,,,,,,,,,,,,,,,,,64,4,67352,1612,222,56,2,left,0,28,28,0,0,,,,,60,,,,,,,,,,,,,,,,,,,,,,,,,,,,,,,,,,,
742.8996676660026,unswapping,,,,,,,,,,,,,,,,,,,,,,,,,,,,,,,,,,,,,,,,,,,,,,,64,4,67352,1612,222,56,2,left,1,27,27,0,0,,,,,60,,,,,,,,,,,,,,,,,,,,,,,,,,,,,,,,,,,
742.9859855000104,unswapping,,,,,,,,,,,,,,,,,,,,,,,,,,,,,,,,,,,,,,,,,,,,,,,64,4,67352,1612,222,56,2,right,0,28,28,0,0,,,,,60,,,,,,,,,,,,,,,,,,,,,,,,,,,,,,,,,,,
743.0805687910033,unswapping,,,,,,,,,,,,,,,,,,,,,,,,,,,,,,,,,,,,,,,,,,,,,,,64,4,67352,1612,222,56,2,right,1,27,27,0,0,,,,,60,,,,,,,,,,,,,,,,,,,,,,,,,,,,,,,,,,,
744.6374421660003,unswap_cycle_summary,,,,,,,,,,,,60,86,146,,,,,,,,,,,,,,,,,,,512,0.0006,,,,,,,,,,,,,64,4,67352,1612,222,56,,,,,,,,,,,,,,,,,,,,45,8.872464540996589,146,1885,1739,0,False,,,,,,,,,,,,,,,,,,,,,
746.4557124580024,rewiring,left,post_unswap,1.7311898750049295,1384,False,False,,,,,,,,,,,,,,,,,,,,,,,,,,,,,,,,,,,,,,,,,,,,,,,,,,,,,,,,,,,,,,,,,,45,,,,,,,20,False,0,1,none,0.0,123,1.7311828750098357,3.827044499994372,,,,,,,,,,,,
748.5512263749988,rewiring,right,post_unswap,2.095253250008682,1507,False,False,,,,,,,,,,,,,,,,,,,,,,,,,,,,,,,,,,,,,,,,,,,,,,,,,,,,,,,,,,,,,,,,,,45,,,,,,,20,False,0,1,none,0.0,123,2.095247917008237,3.827044499994372,,,,,,,,,,,,
748.7269195410045,cycle_progress,,,,,,,,,,,,60,86,146,,,,,,,,,,,,,,,,,,,512,0.0006,,247064,1,,,,,,,,,,64,4,67352,1612,222,56,,,,,,,,,,,,,,,,,,,,45,,146,1885,1739,0,False,,,,,,,,,3.827044499994372,,,,,,,,,,,,
748.912024958001,absorbing,,,,,,,L,1,0,1379,1587,60,86,146,10,0,0,0.04550487500091549,0.04720804200042039,0.09271291700133588,0.09362566600611899,67352,74164,64,64,False,False,False,False,67352,64,False,512,0.0006,128,67352,2,total_elems,67352,74164,1,1,,,,0.0,64,4,67352,1612,222,56,,,,,,,,,,,,,,,,,,,,,,,,,,,,,,,,,,,,,,,,,,,,,,,
749.11043887501,absorbing,,,,,,,R,1,1,1379,1587,60,86,146,8,0,0,0.06241899999440648,0.047176499996567145,0.10959549999097362,0.11029491700173821,92908,74164,64,64,False,False,False,False,74164,64,False,512,0.0006,128,67352,2,total_elems,92908,74164,1,1,,,,0.0,64,4,74164,1744,222,56,,,,,,,,,,,,,,,,,,,,,,,,,,,,,,,,,,,,,,,,,,,,,,,
749.3196530830028,absorbing,,,,,,,R,1,2,1379,1587,60,86,146,8,0,0,0.06345341600535903,0.05610795800748747,0.1195613740128465,0.12023737499839626,98832,92528,64,64,False,False,False,False,92528,64,False,512,0.0006,128,67352,2,total_elems,98832,92528,1,1,,,,0.0,64,4,92528,1966,222,56,,,,,,,,,,,,,,,,,,,,,,,,,,,,,,,,,,,,,,,,,,,,,,,
749.5527639159991,absorbing,,,,,,,L,2,2,1379,1587,60,86,146,11,0,0,0.06987541599664837,0.07426116699934937,0.14413658299599774,0.1448040410032263,119568,137432,64,64,False,False,False,False,119568,64,False,512,0.0006,128,67352,2,total_elems,119568,137432,1,1,,,,0.0,64,4,119568,2144,222,56,,,,,,,,,,,,,,,,,,,,,,,,,,,,,,,,,,,,,,,,,,,,,,,
749.8606435830006,absorbing,,,,,,,R,2,3,1379,1587,60,86,146,8,0,0,0.13072383300459478,0.08821699999680277,0.21894083300139755,0.21964958299940918,179104,159856,128,64,False,False,False,False,159856,64,False,512,0.0006,128,67352,2,total_elems,179104,159856,1,1,,,,0.0,64,4,159856,2430,222,56,,,,,,,,,,,,,,,,,,,,,,,,,,,,,,,,,,,,,,,,,,,,,,,
750.2008861659997,absorbing,,,,,,,R,2,4,1379,1587,60,86,146,6,0,0,0.15300266700796783,0.09720916600781493,0.25021183301578276,0.25089341698912904,225440,220144,128,128,False,False,False,False,220144,128,False,512,0.0006,128,67352,2,total_elems,225440,220144,1,1,,,,0.0,128,4,220144,2750,222,56,,,,,,,,,,,,,,,,,,,,,,,,,,,,,,,,,,,,,,,,,,,,,,,
750.6253829160123,absorbing,,,,,,,L,3,4,1379,1587,61,86,147,7,1,1,0.17394841600616928,0.1617510409996612,0.3356994570058305,0.33639262500219047,304928,378160,128,256,False,False,False,False,304928,128,False,512,0.0006,128,67352,2,total_elems,304928,378160,1,1,,,,0.0,128,4,304928,3202,222,56,,,,,,,,,,,,,,,,,,,,,,,,,,,,,,,,,,,,,,,,,,,,,,,
751.0634729580051,absorbing,,,,,,,L,4,4,1379,1587,61,86,147,5,0,1,0.14608516600856092,0.20255187500151806,0.348637041010079,0.34937770800024737,323792,467312,128,256,False,False,False,False,323792,128,False,512,0.0006,128,67352,2,total_elems,323792,467312,1,1,,,,0.0,128,4,323792,3382,222,56,,,,,,,,,,,,,,,,,,,,,,,,,,,,,,,,,,,,,,,,,,,,,,,
751.5271975409996,absorbing,,,,,,,L,5,4,1379,1587,62,86,148,6,1,2,0.16561029099102598,0.2092842499987455,0.3748945409897715,0.37563691698596813,339440,489248,128,256,False,False,False,False,339440,128,False,512,0.0006,128,67352,2,total_elems,339440,489248,1,1,,,,0.0,128,4,339440,3522,222,56,,,,,,,,,,,,,,,,,,,,,,,,,,,,,,,,,,,,,,,,,,,,,,,
753.6767444580037,unswapping,,,,,,,,,,,,,,,,,,,,,,,,,,,,,,,,,,,,,,,,,,,,,,,256,4,533584,3914,222,56,0,both,0,28,28,5,5,,,,,0,,,,,,,,,,,,,,,,,,,,,,,,,,,,,,,,,,,
755.9192780830053,unswapping,,,,,,,,,,,,,,,,,,,,,,,,,,,,,,,,,,,,,,,,,,,,,,,256,4,429152,3430,222,56,0,both,1,27,27,8,13,,,,,0,,,,,,,,,,,,,,,,,,,,,,,,,,,,,,,,,,,
756.5788525410026,unswapping,,,,,,,,,,,,,,,,,,,,,,,,,,,,,,,,,,,,,,,,,,,,,,,128,4,243800,2804,222,56,0,left,0,28,28,6,19,,,,,12,,,,,,,,,,,,,,,,,,,,,,,,,,,,,,,,,,,
756.9762636660016,unswapping,,,,,,,,,,,,,,,,,,,,,,,,,,,,,,,,,,,,,,,,,,,,,,,128,4,207936,2616,222,56,0,left,1,27,27,5,24,,,,,22,,,,,,,,,,,,,,,,,,,,,,,,,,,,,,,,,,,
757.3172603330022,unswapping,,,,,,,,,,,,,,,,,,,,,,,,,,,,,,,,,,,,,,,,,,,,,,,128,4,183936,2440,222,56,0,right,0,28,28,5,29,,,,,32,,,,,,,,,,,,,,,,,,,,,,,,,,,,,,,,,,,
757.6153008750116,unswapping,,,,,,,,,,,,,,,,,,,,,,,,,,,,,,,,,,,,,,,,,,,,,,,128,4,164096,2264,222,56,0,right,1,27,27,5,34,,,,,42,,,,,,,,,,,,,,,,,,,,,,,,,,,,,,,,,,,
758.265497750006,unswapping,,,,,,,,,,,,,,,,,,,,,,,,,,,,,,,,,,,,,,,,,,,,,,,128,4,162944,2228,222,56,1,both,0,28,28,3,3,,,,,46,,,,,,,,,,,,,,,,,,,,,,,,,,,,,,,,,,,
758.829265458,unswapping,,,,,,,,,,,,,,,,,,,,,,,,,,,,,,,,,,,,,,,,,,,,,,,128,4,162828,2214,222,56,1,both,1,27,27,4,7,,,,,56,,,,,,,,,,,,,,,,,,,,,,,,,,,,,,,,,,,
759.1283390410099,unswapping,,,,,,,,,,,,,,,,,,,,,,,,,,,,,,,,,,,,,,,,,,,,,,,128,4,160588,2174,222,56,1,left,0,28,28,2,9,,,,,58,,,,,,,,,,,,,,,,,,,,,,,,,,,,,,,,,,,
759.3746066250023,unswapping,,,,,,,,,,,,,,,,,,,,,,,,,,,,,,,,,,,,,,,,,,,,,,,128,4,160396,2162,222,56,1,left,1,27,27,1,10,,,,,60,,,,,,,,,,,,,,,,,,,,,,,,,,,,,,,,,,,
759.6512875830085,unswapping,,,,,,,,,,,,,,,,,,,,,,,,,,,,,,,,,,,,,,,,,,,,,,,128,4,153680,2052,222,56,1,right,0,28,28,4,14,,,,,66,,,,,,,,,,,,,,,,,,,,,,,,,,,,,,,,,,,
759.8893282909994,unswapping,,,,,,,,,,,,,,,,,,,,,,,,,,,,,,,,,,,,,,,,,,,,,,,128,4,153620,2046,222,56,1,right,1,27,27,1,15,,,,,68,,,,,,,,,,,,,,,,,,,,,,,,,,,,,,,,,,,
760.5311852080049,unswapping,,,,,,,,,,,,,,,,,,,,,,,,,,,,,,,,,,,,,,,,,,,,,,,128,4,153548,2038,222,56,2,both,0,28,28,2,2,,,,,70,,,,,,,,,,,,,,,,,,,,,,,,,,,,,,,,,,,
761.0365513330034,unswapping,,,,,,,,,,,,,,,,,,,,,,,,,,,,,,,,,,,,,,,,,,,,,,,128,4,153356,2026,222,56,2,both,1,27,27,1,3,,,,,72,,,,,,,,,,,,,,,,,,,,,,,,,,,,,,,,,,,
761.2496855000063,unswapping,,,,,,,,,,,,,,,,,,,,,,,,,,,,,,,,,,,,,,,,,,,,,,,128,4,153356,2026,222,56,2,left,0,28,28,0,3,,,,,72,,,,,,,,,,,,,,,,,,,,,,,,,,,,,,,,,,,
761.419477583011,unswapping,,,,,,,,,,,,,,,,,,,,,,,,,,,,,,,,,,,,,,,,,,,,,,,128,4,153356,2026,222,56,2,left,1,27,27,0,3,,,,,72,,,,,,,,,,,,,,,,,,,,,,,,,,,,,,,,,,,
761.610105041007,unswapping,,,,,,,,,,,,,,,,,,,,,,,,,,,,,,,,,,,,,,,,,,,,,,,128,4,153356,2026,222,56,2,right,0,28,28,0,3,,,,,72,,,,,,,,,,,,,,,,,,,,,,,,,,,,,,,,,,,
761.7817576660018,unswapping,,,,,,,,,,,,,,,,,,,,,,,,,,,,,,,,,,,,,,,,,,,,,,,128,4,153356,2026,222,56,2,right,1,27,27,0,3,,,,,72,,,,,,,,,,,,,,,,,,,,,,,,,,,,,,,,,,,
762.2761388330109,unswapping,,,,,,,,,,,,,,,,,,,,,,,,,,,,,,,,,,,,,,,,,,,,,,,128,4,153356,2026,222,56,3,both,0,28,28,0,0,,,,,72,,,,,,,,,,,,,,,,,,,,,,,,,,,,,,,,,,,
762.6517852079996,unswapping,,,,,,,,,,,,,,,,,,,,,,,,,,,,,,,,,,,,,,,,,,,,,,,128,4,153356,2026,222,56,3,both,1,27,27,0,0,,,,,72,,,,,,,,,,,,,,,,,,,,,,,,,,,,,,,,,,,
762.8653184580035,unswapping,,,,,,,,,,,,,,,,,,,,,,,,,,,,,,,,,,,,,,,,,,,,,,,128,4,153356,2026,222,56,3,left,0,28,28,0,0,,,,,72,,,,,,,,,,,,,,,,,,,,,,,,,,,,,,,,,,,
763.035057000001,unswapping,,,,,,,,,,,,,,,,,,,,,,,,,,,,,,,,,,,,,,,,,,,,,,,128,4,153356,2026,222,56,3,left,1,27,27,0,0,,,,,72,,,,,,,,,,,,,,,,,,,,,,,,,,,,,,,,,,,
763.2263405000122,unswapping,,,,,,,,,,,,,,,,,,,,,,,,,,,,,,,,,,,,,,,,,,,,,,,128,4,153356,2026,222,56,3,right,0,28,28,0,0,,,,,72,,,,,,,,,,,,,,,,,,,,,,,,,,,,,,,,,,,
763.3973020000121,unswapping,,,,,,,,,,,,,,,,,,,,,,,,,,,,,,,,,,,,,,,,,,,,,,,128,4,153356,2026,222,56,3,right,1,27,27,0,0,,,,,72,,,,,,,,,,,,,,,,,,,,,,,,,,,,,,,,,,,
765.4914405000018,unswap_cycle_summary,,,,,,,,,,,,62,86,148,,,,,,,,,,,,,,,,,,,512,0.0006,,,,,,,,,,,,,128,4,153356,2026,222,56,,,,,,,,,,,,,,,,,,,,46,11.330758833995787,148,1885,1737,2,False,,,,,,,,,,,,,,,,,,,,,
767.4416429580015,rewiring,left,post_unswap,1.861712666999665,1376,False,False,,,,,,,,,,,,,,,,,,,,,,,,,,,,,,,,,,,,,,,,,,,,,,,,,,,,,,,,,,,,,,,,,,46,,,,,,,20,False,2,1,none,0.0,123,1.8617058750096476,3.956970833009109,,,,,,,,,,,,
769.5365371250082,rewiring,right,post_unswap,2.0946301670046523,1585,False,False,,,,,,,,,,,,,,,,,,,,,,,,,,,,,,,,,,,,,,,,,,,,,,,,,,,,,,,,,,,,,,,,,,46,,,,,,,20,False,2,1,none,0.0,123,2.094623833007063,3.956970833009109,,,,,,,,,,,,
769.7145088750112,cycle_progress,,,,,,,,,,,,62,86,148,,,,,,,,,,,,,,,,,,,512,0.0006,,67352,2,,,,,,,,,,128,4,153356,2026,222,56,,,,,,,,,,,,,,,,,,,,46,,148,1885,1737,2,False,,,,,,,,,3.956970833009109,,,,,,,,,,,,
769.9597048750002,absorbing,,,,,,,L,1,0,1412,1492,62,86,148,12,0,0,0.07589929200184997,0.07821458400576375,0.15411387600761373,0.15501137501269113,153356,160584,128,128,False,False,False,False,153356,128,False,512,0.0006,128,153356,0,total_elems,153356,160584,1,1,,,,0.0,128,4,153356,2026,222,56,,,,,,,,,,,,,,,,,,,,,,,,,,,,,,,,,,,,,,,,,,,,,,,
770.2776164160023,absorbing,,,,,,,R,1,1,1412,1492,62,86,148,9,0,0,0.14937991699844133,0.07763158300076611,0.22701149999920744,0.22770870800013654,317956,160584,256,128,False,False,False,False,160584,128,False,512,0.0006,128,153356,0,total_elems,317956,160584,1,1,,,,0.0,128,4,160584,2166,222,56,,,,,,,,,,,,,,,,,,,,,,,,,,,,,,,,,,,,,,,,,,,,,,,
770.6064473750012,absorbing,,,,,,,R,1,2,1412,1492,62,86,148,8,0,0,0.14638700000068638,0.09213091598940082,0.2385179159900872,0.23924662500212435,323016,193344,256,128,False,False,False,False,193344,128,False,512,0.0006,128,153356,0,total_elems,323016,193344,1,1,,,,0.0,128,4,193344,2468,222,56,,,,,,,,,,,,,,,,,,,,,,,,,,,,,,,,,,,,,,,,,,,,,,,
770.9676113330061,absorbing,,,,,,,R,1,3,1412,1492,62,86,148,6,0,0,0.161170833001961,0.10836912499507889,0.2695399579970399,0.27029141699313186,358488,233200,256,128,False,False,False,False,233200,128,False,512,0.0006,128,153356,0,total_elems,358488,233200,1,1,,,,0.0,128,4,233200,2742,222,56,,,,,,,,,,,,,,,,,,,,,,,,,,,,,,,,,,,,,,,,,,,,,,,
771.3632290829992,absorbing,,,,,,,R,1,4,1412,1492,62,87,149,5,1,1,0.17324466700665653,0.13248029099486303,0.30572495800151955,0.3064417499990668,393656,303600,256,128,False,False,False,False,303600,128,False,512,0.0006,128,153356,0,total_elems,393656,303600,1,1,,,,0.0,128,4,303600,3032,222,56,,,,,,,,,,,,,,,,,,,,,,,,,,,,,,,,,,,,,,,,,,,,,,,
771.8357429580064,absorbing,,,,,,,R,1,5,1412,1492,62,87,149,6,0,1,0.20912508400215302,0.17252300000109244,0.38164808400324546,0.382393708001473,465240,410944,256,128,False,False,False,False,410944,128,False,512,0.0006,128,153356,0,total_elems,465240,410944,1,1,,,,0.0,128,4,410944,3520,222,56,,,,,,,,,,,,,,,,,,,,,,,,,,,,,,,,,,,,,,,,,,,,,,,
772.5275997499994,absorbing,,,,,,,R,1,6,1412,1492,62,88,150,6,1,2,0.2646264159993734,0.3347909589938354,0.5994173749932088,0.6001384589908412,585896,507416,256,128,False,False,False,False,507416,128,False,512,0.0006,128,153356,0,total_elems,585896,507416,1,1,,,,0.0,128,4,507416,3898,222,56,,,,,,,,,,,,,,,,,,,,,,,,,,,,,,,,,,,,,,,,,,,,,,,
772.6182443750004,termination,,,,,,,,,,,,62,88,150,,,,,,,,,,,,,,,,,,,512,0.0006,,,0,,,,,,,,,,128,4,507416,3898,222,56,,,,,,,,,,,,,,,,,,,,46,,150,1885,1735,,False,,,,,,,,,,max_work_gates,consumed 150 work gates; target was 150,40,,,,,,,,,
772.6186027910007,timing_summary,,,172.70197720800934,,,,,,,,,,,,,,,,,,,,,,,,,,,,,,,,,,,,,,,,,,,0.0,,,,,,,,,,,,,,,,,,,,,,,,,,,,,,,,,,,,,,,,,172.73219920299016,,,,2.715371957005118,2.7159502080030506,169.98660525100422,170.0162489949871,103.72069067026314,104.11497396013874,396.92886645998806,673.7458176281361,673.776039623117
