time,stage,rewire_side,rewire_phase,rewire_time_s,remaining_layers_before_rewire,parallel_rewire,adaptive_parallel_rewire,absorb_side,it_left,it_right,layers_left,layers_right,u_consumed_total_left,u_consumed_total_right,u_consumed_total,swap_consumed,u_consumed,u_consumed_after_unswap,probe_left_time_s,probe_right_time_s,probe_total_time_s,probe_wall_time_s,probe_left_total_elems,probe_right_total_elems,probe_left_max_bond,probe_right_max_bond,probe_left_hit_max_bond,probe_right_hit_max_bond,probe_left_over_unswap_threshold,probe_right_over_unswap_threshold,selected_total_elems,selected_max_bond,selected_hit_max_bond,compression_max_bond_limit,compression_cutoff,unswap_trigger_max_bond,cycle_start_total_elems,no_progress_unswap_cycles,absorb_score_mode,probe_left_score,probe_right_score,absorb_lookahead_depth,absorb_lookahead_depth_used,absorb_lookahead_candidates,absorb_lookahead_choice,absorb_lookahead_score,absorb_lookahead_time_s,late_gate_beam_plan_id,late_gate_beam_preferred_side,late_gate_beam_plan_remaining,max_bond,max_links,total_elems,total_shapes,total_links,num_tensors,iteration,side,parity,candidate_pairs,candidate_pairs_total,new_swaps,new_swap_pairs,total_swaps,pair_lookahead_probes,pair_lookahead_candidates,pair_lookahead_current_score,pair_lookahead_best_score,alignment_score,route_proxy_weight,route_proxy_lookahead,route_proxy_rejected_swaps,route_proxy_added_swaps,alignment_weight,alignment_protect_gain,alignment_tie_loss,unswap_cycle,unswap_cycle_time_s,gates_consumed,total_work_gates,remaining_work_gates,cycle_gates_consumed,hit_max_bond,cycle_memory_enabled,cycle_memory_repeat,cycle_memory_repeat_of,cycle_memory_tabu_pairs,work_counters,perm_left,perm_right,next_left,next_right,bond_profile_coarse,routing_state_hash,sabre_trials,adaptive_parallel_rewire_probed,cycle_work_consumed_before_rewire,route_candidates,route_score,route_score_lookahead,parallel_route_candidates,route_candidate_workers,route_chosen_seed,route_score_value,route_score_time_s,route_rewire_time_s,route_candidate_scores,route_total_time_s,rewire_wall_time_s,termination_reason,termination_detail,stall_mode,abort_after_no_progress_unswap_cycles,initial_rewire_time_s,initial_rewire_wall_time_s,post_unswap_rewire_time_s,post_unswap_rewire_wall_time_s,absorb_probe_time_s,absorb_probe_wall_time_s,unswap_time_s,accounted_time_s,accounted_wall_time_s
0.271540040965192,rewiring,left,initial,0.21598279196769,256,False,False,,,,,,,,,,,,,,,,,,,,,,,,,,,,,,,,,,,,,,,,,,,,,,,,,,,,,,,,,,,,,,,,,,,,,,,,,,,,,,,,,,,,,,,,,,,,,,,,,,,,,,,,,,,,,,,,,,,
0.48453895800048485,rewiring,right,initial,0.2127781250164844,247,False,False,,,,,,,,,,,,,,,,,,,,,,,,,,,,,,,,,,,,,,,,,,,,,,,,,,,,,,,,,,,,,,,,,,,,,,,,,,,,,,,,,,,,,,,,,,,,,,,,,,,,,,,,,,,,,,,,,,,
0.5589321249863133,absorbing,,,,,,,L,1,0,254,245,4,0,4,3,4,4,0.03874779195757583,0.021038957987912,0.05978674994548783,0.06020499998703599,256,280,4,4,False,False,False,False,256,4,False,512,0.0006,,160,0,total_elems,256,280,1,1,,,,0.0,,,,4,4,256,262,158,40,,,,,,,,,,,,,,,,,,,,,,,,,,,,,,,,,,,,,,,,,,,,,,,,,,,,,,,,,,,,,,,,,,
0.6077348749968223,absorbing,,,,,,,R,1,1,254,245,4,0,4,5,0,4,0.0246795829734765,0.020944458025041968,0.04562404099851847,0.04607433400815353,448,388,4,4,False,False,False,False,388,4,False,512,0.0006,,160,0,total_elems,448,388,1,1,,,,0.0,,,,4,4,388,286,158,40,,,,,,,,,,,,,,,,,,,,,,,,,,,,,,,,,,,,,,,,,,,,,,,,,,,,,,,,,,,,,,,,,,
0.6597264159936458,absorbing,,,,,,,R,1,2,254,245,4,0,4,4,0,4,0.026646999991498888,0.02163449994986877,0.048281499941367656,0.04877662501530722,652,568,4,4,False,False,False,False,568,4,False,512,0.0006,,160,0,total_elems,652,568,1,1,,,,0.0,,,,4,4,568,304,158,40,,,,,,,,,,,,,,,,,,,,,,,,,,,,,,,,,,,,,,,,,,,,,,,,,,,,,,,,,,,,,,,,,,
0.7099847499630414,absorbing,,,,,,,L,2,2,254,245,6,0,6,5,2,6,0.025097624980844557,0.021521084010601044,0.0466187089914456,0.047110124956816435,772,1456,4,16,False,False,False,False,772,4,False,512,0.0006,,160,0,total_elems,772,1456,1,1,,,,0.0,,,,4,4,772,328,158,40,,,,,,,,,,,,,,,,,,,,,,,,,,,,,,,,,,,,,,,,,,,,,,,,,,,,,,,,,,,,,,,,,,
0.7649697079905309,absorbing,,,,,,,L,3,2,254,245,10,0,10,4,4,10,0.029998249956406653,0.021187499980442226,0.05118574993684888,0.05178737500682473,1108,1660,4,16,False,False,False,False,1108,4,False,512,0.0006,,160,0,total_elems,1108,1660,1,1,,,,0.0,,,,4,4,1108,358,158,40,,,,,,,,,,,,,,,,,,,,,,,,,,,,,,,,,,,,,,,,,,,,,,,,,,,,,,,,,,,,,,,,,,
0.8134522910113446,absorbing,,,,,,,L,4,2,254,245,12,0,12,5,2,12,0.024056959024164826,0.020856874994933605,0.04491383401909843,0.04539129202021286,1672,1996,16,16,False,False,False,False,1672,16,False,512,0.0006,,160,0,total_elems,1672,1996,1,1,,,,0.0,,,,16,4,1672,400,158,40,,,,,,,,,,,,,,,,,,,,,,,,,,,,,,,,,,,,,,,,,,,,,,,,,,,,,,,,,,,,,,,,,,
0.8647828749963082,absorbing,,,,,,,R,4,3,254,245,12,0,12,4,0,12,0.02683579095173627,0.02081554097821936,0.04765133192995563,0.04814458399778232,3592,3136,16,16,False,False,False,False,3136,16,False,512,0.0006,,160,0,total_elems,3592,3136,1,1,,,,0.0,,,,16,4,3136,460,158,40,,,,,,,,,,,,,,,,,,,,,,,,,,,,,,,,,,,,,,,,,,,,,,,,,,,,,,,,,,,,,,,,,,
0.9190699579776265,absorbing,,,,,,,L,5,3,254,245,15,0,15,6,3,15,0.025905042013619095,0.024523707979824394,0.05042874999344349,0.05088387499563396,5056,5176,16,16,False,False,False,False,5056,16,False,512,0.0006,,160,0,total_elems,5056,5176,1,1,,,,0.0,,,,16,4,5056,544,158,40,,,,,,,,,,,,,,,,,,,,,,,,,,,,,,,,,,,,,,,,,,,,,,,,,,,,,,,,,,,,,,,,,,
0.9737662909901701,absorbing,,,,,,,R,5,4,254,245,15,2,17,3,2,17,0.02725937496870756,0.023787916055880487,0.05104729102458805,0.051501667010597885,9724,7096,16,16,False,False,False,False,7096,16,False,512,0.0006,,160,0,total_elems,9724,7096,1,1,,,,0.0,,,,16,4,7096,604,158,40,,,,,,,,,,,,,,,,,,,,,,,,,,,,,,,,,,,,,,,,,,,,,,,,,,,,,,,,,,,,,,,,,,
1.026030166016426,absorbing,,,,,,,R,5,5,254,245,15,3,18,3,1,18,0.025997582997661084,0.02263437502551824,0.04863195802317932,0.049055000010412186,11764,8176,16,16,False,False,False,False,8176,16,False,512,0.0006,,160,0,total_elems,11764,8176,1,1,,,,0.0,,,,16,4,8176,640,158,40,,,,,,,,,,,,,,,,,,,,,,,,,,,,,,,,,,,,,,,,,,,,,,,,,,,,,,,,,,,,,,,,,,
1.0804159159888513,absorbing,,,,,,,R,5,6,254,245,15,4,19,3,1,19,0.027246041980106384,0.02326104196254164,0.05050708394264802,0.05098275002092123,12844,8556,16,16,False,False,False,False,8556,16,False,512,0.0006,,160,0,total_elems,12844,8556,1,1,,,,0.0,,,,16,4,8556,654,158,40,,,,,,,,,,,,,,,,,,,,,,,,,,,,,,,,,,,,,,,,,,,,,,,,,,,,,,,,,,,,,,,,,,
1.1391805409803055,absorbing,,,,,,,R,5,7,254,245,15,6,21,2,2,21,0.0292394999996759,0.025385333981830627,0.054624833981506526,0.05510383303044364,13224,9228,16,16,False,False,False,False,9228,16,False,512,0.0006,,160,0,total_elems,13224,9228,1,1,,,,0.0,,,,16,4,9228,684,158,40,,,,,,,,,,,,,,,,,,,,,,,,,,,,,,,,,,,,,,,,,,,,,,,,,,,,,,,,,,,,,,,,,,
1.1928988749859855,absorbing,,,,,,,R,5,8,254,245,15,6,21,4,0,21,0.028562874998897314,0.021040791005361825,0.04960366600425914,0.05003916600253433,13896,10188,16,16,False,False,False,False,10188,16,False,512,0.0006,,160,0,total_elems,13896,10188,1,1,,,,0.0,,,,16,4,10188,708,158,40,,,,,,,,,,,,,,,,,,,,,,,,,,,,,,,,,,,,,,,,,,,,,,,,,,,,,,,,,,,,,,,,,,
1.2501839160104282,absorbing,,,,,,,R,5,9,254,245,15,8,23,3,2,23,0.028290042013395578,0.025251833954825997,0.053541875968221575,0.05401429196354002,14856,14412,16,31,False,False,False,False,14412,31,False,512,0.0006,,160,0,total_elems,14856,14412,1,1,,,,0.0,,,,31,4,14412,786,158,40,,,,,,,,,,,,,,,,,,,,,,,,,,,,,,,,,,,,,,,,,,,,,,,,,,,,,,,,,,,,,,,,,,
1.3106234580045566,absorbing,,,,,,,R,5,10,254,245,15,8,23,5,0,23,0.029163583007175475,0.02719554101349786,0.056359124020673335,0.05687883304199204,18952,18696,30,32,False,False,False,False,18696,32,False,512,0.0006,,160,0,total_elems,18952,18696,1,1,,,,0.0,,,,32,4,18696,894,158,40,,,,,,,,,,,,,,,,,,,,,,,,,,,,,,,,,,,,,,,,,,,,,,,,,,,,,,,,,,,,,,,,,,
1.3790178329800256,absorbing,,,,,,,L,6,10,254,245,18,8,26,7,3,26,0.030381667020265013,0.034177707973867655,0.06455937499413267,0.06502874998841435,23688,25320,32,32,False,False,False,False,23688,32,False,512,0.0006,,160,0,total_elems,23688,25320,1,1,,,,0.0,,,,32,4,23688,1026,158,40,,,,,,,,,,,,,,,,,,,,,,,,,,,,,,,,,,,,,,,,,,,,,,,,,,,,,,,,,,,,,,,,,,
1.4566154580097646,absorbing,,,,,,,L,7,10,254,245,21,8,29,6,3,29,0.038717832998372614,0.03440399997634813,0.07312183297472075,0.07363629201427102,30720,31176,64,32,False,False,False,False,30720,64,False,512,0.0006,,160,0,total_elems,30720,31176,1,1,,,,0.0,,,,64,4,30720,1182,158,40,,,,,,,,,,,,,,,,,,,,,,,,,,,,,,,,,,,,,,,,,,,,,,,,,,,,,,,,,,,,,,,,,,
1.558992040983867,absorbing,,,,,,,R,7,11,254,245,21,11,32,1,3,32,0.058924916957039386,0.03883166698506102,0.0977565839421004,0.09823870903346688,65568,38208,64,64,False,False,False,False,38208,64,False,512,0.0006,,160,0,total_elems,65568,38208,1,1,,,,0.0,,,,64,4,38208,1282,158,40,,,,,,,,,,,,,,,,,,,,,,,,,,,,,,,,,,,,,,,,,,,,,,,,,,,,,,,,,,,,,,,,,,
1.6571104580070823,absorbing,,,,,,,R,7,12,254,245,21,13,34,2,2,34,0.05899458297062665,0.0349084580084309,0.09390304097905755,0.09440133301541209,73056,38208,64,64,False,False,False,False,38208,64,False,512,0.0006,,160,0,total_elems,73056,38208,1,1,,,,0.0,,,,64,4,38208,1282,158,40,,,,,,,,,,,,,,,,,,,,,,,,,,,,,,,,,,,,,,,,,,,,,,,,,,,,,,,,,,,,,,,,,,
1.7501424580113962,absorbing,,,,,,,R,7,13,254,245,21,14,35,2,1,35,0.05538725003134459,0.03304095903877169,0.08842820907011628,0.08900487498613074,79200,37248,64,64,False,False,False,False,37248,64,False,512,0.0006,,160,0,total_elems,79200,37248,1,1,,,,0.0,,,,64,4,37248,1258,158,40,,,,,,,,,,,,,,,,,,,,,,,,,,,,,,,,,,,,,,,,,,,,,,,,,,,,,,,,,,,,,,,,,,
1.841037874983158,absorbing,,,,,,,R,7,14,254,245,21,16,37,2,2,37,0.05497320799622685,0.031586125027388334,0.08655933302361518,0.08711083297384903,78240,36864,64,64,False,False,False,False,36864,64,False,512,0.0006,,160,0,total_elems,78240,36864,1,1,,,,0.0,,,,64,4,36864,1234,158,40,,,,,,,,,,,,,,,,,,,,,,,,,,,,,,,,,,,,,,,,,,,,,,,,,,,,,,,,,,,,,,,,,,
1.93238933297107,absorbing,,,,,,,R,7,15,254,245,21,16,37,3,0,37,0.054869749990757555,0.031938041967805475,0.08680779195856303,0.08732662501279265,77280,46464,64,64,False,False,False,False,46464,64,False,512,0.0006,,160,0,total_elems,77280,46464,1,1,,,,0.0,,,,64,4,46464,1354,158,40,,,,,,,,,,,,,,,,,,,,,,,,,,,,,,,,,,,,,,,,,,,,,,,,,,,,,,,,,,,,,,,,,,
2.052918082976248,absorbing,,,,,,,L,8,15,254,245,24,16,40,6,3,40,0.056500083999708295,0.059273332997690886,0.11577341699739918,0.1163500829716213,87456,96000,64,116,False,False,False,False,87456,64,False,512,0.0006,,160,0,total_elems,87456,96000,1,1,,,,0.0,,,,64,4,87456,1720,158,40,,,,,,,,,,,,,,,,,,,,,,,,,,,,,,,,,,,,,,,,,,,,,,,,,,,,,,,,,,,,,,,,,,
2.2755737910047174,absorbing,,,,,,,L,9,15,254,245,28,16,44,3,4,44,0.12885345902759582,0.08895449998090044,0.21780795900849625,0.21835787495365366,111456,136032,64,116,False,False,False,False,111456,64,False,512,0.0006,,160,0,total_elems,111456,136032,1,1,,,,0.0,,,,64,4,111456,1960,158,40,,,,,,,,,,,,,,,,,,,,,,,,,,,,,,,,,,,,,,,,,,,,,,,,,,,,,,,,,,,,,,,,,,
2.4540735409827903,absorbing,,,,,,,L,10,15,254,245,30,16,46,5,2,46,0.06986883300123736,0.10410225001396611,0.17397108301520348,0.1745550829800777,125664,153888,64,116,False,False,False,False,125664,64,False,512,0.0006,,160,0,total_elems,125664,153888,1,1,,,,0.0,,,,64,4,125664,2200,158,40,,,,,,,,,,,,,,,,,,,,,,,,,,,,,,,,,,,,,,,,,,,,,,,,,,,,,,,,,,,,,,,,,,
2.7516067500109784,absorbing,,,,,,,L,11,15,254,245,34,16,50,3,4,50,0.18465304101118818,0.10808179201558232,0.2927348330267705,0.2932855419931002,153248,168096,64,116,False,False,False,False,153248,64,False,512,0.0006,,160,0,total_elems,153248,168096,1,1,,,,0.0,,,,64,4,153248,2448,158,40,,,,,,,,,,,,,,,,,,,,,,,,,,,,,,,,,,,,,,,,,,,,,,,,,,,,,,,,,,,,,,,,,,
2.9804669999866746,absorbing,,,,,,,L,12,15,254,245,36,16,52,3,2,52,0.09353208297397941,0.13051350001478568,0.2240455829887651,0.2247051250305958,171104,195680,64,116,False,False,False,False,171104,64,False,512,0.0006,,160,0,total_elems,171104,195680,1,1,,,,0.0,,,,64,4,171104,2592,158,40,,,,,,,,,,,,,,,,,,,,,,,,,,,,,,,,,,,,,,,,,,,,,,,,,,,,,,,,,,,,,,,,,,
3.316986874968279,absorbing,,,,,,,R,12,16,254,245,36,17,53,5,1,53,0.19128341600298882,0.1397470830124803,0.3310304990154691,0.3319824580103159,297056,213536,256,116,False,False,False,False,213536,116,False,512,0.0006,,160,0,total_elems,297056,213536,1,1,,,,0.0,,,,116,4,213536,2784,158,40,,,,,,,,,,,,,,,,,,,,,,,,,,,,,,,,,,,,,,,,,,,,,,,,,,,,,,,,,,,,,,,,,,
3.854763625015039,absorbing,,,,,,,L,13,16,254,245,38,17,55,5,2,55,0.23300304199801758,0.2995199579745531,0.5325229999725707,0.5330373749602586,337952,379808,256,250,False,False,False,False,337952,256,False,512,0.0006,,160,0,total_elems,337952,379808,1,1,,,,0.0,,,,256,4,337952,3288,158,40,,,,,,,,,,,,,,,,,,,,,,,,,,,,,,,,,,,,,,,,,,,,,,,,,,,,,,,,,,,,,,,,,,
4.571146790985949,absorbing,,,,,,,L,14,16,254,245,39,17,56,6,1,56,0.36102687497623265,0.3490855419659056,0.7101124169421382,0.7107551659573801,349088,506676,256,256,False,False,False,True,349088,256,False,512,0.0006,,160,0,total_elems,349088,506676,1,1,,,,0.0,,,,256,4,349088,3346,158,40,,,,,,,,,,,,,,,,,,,,,,,,,,,,,,,,,,,,,,,,,,,,,,,,,,,,,,,,,,,,,,,,,,
5.511561499966774,absorbing,,,,,,,L,15,16,254,245,39,17,56,6,0,56,0.44226020900532603,0.49184354196768254,0.9341037509730086,0.935076666995883,388256,512532,256,256,False,False,False,True,388256,256,False,512,0.0006,,160,0,total_elems,388256,512532,1,1,,,,0.0,,,,256,4,388256,3534,158,40,,,,,,,,,,,,,,,,,,,,,,,,,,,,,,,,,,,,,,,,,,,,,,,,,,,,,,,,,,,,,,,,,,
6.923586082994007,absorbing,,,,,,,R,15,17,254,245,39,19,58,4,2,58,0.8412336250185035,0.5627612079842947,1.4039948330027983,1.405316790973302,560032,475064,256,246,False,False,True,False,475064,246,False,512,0.0006,,160,0,total_elems,560032,475064,1,1,,,,0.0,,,,246,4,475064,3766,158,40,,,,,,,,,,,,,,,,,,,,,,,,,,,,,,,,,,,,,,,,,,,,,,,,,,,,,,,,,,,,,,,,,,
8.54628208297072,absorbing,,,,,,,R,15,18,254,245,39,19,58,6,0,58,0.8307673339731991,0.7826332499971613,1.6134005839703605,1.6149656669585966,603716,408068,254,128,False,False,True,False,408068,128,False,512,0.0006,,160,0,total_elems,603716,408068,1,1,,,,0.0,,,,128,4,408068,3620,158,40,,,,,,,,,,,,,,,,,,,,,,,,,,,,,,,,,,,,,,,,,,,,,,,,,,,,,,,,,,,,,,,,,,
14.521450207976159,unswapping,,,,,,,,,,,,,,,,,,,,,,,,,,,,,,,,,,,,,,,,,,,,,,,,,,128,4,408068,3620,158,40,0,both,0,20,20,0,[],0,,,,,0,,,,,,,,,,,,,,,,,,,,,,,,,,,,,,,,,,,,,,,,,,,,,,,,,,,,,
17.941796833008993,unswapping,,,,,,,,,,,,,,,,,,,,,,,,,,,,,,,,,,,,,,,,,,,,,,,,,,252,4,440980,3700,158,40,0,both,1,19,19,5,"[[7, 8], [11, 12], [17, 18], [33, 34], [35, 36]]",5,,,,,0,,,,,,,,,,,,,,,,,,,,,,,,,,,,,,,,,,,,,,,,,,,,,,,,,,,,,
18.95385058299871,unswapping,,,,,,,,,,,,,,,,,,,,,,,,,,,,,,,,,,,,,,,,,,,,,,,,,,250,4,398064,3496,158,40,0,left,0,20,20,4,"[[2, 3], [8, 9], [18, 19], [32, 33]]",9,,,,,8,,,,,,,,,,,,,,,,,,,,,,,,,,,,,,,,,,,,,,,,,,,,,,,,,,,,,
19.96781716600526,unswapping,,,,,,,,,,,,,,,,,,,,,,,,,,,,,,,,,,,,,,,,,,,,,,,,,,125,4,256728,2868,158,40,0,left,1,19,19,7,"[[3, 4], [9, 10], [15, 16], [21, 22], [25, 26], [31, 32], [33, 34]]",16,,,,,22,,,,,,,,,,,,,,,,,,,,,,,,,,,,,,,,,,,,,,,,,,,,,,,,,,,,,
20.575032541004475,unswapping,,,,,,,,,,,,,,,,,,,,,,,,,,,,,,,,,,,,,,,,,,,,,,,,,,121,4,235928,2730,158,40,0,right,0,20,20,2,"[[24, 25], [30, 31]]",18,,,,,26,,,,,,,,,,,,,,,,,,,,,,,,,,,,,,,,,,,,,,,,,,,,,,,,,,,,,
21.255941915966105,unswapping,,,,,,,,,,,,,,,,,,,,,,,,,,,,,,,,,,,,,,,,,,,,,,,,,,92,4,151136,2306,158,40,0,right,1,19,19,6,"[[9, 10], [13, 14], [19, 20], [23, 24], [25, 26], [33, 34]]",24,,,,,32,,,,,,,,,,,,,,,,,,,,,,,,,,,,,,,,,,,,,,,,,,,,,,,,,,,,,
21.897991749981884,unswapping,,,,,,,,,,,,,,,,,,,,,,,,,,,,,,,,,,,,,,,,,,,,,,,,,,90,4,114112,1866,158,40,1,both,0,20,20,9,"[[4, 5], [8, 9], [10, 11], [12, 13], [14, 15], [20, 21], [22, 23], [24, 25], [26, 27]]",9,,,,,50,,,,,,,,,,,,,,,,,,,,,,,,,,,,,,,,,,,,,,,,,,,,,,,,,,,,,
22.445854749996215,unswapping,,,,,,,,,,,,,,,,,,,,,,,,,,,,,,,,,,,,,,,,,,,,,,,,,,90,4,113568,1854,158,40,1,both,1,19,19,1,"[[15, 16]]",10,,,,,50,,,,,,,,,,,,,,,,,,,,,,,,,,,,,,,,,,,,,,,,,,,,,,,,,,,,,
22.773277916014194,unswapping,,,,,,,,,,,,,,,,,,,,,,,,,,,,,,,,,,,,,,,,,,,,,,,,,,80,4,101220,1744,158,40,1,left,0,20,20,5,"[[2, 3], [8, 9], [10, 11], [16, 17], [34, 35]]",15,,,,,56,,,,,,,,,,,,,,,,,,,,,,,,,,,,,,,,,,,,,,,,,,,,,,,,,,,,,
23.0725101249991,unswapping,,,,,,,,,,,,,,,,,,,,,,,,,,,,,,,,,,,,,,,,,,,,,,,,,,73,4,88372,1646,158,40,1,left,1,19,19,3,"[[3, 4], [15, 16], [21, 22]]",18,,,,,62,,,,,,,,,,,,,,,,,,,,,,,,,,,,,,,,,,,,,,,,,,,,,,,,,,,,,
23.2877969580004,unswapping,,,,,,,,,,,,,,,,,,,,,,,,,,,,,,,,,,,,,,,,,,,,,,,,,,68,4,84276,1604,158,40,1,right,0,20,20,1,"[[22, 23]]",19,,,,,60,,,,,,,,,,,,,,,,,,,,,,,,,,,,,,,,,,,,,,,,,,,,,,,,,,,,,
23.510240665986203,unswapping,,,,,,,,,,,,,,,,,,,,,,,,,,,,,,,,,,,,,,,,,,,,,,,,,,65,4,76164,1508,158,40,1,right,1,19,19,4,"[[11, 12], [13, 14], [19, 20], [25, 26]]",23,,,,,66,,,,,,,,,,,,,,,,,,,,,,,,,,,,,,,,,,,,,,,,,,,,,,,,,,,,,
23.934547665994614,unswapping,,,,,,,,,,,,,,,,,,,,,,,,,,,,,,,,,,,,,,,,,,,,,,,,,,64,4,70372,1402,158,40,2,both,0,20,20,5,"[[10, 11], [12, 13], [18, 19], [20, 21], [22, 23]]",5,,,,,70,,,,,,,,,,,,,,,,,,,,,,,,,,,,,,,,,,,,,,,,,,,,,,,,,,,,,
24.332168332999572,unswapping,,,,,,,,,,,,,,,,,,,,,,,,,,,,,,,,,,,,,,,,,,,,,,,,,,64,4,69444,1378,158,40,2,both,1,19,19,2,"[[9, 10], [11, 12]]",7,,,,,76,,,,,,,,,,,,,,,,,,,,,,,,,,,,,,,,,,,,,,,,,,,,,,,,,,,,,
24.46443554101279,unswapping,,,,,,,,,,,,,,,,,,,,,,,,,,,,,,,,,,,,,,,,,,,,,,,,,,64,4,69444,1378,158,40,2,left,0,20,20,0,[],7,,,,,76,,,,,,,,,,,,,,,,,,,,,,,,,,,,,,,,,,,,,,,,,,,,,,,,,,,,,
24.643297208007425,unswapping,,,,,,,,,,,,,,,,,,,,,,,,,,,,,,,,,,,,,,,,,,,,,,,,,,64,4,68692,1354,158,40,2,left,1,19,19,2,"[[9, 10], [23, 24]]",9,,,,,76,,,,,,,,,,,,,,,,,,,,,,,,,,,,,,,,,,,,,,,,,,,,,,,,,,,,,
24.844168499985244,unswapping,,,,,,,,,,,,,,,,,,,,,,,,,,,,,,,,,,,,,,,,,,,,,,,,,,64,4,67732,1326,158,40,2,right,0,20,20,2,"[[10, 11], [20, 21]]",11,,,,,78,,,,,,,,,,,,,,,,,,,,,,,,,,,,,,,,,,,,,,,,,,,,,,,,,,,,,
25.013213415979408,unswapping,,,,,,,,,,,,,,,,,,,,,,,,,,,,,,,,,,,,,,,,,,,,,,,,,,64,4,66772,1302,158,40,2,right,1,19,19,1,"[[17, 18]]",12,,,,,80,,,,,,,,,,,,,,,,,,,,,,,,,,,,,,,,,,,,,,,,,,,,,,,,,,,,,
25.402377791004255,unswapping,,,,,,,,,,,,,,,,,,,,,,,,,,,,,,,,,,,,,,,,,,,,,,,,,,64,4,65176,1256,158,40,3,both,0,20,20,4,"[[8, 9], [16, 17], [18, 19], [24, 25]]",4,,,,,88,,,,,,,,,,,,,,,,,,,,,,,,,,,,,,,,,,,,,,,,,,,,,,,,,,,,,
25.744458250002936,unswapping,,,,,,,,,,,,,,,,,,,,,,,,,,,,,,,,,,,,,,,,,,,,,,,,,,64,4,64664,1240,158,40,3,both,1,19,19,1,"[[19, 20]]",5,,,,,92,,,,,,,,,,,,,,,,,,,,,,,,,,,,,,,,,,,,,,,,,,,,,,,,,,,,,
25.95102737500565,unswapping,,,,,,,,,,,,,,,,,,,,,,,,,,,,,,,,,,,,,,,,,,,,,,,,,,64,4,64472,1232,158,40,3,left,0,20,20,1,"[[18, 19]]",6,,,,,92,,,,,,,,,,,,,,,,,,,,,,,,,,,,,,,,,,,,,,,,,,,,,,,,,,,,,
26.085799249995034,unswapping,,,,,,,,,,,,,,,,,,,,,,,,,,,,,,,,,,,,,,,,,,,,,,,,,,64,4,64472,1232,158,40,3,left,1,19,19,0,[],6,,,,,92,,,,,,,,,,,,,,,,,,,,,,,,,,,,,,,,,,,,,,,,,,,,,,,,,,,,,
26.28534495801432,unswapping,,,,,,,,,,,,,,,,,,,,,,,,,,,,,,,,,,,,,,,,,,,,,,,,,,64,4,64216,1224,158,40,3,right,0,20,20,1,"[[20, 21]]",7,,,,,92,,,,,,,,,,,,,,,,,,,,,,,,,,,,,,,,,,,,,,,,,,,,,,,,,,,,,
26.410459999984596,unswapping,,,,,,,,,,,,,,,,,,,,,,,,,,,,,,,,,,,,,,,,,,,,,,,,,,64,4,64216,1224,158,40,3,right,1,19,19,0,[],7,,,,,92,,,,,,,,,,,,,,,,,,,,,,,,,,,,,,,,,,,,,,,,,,,,,,,,,,,,,
26.74315833300352,unswapping,,,,,,,,,,,,,,,,,,,,,,,,,,,,,,,,,,,,,,,,,,,,,,,,,,64,4,64216,1224,158,40,4,both,0,20,20,0,[],0,,,,,92,,,,,,,,,,,,,,,,,,,,,,,,,,,,,,,,,,,,,,,,,,,,,,,,,,,,,
27.06600300001446,unswapping,,,,,,,,,,,,,,,,,,,,,,,,,,,,,,,,,,,,,,,,,,,,,,,,,,64,4,64024,1216,158,40,4,both,1,19,19,1,"[[21, 22]]",1,,,,,92,,,,,,,,,,,,,,,,,,,,,,,,,,,,,,,,,,,,,,,,,,,,,,,,,,,,,
27.19188579096226,unswapping,,,,,,,,,,,,,,,,,,,,,,,,,,,,,,,,,,,,,,,,,,,,,,,,,,64,4,64024,1216,158,40,4,left,0,20,20,0,[],1,,,,,92,,,,,,,,,,,,,,,,,,,,,,,,,,,,,,,,,,,,,,,,,,,,,,,,,,,,,
27.322069582995027,unswapping,,,,,,,,,,,,,,,,,,,,,,,,,,,,,,,,,,,,,,,,,,,,,,,,,,64,4,64024,1216,158,40,4,left,1,19,19,0,[],1,,,,,92,,,,,,,,,,,,,,,,,,,,,,,,,,,,,,,,,,,,,,,,,,,,,,,,,,,,,
27.512518832983915,unswapping,,,,,,,,,,,,,,,,,,,,,,,,,,,,,,,,,,,,,,,,,,,,,,,,,,64,4,63832,1208,158,40,4,right,0,20,20,1,"[[22, 23]]",2,,,,,92,,,,,,,,,,,,,,,,,,,,,,,,,,,,,,,,,,,,,,,,,,,,,,,,,,,,,
27.69016900000861,unswapping,,,,,,,,,,,,,,,,,,,,,,,,,,,,,,,,,,,,,,,,,,,,,,,,,,64,4,63736,1200,158,40,4,right,1,19,19,1,"[[23, 24]]",3,,,,,94,,,,,,,,,,,,,,,,,,,,,,,,,,,,,,,,,,,,,,,,,,,,,,,,,,,,,
27.985023457964417,unswapping,,,,,,,,,,,,,,,,,,,,,,,,,,,,,,,,,,,,,,,,,,,,,,,,,,64,4,63736,1200,158,40,5,both,0,20,20,0,[],0,,,,,94,,,,,,,,,,,,,,,,,,,,,,,,,,,,,,,,,,,,,,,,,,,,,,,,,,,,,
28.271113957976922,unswapping,,,,,,,,,,,,,,,,,,,,,,,,,,,,,,,,,,,,,,,,,,,,,,,,,,64,4,63736,1200,158,40,5,both,1,19,19,0,[],0,,,,,94,,,,,,,,,,,,,,,,,,,,,,,,,,,,,,,,,,,,,,,,,,,,,,,,,,,,,
28.41226316598477,unswapping,,,,,,,,,,,,,,,,,,,,,,,,,,,,,,,,,,,,,,,,,,,,,,,,,,64,4,63736,1200,158,40,5,left,0,20,20,0,[],0,,,,,94,,,,,,,,,,,,,,,,,,,,,,,,,,,,,,,,,,,,,,,,,,,,,,,,,,,,,
28.579735332983546,unswapping,,,,,,,,,,,,,,,,,,,,,,,,,,,,,,,,,,,,,,,,,,,,,,,,,,64,4,63688,1196,158,40,5,left,1,19,19,1,"[[23, 24]]",1,,,,,94,,,,,,,,,,,,,,,,,,,,,,,,,,,,,,,,,,,,,,,,,,,,,,,,,,,,,
28.77759304101346,unswapping,,,,,,,,,,,,,,,,,,,,,,,,,,,,,,,,,,,,,,,,,,,,,,,,,,64,4,63640,1192,158,40,5,right,0,20,20,1,"[[22, 23]]",2,,,,,96,,,,,,,,,,,,,,,,,,,,,,,,,,,,,,,,,,,,,,,,,,,,,,,,,,,,,
28.917419207980856,unswapping,,,,,,,,,,,,,,,,,,,,,,,,,,,,,,,,,,,,,,,,,,,,,,,,,,64,4,63640,1192,158,40,5,right,1,19,19,0,[],2,,,,,96,,,,,,,,,,,,,,,,,,,,,,,,,,,,,,,,,,,,,,,,,,,,,,,,,,,,,
29.24383970798226,unswapping,,,,,,,,,,,,,,,,,,,,,,,,,,,,,,,,,,,,,,,,,,,,,,,,,,64,4,63640,1192,158,40,6,both,0,20,20,0,[],0,,,,,96,,,,,,,,,,,,,,,,,,,,,,,,,,,,,,,,,,,,,,,,,,,,,,,,,,,,,
29.565388415998314,unswapping,,,,,,,,,,,,,,,,,,,,,,,,,,,,,,,,,,,,,,,,,,,,,,,,,,64,4,63592,1188,158,40,6,both,1,19,19,1,"[[21, 22]]",1,,,,,98,,,,,,,,,,,,,,,,,,,,,,,,,,,,,,,,,,,,,,,,,,,,,,,,,,,,,
29.692408416012768,unswapping,,,,,,,,,,,,,,,,,,,,,,,,,,,,,,,,,,,,,,,,,,,,,,,,,,64,4,63592,1188,158,40,6,left,0,20,20,0,[],1,,,,,98,,,,,,,,,,,,,,,,,,,,,,,,,,,,,,,,,,,,,,,,,,,,,,,,,,,,,
29.807102999999188,unswapping,,,,,,,,,,,,,,,,,,,,,,,,,,,,,,,,,,,,,,,,,,,,,,,,,,64,4,63592,1188,158,40,6,left,1,19,19,0,[],1,,,,,98,,,,,,,,,,,,,,,,,,,,,,,,,,,,,,,,,,,,,,,,,,,,,,,,,,,,,
29.9938073749654,unswapping,,,,,,,,,,,,,,,,,,,,,,,,,,,,,,,,,,,,,,,,,,,,,,,,,,64,4,63512,1184,158,40,6,right,0,20,20,1,"[[20, 21]]",2,,,,,100,,,,,,,,,,,,,,,,,,,,,,,,,,,,,,,,,,,,,,,,,,,,,,,,,,,,,
30.16307929100003,unswapping,,,,,,,,,,,,,,,,,,,,,,,,,,,,,,,,,,,,,,,,,,,,,,,,,,64,4,63368,1172,158,40,6,right,1,19,19,1,"[[19, 20]]",3,,,,,100,,,,,,,,,,,,,,,,,,,,,,,,,,,,,,,,,,,,,,,,,,,,,,,,,,,,,
30.505054500012193,unswapping,,,,,,,,,,,,,,,,,,,,,,,,,,,,,,,,,,,,,,,,,,,,,,,,,,64,4,63368,1172,158,40,7,both,0,20,20,0,[],0,,,,,100,,,,,,,,,,,,,,,,,,,,,,,,,,,,,,,,,,,,,,,,,,,,,,,,,,,,,
30.751059458008967,unswapping,,,,,,,,,,,,,,,,,,,,,,,,,,,,,,,,,,,,,,,,,,,,,,,,,,64,4,63368,1172,158,40,7,both,1,19,19,0,[],0,,,,,100,,,,,,,,,,,,,,,,,,,,,,,,,,,,,,,,,,,,,,,,,,,,,,,,,,,,,
30.884389165963512,unswapping,,,,,,,,,,,,,,,,,,,,,,,,,,,,,,,,,,,,,,,,,,,,,,,,,,64,4,63368,1172,158,40,7,left,0,20,20,0,[],0,,,,,100,,,,,,,,,,,,,,,,,,,,,,,,,,,,,,,,,,,,,,,,,,,,,,,,,,,,,
31.004983332997654,unswapping,,,,,,,,,,,,,,,,,,,,,,,,,,,,,,,,,,,,,,,,,,,,,,,,,,64,4,63368,1172,158,40,7,left,1,19,19,0,[],0,,,,,100,,,,,,,,,,,,,,,,,,,,,,,,,,,,,,,,,,,,,,,,,,,,,,,,,,,,,
31.564531832991634,unswapping,,,,,,,,,,,,,,,,,,,,,,,,,,,,,,,,,,,,,,,,,,,,,,,,,,64,4,63296,1166,158,40,7,right,0,20,20,1,"[[18, 19]]",1,,,,,100,,,,,,,,,,,,,,,,,,,,,,,,,,,,,,,,,,,,,,,,,,,,,,,,,,,,,
31.776786290982272,unswapping,,,,,,,,,,,,,,,,,,,,,,,,,,,,,,,,,,,,,,,,,,,,,,,,,,64,4,63272,1162,158,40,7,right,1,19,19,1,"[[17, 18]]",2,,,,,102,,,,,,,,,,,,,,,,,,,,,,,,,,,,,,,,,,,,,,,,,,,,,,,,,,,,,
32.065517249982804,unswapping,,,,,,,,,,,,,,,,,,,,,,,,,,,,,,,,,,,,,,,,,,,,,,,,,,64,4,63272,1162,158,40,8,both,0,20,20,0,[],0,,,,,102,,,,,,,,,,,,,,,,,,,,,,,,,,,,,,,,,,,,,,,,,,,,,,,,,,,,,
32.29749366600299,unswapping,,,,,,,,,,,,,,,,,,,,,,,,,,,,,,,,,,,,,,,,,,,,,,,,,,64,4,63272,1162,158,40,8,both,1,19,19,0,[],0,,,,,102,,,,,,,,,,,,,,,,,,,,,,,,,,,,,,,,,,,,,,,,,,,,,,,,,,,,,
32.48175762500614,unswapping,,,,,,,,,,,,,,,,,,,,,,,,,,,,,,,,,,,,,,,,,,,,,,,,,,64,4,63272,1162,158,40,8,left,0,20,20,0,[],0,,,,,102,,,,,,,,,,,,,,,,,,,,,,,,,,,,,,,,,,,,,,,,,,,,,,,,,,,,,
32.61020495800767,unswapping,,,,,,,,,,,,,,,,,,,,,,,,,,,,,,,,,,,,,,,,,,,,,,,,,,64,4,63272,1162,158,40,8,left,1,19,19,0,[],0,,,,,102,,,,,,,,,,,,,,,,,,,,,,,,,,,,,,,,,,,,,,,,,,,,,,,,,,,,,
32.751179290993605,unswapping,,,,,,,,,,,,,,,,,,,,,,,,,,,,,,,,,,,,,,,,,,,,,,,,,,64,4,63272,1162,158,40,8,right,0,20,20,0,[],0,,,,,102,,,,,,,,,,,,,,,,,,,,,,,,,,,,,,,,,,,,,,,,,,,,,,,,,,,,,
32.88019770797109,unswapping,,,,,,,,,,,,,,,,,,,,,,,,,,,,,,,,,,,,,,,,,,,,,,,,,,64,4,63272,1162,158,40,8,right,1,19,19,0,[],0,,,,,102,,,,,,,,,,,,,,,,,,,,,,,,,,,,,,,,,,,,,,,,,,,,,,,,,,,,,
33.10780616599368,unswap_cycle_summary,,,,,,,,,,,,39,19,58,,,,,,,,,,,,,,,,,,,512,0.0006,,,,,,,,,,,,,,,,64,4,63272,1162,158,40,,,,,,,,,,,,,,,,,,,,,1,22.78383233305067,58,808,750,58,False,True,False,,0,"[39, 19]","[0, 1, 4, 5, 3, 2, 6, 8, 10, 9, 12, 11, 7, 13, 16, 18, 14, 15, 23, 19, 17, 22, 21, 24, 26, 20, 27, 25, 28, 29, 30, 34, 31, 33, 36, 32, 35, 37, 38, 39]","[0, 1, 2, 3, 5, 4, 6, 8, 14, 10, 15, 7, 12, 9, 11, 16, 21, 27, 13, 17, 20, 19, 25, 22, 18, 26, 23, 24, 28, 29, 31, 30, 32, 33, 34, 36, 35, 37, 38, 39]","{'index': 15, 'interactions': [('unitary', (10, 11))]}","{'index': 18, 'interactions': [('unitary', (19, 20)), ('unitary', (37, 38))]}","[2, 4, 4, 4, 5, 4, 4, 4, 2, 2, 1, 2, 2, 1, 1, 1, 1, 1, 0, 1, 1, 1, 1, 1, 1, 0, 2, 4, 4, 2, 2, 3, 5, 6, 6, 6, 5, 4, 2]",451be2b7b7faece1af777cfcae39b2b34ebb4dbb608016b97b3f14907d365e2a,,,,,,,,,,,,,,,,,,,,,,,,,,,,
33.87271566601703,rewiring,left,post_unswap,0.7587107499712147,241,False,False,,,,,,,,,,,,,,,,,,,,,,,,,,,,,,,,,,,,,,,,,,,,,,,,,,,,,,,,,,,,,,,,,,,,,,1,,,,,,,,,,,,,,,,,,50,False,58,4,bond_profile,8,False,1,3033,"(106, 32, 13, 8, 33, 1096, 204)",0.004650667076930404,0.7540244169649668,"[{'seed': 2024, 'score': (108, 32, 13, 8, 46, 1109, 233), 'num_layers': 233, 'total_swaps': 1109, 'max_layer_swaps': 10, 'swap_only_layers': 46, 'work_layers': 187, 'unitary_layers': 187, 'first_work_layer': 1, 'leading_no_work_layers': 1, 'bond_profile_layers_scored': 8, 'bond_profile_total_cost': 108, 'bond_profile_max_cost': 32, 'bond_profile_gate_count': 13}, {'seed': 3033, 'score': (106, 32, 13, 8, 33, 1096, 204), 'num_layers': 204, 'total_swaps': 1096, 'max_layer_swaps': 10, 'swap_only_layers': 33, 'work_layers': 171, 'unitary_layers': 171, 'first_work_layer': 1, 'leading_no_work_layers': 1, 'bond_profile_layers_scored': 8, 'bond_profile_total_cost': 106, 'bond_profile_max_cost': 32, 'bond_profile_gate_count': 13}, {'seed': 4042, 'score': (108, 32, 13, 8, 65, 1118, 265), 'num_layers': 265, 'total_swaps': 1118, 'max_layer_swaps': 10, 'swap_only_layers': 65, 'work_layers': 200, 'unitary_layers': 200, 'first_work_layer': 1, 'leading_no_work_layers': 1, 'bond_profile_layers_scored': 8, 'bond_profile_total_cost': 108, 'bond_profile_max_cost': 32, 'bond_profile_gate_count': 13}, {'seed': 5051, 'score': (106, 32, 13, 8, 51, 1117, 233), 'num_layers': 233, 'total_swaps': 1117, 'max_layer_swaps': 11, 'swap_only_layers': 51, 'work_layers': 182, 'unitary_layers': 182, 'first_work_layer': 1, 'leading_no_work_layers': 1, 'bond_profile_layers_scored': 8, 'bond_profile_total_cost': 106, 'bond_profile_max_cost': 32, 'bond_profile_gate_count': 13}]",0.7586983329965733,1.690398707985878,,,,,,,,,,,,,
34.80416287499247,rewiring,right,post_unswap,0.9312605420127511,229,False,False,,,,,,,,,,,,,,,,,,,,,,,,,,,,,,,,,,,,,,,,,,,,,,,,,,,,,,,,,,,,,,,,,,,,,,1,,,,,,,,,,,,,,,,,,50,False,58,4,bond_profile,8,False,1,4042,"(442, 64, 13, 8, 42, 1124, 243)",0.005026708997320384,0.9261993340332992,"[{'seed': 2024, 'score': (442, 64, 13, 8, 60, 1141, 247), 'num_layers': 247, 'total_swaps': 1141, 'max_layer_swaps': 11, 'swap_only_layers': 60, 'work_layers': 187, 'unitary_layers': 187, 'first_work_layer': 0, 'leading_no_work_layers': 0, 'bond_profile_layers_scored': 8, 'bond_profile_total_cost': 442, 'bond_profile_max_cost': 64, 'bond_profile_gate_count': 13}, {'seed': 3033, 'score': (442, 64, 13, 8, 57, 1127, 230), 'num_layers': 230, 'total_swaps': 1127, 'max_layer_swaps': 10, 'swap_only_layers': 57, 'work_layers': 173, 'unitary_layers': 173, 'first_work_layer': 0, 'leading_no_work_layers': 0, 'bond_profile_layers_scored': 8, 'bond_profile_total_cost': 442, 'bond_profile_max_cost': 64, 'bond_profile_gate_count': 13}, {'seed': 4042, 'score': (442, 64, 13, 8, 42, 1124, 243), 'num_layers': 243, 'total_swaps': 1124, 'max_layer_swaps': 9, 'swap_only_layers': 42, 'work_layers': 201, 'unitary_layers': 201, 'first_work_layer': 0, 'leading_no_work_layers': 0, 'bond_profile_layers_scored': 8, 'bond_profile_total_cost': 442, 'bond_profile_max_cost': 64, 'bond_profile_gate_count': 13}, {'seed': 5051, 'score': (442, 64, 13, 8, 68, 1125, 241), 'num_layers': 241, 'total_swaps': 1125, 'max_layer_swaps': 11, 'swap_only_layers': 68, 'work_layers': 173, 'unitary_layers': 173, 'first_work_layer': 0, 'leading_no_work_layers': 0, 'bond_profile_layers_scored': 8, 'bond_profile_total_cost': 442, 'bond_profile_max_cost': 64, 'bond_profile_gate_count': 13}]",0.9312492909957655,1.690398707985878,,,,,,,,,,,,,
34.81917529099155,cycle_progress,,,,,,,,,,,,39,19,58,,,,,,,,,,,,,,,,,,,512,0.0006,,160,0,,,,,,,,,,,,,64,4,63272,1162,158,40,,,,,,,,,,,,,,,,,,,,,1,,58,808,750,58,False,,,,,,,,,,,,,,,,,,,,,,,,,,1.690398707985878,,,,,,,,,,,,,
35.14488649996929,absorbing,,,,,,,L,1,0,204,243,39,19,58,9,0,0,0.07808033301262185,0.23255245899781585,0.3106327920104377,0.31717216700781137,63272,64536,64,64,False,False,False,False,63272,64,False,512,0.0006,,63272,0,total_elems,63272,64536,1,1,,,,0.0,,,,64,4,63272,1162,158,40,,,,,,,,,,,,,,,,,,,,,,,,,,,,,,,,,,,,,,,,,,,,,,,,,,,,,,,,,,,,,,,,,,
35.441907999978866,absorbing,,,,,,,R,1,1,204,243,39,22,61,6,3,3,0.14687245897948742,0.1385047499788925,0.2853772089583799,0.28620349999982864,85984,64536,94,64,False,False,False,False,64536,64,False,512,0.0006,,63272,0,total_elems,85984,64536,1,1,,,,0.0,,,,64,4,64536,1218,158,40,,,,,,,,,,,,,,,,,,,,,,,,,,,,,,,,,,,,,,,,,,,,,,,,,,,,,,,,,,,,,,,,,,
35.7940509999753,absorbing,,,,,,,L,2,1,204,243,40,22,62,4,1,4,0.1784269170020707,0.16102483303984627,0.33945175004191697,0.3409823330002837,86596,110328,94,128,False,False,False,False,86596,94,False,512,0.0006,,63272,0,total_elems,86596,110328,1,1,,,,0.0,,,,94,4,86596,1418,158,40,,,,,,,,,,,,,,,,,,,,,,,,,,,,,,,,,,,,,,,,,,,,,,,,,,,,,,,,,,,,,,,,,,
36.340815207979176,absorbing,,,,,,,L,3,1,204,243,42,22,64,3,2,6,0.19631224998738617,0.337539125001058,0.5338513749884441,0.5363626249600202,90656,141324,90,128,False,False,False,False,90656,90,False,512,0.0006,,63272,0,total_elems,90656,141324,1,1,,,,0.0,,,,90,4,90656,1494,158,40,,,,,,,,,,,,,,,,,,,,,,,,,,,,,,,,,,,,,,,,,,,,,,,,,,,,,,,,,,,,,,,,,,
36.667190750013106,absorbing,,,,,,,L,4,1,204,243,43,22,65,4,1,7,0.12657812499674037,0.18612845800817013,0.3127065830049105,0.31339495797874406,90240,144464,89,128,False,False,False,False,90240,89,False,512,0.0006,,63272,0,total_elems,90240,144464,1,1,,,,0.0,,,,89,4,90240,1500,158,40,,,,,,,,,,,,,,,,,,,,,,,,,,,,,,,,,,,,,,,,,,,,,,,,,,,,,,,,,,,,,,,,,,
36.90321779099759,absorbing,,,,,,,L,5,1,204,243,46,22,68,1,3,10,0.09152416698634624,0.13566458300920203,0.22718874999554828,0.2277829999802634,83872,141664,88,128,False,False,False,False,83872,88,False,512,0.0006,,63272,0,total_elems,83872,141664,1,1,,,,0.0,,,,88,4,83872,1414,158,40,,,,,,,,,,,,,,,,,,,,,,,,,,,,,,,,,,,,,,,,,,,,,,,,,,,,,,,,,,,,,,,,,,
37.09837237501051,absorbing,,,,,,,L,6,1,204,243,47,22,69,4,1,11,0.06526195799233392,0.11993774998700246,0.18519970797933638,0.18646729202009737,82896,133824,87,128,False,False,False,False,82896,87,False,512,0.0006,,63272,0,total_elems,82896,133824,1,1,,,,0.0,,,,87,4,82896,1404,158,40,,,,,,,,,,,,,,,,,,,,,,,,,,,,,,,,,,,,,,,,,,,,,,,,,,,,,,,,,,,,,,,,,,
37.275299125001766,absorbing,,,,,,,L,7,1,204,243,49,22,71,5,2,13,0.059614375000819564,0.10764050000580028,0.16725487500661984,0.16774641699157655,82880,130840,86,128,False,False,False,False,82880,86,False,512,0.0006,,63272,0,total_elems,82880,130840,1,1,,,,0.0,,,,86,4,82880,1428,158,40,,,,,,,,,,,,,,,,,,,,,,,,,,,,,,,,,,,,,,,,,,,,,,,,,,,,,,,,,,,,,,,,,,
37.54540358297527,absorbing,,,,,,,L,8,1,204,243,50,22,72,7,1,14,0.09331849997397512,0.16756191704189405,0.26088041701586917,0.26142275001620874,104304,129576,85,128,False,False,False,False,104304,85,False,512,0.0006,,63272,0,total_elems,104304,129576,1,1,,,,0.0,,,,85,4,104304,1640,158,40,,,,,,,,,,,,,,,,,,,,,,,,,,,,,,,,,,,,,,,,,,,,,,,,,,,,,,,,,,,,,,,,,,
37.852569165988825,absorbing,,,,,,,L,9,1,204,243,52,22,74,5,2,16,0.15749075001804158,0.13808125001378357,0.29557200003182516,0.29614304105052724,134704,149416,84,128,False,False,False,False,134704,84,False,512,0.0006,,63272,0,total_elems,134704,149416,1,1,,,,0.0,,,,84,4,134704,1846,158,40,,,,,,,,,,,,,,,,,,,,,,,,,,,,,,,,,,,,,,,,,,,,,,,,,,,,,,,,,,,,,,,,,,
38.175313999992795,absorbing,,,,,,,R,9,2,204,243,52,24,76,5,2,18,0.16087508300552145,0.15161025000270456,0.312485333008226,0.3130074999644421,238368,179636,256,128,False,False,False,False,179636,128,False,512,0.0006,,63272,0,total_elems,238368,179636,1,1,,,,0.0,,,,128,4,179636,2062,158,40,,,,,,,,,,,,,,,,,,,,,,,,,,,,,,,,,,,,,,,,,,,,,,,,,,,,,,,,,,,,,,,,,,
38.50756470800843,absorbing,,,,,,,R,9,3,204,243,52,26,78,3,2,20,0.18056795897427946,0.14191366598242894,0.3224816249567084,0.3235909159993753,280416,179488,256,128,False,False,False,False,179488,128,False,512,0.0006,,63272,0,total_elems,280416,179488,1,1,,,,0.0,,,,128,4,179488,2082,158,40,,,,,,,,,,,,,,,,,,,,,,,,,,,,,,,,,,,,,,,,,,,,,,,,,,,,,,,,,,,,,,,,,,
38.828981333004776,absorbing,,,,,,,R,9,4,204,243,52,27,79,3,1,21,0.1810732499579899,0.1284212910104543,0.3094945409684442,0.3120333749684505,279424,165876,256,128,False,False,False,False,165876,128,False,512,0.0006,,63272,0,total_elems,279424,165876,1,1,,,,0.0,,,,128,4,165876,2062,158,40,,,,,,,,,,,,,,,,,,,,,,,,,,,,,,,,,,,,,,,,,,,,,,,,,,,,,,,,,,,,,,,,,,
39.2092327499995,absorbing,,,,,,,R,9,5,204,243,52,28,80,2,1,22,0.18049012497067451,0.19007029198110104,0.37056041695177555,0.37194687500596046,264928,165104,256,128,False,False,False,False,165104,128,False,512,0.0006,,63272,0,total_elems,264928,165104,1,1,,,,0.0,,,,128,4,165104,2052,158,40,,,,,,,,,,,,,,,,,,,,,,,,,,,,,,,,,,,,,,,,,,,,,,,,,,,,,,,,,,,,,,,,,,
39.59591299999738,absorbing,,,,,,,R,9,6,204,243,52,30,82,2,2,24,0.21005291701294482,0.1648240839713253,0.3748770009842701,0.3764691250398755,264776,137792,256,96,False,False,False,False,137792,96,False,512,0.0006,,63272,0,total_elems,264776,137792,1,1,,,,0.0,,,,96,4,137792,1952,158,40,,,,,,,,,,,,,,,,,,,,,,,,,,,,,,,,,,,,,,,,,,,,,,,,,,,,,,,,,,,,,,,,,,
39.910445415996946,absorbing,,,,,,,R,9,7,204,243,52,31,83,4,1,25,0.16144374996656552,0.14068279200000688,0.3021265419665724,0.3039866250474006,237920,133952,256,96,False,False,False,False,133952,96,False,512,0.0006,,63272,0,total_elems,237920,133952,1,1,,,,0.0,,,,96,4,133952,1920,158,40,,,,,,,,,,,,,,,,,,,,,,,,,,,,,,,,,,,,,,,,,,,,,,,,,,,,,,,,,,,,,,,,,,
40.1967882909812,absorbing,,,,,,,R,9,8,204,243,52,32,84,5,1,26,0.16640250000637025,0.1102521659922786,0.27665466599864885,0.2778450830373913,233568,104136,256,81,False,False,False,False,104136,81,False,512,0.0006,,63272,0,total_elems,233568,104136,1,1,,,,0.0,,,,81,4,104136,1754,158,40,,,,,,,,,,,,,,,,,,,,,,,,,,,,,,,,,,,,,,,,,,,,,,,,,,,,,,,,,,,,,,,,,,
40.4432392079616,absorbing,,,,,,,R,9,9,204,243,52,33,85,7,1,27,0.14239720796467736,0.09397087502293289,0.23636808298761025,0.23733612499199808,203104,89216,256,64,False,False,False,False,89216,64,False,512,0.0006,,63272,0,total_elems,203104,89216,1,1,,,,0.0,,,,64,4,89216,1696,158,40,,,,,,,,,,,,,,,,,,,,,,,,,,,,,,,,,,,,,,,,,,,,,,,,,,,,,,,,,,,,,,,,,,
40.68549837497994,absorbing,,,,,,,R,9,10,204,243,52,35,87,6,2,29,0.15324837499065325,0.0789551250054501,0.23220349999610335,0.23347945901332423,189088,95752,256,64,False,False,False,False,95752,64,False,512,0.0006,,63272,0,total_elems,189088,95752,1,1,,,,0.0,,,,64,4,95752,1766,158,40,,,,,,,,,,,,,,,,,,,,,,,,,,,,,,,,,,,,,,,,,,,,,,,,,,,,,,,,,,,,,,,,,,
40.92955883301329,absorbing,,,,,,,R,9,11,204,243,52,38,90,5,3,32,0.14445204101502895,0.0881045000278391,0.23255654104286805,0.23453266598517075,194976,134336,256,128,False,False,False,False,134336,128,False,512,0.0006,,63272,0,total_elems,194976,134336,1,1,,,,0.0,,,,128,4,134336,2116,158,40,,,,,,,,,,,,,,,,,,,,,,,,,,,,,,,,,,,,,,,,,,,,,,,,,,,,,,,,,,,,,,,,,,
41.32050924998475,absorbing,,,,,,,L,10,11,204,243,55,38,93,4,3,35,0.18256945797475055,0.19822162500349805,0.3807910829782486,0.3817112910328433,234976,273952,256,128,False,False,False,False,234976,256,False,512,0.0006,,63272,0,total_elems,234976,273952,1,1,,,,0.0,,,,256,4,234976,2554,158,40,,,,,,,,,,,,,,,,,,,,,,,,,,,,,,,,,,,,,,,,,,,,,,,,,,,,,,,,,,,,,,,,,,
41.80844154098304,absorbing,,,,,,,L,11,11,204,243,58,38,96,3,3,38,0.23705033399164677,0.23997137497644871,0.4770217089680955,0.4790004160022363,240768,376128,256,256,False,False,False,False,240768,256,False,512,0.0006,,63272,0,total_elems,240768,376128,1,1,,,,0.0,,,,256,4,240768,2608,158,40,,,,,,,,,,,,,,,,,,,,,,,,,,,,,,,,,,,,,,,,,,,,,,,,,,,,,,,,,,,,,,,,,,
42.36299162497744,absorbing,,,,,,,L,12,11,204,243,59,38,97,4,1,39,0.23996604199055582,0.3040415839641355,0.5440076259546913,0.5451667080051266,165344,400352,128,256,False,False,False,False,165344,128,False,512,0.0006,,63272,0,total_elems,165344,400352,1,1,,,,0.0,,,,128,4,165344,2390,158,40,,,,,,,,,,,,,,,,,,,,,,,,,,,,,,,,,,,,,,,,,,,,,,,,,,,,,,,,,,,,,,,,,,
42.87140374997398,absorbing,,,,,,,L,13,11,204,243,60,38,98,3,1,40,0.2253519999794662,0.2722587499883957,0.4976107499678619,0.49916229100199416,356032,398656,128,128,False,False,False,False,356032,128,False,512,0.0006,,63272,0,total_elems,356032,398656,1,1,,,,0.0,,,,128,4,356032,2972,158,40,,,,,,,,,,,,,,,,,,,,,,,,,,,,,,,,,,,,,,,,,,,,,,,,,,,,,,,,,,,,,,,,,,
43.88240175001556,absorbing,,,,,,,L,14,11,204,243,61,38,99,3,1,41,0.38277095899684355,0.6174694999936037,1.0002404589904472,1.0010087920236401,359488,821952,128,511,False,False,False,True,359488,128,False,512,0.0006,,63272,0,total_elems,359488,821952,1,1,,,,0.0,,,,128,4,359488,2996,158,40,,,,,,,,,,,,,,,,,,,,,,,,,,,,,,,,,,,,,,,,,,,,,,,,,,,,,,,,,,,,,,,,,,
44.842125249968376,absorbing,,,,,,,L,15,11,204,243,61,38,99,5,0,41,0.2884871669812128,0.6589393339818344,0.9474265009630471,0.9495569579885341,385024,825408,128,511,False,False,False,True,385024,128,False,512,0.0006,,63272,0,total_elems,385024,825408,1,1,,,,0.0,,,,128,4,385024,3084,158,40,,,,,,,,,,,,,,,,,,,,,,,,,,,,,,,,,,,,,,,,,,,,,,,,,,,,,,,,,,,,,,,,,,
46.12132329097949,absorbing,,,,,,,L,16,11,204,243,63,38,101,4,2,43,0.5828608750016429,0.6852719580056146,1.2681328330072574,1.2695078329998069,451072,924672,256,511,False,False,False,True,451072,256,False,512,0.0006,,63272,0,total_elems,451072,924672,1,1,,,,0.0,,,,256,4,451072,3212,158,40,,,,,,,,,,,,,,,,,,,,,,,,,,,,,,,,,,,,,,,,,,,,,,,,,,,,,,,,,,,,,,,,,,
48.07722529099556,absorbing,,,,,,,L,17,11,204,243,65,38,103,4,2,45,0.9501027090009302,0.9939865839551203,1.9440892929560505,1.9458334170049056,478720,1285120,256,511,False,False,False,True,478720,256,False,512,0.0006,,63272,0,total_elems,478720,1285120,1,1,,,,0.0,,,,256,4,478720,3420,158,40,,,,,,,,,,,,,,,,,,,,,,,,,,,,,,,,,,,,,,,,,,,,,,,,,,,,,,,,,,,,,,,,,,
59.55648625001777,unswapping,,,,,,,,,,,,,,,,,,,,,,,,,,,,,,,,,,,,,,,,,,,,,,,,,,512,4,891952,4266,158,40,0,both,0,20,20,3,"[[12, 13], [30, 31], [34, 35]]",3,,,,,0,,,,,,,,,,,,,,,,,,,,,,,,,,,,,,,,,,,,,,,,,,,,,,,,,,,,,
63.71802283299621,unswapping,,,,,,,,,,,,,,,,,,,,,,,,,,,,,,,,,,,,,,,,,,,,,,,,,,128,4,335824,2788,158,40,0,both,1,19,19,12,"[[1, 2], [3, 4], [7, 8], [13, 14], [15, 16], [17, 18], [19, 20], [23, 24], [25, 26], [27, 28], [33, 34], [35, 36]]",15,,,,,0,,,,,,,,,,,,,,,,,,,,,,,,,,,,,,,,,,,,,,,,,,,,,,,,,,,,,
64.89823141600937,unswapping,,,,,,,,,,,,,,,,,,,,,,,,,,,,,,,,,,,,,,,,,,,,,,,,,,128,4,299488,2582,158,40,0,left,0,20,20,5,"[[2, 3], [16, 17], [22, 23], [28, 29], [38, 39]]",20,,,,,10,,,,,,,,,,,,,,,,,,,,,,,,,,,,,,,,,,,,,,,,,,,,,,,,,,,,,
65.9691473749699,unswapping,,,,,,,,,,,,,,,,,,,,,,,,,,,,,,,,,,,,,,,,,,,,,,,,,,128,4,225784,2282,158,40,0,left,1,19,19,6,"[[3, 4], [9, 10], [15, 16], [29, 30], [33, 34], [35, 36]]",26,,,,,22,,,,,,,,,,,,,,,,,,,,,,,,,,,,,,,,,,,,,,,,,,,,,,,,,,,,,
66.45604858297156,unswapping,,,,,,,,,,,,,,,,,,,,,,,,,,,,,,,,,,,,,,,,,,,,,,,,,,128,4,151120,1876,158,40,0,right,0,20,20,5,"[[0, 1], [4, 5], [8, 9], [12, 13], [18, 19]]",31,,,,,32,,,,,,,,,,,,,,,,,,,,,,,,,,,,,,,,,,,,,,,,,,,,,,,,,,,,,
66.87049316597404,unswapping,,,,,,,,,,,,,,,,,,,,,,,,,,,,,,,,,,,,,,,,,,,,,,,,,,128,4,81872,1610,158,40,0,right,1,19,19,3,"[[5, 6], [11, 12], [13, 14]]",34,,,,,38,,,,,,,,,,,,,,,,,,,,,,,,,,,,,,,,,,,,,,,,,,,,,,,,,,,,,
67.39641699998174,unswapping,,,,,,,,,,,,,,,,,,,,,,,,,,,,,,,,,,,,,,,,,,,,,,,,,,57,4,38416,1190,158,40,1,both,0,20,20,7,"[[6, 7], [10, 11], [12, 13], [14, 15], [16, 17], [24, 25], [30, 31]]",7,,,,,50,,,,,,,,,,,,,,,,,,,,,,,,,,,,,,,,,,,,,,,,,,,,,,,,,,,,,
67.60350054100854,unswapping,,,,,,,,,,,,,,,,,,,,,,,,,,,,,,,,,,,,,,,,,,,,,,,,,,43,4,29392,1058,158,40,1,both,1,19,19,6,"[[9, 10], [11, 12], [15, 16], [17, 18], [23, 24], [27, 28]]",13,,,,,64,,,,,,,,,,,,,,,,,,,,,,,,,,,,,,,,,,,,,,,,,,,,,,,,,,,,,
67.70050195796648,unswapping,,,,,,,,,,,,,,,,,,,,,,,,,,,,,,,,,,,,,,,,,,,,,,,,,,41,4,27408,1014,158,40,1,left,0,20,20,2,"[[4, 5], [8, 9]]",15,,,,,64,,,,,,,,,,,,,,,,,,,,,,,,,,,,,,,,,,,,,,,,,,,,,,,,,,,,,
67.7884015829768,unswapping,,,,,,,,,,,,,,,,,,,,,,,,,,,,,,,,,,,,,,,,,,,,,,,,,,39,4,22800,946,158,40,1,left,1,19,19,2,"[[7, 8], [13, 14]]",17,,,,,66,,,,,,,,,,,,,,,,,,,,,,,,,,,,,,,,,,,,,,,,,,,,,,,,,,,,,
67.88227341597667,unswapping,,,,,,,,,,,,,,,,,,,,,,,,,,,,,,,,,,,,,,,,,,,,,,,,,,37,4,20240,894,158,40,1,right,0,20,20,2,"[[14, 15], [16, 17]]",19,,,,,66,,,,,,,,,,,,,,,,,,,,,,,,,,,,,,,,,,,,,,,,,,,,,,,,,,,,,
67.94545695796842,unswapping,,,,,,,,,,,,,,,,,,,,,,,,,,,,,,,,,,,,,,,,,,,,,,,,,,35,4,19216,874,158,40,1,right,1,19,19,1,"[[15, 16]]",20,,,,,66,,,,,,,,,,,,,,,,,,,,,,,,,,,,,,,,,,,,,,,,,,,,,,,,,,,,,
68.12801474996377,unswapping,,,,,,,,,,,,,,,,,,,,,,,,,,,,,,,,,,,,,,,,,,,,,,,,,,32,4,18256,862,158,40,2,both,0,20,20,1,"[[24, 25]]",1,,,,,68,,,,,,,,,,,,,,,,,,,,,,,,,,,,,,,,,,,,,,,,,,,,,,,,,,,,,
68.26966408296721,unswapping,,,,,,,,,,,,,,,,,,,,,,,,,,,,,,,,,,,,,,,,,,,,,,,,,,32,4,13760,806,158,40,2,both,1,19,19,1,"[[25, 26]]",2,,,,,70,,,,,,,,,,,,,,,,,,,,,,,,,,,,,,,,,,,,,,,,,,,,,,,,,,,,,
68.32754616596503,unswapping,,,,,,,,,,,,,,,,,,,,,,,,,,,,,,,,,,,,,,,,,,,,,,,,,,32,4,12304,774,158,40,2,left,0,20,20,1,"[[14, 15]]",3,,,,,70,,,,,,,,,,,,,,,,,,,,,,,,,,,,,,,,,,,,,,,,,,,,,,,,,,,,,
68.35649437498068,unswapping,,,,,,,,,,,,,,,,,,,,,,,,,,,,,,,,,,,,,,,,,,,,,,,,,,32,4,12304,774,158,40,2,left,1,19,19,0,[],3,,,,,70,,,,,,,,,,,,,,,,,,,,,,,,,,,,,,,,,,,,,,,,,,,,,,,,,,,,,
68.38467529101763,unswapping,,,,,,,,,,,,,,,,,,,,,,,,,,,,,,,,,,,,,,,,,,,,,,,,,,32,4,12304,774,158,40,2,right,0,20,20,0,[],3,,,,,70,,,,,,,,,,,,,,,,,,,,,,,,,,,,,,,,,,,,,,,,,,,,,,,,,,,,,
68.41514075000305,unswapping,,,,,,,,,,,,,,,,,,,,,,,,,,,,,,,,,,,,,,,,,,,,,,,,,,32,4,12304,774,158,40,2,right,1,19,19,0,[],3,,,,,70,,,,,,,,,,,,,,,,,,,,,,,,,,,,,,,,,,,,,,,,,,,,,,,,,,,,,
68.50064741598908,unswapping,,,,,,,,,,,,,,,,,,,,,,,,,,,,,,,,,,,,,,,,,,,,,,,,,,32,4,12304,774,158,40,3,both,0,20,20,0,[],0,,,,,70,,,,,,,,,,,,,,,,,,,,,,,,,,,,,,,,,,,,,,,,,,,,,,,,,,,,,
68.56112274999032,unswapping,,,,,,,,,,,,,,,,,,,,,,,,,,,,,,,,,,,,,,,,,,,,,,,,,,32,4,12304,774,158,40,3,both,1,19,19,0,[],0,,,,,70,,,,,,,,,,,,,,,,,,,,,,,,,,,,,,,,,,,,,,,,,,,,,,,,,,,,,
68.58980466600042,unswapping,,,,,,,,,,,,,,,,,,,,,,,,,,,,,,,,,,,,,,,,,,,,,,,,,,32,4,12304,774,158,40,3,left,0,20,20,0,[],0,,,,,70,,,,,,,,,,,,,,,,,,,,,,,,,,,,,,,,,,,,,,,,,,,,,,,,,,,,,
68.61663820798276,unswapping,,,,,,,,,,,,,,,,,,,,,,,,,,,,,,,,,,,,,,,,,,,,,,,,,,32,4,12304,774,158,40,3,left,1,19,19,0,[],0,,,,,70,,,,,,,,,,,,,,,,,,,,,,,,,,,,,,,,,,,,,,,,,,,,,,,,,,,,,
68.64545808301773,unswapping,,,,,,,,,,,,,,,,,,,,,,,,,,,,,,,,,,,,,,,,,,,,,,,,,,32,4,12304,774,158,40,3,right,0,20,20,0,[],0,,,,,70,,,,,,,,,,,,,,,,,,,,,,,,,,,,,,,,,,,,,,,,,,,,,,,,,,,,,
68.67569066601573,unswapping,,,,,,,,,,,,,,,,,,,,,,,,,,,,,,,,,,,,,,,,,,,,,,,,,,32,4,12304,774,158,40,3,right,1,19,19,0,[],0,,,,,70,,,,,,,,,,,,,,,,,,,,,,,,,,,,,,,,,,,,,,,,,,,,,,,,,,,,,
68.89961687498726,unswap_cycle_summary,,,,,,,,,,,,65,38,103,,,,,,,,,,,,,,,,,,,512,0.0006,,,,,,,,,,,,,,,,32,4,12304,774,158,40,,,,,,,,,,,,,,,,,,,,,2,19.028723041992635,103,808,705,45,False,True,False,,0,"[65, 38]","[0, 2, 4, 3, 5, 1, 8, 11, 6, 7, 10, 14, 9, 18, 15, 13, 12, 17, 16, 20, 19, 21, 24, 26, 23, 25, 22, 29, 28, 31, 30, 27, 32, 33, 35, 34, 36, 37, 39, 38]","[2, 0, 1, 4, 5, 6, 8, 3, 9, 14, 7, 12, 10, 11, 18, 20, 16, 13, 15, 17, 19, 21, 22, 26, 23, 25, 24, 27, 28, 29, 30, 31, 32, 35, 33, 36, 34, 37, 38, 39]","{'index': 17, 'interactions': [('unitary', (3, 4))]}","{'index': 11, 'interactions': [('unitary', (10, 11)), ('unitary', (38, 37))]}","[1, 2, 3, 4, 2, 2, 3, 3, 3, 3, 2, 2, 3, 3, 3, 3, 3, 3, 3, 3, 2, 2, 3, 4, 4, 4, 4, 5, 4, 3, 2, 2, 1, 2, 3, 2, 2, 2, 1]",bf883fec366664d3bf4bc994d8eeed4e3212f97bf66e44e0609f932ec4a5088c,,,,,,,,,,,,,,,,,,,,,,,,,,,,
70.08831595798256,rewiring,left,post_unswap,1.1788769999984652,189,False,False,,,,,,,,,,,,,,,,,,,,,,,,,,,,,,,,,,,,,,,,,,,,,,,,,,,,,,,,,,,,,,,,,,,,,,2,,,,,,,,,,,,,,,,,,50,False,45,4,bond_profile,8,False,1,5051,"(124, 16, 12, 8, 44, 1055, 209)",0.0053072510054335,1.173526957980357,"[{'seed': 2024, 'score': (189, 32, 18, 8, 58, 1058, 235), 'num_layers': 235, 'total_swaps': 1058, 'max_layer_swaps': 9, 'swap_only_layers': 58, 'work_layers': 177, 'unitary_layers': 177, 'first_work_layer': 0, 'leading_no_work_layers': 0, 'bond_profile_layers_scored': 8, 'bond_profile_total_cost': 189, 'bond_profile_max_cost': 32, 'bond_profile_gate_count': 18}, {'seed': 3033, 'score': (125, 16, 13, 8, 40, 1086, 199), 'num_layers': 199, 'total_swaps': 1086, 'max_layer_swaps': 11, 'swap_only_layers': 40, 'work_layers': 159, 'unitary_layers': 159, 'first_work_layer': 0, 'leading_no_work_layers': 0, 'bond_profile_layers_scored': 8, 'bond_profile_total_cost': 125, 'bond_profile_max_cost': 16, 'bond_profile_gate_count': 13}, {'seed': 4042, 'score': (145, 16, 16, 8, 49, 1042, 224), 'num_layers': 224, 'total_swaps': 1042, 'max_layer_swaps': 11, 'swap_only_layers': 49, 'work_layers': 175, 'unitary_layers': 175, 'first_work_layer': 0, 'leading_no_work_layers': 0, 'bond_profile_layers_scored': 8, 'bond_profile_total_cost': 145, 'bond_profile_max_cost': 16, 'bond_profile_gate_count': 16}, {'seed': 5051, 'score': (124, 16, 12, 8, 44, 1055, 209), 'num_layers': 209, 'total_swaps': 1055, 'max_layer_swaps': 10, 'swap_only_layers': 44, 'work_layers': 165, 'unitary_layers': 165, 'first_work_layer': 0, 'leading_no_work_layers': 0, 'bond_profile_layers_scored': 8, 'bond_profile_total_cost': 124, 'bond_profile_max_cost': 16, 'bond_profile_gate_count': 12}]",1.1788625000044703,2.099236165988259,,,,,,,,,,,,,
71.00839120801538,rewiring,right,post_unswap,0.9198801660095342,234,False,False,,,,,,,,,,,,,,,,,,,,,,,,,,,,,,,,,,,,,,,,,,,,,,,,,,,,,,,,,,,,,,,,,,,,,,2,,,,,,,,,,,,,,,,,,50,False,45,4,bond_profile,8,False,1,3033,"(198, 32, 15, 8, 61, 1100, 244)",0.004835584026295692,0.9150068339658901,"[{'seed': 2024, 'score': (202, 32, 16, 8, 47, 1114, 227), 'num_layers': 227, 'total_swaps': 1114, 'max_layer_swaps': 11, 'swap_only_layers': 47, 'work_layers': 180, 'unitary_layers': 180, 'first_work_layer': 0, 'leading_no_work_layers': 0, 'bond_profile_layers_scored': 8, 'bond_profile_total_cost': 202, 'bond_profile_max_cost': 32, 'bond_profile_gate_count': 16}, {'seed': 3033, 'score': (198, 32, 15, 8, 61, 1100, 244), 'num_layers': 244, 'total_swaps': 1100, 'max_layer_swaps': 9, 'swap_only_layers': 61, 'work_layers': 183, 'unitary_layers': 183, 'first_work_layer': 0, 'leading_no_work_layers': 0, 'bond_profile_layers_scored': 8, 'bond_profile_total_cost': 198, 'bond_profile_max_cost': 32, 'bond_profile_gate_count': 15}, {'seed': 4042, 'score': (211, 32, 17, 8, 48, 1092, 224), 'num_layers': 224, 'total_swaps': 1092, 'max_layer_swaps': 10, 'swap_only_layers': 48, 'work_layers': 176, 'unitary_layers': 176, 'first_work_layer': 0, 'leading_no_work_layers': 0, 'bond_profile_layers_scored': 8, 'bond_profile_total_cost': 211, 'bond_profile_max_cost': 32, 'bond_profile_gate_count': 17}, {'seed': 5051, 'score': (198, 32, 15, 8, 70, 1106, 262), 'num_layers': 262, 'total_swaps': 1106, 'max_layer_swaps': 11, 'swap_only_layers': 70, 'work_layers': 192, 'unitary_layers': 192, 'first_work_layer': 0, 'leading_no_work_layers': 0, 'bond_profile_layers_scored': 8, 'bond_profile_total_cost': 198, 'bond_profile_max_cost': 32, 'bond_profile_gate_count': 15}]",0.9198667920427397,2.099236165988259,,,,,,,,,,,,,
71.02809870796045,cycle_progress,,,,,,,,,,,,65,38,103,,,,,,,,,,,,,,,,,,,512,0.0006,,63272,0,,,,,,,,,,,,,32,4,12304,774,158,40,,,,,,,,,,,,,,,,,,,,,2,,103,808,705,45,False,,,,,,,,,,,,,,,,,,,,,,,,,,2.099236165988259,,,,,,,,,,,,,
71.1089249579818,absorbing,,,,,,,L,1,0,209,244,66,38,104,7,1,1,0.026569292007479817,0.036879083956591785,0.0634483759640716,0.06984570896020159,12816,14136,32,32,False,False,False,False,12816,32,False,512,0.0006,,12304,0,total_elems,12816,14136,1,1,,,,0.0,,,,32,4,12816,788,158,40,,,,,,,,,,,,,,,,,,,,,,,,,,,,,,,,,,,,,,,,,,,,,,,,,,,,,,,,,,,,,,,,,,
71.20736399997259,absorbing,,,,,,,R,1,1,209,244,66,42,108,4,4,5,0.04814708395861089,0.03805695800110698,0.08620404195971787,0.08705099998041987,25072,14776,32,32,False,False,False,False,14776,32,False,512,0.0006,,12304,0,total_elems,25072,14776,1,1,,,,0.0,,,,32,4,14776,856,158,40,,,,,,,,,,,,,,,,,,,,,,,,,,,,,,,,,,,,,,,,,,,,,,,,,,,,,,,,,,,,,,,,,,
71.30095145798987,absorbing,,,,,,,R,1,2,209,244,66,42,108,5,0,5,0.04944620904279873,0.031590792001225054,0.08103700104402378,0.08158241596538574,23160,17560,32,32,False,False,False,False,17560,32,False,512,0.0006,,12304,0,total_elems,23160,17560,1,1,,,,0.0,,,,32,4,17560,916,158,40,,,,,,,,,,,,,,,,,,,,,,,,,,,,,,,,,,,,,,,,,,,,,,,,,,,,,,,,,,,,,,,,,,
71.40525987499859,absorbing,,,,,,,L,2,2,209,244,68,42,110,8,2,7,0.054660582973156124,0.037783792009577155,0.09244437498273328,0.09300887497374788,26920,29560,32,64,False,False,False,False,26920,32,False,512,0.0006,,12304,0,total_elems,26920,29560,1,1,,,,0.0,,,,32,4,26920,1034,158,40,,,,,,,,,,,,,,,,,,,,,,,,,,,,,,,,,,,,,,,,,,,,,,,,,,,,,,,,,,,,,,,,,,
71.52046224998776,absorbing,,,,,,,L,3,2,209,244,69,42,111,7,1,8,0.04162704199552536,0.060227459005545825,0.10185450100107118,0.10301591700408608,31272,48056,32,98,False,False,False,False,31272,32,False,512,0.0006,,12304,0,total_elems,31272,48056,1,1,,,,0.0,,,,32,4,31272,1060,158,40,,,,,,,,,,,,,,,,,,,,,,,,,,,,,,,,,,,,,,,,,,,,,,,,,,,,,,,,,,,,,,,,,,
71.74209016596433,absorbing,,,,,,,L,4,2,209,244,70,42,112,5,1,9,0.10657912498572841,0.09985295898513868,0.2064320839708671,0.20883649995084852,30680,52240,32,98,False,False,False,False,30680,32,False,512,0.0006,,12304,0,total_elems,30680,52240,1,1,,,,0.0,,,,32,4,30680,1066,158,40,,,,,,,,,,,,,,,,,,,,,,,,,,,,,,,,,,,,,,,,,,,,,,,,,,,,,,,,,,,,,,,,,,
72.03615062497556,absorbing,,,,,,,R,4,3,209,244,70,42,112,6,0,9,0.1796940000494942,0.09939979203045368,0.2790937920799479,0.2798108750139363,82488,48056,128,64,False,False,False,False,48056,64,False,512,0.0006,,12304,0,total_elems,82488,48056,1,1,,,,0.0,,,,64,4,48056,1264,158,40,,,,,,,,,,,,,,,,,,,,,,,,,,,,,,,,,,,,,,,,,,,,,,,,,,,,,,,,,,,,,,,,,,
72.225130582985,absorbing,,,,,,,R,4,4,209,244,70,43,113,3,1,10,0.10576595802558586,0.06810475001111627,0.17387070803670213,0.17539220897015184,102200,54200,128,64,False,False,False,False,54200,64,False,512,0.0006,,12304,0,total_elems,102200,54200,1,1,,,,0.0,,,,64,4,54200,1360,158,40,,,,,,,,,,,,,,,,,,,,,,,,,,,,,,,,,,,,,,,,,,,,,,,,,,,,,,,,,,,,,,,,,,
72.40357733296696,absorbing,,,,,,,R,4,5,209,244,70,44,114,2,1,11,0.1022663339972496,0.06314958300208673,0.16541591699933633,0.16629000002285466,108344,46008,128,64,False,False,False,False,46008,64,False,512,0.0006,,12304,0,total_elems,108344,46008,1,1,,,,0.0,,,,64,4,46008,1296,158,40,,,,,,,,,,,,,,,,,,,,,,,,,,,,,,,,,,,,,,,,,,,,,,,,,,,,,,,,,,,,,,,,,,
72.60104758298257,absorbing,,,,,,,R,4,6,209,244,70,46,116,1,2,13,0.09869025001535192,0.08472116600023583,0.18341141601558775,0.18505254201591015,75576,38328,64,64,False,False,False,False,38328,64,False,512,0.0006,,12304,0,total_elems,75576,38328,1,1,,,,0.0,,,,64,4,38328,1216,158,40,,,,,,,,,,,,,,,,,,,,,,,,,,,,,,,,,,,,,,,,,,,,,,,,,,,,,,,,,,,,,,,,,,
72.77125387499109,absorbing,,,,,,,R,4,7,209,244,70,48,118,2,2,15,0.0877679999684915,0.06351833295775577,0.15128633292624727,0.1520985829993151,57144,31672,64,64,False,False,False,False,31672,64,False,512,0.0006,,12304,0,total_elems,57144,31672,1,1,,,,0.0,,,,64,4,31672,1104,158,40,,,,,,,,,,,,,,,,,,,,,,,,,,,,,,,,,,,,,,,,,,,,,,,,,,,,,,,,,,,,,,,,,,
72.887792332971,absorbing,,,,,,,R,4,8,209,244,70,51,121,1,3,18,0.05542279203655198,0.04584941599750891,0.1012722080340609,0.10189391695894301,41016,28344,64,64,False,False,False,False,28344,64,False,512,0.0006,,12304,0,total_elems,41016,28344,1,1,,,,0.0,,,,64,4,28344,1056,158,40,,,,,,,,,,,,,,,,,,,,,,,,,,,,,,,,,,,,,,,,,,,,,,,,,,,,,,,,,,,,,,,,,,
73.29177466599504,absorbing,,,,,,,R,4,9,209,244,70,51,121,4,0,18,0.31208254204830155,0.07580116699682549,0.38788370904512703,0.38973400002578273,35448,25600,64,64,False,False,False,False,25600,64,False,512,0.0006,,12304,0,total_elems,35448,25600,1,1,,,,0.0,,,,64,4,25600,1010,158,40,,,,,,,,,,,,,,,,,,,,,,,,,,,,,,,,,,,,,,,,,,,,,,,,,,,,,,,,,,,,,,,,,,
73.43446591601241,absorbing,,,,,,,L,5,9,209,244,71,51,122,7,1,19,0.055121082987170666,0.0700120420078747,0.12513312499504536,0.12592712498735636,28520,40572,64,64,False,False,False,False,28520,64,False,512,0.0006,,12304,0,total_elems,28520,40572,1,1,,,,0.0,,,,64,4,28520,1090,158,40,,,,,,,,,,,,,,,,,,,,,,,,,,,,,,,,,,,,,,,,,,,,,,,,,,,,,,,,,,,,,,,,,,
73.60080545797246,absorbing,,,,,,,L,6,9,209,244,73,51,124,6,2,21,0.08001608302583918,0.06947595794918016,0.14949204097501934,0.1504018330015242,36168,40716,64,64,False,False,False,False,36168,64,False,512,0.0006,,12304,0,total_elems,36168,40716,1,1,,,,0.0,,,,64,4,36168,1208,158,40,,,,,,,,,,,,,,,,,,,,,,,,,,,,,,,,,,,,,,,,,,,,,,,,,,,,,,,,,,,,,,,,,,
73.78770429099677,absorbing,,,,,,,R,6,10,209,244,73,52,125,4,1,22,0.09141766699030995,0.06789662496885285,0.1593142919591628,0.16009783296613023,43768,32824,64,64,False,False,False,False,32824,64,False,512,0.0006,,12304,0,total_elems,43768,32824,1,1,,,,0.0,,,,64,4,32824,1160,158,40,,,,,,,,,,,,,,,,,,,,,,,,,,,,,,,,,,,,,,,,,,,,,,,,,,,,,,,,,,,,,,,,,,
73.92801004101057,absorbing,,,,,,,R,6,11,209,244,73,53,126,5,1,23,0.0651808749535121,0.05976520903641358,0.12494608398992568,0.12579912500223145,36664,30136,64,64,False,False,False,False,30136,64,False,512,0.0006,,12304,0,total_elems,36664,30136,1,1,,,,0.0,,,,64,4,30136,1112,158,40,,,,,,,,,,,,,,,,,,,,,,,,,,,,,,,,,,,,,,,,,,,,,,,,,,,,,,,,,,,,,,,,,,
74.04809420800302,absorbing,,,,,,,R,6,12,209,244,73,54,127,5,1,24,0.06134137499611825,0.04156450001755729,0.10290587501367554,0.10421929199947044,30520,20728,64,64,False,False,False,False,20728,64,False,512,0.0006,,12304,0,total_elems,30520,20728,1,1,,,,0.0,,,,64,4,20728,916,158,40,,,,,,,,,,,,,,,,,,,,,,,,,,,,,,,,,,,,,,,,,,,,,,,,,,,,,,,,,,,,,,,,,,
74.15098937496077,absorbing,,,,,,,R,6,13,209,244,73,57,130,3,3,27,0.050260334042832255,0.038895417004823685,0.08915575104765594,0.0896901250234805,25272,19096,64,64,False,False,False,False,19096,64,False,512,0.0006,,12304,0,total_elems,25272,19096,1,1,,,,0.0,,,,64,4,19096,862,158,40,,,,,,,,,,,,,,,,,,,,,,,,,,,,,,,,,,,,,,,,,,,,,,,,,,,,,,,,,,,,,,,,,,
74.2508399579674,absorbing,,,,,,,L,7,13,209,244,75,57,132,6,2,29,0.05054333299631253,0.03514337498927489,0.08568670798558742,0.08642529195640236,22104,25552,64,64,False,False,False,False,22104,64,False,512,0.0006,,12304,0,total_elems,22104,25552,1,1,,,,0.0,,,,64,4,22104,934,158,40,,,,,,,,,,,,,,,,,,,,,,,,,,,,,,,,,,,,,,,,,,,,,,,,,,,,,,,,,,,,,,,,,,
74.37162083300063,absorbing,,,,,,,L,8,13,209,244,77,57,134,6,2,31,0.06894054199801758,0.037843332975171506,0.10678387497318909,0.1073734579840675,23320,28944,32,64,False,False,False,False,23320,32,False,512,0.0006,,12304,0,total_elems,23320,28944,1,1,,,,0.0,,,,32,4,23320,986,158,40,,,,,,,,,,,,,,,,,,,,,,,,,,,,,,,,,,,,,,,,,,,,,,,,,,,,,,,,,,,,,,,,,,
74.47821924998425,absorbing,,,,,,,R,8,14,209,244,77,57,134,6,0,31,0.04483787500066683,0.047180833003949374,0.0920187080046162,0.09261108399368823,30360,28816,32,64,False,False,False,False,28816,64,False,512,0.0006,,12304,0,total_elems,30360,28816,1,1,,,,0.0,,,,64,4,28816,972,158,40,,,,,,,,,,,,,,,,,,,,,,,,,,,,,,,,,,,,,,,,,,,,,,,,,,,,,,,,,,,,,,,,,,
74.58726416598074,absorbing,,,,,,,R,8,15,209,244,77,59,136,5,2,33,0.049345166014973074,0.042457584000658244,0.09180275001563132,0.09237666701665148,32464,28856,64,64,False,False,False,False,28856,64,False,512,0.0006,,12304,0,total_elems,32464,28856,1,1,,,,0.0,,,,64,4,28856,968,158,40,,,,,,,,,,,,,,,,,,,,,,,,,,,,,,,,,,,,,,,,,,,,,,,,,,,,,,,,,,,,,,,,,,
74.70742304099258,absorbing,,,,,,,L,9,15,209,244,78,59,137,6,1,34,0.056564333965070546,0.04653520800638944,0.10309954197145998,0.10421066702110693,28472,29372,64,64,False,False,False,False,28472,64,False,512,0.0006,,12304,0,total_elems,28472,29372,1,1,,,,0.0,,,,64,4,28472,968,158,40,,,,,,,,,,,,,,,,,,,,,,,,,,,,,,,,,,,,,,,,,,,,,,,,,,,,,,,,,,,,,,,,,,
74.8491242909804,absorbing,,,,,,,R,9,16,209,244,78,62,140,5,3,37,0.08251174999168143,0.0440993329975754,0.12661108298925683,0.12715908302925527,37016,28412,64,64,False,False,False,False,28412,64,False,512,0.0006,,12304,0,total_elems,37016,28412,1,1,,,,0.0,,,,64,4,28412,938,158,40,,,,,,,,,,,,,,,,,,,,,,,,,,,,,,,,,,,,,,,,,,,,,,,,,,,,,,,,,,,,,,,,,,
74.9985322499997,absorbing,,,,,,,L,10,16,209,244,81,62,143,4,3,40,0.08457883301889524,0.05063199996948242,0.13521083298837766,0.1361326250480488,21692,27968,64,64,False,False,False,False,21692,64,False,512,0.0006,,12304,0,total_elems,21692,27968,1,1,,,,0.0,,,,64,4,21692,898,158,40,,,,,,,,,,,,,,,,,,,,,,,,,,,,,,,,,,,,,,,,,,,,,,,,,,,,,,,,,,,,,,,,,,
75.10172012500698,absorbing,,,,,,,R,10,17,209,244,81,62,143,6,0,40,0.045575875032227486,0.039619916991796345,0.08519579202402383,0.08663900004466996,24216,14852,64,32,False,False,False,False,14852,32,False,512,0.0006,,12304,0,total_elems,24216,14852,1,1,,,,0.0,,,,32,4,14852,782,158,40,,,,,,,,,,,,,,,,,,,,,,,,,,,,,,,,,,,,,,,,,,,,,,,,,,,,,,,,,,,,,,,,,,
75.20721349999076,absorbing,,,,,,,L,11,17,209,244,85,62,147,5,4,44,0.05215470801340416,0.033909292018506676,0.08606400003191084,0.0865595830255188,14172,14472,32,32,False,False,False,False,14172,32,False,512,0.0006,,12304,0,total_elems,14172,14472,1,1,,,,0.0,,,,32,4,14172,816,158,40,,,,,,,,,,,,,,,,,,,,,,,,,,,,,,,,,,,,,,,,,,,,,,,,,,,,,,,,,,,,,,,,,,
75.31466691597598,absorbing,,,,,,,L,12,17,209,244,86,62,148,7,1,45,0.060505000001285225,0.030584125022869557,0.09108912502415478,0.09223929198924452,11544,12796,16,32,False,False,False,False,11544,16,False,512,0.0006,,12304,0,total_elems,11544,12796,1,1,,,,0.0,,,,16,4,11544,798,158,40,,,,,,,,,,,,,,,,,,,,,,,,,,,,,,,,,,,,,,,,,,,,,,,,,,,,,,,,,,,,,,,,,,
75.49263704096666,absorbing,,,,,,,R,12,18,209,244,86,62,148,6,0,45,0.0790162089979276,0.07675854198168963,0.15577475097961724,0.15647270798217505,13944,10168,16,16,False,False,False,False,10168,16,False,512,0.0006,,12304,0,total_elems,13944,10168,1,1,,,,0.0,,,,16,4,10168,712,158,40,,,,,,,,,,,,,,,,,,,,,,,,,,,,,,,,,,,,,,,,,,,,,,,,,,,,,,,,,,,,,,,,,,
75.59390729101142,absorbing,,,,,,,L,13,18,209,244,88,62,150,5,2,47,0.04315504204714671,0.042403124971315265,0.08555816701846197,0.08648462500423193,12248,17116,16,64,False,False,False,False,12248,16,False,512,0.0006,,12304,0,total_elems,12248,17116,1,1,,,,0.0,,,,16,4,12248,758,158,40,,,,,,,,,,,,,,,,,,,,,,,,,,,,,,,,,,,,,,,,,,,,,,,,,,,,,,,,,,,,,,,,,,
75.72764629096491,absorbing,,,,,,,L,14,18,209,244,90,62,152,4,2,49,0.05686429201159626,0.05869387503480539,0.11555816704640165,0.11636720801470801,14936,18776,16,64,False,False,False,False,14936,16,False,512,0.0006,,12304,0,total_elems,14936,18776,1,1,,,,0.0,,,,16,4,14936,854,158,40,,,,,,,,,,,,,,,,,,,,,,,,,,,,,,,,,,,,,,,,,,,,,,,,,,,,,,,,,,,,,,,,,,
75.85308795800665,absorbing,,,,,,,L,15,18,209,244,91,62,153,7,1,50,0.05021458299597725,0.05440529203042388,0.10461987502640113,0.10601024999050424,12056,14552,16,16,False,False,False,False,12056,16,False,512,0.0006,,12304,0,total_elems,12056,14552,1,1,,,,0.0,,,,16,4,12056,782,158,40,,,,,,,,,,,,,,,,,,,,,,,,,,,,,,,,,,,,,,,,,,,,,,,,,,,,,,,,,,,,,,,,,,
75.98822025000118,absorbing,,,,,,,R,15,19,209,244,91,64,155,5,2,52,0.05653854104457423,0.05811766698025167,0.1146562080248259,0.11531641596229747,17816,11096,64,16,False,False,False,False,11096,16,False,512,0.0006,,12304,0,total_elems,17816,11096,1,1,,,,0.0,,,,16,4,11096,758,158,40,,,,,,,,,,,,,,,,,,,,,,,,,,,,,,,,,,,,,,,,,,,,,,,,,,,,,,,,,,,,,,,,,,
76.1123291659751,absorbing,,,,,,,R,15,20,209,244,91,65,156,6,1,53,0.0576521250186488,0.04507504199864343,0.10272716701729223,0.10399862501071766,12248,12120,16,16,False,False,False,False,12120,16,False,512,0.0006,,12304,0,total_elems,12248,12120,1,1,,,,0.0,,,,16,4,12120,750,158,40,,,,,,,,,,,,,,,,,,,,,,,,,,,,,,,,,,,,,,,,,,,,,,,,,,,,,,,,,,,,,,,,,,
76.21530487498967,absorbing,,,,,,,L,16,20,209,244,92,65,157,7,1,54,0.04018779197940603,0.042347292008344084,0.08253508398775011,0.0832325000083074,11544,18012,16,64,False,False,False,False,11544,16,False,512,0.0006,,12304,0,total_elems,11544,18012,1,1,,,,0.0,,,,16,4,11544,750,158,40,,,,,,,,,,,,,,,,,,,,,,,,,,,,,,,,,,,,,,,,,,,,,,,,,,,,,,,,,,,,,,,,,,
76.31144408299588,absorbing,,,,,,,R,16,21,209,244,92,66,158,6,1,55,0.04458849999355152,0.03267066698754206,0.07725916698109359,0.077835459029302,18492,12504,64,16,False,False,False,False,12504,16,False,512,0.0006,,12304,0,total_elems,18492,12504,1,1,,,,0.0,,,,16,4,12504,738,158,40,,,,,,,,,,,,,,,,,,,,,,,,,,,,,,,,,,,,,,,,,,,,,,,,,,,,,,,,,,,,,,,,,,
76.41919583297567,absorbing,,,,,,,L,17,21,209,244,94,66,160,5,2,57,0.044850625039543957,0.04426154203247279,0.08911216707201675,0.08997129200724885,17436,18272,64,64,False,False,False,False,17436,64,False,512,0.0006,,12304,0,total_elems,17436,18272,1,1,,,,0.0,,,,64,4,17436,828,158,40,,,,,,,,,,,,,,,,,,,,,,,,,,,,,,,,,,,,,,,,,,,,,,,,,,,,,,,,,,,,,,,,,,
76.51488579099532,absorbing,,,,,,,L,18,21,209,244,95,66,161,5,1,58,0.035692374978680164,0.04342545795952901,0.07911783293820918,0.07973491598386317,17316,17888,64,64,False,False,False,False,17316,64,False,512,0.0006,,12304,0,total_elems,17316,17888,1,1,,,,0.0,,,,64,4,17316,816,158,40,,,,,,,,,,,,,,,,,,,,,,,,,,,,,,,,,,,,,,,,,,,,,,,,,,,,,,,,,,,,,,,,,,
76.62683600001037,absorbing,,,,,,,R,18,22,209,244,95,70,165,4,4,62,0.04652270796941593,0.050434333039447665,0.0969570410088636,0.09752995800226927,18956,17192,64,64,False,False,False,False,17192,64,False,512,0.0006,,12304,0,total_elems,18956,17192,1,1,,,,0.0,,,,64,4,17192,794,158,40,,,,,,,,,,,,,,,,,,,,,,,,,,,,,,,,,,,,,,,,,,,,,,,,,,,,,,,,,,,,,,,,,,
76.72501229098998,absorbing,,,,,,,R,18,23,209,244,95,73,168,4,3,65,0.04236583301099017,0.03930412500631064,0.08166995801730081,0.08228341699577868,18128,11676,64,16,False,False,False,False,11676,16,False,512,0.0006,,12304,0,total_elems,18128,11676,1,1,,,,0.0,,,,16,4,11676,696,158,40,,,,,,,,,,,,,,,,,,,,,,,,,,,,,,,,,,,,,,,,,,,,,,,,,,,,,,,,,,,,,,,,,,
76.81986629101448,absorbing,,,,,,,R,18,24,209,244,95,75,170,4,2,67,0.044904124981258065,0.03404070797841996,0.07894483295967802,0.08037779101869091,12692,11400,16,16,False,False,False,False,11400,16,False,512,0.0006,,12304,0,total_elems,12692,11400,1,1,,,,0.0,,,,16,4,11400,682,158,40,,,,,,,,,,,,,,,,,,,,,,,,,,,,,,,,,,,,,,,,,,,,,,,,,,,,,,,,,,,,,,,,,,
76.91787883301731,absorbing,,,,,,,R,18,25,209,244,95,77,172,6,2,69,0.045945666963234544,0.036533833015710115,0.08247949997894466,0.08307358296588063,12248,10352,16,16,False,False,False,False,10352,16,False,512,0.0006,,12304,0,total_elems,12248,10352,1,1,,,,0.0,,,,16,4,10352,708,158,40,,,,,,,,,,,,,,,,,,,,,,,,,,,,,,,,,,,,,,,,,,,,,,,,,,,,,,,,,,,,,,,,,,
77.00385704101063,absorbing,,,,,,,L,19,25,209,244,100,77,177,2,5,74,0.03854416700778529,0.03227629099274054,0.07082045800052583,0.07134462497197092,10960,18032,16,64,False,False,False,False,10960,16,False,512,0.0006,,12304,0,total_elems,10960,18032,1,1,,,,0.0,,,,16,4,10960,702,158,40,,,,,,,,,,,,,,,,,,,,,,,,,,,,,,,,,,,,,,,,,,,,,,,,,,,,,,,,,,,,,,,,,,
77.08266866597114,absorbing,,,,,,,L,20,25,209,244,100,77,177,5,0,74,0.027946374961175025,0.034672707959543914,0.06261908292071894,0.0634599169716239,12496,17680,16,64,False,False,False,False,12496,16,False,512,0.0006,,12304,0,total_elems,12496,17680,1,1,,,,0.0,,,,16,4,12496,726,158,40,,,,,,,,,,,,,,,,,,,,,,,,,,,,,,,,,,,,,,,,,,,,,,,,,,,,,,,,,,,,,,,,,,
77.17460216599284,absorbing,,,,,,,R,20,26,209,244,100,78,178,5,1,75,0.04523304203758016,0.03247558401199058,0.07770862604957074,0.07825583301018924,34088,18640,64,64,False,False,False,False,18640,64,False,512,0.0006,,12304,0,total_elems,34088,18640,1,1,,,,0.0,,,,64,4,18640,822,158,40,,,,,,,,,,,,,,,,,,,,,,,,,,,,,,,,,,,,,,,,,,,,,,,,,,,,,,,,,,,,,,,,,,
77.27269579097629,absorbing,,,,,,,R,20,27,209,244,100,79,179,4,1,76,0.03949891700176522,0.04444420797517523,0.08394312497694045,0.0844706249772571,20264,17104,64,64,False,False,False,False,17104,64,False,512,0.0006,,12304,0,total_elems,20264,17104,1,1,,,,0.0,,,,64,4,17104,786,158,40,,,,,,,,,,,,,,,,,,,,,,,,,,,,,,,,,,,,,,,,,,,,,,,,,,,,,,,,,,,,,,,,,,
77.36320604098728,absorbing,,,,,,,L,21,27,209,244,102,79,181,4,2,78,0.03820933302631602,0.03488908300641924,0.07309841603273526,0.07465370802674443,13404,17508,16,64,False,False,False,False,13404,16,False,512,0.0006,,12304,0,total_elems,13404,17508,1,1,,,,0.0,,,,16,4,13404,740,158,40,,,,,,,,,,,,,,,,,,,,,,,,,,,,,,,,,,,,,,,,,,,,,,,,,,,,,,,,,,,,,,,,,,
77.44614979100879,absorbing,,,,,,,L,22,27,209,244,103,79,182,4,1,79,0.035226125037297606,0.028236125013791025,0.06346225005108863,0.06469883304089308,12648,13136,16,16,False,False,False,False,12648,16,False,512,0.0006,,12304,0,total_elems,12648,13136,1,1,,,,0.0,,,,16,4,12648,722,158,40,,,,,,,,,,,,,,,,,,,,,,,,,,,,,,,,,,,,,,,,,,,,,,,,,,,,,,,,,,,,,,,,,,
77.52042420796352,absorbing,,,,,,,L,23,27,209,244,103,79,182,5,0,79,0.028738458000589162,0.030314542003907263,0.059053000004496425,0.05964129196945578,10940,12420,16,16,False,False,False,False,10940,16,False,512,0.0006,,12304,0,total_elems,10940,12420,1,1,,,,0.0,,,,16,4,10940,706,158,40,,,,,,,,,,,,,,,,,,,,,,,,,,,,,,,,,,,,,,,,,,,,,,,,,,,,,,,,,,,,,,,,,,
77.59339275001548,absorbing,,,,,,,L,24,27,209,244,104,79,183,6,1,80,0.02972854202380404,0.02678445802303031,0.05651300004683435,0.05708225001581013,10212,11172,16,16,False,False,False,False,10212,16,False,512,0.0006,,12304,0,total_elems,10212,11172,1,1,,,,0.0,,,,16,4,10212,688,158,40,,,,,,,,,,,,,,,,,,,,,,,,,,,,,,,,,,,,,,,,,,,,,,,,,,,,,,,,,,,,,,,,,,
77.66760566597804,absorbing,,,,,,,L,25,27,209,244,106,79,185,5,2,82,0.03135100001236424,0.02765608299523592,0.05900708300760016,0.05949949997011572,8604,10788,16,16,False,False,False,False,8604,16,False,512,0.0006,,12304,0,total_elems,8604,10788,1,1,,,,0.0,,,,16,4,8604,660,158,40,,,,,,,,,,,,,,,,,,,,,,,,,,,,,,,,,,,,,,,,,,,,,,,,,,,,,,,,,,,,,,,,,,
77.7350848329952,absorbing,,,,,,,R,25,28,209,244,106,79,185,5,0,82,0.028889291046652943,0.023934333003126085,0.05282362404977903,0.0533335410291329,14940,9180,32,16,False,False,False,False,9180,16,False,512,0.0006,,12304,0,total_elems,14940,9180,1,1,,,,0.0,,,,16,4,9180,676,158,40,,,,,,,,,,,,,,,,,,,,,,,,,,,,,,,,,,,,,,,,,,,,,,,,,,,,,,,,,,,,,,,,,,
77.80858816596447,absorbing,,,,,,,R,25,29,209,244,106,81,187,2,2,84,0.02952412498416379,0.028488958021625876,0.05801308300578967,0.059209249971900135,14364,9852,32,16,False,False,False,False,9852,16,False,512,0.0006,,12304,0,total_elems,14364,9852,1,1,,,,0.0,,,,16,4,9852,682,158,40,,,,,,,,,,,,,,,,,,,,,,,,,,,,,,,,,,,,,,,,,,,,,,,,,,,,,,,,,,,,,,,,,,
77.8893125000177,absorbing,,,,,,,R,25,30,209,244,106,83,189,2,2,86,0.030554750002920628,0.03318079200107604,0.06373554200399667,0.06432337500154972,13884,10716,32,16,False,False,False,False,10716,16,False,512,0.0006,,12304,0,total_elems,13884,10716,1,1,,,,0.0,,,,16,4,10716,702,158,40,,,,,,,,,,,,,,,,,,,,,,,,,,,,,,,,,,,,,,,,,,,,,,,,,,,,,,,,,,,,,,,,,,
77.98065470799338,absorbing,,,,,,,R,25,31,209,244,106,83,189,4,0,86,0.035976250015664846,0.037959291017614305,0.07393554103327915,0.07452537503559142,14460,9516,32,16,False,False,False,False,9516,16,False,512,0.0006,,12304,0,total_elems,14460,9516,1,1,,,,0.0,,,,16,4,9516,666,158,40,,,,,,,,,,,,,,,,,,,,,,,,,,,,,,,,,,,,,,,,,,,,,,,,,,,,,,,,,,,,,,,,,,
78.07741849997547,absorbing,,,,,,,R,25,32,209,244,106,84,190,4,1,87,0.03998258401406929,0.037630709004588425,0.07761329301865771,0.07825999998021871,12540,7916,32,16,False,False,False,False,7916,16,False,512,0.0006,,12304,0,total_elems,12540,7916,1,1,,,,0.0,,,,16,4,7916,626,158,40,,,,,,,,,,,,,,,,,,,,,,,,,,,,,,,,,,,,,,,,,,,,,,,,,,,,,,,,,,,,,,,,,,
78.16526849998627,absorbing,,,,,,,R,25,33,209,244,106,84,190,7,0,87,0.035023125004954636,0.03125370794441551,0.06627683294937015,0.06690441601676866,10556,9356,32,32,False,False,False,False,9356,32,False,512,0.0006,,12304,0,total_elems,10556,9356,1,1,,,,0.0,,,,32,4,9356,650,158,40,,,,,,,,,,,,,,,,,,,,,,,,,,,,,,,,,,,,,,,,,,,,,,,,,,,,,,,,,,,,,,,,,,
78.2469980000169,absorbing,,,,,,,L,26,33,209,244,106,84,190,8,0,87,0.030727500037755817,0.03366112499497831,0.06438862503273413,0.06497033301275223,11516,12476,32,32,False,False,False,False,11516,32,False,512,0.0006,,12304,0,total_elems,11516,12476,1,1,,,,0.0,,,,32,4,11516,718,158,40,,,,,,,,,,,,,,,,,,,,,,,,,,,,,,,,,,,,,,,,,,,,,,,,,,,,,,,,,,,,,,,,,,
78.34104187501362,absorbing,,,,,,,R,26,34,209,244,106,85,191,5,1,88,0.041275083960499614,0.033296999987214804,0.07457208394771442,0.07523250003578141,16532,13568,32,32,False,False,False,False,13568,32,False,512,0.0006,,12304,0,total_elems,16532,13568,1,1,,,,0.0,,,,32,4,13568,712,158,40,,,,,,,,,,,,,,,,,,,,,,,,,,,,,,,,,,,,,,,,,,,,,,,,,,,,,,,,,,,,,,,,,,
78.42416341596982,absorbing,,,,,,,R,26,35,209,244,106,85,191,6,0,88,0.037330209044739604,0.030604125000536442,0.06793433404527605,0.06846345803933218,16436,13376,32,32,False,False,False,False,13376,32,False,512,0.0006,,12304,0,total_elems,16436,13376,1,1,,,,0.0,,,,32,4,13376,716,158,40,,,,,,,,,,,,,,,,,,,,,,,,,,,,,,,,,,,,,,,,,,,,,,,,,,,,,,,,,,,,,,,,,,
78.50748470798135,absorbing,,,,,,,L,27,35,209,244,110,85,195,4,4,92,0.03487033298006281,0.030887165979947895,0.06575749896001071,0.06630279199453071,15608,15812,32,32,False,False,False,False,15608,32,False,512,0.0006,,12304,0,total_elems,15608,15812,1,1,,,,0.0,,,,32,4,15608,776,158,40,,,,,,,,,,,,,,,,,,,,,,,,,,,,,,,,,,,,,,,,,,,,,,,,,,,,,,,,,,,,,,,,,,
78.60115691600367,absorbing,,,,,,,R,27,36,209,244,110,86,196,4,1,93,0.042110583977773786,0.03259999997681007,0.07471058395458385,0.07528979197377339,25844,19388,64,32,False,False,False,False,19388,32,False,512,0.0006,,12304,0,total_elems,25844,19388,1,1,,,,0.0,,,,32,4,19388,818,158,40,,,,,,,,,,,,,,,,,,,,,,,,,,,,,,,,,,,,,,,,,,,,,,,,,,,,,,,,,,,,,,,,,,
78.80855941597838,absorbing,,,,,,,R,27,37,209,244,110,88,198,3,2,95,0.14268404099857435,0.046497082978021353,0.1891811239765957,0.1905949159990996,29624,25472,64,64,False,False,False,False,25472,64,False,512,0.0006,,12304,0,total_elems,29624,25472,1,1,,,,0.0,,,,64,4,25472,876,158,40,,,,,,,,,,,,,,,,,,,,,,,,,,,,,,,,,,,,,,,,,,,,,,,,,,,,,,,,,,,,,,,,,,
78.94038995797746,absorbing,,,,,,,R,27,38,209,244,110,88,198,7,0,95,0.07244854205055162,0.041622042015660554,0.11407058406621218,0.11577641603071243,41852,21848,64,64,False,False,False,False,21848,64,False,512,0.0006,,12304,0,total_elems,41852,21848,1,1,,,,0.0,,,,64,4,21848,874,158,40,,,,,,,,,,,,,,,,,,,,,,,,,,,,,,,,,,,,,,,,,,,,,,,,,,,,,,,,,,,,,,,,,,
79.049217999971,absorbing,,,,,,,R,27,39,209,244,110,89,199,6,1,96,0.04912770801456645,0.04212470800848678,0.09125241602305323,0.09262499999022111,37208,22844,64,64,False,False,False,False,22844,64,False,512,0.0006,,12304,0,total_elems,37208,22844,1,1,,,,0.0,,,,64,4,22844,914,158,40,,,,,,,,,,,,,,,,,,,,,,,,,,,,,,,,,,,,,,,,,,,,,,,,,,,,,,,,,,,,,,,,,,
79.17930658301339,absorbing,,,,,,,L,28,39,209,244,111,89,200,7,1,97,0.05949041701387614,0.05343620799249038,0.11292662500636652,0.11345195898320526,38204,39972,64,64,False,False,False,False,38204,64,False,512,0.0006,,12304,0,total_elems,38204,39972,1,1,,,,0.0,,,,64,4,38204,1010,158,40,,,,,,,,,,,,,,,,,,,,,,,,,,,,,,,,,,,,,,,,,,,,,,,,,,,,,,,,,,,,,,,,,,
79.3231892909971,absorbing,,,,,,,L,29,39,209,244,113,89,202,6,2,99,0.06575537502067164,0.06080904201371595,0.1265644170343876,0.12767820904264227,39452,55332,64,64,False,False,False,False,39452,64,False,512,0.0006,,12304,0,total_elems,39452,55332,1,1,,,,0.0,,,,64,4,39452,1040,158,40,,,,,,,,,,,,,,,,,,,,,,,,,,,,,,,,,,,,,,,,,,,,,,,,,,,,,,,,,,,,,,,,,,
79.45033562497701,absorbing,,,,,,,L,30,39,209,244,114,89,203,6,1,100,0.05043345800368115,0.06077400001231581,0.11120745801599696,0.11172350001288578,36764,55260,64,64,False,False,False,False,36764,64,False,512,0.0006,,12304,0,total_elems,36764,55260,1,1,,,,0.0,,,,64,4,36764,1032,158,40,,,,,,,,,,,,,,,,,,,,,,,,,,,,,,,,,,,,,,,,,,,,,,,,,,,,,,,,,,,,,,,,,,
79.57794325001305,absorbing,,,,,,,R,30,40,209,244,114,92,206,5,3,103,0.05494324996834621,0.05685341701610014,0.11179666698444635,0.11236458399798721,37784,37404,64,64,False,False,False,False,37404,64,False,512,0.0006,,12304,0,total_elems,37784,37404,1,1,,,,0.0,,,,64,4,37404,1048,158,40,,,,,,,,,,,,,,,,,,,,,,,,,,,,,,,,,,,,,,,,,,,,,,,,,,,,,,,,,,,,,,,,,,
79.69233316596365,absorbing,,,,,,,L,31,40,209,244,117,92,209,4,3,106,0.043971459032036364,0.05455462500685826,0.09852608403889462,0.09903929202118888,38808,52764,64,64,False,False,False,False,38808,64,False,512,0.0006,,12304,0,total_elems,38808,52764,1,1,,,,0.0,,,,64,4,38808,1094,158,40,,,,,,,,,,,,,,,,,,,,,,,,,,,,,,,,,,,,,,,,,,,,,,,,,,,,,,,,,,,,,,,,,,
79.8228811249719,absorbing,,,,,,,L,32,40,209,244,120,92,212,3,3,109,0.05443883402040228,0.059848542034160346,0.11428737605456263,0.11480699997628108,47320,52632,64,64,False,False,False,False,47320,64,False,512,0.0006,,12304,0,total_elems,47320,52632,1,1,,,,0.0,,,,64,4,47320,1246,158,40,,,,,,,,,,,,,,,,,,,,,,,,,,,,,,,,,,,,,,,,,,,,,,,,,,,,,,,,,,,,,,,,,,
79.97304399998393,absorbing,,,,,,,R,32,41,209,244,120,94,214,3,2,111,0.06083349999971688,0.07305212499340996,0.13388562499312684,0.13442004198441282,70420,70360,64,64,False,False,False,False,70360,64,False,512,0.0006,,12304,0,total_elems,70420,70360,1,1,,,,0.0,,,,64,4,70360,1318,158,40,,,,,,,,,,,,,,,,,,,,,,,,,,,,,,,,,,,,,,,,,,,,,,,,,,,,,,,,,,,,,,,,,,
80.1805830830126,absorbing,,,,,,,R,32,42,209,244,120,94,214,5,0,111,0.12093820900190622,0.06906058301683515,0.18999879201874137,0.19121045799693093,167188,69016,256,64,False,False,False,False,69016,64,False,512,0.0006,,12304,0,total_elems,167188,69016,1,1,,,,0.0,,,,64,4,69016,1270,158,40,,,,,,,,,,,,,,,,,,,,,,,,,,,,,,,,,,,,,,,,,,,,,,,,,,,,,,,,,,,,,,,,,,
80.38271954096854,absorbing,,,,,,,R,32,43,209,244,120,98,218,2,4,115,0.11745858303038403,0.06754941696999595,0.18500800000037998,0.18591050000395626,165844,67384,256,64,False,False,False,False,67384,64,False,512,0.0006,,12304,0,total_elems,165844,67384,1,1,,,,0.0,,,,64,4,67384,1240,158,40,,,,,,,,,,,,,,,,,,,,,,,,,,,,,,,,,,,,,,,,,,,,,,,,,,,,,,,,,,,,,,,,,,
80.59741608297918,absorbing,,,,,,,R,32,44,209,244,120,99,219,5,1,116,0.12015095894457772,0.07706974999746308,0.1972207089420408,0.1984626249759458,164212,66592,256,64,False,False,False,False,66592,64,False,512,0.0006,,12304,0,total_elems,164212,66592,1,1,,,,0.0,,,,64,4,66592,1186,158,40,,,,,,,,,,,,,,,,,,,,,,,,,,,,,,,,,,,,,,,,,,,,,,,,,,,,,,,,,,,,,,,,,,
80.84683299995959,absorbing,,,,,,,R,32,45,209,244,120,100,220,7,1,117,0.11528133403044194,0.11649570899317041,0.23177704302361235,0.2331250419956632,163384,81880,256,64,False,False,False,False,81880,64,False,512,0.0006,,12304,0,total_elems,163384,81880,1,1,,,,0.0,,,,64,4,81880,1282,158,40,,,,,,,,,,,,,,,,,,,,,,,,,,,,,,,,,,,,,,,,,,,,,,,,,,,,,,,,,,,,,,,,,,
81.11591570801102,absorbing,,,,,,,L,33,45,209,244,120,100,220,3,0,117,0.12094450002769008,0.13118020800175145,0.25212470802944154,0.25337591697461903,80320,81496,64,64,False,False,False,False,80320,64,False,512,0.0006,,12304,0,total_elems,80320,81496,1,1,,,,0.0,,,,64,4,80320,1252,158,40,,,,,,,,,,,,,,,,,,,,,,,,,,,,,,,,,,,,,,,,,,,,,,,,,,,,,,,,,,,,,,,,,,
81.41266333300155,absorbing,,,,,,,R,33,46,209,244,120,102,222,5,2,119,0.15482945897383615,0.1249896659865044,0.27981912496034056,0.28038125002058223,179584,79936,256,64,False,False,False,False,79936,64,False,512,0.0006,,12304,0,total_elems,179584,79936,1,1,,,,0.0,,,,64,4,79936,1228,158,40,,,,,,,,,,,,,,,,,,,,,,,,,,,,,,,,,,,,,,,,,,,,,,,,,,,,,,,,,,,,,,,,,,
81.83305324998219,absorbing,,,,,,,R,33,47,209,244,120,104,224,5,2,121,0.1938738339813426,0.20428445795550942,0.39815829193685204,0.3991120420396328,178624,73152,256,64,False,False,False,False,73152,64,False,512,0.0006,,12304,0,total_elems,178624,73152,1,1,,,,0.0,,,,64,4,73152,1200,158,40,,,,,,,,,,,,,,,,,,,,,,,,,,,,,,,,,,,,,,,,,,,,,,,,,,,,,,,,,,,,,,,,,,
82.16545012500137,absorbing,,,,,,,L,34,47,209,244,121,104,225,3,1,122,0.15658041700953618,0.15141220804071054,0.3079926250502467,0.30935008300002664,70656,89412,64,64,False,False,False,False,70656,64,False,512,0.0006,,12304,0,total_elems,70656,89412,1,1,,,,0.0,,,,64,4,70656,1188,158,40,,,,,,,,,,,,,,,,,,,,,,,,,,,,,,,,,,,,,,,,,,,,,,,,,,,,,,,,,,,,,,,,,,
82.45492099999683,absorbing,,,,,,,L,35,47,209,244,122,104,226,5,1,123,0.1369780840468593,0.13204512500669807,0.26902320905355737,0.2699610840063542,70272,83268,64,64,False,False,False,False,70272,64,False,512,0.0006,,12304,0,total_elems,70272,83268,1,1,,,,0.0,,,,64,4,70272,1164,158,40,,,,,,,,,,,,,,,,,,,,,,,,,,,,,,,,,,,,,,,,,,,,,,,,,,,,,,,,,,,,,,,,,,
82.72777908301214,absorbing,,,,,,,L,36,47,209,244,122,104,226,7,0,123,0.1147557920194231,0.13916162500390783,0.2539174170233309,0.25525724998442456,47616,82308,64,64,False,False,False,False,47616,64,False,512,0.0006,,12304,0,total_elems,47616,82308,1,1,,,,0.0,,,,64,4,47616,1116,158,40,,,,,,,,,,,,,,,,,,,,,,,,,,,,,,,,,,,,,,,,,,,,,,,,,,,,,,,,,,,,,,,,,,
82.87428283301415,absorbing,,,,,,,L,37,47,209,244,123,104,227,6,1,124,0.06630437501007691,0.05934975005220622,0.12565412506228313,0.12795320799341425,32832,56772,64,64,False,False,False,False,32832,64,False,512,0.0006,,12304,0,total_elems,32832,56772,1,1,,,,0.0,,,,64,4,32832,1020,158,40,,,,,,,,,,,,,,,,,,,,,,,,,,,,,,,,,,,,,,,,,,,,,,,,,,,,,,,,,,,,,,,,,,
83.01681779097999,absorbing,,,,,,,L,38,47,209,244,123,104,227,6,0,124,0.05360616696998477,0.07082045899005607,0.12442662596004084,0.1256921250023879,31200,50244,64,64,False,False,False,False,31200,64,False,512,0.0006,,12304,0,total_elems,31200,50244,1,1,,,,0.0,,,,64,4,31200,990,158,40,,,,,,,,,,,,,,,,,,,,,,,,,,,,,,,,,,,,,,,,,,,,,,,,,,,,,,,,,,,,,,,,,,
83.14207004097989,absorbing,,,,,,,L,39,47,209,244,123,104,227,7,0,124,0.04573858296498656,0.0580910419812426,0.10382962494622916,0.10538333398289979,31260,48612,64,64,False,False,False,False,31260,64,False,512,0.0006,,12304,0,total_elems,31260,48612,1,1,,,,0.0,,,,64,4,31260,996,158,40,,,,,,,,,,,,,,,,,,,,,,,,,,,,,,,,,,,,,,,,,,,,,,,,,,,,,,,,,,,,,,,,,,
83.29463999997824,absorbing,,,,,,,L,40,47,209,244,123,104,227,6,0,124,0.060326999984681606,0.06992883404018357,0.13025583402486518,0.131169666943606,47676,50784,64,64,False,False,False,False,47676,64,False,512,0.0006,,12304,0,total_elems,47676,50784,1,1,,,,0.0,,,,64,4,47676,1074,158,40,,,,,,,,,,,,,,,,,,,,,,,,,,,,,,,,,,,,,,,,,,,,,,,,,,,,,,,,,,,,,,,,,,
83.52411699999357,absorbing,,,,,,,R,40,48,209,244,123,106,229,6,2,126,0.12635620799846947,0.08314970799256116,0.20950591599103063,0.21080141694983467,98400,85248,128,128,False,False,False,False,85248,128,False,512,0.0006,,12304,0,total_elems,98400,85248,1,1,,,,0.0,,,,128,4,85248,1220,158,40,,,,,,,,,,,,,,,,,,,,,,,,,,,,,,,,,,,,,,,,,,,,,,,,,,,,,,,,,,,,,,,,,,
83.8985200409661,absorbing,,,,,,,R,40,49,209,244,123,107,230,8,1,127,0.2020240419660695,0.15470754203852266,0.35673158400459215,0.35779391700634733,159936,127932,128,128,False,False,False,False,127932,128,False,512,0.0006,,12304,0,total_elems,159936,127932,1,1,,,,0.0,,,,128,4,127932,1266,158,40,,,,,,,,,,,,,,,,,,,,,,,,,,,,,,,,,,,,,,,,,,,,,,,,,,,,,,,,,,,,,,,,,,
84.33957083296264,absorbing,,,,,,,R,40,50,209,244,123,110,233,5,3,130,0.27077175001613796,0.1506864579860121,0.42145820800215006,0.4227374589536339,288636,128604,256,128,False,False,False,False,128604,128,False,512,0.0006,,12304,0,total_elems,288636,128604,1,1,,,,0.0,,,,128,4,128604,1272,158,40,,,,,,,,,,,,,,,,,,,,,,,,,,,,,,,,,,,,,,,,,,,,,,,,,,,,,,,,,,,,,,,,,,
84.78243749996182,absorbing,,,,,,,R,40,51,209,244,123,111,234,8,1,131,0.2956832089694217,0.12992425000993535,0.42560745897935703,0.4265275420038961,288348,131292,256,128,False,False,False,False,131292,128,False,512,0.0006,,12304,0,total_elems,288348,131292,1,1,,,,0.0,,,,128,4,131292,1332,158,40,,,,,,,,,,,,,,,,,,,,,,,,,,,,,,,,,,,,,,,,,,,,,,,,,,,,,,,,,,,,,,,,,,
85.39803216600558,absorbing,,,,,,,R,40,52,209,244,123,112,235,7,1,132,0.286760916991625,0.30836000002454966,0.5951209170161746,0.5959650000440888,290016,141564,256,128,False,False,False,False,141564,128,False,512,0.0006,,12304,0,total_elems,290016,141564,1,1,,,,0.0,,,,128,4,141564,1458,158,40,,,,,,,,,,,,,,,,,,,,,,,,,,,,,,,,,,,,,,,,,,,,,,,,,,,,,,,,,,,,,,,,,,
85.84563766600331,absorbing,,,,,,,R,40,53,209,244,123,113,236,6,1,133,0.27257370797451586,0.15646670799469575,0.4290404159692116,0.42979970801388845,152736,119676,128,128,False,False,False,False,119676,128,False,512,0.0006,,12304,0,total_elems,152736,119676,1,1,,,,0.0,,,,128,4,119676,1554,158,40,,,,,,,,,,,,,,,,,,,,,,,,,,,,,,,,,,,,,,,,,,,,,,,,,,,,,,,,,,,,,,,,,,
86.19703854096588,absorbing,,,,,,,L,41,53,209,244,125,113,238,5,2,135,0.1698933329898864,0.1578008329961449,0.3276941659860313,0.32820304203778505,154176,187260,128,128,False,False,False,False,154176,128,False,512,0.0006,,12304,0,total_elems,154176,187260,1,1,,,,0.0,,,,128,4,154176,1540,158,40,,,,,,,,,,,,,,,,,,,,,,,,,,,,,,,,,,,,,,,,,,,,,,,,,,,,,,,,,,,,,,,,,,
86.91004395799246,absorbing,,,,,,,R,41,54,209,244,125,114,239,8,1,136,0.5100227080401964,0.18312058300944045,0.6931432910496369,0.6937845830107108,275964,155136,255,128,False,False,False,False,155136,128,False,512,0.0006,,12304,0,total_elems,275964,155136,1,1,,,,0.0,,,,128,4,155136,1564,158,40,,,,,,,,,,,,,,,,,,,,,,,,,,,,,,,,,,,,,,,,,,,,,,,,,,,,,,,,,,,,,,,,,,
87.65344133297913,absorbing,,,,,,,R,41,55,209,244,125,118,243,6,4,140,0.515551041055005,0.20845795795321465,0.7240089990082197,0.7250957079813816,275868,269976,255,256,False,False,False,False,269976,256,False,512,0.0006,,12304,0,total_elems,275868,269976,1,1,,,,0.0,,,,256,4,269976,1958,158,40,,,,,,,,,,,,,,,,,,,,,,,,,,,,,,,,,,,,,,,,,,,,,,,,,,,,,,,,,,,,,,,,,,
88.79283841600409,absorbing,,,,,,,L,42,55,209,244,128,118,246,5,3,143,0.6498832079814747,0.47164395794970915,1.1215271659311838,1.1221514589851722,145632,288852,128,256,False,False,False,False,145632,128,False,512,0.0006,,12304,0,total_elems,145632,288852,1,1,,,,0.0,,,,128,4,145632,1578,158,40,,,,,,,,,,,,,,,,,,,,,,,,,,,,,,,,,,,,,,,,,,,,,,,,,,,,,,,,,,,,,,,,,,
89.13735554099549,absorbing,,,,,,,L,43,55,209,244,132,118,250,7,4,147,0.13479462498798966,0.19013249996351078,0.32492712495150045,0.32606891699833795,145272,164472,128,128,False,False,False,False,145272,128,False,512,0.0006,,12304,0,total_elems,145272,164472,1,1,,,,0.0,,,,128,4,145272,1560,158,40,,,,,,,,,,,,,,,,,,,,,,,,,,,,,,,,,,,,,,,,,,,,,,,,,,,,,,,,,,,,,,,,,,
89.80222229100764,absorbing,,,,,,,L,44,55,209,244,135,118,253,7,3,150,0.37424887501401827,0.26983908301917836,0.6440879580331966,0.6449582910281606,151800,153248,128,128,False,False,False,False,151800,128,False,512,0.0006,,12304,0,total_elems,151800,153248,1,1,,,,0.0,,,,128,4,151800,1680,158,40,,,,,,,,,,,,,,,,,,,,,,,,,,,,,,,,,,,,,,,,,,,,,,,,,,,,,,,,,,,,,,,,,,
90.35658162500476,absorbing,,,,,,,R,44,56,209,244,135,122,257,5,4,154,0.3149152919650078,0.21633870800724253,0.5312539999722503,0.5322726250160486,176976,168572,128,128,False,False,False,False,168572,128,False,512,0.0006,,12304,0,total_elems,176976,168572,1,1,,,,0.0,,,,128,4,168572,1754,158,40,,,,,,,,,,,,,,,,,,,,,,,,,,,,,,,,,,,,,,,,,,,,,,,,,,,,,,,,,,,,,,,,,,
90.93159862497123,absorbing,,,,,,,R,44,57,209,244,135,124,259,8,2,156,0.37636029202258214,0.1759887909865938,0.552349083009176,0.5536916659912094,266768,171488,256,128,False,False,False,False,171488,128,False,512,0.0006,,12304,0,total_elems,266768,171488,1,1,,,,0.0,,,,128,4,171488,1774,158,40,,,,,,,,,,,,,,,,,,,,,,,,,,,,,,,,,,,,,,,,,,,,,,,,,,,,,,,,,,,,,,,,,,
91.47074695798801,absorbing,,,,,,,R,44,58,209,244,135,126,261,6,2,158,0.34650458401301876,0.17481845803558826,0.521323042048607,0.5220935419783928,269564,183896,256,128,False,False,False,False,183896,128,False,512,0.0006,,12304,0,total_elems,269564,183896,1,1,,,,0.0,,,,128,4,183896,1850,158,40,,,,,,,,,,,,,,,,,,,,,,,,,,,,,,,,,,,,,,,,,,,,,,,,,,,,,,,,,,,,,,,,,,
92.32171616598498,absorbing,,,,,,,R,44,59,209,244,135,128,263,7,2,160,0.4147577079711482,0.415881332999561,0.8306390409707092,0.8320755839813501,282176,250388,256,128,False,False,False,False,250388,128,False,512,0.0006,,12304,0,total_elems,282176,250388,1,1,,,,0.0,,,,128,4,250388,2128,158,40,,,,,,,,,,,,,,,,,,,,,,,,,,,,,,,,,,,,,,,,,,,,,,,,,,,,,,,,,,,,,,,,,,
93.20279416599078,absorbing,,,,,,,L,45,59,209,244,139,128,267,6,4,164,0.49225533299613744,0.3669388340204023,0.8591941670165397,0.8604592499905266,348608,422864,256,256,False,False,False,False,348608,256,False,512,0.0006,,12304,0,total_elems,348608,422864,1,1,,,,0.0,,,,256,4,348608,2500,158,40,,,,,,,,,,,,,,,,,,,,,,,,,,,,,,,,,,,,,,,,,,,,,,,,,,,,,,,,,,,,,,,,,,
94.13271766598336,absorbing,,,,,,,L,46,59,209,244,141,128,269,5,2,166,0.5450945000047795,0.3651866249856539,0.9102811249904335,0.911447833001148,264572,416312,256,256,False,False,False,False,264572,256,False,512,0.0006,,12304,0,total_elems,264572,416312,1,1,,,,0.0,,,,256,4,264572,2298,158,40,,,,,,,,,,,,,,,,,,,,,,,,,,,,,,,,,,,,,,,,,,,,,,,,,,,,,,,,,,,,,,,,,,
94.79476474999683,absorbing,,,,,,,R,46,60,209,244,141,133,274,6,5,171,0.38368254102533683,0.2597554999520071,0.6434380409773439,0.6444816250004806,528764,221684,256,128,False,False,True,False,221684,128,False,512,0.0006,,12304,0,total_elems,528764,221684,1,1,,,,0.0,,,,128,4,221684,2246,158,40,,,,,,,,,,,,,,,,,,,,,,,,,,,,,,,,,,,,,,,,,,,,,,,,,,,,,,,,,,,,,,,,,,
95.49932816601358,absorbing,,,,,,,L,47,60,209,244,144,133,277,3,3,174,0.2642698329873383,0.42176895897137,0.6860387919587083,0.6872044579940848,335348,481136,256,256,False,False,False,False,335348,256,False,512,0.0006,,12304,0,total_elems,335348,481136,1,1,,,,0.0,,,,256,4,335348,2726,158,40,,,,,,,,,,,,,,,,,,,,,,,,,,,,,,,,,,,,,,,,,,,,,,,,,,,,,,,,,,,,,,,,,,
96.14225183299277,absorbing,,,,,,,L,48,60,209,244,145,133,278,4,1,175,0.22145474998978898,0.40324462502030656,0.6246993750100955,0.6254566669813357,313300,496496,256,256,False,False,False,False,313300,256,False,512,0.0006,,12304,0,total_elems,313300,496496,1,1,,,,0.0,,,,256,4,313300,2620,158,40,,,,,,,,,,,,,,,,,,,,,,,,,,,,,,,,,,,,,,,,,,,,,,,,,,,,,,,,,,,,,,,,,,
96.76870962500107,absorbing,,,,,,,L,49,60,209,244,145,133,278,6,0,175,0.17951295798411593,0.42814024997642264,0.6076532079605386,0.608827666961588,288436,437584,256,256,False,False,False,False,288436,256,False,512,0.0006,,12304,0,total_elems,288436,437584,1,1,,,,0.0,,,,256,4,288436,2506,158,40,,,,,,,,,,,,,,,,,,,,,,,,,,,,,,,,,,,,,,,,,,,,,,,,,,,,,,,,,,,,,,,,,,
97.39650708297268,absorbing,,,,,,,L,50,60,209,244,148,133,281,5,3,178,0.2858378330129199,0.3222778750350699,0.6081157080479898,0.6093997500138357,253300,339568,256,256,False,False,False,False,253300,256,False,512,0.0006,,12304,0,total_elems,253300,339568,1,1,,,,0.0,,,,256,4,253300,2314,158,40,,,,,,,,,,,,,,,,,,,,,,,,,,,,,,,,,,,,,,,,,,,,,,,,,,,,,,,,,,,,,,,,,,
97.84965454100166,absorbing,,,,,,,R,50,61,209,244,148,136,284,7,3,181,0.19668445800198242,0.2380586670478806,0.434743125049863,0.43544849997852,246580,197872,256,64,False,False,False,False,197872,64,False,512,0.0006,,12304,0,total_elems,246580,197872,1,1,,,,0.0,,,,64,4,197872,2288,158,40,,,,,,,,,,,,,,,,,,,,,,,,,,,,,,,,,,,,,,,,,,,,,,,,,,,,,,,,,,,,,,,,,,
98.34305199998198,absorbing,,,,,,,L,51,61,209,244,150,136,286,5,2,183,0.16553145897341892,0.3096537919482216,0.47518525092164055,0.4760006670258008,185584,362032,64,256,False,False,False,False,185584,64,False,512,0.0006,,12304,0,total_elems,185584,362032,1,1,,,,0.0,,,,64,4,185584,2272,158,40,,,,,,,,,,,,,,,,,,,,,,,,,,,,,,,,,,,,,,,,,,,,,,,,,,,,,,,,,,,,,,,,,,
98.79846829100279,absorbing,,,,,,,L,52,61,209,244,151,136,287,4,1,184,0.1698270000051707,0.2664727080264129,0.4362997080315836,0.43699195800581947,155248,346864,64,256,False,False,False,False,155248,64,False,512,0.0006,,12304,0,total_elems,155248,346864,1,1,,,,0.0,,,,64,4,155248,2200,158,40,,,,,,,,,,,,,,,,,,,,,,,,,,,,,,,,,,,,,,,,,,,,,,,,,,,,,,,,,,,,,,,,,,
99.16529008297948,absorbing,,,,,,,L,53,61,209,244,151,136,287,3,0,184,0.14591541700065136,0.2007463329937309,0.34666174999438226,0.3483918340061791,173680,252016,128,128,False,False,False,False,173680,128,False,512,0.0006,,12304,0,total_elems,173680,252016,1,1,,,,0.0,,,,128,4,173680,2200,158,40,,,,,,,,,,,,,,,,,,,,,,,,,,,,,,,,,,,,,,,,,,,,,,,,,,,,,,,,,,,,,,,,,,
99.57625095796539,absorbing,,,,,,,R,53,62,209,244,151,139,290,6,3,187,0.18505079200258479,0.20679199998266995,0.39184279198525473,0.39288745797239244,305776,252016,256,128,False,False,False,False,252016,128,False,512,0.0006,,12304,0,total_elems,305776,252016,1,1,,,,0.0,,,,128,4,252016,2592,158,40,,,,,,,,,,,,,,,,,,,,,,,,,,,,,,,,,,,,,,,,,,,,,,,,,,,,,,,,,,,,,,,,,,
100.11531837499933,absorbing,,,,,,,R,53,63,209,244,151,142,293,4,3,190,0.2678802500013262,0.2513978330534883,0.5192780830548145,0.5208668750128709,427120,319152,256,128,False,False,False,False,319152,128,False,512,0.0006,,12304,0,total_elems,427120,319152,1,1,,,,0.0,,,,128,4,319152,2720,158,40,,,,,,,,,,,,,,,,,,,,,,,,,,,,,,,,,,,,,,,,,,,,,,,,,,,,,,,,,,,,,,,,,,
100.75450858299155,absorbing,,,,,,,R,53,64,209,244,151,144,295,4,2,192,0.33083304204046726,0.28811487497296184,0.6189479170134291,0.6202748750220053,485040,468528,256,256,False,False,False,False,468528,256,False,512,0.0006,,12304,0,total_elems,485040,468528,1,1,,,,0.0,,,,256,4,468528,3152,158,40,,,,,,,,,,,,,,,,,,,,,,,,,,,,,,,,,,,,,,,,,,,,,,,,,,,,,,,,,,,,,,,,,,
101.61365966597805,absorbing,,,,,,,R,53,65,209,244,151,145,296,5,1,193,0.4331797500490211,0.40662083303323016,0.8398005830822513,0.8412784169777296,634416,386544,256,128,False,False,True,False,386544,128,False,512,0.0006,,12304,0,total_elems,634416,386544,1,1,,,,0.0,,,,128,4,386544,3016,158,40,,,,,,,,,,,,,,,,,,,,,,,,,,,,,,,,,,,,,,,,,,,,,,,,,,,,,,,,,,,,,,,,,,
102.403972583008,absorbing,,,,,,,R,53,66,209,244,151,145,296,6,0,193,0.37051908299326897,0.39864379196660593,0.7691628749598749,0.7711861249990761,552432,400944,256,128,False,False,True,False,400944,128,False,512,0.0006,,12304,0,total_elems,552432,400944,1,1,,,,0.0,,,,128,4,400944,3152,158,40,,,,,,,,,,,,,,,,,,,,,,,,,,,,,,,,,,,,,,,,,,,,,,,,,,,,,,,,,,,,,,,,,,
107.0850840829662,unswapping,,,,,,,,,,,,,,,,,,,,,,,,,,,,,,,,,,,,,,,,,,,,,,,,,,256,4,492720,3072,158,40,0,both,0,20,20,3,"[[8, 9], [22, 23], [24, 25]]",3,,,,,0,,,,,,,,,,,,,,,,,,,,,,,,,,,,,,,,,,,,,,,,,,,,,,,,,,,,,
109.93266916600987,unswapping,,,,,,,,,,,,,,,,,,,,,,,,,,,,,,,,,,,,,,,,,,,,,,,,,,128,4,178480,1980,158,40,0,both,1,19,19,8,"[[5, 6], [13, 14], [15, 16], [19, 20], [21, 22], [25, 26], [29, 30], [37, 38]]",11,,,,,0,,,,,,,,,,,,,,,,,,,,,,,,,,,,,,,,,,,,,,,,,,,,,,,,,,,,,
110.44134395796573,unswapping,,,,,,,,,,,,,,,,,,,,,,,,,,,,,,,,,,,,,,,,,,,,,,,,,,64,4,88472,1512,158,40,0,left,0,20,20,6,"[[4, 5], [14, 15], [18, 19], [20, 21], [30, 31], [36, 37]]",17,,,,,12,,,,,,,,,,,,,,,,,,,,,,,,,,,,,,,,,,,,,,,,,,,,,,,,,,,,,
110.73772766598267,unswapping,,,,,,,,,,,,,,,,,,,,,,,,,,,,,,,,,,,,,,,,,,,,,,,,,,64,4,59032,1256,158,40,0,left,1,19,19,8,"[[7, 8], [13, 14], [17, 18], [19, 20], [23, 24], [27, 28], [29, 30], [31, 32]]",25,,,,,28,,,,,,,,,,,,,,,,,,,,,,,,,,,,,,,,,,,,,,,,,,,,,,,,,,,,,
110.90569870796753,unswapping,,,,,,,,,,,,,,,,,,,,,,,,,,,,,,,,,,,,,,,,,,,,,,,,,,64,4,54384,1116,158,40,0,right,0,20,20,7,"[[12, 13], [14, 15], [24, 25], [26, 27], [28, 29], [34, 35], [38, 39]]",32,,,,,38,,,,,,,,,,,,,,,,,,,,,,,,,,,,,,,,,,,,,,,,,,,,,,,,,,,,,
111.0814424160053,unswapping,,,,,,,,,,,,,,,,,,,,,,,,,,,,,,,,,,,,,,,,,,,,,,,,,,64,4,52400,1076,158,40,0,right,1,19,19,3,"[[15, 16], [29, 30], [33, 34]]",35,,,,,44,,,,,,,,,,,,,,,,,,,,,,,,,,,,,,,,,,,,,,,,,,,,,,,,,,,,,
111.40588266600389,unswapping,,,,,,,,,,,,,,,,,,,,,,,,,,,,,,,,,,,,,,,,,,,,,,,,,,64,4,35428,922,158,40,1,both,0,20,20,7,"[[4, 5], [8, 9], [16, 17], [20, 21], [26, 27], [28, 29], [32, 33]]",7,,,,,56,,,,,,,,,,,,,,,,,,,,,,,,,,,,,,,,,,,,,,,,,,,,,,,,,,,,,
111.62746945797699,unswapping,,,,,,,,,,,,,,,,,,,,,,,,,,,,,,,,,,,,,,,,,,,,,,,,,,32,4,19108,770,158,40,1,both,1,19,19,3,"[[15, 16], [17, 18], [21, 22]]",10,,,,,60,,,,,,,,,,,,,,,,,,,,,,,,,,,,,,,,,,,,,,,,,,,,,,,,,,,,,
111.69474262499716,unswapping,,,,,,,,,,,,,,,,,,,,,,,,,,,,,,,,,,,,,,,,,,,,,,,,,,32,4,16964,732,158,40,1,left,0,20,20,2,"[[14, 15], [22, 23]]",12,,,,,64,,,,,,,,,,,,,,,,,,,,,,,,,,,,,,,,,,,,,,,,,,,,,,,,,,,,,
111.76693733298453,unswapping,,,,,,,,,,,,,,,,,,,,,,,,,,,,,,,,,,,,,,,,,,,,,,,,,,32,4,16772,724,158,40,1,left,1,19,19,1,"[[33, 34]]",13,,,,,66,,,,,,,,,,,,,,,,,,,,,,,,,,,,,,,,,,,,,,,,,,,,,,,,,,,,,
111.83308641600888,unswapping,,,,,,,,,,,,,,,,,,,,,,,,,,,,,,,,,,,,,,,,,,,,,,,,,,32,4,12932,660,158,40,1,right,0,20,20,5,"[[8, 9], [18, 19], [22, 23], [28, 29], [32, 33]]",18,,,,,66,,,,,,,,,,,,,,,,,,,,,,,,,,,,,,,,,,,,,,,,,,,,,,,,,,,,,
111.8874194159871,unswapping,,,,,,,,,,,,,,,,,,,,,,,,,,,,,,,,,,,,,,,,,,,,,,,,,,32,4,9860,628,158,40,1,right,1,19,19,1,"[[19, 20]]",19,,,,,66,,,,,,,,,,,,,,,,,,,,,,,,,,,,,,,,,,,,,,,,,,,,,,,,,,,,,
111.98904600000242,unswapping,,,,,,,,,,,,,,,,,,,,,,,,,,,,,,,,,,,,,,,,,,,,,,,,,,16,4,7620,588,158,40,2,both,0,20,20,2,"[[16, 17], [20, 21]]",2,,,,,64,,,,,,,,,,,,,,,,,,,,,,,,,,,,,,,,,,,,,,,,,,,,,,,,,,,,,
112.0739853749983,unswapping,,,,,,,,,,,,,,,,,,,,,,,,,,,,,,,,,,,,,,,,,,,,,,,,,,16,4,7484,576,158,40,2,both,1,19,19,3,"[[9, 10], [13, 14], [27, 28]]",5,,,,,70,,,,,,,,,,,,,,,,,,,,,,,,,,,,,,,,,,,,,,,,,,,,,,,,,,,,,
112.12655716598965,unswapping,,,,,,,,,,,,,,,,,,,,,,,,,,,,,,,,,,,,,,,,,,,,,,,,,,16,4,6668,556,158,40,2,left,0,20,20,2,"[[12, 13], [18, 19]]",7,,,,,72,,,,,,,,,,,,,,,,,,,,,,,,,,,,,,,,,,,,,,,,,,,,,,,,,,,,,
112.17516645800788,unswapping,,,,,,,,,,,,,,,,,,,,,,,,,,,,,,,,,,,,,,,,,,,,,,,,,,16,4,6580,548,158,40,2,left,1,19,19,2,"[[11, 12], [15, 16]]",9,,,,,74,,,,,,,,,,,,,,,,,,,,,,,,,,,,,,,,,,,,,,,,,,,,,,,,,,,,,
112.2219336249982,unswapping,,,,,,,,,,,,,,,,,,,,,,,,,,,,,,,,,,,,,,,,,,,,,,,,,,16,4,6548,544,158,40,2,right,0,20,20,1,"[[10, 11]]",10,,,,,76,,,,,,,,,,,,,,,,,,,,,,,,,,,,,,,,,,,,,,,,,,,,,,,,,,,,,
112.26020579098258,unswapping,,,,,,,,,,,,,,,,,,,,,,,,,,,,,,,,,,,,,,,,,,,,,,,,,,16,4,5780,528,158,40,2,right,1,19,19,1,"[[21, 22]]",11,,,,,78,,,,,,,,,,,,,,,,,,,,,,,,,,,,,,,,,,,,,,,,,,,,,,,,,,,,,
112.3039834999945,unswapping,,,,,,,,,,,,,,,,,,,,,,,,,,,,,,,,,,,,,,,,,,,,,,,,,,16,4,5780,528,158,40,3,both,0,20,20,0,[],0,,,,,78,,,,,,,,,,,,,,,,,,,,,,,,,,,,,,,,,,,,,,,,,,,,,,,,,,,,,
112.38347654097015,unswapping,,,,,,,,,,,,,,,,,,,,,,,,,,,,,,,,,,,,,,,,,,,,,,,,,,16,4,5768,526,158,40,3,both,1,19,19,1,"[[13, 14]]",1,,,,,78,,,,,,,,,,,,,,,,,,,,,,,,,,,,,,,,,,,,,,,,,,,,,,,,,,,,,
112.40528420801274,unswapping,,,,,,,,,,,,,,,,,,,,,,,,,,,,,,,,,,,,,,,,,,,,,,,,,,16,4,5768,526,158,40,3,left,0,20,20,0,[],1,,,,,78,,,,,,,,,,,,,,,,,,,,,,,,,,,,,,,,,,,,,,,,,,,,,,,,,,,,,
112.42598470801022,unswapping,,,,,,,,,,,,,,,,,,,,,,,,,,,,,,,,,,,,,,,,,,,,,,,,,,16,4,5768,526,158,40,3,left,1,19,19,0,[],1,,,,,78,,,,,,,,,,,,,,,,,,,,,,,,,,,,,,,,,,,,,,,,,,,,,,,,,,,,,
112.44756841601338,unswapping,,,,,,,,,,,,,,,,,,,,,,,,,,,,,,,,,,,,,,,,,,,,,,,,,,16,4,5768,526,158,40,3,right,0,20,20,0,[],1,,,,,78,,,,,,,,,,,,,,,,,,,,,,,,,,,,,,,,,,,,,,,,,,,,,,,,,,,,,
112.4694617909845,unswapping,,,,,,,,,,,,,,,,,,,,,,,,,,,,,,,,,,,,,,,,,,,,,,,,,,16,4,5768,526,158,40,3,right,1,19,19,0,[],1,,,,,78,,,,,,,,,,,,,,,,,,,,,,,,,,,,,,,,,,,,,,,,,,,,,,,,,,,,,
112.55449041596148,unswapping,,,,,,,,,,,,,,,,,,,,,,,,,,,,,,,,,,,,,,,,,,,,,,,,,,16,4,5756,524,158,40,4,both,0,20,20,1,"[[12, 13]]",1,,,,,80,,,,,,,,,,,,,,,,,,,,,,,,,,,,,,,,,,,,,,,,,,,,,,,,,,,,,
112.59912916598842,unswapping,,,,,,,,,,,,,,,,,,,,,,,,,,,,,,,,,,,,,,,,,,,,,,,,,,16,4,5756,524,158,40,4,both,1,19,19,0,[],1,,,,,80,,,,,,,,,,,,,,,,,,,,,,,,,,,,,,,,,,,,,,,,,,,,,,,,,,,,,
112.62205174996052,unswapping,,,,,,,,,,,,,,,,,,,,,,,,,,,,,,,,,,,,,,,,,,,,,,,,,,16,4,5756,524,158,40,4,left,0,20,20,0,[],1,,,,,80,,,,,,,,,,,,,,,,,,,,,,,,,,,,,,,,,,,,,,,,,,,,,,,,,,,,,
112.6439793749596,unswapping,,,,,,,,,,,,,,,,,,,,,,,,,,,,,,,,,,,,,,,,,,,,,,,,,,16,4,5756,524,158,40,4,left,1,19,19,0,[],1,,,,,80,,,,,,,,,,,,,,,,,,,,,,,,,,,,,,,,,,,,,,,,,,,,,,,,,,,,,
112.66701795801055,unswapping,,,,,,,,,,,,,,,,,,,,,,,,,,,,,,,,,,,,,,,,,,,,,,,,,,16,4,5756,524,158,40,4,right,0,20,20,0,[],1,,,,,80,,,,,,,,,,,,,,,,,,,,,,,,,,,,,,,,,,,,,,,,,,,,,,,,,,,,,
112.68759908300126,unswapping,,,,,,,,,,,,,,,,,,,,,,,,,,,,,,,,,,,,,,,,,,,,,,,,,,16,4,5756,524,158,40,4,right,1,19,19,0,[],1,,,,,80,,,,,,,,,,,,,,,,,,,,,,,,,,,,,,,,,,,,,,,,,,,,,,,,,,,,,
112.73283395799808,unswapping,,,,,,,,,,,,,,,,,,,,,,,,,,,,,,,,,,,,,,,,,,,,,,,,,,16,4,5756,524,158,40,5,both,0,20,20,0,[],0,,,,,80,,,,,,,,,,,,,,,,,,,,,,,,,,,,,,,,,,,,,,,,,,,,,,,,,,,,,
112.77584591601044,unswapping,,,,,,,,,,,,,,,,,,,,,,,,,,,,,,,,,,,,,,,,,,,,,,,,,,16,4,5756,524,158,40,5,both,1,19,19,0,[],0,,,,,80,,,,,,,,,,,,,,,,,,,,,,,,,,,,,,,,,,,,,,,,,,,,,,,,,,,,,
112.79795066599036,unswapping,,,,,,,,,,,,,,,,,,,,,,,,,,,,,,,,,,,,,,,,,,,,,,,,,,16,4,5756,524,158,40,5,left,0,20,20,0,[],0,,,,,80,,,,,,,,,,,,,,,,,,,,,,,,,,,,,,,,,,,,,,,,,,,,,,,,,,,,,
112.81946787500056,unswapping,,,,,,,,,,,,,,,,,,,,,,,,,,,,,,,,,,,,,,,,,,,,,,,,,,16,4,5756,524,158,40,5,left,1,19,19,0,[],0,,,,,80,,,,,,,,,,,,,,,,,,,,,,,,,,,,,,,,,,,,,,,,,,,,,,,,,,,,,
112.84092591598164,unswapping,,,,,,,,,,,,,,,,,,,,,,,,,,,,,,,,,,,,,,,,,,,,,,,,,,16,4,5756,524,158,40,5,right,0,20,20,0,[],0,,,,,80,,,,,,,,,,,,,,,,,,,,,,,,,,,,,,,,,,,,,,,,,,,,,,,,,,,,,
112.86299966601655,unswapping,,,,,,,,,,,,,,,,,,,,,,,,,,,,,,,,,,,,,,,,,,,,,,,,,,16,4,5756,524,158,40,5,right,1,19,19,0,[],0,,,,,80,,,,,,,,,,,,,,,,,,,,,,,,,,,,,,,,,,,,,,,,,,,,,,,,,,,,,
113.46642112499103,unswap_cycle_summary,,,,,,,,,,,,151,145,296,,,,,,,,,,,,,,,,,,,512,0.0006,,,,,,,,,,,,,,,,16,4,5756,524,158,40,,,,,,,,,,,,,,,,,,,,,3,9.649349040992092,296,808,512,193,False,True,False,,0,"[151, 145]","[0, 1, 2, 3, 4, 6, 5, 9, 8, 10, 7, 20, 16, 11, 12, 17, 14, 13, 23, 15, 21, 19, 25, 18, 22, 26, 28, 31, 24, 27, 30, 32, 33, 34, 29, 35, 38, 36, 37, 39]","[0, 1, 2, 3, 6, 4, 5, 7, 9, 10, 11, 8, 12, 14, 16, 17, 18, 15, 20, 23, 21, 22, 13, 19, 26, 25, 24, 30, 27, 29, 28, 31, 32, 35, 33, 34, 36, 38, 39, 37]","{'index': 54, 'interactions': [('unitary', (19, 20)), ('unitary', (28, 29))]}","{'index': 66, 'interactions': [('unitary', (8, 9)), ('unitary', (16, 17))]}","[0, 0, 0, 0, 0, 1, 2, 2, 1, 1, 1, 1, 0, 0, 0, 1, 2, 3, 3, 4, 4, 3, 3, 4, 4, 3, 2, 1, 1, 2, 2, 2, 2, 2, 2, 2, 2, 2, 1]",f02e0f7b31648036169d2c865388b285421b037571dc608d1db5e6b1ba1f6078,,,,,,,,,,,,,,,,,,,,,,,,,,,,
113.97487729100976,rewiring,left,post_unswap,0.4906712499796413,158,False,False,,,,,,,,,,,,,,,,,,,,,,,,,,,,,,,,,,,,,,,,,,,,,,,,,,,,,,,,,,,,,,,,,,,,,,3,,,,,,,,,,,,,,,,,,50,False,193,4,bond_profile,8,False,1,2024,"(104, 16, 16, 8, 28, 748, 148)",0.004012541961856186,0.48663087497698143,"[{'seed': 2024, 'score': (104, 16, 16, 8, 28, 748, 148), 'num_layers': 148, 'total_swaps': 748, 'max_layer_swaps': 10, 'swap_only_layers': 28, 'work_layers': 120, 'unitary_layers': 120, 'first_work_layer': 0, 'leading_no_work_layers': 0, 'bond_profile_layers_scored': 8, 'bond_profile_total_cost': 104, 'bond_profile_max_cost': 16, 'bond_profile_gate_count': 16}, {'seed': 3033, 'score': (120, 16, 18, 8, 45, 754, 160), 'num_layers': 160, 'total_swaps': 754, 'max_layer_swaps': 11, 'swap_only_layers': 45, 'work_layers': 115, 'unitary_layers': 115, 'first_work_layer': 0, 'leading_no_work_layers': 0, 'bond_profile_layers_scored': 8, 'bond_profile_total_cost': 120, 'bond_profile_max_cost': 16, 'bond_profile_gate_count': 18}, {'seed': 4042, 'score': (112, 16, 17, 8, 33, 764, 157), 'num_layers': 157, 'total_swaps': 764, 'max_layer_swaps': 10, 'swap_only_layers': 33, 'work_layers': 124, 'unitary_layers': 124, 'first_work_layer': 0, 'leading_no_work_layers': 0, 'bond_profile_layers_scored': 8, 'bond_profile_total_cost': 112, 'bond_profile_max_cost': 16, 'bond_profile_gate_count': 17}, {'seed': 5051, 'score': (120, 16, 17, 8, 27, 770, 141), 'num_layers': 141, 'total_swaps': 770, 'max_layer_swaps': 12, 'swap_only_layers': 27, 'work_layers': 114, 'unitary_layers': 114, 'first_work_layer': 0, 'leading_no_work_layers': 0, 'bond_profile_layers_scored': 8, 'bond_profile_total_cost': 120, 'bond_profile_max_cost': 16, 'bond_profile_gate_count': 17}]",0.49066291603958234,1.1369226669776253,,,,,,,,,,,,,
114.62093754101079,rewiring,right,post_unswap,0.6459173750481568,180,False,False,,,,,,,,,,,,,,,,,,,,,,,,,,,,,,,,,,,,,,,,,,,,,,,,,,,,,,,,,,,,,,,,,,,,,,3,,,,,,,,,,,,,,,,,,50,False,193,4,bond_profile,8,False,1,5051,"(73, 16, 17, 8, 48, 785, 191)",0.003952083003241569,0.6419371659285389,"[{'seed': 2024, 'score': (95, 16, 21, 8, 60, 774, 191), 'num_layers': 191, 'total_swaps': 774, 'max_layer_swaps': 9, 'swap_only_layers': 60, 'work_layers': 131, 'unitary_layers': 131, 'first_work_layer': 0, 'leading_no_work_layers': 0, 'bond_profile_layers_scored': 8, 'bond_profile_total_cost': 95, 'bond_profile_max_cost': 16, 'bond_profile_gate_count': 21}, {'seed': 3033, 'score': (76, 16, 17, 8, 40, 798, 170), 'num_layers': 170, 'total_swaps': 798, 'max_layer_swaps': 9, 'swap_only_layers': 40, 'work_layers': 130, 'unitary_layers': 130, 'first_work_layer': 0, 'leading_no_work_layers': 0, 'bond_profile_layers_scored': 8, 'bond_profile_total_cost': 76, 'bond_profile_max_cost': 16, 'bond_profile_gate_count': 17}, {'seed': 4042, 'score': (78, 16, 18, 8, 57, 788, 191), 'num_layers': 191, 'total_swaps': 788, 'max_layer_swaps': 10, 'swap_only_layers': 57, 'work_layers': 134, 'unitary_layers': 134, 'first_work_layer': 0, 'leading_no_work_layers': 0, 'bond_profile_layers_scored': 8, 'bond_profile_total_cost': 78, 'bond_profile_max_cost': 16, 'bond_profile_gate_count': 18}, {'seed': 5051, 'score': (73, 16, 17, 8, 48, 785, 191), 'num_layers': 191, 'total_swaps': 785, 'max_layer_swaps': 9, 'swap_only_layers': 48, 'work_layers': 143, 'unitary_layers': 143, 'first_work_layer': 0, 'leading_no_work_layers': 0, 'bond_profile_layers_scored': 8, 'bond_profile_total_cost': 73, 'bond_profile_max_cost': 16, 'bond_profile_gate_count': 17}]",0.6459091670112684,1.1369226669776253,,,,,,,,,,,,,
114.65726279100636,cycle_progress,,,,,,,,,,,,151,145,296,,,,,,,,,,,,,,,,,,,512,0.0006,,12304,0,,,,,,,,,,,,,16,4,5756,524,158,40,,,,,,,,,,,,,,,,,,,,,3,,296,808,512,193,False,,,,,,,,,,,,,,,,,,,,,,,,,,1.1369226669776253,,,,,,,,,,,,,
114.73874479101505,absorbing,,,,,,,R,0,1,148,191,151,146,297,7,1,1,0.029512290959246457,0.02685462502995506,0.056366915989201516,0.06232229096349329,7420,6572,32,16,False,False,False,False,6572,16,False,512,0.0006,,5756,0,total_elems,7420,6572,1,1,,,,0.0,,,,16,4,6572,584,158,40,,,,,,,,,,,,,,,,,,,,,,,,,,,,,,,,,,,,,,,,,,,,,,,,,,,,,,,,,,,,,,,,,,
114.81682424998144,absorbing,,,,,,,R,0,2,148,191,151,146,297,8,0,1,0.0333178750006482,0.024560540972743183,0.057878415973391384,0.05837887502275407,8364,7984,32,16,False,False,False,False,7984,16,False,512,0.0006,,5756,0,total_elems,8364,7984,1,1,,,,0.0,,,,16,4,7984,662,158,40,,,,,,,,,,,,,,,,,,,,,,,,,,,,,,,,,,,,,,,,,,,,,,,,,,,,,,,,,,,,,,,,,,
114.89983624999877,absorbing,,,,,,,L,1,2,148,191,155,146,301,5,4,5,0.03364683402469382,0.028765333001501858,0.062412167026195675,0.06290854199323803,10160,11632,32,16,False,False,False,False,10160,32,False,512,0.0006,,5756,0,total_elems,10160,11632,1,1,,,,0.0,,,,32,4,10160,710,158,40,,,,,,,,,,,,,,,,,,,,,,,,,,,,,,,,,,,,,,,,,,,,,,,,,,,,,,,,,,,,,,,,,,
114.97758125001565,absorbing,,,,,,,L,2,2,148,191,155,146,301,5,0,5,0.02487154200207442,0.032591666968073696,0.057463208970148116,0.05795325001236051,11768,13808,32,32,False,False,False,False,11768,32,False,512,0.0006,,5756,0,total_elems,11768,13808,1,1,,,,0.0,,,,32,4,11768,736,158,40,,,,,,,,,,,,,,,,,,,,,,,,,,,,,,,,,,,,,,,,,,,,,,,,,,,,,,,,,,,,,,,,,,
115.07454241596861,absorbing,,,,,,,L,3,2,148,191,157,146,303,3,2,7,0.03936495800735429,0.03706820803927258,0.07643316604662687,0.07696454098913819,9692,19928,32,64,False,False,False,False,9692,32,False,512,0.0006,,5756,0,total_elems,9692,19928,1,1,,,,0.0,,,,32,4,9692,726,158,40,,,,,,,,,,,,,,,,,,,,,,,,,,,,,,,,,,,,,,,,,,,,,,,,,,,,,,,,,,,,,,,,,,
115.15930941596162,absorbing,,,,,,,L,4,2,148,191,158,146,304,3,1,8,0.029931375000160187,0.03377241705311462,0.06370379205327481,0.06421612499980256,8796,18684,32,64,False,False,False,False,8796,32,False,512,0.0006,,5756,0,total_elems,8796,18684,1,1,,,,0.0,,,,32,4,8796,686,158,40,,,,,,,,,,,,,,,,,,,,,,,,,,,,,,,,,,,,,,,,,,,,,,,,,,,,,,,,,,,,,,,,,,
115.2426066249609,absorbing,,,,,,,L,5,2,148,191,160,146,306,3,2,10,0.02948475000448525,0.033106999995652586,0.06259175000013784,0.06313745799707249,7644,17788,32,64,False,False,False,False,7644,32,False,512,0.0006,,5756,0,total_elems,7644,17788,1,1,,,,0.0,,,,32,4,7644,646,158,40,,,,,,,,,,,,,,,,,,,,,,,,,,,,,,,,,,,,,,,,,,,,,,,,,,,,,,,,,,,,,,,,,,
115.32208954100497,absorbing,,,,,,,L,6,2,148,191,162,146,308,4,2,12,0.02816945902304724,0.029445957974530756,0.057615416997577995,0.05879087501671165,9660,11388,32,32,False,False,False,False,9660,32,False,512,0.0006,,5756,0,total_elems,9660,11388,1,1,,,,0.0,,,,32,4,9660,682,158,40,,,,,,,,,,,,,,,,,,,,,,,,,,,,,,,,,,,,,,,,,,,,,,,,,,,,,,,,,,,,,,,,,,
115.40226775000338,absorbing,,,,,,,L,7,2,148,191,164,146,310,4,2,14,0.027035999984946102,0.03216229099780321,0.05919829098274931,0.059694208030123264,8504,11260,32,32,False,False,False,False,8504,32,False,512,0.0006,,5756,0,total_elems,8504,11260,1,1,,,,0.0,,,,32,4,8504,608,158,40,,,,,,,,,,,,,,,,,,,,,,,,,,,,,,,,,,,,,,,,,,,,,,,,,,,,,,,,,,,,,,,,,,
115.48688091599615,absorbing,,,,,,,L,8,2,148,191,166,146,312,4,2,16,0.02845462498953566,0.03430504200514406,0.06275966699467972,0.06328783399658278,8448,8640,32,32,False,False,False,False,8448,32,False,512,0.0006,,5756,0,total_elems,8448,8640,1,1,,,,0.0,,,,32,4,8448,606,158,40,,,,,,,,,,,,,,,,,,,,,,,,,,,,,,,,,,,,,,,,,,,,,,,,,,,,,,,,,,,,,,,,,,
115.56887133297278,absorbing,,,,,,,L,9,2,148,191,167,146,313,5,1,17,0.026362416974734515,0.03328133397735655,0.05964375095209107,0.060167833988089114,8520,8608,32,32,False,False,False,False,8520,32,False,512,0.0006,,5756,0,total_elems,8520,8608,1,1,,,,0.0,,,,32,4,8520,602,158,40,,,,,,,,,,,,,,,,,,,,,,,,,,,,,,,,,,,,,,,,,,,,,,,,,,,,,,,,,,,,,,,,,,
115.65806195797632,absorbing,,,,,,,L,10,2,148,191,168,146,314,4,1,18,0.03597654099576175,0.03127487498568371,0.06725141598144546,0.06834833300672472,7412,8356,32,32,False,False,False,False,7412,32,False,512,0.0006,,5756,0,total_elems,7412,8356,1,1,,,,0.0,,,,32,4,7412,574,158,40,,,,,,,,,,,,,,,,,,,,,,,,,,,,,,,,,,,,,,,,,,,,,,,,,,,,,,,,,,,,,,,,,,
115.7392667499953,absorbing,,,,,,,R,10,3,148,191,168,150,318,3,4,22,0.030448040983173996,0.029107125010341406,0.0595551659935154,0.060065541008953005,9552,7176,32,16,False,False,False,False,7176,16,False,512,0.0006,,5756,0,total_elems,9552,7176,1,1,,,,0.0,,,,16,4,7176,592,158,40,,,,,,,,,,,,,,,,,,,,,,,,,,,,,,,,,,,,,,,,,,,,,,,,,,,,,,,,,,,,,,,,,,
115.82493687496753,absorbing,,,,,,,L,11,3,148,191,172,150,322,3,4,26,0.03228520799893886,0.031452667026314884,0.06373787502525374,0.06505458301398903,9712,13476,16,64,False,False,False,False,9712,16,False,512,0.0006,,5756,0,total_elems,9712,13476,1,1,,,,0.0,,,,16,4,9712,630,158,40,,,,,,,,,,,,,,,,,,,,,,,,,,,,,,,,,,,,,,,,,,,,,,,,,,,,,,,,,,,,,,,,,,
115.90953366598114,absorbing,,,,,,,L,12,3,148,191,173,150,323,8,1,27,0.02902416605502367,0.03413145802915096,0.06315562408417463,0.0636683750199154,10252,15976,16,64,False,False,False,False,10252,16,False,512,0.0006,,5756,0,total_elems,10252,15976,1,1,,,,0.0,,,,16,4,10252,654,158,40,,,,,,,,,,,,,,,,,,,,,,,,,,,,,,,,,,,,,,,,,,,,,,,,,,,,,,,,,,,,,,,,,,
116.00052795797819,absorbing,,,,,,,R,12,4,148,191,173,153,326,2,3,30,0.03960841702064499,0.03026058303657919,0.06986900005722418,0.07042016700142995,16628,10132,64,16,False,False,False,False,10132,16,False,512,0.0006,,5756,0,total_elems,16628,10132,1,1,,,,0.0,,,,16,4,10132,642,158,40,,,,,,,,,,,,,,,,,,,,,,,,,,,,,,,,,,,,,,,,,,,,,,,,,,,,,,,,,,,,,,,,,,
116.09027633297956,absorbing,,,,,,,R,12,5,148,191,173,155,328,4,2,32,0.038366166001651436,0.030671417014673352,0.06903758301632479,0.06951174995629117,16472,11144,64,16,False,False,False,False,11144,16,False,512,0.0006,,5756,0,total_elems,16472,11144,1,1,,,,0.0,,,,16,4,11144,664,158,40,,,,,,,,,,,,,,,,,,,,,,,,,,,,,,,,,,,,,,,,,,,,,,,,,,,,,,,,,,,,,,,,,,
116.18461358296918,absorbing,,,,,,,R,12,6,148,191,173,157,330,4,2,34,0.03925037500448525,0.033764458959922194,0.07301483396440744,0.07357220898848027,16412,9664,64,16,False,False,False,False,9664,16,False,512,0.0006,,5756,0,total_elems,16412,9664,1,1,,,,0.0,,,,16,4,9664,642,158,40,,,,,,,,,,,,,,,,,,,,,,,,,,,,,,,,,,,,,,,,,,,,,,,,,,,,,,,,,,,,,,,,,,
116.27625366597204,absorbing,,,,,,,R,12,7,148,191,173,159,332,4,2,36,0.037726957991253585,0.03229750000173226,0.07002445799298584,0.07052154198754579,15472,9616,64,16,False,False,False,False,9616,16,False,512,0.0006,,5756,0,total_elems,15472,9616,1,1,,,,0.0,,,,16,4,9616,636,158,40,,,,,,,,,,,,,,,,,,,,,,,,,,,,,,,,,,,,,,,,,,,,,,,,,,,,,,,,,,,,,,,,,,
116.3749785409891,absorbing,,,,,,,L,13,7,148,191,176,159,335,7,3,39,0.04208637500414625,0.034695500042289495,0.07678187504643574,0.07737366697983816,13376,15896,64,64,False,False,False,False,13376,64,False,512,0.0006,,5756,0,total_elems,13376,15896,1,1,,,,0.0,,,,64,4,13376,658,158,40,,,,,,,,,,,,,,,,,,,,,,,,,,,,,,,,,,,,,,,,,,,,,,,,,,,,,,,,,,,,,,,,,,
116.47840812499635,absorbing,,,,,,,R,13,8,148,191,176,160,336,7,1,40,0.046560415998101234,0.034464291005861014,0.08102470700396225,0.08154670801013708,14908,8868,64,16,False,False,False,False,8868,16,False,512,0.0006,,5756,0,total_elems,14908,8868,1,1,,,,0.0,,,,16,4,8868,600,158,40,,,,,,,,,,,,,,,,,,,,,,,,,,,,,,,,,,,,,,,,,,,,,,,,,,,,,,,,,,,,,,,,,,
116.57051191601204,absorbing,,,,,,,L,14,8,148,191,179,160,339,6,3,43,0.03719833301147446,0.03230483300285414,0.0695031660143286,0.0706774169811979,7904,15136,16,64,False,False,False,False,7904,16,False,512,0.0006,,5756,0,total_elems,7904,15136,1,1,,,,0.0,,,,16,4,7904,590,158,40,,,,,,,,,,,,,,,,,,,,,,,,,,,,,,,,,,,,,,,,,,,,,,,,,,,,,,,,,,,,,,,,,,
116.65314337500604,absorbing,,,,,,,R,14,9,148,191,179,162,341,5,2,45,0.03216999996220693,0.02836779097560793,0.06053779093781486,0.06106508296215907,7808,7132,16,16,False,False,False,False,7132,16,False,512,0.0006,,5756,0,total_elems,7808,7132,1,1,,,,0.0,,,,16,4,7132,568,158,40,,,,,,,,,,,,,,,,,,,,,,,,,,,,,,,,,,,,,,,,,,,,,,,,,,,,,,,,,,,,,,,,,,
116.73079733300256,absorbing,,,,,,,R,14,10,148,191,179,162,341,5,0,45,0.028490459022577852,0.027356417034752667,0.05584687605733052,0.05636916699586436,7612,7476,16,16,False,False,False,False,7476,16,False,512,0.0006,,5756,0,total_elems,7612,7476,1,1,,,,0.0,,,,16,4,7476,588,158,40,,,,,,,,,,,,,,,,,,,,,,,,,,,,,,,,,,,,,,,,,,,,,,,,,,,,,,,,,,,,,,,,,,
116.8096914999769,absorbing,,,,,,,L,15,10,148,191,180,162,342,8,1,46,0.02877099998295307,0.027266999997664243,0.056037999980617315,0.0565484170219861,7188,10044,16,16,False,False,False,False,7188,16,False,512,0.0006,,5756,0,total_elems,7188,10044,1,1,,,,0.0,,,,16,4,7188,570,158,40,,,,,,,,,,,,,,,,,,,,,,,,,,,,,,,,,,,,,,,,,,,,,,,,,,,,,,,,,,,,,,,,,,
116.89783087500837,absorbing,,,,,,,R,15,11,148,191,180,163,343,6,1,47,0.03756050002994016,0.029087292030453682,0.06664779206039384,0.0671534999855794,13428,8604,64,16,False,False,False,False,8604,16,False,512,0.0006,,5756,0,total_elems,13428,8604,1,1,,,,0.0,,,,16,4,8604,624,158,40,,,,,,,,,,,,,,,,,,,,,,,,,,,,,,,,,,,,,,,,,,,,,,,,,,,,,,,,,,,,,,,,,,
116.99178495799424,absorbing,,,,,,,L,16,11,148,191,183,163,346,4,3,50,0.04040479101240635,0.03198466700268909,0.07238945801509544,0.07292687497101724,14016,18396,64,64,False,False,False,False,14016,64,False,512,0.0006,,5756,0,total_elems,14016,18396,1,1,,,,0.0,,,,64,4,14016,708,158,40,,,,,,,,,,,,,,,,,,,,,,,,,,,,,,,,,,,,,,,,,,,,,,,,,,,,,,,,,,,,,,,,,,
117.08200766600203,absorbing,,,,,,,L,17,11,148,191,185,163,348,3,2,52,0.031506250030361116,0.03670420800335705,0.06821045803371817,0.06873045797692612,14056,23232,64,64,False,False,False,False,14056,64,False,512,0.0006,,5756,0,total_elems,14056,23232,1,1,,,,0.0,,,,64,4,14056,706,158,40,,,,,,,,,,,,,,,,,,,,,,,,,,,,,,,,,,,,,,,,,,,,,,,,,,,,,,,,,,,,,,,,,,
117.17035266599851,absorbing,,,,,,,L,18,11,148,191,185,163,348,4,0,52,0.03218445903621614,0.033826917002443224,0.06601137603865936,0.06650245800847188,13288,23464,64,64,False,False,False,False,13288,64,False,512,0.0006,,5756,0,total_elems,13288,23464,1,1,,,,0.0,,,,64,4,13288,658,158,40,,,,,,,,,,,,,,,,,,,,,,,,,,,,,,,,,,,,,,,,,,,,,,,,,,,,,,,,,,,,,,,,,,
117.26016741601052,absorbing,,,,,,,L,19,11,148,191,186,163,349,4,1,53,0.03448450000723824,0.03352912497939542,0.06801362498663366,0.06852154200896621,12136,15976,64,64,False,False,False,False,12136,64,False,512,0.0006,,5756,0,total_elems,12136,15976,1,1,,,,0.0,,,,64,4,12136,622,158,40,,,,,,,,,,,,,,,,,,,,,,,,,,,,,,,,,,,,,,,,,,,,,,,,,,,,,,,,,,,,,,,,,,
117.35875795799075,absorbing,,,,,,,R,19,12,148,191,186,166,352,5,3,56,0.04605170799186453,0.030545624962542206,0.07659733295440674,0.07708654197631404,28492,14536,64,64,False,False,False,False,14536,64,False,512,0.0006,,5756,0,total_elems,28492,14536,1,1,,,,0.0,,,,64,4,14536,700,158,40,,,,,,,,,,,,,,,,,,,,,,,,,,,,,,,,,,,,,,,,,,,,,,,,,,,,,,,,,,,,,,,,,,
117.45938862499315,absorbing,,,,,,,L,20,12,148,191,189,166,355,4,3,59,0.03928654198534787,0.03859841596568003,0.0778849579510279,0.07837762503186241,29896,32776,64,64,False,False,False,False,29896,64,False,512,0.0006,,5756,0,total_elems,29896,32776,1,1,,,,0.0,,,,64,4,29896,796,158,40,,,,,,,,,,,,,,,,,,,,,,,,,,,,,,,,,,,,,,,,,,,,,,,,,,,,,,,,,,,,,,,,,,
117.63088845799211,absorbing,,,,,,,L,21,12,148,191,191,166,357,4,2,61,0.09871341695543379,0.049597333010751754,0.14831074996618554,0.14949158299714327,45256,47752,64,64,False,False,False,False,45256,64,False,512,0.0006,,5756,0,total_elems,45256,47752,1,1,,,,0.0,,,,64,4,45256,892,158,40,,,,,,,,,,,,,,,,,,,,,,,,,,,,,,,,,,,,,,,,,,,,,,,,,,,,,,,,,,,,,,,,,,
117.75226212496636,absorbing,,,,,,,L,22,12,148,191,191,166,357,7,0,61,0.047115541994571686,0.051545541966333985,0.09866108396090567,0.09918795904377475,44008,47656,64,64,False,False,False,False,44008,64,False,512,0.0006,,5756,0,total_elems,44008,47656,1,1,,,,0.0,,,,64,4,44008,850,158,40,,,,,,,,,,,,,,,,,,,,,,,,,,,,,,,,,,,,,,,,,,,,,,,,,,,,,,,,,,,,,,,,,,
117.87674541596789,absorbing,,,,,,,R,22,13,148,191,191,167,358,7,1,62,0.05198370898142457,0.049819957988802344,0.10180366697022691,0.10229012498166412,46252,45832,64,64,False,False,False,False,45832,64,False,512,0.0006,,5756,0,total_elems,46252,45832,1,1,,,,0.0,,,,64,4,45832,892,158,40,,,,,,,,,,,,,,,,,,,,,,,,,,,,,,,,,,,,,,,,,,,,,,,,,,,,,,,,,,,,,,,,,,
118.05590483295964,absorbing,,,,,,,R,22,14,148,191,191,169,360,6,2,64,0.05987295799423009,0.09585237497230992,0.15572533296654,0.1562280409852974,46828,46348,64,64,False,False,False,False,46348,64,False,512,0.0006,,5756,0,total_elems,46828,46348,1,1,,,,0.0,,,,64,4,46348,922,158,40,,,,,,,,,,,,,,,,,,,,,,,,,,,,,,,,,,,,,,,,,,,,,,,,,,,,,,,,,,,,,,,,,,
118.20263754099142,absorbing,,,,,,,R,22,15,148,191,191,172,363,4,3,67,0.05602333397837356,0.0667200839961879,0.12274341797456145,0.12390783295268193,46888,45388,64,64,False,False,False,False,45388,64,False,512,0.0006,,5756,0,total_elems,46888,45388,1,1,,,,0.0,,,,64,4,45388,898,158,40,,,,,,,,,,,,,,,,,,,,,,,,,,,,,,,,,,,,,,,,,,,,,,,,,,,,,,,,,,,,,,,,,,
118.32189041597303,absorbing,,,,,,,L,23,15,148,191,192,172,364,8,1,68,0.04745304200332612,0.04867024999111891,0.09612329199444503,0.09660337498644367,45928,46156,64,64,False,False,False,False,45928,64,False,512,0.0006,,5756,0,total_elems,45928,46156,1,1,,,,0.0,,,,64,4,45928,898,158,40,,,,,,,,,,,,,,,,,,,,,,,,,,,,,,,,,,,,,,,,,,,,,,,,,,,,,,,,,,,,,,,,,,
118.4627762910095,absorbing,,,,,,,L,24,15,148,191,193,172,365,9,1,69,0.06663374998606741,0.0520007919985801,0.11863454198464751,0.11912008299259469,32488,46408,64,64,False,False,False,False,32488,64,False,512,0.0006,,5756,0,total_elems,32488,46408,1,1,,,,0.0,,,,64,4,32488,850,158,40,,,,,,,,,,,,,,,,,,,,,,,,,,,,,,,,,,,,,,,,,,,,,,,,,,,,,,,,,,,,,,,,,,
118.67183958296664,absorbing,,,,,,,R,24,16,148,191,193,172,365,8,0,69,0.13812620897078887,0.048417292011436075,0.18654350098222494,0.18770329101243988,48904,32584,64,64,False,False,False,False,32584,64,False,512,0.0006,,5756,0,total_elems,48904,32584,1,1,,,,0.0,,,,64,4,32584,856,158,40,,,,,,,,,,,,,,,,,,,,,,,,,,,,,,,,,,,,,,,,,,,,,,,,,,,,,,,,,,,,,,,,,,
118.88464487501187,absorbing,,,,,,,R,24,17,148,191,193,172,365,9,0,69,0.14796454104362056,0.0407457499532029,0.18871029099682346,0.18997558299452066,48208,18304,64,64,False,False,False,False,18304,64,False,512,0.0006,,5756,0,total_elems,48208,18304,1,1,,,,0.0,,,,64,4,18304,796,158,40,,,,,,,,,,,,,,,,,,,,,,,,,,,,,,,,,,,,,,,,,,,,,,,,,,,,,,,,,,,,,,,,,,
119.02495024999371,absorbing,,,,,,,R,24,18,148,191,193,176,369,5,4,73,0.08360654098214582,0.03414645901648328,0.1177529999986291,0.11827325000194833,34432,15352,64,16,False,False,False,False,15352,16,False,512,0.0006,,5756,0,total_elems,34432,15352,1,1,,,,0.0,,,,16,4,15352,832,158,40,,,,,,,,,,,,,,,,,,,,,,,,,,,,,,,,,,,,,,,,,,,,,,,,,,,,,,,,,,,,,,,,,,
119.15314966597361,absorbing,,,,,,,R,24,19,148,191,193,178,371,9,2,75,0.06814016599673778,0.037626209028530866,0.10576637502526864,0.10625783301657066,34168,25908,64,64,False,False,False,False,25908,64,False,512,0.0006,,5756,0,total_elems,34168,25908,1,1,,,,0.0,,,,64,4,25908,1038,158,40,,,,,,,,,,,,,,,,,,,,,,,,,,,,,,,,,,,,,,,,,,,,,,,,,,,,,,,,,,,,,,,,,,
119.30415824998636,absorbing,,,,,,,R,24,20,148,191,193,180,373,6,2,77,0.09424370899796486,0.03378800000064075,0.1280317089986056,0.12853112496668473,42804,26772,64,64,False,False,False,False,26772,64,False,512,0.0006,,5756,0,total_elems,42804,26772,1,1,,,,0.0,,,,64,4,26772,1068,158,40,,,,,,,,,,,,,,,,,,,,,,,,,,,,,,,,,,,,,,,,,,,,,,,,,,,,,,,,,,,,,,,,,,
119.4622937910026,absorbing,,,,,,,L,25,20,148,191,199,180,379,5,6,83,0.09677275002468377,0.03857479098951444,0.1353475410141982,0.135964207991492,35412,35476,64,64,False,False,False,False,35412,64,False,512,0.0006,,5756,0,total_elems,35412,35476,1,1,,,,0.0,,,,64,4,35412,1188,158,40,,,,,,,,,,,,,,,,,,,,,,,,,,,,,,,,,,,,,,,,,,,,,,,,,,,,,,,,,,,,,,,,,,
119.64470279100351,absorbing,,,,,,,R,25,21,148,191,199,184,383,6,4,87,0.1128129999851808,0.04728033300489187,0.16009333299007267,0.16057591699063778,162936,37204,256,64,False,False,False,False,37204,64,False,512,0.0006,,5756,0,total_elems,162936,37204,1,1,,,,0.0,,,,64,4,37204,1228,158,40,,,,,,,,,,,,,,,,,,,,,,,,,,,,,,,,,,,,,,,,,,,,,,,,,,,,,,,,,,,,,,,,,,
119.83980274997884,absorbing,,,,,,,R,25,22,148,191,199,185,384,7,1,88,0.11599304102128372,0.05471558298449963,0.17070862400578335,0.17267295898636803,163768,53524,256,64,False,False,False,False,53524,64,False,512,0.0006,,5756,0,total_elems,163768,53524,1,1,,,,0.0,,,,64,4,53524,1348,158,40,,,,,,,,,,,,,,,,,,,,,,,,,,,,,,,,,,,,,,,,,,,,,,,,,,,,,,,,,,,,,,,,,,
120.05377349996706,absorbing,,,,,,,R,25,23,148,191,199,189,388,5,4,92,0.12494624999817461,0.06626820901874453,0.19121445901691914,0.19176162499934435,179764,83572,256,64,False,False,False,False,83572,64,False,512,0.0006,,5756,0,total_elems,179764,83572,1,1,,,,0.0,,,,64,4,83572,1534,158,40,,,,,,,,,,,,,,,,,,,,,,,,,,,,,,,,,,,,,,,,,,,,,,,,,,,,,,,,,,,,,,,,,,
120.2903583329753,absorbing,,,,,,,R,25,24,148,191,199,190,389,6,1,93,0.138912333000917,0.07343895803205669,0.21235129103297368,0.2134798330371268,191860,123508,256,64,False,False,False,False,123508,64,False,512,0.0006,,5756,0,total_elems,191860,123508,1,1,,,,0.0,,,,64,4,123508,2014,158,40,,,,,,,,,,,,,,,,,,,,,,,,,,,,,,,,,,,,,,,,,,,,,,,,,,,,,,,,,,,,,,,,,,
120.71719308296451,absorbing,,,,,,,R,25,25,148,191,199,193,392,5,3,96,0.2887102080276236,0.11517445894423872,0.4038846669718623,0.40440912503981963,230644,188116,256,64,False,False,False,False,188116,64,False,512,0.0006,,5756,0,total_elems,230644,188116,1,1,,,,0.0,,,,64,4,188116,2308,158,40,,,,,,,,,,,,,,,,,,,,,,,,,,,,,,,,,,,,,,,,,,,,,,,,,,,,,,,,,,,,,,,,,,
121.36654179100879,absorbing,,,,,,,R,25,26,148,191,199,193,392,5,0,96,0.44767758302623406,0.1785100830020383,0.6261876660282724,0.6273440839722753,508180,301780,256,256,False,False,True,False,301780,256,False,512,0.0006,,5756,0,total_elems,508180,301780,1,1,,,,0.0,,,,256,4,301780,2788,158,40,,,,,,,,,,,,,,,,,,,,,,,,,,,,,,,,,,,,,,,,,,,,,,,,,,,,,,,,,,,,,,,,,,
127.4179506659857,unswapping,,,,,,,,,,,,,,,,,,,,,,,,,,,,,,,,,,,,,,,,,,,,,,,,,,256,4,464852,2504,158,40,0,both,0,20,20,9,"[[2, 3], [6, 7], [10, 11], [12, 13], [16, 17], [20, 21], [22, 23], [28, 29], [30, 31]]",9,,,,,0,,,,,,,,,,,,,,,,,,,,,,,,,,,,,,,,,,,,,,,,,,,,,,,,,,,,,
129.77184704097454,unswapping,,,,,,,,,,,,,,,,,,,,,,,,,,,,,,,,,,,,,,,,,,,,,,,,,,256,4,197780,1864,158,40,0,both,1,19,19,7,"[[1, 2], [3, 4], [5, 6], [9, 10], [13, 14], [15, 16], [25, 26]]",16,,,,,0,,,,,,,,,,,,,,,,,,,,,,,,,,,,,,,,,,,,,,,,,,,,,,,,,,,,,
130.2831265410059,unswapping,,,,,,,,,,,,,,,,,,,,,,,,,,,,,,,,,,,,,,,,,,,,,,,,,,64,4,69140,1256,158,40,0,left,0,20,20,6,"[[2, 3], [8, 9], [10, 11], [14, 15], [24, 25], [26, 27]]",22,,,,,12,,,,,,,,,,,,,,,,,,,,,,,,,,,,,,,,,,,,,,,,,,,,,,,,,,,,,
130.45860775001347,unswapping,,,,,,,,,,,,,,,,,,,,,,,,,,,,,,,,,,,,,,,,,,,,,,,,,,64,4,33308,964,158,40,0,left,1,19,19,10,"[[1, 2], [7, 8], [11, 12], [19, 20], [23, 24], [25, 26], [27, 28], [29, 30], [31, 32], [33, 34]]",32,,,,,32,,,,,,,,,,,,,,,,,,,,,,,,,,,,,,,,,,,,,,,,,,,,,,,,,,,,,
130.54442191601265,unswapping,,,,,,,,,,,,,,,,,,,,,,,,,,,,,,,,,,,,,,,,,,,,,,,,,,32,4,26540,872,158,40,0,right,0,20,20,3,"[[12, 13], [18, 19], [24, 25]]",35,,,,,34,,,,,,,,,,,,,,,,,,,,,,,,,,,,,,,,,,,,,,,,,,,,,,,,,,,,,
130.62851025001146,unswapping,,,,,,,,,,,,,,,,,,,,,,,,,,,,,,,,,,,,,,,,,,,,,,,,,,32,4,22508,816,158,40,0,right,1,19,19,2,"[[21, 22], [25, 26]]",37,,,,,36,,,,,,,,,,,,,,,,,,,,,,,,,,,,,,,,,,,,,,,,,,,,,,,,,,,,,
130.7828914159909,unswapping,,,,,,,,,,,,,,,,,,,,,,,,,,,,,,,,,,,,,,,,,,,,,,,,,,32,4,18752,734,158,40,1,both,0,20,20,5,"[[20, 21], [22, 23], [24, 25], [26, 27], [28, 29]]",5,,,,,52,,,,,,,,,,,,,,,,,,,,,,,,,,,,,,,,,,,,,,,,,,,,,,,,,,,,,
130.9261587499641,unswapping,,,,,,,,,,,,,,,,,,,,,,,,,,,,,,,,,,,,,,,,,,,,,,,,,,32,4,13712,650,158,40,1,both,1,19,19,4,"[[9, 10], [11, 12], [17, 18], [25, 26]]",9,,,,,60,,,,,,,,,,,,,,,,,,,,,,,,,,,,,,,,,,,,,,,,,,,,,,,,,,,,,
130.97979274997488,unswapping,,,,,,,,,,,,,,,,,,,,,,,,,,,,,,,,,,,,,,,,,,,,,,,,,,32,4,11080,612,158,40,1,left,0,20,20,2,"[[6, 7], [16, 17]]",11,,,,,64,,,,,,,,,,,,,,,,,,,,,,,,,,,,,,,,,,,,,,,,,,,,,,,,,,,,,
131.0248540000175,unswapping,,,,,,,,,,,,,,,,,,,,,,,,,,,,,,,,,,,,,,,,,,,,,,,,,,32,4,9928,588,158,40,1,left,1,19,19,1,"[[23, 24]]",12,,,,,66,,,,,,,,,,,,,,,,,,,,,,,,,,,,,,,,,,,,,,,,,,,,,,,,,,,,,
131.06555875000777,unswapping,,,,,,,,,,,,,,,,,,,,,,,,,,,,,,,,,,,,,,,,,,,,,,,,,,32,4,9544,564,158,40,1,right,0,20,20,1,"[[24, 25]]",13,,,,,64,,,,,,,,,,,,,,,,,,,,,,,,,,,,,,,,,,,,,,,,,,,,,,,,,,,,,
131.11742029100424,unswapping,,,,,,,,,,,,,,,,,,,,,,,,,,,,,,,,,,,,,,,,,,,,,,,,,,32,4,9504,560,158,40,1,right,1,19,19,1,"[[27, 28]]",14,,,,,66,,,,,,,,,,,,,,,,,,,,,,,,,,,,,,,,,,,,,,,,,,,,,,,,,,,,,
131.21209962497232,unswapping,,,,,,,,,,,,,,,,,,,,,,,,,,,,,,,,,,,,,,,,,,,,,,,,,,32,4,6752,520,158,40,2,both,0,20,20,2,"[[8, 9], [10, 11]]",2,,,,,70,,,,,,,,,,,,,,,,,,,,,,,,,,,,,,,,,,,,,,,,,,,,,,,,,,,,,
131.29298808297608,unswapping,,,,,,,,,,,,,,,,,,,,,,,,,,,,,,,,,,,,,,,,,,,,,,,,,,32,4,6680,512,158,40,2,both,1,19,19,2,"[[15, 16], [17, 18]]",4,,,,,74,,,,,,,,,,,,,,,,,,,,,,,,,,,,,,,,,,,,,,,,,,,,,,,,,,,,,
131.31490945798578,unswapping,,,,,,,,,,,,,,,,,,,,,,,,,,,,,,,,,,,,,,,,,,,,,,,,,,32,4,6680,512,158,40,2,left,0,20,20,0,[],4,,,,,74,,,,,,,,,,,,,,,,,,,,,,,,,,,,,,,,,,,,,,,,,,,,,,,,,,,,,
131.35986008297186,unswapping,,,,,,,,,,,,,,,,,,,,,,,,,,,,,,,,,,,,,,,,,,,,,,,,,,16,4,4632,480,158,40,2,left,1,19,19,1,"[[7, 8]]",5,,,,,76,,,,,,,,,,,,,,,,,,,,,,,,,,,,,,,,,,,,,,,,,,,,,,,,,,,,,
131.39363616600167,unswapping,,,,,,,,,,,,,,,,,,,,,,,,,,,,,,,,,,,,,,,,,,,,,,,,,,16,4,4592,476,158,40,2,right,0,20,20,1,"[[14, 15]]",6,,,,,76,,,,,,,,,,,,,,,,,,,,,,,,,,,,,,,,,,,,,,,,,,,,,,,,,,,,,
131.4131807910162,unswapping,,,,,,,,,,,,,,,,,,,,,,,,,,,,,,,,,,,,,,,,,,,,,,,,,,16,4,4592,476,158,40,2,right,1,19,19,0,[],6,,,,,76,,,,,,,,,,,,,,,,,,,,,,,,,,,,,,,,,,,,,,,,,,,,,,,,,,,,,
131.48779945797287,unswapping,,,,,,,,,,,,,,,,,,,,,,,,,,,,,,,,,,,,,,,,,,,,,,,,,,16,4,3824,460,158,40,3,both,0,20,20,1,"[[8, 9]]",1,,,,,76,,,,,,,,,,,,,,,,,,,,,,,,,,,,,,,,,,,,,,,,,,,,,,,,,,,,,
131.56048612500308,unswapping,,,,,,,,,,,,,,,,,,,,,,,,,,,,,,,,,,,,,,,,,,,,,,,,,,16,4,3584,448,158,40,3,both,1,19,19,2,"[[9, 10], [13, 14]]",3,,,,,82,,,,,,,,,,,,,,,,,,,,,,,,,,,,,,,,,,,,,,,,,,,,,,,,,,,,,
131.57836570800282,unswapping,,,,,,,,,,,,,,,,,,,,,,,,,,,,,,,,,,,,,,,,,,,,,,,,,,16,4,3584,448,158,40,3,left,0,20,20,0,[],3,,,,,82,,,,,,,,,,,,,,,,,,,,,,,,,,,,,,,,,,,,,,,,,,,,,,,,,,,,,
131.6084683329682,unswapping,,,,,,,,,,,,,,,,,,,,,,,,,,,,,,,,,,,,,,,,,,,,,,,,,,16,4,3584,448,158,40,3,left,1,19,19,0,[],3,,,,,82,,,,,,,,,,,,,,,,,,,,,,,,,,,,,,,,,,,,,,,,,,,,,,,,,,,,,
131.64041624998208,unswapping,,,,,,,,,,,,,,,,,,,,,,,,,,,,,,,,,,,,,,,,,,,,,,,,,,16,4,3584,448,158,40,3,right,0,20,20,0,[],3,,,,,82,,,,,,,,,,,,,,,,,,,,,,,,,,,,,,,,,,,,,,,,,,,,,,,,,,,,,
131.66273737500887,unswapping,,,,,,,,,,,,,,,,,,,,,,,,,,,,,,,,,,,,,,,,,,,,,,,,,,16,4,3584,448,158,40,3,right,1,19,19,0,[],3,,,,,82,,,,,,,,,,,,,,,,,,,,,,,,,,,,,,,,,,,,,,,,,,,,,,,,,,,,,
131.7334217079915,unswapping,,,,,,,,,,,,,,,,,,,,,,,,,,,,,,,,,,,,,,,,,,,,,,,,,,16,4,3524,442,158,40,4,both,0,20,20,2,"[[12, 13], [14, 15]]",2,,,,,88,,,,,,,,,,,,,,,,,,,,,,,,,,,,,,,,,,,,,,,,,,,,,,,,,,,,,
131.80524395796238,unswapping,,,,,,,,,,,,,,,,,,,,,,,,,,,,,,,,,,,,,,,,,,,,,,,,,,16,4,3464,436,158,40,4,both,1,19,19,2,"[[11, 12], [13, 14]]",4,,,,,94,,,,,,,,,,,,,,,,,,,,,,,,,,,,,,,,,,,,,,,,,,,,,,,,,,,,,
131.8229389580083,unswapping,,,,,,,,,,,,,,,,,,,,,,,,,,,,,,,,,,,,,,,,,,,,,,,,,,16,4,3464,436,158,40,4,left,0,20,20,0,[],4,,,,,94,,,,,,,,,,,,,,,,,,,,,,,,,,,,,,,,,,,,,,,,,,,,,,,,,,,,,
131.8413315829821,unswapping,,,,,,,,,,,,,,,,,,,,,,,,,,,,,,,,,,,,,,,,,,,,,,,,,,16,4,3464,436,158,40,4,left,1,19,19,0,[],4,,,,,94,,,,,,,,,,,,,,,,,,,,,,,,,,,,,,,,,,,,,,,,,,,,,,,,,,,,,
131.85845741600497,unswapping,,,,,,,,,,,,,,,,,,,,,,,,,,,,,,,,,,,,,,,,,,,,,,,,,,16,4,3464,436,158,40,4,right,0,20,20,0,[],4,,,,,94,,,,,,,,,,,,,,,,,,,,,,,,,,,,,,,,,,,,,,,,,,,,,,,,,,,,,
131.87586525001097,unswapping,,,,,,,,,,,,,,,,,,,,,,,,,,,,,,,,,,,,,,,,,,,,,,,,,,16,4,3464,436,158,40,4,right,1,19,19,0,[],4,,,,,94,,,,,,,,,,,,,,,,,,,,,,,,,,,,,,,,,,,,,,,,,,,,,,,,,,,,,
131.94712341600098,unswapping,,,,,,,,,,,,,,,,,,,,,,,,,,,,,,,,,,,,,,,,,,,,,,,,,,16,4,3404,430,158,40,5,both,0,20,20,2,"[[10, 11], [12, 13]]",2,,,,,102,,,,,,,,,,,,,,,,,,,,,,,,,,,,,,,,,,,,,,,,,,,,,,,,,,,,,
132.0216067499714,unswapping,,,,,,,,,,,,,,,,,,,,,,,,,,,,,,,,,,,,,,,,,,,,,,,,,,16,4,3392,428,158,40,5,both,1,19,19,1,"[[11, 12]]",3,,,,,106,,,,,,,,,,,,,,,,,,,,,,,,,,,,,,,,,,,,,,,,,,,,,,,,,,,,,
132.03885833296226,unswapping,,,,,,,,,,,,,,,,,,,,,,,,,,,,,,,,,,,,,,,,,,,,,,,,,,16,4,3392,428,158,40,5,left,0,20,20,0,[],3,,,,,106,,,,,,,,,,,,,,,,,,,,,,,,,,,,,,,,,,,,,,,,,,,,,,,,,,,,,
132.0801698329742,unswapping,,,,,,,,,,,,,,,,,,,,,,,,,,,,,,,,,,,,,,,,,,,,,,,,,,16,4,3312,424,158,40,5,left,1,19,19,1,"[[9, 10]]",4,,,,,106,,,,,,,,,,,,,,,,,,,,,,,,,,,,,,,,,,,,,,,,,,,,,,,,,,,,,
132.0987368329661,unswapping,,,,,,,,,,,,,,,,,,,,,,,,,,,,,,,,,,,,,,,,,,,,,,,,,,16,4,3312,424,158,40,5,right,0,20,20,0,[],4,,,,,106,,,,,,,,,,,,,,,,,,,,,,,,,,,,,,,,,,,,,,,,,,,,,,,,,,,,,
132.1174726659665,unswapping,,,,,,,,,,,,,,,,,,,,,,,,,,,,,,,,,,,,,,,,,,,,,,,,,,16,4,3312,424,158,40,5,right,1,19,19,0,[],4,,,,,106,,,,,,,,,,,,,,,,,,,,,,,,,,,,,,,,,,,,,,,,,,,,,,,,,,,,,
132.15281604096526,unswapping,,,,,,,,,,,,,,,,,,,,,,,,,,,,,,,,,,,,,,,,,,,,,,,,,,16,4,3312,424,158,40,6,both,0,20,20,0,[],0,,,,,106,,,,,,,,,,,,,,,,,,,,,,,,,,,,,,,,,,,,,,,,,,,,,,,,,,,,,
132.18960591597715,unswapping,,,,,,,,,,,,,,,,,,,,,,,,,,,,,,,,,,,,,,,,,,,,,,,,,,16,4,3312,424,158,40,6,both,1,19,19,0,[],0,,,,,106,,,,,,,,,,,,,,,,,,,,,,,,,,,,,,,,,,,,,,,,,,,,,,,,,,,,,
132.20705612498568,unswapping,,,,,,,,,,,,,,,,,,,,,,,,,,,,,,,,,,,,,,,,,,,,,,,,,,16,4,3312,424,158,40,6,left,0,20,20,0,[],0,,,,,106,,,,,,,,,,,,,,,,,,,,,,,,,,,,,,,,,,,,,,,,,,,,,,,,,,,,,
132.22501658299007,unswapping,,,,,,,,,,,,,,,,,,,,,,,,,,,,,,,,,,,,,,,,,,,,,,,,,,16,4,3312,424,158,40,6,left,1,19,19,0,[],0,,,,,106,,,,,,,,,,,,,,,,,,,,,,,,,,,,,,,,,,,,,,,,,,,,,,,,,,,,,
132.24234024999896,unswapping,,,,,,,,,,,,,,,,,,,,,,,,,,,,,,,,,,,,,,,,,,,,,,,,,,16,4,3312,424,158,40,6,right,0,20,20,0,[],0,,,,,106,,,,,,,,,,,,,,,,,,,,,,,,,,,,,,,,,,,,,,,,,,,,,,,,,,,,,
132.25999325001612,unswapping,,,,,,,,,,,,,,,,,,,,,,,,,,,,,,,,,,,,,,,,,,,,,,,,,,16,4,3312,424,158,40,6,right,1,19,19,0,[],0,,,,,106,,,,,,,,,,,,,,,,,,,,,,,,,,,,,,,,,,,,,,,,,,,,,,,,,,,,,
133.1925930000143,unswap_cycle_summary,,,,,,,,,,,,199,193,392,,,,,,,,,,,,,,,,,,,512,0.0006,,,,,,,,,,,,,,,,16,4,3312,424,158,40,,,,,,,,,,,,,,,,,,,,,4,8.779585292038973,392,808,416,96,False,True,False,,0,"[199, 193]","[0, 4, 3, 1, 2, 7, 11, 10, 6, 17, 9, 18, 5, 8, 13, 14, 12, 16, 15, 21, 20, 19, 26, 27, 23, 29, 22, 24, 31, 25, 28, 32, 30, 34, 33, 35, 36, 37, 38, 39]","[0, 3, 1, 4, 2, 7, 5, 6, 8, 14, 15, 12, 9, 11, 10, 13, 17, 16, 19, 18, 23, 21, 22, 20, 27, 25, 26, 28, 24, 29, 31, 30, 32, 33, 34, 35, 36, 37, 38, 39]","{'index': 25, 'interactions': [('unitary', (1, 2)), ('unitary', (3, 4)), ('unitary', (24, 25))]}","{'index': 26, 'interactions': [('unitary', (9, 10)), ('unitary', (25, 26))]}","[2, 2, 2, 3, 2, 3, 4, 4, 3, 1, 1, 0, 0, 0, 0, 0, 0, 0, 1, 1, 1, 2, 3, 2, 2, 2, 2, 1, 0, 0, 1, 1, 0, 0, 0, 0, 0, 0, 0]",463e93fc0af925a2acadd587cc8ec66b4c7d18227a2e03b8fa23f37c7c3965f5,,,,,,,,,,,,,,,,,,,,,,,,,,,,
133.6392218329711,rewiring,left,post_unswap,0.42339791695121676,125,False,False,,,,,,,,,,,,,,,,,,,,,,,,,,,,,,,,,,,,,,,,,,,,,,,,,,,,,,,,,,,,,,,,,,,,,,4,,,,,,,,,,,,,,,,,,50,False,96,4,bond_profile,8,False,1,4042,"(82, 16, 23, 8, 39, 610, 133)",0.0036161270109005272,0.41975550004281104,"[{'seed': 2024, 'score': (95, 16, 23, 8, 47, 608, 146), 'num_layers': 146, 'total_swaps': 608, 'max_layer_swaps': 11, 'swap_only_layers': 47, 'work_layers': 99, 'unitary_layers': 99, 'first_work_layer': 0, 'leading_no_work_layers': 0, 'bond_profile_layers_scored': 8, 'bond_profile_total_cost': 95, 'bond_profile_max_cost': 16, 'bond_profile_gate_count': 23}, {'seed': 3033, 'score': (111, 16, 24, 8, 62, 610, 165), 'num_layers': 165, 'total_swaps': 610, 'max_layer_swaps': 10, 'swap_only_layers': 62, 'work_layers': 103, 'unitary_layers': 103, 'first_work_layer': 0, 'leading_no_work_layers': 0, 'bond_profile_layers_scored': 8, 'bond_profile_total_cost': 111, 'bond_profile_max_cost': 16, 'bond_profile_gate_count': 24}, {'seed': 4042, 'score': (82, 16, 23, 8, 39, 610, 133), 'num_layers': 133, 'total_swaps': 610, 'max_layer_swaps': 14, 'swap_only_layers': 39, 'work_layers': 94, 'unitary_layers': 94, 'first_work_layer': 0, 'leading_no_work_layers': 0, 'bond_profile_layers_scored': 8, 'bond_profile_total_cost': 82, 'bond_profile_max_cost': 16, 'bond_profile_gate_count': 23}, {'seed': 5051, 'score': (91, 16, 25, 8, 36, 609, 130), 'num_layers': 130, 'total_swaps': 609, 'max_layer_swaps': 10, 'swap_only_layers': 36, 'work_layers': 94, 'unitary_layers': 94, 'first_work_layer': 0, 'leading_no_work_layers': 0, 'bond_profile_layers_scored': 8, 'bond_profile_total_cost': 91, 'bond_profile_max_cost': 16, 'bond_profile_gate_count': 25}]",0.42338920902693644,0.9464903330081142,,,,,,,,,,,,,
134.162097790977,rewiring,right,post_unswap,0.5227134999586269,167,False,False,,,,,,,,,,,,,,,,,,,,,,,,,,,,,,,,,,,,,,,,,,,,,,,,,,,,,,,,,,,,,,,,,,,,,,4,,,,,,,,,,,,,,,,,,50,False,96,4,bond_profile,8,False,1,3033,"(36, 8, 12, 8, 28, 669, 143)",0.0037225009873509407,0.5189596259151585,"[{'seed': 2024, 'score': (59, 16, 19, 8, 25, 654, 122), 'num_layers': 122, 'total_swaps': 654, 'max_layer_swaps': 10, 'swap_only_layers': 25, 'work_layers': 97, 'unitary_layers': 97, 'first_work_layer': 0, 'leading_no_work_layers': 0, 'bond_profile_layers_scored': 8, 'bond_profile_total_cost': 59, 'bond_profile_max_cost': 16, 'bond_profile_gate_count': 19}, {'seed': 3033, 'score': (36, 8, 12, 8, 28, 669, 143), 'num_layers': 143, 'total_swaps': 669, 'max_layer_swaps': 10, 'swap_only_layers': 28, 'work_layers': 115, 'unitary_layers': 115, 'first_work_layer': 0, 'leading_no_work_layers': 0, 'bond_profile_layers_scored': 8, 'bond_profile_total_cost': 36, 'bond_profile_max_cost': 8, 'bond_profile_gate_count': 12}, {'seed': 4042, 'score': (56, 16, 16, 8, 28, 660, 136), 'num_layers': 136, 'total_swaps': 660, 'max_layer_swaps': 10, 'swap_only_layers': 28, 'work_layers': 108, 'unitary_layers': 108, 'first_work_layer': 0, 'leading_no_work_layers': 0, 'bond_profile_layers_scored': 8, 'bond_profile_total_cost': 56, 'bond_profile_max_cost': 16, 'bond_profile_gate_count': 16}, {'seed': 5051, 'score': (36, 8, 12, 8, 50, 664, 153), 'num_layers': 153, 'total_swaps': 664, 'max_layer_swaps': 9, 'swap_only_layers': 50, 'work_layers': 103, 'unitary_layers': 103, 'first_work_layer': 0, 'leading_no_work_layers': 0, 'bond_profile_layers_scored': 8, 'bond_profile_total_cost': 36, 'bond_profile_max_cost': 8, 'bond_profile_gate_count': 12}]",0.5227046249783598,0.9464903330081142,,,,,,,,,,,,,
134.2093512499705,cycle_progress,,,,,,,,,,,,199,193,392,,,,,,,,,,,,,,,,,,,512,0.0006,,5756,0,,,,,,,,,,,,,16,4,3312,424,158,40,,,,,,,,,,,,,,,,,,,,,4,,392,808,416,96,False,,,,,,,,,,,,,,,,,,,,,,,,,,0.9464903330081142,,,,,,,,,,,,,
134.29579945799196,absorbing,,,,,,,R,0,1,133,143,199,194,393,9,1,1,0.03263849997892976,0.023337958031333983,0.05597645801026374,0.060580375022254884,5256,4744,32,16,False,False,False,False,4744,16,False,512,0.0006,,3312,0,total_elems,5256,4744,1,1,,,,0.0,,,,16,4,4744,508,158,40,,,,,,,,,,,,,,,,,,,,,,,,,,,,,,,,,,,,,,,,,,,,,,,,,,,,,,,,,,,,,,,,,,
134.38738995796302,absorbing,,,,,,,L,1,1,133,143,203,194,397,5,4,5,0.034526584029663354,0.030612458009272814,0.06513904203893617,0.06568475003587082,6064,9504,32,32,False,False,False,False,6064,32,False,512,0.0006,,3312,0,total_elems,6064,9504,1,1,,,,0.0,,,,32,4,6064,528,158,40,,,,,,,,,,,,,,,,,,,,,,,,,,,,,,,,,,,,,,,,,,,,,,,,,,,,,,,,,,,,,,,,,,
134.47789899999043,absorbing,,,,,,,L,2,1,133,143,208,194,402,5,5,10,0.03147699998226017,0.03193216596264392,0.06340916594490409,0.06474604201503098,7052,11272,32,32,False,False,False,False,7052,32,False,512,0.0006,,3312,0,total_elems,7052,11272,1,1,,,,0.0,,,,32,4,7052,554,158,40,,,,,,,,,,,,,,,,,,,,,,,,,,,,,,,,,,,,,,,,,,,,,,,,,,,,,,,,,,,,,,,,,,
134.57978516601725,absorbing,,,,,,,L,3,1,133,143,214,194,408,3,6,16,0.04342233296483755,0.0323321659816429,0.07575449894648045,0.07629129197448492,5876,11096,16,32,False,False,False,False,5876,16,False,512,0.0006,,3312,0,total_elems,5876,11096,1,1,,,,0.0,,,,16,4,5876,530,158,40,,,,,,,,,,,,,,,,,,,,,,,,,,,,,,,,,,,,,,,,,,,,,,,,,,,,,,,,,,,,,,,,,,
134.65979574999074,absorbing,,,,,,,L,4,1,133,143,215,194,409,6,1,17,0.02604795800289139,0.02875633299117908,0.05480429099407047,0.05527700000675395,4988,6968,16,32,False,False,False,False,4988,16,False,512,0.0006,,3312,0,total_elems,4988,6968,1,1,,,,0.0,,,,16,4,4988,502,158,40,,,,,,,,,,,,,,,,,,,,,,,,,,,,,,,,,,,,,,,,,,,,,,,,,,,,,,,,,,,,,,,,,,
134.73314895801013,absorbing,,,,,,,L,5,1,133,143,215,194,409,9,0,17,0.02183695900021121,0.02626070799306035,0.04809766699327156,0.048556875030044466,4256,5276,16,16,False,False,False,False,4256,16,False,512,0.0006,,3312,0,total_elems,4256,5276,1,1,,,,0.0,,,,16,4,4256,480,158,40,,,,,,,,,,,,,,,,,,,,,,,,,,,,,,,,,,,,,,,,,,,,,,,,,,,,,,,,,,,,,,,,,,
134.80837820796296,absorbing,,,,,,,R,5,2,133,143,215,196,411,5,2,19,0.02577683300478384,0.024378125031944364,0.0501549580367282,0.05061316699720919,4164,3456,16,16,False,False,False,False,3456,16,False,512,0.0006,,3312,0,total_elems,4164,3456,1,1,,,,0.0,,,,16,4,3456,466,158,40,,,,,,,,,,,,,,,,,,,,,,,,,,,,,,,,,,,,,,,,,,,,,,,,,,,,,,,,,,,,,,,,,,
134.8814552910044,absorbing,,,,,,,L,6,2,133,143,216,196,412,6,1,20,0.023929916962515563,0.02375975000904873,0.04768966697156429,0.04814804199850187,2100,3432,16,16,False,False,False,False,2100,16,False,512,0.0006,,3312,0,total_elems,2100,3432,1,1,,,,0.0,,,,16,4,2100,414,158,40,,,,,,,,,,,,,,,,,,,,,,,,,,,,,,,,,,,,,,,,,,,,,,,,,,,,,,,,,,,,,,,,,,
134.9536173749948,absorbing,,,,,,,R,6,3,133,143,216,197,413,6,1,21,0.02456274995347485,0.021939583006314933,0.04650233295978978,0.04696537501877174,4008,1656,16,16,False,False,False,False,1656,16,False,512,0.0006,,3312,0,total_elems,4008,1656,1,1,,,,0.0,,,,16,4,1656,390,158,40,,,,,,,,,,,,,,,,,,,,,,,,,,,,,,,,,,,,,,,,,,,,,,,,,,,,,,,,,,,,,,,,,,
135.02997779101133,absorbing,,,,,,,L,7,3,133,143,218,197,415,7,2,23,0.02654599997913465,0.024515166995115578,0.05106116697425023,0.05159129202365875,2076,2124,16,16,False,False,False,False,2076,16,False,512,0.0006,,3312,0,total_elems,2076,2124,1,1,,,,0.0,,,,16,4,2076,414,158,40,,,,,,,,,,,,,,,,,,,,,,,,,,,,,,,,,,,,,,,,,,,,,,,,,,,,,,,,,,,,,,,,,,
135.24581316596596,absorbing,,,,,,,R,7,4,133,143,218,199,417,7,2,25,0.16339958301978186,0.026107584009878337,0.1895071670296602,0.19013345800340176,2536,2212,16,16,False,False,False,False,2212,16,False,512,0.0006,,3312,0,total_elems,2536,2212,1,1,,,,0.0,,,,16,4,2212,436,158,40,,,,,,,,,,,,,,,,,,,,,,,,,,,,,,,,,,,,,,,,,,,,,,,,,,,,,,,,,,,,,,,,,,
135.32426391600166,absorbing,,,,,,,L,8,4,133,143,221,199,420,5,3,28,0.02732175000710413,0.023898957995697856,0.051220708002801985,0.05174500000430271,2068,2752,16,16,False,False,False,False,2068,16,False,512,0.0006,,3312,0,total_elems,2068,2752,1,1,,,,0.0,,,,16,4,2068,418,158,40,,,,,,,,,,,,,,,,,,,,,,,,,,,,,,,,,,,,,,,,,,,,,,,,,,,,,,,,,,,,,,,,,,
135.39628816599725,absorbing,,,,,,,L,9,4,133,143,221,199,420,7,0,28,0.02257787500275299,0.02305566699942574,0.04563354200217873,0.046138166973832995,2116,2212,16,16,False,False,False,False,2116,16,False,512,0.0006,,3312,0,total_elems,2116,2212,1,1,,,,0.0,,,,16,4,2116,430,158,40,,,,,,,,,,,,,,,,,,,,,,,,,,,,,,,,,,,,,,,,,,,,,,,,,,,,,,,,,,,,,,,,,,
135.47305933298776,absorbing,,,,,,,R,9,5,133,143,221,200,421,9,1,29,0.025571374979335815,0.02385004097595811,0.049421415955293924,0.04997900000307709,2976,2164,16,16,False,False,False,False,2164,16,False,512,0.0006,,3312,0,total_elems,2976,2164,1,1,,,,0.0,,,,16,4,2164,424,158,40,,,,,,,,,,,,,,,,,,,,,,,,,,,,,,,,,,,,,,,,,,,,,,,,,,,,,,,,,,,,,,,,,,
135.5457381659653,absorbing,,,,,,,L,10,5,133,143,222,200,422,8,1,30,0.02422625001054257,0.022002457990311086,0.04622870800085366,0.04674299998441711,2628,2896,16,16,False,False,False,False,2628,16,False,512,0.0006,,3312,0,total_elems,2628,2896,1,1,,,,0.0,,,,16,4,2628,462,158,40,,,,,,,,,,,,,,,,,,,,,,,,,,,,,,,,,,,,,,,,,,,,,,,,,,,,,,,,,,,,,,,,,,
135.62005054100882,absorbing,,,,,,,R,10,6,133,143,222,200,422,8,0,30,0.02572949999012053,0.02180362498620525,0.04753312497632578,0.048066082992590964,4092,2764,16,16,False,False,False,False,2764,16,False,512,0.0006,,3312,0,total_elems,4092,2764,1,1,,,,0.0,,,,16,4,2764,468,158,40,,,,,,,,,,,,,,,,,,,,,,,,,,,,,,,,,,,,,,,,,,,,,,,,,,,,,,,,,,,,,,,,,,
135.6971756250132,absorbing,,,,,,,R,10,7,133,143,222,201,423,7,1,31,0.026028958032839,0.024146624957211316,0.050175582990050316,0.050707833957858384,4896,4648,16,16,False,False,False,False,4648,16,False,512,0.0006,,3312,0,total_elems,4896,4648,1,1,,,,0.0,,,,16,4,4648,552,158,40,,,,,,,,,,,,,,,,,,,,,,,,,,,,,,,,,,,,,,,,,,,,,,,,,,,,,,,,,,,,,,,,,,
135.7734160000109,absorbing,,,,,,,L,11,7,133,143,224,201,425,7,2,33,0.02608545799739659,0.023792374995537102,0.04987783299293369,0.05035849998239428,4960,8900,16,16,False,False,False,False,4960,16,False,512,0.0006,,3312,0,total_elems,4960,8900,1,1,,,,0.0,,,,16,4,4960,534,158,40,,,,,,,,,,,,,,,,,,,,,,,,,,,,,,,,,,,,,,,,,,,,,,,,,,,,,,,,,,,,,,,,,,
135.85367758298526,absorbing,,,,,,,R,11,8,133,143,224,202,426,7,1,34,0.027420416998211294,0.0261770419892855,0.05359745898749679,0.05410624999785796,7132,6236,16,16,False,False,False,False,6236,16,False,512,0.0006,,3312,0,total_elems,7132,6236,1,1,,,,0.0,,,,16,4,6236,620,158,40,,,,,,,,,,,,,,,,,,,,,,,,,,,,,,,,,,,,,,,,,,,,,,,,,,,,,,,,,,,,,,,,,,
135.93359854101436,absorbing,,,,,,,L,12,8,133,143,226,202,428,8,2,36,0.025514624954666942,0.0286899579805322,0.05420458293519914,0.05465545802144334,6236,7732,16,16,False,False,False,False,6236,16,False,512,0.0006,,3312,0,total_elems,6236,7732,1,1,,,,0.0,,,,16,4,6236,596,158,40,,,,,,,,,,,,,,,,,,,,,,,,,,,,,,,,,,,,,,,,,,,,,,,,,,,,,,,,,,,,,,,,,,
136.05157149996376,absorbing,,,,,,,R,12,9,133,143,226,205,431,6,3,39,0.06320854200748727,0.028610458015464246,0.09181900002295151,0.0923178750090301,7628,5728,16,16,False,False,False,False,5728,16,False,512,0.0006,,3312,0,total_elems,7628,5728,1,1,,,,0.0,,,,16,4,5728,622,158,40,,,,,,,,,,,,,,,,,,,,,,,,,,,,,,,,,,,,,,,,,,,,,,,,,,,,,,,,,,,,,,,,,,
136.13658816600218,absorbing,,,,,,,L,13,9,133,143,231,205,436,5,5,44,0.034216458967421204,0.024178250052500516,0.05839470901992172,0.05893662496237084,6192,7340,16,16,False,False,False,False,6192,16,False,512,0.0006,,3312,0,total_elems,6192,7340,1,1,,,,0.0,,,,16,4,6192,618,158,40,,,,,,,,,,,,,,,,,,,,,,,,,,,,,,,,,,,,,,,,,,,,,,,,,,,,,,,,,,,,,,,,,,
136.21422612498282,absorbing,,,,,,,L,14,9,133,143,232,205,437,11,1,45,0.02533716696780175,0.024870291003026068,0.05020745797082782,0.05067924998002127,5104,6192,16,16,False,False,False,False,5104,16,False,512,0.0006,,3312,0,total_elems,5104,6192,1,1,,,,0.0,,,,16,4,5104,592,158,40,,,,,,,,,,,,,,,,,,,,,,,,,,,,,,,,,,,,,,,,,,,,,,,,,,,,,,,,,,,,,,,,,,
136.2985864999937,absorbing,,,,,,,R,14,10,133,143,232,207,439,7,2,47,0.03321658301865682,0.02519662503618747,0.05841320805484429,0.05887812498258427,12868,4848,64,16,False,False,False,False,4848,16,False,512,0.0006,,3312,0,total_elems,12868,4848,1,1,,,,0.0,,,,16,4,4848,576,158,40,,,,,,,,,,,,,,,,,,,,,,,,,,,,,,,,,,,,,,,,,,,,,,,,,,,,,,,,,,,,,,,,,,
136.38359208300244,absorbing,,,,,,,L,15,10,133,143,237,207,444,8,5,52,0.030231541953980923,0.028360791970044374,0.0585923339240253,0.05904308398021385,6180,8172,16,16,False,False,False,False,6180,16,False,512,0.0006,,3312,0,total_elems,6180,8172,1,1,,,,0.0,,,,16,4,6180,594,158,40,,,,,,,,,,,,,,,,,,,,,,,,,,,,,,,,,,,,,,,,,,,,,,,,,,,,,,,,,,,,,,,,,,
136.47002012497978,absorbing,,,,,,,L,16,10,133,143,241,207,448,6,4,56,0.029876750020775944,0.030519958003424108,0.06039670802420005,0.06087508297059685,6856,7044,16,16,False,False,False,False,6856,16,False,512,0.0006,,3312,0,total_elems,6856,7044,1,1,,,,0.0,,,,16,4,6856,598,158,40,,,,,,,,,,,,,,,,,,,,,,,,,,,,,,,,,,,,,,,,,,,,,,,,,,,,,,,,,,,,,,,,,,
136.5577606660081,absorbing,,,,,,,R,16,11,133,143,241,213,454,3,6,62,0.028409000020474195,0.03183145902585238,0.06024045904632658,0.06076229200698435,9616,6856,16,16,False,False,False,False,6856,16,False,512,0.0006,,3312,0,total_elems,9616,6856,1,1,,,,0.0,,,,16,4,6856,634,158,40,,,,,,,,,,,,,,,,,,,,,,,,,,,,,,,,,,,,,,,,,,,,,,,,,,,,,,,,,,,,,,,,,,
136.64421729097376,absorbing,,,,,,,L,17,11,133,143,245,213,458,4,4,66,0.031974875018931925,0.02756258303998038,0.05953745805891231,0.060066499980166554,7888,8200,16,16,False,False,False,False,7888,16,False,512,0.0006,,3312,0,total_elems,7888,8200,1,1,,,,0.0,,,,16,4,7888,622,158,40,,,,,,,,,,,,,,,,,,,,,,,,,,,,,,,,,,,,,,,,,,,,,,,,,,,,,,,,,,,,,,,,,,
136.72856333298841,absorbing,,,,,,,R,17,12,133,143,245,216,461,6,3,69,0.027441499987617135,0.028818833001423627,0.05626033298904076,0.056847041996661574,8632,7504,16,16,False,False,False,False,7504,16,False,512,0.0006,,3312,0,total_elems,8632,7504,1,1,,,,0.0,,,,16,4,7504,634,158,40,,,,,,,,,,,,,,,,,,,,,,,,,,,,,,,,,,,,,,,,,,,,,,,,,,,,,,,,,,,,,,,,,,
136.8150048329844,absorbing,,,,,,,L,18,12,133,143,247,216,463,6,2,71,0.02757850004127249,0.029861624992918223,0.057440125034190714,0.05801487498683855,6652,8400,16,16,False,False,False,False,6652,16,False,512,0.0006,,3312,0,total_elems,6652,8400,1,1,,,,0.0,,,,16,4,6652,610,158,40,,,,,,,,,,,,,,,,,,,,,,,,,,,,,,,,,,,,,,,,,,,,,,,,,,,,,,,,,,,,,,,,,,
136.90030829096213,absorbing,,,,,,,L,19,12,133,143,250,216,466,5,3,74,0.028541249979753047,0.028007332992274314,0.05654858297202736,0.05714070796966553,7192,7380,16,16,False,False,False,False,7192,16,False,512,0.0006,,3312,0,total_elems,7192,7380,1,1,,,,0.0,,,,16,4,7192,610,158,40,,,,,,,,,,,,,,,,,,,,,,,,,,,,,,,,,,,,,,,,,,,,,,,,,,,,,,,,,,,,,,,,,,
136.98743325000396,absorbing,,,,,,,L,20,12,133,143,254,216,470,3,4,78,0.029294541978742927,0.029806750011630356,0.059101291990373284,0.059628749964758754,6924,7128,16,16,False,False,False,False,6924,16,False,512,0.0006,,3312,0,total_elems,6924,7128,1,1,,,,0.0,,,,16,4,6924,600,158,40,,,,,,,,,,,,,,,,,,,,,,,,,,,,,,,,,,,,,,,,,,,,,,,,,,,,,,,,,,,,,,,,,,
137.0729556659935,absorbing,,,,,,,L,21,12,133,143,256,216,472,6,2,80,0.02795579202938825,0.02929699997184798,0.05725279200123623,0.05777670897077769,6540,6740,16,16,False,False,False,False,6540,16,False,512,0.0006,,3312,0,total_elems,6540,6740,1,1,,,,0.0,,,,16,4,6540,600,158,40,,,,,,,,,,,,,,,,,,,,,,,,,,,,,,,,,,,,,,,,,,,,,,,,,,,,,,,,,,,,,,,,,,
137.1536461659707,absorbing,,,,,,,R,21,13,133,143,256,219,475,7,3,83,0.023444083984941244,0.027734874980524182,0.051178958965465426,0.0517230830155313,7176,6416,16,16,False,False,False,False,6416,16,False,512,0.0006,,3312,0,total_elems,7176,6416,1,1,,,,0.0,,,,16,4,6416,584,158,40,,,,,,,,,,,,,,,,,,,,,,,,,,,,,,,,,,,,,,,,,,,,,,,,,,,,,,,,,,,,,,,,,,
137.23530387500068,absorbing,,,,,,,R,21,14,133,143,256,222,478,6,3,86,0.02310570905683562,0.030152374994941056,0.05325808405177668,0.05378699995344505,6956,5240,16,16,False,False,False,False,5240,16,False,512,0.0006,,3312,0,total_elems,6956,5240,1,1,,,,0.0,,,,16,4,5240,584,158,40,,,,,,,,,,,,,,,,,,,,,,,,,,,,,,,,,,,,,,,,,,,,,,,,,,,,,,,,,,,,,,,,,,
137.31260974996258,absorbing,,,,,,,L,22,14,133,143,256,222,478,7,0,86,0.02296279201982543,0.026548333989921957,0.049511126009747386,0.04998000001069158,5408,5596,16,16,False,False,False,False,5408,16,False,512,0.0006,,3312,0,total_elems,5408,5596,1,1,,,,0.0,,,,16,4,5408,554,158,40,,,,,,,,,,,,,,,,,,,,,,,,,,,,,,,,,,,,,,,,,,,,,,,,,,,,,,,,,,,,,,,,,,
137.3878153329715,absorbing,,,,,,,R,22,15,133,143,256,225,481,8,3,89,0.02210475003812462,0.025612166966311634,0.047716917004436255,0.048170958005357534,7012,5152,16,16,False,False,False,False,5152,16,False,512,0.0006,,3312,0,total_elems,7012,5152,1,1,,,,0.0,,,,16,4,5152,550,158,40,,,,,,,,,,,,,,,,,,,,,,,,,,,,,,,,,,,,,,,,,,,,,,,,,,,,,,,,,,,,,,,,,,
137.46156166598666,absorbing,,,,,,,L,23,15,133,143,256,225,481,7,0,89,0.02208287501707673,0.02435754198813811,0.04644041700521484,0.046898000000510365,6316,6424,16,16,False,False,False,False,6316,16,False,512,0.0006,,3312,0,total_elems,6316,6424,1,1,,,,0.0,,,,16,4,6316,562,158,40,,,,,,,,,,,,,,,,,,,,,,,,,,,,,,,,,,,,,,,,,,,,,,,,,,,,,,,,,,,,,,,,,,
137.54426766600227,absorbing,,,,,,,R,23,16,133,143,256,227,483,10,2,91,0.029724500025622547,0.024674791027791798,0.054399291053414345,0.05486183398170397,9132,6952,16,16,False,False,False,False,6952,16,False,512,0.0006,,3312,0,total_elems,9132,6952,1,1,,,,0.0,,,,16,4,6952,586,158,40,,,,,,,,,,,,,,,,,,,,,,,,,,,,,,,,,,,,,,,,,,,,,,,,,,,,,,,,,,,,,,,,,,
137.66104450001149,absorbing,,,,,,,R,23,17,133,143,256,229,485,7,2,93,0.05966291599906981,0.027916541963350028,0.08757945796241984,0.08928591595031321,9184,7428,16,16,False,False,False,False,7428,16,False,512,0.0006,,3312,0,total_elems,9184,7428,1,1,,,,0.0,,,,16,4,7428,582,158,40,,,,,,,,,,,,,,,,,,,,,,,,,,,,,,,,,,,,,,,,,,,,,,,,,,,,,,,,,,,,,,,,,,
137.75245083298068,absorbing,,,,,,,R,23,18,133,143,256,232,488,4,3,96,0.0356438749586232,0.02645470801508054,0.06209858297370374,0.06324870901880786,7500,6148,16,16,False,False,False,False,6148,16,False,512,0.0006,,3312,0,total_elems,7500,6148,1,1,,,,0.0,,,,16,4,6148,538,158,40,,,,,,,,,,,,,,,,,,,,,,,,,,,,,,,,,,,,,,,,,,,,,,,,,,,,,,,,,,,,,,,,,,
137.8412564159953,absorbing,,,,,,,R,23,19,133,143,256,233,489,5,1,97,0.03571129200281575,0.024721166002564132,0.060432458005379885,0.06094237498473376,6508,5860,16,16,False,False,False,False,5860,16,False,512,0.0006,,3312,0,total_elems,6508,5860,1,1,,,,0.0,,,,16,4,5860,556,158,40,,,,,,,,,,,,,,,,,,,,,,,,,,,,,,,,,,,,,,,,,,,,,,,,,,,,,,,,,,,,,,,,,,
137.93252420797944,absorbing,,,,,,,L,24,19,133,143,259,233,492,4,3,100,0.03635566699085757,0.027224791003391147,0.06358045799424872,0.06406195799354464,6796,7792,16,16,False,False,False,False,6796,16,False,512,0.0006,,3312,0,total_elems,6796,7792,1,1,,,,0.0,,,,16,4,6796,574,158,40,,,,,,,,,,,,,,,,,,,,,,,,,,,,,,,,,,,,,,,,,,,,,,,,,,,,,,,,,,,,,,,,,,
138.01094974996522,absorbing,,,,,,,L,25,19,133,143,259,233,492,6,0,100,0.023271624988410622,0.02753833297174424,0.05080995796015486,0.05127554200589657,6820,7792,16,16,False,False,False,False,6820,16,False,512,0.0006,,3312,0,total_elems,6820,7792,1,1,,,,0.0,,,,16,4,6820,580,158,40,,,,,,,,,,,,,,,,,,,,,,,,,,,,,,,,,,,,,,,,,,,,,,,,,,,,,,,,,,,,,,,,,,
138.09641279099742,absorbing,,,,,,,L,26,19,133,143,261,233,494,4,2,102,0.02730362501461059,0.030259417020715773,0.05756304203532636,0.058038624993059784,6220,7780,16,16,False,False,False,False,6220,16,False,512,0.0006,,3312,0,total_elems,6220,7780,1,1,,,,0.0,,,,16,4,6220,574,158,40,,,,,,,,,,,,,,,,,,,,,,,,,,,,,,,,,,,,,,,,,,,,,,,,,,,,,,,,,,,,,,,,,,
138.18535641598282,absorbing,,,,,,,L,27,19,133,143,263,233,496,5,2,104,0.030586708046030253,0.028984624950680882,0.059571332996711135,0.060089124948717654,6184,6184,16,16,False,False,False,False,6184,16,False,512,0.0006,,3312,0,total_elems,6184,6184,1,1,,,,0.0,,,,16,4,6184,574,158,40,,,,,,,,,,,,,,,,,,,,,,,,,,,,,,,,,,,,,,,,,,,,,,,,,,,,,,,,,,,,,,,,,,
138.27140329097165,absorbing,,,,,,,R,27,20,133,143,263,237,500,3,4,108,0.027758709038607776,0.02906054095365107,0.05681924999225885,0.05734066595323384,8776,5776,16,16,False,False,False,False,5776,16,False,512,0.0006,,3312,0,total_elems,8776,5776,1,1,,,,0.0,,,,16,4,5776,544,158,40,,,,,,,,,,,,,,,,,,,,,,,,,,,,,,,,,,,,,,,,,,,,,,,,,,,,,,,,,,,,,,,,,,
138.35644891596166,absorbing,,,,,,,R,27,21,133,143,263,239,502,4,2,110,0.028537832957226783,0.02743566600838676,0.055973498965613544,0.05652595800347626,7756,5032,16,16,False,False,False,False,5032,16,False,512,0.0006,,3312,0,total_elems,7756,5032,1,1,,,,0.0,,,,16,4,5032,502,158,40,,,,,,,,,,,,,,,,,,,,,,,,,,,,,,,,,,,,,,,,,,,,,,,,,,,,,,,,,,,,,,,,,,
138.4761330409674,absorbing,,,,,,,R,27,22,133,143,263,241,504,5,2,112,0.02736079099122435,0.029303124989382923,0.05666391598060727,0.05717962502967566,6388,3016,16,16,False,False,False,False,3016,16,False,512,0.0006,,3312,0,total_elems,6388,3016,1,1,,,,0.0,,,,16,4,3016,448,158,40,,,,,,,,,,,,,,,,,,,,,,,,,,,,,,,,,,,,,,,,,,,,,,,,,,,,,,,,,,,,,,,,,,
138.55740166601026,absorbing,,,,,,,R,27,23,133,143,263,241,504,7,0,112,0.027844500029459596,0.023875709041021764,0.05172020907048136,0.05226362502435222,3472,1552,16,16,False,False,False,False,1552,16,False,512,0.0006,,3312,0,total_elems,3472,1552,1,1,,,,0.0,,,,16,4,1552,388,158,40,,,,,,,,,,,,,,,,,,,,,,,,,,,,,,,,,,,,,,,,,,,,,,,,,,,,,,,,,,,,,,,,,,
138.63540791597916,absorbing,,,,,,,R,27,24,133,143,263,241,504,8,0,112,0.026784583984408528,0.0214707920094952,0.048255375993903726,0.048775041999761015,1804,1612,16,16,False,False,False,False,1612,16,False,512,0.0006,,3312,0,total_elems,1804,1612,1,1,,,,0.0,,,,16,4,1612,394,158,40,,,,,,,,,,,,,,,,,,,,,,,,,,,,,,,,,,,,,,,,,,,,,,,,,,,,,,,,,,,,,,,,,,
138.7163993329741,absorbing,,,,,,,L,28,24,133,143,266,241,507,3,3,115,0.027138291974551976,0.02468104101717472,0.051819332991726696,0.05234875000314787,1636,3268,16,16,False,False,False,False,1636,16,False,512,0.0006,,3312,0,total_elems,1636,3268,1,1,,,,0.0,,,,16,4,1636,400,158,40,,,,,,,,,,,,,,,,,,,,,,,,,,,,,,,,,,,,,,,,,,,,,,,,,,,,,,,,,,,,,,,,,,
138.86176770797465,absorbing,,,,,,,L,29,24,133,143,266,241,507,6,0,115,0.09066458395682275,0.024384249991271645,0.1150488339480944,0.11562629201216623,1348,2704,4,16,False,False,False,False,1348,4,False,512,0.0006,,3312,0,total_elems,1348,2704,1,1,,,,0.0,,,,4,4,1348,382,158,40,,,,,,,,,,,,,,,,,,,,,,,,,,,,,,,,,,,,,,,,,,,,,,,,,,,,,,,,,,,,,,,,,,
138.93967170797987,absorbing,,,,,,,R,29,25,133,143,266,243,509,7,2,117,0.023881540982984006,0.02484258299227804,0.048724123975262046,0.049276916950475425,2536,1768,16,16,False,False,False,False,1768,16,False,512,0.0006,,3312,0,total_elems,2536,1768,1,1,,,,0.0,,,,16,4,1768,406,158,40,,,,,,,,,,,,,,,,,,,,,,,,,,,,,,,,,,,,,,,,,,,,,,,,,,,,,,,,,,,,,,,,,,
139.01738962496165,absorbing,,,,,,,L,30,25,133,143,267,243,510,5,1,118,0.02412554097827524,0.024195750011131167,0.04832129098940641,0.04882300004828721,1648,2764,16,16,False,False,False,False,1648,16,False,512,0.0006,,3312,0,total_elems,1648,2764,1,1,,,,0.0,,,,16,4,1648,394,158,40,,,,,,,,,,,,,,,,,,,,,,,,,,,,,,,,,,,,,,,,,,,,,,,,,,,,,,,,,,,,,,,,,,
139.09215666598175,absorbing,,,,,,,R,30,26,133,143,267,244,511,8,1,119,0.023250625003129244,0.022928207996301353,0.0461788329994306,0.046654292033053935,2092,2056,16,16,False,False,False,False,2056,16,False,512,0.0006,,3312,0,total_elems,2092,2056,1,1,,,,0.0,,,,16,4,2056,424,158,40,,,,,,,,,,,,,,,,,,,,,,,,,,,,,,,,,,,,,,,,,,,,,,,,,,,,,,,,,,,,,,,,,,
139.16619020799408,absorbing,,,,,,,L,31,26,133,143,268,244,512,6,1,120,0.023194125038571656,0.022577958006877452,0.04577208304544911,0.04624108399730176,2128,4036,16,16,False,False,False,False,2128,16,False,512,0.0006,,3312,0,total_elems,2128,4036,1,1,,,,0.0,,,,16,4,2128,424,158,40,,,,,,,,,,,,,,,,,,,,,,,,,,,,,,,,,,,,,,,,,,,,,,,,,,,,,,,,,,,,,,,,,,
139.2417494999827,absorbing,,,,,,,L,32,26,133,143,270,244,514,6,2,122,0.025095999997574836,0.022495999990496784,0.04759199998807162,0.04804024996701628,2536,3076,16,16,False,False,False,False,2536,16,False,512,0.0006,,3312,0,total_elems,2536,3076,1,1,,,,0.0,,,,16,4,2536,454,158,40,,,,,,,,,,,,,,,,,,,,,,,,,,,,,,,,,,,,,,,,,,,,,,,,,,,,,,,,,,,,,,,,,,
139.31419966596877,absorbing,,,,,,,L,33,26,133,143,270,244,514,7,0,122,0.022156958002597094,0.02200449997326359,0.044161457975860685,0.04465083300601691,2572,2956,16,16,False,False,False,False,2572,16,False,512,0.0006,,3312,0,total_elems,2572,2956,1,1,,,,0.0,,,,16,4,2572,454,158,40,,,,,,,,,,,,,,,,,,,,,,,,,,,,,,,,,,,,,,,,,,,,,,,,,,,,,,,,,,,,,,,,,,
139.3900987500092,absorbing,,,,,,,R,33,27,133,143,270,245,515,6,1,123,0.025838624977041036,0.02198462502565235,0.047823250002693385,0.04827049997402355,4168,3016,16,16,False,False,False,False,3016,16,False,512,0.0006,,3312,0,total_elems,4168,3016,1,1,,,,0.0,,,,16,4,3016,484,158,40,,,,,,,,,,,,,,,,,,,,,,,,,,,,,,,,,,,,,,,,,,,,,,,,,,,,,,,,,,,,,,,,,,
139.4664224999724,absorbing,,,,,,,R,33,28,133,143,270,247,517,7,2,125,0.025255165994167328,0.023120249970816076,0.048375415964983404,0.048816499998793006,4480,2728,16,16,False,False,False,False,2728,16,False,512,0.0006,,3312,0,total_elems,4480,2728,1,1,,,,0.0,,,,16,4,2728,466,158,40,,,,,,,,,,,,,,,,,,,,,,,,,,,,,,,,,,,,,,,,,,,,,,,,,,,,,,,,,,,,,,,,,,
139.54324024997186,absorbing,,,,,,,L,34,28,133,143,272,247,519,5,2,127,0.024793874996248633,0.023649416980333626,0.04844329197658226,0.048900416994001716,3556,4132,16,16,False,False,False,False,3556,16,False,512,0.0006,,3312,0,total_elems,3556,4132,1,1,,,,0.0,,,,16,4,3556,520,158,40,,,,,,,,,,,,,,,,,,,,,,,,,,,,,,,,,,,,,,,,,,,,,,,,,,,,,,,,,,,,,,,,,,
139.6232309580082,absorbing,,,,,,,R,34,29,133,143,272,249,521,8,2,129,0.026659332972485572,0.024563917017076164,0.05122324998956174,0.051695667032618076,4900,3748,16,16,False,False,False,False,3748,16,False,512,0.0006,,3312,0,total_elems,4900,3748,1,1,,,,0.0,,,,16,4,3748,496,158,40,,,,,,,,,,,,,,,,,,,,,,,,,,,,,,,,,,,,,,,,,,,,,,,,,,,,,,,,,,,,,,,,,,
139.70180566597264,absorbing,,,,,,,L,35,29,133,143,275,249,524,5,3,132,0.026554749987553805,0.023183582990895957,0.04973833297844976,0.050217083015013486,4648,5536,16,16,False,False,False,False,4648,16,False,512,0.0006,,3312,0,total_elems,4648,5536,1,1,,,,0.0,,,,16,4,4648,514,158,40,,,,,,,,,,,,,,,,,,,,,,,,,,,,,,,,,,,,,,,,,,,,,,,,,,,,,,,,,,,,,,,,,,
139.77812554099364,absorbing,,,,,,,R,35,30,133,143,275,250,525,9,1,133,0.022665125026833266,0.024064333993010223,0.04672945901984349,0.047261000028811395,7012,5956,16,16,False,False,False,False,5956,16,False,512,0.0006,,3312,0,total_elems,7012,5956,1,1,,,,0.0,,,,16,4,5956,562,158,40,,,,,,,,,,,,,,,,,,,,,,,,,,,,,,,,,,,,,,,,,,,,,,,,,,,,,,,,,,,,,,,,,,
139.86047191597754,absorbing,,,,,,,R,35,31,133,143,275,253,528,6,3,136,0.02427224995335564,0.028917000046931207,0.05318925000028685,0.05365904199425131,7876,5188,16,16,False,False,False,False,5188,16,False,512,0.0006,,3312,0,total_elems,7876,5188,1,1,,,,0.0,,,,16,4,5188,550,158,40,,,,,,,,,,,,,,,,,,,,,,,,,,,,,,,,,,,,,,,,,,,,,,,,,,,,,,,,,,,,,,,,,,
139.94893991597928,absorbing,,,,,,,R,35,32,133,143,275,255,530,6,2,138,0.027989915979560465,0.030038957949727774,0.05802887392928824,0.05852120800409466,7108,4516,16,16,False,False,False,False,4516,16,False,512,0.0006,,3312,0,total_elems,7108,4516,1,1,,,,0.0,,,,16,4,4516,508,158,40,,,,,,,,,,,,,,,,,,,,,,,,,,,,,,,,,,,,,,,,,,,,,,,,,,,,,,,,,,,,,,,,,,
140.03139283298515,absorbing,,,,,,,L,36,32,133,143,275,255,530,7,0,138,0.026624207966960967,0.0263099170406349,0.05293412500759587,0.053441166994161904,5284,5404,16,16,False,False,False,False,5284,16,False,512,0.0006,,3312,0,total_elems,5284,5404,1,1,,,,0.0,,,,16,4,5284,556,158,40,,,,,,,,,,,,,,,,,,,,,,,,,,,,,,,,,,,,,,,,,,,,,,,,,,,,,,,,,,,,,,,,,,
140.1202746659983,absorbing,,,,,,,R,36,33,133,143,275,256,531,9,1,139,0.03372841700911522,0.02586833300301805,0.05959675001213327,0.060082208015955985,6472,5020,16,16,False,False,False,False,5020,16,False,512,0.0006,,3312,0,total_elems,6472,5020,1,1,,,,0.0,,,,16,4,5020,544,158,40,,,,,,,,,,,,,,,,,,,,,,,,,,,,,,,,,,,,,,,,,,,,,,,,,,,,,,,,,,,,,,,,,,
140.21400912496028,absorbing,,,,,,,L,37,33,133,143,279,256,535,3,4,143,0.034960290999151766,0.02728416700847447,0.062244458007626235,0.06273845804389566,6784,8020,16,16,False,False,False,False,6784,16,False,512,0.0006,,3312,0,total_elems,6784,8020,1,1,,,,0.0,,,,16,4,6784,580,158,40,,,,,,,,,,,,,,,,,,,,,,,,,,,,,,,,,,,,,,,,,,,,,,,,,,,,,,,,,,,,,,,,,,
140.3008797079674,absorbing,,,,,,,L,38,33,133,143,281,256,537,6,2,145,0.02807200001552701,0.029123792017344385,0.057195792032871395,0.057740290998481214,6568,7288,16,16,False,False,False,False,6568,16,False,512,0.0006,,3312,0,total_elems,6568,7288,1,1,,,,0.0,,,,16,4,6568,562,158,40,,,,,,,,,,,,,,,,,,,,,,,,,,,,,,,,,,,,,,,,,,,,,,,,,,,,,,,,,,,,,,,,,,
140.3884112079977,absorbing,,,,,,,R,38,34,133,143,281,260,541,5,4,149,0.028153082996141165,0.029210625041741878,0.05736370803788304,0.057855999970342964,8344,6784,16,16,False,False,False,False,6784,16,False,512,0.0006,,3312,0,total_elems,8344,6784,1,1,,,,0.0,,,,16,4,6784,580,158,40,,,,,,,,,,,,,,,,,,,,,,,,,,,,,,,,,,,,,,,,,,,,,,,,,,,,,,,,,,,,,,,,,,
140.4804172500153,absorbing,,,,,,,R,38,35,133,143,281,264,545,5,4,153,0.028742499998770654,0.032581833947915584,0.06132433394668624,0.06185795902274549,7492,7288,16,16,False,False,False,False,7288,16,False,512,0.0006,,3312,0,total_elems,7492,7288,1,1,,,,0.0,,,,16,4,7288,616,158,40,,,,,,,,,,,,,,,,,,,,,,,,,,,,,,,,,,,,,,,,,,,,,,,,,,,,,,,,,,,,,,,,,,
140.57083720801165,absorbing,,,,,,,L,39,35,133,143,282,264,546,8,1,154,0.03187950002029538,0.02741154102841392,0.0592910410487093,0.06039033399429172,6844,9612,16,16,False,False,False,False,6844,16,False,512,0.0006,,3312,0,total_elems,6844,9612,1,1,,,,0.0,,,,16,4,6844,586,158,40,,,,,,,,,,,,,,,,,,,,,,,,,,,,,,,,,,,,,,,,,,,,,,,,,,,,,,,,,,,,,,,,,,
140.66212066600565,absorbing,,,,,,,R,39,36,133,143,282,265,547,7,1,155,0.03040862496709451,0.029227624996565282,0.05963624996365979,0.060179749969393015,14016,8016,64,16,False,False,False,False,8016,16,False,512,0.0006,,3312,0,total_elems,14016,8016,1,1,,,,0.0,,,,16,4,8016,660,158,40,,,,,,,,,,,,,,,,,,,,,,,,,,,,,,,,,,,,,,,,,,,,,,,,,,,,,,,,,,,,,,,,,,
140.7516682500136,absorbing,,,,,,,L,40,36,133,143,283,265,548,10,1,156,0.027125750028062612,0.03084983304142952,0.05797558306949213,0.05847195797832683,7796,10644,16,16,False,False,False,False,7796,16,False,512,0.0006,,3312,0,total_elems,7796,10644,1,1,,,,0.0,,,,16,4,7796,608,158,40,,,,,,,,,,,,,,,,,,,,,,,,,,,,,,,,,,,,,,,,,,,,,,,,,,,,,,,,,,,,,,,,,,
140.8505809159833,absorbing,,,,,,,R,40,37,133,143,283,268,551,7,3,159,0.03716425003949553,0.029665541020222008,0.06682979105971754,0.06774945900542662,14720,8952,64,16,False,False,False,False,8952,16,False,512,0.0006,,3312,0,total_elems,14720,8952,1,1,,,,0.0,,,,16,4,8952,684,158,40,,,,,,,,,,,,,,,,,,,,,,,,,,,,,,,,,,,,,,,,,,,,,,,,,,,,,,,,,,,,,,,,,,
140.94880991597893,absorbing,,,,,,,L,41,37,133,143,288,268,556,7,5,164,0.039699334010947496,0.025034249993041158,0.06473358400398865,0.06646850000834092,8484,11220,16,16,False,False,False,False,8484,16,False,512,0.0006,,3312,0,total_elems,8484,11220,1,1,,,,0.0,,,,16,4,8484,606,158,40,,,,,,,,,,,,,,,,,,,,,,,,,,,,,,,,,,,,,,,,,,,,,,,,,,,,,,,,,,,,,,,,,,
141.03975941601675,absorbing,,,,,,,L,42,37,133,143,290,268,558,9,2,166,0.03293333301553503,0.0267717499518767,0.05970508296741173,0.060264999978244305,9376,9588,16,16,False,False,False,False,9376,16,False,512,0.0006,,3312,0,total_elems,9376,9588,1,1,,,,0.0,,,,16,4,9376,634,158,40,,,,,,,,,,,,,,,,,,,,,,,,,,,,,,,,,,,,,,,,,,,,,,,,,,,,,,,,,,,,,,,,,,
141.1300431250129,absorbing,,,,,,,R,42,38,133,143,290,270,560,5,2,168,0.03182362503139302,0.02671433298382908,0.0585379580152221,0.059056708007119596,14020,9472,64,16,False,False,False,False,9472,16,False,512,0.0006,,3312,0,total_elems,14020,9472,1,1,,,,0.0,,,,16,4,9472,640,158,40,,,,,,,,,,,,,,,,,,,,,,,,,,,,,,,,,,,,,,,,,,,,,,,,,,,,,,,,,,,,,,,,,,
141.22799704101635,absorbing,,,,,,,R,42,39,133,143,290,273,563,6,3,171,0.034382375015411526,0.031636375002563,0.06601875001797453,0.06659045798005536,14044,9908,64,16,False,False,False,False,9908,16,False,512,0.0006,,3312,0,total_elems,14044,9908,1,1,,,,0.0,,,,16,4,9908,674,158,40,,,,,,,,,,,,,,,,,,,,,,,,,,,,,,,,,,,,,,,,,,,,,,,,,,,,,,,,,,,,,,,,,,
141.32885408296715,absorbing,,,,,,,R,42,40,133,143,290,276,566,7,3,174,0.03340629203012213,0.034337708028033376,0.0677440000581555,0.06829387496691197,14400,9168,64,16,False,False,False,False,9168,16,False,512,0.0006,,3312,0,total_elems,14400,9168,1,1,,,,0.0,,,,16,4,9168,666,158,40,,,,,,,,,,,,,,,,,,,,,,,,,,,,,,,,,,,,,,,,,,,,,,,,,,,,,,,,,,,,,,,,,,
141.42474749998655,absorbing,,,,,,,L,43,40,133,143,290,276,566,14,0,174,0.03333970799576491,0.03206116700312123,0.06540087499888614,0.06589854200137779,13552,16588,64,64,False,False,False,False,13552,64,False,512,0.0006,,3312,0,total_elems,13552,16588,1,1,,,,0.0,,,,64,4,13552,724,158,40,,,,,,,,,,,,,,,,,,,,,,,,,,,,,,,,,,,,,,,,,,,,,,,,,,,,,,,,,,,,,,,,,,
141.52828970795963,absorbing,,,,,,,L,44,40,133,143,293,276,569,11,3,177,0.042338875005953014,0.029671624943148345,0.07201049994910136,0.07248587504727766,13088,14348,64,64,False,False,False,False,13088,64,False,512,0.0006,,3312,0,total_elems,13088,14348,1,1,,,,0.0,,,,64,4,13088,686,158,40,,,,,,,,,,,,,,,,,,,,,,,,,,,,,,,,,,,,,,,,,,,,,,,,,,,,,,,,,,,,,,,,,,
141.6338330829749,absorbing,,,,,,,L,45,40,133,143,297,276,573,5,4,181,0.043868000037036836,0.029696542012970895,0.07356454205000773,0.0741053749807179,8488,14612,16,64,False,False,False,False,8488,16,False,512,0.0006,,3312,0,total_elems,8488,14612,1,1,,,,0.0,,,,16,4,8488,654,158,40,,,,,,,,,,,,,,,,,,,,,,,,,,,,,,,,,,,,,,,,,,,,,,,,,,,,,,,,,,,,,,,,,,
141.72037112497492,absorbing,,,,,,,R,45,41,133,143,297,277,574,8,1,182,0.02578924997942522,0.028336416988167912,0.05412566696759313,0.05465145903872326,9640,9520,16,16,False,False,False,False,9520,16,False,512,0.0006,,3312,0,total_elems,9640,9520,1,1,,,,0.0,,,,16,4,9520,642,158,40,,,,,,,,,,,,,,,,,,,,,,,,,,,,,,,,,,,,,,,,,,,,,,,,,,,,,,,,,,,,,,,,,,
141.80170837498736,absorbing,,,,,,,R,45,42,133,143,297,279,576,7,2,184,0.024077958019915968,0.02626687497831881,0.05034483299823478,0.05081233300734311,10600,9868,16,16,False,False,False,False,9868,16,False,512,0.0006,,3312,0,total_elems,10600,9868,1,1,,,,0.0,,,,16,4,9868,630,158,40,,,,,,,,,,,,,,,,,,,,,,,,,,,,,,,,,,,,,,,,,,,,,,,,,,,,,,,,,,,,,,,,,,
141.89397366601042,absorbing,,,,,,,L,46,42,133,143,298,279,577,7,1,185,0.027197499992325902,0.03400941705331206,0.061206917045637965,0.061717834032606333,9844,10020,16,16,False,False,False,False,9844,16,False,512,0.0006,,3312,0,total_elems,9844,10020,1,1,,,,0.0,,,,16,4,9844,624,158,40,,,,,,,,,,,,,,,,,,,,,,,,,,,,,,,,,,,,,,,,,,,,,,,,,,,,,,,,,,,,,,,,,,
142.0395331250038,absorbing,,,,,,,R,46,43,133,143,298,281,579,5,2,187,0.028930624946951866,0.08439337502932176,0.11332399997627363,0.11383812502026558,10872,9840,16,16,False,False,False,False,9840,16,False,512,0.0006,,3312,0,total_elems,10872,9840,1,1,,,,0.0,,,,16,4,9840,620,158,40,,,,,,,,,,,,,,,,,,,,,,,,,,,,,,,,,,,,,,,,,,,,,,,,,,,,,,,,,,,,,,,,,,
142.13806520798244,absorbing,,,,,,,L,47,43,133,143,300,281,581,6,2,189,0.031746875029057264,0.03425670799333602,0.06600358302239329,0.06652408296940848,10864,17412,16,64,False,False,False,False,10864,16,False,512,0.0006,,3312,0,total_elems,10864,17412,1,1,,,,0.0,,,,16,4,10864,654,158,40,,,,,,,,,,,,,,,,,,,,,,,,,,,,,,,,,,,,,,,,,,,,,,,,,,,,,,,,,,,,,,,,,,
142.23909225000534,absorbing,,,,,,,L,48,43,133,143,303,281,584,3,3,192,0.031957625003997236,0.03592599998228252,0.06788362498627976,0.06844154099235311,10984,18976,16,64,False,False,False,False,10984,16,False,512,0.0006,,3312,0,total_elems,10984,18976,1,1,,,,0.0,,,,16,4,10984,702,158,40,,,,,,,,,,,,,,,,,,,,,,,,,,,,,,,,,,,,,,,,,,,,,,,,,,,,,,,,,,,,,,,,,,
142.33182862499962,absorbing,,,,,,,L,49,43,133,143,304,281,585,7,1,193,0.02822354098316282,0.031040415982715786,0.059263956965878606,0.05977312498725951,10000,13468,16,16,False,False,False,False,10000,16,False,512,0.0006,,3312,0,total_elems,10000,13468,1,1,,,,0.0,,,,16,4,10000,672,158,40,,,,,,,,,,,,,,,,,,,,,,,,,,,,,,,,,,,,,,,,,,,,,,,,,,,,,,,,,,,,,,,,,,
142.42784700001357,absorbing,,,,,,,R,49,44,133,143,304,281,585,8,0,193,0.03550362499663606,0.029631792043801397,0.06513541704043746,0.0656984579982236,20200,12448,64,16,False,False,False,False,12448,16,False,512,0.0006,,3312,0,total_elems,20200,12448,1,1,,,,0.0,,,,16,4,12448,720,158,40,,,,,,,,,,,,,,,,,,,,,,,,,,,,,,,,,,,,,,,,,,,,,,,,,,,,,,,,,,,,,,,,,,
142.54214387497632,absorbing,,,,,,,R,49,45,133,143,304,283,587,5,2,195,0.04348483303328976,0.03873329202178866,0.08221812505507842,0.08273679198464379,26304,23560,64,64,False,False,False,False,23560,64,False,512,0.0006,,3312,0,total_elems,26304,23560,1,1,,,,0.0,,,,64,4,23560,876,158,40,,,,,,,,,,,,,,,,,,,,,,,,,,,,,,,,,,,,,,,,,,,,,,,,,,,,,,,,,,,,,,,,,,
142.65913799998816,absorbing,,,,,,,R,49,46,133,143,304,284,588,7,1,196,0.042779624985996634,0.0414245420251973,0.08420416701119393,0.0847391250426881,26736,23196,64,64,False,False,False,False,23196,64,False,512,0.0006,,3312,0,total_elems,26736,23196,1,1,,,,0.0,,,,64,4,23196,880,158,40,,,,,,,,,,,,,,,,,,,,,,,,,,,,,,,,,,,,,,,,,,,,,,,,,,,,,,,,,,,,,,,,,,
142.78155633300776,absorbing,,,,,,,R,49,47,133,143,304,287,591,5,3,199,0.047168291988782585,0.04215479199774563,0.08932308398652822,0.08985187503276393,24092,17028,64,64,False,False,False,False,17028,64,False,512,0.0006,,3312,0,total_elems,24092,17028,1,1,,,,0.0,,,,64,4,17028,778,158,40,,,,,,,,,,,,,,,,,,,,,,,,,,,,,,,,,,,,,,,,,,,,,,,,,,,,,,,,,,,,,,,,,,
142.90204308298416,absorbing,,,,,,,L,50,47,133,143,309,287,596,5,5,204,0.0416856249794364,0.0413220829796046,0.083007707959041,0.08353058301145211,17564,31260,64,64,False,False,False,False,17564,64,False,512,0.0006,,3312,0,total_elems,17564,31260,1,1,,,,0.0,,,,64,4,17564,788,158,40,,,,,,,,,,,,,,,,,,,,,,,,,,,,,,,,,,,,,,,,,,,,,,,,,,,,,,,,,,,,,,,,,,
143.01587958296295,absorbing,,,,,,,L,51,47,133,143,312,287,599,4,3,207,0.04661720898002386,0.03501374996267259,0.08163095894269645,0.08213187498040497,16024,18072,64,64,False,False,False,False,16024,64,False,512,0.0006,,3312,0,total_elems,16024,18072,1,1,,,,0.0,,,,64,4,16024,768,158,40,,,,,,,,,,,,,,,,,,,,,,,,,,,,,,,,,,,,,,,,,,,,,,,,,,,,,,,,,,,,,,,,,,
143.11659804097144,absorbing,,,,,,,L,52,47,133,143,314,287,601,5,2,209,0.03429316700203344,0.03420162503607571,0.06849479203810915,0.06979437498375773,10264,11412,16,32,False,False,False,False,10264,16,False,512,0.0006,,3312,0,total_elems,10264,11412,1,1,,,,0.0,,,,16,4,10264,696,158,40,,,,,,,,,,,,,,,,,,,,,,,,,,,,,,,,,,,,,,,,,,,,,,,,,,,,,,,,,,,,,,,,,,
143.21242954098852,absorbing,,,,,,,R,52,48,133,143,314,289,603,5,2,211,0.028332958987448364,0.0342849160078913,0.06261787499533966,0.06313729099929333,10324,9460,16,16,False,False,False,False,9460,16,False,512,0.0006,,3312,0,total_elems,10324,9460,1,1,,,,0.0,,,,16,4,9460,684,158,40,,,,,,,,,,,,,,,,,,,,,,,,,,,,,,,,,,,,,,,,,,,,,,,,,,,,,,,,,,,,,,,,,,
143.30257687496487,absorbing,,,,,,,R,52,49,133,143,314,290,604,4,1,212,0.028010624984744936,0.02976804197533056,0.0577786669600755,0.05834524997044355,8884,8404,16,16,False,False,False,False,8404,16,False,512,0.0006,,3312,0,total_elems,8884,8404,1,1,,,,0.0,,,,16,4,8404,654,158,40,,,,,,,,,,,,,,,,,,,,,,,,,,,,,,,,,,,,,,,,,,,,,,,,,,,,,,,,,,,,,,,,,,
143.39101795799797,absorbing,,,,,,,R,52,50,133,143,314,291,605,6,1,213,0.028729457990266383,0.02726366597926244,0.055993123969528824,0.05649716698098928,7828,7156,16,16,False,False,False,False,7156,16,False,512,0.0006,,3312,0,total_elems,7828,7156,1,1,,,,0.0,,,,16,4,7156,612,158,40,,,,,,,,,,,,,,,,,,,,,,,,,,,,,,,,,,,,,,,,,,,,,,,,,,,,,,,,,,,,,,,,,,
143.47837720799726,absorbing,,,,,,,L,53,50,133,143,315,291,606,7,1,214,0.02766658301698044,0.025975917000323534,0.05364250001730397,0.054157542006578296,7540,7980,16,16,False,False,False,False,7540,16,False,512,0.0006,,3312,0,total_elems,7540,7980,1,1,,,,0.0,,,,16,4,7540,636,158,40,,,,,,,,,,,,,,,,,,,,,,,,,,,,,,,,,,,,,,,,,,,,,,,,,,,,,,,,,,,,,,,,,,
143.57108141598292,absorbing,,,,,,,R,53,51,133,143,315,293,608,2,2,216,0.032185417017899454,0.026974957960192114,0.05916037497809157,0.059685915999580175,10420,8364,16,16,False,False,False,False,8364,16,False,512,0.0006,,3312,0,total_elems,10420,8364,1,1,,,,0.0,,,,16,4,8364,650,158,40,,,,,,,,,,,,,,,,,,,,,,,,,,,,,,,,,,,,,,,,,,,,,,,,,,,,,,,,,,,,,,,,,,
143.6681656250148,absorbing,,,,,,,R,53,52,133,143,315,296,611,2,3,219,0.031384582980535924,0.03181374998530373,0.06319833296583965,0.06376849999651313,10284,9360,16,16,False,False,False,False,9360,16,False,512,0.0006,,3312,0,total_elems,10284,9360,1,1,,,,0.0,,,,16,4,9360,680,158,40,,,,,,,,,,,,,,,,,,,,,,,,,,,,,,,,,,,,,,,,,,,,,,,,,,,,,,,,,,,,,,,,,,
143.76559787499718,absorbing,,,,,,,L,54,52,133,143,316,296,612,7,1,220,0.03330737497890368,0.030341624980792403,0.06364899995969608,0.06491954199736938,11856,15096,16,64,False,False,False,False,11856,16,False,512,0.0006,,3312,0,total_elems,11856,15096,1,1,,,,0.0,,,,16,4,11856,728,158,40,,,,,,,,,,,,,,,,,,,,,,,,,,,,,,,,,,,,,,,,,,,,,,,,,,,,,,,,,,,,,,,,,,
143.8659964579856,absorbing,,,,,,,R,54,53,133,143,316,297,613,5,1,221,0.03819262498291209,0.029385667003225535,0.06757829198613763,0.06809245800832286,29424,11448,64,16,False,False,False,False,11448,16,False,512,0.0006,,3312,0,total_elems,29424,11448,1,1,,,,0.0,,,,16,4,11448,700,158,40,,,,,,,,,,,,,,,,,,,,,,,,,,,,,,,,,,,,,,,,,,,,,,,,,,,,,,,,,,,,,,,,,,
143.96569512499264,absorbing,,,,,,,R,54,54,133,143,316,298,614,6,1,222,0.037456125020980835,0.029596916981972754,0.06705304200295359,0.06764945900067687,29016,12816,64,16,False,False,False,False,12816,16,False,512,0.0006,,3312,0,total_elems,29016,12816,1,1,,,,0.0,,,,16,4,12816,752,158,40,,,,,,,,,,,,,,,,,,,,,,,,,,,,,,,,,,,,,,,,,,,,,,,,,,,,,,,,,,,,,,,,,,
144.07023449998815,absorbing,,,,,,,R,54,55,133,143,316,299,615,8,1,223,0.038581583998166025,0.03361633303575218,0.0721979170339182,0.07270429201889783,23820,20616,64,64,False,False,False,False,20616,64,False,512,0.0006,,3312,0,total_elems,23820,20616,1,1,,,,0.0,,,,64,4,20616,920,158,40,,,,,,,,,,,,,,,,,,,,,,,,,,,,,,,,,,,,,,,,,,,,,,,,,,,,,,,,,,,,,,,,,,
144.19420241599437,absorbing,,,,,,,R,54,56,133,143,316,301,617,4,2,225,0.048256499983835965,0.043542624975088984,0.09179912495892495,0.0923066670075059,39624,26760,64,64,False,False,False,False,26760,64,False,512,0.0006,,3312,0,total_elems,39624,26760,1,1,,,,0.0,,,,64,4,26760,1040,158,40,,,,,,,,,,,,,,,,,,,,,,,,,,,,,,,,,,,,,,,,,,,,,,,,,,,,,,,,,,,,,,,,,,
144.31196258298587,absorbing,,,,,,,R,54,57,133,143,316,302,618,5,1,226,0.0503541249781847,0.03396683296887204,0.08432095794705674,0.08483374997740611,41160,27336,64,64,False,False,False,False,27336,64,False,512,0.0006,,3312,0,total_elems,41160,27336,1,1,,,,0.0,,,,64,4,27336,1040,158,40,,,,,,,,,,,,,,,,,,,,,,,,,,,,,,,,,,,,,,,,,,,,,,,,,,,,,,,,,,,,,,,,,,
144.43856616597623,absorbing,,,,,,,L,55,57,133,143,316,302,618,7,0,226,0.04957741702673957,0.04387933301040903,0.0934567500371486,0.09396370803005993,41736,44004,64,64,False,False,False,False,41736,64,False,512,0.0006,,3312,0,total_elems,41736,44004,1,1,,,,0.0,,,,64,4,41736,1112,158,40,,,,,,,,,,,,,,,,,,,,,,,,,,,,,,,,,,,,,,,,,,,,,,,,,,,,,,,,,,,,,,,,,,
144.5760616660118,absorbing,,,,,,,L,56,57,133,143,316,302,618,9,0,226,0.04882224998436868,0.053955540992319584,0.10277779097668827,0.10400045802816749,40296,58980,64,64,False,False,False,False,40296,64,False,512,0.0006,,3312,0,total_elems,40296,58980,1,1,,,,0.0,,,,64,4,40296,1094,158,40,,,,,,,,,,,,,,,,,,,,,,,,,,,,,,,,,,,,,,,,,,,,,,,,,,,,,,,,,,,,,,,,,,
144.74382958299248,absorbing,,,,,,,L,57,57,133,143,318,302,620,5,2,228,0.07782079104799777,0.05552129202987999,0.13334208307787776,0.13387058401713148,31464,57540,64,64,False,False,False,False,31464,64,False,512,0.0006,,3312,0,total_elems,31464,57540,1,1,,,,0.0,,,,64,4,31464,1082,158,40,,,,,,,,,,,,,,,,,,,,,,,,,,,,,,,,,,,,,,,,,,,,,,,,,,,,,,,,,,,,,,,,,,
144.88036979100434,absorbing,,,,,,,L,58,57,133,143,320,302,622,5,2,230,0.04649083298863843,0.05514274997403845,0.10163358296267688,0.10286641598213464,32232,57060,64,64,False,False,False,False,32232,64,False,512,0.0006,,3312,0,total_elems,32232,57060,1,1,,,,0.0,,,,64,4,32232,1096,158,40,,,,,,,,,,,,,,,,,,,,,,,,,,,,,,,,,,,,,,,,,,,,,,,,,,,,,,,,,,,,,,,,,,
145.01631095801713,absorbing,,,,,,,L,59,57,133,143,322,302,624,4,2,232,0.045139082998503,0.05600670794956386,0.10114579094806686,0.10246475000167266,25932,58116,64,64,False,False,False,False,25932,64,False,512,0.0006,,3312,0,total_elems,25932,58116,1,1,,,,0.0,,,,64,4,25932,988,158,40,,,,,,,,,,,,,,,,,,,,,,,,,,,,,,,,,,,,,,,,,,,,,,,,,,,,,,,,,,,,,,,,,,
145.13816124998266,absorbing,,,,,,,L,60,57,133,143,324,302,626,6,2,234,0.03609274997143075,0.05119395797373727,0.08728670794516802,0.08780995797133073,20524,51756,64,64,False,False,False,False,20524,64,False,512,0.0006,,3312,0,total_elems,20524,51756,1,1,,,,0.0,,,,64,4,20524,912,158,40,,,,,,,,,,,,,,,,,,,,,,,,,,,,,,,,,,,,,,,,,,,,,,,,,,,,,,,,,,,,,,,,,,
145.2617738749832,absorbing,,,,,,,L,61,57,133,143,327,302,629,4,3,237,0.048464874969795346,0.042241792019922286,0.09070666698971763,0.09121041704202071,35556,36268,64,64,False,False,False,False,35556,64,False,512,0.0006,,3312,0,total_elems,35556,36268,1,1,,,,0.0,,,,64,4,35556,986,158,40,,,,,,,,,,,,,,,,,,,,,,,,,,,,,,,,,,,,,,,,,,,,,,,,,,,,,,,,,,,,,,,,,,
145.40949345799163,absorbing,,,,,,,R,61,58,133,143,327,304,631,5,2,239,0.06546070799231529,0.04862049996154383,0.11408120795385912,0.11459925002418458,36480,35400,64,64,False,False,False,False,35400,64,False,512,0.0006,,3312,0,total_elems,36480,35400,1,1,,,,0.0,,,,64,4,35400,998,158,40,,,,,,,,,,,,,,,,,,,,,,,,,,,,,,,,,,,,,,,,,,,,,,,,,,,,,,,,,,,,,,,,,,
145.56505274999654,absorbing,,,,,,,R,61,59,133,143,327,304,631,5,0,239,0.06341458298265934,0.05807087500579655,0.12148545798845589,0.1220122089725919,36036,35376,64,64,False,False,False,False,35376,64,False,512,0.0006,,3312,0,total_elems,36036,35376,1,1,,,,0.0,,,,64,4,35376,994,158,40,,,,,,,,,,,,,,,,,,,,,,,,,,,,,,,,,,,,,,,,,,,,,,,,,,,,,,,,,,,,,,,,,,
145.70295879099285,absorbing,,,,,,,L,62,59,133,143,328,304,632,5,1,240,0.05582187499385327,0.04829295794479549,0.10411483293864876,0.1046864579548128,20076,20436,64,64,False,False,False,False,20076,64,False,512,0.0006,,3312,0,total_elems,20076,20436,1,1,,,,0.0,,,,64,4,20076,904,158,40,,,,,,,,,,,,,,,,,,,,,,,,,,,,,,,,,,,,,,,,,,,,,,,,,,,,,,,,,,,,,,,,,,
145.8127085409942,absorbing,,,,,,,R,62,60,133,143,328,305,633,4,1,241,0.03997220902238041,0.03531725000357255,0.07528945902595297,0.076490624982398,26940,13584,64,16,False,False,False,False,13584,16,False,512,0.0006,,3312,0,total_elems,26940,13584,1,1,,,,0.0,,,,16,4,13584,790,158,40,,,,,,,,,,,,,,,,,,,,,,,,,,,,,,,,,,,,,,,,,,,,,,,,,,,,,,,,,,,,,,,,,,
145.91334820800694,absorbing,,,,,,,L,63,60,133,143,328,305,633,8,0,241,0.03191033302573487,0.034463000018149614,0.06637333304388449,0.06689770898083225,14016,18240,16,64,False,False,False,False,14016,16,False,512,0.0006,,3312,0,total_elems,14016,18240,1,1,,,,0.0,,,,16,4,14016,808,158,40,,,,,,,,,,,,,,,,,,,,,,,,,,,,,,,,,,,,,,,,,,,,,,,,,,,,,,,,,,,,,,,,,,
146.01484224997694,absorbing,,,,,,,R,63,61,133,143,328,307,635,3,2,243,0.03658724995329976,0.03027129202382639,0.06685854197712615,0.06741879199398682,21736,18000,64,64,False,False,False,False,18000,64,False,512,0.0006,,3312,0,total_elems,21736,18000,1,1,,,,0.0,,,,64,4,18000,860,158,40,,,,,,,,,,,,,,,,,,,,,,,,,,,,,,,,,,,,,,,,,,,,,,,,,,,,,,,,,,,,,,,,,,
146.1355974159669,absorbing,,,,,,,L,64,61,133,143,330,307,637,5,2,245,0.03820495796389878,0.04713404196081683,0.08533899992471561,0.08585404098266736,19304,48240,64,64,False,False,False,False,19304,64,False,512,0.0006,,3312,0,total_elems,19304,48240,1,1,,,,0.0,,,,64,4,19304,898,158,40,,,,,,,,,,,,,,,,,,,,,,,,,,,,,,,,,,,,,,,,,,,,,,,,,,,,,,,,,,,,,,,,,,
146.25741824996658,absorbing,,,,,,,L,65,61,133,143,332,307,639,5,2,247,0.04324458399787545,0.045291375019587576,0.08853595901746303,0.08911870903102681,19884,40328,64,64,False,False,False,False,19884,64,False,512,0.0006,,3312,0,total_elems,19884,40328,1,1,,,,0.0,,,,64,4,19884,936,158,40,,,,,,,,,,,,,,,,,,,,,,,,,,,,,,,,,,,,,,,,,,,,,,,,,,,,,,,,,,,,,,,,,,
146.37658812501468,absorbing,,,,,,,L,66,61,133,143,335,307,642,5,3,250,0.04068654199363664,0.042623332992661744,0.08330987498629838,0.0843512499704957,21896,34660,64,64,False,False,False,False,21896,64,False,512,0.0006,,3312,0,total_elems,21896,34660,1,1,,,,0.0,,,,64,4,21896,982,158,40,,,,,,,,,,,,,,,,,,,,,,,,,,,,,,,,,,,,,,,,,,,,,,,,,,,,,,,,,,,,,,,,,,
146.50779045798117,absorbing,,,,,,,L,67,61,133,143,338,307,645,5,3,253,0.050718125014100224,0.04609304101904854,0.09681116603314877,0.09734470798866823,30276,35652,64,64,False,False,False,False,30276,64,False,512,0.0006,,3312,0,total_elems,30276,35652,1,1,,,,0.0,,,,64,4,30276,1118,158,40,,,,,,,,,,,,,,,,,,,,,,,,,,,,,,,,,,,,,,,,,,,,,,,,,,,,,,,,,,,,,,,,,,
146.64674329099944,absorbing,,,,,,,R,67,62,133,143,338,308,646,3,1,254,0.05123195797204971,0.05330233299173415,0.10453429096378386,0.10505683301016688,49032,43716,64,64,False,False,False,False,43716,64,False,512,0.0006,,3312,0,total_elems,49032,43716,1,1,,,,0.0,,,,64,4,43716,1166,158,40,,,,,,,,,,,,,,,,,,,,,,,,,,,,,,,,,,,,,,,,,,,,,,,,,,,,,,,,,,,,,,,,,,
146.79707129101735,absorbing,,,,,,,R,67,63,133,143,338,310,648,2,2,256,0.06191749998833984,0.053253124991897494,0.11517062498023733,0.11569191695889458,61896,42372,64,64,False,False,False,False,42372,64,False,512,0.0006,,3312,0,total_elems,61896,42372,1,1,,,,0.0,,,,64,4,42372,1118,158,40,,,,,,,,,,,,,,,,,,,,,,,,,,,,,,,,,,,,,,,,,,,,,,,,,,,,,,,,,,,,,,,,,,
147.00076833297499,absorbing,,,,,,,R,67,64,133,143,338,310,648,5,0,256,0.057967707980424166,0.10932737501570955,0.16729508299613371,0.16786283295368776,59976,26436,64,64,False,False,False,False,26436,64,False,512,0.0006,,3312,0,total_elems,59976,26436,1,1,,,,0.0,,,,64,4,26436,1022,158,40,,,,,,,,,,,,,,,,,,,,,,,,,,,,,,,,,,,,,,,,,,,,,,,,,,,,,,,,,,,,,,,,,,
147.1246421659598,absorbing,,,,,,,R,67,65,133,143,338,312,650,4,2,258,0.04946370801189914,0.04074741597287357,0.09021112398477271,0.09078295802464709,43656,24324,64,64,False,False,False,False,24324,64,False,512,0.0006,,3312,0,total_elems,43656,24324,1,1,,,,0.0,,,,64,4,24324,998,158,40,,,,,,,,,,,,,,,,,,,,,,,,,,,,,,,,,,,,,,,,,,,,,,,,,,,,,,,,,,,,,,,,,,
147.24963891599327,absorbing,,,,,,,R,67,66,133,143,338,314,652,1,2,260,0.05081612500362098,0.039281208999454975,0.09009733400307596,0.09067079197848216,41160,23748,64,64,False,False,False,False,23748,64,False,512,0.0006,,3312,0,total_elems,41160,23748,1,1,,,,0.0,,,,64,4,23748,998,158,40,,,,,,,,,,,,,,,,,,,,,,,,,,,,,,,,,,,,,,,,,,,,,,,,,,,,,,,,,,,,,,,,,,
147.36247491597896,absorbing,,,,,,,R,67,67,133,143,338,315,653,4,1,261,0.04226429195841774,0.03598616598173976,0.0782504579401575,0.07963058399036527,40584,18564,64,64,False,False,False,False,18564,64,False,512,0.0006,,3312,0,total_elems,40584,18564,1,1,,,,0.0,,,,64,4,18564,926,158,40,,,,,,,,,,,,,,,,,,,,,,,,,,,,,,,,,,,,,,,,,,,,,,,,,,,,,,,,,,,,,,,,,,
147.4824511659681,absorbing,,,,,,,R,67,68,133,143,338,317,655,3,2,263,0.04438141704304144,0.04075716598890722,0.08513858303194866,0.08565541700227186,35400,17348,64,64,False,False,False,False,17348,64,False,512,0.0006,,3312,0,total_elems,35400,17348,1,1,,,,0.0,,,,64,4,17348,910,158,40,,,,,,,,,,,,,,,,,,,,,,,,,,,,,,,,,,,,,,,,,,,,,,,,,,,,,,,,,,,,,,,,,,
147.59044079098385,absorbing,,,,,,,R,67,69,133,143,338,317,655,5,0,263,0.04197874997043982,0.029660124971996993,0.07163887494243681,0.07219541596714407,34184,11716,64,16,False,False,False,False,11716,16,False,512,0.0006,,3312,0,total_elems,34184,11716,1,1,,,,0.0,,,,16,4,11716,806,158,40,,,,,,,,,,,,,,,,,,,,,,,,,,,,,,,,,,,,,,,,,,,,,,,,,,,,,,,,,,,,,,,,,,
147.69108641601633,absorbing,,,,,,,R,67,70,133,143,338,320,658,4,3,266,0.03204987500794232,0.03384195803664625,0.06589183304458857,0.06641525001032278,19336,10372,64,16,False,False,False,False,10372,16,False,512,0.0006,,3312,0,total_elems,19336,10372,1,1,,,,0.0,,,,16,4,10372,774,158,40,,,,,,,,,,,,,,,,,,,,,,,,,,,,,,,,,,,,,,,,,,,,,,,,,,,,,,,,,,,,,,,,,,
147.7851262500044,absorbing,,,,,,,R,67,71,133,143,338,322,660,5,2,268,0.029078249994199723,0.02943441696697846,0.058512666961178184,0.05992775002960116,12808,12548,16,29,False,False,False,False,12548,29,False,512,0.0006,,3312,0,total_elems,12808,12548,1,1,,,,0.0,,,,29,4,12548,816,158,40,,,,,,,,,,,,,,,,,,,,,,,,,,,,,,,,,,,,,,,,,,,,,,,,,,,,,,,,,,,,,,,,,,
147.88269929098897,absorbing,,,,,,,L,68,71,133,143,340,322,662,7,2,270,0.02866529201855883,0.033592874999158084,0.062258167017716914,0.06279920798260719,14792,17700,26,63,False,False,False,False,14792,26,False,512,0.0006,,3312,0,total_elems,14792,17700,1,1,,,,0.0,,,,26,4,14792,852,158,40,,,,,,,,,,,,,,,,,,,,,,,,,,,,,,,,,,,,,,,,,,,,,,,,,,,,,,,,,,,,,,,,,,
147.98505408299388,absorbing,,,,,,,L,69,71,133,143,342,322,664,5,2,272,0.028955458023119718,0.03730879200156778,0.0662642500246875,0.06679204199463129,14984,19944,17,63,False,False,False,False,14984,17,False,512,0.0006,,3312,0,total_elems,14984,19944,1,1,,,,0.0,,,,17,4,14984,838,158,40,,,,,,,,,,,,,,,,,,,,,,,,,,,,,,,,,,,,,,,,,,,,,,,,,,,,,,,,,,,,,,,,,,
148.08794395800214,absorbing,,,,,,,L,70,71,133,143,345,322,667,2,3,275,0.03217549994587898,0.035729958035517484,0.06790545798139647,0.06840170797659084,16136,19880,16,63,False,False,False,False,16136,16,False,512,0.0006,,3312,0,total_elems,16136,19880,1,1,,,,0.0,,,,16,4,16136,876,158,40,,,,,,,,,,,,,,,,,,,,,,,,,,,,,,,,,,,,,,,,,,,,,,,,,,,,,,,,,,,,,,,,,,
148.18368316598935,absorbing,,,,,,,L,71,71,133,143,347,322,669,4,2,277,0.028441041009500623,0.03318554098950699,0.06162658199900761,0.062153208011295646,20420,21480,32,63,False,False,False,False,20420,32,False,512,0.0006,,3312,0,total_elems,20420,21480,1,1,,,,0.0,,,,32,4,20420,978,158,40,,,,,,,,,,,,,,,,,,,,,,,,,,,,,,,,,,,,,,,,,,,,,,,,,,,,,,,,,,,,,,,,,,
148.29934387496905,absorbing,,,,,,,L,72,71,133,143,350,322,672,4,3,280,0.041121084010228515,0.0385646250215359,0.07968570903176442,0.08093704201746732,24644,25764,32,63,False,False,False,False,24644,32,False,512,0.0006,,3312,0,total_elems,24644,25764,1,1,,,,0.0,,,,32,4,24644,1002,158,40,,,,,,,,,,,,,,,,,,,,,,,,,,,,,,,,,,,,,,,,,,,,,,,,,,,,,,,,,,,,,,,,,,
148.4315187910106,absorbing,,,,,,,R,72,72,133,143,350,323,673,4,1,281,0.05789520899998024,0.037677207961678505,0.09557241696165875,0.09679408394731581,53548,29412,63,63,False,False,False,False,29412,63,False,512,0.0006,,3312,0,total_elems,53548,29412,1,1,,,,0.0,,,,63,4,29412,1090,158,40,,,,,,,,,,,,,,,,,,,,,,,,,,,,,,,,,,,,,,,,,,,,,,,,,,,,,,,,,,,,,,,,,,
148.56747991597513,absorbing,,,,,,,R,72,73,133,143,350,323,673,5,0,281,0.05705141701037064,0.043165915994904935,0.10021733300527558,0.10140416695503518,53212,29028,62,62,False,False,False,False,29028,62,False,512,0.0006,,3312,0,total_elems,53212,29028,1,1,,,,0.0,,,,62,4,29028,1072,158,40,,,,,,,,,,,,,,,,,,,,,,,,,,,,,,,,,,,,,,,,,,,,,,,,,,,,,,,,,,,,,,,,,,
148.70852358301636,absorbing,,,,,,,R,72,74,133,143,350,323,673,6,0,281,0.055557957966811955,0.04954216699115932,0.10510012495797127,0.10561508301179856,52648,23948,62,62,False,False,False,False,23948,62,False,512,0.0006,,3312,0,total_elems,52648,23948,1,1,,,,0.0,,,,62,4,23948,1022,158,40,,,,,,,,,,,,,,,,,,,,,,,,,,,,,,,,,,,,,,,,,,,,,,,,,,,,,,,,,,,,,,,,,,
148.8274396249908,absorbing,,,,,,,R,72,75,133,143,350,324,674,4,1,282,0.03860899998107925,0.04450550000183284,0.0831144999829121,0.08429029199760407,33892,31632,61,57,False,False,False,False,31632,57,False,512,0.0006,,3312,0,total_elems,33892,31632,1,1,,,,0.0,,,,57,4,31632,1024,158,40,,,,,,,,,,,,,,,,,,,,,,,,,,,,,,,,,,,,,,,,,,,,,,,,,,,,,,,,,,,,,,,,,,
148.95221070799744,absorbing,,,,,,,R,72,76,133,143,350,326,676,0,2,284,0.04580324998823926,0.043252874980680645,0.0890561249689199,0.0895748749608174,34648,25180,51,51,False,False,False,False,25180,51,False,512,0.0006,,3312,0,total_elems,34648,25180,1,1,,,,0.0,,,,51,4,25180,948,158,40,,,,,,,,,,,,,,,,,,,,,,,,,,,,,,,,,,,,,,,,,,,,,,,,,,,,,,,,,,,,,,,,,,
149.07652566599427,absorbing,,,,,,,R,72,77,133,143,350,326,676,3,0,284,0.04005624999990687,0.04732833302114159,0.08738458302104846,0.08790574996965006,31616,27436,47,64,False,False,False,False,27436,64,False,512,0.0006,,3312,0,total_elems,31616,27436,1,1,,,,0.0,,,,64,4,27436,940,158,40,,,,,,,,,,,,,,,,,,,,,,,,,,,,,,,,,,,,,,,,,,,,,,,,,,,,,,,,,,,,,,,,,,
149.19265529100085,absorbing,,,,,,,R,72,78,133,143,350,326,676,3,0,284,0.04037587501807138,0.04053874994860962,0.080914624966681,0.08145004196558148,34808,27132,64,64,False,False,False,False,27132,64,False,512,0.0006,,3312,0,total_elems,34808,27132,1,1,,,,0.0,,,,64,4,27132,938,158,40,,,,,,,,,,,,,,,,,,,,,,,,,,,,,,,,,,,,,,,,,,,,,,,,,,,,,,,,,,,,,,,,,,
149.30874737497652,absorbing,,,,,,,R,72,79,133,143,350,326,676,4,0,284,0.044475500006228685,0.03650170797482133,0.08097720798105001,0.08149687497643754,33856,26528,64,64,False,False,False,False,26528,64,False,512,0.0006,,3312,0,total_elems,33856,26528,1,1,,,,0.0,,,,64,4,26528,930,158,40,,,,,,,,,,,,,,,,,,,,,,,,,,,,,,,,,,,,,,,,,,,,,,,,,,,,,,,,,,,,,,,,,,
149.42309808300342,absorbing,,,,,,,R,72,80,133,143,350,327,677,4,1,285,0.04103800002485514,0.035761790990363806,0.07679979101521894,0.07734491600422189,32916,26844,64,64,False,False,False,False,26844,64,False,512,0.0006,,3312,0,total_elems,32916,26844,1,1,,,,0.0,,,,64,4,26844,946,158,40,,,,,,,,,,,,,,,,,,,,,,,,,,,,,,,,,,,,,,,,,,,,,,,,,,,,,,,,,,,,,,,,,,
149.54516074998537,absorbing,,,,,,,R,72,81,133,143,350,330,680,2,3,288,0.04397225001594052,0.042529750033281744,0.08650200004922226,0.08704800001578405,31632,28816,64,64,False,False,False,False,28816,64,False,512,0.0006,,3312,0,total_elems,31632,28816,1,1,,,,0.0,,,,64,4,28816,976,158,40,,,,,,,,,,,,,,,,,,,,,,,,,,,,,,,,,,,,,,,,,,,,,,,,,,,,,,,,,,,,,,,,,,
149.6722203749814,absorbing,,,,,,,L,73,81,133,143,354,330,684,3,4,292,0.04518041602568701,0.04549024999141693,0.09067066601710394,0.0912019590032287,25812,30052,64,64,False,False,False,False,25812,64,False,512,0.0006,,3312,0,total_elems,25812,30052,1,1,,,,0.0,,,,64,4,25812,936,158,40,,,,,,,,,,,,,,,,,,,,,,,,,,,,,,,,,,,,,,,,,,,,,,,,,,,,,,,,,,,,,,,,,,
149.78258150001056,absorbing,,,,,,,R,73,82,133,143,354,332,686,3,2,294,0.03621562500484288,0.037447125010658056,0.07366275001550093,0.07416974997613579,23084,22672,64,64,False,False,False,False,22672,64,False,512,0.0006,,3312,0,total_elems,23084,22672,1,1,,,,0.0,,,,64,4,22672,904,158,40,,,,,,,,,,,,,,,,,,,,,,,,,,,,,,,,,,,,,,,,,,,,,,,,,,,,,,,,,,,,,,,,,,
149.885953332996,absorbing,,,,,,,L,74,82,133,143,356,332,688,2,2,296,0.0337012080126442,0.035488749970681965,0.06918995798332617,0.06973245897097513,22704,25356,64,64,False,False,False,False,22704,64,False,512,0.0006,,3312,0,total_elems,22704,25356,1,1,,,,0.0,,,,64,4,22704,918,158,40,,,,,,,,,,,,,,,,,,,,,,,,,,,,,,,,,,,,,,,,,,,,,,,,,,,,,,,,,,,,,,,,,,
150.0064857910038,absorbing,,,,,,,L,75,82,133,143,359,332,691,2,3,299,0.044581249996554106,0.039717334031593055,0.08429858402814716,0.08485975000075996,21424,25672,64,64,False,False,False,False,21424,64,False,512,0.0006,,3312,0,total_elems,21424,25672,1,1,,,,0.0,,,,64,4,21424,882,158,40,,,,,,,,,,,,,,,,,,,,,,,,,,,,,,,,,,,,,,,,,,,,,,,,,,,,,,,,,,,,,,,,,,
150.11522145796334,absorbing,,,,,,,R,75,83,133,143,359,333,692,5,1,300,0.03376829205080867,0.037883208016864955,0.07165150006767362,0.07280666695442051,23696,21512,64,64,False,False,False,False,21512,64,False,512,0.0006,,3312,0,total_elems,23696,21512,1,1,,,,0.0,,,,64,4,21512,890,158,40,,,,,,,,,,,,,,,,,,,,,,,,,,,,,,,,,,,,,,,,,,,,,,,,,,,,,,,,,,,,,,,,,,
150.22839366598055,absorbing,,,,,,,L,76,83,133,143,361,333,694,4,2,302,0.0361823330167681,0.03970020799897611,0.07588254101574421,0.07642729196231812,23336,35168,64,64,False,False,False,False,23336,64,False,512,0.0006,,3312,0,total_elems,23336,35168,1,1,,,,0.0,,,,64,4,23336,968,158,40,,,,,,,,,,,,,,,,,,,,,,,,,,,,,,,,,,,,,,,,,,,,,,,,,,,,,,,,,,,,,,,,,,
150.36566116596805,absorbing,,,,,,,R,76,84,133,143,361,334,695,7,1,303,0.05945716699352488,0.04185291595058516,0.10131008294411004,0.1018219169927761,54036,38336,81,64,False,False,False,False,38336,64,False,512,0.0006,,3312,0,total_elems,54036,38336,1,1,,,,0.0,,,,64,4,38336,1166,158,40,,,,,,,,,,,,,,,,,,,,,,,,,,,,,,,,,,,,,,,,,,,,,,,,,,,,,,,,,,,,,,,,,,
150.590890707972,absorbing,,,,,,,L,77,84,133,143,364,334,698,2,3,306,0.10233625001274049,0.08667591703124344,0.18901216704398394,0.18952758295927197,93880,95664,77,128,False,False,False,False,93880,77,False,512,0.0006,,3312,0,total_elems,93880,95664,1,1,,,,0.0,,,,77,4,93880,1560,158,40,,,,,,,,,,,,,,,,,,,,,,,,,,,,,,,,,,,,,,,,,,,,,,,,,,,,,,,,,,,,,,,,,,
150.89713162498083,absorbing,,,,,,,L,78,84,133,143,365,334,699,5,1,307,0.10788429097738117,0.15854400000534952,0.2664282909827307,0.26839645800646394,133640,180664,128,166,False,False,False,False,133640,128,False,512,0.0006,,3312,0,total_elems,133640,180664,1,1,,,,0.0,,,,128,4,133640,1758,158,40,,,,,,,,,,,,,,,,,,,,,,,,,,,,,,,,,,,,,,,,,,,,,,,,,,,,,,,,,,,,,,,,,,
151.33409362501698,absorbing,,,,,,,R,78,85,133,143,365,338,703,4,4,311,0.22397958301007748,0.17424779100110754,0.398227374011185,0.40128799999365583,230412,149504,199,150,False,False,False,False,149504,150,False,512,0.0006,,3312,0,total_elems,230412,149504,1,1,,,,0.0,,,,150,4,149504,1906,158,40,,,,,,,,,,,,,,,,,,,,,,,,,,,,,,,,,,,,,,,,,,,,,,,,,,,,,,,,,,,,,,,,,,
151.7273645409732,absorbing,,,,,,,R,78,86,133,143,365,342,707,4,4,315,0.17168837500503287,0.1841342500410974,0.35582262504613027,0.3565204999758862,148320,112296,128,128,False,False,False,False,112296,128,False,512,0.0006,,3312,0,total_elems,148320,112296,1,1,,,,0.0,,,,128,4,112296,1784,158,40,,,,,,,,,,,,,,,,,,,,,,,,,,,,,,,,,,,,,,,,,,,,,,,,,,,,,,,,,,,,,,,,,,
151.99561787501443,absorbing,,,,,,,L,79,86,133,143,366,342,708,3,1,316,0.13328754098620266,0.09716654202202335,0.230454083008226,0.2310702910181135,110128,138028,128,128,False,False,False,False,110128,128,False,512,0.0006,,3312,0,total_elems,110128,138028,1,1,,,,0.0,,,,128,4,110128,1748,158,40,,,,,,,,,,,,,,,,,,,,,,,,,,,,,,,,,,,,,,,,,,,,,,,,,,,,,,,,,,,,,,,,,,
152.22062849998474,absorbing,,,,,,,L,80,86,133,143,366,342,708,5,0,316,0.08637870795791969,0.100807957991492,0.1871866659494117,0.1891590419691056,109328,131368,128,128,False,False,False,False,109328,128,False,512,0.0006,,3312,0,total_elems,109328,131368,1,1,,,,0.0,,,,128,4,109328,1738,158,40,,,,,,,,,,,,,,,,,,,,,,,,,,,,,,,,,,,,,,,,,,,,,,,,,,,,,,,,,,,,,,,,,,
152.48629649996292,absorbing,,,,,,,R,80,87,133,143,366,344,710,4,2,318,0.13594191597076133,0.09158366697374731,0.22752558294450864,0.22945174999767914,203120,124296,128,128,False,False,False,False,124296,128,False,512,0.0006,,3312,0,total_elems,203120,124296,1,1,,,,0.0,,,,128,4,124296,1936,158,40,,,,,,,,,,,,,,,,,,,,,,,,,,,,,,,,,,,,,,,,,,,,,,,,,,,,,,,,,,,,,,,,,,
152.76788712496636,absorbing,,,,,,,R,80,88,133,143,366,345,711,3,1,319,0.1517047089873813,0.09328333399025723,0.24498804297763854,0.24634570896159858,228596,130284,128,128,False,False,False,False,130284,128,False,512,0.0006,,3312,0,total_elems,228596,130284,1,1,,,,0.0,,,,128,4,130284,2002,158,40,,,,,,,,,,,,,,,,,,,,,,,,,,,,,,,,,,,,,,,,,,,,,,,,,,,,,,,,,,,,,,,,,,
153.08412820799276,absorbing,,,,,,,R,80,89,133,143,366,346,712,5,1,320,0.1600786669878289,0.11825016705552116,0.27832883404335007,0.2805356669705361,227564,119732,128,88,False,False,False,False,119732,88,False,512,0.0006,,3312,0,total_elems,227564,119732,1,1,,,,0.0,,,,88,4,119732,1980,158,40,,,,,,,,,,,,,,,,,,,,,,,,,,,,,,,,,,,,,,,,,,,,,,,,,,,,,,,,,,,,,,,,,,
153.44625104096485,absorbing,,,,,,,R,80,90,133,143,366,347,713,5,1,321,0.19563874998129904,0.12834920804016292,0.32398795802146196,0.3258683329913765,186148,164724,128,175,False,False,False,False,164724,175,False,512,0.0006,,3312,0,total_elems,186148,164724,1,1,,,,0.0,,,,175,4,164724,2162,158,40,,,,,,,,,,,,,,,,,,,,,,,,,,,,,,,,,,,,,,,,,,,,,,,,,,,,,,,,,,,,,,,,,,
153.8717600830132,absorbing,,,,,,,R,80,91,133,143,366,348,714,7,1,322,0.18562137498520315,0.20248437498230487,0.388105749967508,0.3896930000046268,205192,171676,166,166,False,False,False,False,171676,166,False,512,0.0006,,3312,0,total_elems,205192,171676,1,1,,,,0.0,,,,166,4,171676,2224,158,40,,,,,,,,,,,,,,,,,,,,,,,,,,,,,,,,,,,,,,,,,,,,,,,,,,,,,,,,,,,,,,,,,,
154.26730983296875,absorbing,,,,,,,L,81,91,133,143,367,348,715,4,1,323,0.17843516601715237,0.17932808300247416,0.35776324901962653,0.3588261249824427,217348,244144,160,160,False,False,False,False,217348,160,False,512,0.0006,,3312,0,total_elems,217348,244144,1,1,,,,0.0,,,,160,4,217348,2430,158,40,,,,,,,,,,,,,,,,,,,,,,,,,,,,,,,,,,,,,,,,,,,,,,,,,,,,,,,,,,,,,,,,,,
154.68695245799609,absorbing,,,,,,,L,82,91,133,143,369,348,717,5,2,325,0.18012758303666487,0.20108162495307624,0.3812092079897411,0.3830022499896586,209972,301892,158,158,False,False,False,False,209972,158,False,512,0.0006,,3312,0,total_elems,209972,301892,1,1,,,,0.0,,,,158,4,209972,2420,158,40,,,,,,,,,,,,,,,,,,,,,,,,,,,,,,,,,,,,,,,,,,,,,,,,,,,,,,,,,,,,,,,,,,
155.0791690829792,absorbing,,,,,,,L,83,91,133,143,370,348,718,6,1,326,0.15627229202073067,0.1964113749563694,0.3526836669771001,0.3539385420153849,184672,295424,152,154,False,False,False,False,184672,152,False,512,0.0006,,3312,0,total_elems,184672,295424,1,1,,,,0.0,,,,152,4,184672,2286,158,40,,,,,,,,,,,,,,,,,,,,,,,,,,,,,,,,,,,,,,,,,,,,,,,,,,,,,,,,,,,,,,,,,,
155.42693216598127,absorbing,,,,,,,L,84,91,133,143,372,348,720,5,2,328,0.12477054097689688,0.18520583398640156,0.30997637496329844,0.3122749589965679,181312,255772,150,153,False,False,False,False,181312,150,False,512,0.0006,,3312,0,total_elems,181312,255772,1,1,,,,0.0,,,,150,4,181312,2334,158,40,,,,,,,,,,,,,,,,,,,,,,,,,,,,,,,,,,,,,,,,,,,,,,,,,,,,,,,,,,,,,,,,,,
155.8003805410117,absorbing,,,,,,,L,85,91,133,143,372,348,720,6,0,328,0.15417166700353846,0.18275087501388043,0.3369225420174189,0.3386212920304388,185928,244424,144,152,False,False,False,False,185928,144,False,512,0.0006,,3312,0,total_elems,185928,244424,1,1,,,,0.0,,,,144,4,185928,2406,158,40,,,,,,,,,,,,,,,,,,,,,,,,,,,,,,,,,,,,,,,,,,,,,,,,,,,,,,,,,,,,,,,,,,
156.18120208301116,absorbing,,,,,,,R,85,92,133,143,372,351,723,5,3,331,0.17684154195012525,0.1661204579868354,0.34296199993696064,0.34357279096730053,192468,168460,141,141,False,False,False,False,168460,141,False,512,0.0006,,3312,0,total_elems,192468,168460,1,1,,,,0.0,,,,141,4,168460,2270,158,40,,,,,,,,,,,,,,,,,,,,,,,,,,,,,,,,,,,,,,,,,,,,,,,,,,,,,,,,,,,,,,,,,,
156.59138083300786,absorbing,,,,,,,L,86,92,133,143,372,351,723,6,0,331,0.166594417009037,0.2040177080198191,0.3706121250288561,0.37257633300032467,167252,219908,135,135,False,False,False,False,167252,135,False,512,0.0006,,3312,0,total_elems,167252,219908,1,1,,,,0.0,,,,135,4,167252,2212,158,40,,,,,,,,,,,,,,,,,,,,,,,,,,,,,,,,,,,,,,,,,,,,,,,,,,,,,,,,,,,,,,,,,,
156.9893033329863,absorbing,,,,,,,L,87,92,133,143,373,351,724,4,1,332,0.15931737498613074,0.20293245796347037,0.3622498329496011,0.36282704095356166,154148,220236,131,135,False,False,False,False,154148,131,False,512,0.0006,,3312,0,total_elems,154148,220236,1,1,,,,0.0,,,,131,4,154148,2152,158,40,,,,,,,,,,,,,,,,,,,,,,,,,,,,,,,,,,,,,,,,,,,,,,,,,,,,,,,,,,,,,,,,,,
157.36885987501591,absorbing,,,,,,,L,88,92,133,143,374,351,725,3,1,333,0.10530312499031425,0.23797399998875335,0.3432771249790676,0.34463487501489,149252,207564,126,128,False,False,False,False,149252,126,False,512,0.0006,,3312,0,total_elems,149252,207564,1,1,,,,0.0,,,,126,4,149252,2122,158,40,,,,,,,,,,,,,,,,,,,,,,,,,,,,,,,,,,,,,,,,,,,,,,,,,,,,,,,,,,,,,,,,,,
157.69420525000896,absorbing,,,,,,,L,89,92,133,143,375,351,726,3,1,334,0.10831004200736061,0.17769216699525714,0.28600220900261775,0.2873875829973258,122296,202652,103,128,False,False,False,False,122296,103,False,512,0.0006,,3312,0,total_elems,122296,202652,1,1,,,,0.0,,,,103,4,122296,1982,158,40,,,,,,,,,,,,,,,,,,,,,,,,,,,,,,,,,,,,,,,,,,,,,,,,,,,,,,,,,,,,,,,,,,
158.0037212909665,absorbing,,,,,,,L,90,92,133,143,375,351,726,4,0,334,0.11468524998053908,0.15585587499663234,0.2705411249771714,0.27202616701833904,98088,159152,102,128,False,False,False,False,98088,102,False,512,0.0006,,3312,0,total_elems,98088,159152,1,1,,,,0.0,,,,102,4,98088,1842,158,40,,,,,,,,,,,,,,,,,,,,,,,,,,,,,,,,,,,,,,,,,,,,,,,,,,,,,,,,,,,,,,,,,,
158.25570212496677,absorbing,,,,,,,L,91,92,133,143,376,351,727,3,1,335,0.08516304200747982,0.12769808300072327,0.2128611250082031,0.2134390830178745,93456,122816,101,107,False,False,False,False,93456,101,False,512,0.0006,,3312,0,total_elems,93456,122816,1,1,,,,0.0,,,,101,4,93456,1816,158,40,,,,,,,,,,,,,,,,,,,,,,,,,,,,,,,,,,,,,,,,,,,,,,,,,,,,,,,,,,,,,,,,,,
158.5091165410122,absorbing,,,,,,,L,92,92,133,143,378,351,729,3,2,337,0.0909014999633655,0.12160933302948251,0.212510832992848,0.21477858303114772,96556,122216,100,107,False,False,False,False,96556,100,False,512,0.0006,,3312,0,total_elems,96556,122216,1,1,,,,0.0,,,,100,4,96556,1898,158,40,,,,,,,,,,,,,,,,,,,,,,,,,,,,,,,,,,,,,,,,,,,,,,,,,,,,,,,,,,,,,,,,,,
158.75059574999614,absorbing,,,,,,,L,93,92,133,143,378,351,729,5,0,337,0.08853150001959875,0.11529745894949883,0.20382895896909758,0.20444191701244563,118404,126312,108,107,False,False,False,False,118404,108,False,512,0.0006,,3312,0,total_elems,118404,126312,1,1,,,,0.0,,,,108,4,118404,2086,158,40,,,,,,,,,,,,,,,,,,,,,,,,,,,,,,,,,,,,,,,,,,,,,,,,,,,,,,,,,,,,,,,,,,
159.1246377499774,absorbing,,,,,,,R,93,93,133,143,378,355,733,5,4,341,0.15605954098282382,0.17773129197303206,0.3337908329558559,0.3343626660062,173284,165440,128,104,False,False,False,False,165440,104,False,512,0.0006,,3312,0,total_elems,173284,165440,1,1,,,,0.0,,,,104,4,165440,2266,158,40,,,,,,,,,,,,,,,,,,,,,,,,,,,,,,,,,,,,,,,,,,,,,,,,,,,,,,,,,,,,,,,,,,
159.5287252080161,absorbing,,,,,,,R,93,94,133,143,378,357,735,7,2,343,0.21428133401786909,0.15122245904058218,0.36550379305845127,0.3671255419612862,223204,198940,127,98,False,False,False,False,198940,98,False,512,0.0006,,3312,0,total_elems,223204,198940,1,1,,,,0.0,,,,98,4,198940,2456,158,40,,,,,,,,,,,,,,,,,,,,,,,,,,,,,,,,,,,,,,,,,,,,,,,,,,,,,,,,,,,,,,,,,,
160.0990761659923,absorbing,,,,,,,L,94,94,133,143,379,357,736,5,1,344,0.24174762499751523,0.29129495803499594,0.5330425830325112,0.5342618339927867,265384,267256,127,109,False,False,False,False,265384,127,False,512,0.0006,,3312,0,total_elems,265384,267256,1,1,,,,0.0,,,,127,4,265384,2670,158,40,,,,,,,,,,,,,,,,,,,,,,,,,,,,,,,,,,,,,,,,,,,,,,,,,,,,,,,,,,,,,,,,,,
160.72926533297868,absorbing,,,,,,,L,95,94,133,143,380,357,737,4,1,345,0.3293174580321647,0.26406674995087087,0.5933842079830356,0.5945904580294155,280092,335676,126,126,False,False,False,False,280092,126,False,512,0.0006,,3312,0,total_elems,280092,335676,1,1,,,,0.0,,,,126,4,280092,2676,158,40,,,,,,,,,,,,,,,,,,,,,,,,,,,,,,,,,,,,,,,,,,,,,,,,,,,,,,,,,,,,,,,,,,
161.41299329098547,absorbing,,,,,,,R,95,95,133,143,380,358,738,8,1,346,0.29406604199903086,0.3523082500323653,0.6463742920313962,0.6475694159744307,433020,341580,316,125,False,False,False,False,341580,125,False,512,0.0006,,3312,0,total_elems,433020,341580,1,1,,,,0.0,,,,125,4,341580,3070,158,40,,,,,,,,,,,,,,,,,,,,,,,,,,,,,,,,,,,,,,,,,,,,,,,,,,,,,,,,,,,,,,,,,,
162.14589945797343,absorbing,,,,,,,L,96,95,133,143,380,358,738,4,0,346,0.3477911250083707,0.34685345902107656,0.6946445840294473,0.6955442919861525,458828,479080,274,128,False,False,False,False,458828,274,False,512,0.0006,,3312,0,total_elems,458828,479080,1,1,,,,0.0,,,,274,4,458828,3310,158,40,,,,,,,,,,,,,,,,,,,,,,,,,,,,,,,,,,,,,,,,,,,,,,,,,,,,,,,,,,,,,,,,,,
162.9267063330044,absorbing,,,,,,,L,97,95,133,143,382,358,740,1,2,348,0.327403332979884,0.4156336250016466,0.7430369579815306,0.7438213329878636,492032,581612,259,259,False,False,False,True,492032,259,False,512,0.0006,,3312,0,total_elems,492032,581612,1,1,,,,0.0,,,,259,4,492032,3394,158,40,,,,,,,,,,,,,,,,,,,,,,,,,,,,,,,,,,,,,,,,,,,,,,,,,,,,,,,,,,,,,,,,,,
163.78283524996368,absorbing,,,,,,,L,98,95,133,143,383,358,741,3,1,349,0.27437654201639816,0.5424845420056954,0.8168610840220936,0.8183655409957282,475108,756256,248,360,False,False,False,True,475108,248,False,512,0.0006,,3312,0,total_elems,475108,756256,1,1,,,,0.0,,,,248,4,475108,3366,158,40,,,,,,,,,,,,,,,,,,,,,,,,,,,,,,,,,,,,,,,,,,,,,,,,,,,,,,,,,,,,,,,,,,
164.5642903749831,absorbing,,,,,,,L,99,95,133,143,384,358,742,3,1,350,0.25123362499289215,0.49232033401494846,0.7435539590078406,0.7451457499992102,471076,732856,238,350,False,False,False,True,471076,238,False,512,0.0006,,3312,0,total_elems,471076,732856,1,1,,,,0.0,,,,238,4,471076,3526,158,40,,,,,,,,,,,,,,,,,,,,,,,,,,,,,,,,,,,,,,,,,,,,,,,,,,,,,,,,,,,,,,,,,,
169.35718316596467,unswapping,,,,,,,,,,,,,,,,,,,,,,,,,,,,,,,,,,,,,,,,,,,,,,,,,,220,4,446276,3402,158,40,0,both,0,20,20,5,"[[6, 7], [8, 9], [12, 13], [20, 21], [36, 37]]",5,,,,,0,,,,,,,,,,,,,,,,,,,,,,,,,,,,,,,,,,,,,,,,,,,,,,,,,,,,,
171.38202708296012,unswapping,,,,,,,,,,,,,,,,,,,,,,,,,,,,,,,,,,,,,,,,,,,,,,,,,,117,4,260512,2578,158,40,0,both,1,19,19,10,"[[1, 2], [5, 6], [9, 10], [13, 14], [17, 18], [21, 22], [23, 24], [25, 26], [27, 28], [33, 34]]",15,,,,,0,,,,,,,,,,,,,,,,,,,,,,,,,,,,,,,,,,,,,,,,,,,,,,,,,,,,,
172.19420937501127,unswapping,,,,,,,,,,,,,,,,,,,,,,,,,,,,,,,,,,,,,,,,,,,,,,,,,,116,4,230108,2278,158,40,0,left,0,20,20,8,"[[4, 5], [8, 9], [10, 11], [16, 17], [22, 23], [26, 27], [30, 31], [32, 33]]",23,,,,,16,,,,,,,,,,,,,,,,,,,,,,,,,,,,,,,,,,,,,,,,,,,,,,,,,,,,,
172.81159774999833,unswapping,,,,,,,,,,,,,,,,,,,,,,,,,,,,,,,,,,,,,,,,,,,,,,,,,,100,4,162856,1974,158,40,0,left,1,19,19,7,"[[5, 6], [11, 12], [13, 14], [15, 16], [25, 26], [27, 28], [33, 34]]",30,,,,,30,,,,,,,,,,,,,,,,,,,,,,,,,,,,,,,,,,,,,,,,,,,,,,,,,,,,,
173.1981490830076,unswapping,,,,,,,,,,,,,,,,,,,,,,,,,,,,,,,,,,,,,,,,,,,,,,,,,,99,4,148928,1758,158,40,0,right,0,20,20,5,"[[10, 11], [12, 13], [14, 15], [26, 27], [34, 35]]",35,,,,,32,,,,,,,,,,,,,,,,,,,,,,,,,,,,,,,,,,,,,,,,,,,,,,,,,,,,,
173.6953914159676,unswapping,,,,,,,,,,,,,,,,,,,,,,,,,,,,,,,,,,,,,,,,,,,,,,,,,,92,4,139288,1694,158,40,0,right,1,19,19,5,"[[11, 12], [17, 18], [21, 22], [31, 32], [33, 34]]",40,,,,,40,,,,,,,,,,,,,,,,,,,,,,,,,,,,,,,,,,,,,,,,,,,,,,,,,,,,,
174.4371844159905,unswapping,,,,,,,,,,,,,,,,,,,,,,,,,,,,,,,,,,,,,,,,,,,,,,,,,,88,4,105164,1482,158,40,1,both,0,20,20,5,"[[6, 7], [12, 13], [14, 15], [20, 21], [24, 25]]",5,,,,,46,,,,,,,,,,,,,,,,,,,,,,,,,,,,,,,,,,,,,,,,,,,,,,,,,,,,,
175.04371187498327,unswapping,,,,,,,,,,,,,,,,,,,,,,,,,,,,,,,,,,,,,,,,,,,,,,,,,,86,4,95744,1404,158,40,1,both,1,19,19,3,"[[19, 20], [21, 22], [23, 24]]",8,,,,,52,,,,,,,,,,,,,,,,,,,,,,,,,,,,,,,,,,,,,,,,,,,,,,,,,,,,,
175.34865150001133,unswapping,,,,,,,,,,,,,,,,,,,,,,,,,,,,,,,,,,,,,,,,,,,,,,,,,,85,4,92400,1384,158,40,1,left,0,20,20,2,"[[16, 17], [26, 27]]",10,,,,,54,,,,,,,,,,,,,,,,,,,,,,,,,,,,,,,,,,,,,,,,,,,,,,,,,,,,,
175.72726124996552,unswapping,,,,,,,,,,,,,,,,,,,,,,,,,,,,,,,,,,,,,,,,,,,,,,,,,,84,4,73240,1256,158,40,1,left,1,19,19,2,"[[13, 14], [19, 20]]",12,,,,,56,,,,,,,,,,,,,,,,,,,,,,,,,,,,,,,,,,,,,,,,,,,,,,,,,,,,,
175.98526566597866,unswapping,,,,,,,,,,,,,,,,,,,,,,,,,,,,,,,,,,,,,,,,,,,,,,,,,,83,4,67104,1216,158,40,1,right,0,20,20,3,"[[14, 15], [18, 19], [30, 31]]",15,,,,,60,,,,,,,,,,,,,,,,,,,,,,,,,,,,,,,,,,,,,,,,,,,,,,,,,,,,,
176.1988173329737,unswapping,,,,,,,,,,,,,,,,,,,,,,,,,,,,,,,,,,,,,,,,,,,,,,,,,,66,4,47620,1124,158,40,1,right,1,19,19,2,"[[17, 18], [29, 30]]",17,,,,,62,,,,,,,,,,,,,,,,,,,,,,,,,,,,,,,,,,,,,,,,,,,,,,,,,,,,,
176.44561708299443,unswapping,,,,,,,,,,,,,,,,,,,,,,,,,,,,,,,,,,,,,,,,,,,,,,,,,,63,4,44840,1092,158,40,2,both,0,20,20,3,"[[12, 13], [22, 23], [24, 25]]",3,,,,,68,,,,,,,,,,,,,,,,,,,,,,,,,,,,,,,,,,,,,,,,,,,,,,,,,,,,,
176.74077837500954,unswapping,,,,,,,,,,,,,,,,,,,,,,,,,,,,,,,,,,,,,,,,,,,,,,,,,,61,4,43080,1072,158,40,2,both,1,19,19,1,"[[21, 22]]",4,,,,,70,,,,,,,,,,,,,,,,,,,,,,,,,,,,,,,,,,,,,,,,,,,,,,,,,,,,,
176.8133948330069,unswapping,,,,,,,,,,,,,,,,,,,,,,,,,,,,,,,,,,,,,,,,,,,,,,,,,,61,4,43080,1072,158,40,2,left,0,20,20,0,[],4,,,,,70,,,,,,,,,,,,,,,,,,,,,,,,,,,,,,,,,,,,,,,,,,,,,,,,,,,,,
176.90305245801574,unswapping,,,,,,,,,,,,,,,,,,,,,,,,,,,,,,,,,,,,,,,,,,,,,,,,,,61,4,43080,1072,158,40,2,left,1,19,19,0,[],4,,,,,70,,,,,,,,,,,,,,,,,,,,,,,,,,,,,,,,,,,,,,,,,,,,,,,,,,,,,
177.01413699996192,unswapping,,,,,,,,,,,,,,,,,,,,,,,,,,,,,,,,,,,,,,,,,,,,,,,,,,60,4,42704,1068,158,40,2,right,0,20,20,1,"[[30, 31]]",5,,,,,72,,,,,,,,,,,,,,,,,,,,,,,,,,,,,,,,,,,,,,,,,,,,,,,,,,,,,
177.11086049996084,unswapping,,,,,,,,,,,,,,,,,,,,,,,,,,,,,,,,,,,,,,,,,,,,,,,,,,60,4,42704,1068,158,40,2,right,1,19,19,0,[],5,,,,,72,,,,,,,,,,,,,,,,,,,,,,,,,,,,,,,,,,,,,,,,,,,,,,,,,,,,,
177.3308892499772,unswapping,,,,,,,,,,,,,,,,,,,,,,,,,,,,,,,,,,,,,,,,,,,,,,,,,,58,4,40608,1036,158,40,3,both,0,20,20,1,"[[20, 21]]",1,,,,,74,,,,,,,,,,,,,,,,,,,,,,,,,,,,,,,,,,,,,,,,,,,,,,,,,,,,,
177.56901662499877,unswapping,,,,,,,,,,,,,,,,,,,,,,,,,,,,,,,,,,,,,,,,,,,,,,,,,,58,4,40288,1032,158,40,3,both,1,19,19,1,"[[15, 16]]",2,,,,,76,,,,,,,,,,,,,,,,,,,,,,,,,,,,,,,,,,,,,,,,,,,,,,,,,,,,,
177.63612779096002,unswapping,,,,,,,,,,,,,,,,,,,,,,,,,,,,,,,,,,,,,,,,,,,,,,,,,,58,4,40288,1032,158,40,3,left,0,20,20,0,[],2,,,,,76,,,,,,,,,,,,,,,,,,,,,,,,,,,,,,,,,,,,,,,,,,,,,,,,,,,,,
177.72044379101135,unswapping,,,,,,,,,,,,,,,,,,,,,,,,,,,,,,,,,,,,,,,,,,,,,,,,,,58,4,40288,1032,158,40,3,left,1,19,19,0,[],2,,,,,76,,,,,,,,,,,,,,,,,,,,,,,,,,,,,,,,,,,,,,,,,,,,,,,,,,,,,
177.83817720797379,unswapping,,,,,,,,,,,,,,,,,,,,,,,,,,,,,,,,,,,,,,,,,,,,,,,,,,48,4,31440,976,158,40,3,right,0,20,20,1,"[[16, 17]]",3,,,,,78,,,,,,,,,,,,,,,,,,,,,,,,,,,,,,,,,,,,,,,,,,,,,,,,,,,,,
177.93230470799608,unswapping,,,,,,,,,,,,,,,,,,,,,,,,,,,,,,,,,,,,,,,,,,,,,,,,,,48,4,28352,956,158,40,3,right,1,19,19,1,"[[17, 18]]",4,,,,,80,,,,,,,,,,,,,,,,,,,,,,,,,,,,,,,,,,,,,,,,,,,,,,,,,,,,,
178.11255949997576,unswapping,,,,,,,,,,,,,,,,,,,,,,,,,,,,,,,,,,,,,,,,,,,,,,,,,,31,4,19980,882,158,40,4,both,0,20,20,1,"[[18, 19]]",1,,,,,82,,,,,,,,,,,,,,,,,,,,,,,,,,,,,,,,,,,,,,,,,,,,,,,,,,,,,
178.23189679096686,unswapping,,,,,,,,,,,,,,,,,,,,,,,,,,,,,,,,,,,,,,,,,,,,,,,,,,29,4,17064,838,158,40,4,both,1,19,19,2,"[[15, 16], [19, 20]]",3,,,,,86,,,,,,,,,,,,,,,,,,,,,,,,,,,,,,,,,,,,,,,,,,,,,,,,,,,,,
178.26393625000492,unswapping,,,,,,,,,,,,,,,,,,,,,,,,,,,,,,,,,,,,,,,,,,,,,,,,,,29,4,17064,838,158,40,4,left,0,20,20,0,[],3,,,,,86,,,,,,,,,,,,,,,,,,,,,,,,,,,,,,,,,,,,,,,,,,,,,,,,,,,,,
178.29518616601126,unswapping,,,,,,,,,,,,,,,,,,,,,,,,,,,,,,,,,,,,,,,,,,,,,,,,,,29,4,17064,838,158,40,4,left,1,19,19,0,[],3,,,,,86,,,,,,,,,,,,,,,,,,,,,,,,,,,,,,,,,,,,,,,,,,,,,,,,,,,,,
178.3280304580112,unswapping,,,,,,,,,,,,,,,,,,,,,,,,,,,,,,,,,,,,,,,,,,,,,,,,,,29,4,17064,838,158,40,4,right,0,20,20,0,[],3,,,,,86,,,,,,,,,,,,,,,,,,,,,,,,,,,,,,,,,,,,,,,,,,,,,,,,,,,,,
178.38238829100737,unswapping,,,,,,,,,,,,,,,,,,,,,,,,,,,,,,,,,,,,,,,,,,,,,,,,,,29,4,16148,828,158,40,4,right,1,19,19,1,"[[17, 18]]",4,,,,,84,,,,,,,,,,,,,,,,,,,,,,,,,,,,,,,,,,,,,,,,,,,,,,,,,,,,,
178.44878558296477,unswapping,,,,,,,,,,,,,,,,,,,,,,,,,,,,,,,,,,,,,,,,,,,,,,,,,,29,4,16148,828,158,40,5,both,0,20,20,0,[],0,,,,,84,,,,,,,,,,,,,,,,,,,,,,,,,,,,,,,,,,,,,,,,,,,,,,,,,,,,,
178.51923845801502,unswapping,,,,,,,,,,,,,,,,,,,,,,,,,,,,,,,,,,,,,,,,,,,,,,,,,,29,4,16148,828,158,40,5,both,1,19,19,0,[],0,,,,,84,,,,,,,,,,,,,,,,,,,,,,,,,,,,,,,,,,,,,,,,,,,,,,,,,,,,,
178.54856929101516,unswapping,,,,,,,,,,,,,,,,,,,,,,,,,,,,,,,,,,,,,,,,,,,,,,,,,,29,4,16148,828,158,40,5,left,0,20,20,0,[],0,,,,,84,,,,,,,,,,,,,,,,,,,,,,,,,,,,,,,,,,,,,,,,,,,,,,,,,,,,,
178.58032141596777,unswapping,,,,,,,,,,,,,,,,,,,,,,,,,,,,,,,,,,,,,,,,,,,,,,,,,,29,4,16148,828,158,40,5,left,1,19,19,0,[],0,,,,,84,,,,,,,,,,,,,,,,,,,,,,,,,,,,,,,,,,,,,,,,,,,,,,,,,,,,,
178.61333008296788,unswapping,,,,,,,,,,,,,,,,,,,,,,,,,,,,,,,,,,,,,,,,,,,,,,,,,,29,4,16148,828,158,40,5,right,0,20,20,0,[],0,,,,,84,,,,,,,,,,,,,,,,,,,,,,,,,,,,,,,,,,,,,,,,,,,,,,,,,,,,,
178.64625445799902,unswapping,,,,,,,,,,,,,,,,,,,,,,,,,,,,,,,,,,,,,,,,,,,,,,,,,,29,4,16148,828,158,40,5,right,1,19,19,0,[],0,,,,,84,,,,,,,,,,,,,,,,,,,,,,,,,,,,,,,,,,,,,,,,,,,,,,,,,,,,,
179.94811299996218,unswap_cycle_summary,,,,,,,,,,,,384,358,742,,,,,,,,,,,,,,,,,,,512,0.0006,,,,,,,,,,,,,,,,29,4,16148,828,158,40,,,,,,,,,,,,,,,,,,,,,5,13.096096291032154,742,808,66,350,False,True,False,,0,"[384, 358]","[0, 2, 1, 3, 7, 5, 6, 4, 10, 9, 11, 13, 18, 12, 8, 14, 16, 15, 19, 28, 17, 22, 24, 21, 23, 20, 27, 26, 25, 29, 31, 30, 34, 33, 32, 35, 37, 36, 38, 39]","[0, 2, 1, 3, 4, 7, 6, 5, 9, 10, 11, 14, 8, 13, 15, 20, 16, 18, 17, 26, 12, 19, 22, 21, 23, 24, 28, 25, 27, 32, 30, 29, 31, 35, 34, 33, 37, 36, 38, 39]","{'index': 99, 'interactions': [('unitary', (22, 23)), ('unitary', (30, 29))]}","{'index': 95, 'interactions': [('unitary', (0, 1)), ('unitary', (4, 5)), ('unitary', (14, 15)), ('unitary', (34, 35))]}","[2, 3, 4, 4, 3, 2, 2, 3, 5, 4, 2, 1, 1, 2, 3, 5, 5, 5, 5, 3, 3, 3, 2, 1, 1, 2, 0, 2, 4, 3, 4, 3, 2, 1, 3, 3, 3, 2, 2]",732e26f6eab902c02a470564b385b16a2b3abaf552ba8c6b29255126aa348802,,,,,,,,,,,,,,,,,,,,,,,,,,,,
180.03972704097396,rewiring,left,post_unswap,0.054913625004701316,36,False,False,,,,,,,,,,,,,,,,,,,,,,,,,,,,,,,,,,,,,,,,,,,,,,,,,,,,,,,,,,,,,,,,,,,,,,5,,,,,,,,,,,,,,,,,,50,False,350,4,bond_profile,8,False,1,2024,"(68, 14, 11, 8, 9, 83, 22)",0.002549208060372621,0.052343874936923385,"[{'seed': 2024, 'score': (68, 14, 11, 8, 9, 83, 22), 'num_layers': 22, 'total_swaps': 83, 'max_layer_swaps': 8, 'swap_only_layers': 9, 'work_layers': 13, 'unitary_layers': 13, 'first_work_layer': 1, 'leading_no_work_layers': 1, 'bond_profile_layers_scored': 8, 'bond_profile_total_cost': 68, 'bond_profile_max_cost': 14, 'bond_profile_gate_count': 11}, {'seed': 3033, 'score': (68, 14, 11, 8, 9, 83, 22), 'num_layers': 22, 'total_swaps': 83, 'max_layer_swaps': 8, 'swap_only_layers': 9, 'work_layers': 13, 'unitary_layers': 13, 'first_work_layer': 1, 'leading_no_work_layers': 1, 'bond_profile_layers_scored': 8, 'bond_profile_total_cost': 68, 'bond_profile_max_cost': 14, 'bond_profile_gate_count': 11}, {'seed': 4042, 'score': (83, 14, 11, 8, 11, 83, 25), 'num_layers': 25, 'total_swaps': 83, 'max_layer_swaps': 9, 'swap_only_layers': 11, 'work_layers': 14, 'unitary_layers': 14, 'first_work_layer': 1, 'leading_no_work_layers': 1, 'bond_profile_layers_scored': 8, 'bond_profile_total_cost': 83, 'bond_profile_max_cost': 14, 'bond_profile_gate_count': 11}, {'seed': 5051, 'score': (68, 14, 11, 8, 13, 83, 26), 'num_layers': 26, 'total_swaps': 83, 'max_layer_swaps': 8, 'swap_only_layers': 13, 'work_layers': 13, 'unitary_layers': 13, 'first_work_layer': 1, 'leading_no_work_layers': 1, 'bond_profile_layers_scored': 8, 'bond_profile_total_cost': 68, 'bond_profile_max_cost': 14, 'bond_profile_gate_count': 11}]",0.05490891699446365,0.2529009999707341,,,,,,,,,,,,,
180.23756170796696,rewiring,right,post_unswap,0.1977176659856923,50,False,False,,,,,,,,,,,,,,,,,,,,,,,,,,,,,,,,,,,,,,,,,,,,,,,,,,,,,,,,,,,,,,,,,,,,,,5,,,,,,,,,,,,,,,,,,50,False,350,4,bond_profile,8,False,1,3033,"(150, 24, 20, 8, 16, 153, 43)",0.002833792008459568,0.19486279296688735,"[{'seed': 2024, 'score': (150, 24, 20, 8, 19, 153, 46), 'num_layers': 46, 'total_swaps': 153, 'max_layer_swaps': 10, 'swap_only_layers': 19, 'work_layers': 27, 'unitary_layers': 27, 'first_work_layer': 0, 'leading_no_work_layers': 0, 'bond_profile_layers_scored': 8, 'bond_profile_total_cost': 150, 'bond_profile_max_cost': 24, 'bond_profile_gate_count': 20}, {'seed': 3033, 'score': (150, 24, 20, 8, 16, 153, 43), 'num_layers': 43, 'total_swaps': 153, 'max_layer_swaps': 10, 'swap_only_layers': 16, 'work_layers': 27, 'unitary_layers': 27, 'first_work_layer': 0, 'leading_no_work_layers': 0, 'bond_profile_layers_scored': 8, 'bond_profile_total_cost': 150, 'bond_profile_max_cost': 24, 'bond_profile_gate_count': 20}, {'seed': 4042, 'score': (168, 24, 22, 8, 20, 154, 45), 'num_layers': 45, 'total_swaps': 154, 'max_layer_swaps': 12, 'swap_only_layers': 20, 'work_layers': 25, 'unitary_layers': 25, 'first_work_layer': 0, 'leading_no_work_layers': 0, 'bond_profile_layers_scored': 8, 'bond_profile_total_cost': 168, 'bond_profile_max_cost': 24, 'bond_profile_gate_count': 22}, {'seed': 5051, 'score': (150, 24, 20, 8, 18, 154, 45), 'num_layers': 45, 'total_swaps': 154, 'max_layer_swaps': 10, 'swap_only_layers': 18, 'work_layers': 27, 'unitary_layers': 27, 'first_work_layer': 0, 'leading_no_work_layers': 0, 'bond_profile_layers_scored': 8, 'bond_profile_total_cost': 150, 'bond_profile_max_cost': 24, 'bond_profile_gate_count': 20}]",0.1977136250352487,0.2529009999707341,,,,,,,,,,,,,
180.31171824998455,cycle_progress,,,,,,,,,,,,384,358,742,,,,,,,,,,,,,,,,,,,512,0.0006,,3312,0,,,,,,,,,,,,,29,4,16148,828,158,40,,,,,,,,,,,,,,,,,,,,,5,,742,808,66,350,False,,,,,,,,,,,,,,,,,,,,,,,,,,0.2529009999707341,,,,,,,,,,,,,
180.41978379100328,absorbing,,,,,,,L,1,0,22,43,384,358,742,7,0,0,0.02657483401708305,0.037564707978162915,0.06413954199524596,0.06974349997472018,16000,19688,29,32,False,False,False,False,16000,29,False,512,0.0006,,16148,0,total_elems,16000,19688,1,1,,,,0.0,,,,29,4,16000,826,158,40,,,,,,,,,,,,,,,,,,,,,,,,,,,,,,,,,,,,,,,,,,,,,,,,,,,,,,,,,,,,,,,,,,
180.5379256249871,absorbing,,,,,,,L,2,0,22,43,385,358,743,6,1,1,0.03615779196843505,0.04013770801248029,0.07629549998091534,0.07826141698751599,17708,19688,29,32,False,False,False,False,17708,29,False,512,0.0006,,16148,0,total_elems,17708,19688,1,1,,,,0.0,,,,29,4,17708,878,158,40,,,,,,,,,,,,,,,,,,,,,,,,,,,,,,,,,,,,,,,,,,,,,,,,,,,,,,,,,,,,,,,,,,
180.6527851659921,absorbing,,,,,,,R,2,1,22,43,385,361,746,7,3,4,0.034090250032022595,0.03945400001248345,0.07354425004450604,0.0740416250191629,27408,21008,32,32,False,False,False,False,21008,32,False,512,0.0006,,16148,0,total_elems,27408,21008,1,1,,,,0.0,,,,32,4,21008,956,158,40,,,,,,,,,,,,,,,,,,,,,,,,,,,,,,,,,,,,,,,,,,,,,,,,,,,,,,,,,,,,,,,,,,
180.77553029096453,absorbing,,,,,,,R,2,2,22,43,385,363,748,8,2,6,0.040886082977522165,0.041929833008907735,0.0828159159864299,0.08399295801064,31200,29880,32,51,False,False,False,False,29880,51,False,512,0.0006,,16148,0,total_elems,31200,29880,1,1,,,,0.0,,,,51,4,29880,1080,158,40,,,,,,,,,,,,,,,,,,,,,,,,,,,,,,,,,,,,,,,,,,,,,,,,,,,,,,,,,,,,,,,,,,
180.92331112496322,absorbing,,,,,,,L,3,2,22,43,387,363,750,6,2,8,0.04570895904907957,0.06333762500435114,0.1090465840534307,0.10957058402709663,43888,47496,52,54,False,False,False,False,43888,52,False,512,0.0006,,16148,0,total_elems,43888,47496,1,1,,,,0.0,,,,52,4,43888,1296,158,40,,,,,,,,,,,,,,,,,,,,,,,,,,,,,,,,,,,,,,,,,,,,,,,,,,,,,,,,,,,,,,,,,,
181.10125424998114,absorbing,,,,,,,R,3,3,22,43,387,368,755,7,5,13,0.05808454198995605,0.07776950002880767,0.13585404201876372,0.13734658400062472,67596,66456,63,64,False,False,False,False,66456,64,False,512,0.0006,,16148,0,total_elems,67596,66456,1,1,,,,0.0,,,,64,4,66456,1530,158,40,,,,,,,,,,,,,,,,,,,,,,,,,,,,,,,,,,,,,,,,,,,,,,,,,,,,,,,,,,,,,,,,,,
181.3017824999988,absorbing,,,,,,,R,3,4,22,43,387,371,758,8,3,16,0.07972074998542666,0.07925174996489659,0.15897249995032325,0.1601874170009978,93084,84912,64,63,False,False,False,False,84912,63,False,512,0.0006,,16148,0,total_elems,93084,84912,1,1,,,,0.0,,,,63,4,84912,1768,158,40,,,,,,,,,,,,,,,,,,,,,,,,,,,,,,,,,,,,,,,,,,,,,,,,,,,,,,,,,,,,,,,,,,
181.54455349995987,absorbing,,,,,,,L,4,4,22,43,388,371,759,7,1,17,0.07647362496936694,0.12684049998642877,0.2033141249557957,0.20382566598709673,97408,166144,63,111,False,False,False,False,97408,63,False,512,0.0006,,16148,0,total_elems,97408,166144,1,1,,,,0.0,,,,63,4,97408,1908,158,40,,,,,,,,,,,,,,,,,,,,,,,,,,,,,,,,,,,,,,,,,,,,,,,,,,,,,,,,,,,,,,,,,,
181.9167936659651,absorbing,,,,,,,L,5,4,22,43,388,371,759,8,0,17,0.14638304099207744,0.1847671249997802,0.33115016599185765,0.3321653329767287,168876,173964,129,111,False,False,False,False,168876,129,False,512,0.0006,,16148,0,total_elems,168876,173964,1,1,,,,0.0,,,,129,4,168876,2308,158,40,,,,,,,,,,,,,,,,,,,,,,,,,,,,,,,,,,,,,,,,,,,,,,,,,,,,,,,,,,,,,,,,,,
182.35786441597156,absorbing,,,,,,,R,5,5,22,43,388,372,760,10,1,18,0.2164970829617232,0.18247954203980044,0.39897662500152364,0.4014244579593651,265444,197856,128,128,False,False,False,False,197856,128,False,512,0.0006,,16148,0,total_elems,265444,197856,1,1,,,,0.0,,,,128,4,197856,2692,158,40,,,,,,,,,,,,,,,,,,,,,,,,,,,,,,,,,,,,,,,,,,,,,,,,,,,,,,,,,,,,,,,,,,
182.90614849998383,absorbing,,,,,,,L,6,5,22,43,389,372,761,5,1,19,0.2591778750065714,0.24192141700768843,0.5010992920142598,0.5037108749966137,306220,356268,128,128,False,False,False,False,306220,128,False,512,0.0006,,16148,0,total_elems,306220,356268,1,1,,,,0.0,,,,128,4,306220,3114,158,40,,,,,,,,,,,,,,,,,,,,,,,,,,,,,,,,,,,,,,,,,,,,,,,,,,,,,,,,,,,,,,,,,,
183.6976647080155,absorbing,,,,,,,L,7,5,22,43,391,372,763,4,2,21,0.422303874976933,0.3279014170402661,0.7502052920171991,0.7516042080242187,462832,485356,255,225,False,False,False,False,462832,255,False,512,0.0006,,16148,0,total_elems,462832,485356,1,1,,,,0.0,,,,255,4,462832,3668,158,40,,,,,,,,,,,,,,,,,,,,,,,,,,,,,,,,,,,,,,,,,,,,,,,,,,,,,,,,,,,,,,,,,,
187.46523229096783,unswapping,,,,,,,,,,,,,,,,,,,,,,,,,,,,,,,,,,,,,,,,,,,,,,,,,,253,4,485928,3502,158,40,0,both,0,20,20,6,"[[2, 3], [16, 17], [18, 19], [22, 23], [30, 31], [36, 37]]",6,,,,,0,,,,,,,,,,,,,,,,,,,,,,,,,,,,,,,,,,,,,,,,,,,,,,,,,,,,,
190.79351662500994,unswapping,,,,,,,,,,,,,,,,,,,,,,,,,,,,,,,,,,,,,,,,,,,,,,,,,,132,4,343780,3142,158,40,0,both,1,19,19,6,"[[7, 8], [17, 18], [25, 26], [27, 28], [31, 32], [33, 34]]",12,,,,,0,,,,,,,,,,,,,,,,,,,,,,,,,,,,,,,,,,,,,,,,,,,,,,,,,,,,,
191.74378424999304,unswapping,,,,,,,,,,,,,,,,,,,,,,,,,,,,,,,,,,,,,,,,,,,,,,,,,,126,4,295552,2852,158,40,0,left,0,20,20,8,"[[2, 3], [6, 7], [8, 9], [10, 11], [12, 13], [24, 25], [30, 31], [32, 33]]",20,,,,,16,,,,,,,,,,,,,,,,,,,,,,,,,,,,,,,,,,,,,,,,,,,,,,,,,,,,,
192.70432470797095,unswapping,,,,,,,,,,,,,,,,,,,,,,,,,,,,,,,,,,,,,,,,,,,,,,,,,,124,4,213784,2590,158,40,0,left,1,19,19,5,"[[7, 8], [11, 12], [17, 18], [19, 20], [31, 32]]",25,,,,,26,,,,,,,,,,,,,,,,,,,,,,,,,,,,,,,,,,,,,,,,,,,,,,,,,,,,,
193.18303379096324,unswapping,,,,,,,,,,,,,,,,,,,,,,,,,,,,,,,,,,,,,,,,,,,,,,,,,,109,4,164652,2314,158,40,0,right,0,20,20,5,"[[4, 5], [6, 7], [8, 9], [16, 17], [28, 29]]",30,,,,,28,,,,,,,,,,,,,,,,,,,,,,,,,,,,,,,,,,,,,,,,,,,,,,,,,,,,,
193.612816207984,unswapping,,,,,,,,,,,,,,,,,,,,,,,,,,,,,,,,,,,,,,,,,,,,,,,,,,96,4,121856,2034,158,40,0,right,1,19,19,5,"[[3, 4], [9, 10], [13, 14], [31, 32], [33, 34]]",35,,,,,38,,,,,,,,,,,,,,,,,,,,,,,,,,,,,,,,,,,,,,,,,,,,,,,,,,,,,
194.1727497499669,unswapping,,,,,,,,,,,,,,,,,,,,,,,,,,,,,,,,,,,,,,,,,,,,,,,,,,48,4,75996,1704,158,40,1,both,0,20,20,4,"[[6, 7], [16, 17], [32, 33], [34, 35]]",4,,,,,44,,,,,,,,,,,,,,,,,,,,,,,,,,,,,,,,,,,,,,,,,,,,,,,,,,,,,
194.5193489579833,unswapping,,,,,,,,,,,,,,,,,,,,,,,,,,,,,,,,,,,,,,,,,,,,,,,,,,48,4,66064,1602,158,40,1,both,1,19,19,3,"[[5, 6], [19, 20], [23, 24]]",7,,,,,50,,,,,,,,,,,,,,,,,,,,,,,,,,,,,,,,,,,,,,,,,,,,,,,,,,,,,
194.73242641601246,unswapping,,,,,,,,,,,,,,,,,,,,,,,,,,,,,,,,,,,,,,,,,,,,,,,,,,48,4,62808,1564,158,40,1,left,0,20,20,4,"[[4, 5], [14, 15], [28, 29], [30, 31]]",11,,,,,50,,,,,,,,,,,,,,,,,,,,,,,,,,,,,,,,,,,,,,,,,,,,,,,,,,,,,
194.87288979097502,unswapping,,,,,,,,,,,,,,,,,,,,,,,,,,,,,,,,,,,,,,,,,,,,,,,,,,48,4,60528,1530,158,40,1,left,1,19,19,1,"[[3, 4]]",12,,,,,52,,,,,,,,,,,,,,,,,,,,,,,,,,,,,,,,,,,,,,,,,,,,,,,,,,,,,
195.01627037499566,unswapping,,,,,,,,,,,,,,,,,,,,,,,,,,,,,,,,,,,,,,,,,,,,,,,,,,48,4,54208,1452,158,40,1,right,0,20,20,3,"[[12, 13], [16, 17], [22, 23]]",15,,,,,54,,,,,,,,,,,,,,,,,,,,,,,,,,,,,,,,,,,,,,,,,,,,,,,,,,,,,
195.14530770800775,unswapping,,,,,,,,,,,,,,,,,,,,,,,,,,,,,,,,,,,,,,,,,,,,,,,,,,48,4,48852,1376,158,40,1,right,1,19,19,4,"[[5, 6], [11, 12], [31, 32], [33, 34]]",19,,,,,56,,,,,,,,,,,,,,,,,,,,,,,,,,,,,,,,,,,,,,,,,,,,,,,,,,,,,
195.3796213750029,unswapping,,,,,,,,,,,,,,,,,,,,,,,,,,,,,,,,,,,,,,,,,,,,,,,,,,48,4,46048,1320,158,40,2,both,0,20,20,3,"[[18, 19], [20, 21], [32, 33]]",3,,,,,62,,,,,,,,,,,,,,,,,,,,,,,,,,,,,,,,,,,,,,,,,,,,,,,,,,,,,
195.61168241599808,unswapping,,,,,,,,,,,,,,,,,,,,,,,,,,,,,,,,,,,,,,,,,,,,,,,,,,48,4,45700,1302,158,40,2,both,1,19,19,2,"[[21, 22], [23, 24]]",5,,,,,66,,,,,,,,,,,,,,,,,,,,,,,,,,,,,,,,,,,,,,,,,,,,,,,,,,,,,
195.68346174998442,unswapping,,,,,,,,,,,,,,,,,,,,,,,,,,,,,,,,,,,,,,,,,,,,,,,,,,48,4,45700,1302,158,40,2,left,0,20,20,0,[],5,,,,,66,,,,,,,,,,,,,,,,,,,,,,,,,,,,,,,,,,,,,,,,,,,,,,,,,,,,,
195.7889827080071,unswapping,,,,,,,,,,,,,,,,,,,,,,,,,,,,,,,,,,,,,,,,,,,,,,,,,,48,4,45572,1300,158,40,2,left,1,19,19,1,"[[17, 18]]",6,,,,,68,,,,,,,,,,,,,,,,,,,,,,,,,,,,,,,,,,,,,,,,,,,,,,,,,,,,,
195.9005238749669,unswapping,,,,,,,,,,,,,,,,,,,,,,,,,,,,,,,,,,,,,,,,,,,,,,,,,,48,4,45060,1284,158,40,2,right,0,20,20,2,"[[10, 11], [12, 13]]",8,,,,,72,,,,,,,,,,,,,,,,,,,,,,,,,,,,,,,,,,,,,,,,,,,,,,,,,,,,,
195.9942146249814,unswapping,,,,,,,,,,,,,,,,,,,,,,,,,,,,,,,,,,,,,,,,,,,,,,,,,,48,4,44076,1272,158,40,2,right,1,19,19,1,"[[13, 14]]",9,,,,,72,,,,,,,,,,,,,,,,,,,,,,,,,,,,,,,,,,,,,,,,,,,,,,,,,,,,,
196.19440300000133,unswapping,,,,,,,,,,,,,,,,,,,,,,,,,,,,,,,,,,,,,,,,,,,,,,,,,,48,4,42168,1246,158,40,3,both,0,20,20,2,"[[14, 15], [20, 21]]",2,,,,,74,,,,,,,,,,,,,,,,,,,,,,,,,,,,,,,,,,,,,,,,,,,,,,,,,,,,,
196.4308157080086,unswapping,,,,,,,,,,,,,,,,,,,,,,,,,,,,,,,,,,,,,,,,,,,,,,,,,,48,4,41772,1234,158,40,3,both,1,19,19,1,"[[19, 20]]",3,,,,,78,,,,,,,,,,,,,,,,,,,,,,,,,,,,,,,,,,,,,,,,,,,,,,,,,,,,,
196.4932736660121,unswapping,,,,,,,,,,,,,,,,,,,,,,,,,,,,,,,,,,,,,,,,,,,,,,,,,,48,4,41772,1234,158,40,3,left,0,20,20,0,[],3,,,,,78,,,,,,,,,,,,,,,,,,,,,,,,,,,,,,,,,,,,,,,,,,,,,,,,,,,,,
196.55737699999008,unswapping,,,,,,,,,,,,,,,,,,,,,,,,,,,,,,,,,,,,,,,,,,,,,,,,,,48,4,41772,1234,158,40,3,left,1,19,19,0,[],3,,,,,78,,,,,,,,,,,,,,,,,,,,,,,,,,,,,,,,,,,,,,,,,,,,,,,,,,,,,
196.62375345797045,unswapping,,,,,,,,,,,,,,,,,,,,,,,,,,,,,,,,,,,,,,,,,,,,,,,,,,48,4,41772,1234,158,40,3,right,0,20,20,0,[],3,,,,,78,,,,,,,,,,,,,,,,,,,,,,,,,,,,,,,,,,,,,,,,,,,,,,,,,,,,,
196.71691287501017,unswapping,,,,,,,,,,,,,,,,,,,,,,,,,,,,,,,,,,,,,,,,,,,,,,,,,,48,4,41560,1232,158,40,3,right,1,19,19,1,"[[15, 16]]",4,,,,,80,,,,,,,,,,,,,,,,,,,,,,,,,,,,,,,,,,,,,,,,,,,,,,,,,,,,,
196.83628337498521,unswapping,,,,,,,,,,,,,,,,,,,,,,,,,,,,,,,,,,,,,,,,,,,,,,,,,,48,4,41560,1232,158,40,4,both,0,20,20,0,[],0,,,,,80,,,,,,,,,,,,,,,,,,,,,,,,,,,,,,,,,,,,,,,,,,,,,,,,,,,,,
196.97236816596705,unswapping,,,,,,,,,,,,,,,,,,,,,,,,,,,,,,,,,,,,,,,,,,,,,,,,,,48,4,41560,1232,158,40,4,both,1,19,19,0,[],0,,,,,80,,,,,,,,,,,,,,,,,,,,,,,,,,,,,,,,,,,,,,,,,,,,,,,,,,,,,
197.03001991601195,unswapping,,,,,,,,,,,,,,,,,,,,,,,,,,,,,,,,,,,,,,,,,,,,,,,,,,48,4,41560,1232,158,40,4,left,0,20,20,0,[],0,,,,,80,,,,,,,,,,,,,,,,,,,,,,,,,,,,,,,,,,,,,,,,,,,,,,,,,,,,,
197.0933316659648,unswapping,,,,,,,,,,,,,,,,,,,,,,,,,,,,,,,,,,,,,,,,,,,,,,,,,,48,4,41560,1232,158,40,4,left,1,19,19,0,[],0,,,,,80,,,,,,,,,,,,,,,,,,,,,,,,,,,,,,,,,,,,,,,,,,,,,,,,,,,,,
197.15771379100624,unswapping,,,,,,,,,,,,,,,,,,,,,,,,,,,,,,,,,,,,,,,,,,,,,,,,,,48,4,41560,1232,158,40,4,right,0,20,20,0,[],0,,,,,80,,,,,,,,,,,,,,,,,,,,,,,,,,,,,,,,,,,,,,,,,,,,,,,,,,,,,
197.21998083300423,unswapping,,,,,,,,,,,,,,,,,,,,,,,,,,,,,,,,,,,,,,,,,,,,,,,,,,48,4,41560,1232,158,40,4,right,1,19,19,0,[],0,,,,,80,,,,,,,,,,,,,,,,,,,,,,,,,,,,,,,,,,,,,,,,,,,,,,,,,,,,,
198.38940158300102,unswap_cycle_summary,,,,,,,,,,,,391,372,763,,,,,,,,,,,,,,,,,,,512,0.0006,,,,,,,,,,,,,,,,48,4,41560,1232,158,40,,,,,,,,,,,,,,,,,,,,,6,12.549897041986696,763,808,45,21,False,True,False,,0,"[391, 372]","[0, 1, 2, 9, 3, 4, 5, 8, 6, 7, 11, 13, 10, 12, 14, 15, 16, 18, 17, 23, 19, 21, 20, 22, 26, 24, 25, 28, 29, 27, 34, 32, 31, 30, 35, 33, 37, 36, 38, 39]","[0, 1, 3, 5, 2, 4, 6, 8, 9, 10, 14, 7, 12, 13, 15, 19, 11, 17, 20, 24, 16, 21, 18, 22, 23, 26, 25, 28, 29, 27, 31, 33, 35, 30, 32, 34, 37, 36, 38, 39]","{'index': 7, 'interactions': [('unitary', (19, 20))]}","{'index': 5, 'interactions': [('unitary', (2, 1)), ('unitary', (10, 11)), ('unitary', (29, 30))]}","[2, 4, 4, 4, 4, 4, 5, 6, 5, 3, 2, 2, 2, 4, 5, 6, 5, 4, 3, 1, 1, 1, 1, 2, 2, 4, 4, 4, 4, 5, 4, 4, 3, 2, 4, 5, 4, 4, 2]",0d12a4332aa39fa0d74287361aa7478e204b1fa0ae84037df49062490848965d,,,,,,,,,,,,,,,,,,,,,,,,,,,,
198.5605365409865,rewiring,left,post_unswap,0.13015129195991904,17,False,False,,,,,,,,,,,,,,,,,,,,,,,,,,,,,,,,,,,,,,,,,,,,,,,,,,,,,,,,,,,,,,,,,,,,,,6,,,,,,,,,,,,,,,,,,50,False,21,4,bond_profile,8,False,1,5051,"(50, 11, 9, 8, 9, 58, 21)",0.002661749953404069,0.12746574892662466,"[{'seed': 2024, 'score': (59, 11, 10, 8, 8, 58, 19), 'num_layers': 19, 'total_swaps': 58, 'max_layer_swaps': 6, 'swap_only_layers': 8, 'work_layers': 11, 'unitary_layers': 11, 'first_work_layer': 0, 'leading_no_work_layers': 0, 'bond_profile_layers_scored': 8, 'bond_profile_total_cost': 59, 'bond_profile_max_cost': 11, 'bond_profile_gate_count': 10}, {'seed': 3033, 'score': (56, 11, 9, 8, 8, 58, 20), 'num_layers': 20, 'total_swaps': 58, 'max_layer_swaps': 6, 'swap_only_layers': 8, 'work_layers': 12, 'unitary_layers': 12, 'first_work_layer': 0, 'leading_no_work_layers': 0, 'bond_profile_layers_scored': 8, 'bond_profile_total_cost': 56, 'bond_profile_max_cost': 11, 'bond_profile_gate_count': 9}, {'seed': 4042, 'score': (53, 11, 10, 8, 9, 58, 20), 'num_layers': 20, 'total_swaps': 58, 'max_layer_swaps': 6, 'swap_only_layers': 9, 'work_layers': 11, 'unitary_layers': 11, 'first_work_layer': 0, 'leading_no_work_layers': 0, 'bond_profile_layers_scored': 8, 'bond_profile_total_cost': 53, 'bond_profile_max_cost': 11, 'bond_profile_gate_count': 10}, {'seed': 5051, 'score': (50, 11, 9, 8, 9, 58, 21), 'num_layers': 21, 'total_swaps': 58, 'max_layer_swaps': 6, 'swap_only_layers': 9, 'work_layers': 12, 'unitary_layers': 12, 'first_work_layer': 0, 'leading_no_work_layers': 0, 'bond_profile_layers_scored': 8, 'bond_profile_total_cost': 50, 'bond_profile_max_cost': 11, 'bond_profile_gate_count': 9}]",0.13014583301264793,0.27638245798880234,,,,,,,,,,,,,
198.70655941596488,rewiring,right,post_unswap,0.1458785419818014,40,False,False,,,,,,,,,,,,,,,,,,,,,,,,,,,,,,,,,,,,,,,,,,,,,,,,,,,,,,,,,,,,,,,,,,,,,,6,,,,,,,,,,,,,,,,,,50,False,21,4,bond_profile,8,False,1,2024,"(139, 48, 12, 8, 20, 129, 43)",0.0030767510179430246,0.14277454098919407,"[{'seed': 2024, 'score': (139, 48, 12, 8, 20, 129, 43), 'num_layers': 43, 'total_swaps': 129, 'max_layer_swaps': 8, 'swap_only_layers': 20, 'work_layers': 23, 'unitary_layers': 23, 'first_work_layer': 0, 'leading_no_work_layers': 0, 'bond_profile_layers_scored': 8, 'bond_profile_total_cost': 139, 'bond_profile_max_cost': 48, 'bond_profile_gate_count': 12}, {'seed': 3033, 'score': (139, 48, 12, 8, 22, 130, 44), 'num_layers': 44, 'total_swaps': 130, 'max_layer_swaps': 8, 'swap_only_layers': 22, 'work_layers': 22, 'unitary_layers': 22, 'first_work_layer': 0, 'leading_no_work_layers': 0, 'bond_profile_layers_scored': 8, 'bond_profile_total_cost': 139, 'bond_profile_max_cost': 48, 'bond_profile_gate_count': 12}, {'seed': 4042, 'score': (139, 48, 12, 8, 23, 130, 44), 'num_layers': 44, 'total_swaps': 130, 'max_layer_swaps': 8, 'swap_only_layers': 23, 'work_layers': 21, 'unitary_layers': 21, 'first_work_layer': 0, 'leading_no_work_layers': 0, 'bond_profile_layers_scored': 8, 'bond_profile_total_cost': 139, 'bond_profile_max_cost': 48, 'bond_profile_gate_count': 12}, {'seed': 5051, 'score': (139, 48, 12, 8, 22, 130, 44), 'num_layers': 44, 'total_swaps': 130, 'max_layer_swaps': 8, 'swap_only_layers': 22, 'work_layers': 22, 'unitary_layers': 22, 'first_work_layer': 0, 'leading_no_work_layers': 0, 'bond_profile_layers_scored': 8, 'bond_profile_total_cost': 139, 'bond_profile_max_cost': 48, 'bond_profile_gate_count': 12}]",0.14587287500035018,0.27638245798880234,,,,,,,,,,,,,
198.78554962499766,cycle_progress,,,,,,,,,,,,391,372,763,,,,,,,,,,,,,,,,,,,512,0.0006,,16148,0,,,,,,,,,,,,,48,4,41560,1232,158,40,,,,,,,,,,,,,,,,,,,,,6,,763,808,45,21,False,,,,,,,,,,,,,,,,,,,,,,,,,,0.27638245798880234,,,,,,,,,,,,,
198.9167588329874,absorbing,,,,,,,L,1,0,21,43,392,372,764,5,1,1,0.037361875001806766,0.046859624970238656,0.08422149997204542,0.08745062496745959,41848,54832,48,62,False,False,False,False,41848,48,False,512,0.0006,,41560,0,total_elems,41848,54832,1,1,,,,0.0,,,,48,4,41848,1248,158,40,,,,,,,,,,,,,,,,,,,,,,,,,,,,,,,,,,,,,,,,,,,,,,,,,,,,,,,,,,,,,,,,,,
199.0574397079763,absorbing,,,,,,,L,2,0,21,43,393,372,765,5,1,2,0.041504250024445355,0.05572820798261091,0.09723245800705627,0.09789504198124632,43376,55672,48,62,False,False,False,False,43376,48,False,512,0.0006,,41560,0,total_elems,43376,55672,1,1,,,,0.0,,,,48,4,43376,1300,158,40,,,,,,,,,,,,,,,,,,,,,,,,,,,,,,,,,,,,,,,,,,,,,,,,,,,,,,,,,,,,,,,,,,
199.27168249996612,absorbing,,,,,,,L,3,0,21,43,394,372,766,6,1,3,0.10986950004007667,0.05860958300763741,0.16847908304771408,0.16923091700300574,51608,58208,48,62,False,False,False,False,51608,48,False,512,0.0006,,41560,0,total_elems,51608,58208,1,1,,,,0.0,,,,48,4,51608,1442,158,40,,,,,,,,,,,,,,,,,,,,,,,,,,,,,,,,,,,,,,,,,,,,,,,,,,,,,,,,,,,,,,,,,,
199.4391558750067,absorbing,,,,,,,R,3,1,21,43,394,373,767,8,1,4,0.04958579200319946,0.07460891600931063,0.12419470801251009,0.12476816604612395,73764,70224,48,62,False,False,False,False,70224,62,False,512,0.0006,,41560,0,total_elems,73764,70224,1,1,,,,0.0,,,,62,4,70224,1640,158,40,,,,,,,,,,,,,,,,,,,,,,,,,,,,,,,,,,,,,,,,,,,,,,,,,,,,,,,,,,,,,,,,,,
199.6230029159924,absorbing,,,,,,,R,3,2,21,43,394,374,768,6,1,5,0.06491004204144701,0.07504929101560265,0.13995933305704966,0.14048245904268697,92560,85700,61,62,False,False,False,False,85700,62,False,512,0.0006,,41560,0,total_elems,92560,85700,1,1,,,,0.0,,,,62,4,85700,1832,158,40,,,,,,,,,,,,,,,,,,,,,,,,,,,,,,,,,,,,,,,,,,,,,,,,,,,,,,,,,,,,,,,,,,
199.88282470800914,absorbing,,,,,,,L,4,2,21,43,394,374,768,5,0,5,0.09251404099632055,0.1237907080212608,0.21630474901758134,0.2168400000082329,120524,145908,61,96,False,False,False,False,120524,61,False,512,0.0006,,41560,0,total_elems,120524,145908,1,1,,,,0.0,,,,61,4,120524,2106,158,40,,,,,,,,,,,,,,,,,,,,,,,,,,,,,,,,,,,,,,,,,,,,,,,,,,,,,,,,,,,,,,,,,,
200.22083091596141,absorbing,,,,,,,R,4,3,21,43,394,377,771,7,3,8,0.1393096250249073,0.15513187501346692,0.2944415000383742,0.29599962499924004,194608,187824,122,126,False,False,False,False,187824,126,False,512,0.0006,,41560,0,total_elems,194608,187824,1,1,,,,0.0,,,,126,4,187824,2556,158,40,,,,,,,,,,,,,,,,,,,,,,,,,,,,,,,,,,,,,,,,,,,,,,,,,,,,,,,,,,,,,,,,,,
200.75528291601222,absorbing,,,,,,,L,5,3,21,43,394,377,771,6,0,8,0.21737779199611396,0.27144400001270697,0.4888217920088209,0.49108125001657754,269416,385308,125,180,False,False,False,False,269416,125,False,512,0.0006,,41560,0,total_elems,269416,385308,1,1,,,,0.0,,,,125,4,269416,2996,158,40,,,,,,,,,,,,,,,,,,,,,,,,,,,,,,,,,,,,,,,,,,,,,,,,,,,,,,,,,,,,,,,,,,
201.4110503749689,absorbing,,,,,,,L,6,3,21,43,395,377,772,6,1,9,0.2840671250014566,0.32664020801894367,0.6107073330204003,0.6117897920194082,372976,451060,124,179,False,False,False,False,372976,124,False,512,0.0006,,41560,0,total_elems,372976,451060,1,1,,,,0.0,,,,124,4,372976,3468,158,40,,,,,,,,,,,,,,,,,,,,,,,,,,,,,,,,,,,,,,,,,,,,,,,,,,,,,,,,,,,,,,,,,,
202.39864637498977,absorbing,,,,,,,L,7,3,21,43,396,377,773,5,1,10,0.3979344579856843,0.544296249980107,0.9422307079657912,0.942984041001182,497896,543276,230,179,False,False,False,True,497896,230,False,512,0.0006,,41560,0,total_elems,497896,543276,1,1,,,,0.0,,,,230,4,497896,4014,158,40,,,,,,,,,,,,,,,,,,,,,,,,,,,,,,,,,,,,,,,,,,,,,,,,,,,,,,,,,,,,,,,,,,
207.52674533298705,unswapping,,,,,,,,,,,,,,,,,,,,,,,,,,,,,,,,,,,,,,,,,,,,,,,,,,179,4,442296,3804,158,40,0,both,0,20,20,6,"[[6, 7], [14, 15], [28, 29], [30, 31], [32, 33], [36, 37]]",6,,,,,0,,,,,,,,,,,,,,,,,,,,,,,,,,,,,,,,,,,,,,,,,,,,,,,,,,,,,
209.63772883301135,unswapping,,,,,,,,,,,,,,,,,,,,,,,,,,,,,,,,,,,,,,,,,,,,,,,,,,102,4,227328,2830,158,40,0,both,1,19,19,9,"[[3, 4], [7, 8], [11, 12], [15, 16], [19, 20], [21, 22], [23, 24], [25, 26], [29, 30]]",15,,,,,0,,,,,,,,,,,,,,,,,,,,,,,,,,,,,,,,,,,,,,,,,,,,,,,,,,,,,
210.30695895798272,unswapping,,,,,,,,,,,,,,,,,,,,,,,,,,,,,,,,,,,,,,,,,,,,,,,,,,93,4,164652,2448,158,40,0,left,0,20,20,8,"[[6, 7], [8, 9], [14, 15], [20, 21], [22, 23], [24, 25], [30, 31], [32, 33]]",23,,,,,16,,,,,,,,,,,,,,,,,,,,,,,,,,,,,,,,,,,,,,,,,,,,,,,,,,,,,
210.76828945800662,unswapping,,,,,,,,,,,,,,,,,,,,,,,,,,,,,,,,,,,,,,,,,,,,,,,,,,84,4,131788,2168,158,40,0,left,1,19,19,9,"[[3, 4], [13, 14], [15, 16], [17, 18], [19, 20], [25, 26], [27, 28], [29, 30], [31, 32]]",32,,,,,34,,,,,,,,,,,,,,,,,,,,,,,,,,,,,,,,,,,,,,,,,,,,,,,,,,,,,
211.12560450000456,unswapping,,,,,,,,,,,,,,,,,,,,,,,,,,,,,,,,,,,,,,,,,,,,,,,,,,79,4,100672,1918,158,40,0,right,0,20,20,7,"[[2, 3], [4, 5], [8, 9], [14, 15], [16, 17], [20, 21], [34, 35]]",39,,,,,36,,,,,,,,,,,,,,,,,,,,,,,,,,,,,,,,,,,,,,,,,,,,,,,,,,,,,
211.361420332978,unswapping,,,,,,,,,,,,,,,,,,,,,,,,,,,,,,,,,,,,,,,,,,,,,,,,,,76,4,80160,1732,158,40,0,right,1,19,19,5,"[[23, 24], [25, 26], [29, 30], [31, 32], [33, 34]]",44,,,,,42,,,,,,,,,,,,,,,,,,,,,,,,,,,,,,,,,,,,,,,,,,,,,,,,,,,,,
211.72982733300887,unswapping,,,,,,,,,,,,,,,,,,,,,,,,,,,,,,,,,,,,,,,,,,,,,,,,,,72,4,67764,1554,158,40,1,both,0,20,20,5,"[[12, 13], [18, 19], [20, 21], [22, 23], [32, 33]]",5,,,,,52,,,,,,,,,,,,,,,,,,,,,,,,,,,,,,,,,,,,,,,,,,,,,,,,,,,,,
212.06884158297908,unswapping,,,,,,,,,,,,,,,,,,,,,,,,,,,,,,,,,,,,,,,,,,,,,,,,,,69,4,63620,1488,158,40,1,both,1,19,19,4,"[[7, 8], [11, 12], [17, 18], [33, 34]]",9,,,,,60,,,,,,,,,,,,,,,,,,,,,,,,,,,,,,,,,,,,,,,,,,,,,,,,,,,,,
212.2282871659845,unswapping,,,,,,,,,,,,,,,,,,,,,,,,,,,,,,,,,,,,,,,,,,,,,,,,,,48,4,49968,1386,158,40,1,left,0,20,20,3,"[[6, 7], [10, 11], [12, 13]]",12,,,,,64,,,,,,,,,,,,,,,,,,,,,,,,,,,,,,,,,,,,,,,,,,,,,,,,,,,,,
212.3451833750005,unswapping,,,,,,,,,,,,,,,,,,,,,,,,,,,,,,,,,,,,,,,,,,,,,,,,,,33,4,41304,1302,158,40,1,left,1,19,19,2,"[[5, 6], [9, 10]]",14,,,,,68,,,,,,,,,,,,,,,,,,,,,,,,,,,,,,,,,,,,,,,,,,,,,,,,,,,,,
212.4090097079752,unswapping,,,,,,,,,,,,,,,,,,,,,,,,,,,,,,,,,,,,,,,,,,,,,,,,,,33,4,41304,1302,158,40,1,right,0,20,20,0,[],14,,,,,68,,,,,,,,,,,,,,,,,,,,,,,,,,,,,,,,,,,,,,,,,,,,,,,,,,,,,
212.5145972080063,unswapping,,,,,,,,,,,,,,,,,,,,,,,,,,,,,,,,,,,,,,,,,,,,,,,,,,33,4,40304,1276,158,40,1,right,1,19,19,3,"[[11, 12], [21, 22], [33, 34]]",17,,,,,70,,,,,,,,,,,,,,,,,,,,,,,,,,,,,,,,,,,,,,,,,,,,,,,,,,,,,
212.70939949998865,unswapping,,,,,,,,,,,,,,,,,,,,,,,,,,,,,,,,,,,,,,,,,,,,,,,,,,33,4,39168,1252,158,40,2,both,0,20,20,4,"[[4, 5], [18, 19], [20, 21], [34, 35]]",4,,,,,70,,,,,,,,,,,,,,,,,,,,,,,,,,,,,,,,,,,,,,,,,,,,,,,,,,,,,
212.83703904098365,unswapping,,,,,,,,,,,,,,,,,,,,,,,,,,,,,,,,,,,,,,,,,,,,,,,,,,33,4,39168,1252,158,40,2,both,1,19,19,0,[],4,,,,,70,,,,,,,,,,,,,,,,,,,,,,,,,,,,,,,,,,,,,,,,,,,,,,,,,,,,,
212.9000639579608,unswapping,,,,,,,,,,,,,,,,,,,,,,,,,,,,,,,,,,,,,,,,,,,,,,,,,,33,4,39168,1252,158,40,2,left,0,20,20,0,[],4,,,,,70,,,,,,,,,,,,,,,,,,,,,,,,,,,,,,,,,,,,,,,,,,,,,,,,,,,,,
212.98646366596222,unswapping,,,,,,,,,,,,,,,,,,,,,,,,,,,,,,,,,,,,,,,,,,,,,,,,,,32,4,36256,1226,158,40,2,left,1,19,19,1,"[[3, 4]]",5,,,,,70,,,,,,,,,,,,,,,,,,,,,,,,,,,,,,,,,,,,,,,,,,,,,,,,,,,,,
213.07104333298048,unswapping,,,,,,,,,,,,,,,,,,,,,,,,,,,,,,,,,,,,,,,,,,,,,,,,,,32,4,34624,1198,158,40,2,right,0,20,20,2,"[[4, 5], [12, 13]]",7,,,,,70,,,,,,,,,,,,,,,,,,,,,,,,,,,,,,,,,,,,,,,,,,,,,,,,,,,,,
213.12262450001435,unswapping,,,,,,,,,,,,,,,,,,,,,,,,,,,,,,,,,,,,,,,,,,,,,,,,,,32,4,34624,1198,158,40,2,right,1,19,19,0,[],7,,,,,70,,,,,,,,,,,,,,,,,,,,,,,,,,,,,,,,,,,,,,,,,,,,,,,,,,,,,
213.23762679100037,unswapping,,,,,,,,,,,,,,,,,,,,,,,,,,,,,,,,,,,,,,,,,,,,,,,,,,32,4,34624,1198,158,40,3,both,0,20,20,0,[],0,,,,,70,,,,,,,,,,,,,,,,,,,,,,,,,,,,,,,,,,,,,,,,,,,,,,,,,,,,,
213.34316562500317,unswapping,,,,,,,,,,,,,,,,,,,,,,,,,,,,,,,,,,,,,,,,,,,,,,,,,,32,4,34624,1198,158,40,3,both,1,19,19,0,[],0,,,,,70,,,,,,,,,,,,,,,,,,,,,,,,,,,,,,,,,,,,,,,,,,,,,,,,,,,,,
213.3966856249608,unswapping,,,,,,,,,,,,,,,,,,,,,,,,,,,,,,,,,,,,,,,,,,,,,,,,,,32,4,34624,1198,158,40,3,left,0,20,20,0,[],0,,,,,70,,,,,,,,,,,,,,,,,,,,,,,,,,,,,,,,,,,,,,,,,,,,,,,,,,,,,
213.45111520797946,unswapping,,,,,,,,,,,,,,,,,,,,,,,,,,,,,,,,,,,,,,,,,,,,,,,,,,32,4,34624,1198,158,40,3,left,1,19,19,0,[],0,,,,,70,,,,,,,,,,,,,,,,,,,,,,,,,,,,,,,,,,,,,,,,,,,,,,,,,,,,,
213.50315654097358,unswapping,,,,,,,,,,,,,,,,,,,,,,,,,,,,,,,,,,,,,,,,,,,,,,,,,,32,4,34624,1198,158,40,3,right,0,20,20,0,[],0,,,,,70,,,,,,,,,,,,,,,,,,,,,,,,,,,,,,,,,,,,,,,,,,,,,,,,,,,,,
213.55337029095972,unswapping,,,,,,,,,,,,,,,,,,,,,,,,,,,,,,,,,,,,,,,,,,,,,,,,,,32,4,34624,1198,158,40,3,right,1,19,19,0,[],0,,,,,70,,,,,,,,,,,,,,,,,,,,,,,,,,,,,,,,,,,,,,,,,,,,,,,,,,,,,
214.54373695800314,unswap_cycle_summary,,,,,,,,,,,,396,377,773,,,,,,,,,,,,,,,,,,,512,0.0006,,,,,,,,,,,,,,,,32,4,34624,1198,158,40,,,,,,,,,,,,,,,,,,,,,7,10.107664375042077,773,808,35,10,False,True,False,,0,"[396, 377]","[0, 1, 2, 9, 3, 4, 5, 8, 7, 16, 6, 10, 11, 12, 13, 14, 15, 22, 17, 18, 20, 19, 21, 24, 26, 25, 23, 29, 27, 30, 31, 32, 33, 34, 35, 28, 37, 36, 38, 39]","[0, 1, 4, 2, 5, 3, 7, 9, 8, 6, 10, 12, 11, 13, 16, 15, 17, 20, 18, 14, 23, 19, 22, 21, 24, 25, 26, 27, 29, 28, 31, 33, 35, 30, 34, 32, 37, 36, 38, 39]","{'index': 8, 'interactions': [('unitary', (19, 20)), ('unitary', (24, 25))]}","{'index': 3, 'interactions': [('unitary', (29, 30))]}","[2, 4, 5, 5, 4, 4, 5, 5, 3, 2, 2, 2, 3, 5, 5, 5, 4, 2, 0, 0, 0, 2, 3, 2, 3, 4, 5, 5, 4, 5, 4, 4, 3, 2, 4, 5, 4, 4, 2]",a2881d8e9215e4a4b4f38a813b1f15aa0686b466175ff753ec8d1f04037608be,,,,,,,,,,,,,,,,,,,,,,,,,,,,
214.67591049999464,rewiring,left,post_unswap,0.09131779201561585,16,False,False,,,,,,,,,,,,,,,,,,,,,,,,,,,,,,,,,,,,,,,,,,,,,,,,,,,,,,,,,,,,,,,,,,,,,,7,,,,,,,,,,,,,,,,,,50,False,10,4,bond_profile,8,False,1,3033,"(32, 16, 8, 7, 11, 48, 18)",0.002495915978215635,0.0888012089417316,"[{'seed': 2024, 'score': (43, 24, 8, 7, 11, 48, 18), 'num_layers': 18, 'total_swaps': 48, 'max_layer_swaps': 5, 'swap_only_layers': 11, 'work_layers': 7, 'unitary_layers': 7, 'first_work_layer': 0, 'leading_no_work_layers': 0, 'bond_profile_layers_scored': 7, 'bond_profile_total_cost': 43, 'bond_profile_max_cost': 24, 'bond_profile_gate_count': 8}, {'seed': 3033, 'score': (32, 16, 8, 7, 11, 48, 18), 'num_layers': 18, 'total_swaps': 48, 'max_layer_swaps': 5, 'swap_only_layers': 11, 'work_layers': 7, 'unitary_layers': 7, 'first_work_layer': 0, 'leading_no_work_layers': 0, 'bond_profile_layers_scored': 7, 'bond_profile_total_cost': 32, 'bond_profile_max_cost': 16, 'bond_profile_gate_count': 8}, {'seed': 4042, 'score': (34, 18, 8, 6, 13, 48, 19), 'num_layers': 19, 'total_swaps': 48, 'max_layer_swaps': 5, 'swap_only_layers': 13, 'work_layers': 6, 'unitary_layers': 6, 'first_work_layer': 0, 'leading_no_work_layers': 0, 'bond_profile_layers_scored': 6, 'bond_profile_total_cost': 34, 'bond_profile_max_cost': 18, 'bond_profile_gate_count': 8}, {'seed': 5051, 'score': (39, 16, 8, 7, 10, 48, 17), 'num_layers': 17, 'total_swaps': 48, 'max_layer_swaps': 4, 'swap_only_layers': 10, 'work_layers': 7, 'unitary_layers': 7, 'first_work_layer': 0, 'leading_no_work_layers': 0, 'bond_profile_layers_scored': 7, 'bond_profile_total_cost': 39, 'bond_profile_max_cost': 16, 'bond_profile_gate_count': 8}]",0.09131341695319861,0.22988708299817517,,,,,,,,,,,,,
214.81432462501107,rewiring,right,post_unswap,0.1382907920051366,42,False,False,,,,,,,,,,,,,,,,,,,,,,,,,,,,,,,,,,,,,,,,,,,,,,,,,,,,,,,,,,,,,,,,,,,,,,7,,,,,,,,,,,,,,,,,,50,False,10,4,bond_profile,8,False,1,2024,"(158, 26, 12, 8, 30, 121, 50)",0.00279591599246487,0.13547358399955556,"[{'seed': 2024, 'score': (158, 26, 12, 8, 30, 121, 50), 'num_layers': 50, 'total_swaps': 121, 'max_layer_swaps': 9, 'swap_only_layers': 30, 'work_layers': 20, 'unitary_layers': 20, 'first_work_layer': 0, 'leading_no_work_layers': 0, 'bond_profile_layers_scored': 8, 'bond_profile_total_cost': 158, 'bond_profile_max_cost': 26, 'bond_profile_gate_count': 12}, {'seed': 3033, 'score': (166, 26, 12, 8, 24, 121, 44), 'num_layers': 44, 'total_swaps': 121, 'max_layer_swaps': 10, 'swap_only_layers': 24, 'work_layers': 20, 'unitary_layers': 20, 'first_work_layer': 0, 'leading_no_work_layers': 0, 'bond_profile_layers_scored': 8, 'bond_profile_total_cost': 166, 'bond_profile_max_cost': 26, 'bond_profile_gate_count': 12}, {'seed': 4042, 'score': (166, 26, 12, 8, 27, 121, 46), 'num_layers': 46, 'total_swaps': 121, 'max_layer_swaps': 9, 'swap_only_layers': 27, 'work_layers': 19, 'unitary_layers': 19, 'first_work_layer': 0, 'leading_no_work_layers': 0, 'bond_profile_layers_scored': 8, 'bond_profile_total_cost': 166, 'bond_profile_max_cost': 26, 'bond_profile_gate_count': 12}, {'seed': 5051, 'score': (166, 26, 12, 8, 28, 121, 48), 'num_layers': 48, 'total_swaps': 121, 'max_layer_swaps': 9, 'swap_only_layers': 28, 'work_layers': 20, 'unitary_layers': 20, 'first_work_layer': 0, 'leading_no_work_layers': 0, 'bond_profile_layers_scored': 8, 'bond_profile_total_cost': 166, 'bond_profile_max_cost': 26, 'bond_profile_gate_count': 12}]",0.1382858330034651,0.22988708299817517,,,,,,,,,,,,,
214.8943808329641,cycle_progress,,,,,,,,,,,,396,377,773,,,,,,,,,,,,,,,,,,,512,0.0006,,41560,0,,,,,,,,,,,,,32,4,34624,1198,158,40,,,,,,,,,,,,,,,,,,,,,7,,773,808,35,10,False,,,,,,,,,,,,,,,,,,,,,,,,,,0.22988708299817517,,,,,,,,,,,,,
215.03298020799411,absorbing,,,,,,,L,1,0,18,50,398,377,775,5,2,2,0.03359562502009794,0.04870124999433756,0.0822968750144355,0.08464054198702797,34904,51180,32,58,False,False,False,False,34904,32,False,512,0.0006,,34624,0,total_elems,34904,51180,1,1,,,,0.0,,,,32,4,34904,1212,158,40,,,,,,,,,,,,,,,,,,,,,,,,,,,,,,,,,,,,,,,,,,,,,,,,,,,,,,,,,,,,,,,,,,
215.17720629100222,absorbing,,,,,,,L,2,0,18,50,398,377,775,4,0,2,0.0417265830328688,0.0583782919566147,0.1001048749894835,0.10065395798301324,39536,52068,33,58,False,False,False,False,39536,33,False,512,0.0006,,34624,0,total_elems,39536,52068,1,1,,,,0.0,,,,33,4,39536,1278,158,40,,,,,,,,,,,,,,,,,,,,,,,,,,,,,,,,,,,,,,,,,,,,,,,,,,,,,,,,,,,,,,,,,,
215.33010445797117,absorbing,,,,,,,L,3,0,18,50,399,377,776,4,1,3,0.04225204105023295,0.06614558299770579,0.10839762404793873,0.10894033295335248,43408,56100,33,58,False,False,False,False,43408,33,False,512,0.0006,,34624,0,total_elems,43408,56100,1,1,,,,0.0,,,,33,4,43408,1340,158,40,,,,,,,,,,,,,,,,,,,,,,,,,,,,,,,,,,,,,,,,,,,,,,,,,,,,,,,,,,,,,,,,,,
215.48584500001743,absorbing,,,,,,,L,4,0,18,50,399,377,776,4,0,3,0.043012125010136515,0.06660533300600946,0.10961745801614597,0.11018862499622628,55096,62188,48,58,False,False,False,False,55096,48,False,512,0.0006,,34624,0,total_elems,55096,62188,1,1,,,,0.0,,,,48,4,55096,1490,158,40,,,,,,,,,,,,,,,,,,,,,,,,,,,,,,,,,,,,,,,,,,,,,,,,,,,,,,,,,,,,,,,,,,
215.6959528750158,absorbing,,,,,,,L,5,0,18,50,399,377,776,4,0,3,0.0823303330107592,0.0836594159482047,0.1659897489589639,0.16651158401509747,74608,78828,67,58,False,False,False,False,74608,67,False,512,0.0006,,34624,0,total_elems,74608,78828,1,1,,,,0.0,,,,67,4,74608,1666,158,40,,,,,,,,,,,,,,,,,,,,,,,,,,,,,,,,,,,,,,,,,,,,,,,,,,,,,,,,,,,,,,,,,,
215.9088503330131,absorbing,,,,,,,L,6,0,18,50,399,377,776,4,0,3,0.0670450420002453,0.10225870902650058,0.16930375102674589,0.16980983299436048,89432,100396,66,66,False,False,False,False,89432,66,False,512,0.0006,,34624,0,total_elems,89432,100396,1,1,,,,0.0,,,,66,4,89432,1794,158,40,,,,,,,,,,,,,,,,,,,,,,,,,,,,,,,,,,,,,,,,,,,,,,,,,,,,,,,,,,,,,,,,,,
216.20936220797012,absorbing,,,,,,,R,6,1,18,50,399,379,778,9,2,5,0.07300212502013892,0.1839748329948634,0.2569769580150023,0.25748720800038427,116724,115444,80,65,False,False,False,False,115444,65,False,512,0.0006,,34624,0,total_elems,116724,115444,1,1,,,,0.0,,,,65,4,115444,2078,158,40,,,,,,,,,,,,,,,,,,,,,,,,,,,,,,,,,,,,,,,,,,,,,,,,,,,,,,,,,,,,,,,,,,
216.5063406249974,absorbing,,,,,,,L,7,1,18,50,399,379,778,3,0,5,0.10626050003338605,0.14613166701747105,0.2523921670508571,0.2538074579788372,138136,169576,64,96,False,False,False,False,138136,64,False,512,0.0006,,34624,0,total_elems,138136,169576,1,1,,,,0.0,,,,64,4,138136,2250,158,40,,,,,,,,,,,,,,,,,,,,,,,,,,,,,,,,,,,,,,,,,,,,,,,,,,,,,,,,,,,,,,,,,,
216.8342397909728,absorbing,,,,,,,L,8,1,18,50,399,379,778,2,0,5,0.10262541699921712,0.18044020899105817,0.2830656259902753,0.28380850004032254,149116,197992,64,96,False,False,False,False,149116,64,False,512,0.0006,,34624,0,total_elems,149116,197992,1,1,,,,0.0,,,,64,4,149116,2348,158,40,,,,,,,,,,,,,,,,,,,,,,,,,,,,,,,,,,,,,,,,,,,,,,,,,,,,,,,,,,,,,,,,,,
217.15990587498527,absorbing,,,,,,,L,9,1,18,50,400,379,779,1,1,6,0.09803175000706688,0.17862708296161145,0.2766588329686783,0.27952887502033263,149972,210924,64,96,False,False,False,False,149972,64,False,512,0.0006,,34624,0,total_elems,149972,210924,1,1,,,,0.0,,,,64,4,149972,2376,158,40,,,,,,,,,,,,,,,,,,,,,,,,,,,,,,,,,,,,,,,,,,,,,,,,,,,,,,,,,,,,,,,,,,
217.49252608296229,absorbing,,,,,,,L,10,1,18,50,400,379,779,3,0,6,0.09131912497105077,0.19276175001868978,0.28408087498974055,0.2871700419927947,153828,211468,64,96,False,False,False,False,153828,64,False,512,0.0006,,34624,0,total_elems,153828,211468,1,1,,,,0.0,,,,64,4,153828,2418,158,40,,,,,,,,,,,,,,,,,,,,,,,,,,,,,,,,,,,,,,,,,,,,,,,,,,,,,,,,,,,,,,,,,,
217.96869395801332,absorbing,,,,,,,L,11,1,18,50,400,379,779,4,0,6,0.11926499998662621,0.3101412919932045,0.4294062919798307,0.4300722919870168,177364,215236,106,96,False,False,False,False,177364,106,False,512,0.0006,,34624,0,total_elems,177364,215236,1,1,,,,0.0,,,,106,4,177364,2620,158,40,,,,,,,,,,,,,,,,,,,,,,,,,,,,,,,,,,,,,,,,,,,,,,,,,,,,,,,,,,,,,,,,,,
218.3691420829855,absorbing,,,,,,,L,12,1,18,50,401,379,780,3,1,7,0.147100624977611,0.20704612496774644,0.35414674994535744,0.35557212500134483,182104,245440,101,101,False,False,False,False,182104,101,False,512,0.0006,,34624,0,total_elems,182104,245440,1,1,,,,0.0,,,,101,4,182104,2674,158,40,,,,,,,,,,,,,,,,,,,,,,,,,,,,,,,,,,,,,,,,,,,,,,,,,,,,,,,,,,,,,,,,,,
218.81183779099956,absorbing,,,,,,,L,13,1,18,50,402,379,781,3,1,8,0.15785450005205348,0.2399127499666065,0.39776725001866,0.39917783299461007,238312,254196,146,98,False,False,False,False,238312,146,False,512,0.0006,,34624,0,total_elems,238312,254196,1,1,,,,0.0,,,,146,4,238312,2984,158,40,,,,,,,,,,,,,,,,,,,,,,,,,,,,,,,,,,,,,,,,,,,,,,,,,,,,,,,,,,,,,,,,,,
219.32664841599762,absorbing,,,,,,,L,14,1,18,50,403,379,782,1,1,9,0.1937389589729719,0.27449570898897946,0.46823466796195135,0.4709768339525908,285648,310396,143,143,False,False,False,False,285648,143,False,512,0.0006,,34624,0,total_elems,285648,310396,1,1,,,,0.0,,,,143,4,285648,3288,158,40,,,,,,,,,,,,,,,,,,,,,,,,,,,,,,,,,,,,,,,,,,,,,,,,,,,,,,,,,,,,,,,,,,
219.91222712496528,absorbing,,,,,,,L,15,1,18,50,403,379,782,1,0,9,0.23294412496034056,0.3069395420025103,0.5398836669628508,0.5404470830108039,323764,399240,140,157,False,False,False,False,323764,140,False,512,0.0006,,34624,0,total_elems,323764,399240,1,1,,,,0.0,,,,140,4,323764,3414,158,40,,,,,,,,,,,,,,,,,,,,,,,,,,,,,,,,,,,,,,,,,,,,,,,,,,,,,,,,,,,,,,,,,,
220.5510952079785,absorbing,,,,,,,L,16,1,18,50,403,379,782,1,0,9,0.21235704194987193,0.3800597919616848,0.5924168339115568,0.5938784169848077,322348,469660,136,157,False,False,False,False,322348,136,False,512,0.0006,,34624,0,total_elems,322348,469660,1,1,,,,0.0,,,,136,4,322348,3400,158,40,,,,,,,,,,,,,,,,,,,,,,,,,,,,,,,,,,,,,,,,,,,,,,,,,,,,,,,,,,,,,,,,,,
221.16405124997254,absorbing,,,,,,,L,17,1,18,50,403,379,782,1,0,9,0.17925937502877787,0.3868770420085639,0.5661364170373417,0.5677822909783572,316784,485660,135,157,False,False,False,False,316784,135,False,512,0.0006,,34624,0,total_elems,316784,485660,1,1,,,,0.0,,,,135,4,316784,3376,158,40,,,,,,,,,,,,,,,,,,,,,,,,,,,,,,,,,,,,,,,,,,,,,,,,,,,,,,,,,,,,,,,,,,
221.8096939160023,absorbing,,,,,,,L,18,1,18,50,404,379,783,0,1,10,0.19468308304203674,0.40203662496060133,0.5967197080026381,0.5990929580293596,316732,482916,134,157,False,False,False,False,316732,134,False,512,0.0006,,34624,0,total_elems,316732,482916,1,1,,,,0.0,,,,134,4,316732,3406,158,40,,,,,,,,,,,,,,,,,,,,,,,,,,,,,,,,,,,,,,,,,,,,,,,,,,,,,,,,,,,,,,,,,,
222.2189795000013,absorbing,,,,,,,R,18,2,18,50,404,380,784,8,1,11,0.0,0.36194770800648257,0.36194770800648257,0.36335433297790587,,485948,,157,False,False,False,False,485948,157,False,512,0.0006,,34624,0,total_elems,,485948,1,1,,,,0.0,,,,157,4,485948,4116,158,40,,,,,,,,,,,,,,,,,,,,,,,,,,,,,,,,,,,,,,,,,,,,,,,,,,,,,,,,,,,,,,,,,,
225.38904370798264,unswapping,,,,,,,,,,,,,,,,,,,,,,,,,,,,,,,,,,,,,,,,,,,,,,,,,,153,4,422392,3716,158,40,0,both,0,20,20,3,"[[10, 11], [28, 29], [36, 37]]",3,,,,,0,,,,,,,,,,,,,,,,,,,,,,,,,,,,,,,,,,,,,,,,,,,,,,,,,,,,,
227.46645141596673,unswapping,,,,,,,,,,,,,,,,,,,,,,,,,,,,,,,,,,,,,,,,,,,,,,,,,,126,4,327788,3268,158,40,0,both,1,19,19,7,"[[3, 4], [13, 14], [15, 16], [19, 20], [29, 30], [31, 32], [33, 34]]",10,,,,,0,,,,,,,,,,,,,,,,,,,,,,,,,,,,,,,,,,,,,,,,,,,,,,,,,,,,,
228.2222306659678,unswapping,,,,,,,,,,,,,,,,,,,,,,,,,,,,,,,,,,,,,,,,,,,,,,,,,,125,4,291728,3106,158,40,0,left,0,20,20,1,"[[20, 21]]",11,,,,,2,,,,,,,,,,,,,,,,,,,,,,,,,,,,,,,,,,,,,,,,,,,,,,,,,,,,,
228.98343387496425,unswapping,,,,,,,,,,,,,,,,,,,,,,,,,,,,,,,,,,,,,,,,,,,,,,,,,,124,4,242736,2904,158,40,0,left,1,19,19,6,"[[3, 4], [13, 14], [15, 16], [19, 20], [21, 22], [31, 32]]",17,,,,,14,,,,,,,,,,,,,,,,,,,,,,,,,,,,,,,,,,,,,,,,,,,,,,,,,,,,,
229.62504629098112,unswapping,,,,,,,,,,,,,,,,,,,,,,,,,,,,,,,,,,,,,,,,,,,,,,,,,,112,4,215064,2746,158,40,0,right,0,20,20,5,"[[2, 3], [4, 5], [14, 15], [22, 23], [32, 33]]",22,,,,,24,,,,,,,,,,,,,,,,,,,,,,,,,,,,,,,,,,,,,,,,,,,,,,,,,,,,,
230.11285245796898,unswapping,,,,,,,,,,,,,,,,,,,,,,,,,,,,,,,,,,,,,,,,,,,,,,,,,,109,4,206708,2690,158,40,0,right,1,19,19,2,"[[11, 12], [29, 30]]",24,,,,,28,,,,,,,,,,,,,,,,,,,,,,,,,,,,,,,,,,,,,,,,,,,,,,,,,,,,,
230.92035708297044,unswapping,,,,,,,,,,,,,,,,,,,,,,,,,,,,,,,,,,,,,,,,,,,,,,,,,,109,4,206708,2690,158,40,1,both,0,20,20,0,[],0,,,,,28,,,,,,,,,,,,,,,,,,,,,,,,,,,,,,,,,,,,,,,,,,,,,,,,,,,,,
231.95455491601024,unswapping,,,,,,,,,,,,,,,,,,,,,,,,,,,,,,,,,,,,,,,,,,,,,,,,,,103,4,197216,2636,158,40,1,both,1,19,19,1,"[[23, 24]]",1,,,,,30,,,,,,,,,,,,,,,,,,,,,,,,,,,,,,,,,,,,,,,,,,,,,,,,,,,,,
232.40800137497718,unswapping,,,,,,,,,,,,,,,,,,,,,,,,,,,,,,,,,,,,,,,,,,,,,,,,,,100,4,190944,2586,158,40,1,left,0,20,20,1,"[[32, 33]]",2,,,,,30,,,,,,,,,,,,,,,,,,,,,,,,,,,,,,,,,,,,,,,,,,,,,,,,,,,,,
232.85187999997288,unswapping,,,,,,,,,,,,,,,,,,,,,,,,,,,,,,,,,,,,,,,,,,,,,,,,,,98,4,189152,2576,158,40,1,left,1,19,19,1,"[[5, 6]]",3,,,,,32,,,,,,,,,,,,,,,,,,,,,,,,,,,,,,,,,,,,,,,,,,,,,,,,,,,,,
233.21009337500436,unswapping,,,,,,,,,,,,,,,,,,,,,,,,,,,,,,,,,,,,,,,,,,,,,,,,,,98,4,189152,2576,158,40,1,right,0,20,20,0,[],3,,,,,32,,,,,,,,,,,,,,,,,,,,,,,,,,,,,,,,,,,,,,,,,,,,,,,,,,,,,
233.52405504096532,unswapping,,,,,,,,,,,,,,,,,,,,,,,,,,,,,,,,,,,,,,,,,,,,,,,,,,98,4,189152,2576,158,40,1,right,1,19,19,0,[],3,,,,,32,,,,,,,,,,,,,,,,,,,,,,,,,,,,,,,,,,,,,,,,,,,,,,,,,,,,,
234.32991724996828,unswapping,,,,,,,,,,,,,,,,,,,,,,,,,,,,,,,,,,,,,,,,,,,,,,,,,,98,4,189152,2576,158,40,2,both,0,20,20,0,[],0,,,,,32,,,,,,,,,,,,,,,,,,,,,,,,,,,,,,,,,,,,,,,,,,,,,,,,,,,,,
235.0506357079721,unswapping,,,,,,,,,,,,,,,,,,,,,,,,,,,,,,,,,,,,,,,,,,,,,,,,,,98,4,189152,2576,158,40,2,both,1,19,19,0,[],0,,,,,32,,,,,,,,,,,,,,,,,,,,,,,,,,,,,,,,,,,,,,,,,,,,,,,,,,,,,
235.39672741596587,unswapping,,,,,,,,,,,,,,,,,,,,,,,,,,,,,,,,,,,,,,,,,,,,,,,,,,98,4,189152,2576,158,40,2,left,0,20,20,0,[],0,,,,,32,,,,,,,,,,,,,,,,,,,,,,,,,,,,,,,,,,,,,,,,,,,,,,,,,,,,,
235.76611149997916,unswapping,,,,,,,,,,,,,,,,,,,,,,,,,,,,,,,,,,,,,,,,,,,,,,,,,,98,4,189152,2576,158,40,2,left,1,19,19,0,[],0,,,,,32,,,,,,,,,,,,,,,,,,,,,,,,,,,,,,,,,,,,,,,,,,,,,,,,,,,,,
236.15344383299816,unswapping,,,,,,,,,,,,,,,,,,,,,,,,,,,,,,,,,,,,,,,,,,,,,,,,,,98,4,189152,2576,158,40,2,right,0,20,20,0,[],0,,,,,32,,,,,,,,,,,,,,,,,,,,,,,,,,,,,,,,,,,,,,,,,,,,,,,,,,,,,
236.53492554096738,unswapping,,,,,,,,,,,,,,,,,,,,,,,,,,,,,,,,,,,,,,,,,,,,,,,,,,98,4,189152,2576,158,40,2,right,1,19,19,0,[],0,,,,,32,,,,,,,,,,,,,,,,,,,,,,,,,,,,,,,,,,,,,,,,,,,,,,,,,,,,,
237.3359778749873,unswap_cycle_summary,,,,,,,,,,,,404,380,784,,,,,,,,,,,,,,,,,,,512,0.0006,,,,,,,,,,,,,,,,98,4,189152,2576,158,40,,,,,,,,,,,,,,,,,,,,,8,13.795472208003048,784,808,24,11,False,True,False,,0,"[404, 380]","[0, 1, 2, 3, 4, 6, 5, 7, 8, 9, 11, 10, 12, 13, 14, 15, 16, 17, 18, 21, 20, 22, 19, 24, 23, 25, 26, 27, 29, 30, 28, 31, 34, 32, 33, 35, 37, 36, 38, 39]","[0, 1, 4, 2, 5, 3, 6, 7, 8, 9, 11, 12, 10, 14, 16, 13, 15, 17, 18, 20, 19, 21, 23, 24, 22, 25, 26, 27, 29, 28, 30, 32, 34, 31, 33, 35, 37, 36, 38, 39]",,"{'index': 2, 'interactions': [('unitary', (20, 21))]}","[2, 4, 5, 5, 5, 6, 6, 5, 4, 4, 4, 4, 5, 6, 7, 7, 6, 4, 4, 5, 4, 5, 5, 6, 5, 5, 6, 6, 5, 5, 5, 5, 5, 4, 4, 5, 4, 4, 2]",05c9fa5643d626c5360adbd2919cfefc99ce06ab05db8bf307fc4728c556b8e0,,,,,,,,,,,,,,,,,,,,,,,,,,,,
237.60259433300234,rewiring,right,post_unswap,0.22223541600396857,50,False,False,,,,,,,,,,,,,,,,,,,,,,,,,,,,,,,,,,,,,,,,,,,,,,,,,,,,,,,,,,,,,,,,,,,,,,8,,,,,,,,,,,,,,,,,,50,False,11,4,bond_profile,8,False,1,3033,"(378, 64, 11, 8, 29, 125, 48)",0.00318175001302734,0.21895204193424433,"[{'seed': 2024, 'score': (536, 98, 12, 8, 33, 123, 52), 'num_layers': 52, 'total_swaps': 123, 'max_layer_swaps': 8, 'swap_only_layers': 33, 'work_layers': 19, 'unitary_layers': 19, 'first_work_layer': 1, 'leading_no_work_layers': 1, 'bond_profile_layers_scored': 8, 'bond_profile_total_cost': 536, 'bond_profile_max_cost': 98, 'bond_profile_gate_count': 12}, {'seed': 3033, 'score': (378, 64, 11, 8, 29, 125, 48), 'num_layers': 48, 'total_swaps': 125, 'max_layer_swaps': 8, 'swap_only_layers': 29, 'work_layers': 19, 'unitary_layers': 19, 'first_work_layer': 1, 'leading_no_work_layers': 1, 'bond_profile_layers_scored': 8, 'bond_profile_total_cost': 378, 'bond_profile_max_cost': 64, 'bond_profile_gate_count': 11}, {'seed': 4042, 'score': (472, 98, 11, 8, 34, 123, 54), 'num_layers': 54, 'total_swaps': 123, 'max_layer_swaps': 8, 'swap_only_layers': 34, 'work_layers': 20, 'unitary_layers': 20, 'first_work_layer': 1, 'leading_no_work_layers': 1, 'bond_profile_layers_scored': 8, 'bond_profile_total_cost': 472, 'bond_profile_max_cost': 98, 'bond_profile_gate_count': 11}, {'seed': 5051, 'score': (472, 98, 11, 8, 35, 122, 53), 'num_layers': 53, 'total_swaps': 122, 'max_layer_swaps': 8, 'swap_only_layers': 35, 'work_layers': 18, 'unitary_layers': 18, 'first_work_layer': 1, 'leading_no_work_layers': 1, 'bond_profile_layers_scored': 8, 'bond_profile_total_cost': 472, 'bond_profile_max_cost': 98, 'bond_profile_gate_count': 11}]",0.2222029590047896,0.22245287499390543,,,,,,,,,,,,,
237.64865916600684,cycle_progress,,,,,,,,,,,,404,380,784,,,,,,,,,,,,,,,,,,,512,0.0006,,34624,0,,,,,,,,,,,,,98,4,189152,2576,158,40,,,,,,,,,,,,,,,,,,,,,8,,784,808,24,11,False,,,,,,,,,,,,,,,,,,,,,,,,,,0.22245287499390543,,,,,,,,,,,,,
237.9091449159896,absorbing,,,,,,,R,0,1,0,48,404,380,784,8,0,0,0.0,0.2127818749868311,0.2127818749868311,0.21422970801359043,,233640,,123,False,False,False,False,233640,123,False,512,0.0006,,189152,0,total_elems,,233640,1,1,,,,0.0,,,,123,4,233640,2898,158,40,,,,,,,,,,,,,,,,,,,,,,,,,,,,,,,,,,,,,,,,,,,,,,,,,,,,,,,,,,,,,,,,,,
238.2182977909688,absorbing,,,,,,,R,0,2,0,48,404,381,785,7,1,1,0.0,0.25499554199632257,0.25499554199632257,0.25521249999292195,,347572,,123,False,False,False,False,347572,123,False,512,0.0006,,189152,0,total_elems,,347572,1,1,,,,0.0,,,,123,4,347572,3560,158,40,,,,,,,,,,,,,,,,,,,,,,,,,,,,,,,,,,,,,,,,,,,,,,,,,,,,,,,,,,,,,,,,,,
240.86688312498154,unswapping,,,,,,,,,,,,,,,,,,,,,,,,,,,,,,,,,,,,,,,,,,,,,,,,,,118,4,308496,3260,158,40,0,both,0,20,20,4,"[[18, 19], [20, 21], [28, 29], [36, 37]]",4,,,,,0,,,,,,,,,,,,,,,,,,,,,,,,,,,,,,,,,,,,,,,,,,,,,,,,,,,,,
242.44166775001213,unswapping,,,,,,,,,,,,,,,,,,,,,,,,,,,,,,,,,,,,,,,,,,,,,,,,,,115,4,270484,3032,158,40,0,both,1,19,19,3,"[[3, 4], [13, 14], [33, 34]]",7,,,,,0,,,,,,,,,,,,,,,,,,,,,,,,,,,,,,,,,,,,,,,,,,,,,,,,,,,,,
242.9867093329667,unswapping,,,,,,,,,,,,,,,,,,,,,,,,,,,,,,,,,,,,,,,,,,,,,,,,,,115,4,270484,3032,158,40,0,left,0,20,20,0,[],7,,,,,0,,,,,,,,,,,,,,,,,,,,,,,,,,,,,,,,,,,,,,,,,,,,,,,,,,,,,
243.6862472909852,unswapping,,,,,,,,,,,,,,,,,,,,,,,,,,,,,,,,,,,,,,,,,,,,,,,,,,114,4,244088,2932,158,40,0,left,1,19,19,3,"[[3, 4], [13, 14], [19, 20]]",10,,,,,6,,,,,,,,,,,,,,,,,,,,,,,,,,,,,,,,,,,,,,,,,,,,,,,,,,,,,
244.39684875000967,unswapping,,,,,,,,,,,,,,,,,,,,,,,,,,,,,,,,,,,,,,,,,,,,,,,,,,98,4,227140,2838,158,40,0,right,0,20,20,4,"[[2, 3], [4, 5], [10, 11], [14, 15]]",14,,,,,14,,,,,,,,,,,,,,,,,,,,,,,,,,,,,,,,,,,,,,,,,,,,,,,,,,,,,
244.98999337496934,unswapping,,,,,,,,,,,,,,,,,,,,,,,,,,,,,,,,,,,,,,,,,,,,,,,,,,96,4,211952,2730,158,40,0,right,1,19,19,3,"[[11, 12], [27, 28], [31, 32]]",17,,,,,20,,,,,,,,,,,,,,,,,,,,,,,,,,,,,,,,,,,,,,,,,,,,,,,,,,,,,
246.23004995798692,unswapping,,,,,,,,,,,,,,,,,,,,,,,,,,,,,,,,,,,,,,,,,,,,,,,,,,96,4,199596,2660,158,40,1,both,0,20,20,1,"[[28, 29]]",1,,,,,22,,,,,,,,,,,,,,,,,,,,,,,,,,,,,,,,,,,,,,,,,,,,,,,,,,,,,
247.24501054099528,unswapping,,,,,,,,,,,,,,,,,,,,,,,,,,,,,,,,,,,,,,,,,,,,,,,,,,96,4,193628,2620,158,40,1,both,1,19,19,1,"[[27, 28]]",2,,,,,20,,,,,,,,,,,,,,,,,,,,,,,,,,,,,,,,,,,,,,,,,,,,,,,,,,,,,
247.60291766596492,unswapping,,,,,,,,,,,,,,,,,,,,,,,,,,,,,,,,,,,,,,,,,,,,,,,,,,96,4,193628,2620,158,40,1,left,0,20,20,0,[],2,,,,,20,,,,,,,,,,,,,,,,,,,,,,,,,,,,,,,,,,,,,,,,,,,,,,,,,,,,,
248.0550478749792,unswapping,,,,,,,,,,,,,,,,,,,,,,,,,,,,,,,,,,,,,,,,,,,,,,,,,,96,4,189980,2594,158,40,1,left,1,19,19,1,"[[27, 28]]",3,,,,,22,,,,,,,,,,,,,,,,,,,,,,,,,,,,,,,,,,,,,,,,,,,,,,,,,,,,,
248.53428724996047,unswapping,,,,,,,,,,,,,,,,,,,,,,,,,,,,,,,,,,,,,,,,,,,,,,,,,,96,4,186428,2558,158,40,1,right,0,20,20,1,"[[32, 33]]",4,,,,,24,,,,,,,,,,,,,,,,,,,,,,,,,,,,,,,,,,,,,,,,,,,,,,,,,,,,,
248.89460541598964,unswapping,,,,,,,,,,,,,,,,,,,,,,,,,,,,,,,,,,,,,,,,,,,,,,,,,,96,4,186428,2558,158,40,1,right,1,19,19,0,[],4,,,,,24,,,,,,,,,,,,,,,,,,,,,,,,,,,,,,,,,,,,,,,,,,,,,,,,,,,,,
249.68090608296916,unswapping,,,,,,,,,,,,,,,,,,,,,,,,,,,,,,,,,,,,,,,,,,,,,,,,,,96,4,186428,2558,158,40,2,both,0,20,20,0,[],0,,,,,24,,,,,,,,,,,,,,,,,,,,,,,,,,,,,,,,,,,,,,,,,,,,,,,,,,,,,
250.40464458300266,unswapping,,,,,,,,,,,,,,,,,,,,,,,,,,,,,,,,,,,,,,,,,,,,,,,,,,96,4,186428,2558,158,40,2,both,1,19,19,0,[],0,,,,,24,,,,,,,,,,,,,,,,,,,,,,,,,,,,,,,,,,,,,,,,,,,,,,,,,,,,,
250.76033449999522,unswapping,,,,,,,,,,,,,,,,,,,,,,,,,,,,,,,,,,,,,,,,,,,,,,,,,,96,4,186428,2558,158,40,2,left,0,20,20,0,[],0,,,,,24,,,,,,,,,,,,,,,,,,,,,,,,,,,,,,,,,,,,,,,,,,,,,,,,,,,,,
251.08121304097585,unswapping,,,,,,,,,,,,,,,,,,,,,,,,,,,,,,,,,,,,,,,,,,,,,,,,,,96,4,186428,2558,158,40,2,left,1,19,19,0,[],0,,,,,24,,,,,,,,,,,,,,,,,,,,,,,,,,,,,,,,,,,,,,,,,,,,,,,,,,,,,
251.42674666596577,unswapping,,,,,,,,,,,,,,,,,,,,,,,,,,,,,,,,,,,,,,,,,,,,,,,,,,96,4,186428,2558,158,40,2,right,0,20,20,0,[],0,,,,,24,,,,,,,,,,,,,,,,,,,,,,,,,,,,,,,,,,,,,,,,,,,,,,,,,,,,,
251.76661108300323,unswapping,,,,,,,,,,,,,,,,,,,,,,,,,,,,,,,,,,,,,,,,,,,,,,,,,,96,4,186428,2558,158,40,2,right,1,19,19,0,[],0,,,,,24,,,,,,,,,,,,,,,,,,,,,,,,,,,,,,,,,,,,,,,,,,,,,,,,,,,,,
252.55838974996004,unswap_cycle_summary,,,,,,,,,,,,404,381,785,,,,,,,,,,,,,,,,,,,512,0.0006,,,,,,,,,,,,,,,,96,4,186428,2558,158,40,,,,,,,,,,,,,,,,,,,,,9,13.117826749978121,785,808,23,1,False,True,False,,0,"[404, 381]","[0, 1, 2, 3, 4, 5, 6, 7, 8, 9, 10, 11, 12, 13, 14, 15, 16, 17, 19, 21, 18, 20, 22, 23, 24, 25, 26, 27, 28, 29, 30, 31, 32, 34, 33, 35, 37, 36, 38, 39]","[0, 1, 4, 2, 5, 3, 6, 7, 8, 9, 11, 12, 10, 14, 15, 13, 16, 17, 19, 18, 21, 20, 22, 23, 24, 25, 26, 28, 29, 27, 30, 32, 34, 31, 33, 35, 37, 36, 38, 39]",,"{'index': 3, 'interactions': [('unitary', (29, 30))]}","[2, 4, 5, 5, 5, 6, 6, 5, 4, 4, 4, 4, 5, 6, 7, 7, 6, 4, 4, 5, 5, 5, 5, 6, 5, 5, 6, 6, 5, 5, 5, 5, 4, 4, 4, 5, 4, 4, 2]",b51806c4b346b2b9dedb2e0e622c879e6089c5121e1b69d2a9783e3b1308eb89,,,,,,,,,,,,,,,,,,,,,,,,,,,,
252.77025929099182,rewiring,right,post_unswap,0.16781858302420005,48,False,False,,,,,,,,,,,,,,,,,,,,,,,,,,,,,,,,,,,,,,,,,,,,,,,,,,,,,,,,,,,,,,,,,,,,,,9,,,,,,,,,,,,,,,,,,50,False,1,4,bond_profile,8,False,1,5051,"(391, 80, 10, 8, 33, 126, 51)",0.003109167970251292,0.16468358295969665,"[{'seed': 2024, 'score': (471, 96, 11, 8, 40, 123, 57), 'num_layers': 57, 'total_swaps': 123, 'max_layer_swaps': 9, 'swap_only_layers': 40, 'work_layers': 17, 'unitary_layers': 17, 'first_work_layer': 3, 'leading_no_work_layers': 3, 'bond_profile_layers_scored': 8, 'bond_profile_total_cost': 471, 'bond_profile_max_cost': 96, 'bond_profile_gate_count': 11}, {'seed': 3033, 'score': (471, 96, 11, 8, 36, 123, 54), 'num_layers': 54, 'total_swaps': 123, 'max_layer_swaps': 9, 'swap_only_layers': 36, 'work_layers': 18, 'unitary_layers': 18, 'first_work_layer': 3, 'leading_no_work_layers': 3, 'bond_profile_layers_scored': 8, 'bond_profile_total_cost': 471, 'bond_profile_max_cost': 96, 'bond_profile_gate_count': 11}, {'seed': 4042, 'score': (471, 96, 11, 8, 37, 125, 54), 'num_layers': 54, 'total_swaps': 125, 'max_layer_swaps': 9, 'swap_only_layers': 37, 'work_layers': 17, 'unitary_layers': 17, 'first_work_layer': 3, 'leading_no_work_layers': 3, 'bond_profile_layers_scored': 8, 'bond_profile_total_cost': 471, 'bond_profile_max_cost': 96, 'bond_profile_gate_count': 11}, {'seed': 5051, 'score': (391, 80, 10, 8, 33, 126, 51), 'num_layers': 51, 'total_swaps': 126, 'max_layer_swaps': 10, 'swap_only_layers': 33, 'work_layers': 18, 'unitary_layers': 18, 'first_work_layer': 3, 'leading_no_work_layers': 3, 'bond_profile_layers_scored': 8, 'bond_profile_total_cost': 391, 'bond_profile_max_cost': 80, 'bond_profile_gate_count': 10}]",0.16781212500063702,0.16800645901821554,,,,,,,,,,,,,
252.81583249999676,cycle_progress,,,,,,,,,,,,404,381,785,,,,,,,,,,,,,,,,,,,512,0.0006,,189152,0,,,,,,,,,,,,,96,4,186428,2558,158,40,,,,,,,,,,,,,,,,,,,,,9,,785,808,23,1,False,,,,,,,,,,,,,,,,,,,,,,,,,,0.16800645901821554,,,,,,,,,,,,,
253.09535912499996,absorbing,,,,,,,R,0,1,0,51,404,381,785,10,0,0,0.0,0.2321874590124935,0.2321874590124935,0.23284162499476224,,247696,,113,False,False,False,False,247696,113,False,512,0.0006,,186428,0,total_elems,,247696,1,1,,,,0.0,,,,113,4,247696,3034,158,40,,,,,,,,,,,,,,,,,,,,,,,,,,,,,,,,,,,,,,,,,,,,,,,,,,,,,,,,,,,,,,,,,,
253.48988283297513,absorbing,,,,,,,R,0,2,0,51,404,381,785,9,0,0,0.0,0.3454414999578148,0.3454414999578148,0.34567554196109995,,403516,,151,False,False,False,False,403516,151,False,512,0.0006,,186428,0,total_elems,,403516,1,1,,,,0.0,,,,151,4,403516,3780,158,40,,,,,,,,,,,,,,,,,,,,,,,,,,,,,,,,,,,,,,,,,,,,,,,,,,,,,,,,,,,,,,,,,,
256.7003623750061,unswapping,,,,,,,,,,,,,,,,,,,,,,,,,,,,,,,,,,,,,,,,,,,,,,,,,,147,4,371836,3570,158,40,0,both,0,20,20,2,"[[6, 7], [36, 37]]",2,,,,,0,,,,,,,,,,,,,,,,,,,,,,,,,,,,,,,,,,,,,,,,,,,,,,,,,,,,,
258.5822463330114,unswapping,,,,,,,,,,,,,,,,,,,,,,,,,,,,,,,,,,,,,,,,,,,,,,,,,,112,4,291768,3162,158,40,0,both,1,19,19,6,"[[3, 4], [13, 14], [15, 16], [19, 20], [27, 28], [33, 34]]",8,,,,,0,,,,,,,,,,,,,,,,,,,,,,,,,,,,,,,,,,,,,,,,,,,,,,,,,,,,,
259.3066379579832,unswapping,,,,,,,,,,,,,,,,,,,,,,,,,,,,,,,,,,,,,,,,,,,,,,,,,,112,4,281492,3116,158,40,0,left,0,20,20,1,"[[6, 7]]",9,,,,,2,,,,,,,,,,,,,,,,,,,,,,,,,,,,,,,,,,,,,,,,,,,,,,,,,,,,,
260.16892466600984,unswapping,,,,,,,,,,,,,,,,,,,,,,,,,,,,,,,,,,,,,,,,,,,,,,,,,,112,4,238216,2948,158,40,0,left,1,19,19,5,"[[3, 4], [13, 14], [15, 16], [19, 20], [27, 28]]",14,,,,,12,,,,,,,,,,,,,,,,,,,,,,,,,,,,,,,,,,,,,,,,,,,,,,,,,,,,,
260.8698697909713,unswapping,,,,,,,,,,,,,,,,,,,,,,,,,,,,,,,,,,,,,,,,,,,,,,,,,,96,4,208656,2738,158,40,0,right,0,20,20,6,"[[2, 3], [4, 5], [10, 11], [14, 15], [20, 21], [28, 29]]",20,,,,,24,,,,,,,,,,,,,,,,,,,,,,,,,,,,,,,,,,,,,,,,,,,,,,,,,,,,,
261.3892752910033,unswapping,,,,,,,,,,,,,,,,,,,,,,,,,,,,,,,,,,,,,,,,,,,,,,,,,,96,4,179904,2538,158,40,0,right,1,19,19,5,"[[7, 8], [9, 10], [11, 12], [17, 18], [31, 32]]",25,,,,,34,,,,,,,,,,,,,,,,,,,,,,,,,,,,,,,,,,,,,,,,,,,,,,,,,,,,,
262.28788008296397,unswapping,,,,,,,,,,,,,,,,,,,,,,,,,,,,,,,,,,,,,,,,,,,,,,,,,,96,4,174364,2472,158,40,1,both,0,20,20,1,"[[18, 19]]",1,,,,,38,,,,,,,,,,,,,,,,,,,,,,,,,,,,,,,,,,,,,,,,,,,,,,,,,,,,,
262.96442216599826,unswapping,,,,,,,,,,,,,,,,,,,,,,,,,,,,,,,,,,,,,,,,,,,,,,,,,,96,4,174364,2472,158,40,1,both,1,19,19,0,[],1,,,,,38,,,,,,,,,,,,,,,,,,,,,,,,,,,,,,,,,,,,,,,,,,,,,,,,,,,,,
263.291526874993,unswapping,,,,,,,,,,,,,,,,,,,,,,,,,,,,,,,,,,,,,,,,,,,,,,,,,,96,4,174364,2472,158,40,1,left,0,20,20,0,[],1,,,,,38,,,,,,,,,,,,,,,,,,,,,,,,,,,,,,,,,,,,,,,,,,,,,,,,,,,,,
263.63723404100165,unswapping,,,,,,,,,,,,,,,,,,,,,,,,,,,,,,,,,,,,,,,,,,,,,,,,,,96,4,174364,2472,158,40,1,left,1,19,19,0,[],1,,,,,38,,,,,,,,,,,,,,,,,,,,,,,,,,,,,,,,,,,,,,,,,,,,,,,,,,,,,
264.0438492500107,unswapping,,,,,,,,,,,,,,,,,,,,,,,,,,,,,,,,,,,,,,,,,,,,,,,,,,96,4,170836,2436,158,40,1,right,0,20,20,1,"[[32, 33]]",2,,,,,40,,,,,,,,,,,,,,,,,,,,,,,,,,,,,,,,,,,,,,,,,,,,,,,,,,,,,
264.47500783298165,unswapping,,,,,,,,,,,,,,,,,,,,,,,,,,,,,,,,,,,,,,,,,,,,,,,,,,96,4,170140,2430,158,40,1,right,1,19,19,1,"[[7, 8]]",3,,,,,38,,,,,,,,,,,,,,,,,,,,,,,,,,,,,,,,,,,,,,,,,,,,,,,,,,,,,
265.1855916659697,unswapping,,,,,,,,,,,,,,,,,,,,,,,,,,,,,,,,,,,,,,,,,,,,,,,,,,96,4,170140,2430,158,40,2,both,0,20,20,0,[],0,,,,,38,,,,,,,,,,,,,,,,,,,,,,,,,,,,,,,,,,,,,,,,,,,,,,,,,,,,,
265.83517870801734,unswapping,,,,,,,,,,,,,,,,,,,,,,,,,,,,,,,,,,,,,,,,,,,,,,,,,,96,4,170140,2430,158,40,2,both,1,19,19,0,[],0,,,,,38,,,,,,,,,,,,,,,,,,,,,,,,,,,,,,,,,,,,,,,,,,,,,,,,,,,,,
266.1585130409803,unswapping,,,,,,,,,,,,,,,,,,,,,,,,,,,,,,,,,,,,,,,,,,,,,,,,,,96,4,170140,2430,158,40,2,left,0,20,20,0,[],0,,,,,38,,,,,,,,,,,,,,,,,,,,,,,,,,,,,,,,,,,,,,,,,,,,,,,,,,,,,
266.4845493749599,unswapping,,,,,,,,,,,,,,,,,,,,,,,,,,,,,,,,,,,,,,,,,,,,,,,,,,96,4,170140,2430,158,40,2,left,1,19,19,0,[],0,,,,,38,,,,,,,,,,,,,,,,,,,,,,,,,,,,,,,,,,,,,,,,,,,,,,,,,,,,,
266.88101962499786,unswapping,,,,,,,,,,,,,,,,,,,,,,,,,,,,,,,,,,,,,,,,,,,,,,,,,,96,4,170140,2430,158,40,2,right,0,20,20,0,[],0,,,,,38,,,,,,,,,,,,,,,,,,,,,,,,,,,,,,,,,,,,,,,,,,,,,,,,,,,,,
267.26803608296905,unswapping,,,,,,,,,,,,,,,,,,,,,,,,,,,,,,,,,,,,,,,,,,,,,,,,,,96,4,169168,2420,158,40,2,right,1,19,19,1,"[[7, 8]]",1,,,,,40,,,,,,,,,,,,,,,,,,,,,,,,,,,,,,,,,,,,,,,,,,,,,,,,,,,,,
267.9306991249905,unswapping,,,,,,,,,,,,,,,,,,,,,,,,,,,,,,,,,,,,,,,,,,,,,,,,,,96,4,169168,2420,158,40,3,both,0,20,20,0,[],0,,,,,40,,,,,,,,,,,,,,,,,,,,,,,,,,,,,,,,,,,,,,,,,,,,,,,,,,,,,
268.51273466600105,unswapping,,,,,,,,,,,,,,,,,,,,,,,,,,,,,,,,,,,,,,,,,,,,,,,,,,96,4,169168,2420,158,40,3,both,1,19,19,0,[],0,,,,,40,,,,,,,,,,,,,,,,,,,,,,,,,,,,,,,,,,,,,,,,,,,,,,,,,,,,,
268.83725933299866,unswapping,,,,,,,,,,,,,,,,,,,,,,,,,,,,,,,,,,,,,,,,,,,,,,,,,,96,4,169168,2420,158,40,3,left,0,20,20,0,[],0,,,,,40,,,,,,,,,,,,,,,,,,,,,,,,,,,,,,,,,,,,,,,,,,,,,,,,,,,,,
269.1042423750041,unswapping,,,,,,,,,,,,,,,,,,,,,,,,,,,,,,,,,,,,,,,,,,,,,,,,,,96,4,169168,2420,158,40,3,left,1,19,19,0,[],0,,,,,40,,,,,,,,,,,,,,,,,,,,,,,,,,,,,,,,,,,,,,,,,,,,,,,,,,,,,
269.48619937500916,unswapping,,,,,,,,,,,,,,,,,,,,,,,,,,,,,,,,,,,,,,,,,,,,,,,,,,96,4,166572,2392,158,40,3,right,0,20,20,2,"[[2, 3], [10, 11]]",2,,,,,40,,,,,,,,,,,,,,,,,,,,,,,,,,,,,,,,,,,,,,,,,,,,,,,,,,,,,
269.87456004100386,unswapping,,,,,,,,,,,,,,,,,,,,,,,,,,,,,,,,,,,,,,,,,,,,,,,,,,96,4,163388,2346,158,40,3,right,1,19,19,2,"[[7, 8], [11, 12]]",4,,,,,38,,,,,,,,,,,,,,,,,,,,,,,,,,,,,,,,,,,,,,,,,,,,,,,,,,,,,
270.51235849998193,unswapping,,,,,,,,,,,,,,,,,,,,,,,,,,,,,,,,,,,,,,,,,,,,,,,,,,96,4,163388,2346,158,40,4,both,0,20,20,0,[],0,,,,,38,,,,,,,,,,,,,,,,,,,,,,,,,,,,,,,,,,,,,,,,,,,,,,,,,,,,,
271.1145420409739,unswapping,,,,,,,,,,,,,,,,,,,,,,,,,,,,,,,,,,,,,,,,,,,,,,,,,,96,4,163388,2346,158,40,4,both,1,19,19,0,[],0,,,,,38,,,,,,,,,,,,,,,,,,,,,,,,,,,,,,,,,,,,,,,,,,,,,,,,,,,,,
271.42766145797214,unswapping,,,,,,,,,,,,,,,,,,,,,,,,,,,,,,,,,,,,,,,,,,,,,,,,,,96,4,163388,2346,158,40,4,left,0,20,20,0,[],0,,,,,38,,,,,,,,,,,,,,,,,,,,,,,,,,,,,,,,,,,,,,,,,,,,,,,,,,,,,
271.7349039579858,unswapping,,,,,,,,,,,,,,,,,,,,,,,,,,,,,,,,,,,,,,,,,,,,,,,,,,96,4,163388,2346,158,40,4,left,1,19,19,0,[],0,,,,,38,,,,,,,,,,,,,,,,,,,,,,,,,,,,,,,,,,,,,,,,,,,,,,,,,,,,,
272.1192672079778,unswapping,,,,,,,,,,,,,,,,,,,,,,,,,,,,,,,,,,,,,,,,,,,,,,,,,,96,4,160956,2330,158,40,4,right,0,20,20,1,"[[12, 13]]",1,,,,,40,,,,,,,,,,,,,,,,,,,,,,,,,,,,,,,,,,,,,,,,,,,,,,,,,,,,,
272.48655783297727,unswapping,,,,,,,,,,,,,,,,,,,,,,,,,,,,,,,,,,,,,,,,,,,,,,,,,,96,4,149436,2282,158,40,4,right,1,19,19,1,"[[13, 14]]",2,,,,,42,,,,,,,,,,,,,,,,,,,,,,,,,,,,,,,,,,,,,,,,,,,,,,,,,,,,,
273.3258360410109,unswapping,,,,,,,,,,,,,,,,,,,,,,,,,,,,,,,,,,,,,,,,,,,,,,,,,,77,4,137312,2228,158,40,5,both,0,20,20,1,"[[14, 15]]",1,,,,,44,,,,,,,,,,,,,,,,,,,,,,,,,,,,,,,,,,,,,,,,,,,,,,,,,,,,,
274.1548947499832,unswapping,,,,,,,,,,,,,,,,,,,,,,,,,,,,,,,,,,,,,,,,,,,,,,,,,,71,4,123676,2170,158,40,5,both,1,19,19,1,"[[15, 16]]",2,,,,,44,,,,,,,,,,,,,,,,,,,,,,,,,,,,,,,,,,,,,,,,,,,,,,,,,,,,,
274.4224762910162,unswapping,,,,,,,,,,,,,,,,,,,,,,,,,,,,,,,,,,,,,,,,,,,,,,,,,,71,4,123676,2170,158,40,5,left,0,20,20,0,[],2,,,,,44,,,,,,,,,,,,,,,,,,,,,,,,,,,,,,,,,,,,,,,,,,,,,,,,,,,,,
274.8384844160173,unswapping,,,,,,,,,,,,,,,,,,,,,,,,,,,,,,,,,,,,,,,,,,,,,,,,,,69,4,114200,2128,158,40,5,left,1,19,19,1,"[[15, 16]]",3,,,,,44,,,,,,,,,,,,,,,,,,,,,,,,,,,,,,,,,,,,,,,,,,,,,,,,,,,,,
275.1287103329669,unswapping,,,,,,,,,,,,,,,,,,,,,,,,,,,,,,,,,,,,,,,,,,,,,,,,,,68,4,106256,2056,158,40,5,right,0,20,20,1,"[[16, 17]]",4,,,,,46,,,,,,,,,,,,,,,,,,,,,,,,,,,,,,,,,,,,,,,,,,,,,,,,,,,,,
275.39782141597243,unswapping,,,,,,,,,,,,,,,,,,,,,,,,,,,,,,,,,,,,,,,,,,,,,,,,,,67,4,104452,2030,158,40,5,right,1,19,19,1,"[[17, 18]]",5,,,,,48,,,,,,,,,,,,,,,,,,,,,,,,,,,,,,,,,,,,,,,,,,,,,,,,,,,,,
275.8910535000032,unswapping,,,,,,,,,,,,,,,,,,,,,,,,,,,,,,,,,,,,,,,,,,,,,,,,,,67,4,104452,2030,158,40,6,both,0,20,20,0,[],0,,,,,48,,,,,,,,,,,,,,,,,,,,,,,,,,,,,,,,,,,,,,,,,,,,,,,,,,,,,
276.39621754101245,unswapping,,,,,,,,,,,,,,,,,,,,,,,,,,,,,,,,,,,,,,,,,,,,,,,,,,67,4,104452,2030,158,40,6,both,1,19,19,0,[],0,,,,,48,,,,,,,,,,,,,,,,,,,,,,,,,,,,,,,,,,,,,,,,,,,,,,,,,,,,,
276.7642389580142,unswapping,,,,,,,,,,,,,,,,,,,,,,,,,,,,,,,,,,,,,,,,,,,,,,,,,,64,4,98288,1984,158,40,6,left,0,20,20,1,"[[14, 15]]",1,,,,,46,,,,,,,,,,,,,,,,,,,,,,,,,,,,,,,,,,,,,,,,,,,,,,,,,,,,,
276.9871607499663,unswapping,,,,,,,,,,,,,,,,,,,,,,,,,,,,,,,,,,,,,,,,,,,,,,,,,,64,4,98288,1984,158,40,6,left,1,19,19,0,[],1,,,,,46,,,,,,,,,,,,,,,,,,,,,,,,,,,,,,,,,,,,,,,,,,,,,,,,,,,,,
277.2457757499651,unswapping,,,,,,,,,,,,,,,,,,,,,,,,,,,,,,,,,,,,,,,,,,,,,,,,,,64,4,98288,1984,158,40,6,right,0,20,20,0,[],1,,,,,46,,,,,,,,,,,,,,,,,,,,,,,,,,,,,,,,,,,,,,,,,,,,,,,,,,,,,
277.42826591600897,unswapping,,,,,,,,,,,,,,,,,,,,,,,,,,,,,,,,,,,,,,,,,,,,,,,,,,64,4,98288,1984,158,40,6,right,1,19,19,0,[],1,,,,,46,,,,,,,,,,,,,,,,,,,,,,,,,,,,,,,,,,,,,,,,,,,,,,,,,,,,,
277.92166112497216,unswapping,,,,,,,,,,,,,,,,,,,,,,,,,,,,,,,,,,,,,,,,,,,,,,,,,,64,4,98288,1984,158,40,7,both,0,20,20,0,[],0,,,,,46,,,,,,,,,,,,,,,,,,,,,,,,,,,,,,,,,,,,,,,,,,,,,,,,,,,,,
278.31517229101155,unswapping,,,,,,,,,,,,,,,,,,,,,,,,,,,,,,,,,,,,,,,,,,,,,,,,,,64,4,98288,1984,158,40,7,both,1,19,19,0,[],0,,,,,46,,,,,,,,,,,,,,,,,,,,,,,,,,,,,,,,,,,,,,,,,,,,,,,,,,,,,
278.53021649998846,unswapping,,,,,,,,,,,,,,,,,,,,,,,,,,,,,,,,,,,,,,,,,,,,,,,,,,64,4,98288,1984,158,40,7,left,0,20,20,0,[],0,,,,,46,,,,,,,,,,,,,,,,,,,,,,,,,,,,,,,,,,,,,,,,,,,,,,,,,,,,,
278.72022124996874,unswapping,,,,,,,,,,,,,,,,,,,,,,,,,,,,,,,,,,,,,,,,,,,,,,,,,,64,4,98288,1984,158,40,7,left,1,19,19,0,[],0,,,,,46,,,,,,,,,,,,,,,,,,,,,,,,,,,,,,,,,,,,,,,,,,,,,,,,,,,,,
278.94160833297065,unswapping,,,,,,,,,,,,,,,,,,,,,,,,,,,,,,,,,,,,,,,,,,,,,,,,,,64,4,98288,1984,158,40,7,right,0,20,20,0,[],0,,,,,46,,,,,,,,,,,,,,,,,,,,,,,,,,,,,,,,,,,,,,,,,,,,,,,,,,,,,
279.135595166008,unswapping,,,,,,,,,,,,,,,,,,,,,,,,,,,,,,,,,,,,,,,,,,,,,,,,,,64,4,98288,1984,158,40,7,right,1,19,19,0,[],0,,,,,46,,,,,,,,,,,,,,,,,,,,,,,,,,,,,,,,,,,,,,,,,,,,,,,,,,,,,
281.4095282909693,unswap_cycle_summary,,,,,,,,,,,,404,381,785,,,,,,,,,,,,,,,,,,,512,0.0006,,,,,,,,,,,,,,,,64,4,98288,1984,158,40,,,,,,,,,,,,,,,,,,,,,10,25.09693162504118,785,808,23,0,False,True,False,,0,"[404, 381]","[0, 1, 2, 3, 4, 5, 6, 7, 8, 9, 10, 11, 12, 13, 14, 15, 16, 17, 19, 18, 20, 21, 22, 23, 24, 25, 26, 27, 28, 29, 30, 31, 32, 34, 33, 35, 37, 36, 38, 39]","[0, 1, 2, 4, 5, 3, 7, 6, 8, 11, 12, 10, 14, 16, 13, 15, 18, 20, 9, 17, 21, 19, 22, 23, 24, 25, 26, 28, 29, 27, 30, 32, 34, 31, 33, 35, 37, 36, 38, 39]",,"{'index': 3, 'interactions': [('unitary', (29, 30))]}","[2, 4, 5, 5, 5, 5, 6, 4, 3, 3, 3, 4, 5, 5, 6, 6, 4, 2, 4, 4, 5, 5, 5, 6, 5, 5, 6, 5, 5, 5, 5, 5, 4, 4, 4, 5, 4, 4, 2]",223bd54641260dde5a02fb0b8b2524946ef8c2defc7900ce77132c64ba9ac88b,,,,,,,,,,,,,,,,,,,,,,,,,,,,
281.6014111659606,rewiring,right,post_unswap,0.14376162498956546,51,False,False,,,,,,,,,,,,,,,,,,,,,,,,,,,,,,,,,,,,,,,,,,,,,,,,,,,,,,,,,,,,,,,,,,,,,,10,,,,,,,,,,,,,,,,,,50,False,0,4,bond_profile,8,False,1,3033,"(400, 64, 14, 8, 19, 107, 34)",0.002880375017412007,0.14085224992595613,"[{'seed': 2024, 'score': (470, 64, 15, 8, 16, 107, 31), 'num_layers': 31, 'total_swaps': 107, 'max_layer_swaps': 9, 'swap_only_layers': 16, 'work_layers': 15, 'unitary_layers': 15, 'first_work_layer': 0, 'leading_no_work_layers': 0, 'bond_profile_layers_scored': 8, 'bond_profile_total_cost': 470, 'bond_profile_max_cost': 64, 'bond_profile_gate_count': 15}, {'seed': 3033, 'score': (400, 64, 14, 8, 19, 107, 34), 'num_layers': 34, 'total_swaps': 107, 'max_layer_swaps': 8, 'swap_only_layers': 19, 'work_layers': 15, 'unitary_layers': 15, 'first_work_layer': 0, 'leading_no_work_layers': 0, 'bond_profile_layers_scored': 8, 'bond_profile_total_cost': 400, 'bond_profile_max_cost': 64, 'bond_profile_gate_count': 14}, {'seed': 4042, 'score': (447, 64, 14, 8, 15, 108, 30), 'num_layers': 30, 'total_swaps': 108, 'max_layer_swaps': 9, 'swap_only_layers': 15, 'work_layers': 15, 'unitary_layers': 15, 'first_work_layer': 0, 'leading_no_work_layers': 0, 'bond_profile_layers_scored': 8, 'bond_profile_total_cost': 447, 'bond_profile_max_cost': 64, 'bond_profile_gate_count': 14}, {'seed': 5051, 'score': (444, 64, 14, 8, 16, 107, 31), 'num_layers': 31, 'total_swaps': 107, 'max_layer_swaps': 8, 'swap_only_layers': 16, 'work_layers': 15, 'unitary_layers': 15, 'first_work_layer': 0, 'leading_no_work_layers': 0, 'bond_profile_layers_scored': 8, 'bond_profile_total_cost': 444, 'bond_profile_max_cost': 64, 'bond_profile_gate_count': 14}]",0.14375562500208616,0.1439537500264123,,,,,,,,,,,,,
281.64980720798485,cycle_progress,,,,,,,,,,,,404,381,785,,,,,,,,,,,,,,,,,,,512,0.0006,,186428,0,,,,,,,,,,,,,64,4,98288,1984,158,40,,,,,,,,,,,,,,,,,,,,,10,,785,808,23,0,False,,,,,,,,,,,,,,,,,,,,,,,,,,0.1439537500264123,,,,,,,,,,,,,
281.8252594160149,absorbing,,,,,,,R,0,1,0,34,404,382,786,7,1,1,0.0,0.12170720903668553,0.12170720903668553,0.12492279097205028,,129640,,85,False,False,False,False,129640,85,False,512,0.0006,,98288,1,total_elems,,129640,1,1,,,,0.0,,,,85,4,129640,2278,158,40,,,,,,,,,,,,,,,,,,,,,,,,,,,,,,,,,,,,,,,,,,,,,,,,,,,,,,,,,,,,,,,,,,
282.0408088329714,absorbing,,,,,,,R,0,2,0,34,404,382,786,8,0,1,0.0,0.1640672919456847,0.1640672919456847,0.1642904169857502,,188352,,80,False,False,False,False,188352,80,False,512,0.0006,,98288,1,total_elems,,188352,1,1,,,,0.0,,,,80,4,188352,2712,158,40,,,,,,,,,,,,,,,,,,,,,,,,,,,,,,,,,,,,,,,,,,,,,,,,,,,,,,,,,,,,,,,,,,
282.3180996659794,absorbing,,,,,,,R,0,3,0,34,404,382,786,8,0,1,0.0,0.22487220802577212,0.22487220802577212,0.22512616601306945,,295120,,127,False,False,False,False,295120,127,False,512,0.0006,,98288,1,total_elems,,295120,1,1,,,,0.0,,,,127,4,295120,3300,158,40,,,,,,,,,,,,,,,,,,,,,,,,,,,,,,,,,,,,,,,,,,,,,,,,,,,,,,,,,,,,,,,,,,
284.5033983750036,unswapping,,,,,,,,,,,,,,,,,,,,,,,,,,,,,,,,,,,,,,,,,,,,,,,,,,78,4,211836,2822,158,40,0,both,0,20,20,6,"[[8, 9], [20, 21], [26, 27], [30, 31], [32, 33], [36, 37]]",6,,,,,0,,,,,,,,,,,,,,,,,,,,,,,,,,,,,,,,,,,,,,,,,,,,,,,,,,,,,
285.5788983749808,unswapping,,,,,,,,,,,,,,,,,,,,,,,,,,,,,,,,,,,,,,,,,,,,,,,,,,76,4,180288,2582,158,40,0,both,1,19,19,4,"[[3, 4], [11, 12], [19, 20], [31, 32]]",10,,,,,0,,,,,,,,,,,,,,,,,,,,,,,,,,,,,,,,,,,,,,,,,,,,,,,,,,,,,
286.0463919999893,unswapping,,,,,,,,,,,,,,,,,,,,,,,,,,,,,,,,,,,,,,,,,,,,,,,,,,76,4,164212,2478,158,40,0,left,0,20,20,3,"[[8, 9], [26, 27], [32, 33]]",13,,,,,6,,,,,,,,,,,,,,,,,,,,,,,,,,,,,,,,,,,,,,,,,,,,,,,,,,,,,
286.5005505000008,unswapping,,,,,,,,,,,,,,,,,,,,,,,,,,,,,,,,,,,,,,,,,,,,,,,,,,76,4,151324,2378,158,40,0,left,1,19,19,4,"[[3, 4], [11, 12], [19, 20], [33, 34]]",17,,,,,14,,,,,,,,,,,,,,,,,,,,,,,,,,,,,,,,,,,,,,,,,,,,,,,,,,,,,
286.9174955000053,unswapping,,,,,,,,,,,,,,,,,,,,,,,,,,,,,,,,,,,,,,,,,,,,,,,,,,76,4,139276,2266,158,40,0,right,0,20,20,3,"[[4, 5], [12, 13], [34, 35]]",20,,,,,20,,,,,,,,,,,,,,,,,,,,,,,,,,,,,,,,,,,,,,,,,,,,,,,,,,,,,
287.2921104999841,unswapping,,,,,,,,,,,,,,,,,,,,,,,,,,,,,,,,,,,,,,,,,,,,,,,,,,76,4,118508,2114,158,40,0,right,1,19,19,4,"[[9, 10], [13, 14], [27, 28], [33, 34]]",24,,,,,28,,,,,,,,,,,,,,,,,,,,,,,,,,,,,,,,,,,,,,,,,,,,,,,,,,,,,
287.9413657080149,unswapping,,,,,,,,,,,,,,,,,,,,,,,,,,,,,,,,,,,,,,,,,,,,,,,,,,76,4,112840,2058,158,40,1,both,0,20,20,2,"[[28, 29], [32, 33]]",2,,,,,30,,,,,,,,,,,,,,,,,,,,,,,,,,,,,,,,,,,,,,,,,,,,,,,,,,,,,
288.40362008300144,unswapping,,,,,,,,,,,,,,,,,,,,,,,,,,,,,,,,,,,,,,,,,,,,,,,,,,76,4,112840,2058,158,40,1,both,1,19,19,0,[],2,,,,,30,,,,,,,,,,,,,,,,,,,,,,,,,,,,,,,,,,,,,,,,,,,,,,,,,,,,,
288.64748383301776,unswapping,,,,,,,,,,,,,,,,,,,,,,,,,,,,,,,,,,,,,,,,,,,,,,,,,,76,4,111048,2044,158,40,1,left,0,20,20,1,"[[28, 29]]",3,,,,,30,,,,,,,,,,,,,,,,,,,,,,,,,,,,,,,,,,,,,,,,,,,,,,,,,,,,,
288.8454069159925,unswapping,,,,,,,,,,,,,,,,,,,,,,,,,,,,,,,,,,,,,,,,,,,,,,,,,,76,4,111048,2044,158,40,1,left,1,19,19,0,[],3,,,,,30,,,,,,,,,,,,,,,,,,,,,,,,,,,,,,,,,,,,,,,,,,,,,,,,,,,,,
289.10180008300813,unswapping,,,,,,,,,,,,,,,,,,,,,,,,,,,,,,,,,,,,,,,,,,,,,,,,,,76,4,109448,2026,158,40,1,right,0,20,20,1,"[[10, 11]]",4,,,,,32,,,,,,,,,,,,,,,,,,,,,,,,,,,,,,,,,,,,,,,,,,,,,,,,,,,,,
289.304653625004,unswapping,,,,,,,,,,,,,,,,,,,,,,,,,,,,,,,,,,,,,,,,,,,,,,,,,,76,4,109448,2026,158,40,1,right,1,19,19,0,[],4,,,,,32,,,,,,,,,,,,,,,,,,,,,,,,,,,,,,,,,,,,,,,,,,,,,,,,,,,,,
289.7540288749733,unswapping,,,,,,,,,,,,,,,,,,,,,,,,,,,,,,,,,,,,,,,,,,,,,,,,,,76,4,109448,2026,158,40,2,both,0,20,20,0,[],0,,,,,32,,,,,,,,,,,,,,,,,,,,,,,,,,,,,,,,,,,,,,,,,,,,,,,,,,,,,
290.15959912497783,unswapping,,,,,,,,,,,,,,,,,,,,,,,,,,,,,,,,,,,,,,,,,,,,,,,,,,76,4,109448,2026,158,40,2,both,1,19,19,0,[],0,,,,,32,,,,,,,,,,,,,,,,,,,,,,,,,,,,,,,,,,,,,,,,,,,,,,,,,,,,,
290.3550185000058,unswapping,,,,,,,,,,,,,,,,,,,,,,,,,,,,,,,,,,,,,,,,,,,,,,,,,,76,4,109448,2026,158,40,2,left,0,20,20,0,[],0,,,,,32,,,,,,,,,,,,,,,,,,,,,,,,,,,,,,,,,,,,,,,,,,,,,,,,,,,,,
290.5469680830138,unswapping,,,,,,,,,,,,,,,,,,,,,,,,,,,,,,,,,,,,,,,,,,,,,,,,,,76,4,109448,2026,158,40,2,left,1,19,19,0,[],0,,,,,32,,,,,,,,,,,,,,,,,,,,,,,,,,,,,,,,,,,,,,,,,,,,,,,,,,,,,
290.7597162500024,unswapping,,,,,,,,,,,,,,,,,,,,,,,,,,,,,,,,,,,,,,,,,,,,,,,,,,76,4,109448,2026,158,40,2,right,0,20,20,0,[],0,,,,,32,,,,,,,,,,,,,,,,,,,,,,,,,,,,,,,,,,,,,,,,,,,,,,,,,,,,,
291.01744287495967,unswapping,,,,,,,,,,,,,,,,,,,,,,,,,,,,,,,,,,,,,,,,,,,,,,,,,,76,4,109448,2026,158,40,2,right,1,19,19,0,[],0,,,,,32,,,,,,,,,,,,,,,,,,,,,,,,,,,,,,,,,,,,,,,,,,,,,,,,,,,,,
291.8955460409634,unswap_cycle_summary,,,,,,,,,,,,404,382,786,,,,,,,,,,,,,,,,,,,512,0.0006,,,,,,,,,,,,,,,,76,4,109448,2026,158,40,,,,,,,,,,,,,,,,,,,,,11,8.299853082979098,786,808,22,1,False,True,False,,0,"[404, 382]","[0, 1, 2, 3, 4, 5, 6, 7, 8, 9, 10, 11, 12, 13, 14, 15, 16, 17, 18, 19, 21, 20, 22, 23, 24, 25, 26, 27, 28, 29, 31, 33, 34, 32, 30, 35, 37, 36, 38, 39]","[0, 1, 2, 4, 5, 3, 6, 7, 9, 10, 12, 8, 13, 14, 11, 15, 16, 17, 18, 21, 19, 20, 22, 23, 24, 25, 27, 28, 29, 26, 31, 33, 35, 30, 32, 34, 37, 36, 38, 39]",,"{'index': 3, 'interactions': [('unitary', (21, 22)), ('unitary', (29, 30))]}","[2, 4, 5, 5, 5, 5, 6, 4, 3, 3, 3, 4, 5, 5, 6, 6, 4, 2, 4, 4, 5, 5, 6, 7, 5, 5, 6, 5, 6, 5, 5, 5, 4, 3, 4, 5, 4, 4, 2]",8d40e3cdadf7db9affd00f37adff6bba20ce2e6af8c0f0bd940f176f5ff5ff4f,,,,,,,,,,,,,,,,,,,,,,,,,,,,
292.1015189999598,rewiring,right,post_unswap,0.1553509159712121,33,False,False,,,,,,,,,,,,,,,,,,,,,,,,,,,,,,,,,,,,,,,,,,,,,,,,,,,,,,,,,,,,,,,,,,,,,,11,,,,,,,,,,,,,,,,,,50,False,1,4,bond_profile,8,False,1,3033,"(427, 60, 15, 8, 17, 103, 30)",0.0031055000727064908,0.1522132910322398,"[{'seed': 2024, 'score': (431, 60, 14, 8, 16, 102, 29), 'num_layers': 29, 'total_swaps': 102, 'max_layer_swaps': 9, 'swap_only_layers': 16, 'work_layers': 13, 'unitary_layers': 13, 'first_work_layer': 2, 'leading_no_work_layers': 2, 'bond_profile_layers_scored': 8, 'bond_profile_total_cost': 431, 'bond_profile_max_cost': 60, 'bond_profile_gate_count': 14}, {'seed': 3033, 'score': (427, 60, 15, 8, 17, 103, 30), 'num_layers': 30, 'total_swaps': 103, 'max_layer_swaps': 9, 'swap_only_layers': 17, 'work_layers': 13, 'unitary_layers': 13, 'first_work_layer': 2, 'leading_no_work_layers': 2, 'bond_profile_layers_scored': 8, 'bond_profile_total_cost': 427, 'bond_profile_max_cost': 60, 'bond_profile_gate_count': 15}, {'seed': 4042, 'score': (470, 60, 15, 8, 16, 102, 30), 'num_layers': 30, 'total_swaps': 102, 'max_layer_swaps': 9, 'swap_only_layers': 16, 'work_layers': 14, 'unitary_layers': 14, 'first_work_layer': 2, 'leading_no_work_layers': 2, 'bond_profile_layers_scored': 8, 'bond_profile_total_cost': 470, 'bond_profile_max_cost': 60, 'bond_profile_gate_count': 15}, {'seed': 5051, 'score': (470, 60, 15, 8, 17, 102, 31), 'num_layers': 31, 'total_swaps': 102, 'max_layer_swaps': 9, 'swap_only_layers': 17, 'work_layers': 14, 'unitary_layers': 14, 'first_work_layer': 2, 'leading_no_work_layers': 2, 'bond_profile_layers_scored': 8, 'bond_profile_total_cost': 470, 'bond_profile_max_cost': 60, 'bond_profile_gate_count': 15}]",0.155343874997925,0.1555836250190623,,,,,,,,,,,,,
292.1499560829834,cycle_progress,,,,,,,,,,,,404,382,786,,,,,,,,,,,,,,,,,,,512,0.0006,,98288,1,,,,,,,,,,,,,76,4,109448,2026,158,40,,,,,,,,,,,,,,,,,,,,,11,,786,808,22,1,False,,,,,,,,,,,,,,,,,,,,,,,,,,0.1555836250190623,,,,,,,,,,,,,
292.34011137497146,absorbing,,,,,,,R,0,1,0,30,404,382,786,8,0,0,0.0,0.13667545799398795,0.13667545799398795,0.13808883301680908,,159236,,76,False,False,False,False,159236,76,False,512,0.0006,,109448,0,total_elems,,159236,1,1,,,,0.0,,,,76,4,159236,2426,158,40,,,,,,,,,,,,,,,,,,,,,,,,,,,,,,,,,,,,,,,,,,,,,,,,,,,,,,,,,,,,,,,,,,
292.6327556250035,absorbing,,,,,,,R,0,2,0,30,404,382,786,9,0,0,0.0,0.2412947079865262,0.2412947079865262,0.2415167089784518,,318784,,198,False,False,False,False,318784,198,False,512,0.0006,,109448,0,total_elems,,318784,1,1,,,,0.0,,,,198,4,318784,3282,158,40,,,,,,,,,,,,,,,,,,,,,,,,,,,,,,,,,,,,,,,,,,,,,,,,,,,,,,,,,,,,,,,,,,
295.1374294999987,unswapping,,,,,,,,,,,,,,,,,,,,,,,,,,,,,,,,,,,,,,,,,,,,,,,,,,177,4,265824,2962,158,40,0,both,0,20,20,2,"[[20, 21], [36, 37]]",2,,,,,0,,,,,,,,,,,,,,,,,,,,,,,,,,,,,,,,,,,,,,,,,,,,,,,,,,,,,
296.4312686249614,unswapping,,,,,,,,,,,,,,,,,,,,,,,,,,,,,,,,,,,,,,,,,,,,,,,,,,96,4,179272,2482,158,40,0,both,1,19,19,8,"[[3, 4], [9, 10], [19, 20], [23, 24], [25, 26], [27, 28], [31, 32], [33, 34]]",10,,,,,0,,,,,,,,,,,,,,,,,,,,,,,,,,,,,,,,,,,,,,,,,,,,,,,,,,,,,
296.94524420797825,unswapping,,,,,,,,,,,,,,,,,,,,,,,,,,,,,,,,,,,,,,,,,,,,,,,,,,94,4,175176,2462,158,40,0,left,0,20,20,1,"[[26, 27]]",11,,,,,2,,,,,,,,,,,,,,,,,,,,,,,,,,,,,,,,,,,,,,,,,,,,,,,,,,,,,
297.4613977909903,unswapping,,,,,,,,,,,,,,,,,,,,,,,,,,,,,,,,,,,,,,,,,,,,,,,,,,77,4,145188,2270,158,40,0,left,1,19,19,7,"[[3, 4], [19, 20], [23, 24], [25, 26], [27, 28], [31, 32], [33, 34]]",18,,,,,16,,,,,,,,,,,,,,,,,,,,,,,,,,,,,,,,,,,,,,,,,,,,,,,,,,,,,
297.8283448750153,unswapping,,,,,,,,,,,,,,,,,,,,,,,,,,,,,,,,,,,,,,,,,,,,,,,,,,75,4,115892,2076,158,40,0,right,0,20,20,6,"[[4, 5], [10, 11], [12, 13], [24, 25], [28, 29], [32, 33]]",24,,,,,28,,,,,,,,,,,,,,,,,,,,,,,,,,,,,,,,,,,,,,,,,,,,,,,,,,,,,
298.08475358301075,unswapping,,,,,,,,,,,,,,,,,,,,,,,,,,,,,,,,,,,,,,,,,,,,,,,,,,74,4,106448,2004,158,40,0,right,1,19,19,1,"[[13, 14]]",25,,,,,30,,,,,,,,,,,,,,,,,,,,,,,,,,,,,,,,,,,,,,,,,,,,,,,,,,,,,
298.5756158750155,unswapping,,,,,,,,,,,,,,,,,,,,,,,,,,,,,,,,,,,,,,,,,,,,,,,,,,74,4,106448,2004,158,40,1,both,0,20,20,0,[],0,,,,,30,,,,,,,,,,,,,,,,,,,,,,,,,,,,,,,,,,,,,,,,,,,,,,,,,,,,,
298.9921531250002,unswapping,,,,,,,,,,,,,,,,,,,,,,,,,,,,,,,,,,,,,,,,,,,,,,,,,,74,4,106448,2004,158,40,1,both,1,19,19,0,[],0,,,,,30,,,,,,,,,,,,,,,,,,,,,,,,,,,,,,,,,,,,,,,,,,,,,,,,,,,,,
299.2079003750114,unswapping,,,,,,,,,,,,,,,,,,,,,,,,,,,,,,,,,,,,,,,,,,,,,,,,,,74,4,106448,2004,158,40,1,left,0,20,20,0,[],0,,,,,30,,,,,,,,,,,,,,,,,,,,,,,,,,,,,,,,,,,,,,,,,,,,,,,,,,,,,
299.4236931249616,unswapping,,,,,,,,,,,,,,,,,,,,,,,,,,,,,,,,,,,,,,,,,,,,,,,,,,74,4,106448,2004,158,40,1,left,1,19,19,0,[],0,,,,,30,,,,,,,,,,,,,,,,,,,,,,,,,,,,,,,,,,,,,,,,,,,,,,,,,,,,,
299.6547375000082,unswapping,,,,,,,,,,,,,,,,,,,,,,,,,,,,,,,,,,,,,,,,,,,,,,,,,,74,4,106448,2004,158,40,1,right,0,20,20,0,[],0,,,,,30,,,,,,,,,,,,,,,,,,,,,,,,,,,,,,,,,,,,,,,,,,,,,,,,,,,,,
299.8841506660101,unswapping,,,,,,,,,,,,,,,,,,,,,,,,,,,,,,,,,,,,,,,,,,,,,,,,,,74,4,106448,2004,158,40,1,right,1,19,19,0,[],0,,,,,30,,,,,,,,,,,,,,,,,,,,,,,,,,,,,,,,,,,,,,,,,,,,,,,,,,,,,
300.48663012497127,unswap_cycle_summary,,,,,,,,,,,,404,382,786,,,,,,,,,,,,,,,,,,,512,0.0006,,,,,,,,,,,,,,,,74,4,106448,2004,158,40,,,,,,,,,,,,,,,,,,,,,12,6.746019167010672,786,808,22,0,False,True,False,,0,"[404, 382]","[0, 1, 2, 3, 4, 5, 6, 7, 8, 10, 9, 11, 12, 13, 14, 15, 16, 17, 18, 19, 21, 20, 22, 23, 24, 28, 26, 27, 25, 29, 30, 31, 32, 33, 34, 35, 37, 36, 38, 39]","[0, 1, 2, 4, 5, 3, 6, 7, 8, 10, 11, 9, 13, 14, 12, 15, 16, 17, 18, 21, 19, 20, 22, 24, 26, 23, 25, 28, 29, 27, 30, 32, 34, 31, 33, 35, 37, 36, 38, 39]",,"{'index': 2, 'interactions': [('unitary', (21, 22)), ('unitary', (26, 27))]}","[2, 4, 5, 5, 5, 5, 6, 4, 3, 3, 3, 4, 5, 5, 6, 6, 4, 2, 4, 4, 5, 5, 6, 7, 5, 5, 5, 5, 5, 5, 5, 5, 4, 3, 4, 5, 4, 4, 2]",85ecf5955b58a74faf3e215d071ab7568eb691a7382f6883dfecfadf5a3dff99,,,,,,,,,,,,,,,,,,,,,,,,,,,,
300.6806193749653,rewiring,right,post_unswap,0.1443951660185121,30,False,False,,,,,,,,,,,,,,,,,,,,,,,,,,,,,,,,,,,,,,,,,,,,,,,,,,,,,,,,,,,,,,,,,,,,,,12,,,,,,,,,,,,,,,,,,50,False,0,4,bond_profile,8,False,1,3033,"(418, 59, 15, 8, 17, 103, 30)",0.0028774170204997063,0.14149295800598338,"[{'seed': 2024, 'score': (422, 59, 14, 8, 16, 102, 29), 'num_layers': 29, 'total_swaps': 102, 'max_layer_swaps': 9, 'swap_only_layers': 16, 'work_layers': 13, 'unitary_layers': 13, 'first_work_layer': 2, 'leading_no_work_layers': 2, 'bond_profile_layers_scored': 8, 'bond_profile_total_cost': 422, 'bond_profile_max_cost': 59, 'bond_profile_gate_count': 14}, {'seed': 3033, 'score': (418, 59, 15, 8, 17, 103, 30), 'num_layers': 30, 'total_swaps': 103, 'max_layer_swaps': 9, 'swap_only_layers': 17, 'work_layers': 13, 'unitary_layers': 13, 'first_work_layer': 2, 'leading_no_work_layers': 2, 'bond_profile_layers_scored': 8, 'bond_profile_total_cost': 418, 'bond_profile_max_cost': 59, 'bond_profile_gate_count': 15}, {'seed': 4042, 'score': (461, 59, 15, 8, 16, 102, 30), 'num_layers': 30, 'total_swaps': 102, 'max_layer_swaps': 9, 'swap_only_layers': 16, 'work_layers': 14, 'unitary_layers': 14, 'first_work_layer': 2, 'leading_no_work_layers': 2, 'bond_profile_layers_scored': 8, 'bond_profile_total_cost': 461, 'bond_profile_max_cost': 59, 'bond_profile_gate_count': 15}, {'seed': 5051, 'score': (461, 59, 15, 8, 17, 102, 31), 'num_layers': 31, 'total_swaps': 102, 'max_layer_swaps': 9, 'swap_only_layers': 17, 'work_layers': 14, 'unitary_layers': 14, 'first_work_layer': 2, 'leading_no_work_layers': 2, 'bond_profile_layers_scored': 8, 'bond_profile_total_cost': 461, 'bond_profile_max_cost': 59, 'bond_profile_gate_count': 15}]",0.1443895410047844,0.14459329203236848,,,,,,,,,,,,,
300.7301601659856,cycle_progress,,,,,,,,,,,,404,382,786,,,,,,,,,,,,,,,,,,,512,0.0006,,109448,0,,,,,,,,,,,,,74,4,106448,2004,158,40,,,,,,,,,,,,,,,,,,,,,12,,786,808,22,0,False,,,,,,,,,,,,,,,,,,,,,,,,,,0.14459329203236848,,,,,,,,,,,,,
300.90324404096464,absorbing,,,,,,,R,0,1,0,30,404,382,786,8,0,0,0.0,0.1212608750211075,0.1212608750211075,0.12279137497534975,,153640,,73,False,False,False,False,153640,73,False,512,0.0006,,106448,1,total_elems,,153640,1,1,,,,0.0,,,,73,4,153640,2394,158,40,,,,,,,,,,,,,,,,,,,,,,,,,,,,,,,,,,,,,,,,,,,,,,,,,,,,,,,,,,,,,,,,,,
301.20116333296755,absorbing,,,,,,,R,0,2,0,30,404,382,786,9,0,0,0.0,0.2465059160022065,0.2465059160022065,0.2467057919711806,,267432,,172,False,False,False,False,267432,172,False,512,0.0006,,106448,1,total_elems,,267432,1,1,,,,0.0,,,,172,4,267432,3044,158,40,,,,,,,,,,,,,,,,,,,,,,,,,,,,,,,,,,,,,,,,,,,,,,,,,,,,,,,,,,,,,,,,,,
303.40943916596007,unswapping,,,,,,,,,,,,,,,,,,,,,,,,,,,,,,,,,,,,,,,,,,,,,,,,,,158,4,240012,2870,158,40,0,both,0,20,20,2,"[[20, 21], [36, 37]]",2,,,,,0,,,,,,,,,,,,,,,,,,,,,,,,,,,,,,,,,,,,,,,,,,,,,,,,,,,,,
304.51884166599484,unswapping,,,,,,,,,,,,,,,,,,,,,,,,,,,,,,,,,,,,,,,,,,,,,,,,,,92,4,164120,2406,158,40,0,both,1,19,19,8,"[[3, 4], [9, 10], [19, 20], [23, 24], [25, 26], [27, 28], [31, 32], [33, 34]]",10,,,,,0,,,,,,,,,,,,,,,,,,,,,,,,,,,,,,,,,,,,,,,,,,,,,,,,,,,,,
304.9367621249985,unswapping,,,,,,,,,,,,,,,,,,,,,,,,,,,,,,,,,,,,,,,,,,,,,,,,,,88,4,160408,2388,158,40,0,left,0,20,20,1,"[[26, 27]]",11,,,,,2,,,,,,,,,,,,,,,,,,,,,,,,,,,,,,,,,,,,,,,,,,,,,,,,,,,,,
305.422355415998,unswapping,,,,,,,,,,,,,,,,,,,,,,,,,,,,,,,,,,,,,,,,,,,,,,,,,,73,4,134420,2208,158,40,0,left,1,19,19,7,"[[3, 4], [19, 20], [23, 24], [25, 26], [27, 28], [31, 32], [33, 34]]",18,,,,,16,,,,,,,,,,,,,,,,,,,,,,,,,,,,,,,,,,,,,,,,,,,,,,,,,,,,,
305.75971529097296,unswapping,,,,,,,,,,,,,,,,,,,,,,,,,,,,,,,,,,,,,,,,,,,,,,,,,,72,4,111120,2038,158,40,0,right,0,20,20,6,"[[4, 5], [10, 11], [12, 13], [24, 25], [28, 29], [32, 33]]",24,,,,,28,,,,,,,,,,,,,,,,,,,,,,,,,,,,,,,,,,,,,,,,,,,,,,,,,,,,,
306.01168120797956,unswapping,,,,,,,,,,,,,,,,,,,,,,,,,,,,,,,,,,,,,,,,,,,,,,,,,,71,4,102804,1976,158,40,0,right,1,19,19,1,"[[13, 14]]",25,,,,,30,,,,,,,,,,,,,,,,,,,,,,,,,,,,,,,,,,,,,,,,,,,,,,,,,,,,,
306.3963494579657,unswapping,,,,,,,,,,,,,,,,,,,,,,,,,,,,,,,,,,,,,,,,,,,,,,,,,,71,4,102804,1976,158,40,1,both,0,20,20,0,[],0,,,,,30,,,,,,,,,,,,,,,,,,,,,,,,,,,,,,,,,,,,,,,,,,,,,,,,,,,,,
306.78115850000177,unswapping,,,,,,,,,,,,,,,,,,,,,,,,,,,,,,,,,,,,,,,,,,,,,,,,,,71,4,102804,1976,158,40,1,both,1,19,19,0,[],0,,,,,30,,,,,,,,,,,,,,,,,,,,,,,,,,,,,,,,,,,,,,,,,,,,,,,,,,,,,
306.9548169579939,unswapping,,,,,,,,,,,,,,,,,,,,,,,,,,,,,,,,,,,,,,,,,,,,,,,,,,71,4,102804,1976,158,40,1,left,0,20,20,0,[],0,,,,,30,,,,,,,,,,,,,,,,,,,,,,,,,,,,,,,,,,,,,,,,,,,,,,,,,,,,,
307.1455644579837,unswapping,,,,,,,,,,,,,,,,,,,,,,,,,,,,,,,,,,,,,,,,,,,,,,,,,,71,4,102804,1976,158,40,1,left,1,19,19,0,[],0,,,,,30,,,,,,,,,,,,,,,,,,,,,,,,,,,,,,,,,,,,,,,,,,,,,,,,,,,,,
307.33675000001676,unswapping,,,,,,,,,,,,,,,,,,,,,,,,,,,,,,,,,,,,,,,,,,,,,,,,,,71,4,102804,1976,158,40,1,right,0,20,20,0,[],0,,,,,30,,,,,,,,,,,,,,,,,,,,,,,,,,,,,,,,,,,,,,,,,,,,,,,,,,,,,
307.52048579097027,unswapping,,,,,,,,,,,,,,,,,,,,,,,,,,,,,,,,,,,,,,,,,,,,,,,,,,71,4,102804,1976,158,40,1,right,1,19,19,0,[],0,,,,,30,,,,,,,,,,,,,,,,,,,,,,,,,,,,,,,,,,,,,,,,,,,,,,,,,,,,,
308.1359395000036,unswap_cycle_summary,,,,,,,,,,,,404,382,786,,,,,,,,,,,,,,,,,,,512,0.0006,,,,,,,,,,,,,,,,71,4,102804,1976,158,40,,,,,,,,,,,,,,,,,,,,,13,5.90782812499674,786,808,22,0,False,True,True,12,0,"[404, 382]","[0, 1, 2, 3, 4, 5, 6, 7, 8, 10, 9, 11, 12, 13, 14, 15, 16, 17, 18, 19, 21, 20, 22, 23, 24, 28, 26, 27, 25, 29, 30, 31, 32, 33, 34, 35, 37, 36, 38, 39]","[0, 1, 2, 4, 5, 3, 6, 7, 8, 10, 11, 9, 13, 14, 12, 15, 16, 17, 18, 21, 19, 20, 22, 24, 26, 23, 25, 28, 29, 27, 30, 32, 34, 31, 33, 35, 37, 36, 38, 39]",,"{'index': 2, 'interactions': [('unitary', (21, 22)), ('unitary', (26, 27))]}","[2, 4, 5, 5, 5, 5, 6, 4, 3, 3, 3, 4, 5, 5, 6, 6, 4, 2, 4, 4, 5, 5, 6, 7, 5, 5, 5, 5, 5, 5, 5, 5, 4, 3, 4, 5, 4, 4, 2]",85ecf5955b58a74faf3e215d071ab7568eb691a7382f6883dfecfadf5a3dff99,,,,,,,,,,,,,,,,,,,,,,,,,,,,
308.32337104098406,rewiring,right,post_unswap,0.13456645898986608,30,False,False,,,,,,,,,,,,,,,,,,,,,,,,,,,,,,,,,,,,,,,,,,,,,,,,,,,,,,,,,,,,,,,,,,,,,,13,,,,,,,,,,,,,,,,,,50,False,0,4,bond_profile,8,False,1,3033,"(409, 57, 15, 8, 17, 103, 30)",0.0028019589371979237,0.13174066692590714,"[{'seed': 2024, 'score': (411, 57, 14, 8, 16, 102, 29), 'num_layers': 29, 'total_swaps': 102, 'max_layer_swaps': 9, 'swap_only_layers': 16, 'work_layers': 13, 'unitary_layers': 13, 'first_work_layer': 2, 'leading_no_work_layers': 2, 'bond_profile_layers_scored': 8, 'bond_profile_total_cost': 411, 'bond_profile_max_cost': 57, 'bond_profile_gate_count': 14}, {'seed': 3033, 'score': (409, 57, 15, 8, 17, 103, 30), 'num_layers': 30, 'total_swaps': 103, 'max_layer_swaps': 9, 'swap_only_layers': 17, 'work_layers': 13, 'unitary_layers': 13, 'first_work_layer': 2, 'leading_no_work_layers': 2, 'bond_profile_layers_scored': 8, 'bond_profile_total_cost': 409, 'bond_profile_max_cost': 57, 'bond_profile_gate_count': 15}, {'seed': 4042, 'score': (448, 57, 15, 8, 16, 102, 30), 'num_layers': 30, 'total_swaps': 102, 'max_layer_swaps': 9, 'swap_only_layers': 16, 'work_layers': 14, 'unitary_layers': 14, 'first_work_layer': 2, 'leading_no_work_layers': 2, 'bond_profile_layers_scored': 8, 'bond_profile_total_cost': 448, 'bond_profile_max_cost': 57, 'bond_profile_gate_count': 15}, {'seed': 5051, 'score': (448, 57, 15, 8, 17, 102, 31), 'num_layers': 31, 'total_swaps': 102, 'max_layer_swaps': 9, 'swap_only_layers': 17, 'work_layers': 14, 'unitary_layers': 14, 'first_work_layer': 2, 'leading_no_work_layers': 2, 'bond_profile_layers_scored': 8, 'bond_profile_total_cost': 448, 'bond_profile_max_cost': 57, 'bond_profile_gate_count': 15}]",0.13456095900619403,0.13474579202011228,,,,,,,,,,,,,
308.3745319999871,cycle_progress,,,,,,,,,,,,404,382,786,,,,,,,,,,,,,,,,,,,512,0.0006,,106448,1,,,,,,,,,,,,,71,4,102804,1976,158,40,,,,,,,,,,,,,,,,,,,,,13,,786,808,22,0,False,,,,,,,,,,,,,,,,,,,,,,,,,,0.13474579202011228,,,,,,,,,,,,,
308.55457124998793,absorbing,,,,,,,R,0,1,0,30,404,382,786,8,0,0,0.0,0.1256194160087034,0.1256194160087034,0.1269942499930039,,144028,,70,False,False,False,False,144028,70,False,512,0.0006,,102804,2,total_elems,,144028,1,1,,,,0.0,,,,70,4,144028,2334,158,40,,,,,,,,,,,,,,,,,,,,,,,,,,,,,,,,,,,,,,,,,,,,,,,,,,,,,,,,,,,,,,,,,,
308.817889457976,absorbing,,,,,,,R,0,2,0,30,404,382,786,9,0,0,0.0,0.2112135419738479,0.2112135419738479,0.2114151249988936,,261864,,152,False,False,False,False,261864,152,False,512,0.0006,,102804,2,total_elems,,261864,1,1,,,,0.0,,,,152,4,261864,3054,158,40,,,,,,,,,,,,,,,,,,,,,,,,,,,,,,,,,,,,,,,,,,,,,,,,,,,,,,,,,,,,,,,,,,
310.57290737499716,unswapping,,,,,,,,,,,,,,,,,,,,,,,,,,,,,,,,,,,,,,,,,,,,,,,,,,152,4,261864,3054,158,40,0,both,0,20,20,0,[],0,,,,,0,,,,,,,,,,,,,,,,,,,,,,,,,,,,,,,,,,,,,,,,,,,,,,,,,,,,,
311.50014891597675,unswapping,,,,,,,,,,,,,,,,,,,,,,,,,,,,,,,,,,,,,,,,,,,,,,,,,,152,4,261864,3054,158,40,0,both,1,19,19,0,[],0,,,,,0,,,,,,,,,,,,,,,,,,,,,,,,,,,,,,,,,,,,,,,,,,,,,,,,,,,,,
312.16068729100516,unswapping,,,,,,,,,,,,,,,,,,,,,,,,,,,,,,,,,,,,,,,,,,,,,,,,,,152,4,261864,3054,158,40,0,left,0,20,20,0,[],0,,,,,0,,,,,,,,,,,,,,,,,,,,,,,,,,,,,,,,,,,,,,,,,,,,,,,,,,,,,
312.57659191597486,unswapping,,,,,,,,,,,,,,,,,,,,,,,,,,,,,,,,,,,,,,,,,,,,,,,,,,152,4,261864,3054,158,40,0,left,1,19,19,0,[],0,,,,,0,,,,,,,,,,,,,,,,,,,,,,,,,,,,,,,,,,,,,,,,,,,,,,,,,,,,,
313.3037264159648,unswapping,,,,,,,,,,,,,,,,,,,,,,,,,,,,,,,,,,,,,,,,,,,,,,,,,,152,4,261864,3054,158,40,0,right,0,20,20,0,[],0,,,,,0,,,,,,,,,,,,,,,,,,,,,,,,,,,,,,,,,,,,,,,,,,,,,,,,,,,,,
313.7637308749836,unswapping,,,,,,,,,,,,,,,,,,,,,,,,,,,,,,,,,,,,,,,,,,,,,,,,,,152,4,261864,3054,158,40,0,right,1,19,19,0,[],0,,,,,0,,,,,,,,,,,,,,,,,,,,,,,,,,,,,,,,,,,,,,,,,,,,,,,,,,,,,
314.0829637909774,unswap_cycle_summary,,,,,,,,,,,,404,382,786,,,,,,,,,,,,,,,,,,,512,0.0006,,,,,,,,,,,,,,,,152,4,261864,3054,158,40,,,,,,,,,,,,,,,,,,,,,14,4.520263624959625,786,808,22,0,False,True,False,,18,"[404, 382]","[0, 1, 2, 3, 4, 5, 6, 7, 8, 9, 10, 11, 12, 13, 14, 15, 16, 17, 18, 19, 20, 21, 22, 23, 24, 25, 26, 27, 28, 29, 30, 31, 32, 33, 34, 35, 36, 37, 38, 39]","[0, 1, 2, 3, 4, 5, 6, 7, 8, 9, 10, 11, 12, 13, 14, 15, 16, 17, 18, 19, 20, 21, 22, 23, 24, 25, 26, 27, 28, 29, 30, 31, 32, 33, 34, 35, 36, 37, 38, 39]",,"{'index': 2, 'interactions': [('unitary', (21, 22)), ('unitary', (26, 27))]}","[2, 4, 5, 6, 5, 5, 6, 4, 3, 4, 4, 4, 5, 6, 6, 6, 4, 2, 4, 6, 7, 5, 6, 8, 6, 7, 5, 6, 6, 5, 5, 6, 5, 5, 4, 5, 6, 4, 2]",254f1406d42f0053871cbe9a6b4021e3b91f736d3e45770e054cdd47f48de095,,,,,,,,,,,,,,,,,,,,,,,,,,,,
314.2727113330038,rewiring,right,post_unswap,0.1380789169925265,30,False,False,,,,,,,,,,,,,,,,,,,,,,,,,,,,,,,,,,,,,,,,,,,,,,,,,,,,,,,,,,,,,,,,,,,,,,14,,,,,,,,,,,,,,,,,,50,False,0,4,bond_profile,8,False,1,4042,"(675, 123, 15, 8, 14, 85, 27)",0.0030272919684648514,0.13502741610864177,"[{'seed': 2024, 'score': (706, 123, 15, 8, 15, 85, 27), 'num_layers': 27, 'total_swaps': 85, 'max_layer_swaps': 7, 'swap_only_layers': 15, 'work_layers': 12, 'unitary_layers': 12, 'first_work_layer': 0, 'leading_no_work_layers': 0, 'bond_profile_layers_scored': 8, 'bond_profile_total_cost': 706, 'bond_profile_max_cost': 123, 'bond_profile_gate_count': 15}, {'seed': 3033, 'score': (681, 123, 15, 8, 17, 85, 31), 'num_layers': 31, 'total_swaps': 85, 'max_layer_swaps': 8, 'swap_only_layers': 17, 'work_layers': 14, 'unitary_layers': 14, 'first_work_layer': 0, 'leading_no_work_layers': 0, 'bond_profile_layers_scored': 8, 'bond_profile_total_cost': 681, 'bond_profile_max_cost': 123, 'bond_profile_gate_count': 15}, {'seed': 4042, 'score': (675, 123, 15, 8, 14, 85, 27), 'num_layers': 27, 'total_swaps': 85, 'max_layer_swaps': 8, 'swap_only_layers': 14, 'work_layers': 13, 'unitary_layers': 13, 'first_work_layer': 0, 'leading_no_work_layers': 0, 'bond_profile_layers_scored': 8, 'bond_profile_total_cost': 675, 'bond_profile_max_cost': 123, 'bond_profile_gate_count': 15}, {'seed': 5051, 'score': (681, 123, 15, 8, 14, 85, 26), 'num_layers': 26, 'total_swaps': 85, 'max_layer_swaps': 8, 'swap_only_layers': 14, 'work_layers': 12, 'unitary_layers': 12, 'first_work_layer': 0, 'leading_no_work_layers': 0, 'bond_profile_layers_scored': 8, 'bond_profile_total_cost': 681, 'bond_profile_max_cost': 123, 'bond_profile_gate_count': 15}]",0.1380735420389101,0.1382542080245912,,,,,,,,,,,,,
314.3240785410162,cycle_progress,,,,,,,,,,,,404,382,786,,,,,,,,,,,,,,,,,,,512,0.0006,,102804,2,,,,,,,,,,,,,152,4,261864,3054,158,40,,,,,,,,,,,,,,,,,,,,,14,,786,808,22,0,False,,,,,,,,,,,,,,,,,,,,,,,,,,0.1382542080245912,,,,,,,,,,,,,
316.51620025001466,unswapping,,,,,,,,,,,,,,,,,,,,,,,,,,,,,,,,,,,,,,,,,,,,,,,,,,144,4,216920,2762,158,40,0,both,0,20,20,2,"[[20, 21], [36, 37]]",2,,,,,0,,,,,,,,,,,,,,,,,,,,,,,,,,,,,,,,,,,,,,,,,,,,,,,,,,,,,
317.63054920797003,unswapping,,,,,,,,,,,,,,,,,,,,,,,,,,,,,,,,,,,,,,,,,,,,,,,,,,88,4,154924,2356,158,40,0,both,1,19,19,8,"[[3, 4], [9, 10], [19, 20], [23, 24], [25, 26], [27, 28], [31, 32], [33, 34]]",10,,,,,0,,,,,,,,,,,,,,,,,,,,,,,,,,,,,,,,,,,,,,,,,,,,,,,,,,,,,
318.07962212496204,unswapping,,,,,,,,,,,,,,,,,,,,,,,,,,,,,,,,,,,,,,,,,,,,,,,,,,85,4,151640,2338,158,40,0,left,0,20,20,1,"[[26, 27]]",11,,,,,2,,,,,,,,,,,,,,,,,,,,,,,,,,,,,,,,,,,,,,,,,,,,,,,,,,,,,
318.55132554098964,unswapping,,,,,,,,,,,,,,,,,,,,,,,,,,,,,,,,,,,,,,,,,,,,,,,,,,70,4,128444,2170,158,40,0,left,1,19,19,7,"[[3, 4], [19, 20], [23, 24], [25, 26], [27, 28], [31, 32], [33, 34]]",18,,,,,16,,,,,,,,,,,,,,,,,,,,,,,,,,,,,,,,,,,,,,,,,,,,,,,,,,,,,
318.89822337497026,unswapping,,,,,,,,,,,,,,,,,,,,,,,,,,,,,,,,,,,,,,,,,,,,,,,,,,69,4,105876,2002,158,40,0,right,0,20,20,6,"[[4, 5], [10, 11], [12, 13], [24, 25], [28, 29], [32, 33]]",24,,,,,28,,,,,,,,,,,,,,,,,,,,,,,,,,,,,,,,,,,,,,,,,,,,,,,,,,,,,
319.1634131660103,unswapping,,,,,,,,,,,,,,,,,,,,,,,,,,,,,,,,,,,,,,,,,,,,,,,,,,68,4,98196,1942,158,40,0,right,1,19,19,1,"[[13, 14]]",25,,,,,30,,,,,,,,,,,,,,,,,,,,,,,,,,,,,,,,,,,,,,,,,,,,,,,,,,,,,
319.6063582909992,unswapping,,,,,,,,,,,,,,,,,,,,,,,,,,,,,,,,,,,,,,,,,,,,,,,,,,68,4,98196,1942,158,40,1,both,0,20,20,0,[],0,,,,,30,,,,,,,,,,,,,,,,,,,,,,,,,,,,,,,,,,,,,,,,,,,,,,,,,,,,,
320.0353466660017,unswapping,,,,,,,,,,,,,,,,,,,,,,,,,,,,,,,,,,,,,,,,,,,,,,,,,,68,4,98196,1942,158,40,1,both,1,19,19,0,[],0,,,,,30,,,,,,,,,,,,,,,,,,,,,,,,,,,,,,,,,,,,,,,,,,,,,,,,,,,,,
320.2173906660173,unswapping,,,,,,,,,,,,,,,,,,,,,,,,,,,,,,,,,,,,,,,,,,,,,,,,,,68,4,98196,1942,158,40,1,left,0,20,20,0,[],0,,,,,30,,,,,,,,,,,,,,,,,,,,,,,,,,,,,,,,,,,,,,,,,,,,,,,,,,,,,
320.412368624995,unswapping,,,,,,,,,,,,,,,,,,,,,,,,,,,,,,,,,,,,,,,,,,,,,,,,,,68,4,98196,1942,158,40,1,left,1,19,19,0,[],0,,,,,30,,,,,,,,,,,,,,,,,,,,,,,,,,,,,,,,,,,,,,,,,,,,,,,,,,,,,
320.6033984160167,unswapping,,,,,,,,,,,,,,,,,,,,,,,,,,,,,,,,,,,,,,,,,,,,,,,,,,68,4,98196,1942,158,40,1,right,0,20,20,0,[],0,,,,,30,,,,,,,,,,,,,,,,,,,,,,,,,,,,,,,,,,,,,,,,,,,,,,,,,,,,,
320.80011970800115,unswapping,,,,,,,,,,,,,,,,,,,,,,,,,,,,,,,,,,,,,,,,,,,,,,,,,,68,4,98196,1942,158,40,1,right,1,19,19,0,[],0,,,,,30,,,,,,,,,,,,,,,,,,,,,,,,,,,,,,,,,,,,,,,,,,,,,,,,,,,,,
321.4343737079762,unswap_cycle_summary,,,,,,,,,,,,404,382,786,,,,,,,,,,,,,,,,,,,512,0.0006,,,,,,,,,,,,,,,,68,4,98196,1942,158,40,,,,,,,,,,,,,,,,,,,,,15,6.044508374994621,786,808,22,0,False,True,False,,0,"[404, 382]","[0, 1, 2, 3, 4, 5, 6, 7, 8, 10, 9, 11, 12, 13, 14, 15, 16, 17, 18, 19, 21, 20, 22, 23, 24, 28, 26, 27, 25, 29, 30, 31, 32, 33, 34, 35, 37, 36, 38, 39]","[0, 1, 2, 4, 5, 3, 6, 7, 8, 10, 11, 9, 13, 14, 12, 15, 16, 17, 18, 21, 19, 20, 22, 24, 26, 23, 25, 28, 29, 27, 30, 32, 34, 31, 33, 35, 37, 36, 38, 39]",,"{'index': 0, 'interactions': [('unitary', (21, 22)), ('unitary', (26, 27))]}","[2, 4, 5, 5, 5, 5, 6, 4, 3, 3, 3, 4, 5, 5, 6, 6, 4, 2, 4, 4, 5, 5, 6, 7, 5, 5, 5, 5, 5, 5, 5, 5, 4, 3, 4, 5, 4, 4, 2]",382bc53dcedecc19930cfc9bb4a4ce18a9cd229dc45b574544e5feb9f73384aa,,,,,,,,,,,,,,,,,,,,,,,,,,,,
321.62747374997707,rewiring,right,post_unswap,0.139013750012964,29,False,False,,,,,,,,,,,,,,,,,,,,,,,,,,,,,,,,,,,,,,,,,,,,,,,,,,,,,,,,,,,,,,,,,,,,,,15,,,,,,,,,,,,,,,,,,50,False,0,4,bond_profile,8,False,1,3033,"(393, 55, 15, 8, 17, 103, 30)",0.003122958994936198,0.1358647090382874,"[{'seed': 2024, 'score': (397, 55, 14, 8, 16, 102, 29), 'num_layers': 29, 'total_swaps': 102, 'max_layer_swaps': 9, 'swap_only_layers': 16, 'work_layers': 13, 'unitary_layers': 13, 'first_work_layer': 2, 'leading_no_work_layers': 2, 'bond_profile_layers_scored': 8, 'bond_profile_total_cost': 397, 'bond_profile_max_cost': 55, 'bond_profile_gate_count': 14}, {'seed': 3033, 'score': (393, 55, 15, 8, 17, 103, 30), 'num_layers': 30, 'total_swaps': 103, 'max_layer_swaps': 9, 'swap_only_layers': 17, 'work_layers': 13, 'unitary_layers': 13, 'first_work_layer': 2, 'leading_no_work_layers': 2, 'bond_profile_layers_scored': 8, 'bond_profile_total_cost': 393, 'bond_profile_max_cost': 55, 'bond_profile_gate_count': 15}, {'seed': 4042, 'score': (430, 55, 15, 8, 16, 102, 30), 'num_layers': 30, 'total_swaps': 102, 'max_layer_swaps': 9, 'swap_only_layers': 16, 'work_layers': 14, 'unitary_layers': 14, 'first_work_layer': 2, 'leading_no_work_layers': 2, 'bond_profile_layers_scored': 8, 'bond_profile_total_cost': 430, 'bond_profile_max_cost': 55, 'bond_profile_gate_count': 15}, {'seed': 5051, 'score': (430, 55, 15, 8, 17, 102, 31), 'num_layers': 31, 'total_swaps': 102, 'max_layer_swaps': 9, 'swap_only_layers': 17, 'work_layers': 14, 'unitary_layers': 14, 'first_work_layer': 2, 'leading_no_work_layers': 2, 'bond_profile_layers_scored': 8, 'bond_profile_total_cost': 430, 'bond_profile_max_cost': 55, 'bond_profile_gate_count': 15}]",0.13900758395902812,0.1392058749916032,,,,,,,,,,,,,
321.68188308301615,cycle_progress,,,,,,,,,,,,404,382,786,,,,,,,,,,,,,,,,,,,512,0.0006,,261864,3,,,,,,,,,,,,,68,4,98196,1942,158,40,,,,,,,,,,,,,,,,,,,,,15,,786,808,22,0,False,,,,,,,,,,,,,,,,,,,,,,,,,,0.1392058749916032,,,,,,,,,,,,,
321.8479407079867,absorbing,,,,,,,R,0,1,0,30,404,382,786,8,0,0,0.0,0.11165616702055559,0.11165616702055559,0.11288345797220245,,136772,,67,False,False,False,False,136772,67,False,512,0.0006,,98196,4,total_elems,,136772,1,1,,,,0.0,,,,67,4,136772,2290,158,40,,,,,,,,,,,,,,,,,,,,,,,,,,,,,,,,,,,,,,,,,,,,,,,,,,,,,,,,,,,,,,,,,,
322.1219782080152,absorbing,,,,,,,R,0,2,0,30,404,382,786,9,0,0,0.0,0.21445908397436142,0.21445908397436142,0.21466129197506234,,220976,,143,False,False,False,False,220976,143,False,512,0.0006,,98196,4,total_elems,,220976,1,1,,,,0.0,,,,143,4,220976,2848,158,40,,,,,,,,,,,,,,,,,,,,,,,,,,,,,,,,,,,,,,,,,,,,,,,,,,,,,,,,,,,,,,,,,,
322.5110356659861,absorbing,,,,,,,R,0,3,0,30,404,384,788,7,2,2,0.0,0.33175491698784754,0.33175491698784754,0.33198374998755753,,418688,,152,False,False,False,False,418688,152,False,512,0.0006,,98196,4,total_elems,,418688,1,1,,,,0.0,,,,152,4,418688,3654,158,40,,,,,,,,,,,,,,,,,,,,,,,,,,,,,,,,,,,,,,,,,,,,,,,,,,,,,,,,,,,,,,,,,,
326.0390872079879,unswapping,,,,,,,,,,,,,,,,,,,,,,,,,,,,,,,,,,,,,,,,,,,,,,,,,,133,4,303608,3120,158,40,0,both,0,20,20,7,"[[8, 9], [24, 25], [26, 27], [30, 31], [32, 33], [34, 35], [36, 37]]",7,,,,,0,,,,,,,,,,,,,,,,,,,,,,,,,,,,,,,,,,,,,,,,,,,,,,,,,,,,,
327.5997194579686,unswapping,,,,,,,,,,,,,,,,,,,,,,,,,,,,,,,,,,,,,,,,,,,,,,,,,,103,4,254896,2864,158,40,0,both,1,19,19,5,"[[3, 4], [11, 12], [19, 20], [21, 22], [23, 24]]",12,,,,,0,,,,,,,,,,,,,,,,,,,,,,,,,,,,,,,,,,,,,,,,,,,,,,,,,,,,,
328.24173208297,unswapping,,,,,,,,,,,,,,,,,,,,,,,,,,,,,,,,,,,,,,,,,,,,,,,,,,101,4,226176,2732,158,40,0,left,0,20,20,2,"[[26, 27], [34, 35]]",14,,,,,4,,,,,,,,,,,,,,,,,,,,,,,,,,,,,,,,,,,,,,,,,,,,,,,,,,,,,
328.7447192079853,unswapping,,,,,,,,,,,,,,,,,,,,,,,,,,,,,,,,,,,,,,,,,,,,,,,,,,99,4,214400,2680,158,40,0,left,1,19,19,3,"[[11, 12], [23, 24], [27, 28]]",17,,,,,10,,,,,,,,,,,,,,,,,,,,,,,,,,,,,,,,,,,,,,,,,,,,,,,,,,,,,
329.26660683297087,unswapping,,,,,,,,,,,,,,,,,,,,,,,,,,,,,,,,,,,,,,,,,,,,,,,,,,98,4,207224,2630,158,40,0,right,0,20,20,2,"[[4, 5], [12, 13]]",19,,,,,14,,,,,,,,,,,,,,,,,,,,,,,,,,,,,,,,,,,,,,,,,,,,,,,,,,,,,
329.75156050000805,unswapping,,,,,,,,,,,,,,,,,,,,,,,,,,,,,,,,,,,,,,,,,,,,,,,,,,97,4,177072,2418,158,40,0,right,1,19,19,5,"[[9, 10], [13, 14], [25, 26], [31, 32], [33, 34]]",24,,,,,24,,,,,,,,,,,,,,,,,,,,,,,,,,,,,,,,,,,,,,,,,,,,,,,,,,,,,
330.58193054096773,unswapping,,,,,,,,,,,,,,,,,,,,,,,,,,,,,,,,,,,,,,,,,,,,,,,,,,94,4,152860,2272,158,40,1,both,0,20,20,4,"[[10, 11], [18, 19], [24, 25], [32, 33]]",4,,,,,36,,,,,,,,,,,,,,,,,,,,,,,,,,,,,,,,,,,,,,,,,,,,,,,,,,,,,
331.1829652499873,unswapping,,,,,,,,,,,,,,,,,,,,,,,,,,,,,,,,,,,,,,,,,,,,,,,,,,92,4,146356,2226,158,40,1,both,1,19,19,1,"[[19, 20]]",5,,,,,36,,,,,,,,,,,,,,,,,,,,,,,,,,,,,,,,,,,,,,,,,,,,,,,,,,,,,
331.44425237498945,unswapping,,,,,,,,,,,,,,,,,,,,,,,,,,,,,,,,,,,,,,,,,,,,,,,,,,92,4,146356,2226,158,40,1,left,0,20,20,0,[],5,,,,,36,,,,,,,,,,,,,,,,,,,,,,,,,,,,,,,,,,,,,,,,,,,,,,,,,,,,,
331.7202279159683,unswapping,,,,,,,,,,,,,,,,,,,,,,,,,,,,,,,,,,,,,,,,,,,,,,,,,,91,4,145372,2220,158,40,1,left,1,19,19,1,"[[19, 20]]",6,,,,,38,,,,,,,,,,,,,,,,,,,,,,,,,,,,,,,,,,,,,,,,,,,,,,,,,,,,,
331.982817540993,unswapping,,,,,,,,,,,,,,,,,,,,,,,,,,,,,,,,,,,,,,,,,,,,,,,,,,91,4,145372,2220,158,40,1,right,0,20,20,0,[],6,,,,,38,,,,,,,,,,,,,,,,,,,,,,,,,,,,,,,,,,,,,,,,,,,,,,,,,,,,,
332.20886508299736,unswapping,,,,,,,,,,,,,,,,,,,,,,,,,,,,,,,,,,,,,,,,,,,,,,,,,,91,4,145372,2220,158,40,1,right,1,19,19,0,[],6,,,,,38,,,,,,,,,,,,,,,,,,,,,,,,,,,,,,,,,,,,,,,,,,,,,,,,,,,,,
332.85485412500566,unswapping,,,,,,,,,,,,,,,,,,,,,,,,,,,,,,,,,,,,,,,,,,,,,,,,,,91,4,145372,2220,158,40,2,both,0,20,20,0,[],0,,,,,38,,,,,,,,,,,,,,,,,,,,,,,,,,,,,,,,,,,,,,,,,,,,,,,,,,,,,
333.3582852499676,unswapping,,,,,,,,,,,,,,,,,,,,,,,,,,,,,,,,,,,,,,,,,,,,,,,,,,91,4,145372,2220,158,40,2,both,1,19,19,0,[],0,,,,,38,,,,,,,,,,,,,,,,,,,,,,,,,,,,,,,,,,,,,,,,,,,,,,,,,,,,,
333.63416449999204,unswapping,,,,,,,,,,,,,,,,,,,,,,,,,,,,,,,,,,,,,,,,,,,,,,,,,,91,4,145372,2220,158,40,2,left,0,20,20,0,[],0,,,,,38,,,,,,,,,,,,,,,,,,,,,,,,,,,,,,,,,,,,,,,,,,,,,,,,,,,,,
333.9408467079629,unswapping,,,,,,,,,,,,,,,,,,,,,,,,,,,,,,,,,,,,,,,,,,,,,,,,,,90,4,143968,2212,158,40,2,left,1,19,19,1,"[[19, 20]]",1,,,,,36,,,,,,,,,,,,,,,,,,,,,,,,,,,,,,,,,,,,,,,,,,,,,,,,,,,,,
334.2575216249679,unswapping,,,,,,,,,,,,,,,,,,,,,,,,,,,,,,,,,,,,,,,,,,,,,,,,,,90,4,143968,2212,158,40,2,right,0,20,20,0,[],1,,,,,36,,,,,,,,,,,,,,,,,,,,,,,,,,,,,,,,,,,,,,,,,,,,,,,,,,,,,
334.4771798750153,unswapping,,,,,,,,,,,,,,,,,,,,,,,,,,,,,,,,,,,,,,,,,,,,,,,,,,90,4,143968,2212,158,40,2,right,1,19,19,0,[],1,,,,,36,,,,,,,,,,,,,,,,,,,,,,,,,,,,,,,,,,,,,,,,,,,,,,,,,,,,,
335.0720540409675,unswapping,,,,,,,,,,,,,,,,,,,,,,,,,,,,,,,,,,,,,,,,,,,,,,,,,,90,4,143968,2212,158,40,3,both,0,20,20,0,[],0,,,,,36,,,,,,,,,,,,,,,,,,,,,,,,,,,,,,,,,,,,,,,,,,,,,,,,,,,,,
335.5589981660014,unswapping,,,,,,,,,,,,,,,,,,,,,,,,,,,,,,,,,,,,,,,,,,,,,,,,,,90,4,143968,2212,158,40,3,both,1,19,19,0,[],0,,,,,36,,,,,,,,,,,,,,,,,,,,,,,,,,,,,,,,,,,,,,,,,,,,,,,,,,,,,
335.8794665829628,unswapping,,,,,,,,,,,,,,,,,,,,,,,,,,,,,,,,,,,,,,,,,,,,,,,,,,90,4,143968,2212,158,40,3,left,0,20,20,0,[],0,,,,,36,,,,,,,,,,,,,,,,,,,,,,,,,,,,,,,,,,,,,,,,,,,,,,,,,,,,,
336.1341293329606,unswapping,,,,,,,,,,,,,,,,,,,,,,,,,,,,,,,,,,,,,,,,,,,,,,,,,,90,4,143968,2212,158,40,3,left,1,19,19,0,[],0,,,,,36,,,,,,,,,,,,,,,,,,,,,,,,,,,,,,,,,,,,,,,,,,,,,,,,,,,,,
336.4079898329801,unswapping,,,,,,,,,,,,,,,,,,,,,,,,,,,,,,,,,,,,,,,,,,,,,,,,,,90,4,143968,2212,158,40,3,right,0,20,20,0,[],0,,,,,36,,,,,,,,,,,,,,,,,,,,,,,,,,,,,,,,,,,,,,,,,,,,,,,,,,,,,
336.6344505000161,unswapping,,,,,,,,,,,,,,,,,,,,,,,,,,,,,,,,,,,,,,,,,,,,,,,,,,90,4,143968,2212,158,40,3,right,1,19,19,0,[],0,,,,,36,,,,,,,,,,,,,,,,,,,,,,,,,,,,,,,,,,,,,,,,,,,,,,,,,,,,,
337.9102030409849,unswap_cycle_summary,,,,,,,,,,,,404,384,788,,,,,,,,,,,,,,,,,,,512,0.0006,,,,,,,,,,,,,,,,90,4,143968,2212,158,40,,,,,,,,,,,,,,,,,,,,,16,13.590191749972291,788,808,20,2,False,True,False,,0,"[404, 384]","[0, 1, 2, 4, 3, 5, 6, 7, 9, 8, 11, 10, 12, 13, 14, 15, 16, 17, 20, 19, 18, 22, 21, 23, 24, 25, 26, 28, 27, 29, 31, 30, 32, 33, 34, 35, 37, 36, 38, 39]","[0, 1, 2, 4, 5, 3, 6, 7, 9, 10, 12, 8, 13, 14, 11, 15, 16, 17, 20, 19, 18, 22, 21, 25, 27, 23, 24, 26, 28, 29, 31, 33, 35, 30, 32, 34, 37, 36, 38, 39]",,"{'index': 3, 'interactions': [('unitary', (29, 30))]}","[2, 4, 5, 5, 5, 5, 6, 4, 3, 3, 3, 4, 5, 5, 6, 6, 4, 2, 3, 4, 6, 7, 6, 6, 6, 6, 6, 6, 6, 5, 5, 5, 4, 3, 4, 5, 4, 4, 2]",adec6325fd7bb7d269489384a07f08b45fbdfd9b81d071e38508271a91564a8f,,,,,,,,,,,,,,,,,,,,,,,,,,,,
338.0925002080039,rewiring,right,post_unswap,0.12922395899659023,29,False,False,,,,,,,,,,,,,,,,,,,,,,,,,,,,,,,,,,,,,,,,,,,,,,,,,,,,,,,,,,,,,,,,,,,,,,16,,,,,,,,,,,,,,,,,,50,False,2,4,bond_profile,8,False,1,2024,"(468, 90, 12, 8, 15, 94, 28)",0.0028527930262498558,0.12634687509853393,"[{'seed': 2024, 'score': (468, 90, 12, 8, 15, 94, 28), 'num_layers': 28, 'total_swaps': 94, 'max_layer_swaps': 9, 'swap_only_layers': 15, 'work_layers': 13, 'unitary_layers': 13, 'first_work_layer': 0, 'leading_no_work_layers': 0, 'bond_profile_layers_scored': 8, 'bond_profile_total_cost': 468, 'bond_profile_max_cost': 90, 'bond_profile_gate_count': 12}, {'seed': 3033, 'score': (468, 90, 12, 8, 17, 94, 31), 'num_layers': 31, 'total_swaps': 94, 'max_layer_swaps': 9, 'swap_only_layers': 17, 'work_layers': 14, 'unitary_layers': 14, 'first_work_layer': 0, 'leading_no_work_layers': 0, 'bond_profile_layers_scored': 8, 'bond_profile_total_cost': 468, 'bond_profile_max_cost': 90, 'bond_profile_gate_count': 12}, {'seed': 4042, 'score': (468, 90, 12, 8, 15, 94, 29), 'num_layers': 29, 'total_swaps': 94, 'max_layer_swaps': 9, 'swap_only_layers': 15, 'work_layers': 14, 'unitary_layers': 14, 'first_work_layer': 0, 'leading_no_work_layers': 0, 'bond_profile_layers_scored': 8, 'bond_profile_total_cost': 468, 'bond_profile_max_cost': 90, 'bond_profile_gate_count': 12}, {'seed': 5051, 'score': (468, 90, 12, 8, 18, 94, 31), 'num_layers': 31, 'total_swaps': 94, 'max_layer_swaps': 9, 'swap_only_layers': 18, 'work_layers': 13, 'unitary_layers': 13, 'first_work_layer': 0, 'leading_no_work_layers': 0, 'bond_profile_layers_scored': 8, 'bond_profile_total_cost': 468, 'bond_profile_max_cost': 90, 'bond_profile_gate_count': 12}]",0.12921816599555314,0.1294126659631729,,,,,,,,,,,,,
338.1445480409893,cycle_progress,,,,,,,,,,,,404,384,788,,,,,,,,,,,,,,,,,,,512,0.0006,,98196,4,,,,,,,,,,,,,90,4,143968,2212,158,40,,,,,,,,,,,,,,,,,,,,,16,,788,808,20,2,False,,,,,,,,,,,,,,,,,,,,,,,,,,0.1294126659631729,,,,,,,,,,,,,
338.3261929579894,absorbing,,,,,,,R,0,1,0,28,404,385,789,6,1,1,0.0,0.12367129197809845,0.12367129197809845,0.12520237499848008,,182728,,114,False,False,False,False,182728,114,False,512,0.0006,,143968,0,total_elems,,182728,1,1,,,,0.0,,,,114,4,182728,2530,158,40,,,,,,,,,,,,,,,,,,,,,,,,,,,,,,,,,,,,,,,,,,,,,,,,,,,,,,,,,,,,,,,,,,
338.6170206249808,absorbing,,,,,,,R,0,2,0,28,404,385,789,8,0,1,0.0,0.2345659999991767,0.2345659999991767,0.23480270797153935,,334960,,177,False,False,False,False,334960,177,False,512,0.0006,,143968,0,total_elems,,334960,1,1,,,,0.0,,,,177,4,334960,3126,158,40,,,,,,,,,,,,,,,,,,,,,,,,,,,,,,,,,,,,,,,,,,,,,,,,,,,,,,,,,,,,,,,,,,
341.14376374997664,unswapping,,,,,,,,,,,,,,,,,,,,,,,,,,,,,,,,,,,,,,,,,,,,,,,,,,103,4,247940,2836,158,40,0,both,0,20,20,3,"[[22, 23], [24, 25], [36, 37]]",3,,,,,0,,,,,,,,,,,,,,,,,,,,,,,,,,,,,,,,,,,,,,,,,,,,,,,,,,,,,
342.3336076249834,unswapping,,,,,,,,,,,,,,,,,,,,,,,,,,,,,,,,,,,,,,,,,,,,,,,,,,99,4,216232,2602,158,40,0,both,1,19,19,4,"[[3, 4], [9, 10], [31, 32], [33, 34]]",7,,,,,0,,,,,,,,,,,,,,,,,,,,,,,,,,,,,,,,,,,,,,,,,,,,,,,,,,,,,
343.0871066660038,unswapping,,,,,,,,,,,,,,,,,,,,,,,,,,,,,,,,,,,,,,,,,,,,,,,,,,98,4,173196,2470,158,40,0,left,0,20,20,2,"[[22, 23], [24, 25]]",9,,,,,4,,,,,,,,,,,,,,,,,,,,,,,,,,,,,,,,,,,,,,,,,,,,,,,,,,,,,
343.52247366600204,unswapping,,,,,,,,,,,,,,,,,,,,,,,,,,,,,,,,,,,,,,,,,,,,,,,,,,97,4,170024,2444,158,40,0,left,1,19,19,2,"[[31, 32], [33, 34]]",11,,,,,8,,,,,,,,,,,,,,,,,,,,,,,,,,,,,,,,,,,,,,,,,,,,,,,,,,,,,
344.0772749159951,unswapping,,,,,,,,,,,,,,,,,,,,,,,,,,,,,,,,,,,,,,,,,,,,,,,,,,96,4,162100,2358,158,40,0,right,0,20,20,4,"[[4, 5], [10, 11], [12, 13], [32, 33]]",15,,,,,16,,,,,,,,,,,,,,,,,,,,,,,,,,,,,,,,,,,,,,,,,,,,,,,,,,,,,
344.4763873749762,unswapping,,,,,,,,,,,,,,,,,,,,,,,,,,,,,,,,,,,,,,,,,,,,,,,,,,95,4,153136,2276,158,40,0,right,1,19,19,2,"[[13, 14], [17, 18]]",17,,,,,20,,,,,,,,,,,,,,,,,,,,,,,,,,,,,,,,,,,,,,,,,,,,,,,,,,,,,
345.24193491600454,unswapping,,,,,,,,,,,,,,,,,,,,,,,,,,,,,,,,,,,,,,,,,,,,,,,,,,95,4,153136,2276,158,40,1,both,0,20,20,0,[],0,,,,,20,,,,,,,,,,,,,,,,,,,,,,,,,,,,,,,,,,,,,,,,,,,,,,,,,,,,,
345.767923041014,unswapping,,,,,,,,,,,,,,,,,,,,,,,,,,,,,,,,,,,,,,,,,,,,,,,,,,95,4,153136,2276,158,40,1,both,1,19,19,0,[],0,,,,,20,,,,,,,,,,,,,,,,,,,,,,,,,,,,,,,,,,,,,,,,,,,,,,,,,,,,,
346.1071735830046,unswapping,,,,,,,,,,,,,,,,,,,,,,,,,,,,,,,,,,,,,,,,,,,,,,,,,,95,4,153136,2276,158,40,1,left,0,20,20,0,[],0,,,,,20,,,,,,,,,,,,,,,,,,,,,,,,,,,,,,,,,,,,,,,,,,,,,,,,,,,,,
346.3425297079957,unswapping,,,,,,,,,,,,,,,,,,,,,,,,,,,,,,,,,,,,,,,,,,,,,,,,,,95,4,153136,2276,158,40,1,left,1,19,19,0,[],0,,,,,20,,,,,,,,,,,,,,,,,,,,,,,,,,,,,,,,,,,,,,,,,,,,,,,,,,,,,
346.7442757500103,unswapping,,,,,,,,,,,,,,,,,,,,,,,,,,,,,,,,,,,,,,,,,,,,,,,,,,94,4,152348,2262,158,40,1,right,0,20,20,1,"[[18, 19]]",1,,,,,22,,,,,,,,,,,,,,,,,,,,,,,,,,,,,,,,,,,,,,,,,,,,,,,,,,,,,
346.97736024996266,unswapping,,,,,,,,,,,,,,,,,,,,,,,,,,,,,,,,,,,,,,,,,,,,,,,,,,94,4,152348,2262,158,40,1,right,1,19,19,0,[],1,,,,,22,,,,,,,,,,,,,,,,,,,,,,,,,,,,,,,,,,,,,,,,,,,,,,,,,,,,,
347.6747674579965,unswapping,,,,,,,,,,,,,,,,,,,,,,,,,,,,,,,,,,,,,,,,,,,,,,,,,,94,4,152348,2262,158,40,2,both,0,20,20,0,[],0,,,,,22,,,,,,,,,,,,,,,,,,,,,,,,,,,,,,,,,,,,,,,,,,,,,,,,,,,,,
348.1877357909689,unswapping,,,,,,,,,,,,,,,,,,,,,,,,,,,,,,,,,,,,,,,,,,,,,,,,,,94,4,152348,2262,158,40,2,both,1,19,19,0,[],0,,,,,22,,,,,,,,,,,,,,,,,,,,,,,,,,,,,,,,,,,,,,,,,,,,,,,,,,,,,
348.51773525000317,unswapping,,,,,,,,,,,,,,,,,,,,,,,,,,,,,,,,,,,,,,,,,,,,,,,,,,94,4,152348,2262,158,40,2,left,0,20,20,0,[],0,,,,,22,,,,,,,,,,,,,,,,,,,,,,,,,,,,,,,,,,,,,,,,,,,,,,,,,,,,,
348.77505658299197,unswapping,,,,,,,,,,,,,,,,,,,,,,,,,,,,,,,,,,,,,,,,,,,,,,,,,,94,4,152348,2262,158,40,2,left,1,19,19,0,[],0,,,,,22,,,,,,,,,,,,,,,,,,,,,,,,,,,,,,,,,,,,,,,,,,,,,,,,,,,,,
349.1222248330014,unswapping,,,,,,,,,,,,,,,,,,,,,,,,,,,,,,,,,,,,,,,,,,,,,,,,,,94,4,152348,2262,158,40,2,right,0,20,20,0,[],0,,,,,22,,,,,,,,,,,,,,,,,,,,,,,,,,,,,,,,,,,,,,,,,,,,,,,,,,,,,
349.38071420800406,unswapping,,,,,,,,,,,,,,,,,,,,,,,,,,,,,,,,,,,,,,,,,,,,,,,,,,94,4,152348,2262,158,40,2,right,1,19,19,0,[],0,,,,,22,,,,,,,,,,,,,,,,,,,,,,,,,,,,,,,,,,,,,,,,,,,,,,,,,,,,,
350.3743739160127,unswap_cycle_summary,,,,,,,,,,,,404,385,789,,,,,,,,,,,,,,,,,,,512,0.0006,,,,,,,,,,,,,,,,94,4,152348,2262,158,40,,,,,,,,,,,,,,,,,,,,,17,10.241212125052698,789,808,19,1,False,True,False,,0,"[404, 385]","[0, 1, 2, 4, 3, 5, 6, 7, 8, 10, 9, 11, 12, 13, 14, 15, 16, 17, 18, 19, 20, 21, 22, 23, 24, 25, 26, 27, 28, 29, 30, 31, 32, 33, 34, 35, 37, 36, 38, 39]","[0, 1, 2, 4, 5, 3, 6, 7, 8, 10, 11, 9, 13, 14, 12, 15, 16, 18, 19, 17, 20, 21, 23, 22, 25, 24, 26, 27, 28, 29, 30, 32, 34, 31, 33, 35, 37, 36, 38, 39]",,"{'index': 2, 'interactions': [('unitary', (21, 22))]}","[2, 4, 5, 5, 5, 5, 6, 4, 3, 3, 3, 4, 5, 5, 6, 6, 4, 2, 3, 4, 6, 7, 6, 7, 6, 6, 6, 6, 6, 5, 5, 5, 4, 3, 4, 5, 4, 4, 2]",58adbb48214789dad856ea6efcbd73c2b47faae56d792c60c4c6c0c3126dbcb8,,,,,,,,,,,,,,,,,,,,,,,,,,,,
350.5714578329935,rewiring,right,post_unswap,0.14198050001868978,28,False,False,,,,,,,,,,,,,,,,,,,,,,,,,,,,,,,,,,,,,,,,,,,,,,,,,,,,,,,,,,,,,,,,,,,,,,17,,,,,,,,,,,,,,,,,,50,False,1,4,bond_profile,8,False,1,3033,"(397, 84, 11, 8, 15, 94, 29)",0.0028331271023489535,0.13912341598188505,"[{'seed': 2024, 'score': (397, 84, 11, 8, 17, 94, 30), 'num_layers': 30, 'total_swaps': 94, 'max_layer_swaps': 8, 'swap_only_layers': 17, 'work_layers': 13, 'unitary_layers': 13, 'first_work_layer': 1, 'leading_no_work_layers': 1, 'bond_profile_layers_scored': 8, 'bond_profile_total_cost': 397, 'bond_profile_max_cost': 84, 'bond_profile_gate_count': 11}, {'seed': 3033, 'score': (397, 84, 11, 8, 15, 94, 29), 'num_layers': 29, 'total_swaps': 94, 'max_layer_swaps': 8, 'swap_only_layers': 15, 'work_layers': 14, 'unitary_layers': 14, 'first_work_layer': 1, 'leading_no_work_layers': 1, 'bond_profile_layers_scored': 8, 'bond_profile_total_cost': 397, 'bond_profile_max_cost': 84, 'bond_profile_gate_count': 11}, {'seed': 4042, 'score': (403, 84, 11, 8, 15, 94, 29), 'num_layers': 29, 'total_swaps': 94, 'max_layer_swaps': 8, 'swap_only_layers': 15, 'work_layers': 14, 'unitary_layers': 14, 'first_work_layer': 1, 'leading_no_work_layers': 1, 'bond_profile_layers_scored': 8, 'bond_profile_total_cost': 403, 'bond_profile_max_cost': 84, 'bond_profile_gate_count': 11}, {'seed': 5051, 'score': (403, 84, 11, 8, 18, 94, 31), 'num_layers': 31, 'total_swaps': 94, 'max_layer_swaps': 8, 'swap_only_layers': 18, 'work_layers': 13, 'unitary_layers': 13, 'first_work_layer': 1, 'leading_no_work_layers': 1, 'bond_profile_layers_scored': 8, 'bond_profile_total_cost': 403, 'bond_profile_max_cost': 84, 'bond_profile_gate_count': 11}]",0.14197508298093453,0.14216579200001433,,,,,,,,,,,,,
350.62819249997847,cycle_progress,,,,,,,,,,,,404,385,789,,,,,,,,,,,,,,,,,,,512,0.0006,,143968,0,,,,,,,,,,,,,94,4,152348,2262,158,40,,,,,,,,,,,,,,,,,,,,,17,,789,808,19,1,False,,,,,,,,,,,,,,,,,,,,,,,,,,0.14216579200001433,,,,,,,,,,,,,
350.9074433330097,absorbing,,,,,,,R,0,1,0,29,404,385,789,8,0,0,0.0,0.21833912504371256,0.21833912504371256,0.22115449997363612,,279348,,168,False,False,False,False,279348,168,False,512,0.0006,,152348,0,total_elems,,279348,1,1,,,,0.0,,,,168,4,279348,2796,158,40,,,,,,,,,,,,,,,,,,,,,,,,,,,,,,,,,,,,,,,,,,,,,,,,,,,,,,,,,,,,,,,,,,
353.02935191598954,unswapping,,,,,,,,,,,,,,,,,,,,,,,,,,,,,,,,,,,,,,,,,,,,,,,,,,91,4,201544,2488,158,40,0,both,0,20,20,4,"[[22, 23], [24, 25], [32, 33], [36, 37]]",4,,,,,0,,,,,,,,,,,,,,,,,,,,,,,,,,,,,,,,,,,,,,,,,,,,,,,,,,,,,
353.8649422909948,unswapping,,,,,,,,,,,,,,,,,,,,,,,,,,,,,,,,,,,,,,,,,,,,,,,,,,91,4,201544,2488,158,40,0,both,1,19,19,0,[],4,,,,,0,,,,,,,,,,,,,,,,,,,,,,,,,,,,,,,,,,,,,,,,,,,,,,,,,,,,,
354.511322166014,unswapping,,,,,,,,,,,,,,,,,,,,,,,,,,,,,,,,,,,,,,,,,,,,,,,,,,90,4,160968,2358,158,40,0,left,0,20,20,3,"[[22, 23], [24, 25], [32, 33]]",7,,,,,6,,,,,,,,,,,,,,,,,,,,,,,,,,,,,,,,,,,,,,,,,,,,,,,,,,,,,
354.7682251249789,unswapping,,,,,,,,,,,,,,,,,,,,,,,,,,,,,,,,,,,,,,,,,,,,,,,,,,90,4,160968,2358,158,40,0,left,1,19,19,0,[],7,,,,,6,,,,,,,,,,,,,,,,,,,,,,,,,,,,,,,,,,,,,,,,,,,,,,,,,,,,,
355.23438141599763,unswapping,,,,,,,,,,,,,,,,,,,,,,,,,,,,,,,,,,,,,,,,,,,,,,,,,,89,4,156352,2302,158,40,0,right,0,20,20,3,"[[4, 5], [10, 11], [18, 19]]",10,,,,,12,,,,,,,,,,,,,,,,,,,,,,,,,,,,,,,,,,,,,,,,,,,,,,,,,,,,,
355.5597572500119,unswapping,,,,,,,,,,,,,,,,,,,,,,,,,,,,,,,,,,,,,,,,,,,,,,,,,,88,4,148832,2244,158,40,0,right,1,19,19,1,"[[13, 14]]",11,,,,,14,,,,,,,,,,,,,,,,,,,,,,,,,,,,,,,,,,,,,,,,,,,,,,,,,,,,,
356.25317362498026,unswapping,,,,,,,,,,,,,,,,,,,,,,,,,,,,,,,,,,,,,,,,,,,,,,,,,,88,4,148832,2244,158,40,1,both,0,20,20,0,[],0,,,,,14,,,,,,,,,,,,,,,,,,,,,,,,,,,,,,,,,,,,,,,,,,,,,,,,,,,,,
356.73273520800285,unswapping,,,,,,,,,,,,,,,,,,,,,,,,,,,,,,,,,,,,,,,,,,,,,,,,,,88,4,148832,2244,158,40,1,both,1,19,19,0,[],0,,,,,14,,,,,,,,,,,,,,,,,,,,,,,,,,,,,,,,,,,,,,,,,,,,,,,,,,,,,
357.0293370409636,unswapping,,,,,,,,,,,,,,,,,,,,,,,,,,,,,,,,,,,,,,,,,,,,,,,,,,88,4,148832,2244,158,40,1,left,0,20,20,0,[],0,,,,,14,,,,,,,,,,,,,,,,,,,,,,,,,,,,,,,,,,,,,,,,,,,,,,,,,,,,,
357.241655040998,unswapping,,,,,,,,,,,,,,,,,,,,,,,,,,,,,,,,,,,,,,,,,,,,,,,,,,88,4,148832,2244,158,40,1,left,1,19,19,0,[],0,,,,,14,,,,,,,,,,,,,,,,,,,,,,,,,,,,,,,,,,,,,,,,,,,,,,,,,,,,,
357.55065662501147,unswapping,,,,,,,,,,,,,,,,,,,,,,,,,,,,,,,,,,,,,,,,,,,,,,,,,,88,4,148832,2244,158,40,1,right,0,20,20,0,[],0,,,,,14,,,,,,,,,,,,,,,,,,,,,,,,,,,,,,,,,,,,,,,,,,,,,,,,,,,,,
357.7753667499637,unswapping,,,,,,,,,,,,,,,,,,,,,,,,,,,,,,,,,,,,,,,,,,,,,,,,,,88,4,148832,2244,158,40,1,right,1,19,19,0,[],0,,,,,14,,,,,,,,,,,,,,,,,,,,,,,,,,,,,,,,,,,,,,,,,,,,,,,,,,,,,
358.43825949996244,unswap_cycle_summary,,,,,,,,,,,,404,385,789,,,,,,,,,,,,,,,,,,,512,0.0006,,,,,,,,,,,,,,,,88,4,148832,2244,158,40,,,,,,,,,,,,,,,,,,,,,18,6.3705801669857465,789,808,19,0,False,True,False,,0,"[404, 385]","[0, 1, 2, 3, 4, 5, 6, 7, 8, 9, 10, 11, 12, 13, 14, 15, 16, 17, 18, 19, 20, 21, 22, 23, 24, 25, 26, 27, 28, 29, 30, 31, 32, 33, 34, 35, 37, 36, 38, 39]","[0, 1, 2, 3, 5, 4, 6, 7, 8, 9, 11, 10, 12, 14, 13, 15, 16, 17, 19, 18, 20, 21, 23, 22, 25, 24, 26, 27, 28, 29, 30, 31, 33, 32, 34, 35, 37, 36, 38, 39]",,"{'index': 1, 'interactions': [('unitary', (21, 22))]}","[2, 4, 5, 5, 5, 5, 6, 4, 3, 3, 3, 4, 5, 5, 6, 6, 4, 2, 3, 4, 6, 7, 6, 7, 6, 6, 6, 6, 6, 5, 5, 5, 4, 3, 4, 5, 4, 4, 2]",0f68a2bf64187390e99771a1f189f533d482087d0c5ec0dd1e43400f75a30d28,,,,,,,,,,,,,,,,,,,,,,,,,,,,
358.6208589159651,rewiring,right,post_unswap,0.1279291670070961,30,False,False,,,,,,,,,,,,,,,,,,,,,,,,,,,,,,,,,,,,,,,,,,,,,,,,,,,,,,,,,,,,,,,,,,,,,,18,,,,,,,,,,,,,,,,,,50,False,0,4,bond_profile,8,False,1,3033,"(396, 84, 11, 8, 15, 94, 29)",0.002712042012717575,0.1251958750654012,"[{'seed': 2024, 'score': (396, 84, 11, 8, 17, 94, 30), 'num_layers': 30, 'total_swaps': 94, 'max_layer_swaps': 8, 'swap_only_layers': 17, 'work_layers': 13, 'unitary_layers': 13, 'first_work_layer': 1, 'leading_no_work_layers': 1, 'bond_profile_layers_scored': 8, 'bond_profile_total_cost': 396, 'bond_profile_max_cost': 84, 'bond_profile_gate_count': 11}, {'seed': 3033, 'score': (396, 84, 11, 8, 15, 94, 29), 'num_layers': 29, 'total_swaps': 94, 'max_layer_swaps': 8, 'swap_only_layers': 15, 'work_layers': 14, 'unitary_layers': 14, 'first_work_layer': 1, 'leading_no_work_layers': 1, 'bond_profile_layers_scored': 8, 'bond_profile_total_cost': 396, 'bond_profile_max_cost': 84, 'bond_profile_gate_count': 11}, {'seed': 4042, 'score': (402, 84, 11, 8, 15, 94, 29), 'num_layers': 29, 'total_swaps': 94, 'max_layer_swaps': 8, 'swap_only_layers': 15, 'work_layers': 14, 'unitary_layers': 14, 'first_work_layer': 1, 'leading_no_work_layers': 1, 'bond_profile_layers_scored': 8, 'bond_profile_total_cost': 402, 'bond_profile_max_cost': 84, 'bond_profile_gate_count': 11}, {'seed': 5051, 'score': (402, 84, 11, 8, 18, 94, 31), 'num_layers': 31, 'total_swaps': 94, 'max_layer_swaps': 8, 'swap_only_layers': 18, 'work_layers': 13, 'unitary_layers': 13, 'first_work_layer': 1, 'leading_no_work_layers': 1, 'bond_profile_layers_scored': 8, 'bond_profile_total_cost': 402, 'bond_profile_max_cost': 84, 'bond_profile_gate_count': 11}]",0.1279242919990793,0.1283019590191543,,,,,,,,,,,,,
358.6742542909924,cycle_progress,,,,,,,,,,,,404,385,789,,,,,,,,,,,,,,,,,,,512,0.0006,,152348,0,,,,,,,,,,,,,88,4,148832,2244,158,40,,,,,,,,,,,,,,,,,,,,,18,,789,808,19,0,False,,,,,,,,,,,,,,,,,,,,,,,,,,0.1283019590191543,,,,,,,,,,,,,
358.90187470801175,absorbing,,,,,,,R,0,1,0,29,404,385,789,8,0,0,0.0,0.169216750015039,0.169216750015039,0.1711692080134526,,265580,,160,False,False,False,False,265580,160,False,512,0.0006,,148832,1,total_elems,,265580,1,1,,,,0.0,,,,160,4,265580,2756,158,40,,,,,,,,,,,,,,,,,,,,,,,,,,,,,,,,,,,,,,,,,,,,,,,,,,,,,,,,,,,,,,,,,,
360.7609467909788,unswapping,,,,,,,,,,,,,,,,,,,,,,,,,,,,,,,,,,,,,,,,,,,,,,,,,,87,4,196536,2470,158,40,0,both,0,20,20,4,"[[22, 23], [24, 25], [32, 33], [36, 37]]",4,,,,,0,,,,,,,,,,,,,,,,,,,,,,,,,,,,,,,,,,,,,,,,,,,,,,,,,,,,,
361.5911933329771,unswapping,,,,,,,,,,,,,,,,,,,,,,,,,,,,,,,,,,,,,,,,,,,,,,,,,,87,4,196536,2470,158,40,0,both,1,19,19,0,[],4,,,,,0,,,,,,,,,,,,,,,,,,,,,,,,,,,,,,,,,,,,,,,,,,,,,,,,,,,,,
362.21548670798074,unswapping,,,,,,,,,,,,,,,,,,,,,,,,,,,,,,,,,,,,,,,,,,,,,,,,,,84,4,157440,2340,158,40,0,left,0,20,20,2,"[[22, 23], [24, 25]]",6,,,,,4,,,,,,,,,,,,,,,,,,,,,,,,,,,,,,,,,,,,,,,,,,,,,,,,,,,,,
362.4644213329884,unswapping,,,,,,,,,,,,,,,,,,,,,,,,,,,,,,,,,,,,,,,,,,,,,,,,,,84,4,157440,2340,158,40,0,left,1,19,19,0,[],6,,,,,4,,,,,,,,,,,,,,,,,,,,,,,,,,,,,,,,,,,,,,,,,,,,,,,,,,,,,
362.9108862080029,unswapping,,,,,,,,,,,,,,,,,,,,,,,,,,,,,,,,,,,,,,,,,,,,,,,,,,84,4,153872,2288,158,40,0,right,0,20,20,3,"[[4, 5], [10, 11], [18, 19]]",9,,,,,10,,,,,,,,,,,,,,,,,,,,,,,,,,,,,,,,,,,,,,,,,,,,,,,,,,,,,
363.29256720800186,unswapping,,,,,,,,,,,,,,,,,,,,,,,,,,,,,,,,,,,,,,,,,,,,,,,,,,84,4,146704,2232,158,40,0,right,1,19,19,1,"[[13, 14]]",10,,,,,12,,,,,,,,,,,,,,,,,,,,,,,,,,,,,,,,,,,,,,,,,,,,,,,,,,,,,
364.0536955000134,unswapping,,,,,,,,,,,,,,,,,,,,,,,,,,,,,,,,,,,,,,,,,,,,,,,,,,84,4,146704,2232,158,40,1,both,0,20,20,0,[],0,,,,,12,,,,,,,,,,,,,,,,,,,,,,,,,,,,,,,,,,,,,,,,,,,,,,,,,,,,,
364.58953095797915,unswapping,,,,,,,,,,,,,,,,,,,,,,,,,,,,,,,,,,,,,,,,,,,,,,,,,,84,4,146704,2232,158,40,1,both,1,19,19,0,[],0,,,,,12,,,,,,,,,,,,,,,,,,,,,,,,,,,,,,,,,,,,,,,,,,,,,,,,,,,,,
364.91486079100287,unswapping,,,,,,,,,,,,,,,,,,,,,,,,,,,,,,,,,,,,,,,,,,,,,,,,,,84,4,146704,2232,158,40,1,left,0,20,20,0,[],0,,,,,12,,,,,,,,,,,,,,,,,,,,,,,,,,,,,,,,,,,,,,,,,,,,,,,,,,,,,
365.17903270799434,unswapping,,,,,,,,,,,,,,,,,,,,,,,,,,,,,,,,,,,,,,,,,,,,,,,,,,84,4,146704,2232,158,40,1,left,1,19,19,0,[],0,,,,,12,,,,,,,,,,,,,,,,,,,,,,,,,,,,,,,,,,,,,,,,,,,,,,,,,,,,,
365.5086635829648,unswapping,,,,,,,,,,,,,,,,,,,,,,,,,,,,,,,,,,,,,,,,,,,,,,,,,,84,4,146704,2232,158,40,1,right,0,20,20,0,[],0,,,,,12,,,,,,,,,,,,,,,,,,,,,,,,,,,,,,,,,,,,,,,,,,,,,,,,,,,,,
365.80190958298044,unswapping,,,,,,,,,,,,,,,,,,,,,,,,,,,,,,,,,,,,,,,,,,,,,,,,,,84,4,146704,2232,158,40,1,right,1,19,19,0,[],0,,,,,12,,,,,,,,,,,,,,,,,,,,,,,,,,,,,,,,,,,,,,,,,,,,,,,,,,,,,
366.4844683330157,unswap_cycle_summary,,,,,,,,,,,,404,385,789,,,,,,,,,,,,,,,,,,,512,0.0006,,,,,,,,,,,,,,,,84,4,146704,2232,158,40,,,,,,,,,,,,,,,,,,,,,19,6.488238874997478,789,808,19,0,False,True,False,,0,"[404, 385]","[0, 1, 2, 3, 4, 5, 6, 7, 8, 9, 10, 11, 12, 13, 14, 15, 16, 17, 18, 19, 20, 21, 22, 23, 24, 25, 26, 27, 28, 29, 30, 31, 33, 32, 34, 35, 37, 36, 38, 39]","[0, 1, 2, 3, 5, 4, 6, 7, 8, 9, 11, 10, 12, 14, 13, 15, 16, 17, 19, 18, 20, 21, 23, 22, 25, 24, 26, 27, 28, 29, 30, 31, 33, 32, 34, 35, 37, 36, 38, 39]",,"{'index': 1, 'interactions': [('unitary', (21, 22))]}","[2, 4, 5, 5, 5, 5, 6, 4, 3, 3, 3, 4, 5, 5, 6, 6, 4, 2, 3, 4, 6, 7, 6, 7, 6, 6, 6, 6, 6, 5, 5, 5, 4, 3, 4, 5, 4, 4, 2]",ac9de11cee8f3a192b7981b3cc6b7d1532197535dab4631d462fd82b2f30a3d0,,,,,,,,,,,,,,,,,,,,,,,,,,,,
366.7069683329901,rewiring,right,post_unswap,0.1649182919645682,30,False,False,,,,,,,,,,,,,,,,,,,,,,,,,,,,,,,,,,,,,,,,,,,,,,,,,,,,,,,,,,,,,,,,,,,,,,19,,,,,,,,,,,,,,,,,,50,False,0,4,bond_profile,8,False,1,3033,"(395, 83, 11, 8, 15, 94, 29)",0.003019166935700923,0.16186841699527577,"[{'seed': 2024, 'score': (395, 83, 11, 8, 17, 94, 30), 'num_layers': 30, 'total_swaps': 94, 'max_layer_swaps': 8, 'swap_only_layers': 17, 'work_layers': 13, 'unitary_layers': 13, 'first_work_layer': 1, 'leading_no_work_layers': 1, 'bond_profile_layers_scored': 8, 'bond_profile_total_cost': 395, 'bond_profile_max_cost': 83, 'bond_profile_gate_count': 11}, {'seed': 3033, 'score': (395, 83, 11, 8, 15, 94, 29), 'num_layers': 29, 'total_swaps': 94, 'max_layer_swaps': 8, 'swap_only_layers': 15, 'work_layers': 14, 'unitary_layers': 14, 'first_work_layer': 1, 'leading_no_work_layers': 1, 'bond_profile_layers_scored': 8, 'bond_profile_total_cost': 395, 'bond_profile_max_cost': 83, 'bond_profile_gate_count': 11}, {'seed': 4042, 'score': (401, 83, 11, 8, 15, 94, 29), 'num_layers': 29, 'total_swaps': 94, 'max_layer_swaps': 8, 'swap_only_layers': 15, 'work_layers': 14, 'unitary_layers': 14, 'first_work_layer': 1, 'leading_no_work_layers': 1, 'bond_profile_layers_scored': 8, 'bond_profile_total_cost': 401, 'bond_profile_max_cost': 83, 'bond_profile_gate_count': 11}, {'seed': 5051, 'score': (401, 83, 11, 8, 18, 94, 31), 'num_layers': 31, 'total_swaps': 94, 'max_layer_swaps': 8, 'swap_only_layers': 18, 'work_layers': 13, 'unitary_layers': 13, 'first_work_layer': 1, 'leading_no_work_layers': 1, 'bond_profile_layers_scored': 8, 'bond_profile_total_cost': 401, 'bond_profile_max_cost': 83, 'bond_profile_gate_count': 11}]",0.16491137503180653,0.165158917021472,,,,,,,,,,,,,
366.76507666596444,cycle_progress,,,,,,,,,,,,404,385,789,,,,,,,,,,,,,,,,,,,512,0.0006,,148832,1,,,,,,,,,,,,,84,4,146704,2232,158,40,,,,,,,,,,,,,,,,,,,,,19,,789,808,19,0,False,,,,,,,,,,,,,,,,,,,,,,,,,,0.165158917021472,,,,,,,,,,,,,
367.0122356659849,absorbing,,,,,,,R,0,1,0,29,404,385,789,8,0,0,0.0,0.18582808400969952,0.18582808400969952,0.18723008397500962,,256348,,155,False,False,False,False,256348,155,False,512,0.0006,,146704,2,total_elems,,256348,1,1,,,,0.0,,,,155,4,256348,2732,158,40,,,,,,,,,,,,,,,,,,,,,,,,,,,,,,,,,,,,,,,,,,,,,,,,,,,,,,,,,,,,,,,,,,
367.4906745409826,absorbing,,,,,,,R,0,2,0,29,404,386,790,8,1,1,0.0,0.42078754195244983,0.42078754195244983,0.420995666005183,,499132,,261,False,False,False,False,499132,261,False,512,0.0006,,146704,2,total_elems,,499132,1,1,,,,0.0,,,,261,4,499132,3524,158,40,,,,,,,,,,,,,,,,,,,,,,,,,,,,,,,,,,,,,,,,,,,,,,,,,,,,,,,,,,,,,,,,,,
371.62575208296767,unswapping,,,,,,,,,,,,,,,,,,,,,,,,,,,,,,,,,,,,,,,,,,,,,,,,,,244,4,459360,3380,158,40,0,both,0,20,20,1,"[[36, 37]]",1,,,,,0,,,,,,,,,,,,,,,,,,,,,,,,,,,,,,,,,,,,,,,,,,,,,,,,,,,,,
373.9824583749869,unswapping,,,,,,,,,,,,,,,,,,,,,,,,,,,,,,,,,,,,,,,,,,,,,,,,,,134,4,305824,2892,158,40,0,both,1,19,19,5,"[[3, 4], [9, 10], [23, 24], [25, 26], [33, 34]]",6,,,,,0,,,,,,,,,,,,,,,,,,,,,,,,,,,,,,,,,,,,,,,,,,,,,,,,,,,,,
374.76470541598974,unswapping,,,,,,,,,,,,,,,,,,,,,,,,,,,,,,,,,,,,,,,,,,,,,,,,,,132,4,292456,2848,158,40,0,left,0,20,20,1,"[[10, 11]]",7,,,,,2,,,,,,,,,,,,,,,,,,,,,,,,,,,,,,,,,,,,,,,,,,,,,,,,,,,,,
375.6794222079916,unswapping,,,,,,,,,,,,,,,,,,,,,,,,,,,,,,,,,,,,,,,,,,,,,,,,,,130,4,254592,2724,158,40,0,left,1,19,19,3,"[[23, 24], [25, 26], [33, 34]]",10,,,,,8,,,,,,,,,,,,,,,,,,,,,,,,,,,,,,,,,,,,,,,,,,,,,,,,,,,,,
376.31672362500103,unswapping,,,,,,,,,,,,,,,,,,,,,,,,,,,,,,,,,,,,,,,,,,,,,,,,,,128,4,224152,2582,158,40,0,right,0,20,20,4,"[[4, 5], [10, 11], [12, 13], [24, 25]]",14,,,,,12,,,,,,,,,,,,,,,,,,,,,,,,,,,,,,,,,,,,,,,,,,,,,,,,,,,,,
376.8363783750101,unswapping,,,,,,,,,,,,,,,,,,,,,,,,,,,,,,,,,,,,,,,,,,,,,,,,,,127,4,205784,2434,158,40,0,right,1,19,19,3,"[[13, 14], [17, 18], [31, 32]]",17,,,,,18,,,,,,,,,,,,,,,,,,,,,,,,,,,,,,,,,,,,,,,,,,,,,,,,,,,,,
377.7718440829776,unswapping,,,,,,,,,,,,,,,,,,,,,,,,,,,,,,,,,,,,,,,,,,,,,,,,,,125,4,199136,2394,158,40,1,both,0,20,20,1,"[[32, 33]]",1,,,,,22,,,,,,,,,,,,,,,,,,,,,,,,,,,,,,,,,,,,,,,,,,,,,,,,,,,,,
378.4818951250054,unswapping,,,,,,,,,,,,,,,,,,,,,,,,,,,,,,,,,,,,,,,,,,,,,,,,,,125,4,199136,2394,158,40,1,both,1,19,19,0,[],1,,,,,22,,,,,,,,,,,,,,,,,,,,,,,,,,,,,,,,,,,,,,,,,,,,,,,,,,,,,
378.92752729100175,unswapping,,,,,,,,,,,,,,,,,,,,,,,,,,,,,,,,,,,,,,,,,,,,,,,,,,124,4,197216,2386,158,40,1,left,0,20,20,1,"[[32, 33]]",2,,,,,20,,,,,,,,,,,,,,,,,,,,,,,,,,,,,,,,,,,,,,,,,,,,,,,,,,,,,
379.27876949997153,unswapping,,,,,,,,,,,,,,,,,,,,,,,,,,,,,,,,,,,,,,,,,,,,,,,,,,124,4,197216,2386,158,40,1,left,1,19,19,0,[],2,,,,,20,,,,,,,,,,,,,,,,,,,,,,,,,,,,,,,,,,,,,,,,,,,,,,,,,,,,,
379.75806049996754,unswapping,,,,,,,,,,,,,,,,,,,,,,,,,,,,,,,,,,,,,,,,,,,,,,,,,,123,4,195460,2370,158,40,1,right,0,20,20,1,"[[18, 19]]",3,,,,,22,,,,,,,,,,,,,,,,,,,,,,,,,,,,,,,,,,,,,,,,,,,,,,,,,,,,,
380.1111523329746,unswapping,,,,,,,,,,,,,,,,,,,,,,,,,,,,,,,,,,,,,,,,,,,,,,,,,,123,4,195460,2370,158,40,1,right,1,19,19,0,[],3,,,,,22,,,,,,,,,,,,,,,,,,,,,,,,,,,,,,,,,,,,,,,,,,,,,,,,,,,,,
380.91195375000825,unswapping,,,,,,,,,,,,,,,,,,,,,,,,,,,,,,,,,,,,,,,,,,,,,,,,,,123,4,195460,2370,158,40,2,both,0,20,20,0,[],0,,,,,22,,,,,,,,,,,,,,,,,,,,,,,,,,,,,,,,,,,,,,,,,,,,,,,,,,,,,
381.67585083300946,unswapping,,,,,,,,,,,,,,,,,,,,,,,,,,,,,,,,,,,,,,,,,,,,,,,,,,123,4,195460,2370,158,40,2,both,1,19,19,0,[],0,,,,,22,,,,,,,,,,,,,,,,,,,,,,,,,,,,,,,,,,,,,,,,,,,,,,,,,,,,,
382.0349516659626,unswapping,,,,,,,,,,,,,,,,,,,,,,,,,,,,,,,,,,,,,,,,,,,,,,,,,,123,4,195460,2370,158,40,2,left,0,20,20,0,[],0,,,,,22,,,,,,,,,,,,,,,,,,,,,,,,,,,,,,,,,,,,,,,,,,,,,,,,,,,,,
382.37318633298855,unswapping,,,,,,,,,,,,,,,,,,,,,,,,,,,,,,,,,,,,,,,,,,,,,,,,,,123,4,195460,2370,158,40,2,left,1,19,19,0,[],0,,,,,22,,,,,,,,,,,,,,,,,,,,,,,,,,,,,,,,,,,,,,,,,,,,,,,,,,,,,
382.73713912500534,unswapping,,,,,,,,,,,,,,,,,,,,,,,,,,,,,,,,,,,,,,,,,,,,,,,,,,123,4,195460,2370,158,40,2,right,0,20,20,0,[],0,,,,,22,,,,,,,,,,,,,,,,,,,,,,,,,,,,,,,,,,,,,,,,,,,,,,,,,,,,,
383.0903808749863,unswapping,,,,,,,,,,,,,,,,,,,,,,,,,,,,,,,,,,,,,,,,,,,,,,,,,,123,4,195460,2370,158,40,2,right,1,19,19,0,[],0,,,,,22,,,,,,,,,,,,,,,,,,,,,,,,,,,,,,,,,,,,,,,,,,,,,,,,,,,,,
384.16269479098264,unswap_cycle_summary,,,,,,,,,,,,404,386,790,,,,,,,,,,,,,,,,,,,512,0.0006,,,,,,,,,,,,,,,,123,4,195460,2370,158,40,,,,,,,,,,,,,,,,,,,,,20,14.698683416005224,790,808,18,1,False,True,False,,0,"[404, 386]","[0, 1, 2, 4, 3, 5, 6, 7, 8, 10, 11, 9, 12, 13, 14, 15, 16, 17, 18, 19, 20, 21, 22, 23, 24, 25, 26, 27, 28, 29, 30, 31, 32, 33, 34, 35, 37, 36, 38, 39]","[0, 1, 2, 4, 5, 3, 6, 7, 8, 10, 11, 9, 13, 14, 12, 15, 16, 18, 19, 17, 20, 21, 22, 24, 26, 23, 25, 27, 28, 29, 30, 32, 34, 31, 33, 35, 37, 36, 38, 39]",,"{'index': 2, 'interactions': [('unitary', (24, 25)), ('unitary', (27, 26))]}","[2, 4, 5, 5, 5, 5, 6, 4, 3, 3, 3, 4, 5, 5, 6, 6, 4, 2, 3, 4, 6, 7, 7, 7, 6, 6, 6, 6, 6, 5, 5, 5, 4, 3, 4, 5, 4, 4, 2]",4094890428aec50a737aa6392391408147a9a7a3f654a16ae7a1e6148867933a,,,,,,,,,,,,,,,,,,,,,,,,,,,,
384.3722458750126,rewiring,right,post_unswap,0.1488337909686379,29,False,False,,,,,,,,,,,,,,,,,,,,,,,,,,,,,,,,,,,,,,,,,,,,,,,,,,,,,,,,,,,,,,,,,,,,,,20,,,,,,,,,,,,,,,,,,50,False,1,4,bond_profile,8,False,1,3033,"(332, 44, 11, 8, 18, 97, 31)",0.00283633399521932,0.1459709579939954,"[{'seed': 2024, 'score': (332, 44, 11, 8, 19, 97, 32), 'num_layers': 32, 'total_swaps': 97, 'max_layer_swaps': 8, 'swap_only_layers': 19, 'work_layers': 13, 'unitary_layers': 13, 'first_work_layer': 2, 'leading_no_work_layers': 2, 'bond_profile_layers_scored': 8, 'bond_profile_total_cost': 332, 'bond_profile_max_cost': 44, 'bond_profile_gate_count': 11}, {'seed': 3033, 'score': (332, 44, 11, 8, 18, 97, 31), 'num_layers': 31, 'total_swaps': 97, 'max_layer_swaps': 8, 'swap_only_layers': 18, 'work_layers': 13, 'unitary_layers': 13, 'first_work_layer': 2, 'leading_no_work_layers': 2, 'bond_profile_layers_scored': 8, 'bond_profile_total_cost': 332, 'bond_profile_max_cost': 44, 'bond_profile_gate_count': 11}, {'seed': 4042, 'score': (381, 44, 13, 8, 19, 97, 30), 'num_layers': 30, 'total_swaps': 97, 'max_layer_swaps': 8, 'swap_only_layers': 19, 'work_layers': 11, 'unitary_layers': 11, 'first_work_layer': 2, 'leading_no_work_layers': 2, 'bond_profile_layers_scored': 8, 'bond_profile_total_cost': 381, 'bond_profile_max_cost': 44, 'bond_profile_gate_count': 13}, {'seed': 5051, 'score': (373, 44, 12, 8, 21, 97, 33), 'num_layers': 33, 'total_swaps': 97, 'max_layer_swaps': 8, 'swap_only_layers': 21, 'work_layers': 12, 'unitary_layers': 12, 'first_work_layer': 2, 'leading_no_work_layers': 2, 'bond_profile_layers_scored': 8, 'bond_profile_total_cost': 373, 'bond_profile_max_cost': 44, 'bond_profile_gate_count': 12}]",0.14882800000486895,0.1490287080523558,,,,,,,,,,,,,
384.4337901659892,cycle_progress,,,,,,,,,,,,404,386,790,,,,,,,,,,,,,,,,,,,512,0.0006,,146704,2,,,,,,,,,,,,,123,4,195460,2370,158,40,,,,,,,,,,,,,,,,,,,,,20,,790,808,18,1,False,,,,,,,,,,,,,,,,,,,,,,,,,,0.1490287080523558,,,,,,,,,,,,,
384.70419670798583,absorbing,,,,,,,R,0,1,0,31,404,386,790,8,0,0,0.0,0.2065553340362385,0.2065553340362385,0.20990683295531198,,238032,,122,False,False,False,False,238032,122,False,512,0.0006,,195460,0,total_elems,,238032,1,1,,,,0.0,,,,122,4,238032,2702,158,40,,,,,,,,,,,,,,,,,,,,,,,,,,,,,,,,,,,,,,,,,,,,,,,,,,,,,,,,,,,,,,,,,,
385.109294749971,absorbing,,,,,,,R,0,2,0,31,404,386,790,8,0,0,0.0,0.342082749994006,0.342082749994006,0.34230016596848145,,431200,,239,False,False,False,False,431200,239,False,512,0.0006,,195460,0,total_elems,,431200,1,1,,,,0.0,,,,239,4,431200,3446,158,40,,,,,,,,,,,,,,,,,,,,,,,,,,,,,,,,,,,,,,,,,,,,,,,,,,,,,,,,,,,,,,,,,,
388.81845837499714,unswapping,,,,,,,,,,,,,,,,,,,,,,,,,,,,,,,,,,,,,,,,,,,,,,,,,,226,4,402936,3278,158,40,0,both,0,20,20,2,"[[6, 7], [36, 37]]",2,,,,,0,,,,,,,,,,,,,,,,,,,,,,,,,,,,,,,,,,,,,,,,,,,,,,,,,,,,,
390.75451591599267,unswapping,,,,,,,,,,,,,,,,,,,,,,,,,,,,,,,,,,,,,,,,,,,,,,,,,,117,4,264848,2774,158,40,0,both,1,19,19,5,"[[3, 4], [23, 24], [25, 26], [31, 32], [33, 34]]",7,,,,,0,,,,,,,,,,,,,,,,,,,,,,,,,,,,,,,,,,,,,,,,,,,,,,,,,,,,,
391.38552708300995,unswapping,,,,,,,,,,,,,,,,,,,,,,,,,,,,,,,,,,,,,,,,,,,,,,,,,,116,4,256336,2746,158,40,0,left,0,20,20,1,"[[6, 7]]",8,,,,,2,,,,,,,,,,,,,,,,,,,,,,,,,,,,,,,,,,,,,,,,,,,,,,,,,,,,,
392.12721233296907,unswapping,,,,,,,,,,,,,,,,,,,,,,,,,,,,,,,,,,,,,,,,,,,,,,,,,,115,4,220040,2580,158,40,0,left,1,19,19,4,"[[23, 24], [25, 26], [31, 32], [33, 34]]",12,,,,,10,,,,,,,,,,,,,,,,,,,,,,,,,,,,,,,,,,,,,,,,,,,,,,,,,,,,,
392.6584808329935,unswapping,,,,,,,,,,,,,,,,,,,,,,,,,,,,,,,,,,,,,,,,,,,,,,,,,,115,4,192716,2438,158,40,0,right,0,20,20,4,"[[4, 5], [12, 13], [24, 25], [32, 33]]",16,,,,,18,,,,,,,,,,,,,,,,,,,,,,,,,,,,,,,,,,,,,,,,,,,,,,,,,,,,,
393.0769660829683,unswapping,,,,,,,,,,,,,,,,,,,,,,,,,,,,,,,,,,,,,,,,,,,,,,,,,,115,4,182320,2336,158,40,0,right,1,19,19,3,"[[9, 10], [13, 14], [17, 18]]",19,,,,,24,,,,,,,,,,,,,,,,,,,,,,,,,,,,,,,,,,,,,,,,,,,,,,,,,,,,,
393.8665702500148,unswapping,,,,,,,,,,,,,,,,,,,,,,,,,,,,,,,,,,,,,,,,,,,,,,,,,,115,4,180728,2322,158,40,1,both,0,20,20,1,"[[10, 11]]",1,,,,,26,,,,,,,,,,,,,,,,,,,,,,,,,,,,,,,,,,,,,,,,,,,,,,,,,,,,,
394.4551756659639,unswapping,,,,,,,,,,,,,,,,,,,,,,,,,,,,,,,,,,,,,,,,,,,,,,,,,,115,4,180728,2322,158,40,1,both,1,19,19,0,[],1,,,,,26,,,,,,,,,,,,,,,,,,,,,,,,,,,,,,,,,,,,,,,,,,,,,,,,,,,,,
394.7527132079704,unswapping,,,,,,,,,,,,,,,,,,,,,,,,,,,,,,,,,,,,,,,,,,,,,,,,,,115,4,180728,2322,158,40,1,left,0,20,20,0,[],1,,,,,26,,,,,,,,,,,,,,,,,,,,,,,,,,,,,,,,,,,,,,,,,,,,,,,,,,,,,
395.02694899996277,unswapping,,,,,,,,,,,,,,,,,,,,,,,,,,,,,,,,,,,,,,,,,,,,,,,,,,115,4,180728,2322,158,40,1,left,1,19,19,0,[],1,,,,,26,,,,,,,,,,,,,,,,,,,,,,,,,,,,,,,,,,,,,,,,,,,,,,,,,,,,,
395.4072324580047,unswapping,,,,,,,,,,,,,,,,,,,,,,,,,,,,,,,,,,,,,,,,,,,,,,,,,,115,4,180160,2312,158,40,1,right,0,20,20,1,"[[18, 19]]",2,,,,,28,,,,,,,,,,,,,,,,,,,,,,,,,,,,,,,,,,,,,,,,,,,,,,,,,,,,,
395.69755400001304,unswapping,,,,,,,,,,,,,,,,,,,,,,,,,,,,,,,,,,,,,,,,,,,,,,,,,,115,4,180160,2312,158,40,1,right,1,19,19,0,[],2,,,,,28,,,,,,,,,,,,,,,,,,,,,,,,,,,,,,,,,,,,,,,,,,,,,,,,,,,,,
396.41473566601053,unswapping,,,,,,,,,,,,,,,,,,,,,,,,,,,,,,,,,,,,,,,,,,,,,,,,,,115,4,180160,2312,158,40,2,both,0,20,20,0,[],0,,,,,28,,,,,,,,,,,,,,,,,,,,,,,,,,,,,,,,,,,,,,,,,,,,,,,,,,,,,
397.05760991596617,unswapping,,,,,,,,,,,,,,,,,,,,,,,,,,,,,,,,,,,,,,,,,,,,,,,,,,115,4,180160,2312,158,40,2,both,1,19,19,0,[],0,,,,,28,,,,,,,,,,,,,,,,,,,,,,,,,,,,,,,,,,,,,,,,,,,,,,,,,,,,,
397.3614007079741,unswapping,,,,,,,,,,,,,,,,,,,,,,,,,,,,,,,,,,,,,,,,,,,,,,,,,,115,4,180160,2312,158,40,2,left,0,20,20,0,[],0,,,,,28,,,,,,,,,,,,,,,,,,,,,,,,,,,,,,,,,,,,,,,,,,,,,,,,,,,,,
397.6646939580096,unswapping,,,,,,,,,,,,,,,,,,,,,,,,,,,,,,,,,,,,,,,,,,,,,,,,,,115,4,180160,2312,158,40,2,left,1,19,19,0,[],0,,,,,28,,,,,,,,,,,,,,,,,,,,,,,,,,,,,,,,,,,,,,,,,,,,,,,,,,,,,
397.9710097499774,unswapping,,,,,,,,,,,,,,,,,,,,,,,,,,,,,,,,,,,,,,,,,,,,,,,,,,115,4,180160,2312,158,40,2,right,0,20,20,0,[],0,,,,,28,,,,,,,,,,,,,,,,,,,,,,,,,,,,,,,,,,,,,,,,,,,,,,,,,,,,,
398.2713071249891,unswapping,,,,,,,,,,,,,,,,,,,,,,,,,,,,,,,,,,,,,,,,,,,,,,,,,,115,4,180160,2312,158,40,2,right,1,19,19,0,[],0,,,,,28,,,,,,,,,,,,,,,,,,,,,,,,,,,,,,,,,,,,,,,,,,,,,,,,,,,,,
399.3283446659916,unswap_cycle_summary,,,,,,,,,,,,404,386,790,,,,,,,,,,,,,,,,,,,512,0.0006,,,,,,,,,,,,,,,,115,4,180160,2312,158,40,,,,,,,,,,,,,,,,,,,,,21,12.319068375043571,790,808,18,0,False,True,False,,0,"[404, 386]","[0, 1, 2, 4, 3, 5, 6, 7, 8, 9, 11, 10, 12, 13, 14, 15, 16, 17, 18, 19, 20, 21, 22, 23, 24, 25, 26, 27, 28, 29, 30, 31, 32, 33, 34, 35, 37, 36, 38, 39]","[0, 1, 2, 4, 5, 3, 7, 6, 8, 10, 11, 9, 13, 14, 12, 15, 16, 18, 19, 17, 20, 21, 22, 24, 26, 23, 25, 27, 28, 29, 30, 32, 34, 31, 33, 35, 37, 36, 38, 39]",,"{'index': 2, 'interactions': [('unitary', (24, 25)), ('unitary', (27, 26))]}","[2, 4, 5, 5, 5, 5, 6, 4, 3, 3, 3, 4, 5, 5, 6, 6, 4, 2, 3, 4, 6, 7, 7, 7, 6, 6, 6, 6, 6, 5, 5, 5, 4, 3, 4, 5, 4, 4, 2]",49cde7cebb679c5f64d92f46337d6123b45b542a8f03861f46900d209b5f558e,,,,,,,,,,,,,,,,,,,,,,,,,,,,
399.5446082499693,rewiring,right,post_unswap,0.15663887502159923,31,False,False,,,,,,,,,,,,,,,,,,,,,,,,,,,,,,,,,,,,,,,,,,,,,,,,,,,,,,,,,,,,,,,,,,,,,,21,,,,,,,,,,,,,,,,,,50,False,0,4,bond_profile,8,False,1,3033,"(324, 42, 11, 8, 18, 97, 31)",0.002972499991301447,0.1536399180185981,"[{'seed': 2024, 'score': (324, 42, 11, 8, 19, 97, 32), 'num_layers': 32, 'total_swaps': 97, 'max_layer_swaps': 8, 'swap_only_layers': 19, 'work_layers': 13, 'unitary_layers': 13, 'first_work_layer': 2, 'leading_no_work_layers': 2, 'bond_profile_layers_scored': 8, 'bond_profile_total_cost': 324, 'bond_profile_max_cost': 42, 'bond_profile_gate_count': 11}, {'seed': 3033, 'score': (324, 42, 11, 8, 18, 97, 31), 'num_layers': 31, 'total_swaps': 97, 'max_layer_swaps': 8, 'swap_only_layers': 18, 'work_layers': 13, 'unitary_layers': 13, 'first_work_layer': 2, 'leading_no_work_layers': 2, 'bond_profile_layers_scored': 8, 'bond_profile_total_cost': 324, 'bond_profile_max_cost': 42, 'bond_profile_gate_count': 11}, {'seed': 4042, 'score': (370, 42, 13, 8, 19, 97, 30), 'num_layers': 30, 'total_swaps': 97, 'max_layer_swaps': 8, 'swap_only_layers': 19, 'work_layers': 11, 'unitary_layers': 11, 'first_work_layer': 2, 'leading_no_work_layers': 2, 'bond_profile_layers_scored': 8, 'bond_profile_total_cost': 370, 'bond_profile_max_cost': 42, 'bond_profile_gate_count': 13}, {'seed': 5051, 'score': (362, 42, 12, 8, 21, 97, 33), 'num_layers': 33, 'total_swaps': 97, 'max_layer_swaps': 8, 'swap_only_layers': 21, 'work_layers': 12, 'unitary_layers': 12, 'first_work_layer': 2, 'leading_no_work_layers': 2, 'bond_profile_layers_scored': 8, 'bond_profile_total_cost': 362, 'bond_profile_max_cost': 42, 'bond_profile_gate_count': 12}]",0.1566330409841612,0.15684987499844283,,,,,,,,,,,,,
399.60375787498197,cycle_progress,,,,,,,,,,,,404,386,790,,,,,,,,,,,,,,,,,,,512,0.0006,,195460,0,,,,,,,,,,,,,115,4,180160,2312,158,40,,,,,,,,,,,,,,,,,,,,,21,,790,808,18,0,False,,,,,,,,,,,,,,,,,,,,,,,,,,0.15684987499844283,,,,,,,,,,,,,
399.81738279096317,absorbing,,,,,,,R,0,1,0,31,404,386,790,8,0,0,0.0,0.14864600001601502,0.14864600001601502,0.15165966702625155,,222792,,115,False,False,False,False,222792,115,False,512,0.0006,,180160,1,total_elems,,222792,1,1,,,,0.0,,,,115,4,222792,2650,158,40,,,,,,,,,,,,,,,,,,,,,,,,,,,,,,,,,,,,,,,,,,,,,,,,,,,,,,,,,,,,,,,,,,
400.1238797910046,absorbing,,,,,,,R,0,2,0,31,404,386,790,8,0,0,0.0,0.24685758299892768,0.24685758299892768,0.24706304195569828,,391308,,222,False,False,False,False,391308,222,False,512,0.0006,,180160,1,total_elems,,391308,1,1,,,,0.0,,,,222,4,391308,3322,158,40,,,,,,,,,,,,,,,,,,,,,,,,,,,,,,,,,,,,,,,,,,,,,,,,,,,,,,,,,,,,,,,,,,
403.35959666600684,unswapping,,,,,,,,,,,,,,,,,,,,,,,,,,,,,,,,,,,,,,,,,,,,,,,,,,213,4,371604,3166,158,40,0,both,0,20,20,2,"[[6, 7], [36, 37]]",2,,,,,0,,,,,,,,,,,,,,,,,,,,,,,,,,,,,,,,,,,,,,,,,,,,,,,,,,,,,
405.2728663329617,unswapping,,,,,,,,,,,,,,,,,,,,,,,,,,,,,,,,,,,,,,,,,,,,,,,,,,113,4,251564,2716,158,40,0,both,1,19,19,6,"[[3, 4], [9, 10], [23, 24], [25, 26], [31, 32], [33, 34]]",8,,,,,0,,,,,,,,,,,,,,,,,,,,,,,,,,,,,,,,,,,,,,,,,,,,,,,,,,,,,
405.74573479098035,unswapping,,,,,,,,,,,,,,,,,,,,,,,,,,,,,,,,,,,,,,,,,,,,,,,,,,113,4,251564,2716,158,40,0,left,0,20,20,0,[],8,,,,,0,,,,,,,,,,,,,,,,,,,,,,,,,,,,,,,,,,,,,,,,,,,,,,,,,,,,,
406.46041187498486,unswapping,,,,,,,,,,,,,,,,,,,,,,,,,,,,,,,,,,,,,,,,,,,,,,,,,,113,4,212960,2546,158,40,0,left,1,19,19,4,"[[23, 24], [25, 26], [31, 32], [33, 34]]",12,,,,,8,,,,,,,,,,,,,,,,,,,,,,,,,,,,,,,,,,,,,,,,,,,,,,,,,,,,,
407.01461012498476,unswapping,,,,,,,,,,,,,,,,,,,,,,,,,,,,,,,,,,,,,,,,,,,,,,,,,,113,4,186860,2392,158,40,0,right,0,20,20,5,"[[4, 5], [10, 11], [12, 13], [24, 25], [32, 33]]",17,,,,,18,,,,,,,,,,,,,,,,,,,,,,,,,,,,,,,,,,,,,,,,,,,,,,,,,,,,,
407.39228104101494,unswapping,,,,,,,,,,,,,,,,,,,,,,,,,,,,,,,,,,,,,,,,,,,,,,,,,,113,4,178348,2312,158,40,0,right,1,19,19,2,"[[13, 14], [17, 18]]",19,,,,,22,,,,,,,,,,,,,,,,,,,,,,,,,,,,,,,,,,,,,,,,,,,,,,,,,,,,,
408.06607887498103,unswapping,,,,,,,,,,,,,,,,,,,,,,,,,,,,,,,,,,,,,,,,,,,,,,,,,,113,4,178348,2312,158,40,1,both,0,20,20,0,[],0,,,,,22,,,,,,,,,,,,,,,,,,,,,,,,,,,,,,,,,,,,,,,,,,,,,,,,,,,,,
408.7189394159941,unswapping,,,,,,,,,,,,,,,,,,,,,,,,,,,,,,,,,,,,,,,,,,,,,,,,,,113,4,178348,2312,158,40,1,both,1,19,19,0,[],0,,,,,22,,,,,,,,,,,,,,,,,,,,,,,,,,,,,,,,,,,,,,,,,,,,,,,,,,,,,
409.00254145800136,unswapping,,,,,,,,,,,,,,,,,,,,,,,,,,,,,,,,,,,,,,,,,,,,,,,,,,113,4,178348,2312,158,40,1,left,0,20,20,0,[],0,,,,,22,,,,,,,,,,,,,,,,,,,,,,,,,,,,,,,,,,,,,,,,,,,,,,,,,,,,,
409.2844359159935,unswapping,,,,,,,,,,,,,,,,,,,,,,,,,,,,,,,,,,,,,,,,,,,,,,,,,,113,4,178348,2312,158,40,1,left,1,19,19,0,[],0,,,,,22,,,,,,,,,,,,,,,,,,,,,,,,,,,,,,,,,,,,,,,,,,,,,,,,,,,,,
409.70628366596065,unswapping,,,,,,,,,,,,,,,,,,,,,,,,,,,,,,,,,,,,,,,,,,,,,,,,,,113,4,178092,2304,158,40,1,right,0,20,20,1,"[[18, 19]]",1,,,,,24,,,,,,,,,,,,,,,,,,,,,,,,,,,,,,,,,,,,,,,,,,,,,,,,,,,,,
409.99688254098874,unswapping,,,,,,,,,,,,,,,,,,,,,,,,,,,,,,,,,,,,,,,,,,,,,,,,,,113,4,178092,2304,158,40,1,right,1,19,19,0,[],1,,,,,24,,,,,,,,,,,,,,,,,,,,,,,,,,,,,,,,,,,,,,,,,,,,,,,,,,,,,
410.6916430409765,unswapping,,,,,,,,,,,,,,,,,,,,,,,,,,,,,,,,,,,,,,,,,,,,,,,,,,113,4,178092,2304,158,40,2,both,0,20,20,0,[],0,,,,,24,,,,,,,,,,,,,,,,,,,,,,,,,,,,,,,,,,,,,,,,,,,,,,,,,,,,,
411.3003319579875,unswapping,,,,,,,,,,,,,,,,,,,,,,,,,,,,,,,,,,,,,,,,,,,,,,,,,,113,4,178092,2304,158,40,2,both,1,19,19,0,[],0,,,,,24,,,,,,,,,,,,,,,,,,,,,,,,,,,,,,,,,,,,,,,,,,,,,,,,,,,,,
411.5970748330001,unswapping,,,,,,,,,,,,,,,,,,,,,,,,,,,,,,,,,,,,,,,,,,,,,,,,,,113,4,178092,2304,158,40,2,left,0,20,20,0,[],0,,,,,24,,,,,,,,,,,,,,,,,,,,,,,,,,,,,,,,,,,,,,,,,,,,,,,,,,,,,
411.8892900829669,unswapping,,,,,,,,,,,,,,,,,,,,,,,,,,,,,,,,,,,,,,,,,,,,,,,,,,113,4,178092,2304,158,40,2,left,1,19,19,0,[],0,,,,,24,,,,,,,,,,,,,,,,,,,,,,,,,,,,,,,,,,,,,,,,,,,,,,,,,,,,,
412.19583812501514,unswapping,,,,,,,,,,,,,,,,,,,,,,,,,,,,,,,,,,,,,,,,,,,,,,,,,,113,4,178092,2304,158,40,2,right,0,20,20,0,[],0,,,,,24,,,,,,,,,,,,,,,,,,,,,,,,,,,,,,,,,,,,,,,,,,,,,,,,,,,,,
412.47443904099055,unswapping,,,,,,,,,,,,,,,,,,,,,,,,,,,,,,,,,,,,,,,,,,,,,,,,,,113,4,178092,2304,158,40,2,right,1,19,19,0,[],0,,,,,24,,,,,,,,,,,,,,,,,,,,,,,,,,,,,,,,,,,,,,,,,,,,,,,,,,,,,
413.5370863749995,unswap_cycle_summary,,,,,,,,,,,,404,386,790,,,,,,,,,,,,,,,,,,,512,0.0006,,,,,,,,,,,,,,,,113,4,178092,2304,158,40,,,,,,,,,,,,,,,,,,,,,22,11.608337124984246,790,808,18,0,False,True,False,,0,"[404, 386]","[0, 1, 2, 4, 3, 5, 7, 6, 8, 10, 9, 11, 12, 13, 14, 15, 16, 17, 18, 19, 20, 21, 22, 23, 24, 25, 26, 27, 28, 29, 30, 31, 32, 33, 34, 35, 37, 36, 38, 39]","[0, 1, 2, 4, 5, 3, 7, 6, 8, 10, 11, 9, 13, 14, 12, 15, 16, 18, 19, 17, 20, 21, 22, 24, 26, 23, 25, 27, 28, 29, 30, 32, 34, 31, 33, 35, 37, 36, 38, 39]",,"{'index': 2, 'interactions': [('unitary', (24, 25)), ('unitary', (27, 26))]}","[2, 4, 5, 5, 5, 5, 5, 4, 3, 3, 3, 4, 5, 5, 6, 6, 4, 2, 3, 4, 6, 7, 7, 7, 6, 6, 6, 6, 6, 5, 5, 5, 4, 3, 4, 5, 4, 4, 2]",6c0900406f8004a099cf76c38f83cf41d3394fac25182c3b62017eef60c27b59,,,,,,,,,,,,,,,,,,,,,,,,,,,,
413.74011458299356,rewiring,right,post_unswap,0.14096679200883955,31,False,False,,,,,,,,,,,,,,,,,,,,,,,,,,,,,,,,,,,,,,,,,,,,,,,,,,,,,,,,,,,,,,,,,,,,,,22,,,,,,,,,,,,,,,,,,50,False,0,4,bond_profile,8,False,1,3033,"(323, 42, 11, 8, 18, 97, 31)",0.0031439581071026623,0.13779479102231562,"[{'seed': 2024, 'score': (323, 42, 11, 8, 19, 97, 32), 'num_layers': 32, 'total_swaps': 97, 'max_layer_swaps': 8, 'swap_only_layers': 19, 'work_layers': 13, 'unitary_layers': 13, 'first_work_layer': 2, 'leading_no_work_layers': 2, 'bond_profile_layers_scored': 8, 'bond_profile_total_cost': 323, 'bond_profile_max_cost': 42, 'bond_profile_gate_count': 11}, {'seed': 3033, 'score': (323, 42, 11, 8, 18, 97, 31), 'num_layers': 31, 'total_swaps': 97, 'max_layer_swaps': 8, 'swap_only_layers': 18, 'work_layers': 13, 'unitary_layers': 13, 'first_work_layer': 2, 'leading_no_work_layers': 2, 'bond_profile_layers_scored': 8, 'bond_profile_total_cost': 323, 'bond_profile_max_cost': 42, 'bond_profile_gate_count': 11}, {'seed': 4042, 'score': (369, 42, 13, 8, 19, 97, 30), 'num_layers': 30, 'total_swaps': 97, 'max_layer_swaps': 8, 'swap_only_layers': 19, 'work_layers': 11, 'unitary_layers': 11, 'first_work_layer': 2, 'leading_no_work_layers': 2, 'bond_profile_layers_scored': 8, 'bond_profile_total_cost': 369, 'bond_profile_max_cost': 42, 'bond_profile_gate_count': 13}, {'seed': 5051, 'score': (361, 42, 12, 8, 21, 97, 33), 'num_layers': 33, 'total_swaps': 97, 'max_layer_swaps': 8, 'swap_only_layers': 21, 'work_layers': 12, 'unitary_layers': 12, 'first_work_layer': 2, 'leading_no_work_layers': 2, 'bond_profile_layers_scored': 8, 'bond_profile_total_cost': 361, 'bond_profile_max_cost': 42, 'bond_profile_gate_count': 12}]",0.14096045796759427,0.14116141601698473,,,,,,,,,,,,,
413.80018762499094,cycle_progress,,,,,,,,,,,,404,386,790,,,,,,,,,,,,,,,,,,,512,0.0006,,180160,1,,,,,,,,,,,,,113,4,178092,2304,158,40,,,,,,,,,,,,,,,,,,,,,22,,790,808,18,0,False,,,,,,,,,,,,,,,,,,,,,,,,,,0.14116141601698473,,,,,,,,,,,,,
414.0177977500134,absorbing,,,,,,,R,0,1,0,31,404,386,790,8,0,0,0.0,0.15390295797260478,0.15390295797260478,0.15558262501144782,,219564,,113,False,False,False,False,219564,113,False,512,0.0006,,178092,2,total_elems,,219564,1,1,,,,0.0,,,,113,4,219564,2630,158,40,,,,,,,,,,,,,,,,,,,,,,,,,,,,,,,,,,,,,,,,,,,,,,,,,,,,,,,,,,,,,,,,,,
414.34213591599837,absorbing,,,,,,,R,0,2,0,31,404,386,790,8,0,0,0.0,0.26171200000680983,0.26171200000680983,0.2619434169610031,,381676,,211,False,False,False,False,381676,211,False,512,0.0006,,178092,2,total_elems,,381676,1,1,,,,0.0,,,,211,4,381676,3314,158,40,,,,,,,,,,,,,,,,,,,,,,,,,,,,,,,,,,,,,,,,,,,,,,,,,,,,,,,,,,,,,,,,,,
417.7131769579719,unswapping,,,,,,,,,,,,,,,,,,,,,,,,,,,,,,,,,,,,,,,,,,,,,,,,,,202,4,363880,3176,158,40,0,both,0,20,20,2,"[[6, 7], [36, 37]]",2,,,,,0,,,,,,,,,,,,,,,,,,,,,,,,,,,,,,,,,,,,,,,,,,,,,,,,,,,,,
419.786770250008,unswapping,,,,,,,,,,,,,,,,,,,,,,,,,,,,,,,,,,,,,,,,,,,,,,,,,,113,4,248960,2702,158,40,0,both,1,19,19,6,"[[3, 4], [9, 10], [23, 24], [25, 26], [31, 32], [33, 34]]",8,,,,,0,,,,,,,,,,,,,,,,,,,,,,,,,,,,,,,,,,,,,,,,,,,,,,,,,,,,,
420.4556564160157,unswapping,,,,,,,,,,,,,,,,,,,,,,,,,,,,,,,,,,,,,,,,,,,,,,,,,,113,4,243216,2676,158,40,0,left,0,20,20,1,"[[10, 11]]",9,,,,,2,,,,,,,,,,,,,,,,,,,,,,,,,,,,,,,,,,,,,,,,,,,,,,,,,,,,,
421.20433704101015,unswapping,,,,,,,,,,,,,,,,,,,,,,,,,,,,,,,,,,,,,,,,,,,,,,,,,,113,4,211088,2532,158,40,0,left,1,19,19,4,"[[23, 24], [25, 26], [31, 32], [33, 34]]",13,,,,,10,,,,,,,,,,,,,,,,,,,,,,,,,,,,,,,,,,,,,,,,,,,,,,,,,,,,,
421.7280589999864,unswapping,,,,,,,,,,,,,,,,,,,,,,,,,,,,,,,,,,,,,,,,,,,,,,,,,,113,4,185744,2386,158,40,0,right,0,20,20,5,"[[4, 5], [10, 11], [12, 13], [24, 25], [32, 33]]",18,,,,,16,,,,,,,,,,,,,,,,,,,,,,,,,,,,,,,,,,,,,,,,,,,,,,,,,,,,,
422.15878900000826,unswapping,,,,,,,,,,,,,,,,,,,,,,,,,,,,,,,,,,,,,,,,,,,,,,,,,,113,4,175872,2300,158,40,0,right,1,19,19,2,"[[13, 14], [17, 18]]",20,,,,,20,,,,,,,,,,,,,,,,,,,,,,,,,,,,,,,,,,,,,,,,,,,,,,,,,,,,,
422.9316476249951,unswapping,,,,,,,,,,,,,,,,,,,,,,,,,,,,,,,,,,,,,,,,,,,,,,,,,,113,4,175872,2300,158,40,1,both,0,20,20,0,[],0,,,,,20,,,,,,,,,,,,,,,,,,,,,,,,,,,,,,,,,,,,,,,,,,,,,,,,,,,,,
423.88972504099365,unswapping,,,,,,,,,,,,,,,,,,,,,,,,,,,,,,,,,,,,,,,,,,,,,,,,,,113,4,175076,2296,158,40,1,both,1,19,19,1,"[[27, 28]]",1,,,,,20,,,,,,,,,,,,,,,,,,,,,,,,,,,,,,,,,,,,,,,,,,,,,,,,,,,,,
424.20964499999536,unswapping,,,,,,,,,,,,,,,,,,,,,,,,,,,,,,,,,,,,,,,,,,,,,,,,,,113,4,175076,2296,158,40,1,left,0,20,20,0,[],1,,,,,20,,,,,,,,,,,,,,,,,,,,,,,,,,,,,,,,,,,,,,,,,,,,,,,,,,,,,
424.56294058298226,unswapping,,,,,,,,,,,,,,,,,,,,,,,,,,,,,,,,,,,,,,,,,,,,,,,,,,113,4,175076,2296,158,40,1,left,1,19,19,0,[],1,,,,,20,,,,,,,,,,,,,,,,,,,,,,,,,,,,,,,,,,,,,,,,,,,,,,,,,,,,,
424.99082266597543,unswapping,,,,,,,,,,,,,,,,,,,,,,,,,,,,,,,,,,,,,,,,,,,,,,,,,,113,4,174140,2284,158,40,1,right,0,20,20,1,"[[18, 19]]",2,,,,,22,,,,,,,,,,,,,,,,,,,,,,,,,,,,,,,,,,,,,,,,,,,,,,,,,,,,,
425.31979779101675,unswapping,,,,,,,,,,,,,,,,,,,,,,,,,,,,,,,,,,,,,,,,,,,,,,,,,,113,4,174140,2284,158,40,1,right,1,19,19,0,[],2,,,,,22,,,,,,,,,,,,,,,,,,,,,,,,,,,,,,,,,,,,,,,,,,,,,,,,,,,,,
426.0028553750017,unswapping,,,,,,,,,,,,,,,,,,,,,,,,,,,,,,,,,,,,,,,,,,,,,,,,,,113,4,174140,2284,158,40,2,both,0,20,20,0,[],0,,,,,22,,,,,,,,,,,,,,,,,,,,,,,,,,,,,,,,,,,,,,,,,,,,,,,,,,,,,
426.636246790993,unswapping,,,,,,,,,,,,,,,,,,,,,,,,,,,,,,,,,,,,,,,,,,,,,,,,,,113,4,174140,2284,158,40,2,both,1,19,19,0,[],0,,,,,22,,,,,,,,,,,,,,,,,,,,,,,,,,,,,,,,,,,,,,,,,,,,,,,,,,,,,
426.94262141600484,unswapping,,,,,,,,,,,,,,,,,,,,,,,,,,,,,,,,,,,,,,,,,,,,,,,,,,113,4,174140,2284,158,40,2,left,0,20,20,0,[],0,,,,,22,,,,,,,,,,,,,,,,,,,,,,,,,,,,,,,,,,,,,,,,,,,,,,,,,,,,,
427.2304705409915,unswapping,,,,,,,,,,,,,,,,,,,,,,,,,,,,,,,,,,,,,,,,,,,,,,,,,,113,4,174140,2284,158,40,2,left,1,19,19,0,[],0,,,,,22,,,,,,,,,,,,,,,,,,,,,,,,,,,,,,,,,,,,,,,,,,,,,,,,,,,,,
427.52935358299874,unswapping,,,,,,,,,,,,,,,,,,,,,,,,,,,,,,,,,,,,,,,,,,,,,,,,,,113,4,174140,2284,158,40,2,right,0,20,20,0,[],0,,,,,22,,,,,,,,,,,,,,,,,,,,,,,,,,,,,,,,,,,,,,,,,,,,,,,,,,,,,
427.81596208299743,unswapping,,,,,,,,,,,,,,,,,,,,,,,,,,,,,,,,,,,,,,,,,,,,,,,,,,113,4,174140,2284,158,40,2,right,1,19,19,0,[],0,,,,,22,,,,,,,,,,,,,,,,,,,,,,,,,,,,,,,,,,,,,,,,,,,,,,,,,,,,,
428.9173600829672,unswap_cycle_summary,,,,,,,,,,,,404,386,790,,,,,,,,,,,,,,,,,,,512,0.0006,,,,,,,,,,,,,,,,113,4,174140,2284,158,40,,,,,,,,,,,,,,,,,,,,,23,12.804759082966484,790,808,18,0,False,True,False,,0,"[404, 386]","[0, 1, 2, 4, 3, 5, 7, 6, 8, 10, 11, 9, 12, 13, 14, 15, 16, 17, 18, 19, 20, 21, 22, 23, 24, 25, 26, 28, 27, 29, 30, 31, 32, 33, 34, 35, 37, 36, 38, 39]","[0, 1, 2, 4, 5, 3, 7, 6, 8, 10, 11, 9, 13, 14, 12, 15, 16, 18, 19, 17, 20, 21, 22, 24, 26, 23, 25, 28, 27, 29, 30, 32, 34, 31, 33, 35, 37, 36, 38, 39]",,"{'index': 2, 'interactions': [('unitary', (24, 25)), ('unitary', (27, 26))]}","[2, 4, 5, 5, 5, 5, 5, 4, 3, 3, 3, 4, 5, 5, 6, 6, 4, 2, 3, 4, 6, 7, 7, 7, 6, 6, 6, 6, 6, 5, 5, 5, 4, 3, 4, 5, 4, 4, 2]",cdee0ab0733e249c05ef68fb2b2790f6b9304a6a639ba34c4270ff97b6667f9e,,,,,,,,,,,,,,,,,,,,,,,,,,,,
429.1253570409608,rewiring,right,post_unswap,0.14708158397115767,31,False,False,,,,,,,,,,,,,,,,,,,,,,,,,,,,,,,,,,,,,,,,,,,,,,,,,,,,,,,,,,,,,,,,,,,,,,23,,,,,,,,,,,,,,,,,,50,False,0,4,bond_profile,8,False,1,3033,"(308, 41, 11, 8, 18, 94, 31)",0.0028527500107884407,0.14420170802623034,"[{'seed': 2024, 'score': (389, 77, 12, 8, 17, 94, 28), 'num_layers': 28, 'total_swaps': 94, 'max_layer_swaps': 8, 'swap_only_layers': 17, 'work_layers': 11, 'unitary_layers': 11, 'first_work_layer': 2, 'leading_no_work_layers': 2, 'bond_profile_layers_scored': 8, 'bond_profile_total_cost': 389, 'bond_profile_max_cost': 77, 'bond_profile_gate_count': 12}, {'seed': 3033, 'score': (308, 41, 11, 8, 18, 94, 31), 'num_layers': 31, 'total_swaps': 94, 'max_layer_swaps': 8, 'swap_only_layers': 18, 'work_layers': 13, 'unitary_layers': 13, 'first_work_layer': 2, 'leading_no_work_layers': 2, 'bond_profile_layers_scored': 8, 'bond_profile_total_cost': 308, 'bond_profile_max_cost': 41, 'bond_profile_gate_count': 11}, {'seed': 4042, 'score': (389, 77, 12, 8, 16, 94, 28), 'num_layers': 28, 'total_swaps': 94, 'max_layer_swaps': 8, 'swap_only_layers': 16, 'work_layers': 12, 'unitary_layers': 12, 'first_work_layer': 2, 'leading_no_work_layers': 2, 'bond_profile_layers_scored': 8, 'bond_profile_total_cost': 389, 'bond_profile_max_cost': 77, 'bond_profile_gate_count': 12}, {'seed': 5051, 'score': (337, 41, 11, 8, 17, 94, 31), 'num_layers': 31, 'total_swaps': 94, 'max_layer_swaps': 8, 'swap_only_layers': 17, 'work_layers': 14, 'unitary_layers': 14, 'first_work_layer': 2, 'leading_no_work_layers': 2, 'bond_profile_layers_scored': 8, 'bond_profile_total_cost': 337, 'bond_profile_max_cost': 41, 'bond_profile_gate_count': 11}]",0.1470759580261074,0.14728091697907075,,,,,,,,,,,,,
429.1857311659842,cycle_progress,,,,,,,,,,,,404,386,790,,,,,,,,,,,,,,,,,,,512,0.0006,,178092,2,,,,,,,,,,,,,113,4,174140,2284,158,40,,,,,,,,,,,,,,,,,,,,,23,,790,808,18,0,False,,,,,,,,,,,,,,,,,,,,,,,,,,0.14728091697907075,,,,,,,,,,,,,
429.4147626250051,absorbing,,,,,,,R,0,1,0,31,404,386,790,8,0,0,0.0,0.1636005420004949,0.1636005420004949,0.16635316598694772,,211912,,113,False,False,False,False,211912,113,False,512,0.0006,,174140,3,total_elems,,211912,1,1,,,,0.0,,,,113,4,211912,2562,158,40,,,,,,,,,,,,,,,,,,,,,,,,,,,,,,,,,,,,,,,,,,,,,,,,,,,,,,,,,,,,,,,,,,
429.738713291008,absorbing,,,,,,,R,0,2,0,31,404,386,790,8,0,0,0.0,0.26008112501585856,0.26008112501585856,0.2602856250014156,,361256,,201,False,False,False,False,361256,201,False,512,0.0006,,174140,3,total_elems,,361256,1,1,,,,0.0,,,,201,4,361256,3190,158,40,,,,,,,,,,,,,,,,,,,,,,,,,,,,,,,,,,,,,,,,,,,,,,,,,,,,,,,,,,,,,,,,,,
432.5467908330029,unswapping,,,,,,,,,,,,,,,,,,,,,,,,,,,,,,,,,,,,,,,,,,,,,,,,,,191,4,347096,3094,158,40,0,both,0,20,20,1,"[[36, 37]]",1,,,,,0,,,,,,,,,,,,,,,,,,,,,,,,,,,,,,,,,,,,,,,,,,,,,,,,,,,,,
434.35424591600895,unswapping,,,,,,,,,,,,,,,,,,,,,,,,,,,,,,,,,,,,,,,,,,,,,,,,,,112,4,243288,2692,158,40,0,both,1,19,19,5,"[[3, 4], [23, 24], [25, 26], [31, 32], [33, 34]]",6,,,,,0,,,,,,,,,,,,,,,,,,,,,,,,,,,,,,,,,,,,,,,,,,,,,,,,,,,,,
434.8074320409796,unswapping,,,,,,,,,,,,,,,,,,,,,,,,,,,,,,,,,,,,,,,,,,,,,,,,,,112,4,243288,2692,158,40,0,left,0,20,20,0,[],6,,,,,0,,,,,,,,,,,,,,,,,,,,,,,,,,,,,,,,,,,,,,,,,,,,,,,,,,,,,
435.59836545796134,unswapping,,,,,,,,,,,,,,,,,,,,,,,,,,,,,,,,,,,,,,,,,,,,,,,,,,112,4,207672,2532,158,40,0,left,1,19,19,5,"[[23, 24], [25, 26], [27, 28], [31, 32], [33, 34]]",11,,,,,10,,,,,,,,,,,,,,,,,,,,,,,,,,,,,,,,,,,,,,,,,,,,,,,,,,,,,
436.10108712496003,unswapping,,,,,,,,,,,,,,,,,,,,,,,,,,,,,,,,,,,,,,,,,,,,,,,,,,112,4,183352,2396,158,40,0,right,0,20,20,4,"[[4, 5], [12, 13], [24, 25], [32, 33]]",15,,,,,18,,,,,,,,,,,,,,,,,,,,,,,,,,,,,,,,,,,,,,,,,,,,,,,,,,,,,
436.5106670410023,unswapping,,,,,,,,,,,,,,,,,,,,,,,,,,,,,,,,,,,,,,,,,,,,,,,,,,112,4,173168,2296,158,40,0,right,1,19,19,3,"[[9, 10], [13, 14], [17, 18]]",18,,,,,24,,,,,,,,,,,,,,,,,,,,,,,,,,,,,,,,,,,,,,,,,,,,,,,,,,,,,
437.3902639159933,unswapping,,,,,,,,,,,,,,,,,,,,,,,,,,,,,,,,,,,,,,,,,,,,,,,,,,112,4,172112,2284,158,40,1,both,0,20,20,1,"[[10, 11]]",1,,,,,26,,,,,,,,,,,,,,,,,,,,,,,,,,,,,,,,,,,,,,,,,,,,,,,,,,,,,
438.23522666597273,unswapping,,,,,,,,,,,,,,,,,,,,,,,,,,,,,,,,,,,,,,,,,,,,,,,,,,112,4,170768,2276,158,40,1,both,1,19,19,1,"[[27, 28]]",2,,,,,26,,,,,,,,,,,,,,,,,,,,,,,,,,,,,,,,,,,,,,,,,,,,,,,,,,,,,
438.6027205410064,unswapping,,,,,,,,,,,,,,,,,,,,,,,,,,,,,,,,,,,,,,,,,,,,,,,,,,112,4,170768,2276,158,40,1,left,0,20,20,0,[],2,,,,,26,,,,,,,,,,,,,,,,,,,,,,,,,,,,,,,,,,,,,,,,,,,,,,,,,,,,,
438.88455170800444,unswapping,,,,,,,,,,,,,,,,,,,,,,,,,,,,,,,,,,,,,,,,,,,,,,,,,,112,4,170768,2276,158,40,1,left,1,19,19,0,[],2,,,,,26,,,,,,,,,,,,,,,,,,,,,,,,,,,,,,,,,,,,,,,,,,,,,,,,,,,,,
439.2859858329757,unswapping,,,,,,,,,,,,,,,,,,,,,,,,,,,,,,,,,,,,,,,,,,,,,,,,,,112,4,170512,2268,158,40,1,right,0,20,20,1,"[[18, 19]]",3,,,,,28,,,,,,,,,,,,,,,,,,,,,,,,,,,,,,,,,,,,,,,,,,,,,,,,,,,,,
439.6216476659756,unswapping,,,,,,,,,,,,,,,,,,,,,,,,,,,,,,,,,,,,,,,,,,,,,,,,,,112,4,170512,2268,158,40,1,right,1,19,19,0,[],3,,,,,28,,,,,,,,,,,,,,,,,,,,,,,,,,,,,,,,,,,,,,,,,,,,,,,,,,,,,
440.3121057499666,unswapping,,,,,,,,,,,,,,,,,,,,,,,,,,,,,,,,,,,,,,,,,,,,,,,,,,112,4,170512,2268,158,40,2,both,0,20,20,0,[],0,,,,,28,,,,,,,,,,,,,,,,,,,,,,,,,,,,,,,,,,,,,,,,,,,,,,,,,,,,,
440.90155499998946,unswapping,,,,,,,,,,,,,,,,,,,,,,,,,,,,,,,,,,,,,,,,,,,,,,,,,,112,4,170512,2268,158,40,2,both,1,19,19,0,[],0,,,,,28,,,,,,,,,,,,,,,,,,,,,,,,,,,,,,,,,,,,,,,,,,,,,,,,,,,,,
441.6674168749596,unswapping,,,,,,,,,,,,,,,,,,,,,,,,,,,,,,,,,,,,,,,,,,,,,,,,,,112,4,170512,2268,158,40,2,left,0,20,20,0,[],0,,,,,28,,,,,,,,,,,,,,,,,,,,,,,,,,,,,,,,,,,,,,,,,,,,,,,,,,,,,
441.94781737501035,unswapping,,,,,,,,,,,,,,,,,,,,,,,,,,,,,,,,,,,,,,,,,,,,,,,,,,112,4,170512,2268,158,40,2,left,1,19,19,0,[],0,,,,,28,,,,,,,,,,,,,,,,,,,,,,,,,,,,,,,,,,,,,,,,,,,,,,,,,,,,,
442.25844383297954,unswapping,,,,,,,,,,,,,,,,,,,,,,,,,,,,,,,,,,,,,,,,,,,,,,,,,,112,4,170512,2268,158,40,2,right,0,20,20,0,[],0,,,,,28,,,,,,,,,,,,,,,,,,,,,,,,,,,,,,,,,,,,,,,,,,,,,,,,,,,,,
442.5517701249919,unswapping,,,,,,,,,,,,,,,,,,,,,,,,,,,,,,,,,,,,,,,,,,,,,,,,,,112,4,170512,2268,158,40,2,right,1,19,19,0,[],0,,,,,28,,,,,,,,,,,,,,,,,,,,,,,,,,,,,,,,,,,,,,,,,,,,,,,,,,,,,
443.6959564159624,unswap_cycle_summary,,,,,,,,,,,,404,386,790,,,,,,,,,,,,,,,,,,,512,0.0006,,,,,,,,,,,,,,,,112,4,170512,2268,158,40,,,,,,,,,,,,,,,,,,,,,24,12.218079834012315,790,808,18,0,False,True,False,,0,"[404, 386]","[0, 1, 2, 4, 3, 5, 6, 7, 8, 9, 11, 10, 12, 13, 14, 15, 16, 17, 18, 19, 20, 21, 22, 23, 24, 25, 26, 27, 28, 29, 30, 31, 32, 33, 34, 35, 37, 36, 38, 39]","[0, 1, 2, 4, 5, 3, 6, 7, 8, 10, 11, 9, 13, 14, 12, 15, 16, 18, 19, 17, 20, 21, 22, 24, 26, 23, 25, 28, 27, 29, 30, 32, 34, 31, 33, 35, 37, 36, 38, 39]",,"{'index': 2, 'interactions': [('unitary', (24, 25)), ('unitary', (27, 26))]}","[2, 4, 5, 5, 5, 5, 5, 4, 3, 3, 3, 4, 5, 5, 6, 6, 4, 2, 3, 4, 6, 7, 7, 7, 5, 6, 6, 6, 6, 5, 5, 5, 4, 3, 4, 5, 4, 4, 2]",0dda9035bf7a6e635cc083df57d2e596b6d7b18584de7bcbf3bd6fd38d38a41e,,,,,,,,,,,,,,,,,,,,,,,,,,,,
443.93857920798473,rewiring,right,post_unswap,0.178099500015378,31,False,False,,,,,,,,,,,,,,,,,,,,,,,,,,,,,,,,,,,,,,,,,,,,,,,,,,,,,,,,,,,,,,,,,,,,,,24,,,,,,,,,,,,,,,,,,50,False,0,4,bond_profile,8,False,1,3033,"(305, 41, 11, 8, 18, 94, 31)",0.00359037599992007,0.1744685840094462,"[{'seed': 2024, 'score': (384, 75, 12, 8, 17, 94, 28), 'num_layers': 28, 'total_swaps': 94, 'max_layer_swaps': 8, 'swap_only_layers': 17, 'work_layers': 11, 'unitary_layers': 11, 'first_work_layer': 2, 'leading_no_work_layers': 2, 'bond_profile_layers_scored': 8, 'bond_profile_total_cost': 384, 'bond_profile_max_cost': 75, 'bond_profile_gate_count': 12}, {'seed': 3033, 'score': (305, 41, 11, 8, 18, 94, 31), 'num_layers': 31, 'total_swaps': 94, 'max_layer_swaps': 8, 'swap_only_layers': 18, 'work_layers': 13, 'unitary_layers': 13, 'first_work_layer': 2, 'leading_no_work_layers': 2, 'bond_profile_layers_scored': 8, 'bond_profile_total_cost': 305, 'bond_profile_max_cost': 41, 'bond_profile_gate_count': 11}, {'seed': 4042, 'score': (384, 75, 12, 8, 16, 94, 28), 'num_layers': 28, 'total_swaps': 94, 'max_layer_swaps': 8, 'swap_only_layers': 16, 'work_layers': 12, 'unitary_layers': 12, 'first_work_layer': 2, 'leading_no_work_layers': 2, 'bond_profile_layers_scored': 8, 'bond_profile_total_cost': 384, 'bond_profile_max_cost': 75, 'bond_profile_gate_count': 12}, {'seed': 5051, 'score': (333, 41, 11, 8, 17, 94, 31), 'num_layers': 31, 'total_swaps': 94, 'max_layer_swaps': 8, 'swap_only_layers': 17, 'work_layers': 14, 'unitary_layers': 14, 'first_work_layer': 2, 'leading_no_work_layers': 2, 'bond_profile_layers_scored': 8, 'bond_profile_total_cost': 333, 'bond_profile_max_cost': 41, 'bond_profile_gate_count': 11}]",0.17809062503511086,0.1784407080267556,,,,,,,,,,,,,
444.0013922500075,cycle_progress,,,,,,,,,,,,404,386,790,,,,,,,,,,,,,,,,,,,512,0.0006,,174140,3,,,,,,,,,,,,,112,4,170512,2268,158,40,,,,,,,,,,,,,,,,,,,,,24,,790,808,18,0,False,,,,,,,,,,,,,,,,,,,,,,,,,,0.1784407080267556,,,,,,,,,,,,,
444.231026916008,absorbing,,,,,,,R,0,1,0,31,404,386,790,8,0,0,0.0,0.1593022079905495,0.1593022079905495,0.1623700829804875,,208112,,112,False,False,False,False,208112,112,False,512,0.0006,,170512,4,total_elems,,208112,1,1,,,,0.0,,,,112,4,208112,2552,158,40,,,,,,,,,,,,,,,,,,,,,,,,,,,,,,,,,,,,,,,,,,,,,,,,,,,,,,,,,,,,,,,,,,
444.55439424997894,absorbing,,,,,,,R,0,2,0,31,404,386,790,8,0,0,0.0,0.25845045899040997,0.25845045899040997,0.25869462499395013,,351824,,190,False,False,False,False,351824,190,False,512,0.0006,,170512,4,total_elems,,351824,1,1,,,,0.0,,,,190,4,351824,3198,158,40,,,,,,,,,,,,,,,,,,,,,,,,,,,,,,,,,,,,,,,,,,,,,,,,,,,,,,,,,,,,,,,,,,
447.53876254096394,unswapping,,,,,,,,,,,,,,,,,,,,,,,,,,,,,,,,,,,,,,,,,,,,,,,,,,183,4,339284,3110,158,40,0,both,0,20,20,1,"[[36, 37]]",1,,,,,0,,,,,,,,,,,,,,,,,,,,,,,,,,,,,,,,,,,,,,,,,,,,,,,,,,,,,
449.2359351249761,unswapping,,,,,,,,,,,,,,,,,,,,,,,,,,,,,,,,,,,,,,,,,,,,,,,,,,111,4,242840,2682,158,40,0,both,1,19,19,6,"[[3, 4], [9, 10], [23, 24], [25, 26], [31, 32], [33, 34]]",7,,,,,0,,,,,,,,,,,,,,,,,,,,,,,,,,,,,,,,,,,,,,,,,,,,,,,,,,,,,
449.69857220799895,unswapping,,,,,,,,,,,,,,,,,,,,,,,,,,,,,,,,,,,,,,,,,,,,,,,,,,111,4,242840,2682,158,40,0,left,0,20,20,0,[],7,,,,,0,,,,,,,,,,,,,,,,,,,,,,,,,,,,,,,,,,,,,,,,,,,,,,,,,,,,,
450.418206790986,unswapping,,,,,,,,,,,,,,,,,,,,,,,,,,,,,,,,,,,,,,,,,,,,,,,,,,111,4,204356,2514,158,40,0,left,1,19,19,5,"[[23, 24], [25, 26], [27, 28], [31, 32], [33, 34]]",12,,,,,10,,,,,,,,,,,,,,,,,,,,,,,,,,,,,,,,,,,,,,,,,,,,,,,,,,,,,
450.9210305410088,unswapping,,,,,,,,,,,,,,,,,,,,,,,,,,,,,,,,,,,,,,,,,,,,,,,,,,111,4,180004,2362,158,40,0,right,0,20,20,5,"[[4, 5], [10, 11], [12, 13], [24, 25], [32, 33]]",17,,,,,20,,,,,,,,,,,,,,,,,,,,,,,,,,,,,,,,,,,,,,,,,,,,,,,,,,,,,
451.32112166599836,unswapping,,,,,,,,,,,,,,,,,,,,,,,,,,,,,,,,,,,,,,,,,,,,,,,,,,111,4,171492,2282,158,40,0,right,1,19,19,2,"[[13, 14], [17, 18]]",19,,,,,24,,,,,,,,,,,,,,,,,,,,,,,,,,,,,,,,,,,,,,,,,,,,,,,,,,,,,
451.9997813749942,unswapping,,,,,,,,,,,,,,,,,,,,,,,,,,,,,,,,,,,,,,,,,,,,,,,,,,111,4,171492,2282,158,40,1,both,0,20,20,0,[],0,,,,,24,,,,,,,,,,,,,,,,,,,,,,,,,,,,,,,,,,,,,,,,,,,,,,,,,,,,,
452.8890595000121,unswapping,,,,,,,,,,,,,,,,,,,,,,,,,,,,,,,,,,,,,,,,,,,,,,,,,,111,4,170148,2274,158,40,1,both,1,19,19,1,"[[27, 28]]",1,,,,,24,,,,,,,,,,,,,,,,,,,,,,,,,,,,,,,,,,,,,,,,,,,,,,,,,,,,,
453.2070140829892,unswapping,,,,,,,,,,,,,,,,,,,,,,,,,,,,,,,,,,,,,,,,,,,,,,,,,,111,4,170148,2274,158,40,1,left,0,20,20,0,[],1,,,,,24,,,,,,,,,,,,,,,,,,,,,,,,,,,,,,,,,,,,,,,,,,,,,,,,,,,,,
453.49071095796535,unswapping,,,,,,,,,,,,,,,,,,,,,,,,,,,,,,,,,,,,,,,,,,,,,,,,,,111,4,170148,2274,158,40,1,left,1,19,19,0,[],1,,,,,24,,,,,,,,,,,,,,,,,,,,,,,,,,,,,,,,,,,,,,,,,,,,,,,,,,,,,
453.9341089159716,unswapping,,,,,,,,,,,,,,,,,,,,,,,,,,,,,,,,,,,,,,,,,,,,,,,,,,111,4,169892,2266,158,40,1,right,0,20,20,1,"[[18, 19]]",2,,,,,26,,,,,,,,,,,,,,,,,,,,,,,,,,,,,,,,,,,,,,,,,,,,,,,,,,,,,
454.2886571660056,unswapping,,,,,,,,,,,,,,,,,,,,,,,,,,,,,,,,,,,,,,,,,,,,,,,,,,111,4,169892,2266,158,40,1,right,1,19,19,0,[],2,,,,,26,,,,,,,,,,,,,,,,,,,,,,,,,,,,,,,,,,,,,,,,,,,,,,,,,,,,,
455.0198420410161,unswapping,,,,,,,,,,,,,,,,,,,,,,,,,,,,,,,,,,,,,,,,,,,,,,,,,,111,4,169892,2266,158,40,2,both,0,20,20,0,[],0,,,,,26,,,,,,,,,,,,,,,,,,,,,,,,,,,,,,,,,,,,,,,,,,,,,,,,,,,,,
455.7371565409703,unswapping,,,,,,,,,,,,,,,,,,,,,,,,,,,,,,,,,,,,,,,,,,,,,,,,,,111,4,169892,2266,158,40,2,both,1,19,19,0,[],0,,,,,26,,,,,,,,,,,,,,,,,,,,,,,,,,,,,,,,,,,,,,,,,,,,,,,,,,,,,
456.04781899997033,unswapping,,,,,,,,,,,,,,,,,,,,,,,,,,,,,,,,,,,,,,,,,,,,,,,,,,111,4,169892,2266,158,40,2,left,0,20,20,0,[],0,,,,,26,,,,,,,,,,,,,,,,,,,,,,,,,,,,,,,,,,,,,,,,,,,,,,,,,,,,,
456.3639304579701,unswapping,,,,,,,,,,,,,,,,,,,,,,,,,,,,,,,,,,,,,,,,,,,,,,,,,,111,4,169892,2266,158,40,2,left,1,19,19,0,[],0,,,,,26,,,,,,,,,,,,,,,,,,,,,,,,,,,,,,,,,,,,,,,,,,,,,,,,,,,,,
456.71409512497485,unswapping,,,,,,,,,,,,,,,,,,,,,,,,,,,,,,,,,,,,,,,,,,,,,,,,,,111,4,169892,2266,158,40,2,right,0,20,20,0,[],0,,,,,26,,,,,,,,,,,,,,,,,,,,,,,,,,,,,,,,,,,,,,,,,,,,,,,,,,,,,
457.03521683299914,unswapping,,,,,,,,,,,,,,,,,,,,,,,,,,,,,,,,,,,,,,,,,,,,,,,,,,111,4,169892,2266,158,40,2,right,1,19,19,0,[],0,,,,,26,,,,,,,,,,,,,,,,,,,,,,,,,,,,,,,,,,,,,,,,,,,,,,,,,,,,,
458.2062440409791,unswap_cycle_summary,,,,,,,,,,,,404,386,790,,,,,,,,,,,,,,,,,,,512,0.0006,,,,,,,,,,,,,,,,111,4,169892,2266,158,40,,,,,,,,,,,,,,,,,,,,,25,11.81966816703789,790,808,18,0,False,True,False,,0,"[404, 386]","[0, 1, 2, 4, 3, 5, 6, 7, 8, 10, 9, 11, 12, 13, 14, 15, 16, 17, 18, 19, 20, 21, 22, 23, 24, 25, 26, 27, 28, 29, 30, 31, 32, 33, 34, 35, 37, 36, 38, 39]","[0, 1, 2, 4, 5, 3, 6, 7, 8, 10, 11, 9, 13, 14, 12, 15, 16, 18, 19, 17, 20, 21, 22, 24, 26, 23, 25, 28, 27, 29, 30, 32, 34, 31, 33, 35, 37, 36, 38, 39]",,"{'index': 2, 'interactions': [('unitary', (24, 25)), ('unitary', (27, 26))]}","[2, 4, 5, 5, 5, 5, 5, 4, 3, 3, 3, 4, 5, 5, 6, 6, 4, 2, 3, 4, 6, 7, 7, 7, 5, 6, 6, 6, 6, 5, 5, 5, 4, 3, 4, 5, 4, 4, 2]",51110f4d10e0033729d943b1a3b5710766fcc7fe66e37256f5003cab21c6de32,,,,,,,,,,,,,,,,,,,,,,,,,,,,
458.4228612079751,rewiring,right,post_unswap,0.15227133402368054,31,False,False,,,,,,,,,,,,,,,,,,,,,,,,,,,,,,,,,,,,,,,,,,,,,,,,,,,,,,,,,,,,,,,,,,,,,,25,,,,,,,,,,,,,,,,,,50,False,0,4,bond_profile,8,False,1,3033,"(305, 41, 11, 8, 18, 94, 31)",0.0037341670249588788,0.14850583398947492,"[{'seed': 2024, 'score': (384, 75, 12, 8, 17, 94, 28), 'num_layers': 28, 'total_swaps': 94, 'max_layer_swaps': 8, 'swap_only_layers': 17, 'work_layers': 11, 'unitary_layers': 11, 'first_work_layer': 2, 'leading_no_work_layers': 2, 'bond_profile_layers_scored': 8, 'bond_profile_total_cost': 384, 'bond_profile_max_cost': 75, 'bond_profile_gate_count': 12}, {'seed': 3033, 'score': (305, 41, 11, 8, 18, 94, 31), 'num_layers': 31, 'total_swaps': 94, 'max_layer_swaps': 8, 'swap_only_layers': 18, 'work_layers': 13, 'unitary_layers': 13, 'first_work_layer': 2, 'leading_no_work_layers': 2, 'bond_profile_layers_scored': 8, 'bond_profile_total_cost': 305, 'bond_profile_max_cost': 41, 'bond_profile_gate_count': 11}, {'seed': 4042, 'score': (384, 75, 12, 8, 16, 94, 28), 'num_layers': 28, 'total_swaps': 94, 'max_layer_swaps': 8, 'swap_only_layers': 16, 'work_layers': 12, 'unitary_layers': 12, 'first_work_layer': 2, 'leading_no_work_layers': 2, 'bond_profile_layers_scored': 8, 'bond_profile_total_cost': 384, 'bond_profile_max_cost': 75, 'bond_profile_gate_count': 12}, {'seed': 5051, 'score': (333, 41, 11, 8, 17, 94, 31), 'num_layers': 31, 'total_swaps': 94, 'max_layer_swaps': 8, 'swap_only_layers': 17, 'work_layers': 14, 'unitary_layers': 14, 'first_work_layer': 2, 'leading_no_work_layers': 2, 'bond_profile_layers_scored': 8, 'bond_profile_total_cost': 333, 'bond_profile_max_cost': 41, 'bond_profile_gate_count': 11}]",0.1522641250048764,0.1524873329908587,,,,,,,,,,,,,
458.4867579159909,cycle_progress,,,,,,,,,,,,404,386,790,,,,,,,,,,,,,,,,,,,512,0.0006,,170512,4,,,,,,,,,,,,,111,4,169892,2266,158,40,,,,,,,,,,,,,,,,,,,,,25,,790,808,18,0,False,,,,,,,,,,,,,,,,,,,,,,,,,,0.1524873329908587,,,,,,,,,,,,,
458.7501275410177,absorbing,,,,,,,R,0,1,0,31,404,386,790,8,0,0,0.0,0.19124295801157132,0.19124295801157132,0.19319437496596947,,207812,,111,False,False,False,False,207812,111,False,512,0.0006,,169892,5,total_elems,,207812,1,1,,,,0.0,,,,111,4,207812,2554,158,40,,,,,,,,,,,,,,,,,,,,,,,,,,,,,,,,,,,,,,,,,,,,,,,,,,,,,,,,,,,,,,,,,,
459.0822066249675,absorbing,,,,,,,R,0,2,0,31,404,386,790,8,0,0,0.0,0.2630166249582544,0.2630166249582544,0.26325312501285225,,341900,,185,False,False,False,False,341900,185,False,512,0.0006,,169892,5,total_elems,,341900,1,1,,,,0.0,,,,185,4,341900,3144,158,40,,,,,,,,,,,,,,,,,,,,,,,,,,,,,,,,,,,,,,,,,,,,,,,,,,,,,,,,,,,,,,,,,,
461.9578146659769,unswapping,,,,,,,,,,,,,,,,,,,,,,,,,,,,,,,,,,,,,,,,,,,,,,,,,,178,4,330120,3054,158,40,0,both,0,20,20,1,"[[36, 37]]",1,,,,,0,,,,,,,,,,,,,,,,,,,,,,,,,,,,,,,,,,,,,,,,,,,,,,,,,,,,,
463.63759487500647,unswapping,,,,,,,,,,,,,,,,,,,,,,,,,,,,,,,,,,,,,,,,,,,,,,,,,,111,4,241660,2678,158,40,0,both,1,19,19,6,"[[3, 4], [9, 10], [23, 24], [25, 26], [31, 32], [33, 34]]",7,,,,,0,,,,,,,,,,,,,,,,,,,,,,,,,,,,,,,,,,,,,,,,,,,,,,,,,,,,,
464.25480549997883,unswapping,,,,,,,,,,,,,,,,,,,,,,,,,,,,,,,,,,,,,,,,,,,,,,,,,,111,4,235656,2652,158,40,0,left,0,20,20,1,"[[10, 11]]",8,,,,,2,,,,,,,,,,,,,,,,,,,,,,,,,,,,,,,,,,,,,,,,,,,,,,,,,,,,,
464.99159633298405,unswapping,,,,,,,,,,,,,,,,,,,,,,,,,,,,,,,,,,,,,,,,,,,,,,,,,,111,4,203148,2502,158,40,0,left,1,19,19,5,"[[23, 24], [25, 26], [27, 28], [31, 32], [33, 34]]",13,,,,,12,,,,,,,,,,,,,,,,,,,,,,,,,,,,,,,,,,,,,,,,,,,,,,,,,,,,,
465.5132419159636,unswapping,,,,,,,,,,,,,,,,,,,,,,,,,,,,,,,,,,,,,,,,,,,,,,,,,,111,4,180312,2364,158,40,0,right,0,20,20,5,"[[4, 5], [10, 11], [12, 13], [24, 25], [32, 33]]",18,,,,,18,,,,,,,,,,,,,,,,,,,,,,,,,,,,,,,,,,,,,,,,,,,,,,,,,,,,,
465.91312695801025,unswapping,,,,,,,,,,,,,,,,,,,,,,,,,,,,,,,,,,,,,,,,,,,,,,,,,,111,4,170920,2280,158,40,0,right,1,19,19,2,"[[13, 14], [17, 18]]",20,,,,,22,,,,,,,,,,,,,,,,,,,,,,,,,,,,,,,,,,,,,,,,,,,,,,,,,,,,,
466.53182187495986,unswapping,,,,,,,,,,,,,,,,,,,,,,,,,,,,,,,,,,,,,,,,,,,,,,,,,,111,4,170920,2280,158,40,1,both,0,20,20,0,[],0,,,,,22,,,,,,,,,,,,,,,,,,,,,,,,,,,,,,,,,,,,,,,,,,,,,,,,,,,,,
467.32264637498884,unswapping,,,,,,,,,,,,,,,,,,,,,,,,,,,,,,,,,,,,,,,,,,,,,,,,,,111,4,169000,2268,158,40,1,both,1,19,19,1,"[[27, 28]]",1,,,,,22,,,,,,,,,,,,,,,,,,,,,,,,,,,,,,,,,,,,,,,,,,,,,,,,,,,,,
467.61499508301495,unswapping,,,,,,,,,,,,,,,,,,,,,,,,,,,,,,,,,,,,,,,,,,,,,,,,,,111,4,169000,2268,158,40,1,left,0,20,20,0,[],1,,,,,22,,,,,,,,,,,,,,,,,,,,,,,,,,,,,,,,,,,,,,,,,,,,,,,,,,,,,
467.88571745797526,unswapping,,,,,,,,,,,,,,,,,,,,,,,,,,,,,,,,,,,,,,,,,,,,,,,,,,111,4,169000,2268,158,40,1,left,1,19,19,0,[],1,,,,,22,,,,,,,,,,,,,,,,,,,,,,,,,,,,,,,,,,,,,,,,,,,,,,,,,,,,,
468.2546791660134,unswapping,,,,,,,,,,,,,,,,,,,,,,,,,,,,,,,,,,,,,,,,,,,,,,,,,,111,4,168744,2260,158,40,1,right,0,20,20,1,"[[18, 19]]",2,,,,,24,,,,,,,,,,,,,,,,,,,,,,,,,,,,,,,,,,,,,,,,,,,,,,,,,,,,,
468.5356054579606,unswapping,,,,,,,,,,,,,,,,,,,,,,,,,,,,,,,,,,,,,,,,,,,,,,,,,,111,4,168744,2260,158,40,1,right,1,19,19,0,[],2,,,,,24,,,,,,,,,,,,,,,,,,,,,,,,,,,,,,,,,,,,,,,,,,,,,,,,,,,,,
469.17481504101306,unswapping,,,,,,,,,,,,,,,,,,,,,,,,,,,,,,,,,,,,,,,,,,,,,,,,,,111,4,168744,2260,158,40,2,both,0,20,20,0,[],0,,,,,24,,,,,,,,,,,,,,,,,,,,,,,,,,,,,,,,,,,,,,,,,,,,,,,,,,,,,
469.8520312909968,unswapping,,,,,,,,,,,,,,,,,,,,,,,,,,,,,,,,,,,,,,,,,,,,,,,,,,111,4,168744,2260,158,40,2,both,1,19,19,0,[],0,,,,,24,,,,,,,,,,,,,,,,,,,,,,,,,,,,,,,,,,,,,,,,,,,,,,,,,,,,,
470.1331034160103,unswapping,,,,,,,,,,,,,,,,,,,,,,,,,,,,,,,,,,,,,,,,,,,,,,,,,,111,4,168744,2260,158,40,2,left,0,20,20,0,[],0,,,,,24,,,,,,,,,,,,,,,,,,,,,,,,,,,,,,,,,,,,,,,,,,,,,,,,,,,,,
470.398653790995,unswapping,,,,,,,,,,,,,,,,,,,,,,,,,,,,,,,,,,,,,,,,,,,,,,,,,,111,4,168744,2260,158,40,2,left,1,19,19,0,[],0,,,,,24,,,,,,,,,,,,,,,,,,,,,,,,,,,,,,,,,,,,,,,,,,,,,,,,,,,,,
470.66713933297433,unswapping,,,,,,,,,,,,,,,,,,,,,,,,,,,,,,,,,,,,,,,,,,,,,,,,,,111,4,168744,2260,158,40,2,right,0,20,20,0,[],0,,,,,24,,,,,,,,,,,,,,,,,,,,,,,,,,,,,,,,,,,,,,,,,,,,,,,,,,,,,
470.9324902910157,unswapping,,,,,,,,,,,,,,,,,,,,,,,,,,,,,,,,,,,,,,,,,,,,,,,,,,111,4,168744,2260,158,40,2,right,1,19,19,0,[],0,,,,,24,,,,,,,,,,,,,,,,,,,,,,,,,,,,,,,,,,,,,,,,,,,,,,,,,,,,,
472.0978589580045,unswap_cycle_summary,,,,,,,,,,,,404,386,790,,,,,,,,,,,,,,,,,,,512,0.0006,,,,,,,,,,,,,,,,111,4,168744,2260,158,40,,,,,,,,,,,,,,,,,,,,,26,11.202459749998525,790,808,18,0,False,True,False,,0,"[404, 386]","[0, 1, 2, 4, 3, 5, 6, 7, 8, 10, 11, 9, 12, 13, 14, 15, 16, 17, 18, 19, 20, 21, 22, 23, 24, 25, 26, 27, 28, 29, 30, 31, 32, 33, 34, 35, 37, 36, 38, 39]","[0, 1, 2, 4, 5, 3, 6, 7, 8, 10, 11, 9, 13, 14, 12, 15, 16, 18, 19, 17, 20, 21, 22, 24, 26, 23, 25, 28, 27, 29, 30, 32, 34, 31, 33, 35, 37, 36, 38, 39]",,"{'index': 2, 'interactions': [('unitary', (24, 25)), ('unitary', (27, 26))]}","[2, 4, 5, 5, 5, 5, 5, 4, 3, 3, 3, 4, 5, 5, 6, 6, 4, 2, 3, 4, 6, 7, 7, 7, 5, 6, 6, 6, 6, 5, 5, 5, 4, 3, 4, 5, 4, 4, 2]",b5c8c9a62cead5e8e31134baaf228b40f6cb3912bb77ad64e9600049abd97ec5,,,,,,,,,,,,,,,,,,,,,,,,,,,,
472.30475508299423,rewiring,right,post_unswap,0.14085279201390222,31,False,False,,,,,,,,,,,,,,,,,,,,,,,,,,,,,,,,,,,,,,,,,,,,,,,,,,,,,,,,,,,,,,,,,,,,,,26,,,,,,,,,,,,,,,,,,50,False,0,4,bond_profile,8,False,1,3033,"(305, 41, 11, 8, 18, 94, 31)",0.002788917045108974,0.1380382920615375,"[{'seed': 2024, 'score': (383, 74, 12, 8, 17, 94, 28), 'num_layers': 28, 'total_swaps': 94, 'max_layer_swaps': 8, 'swap_only_layers': 17, 'work_layers': 11, 'unitary_layers': 11, 'first_work_layer': 2, 'leading_no_work_layers': 2, 'bond_profile_layers_scored': 8, 'bond_profile_total_cost': 383, 'bond_profile_max_cost': 74, 'bond_profile_gate_count': 12}, {'seed': 3033, 'score': (305, 41, 11, 8, 18, 94, 31), 'num_layers': 31, 'total_swaps': 94, 'max_layer_swaps': 8, 'swap_only_layers': 18, 'work_layers': 13, 'unitary_layers': 13, 'first_work_layer': 2, 'leading_no_work_layers': 2, 'bond_profile_layers_scored': 8, 'bond_profile_total_cost': 305, 'bond_profile_max_cost': 41, 'bond_profile_gate_count': 11}, {'seed': 4042, 'score': (383, 74, 12, 8, 16, 94, 28), 'num_layers': 28, 'total_swaps': 94, 'max_layer_swaps': 8, 'swap_only_layers': 16, 'work_layers': 12, 'unitary_layers': 12, 'first_work_layer': 2, 'leading_no_work_layers': 2, 'bond_profile_layers_scored': 8, 'bond_profile_total_cost': 383, 'bond_profile_max_cost': 74, 'bond_profile_gate_count': 12}, {'seed': 5051, 'score': (331, 41, 11, 8, 17, 94, 31), 'num_layers': 31, 'total_swaps': 94, 'max_layer_swaps': 8, 'swap_only_layers': 17, 'work_layers': 14, 'unitary_layers': 14, 'first_work_layer': 2, 'leading_no_work_layers': 2, 'bond_profile_layers_scored': 8, 'bond_profile_total_cost': 331, 'bond_profile_max_cost': 41, 'bond_profile_gate_count': 11}]",0.14084725000429899,0.14104049996240065,,,,,,,,,,,,,
472.3672959160176,cycle_progress,,,,,,,,,,,,404,386,790,,,,,,,,,,,,,,,,,,,512,0.0006,,169892,5,,,,,,,,,,,,,111,4,168744,2260,158,40,,,,,,,,,,,,,,,,,,,,,26,,790,808,18,0,False,,,,,,,,,,,,,,,,,,,,,,,,,,0.14104049996240065,,,,,,,,,,,,,
472.59942791599315,absorbing,,,,,,,R,0,1,0,31,404,386,790,8,0,0,0.0,0.16249020898249,0.16249020898249,0.16547637496842071,,203816,,111,False,False,False,False,203816,111,False,512,0.0006,,168744,6,total_elems,,203816,1,1,,,,0.0,,,,111,4,203816,2528,158,40,,,,,,,,,,,,,,,,,,,,,,,,,,,,,,,,,,,,,,,,,,,,,,,,,,,,,,,,,,,,,,,,,,
472.89385354099795,absorbing,,,,,,,R,0,2,0,31,404,386,790,8,0,0,0.0,0.22690325003350154,0.22690325003350154,0.22714533295948058,,334596,,179,False,False,False,False,334596,179,False,512,0.0006,,168744,6,total_elems,,334596,1,1,,,,0.0,,,,179,4,334596,3144,158,40,,,,,,,,,,,,,,,,,,,,,,,,,,,,,,,,,,,,,,,,,,,,,,,,,,,,,,,,,,,,,,,,,,
475.61229174997425,unswapping,,,,,,,,,,,,,,,,,,,,,,,,,,,,,,,,,,,,,,,,,,,,,,,,,,172,4,323280,3058,158,40,0,both,0,20,20,1,"[[36, 37]]",1,,,,,0,,,,,,,,,,,,,,,,,,,,,,,,,,,,,,,,,,,,,,,,,,,,,,,,,,,,,
477.2421858329908,unswapping,,,,,,,,,,,,,,,,,,,,,,,,,,,,,,,,,,,,,,,,,,,,,,,,,,110,4,232084,2650,158,40,0,both,1,19,19,6,"[[3, 4], [23, 24], [25, 26], [27, 28], [31, 32], [33, 34]]",7,,,,,0,,,,,,,,,,,,,,,,,,,,,,,,,,,,,,,,,,,,,,,,,,,,,,,,,,,,,
477.7097126659937,unswapping,,,,,,,,,,,,,,,,,,,,,,,,,,,,,,,,,,,,,,,,,,,,,,,,,,110,4,232084,2650,158,40,0,left,0,20,20,0,[],7,,,,,0,,,,,,,,,,,,,,,,,,,,,,,,,,,,,,,,,,,,,,,,,,,,,,,,,,,,,
478.3666114580119,unswapping,,,,,,,,,,,,,,,,,,,,,,,,,,,,,,,,,,,,,,,,,,,,,,,,,,109,4,196948,2486,158,40,0,left,1,19,19,5,"[[23, 24], [25, 26], [27, 28], [31, 32], [33, 34]]",12,,,,,10,,,,,,,,,,,,,,,,,,,,,,,,,,,,,,,,,,,,,,,,,,,,,,,,,,,,,
478.85465320799267,unswapping,,,,,,,,,,,,,,,,,,,,,,,,,,,,,,,,,,,,,,,,,,,,,,,,,,109,4,174880,2356,158,40,0,right,0,20,20,4,"[[4, 5], [12, 13], [24, 25], [32, 33]]",16,,,,,18,,,,,,,,,,,,,,,,,,,,,,,,,,,,,,,,,,,,,,,,,,,,,,,,,,,,,
479.2623480409966,unswapping,,,,,,,,,,,,,,,,,,,,,,,,,,,,,,,,,,,,,,,,,,,,,,,,,,109,4,165164,2258,158,40,0,right,1,19,19,3,"[[9, 10], [13, 14], [17, 18]]",19,,,,,24,,,,,,,,,,,,,,,,,,,,,,,,,,,,,,,,,,,,,,,,,,,,,,,,,,,,,
480.2085945410072,unswapping,,,,,,,,,,,,,,,,,,,,,,,,,,,,,,,,,,,,,,,,,,,,,,,,,,109,4,164844,2250,158,40,1,both,0,20,20,1,"[[10, 11]]",1,,,,,26,,,,,,,,,,,,,,,,,,,,,,,,,,,,,,,,,,,,,,,,,,,,,,,,,,,,,
480.81214995798655,unswapping,,,,,,,,,,,,,,,,,,,,,,,,,,,,,,,,,,,,,,,,,,,,,,,,,,109,4,164844,2250,158,40,1,both,1,19,19,0,[],1,,,,,26,,,,,,,,,,,,,,,,,,,,,,,,,,,,,,,,,,,,,,,,,,,,,,,,,,,,,
481.0865387910162,unswapping,,,,,,,,,,,,,,,,,,,,,,,,,,,,,,,,,,,,,,,,,,,,,,,,,,109,4,164844,2250,158,40,1,left,0,20,20,0,[],1,,,,,26,,,,,,,,,,,,,,,,,,,,,,,,,,,,,,,,,,,,,,,,,,,,,,,,,,,,,
481.3927227910026,unswapping,,,,,,,,,,,,,,,,,,,,,,,,,,,,,,,,,,,,,,,,,,,,,,,,,,109,4,164844,2250,158,40,1,left,1,19,19,0,[],1,,,,,26,,,,,,,,,,,,,,,,,,,,,,,,,,,,,,,,,,,,,,,,,,,,,,,,,,,,,
481.76360287499847,unswapping,,,,,,,,,,,,,,,,,,,,,,,,,,,,,,,,,,,,,,,,,,,,,,,,,,109,4,164588,2242,158,40,1,right,0,20,20,1,"[[18, 19]]",2,,,,,28,,,,,,,,,,,,,,,,,,,,,,,,,,,,,,,,,,,,,,,,,,,,,,,,,,,,,
482.0592809160007,unswapping,,,,,,,,,,,,,,,,,,,,,,,,,,,,,,,,,,,,,,,,,,,,,,,,,,109,4,164588,2242,158,40,1,right,1,19,19,0,[],2,,,,,28,,,,,,,,,,,,,,,,,,,,,,,,,,,,,,,,,,,,,,,,,,,,,,,,,,,,,
482.70684445800725,unswapping,,,,,,,,,,,,,,,,,,,,,,,,,,,,,,,,,,,,,,,,,,,,,,,,,,109,4,164588,2242,158,40,2,both,0,20,20,0,[],0,,,,,28,,,,,,,,,,,,,,,,,,,,,,,,,,,,,,,,,,,,,,,,,,,,,,,,,,,,,
483.2541300000157,unswapping,,,,,,,,,,,,,,,,,,,,,,,,,,,,,,,,,,,,,,,,,,,,,,,,,,109,4,164588,2242,158,40,2,both,1,19,19,0,[],0,,,,,28,,,,,,,,,,,,,,,,,,,,,,,,,,,,,,,,,,,,,,,,,,,,,,,,,,,,,
483.59356541599846,unswapping,,,,,,,,,,,,,,,,,,,,,,,,,,,,,,,,,,,,,,,,,,,,,,,,,,109,4,164588,2242,158,40,2,left,0,20,20,0,[],0,,,,,28,,,,,,,,,,,,,,,,,,,,,,,,,,,,,,,,,,,,,,,,,,,,,,,,,,,,,
483.8881924159941,unswapping,,,,,,,,,,,,,,,,,,,,,,,,,,,,,,,,,,,,,,,,,,,,,,,,,,109,4,164588,2242,158,40,2,left,1,19,19,0,[],0,,,,,28,,,,,,,,,,,,,,,,,,,,,,,,,,,,,,,,,,,,,,,,,,,,,,,,,,,,,
484.1961717910017,unswapping,,,,,,,,,,,,,,,,,,,,,,,,,,,,,,,,,,,,,,,,,,,,,,,,,,109,4,164588,2242,158,40,2,right,0,20,20,0,[],0,,,,,28,,,,,,,,,,,,,,,,,,,,,,,,,,,,,,,,,,,,,,,,,,,,,,,,,,,,,
484.46242383297067,unswapping,,,,,,,,,,,,,,,,,,,,,,,,,,,,,,,,,,,,,,,,,,,,,,,,,,109,4,164588,2242,158,40,2,right,1,19,19,0,[],0,,,,,28,,,,,,,,,,,,,,,,,,,,,,,,,,,,,,,,,,,,,,,,,,,,,,,,,,,,,
485.6396294159931,unswap_cycle_summary,,,,,,,,,,,,404,386,790,,,,,,,,,,,,,,,,,,,512,0.0006,,,,,,,,,,,,,,,,109,4,164588,2242,158,40,,,,,,,,,,,,,,,,,,,,,27,10.985272916033864,790,808,18,0,False,True,True,24,0,"[404, 386]","[0, 1, 2, 4, 3, 5, 6, 7, 8, 9, 11, 10, 12, 13, 14, 15, 16, 17, 18, 19, 20, 21, 22, 23, 24, 25, 26, 27, 28, 29, 30, 31, 32, 33, 34, 35, 37, 36, 38, 39]","[0, 1, 2, 4, 5, 3, 6, 7, 8, 10, 11, 9, 13, 14, 12, 15, 16, 18, 19, 17, 20, 21, 22, 24, 26, 23, 25, 28, 27, 29, 30, 32, 34, 31, 33, 35, 37, 36, 38, 39]",,"{'index': 2, 'interactions': [('unitary', (24, 25)), ('unitary', (27, 26))]}","[2, 4, 5, 5, 5, 5, 5, 4, 3, 3, 3, 4, 5, 5, 6, 6, 4, 2, 3, 4, 6, 7, 7, 7, 5, 6, 6, 6, 6, 5, 5, 5, 4, 3, 4, 5, 4, 4, 2]",0dda9035bf7a6e635cc083df57d2e596b6d7b18584de7bcbf3bd6fd38d38a41e,,,,,,,,,,,,,,,,,,,,,,,,,,,,
485.83568108297186,rewiring,right,post_unswap,0.13200679200235754,31,False,False,,,,,,,,,,,,,,,,,,,,,,,,,,,,,,,,,,,,,,,,,,,,,,,,,,,,,,,,,,,,,,,,,,,,,,27,,,,,,,,,,,,,,,,,,50,False,0,4,bond_profile,8,False,1,3033,"(304, 41, 11, 8, 18, 94, 31)",0.002789206919260323,0.1291938759968616,"[{'seed': 2024, 'score': (380, 72, 12, 8, 17, 94, 28), 'num_layers': 28, 'total_swaps': 94, 'max_layer_swaps': 8, 'swap_only_layers': 17, 'work_layers': 11, 'unitary_layers': 11, 'first_work_layer': 2, 'leading_no_work_layers': 2, 'bond_profile_layers_scored': 8, 'bond_profile_total_cost': 380, 'bond_profile_max_cost': 72, 'bond_profile_gate_count': 12}, {'seed': 3033, 'score': (304, 41, 11, 8, 18, 94, 31), 'num_layers': 31, 'total_swaps': 94, 'max_layer_swaps': 8, 'swap_only_layers': 18, 'work_layers': 13, 'unitary_layers': 13, 'first_work_layer': 2, 'leading_no_work_layers': 2, 'bond_profile_layers_scored': 8, 'bond_profile_total_cost': 304, 'bond_profile_max_cost': 41, 'bond_profile_gate_count': 11}, {'seed': 4042, 'score': (380, 72, 12, 8, 16, 94, 28), 'num_layers': 28, 'total_swaps': 94, 'max_layer_swaps': 8, 'swap_only_layers': 16, 'work_layers': 12, 'unitary_layers': 12, 'first_work_layer': 2, 'leading_no_work_layers': 2, 'bond_profile_layers_scored': 8, 'bond_profile_total_cost': 380, 'bond_profile_max_cost': 72, 'bond_profile_gate_count': 12}, {'seed': 5051, 'score': (330, 41, 11, 8, 17, 94, 31), 'num_layers': 31, 'total_swaps': 94, 'max_layer_swaps': 8, 'swap_only_layers': 17, 'work_layers': 14, 'unitary_layers': 14, 'first_work_layer': 2, 'leading_no_work_layers': 2, 'bond_profile_layers_scored': 8, 'bond_profile_total_cost': 330, 'bond_profile_max_cost': 41, 'bond_profile_gate_count': 11}]",0.1320016669924371,0.1321793749812059,,,,,,,,,,,,,
485.8986856249976,cycle_progress,,,,,,,,,,,,404,386,790,,,,,,,,,,,,,,,,,,,512,0.0006,,168744,6,,,,,,,,,,,,,109,4,164588,2242,158,40,,,,,,,,,,,,,,,,,,,,,27,,790,808,18,0,False,,,,,,,,,,,,,,,,,,,,,,,,,,0.1321793749812059,,,,,,,,,,,,,
486.112620541011,absorbing,,,,,,,R,0,1,0,31,404,386,790,8,0,0,0.0,0.14507558301556855,0.14507558301556855,0.14615020802011713,,199592,,109,False,False,False,False,199592,109,False,512,0.0006,,164588,7,total_elems,,199592,1,1,,,,0.0,,,,109,4,199592,2520,158,40,,,,,,,,,,,,,,,,,,,,,,,,,,,,,,,,,,,,,,,,,,,,,,,,,,,,,,,,,,,,,,,,,,
486.4171015829779,absorbing,,,,,,,R,0,2,0,31,404,386,790,8,0,0,0.0,0.23685145797207952,0.23685145797207952,0.23707270802697167,,319648,,172,False,False,False,False,319648,172,False,512,0.0006,,164588,7,total_elems,,319648,1,1,,,,0.0,,,,172,4,319648,3076,158,40,,,,,,,,,,,,,,,,,,,,,,,,,,,,,,,,,,,,,,,,,,,,,,,,,,,,,,,,,,,,,,,,,,
488.60476849996485,unswapping,,,,,,,,,,,,,,,,,,,,,,,,,,,,,,,,,,,,,,,,,,,,,,,,,,172,4,319648,3076,158,40,0,both,0,20,20,0,[],0,,,,,0,,,,,,,,,,,,,,,,,,,,,,,,,,,,,,,,,,,,,,,,,,,,,,,,,,,,,
489.48872933298117,unswapping,,,,,,,,,,,,,,,,,,,,,,,,,,,,,,,,,,,,,,,,,,,,,,,,,,172,4,319648,3076,158,40,0,both,1,19,19,0,[],0,,,,,0,,,,,,,,,,,,,,,,,,,,,,,,,,,,,,,,,,,,,,,,,,,,,,,,,,,,,
490.1835231659934,unswapping,,,,,,,,,,,,,,,,,,,,,,,,,,,,,,,,,,,,,,,,,,,,,,,,,,172,4,319648,3076,158,40,0,left,0,20,20,0,[],0,,,,,0,,,,,,,,,,,,,,,,,,,,,,,,,,,,,,,,,,,,,,,,,,,,,,,,,,,,,
490.63356645801105,unswapping,,,,,,,,,,,,,,,,,,,,,,,,,,,,,,,,,,,,,,,,,,,,,,,,,,172,4,319648,3076,158,40,0,left,1,19,19,0,[],0,,,,,0,,,,,,,,,,,,,,,,,,,,,,,,,,,,,,,,,,,,,,,,,,,,,,,,,,,,,
491.37078945798567,unswapping,,,,,,,,,,,,,,,,,,,,,,,,,,,,,,,,,,,,,,,,,,,,,,,,,,172,4,319648,3076,158,40,0,right,0,20,20,0,[],0,,,,,0,,,,,,,,,,,,,,,,,,,,,,,,,,,,,,,,,,,,,,,,,,,,,,,,,,,,,
491.8132304159808,unswapping,,,,,,,,,,,,,,,,,,,,,,,,,,,,,,,,,,,,,,,,,,,,,,,,,,172,4,319648,3076,158,40,0,right,1,19,19,0,[],0,,,,,0,,,,,,,,,,,,,,,,,,,,,,,,,,,,,,,,,,,,,,,,,,,,,,,,,,,,,
492.22384479100583,unswap_cycle_summary,,,,,,,,,,,,404,386,790,,,,,,,,,,,,,,,,,,,512,0.0006,,,,,,,,,,,,,,,,172,4,319648,3076,158,40,,,,,,,,,,,,,,,,,,,,,28,4.855516417010222,790,808,18,0,False,True,False,,16,"[404, 386]","[0, 1, 2, 3, 4, 5, 6, 7, 8, 9, 10, 11, 12, 13, 14, 15, 16, 17, 18, 19, 20, 21, 22, 23, 24, 25, 26, 27, 28, 29, 30, 31, 32, 33, 34, 35, 36, 37, 38, 39]","[0, 1, 2, 3, 4, 5, 6, 7, 8, 9, 10, 11, 12, 13, 14, 15, 16, 17, 18, 19, 20, 21, 22, 23, 24, 25, 26, 27, 28, 29, 30, 31, 32, 33, 34, 35, 36, 37, 38, 39]",,"{'index': 2, 'interactions': [('unitary', (24, 25)), ('unitary', (27, 26))]}","[2, 4, 5, 6, 5, 5, 5, 4, 3, 4, 4, 4, 5, 6, 6, 6, 4, 4, 4, 4, 6, 7, 7, 8, 7, 7, 6, 6, 6, 5, 5, 6, 5, 5, 4, 5, 6, 4, 2]",a89bc71bf3d7d931fc7d169d5e5479d386aa8737d98d3b797f61d18aa0b9d299,,,,,,,,,,,,,,,,,,,,,,,,,,,,
492.4322169579682,rewiring,right,post_unswap,0.13940983399515972,31,False,False,,,,,,,,,,,,,,,,,,,,,,,,,,,,,,,,,,,,,,,,,,,,,,,,,,,,,,,,,,,,,,,,,,,,,,28,,,,,,,,,,,,,,,,,,50,False,0,4,bond_profile,8,False,1,2024,"(436, 68, 11, 8, 15, 78, 29)",0.00279924989445135,0.13658429100178182,"[{'seed': 2024, 'score': (436, 68, 11, 8, 15, 78, 29), 'num_layers': 29, 'total_swaps': 78, 'max_layer_swaps': 8, 'swap_only_layers': 15, 'work_layers': 14, 'unitary_layers': 14, 'first_work_layer': 0, 'leading_no_work_layers': 0, 'bond_profile_layers_scored': 8, 'bond_profile_total_cost': 436, 'bond_profile_max_cost': 68, 'bond_profile_gate_count': 11}, {'seed': 3033, 'score': (540, 172, 11, 8, 14, 78, 28), 'num_layers': 28, 'total_swaps': 78, 'max_layer_swaps': 8, 'swap_only_layers': 14, 'work_layers': 14, 'unitary_layers': 14, 'first_work_layer': 0, 'leading_no_work_layers': 0, 'bond_profile_layers_scored': 8, 'bond_profile_total_cost': 540, 'bond_profile_max_cost': 172, 'bond_profile_gate_count': 11}, {'seed': 4042, 'score': (552, 172, 12, 8, 16, 78, 29), 'num_layers': 29, 'total_swaps': 78, 'max_layer_swaps': 8, 'swap_only_layers': 16, 'work_layers': 13, 'unitary_layers': 13, 'first_work_layer': 0, 'leading_no_work_layers': 0, 'bond_profile_layers_scored': 8, 'bond_profile_total_cost': 552, 'bond_profile_max_cost': 172, 'bond_profile_gate_count': 12}, {'seed': 5051, 'score': (540, 172, 11, 8, 13, 78, 27), 'num_layers': 27, 'total_swaps': 78, 'max_layer_swaps': 8, 'swap_only_layers': 13, 'work_layers': 14, 'unitary_layers': 14, 'first_work_layer': 0, 'leading_no_work_layers': 0, 'bond_profile_layers_scored': 8, 'bond_profile_total_cost': 540, 'bond_profile_max_cost': 172, 'bond_profile_gate_count': 11}]",0.13940370798809454,0.1395964580005966,,,,,,,,,,,,,
492.50087537500076,cycle_progress,,,,,,,,,,,,404,386,790,,,,,,,,,,,,,,,,,,,512,0.0006,,164588,7,,,,,,,,,,,,,172,4,319648,3076,158,40,,,,,,,,,,,,,,,,,,,,,28,,790,808,18,0,False,,,,,,,,,,,,,,,,,,,,,,,,,,0.1395964580005966,,,,,,,,,,,,,
495.22856266598683,unswapping,,,,,,,,,,,,,,,,,,,,,,,,,,,,,,,,,,,,,,,,,,,,,,,,,,167,4,307984,2982,158,40,0,both,0,20,20,1,"[[36, 37]]",1,,,,,0,,,,,,,,,,,,,,,,,,,,,,,,,,,,,,,,,,,,,,,,,,,,,,,,,,,,,
496.8869151659892,unswapping,,,,,,,,,,,,,,,,,,,,,,,,,,,,,,,,,,,,,,,,,,,,,,,,,,108,4,226708,2618,158,40,0,both,1,19,19,6,"[[3, 4], [9, 10], [23, 24], [25, 26], [31, 32], [33, 34]]",7,,,,,0,,,,,,,,,,,,,,,,,,,,,,,,,,,,,,,,,,,,,,,,,,,,,,,,,,,,,
497.3097473749658,unswapping,,,,,,,,,,,,,,,,,,,,,,,,,,,,,,,,,,,,,,,,,,,,,,,,,,108,4,226708,2618,158,40,0,left,0,20,20,0,[],7,,,,,0,,,,,,,,,,,,,,,,,,,,,,,,,,,,,,,,,,,,,,,,,,,,,,,,,,,,,
498.00302725000074,unswapping,,,,,,,,,,,,,,,,,,,,,,,,,,,,,,,,,,,,,,,,,,,,,,,,,,108,4,194492,2470,158,40,0,left,1,19,19,5,"[[23, 24], [25, 26], [27, 28], [31, 32], [33, 34]]",12,,,,,10,,,,,,,,,,,,,,,,,,,,,,,,,,,,,,,,,,,,,,,,,,,,,,,,,,,,,
498.4572349580121,unswapping,,,,,,,,,,,,,,,,,,,,,,,,,,,,,,,,,,,,,,,,,,,,,,,,,,108,4,171348,2320,158,40,0,right,0,20,20,5,"[[4, 5], [10, 11], [12, 13], [24, 25], [32, 33]]",17,,,,,20,,,,,,,,,,,,,,,,,,,,,,,,,,,,,,,,,,,,,,,,,,,,,,,,,,,,,
498.83643874997506,unswapping,,,,,,,,,,,,,,,,,,,,,,,,,,,,,,,,,,,,,,,,,,,,,,,,,,108,4,162836,2240,158,40,0,right,1,19,19,2,"[[13, 14], [17, 18]]",19,,,,,24,,,,,,,,,,,,,,,,,,,,,,,,,,,,,,,,,,,,,,,,,,,,,,,,,,,,,
499.48386699997354,unswapping,,,,,,,,,,,,,,,,,,,,,,,,,,,,,,,,,,,,,,,,,,,,,,,,,,108,4,162836,2240,158,40,1,both,0,20,20,0,[],0,,,,,24,,,,,,,,,,,,,,,,,,,,,,,,,,,,,,,,,,,,,,,,,,,,,,,,,,,,,
500.2371484999894,unswapping,,,,,,,,,,,,,,,,,,,,,,,,,,,,,,,,,,,,,,,,,,,,,,,,,,108,4,161636,2232,158,40,1,both,1,19,19,1,"[[27, 28]]",1,,,,,24,,,,,,,,,,,,,,,,,,,,,,,,,,,,,,,,,,,,,,,,,,,,,,,,,,,,,
500.5140692080022,unswapping,,,,,,,,,,,,,,,,,,,,,,,,,,,,,,,,,,,,,,,,,,,,,,,,,,108,4,161636,2232,158,40,1,left,0,20,20,0,[],1,,,,,24,,,,,,,,,,,,,,,,,,,,,,,,,,,,,,,,,,,,,,,,,,,,,,,,,,,,,
500.77379729098175,unswapping,,,,,,,,,,,,,,,,,,,,,,,,,,,,,,,,,,,,,,,,,,,,,,,,,,108,4,161636,2232,158,40,1,left,1,19,19,0,[],1,,,,,24,,,,,,,,,,,,,,,,,,,,,,,,,,,,,,,,,,,,,,,,,,,,,,,,,,,,,
501.11670491599943,unswapping,,,,,,,,,,,,,,,,,,,,,,,,,,,,,,,,,,,,,,,,,,,,,,,,,,108,4,161380,2224,158,40,1,right,0,20,20,1,"[[18, 19]]",2,,,,,26,,,,,,,,,,,,,,,,,,,,,,,,,,,,,,,,,,,,,,,,,,,,,,,,,,,,,
501.3851453330135,unswapping,,,,,,,,,,,,,,,,,,,,,,,,,,,,,,,,,,,,,,,,,,,,,,,,,,108,4,161380,2224,158,40,1,right,1,19,19,0,[],2,,,,,26,,,,,,,,,,,,,,,,,,,,,,,,,,,,,,,,,,,,,,,,,,,,,,,,,,,,,
501.9860821659677,unswapping,,,,,,,,,,,,,,,,,,,,,,,,,,,,,,,,,,,,,,,,,,,,,,,,,,108,4,161380,2224,158,40,2,both,0,20,20,0,[],0,,,,,26,,,,,,,,,,,,,,,,,,,,,,,,,,,,,,,,,,,,,,,,,,,,,,,,,,,,,
502.5484569579712,unswapping,,,,,,,,,,,,,,,,,,,,,,,,,,,,,,,,,,,,,,,,,,,,,,,,,,108,4,161380,2224,158,40,2,both,1,19,19,0,[],0,,,,,26,,,,,,,,,,,,,,,,,,,,,,,,,,,,,,,,,,,,,,,,,,,,,,,,,,,,,
502.8170232080156,unswapping,,,,,,,,,,,,,,,,,,,,,,,,,,,,,,,,,,,,,,,,,,,,,,,,,,108,4,161380,2224,158,40,2,left,0,20,20,0,[],0,,,,,26,,,,,,,,,,,,,,,,,,,,,,,,,,,,,,,,,,,,,,,,,,,,,,,,,,,,,
503.08203116600635,unswapping,,,,,,,,,,,,,,,,,,,,,,,,,,,,,,,,,,,,,,,,,,,,,,,,,,108,4,161380,2224,158,40,2,left,1,19,19,0,[],0,,,,,26,,,,,,,,,,,,,,,,,,,,,,,,,,,,,,,,,,,,,,,,,,,,,,,,,,,,,
503.3533420409658,unswapping,,,,,,,,,,,,,,,,,,,,,,,,,,,,,,,,,,,,,,,,,,,,,,,,,,108,4,161380,2224,158,40,2,right,0,20,20,0,[],0,,,,,26,,,,,,,,,,,,,,,,,,,,,,,,,,,,,,,,,,,,,,,,,,,,,,,,,,,,,
503.60776762501337,unswapping,,,,,,,,,,,,,,,,,,,,,,,,,,,,,,,,,,,,,,,,,,,,,,,,,,108,4,161380,2224,158,40,2,right,1,19,19,0,[],0,,,,,26,,,,,,,,,,,,,,,,,,,,,,,,,,,,,,,,,,,,,,,,,,,,,,,,,,,,,
504.78676462499425,unswap_cycle_summary,,,,,,,,,,,,404,386,790,,,,,,,,,,,,,,,,,,,512,0.0006,,,,,,,,,,,,,,,,108,4,161380,2224,158,40,,,,,,,,,,,,,,,,,,,,,29,10.5215973330196,790,808,18,0,False,True,False,,0,"[404, 386]","[0, 1, 2, 4, 3, 5, 6, 7, 8, 10, 9, 11, 12, 13, 14, 15, 16, 17, 18, 19, 20, 21, 22, 23, 24, 25, 26, 27, 28, 29, 30, 31, 32, 33, 34, 35, 37, 36, 38, 39]","[0, 1, 2, 4, 5, 3, 6, 7, 8, 10, 11, 9, 13, 14, 12, 15, 16, 18, 19, 17, 20, 21, 22, 24, 26, 23, 25, 28, 27, 29, 30, 32, 34, 31, 33, 35, 37, 36, 38, 39]",,"{'index': 0, 'interactions': [('unitary', (24, 25)), ('unitary', (27, 26))]}","[2, 4, 5, 5, 5, 5, 5, 4, 3, 3, 3, 4, 5, 5, 6, 6, 4, 2, 3, 4, 6, 7, 7, 7, 5, 6, 6, 6, 6, 5, 5, 5, 4, 3, 4, 5, 4, 4, 2]",fad0c0bc0ef446b55c284854e7ff80739d1322d13356c52b851e62efb0aa3d4b,,,,,,,,,,,,,,,,,,,,,,,,,,,,
504.9860301659792,rewiring,right,post_unswap,0.13346333301160485,31,False,False,,,,,,,,,,,,,,,,,,,,,,,,,,,,,,,,,,,,,,,,,,,,,,,,,,,,,,,,,,,,,,,,,,,,,,29,,,,,,,,,,,,,,,,,,50,False,0,4,bond_profile,8,False,1,3033,"(302, 41, 11, 8, 18, 94, 31)",0.002681126003153622,0.13076137495227158,"[{'seed': 2024, 'score': (377, 71, 12, 8, 17, 94, 28), 'num_layers': 28, 'total_swaps': 94, 'max_layer_swaps': 8, 'swap_only_layers': 17, 'work_layers': 11, 'unitary_layers': 11, 'first_work_layer': 2, 'leading_no_work_layers': 2, 'bond_profile_layers_scored': 8, 'bond_profile_total_cost': 377, 'bond_profile_max_cost': 71, 'bond_profile_gate_count': 12}, {'seed': 3033, 'score': (302, 41, 11, 8, 18, 94, 31), 'num_layers': 31, 'total_swaps': 94, 'max_layer_swaps': 8, 'swap_only_layers': 18, 'work_layers': 13, 'unitary_layers': 13, 'first_work_layer': 2, 'leading_no_work_layers': 2, 'bond_profile_layers_scored': 8, 'bond_profile_total_cost': 302, 'bond_profile_max_cost': 41, 'bond_profile_gate_count': 11}, {'seed': 4042, 'score': (377, 71, 12, 8, 16, 94, 28), 'num_layers': 28, 'total_swaps': 94, 'max_layer_swaps': 8, 'swap_only_layers': 16, 'work_layers': 12, 'unitary_layers': 12, 'first_work_layer': 2, 'leading_no_work_layers': 2, 'bond_profile_layers_scored': 8, 'bond_profile_total_cost': 377, 'bond_profile_max_cost': 71, 'bond_profile_gate_count': 12}, {'seed': 5051, 'score': (328, 41, 11, 8, 17, 94, 31), 'num_layers': 31, 'total_swaps': 94, 'max_layer_swaps': 8, 'swap_only_layers': 17, 'work_layers': 14, 'unitary_layers': 14, 'first_work_layer': 2, 'leading_no_work_layers': 2, 'bond_profile_layers_scored': 8, 'bond_profile_total_cost': 328, 'bond_profile_max_cost': 41, 'bond_profile_gate_count': 11}]",0.13345879199914634,0.13362687500193715,,,,,,,,,,,,,
505.0503804999753,cycle_progress,,,,,,,,,,,,404,386,790,,,,,,,,,,,,,,,,,,,512,0.0006,,319648,8,,,,,,,,,,,,,108,4,161380,2224,158,40,,,,,,,,,,,,,,,,,,,,,29,,790,808,18,0,False,,,,,,,,,,,,,,,,,,,,,,,,,,0.13362687500193715,,,,,,,,,,,,,
505.2487228329992,absorbing,,,,,,,R,0,1,0,31,404,386,790,8,0,0,0.0,0.12873970897635445,0.12873970897635445,0.13100870797643438,,194868,,108,False,False,False,False,194868,108,False,512,0.0006,,161380,9,total_elems,,194868,1,1,,,,0.0,,,,108,4,194868,2492,158,40,,,,,,,,,,,,,,,,,,,,,,,,,,,,,,,,,,,,,,,,,,,,,,,,,,,,,,,,,,,,,,,,,,
505.51257091597654,absorbing,,,,,,,R,0,2,0,31,404,386,790,8,0,0,0.0,0.1957463329890743,0.1957463329890743,0.1959500419907272,,315232,,168,False,False,False,False,315232,168,False,512,0.0006,,161380,9,total_elems,,315232,1,1,,,,0.0,,,,168,4,315232,3078,158,40,,,,,,,,,,,,,,,,,,,,,,,,,,,,,,,,,,,,,,,,,,,,,,,,,,,,,,,,,,,,,,,,,,
507.9383835410117,unswapping,,,,,,,,,,,,,,,,,,,,,,,,,,,,,,,,,,,,,,,,,,,,,,,,,,165,4,306420,2998,158,40,0,both,0,20,20,1,"[[36, 37]]",1,,,,,0,,,,,,,,,,,,,,,,,,,,,,,,,,,,,,,,,,,,,,,,,,,,,,,,,,,,,
509.51910041598603,unswapping,,,,,,,,,,,,,,,,,,,,,,,,,,,,,,,,,,,,,,,,,,,,,,,,,,107,4,222916,2600,158,40,0,both,1,19,19,6,"[[3, 4], [9, 10], [23, 24], [25, 26], [31, 32], [33, 34]]",7,,,,,0,,,,,,,,,,,,,,,,,,,,,,,,,,,,,,,,,,,,,,,,,,,,,,,,,,,,,
510.0569052500068,unswapping,,,,,,,,,,,,,,,,,,,,,,,,,,,,,,,,,,,,,,,,,,,,,,,,,,107,4,219380,2582,158,40,0,left,0,20,20,1,"[[10, 11]]",8,,,,,2,,,,,,,,,,,,,,,,,,,,,,,,,,,,,,,,,,,,,,,,,,,,,,,,,,,,,
510.6663562079775,unswapping,,,,,,,,,,,,,,,,,,,,,,,,,,,,,,,,,,,,,,,,,,,,,,,,,,107,4,191256,2448,158,40,0,left,1,19,19,5,"[[23, 24], [25, 26], [27, 28], [31, 32], [33, 34]]",13,,,,,12,,,,,,,,,,,,,,,,,,,,,,,,,,,,,,,,,,,,,,,,,,,,,,,,,,,,,
511.1768511249684,unswapping,,,,,,,,,,,,,,,,,,,,,,,,,,,,,,,,,,,,,,,,,,,,,,,,,,107,4,169864,2312,158,40,0,right,0,20,20,5,"[[4, 5], [10, 11], [12, 13], [24, 25], [32, 33]]",18,,,,,18,,,,,,,,,,,,,,,,,,,,,,,,,,,,,,,,,,,,,,,,,,,,,,,,,,,,,
511.5800423749606,unswapping,,,,,,,,,,,,,,,,,,,,,,,,,,,,,,,,,,,,,,,,,,,,,,,,,,107,4,161352,2232,158,40,0,right,1,19,19,2,"[[13, 14], [17, 18]]",20,,,,,22,,,,,,,,,,,,,,,,,,,,,,,,,,,,,,,,,,,,,,,,,,,,,,,,,,,,,
512.1597837079898,unswapping,,,,,,,,,,,,,,,,,,,,,,,,,,,,,,,,,,,,,,,,,,,,,,,,,,107,4,161352,2232,158,40,1,both,0,20,20,0,[],0,,,,,22,,,,,,,,,,,,,,,,,,,,,,,,,,,,,,,,,,,,,,,,,,,,,,,,,,,,,
512.9192663329886,unswapping,,,,,,,,,,,,,,,,,,,,,,,,,,,,,,,,,,,,,,,,,,,,,,,,,,107,4,160452,2226,158,40,1,both,1,19,19,1,"[[27, 28]]",1,,,,,22,,,,,,,,,,,,,,,,,,,,,,,,,,,,,,,,,,,,,,,,,,,,,,,,,,,,,
513.2555139579927,unswapping,,,,,,,,,,,,,,,,,,,,,,,,,,,,,,,,,,,,,,,,,,,,,,,,,,107,4,160452,2226,158,40,1,left,0,20,20,0,[],1,,,,,22,,,,,,,,,,,,,,,,,,,,,,,,,,,,,,,,,,,,,,,,,,,,,,,,,,,,,
513.5163337499835,unswapping,,,,,,,,,,,,,,,,,,,,,,,,,,,,,,,,,,,,,,,,,,,,,,,,,,107,4,160452,2226,158,40,1,left,1,19,19,0,[],1,,,,,22,,,,,,,,,,,,,,,,,,,,,,,,,,,,,,,,,,,,,,,,,,,,,,,,,,,,,
513.8880888749845,unswapping,,,,,,,,,,,,,,,,,,,,,,,,,,,,,,,,,,,,,,,,,,,,,,,,,,107,4,160196,2218,158,40,1,right,0,20,20,1,"[[18, 19]]",2,,,,,24,,,,,,,,,,,,,,,,,,,,,,,,,,,,,,,,,,,,,,,,,,,,,,,,,,,,,
514.1821589999599,unswapping,,,,,,,,,,,,,,,,,,,,,,,,,,,,,,,,,,,,,,,,,,,,,,,,,,107,4,160196,2218,158,40,1,right,1,19,19,0,[],2,,,,,24,,,,,,,,,,,,,,,,,,,,,,,,,,,,,,,,,,,,,,,,,,,,,,,,,,,,,
514.8586444159737,unswapping,,,,,,,,,,,,,,,,,,,,,,,,,,,,,,,,,,,,,,,,,,,,,,,,,,107,4,160196,2218,158,40,2,both,0,20,20,0,[],0,,,,,24,,,,,,,,,,,,,,,,,,,,,,,,,,,,,,,,,,,,,,,,,,,,,,,,,,,,,
515.4040332500008,unswapping,,,,,,,,,,,,,,,,,,,,,,,,,,,,,,,,,,,,,,,,,,,,,,,,,,107,4,160196,2218,158,40,2,both,1,19,19,0,[],0,,,,,24,,,,,,,,,,,,,,,,,,,,,,,,,,,,,,,,,,,,,,,,,,,,,,,,,,,,,
515.6833253329969,unswapping,,,,,,,,,,,,,,,,,,,,,,,,,,,,,,,,,,,,,,,,,,,,,,,,,,107,4,160196,2218,158,40,2,left,0,20,20,0,[],0,,,,,24,,,,,,,,,,,,,,,,,,,,,,,,,,,,,,,,,,,,,,,,,,,,,,,,,,,,,
515.9547341659782,unswapping,,,,,,,,,,,,,,,,,,,,,,,,,,,,,,,,,,,,,,,,,,,,,,,,,,107,4,160196,2218,158,40,2,left,1,19,19,0,[],0,,,,,24,,,,,,,,,,,,,,,,,,,,,,,,,,,,,,,,,,,,,,,,,,,,,,,,,,,,,
516.2186768329702,unswapping,,,,,,,,,,,,,,,,,,,,,,,,,,,,,,,,,,,,,,,,,,,,,,,,,,107,4,160196,2218,158,40,2,right,0,20,20,0,[],0,,,,,24,,,,,,,,,,,,,,,,,,,,,,,,,,,,,,,,,,,,,,,,,,,,,,,,,,,,,
516.5209504159866,unswapping,,,,,,,,,,,,,,,,,,,,,,,,,,,,,,,,,,,,,,,,,,,,,,,,,,107,4,160196,2218,158,40,2,right,1,19,19,0,[],0,,,,,24,,,,,,,,,,,,,,,,,,,,,,,,,,,,,,,,,,,,,,,,,,,,,,,,,,,,,
517.789448208001,unswap_cycle_summary,,,,,,,,,,,,404,386,790,,,,,,,,,,,,,,,,,,,512,0.0006,,,,,,,,,,,,,,,,107,4,160196,2218,158,40,,,,,,,,,,,,,,,,,,,,,30,10.505232208990492,790,808,18,0,False,True,True,26,0,"[404, 386]","[0, 1, 2, 4, 3, 5, 6, 7, 8, 10, 11, 9, 12, 13, 14, 15, 16, 17, 18, 19, 20, 21, 22, 23, 24, 25, 26, 27, 28, 29, 30, 31, 32, 33, 34, 35, 37, 36, 38, 39]","[0, 1, 2, 4, 5, 3, 6, 7, 8, 10, 11, 9, 13, 14, 12, 15, 16, 18, 19, 17, 20, 21, 22, 24, 26, 23, 25, 28, 27, 29, 30, 32, 34, 31, 33, 35, 37, 36, 38, 39]",,"{'index': 2, 'interactions': [('unitary', (24, 25)), ('unitary', (27, 26))]}","[2, 4, 5, 5, 5, 5, 5, 4, 3, 3, 3, 4, 5, 5, 6, 6, 4, 2, 3, 4, 6, 7, 7, 7, 5, 6, 6, 6, 6, 5, 5, 5, 4, 3, 4, 5, 4, 4, 2]",b5c8c9a62cead5e8e31134baaf228b40f6cb3912bb77ad64e9600049abd97ec5,,,,,,,,,,,,,,,,,,,,,,,,,,,,
518.0325983749935,rewiring,right,post_unswap,0.16994720802176744,31,False,False,,,,,,,,,,,,,,,,,,,,,,,,,,,,,,,,,,,,,,,,,,,,,,,,,,,,,,,,,,,,,,,,,,,,,,30,,,,,,,,,,,,,,,,,,50,False,0,4,bond_profile,8,False,1,3033,"(301, 41, 11, 8, 18, 94, 31)",0.003090667014475912,0.16682462499011308,"[{'seed': 2024, 'score': (376, 71, 12, 8, 17, 94, 28), 'num_layers': 28, 'total_swaps': 94, 'max_layer_swaps': 8, 'swap_only_layers': 17, 'work_layers': 11, 'unitary_layers': 11, 'first_work_layer': 2, 'leading_no_work_layers': 2, 'bond_profile_layers_scored': 8, 'bond_profile_total_cost': 376, 'bond_profile_max_cost': 71, 'bond_profile_gate_count': 12}, {'seed': 3033, 'score': (301, 41, 11, 8, 18, 94, 31), 'num_layers': 31, 'total_swaps': 94, 'max_layer_swaps': 8, 'swap_only_layers': 18, 'work_layers': 13, 'unitary_layers': 13, 'first_work_layer': 2, 'leading_no_work_layers': 2, 'bond_profile_layers_scored': 8, 'bond_profile_total_cost': 301, 'bond_profile_max_cost': 41, 'bond_profile_gate_count': 11}, {'seed': 4042, 'score': (376, 71, 12, 8, 16, 94, 28), 'num_layers': 28, 'total_swaps': 94, 'max_layer_swaps': 8, 'swap_only_layers': 16, 'work_layers': 12, 'unitary_layers': 12, 'first_work_layer': 2, 'leading_no_work_layers': 2, 'bond_profile_layers_scored': 8, 'bond_profile_total_cost': 376, 'bond_profile_max_cost': 71, 'bond_profile_gate_count': 12}, {'seed': 5051, 'score': (327, 41, 11, 8, 17, 94, 31), 'num_layers': 31, 'total_swaps': 94, 'max_layer_swaps': 8, 'swap_only_layers': 17, 'work_layers': 14, 'unitary_layers': 14, 'first_work_layer': 2, 'leading_no_work_layers': 2, 'bond_profile_layers_scored': 8, 'bond_profile_total_cost': 327, 'bond_profile_max_cost': 41, 'bond_profile_gate_count': 11}]",0.16993924998678267,0.17020679102279246,,,,,,,,,,,,,
518.1025913750054,cycle_progress,,,,,,,,,,,,404,386,790,,,,,,,,,,,,,,,,,,,512,0.0006,,161380,9,,,,,,,,,,,,,107,4,160196,2218,158,40,,,,,,,,,,,,,,,,,,,,,30,,790,808,18,0,False,,,,,,,,,,,,,,,,,,,,,,,,,,0.17020679102279246,,,,,,,,,,,,,
518.3308144999901,absorbing,,,,,,,R,0,1,0,31,404,386,790,8,0,0,0.0,0.15541179198771715,0.15541179198771715,0.15776262502186,,193668,,107,False,False,False,False,193668,107,False,512,0.0006,,160196,10,total_elems,,193668,1,1,,,,0.0,,,,107,4,193668,2482,158,40,,,,,,,,,,,,,,,,,,,,,,,,,,,,,,,,,,,,,,,,,,,,,,,,,,,,,,,,,,,,,,,,,,
518.6879128749715,absorbing,,,,,,,R,0,2,0,31,404,386,790,8,0,0,0.0,0.28746816696366295,0.28746816696366295,0.28766737499972805,,303916,,164,False,False,False,False,303916,164,False,512,0.0006,,160196,10,total_elems,,303916,1,1,,,,0.0,,,,164,4,303916,3012,158,40,,,,,,,,,,,,,,,,,,,,,,,,,,,,,,,,,,,,,,,,,,,,,,,,,,,,,,,,,,,,,,,,,,
520.903975291003,unswapping,,,,,,,,,,,,,,,,,,,,,,,,,,,,,,,,,,,,,,,,,,,,,,,,,,164,4,303916,3012,158,40,0,both,0,20,20,0,[],0,,,,,0,,,,,,,,,,,,,,,,,,,,,,,,,,,,,,,,,,,,,,,,,,,,,,,,,,,,,
521.8075371250161,unswapping,,,,,,,,,,,,,,,,,,,,,,,,,,,,,,,,,,,,,,,,,,,,,,,,,,164,4,303916,3012,158,40,0,both,1,19,19,0,[],0,,,,,0,,,,,,,,,,,,,,,,,,,,,,,,,,,,,,,,,,,,,,,,,,,,,,,,,,,,,
522.4797682079952,unswapping,,,,,,,,,,,,,,,,,,,,,,,,,,,,,,,,,,,,,,,,,,,,,,,,,,164,4,303916,3012,158,40,0,left,0,20,20,0,[],0,,,,,0,,,,,,,,,,,,,,,,,,,,,,,,,,,,,,,,,,,,,,,,,,,,,,,,,,,,,
522.9240457079723,unswapping,,,,,,,,,,,,,,,,,,,,,,,,,,,,,,,,,,,,,,,,,,,,,,,,,,164,4,303916,3012,158,40,0,left,1,19,19,0,[],0,,,,,0,,,,,,,,,,,,,,,,,,,,,,,,,,,,,,,,,,,,,,,,,,,,,,,,,,,,,
523.5798744159983,unswapping,,,,,,,,,,,,,,,,,,,,,,,,,,,,,,,,,,,,,,,,,,,,,,,,,,164,4,303916,3012,158,40,0,right,0,20,20,0,[],0,,,,,0,,,,,,,,,,,,,,,,,,,,,,,,,,,,,,,,,,,,,,,,,,,,,,,,,,,,,
523.9877724999678,unswapping,,,,,,,,,,,,,,,,,,,,,,,,,,,,,,,,,,,,,,,,,,,,,,,,,,164,4,303916,3012,158,40,0,right,1,19,19,0,[],0,,,,,0,,,,,,,,,,,,,,,,,,,,,,,,,,,,,,,,,,,,,,,,,,,,,,,,,,,,,
524.4116498329677,unswap_cycle_summary,,,,,,,,,,,,404,386,790,,,,,,,,,,,,,,,,,,,512,0.0006,,,,,,,,,,,,,,,,164,4,303916,3012,158,40,,,,,,,,,,,,,,,,,,,,,31,4.713232915964909,790,808,18,0,False,True,True,28,16,"[404, 386]","[0, 1, 2, 3, 4, 5, 6, 7, 8, 9, 10, 11, 12, 13, 14, 15, 16, 17, 18, 19, 20, 21, 22, 23, 24, 25, 26, 27, 28, 29, 30, 31, 32, 33, 34, 35, 36, 37, 38, 39]","[0, 1, 2, 3, 4, 5, 6, 7, 8, 9, 10, 11, 12, 13, 14, 15, 16, 17, 18, 19, 20, 21, 22, 23, 24, 25, 26, 27, 28, 29, 30, 31, 32, 33, 34, 35, 36, 37, 38, 39]",,"{'index': 2, 'interactions': [('unitary', (24, 25)), ('unitary', (27, 26))]}","[2, 4, 5, 6, 5, 5, 5, 4, 3, 4, 4, 4, 5, 6, 6, 6, 4, 4, 4, 4, 6, 7, 7, 8, 7, 7, 6, 6, 6, 5, 5, 6, 5, 5, 4, 5, 6, 4, 2]",a89bc71bf3d7d931fc7d169d5e5479d386aa8737d98d3b797f61d18aa0b9d299,,,,,,,,,,,,,,,,,,,,,,,,,,,,
524.5433525830158,rewiring,right,post_unswap,0.06295766698895022,31,False,False,,,,,,,,,,,,,,,,,,,,,,,,,,,,,,,,,,,,,,,,,,,,,,,,,,,,,,,,,,,,,,,,,,,,,,31,,,,,,,,,,,,,,,,,,50,False,0,4,bond_profile,8,False,1,2024,"(431, 67, 11, 8, 15, 78, 29)",0.0030237900209613144,0.05990449996897951,"[{'seed': 2024, 'score': (431, 67, 11, 8, 15, 78, 29), 'num_layers': 29, 'total_swaps': 78, 'max_layer_swaps': 8, 'swap_only_layers': 15, 'work_layers': 14, 'unitary_layers': 14, 'first_work_layer': 0, 'leading_no_work_layers': 0, 'bond_profile_layers_scored': 8, 'bond_profile_total_cost': 431, 'bond_profile_max_cost': 67, 'bond_profile_gate_count': 11}, {'seed': 3033, 'score': (528, 164, 11, 8, 14, 78, 28), 'num_layers': 28, 'total_swaps': 78, 'max_layer_swaps': 8, 'swap_only_layers': 14, 'work_layers': 14, 'unitary_layers': 14, 'first_work_layer': 0, 'leading_no_work_layers': 0, 'bond_profile_layers_scored': 8, 'bond_profile_total_cost': 528, 'bond_profile_max_cost': 164, 'bond_profile_gate_count': 11}, {'seed': 4042, 'score': (540, 164, 12, 8, 16, 78, 29), 'num_layers': 29, 'total_swaps': 78, 'max_layer_swaps': 8, 'swap_only_layers': 16, 'work_layers': 13, 'unitary_layers': 13, 'first_work_layer': 0, 'leading_no_work_layers': 0, 'bond_profile_layers_scored': 8, 'bond_profile_total_cost': 540, 'bond_profile_max_cost': 164, 'bond_profile_gate_count': 12}, {'seed': 5051, 'score': (528, 164, 11, 8, 13, 78, 27), 'num_layers': 27, 'total_swaps': 78, 'max_layer_swaps': 8, 'swap_only_layers': 13, 'work_layers': 14, 'unitary_layers': 14, 'first_work_layer': 0, 'leading_no_work_layers': 0, 'bond_profile_layers_scored': 8, 'bond_profile_total_cost': 528, 'bond_profile_max_cost': 164, 'bond_profile_gate_count': 11}]",0.06295125000178814,0.06319808401167393,,,,,,,,,,,,,
524.6148692080169,cycle_progress,,,,,,,,,,,,404,386,790,,,,,,,,,,,,,,,,,,,512,0.0006,,160196,10,,,,,,,,,,,,,164,4,303916,3012,158,40,,,,,,,,,,,,,,,,,,,,,31,,790,808,18,0,False,,,,,,,,,,,,,,,,,,,,,,,,,,0.06319808401167393,,,,,,,,,,,,,
527.2527522909804,unswapping,,,,,,,,,,,,,,,,,,,,,,,,,,,,,,,,,,,,,,,,,,,,,,,,,,160,4,293256,2924,158,40,0,both,0,20,20,1,"[[36, 37]]",1,,,,,0,,,,,,,,,,,,,,,,,,,,,,,,,,,,,,,,,,,,,,,,,,,,,,,,,,,,,
528.9112065829686,unswapping,,,,,,,,,,,,,,,,,,,,,,,,,,,,,,,,,,,,,,,,,,,,,,,,,,106,4,216484,2582,158,40,0,both,1,19,19,5,"[[3, 4], [23, 24], [25, 26], [31, 32], [33, 34]]",6,,,,,0,,,,,,,,,,,,,,,,,,,,,,,,,,,,,,,,,,,,,,,,,,,,,,,,,,,,,
529.3524028749671,unswapping,,,,,,,,,,,,,,,,,,,,,,,,,,,,,,,,,,,,,,,,,,,,,,,,,,106,4,216484,2582,158,40,0,left,0,20,20,0,[],6,,,,,0,,,,,,,,,,,,,,,,,,,,,,,,,,,,,,,,,,,,,,,,,,,,,,,,,,,,,
530.1220797079732,unswapping,,,,,,,,,,,,,,,,,,,,,,,,,,,,,,,,,,,,,,,,,,,,,,,,,,106,4,188748,2446,158,40,0,left,1,19,19,5,"[[23, 24], [25, 26], [27, 28], [31, 32], [33, 34]]",11,,,,,10,,,,,,,,,,,,,,,,,,,,,,,,,,,,,,,,,,,,,,,,,,,,,,,,,,,,,
530.5770277910051,unswapping,,,,,,,,,,,,,,,,,,,,,,,,,,,,,,,,,,,,,,,,,,,,,,,,,,106,4,168796,2324,158,40,0,right,0,20,20,4,"[[4, 5], [12, 13], [24, 25], [32, 33]]",15,,,,,18,,,,,,,,,,,,,,,,,,,,,,,,,,,,,,,,,,,,,,,,,,,,,,,,,,,,,
530.9658705829643,unswapping,,,,,,,,,,,,,,,,,,,,,,,,,,,,,,,,,,,,,,,,,,,,,,,,,,106,4,159644,2228,158,40,0,right,1,19,19,3,"[[9, 10], [13, 14], [17, 18]]",18,,,,,24,,,,,,,,,,,,,,,,,,,,,,,,,,,,,,,,,,,,,,,,,,,,,,,,,,,,,
531.7891461660038,unswapping,,,,,,,,,,,,,,,,,,,,,,,,,,,,,,,,,,,,,,,,,,,,,,,,,,106,4,159324,2220,158,40,1,both,0,20,20,1,"[[10, 11]]",1,,,,,26,,,,,,,,,,,,,,,,,,,,,,,,,,,,,,,,,,,,,,,,,,,,,,,,,,,,,
532.5738184999791,unswapping,,,,,,,,,,,,,,,,,,,,,,,,,,,,,,,,,,,,,,,,,,,,,,,,,,106,4,158472,2214,158,40,1,both,1,19,19,1,"[[27, 28]]",2,,,,,26,,,,,,,,,,,,,,,,,,,,,,,,,,,,,,,,,,,,,,,,,,,,,,,,,,,,,
532.8334017909947,unswapping,,,,,,,,,,,,,,,,,,,,,,,,,,,,,,,,,,,,,,,,,,,,,,,,,,106,4,158472,2214,158,40,1,left,0,20,20,0,[],2,,,,,26,,,,,,,,,,,,,,,,,,,,,,,,,,,,,,,,,,,,,,,,,,,,,,,,,,,,,
533.0995970829972,unswapping,,,,,,,,,,,,,,,,,,,,,,,,,,,,,,,,,,,,,,,,,,,,,,,,,,106,4,158472,2214,158,40,1,left,1,19,19,0,[],2,,,,,26,,,,,,,,,,,,,,,,,,,,,,,,,,,,,,,,,,,,,,,,,,,,,,,,,,,,,
533.4714847499854,unswapping,,,,,,,,,,,,,,,,,,,,,,,,,,,,,,,,,,,,,,,,,,,,,,,,,,106,4,158216,2206,158,40,1,right,0,20,20,1,"[[18, 19]]",3,,,,,28,,,,,,,,,,,,,,,,,,,,,,,,,,,,,,,,,,,,,,,,,,,,,,,,,,,,,
533.7390232500038,unswapping,,,,,,,,,,,,,,,,,,,,,,,,,,,,,,,,,,,,,,,,,,,,,,,,,,106,4,158216,2206,158,40,1,right,1,19,19,0,[],3,,,,,28,,,,,,,,,,,,,,,,,,,,,,,,,,,,,,,,,,,,,,,,,,,,,,,,,,,,,
534.3677074160078,unswapping,,,,,,,,,,,,,,,,,,,,,,,,,,,,,,,,,,,,,,,,,,,,,,,,,,106,4,158216,2206,158,40,2,both,0,20,20,0,[],0,,,,,28,,,,,,,,,,,,,,,,,,,,,,,,,,,,,,,,,,,,,,,,,,,,,,,,,,,,,
534.9754076660029,unswapping,,,,,,,,,,,,,,,,,,,,,,,,,,,,,,,,,,,,,,,,,,,,,,,,,,106,4,158216,2206,158,40,2,both,1,19,19,0,[],0,,,,,28,,,,,,,,,,,,,,,,,,,,,,,,,,,,,,,,,,,,,,,,,,,,,,,,,,,,,
535.2560070409672,unswapping,,,,,,,,,,,,,,,,,,,,,,,,,,,,,,,,,,,,,,,,,,,,,,,,,,106,4,158216,2206,158,40,2,left,0,20,20,0,[],0,,,,,28,,,,,,,,,,,,,,,,,,,,,,,,,,,,,,,,,,,,,,,,,,,,,,,,,,,,,
535.5182637500111,unswapping,,,,,,,,,,,,,,,,,,,,,,,,,,,,,,,,,,,,,,,,,,,,,,,,,,106,4,158216,2206,158,40,2,left,1,19,19,0,[],0,,,,,28,,,,,,,,,,,,,,,,,,,,,,,,,,,,,,,,,,,,,,,,,,,,,,,,,,,,,
535.8179881249671,unswapping,,,,,,,,,,,,,,,,,,,,,,,,,,,,,,,,,,,,,,,,,,,,,,,,,,106,4,158216,2206,158,40,2,right,0,20,20,0,[],0,,,,,28,,,,,,,,,,,,,,,,,,,,,,,,,,,,,,,,,,,,,,,,,,,,,,,,,,,,,
536.094217957987,unswapping,,,,,,,,,,,,,,,,,,,,,,,,,,,,,,,,,,,,,,,,,,,,,,,,,,106,4,158216,2206,158,40,2,right,1,19,19,0,[],0,,,,,28,,,,,,,,,,,,,,,,,,,,,,,,,,,,,,,,,,,,,,,,,,,,,,,,,,,,,
537.3827554580057,unswap_cycle_summary,,,,,,,,,,,,404,386,790,,,,,,,,,,,,,,,,,,,512,0.0006,,,,,,,,,,,,,,,,106,4,158216,2206,158,40,,,,,,,,,,,,,,,,,,,,,32,10.908632542006671,790,808,18,0,False,True,False,,0,"[404, 386]","[0, 1, 2, 4, 3, 5, 6, 7, 8, 9, 11, 10, 12, 13, 14, 15, 16, 17, 18, 19, 20, 21, 22, 23, 24, 25, 26, 27, 28, 29, 30, 31, 32, 33, 34, 35, 37, 36, 38, 39]","[0, 1, 2, 4, 5, 3, 6, 7, 8, 10, 11, 9, 13, 14, 12, 15, 16, 18, 19, 17, 20, 21, 22, 24, 26, 23, 25, 28, 27, 29, 30, 32, 34, 31, 33, 35, 37, 36, 38, 39]",,"{'index': 0, 'interactions': [('unitary', (24, 25)), ('unitary', (27, 26))]}","[2, 4, 5, 5, 5, 5, 5, 4, 3, 3, 3, 4, 5, 5, 6, 6, 4, 2, 3, 4, 6, 7, 7, 7, 5, 6, 6, 6, 6, 5, 5, 5, 4, 3, 4, 5, 4, 4, 2]",39682d8008958b909b44ac093003a4ca8736ecff5116ee1760079efa5041eeef,,,,,,,,,,,,,,,,,,,,,,,,,,,,
537.5917139999801,rewiring,right,post_unswap,0.13807041698601097,31,False,False,,,,,,,,,,,,,,,,,,,,,,,,,,,,,,,,,,,,,,,,,,,,,,,,,,,,,,,,,,,,,,,,,,,,,,32,,,,,,,,,,,,,,,,,,50,False,0,4,bond_profile,8,False,1,3033,"(300, 41, 11, 8, 18, 94, 31)",0.0028074580477550626,0.13523908302886412,"[{'seed': 2024, 'score': (375, 71, 12, 8, 17, 94, 28), 'num_layers': 28, 'total_swaps': 94, 'max_layer_swaps': 8, 'swap_only_layers': 17, 'work_layers': 11, 'unitary_layers': 11, 'first_work_layer': 2, 'leading_no_work_layers': 2, 'bond_profile_layers_scored': 8, 'bond_profile_total_cost': 375, 'bond_profile_max_cost': 71, 'bond_profile_gate_count': 12}, {'seed': 3033, 'score': (300, 41, 11, 8, 18, 94, 31), 'num_layers': 31, 'total_swaps': 94, 'max_layer_swaps': 8, 'swap_only_layers': 18, 'work_layers': 13, 'unitary_layers': 13, 'first_work_layer': 2, 'leading_no_work_layers': 2, 'bond_profile_layers_scored': 8, 'bond_profile_total_cost': 300, 'bond_profile_max_cost': 41, 'bond_profile_gate_count': 11}, {'seed': 4042, 'score': (375, 71, 12, 8, 16, 94, 28), 'num_layers': 28, 'total_swaps': 94, 'max_layer_swaps': 8, 'swap_only_layers': 16, 'work_layers': 12, 'unitary_layers': 12, 'first_work_layer': 2, 'leading_no_work_layers': 2, 'bond_profile_layers_scored': 8, 'bond_profile_total_cost': 375, 'bond_profile_max_cost': 71, 'bond_profile_gate_count': 12}, {'seed': 5051, 'score': (325, 41, 11, 8, 17, 94, 31), 'num_layers': 31, 'total_swaps': 94, 'max_layer_swaps': 8, 'swap_only_layers': 17, 'work_layers': 14, 'unitary_layers': 14, 'first_work_layer': 2, 'leading_no_work_layers': 2, 'bond_profile_layers_scored': 8, 'bond_profile_total_cost': 325, 'bond_profile_max_cost': 41, 'bond_profile_gate_count': 11}]",0.138065250008367,0.1382457499857992,,,,,,,,,,,,,
537.6619991660118,cycle_progress,,,,,,,,,,,,404,386,790,,,,,,,,,,,,,,,,,,,512,0.0006,,303916,11,,,,,,,,,,,,,106,4,158216,2206,158,40,,,,,,,,,,,,,,,,,,,,,32,,790,808,18,0,False,,,,,,,,,,,,,,,,,,,,,,,,,,0.1382457499857992,,,,,,,,,,,,,
537.8807397909695,absorbing,,,,,,,R,0,1,0,31,404,386,790,8,0,0,0.0,0.14154433301882818,0.14154433301882818,0.1449770000181161,,190232,,106,False,False,False,False,190232,106,False,512,0.0006,,158216,12,total_elems,,190232,1,1,,,,0.0,,,,106,4,190232,2466,158,40,,,,,,,,,,,,,,,,,,,,,,,,,,,,,,,,,,,,,,,,,,,,,,,,,,,,,,,,,,,,,,,,,,
538.1799001249601,absorbing,,,,,,,R,0,2,0,31,404,386,790,8,0,0,0.0,0.2253445410169661,0.2253445410169661,0.22554404102265835,,299536,,160,False,False,False,False,299536,160,False,512,0.0006,,158216,12,total_elems,,299536,1,1,,,,0.0,,,,160,4,299536,3022,158,40,,,,,,,,,,,,,,,,,,,,,,,,,,,,,,,,,,,,,,,,,,,,,,,,,,,,,,,,,,,,,,,,,,
540.4750082080136,unswapping,,,,,,,,,,,,,,,,,,,,,,,,,,,,,,,,,,,,,,,,,,,,,,,,,,155,4,288604,2936,158,40,0,both,0,20,20,1,"[[36, 37]]",1,,,,,0,,,,,,,,,,,,,,,,,,,,,,,,,,,,,,,,,,,,,,,,,,,,,,,,,,,,,
541.9058312079869,unswapping,,,,,,,,,,,,,,,,,,,,,,,,,,,,,,,,,,,,,,,,,,,,,,,,,,105,4,210756,2544,158,40,0,both,1,19,19,7,"[[3, 4], [9, 10], [23, 24], [25, 26], [27, 28], [31, 32], [33, 34]]",8,,,,,0,,,,,,,,,,,,,,,,,,,,,,,,,,,,,,,,,,,,,,,,,,,,,,,,,,,,,
542.2918176659732,unswapping,,,,,,,,,,,,,,,,,,,,,,,,,,,,,,,,,,,,,,,,,,,,,,,,,,105,4,210756,2544,158,40,0,left,0,20,20,0,[],8,,,,,0,,,,,,,,,,,,,,,,,,,,,,,,,,,,,,,,,,,,,,,,,,,,,,,,,,,,,
542.8661330409814,unswapping,,,,,,,,,,,,,,,,,,,,,,,,,,,,,,,,,,,,,,,,,,,,,,,,,,105,4,184404,2414,158,40,0,left,1,19,19,5,"[[23, 24], [25, 26], [27, 28], [31, 32], [33, 34]]",13,,,,,10,,,,,,,,,,,,,,,,,,,,,,,,,,,,,,,,,,,,,,,,,,,,,,,,,,,,,
543.260378875013,unswapping,,,,,,,,,,,,,,,,,,,,,,,,,,,,,,,,,,,,,,,,,,,,,,,,,,105,4,164772,2280,158,40,0,right,0,20,20,5,"[[4, 5], [10, 11], [12, 13], [24, 25], [32, 33]]",18,,,,,20,,,,,,,,,,,,,,,,,,,,,,,,,,,,,,,,,,,,,,,,,,,,,,,,,,,,,
543.5799302079831,unswapping,,,,,,,,,,,,,,,,,,,,,,,,,,,,,,,,,,,,,,,,,,,,,,,,,,105,4,156260,2200,158,40,0,right,1,19,19,2,"[[13, 14], [17, 18]]",20,,,,,24,,,,,,,,,,,,,,,,,,,,,,,,,,,,,,,,,,,,,,,,,,,,,,,,,,,,,
544.1306663749856,unswapping,,,,,,,,,,,,,,,,,,,,,,,,,,,,,,,,,,,,,,,,,,,,,,,,,,105,4,156260,2200,158,40,1,both,0,20,20,0,[],0,,,,,24,,,,,,,,,,,,,,,,,,,,,,,,,,,,,,,,,,,,,,,,,,,,,,,,,,,,,
544.6281375410035,unswapping,,,,,,,,,,,,,,,,,,,,,,,,,,,,,,,,,,,,,,,,,,,,,,,,,,105,4,156260,2200,158,40,1,both,1,19,19,0,[],0,,,,,24,,,,,,,,,,,,,,,,,,,,,,,,,,,,,,,,,,,,,,,,,,,,,,,,,,,,,
544.876907458005,unswapping,,,,,,,,,,,,,,,,,,,,,,,,,,,,,,,,,,,,,,,,,,,,,,,,,,105,4,156260,2200,158,40,1,left,0,20,20,0,[],0,,,,,24,,,,,,,,,,,,,,,,,,,,,,,,,,,,,,,,,,,,,,,,,,,,,,,,,,,,,
545.1110410409747,unswapping,,,,,,,,,,,,,,,,,,,,,,,,,,,,,,,,,,,,,,,,,,,,,,,,,,105,4,156260,2200,158,40,1,left,1,19,19,0,[],0,,,,,24,,,,,,,,,,,,,,,,,,,,,,,,,,,,,,,,,,,,,,,,,,,,,,,,,,,,,
545.4132562499726,unswapping,,,,,,,,,,,,,,,,,,,,,,,,,,,,,,,,,,,,,,,,,,,,,,,,,,105,4,156004,2192,158,40,1,right,0,20,20,1,"[[18, 19]]",1,,,,,26,,,,,,,,,,,,,,,,,,,,,,,,,,,,,,,,,,,,,,,,,,,,,,,,,,,,,
545.6448165409965,unswapping,,,,,,,,,,,,,,,,,,,,,,,,,,,,,,,,,,,,,,,,,,,,,,,,,,105,4,156004,2192,158,40,1,right,1,19,19,0,[],1,,,,,26,,,,,,,,,,,,,,,,,,,,,,,,,,,,,,,,,,,,,,,,,,,,,,,,,,,,,
546.2476164579857,unswapping,,,,,,,,,,,,,,,,,,,,,,,,,,,,,,,,,,,,,,,,,,,,,,,,,,105,4,156004,2192,158,40,2,both,0,20,20,0,[],0,,,,,26,,,,,,,,,,,,,,,,,,,,,,,,,,,,,,,,,,,,,,,,,,,,,,,,,,,,,
546.7573391249753,unswapping,,,,,,,,,,,,,,,,,,,,,,,,,,,,,,,,,,,,,,,,,,,,,,,,,,105,4,156004,2192,158,40,2,both,1,19,19,0,[],0,,,,,26,,,,,,,,,,,,,,,,,,,,,,,,,,,,,,,,,,,,,,,,,,,,,,,,,,,,,
547.0694275409915,unswapping,,,,,,,,,,,,,,,,,,,,,,,,,,,,,,,,,,,,,,,,,,,,,,,,,,105,4,156004,2192,158,40,2,left,0,20,20,0,[],0,,,,,26,,,,,,,,,,,,,,,,,,,,,,,,,,,,,,,,,,,,,,,,,,,,,,,,,,,,,
547.3357457499951,unswapping,,,,,,,,,,,,,,,,,,,,,,,,,,,,,,,,,,,,,,,,,,,,,,,,,,105,4,156004,2192,158,40,2,left,1,19,19,0,[],0,,,,,26,,,,,,,,,,,,,,,,,,,,,,,,,,,,,,,,,,,,,,,,,,,,,,,,,,,,,
547.6227757909801,unswapping,,,,,,,,,,,,,,,,,,,,,,,,,,,,,,,,,,,,,,,,,,,,,,,,,,105,4,156004,2192,158,40,2,right,0,20,20,0,[],0,,,,,26,,,,,,,,,,,,,,,,,,,,,,,,,,,,,,,,,,,,,,,,,,,,,,,,,,,,,
547.9002977909986,unswapping,,,,,,,,,,,,,,,,,,,,,,,,,,,,,,,,,,,,,,,,,,,,,,,,,,105,4,156004,2192,158,40,2,right,1,19,19,0,[],0,,,,,26,,,,,,,,,,,,,,,,,,,,,,,,,,,,,,,,,,,,,,,,,,,,,,,,,,,,,
549.1893009999767,unswap_cycle_summary,,,,,,,,,,,,404,386,790,,,,,,,,,,,,,,,,,,,512,0.0006,,,,,,,,,,,,,,,,105,4,156004,2192,158,40,,,,,,,,,,,,,,,,,,,,,33,9.195159707975108,790,808,18,0,False,True,False,,0,"[404, 386]","[0, 1, 2, 4, 3, 5, 6, 7, 8, 10, 9, 11, 12, 13, 14, 15, 16, 17, 18, 19, 20, 21, 22, 23, 24, 25, 26, 27, 28, 29, 30, 31, 32, 33, 34, 35, 37, 36, 38, 39]","[0, 1, 2, 4, 5, 3, 6, 7, 8, 10, 11, 9, 13, 14, 12, 15, 16, 18, 19, 17, 20, 21, 22, 24, 26, 23, 25, 28, 27, 29, 30, 32, 34, 31, 33, 35, 37, 36, 38, 39]",,"{'index': 2, 'interactions': [('unitary', (24, 25)), ('unitary', (27, 26))]}","[2, 4, 5, 5, 5, 5, 5, 4, 3, 3, 3, 4, 5, 5, 6, 6, 4, 2, 3, 4, 6, 7, 7, 7, 5, 5, 6, 6, 6, 5, 5, 5, 4, 3, 4, 5, 4, 4, 2]",a927cb513bc0367e9628ad6549f22d66558cf9a558eb1404884d941c6e419610,,,,,,,,,,,,,,,,,,,,,,,,,,,,
549.4253649999737,rewiring,right,post_unswap,0.16576754197012633,31,False,False,,,,,,,,,,,,,,,,,,,,,,,,,,,,,,,,,,,,,,,,,,,,,,,,,,,,,,,,,,,,,,,,,,,,,,33,,,,,,,,,,,,,,,,,,50,False,0,4,bond_profile,8,False,1,3033,"(299, 41, 11, 8, 18, 94, 31)",0.003025333979167044,0.1627108750399202,"[{'seed': 2024, 'score': (374, 71, 12, 8, 17, 94, 28), 'num_layers': 28, 'total_swaps': 94, 'max_layer_swaps': 8, 'swap_only_layers': 17, 'work_layers': 11, 'unitary_layers': 11, 'first_work_layer': 2, 'leading_no_work_layers': 2, 'bond_profile_layers_scored': 8, 'bond_profile_total_cost': 374, 'bond_profile_max_cost': 71, 'bond_profile_gate_count': 12}, {'seed': 3033, 'score': (299, 41, 11, 8, 18, 94, 31), 'num_layers': 31, 'total_swaps': 94, 'max_layer_swaps': 8, 'swap_only_layers': 18, 'work_layers': 13, 'unitary_layers': 13, 'first_work_layer': 2, 'leading_no_work_layers': 2, 'bond_profile_layers_scored': 8, 'bond_profile_total_cost': 299, 'bond_profile_max_cost': 41, 'bond_profile_gate_count': 11}, {'seed': 4042, 'score': (374, 71, 12, 8, 16, 94, 28), 'num_layers': 28, 'total_swaps': 94, 'max_layer_swaps': 8, 'swap_only_layers': 16, 'work_layers': 12, 'unitary_layers': 12, 'first_work_layer': 2, 'leading_no_work_layers': 2, 'bond_profile_layers_scored': 8, 'bond_profile_total_cost': 374, 'bond_profile_max_cost': 71, 'bond_profile_gate_count': 12}, {'seed': 5051, 'score': (323, 41, 11, 8, 17, 94, 31), 'num_layers': 31, 'total_swaps': 94, 'max_layer_swaps': 8, 'swap_only_layers': 17, 'work_layers': 14, 'unitary_layers': 14, 'first_work_layer': 2, 'leading_no_work_layers': 2, 'bond_profile_layers_scored': 8, 'bond_profile_total_cost': 323, 'bond_profile_max_cost': 41, 'bond_profile_gate_count': 11}]",0.16576054197503254,0.16600645805010572,,,,,,,,,,,,,
549.4993520830176,cycle_progress,,,,,,,,,,,,404,386,790,,,,,,,,,,,,,,,,,,,512,0.0006,,158216,12,,,,,,,,,,,,,105,4,156004,2192,158,40,,,,,,,,,,,,,,,,,,,,,33,,790,808,18,0,False,,,,,,,,,,,,,,,,,,,,,,,,,,0.16600645805010572,,,,,,,,,,,,,
549.7207058749627,absorbing,,,,,,,R,0,1,0,31,404,386,790,8,0,0,0.0,0.1412400839617476,0.1412400839617476,0.14317312504863366,,187060,,105,False,False,False,False,187060,105,False,512,0.0006,,156004,13,total_elems,,187060,1,1,,,,0.0,,,,105,4,187060,2450,158,40,,,,,,,,,,,,,,,,,,,,,,,,,,,,,,,,,,,,,,,,,,,,,,,,,,,,,,,,,,,,,,,,,,
550.0117966249818,absorbing,,,,,,,R,0,2,0,31,404,386,790,8,0,0,0.0,0.2176820000167936,0.2176820000167936,0.21788645902415738,,285692,,154,False,False,False,False,285692,154,False,512,0.0006,,156004,13,total_elems,,285692,1,1,,,,0.0,,,,154,4,285692,2950,158,40,,,,,,,,,,,,,,,,,,,,,,,,,,,,,,,,,,,,,,,,,,,,,,,,,,,,,,,,,,,,,,,,,,
552.266051790968,unswapping,,,,,,,,,,,,,,,,,,,,,,,,,,,,,,,,,,,,,,,,,,,,,,,,,,151,4,277120,2868,158,40,0,both,0,20,20,1,"[[36, 37]]",1,,,,,0,,,,,,,,,,,,,,,,,,,,,,,,,,,,,,,,,,,,,,,,,,,,,,,,,,,,,
553.7319803750142,unswapping,,,,,,,,,,,,,,,,,,,,,,,,,,,,,,,,,,,,,,,,,,,,,,,,,,105,4,209752,2538,158,40,0,both,1,19,19,6,"[[3, 4], [9, 10], [23, 24], [25, 26], [31, 32], [33, 34]]",7,,,,,0,,,,,,,,,,,,,,,,,,,,,,,,,,,,,,,,,,,,,,,,,,,,,,,,,,,,,
554.2229815829778,unswapping,,,,,,,,,,,,,,,,,,,,,,,,,,,,,,,,,,,,,,,,,,,,,,,,,,105,4,206748,2520,158,40,0,left,0,20,20,1,"[[10, 11]]",8,,,,,2,,,,,,,,,,,,,,,,,,,,,,,,,,,,,,,,,,,,,,,,,,,,,,,,,,,,,
554.8471951250103,unswapping,,,,,,,,,,,,,,,,,,,,,,,,,,,,,,,,,,,,,,,,,,,,,,,,,,105,4,183292,2400,158,40,0,left,1,19,19,5,"[[23, 24], [25, 26], [27, 28], [31, 32], [33, 34]]",13,,,,,12,,,,,,,,,,,,,,,,,,,,,,,,,,,,,,,,,,,,,,,,,,,,,,,,,,,,,
555.250489500002,unswapping,,,,,,,,,,,,,,,,,,,,,,,,,,,,,,,,,,,,,,,,,,,,,,,,,,105,4,163980,2274,158,40,0,right,0,20,20,5,"[[4, 5], [10, 11], [12, 13], [24, 25], [32, 33]]",18,,,,,18,,,,,,,,,,,,,,,,,,,,,,,,,,,,,,,,,,,,,,,,,,,,,,,,,,,,,
555.6551221659756,unswapping,,,,,,,,,,,,,,,,,,,,,,,,,,,,,,,,,,,,,,,,,,,,,,,,,,105,4,155468,2194,158,40,0,right,1,19,19,2,"[[13, 14], [17, 18]]",20,,,,,22,,,,,,,,,,,,,,,,,,,,,,,,,,,,,,,,,,,,,,,,,,,,,,,,,,,,,
556.2638557910104,unswapping,,,,,,,,,,,,,,,,,,,,,,,,,,,,,,,,,,,,,,,,,,,,,,,,,,105,4,155468,2194,158,40,1,both,0,20,20,0,[],0,,,,,22,,,,,,,,,,,,,,,,,,,,,,,,,,,,,,,,,,,,,,,,,,,,,,,,,,,,,
556.7978194999741,unswapping,,,,,,,,,,,,,,,,,,,,,,,,,,,,,,,,,,,,,,,,,,,,,,,,,,105,4,155468,2194,158,40,1,both,1,19,19,0,[],0,,,,,22,,,,,,,,,,,,,,,,,,,,,,,,,,,,,,,,,,,,,,,,,,,,,,,,,,,,,
557.0420854580007,unswapping,,,,,,,,,,,,,,,,,,,,,,,,,,,,,,,,,,,,,,,,,,,,,,,,,,105,4,155468,2194,158,40,1,left,0,20,20,0,[],0,,,,,22,,,,,,,,,,,,,,,,,,,,,,,,,,,,,,,,,,,,,,,,,,,,,,,,,,,,,
557.2827146250056,unswapping,,,,,,,,,,,,,,,,,,,,,,,,,,,,,,,,,,,,,,,,,,,,,,,,,,105,4,155468,2194,158,40,1,left,1,19,19,0,[],0,,,,,22,,,,,,,,,,,,,,,,,,,,,,,,,,,,,,,,,,,,,,,,,,,,,,,,,,,,,
557.6308006659965,unswapping,,,,,,,,,,,,,,,,,,,,,,,,,,,,,,,,,,,,,,,,,,,,,,,,,,105,4,155212,2186,158,40,1,right,0,20,20,1,"[[18, 19]]",1,,,,,24,,,,,,,,,,,,,,,,,,,,,,,,,,,,,,,,,,,,,,,,,,,,,,,,,,,,,
557.8852400410105,unswapping,,,,,,,,,,,,,,,,,,,,,,,,,,,,,,,,,,,,,,,,,,,,,,,,,,105,4,155212,2186,158,40,1,right,1,19,19,0,[],1,,,,,24,,,,,,,,,,,,,,,,,,,,,,,,,,,,,,,,,,,,,,,,,,,,,,,,,,,,,
558.4918159999652,unswapping,,,,,,,,,,,,,,,,,,,,,,,,,,,,,,,,,,,,,,,,,,,,,,,,,,105,4,155212,2186,158,40,2,both,0,20,20,0,[],0,,,,,24,,,,,,,,,,,,,,,,,,,,,,,,,,,,,,,,,,,,,,,,,,,,,,,,,,,,,
559.0229302080115,unswapping,,,,,,,,,,,,,,,,,,,,,,,,,,,,,,,,,,,,,,,,,,,,,,,,,,105,4,155212,2186,158,40,2,both,1,19,19,0,[],0,,,,,24,,,,,,,,,,,,,,,,,,,,,,,,,,,,,,,,,,,,,,,,,,,,,,,,,,,,,
559.2760324580013,unswapping,,,,,,,,,,,,,,,,,,,,,,,,,,,,,,,,,,,,,,,,,,,,,,,,,,105,4,155212,2186,158,40,2,left,0,20,20,0,[],0,,,,,24,,,,,,,,,,,,,,,,,,,,,,,,,,,,,,,,,,,,,,,,,,,,,,,,,,,,,
559.53605341597,unswapping,,,,,,,,,,,,,,,,,,,,,,,,,,,,,,,,,,,,,,,,,,,,,,,,,,105,4,155212,2186,158,40,2,left,1,19,19,0,[],0,,,,,24,,,,,,,,,,,,,,,,,,,,,,,,,,,,,,,,,,,,,,,,,,,,,,,,,,,,,
559.7942177079967,unswapping,,,,,,,,,,,,,,,,,,,,,,,,,,,,,,,,,,,,,,,,,,,,,,,,,,105,4,155212,2186,158,40,2,right,0,20,20,0,[],0,,,,,24,,,,,,,,,,,,,,,,,,,,,,,,,,,,,,,,,,,,,,,,,,,,,,,,,,,,,
560.1001990829827,unswapping,,,,,,,,,,,,,,,,,,,,,,,,,,,,,,,,,,,,,,,,,,,,,,,,,,105,4,155212,2186,158,40,2,right,1,19,19,0,[],0,,,,,24,,,,,,,,,,,,,,,,,,,,,,,,,,,,,,,,,,,,,,,,,,,,,,,,,,,,,
561.4133210830041,unswap_cycle_summary,,,,,,,,,,,,404,386,790,,,,,,,,,,,,,,,,,,,512,0.0006,,,,,,,,,,,,,,,,105,4,155212,2186,158,40,,,,,,,,,,,,,,,,,,,,,34,9.544826083991211,790,808,18,0,False,True,False,,0,"[404, 386]","[0, 1, 2, 4, 3, 5, 6, 7, 8, 10, 11, 9, 12, 13, 14, 15, 16, 17, 18, 19, 20, 21, 22, 23, 24, 25, 26, 28, 27, 29, 30, 31, 32, 33, 34, 35, 37, 36, 38, 39]","[0, 1, 2, 4, 5, 3, 6, 7, 8, 10, 11, 9, 13, 14, 12, 15, 16, 18, 19, 17, 20, 21, 22, 24, 26, 23, 25, 27, 28, 29, 30, 32, 34, 31, 33, 35, 37, 36, 38, 39]",,"{'index': 2, 'interactions': [('unitary', (24, 25)), ('unitary', (27, 26))]}","[2, 4, 5, 5, 5, 5, 5, 4, 3, 3, 3, 4, 5, 5, 6, 6, 4, 2, 3, 4, 6, 7, 7, 7, 5, 5, 6, 6, 6, 5, 5, 5, 4, 3, 4, 5, 4, 4, 2]",5cedcaf1c78f42a8834ed65d1054c42e30652ffbf76c882cd67968e78870cc5f,,,,,,,,,,,,,,,,,,,,,,,,,,,,
561.6350106250029,rewiring,right,post_unswap,0.15011124999728054,31,False,False,,,,,,,,,,,,,,,,,,,,,,,,,,,,,,,,,,,,,,,,,,,,,,,,,,,,,,,,,,,,,,,,,,,,,,34,,,,,,,,,,,,,,,,,,50,False,0,4,bond_profile,8,False,1,3033,"(310, 41, 11, 8, 18, 97, 31)",0.0027095830300822854,0.14737612509634346,"[{'seed': 2024, 'score': (310, 41, 11, 8, 19, 97, 32), 'num_layers': 32, 'total_swaps': 97, 'max_layer_swaps': 8, 'swap_only_layers': 19, 'work_layers': 13, 'unitary_layers': 13, 'first_work_layer': 2, 'leading_no_work_layers': 2, 'bond_profile_layers_scored': 8, 'bond_profile_total_cost': 310, 'bond_profile_max_cost': 41, 'bond_profile_gate_count': 11}, {'seed': 3033, 'score': (310, 41, 11, 8, 18, 97, 31), 'num_layers': 31, 'total_swaps': 97, 'max_layer_swaps': 8, 'swap_only_layers': 18, 'work_layers': 13, 'unitary_layers': 13, 'first_work_layer': 2, 'leading_no_work_layers': 2, 'bond_profile_layers_scored': 8, 'bond_profile_total_cost': 310, 'bond_profile_max_cost': 41, 'bond_profile_gate_count': 11}, {'seed': 4042, 'score': (355, 41, 13, 8, 19, 97, 30), 'num_layers': 30, 'total_swaps': 97, 'max_layer_swaps': 8, 'swap_only_layers': 19, 'work_layers': 11, 'unitary_layers': 11, 'first_work_layer': 2, 'leading_no_work_layers': 2, 'bond_profile_layers_scored': 8, 'bond_profile_total_cost': 355, 'bond_profile_max_cost': 41, 'bond_profile_gate_count': 13}, {'seed': 5051, 'score': (347, 41, 12, 8, 21, 97, 33), 'num_layers': 33, 'total_swaps': 97, 'max_layer_swaps': 8, 'swap_only_layers': 21, 'work_layers': 12, 'unitary_layers': 12, 'first_work_layer': 2, 'leading_no_work_layers': 2, 'bond_profile_layers_scored': 8, 'bond_profile_total_cost': 347, 'bond_profile_max_cost': 41, 'bond_profile_gate_count': 12}]",0.15010229201288894,0.15028000000165775,,,,,,,,,,,,,
561.7056981659844,cycle_progress,,,,,,,,,,,,404,386,790,,,,,,,,,,,,,,,,,,,512,0.0006,,156004,13,,,,,,,,,,,,,105,4,155212,2186,158,40,,,,,,,,,,,,,,,,,,,,,34,,790,808,18,0,False,,,,,,,,,,,,,,,,,,,,,,,,,,0.15028000000165775,,,,,,,,,,,,,
561.8982316660113,absorbing,,,,,,,R,0,1,0,31,404,386,790,8,0,0,0.0,0.11767729098210111,0.11767729098210111,0.11884574999567121,,191228,,105,False,False,False,False,191228,105,False,512,0.0006,,155212,14,total_elems,,191228,1,1,,,,0.0,,,,105,4,191228,2492,158,40,,,,,,,,,,,,,,,,,,,,,,,,,,,,,,,,,,,,,,,,,,,,,,,,,,,,,,,,,,,,,,,,,,
562.1914592909743,absorbing,,,,,,,R,0,2,0,31,404,386,790,8,0,0,0.0,0.22047979198396206,0.22047979198396206,0.22069470799760893,,290872,,151,False,False,False,False,290872,151,False,512,0.0006,,155212,14,total_elems,,290872,1,1,,,,0.0,,,,151,4,290872,3022,158,40,,,,,,,,,,,,,,,,,,,,,,,,,,,,,,,,,,,,,,,,,,,,,,,,,,,,,,,,,,,,,,,,,,
564.3721004580148,unswapping,,,,,,,,,,,,,,,,,,,,,,,,,,,,,,,,,,,,,,,,,,,,,,,,,,149,4,277932,2888,158,40,0,both,0,20,20,2,"[[6, 7], [36, 37]]",2,,,,,0,,,,,,,,,,,,,,,,,,,,,,,,,,,,,,,,,,,,,,,,,,,,,,,,,,,,,
565.7965764999972,unswapping,,,,,,,,,,,,,,,,,,,,,,,,,,,,,,,,,,,,,,,,,,,,,,,,,,105,4,206592,2530,158,40,0,both,1,19,19,5,"[[3, 4], [23, 24], [25, 26], [31, 32], [33, 34]]",7,,,,,0,,,,,,,,,,,,,,,,,,,,,,,,,,,,,,,,,,,,,,,,,,,,,,,,,,,,,
566.185836040997,unswapping,,,,,,,,,,,,,,,,,,,,,,,,,,,,,,,,,,,,,,,,,,,,,,,,,,105,4,206592,2530,158,40,0,left,0,20,20,0,[],7,,,,,0,,,,,,,,,,,,,,,,,,,,,,,,,,,,,,,,,,,,,,,,,,,,,,,,,,,,,
566.7817579159746,unswapping,,,,,,,,,,,,,,,,,,,,,,,,,,,,,,,,,,,,,,,,,,,,,,,,,,105,4,183932,2416,158,40,0,left,1,19,19,4,"[[23, 24], [25, 26], [31, 32], [33, 34]]",11,,,,,8,,,,,,,,,,,,,,,,,,,,,,,,,,,,,,,,,,,,,,,,,,,,,,,,,,,,,
567.242340790981,unswapping,,,,,,,,,,,,,,,,,,,,,,,,,,,,,,,,,,,,,,,,,,,,,,,,,,105,4,164392,2296,158,40,0,right,0,20,20,4,"[[4, 5], [12, 13], [24, 25], [32, 33]]",15,,,,,16,,,,,,,,,,,,,,,,,,,,,,,,,,,,,,,,,,,,,,,,,,,,,,,,,,,,,
567.6216285830014,unswapping,,,,,,,,,,,,,,,,,,,,,,,,,,,,,,,,,,,,,,,,,,,,,,,,,,105,4,155240,2200,158,40,0,right,1,19,19,3,"[[9, 10], [13, 14], [17, 18]]",18,,,,,22,,,,,,,,,,,,,,,,,,,,,,,,,,,,,,,,,,,,,,,,,,,,,,,,,,,,,
568.3908390409779,unswapping,,,,,,,,,,,,,,,,,,,,,,,,,,,,,,,,,,,,,,,,,,,,,,,,,,105,4,154920,2192,158,40,1,both,0,20,20,1,"[[10, 11]]",1,,,,,24,,,,,,,,,,,,,,,,,,,,,,,,,,,,,,,,,,,,,,,,,,,,,,,,,,,,,
568.9877510829829,unswapping,,,,,,,,,,,,,,,,,,,,,,,,,,,,,,,,,,,,,,,,,,,,,,,,,,105,4,154920,2192,158,40,1,both,1,19,19,0,[],1,,,,,24,,,,,,,,,,,,,,,,,,,,,,,,,,,,,,,,,,,,,,,,,,,,,,,,,,,,,
569.2732772909803,unswapping,,,,,,,,,,,,,,,,,,,,,,,,,,,,,,,,,,,,,,,,,,,,,,,,,,105,4,154920,2192,158,40,1,left,0,20,20,0,[],1,,,,,24,,,,,,,,,,,,,,,,,,,,,,,,,,,,,,,,,,,,,,,,,,,,,,,,,,,,,
569.5431913330103,unswapping,,,,,,,,,,,,,,,,,,,,,,,,,,,,,,,,,,,,,,,,,,,,,,,,,,105,4,154920,2192,158,40,1,left,1,19,19,0,[],1,,,,,24,,,,,,,,,,,,,,,,,,,,,,,,,,,,,,,,,,,,,,,,,,,,,,,,,,,,,
569.9032517909654,unswapping,,,,,,,,,,,,,,,,,,,,,,,,,,,,,,,,,,,,,,,,,,,,,,,,,,105,4,154664,2184,158,40,1,right,0,20,20,1,"[[18, 19]]",2,,,,,26,,,,,,,,,,,,,,,,,,,,,,,,,,,,,,,,,,,,,,,,,,,,,,,,,,,,,
570.1683128330042,unswapping,,,,,,,,,,,,,,,,,,,,,,,,,,,,,,,,,,,,,,,,,,,,,,,,,,105,4,154664,2184,158,40,1,right,1,19,19,0,[],2,,,,,26,,,,,,,,,,,,,,,,,,,,,,,,,,,,,,,,,,,,,,,,,,,,,,,,,,,,,
570.7859145830153,unswapping,,,,,,,,,,,,,,,,,,,,,,,,,,,,,,,,,,,,,,,,,,,,,,,,,,105,4,154664,2184,158,40,2,both,0,20,20,0,[],0,,,,,26,,,,,,,,,,,,,,,,,,,,,,,,,,,,,,,,,,,,,,,,,,,,,,,,,,,,,
571.3686926249648,unswapping,,,,,,,,,,,,,,,,,,,,,,,,,,,,,,,,,,,,,,,,,,,,,,,,,,105,4,154664,2184,158,40,2,both,1,19,19,0,[],0,,,,,26,,,,,,,,,,,,,,,,,,,,,,,,,,,,,,,,,,,,,,,,,,,,,,,,,,,,,
571.6502663749852,unswapping,,,,,,,,,,,,,,,,,,,,,,,,,,,,,,,,,,,,,,,,,,,,,,,,,,105,4,154664,2184,158,40,2,left,0,20,20,0,[],0,,,,,26,,,,,,,,,,,,,,,,,,,,,,,,,,,,,,,,,,,,,,,,,,,,,,,,,,,,,
571.9038872079691,unswapping,,,,,,,,,,,,,,,,,,,,,,,,,,,,,,,,,,,,,,,,,,,,,,,,,,105,4,154664,2184,158,40,2,left,1,19,19,0,[],0,,,,,26,,,,,,,,,,,,,,,,,,,,,,,,,,,,,,,,,,,,,,,,,,,,,,,,,,,,,
572.1944048749865,unswapping,,,,,,,,,,,,,,,,,,,,,,,,,,,,,,,,,,,,,,,,,,,,,,,,,,105,4,154664,2184,158,40,2,right,0,20,20,0,[],0,,,,,26,,,,,,,,,,,,,,,,,,,,,,,,,,,,,,,,,,,,,,,,,,,,,,,,,,,,,
572.46568199998,unswapping,,,,,,,,,,,,,,,,,,,,,,,,,,,,,,,,,,,,,,,,,,,,,,,,,,105,4,154664,2184,158,40,2,right,1,19,19,0,[],0,,,,,26,,,,,,,,,,,,,,,,,,,,,,,,,,,,,,,,,,,,,,,,,,,,,,,,,,,,,
573.8395582910161,unswap_cycle_summary,,,,,,,,,,,,404,386,790,,,,,,,,,,,,,,,,,,,512,0.0006,,,,,,,,,,,,,,,,105,4,154664,2184,158,40,,,,,,,,,,,,,,,,,,,,,35,9.790782208030578,790,808,18,0,False,True,False,,0,"[404, 386]","[0, 1, 2, 4, 3, 5, 7, 6, 8, 9, 11, 10, 12, 13, 14, 15, 16, 17, 18, 19, 20, 21, 22, 23, 24, 25, 26, 27, 28, 29, 30, 31, 32, 33, 34, 35, 37, 36, 38, 39]","[0, 1, 2, 4, 5, 3, 7, 6, 8, 10, 11, 9, 13, 14, 12, 15, 16, 18, 19, 17, 20, 21, 22, 24, 26, 23, 25, 27, 28, 29, 30, 32, 34, 31, 33, 35, 37, 36, 38, 39]",,"{'index': 2, 'interactions': [('unitary', (24, 25)), ('unitary', (27, 26))]}","[2, 4, 5, 5, 5, 5, 5, 4, 3, 3, 3, 4, 5, 5, 6, 6, 4, 2, 3, 4, 6, 7, 7, 7, 5, 5, 6, 6, 6, 5, 5, 5, 4, 3, 4, 5, 4, 4, 2]",0cc56bd0276f75561c33653eab08d865599cdd7eafa0ed98e25dec887d010434,,,,,,,,,,,,,,,,,,,,,,,,,,,,
574.0661811659811,rewiring,right,post_unswap,0.15231954195769504,31,False,False,,,,,,,,,,,,,,,,,,,,,,,,,,,,,,,,,,,,,,,,,,,,,,,,,,,,,,,,,,,,,,,,,,,,,,35,,,,,,,,,,,,,,,,,,50,False,0,4,bond_profile,8,False,1,3033,"(310, 41, 11, 8, 18, 97, 31)",0.002946167078334838,0.14934604207519442,"[{'seed': 2024, 'score': (310, 41, 11, 8, 19, 97, 32), 'num_layers': 32, 'total_swaps': 97, 'max_layer_swaps': 8, 'swap_only_layers': 19, 'work_layers': 13, 'unitary_layers': 13, 'first_work_layer': 2, 'leading_no_work_layers': 2, 'bond_profile_layers_scored': 8, 'bond_profile_total_cost': 310, 'bond_profile_max_cost': 41, 'bond_profile_gate_count': 11}, {'seed': 3033, 'score': (310, 41, 11, 8, 18, 97, 31), 'num_layers': 31, 'total_swaps': 97, 'max_layer_swaps': 8, 'swap_only_layers': 18, 'work_layers': 13, 'unitary_layers': 13, 'first_work_layer': 2, 'leading_no_work_layers': 2, 'bond_profile_layers_scored': 8, 'bond_profile_total_cost': 310, 'bond_profile_max_cost': 41, 'bond_profile_gate_count': 11}, {'seed': 4042, 'score': (355, 41, 13, 8, 19, 97, 30), 'num_layers': 30, 'total_swaps': 97, 'max_layer_swaps': 8, 'swap_only_layers': 19, 'work_layers': 11, 'unitary_layers': 11, 'first_work_layer': 2, 'leading_no_work_layers': 2, 'bond_profile_layers_scored': 8, 'bond_profile_total_cost': 355, 'bond_profile_max_cost': 41, 'bond_profile_gate_count': 13}, {'seed': 5051, 'score': (347, 41, 12, 8, 21, 97, 33), 'num_layers': 33, 'total_swaps': 97, 'max_layer_swaps': 8, 'swap_only_layers': 21, 'work_layers': 12, 'unitary_layers': 12, 'first_work_layer': 2, 'leading_no_work_layers': 2, 'bond_profile_layers_scored': 8, 'bond_profile_total_cost': 347, 'bond_profile_max_cost': 41, 'bond_profile_gate_count': 12}]",0.15231274999678135,0.1527141670230776,,,,,,,,,,,,,
574.1409540830064,cycle_progress,,,,,,,,,,,,404,386,790,,,,,,,,,,,,,,,,,,,512,0.0006,,155212,14,,,,,,,,,,,,,105,4,154664,2184,158,40,,,,,,,,,,,,,,,,,,,,,35,,790,808,18,0,False,,,,,,,,,,,,,,,,,,,,,,,,,,0.1527141670230776,,,,,,,,,,,,,
574.3587105409824,absorbing,,,,,,,R,0,1,0,31,404,386,790,8,0,0,0.0,0.13935625000158325,0.13935625000158325,0.14156429201830178,,190424,,105,False,False,False,False,190424,105,False,512,0.0006,,154664,15,total_elems,,190424,1,1,,,,0.0,,,,105,4,190424,2494,158,40,,,,,,,,,,,,,,,,,,,,,,,,,,,,,,,,,,,,,,,,,,,,,,,,,,,,,,,,,,,,,,,,,,
574.663999499986,absorbing,,,,,,,R,0,2,0,31,404,386,790,8,0,0,0.0,0.2258285420248285,0.2258285420248285,0.2260399169754237,,283976,,149,False,False,False,False,283976,149,False,512,0.0006,,154664,15,total_elems,,283976,1,1,,,,0.0,,,,149,4,283976,2972,158,40,,,,,,,,,,,,,,,,,,,,,,,,,,,,,,,,,,,,,,,,,,,,,,,,,,,,,,,,,,,,,,,,,,
576.8805007910123,unswapping,,,,,,,,,,,,,,,,,,,,,,,,,,,,,,,,,,,,,,,,,,,,,,,,,,146,4,271180,2842,158,40,0,both,0,20,20,2,"[[6, 7], [36, 37]]",2,,,,,0,,,,,,,,,,,,,,,,,,,,,,,,,,,,,,,,,,,,,,,,,,,,,,,,,,,,,
578.2539093329688,unswapping,,,,,,,,,,,,,,,,,,,,,,,,,,,,,,,,,,,,,,,,,,,,,,,,,,105,4,206064,2520,158,40,0,both,1,19,19,6,"[[3, 4], [9, 10], [23, 24], [25, 26], [31, 32], [33, 34]]",8,,,,,0,,,,,,,,,,,,,,,,,,,,,,,,,,,,,,,,,,,,,,,,,,,,,,,,,,,,,
578.632878791017,unswapping,,,,,,,,,,,,,,,,,,,,,,,,,,,,,,,,,,,,,,,,,,,,,,,,,,105,4,206064,2520,158,40,0,left,0,20,20,0,[],8,,,,,0,,,,,,,,,,,,,,,,,,,,,,,,,,,,,,,,,,,,,,,,,,,,,,,,,,,,,
579.1943241250119,unswapping,,,,,,,,,,,,,,,,,,,,,,,,,,,,,,,,,,,,,,,,,,,,,,,,,,105,4,182728,2404,158,40,0,left,1,19,19,4,"[[23, 24], [25, 26], [31, 32], [33, 34]]",12,,,,,8,,,,,,,,,,,,,,,,,,,,,,,,,,,,,,,,,,,,,,,,,,,,,,,,,,,,,
579.5955284159863,unswapping,,,,,,,,,,,,,,,,,,,,,,,,,,,,,,,,,,,,,,,,,,,,,,,,,,105,4,163432,2272,158,40,0,right,0,20,20,5,"[[4, 5], [10, 11], [12, 13], [24, 25], [32, 33]]",17,,,,,18,,,,,,,,,,,,,,,,,,,,,,,,,,,,,,,,,,,,,,,,,,,,,,,,,,,,,
579.9377587909694,unswapping,,,,,,,,,,,,,,,,,,,,,,,,,,,,,,,,,,,,,,,,,,,,,,,,,,105,4,154920,2192,158,40,0,right,1,19,19,2,"[[13, 14], [17, 18]]",19,,,,,22,,,,,,,,,,,,,,,,,,,,,,,,,,,,,,,,,,,,,,,,,,,,,,,,,,,,,
580.5253283329657,unswapping,,,,,,,,,,,,,,,,,,,,,,,,,,,,,,,,,,,,,,,,,,,,,,,,,,105,4,154920,2192,158,40,1,both,0,20,20,0,[],0,,,,,22,,,,,,,,,,,,,,,,,,,,,,,,,,,,,,,,,,,,,,,,,,,,,,,,,,,,,
581.06319312501,unswapping,,,,,,,,,,,,,,,,,,,,,,,,,,,,,,,,,,,,,,,,,,,,,,,,,,105,4,154920,2192,158,40,1,both,1,19,19,0,[],0,,,,,22,,,,,,,,,,,,,,,,,,,,,,,,,,,,,,,,,,,,,,,,,,,,,,,,,,,,,
581.3672655000119,unswapping,,,,,,,,,,,,,,,,,,,,,,,,,,,,,,,,,,,,,,,,,,,,,,,,,,105,4,154920,2192,158,40,1,left,0,20,20,0,[],0,,,,,22,,,,,,,,,,,,,,,,,,,,,,,,,,,,,,,,,,,,,,,,,,,,,,,,,,,,,
581.6051843329915,unswapping,,,,,,,,,,,,,,,,,,,,,,,,,,,,,,,,,,,,,,,,,,,,,,,,,,105,4,154920,2192,158,40,1,left,1,19,19,0,[],0,,,,,22,,,,,,,,,,,,,,,,,,,,,,,,,,,,,,,,,,,,,,,,,,,,,,,,,,,,,
581.9736318329815,unswapping,,,,,,,,,,,,,,,,,,,,,,,,,,,,,,,,,,,,,,,,,,,,,,,,,,105,4,154664,2184,158,40,1,right,0,20,20,1,"[[18, 19]]",1,,,,,24,,,,,,,,,,,,,,,,,,,,,,,,,,,,,,,,,,,,,,,,,,,,,,,,,,,,,
582.245453874988,unswapping,,,,,,,,,,,,,,,,,,,,,,,,,,,,,,,,,,,,,,,,,,,,,,,,,,105,4,154664,2184,158,40,1,right,1,19,19,0,[],1,,,,,24,,,,,,,,,,,,,,,,,,,,,,,,,,,,,,,,,,,,,,,,,,,,,,,,,,,,,
582.9147606249899,unswapping,,,,,,,,,,,,,,,,,,,,,,,,,,,,,,,,,,,,,,,,,,,,,,,,,,105,4,154664,2184,158,40,2,both,0,20,20,0,[],0,,,,,24,,,,,,,,,,,,,,,,,,,,,,,,,,,,,,,,,,,,,,,,,,,,,,,,,,,,,
583.4636262909626,unswapping,,,,,,,,,,,,,,,,,,,,,,,,,,,,,,,,,,,,,,,,,,,,,,,,,,105,4,154664,2184,158,40,2,both,1,19,19,0,[],0,,,,,24,,,,,,,,,,,,,,,,,,,,,,,,,,,,,,,,,,,,,,,,,,,,,,,,,,,,,
583.728353665967,unswapping,,,,,,,,,,,,,,,,,,,,,,,,,,,,,,,,,,,,,,,,,,,,,,,,,,105,4,154664,2184,158,40,2,left,0,20,20,0,[],0,,,,,24,,,,,,,,,,,,,,,,,,,,,,,,,,,,,,,,,,,,,,,,,,,,,,,,,,,,,
583.9812984999735,unswapping,,,,,,,,,,,,,,,,,,,,,,,,,,,,,,,,,,,,,,,,,,,,,,,,,,105,4,154664,2184,158,40,2,left,1,19,19,0,[],0,,,,,24,,,,,,,,,,,,,,,,,,,,,,,,,,,,,,,,,,,,,,,,,,,,,,,,,,,,,
584.2967874159804,unswapping,,,,,,,,,,,,,,,,,,,,,,,,,,,,,,,,,,,,,,,,,,,,,,,,,,105,4,154664,2184,158,40,2,right,0,20,20,0,[],0,,,,,24,,,,,,,,,,,,,,,,,,,,,,,,,,,,,,,,,,,,,,,,,,,,,,,,,,,,,
584.5744796249783,unswapping,,,,,,,,,,,,,,,,,,,,,,,,,,,,,,,,,,,,,,,,,,,,,,,,,,105,4,154664,2184,158,40,2,right,1,19,19,0,[],0,,,,,24,,,,,,,,,,,,,,,,,,,,,,,,,,,,,,,,,,,,,,,,,,,,,,,,,,,,,
585.912441249995,unswap_cycle_summary,,,,,,,,,,,,404,386,790,,,,,,,,,,,,,,,,,,,512,0.0006,,,,,,,,,,,,,,,,105,4,154664,2184,158,40,,,,,,,,,,,,,,,,,,,,,36,9.379667792003602,790,808,18,0,False,True,False,,0,"[404, 386]","[0, 1, 2, 4, 3, 5, 7, 6, 8, 10, 9, 11, 12, 13, 14, 15, 16, 17, 18, 19, 20, 21, 22, 23, 24, 25, 26, 27, 28, 29, 30, 31, 32, 33, 34, 35, 37, 36, 38, 39]","[0, 1, 2, 4, 5, 3, 7, 6, 8, 10, 11, 9, 13, 14, 12, 15, 16, 18, 19, 17, 20, 21, 22, 24, 26, 23, 25, 27, 28, 29, 30, 32, 34, 31, 33, 35, 37, 36, 38, 39]",,"{'index': 2, 'interactions': [('unitary', (24, 25)), ('unitary', (27, 26))]}","[2, 4, 5, 5, 5, 5, 5, 4, 3, 3, 3, 4, 5, 5, 6, 6, 4, 2, 3, 4, 6, 7, 7, 7, 5, 5, 6, 6, 6, 5, 5, 5, 4, 3, 4, 5, 4, 4, 2]",0071ededc19981700758bace1503f6620a90e98b190bef3caeea4a6829ba488c,,,,,,,,,,,,,,,,,,,,,,,,,,,,
586.1543180000153,rewiring,right,post_unswap,0.1686711250222288,31,False,False,,,,,,,,,,,,,,,,,,,,,,,,,,,,,,,,,,,,,,,,,,,,,,,,,,,,,,,,,,,,,,,,,,,,,,36,,,,,,,,,,,,,,,,,,50,False,0,4,bond_profile,8,False,1,3033,"(310, 41, 11, 8, 18, 97, 31)",0.002821083879098296,0.16582470707362518,"[{'seed': 2024, 'score': (310, 41, 11, 8, 19, 97, 32), 'num_layers': 32, 'total_swaps': 97, 'max_layer_swaps': 8, 'swap_only_layers': 19, 'work_layers': 13, 'unitary_layers': 13, 'first_work_layer': 2, 'leading_no_work_layers': 2, 'bond_profile_layers_scored': 8, 'bond_profile_total_cost': 310, 'bond_profile_max_cost': 41, 'bond_profile_gate_count': 11}, {'seed': 3033, 'score': (310, 41, 11, 8, 18, 97, 31), 'num_layers': 31, 'total_swaps': 97, 'max_layer_swaps': 8, 'swap_only_layers': 18, 'work_layers': 13, 'unitary_layers': 13, 'first_work_layer': 2, 'leading_no_work_layers': 2, 'bond_profile_layers_scored': 8, 'bond_profile_total_cost': 310, 'bond_profile_max_cost': 41, 'bond_profile_gate_count': 11}, {'seed': 4042, 'score': (355, 41, 13, 8, 19, 97, 30), 'num_layers': 30, 'total_swaps': 97, 'max_layer_swaps': 8, 'swap_only_layers': 19, 'work_layers': 11, 'unitary_layers': 11, 'first_work_layer': 2, 'leading_no_work_layers': 2, 'bond_profile_layers_scored': 8, 'bond_profile_total_cost': 355, 'bond_profile_max_cost': 41, 'bond_profile_gate_count': 13}, {'seed': 5051, 'score': (347, 41, 12, 8, 21, 97, 33), 'num_layers': 33, 'total_swaps': 97, 'max_layer_swaps': 8, 'swap_only_layers': 21, 'work_layers': 12, 'unitary_layers': 12, 'first_work_layer': 2, 'leading_no_work_layers': 2, 'bond_profile_layers_scored': 8, 'bond_profile_total_cost': 347, 'bond_profile_max_cost': 41, 'bond_profile_gate_count': 12}]",0.16866487503284588,0.16889587498735636,,,,,,,,,,,,,
586.2284148749895,cycle_progress,,,,,,,,,,,,404,386,790,,,,,,,,,,,,,,,,,,,512,0.0006,,154664,15,,,,,,,,,,,,,105,4,154664,2184,158,40,,,,,,,,,,,,,,,,,,,,,36,,790,808,18,0,False,,,,,,,,,,,,,,,,,,,,,,,,,,0.16889587498735636,,,,,,,,,,,,,
586.4513901249738,absorbing,,,,,,,R,0,1,0,31,404,386,790,8,0,0,0.0,0.14424320799298584,0.14424320799298584,0.14703233301406726,,190664,,105,False,False,False,False,190664,105,False,512,0.0006,,154664,16,total_elems,,190664,1,1,,,,0.0,,,,105,4,190664,2496,158,40,,,,,,,,,,,,,,,,,,,,,,,,,,,,,,,,,,,,,,,,,,,,,,,,,,,,,,,,,,,,,,,,,,
586.7652940829867,absorbing,,,,,,,R,0,2,0,31,404,386,790,8,0,0,0.0,0.23623604100430384,0.23623604100430384,0.23646949999965727,,285428,,145,False,False,False,False,285428,145,False,512,0.0006,,154664,16,total_elems,,285428,1,1,,,,0.0,,,,145,4,285428,3006,158,40,,,,,,,,,,,,,,,,,,,,,,,,,,,,,,,,,,,,,,,,,,,,,,,,,,,,,,,,,,,,,,,,,,
588.9998444159864,unswapping,,,,,,,,,,,,,,,,,,,,,,,,,,,,,,,,,,,,,,,,,,,,,,,,,,143,4,272240,2868,158,40,0,both,0,20,20,2,"[[6, 7], [36, 37]]",2,,,,,0,,,,,,,,,,,,,,,,,,,,,,,,,,,,,,,,,,,,,,,,,,,,,,,,,,,,,
590.4330952909659,unswapping,,,,,,,,,,,,,,,,,,,,,,,,,,,,,,,,,,,,,,,,,,,,,,,,,,105,4,205228,2516,158,40,0,both,1,19,19,6,"[[3, 4], [9, 10], [23, 24], [25, 26], [31, 32], [33, 34]]",8,,,,,0,,,,,,,,,,,,,,,,,,,,,,,,,,,,,,,,,,,,,,,,,,,,,,,,,,,,,
590.8761058329837,unswapping,,,,,,,,,,,,,,,,,,,,,,,,,,,,,,,,,,,,,,,,,,,,,,,,,,104,4,202228,2500,158,40,0,left,0,20,20,1,"[[10, 11]]",9,,,,,2,,,,,,,,,,,,,,,,,,,,,,,,,,,,,,,,,,,,,,,,,,,,,,,,,,,,,
591.459442582971,unswapping,,,,,,,,,,,,,,,,,,,,,,,,,,,,,,,,,,,,,,,,,,,,,,,,,,103,4,179812,2386,158,40,0,left,1,19,19,4,"[[23, 24], [25, 26], [31, 32], [33, 34]]",13,,,,,10,,,,,,,,,,,,,,,,,,,,,,,,,,,,,,,,,,,,,,,,,,,,,,,,,,,,,
591.9055139999837,unswapping,,,,,,,,,,,,,,,,,,,,,,,,,,,,,,,,,,,,,,,,,,,,,,,,,,103,4,160880,2262,158,40,0,right,0,20,20,5,"[[4, 5], [10, 11], [12, 13], [24, 25], [32, 33]]",18,,,,,16,,,,,,,,,,,,,,,,,,,,,,,,,,,,,,,,,,,,,,,,,,,,,,,,,,,,,
592.2632254160126,unswapping,,,,,,,,,,,,,,,,,,,,,,,,,,,,,,,,,,,,,,,,,,,,,,,,,,103,4,152368,2182,158,40,0,right,1,19,19,2,"[[13, 14], [17, 18]]",20,,,,,20,,,,,,,,,,,,,,,,,,,,,,,,,,,,,,,,,,,,,,,,,,,,,,,,,,,,,
592.9019053750089,unswapping,,,,,,,,,,,,,,,,,,,,,,,,,,,,,,,,,,,,,,,,,,,,,,,,,,103,4,152368,2182,158,40,1,both,0,20,20,0,[],0,,,,,20,,,,,,,,,,,,,,,,,,,,,,,,,,,,,,,,,,,,,,,,,,,,,,,,,,,,,
593.4671469579916,unswapping,,,,,,,,,,,,,,,,,,,,,,,,,,,,,,,,,,,,,,,,,,,,,,,,,,103,4,152368,2182,158,40,1,both,1,19,19,0,[],0,,,,,20,,,,,,,,,,,,,,,,,,,,,,,,,,,,,,,,,,,,,,,,,,,,,,,,,,,,,
593.7353424999746,unswapping,,,,,,,,,,,,,,,,,,,,,,,,,,,,,,,,,,,,,,,,,,,,,,,,,,103,4,152368,2182,158,40,1,left,0,20,20,0,[],0,,,,,20,,,,,,,,,,,,,,,,,,,,,,,,,,,,,,,,,,,,,,,,,,,,,,,,,,,,,
593.9805304579786,unswapping,,,,,,,,,,,,,,,,,,,,,,,,,,,,,,,,,,,,,,,,,,,,,,,,,,103,4,152368,2182,158,40,1,left,1,19,19,0,[],0,,,,,20,,,,,,,,,,,,,,,,,,,,,,,,,,,,,,,,,,,,,,,,,,,,,,,,,,,,,
594.3791894160095,unswapping,,,,,,,,,,,,,,,,,,,,,,,,,,,,,,,,,,,,,,,,,,,,,,,,,,103,4,152112,2174,158,40,1,right,0,20,20,1,"[[18, 19]]",1,,,,,22,,,,,,,,,,,,,,,,,,,,,,,,,,,,,,,,,,,,,,,,,,,,,,,,,,,,,
594.6397368329926,unswapping,,,,,,,,,,,,,,,,,,,,,,,,,,,,,,,,,,,,,,,,,,,,,,,,,,103,4,152112,2174,158,40,1,right,1,19,19,0,[],1,,,,,22,,,,,,,,,,,,,,,,,,,,,,,,,,,,,,,,,,,,,,,,,,,,,,,,,,,,,
595.2732261249912,unswapping,,,,,,,,,,,,,,,,,,,,,,,,,,,,,,,,,,,,,,,,,,,,,,,,,,103,4,152112,2174,158,40,2,both,0,20,20,0,[],0,,,,,22,,,,,,,,,,,,,,,,,,,,,,,,,,,,,,,,,,,,,,,,,,,,,,,,,,,,,
595.815262958,unswapping,,,,,,,,,,,,,,,,,,,,,,,,,,,,,,,,,,,,,,,,,,,,,,,,,,103,4,152112,2174,158,40,2,both,1,19,19,0,[],0,,,,,22,,,,,,,,,,,,,,,,,,,,,,,,,,,,,,,,,,,,,,,,,,,,,,,,,,,,,
596.1254966660053,unswapping,,,,,,,,,,,,,,,,,,,,,,,,,,,,,,,,,,,,,,,,,,,,,,,,,,103,4,152112,2174,158,40,2,left,0,20,20,0,[],0,,,,,22,,,,,,,,,,,,,,,,,,,,,,,,,,,,,,,,,,,,,,,,,,,,,,,,,,,,,
596.3664748750161,unswapping,,,,,,,,,,,,,,,,,,,,,,,,,,,,,,,,,,,,,,,,,,,,,,,,,,103,4,152112,2174,158,40,2,left,1,19,19,0,[],0,,,,,22,,,,,,,,,,,,,,,,,,,,,,,,,,,,,,,,,,,,,,,,,,,,,,,,,,,,,
596.6328641659929,unswapping,,,,,,,,,,,,,,,,,,,,,,,,,,,,,,,,,,,,,,,,,,,,,,,,,,103,4,152112,2174,158,40,2,right,0,20,20,0,[],0,,,,,22,,,,,,,,,,,,,,,,,,,,,,,,,,,,,,,,,,,,,,,,,,,,,,,,,,,,,
596.9118419580045,unswapping,,,,,,,,,,,,,,,,,,,,,,,,,,,,,,,,,,,,,,,,,,,,,,,,,,103,4,152112,2174,158,40,2,right,1,19,19,0,[],0,,,,,22,,,,,,,,,,,,,,,,,,,,,,,,,,,,,,,,,,,,,,,,,,,,,,,,,,,,,
598.2608579999651,unswap_cycle_summary,,,,,,,,,,,,404,386,790,,,,,,,,,,,,,,,,,,,512,0.0006,,,,,,,,,,,,,,,,103,4,152112,2174,158,40,,,,,,,,,,,,,,,,,,,,,37,9.649291999987327,790,808,18,0,False,True,False,,0,"[404, 386]","[0, 1, 2, 4, 3, 5, 7, 6, 8, 10, 11, 9, 12, 13, 14, 15, 16, 17, 18, 19, 20, 21, 22, 23, 24, 25, 26, 27, 28, 29, 30, 31, 32, 33, 34, 35, 37, 36, 38, 39]","[0, 1, 2, 4, 5, 3, 7, 6, 8, 10, 11, 9, 13, 14, 12, 15, 16, 18, 19, 17, 20, 21, 22, 24, 26, 23, 25, 27, 28, 29, 30, 32, 34, 31, 33, 35, 37, 36, 38, 39]",,"{'index': 2, 'interactions': [('unitary', (24, 25)), ('unitary', (27, 26))]}","[2, 4, 5, 5, 5, 5, 5, 4, 3, 3, 3, 4, 5, 5, 6, 6, 4, 2, 3, 4, 6, 7, 7, 7, 5, 5, 6, 6, 6, 5, 5, 5, 4, 3, 4, 5, 4, 4, 2]",ad7550cec5dcd14d6bea9633bf565bee6d3918bd32881aafcb3f668da4fbd822,,,,,,,,,,,,,,,,,,,,,,,,,,,,
598.4824308750103,rewiring,right,post_unswap,0.14611445798072964,31,False,False,,,,,,,,,,,,,,,,,,,,,,,,,,,,,,,,,,,,,,,,,,,,,,,,,,,,,,,,,,,,,,,,,,,,,,37,,,,,,,,,,,,,,,,,,50,False,0,4,bond_profile,8,False,1,3033,"(310, 41, 11, 8, 18, 97, 31)",0.0027577909640967846,0.1433335830224678,"[{'seed': 2024, 'score': (310, 41, 11, 8, 19, 97, 32), 'num_layers': 32, 'total_swaps': 97, 'max_layer_swaps': 8, 'swap_only_layers': 19, 'work_layers': 13, 'unitary_layers': 13, 'first_work_layer': 2, 'leading_no_work_layers': 2, 'bond_profile_layers_scored': 8, 'bond_profile_total_cost': 310, 'bond_profile_max_cost': 41, 'bond_profile_gate_count': 11}, {'seed': 3033, 'score': (310, 41, 11, 8, 18, 97, 31), 'num_layers': 31, 'total_swaps': 97, 'max_layer_swaps': 8, 'swap_only_layers': 18, 'work_layers': 13, 'unitary_layers': 13, 'first_work_layer': 2, 'leading_no_work_layers': 2, 'bond_profile_layers_scored': 8, 'bond_profile_total_cost': 310, 'bond_profile_max_cost': 41, 'bond_profile_gate_count': 11}, {'seed': 4042, 'score': (355, 41, 13, 8, 19, 97, 30), 'num_layers': 30, 'total_swaps': 97, 'max_layer_swaps': 8, 'swap_only_layers': 19, 'work_layers': 11, 'unitary_layers': 11, 'first_work_layer': 2, 'leading_no_work_layers': 2, 'bond_profile_layers_scored': 8, 'bond_profile_total_cost': 355, 'bond_profile_max_cost': 41, 'bond_profile_gate_count': 13}, {'seed': 5051, 'score': (347, 41, 12, 8, 21, 97, 33), 'num_layers': 33, 'total_swaps': 97, 'max_layer_swaps': 8, 'swap_only_layers': 21, 'work_layers': 12, 'unitary_layers': 12, 'first_work_layer': 2, 'leading_no_work_layers': 2, 'bond_profile_layers_scored': 8, 'bond_profile_total_cost': 347, 'bond_profile_max_cost': 41, 'bond_profile_gate_count': 12}]",0.14610895898658782,0.1462857919977978,,,,,,,,,,,,,
598.5552103329683,cycle_progress,,,,,,,,,,,,404,386,790,,,,,,,,,,,,,,,,,,,512,0.0006,,154664,16,,,,,,,,,,,,,103,4,152112,2174,158,40,,,,,,,,,,,,,,,,,,,,,37,,790,808,18,0,False,,,,,,,,,,,,,,,,,,,,,,,,,,0.1462857919977978,,,,,,,,,,,,,
598.7609417499625,absorbing,,,,,,,R,0,1,0,31,404,386,790,8,0,0,0.0,0.12687279202509671,0.12687279202509671,0.1289430829929188,,187000,,103,False,False,False,False,187000,103,False,512,0.0006,,152112,17,total_elems,,187000,1,1,,,,0.0,,,,103,4,187000,2472,158,40,,,,,,,,,,,,,,,,,,,,,,,,,,,,,,,,,,,,,,,,,,,,,,,,,,,,,,,,,,,,,,,,,,
599.042212374974,absorbing,,,,,,,R,0,2,0,31,404,386,790,8,0,0,0.0,0.2038423329940997,0.2038423329940997,0.20405316597316414,,274804,,143,False,False,False,False,274804,143,False,512,0.0006,,152112,17,total_elems,,274804,1,1,,,,0.0,,,,143,4,274804,2930,158,40,,,,,,,,,,,,,,,,,,,,,,,,,,,,,,,,,,,,,,,,,,,,,,,,,,,,,,,,,,,,,,,,,,
599.5345818329952,absorbing,,,,,,,R,0,3,0,31,404,388,792,8,2,2,0.0,0.4175026670563966,0.4175026670563966,0.41770125000039116,,492388,,177,False,False,False,False,492388,177,False,512,0.0006,,152112,17,total_elems,,492388,1,1,,,,0.0,,,,177,4,492388,3736,158,40,,,,,,,,,,,,,,,,,,,,,,,,,,,,,,,,,,,,,,,,,,,,,,,,,,,,,,,,,,,,,,,,,,
602.9676994999754,unswapping,,,,,,,,,,,,,,,,,,,,,,,,,,,,,,,,,,,,,,,,,,,,,,,,,,163,4,405640,3208,158,40,0,both,0,20,20,8,"[[6, 7], [8, 9], [16, 17], [24, 25], [30, 31], [32, 33], [34, 35], [36, 37]]",8,,,,,0,,,,,,,,,,,,,,,,,,,,,,,,,,,,,,,,,,,,,,,,,,,,,,,,,,,,,
605.5581947079627,unswapping,,,,,,,,,,,,,,,,,,,,,,,,,,,,,,,,,,,,,,,,,,,,,,,,,,153,4,375844,3046,158,40,0,both,1,19,19,3,"[[3, 4], [9, 10], [11, 12]]",11,,,,,0,,,,,,,,,,,,,,,,,,,,,,,,,,,,,,,,,,,,,,,,,,,,,,,,,,,,,
606.712350582995,unswapping,,,,,,,,,,,,,,,,,,,,,,,,,,,,,,,,,,,,,,,,,,,,,,,,,,149,4,357112,2978,158,40,0,left,0,20,20,3,"[[24, 25], [32, 33], [34, 35]]",14,,,,,6,,,,,,,,,,,,,,,,,,,,,,,,,,,,,,,,,,,,,,,,,,,,,,,,,,,,,
607.8573040830088,unswapping,,,,,,,,,,,,,,,,,,,,,,,,,,,,,,,,,,,,,,,,,,,,,,,,,,146,4,337744,2920,158,40,0,left,1,19,19,3,"[[3, 4], [11, 12], [25, 26]]",17,,,,,12,,,,,,,,,,,,,,,,,,,,,,,,,,,,,,,,,,,,,,,,,,,,,,,,,,,,,
608.8152908330085,unswapping,,,,,,,,,,,,,,,,,,,,,,,,,,,,,,,,,,,,,,,,,,,,,,,,,,136,4,298488,2790,158,40,0,right,0,20,20,5,"[[4, 5], [10, 11], [12, 13], [22, 23], [26, 27]]",22,,,,,22,,,,,,,,,,,,,,,,,,,,,,,,,,,,,,,,,,,,,,,,,,,,,,,,,,,,,
609.6506059159874,unswapping,,,,,,,,,,,,,,,,,,,,,,,,,,,,,,,,,,,,,,,,,,,,,,,,,,136,4,278696,2632,158,40,0,right,1,19,19,3,"[[13, 14], [31, 32], [33, 34]]",25,,,,,28,,,,,,,,,,,,,,,,,,,,,,,,,,,,,,,,,,,,,,,,,,,,,,,,,,,,,
611.1205745000043,unswapping,,,,,,,,,,,,,,,,,,,,,,,,,,,,,,,,,,,,,,,,,,,,,,,,,,136,4,275984,2620,158,40,1,both,0,20,20,1,"[[32, 33]]",1,,,,,28,,,,,,,,,,,,,,,,,,,,,,,,,,,,,,,,,,,,,,,,,,,,,,,,,,,,,
612.2942349580117,unswapping,,,,,,,,,,,,,,,,,,,,,,,,,,,,,,,,,,,,,,,,,,,,,,,,,,136,4,275984,2620,158,40,1,both,1,19,19,0,[],1,,,,,28,,,,,,,,,,,,,,,,,,,,,,,,,,,,,,,,,,,,,,,,,,,,,,,,,,,,,
612.9483771660016,unswapping,,,,,,,,,,,,,,,,,,,,,,,,,,,,,,,,,,,,,,,,,,,,,,,,,,136,4,274340,2610,158,40,1,left,0,20,20,1,"[[32, 33]]",2,,,,,30,,,,,,,,,,,,,,,,,,,,,,,,,,,,,,,,,,,,,,,,,,,,,,,,,,,,,
613.5085051250062,unswapping,,,,,,,,,,,,,,,,,,,,,,,,,,,,,,,,,,,,,,,,,,,,,,,,,,136,4,274340,2610,158,40,1,left,1,19,19,0,[],2,,,,,30,,,,,,,,,,,,,,,,,,,,,,,,,,,,,,,,,,,,,,,,,,,,,,,,,,,,,
614.0385302079958,unswapping,,,,,,,,,,,,,,,,,,,,,,,,,,,,,,,,,,,,,,,,,,,,,,,,,,136,4,274340,2610,158,40,1,right,0,20,20,0,[],2,,,,,30,,,,,,,,,,,,,,,,,,,,,,,,,,,,,,,,,,,,,,,,,,,,,,,,,,,,,
614.568949041015,unswapping,,,,,,,,,,,,,,,,,,,,,,,,,,,,,,,,,,,,,,,,,,,,,,,,,,136,4,274340,2610,158,40,1,right,1,19,19,0,[],2,,,,,30,,,,,,,,,,,,,,,,,,,,,,,,,,,,,,,,,,,,,,,,,,,,,,,,,,,,,
615.622566999984,unswapping,,,,,,,,,,,,,,,,,,,,,,,,,,,,,,,,,,,,,,,,,,,,,,,,,,136,4,274340,2610,158,40,2,both,0,20,20,0,[],0,,,,,30,,,,,,,,,,,,,,,,,,,,,,,,,,,,,,,,,,,,,,,,,,,,,,,,,,,,,
616.6883563330048,unswapping,,,,,,,,,,,,,,,,,,,,,,,,,,,,,,,,,,,,,,,,,,,,,,,,,,136,4,274340,2610,158,40,2,both,1,19,19,0,[],0,,,,,30,,,,,,,,,,,,,,,,,,,,,,,,,,,,,,,,,,,,,,,,,,,,,,,,,,,,,
617.1549233749975,unswapping,,,,,,,,,,,,,,,,,,,,,,,,,,,,,,,,,,,,,,,,,,,,,,,,,,136,4,274340,2610,158,40,2,left,0,20,20,0,[],0,,,,,30,,,,,,,,,,,,,,,,,,,,,,,,,,,,,,,,,,,,,,,,,,,,,,,,,,,,,
617.6893848329782,unswapping,,,,,,,,,,,,,,,,,,,,,,,,,,,,,,,,,,,,,,,,,,,,,,,,,,136,4,274340,2610,158,40,2,left,1,19,19,0,[],0,,,,,30,,,,,,,,,,,,,,,,,,,,,,,,,,,,,,,,,,,,,,,,,,,,,,,,,,,,,
618.1900242500124,unswapping,,,,,,,,,,,,,,,,,,,,,,,,,,,,,,,,,,,,,,,,,,,,,,,,,,136,4,274340,2610,158,40,2,right,0,20,20,0,[],0,,,,,30,,,,,,,,,,,,,,,,,,,,,,,,,,,,,,,,,,,,,,,,,,,,,,,,,,,,,
618.7783228330081,unswapping,,,,,,,,,,,,,,,,,,,,,,,,,,,,,,,,,,,,,,,,,,,,,,,,,,136,4,274340,2610,158,40,2,right,1,19,19,0,[],0,,,,,30,,,,,,,,,,,,,,,,,,,,,,,,,,,,,,,,,,,,,,,,,,,,,,,,,,,,,
620.2213040830102,unswap_cycle_summary,,,,,,,,,,,,404,388,792,,,,,,,,,,,,,,,,,,,512,0.0006,,,,,,,,,,,,,,,,136,4,274340,2610,158,40,,,,,,,,,,,,,,,,,,,,,38,18.69395629200153,792,808,16,2,False,True,False,,0,"[404, 388]","[0, 1, 2, 3, 4, 5, 7, 6, 9, 10, 8, 11, 12, 13, 14, 15, 17, 16, 18, 19, 20, 21, 22, 23, 24, 26, 25, 27, 28, 29, 31, 30, 32, 33, 34, 35, 37, 36, 38, 39]","[0, 1, 2, 4, 5, 3, 7, 6, 9, 10, 12, 8, 13, 14, 11, 15, 17, 16, 18, 19, 20, 21, 23, 22, 25, 24, 27, 26, 28, 29, 31, 33, 35, 30, 32, 34, 37, 36, 38, 39]",,"{'index': 3, 'interactions': [('unitary', (7, 8)), ('unitary', (29, 30))]}","[2, 4, 5, 5, 5, 5, 5, 4, 3, 3, 3, 4, 5, 5, 6, 6, 4, 4, 4, 4, 6, 7, 7, 8, 7, 6, 6, 5, 5, 5, 5, 5, 5, 3, 4, 5, 4, 4, 2]",c6fe5819801803b8ec3100d1e437ea99788f063034f2873ff578250a45120e4f,,,,,,,,,,,,,,,,,,,,,,,,,,,,
620.4892040829873,rewiring,right,post_unswap,0.18703845801064745,30,False,False,,,,,,,,,,,,,,,,,,,,,,,,,,,,,,,,,,,,,,,,,,,,,,,,,,,,,,,,,,,,,,,,,,,,,,38,,,,,,,,,,,,,,,,,,50,False,2,4,bond_profile,8,False,1,5051,"(214, 40, 9, 8, 19, 88, 32)",0.003420917026232928,0.18358054000418633,"[{'seed': 2024, 'score': (422, 64, 15, 8, 20, 87, 29), 'num_layers': 29, 'total_swaps': 87, 'max_layer_swaps': 8, 'swap_only_layers': 20, 'work_layers': 9, 'unitary_layers': 9, 'first_work_layer': 2, 'leading_no_work_layers': 2, 'bond_profile_layers_scored': 8, 'bond_profile_total_cost': 422, 'bond_profile_max_cost': 64, 'bond_profile_gate_count': 15}, {'seed': 3033, 'score': (232, 40, 9, 8, 19, 87, 32), 'num_layers': 32, 'total_swaps': 87, 'max_layer_swaps': 8, 'swap_only_layers': 19, 'work_layers': 13, 'unitary_layers': 13, 'first_work_layer': 2, 'leading_no_work_layers': 2, 'bond_profile_layers_scored': 8, 'bond_profile_total_cost': 232, 'bond_profile_max_cost': 40, 'bond_profile_gate_count': 9}, {'seed': 4042, 'score': (350, 136, 10, 8, 20, 86, 32), 'num_layers': 32, 'total_swaps': 86, 'max_layer_swaps': 7, 'swap_only_layers': 20, 'work_layers': 12, 'unitary_layers': 12, 'first_work_layer': 2, 'leading_no_work_layers': 2, 'bond_profile_layers_scored': 8, 'bond_profile_total_cost': 350, 'bond_profile_max_cost': 136, 'bond_profile_gate_count': 10}, {'seed': 5051, 'score': (214, 40, 9, 8, 19, 88, 32), 'num_layers': 32, 'total_swaps': 88, 'max_layer_swaps': 7, 'swap_only_layers': 19, 'work_layers': 13, 'unitary_layers': 13, 'first_work_layer': 2, 'leading_no_work_layers': 2, 'bond_profile_layers_scored': 8, 'bond_profile_total_cost': 214, 'bond_profile_max_cost': 40, 'bond_profile_gate_count': 9}]",0.18702987500000745,0.18748708302155137,,,,,,,,,,,,,
620.5683374159853,cycle_progress,,,,,,,,,,,,404,388,792,,,,,,,,,,,,,,,,,,,512,0.0006,,152112,17,,,,,,,,,,,,,136,4,274340,2610,158,40,,,,,,,,,,,,,,,,,,,,,38,,792,808,16,2,False,,,,,,,,,,,,,,,,,,,,,,,,,,0.18748708302155137,,,,,,,,,,,,,
620.938813457964,absorbing,,,,,,,R,0,1,0,32,404,388,792,7,0,0,0.0,0.2852233339799568,0.2852233339799568,0.28773541597183794,,334568,,143,False,False,False,False,334568,143,False,512,0.0006,,274340,0,total_elems,,334568,1,1,,,,0.0,,,,143,4,334568,2950,158,40,,,,,,,,,,,,,,,,,,,,,,,,,,,,,,,,,,,,,,,,,,,,,,,,,,,,,,,,,,,,,,,,,,
621.2807269999757,absorbing,,,,,,,R,0,2,0,32,404,388,792,7,0,0,0.0,0.2625525000039488,0.2625525000039488,0.26277587498771027,,376024,,138,False,False,False,False,376024,138,False,512,0.0006,,274340,0,total_elems,,376024,1,1,,,,0.0,,,,138,4,376024,3236,158,40,,,,,,,,,,,,,,,,,,,,,,,,,,,,,,,,,,,,,,,,,,,,,,,,,,,,,,,,,,,,,,,,,,
621.6544387909817,absorbing,,,,,,,R,0,3,0,32,404,389,793,5,1,1,0.0,0.2947808330063708,0.2947808330063708,0.2949908340233378,,418844,,136,False,False,False,False,418844,136,False,512,0.0006,,274340,0,total_elems,,418844,1,1,,,,0.0,,,,136,4,418844,3572,158,40,,,,,,,,,,,,,,,,,,,,,,,,,,,,,,,,,,,,,,,,,,,,,,,,,,,,,,,,,,,,,,,,,,
624.3753677909845,unswapping,,,,,,,,,,,,,,,,,,,,,,,,,,,,,,,,,,,,,,,,,,,,,,,,,,136,4,369120,3206,158,40,0,both,0,20,20,6,"[[8, 9], [16, 17], [30, 31], [32, 33], [34, 35], [36, 37]]",6,,,,,0,,,,,,,,,,,,,,,,,,,,,,,,,,,,,,,,,,,,,,,,,,,,,,,,,,,,,
626.25427020801,unswapping,,,,,,,,,,,,,,,,,,,,,,,,,,,,,,,,,,,,,,,,,,,,,,,,,,136,4,348984,3036,158,40,0,both,1,19,19,4,"[[3, 4], [11, 12], [17, 18], [31, 32]]",10,,,,,0,,,,,,,,,,,,,,,,,,,,,,,,,,,,,,,,,,,,,,,,,,,,,,,,,,,,,
627.0460590000148,unswapping,,,,,,,,,,,,,,,,,,,,,,,,,,,,,,,,,,,,,,,,,,,,,,,,,,136,4,343844,2986,158,40,0,left,0,20,20,2,"[[8, 9], [34, 35]]",12,,,,,4,,,,,,,,,,,,,,,,,,,,,,,,,,,,,,,,,,,,,,,,,,,,,,,,,,,,,
627.9536262910115,unswapping,,,,,,,,,,,,,,,,,,,,,,,,,,,,,,,,,,,,,,,,,,,,,,,,,,136,4,337412,2936,158,40,0,left,1,19,19,3,"[[11, 12], [17, 18], [31, 32]]",15,,,,,10,,,,,,,,,,,,,,,,,,,,,,,,,,,,,,,,,,,,,,,,,,,,,,,,,,,,,
628.7584689159994,unswapping,,,,,,,,,,,,,,,,,,,,,,,,,,,,,,,,,,,,,,,,,,,,,,,,,,136,4,324964,2824,158,40,0,right,0,20,20,5,"[[4, 5], [12, 13], [16, 17], [18, 19], [20, 21]]",20,,,,,20,,,,,,,,,,,,,,,,,,,,,,,,,,,,,,,,,,,,,,,,,,,,,,,,,,,,,
629.5932124999817,unswapping,,,,,,,,,,,,,,,,,,,,,,,,,,,,,,,,,,,,,,,,,,,,,,,,,,136,4,313764,2704,158,40,0,right,1,19,19,4,"[[9, 10], [13, 14], [17, 18], [33, 34]]",24,,,,,28,,,,,,,,,,,,,,,,,,,,,,,,,,,,,,,,,,,,,,,,,,,,,,,,,,,,,
631.1903955409653,unswapping,,,,,,,,,,,,,,,,,,,,,,,,,,,,,,,,,,,,,,,,,,,,,,,,,,136,4,312180,2682,158,40,1,both,0,20,20,1,"[[32, 33]]",1,,,,,32,,,,,,,,,,,,,,,,,,,,,,,,,,,,,,,,,,,,,,,,,,,,,,,,,,,,,
632.5583185409778,unswapping,,,,,,,,,,,,,,,,,,,,,,,,,,,,,,,,,,,,,,,,,,,,,,,,,,136,4,312180,2682,158,40,1,both,1,19,19,0,[],1,,,,,32,,,,,,,,,,,,,,,,,,,,,,,,,,,,,,,,,,,,,,,,,,,,,,,,,,,,,
633.1201442499878,unswapping,,,,,,,,,,,,,,,,,,,,,,,,,,,,,,,,,,,,,,,,,,,,,,,,,,136,4,312180,2682,158,40,1,left,0,20,20,0,[],1,,,,,32,,,,,,,,,,,,,,,,,,,,,,,,,,,,,,,,,,,,,,,,,,,,,,,,,,,,,
633.7863188749761,unswapping,,,,,,,,,,,,,,,,,,,,,,,,,,,,,,,,,,,,,,,,,,,,,,,,,,136,4,312180,2682,158,40,1,left,1,19,19,0,[],1,,,,,32,,,,,,,,,,,,,,,,,,,,,,,,,,,,,,,,,,,,,,,,,,,,,,,,,,,,,
634.5353476660093,unswapping,,,,,,,,,,,,,,,,,,,,,,,,,,,,,,,,,,,,,,,,,,,,,,,,,,136,4,311716,2672,158,40,1,right,0,20,20,1,"[[10, 11]]",2,,,,,34,,,,,,,,,,,,,,,,,,,,,,,,,,,,,,,,,,,,,,,,,,,,,,,,,,,,,
635.1487552910112,unswapping,,,,,,,,,,,,,,,,,,,,,,,,,,,,,,,,,,,,,,,,,,,,,,,,,,136,4,311716,2672,158,40,1,right,1,19,19,0,[],2,,,,,34,,,,,,,,,,,,,,,,,,,,,,,,,,,,,,,,,,,,,,,,,,,,,,,,,,,,,
636.3821495409939,unswapping,,,,,,,,,,,,,,,,,,,,,,,,,,,,,,,,,,,,,,,,,,,,,,,,,,136,4,311716,2672,158,40,2,both,0,20,20,0,[],0,,,,,34,,,,,,,,,,,,,,,,,,,,,,,,,,,,,,,,,,,,,,,,,,,,,,,,,,,,,
637.7227201659698,unswapping,,,,,,,,,,,,,,,,,,,,,,,,,,,,,,,,,,,,,,,,,,,,,,,,,,136,4,311716,2672,158,40,2,both,1,19,19,0,[],0,,,,,34,,,,,,,,,,,,,,,,,,,,,,,,,,,,,,,,,,,,,,,,,,,,,,,,,,,,,
638.3229727079743,unswapping,,,,,,,,,,,,,,,,,,,,,,,,,,,,,,,,,,,,,,,,,,,,,,,,,,136,4,311716,2672,158,40,2,left,0,20,20,0,[],0,,,,,34,,,,,,,,,,,,,,,,,,,,,,,,,,,,,,,,,,,,,,,,,,,,,,,,,,,,,
638.9841977499891,unswapping,,,,,,,,,,,,,,,,,,,,,,,,,,,,,,,,,,,,,,,,,,,,,,,,,,136,4,311716,2672,158,40,2,left,1,19,19,0,[],0,,,,,34,,,,,,,,,,,,,,,,,,,,,,,,,,,,,,,,,,,,,,,,,,,,,,,,,,,,,
639.588591540989,unswapping,,,,,,,,,,,,,,,,,,,,,,,,,,,,,,,,,,,,,,,,,,,,,,,,,,136,4,311716,2672,158,40,2,right,0,20,20,0,[],0,,,,,34,,,,,,,,,,,,,,,,,,,,,,,,,,,,,,,,,,,,,,,,,,,,,,,,,,,,,
640.2786292079836,unswapping,,,,,,,,,,,,,,,,,,,,,,,,,,,,,,,,,,,,,,,,,,,,,,,,,,136,4,311716,2672,158,40,2,right,1,19,19,0,[],0,,,,,34,,,,,,,,,,,,,,,,,,,,,,,,,,,,,,,,,,,,,,,,,,,,,,,,,,,,,
641.7056535829906,unswap_cycle_summary,,,,,,,,,,,,404,389,793,,,,,,,,,,,,,,,,,,,512,0.0006,,,,,,,,,,,,,,,,136,4,311716,2672,158,40,,,,,,,,,,,,,,,,,,,,,39,18.038018292048946,793,808,15,1,False,True,False,,0,"[404, 389]","[0, 1, 2, 4, 3, 5, 6, 7, 8, 9, 10, 11, 12, 13, 14, 15, 17, 16, 18, 19, 20, 21, 22, 23, 24, 25, 26, 27, 28, 29, 31, 30, 32, 33, 34, 35, 37, 36, 38, 39]","[0, 1, 2, 4, 5, 3, 6, 7, 9, 10, 12, 8, 13, 14, 11, 15, 18, 19, 17, 16, 21, 20, 22, 23, 24, 25, 26, 27, 28, 29, 31, 33, 35, 30, 32, 34, 37, 36, 38, 39]",,"{'index': 3, 'interactions': [('unitary', (29, 30))]}","[2, 4, 5, 5, 5, 5, 5, 4, 3, 3, 3, 4, 5, 5, 6, 6, 4, 2, 3, 4, 6, 7, 7, 8, 7, 6, 6, 5, 5, 5, 5, 5, 4, 3, 4, 5, 4, 4, 2]",867383ea7c6b9d144f0d5ef1d3cc7c7676af2d1a4cafaf7bb8831ab0ec43742b,,,,,,,,,,,,,,,,,,,,,,,,,,,,
641.9367965830024,rewiring,right,post_unswap,0.15112633304670453,31,False,False,,,,,,,,,,,,,,,,,,,,,,,,,,,,,,,,,,,,,,,,,,,,,,,,,,,,,,,,,,,,,,,,,,,,,,39,,,,,,,,,,,,,,,,,,50,False,1,4,bond_profile,8,False,1,5051,"(316, 126, 9, 8, 15, 89, 27)",0.0028611660236492753,0.14823887607781217,"[{'seed': 2024, 'score': (316, 126, 9, 8, 21, 89, 33), 'num_layers': 33, 'total_swaps': 89, 'max_layer_swaps': 9, 'swap_only_layers': 21, 'work_layers': 12, 'unitary_layers': 12, 'first_work_layer': 3, 'leading_no_work_layers': 3, 'bond_profile_layers_scored': 8, 'bond_profile_total_cost': 316, 'bond_profile_max_cost': 126, 'bond_profile_gate_count': 9}, {'seed': 3033, 'score': (337, 136, 11, 8, 18, 90, 29), 'num_layers': 29, 'total_swaps': 90, 'max_layer_swaps': 8, 'swap_only_layers': 18, 'work_layers': 11, 'unitary_layers': 11, 'first_work_layer': 3, 'leading_no_work_layers': 3, 'bond_profile_layers_scored': 8, 'bond_profile_total_cost': 337, 'bond_profile_max_cost': 136, 'bond_profile_gate_count': 11}, {'seed': 4042, 'score': (370, 136, 10, 8, 15, 89, 27), 'num_layers': 27, 'total_swaps': 89, 'max_layer_swaps': 8, 'swap_only_layers': 15, 'work_layers': 12, 'unitary_layers': 12, 'first_work_layer': 3, 'leading_no_work_layers': 3, 'bond_profile_layers_scored': 8, 'bond_profile_total_cost': 370, 'bond_profile_max_cost': 136, 'bond_profile_gate_count': 10}, {'seed': 5051, 'score': (316, 126, 9, 8, 15, 89, 27), 'num_layers': 27, 'total_swaps': 89, 'max_layer_swaps': 9, 'swap_only_layers': 15, 'work_layers': 12, 'unitary_layers': 12, 'first_work_layer': 3, 'leading_no_work_layers': 3, 'bond_profile_layers_scored': 8, 'bond_profile_total_cost': 316, 'bond_profile_max_cost': 126, 'bond_profile_gate_count': 9}]",0.15112008299911395,0.15133337496081367,,,,,,,,,,,,,
642.0163254999788,cycle_progress,,,,,,,,,,,,404,389,793,,,,,,,,,,,,,,,,,,,512,0.0006,,274340,0,,,,,,,,,,,,,136,4,311716,2672,158,40,,,,,,,,,,,,,,,,,,,,,39,,793,808,15,1,False,,,,,,,,,,,,,,,,,,,,,,,,,,0.15133337496081367,,,,,,,,,,,,,
642.3228802909725,absorbing,,,,,,,R,0,1,0,27,404,389,793,7,0,0,0.0,0.22427345800679177,0.22427345800679177,0.2249118749750778,,328924,,136,False,False,False,False,328924,136,False,512,0.0006,,311716,0,total_elems,,328924,1,1,,,,0.0,,,,136,4,328924,2848,158,40,,,,,,,,,,,,,,,,,,,,,,,,,,,,,,,,,,,,,,,,,,,,,,,,,,,,,,,,,,,,,,,,,,
642.6715370829916,absorbing,,,,,,,R,0,2,0,27,404,389,793,8,0,0,0.0,0.2660920000053011,0.2660920000053011,0.26632624998455867,,413036,,172,False,False,False,False,413036,172,False,512,0.0006,,311716,0,total_elems,,413036,1,1,,,,0.0,,,,172,4,413036,3312,158,40,,,,,,,,,,,,,,,,,,,,,,,,,,,,,,,,,,,,,,,,,,,,,,,,,,,,,,,,,,,,,,,,,,
646.2041094579617,unswapping,,,,,,,,,,,,,,,,,,,,,,,,,,,,,,,,,,,,,,,,,,,,,,,,,,158,4,397876,3216,158,40,0,both,0,20,20,1,"[[36, 37]]",1,,,,,0,,,,,,,,,,,,,,,,,,,,,,,,,,,,,,,,,,,,,,,,,,,,,,,,,,,,,
648.3711518329801,unswapping,,,,,,,,,,,,,,,,,,,,,,,,,,,,,,,,,,,,,,,,,,,,,,,,,,136,4,336116,2878,158,40,0,both,1,19,19,6,"[[3, 4], [9, 10], [19, 20], [21, 22], [31, 32], [33, 34]]",7,,,,,0,,,,,,,,,,,,,,,,,,,,,,,,,,,,,,,,,,,,,,,,,,,,,,,,,,,,,
649.0409222079907,unswapping,,,,,,,,,,,,,,,,,,,,,,,,,,,,,,,,,,,,,,,,,,,,,,,,,,136,4,336116,2878,158,40,0,left,0,20,20,0,[],7,,,,,0,,,,,,,,,,,,,,,,,,,,,,,,,,,,,,,,,,,,,,,,,,,,,,,,,,,,,
649.9972522910102,unswapping,,,,,,,,,,,,,,,,,,,,,,,,,,,,,,,,,,,,,,,,,,,,,,,,,,136,4,327028,2818,158,40,0,left,1,19,19,3,"[[21, 22], [31, 32], [33, 34]]",10,,,,,6,,,,,,,,,,,,,,,,,,,,,,,,,,,,,,,,,,,,,,,,,,,,,,,,,,,,,
650.8521420829929,unswapping,,,,,,,,,,,,,,,,,,,,,,,,,,,,,,,,,,,,,,,,,,,,,,,,,,136,4,320276,2758,158,40,0,right,0,20,20,5,"[[4, 5], [10, 11], [12, 13], [20, 21], [32, 33]]",15,,,,,16,,,,,,,,,,,,,,,,,,,,,,,,,,,,,,,,,,,,,,,,,,,,,,,,,,,,,
651.7383125000051,unswapping,,,,,,,,,,,,,,,,,,,,,,,,,,,,,,,,,,,,,,,,,,,,,,,,,,136,4,311764,2678,158,40,0,right,1,19,19,2,"[[13, 14], [17, 18]]",17,,,,,20,,,,,,,,,,,,,,,,,,,,,,,,,,,,,,,,,,,,,,,,,,,,,,,,,,,,,
653.0299837909988,unswapping,,,,,,,,,,,,,,,,,,,,,,,,,,,,,,,,,,,,,,,,,,,,,,,,,,136,4,311764,2678,158,40,1,both,0,20,20,0,[],0,,,,,20,,,,,,,,,,,,,,,,,,,,,,,,,,,,,,,,,,,,,,,,,,,,,,,,,,,,,
654.4038038330036,unswapping,,,,,,,,,,,,,,,,,,,,,,,,,,,,,,,,,,,,,,,,,,,,,,,,,,136,4,311764,2678,158,40,1,both,1,19,19,0,[],0,,,,,20,,,,,,,,,,,,,,,,,,,,,,,,,,,,,,,,,,,,,,,,,,,,,,,,,,,,,
654.9928073330084,unswapping,,,,,,,,,,,,,,,,,,,,,,,,,,,,,,,,,,,,,,,,,,,,,,,,,,136,4,311764,2678,158,40,1,left,0,20,20,0,[],0,,,,,20,,,,,,,,,,,,,,,,,,,,,,,,,,,,,,,,,,,,,,,,,,,,,,,,,,,,,
655.6271288749995,unswapping,,,,,,,,,,,,,,,,,,,,,,,,,,,,,,,,,,,,,,,,,,,,,,,,,,136,4,311764,2678,158,40,1,left,1,19,19,0,[],0,,,,,20,,,,,,,,,,,,,,,,,,,,,,,,,,,,,,,,,,,,,,,,,,,,,,,,,,,,,
656.3626301249606,unswapping,,,,,,,,,,,,,,,,,,,,,,,,,,,,,,,,,,,,,,,,,,,,,,,,,,136,4,311508,2670,158,40,1,right,0,20,20,1,"[[18, 19]]",1,,,,,22,,,,,,,,,,,,,,,,,,,,,,,,,,,,,,,,,,,,,,,,,,,,,,,,,,,,,
657.1149037079886,unswapping,,,,,,,,,,,,,,,,,,,,,,,,,,,,,,,,,,,,,,,,,,,,,,,,,,136,4,311508,2670,158,40,1,right,1,19,19,0,[],1,,,,,22,,,,,,,,,,,,,,,,,,,,,,,,,,,,,,,,,,,,,,,,,,,,,,,,,,,,,
658.366965040972,unswapping,,,,,,,,,,,,,,,,,,,,,,,,,,,,,,,,,,,,,,,,,,,,,,,,,,136,4,311508,2670,158,40,2,both,0,20,20,0,[],0,,,,,22,,,,,,,,,,,,,,,,,,,,,,,,,,,,,,,,,,,,,,,,,,,,,,,,,,,,,
659.6479792909813,unswapping,,,,,,,,,,,,,,,,,,,,,,,,,,,,,,,,,,,,,,,,,,,,,,,,,,136,4,311508,2670,158,40,2,both,1,19,19,0,[],0,,,,,22,,,,,,,,,,,,,,,,,,,,,,,,,,,,,,,,,,,,,,,,,,,,,,,,,,,,,
660.1926079579862,unswapping,,,,,,,,,,,,,,,,,,,,,,,,,,,,,,,,,,,,,,,,,,,,,,,,,,136,4,311508,2670,158,40,2,left,0,20,20,0,[],0,,,,,22,,,,,,,,,,,,,,,,,,,,,,,,,,,,,,,,,,,,,,,,,,,,,,,,,,,,,
660.785023458011,unswapping,,,,,,,,,,,,,,,,,,,,,,,,,,,,,,,,,,,,,,,,,,,,,,,,,,136,4,311508,2670,158,40,2,left,1,19,19,0,[],0,,,,,22,,,,,,,,,,,,,,,,,,,,,,,,,,,,,,,,,,,,,,,,,,,,,,,,,,,,,
661.3300170410075,unswapping,,,,,,,,,,,,,,,,,,,,,,,,,,,,,,,,,,,,,,,,,,,,,,,,,,136,4,311508,2670,158,40,2,right,0,20,20,0,[],0,,,,,22,,,,,,,,,,,,,,,,,,,,,,,,,,,,,,,,,,,,,,,,,,,,,,,,,,,,,
661.9369935409632,unswapping,,,,,,,,,,,,,,,,,,,,,,,,,,,,,,,,,,,,,,,,,,,,,,,,,,136,4,311508,2670,158,40,2,right,1,19,19,0,[],0,,,,,22,,,,,,,,,,,,,,,,,,,,,,,,,,,,,,,,,,,,,,,,,,,,,,,,,,,,,
663.3918535829871,unswap_cycle_summary,,,,,,,,,,,,404,389,793,,,,,,,,,,,,,,,,,,,512,0.0006,,,,,,,,,,,,,,,,136,4,311508,2670,158,40,,,,,,,,,,,,,,,,,,,,,40,18.586106874980032,793,808,15,0,False,True,False,,0,"[404, 389]","[0, 1, 2, 4, 3, 5, 6, 7, 8, 10, 9, 11, 12, 13, 14, 15, 16, 17, 18, 20, 19, 21, 22, 23, 24, 25, 26, 27, 28, 29, 30, 31, 32, 33, 34, 35, 37, 36, 38, 39]","[0, 1, 2, 4, 5, 3, 6, 7, 8, 10, 11, 9, 13, 14, 12, 15, 16, 18, 20, 17, 22, 19, 21, 23, 24, 25, 26, 27, 28, 29, 30, 32, 34, 31, 33, 35, 37, 36, 38, 39]",,"{'index': 3, 'interactions': [('unitary', (29, 30))]}","[2, 4, 5, 5, 5, 5, 5, 4, 3, 3, 3, 4, 5, 5, 6, 6, 4, 2, 3, 4, 6, 7, 7, 8, 7, 6, 6, 5, 5, 5, 5, 5, 4, 3, 4, 5, 4, 4, 2]",105816f4463e1c8c4d747669ce9523fa6dd374e58bafc0dac748fd39177d3a7a,,,,,,,,,,,,,,,,,,,,,,,,,,,,
663.6462962499936,rewiring,right,post_unswap,0.1748195419786498,27,False,False,,,,,,,,,,,,,,,,,,,,,,,,,,,,,,,,,,,,,,,,,,,,,,,,,,,,,,,,,,,,,,,,,,,,,,40,,,,,,,,,,,,,,,,,,50,False,0,4,bond_profile,8,False,1,5051,"(316, 126, 9, 8, 15, 89, 27)",0.0031245839782059193,0.17166545800864697,"[{'seed': 2024, 'score': (316, 126, 9, 8, 21, 89, 33), 'num_layers': 33, 'total_swaps': 89, 'max_layer_swaps': 9, 'swap_only_layers': 21, 'work_layers': 12, 'unitary_layers': 12, 'first_work_layer': 3, 'leading_no_work_layers': 3, 'bond_profile_layers_scored': 8, 'bond_profile_total_cost': 316, 'bond_profile_max_cost': 126, 'bond_profile_gate_count': 9}, {'seed': 3033, 'score': (336, 136, 11, 8, 18, 90, 29), 'num_layers': 29, 'total_swaps': 90, 'max_layer_swaps': 8, 'swap_only_layers': 18, 'work_layers': 11, 'unitary_layers': 11, 'first_work_layer': 3, 'leading_no_work_layers': 3, 'bond_profile_layers_scored': 8, 'bond_profile_total_cost': 336, 'bond_profile_max_cost': 136, 'bond_profile_gate_count': 11}, {'seed': 4042, 'score': (370, 136, 10, 8, 15, 89, 27), 'num_layers': 27, 'total_swaps': 89, 'max_layer_swaps': 8, 'swap_only_layers': 15, 'work_layers': 12, 'unitary_layers': 12, 'first_work_layer': 3, 'leading_no_work_layers': 3, 'bond_profile_layers_scored': 8, 'bond_profile_total_cost': 370, 'bond_profile_max_cost': 136, 'bond_profile_gate_count': 10}, {'seed': 5051, 'score': (316, 126, 9, 8, 15, 89, 27), 'num_layers': 27, 'total_swaps': 89, 'max_layer_swaps': 9, 'swap_only_layers': 15, 'work_layers': 12, 'unitary_layers': 12, 'first_work_layer': 3, 'leading_no_work_layers': 3, 'bond_profile_layers_scored': 8, 'bond_profile_total_cost': 316, 'bond_profile_max_cost': 126, 'bond_profile_gate_count': 9}]",0.17481270799180493,0.1750251249759458,,,,,,,,,,,,,
663.7269529579789,cycle_progress,,,,,,,,,,,,404,389,793,,,,,,,,,,,,,,,,,,,512,0.0006,,311716,0,,,,,,,,,,,,,136,4,311508,2670,158,40,,,,,,,,,,,,,,,,,,,,,40,,793,808,15,0,False,,,,,,,,,,,,,,,,,,,,,,,,,,0.1750251249759458,,,,,,,,,,,,,
664.0209022909985,absorbing,,,,,,,R,0,1,0,27,404,389,793,7,0,0,0.0,0.20829416596097872,0.20829416596097872,0.21150475001195446,,328528,,136,False,False,False,False,328528,136,False,512,0.0006,,311508,1,total_elems,,328528,1,1,,,,0.0,,,,136,4,328528,2844,158,40,,,,,,,,,,,,,,,,,,,,,,,,,,,,,,,,,,,,,,,,,,,,,,,,,,,,,,,,,,,,,,,,,,
664.3789062909782,absorbing,,,,,,,R,0,2,0,27,404,389,793,8,0,0,0.0,0.27607191703282297,0.27607191703282297,0.2762867920100689,,396460,,155,False,False,False,False,396460,155,False,512,0.0006,,311508,1,total_elems,,396460,1,1,,,,0.0,,,,155,4,396460,3234,158,40,,,,,,,,,,,,,,,,,,,,,,,,,,,,,,,,,,,,,,,,,,,,,,,,,,,,,,,,,,,,,,,,,,
667.474022957962,unswapping,,,,,,,,,,,,,,,,,,,,,,,,,,,,,,,,,,,,,,,,,,,,,,,,,,146,4,385260,3152,158,40,0,both,0,20,20,1,"[[36, 37]]",1,,,,,0,,,,,,,,,,,,,,,,,,,,,,,,,,,,,,,,,,,,,,,,,,,,,,,,,,,,,
669.4463685409864,unswapping,,,,,,,,,,,,,,,,,,,,,,,,,,,,,,,,,,,,,,,,,,,,,,,,,,136,4,332076,2862,158,40,0,both,1,19,19,6,"[[3, 4], [9, 10], [19, 20], [21, 22], [31, 32], [33, 34]]",7,,,,,0,,,,,,,,,,,,,,,,,,,,,,,,,,,,,,,,,,,,,,,,,,,,,,,,,,,,,
670.0819033749867,unswapping,,,,,,,,,,,,,,,,,,,,,,,,,,,,,,,,,,,,,,,,,,,,,,,,,,136,4,332076,2862,158,40,0,left,0,20,20,0,[],7,,,,,0,,,,,,,,,,,,,,,,,,,,,,,,,,,,,,,,,,,,,,,,,,,,,,,,,,,,,
670.9639526249957,unswapping,,,,,,,,,,,,,,,,,,,,,,,,,,,,,,,,,,,,,,,,,,,,,,,,,,136,4,326352,2810,158,40,0,left,1,19,19,4,"[[3, 4], [21, 22], [31, 32], [33, 34]]",11,,,,,8,,,,,,,,,,,,,,,,,,,,,,,,,,,,,,,,,,,,,,,,,,,,,,,,,,,,,
671.7893507909612,unswapping,,,,,,,,,,,,,,,,,,,,,,,,,,,,,,,,,,,,,,,,,,,,,,,,,,136,4,319320,2752,158,40,0,right,0,20,20,5,"[[4, 5], [10, 11], [12, 13], [20, 21], [32, 33]]",16,,,,,18,,,,,,,,,,,,,,,,,,,,,,,,,,,,,,,,,,,,,,,,,,,,,,,,,,,,,
672.6647107909666,unswapping,,,,,,,,,,,,,,,,,,,,,,,,,,,,,,,,,,,,,,,,,,,,,,,,,,136,4,310808,2672,158,40,0,right,1,19,19,2,"[[13, 14], [17, 18]]",18,,,,,22,,,,,,,,,,,,,,,,,,,,,,,,,,,,,,,,,,,,,,,,,,,,,,,,,,,,,
673.8874262499739,unswapping,,,,,,,,,,,,,,,,,,,,,,,,,,,,,,,,,,,,,,,,,,,,,,,,,,136,4,310808,2672,158,40,1,both,0,20,20,0,[],0,,,,,22,,,,,,,,,,,,,,,,,,,,,,,,,,,,,,,,,,,,,,,,,,,,,,,,,,,,,
675.2850978749921,unswapping,,,,,,,,,,,,,,,,,,,,,,,,,,,,,,,,,,,,,,,,,,,,,,,,,,136,4,310808,2672,158,40,1,both,1,19,19,0,[],0,,,,,22,,,,,,,,,,,,,,,,,,,,,,,,,,,,,,,,,,,,,,,,,,,,,,,,,,,,,
675.8500990410103,unswapping,,,,,,,,,,,,,,,,,,,,,,,,,,,,,,,,,,,,,,,,,,,,,,,,,,136,4,310808,2672,158,40,1,left,0,20,20,0,[],0,,,,,22,,,,,,,,,,,,,,,,,,,,,,,,,,,,,,,,,,,,,,,,,,,,,,,,,,,,,
676.5496845410089,unswapping,,,,,,,,,,,,,,,,,,,,,,,,,,,,,,,,,,,,,,,,,,,,,,,,,,136,4,310808,2672,158,40,1,left,1,19,19,0,[],0,,,,,22,,,,,,,,,,,,,,,,,,,,,,,,,,,,,,,,,,,,,,,,,,,,,,,,,,,,,
677.2993940829765,unswapping,,,,,,,,,,,,,,,,,,,,,,,,,,,,,,,,,,,,,,,,,,,,,,,,,,136,4,310552,2664,158,40,1,right,0,20,20,1,"[[18, 19]]",1,,,,,24,,,,,,,,,,,,,,,,,,,,,,,,,,,,,,,,,,,,,,,,,,,,,,,,,,,,,
677.9510204580147,unswapping,,,,,,,,,,,,,,,,,,,,,,,,,,,,,,,,,,,,,,,,,,,,,,,,,,136,4,310552,2664,158,40,1,right,1,19,19,0,[],1,,,,,24,,,,,,,,,,,,,,,,,,,,,,,,,,,,,,,,,,,,,,,,,,,,,,,,,,,,,
679.2496444580029,unswapping,,,,,,,,,,,,,,,,,,,,,,,,,,,,,,,,,,,,,,,,,,,,,,,,,,136,4,310552,2664,158,40,2,both,0,20,20,0,[],0,,,,,24,,,,,,,,,,,,,,,,,,,,,,,,,,,,,,,,,,,,,,,,,,,,,,,,,,,,,
680.5950360000134,unswapping,,,,,,,,,,,,,,,,,,,,,,,,,,,,,,,,,,,,,,,,,,,,,,,,,,136,4,310552,2664,158,40,2,both,1,19,19,0,[],0,,,,,24,,,,,,,,,,,,,,,,,,,,,,,,,,,,,,,,,,,,,,,,,,,,,,,,,,,,,
681.175445166009,unswapping,,,,,,,,,,,,,,,,,,,,,,,,,,,,,,,,,,,,,,,,,,,,,,,,,,136,4,310552,2664,158,40,2,left,0,20,20,0,[],0,,,,,24,,,,,,,,,,,,,,,,,,,,,,,,,,,,,,,,,,,,,,,,,,,,,,,,,,,,,
681.8494041250087,unswapping,,,,,,,,,,,,,,,,,,,,,,,,,,,,,,,,,,,,,,,,,,,,,,,,,,136,4,310552,2664,158,40,2,left,1,19,19,0,[],0,,,,,24,,,,,,,,,,,,,,,,,,,,,,,,,,,,,,,,,,,,,,,,,,,,,,,,,,,,,
682.4620036659762,unswapping,,,,,,,,,,,,,,,,,,,,,,,,,,,,,,,,,,,,,,,,,,,,,,,,,,136,4,310552,2664,158,40,2,right,0,20,20,0,[],0,,,,,24,,,,,,,,,,,,,,,,,,,,,,,,,,,,,,,,,,,,,,,,,,,,,,,,,,,,,
683.1760315409629,unswapping,,,,,,,,,,,,,,,,,,,,,,,,,,,,,,,,,,,,,,,,,,,,,,,,,,136,4,310552,2664,158,40,2,right,1,19,19,0,[],0,,,,,24,,,,,,,,,,,,,,,,,,,,,,,,,,,,,,,,,,,,,,,,,,,,,,,,,,,,,
684.6713516659802,unswap_cycle_summary,,,,,,,,,,,,404,389,793,,,,,,,,,,,,,,,,,,,512,0.0006,,,,,,,,,,,,,,,,136,4,310552,2664,158,40,,,,,,,,,,,,,,,,,,,,,41,18.161389791988768,793,808,15,0,False,True,False,,0,"[404, 389]","[0, 1, 2, 3, 4, 5, 6, 7, 8, 10, 9, 11, 12, 13, 14, 15, 16, 17, 18, 20, 19, 21, 22, 23, 24, 25, 26, 27, 28, 29, 30, 31, 32, 33, 34, 35, 37, 36, 38, 39]","[0, 1, 2, 4, 5, 3, 6, 7, 8, 10, 11, 9, 13, 14, 12, 15, 16, 18, 20, 17, 22, 19, 21, 23, 24, 25, 26, 27, 28, 29, 30, 32, 34, 31, 33, 35, 37, 36, 38, 39]",,"{'index': 3, 'interactions': [('unitary', (29, 30))]}","[2, 4, 5, 5, 5, 5, 5, 4, 3, 3, 3, 4, 5, 5, 6, 6, 4, 2, 3, 4, 6, 7, 7, 8, 7, 6, 6, 5, 5, 5, 5, 5, 4, 3, 4, 5, 4, 4, 2]",a562d07f889c91c1ef13acc935a8a6af3a535226f97564eeb4fb3310d54159a3,,,,,,,,,,,,,,,,,,,,,,,,,,,,
684.9267929579946,rewiring,right,post_unswap,0.17116124997846782,27,False,False,,,,,,,,,,,,,,,,,,,,,,,,,,,,,,,,,,,,,,,,,,,,,,,,,,,,,,,,,,,,,,,,,,,,,,41,,,,,,,,,,,,,,,,,,50,False,0,4,bond_profile,8,False,1,5051,"(316, 126, 9, 8, 15, 89, 27)",0.0030596249853260815,0.16806683200411499,"[{'seed': 2024, 'score': (316, 126, 9, 8, 21, 89, 33), 'num_layers': 33, 'total_swaps': 89, 'max_layer_swaps': 9, 'swap_only_layers': 21, 'work_layers': 12, 'unitary_layers': 12, 'first_work_layer': 3, 'leading_no_work_layers': 3, 'bond_profile_layers_scored': 8, 'bond_profile_total_cost': 316, 'bond_profile_max_cost': 126, 'bond_profile_gate_count': 9}, {'seed': 3033, 'score': (335, 136, 11, 8, 18, 90, 29), 'num_layers': 29, 'total_swaps': 90, 'max_layer_swaps': 8, 'swap_only_layers': 18, 'work_layers': 11, 'unitary_layers': 11, 'first_work_layer': 3, 'leading_no_work_layers': 3, 'bond_profile_layers_scored': 8, 'bond_profile_total_cost': 335, 'bond_profile_max_cost': 136, 'bond_profile_gate_count': 11}, {'seed': 4042, 'score': (370, 136, 10, 8, 15, 89, 27), 'num_layers': 27, 'total_swaps': 89, 'max_layer_swaps': 8, 'swap_only_layers': 15, 'work_layers': 12, 'unitary_layers': 12, 'first_work_layer': 3, 'leading_no_work_layers': 3, 'bond_profile_layers_scored': 8, 'bond_profile_total_cost': 370, 'bond_profile_max_cost': 136, 'bond_profile_gate_count': 10}, {'seed': 5051, 'score': (316, 126, 9, 8, 15, 89, 27), 'num_layers': 27, 'total_swaps': 89, 'max_layer_swaps': 9, 'swap_only_layers': 15, 'work_layers': 12, 'unitary_layers': 12, 'first_work_layer': 3, 'leading_no_work_layers': 3, 'bond_profile_layers_scored': 8, 'bond_profile_total_cost': 316, 'bond_profile_max_cost': 126, 'bond_profile_gate_count': 9}]",0.17115454201120883,0.1713970829732716,,,,,,,,,,,,,
685.0077593749738,cycle_progress,,,,,,,,,,,,404,389,793,,,,,,,,,,,,,,,,,,,512,0.0006,,311508,1,,,,,,,,,,,,,136,4,310552,2664,158,40,,,,,,,,,,,,,,,,,,,,,41,,793,808,15,0,False,,,,,,,,,,,,,,,,,,,,,,,,,,0.1713970829732716,,,,,,,,,,,,,
685.3450927910162,absorbing,,,,,,,R,0,1,0,27,404,389,793,7,0,0,0.0,0.24909295898396522,0.24909295898396522,0.25142574997153133,,327168,,136,False,False,False,False,327168,136,False,512,0.0006,,310552,2,total_elems,,327168,1,1,,,,0.0,,,,136,4,327168,2836,158,40,,,,,,,,,,,,,,,,,,,,,,,,,,,,,,,,,,,,,,,,,,,,,,,,,,,,,,,,,,,,,,,,,,
685.748245249968,absorbing,,,,,,,R,0,2,0,27,404,389,793,8,0,0,0.0,0.3184189590392634,0.3184189590392634,0.3186247919802554,,388292,,145,False,False,False,False,388292,145,False,512,0.0006,,310552,2,total_elems,,388292,1,1,,,,0.0,,,,145,4,388292,3202,158,40,,,,,,,,,,,,,,,,,,,,,,,,,,,,,,,,,,,,,,,,,,,,,,,,,,,,,,,,,,,,,,,,,,
689.0863290830166,unswapping,,,,,,,,,,,,,,,,,,,,,,,,,,,,,,,,,,,,,,,,,,,,,,,,,,136,4,376384,3112,158,40,0,both,0,20,20,1,"[[36, 37]]",1,,,,,0,,,,,,,,,,,,,,,,,,,,,,,,,,,,,,,,,,,,,,,,,,,,,,,,,,,,,
691.2305220409762,unswapping,,,,,,,,,,,,,,,,,,,,,,,,,,,,,,,,,,,,,,,,,,,,,,,,,,136,4,330760,2854,158,40,0,both,1,19,19,6,"[[3, 4], [9, 10], [19, 20], [21, 22], [31, 32], [33, 34]]",7,,,,,0,,,,,,,,,,,,,,,,,,,,,,,,,,,,,,,,,,,,,,,,,,,,,,,,,,,,,
691.953760540986,unswapping,,,,,,,,,,,,,,,,,,,,,,,,,,,,,,,,,,,,,,,,,,,,,,,,,,136,4,330760,2854,158,40,0,left,0,20,20,0,[],7,,,,,0,,,,,,,,,,,,,,,,,,,,,,,,,,,,,,,,,,,,,,,,,,,,,,,,,,,,,
692.9289940409944,unswapping,,,,,,,,,,,,,,,,,,,,,,,,,,,,,,,,,,,,,,,,,,,,,,,,,,136,4,325232,2804,158,40,0,left,1,19,19,4,"[[3, 4], [21, 22], [31, 32], [33, 34]]",11,,,,,8,,,,,,,,,,,,,,,,,,,,,,,,,,,,,,,,,,,,,,,,,,,,,,,,,,,,,
693.7600179999718,unswapping,,,,,,,,,,,,,,,,,,,,,,,,,,,,,,,,,,,,,,,,,,,,,,,,,,136,4,319112,2750,158,40,0,right,0,20,20,5,"[[4, 5], [10, 11], [12, 13], [20, 21], [32, 33]]",16,,,,,18,,,,,,,,,,,,,,,,,,,,,,,,,,,,,,,,,,,,,,,,,,,,,,,,,,,,,
694.626419999986,unswapping,,,,,,,,,,,,,,,,,,,,,,,,,,,,,,,,,,,,,,,,,,,,,,,,,,136,4,310392,2668,158,40,0,right,1,19,19,2,"[[13, 14], [17, 18]]",18,,,,,22,,,,,,,,,,,,,,,,,,,,,,,,,,,,,,,,,,,,,,,,,,,,,,,,,,,,,
695.9649928750005,unswapping,,,,,,,,,,,,,,,,,,,,,,,,,,,,,,,,,,,,,,,,,,,,,,,,,,136,4,310392,2668,158,40,1,both,0,20,20,0,[],0,,,,,22,,,,,,,,,,,,,,,,,,,,,,,,,,,,,,,,,,,,,,,,,,,,,,,,,,,,,
697.3535143749905,unswapping,,,,,,,,,,,,,,,,,,,,,,,,,,,,,,,,,,,,,,,,,,,,,,,,,,136,4,310392,2668,158,40,1,both,1,19,19,0,[],0,,,,,22,,,,,,,,,,,,,,,,,,,,,,,,,,,,,,,,,,,,,,,,,,,,,,,,,,,,,
697.9231881250162,unswapping,,,,,,,,,,,,,,,,,,,,,,,,,,,,,,,,,,,,,,,,,,,,,,,,,,136,4,310392,2668,158,40,1,left,0,20,20,0,[],0,,,,,22,,,,,,,,,,,,,,,,,,,,,,,,,,,,,,,,,,,,,,,,,,,,,,,,,,,,,
698.5363969999598,unswapping,,,,,,,,,,,,,,,,,,,,,,,,,,,,,,,,,,,,,,,,,,,,,,,,,,136,4,310392,2668,158,40,1,left,1,19,19,0,[],0,,,,,22,,,,,,,,,,,,,,,,,,,,,,,,,,,,,,,,,,,,,,,,,,,,,,,,,,,,,
699.254568208009,unswapping,,,,,,,,,,,,,,,,,,,,,,,,,,,,,,,,,,,,,,,,,,,,,,,,,,136,4,310136,2660,158,40,1,right,0,20,20,1,"[[18, 19]]",1,,,,,24,,,,,,,,,,,,,,,,,,,,,,,,,,,,,,,,,,,,,,,,,,,,,,,,,,,,,
699.8875289999996,unswapping,,,,,,,,,,,,,,,,,,,,,,,,,,,,,,,,,,,,,,,,,,,,,,,,,,136,4,310136,2660,158,40,1,right,1,19,19,0,[],1,,,,,24,,,,,,,,,,,,,,,,,,,,,,,,,,,,,,,,,,,,,,,,,,,,,,,,,,,,,
701.0973334999871,unswapping,,,,,,,,,,,,,,,,,,,,,,,,,,,,,,,,,,,,,,,,,,,,,,,,,,136,4,310136,2660,158,40,2,both,0,20,20,0,[],0,,,,,24,,,,,,,,,,,,,,,,,,,,,,,,,,,,,,,,,,,,,,,,,,,,,,,,,,,,,
702.4183261659928,unswapping,,,,,,,,,,,,,,,,,,,,,,,,,,,,,,,,,,,,,,,,,,,,,,,,,,136,4,310136,2660,158,40,2,both,1,19,19,0,[],0,,,,,24,,,,,,,,,,,,,,,,,,,,,,,,,,,,,,,,,,,,,,,,,,,,,,,,,,,,,
702.946180082974,unswapping,,,,,,,,,,,,,,,,,,,,,,,,,,,,,,,,,,,,,,,,,,,,,,,,,,136,4,310136,2660,158,40,2,left,0,20,20,0,[],0,,,,,24,,,,,,,,,,,,,,,,,,,,,,,,,,,,,,,,,,,,,,,,,,,,,,,,,,,,,
703.5639340410125,unswapping,,,,,,,,,,,,,,,,,,,,,,,,,,,,,,,,,,,,,,,,,,,,,,,,,,136,4,310136,2660,158,40,2,left,1,19,19,0,[],0,,,,,24,,,,,,,,,,,,,,,,,,,,,,,,,,,,,,,,,,,,,,,,,,,,,,,,,,,,,
704.1202842079801,unswapping,,,,,,,,,,,,,,,,,,,,,,,,,,,,,,,,,,,,,,,,,,,,,,,,,,136,4,310136,2660,158,40,2,right,0,20,20,0,[],0,,,,,24,,,,,,,,,,,,,,,,,,,,,,,,,,,,,,,,,,,,,,,,,,,,,,,,,,,,,
704.7227103330079,unswapping,,,,,,,,,,,,,,,,,,,,,,,,,,,,,,,,,,,,,,,,,,,,,,,,,,136,4,310136,2660,158,40,2,right,1,19,19,0,[],0,,,,,24,,,,,,,,,,,,,,,,,,,,,,,,,,,,,,,,,,,,,,,,,,,,,,,,,,,,,
706.2365197499748,unswap_cycle_summary,,,,,,,,,,,,404,389,793,,,,,,,,,,,,,,,,,,,512,0.0006,,,,,,,,,,,,,,,,136,4,310136,2660,158,40,,,,,,,,,,,,,,,,,,,,,42,18.243869500001892,793,808,15,0,False,True,True,41,0,"[404, 389]","[0, 1, 2, 3, 4, 5, 6, 7, 8, 10, 9, 11, 12, 13, 14, 15, 16, 17, 18, 20, 19, 21, 22, 23, 24, 25, 26, 27, 28, 29, 30, 31, 32, 33, 34, 35, 37, 36, 38, 39]","[0, 1, 2, 4, 5, 3, 6, 7, 8, 10, 11, 9, 13, 14, 12, 15, 16, 18, 20, 17, 22, 19, 21, 23, 24, 25, 26, 27, 28, 29, 30, 32, 34, 31, 33, 35, 37, 36, 38, 39]",,"{'index': 3, 'interactions': [('unitary', (29, 30))]}","[2, 4, 5, 5, 5, 5, 5, 4, 3, 3, 3, 4, 5, 5, 6, 6, 4, 2, 3, 4, 6, 7, 7, 8, 7, 6, 6, 5, 5, 5, 5, 5, 4, 3, 4, 5, 4, 4, 2]",a562d07f889c91c1ef13acc935a8a6af3a535226f97564eeb4fb3310d54159a3,,,,,,,,,,,,,,,,,,,,,,,,,,,,
706.492851457966,rewiring,right,post_unswap,0.17338616697816178,27,False,False,,,,,,,,,,,,,,,,,,,,,,,,,,,,,,,,,,,,,,,,,,,,,,,,,,,,,,,,,,,,,,,,,,,,,,42,,,,,,,,,,,,,,,,,,50,False,0,4,bond_profile,8,False,1,5051,"(316, 126, 9, 8, 15, 89, 27)",0.0030508340569213033,0.17030320700723678,"[{'seed': 2024, 'score': (316, 126, 9, 8, 21, 89, 33), 'num_layers': 33, 'total_swaps': 89, 'max_layer_swaps': 9, 'swap_only_layers': 21, 'work_layers': 12, 'unitary_layers': 12, 'first_work_layer': 3, 'leading_no_work_layers': 3, 'bond_profile_layers_scored': 8, 'bond_profile_total_cost': 316, 'bond_profile_max_cost': 126, 'bond_profile_gate_count': 9}, {'seed': 3033, 'score': (333, 136, 11, 8, 18, 90, 29), 'num_layers': 29, 'total_swaps': 90, 'max_layer_swaps': 8, 'swap_only_layers': 18, 'work_layers': 11, 'unitary_layers': 11, 'first_work_layer': 3, 'leading_no_work_layers': 3, 'bond_profile_layers_scored': 8, 'bond_profile_total_cost': 333, 'bond_profile_max_cost': 136, 'bond_profile_gate_count': 11}, {'seed': 4042, 'score': (370, 136, 10, 8, 15, 89, 27), 'num_layers': 27, 'total_swaps': 89, 'max_layer_swaps': 8, 'swap_only_layers': 15, 'work_layers': 12, 'unitary_layers': 12, 'first_work_layer': 3, 'leading_no_work_layers': 3, 'bond_profile_layers_scored': 8, 'bond_profile_total_cost': 370, 'bond_profile_max_cost': 136, 'bond_profile_gate_count': 10}, {'seed': 5051, 'score': (316, 126, 9, 8, 15, 89, 27), 'num_layers': 27, 'total_swaps': 89, 'max_layer_swaps': 9, 'swap_only_layers': 15, 'work_layers': 12, 'unitary_layers': 12, 'first_work_layer': 3, 'leading_no_work_layers': 3, 'bond_profile_layers_scored': 8, 'bond_profile_total_cost': 316, 'bond_profile_max_cost': 126, 'bond_profile_gate_count': 9}]",0.17337891698116437,0.17359116696752608,,,,,,,,,,,,,
706.5747912499937,cycle_progress,,,,,,,,,,,,404,389,793,,,,,,,,,,,,,,,,,,,512,0.0006,,310552,2,,,,,,,,,,,,,136,4,310136,2660,158,40,,,,,,,,,,,,,,,,,,,,,42,,793,808,15,0,False,,,,,,,,,,,,,,,,,,,,,,,,,,0.17359116696752608,,,,,,,,,,,,,
706.8431437080144,absorbing,,,,,,,R,0,1,0,27,404,389,793,7,0,0,0.0,0.18156420800369233,0.18156420800369233,0.18351695901947096,,326220,,136,False,False,False,False,326220,136,False,512,0.0006,,310136,3,total_elems,,326220,1,1,,,,0.0,,,,136,4,326220,2826,158,40,,,,,,,,,,,,,,,,,,,,,,,,,,,,,,,,,,,,,,,,,,,,,,,,,,,,,,,,,,,,,,,,,,
707.1764100829605,absorbing,,,,,,,R,0,2,0,27,404,389,793,8,0,0,0.0,0.25195362500380725,0.25195362500380725,0.25216820801142603,,379932,,136,False,False,False,False,379932,136,False,512,0.0006,,310136,3,total_elems,,379932,1,1,,,,0.0,,,,136,4,379932,3178,158,40,,,,,,,,,,,,,,,,,,,,,,,,,,,,,,,,,,,,,,,,,,,,,,,,,,,,,,,,,,,,,,,,,,
709.623955582967,unswapping,,,,,,,,,,,,,,,,,,,,,,,,,,,,,,,,,,,,,,,,,,,,,,,,,,136,4,379932,3178,158,40,0,both,0,20,20,0,[],0,,,,,0,,,,,,,,,,,,,,,,,,,,,,,,,,,,,,,,,,,,,,,,,,,,,,,,,,,,,
711.0570379580022,unswapping,,,,,,,,,,,,,,,,,,,,,,,,,,,,,,,,,,,,,,,,,,,,,,,,,,136,4,379932,3178,158,40,0,both,1,19,19,0,[],0,,,,,0,,,,,,,,,,,,,,,,,,,,,,,,,,,,,,,,,,,,,,,,,,,,,,,,,,,,,
711.9605140829808,unswapping,,,,,,,,,,,,,,,,,,,,,,,,,,,,,,,,,,,,,,,,,,,,,,,,,,136,4,379932,3178,158,40,0,left,0,20,20,0,[],0,,,,,0,,,,,,,,,,,,,,,,,,,,,,,,,,,,,,,,,,,,,,,,,,,,,,,,,,,,,
712.6197367080022,unswapping,,,,,,,,,,,,,,,,,,,,,,,,,,,,,,,,,,,,,,,,,,,,,,,,,,136,4,379932,3178,158,40,0,left,1,19,19,0,[],0,,,,,0,,,,,,,,,,,,,,,,,,,,,,,,,,,,,,,,,,,,,,,,,,,,,,,,,,,,,
713.446773374977,unswapping,,,,,,,,,,,,,,,,,,,,,,,,,,,,,,,,,,,,,,,,,,,,,,,,,,136,4,379932,3178,158,40,0,right,0,20,20,0,[],0,,,,,0,,,,,,,,,,,,,,,,,,,,,,,,,,,,,,,,,,,,,,,,,,,,,,,,,,,,,
714.1544106659712,unswapping,,,,,,,,,,,,,,,,,,,,,,,,,,,,,,,,,,,,,,,,,,,,,,,,,,136,4,379932,3178,158,40,0,right,1,19,19,0,[],0,,,,,0,,,,,,,,,,,,,,,,,,,,,,,,,,,,,,,,,,,,,,,,,,,,,,,,,,,,,
714.659121625009,unswap_cycle_summary,,,,,,,,,,,,404,389,793,,,,,,,,,,,,,,,,,,,512,0.0006,,,,,,,,,,,,,,,,136,4,379932,3178,158,40,,,,,,,,,,,,,,,,,,,,,43,6.382538957986981,793,808,15,0,False,True,False,,15,"[404, 389]","[0, 1, 2, 3, 4, 5, 6, 7, 8, 9, 10, 11, 12, 13, 14, 15, 16, 17, 18, 19, 20, 21, 22, 23, 24, 25, 26, 27, 28, 29, 30, 31, 32, 33, 34, 35, 36, 37, 38, 39]","[0, 1, 2, 3, 4, 5, 6, 7, 8, 9, 10, 11, 12, 13, 14, 15, 16, 17, 18, 19, 20, 21, 22, 23, 24, 25, 26, 27, 28, 29, 30, 31, 32, 33, 34, 35, 36, 37, 38, 39]",,"{'index': 3, 'interactions': [('unitary', (29, 30))]}","[2, 4, 5, 6, 5, 5, 5, 4, 3, 4, 4, 4, 5, 6, 6, 6, 4, 4, 4, 6, 6, 8, 7, 8, 7, 6, 6, 5, 5, 5, 5, 6, 5, 5, 4, 5, 6, 4, 2]",55dce78b1abef5b111da8f5fcd4b6d5b8bceecd333b7fb7c6ee5853d2a7750e5,,,,,,,,,,,,,,,,,,,,,,,,,,,,
714.9153783330112,rewiring,right,post_unswap,0.17234595800982788,27,False,False,,,,,,,,,,,,,,,,,,,,,,,,,,,,,,,,,,,,,,,,,,,,,,,,,,,,,,,,,,,,,,,,,,,,,,43,,,,,,,,,,,,,,,,,,50,False,0,4,bond_profile,8,False,1,2024,"(326, 64, 9, 8, 14, 74, 27)",0.0029648750787600875,0.16934837598819286,"[{'seed': 2024, 'score': (326, 64, 9, 8, 14, 74, 27), 'num_layers': 27, 'total_swaps': 74, 'max_layer_swaps': 9, 'swap_only_layers': 14, 'work_layers': 13, 'unitary_layers': 13, 'first_work_layer': 1, 'leading_no_work_layers': 1, 'bond_profile_layers_scored': 8, 'bond_profile_total_cost': 326, 'bond_profile_max_cost': 64, 'bond_profile_gate_count': 9}, {'seed': 3033, 'score': (359, 60, 10, 8, 16, 74, 28), 'num_layers': 28, 'total_swaps': 74, 'max_layer_swaps': 9, 'swap_only_layers': 16, 'work_layers': 12, 'unitary_layers': 12, 'first_work_layer': 1, 'leading_no_work_layers': 1, 'bond_profile_layers_scored': 8, 'bond_profile_total_cost': 359, 'bond_profile_max_cost': 60, 'bond_profile_gate_count': 10}, {'seed': 4042, 'score': (326, 64, 9, 8, 15, 74, 28), 'num_layers': 28, 'total_swaps': 74, 'max_layer_swaps': 9, 'swap_only_layers': 15, 'work_layers': 13, 'unitary_layers': 13, 'first_work_layer': 1, 'leading_no_work_layers': 1, 'bond_profile_layers_scored': 8, 'bond_profile_total_cost': 326, 'bond_profile_max_cost': 64, 'bond_profile_gate_count': 9}, {'seed': 5051, 'score': (371, 60, 11, 8, 16, 74, 27), 'num_layers': 27, 'total_swaps': 74, 'max_layer_swaps': 9, 'swap_only_layers': 16, 'work_layers': 11, 'unitary_layers': 11, 'first_work_layer': 1, 'leading_no_work_layers': 1, 'bond_profile_layers_scored': 8, 'bond_profile_total_cost': 371, 'bond_profile_max_cost': 60, 'bond_profile_gate_count': 11}]",0.17233908304478973,0.17271566699491814,,,,,,,,,,,,,
714.9973150409642,cycle_progress,,,,,,,,,,,,404,389,793,,,,,,,,,,,,,,,,,,,512,0.0006,,310136,3,,,,,,,,,,,,,136,4,379932,3178,158,40,,,,,,,,,,,,,,,,,,,,,43,,793,808,15,0,False,,,,,,,,,,,,,,,,,,,,,,,,,,0.17271566699491814,,,,,,,,,,,,,
717.848184833012,unswapping,,,,,,,,,,,,,,,,,,,,,,,,,,,,,,,,,,,,,,,,,,,,,,,,,,136,4,371372,3102,158,40,0,both,0,20,20,1,"[[36, 37]]",1,,,,,0,,,,,,,,,,,,,,,,,,,,,,,,,,,,,,,,,,,,,,,,,,,,,,,,,,,,,
719.7933143749833,unswapping,,,,,,,,,,,,,,,,,,,,,,,,,,,,,,,,,,,,,,,,,,,,,,,,,,136,4,330304,2850,158,40,0,both,1,19,19,6,"[[3, 4], [9, 10], [19, 20], [21, 22], [31, 32], [33, 34]]",7,,,,,0,,,,,,,,,,,,,,,,,,,,,,,,,,,,,,,,,,,,,,,,,,,,,,,,,,,,,
720.4011367079802,unswapping,,,,,,,,,,,,,,,,,,,,,,,,,,,,,,,,,,,,,,,,,,,,,,,,,,136,4,330304,2850,158,40,0,left,0,20,20,0,[],7,,,,,0,,,,,,,,,,,,,,,,,,,,,,,,,,,,,,,,,,,,,,,,,,,,,,,,,,,,,
721.2729206249933,unswapping,,,,,,,,,,,,,,,,,,,,,,,,,,,,,,,,,,,,,,,,,,,,,,,,,,136,4,324776,2800,158,40,0,left,1,19,19,4,"[[3, 4], [21, 22], [31, 32], [33, 34]]",11,,,,,8,,,,,,,,,,,,,,,,,,,,,,,,,,,,,,,,,,,,,,,,,,,,,,,,,,,,,
722.046107082977,unswapping,,,,,,,,,,,,,,,,,,,,,,,,,,,,,,,,,,,,,,,,,,,,,,,,,,136,4,318696,2746,158,40,0,right,0,20,20,5,"[[4, 5], [10, 11], [12, 13], [20, 21], [32, 33]]",16,,,,,18,,,,,,,,,,,,,,,,,,,,,,,,,,,,,,,,,,,,,,,,,,,,,,,,,,,,,
722.875948166009,unswapping,,,,,,,,,,,,,,,,,,,,,,,,,,,,,,,,,,,,,,,,,,,,,,,,,,136,4,310184,2666,158,40,0,right,1,19,19,2,"[[13, 14], [17, 18]]",18,,,,,22,,,,,,,,,,,,,,,,,,,,,,,,,,,,,,,,,,,,,,,,,,,,,,,,,,,,,
724.1652225409634,unswapping,,,,,,,,,,,,,,,,,,,,,,,,,,,,,,,,,,,,,,,,,,,,,,,,,,136,4,310184,2666,158,40,1,both,0,20,20,0,[],0,,,,,22,,,,,,,,,,,,,,,,,,,,,,,,,,,,,,,,,,,,,,,,,,,,,,,,,,,,,
725.5895639159717,unswapping,,,,,,,,,,,,,,,,,,,,,,,,,,,,,,,,,,,,,,,,,,,,,,,,,,136,4,310184,2666,158,40,1,both,1,19,19,0,[],0,,,,,22,,,,,,,,,,,,,,,,,,,,,,,,,,,,,,,,,,,,,,,,,,,,,,,,,,,,,
726.2880843749736,unswapping,,,,,,,,,,,,,,,,,,,,,,,,,,,,,,,,,,,,,,,,,,,,,,,,,,136,4,310184,2666,158,40,1,left,0,20,20,0,[],0,,,,,22,,,,,,,,,,,,,,,,,,,,,,,,,,,,,,,,,,,,,,,,,,,,,,,,,,,,,
727.0383353749639,unswapping,,,,,,,,,,,,,,,,,,,,,,,,,,,,,,,,,,,,,,,,,,,,,,,,,,136,4,310184,2666,158,40,1,left,1,19,19,0,[],0,,,,,22,,,,,,,,,,,,,,,,,,,,,,,,,,,,,,,,,,,,,,,,,,,,,,,,,,,,,
727.8322404159699,unswapping,,,,,,,,,,,,,,,,,,,,,,,,,,,,,,,,,,,,,,,,,,,,,,,,,,136,4,309928,2658,158,40,1,right,0,20,20,1,"[[18, 19]]",1,,,,,24,,,,,,,,,,,,,,,,,,,,,,,,,,,,,,,,,,,,,,,,,,,,,,,,,,,,,
728.5940488749766,unswapping,,,,,,,,,,,,,,,,,,,,,,,,,,,,,,,,,,,,,,,,,,,,,,,,,,136,4,309928,2658,158,40,1,right,1,19,19,0,[],1,,,,,24,,,,,,,,,,,,,,,,,,,,,,,,,,,,,,,,,,,,,,,,,,,,,,,,,,,,,
729.9348061659839,unswapping,,,,,,,,,,,,,,,,,,,,,,,,,,,,,,,,,,,,,,,,,,,,,,,,,,136,4,309928,2658,158,40,2,both,0,20,20,0,[],0,,,,,24,,,,,,,,,,,,,,,,,,,,,,,,,,,,,,,,,,,,,,,,,,,,,,,,,,,,,
731.4303077079821,unswapping,,,,,,,,,,,,,,,,,,,,,,,,,,,,,,,,,,,,,,,,,,,,,,,,,,136,4,309928,2658,158,40,2,both,1,19,19,0,[],0,,,,,24,,,,,,,,,,,,,,,,,,,,,,,,,,,,,,,,,,,,,,,,,,,,,,,,,,,,,
732.0738108750083,unswapping,,,,,,,,,,,,,,,,,,,,,,,,,,,,,,,,,,,,,,,,,,,,,,,,,,136,4,309928,2658,158,40,2,left,0,20,20,0,[],0,,,,,24,,,,,,,,,,,,,,,,,,,,,,,,,,,,,,,,,,,,,,,,,,,,,,,,,,,,,
732.7952552500064,unswapping,,,,,,,,,,,,,,,,,,,,,,,,,,,,,,,,,,,,,,,,,,,,,,,,,,136,4,309928,2658,158,40,2,left,1,19,19,0,[],0,,,,,24,,,,,,,,,,,,,,,,,,,,,,,,,,,,,,,,,,,,,,,,,,,,,,,,,,,,,
733.4131248749909,unswapping,,,,,,,,,,,,,,,,,,,,,,,,,,,,,,,,,,,,,,,,,,,,,,,,,,136,4,309928,2658,158,40,2,right,0,20,20,0,[],0,,,,,24,,,,,,,,,,,,,,,,,,,,,,,,,,,,,,,,,,,,,,,,,,,,,,,,,,,,,
734.1204719580128,unswapping,,,,,,,,,,,,,,,,,,,,,,,,,,,,,,,,,,,,,,,,,,,,,,,,,,136,4,309928,2658,158,40,2,right,1,19,19,0,[],0,,,,,24,,,,,,,,,,,,,,,,,,,,,,,,,,,,,,,,,,,,,,,,,,,,,,,,,,,,,
735.6580797909992,unswap_cycle_summary,,,,,,,,,,,,404,389,793,,,,,,,,,,,,,,,,,,,512,0.0006,,,,,,,,,,,,,,,,136,4,309928,2658,158,40,,,,,,,,,,,,,,,,,,,,,44,18.53081333299633,793,808,15,0,False,True,False,,0,"[404, 389]","[0, 1, 2, 3, 4, 5, 6, 7, 8, 10, 9, 11, 12, 13, 14, 15, 16, 17, 18, 20, 19, 21, 22, 23, 24, 25, 26, 27, 28, 29, 30, 31, 32, 33, 34, 35, 37, 36, 38, 39]","[0, 1, 2, 4, 5, 3, 6, 7, 8, 10, 11, 9, 13, 14, 12, 15, 16, 18, 20, 17, 22, 19, 21, 23, 24, 25, 26, 27, 28, 29, 30, 32, 34, 31, 33, 35, 37, 36, 38, 39]",,"{'index': 1, 'interactions': [('unitary', (29, 30))]}","[2, 4, 5, 5, 5, 5, 5, 4, 3, 3, 3, 4, 5, 5, 6, 6, 4, 2, 3, 4, 6, 7, 7, 8, 7, 6, 6, 5, 5, 5, 5, 5, 4, 3, 4, 5, 4, 4, 2]",91f42348ef1e761d45d4ac99bd0597b0394b9d86ecb8303235efc44a2d178154,,,,,,,,,,,,,,,,,,,,,,,,,,,,
735.9017623330001,rewiring,right,post_unswap,0.15858129202388227,29,False,False,,,,,,,,,,,,,,,,,,,,,,,,,,,,,,,,,,,,,,,,,,,,,,,,,,,,,,,,,,,,,,,,,,,,,,44,,,,,,,,,,,,,,,,,,50,False,0,4,bond_profile,8,False,1,5051,"(316, 126, 9, 8, 15, 89, 27)",0.0029205840546637774,0.1556350829778239,"[{'seed': 2024, 'score': (316, 126, 9, 8, 21, 89, 33), 'num_layers': 33, 'total_swaps': 89, 'max_layer_swaps': 9, 'swap_only_layers': 21, 'work_layers': 12, 'unitary_layers': 12, 'first_work_layer': 3, 'leading_no_work_layers': 3, 'bond_profile_layers_scored': 8, 'bond_profile_total_cost': 316, 'bond_profile_max_cost': 126, 'bond_profile_gate_count': 9}, {'seed': 3033, 'score': (332, 136, 11, 8, 18, 90, 29), 'num_layers': 29, 'total_swaps': 90, 'max_layer_swaps': 8, 'swap_only_layers': 18, 'work_layers': 11, 'unitary_layers': 11, 'first_work_layer': 3, 'leading_no_work_layers': 3, 'bond_profile_layers_scored': 8, 'bond_profile_total_cost': 332, 'bond_profile_max_cost': 136, 'bond_profile_gate_count': 11}, {'seed': 4042, 'score': (370, 136, 10, 8, 15, 89, 27), 'num_layers': 27, 'total_swaps': 89, 'max_layer_swaps': 8, 'swap_only_layers': 15, 'work_layers': 12, 'unitary_layers': 12, 'first_work_layer': 3, 'leading_no_work_layers': 3, 'bond_profile_layers_scored': 8, 'bond_profile_total_cost': 370, 'bond_profile_max_cost': 136, 'bond_profile_gate_count': 10}, {'seed': 5051, 'score': (316, 126, 9, 8, 15, 89, 27), 'num_layers': 27, 'total_swaps': 89, 'max_layer_swaps': 9, 'swap_only_layers': 15, 'work_layers': 12, 'unitary_layers': 12, 'first_work_layer': 3, 'leading_no_work_layers': 3, 'bond_profile_layers_scored': 8, 'bond_profile_total_cost': 316, 'bond_profile_max_cost': 126, 'bond_profile_gate_count': 9}]",0.15857537498231977,0.15878699999302626,,,,,,,,,,,,,
735.9872784159961,cycle_progress,,,,,,,,,,,,404,389,793,,,,,,,,,,,,,,,,,,,512,0.0006,,379932,4,,,,,,,,,,,,,136,4,309928,2658,158,40,,,,,,,,,,,,,,,,,,,,,44,,793,808,15,0,False,,,,,,,,,,,,,,,,,,,,,,,,,,0.15878699999302626,,,,,,,,,,,,,
736.3078704999643,absorbing,,,,,,,R,0,1,0,27,404,389,793,7,0,0,0.0,0.23139645799528807,0.23139645799528807,0.2337537920102477,,325984,,136,False,False,False,False,325984,136,False,512,0.0006,,309928,5,total_elems,,325984,1,1,,,,0.0,,,,136,4,325984,2824,158,40,,,,,,,,,,,,,,,,,,,,,,,,,,,,,,,,,,,,,,,,,,,,,,,,,,,,,,,,,,,,,,,,,,
736.6864527909784,absorbing,,,,,,,R,0,2,0,27,404,389,793,8,0,0,0.0,0.290832208993379,0.290832208993379,0.291040875017643,,374416,,136,False,False,False,False,374416,136,False,512,0.0006,,309928,5,total_elems,,374416,1,1,,,,0.0,,,,136,4,374416,3150,158,40,,,,,,,,,,,,,,,,,,,,,,,,,,,,,,,,,,,,,,,,,,,,,,,,,,,,,,,,,,,,,,,,,,
739.9912005409715,unswapping,,,,,,,,,,,,,,,,,,,,,,,,,,,,,,,,,,,,,,,,,,,,,,,,,,136,4,369248,3082,158,40,0,both,0,20,20,1,"[[36, 37]]",1,,,,,0,,,,,,,,,,,,,,,,,,,,,,,,,,,,,,,,,,,,,,,,,,,,,,,,,,,,,
742.0982510829926,unswapping,,,,,,,,,,,,,,,,,,,,,,,,,,,,,,,,,,,,,,,,,,,,,,,,,,136,4,329592,2842,158,40,0,both,1,19,19,6,"[[3, 4], [9, 10], [19, 20], [21, 22], [31, 32], [33, 34]]",7,,,,,0,,,,,,,,,,,,,,,,,,,,,,,,,,,,,,,,,,,,,,,,,,,,,,,,,,,,,
742.7540289579774,unswapping,,,,,,,,,,,,,,,,,,,,,,,,,,,,,,,,,,,,,,,,,,,,,,,,,,136,4,329592,2842,158,40,0,left,0,20,20,0,[],7,,,,,0,,,,,,,,,,,,,,,,,,,,,,,,,,,,,,,,,,,,,,,,,,,,,,,,,,,,,
743.7148051660042,unswapping,,,,,,,,,,,,,,,,,,,,,,,,,,,,,,,,,,,,,,,,,,,,,,,,,,136,4,324240,2794,158,40,0,left,1,19,19,3,"[[21, 22], [31, 32], [33, 34]]",10,,,,,6,,,,,,,,,,,,,,,,,,,,,,,,,,,,,,,,,,,,,,,,,,,,,,,,,,,,,
744.5277224580059,unswapping,,,,,,,,,,,,,,,,,,,,,,,,,,,,,,,,,,,,,,,,,,,,,,,,,,136,4,318352,2742,158,40,0,right,0,20,20,5,"[[4, 5], [10, 11], [12, 13], [20, 21], [32, 33]]",15,,,,,16,,,,,,,,,,,,,,,,,,,,,,,,,,,,,,,,,,,,,,,,,,,,,,,,,,,,,
745.3660827080021,unswapping,,,,,,,,,,,,,,,,,,,,,,,,,,,,,,,,,,,,,,,,,,,,,,,,,,136,4,309840,2662,158,40,0,right,1,19,19,2,"[[13, 14], [17, 18]]",17,,,,,20,,,,,,,,,,,,,,,,,,,,,,,,,,,,,,,,,,,,,,,,,,,,,,,,,,,,,
746.5815792909707,unswapping,,,,,,,,,,,,,,,,,,,,,,,,,,,,,,,,,,,,,,,,,,,,,,,,,,136,4,309840,2662,158,40,1,both,0,20,20,0,[],0,,,,,20,,,,,,,,,,,,,,,,,,,,,,,,,,,,,,,,,,,,,,,,,,,,,,,,,,,,,
747.9188445410109,unswapping,,,,,,,,,,,,,,,,,,,,,,,,,,,,,,,,,,,,,,,,,,,,,,,,,,136,4,309840,2662,158,40,1,both,1,19,19,0,[],0,,,,,20,,,,,,,,,,,,,,,,,,,,,,,,,,,,,,,,,,,,,,,,,,,,,,,,,,,,,
748.455463499995,unswapping,,,,,,,,,,,,,,,,,,,,,,,,,,,,,,,,,,,,,,,,,,,,,,,,,,136,4,309840,2662,158,40,1,left,0,20,20,0,[],0,,,,,20,,,,,,,,,,,,,,,,,,,,,,,,,,,,,,,,,,,,,,,,,,,,,,,,,,,,,
749.2258172910078,unswapping,,,,,,,,,,,,,,,,,,,,,,,,,,,,,,,,,,,,,,,,,,,,,,,,,,136,4,309840,2662,158,40,1,left,1,19,19,1,"[[3, 4]]",1,,,,,22,,,,,,,,,,,,,,,,,,,,,,,,,,,,,,,,,,,,,,,,,,,,,,,,,,,,,
749.9498548330157,unswapping,,,,,,,,,,,,,,,,,,,,,,,,,,,,,,,,,,,,,,,,,,,,,,,,,,136,4,309584,2654,158,40,1,right,0,20,20,1,"[[18, 19]]",2,,,,,24,,,,,,,,,,,,,,,,,,,,,,,,,,,,,,,,,,,,,,,,,,,,,,,,,,,,,
750.5779351249803,unswapping,,,,,,,,,,,,,,,,,,,,,,,,,,,,,,,,,,,,,,,,,,,,,,,,,,136,4,309584,2654,158,40,1,right,1,19,19,0,[],2,,,,,24,,,,,,,,,,,,,,,,,,,,,,,,,,,,,,,,,,,,,,,,,,,,,,,,,,,,,
751.7879172909888,unswapping,,,,,,,,,,,,,,,,,,,,,,,,,,,,,,,,,,,,,,,,,,,,,,,,,,136,4,309584,2654,158,40,2,both,0,20,20,0,[],0,,,,,24,,,,,,,,,,,,,,,,,,,,,,,,,,,,,,,,,,,,,,,,,,,,,,,,,,,,,
753.1324374999967,unswapping,,,,,,,,,,,,,,,,,,,,,,,,,,,,,,,,,,,,,,,,,,,,,,,,,,136,4,309584,2654,158,40,2,both,1,19,19,0,[],0,,,,,24,,,,,,,,,,,,,,,,,,,,,,,,,,,,,,,,,,,,,,,,,,,,,,,,,,,,,
753.6688203329686,unswapping,,,,,,,,,,,,,,,,,,,,,,,,,,,,,,,,,,,,,,,,,,,,,,,,,,136,4,309584,2654,158,40,2,left,0,20,20,0,[],0,,,,,24,,,,,,,,,,,,,,,,,,,,,,,,,,,,,,,,,,,,,,,,,,,,,,,,,,,,,
754.2796031659818,unswapping,,,,,,,,,,,,,,,,,,,,,,,,,,,,,,,,,,,,,,,,,,,,,,,,,,136,4,309584,2654,158,40,2,left,1,19,19,0,[],0,,,,,24,,,,,,,,,,,,,,,,,,,,,,,,,,,,,,,,,,,,,,,,,,,,,,,,,,,,,
754.8493101249915,unswapping,,,,,,,,,,,,,,,,,,,,,,,,,,,,,,,,,,,,,,,,,,,,,,,,,,136,4,309584,2654,158,40,2,right,0,20,20,0,[],0,,,,,24,,,,,,,,,,,,,,,,,,,,,,,,,,,,,,,,,,,,,,,,,,,,,,,,,,,,,
755.4639050409896,unswapping,,,,,,,,,,,,,,,,,,,,,,,,,,,,,,,,,,,,,,,,,,,,,,,,,,136,4,309584,2654,158,40,2,right,1,19,19,0,[],0,,,,,24,,,,,,,,,,,,,,,,,,,,,,,,,,,,,,,,,,,,,,,,,,,,,,,,,,,,,
756.9915196659858,unswap_cycle_summary,,,,,,,,,,,,404,389,793,,,,,,,,,,,,,,,,,,,512,0.0006,,,,,,,,,,,,,,,,136,4,309584,2654,158,40,,,,,,,,,,,,,,,,,,,,,45,18.07831183297094,793,808,15,0,False,True,True,42,0,"[404, 389]","[0, 1, 2, 3, 4, 5, 6, 7, 8, 10, 9, 11, 12, 13, 14, 15, 16, 17, 18, 20, 19, 21, 22, 23, 24, 25, 26, 27, 28, 29, 30, 31, 32, 33, 34, 35, 37, 36, 38, 39]","[0, 1, 2, 4, 5, 3, 6, 7, 8, 10, 11, 9, 13, 14, 12, 15, 16, 18, 20, 17, 22, 19, 21, 23, 24, 25, 26, 27, 28, 29, 30, 32, 34, 31, 33, 35, 37, 36, 38, 39]",,"{'index': 3, 'interactions': [('unitary', (29, 30))]}","[2, 4, 5, 5, 5, 5, 5, 4, 3, 3, 3, 4, 5, 5, 6, 6, 4, 2, 3, 4, 6, 7, 7, 8, 7, 6, 6, 5, 5, 5, 5, 5, 4, 3, 4, 5, 4, 4, 2]",a562d07f889c91c1ef13acc935a8a6af3a535226f97564eeb4fb3310d54159a3,,,,,,,,,,,,,,,,,,,,,,,,,,,,
757.2354176659719,rewiring,right,post_unswap,0.16006358299637213,27,False,False,,,,,,,,,,,,,,,,,,,,,,,,,,,,,,,,,,,,,,,,,,,,,,,,,,,,,,,,,,,,,,,,,,,,,,45,,,,,,,,,,,,,,,,,,50,False,0,4,bond_profile,8,False,1,5051,"(316, 126, 9, 8, 15, 89, 27)",0.0030771669698879123,0.15695333306211978,"[{'seed': 2024, 'score': (316, 126, 9, 8, 21, 89, 33), 'num_layers': 33, 'total_swaps': 89, 'max_layer_swaps': 9, 'swap_only_layers': 21, 'work_layers': 12, 'unitary_layers': 12, 'first_work_layer': 3, 'leading_no_work_layers': 3, 'bond_profile_layers_scored': 8, 'bond_profile_total_cost': 316, 'bond_profile_max_cost': 126, 'bond_profile_gate_count': 9}, {'seed': 3033, 'score': (331, 136, 11, 8, 18, 90, 29), 'num_layers': 29, 'total_swaps': 90, 'max_layer_swaps': 8, 'swap_only_layers': 18, 'work_layers': 11, 'unitary_layers': 11, 'first_work_layer': 3, 'leading_no_work_layers': 3, 'bond_profile_layers_scored': 8, 'bond_profile_total_cost': 331, 'bond_profile_max_cost': 136, 'bond_profile_gate_count': 11}, {'seed': 4042, 'score': (370, 136, 10, 8, 15, 89, 27), 'num_layers': 27, 'total_swaps': 89, 'max_layer_swaps': 8, 'swap_only_layers': 15, 'work_layers': 12, 'unitary_layers': 12, 'first_work_layer': 3, 'leading_no_work_layers': 3, 'bond_profile_layers_scored': 8, 'bond_profile_total_cost': 370, 'bond_profile_max_cost': 136, 'bond_profile_gate_count': 10}, {'seed': 5051, 'score': (316, 126, 9, 8, 15, 89, 27), 'num_layers': 27, 'total_swaps': 89, 'max_layer_swaps': 9, 'swap_only_layers': 15, 'work_layers': 12, 'unitary_layers': 12, 'first_work_layer': 3, 'leading_no_work_layers': 3, 'bond_profile_layers_scored': 8, 'bond_profile_total_cost': 316, 'bond_profile_max_cost': 126, 'bond_profile_gate_count': 9}]",0.1600560829974711,0.16052741702878848,,,,,,,,,,,,,
757.3215365000069,cycle_progress,,,,,,,,,,,,404,389,793,,,,,,,,,,,,,,,,,,,512,0.0006,,309928,5,,,,,,,,,,,,,136,4,309584,2654,158,40,,,,,,,,,,,,,,,,,,,,,45,,793,808,15,0,False,,,,,,,,,,,,,,,,,,,,,,,,,,0.16052741702878848,,,,,,,,,,,,,
757.6079617909854,absorbing,,,,,,,R,0,1,0,27,404,389,793,7,0,0,0.0,0.19542374997399747,0.19542374997399747,0.1973249579896219,,325456,,136,False,False,False,False,325456,136,False,512,0.0006,,309584,6,total_elems,,325456,1,1,,,,0.0,,,,136,4,325456,2818,158,40,,,,,,,,,,,,,,,,,,,,,,,,,,,,,,,,,,,,,,,,,,,,,,,,,,,,,,,,,,,,,,,,,,
757.9342207909795,absorbing,,,,,,,R,0,2,0,27,404,389,793,8,0,0,0.0,0.2384785420144908,0.2384785420144908,0.23868612496880814,,374040,,136,False,False,False,False,374040,136,False,512,0.0006,,309584,6,total_elems,,374040,1,1,,,,0.0,,,,136,4,374040,3150,158,40,,,,,,,,,,,,,,,,,,,,,,,,,,,,,,,,,,,,,,,,,,,,,,,,,,,,,,,,,,,,,,,,,,
760.3921326249838,unswapping,,,,,,,,,,,,,,,,,,,,,,,,,,,,,,,,,,,,,,,,,,,,,,,,,,136,4,374040,3150,158,40,0,both,0,20,20,0,[],0,,,,,0,,,,,,,,,,,,,,,,,,,,,,,,,,,,,,,,,,,,,,,,,,,,,,,,,,,,,
761.8237797080074,unswapping,,,,,,,,,,,,,,,,,,,,,,,,,,,,,,,,,,,,,,,,,,,,,,,,,,136,4,374040,3150,158,40,0,both,1,19,19,0,[],0,,,,,0,,,,,,,,,,,,,,,,,,,,,,,,,,,,,,,,,,,,,,,,,,,,,,,,,,,,,
762.7081259159604,unswapping,,,,,,,,,,,,,,,,,,,,,,,,,,,,,,,,,,,,,,,,,,,,,,,,,,136,4,374040,3150,158,40,0,left,0,20,20,0,[],0,,,,,0,,,,,,,,,,,,,,,,,,,,,,,,,,,,,,,,,,,,,,,,,,,,,,,,,,,,,
763.3787794999662,unswapping,,,,,,,,,,,,,,,,,,,,,,,,,,,,,,,,,,,,,,,,,,,,,,,,,,136,4,374040,3150,158,40,0,left,1,19,19,0,[],0,,,,,0,,,,,,,,,,,,,,,,,,,,,,,,,,,,,,,,,,,,,,,,,,,,,,,,,,,,,
764.2579605409992,unswapping,,,,,,,,,,,,,,,,,,,,,,,,,,,,,,,,,,,,,,,,,,,,,,,,,,136,4,374040,3150,158,40,0,right,0,20,20,0,[],0,,,,,0,,,,,,,,,,,,,,,,,,,,,,,,,,,,,,,,,,,,,,,,,,,,,,,,,,,,,
764.9277763749706,unswapping,,,,,,,,,,,,,,,,,,,,,,,,,,,,,,,,,,,,,,,,,,,,,,,,,,136,4,374040,3150,158,40,0,right,1,19,19,0,[],0,,,,,0,,,,,,,,,,,,,,,,,,,,,,,,,,,,,,,,,,,,,,,,,,,,,,,,,,,,,
765.4473687079735,unswap_cycle_summary,,,,,,,,,,,,404,389,793,,,,,,,,,,,,,,,,,,,512,0.0006,,,,,,,,,,,,,,,,136,4,374040,3150,158,40,,,,,,,,,,,,,,,,,,,,,46,6.368339542008471,793,808,15,0,False,True,False,,15,"[404, 389]","[0, 1, 2, 3, 4, 5, 6, 7, 8, 9, 10, 11, 12, 13, 14, 15, 16, 17, 18, 19, 20, 21, 22, 23, 24, 25, 26, 27, 28, 29, 30, 31, 32, 33, 34, 35, 36, 37, 38, 39]","[0, 1, 2, 3, 4, 5, 6, 7, 8, 9, 10, 11, 12, 13, 14, 15, 16, 17, 18, 19, 20, 21, 22, 23, 24, 25, 26, 27, 28, 29, 30, 31, 32, 33, 34, 35, 36, 37, 38, 39]",,"{'index': 3, 'interactions': [('unitary', (29, 30))]}","[2, 4, 5, 6, 5, 5, 5, 4, 3, 4, 4, 4, 5, 6, 6, 6, 4, 4, 4, 6, 6, 7, 7, 8, 7, 6, 6, 5, 5, 5, 5, 6, 5, 5, 4, 5, 6, 4, 2]",6f33b907aba6995b292c2f675bee587eba7c92b52971ebfe1d09cb060a800099,,,,,,,,,,,,,,,,,,,,,,,,,,,,
765.6858286249917,rewiring,right,post_unswap,0.14655883295927197,27,False,False,,,,,,,,,,,,,,,,,,,,,,,,,,,,,,,,,,,,,,,,,,,,,,,,,,,,,,,,,,,,,,,,,,,,,,46,,,,,,,,,,,,,,,,,,50,False,0,4,bond_profile,8,False,1,2024,"(326, 64, 9, 8, 14, 74, 27)",0.002860958920791745,0.14367324899649248,"[{'seed': 2024, 'score': (326, 64, 9, 8, 14, 74, 27), 'num_layers': 27, 'total_swaps': 74, 'max_layer_swaps': 9, 'swap_only_layers': 14, 'work_layers': 13, 'unitary_layers': 13, 'first_work_layer': 1, 'leading_no_work_layers': 1, 'bond_profile_layers_scored': 8, 'bond_profile_total_cost': 326, 'bond_profile_max_cost': 64, 'bond_profile_gate_count': 9}, {'seed': 3033, 'score': (359, 60, 10, 8, 16, 74, 28), 'num_layers': 28, 'total_swaps': 74, 'max_layer_swaps': 9, 'swap_only_layers': 16, 'work_layers': 12, 'unitary_layers': 12, 'first_work_layer': 1, 'leading_no_work_layers': 1, 'bond_profile_layers_scored': 8, 'bond_profile_total_cost': 359, 'bond_profile_max_cost': 60, 'bond_profile_gate_count': 10}, {'seed': 4042, 'score': (326, 64, 9, 8, 15, 74, 28), 'num_layers': 28, 'total_swaps': 74, 'max_layer_swaps': 9, 'swap_only_layers': 15, 'work_layers': 13, 'unitary_layers': 13, 'first_work_layer': 1, 'leading_no_work_layers': 1, 'bond_profile_layers_scored': 8, 'bond_profile_total_cost': 326, 'bond_profile_max_cost': 64, 'bond_profile_gate_count': 9}, {'seed': 5051, 'score': (371, 60, 11, 8, 16, 74, 27), 'num_layers': 27, 'total_swaps': 74, 'max_layer_swaps': 9, 'swap_only_layers': 16, 'work_layers': 11, 'unitary_layers': 11, 'first_work_layer': 1, 'leading_no_work_layers': 1, 'bond_profile_layers_scored': 8, 'bond_profile_total_cost': 371, 'bond_profile_max_cost': 60, 'bond_profile_gate_count': 11}]",0.146553041995503,0.14675508299842477,,,,,,,,,,,,,
765.7715577500057,cycle_progress,,,,,,,,,,,,404,389,793,,,,,,,,,,,,,,,,,,,512,0.0006,,309584,6,,,,,,,,,,,,,136,4,374040,3150,158,40,,,,,,,,,,,,,,,,,,,,,46,,793,808,15,0,False,,,,,,,,,,,,,,,,,,,,,,,,,,0.14675508299842477,,,,,,,,,,,,,
768.5418402079958,unswapping,,,,,,,,,,,,,,,,,,,,,,,,,,,,,,,,,,,,,,,,,,,,,,,,,,136,4,367720,3078,158,40,0,both,0,20,20,1,"[[36, 37]]",1,,,,,0,,,,,,,,,,,,,,,,,,,,,,,,,,,,,,,,,,,,,,,,,,,,,,,,,,,,,
770.5439860830083,unswapping,,,,,,,,,,,,,,,,,,,,,,,,,,,,,,,,,,,,,,,,,,,,,,,,,,136,4,328400,2836,158,40,0,both,1,19,19,6,"[[3, 4], [9, 10], [19, 20], [21, 22], [31, 32], [33, 34]]",7,,,,,0,,,,,,,,,,,,,,,,,,,,,,,,,,,,,,,,,,,,,,,,,,,,,,,,,,,,,
771.1809614580125,unswapping,,,,,,,,,,,,,,,,,,,,,,,,,,,,,,,,,,,,,,,,,,,,,,,,,,136,4,328400,2836,158,40,0,left,0,20,20,0,[],7,,,,,0,,,,,,,,,,,,,,,,,,,,,,,,,,,,,,,,,,,,,,,,,,,,,,,,,,,,,
772.1272043329664,unswapping,,,,,,,,,,,,,,,,,,,,,,,,,,,,,,,,,,,,,,,,,,,,,,,,,,136,4,322884,2786,158,40,0,left,1,19,19,4,"[[3, 4], [21, 22], [31, 32], [33, 34]]",11,,,,,8,,,,,,,,,,,,,,,,,,,,,,,,,,,,,,,,,,,,,,,,,,,,,,,,,,,,,
773.0920156249776,unswapping,,,,,,,,,,,,,,,,,,,,,,,,,,,,,,,,,,,,,,,,,,,,,,,,,,136,4,317028,2734,158,40,0,right,0,20,20,5,"[[4, 5], [10, 11], [12, 13], [20, 21], [32, 33]]",16,,,,,18,,,,,,,,,,,,,,,,,,,,,,,,,,,,,,,,,,,,,,,,,,,,,,,,,,,,,
773.9817201250116,unswapping,,,,,,,,,,,,,,,,,,,,,,,,,,,,,,,,,,,,,,,,,,,,,,,,,,136,4,308352,2652,158,40,0,right,1,19,19,2,"[[13, 14], [17, 18]]",18,,,,,22,,,,,,,,,,,,,,,,,,,,,,,,,,,,,,,,,,,,,,,,,,,,,,,,,,,,,
775.4530112909852,unswapping,,,,,,,,,,,,,,,,,,,,,,,,,,,,,,,,,,,,,,,,,,,,,,,,,,136,4,308352,2652,158,40,1,both,0,20,20,0,[],0,,,,,22,,,,,,,,,,,,,,,,,,,,,,,,,,,,,,,,,,,,,,,,,,,,,,,,,,,,,
776.9204146249685,unswapping,,,,,,,,,,,,,,,,,,,,,,,,,,,,,,,,,,,,,,,,,,,,,,,,,,136,4,308352,2652,158,40,1,both,1,19,19,0,[],0,,,,,22,,,,,,,,,,,,,,,,,,,,,,,,,,,,,,,,,,,,,,,,,,,,,,,,,,,,,
777.5902449580026,unswapping,,,,,,,,,,,,,,,,,,,,,,,,,,,,,,,,,,,,,,,,,,,,,,,,,,136,4,308352,2652,158,40,1,left,0,20,20,0,[],0,,,,,22,,,,,,,,,,,,,,,,,,,,,,,,,,,,,,,,,,,,,,,,,,,,,,,,,,,,,
778.3057339579682,unswapping,,,,,,,,,,,,,,,,,,,,,,,,,,,,,,,,,,,,,,,,,,,,,,,,,,136,4,308352,2652,158,40,1,left,1,19,19,0,[],0,,,,,22,,,,,,,,,,,,,,,,,,,,,,,,,,,,,,,,,,,,,,,,,,,,,,,,,,,,,
779.0791823329637,unswapping,,,,,,,,,,,,,,,,,,,,,,,,,,,,,,,,,,,,,,,,,,,,,,,,,,136,4,308096,2644,158,40,1,right,0,20,20,1,"[[18, 19]]",1,,,,,24,,,,,,,,,,,,,,,,,,,,,,,,,,,,,,,,,,,,,,,,,,,,,,,,,,,,,
779.7666749159689,unswapping,,,,,,,,,,,,,,,,,,,,,,,,,,,,,,,,,,,,,,,,,,,,,,,,,,136,4,308096,2644,158,40,1,right,1,19,19,0,[],1,,,,,24,,,,,,,,,,,,,,,,,,,,,,,,,,,,,,,,,,,,,,,,,,,,,,,,,,,,,
781.0664427909651,unswapping,,,,,,,,,,,,,,,,,,,,,,,,,,,,,,,,,,,,,,,,,,,,,,,,,,136,4,308096,2644,158,40,2,both,0,20,20,0,[],0,,,,,24,,,,,,,,,,,,,,,,,,,,,,,,,,,,,,,,,,,,,,,,,,,,,,,,,,,,,
782.4583382499986,unswapping,,,,,,,,,,,,,,,,,,,,,,,,,,,,,,,,,,,,,,,,,,,,,,,,,,136,4,308096,2644,158,40,2,both,1,19,19,0,[],0,,,,,24,,,,,,,,,,,,,,,,,,,,,,,,,,,,,,,,,,,,,,,,,,,,,,,,,,,,,
783.0343718749937,unswapping,,,,,,,,,,,,,,,,,,,,,,,,,,,,,,,,,,,,,,,,,,,,,,,,,,136,4,308096,2644,158,40,2,left,0,20,20,0,[],0,,,,,24,,,,,,,,,,,,,,,,,,,,,,,,,,,,,,,,,,,,,,,,,,,,,,,,,,,,,
783.6625435000169,unswapping,,,,,,,,,,,,,,,,,,,,,,,,,,,,,,,,,,,,,,,,,,,,,,,,,,136,4,308096,2644,158,40,2,left,1,19,19,0,[],0,,,,,24,,,,,,,,,,,,,,,,,,,,,,,,,,,,,,,,,,,,,,,,,,,,,,,,,,,,,
784.2125779580092,unswapping,,,,,,,,,,,,,,,,,,,,,,,,,,,,,,,,,,,,,,,,,,,,,,,,,,136,4,308096,2644,158,40,2,right,0,20,20,0,[],0,,,,,24,,,,,,,,,,,,,,,,,,,,,,,,,,,,,,,,,,,,,,,,,,,,,,,,,,,,,
784.8389454159769,unswapping,,,,,,,,,,,,,,,,,,,,,,,,,,,,,,,,,,,,,,,,,,,,,,,,,,136,4,308096,2644,158,40,2,right,1,19,19,0,[],0,,,,,24,,,,,,,,,,,,,,,,,,,,,,,,,,,,,,,,,,,,,,,,,,,,,,,,,,,,,
786.3751828749664,unswap_cycle_summary,,,,,,,,,,,,404,389,793,,,,,,,,,,,,,,,,,,,512,0.0006,,,,,,,,,,,,,,,,136,4,308096,2644,158,40,,,,,,,,,,,,,,,,,,,,,47,18.479378000018187,793,808,15,0,False,True,True,44,0,"[404, 389]","[0, 1, 2, 3, 4, 5, 6, 7, 8, 10, 9, 11, 12, 13, 14, 15, 16, 17, 18, 20, 19, 21, 22, 23, 24, 25, 26, 27, 28, 29, 30, 31, 32, 33, 34, 35, 37, 36, 38, 39]","[0, 1, 2, 4, 5, 3, 6, 7, 8, 10, 11, 9, 13, 14, 12, 15, 16, 18, 20, 17, 22, 19, 21, 23, 24, 25, 26, 27, 28, 29, 30, 32, 34, 31, 33, 35, 37, 36, 38, 39]",,"{'index': 1, 'interactions': [('unitary', (29, 30))]}","[2, 4, 5, 5, 5, 5, 5, 4, 3, 3, 3, 4, 5, 5, 6, 6, 4, 2, 3, 4, 6, 7, 7, 8, 7, 6, 6, 5, 5, 5, 5, 5, 4, 3, 4, 5, 4, 4, 2]",91f42348ef1e761d45d4ac99bd0597b0394b9d86ecb8303235efc44a2d178154,,,,,,,,,,,,,,,,,,,,,,,,,,,,
786.6064615829964,rewiring,right,post_unswap,0.14411716698668897,29,False,False,,,,,,,,,,,,,,,,,,,,,,,,,,,,,,,,,,,,,,,,,,,,,,,,,,,,,,,,,,,,,,,,,,,,,,47,,,,,,,,,,,,,,,,,,50,False,0,4,bond_profile,8,False,1,5051,"(315, 125, 9, 8, 15, 89, 27)",0.002775000990368426,0.1413192919571884,"[{'seed': 2024, 'score': (315, 125, 9, 8, 21, 89, 33), 'num_layers': 33, 'total_swaps': 89, 'max_layer_swaps': 9, 'swap_only_layers': 21, 'work_layers': 12, 'unitary_layers': 12, 'first_work_layer': 3, 'leading_no_work_layers': 3, 'bond_profile_layers_scored': 8, 'bond_profile_total_cost': 315, 'bond_profile_max_cost': 125, 'bond_profile_gate_count': 9}, {'seed': 3033, 'score': (327, 136, 11, 8, 18, 90, 29), 'num_layers': 29, 'total_swaps': 90, 'max_layer_swaps': 8, 'swap_only_layers': 18, 'work_layers': 11, 'unitary_layers': 11, 'first_work_layer': 3, 'leading_no_work_layers': 3, 'bond_profile_layers_scored': 8, 'bond_profile_total_cost': 327, 'bond_profile_max_cost': 136, 'bond_profile_gate_count': 11}, {'seed': 4042, 'score': (370, 136, 10, 8, 15, 89, 27), 'num_layers': 27, 'total_swaps': 89, 'max_layer_swaps': 8, 'swap_only_layers': 15, 'work_layers': 12, 'unitary_layers': 12, 'first_work_layer': 3, 'leading_no_work_layers': 3, 'bond_profile_layers_scored': 8, 'bond_profile_total_cost': 370, 'bond_profile_max_cost': 136, 'bond_profile_gate_count': 10}, {'seed': 5051, 'score': (315, 125, 9, 8, 15, 89, 27), 'num_layers': 27, 'total_swaps': 89, 'max_layer_swaps': 9, 'swap_only_layers': 15, 'work_layers': 12, 'unitary_layers': 12, 'first_work_layer': 3, 'leading_no_work_layers': 3, 'bond_profile_layers_scored': 8, 'bond_profile_total_cost': 315, 'bond_profile_max_cost': 125, 'bond_profile_gate_count': 9}]",0.14411212498089299,0.14428729197243229,,,,,,,,,,,,,
786.691871457966,cycle_progress,,,,,,,,,,,,404,389,793,,,,,,,,,,,,,,,,,,,512,0.0006,,374040,7,,,,,,,,,,,,,136,4,308096,2644,158,40,,,,,,,,,,,,,,,,,,,,,47,,793,808,15,0,False,,,,,,,,,,,,,,,,,,,,,,,,,,0.14428729197243229,,,,,,,,,,,,,
786.9702354159672,absorbing,,,,,,,R,0,1,0,27,404,389,793,7,0,0,0.0,0.1882502090302296,0.1882502090302296,0.19082299998262897,,324404,,136,False,False,False,False,324404,136,False,512,0.0006,,308096,8,total_elems,,324404,1,1,,,,0.0,,,,136,4,324404,2814,158,40,,,,,,,,,,,,,,,,,,,,,,,,,,,,,,,,,,,,,,,,,,,,,,,,,,,,,,,,,,,,,,,,,,
787.3042678749771,absorbing,,,,,,,R,0,2,0,27,404,389,793,8,0,0,0.0,0.24831204197835177,0.24831204197835177,0.24852033302886412,,372568,,136,False,False,False,False,372568,136,False,512,0.0006,,308096,8,total_elems,,372568,1,1,,,,0.0,,,,136,4,372568,3138,158,40,,,,,,,,,,,,,,,,,,,,,,,,,,,,,,,,,,,,,,,,,,,,,,,,,,,,,,,,,,,,,,,,,,
789.6108352909796,unswapping,,,,,,,,,,,,,,,,,,,,,,,,,,,,,,,,,,,,,,,,,,,,,,,,,,136,4,372568,3138,158,40,0,both,0,20,20,0,[],0,,,,,0,,,,,,,,,,,,,,,,,,,,,,,,,,,,,,,,,,,,,,,,,,,,,,,,,,,,,
791.0482347499928,unswapping,,,,,,,,,,,,,,,,,,,,,,,,,,,,,,,,,,,,,,,,,,,,,,,,,,136,4,372568,3138,158,40,0,both,1,19,19,0,[],0,,,,,0,,,,,,,,,,,,,,,,,,,,,,,,,,,,,,,,,,,,,,,,,,,,,,,,,,,,,
791.8732452080003,unswapping,,,,,,,,,,,,,,,,,,,,,,,,,,,,,,,,,,,,,,,,,,,,,,,,,,136,4,372568,3138,158,40,0,left,0,20,20,0,[],0,,,,,0,,,,,,,,,,,,,,,,,,,,,,,,,,,,,,,,,,,,,,,,,,,,,,,,,,,,,
792.5621215410065,unswapping,,,,,,,,,,,,,,,,,,,,,,,,,,,,,,,,,,,,,,,,,,,,,,,,,,136,4,372568,3138,158,40,0,left,1,19,19,0,[],0,,,,,0,,,,,,,,,,,,,,,,,,,,,,,,,,,,,,,,,,,,,,,,,,,,,,,,,,,,,
793.4210678329691,unswapping,,,,,,,,,,,,,,,,,,,,,,,,,,,,,,,,,,,,,,,,,,,,,,,,,,136,4,372568,3138,158,40,0,right,0,20,20,0,[],0,,,,,0,,,,,,,,,,,,,,,,,,,,,,,,,,,,,,,,,,,,,,,,,,,,,,,,,,,,,
794.1441943749669,unswapping,,,,,,,,,,,,,,,,,,,,,,,,,,,,,,,,,,,,,,,,,,,,,,,,,,136,4,372568,3138,158,40,0,right,1,19,19,0,[],0,,,,,0,,,,,,,,,,,,,,,,,,,,,,,,,,,,,,,,,,,,,,,,,,,,,,,,,,,,,
794.6663742499659,unswap_cycle_summary,,,,,,,,,,,,404,389,793,,,,,,,,,,,,,,,,,,,512,0.0006,,,,,,,,,,,,,,,,136,4,372568,3138,158,40,,,,,,,,,,,,,,,,,,,,,48,6.284066874999553,793,808,15,0,False,True,True,46,15,"[404, 389]","[0, 1, 2, 3, 4, 5, 6, 7, 8, 9, 10, 11, 12, 13, 14, 15, 16, 17, 18, 19, 20, 21, 22, 23, 24, 25, 26, 27, 28, 29, 30, 31, 32, 33, 34, 35, 36, 37, 38, 39]","[0, 1, 2, 3, 4, 5, 6, 7, 8, 9, 10, 11, 12, 13, 14, 15, 16, 17, 18, 19, 20, 21, 22, 23, 24, 25, 26, 27, 28, 29, 30, 31, 32, 33, 34, 35, 36, 37, 38, 39]",,"{'index': 3, 'interactions': [('unitary', (29, 30))]}","[2, 4, 5, 6, 5, 5, 5, 4, 3, 4, 4, 4, 5, 6, 6, 6, 4, 4, 4, 6, 6, 7, 7, 8, 7, 6, 6, 5, 5, 5, 5, 6, 5, 5, 4, 5, 6, 4, 2]",6f33b907aba6995b292c2f675bee587eba7c92b52971ebfe1d09cb060a800099,,,,,,,,,,,,,,,,,,,,,,,,,,,,
794.8880107079749,rewiring,right,post_unswap,0.13575129199307412,27,False,False,,,,,,,,,,,,,,,,,,,,,,,,,,,,,,,,,,,,,,,,,,,,,,,,,,,,,,,,,,,,,,,,,,,,,,48,,,,,,,,,,,,,,,,,,50,False,0,4,bond_profile,8,False,1,2024,"(322, 64, 9, 8, 14, 74, 27)",0.002634707954712212,0.1330967500107363,"[{'seed': 2024, 'score': (322, 64, 9, 8, 14, 74, 27), 'num_layers': 27, 'total_swaps': 74, 'max_layer_swaps': 9, 'swap_only_layers': 14, 'work_layers': 13, 'unitary_layers': 13, 'first_work_layer': 1, 'leading_no_work_layers': 1, 'bond_profile_layers_scored': 8, 'bond_profile_total_cost': 322, 'bond_profile_max_cost': 64, 'bond_profile_gate_count': 9}, {'seed': 3033, 'score': (355, 60, 10, 8, 16, 74, 28), 'num_layers': 28, 'total_swaps': 74, 'max_layer_swaps': 9, 'swap_only_layers': 16, 'work_layers': 12, 'unitary_layers': 12, 'first_work_layer': 1, 'leading_no_work_layers': 1, 'bond_profile_layers_scored': 8, 'bond_profile_total_cost': 355, 'bond_profile_max_cost': 60, 'bond_profile_gate_count': 10}, {'seed': 4042, 'score': (322, 64, 9, 8, 15, 74, 28), 'num_layers': 28, 'total_swaps': 74, 'max_layer_swaps': 9, 'swap_only_layers': 15, 'work_layers': 13, 'unitary_layers': 13, 'first_work_layer': 1, 'leading_no_work_layers': 1, 'bond_profile_layers_scored': 8, 'bond_profile_total_cost': 322, 'bond_profile_max_cost': 64, 'bond_profile_gate_count': 9}, {'seed': 5051, 'score': (367, 60, 11, 8, 16, 74, 27), 'num_layers': 27, 'total_swaps': 74, 'max_layer_swaps': 9, 'swap_only_layers': 16, 'work_layers': 11, 'unitary_layers': 11, 'first_work_layer': 1, 'leading_no_work_layers': 1, 'bond_profile_layers_scored': 8, 'bond_profile_total_cost': 367, 'bond_profile_max_cost': 60, 'bond_profile_gate_count': 11}]",0.13574683299520984,0.13591554202139378,,,,,,,,,,,,,
794.9903487910051,cycle_progress,,,,,,,,,,,,404,389,793,,,,,,,,,,,,,,,,,,,512,0.0006,,308096,8,,,,,,,,,,,,,136,4,372568,3138,158,40,,,,,,,,,,,,,,,,,,,,,48,,793,808,15,0,False,,,,,,,,,,,,,,,,,,,,,,,,,,0.13591554202139378,,,,,,,,,,,,,
797.8426558749634,unswapping,,,,,,,,,,,,,,,,,,,,,,,,,,,,,,,,,,,,,,,,,,,,,,,,,,136,4,367400,3070,158,40,0,both,0,20,20,1,"[[36, 37]]",1,,,,,0,,,,,,,,,,,,,,,,,,,,,,,,,,,,,,,,,,,,,,,,,,,,,,,,,,,,,
799.7648369579692,unswapping,,,,,,,,,,,,,,,,,,,,,,,,,,,,,,,,,,,,,,,,,,,,,,,,,,136,4,328400,2836,158,40,0,both,1,19,19,6,"[[3, 4], [9, 10], [19, 20], [21, 22], [31, 32], [33, 34]]",7,,,,,0,,,,,,,,,,,,,,,,,,,,,,,,,,,,,,,,,,,,,,,,,,,,,,,,,,,,,
800.3746143329772,unswapping,,,,,,,,,,,,,,,,,,,,,,,,,,,,,,,,,,,,,,,,,,,,,,,,,,136,4,328400,2836,158,40,0,left,0,20,20,0,[],7,,,,,0,,,,,,,,,,,,,,,,,,,,,,,,,,,,,,,,,,,,,,,,,,,,,,,,,,,,,
801.3084504579892,unswapping,,,,,,,,,,,,,,,,,,,,,,,,,,,,,,,,,,,,,,,,,,,,,,,,,,136,4,322884,2786,158,40,0,left,1,19,19,4,"[[3, 4], [21, 22], [31, 32], [33, 34]]",11,,,,,8,,,,,,,,,,,,,,,,,,,,,,,,,,,,,,,,,,,,,,,,,,,,,,,,,,,,,
802.061959624989,unswapping,,,,,,,,,,,,,,,,,,,,,,,,,,,,,,,,,,,,,,,,,,,,,,,,,,136,4,316864,2732,158,40,0,right,0,20,20,5,"[[4, 5], [10, 11], [12, 13], [20, 21], [32, 33]]",16,,,,,18,,,,,,,,,,,,,,,,,,,,,,,,,,,,,,,,,,,,,,,,,,,,,,,,,,,,,
802.9221957909758,unswapping,,,,,,,,,,,,,,,,,,,,,,,,,,,,,,,,,,,,,,,,,,,,,,,,,,136,4,308352,2652,158,40,0,right,1,19,19,2,"[[13, 14], [17, 18]]",18,,,,,22,,,,,,,,,,,,,,,,,,,,,,,,,,,,,,,,,,,,,,,,,,,,,,,,,,,,,
804.1414705410134,unswapping,,,,,,,,,,,,,,,,,,,,,,,,,,,,,,,,,,,,,,,,,,,,,,,,,,136,4,308352,2652,158,40,1,both,0,20,20,0,[],0,,,,,22,,,,,,,,,,,,,,,,,,,,,,,,,,,,,,,,,,,,,,,,,,,,,,,,,,,,,
805.5081519159721,unswapping,,,,,,,,,,,,,,,,,,,,,,,,,,,,,,,,,,,,,,,,,,,,,,,,,,136,4,308352,2652,158,40,1,both,1,19,19,0,[],0,,,,,22,,,,,,,,,,,,,,,,,,,,,,,,,,,,,,,,,,,,,,,,,,,,,,,,,,,,,
806.0441983329947,unswapping,,,,,,,,,,,,,,,,,,,,,,,,,,,,,,,,,,,,,,,,,,,,,,,,,,136,4,308352,2652,158,40,1,left,0,20,20,0,[],0,,,,,22,,,,,,,,,,,,,,,,,,,,,,,,,,,,,,,,,,,,,,,,,,,,,,,,,,,,,
806.6460688749794,unswapping,,,,,,,,,,,,,,,,,,,,,,,,,,,,,,,,,,,,,,,,,,,,,,,,,,136,4,308352,2652,158,40,1,left,1,19,19,0,[],0,,,,,22,,,,,,,,,,,,,,,,,,,,,,,,,,,,,,,,,,,,,,,,,,,,,,,,,,,,,
807.3386465829681,unswapping,,,,,,,,,,,,,,,,,,,,,,,,,,,,,,,,,,,,,,,,,,,,,,,,,,136,4,308096,2644,158,40,1,right,0,20,20,1,"[[18, 19]]",1,,,,,24,,,,,,,,,,,,,,,,,,,,,,,,,,,,,,,,,,,,,,,,,,,,,,,,,,,,,
807.975082541001,unswapping,,,,,,,,,,,,,,,,,,,,,,,,,,,,,,,,,,,,,,,,,,,,,,,,,,136,4,308096,2644,158,40,1,right,1,19,19,0,[],1,,,,,24,,,,,,,,,,,,,,,,,,,,,,,,,,,,,,,,,,,,,,,,,,,,,,,,,,,,,
809.2433242080151,unswapping,,,,,,,,,,,,,,,,,,,,,,,,,,,,,,,,,,,,,,,,,,,,,,,,,,136,4,308096,2644,158,40,2,both,0,20,20,0,[],0,,,,,24,,,,,,,,,,,,,,,,,,,,,,,,,,,,,,,,,,,,,,,,,,,,,,,,,,,,,
810.7926815410028,unswapping,,,,,,,,,,,,,,,,,,,,,,,,,,,,,,,,,,,,,,,,,,,,,,,,,,136,4,308096,2644,158,40,2,both,1,19,19,0,[],0,,,,,24,,,,,,,,,,,,,,,,,,,,,,,,,,,,,,,,,,,,,,,,,,,,,,,,,,,,,
811.4908606659737,unswapping,,,,,,,,,,,,,,,,,,,,,,,,,,,,,,,,,,,,,,,,,,,,,,,,,,136,4,308096,2644,158,40,2,left,0,20,20,0,[],0,,,,,24,,,,,,,,,,,,,,,,,,,,,,,,,,,,,,,,,,,,,,,,,,,,,,,,,,,,,
812.167506082973,unswapping,,,,,,,,,,,,,,,,,,,,,,,,,,,,,,,,,,,,,,,,,,,,,,,,,,136,4,308096,2644,158,40,2,left,1,19,19,0,[],0,,,,,24,,,,,,,,,,,,,,,,,,,,,,,,,,,,,,,,,,,,,,,,,,,,,,,,,,,,,
812.7652082910063,unswapping,,,,,,,,,,,,,,,,,,,,,,,,,,,,,,,,,,,,,,,,,,,,,,,,,,136,4,308096,2644,158,40,2,right,0,20,20,0,[],0,,,,,24,,,,,,,,,,,,,,,,,,,,,,,,,,,,,,,,,,,,,,,,,,,,,,,,,,,,,
813.4790380409686,unswapping,,,,,,,,,,,,,,,,,,,,,,,,,,,,,,,,,,,,,,,,,,,,,,,,,,136,4,308096,2644,158,40,2,right,1,19,19,0,[],0,,,,,24,,,,,,,,,,,,,,,,,,,,,,,,,,,,,,,,,,,,,,,,,,,,,,,,,,,,,
815.0895342499716,unswap_cycle_summary,,,,,,,,,,,,404,389,793,,,,,,,,,,,,,,,,,,,512,0.0006,,,,,,,,,,,,,,,,136,4,308096,2644,158,40,,,,,,,,,,,,,,,,,,,,,49,17.909728958969936,793,808,15,0,False,True,True,47,0,"[404, 389]","[0, 1, 2, 3, 4, 5, 6, 7, 8, 10, 9, 11, 12, 13, 14, 15, 16, 17, 18, 20, 19, 21, 22, 23, 24, 25, 26, 27, 28, 29, 30, 31, 32, 33, 34, 35, 37, 36, 38, 39]","[0, 1, 2, 4, 5, 3, 6, 7, 8, 10, 11, 9, 13, 14, 12, 15, 16, 18, 20, 17, 22, 19, 21, 23, 24, 25, 26, 27, 28, 29, 30, 32, 34, 31, 33, 35, 37, 36, 38, 39]",,"{'index': 1, 'interactions': [('unitary', (29, 30))]}","[2, 4, 5, 5, 5, 5, 5, 4, 3, 3, 3, 4, 5, 5, 6, 6, 4, 2, 3, 4, 6, 7, 7, 8, 7, 6, 6, 5, 5, 5, 5, 5, 4, 3, 4, 5, 4, 4, 2]",91f42348ef1e761d45d4ac99bd0597b0394b9d86ecb8303235efc44a2d178154,,,,,,,,,,,,,,,,,,,,,,,,,,,,
815.3314350830042,rewiring,right,post_unswap,0.1506834999890998,29,False,False,,,,,,,,,,,,,,,,,,,,,,,,,,,,,,,,,,,,,,,,,,,,,,,,,,,,,,,,,,,,,,,,,,,,,,49,,,,,,,,,,,,,,,,,,50,False,0,4,bond_profile,8,False,1,5051,"(315, 125, 9, 8, 15, 89, 27)",0.003128414915408939,0.14752620796207339,"[{'seed': 2024, 'score': (315, 125, 9, 8, 21, 89, 33), 'num_layers': 33, 'total_swaps': 89, 'max_layer_swaps': 9, 'swap_only_layers': 21, 'work_layers': 12, 'unitary_layers': 12, 'first_work_layer': 3, 'leading_no_work_layers': 3, 'bond_profile_layers_scored': 8, 'bond_profile_total_cost': 315, 'bond_profile_max_cost': 125, 'bond_profile_gate_count': 9}, {'seed': 3033, 'score': (327, 136, 11, 8, 18, 90, 29), 'num_layers': 29, 'total_swaps': 90, 'max_layer_swaps': 8, 'swap_only_layers': 18, 'work_layers': 11, 'unitary_layers': 11, 'first_work_layer': 3, 'leading_no_work_layers': 3, 'bond_profile_layers_scored': 8, 'bond_profile_total_cost': 327, 'bond_profile_max_cost': 136, 'bond_profile_gate_count': 11}, {'seed': 4042, 'score': (370, 136, 10, 8, 15, 89, 27), 'num_layers': 27, 'total_swaps': 89, 'max_layer_swaps': 8, 'swap_only_layers': 15, 'work_layers': 12, 'unitary_layers': 12, 'first_work_layer': 3, 'leading_no_work_layers': 3, 'bond_profile_layers_scored': 8, 'bond_profile_total_cost': 370, 'bond_profile_max_cost': 136, 'bond_profile_gate_count': 10}, {'seed': 5051, 'score': (315, 125, 9, 8, 15, 89, 27), 'num_layers': 27, 'total_swaps': 89, 'max_layer_swaps': 9, 'swap_only_layers': 15, 'work_layers': 12, 'unitary_layers': 12, 'first_work_layer': 3, 'leading_no_work_layers': 3, 'bond_profile_layers_scored': 8, 'bond_profile_total_cost': 315, 'bond_profile_max_cost': 125, 'bond_profile_gate_count': 9}]",0.15067724999971688,0.1508782499586232,,,,,,,,,,,,,
815.4204569159774,cycle_progress,,,,,,,,,,,,404,389,793,,,,,,,,,,,,,,,,,,,512,0.0006,,372568,9,,,,,,,,,,,,,136,4,308096,2644,158,40,,,,,,,,,,,,,,,,,,,,,49,,793,808,15,0,False,,,,,,,,,,,,,,,,,,,,,,,,,,0.1508782499586232,,,,,,,,,,,,,
815.7228709160117,absorbing,,,,,,,R,0,1,0,27,404,389,793,7,0,0,0.0,0.21105045801959932,0.21105045801959932,0.21359095798106864,,324100,,136,False,False,False,False,324100,136,False,512,0.0006,,308096,10,total_elems,,324100,1,1,,,,0.0,,,,136,4,324100,2810,158,40,,,,,,,,,,,,,,,,,,,,,,,,,,,,,,,,,,,,,,,,,,,,,,,,,,,,,,,,,,,,,,,,,,
816.0778482499882,absorbing,,,,,,,R,0,2,0,27,404,389,793,8,0,0,0.0,0.26098233298398554,0.26098233298398554,0.26118654099991545,,372584,,136,False,False,False,False,372584,136,False,512,0.0006,,308096,10,total_elems,,372584,1,1,,,,0.0,,,,136,4,372584,3142,158,40,,,,,,,,,,,,,,,,,,,,,,,,,,,,,,,,,,,,,,,,,,,,,,,,,,,,,,,,,,,,,,,,,,
818.5774609160144,unswapping,,,,,,,,,,,,,,,,,,,,,,,,,,,,,,,,,,,,,,,,,,,,,,,,,,136,4,372584,3142,158,40,0,both,0,20,20,0,[],0,,,,,0,,,,,,,,,,,,,,,,,,,,,,,,,,,,,,,,,,,,,,,,,,,,,,,,,,,,,
820.0586607079604,unswapping,,,,,,,,,,,,,,,,,,,,,,,,,,,,,,,,,,,,,,,,,,,,,,,,,,136,4,372584,3142,158,40,0,both,1,19,19,0,[],0,,,,,0,,,,,,,,,,,,,,,,,,,,,,,,,,,,,,,,,,,,,,,,,,,,,,,,,,,,,
820.8874538749806,unswapping,,,,,,,,,,,,,,,,,,,,,,,,,,,,,,,,,,,,,,,,,,,,,,,,,,136,4,372584,3142,158,40,0,left,0,20,20,0,[],0,,,,,0,,,,,,,,,,,,,,,,,,,,,,,,,,,,,,,,,,,,,,,,,,,,,,,,,,,,,
821.5520338329952,unswapping,,,,,,,,,,,,,,,,,,,,,,,,,,,,,,,,,,,,,,,,,,,,,,,,,,136,4,372584,3142,158,40,0,left,1,19,19,0,[],0,,,,,0,,,,,,,,,,,,,,,,,,,,,,,,,,,,,,,,,,,,,,,,,,,,,,,,,,,,,
822.3770169579657,unswapping,,,,,,,,,,,,,,,,,,,,,,,,,,,,,,,,,,,,,,,,,,,,,,,,,,136,4,372584,3142,158,40,0,right,0,20,20,0,[],0,,,,,0,,,,,,,,,,,,,,,,,,,,,,,,,,,,,,,,,,,,,,,,,,,,,,,,,,,,,
823.0511000409606,unswapping,,,,,,,,,,,,,,,,,,,,,,,,,,,,,,,,,,,,,,,,,,,,,,,,,,136,4,372584,3142,158,40,0,right,1,19,19,0,[],0,,,,,0,,,,,,,,,,,,,,,,,,,,,,,,,,,,,,,,,,,,,,,,,,,,,,,,,,,,,
823.6202155000065,unswap_cycle_summary,,,,,,,,,,,,404,389,793,,,,,,,,,,,,,,,,,,,512,0.0006,,,,,,,,,,,,,,,,136,4,372584,3142,158,40,,,,,,,,,,,,,,,,,,,,,50,6.365050207998138,793,808,15,0,False,True,True,48,15,"[404, 389]","[0, 1, 2, 3, 4, 5, 6, 7, 8, 9, 10, 11, 12, 13, 14, 15, 16, 17, 18, 19, 20, 21, 22, 23, 24, 25, 26, 27, 28, 29, 30, 31, 32, 33, 34, 35, 36, 37, 38, 39]","[0, 1, 2, 3, 4, 5, 6, 7, 8, 9, 10, 11, 12, 13, 14, 15, 16, 17, 18, 19, 20, 21, 22, 23, 24, 25, 26, 27, 28, 29, 30, 31, 32, 33, 34, 35, 36, 37, 38, 39]",,"{'index': 3, 'interactions': [('unitary', (29, 30))]}","[2, 4, 5, 6, 5, 5, 5, 4, 3, 4, 4, 4, 5, 6, 6, 6, 4, 4, 4, 6, 6, 7, 7, 8, 7, 6, 6, 5, 5, 5, 5, 6, 5, 5, 4, 5, 6, 4, 2]",6f33b907aba6995b292c2f675bee587eba7c92b52971ebfe1d09cb060a800099,,,,,,,,,,,,,,,,,,,,,,,,,,,,
823.889636790962,rewiring,right,post_unswap,0.17628720798529685,27,False,False,,,,,,,,,,,,,,,,,,,,,,,,,,,,,,,,,,,,,,,,,,,,,,,,,,,,,,,,,,,,,,,,,,,,,,50,,,,,,,,,,,,,,,,,,50,False,0,4,bond_profile,8,False,1,2024,"(326, 64, 9, 8, 14, 74, 27)",0.002941710117738694,0.1733153749955818,"[{'seed': 2024, 'score': (326, 64, 9, 8, 14, 74, 27), 'num_layers': 27, 'total_swaps': 74, 'max_layer_swaps': 9, 'swap_only_layers': 14, 'work_layers': 13, 'unitary_layers': 13, 'first_work_layer': 1, 'leading_no_work_layers': 1, 'bond_profile_layers_scored': 8, 'bond_profile_total_cost': 326, 'bond_profile_max_cost': 64, 'bond_profile_gate_count': 9}, {'seed': 3033, 'score': (359, 60, 10, 8, 16, 74, 28), 'num_layers': 28, 'total_swaps': 74, 'max_layer_swaps': 9, 'swap_only_layers': 16, 'work_layers': 12, 'unitary_layers': 12, 'first_work_layer': 1, 'leading_no_work_layers': 1, 'bond_profile_layers_scored': 8, 'bond_profile_total_cost': 359, 'bond_profile_max_cost': 60, 'bond_profile_gate_count': 10}, {'seed': 4042, 'score': (326, 64, 9, 8, 15, 74, 28), 'num_layers': 28, 'total_swaps': 74, 'max_layer_swaps': 9, 'swap_only_layers': 15, 'work_layers': 13, 'unitary_layers': 13, 'first_work_layer': 1, 'leading_no_work_layers': 1, 'bond_profile_layers_scored': 8, 'bond_profile_total_cost': 326, 'bond_profile_max_cost': 64, 'bond_profile_gate_count': 9}, {'seed': 5051, 'score': (371, 60, 11, 8, 16, 74, 27), 'num_layers': 27, 'total_swaps': 74, 'max_layer_swaps': 9, 'swap_only_layers': 16, 'work_layers': 11, 'unitary_layers': 11, 'first_work_layer': 1, 'leading_no_work_layers': 1, 'bond_profile_layers_scored': 8, 'bond_profile_total_cost': 371, 'bond_profile_max_cost': 60, 'bond_profile_gate_count': 11}]",0.17628087499178946,0.17650966701330617,,,,,,,,,,,,,
823.9791959999711,cycle_progress,,,,,,,,,,,,404,389,793,,,,,,,,,,,,,,,,,,,512,0.0006,,308096,10,,,,,,,,,,,,,136,4,372584,3142,158,40,,,,,,,,,,,,,,,,,,,,,50,,793,808,15,0,False,,,,,,,,,,,,,,,,,,,,,,,,,,0.17650966701330617,,,,,,,,,,,,,
826.8408784999629,unswapping,,,,,,,,,,,,,,,,,,,,,,,,,,,,,,,,,,,,,,,,,,,,,,,,,,136,4,367720,3078,158,40,0,both,0,20,20,1,"[[36, 37]]",1,,,,,0,,,,,,,,,,,,,,,,,,,,,,,,,,,,,,,,,,,,,,,,,,,,,,,,,,,,,
828.8986887079664,unswapping,,,,,,,,,,,,,,,,,,,,,,,,,,,,,,,,,,,,,,,,,,,,,,,,,,136,4,328400,2836,158,40,0,both,1,19,19,6,"[[3, 4], [9, 10], [19, 20], [21, 22], [31, 32], [33, 34]]",7,,,,,0,,,,,,,,,,,,,,,,,,,,,,,,,,,,,,,,,,,,,,,,,,,,,,,,,,,,,
829.5017955829971,unswapping,,,,,,,,,,,,,,,,,,,,,,,,,,,,,,,,,,,,,,,,,,,,,,,,,,136,4,328400,2836,158,40,0,left,0,20,20,0,[],7,,,,,0,,,,,,,,,,,,,,,,,,,,,,,,,,,,,,,,,,,,,,,,,,,,,,,,,,,,,
830.403397749993,unswapping,,,,,,,,,,,,,,,,,,,,,,,,,,,,,,,,,,,,,,,,,,,,,,,,,,136,4,322884,2786,158,40,0,left,1,19,19,4,"[[3, 4], [21, 22], [31, 32], [33, 34]]",11,,,,,8,,,,,,,,,,,,,,,,,,,,,,,,,,,,,,,,,,,,,,,,,,,,,,,,,,,,,
831.1556403749855,unswapping,,,,,,,,,,,,,,,,,,,,,,,,,,,,,,,,,,,,,,,,,,,,,,,,,,136,4,316864,2732,158,40,0,right,0,20,20,5,"[[4, 5], [10, 11], [12, 13], [20, 21], [32, 33]]",16,,,,,18,,,,,,,,,,,,,,,,,,,,,,,,,,,,,,,,,,,,,,,,,,,,,,,,,,,,,
831.953125540982,unswapping,,,,,,,,,,,,,,,,,,,,,,,,,,,,,,,,,,,,,,,,,,,,,,,,,,136,4,308352,2652,158,40,0,right,1,19,19,2,"[[13, 14], [17, 18]]",18,,,,,22,,,,,,,,,,,,,,,,,,,,,,,,,,,,,,,,,,,,,,,,,,,,,,,,,,,,,
833.1821185000008,unswapping,,,,,,,,,,,,,,,,,,,,,,,,,,,,,,,,,,,,,,,,,,,,,,,,,,136,4,308352,2652,158,40,1,both,0,20,20,0,[],0,,,,,22,,,,,,,,,,,,,,,,,,,,,,,,,,,,,,,,,,,,,,,,,,,,,,,,,,,,,
834.4930445000064,unswapping,,,,,,,,,,,,,,,,,,,,,,,,,,,,,,,,,,,,,,,,,,,,,,,,,,136,4,308352,2652,158,40,1,both,1,19,19,0,[],0,,,,,22,,,,,,,,,,,,,,,,,,,,,,,,,,,,,,,,,,,,,,,,,,,,,,,,,,,,,
835.1084789579618,unswapping,,,,,,,,,,,,,,,,,,,,,,,,,,,,,,,,,,,,,,,,,,,,,,,,,,136,4,308352,2652,158,40,1,left,0,20,20,0,[],0,,,,,22,,,,,,,,,,,,,,,,,,,,,,,,,,,,,,,,,,,,,,,,,,,,,,,,,,,,,
835.7176124159596,unswapping,,,,,,,,,,,,,,,,,,,,,,,,,,,,,,,,,,,,,,,,,,,,,,,,,,136,4,308352,2652,158,40,1,left,1,19,19,0,[],0,,,,,22,,,,,,,,,,,,,,,,,,,,,,,,,,,,,,,,,,,,,,,,,,,,,,,,,,,,,
836.4263393749716,unswapping,,,,,,,,,,,,,,,,,,,,,,,,,,,,,,,,,,,,,,,,,,,,,,,,,,136,4,308096,2644,158,40,1,right,0,20,20,1,"[[18, 19]]",1,,,,,24,,,,,,,,,,,,,,,,,,,,,,,,,,,,,,,,,,,,,,,,,,,,,,,,,,,,,
837.082729457994,unswapping,,,,,,,,,,,,,,,,,,,,,,,,,,,,,,,,,,,,,,,,,,,,,,,,,,136,4,308096,2644,158,40,1,right,1,19,19,0,[],1,,,,,24,,,,,,,,,,,,,,,,,,,,,,,,,,,,,,,,,,,,,,,,,,,,,,,,,,,,,
838.289915958012,unswapping,,,,,,,,,,,,,,,,,,,,,,,,,,,,,,,,,,,,,,,,,,,,,,,,,,136,4,308096,2644,158,40,2,both,0,20,20,0,[],0,,,,,24,,,,,,,,,,,,,,,,,,,,,,,,,,,,,,,,,,,,,,,,,,,,,,,,,,,,,
839.5967448329902,unswapping,,,,,,,,,,,,,,,,,,,,,,,,,,,,,,,,,,,,,,,,,,,,,,,,,,136,4,308096,2644,158,40,2,both,1,19,19,0,[],0,,,,,24,,,,,,,,,,,,,,,,,,,,,,,,,,,,,,,,,,,,,,,,,,,,,,,,,,,,,
840.1320427079918,unswapping,,,,,,,,,,,,,,,,,,,,,,,,,,,,,,,,,,,,,,,,,,,,,,,,,,136,4,308096,2644,158,40,2,left,0,20,20,0,[],0,,,,,24,,,,,,,,,,,,,,,,,,,,,,,,,,,,,,,,,,,,,,,,,,,,,,,,,,,,,
840.7142252500053,unswapping,,,,,,,,,,,,,,,,,,,,,,,,,,,,,,,,,,,,,,,,,,,,,,,,,,136,4,308096,2644,158,40,2,left,1,19,19,0,[],0,,,,,24,,,,,,,,,,,,,,,,,,,,,,,,,,,,,,,,,,,,,,,,,,,,,,,,,,,,,
841.2573529999936,unswapping,,,,,,,,,,,,,,,,,,,,,,,,,,,,,,,,,,,,,,,,,,,,,,,,,,136,4,308096,2644,158,40,2,right,0,20,20,0,[],0,,,,,24,,,,,,,,,,,,,,,,,,,,,,,,,,,,,,,,,,,,,,,,,,,,,,,,,,,,,
841.8855038749753,unswapping,,,,,,,,,,,,,,,,,,,,,,,,,,,,,,,,,,,,,,,,,,,,,,,,,,136,4,308096,2644,158,40,2,right,1,19,19,0,[],0,,,,,24,,,,,,,,,,,,,,,,,,,,,,,,,,,,,,,,,,,,,,,,,,,,,,,,,,,,,
843.513049583009,unswap_cycle_summary,,,,,,,,,,,,404,389,793,,,,,,,,,,,,,,,,,,,512,0.0006,,,,,,,,,,,,,,,,136,4,308096,2644,158,40,,,,,,,,,,,,,,,,,,,,,51,17.276582499966025,793,808,15,0,False,True,True,49,0,"[404, 389]","[0, 1, 2, 3, 4, 5, 6, 7, 8, 10, 9, 11, 12, 13, 14, 15, 16, 17, 18, 20, 19, 21, 22, 23, 24, 25, 26, 27, 28, 29, 30, 31, 32, 33, 34, 35, 37, 36, 38, 39]","[0, 1, 2, 4, 5, 3, 6, 7, 8, 10, 11, 9, 13, 14, 12, 15, 16, 18, 20, 17, 22, 19, 21, 23, 24, 25, 26, 27, 28, 29, 30, 32, 34, 31, 33, 35, 37, 36, 38, 39]",,"{'index': 1, 'interactions': [('unitary', (29, 30))]}","[2, 4, 5, 5, 5, 5, 5, 4, 3, 3, 3, 4, 5, 5, 6, 6, 4, 2, 3, 4, 6, 7, 7, 8, 7, 6, 6, 5, 5, 5, 5, 5, 4, 3, 4, 5, 4, 4, 2]",91f42348ef1e761d45d4ac99bd0597b0394b9d86ecb8303235efc44a2d178154,,,,,,,,,,,,,,,,,,,,,,,,,,,,
843.6685856250115,rewiring,right,post_unswap,0.06218208296922967,29,False,False,,,,,,,,,,,,,,,,,,,,,,,,,,,,,,,,,,,,,,,,,,,,,,,,,,,,,,,,,,,,,,,,,,,,,,51,,,,,,,,,,,,,,,,,,50,False,0,4,bond_profile,8,False,1,5051,"(315, 125, 9, 8, 15, 89, 27)",0.002788207959383726,0.05936695798300207,"[{'seed': 2024, 'score': (315, 125, 9, 8, 21, 89, 33), 'num_layers': 33, 'total_swaps': 89, 'max_layer_swaps': 9, 'swap_only_layers': 21, 'work_layers': 12, 'unitary_layers': 12, 'first_work_layer': 3, 'leading_no_work_layers': 3, 'bond_profile_layers_scored': 8, 'bond_profile_total_cost': 315, 'bond_profile_max_cost': 125, 'bond_profile_gate_count': 9}, {'seed': 3033, 'score': (327, 136, 11, 8, 18, 90, 29), 'num_layers': 29, 'total_swaps': 90, 'max_layer_swaps': 8, 'swap_only_layers': 18, 'work_layers': 11, 'unitary_layers': 11, 'first_work_layer': 3, 'leading_no_work_layers': 3, 'bond_profile_layers_scored': 8, 'bond_profile_total_cost': 327, 'bond_profile_max_cost': 136, 'bond_profile_gate_count': 11}, {'seed': 4042, 'score': (370, 136, 10, 8, 15, 89, 27), 'num_layers': 27, 'total_swaps': 89, 'max_layer_swaps': 8, 'swap_only_layers': 15, 'work_layers': 12, 'unitary_layers': 12, 'first_work_layer': 3, 'leading_no_work_layers': 3, 'bond_profile_layers_scored': 8, 'bond_profile_total_cost': 370, 'bond_profile_max_cost': 136, 'bond_profile_gate_count': 10}, {'seed': 5051, 'score': (315, 125, 9, 8, 15, 89, 27), 'num_layers': 27, 'total_swaps': 89, 'max_layer_swaps': 9, 'swap_only_layers': 15, 'work_layers': 12, 'unitary_layers': 12, 'first_work_layer': 3, 'leading_no_work_layers': 3, 'bond_profile_layers_scored': 8, 'bond_profile_total_cost': 315, 'bond_profile_max_cost': 125, 'bond_profile_gate_count': 9}]",0.06217679101973772,0.06236520898528397,,,,,,,,,,,,,
843.7581787079689,cycle_progress,,,,,,,,,,,,404,389,793,,,,,,,,,,,,,,,,,,,512,0.0006,,372584,11,,,,,,,,,,,,,136,4,308096,2644,158,40,,,,,,,,,,,,,,,,,,,,,51,,793,808,15,0,False,,,,,,,,,,,,,,,,,,,,,,,,,,0.06236520898528397,,,,,,,,,,,,,
844.1449357909732,absorbing,,,,,,,R,0,1,0,27,404,389,793,7,0,0,0.0,0.2914952919818461,0.2914952919818461,0.29494604194769636,,324404,,136,False,False,False,False,324404,136,False,512,0.0006,,308096,12,total_elems,,324404,1,1,,,,0.0,,,,136,4,324404,2814,158,40,,,,,,,,,,,,,,,,,,,,,,,,,,,,,,,,,,,,,,,,,,,,,,,,,,,,,,,,,,,,,,,,,,
844.5200243750005,absorbing,,,,,,,R,0,2,0,27,404,389,793,8,0,0,0.0,0.2801829579984769,0.2801829579984769,0.28041674999985844,,372568,,136,False,False,False,False,372568,136,False,512,0.0006,,308096,12,total_elems,,372568,1,1,,,,0.0,,,,136,4,372568,3138,158,40,,,,,,,,,,,,,,,,,,,,,,,,,,,,,,,,,,,,,,,,,,,,,,,,,,,,,,,,,,,,,,,,,,
847.0477859160164,unswapping,,,,,,,,,,,,,,,,,,,,,,,,,,,,,,,,,,,,,,,,,,,,,,,,,,136,4,372568,3138,158,40,0,both,0,20,20,0,[],0,,,,,0,,,,,,,,,,,,,,,,,,,,,,,,,,,,,,,,,,,,,,,,,,,,,,,,,,,,,
848.4915723329759,unswapping,,,,,,,,,,,,,,,,,,,,,,,,,,,,,,,,,,,,,,,,,,,,,,,,,,136,4,372568,3138,158,40,0,both,1,19,19,0,[],0,,,,,0,,,,,,,,,,,,,,,,,,,,,,,,,,,,,,,,,,,,,,,,,,,,,,,,,,,,,
849.3103821660043,unswapping,,,,,,,,,,,,,,,,,,,,,,,,,,,,,,,,,,,,,,,,,,,,,,,,,,136,4,372568,3138,158,40,0,left,0,20,20,0,[],0,,,,,0,,,,,,,,,,,,,,,,,,,,,,,,,,,,,,,,,,,,,,,,,,,,,,,,,,,,,
849.9997739999671,unswapping,,,,,,,,,,,,,,,,,,,,,,,,,,,,,,,,,,,,,,,,,,,,,,,,,,136,4,372568,3138,158,40,0,left,1,19,19,0,[],0,,,,,0,,,,,,,,,,,,,,,,,,,,,,,,,,,,,,,,,,,,,,,,,,,,,,,,,,,,,
850.846611874993,unswapping,,,,,,,,,,,,,,,,,,,,,,,,,,,,,,,,,,,,,,,,,,,,,,,,,,136,4,372568,3138,158,40,0,right,0,20,20,0,[],0,,,,,0,,,,,,,,,,,,,,,,,,,,,,,,,,,,,,,,,,,,,,,,,,,,,,,,,,,,,
851.5043270000024,unswapping,,,,,,,,,,,,,,,,,,,,,,,,,,,,,,,,,,,,,,,,,,,,,,,,,,136,4,372568,3138,158,40,0,right,1,19,19,0,[],0,,,,,0,,,,,,,,,,,,,,,,,,,,,,,,,,,,,,,,,,,,,,,,,,,,,,,,,,,,,
852.027275624976,unswap_cycle_summary,,,,,,,,,,,,404,389,793,,,,,,,,,,,,,,,,,,,512,0.0006,,,,,,,,,,,,,,,,136,4,372568,3138,158,40,,,,,,,,,,,,,,,,,,,,,52,6.3691224589711055,793,808,15,0,False,True,True,50,15,"[404, 389]","[0, 1, 2, 3, 4, 5, 6, 7, 8, 9, 10, 11, 12, 13, 14, 15, 16, 17, 18, 19, 20, 21, 22, 23, 24, 25, 26, 27, 28, 29, 30, 31, 32, 33, 34, 35, 36, 37, 38, 39]","[0, 1, 2, 3, 4, 5, 6, 7, 8, 9, 10, 11, 12, 13, 14, 15, 16, 17, 18, 19, 20, 21, 22, 23, 24, 25, 26, 27, 28, 29, 30, 31, 32, 33, 34, 35, 36, 37, 38, 39]",,"{'index': 3, 'interactions': [('unitary', (29, 30))]}","[2, 4, 5, 6, 5, 5, 5, 4, 3, 4, 4, 4, 5, 6, 6, 6, 4, 4, 4, 6, 6, 7, 7, 8, 7, 6, 6, 5, 5, 5, 5, 6, 5, 5, 4, 5, 6, 4, 2]",6f33b907aba6995b292c2f675bee587eba7c92b52971ebfe1d09cb060a800099,,,,,,,,,,,,,,,,,,,,,,,,,,,,
852.2422352500143,rewiring,right,post_unswap,0.12760879198322073,27,False,False,,,,,,,,,,,,,,,,,,,,,,,,,,,,,,,,,,,,,,,,,,,,,,,,,,,,,,,,,,,,,,,,,,,,,,52,,,,,,,,,,,,,,,,,,50,False,0,4,bond_profile,8,False,1,2024,"(322, 64, 9, 8, 14, 74, 27)",0.0026436669868417084,0.12494295701617375,"[{'seed': 2024, 'score': (322, 64, 9, 8, 14, 74, 27), 'num_layers': 27, 'total_swaps': 74, 'max_layer_swaps': 9, 'swap_only_layers': 14, 'work_layers': 13, 'unitary_layers': 13, 'first_work_layer': 1, 'leading_no_work_layers': 1, 'bond_profile_layers_scored': 8, 'bond_profile_total_cost': 322, 'bond_profile_max_cost': 64, 'bond_profile_gate_count': 9}, {'seed': 3033, 'score': (355, 60, 10, 8, 16, 74, 28), 'num_layers': 28, 'total_swaps': 74, 'max_layer_swaps': 9, 'swap_only_layers': 16, 'work_layers': 12, 'unitary_layers': 12, 'first_work_layer': 1, 'leading_no_work_layers': 1, 'bond_profile_layers_scored': 8, 'bond_profile_total_cost': 355, 'bond_profile_max_cost': 60, 'bond_profile_gate_count': 10}, {'seed': 4042, 'score': (322, 64, 9, 8, 15, 74, 28), 'num_layers': 28, 'total_swaps': 74, 'max_layer_swaps': 9, 'swap_only_layers': 15, 'work_layers': 13, 'unitary_layers': 13, 'first_work_layer': 1, 'leading_no_work_layers': 1, 'bond_profile_layers_scored': 8, 'bond_profile_total_cost': 322, 'bond_profile_max_cost': 64, 'bond_profile_gate_count': 9}, {'seed': 5051, 'score': (367, 60, 11, 8, 16, 74, 27), 'num_layers': 27, 'total_swaps': 74, 'max_layer_swaps': 9, 'swap_only_layers': 16, 'work_layers': 11, 'unitary_layers': 11, 'first_work_layer': 1, 'leading_no_work_layers': 1, 'bond_profile_layers_scored': 8, 'bond_profile_total_cost': 367, 'bond_profile_max_cost': 60, 'bond_profile_gate_count': 11}]",0.1276040410157293,0.1277762080426328,,,,,,,,,,,,,
852.3300329580088,cycle_progress,,,,,,,,,,,,404,389,793,,,,,,,,,,,,,,,,,,,512,0.0006,,308096,12,,,,,,,,,,,,,136,4,372568,3138,158,40,,,,,,,,,,,,,,,,,,,,,52,,793,808,15,0,False,,,,,,,,,,,,,,,,,,,,,,,,,,0.1277762080426328,,,,,,,,,,,,,
855.1313309579855,unswapping,,,,,,,,,,,,,,,,,,,,,,,,,,,,,,,,,,,,,,,,,,,,,,,,,,136,4,367400,3070,158,40,0,both,0,20,20,1,"[[36, 37]]",1,,,,,0,,,,,,,,,,,,,,,,,,,,,,,,,,,,,,,,,,,,,,,,,,,,,,,,,,,,,
857.1202477079933,unswapping,,,,,,,,,,,,,,,,,,,,,,,,,,,,,,,,,,,,,,,,,,,,,,,,,,136,4,328400,2836,158,40,0,both,1,19,19,6,"[[3, 4], [9, 10], [19, 20], [21, 22], [31, 32], [33, 34]]",7,,,,,0,,,,,,,,,,,,,,,,,,,,,,,,,,,,,,,,,,,,,,,,,,,,,,,,,,,,,
857.727026041015,unswapping,,,,,,,,,,,,,,,,,,,,,,,,,,,,,,,,,,,,,,,,,,,,,,,,,,136,4,328400,2836,158,40,0,left,0,20,20,0,[],7,,,,,0,,,,,,,,,,,,,,,,,,,,,,,,,,,,,,,,,,,,,,,,,,,,,,,,,,,,,
858.6113088749698,unswapping,,,,,,,,,,,,,,,,,,,,,,,,,,,,,,,,,,,,,,,,,,,,,,,,,,136,4,322884,2786,158,40,0,left,1,19,19,4,"[[3, 4], [21, 22], [31, 32], [33, 34]]",11,,,,,8,,,,,,,,,,,,,,,,,,,,,,,,,,,,,,,,,,,,,,,,,,,,,,,,,,,,,
859.3970239160117,unswapping,,,,,,,,,,,,,,,,,,,,,,,,,,,,,,,,,,,,,,,,,,,,,,,,,,136,4,316864,2732,158,40,0,right,0,20,20,5,"[[4, 5], [10, 11], [12, 13], [20, 21], [32, 33]]",16,,,,,18,,,,,,,,,,,,,,,,,,,,,,,,,,,,,,,,,,,,,,,,,,,,,,,,,,,,,
860.1809599999688,unswapping,,,,,,,,,,,,,,,,,,,,,,,,,,,,,,,,,,,,,,,,,,,,,,,,,,136,4,308352,2652,158,40,0,right,1,19,19,2,"[[13, 14], [17, 18]]",18,,,,,22,,,,,,,,,,,,,,,,,,,,,,,,,,,,,,,,,,,,,,,,,,,,,,,,,,,,,
861.4185058329604,unswapping,,,,,,,,,,,,,,,,,,,,,,,,,,,,,,,,,,,,,,,,,,,,,,,,,,136,4,308352,2652,158,40,1,both,0,20,20,0,[],0,,,,,22,,,,,,,,,,,,,,,,,,,,,,,,,,,,,,,,,,,,,,,,,,,,,,,,,,,,,
862.7466378330137,unswapping,,,,,,,,,,,,,,,,,,,,,,,,,,,,,,,,,,,,,,,,,,,,,,,,,,136,4,308352,2652,158,40,1,both,1,19,19,0,[],0,,,,,22,,,,,,,,,,,,,,,,,,,,,,,,,,,,,,,,,,,,,,,,,,,,,,,,,,,,,
863.366181499965,unswapping,,,,,,,,,,,,,,,,,,,,,,,,,,,,,,,,,,,,,,,,,,,,,,,,,,136,4,308352,2652,158,40,1,left,0,20,20,0,[],0,,,,,22,,,,,,,,,,,,,,,,,,,,,,,,,,,,,,,,,,,,,,,,,,,,,,,,,,,,,
863.9588245410123,unswapping,,,,,,,,,,,,,,,,,,,,,,,,,,,,,,,,,,,,,,,,,,,,,,,,,,136,4,308352,2652,158,40,1,left,1,19,19,0,[],0,,,,,22,,,,,,,,,,,,,,,,,,,,,,,,,,,,,,,,,,,,,,,,,,,,,,,,,,,,,
864.6593950829701,unswapping,,,,,,,,,,,,,,,,,,,,,,,,,,,,,,,,,,,,,,,,,,,,,,,,,,136,4,308096,2644,158,40,1,right,0,20,20,1,"[[18, 19]]",1,,,,,24,,,,,,,,,,,,,,,,,,,,,,,,,,,,,,,,,,,,,,,,,,,,,,,,,,,,,
865.2937146659824,unswapping,,,,,,,,,,,,,,,,,,,,,,,,,,,,,,,,,,,,,,,,,,,,,,,,,,136,4,308096,2644,158,40,1,right,1,19,19,0,[],1,,,,,24,,,,,,,,,,,,,,,,,,,,,,,,,,,,,,,,,,,,,,,,,,,,,,,,,,,,,
866.5150549159735,unswapping,,,,,,,,,,,,,,,,,,,,,,,,,,,,,,,,,,,,,,,,,,,,,,,,,,136,4,308096,2644,158,40,2,both,0,20,20,0,[],0,,,,,24,,,,,,,,,,,,,,,,,,,,,,,,,,,,,,,,,,,,,,,,,,,,,,,,,,,,,
867.8503257079865,unswapping,,,,,,,,,,,,,,,,,,,,,,,,,,,,,,,,,,,,,,,,,,,,,,,,,,136,4,308096,2644,158,40,2,both,1,19,19,0,[],0,,,,,24,,,,,,,,,,,,,,,,,,,,,,,,,,,,,,,,,,,,,,,,,,,,,,,,,,,,,
868.4225687499857,unswapping,,,,,,,,,,,,,,,,,,,,,,,,,,,,,,,,,,,,,,,,,,,,,,,,,,136,4,308096,2644,158,40,2,left,0,20,20,0,[],0,,,,,24,,,,,,,,,,,,,,,,,,,,,,,,,,,,,,,,,,,,,,,,,,,,,,,,,,,,,
869.0683930829982,unswapping,,,,,,,,,,,,,,,,,,,,,,,,,,,,,,,,,,,,,,,,,,,,,,,,,,136,4,308096,2644,158,40,2,left,1,19,19,0,[],0,,,,,24,,,,,,,,,,,,,,,,,,,,,,,,,,,,,,,,,,,,,,,,,,,,,,,,,,,,,
869.6200570829678,unswapping,,,,,,,,,,,,,,,,,,,,,,,,,,,,,,,,,,,,,,,,,,,,,,,,,,136,4,308096,2644,158,40,2,right,0,20,20,0,[],0,,,,,24,,,,,,,,,,,,,,,,,,,,,,,,,,,,,,,,,,,,,,,,,,,,,,,,,,,,,
870.2497979580075,unswapping,,,,,,,,,,,,,,,,,,,,,,,,,,,,,,,,,,,,,,,,,,,,,,,,,,136,4,308096,2644,158,40,2,right,1,19,19,0,[],0,,,,,24,,,,,,,,,,,,,,,,,,,,,,,,,,,,,,,,,,,,,,,,,,,,,,,,,,,,,
871.8741699159727,unswap_cycle_summary,,,,,,,,,,,,404,389,793,,,,,,,,,,,,,,,,,,,512,0.0006,,,,,,,,,,,,,,,,136,4,308096,2644,158,40,,,,,,,,,,,,,,,,,,,,,53,17.33075879100943,793,808,15,0,False,True,True,51,0,"[404, 389]","[0, 1, 2, 3, 4, 5, 6, 7, 8, 10, 9, 11, 12, 13, 14, 15, 16, 17, 18, 20, 19, 21, 22, 23, 24, 25, 26, 27, 28, 29, 30, 31, 32, 33, 34, 35, 37, 36, 38, 39]","[0, 1, 2, 4, 5, 3, 6, 7, 8, 10, 11, 9, 13, 14, 12, 15, 16, 18, 20, 17, 22, 19, 21, 23, 24, 25, 26, 27, 28, 29, 30, 32, 34, 31, 33, 35, 37, 36, 38, 39]",,"{'index': 1, 'interactions': [('unitary', (29, 30))]}","[2, 4, 5, 5, 5, 5, 5, 4, 3, 3, 3, 4, 5, 5, 6, 6, 4, 2, 3, 4, 6, 7, 7, 8, 7, 6, 6, 5, 5, 5, 5, 5, 4, 3, 4, 5, 4, 4, 2]",91f42348ef1e761d45d4ac99bd0597b0394b9d86ecb8303235efc44a2d178154,,,,,,,,,,,,,,,,,,,,,,,,,,,,
872.1141245409963,rewiring,right,post_unswap,0.14612491696607322,29,False,False,,,,,,,,,,,,,,,,,,,,,,,,,,,,,,,,,,,,,,,,,,,,,,,,,,,,,,,,,,,,,,,,,,,,,,53,,,,,,,,,,,,,,,,,,50,False,0,4,bond_profile,8,False,1,5051,"(315, 125, 9, 8, 15, 89, 27)",0.0027644179644994438,0.1433375000488013,"[{'seed': 2024, 'score': (315, 125, 9, 8, 21, 89, 33), 'num_layers': 33, 'total_swaps': 89, 'max_layer_swaps': 9, 'swap_only_layers': 21, 'work_layers': 12, 'unitary_layers': 12, 'first_work_layer': 3, 'leading_no_work_layers': 3, 'bond_profile_layers_scored': 8, 'bond_profile_total_cost': 315, 'bond_profile_max_cost': 125, 'bond_profile_gate_count': 9}, {'seed': 3033, 'score': (327, 136, 11, 8, 18, 90, 29), 'num_layers': 29, 'total_swaps': 90, 'max_layer_swaps': 8, 'swap_only_layers': 18, 'work_layers': 11, 'unitary_layers': 11, 'first_work_layer': 3, 'leading_no_work_layers': 3, 'bond_profile_layers_scored': 8, 'bond_profile_total_cost': 327, 'bond_profile_max_cost': 136, 'bond_profile_gate_count': 11}, {'seed': 4042, 'score': (370, 136, 10, 8, 15, 89, 27), 'num_layers': 27, 'total_swaps': 89, 'max_layer_swaps': 8, 'swap_only_layers': 15, 'work_layers': 12, 'unitary_layers': 12, 'first_work_layer': 3, 'leading_no_work_layers': 3, 'bond_profile_layers_scored': 8, 'bond_profile_total_cost': 370, 'bond_profile_max_cost': 136, 'bond_profile_gate_count': 10}, {'seed': 5051, 'score': (315, 125, 9, 8, 15, 89, 27), 'num_layers': 27, 'total_swaps': 89, 'max_layer_swaps': 9, 'swap_only_layers': 15, 'work_layers': 12, 'unitary_layers': 12, 'first_work_layer': 3, 'leading_no_work_layers': 3, 'bond_profile_layers_scored': 8, 'bond_profile_total_cost': 315, 'bond_profile_max_cost': 125, 'bond_profile_gate_count': 9}]",0.14611916698049754,0.14631054096389562,,,,,,,,,,,,,
872.2021396249766,cycle_progress,,,,,,,,,,,,404,389,793,,,,,,,,,,,,,,,,,,,512,0.0006,,372568,13,,,,,,,,,,,,,136,4,308096,2644,158,40,,,,,,,,,,,,,,,,,,,,,53,,793,808,15,0,False,,,,,,,,,,,,,,,,,,,,,,,,,,0.14631054096389562,,,,,,,,,,,,,
872.5135185410036,absorbing,,,,,,,R,0,1,0,27,404,389,793,7,0,0,0.0,0.21261345798848197,0.21261345798848197,0.21540195803390816,,324100,,136,False,False,False,False,324100,136,False,512,0.0006,,308096,14,total_elems,,324100,1,1,,,,0.0,,,,136,4,324100,2810,158,40,,,,,,,,,,,,,,,,,,,,,,,,,,,,,,,,,,,,,,,,,,,,,,,,,,,,,,,,,,,,,,,,,,
872.8559627080103,absorbing,,,,,,,R,0,2,0,27,404,389,793,8,0,0,0.0,0.24911050003720447,0.24911050003720447,0.24930083297658712,,372584,,136,False,False,False,False,372584,136,False,512,0.0006,,308096,14,total_elems,,372584,1,1,,,,0.0,,,,136,4,372584,3142,158,40,,,,,,,,,,,,,,,,,,,,,,,,,,,,,,,,,,,,,,,,,,,,,,,,,,,,,,,,,,,,,,,,,,
875.6881150829722,unswapping,,,,,,,,,,,,,,,,,,,,,,,,,,,,,,,,,,,,,,,,,,,,,,,,,,136,4,372584,3142,158,40,0,both,0,20,20,0,[],0,,,,,0,,,,,,,,,,,,,,,,,,,,,,,,,,,,,,,,,,,,,,,,,,,,,,,,,,,,,
877.4475240409956,unswapping,,,,,,,,,,,,,,,,,,,,,,,,,,,,,,,,,,,,,,,,,,,,,,,,,,136,4,372584,3142,158,40,0,both,1,19,19,0,[],0,,,,,0,,,,,,,,,,,,,,,,,,,,,,,,,,,,,,,,,,,,,,,,,,,,,,,,,,,,,
878.4453967500012,unswapping,,,,,,,,,,,,,,,,,,,,,,,,,,,,,,,,,,,,,,,,,,,,,,,,,,136,4,372584,3142,158,40,0,left,0,20,20,0,[],0,,,,,0,,,,,,,,,,,,,,,,,,,,,,,,,,,,,,,,,,,,,,,,,,,,,,,,,,,,,
879.2649516249658,unswapping,,,,,,,,,,,,,,,,,,,,,,,,,,,,,,,,,,,,,,,,,,,,,,,,,,136,4,372584,3142,158,40,0,left,1,19,19,0,[],0,,,,,0,,,,,,,,,,,,,,,,,,,,,,,,,,,,,,,,,,,,,,,,,,,,,,,,,,,,,
880.2800453749951,unswapping,,,,,,,,,,,,,,,,,,,,,,,,,,,,,,,,,,,,,,,,,,,,,,,,,,136,4,372584,3142,158,40,0,right,0,20,20,0,[],0,,,,,0,,,,,,,,,,,,,,,,,,,,,,,,,,,,,,,,,,,,,,,,,,,,,,,,,,,,,
881.1331802079803,unswapping,,,,,,,,,,,,,,,,,,,,,,,,,,,,,,,,,,,,,,,,,,,,,,,,,,136,4,372584,3142,158,40,0,right,1,19,19,0,[],0,,,,,0,,,,,,,,,,,,,,,,,,,,,,,,,,,,,,,,,,,,,,,,,,,,,,,,,,,,,
881.6984044580022,unswap_cycle_summary,,,,,,,,,,,,404,389,793,,,,,,,,,,,,,,,,,,,512,0.0006,,,,,,,,,,,,,,,,136,4,372584,3142,158,40,,,,,,,,,,,,,,,,,,,,,54,7.609743874985725,793,808,15,0,False,True,True,52,15,"[404, 389]","[0, 1, 2, 3, 4, 5, 6, 7, 8, 9, 10, 11, 12, 13, 14, 15, 16, 17, 18, 19, 20, 21, 22, 23, 24, 25, 26, 27, 28, 29, 30, 31, 32, 33, 34, 35, 36, 37, 38, 39]","[0, 1, 2, 3, 4, 5, 6, 7, 8, 9, 10, 11, 12, 13, 14, 15, 16, 17, 18, 19, 20, 21, 22, 23, 24, 25, 26, 27, 28, 29, 30, 31, 32, 33, 34, 35, 36, 37, 38, 39]",,"{'index': 3, 'interactions': [('unitary', (29, 30))]}","[2, 4, 5, 6, 5, 5, 5, 4, 3, 4, 4, 4, 5, 6, 6, 6, 4, 4, 4, 6, 6, 7, 7, 8, 7, 6, 6, 5, 5, 5, 5, 6, 5, 5, 4, 5, 6, 4, 2]",6f33b907aba6995b292c2f675bee587eba7c92b52971ebfe1d09cb060a800099,,,,,,,,,,,,,,,,,,,,,,,,,,,,
881.9549097499694,rewiring,right,post_unswap,0.16250554099678993,27,False,False,,,,,,,,,,,,,,,,,,,,,,,,,,,,,,,,,,,,,,,,,,,,,,,,,,,,,,,,,,,,,,,,,,,,,,54,,,,,,,,,,,,,,,,,,50,False,0,4,bond_profile,8,False,1,2024,"(326, 64, 9, 8, 14, 74, 27)",0.002785290009342134,0.15969429205870256,"[{'seed': 2024, 'score': (326, 64, 9, 8, 14, 74, 27), 'num_layers': 27, 'total_swaps': 74, 'max_layer_swaps': 9, 'swap_only_layers': 14, 'work_layers': 13, 'unitary_layers': 13, 'first_work_layer': 1, 'leading_no_work_layers': 1, 'bond_profile_layers_scored': 8, 'bond_profile_total_cost': 326, 'bond_profile_max_cost': 64, 'bond_profile_gate_count': 9}, {'seed': 3033, 'score': (359, 60, 10, 8, 16, 74, 28), 'num_layers': 28, 'total_swaps': 74, 'max_layer_swaps': 9, 'swap_only_layers': 16, 'work_layers': 12, 'unitary_layers': 12, 'first_work_layer': 1, 'leading_no_work_layers': 1, 'bond_profile_layers_scored': 8, 'bond_profile_total_cost': 359, 'bond_profile_max_cost': 60, 'bond_profile_gate_count': 10}, {'seed': 4042, 'score': (326, 64, 9, 8, 15, 74, 28), 'num_layers': 28, 'total_swaps': 74, 'max_layer_swaps': 9, 'swap_only_layers': 15, 'work_layers': 13, 'unitary_layers': 13, 'first_work_layer': 1, 'leading_no_work_layers': 1, 'bond_profile_layers_scored': 8, 'bond_profile_total_cost': 326, 'bond_profile_max_cost': 64, 'bond_profile_gate_count': 9}, {'seed': 5051, 'score': (371, 60, 11, 8, 16, 74, 27), 'num_layers': 27, 'total_swaps': 74, 'max_layer_swaps': 9, 'swap_only_layers': 16, 'work_layers': 11, 'unitary_layers': 11, 'first_work_layer': 1, 'leading_no_work_layers': 1, 'bond_profile_layers_scored': 8, 'bond_profile_total_cost': 371, 'bond_profile_max_cost': 60, 'bond_profile_gate_count': 11}]",0.1624996670288965,0.16271933302050456,,,,,,,,,,,,,
882.0494107080158,cycle_progress,,,,,,,,,,,,404,389,793,,,,,,,,,,,,,,,,,,,512,0.0006,,308096,14,,,,,,,,,,,,,136,4,372584,3142,158,40,,,,,,,,,,,,,,,,,,,,,54,,793,808,15,0,False,,,,,,,,,,,,,,,,,,,,,,,,,,0.16271933302050456,,,,,,,,,,,,,
885.3544128749636,unswapping,,,,,,,,,,,,,,,,,,,,,,,,,,,,,,,,,,,,,,,,,,,,,,,,,,136,4,367720,3078,158,40,0,both,0,20,20,1,"[[36, 37]]",1,,,,,0,,,,,,,,,,,,,,,,,,,,,,,,,,,,,,,,,,,,,,,,,,,,,,,,,,,,,
887.4404025409603,unswapping,,,,,,,,,,,,,,,,,,,,,,,,,,,,,,,,,,,,,,,,,,,,,,,,,,136,4,328184,2834,158,40,0,both,1,19,19,6,"[[3, 4], [9, 10], [19, 20], [21, 22], [31, 32], [33, 34]]",7,,,,,0,,,,,,,,,,,,,,,,,,,,,,,,,,,,,,,,,,,,,,,,,,,,,,,,,,,,,
888.0721837079618,unswapping,,,,,,,,,,,,,,,,,,,,,,,,,,,,,,,,,,,,,,,,,,,,,,,,,,136,4,328184,2834,158,40,0,left,0,20,20,0,[],7,,,,,0,,,,,,,,,,,,,,,,,,,,,,,,,,,,,,,,,,,,,,,,,,,,,,,,,,,,,
889.0220567910001,unswapping,,,,,,,,,,,,,,,,,,,,,,,,,,,,,,,,,,,,,,,,,,,,,,,,,,136,4,322884,2786,158,40,0,left,1,19,19,4,"[[3, 4], [21, 22], [31, 32], [33, 34]]",11,,,,,8,,,,,,,,,,,,,,,,,,,,,,,,,,,,,,,,,,,,,,,,,,,,,,,,,,,,,
889.7942736250116,unswapping,,,,,,,,,,,,,,,,,,,,,,,,,,,,,,,,,,,,,,,,,,,,,,,,,,136,4,316864,2732,158,40,0,right,0,20,20,5,"[[4, 5], [10, 11], [12, 13], [20, 21], [32, 33]]",16,,,,,18,,,,,,,,,,,,,,,,,,,,,,,,,,,,,,,,,,,,,,,,,,,,,,,,,,,,,
890.6396538330009,unswapping,,,,,,,,,,,,,,,,,,,,,,,,,,,,,,,,,,,,,,,,,,,,,,,,,,136,4,308352,2652,158,40,0,right,1,19,19,2,"[[13, 14], [17, 18]]",18,,,,,22,,,,,,,,,,,,,,,,,,,,,,,,,,,,,,,,,,,,,,,,,,,,,,,,,,,,,
891.8950122499955,unswapping,,,,,,,,,,,,,,,,,,,,,,,,,,,,,,,,,,,,,,,,,,,,,,,,,,136,4,308352,2652,158,40,1,both,0,20,20,0,[],0,,,,,22,,,,,,,,,,,,,,,,,,,,,,,,,,,,,,,,,,,,,,,,,,,,,,,,,,,,,
893.2402282080147,unswapping,,,,,,,,,,,,,,,,,,,,,,,,,,,,,,,,,,,,,,,,,,,,,,,,,,136,4,308352,2652,158,40,1,both,1,19,19,0,[],0,,,,,22,,,,,,,,,,,,,,,,,,,,,,,,,,,,,,,,,,,,,,,,,,,,,,,,,,,,,
893.8117522079847,unswapping,,,,,,,,,,,,,,,,,,,,,,,,,,,,,,,,,,,,,,,,,,,,,,,,,,136,4,308352,2652,158,40,1,left,0,20,20,0,[],0,,,,,22,,,,,,,,,,,,,,,,,,,,,,,,,,,,,,,,,,,,,,,,,,,,,,,,,,,,,
894.4266687500058,unswapping,,,,,,,,,,,,,,,,,,,,,,,,,,,,,,,,,,,,,,,,,,,,,,,,,,136,4,308352,2652,158,40,1,left,1,19,19,0,[],0,,,,,22,,,,,,,,,,,,,,,,,,,,,,,,,,,,,,,,,,,,,,,,,,,,,,,,,,,,,
895.1244854159886,unswapping,,,,,,,,,,,,,,,,,,,,,,,,,,,,,,,,,,,,,,,,,,,,,,,,,,136,4,308096,2644,158,40,1,right,0,20,20,1,"[[18, 19]]",1,,,,,24,,,,,,,,,,,,,,,,,,,,,,,,,,,,,,,,,,,,,,,,,,,,,,,,,,,,,
895.7502187499776,unswapping,,,,,,,,,,,,,,,,,,,,,,,,,,,,,,,,,,,,,,,,,,,,,,,,,,136,4,308096,2644,158,40,1,right,1,19,19,0,[],1,,,,,24,,,,,,,,,,,,,,,,,,,,,,,,,,,,,,,,,,,,,,,,,,,,,,,,,,,,,
896.911917874997,unswapping,,,,,,,,,,,,,,,,,,,,,,,,,,,,,,,,,,,,,,,,,,,,,,,,,,136,4,308096,2644,158,40,2,both,0,20,20,0,[],0,,,,,24,,,,,,,,,,,,,,,,,,,,,,,,,,,,,,,,,,,,,,,,,,,,,,,,,,,,,
898.2982222079881,unswapping,,,,,,,,,,,,,,,,,,,,,,,,,,,,,,,,,,,,,,,,,,,,,,,,,,136,4,308096,2644,158,40,2,both,1,19,19,0,[],0,,,,,24,,,,,,,,,,,,,,,,,,,,,,,,,,,,,,,,,,,,,,,,,,,,,,,,,,,,,
898.8707087499788,unswapping,,,,,,,,,,,,,,,,,,,,,,,,,,,,,,,,,,,,,,,,,,,,,,,,,,136,4,308096,2644,158,40,2,left,0,20,20,0,[],0,,,,,24,,,,,,,,,,,,,,,,,,,,,,,,,,,,,,,,,,,,,,,,,,,,,,,,,,,,,
899.4816785829607,unswapping,,,,,,,,,,,,,,,,,,,,,,,,,,,,,,,,,,,,,,,,,,,,,,,,,,136,4,308096,2644,158,40,2,left,1,19,19,0,[],0,,,,,24,,,,,,,,,,,,,,,,,,,,,,,,,,,,,,,,,,,,,,,,,,,,,,,,,,,,,
900.0155273749842,unswapping,,,,,,,,,,,,,,,,,,,,,,,,,,,,,,,,,,,,,,,,,,,,,,,,,,136,4,308096,2644,158,40,2,right,0,20,20,0,[],0,,,,,24,,,,,,,,,,,,,,,,,,,,,,,,,,,,,,,,,,,,,,,,,,,,,,,,,,,,,
900.6726550409803,unswapping,,,,,,,,,,,,,,,,,,,,,,,,,,,,,,,,,,,,,,,,,,,,,,,,,,136,4,308096,2644,158,40,2,right,1,19,19,0,[],0,,,,,24,,,,,,,,,,,,,,,,,,,,,,,,,,,,,,,,,,,,,,,,,,,,,,,,,,,,,
902.39908212499,unswap_cycle_summary,,,,,,,,,,,,404,389,793,,,,,,,,,,,,,,,,,,,512,0.0006,,,,,,,,,,,,,,,,136,4,308096,2644,158,40,,,,,,,,,,,,,,,,,,,,,55,17.925909500045236,793,808,15,0,False,True,True,53,0,"[404, 389]","[0, 1, 2, 3, 4, 5, 6, 7, 8, 10, 9, 11, 12, 13, 14, 15, 16, 17, 18, 20, 19, 21, 22, 23, 24, 25, 26, 27, 28, 29, 30, 31, 32, 33, 34, 35, 37, 36, 38, 39]","[0, 1, 2, 4, 5, 3, 6, 7, 8, 10, 11, 9, 13, 14, 12, 15, 16, 18, 20, 17, 22, 19, 21, 23, 24, 25, 26, 27, 28, 29, 30, 32, 34, 31, 33, 35, 37, 36, 38, 39]",,"{'index': 1, 'interactions': [('unitary', (29, 30))]}","[2, 4, 5, 5, 5, 5, 5, 4, 3, 3, 3, 4, 5, 5, 6, 6, 4, 2, 3, 4, 6, 7, 7, 8, 7, 6, 6, 5, 5, 5, 5, 5, 4, 3, 4, 5, 4, 4, 2]",91f42348ef1e761d45d4ac99bd0597b0394b9d86ecb8303235efc44a2d178154,,,,,,,,,,,,,,,,,,,,,,,,,,,,
902.6346087499987,rewiring,right,post_unswap,0.14433820801787078,29,False,False,,,,,,,,,,,,,,,,,,,,,,,,,,,,,,,,,,,,,,,,,,,,,,,,,,,,,,,,,,,,,,,,,,,,,,55,,,,,,,,,,,,,,,,,,50,False,0,4,bond_profile,8,False,1,5051,"(315, 125, 9, 8, 15, 89, 27)",0.00268604198936373,0.14163025101879612,"[{'seed': 2024, 'score': (315, 125, 9, 8, 21, 89, 33), 'num_layers': 33, 'total_swaps': 89, 'max_layer_swaps': 9, 'swap_only_layers': 21, 'work_layers': 12, 'unitary_layers': 12, 'first_work_layer': 3, 'leading_no_work_layers': 3, 'bond_profile_layers_scored': 8, 'bond_profile_total_cost': 315, 'bond_profile_max_cost': 125, 'bond_profile_gate_count': 9}, {'seed': 3033, 'score': (327, 136, 11, 8, 18, 90, 29), 'num_layers': 29, 'total_swaps': 90, 'max_layer_swaps': 8, 'swap_only_layers': 18, 'work_layers': 11, 'unitary_layers': 11, 'first_work_layer': 3, 'leading_no_work_layers': 3, 'bond_profile_layers_scored': 8, 'bond_profile_total_cost': 327, 'bond_profile_max_cost': 136, 'bond_profile_gate_count': 11}, {'seed': 4042, 'score': (370, 136, 10, 8, 15, 89, 27), 'num_layers': 27, 'total_swaps': 89, 'max_layer_swaps': 8, 'swap_only_layers': 15, 'work_layers': 12, 'unitary_layers': 12, 'first_work_layer': 3, 'leading_no_work_layers': 3, 'bond_profile_layers_scored': 8, 'bond_profile_total_cost': 370, 'bond_profile_max_cost': 136, 'bond_profile_gate_count': 10}, {'seed': 5051, 'score': (315, 125, 9, 8, 15, 89, 27), 'num_layers': 27, 'total_swaps': 89, 'max_layer_swaps': 9, 'swap_only_layers': 15, 'work_layers': 12, 'unitary_layers': 12, 'first_work_layer': 3, 'leading_no_work_layers': 3, 'bond_profile_layers_scored': 8, 'bond_profile_total_cost': 315, 'bond_profile_max_cost': 125, 'bond_profile_gate_count': 9}]",0.1443336249794811,0.14451945899054408,,,,,,,,,,,,,
902.72699383297,cycle_progress,,,,,,,,,,,,404,389,793,,,,,,,,,,,,,,,,,,,512,0.0006,,372584,15,,,,,,,,,,,,,136,4,308096,2644,158,40,,,,,,,,,,,,,,,,,,,,,55,,793,808,15,0,False,,,,,,,,,,,,,,,,,,,,,,,,,,0.14451945899054408,,,,,,,,,,,,,
903.0032129159663,absorbing,,,,,,,R,0,1,0,27,404,389,793,7,0,0,0.0,0.18261029198765755,0.18261029198765755,0.18343366601038724,,324404,,136,False,False,False,False,324404,136,False,512,0.0006,,308096,16,total_elems,,324404,1,1,,,,0.0,,,,136,4,324404,2814,158,40,,,,,,,,,,,,,,,,,,,,,,,,,,,,,,,,,,,,,,,,,,,,,,,,,,,,,,,,,,,,,,,,,,
903.3514727079892,absorbing,,,,,,,R,0,2,0,27,404,389,793,8,0,0,0.0,0.25278316700132564,0.25278316700132564,0.2529871250153519,,372568,,136,False,False,False,False,372568,136,False,512,0.0006,,308096,16,total_elems,,372568,1,1,,,,0.0,,,,136,4,372568,3138,158,40,,,,,,,,,,,,,,,,,,,,,,,,,,,,,,,,,,,,,,,,,,,,,,,,,,,,,,,,,,,,,,,,,,
905.8926183329895,unswapping,,,,,,,,,,,,,,,,,,,,,,,,,,,,,,,,,,,,,,,,,,,,,,,,,,136,4,372568,3138,158,40,0,both,0,20,20,0,[],0,,,,,0,,,,,,,,,,,,,,,,,,,,,,,,,,,,,,,,,,,,,,,,,,,,,,,,,,,,,
907.2987791249761,unswapping,,,,,,,,,,,,,,,,,,,,,,,,,,,,,,,,,,,,,,,,,,,,,,,,,,136,4,372568,3138,158,40,0,both,1,19,19,0,[],0,,,,,0,,,,,,,,,,,,,,,,,,,,,,,,,,,,,,,,,,,,,,,,,,,,,,,,,,,,,
908.1672297499608,unswapping,,,,,,,,,,,,,,,,,,,,,,,,,,,,,,,,,,,,,,,,,,,,,,,,,,136,4,372568,3138,158,40,0,left,0,20,20,0,[],0,,,,,0,,,,,,,,,,,,,,,,,,,,,,,,,,,,,,,,,,,,,,,,,,,,,,,,,,,,,
908.8575668749982,unswapping,,,,,,,,,,,,,,,,,,,,,,,,,,,,,,,,,,,,,,,,,,,,,,,,,,136,4,372568,3138,158,40,0,left,1,19,19,0,[],0,,,,,0,,,,,,,,,,,,,,,,,,,,,,,,,,,,,,,,,,,,,,,,,,,,,,,,,,,,,
909.7498058329802,unswapping,,,,,,,,,,,,,,,,,,,,,,,,,,,,,,,,,,,,,,,,,,,,,,,,,,136,4,372568,3138,158,40,0,right,0,20,20,0,[],0,,,,,0,,,,,,,,,,,,,,,,,,,,,,,,,,,,,,,,,,,,,,,,,,,,,,,,,,,,,
910.4357314999797,unswapping,,,,,,,,,,,,,,,,,,,,,,,,,,,,,,,,,,,,,,,,,,,,,,,,,,136,4,372568,3138,158,40,0,right,1,19,19,0,[],0,,,,,0,,,,,,,,,,,,,,,,,,,,,,,,,,,,,,,,,,,,,,,,,,,,,,,,,,,,,
910.989250499988,unswap_cycle_summary,,,,,,,,,,,,404,389,793,,,,,,,,,,,,,,,,,,,512,0.0006,,,,,,,,,,,,,,,,136,4,372568,3138,158,40,,,,,,,,,,,,,,,,,,,,,56,6.411477875022683,793,808,15,0,False,True,True,54,15,"[404, 389]","[0, 1, 2, 3, 4, 5, 6, 7, 8, 9, 10, 11, 12, 13, 14, 15, 16, 17, 18, 19, 20, 21, 22, 23, 24, 25, 26, 27, 28, 29, 30, 31, 32, 33, 34, 35, 36, 37, 38, 39]","[0, 1, 2, 3, 4, 5, 6, 7, 8, 9, 10, 11, 12, 13, 14, 15, 16, 17, 18, 19, 20, 21, 22, 23, 24, 25, 26, 27, 28, 29, 30, 31, 32, 33, 34, 35, 36, 37, 38, 39]",,"{'index': 3, 'interactions': [('unitary', (29, 30))]}","[2, 4, 5, 6, 5, 5, 5, 4, 3, 4, 4, 4, 5, 6, 6, 6, 4, 4, 4, 6, 6, 7, 7, 8, 7, 6, 6, 5, 5, 5, 5, 6, 5, 5, 4, 5, 6, 4, 2]",6f33b907aba6995b292c2f675bee587eba7c92b52971ebfe1d09cb060a800099,,,,,,,,,,,,,,,,,,,,,,,,,,,,
911.2715228750021,rewiring,right,post_unswap,0.1863040419993922,27,False,False,,,,,,,,,,,,,,,,,,,,,,,,,,,,,,,,,,,,,,,,,,,,,,,,,,,,,,,,,,,,,,,,,,,,,,56,,,,,,,,,,,,,,,,,,50,False,0,4,bond_profile,8,False,1,2024,"(322, 64, 9, 8, 14, 74, 27)",0.0032283340115100145,0.18304095807252452,"[{'seed': 2024, 'score': (322, 64, 9, 8, 14, 74, 27), 'num_layers': 27, 'total_swaps': 74, 'max_layer_swaps': 9, 'swap_only_layers': 14, 'work_layers': 13, 'unitary_layers': 13, 'first_work_layer': 1, 'leading_no_work_layers': 1, 'bond_profile_layers_scored': 8, 'bond_profile_total_cost': 322, 'bond_profile_max_cost': 64, 'bond_profile_gate_count': 9}, {'seed': 3033, 'score': (355, 60, 10, 8, 16, 74, 28), 'num_layers': 28, 'total_swaps': 74, 'max_layer_swaps': 9, 'swap_only_layers': 16, 'work_layers': 12, 'unitary_layers': 12, 'first_work_layer': 1, 'leading_no_work_layers': 1, 'bond_profile_layers_scored': 8, 'bond_profile_total_cost': 355, 'bond_profile_max_cost': 60, 'bond_profile_gate_count': 10}, {'seed': 4042, 'score': (322, 64, 9, 8, 15, 74, 28), 'num_layers': 28, 'total_swaps': 74, 'max_layer_swaps': 9, 'swap_only_layers': 15, 'work_layers': 13, 'unitary_layers': 13, 'first_work_layer': 1, 'leading_no_work_layers': 1, 'bond_profile_layers_scored': 8, 'bond_profile_total_cost': 322, 'bond_profile_max_cost': 64, 'bond_profile_gate_count': 9}, {'seed': 5051, 'score': (367, 60, 11, 8, 16, 74, 27), 'num_layers': 27, 'total_swaps': 74, 'max_layer_swaps': 9, 'swap_only_layers': 16, 'work_layers': 11, 'unitary_layers': 11, 'first_work_layer': 1, 'leading_no_work_layers': 1, 'bond_profile_layers_scored': 8, 'bond_profile_total_cost': 367, 'bond_profile_max_cost': 60, 'bond_profile_gate_count': 11}]",0.18629658303689212,0.1865799159859307,,,,,,,,,,,,,
911.3683778329869,cycle_progress,,,,,,,,,,,,404,389,793,,,,,,,,,,,,,,,,,,,512,0.0006,,308096,16,,,,,,,,,,,,,136,4,372568,3138,158,40,,,,,,,,,,,,,,,,,,,,,56,,793,808,15,0,False,,,,,,,,,,,,,,,,,,,,,,,,,,0.1865799159859307,,,,,,,,,,,,,
914.2759540830157,unswapping,,,,,,,,,,,,,,,,,,,,,,,,,,,,,,,,,,,,,,,,,,,,,,,,,,136,4,367400,3070,158,40,0,both,0,20,20,1,"[[36, 37]]",1,,,,,0,,,,,,,,,,,,,,,,,,,,,,,,,,,,,,,,,,,,,,,,,,,,,,,,,,,,,
916.2135179580073,unswapping,,,,,,,,,,,,,,,,,,,,,,,,,,,,,,,,,,,,,,,,,,,,,,,,,,136,4,328184,2834,158,40,0,both,1,19,19,6,"[[3, 4], [9, 10], [19, 20], [21, 22], [31, 32], [33, 34]]",7,,,,,0,,,,,,,,,,,,,,,,,,,,,,,,,,,,,,,,,,,,,,,,,,,,,,,,,,,,,
916.8929677080014,unswapping,,,,,,,,,,,,,,,,,,,,,,,,,,,,,,,,,,,,,,,,,,,,,,,,,,136,4,328184,2834,158,40,0,left,0,20,20,0,[],7,,,,,0,,,,,,,,,,,,,,,,,,,,,,,,,,,,,,,,,,,,,,,,,,,,,,,,,,,,,
917.9162376659806,unswapping,,,,,,,,,,,,,,,,,,,,,,,,,,,,,,,,,,,,,,,,,,,,,,,,,,136,4,322884,2786,158,40,0,left,1,19,19,4,"[[3, 4], [21, 22], [31, 32], [33, 34]]",11,,,,,8,,,,,,,,,,,,,,,,,,,,,,,,,,,,,,,,,,,,,,,,,,,,,,,,,,,,,
918.8070534999715,unswapping,,,,,,,,,,,,,,,,,,,,,,,,,,,,,,,,,,,,,,,,,,,,,,,,,,136,4,316864,2732,158,40,0,right,0,20,20,5,"[[4, 5], [10, 11], [12, 13], [20, 21], [32, 33]]",16,,,,,18,,,,,,,,,,,,,,,,,,,,,,,,,,,,,,,,,,,,,,,,,,,,,,,,,,,,,
919.7572364580119,unswapping,,,,,,,,,,,,,,,,,,,,,,,,,,,,,,,,,,,,,,,,,,,,,,,,,,136,4,308352,2652,158,40,0,right,1,19,19,2,"[[13, 14], [17, 18]]",18,,,,,22,,,,,,,,,,,,,,,,,,,,,,,,,,,,,,,,,,,,,,,,,,,,,,,,,,,,,
921.2182235830114,unswapping,,,,,,,,,,,,,,,,,,,,,,,,,,,,,,,,,,,,,,,,,,,,,,,,,,136,4,308352,2652,158,40,1,both,0,20,20,0,[],0,,,,,22,,,,,,,,,,,,,,,,,,,,,,,,,,,,,,,,,,,,,,,,,,,,,,,,,,,,,
922.7973654579837,unswapping,,,,,,,,,,,,,,,,,,,,,,,,,,,,,,,,,,,,,,,,,,,,,,,,,,136,4,308352,2652,158,40,1,both,1,19,19,0,[],0,,,,,22,,,,,,,,,,,,,,,,,,,,,,,,,,,,,,,,,,,,,,,,,,,,,,,,,,,,,
923.472176915966,unswapping,,,,,,,,,,,,,,,,,,,,,,,,,,,,,,,,,,,,,,,,,,,,,,,,,,136,4,308352,2652,158,40,1,left,0,20,20,0,[],0,,,,,22,,,,,,,,,,,,,,,,,,,,,,,,,,,,,,,,,,,,,,,,,,,,,,,,,,,,,
924.1859641249757,unswapping,,,,,,,,,,,,,,,,,,,,,,,,,,,,,,,,,,,,,,,,,,,,,,,,,,136,4,308352,2652,158,40,1,left,1,19,19,0,[],0,,,,,22,,,,,,,,,,,,,,,,,,,,,,,,,,,,,,,,,,,,,,,,,,,,,,,,,,,,,
924.9910415409831,unswapping,,,,,,,,,,,,,,,,,,,,,,,,,,,,,,,,,,,,,,,,,,,,,,,,,,136,4,308096,2644,158,40,1,right,0,20,20,1,"[[18, 19]]",1,,,,,24,,,,,,,,,,,,,,,,,,,,,,,,,,,,,,,,,,,,,,,,,,,,,,,,,,,,,
925.685830708011,unswapping,,,,,,,,,,,,,,,,,,,,,,,,,,,,,,,,,,,,,,,,,,,,,,,,,,136,4,308096,2644,158,40,1,right,1,19,19,0,[],1,,,,,24,,,,,,,,,,,,,,,,,,,,,,,,,,,,,,,,,,,,,,,,,,,,,,,,,,,,,
927.0805069159833,unswapping,,,,,,,,,,,,,,,,,,,,,,,,,,,,,,,,,,,,,,,,,,,,,,,,,,136,4,308096,2644,158,40,2,both,0,20,20,0,[],0,,,,,24,,,,,,,,,,,,,,,,,,,,,,,,,,,,,,,,,,,,,,,,,,,,,,,,,,,,,
928.6110700829886,unswapping,,,,,,,,,,,,,,,,,,,,,,,,,,,,,,,,,,,,,,,,,,,,,,,,,,136,4,308096,2644,158,40,2,both,1,19,19,0,[],0,,,,,24,,,,,,,,,,,,,,,,,,,,,,,,,,,,,,,,,,,,,,,,,,,,,,,,,,,,,
929.2789079159847,unswapping,,,,,,,,,,,,,,,,,,,,,,,,,,,,,,,,,,,,,,,,,,,,,,,,,,136,4,308096,2644,158,40,2,left,0,20,20,0,[],0,,,,,24,,,,,,,,,,,,,,,,,,,,,,,,,,,,,,,,,,,,,,,,,,,,,,,,,,,,,
929.9720258750021,unswapping,,,,,,,,,,,,,,,,,,,,,,,,,,,,,,,,,,,,,,,,,,,,,,,,,,136,4,308096,2644,158,40,2,left,1,19,19,0,[],0,,,,,24,,,,,,,,,,,,,,,,,,,,,,,,,,,,,,,,,,,,,,,,,,,,,,,,,,,,,
930.5732194159646,unswapping,,,,,,,,,,,,,,,,,,,,,,,,,,,,,,,,,,,,,,,,,,,,,,,,,,136,4,308096,2644,158,40,2,right,0,20,20,0,[],0,,,,,24,,,,,,,,,,,,,,,,,,,,,,,,,,,,,,,,,,,,,,,,,,,,,,,,,,,,,
931.3266353749787,unswapping,,,,,,,,,,,,,,,,,,,,,,,,,,,,,,,,,,,,,,,,,,,,,,,,,,136,4,308096,2644,158,40,2,right,1,19,19,0,[],0,,,,,24,,,,,,,,,,,,,,,,,,,,,,,,,,,,,,,,,,,,,,,,,,,,,,,,,,,,,
933.0680723749683,unswap_cycle_summary,,,,,,,,,,,,404,389,793,,,,,,,,,,,,,,,,,,,512,0.0006,,,,,,,,,,,,,,,,136,4,308096,2644,158,40,,,,,,,,,,,,,,,,,,,,,57,19.338257167022675,793,808,15,0,False,True,True,55,0,"[404, 389]","[0, 1, 2, 3, 4, 5, 6, 7, 8, 10, 9, 11, 12, 13, 14, 15, 16, 17, 18, 20, 19, 21, 22, 23, 24, 25, 26, 27, 28, 29, 30, 31, 32, 33, 34, 35, 37, 36, 38, 39]","[0, 1, 2, 4, 5, 3, 6, 7, 8, 10, 11, 9, 13, 14, 12, 15, 16, 18, 20, 17, 22, 19, 21, 23, 24, 25, 26, 27, 28, 29, 30, 32, 34, 31, 33, 35, 37, 36, 38, 39]",,"{'index': 1, 'interactions': [('unitary', (29, 30))]}","[2, 4, 5, 5, 5, 5, 5, 4, 3, 3, 3, 4, 5, 5, 6, 6, 4, 2, 3, 4, 6, 7, 7, 8, 7, 6, 6, 5, 5, 5, 5, 5, 4, 3, 4, 5, 4, 4, 2]",91f42348ef1e761d45d4ac99bd0597b0394b9d86ecb8303235efc44a2d178154,,,,,,,,,,,,,,,,,,,,,,,,,,,,
933.3270261659636,rewiring,right,post_unswap,0.1601522080018185,29,False,False,,,,,,,,,,,,,,,,,,,,,,,,,,,,,,,,,,,,,,,,,,,,,,,,,,,,,,,,,,,,,,,,,,,,,,57,,,,,,,,,,,,,,,,,,50,False,0,4,bond_profile,8,False,1,5051,"(315, 125, 9, 8, 15, 89, 27)",0.002762166957836598,0.1573616659734398,"[{'seed': 2024, 'score': (315, 125, 9, 8, 21, 89, 33), 'num_layers': 33, 'total_swaps': 89, 'max_layer_swaps': 9, 'swap_only_layers': 21, 'work_layers': 12, 'unitary_layers': 12, 'first_work_layer': 3, 'leading_no_work_layers': 3, 'bond_profile_layers_scored': 8, 'bond_profile_total_cost': 315, 'bond_profile_max_cost': 125, 'bond_profile_gate_count': 9}, {'seed': 3033, 'score': (327, 136, 11, 8, 18, 90, 29), 'num_layers': 29, 'total_swaps': 90, 'max_layer_swaps': 8, 'swap_only_layers': 18, 'work_layers': 11, 'unitary_layers': 11, 'first_work_layer': 3, 'leading_no_work_layers': 3, 'bond_profile_layers_scored': 8, 'bond_profile_total_cost': 327, 'bond_profile_max_cost': 136, 'bond_profile_gate_count': 11}, {'seed': 4042, 'score': (370, 136, 10, 8, 15, 89, 27), 'num_layers': 27, 'total_swaps': 89, 'max_layer_swaps': 8, 'swap_only_layers': 15, 'work_layers': 12, 'unitary_layers': 12, 'first_work_layer': 3, 'leading_no_work_layers': 3, 'bond_profile_layers_scored': 8, 'bond_profile_total_cost': 370, 'bond_profile_max_cost': 136, 'bond_profile_gate_count': 10}, {'seed': 5051, 'score': (315, 125, 9, 8, 15, 89, 27), 'num_layers': 27, 'total_swaps': 89, 'max_layer_swaps': 9, 'swap_only_layers': 15, 'work_layers': 12, 'unitary_layers': 12, 'first_work_layer': 3, 'leading_no_work_layers': 3, 'bond_profile_layers_scored': 8, 'bond_profile_total_cost': 315, 'bond_profile_max_cost': 125, 'bond_profile_gate_count': 9}]",0.1601457090000622,0.16037379205226898,,,,,,,,,,,,,
933.4232806249638,cycle_progress,,,,,,,,,,,,404,389,793,,,,,,,,,,,,,,,,,,,512,0.0006,,372568,17,,,,,,,,,,,,,136,4,308096,2644,158,40,,,,,,,,,,,,,,,,,,,,,57,,793,808,15,0,False,,,,,,,,,,,,,,,,,,,,,,,,,,0.16037379205226898,,,,,,,,,,,,,
933.7421974999597,absorbing,,,,,,,R,0,1,0,27,404,389,793,7,0,0,0.0,0.2189844580134377,0.2189844580134377,0.22176612500334159,,324100,,136,False,False,False,False,324100,136,False,512,0.0006,,308096,18,total_elems,,324100,1,1,,,,0.0,,,,136,4,324100,2810,158,40,,,,,,,,,,,,,,,,,,,,,,,,,,,,,,,,,,,,,,,,,,,,,,,,,,,,,,,,,,,,,,,,,,
934.1388317079982,absorbing,,,,,,,R,0,2,0,27,404,389,793,8,0,0,0.0,0.29795199999352917,0.29795199999352917,0.29817587503930554,,372584,,136,False,False,False,False,372584,136,False,512,0.0006,,308096,18,total_elems,,372584,1,1,,,,0.0,,,,136,4,372584,3142,158,40,,,,,,,,,,,,,,,,,,,,,,,,,,,,,,,,,,,,,,,,,,,,,,,,,,,,,,,,,,,,,,,,,,
936.6196568749729,unswapping,,,,,,,,,,,,,,,,,,,,,,,,,,,,,,,,,,,,,,,,,,,,,,,,,,136,4,372584,3142,158,40,0,both,0,20,20,0,[],0,,,,,0,,,,,,,,,,,,,,,,,,,,,,,,,,,,,,,,,,,,,,,,,,,,,,,,,,,,,
937.9944243750069,unswapping,,,,,,,,,,,,,,,,,,,,,,,,,,,,,,,,,,,,,,,,,,,,,,,,,,136,4,372584,3142,158,40,0,both,1,19,19,0,[],0,,,,,0,,,,,,,,,,,,,,,,,,,,,,,,,,,,,,,,,,,,,,,,,,,,,,,,,,,,,
938.8147313329973,unswapping,,,,,,,,,,,,,,,,,,,,,,,,,,,,,,,,,,,,,,,,,,,,,,,,,,136,4,372584,3142,158,40,0,left,0,20,20,0,[],0,,,,,0,,,,,,,,,,,,,,,,,,,,,,,,,,,,,,,,,,,,,,,,,,,,,,,,,,,,,
939.4859909159713,unswapping,,,,,,,,,,,,,,,,,,,,,,,,,,,,,,,,,,,,,,,,,,,,,,,,,,136,4,372584,3142,158,40,0,left,1,19,19,0,[],0,,,,,0,,,,,,,,,,,,,,,,,,,,,,,,,,,,,,,,,,,,,,,,,,,,,,,,,,,,,
940.2726798329968,unswapping,,,,,,,,,,,,,,,,,,,,,,,,,,,,,,,,,,,,,,,,,,,,,,,,,,136,4,372584,3142,158,40,0,right,0,20,20,0,[],0,,,,,0,,,,,,,,,,,,,,,,,,,,,,,,,,,,,,,,,,,,,,,,,,,,,,,,,,,,,
940.9077056249953,unswapping,,,,,,,,,,,,,,,,,,,,,,,,,,,,,,,,,,,,,,,,,,,,,,,,,,136,4,372584,3142,158,40,0,right,1,19,19,0,[],0,,,,,0,,,,,,,,,,,,,,,,,,,,,,,,,,,,,,,,,,,,,,,,,,,,,,,,,,,,,
941.4608593750163,unswap_cycle_summary,,,,,,,,,,,,404,389,793,,,,,,,,,,,,,,,,,,,512,0.0006,,,,,,,,,,,,,,,,136,4,372584,3142,158,40,,,,,,,,,,,,,,,,,,,,,58,6.113313667010516,793,808,15,0,False,True,True,56,15,"[404, 389]","[0, 1, 2, 3, 4, 5, 6, 7, 8, 9, 10, 11, 12, 13, 14, 15, 16, 17, 18, 19, 20, 21, 22, 23, 24, 25, 26, 27, 28, 29, 30, 31, 32, 33, 34, 35, 36, 37, 38, 39]","[0, 1, 2, 3, 4, 5, 6, 7, 8, 9, 10, 11, 12, 13, 14, 15, 16, 17, 18, 19, 20, 21, 22, 23, 24, 25, 26, 27, 28, 29, 30, 31, 32, 33, 34, 35, 36, 37, 38, 39]",,"{'index': 3, 'interactions': [('unitary', (29, 30))]}","[2, 4, 5, 6, 5, 5, 5, 4, 3, 4, 4, 4, 5, 6, 6, 6, 4, 4, 4, 6, 6, 7, 7, 8, 7, 6, 6, 5, 5, 5, 5, 6, 5, 5, 4, 5, 6, 4, 2]",6f33b907aba6995b292c2f675bee587eba7c92b52971ebfe1d09cb060a800099,,,,,,,,,,,,,,,,,,,,,,,,,,,,
941.6923816250055,rewiring,right,post_unswap,0.13868079200619832,27,False,False,,,,,,,,,,,,,,,,,,,,,,,,,,,,,,,,,,,,,,,,,,,,,,,,,,,,,,,,,,,,,,,,,,,,,,58,,,,,,,,,,,,,,,,,,50,False,0,4,bond_profile,8,False,1,2024,"(326, 64, 9, 8, 14, 74, 27)",0.002631290990393609,0.13602654193527997,"[{'seed': 2024, 'score': (326, 64, 9, 8, 14, 74, 27), 'num_layers': 27, 'total_swaps': 74, 'max_layer_swaps': 9, 'swap_only_layers': 14, 'work_layers': 13, 'unitary_layers': 13, 'first_work_layer': 1, 'leading_no_work_layers': 1, 'bond_profile_layers_scored': 8, 'bond_profile_total_cost': 326, 'bond_profile_max_cost': 64, 'bond_profile_gate_count': 9}, {'seed': 3033, 'score': (359, 60, 10, 8, 16, 74, 28), 'num_layers': 28, 'total_swaps': 74, 'max_layer_swaps': 9, 'swap_only_layers': 16, 'work_layers': 12, 'unitary_layers': 12, 'first_work_layer': 1, 'leading_no_work_layers': 1, 'bond_profile_layers_scored': 8, 'bond_profile_total_cost': 359, 'bond_profile_max_cost': 60, 'bond_profile_gate_count': 10}, {'seed': 4042, 'score': (326, 64, 9, 8, 15, 74, 28), 'num_layers': 28, 'total_swaps': 74, 'max_layer_swaps': 9, 'swap_only_layers': 15, 'work_layers': 13, 'unitary_layers': 13, 'first_work_layer': 1, 'leading_no_work_layers': 1, 'bond_profile_layers_scored': 8, 'bond_profile_total_cost': 326, 'bond_profile_max_cost': 64, 'bond_profile_gate_count': 9}, {'seed': 5051, 'score': (371, 60, 11, 8, 16, 74, 27), 'num_layers': 27, 'total_swaps': 74, 'max_layer_swaps': 9, 'swap_only_layers': 16, 'work_layers': 11, 'unitary_layers': 11, 'first_work_layer': 1, 'leading_no_work_layers': 1, 'bond_profile_layers_scored': 8, 'bond_profile_total_cost': 371, 'bond_profile_max_cost': 60, 'bond_profile_gate_count': 11}]",0.1386757080326788,0.13884783297544345,,,,,,,,,,,,,
941.7838007499813,cycle_progress,,,,,,,,,,,,404,389,793,,,,,,,,,,,,,,,,,,,512,0.0006,,308096,18,,,,,,,,,,,,,136,4,372584,3142,158,40,,,,,,,,,,,,,,,,,,,,,58,,793,808,15,0,False,,,,,,,,,,,,,,,,,,,,,,,,,,0.13884783297544345,,,,,,,,,,,,,
944.6189235830097,unswapping,,,,,,,,,,,,,,,,,,,,,,,,,,,,,,,,,,,,,,,,,,,,,,,,,,136,4,367720,3078,158,40,0,both,0,20,20,1,"[[36, 37]]",1,,,,,0,,,,,,,,,,,,,,,,,,,,,,,,,,,,,,,,,,,,,,,,,,,,,,,,,,,,,
946.5007555829943,unswapping,,,,,,,,,,,,,,,,,,,,,,,,,,,,,,,,,,,,,,,,,,,,,,,,,,136,4,328184,2834,158,40,0,both,1,19,19,6,"[[3, 4], [9, 10], [19, 20], [21, 22], [31, 32], [33, 34]]",7,,,,,0,,,,,,,,,,,,,,,,,,,,,,,,,,,,,,,,,,,,,,,,,,,,,,,,,,,,,
947.101433874981,unswapping,,,,,,,,,,,,,,,,,,,,,,,,,,,,,,,,,,,,,,,,,,,,,,,,,,136,4,328184,2834,158,40,0,left,0,20,20,0,[],7,,,,,0,,,,,,,,,,,,,,,,,,,,,,,,,,,,,,,,,,,,,,,,,,,,,,,,,,,,,
948.0458060000092,unswapping,,,,,,,,,,,,,,,,,,,,,,,,,,,,,,,,,,,,,,,,,,,,,,,,,,136,4,322884,2786,158,40,0,left,1,19,19,4,"[[3, 4], [21, 22], [31, 32], [33, 34]]",11,,,,,8,,,,,,,,,,,,,,,,,,,,,,,,,,,,,,,,,,,,,,,,,,,,,,,,,,,,,
948.780465541,unswapping,,,,,,,,,,,,,,,,,,,,,,,,,,,,,,,,,,,,,,,,,,,,,,,,,,136,4,316864,2732,158,40,0,right,0,20,20,5,"[[4, 5], [10, 11], [12, 13], [20, 21], [32, 33]]",16,,,,,18,,,,,,,,,,,,,,,,,,,,,,,,,,,,,,,,,,,,,,,,,,,,,,,,,,,,,
949.6240969999926,unswapping,,,,,,,,,,,,,,,,,,,,,,,,,,,,,,,,,,,,,,,,,,,,,,,,,,136,4,308352,2652,158,40,0,right,1,19,19,2,"[[13, 14], [17, 18]]",18,,,,,22,,,,,,,,,,,,,,,,,,,,,,,,,,,,,,,,,,,,,,,,,,,,,,,,,,,,,
950.8886662079603,unswapping,,,,,,,,,,,,,,,,,,,,,,,,,,,,,,,,,,,,,,,,,,,,,,,,,,136,4,308352,2652,158,40,1,both,0,20,20,0,[],0,,,,,22,,,,,,,,,,,,,,,,,,,,,,,,,,,,,,,,,,,,,,,,,,,,,,,,,,,,,
952.2086777079967,unswapping,,,,,,,,,,,,,,,,,,,,,,,,,,,,,,,,,,,,,,,,,,,,,,,,,,136,4,308352,2652,158,40,1,both,1,19,19,0,[],0,,,,,22,,,,,,,,,,,,,,,,,,,,,,,,,,,,,,,,,,,,,,,,,,,,,,,,,,,,,
952.752542415983,unswapping,,,,,,,,,,,,,,,,,,,,,,,,,,,,,,,,,,,,,,,,,,,,,,,,,,136,4,308352,2652,158,40,1,left,0,20,20,0,[],0,,,,,22,,,,,,,,,,,,,,,,,,,,,,,,,,,,,,,,,,,,,,,,,,,,,,,,,,,,,
953.4310753750033,unswapping,,,,,,,,,,,,,,,,,,,,,,,,,,,,,,,,,,,,,,,,,,,,,,,,,,136,4,308352,2652,158,40,1,left,1,19,19,0,[],0,,,,,22,,,,,,,,,,,,,,,,,,,,,,,,,,,,,,,,,,,,,,,,,,,,,,,,,,,,,
954.1189834579709,unswapping,,,,,,,,,,,,,,,,,,,,,,,,,,,,,,,,,,,,,,,,,,,,,,,,,,136,4,308096,2644,158,40,1,right,0,20,20,1,"[[18, 19]]",1,,,,,24,,,,,,,,,,,,,,,,,,,,,,,,,,,,,,,,,,,,,,,,,,,,,,,,,,,,,
954.7392933329684,unswapping,,,,,,,,,,,,,,,,,,,,,,,,,,,,,,,,,,,,,,,,,,,,,,,,,,136,4,308096,2644,158,40,1,right,1,19,19,0,[],1,,,,,24,,,,,,,,,,,,,,,,,,,,,,,,,,,,,,,,,,,,,,,,,,,,,,,,,,,,,
955.98728308297,unswapping,,,,,,,,,,,,,,,,,,,,,,,,,,,,,,,,,,,,,,,,,,,,,,,,,,136,4,308096,2644,158,40,2,both,0,20,20,0,[],0,,,,,24,,,,,,,,,,,,,,,,,,,,,,,,,,,,,,,,,,,,,,,,,,,,,,,,,,,,,
957.3327381249983,unswapping,,,,,,,,,,,,,,,,,,,,,,,,,,,,,,,,,,,,,,,,,,,,,,,,,,136,4,308096,2644,158,40,2,both,1,19,19,0,[],0,,,,,24,,,,,,,,,,,,,,,,,,,,,,,,,,,,,,,,,,,,,,,,,,,,,,,,,,,,,
957.8798337909975,unswapping,,,,,,,,,,,,,,,,,,,,,,,,,,,,,,,,,,,,,,,,,,,,,,,,,,136,4,308096,2644,158,40,2,left,0,20,20,0,[],0,,,,,24,,,,,,,,,,,,,,,,,,,,,,,,,,,,,,,,,,,,,,,,,,,,,,,,,,,,,
958.4759942910168,unswapping,,,,,,,,,,,,,,,,,,,,,,,,,,,,,,,,,,,,,,,,,,,,,,,,,,136,4,308096,2644,158,40,2,left,1,19,19,0,[],0,,,,,24,,,,,,,,,,,,,,,,,,,,,,,,,,,,,,,,,,,,,,,,,,,,,,,,,,,,,
958.9945884579793,unswapping,,,,,,,,,,,,,,,,,,,,,,,,,,,,,,,,,,,,,,,,,,,,,,,,,,136,4,308096,2644,158,40,2,right,0,20,20,0,[],0,,,,,24,,,,,,,,,,,,,,,,,,,,,,,,,,,,,,,,,,,,,,,,,,,,,,,,,,,,,
959.6143488750095,unswapping,,,,,,,,,,,,,,,,,,,,,,,,,,,,,,,,,,,,,,,,,,,,,,,,,,136,4,308096,2644,158,40,2,right,1,19,19,0,[],0,,,,,24,,,,,,,,,,,,,,,,,,,,,,,,,,,,,,,,,,,,,,,,,,,,,,,,,,,,,
961.3492213329882,unswap_cycle_summary,,,,,,,,,,,,404,389,793,,,,,,,,,,,,,,,,,,,512,0.0006,,,,,,,,,,,,,,,,136,4,308096,2644,158,40,,,,,,,,,,,,,,,,,,,,,59,17.268210708978586,793,808,15,0,False,True,True,57,0,"[404, 389]","[0, 1, 2, 3, 4, 5, 6, 7, 8, 10, 9, 11, 12, 13, 14, 15, 16, 17, 18, 20, 19, 21, 22, 23, 24, 25, 26, 27, 28, 29, 30, 31, 32, 33, 34, 35, 37, 36, 38, 39]","[0, 1, 2, 4, 5, 3, 6, 7, 8, 10, 11, 9, 13, 14, 12, 15, 16, 18, 20, 17, 22, 19, 21, 23, 24, 25, 26, 27, 28, 29, 30, 32, 34, 31, 33, 35, 37, 36, 38, 39]",,"{'index': 1, 'interactions': [('unitary', (29, 30))]}","[2, 4, 5, 5, 5, 5, 5, 4, 3, 3, 3, 4, 5, 5, 6, 6, 4, 2, 3, 4, 6, 7, 7, 8, 7, 6, 6, 5, 5, 5, 5, 5, 4, 3, 4, 5, 4, 4, 2]",91f42348ef1e761d45d4ac99bd0597b0394b9d86ecb8303235efc44a2d178154,,,,,,,,,,,,,,,,,,,,,,,,,,,,
961.6018621249823,rewiring,right,post_unswap,0.15571016602916643,29,False,False,,,,,,,,,,,,,,,,,,,,,,,,,,,,,,,,,,,,,,,,,,,,,,,,,,,,,,,,,,,,,,,,,,,,,,59,,,,,,,,,,,,,,,,,,50,False,0,4,bond_profile,8,False,1,5051,"(315, 125, 9, 8, 15, 89, 27)",0.0030262510990723968,0.15265637601260096,"[{'seed': 2024, 'score': (315, 125, 9, 8, 21, 89, 33), 'num_layers': 33, 'total_swaps': 89, 'max_layer_swaps': 9, 'swap_only_layers': 21, 'work_layers': 12, 'unitary_layers': 12, 'first_work_layer': 3, 'leading_no_work_layers': 3, 'bond_profile_layers_scored': 8, 'bond_profile_total_cost': 315, 'bond_profile_max_cost': 125, 'bond_profile_gate_count': 9}, {'seed': 3033, 'score': (327, 136, 11, 8, 18, 90, 29), 'num_layers': 29, 'total_swaps': 90, 'max_layer_swaps': 8, 'swap_only_layers': 18, 'work_layers': 11, 'unitary_layers': 11, 'first_work_layer': 3, 'leading_no_work_layers': 3, 'bond_profile_layers_scored': 8, 'bond_profile_total_cost': 327, 'bond_profile_max_cost': 136, 'bond_profile_gate_count': 11}, {'seed': 4042, 'score': (370, 136, 10, 8, 15, 89, 27), 'num_layers': 27, 'total_swaps': 89, 'max_layer_swaps': 8, 'swap_only_layers': 15, 'work_layers': 12, 'unitary_layers': 12, 'first_work_layer': 3, 'leading_no_work_layers': 3, 'bond_profile_layers_scored': 8, 'bond_profile_total_cost': 370, 'bond_profile_max_cost': 136, 'bond_profile_gate_count': 10}, {'seed': 5051, 'score': (315, 125, 9, 8, 15, 89, 27), 'num_layers': 27, 'total_swaps': 89, 'max_layer_swaps': 9, 'swap_only_layers': 15, 'work_layers': 12, 'unitary_layers': 12, 'first_work_layer': 3, 'leading_no_work_layers': 3, 'bond_profile_layers_scored': 8, 'bond_profile_total_cost': 315, 'bond_profile_max_cost': 125, 'bond_profile_gate_count': 9}]",0.15570320800179616,0.1559202080243267,,,,,,,,,,,,,
961.6975054159993,cycle_progress,,,,,,,,,,,,404,389,793,,,,,,,,,,,,,,,,,,,512,0.0006,,372584,19,,,,,,,,,,,,,136,4,308096,2644,158,40,,,,,,,,,,,,,,,,,,,,,59,,793,808,15,0,False,,,,,,,,,,,,,,,,,,,,,,,,,,0.1559202080243267,,,,,,,,,,,,,
961.9989690830116,absorbing,,,,,,,R,0,1,0,27,404,389,793,7,0,0,0.0,0.20316629100125283,0.20316629100125283,0.20481170900166035,,324252,,136,False,False,False,False,324252,136,False,512,0.0006,,308096,20,total_elems,,324252,1,1,,,,0.0,,,,136,4,324252,2812,158,40,,,,,,,,,,,,,,,,,,,,,,,,,,,,,,,,,,,,,,,,,,,,,,,,,,,,,,,,,,,,,,,,,,
962.3718769999687,absorbing,,,,,,,R,0,2,0,27,404,389,793,8,0,0,0.0,0.2731215419480577,0.2731215419480577,0.2733392089721747,,372416,,136,False,False,False,False,372416,136,False,512,0.0006,,308096,20,total_elems,,372416,1,1,,,,0.0,,,,136,4,372416,3136,158,40,,,,,,,,,,,,,,,,,,,,,,,,,,,,,,,,,,,,,,,,,,,,,,,,,,,,,,,,,,,,,,,,,,
964.9513830000069,unswapping,,,,,,,,,,,,,,,,,,,,,,,,,,,,,,,,,,,,,,,,,,,,,,,,,,136,4,372416,3136,158,40,0,both,0,20,20,0,[],0,,,,,0,,,,,,,,,,,,,,,,,,,,,,,,,,,,,,,,,,,,,,,,,,,,,,,,,,,,,
966.5890454580076,unswapping,,,,,,,,,,,,,,,,,,,,,,,,,,,,,,,,,,,,,,,,,,,,,,,,,,136,4,372416,3136,158,40,0,both,1,19,19,0,[],0,,,,,0,,,,,,,,,,,,,,,,,,,,,,,,,,,,,,,,,,,,,,,,,,,,,,,,,,,,,
967.4675789579633,unswapping,,,,,,,,,,,,,,,,,,,,,,,,,,,,,,,,,,,,,,,,,,,,,,,,,,136,4,372416,3136,158,40,0,left,0,20,20,0,[],0,,,,,0,,,,,,,,,,,,,,,,,,,,,,,,,,,,,,,,,,,,,,,,,,,,,,,,,,,,,
968.2155860409839,unswapping,,,,,,,,,,,,,,,,,,,,,,,,,,,,,,,,,,,,,,,,,,,,,,,,,,136,4,372416,3136,158,40,0,left,1,19,19,0,[],0,,,,,0,,,,,,,,,,,,,,,,,,,,,,,,,,,,,,,,,,,,,,,,,,,,,,,,,,,,,
969.1704864159692,unswapping,,,,,,,,,,,,,,,,,,,,,,,,,,,,,,,,,,,,,,,,,,,,,,,,,,136,4,372416,3136,158,40,0,right,0,20,20,0,[],0,,,,,0,,,,,,,,,,,,,,,,,,,,,,,,,,,,,,,,,,,,,,,,,,,,,,,,,,,,,
969.9943755830172,unswapping,,,,,,,,,,,,,,,,,,,,,,,,,,,,,,,,,,,,,,,,,,,,,,,,,,136,4,372416,3136,158,40,0,right,1,19,19,0,[],0,,,,,0,,,,,,,,,,,,,,,,,,,,,,,,,,,,,,,,,,,,,,,,,,,,,,,,,,,,,
970.590619458002,unswap_cycle_summary,,,,,,,,,,,,404,389,793,,,,,,,,,,,,,,,,,,,512,0.0006,,,,,,,,,,,,,,,,136,4,372416,3136,158,40,,,,,,,,,,,,,,,,,,,,,60,6.992966625024565,793,808,15,0,False,True,True,58,15,"[404, 389]","[0, 1, 2, 3, 4, 5, 6, 7, 8, 9, 10, 11, 12, 13, 14, 15, 16, 17, 18, 19, 20, 21, 22, 23, 24, 25, 26, 27, 28, 29, 30, 31, 32, 33, 34, 35, 36, 37, 38, 39]","[0, 1, 2, 3, 4, 5, 6, 7, 8, 9, 10, 11, 12, 13, 14, 15, 16, 17, 18, 19, 20, 21, 22, 23, 24, 25, 26, 27, 28, 29, 30, 31, 32, 33, 34, 35, 36, 37, 38, 39]",,"{'index': 3, 'interactions': [('unitary', (29, 30))]}","[2, 4, 5, 6, 5, 5, 5, 4, 3, 4, 4, 4, 5, 6, 6, 6, 4, 4, 4, 6, 6, 7, 7, 8, 7, 6, 6, 5, 5, 5, 5, 6, 5, 5, 4, 5, 6, 4, 2]",6f33b907aba6995b292c2f675bee587eba7c92b52971ebfe1d09cb060a800099,,,,,,,,,,,,,,,,,,,,,,,,,,,,
970.8517363750143,rewiring,right,post_unswap,0.16032999998424202,27,False,False,,,,,,,,,,,,,,,,,,,,,,,,,,,,,,,,,,,,,,,,,,,,,,,,,,,,,,,,,,,,,,,,,,,,,,60,,,,,,,,,,,,,,,,,,50,False,0,4,bond_profile,8,False,1,2024,"(322, 64, 9, 8, 14, 74, 27)",0.0029302079929038882,0.15737312496639788,"[{'seed': 2024, 'score': (322, 64, 9, 8, 14, 74, 27), 'num_layers': 27, 'total_swaps': 74, 'max_layer_swaps': 9, 'swap_only_layers': 14, 'work_layers': 13, 'unitary_layers': 13, 'first_work_layer': 1, 'leading_no_work_layers': 1, 'bond_profile_layers_scored': 8, 'bond_profile_total_cost': 322, 'bond_profile_max_cost': 64, 'bond_profile_gate_count': 9}, {'seed': 3033, 'score': (355, 60, 10, 8, 16, 74, 28), 'num_layers': 28, 'total_swaps': 74, 'max_layer_swaps': 9, 'swap_only_layers': 16, 'work_layers': 12, 'unitary_layers': 12, 'first_work_layer': 1, 'leading_no_work_layers': 1, 'bond_profile_layers_scored': 8, 'bond_profile_total_cost': 355, 'bond_profile_max_cost': 60, 'bond_profile_gate_count': 10}, {'seed': 4042, 'score': (322, 64, 9, 8, 15, 74, 28), 'num_layers': 28, 'total_swaps': 74, 'max_layer_swaps': 9, 'swap_only_layers': 15, 'work_layers': 13, 'unitary_layers': 13, 'first_work_layer': 1, 'leading_no_work_layers': 1, 'bond_profile_layers_scored': 8, 'bond_profile_total_cost': 322, 'bond_profile_max_cost': 64, 'bond_profile_gate_count': 9}, {'seed': 5051, 'score': (367, 60, 11, 8, 16, 74, 27), 'num_layers': 27, 'total_swaps': 74, 'max_layer_swaps': 9, 'swap_only_layers': 16, 'work_layers': 11, 'unitary_layers': 11, 'first_work_layer': 1, 'leading_no_work_layers': 1, 'bond_profile_layers_scored': 8, 'bond_profile_total_cost': 367, 'bond_profile_max_cost': 60, 'bond_profile_gate_count': 11}]",0.16032329195877537,0.16054437501588836,,,,,,,,,,,,,
970.9510316660162,cycle_progress,,,,,,,,,,,,404,389,793,,,,,,,,,,,,,,,,,,,512,0.0006,,308096,20,,,,,,,,,,,,,136,4,372416,3136,158,40,,,,,,,,,,,,,,,,,,,,,60,,793,808,15,0,False,,,,,,,,,,,,,,,,,,,,,,,,,,0.16054437501588836,,,,,,,,,,,,,
973.9825098330039,unswapping,,,,,,,,,,,,,,,,,,,,,,,,,,,,,,,,,,,,,,,,,,,,,,,,,,136,4,367400,3070,158,40,0,both,0,20,20,1,"[[36, 37]]",1,,,,,0,,,,,,,,,,,,,,,,,,,,,,,,,,,,,,,,,,,,,,,,,,,,,,,,,,,,,
975.9406759580015,unswapping,,,,,,,,,,,,,,,,,,,,,,,,,,,,,,,,,,,,,,,,,,,,,,,,,,136,4,328016,2832,158,40,0,both,1,19,19,6,"[[3, 4], [9, 10], [19, 20], [21, 22], [31, 32], [33, 34]]",7,,,,,0,,,,,,,,,,,,,,,,,,,,,,,,,,,,,,,,,,,,,,,,,,,,,,,,,,,,,
976.5547091659973,unswapping,,,,,,,,,,,,,,,,,,,,,,,,,,,,,,,,,,,,,,,,,,,,,,,,,,136,4,328016,2832,158,40,0,left,0,20,20,0,[],7,,,,,0,,,,,,,,,,,,,,,,,,,,,,,,,,,,,,,,,,,,,,,,,,,,,,,,,,,,,
977.4446616659989,unswapping,,,,,,,,,,,,,,,,,,,,,,,,,,,,,,,,,,,,,,,,,,,,,,,,,,136,4,322720,2784,158,40,0,left,1,19,19,4,"[[3, 4], [21, 22], [31, 32], [33, 34]]",11,,,,,8,,,,,,,,,,,,,,,,,,,,,,,,,,,,,,,,,,,,,,,,,,,,,,,,,,,,,
978.1872428749921,unswapping,,,,,,,,,,,,,,,,,,,,,,,,,,,,,,,,,,,,,,,,,,,,,,,,,,136,4,316864,2732,158,40,0,right,0,20,20,5,"[[4, 5], [10, 11], [12, 13], [20, 21], [32, 33]]",16,,,,,18,,,,,,,,,,,,,,,,,,,,,,,,,,,,,,,,,,,,,,,,,,,,,,,,,,,,,
978.9811288329656,unswapping,,,,,,,,,,,,,,,,,,,,,,,,,,,,,,,,,,,,,,,,,,,,,,,,,,136,4,308352,2652,158,40,0,right,1,19,19,2,"[[13, 14], [17, 18]]",18,,,,,22,,,,,,,,,,,,,,,,,,,,,,,,,,,,,,,,,,,,,,,,,,,,,,,,,,,,,
980.1908571249805,unswapping,,,,,,,,,,,,,,,,,,,,,,,,,,,,,,,,,,,,,,,,,,,,,,,,,,136,4,308352,2652,158,40,1,both,0,20,20,0,[],0,,,,,22,,,,,,,,,,,,,,,,,,,,,,,,,,,,,,,,,,,,,,,,,,,,,,,,,,,,,
981.5460944579681,unswapping,,,,,,,,,,,,,,,,,,,,,,,,,,,,,,,,,,,,,,,,,,,,,,,,,,136,4,308352,2652,158,40,1,both,1,19,19,0,[],0,,,,,22,,,,,,,,,,,,,,,,,,,,,,,,,,,,,,,,,,,,,,,,,,,,,,,,,,,,,
982.0984566659899,unswapping,,,,,,,,,,,,,,,,,,,,,,,,,,,,,,,,,,,,,,,,,,,,,,,,,,136,4,308352,2652,158,40,1,left,0,20,20,0,[],0,,,,,22,,,,,,,,,,,,,,,,,,,,,,,,,,,,,,,,,,,,,,,,,,,,,,,,,,,,,
982.7085000000079,unswapping,,,,,,,,,,,,,,,,,,,,,,,,,,,,,,,,,,,,,,,,,,,,,,,,,,136,4,308352,2652,158,40,1,left,1,19,19,0,[],0,,,,,22,,,,,,,,,,,,,,,,,,,,,,,,,,,,,,,,,,,,,,,,,,,,,,,,,,,,,
983.4635470829671,unswapping,,,,,,,,,,,,,,,,,,,,,,,,,,,,,,,,,,,,,,,,,,,,,,,,,,136,4,308096,2644,158,40,1,right,0,20,20,1,"[[18, 19]]",1,,,,,24,,,,,,,,,,,,,,,,,,,,,,,,,,,,,,,,,,,,,,,,,,,,,,,,,,,,,
984.0896418329794,unswapping,,,,,,,,,,,,,,,,,,,,,,,,,,,,,,,,,,,,,,,,,,,,,,,,,,136,4,308096,2644,158,40,1,right,1,19,19,0,[],1,,,,,24,,,,,,,,,,,,,,,,,,,,,,,,,,,,,,,,,,,,,,,,,,,,,,,,,,,,,
985.3037147909636,unswapping,,,,,,,,,,,,,,,,,,,,,,,,,,,,,,,,,,,,,,,,,,,,,,,,,,136,4,308096,2644,158,40,2,both,0,20,20,0,[],0,,,,,24,,,,,,,,,,,,,,,,,,,,,,,,,,,,,,,,,,,,,,,,,,,,,,,,,,,,,
986.63163041597,unswapping,,,,,,,,,,,,,,,,,,,,,,,,,,,,,,,,,,,,,,,,,,,,,,,,,,136,4,308096,2644,158,40,2,both,1,19,19,0,[],0,,,,,24,,,,,,,,,,,,,,,,,,,,,,,,,,,,,,,,,,,,,,,,,,,,,,,,,,,,,
987.1958079579636,unswapping,,,,,,,,,,,,,,,,,,,,,,,,,,,,,,,,,,,,,,,,,,,,,,,,,,136,4,308096,2644,158,40,2,left,0,20,20,0,[],0,,,,,24,,,,,,,,,,,,,,,,,,,,,,,,,,,,,,,,,,,,,,,,,,,,,,,,,,,,,
987.8546399159823,unswapping,,,,,,,,,,,,,,,,,,,,,,,,,,,,,,,,,,,,,,,,,,,,,,,,,,136,4,308096,2644,158,40,2,left,1,19,19,0,[],0,,,,,24,,,,,,,,,,,,,,,,,,,,,,,,,,,,,,,,,,,,,,,,,,,,,,,,,,,,,
988.4167875829735,unswapping,,,,,,,,,,,,,,,,,,,,,,,,,,,,,,,,,,,,,,,,,,,,,,,,,,136,4,308096,2644,158,40,2,right,0,20,20,0,[],0,,,,,24,,,,,,,,,,,,,,,,,,,,,,,,,,,,,,,,,,,,,,,,,,,,,,,,,,,,,
989.0241118749836,unswapping,,,,,,,,,,,,,,,,,,,,,,,,,,,,,,,,,,,,,,,,,,,,,,,,,,136,4,308096,2644,158,40,2,right,1,19,19,0,[],0,,,,,24,,,,,,,,,,,,,,,,,,,,,,,,,,,,,,,,,,,,,,,,,,,,,,,,,,,,,
990.789930458006,unswap_cycle_summary,,,,,,,,,,,,404,389,793,,,,,,,,,,,,,,,,,,,512,0.0006,,,,,,,,,,,,,,,,136,4,308096,2644,158,40,,,,,,,,,,,,,,,,,,,,,61,17.42279291601153,793,808,15,0,False,True,True,59,0,"[404, 389]","[0, 1, 2, 3, 4, 5, 6, 7, 8, 10, 9, 11, 12, 13, 14, 15, 16, 17, 18, 20, 19, 21, 22, 23, 24, 25, 26, 27, 28, 29, 30, 31, 32, 33, 34, 35, 37, 36, 38, 39]","[0, 1, 2, 4, 5, 3, 6, 7, 8, 10, 11, 9, 13, 14, 12, 15, 16, 18, 20, 17, 22, 19, 21, 23, 24, 25, 26, 27, 28, 29, 30, 32, 34, 31, 33, 35, 37, 36, 38, 39]",,"{'index': 1, 'interactions': [('unitary', (29, 30))]}","[2, 4, 5, 5, 5, 5, 5, 4, 3, 3, 3, 4, 5, 5, 6, 6, 4, 2, 3, 4, 6, 7, 7, 8, 7, 6, 6, 5, 5, 5, 5, 5, 4, 3, 4, 5, 4, 4, 2]",91f42348ef1e761d45d4ac99bd0597b0394b9d86ecb8303235efc44a2d178154,,,,,,,,,,,,,,,,,,,,,,,,,,,,
991.0704955409747,rewiring,right,post_unswap,0.1822743330267258,29,False,False,,,,,,,,,,,,,,,,,,,,,,,,,,,,,,,,,,,,,,,,,,,,,,,,,,,,,,,,,,,,,,,,,,,,,,61,,,,,,,,,,,,,,,,,,50,False,0,4,bond_profile,8,False,1,5051,"(315, 125, 9, 8, 15, 89, 27)",0.0029298319714143872,0.17931475007208064,"[{'seed': 2024, 'score': (315, 125, 9, 8, 21, 89, 33), 'num_layers': 33, 'total_swaps': 89, 'max_layer_swaps': 9, 'swap_only_layers': 21, 'work_layers': 12, 'unitary_layers': 12, 'first_work_layer': 3, 'leading_no_work_layers': 3, 'bond_profile_layers_scored': 8, 'bond_profile_total_cost': 315, 'bond_profile_max_cost': 125, 'bond_profile_gate_count': 9}, {'seed': 3033, 'score': (327, 136, 11, 8, 18, 90, 29), 'num_layers': 29, 'total_swaps': 90, 'max_layer_swaps': 8, 'swap_only_layers': 18, 'work_layers': 11, 'unitary_layers': 11, 'first_work_layer': 3, 'leading_no_work_layers': 3, 'bond_profile_layers_scored': 8, 'bond_profile_total_cost': 327, 'bond_profile_max_cost': 136, 'bond_profile_gate_count': 11}, {'seed': 4042, 'score': (370, 136, 10, 8, 15, 89, 27), 'num_layers': 27, 'total_swaps': 89, 'max_layer_swaps': 8, 'swap_only_layers': 15, 'work_layers': 12, 'unitary_layers': 12, 'first_work_layer': 3, 'leading_no_work_layers': 3, 'bond_profile_layers_scored': 8, 'bond_profile_total_cost': 370, 'bond_profile_max_cost': 136, 'bond_profile_gate_count': 10}, {'seed': 5051, 'score': (315, 125, 9, 8, 15, 89, 27), 'num_layers': 27, 'total_swaps': 89, 'max_layer_swaps': 9, 'swap_only_layers': 15, 'work_layers': 12, 'unitary_layers': 12, 'first_work_layer': 3, 'leading_no_work_layers': 3, 'bond_profile_layers_scored': 8, 'bond_profile_total_cost': 315, 'bond_profile_max_cost': 125, 'bond_profile_gate_count': 9}]",0.18226799997501075,0.1824747499777004,,,,,,,,,,,,,
991.1690508329775,cycle_progress,,,,,,,,,,,,404,389,793,,,,,,,,,,,,,,,,,,,512,0.0006,,372416,21,,,,,,,,,,,,,136,4,308096,2644,158,40,,,,,,,,,,,,,,,,,,,,,61,,793,808,15,0,False,,,,,,,,,,,,,,,,,,,,,,,,,,0.1824747499777004,,,,,,,,,,,,,
991.4606847909745,absorbing,,,,,,,R,0,1,0,27,404,389,793,7,0,0,0.0,0.1895622909651138,0.1895622909651138,0.1922323330072686,,323936,,136,False,False,False,False,323936,136,False,512,0.0006,,308096,22,total_elems,,323936,1,1,,,,0.0,,,,136,4,323936,2808,158,40,,,,,,,,,,,,,,,,,,,,,,,,,,,,,,,,,,,,,,,,,,,,,,,,,,,,,,,,,,,,,,,,,,
991.8447762909927,absorbing,,,,,,,R,0,2,0,27,404,389,793,8,0,0,0.0,0.28461520798737183,0.28461520798737183,0.28483399999095127,,372320,,136,False,False,False,False,372320,136,False,512,0.0006,,308096,22,total_elems,,372320,1,1,,,,0.0,,,,136,4,372320,3140,158,40,,,,,,,,,,,,,,,,,,,,,,,,,,,,,,,,,,,,,,,,,,,,,,,,,,,,,,,,,,,,,,,,,,
994.2862606659764,unswapping,,,,,,,,,,,,,,,,,,,,,,,,,,,,,,,,,,,,,,,,,,,,,,,,,,136,4,372320,3140,158,40,0,both,0,20,20,0,[],0,,,,,0,,,,,,,,,,,,,,,,,,,,,,,,,,,,,,,,,,,,,,,,,,,,,,,,,,,,,
995.738153540995,unswapping,,,,,,,,,,,,,,,,,,,,,,,,,,,,,,,,,,,,,,,,,,,,,,,,,,136,4,372320,3140,158,40,0,both,1,19,19,0,[],0,,,,,0,,,,,,,,,,,,,,,,,,,,,,,,,,,,,,,,,,,,,,,,,,,,,,,,,,,,,
996.5540377909783,unswapping,,,,,,,,,,,,,,,,,,,,,,,,,,,,,,,,,,,,,,,,,,,,,,,,,,136,4,372320,3140,158,40,0,left,0,20,20,0,[],0,,,,,0,,,,,,,,,,,,,,,,,,,,,,,,,,,,,,,,,,,,,,,,,,,,,,,,,,,,,
997.2614744160092,unswapping,,,,,,,,,,,,,,,,,,,,,,,,,,,,,,,,,,,,,,,,,,,,,,,,,,136,4,372320,3140,158,40,0,left,1,19,19,0,[],0,,,,,0,,,,,,,,,,,,,,,,,,,,,,,,,,,,,,,,,,,,,,,,,,,,,,,,,,,,,
998.0772584999795,unswapping,,,,,,,,,,,,,,,,,,,,,,,,,,,,,,,,,,,,,,,,,,,,,,,,,,136,4,372320,3140,158,40,0,right,0,20,20,0,[],0,,,,,0,,,,,,,,,,,,,,,,,,,,,,,,,,,,,,,,,,,,,,,,,,,,,,,,,,,,,
998.7389027500176,unswapping,,,,,,,,,,,,,,,,,,,,,,,,,,,,,,,,,,,,,,,,,,,,,,,,,,136,4,372320,3140,158,40,0,right,1,19,19,0,[],0,,,,,0,,,,,,,,,,,,,,,,,,,,,,,,,,,,,,,,,,,,,,,,,,,,,,,,,,,,,
999.3134192909929,unswap_cycle_summary,,,,,,,,,,,,404,389,793,,,,,,,,,,,,,,,,,,,512,0.0006,,,,,,,,,,,,,,,,136,4,372320,3140,158,40,,,,,,,,,,,,,,,,,,,,,62,6.313239125011023,793,808,15,0,False,True,True,60,15,"[404, 389]","[0, 1, 2, 3, 4, 5, 6, 7, 8, 9, 10, 11, 12, 13, 14, 15, 16, 17, 18, 19, 20, 21, 22, 23, 24, 25, 26, 27, 28, 29, 30, 31, 32, 33, 34, 35, 36, 37, 38, 39]","[0, 1, 2, 3, 4, 5, 6, 7, 8, 9, 10, 11, 12, 13, 14, 15, 16, 17, 18, 19, 20, 21, 22, 23, 24, 25, 26, 27, 28, 29, 30, 31, 32, 33, 34, 35, 36, 37, 38, 39]",,"{'index': 3, 'interactions': [('unitary', (29, 30))]}","[2, 4, 5, 6, 5, 5, 5, 4, 3, 4, 4, 4, 5, 6, 6, 6, 4, 4, 4, 6, 6, 7, 7, 8, 7, 6, 6, 5, 5, 5, 5, 6, 5, 5, 4, 5, 6, 4, 2]",6f33b907aba6995b292c2f675bee587eba7c92b52971ebfe1d09cb060a800099,,,,,,,,,,,,,,,,,,,,,,,,,,,,
999.5502434999798,rewiring,right,post_unswap,0.14063741697464138,27,False,False,,,,,,,,,,,,,,,,,,,,,,,,,,,,,,,,,,,,,,,,,,,,,,,,,,,,,,,,,,,,,,,,,,,,,,62,,,,,,,,,,,,,,,,,,50,False,0,4,bond_profile,8,False,1,2024,"(326, 64, 9, 8, 14, 74, 27)",0.0027686250396072865,0.13784345897147432,"[{'seed': 2024, 'score': (326, 64, 9, 8, 14, 74, 27), 'num_layers': 27, 'total_swaps': 74, 'max_layer_swaps': 9, 'swap_only_layers': 14, 'work_layers': 13, 'unitary_layers': 13, 'first_work_layer': 1, 'leading_no_work_layers': 1, 'bond_profile_layers_scored': 8, 'bond_profile_total_cost': 326, 'bond_profile_max_cost': 64, 'bond_profile_gate_count': 9}, {'seed': 3033, 'score': (359, 60, 10, 8, 16, 74, 28), 'num_layers': 28, 'total_swaps': 74, 'max_layer_swaps': 9, 'swap_only_layers': 16, 'work_layers': 12, 'unitary_layers': 12, 'first_work_layer': 1, 'leading_no_work_layers': 1, 'bond_profile_layers_scored': 8, 'bond_profile_total_cost': 359, 'bond_profile_max_cost': 60, 'bond_profile_gate_count': 10}, {'seed': 4042, 'score': (326, 64, 9, 8, 15, 74, 28), 'num_layers': 28, 'total_swaps': 74, 'max_layer_swaps': 9, 'swap_only_layers': 15, 'work_layers': 13, 'unitary_layers': 13, 'first_work_layer': 1, 'leading_no_work_layers': 1, 'bond_profile_layers_scored': 8, 'bond_profile_total_cost': 326, 'bond_profile_max_cost': 64, 'bond_profile_gate_count': 9}, {'seed': 5051, 'score': (371, 60, 11, 8, 16, 74, 27), 'num_layers': 27, 'total_swaps': 74, 'max_layer_swaps': 9, 'swap_only_layers': 16, 'work_layers': 11, 'unitary_layers': 11, 'first_work_layer': 1, 'leading_no_work_layers': 1, 'bond_profile_layers_scored': 8, 'bond_profile_total_cost': 371, 'bond_profile_max_cost': 60, 'bond_profile_gate_count': 11}]",0.14063087501563132,0.14080979203572497,,,,,,,,,,,,,
999.6457796249888,cycle_progress,,,,,,,,,,,,404,389,793,,,,,,,,,,,,,,,,,,,512,0.0006,,308096,22,,,,,,,,,,,,,136,4,372320,3140,158,40,,,,,,,,,,,,,,,,,,,,,62,,793,808,15,0,False,,,,,,,,,,,,,,,,,,,,,,,,,,0.14080979203572497,,,,,,,,,,,,,
1002.3946612500004,unswapping,,,,,,,,,,,,,,,,,,,,,,,,,,,,,,,,,,,,,,,,,,,,,,,,,,136,4,367456,3076,158,40,0,both,0,20,20,1,"[[36, 37]]",1,,,,,0,,,,,,,,,,,,,,,,,,,,,,,,,,,,,,,,,,,,,,,,,,,,,,,,,,,,,
1004.3896112499642,unswapping,,,,,,,,,,,,,,,,,,,,,,,,,,,,,,,,,,,,,,,,,,,,,,,,,,136,4,328016,2832,158,40,0,both,1,19,19,6,"[[3, 4], [9, 10], [19, 20], [21, 22], [31, 32], [33, 34]]",7,,,,,0,,,,,,,,,,,,,,,,,,,,,,,,,,,,,,,,,,,,,,,,,,,,,,,,,,,,,
1005.0537030000123,unswapping,,,,,,,,,,,,,,,,,,,,,,,,,,,,,,,,,,,,,,,,,,,,,,,,,,136,4,328016,2832,158,40,0,left,0,20,20,0,[],7,,,,,0,,,,,,,,,,,,,,,,,,,,,,,,,,,,,,,,,,,,,,,,,,,,,,,,,,,,,
1006.0749012079905,unswapping,,,,,,,,,,,,,,,,,,,,,,,,,,,,,,,,,,,,,,,,,,,,,,,,,,136,4,322720,2784,158,40,0,left,1,19,19,4,"[[3, 4], [21, 22], [31, 32], [33, 34]]",11,,,,,8,,,,,,,,,,,,,,,,,,,,,,,,,,,,,,,,,,,,,,,,,,,,,,,,,,,,,
1006.9696658749599,unswapping,,,,,,,,,,,,,,,,,,,,,,,,,,,,,,,,,,,,,,,,,,,,,,,,,,136,4,316864,2732,158,40,0,right,0,20,20,5,"[[4, 5], [10, 11], [12, 13], [20, 21], [32, 33]]",16,,,,,18,,,,,,,,,,,,,,,,,,,,,,,,,,,,,,,,,,,,,,,,,,,,,,,,,,,,,
1007.8967429999611,unswapping,,,,,,,,,,,,,,,,,,,,,,,,,,,,,,,,,,,,,,,,,,,,,,,,,,136,4,308352,2652,158,40,0,right,1,19,19,2,"[[13, 14], [17, 18]]",18,,,,,22,,,,,,,,,,,,,,,,,,,,,,,,,,,,,,,,,,,,,,,,,,,,,,,,,,,,,
1009.2881910409778,unswapping,,,,,,,,,,,,,,,,,,,,,,,,,,,,,,,,,,,,,,,,,,,,,,,,,,136,4,308352,2652,158,40,1,both,0,20,20,0,[],0,,,,,22,,,,,,,,,,,,,,,,,,,,,,,,,,,,,,,,,,,,,,,,,,,,,,,,,,,,,
1010.8743887500023,unswapping,,,,,,,,,,,,,,,,,,,,,,,,,,,,,,,,,,,,,,,,,,,,,,,,,,136,4,308352,2652,158,40,1,both,1,19,19,0,[],0,,,,,22,,,,,,,,,,,,,,,,,,,,,,,,,,,,,,,,,,,,,,,,,,,,,,,,,,,,,
1011.5462923750165,unswapping,,,,,,,,,,,,,,,,,,,,,,,,,,,,,,,,,,,,,,,,,,,,,,,,,,136,4,308352,2652,158,40,1,left,0,20,20,0,[],0,,,,,22,,,,,,,,,,,,,,,,,,,,,,,,,,,,,,,,,,,,,,,,,,,,,,,,,,,,,
1012.2309221249889,unswapping,,,,,,,,,,,,,,,,,,,,,,,,,,,,,,,,,,,,,,,,,,,,,,,,,,136,4,308352,2652,158,40,1,left,1,19,19,0,[],0,,,,,22,,,,,,,,,,,,,,,,,,,,,,,,,,,,,,,,,,,,,,,,,,,,,,,,,,,,,
1012.982257207972,unswapping,,,,,,,,,,,,,,,,,,,,,,,,,,,,,,,,,,,,,,,,,,,,,,,,,,136,4,308096,2644,158,40,1,right,0,20,20,1,"[[18, 19]]",1,,,,,24,,,,,,,,,,,,,,,,,,,,,,,,,,,,,,,,,,,,,,,,,,,,,,,,,,,,,
1013.653228332987,unswapping,,,,,,,,,,,,,,,,,,,,,,,,,,,,,,,,,,,,,,,,,,,,,,,,,,136,4,308096,2644,158,40,1,right,1,19,19,0,[],1,,,,,24,,,,,,,,,,,,,,,,,,,,,,,,,,,,,,,,,,,,,,,,,,,,,,,,,,,,,
1014.8790285830037,unswapping,,,,,,,,,,,,,,,,,,,,,,,,,,,,,,,,,,,,,,,,,,,,,,,,,,136,4,308096,2644,158,40,2,both,0,20,20,0,[],0,,,,,24,,,,,,,,,,,,,,,,,,,,,,,,,,,,,,,,,,,,,,,,,,,,,,,,,,,,,
1016.2397109579761,unswapping,,,,,,,,,,,,,,,,,,,,,,,,,,,,,,,,,,,,,,,,,,,,,,,,,,136,4,308096,2644,158,40,2,both,1,19,19,0,[],0,,,,,24,,,,,,,,,,,,,,,,,,,,,,,,,,,,,,,,,,,,,,,,,,,,,,,,,,,,,
1016.9334340409841,unswapping,,,,,,,,,,,,,,,,,,,,,,,,,,,,,,,,,,,,,,,,,,,,,,,,,,136,4,308096,2644,158,40,2,left,0,20,20,0,[],0,,,,,24,,,,,,,,,,,,,,,,,,,,,,,,,,,,,,,,,,,,,,,,,,,,,,,,,,,,,
1017.5810834579752,unswapping,,,,,,,,,,,,,,,,,,,,,,,,,,,,,,,,,,,,,,,,,,,,,,,,,,136,4,308096,2644,158,40,2,left,1,19,19,0,[],0,,,,,24,,,,,,,,,,,,,,,,,,,,,,,,,,,,,,,,,,,,,,,,,,,,,,,,,,,,,
1018.1766361659975,unswapping,,,,,,,,,,,,,,,,,,,,,,,,,,,,,,,,,,,,,,,,,,,,,,,,,,136,4,308096,2644,158,40,2,right,0,20,20,0,[],0,,,,,24,,,,,,,,,,,,,,,,,,,,,,,,,,,,,,,,,,,,,,,,,,,,,,,,,,,,,
1018.842129290977,unswapping,,,,,,,,,,,,,,,,,,,,,,,,,,,,,,,,,,,,,,,,,,,,,,,,,,136,4,308096,2644,158,40,2,right,1,19,19,0,[],0,,,,,24,,,,,,,,,,,,,,,,,,,,,,,,,,,,,,,,,,,,,,,,,,,,,,,,,,,,,
1020.6667952910066,unswap_cycle_summary,,,,,,,,,,,,404,389,793,,,,,,,,,,,,,,,,,,,512,0.0006,,,,,,,,,,,,,,,,136,4,308096,2644,158,40,,,,,,,,,,,,,,,,,,,,,63,18.61665920802625,793,808,15,0,False,True,True,61,0,"[404, 389]","[0, 1, 2, 3, 4, 5, 6, 7, 8, 10, 9, 11, 12, 13, 14, 15, 16, 17, 18, 20, 19, 21, 22, 23, 24, 25, 26, 27, 28, 29, 30, 31, 32, 33, 34, 35, 37, 36, 38, 39]","[0, 1, 2, 4, 5, 3, 6, 7, 8, 10, 11, 9, 13, 14, 12, 15, 16, 18, 20, 17, 22, 19, 21, 23, 24, 25, 26, 27, 28, 29, 30, 32, 34, 31, 33, 35, 37, 36, 38, 39]",,"{'index': 1, 'interactions': [('unitary', (29, 30))]}","[2, 4, 5, 5, 5, 5, 5, 4, 3, 3, 3, 4, 5, 5, 6, 6, 4, 2, 3, 4, 6, 7, 7, 8, 7, 6, 6, 5, 5, 5, 5, 5, 4, 3, 4, 5, 4, 4, 2]",91f42348ef1e761d45d4ac99bd0597b0394b9d86ecb8303235efc44a2d178154,,,,,,,,,,,,,,,,,,,,,,,,,,,,
1020.9245905830176,rewiring,right,post_unswap,0.15567645797273144,29,False,False,,,,,,,,,,,,,,,,,,,,,,,,,,,,,,,,,,,,,,,,,,,,,,,,,,,,,,,,,,,,,,,,,,,,,,63,,,,,,,,,,,,,,,,,,50,False,0,4,bond_profile,8,False,1,5051,"(315, 125, 9, 8, 15, 89, 27)",0.002819291956257075,0.1528324579121545,"[{'seed': 2024, 'score': (315, 125, 9, 8, 21, 89, 33), 'num_layers': 33, 'total_swaps': 89, 'max_layer_swaps': 9, 'swap_only_layers': 21, 'work_layers': 12, 'unitary_layers': 12, 'first_work_layer': 3, 'leading_no_work_layers': 3, 'bond_profile_layers_scored': 8, 'bond_profile_total_cost': 315, 'bond_profile_max_cost': 125, 'bond_profile_gate_count': 9}, {'seed': 3033, 'score': (327, 136, 11, 8, 18, 90, 29), 'num_layers': 29, 'total_swaps': 90, 'max_layer_swaps': 8, 'swap_only_layers': 18, 'work_layers': 11, 'unitary_layers': 11, 'first_work_layer': 3, 'leading_no_work_layers': 3, 'bond_profile_layers_scored': 8, 'bond_profile_total_cost': 327, 'bond_profile_max_cost': 136, 'bond_profile_gate_count': 11}, {'seed': 4042, 'score': (370, 136, 10, 8, 15, 89, 27), 'num_layers': 27, 'total_swaps': 89, 'max_layer_swaps': 8, 'swap_only_layers': 15, 'work_layers': 12, 'unitary_layers': 12, 'first_work_layer': 3, 'leading_no_work_layers': 3, 'bond_profile_layers_scored': 8, 'bond_profile_total_cost': 370, 'bond_profile_max_cost': 136, 'bond_profile_gate_count': 10}, {'seed': 5051, 'score': (315, 125, 9, 8, 15, 89, 27), 'num_layers': 27, 'total_swaps': 89, 'max_layer_swaps': 9, 'swap_only_layers': 15, 'work_layers': 12, 'unitary_layers': 12, 'first_work_layer': 3, 'leading_no_work_layers': 3, 'bond_profile_layers_scored': 8, 'bond_profile_total_cost': 315, 'bond_profile_max_cost': 125, 'bond_profile_gate_count': 9}]",0.15567083295900375,0.15587666601641104,,,,,,,,,,,,,
1021.0262680409942,cycle_progress,,,,,,,,,,,,404,389,793,,,,,,,,,,,,,,,,,,,512,0.0006,,372320,23,,,,,,,,,,,,,136,4,308096,2644,158,40,,,,,,,,,,,,,,,,,,,,,63,,793,808,15,0,False,,,,,,,,,,,,,,,,,,,,,,,,,,0.15587666601641104,,,,,,,,,,,,,
1021.3364318329841,absorbing,,,,,,,R,0,1,0,27,404,389,793,7,0,0,0.0,0.20490016596158966,0.20490016596158966,0.20627145800972357,,323936,,136,False,False,False,False,323936,136,False,512,0.0006,,308096,24,total_elems,,323936,1,1,,,,0.0,,,,136,4,323936,2808,158,40,,,,,,,,,,,,,,,,,,,,,,,,,,,,,,,,,,,,,,,,,,,,,,,,,,,,,,,,,,,,,,,,,,
1021.7206952499691,absorbing,,,,,,,R,0,2,0,27,404,389,793,8,0,0,0.0,0.27651704096933827,0.27651704096933827,0.2767202499671839,,372000,,136,False,False,False,False,372000,136,False,512,0.0006,,308096,24,total_elems,,372000,1,1,,,,0.0,,,,136,4,372000,3132,158,40,,,,,,,,,,,,,,,,,,,,,,,,,,,,,,,,,,,,,,,,,,,,,,,,,,,,,,,,,,,,,,,,,,
1024.2150029999902,unswapping,,,,,,,,,,,,,,,,,,,,,,,,,,,,,,,,,,,,,,,,,,,,,,,,,,136,4,372000,3132,158,40,0,both,0,20,20,0,[],0,,,,,0,,,,,,,,,,,,,,,,,,,,,,,,,,,,,,,,,,,,,,,,,,,,,,,,,,,,,
1025.6219457080006,unswapping,,,,,,,,,,,,,,,,,,,,,,,,,,,,,,,,,,,,,,,,,,,,,,,,,,136,4,372000,3132,158,40,0,both,1,19,19,0,[],0,,,,,0,,,,,,,,,,,,,,,,,,,,,,,,,,,,,,,,,,,,,,,,,,,,,,,,,,,,,
1026.4535547079868,unswapping,,,,,,,,,,,,,,,,,,,,,,,,,,,,,,,,,,,,,,,,,,,,,,,,,,136,4,372000,3132,158,40,0,left,0,20,20,0,[],0,,,,,0,,,,,,,,,,,,,,,,,,,,,,,,,,,,,,,,,,,,,,,,,,,,,,,,,,,,,
1027.1202133329934,unswapping,,,,,,,,,,,,,,,,,,,,,,,,,,,,,,,,,,,,,,,,,,,,,,,,,,136,4,372000,3132,158,40,0,left,1,19,19,0,[],0,,,,,0,,,,,,,,,,,,,,,,,,,,,,,,,,,,,,,,,,,,,,,,,,,,,,,,,,,,,
1027.9764284999692,unswapping,,,,,,,,,,,,,,,,,,,,,,,,,,,,,,,,,,,,,,,,,,,,,,,,,,136,4,372000,3132,158,40,0,right,0,20,20,0,[],0,,,,,0,,,,,,,,,,,,,,,,,,,,,,,,,,,,,,,,,,,,,,,,,,,,,,,,,,,,,
1028.6506775830057,unswapping,,,,,,,,,,,,,,,,,,,,,,,,,,,,,,,,,,,,,,,,,,,,,,,,,,136,4,372000,3132,158,40,0,right,1,19,19,0,[],0,,,,,0,,,,,,,,,,,,,,,,,,,,,,,,,,,,,,,,,,,,,,,,,,,,,,,,,,,,,
1029.237132875016,unswap_cycle_summary,,,,,,,,,,,,404,389,793,,,,,,,,,,,,,,,,,,,512,0.0006,,,,,,,,,,,,,,,,136,4,372000,3132,158,40,,,,,,,,,,,,,,,,,,,,,64,6.309995416959282,793,808,15,0,False,True,True,62,15,"[404, 389]","[0, 1, 2, 3, 4, 5, 6, 7, 8, 9, 10, 11, 12, 13, 14, 15, 16, 17, 18, 19, 20, 21, 22, 23, 24, 25, 26, 27, 28, 29, 30, 31, 32, 33, 34, 35, 36, 37, 38, 39]","[0, 1, 2, 3, 4, 5, 6, 7, 8, 9, 10, 11, 12, 13, 14, 15, 16, 17, 18, 19, 20, 21, 22, 23, 24, 25, 26, 27, 28, 29, 30, 31, 32, 33, 34, 35, 36, 37, 38, 39]",,"{'index': 3, 'interactions': [('unitary', (29, 30))]}","[2, 4, 5, 6, 5, 5, 5, 4, 3, 4, 4, 4, 5, 6, 6, 6, 4, 4, 4, 6, 6, 7, 7, 8, 7, 6, 6, 5, 5, 5, 5, 6, 5, 5, 4, 5, 6, 4, 2]",6f33b907aba6995b292c2f675bee587eba7c92b52971ebfe1d09cb060a800099,,,,,,,,,,,,,,,,,,,,,,,,,,,,
1029.4818692909903,rewiring,right,post_unswap,0.14760349999414757,27,False,False,,,,,,,,,,,,,,,,,,,,,,,,,,,,,,,,,,,,,,,,,,,,,,,,,,,,,,,,,,,,,,,,,,,,,,64,,,,,,,,,,,,,,,,,,50,False,0,4,bond_profile,8,False,1,2024,"(322, 64, 9, 8, 14, 74, 27)",0.00261254096403718,0.1449678330682218,"[{'seed': 2024, 'score': (322, 64, 9, 8, 14, 74, 27), 'num_layers': 27, 'total_swaps': 74, 'max_layer_swaps': 9, 'swap_only_layers': 14, 'work_layers': 13, 'unitary_layers': 13, 'first_work_layer': 1, 'leading_no_work_layers': 1, 'bond_profile_layers_scored': 8, 'bond_profile_total_cost': 322, 'bond_profile_max_cost': 64, 'bond_profile_gate_count': 9}, {'seed': 3033, 'score': (355, 60, 10, 8, 16, 74, 28), 'num_layers': 28, 'total_swaps': 74, 'max_layer_swaps': 9, 'swap_only_layers': 16, 'work_layers': 12, 'unitary_layers': 12, 'first_work_layer': 1, 'leading_no_work_layers': 1, 'bond_profile_layers_scored': 8, 'bond_profile_total_cost': 355, 'bond_profile_max_cost': 60, 'bond_profile_gate_count': 10}, {'seed': 4042, 'score': (322, 64, 9, 8, 15, 74, 28), 'num_layers': 28, 'total_swaps': 74, 'max_layer_swaps': 9, 'swap_only_layers': 15, 'work_layers': 13, 'unitary_layers': 13, 'first_work_layer': 1, 'leading_no_work_layers': 1, 'bond_profile_layers_scored': 8, 'bond_profile_total_cost': 322, 'bond_profile_max_cost': 64, 'bond_profile_gate_count': 9}, {'seed': 5051, 'score': (367, 60, 11, 8, 16, 74, 27), 'num_layers': 27, 'total_swaps': 74, 'max_layer_swaps': 9, 'swap_only_layers': 16, 'work_layers': 11, 'unitary_layers': 11, 'first_work_layer': 1, 'leading_no_work_layers': 1, 'bond_profile_layers_scored': 8, 'bond_profile_total_cost': 367, 'bond_profile_max_cost': 60, 'bond_profile_gate_count': 11}]",0.14759800001047552,0.1477800830034539,,,,,,,,,,,,,
1029.5881389999995,cycle_progress,,,,,,,,,,,,404,389,793,,,,,,,,,,,,,,,,,,,512,0.0006,,308096,24,,,,,,,,,,,,,136,4,372000,3132,158,40,,,,,,,,,,,,,,,,,,,,,64,,793,808,15,0,False,,,,,,,,,,,,,,,,,,,,,,,,,,0.1477800830034539,,,,,,,,,,,,,
1032.3684290829697,unswapping,,,,,,,,,,,,,,,,,,,,,,,,,,,,,,,,,,,,,,,,,,,,,,,,,,136,4,367136,3068,158,40,0,both,0,20,20,1,"[[36, 37]]",1,,,,,0,,,,,,,,,,,,,,,,,,,,,,,,,,,,,,,,,,,,,,,,,,,,,,,,,,,,,
1034.2679576660157,unswapping,,,,,,,,,,,,,,,,,,,,,,,,,,,,,,,,,,,,,,,,,,,,,,,,,,136,4,327800,2830,158,40,0,both,1,19,19,6,"[[3, 4], [9, 10], [19, 20], [21, 22], [31, 32], [33, 34]]",7,,,,,0,,,,,,,,,,,,,,,,,,,,,,,,,,,,,,,,,,,,,,,,,,,,,,,,,,,,,
1034.9208640409634,unswapping,,,,,,,,,,,,,,,,,,,,,,,,,,,,,,,,,,,,,,,,,,,,,,,,,,136,4,327800,2830,158,40,0,left,0,20,20,0,[],7,,,,,0,,,,,,,,,,,,,,,,,,,,,,,,,,,,,,,,,,,,,,,,,,,,,,,,,,,,,
1035.8598463750095,unswapping,,,,,,,,,,,,,,,,,,,,,,,,,,,,,,,,,,,,,,,,,,,,,,,,,,136,4,322720,2784,158,40,0,left,1,19,19,4,"[[3, 4], [21, 22], [31, 32], [33, 34]]",11,,,,,8,,,,,,,,,,,,,,,,,,,,,,,,,,,,,,,,,,,,,,,,,,,,,,,,,,,,,
1036.6348147499957,unswapping,,,,,,,,,,,,,,,,,,,,,,,,,,,,,,,,,,,,,,,,,,,,,,,,,,136,4,316864,2732,158,40,0,right,0,20,20,5,"[[4, 5], [10, 11], [12, 13], [20, 21], [32, 33]]",16,,,,,18,,,,,,,,,,,,,,,,,,,,,,,,,,,,,,,,,,,,,,,,,,,,,,,,,,,,,
1037.4706310000038,unswapping,,,,,,,,,,,,,,,,,,,,,,,,,,,,,,,,,,,,,,,,,,,,,,,,,,136,4,308352,2652,158,40,0,right,1,19,19,2,"[[13, 14], [17, 18]]",18,,,,,22,,,,,,,,,,,,,,,,,,,,,,,,,,,,,,,,,,,,,,,,,,,,,,,,,,,,,
1038.7079452910111,unswapping,,,,,,,,,,,,,,,,,,,,,,,,,,,,,,,,,,,,,,,,,,,,,,,,,,136,4,308352,2652,158,40,1,both,0,20,20,0,[],0,,,,,22,,,,,,,,,,,,,,,,,,,,,,,,,,,,,,,,,,,,,,,,,,,,,,,,,,,,,
1040.0620723749744,unswapping,,,,,,,,,,,,,,,,,,,,,,,,,,,,,,,,,,,,,,,,,,,,,,,,,,136,4,308352,2652,158,40,1,both,1,19,19,0,[],0,,,,,22,,,,,,,,,,,,,,,,,,,,,,,,,,,,,,,,,,,,,,,,,,,,,,,,,,,,,
1040.634053707996,unswapping,,,,,,,,,,,,,,,,,,,,,,,,,,,,,,,,,,,,,,,,,,,,,,,,,,136,4,308352,2652,158,40,1,left,0,20,20,0,[],0,,,,,22,,,,,,,,,,,,,,,,,,,,,,,,,,,,,,,,,,,,,,,,,,,,,,,,,,,,,
1041.8360527500045,unswapping,,,,,,,,,,,,,,,,,,,,,,,,,,,,,,,,,,,,,,,,,,,,,,,,,,136,4,308352,2652,158,40,1,left,1,19,19,0,[],0,,,,,22,,,,,,,,,,,,,,,,,,,,,,,,,,,,,,,,,,,,,,,,,,,,,,,,,,,,,
1042.6263496659813,unswapping,,,,,,,,,,,,,,,,,,,,,,,,,,,,,,,,,,,,,,,,,,,,,,,,,,136,4,308096,2644,158,40,1,right,0,20,20,1,"[[18, 19]]",1,,,,,24,,,,,,,,,,,,,,,,,,,,,,,,,,,,,,,,,,,,,,,,,,,,,,,,,,,,,
1043.262945415976,unswapping,,,,,,,,,,,,,,,,,,,,,,,,,,,,,,,,,,,,,,,,,,,,,,,,,,136,4,308096,2644,158,40,1,right,1,19,19,0,[],1,,,,,24,,,,,,,,,,,,,,,,,,,,,,,,,,,,,,,,,,,,,,,,,,,,,,,,,,,,,
1044.4438904999988,unswapping,,,,,,,,,,,,,,,,,,,,,,,,,,,,,,,,,,,,,,,,,,,,,,,,,,136,4,308096,2644,158,40,2,both,0,20,20,0,[],0,,,,,24,,,,,,,,,,,,,,,,,,,,,,,,,,,,,,,,,,,,,,,,,,,,,,,,,,,,,
1045.8172362499754,unswapping,,,,,,,,,,,,,,,,,,,,,,,,,,,,,,,,,,,,,,,,,,,,,,,,,,136,4,308096,2644,158,40,2,both,1,19,19,0,[],0,,,,,24,,,,,,,,,,,,,,,,,,,,,,,,,,,,,,,,,,,,,,,,,,,,,,,,,,,,,
1046.407714541012,unswapping,,,,,,,,,,,,,,,,,,,,,,,,,,,,,,,,,,,,,,,,,,,,,,,,,,136,4,308096,2644,158,40,2,left,0,20,20,0,[],0,,,,,24,,,,,,,,,,,,,,,,,,,,,,,,,,,,,,,,,,,,,,,,,,,,,,,,,,,,,
1047.073215707962,unswapping,,,,,,,,,,,,,,,,,,,,,,,,,,,,,,,,,,,,,,,,,,,,,,,,,,136,4,308096,2644,158,40,2,left,1,19,19,0,[],0,,,,,24,,,,,,,,,,,,,,,,,,,,,,,,,,,,,,,,,,,,,,,,,,,,,,,,,,,,,
1047.6361597909709,unswapping,,,,,,,,,,,,,,,,,,,,,,,,,,,,,,,,,,,,,,,,,,,,,,,,,,136,4,308096,2644,158,40,2,right,0,20,20,0,[],0,,,,,24,,,,,,,,,,,,,,,,,,,,,,,,,,,,,,,,,,,,,,,,,,,,,,,,,,,,,
1048.2463302499964,unswapping,,,,,,,,,,,,,,,,,,,,,,,,,,,,,,,,,,,,,,,,,,,,,,,,,,136,4,308096,2644,158,40,2,right,1,19,19,0,[],0,,,,,24,,,,,,,,,,,,,,,,,,,,,,,,,,,,,,,,,,,,,,,,,,,,,,,,,,,,,
1050.1038116249838,unswap_cycle_summary,,,,,,,,,,,,404,389,793,,,,,,,,,,,,,,,,,,,512,0.0006,,,,,,,,,,,,,,,,136,4,308096,2644,158,40,,,,,,,,,,,,,,,,,,,,,65,18.054622291994747,793,808,15,0,False,True,True,63,0,"[404, 389]","[0, 1, 2, 3, 4, 5, 6, 7, 8, 10, 9, 11, 12, 13, 14, 15, 16, 17, 18, 20, 19, 21, 22, 23, 24, 25, 26, 27, 28, 29, 30, 31, 32, 33, 34, 35, 37, 36, 38, 39]","[0, 1, 2, 4, 5, 3, 6, 7, 8, 10, 11, 9, 13, 14, 12, 15, 16, 18, 20, 17, 22, 19, 21, 23, 24, 25, 26, 27, 28, 29, 30, 32, 34, 31, 33, 35, 37, 36, 38, 39]",,"{'index': 1, 'interactions': [('unitary', (29, 30))]}","[2, 4, 5, 5, 5, 5, 5, 4, 3, 3, 3, 4, 5, 5, 6, 6, 4, 2, 3, 4, 6, 7, 7, 8, 7, 6, 6, 5, 5, 5, 5, 5, 4, 3, 4, 5, 4, 4, 2]",91f42348ef1e761d45d4ac99bd0597b0394b9d86ecb8303235efc44a2d178154,,,,,,,,,,,,,,,,,,,,,,,,,,,,
1050.4245890830061,rewiring,right,post_unswap,0.21911687502870336,29,False,False,,,,,,,,,,,,,,,,,,,,,,,,,,,,,,,,,,,,,,,,,,,,,,,,,,,,,,,,,,,,,,,,,,,,,,65,,,,,,,,,,,,,,,,,,50,False,0,4,bond_profile,8,False,1,5051,"(315, 125, 9, 8, 15, 89, 27)",0.003255459014326334,0.21582462504738942,"[{'seed': 2024, 'score': (315, 125, 9, 8, 21, 89, 33), 'num_layers': 33, 'total_swaps': 89, 'max_layer_swaps': 9, 'swap_only_layers': 21, 'work_layers': 12, 'unitary_layers': 12, 'first_work_layer': 3, 'leading_no_work_layers': 3, 'bond_profile_layers_scored': 8, 'bond_profile_total_cost': 315, 'bond_profile_max_cost': 125, 'bond_profile_gate_count': 9}, {'seed': 3033, 'score': (327, 136, 11, 8, 18, 90, 29), 'num_layers': 29, 'total_swaps': 90, 'max_layer_swaps': 8, 'swap_only_layers': 18, 'work_layers': 11, 'unitary_layers': 11, 'first_work_layer': 3, 'leading_no_work_layers': 3, 'bond_profile_layers_scored': 8, 'bond_profile_total_cost': 327, 'bond_profile_max_cost': 136, 'bond_profile_gate_count': 11}, {'seed': 4042, 'score': (370, 136, 10, 8, 15, 89, 27), 'num_layers': 27, 'total_swaps': 89, 'max_layer_swaps': 8, 'swap_only_layers': 15, 'work_layers': 12, 'unitary_layers': 12, 'first_work_layer': 3, 'leading_no_work_layers': 3, 'bond_profile_layers_scored': 8, 'bond_profile_total_cost': 370, 'bond_profile_max_cost': 136, 'bond_profile_gate_count': 10}, {'seed': 5051, 'score': (315, 125, 9, 8, 15, 89, 27), 'num_layers': 27, 'total_swaps': 89, 'max_layer_swaps': 9, 'swap_only_layers': 15, 'work_layers': 12, 'unitary_layers': 12, 'first_work_layer': 3, 'leading_no_work_layers': 3, 'bond_profile_layers_scored': 8, 'bond_profile_total_cost': 315, 'bond_profile_max_cost': 125, 'bond_profile_gate_count': 9}]",0.21910816698800772,0.21947391598951072,,,,,,,,,,,,,
1050.5340262079844,cycle_progress,,,,,,,,,,,,404,389,793,,,,,,,,,,,,,,,,,,,512,0.0006,,372000,25,,,,,,,,,,,,,136,4,308096,2644,158,40,,,,,,,,,,,,,,,,,,,,,65,,793,808,15,0,False,,,,,,,,,,,,,,,,,,,,,,,,,,0.21947391598951072,,,,,,,,,,,,,
1050.8763805829803,absorbing,,,,,,,R,0,1,0,27,404,389,793,7,0,0,0.0,0.21360554202692583,0.21360554202692583,0.21711966599104926,,323936,,136,False,False,False,False,323936,136,False,512,0.0006,,308096,26,total_elems,,323936,1,1,,,,0.0,,,,136,4,323936,2808,158,40,,,,,,,,,,,,,,,,,,,,,,,,,,,,,,,,,,,,,,,,,,,,,,,,,,,,,,,,,,,,,,,,,,
1051.2542811660096,absorbing,,,,,,,R,0,2,0,27,404,389,793,8,0,0,0.0,0.2688649999909103,0.2688649999909103,0.26909066701773554,,372320,,136,False,False,False,False,372320,136,False,512,0.0006,,308096,26,total_elems,,372320,1,1,,,,0.0,,,,136,4,372320,3140,158,40,,,,,,,,,,,,,,,,,,,,,,,,,,,,,,,,,,,,,,,,,,,,,,,,,,,,,,,,,,,,,,,,,,
1053.722298290988,unswapping,,,,,,,,,,,,,,,,,,,,,,,,,,,,,,,,,,,,,,,,,,,,,,,,,,136,4,372320,3140,158,40,0,both,0,20,20,0,[],0,,,,,0,,,,,,,,,,,,,,,,,,,,,,,,,,,,,,,,,,,,,,,,,,,,,,,,,,,,,
1055.1375533330138,unswapping,,,,,,,,,,,,,,,,,,,,,,,,,,,,,,,,,,,,,,,,,,,,,,,,,,136,4,372320,3140,158,40,0,both,1,19,19,0,[],0,,,,,0,,,,,,,,,,,,,,,,,,,,,,,,,,,,,,,,,,,,,,,,,,,,,,,,,,,,,
1055.9900277499692,unswapping,,,,,,,,,,,,,,,,,,,,,,,,,,,,,,,,,,,,,,,,,,,,,,,,,,136,4,372320,3140,158,40,0,left,0,20,20,0,[],0,,,,,0,,,,,,,,,,,,,,,,,,,,,,,,,,,,,,,,,,,,,,,,,,,,,,,,,,,,,
1056.6671702080057,unswapping,,,,,,,,,,,,,,,,,,,,,,,,,,,,,,,,,,,,,,,,,,,,,,,,,,136,4,372320,3140,158,40,0,left,1,19,19,0,[],0,,,,,0,,,,,,,,,,,,,,,,,,,,,,,,,,,,,,,,,,,,,,,,,,,,,,,,,,,,,
1057.5231632909854,unswapping,,,,,,,,,,,,,,,,,,,,,,,,,,,,,,,,,,,,,,,,,,,,,,,,,,136,4,372320,3140,158,40,0,right,0,20,20,0,[],0,,,,,0,,,,,,,,,,,,,,,,,,,,,,,,,,,,,,,,,,,,,,,,,,,,,,,,,,,,,
1058.2241529159946,unswapping,,,,,,,,,,,,,,,,,,,,,,,,,,,,,,,,,,,,,,,,,,,,,,,,,,136,4,372320,3140,158,40,0,right,1,19,19,0,[],0,,,,,0,,,,,,,,,,,,,,,,,,,,,,,,,,,,,,,,,,,,,,,,,,,,,,,,,,,,,
1058.8517062499886,unswap_cycle_summary,,,,,,,,,,,,404,389,793,,,,,,,,,,,,,,,,,,,512,0.0006,,,,,,,,,,,,,,,,136,4,372320,3140,158,40,,,,,,,,,,,,,,,,,,,,,66,6.2928850000025705,793,808,15,0,False,True,True,64,15,"[404, 389]","[0, 1, 2, 3, 4, 5, 6, 7, 8, 9, 10, 11, 12, 13, 14, 15, 16, 17, 18, 19, 20, 21, 22, 23, 24, 25, 26, 27, 28, 29, 30, 31, 32, 33, 34, 35, 36, 37, 38, 39]","[0, 1, 2, 3, 4, 5, 6, 7, 8, 9, 10, 11, 12, 13, 14, 15, 16, 17, 18, 19, 20, 21, 22, 23, 24, 25, 26, 27, 28, 29, 30, 31, 32, 33, 34, 35, 36, 37, 38, 39]",,"{'index': 3, 'interactions': [('unitary', (29, 30))]}","[2, 4, 5, 6, 5, 5, 5, 4, 3, 4, 4, 4, 5, 6, 6, 6, 4, 4, 4, 6, 6, 7, 7, 8, 7, 6, 6, 5, 5, 5, 5, 6, 5, 5, 4, 5, 6, 4, 2]",6f33b907aba6995b292c2f675bee587eba7c92b52971ebfe1d09cb060a800099,,,,,,,,,,,,,,,,,,,,,,,,,,,,
1059.1258833750035,rewiring,right,post_unswap,0.16992833401309326,27,False,False,,,,,,,,,,,,,,,,,,,,,,,,,,,,,,,,,,,,,,,,,,,,,,,,,,,,,,,,,,,,,,,,,,,,,,66,,,,,,,,,,,,,,,,,,50,False,0,4,bond_profile,8,False,1,2024,"(326, 64, 9, 8, 14, 74, 27)",0.0031700830440968275,0.16672783496323973,"[{'seed': 2024, 'score': (326, 64, 9, 8, 14, 74, 27), 'num_layers': 27, 'total_swaps': 74, 'max_layer_swaps': 9, 'swap_only_layers': 14, 'work_layers': 13, 'unitary_layers': 13, 'first_work_layer': 1, 'leading_no_work_layers': 1, 'bond_profile_layers_scored': 8, 'bond_profile_total_cost': 326, 'bond_profile_max_cost': 64, 'bond_profile_gate_count': 9}, {'seed': 3033, 'score': (359, 60, 10, 8, 16, 74, 28), 'num_layers': 28, 'total_swaps': 74, 'max_layer_swaps': 9, 'swap_only_layers': 16, 'work_layers': 12, 'unitary_layers': 12, 'first_work_layer': 1, 'leading_no_work_layers': 1, 'bond_profile_layers_scored': 8, 'bond_profile_total_cost': 359, 'bond_profile_max_cost': 60, 'bond_profile_gate_count': 10}, {'seed': 4042, 'score': (326, 64, 9, 8, 15, 74, 28), 'num_layers': 28, 'total_swaps': 74, 'max_layer_swaps': 9, 'swap_only_layers': 15, 'work_layers': 13, 'unitary_layers': 13, 'first_work_layer': 1, 'leading_no_work_layers': 1, 'bond_profile_layers_scored': 8, 'bond_profile_total_cost': 326, 'bond_profile_max_cost': 64, 'bond_profile_gate_count': 9}, {'seed': 5051, 'score': (371, 60, 11, 8, 16, 74, 27), 'num_layers': 27, 'total_swaps': 74, 'max_layer_swaps': 9, 'swap_only_layers': 16, 'work_layers': 11, 'unitary_layers': 11, 'first_work_layer': 1, 'leading_no_work_layers': 1, 'bond_profile_layers_scored': 8, 'bond_profile_total_cost': 371, 'bond_profile_max_cost': 60, 'bond_profile_gate_count': 11}]",0.169921875,0.17014287499478087,,,,,,,,,,,,,
1059.2318824999966,cycle_progress,,,,,,,,,,,,404,389,793,,,,,,,,,,,,,,,,,,,512,0.0006,,308096,26,,,,,,,,,,,,,136,4,372320,3140,158,40,,,,,,,,,,,,,,,,,,,,,66,,793,808,15,0,False,,,,,,,,,,,,,,,,,,,,,,,,,,0.17014287499478087,,,,,,,,,,,,,
1062.216974082985,unswapping,,,,,,,,,,,,,,,,,,,,,,,,,,,,,,,,,,,,,,,,,,,,,,,,,,136,4,367456,3076,158,40,0,both,0,20,20,1,"[[36, 37]]",1,,,,,0,,,,,,,,,,,,,,,,,,,,,,,,,,,,,,,,,,,,,,,,,,,,,,,,,,,,,
1064.0809944999637,unswapping,,,,,,,,,,,,,,,,,,,,,,,,,,,,,,,,,,,,,,,,,,,,,,,,,,136,4,327800,2830,158,40,0,both,1,19,19,6,"[[3, 4], [9, 10], [19, 20], [21, 22], [31, 32], [33, 34]]",7,,,,,0,,,,,,,,,,,,,,,,,,,,,,,,,,,,,,,,,,,,,,,,,,,,,,,,,,,,,
1064.671749332978,unswapping,,,,,,,,,,,,,,,,,,,,,,,,,,,,,,,,,,,,,,,,,,,,,,,,,,136,4,327800,2830,158,40,0,left,0,20,20,0,[],7,,,,,0,,,,,,,,,,,,,,,,,,,,,,,,,,,,,,,,,,,,,,,,,,,,,,,,,,,,,
1065.5511005829903,unswapping,,,,,,,,,,,,,,,,,,,,,,,,,,,,,,,,,,,,,,,,,,,,,,,,,,136,4,322720,2784,158,40,0,left,1,19,19,4,"[[3, 4], [21, 22], [31, 32], [33, 34]]",11,,,,,8,,,,,,,,,,,,,,,,,,,,,,,,,,,,,,,,,,,,,,,,,,,,,,,,,,,,,
1066.2843555000145,unswapping,,,,,,,,,,,,,,,,,,,,,,,,,,,,,,,,,,,,,,,,,,,,,,,,,,136,4,316864,2732,158,40,0,right,0,20,20,5,"[[4, 5], [10, 11], [12, 13], [20, 21], [32, 33]]",16,,,,,18,,,,,,,,,,,,,,,,,,,,,,,,,,,,,,,,,,,,,,,,,,,,,,,,,,,,,
1067.0741136249853,unswapping,,,,,,,,,,,,,,,,,,,,,,,,,,,,,,,,,,,,,,,,,,,,,,,,,,136,4,308352,2652,158,40,0,right,1,19,19,2,"[[13, 14], [17, 18]]",18,,,,,22,,,,,,,,,,,,,,,,,,,,,,,,,,,,,,,,,,,,,,,,,,,,,,,,,,,,,
1068.2673835000023,unswapping,,,,,,,,,,,,,,,,,,,,,,,,,,,,,,,,,,,,,,,,,,,,,,,,,,136,4,308352,2652,158,40,1,both,0,20,20,0,[],0,,,,,22,,,,,,,,,,,,,,,,,,,,,,,,,,,,,,,,,,,,,,,,,,,,,,,,,,,,,
1069.5470636250102,unswapping,,,,,,,,,,,,,,,,,,,,,,,,,,,,,,,,,,,,,,,,,,,,,,,,,,136,4,308352,2652,158,40,1,both,1,19,19,0,[],0,,,,,22,,,,,,,,,,,,,,,,,,,,,,,,,,,,,,,,,,,,,,,,,,,,,,,,,,,,,
1070.1527845410164,unswapping,,,,,,,,,,,,,,,,,,,,,,,,,,,,,,,,,,,,,,,,,,,,,,,,,,136,4,308352,2652,158,40,1,left,0,20,20,0,[],0,,,,,22,,,,,,,,,,,,,,,,,,,,,,,,,,,,,,,,,,,,,,,,,,,,,,,,,,,,,
1070.7408229580033,unswapping,,,,,,,,,,,,,,,,,,,,,,,,,,,,,,,,,,,,,,,,,,,,,,,,,,136,4,308352,2652,158,40,1,left,1,19,19,0,[],0,,,,,22,,,,,,,,,,,,,,,,,,,,,,,,,,,,,,,,,,,,,,,,,,,,,,,,,,,,,
1071.4336778749712,unswapping,,,,,,,,,,,,,,,,,,,,,,,,,,,,,,,,,,,,,,,,,,,,,,,,,,136,4,308096,2644,158,40,1,right,0,20,20,1,"[[18, 19]]",1,,,,,24,,,,,,,,,,,,,,,,,,,,,,,,,,,,,,,,,,,,,,,,,,,,,,,,,,,,,
1072.0563269999693,unswapping,,,,,,,,,,,,,,,,,,,,,,,,,,,,,,,,,,,,,,,,,,,,,,,,,,136,4,308096,2644,158,40,1,right,1,19,19,0,[],1,,,,,24,,,,,,,,,,,,,,,,,,,,,,,,,,,,,,,,,,,,,,,,,,,,,,,,,,,,,
1073.206355915987,unswapping,,,,,,,,,,,,,,,,,,,,,,,,,,,,,,,,,,,,,,,,,,,,,,,,,,136,4,308096,2644,158,40,2,both,0,20,20,0,[],0,,,,,24,,,,,,,,,,,,,,,,,,,,,,,,,,,,,,,,,,,,,,,,,,,,,,,,,,,,,
1074.4163465409656,unswapping,,,,,,,,,,,,,,,,,,,,,,,,,,,,,,,,,,,,,,,,,,,,,,,,,,136,4,308096,2644,158,40,2,both,1,19,19,0,[],0,,,,,24,,,,,,,,,,,,,,,,,,,,,,,,,,,,,,,,,,,,,,,,,,,,,,,,,,,,,
1074.936286540993,unswapping,,,,,,,,,,,,,,,,,,,,,,,,,,,,,,,,,,,,,,,,,,,,,,,,,,136,4,308096,2644,158,40,2,left,0,20,20,0,[],0,,,,,24,,,,,,,,,,,,,,,,,,,,,,,,,,,,,,,,,,,,,,,,,,,,,,,,,,,,,
1075.5108770409715,unswapping,,,,,,,,,,,,,,,,,,,,,,,,,,,,,,,,,,,,,,,,,,,,,,,,,,136,4,308096,2644,158,40,2,left,1,19,19,0,[],0,,,,,24,,,,,,,,,,,,,,,,,,,,,,,,,,,,,,,,,,,,,,,,,,,,,,,,,,,,,
1076.00810829096,unswapping,,,,,,,,,,,,,,,,,,,,,,,,,,,,,,,,,,,,,,,,,,,,,,,,,,136,4,308096,2644,158,40,2,right,0,20,20,0,[],0,,,,,24,,,,,,,,,,,,,,,,,,,,,,,,,,,,,,,,,,,,,,,,,,,,,,,,,,,,,
1076.5829519580002,unswapping,,,,,,,,,,,,,,,,,,,,,,,,,,,,,,,,,,,,,,,,,,,,,,,,,,136,4,308096,2644,158,40,2,right,1,19,19,0,[],0,,,,,24,,,,,,,,,,,,,,,,,,,,,,,,,,,,,,,,,,,,,,,,,,,,,,,,,,,,,
1078.364281999995,unswap_cycle_summary,,,,,,,,,,,,404,389,793,,,,,,,,,,,,,,,,,,,512,0.0006,,,,,,,,,,,,,,,,136,4,308096,2644,158,40,,,,,,,,,,,,,,,,,,,,,67,16.698152375000063,793,808,15,0,False,True,True,65,0,"[404, 389]","[0, 1, 2, 3, 4, 5, 6, 7, 8, 10, 9, 11, 12, 13, 14, 15, 16, 17, 18, 20, 19, 21, 22, 23, 24, 25, 26, 27, 28, 29, 30, 31, 32, 33, 34, 35, 37, 36, 38, 39]","[0, 1, 2, 4, 5, 3, 6, 7, 8, 10, 11, 9, 13, 14, 12, 15, 16, 18, 20, 17, 22, 19, 21, 23, 24, 25, 26, 27, 28, 29, 30, 32, 34, 31, 33, 35, 37, 36, 38, 39]",,"{'index': 1, 'interactions': [('unitary', (29, 30))]}","[2, 4, 5, 5, 5, 5, 5, 4, 3, 3, 3, 4, 5, 5, 6, 6, 4, 2, 3, 4, 6, 7, 7, 8, 7, 6, 6, 5, 5, 5, 5, 5, 4, 3, 4, 5, 4, 4, 2]",91f42348ef1e761d45d4ac99bd0597b0394b9d86ecb8303235efc44a2d178154,,,,,,,,,,,,,,,,,,,,,,,,,,,,
1078.6012041660142,rewiring,right,post_unswap,0.13797587499720976,29,False,False,,,,,,,,,,,,,,,,,,,,,,,,,,,,,,,,,,,,,,,,,,,,,,,,,,,,,,,,,,,,,,,,,,,,,,67,,,,,,,,,,,,,,,,,,50,False,0,4,bond_profile,8,False,1,5051,"(315, 125, 9, 8, 15, 89, 27)",0.0026784989750012755,0.13527504104422405,"[{'seed': 2024, 'score': (315, 125, 9, 8, 21, 89, 33), 'num_layers': 33, 'total_swaps': 89, 'max_layer_swaps': 9, 'swap_only_layers': 21, 'work_layers': 12, 'unitary_layers': 12, 'first_work_layer': 3, 'leading_no_work_layers': 3, 'bond_profile_layers_scored': 8, 'bond_profile_total_cost': 315, 'bond_profile_max_cost': 125, 'bond_profile_gate_count': 9}, {'seed': 3033, 'score': (327, 136, 11, 8, 18, 90, 29), 'num_layers': 29, 'total_swaps': 90, 'max_layer_swaps': 8, 'swap_only_layers': 18, 'work_layers': 11, 'unitary_layers': 11, 'first_work_layer': 3, 'leading_no_work_layers': 3, 'bond_profile_layers_scored': 8, 'bond_profile_total_cost': 327, 'bond_profile_max_cost': 136, 'bond_profile_gate_count': 11}, {'seed': 4042, 'score': (370, 136, 10, 8, 15, 89, 27), 'num_layers': 27, 'total_swaps': 89, 'max_layer_swaps': 8, 'swap_only_layers': 15, 'work_layers': 12, 'unitary_layers': 12, 'first_work_layer': 3, 'leading_no_work_layers': 3, 'bond_profile_layers_scored': 8, 'bond_profile_total_cost': 370, 'bond_profile_max_cost': 136, 'bond_profile_gate_count': 10}, {'seed': 5051, 'score': (315, 125, 9, 8, 15, 89, 27), 'num_layers': 27, 'total_swaps': 89, 'max_layer_swaps': 9, 'swap_only_layers': 15, 'work_layers': 12, 'unitary_layers': 12, 'first_work_layer': 3, 'leading_no_work_layers': 3, 'bond_profile_layers_scored': 8, 'bond_profile_total_cost': 315, 'bond_profile_max_cost': 125, 'bond_profile_gate_count': 9}]",0.1379710420151241,0.13814408396137878,,,,,,,,,,,,,
1078.699046582973,cycle_progress,,,,,,,,,,,,404,389,793,,,,,,,,,,,,,,,,,,,512,0.0006,,372320,27,,,,,,,,,,,,,136,4,308096,2644,158,40,,,,,,,,,,,,,,,,,,,,,67,,793,808,15,0,False,,,,,,,,,,,,,,,,,,,,,,,,,,0.13814408396137878,,,,,,,,,,,,,
1078.9831985409837,absorbing,,,,,,,R,0,1,0,27,404,389,793,7,0,0,0.0,0.17736170795978978,0.17736170795978978,0.18151341698830947,,323936,,136,False,False,False,False,323936,136,False,512,0.0006,,308096,28,total_elems,,323936,1,1,,,,0.0,,,,136,4,323936,2808,158,40,,,,,,,,,,,,,,,,,,,,,,,,,,,,,,,,,,,,,,,,,,,,,,,,,,,,,,,,,,,,,,,,,,
1079.3546067079878,absorbing,,,,,,,R,0,2,0,27,404,389,793,8,0,0,0.0,0.2443442500079982,0.2443442500079982,0.24460054200608283,,372000,,136,False,False,False,False,372000,136,False,512,0.0006,,308096,28,total_elems,,372000,1,1,,,,0.0,,,,136,4,372000,3132,158,40,,,,,,,,,,,,,,,,,,,,,,,,,,,,,,,,,,,,,,,,,,,,,,,,,,,,,,,,,,,,,,,,,,
1081.7380589999957,unswapping,,,,,,,,,,,,,,,,,,,,,,,,,,,,,,,,,,,,,,,,,,,,,,,,,,136,4,372000,3132,158,40,0,both,0,20,20,0,[],0,,,,,0,,,,,,,,,,,,,,,,,,,,,,,,,,,,,,,,,,,,,,,,,,,,,,,,,,,,,
1083.0867212910089,unswapping,,,,,,,,,,,,,,,,,,,,,,,,,,,,,,,,,,,,,,,,,,,,,,,,,,136,4,372000,3132,158,40,0,both,1,19,19,0,[],0,,,,,0,,,,,,,,,,,,,,,,,,,,,,,,,,,,,,,,,,,,,,,,,,,,,,,,,,,,,
1083.8488999999827,unswapping,,,,,,,,,,,,,,,,,,,,,,,,,,,,,,,,,,,,,,,,,,,,,,,,,,136,4,372000,3132,158,40,0,left,0,20,20,0,[],0,,,,,0,,,,,,,,,,,,,,,,,,,,,,,,,,,,,,,,,,,,,,,,,,,,,,,,,,,,,
1084.4929320829688,unswapping,,,,,,,,,,,,,,,,,,,,,,,,,,,,,,,,,,,,,,,,,,,,,,,,,,136,4,372000,3132,158,40,0,left,1,19,19,0,[],0,,,,,0,,,,,,,,,,,,,,,,,,,,,,,,,,,,,,,,,,,,,,,,,,,,,,,,,,,,,
1085.3105705829803,unswapping,,,,,,,,,,,,,,,,,,,,,,,,,,,,,,,,,,,,,,,,,,,,,,,,,,136,4,372000,3132,158,40,0,right,0,20,20,0,[],0,,,,,0,,,,,,,,,,,,,,,,,,,,,,,,,,,,,,,,,,,,,,,,,,,,,,,,,,,,,
1085.9369492079713,unswapping,,,,,,,,,,,,,,,,,,,,,,,,,,,,,,,,,,,,,,,,,,,,,,,,,,136,4,372000,3132,158,40,0,right,1,19,19,0,[],0,,,,,0,,,,,,,,,,,,,,,,,,,,,,,,,,,,,,,,,,,,,,,,,,,,,,,,,,,,,
1086.5516019999632,unswap_cycle_summary,,,,,,,,,,,,404,389,793,,,,,,,,,,,,,,,,,,,512,0.0006,,,,,,,,,,,,,,,,136,4,372000,3132,158,40,,,,,,,,,,,,,,,,,,,,,68,5.977219083986711,793,808,15,0,False,True,True,66,15,"[404, 389]","[0, 1, 2, 3, 4, 5, 6, 7, 8, 9, 10, 11, 12, 13, 14, 15, 16, 17, 18, 19, 20, 21, 22, 23, 24, 25, 26, 27, 28, 29, 30, 31, 32, 33, 34, 35, 36, 37, 38, 39]","[0, 1, 2, 3, 4, 5, 6, 7, 8, 9, 10, 11, 12, 13, 14, 15, 16, 17, 18, 19, 20, 21, 22, 23, 24, 25, 26, 27, 28, 29, 30, 31, 32, 33, 34, 35, 36, 37, 38, 39]",,"{'index': 3, 'interactions': [('unitary', (29, 30))]}","[2, 4, 5, 6, 5, 5, 5, 4, 3, 4, 4, 4, 5, 6, 6, 6, 4, 4, 4, 6, 6, 7, 7, 8, 7, 6, 6, 5, 5, 5, 5, 6, 5, 5, 4, 5, 6, 4, 2]",6f33b907aba6995b292c2f675bee587eba7c92b52971ebfe1d09cb060a800099,,,,,,,,,,,,,,,,,,,,,,,,,,,,
1086.8129849999677,rewiring,right,post_unswap,0.14062633400317281,27,False,False,,,,,,,,,,,,,,,,,,,,,,,,,,,,,,,,,,,,,,,,,,,,,,,,,,,,,,,,,,,,,,,,,,,,,,68,,,,,,,,,,,,,,,,,,50,False,0,4,bond_profile,8,False,1,2024,"(322, 64, 9, 8, 14, 74, 27)",0.002723915968090296,0.1378794169286266,"[{'seed': 2024, 'score': (322, 64, 9, 8, 14, 74, 27), 'num_layers': 27, 'total_swaps': 74, 'max_layer_swaps': 9, 'swap_only_layers': 14, 'work_layers': 13, 'unitary_layers': 13, 'first_work_layer': 1, 'leading_no_work_layers': 1, 'bond_profile_layers_scored': 8, 'bond_profile_total_cost': 322, 'bond_profile_max_cost': 64, 'bond_profile_gate_count': 9}, {'seed': 3033, 'score': (355, 60, 10, 8, 16, 74, 28), 'num_layers': 28, 'total_swaps': 74, 'max_layer_swaps': 9, 'swap_only_layers': 16, 'work_layers': 12, 'unitary_layers': 12, 'first_work_layer': 1, 'leading_no_work_layers': 1, 'bond_profile_layers_scored': 8, 'bond_profile_total_cost': 355, 'bond_profile_max_cost': 60, 'bond_profile_gate_count': 10}, {'seed': 4042, 'score': (322, 64, 9, 8, 15, 74, 28), 'num_layers': 28, 'total_swaps': 74, 'max_layer_swaps': 9, 'swap_only_layers': 15, 'work_layers': 13, 'unitary_layers': 13, 'first_work_layer': 1, 'leading_no_work_layers': 1, 'bond_profile_layers_scored': 8, 'bond_profile_total_cost': 322, 'bond_profile_max_cost': 64, 'bond_profile_gate_count': 9}, {'seed': 5051, 'score': (367, 60, 11, 8, 16, 74, 27), 'num_layers': 27, 'total_swaps': 74, 'max_layer_swaps': 9, 'swap_only_layers': 16, 'work_layers': 11, 'unitary_layers': 11, 'first_work_layer': 1, 'leading_no_work_layers': 1, 'bond_profile_layers_scored': 8, 'bond_profile_total_cost': 367, 'bond_profile_max_cost': 60, 'bond_profile_gate_count': 11}]",0.1406210419954732,0.14083299995400012,,,,,,,,,,,,,
1086.9140647500171,cycle_progress,,,,,,,,,,,,404,389,793,,,,,,,,,,,,,,,,,,,512,0.0006,,308096,28,,,,,,,,,,,,,136,4,372000,3132,158,40,,,,,,,,,,,,,,,,,,,,,68,,793,808,15,0,False,,,,,,,,,,,,,,,,,,,,,,,,,,0.14083299995400012,,,,,,,,,,,,,
1089.7190809159656,unswapping,,,,,,,,,,,,,,,,,,,,,,,,,,,,,,,,,,,,,,,,,,,,,,,,,,136,4,367136,3068,158,40,0,both,0,20,20,1,"[[36, 37]]",1,,,,,0,,,,,,,,,,,,,,,,,,,,,,,,,,,,,,,,,,,,,,,,,,,,,,,,,,,,,
1091.555981915968,unswapping,,,,,,,,,,,,,,,,,,,,,,,,,,,,,,,,,,,,,,,,,,,,,,,,,,136,4,327800,2830,158,40,0,both,1,19,19,6,"[[3, 4], [9, 10], [19, 20], [21, 22], [31, 32], [33, 34]]",7,,,,,0,,,,,,,,,,,,,,,,,,,,,,,,,,,,,,,,,,,,,,,,,,,,,,,,,,,,,
1092.1215353750158,unswapping,,,,,,,,,,,,,,,,,,,,,,,,,,,,,,,,,,,,,,,,,,,,,,,,,,136,4,327800,2830,158,40,0,left,0,20,20,0,[],7,,,,,0,,,,,,,,,,,,,,,,,,,,,,,,,,,,,,,,,,,,,,,,,,,,,,,,,,,,,
1092.9594162499998,unswapping,,,,,,,,,,,,,,,,,,,,,,,,,,,,,,,,,,,,,,,,,,,,,,,,,,136,4,322720,2784,158,40,0,left,1,19,19,4,"[[3, 4], [21, 22], [31, 32], [33, 34]]",11,,,,,8,,,,,,,,,,,,,,,,,,,,,,,,,,,,,,,,,,,,,,,,,,,,,,,,,,,,,
1093.667290707992,unswapping,,,,,,,,,,,,,,,,,,,,,,,,,,,,,,,,,,,,,,,,,,,,,,,,,,136,4,316864,2732,158,40,0,right,0,20,20,5,"[[4, 5], [10, 11], [12, 13], [20, 21], [32, 33]]",16,,,,,18,,,,,,,,,,,,,,,,,,,,,,,,,,,,,,,,,,,,,,,,,,,,,,,,,,,,,
1094.4040853749611,unswapping,,,,,,,,,,,,,,,,,,,,,,,,,,,,,,,,,,,,,,,,,,,,,,,,,,136,4,308352,2652,158,40,0,right,1,19,19,2,"[[13, 14], [17, 18]]",18,,,,,22,,,,,,,,,,,,,,,,,,,,,,,,,,,,,,,,,,,,,,,,,,,,,,,,,,,,,
1095.5062409579987,unswapping,,,,,,,,,,,,,,,,,,,,,,,,,,,,,,,,,,,,,,,,,,,,,,,,,,136,4,308352,2652,158,40,1,both,0,20,20,0,[],0,,,,,22,,,,,,,,,,,,,,,,,,,,,,,,,,,,,,,,,,,,,,,,,,,,,,,,,,,,,
1096.7864335409831,unswapping,,,,,,,,,,,,,,,,,,,,,,,,,,,,,,,,,,,,,,,,,,,,,,,,,,136,4,308352,2652,158,40,1,both,1,19,19,0,[],0,,,,,22,,,,,,,,,,,,,,,,,,,,,,,,,,,,,,,,,,,,,,,,,,,,,,,,,,,,,
1097.3644585409784,unswapping,,,,,,,,,,,,,,,,,,,,,,,,,,,,,,,,,,,,,,,,,,,,,,,,,,136,4,308352,2652,158,40,1,left,0,20,20,0,[],0,,,,,22,,,,,,,,,,,,,,,,,,,,,,,,,,,,,,,,,,,,,,,,,,,,,,,,,,,,,
1097.9849202079931,unswapping,,,,,,,,,,,,,,,,,,,,,,,,,,,,,,,,,,,,,,,,,,,,,,,,,,136,4,308352,2652,158,40,1,left,1,19,19,0,[],0,,,,,22,,,,,,,,,,,,,,,,,,,,,,,,,,,,,,,,,,,,,,,,,,,,,,,,,,,,,
1098.7063634580118,unswapping,,,,,,,,,,,,,,,,,,,,,,,,,,,,,,,,,,,,,,,,,,,,,,,,,,136,4,308096,2644,158,40,1,right,0,20,20,1,"[[18, 19]]",1,,,,,24,,,,,,,,,,,,,,,,,,,,,,,,,,,,,,,,,,,,,,,,,,,,,,,,,,,,,
1099.346085499972,unswapping,,,,,,,,,,,,,,,,,,,,,,,,,,,,,,,,,,,,,,,,,,,,,,,,,,136,4,308096,2644,158,40,1,right,1,19,19,0,[],1,,,,,24,,,,,,,,,,,,,,,,,,,,,,,,,,,,,,,,,,,,,,,,,,,,,,,,,,,,,
1100.5833533330006,unswapping,,,,,,,,,,,,,,,,,,,,,,,,,,,,,,,,,,,,,,,,,,,,,,,,,,136,4,308096,2644,158,40,2,both,0,20,20,0,[],0,,,,,24,,,,,,,,,,,,,,,,,,,,,,,,,,,,,,,,,,,,,,,,,,,,,,,,,,,,,
1101.902746125008,unswapping,,,,,,,,,,,,,,,,,,,,,,,,,,,,,,,,,,,,,,,,,,,,,,,,,,136,4,308096,2644,158,40,2,both,1,19,19,0,[],0,,,,,24,,,,,,,,,,,,,,,,,,,,,,,,,,,,,,,,,,,,,,,,,,,,,,,,,,,,,
1102.440052082995,unswapping,,,,,,,,,,,,,,,,,,,,,,,,,,,,,,,,,,,,,,,,,,,,,,,,,,136,4,308096,2644,158,40,2,left,0,20,20,0,[],0,,,,,24,,,,,,,,,,,,,,,,,,,,,,,,,,,,,,,,,,,,,,,,,,,,,,,,,,,,,
1103.0500574999605,unswapping,,,,,,,,,,,,,,,,,,,,,,,,,,,,,,,,,,,,,,,,,,,,,,,,,,136,4,308096,2644,158,40,2,left,1,19,19,0,[],0,,,,,24,,,,,,,,,,,,,,,,,,,,,,,,,,,,,,,,,,,,,,,,,,,,,,,,,,,,,
1103.5841767080128,unswapping,,,,,,,,,,,,,,,,,,,,,,,,,,,,,,,,,,,,,,,,,,,,,,,,,,136,4,308096,2644,158,40,2,right,0,20,20,0,[],0,,,,,24,,,,,,,,,,,,,,,,,,,,,,,,,,,,,,,,,,,,,,,,,,,,,,,,,,,,,
1104.1990299999597,unswapping,,,,,,,,,,,,,,,,,,,,,,,,,,,,,,,,,,,,,,,,,,,,,,,,,,136,4,308096,2644,158,40,2,right,1,19,19,0,[],0,,,,,24,,,,,,,,,,,,,,,,,,,,,,,,,,,,,,,,,,,,,,,,,,,,,,,,,,,,,
1106.0670734579908,unswap_cycle_summary,,,,,,,,,,,,404,389,793,,,,,,,,,,,,,,,,,,,512,0.0006,,,,,,,,,,,,,,,,136,4,308096,2644,158,40,,,,,,,,,,,,,,,,,,,,,69,16.69609808298992,793,808,15,0,False,True,True,67,0,"[404, 389]","[0, 1, 2, 3, 4, 5, 6, 7, 8, 10, 9, 11, 12, 13, 14, 15, 16, 17, 18, 20, 19, 21, 22, 23, 24, 25, 26, 27, 28, 29, 30, 31, 32, 33, 34, 35, 37, 36, 38, 39]","[0, 1, 2, 4, 5, 3, 6, 7, 8, 10, 11, 9, 13, 14, 12, 15, 16, 18, 20, 17, 22, 19, 21, 23, 24, 25, 26, 27, 28, 29, 30, 32, 34, 31, 33, 35, 37, 36, 38, 39]",,"{'index': 1, 'interactions': [('unitary', (29, 30))]}","[2, 4, 5, 5, 5, 5, 5, 4, 3, 3, 3, 4, 5, 5, 6, 6, 4, 2, 3, 4, 6, 7, 7, 8, 7, 6, 6, 5, 5, 5, 5, 5, 4, 3, 4, 5, 4, 4, 2]",91f42348ef1e761d45d4ac99bd0597b0394b9d86ecb8303235efc44a2d178154,,,,,,,,,,,,,,,,,,,,,,,,,,,,
1106.3240143749863,rewiring,right,post_unswap,0.1480219590011984,29,False,False,,,,,,,,,,,,,,,,,,,,,,,,,,,,,,,,,,,,,,,,,,,,,,,,,,,,,,,,,,,,,,,,,,,,,,69,,,,,,,,,,,,,,,,,,50,False,0,4,bond_profile,8,False,1,5051,"(315, 125, 9, 8, 15, 89, 27)",0.002767000056337565,0.1452306670253165,"[{'seed': 2024, 'score': (315, 125, 9, 8, 21, 89, 33), 'num_layers': 33, 'total_swaps': 89, 'max_layer_swaps': 9, 'swap_only_layers': 21, 'work_layers': 12, 'unitary_layers': 12, 'first_work_layer': 3, 'leading_no_work_layers': 3, 'bond_profile_layers_scored': 8, 'bond_profile_total_cost': 315, 'bond_profile_max_cost': 125, 'bond_profile_gate_count': 9}, {'seed': 3033, 'score': (327, 136, 11, 8, 18, 90, 29), 'num_layers': 29, 'total_swaps': 90, 'max_layer_swaps': 8, 'swap_only_layers': 18, 'work_layers': 11, 'unitary_layers': 11, 'first_work_layer': 3, 'leading_no_work_layers': 3, 'bond_profile_layers_scored': 8, 'bond_profile_total_cost': 327, 'bond_profile_max_cost': 136, 'bond_profile_gate_count': 11}, {'seed': 4042, 'score': (370, 136, 10, 8, 15, 89, 27), 'num_layers': 27, 'total_swaps': 89, 'max_layer_swaps': 8, 'swap_only_layers': 15, 'work_layers': 12, 'unitary_layers': 12, 'first_work_layer': 3, 'leading_no_work_layers': 3, 'bond_profile_layers_scored': 8, 'bond_profile_total_cost': 370, 'bond_profile_max_cost': 136, 'bond_profile_gate_count': 10}, {'seed': 5051, 'score': (315, 125, 9, 8, 15, 89, 27), 'num_layers': 27, 'total_swaps': 89, 'max_layer_swaps': 9, 'swap_only_layers': 15, 'work_layers': 12, 'unitary_layers': 12, 'first_work_layer': 3, 'leading_no_work_layers': 3, 'bond_profile_layers_scored': 8, 'bond_profile_total_cost': 315, 'bond_profile_max_cost': 125, 'bond_profile_gate_count': 9}]",0.14801591698778793,0.14824099995894358,,,,,,,,,,,,,
1106.4265803750022,cycle_progress,,,,,,,,,,,,404,389,793,,,,,,,,,,,,,,,,,,,512,0.0006,,372000,29,,,,,,,,,,,,,136,4,308096,2644,158,40,,,,,,,,,,,,,,,,,,,,,69,,793,808,15,0,False,,,,,,,,,,,,,,,,,,,,,,,,,,0.14824099995894358,,,,,,,,,,,,,
1106.7552060830058,absorbing,,,,,,,R,0,1,0,27,404,389,793,7,0,0,0.0,0.2154594169696793,0.2154594169696793,0.21811933297431096,,323936,,136,False,False,False,False,323936,136,False,512,0.0006,,308096,30,total_elems,,323936,1,1,,,,0.0,,,,136,4,323936,2808,158,40,,,,,,,,,,,,,,,,,,,,,,,,,,,,,,,,,,,,,,,,,,,,,,,,,,,,,,,,,,,,,,,,,,
1107.118994749966,absorbing,,,,,,,R,0,2,0,27,404,389,793,8,0,0,0.0,0.255300291988533,0.255300291988533,0.2554989589843899,,372320,,136,False,False,False,False,372320,136,False,512,0.0006,,308096,30,total_elems,,372320,1,1,,,,0.0,,,,136,4,372320,3140,158,40,,,,,,,,,,,,,,,,,,,,,,,,,,,,,,,,,,,,,,,,,,,,,,,,,,,,,,,,,,,,,,,,,,
1109.4070855000173,unswapping,,,,,,,,,,,,,,,,,,,,,,,,,,,,,,,,,,,,,,,,,,,,,,,,,,136,4,372320,3140,158,40,0,both,0,20,20,0,[],0,,,,,0,,,,,,,,,,,,,,,,,,,,,,,,,,,,,,,,,,,,,,,,,,,,,,,,,,,,,
1110.6825946249883,unswapping,,,,,,,,,,,,,,,,,,,,,,,,,,,,,,,,,,,,,,,,,,,,,,,,,,136,4,372320,3140,158,40,0,both,1,19,19,0,[],0,,,,,0,,,,,,,,,,,,,,,,,,,,,,,,,,,,,,,,,,,,,,,,,,,,,,,,,,,,,
1111.4597052499885,unswapping,,,,,,,,,,,,,,,,,,,,,,,,,,,,,,,,,,,,,,,,,,,,,,,,,,136,4,372320,3140,158,40,0,left,0,20,20,0,[],0,,,,,0,,,,,,,,,,,,,,,,,,,,,,,,,,,,,,,,,,,,,,,,,,,,,,,,,,,,,
1112.0813696659752,unswapping,,,,,,,,,,,,,,,,,,,,,,,,,,,,,,,,,,,,,,,,,,,,,,,,,,136,4,372320,3140,158,40,0,left,1,19,19,0,[],0,,,,,0,,,,,,,,,,,,,,,,,,,,,,,,,,,,,,,,,,,,,,,,,,,,,,,,,,,,,
1112.86285949999,unswapping,,,,,,,,,,,,,,,,,,,,,,,,,,,,,,,,,,,,,,,,,,,,,,,,,,136,4,372320,3140,158,40,0,right,0,20,20,0,[],0,,,,,0,,,,,,,,,,,,,,,,,,,,,,,,,,,,,,,,,,,,,,,,,,,,,,,,,,,,,
1113.5448681659764,unswapping,,,,,,,,,,,,,,,,,,,,,,,,,,,,,,,,,,,,,,,,,,,,,,,,,,136,4,372320,3140,158,40,0,right,1,19,19,0,[],0,,,,,0,,,,,,,,,,,,,,,,,,,,,,,,,,,,,,,,,,,,,,,,,,,,,,,,,,,,,
1114.1677697079722,unswap_cycle_summary,,,,,,,,,,,,404,389,793,,,,,,,,,,,,,,,,,,,512,0.0006,,,,,,,,,,,,,,,,136,4,372320,3140,158,40,,,,,,,,,,,,,,,,,,,,,70,5.836183125036769,793,808,15,0,False,True,True,68,15,"[404, 389]","[0, 1, 2, 3, 4, 5, 6, 7, 8, 9, 10, 11, 12, 13, 14, 15, 16, 17, 18, 19, 20, 21, 22, 23, 24, 25, 26, 27, 28, 29, 30, 31, 32, 33, 34, 35, 36, 37, 38, 39]","[0, 1, 2, 3, 4, 5, 6, 7, 8, 9, 10, 11, 12, 13, 14, 15, 16, 17, 18, 19, 20, 21, 22, 23, 24, 25, 26, 27, 28, 29, 30, 31, 32, 33, 34, 35, 36, 37, 38, 39]",,"{'index': 3, 'interactions': [('unitary', (29, 30))]}","[2, 4, 5, 6, 5, 5, 5, 4, 3, 4, 4, 4, 5, 6, 6, 6, 4, 4, 4, 6, 6, 7, 7, 8, 7, 6, 6, 5, 5, 5, 5, 6, 5, 5, 4, 5, 6, 4, 2]",6f33b907aba6995b292c2f675bee587eba7c92b52971ebfe1d09cb060a800099,,,,,,,,,,,,,,,,,,,,,,,,,,,,
1114.457610832993,rewiring,right,post_unswap,0.18475462502101436,27,False,False,,,,,,,,,,,,,,,,,,,,,,,,,,,,,,,,,,,,,,,,,,,,,,,,,,,,,,,,,,,,,,,,,,,,,,70,,,,,,,,,,,,,,,,,,50,False,0,4,bond_profile,8,False,1,2024,"(326, 64, 9, 8, 14, 74, 27)",0.0030862900894135237,0.18163349910173565,"[{'seed': 2024, 'score': (326, 64, 9, 8, 14, 74, 27), 'num_layers': 27, 'total_swaps': 74, 'max_layer_swaps': 9, 'swap_only_layers': 14, 'work_layers': 13, 'unitary_layers': 13, 'first_work_layer': 1, 'leading_no_work_layers': 1, 'bond_profile_layers_scored': 8, 'bond_profile_total_cost': 326, 'bond_profile_max_cost': 64, 'bond_profile_gate_count': 9}, {'seed': 3033, 'score': (359, 60, 10, 8, 16, 74, 28), 'num_layers': 28, 'total_swaps': 74, 'max_layer_swaps': 9, 'swap_only_layers': 16, 'work_layers': 12, 'unitary_layers': 12, 'first_work_layer': 1, 'leading_no_work_layers': 1, 'bond_profile_layers_scored': 8, 'bond_profile_total_cost': 359, 'bond_profile_max_cost': 60, 'bond_profile_gate_count': 10}, {'seed': 4042, 'score': (326, 64, 9, 8, 15, 74, 28), 'num_layers': 28, 'total_swaps': 74, 'max_layer_swaps': 9, 'swap_only_layers': 15, 'work_layers': 13, 'unitary_layers': 13, 'first_work_layer': 1, 'leading_no_work_layers': 1, 'bond_profile_layers_scored': 8, 'bond_profile_total_cost': 326, 'bond_profile_max_cost': 64, 'bond_profile_gate_count': 9}, {'seed': 5051, 'score': (371, 60, 11, 8, 16, 74, 27), 'num_layers': 27, 'total_swaps': 74, 'max_layer_swaps': 9, 'swap_only_layers': 16, 'work_layers': 11, 'unitary_layers': 11, 'first_work_layer': 1, 'leading_no_work_layers': 1, 'bond_profile_layers_scored': 8, 'bond_profile_total_cost': 371, 'bond_profile_max_cost': 60, 'bond_profile_gate_count': 11}]",0.18474687496200204,0.18502137495670468,,,,,,,,,,,,,
1114.5631370409974,cycle_progress,,,,,,,,,,,,404,389,793,,,,,,,,,,,,,,,,,,,512,0.0006,,308096,30,,,,,,,,,,,,,136,4,372320,3140,158,40,,,,,,,,,,,,,,,,,,,,,70,,793,808,15,0,False,,,,,,,,,,,,,,,,,,,,,,,,,,0.18502137495670468,,,,,,,,,,,,,
1117.277172415983,unswapping,,,,,,,,,,,,,,,,,,,,,,,,,,,,,,,,,,,,,,,,,,,,,,,,,,136,4,367456,3076,158,40,0,both,0,20,20,1,"[[36, 37]]",1,,,,,0,,,,,,,,,,,,,,,,,,,,,,,,,,,,,,,,,,,,,,,,,,,,,,,,,,,,,
1119.0790291249868,unswapping,,,,,,,,,,,,,,,,,,,,,,,,,,,,,,,,,,,,,,,,,,,,,,,,,,136,4,327800,2830,158,40,0,both,1,19,19,6,"[[3, 4], [9, 10], [19, 20], [21, 22], [31, 32], [33, 34]]",7,,,,,0,,,,,,,,,,,,,,,,,,,,,,,,,,,,,,,,,,,,,,,,,,,,,,,,,,,,,
1119.634205832961,unswapping,,,,,,,,,,,,,,,,,,,,,,,,,,,,,,,,,,,,,,,,,,,,,,,,,,136,4,327800,2830,158,40,0,left,0,20,20,0,[],7,,,,,0,,,,,,,,,,,,,,,,,,,,,,,,,,,,,,,,,,,,,,,,,,,,,,,,,,,,,
1120.47272445797,unswapping,,,,,,,,,,,,,,,,,,,,,,,,,,,,,,,,,,,,,,,,,,,,,,,,,,136,4,322720,2784,158,40,0,left,1,19,19,4,"[[3, 4], [21, 22], [31, 32], [33, 34]]",11,,,,,8,,,,,,,,,,,,,,,,,,,,,,,,,,,,,,,,,,,,,,,,,,,,,,,,,,,,,
1121.1675537499832,unswapping,,,,,,,,,,,,,,,,,,,,,,,,,,,,,,,,,,,,,,,,,,,,,,,,,,136,4,316864,2732,158,40,0,right,0,20,20,5,"[[4, 5], [10, 11], [12, 13], [20, 21], [32, 33]]",16,,,,,18,,,,,,,,,,,,,,,,,,,,,,,,,,,,,,,,,,,,,,,,,,,,,,,,,,,,,
1121.9289582910133,unswapping,,,,,,,,,,,,,,,,,,,,,,,,,,,,,,,,,,,,,,,,,,,,,,,,,,136,4,308352,2652,158,40,0,right,1,19,19,2,"[[13, 14], [17, 18]]",18,,,,,22,,,,,,,,,,,,,,,,,,,,,,,,,,,,,,,,,,,,,,,,,,,,,,,,,,,,,
1123.0967613749672,unswapping,,,,,,,,,,,,,,,,,,,,,,,,,,,,,,,,,,,,,,,,,,,,,,,,,,136,4,308352,2652,158,40,1,both,0,20,20,0,[],0,,,,,22,,,,,,,,,,,,,,,,,,,,,,,,,,,,,,,,,,,,,,,,,,,,,,,,,,,,,
1124.3117197909742,unswapping,,,,,,,,,,,,,,,,,,,,,,,,,,,,,,,,,,,,,,,,,,,,,,,,,,136,4,308352,2652,158,40,1,both,1,19,19,0,[],0,,,,,22,,,,,,,,,,,,,,,,,,,,,,,,,,,,,,,,,,,,,,,,,,,,,,,,,,,,,
1124.8550522910082,unswapping,,,,,,,,,,,,,,,,,,,,,,,,,,,,,,,,,,,,,,,,,,,,,,,,,,136,4,308352,2652,158,40,1,left,0,20,20,0,[],0,,,,,22,,,,,,,,,,,,,,,,,,,,,,,,,,,,,,,,,,,,,,,,,,,,,,,,,,,,,
1125.419468915963,unswapping,,,,,,,,,,,,,,,,,,,,,,,,,,,,,,,,,,,,,,,,,,,,,,,,,,136,4,308352,2652,158,40,1,left,1,19,19,0,[],0,,,,,22,,,,,,,,,,,,,,,,,,,,,,,,,,,,,,,,,,,,,,,,,,,,,,,,,,,,,
1126.06351800001,unswapping,,,,,,,,,,,,,,,,,,,,,,,,,,,,,,,,,,,,,,,,,,,,,,,,,,136,4,308096,2644,158,40,1,right,0,20,20,1,"[[18, 19]]",1,,,,,24,,,,,,,,,,,,,,,,,,,,,,,,,,,,,,,,,,,,,,,,,,,,,,,,,,,,,
1126.6638079580152,unswapping,,,,,,,,,,,,,,,,,,,,,,,,,,,,,,,,,,,,,,,,,,,,,,,,,,136,4,308096,2644,158,40,1,right,1,19,19,0,[],1,,,,,24,,,,,,,,,,,,,,,,,,,,,,,,,,,,,,,,,,,,,,,,,,,,,,,,,,,,,
1127.7752585830167,unswapping,,,,,,,,,,,,,,,,,,,,,,,,,,,,,,,,,,,,,,,,,,,,,,,,,,136,4,308096,2644,158,40,2,both,0,20,20,0,[],0,,,,,24,,,,,,,,,,,,,,,,,,,,,,,,,,,,,,,,,,,,,,,,,,,,,,,,,,,,,
1129.0087887080153,unswapping,,,,,,,,,,,,,,,,,,,,,,,,,,,,,,,,,,,,,,,,,,,,,,,,,,136,4,308096,2644,158,40,2,both,1,19,19,0,[],0,,,,,24,,,,,,,,,,,,,,,,,,,,,,,,,,,,,,,,,,,,,,,,,,,,,,,,,,,,,
1129.5147624160163,unswapping,,,,,,,,,,,,,,,,,,,,,,,,,,,,,,,,,,,,,,,,,,,,,,,,,,136,4,308096,2644,158,40,2,left,0,20,20,0,[],0,,,,,24,,,,,,,,,,,,,,,,,,,,,,,,,,,,,,,,,,,,,,,,,,,,,,,,,,,,,
1130.0673141250154,unswapping,,,,,,,,,,,,,,,,,,,,,,,,,,,,,,,,,,,,,,,,,,,,,,,,,,136,4,308096,2644,158,40,2,left,1,19,19,0,[],0,,,,,24,,,,,,,,,,,,,,,,,,,,,,,,,,,,,,,,,,,,,,,,,,,,,,,,,,,,,
1130.5506180410157,unswapping,,,,,,,,,,,,,,,,,,,,,,,,,,,,,,,,,,,,,,,,,,,,,,,,,,136,4,308096,2644,158,40,2,right,0,20,20,0,[],0,,,,,24,,,,,,,,,,,,,,,,,,,,,,,,,,,,,,,,,,,,,,,,,,,,,,,,,,,,,
1131.1289322079974,unswapping,,,,,,,,,,,,,,,,,,,,,,,,,,,,,,,,,,,,,,,,,,,,,,,,,,136,4,308096,2644,158,40,2,right,1,19,19,0,[],0,,,,,24,,,,,,,,,,,,,,,,,,,,,,,,,,,,,,,,,,,,,,,,,,,,,,,,,,,,,
1133.0491114580072,unswap_cycle_summary,,,,,,,,,,,,404,389,793,,,,,,,,,,,,,,,,,,,512,0.0006,,,,,,,,,,,,,,,,136,4,308096,2644,158,40,,,,,,,,,,,,,,,,,,,,,71,15.95735937502468,793,808,15,0,False,True,True,69,0,"[404, 389]","[0, 1, 2, 3, 4, 5, 6, 7, 8, 10, 9, 11, 12, 13, 14, 15, 16, 17, 18, 20, 19, 21, 22, 23, 24, 25, 26, 27, 28, 29, 30, 31, 32, 33, 34, 35, 37, 36, 38, 39]","[0, 1, 2, 4, 5, 3, 6, 7, 8, 10, 11, 9, 13, 14, 12, 15, 16, 18, 20, 17, 22, 19, 21, 23, 24, 25, 26, 27, 28, 29, 30, 32, 34, 31, 33, 35, 37, 36, 38, 39]",,"{'index': 1, 'interactions': [('unitary', (29, 30))]}","[2, 4, 5, 5, 5, 5, 5, 4, 3, 3, 3, 4, 5, 5, 6, 6, 4, 2, 3, 4, 6, 7, 7, 8, 7, 6, 6, 5, 5, 5, 5, 5, 4, 3, 4, 5, 4, 4, 2]",91f42348ef1e761d45d4ac99bd0597b0394b9d86ecb8303235efc44a2d178154,,,,,,,,,,,,,,,,,,,,,,,,,,,,
1133.2976557500078,rewiring,right,post_unswap,0.1365422080270946,29,False,False,,,,,,,,,,,,,,,,,,,,,,,,,,,,,,,,,,,,,,,,,,,,,,,,,,,,,,,,,,,,,,,,,,,,,,71,,,,,,,,,,,,,,,,,,50,False,0,4,bond_profile,8,False,1,5051,"(315, 125, 9, 8, 15, 89, 27)",0.002638248959556222,0.13388166698860005,"[{'seed': 2024, 'score': (315, 125, 9, 8, 21, 89, 33), 'num_layers': 33, 'total_swaps': 89, 'max_layer_swaps': 9, 'swap_only_layers': 21, 'work_layers': 12, 'unitary_layers': 12, 'first_work_layer': 3, 'leading_no_work_layers': 3, 'bond_profile_layers_scored': 8, 'bond_profile_total_cost': 315, 'bond_profile_max_cost': 125, 'bond_profile_gate_count': 9}, {'seed': 3033, 'score': (327, 136, 11, 8, 18, 90, 29), 'num_layers': 29, 'total_swaps': 90, 'max_layer_swaps': 8, 'swap_only_layers': 18, 'work_layers': 11, 'unitary_layers': 11, 'first_work_layer': 3, 'leading_no_work_layers': 3, 'bond_profile_layers_scored': 8, 'bond_profile_total_cost': 327, 'bond_profile_max_cost': 136, 'bond_profile_gate_count': 11}, {'seed': 4042, 'score': (370, 136, 10, 8, 15, 89, 27), 'num_layers': 27, 'total_swaps': 89, 'max_layer_swaps': 8, 'swap_only_layers': 15, 'work_layers': 12, 'unitary_layers': 12, 'first_work_layer': 3, 'leading_no_work_layers': 3, 'bond_profile_layers_scored': 8, 'bond_profile_total_cost': 370, 'bond_profile_max_cost': 136, 'bond_profile_gate_count': 10}, {'seed': 5051, 'score': (315, 125, 9, 8, 15, 89, 27), 'num_layers': 27, 'total_swaps': 89, 'max_layer_swaps': 9, 'swap_only_layers': 15, 'work_layers': 12, 'unitary_layers': 12, 'first_work_layer': 3, 'leading_no_work_layers': 3, 'bond_profile_layers_scored': 8, 'bond_profile_total_cost': 315, 'bond_profile_max_cost': 125, 'bond_profile_gate_count': 9}]",0.13653691596118733,0.13671095797326416,,,,,,,,,,,,,
1133.404498082993,cycle_progress,,,,,,,,,,,,404,389,793,,,,,,,,,,,,,,,,,,,512,0.0006,,372320,31,,,,,,,,,,,,,136,4,308096,2644,158,40,,,,,,,,,,,,,,,,,,,,,71,,793,808,15,0,False,,,,,,,,,,,,,,,,,,,,,,,,,,0.13671095797326416,,,,,,,,,,,,,
1133.7151357909897,absorbing,,,,,,,R,0,1,0,27,404,389,793,7,0,0,0.0,0.19598125002812594,0.19598125002812594,0.1979849159833975,,323936,,136,False,False,False,False,323936,136,False,512,0.0006,,308096,32,total_elems,,323936,1,1,,,,0.0,,,,136,4,323936,2808,158,40,,,,,,,,,,,,,,,,,,,,,,,,,,,,,,,,,,,,,,,,,,,,,,,,,,,,,,,,,,,,,,,,,,
1134.083890583017,absorbing,,,,,,,R,0,2,0,27,404,389,793,8,0,0,0.0,0.2556531250011176,0.2556531250011176,0.25586758297868073,,372000,,136,False,False,False,False,372000,136,False,512,0.0006,,308096,32,total_elems,,372000,1,1,,,,0.0,,,,136,4,372000,3132,158,40,,,,,,,,,,,,,,,,,,,,,,,,,,,,,,,,,,,,,,,,,,,,,,,,,,,,,,,,,,,,,,,,,,
1136.642593291006,unswapping,,,,,,,,,,,,,,,,,,,,,,,,,,,,,,,,,,,,,,,,,,,,,,,,,,136,4,372000,3132,158,40,0,both,0,20,20,0,[],0,,,,,0,,,,,,,,,,,,,,,,,,,,,,,,,,,,,,,,,,,,,,,,,,,,,,,,,,,,,
1138.020320874988,unswapping,,,,,,,,,,,,,,,,,,,,,,,,,,,,,,,,,,,,,,,,,,,,,,,,,,136,4,372000,3132,158,40,0,both,1,19,19,0,[],0,,,,,0,,,,,,,,,,,,,,,,,,,,,,,,,,,,,,,,,,,,,,,,,,,,,,,,,,,,,
1138.8245082499925,unswapping,,,,,,,,,,,,,,,,,,,,,,,,,,,,,,,,,,,,,,,,,,,,,,,,,,136,4,372000,3132,158,40,0,left,0,20,20,0,[],0,,,,,0,,,,,,,,,,,,,,,,,,,,,,,,,,,,,,,,,,,,,,,,,,,,,,,,,,,,,
1139.5040115409647,unswapping,,,,,,,,,,,,,,,,,,,,,,,,,,,,,,,,,,,,,,,,,,,,,,,,,,136,4,372000,3132,158,40,0,left,1,19,19,0,[],0,,,,,0,,,,,,,,,,,,,,,,,,,,,,,,,,,,,,,,,,,,,,,,,,,,,,,,,,,,,
1140.3304104160052,unswapping,,,,,,,,,,,,,,,,,,,,,,,,,,,,,,,,,,,,,,,,,,,,,,,,,,136,4,372000,3132,158,40,0,right,0,20,20,0,[],0,,,,,0,,,,,,,,,,,,,,,,,,,,,,,,,,,,,,,,,,,,,,,,,,,,,,,,,,,,,
1140.9898412909824,unswapping,,,,,,,,,,,,,,,,,,,,,,,,,,,,,,,,,,,,,,,,,,,,,,,,,,136,4,372000,3132,158,40,0,right,1,19,19,0,[],0,,,,,0,,,,,,,,,,,,,,,,,,,,,,,,,,,,,,,,,,,,,,,,,,,,,,,,,,,,,
1141.632808541006,unswap_cycle_summary,,,,,,,,,,,,404,389,793,,,,,,,,,,,,,,,,,,,512,0.0006,,,,,,,,,,,,,,,,136,4,372000,3132,158,40,,,,,,,,,,,,,,,,,,,,,72,6.266738583042752,793,808,15,0,False,True,True,70,15,"[404, 389]","[0, 1, 2, 3, 4, 5, 6, 7, 8, 9, 10, 11, 12, 13, 14, 15, 16, 17, 18, 19, 20, 21, 22, 23, 24, 25, 26, 27, 28, 29, 30, 31, 32, 33, 34, 35, 36, 37, 38, 39]","[0, 1, 2, 3, 4, 5, 6, 7, 8, 9, 10, 11, 12, 13, 14, 15, 16, 17, 18, 19, 20, 21, 22, 23, 24, 25, 26, 27, 28, 29, 30, 31, 32, 33, 34, 35, 36, 37, 38, 39]",,"{'index': 3, 'interactions': [('unitary', (29, 30))]}","[2, 4, 5, 6, 5, 5, 5, 4, 3, 4, 4, 4, 5, 6, 6, 6, 4, 4, 4, 6, 6, 7, 7, 8, 7, 6, 6, 5, 5, 5, 5, 6, 5, 5, 4, 5, 6, 4, 2]",6f33b907aba6995b292c2f675bee587eba7c92b52971ebfe1d09cb060a800099,,,,,,,,,,,,,,,,,,,,,,,,,,,,
1141.8802600000054,rewiring,right,post_unswap,0.14266416704049334,27,False,False,,,,,,,,,,,,,,,,,,,,,,,,,,,,,,,,,,,,,,,,,,,,,,,,,,,,,,,,,,,,,,,,,,,,,,72,,,,,,,,,,,,,,,,,,50,False,0,4,bond_profile,8,False,1,2024,"(322, 64, 9, 8, 14, 74, 27)",0.002879000036045909,0.13976216496666893,"[{'seed': 2024, 'score': (322, 64, 9, 8, 14, 74, 27), 'num_layers': 27, 'total_swaps': 74, 'max_layer_swaps': 9, 'swap_only_layers': 14, 'work_layers': 13, 'unitary_layers': 13, 'first_work_layer': 1, 'leading_no_work_layers': 1, 'bond_profile_layers_scored': 8, 'bond_profile_total_cost': 322, 'bond_profile_max_cost': 64, 'bond_profile_gate_count': 9}, {'seed': 3033, 'score': (355, 60, 10, 8, 16, 74, 28), 'num_layers': 28, 'total_swaps': 74, 'max_layer_swaps': 9, 'swap_only_layers': 16, 'work_layers': 12, 'unitary_layers': 12, 'first_work_layer': 1, 'leading_no_work_layers': 1, 'bond_profile_layers_scored': 8, 'bond_profile_total_cost': 355, 'bond_profile_max_cost': 60, 'bond_profile_gate_count': 10}, {'seed': 4042, 'score': (322, 64, 9, 8, 15, 74, 28), 'num_layers': 28, 'total_swaps': 74, 'max_layer_swaps': 9, 'swap_only_layers': 15, 'work_layers': 13, 'unitary_layers': 13, 'first_work_layer': 1, 'leading_no_work_layers': 1, 'bond_profile_layers_scored': 8, 'bond_profile_total_cost': 322, 'bond_profile_max_cost': 64, 'bond_profile_gate_count': 9}, {'seed': 5051, 'score': (367, 60, 11, 8, 16, 74, 27), 'num_layers': 27, 'total_swaps': 74, 'max_layer_swaps': 9, 'swap_only_layers': 16, 'work_layers': 11, 'unitary_layers': 11, 'first_work_layer': 1, 'leading_no_work_layers': 1, 'bond_profile_layers_scored': 8, 'bond_profile_total_cost': 367, 'bond_profile_max_cost': 60, 'bond_profile_gate_count': 11}]",0.14265937497839332,0.1428455839632079,,,,,,,,,,,,,
1141.9860947909765,cycle_progress,,,,,,,,,,,,404,389,793,,,,,,,,,,,,,,,,,,,512,0.0006,,308096,32,,,,,,,,,,,,,136,4,372000,3132,158,40,,,,,,,,,,,,,,,,,,,,,72,,793,808,15,0,False,,,,,,,,,,,,,,,,,,,,,,,,,,0.1428455839632079,,,,,,,,,,,,,
1144.8575646660174,unswapping,,,,,,,,,,,,,,,,,,,,,,,,,,,,,,,,,,,,,,,,,,,,,,,,,,136,4,367136,3068,158,40,0,both,0,20,20,1,"[[36, 37]]",1,,,,,0,,,,,,,,,,,,,,,,,,,,,,,,,,,,,,,,,,,,,,,,,,,,,,,,,,,,,
1146.623912540963,unswapping,,,,,,,,,,,,,,,,,,,,,,,,,,,,,,,,,,,,,,,,,,,,,,,,,,136,4,327800,2830,158,40,0,both,1,19,19,6,"[[3, 4], [9, 10], [19, 20], [21, 22], [31, 32], [33, 34]]",7,,,,,0,,,,,,,,,,,,,,,,,,,,,,,,,,,,,,,,,,,,,,,,,,,,,,,,,,,,,
1147.1760388750117,unswapping,,,,,,,,,,,,,,,,,,,,,,,,,,,,,,,,,,,,,,,,,,,,,,,,,,136,4,327800,2830,158,40,0,left,0,20,20,0,[],7,,,,,0,,,,,,,,,,,,,,,,,,,,,,,,,,,,,,,,,,,,,,,,,,,,,,,,,,,,,
1147.9567687499803,unswapping,,,,,,,,,,,,,,,,,,,,,,,,,,,,,,,,,,,,,,,,,,,,,,,,,,136,4,322720,2784,158,40,0,left,1,19,19,4,"[[3, 4], [21, 22], [31, 32], [33, 34]]",11,,,,,8,,,,,,,,,,,,,,,,,,,,,,,,,,,,,,,,,,,,,,,,,,,,,,,,,,,,,
1148.6233443749952,unswapping,,,,,,,,,,,,,,,,,,,,,,,,,,,,,,,,,,,,,,,,,,,,,,,,,,136,4,316864,2732,158,40,0,right,0,20,20,5,"[[4, 5], [10, 11], [12, 13], [20, 21], [32, 33]]",16,,,,,18,,,,,,,,,,,,,,,,,,,,,,,,,,,,,,,,,,,,,,,,,,,,,,,,,,,,,
1149.370470875001,unswapping,,,,,,,,,,,,,,,,,,,,,,,,,,,,,,,,,,,,,,,,,,,,,,,,,,136,4,308352,2652,158,40,0,right,1,19,19,2,"[[13, 14], [17, 18]]",18,,,,,22,,,,,,,,,,,,,,,,,,,,,,,,,,,,,,,,,,,,,,,,,,,,,,,,,,,,,
1150.493111040967,unswapping,,,,,,,,,,,,,,,,,,,,,,,,,,,,,,,,,,,,,,,,,,,,,,,,,,136,4,308352,2652,158,40,1,both,0,20,20,0,[],0,,,,,22,,,,,,,,,,,,,,,,,,,,,,,,,,,,,,,,,,,,,,,,,,,,,,,,,,,,,
1151.778517208004,unswapping,,,,,,,,,,,,,,,,,,,,,,,,,,,,,,,,,,,,,,,,,,,,,,,,,,136,4,308352,2652,158,40,1,both,1,19,19,0,[],0,,,,,22,,,,,,,,,,,,,,,,,,,,,,,,,,,,,,,,,,,,,,,,,,,,,,,,,,,,,
1152.3360187080107,unswapping,,,,,,,,,,,,,,,,,,,,,,,,,,,,,,,,,,,,,,,,,,,,,,,,,,136,4,308352,2652,158,40,1,left,0,20,20,0,[],0,,,,,22,,,,,,,,,,,,,,,,,,,,,,,,,,,,,,,,,,,,,,,,,,,,,,,,,,,,,
1152.960271916003,unswapping,,,,,,,,,,,,,,,,,,,,,,,,,,,,,,,,,,,,,,,,,,,,,,,,,,136,4,308352,2652,158,40,1,left,1,19,19,0,[],0,,,,,22,,,,,,,,,,,,,,,,,,,,,,,,,,,,,,,,,,,,,,,,,,,,,,,,,,,,,
1153.6468886249932,unswapping,,,,,,,,,,,,,,,,,,,,,,,,,,,,,,,,,,,,,,,,,,,,,,,,,,136,4,308096,2644,158,40,1,right,0,20,20,1,"[[18, 19]]",1,,,,,24,,,,,,,,,,,,,,,,,,,,,,,,,,,,,,,,,,,,,,,,,,,,,,,,,,,,,
1154.2427972499863,unswapping,,,,,,,,,,,,,,,,,,,,,,,,,,,,,,,,,,,,,,,,,,,,,,,,,,136,4,308096,2644,158,40,1,right,1,19,19,0,[],1,,,,,24,,,,,,,,,,,,,,,,,,,,,,,,,,,,,,,,,,,,,,,,,,,,,,,,,,,,,
1155.3728711659787,unswapping,,,,,,,,,,,,,,,,,,,,,,,,,,,,,,,,,,,,,,,,,,,,,,,,,,136,4,308096,2644,158,40,2,both,0,20,20,0,[],0,,,,,24,,,,,,,,,,,,,,,,,,,,,,,,,,,,,,,,,,,,,,,,,,,,,,,,,,,,,
1156.6231423749705,unswapping,,,,,,,,,,,,,,,,,,,,,,,,,,,,,,,,,,,,,,,,,,,,,,,,,,136,4,308096,2644,158,40,2,both,1,19,19,0,[],0,,,,,24,,,,,,,,,,,,,,,,,,,,,,,,,,,,,,,,,,,,,,,,,,,,,,,,,,,,,
1157.1807942499872,unswapping,,,,,,,,,,,,,,,,,,,,,,,,,,,,,,,,,,,,,,,,,,,,,,,,,,136,4,308096,2644,158,40,2,left,0,20,20,0,[],0,,,,,24,,,,,,,,,,,,,,,,,,,,,,,,,,,,,,,,,,,,,,,,,,,,,,,,,,,,,
1157.7806574580027,unswapping,,,,,,,,,,,,,,,,,,,,,,,,,,,,,,,,,,,,,,,,,,,,,,,,,,136,4,308096,2644,158,40,2,left,1,19,19,0,[],0,,,,,24,,,,,,,,,,,,,,,,,,,,,,,,,,,,,,,,,,,,,,,,,,,,,,,,,,,,,
1158.2814765829826,unswapping,,,,,,,,,,,,,,,,,,,,,,,,,,,,,,,,,,,,,,,,,,,,,,,,,,136,4,308096,2644,158,40,2,right,0,20,20,0,[],0,,,,,24,,,,,,,,,,,,,,,,,,,,,,,,,,,,,,,,,,,,,,,,,,,,,,,,,,,,,
1158.9032129159896,unswapping,,,,,,,,,,,,,,,,,,,,,,,,,,,,,,,,,,,,,,,,,,,,,,,,,,136,4,308096,2644,158,40,2,right,1,19,19,0,[],0,,,,,24,,,,,,,,,,,,,,,,,,,,,,,,,,,,,,,,,,,,,,,,,,,,,,,,,,,,,
1160.828449832974,unswap_cycle_summary,,,,,,,,,,,,404,389,793,,,,,,,,,,,,,,,,,,,512,0.0006,,,,,,,,,,,,,,,,136,4,308096,2644,158,40,,,,,,,,,,,,,,,,,,,,,73,16.281678374973126,793,808,15,0,False,True,True,71,0,"[404, 389]","[0, 1, 2, 3, 4, 5, 6, 7, 8, 10, 9, 11, 12, 13, 14, 15, 16, 17, 18, 20, 19, 21, 22, 23, 24, 25, 26, 27, 28, 29, 30, 31, 32, 33, 34, 35, 37, 36, 38, 39]","[0, 1, 2, 4, 5, 3, 6, 7, 8, 10, 11, 9, 13, 14, 12, 15, 16, 18, 20, 17, 22, 19, 21, 23, 24, 25, 26, 27, 28, 29, 30, 32, 34, 31, 33, 35, 37, 36, 38, 39]",,"{'index': 1, 'interactions': [('unitary', (29, 30))]}","[2, 4, 5, 5, 5, 5, 5, 4, 3, 3, 3, 4, 5, 5, 6, 6, 4, 2, 3, 4, 6, 7, 7, 8, 7, 6, 6, 5, 5, 5, 5, 5, 4, 3, 4, 5, 4, 4, 2]",91f42348ef1e761d45d4ac99bd0597b0394b9d86ecb8303235efc44a2d178154,,,,,,,,,,,,,,,,,,,,,,,,,,,,
1161.1500557909603,rewiring,right,post_unswap,0.21340350003447384,29,False,False,,,,,,,,,,,,,,,,,,,,,,,,,,,,,,,,,,,,,,,,,,,,,,,,,,,,,,,,,,,,,,,,,,,,,,73,,,,,,,,,,,,,,,,,,50,False,0,4,bond_profile,8,False,1,5051,"(315, 125, 9, 8, 15, 89, 27)",0.003256666997913271,0.21010437601944432,"[{'seed': 2024, 'score': (315, 125, 9, 8, 21, 89, 33), 'num_layers': 33, 'total_swaps': 89, 'max_layer_swaps': 9, 'swap_only_layers': 21, 'work_layers': 12, 'unitary_layers': 12, 'first_work_layer': 3, 'leading_no_work_layers': 3, 'bond_profile_layers_scored': 8, 'bond_profile_total_cost': 315, 'bond_profile_max_cost': 125, 'bond_profile_gate_count': 9}, {'seed': 3033, 'score': (327, 136, 11, 8, 18, 90, 29), 'num_layers': 29, 'total_swaps': 90, 'max_layer_swaps': 8, 'swap_only_layers': 18, 'work_layers': 11, 'unitary_layers': 11, 'first_work_layer': 3, 'leading_no_work_layers': 3, 'bond_profile_layers_scored': 8, 'bond_profile_total_cost': 327, 'bond_profile_max_cost': 136, 'bond_profile_gate_count': 11}, {'seed': 4042, 'score': (370, 136, 10, 8, 15, 89, 27), 'num_layers': 27, 'total_swaps': 89, 'max_layer_swaps': 8, 'swap_only_layers': 15, 'work_layers': 12, 'unitary_layers': 12, 'first_work_layer': 3, 'leading_no_work_layers': 3, 'bond_profile_layers_scored': 8, 'bond_profile_total_cost': 370, 'bond_profile_max_cost': 136, 'bond_profile_gate_count': 10}, {'seed': 5051, 'score': (315, 125, 9, 8, 15, 89, 27), 'num_layers': 27, 'total_swaps': 89, 'max_layer_swaps': 9, 'swap_only_layers': 15, 'work_layers': 12, 'unitary_layers': 12, 'first_work_layer': 3, 'leading_no_work_layers': 3, 'bond_profile_layers_scored': 8, 'bond_profile_total_cost': 315, 'bond_profile_max_cost': 125, 'bond_profile_gate_count': 9}]",0.2133925419766456,0.21373654203489423,,,,,,,,,,,,,
1161.263999124989,cycle_progress,,,,,,,,,,,,404,389,793,,,,,,,,,,,,,,,,,,,512,0.0006,,372000,33,,,,,,,,,,,,,136,4,308096,2644,158,40,,,,,,,,,,,,,,,,,,,,,73,,793,808,15,0,False,,,,,,,,,,,,,,,,,,,,,,,,,,0.21373654203489423,,,,,,,,,,,,,
1161.5800351249636,absorbing,,,,,,,R,0,1,0,27,404,389,793,7,0,0,0.0,0.19690145802451298,0.19690145802451298,0.20020166697213426,,323936,,136,False,False,False,False,323936,136,False,512,0.0006,,308096,34,total_elems,,323936,1,1,,,,0.0,,,,136,4,323936,2808,158,40,,,,,,,,,,,,,,,,,,,,,,,,,,,,,,,,,,,,,,,,,,,,,,,,,,,,,,,,,,,,,,,,,,
1161.9352575829835,absorbing,,,,,,,R,0,2,0,27,404,389,793,8,0,0,0.0,0.24511308397632092,0.24511308397632092,0.2453429169836454,,372320,,136,False,False,False,False,372320,136,False,512,0.0006,,308096,34,total_elems,,372320,1,1,,,,0.0,,,,136,4,372320,3140,158,40,,,,,,,,,,,,,,,,,,,,,,,,,,,,,,,,,,,,,,,,,,,,,,,,,,,,,,,,,,,,,,,,,,
1164.286312500015,unswapping,,,,,,,,,,,,,,,,,,,,,,,,,,,,,,,,,,,,,,,,,,,,,,,,,,136,4,372320,3140,158,40,0,both,0,20,20,0,[],0,,,,,0,,,,,,,,,,,,,,,,,,,,,,,,,,,,,,,,,,,,,,,,,,,,,,,,,,,,,
1165.6215438749641,unswapping,,,,,,,,,,,,,,,,,,,,,,,,,,,,,,,,,,,,,,,,,,,,,,,,,,136,4,372320,3140,158,40,0,both,1,19,19,0,[],0,,,,,0,,,,,,,,,,,,,,,,,,,,,,,,,,,,,,,,,,,,,,,,,,,,,,,,,,,,,
1166.3845341249835,unswapping,,,,,,,,,,,,,,,,,,,,,,,,,,,,,,,,,,,,,,,,,,,,,,,,,,136,4,372320,3140,158,40,0,left,0,20,20,0,[],0,,,,,0,,,,,,,,,,,,,,,,,,,,,,,,,,,,,,,,,,,,,,,,,,,,,,,,,,,,,
1167.0505404159776,unswapping,,,,,,,,,,,,,,,,,,,,,,,,,,,,,,,,,,,,,,,,,,,,,,,,,,136,4,372320,3140,158,40,0,left,1,19,19,0,[],0,,,,,0,,,,,,,,,,,,,,,,,,,,,,,,,,,,,,,,,,,,,,,,,,,,,,,,,,,,,
1167.8403275000164,unswapping,,,,,,,,,,,,,,,,,,,,,,,,,,,,,,,,,,,,,,,,,,,,,,,,,,136,4,372320,3140,158,40,0,right,0,20,20,0,[],0,,,,,0,,,,,,,,,,,,,,,,,,,,,,,,,,,,,,,,,,,,,,,,,,,,,,,,,,,,,
1168.445835749968,unswapping,,,,,,,,,,,,,,,,,,,,,,,,,,,,,,,,,,,,,,,,,,,,,,,,,,136,4,372320,3140,158,40,0,right,1,19,19,0,[],0,,,,,0,,,,,,,,,,,,,,,,,,,,,,,,,,,,,,,,,,,,,,,,,,,,,,,,,,,,,
1169.0698660410126,unswap_cycle_summary,,,,,,,,,,,,404,389,793,,,,,,,,,,,,,,,,,,,512,0.0006,,,,,,,,,,,,,,,,136,4,372320,3140,158,40,,,,,,,,,,,,,,,,,,,,,74,5.9216829590150155,793,808,15,0,False,True,True,72,15,"[404, 389]","[0, 1, 2, 3, 4, 5, 6, 7, 8, 9, 10, 11, 12, 13, 14, 15, 16, 17, 18, 19, 20, 21, 22, 23, 24, 25, 26, 27, 28, 29, 30, 31, 32, 33, 34, 35, 36, 37, 38, 39]","[0, 1, 2, 3, 4, 5, 6, 7, 8, 9, 10, 11, 12, 13, 14, 15, 16, 17, 18, 19, 20, 21, 22, 23, 24, 25, 26, 27, 28, 29, 30, 31, 32, 33, 34, 35, 36, 37, 38, 39]",,"{'index': 3, 'interactions': [('unitary', (29, 30))]}","[2, 4, 5, 6, 5, 5, 5, 4, 3, 4, 4, 4, 5, 6, 6, 6, 4, 4, 4, 6, 6, 7, 7, 8, 7, 6, 6, 5, 5, 5, 5, 6, 5, 5, 4, 5, 6, 4, 2]",6f33b907aba6995b292c2f675bee587eba7c92b52971ebfe1d09cb060a800099,,,,,,,,,,,,,,,,,,,,,,,,,,,,
1169.3088330000173,rewiring,right,post_unswap,0.1349741659942083,27,False,False,,,,,,,,,,,,,,,,,,,,,,,,,,,,,,,,,,,,,,,,,,,,,,,,,,,,,,,,,,,,,,,,,,,,,,74,,,,,,,,,,,,,,,,,,50,False,0,4,bond_profile,8,False,1,2024,"(326, 64, 9, 8, 14, 74, 27)",0.0025447499938309193,0.13240641803713515,"[{'seed': 2024, 'score': (326, 64, 9, 8, 14, 74, 27), 'num_layers': 27, 'total_swaps': 74, 'max_layer_swaps': 9, 'swap_only_layers': 14, 'work_layers': 13, 'unitary_layers': 13, 'first_work_layer': 1, 'leading_no_work_layers': 1, 'bond_profile_layers_scored': 8, 'bond_profile_total_cost': 326, 'bond_profile_max_cost': 64, 'bond_profile_gate_count': 9}, {'seed': 3033, 'score': (359, 60, 10, 8, 16, 74, 28), 'num_layers': 28, 'total_swaps': 74, 'max_layer_swaps': 9, 'swap_only_layers': 16, 'work_layers': 12, 'unitary_layers': 12, 'first_work_layer': 1, 'leading_no_work_layers': 1, 'bond_profile_layers_scored': 8, 'bond_profile_total_cost': 359, 'bond_profile_max_cost': 60, 'bond_profile_gate_count': 10}, {'seed': 4042, 'score': (326, 64, 9, 8, 15, 74, 28), 'num_layers': 28, 'total_swaps': 74, 'max_layer_swaps': 9, 'swap_only_layers': 15, 'work_layers': 13, 'unitary_layers': 13, 'first_work_layer': 1, 'leading_no_work_layers': 1, 'bond_profile_layers_scored': 8, 'bond_profile_total_cost': 326, 'bond_profile_max_cost': 64, 'bond_profile_gate_count': 9}, {'seed': 5051, 'score': (371, 60, 11, 8, 16, 74, 27), 'num_layers': 27, 'total_swaps': 74, 'max_layer_swaps': 9, 'swap_only_layers': 16, 'work_layers': 11, 'unitary_layers': 11, 'first_work_layer': 1, 'leading_no_work_layers': 1, 'bond_profile_layers_scored': 8, 'bond_profile_total_cost': 371, 'bond_profile_max_cost': 60, 'bond_profile_gate_count': 11}]",0.13496841699816287,0.13516445801360533,,,,,,,,,,,,,
1169.4166681249626,cycle_progress,,,,,,,,,,,,404,389,793,,,,,,,,,,,,,,,,,,,512,0.0006,,308096,34,,,,,,,,,,,,,136,4,372320,3140,158,40,,,,,,,,,,,,,,,,,,,,,74,,793,808,15,0,False,,,,,,,,,,,,,,,,,,,,,,,,,,0.13516445801360533,,,,,,,,,,,,,
1172.1301557080005,unswapping,,,,,,,,,,,,,,,,,,,,,,,,,,,,,,,,,,,,,,,,,,,,,,,,,,136,4,367456,3076,158,40,0,both,0,20,20,1,"[[36, 37]]",1,,,,,0,,,,,,,,,,,,,,,,,,,,,,,,,,,,,,,,,,,,,,,,,,,,,,,,,,,,,
1174.0081698750146,unswapping,,,,,,,,,,,,,,,,,,,,,,,,,,,,,,,,,,,,,,,,,,,,,,,,,,136,4,327800,2830,158,40,0,both,1,19,19,6,"[[3, 4], [9, 10], [19, 20], [21, 22], [31, 32], [33, 34]]",7,,,,,0,,,,,,,,,,,,,,,,,,,,,,,,,,,,,,,,,,,,,,,,,,,,,,,,,,,,,
1174.6175790830166,unswapping,,,,,,,,,,,,,,,,,,,,,,,,,,,,,,,,,,,,,,,,,,,,,,,,,,136,4,327800,2830,158,40,0,left,0,20,20,0,[],7,,,,,0,,,,,,,,,,,,,,,,,,,,,,,,,,,,,,,,,,,,,,,,,,,,,,,,,,,,,
1175.510680166015,unswapping,,,,,,,,,,,,,,,,,,,,,,,,,,,,,,,,,,,,,,,,,,,,,,,,,,136,4,322720,2784,158,40,0,left,1,19,19,4,"[[3, 4], [21, 22], [31, 32], [33, 34]]",11,,,,,8,,,,,,,,,,,,,,,,,,,,,,,,,,,,,,,,,,,,,,,,,,,,,,,,,,,,,
1176.2404905409785,unswapping,,,,,,,,,,,,,,,,,,,,,,,,,,,,,,,,,,,,,,,,,,,,,,,,,,136,4,316864,2732,158,40,0,right,0,20,20,5,"[[4, 5], [10, 11], [12, 13], [20, 21], [32, 33]]",16,,,,,18,,,,,,,,,,,,,,,,,,,,,,,,,,,,,,,,,,,,,,,,,,,,,,,,,,,,,
1177.0204984999727,unswapping,,,,,,,,,,,,,,,,,,,,,,,,,,,,,,,,,,,,,,,,,,,,,,,,,,136,4,308352,2652,158,40,0,right,1,19,19,2,"[[13, 14], [17, 18]]",18,,,,,22,,,,,,,,,,,,,,,,,,,,,,,,,,,,,,,,,,,,,,,,,,,,,,,,,,,,,
1178.1893360000104,unswapping,,,,,,,,,,,,,,,,,,,,,,,,,,,,,,,,,,,,,,,,,,,,,,,,,,136,4,308352,2652,158,40,1,both,0,20,20,0,[],0,,,,,22,,,,,,,,,,,,,,,,,,,,,,,,,,,,,,,,,,,,,,,,,,,,,,,,,,,,,
1179.4585499999812,unswapping,,,,,,,,,,,,,,,,,,,,,,,,,,,,,,,,,,,,,,,,,,,,,,,,,,136,4,308352,2652,158,40,1,both,1,19,19,0,[],0,,,,,22,,,,,,,,,,,,,,,,,,,,,,,,,,,,,,,,,,,,,,,,,,,,,,,,,,,,,
1179.9954042079626,unswapping,,,,,,,,,,,,,,,,,,,,,,,,,,,,,,,,,,,,,,,,,,,,,,,,,,136,4,308352,2652,158,40,1,left,0,20,20,0,[],0,,,,,22,,,,,,,,,,,,,,,,,,,,,,,,,,,,,,,,,,,,,,,,,,,,,,,,,,,,,
1180.5729097499861,unswapping,,,,,,,,,,,,,,,,,,,,,,,,,,,,,,,,,,,,,,,,,,,,,,,,,,136,4,308352,2652,158,40,1,left,1,19,19,0,[],0,,,,,22,,,,,,,,,,,,,,,,,,,,,,,,,,,,,,,,,,,,,,,,,,,,,,,,,,,,,
1181.2543776250095,unswapping,,,,,,,,,,,,,,,,,,,,,,,,,,,,,,,,,,,,,,,,,,,,,,,,,,136,4,308096,2644,158,40,1,right,0,20,20,1,"[[18, 19]]",1,,,,,24,,,,,,,,,,,,,,,,,,,,,,,,,,,,,,,,,,,,,,,,,,,,,,,,,,,,,
1181.8411145830178,unswapping,,,,,,,,,,,,,,,,,,,,,,,,,,,,,,,,,,,,,,,,,,,,,,,,,,136,4,308096,2644,158,40,1,right,1,19,19,0,[],1,,,,,24,,,,,,,,,,,,,,,,,,,,,,,,,,,,,,,,,,,,,,,,,,,,,,,,,,,,,
1182.981910625007,unswapping,,,,,,,,,,,,,,,,,,,,,,,,,,,,,,,,,,,,,,,,,,,,,,,,,,136,4,308096,2644,158,40,2,both,0,20,20,0,[],0,,,,,24,,,,,,,,,,,,,,,,,,,,,,,,,,,,,,,,,,,,,,,,,,,,,,,,,,,,,
1184.1728555409936,unswapping,,,,,,,,,,,,,,,,,,,,,,,,,,,,,,,,,,,,,,,,,,,,,,,,,,136,4,308096,2644,158,40,2,both,1,19,19,0,[],0,,,,,24,,,,,,,,,,,,,,,,,,,,,,,,,,,,,,,,,,,,,,,,,,,,,,,,,,,,,
1184.7021512499778,unswapping,,,,,,,,,,,,,,,,,,,,,,,,,,,,,,,,,,,,,,,,,,,,,,,,,,136,4,308096,2644,158,40,2,left,0,20,20,0,[],0,,,,,24,,,,,,,,,,,,,,,,,,,,,,,,,,,,,,,,,,,,,,,,,,,,,,,,,,,,,
1185.2729545829934,unswapping,,,,,,,,,,,,,,,,,,,,,,,,,,,,,,,,,,,,,,,,,,,,,,,,,,136,4,308096,2644,158,40,2,left,1,19,19,0,[],0,,,,,24,,,,,,,,,,,,,,,,,,,,,,,,,,,,,,,,,,,,,,,,,,,,,,,,,,,,,
1185.8101500829798,unswapping,,,,,,,,,,,,,,,,,,,,,,,,,,,,,,,,,,,,,,,,,,,,,,,,,,136,4,308096,2644,158,40,2,right,0,20,20,0,[],0,,,,,24,,,,,,,,,,,,,,,,,,,,,,,,,,,,,,,,,,,,,,,,,,,,,,,,,,,,,
1186.3969291250105,unswapping,,,,,,,,,,,,,,,,,,,,,,,,,,,,,,,,,,,,,,,,,,,,,,,,,,136,4,308096,2644,158,40,2,right,1,19,19,0,[],0,,,,,24,,,,,,,,,,,,,,,,,,,,,,,,,,,,,,,,,,,,,,,,,,,,,,,,,,,,,
1188.3366555409739,unswap_cycle_summary,,,,,,,,,,,,404,389,793,,,,,,,,,,,,,,,,,,,512,0.0006,,,,,,,,,,,,,,,,136,4,308096,2644,158,40,,,,,,,,,,,,,,,,,,,,,75,16.40591241599759,793,808,15,0,False,True,True,73,0,"[404, 389]","[0, 1, 2, 3, 4, 5, 6, 7, 8, 10, 9, 11, 12, 13, 14, 15, 16, 17, 18, 20, 19, 21, 22, 23, 24, 25, 26, 27, 28, 29, 30, 31, 32, 33, 34, 35, 37, 36, 38, 39]","[0, 1, 2, 4, 5, 3, 6, 7, 8, 10, 11, 9, 13, 14, 12, 15, 16, 18, 20, 17, 22, 19, 21, 23, 24, 25, 26, 27, 28, 29, 30, 32, 34, 31, 33, 35, 37, 36, 38, 39]",,"{'index': 1, 'interactions': [('unitary', (29, 30))]}","[2, 4, 5, 5, 5, 5, 5, 4, 3, 3, 3, 4, 5, 5, 6, 6, 4, 2, 3, 4, 6, 7, 7, 8, 7, 6, 6, 5, 5, 5, 5, 5, 4, 3, 4, 5, 4, 4, 2]",91f42348ef1e761d45d4ac99bd0597b0394b9d86ecb8303235efc44a2d178154,,,,,,,,,,,,,,,,,,,,,,,,,,,,
1188.636580749997,rewiring,right,post_unswap,0.19003929098835215,29,False,False,,,,,,,,,,,,,,,,,,,,,,,,,,,,,,,,,,,,,,,,,,,,,,,,,,,,,,,,,,,,,,,,,,,,,,75,,,,,,,,,,,,,,,,,,50,False,0,4,bond_profile,8,False,1,5051,"(315, 125, 9, 8, 15, 89, 27)",0.0030977079295553267,0.18690833199070767,"[{'seed': 2024, 'score': (315, 125, 9, 8, 21, 89, 33), 'num_layers': 33, 'total_swaps': 89, 'max_layer_swaps': 9, 'swap_only_layers': 21, 'work_layers': 12, 'unitary_layers': 12, 'first_work_layer': 3, 'leading_no_work_layers': 3, 'bond_profile_layers_scored': 8, 'bond_profile_total_cost': 315, 'bond_profile_max_cost': 125, 'bond_profile_gate_count': 9}, {'seed': 3033, 'score': (327, 136, 11, 8, 18, 90, 29), 'num_layers': 29, 'total_swaps': 90, 'max_layer_swaps': 8, 'swap_only_layers': 18, 'work_layers': 11, 'unitary_layers': 11, 'first_work_layer': 3, 'leading_no_work_layers': 3, 'bond_profile_layers_scored': 8, 'bond_profile_total_cost': 327, 'bond_profile_max_cost': 136, 'bond_profile_gate_count': 11}, {'seed': 4042, 'score': (370, 136, 10, 8, 15, 89, 27), 'num_layers': 27, 'total_swaps': 89, 'max_layer_swaps': 8, 'swap_only_layers': 15, 'work_layers': 12, 'unitary_layers': 12, 'first_work_layer': 3, 'leading_no_work_layers': 3, 'bond_profile_layers_scored': 8, 'bond_profile_total_cost': 370, 'bond_profile_max_cost': 136, 'bond_profile_gate_count': 10}, {'seed': 5051, 'score': (315, 125, 9, 8, 15, 89, 27), 'num_layers': 27, 'total_swaps': 89, 'max_layer_swaps': 9, 'swap_only_layers': 15, 'work_layers': 12, 'unitary_layers': 12, 'first_work_layer': 3, 'leading_no_work_layers': 3, 'bond_profile_layers_scored': 8, 'bond_profile_total_cost': 315, 'bond_profile_max_cost': 125, 'bond_profile_gate_count': 9}]",0.19003095797961578,0.19029337499523535,,,,,,,,,,,,,
1188.7466525409836,cycle_progress,,,,,,,,,,,,404,389,793,,,,,,,,,,,,,,,,,,,512,0.0006,,372320,35,,,,,,,,,,,,,136,4,308096,2644,158,40,,,,,,,,,,,,,,,,,,,,,75,,793,808,15,0,False,,,,,,,,,,,,,,,,,,,,,,,,,,0.19029337499523535,,,,,,,,,,,,,
1189.0660180000123,absorbing,,,,,,,R,0,1,0,27,404,389,793,7,0,0,0.0,0.20357566699385643,0.20357566699385643,0.20507762499619275,,323936,,136,False,False,False,False,323936,136,False,512,0.0006,,308096,36,total_elems,,323936,1,1,,,,0.0,,,,136,4,323936,2808,158,40,,,,,,,,,,,,,,,,,,,,,,,,,,,,,,,,,,,,,,,,,,,,,,,,,,,,,,,,,,,,,,,,,,
1189.4316524160095,absorbing,,,,,,,R,0,2,0,27,404,389,793,8,0,0,0.0,0.2516213750350289,0.2516213750350289,0.2518334169872105,,372000,,136,False,False,False,False,372000,136,False,512,0.0006,,308096,36,total_elems,,372000,1,1,,,,0.0,,,,136,4,372000,3132,158,40,,,,,,,,,,,,,,,,,,,,,,,,,,,,,,,,,,,,,,,,,,,,,,,,,,,,,,,,,,,,,,,,,,
1191.8437111660023,unswapping,,,,,,,,,,,,,,,,,,,,,,,,,,,,,,,,,,,,,,,,,,,,,,,,,,136,4,372000,3132,158,40,0,both,0,20,20,0,[],0,,,,,0,,,,,,,,,,,,,,,,,,,,,,,,,,,,,,,,,,,,,,,,,,,,,,,,,,,,,
1193.1753057079623,unswapping,,,,,,,,,,,,,,,,,,,,,,,,,,,,,,,,,,,,,,,,,,,,,,,,,,136,4,372000,3132,158,40,0,both,1,19,19,0,[],0,,,,,0,,,,,,,,,,,,,,,,,,,,,,,,,,,,,,,,,,,,,,,,,,,,,,,,,,,,,
1193.9428275409737,unswapping,,,,,,,,,,,,,,,,,,,,,,,,,,,,,,,,,,,,,,,,,,,,,,,,,,136,4,372000,3132,158,40,0,left,0,20,20,0,[],0,,,,,0,,,,,,,,,,,,,,,,,,,,,,,,,,,,,,,,,,,,,,,,,,,,,,,,,,,,,
1194.5880636249785,unswapping,,,,,,,,,,,,,,,,,,,,,,,,,,,,,,,,,,,,,,,,,,,,,,,,,,136,4,372000,3132,158,40,0,left,1,19,19,0,[],0,,,,,0,,,,,,,,,,,,,,,,,,,,,,,,,,,,,,,,,,,,,,,,,,,,,,,,,,,,,
1195.366611165984,unswapping,,,,,,,,,,,,,,,,,,,,,,,,,,,,,,,,,,,,,,,,,,,,,,,,,,136,4,372000,3132,158,40,0,right,0,20,20,0,[],0,,,,,0,,,,,,,,,,,,,,,,,,,,,,,,,,,,,,,,,,,,,,,,,,,,,,,,,,,,,
1195.9807186659891,unswapping,,,,,,,,,,,,,,,,,,,,,,,,,,,,,,,,,,,,,,,,,,,,,,,,,,136,4,372000,3132,158,40,0,right,1,19,19,0,[],0,,,,,0,,,,,,,,,,,,,,,,,,,,,,,,,,,,,,,,,,,,,,,,,,,,,,,,,,,,,
1196.6394034579862,unswap_cycle_summary,,,,,,,,,,,,404,389,793,,,,,,,,,,,,,,,,,,,512,0.0006,,,,,,,,,,,,,,,,136,4,372000,3132,158,40,,,,,,,,,,,,,,,,,,,,,76,5.930535249994136,793,808,15,0,False,True,True,74,15,"[404, 389]","[0, 1, 2, 3, 4, 5, 6, 7, 8, 9, 10, 11, 12, 13, 14, 15, 16, 17, 18, 19, 20, 21, 22, 23, 24, 25, 26, 27, 28, 29, 30, 31, 32, 33, 34, 35, 36, 37, 38, 39]","[0, 1, 2, 3, 4, 5, 6, 7, 8, 9, 10, 11, 12, 13, 14, 15, 16, 17, 18, 19, 20, 21, 22, 23, 24, 25, 26, 27, 28, 29, 30, 31, 32, 33, 34, 35, 36, 37, 38, 39]",,"{'index': 3, 'interactions': [('unitary', (29, 30))]}","[2, 4, 5, 6, 5, 5, 5, 4, 3, 4, 4, 4, 5, 6, 6, 6, 4, 4, 4, 6, 6, 7, 7, 8, 7, 6, 6, 5, 5, 5, 5, 6, 5, 5, 4, 5, 6, 4, 2]",6f33b907aba6995b292c2f675bee587eba7c92b52971ebfe1d09cb060a800099,,,,,,,,,,,,,,,,,,,,,,,,,,,,
1196.961376207997,rewiring,right,post_unswap,0.21086570899933577,27,False,False,,,,,,,,,,,,,,,,,,,,,,,,,,,,,,,,,,,,,,,,,,,,,,,,,,,,,,,,,,,,,,,,,,,,,,76,,,,,,,,,,,,,,,,,,50,False,0,4,bond_profile,8,False,1,2024,"(322, 64, 9, 8, 14, 74, 27)",0.003128708980511874,0.2076957910321653,"[{'seed': 2024, 'score': (322, 64, 9, 8, 14, 74, 27), 'num_layers': 27, 'total_swaps': 74, 'max_layer_swaps': 9, 'swap_only_layers': 14, 'work_layers': 13, 'unitary_layers': 13, 'first_work_layer': 1, 'leading_no_work_layers': 1, 'bond_profile_layers_scored': 8, 'bond_profile_total_cost': 322, 'bond_profile_max_cost': 64, 'bond_profile_gate_count': 9}, {'seed': 3033, 'score': (355, 60, 10, 8, 16, 74, 28), 'num_layers': 28, 'total_swaps': 74, 'max_layer_swaps': 9, 'swap_only_layers': 16, 'work_layers': 12, 'unitary_layers': 12, 'first_work_layer': 1, 'leading_no_work_layers': 1, 'bond_profile_layers_scored': 8, 'bond_profile_total_cost': 355, 'bond_profile_max_cost': 60, 'bond_profile_gate_count': 10}, {'seed': 4042, 'score': (322, 64, 9, 8, 15, 74, 28), 'num_layers': 28, 'total_swaps': 74, 'max_layer_swaps': 9, 'swap_only_layers': 15, 'work_layers': 13, 'unitary_layers': 13, 'first_work_layer': 1, 'leading_no_work_layers': 1, 'bond_profile_layers_scored': 8, 'bond_profile_total_cost': 322, 'bond_profile_max_cost': 64, 'bond_profile_gate_count': 9}, {'seed': 5051, 'score': (367, 60, 11, 8, 16, 74, 27), 'num_layers': 27, 'total_swaps': 74, 'max_layer_swaps': 9, 'swap_only_layers': 16, 'work_layers': 11, 'unitary_layers': 11, 'first_work_layer': 1, 'leading_no_work_layers': 1, 'bond_profile_layers_scored': 8, 'bond_profile_total_cost': 367, 'bond_profile_max_cost': 60, 'bond_profile_gate_count': 11}]",0.21085570799186826,0.21122395800193772,,,,,,,,,,,,,
1197.0732745829737,cycle_progress,,,,,,,,,,,,404,389,793,,,,,,,,,,,,,,,,,,,512,0.0006,,308096,36,,,,,,,,,,,,,136,4,372000,3132,158,40,,,,,,,,,,,,,,,,,,,,,76,,793,808,15,0,False,,,,,,,,,,,,,,,,,,,,,,,,,,0.21122395800193772,,,,,,,,,,,,,
1199.9206429999904,unswapping,,,,,,,,,,,,,,,,,,,,,,,,,,,,,,,,,,,,,,,,,,,,,,,,,,136,4,367136,3068,158,40,0,both,0,20,20,1,"[[36, 37]]",1,,,,,0,,,,,,,,,,,,,,,,,,,,,,,,,,,,,,,,,,,,,,,,,,,,,,,,,,,,,
1201.7619652079884,unswapping,,,,,,,,,,,,,,,,,,,,,,,,,,,,,,,,,,,,,,,,,,,,,,,,,,136,4,327800,2830,158,40,0,both,1,19,19,6,"[[3, 4], [9, 10], [19, 20], [21, 22], [31, 32], [33, 34]]",7,,,,,0,,,,,,,,,,,,,,,,,,,,,,,,,,,,,,,,,,,,,,,,,,,,,,,,,,,,,
1202.34260158299,unswapping,,,,,,,,,,,,,,,,,,,,,,,,,,,,,,,,,,,,,,,,,,,,,,,,,,136,4,327800,2830,158,40,0,left,0,20,20,0,[],7,,,,,0,,,,,,,,,,,,,,,,,,,,,,,,,,,,,,,,,,,,,,,,,,,,,,,,,,,,,
1203.2182580410154,unswapping,,,,,,,,,,,,,,,,,,,,,,,,,,,,,,,,,,,,,,,,,,,,,,,,,,136,4,322720,2784,158,40,0,left,1,19,19,4,"[[3, 4], [21, 22], [31, 32], [33, 34]]",11,,,,,8,,,,,,,,,,,,,,,,,,,,,,,,,,,,,,,,,,,,,,,,,,,,,,,,,,,,,
1203.891519833007,unswapping,,,,,,,,,,,,,,,,,,,,,,,,,,,,,,,,,,,,,,,,,,,,,,,,,,136,4,316864,2732,158,40,0,right,0,20,20,5,"[[4, 5], [10, 11], [12, 13], [20, 21], [32, 33]]",16,,,,,18,,,,,,,,,,,,,,,,,,,,,,,,,,,,,,,,,,,,,,,,,,,,,,,,,,,,,
1204.665205999976,unswapping,,,,,,,,,,,,,,,,,,,,,,,,,,,,,,,,,,,,,,,,,,,,,,,,,,136,4,308352,2652,158,40,0,right,1,19,19,2,"[[13, 14], [17, 18]]",18,,,,,22,,,,,,,,,,,,,,,,,,,,,,,,,,,,,,,,,,,,,,,,,,,,,,,,,,,,,
1205.7755394579726,unswapping,,,,,,,,,,,,,,,,,,,,,,,,,,,,,,,,,,,,,,,,,,,,,,,,,,136,4,308352,2652,158,40,1,both,0,20,20,0,[],0,,,,,22,,,,,,,,,,,,,,,,,,,,,,,,,,,,,,,,,,,,,,,,,,,,,,,,,,,,,
1207.0033691250137,unswapping,,,,,,,,,,,,,,,,,,,,,,,,,,,,,,,,,,,,,,,,,,,,,,,,,,136,4,308352,2652,158,40,1,both,1,19,19,0,[],0,,,,,22,,,,,,,,,,,,,,,,,,,,,,,,,,,,,,,,,,,,,,,,,,,,,,,,,,,,,
1207.5271696249838,unswapping,,,,,,,,,,,,,,,,,,,,,,,,,,,,,,,,,,,,,,,,,,,,,,,,,,136,4,308352,2652,158,40,1,left,0,20,20,0,[],0,,,,,22,,,,,,,,,,,,,,,,,,,,,,,,,,,,,,,,,,,,,,,,,,,,,,,,,,,,,
1208.1238977499888,unswapping,,,,,,,,,,,,,,,,,,,,,,,,,,,,,,,,,,,,,,,,,,,,,,,,,,136,4,308352,2652,158,40,1,left,1,19,19,0,[],0,,,,,22,,,,,,,,,,,,,,,,,,,,,,,,,,,,,,,,,,,,,,,,,,,,,,,,,,,,,
1208.807055665995,unswapping,,,,,,,,,,,,,,,,,,,,,,,,,,,,,,,,,,,,,,,,,,,,,,,,,,136,4,308096,2644,158,40,1,right,0,20,20,1,"[[18, 19]]",1,,,,,24,,,,,,,,,,,,,,,,,,,,,,,,,,,,,,,,,,,,,,,,,,,,,,,,,,,,,
1209.415971749986,unswapping,,,,,,,,,,,,,,,,,,,,,,,,,,,,,,,,,,,,,,,,,,,,,,,,,,136,4,308096,2644,158,40,1,right,1,19,19,0,[],1,,,,,24,,,,,,,,,,,,,,,,,,,,,,,,,,,,,,,,,,,,,,,,,,,,,,,,,,,,,
1210.6112997499877,unswapping,,,,,,,,,,,,,,,,,,,,,,,,,,,,,,,,,,,,,,,,,,,,,,,,,,136,4,308096,2644,158,40,2,both,0,20,20,0,[],0,,,,,24,,,,,,,,,,,,,,,,,,,,,,,,,,,,,,,,,,,,,,,,,,,,,,,,,,,,,
1211.9414406249998,unswapping,,,,,,,,,,,,,,,,,,,,,,,,,,,,,,,,,,,,,,,,,,,,,,,,,,136,4,308096,2644,158,40,2,both,1,19,19,0,[],0,,,,,24,,,,,,,,,,,,,,,,,,,,,,,,,,,,,,,,,,,,,,,,,,,,,,,,,,,,,
1212.4841754160007,unswapping,,,,,,,,,,,,,,,,,,,,,,,,,,,,,,,,,,,,,,,,,,,,,,,,,,136,4,308096,2644,158,40,2,left,0,20,20,0,[],0,,,,,24,,,,,,,,,,,,,,,,,,,,,,,,,,,,,,,,,,,,,,,,,,,,,,,,,,,,,
1213.1101310409722,unswapping,,,,,,,,,,,,,,,,,,,,,,,,,,,,,,,,,,,,,,,,,,,,,,,,,,136,4,308096,2644,158,40,2,left,1,19,19,0,[],0,,,,,24,,,,,,,,,,,,,,,,,,,,,,,,,,,,,,,,,,,,,,,,,,,,,,,,,,,,,
1213.64490991598,unswapping,,,,,,,,,,,,,,,,,,,,,,,,,,,,,,,,,,,,,,,,,,,,,,,,,,136,4,308096,2644,158,40,2,right,0,20,20,0,[],0,,,,,24,,,,,,,,,,,,,,,,,,,,,,,,,,,,,,,,,,,,,,,,,,,,,,,,,,,,,
1214.264446874964,unswapping,,,,,,,,,,,,,,,,,,,,,,,,,,,,,,,,,,,,,,,,,,,,,,,,,,136,4,308096,2644,158,40,2,right,1,19,19,0,[],0,,,,,24,,,,,,,,,,,,,,,,,,,,,,,,,,,,,,,,,,,,,,,,,,,,,,,,,,,,,
1216.2471347500104,unswap_cycle_summary,,,,,,,,,,,,404,389,793,,,,,,,,,,,,,,,,,,,512,0.0006,,,,,,,,,,,,,,,,136,4,308096,2644,158,40,,,,,,,,,,,,,,,,,,,,,77,16.541337041999213,793,808,15,0,False,True,True,75,0,"[404, 389]","[0, 1, 2, 3, 4, 5, 6, 7, 8, 10, 9, 11, 12, 13, 14, 15, 16, 17, 18, 20, 19, 21, 22, 23, 24, 25, 26, 27, 28, 29, 30, 31, 32, 33, 34, 35, 37, 36, 38, 39]","[0, 1, 2, 4, 5, 3, 6, 7, 8, 10, 11, 9, 13, 14, 12, 15, 16, 18, 20, 17, 22, 19, 21, 23, 24, 25, 26, 27, 28, 29, 30, 32, 34, 31, 33, 35, 37, 36, 38, 39]",,"{'index': 1, 'interactions': [('unitary', (29, 30))]}","[2, 4, 5, 5, 5, 5, 5, 4, 3, 3, 3, 4, 5, 5, 6, 6, 4, 2, 3, 4, 6, 7, 7, 8, 7, 6, 6, 5, 5, 5, 5, 5, 4, 3, 4, 5, 4, 4, 2]",91f42348ef1e761d45d4ac99bd0597b0394b9d86ecb8303235efc44a2d178154,,,,,,,,,,,,,,,,,,,,,,,,,,,,
1216.5222120829858,rewiring,right,post_unswap,0.16499841603217646,29,False,False,,,,,,,,,,,,,,,,,,,,,,,,,,,,,,,,,,,,,,,,,,,,,,,,,,,,,,,,,,,,,,,,,,,,,,77,,,,,,,,,,,,,,,,,,50,False,0,4,bond_profile,8,False,1,5051,"(315, 125, 9, 8, 15, 89, 27)",0.0029262910247780383,0.16204204293899238,"[{'seed': 2024, 'score': (315, 125, 9, 8, 21, 89, 33), 'num_layers': 33, 'total_swaps': 89, 'max_layer_swaps': 9, 'swap_only_layers': 21, 'work_layers': 12, 'unitary_layers': 12, 'first_work_layer': 3, 'leading_no_work_layers': 3, 'bond_profile_layers_scored': 8, 'bond_profile_total_cost': 315, 'bond_profile_max_cost': 125, 'bond_profile_gate_count': 9}, {'seed': 3033, 'score': (327, 136, 11, 8, 18, 90, 29), 'num_layers': 29, 'total_swaps': 90, 'max_layer_swaps': 8, 'swap_only_layers': 18, 'work_layers': 11, 'unitary_layers': 11, 'first_work_layer': 3, 'leading_no_work_layers': 3, 'bond_profile_layers_scored': 8, 'bond_profile_total_cost': 327, 'bond_profile_max_cost': 136, 'bond_profile_gate_count': 11}, {'seed': 4042, 'score': (370, 136, 10, 8, 15, 89, 27), 'num_layers': 27, 'total_swaps': 89, 'max_layer_swaps': 8, 'swap_only_layers': 15, 'work_layers': 12, 'unitary_layers': 12, 'first_work_layer': 3, 'leading_no_work_layers': 3, 'bond_profile_layers_scored': 8, 'bond_profile_total_cost': 370, 'bond_profile_max_cost': 136, 'bond_profile_gate_count': 10}, {'seed': 5051, 'score': (315, 125, 9, 8, 15, 89, 27), 'num_layers': 27, 'total_swaps': 89, 'max_layer_swaps': 9, 'swap_only_layers': 15, 'work_layers': 12, 'unitary_layers': 12, 'first_work_layer': 3, 'leading_no_work_layers': 3, 'bond_profile_layers_scored': 8, 'bond_profile_total_cost': 315, 'bond_profile_max_cost': 125, 'bond_profile_gate_count': 9}]",0.16499099996872246,0.16521870897850022,,,,,,,,,,,,,
1216.6348849579808,cycle_progress,,,,,,,,,,,,404,389,793,,,,,,,,,,,,,,,,,,,512,0.0006,,372000,37,,,,,,,,,,,,,136,4,308096,2644,158,40,,,,,,,,,,,,,,,,,,,,,77,,793,808,15,0,False,,,,,,,,,,,,,,,,,,,,,,,,,,0.16521870897850022,,,,,,,,,,,,,
1216.9503812500043,absorbing,,,,,,,R,0,1,0,27,404,389,793,7,0,0,0.0,0.19378262502141297,0.19378262502141297,0.19642716698581353,,323936,,136,False,False,False,False,323936,136,False,512,0.0006,,308096,38,total_elems,,323936,1,1,,,,0.0,,,,136,4,323936,2808,158,40,,,,,,,,,,,,,,,,,,,,,,,,,,,,,,,,,,,,,,,,,,,,,,,,,,,,,,,,,,,,,,,,,,
1217.347644124995,absorbing,,,,,,,R,0,2,0,27,404,389,793,8,0,0,0.0,0.28206633299123496,0.28206633299123496,0.2822687500156462,,372320,,136,False,False,False,False,372320,136,False,512,0.0006,,308096,38,total_elems,,372320,1,1,,,,0.0,,,,136,4,372320,3140,158,40,,,,,,,,,,,,,,,,,,,,,,,,,,,,,,,,,,,,,,,,,,,,,,,,,,,,,,,,,,,,,,,,,,
1219.8478054159787,unswapping,,,,,,,,,,,,,,,,,,,,,,,,,,,,,,,,,,,,,,,,,,,,,,,,,,136,4,372320,3140,158,40,0,both,0,20,20,0,[],0,,,,,0,,,,,,,,,,,,,,,,,,,,,,,,,,,,,,,,,,,,,,,,,,,,,,,,,,,,,
1221.1909041249892,unswapping,,,,,,,,,,,,,,,,,,,,,,,,,,,,,,,,,,,,,,,,,,,,,,,,,,136,4,372320,3140,158,40,0,both,1,19,19,0,[],0,,,,,0,,,,,,,,,,,,,,,,,,,,,,,,,,,,,,,,,,,,,,,,,,,,,,,,,,,,,
1221.9437951659784,unswapping,,,,,,,,,,,,,,,,,,,,,,,,,,,,,,,,,,,,,,,,,,,,,,,,,,136,4,372320,3140,158,40,0,left,0,20,20,0,[],0,,,,,0,,,,,,,,,,,,,,,,,,,,,,,,,,,,,,,,,,,,,,,,,,,,,,,,,,,,,
1222.568982457975,unswapping,,,,,,,,,,,,,,,,,,,,,,,,,,,,,,,,,,,,,,,,,,,,,,,,,,136,4,372320,3140,158,40,0,left,1,19,19,0,[],0,,,,,0,,,,,,,,,,,,,,,,,,,,,,,,,,,,,,,,,,,,,,,,,,,,,,,,,,,,,
1223.3371001660125,unswapping,,,,,,,,,,,,,,,,,,,,,,,,,,,,,,,,,,,,,,,,,,,,,,,,,,136,4,372320,3140,158,40,0,right,0,20,20,0,[],0,,,,,0,,,,,,,,,,,,,,,,,,,,,,,,,,,,,,,,,,,,,,,,,,,,,,,,,,,,,
1223.9601104159956,unswapping,,,,,,,,,,,,,,,,,,,,,,,,,,,,,,,,,,,,,,,,,,,,,,,,,,136,4,372320,3140,158,40,0,right,1,19,19,0,[],0,,,,,0,,,,,,,,,,,,,,,,,,,,,,,,,,,,,,,,,,,,,,,,,,,,,,,,,,,,,
1224.59966745798,unswap_cycle_summary,,,,,,,,,,,,404,389,793,,,,,,,,,,,,,,,,,,,512,0.0006,,,,,,,,,,,,,,,,136,4,372320,3140,158,40,,,,,,,,,,,,,,,,,,,,,78,5.9624486659886315,793,808,15,0,False,True,True,76,15,"[404, 389]","[0, 1, 2, 3, 4, 5, 6, 7, 8, 9, 10, 11, 12, 13, 14, 15, 16, 17, 18, 19, 20, 21, 22, 23, 24, 25, 26, 27, 28, 29, 30, 31, 32, 33, 34, 35, 36, 37, 38, 39]","[0, 1, 2, 3, 4, 5, 6, 7, 8, 9, 10, 11, 12, 13, 14, 15, 16, 17, 18, 19, 20, 21, 22, 23, 24, 25, 26, 27, 28, 29, 30, 31, 32, 33, 34, 35, 36, 37, 38, 39]",,"{'index': 3, 'interactions': [('unitary', (29, 30))]}","[2, 4, 5, 6, 5, 5, 5, 4, 3, 4, 4, 4, 5, 6, 6, 6, 4, 4, 4, 6, 6, 7, 7, 8, 7, 6, 6, 5, 5, 5, 5, 6, 5, 5, 4, 5, 6, 4, 2]",6f33b907aba6995b292c2f675bee587eba7c92b52971ebfe1d09cb060a800099,,,,,,,,,,,,,,,,,,,,,,,,,,,,
1224.8351127079804,rewiring,right,post_unswap,0.12925908400211483,27,False,False,,,,,,,,,,,,,,,,,,,,,,,,,,,,,,,,,,,,,,,,,,,,,,,,,,,,,,,,,,,,,,,,,,,,,,78,,,,,,,,,,,,,,,,,,50,False,0,4,bond_profile,8,False,1,2024,"(326, 64, 9, 8, 14, 74, 27)",0.0025375830591656268,0.12670112506020814,"[{'seed': 2024, 'score': (326, 64, 9, 8, 14, 74, 27), 'num_layers': 27, 'total_swaps': 74, 'max_layer_swaps': 9, 'swap_only_layers': 14, 'work_layers': 13, 'unitary_layers': 13, 'first_work_layer': 1, 'leading_no_work_layers': 1, 'bond_profile_layers_scored': 8, 'bond_profile_total_cost': 326, 'bond_profile_max_cost': 64, 'bond_profile_gate_count': 9}, {'seed': 3033, 'score': (359, 60, 10, 8, 16, 74, 28), 'num_layers': 28, 'total_swaps': 74, 'max_layer_swaps': 9, 'swap_only_layers': 16, 'work_layers': 12, 'unitary_layers': 12, 'first_work_layer': 1, 'leading_no_work_layers': 1, 'bond_profile_layers_scored': 8, 'bond_profile_total_cost': 359, 'bond_profile_max_cost': 60, 'bond_profile_gate_count': 10}, {'seed': 4042, 'score': (326, 64, 9, 8, 15, 74, 28), 'num_layers': 28, 'total_swaps': 74, 'max_layer_swaps': 9, 'swap_only_layers': 15, 'work_layers': 13, 'unitary_layers': 13, 'first_work_layer': 1, 'leading_no_work_layers': 1, 'bond_profile_layers_scored': 8, 'bond_profile_total_cost': 326, 'bond_profile_max_cost': 64, 'bond_profile_gate_count': 9}, {'seed': 5051, 'score': (371, 60, 11, 8, 16, 74, 27), 'num_layers': 27, 'total_swaps': 74, 'max_layer_swaps': 9, 'swap_only_layers': 16, 'work_layers': 11, 'unitary_layers': 11, 'first_work_layer': 1, 'leading_no_work_layers': 1, 'bond_profile_layers_scored': 8, 'bond_profile_total_cost': 371, 'bond_profile_max_cost': 60, 'bond_profile_gate_count': 11}]",0.12925470795016736,0.12941945804050192,,,,,,,,,,,,,
1224.942591583007,cycle_progress,,,,,,,,,,,,404,389,793,,,,,,,,,,,,,,,,,,,512,0.0006,,308096,38,,,,,,,,,,,,,136,4,372320,3140,158,40,,,,,,,,,,,,,,,,,,,,,78,,793,808,15,0,False,,,,,,,,,,,,,,,,,,,,,,,,,,0.12941945804050192,,,,,,,,,,,,,
1227.5864290829631,unswapping,,,,,,,,,,,,,,,,,,,,,,,,,,,,,,,,,,,,,,,,,,,,,,,,,,136,4,367456,3076,158,40,0,both,0,20,20,1,"[[36, 37]]",1,,,,,0,,,,,,,,,,,,,,,,,,,,,,,,,,,,,,,,,,,,,,,,,,,,,,,,,,,,,
1229.3872748750146,unswapping,,,,,,,,,,,,,,,,,,,,,,,,,,,,,,,,,,,,,,,,,,,,,,,,,,136,4,327800,2830,158,40,0,both,1,19,19,6,"[[3, 4], [9, 10], [19, 20], [21, 22], [31, 32], [33, 34]]",7,,,,,0,,,,,,,,,,,,,,,,,,,,,,,,,,,,,,,,,,,,,,,,,,,,,,,,,,,,,
1230.002963958017,unswapping,,,,,,,,,,,,,,,,,,,,,,,,,,,,,,,,,,,,,,,,,,,,,,,,,,136,4,327800,2830,158,40,0,left,0,20,20,0,[],7,,,,,0,,,,,,,,,,,,,,,,,,,,,,,,,,,,,,,,,,,,,,,,,,,,,,,,,,,,,
1230.8538710830035,unswapping,,,,,,,,,,,,,,,,,,,,,,,,,,,,,,,,,,,,,,,,,,,,,,,,,,136,4,322720,2784,158,40,0,left,1,19,19,4,"[[3, 4], [21, 22], [31, 32], [33, 34]]",11,,,,,8,,,,,,,,,,,,,,,,,,,,,,,,,,,,,,,,,,,,,,,,,,,,,,,,,,,,,
1231.5940005829907,unswapping,,,,,,,,,,,,,,,,,,,,,,,,,,,,,,,,,,,,,,,,,,,,,,,,,,136,4,316864,2732,158,40,0,right,0,20,20,5,"[[4, 5], [10, 11], [12, 13], [20, 21], [32, 33]]",16,,,,,18,,,,,,,,,,,,,,,,,,,,,,,,,,,,,,,,,,,,,,,,,,,,,,,,,,,,,
1232.3548776659882,unswapping,,,,,,,,,,,,,,,,,,,,,,,,,,,,,,,,,,,,,,,,,,,,,,,,,,136,4,308352,2652,158,40,0,right,1,19,19,2,"[[13, 14], [17, 18]]",18,,,,,22,,,,,,,,,,,,,,,,,,,,,,,,,,,,,,,,,,,,,,,,,,,,,,,,,,,,,
1233.5352562079788,unswapping,,,,,,,,,,,,,,,,,,,,,,,,,,,,,,,,,,,,,,,,,,,,,,,,,,136,4,308352,2652,158,40,1,both,0,20,20,0,[],0,,,,,22,,,,,,,,,,,,,,,,,,,,,,,,,,,,,,,,,,,,,,,,,,,,,,,,,,,,,
1234.816705166013,unswapping,,,,,,,,,,,,,,,,,,,,,,,,,,,,,,,,,,,,,,,,,,,,,,,,,,136,4,308352,2652,158,40,1,both,1,19,19,0,[],0,,,,,22,,,,,,,,,,,,,,,,,,,,,,,,,,,,,,,,,,,,,,,,,,,,,,,,,,,,,
1235.35980633297,unswapping,,,,,,,,,,,,,,,,,,,,,,,,,,,,,,,,,,,,,,,,,,,,,,,,,,136,4,308352,2652,158,40,1,left,0,20,20,0,[],0,,,,,22,,,,,,,,,,,,,,,,,,,,,,,,,,,,,,,,,,,,,,,,,,,,,,,,,,,,,
1235.9578206249862,unswapping,,,,,,,,,,,,,,,,,,,,,,,,,,,,,,,,,,,,,,,,,,,,,,,,,,136,4,308352,2652,158,40,1,left,1,19,19,0,[],0,,,,,22,,,,,,,,,,,,,,,,,,,,,,,,,,,,,,,,,,,,,,,,,,,,,,,,,,,,,
1236.651249165996,unswapping,,,,,,,,,,,,,,,,,,,,,,,,,,,,,,,,,,,,,,,,,,,,,,,,,,136,4,308096,2644,158,40,1,right,0,20,20,1,"[[18, 19]]",1,,,,,24,,,,,,,,,,,,,,,,,,,,,,,,,,,,,,,,,,,,,,,,,,,,,,,,,,,,,
1237.232442040986,unswapping,,,,,,,,,,,,,,,,,,,,,,,,,,,,,,,,,,,,,,,,,,,,,,,,,,136,4,308096,2644,158,40,1,right,1,19,19,0,[],1,,,,,24,,,,,,,,,,,,,,,,,,,,,,,,,,,,,,,,,,,,,,,,,,,,,,,,,,,,,
1238.4297069999739,unswapping,,,,,,,,,,,,,,,,,,,,,,,,,,,,,,,,,,,,,,,,,,,,,,,,,,136,4,308096,2644,158,40,2,both,0,20,20,0,[],0,,,,,24,,,,,,,,,,,,,,,,,,,,,,,,,,,,,,,,,,,,,,,,,,,,,,,,,,,,,
1239.6766584159923,unswapping,,,,,,,,,,,,,,,,,,,,,,,,,,,,,,,,,,,,,,,,,,,,,,,,,,136,4,308096,2644,158,40,2,both,1,19,19,0,[],0,,,,,24,,,,,,,,,,,,,,,,,,,,,,,,,,,,,,,,,,,,,,,,,,,,,,,,,,,,,
1240.254314040998,unswapping,,,,,,,,,,,,,,,,,,,,,,,,,,,,,,,,,,,,,,,,,,,,,,,,,,136,4,308096,2644,158,40,2,left,0,20,20,0,[],0,,,,,24,,,,,,,,,,,,,,,,,,,,,,,,,,,,,,,,,,,,,,,,,,,,,,,,,,,,,
1240.86484187498,unswapping,,,,,,,,,,,,,,,,,,,,,,,,,,,,,,,,,,,,,,,,,,,,,,,,,,136,4,308096,2644,158,40,2,left,1,19,19,0,[],0,,,,,24,,,,,,,,,,,,,,,,,,,,,,,,,,,,,,,,,,,,,,,,,,,,,,,,,,,,,
1241.3943082909682,unswapping,,,,,,,,,,,,,,,,,,,,,,,,,,,,,,,,,,,,,,,,,,,,,,,,,,136,4,308096,2644,158,40,2,right,0,20,20,0,[],0,,,,,24,,,,,,,,,,,,,,,,,,,,,,,,,,,,,,,,,,,,,,,,,,,,,,,,,,,,,
1241.9859324159916,unswapping,,,,,,,,,,,,,,,,,,,,,,,,,,,,,,,,,,,,,,,,,,,,,,,,,,136,4,308096,2644,158,40,2,right,1,19,19,0,[],0,,,,,24,,,,,,,,,,,,,,,,,,,,,,,,,,,,,,,,,,,,,,,,,,,,,,,,,,,,,
1243.9863384999917,unswap_cycle_summary,,,,,,,,,,,,404,389,793,,,,,,,,,,,,,,,,,,,512,0.0006,,,,,,,,,,,,,,,,136,4,308096,2644,158,40,,,,,,,,,,,,,,,,,,,,,79,16.465336124994792,793,808,15,0,False,True,True,77,0,"[404, 389]","[0, 1, 2, 3, 4, 5, 6, 7, 8, 10, 9, 11, 12, 13, 14, 15, 16, 17, 18, 20, 19, 21, 22, 23, 24, 25, 26, 27, 28, 29, 30, 31, 32, 33, 34, 35, 37, 36, 38, 39]","[0, 1, 2, 4, 5, 3, 6, 7, 8, 10, 11, 9, 13, 14, 12, 15, 16, 18, 20, 17, 22, 19, 21, 23, 24, 25, 26, 27, 28, 29, 30, 32, 34, 31, 33, 35, 37, 36, 38, 39]",,"{'index': 1, 'interactions': [('unitary', (29, 30))]}","[2, 4, 5, 5, 5, 5, 5, 4, 3, 3, 3, 4, 5, 5, 6, 6, 4, 2, 3, 4, 6, 7, 7, 8, 7, 6, 6, 5, 5, 5, 5, 5, 4, 3, 4, 5, 4, 4, 2]",91f42348ef1e761d45d4ac99bd0597b0394b9d86ecb8303235efc44a2d178154,,,,,,,,,,,,,,,,,,,,,,,,,,,,
1244.3230529159773,rewiring,right,post_unswap,0.22291170799871907,29,False,False,,,,,,,,,,,,,,,,,,,,,,,,,,,,,,,,,,,,,,,,,,,,,,,,,,,,,,,,,,,,,,,,,,,,,,79,,,,,,,,,,,,,,,,,,50,False,0,4,bond_profile,8,False,1,5051,"(315, 125, 9, 8, 15, 89, 27)",0.0030271680443547666,0.21985479106660932,"[{'seed': 2024, 'score': (315, 125, 9, 8, 21, 89, 33), 'num_layers': 33, 'total_swaps': 89, 'max_layer_swaps': 9, 'swap_only_layers': 21, 'work_layers': 12, 'unitary_layers': 12, 'first_work_layer': 3, 'leading_no_work_layers': 3, 'bond_profile_layers_scored': 8, 'bond_profile_total_cost': 315, 'bond_profile_max_cost': 125, 'bond_profile_gate_count': 9}, {'seed': 3033, 'score': (327, 136, 11, 8, 18, 90, 29), 'num_layers': 29, 'total_swaps': 90, 'max_layer_swaps': 8, 'swap_only_layers': 18, 'work_layers': 11, 'unitary_layers': 11, 'first_work_layer': 3, 'leading_no_work_layers': 3, 'bond_profile_layers_scored': 8, 'bond_profile_total_cost': 327, 'bond_profile_max_cost': 136, 'bond_profile_gate_count': 11}, {'seed': 4042, 'score': (370, 136, 10, 8, 15, 89, 27), 'num_layers': 27, 'total_swaps': 89, 'max_layer_swaps': 8, 'swap_only_layers': 15, 'work_layers': 12, 'unitary_layers': 12, 'first_work_layer': 3, 'leading_no_work_layers': 3, 'bond_profile_layers_scored': 8, 'bond_profile_total_cost': 370, 'bond_profile_max_cost': 136, 'bond_profile_gate_count': 10}, {'seed': 5051, 'score': (315, 125, 9, 8, 15, 89, 27), 'num_layers': 27, 'total_swaps': 89, 'max_layer_swaps': 9, 'swap_only_layers': 15, 'work_layers': 12, 'unitary_layers': 12, 'first_work_layer': 3, 'leading_no_work_layers': 3, 'bond_profile_layers_scored': 8, 'bond_profile_total_cost': 315, 'bond_profile_max_cost': 125, 'bond_profile_gate_count': 9}]",0.22290508297737688,0.223157457949128,,,,,,,,,,,,,
1244.43635145796,cycle_progress,,,,,,,,,,,,404,389,793,,,,,,,,,,,,,,,,,,,512,0.0006,,372320,39,,,,,,,,,,,,,136,4,308096,2644,158,40,,,,,,,,,,,,,,,,,,,,,79,,793,808,15,0,False,,,,,,,,,,,,,,,,,,,,,,,,,,0.223157457949128,,,,,,,,,,,,,
1244.7579882499995,absorbing,,,,,,,R,0,1,0,27,404,389,793,7,0,0,0.0,0.20360216696280986,0.20360216696280986,0.2061049579642713,,323936,,136,False,False,False,False,323936,136,False,512,0.0006,,308096,40,total_elems,,323936,1,1,,,,0.0,,,,136,4,323936,2808,158,40,,,,,,,,,,,,,,,,,,,,,,,,,,,,,,,,,,,,,,,,,,,,,,,,,,,,,,,,,,,,,,,,,,
1245.1299035410048,absorbing,,,,,,,R,0,2,0,27,404,389,793,8,0,0,0.0,0.2573862500139512,0.2573862500139512,0.257612582994625,,372000,,136,False,False,False,False,372000,136,False,512,0.0006,,308096,40,total_elems,,372000,1,1,,,,0.0,,,,136,4,372000,3132,158,40,,,,,,,,,,,,,,,,,,,,,,,,,,,,,,,,,,,,,,,,,,,,,,,,,,,,,,,,,,,,,,,,,,
1247.473398540984,unswapping,,,,,,,,,,,,,,,,,,,,,,,,,,,,,,,,,,,,,,,,,,,,,,,,,,136,4,372000,3132,158,40,0,both,0,20,20,0,[],0,,,,,0,,,,,,,,,,,,,,,,,,,,,,,,,,,,,,,,,,,,,,,,,,,,,,,,,,,,,
1248.8340562909725,unswapping,,,,,,,,,,,,,,,,,,,,,,,,,,,,,,,,,,,,,,,,,,,,,,,,,,136,4,372000,3132,158,40,0,both,1,19,19,0,[],0,,,,,0,,,,,,,,,,,,,,,,,,,,,,,,,,,,,,,,,,,,,,,,,,,,,,,,,,,,,
1249.663314416015,unswapping,,,,,,,,,,,,,,,,,,,,,,,,,,,,,,,,,,,,,,,,,,,,,,,,,,136,4,372000,3132,158,40,0,left,0,20,20,0,[],0,,,,,0,,,,,,,,,,,,,,,,,,,,,,,,,,,,,,,,,,,,,,,,,,,,,,,,,,,,,
1250.3710952909896,unswapping,,,,,,,,,,,,,,,,,,,,,,,,,,,,,,,,,,,,,,,,,,,,,,,,,,136,4,372000,3132,158,40,0,left,1,19,19,0,[],0,,,,,0,,,,,,,,,,,,,,,,,,,,,,,,,,,,,,,,,,,,,,,,,,,,,,,,,,,,,
1251.1949717079988,unswapping,,,,,,,,,,,,,,,,,,,,,,,,,,,,,,,,,,,,,,,,,,,,,,,,,,136,4,372000,3132,158,40,0,right,0,20,20,0,[],0,,,,,0,,,,,,,,,,,,,,,,,,,,,,,,,,,,,,,,,,,,,,,,,,,,,,,,,,,,,
1251.8551995829912,unswapping,,,,,,,,,,,,,,,,,,,,,,,,,,,,,,,,,,,,,,,,,,,,,,,,,,136,4,372000,3132,158,40,0,right,1,19,19,0,[],0,,,,,0,,,,,,,,,,,,,,,,,,,,,,,,,,,,,,,,,,,,,,,,,,,,,,,,,,,,,
1252.535384207964,unswap_cycle_summary,,,,,,,,,,,,404,389,793,,,,,,,,,,,,,,,,,,,512,0.0006,,,,,,,,,,,,,,,,136,4,372000,3132,158,40,,,,,,,,,,,,,,,,,,,,,80,6.1125948340049945,793,808,15,0,False,True,True,78,15,"[404, 389]","[0, 1, 2, 3, 4, 5, 6, 7, 8, 9, 10, 11, 12, 13, 14, 15, 16, 17, 18, 19, 20, 21, 22, 23, 24, 25, 26, 27, 28, 29, 30, 31, 32, 33, 34, 35, 36, 37, 38, 39]","[0, 1, 2, 3, 4, 5, 6, 7, 8, 9, 10, 11, 12, 13, 14, 15, 16, 17, 18, 19, 20, 21, 22, 23, 24, 25, 26, 27, 28, 29, 30, 31, 32, 33, 34, 35, 36, 37, 38, 39]",,"{'index': 3, 'interactions': [('unitary', (29, 30))]}","[2, 4, 5, 6, 5, 5, 5, 4, 3, 4, 4, 4, 5, 6, 6, 6, 4, 4, 4, 6, 6, 7, 7, 8, 7, 6, 6, 5, 5, 5, 5, 6, 5, 5, 4, 5, 6, 4, 2]",6f33b907aba6995b292c2f675bee587eba7c92b52971ebfe1d09cb060a800099,,,,,,,,,,,,,,,,,,,,,,,,,,,,
1252.7054167499882,rewiring,right,post_unswap,0.05715558398514986,27,False,False,,,,,,,,,,,,,,,,,,,,,,,,,,,,,,,,,,,,,,,,,,,,,,,,,,,,,,,,,,,,,,,,,,,,,,80,,,,,,,,,,,,,,,,,,50,False,0,4,bond_profile,8,False,1,2024,"(322, 64, 9, 8, 14, 74, 27)",0.0027151249814778566,0.05441333301132545,"[{'seed': 2024, 'score': (322, 64, 9, 8, 14, 74, 27), 'num_layers': 27, 'total_swaps': 74, 'max_layer_swaps': 9, 'swap_only_layers': 14, 'work_layers': 13, 'unitary_layers': 13, 'first_work_layer': 1, 'leading_no_work_layers': 1, 'bond_profile_layers_scored': 8, 'bond_profile_total_cost': 322, 'bond_profile_max_cost': 64, 'bond_profile_gate_count': 9}, {'seed': 3033, 'score': (355, 60, 10, 8, 16, 74, 28), 'num_layers': 28, 'total_swaps': 74, 'max_layer_swaps': 9, 'swap_only_layers': 16, 'work_layers': 12, 'unitary_layers': 12, 'first_work_layer': 1, 'leading_no_work_layers': 1, 'bond_profile_layers_scored': 8, 'bond_profile_total_cost': 355, 'bond_profile_max_cost': 60, 'bond_profile_gate_count': 10}, {'seed': 4042, 'score': (322, 64, 9, 8, 15, 74, 28), 'num_layers': 28, 'total_swaps': 74, 'max_layer_swaps': 9, 'swap_only_layers': 15, 'work_layers': 13, 'unitary_layers': 13, 'first_work_layer': 1, 'leading_no_work_layers': 1, 'bond_profile_layers_scored': 8, 'bond_profile_total_cost': 322, 'bond_profile_max_cost': 64, 'bond_profile_gate_count': 9}, {'seed': 5051, 'score': (367, 60, 11, 8, 16, 74, 27), 'num_layers': 27, 'total_swaps': 74, 'max_layer_swaps': 9, 'swap_only_layers': 16, 'work_layers': 11, 'unitary_layers': 11, 'first_work_layer': 1, 'leading_no_work_layers': 1, 'bond_profile_layers_scored': 8, 'bond_profile_total_cost': 367, 'bond_profile_max_cost': 60, 'bond_profile_gate_count': 11}]",0.0571460000355728,0.057335207995492965,,,,,,,,,,,,,
1252.8162886250066,cycle_progress,,,,,,,,,,,,404,389,793,,,,,,,,,,,,,,,,,,,512,0.0006,,308096,40,,,,,,,,,,,,,136,4,372000,3132,158,40,,,,,,,,,,,,,,,,,,,,,80,,793,808,15,0,False,,,,,,,,,,,,,,,,,,,,,,,,,,0.057335207995492965,,,,,,,,,,,,,
1255.6196253749658,unswapping,,,,,,,,,,,,,,,,,,,,,,,,,,,,,,,,,,,,,,,,,,,,,,,,,,136,4,367136,3068,158,40,0,both,0,20,20,1,"[[36, 37]]",1,,,,,0,,,,,,,,,,,,,,,,,,,,,,,,,,,,,,,,,,,,,,,,,,,,,,,,,,,,,
1257.4758082079934,unswapping,,,,,,,,,,,,,,,,,,,,,,,,,,,,,,,,,,,,,,,,,,,,,,,,,,136,4,327800,2830,158,40,0,both,1,19,19,6,"[[3, 4], [9, 10], [19, 20], [21, 22], [31, 32], [33, 34]]",7,,,,,0,,,,,,,,,,,,,,,,,,,,,,,,,,,,,,,,,,,,,,,,,,,,,,,,,,,,,
1258.013752083003,unswapping,,,,,,,,,,,,,,,,,,,,,,,,,,,,,,,,,,,,,,,,,,,,,,,,,,136,4,327800,2830,158,40,0,left,0,20,20,0,[],7,,,,,0,,,,,,,,,,,,,,,,,,,,,,,,,,,,,,,,,,,,,,,,,,,,,,,,,,,,,
1258.8377908329712,unswapping,,,,,,,,,,,,,,,,,,,,,,,,,,,,,,,,,,,,,,,,,,,,,,,,,,136,4,322720,2784,158,40,0,left,1,19,19,4,"[[3, 4], [21, 22], [31, 32], [33, 34]]",11,,,,,8,,,,,,,,,,,,,,,,,,,,,,,,,,,,,,,,,,,,,,,,,,,,,,,,,,,,,
1259.545276416,unswapping,,,,,,,,,,,,,,,,,,,,,,,,,,,,,,,,,,,,,,,,,,,,,,,,,,136,4,316864,2732,158,40,0,right,0,20,20,5,"[[4, 5], [10, 11], [12, 13], [20, 21], [32, 33]]",16,,,,,18,,,,,,,,,,,,,,,,,,,,,,,,,,,,,,,,,,,,,,,,,,,,,,,,,,,,,
1260.2963898750022,unswapping,,,,,,,,,,,,,,,,,,,,,,,,,,,,,,,,,,,,,,,,,,,,,,,,,,136,4,308352,2652,158,40,0,right,1,19,19,2,"[[13, 14], [17, 18]]",18,,,,,22,,,,,,,,,,,,,,,,,,,,,,,,,,,,,,,,,,,,,,,,,,,,,,,,,,,,,
1261.5087350829854,unswapping,,,,,,,,,,,,,,,,,,,,,,,,,,,,,,,,,,,,,,,,,,,,,,,,,,136,4,308352,2652,158,40,1,both,0,20,20,0,[],0,,,,,22,,,,,,,,,,,,,,,,,,,,,,,,,,,,,,,,,,,,,,,,,,,,,,,,,,,,,
1262.791779665975,unswapping,,,,,,,,,,,,,,,,,,,,,,,,,,,,,,,,,,,,,,,,,,,,,,,,,,136,4,308352,2652,158,40,1,both,1,19,19,0,[],0,,,,,22,,,,,,,,,,,,,,,,,,,,,,,,,,,,,,,,,,,,,,,,,,,,,,,,,,,,,
1263.2964300829917,unswapping,,,,,,,,,,,,,,,,,,,,,,,,,,,,,,,,,,,,,,,,,,,,,,,,,,136,4,308352,2652,158,40,1,left,0,20,20,0,[],0,,,,,22,,,,,,,,,,,,,,,,,,,,,,,,,,,,,,,,,,,,,,,,,,,,,,,,,,,,,
1263.8712388330023,unswapping,,,,,,,,,,,,,,,,,,,,,,,,,,,,,,,,,,,,,,,,,,,,,,,,,,136,4,308352,2652,158,40,1,left,1,19,19,0,[],0,,,,,22,,,,,,,,,,,,,,,,,,,,,,,,,,,,,,,,,,,,,,,,,,,,,,,,,,,,,
1264.5720652079908,unswapping,,,,,,,,,,,,,,,,,,,,,,,,,,,,,,,,,,,,,,,,,,,,,,,,,,136,4,308096,2644,158,40,1,right,0,20,20,1,"[[18, 19]]",1,,,,,24,,,,,,,,,,,,,,,,,,,,,,,,,,,,,,,,,,,,,,,,,,,,,,,,,,,,,
1265.1689075829927,unswapping,,,,,,,,,,,,,,,,,,,,,,,,,,,,,,,,,,,,,,,,,,,,,,,,,,136,4,308096,2644,158,40,1,right,1,19,19,0,[],1,,,,,24,,,,,,,,,,,,,,,,,,,,,,,,,,,,,,,,,,,,,,,,,,,,,,,,,,,,,
1266.314267290989,unswapping,,,,,,,,,,,,,,,,,,,,,,,,,,,,,,,,,,,,,,,,,,,,,,,,,,136,4,308096,2644,158,40,2,both,0,20,20,0,[],0,,,,,24,,,,,,,,,,,,,,,,,,,,,,,,,,,,,,,,,,,,,,,,,,,,,,,,,,,,,
1267.5379325000104,unswapping,,,,,,,,,,,,,,,,,,,,,,,,,,,,,,,,,,,,,,,,,,,,,,,,,,136,4,308096,2644,158,40,2,both,1,19,19,0,[],0,,,,,24,,,,,,,,,,,,,,,,,,,,,,,,,,,,,,,,,,,,,,,,,,,,,,,,,,,,,
1268.1010114579694,unswapping,,,,,,,,,,,,,,,,,,,,,,,,,,,,,,,,,,,,,,,,,,,,,,,,,,136,4,308096,2644,158,40,2,left,0,20,20,0,[],0,,,,,24,,,,,,,,,,,,,,,,,,,,,,,,,,,,,,,,,,,,,,,,,,,,,,,,,,,,,
1268.6986046250095,unswapping,,,,,,,,,,,,,,,,,,,,,,,,,,,,,,,,,,,,,,,,,,,,,,,,,,136,4,308096,2644,158,40,2,left,1,19,19,0,[],0,,,,,24,,,,,,,,,,,,,,,,,,,,,,,,,,,,,,,,,,,,,,,,,,,,,,,,,,,,,
1269.2421139159705,unswapping,,,,,,,,,,,,,,,,,,,,,,,,,,,,,,,,,,,,,,,,,,,,,,,,,,136,4,308096,2644,158,40,2,right,0,20,20,0,[],0,,,,,24,,,,,,,,,,,,,,,,,,,,,,,,,,,,,,,,,,,,,,,,,,,,,,,,,,,,,
1269.8327553750132,unswapping,,,,,,,,,,,,,,,,,,,,,,,,,,,,,,,,,,,,,,,,,,,,,,,,,,136,4,308096,2644,158,40,2,right,1,19,19,0,[],0,,,,,24,,,,,,,,,,,,,,,,,,,,,,,,,,,,,,,,,,,,,,,,,,,,,,,,,,,,,
1271.872991665965,unswap_cycle_summary,,,,,,,,,,,,404,389,793,,,,,,,,,,,,,,,,,,,512,0.0006,,,,,,,,,,,,,,,,136,4,308096,2644,158,40,,,,,,,,,,,,,,,,,,,,,81,16.426074583025184,793,808,15,0,False,True,True,79,0,"[404, 389]","[0, 1, 2, 3, 4, 5, 6, 7, 8, 10, 9, 11, 12, 13, 14, 15, 16, 17, 18, 20, 19, 21, 22, 23, 24, 25, 26, 27, 28, 29, 30, 31, 32, 33, 34, 35, 37, 36, 38, 39]","[0, 1, 2, 4, 5, 3, 6, 7, 8, 10, 11, 9, 13, 14, 12, 15, 16, 18, 20, 17, 22, 19, 21, 23, 24, 25, 26, 27, 28, 29, 30, 32, 34, 31, 33, 35, 37, 36, 38, 39]",,"{'index': 1, 'interactions': [('unitary', (29, 30))]}","[2, 4, 5, 5, 5, 5, 5, 4, 3, 3, 3, 4, 5, 5, 6, 6, 4, 2, 3, 4, 6, 7, 7, 8, 7, 6, 6, 5, 5, 5, 5, 5, 4, 3, 4, 5, 4, 4, 2]",91f42348ef1e761d45d4ac99bd0597b0394b9d86ecb8303235efc44a2d178154,,,,,,,,,,,,,,,,,,,,,,,,,,,,
1272.123328124988,rewiring,right,post_unswap,0.13907491602003574,29,False,False,,,,,,,,,,,,,,,,,,,,,,,,,,,,,,,,,,,,,,,,,,,,,,,,,,,,,,,,,,,,,,,,,,,,,,81,,,,,,,,,,,,,,,,,,50,False,0,4,bond_profile,8,False,1,5051,"(315, 125, 9, 8, 15, 89, 27)",0.002661041042301804,0.13639220705954358,"[{'seed': 2024, 'score': (315, 125, 9, 8, 21, 89, 33), 'num_layers': 33, 'total_swaps': 89, 'max_layer_swaps': 9, 'swap_only_layers': 21, 'work_layers': 12, 'unitary_layers': 12, 'first_work_layer': 3, 'leading_no_work_layers': 3, 'bond_profile_layers_scored': 8, 'bond_profile_total_cost': 315, 'bond_profile_max_cost': 125, 'bond_profile_gate_count': 9}, {'seed': 3033, 'score': (327, 136, 11, 8, 18, 90, 29), 'num_layers': 29, 'total_swaps': 90, 'max_layer_swaps': 8, 'swap_only_layers': 18, 'work_layers': 11, 'unitary_layers': 11, 'first_work_layer': 3, 'leading_no_work_layers': 3, 'bond_profile_layers_scored': 8, 'bond_profile_total_cost': 327, 'bond_profile_max_cost': 136, 'bond_profile_gate_count': 11}, {'seed': 4042, 'score': (370, 136, 10, 8, 15, 89, 27), 'num_layers': 27, 'total_swaps': 89, 'max_layer_swaps': 8, 'swap_only_layers': 15, 'work_layers': 12, 'unitary_layers': 12, 'first_work_layer': 3, 'leading_no_work_layers': 3, 'bond_profile_layers_scored': 8, 'bond_profile_total_cost': 370, 'bond_profile_max_cost': 136, 'bond_profile_gate_count': 10}, {'seed': 5051, 'score': (315, 125, 9, 8, 15, 89, 27), 'num_layers': 27, 'total_swaps': 89, 'max_layer_swaps': 9, 'swap_only_layers': 15, 'work_layers': 12, 'unitary_layers': 12, 'first_work_layer': 3, 'leading_no_work_layers': 3, 'bond_profile_layers_scored': 8, 'bond_profile_total_cost': 315, 'bond_profile_max_cost': 125, 'bond_profile_gate_count': 9}]",0.13906949997181073,0.13928187498822808,,,,,,,,,,,,,
1272.2335718749673,cycle_progress,,,,,,,,,,,,404,389,793,,,,,,,,,,,,,,,,,,,512,0.0006,,372000,41,,,,,,,,,,,,,136,4,308096,2644,158,40,,,,,,,,,,,,,,,,,,,,,81,,793,808,15,0,False,,,,,,,,,,,,,,,,,,,,,,,,,,0.13928187498822808,,,,,,,,,,,,,
1272.5581374999601,absorbing,,,,,,,R,0,1,0,27,404,389,793,7,0,0,0.0,0.1882731249788776,0.1882731249788776,0.1902460420387797,,323936,,136,False,False,False,False,323936,136,False,512,0.0006,,308096,42,total_elems,,323936,1,1,,,,0.0,,,,136,4,323936,2808,158,40,,,,,,,,,,,,,,,,,,,,,,,,,,,,,,,,,,,,,,,,,,,,,,,,,,,,,,,,,,,,,,,,,,
1272.9194195409655,absorbing,,,,,,,R,0,2,0,27,404,389,793,8,0,0,0.0,0.24386999994749203,0.24386999994749203,0.24407566600712016,,372320,,136,False,False,False,False,372320,136,False,512,0.0006,,308096,42,total_elems,,372320,1,1,,,,0.0,,,,136,4,372320,3140,158,40,,,,,,,,,,,,,,,,,,,,,,,,,,,,,,,,,,,,,,,,,,,,,,,,,,,,,,,,,,,,,,,,,,
1275.3419486659695,unswapping,,,,,,,,,,,,,,,,,,,,,,,,,,,,,,,,,,,,,,,,,,,,,,,,,,136,4,372320,3140,158,40,0,both,0,20,20,0,[],0,,,,,0,,,,,,,,,,,,,,,,,,,,,,,,,,,,,,,,,,,,,,,,,,,,,,,,,,,,,
1276.6232379159774,unswapping,,,,,,,,,,,,,,,,,,,,,,,,,,,,,,,,,,,,,,,,,,,,,,,,,,136,4,372320,3140,158,40,0,both,1,19,19,0,[],0,,,,,0,,,,,,,,,,,,,,,,,,,,,,,,,,,,,,,,,,,,,,,,,,,,,,,,,,,,,
1277.388208874967,unswapping,,,,,,,,,,,,,,,,,,,,,,,,,,,,,,,,,,,,,,,,,,,,,,,,,,136,4,372320,3140,158,40,0,left,0,20,20,0,[],0,,,,,0,,,,,,,,,,,,,,,,,,,,,,,,,,,,,,,,,,,,,,,,,,,,,,,,,,,,,
1278.033360750007,unswapping,,,,,,,,,,,,,,,,,,,,,,,,,,,,,,,,,,,,,,,,,,,,,,,,,,136,4,372320,3140,158,40,0,left,1,19,19,0,[],0,,,,,0,,,,,,,,,,,,,,,,,,,,,,,,,,,,,,,,,,,,,,,,,,,,,,,,,,,,,
1278.854293915967,unswapping,,,,,,,,,,,,,,,,,,,,,,,,,,,,,,,,,,,,,,,,,,,,,,,,,,136,4,372320,3140,158,40,0,right,0,20,20,0,[],0,,,,,0,,,,,,,,,,,,,,,,,,,,,,,,,,,,,,,,,,,,,,,,,,,,,,,,,,,,,
1279.5132978750044,unswapping,,,,,,,,,,,,,,,,,,,,,,,,,,,,,,,,,,,,,,,,,,,,,,,,,,136,4,372320,3140,158,40,0,right,1,19,19,0,[],0,,,,,0,,,,,,,,,,,,,,,,,,,,,,,,,,,,,,,,,,,,,,,,,,,,,,,,,,,,,
1280.2190810000175,unswap_cycle_summary,,,,,,,,,,,,404,389,793,,,,,,,,,,,,,,,,,,,512,0.0006,,,,,,,,,,,,,,,,136,4,372320,3140,158,40,,,,,,,,,,,,,,,,,,,,,82,5.979052125010639,793,808,15,0,False,True,True,80,15,"[404, 389]","[0, 1, 2, 3, 4, 5, 6, 7, 8, 9, 10, 11, 12, 13, 14, 15, 16, 17, 18, 19, 20, 21, 22, 23, 24, 25, 26, 27, 28, 29, 30, 31, 32, 33, 34, 35, 36, 37, 38, 39]","[0, 1, 2, 3, 4, 5, 6, 7, 8, 9, 10, 11, 12, 13, 14, 15, 16, 17, 18, 19, 20, 21, 22, 23, 24, 25, 26, 27, 28, 29, 30, 31, 32, 33, 34, 35, 36, 37, 38, 39]",,"{'index': 3, 'interactions': [('unitary', (29, 30))]}","[2, 4, 5, 6, 5, 5, 5, 4, 3, 4, 4, 4, 5, 6, 6, 6, 4, 4, 4, 6, 6, 7, 7, 8, 7, 6, 6, 5, 5, 5, 5, 6, 5, 5, 4, 5, 6, 4, 2]",6f33b907aba6995b292c2f675bee587eba7c92b52971ebfe1d09cb060a800099,,,,,,,,,,,,,,,,,,,,,,,,,,,,
1280.4739210410044,rewiring,right,post_unswap,0.14428820903412998,27,False,False,,,,,,,,,,,,,,,,,,,,,,,,,,,,,,,,,,,,,,,,,,,,,,,,,,,,,,,,,,,,,,,,,,,,,,82,,,,,,,,,,,,,,,,,,50,False,0,4,bond_profile,8,False,1,2024,"(326, 64, 9, 8, 14, 74, 27)",0.002682582999113947,0.14158333401428536,"[{'seed': 2024, 'score': (326, 64, 9, 8, 14, 74, 27), 'num_layers': 27, 'total_swaps': 74, 'max_layer_swaps': 9, 'swap_only_layers': 14, 'work_layers': 13, 'unitary_layers': 13, 'first_work_layer': 1, 'leading_no_work_layers': 1, 'bond_profile_layers_scored': 8, 'bond_profile_total_cost': 326, 'bond_profile_max_cost': 64, 'bond_profile_gate_count': 9}, {'seed': 3033, 'score': (359, 60, 10, 8, 16, 74, 28), 'num_layers': 28, 'total_swaps': 74, 'max_layer_swaps': 9, 'swap_only_layers': 16, 'work_layers': 12, 'unitary_layers': 12, 'first_work_layer': 1, 'leading_no_work_layers': 1, 'bond_profile_layers_scored': 8, 'bond_profile_total_cost': 359, 'bond_profile_max_cost': 60, 'bond_profile_gate_count': 10}, {'seed': 4042, 'score': (326, 64, 9, 8, 15, 74, 28), 'num_layers': 28, 'total_swaps': 74, 'max_layer_swaps': 9, 'swap_only_layers': 15, 'work_layers': 13, 'unitary_layers': 13, 'first_work_layer': 1, 'leading_no_work_layers': 1, 'bond_profile_layers_scored': 8, 'bond_profile_total_cost': 326, 'bond_profile_max_cost': 64, 'bond_profile_gate_count': 9}, {'seed': 5051, 'score': (371, 60, 11, 8, 16, 74, 27), 'num_layers': 27, 'total_swaps': 74, 'max_layer_swaps': 9, 'swap_only_layers': 16, 'work_layers': 11, 'unitary_layers': 11, 'first_work_layer': 1, 'leading_no_work_layers': 1, 'bond_profile_layers_scored': 8, 'bond_profile_total_cost': 371, 'bond_profile_max_cost': 60, 'bond_profile_gate_count': 11}]",0.14428308297647163,0.1444718749844469,,,,,,,,,,,,,
1280.5929035829613,cycle_progress,,,,,,,,,,,,404,389,793,,,,,,,,,,,,,,,,,,,512,0.0006,,308096,42,,,,,,,,,,,,,136,4,372320,3140,158,40,,,,,,,,,,,,,,,,,,,,,82,,793,808,15,0,False,,,,,,,,,,,,,,,,,,,,,,,,,,0.1444718749844469,,,,,,,,,,,,,
1283.4274448750075,unswapping,,,,,,,,,,,,,,,,,,,,,,,,,,,,,,,,,,,,,,,,,,,,,,,,,,136,4,367456,3076,158,40,0,both,0,20,20,1,"[[36, 37]]",1,,,,,0,,,,,,,,,,,,,,,,,,,,,,,,,,,,,,,,,,,,,,,,,,,,,,,,,,,,,
1285.2649564999738,unswapping,,,,,,,,,,,,,,,,,,,,,,,,,,,,,,,,,,,,,,,,,,,,,,,,,,136,4,327800,2830,158,40,0,both,1,19,19,6,"[[3, 4], [9, 10], [19, 20], [21, 22], [31, 32], [33, 34]]",7,,,,,0,,,,,,,,,,,,,,,,,,,,,,,,,,,,,,,,,,,,,,,,,,,,,,,,,,,,,
1285.8472010410042,unswapping,,,,,,,,,,,,,,,,,,,,,,,,,,,,,,,,,,,,,,,,,,,,,,,,,,136,4,327800,2830,158,40,0,left,0,20,20,0,[],7,,,,,0,,,,,,,,,,,,,,,,,,,,,,,,,,,,,,,,,,,,,,,,,,,,,,,,,,,,,
1286.7034599579638,unswapping,,,,,,,,,,,,,,,,,,,,,,,,,,,,,,,,,,,,,,,,,,,,,,,,,,136,4,322720,2784,158,40,0,left,1,19,19,4,"[[3, 4], [21, 22], [31, 32], [33, 34]]",11,,,,,8,,,,,,,,,,,,,,,,,,,,,,,,,,,,,,,,,,,,,,,,,,,,,,,,,,,,,
1287.4309347500093,unswapping,,,,,,,,,,,,,,,,,,,,,,,,,,,,,,,,,,,,,,,,,,,,,,,,,,136,4,316864,2732,158,40,0,right,0,20,20,5,"[[4, 5], [10, 11], [12, 13], [20, 21], [32, 33]]",16,,,,,18,,,,,,,,,,,,,,,,,,,,,,,,,,,,,,,,,,,,,,,,,,,,,,,,,,,,,
1288.2109272499802,unswapping,,,,,,,,,,,,,,,,,,,,,,,,,,,,,,,,,,,,,,,,,,,,,,,,,,136,4,308352,2652,158,40,0,right,1,19,19,2,"[[13, 14], [17, 18]]",18,,,,,22,,,,,,,,,,,,,,,,,,,,,,,,,,,,,,,,,,,,,,,,,,,,,,,,,,,,,
1289.4031830829917,unswapping,,,,,,,,,,,,,,,,,,,,,,,,,,,,,,,,,,,,,,,,,,,,,,,,,,136,4,308352,2652,158,40,1,both,0,20,20,0,[],0,,,,,22,,,,,,,,,,,,,,,,,,,,,,,,,,,,,,,,,,,,,,,,,,,,,,,,,,,,,
1290.6672075410024,unswapping,,,,,,,,,,,,,,,,,,,,,,,,,,,,,,,,,,,,,,,,,,,,,,,,,,136,4,308352,2652,158,40,1,both,1,19,19,0,[],0,,,,,22,,,,,,,,,,,,,,,,,,,,,,,,,,,,,,,,,,,,,,,,,,,,,,,,,,,,,
1291.2055131659727,unswapping,,,,,,,,,,,,,,,,,,,,,,,,,,,,,,,,,,,,,,,,,,,,,,,,,,136,4,308352,2652,158,40,1,left,0,20,20,0,[],0,,,,,22,,,,,,,,,,,,,,,,,,,,,,,,,,,,,,,,,,,,,,,,,,,,,,,,,,,,,
1291.7890220409608,unswapping,,,,,,,,,,,,,,,,,,,,,,,,,,,,,,,,,,,,,,,,,,,,,,,,,,136,4,308352,2652,158,40,1,left,1,19,19,0,[],0,,,,,22,,,,,,,,,,,,,,,,,,,,,,,,,,,,,,,,,,,,,,,,,,,,,,,,,,,,,
1292.448370750004,unswapping,,,,,,,,,,,,,,,,,,,,,,,,,,,,,,,,,,,,,,,,,,,,,,,,,,136,4,308096,2644,158,40,1,right,0,20,20,1,"[[18, 19]]",1,,,,,24,,,,,,,,,,,,,,,,,,,,,,,,,,,,,,,,,,,,,,,,,,,,,,,,,,,,,
1293.0368608330027,unswapping,,,,,,,,,,,,,,,,,,,,,,,,,,,,,,,,,,,,,,,,,,,,,,,,,,136,4,308096,2644,158,40,1,right,1,19,19,0,[],1,,,,,24,,,,,,,,,,,,,,,,,,,,,,,,,,,,,,,,,,,,,,,,,,,,,,,,,,,,,
1294.1961736250087,unswapping,,,,,,,,,,,,,,,,,,,,,,,,,,,,,,,,,,,,,,,,,,,,,,,,,,136,4,308096,2644,158,40,2,both,0,20,20,0,[],0,,,,,24,,,,,,,,,,,,,,,,,,,,,,,,,,,,,,,,,,,,,,,,,,,,,,,,,,,,,
1295.4144373330055,unswapping,,,,,,,,,,,,,,,,,,,,,,,,,,,,,,,,,,,,,,,,,,,,,,,,,,136,4,308096,2644,158,40,2,both,1,19,19,0,[],0,,,,,24,,,,,,,,,,,,,,,,,,,,,,,,,,,,,,,,,,,,,,,,,,,,,,,,,,,,,
1295.9196153329685,unswapping,,,,,,,,,,,,,,,,,,,,,,,,,,,,,,,,,,,,,,,,,,,,,,,,,,136,4,308096,2644,158,40,2,left,0,20,20,0,[],0,,,,,24,,,,,,,,,,,,,,,,,,,,,,,,,,,,,,,,,,,,,,,,,,,,,,,,,,,,,
1296.4943059160141,unswapping,,,,,,,,,,,,,,,,,,,,,,,,,,,,,,,,,,,,,,,,,,,,,,,,,,136,4,308096,2644,158,40,2,left,1,19,19,0,[],0,,,,,24,,,,,,,,,,,,,,,,,,,,,,,,,,,,,,,,,,,,,,,,,,,,,,,,,,,,,
1297.0190829159692,unswapping,,,,,,,,,,,,,,,,,,,,,,,,,,,,,,,,,,,,,,,,,,,,,,,,,,136,4,308096,2644,158,40,2,right,0,20,20,0,[],0,,,,,24,,,,,,,,,,,,,,,,,,,,,,,,,,,,,,,,,,,,,,,,,,,,,,,,,,,,,
1297.6030514159938,unswapping,,,,,,,,,,,,,,,,,,,,,,,,,,,,,,,,,,,,,,,,,,,,,,,,,,136,4,308096,2644,158,40,2,right,1,19,19,0,[],0,,,,,24,,,,,,,,,,,,,,,,,,,,,,,,,,,,,,,,,,,,,,,,,,,,,,,,,,,,,
1299.6044260829804,unswap_cycle_summary,,,,,,,,,,,,404,389,793,,,,,,,,,,,,,,,,,,,512,0.0006,,,,,,,,,,,,,,,,136,4,308096,2644,158,40,,,,,,,,,,,,,,,,,,,,,83,16.38350916694617,793,808,15,0,False,True,True,81,0,"[404, 389]","[0, 1, 2, 3, 4, 5, 6, 7, 8, 10, 9, 11, 12, 13, 14, 15, 16, 17, 18, 20, 19, 21, 22, 23, 24, 25, 26, 27, 28, 29, 30, 31, 32, 33, 34, 35, 37, 36, 38, 39]","[0, 1, 2, 4, 5, 3, 6, 7, 8, 10, 11, 9, 13, 14, 12, 15, 16, 18, 20, 17, 22, 19, 21, 23, 24, 25, 26, 27, 28, 29, 30, 32, 34, 31, 33, 35, 37, 36, 38, 39]",,"{'index': 1, 'interactions': [('unitary', (29, 30))]}","[2, 4, 5, 5, 5, 5, 5, 4, 3, 3, 3, 4, 5, 5, 6, 6, 4, 2, 3, 4, 6, 7, 7, 8, 7, 6, 6, 5, 5, 5, 5, 5, 4, 3, 4, 5, 4, 4, 2]",91f42348ef1e761d45d4ac99bd0597b0394b9d86ecb8303235efc44a2d178154,,,,,,,,,,,,,,,,,,,,,,,,,,,,
1299.8655762909912,rewiring,right,post_unswap,0.1500367500120774,29,False,False,,,,,,,,,,,,,,,,,,,,,,,,,,,,,,,,,,,,,,,,,,,,,,,,,,,,,,,,,,,,,,,,,,,,,,83,,,,,,,,,,,,,,,,,,50,False,0,4,bond_profile,8,False,1,5051,"(315, 125, 9, 8, 15, 89, 27)",0.002679582976270467,0.14733387500746176,"[{'seed': 2024, 'score': (315, 125, 9, 8, 21, 89, 33), 'num_layers': 33, 'total_swaps': 89, 'max_layer_swaps': 9, 'swap_only_layers': 21, 'work_layers': 12, 'unitary_layers': 12, 'first_work_layer': 3, 'leading_no_work_layers': 3, 'bond_profile_layers_scored': 8, 'bond_profile_total_cost': 315, 'bond_profile_max_cost': 125, 'bond_profile_gate_count': 9}, {'seed': 3033, 'score': (327, 136, 11, 8, 18, 90, 29), 'num_layers': 29, 'total_swaps': 90, 'max_layer_swaps': 8, 'swap_only_layers': 18, 'work_layers': 11, 'unitary_layers': 11, 'first_work_layer': 3, 'leading_no_work_layers': 3, 'bond_profile_layers_scored': 8, 'bond_profile_total_cost': 327, 'bond_profile_max_cost': 136, 'bond_profile_gate_count': 11}, {'seed': 4042, 'score': (370, 136, 10, 8, 15, 89, 27), 'num_layers': 27, 'total_swaps': 89, 'max_layer_swaps': 8, 'swap_only_layers': 15, 'work_layers': 12, 'unitary_layers': 12, 'first_work_layer': 3, 'leading_no_work_layers': 3, 'bond_profile_layers_scored': 8, 'bond_profile_total_cost': 370, 'bond_profile_max_cost': 136, 'bond_profile_gate_count': 10}, {'seed': 5051, 'score': (315, 125, 9, 8, 15, 89, 27), 'num_layers': 27, 'total_swaps': 89, 'max_layer_swaps': 9, 'swap_only_layers': 15, 'work_layers': 12, 'unitary_layers': 12, 'first_work_layer': 3, 'leading_no_work_layers': 3, 'bond_profile_layers_scored': 8, 'bond_profile_total_cost': 315, 'bond_profile_max_cost': 125, 'bond_profile_gate_count': 9}]",0.15003129199612886,0.1502190410392359,,,,,,,,,,,,,
1299.9772647079662,cycle_progress,,,,,,,,,,,,404,389,793,,,,,,,,,,,,,,,,,,,512,0.0006,,372320,43,,,,,,,,,,,,,136,4,308096,2644,158,40,,,,,,,,,,,,,,,,,,,,,83,,793,808,15,0,False,,,,,,,,,,,,,,,,,,,,,,,,,,0.1502190410392359,,,,,,,,,,,,,
1300.2901076250128,absorbing,,,,,,,R,0,1,0,27,404,389,793,7,0,0,0.0,0.19390916702104732,0.19390916702104732,0.19587216700892895,,323936,,136,False,False,False,False,323936,136,False,512,0.0006,,308096,44,total_elems,,323936,1,1,,,,0.0,,,,136,4,323936,2808,158,40,,,,,,,,,,,,,,,,,,,,,,,,,,,,,,,,,,,,,,,,,,,,,,,,,,,,,,,,,,,,,,,,,,
1300.6709451249917,absorbing,,,,,,,R,0,2,0,27,404,389,793,8,0,0,0.0,0.2599062920198776,0.2599062920198776,0.2601382499560714,,372000,,136,False,False,False,False,372000,136,False,512,0.0006,,308096,44,total_elems,,372000,1,1,,,,0.0,,,,136,4,372000,3132,158,40,,,,,,,,,,,,,,,,,,,,,,,,,,,,,,,,,,,,,,,,,,,,,,,,,,,,,,,,,,,,,,,,,,
1303.0554612500127,unswapping,,,,,,,,,,,,,,,,,,,,,,,,,,,,,,,,,,,,,,,,,,,,,,,,,,136,4,372000,3132,158,40,0,both,0,20,20,0,[],0,,,,,0,,,,,,,,,,,,,,,,,,,,,,,,,,,,,,,,,,,,,,,,,,,,,,,,,,,,,
1304.3979035830125,unswapping,,,,,,,,,,,,,,,,,,,,,,,,,,,,,,,,,,,,,,,,,,,,,,,,,,136,4,372000,3132,158,40,0,both,1,19,19,0,[],0,,,,,0,,,,,,,,,,,,,,,,,,,,,,,,,,,,,,,,,,,,,,,,,,,,,,,,,,,,,
1305.17191908299,unswapping,,,,,,,,,,,,,,,,,,,,,,,,,,,,,,,,,,,,,,,,,,,,,,,,,,136,4,372000,3132,158,40,0,left,0,20,20,0,[],0,,,,,0,,,,,,,,,,,,,,,,,,,,,,,,,,,,,,,,,,,,,,,,,,,,,,,,,,,,,
1305.826723999984,unswapping,,,,,,,,,,,,,,,,,,,,,,,,,,,,,,,,,,,,,,,,,,,,,,,,,,136,4,372000,3132,158,40,0,left,1,19,19,0,[],0,,,,,0,,,,,,,,,,,,,,,,,,,,,,,,,,,,,,,,,,,,,,,,,,,,,,,,,,,,,
1306.594283540966,unswapping,,,,,,,,,,,,,,,,,,,,,,,,,,,,,,,,,,,,,,,,,,,,,,,,,,136,4,372000,3132,158,40,0,right,0,20,20,0,[],0,,,,,0,,,,,,,,,,,,,,,,,,,,,,,,,,,,,,,,,,,,,,,,,,,,,,,,,,,,,
1307.2567797909724,unswapping,,,,,,,,,,,,,,,,,,,,,,,,,,,,,,,,,,,,,,,,,,,,,,,,,,136,4,372000,3132,158,40,0,right,1,19,19,0,[],0,,,,,0,,,,,,,,,,,,,,,,,,,,,,,,,,,,,,,,,,,,,,,,,,,,,,,,,,,,,
1307.948368375015,unswap_cycle_summary,,,,,,,,,,,,404,389,793,,,,,,,,,,,,,,,,,,,512,0.0006,,,,,,,,,,,,,,,,136,4,372000,3132,158,40,,,,,,,,,,,,,,,,,,,,,84,5.965102832997218,793,808,15,0,False,True,True,82,15,"[404, 389]","[0, 1, 2, 3, 4, 5, 6, 7, 8, 9, 10, 11, 12, 13, 14, 15, 16, 17, 18, 19, 20, 21, 22, 23, 24, 25, 26, 27, 28, 29, 30, 31, 32, 33, 34, 35, 36, 37, 38, 39]","[0, 1, 2, 3, 4, 5, 6, 7, 8, 9, 10, 11, 12, 13, 14, 15, 16, 17, 18, 19, 20, 21, 22, 23, 24, 25, 26, 27, 28, 29, 30, 31, 32, 33, 34, 35, 36, 37, 38, 39]",,"{'index': 3, 'interactions': [('unitary', (29, 30))]}","[2, 4, 5, 6, 5, 5, 5, 4, 3, 4, 4, 4, 5, 6, 6, 6, 4, 4, 4, 6, 6, 7, 7, 8, 7, 6, 6, 5, 5, 5, 5, 6, 5, 5, 4, 5, 6, 4, 2]",6f33b907aba6995b292c2f675bee587eba7c92b52971ebfe1d09cb060a800099,,,,,,,,,,,,,,,,,,,,,,,,,,,,
1308.129042125016,rewiring,right,post_unswap,0.05974158301251009,27,False,False,,,,,,,,,,,,,,,,,,,,,,,,,,,,,,,,,,,,,,,,,,,,,,,,,,,,,,,,,,,,,,,,,,,,,,84,,,,,,,,,,,,,,,,,,50,False,0,4,bond_profile,8,False,1,2024,"(322, 64, 9, 8, 14, 74, 27)",0.0029542080010287464,0.05675920698558912,"[{'seed': 2024, 'score': (322, 64, 9, 8, 14, 74, 27), 'num_layers': 27, 'total_swaps': 74, 'max_layer_swaps': 9, 'swap_only_layers': 14, 'work_layers': 13, 'unitary_layers': 13, 'first_work_layer': 1, 'leading_no_work_layers': 1, 'bond_profile_layers_scored': 8, 'bond_profile_total_cost': 322, 'bond_profile_max_cost': 64, 'bond_profile_gate_count': 9}, {'seed': 3033, 'score': (355, 60, 10, 8, 16, 74, 28), 'num_layers': 28, 'total_swaps': 74, 'max_layer_swaps': 9, 'swap_only_layers': 16, 'work_layers': 12, 'unitary_layers': 12, 'first_work_layer': 1, 'leading_no_work_layers': 1, 'bond_profile_layers_scored': 8, 'bond_profile_total_cost': 355, 'bond_profile_max_cost': 60, 'bond_profile_gate_count': 10}, {'seed': 4042, 'score': (322, 64, 9, 8, 15, 74, 28), 'num_layers': 28, 'total_swaps': 74, 'max_layer_swaps': 9, 'swap_only_layers': 15, 'work_layers': 13, 'unitary_layers': 13, 'first_work_layer': 1, 'leading_no_work_layers': 1, 'bond_profile_layers_scored': 8, 'bond_profile_total_cost': 322, 'bond_profile_max_cost': 64, 'bond_profile_gate_count': 9}, {'seed': 5051, 'score': (367, 60, 11, 8, 16, 74, 27), 'num_layers': 27, 'total_swaps': 74, 'max_layer_swaps': 9, 'swap_only_layers': 16, 'work_layers': 11, 'unitary_layers': 11, 'first_work_layer': 1, 'leading_no_work_layers': 1, 'bond_profile_layers_scored': 8, 'bond_profile_total_cost': 367, 'bond_profile_max_cost': 60, 'bond_profile_gate_count': 11}]",0.05973470798926428,0.05997679097345099,,,,,,,,,,,,,
1308.2470689159818,cycle_progress,,,,,,,,,,,,404,389,793,,,,,,,,,,,,,,,,,,,512,0.0006,,308096,44,,,,,,,,,,,,,136,4,372000,3132,158,40,,,,,,,,,,,,,,,,,,,,,84,,793,808,15,0,False,,,,,,,,,,,,,,,,,,,,,,,,,,0.05997679097345099,,,,,,,,,,,,,
1311.1537457499653,unswapping,,,,,,,,,,,,,,,,,,,,,,,,,,,,,,,,,,,,,,,,,,,,,,,,,,136,4,367136,3068,158,40,0,both,0,20,20,1,"[[36, 37]]",1,,,,,0,,,,,,,,,,,,,,,,,,,,,,,,,,,,,,,,,,,,,,,,,,,,,,,,,,,,,
1312.932811665989,unswapping,,,,,,,,,,,,,,,,,,,,,,,,,,,,,,,,,,,,,,,,,,,,,,,,,,136,4,327800,2830,158,40,0,both,1,19,19,6,"[[3, 4], [9, 10], [19, 20], [21, 22], [31, 32], [33, 34]]",7,,,,,0,,,,,,,,,,,,,,,,,,,,,,,,,,,,,,,,,,,,,,,,,,,,,,,,,,,,,
1313.512108957977,unswapping,,,,,,,,,,,,,,,,,,,,,,,,,,,,,,,,,,,,,,,,,,,,,,,,,,136,4,327800,2830,158,40,0,left,0,20,20,0,[],7,,,,,0,,,,,,,,,,,,,,,,,,,,,,,,,,,,,,,,,,,,,,,,,,,,,,,,,,,,,
1314.3657587909838,unswapping,,,,,,,,,,,,,,,,,,,,,,,,,,,,,,,,,,,,,,,,,,,,,,,,,,136,4,322720,2784,158,40,0,left,1,19,19,4,"[[3, 4], [21, 22], [31, 32], [33, 34]]",11,,,,,8,,,,,,,,,,,,,,,,,,,,,,,,,,,,,,,,,,,,,,,,,,,,,,,,,,,,,
1315.1061277909903,unswapping,,,,,,,,,,,,,,,,,,,,,,,,,,,,,,,,,,,,,,,,,,,,,,,,,,136,4,316864,2732,158,40,0,right,0,20,20,5,"[[4, 5], [10, 11], [12, 13], [20, 21], [32, 33]]",16,,,,,18,,,,,,,,,,,,,,,,,,,,,,,,,,,,,,,,,,,,,,,,,,,,,,,,,,,,,
1315.9273970409995,unswapping,,,,,,,,,,,,,,,,,,,,,,,,,,,,,,,,,,,,,,,,,,,,,,,,,,136,4,308352,2652,158,40,0,right,1,19,19,2,"[[13, 14], [17, 18]]",18,,,,,22,,,,,,,,,,,,,,,,,,,,,,,,,,,,,,,,,,,,,,,,,,,,,,,,,,,,,
1317.1003525409615,unswapping,,,,,,,,,,,,,,,,,,,,,,,,,,,,,,,,,,,,,,,,,,,,,,,,,,136,4,308352,2652,158,40,1,both,0,20,20,0,[],0,,,,,22,,,,,,,,,,,,,,,,,,,,,,,,,,,,,,,,,,,,,,,,,,,,,,,,,,,,,
1318.3402787079685,unswapping,,,,,,,,,,,,,,,,,,,,,,,,,,,,,,,,,,,,,,,,,,,,,,,,,,136,4,308352,2652,158,40,1,both,1,19,19,0,[],0,,,,,22,,,,,,,,,,,,,,,,,,,,,,,,,,,,,,,,,,,,,,,,,,,,,,,,,,,,,
1318.851623540977,unswapping,,,,,,,,,,,,,,,,,,,,,,,,,,,,,,,,,,,,,,,,,,,,,,,,,,136,4,308352,2652,158,40,1,left,0,20,20,0,[],0,,,,,22,,,,,,,,,,,,,,,,,,,,,,,,,,,,,,,,,,,,,,,,,,,,,,,,,,,,,
1319.4446851660032,unswapping,,,,,,,,,,,,,,,,,,,,,,,,,,,,,,,,,,,,,,,,,,,,,,,,,,136,4,308352,2652,158,40,1,left,1,19,19,0,[],0,,,,,22,,,,,,,,,,,,,,,,,,,,,,,,,,,,,,,,,,,,,,,,,,,,,,,,,,,,,
1320.152157915989,unswapping,,,,,,,,,,,,,,,,,,,,,,,,,,,,,,,,,,,,,,,,,,,,,,,,,,136,4,308096,2644,158,40,1,right,0,20,20,1,"[[18, 19]]",1,,,,,24,,,,,,,,,,,,,,,,,,,,,,,,,,,,,,,,,,,,,,,,,,,,,,,,,,,,,
1320.772034958005,unswapping,,,,,,,,,,,,,,,,,,,,,,,,,,,,,,,,,,,,,,,,,,,,,,,,,,136,4,308096,2644,158,40,1,right,1,19,19,0,[],1,,,,,24,,,,,,,,,,,,,,,,,,,,,,,,,,,,,,,,,,,,,,,,,,,,,,,,,,,,,
1322.000379041012,unswapping,,,,,,,,,,,,,,,,,,,,,,,,,,,,,,,,,,,,,,,,,,,,,,,,,,136,4,308096,2644,158,40,2,both,0,20,20,0,[],0,,,,,24,,,,,,,,,,,,,,,,,,,,,,,,,,,,,,,,,,,,,,,,,,,,,,,,,,,,,
1323.2867734999745,unswapping,,,,,,,,,,,,,,,,,,,,,,,,,,,,,,,,,,,,,,,,,,,,,,,,,,136,4,308096,2644,158,40,2,both,1,19,19,0,[],0,,,,,24,,,,,,,,,,,,,,,,,,,,,,,,,,,,,,,,,,,,,,,,,,,,,,,,,,,,,
1323.8311872910126,unswapping,,,,,,,,,,,,,,,,,,,,,,,,,,,,,,,,,,,,,,,,,,,,,,,,,,136,4,308096,2644,158,40,2,left,0,20,20,0,[],0,,,,,24,,,,,,,,,,,,,,,,,,,,,,,,,,,,,,,,,,,,,,,,,,,,,,,,,,,,,
1324.4494454580126,unswapping,,,,,,,,,,,,,,,,,,,,,,,,,,,,,,,,,,,,,,,,,,,,,,,,,,136,4,308096,2644,158,40,2,left,1,19,19,0,[],0,,,,,24,,,,,,,,,,,,,,,,,,,,,,,,,,,,,,,,,,,,,,,,,,,,,,,,,,,,,
1324.991039290966,unswapping,,,,,,,,,,,,,,,,,,,,,,,,,,,,,,,,,,,,,,,,,,,,,,,,,,136,4,308096,2644,158,40,2,right,0,20,20,0,[],0,,,,,24,,,,,,,,,,,,,,,,,,,,,,,,,,,,,,,,,,,,,,,,,,,,,,,,,,,,,
1325.6074380829814,unswapping,,,,,,,,,,,,,,,,,,,,,,,,,,,,,,,,,,,,,,,,,,,,,,,,,,136,4,308096,2644,158,40,2,right,1,19,19,0,[],0,,,,,24,,,,,,,,,,,,,,,,,,,,,,,,,,,,,,,,,,,,,,,,,,,,,,,,,,,,,
1327.739923874964,unswap_cycle_summary,,,,,,,,,,,,404,389,793,,,,,,,,,,,,,,,,,,,512,0.0006,,,,,,,,,,,,,,,,136,4,308096,2644,158,40,,,,,,,,,,,,,,,,,,,,,85,16.757926291960757,793,808,15,0,False,True,True,83,0,"[404, 389]","[0, 1, 2, 3, 4, 5, 6, 7, 8, 10, 9, 11, 12, 13, 14, 15, 16, 17, 18, 20, 19, 21, 22, 23, 24, 25, 26, 27, 28, 29, 30, 31, 32, 33, 34, 35, 37, 36, 38, 39]","[0, 1, 2, 4, 5, 3, 6, 7, 8, 10, 11, 9, 13, 14, 12, 15, 16, 18, 20, 17, 22, 19, 21, 23, 24, 25, 26, 27, 28, 29, 30, 32, 34, 31, 33, 35, 37, 36, 38, 39]",,"{'index': 1, 'interactions': [('unitary', (29, 30))]}","[2, 4, 5, 5, 5, 5, 5, 4, 3, 3, 3, 4, 5, 5, 6, 6, 4, 2, 3, 4, 6, 7, 7, 8, 7, 6, 6, 5, 5, 5, 5, 5, 4, 3, 4, 5, 4, 4, 2]",91f42348ef1e761d45d4ac99bd0597b0394b9d86ecb8303235efc44a2d178154,,,,,,,,,,,,,,,,,,,,,,,,,,,,
1328.0002240409958,rewiring,right,post_unswap,0.14306191698415205,29,False,False,,,,,,,,,,,,,,,,,,,,,,,,,,,,,,,,,,,,,,,,,,,,,,,,,,,,,,,,,,,,,,,,,,,,,,85,,,,,,,,,,,,,,,,,,50,False,0,4,bond_profile,8,False,1,5051,"(315, 125, 9, 8, 15, 89, 27)",0.00297949998639524,0.14005558408098295,"[{'seed': 2024, 'score': (315, 125, 9, 8, 21, 89, 33), 'num_layers': 33, 'total_swaps': 89, 'max_layer_swaps': 9, 'swap_only_layers': 21, 'work_layers': 12, 'unitary_layers': 12, 'first_work_layer': 3, 'leading_no_work_layers': 3, 'bond_profile_layers_scored': 8, 'bond_profile_total_cost': 315, 'bond_profile_max_cost': 125, 'bond_profile_gate_count': 9}, {'seed': 3033, 'score': (327, 136, 11, 8, 18, 90, 29), 'num_layers': 29, 'total_swaps': 90, 'max_layer_swaps': 8, 'swap_only_layers': 18, 'work_layers': 11, 'unitary_layers': 11, 'first_work_layer': 3, 'leading_no_work_layers': 3, 'bond_profile_layers_scored': 8, 'bond_profile_total_cost': 327, 'bond_profile_max_cost': 136, 'bond_profile_gate_count': 11}, {'seed': 4042, 'score': (370, 136, 10, 8, 15, 89, 27), 'num_layers': 27, 'total_swaps': 89, 'max_layer_swaps': 8, 'swap_only_layers': 15, 'work_layers': 12, 'unitary_layers': 12, 'first_work_layer': 3, 'leading_no_work_layers': 3, 'bond_profile_layers_scored': 8, 'bond_profile_total_cost': 370, 'bond_profile_max_cost': 136, 'bond_profile_gate_count': 10}, {'seed': 5051, 'score': (315, 125, 9, 8, 15, 89, 27), 'num_layers': 27, 'total_swaps': 89, 'max_layer_swaps': 9, 'swap_only_layers': 15, 'work_layers': 12, 'unitary_layers': 12, 'first_work_layer': 3, 'leading_no_work_layers': 3, 'bond_profile_layers_scored': 8, 'bond_profile_total_cost': 315, 'bond_profile_max_cost': 125, 'bond_profile_gate_count': 9}]",0.14305570803117007,0.14326720900135115,,,,,,,,,,,,,
1328.123444124998,cycle_progress,,,,,,,,,,,,404,389,793,,,,,,,,,,,,,,,,,,,512,0.0006,,372000,45,,,,,,,,,,,,,136,4,308096,2644,158,40,,,,,,,,,,,,,,,,,,,,,85,,793,808,15,0,False,,,,,,,,,,,,,,,,,,,,,,,,,,0.14326720900135115,,,,,,,,,,,,,
1328.439327916014,absorbing,,,,,,,R,0,1,0,27,404,389,793,7,0,0,0.0,0.1875962089980021,0.1875962089980021,0.19008937501348555,,323936,,136,False,False,False,False,323936,136,False,512,0.0006,,308096,46,total_elems,,323936,1,1,,,,0.0,,,,136,4,323936,2808,158,40,,,,,,,,,,,,,,,,,,,,,,,,,,,,,,,,,,,,,,,,,,,,,,,,,,,,,,,,,,,,,,,,,,
1328.8209101249813,absorbing,,,,,,,R,0,2,0,27,404,389,793,8,0,0,0.0,0.2607467079651542,0.2607467079651542,0.2609586250036955,,372320,,136,False,False,False,False,372320,136,False,512,0.0006,,308096,46,total_elems,,372320,1,1,,,,0.0,,,,136,4,372320,3140,158,40,,,,,,,,,,,,,,,,,,,,,,,,,,,,,,,,,,,,,,,,,,,,,,,,,,,,,,,,,,,,,,,,,,
1331.2949581659632,unswapping,,,,,,,,,,,,,,,,,,,,,,,,,,,,,,,,,,,,,,,,,,,,,,,,,,136,4,372320,3140,158,40,0,both,0,20,20,0,[],0,,,,,0,,,,,,,,,,,,,,,,,,,,,,,,,,,,,,,,,,,,,,,,,,,,,,,,,,,,,
1332.6510025410098,unswapping,,,,,,,,,,,,,,,,,,,,,,,,,,,,,,,,,,,,,,,,,,,,,,,,,,136,4,372320,3140,158,40,0,both,1,19,19,0,[],0,,,,,0,,,,,,,,,,,,,,,,,,,,,,,,,,,,,,,,,,,,,,,,,,,,,,,,,,,,,
1333.4332105829963,unswapping,,,,,,,,,,,,,,,,,,,,,,,,,,,,,,,,,,,,,,,,,,,,,,,,,,136,4,372320,3140,158,40,0,left,0,20,20,0,[],0,,,,,0,,,,,,,,,,,,,,,,,,,,,,,,,,,,,,,,,,,,,,,,,,,,,,,,,,,,,
1334.054244333005,unswapping,,,,,,,,,,,,,,,,,,,,,,,,,,,,,,,,,,,,,,,,,,,,,,,,,,136,4,372320,3140,158,40,0,left,1,19,19,0,[],0,,,,,0,,,,,,,,,,,,,,,,,,,,,,,,,,,,,,,,,,,,,,,,,,,,,,,,,,,,,
1334.8275067500072,unswapping,,,,,,,,,,,,,,,,,,,,,,,,,,,,,,,,,,,,,,,,,,,,,,,,,,136,4,372320,3140,158,40,0,right,0,20,20,0,[],0,,,,,0,,,,,,,,,,,,,,,,,,,,,,,,,,,,,,,,,,,,,,,,,,,,,,,,,,,,,
1335.4513901660102,unswapping,,,,,,,,,,,,,,,,,,,,,,,,,,,,,,,,,,,,,,,,,,,,,,,,,,136,4,372320,3140,158,40,0,right,1,19,19,0,[],0,,,,,0,,,,,,,,,,,,,,,,,,,,,,,,,,,,,,,,,,,,,,,,,,,,,,,,,,,,,
1336.128761540982,unswap_cycle_summary,,,,,,,,,,,,404,389,793,,,,,,,,,,,,,,,,,,,512,0.0006,,,,,,,,,,,,,,,,136,4,372320,3140,158,40,,,,,,,,,,,,,,,,,,,,,86,5.989861709007528,793,808,15,0,False,True,True,84,15,"[404, 389]","[0, 1, 2, 3, 4, 5, 6, 7, 8, 9, 10, 11, 12, 13, 14, 15, 16, 17, 18, 19, 20, 21, 22, 23, 24, 25, 26, 27, 28, 29, 30, 31, 32, 33, 34, 35, 36, 37, 38, 39]","[0, 1, 2, 3, 4, 5, 6, 7, 8, 9, 10, 11, 12, 13, 14, 15, 16, 17, 18, 19, 20, 21, 22, 23, 24, 25, 26, 27, 28, 29, 30, 31, 32, 33, 34, 35, 36, 37, 38, 39]",,"{'index': 3, 'interactions': [('unitary', (29, 30))]}","[2, 4, 5, 6, 5, 5, 5, 4, 3, 4, 4, 4, 5, 6, 6, 6, 4, 4, 4, 6, 6, 7, 7, 8, 7, 6, 6, 5, 5, 5, 5, 6, 5, 5, 4, 5, 6, 4, 2]",6f33b907aba6995b292c2f675bee587eba7c92b52971ebfe1d09cb060a800099,,,,,,,,,,,,,,,,,,,,,,,,,,,,
1336.374855290982,rewiring,right,post_unswap,0.13292133301729336,27,False,False,,,,,,,,,,,,,,,,,,,,,,,,,,,,,,,,,,,,,,,,,,,,,,,,,,,,,,,,,,,,,,,,,,,,,,86,,,,,,,,,,,,,,,,,,50,False,0,4,bond_profile,8,False,1,2024,"(326, 64, 9, 8, 14, 74, 27)",0.0026453740429133177,0.1302532499539666,"[{'seed': 2024, 'score': (326, 64, 9, 8, 14, 74, 27), 'num_layers': 27, 'total_swaps': 74, 'max_layer_swaps': 9, 'swap_only_layers': 14, 'work_layers': 13, 'unitary_layers': 13, 'first_work_layer': 1, 'leading_no_work_layers': 1, 'bond_profile_layers_scored': 8, 'bond_profile_total_cost': 326, 'bond_profile_max_cost': 64, 'bond_profile_gate_count': 9}, {'seed': 3033, 'score': (359, 60, 10, 8, 16, 74, 28), 'num_layers': 28, 'total_swaps': 74, 'max_layer_swaps': 9, 'swap_only_layers': 16, 'work_layers': 12, 'unitary_layers': 12, 'first_work_layer': 1, 'leading_no_work_layers': 1, 'bond_profile_layers_scored': 8, 'bond_profile_total_cost': 359, 'bond_profile_max_cost': 60, 'bond_profile_gate_count': 10}, {'seed': 4042, 'score': (326, 64, 9, 8, 15, 74, 28), 'num_layers': 28, 'total_swaps': 74, 'max_layer_swaps': 9, 'swap_only_layers': 15, 'work_layers': 13, 'unitary_layers': 13, 'first_work_layer': 1, 'leading_no_work_layers': 1, 'bond_profile_layers_scored': 8, 'bond_profile_total_cost': 326, 'bond_profile_max_cost': 64, 'bond_profile_gate_count': 9}, {'seed': 5051, 'score': (371, 60, 11, 8, 16, 74, 27), 'num_layers': 27, 'total_swaps': 74, 'max_layer_swaps': 9, 'swap_only_layers': 16, 'work_layers': 11, 'unitary_layers': 11, 'first_work_layer': 1, 'leading_no_work_layers': 1, 'bond_profile_layers_scored': 8, 'bond_profile_total_cost': 371, 'bond_profile_max_cost': 60, 'bond_profile_gate_count': 11}]",0.13291629200102761,0.13310524995904416,,,,,,,,,,,,,
1336.4881981249782,cycle_progress,,,,,,,,,,,,404,389,793,,,,,,,,,,,,,,,,,,,512,0.0006,,308096,46,,,,,,,,,,,,,136,4,372320,3140,158,40,,,,,,,,,,,,,,,,,,,,,86,,793,808,15,0,False,,,,,,,,,,,,,,,,,,,,,,,,,,0.13310524995904416,,,,,,,,,,,,,
1339.1722640409716,unswapping,,,,,,,,,,,,,,,,,,,,,,,,,,,,,,,,,,,,,,,,,,,,,,,,,,136,4,367456,3076,158,40,0,both,0,20,20,1,"[[36, 37]]",1,,,,,0,,,,,,,,,,,,,,,,,,,,,,,,,,,,,,,,,,,,,,,,,,,,,,,,,,,,,
1341.0086674579652,unswapping,,,,,,,,,,,,,,,,,,,,,,,,,,,,,,,,,,,,,,,,,,,,,,,,,,136,4,327800,2830,158,40,0,both,1,19,19,6,"[[3, 4], [9, 10], [19, 20], [21, 22], [31, 32], [33, 34]]",7,,,,,0,,,,,,,,,,,,,,,,,,,,,,,,,,,,,,,,,,,,,,,,,,,,,,,,,,,,,
1341.5933037910145,unswapping,,,,,,,,,,,,,,,,,,,,,,,,,,,,,,,,,,,,,,,,,,,,,,,,,,136,4,327800,2830,158,40,0,left,0,20,20,0,[],7,,,,,0,,,,,,,,,,,,,,,,,,,,,,,,,,,,,,,,,,,,,,,,,,,,,,,,,,,,,
1342.4429841249948,unswapping,,,,,,,,,,,,,,,,,,,,,,,,,,,,,,,,,,,,,,,,,,,,,,,,,,136,4,322720,2784,158,40,0,left,1,19,19,4,"[[3, 4], [21, 22], [31, 32], [33, 34]]",11,,,,,8,,,,,,,,,,,,,,,,,,,,,,,,,,,,,,,,,,,,,,,,,,,,,,,,,,,,,
1343.1906125000096,unswapping,,,,,,,,,,,,,,,,,,,,,,,,,,,,,,,,,,,,,,,,,,,,,,,,,,136,4,316864,2732,158,40,0,right,0,20,20,5,"[[4, 5], [10, 11], [12, 13], [20, 21], [32, 33]]",16,,,,,18,,,,,,,,,,,,,,,,,,,,,,,,,,,,,,,,,,,,,,,,,,,,,,,,,,,,,
1343.9664887079853,unswapping,,,,,,,,,,,,,,,,,,,,,,,,,,,,,,,,,,,,,,,,,,,,,,,,,,136,4,308352,2652,158,40,0,right,1,19,19,2,"[[13, 14], [17, 18]]",18,,,,,22,,,,,,,,,,,,,,,,,,,,,,,,,,,,,,,,,,,,,,,,,,,,,,,,,,,,,
1345.1448162909946,unswapping,,,,,,,,,,,,,,,,,,,,,,,,,,,,,,,,,,,,,,,,,,,,,,,,,,136,4,308352,2652,158,40,1,both,0,20,20,0,[],0,,,,,22,,,,,,,,,,,,,,,,,,,,,,,,,,,,,,,,,,,,,,,,,,,,,,,,,,,,,
1346.3819757080055,unswapping,,,,,,,,,,,,,,,,,,,,,,,,,,,,,,,,,,,,,,,,,,,,,,,,,,136,4,308352,2652,158,40,1,both,1,19,19,0,[],0,,,,,22,,,,,,,,,,,,,,,,,,,,,,,,,,,,,,,,,,,,,,,,,,,,,,,,,,,,,
1346.9311264159624,unswapping,,,,,,,,,,,,,,,,,,,,,,,,,,,,,,,,,,,,,,,,,,,,,,,,,,136,4,308352,2652,158,40,1,left,0,20,20,0,[],0,,,,,22,,,,,,,,,,,,,,,,,,,,,,,,,,,,,,,,,,,,,,,,,,,,,,,,,,,,,
1347.5414095000015,unswapping,,,,,,,,,,,,,,,,,,,,,,,,,,,,,,,,,,,,,,,,,,,,,,,,,,136,4,308352,2652,158,40,1,left,1,19,19,0,[],0,,,,,22,,,,,,,,,,,,,,,,,,,,,,,,,,,,,,,,,,,,,,,,,,,,,,,,,,,,,
1348.1853382500121,unswapping,,,,,,,,,,,,,,,,,,,,,,,,,,,,,,,,,,,,,,,,,,,,,,,,,,136,4,308096,2644,158,40,1,right,0,20,20,1,"[[18, 19]]",1,,,,,24,,,,,,,,,,,,,,,,,,,,,,,,,,,,,,,,,,,,,,,,,,,,,,,,,,,,,
1348.7900606250041,unswapping,,,,,,,,,,,,,,,,,,,,,,,,,,,,,,,,,,,,,,,,,,,,,,,,,,136,4,308096,2644,158,40,1,right,1,19,19,0,[],1,,,,,24,,,,,,,,,,,,,,,,,,,,,,,,,,,,,,,,,,,,,,,,,,,,,,,,,,,,,
1349.9721619159682,unswapping,,,,,,,,,,,,,,,,,,,,,,,,,,,,,,,,,,,,,,,,,,,,,,,,,,136,4,308096,2644,158,40,2,both,0,20,20,0,[],0,,,,,24,,,,,,,,,,,,,,,,,,,,,,,,,,,,,,,,,,,,,,,,,,,,,,,,,,,,,
1351.199754707981,unswapping,,,,,,,,,,,,,,,,,,,,,,,,,,,,,,,,,,,,,,,,,,,,,,,,,,136,4,308096,2644,158,40,2,both,1,19,19,0,[],0,,,,,24,,,,,,,,,,,,,,,,,,,,,,,,,,,,,,,,,,,,,,,,,,,,,,,,,,,,,
1351.7674677079776,unswapping,,,,,,,,,,,,,,,,,,,,,,,,,,,,,,,,,,,,,,,,,,,,,,,,,,136,4,308096,2644,158,40,2,left,0,20,20,0,[],0,,,,,24,,,,,,,,,,,,,,,,,,,,,,,,,,,,,,,,,,,,,,,,,,,,,,,,,,,,,
1352.340900124982,unswapping,,,,,,,,,,,,,,,,,,,,,,,,,,,,,,,,,,,,,,,,,,,,,,,,,,136,4,308096,2644,158,40,2,left,1,19,19,0,[],0,,,,,24,,,,,,,,,,,,,,,,,,,,,,,,,,,,,,,,,,,,,,,,,,,,,,,,,,,,,
1352.8556417080108,unswapping,,,,,,,,,,,,,,,,,,,,,,,,,,,,,,,,,,,,,,,,,,,,,,,,,,136,4,308096,2644,158,40,2,right,0,20,20,0,[],0,,,,,24,,,,,,,,,,,,,,,,,,,,,,,,,,,,,,,,,,,,,,,,,,,,,,,,,,,,,
1353.4620930409874,unswapping,,,,,,,,,,,,,,,,,,,,,,,,,,,,,,,,,,,,,,,,,,,,,,,,,,136,4,308096,2644,158,40,2,right,1,19,19,0,[],0,,,,,24,,,,,,,,,,,,,,,,,,,,,,,,,,,,,,,,,,,,,,,,,,,,,,,,,,,,,
1355.5938627909636,unswap_cycle_summary,,,,,,,,,,,,404,389,793,,,,,,,,,,,,,,,,,,,512,0.0006,,,,,,,,,,,,,,,,136,4,308096,2644,158,40,,,,,,,,,,,,,,,,,,,,,87,16.39029083296191,793,808,15,0,False,True,True,85,0,"[404, 389]","[0, 1, 2, 3, 4, 5, 6, 7, 8, 10, 9, 11, 12, 13, 14, 15, 16, 17, 18, 20, 19, 21, 22, 23, 24, 25, 26, 27, 28, 29, 30, 31, 32, 33, 34, 35, 37, 36, 38, 39]","[0, 1, 2, 4, 5, 3, 6, 7, 8, 10, 11, 9, 13, 14, 12, 15, 16, 18, 20, 17, 22, 19, 21, 23, 24, 25, 26, 27, 28, 29, 30, 32, 34, 31, 33, 35, 37, 36, 38, 39]",,"{'index': 1, 'interactions': [('unitary', (29, 30))]}","[2, 4, 5, 5, 5, 5, 5, 4, 3, 3, 3, 4, 5, 5, 6, 6, 4, 2, 3, 4, 6, 7, 7, 8, 7, 6, 6, 5, 5, 5, 5, 5, 4, 3, 4, 5, 4, 4, 2]",91f42348ef1e761d45d4ac99bd0597b0394b9d86ecb8303235efc44a2d178154,,,,,,,,,,,,,,,,,,,,,,,,,,,,
1355.9073586249724,rewiring,right,post_unswap,0.19315566698787734,29,False,False,,,,,,,,,,,,,,,,,,,,,,,,,,,,,,,,,,,,,,,,,,,,,,,,,,,,,,,,,,,,,,,,,,,,,,87,,,,,,,,,,,,,,,,,,50,False,0,4,bond_profile,8,False,1,5051,"(315, 125, 9, 8, 15, 89, 27)",0.0032458750065416098,0.18986308306921273,"[{'seed': 2024, 'score': (315, 125, 9, 8, 21, 89, 33), 'num_layers': 33, 'total_swaps': 89, 'max_layer_swaps': 9, 'swap_only_layers': 21, 'work_layers': 12, 'unitary_layers': 12, 'first_work_layer': 3, 'leading_no_work_layers': 3, 'bond_profile_layers_scored': 8, 'bond_profile_total_cost': 315, 'bond_profile_max_cost': 125, 'bond_profile_gate_count': 9}, {'seed': 3033, 'score': (327, 136, 11, 8, 18, 90, 29), 'num_layers': 29, 'total_swaps': 90, 'max_layer_swaps': 8, 'swap_only_layers': 18, 'work_layers': 11, 'unitary_layers': 11, 'first_work_layer': 3, 'leading_no_work_layers': 3, 'bond_profile_layers_scored': 8, 'bond_profile_total_cost': 327, 'bond_profile_max_cost': 136, 'bond_profile_gate_count': 11}, {'seed': 4042, 'score': (370, 136, 10, 8, 15, 89, 27), 'num_layers': 27, 'total_swaps': 89, 'max_layer_swaps': 8, 'swap_only_layers': 15, 'work_layers': 12, 'unitary_layers': 12, 'first_work_layer': 3, 'leading_no_work_layers': 3, 'bond_profile_layers_scored': 8, 'bond_profile_total_cost': 370, 'bond_profile_max_cost': 136, 'bond_profile_gate_count': 10}, {'seed': 5051, 'score': (315, 125, 9, 8, 15, 89, 27), 'num_layers': 27, 'total_swaps': 89, 'max_layer_swaps': 9, 'swap_only_layers': 15, 'work_layers': 12, 'unitary_layers': 12, 'first_work_layer': 3, 'leading_no_work_layers': 3, 'bond_profile_layers_scored': 8, 'bond_profile_total_cost': 315, 'bond_profile_max_cost': 125, 'bond_profile_gate_count': 9}]",0.1931444170186296,0.19361795799341053,,,,,,,,,,,,,
1356.0277994999778,cycle_progress,,,,,,,,,,,,404,389,793,,,,,,,,,,,,,,,,,,,512,0.0006,,372320,47,,,,,,,,,,,,,136,4,308096,2644,158,40,,,,,,,,,,,,,,,,,,,,,87,,793,808,15,0,False,,,,,,,,,,,,,,,,,,,,,,,,,,0.19361795799341053,,,,,,,,,,,,,
1356.3273521660012,absorbing,,,,,,,R,0,1,0,27,404,389,793,7,0,0,0.0,0.17445354198571295,0.17445354198571295,0.17747720796614885,,323936,,136,False,False,False,False,323936,136,False,512,0.0006,,308096,48,total_elems,,323936,1,1,,,,0.0,,,,136,4,323936,2808,158,40,,,,,,,,,,,,,,,,,,,,,,,,,,,,,,,,,,,,,,,,,,,,,,,,,,,,,,,,,,,,,,,,,,
1356.6817367909825,absorbing,,,,,,,R,0,2,0,27,404,389,793,8,0,0,0.0,0.23368833400309086,0.23368833400309086,0.23388429102487862,,372000,,136,False,False,False,False,372000,136,False,512,0.0006,,308096,48,total_elems,,372000,1,1,,,,0.0,,,,136,4,372000,3132,158,40,,,,,,,,,,,,,,,,,,,,,,,,,,,,,,,,,,,,,,,,,,,,,,,,,,,,,,,,,,,,,,,,,,
1359.0235523330048,unswapping,,,,,,,,,,,,,,,,,,,,,,,,,,,,,,,,,,,,,,,,,,,,,,,,,,136,4,372000,3132,158,40,0,both,0,20,20,0,[],0,,,,,0,,,,,,,,,,,,,,,,,,,,,,,,,,,,,,,,,,,,,,,,,,,,,,,,,,,,,
1360.3955179579789,unswapping,,,,,,,,,,,,,,,,,,,,,,,,,,,,,,,,,,,,,,,,,,,,,,,,,,136,4,372000,3132,158,40,0,both,1,19,19,0,[],0,,,,,0,,,,,,,,,,,,,,,,,,,,,,,,,,,,,,,,,,,,,,,,,,,,,,,,,,,,,
1361.2087018750026,unswapping,,,,,,,,,,,,,,,,,,,,,,,,,,,,,,,,,,,,,,,,,,,,,,,,,,136,4,372000,3132,158,40,0,left,0,20,20,0,[],0,,,,,0,,,,,,,,,,,,,,,,,,,,,,,,,,,,,,,,,,,,,,,,,,,,,,,,,,,,,
1361.8968938330072,unswapping,,,,,,,,,,,,,,,,,,,,,,,,,,,,,,,,,,,,,,,,,,,,,,,,,,136,4,372000,3132,158,40,0,left,1,19,19,0,[],0,,,,,0,,,,,,,,,,,,,,,,,,,,,,,,,,,,,,,,,,,,,,,,,,,,,,,,,,,,,
1362.708962875011,unswapping,,,,,,,,,,,,,,,,,,,,,,,,,,,,,,,,,,,,,,,,,,,,,,,,,,136,4,372000,3132,158,40,0,right,0,20,20,0,[],0,,,,,0,,,,,,,,,,,,,,,,,,,,,,,,,,,,,,,,,,,,,,,,,,,,,,,,,,,,,
1363.3587583749904,unswapping,,,,,,,,,,,,,,,,,,,,,,,,,,,,,,,,,,,,,,,,,,,,,,,,,,136,4,372000,3132,158,40,0,right,1,19,19,0,[],0,,,,,0,,,,,,,,,,,,,,,,,,,,,,,,,,,,,,,,,,,,,,,,,,,,,,,,,,,,,
1364.077788333001,unswap_cycle_summary,,,,,,,,,,,,404,389,793,,,,,,,,,,,,,,,,,,,512,0.0006,,,,,,,,,,,,,,,,136,4,372000,3132,158,40,,,,,,,,,,,,,,,,,,,,,88,6.08120879199123,793,808,15,0,False,True,True,86,15,"[404, 389]","[0, 1, 2, 3, 4, 5, 6, 7, 8, 9, 10, 11, 12, 13, 14, 15, 16, 17, 18, 19, 20, 21, 22, 23, 24, 25, 26, 27, 28, 29, 30, 31, 32, 33, 34, 35, 36, 37, 38, 39]","[0, 1, 2, 3, 4, 5, 6, 7, 8, 9, 10, 11, 12, 13, 14, 15, 16, 17, 18, 19, 20, 21, 22, 23, 24, 25, 26, 27, 28, 29, 30, 31, 32, 33, 34, 35, 36, 37, 38, 39]",,"{'index': 3, 'interactions': [('unitary', (29, 30))]}","[2, 4, 5, 6, 5, 5, 5, 4, 3, 4, 4, 4, 5, 6, 6, 6, 4, 4, 4, 6, 6, 7, 7, 8, 7, 6, 6, 5, 5, 5, 5, 6, 5, 5, 4, 5, 6, 4, 2]",6f33b907aba6995b292c2f675bee587eba7c92b52971ebfe1d09cb060a800099,,,,,,,,,,,,,,,,,,,,,,,,,,,,
1364.2595354159712,rewiring,right,post_unswap,0.05902108398731798,27,False,False,,,,,,,,,,,,,,,,,,,,,,,,,,,,,,,,,,,,,,,,,,,,,,,,,,,,,,,,,,,,,,,,,,,,,,88,,,,,,,,,,,,,,,,,,50,False,0,4,bond_profile,8,False,1,2024,"(322, 64, 9, 8, 14, 74, 27)",0.0028656659414991736,0.056130082928575575,"[{'seed': 2024, 'score': (322, 64, 9, 8, 14, 74, 27), 'num_layers': 27, 'total_swaps': 74, 'max_layer_swaps': 9, 'swap_only_layers': 14, 'work_layers': 13, 'unitary_layers': 13, 'first_work_layer': 1, 'leading_no_work_layers': 1, 'bond_profile_layers_scored': 8, 'bond_profile_total_cost': 322, 'bond_profile_max_cost': 64, 'bond_profile_gate_count': 9}, {'seed': 3033, 'score': (355, 60, 10, 8, 16, 74, 28), 'num_layers': 28, 'total_swaps': 74, 'max_layer_swaps': 9, 'swap_only_layers': 16, 'work_layers': 12, 'unitary_layers': 12, 'first_work_layer': 1, 'leading_no_work_layers': 1, 'bond_profile_layers_scored': 8, 'bond_profile_total_cost': 355, 'bond_profile_max_cost': 60, 'bond_profile_gate_count': 10}, {'seed': 4042, 'score': (322, 64, 9, 8, 15, 74, 28), 'num_layers': 28, 'total_swaps': 74, 'max_layer_swaps': 9, 'swap_only_layers': 15, 'work_layers': 13, 'unitary_layers': 13, 'first_work_layer': 1, 'leading_no_work_layers': 1, 'bond_profile_layers_scored': 8, 'bond_profile_total_cost': 322, 'bond_profile_max_cost': 64, 'bond_profile_gate_count': 9}, {'seed': 5051, 'score': (367, 60, 11, 8, 16, 74, 27), 'num_layers': 27, 'total_swaps': 74, 'max_layer_swaps': 9, 'swap_only_layers': 16, 'work_layers': 11, 'unitary_layers': 11, 'first_work_layer': 1, 'leading_no_work_layers': 1, 'bond_profile_layers_scored': 8, 'bond_profile_total_cost': 367, 'bond_profile_max_cost': 60, 'bond_profile_gate_count': 11}]",0.05901537503814325,0.05922866699984297,,,,,,,,,,,,,
1364.3802722080145,cycle_progress,,,,,,,,,,,,404,389,793,,,,,,,,,,,,,,,,,,,512,0.0006,,308096,48,,,,,,,,,,,,,136,4,372000,3132,158,40,,,,,,,,,,,,,,,,,,,,,88,,793,808,15,0,False,,,,,,,,,,,,,,,,,,,,,,,,,,0.05922866699984297,,,,,,,,,,,,,
1367.4397991250153,unswapping,,,,,,,,,,,,,,,,,,,,,,,,,,,,,,,,,,,,,,,,,,,,,,,,,,136,4,367136,3068,158,40,0,both,0,20,20,1,"[[36, 37]]",1,,,,,0,,,,,,,,,,,,,,,,,,,,,,,,,,,,,,,,,,,,,,,,,,,,,,,,,,,,,
1369.2884009999689,unswapping,,,,,,,,,,,,,,,,,,,,,,,,,,,,,,,,,,,,,,,,,,,,,,,,,,136,4,327800,2830,158,40,0,both,1,19,19,6,"[[3, 4], [9, 10], [19, 20], [21, 22], [31, 32], [33, 34]]",7,,,,,0,,,,,,,,,,,,,,,,,,,,,,,,,,,,,,,,,,,,,,,,,,,,,,,,,,,,,
1369.8692925409996,unswapping,,,,,,,,,,,,,,,,,,,,,,,,,,,,,,,,,,,,,,,,,,,,,,,,,,136,4,327800,2830,158,40,0,left,0,20,20,0,[],7,,,,,0,,,,,,,,,,,,,,,,,,,,,,,,,,,,,,,,,,,,,,,,,,,,,,,,,,,,,
1370.7347570409765,unswapping,,,,,,,,,,,,,,,,,,,,,,,,,,,,,,,,,,,,,,,,,,,,,,,,,,136,4,322720,2784,158,40,0,left,1,19,19,4,"[[3, 4], [21, 22], [31, 32], [33, 34]]",11,,,,,8,,,,,,,,,,,,,,,,,,,,,,,,,,,,,,,,,,,,,,,,,,,,,,,,,,,,,
1371.4647225830122,unswapping,,,,,,,,,,,,,,,,,,,,,,,,,,,,,,,,,,,,,,,,,,,,,,,,,,136,4,316864,2732,158,40,0,right,0,20,20,5,"[[4, 5], [10, 11], [12, 13], [20, 21], [32, 33]]",16,,,,,18,,,,,,,,,,,,,,,,,,,,,,,,,,,,,,,,,,,,,,,,,,,,,,,,,,,,,
1372.237149833003,unswapping,,,,,,,,,,,,,,,,,,,,,,,,,,,,,,,,,,,,,,,,,,,,,,,,,,136,4,308352,2652,158,40,0,right,1,19,19,2,"[[13, 14], [17, 18]]",18,,,,,22,,,,,,,,,,,,,,,,,,,,,,,,,,,,,,,,,,,,,,,,,,,,,,,,,,,,,
1373.4170789580094,unswapping,,,,,,,,,,,,,,,,,,,,,,,,,,,,,,,,,,,,,,,,,,,,,,,,,,136,4,308352,2652,158,40,1,both,0,20,20,0,[],0,,,,,22,,,,,,,,,,,,,,,,,,,,,,,,,,,,,,,,,,,,,,,,,,,,,,,,,,,,,
1374.6511452909908,unswapping,,,,,,,,,,,,,,,,,,,,,,,,,,,,,,,,,,,,,,,,,,,,,,,,,,136,4,308352,2652,158,40,1,both,1,19,19,0,[],0,,,,,22,,,,,,,,,,,,,,,,,,,,,,,,,,,,,,,,,,,,,,,,,,,,,,,,,,,,,
1375.1686977909994,unswapping,,,,,,,,,,,,,,,,,,,,,,,,,,,,,,,,,,,,,,,,,,,,,,,,,,136,4,308352,2652,158,40,1,left,0,20,20,0,[],0,,,,,22,,,,,,,,,,,,,,,,,,,,,,,,,,,,,,,,,,,,,,,,,,,,,,,,,,,,,
1375.749173707969,unswapping,,,,,,,,,,,,,,,,,,,,,,,,,,,,,,,,,,,,,,,,,,,,,,,,,,136,4,308352,2652,158,40,1,left,1,19,19,0,[],0,,,,,22,,,,,,,,,,,,,,,,,,,,,,,,,,,,,,,,,,,,,,,,,,,,,,,,,,,,,
1376.4200644160155,unswapping,,,,,,,,,,,,,,,,,,,,,,,,,,,,,,,,,,,,,,,,,,,,,,,,,,136,4,308096,2644,158,40,1,right,0,20,20,1,"[[18, 19]]",1,,,,,24,,,,,,,,,,,,,,,,,,,,,,,,,,,,,,,,,,,,,,,,,,,,,,,,,,,,,
1377.025092832977,unswapping,,,,,,,,,,,,,,,,,,,,,,,,,,,,,,,,,,,,,,,,,,,,,,,,,,136,4,308096,2644,158,40,1,right,1,19,19,0,[],1,,,,,24,,,,,,,,,,,,,,,,,,,,,,,,,,,,,,,,,,,,,,,,,,,,,,,,,,,,,
1378.1091126250103,unswapping,,,,,,,,,,,,,,,,,,,,,,,,,,,,,,,,,,,,,,,,,,,,,,,,,,136,4,308096,2644,158,40,2,both,0,20,20,0,[],0,,,,,24,,,,,,,,,,,,,,,,,,,,,,,,,,,,,,,,,,,,,,,,,,,,,,,,,,,,,
1379.3436582499999,unswapping,,,,,,,,,,,,,,,,,,,,,,,,,,,,,,,,,,,,,,,,,,,,,,,,,,136,4,308096,2644,158,40,2,both,1,19,19,0,[],0,,,,,24,,,,,,,,,,,,,,,,,,,,,,,,,,,,,,,,,,,,,,,,,,,,,,,,,,,,,
1379.8693724159966,unswapping,,,,,,,,,,,,,,,,,,,,,,,,,,,,,,,,,,,,,,,,,,,,,,,,,,136,4,308096,2644,158,40,2,left,0,20,20,0,[],0,,,,,24,,,,,,,,,,,,,,,,,,,,,,,,,,,,,,,,,,,,,,,,,,,,,,,,,,,,,
1380.4543784999987,unswapping,,,,,,,,,,,,,,,,,,,,,,,,,,,,,,,,,,,,,,,,,,,,,,,,,,136,4,308096,2644,158,40,2,left,1,19,19,0,[],0,,,,,24,,,,,,,,,,,,,,,,,,,,,,,,,,,,,,,,,,,,,,,,,,,,,,,,,,,,,
1380.9740845409688,unswapping,,,,,,,,,,,,,,,,,,,,,,,,,,,,,,,,,,,,,,,,,,,,,,,,,,136,4,308096,2644,158,40,2,right,0,20,20,0,[],0,,,,,24,,,,,,,,,,,,,,,,,,,,,,,,,,,,,,,,,,,,,,,,,,,,,,,,,,,,,
1381.6149359159754,unswapping,,,,,,,,,,,,,,,,,,,,,,,,,,,,,,,,,,,,,,,,,,,,,,,,,,136,4,308096,2644,158,40,2,right,1,19,19,0,[],0,,,,,24,,,,,,,,,,,,,,,,,,,,,,,,,,,,,,,,,,,,,,,,,,,,,,,,,,,,,
1383.7962917909608,unswap_cycle_summary,,,,,,,,,,,,404,389,793,,,,,,,,,,,,,,,,,,,512,0.0006,,,,,,,,,,,,,,,,136,4,308096,2644,158,40,,,,,,,,,,,,,,,,,,,,,89,16.573657333035953,793,808,15,0,False,True,True,87,0,"[404, 389]","[0, 1, 2, 3, 4, 5, 6, 7, 8, 10, 9, 11, 12, 13, 14, 15, 16, 17, 18, 20, 19, 21, 22, 23, 24, 25, 26, 27, 28, 29, 30, 31, 32, 33, 34, 35, 37, 36, 38, 39]","[0, 1, 2, 4, 5, 3, 6, 7, 8, 10, 11, 9, 13, 14, 12, 15, 16, 18, 20, 17, 22, 19, 21, 23, 24, 25, 26, 27, 28, 29, 30, 32, 34, 31, 33, 35, 37, 36, 38, 39]",,"{'index': 1, 'interactions': [('unitary', (29, 30))]}","[2, 4, 5, 5, 5, 5, 5, 4, 3, 3, 3, 4, 5, 5, 6, 6, 4, 2, 3, 4, 6, 7, 7, 8, 7, 6, 6, 5, 5, 5, 5, 5, 4, 3, 4, 5, 4, 4, 2]",91f42348ef1e761d45d4ac99bd0597b0394b9d86ecb8303235efc44a2d178154,,,,,,,,,,,,,,,,,,,,,,,,,,,,
1384.0753133330145,rewiring,right,post_unswap,0.1585072919842787,29,False,False,,,,,,,,,,,,,,,,,,,,,,,,,,,,,,,,,,,,,,,,,,,,,,,,,,,,,,,,,,,,,,,,,,,,,,89,,,,,,,,,,,,,,,,,,50,False,0,4,bond_profile,8,False,1,5051,"(315, 125, 9, 8, 15, 89, 27)",0.0028978760819882154,0.15558258298551664,"[{'seed': 2024, 'score': (315, 125, 9, 8, 21, 89, 33), 'num_layers': 33, 'total_swaps': 89, 'max_layer_swaps': 9, 'swap_only_layers': 21, 'work_layers': 12, 'unitary_layers': 12, 'first_work_layer': 3, 'leading_no_work_layers': 3, 'bond_profile_layers_scored': 8, 'bond_profile_total_cost': 315, 'bond_profile_max_cost': 125, 'bond_profile_gate_count': 9}, {'seed': 3033, 'score': (327, 136, 11, 8, 18, 90, 29), 'num_layers': 29, 'total_swaps': 90, 'max_layer_swaps': 8, 'swap_only_layers': 18, 'work_layers': 11, 'unitary_layers': 11, 'first_work_layer': 3, 'leading_no_work_layers': 3, 'bond_profile_layers_scored': 8, 'bond_profile_total_cost': 327, 'bond_profile_max_cost': 136, 'bond_profile_gate_count': 11}, {'seed': 4042, 'score': (370, 136, 10, 8, 15, 89, 27), 'num_layers': 27, 'total_swaps': 89, 'max_layer_swaps': 8, 'swap_only_layers': 15, 'work_layers': 12, 'unitary_layers': 12, 'first_work_layer': 3, 'leading_no_work_layers': 3, 'bond_profile_layers_scored': 8, 'bond_profile_total_cost': 370, 'bond_profile_max_cost': 136, 'bond_profile_gate_count': 10}, {'seed': 5051, 'score': (315, 125, 9, 8, 15, 89, 27), 'num_layers': 27, 'total_swaps': 89, 'max_layer_swaps': 9, 'swap_only_layers': 15, 'work_layers': 12, 'unitary_layers': 12, 'first_work_layer': 3, 'leading_no_work_layers': 3, 'bond_profile_layers_scored': 8, 'bond_profile_total_cost': 315, 'bond_profile_max_cost': 125, 'bond_profile_gate_count': 9}]",0.15850100002717227,0.15874837501905859,,,,,,,,,,,,,
1384.192611415987,cycle_progress,,,,,,,,,,,,404,389,793,,,,,,,,,,,,,,,,,,,512,0.0006,,372000,49,,,,,,,,,,,,,136,4,308096,2644,158,40,,,,,,,,,,,,,,,,,,,,,89,,793,808,15,0,False,,,,,,,,,,,,,,,,,,,,,,,,,,0.15874837501905859,,,,,,,,,,,,,
1384.548134749988,absorbing,,,,,,,R,0,1,0,27,404,389,793,7,0,0,0.0,0.23239762498997152,0.23239762498997152,0.23409729200648144,,323936,,136,False,False,False,False,323936,136,False,512,0.0006,,308096,50,total_elems,,323936,1,1,,,,0.0,,,,136,4,323936,2808,158,40,,,,,,,,,,,,,,,,,,,,,,,,,,,,,,,,,,,,,,,,,,,,,,,,,,,,,,,,,,,,,,,,,,
1384.9276331249857,absorbing,,,,,,,R,0,2,0,27,404,389,793,8,0,0,0.0,0.2605832080007531,0.2605832080007531,0.260797041002661,,372320,,136,False,False,False,False,372320,136,False,512,0.0006,,308096,50,total_elems,,372320,1,1,,,,0.0,,,,136,4,372320,3140,158,40,,,,,,,,,,,,,,,,,,,,,,,,,,,,,,,,,,,,,,,,,,,,,,,,,,,,,,,,,,,,,,,,,,
1387.2822478750022,unswapping,,,,,,,,,,,,,,,,,,,,,,,,,,,,,,,,,,,,,,,,,,,,,,,,,,136,4,372320,3140,158,40,0,both,0,20,20,0,[],0,,,,,0,,,,,,,,,,,,,,,,,,,,,,,,,,,,,,,,,,,,,,,,,,,,,,,,,,,,,
1388.6285858749761,unswapping,,,,,,,,,,,,,,,,,,,,,,,,,,,,,,,,,,,,,,,,,,,,,,,,,,136,4,372320,3140,158,40,0,both,1,19,19,0,[],0,,,,,0,,,,,,,,,,,,,,,,,,,,,,,,,,,,,,,,,,,,,,,,,,,,,,,,,,,,,
1389.415131582995,unswapping,,,,,,,,,,,,,,,,,,,,,,,,,,,,,,,,,,,,,,,,,,,,,,,,,,136,4,372320,3140,158,40,0,left,0,20,20,0,[],0,,,,,0,,,,,,,,,,,,,,,,,,,,,,,,,,,,,,,,,,,,,,,,,,,,,,,,,,,,,
1390.040015458013,unswapping,,,,,,,,,,,,,,,,,,,,,,,,,,,,,,,,,,,,,,,,,,,,,,,,,,136,4,372320,3140,158,40,0,left,1,19,19,0,[],0,,,,,0,,,,,,,,,,,,,,,,,,,,,,,,,,,,,,,,,,,,,,,,,,,,,,,,,,,,,
1390.8402521249955,unswapping,,,,,,,,,,,,,,,,,,,,,,,,,,,,,,,,,,,,,,,,,,,,,,,,,,136,4,372320,3140,158,40,0,right,0,20,20,0,[],0,,,,,0,,,,,,,,,,,,,,,,,,,,,,,,,,,,,,,,,,,,,,,,,,,,,,,,,,,,,
1391.4807633329765,unswapping,,,,,,,,,,,,,,,,,,,,,,,,,,,,,,,,,,,,,,,,,,,,,,,,,,136,4,372320,3140,158,40,0,right,1,19,19,0,[],0,,,,,0,,,,,,,,,,,,,,,,,,,,,,,,,,,,,,,,,,,,,,,,,,,,,,,,,,,,,
1392.1941442500101,unswap_cycle_summary,,,,,,,,,,,,404,389,793,,,,,,,,,,,,,,,,,,,512,0.0006,,,,,,,,,,,,,,,,136,4,372320,3140,158,40,,,,,,,,,,,,,,,,,,,,,90,5.94730320799863,793,808,15,0,False,True,True,88,15,"[404, 389]","[0, 1, 2, 3, 4, 5, 6, 7, 8, 9, 10, 11, 12, 13, 14, 15, 16, 17, 18, 19, 20, 21, 22, 23, 24, 25, 26, 27, 28, 29, 30, 31, 32, 33, 34, 35, 36, 37, 38, 39]","[0, 1, 2, 3, 4, 5, 6, 7, 8, 9, 10, 11, 12, 13, 14, 15, 16, 17, 18, 19, 20, 21, 22, 23, 24, 25, 26, 27, 28, 29, 30, 31, 32, 33, 34, 35, 36, 37, 38, 39]",,"{'index': 3, 'interactions': [('unitary', (29, 30))]}","[2, 4, 5, 6, 5, 5, 5, 4, 3, 4, 4, 4, 5, 6, 6, 6, 4, 4, 4, 6, 6, 7, 7, 8, 7, 6, 6, 5, 5, 5, 5, 6, 5, 5, 4, 5, 6, 4, 2]",6f33b907aba6995b292c2f675bee587eba7c92b52971ebfe1d09cb060a800099,,,,,,,,,,,,,,,,,,,,,,,,,,,,
1392.527077583014,rewiring,right,post_unswap,0.21517104201484472,27,False,False,,,,,,,,,,,,,,,,,,,,,,,,,,,,,,,,,,,,,,,,,,,,,,,,,,,,,,,,,,,,,,,,,,,,,,90,,,,,,,,,,,,,,,,,,50,False,0,4,bond_profile,8,False,1,2024,"(326, 64, 9, 8, 14, 74, 27)",0.0031402079621329904,0.21199124993290752,"[{'seed': 2024, 'score': (326, 64, 9, 8, 14, 74, 27), 'num_layers': 27, 'total_swaps': 74, 'max_layer_swaps': 9, 'swap_only_layers': 14, 'work_layers': 13, 'unitary_layers': 13, 'first_work_layer': 1, 'leading_no_work_layers': 1, 'bond_profile_layers_scored': 8, 'bond_profile_total_cost': 326, 'bond_profile_max_cost': 64, 'bond_profile_gate_count': 9}, {'seed': 3033, 'score': (359, 60, 10, 8, 16, 74, 28), 'num_layers': 28, 'total_swaps': 74, 'max_layer_swaps': 9, 'swap_only_layers': 16, 'work_layers': 12, 'unitary_layers': 12, 'first_work_layer': 1, 'leading_no_work_layers': 1, 'bond_profile_layers_scored': 8, 'bond_profile_total_cost': 359, 'bond_profile_max_cost': 60, 'bond_profile_gate_count': 10}, {'seed': 4042, 'score': (326, 64, 9, 8, 15, 74, 28), 'num_layers': 28, 'total_swaps': 74, 'max_layer_swaps': 9, 'swap_only_layers': 15, 'work_layers': 13, 'unitary_layers': 13, 'first_work_layer': 1, 'leading_no_work_layers': 1, 'bond_profile_layers_scored': 8, 'bond_profile_total_cost': 326, 'bond_profile_max_cost': 64, 'bond_profile_gate_count': 9}, {'seed': 5051, 'score': (371, 60, 11, 8, 16, 74, 27), 'num_layers': 27, 'total_swaps': 74, 'max_layer_swaps': 9, 'swap_only_layers': 16, 'work_layers': 11, 'unitary_layers': 11, 'first_work_layer': 1, 'leading_no_work_layers': 1, 'bond_profile_layers_scored': 8, 'bond_profile_total_cost': 371, 'bond_profile_max_cost': 60, 'bond_profile_gate_count': 11}]",0.21516183303901926,0.21549199998844415,,,,,,,,,,,,,
1392.6543467079755,cycle_progress,,,,,,,,,,,,404,389,793,,,,,,,,,,,,,,,,,,,512,0.0006,,308096,50,,,,,,,,,,,,,136,4,372320,3140,158,40,,,,,,,,,,,,,,,,,,,,,90,,793,808,15,0,False,,,,,,,,,,,,,,,,,,,,,,,,,,0.21549199998844415,,,,,,,,,,,,,
1395.4760958330007,unswapping,,,,,,,,,,,,,,,,,,,,,,,,,,,,,,,,,,,,,,,,,,,,,,,,,,136,4,367456,3076,158,40,0,both,0,20,20,1,"[[36, 37]]",1,,,,,0,,,,,,,,,,,,,,,,,,,,,,,,,,,,,,,,,,,,,,,,,,,,,,,,,,,,,
1397.2771909160074,unswapping,,,,,,,,,,,,,,,,,,,,,,,,,,,,,,,,,,,,,,,,,,,,,,,,,,136,4,327800,2830,158,40,0,both,1,19,19,6,"[[3, 4], [9, 10], [19, 20], [21, 22], [31, 32], [33, 34]]",7,,,,,0,,,,,,,,,,,,,,,,,,,,,,,,,,,,,,,,,,,,,,,,,,,,,,,,,,,,,
1397.8468728750013,unswapping,,,,,,,,,,,,,,,,,,,,,,,,,,,,,,,,,,,,,,,,,,,,,,,,,,136,4,327800,2830,158,40,0,left,0,20,20,0,[],7,,,,,0,,,,,,,,,,,,,,,,,,,,,,,,,,,,,,,,,,,,,,,,,,,,,,,,,,,,,
1398.6660817079828,unswapping,,,,,,,,,,,,,,,,,,,,,,,,,,,,,,,,,,,,,,,,,,,,,,,,,,136,4,322720,2784,158,40,0,left,1,19,19,4,"[[3, 4], [21, 22], [31, 32], [33, 34]]",11,,,,,8,,,,,,,,,,,,,,,,,,,,,,,,,,,,,,,,,,,,,,,,,,,,,,,,,,,,,
1399.3372184580076,unswapping,,,,,,,,,,,,,,,,,,,,,,,,,,,,,,,,,,,,,,,,,,,,,,,,,,136,4,316864,2732,158,40,0,right,0,20,20,5,"[[4, 5], [10, 11], [12, 13], [20, 21], [32, 33]]",16,,,,,18,,,,,,,,,,,,,,,,,,,,,,,,,,,,,,,,,,,,,,,,,,,,,,,,,,,,,
1400.0790512079839,unswapping,,,,,,,,,,,,,,,,,,,,,,,,,,,,,,,,,,,,,,,,,,,,,,,,,,136,4,308352,2652,158,40,0,right,1,19,19,2,"[[13, 14], [17, 18]]",18,,,,,22,,,,,,,,,,,,,,,,,,,,,,,,,,,,,,,,,,,,,,,,,,,,,,,,,,,,,
1401.2675224159611,unswapping,,,,,,,,,,,,,,,,,,,,,,,,,,,,,,,,,,,,,,,,,,,,,,,,,,136,4,308352,2652,158,40,1,both,0,20,20,0,[],0,,,,,22,,,,,,,,,,,,,,,,,,,,,,,,,,,,,,,,,,,,,,,,,,,,,,,,,,,,,
1402.6220882079797,unswapping,,,,,,,,,,,,,,,,,,,,,,,,,,,,,,,,,,,,,,,,,,,,,,,,,,136,4,308352,2652,158,40,1,both,1,19,19,0,[],0,,,,,22,,,,,,,,,,,,,,,,,,,,,,,,,,,,,,,,,,,,,,,,,,,,,,,,,,,,,
1403.182653457974,unswapping,,,,,,,,,,,,,,,,,,,,,,,,,,,,,,,,,,,,,,,,,,,,,,,,,,136,4,308352,2652,158,40,1,left,0,20,20,0,[],0,,,,,22,,,,,,,,,,,,,,,,,,,,,,,,,,,,,,,,,,,,,,,,,,,,,,,,,,,,,
1403.775504624995,unswapping,,,,,,,,,,,,,,,,,,,,,,,,,,,,,,,,,,,,,,,,,,,,,,,,,,136,4,308352,2652,158,40,1,left,1,19,19,0,[],0,,,,,22,,,,,,,,,,,,,,,,,,,,,,,,,,,,,,,,,,,,,,,,,,,,,,,,,,,,,
1404.5099435829907,unswapping,,,,,,,,,,,,,,,,,,,,,,,,,,,,,,,,,,,,,,,,,,,,,,,,,,136,4,308096,2644,158,40,1,right,0,20,20,1,"[[18, 19]]",1,,,,,24,,,,,,,,,,,,,,,,,,,,,,,,,,,,,,,,,,,,,,,,,,,,,,,,,,,,,
1405.129878457985,unswapping,,,,,,,,,,,,,,,,,,,,,,,,,,,,,,,,,,,,,,,,,,,,,,,,,,136,4,308096,2644,158,40,1,right,1,19,19,0,[],1,,,,,24,,,,,,,,,,,,,,,,,,,,,,,,,,,,,,,,,,,,,,,,,,,,,,,,,,,,,
1406.3280715830042,unswapping,,,,,,,,,,,,,,,,,,,,,,,,,,,,,,,,,,,,,,,,,,,,,,,,,,136,4,308096,2644,158,40,2,both,0,20,20,0,[],0,,,,,24,,,,,,,,,,,,,,,,,,,,,,,,,,,,,,,,,,,,,,,,,,,,,,,,,,,,,
1407.624234790972,unswapping,,,,,,,,,,,,,,,,,,,,,,,,,,,,,,,,,,,,,,,,,,,,,,,,,,136,4,308096,2644,158,40,2,both,1,19,19,0,[],0,,,,,24,,,,,,,,,,,,,,,,,,,,,,,,,,,,,,,,,,,,,,,,,,,,,,,,,,,,,
1408.1701655829675,unswapping,,,,,,,,,,,,,,,,,,,,,,,,,,,,,,,,,,,,,,,,,,,,,,,,,,136,4,308096,2644,158,40,2,left,0,20,20,0,[],0,,,,,24,,,,,,,,,,,,,,,,,,,,,,,,,,,,,,,,,,,,,,,,,,,,,,,,,,,,,
1408.7544526249985,unswapping,,,,,,,,,,,,,,,,,,,,,,,,,,,,,,,,,,,,,,,,,,,,,,,,,,136,4,308096,2644,158,40,2,left,1,19,19,0,[],0,,,,,24,,,,,,,,,,,,,,,,,,,,,,,,,,,,,,,,,,,,,,,,,,,,,,,,,,,,,
1409.2845169999637,unswapping,,,,,,,,,,,,,,,,,,,,,,,,,,,,,,,,,,,,,,,,,,,,,,,,,,136,4,308096,2644,158,40,2,right,0,20,20,0,[],0,,,,,24,,,,,,,,,,,,,,,,,,,,,,,,,,,,,,,,,,,,,,,,,,,,,,,,,,,,,
1409.8752333750017,unswapping,,,,,,,,,,,,,,,,,,,,,,,,,,,,,,,,,,,,,,,,,,,,,,,,,,136,4,308096,2644,158,40,2,right,1,19,19,0,[],0,,,,,24,,,,,,,,,,,,,,,,,,,,,,,,,,,,,,,,,,,,,,,,,,,,,,,,,,,,,
1412.0491085000103,unswap_cycle_summary,,,,,,,,,,,,404,389,793,,,,,,,,,,,,,,,,,,,512,0.0006,,,,,,,,,,,,,,,,136,4,308096,2644,158,40,,,,,,,,,,,,,,,,,,,,,91,16.600266541005112,793,808,15,0,False,True,True,89,0,"[404, 389]","[0, 1, 2, 3, 4, 5, 6, 7, 8, 10, 9, 11, 12, 13, 14, 15, 16, 17, 18, 20, 19, 21, 22, 23, 24, 25, 26, 27, 28, 29, 30, 31, 32, 33, 34, 35, 37, 36, 38, 39]","[0, 1, 2, 4, 5, 3, 6, 7, 8, 10, 11, 9, 13, 14, 12, 15, 16, 18, 20, 17, 22, 19, 21, 23, 24, 25, 26, 27, 28, 29, 30, 32, 34, 31, 33, 35, 37, 36, 38, 39]",,"{'index': 1, 'interactions': [('unitary', (29, 30))]}","[2, 4, 5, 5, 5, 5, 5, 4, 3, 3, 3, 4, 5, 5, 6, 6, 4, 2, 3, 4, 6, 7, 7, 8, 7, 6, 6, 5, 5, 5, 5, 5, 4, 3, 4, 5, 4, 4, 2]",91f42348ef1e761d45d4ac99bd0597b0394b9d86ecb8303235efc44a2d178154,,,,,,,,,,,,,,,,,,,,,,,,,,,,
1412.3096902079997,rewiring,right,post_unswap,0.13777233299333602,29,False,False,,,,,,,,,,,,,,,,,,,,,,,,,,,,,,,,,,,,,,,,,,,,,,,,,,,,,,,,,,,,,,,,,,,,,,91,,,,,,,,,,,,,,,,,,50,False,0,4,bond_profile,8,False,1,5051,"(315, 125, 9, 8, 15, 89, 27)",0.0027114590047858655,0.13503895793110132,"[{'seed': 2024, 'score': (315, 125, 9, 8, 21, 89, 33), 'num_layers': 33, 'total_swaps': 89, 'max_layer_swaps': 9, 'swap_only_layers': 21, 'work_layers': 12, 'unitary_layers': 12, 'first_work_layer': 3, 'leading_no_work_layers': 3, 'bond_profile_layers_scored': 8, 'bond_profile_total_cost': 315, 'bond_profile_max_cost': 125, 'bond_profile_gate_count': 9}, {'seed': 3033, 'score': (327, 136, 11, 8, 18, 90, 29), 'num_layers': 29, 'total_swaps': 90, 'max_layer_swaps': 8, 'swap_only_layers': 18, 'work_layers': 11, 'unitary_layers': 11, 'first_work_layer': 3, 'leading_no_work_layers': 3, 'bond_profile_layers_scored': 8, 'bond_profile_total_cost': 327, 'bond_profile_max_cost': 136, 'bond_profile_gate_count': 11}, {'seed': 4042, 'score': (370, 136, 10, 8, 15, 89, 27), 'num_layers': 27, 'total_swaps': 89, 'max_layer_swaps': 8, 'swap_only_layers': 15, 'work_layers': 12, 'unitary_layers': 12, 'first_work_layer': 3, 'leading_no_work_layers': 3, 'bond_profile_layers_scored': 8, 'bond_profile_total_cost': 370, 'bond_profile_max_cost': 136, 'bond_profile_gate_count': 10}, {'seed': 5051, 'score': (315, 125, 9, 8, 15, 89, 27), 'num_layers': 27, 'total_swaps': 89, 'max_layer_swaps': 9, 'swap_only_layers': 15, 'work_layers': 12, 'unitary_layers': 12, 'first_work_layer': 3, 'leading_no_work_layers': 3, 'bond_profile_layers_scored': 8, 'bond_profile_total_cost': 315, 'bond_profile_max_cost': 125, 'bond_profile_gate_count': 9}]",0.13776741700712591,0.1379482499905862,,,,,,,,,,,,,
1412.4341283329995,cycle_progress,,,,,,,,,,,,404,389,793,,,,,,,,,,,,,,,,,,,512,0.0006,,372320,51,,,,,,,,,,,,,136,4,308096,2644,158,40,,,,,,,,,,,,,,,,,,,,,91,,793,808,15,0,False,,,,,,,,,,,,,,,,,,,,,,,,,,0.1379482499905862,,,,,,,,,,,,,
1412.7551704159705,absorbing,,,,,,,R,0,1,0,27,404,389,793,7,0,0,0.0,0.1817869590013288,0.1817869590013288,0.18360995803959668,,323936,,136,False,False,False,False,323936,136,False,512,0.0006,,308096,52,total_elems,,323936,1,1,,,,0.0,,,,136,4,323936,2808,158,40,,,,,,,,,,,,,,,,,,,,,,,,,,,,,,,,,,,,,,,,,,,,,,,,,,,,,,,,,,,,,,,,,,
1413.097016332962,absorbing,,,,,,,R,0,2,0,27,404,389,793,8,0,0,0.0,0.2216795000131242,0.2216795000131242,0.2218765409779735,,372000,,136,False,False,False,False,372000,136,False,512,0.0006,,308096,52,total_elems,,372000,1,1,,,,0.0,,,,136,4,372000,3132,158,40,,,,,,,,,,,,,,,,,,,,,,,,,,,,,,,,,,,,,,,,,,,,,,,,,,,,,,,,,,,,,,,,,,
1415.4028203329653,unswapping,,,,,,,,,,,,,,,,,,,,,,,,,,,,,,,,,,,,,,,,,,,,,,,,,,136,4,372000,3132,158,40,0,both,0,20,20,0,[],0,,,,,0,,,,,,,,,,,,,,,,,,,,,,,,,,,,,,,,,,,,,,,,,,,,,,,,,,,,,
1416.7205767499981,unswapping,,,,,,,,,,,,,,,,,,,,,,,,,,,,,,,,,,,,,,,,,,,,,,,,,,136,4,372000,3132,158,40,0,both,1,19,19,0,[],0,,,,,0,,,,,,,,,,,,,,,,,,,,,,,,,,,,,,,,,,,,,,,,,,,,,,,,,,,,,
1417.4837777909706,unswapping,,,,,,,,,,,,,,,,,,,,,,,,,,,,,,,,,,,,,,,,,,,,,,,,,,136,4,372000,3132,158,40,0,left,0,20,20,0,[],0,,,,,0,,,,,,,,,,,,,,,,,,,,,,,,,,,,,,,,,,,,,,,,,,,,,,,,,,,,,
1418.171547750011,unswapping,,,,,,,,,,,,,,,,,,,,,,,,,,,,,,,,,,,,,,,,,,,,,,,,,,136,4,372000,3132,158,40,0,left,1,19,19,0,[],0,,,,,0,,,,,,,,,,,,,,,,,,,,,,,,,,,,,,,,,,,,,,,,,,,,,,,,,,,,,
1418.995760040998,unswapping,,,,,,,,,,,,,,,,,,,,,,,,,,,,,,,,,,,,,,,,,,,,,,,,,,136,4,372000,3132,158,40,0,right,0,20,20,0,[],0,,,,,0,,,,,,,,,,,,,,,,,,,,,,,,,,,,,,,,,,,,,,,,,,,,,,,,,,,,,
1419.6610153329675,unswapping,,,,,,,,,,,,,,,,,,,,,,,,,,,,,,,,,,,,,,,,,,,,,,,,,,136,4,372000,3132,158,40,0,right,1,19,19,0,[],0,,,,,0,,,,,,,,,,,,,,,,,,,,,,,,,,,,,,,,,,,,,,,,,,,,,,,,,,,,,
1420.3793342079734,unswap_cycle_summary,,,,,,,,,,,,404,389,793,,,,,,,,,,,,,,,,,,,512,0.0006,,,,,,,,,,,,,,,,136,4,372000,3132,158,40,,,,,,,,,,,,,,,,,,,,,92,5.971606292005163,793,808,15,0,False,True,True,90,15,"[404, 389]","[0, 1, 2, 3, 4, 5, 6, 7, 8, 9, 10, 11, 12, 13, 14, 15, 16, 17, 18, 19, 20, 21, 22, 23, 24, 25, 26, 27, 28, 29, 30, 31, 32, 33, 34, 35, 36, 37, 38, 39]","[0, 1, 2, 3, 4, 5, 6, 7, 8, 9, 10, 11, 12, 13, 14, 15, 16, 17, 18, 19, 20, 21, 22, 23, 24, 25, 26, 27, 28, 29, 30, 31, 32, 33, 34, 35, 36, 37, 38, 39]",,"{'index': 3, 'interactions': [('unitary', (29, 30))]}","[2, 4, 5, 6, 5, 5, 5, 4, 3, 4, 4, 4, 5, 6, 6, 6, 4, 4, 4, 6, 6, 7, 7, 8, 7, 6, 6, 5, 5, 5, 5, 6, 5, 5, 4, 5, 6, 4, 2]",6f33b907aba6995b292c2f675bee587eba7c92b52971ebfe1d09cb060a800099,,,,,,,,,,,,,,,,,,,,,,,,,,,,
1420.5634565000073,rewiring,right,post_unswap,0.05656129197450355,27,False,False,,,,,,,,,,,,,,,,,,,,,,,,,,,,,,,,,,,,,,,,,,,,,,,,,,,,,,,,,,,,,,,,,,,,,,92,,,,,,,,,,,,,,,,,,50,False,0,4,bond_profile,8,False,1,2024,"(322, 64, 9, 8, 14, 74, 27)",0.002829125034622848,0.05370320804649964,"[{'seed': 2024, 'score': (322, 64, 9, 8, 14, 74, 27), 'num_layers': 27, 'total_swaps': 74, 'max_layer_swaps': 9, 'swap_only_layers': 14, 'work_layers': 13, 'unitary_layers': 13, 'first_work_layer': 1, 'leading_no_work_layers': 1, 'bond_profile_layers_scored': 8, 'bond_profile_total_cost': 322, 'bond_profile_max_cost': 64, 'bond_profile_gate_count': 9}, {'seed': 3033, 'score': (355, 60, 10, 8, 16, 74, 28), 'num_layers': 28, 'total_swaps': 74, 'max_layer_swaps': 9, 'swap_only_layers': 16, 'work_layers': 12, 'unitary_layers': 12, 'first_work_layer': 1, 'leading_no_work_layers': 1, 'bond_profile_layers_scored': 8, 'bond_profile_total_cost': 355, 'bond_profile_max_cost': 60, 'bond_profile_gate_count': 10}, {'seed': 4042, 'score': (322, 64, 9, 8, 15, 74, 28), 'num_layers': 28, 'total_swaps': 74, 'max_layer_swaps': 9, 'swap_only_layers': 15, 'work_layers': 13, 'unitary_layers': 13, 'first_work_layer': 1, 'leading_no_work_layers': 1, 'bond_profile_layers_scored': 8, 'bond_profile_total_cost': 322, 'bond_profile_max_cost': 64, 'bond_profile_gate_count': 9}, {'seed': 5051, 'score': (367, 60, 11, 8, 16, 74, 27), 'num_layers': 27, 'total_swaps': 74, 'max_layer_swaps': 9, 'swap_only_layers': 16, 'work_layers': 11, 'unitary_layers': 11, 'first_work_layer': 1, 'leading_no_work_layers': 1, 'bond_profile_layers_scored': 8, 'bond_profile_total_cost': 367, 'bond_profile_max_cost': 60, 'bond_profile_gate_count': 11}]",0.05655224999645725,0.05679825000697747,,,,,,,,,,,,,
1420.6842805409688,cycle_progress,,,,,,,,,,,,404,389,793,,,,,,,,,,,,,,,,,,,512,0.0006,,308096,52,,,,,,,,,,,,,136,4,372000,3132,158,40,,,,,,,,,,,,,,,,,,,,,92,,793,808,15,0,False,,,,,,,,,,,,,,,,,,,,,,,,,,0.05679825000697747,,,,,,,,,,,,,
1423.5847313749837,unswapping,,,,,,,,,,,,,,,,,,,,,,,,,,,,,,,,,,,,,,,,,,,,,,,,,,136,4,367136,3068,158,40,0,both,0,20,20,1,"[[36, 37]]",1,,,,,0,,,,,,,,,,,,,,,,,,,,,,,,,,,,,,,,,,,,,,,,,,,,,,,,,,,,,
1425.3929476249614,unswapping,,,,,,,,,,,,,,,,,,,,,,,,,,,,,,,,,,,,,,,,,,,,,,,,,,136,4,327800,2830,158,40,0,both,1,19,19,6,"[[3, 4], [9, 10], [19, 20], [21, 22], [31, 32], [33, 34]]",7,,,,,0,,,,,,,,,,,,,,,,,,,,,,,,,,,,,,,,,,,,,,,,,,,,,,,,,,,,,
1425.9373104579863,unswapping,,,,,,,,,,,,,,,,,,,,,,,,,,,,,,,,,,,,,,,,,,,,,,,,,,136,4,327800,2830,158,40,0,left,0,20,20,0,[],7,,,,,0,,,,,,,,,,,,,,,,,,,,,,,,,,,,,,,,,,,,,,,,,,,,,,,,,,,,,
1426.789823708008,unswapping,,,,,,,,,,,,,,,,,,,,,,,,,,,,,,,,,,,,,,,,,,,,,,,,,,136,4,322720,2784,158,40,0,left,1,19,19,4,"[[3, 4], [21, 22], [31, 32], [33, 34]]",11,,,,,8,,,,,,,,,,,,,,,,,,,,,,,,,,,,,,,,,,,,,,,,,,,,,,,,,,,,,
1427.5087217079708,unswapping,,,,,,,,,,,,,,,,,,,,,,,,,,,,,,,,,,,,,,,,,,,,,,,,,,136,4,316864,2732,158,40,0,right,0,20,20,5,"[[4, 5], [10, 11], [12, 13], [20, 21], [32, 33]]",16,,,,,18,,,,,,,,,,,,,,,,,,,,,,,,,,,,,,,,,,,,,,,,,,,,,,,,,,,,,
1428.2579774159822,unswapping,,,,,,,,,,,,,,,,,,,,,,,,,,,,,,,,,,,,,,,,,,,,,,,,,,136,4,308352,2652,158,40,0,right,1,19,19,2,"[[13, 14], [17, 18]]",18,,,,,22,,,,,,,,,,,,,,,,,,,,,,,,,,,,,,,,,,,,,,,,,,,,,,,,,,,,,
1429.4483334160177,unswapping,,,,,,,,,,,,,,,,,,,,,,,,,,,,,,,,,,,,,,,,,,,,,,,,,,136,4,308352,2652,158,40,1,both,0,20,20,0,[],0,,,,,22,,,,,,,,,,,,,,,,,,,,,,,,,,,,,,,,,,,,,,,,,,,,,,,,,,,,,
1430.664704374969,unswapping,,,,,,,,,,,,,,,,,,,,,,,,,,,,,,,,,,,,,,,,,,,,,,,,,,136,4,308352,2652,158,40,1,both,1,19,19,0,[],0,,,,,22,,,,,,,,,,,,,,,,,,,,,,,,,,,,,,,,,,,,,,,,,,,,,,,,,,,,,
1431.249895582965,unswapping,,,,,,,,,,,,,,,,,,,,,,,,,,,,,,,,,,,,,,,,,,,,,,,,,,136,4,308352,2652,158,40,1,left,0,20,20,0,[],0,,,,,22,,,,,,,,,,,,,,,,,,,,,,,,,,,,,,,,,,,,,,,,,,,,,,,,,,,,,
1431.8185026249848,unswapping,,,,,,,,,,,,,,,,,,,,,,,,,,,,,,,,,,,,,,,,,,,,,,,,,,136,4,308352,2652,158,40,1,left,1,19,19,0,[],0,,,,,22,,,,,,,,,,,,,,,,,,,,,,,,,,,,,,,,,,,,,,,,,,,,,,,,,,,,,
1432.480897500005,unswapping,,,,,,,,,,,,,,,,,,,,,,,,,,,,,,,,,,,,,,,,,,,,,,,,,,136,4,308096,2644,158,40,1,right,0,20,20,1,"[[18, 19]]",1,,,,,24,,,,,,,,,,,,,,,,,,,,,,,,,,,,,,,,,,,,,,,,,,,,,,,,,,,,,
1433.0995598330046,unswapping,,,,,,,,,,,,,,,,,,,,,,,,,,,,,,,,,,,,,,,,,,,,,,,,,,136,4,308096,2644,158,40,1,right,1,19,19,0,[],1,,,,,24,,,,,,,,,,,,,,,,,,,,,,,,,,,,,,,,,,,,,,,,,,,,,,,,,,,,,
1434.2578408329864,unswapping,,,,,,,,,,,,,,,,,,,,,,,,,,,,,,,,,,,,,,,,,,,,,,,,,,136,4,308096,2644,158,40,2,both,0,20,20,0,[],0,,,,,24,,,,,,,,,,,,,,,,,,,,,,,,,,,,,,,,,,,,,,,,,,,,,,,,,,,,,
1435.4651149580022,unswapping,,,,,,,,,,,,,,,,,,,,,,,,,,,,,,,,,,,,,,,,,,,,,,,,,,136,4,308096,2644,158,40,2,both,1,19,19,0,[],0,,,,,24,,,,,,,,,,,,,,,,,,,,,,,,,,,,,,,,,,,,,,,,,,,,,,,,,,,,,
1435.999287832994,unswapping,,,,,,,,,,,,,,,,,,,,,,,,,,,,,,,,,,,,,,,,,,,,,,,,,,136,4,308096,2644,158,40,2,left,0,20,20,0,[],0,,,,,24,,,,,,,,,,,,,,,,,,,,,,,,,,,,,,,,,,,,,,,,,,,,,,,,,,,,,
1436.5918494999642,unswapping,,,,,,,,,,,,,,,,,,,,,,,,,,,,,,,,,,,,,,,,,,,,,,,,,,136,4,308096,2644,158,40,2,left,1,19,19,0,[],0,,,,,24,,,,,,,,,,,,,,,,,,,,,,,,,,,,,,,,,,,,,,,,,,,,,,,,,,,,,
1437.1277963329921,unswapping,,,,,,,,,,,,,,,,,,,,,,,,,,,,,,,,,,,,,,,,,,,,,,,,,,136,4,308096,2644,158,40,2,right,0,20,20,0,[],0,,,,,24,,,,,,,,,,,,,,,,,,,,,,,,,,,,,,,,,,,,,,,,,,,,,,,,,,,,,
1437.7556127500138,unswapping,,,,,,,,,,,,,,,,,,,,,,,,,,,,,,,,,,,,,,,,,,,,,,,,,,136,4,308096,2644,158,40,2,right,1,19,19,0,[],0,,,,,24,,,,,,,,,,,,,,,,,,,,,,,,,,,,,,,,,,,,,,,,,,,,,,,,,,,,,
1439.999777916004,unswap_cycle_summary,,,,,,,,,,,,404,389,793,,,,,,,,,,,,,,,,,,,512,0.0006,,,,,,,,,,,,,,,,136,4,308096,2644,158,40,,,,,,,,,,,,,,,,,,,,,93,16.46539066598052,793,808,15,0,False,True,True,91,0,"[404, 389]","[0, 1, 2, 3, 4, 5, 6, 7, 8, 10, 9, 11, 12, 13, 14, 15, 16, 17, 18, 20, 19, 21, 22, 23, 24, 25, 26, 27, 28, 29, 30, 31, 32, 33, 34, 35, 37, 36, 38, 39]","[0, 1, 2, 4, 5, 3, 6, 7, 8, 10, 11, 9, 13, 14, 12, 15, 16, 18, 20, 17, 22, 19, 21, 23, 24, 25, 26, 27, 28, 29, 30, 32, 34, 31, 33, 35, 37, 36, 38, 39]",,"{'index': 1, 'interactions': [('unitary', (29, 30))]}","[2, 4, 5, 5, 5, 5, 5, 4, 3, 3, 3, 4, 5, 5, 6, 6, 4, 2, 3, 4, 6, 7, 7, 8, 7, 6, 6, 5, 5, 5, 5, 5, 4, 3, 4, 5, 4, 4, 2]",91f42348ef1e761d45d4ac99bd0597b0394b9d86ecb8303235efc44a2d178154,,,,,,,,,,,,,,,,,,,,,,,,,,,,
1440.2668797079823,rewiring,right,post_unswap,0.14466387499123812,29,False,False,,,,,,,,,,,,,,,,,,,,,,,,,,,,,,,,,,,,,,,,,,,,,,,,,,,,,,,,,,,,,,,,,,,,,,93,,,,,,,,,,,,,,,,,,50,False,0,4,bond_profile,8,False,1,5051,"(315, 125, 9, 8, 15, 89, 27)",0.002755168010480702,0.14188604295486584,"[{'seed': 2024, 'score': (315, 125, 9, 8, 21, 89, 33), 'num_layers': 33, 'total_swaps': 89, 'max_layer_swaps': 9, 'swap_only_layers': 21, 'work_layers': 12, 'unitary_layers': 12, 'first_work_layer': 3, 'leading_no_work_layers': 3, 'bond_profile_layers_scored': 8, 'bond_profile_total_cost': 315, 'bond_profile_max_cost': 125, 'bond_profile_gate_count': 9}, {'seed': 3033, 'score': (327, 136, 11, 8, 18, 90, 29), 'num_layers': 29, 'total_swaps': 90, 'max_layer_swaps': 8, 'swap_only_layers': 18, 'work_layers': 11, 'unitary_layers': 11, 'first_work_layer': 3, 'leading_no_work_layers': 3, 'bond_profile_layers_scored': 8, 'bond_profile_total_cost': 327, 'bond_profile_max_cost': 136, 'bond_profile_gate_count': 11}, {'seed': 4042, 'score': (370, 136, 10, 8, 15, 89, 27), 'num_layers': 27, 'total_swaps': 89, 'max_layer_swaps': 8, 'swap_only_layers': 15, 'work_layers': 12, 'unitary_layers': 12, 'first_work_layer': 3, 'leading_no_work_layers': 3, 'bond_profile_layers_scored': 8, 'bond_profile_total_cost': 370, 'bond_profile_max_cost': 136, 'bond_profile_gate_count': 10}, {'seed': 5051, 'score': (315, 125, 9, 8, 15, 89, 27), 'num_layers': 27, 'total_swaps': 89, 'max_layer_swaps': 9, 'swap_only_layers': 15, 'work_layers': 12, 'unitary_layers': 12, 'first_work_layer': 3, 'leading_no_work_layers': 3, 'bond_profile_layers_scored': 8, 'bond_profile_total_cost': 315, 'bond_profile_max_cost': 125, 'bond_profile_gate_count': 9}]",0.14465904200915247,0.14485000004060566,,,,,,,,,,,,,
1440.3896233330015,cycle_progress,,,,,,,,,,,,404,389,793,,,,,,,,,,,,,,,,,,,512,0.0006,,372000,53,,,,,,,,,,,,,136,4,308096,2644,158,40,,,,,,,,,,,,,,,,,,,,,93,,793,808,15,0,False,,,,,,,,,,,,,,,,,,,,,,,,,,0.14485000004060566,,,,,,,,,,,,,
1440.7213337499998,absorbing,,,,,,,R,0,1,0,27,404,389,793,7,0,0,0.0,0.20136029203422368,0.20136029203422368,0.20233879203442484,,323936,,136,False,False,False,False,323936,136,False,512,0.0006,,308096,54,total_elems,,323936,1,1,,,,0.0,,,,136,4,323936,2808,158,40,,,,,,,,,,,,,,,,,,,,,,,,,,,,,,,,,,,,,,,,,,,,,,,,,,,,,,,,,,,,,,,,,,
1441.1133120000013,absorbing,,,,,,,R,0,2,0,27,404,389,793,8,0,0,0.0,0.25881516601657495,0.25881516601657495,0.25901579204946756,,372320,,136,False,False,False,False,372320,136,False,512,0.0006,,308096,54,total_elems,,372320,1,1,,,,0.0,,,,136,4,372320,3140,158,40,,,,,,,,,,,,,,,,,,,,,,,,,,,,,,,,,,,,,,,,,,,,,,,,,,,,,,,,,,,,,,,,,,
1443.6580395830097,unswapping,,,,,,,,,,,,,,,,,,,,,,,,,,,,,,,,,,,,,,,,,,,,,,,,,,136,4,372320,3140,158,40,0,both,0,20,20,0,[],0,,,,,0,,,,,,,,,,,,,,,,,,,,,,,,,,,,,,,,,,,,,,,,,,,,,,,,,,,,,
1445.027213416004,unswapping,,,,,,,,,,,,,,,,,,,,,,,,,,,,,,,,,,,,,,,,,,,,,,,,,,136,4,372320,3140,158,40,0,both,1,19,19,0,[],0,,,,,0,,,,,,,,,,,,,,,,,,,,,,,,,,,,,,,,,,,,,,,,,,,,,,,,,,,,,
1445.8137073749676,unswapping,,,,,,,,,,,,,,,,,,,,,,,,,,,,,,,,,,,,,,,,,,,,,,,,,,136,4,372320,3140,158,40,0,left,0,20,20,0,[],0,,,,,0,,,,,,,,,,,,,,,,,,,,,,,,,,,,,,,,,,,,,,,,,,,,,,,,,,,,,
1446.4509979999857,unswapping,,,,,,,,,,,,,,,,,,,,,,,,,,,,,,,,,,,,,,,,,,,,,,,,,,136,4,372320,3140,158,40,0,left,1,19,19,0,[],0,,,,,0,,,,,,,,,,,,,,,,,,,,,,,,,,,,,,,,,,,,,,,,,,,,,,,,,,,,,
1447.229657666001,unswapping,,,,,,,,,,,,,,,,,,,,,,,,,,,,,,,,,,,,,,,,,,,,,,,,,,136,4,372320,3140,158,40,0,right,0,20,20,0,[],0,,,,,0,,,,,,,,,,,,,,,,,,,,,,,,,,,,,,,,,,,,,,,,,,,,,,,,,,,,,
1447.871408874984,unswapping,,,,,,,,,,,,,,,,,,,,,,,,,,,,,,,,,,,,,,,,,,,,,,,,,,136,4,372320,3140,158,40,0,right,1,19,19,0,[],0,,,,,0,,,,,,,,,,,,,,,,,,,,,,,,,,,,,,,,,,,,,,,,,,,,,,,,,,,,,
1448.5904767079628,unswap_cycle_summary,,,,,,,,,,,,404,389,793,,,,,,,,,,,,,,,,,,,512,0.0006,,,,,,,,,,,,,,,,136,4,372320,3140,158,40,,,,,,,,,,,,,,,,,,,,,94,6.094293500005733,793,808,15,0,False,True,True,92,15,"[404, 389]","[0, 1, 2, 3, 4, 5, 6, 7, 8, 9, 10, 11, 12, 13, 14, 15, 16, 17, 18, 19, 20, 21, 22, 23, 24, 25, 26, 27, 28, 29, 30, 31, 32, 33, 34, 35, 36, 37, 38, 39]","[0, 1, 2, 3, 4, 5, 6, 7, 8, 9, 10, 11, 12, 13, 14, 15, 16, 17, 18, 19, 20, 21, 22, 23, 24, 25, 26, 27, 28, 29, 30, 31, 32, 33, 34, 35, 36, 37, 38, 39]",,"{'index': 3, 'interactions': [('unitary', (29, 30))]}","[2, 4, 5, 6, 5, 5, 5, 4, 3, 4, 4, 4, 5, 6, 6, 6, 4, 4, 4, 6, 6, 7, 7, 8, 7, 6, 6, 5, 5, 5, 5, 6, 5, 5, 4, 5, 6, 4, 2]",6f33b907aba6995b292c2f675bee587eba7c92b52971ebfe1d09cb060a800099,,,,,,,,,,,,,,,,,,,,,,,,,,,,
1448.837209582969,rewiring,right,post_unswap,0.12813179200747982,27,False,False,,,,,,,,,,,,,,,,,,,,,,,,,,,,,,,,,,,,,,,,,,,,,,,,,,,,,,,,,,,,,,,,,,,,,,94,,,,,,,,,,,,,,,,,,50,False,0,4,bond_profile,8,False,1,2024,"(326, 64, 9, 8, 14, 74, 27)",0.0025373759563080966,0.12557279207976535,"[{'seed': 2024, 'score': (326, 64, 9, 8, 14, 74, 27), 'num_layers': 27, 'total_swaps': 74, 'max_layer_swaps': 9, 'swap_only_layers': 14, 'work_layers': 13, 'unitary_layers': 13, 'first_work_layer': 1, 'leading_no_work_layers': 1, 'bond_profile_layers_scored': 8, 'bond_profile_total_cost': 326, 'bond_profile_max_cost': 64, 'bond_profile_gate_count': 9}, {'seed': 3033, 'score': (359, 60, 10, 8, 16, 74, 28), 'num_layers': 28, 'total_swaps': 74, 'max_layer_swaps': 9, 'swap_only_layers': 16, 'work_layers': 12, 'unitary_layers': 12, 'first_work_layer': 1, 'leading_no_work_layers': 1, 'bond_profile_layers_scored': 8, 'bond_profile_total_cost': 359, 'bond_profile_max_cost': 60, 'bond_profile_gate_count': 10}, {'seed': 4042, 'score': (326, 64, 9, 8, 15, 74, 28), 'num_layers': 28, 'total_swaps': 74, 'max_layer_swaps': 9, 'swap_only_layers': 15, 'work_layers': 13, 'unitary_layers': 13, 'first_work_layer': 1, 'leading_no_work_layers': 1, 'bond_profile_layers_scored': 8, 'bond_profile_total_cost': 326, 'bond_profile_max_cost': 64, 'bond_profile_gate_count': 9}, {'seed': 5051, 'score': (371, 60, 11, 8, 16, 74, 27), 'num_layers': 27, 'total_swaps': 74, 'max_layer_swaps': 9, 'swap_only_layers': 16, 'work_layers': 11, 'unitary_layers': 11, 'first_work_layer': 1, 'leading_no_work_layers': 1, 'bond_profile_layers_scored': 8, 'bond_profile_total_cost': 371, 'bond_profile_max_cost': 60, 'bond_profile_gate_count': 11}]",0.12812662502983585,0.12830154196126387,,,,,,,,,,,,,
1448.9567176660057,cycle_progress,,,,,,,,,,,,404,389,793,,,,,,,,,,,,,,,,,,,512,0.0006,,308096,54,,,,,,,,,,,,,136,4,372320,3140,158,40,,,,,,,,,,,,,,,,,,,,,94,,793,808,15,0,False,,,,,,,,,,,,,,,,,,,,,,,,,,0.12830154196126387,,,,,,,,,,,,,
1451.583209250006,unswapping,,,,,,,,,,,,,,,,,,,,,,,,,,,,,,,,,,,,,,,,,,,,,,,,,,136,4,367456,3076,158,40,0,both,0,20,20,1,"[[36, 37]]",1,,,,,0,,,,,,,,,,,,,,,,,,,,,,,,,,,,,,,,,,,,,,,,,,,,,,,,,,,,,
1453.441943999962,unswapping,,,,,,,,,,,,,,,,,,,,,,,,,,,,,,,,,,,,,,,,,,,,,,,,,,136,4,327800,2830,158,40,0,both,1,19,19,6,"[[3, 4], [9, 10], [19, 20], [21, 22], [31, 32], [33, 34]]",7,,,,,0,,,,,,,,,,,,,,,,,,,,,,,,,,,,,,,,,,,,,,,,,,,,,,,,,,,,,
1454.017022999993,unswapping,,,,,,,,,,,,,,,,,,,,,,,,,,,,,,,,,,,,,,,,,,,,,,,,,,136,4,327800,2830,158,40,0,left,0,20,20,0,[],7,,,,,0,,,,,,,,,,,,,,,,,,,,,,,,,,,,,,,,,,,,,,,,,,,,,,,,,,,,,
1454.8702544579864,unswapping,,,,,,,,,,,,,,,,,,,,,,,,,,,,,,,,,,,,,,,,,,,,,,,,,,136,4,322720,2784,158,40,0,left,1,19,19,4,"[[3, 4], [21, 22], [31, 32], [33, 34]]",11,,,,,8,,,,,,,,,,,,,,,,,,,,,,,,,,,,,,,,,,,,,,,,,,,,,,,,,,,,,
1455.566583833017,unswapping,,,,,,,,,,,,,,,,,,,,,,,,,,,,,,,,,,,,,,,,,,,,,,,,,,136,4,316864,2732,158,40,0,right,0,20,20,5,"[[4, 5], [10, 11], [12, 13], [20, 21], [32, 33]]",16,,,,,18,,,,,,,,,,,,,,,,,,,,,,,,,,,,,,,,,,,,,,,,,,,,,,,,,,,,,
1456.353315165965,unswapping,,,,,,,,,,,,,,,,,,,,,,,,,,,,,,,,,,,,,,,,,,,,,,,,,,136,4,308352,2652,158,40,0,right,1,19,19,2,"[[13, 14], [17, 18]]",18,,,,,22,,,,,,,,,,,,,,,,,,,,,,,,,,,,,,,,,,,,,,,,,,,,,,,,,,,,,
1457.473746625008,unswapping,,,,,,,,,,,,,,,,,,,,,,,,,,,,,,,,,,,,,,,,,,,,,,,,,,136,4,308352,2652,158,40,1,both,0,20,20,0,[],0,,,,,22,,,,,,,,,,,,,,,,,,,,,,,,,,,,,,,,,,,,,,,,,,,,,,,,,,,,,
1458.7294471659698,unswapping,,,,,,,,,,,,,,,,,,,,,,,,,,,,,,,,,,,,,,,,,,,,,,,,,,136,4,308352,2652,158,40,1,both,1,19,19,0,[],0,,,,,22,,,,,,,,,,,,,,,,,,,,,,,,,,,,,,,,,,,,,,,,,,,,,,,,,,,,,
1459.2445464999764,unswapping,,,,,,,,,,,,,,,,,,,,,,,,,,,,,,,,,,,,,,,,,,,,,,,,,,136,4,308352,2652,158,40,1,left,0,20,20,0,[],0,,,,,22,,,,,,,,,,,,,,,,,,,,,,,,,,,,,,,,,,,,,,,,,,,,,,,,,,,,,
1459.8519132499932,unswapping,,,,,,,,,,,,,,,,,,,,,,,,,,,,,,,,,,,,,,,,,,,,,,,,,,136,4,308352,2652,158,40,1,left,1,19,19,0,[],0,,,,,22,,,,,,,,,,,,,,,,,,,,,,,,,,,,,,,,,,,,,,,,,,,,,,,,,,,,,
1460.5326670409995,unswapping,,,,,,,,,,,,,,,,,,,,,,,,,,,,,,,,,,,,,,,,,,,,,,,,,,136,4,308096,2644,158,40,1,right,0,20,20,1,"[[18, 19]]",1,,,,,24,,,,,,,,,,,,,,,,,,,,,,,,,,,,,,,,,,,,,,,,,,,,,,,,,,,,,
1461.1380404579686,unswapping,,,,,,,,,,,,,,,,,,,,,,,,,,,,,,,,,,,,,,,,,,,,,,,,,,136,4,308096,2644,158,40,1,right,1,19,19,0,[],1,,,,,24,,,,,,,,,,,,,,,,,,,,,,,,,,,,,,,,,,,,,,,,,,,,,,,,,,,,,
1462.2783745409688,unswapping,,,,,,,,,,,,,,,,,,,,,,,,,,,,,,,,,,,,,,,,,,,,,,,,,,136,4,308096,2644,158,40,2,both,0,20,20,0,[],0,,,,,24,,,,,,,,,,,,,,,,,,,,,,,,,,,,,,,,,,,,,,,,,,,,,,,,,,,,,
1463.554687124968,unswapping,,,,,,,,,,,,,,,,,,,,,,,,,,,,,,,,,,,,,,,,,,,,,,,,,,136,4,308096,2644,158,40,2,both,1,19,19,0,[],0,,,,,24,,,,,,,,,,,,,,,,,,,,,,,,,,,,,,,,,,,,,,,,,,,,,,,,,,,,,
1464.1244468329824,unswapping,,,,,,,,,,,,,,,,,,,,,,,,,,,,,,,,,,,,,,,,,,,,,,,,,,136,4,308096,2644,158,40,2,left,0,20,20,0,[],0,,,,,24,,,,,,,,,,,,,,,,,,,,,,,,,,,,,,,,,,,,,,,,,,,,,,,,,,,,,
1464.7070248330128,unswapping,,,,,,,,,,,,,,,,,,,,,,,,,,,,,,,,,,,,,,,,,,,,,,,,,,136,4,308096,2644,158,40,2,left,1,19,19,0,[],0,,,,,24,,,,,,,,,,,,,,,,,,,,,,,,,,,,,,,,,,,,,,,,,,,,,,,,,,,,,
1465.2280933749862,unswapping,,,,,,,,,,,,,,,,,,,,,,,,,,,,,,,,,,,,,,,,,,,,,,,,,,136,4,308096,2644,158,40,2,right,0,20,20,0,[],0,,,,,24,,,,,,,,,,,,,,,,,,,,,,,,,,,,,,,,,,,,,,,,,,,,,,,,,,,,,
1465.8190265829908,unswapping,,,,,,,,,,,,,,,,,,,,,,,,,,,,,,,,,,,,,,,,,,,,,,,,,,136,4,308096,2644,158,40,2,right,1,19,19,0,[],0,,,,,24,,,,,,,,,,,,,,,,,,,,,,,,,,,,,,,,,,,,,,,,,,,,,,,,,,,,,
1468.0483821660164,unswap_cycle_summary,,,,,,,,,,,,404,389,793,,,,,,,,,,,,,,,,,,,512,0.0006,,,,,,,,,,,,,,,,136,4,308096,2644,158,40,,,,,,,,,,,,,,,,,,,,,95,16.275029250013176,793,808,15,0,False,True,True,93,0,"[404, 389]","[0, 1, 2, 3, 4, 5, 6, 7, 8, 10, 9, 11, 12, 13, 14, 15, 16, 17, 18, 20, 19, 21, 22, 23, 24, 25, 26, 27, 28, 29, 30, 31, 32, 33, 34, 35, 37, 36, 38, 39]","[0, 1, 2, 4, 5, 3, 6, 7, 8, 10, 11, 9, 13, 14, 12, 15, 16, 18, 20, 17, 22, 19, 21, 23, 24, 25, 26, 27, 28, 29, 30, 32, 34, 31, 33, 35, 37, 36, 38, 39]",,"{'index': 1, 'interactions': [('unitary', (29, 30))]}","[2, 4, 5, 5, 5, 5, 5, 4, 3, 3, 3, 4, 5, 5, 6, 6, 4, 2, 3, 4, 6, 7, 7, 8, 7, 6, 6, 5, 5, 5, 5, 5, 4, 3, 4, 5, 4, 4, 2]",91f42348ef1e761d45d4ac99bd0597b0394b9d86ecb8303235efc44a2d178154,,,,,,,,,,,,,,,,,,,,,,,,,,,,
1468.3093117909739,rewiring,right,post_unswap,0.1375554580008611,29,False,False,,,,,,,,,,,,,,,,,,,,,,,,,,,,,,,,,,,,,,,,,,,,,,,,,,,,,,,,,,,,,,,,,,,,,,95,,,,,,,,,,,,,,,,,,50,False,0,4,bond_profile,8,False,1,5051,"(315, 125, 9, 8, 15, 89, 27)",0.0026780000189319253,0.13485545996809378,"[{'seed': 2024, 'score': (315, 125, 9, 8, 21, 89, 33), 'num_layers': 33, 'total_swaps': 89, 'max_layer_swaps': 9, 'swap_only_layers': 21, 'work_layers': 12, 'unitary_layers': 12, 'first_work_layer': 3, 'leading_no_work_layers': 3, 'bond_profile_layers_scored': 8, 'bond_profile_total_cost': 315, 'bond_profile_max_cost': 125, 'bond_profile_gate_count': 9}, {'seed': 3033, 'score': (327, 136, 11, 8, 18, 90, 29), 'num_layers': 29, 'total_swaps': 90, 'max_layer_swaps': 8, 'swap_only_layers': 18, 'work_layers': 11, 'unitary_layers': 11, 'first_work_layer': 3, 'leading_no_work_layers': 3, 'bond_profile_layers_scored': 8, 'bond_profile_total_cost': 327, 'bond_profile_max_cost': 136, 'bond_profile_gate_count': 11}, {'seed': 4042, 'score': (370, 136, 10, 8, 15, 89, 27), 'num_layers': 27, 'total_swaps': 89, 'max_layer_swaps': 8, 'swap_only_layers': 15, 'work_layers': 12, 'unitary_layers': 12, 'first_work_layer': 3, 'leading_no_work_layers': 3, 'bond_profile_layers_scored': 8, 'bond_profile_total_cost': 370, 'bond_profile_max_cost': 136, 'bond_profile_gate_count': 10}, {'seed': 5051, 'score': (315, 125, 9, 8, 15, 89, 27), 'num_layers': 27, 'total_swaps': 89, 'max_layer_swaps': 9, 'swap_only_layers': 15, 'work_layers': 12, 'unitary_layers': 12, 'first_work_layer': 3, 'leading_no_work_layers': 3, 'bond_profile_layers_scored': 8, 'bond_profile_total_cost': 315, 'bond_profile_max_cost': 125, 'bond_profile_gate_count': 9}]",0.13755041698459536,0.13772516703465953,,,,,,,,,,,,,
1468.4327738750144,cycle_progress,,,,,,,,,,,,404,389,793,,,,,,,,,,,,,,,,,,,512,0.0006,,372320,55,,,,,,,,,,,,,136,4,308096,2644,158,40,,,,,,,,,,,,,,,,,,,,,95,,793,808,15,0,False,,,,,,,,,,,,,,,,,,,,,,,,,,0.13772516703465953,,,,,,,,,,,,,
1468.74183824996,absorbing,,,,,,,R,0,1,0,27,404,389,793,7,0,0,0.0,0.18292499997187406,0.18292499997187406,0.18564120796509087,,323936,,136,False,False,False,False,323936,136,False,512,0.0006,,308096,56,total_elems,,323936,1,1,,,,0.0,,,,136,4,323936,2808,158,40,,,,,,,,,,,,,,,,,,,,,,,,,,,,,,,,,,,,,,,,,,,,,,,,,,,,,,,,,,,,,,,,,,
1469.0964365410036,absorbing,,,,,,,R,0,2,0,27,404,389,793,8,0,0,0.0,0.23083341697929427,0.23083341697929427,0.2310392499784939,,372000,,136,False,False,False,False,372000,136,False,512,0.0006,,308096,56,total_elems,,372000,1,1,,,,0.0,,,,136,4,372000,3132,158,40,,,,,,,,,,,,,,,,,,,,,,,,,,,,,,,,,,,,,,,,,,,,,,,,,,,,,,,,,,,,,,,,,,
1471.5402053329744,unswapping,,,,,,,,,,,,,,,,,,,,,,,,,,,,,,,,,,,,,,,,,,,,,,,,,,136,4,372000,3132,158,40,0,both,0,20,20,0,[],0,,,,,0,,,,,,,,,,,,,,,,,,,,,,,,,,,,,,,,,,,,,,,,,,,,,,,,,,,,,
1472.941087290994,unswapping,,,,,,,,,,,,,,,,,,,,,,,,,,,,,,,,,,,,,,,,,,,,,,,,,,136,4,372000,3132,158,40,0,both,1,19,19,0,[],0,,,,,0,,,,,,,,,,,,,,,,,,,,,,,,,,,,,,,,,,,,,,,,,,,,,,,,,,,,,
1473.753983750008,unswapping,,,,,,,,,,,,,,,,,,,,,,,,,,,,,,,,,,,,,,,,,,,,,,,,,,136,4,372000,3132,158,40,0,left,0,20,20,0,[],0,,,,,0,,,,,,,,,,,,,,,,,,,,,,,,,,,,,,,,,,,,,,,,,,,,,,,,,,,,,
1474.4325894580106,unswapping,,,,,,,,,,,,,,,,,,,,,,,,,,,,,,,,,,,,,,,,,,,,,,,,,,136,4,372000,3132,158,40,0,left,1,19,19,0,[],0,,,,,0,,,,,,,,,,,,,,,,,,,,,,,,,,,,,,,,,,,,,,,,,,,,,,,,,,,,,
1475.2569870409789,unswapping,,,,,,,,,,,,,,,,,,,,,,,,,,,,,,,,,,,,,,,,,,,,,,,,,,136,4,372000,3132,158,40,0,right,0,20,20,0,[],0,,,,,0,,,,,,,,,,,,,,,,,,,,,,,,,,,,,,,,,,,,,,,,,,,,,,,,,,,,,
1475.931274499977,unswapping,,,,,,,,,,,,,,,,,,,,,,,,,,,,,,,,,,,,,,,,,,,,,,,,,,136,4,372000,3132,158,40,0,right,1,19,19,0,[],0,,,,,0,,,,,,,,,,,,,,,,,,,,,,,,,,,,,,,,,,,,,,,,,,,,,,,,,,,,,
1476.6926842500106,unswap_cycle_summary,,,,,,,,,,,,404,389,793,,,,,,,,,,,,,,,,,,,512,0.0006,,,,,,,,,,,,,,,,136,4,372000,3132,158,40,,,,,,,,,,,,,,,,,,,,,96,6.217776542005595,793,808,15,0,False,True,True,94,15,"[404, 389]","[0, 1, 2, 3, 4, 5, 6, 7, 8, 9, 10, 11, 12, 13, 14, 15, 16, 17, 18, 19, 20, 21, 22, 23, 24, 25, 26, 27, 28, 29, 30, 31, 32, 33, 34, 35, 36, 37, 38, 39]","[0, 1, 2, 3, 4, 5, 6, 7, 8, 9, 10, 11, 12, 13, 14, 15, 16, 17, 18, 19, 20, 21, 22, 23, 24, 25, 26, 27, 28, 29, 30, 31, 32, 33, 34, 35, 36, 37, 38, 39]",,"{'index': 3, 'interactions': [('unitary', (29, 30))]}","[2, 4, 5, 6, 5, 5, 5, 4, 3, 4, 4, 4, 5, 6, 6, 6, 4, 4, 4, 6, 6, 7, 7, 8, 7, 6, 6, 5, 5, 5, 5, 6, 5, 5, 4, 5, 6, 4, 2]",6f33b907aba6995b292c2f675bee587eba7c92b52971ebfe1d09cb060a800099,,,,,,,,,,,,,,,,,,,,,,,,,,,,
1476.8768162080087,rewiring,right,post_unswap,0.05629437504103407,27,False,False,,,,,,,,,,,,,,,,,,,,,,,,,,,,,,,,,,,,,,,,,,,,,,,,,,,,,,,,,,,,,,,,,,,,,,96,,,,,,,,,,,,,,,,,,50,False,0,4,bond_profile,8,False,1,2024,"(322, 64, 9, 8, 14, 74, 27)",0.0027215410373173654,0.053549708041828126,"[{'seed': 2024, 'score': (322, 64, 9, 8, 14, 74, 27), 'num_layers': 27, 'total_swaps': 74, 'max_layer_swaps': 9, 'swap_only_layers': 14, 'work_layers': 13, 'unitary_layers': 13, 'first_work_layer': 1, 'leading_no_work_layers': 1, 'bond_profile_layers_scored': 8, 'bond_profile_total_cost': 322, 'bond_profile_max_cost': 64, 'bond_profile_gate_count': 9}, {'seed': 3033, 'score': (355, 60, 10, 8, 16, 74, 28), 'num_layers': 28, 'total_swaps': 74, 'max_layer_swaps': 9, 'swap_only_layers': 16, 'work_layers': 12, 'unitary_layers': 12, 'first_work_layer': 1, 'leading_no_work_layers': 1, 'bond_profile_layers_scored': 8, 'bond_profile_total_cost': 355, 'bond_profile_max_cost': 60, 'bond_profile_gate_count': 10}, {'seed': 4042, 'score': (322, 64, 9, 8, 15, 74, 28), 'num_layers': 28, 'total_swaps': 74, 'max_layer_swaps': 9, 'swap_only_layers': 15, 'work_layers': 13, 'unitary_layers': 13, 'first_work_layer': 1, 'leading_no_work_layers': 1, 'bond_profile_layers_scored': 8, 'bond_profile_total_cost': 322, 'bond_profile_max_cost': 64, 'bond_profile_gate_count': 9}, {'seed': 5051, 'score': (367, 60, 11, 8, 16, 74, 27), 'num_layers': 27, 'total_swaps': 74, 'max_layer_swaps': 9, 'swap_only_layers': 16, 'work_layers': 11, 'unitary_layers': 11, 'first_work_layer': 1, 'leading_no_work_layers': 1, 'bond_profile_layers_scored': 8, 'bond_profile_total_cost': 367, 'bond_profile_max_cost': 60, 'bond_profile_gate_count': 11}]",0.05628949997480959,0.05648033297620714,,,,,,,,,,,,,
1477.003390708007,cycle_progress,,,,,,,,,,,,404,389,793,,,,,,,,,,,,,,,,,,,512,0.0006,,308096,56,,,,,,,,,,,,,136,4,372000,3132,158,40,,,,,,,,,,,,,,,,,,,,,96,,793,808,15,0,False,,,,,,,,,,,,,,,,,,,,,,,,,,0.05648033297620714,,,,,,,,,,,,,
1480.10132495797,unswapping,,,,,,,,,,,,,,,,,,,,,,,,,,,,,,,,,,,,,,,,,,,,,,,,,,136,4,367136,3068,158,40,0,both,0,20,20,1,"[[36, 37]]",1,,,,,0,,,,,,,,,,,,,,,,,,,,,,,,,,,,,,,,,,,,,,,,,,,,,,,,,,,,,
1481.9636059579789,unswapping,,,,,,,,,,,,,,,,,,,,,,,,,,,,,,,,,,,,,,,,,,,,,,,,,,136,4,327800,2830,158,40,0,both,1,19,19,6,"[[3, 4], [9, 10], [19, 20], [21, 22], [31, 32], [33, 34]]",7,,,,,0,,,,,,,,,,,,,,,,,,,,,,,,,,,,,,,,,,,,,,,,,,,,,,,,,,,,,
1482.5618022080162,unswapping,,,,,,,,,,,,,,,,,,,,,,,,,,,,,,,,,,,,,,,,,,,,,,,,,,136,4,327800,2830,158,40,0,left,0,20,20,0,[],7,,,,,0,,,,,,,,,,,,,,,,,,,,,,,,,,,,,,,,,,,,,,,,,,,,,,,,,,,,,
1483.4179219999933,unswapping,,,,,,,,,,,,,,,,,,,,,,,,,,,,,,,,,,,,,,,,,,,,,,,,,,136,4,322720,2784,158,40,0,left,1,19,19,4,"[[3, 4], [21, 22], [31, 32], [33, 34]]",11,,,,,8,,,,,,,,,,,,,,,,,,,,,,,,,,,,,,,,,,,,,,,,,,,,,,,,,,,,,
1484.1667609160068,unswapping,,,,,,,,,,,,,,,,,,,,,,,,,,,,,,,,,,,,,,,,,,,,,,,,,,136,4,316864,2732,158,40,0,right,0,20,20,5,"[[4, 5], [10, 11], [12, 13], [20, 21], [32, 33]]",16,,,,,18,,,,,,,,,,,,,,,,,,,,,,,,,,,,,,,,,,,,,,,,,,,,,,,,,,,,,
1484.939475165971,unswapping,,,,,,,,,,,,,,,,,,,,,,,,,,,,,,,,,,,,,,,,,,,,,,,,,,136,4,308352,2652,158,40,0,right,1,19,19,2,"[[13, 14], [17, 18]]",18,,,,,22,,,,,,,,,,,,,,,,,,,,,,,,,,,,,,,,,,,,,,,,,,,,,,,,,,,,,
1486.1122670409968,unswapping,,,,,,,,,,,,,,,,,,,,,,,,,,,,,,,,,,,,,,,,,,,,,,,,,,136,4,308352,2652,158,40,1,both,0,20,20,0,[],0,,,,,22,,,,,,,,,,,,,,,,,,,,,,,,,,,,,,,,,,,,,,,,,,,,,,,,,,,,,
1487.3949207079713,unswapping,,,,,,,,,,,,,,,,,,,,,,,,,,,,,,,,,,,,,,,,,,,,,,,,,,136,4,308352,2652,158,40,1,both,1,19,19,0,[],0,,,,,22,,,,,,,,,,,,,,,,,,,,,,,,,,,,,,,,,,,,,,,,,,,,,,,,,,,,,
1487.9266933329636,unswapping,,,,,,,,,,,,,,,,,,,,,,,,,,,,,,,,,,,,,,,,,,,,,,,,,,136,4,308352,2652,158,40,1,left,0,20,20,0,[],0,,,,,22,,,,,,,,,,,,,,,,,,,,,,,,,,,,,,,,,,,,,,,,,,,,,,,,,,,,,
1488.5157622499974,unswapping,,,,,,,,,,,,,,,,,,,,,,,,,,,,,,,,,,,,,,,,,,,,,,,,,,136,4,308352,2652,158,40,1,left,1,19,19,0,[],0,,,,,22,,,,,,,,,,,,,,,,,,,,,,,,,,,,,,,,,,,,,,,,,,,,,,,,,,,,,
1489.1768381249858,unswapping,,,,,,,,,,,,,,,,,,,,,,,,,,,,,,,,,,,,,,,,,,,,,,,,,,136,4,308096,2644,158,40,1,right,0,20,20,1,"[[18, 19]]",1,,,,,24,,,,,,,,,,,,,,,,,,,,,,,,,,,,,,,,,,,,,,,,,,,,,,,,,,,,,
1489.7806553330156,unswapping,,,,,,,,,,,,,,,,,,,,,,,,,,,,,,,,,,,,,,,,,,,,,,,,,,136,4,308096,2644,158,40,1,right,1,19,19,0,[],1,,,,,24,,,,,,,,,,,,,,,,,,,,,,,,,,,,,,,,,,,,,,,,,,,,,,,,,,,,,
1490.9332537910086,unswapping,,,,,,,,,,,,,,,,,,,,,,,,,,,,,,,,,,,,,,,,,,,,,,,,,,136,4,308096,2644,158,40,2,both,0,20,20,0,[],0,,,,,24,,,,,,,,,,,,,,,,,,,,,,,,,,,,,,,,,,,,,,,,,,,,,,,,,,,,,
1492.1353265829966,unswapping,,,,,,,,,,,,,,,,,,,,,,,,,,,,,,,,,,,,,,,,,,,,,,,,,,136,4,308096,2644,158,40,2,both,1,19,19,0,[],0,,,,,24,,,,,,,,,,,,,,,,,,,,,,,,,,,,,,,,,,,,,,,,,,,,,,,,,,,,,
1492.6901402499643,unswapping,,,,,,,,,,,,,,,,,,,,,,,,,,,,,,,,,,,,,,,,,,,,,,,,,,136,4,308096,2644,158,40,2,left,0,20,20,0,[],0,,,,,24,,,,,,,,,,,,,,,,,,,,,,,,,,,,,,,,,,,,,,,,,,,,,,,,,,,,,
1493.2684452909743,unswapping,,,,,,,,,,,,,,,,,,,,,,,,,,,,,,,,,,,,,,,,,,,,,,,,,,136,4,308096,2644,158,40,2,left,1,19,19,0,[],0,,,,,24,,,,,,,,,,,,,,,,,,,,,,,,,,,,,,,,,,,,,,,,,,,,,,,,,,,,,
1493.7794460409787,unswapping,,,,,,,,,,,,,,,,,,,,,,,,,,,,,,,,,,,,,,,,,,,,,,,,,,136,4,308096,2644,158,40,2,right,0,20,20,0,[],0,,,,,24,,,,,,,,,,,,,,,,,,,,,,,,,,,,,,,,,,,,,,,,,,,,,,,,,,,,,
1494.3746311659925,unswapping,,,,,,,,,,,,,,,,,,,,,,,,,,,,,,,,,,,,,,,,,,,,,,,,,,136,4,308096,2644,158,40,2,right,1,19,19,0,[],0,,,,,24,,,,,,,,,,,,,,,,,,,,,,,,,,,,,,,,,,,,,,,,,,,,,,,,,,,,,
1496.634645040962,unswap_cycle_summary,,,,,,,,,,,,404,389,793,,,,,,,,,,,,,,,,,,,512,0.0006,,,,,,,,,,,,,,,,136,4,308096,2644,158,40,,,,,,,,,,,,,,,,,,,,,97,16.72163145802915,793,808,15,0,False,True,True,95,0,"[404, 389]","[0, 1, 2, 3, 4, 5, 6, 7, 8, 10, 9, 11, 12, 13, 14, 15, 16, 17, 18, 20, 19, 21, 22, 23, 24, 25, 26, 27, 28, 29, 30, 31, 32, 33, 34, 35, 37, 36, 38, 39]","[0, 1, 2, 4, 5, 3, 6, 7, 8, 10, 11, 9, 13, 14, 12, 15, 16, 18, 20, 17, 22, 19, 21, 23, 24, 25, 26, 27, 28, 29, 30, 32, 34, 31, 33, 35, 37, 36, 38, 39]",,"{'index': 1, 'interactions': [('unitary', (29, 30))]}","[2, 4, 5, 5, 5, 5, 5, 4, 3, 3, 3, 4, 5, 5, 6, 6, 4, 2, 3, 4, 6, 7, 7, 8, 7, 6, 6, 5, 5, 5, 5, 5, 4, 3, 4, 5, 4, 4, 2]",91f42348ef1e761d45d4ac99bd0597b0394b9d86ecb8303235efc44a2d178154,,,,,,,,,,,,,,,,,,,,,,,,,,,,
1496.9440493750153,rewiring,right,post_unswap,0.18220479099545628,29,False,False,,,,,,,,,,,,,,,,,,,,,,,,,,,,,,,,,,,,,,,,,,,,,,,,,,,,,,,,,,,,,,,,,,,,,,97,,,,,,,,,,,,,,,,,,50,False,0,4,bond_profile,8,False,1,5051,"(315, 125, 9, 8, 15, 89, 27)",0.00304154196055606,0.17913124995538965,"[{'seed': 2024, 'score': (315, 125, 9, 8, 21, 89, 33), 'num_layers': 33, 'total_swaps': 89, 'max_layer_swaps': 9, 'swap_only_layers': 21, 'work_layers': 12, 'unitary_layers': 12, 'first_work_layer': 3, 'leading_no_work_layers': 3, 'bond_profile_layers_scored': 8, 'bond_profile_total_cost': 315, 'bond_profile_max_cost': 125, 'bond_profile_gate_count': 9}, {'seed': 3033, 'score': (327, 136, 11, 8, 18, 90, 29), 'num_layers': 29, 'total_swaps': 90, 'max_layer_swaps': 8, 'swap_only_layers': 18, 'work_layers': 11, 'unitary_layers': 11, 'first_work_layer': 3, 'leading_no_work_layers': 3, 'bond_profile_layers_scored': 8, 'bond_profile_total_cost': 327, 'bond_profile_max_cost': 136, 'bond_profile_gate_count': 11}, {'seed': 4042, 'score': (370, 136, 10, 8, 15, 89, 27), 'num_layers': 27, 'total_swaps': 89, 'max_layer_swaps': 8, 'swap_only_layers': 15, 'work_layers': 12, 'unitary_layers': 12, 'first_work_layer': 3, 'leading_no_work_layers': 3, 'bond_profile_layers_scored': 8, 'bond_profile_total_cost': 370, 'bond_profile_max_cost': 136, 'bond_profile_gate_count': 10}, {'seed': 5051, 'score': (315, 125, 9, 8, 15, 89, 27), 'num_layers': 27, 'total_swaps': 89, 'max_layer_swaps': 9, 'swap_only_layers': 15, 'work_layers': 12, 'unitary_layers': 12, 'first_work_layer': 3, 'leading_no_work_layers': 3, 'bond_profile_layers_scored': 8, 'bond_profile_total_cost': 315, 'bond_profile_max_cost': 125, 'bond_profile_gate_count': 9}]",0.18219779204810038,0.18243929103482515,,,,,,,,,,,,,
1497.0707223750069,cycle_progress,,,,,,,,,,,,404,389,793,,,,,,,,,,,,,,,,,,,512,0.0006,,372000,57,,,,,,,,,,,,,136,4,308096,2644,158,40,,,,,,,,,,,,,,,,,,,,,97,,793,808,15,0,False,,,,,,,,,,,,,,,,,,,,,,,,,,0.18243929103482515,,,,,,,,,,,,,
1497.4029712079791,absorbing,,,,,,,R,0,1,0,27,404,389,793,7,0,0,0.0,0.1975189580116421,0.1975189580116421,0.2008190419874154,,323936,,136,False,False,False,False,323936,136,False,512,0.0006,,308096,58,total_elems,,323936,1,1,,,,0.0,,,,136,4,323936,2808,158,40,,,,,,,,,,,,,,,,,,,,,,,,,,,,,,,,,,,,,,,,,,,,,,,,,,,,,,,,,,,,,,,,,,
1497.7873382499674,absorbing,,,,,,,R,0,2,0,27,404,389,793,8,0,0,0.0,0.25655929202912375,0.25655929202912375,0.2567707499838434,,372320,,136,False,False,False,False,372320,136,False,512,0.0006,,308096,58,total_elems,,372320,1,1,,,,0.0,,,,136,4,372320,3140,158,40,,,,,,,,,,,,,,,,,,,,,,,,,,,,,,,,,,,,,,,,,,,,,,,,,,,,,,,,,,,,,,,,,,
1500.155274290999,unswapping,,,,,,,,,,,,,,,,,,,,,,,,,,,,,,,,,,,,,,,,,,,,,,,,,,136,4,372320,3140,158,40,0,both,0,20,20,0,[],0,,,,,0,,,,,,,,,,,,,,,,,,,,,,,,,,,,,,,,,,,,,,,,,,,,,,,,,,,,,
1501.5020739579923,unswapping,,,,,,,,,,,,,,,,,,,,,,,,,,,,,,,,,,,,,,,,,,,,,,,,,,136,4,372320,3140,158,40,0,both,1,19,19,0,[],0,,,,,0,,,,,,,,,,,,,,,,,,,,,,,,,,,,,,,,,,,,,,,,,,,,,,,,,,,,,
1502.2813199160155,unswapping,,,,,,,,,,,,,,,,,,,,,,,,,,,,,,,,,,,,,,,,,,,,,,,,,,136,4,372320,3140,158,40,0,left,0,20,20,0,[],0,,,,,0,,,,,,,,,,,,,,,,,,,,,,,,,,,,,,,,,,,,,,,,,,,,,,,,,,,,,
1502.929447499977,unswapping,,,,,,,,,,,,,,,,,,,,,,,,,,,,,,,,,,,,,,,,,,,,,,,,,,136,4,372320,3140,158,40,0,left,1,19,19,0,[],0,,,,,0,,,,,,,,,,,,,,,,,,,,,,,,,,,,,,,,,,,,,,,,,,,,,,,,,,,,,
1503.7416804159875,unswapping,,,,,,,,,,,,,,,,,,,,,,,,,,,,,,,,,,,,,,,,,,,,,,,,,,136,4,372320,3140,158,40,0,right,0,20,20,0,[],0,,,,,0,,,,,,,,,,,,,,,,,,,,,,,,,,,,,,,,,,,,,,,,,,,,,,,,,,,,,
1504.3702980829985,unswapping,,,,,,,,,,,,,,,,,,,,,,,,,,,,,,,,,,,,,,,,,,,,,,,,,,136,4,372320,3140,158,40,0,right,1,19,19,0,[],0,,,,,0,,,,,,,,,,,,,,,,,,,,,,,,,,,,,,,,,,,,,,,,,,,,,,,,,,,,,
1505.1417048749863,unswap_cycle_summary,,,,,,,,,,,,404,389,793,,,,,,,,,,,,,,,,,,,512,0.0006,,,,,,,,,,,,,,,,136,4,372320,3140,158,40,,,,,,,,,,,,,,,,,,,,,98,5.963772583054379,793,808,15,0,False,True,True,96,15,"[404, 389]","[0, 1, 2, 3, 4, 5, 6, 7, 8, 9, 10, 11, 12, 13, 14, 15, 16, 17, 18, 19, 20, 21, 22, 23, 24, 25, 26, 27, 28, 29, 30, 31, 32, 33, 34, 35, 36, 37, 38, 39]","[0, 1, 2, 3, 4, 5, 6, 7, 8, 9, 10, 11, 12, 13, 14, 15, 16, 17, 18, 19, 20, 21, 22, 23, 24, 25, 26, 27, 28, 29, 30, 31, 32, 33, 34, 35, 36, 37, 38, 39]",,"{'index': 3, 'interactions': [('unitary', (29, 30))]}","[2, 4, 5, 6, 5, 5, 5, 4, 3, 4, 4, 4, 5, 6, 6, 6, 4, 4, 4, 6, 6, 7, 7, 8, 7, 6, 6, 5, 5, 5, 5, 6, 5, 5, 4, 5, 6, 4, 2]",6f33b907aba6995b292c2f675bee587eba7c92b52971ebfe1d09cb060a800099,,,,,,,,,,,,,,,,,,,,,,,,,,,,
1505.4972813749919,rewiring,right,post_unswap,0.22750400000950322,27,False,False,,,,,,,,,,,,,,,,,,,,,,,,,,,,,,,,,,,,,,,,,,,,,,,,,,,,,,,,,,,,,,,,,,,,,,98,,,,,,,,,,,,,,,,,,50,False,0,4,bond_profile,8,False,1,2024,"(326, 64, 9, 8, 14, 74, 27)",0.002994626003783196,0.2244763330090791,"[{'seed': 2024, 'score': (326, 64, 9, 8, 14, 74, 27), 'num_layers': 27, 'total_swaps': 74, 'max_layer_swaps': 9, 'swap_only_layers': 14, 'work_layers': 13, 'unitary_layers': 13, 'first_work_layer': 1, 'leading_no_work_layers': 1, 'bond_profile_layers_scored': 8, 'bond_profile_total_cost': 326, 'bond_profile_max_cost': 64, 'bond_profile_gate_count': 9}, {'seed': 3033, 'score': (359, 60, 10, 8, 16, 74, 28), 'num_layers': 28, 'total_swaps': 74, 'max_layer_swaps': 9, 'swap_only_layers': 16, 'work_layers': 12, 'unitary_layers': 12, 'first_work_layer': 1, 'leading_no_work_layers': 1, 'bond_profile_layers_scored': 8, 'bond_profile_total_cost': 359, 'bond_profile_max_cost': 60, 'bond_profile_gate_count': 10}, {'seed': 4042, 'score': (326, 64, 9, 8, 15, 74, 28), 'num_layers': 28, 'total_swaps': 74, 'max_layer_swaps': 9, 'swap_only_layers': 15, 'work_layers': 13, 'unitary_layers': 13, 'first_work_layer': 1, 'leading_no_work_layers': 1, 'bond_profile_layers_scored': 8, 'bond_profile_total_cost': 326, 'bond_profile_max_cost': 64, 'bond_profile_gate_count': 9}, {'seed': 5051, 'score': (371, 60, 11, 8, 16, 74, 27), 'num_layers': 27, 'total_swaps': 74, 'max_layer_swaps': 9, 'swap_only_layers': 16, 'work_layers': 11, 'unitary_layers': 11, 'first_work_layer': 1, 'leading_no_work_layers': 1, 'bond_profile_layers_scored': 8, 'bond_profile_total_cost': 371, 'bond_profile_max_cost': 60, 'bond_profile_gate_count': 11}]",0.22749541699886322,0.2278622500016354,,,,,,,,,,,,,
1505.6275851660175,cycle_progress,,,,,,,,,,,,404,389,793,,,,,,,,,,,,,,,,,,,512,0.0006,,308096,58,,,,,,,,,,,,,136,4,372320,3140,158,40,,,,,,,,,,,,,,,,,,,,,98,,793,808,15,0,False,,,,,,,,,,,,,,,,,,,,,,,,,,0.2278622500016354,,,,,,,,,,,,,
1508.4281931250007,unswapping,,,,,,,,,,,,,,,,,,,,,,,,,,,,,,,,,,,,,,,,,,,,,,,,,,136,4,367456,3076,158,40,0,both,0,20,20,1,"[[36, 37]]",1,,,,,0,,,,,,,,,,,,,,,,,,,,,,,,,,,,,,,,,,,,,,,,,,,,,,,,,,,,,
1510.256891832978,unswapping,,,,,,,,,,,,,,,,,,,,,,,,,,,,,,,,,,,,,,,,,,,,,,,,,,136,4,327800,2830,158,40,0,both,1,19,19,6,"[[3, 4], [9, 10], [19, 20], [21, 22], [31, 32], [33, 34]]",7,,,,,0,,,,,,,,,,,,,,,,,,,,,,,,,,,,,,,,,,,,,,,,,,,,,,,,,,,,,
1510.8385323329712,unswapping,,,,,,,,,,,,,,,,,,,,,,,,,,,,,,,,,,,,,,,,,,,,,,,,,,136,4,327800,2830,158,40,0,left,0,20,20,0,[],7,,,,,0,,,,,,,,,,,,,,,,,,,,,,,,,,,,,,,,,,,,,,,,,,,,,,,,,,,,,
1511.6927000000142,unswapping,,,,,,,,,,,,,,,,,,,,,,,,,,,,,,,,,,,,,,,,,,,,,,,,,,136,4,322720,2784,158,40,0,left,1,19,19,4,"[[3, 4], [21, 22], [31, 32], [33, 34]]",11,,,,,8,,,,,,,,,,,,,,,,,,,,,,,,,,,,,,,,,,,,,,,,,,,,,,,,,,,,,
1512.3945890829782,unswapping,,,,,,,,,,,,,,,,,,,,,,,,,,,,,,,,,,,,,,,,,,,,,,,,,,136,4,316864,2732,158,40,0,right,0,20,20,5,"[[4, 5], [10, 11], [12, 13], [20, 21], [32, 33]]",16,,,,,18,,,,,,,,,,,,,,,,,,,,,,,,,,,,,,,,,,,,,,,,,,,,,,,,,,,,,
1513.172120540985,unswapping,,,,,,,,,,,,,,,,,,,,,,,,,,,,,,,,,,,,,,,,,,,,,,,,,,136,4,308352,2652,158,40,0,right,1,19,19,2,"[[13, 14], [17, 18]]",18,,,,,22,,,,,,,,,,,,,,,,,,,,,,,,,,,,,,,,,,,,,,,,,,,,,,,,,,,,,
1514.2632405409822,unswapping,,,,,,,,,,,,,,,,,,,,,,,,,,,,,,,,,,,,,,,,,,,,,,,,,,136,4,308352,2652,158,40,1,both,0,20,20,0,[],0,,,,,22,,,,,,,,,,,,,,,,,,,,,,,,,,,,,,,,,,,,,,,,,,,,,,,,,,,,,
1515.542908000003,unswapping,,,,,,,,,,,,,,,,,,,,,,,,,,,,,,,,,,,,,,,,,,,,,,,,,,136,4,308352,2652,158,40,1,both,1,19,19,0,[],0,,,,,22,,,,,,,,,,,,,,,,,,,,,,,,,,,,,,,,,,,,,,,,,,,,,,,,,,,,,
1516.092088541016,unswapping,,,,,,,,,,,,,,,,,,,,,,,,,,,,,,,,,,,,,,,,,,,,,,,,,,136,4,308352,2652,158,40,1,left,0,20,20,0,[],0,,,,,22,,,,,,,,,,,,,,,,,,,,,,,,,,,,,,,,,,,,,,,,,,,,,,,,,,,,,
1516.6991820409894,unswapping,,,,,,,,,,,,,,,,,,,,,,,,,,,,,,,,,,,,,,,,,,,,,,,,,,136,4,308352,2652,158,40,1,left,1,19,19,0,[],0,,,,,22,,,,,,,,,,,,,,,,,,,,,,,,,,,,,,,,,,,,,,,,,,,,,,,,,,,,,
1517.4161185830017,unswapping,,,,,,,,,,,,,,,,,,,,,,,,,,,,,,,,,,,,,,,,,,,,,,,,,,136,4,308096,2644,158,40,1,right,0,20,20,1,"[[18, 19]]",1,,,,,24,,,,,,,,,,,,,,,,,,,,,,,,,,,,,,,,,,,,,,,,,,,,,,,,,,,,,
1518.0302707909723,unswapping,,,,,,,,,,,,,,,,,,,,,,,,,,,,,,,,,,,,,,,,,,,,,,,,,,136,4,308096,2644,158,40,1,right,1,19,19,0,[],1,,,,,24,,,,,,,,,,,,,,,,,,,,,,,,,,,,,,,,,,,,,,,,,,,,,,,,,,,,,
1519.179796750017,unswapping,,,,,,,,,,,,,,,,,,,,,,,,,,,,,,,,,,,,,,,,,,,,,,,,,,136,4,308096,2644,158,40,2,both,0,20,20,0,[],0,,,,,24,,,,,,,,,,,,,,,,,,,,,,,,,,,,,,,,,,,,,,,,,,,,,,,,,,,,,
1520.4174576660153,unswapping,,,,,,,,,,,,,,,,,,,,,,,,,,,,,,,,,,,,,,,,,,,,,,,,,,136,4,308096,2644,158,40,2,both,1,19,19,0,[],0,,,,,24,,,,,,,,,,,,,,,,,,,,,,,,,,,,,,,,,,,,,,,,,,,,,,,,,,,,,
1520.9268912909902,unswapping,,,,,,,,,,,,,,,,,,,,,,,,,,,,,,,,,,,,,,,,,,,,,,,,,,136,4,308096,2644,158,40,2,left,0,20,20,0,[],0,,,,,24,,,,,,,,,,,,,,,,,,,,,,,,,,,,,,,,,,,,,,,,,,,,,,,,,,,,,
1521.4935837499797,unswapping,,,,,,,,,,,,,,,,,,,,,,,,,,,,,,,,,,,,,,,,,,,,,,,,,,136,4,308096,2644,158,40,2,left,1,19,19,0,[],0,,,,,24,,,,,,,,,,,,,,,,,,,,,,,,,,,,,,,,,,,,,,,,,,,,,,,,,,,,,
1521.9829681660049,unswapping,,,,,,,,,,,,,,,,,,,,,,,,,,,,,,,,,,,,,,,,,,,,,,,,,,136,4,308096,2644,158,40,2,right,0,20,20,0,[],0,,,,,24,,,,,,,,,,,,,,,,,,,,,,,,,,,,,,,,,,,,,,,,,,,,,,,,,,,,,
1522.5469639999792,unswapping,,,,,,,,,,,,,,,,,,,,,,,,,,,,,,,,,,,,,,,,,,,,,,,,,,136,4,308096,2644,158,40,2,right,1,19,19,0,[],0,,,,,24,,,,,,,,,,,,,,,,,,,,,,,,,,,,,,,,,,,,,,,,,,,,,,,,,,,,,
1524.776018582983,unswap_cycle_summary,,,,,,,,,,,,404,389,793,,,,,,,,,,,,,,,,,,,512,0.0006,,,,,,,,,,,,,,,,136,4,308096,2644,158,40,,,,,,,,,,,,,,,,,,,,,99,16.274093083979096,793,808,15,0,False,True,True,97,0,"[404, 389]","[0, 1, 2, 3, 4, 5, 6, 7, 8, 10, 9, 11, 12, 13, 14, 15, 16, 17, 18, 20, 19, 21, 22, 23, 24, 25, 26, 27, 28, 29, 30, 31, 32, 33, 34, 35, 37, 36, 38, 39]","[0, 1, 2, 4, 5, 3, 6, 7, 8, 10, 11, 9, 13, 14, 12, 15, 16, 18, 20, 17, 22, 19, 21, 23, 24, 25, 26, 27, 28, 29, 30, 32, 34, 31, 33, 35, 37, 36, 38, 39]",,"{'index': 1, 'interactions': [('unitary', (29, 30))]}","[2, 4, 5, 5, 5, 5, 5, 4, 3, 3, 3, 4, 5, 5, 6, 6, 4, 2, 3, 4, 6, 7, 7, 8, 7, 6, 6, 5, 5, 5, 5, 5, 4, 3, 4, 5, 4, 4, 2]",91f42348ef1e761d45d4ac99bd0597b0394b9d86ecb8303235efc44a2d178154,,,,,,,,,,,,,,,,,,,,,,,,,,,,
1525.0378180409898,rewiring,right,post_unswap,0.1381113749812357,29,False,False,,,,,,,,,,,,,,,,,,,,,,,,,,,,,,,,,,,,,,,,,,,,,,,,,,,,,,,,,,,,,,,,,,,,,,99,,,,,,,,,,,,,,,,,,50,False,0,4,bond_profile,8,False,1,5051,"(315, 125, 9, 8, 15, 89, 27)",0.0026525849825702608,0.13543683307943866,"[{'seed': 2024, 'score': (315, 125, 9, 8, 21, 89, 33), 'num_layers': 33, 'total_swaps': 89, 'max_layer_swaps': 9, 'swap_only_layers': 21, 'work_layers': 12, 'unitary_layers': 12, 'first_work_layer': 3, 'leading_no_work_layers': 3, 'bond_profile_layers_scored': 8, 'bond_profile_total_cost': 315, 'bond_profile_max_cost': 125, 'bond_profile_gate_count': 9}, {'seed': 3033, 'score': (327, 136, 11, 8, 18, 90, 29), 'num_layers': 29, 'total_swaps': 90, 'max_layer_swaps': 8, 'swap_only_layers': 18, 'work_layers': 11, 'unitary_layers': 11, 'first_work_layer': 3, 'leading_no_work_layers': 3, 'bond_profile_layers_scored': 8, 'bond_profile_total_cost': 327, 'bond_profile_max_cost': 136, 'bond_profile_gate_count': 11}, {'seed': 4042, 'score': (370, 136, 10, 8, 15, 89, 27), 'num_layers': 27, 'total_swaps': 89, 'max_layer_swaps': 8, 'swap_only_layers': 15, 'work_layers': 12, 'unitary_layers': 12, 'first_work_layer': 3, 'leading_no_work_layers': 3, 'bond_profile_layers_scored': 8, 'bond_profile_total_cost': 370, 'bond_profile_max_cost': 136, 'bond_profile_gate_count': 10}, {'seed': 5051, 'score': (315, 125, 9, 8, 15, 89, 27), 'num_layers': 27, 'total_swaps': 89, 'max_layer_swaps': 9, 'swap_only_layers': 15, 'work_layers': 12, 'unitary_layers': 12, 'first_work_layer': 3, 'leading_no_work_layers': 3, 'bond_profile_layers_scored': 8, 'bond_profile_total_cost': 315, 'bond_profile_max_cost': 125, 'bond_profile_gate_count': 9}]",0.13810675003333017,0.13827908399980515,,,,,,,,,,,,,
1525.1616219159914,cycle_progress,,,,,,,,,,,,404,389,793,,,,,,,,,,,,,,,,,,,512,0.0006,,372320,59,,,,,,,,,,,,,136,4,308096,2644,158,40,,,,,,,,,,,,,,,,,,,,,99,,793,808,15,0,False,,,,,,,,,,,,,,,,,,,,,,,,,,0.13827908399980515,,,,,,,,,,,,,
1525.3065876250039,termination,,,,,,,,,,,,404,389,793,,,,,,,,,,,,,,,,,,,512,0.0006,,,60,,,,,,,,,,,,,136,4,308096,2644,158,40,,,,,,,,,,,,,,,,,,,,,99,,793,808,15,,False,,,,,"[404, 389]","[0, 1, 2, 3, 4, 5, 6, 7, 8, 10, 9, 11, 12, 13, 14, 15, 16, 17, 18, 20, 19, 21, 22, 23, 24, 25, 26, 27, 28, 29, 30, 31, 32, 33, 34, 35, 37, 36, 38, 39]","[0, 1, 2, 4, 5, 3, 6, 7, 8, 10, 11, 9, 13, 14, 12, 15, 16, 18, 20, 17, 22, 19, 21, 23, 24, 25, 26, 27, 28, 29, 30, 32, 34, 31, 33, 35, 37, 36, 38, 39]",,"{'index': 1, 'interactions': [('unitary', (29, 30))]}","[2, 4, 5, 5, 5, 5, 5, 4, 3, 3, 3, 4, 5, 5, 6, 6, 4, 2, 3, 4, 6, 7, 7, 8, 7, 6, 6, 5, 5, 5, 5, 5, 4, 3, 4, 5, 4, 4, 2]",91f42348ef1e761d45d4ac99bd0597b0394b9d86ecb8303235efc44a2d178154,,,,,,,,,,,,,,,,no_progress_cycle_limit,"60 consecutive unswap cycles consumed zero work gates at cutoff=0.0006 [mode=entanglement_blowup]. The MPO is pinned near the size limits (max_bond=136 vs cap 512, elems=308096 vs unswap_threshold 500000), so no block can be absorbed without overflowing. This is the cutoff-sensitive branch: retry with a different --cutoff (verified Apple Silicon Accelerate values are in BENCHMARKS.md; start with --cutoff 0.0006), or raise --max-bond / --unswap-threshold.",entanglement_blowup,60,,,,,,,,,
1525.4323839159915,timing_summary,,,20.870381670887582,,,,,,,,,,,,,,,,,,,,,,,,,,,,,,,,,,,,,,,,,,,0.0,,,,,,,,,,,,,,,,,,,,,,,,,,,,,,,,,,,,,,,,,,,,,,,,,,,,,,,,,,,,,,20.89388399681775,,,,,0.4287609169841744,0.42914220795501024,20.441620753903408,20.46474178886274,175.16278604156105,175.8204447910539,1164.8335698342416,1361.524396296183,1361.5478986221133
