time,stage,rewire_side,rewire_phase,rewire_time_s,remaining_layers_before_rewire,parallel_rewire,adaptive_parallel_rewire,absorb_side,it_left,it_right,layers_left,layers_right,u_consumed_total_left,u_consumed_total_right,u_consumed_total,swap_consumed,u_consumed,u_consumed_after_unswap,probe_left_time_s,probe_right_time_s,probe_total_time_s,probe_wall_time_s,probe_left_total_elems,probe_right_total_elems,probe_left_max_bond,probe_right_max_bond,probe_left_hit_max_bond,probe_right_hit_max_bond,probe_left_over_unswap_threshold,probe_right_over_unswap_threshold,selected_total_elems,selected_max_bond,selected_hit_max_bond,compression_max_bond_limit,compression_cutoff,unswap_trigger_max_bond,cycle_start_total_elems,no_progress_unswap_cycles,absorb_score_mode,probe_left_score,probe_right_score,absorb_lookahead_depth,absorb_lookahead_depth_used,absorb_lookahead_candidates,absorb_lookahead_choice,absorb_lookahead_score,absorb_lookahead_time_s,max_bond,max_links,total_elems,total_shapes,total_links,num_tensors,iteration,side,parity,candidate_pairs,candidate_pairs_total,new_swaps,total_swaps,pair_lookahead_probes,pair_lookahead_candidates,pair_lookahead_current_score,pair_lookahead_best_score,alignment_score,route_proxy_weight,route_proxy_lookahead,route_proxy_rejected_swaps,route_proxy_added_swaps,alignment_weight,alignment_protect_gain,alignment_tie_loss,unswap_cycle,unswap_cycle_time_s,gates_consumed,total_work_gates,remaining_work_gates,cycle_gates_consumed,hit_max_bond,sabre_trials,adaptive_parallel_rewire_probed,cycle_work_consumed_before_rewire,route_candidates,route_score,route_score_time_s,route_chosen_seed,route_rewire_time_s,rewire_wall_time_s,termination_reason,termination_detail,stall_mode,abort_after_no_progress_unswap_cycles,initial_rewire_time_s,initial_rewire_wall_time_s,post_unswap_rewire_time_s,post_unswap_rewire_wall_time_s,absorb_probe_time_s,absorb_probe_wall_time_s,unswap_time_s,accounted_time_s,accounted_wall_time_s
1.5634130829712376,rewiring,left,initial,1.324845249997452,1657,False,False,,,,,,,,,,,,,,,,,,,,,,,,,,,,,,,,,,,,,,,,,,,,,,,,,,,,,,,,,,,,,,,,,,,,,,,,,,,,,,,,,,,,,,,,,,,,,,
2.7300642079790123,rewiring,right,initial,1.1664945840020664,1868,False,False,,,,,,,,,,,,,,,,,,,,,,,,,,,,,,,,,,,,,,,,,,,,,,,,,,,,,,,,,,,,,,,,,,,,,,,,,,,,,,,,,,,,,,,,,,,,,,
2.804361250018701,absorbing,,,,,,,L,1,0,1655,1866,2,0,2,12,2,2,0.03462604101514444,0.025066582951694727,0.059692623966839164,0.06017054204130545,264,448,2,4,False,False,False,False,264,2,False,512,0.0006,,248,0,total_elems,264,448,1,1,,,,0.0,2,4,264,374,246,62,,,,,,,,,,,,,,,,,,,,,,,,,,,,,,,,,,,,,,,,,,,,,,,,
2.859739958017599,absorbing,,,,,,,R,1,1,1655,1866,2,1,3,8,1,3,0.02675812499364838,0.025077250029426068,0.05183537502307445,0.05247045896248892,572,464,4,4,False,False,False,False,464,4,False,512,0.0006,,248,0,total_elems,572,464,1,1,,,,0.0,4,4,464,424,246,62,,,,,,,,,,,,,,,,,,,,,,,,,,,,,,,,,,,,,,,,,,,,,,,,
2.9153072080225684,absorbing,,,,,,,L,2,1,1655,1866,3,1,4,16,1,4,0.027172041998710483,0.024933458014857024,0.05210550001356751,0.0526727499673143,656,956,4,4,False,False,False,False,656,4,False,512,0.0006,,248,0,total_elems,656,956,1,1,,,,0.0,4,4,656,460,246,62,,,,,,,,,,,,,,,,,,,,,,,,,,,,,,,,,,,,,,,,,,,,,,,,
2.9711158749996684,absorbing,,,,,,,R,2,2,1655,1866,3,1,4,8,0,4,0.027223957993555814,0.024842958024237305,0.05206691601779312,0.052626707998570055,1660,1112,4,4,False,False,False,False,1112,4,False,512,0.0006,,248,0,total_elems,1660,1112,1,1,,,,0.0,4,4,1112,502,246,62,,,,,,,,,,,,,,,,,,,,,,,,,,,,,,,,,,,,,,,,,,,,,,,,
3.027099666011054,absorbing,,,,,,,R,2,3,1655,1866,3,2,5,6,1,5,0.027048167015891522,0.025421291997190565,0.05246945901308209,0.05300179199548438,2524,1936,16,16,False,False,False,False,1936,16,False,512,0.0006,,248,0,total_elems,2524,1936,1,1,,,,0.0,16,4,1936,558,246,62,,,,,,,,,,,,,,,,,,,,,,,,,,,,,,,,,,,,,,,,,,,,,,,,
3.0839994159759954,absorbing,,,,,,,R,2,4,1655,1866,3,2,5,8,0,5,0.028421875031199306,0.024735958024393767,0.05315783305559307,0.05382045800797641,4752,4432,16,16,False,False,False,False,4432,16,False,512,0.0006,,248,0,total_elems,4752,4432,1,1,,,,0.0,16,4,4432,672,246,62,,,,,,,,,,,,,,,,,,,,,,,,,,,,,,,,,,,,,,,,,,,,,,,,
3.1444108330179006,absorbing,,,,,,,L,3,4,1655,1866,5,2,7,17,2,7,0.02916562504833564,0.027646624948829412,0.056812249997165054,0.05737437499919906,8052,9780,16,16,False,False,False,False,8052,16,False,512,0.0006,,248,0,total_elems,8052,9780,1,1,,,,0.0,16,4,8052,776,246,62,,,,,,,,,,,,,,,,,,,,,,,,,,,,,,,,,,,,,,,,,,,,,,,,
3.2293753330013715,absorbing,,,,,,,R,3,5,1655,1866,5,2,7,10,0,7,0.05065308400662616,0.030637791962362826,0.08129087596898898,0.08185745897935703,37608,23036,64,64,False,False,False,False,23036,64,False,512,0.0006,,248,0,total_elems,37608,23036,1,1,,,,0.0,64,4,23036,1078,246,62,,,,,,,,,,,,,,,,,,,,,,,,,,,,,,,,,,,,,,,,,,,,,,,,
3.4029811659711413,absorbing,,,,,,,R,3,6,1655,1866,5,2,7,10,0,7,0.10073662496870384,0.06848816602723673,0.16922479099594057,0.1701622920227237,109456,80444,128,64,False,False,False,False,80444,64,False,512,0.0006,,248,0,total_elems,109456,80444,1,1,,,,0.0,64,4,80444,1414,246,62,,,,,,,,,,,,,,,,,,,,,,,,,,,,,,,,,,,,,,,,,,,,,,,,
3.9137531250016764,absorbing,,,,,,,L,4,6,1655,1866,7,2,9,18,2,9,0.3037305000470951,0.20224470901302993,0.505975209060125,0.5069822919904254,269840,294496,256,256,False,False,False,False,269840,256,False,512,0.0006,,248,0,total_elems,269840,294496,1,1,,,,0.0,256,4,269840,2098,246,62,,,,,,,,,,,,,,,,,,,,,,,,,,,,,,,,,,,,,,,,,,,,,,,,
4.6674865409731865,absorbing,,,,,,,L,5,6,1655,1866,7,2,9,19,0,9,0.3194262080360204,0.42943695798749104,0.7488631660235114,0.7498825000366196,361996,691640,256,256,False,False,False,True,361996,256,False,512,0.0006,,248,0,total_elems,361996,691640,1,1,,,,0.0,256,4,361996,2488,246,62,,,,,,,,,,,,,,,,,,,,,,,,,,,,,,,,,,,,,,,,,,,,,,,,
5.751738750026561,absorbing,,,,,,,L,6,6,1655,1866,8,2,10,18,1,10,0.4909844580106437,0.5883773749810643,1.079361832991708,1.080262000032235,390116,702356,256,256,False,False,False,True,390116,256,False,512,0.0006,,248,0,total_elems,390116,702356,1,1,,,,0.0,256,4,390116,2904,246,62,,,,,,,,,,,,,,,,,,,,,,,,,,,,,,,,,,,,,,,,,,,,,,,,
14.448289083025884,unswapping,,,,,,,,,,,,,,,,,,,,,,,,,,,,,,,,,,,,,,,,,,,,,,,256,4,280544,3138,246,62,0,both,0,31,31,1,1,,,,,0,2.0,16,30,0,0.0,,,,,,,,,,,,,,,,,,,,,,,,,,,,,,,
16.313760666002054,unswapping,,,,,,,,,,,,,,,,,,,,,,,,,,,,,,,,,,,,,,,,,,,,,,,64,4,133788,2336,246,62,0,both,1,30,30,18,19,,,,,0,2.0,16,12,0,0.0,,,,,,,,,,,,,,,,,,,,,,,,,,,,,,,
16.651579540979583,unswapping,,,,,,,,,,,,,,,,,,,,,,,,,,,,,,,,,,,,,,,,,,,,,,,64,4,83356,1776,246,62,0,left,0,31,31,12,31,,,,,24,2.0,16,19,0,0.0,,,,,,,,,,,,,,,,,,,,,,,,,,,,,,,
17.01649875001749,unswapping,,,,,,,,,,,,,,,,,,,,,,,,,,,,,,,,,,,,,,,,,,,,,,,64,4,38044,1378,246,62,0,left,1,30,30,20,51,,,,,64,2.0,16,10,0,0.0,,,,,,,,,,,,,,,,,,,,,,,,,,,,,,,
17.14356879098341,unswapping,,,,,,,,,,,,,,,,,,,,,,,,,,,,,,,,,,,,,,,,,,,,,,,32,4,23192,1094,246,62,0,right,0,31,31,14,65,,,,,72,2.0,16,17,0,0.0,,,,,,,,,,,,,,,,,,,,,,,,,,,,,,,
17.25358691602014,unswapping,,,,,,,,,,,,,,,,,,,,,,,,,,,,,,,,,,,,,,,,,,,,,,,32,4,18976,994,246,62,0,right,1,30,30,7,72,,,,,78,2.0,16,23,0,0.0,,,,,,,,,,,,,,,,,,,,,,,,,,,,,,,
17.449914249998983,unswapping,,,,,,,,,,,,,,,,,,,,,,,,,,,,,,,,,,,,,,,,,,,,,,,32,4,10960,848,246,62,1,both,0,31,31,8,8,,,,,90,2.0,16,23,0,0.0,,,,,,,,,,,,,,,,,,,,,,,,,,,,,,,
17.58989670802839,unswapping,,,,,,,,,,,,,,,,,,,,,,,,,,,,,,,,,,,,,,,,,,,,,,,32,4,9040,800,246,62,1,both,1,30,30,6,14,,,,,94,2.0,16,24,0,0.0,,,,,,,,,,,,,,,,,,,,,,,,,,,,,,,
17.66670245799469,unswapping,,,,,,,,,,,,,,,,,,,,,,,,,,,,,,,,,,,,,,,,,,,,,,,32,4,9028,798,246,62,1,left,0,31,31,5,19,,,,,92,2.0,16,26,0,0.0,,,,,,,,,,,,,,,,,,,,,,,,,,,,,,,
17.745877249981277,unswapping,,,,,,,,,,,,,,,,,,,,,,,,,,,,,,,,,,,,,,,,,,,,,,,32,4,7952,784,246,62,1,left,1,30,30,9,28,,,,,90,2.0,16,21,0,0.0,,,,,,,,,,,,,,,,,,,,,,,,,,,,,,,
17.813394957978744,unswapping,,,,,,,,,,,,,,,,,,,,,,,,,,,,,,,,,,,,,,,,,,,,,,,32,4,7228,746,246,62,1,right,0,31,31,6,34,,,,,102,2.0,16,25,0,0.0,,,,,,,,,,,,,,,,,,,,,,,,,,,,,,,
17.873210790974554,unswapping,,,,,,,,,,,,,,,,,,,,,,,,,,,,,,,,,,,,,,,,,,,,,,,32,4,7008,734,246,62,1,right,1,30,30,2,36,,,,,106,2.0,16,28,0,0.0,,,,,,,,,,,,,,,,,,,,,,,,,,,,,,,
17.996538957988378,unswapping,,,,,,,,,,,,,,,,,,,,,,,,,,,,,,,,,,,,,,,,,,,,,,,32,4,4564,694,246,62,2,both,0,31,31,4,4,,,,,110,2.0,16,27,0,0.0,,,,,,,,,,,,,,,,,,,,,,,,,,,,,,,
18.10112779098563,unswapping,,,,,,,,,,,,,,,,,,,,,,,,,,,,,,,,,,,,,,,,,,,,,,,8,4,3088,652,246,62,2,both,1,30,30,5,9,,,,,122,2.0,16,25,0,0.0,,,,,,,,,,,,,,,,,,,,,,,,,,,,,,,
18.160177999990992,unswapping,,,,,,,,,,,,,,,,,,,,,,,,,,,,,,,,,,,,,,,,,,,,,,,8,4,2740,632,246,62,2,left,0,31,31,3,12,,,,,124,2.0,16,28,0,0.0,,,,,,,,,,,,,,,,,,,,,,,,,,,,,,,
18.221228750015143,unswapping,,,,,,,,,,,,,,,,,,,,,,,,,,,,,,,,,,,,,,,,,,,,,,,8,4,2404,614,246,62,2,left,1,30,30,5,17,,,,,124,2.0,16,25,0,0.0,,,,,,,,,,,,,,,,,,,,,,,,,,,,,,,
18.27959595801076,unswapping,,,,,,,,,,,,,,,,,,,,,,,,,,,,,,,,,,,,,,,,,,,,,,,4,4,2236,602,246,62,2,right,0,31,31,2,19,,,,,126,2.0,16,29,0,0.0,,,,,,,,,,,,,,,,,,,,,,,,,,,,,,,
18.33672825002577,unswapping,,,,,,,,,,,,,,,,,,,,,,,,,,,,,,,,,,,,,,,,,,,,,,,4,4,2016,580,246,62,2,right,1,30,30,4,23,,,,,128,2.0,16,26,0,0.0,,,,,,,,,,,,,,,,,,,,,,,,,,,,,,,
18.43934949999675,unswapping,,,,,,,,,,,,,,,,,,,,,,,,,,,,,,,,,,,,,,,,,,,,,,,4,4,1968,576,246,62,3,both,0,31,31,4,4,,,,,134,2.0,16,27,0,0.0,,,,,,,,,,,,,,,,,,,,,,,,,,,,,,,
18.540905333007686,unswapping,,,,,,,,,,,,,,,,,,,,,,,,,,,,,,,,,,,,,,,,,,,,,,,8,4,2072,580,246,62,3,both,1,30,30,4,8,,,,,142,2.0,16,26,0,0.0,,,,,,,,,,,,,,,,,,,,,,,,,,,,,,,
18.5977527499781,unswapping,,,,,,,,,,,,,,,,,,,,,,,,,,,,,,,,,,,,,,,,,,,,,,,8,4,2072,580,246,62,3,left,0,31,31,1,9,,,,,144,2.0,16,30,0,0.0,,,,,,,,,,,,,,,,,,,,,,,,,,,,,,,
18.65864966600202,unswapping,,,,,,,,,,,,,,,,,,,,,,,,,,,,,,,,,,,,,,,,,,,,,,,8,4,2072,580,246,62,3,left,1,30,30,2,11,,,,,142,2.0,16,28,0,0.0,,,,,,,,,,,,,,,,,,,,,,,,,,,,,,,
18.70182591601042,unswapping,,,,,,,,,,,,,,,,,,,,,,,,,,,,,,,,,,,,,,,,,,,,,,,8,4,2032,576,246,62,3,right,0,31,31,1,12,,,,,140,2.0,16,30,0,0.0,,,,,,,,,,,,,,,,,,,,,,,,,,,,,,,
18.757547250017524,unswapping,,,,,,,,,,,,,,,,,,,,,,,,,,,,,,,,,,,,,,,,,,,,,,,4,4,1856,562,246,62,3,right,1,30,30,3,15,,,,,142,2.0,16,27,0,0.0,,,,,,,,,,,,,,,,,,,,,,,,,,,,,,,
18.863327833008952,unswapping,,,,,,,,,,,,,,,,,,,,,,,,,,,,,,,,,,,,,,,,,,,,,,,4,4,1896,566,246,62,4,both,0,31,31,11,11,,,,,148,2.0,16,20,0,0.0,,,,,,,,,,,,,,,,,,,,,,,,,,,,,,,
18.920044249971397,unswapping,,,,,,,,,,,,,,,,,,,,,,,,,,,,,,,,,,,,,,,,,,,,,,,4,4,1896,566,246,62,4,both,1,30,30,0,11,,,,,148,2.0,16,30,0,0.0,,,,,,,,,,,,,,,,,,,,,,,,,,,,,,,
18.98149650002597,unswapping,,,,,,,,,,,,,,,,,,,,,,,,,,,,,,,,,,,,,,,,,,,,,,,4,4,1912,570,246,62,4,left,0,31,31,3,14,,,,,146,2.0,16,28,0,0.0,,,,,,,,,,,,,,,,,,,,,,,,,,,,,,,
19.04577933298424,unswapping,,,,,,,,,,,,,,,,,,,,,,,,,,,,,,,,,,,,,,,,,,,,,,,4,4,1844,562,246,62,4,left,1,30,30,6,20,,,,,142,2.0,16,24,0,0.0,,,,,,,,,,,,,,,,,,,,,,,,,,,,,,,
19.103642750007566,unswapping,,,,,,,,,,,,,,,,,,,,,,,,,,,,,,,,,,,,,,,,,,,,,,,4,4,1864,576,246,62,4,right,0,31,31,8,28,,,,,142,2.0,16,23,0,0.0,,,,,,,,,,,,,,,,,,,,,,,,,,,,,,,
19.157553208002355,unswapping,,,,,,,,,,,,,,,,,,,,,,,,,,,,,,,,,,,,,,,,,,,,,,,4,4,1864,576,246,62,4,right,1,30,30,3,31,,,,,146,2.0,16,27,0,0.0,,,,,,,,,,,,,,,,,,,,,,,,,,,,,,,
19.25314441602677,unswapping,,,,,,,,,,,,,,,,,,,,,,,,,,,,,,,,,,,,,,,,,,,,,,,4,4,1804,570,246,62,5,both,0,31,31,1,1,,,,,150,2.0,16,30,0,0.0,,,,,,,,,,,,,,,,,,,,,,,,,,,,,,,
19.388941165991127,unswapping,,,,,,,,,,,,,,,,,,,,,,,,,,,,,,,,,,,,,,,,,,,,,,,4,4,1804,570,246,62,5,both,1,30,30,4,5,,,,,150,2.0,16,26,0,0.0,,,,,,,,,,,,,,,,,,,,,,,,,,,,,,,
19.45230691600591,unswapping,,,,,,,,,,,,,,,,,,,,,,,,,,,,,,,,,,,,,,,,,,,,,,,4,4,1668,542,246,62,5,left,0,31,31,6,11,,,,,148,2.0,16,25,0,0.0,,,,,,,,,,,,,,,,,,,,,,,,,,,,,,,
19.483254124992527,unswapping,,,,,,,,,,,,,,,,,,,,,,,,,,,,,,,,,,,,,,,,,,,,,,,4,4,1668,542,246,62,5,left,1,30,30,0,11,,,,,148,2.0,16,30,0,0.0,,,,,,,,,,,,,,,,,,,,,,,,,,,,,,,
19.542281540983822,unswapping,,,,,,,,,,,,,,,,,,,,,,,,,,,,,,,,,,,,,,,,,,,,,,,4,4,1680,554,246,62,5,right,0,31,31,6,17,,,,,152,2.0,16,25,0,0.0,,,,,,,,,,,,,,,,,,,,,,,,,,,,,,,
19.594002040976193,unswapping,,,,,,,,,,,,,,,,,,,,,,,,,,,,,,,,,,,,,,,,,,,,,,,4,4,1664,550,246,62,5,right,1,30,30,1,18,,,,,150,2.0,16,29,0,0.0,,,,,,,,,,,,,,,,,,,,,,,,,,,,,,,
19.69674866599962,unswapping,,,,,,,,,,,,,,,,,,,,,,,,,,,,,,,,,,,,,,,,,,,,,,,4,4,1664,550,246,62,6,both,0,31,31,4,4,,,,,150,2.0,16,27,0,0.0,,,,,,,,,,,,,,,,,,,,,,,,,,,,,,,
19.793288332992233,unswapping,,,,,,,,,,,,,,,,,,,,,,,,,,,,,,,,,,,,,,,,,,,,,,,4,4,1676,552,246,62,6,both,1,30,30,1,5,,,,,152,2.0,16,29,0,0.0,,,,,,,,,,,,,,,,,,,,,,,,,,,,,,,
19.840421458007768,unswapping,,,,,,,,,,,,,,,,,,,,,,,,,,,,,,,,,,,,,,,,,,,,,,,4,4,1580,528,246,62,6,left,0,31,31,4,9,,,,,152,2.0,16,27,0,0.0,,,,,,,,,,,,,,,,,,,,,,,,,,,,,,,
19.87017058301717,unswapping,,,,,,,,,,,,,,,,,,,,,,,,,,,,,,,,,,,,,,,,,,,,,,,4,4,1580,528,246,62,6,left,1,30,30,0,9,,,,,152,2.0,16,30,0,0.0,,,,,,,,,,,,,,,,,,,,,,,,,,,,,,,
19.925340083020274,unswapping,,,,,,,,,,,,,,,,,,,,,,,,,,,,,,,,,,,,,,,,,,,,,,,4,4,1604,534,246,62,6,right,0,31,31,1,10,,,,,152,2.0,16,30,0,0.0,,,,,,,,,,,,,,,,,,,,,,,,,,,,,,,
19.950487082998734,unswapping,,,,,,,,,,,,,,,,,,,,,,,,,,,,,,,,,,,,,,,,,,,,,,,4,4,1604,534,246,62,6,right,1,30,30,0,10,,,,,152,2.0,16,30,0,0.0,,,,,,,,,,,,,,,,,,,,,,,,,,,,,,,
20.005975749983918,unswapping,,,,,,,,,,,,,,,,,,,,,,,,,,,,,,,,,,,,,,,,,,,,,,,4,4,1604,534,246,62,7,both,0,31,31,0,0,,,,,152,2.0,16,31,0,0.0,,,,,,,,,,,,,,,,,,,,,,,,,,,,,,,
20.107159166014753,unswapping,,,,,,,,,,,,,,,,,,,,,,,,,,,,,,,,,,,,,,,,,,,,,,,4,4,1604,534,246,62,7,both,1,30,30,1,1,,,,,152,2.0,16,29,0,0.0,,,,,,,,,,,,,,,,,,,,,,,,,,,,,,,
20.169001374975778,unswapping,,,,,,,,,,,,,,,,,,,,,,,,,,,,,,,,,,,,,,,,,,,,,,,4,4,1580,528,246,62,7,left,0,31,31,2,3,,,,,152,2.0,16,29,0,0.0,,,,,,,,,,,,,,,,,,,,,,,,,,,,,,,
20.200709583004937,unswapping,,,,,,,,,,,,,,,,,,,,,,,,,,,,,,,,,,,,,,,,,,,,,,,4,4,1580,528,246,62,7,left,1,30,30,0,3,,,,,152,2.0,16,30,0,0.0,,,,,,,,,,,,,,,,,,,,,,,,,,,,,,,
20.228421000007074,unswapping,,,,,,,,,,,,,,,,,,,,,,,,,,,,,,,,,,,,,,,,,,,,,,,4,4,1580,528,246,62,7,right,0,31,31,0,3,,,,,152,2.0,16,31,0,0.0,,,,,,,,,,,,,,,,,,,,,,,,,,,,,,,
20.281451707996894,unswapping,,,,,,,,,,,,,,,,,,,,,,,,,,,,,,,,,,,,,,,,,,,,,,,4,4,1580,528,246,62,7,right,1,30,30,1,4,,,,,154,2.0,16,29,0,0.0,,,,,,,,,,,,,,,,,,,,,,,,,,,,,,,
20.340320500021335,unswapping,,,,,,,,,,,,,,,,,,,,,,,,,,,,,,,,,,,,,,,,,,,,,,,4,4,1580,528,246,62,8,both,0,31,31,0,0,,,,,154,2.0,16,31,0,0.0,,,,,,,,,,,,,,,,,,,,,,,,,,,,,,,
20.396371915994678,unswapping,,,,,,,,,,,,,,,,,,,,,,,,,,,,,,,,,,,,,,,,,,,,,,,4,4,1580,528,246,62,8,both,1,30,30,0,0,,,,,154,2.0,16,30,0,0.0,,,,,,,,,,,,,,,,,,,,,,,,,,,,,,,
20.42850570799783,unswapping,,,,,,,,,,,,,,,,,,,,,,,,,,,,,,,,,,,,,,,,,,,,,,,4,4,1580,528,246,62,8,left,0,31,31,0,0,,,,,154,2.0,16,31,0,0.0,,,,,,,,,,,,,,,,,,,,,,,,,,,,,,,
20.459616707987152,unswapping,,,,,,,,,,,,,,,,,,,,,,,,,,,,,,,,,,,,,,,,,,,,,,,4,4,1580,528,246,62,8,left,1,30,30,0,0,,,,,154,2.0,16,30,0,0.0,,,,,,,,,,,,,,,,,,,,,,,,,,,,,,,
20.48771187500097,unswapping,,,,,,,,,,,,,,,,,,,,,,,,,,,,,,,,,,,,,,,,,,,,,,,4,4,1580,528,246,62,8,right,0,31,31,0,0,,,,,154,2.0,16,31,0,0.0,,,,,,,,,,,,,,,,,,,,,,,,,,,,,,,
20.513859957980458,unswapping,,,,,,,,,,,,,,,,,,,,,,,,,,,,,,,,,,,,,,,,,,,,,,,4,4,1580,528,246,62,8,right,1,30,30,0,0,,,,,154,2.0,16,30,0,0.0,,,,,,,,,,,,,,,,,,,,,,,,,,,,,,,
20.637723750027362,unswap_cycle_summary,,,,,,,,,,,,8,2,10,,,,,,,,,,,,,,,,,,,512,0.0006,,,,,,,,,,,,,4,4,1580,528,246,62,,,,,,,,,,,,,,,,,,,,1,13.609142082976177,10,2593,2583,10,False,,,,,,,,,,,,,,,,,,,,,,
22.21401875000447,rewiring,left,post_unswap,1.571995375037659,1651,False,False,,,,,,,,,,,,,,,,,,,,,,,,,,,,,,,,,,,,,,,,,,,,,,,,,,,,,,,,,,,,,,,,,,1,,,,,,,50,False,10,1,none,0.0,123,1.5719886249862611,3.0234333330299705,,,,,,,,,,,,,
23.66519899998093,rewiring,right,post_unswap,1.45098095794674,1862,False,False,,,,,,,,,,,,,,,,,,,,,,,,,,,,,,,,,,,,,,,,,,,,,,,,,,,,,,,,,,,,,,,,,,1,,,,,,,50,False,10,1,none,0.0,123,1.45097695896402,3.0234333330299705,,,,,,,,,,,,,
23.672658665978815,cycle_progress,,,,,,,,,,,,8,2,10,,,,,,,,,,,,,,,,,,,512,0.0006,,248,0,,,,,,,,,,4,4,1580,528,246,62,,,,,,,,,,,,,,,,,,,,1,,10,2593,2583,10,False,,,,,,,,,3.0234333330299705,,,,,,,,,,,,,
23.733563082991168,absorbing,,,,,,,L,1,0,1813,1706,9,2,11,15,1,1,0.027341249980963767,0.02537920797476545,0.052720457955729216,0.05598966701654717,1612,2292,4,16,False,False,False,False,1612,4,False,512,0.0006,,1580,0,total_elems,1612,2292,1,1,,,,0.0,4,4,1612,530,246,62,,,,,,,,,,,,,,,,,,,,,,,,,,,,,,,,,,,,,,,,,,,,,,,,
23.79428425000515,absorbing,,,,,,,R,1,1,1813,1706,9,2,11,11,0,1,0.0275175420101732,0.026489125040825456,0.05400666705099866,0.054653832979965955,2788,2324,16,16,False,False,False,False,2324,16,False,512,0.0006,,1580,0,total_elems,2788,2324,1,1,,,,0.0,16,4,2324,606,246,62,,,,,,,,,,,,,,,,,,,,,,,,,,,,,,,,,,,,,,,,,,,,,,,,
23.8527891249978,absorbing,,,,,,,L,2,1,1813,1706,9,2,11,14,0,1,0.026523917040321976,0.025758375006262213,0.05228229204658419,0.05288308300077915,3400,3852,16,16,False,False,False,False,3400,16,False,512,0.0006,,1580,0,total_elems,3400,3852,1,1,,,,0.0,16,4,3400,686,246,62,,,,,,,,,,,,,,,,,,,,,,,,,,,,,,,,,,,,,,,,,,,,,,,,
23.914406790980138,absorbing,,,,,,,R,2,2,1813,1706,9,2,11,12,0,1,0.026904583035502583,0.027483291982207447,0.05438787501771003,0.05501395801547915,7268,4776,16,16,False,False,False,False,4776,16,False,512,0.0006,,1580,0,total_elems,7268,4776,1,1,,,,0.0,16,4,4776,766,246,62,,,,,,,,,,,,,,,,,,,,,,,,,,,,,,,,,,,,,,,,,,,,,,,,
23.977009832975455,absorbing,,,,,,,L,3,2,1813,1706,9,2,11,15,0,1,0.027320625027641654,0.02895029098726809,0.056270916014909744,0.05706704204203561,8292,8292,16,16,False,False,False,False,8292,16,False,512,0.0006,,1580,0,total_elems,8292,8292,1,1,,,,0.0,16,4,8292,882,246,62,,,,,,,,,,,,,,,,,,,,,,,,,,,,,,,,,,,,,,,,,,,,,,,,
24.04301762499381,absorbing,,,,,,,R,3,3,1813,1706,9,2,11,12,0,1,0.031424791959580034,0.028442750044632703,0.05986754200421274,0.06082700000843033,12232,11332,16,16,False,False,False,False,11332,16,False,512,0.0006,,1580,0,total_elems,12232,11332,1,1,,,,0.0,16,4,11332,1012,246,62,,,,,,,,,,,,,,,,,,,,,,,,,,,,,,,,,,,,,,,,,,,,,,,,
24.110405332990922,absorbing,,,,,,,L,4,3,1813,1706,10,2,12,15,1,2,0.03197887499118224,0.028998708992730826,0.060977583983913064,0.0616366250324063,14660,16148,16,16,False,False,False,False,14660,16,False,512,0.0006,,1580,0,total_elems,14660,16148,1,1,,,,0.0,16,4,14660,1128,246,62,,,,,,,,,,,,,,,,,,,,,,,,,,,,,,,,,,,,,,,,,,,,,,,,
24.18133312498685,absorbing,,,,,,,R,4,4,1813,1706,10,3,13,11,1,3,0.03496912500122562,0.029694541997741908,0.06466366699896753,0.06531833403278142,29948,19088,64,16,False,False,False,False,19088,16,False,512,0.0006,,1580,0,total_elems,29948,19088,1,1,,,,0.0,16,4,19088,1268,246,62,,,,,,,,,,,,,,,,,,,,,,,,,,,,,,,,,,,,,,,,,,,,,,,,
24.257708624994848,absorbing,,,,,,,R,4,5,1813,1706,10,3,13,13,0,3,0.03492250002454966,0.03504004201386124,0.0699625420384109,0.07056970795383677,34652,29188,64,32,False,False,False,False,29188,32,False,512,0.0006,,1580,0,total_elems,34652,29188,1,1,,,,0.0,32,4,29188,1490,246,62,,,,,,,,,,,,,,,,,,,,,,,,,,,,,,,,,,,,,,,,,,,,,,,,
24.357163375010714,absorbing,,,,,,,L,5,5,1813,1706,10,3,13,17,0,3,0.045798500010278076,0.04672862496227026,0.09252712497254834,0.09314895898569375,47196,57020,64,64,False,False,False,False,47196,64,False,512,0.0006,,1580,0,total_elems,47196,57020,1,1,,,,0.0,64,4,47196,1778,246,62,,,,,,,,,,,,,,,,,,,,,,,,,,,,,,,,,,,,,,,,,,,,,,,,
24.520584125013556,absorbing,,,,,,,R,5,6,1813,1706,10,4,14,11,1,4,0.08900620898930356,0.06616295798448846,0.15516916697379202,0.15585520898457617,105820,89628,64,64,False,False,False,False,89628,64,False,512,0.0006,,1580,0,total_elems,105820,89628,1,1,,,,0.0,64,4,89628,2186,246,62,,,,,,,,,,,,,,,,,,,,,,,,,,,,,,,,,,,,,,,,,,,,,,,,
24.746621750004124,absorbing,,,,,,,R,5,7,1813,1706,10,4,14,9,0,4,0.11906262498814613,0.09952554199844599,0.21858816698659211,0.2200796669931151,161692,132572,128,64,False,False,False,False,132572,64,False,512,0.0006,,1580,0,total_elems,161692,132572,1,1,,,,0.0,64,4,132572,2626,246,62,,,,,,,,,,,,,,,,,,,,,,,,,,,,,,,,,,,,,,,,,,,,,,,,
25.144691375026014,absorbing,,,,,,,L,6,7,1813,1706,10,4,14,13,0,4,0.17930229200283065,0.21158937504515052,0.3908916670479812,0.3920780000044033,224092,265692,128,128,False,False,False,False,224092,128,False,512,0.0006,,1580,0,total_elems,224092,265692,1,1,,,,0.0,128,4,224092,3266,246,62,,,,,,,,,,,,,,,,,,,,,,,,,,,,,,,,,,,,,,,,,,,,,,,,
25.67185183300171,absorbing,,,,,,,L,7,7,1813,1706,10,4,14,14,0,4,0.20516570803010836,0.31495233305031434,0.5201180410804227,0.5207947909948416,319132,469852,128,256,False,False,False,False,319132,128,False,512,0.0006,,1580,0,total_elems,319132,469852,1,1,,,,0.0,128,4,319132,3946,246,62,,,,,,,,,,,,,,,,,,,,,,,,,,,,,,,,,,,,,,,,,,,,,,,,
26.487305957998615,absorbing,,,,,,,L,8,7,1813,1706,11,4,15,13,1,5,0.3844316250178963,0.42366549995495006,0.8080971249728464,0.8095169170410372,492124,592540,256,256,False,False,False,True,492124,256,False,512,0.0006,,1580,0,total_elems,492124,592540,1,1,,,,0.0,256,4,492124,4842,246,62,,,,,,,,,,,,,,,,,,,,,,,,,,,,,,,,,,,,,,,,,,,,,,,,
34.298376583028585,unswapping,,,,,,,,,,,,,,,,,,,,,,,,,,,,,,,,,,,,,,,,,,,,,,,256,4,787036,5962,246,62,0,both,0,31,31,1,1,,,,,0,2.0,16,30,0,0.0,,,,,,,,,,,,,,,,,,,,,,,,,,,,,,,
40.88485049997689,unswapping,,,,,,,,,,,,,,,,,,,,,,,,,,,,,,,,,,,,,,,,,,,,,,,256,4,582812,5106,246,62,0,both,1,30,30,7,8,,,,,0,2.0,16,23,0,0.0,,,,,,,,,,,,,,,,,,,,,,,,,,,,,,,
42.25648325000657,unswapping,,,,,,,,,,,,,,,,,,,,,,,,,,,,,,,,,,,,,,,,,,,,,,,128,4,293080,3672,246,62,0,left,0,31,31,18,26,,,,,36,2.0,16,13,0,0.0,,,,,,,,,,,,,,,,,,,,,,,,,,,,,,,
43.192488999979105,unswapping,,,,,,,,,,,,,,,,,,,,,,,,,,,,,,,,,,,,,,,,,,,,,,,128,4,179608,2944,246,62,0,left,1,30,30,15,41,,,,,66,2.0,16,15,0,0.0,,,,,,,,,,,,,,,,,,,,,,,,,,,,,,,
43.594995499996,unswapping,,,,,,,,,,,,,,,,,,,,,,,,,,,,,,,,,,,,,,,,,,,,,,,64,4,114016,2334,246,62,0,right,0,31,31,15,56,,,,,52,2.0,16,16,0,0.0,,,,,,,,,,,,,,,,,,,,,,,,,,,,,,,
43.87385070801247,unswapping,,,,,,,,,,,,,,,,,,,,,,,,,,,,,,,,,,,,,,,,,,,,,,,64,4,93536,2096,246,62,0,right,1,30,30,13,69,,,,,74,2.0,16,17,0,0.0,,,,,,,,,,,,,,,,,,,,,,,,,,,,,,,
44.46083187498152,unswapping,,,,,,,,,,,,,,,,,,,,,,,,,,,,,,,,,,,,,,,,,,,,,,,64,4,51848,1654,246,62,1,both,0,31,31,17,17,,,,,102,2.0,16,14,0,0.0,,,,,,,,,,,,,,,,,,,,,,,,,,,,,,,
44.74000933300704,unswapping,,,,,,,,,,,,,,,,,,,,,,,,,,,,,,,,,,,,,,,,,,,,,,,32,4,20172,1224,246,62,1,both,1,30,30,19,36,,,,,122,2.0,16,11,0,0.0,,,,,,,,,,,,,,,,,,,,,,,,,,,,,,,
44.82490612502443,unswapping,,,,,,,,,,,,,,,,,,,,,,,,,,,,,,,,,,,,,,,,,,,,,,,32,4,16324,1112,246,62,1,left,0,31,31,11,47,,,,,134,2.0,16,20,0,0.0,,,,,,,,,,,,,,,,,,,,,,,,,,,,,,,
44.913708749983925,unswapping,,,,,,,,,,,,,,,,,,,,,,,,,,,,,,,,,,,,,,,,,,,,,,,32,4,13172,1000,246,62,1,left,1,30,30,11,58,,,,,134,2.0,16,19,0,0.0,,,,,,,,,,,,,,,,,,,,,,,,,,,,,,,
44.98422970797401,unswapping,,,,,,,,,,,,,,,,,,,,,,,,,,,,,,,,,,,,,,,,,,,,,,,16,4,10004,908,246,62,1,right,0,31,31,6,64,,,,,138,2.0,16,25,0,0.0,,,,,,,,,,,,,,,,,,,,,,,,,,,,,,,
45.056176082987804,unswapping,,,,,,,,,,,,,,,,,,,,,,,,,,,,,,,,,,,,,,,,,,,,,,,16,4,9592,896,246,62,1,right,1,30,30,9,73,,,,,142,2.0,16,21,0,0.0,,,,,,,,,,,,,,,,,,,,,,,,,,,,,,,
45.1872588749975,unswapping,,,,,,,,,,,,,,,,,,,,,,,,,,,,,,,,,,,,,,,,,,,,,,,16,4,6356,814,246,62,2,both,0,31,31,11,11,,,,,158,2.0,16,20,0,0.0,,,,,,,,,,,,,,,,,,,,,,,,,,,,,,,
45.30789441597881,unswapping,,,,,,,,,,,,,,,,,,,,,,,,,,,,,,,,,,,,,,,,,,,,,,,16,4,4756,758,246,62,2,both,1,30,30,10,21,,,,,166,2.0,16,20,0,0.0,,,,,,,,,,,,,,,,,,,,,,,,,,,,,,,
45.37194099999033,unswapping,,,,,,,,,,,,,,,,,,,,,,,,,,,,,,,,,,,,,,,,,,,,,,,8,4,3932,710,246,62,2,left,0,31,31,7,28,,,,,174,2.0,16,24,0,0.0,,,,,,,,,,,,,,,,,,,,,,,,,,,,,,,
45.43859291600529,unswapping,,,,,,,,,,,,,,,,,,,,,,,,,,,,,,,,,,,,,,,,,,,,,,,8,4,3636,684,246,62,2,left,1,30,30,8,36,,,,,174,2.0,16,22,0,0.0,,,,,,,,,,,,,,,,,,,,,,,,,,,,,,,
45.50117479101755,unswapping,,,,,,,,,,,,,,,,,,,,,,,,,,,,,,,,,,,,,,,,,,,,,,,8,4,3480,670,246,62,2,right,0,31,31,3,39,,,,,176,2.0,16,28,0,0.0,,,,,,,,,,,,,,,,,,,,,,,,,,,,,,,
45.56249037501402,unswapping,,,,,,,,,,,,,,,,,,,,,,,,,,,,,,,,,,,,,,,,,,,,,,,8,4,3604,686,246,62,2,right,1,30,30,3,42,,,,,178,2.0,16,27,0,0.0,,,,,,,,,,,,,,,,,,,,,,,,,,,,,,,
45.67183737497544,unswapping,,,,,,,,,,,,,,,,,,,,,,,,,,,,,,,,,,,,,,,,,,,,,,,8,4,3604,686,246,62,3,both,0,31,31,3,3,,,,,174,2.0,16,28,0,0.0,,,,,,,,,,,,,,,,,,,,,,,,,,,,,,,
45.780532416014466,unswapping,,,,,,,,,,,,,,,,,,,,,,,,,,,,,,,,,,,,,,,,,,,,,,,8,4,3484,674,246,62,3,both,1,30,30,5,8,,,,,172,2.0,16,25,0,0.0,,,,,,,,,,,,,,,,,,,,,,,,,,,,,,,
45.84065091598313,unswapping,,,,,,,,,,,,,,,,,,,,,,,,,,,,,,,,,,,,,,,,,,,,,,,8,4,3236,660,246,62,3,left,0,31,31,3,11,,,,,170,2.0,16,28,0,0.0,,,,,,,,,,,,,,,,,,,,,,,,,,,,,,,
45.90262808301486,unswapping,,,,,,,,,,,,,,,,,,,,,,,,,,,,,,,,,,,,,,,,,,,,,,,8,4,3172,650,246,62,3,left,1,30,30,2,13,,,,,170,2.0,16,28,0,0.0,,,,,,,,,,,,,,,,,,,,,,,,,,,,,,,
45.964221375004854,unswapping,,,,,,,,,,,,,,,,,,,,,,,,,,,,,,,,,,,,,,,,,,,,,,,8,4,3072,640,246,62,3,right,0,31,31,2,15,,,,,170,2.0,16,29,0,0.0,,,,,,,,,,,,,,,,,,,,,,,,,,,,,,,
46.01296691602329,unswapping,,,,,,,,,,,,,,,,,,,,,,,,,,,,,,,,,,,,,,,,,,,,,,,8,4,3136,650,246,62,3,right,1,30,30,2,17,,,,,172,2.0,16,28,0,0.0,,,,,,,,,,,,,,,,,,,,,,,,,,,,,,,
46.06948970799567,unswapping,,,,,,,,,,,,,,,,,,,,,,,,,,,,,,,,,,,,,,,,,,,,,,,8,4,3136,650,246,62,4,both,0,31,31,0,0,,,,,172,2.0,16,31,0,0.0,,,,,,,,,,,,,,,,,,,,,,,,,,,,,,,
46.17824124998879,unswapping,,,,,,,,,,,,,,,,,,,,,,,,,,,,,,,,,,,,,,,,,,,,,,,8,4,3088,646,246,62,4,both,1,30,30,4,4,,,,,176,2.0,16,26,0,0.0,,,,,,,,,,,,,,,,,,,,,,,,,,,,,,,
46.237950665992685,unswapping,,,,,,,,,,,,,,,,,,,,,,,,,,,,,,,,,,,,,,,,,,,,,,,8,4,3028,640,246,62,4,left,0,31,31,1,5,,,,,176,2.0,16,30,0,0.0,,,,,,,,,,,,,,,,,,,,,,,,,,,,,,,
46.30032291600946,unswapping,,,,,,,,,,,,,,,,,,,,,,,,,,,,,,,,,,,,,,,,,,,,,,,8,4,3012,640,246,62,4,left,1,30,30,6,11,,,,,178,2.0,16,24,0,0.0,,,,,,,,,,,,,,,,,,,,,,,,,,,,,,,
46.34808470797725,unswapping,,,,,,,,,,,,,,,,,,,,,,,,,,,,,,,,,,,,,,,,,,,,,,,8,4,2916,634,246,62,4,right,0,31,31,1,12,,,,,178,2.0,16,30,0,0.0,,,,,,,,,,,,,,,,,,,,,,,,,,,,,,,
46.40593883302063,unswapping,,,,,,,,,,,,,,,,,,,,,,,,,,,,,,,,,,,,,,,,,,,,,,,8,4,2856,622,246,62,4,right,1,30,30,2,14,,,,,178,2.0,16,28,0,0.0,,,,,,,,,,,,,,,,,,,,,,,,,,,,,,,
46.51121887500631,unswapping,,,,,,,,,,,,,,,,,,,,,,,,,,,,,,,,,,,,,,,,,,,,,,,8,4,2856,622,246,62,5,both,0,31,31,1,1,,,,,178,2.0,16,30,0,0.0,,,,,,,,,,,,,,,,,,,,,,,,,,,,,,,
46.61849899997469,unswapping,,,,,,,,,,,,,,,,,,,,,,,,,,,,,,,,,,,,,,,,,,,,,,,8,4,2616,610,246,62,5,both,1,30,30,5,6,,,,,176,2.0,16,25,0,0.0,,,,,,,,,,,,,,,,,,,,,,,,,,,,,,,
46.64799308299553,unswapping,,,,,,,,,,,,,,,,,,,,,,,,,,,,,,,,,,,,,,,,,,,,,,,8,4,2616,610,246,62,5,left,0,31,31,0,6,,,,,176,2.0,16,31,0,0.0,,,,,,,,,,,,,,,,,,,,,,,,,,,,,,,
46.70818800001871,unswapping,,,,,,,,,,,,,,,,,,,,,,,,,,,,,,,,,,,,,,,,,,,,,,,8,4,2700,620,246,62,5,left,1,30,30,4,10,,,,,176,2.0,16,26,0,0.0,,,,,,,,,,,,,,,,,,,,,,,,,,,,,,,
46.73679066600744,unswapping,,,,,,,,,,,,,,,,,,,,,,,,,,,,,,,,,,,,,,,,,,,,,,,8,4,2700,620,246,62,5,right,0,31,31,0,10,,,,,176,2.0,16,31,0,0.0,,,,,,,,,,,,,,,,,,,,,,,,,,,,,,,
46.7845168330241,unswapping,,,,,,,,,,,,,,,,,,,,,,,,,,,,,,,,,,,,,,,,,,,,,,,8,4,2640,608,246,62,5,right,1,30,30,2,12,,,,,176,2.0,16,28,0,0.0,,,,,,,,,,,,,,,,,,,,,,,,,,,,,,,
46.87488862499595,unswapping,,,,,,,,,,,,,,,,,,,,,,,,,,,,,,,,,,,,,,,,,,,,,,,8,4,2592,604,246,62,6,both,0,31,31,1,1,,,,,176,2.0,16,30,0,0.0,,,,,,,,,,,,,,,,,,,,,,,,,,,,,,,
46.96488737501204,unswapping,,,,,,,,,,,,,,,,,,,,,,,,,,,,,,,,,,,,,,,,,,,,,,,8,4,2604,606,246,62,6,both,1,30,30,2,3,,,,,176,2.0,16,28,0,0.0,,,,,,,,,,,,,,,,,,,,,,,,,,,,,,,
46.9923822080018,unswapping,,,,,,,,,,,,,,,,,,,,,,,,,,,,,,,,,,,,,,,,,,,,,,,8,4,2604,606,246,62,6,left,0,31,31,0,3,,,,,176,2.0,16,31,0,0.0,,,,,,,,,,,,,,,,,,,,,,,,,,,,,,,
47.03798525000457,unswapping,,,,,,,,,,,,,,,,,,,,,,,,,,,,,,,,,,,,,,,,,,,,,,,8,4,2652,616,246,62,6,left,1,30,30,2,5,,,,,176,2.0,16,28,0,0.0,,,,,,,,,,,,,,,,,,,,,,,,,,,,,,,
47.06424779101508,unswapping,,,,,,,,,,,,,,,,,,,,,,,,,,,,,,,,,,,,,,,,,,,,,,,8,4,2652,616,246,62,6,right,0,31,31,0,5,,,,,176,2.0,16,31,0,0.0,,,,,,,,,,,,,,,,,,,,,,,,,,,,,,,
47.11975545802852,unswapping,,,,,,,,,,,,,,,,,,,,,,,,,,,,,,,,,,,,,,,,,,,,,,,8,4,2520,598,246,62,6,right,1,30,30,3,8,,,,,176,2.0,16,27,0,0.0,,,,,,,,,,,,,,,,,,,,,,,,,,,,,,,
47.17293158301618,unswapping,,,,,,,,,,,,,,,,,,,,,,,,,,,,,,,,,,,,,,,,,,,,,,,8,4,2520,598,246,62,7,both,0,31,31,0,0,,,,,176,2.0,16,31,0,0.0,,,,,,,,,,,,,,,,,,,,,,,,,,,,,,,
47.26404816599097,unswapping,,,,,,,,,,,,,,,,,,,,,,,,,,,,,,,,,,,,,,,,,,,,,,,8,4,2532,600,246,62,7,both,1,30,30,2,2,,,,,176,2.0,16,28,0,0.0,,,,,,,,,,,,,,,,,,,,,,,,,,,,,,,
47.291342540993355,unswapping,,,,,,,,,,,,,,,,,,,,,,,,,,,,,,,,,,,,,,,,,,,,,,,8,4,2532,600,246,62,7,left,0,31,31,0,2,,,,,176,2.0,16,31,0,0.0,,,,,,,,,,,,,,,,,,,,,,,,,,,,,,,
47.337483207986224,unswapping,,,,,,,,,,,,,,,,,,,,,,,,,,,,,,,,,,,,,,,,,,,,,,,8,4,2580,610,246,62,7,left,1,30,30,2,4,,,,,176,2.0,16,28,0,0.0,,,,,,,,,,,,,,,,,,,,,,,,,,,,,,,
47.36419279099209,unswapping,,,,,,,,,,,,,,,,,,,,,,,,,,,,,,,,,,,,,,,,,,,,,,,8,4,2580,610,246,62,7,right,0,31,31,0,4,,,,,176,2.0,16,31,0,0.0,,,,,,,,,,,,,,,,,,,,,,,,,,,,,,,
47.41012337501161,unswapping,,,,,,,,,,,,,,,,,,,,,,,,,,,,,,,,,,,,,,,,,,,,,,,8,4,2520,598,246,62,7,right,1,30,30,2,6,,,,,176,2.0,16,28,0,0.0,,,,,,,,,,,,,,,,,,,,,,,,,,,,,,,
47.623953750007786,unswap_cycle_summary,,,,,,,,,,,,11,4,15,,,,,,,,,,,,,,,,,,,512,0.0006,,,,,,,,,,,,,8,4,2520,598,246,62,,,,,,,,,,,,,,,,,,,,2,19.533365457959007,15,2593,2578,5,False,,,,,,,,,,,,,,,,,,,,,,
49.254622208012734,rewiring,left,post_unswap,1.6251688750344329,1807,False,False,,,,,,,,,,,,,,,,,,,,,,,,,,,,,,,,,,,,,,,,,,,,,,,,,,,,,,,,,,,,,,,,,,2,,,,,,,50,False,5,1,none,0.0,123,1.6251637079985812,2.663557374966331,,,,,,,,,,,,,
50.292761208023876,rewiring,right,post_unswap,1.037970374978613,1701,False,False,,,,,,,,,,,,,,,,,,,,,,,,,,,,,,,,,,,,,,,,,,,,,,,,,,,,,,,,,,,,,,,,,,2,,,,,,,50,False,5,1,none,0.0,123,1.037966417032294,2.663557374966331,,,,,,,,,,,,,
50.3030935000279,cycle_progress,,,,,,,,,,,,11,4,15,,,,,,,,,,,,,,,,,,,512,0.0006,,1580,0,,,,,,,,,,8,4,2520,598,246,62,,,,,,,,,,,,,,,,,,,,2,,15,2593,2578,5,False,,,,,,,,,2.663557374966331,,,,,,,,,,,,,
50.37186362501234,absorbing,,,,,,,L,1,0,1755,1614,11,4,15,15,0,0,0.02635737496893853,0.027802832948509604,0.05416020791744813,0.061382416053675115,2520,4188,8,16,False,False,False,False,2520,8,False,512,0.0006,,2520,0,total_elems,2520,4188,1,1,,,,0.0,8,4,2520,598,246,62,,,,,,,,,,,,,,,,,,,,,,,,,,,,,,,,,,,,,,,,,,,,,,,,
50.43563449999783,absorbing,,,,,,,L,2,0,1755,1614,11,4,15,16,0,0,0.029787833977025002,0.02580116700846702,0.05558900098549202,0.05623791599646211,4004,4188,16,16,False,False,False,False,4004,16,False,512,0.0006,,2520,0,total_elems,4004,4188,1,1,,,,0.0,16,4,4004,716,246,62,,,,,,,,,,,,,,,,,,,,,,,,,,,,,,,,,,,,,,,,,,,,,,,,
50.501552500005346,absorbing,,,,,,,R,2,1,1755,1614,11,4,15,13,0,0,0.028311750036664307,0.028163000009953976,0.05647475004661828,0.057179082999937236,7272,6492,16,16,False,False,False,False,6492,16,False,512,0.0006,,2520,0,total_elems,7272,6492,1,1,,,,0.0,16,4,6492,822,246,62,,,,,,,,,,,,,,,,,,,,,,,,,,,,,,,,,,,,,,,,,,,,,,,,
50.57214474998182,absorbing,,,,,,,R,2,2,1755,1614,11,4,15,13,0,0,0.032191290985792875,0.029389375005848706,0.06158066599164158,0.06233241700101644,9768,9644,16,16,False,False,False,False,9644,16,False,512,0.0006,,2520,0,total_elems,9768,9644,1,1,,,,0.0,16,4,9644,940,246,62,,,,,,,,,,,,,,,,,,,,,,,,,,,,,,,,,,,,,,,,,,,,,,,,
50.65965583297657,absorbing,,,,,,,L,3,2,1755,1614,11,4,15,17,0,0,0.04046012496110052,0.03798395796911791,0.07844408293021843,0.07911987497936934,15052,15588,32,32,False,False,False,False,15052,32,False,512,0.0006,,2520,0,total_elems,15052,15588,1,1,,,,0.0,32,4,15052,1088,246,62,,,,,,,,,,,,,,,,,,,,,,,,,,,,,,,,,,,,,,,,,,,,,,,,
50.75800279097166,absorbing,,,,,,,R,3,3,1755,1614,11,5,16,10,1,1,0.046390000032261014,0.042316999984905124,0.08870700001716614,0.0905299159931019,27752,22712,32,32,False,False,False,False,22712,32,False,512,0.0006,,2520,0,total_elems,27752,22712,1,1,,,,0.0,32,4,22712,1230,246,62,,,,,,,,,,,,,,,,,,,,,,,,,,,,,,,,,,,,,,,,,,,,,,,,
50.8748058329802,absorbing,,,,,,,R,3,4,1755,1614,11,6,17,10,1,2,0.057039375009480864,0.04995591600891203,0.10699529101839289,0.10771504102740437,41320,40388,64,64,False,False,False,False,40388,64,False,512,0.0006,,2520,0,total_elems,41320,40388,1,1,,,,0.0,64,4,40388,1496,246,62,,,,,,,,,,,,,,,,,,,,,,,,,,,,,,,,,,,,,,,,,,,,,,,,
51.027064500027336,absorbing,,,,,,,L,4,4,1755,1614,12,6,18,16,1,3,0.06661254202481359,0.07604941696627066,0.14266195899108425,0.1434003749745898,55252,96116,64,64,False,False,False,False,55252,64,False,512,0.0006,,2520,0,total_elems,55252,96116,1,1,,,,0.0,64,4,55252,1728,246,62,,,,,,,,,,,,,,,,,,,,,,,,,,,,,,,,,,,,,,,,,,,,,,,,
51.20724408299429,absorbing,,,,,,,R,4,5,1755,1614,12,6,18,11,0,3,0.08174745796713978,0.08881595800630748,0.17056341597344726,0.17129279201617464,107332,101780,64,64,False,False,False,False,101780,64,False,512,0.0006,,2520,0,total_elems,107332,101780,1,1,,,,0.0,64,4,101780,2154,246,62,,,,,,,,,,,,,,,,,,,,,,,,,,,,,,,,,,,,,,,,,,,,,,,,
51.58389654097846,absorbing,,,,,,,L,5,5,1755,1614,12,6,18,14,0,3,0.14923458400880918,0.2186239999718964,0.3678585839807056,0.36860387498745695,187940,268404,128,256,False,False,False,False,187940,128,False,512,0.0006,,2520,0,total_elems,187940,268404,1,1,,,,0.0,128,4,187940,2746,246,62,,,,,,,,,,,,,,,,,,,,,,,,,,,,,,,,,,,,,,,,,,,,,,,,
52.21008799999254,absorbing,,,,,,,L,6,5,1755,1614,12,6,18,15,0,3,0.28902816597837955,0.3273140420205891,0.6163422079989687,0.6170642500510439,381348,493700,256,256,False,False,False,False,381348,256,False,512,0.0006,,2520,0,total_elems,381348,493700,1,1,,,,0.0,256,4,381348,3574,246,62,,,,,,,,,,,,,,,,,,,,,,,,,,,,,,,,,,,,,,,,,,,,,,,,
59.82133295800304,unswapping,,,,,,,,,,,,,,,,,,,,,,,,,,,,,,,,,,,,,,,,,,,,,,,256,4,381348,3574,246,62,0,both,0,31,31,0,0,,,,,0,2.0,16,31,0,0.0,,,,,,,,,,,,,,,,,,,,,,,,,,,,,,,
65.25793887500186,unswapping,,,,,,,,,,,,,,,,,,,,,,,,,,,,,,,,,,,,,,,,,,,,,,,256,4,381348,3574,246,62,0,both,1,30,30,0,0,,,,,0,2.0,16,30,0,0.0,,,,,,,,,,,,,,,,,,,,,,,,,,,,,,,
69.31907575001242,unswapping,,,,,,,,,,,,,,,,,,,,,,,,,,,,,,,,,,,,,,,,,,,,,,,256,4,381348,3574,246,62,0,left,0,31,31,0,0,,,,,0,2.0,16,31,0,0.0,,,,,,,,,,,,,,,,,,,,,,,,,,,,,,,
73.1907305829809,unswapping,,,,,,,,,,,,,,,,,,,,,,,,,,,,,,,,,,,,,,,,,,,,,,,256,4,888096,4804,246,62,0,left,1,30,30,2,2,,,,,4,2.0,16,28,0,0.0,,,,,,,,,,,,,,,,,,,,,,,,,,,,,,,
75.45390116597991,unswapping,,,,,,,,,,,,,,,,,,,,,,,,,,,,,,,,,,,,,,,,,,,,,,,256,4,888096,4804,246,62,0,right,0,31,31,0,2,,,,,4,2.0,16,31,0,0.0,,,,,,,,,,,,,,,,,,,,,,,,,,,,,,,
78.82255649997387,unswapping,,,,,,,,,,,,,,,,,,,,,,,,,,,,,,,,,,,,,,,,,,,,,,,256,4,482592,3972,246,62,0,right,1,30,30,4,6,,,,,12,2.0,16,26,0,0.0,,,,,,,,,,,,,,,,,,,,,,,,,,,,,,,
81.71378891600762,unswapping,,,,,,,,,,,,,,,,,,,,,,,,,,,,,,,,,,,,,,,,,,,,,,,128,4,299844,3112,246,62,1,both,0,31,31,7,7,,,,,18,2.0,16,24,0,0.0,,,,,,,,,,,,,,,,,,,,,,,,,,,,,,,
83.34224945801543,unswapping,,,,,,,,,,,,,,,,,,,,,,,,,,,,,,,,,,,,,,,,,,,,,,,128,4,151752,2226,246,62,1,both,1,30,30,16,23,,,,,22,2.0,16,14,0,0.0,,,,,,,,,,,,,,,,,,,,,,,,,,,,,,,
83.8172665410093,unswapping,,,,,,,,,,,,,,,,,,,,,,,,,,,,,,,,,,,,,,,,,,,,,,,64,4,78060,1758,246,62,1,left,0,31,31,12,35,,,,,46,2.0,16,19,0,0.0,,,,,,,,,,,,,,,,,,,,,,,,,,,,,,,
84.04658349999227,unswapping,,,,,,,,,,,,,,,,,,,,,,,,,,,,,,,,,,,,,,,,,,,,,,,64,4,45344,1456,246,62,1,left,1,30,30,15,50,,,,,72,2.0,16,15,0,0.0,,,,,,,,,,,,,,,,,,,,,,,,,,,,,,,
84.16638658300508,unswapping,,,,,,,,,,,,,,,,,,,,,,,,,,,,,,,,,,,,,,,,,,,,,,,64,4,38568,1282,246,62,1,right,0,31,31,9,59,,,,,80,2.0,16,22,0,0.0,,,,,,,,,,,,,,,,,,,,,,,,,,,,,,,
84.30944633297622,unswapping,,,,,,,,,,,,,,,,,,,,,,,,,,,,,,,,,,,,,,,,,,,,,,,64,4,26100,1150,246,62,1,right,1,30,30,10,69,,,,,80,2.0,16,20,0,0.0,,,,,,,,,,,,,,,,,,,,,,,,,,,,,,,
84.5051300409832,unswapping,,,,,,,,,,,,,,,,,,,,,,,,,,,,,,,,,,,,,,,,,,,,,,,32,4,12408,932,246,62,2,both,0,31,31,11,11,,,,,90,2.0,16,20,0,0.0,,,,,,,,,,,,,,,,,,,,,,,,,,,,,,,
84.64497041597497,unswapping,,,,,,,,,,,,,,,,,,,,,,,,,,,,,,,,,,,,,,,,,,,,,,,16,4,7952,820,246,62,2,both,1,30,30,11,22,,,,,110,2.0,16,19,0,0.0,,,,,,,,,,,,,,,,,,,,,,,,,,,,,,,
84.7192528329906,unswapping,,,,,,,,,,,,,,,,,,,,,,,,,,,,,,,,,,,,,,,,,,,,,,,16,4,6920,778,246,62,2,left,0,31,31,7,29,,,,,118,2.0,16,24,0,0.0,,,,,,,,,,,,,,,,,,,,,,,,,,,,,,,
84.79189316602424,unswapping,,,,,,,,,,,,,,,,,,,,,,,,,,,,,,,,,,,,,,,,,,,,,,,16,4,5324,722,246,62,2,left,1,30,30,9,38,,,,,124,2.0,16,21,0,0.0,,,,,,,,,,,,,,,,,,,,,,,,,,,,,,,
84.85832837497583,unswapping,,,,,,,,,,,,,,,,,,,,,,,,,,,,,,,,,,,,,,,,,,,,,,,16,4,4664,670,246,62,2,right,0,31,31,8,46,,,,,128,2.0,16,23,0,0.0,,,,,,,,,,,,,,,,,,,,,,,,,,,,,,,
84.92237699998077,unswapping,,,,,,,,,,,,,,,,,,,,,,,,,,,,,,,,,,,,,,,,,,,,,,,16,4,3600,638,246,62,2,right,1,30,30,8,54,,,,,126,2.0,16,22,0,0.0,,,,,,,,,,,,,,,,,,,,,,,,,,,,,,,
85.04133391601499,unswapping,,,,,,,,,,,,,,,,,,,,,,,,,,,,,,,,,,,,,,,,,,,,,,,16,4,2496,602,246,62,3,both,0,31,31,6,6,,,,,124,2.0,16,25,0,0.0,,,,,,,,,,,,,,,,,,,,,,,,,,,,,,,
85.15203837497393,unswapping,,,,,,,,,,,,,,,,,,,,,,,,,,,,,,,,,,,,,,,,,,,,,,,4,4,1680,540,246,62,3,both,1,30,30,10,16,,,,,136,2.0,16,20,0,0.0,,,,,,,,,,,,,,,,,,,,,,,,,,,,,,,
85.21210025000619,unswapping,,,,,,,,,,,,,,,,,,,,,,,,,,,,,,,,,,,,,,,,,,,,,,,4,4,1680,540,246,62,3,left,0,31,31,1,17,,,,,138,2.0,16,30,0,0.0,,,,,,,,,,,,,,,,,,,,,,,,,,,,,,,
85.27659304102417,unswapping,,,,,,,,,,,,,,,,,,,,,,,,,,,,,,,,,,,,,,,,,,,,,,,4,4,1548,528,246,62,3,left,1,30,30,5,22,,,,,140,2.0,16,25,0,0.0,,,,,,,,,,,,,,,,,,,,,,,,,,,,,,,
85.33462133299327,unswapping,,,,,,,,,,,,,,,,,,,,,,,,,,,,,,,,,,,,,,,,,,,,,,,4,4,1404,510,246,62,3,right,0,31,31,3,25,,,,,146,2.0,16,28,0,0.0,,,,,,,,,,,,,,,,,,,,,,,,,,,,,,,
85.39578662498388,unswapping,,,,,,,,,,,,,,,,,,,,,,,,,,,,,,,,,,,,,,,,,,,,,,,4,4,1432,520,246,62,3,right,1,30,30,7,32,,,,,144,2.0,16,23,0,0.0,,,,,,,,,,,,,,,,,,,,,,,,,,,,,,,
85.50239629100543,unswapping,,,,,,,,,,,,,,,,,,,,,,,,,,,,,,,,,,,,,,,,,,,,,,,4,4,1420,518,246,62,4,both,0,31,31,2,2,,,,,148,2.0,16,29,0,0.0,,,,,,,,,,,,,,,,,,,,,,,,,,,,,,,
85.61093083297601,unswapping,,,,,,,,,,,,,,,,,,,,,,,,,,,,,,,,,,,,,,,,,,,,,,,4,4,1432,520,246,62,4,both,1,30,30,3,5,,,,,148,2.0,16,27,0,0.0,,,,,,,,,,,,,,,,,,,,,,,,,,,,,,,
85.6422480000183,unswapping,,,,,,,,,,,,,,,,,,,,,,,,,,,,,,,,,,,,,,,,,,,,,,,4,4,1432,520,246,62,4,left,0,31,31,0,5,,,,,148,2.0,16,31,0,0.0,,,,,,,,,,,,,,,,,,,,,,,,,,,,,,,
85.70232962502632,unswapping,,,,,,,,,,,,,,,,,,,,,,,,,,,,,,,,,,,,,,,,,,,,,,,4,4,1348,508,246,62,4,left,1,30,30,2,7,,,,,150,2.0,16,28,0,0.0,,,,,,,,,,,,,,,,,,,,,,,,,,,,,,,
85.75843616598286,unswapping,,,,,,,,,,,,,,,,,,,,,,,,,,,,,,,,,,,,,,,,,,,,,,,4,4,1372,508,246,62,4,right,0,31,31,2,9,,,,,152,2.0,16,29,0,0.0,,,,,,,,,,,,,,,,,,,,,,,,,,,,,,,
85.81372829101747,unswapping,,,,,,,,,,,,,,,,,,,,,,,,,,,,,,,,,,,,,,,,,,,,,,,4,4,1332,504,246,62,4,right,1,30,30,1,10,,,,,152,2.0,16,29,0,0.0,,,,,,,,,,,,,,,,,,,,,,,,,,,,,,,
85.91803504101699,unswapping,,,,,,,,,,,,,,,,,,,,,,,,,,,,,,,,,,,,,,,,,,,,,,,4,4,1332,504,246,62,5,both,0,31,31,1,1,,,,,154,2.0,16,30,0,0.0,,,,,,,,,,,,,,,,,,,,,,,,,,,,,,,
85.97300749999704,unswapping,,,,,,,,,,,,,,,,,,,,,,,,,,,,,,,,,,,,,,,,,,,,,,,4,4,1332,504,246,62,5,both,1,30,30,0,1,,,,,154,2.0,16,30,0,0.0,,,,,,,,,,,,,,,,,,,,,,,,,,,,,,,
86.03626112500206,unswapping,,,,,,,,,,,,,,,,,,,,,,,,,,,,,,,,,,,,,,,,,,,,,,,4,4,1200,492,246,62,5,left,0,31,31,2,3,,,,,154,2.0,16,29,0,0.0,,,,,,,,,,,,,,,,,,,,,,,,,,,,,,,
86.06654479098506,unswapping,,,,,,,,,,,,,,,,,,,,,,,,,,,,,,,,,,,,,,,,,,,,,,,4,4,1200,492,246,62,5,left,1,30,30,0,3,,,,,154,2.0,16,30,0,0.0,,,,,,,,,,,,,,,,,,,,,,,,,,,,,,,
86.0944397909916,unswapping,,,,,,,,,,,,,,,,,,,,,,,,,,,,,,,,,,,,,,,,,,,,,,,4,4,1200,492,246,62,5,right,0,31,31,0,3,,,,,154,2.0,16,31,0,0.0,,,,,,,,,,,,,,,,,,,,,,,,,,,,,,,
86.12309875001665,unswapping,,,,,,,,,,,,,,,,,,,,,,,,,,,,,,,,,,,,,,,,,,,,,,,4,4,1200,492,246,62,5,right,1,30,30,0,3,,,,,154,2.0,16,30,0,0.0,,,,,,,,,,,,,,,,,,,,,,,,,,,,,,,
86.17931049998151,unswapping,,,,,,,,,,,,,,,,,,,,,,,,,,,,,,,,,,,,,,,,,,,,,,,4,4,1200,492,246,62,6,both,0,31,31,0,0,,,,,154,2.0,16,31,0,0.0,,,,,,,,,,,,,,,,,,,,,,,,,,,,,,,
86.23414808302186,unswapping,,,,,,,,,,,,,,,,,,,,,,,,,,,,,,,,,,,,,,,,,,,,,,,4,4,1200,492,246,62,6,both,1,30,30,0,0,,,,,154,2.0,16,30,0,0.0,,,,,,,,,,,,,,,,,,,,,,,,,,,,,,,
86.26285383297363,unswapping,,,,,,,,,,,,,,,,,,,,,,,,,,,,,,,,,,,,,,,,,,,,,,,4,4,1200,492,246,62,6,left,0,31,31,0,0,,,,,154,2.0,16,31,0,0.0,,,,,,,,,,,,,,,,,,,,,,,,,,,,,,,
86.29451325000264,unswapping,,,,,,,,,,,,,,,,,,,,,,,,,,,,,,,,,,,,,,,,,,,,,,,4,4,1200,492,246,62,6,left,1,30,30,0,0,,,,,154,2.0,16,30,0,0.0,,,,,,,,,,,,,,,,,,,,,,,,,,,,,,,
86.3224141250248,unswapping,,,,,,,,,,,,,,,,,,,,,,,,,,,,,,,,,,,,,,,,,,,,,,,4,4,1200,492,246,62,6,right,0,31,31,0,0,,,,,154,2.0,16,31,0,0.0,,,,,,,,,,,,,,,,,,,,,,,,,,,,,,,
86.35040162497899,unswapping,,,,,,,,,,,,,,,,,,,,,,,,,,,,,,,,,,,,,,,,,,,,,,,4,4,1200,492,246,62,6,right,1,30,30,0,0,,,,,154,2.0,16,30,0,0.0,,,,,,,,,,,,,,,,,,,,,,,,,,,,,,,
86.64922212500824,unswap_cycle_summary,,,,,,,,,,,,12,6,18,,,,,,,,,,,,,,,,,,,512,0.0006,,,,,,,,,,,,,4,4,1200,492,246,62,,,,,,,,,,,,,,,,,,,,3,32.981729791965336,18,2593,2575,3,False,,,,,,,,,,,,,,,,,,,,,,
87.94822337501682,rewiring,left,post_unswap,1.2902248749742284,1751,False,False,,,,,,,,,,,,,,,,,,,,,,,,,,,,,,,,,,,,,,,,,,,,,,,,,,,,,,,,,,,,,,,,,,3,,,,,,,50,False,3,1,none,0.0,123,1.2902198749943636,2.6935270419926383,,,,,,,,,,,,,
89.35125729098218,rewiring,right,post_unswap,1.4028375420020893,1611,False,False,,,,,,,,,,,,,,,,,,,,,,,,,,,,,,,,,,,,,,,,,,,,,,,,,,,,,,,,,,,,,,,,,,3,,,,,,,50,False,3,1,none,0.0,123,1.4028320000506938,2.6935270419926383,,,,,,,,,,,,,
89.36552270798711,cycle_progress,,,,,,,,,,,,12,6,18,,,,,,,,,,,,,,,,,,,512,0.0006,,2520,0,,,,,,,,,,4,4,1200,492,246,62,,,,,,,,,,,,,,,,,,,,3,,18,2593,2575,3,False,,,,,,,,,2.6935270419926383,,,,,,,,,,,,,
89.43451945798006,absorbing,,,,,,,L,1,0,1726,1704,12,6,18,17,0,0,0.027486125007271767,0.02629008301300928,0.05377620802028105,0.05984712502686307,1200,2016,4,16,False,False,False,False,1200,4,False,512,0.0006,,1200,0,total_elems,1200,2016,1,1,,,,0.0,4,4,1200,492,246,62,,,,,,,,,,,,,,,,,,,,,,,,,,,,,,,,,,,,,,,,,,,,,,,,
89.50168166600633,absorbing,,,,,,,R,1,1,1726,1704,12,6,18,11,0,0,0.029036374995484948,0.027836250024847686,0.056872625020332634,0.057607625029049814,2660,2016,16,16,False,False,False,False,2016,16,False,512,0.0006,,1200,0,total_elems,2660,2016,1,1,,,,0.0,16,4,2016,574,246,62,,,,,,,,,,,,,,,,,,,,,,,,,,,,,,,,,,,,,,,,,,,,,,,,
89.57430637499783,absorbing,,,,,,,R,1,2,1726,1704,12,6,18,11,0,0,0.030986958008725196,0.030985457997303456,0.06197241600602865,0.06279479101067409,4140,3924,16,16,False,False,False,False,3924,16,False,512,0.0006,,1200,0,total_elems,4140,3924,1,1,,,,0.0,16,4,3924,670,246,62,,,,,,,,,,,,,,,,,,,,,,,,,,,,,,,,,,,,,,,,,,,,,,,,
89.64408558298601,absorbing,,,,,,,R,1,3,1726,1704,12,6,18,11,0,0,0.029786333034280688,0.02898225001990795,0.05876858305418864,0.05946112499805167,6020,5484,16,16,False,False,False,False,5484,16,False,512,0.0006,,1200,0,total_elems,6020,5484,1,1,,,,0.0,16,4,5484,772,246,62,,,,,,,,,,,,,,,,,,,,,,,,,,,,,,,,,,,,,,,,,,,,,,,,
89.71832225000253,absorbing,,,,,,,L,2,3,1726,1704,13,6,19,16,1,1,0.03399562498088926,0.028982625051867217,0.06297825003275648,0.06376399996224791,8192,9568,16,16,False,False,False,False,8192,16,False,512,0.0006,,1200,0,total_elems,8192,9568,1,1,,,,0.0,16,4,8192,882,246,62,,,,,,,,,,,,,,,,,,,,,,,,,,,,,,,,,,,,,,,,,,,,,,,,
89.79330299998401,absorbing,,,,,,,R,2,4,1726,1704,13,6,19,10,0,1,0.03447695903014392,0.029476957977749407,0.06395391700789332,0.06489008397329599,12444,11948,16,16,False,False,False,False,11948,16,False,512,0.0006,,1200,0,total_elems,12444,11948,1,1,,,,0.0,16,4,11948,1006,246,62,,,,,,,,,,,,,,,,,,,,,,,,,,,,,,,,,,,,,,,,,,,,,,,,
89.87085187499179,absorbing,,,,,,,L,3,4,1726,1704,14,6,20,15,1,2,0.032369458000175655,0.03381837502820417,0.06618783302837983,0.06694520800374448,15560,17160,16,32,False,False,False,False,15560,16,False,512,0.0006,,1200,0,total_elems,15560,17160,1,1,,,,0.0,16,4,15560,1108,246,62,,,,,,,,,,,,,,,,,,,,,,,,,,,,,,,,,,,,,,,,,,,,,,,,
89.94976008299273,absorbing,,,,,,,L,4,4,1726,1704,14,6,20,15,0,2,0.036546916991937906,0.030890416004694998,0.0674373329966329,0.06822841701796278,18816,21252,16,32,False,False,False,False,18816,16,False,512,0.0006,,1200,0,total_elems,18816,21252,1,1,,,,0.0,16,4,18816,1256,246,62,,,,,,,,,,,,,,,,,,,,,,,,,,,,,,,,,,,,,,,,,,,,,,,,
90.0344114159816,absorbing,,,,,,,R,4,5,1726,1704,14,6,20,9,0,2,0.04290008300449699,0.029838584014214575,0.07273866701871157,0.07348804199136794,32064,25056,64,32,False,False,False,False,25056,32,False,512,0.0006,,1200,0,total_elems,32064,25056,1,1,,,,0.0,32,4,25056,1382,246,62,,,,,,,,,,,,,,,,,,,,,,,,,,,,,,,,,,,,,,,,,,,,,,,,
90.15048458299134,absorbing,,,,,,,L,5,5,1726,1704,15,6,21,15,1,3,0.051623874984215945,0.0525727920467034,0.10419666703091934,0.10494087502593175,38976,39328,64,64,False,False,False,False,38976,64,False,512,0.0006,,1200,0,total_elems,38976,39328,1,1,,,,0.0,64,4,38976,1716,246,62,,,,,,,,,,,,,,,,,,,,,,,,,,,,,,,,,,,,,,,,,,,,,,,,
90.28358833299717,absorbing,,,,,,,L,6,5,1726,1704,16,6,22,17,1,4,0.06043225002940744,0.05922674998873845,0.11965900001814589,0.12168095796369016,63680,67712,64,64,False,False,False,False,63680,64,False,512,0.0006,,1200,0,total_elems,63680,67712,1,1,,,,0.0,64,4,63680,2140,246,62,,,,,,,,,,,,,,,,,,,,,,,,,,,,,,,,,,,,,,,,,,,,,,,,
90.49143291602377,absorbing,,,,,,,R,6,6,1726,1704,16,6,22,9,0,4,0.12016820796998218,0.07639179099351168,0.19655999896349385,0.1974645410082303,143488,106240,64,64,False,False,False,False,106240,64,False,512,0.0006,,1200,0,total_elems,143488,106240,1,1,,,,0.0,64,4,106240,2612,246,62,,,,,,,,,,,,,,,,,,,,,,,,,,,,,,,,,,,,,,,,,,,,,,,,
90.88425408297917,absorbing,,,,,,,R,6,7,1726,1704,16,6,22,8,0,4,0.23342566698556766,0.14655420801136643,0.3799798749969341,0.38169766700593755,248000,143104,128,64,False,False,False,False,143104,64,False,512,0.0006,,1200,0,total_elems,248000,143104,1,1,,,,0.0,64,4,143104,2852,246,62,,,,,,,,,,,,,,,,,,,,,,,,,,,,,,,,,,,,,,,,,,,,,,,,
91.42419954098295,absorbing,,,,,,,R,6,8,1726,1704,16,6,22,9,0,4,0.35578500002156943,0.17163124994840473,0.5274162499699742,0.5295935830217786,410816,215808,256,128,False,False,False,False,215808,128,False,512,0.0006,,1200,0,total_elems,410816,215808,1,1,,,,0.0,128,4,215808,3348,246,62,,,,,,,,,,,,,,,,,,,,,,,,,,,,,,,,,,,,,,,,,,,,,,,,
92.2137361660134,absorbing,,,,,,,R,6,9,1726,1704,16,6,22,10,0,4,0.42425375001039356,0.3526865000021644,0.776940250012558,0.7786874169833027,505024,473088,256,256,False,False,True,False,473088,256,False,512,0.0006,,1200,0,total_elems,505024,473088,1,1,,,,0.0,256,4,473088,4444,246,62,,,,,,,,,,,,,,,,,,,,,,,,,,,,,,,,,,,,,,,,,,,,,,,,
98.33115612500114,unswapping,,,,,,,,,,,,,,,,,,,,,,,,,,,,,,,,,,,,,,,,,,,,,,,256,4,473088,4444,246,62,0,both,0,31,31,0,0,,,,,0,2.0,16,31,0,0.0,,,,,,,,,,,,,,,,,,,,,,,,,,,,,,,
108.81138883298263,unswapping,,,,,,,,,,,,,,,,,,,,,,,,,,,,,,,,,,,,,,,,,,,,,,,256,4,707008,5516,246,62,0,both,1,30,30,2,2,,,,,0,2.0,16,28,0,0.0,,,,,,,,,,,,,,,,,,,,,,,,,,,,,,,
110.8380819580052,unswapping,,,,,,,,,,,,,,,,,,,,,,,,,,,,,,,,,,,,,,,,,,,,,,,128,4,343168,3908,246,62,0,left,0,31,31,14,16,,,,,28,2.0,16,17,0,0.0,,,,,,,,,,,,,,,,,,,,,,,,,,,,,,,
111.7071495000273,unswapping,,,,,,,,,,,,,,,,,,,,,,,,,,,,,,,,,,,,,,,,,,,,,,,128,4,164640,2592,246,62,0,left,1,30,30,23,39,,,,,74,2.0,16,7,0,0.0,,,,,,,,,,,,,,,,,,,,,,,,,,,,,,,
112.05384695797693,unswapping,,,,,,,,,,,,,,,,,,,,,,,,,,,,,,,,,,,,,,,,,,,,,,,128,4,139840,2194,246,62,0,right,0,31,31,10,49,,,,,78,2.0,16,21,0,0.0,,,,,,,,,,,,,,,,,,,,,,,,,,,,,,,
112.52942512498703,unswapping,,,,,,,,,,,,,,,,,,,,,,,,,,,,,,,,,,,,,,,,,,,,,,,128,4,63456,1764,246,62,0,right,1,30,30,17,66,,,,,80,2.0,16,13,0,0.0,,,,,,,,,,,,,,,,,,,,,,,,,,,,,,,
112.86683845799416,unswapping,,,,,,,,,,,,,,,,,,,,,,,,,,,,,,,,,,,,,,,,,,,,,,,32,4,20840,1240,246,62,1,both,0,31,31,13,13,,,,,98,2.0,16,18,0,0.0,,,,,,,,,,,,,,,,,,,,,,,,,,,,,,,
113.00701341597596,unswapping,,,,,,,,,,,,,,,,,,,,,,,,,,,,,,,,,,,,,,,,,,,,,,,16,4,13964,1052,246,62,1,both,1,30,30,7,20,,,,,106,2.0,16,23,0,0.0,,,,,,,,,,,,,,,,,,,,,,,,,,,,,,,
113.07781129097566,unswapping,,,,,,,,,,,,,,,,,,,,,,,,,,,,,,,,,,,,,,,,,,,,,,,16,4,10644,948,246,62,1,left,0,31,31,13,33,,,,,116,2.0,16,18,0,0.0,,,,,,,,,,,,,,,,,,,,,,,,,,,,,,,
113.1473151249811,unswapping,,,,,,,,,,,,,,,,,,,,,,,,,,,,,,,,,,,,,,,,,,,,,,,16,4,9224,900,246,62,1,left,1,30,30,11,44,,,,,120,2.0,16,19,0,0.0,,,,,,,,,,,,,,,,,,,,,,,,,,,,,,,
113.21613812498981,unswapping,,,,,,,,,,,,,,,,,,,,,,,,,,,,,,,,,,,,,,,,,,,,,,,16,4,7544,828,246,62,1,right,0,31,31,6,50,,,,,130,2.0,16,25,0,0.0,,,,,,,,,,,,,,,,,,,,,,,,,,,,,,,
113.27534245798597,unswapping,,,,,,,,,,,,,,,,,,,,,,,,,,,,,,,,,,,,,,,,,,,,,,,16,4,7292,814,246,62,1,right,1,30,30,4,54,,,,,130,2.0,16,26,0,0.0,,,,,,,,,,,,,,,,,,,,,,,,,,,,,,,
113.39038745802827,unswapping,,,,,,,,,,,,,,,,,,,,,,,,,,,,,,,,,,,,,,,,,,,,,,,16,4,5500,766,246,62,2,both,0,31,31,5,5,,,,,136,2.0,16,26,0,0.0,,,,,,,,,,,,,,,,,,,,,,,,,,,,,,,
113.50074691599002,unswapping,,,,,,,,,,,,,,,,,,,,,,,,,,,,,,,,,,,,,,,,,,,,,,,16,4,4148,702,246,62,2,both,1,30,30,11,16,,,,,154,2.0,16,19,0,0.0,,,,,,,,,,,,,,,,,,,,,,,,,,,,,,,
113.55784195801243,unswapping,,,,,,,,,,,,,,,,,,,,,,,,,,,,,,,,,,,,,,,,,,,,,,,16,4,3956,690,246,62,2,left,0,31,31,2,18,,,,,158,2.0,16,29,0,0.0,,,,,,,,,,,,,,,,,,,,,,,,,,,,,,,
113.61584704101551,unswapping,,,,,,,,,,,,,,,,,,,,,,,,,,,,,,,,,,,,,,,,,,,,,,,8,4,3308,666,246,62,2,left,1,30,30,3,21,,,,,162,2.0,16,27,0,0.0,,,,,,,,,,,,,,,,,,,,,,,,,,,,,,,
113.67337758297799,unswapping,,,,,,,,,,,,,,,,,,,,,,,,,,,,,,,,,,,,,,,,,,,,,,,8,4,3140,658,246,62,2,right,0,31,31,5,26,,,,,164,2.0,16,26,0,0.0,,,,,,,,,,,,,,,,,,,,,,,,,,,,,,,
113.70053958299104,unswapping,,,,,,,,,,,,,,,,,,,,,,,,,,,,,,,,,,,,,,,,,,,,,,,8,4,3140,658,246,62,2,right,1,30,30,0,26,,,,,164,2.0,16,30,0,0.0,,,,,,,,,,,,,,,,,,,,,,,,,,,,,,,
113.80166345799807,unswapping,,,,,,,,,,,,,,,,,,,,,,,,,,,,,,,,,,,,,,,,,,,,,,,8,4,3092,654,246,62,3,both,0,31,31,7,7,,,,,164,2.0,16,24,0,0.0,,,,,,,,,,,,,,,,,,,,,,,,,,,,,,,
113.90022491599666,unswapping,,,,,,,,,,,,,,,,,,,,,,,,,,,,,,,,,,,,,,,,,,,,,,,8,4,3092,654,246,62,3,both,1,30,30,2,9,,,,,168,2.0,16,28,0,0.0,,,,,,,,,,,,,,,,,,,,,,,,,,,,,,,
113.95652470801724,unswapping,,,,,,,,,,,,,,,,,,,,,,,,,,,,,,,,,,,,,,,,,,,,,,,8,4,2696,630,246,62,3,left,0,31,31,3,12,,,,,172,2.0,16,28,0,0.0,,,,,,,,,,,,,,,,,,,,,,,,,,,,,,,
114.01340770797106,unswapping,,,,,,,,,,,,,,,,,,,,,,,,,,,,,,,,,,,,,,,,,,,,,,,8,4,2492,604,246,62,3,left,1,30,30,4,16,,,,,174,2.0,16,26,0,0.0,,,,,,,,,,,,,,,,,,,,,,,,,,,,,,,
114.05776629102184,unswapping,,,,,,,,,,,,,,,,,,,,,,,,,,,,,,,,,,,,,,,,,,,,,,,8,4,2492,604,246,62,3,right,0,31,31,1,17,,,,,176,2.0,16,30,0,0.0,,,,,,,,,,,,,,,,,,,,,,,,,,,,,,,
114.08409291598946,unswapping,,,,,,,,,,,,,,,,,,,,,,,,,,,,,,,,,,,,,,,,,,,,,,,8,4,2492,604,246,62,3,right,1,30,30,0,17,,,,,176,2.0,16,30,0,0.0,,,,,,,,,,,,,,,,,,,,,,,,,,,,,,,
114.18436912499601,unswapping,,,,,,,,,,,,,,,,,,,,,,,,,,,,,,,,,,,,,,,,,,,,,,,8,4,2444,600,246,62,4,both,0,31,31,3,3,,,,,178,2.0,16,28,0,0.0,,,,,,,,,,,,,,,,,,,,,,,,,,,,,,,
114.28561362501932,unswapping,,,,,,,,,,,,,,,,,,,,,,,,,,,,,,,,,,,,,,,,,,,,,,,8,4,2396,596,246,62,4,both,1,30,30,4,7,,,,,178,2.0,16,26,0,0.0,,,,,,,,,,,,,,,,,,,,,,,,,,,,,,,
114.33364099997561,unswapping,,,,,,,,,,,,,,,,,,,,,,,,,,,,,,,,,,,,,,,,,,,,,,,8,4,2332,592,246,62,4,left,0,31,31,1,8,,,,,180,2.0,16,30,0,0.0,,,,,,,,,,,,,,,,,,,,,,,,,,,,,,,
114.36102941597346,unswapping,,,,,,,,,,,,,,,,,,,,,,,,,,,,,,,,,,,,,,,,,,,,,,,8,4,2332,592,246,62,4,left,1,30,30,0,8,,,,,180,2.0,16,30,0,0.0,,,,,,,,,,,,,,,,,,,,,,,,,,,,,,,
114.38918862497667,unswapping,,,,,,,,,,,,,,,,,,,,,,,,,,,,,,,,,,,,,,,,,,,,,,,8,4,2332,592,246,62,4,right,0,31,31,0,8,,,,,180,2.0,16,31,0,0.0,,,,,,,,,,,,,,,,,,,,,,,,,,,,,,,
114.41748862498207,unswapping,,,,,,,,,,,,,,,,,,,,,,,,,,,,,,,,,,,,,,,,,,,,,,,8,4,2332,592,246,62,4,right,1,30,30,0,8,,,,,180,2.0,16,30,0,0.0,,,,,,,,,,,,,,,,,,,,,,,,,,,,,,,
114.5217555409763,unswapping,,,,,,,,,,,,,,,,,,,,,,,,,,,,,,,,,,,,,,,,,,,,,,,8,4,2344,594,246,62,5,both,0,31,31,1,1,,,,,180,2.0,16,30,0,0.0,,,,,,,,,,,,,,,,,,,,,,,,,,,,,,,
114.5769704579725,unswapping,,,,,,,,,,,,,,,,,,,,,,,,,,,,,,,,,,,,,,,,,,,,,,,8,4,2344,594,246,62,5,both,1,30,30,0,1,,,,,180,2.0,16,30,0,0.0,,,,,,,,,,,,,,,,,,,,,,,,,,,,,,,
114.60488995799096,unswapping,,,,,,,,,,,,,,,,,,,,,,,,,,,,,,,,,,,,,,,,,,,,,,,8,4,2344,594,246,62,5,left,0,31,31,0,1,,,,,180,2.0,16,31,0,0.0,,,,,,,,,,,,,,,,,,,,,,,,,,,,,,,
114.65899908298161,unswapping,,,,,,,,,,,,,,,,,,,,,,,,,,,,,,,,,,,,,,,,,,,,,,,8,4,2416,600,246,62,5,left,1,30,30,1,2,,,,,180,2.0,16,29,0,0.0,,,,,,,,,,,,,,,,,,,,,,,,,,,,,,,
114.68542900000466,unswapping,,,,,,,,,,,,,,,,,,,,,,,,,,,,,,,,,,,,,,,,,,,,,,,8,4,2416,600,246,62,5,right,0,31,31,0,2,,,,,180,2.0,16,31,0,0.0,,,,,,,,,,,,,,,,,,,,,,,,,,,,,,,
114.71244070801185,unswapping,,,,,,,,,,,,,,,,,,,,,,,,,,,,,,,,,,,,,,,,,,,,,,,8,4,2416,600,246,62,5,right,1,30,30,0,2,,,,,180,2.0,16,30,0,0.0,,,,,,,,,,,,,,,,,,,,,,,,,,,,,,,
114.76659841602668,unswapping,,,,,,,,,,,,,,,,,,,,,,,,,,,,,,,,,,,,,,,,,,,,,,,8,4,2416,600,246,62,6,both,0,31,31,0,0,,,,,180,2.0,16,31,0,0.0,,,,,,,,,,,,,,,,,,,,,,,,,,,,,,,
114.81952741602436,unswapping,,,,,,,,,,,,,,,,,,,,,,,,,,,,,,,,,,,,,,,,,,,,,,,8,4,2416,600,246,62,6,both,1,30,30,0,0,,,,,180,2.0,16,30,0,0.0,,,,,,,,,,,,,,,,,,,,,,,,,,,,,,,
114.86607058299705,unswapping,,,,,,,,,,,,,,,,,,,,,,,,,,,,,,,,,,,,,,,,,,,,,,,8,4,2416,600,246,62,6,left,0,31,31,1,1,,,,,180,2.0,16,30,0,0.0,,,,,,,,,,,,,,,,,,,,,,,,,,,,,,,
114.89426104101585,unswapping,,,,,,,,,,,,,,,,,,,,,,,,,,,,,,,,,,,,,,,,,,,,,,,8,4,2416,600,246,62,6,left,1,30,30,0,1,,,,,180,2.0,16,30,0,0.0,,,,,,,,,,,,,,,,,,,,,,,,,,,,,,,
114.92135229101405,unswapping,,,,,,,,,,,,,,,,,,,,,,,,,,,,,,,,,,,,,,,,,,,,,,,8,4,2416,600,246,62,6,right,0,31,31,0,1,,,,,180,2.0,16,31,0,0.0,,,,,,,,,,,,,,,,,,,,,,,,,,,,,,,
114.94904833298642,unswapping,,,,,,,,,,,,,,,,,,,,,,,,,,,,,,,,,,,,,,,,,,,,,,,8,4,2416,600,246,62,6,right,1,30,30,0,1,,,,,180,2.0,16,30,0,0.0,,,,,,,,,,,,,,,,,,,,,,,,,,,,,,,
115.31023666600231,unswap_cycle_summary,,,,,,,,,,,,16,6,22,,,,,,,,,,,,,,,,,,,512,0.0006,,,,,,,,,,,,,8,4,2416,600,246,62,,,,,,,,,,,,,,,,,,,,4,21.04522425000323,22,2593,2571,4,False,,,,,,,,,,,,,,,,,,,,,,
116.95985245797783,rewiring,left,post_unswap,1.6397502080071718,1722,False,False,,,,,,,,,,,,,,,,,,,,,,,,,,,,,,,,,,,,,,,,,,,,,,,,,,,,,,,,,,,,,,,,,,4,,,,,,,50,False,4,1,none,0.0,123,1.639746250002645,3.132136708998587,,,,,,,,,,,,,
118.45198891597101,rewiring,right,post_unswap,1.4919438749784604,1697,False,False,,,,,,,,,,,,,,,,,,,,,,,,,,,,,,,,,,,,,,,,,,,,,,,,,,,,,,,,,,,,,,,,,,4,,,,,,,50,False,4,1,none,0.0,123,1.4919402920058928,3.132136708998587,,,,,,,,,,,,,
118.47088762500789,cycle_progress,,,,,,,,,,,,16,6,22,,,,,,,,,,,,,,,,,,,512,0.0006,,1200,0,,,,,,,,,,8,4,2416,600,246,62,,,,,,,,,,,,,,,,,,,,4,,22,2593,2571,4,False,,,,,,,,,3.132136708998587,,,,,,,,,,,,,
118.54651129100239,absorbing,,,,,,,L,1,0,1674,1906,16,6,22,12,0,0,0.02737016702303663,0.026111209008377045,0.053481376031413674,0.06337449996499345,2416,3284,8,16,False,False,False,False,2416,8,False,512,0.0006,,2416,0,total_elems,2416,3284,1,1,,,,0.0,8,4,2416,600,246,62,,,,,,,,,,,,,,,,,,,,,,,,,,,,,,,,,,,,,,,,,,,,,,,,
118.61751220800215,absorbing,,,,,,,R,1,1,1674,1906,16,6,22,9,0,0,0.030151417013257742,0.02773695799987763,0.057888375013135374,0.05860416602808982,4060,3284,16,16,False,False,False,False,3284,16,False,512,0.0006,,2416,0,total_elems,4060,3284,1,1,,,,0.0,16,4,3284,680,246,62,,,,,,,,,,,,,,,,,,,,,,,,,,,,,,,,,,,,,,,,,,,,,,,,
118.68798470799811,absorbing,,,,,,,L,2,1,1674,1906,17,6,23,15,1,1,0.0303034579847008,0.02767445897916332,0.05797791696386412,0.05870166700333357,5080,7184,16,16,False,False,False,False,5080,16,False,512,0.0006,,2416,0,total_elems,5080,7184,1,1,,,,0.0,16,4,5080,776,246,62,,,,,,,,,,,,,,,,,,,,,,,,,,,,,,,,,,,,,,,,,,,,,,,,
118.7618878330104,absorbing,,,,,,,R,2,2,1674,1906,17,6,23,10,0,1,0.03407595801400021,0.0273814580286853,0.06145741604268551,0.062211250013206154,11384,9492,32,16,False,False,False,False,9492,16,False,512,0.0006,,2416,0,total_elems,11384,9492,1,1,,,,0.0,16,4,9492,918,246,62,,,,,,,,,,,,,,,,,,,,,,,,,,,,,,,,,,,,,,,,,,,,,,,,
118.84652874997118,absorbing,,,,,,,L,3,2,1674,1906,18,6,24,15,1,2,0.03657054097857326,0.03591133398003876,0.07248187495861202,0.07314754201797768,16116,22304,32,64,False,False,False,False,16116,32,False,512,0.0006,,2416,0,total_elems,16116,22304,1,1,,,,0.0,32,4,16116,1114,246,62,,,,,,,,,,,,,,,,,,,,,,,,,,,,,,,,,,,,,,,,,,,,,,,,
118.93962612497853,absorbing,,,,,,,R,3,3,1674,1906,18,6,24,12,0,2,0.038353667012415826,0.042643167020287365,0.08099683403270319,0.08170437504304573,37716,35200,64,64,False,False,False,False,35200,64,False,512,0.0006,,2416,0,total_elems,37716,35200,1,1,,,,0.0,64,4,35200,1356,246,62,,,,,,,,,,,,,,,,,,,,,,,,,,,,,,,,,,,,,,,,,,,,,,,,
119.1116691660136,absorbing,,,,,,,L,4,3,1674,1906,19,6,25,14,1,3,0.07336720800958574,0.08351616701111197,0.1568833750206977,0.1576300829765387,80384,92576,128,128,False,False,False,False,80384,128,False,512,0.0006,,2416,0,total_elems,80384,92576,1,1,,,,0.0,128,4,80384,1878,246,62,,,,,,,,,,,,,,,,,,,,,,,,,,,,,,,,,,,,,,,,,,,,,,,,
119.41378266597167,absorbing,,,,,,,R,4,4,1674,1906,19,6,25,10,0,3,0.15865479200147092,0.13102937501389533,0.28968416701536626,0.2903809589915909,191648,187808,128,128,False,False,False,False,187808,128,False,512,0.0006,,2416,0,total_elems,191648,187808,1,1,,,,0.0,128,4,187808,2332,246,62,,,,,,,,,,,,,,,,,,,,,,,,,,,,,,,,,,,,,,,,,,,,,,,,
119.95573083299678,absorbing,,,,,,,R,4,5,1674,1906,19,6,25,10,0,3,0.27117783401627094,0.2544996669748798,0.5256775009911507,0.5292661669664085,372416,358560,256,256,False,False,False,False,358560,256,False,512,0.0006,,2416,0,total_elems,372416,358560,1,1,,,,0.0,256,4,358560,2956,246,62,,,,,,,,,,,,,,,,,,,,,,,,,,,,,,,,,,,,,,,,,,,,,,,,
120.9278918330092,absorbing,,,,,,,R,4,6,1674,1906,19,6,25,12,0,3,0.5008332500001416,0.455190125037916,0.9560233750380576,0.9569108329596929,693312,422496,256,256,False,False,True,False,422496,256,False,512,0.0006,,2416,0,total_elems,693312,422496,1,1,,,,0.0,256,4,422496,3428,246,62,,,,,,,,,,,,,,,,,,,,,,,,,,,,,,,,,,,,,,,,,,,,,,,,
125.88719854102237,unswapping,,,,,,,,,,,,,,,,,,,,,,,,,,,,,,,,,,,,,,,,,,,,,,,256,4,422496,3428,246,62,0,both,0,31,31,0,0,,,,,0,2.0,16,31,0,0.0,,,,,,,,,,,,,,,,,,,,,,,,,,,,,,,
133.46596166602103,unswapping,,,,,,,,,,,,,,,,,,,,,,,,,,,,,,,,,,,,,,,,,,,,,,,256,4,590368,4000,246,62,0,both,1,30,30,1,1,,,,,0,2.0,16,29,0,0.0,,,,,,,,,,,,,,,,,,,,,,,,,,,,,,,
135.7900158750126,unswapping,,,,,,,,,,,,,,,,,,,,,,,,,,,,,,,,,,,,,,,,,,,,,,,128,4,366880,3336,246,62,0,left,0,31,31,14,15,,,,,28,2.0,16,17,0,0.0,,,,,,,,,,,,,,,,,,,,,,,,,,,,,,,
137.06142808299046,unswapping,,,,,,,,,,,,,,,,,,,,,,,,,,,,,,,,,,,,,,,,,,,,,,,128,4,139424,2340,246,62,0,left,1,30,30,18,33,,,,,64,2.0,16,12,0,0.0,,,,,,,,,,,,,,,,,,,,,,,,,,,,,,,
137.48675904102856,unswapping,,,,,,,,,,,,,,,,,,,,,,,,,,,,,,,,,,,,,,,,,,,,,,,64,4,86912,1852,246,62,0,right,0,31,31,7,40,,,,,66,2.0,16,24,0,0.0,,,,,,,,,,,,,,,,,,,,,,,,,,,,,,,
137.80373550002696,unswapping,,,,,,,,,,,,,,,,,,,,,,,,,,,,,,,,,,,,,,,,,,,,,,,64,4,34400,1446,246,62,0,right,1,30,30,9,49,,,,,70,2.0,16,21,0,0.0,,,,,,,,,,,,,,,,,,,,,,,,,,,,,,,
138.02367208298529,unswapping,,,,,,,,,,,,,,,,,,,,,,,,,,,,,,,,,,,,,,,,,,,,,,,32,4,15864,1118,246,62,1,both,0,31,31,14,14,,,,,96,2.0,16,17,0,0.0,,,,,,,,,,,,,,,,,,,,,,,,,,,,,,,
138.17582979099825,unswapping,,,,,,,,,,,,,,,,,,,,,,,,,,,,,,,,,,,,,,,,,,,,,,,32,4,10408,986,246,62,1,both,1,30,30,9,23,,,,,108,2.0,16,21,0,0.0,,,,,,,,,,,,,,,,,,,,,,,,,,,,,,,
138.24954208300915,unswapping,,,,,,,,,,,,,,,,,,,,,,,,,,,,,,,,,,,,,,,,,,,,,,,16,4,6504,822,246,62,1,left,0,31,31,15,38,,,,,112,2.0,16,16,0,0.0,,,,,,,,,,,,,,,,,,,,,,,,,,,,,,,
138.3194079999812,unswapping,,,,,,,,,,,,,,,,,,,,,,,,,,,,,,,,,,,,,,,,,,,,,,,16,4,4976,768,246,62,1,left,1,30,30,5,43,,,,,116,2.0,16,25,0,0.0,,,,,,,,,,,,,,,,,,,,,,,,,,,,,,,
138.37783558299998,unswapping,,,,,,,,,,,,,,,,,,,,,,,,,,,,,,,,,,,,,,,,,,,,,,,8,4,4228,726,246,62,1,right,0,31,31,4,47,,,,,122,2.0,16,27,0,0.0,,,,,,,,,,,,,,,,,,,,,,,,,,,,,,,
138.4360480000032,unswapping,,,,,,,,,,,,,,,,,,,,,,,,,,,,,,,,,,,,,,,,,,,,,,,8,4,3840,704,246,62,1,right,1,30,30,6,53,,,,,126,2.0,16,24,0,0.0,,,,,,,,,,,,,,,,,,,,,,,,,,,,,,,
138.55041987501318,unswapping,,,,,,,,,,,,,,,,,,,,,,,,,,,,,,,,,,,,,,,,,,,,,,,8,4,3792,692,246,62,2,both,0,31,31,10,10,,,,,134,2.0,16,21,0,0.0,,,,,,,,,,,,,,,,,,,,,,,,,,,,,,,
138.66367879102472,unswapping,,,,,,,,,,,,,,,,,,,,,,,,,,,,,,,,,,,,,,,,,,,,,,,8,4,3512,668,246,62,2,both,1,30,30,9,19,,,,,148,2.0,16,21,0,0.0,,,,,,,,,,,,,,,,,,,,,,,,,,,,,,,
138.71650174999377,unswapping,,,,,,,,,,,,,,,,,,,,,,,,,,,,,,,,,,,,,,,,,,,,,,,8,4,3488,664,246,62,2,left,0,31,31,1,20,,,,,148,2.0,16,30,0,0.0,,,,,,,,,,,,,,,,,,,,,,,,,,,,,,,
138.77449566597352,unswapping,,,,,,,,,,,,,,,,,,,,,,,,,,,,,,,,,,,,,,,,,,,,,,,8,4,3296,652,246,62,2,left,1,30,30,2,22,,,,,148,2.0,16,28,0,0.0,,,,,,,,,,,,,,,,,,,,,,,,,,,,,,,
138.82838712498778,unswapping,,,,,,,,,,,,,,,,,,,,,,,,,,,,,,,,,,,,,,,,,,,,,,,8,4,3200,644,246,62,2,right,0,31,31,4,26,,,,,150,2.0,16,27,0,0.0,,,,,,,,,,,,,,,,,,,,,,,,,,,,,,,
138.85392204101663,unswapping,,,,,,,,,,,,,,,,,,,,,,,,,,,,,,,,,,,,,,,,,,,,,,,8,4,3200,644,246,62,2,right,1,30,30,0,26,,,,,150,2.0,16,30,0,0.0,,,,,,,,,,,,,,,,,,,,,,,,,,,,,,,
138.95585845800815,unswapping,,,,,,,,,,,,,,,,,,,,,,,,,,,,,,,,,,,,,,,,,,,,,,,8,4,2948,630,246,62,3,both,0,31,31,3,3,,,,,156,2.0,16,28,0,0.0,,,,,,,,,,,,,,,,,,,,,,,,,,,,,,,
139.06352074997267,unswapping,,,,,,,,,,,,,,,,,,,,,,,,,,,,,,,,,,,,,,,,,,,,,,,8,4,2708,618,246,62,3,both,1,30,30,4,7,,,,,162,2.0,16,26,0,0.0,,,,,,,,,,,,,,,,,,,,,,,,,,,,,,,
139.09570162498858,unswapping,,,,,,,,,,,,,,,,,,,,,,,,,,,,,,,,,,,,,,,,,,,,,,,8,4,2708,618,246,62,3,left,0,31,31,0,7,,,,,162,2.0,16,31,0,0.0,,,,,,,,,,,,,,,,,,,,,,,,,,,,,,,
139.15771966602188,unswapping,,,,,,,,,,,,,,,,,,,,,,,,,,,,,,,,,,,,,,,,,,,,,,,8,4,2684,612,246,62,3,left,1,30,30,1,8,,,,,164,2.0,16,29,0,0.0,,,,,,,,,,,,,,,,,,,,,,,,,,,,,,,
139.21498445799807,unswapping,,,,,,,,,,,,,,,,,,,,,,,,,,,,,,,,,,,,,,,,,,,,,,,8,4,2620,608,246,62,3,right,0,31,31,1,9,,,,,166,2.0,16,30,0,0.0,,,,,,,,,,,,,,,,,,,,,,,,,,,,,,,
139.26029983302578,unswapping,,,,,,,,,,,,,,,,,,,,,,,,,,,,,,,,,,,,,,,,,,,,,,,8,4,2572,602,246,62,3,right,1,30,30,1,10,,,,,168,2.0,16,29,0,0.0,,,,,,,,,,,,,,,,,,,,,,,,,,,,,,,
139.36255208298098,unswapping,,,,,,,,,,,,,,,,,,,,,,,,,,,,,,,,,,,,,,,,,,,,,,,8,4,2320,588,246,62,4,both,0,31,31,3,3,,,,,174,2.0,16,28,0,0.0,,,,,,,,,,,,,,,,,,,,,,,,,,,,,,,
139.4771339999861,unswapping,,,,,,,,,,,,,,,,,,,,,,,,,,,,,,,,,,,,,,,,,,,,,,,8,4,2128,580,246,62,4,both,1,30,30,4,7,,,,,172,2.0,16,26,0,0.0,,,,,,,,,,,,,,,,,,,,,,,,,,,,,,,
139.52946783299558,unswapping,,,,,,,,,,,,,,,,,,,,,,,,,,,,,,,,,,,,,,,,,,,,,,,8,4,2128,580,246,62,4,left,0,31,31,1,8,,,,,174,2.0,16,30,0,0.0,,,,,,,,,,,,,,,,,,,,,,,,,,,,,,,
139.56332312501036,unswapping,,,,,,,,,,,,,,,,,,,,,,,,,,,,,,,,,,,,,,,,,,,,,,,8,4,2128,580,246,62,4,left,1,30,30,0,8,,,,,174,2.0,16,30,0,0.0,,,,,,,,,,,,,,,,,,,,,,,,,,,,,,,
139.60914625000441,unswapping,,,,,,,,,,,,,,,,,,,,,,,,,,,,,,,,,,,,,,,,,,,,,,,8,4,1936,568,246,62,4,right,0,31,31,1,9,,,,,176,2.0,16,30,0,0.0,,,,,,,,,,,,,,,,,,,,,,,,,,,,,,,
139.63610966602573,unswapping,,,,,,,,,,,,,,,,,,,,,,,,,,,,,,,,,,,,,,,,,,,,,,,8,4,1936,568,246,62,4,right,1,30,30,0,9,,,,,176,2.0,16,30,0,0.0,,,,,,,,,,,,,,,,,,,,,,,,,,,,,,,
139.69277587498073,unswapping,,,,,,,,,,,,,,,,,,,,,,,,,,,,,,,,,,,,,,,,,,,,,,,8,4,1936,568,246,62,5,both,0,31,31,0,0,,,,,176,2.0,16,31,0,0.0,,,,,,,,,,,,,,,,,,,,,,,,,,,,,,,
139.74892366601853,unswapping,,,,,,,,,,,,,,,,,,,,,,,,,,,,,,,,,,,,,,,,,,,,,,,8,4,1936,568,246,62,5,both,1,30,30,0,0,,,,,176,2.0,16,30,0,0.0,,,,,,,,,,,,,,,,,,,,,,,,,,,,,,,
139.78090958297253,unswapping,,,,,,,,,,,,,,,,,,,,,,,,,,,,,,,,,,,,,,,,,,,,,,,8,4,1936,568,246,62,5,left,0,31,31,0,0,,,,,176,2.0,16,31,0,0.0,,,,,,,,,,,,,,,,,,,,,,,,,,,,,,,
139.81439883302664,unswapping,,,,,,,,,,,,,,,,,,,,,,,,,,,,,,,,,,,,,,,,,,,,,,,8,4,1936,568,246,62,5,left,1,30,30,0,0,,,,,176,2.0,16,30,0,0.0,,,,,,,,,,,,,,,,,,,,,,,,,,,,,,,
139.8411818749737,unswapping,,,,,,,,,,,,,,,,,,,,,,,,,,,,,,,,,,,,,,,,,,,,,,,8,4,1936,568,246,62,5,right,0,31,31,0,0,,,,,176,2.0,16,31,0,0.0,,,,,,,,,,,,,,,,,,,,,,,,,,,,,,,
139.86710245802533,unswapping,,,,,,,,,,,,,,,,,,,,,,,,,,,,,,,,,,,,,,,,,,,,,,,8,4,1936,568,246,62,5,right,1,30,30,0,0,,,,,176,2.0,16,30,0,0.0,,,,,,,,,,,,,,,,,,,,,,,,,,,,,,,
140.23445329099195,unswap_cycle_summary,,,,,,,,,,,,19,6,25,,,,,,,,,,,,,,,,,,,512,0.0006,,,,,,,,,,,,,8,4,1936,568,246,62,,,,,,,,,,,,,,,,,,,,5,17.89831558399601,25,2593,2568,3,False,,,,,,,,,,,,,,,,,,,,,,
141.9624060409842,rewiring,left,post_unswap,1.7160607089754194,1672,False,False,,,,,,,,,,,,,,,,,,,,,,,,,,,,,,,,,,,,,,,,,,,,,,,,,,,,,,,,,,,,,,,,,,5,,,,,,,50,False,3,1,none,0.0,123,1.7160554999718443,3.2561846669996157,,,,,,,,,,,,,
143.50213495799107,rewiring,right,post_unswap,1.5395108329830691,1902,False,False,,,,,,,,,,,,,,,,,,,,,,,,,,,,,,,,,,,,,,,,,,,,,,,,,,,,,,,,,,,,,,,,,,5,,,,,,,50,False,3,1,none,0.0,123,1.5395059579750523,3.2561846669996157,,,,,,,,,,,,,
143.52378054097062,cycle_progress,,,,,,,,,,,,19,6,25,,,,,,,,,,,,,,,,,,,512,0.0006,,2416,0,,,,,,,,,,8,4,1936,568,246,62,,,,,,,,,,,,,,,,,,,,5,,25,2593,2568,3,False,,,,,,,,,3.2561846669996157,,,,,,,,,,,,,
143.6029090830125,absorbing,,,,,,,L,1,0,1621,1619,20,6,26,13,1,1,0.029633625003043562,0.028453416016418487,0.05808704101946205,0.06636216602055356,1968,3272,8,16,False,False,False,False,1968,8,False,512,0.0006,,1936,0,total_elems,1968,3272,1,1,,,,0.0,8,4,1968,572,246,62,,,,,,,,,,,,,,,,,,,,,,,,,,,,,,,,,,,,,,,,,,,,,,,,
143.67333954101196,absorbing,,,,,,,R,1,1,1621,1619,20,6,26,13,0,1,0.02797850000206381,0.02785370801575482,0.05583220801781863,0.056701584020629525,3564,3304,16,16,False,False,False,False,3304,16,False,512,0.0006,,1936,0,total_elems,3564,3304,1,1,,,,0.0,16,4,3304,688,246,62,,,,,,,,,,,,,,,,,,,,,,,,,,,,,,,,,,,,,,,,,,,,,,,,
143.7441408750019,absorbing,,,,,,,L,2,1,1621,1619,20,6,26,16,0,1,0.0284199999878183,0.028137791028711945,0.056557791016530246,0.05726633302401751,4612,7724,16,16,False,False,False,False,4612,16,False,512,0.0006,,1936,0,total_elems,4612,7724,1,1,,,,0.0,16,4,4612,766,246,62,,,,,,,,,,,,,,,,,,,,,,,,,,,,,,,,,,,,,,,,,,,,,,,,
143.82063254102832,absorbing,,,,,,,L,3,1,1621,1619,23,6,29,14,3,4,0.03352616698248312,0.028714166022837162,0.06224033300532028,0.06294754100963473,9248,10060,16,16,False,False,False,False,9248,16,False,512,0.0006,,1936,0,total_elems,9248,10060,1,1,,,,0.0,16,4,9248,976,246,62,,,,,,,,,,,,,,,,,,,,,,,,,,,,,,,,,,,,,,,,,,,,,,,,
143.90726712497417,absorbing,,,,,,,R,3,2,1621,1619,23,6,29,14,0,4,0.04016350000165403,0.03160933399340138,0.07177283399505541,0.07257783302338794,26156,16044,64,16,False,False,False,False,16044,16,False,512,0.0006,,1936,0,total_elems,26156,16044,1,1,,,,0.0,16,4,16044,1160,246,62,,,,,,,,,,,,,,,,,,,,,,,,,,,,,,,,,,,,,,,,,,,,,,,,
144.00466283300193,absorbing,,,,,,,R,3,3,1621,1619,23,6,29,13,0,4,0.04392441699746996,0.03936724999221042,0.08329166698968038,0.08398116700118408,38936,29336,64,64,False,False,False,False,29336,64,False,512,0.0006,,1936,0,total_elems,38936,29336,1,1,,,,0.0,64,4,29336,1440,246,62,,,,,,,,,,,,,,,,,,,,,,,,,,,,,,,,,,,,,,,,,,,,,,,,
144.12732899998082,absorbing,,,,,,,R,3,4,1621,1619,23,7,30,11,1,5,0.06186045898357406,0.046467166976071894,0.10832762595964596,0.10903033299837261,61956,47520,64,64,False,False,False,False,47520,64,False,512,0.0006,,1936,0,total_elems,61956,47520,1,1,,,,0.0,64,4,47520,1698,246,62,,,,,,,,,,,,,,,,,,,,,,,,,,,,,,,,,,,,,,,,,,,,,,,,
144.2849850829807,absorbing,,,,,,,R,3,5,1621,1619,23,7,30,6,0,5,0.07401683303760365,0.06819837499642745,0.1422152080340311,0.14306770800612867,84112,72864,64,64,False,False,False,False,72864,64,False,512,0.0006,,1936,0,total_elems,84112,72864,1,1,,,,0.0,64,4,72864,1938,246,62,,,,,,,,,,,,,,,,,,,,,,,,,,,,,,,,,,,,,,,,,,,,,,,,
144.51173187501263,absorbing,,,,,,,R,3,6,1621,1619,23,7,30,7,0,5,0.1224555829539895,0.09039287501946092,0.21284845797345042,0.2135046249604784,137104,102816,64,64,False,False,False,False,102816,64,False,512,0.0006,,1936,0,total_elems,137104,102816,1,1,,,,0.0,64,4,102816,2130,246,62,,,,,,,,,,,,,,,,,,,,,,,,,,,,,,,,,,,,,,,,,,,,,,,,
144.78401737497188,absorbing,,,,,,,R,3,7,1621,1619,23,7,30,6,0,5,0.18288779200520366,0.07456441596150398,0.25745220796670765,0.25827762502012774,240544,106272,256,64,False,False,False,False,106272,64,False,512,0.0006,,1936,0,total_elems,240544,106272,1,1,,,,0.0,64,4,106272,2194,246,62,,,,,,,,,,,,,,,,,,,,,,,,,,,,,,,,,,,,,,,,,,,,,,,,
145.0797047080123,absorbing,,,,,,,R,3,8,1621,1619,23,8,31,5,1,6,0.18722241697832942,0.09370574995409697,0.2809281669324264,0.28168066701618955,246208,136224,256,64,False,False,False,False,136224,64,False,512,0.0006,,1936,0,total_elems,246208,136224,1,1,,,,0.0,64,4,136224,2522,246,62,,,,,,,,,,,,,,,,,,,,,,,,,,,,,,,,,,,,,,,,,,,,,,,,
145.41744970798027,absorbing,,,,,,,R,3,9,1621,1619,23,9,32,4,1,7,0.21944683301262558,0.10280066594714299,0.32224749895976856,0.32305408298270777,278208,159264,256,64,False,False,False,False,159264,64,False,512,0.0006,,1936,0,total_elems,278208,159264,1,1,,,,0.0,64,4,159264,2730,246,62,,,,,,,,,,,,,,,,,,,,,,,,,,,,,,,,,,,,,,,,,,,,,,,,
145.92928720801137,absorbing,,,,,,,R,3,10,1621,1619,23,9,32,6,0,7,0.2883173749432899,0.20615591597743332,0.49447329092072323,0.4981487499899231,328896,173696,256,64,False,False,False,False,173696,64,False,512,0.0006,,1936,0,total_elems,328896,173696,1,1,,,,0.0,64,4,173696,2768,246,62,,,,,,,,,,,,,,,,,,,,,,,,,,,,,,,,,,,,,,,,,,,,,,,,
146.52740466600517,absorbing,,,,,,,R,3,11,1621,1619,23,11,34,5,2,9,0.3393302920158021,0.24256141600199044,0.5818917080177926,0.5827956669963896,439872,332480,256,256,False,False,False,False,332480,256,False,512,0.0006,,1936,0,total_elems,439872,332480,1,1,,,,0.0,256,4,332480,3494,246,62,,,,,,,,,,,,,,,,,,,,,,,,,,,,,,,,,,,,,,,,,,,,,,,,
147.69253333297092,absorbing,,,,,,,R,3,12,1621,1619,23,11,34,6,0,9,0.7732485000160523,0.3750557499588467,1.148304249974899,1.150504249962978,936448,439276,256,256,False,False,True,False,439276,256,False,512,0.0006,,1936,0,total_elems,936448,439276,1,1,,,,0.0,256,4,439276,3912,246,62,,,,,,,,,,,,,,,,,,,,,,,,,,,,,,,,,,,,,,,,,,,,,,,,
153.70015645801323,unswapping,,,,,,,,,,,,,,,,,,,,,,,,,,,,,,,,,,,,,,,,,,,,,,,256,4,993088,5014,246,62,0,both,0,31,31,2,2,,,,,0,2.0,16,29,0,0.0,,,,,,,,,,,,,,,,,,,,,,,,,,,,,,,
162.36305795802036,unswapping,,,,,,,,,,,,,,,,,,,,,,,,,,,,,,,,,,,,,,,,,,,,,,,128,4,380480,3522,246,62,0,both,1,30,30,6,8,,,,,0,2.0,16,24,0,0.0,,,,,,,,,,,,,,,,,,,,,,,,,,,,,,,
163.41651066602208,unswapping,,,,,,,,,,,,,,,,,,,,,,,,,,,,,,,,,,,,,,,,,,,,,,,128,4,285928,2908,246,62,0,left,0,31,31,14,22,,,,,28,2.0,16,17,0,0.0,,,,,,,,,,,,,,,,,,,,,,,,,,,,,,,
164.64827295800205,unswapping,,,,,,,,,,,,,,,,,,,,,,,,,,,,,,,,,,,,,,,,,,,,,,,128,4,132776,2340,246,62,0,left,1,30,30,15,37,,,,,58,2.0,16,15,0,0.0,,,,,,,,,,,,,,,,,,,,,,,,,,,,,,,
164.95625370799098,unswapping,,,,,,,,,,,,,,,,,,,,,,,,,,,,,,,,,,,,,,,,,,,,,,,64,4,66856,1702,246,62,0,right,0,31,31,10,47,,,,,66,2.0,16,21,0,0.0,,,,,,,,,,,,,,,,,,,,,,,,,,,,,,,
165.15066845802357,unswapping,,,,,,,,,,,,,,,,,,,,,,,,,,,,,,,,,,,,,,,,,,,,,,,64,4,58216,1576,246,62,0,right,1,30,30,6,53,,,,,70,2.0,16,24,0,0.0,,,,,,,,,,,,,,,,,,,,,,,,,,,,,,,
165.53147462499328,unswapping,,,,,,,,,,,,,,,,,,,,,,,,,,,,,,,,,,,,,,,,,,,,,,,64,4,37476,1390,246,62,1,both,0,31,31,7,7,,,,,78,2.0,16,24,0,0.0,,,,,,,,,,,,,,,,,,,,,,,,,,,,,,,
165.78013299999293,unswapping,,,,,,,,,,,,,,,,,,,,,,,,,,,,,,,,,,,,,,,,,,,,,,,32,4,17156,1110,246,62,1,both,1,30,30,12,19,,,,,94,2.0,16,18,0,0.0,,,,,,,,,,,,,,,,,,,,,,,,,,,,,,,
165.8617651659879,unswapping,,,,,,,,,,,,,,,,,,,,,,,,,,,,,,,,,,,,,,,,,,,,,,,16,4,11556,982,246,62,1,left,0,31,31,6,25,,,,,104,2.0,16,25,0,0.0,,,,,,,,,,,,,,,,,,,,,,,,,,,,,,,
165.9353769160225,unswapping,,,,,,,,,,,,,,,,,,,,,,,,,,,,,,,,,,,,,,,,,,,,,,,16,4,10404,954,246,62,1,left,1,30,30,2,27,,,,,108,2.0,16,28,0,0.0,,,,,,,,,,,,,,,,,,,,,,,,,,,,,,,
166.0014249579981,unswapping,,,,,,,,,,,,,,,,,,,,,,,,,,,,,,,,,,,,,,,,,,,,,,,16,4,9856,926,246,62,1,right,0,31,31,5,32,,,,,112,2.0,16,26,0,0.0,,,,,,,,,,,,,,,,,,,,,,,,,,,,,,,
166.06657145801,unswapping,,,,,,,,,,,,,,,,,,,,,,,,,,,,,,,,,,,,,,,,,,,,,,,16,4,9344,910,246,62,1,right,1,30,30,2,34,,,,,112,2.0,16,28,0,0.0,,,,,,,,,,,,,,,,,,,,,,,,,,,,,,,
166.19446954102023,unswapping,,,,,,,,,,,,,,,,,,,,,,,,,,,,,,,,,,,,,,,,,,,,,,,16,4,7572,852,246,62,2,both,0,31,31,5,5,,,,,118,2.0,16,26,0,0.0,,,,,,,,,,,,,,,,,,,,,,,,,,,,,,,
166.31587649998255,unswapping,,,,,,,,,,,,,,,,,,,,,,,,,,,,,,,,,,,,,,,,,,,,,,,16,4,6588,794,246,62,2,both,1,30,30,7,12,,,,,126,2.0,16,23,0,0.0,,,,,,,,,,,,,,,,,,,,,,,,,,,,,,,
166.3836120829801,unswapping,,,,,,,,,,,,,,,,,,,,,,,,,,,,,,,,,,,,,,,,,,,,,,,16,4,6368,788,246,62,2,left,0,31,31,3,15,,,,,128,2.0,16,28,0,0.0,,,,,,,,,,,,,,,,,,,,,,,,,,,,,,,
166.45561195799382,unswapping,,,,,,,,,,,,,,,,,,,,,,,,,,,,,,,,,,,,,,,,,,,,,,,16,4,6868,820,246,62,2,left,1,30,30,6,21,,,,,134,2.0,16,24,0,0.0,,,,,,,,,,,,,,,,,,,,,,,,,,,,,,,
166.537824250001,unswapping,,,,,,,,,,,,,,,,,,,,,,,,,,,,,,,,,,,,,,,,,,,,,,,16,4,6500,800,246,62,2,right,0,31,31,4,25,,,,,130,2.0,16,27,0,0.0,,,,,,,,,,,,,,,,,,,,,,,,,,,,,,,
166.604290999996,unswapping,,,,,,,,,,,,,,,,,,,,,,,,,,,,,,,,,,,,,,,,,,,,,,,16,4,6076,772,246,62,2,right,1,30,30,4,29,,,,,126,2.0,16,26,0,0.0,,,,,,,,,,,,,,,,,,,,,,,,,,,,,,,
166.72433029097738,unswapping,,,,,,,,,,,,,,,,,,,,,,,,,,,,,,,,,,,,,,,,,,,,,,,16,4,5308,756,246,62,3,both,0,31,31,3,3,,,,,130,2.0,16,28,0,0.0,,,,,,,,,,,,,,,,,,,,,,,,,,,,,,,
166.84568512497935,unswapping,,,,,,,,,,,,,,,,,,,,,,,,,,,,,,,,,,,,,,,,,,,,,,,8,4,4624,722,246,62,3,both,1,30,30,6,9,,,,,134,2.0,16,24,0,0.0,,,,,,,,,,,,,,,,,,,,,,,,,,,,,,,
166.91886362497462,unswapping,,,,,,,,,,,,,,,,,,,,,,,,,,,,,,,,,,,,,,,,,,,,,,,16,4,5624,778,246,62,3,left,0,31,31,8,17,,,,,142,2.0,16,23,0,0.0,,,,,,,,,,,,,,,,,,,,,,,,,,,,,,,
166.9551562499837,unswapping,,,,,,,,,,,,,,,,,,,,,,,,,,,,,,,,,,,,,,,,,,,,,,,16,4,5624,778,246,62,3,left,1,30,30,0,17,,,,,142,2.0,16,30,0,0.0,,,,,,,,,,,,,,,,,,,,,,,,,,,,,,,
167.01849950000178,unswapping,,,,,,,,,,,,,,,,,,,,,,,,,,,,,,,,,,,,,,,,,,,,,,,8,4,4696,730,246,62,3,right,0,31,31,4,21,,,,,144,2.0,16,27,0,0.0,,,,,,,,,,,,,,,,,,,,,,,,,,,,,,,
167.07708825002192,unswapping,,,,,,,,,,,,,,,,,,,,,,,,,,,,,,,,,,,,,,,,,,,,,,,8,4,4984,744,246,62,3,right,1,30,30,2,23,,,,,142,2.0,16,28,0,0.0,,,,,,,,,,,,,,,,,,,,,,,,,,,,,,,
167.1947981659905,unswapping,,,,,,,,,,,,,,,,,,,,,,,,,,,,,,,,,,,,,,,,,,,,,,,8,4,4984,744,246,62,4,both,0,31,31,4,4,,,,,136,2.0,16,27,0,0.0,,,,,,,,,,,,,,,,,,,,,,,,,,,,,,,
167.30860749998828,unswapping,,,,,,,,,,,,,,,,,,,,,,,,,,,,,,,,,,,,,,,,,,,,,,,16,4,5368,760,246,62,4,both,1,30,30,4,8,,,,,140,2.0,16,26,0,0.0,,,,,,,,,,,,,,,,,,,,,,,,,,,,,,,
167.3428769580205,unswapping,,,,,,,,,,,,,,,,,,,,,,,,,,,,,,,,,,,,,,,,,,,,,,,16,4,5368,760,246,62,4,left,0,31,31,0,8,,,,,140,2.0,16,31,0,0.0,,,,,,,,,,,,,,,,,,,,,,,,,,,,,,,
167.40893483301625,unswapping,,,,,,,,,,,,,,,,,,,,,,,,,,,,,,,,,,,,,,,,,,,,,,,12,4,5176,752,246,62,4,left,1,30,30,1,9,,,,,140,2.0,16,29,0,0.0,,,,,,,,,,,,,,,,,,,,,,,,,,,,,,,
167.4715928750229,unswapping,,,,,,,,,,,,,,,,,,,,,,,,,,,,,,,,,,,,,,,,,,,,,,,10,4,5080,748,246,62,4,right,0,31,31,1,10,,,,,140,2.0,16,30,0,0.0,,,,,,,,,,,,,,,,,,,,,,,,,,,,,,,
167.50265724997735,unswapping,,,,,,,,,,,,,,,,,,,,,,,,,,,,,,,,,,,,,,,,,,,,,,,10,4,5080,748,246,62,4,right,1,30,30,0,10,,,,,140,2.0,16,30,0,0.0,,,,,,,,,,,,,,,,,,,,,,,,,,,,,,,
167.56831212498946,unswapping,,,,,,,,,,,,,,,,,,,,,,,,,,,,,,,,,,,,,,,,,,,,,,,10,4,5080,748,246,62,5,both,0,31,31,0,0,,,,,140,2.0,16,31,0,0.0,,,,,,,,,,,,,,,,,,,,,,,,,,,,,,,
167.68278350000037,unswapping,,,,,,,,,,,,,,,,,,,,,,,,,,,,,,,,,,,,,,,,,,,,,,,8,4,4984,744,246,62,5,both,1,30,30,1,1,,,,,140,2.0,16,29,0,0.0,,,,,,,,,,,,,,,,,,,,,,,,,,,,,,,
167.71648724999977,unswapping,,,,,,,,,,,,,,,,,,,,,,,,,,,,,,,,,,,,,,,,,,,,,,,8,4,4984,744,246,62,5,left,0,31,31,0,1,,,,,140,2.0,16,31,0,0.0,,,,,,,,,,,,,,,,,,,,,,,,,,,,,,,
167.75113845802844,unswapping,,,,,,,,,,,,,,,,,,,,,,,,,,,,,,,,,,,,,,,,,,,,,,,8,4,4984,744,246,62,5,left,1,30,30,0,1,,,,,140,2.0,16,30,0,0.0,,,,,,,,,,,,,,,,,,,,,,,,,,,,,,,
167.78378733299905,unswapping,,,,,,,,,,,,,,,,,,,,,,,,,,,,,,,,,,,,,,,,,,,,,,,8,4,4984,744,246,62,5,right,0,31,31,0,1,,,,,140,2.0,16,31,0,0.0,,,,,,,,,,,,,,,,,,,,,,,,,,,,,,,
167.8144470829866,unswapping,,,,,,,,,,,,,,,,,,,,,,,,,,,,,,,,,,,,,,,,,,,,,,,8,4,4984,744,246,62,5,right,1,30,30,0,1,,,,,140,2.0,16,30,0,0.0,,,,,,,,,,,,,,,,,,,,,,,,,,,,,,,
167.88102874998003,unswapping,,,,,,,,,,,,,,,,,,,,,,,,,,,,,,,,,,,,,,,,,,,,,,,8,4,4984,744,246,62,6,both,0,31,31,0,0,,,,,140,2.0,16,31,0,0.0,,,,,,,,,,,,,,,,,,,,,,,,,,,,,,,
167.94741979101673,unswapping,,,,,,,,,,,,,,,,,,,,,,,,,,,,,,,,,,,,,,,,,,,,,,,8,4,4984,744,246,62,6,both,1,30,30,0,0,,,,,140,2.0,16,30,0,0.0,,,,,,,,,,,,,,,,,,,,,,,,,,,,,,,
167.983628957998,unswapping,,,,,,,,,,,,,,,,,,,,,,,,,,,,,,,,,,,,,,,,,,,,,,,8,4,4984,744,246,62,6,left,0,31,31,0,0,,,,,140,2.0,16,31,0,0.0,,,,,,,,,,,,,,,,,,,,,,,,,,,,,,,
168.0173554160283,unswapping,,,,,,,,,,,,,,,,,,,,,,,,,,,,,,,,,,,,,,,,,,,,,,,8,4,4984,744,246,62,6,left,1,30,30,0,0,,,,,140,2.0,16,30,0,0.0,,,,,,,,,,,,,,,,,,,,,,,,,,,,,,,
168.04757829097798,unswapping,,,,,,,,,,,,,,,,,,,,,,,,,,,,,,,,,,,,,,,,,,,,,,,8,4,4984,744,246,62,6,right,0,31,31,0,0,,,,,140,2.0,16,31,0,0.0,,,,,,,,,,,,,,,,,,,,,,,,,,,,,,,
168.07963474997086,unswapping,,,,,,,,,,,,,,,,,,,,,,,,,,,,,,,,,,,,,,,,,,,,,,,8,4,4984,744,246,62,6,right,1,30,30,0,0,,,,,140,2.0,16,30,0,0.0,,,,,,,,,,,,,,,,,,,,,,,,,,,,,,,
168.6274687909754,unswap_cycle_summary,,,,,,,,,,,,23,11,34,,,,,,,,,,,,,,,,,,,512,0.0006,,,,,,,,,,,,,8,4,4984,744,246,62,,,,,,,,,,,,,,,,,,,,6,18.941268541966565,34,2593,2559,9,False,,,,,,,,,,,,,,,,,,,,,,
170.6133777499781,rewiring,left,post_unswap,1.972463832993526,1620,False,False,,,,,,,,,,,,,,,,,,,,,,,,,,,,,,,,,,,,,,,,,,,,,,,,,,,,,,,,,,,,,,,,,,6,,,,,,,50,False,9,1,none,0.0,123,1.9724585000076331,3.1175410830182955,,,,,,,,,,,,,
171.75816554098856,rewiring,right,post_unswap,1.1444176670047455,1609,False,False,,,,,,,,,,,,,,,,,,,,,,,,,,,,,,,,,,,,,,,,,,,,,,,,,,,,,,,,,,,,,,,,,,6,,,,,,,50,False,9,1,none,0.0,123,1.1444120410014875,3.1175410830182955,,,,,,,,,,,,,
171.78663425002014,cycle_progress,,,,,,,,,,,,23,11,34,,,,,,,,,,,,,,,,,,,512,0.0006,,1936,0,,,,,,,,,,8,4,4984,744,246,62,,,,,,,,,,,,,,,,,,,,6,,34,2593,2559,9,False,,,,,,,,,3.1175410830182955,,,,,,,,,,,,,
171.8776798750041,absorbing,,,,,,,L,1,0,1592,1775,23,11,34,14,0,0,0.03143624996300787,0.02989537501707673,0.0613316249800846,0.07446437497856095,4984,7648,8,32,False,False,False,False,4984,8,False,512,0.0006,,4984,0,total_elems,4984,7648,1,1,,,,0.0,8,4,4984,744,246,62,,,,,,,,,,,,,,,,,,,,,,,,,,,,,,,,,,,,,,,,,,,,,,,,
171.97144337499049,absorbing,,,,,,,R,1,1,1592,1775,23,12,35,10,1,1,0.04439129197271541,0.0321527500054799,0.07654404197819531,0.07743175001814961,8912,7648,32,32,False,False,False,False,7648,32,False,512,0.0006,,4984,0,total_elems,8912,7648,1,1,,,,0.0,32,4,7648,872,246,62,,,,,,,,,,,,,,,,,,,,,,,,,,,,,,,,,,,,,,,,,,,,,,,,
172.07414049998624,absorbing,,,,,,,L,2,1,1592,1775,24,12,36,14,1,2,0.04775041696848348,0.03717604203848168,0.08492645900696516,0.08573791600065306,14360,19076,32,32,False,False,False,False,14360,32,False,512,0.0006,,4984,0,total_elems,14360,19076,1,1,,,,0.0,32,4,14360,1010,246,62,,,,,,,,,,,,,,,,,,,,,,,,,,,,,,,,,,,,,,,,,,,,,,,,
172.20254429097986,absorbing,,,,,,,L,3,1,1592,1775,24,12,36,11,0,2,0.054988915973808616,0.05533841601572931,0.11032733198953792,0.11116279201814905,19700,22940,32,32,False,False,False,False,19700,32,False,512,0.0006,,4984,0,total_elems,19700,22940,1,1,,,,0.0,32,4,19700,1166,246,62,,,,,,,,,,,,,,,,,,,,,,,,,,,,,,,,,,,,,,,,,,,,,,,,
172.33999433298595,absorbing,,,,,,,R,3,2,1592,1775,24,13,37,12,1,3,0.05903837503865361,0.060824082989711314,0.11986245802836493,0.12074512499384582,35456,31268,64,32,False,False,False,False,31268,32,False,512,0.0006,,4984,0,total_elems,35456,31268,1,1,,,,0.0,32,4,31268,1384,246,62,,,,,,,,,,,,,,,,,,,,,,,,,,,,,,,,,,,,,,,,,,,,,,,,
172.50695720798103,absorbing,,,,,,,L,4,2,1592,1775,24,13,37,9,0,3,0.07522574998438358,0.07047562499064952,0.1457013749750331,0.14654929097741842,40832,41060,64,32,False,False,False,False,40832,64,False,512,0.0006,,4984,0,total_elems,40832,41060,1,1,,,,0.0,64,4,40832,1558,246,62,,,,,,,,,,,,,,,,,,,,,,,,,,,,,,,,,,,,,,,,,,,,,,,,
172.68254558299668,absorbing,,,,,,,R,4,3,1592,1775,24,13,37,11,0,3,0.08383495901944116,0.07426591700641438,0.15810087602585554,0.15881941694533452,72832,57280,64,64,False,False,False,False,57280,64,False,512,0.0006,,4984,0,total_elems,72832,57280,1,1,,,,0.0,64,4,57280,1854,246,62,,,,,,,,,,,,,,,,,,,,,,,,,,,,,,,,,,,,,,,,,,,,,,,,
172.88537395797903,absorbing,,,,,,,R,4,4,1592,1775,24,13,37,10,0,3,0.09802337497239932,0.08751749998191372,0.18554087495431304,0.18728316703345627,90560,68464,64,64,False,False,False,False,68464,64,False,512,0.0006,,4984,0,total_elems,90560,68464,1,1,,,,0.0,64,4,68464,2012,246,62,,,,,,,,,,,,,,,,,,,,,,,,,,,,,,,,,,,,,,,,,,,,,,,,
173.12818695802707,absorbing,,,,,,,R,4,5,1592,1775,24,13,37,11,0,3,0.09426191699458286,0.12790224998025224,0.2221641669748351,0.22451599995838478,101664,85504,64,64,False,False,False,False,85504,64,False,512,0.0006,,4984,0,total_elems,101664,85504,1,1,,,,0.0,64,4,85504,2202,246,62,,,,,,,,,,,,,,,,,,,,,,,,,,,,,,,,,,,,,,,,,,,,,,,,
173.40295787499053,absorbing,,,,,,,R,4,6,1592,1775,24,14,38,10,1,4,0.12339999998221174,0.1331647919723764,0.25656479195458815,0.2584953749901615,123392,117736,64,64,False,False,False,False,117736,64,False,512,0.0006,,4984,0,total_elems,123392,117736,1,1,,,,0.0,64,4,117736,2470,246,62,,,,,,,,,,,,,,,,,,,,,,,,,,,,,,,,,,,,,,,,,,,,,,,,
173.76752074999968,absorbing,,,,,,,R,4,7,1592,1775,24,14,38,11,0,4,0.15120929200202227,0.19492245896253735,0.3461317509645596,0.34680941596161574,192592,191152,128,128,False,False,False,False,191152,128,False,512,0.0006,,4984,0,total_elems,192592,191152,1,1,,,,0.0,128,4,191152,3084,246,62,,,,,,,,,,,,,,,,,,,,,,,,,,,,,,,,,,,,,,,,,,,,,,,,
174.29799558297964,absorbing,,,,,,,R,4,8,1592,1775,24,15,39,10,1,5,0.25174783304100856,0.26112587499665096,0.5128737080376595,0.5138302090344951,363840,231408,128,128,False,False,False,False,231408,128,False,512,0.0006,,4984,0,total_elems,363840,231408,1,1,,,,0.0,128,4,231408,3384,246,62,,,,,,,,,,,,,,,,,,,,,,,,,,,,,,,,,,,,,,,,,,,,,,,,
174.93756400002167,absorbing,,,,,,,L,5,8,1592,1775,24,15,39,7,0,5,0.27156479097902775,0.3497414159937762,0.6213062069728039,0.6229910840047523,387608,390256,128,196,False,False,False,False,387608,128,False,512,0.0006,,4984,0,total_elems,387608,390256,1,1,,,,0.0,128,4,387608,3970,246,62,,,,,,,,,,,,,,,,,,,,,,,,,,,,,,,,,,,,,,,,,,,,,,,,
180.45189616602147,unswapping,,,,,,,,,,,,,,,,,,,,,,,,,,,,,,,,,,,,,,,,,,,,,,,256,4,480960,4454,246,62,0,both,0,31,31,1,1,,,,,0,2.0,16,30,0,0.0,,,,,,,,,,,,,,,,,,,,,,,,,,,,,,,
184.02008099999512,unswapping,,,,,,,,,,,,,,,,,,,,,,,,,,,,,,,,,,,,,,,,,,,,,,,256,4,313856,3614,246,62,0,both,1,30,30,8,9,,,,,0,2.0,16,22,0,0.0,,,,,,,,,,,,,,,,,,,,,,,,,,,,,,,
184.79223716602428,unswapping,,,,,,,,,,,,,,,,,,,,,,,,,,,,,,,,,,,,,,,,,,,,,,,64,4,148480,2598,246,62,0,left,0,31,31,12,21,,,,,24,2.0,16,19,0,0.0,,,,,,,,,,,,,,,,,,,,,,,,,,,,,,,
185.18947433301946,unswapping,,,,,,,,,,,,,,,,,,,,,,,,,,,,,,,,,,,,,,,,,,,,,,,64,4,99108,2134,246,62,0,left,1,30,30,16,37,,,,,56,2.0,16,14,0,0.0,,,,,,,,,,,,,,,,,,,,,,,,,,,,,,,
185.42383308301214,unswapping,,,,,,,,,,,,,,,,,,,,,,,,,,,,,,,,,,,,,,,,,,,,,,,64,4,81156,1890,246,62,0,right,0,31,31,10,47,,,,,64,2.0,16,21,0,0.0,,,,,,,,,,,,,,,,,,,,,,,,,,,,,,,
185.67112166597508,unswapping,,,,,,,,,,,,,,,,,,,,,,,,,,,,,,,,,,,,,,,,,,,,,,,64,4,69084,1752,246,62,0,right,1,30,30,10,57,,,,,74,2.0,16,20,0,0.0,,,,,,,,,,,,,,,,,,,,,,,,,,,,,,,
186.07834954099962,unswapping,,,,,,,,,,,,,,,,,,,,,,,,,,,,,,,,,,,,,,,,,,,,,,,64,4,42540,1496,246,62,1,both,0,31,31,13,13,,,,,98,2.0,16,18,0,0.0,,,,,,,,,,,,,,,,,,,,,,,,,,,,,,,
186.3544835000066,unswapping,,,,,,,,,,,,,,,,,,,,,,,,,,,,,,,,,,,,,,,,,,,,,,,40,4,33044,1354,246,62,1,both,1,30,30,10,23,,,,,116,2.0,16,20,0,0.0,,,,,,,,,,,,,,,,,,,,,,,,,,,,,,,
186.45790562499315,unswapping,,,,,,,,,,,,,,,,,,,,,,,,,,,,,,,,,,,,,,,,,,,,,,,40,4,30872,1284,246,62,1,left,0,31,31,5,28,,,,,124,2.0,16,26,0,0.0,,,,,,,,,,,,,,,,,,,,,,,,,,,,,,,
186.57989666599315,unswapping,,,,,,,,,,,,,,,,,,,,,,,,,,,,,,,,,,,,,,,,,,,,,,,40,4,27484,1194,246,62,1,left,1,30,30,7,35,,,,,132,2.0,16,23,0,0.0,,,,,,,,,,,,,,,,,,,,,,,,,,,,,,,
186.68086416600272,unswapping,,,,,,,,,,,,,,,,,,,,,,,,,,,,,,,,,,,,,,,,,,,,,,,40,4,26208,1144,246,62,1,right,0,31,31,6,41,,,,,140,2.0,16,25,0,0.0,,,,,,,,,,,,,,,,,,,,,,,,,,,,,,,
186.7829847909743,unswapping,,,,,,,,,,,,,,,,,,,,,,,,,,,,,,,,,,,,,,,,,,,,,,,40,4,26052,1136,246,62,1,right,1,30,30,5,46,,,,,138,2.0,16,25,0,0.0,,,,,,,,,,,,,,,,,,,,,,,,,,,,,,,
186.97134204098256,unswapping,,,,,,,,,,,,,,,,,,,,,,,,,,,,,,,,,,,,,,,,,,,,,,,40,4,19356,1028,246,62,2,both,0,31,31,9,9,,,,,136,2.0,16,22,0,0.0,,,,,,,,,,,,,,,,,,,,,,,,,,,,,,,
187.16575654101325,unswapping,,,,,,,,,,,,,,,,,,,,,,,,,,,,,,,,,,,,,,,,,,,,,,,31,4,16560,970,246,62,2,both,1,30,30,6,15,,,,,142,2.0,16,24,0,0.0,,,,,,,,,,,,,,,,,,,,,,,,,,,,,,,
187.25469966599485,unswapping,,,,,,,,,,,,,,,,,,,,,,,,,,,,,,,,,,,,,,,,,,,,,,,31,4,16192,950,246,62,2,left,0,31,31,5,20,,,,,150,2.0,16,26,0,0.0,,,,,,,,,,,,,,,,,,,,,,,,,,,,,,,
187.35029970802134,unswapping,,,,,,,,,,,,,,,,,,,,,,,,,,,,,,,,,,,,,,,,,,,,,,,31,4,15392,920,246,62,2,left,1,30,30,6,26,,,,,152,2.0,16,24,0,0.0,,,,,,,,,,,,,,,,,,,,,,,,,,,,,,,
187.43241558299633,unswapping,,,,,,,,,,,,,,,,,,,,,,,,,,,,,,,,,,,,,,,,,,,,,,,31,4,15140,902,246,62,2,right,0,31,31,5,31,,,,,152,2.0,16,26,0,0.0,,,,,,,,,,,,,,,,,,,,,,,,,,,,,,,
187.5076239160262,unswapping,,,,,,,,,,,,,,,,,,,,,,,,,,,,,,,,,,,,,,,,,,,,,,,31,4,14916,888,246,62,2,right,1,30,30,2,33,,,,,150,2.0,16,28,0,0.0,,,,,,,,,,,,,,,,,,,,,,,,,,,,,,,
187.66335341602098,unswapping,,,,,,,,,,,,,,,,,,,,,,,,,,,,,,,,,,,,,,,,,,,,,,,31,4,12096,858,246,62,3,both,0,31,31,2,2,,,,,154,2.0,16,29,0,0.0,,,,,,,,,,,,,,,,,,,,,,,,,,,,,,,
187.79218558297725,unswapping,,,,,,,,,,,,,,,,,,,,,,,,,,,,,,,,,,,,,,,,,,,,,,,31,4,12144,862,246,62,3,both,1,30,30,3,5,,,,,158,2.0,16,27,0,0.0,,,,,,,,,,,,,,,,,,,,,,,,,,,,,,,
187.86775962501997,unswapping,,,,,,,,,,,,,,,,,,,,,,,,,,,,,,,,,,,,,,,,,,,,,,,31,4,11816,846,246,62,3,left,0,31,31,2,7,,,,,160,2.0,16,29,0,0.0,,,,,,,,,,,,,,,,,,,,,,,,,,,,,,,
187.9381328750169,unswapping,,,,,,,,,,,,,,,,,,,,,,,,,,,,,,,,,,,,,,,,,,,,,,,31,4,11624,834,246,62,3,left,1,30,30,2,9,,,,,162,2.0,16,28,0,0.0,,,,,,,,,,,,,,,,,,,,,,,,,,,,,,,
187.97952070797328,unswapping,,,,,,,,,,,,,,,,,,,,,,,,,,,,,,,,,,,,,,,,,,,,,,,31,4,11624,834,246,62,3,right,0,31,31,0,9,,,,,162,2.0,16,31,0,0.0,,,,,,,,,,,,,,,,,,,,,,,,,,,,,,,
188.01470466598403,unswapping,,,,,,,,,,,,,,,,,,,,,,,,,,,,,,,,,,,,,,,,,,,,,,,31,4,11624,834,246,62,3,right,1,30,30,0,9,,,,,162,2.0,16,30,0,0.0,,,,,,,,,,,,,,,,,,,,,,,,,,,,,,,
188.145512624993,unswapping,,,,,,,,,,,,,,,,,,,,,,,,,,,,,,,,,,,,,,,,,,,,,,,31,4,11672,838,246,62,4,both,0,31,31,1,1,,,,,166,2.0,16,30,0,0.0,,,,,,,,,,,,,,,,,,,,,,,,,,,,,,,
188.21824075002223,unswapping,,,,,,,,,,,,,,,,,,,,,,,,,,,,,,,,,,,,,,,,,,,,,,,31,4,11672,838,246,62,4,both,1,30,30,0,1,,,,,166,2.0,16,30,0,0.0,,,,,,,,,,,,,,,,,,,,,,,,,,,,,,,
188.270110958023,unswapping,,,,,,,,,,,,,,,,,,,,,,,,,,,,,,,,,,,,,,,,,,,,,,,31,4,11672,838,246,62,4,left,0,31,31,0,1,,,,,166,2.0,16,31,0,0.0,,,,,,,,,,,,,,,,,,,,,,,,,,,,,,,
188.30923391599208,unswapping,,,,,,,,,,,,,,,,,,,,,,,,,,,,,,,,,,,,,,,,,,,,,,,31,4,11672,838,246,62,4,left,1,30,30,0,1,,,,,166,2.0,16,30,0,0.0,,,,,,,,,,,,,,,,,,,,,,,,,,,,,,,
188.34936891600955,unswapping,,,,,,,,,,,,,,,,,,,,,,,,,,,,,,,,,,,,,,,,,,,,,,,31,4,11672,838,246,62,4,right,0,31,31,0,1,,,,,166,2.0,16,31,0,0.0,,,,,,,,,,,,,,,,,,,,,,,,,,,,,,,
188.38637174997712,unswapping,,,,,,,,,,,,,,,,,,,,,,,,,,,,,,,,,,,,,,,,,,,,,,,31,4,11672,838,246,62,4,right,1,30,30,0,1,,,,,166,2.0,16,30,0,0.0,,,,,,,,,,,,,,,,,,,,,,,,,,,,,,,
188.48417591600446,unswapping,,,,,,,,,,,,,,,,,,,,,,,,,,,,,,,,,,,,,,,,,,,,,,,31,4,11672,838,246,62,5,both,0,31,31,0,0,,,,,166,2.0,16,31,0,0.0,,,,,,,,,,,,,,,,,,,,,,,,,,,,,,,
188.55929212499177,unswapping,,,,,,,,,,,,,,,,,,,,,,,,,,,,,,,,,,,,,,,,,,,,,,,31,4,11672,838,246,62,5,both,1,30,30,0,0,,,,,166,2.0,16,30,0,0.0,,,,,,,,,,,,,,,,,,,,,,,,,,,,,,,
188.60624587500934,unswapping,,,,,,,,,,,,,,,,,,,,,,,,,,,,,,,,,,,,,,,,,,,,,,,31,4,11672,838,246,62,5,left,0,31,31,0,0,,,,,166,2.0,16,31,0,0.0,,,,,,,,,,,,,,,,,,,,,,,,,,,,,,,
188.64924858300947,unswapping,,,,,,,,,,,,,,,,,,,,,,,,,,,,,,,,,,,,,,,,,,,,,,,31,4,11672,838,246,62,5,left,1,30,30,0,0,,,,,166,2.0,16,30,0,0.0,,,,,,,,,,,,,,,,,,,,,,,,,,,,,,,
188.69038283301052,unswapping,,,,,,,,,,,,,,,,,,,,,,,,,,,,,,,,,,,,,,,,,,,,,,,31,4,11672,838,246,62,5,right,0,31,31,0,0,,,,,166,2.0,16,31,0,0.0,,,,,,,,,,,,,,,,,,,,,,,,,,,,,,,
188.72397479100619,unswapping,,,,,,,,,,,,,,,,,,,,,,,,,,,,,,,,,,,,,,,,,,,,,,,31,4,11672,838,246,62,5,right,1,30,30,0,0,,,,,166,2.0,16,30,0,0.0,,,,,,,,,,,,,,,,,,,,,,,,,,,,,,,
189.2420295830234,unswap_cycle_summary,,,,,,,,,,,,24,15,39,,,,,,,,,,,,,,,,,,,512,0.0006,,,,,,,,,,,,,31,4,11672,838,246,62,,,,,,,,,,,,,,,,,,,,7,12.611985208990518,39,2593,2554,5,False,,,,,,,,,,,,,,,,,,,,,,
191.16405766602838,rewiring,left,post_unswap,1.9063626669812948,1589,False,False,,,,,,,,,,,,,,,,,,,,,,,,,,,,,,,,,,,,,,,,,,,,,,,,,,,,,,,,,,,,,,,,,,7,,,,,,,50,False,5,1,none,0.0,123,1.9063568339915946,3.408274791960139,,,,,,,,,,,,,
192.66564595798263,rewiring,right,post_unswap,1.501366084034089,1769,False,False,,,,,,,,,,,,,,,,,,,,,,,,,,,,,,,,,,,,,,,,,,,,,,,,,,,,,,,,,,,,,,,,,,7,,,,,,,50,False,5,1,none,0.0,123,1.5013598339864984,3.408274791960139,,,,,,,,,,,,,
192.6949717910029,cycle_progress,,,,,,,,,,,,24,15,39,,,,,,,,,,,,,,,,,,,512,0.0006,,4984,0,,,,,,,,,,31,4,11672,838,246,62,,,,,,,,,,,,,,,,,,,,7,,39,2593,2554,5,False,,,,,,,,,3.408274791960139,,,,,,,,,,,,,
192.80552100000205,absorbing,,,,,,,L,1,0,1642,1709,24,15,39,12,0,0,0.0460989999701269,0.0417042089975439,0.0878032089676708,0.09488870803033933,11672,19504,31,40,False,False,False,False,11672,31,False,512,0.0006,,11672,0,total_elems,11672,19504,1,1,,,,0.0,31,4,11672,838,246,62,,,,,,,,,,,,,,,,,,,,,,,,,,,,,,,,,,,,,,,,,,,,,,,,
192.89976195798954,absorbing,,,,,,,L,2,0,1642,1709,24,15,39,14,0,0,0.035844166995957494,0.03910349996294826,0.07494766695890576,0.075624292017892,12904,19504,31,40,False,False,False,False,12904,31,False,512,0.0006,,11672,0,total_elems,12904,19504,1,1,,,,0.0,31,4,12904,932,246,62,,,,,,,,,,,,,,,,,,,,,,,,,,,,,,,,,,,,,,,,,,,,,,,,
193.00423000002047,absorbing,,,,,,,R,2,1,1642,1709,24,15,39,13,0,0,0.036805457959417254,0.04990570800146088,0.08671116596087813,0.08741874998668209,29128,21656,64,40,False,False,False,False,21656,40,False,512,0.0006,,11672,0,total_elems,29128,21656,1,1,,,,0.0,40,4,21656,1108,246,62,,,,,,,,,,,,,,,,,,,,,,,,,,,,,,,,,,,,,,,,,,,,,,,,
193.12759416602785,absorbing,,,,,,,R,2,2,1642,1709,24,17,41,12,2,2,0.05253245902713388,0.052222417027223855,0.10475487605435774,0.1063427499611862,39180,38088,64,64,False,False,False,False,38088,64,False,512,0.0006,,11672,0,total_elems,39180,38088,1,1,,,,0.0,64,4,38088,1320,246,62,,,,,,,,,,,,,,,,,,,,,,,,,,,,,,,,,,,,,,,,,,,,,,,,
193.3166543749976,absorbing,,,,,,,R,2,3,1642,1709,24,17,41,15,0,2,0.07177283294731751,0.09590879100142047,0.16768162394873798,0.17106424999656156,73336,58620,64,64,False,False,False,False,58620,64,False,512,0.0006,,11672,0,total_elems,73336,58620,1,1,,,,0.0,64,4,58620,1562,246,62,,,,,,,,,,,,,,,,,,,,,,,,,,,,,,,,,,,,,,,,,,,,,,,,
193.56691454100655,absorbing,,,,,,,L,3,3,1642,1709,26,17,43,9,2,4,0.10617525002453476,0.1249022499541752,0.23107749997870997,0.23175416700541973,82876,88604,64,64,False,False,False,False,82876,64,False,512,0.0006,,11672,0,total_elems,82876,88604,1,1,,,,0.0,64,4,82876,1894,246,62,,,,,,,,,,,,,,,,,,,,,,,,,,,,,,,,,,,,,,,,,,,,,,,,
193.81979745801073,absorbing,,,,,,,L,4,3,1642,1709,26,17,43,9,0,4,0.0678525409894064,0.1666981250164099,0.2345506660058163,0.2352509159827605,93692,152444,64,128,False,False,False,False,93692,64,False,512,0.0006,,11672,0,total_elems,93692,152444,1,1,,,,0.0,64,4,93692,2070,246,62,,,,,,,,,,,,,,,,,,,,,,,,,,,,,,,,,,,,,,,,,,,,,,,,
194.15140124998288,absorbing,,,,,,,L,5,3,1642,1709,26,17,43,10,0,4,0.13317516597453505,0.17848499998217449,0.31166016595670953,0.3136648329673335,142012,162268,128,128,False,False,False,False,142012,128,False,512,0.0006,,11672,0,total_elems,142012,162268,1,1,,,,0.0,128,4,142012,2454,246,62,,,,,,,,,,,,,,,,,,,,,,,,,,,,,,,,,,,,,,,,,,,,,,,,
194.6658792910166,absorbing,,,,,,,R,5,4,1642,1709,26,19,45,14,2,6,0.21434241702081636,0.28213937499094754,0.4964817920117639,0.4981581249739975,313852,260124,256,256,False,False,False,False,260124,256,False,512,0.0006,,11672,0,total_elems,313852,260124,1,1,,,,0.0,256,4,260124,3086,246,62,,,,,,,,,,,,,,,,,,,,,,,,,,,,,,,,,,,,,,,,,,,,,,,,
195.42187566601206,absorbing,,,,,,,R,5,5,1642,1709,26,19,45,15,0,6,0.3805935410200618,0.35168641700875014,0.732279958028812,0.736088750010822,577916,287796,256,256,False,False,True,False,287796,256,False,512,0.0006,,11672,0,total_elems,577916,287796,1,1,,,,0.0,256,4,287796,3342,246,62,,,,,,,,,,,,,,,,,,,,,,,,,,,,,,,,,,,,,,,,,,,,,,,,
196.26759695797227,absorbing,,,,,,,R,5,6,1642,1709,26,19,45,15,0,6,0.4149546250118874,0.4055548339965753,0.8205094590084627,0.8234673330443911,567884,338364,256,128,False,False,True,False,338364,128,False,512,0.0006,,11672,0,total_elems,567884,338364,1,1,,,,0.0,128,4,338364,3766,246,62,,,,,,,,,,,,,,,,,,,,,,,,,,,,,,,,,,,,,,,,,,,,,,,,
200.38609445799375,unswapping,,,,,,,,,,,,,,,,,,,,,,,,,,,,,,,,,,,,,,,,,,,,,,,128,4,338364,3766,246,62,0,both,0,31,31,0,0,,,,,0,2.0,16,31,0,0.0,,,,,,,,,,,,,,,,,,,,,,,,,,,,,,,
204.78704858297715,unswapping,,,,,,,,,,,,,,,,,,,,,,,,,,,,,,,,,,,,,,,,,,,,,,,128,4,338364,3766,246,62,0,both,1,30,30,0,0,,,,,0,2.0,16,30,0,0.0,,,,,,,,,,,,,,,,,,,,,,,,,,,,,,,
206.64831362501718,unswapping,,,,,,,,,,,,,,,,,,,,,,,,,,,,,,,,,,,,,,,,,,,,,,,256,4,533772,4140,246,62,0,left,0,31,31,2,2,,,,,4,2.0,16,29,0,0.0,,,,,,,,,,,,,,,,,,,,,,,,,,,,,,,
208.17528625001432,unswapping,,,,,,,,,,,,,,,,,,,,,,,,,,,,,,,,,,,,,,,,,,,,,,,256,4,507020,3940,246,62,0,left,1,30,30,4,6,,,,,12,2.0,16,26,0,0.0,,,,,,,,,,,,,,,,,,,,,,,,,,,,,,,
209.923052750004,unswapping,,,,,,,,,,,,,,,,,,,,,,,,,,,,,,,,,,,,,,,,,,,,,,,256,4,489132,3740,246,62,0,right,0,31,31,2,8,,,,,16,2.0,16,29,0,0.0,,,,,,,,,,,,,,,,,,,,,,,,,,,,,,,
211.61717804102227,unswapping,,,,,,,,,,,,,,,,,,,,,,,,,,,,,,,,,,,,,,,,,,,,,,,256,4,353364,3338,246,62,0,right,1,30,30,5,13,,,,,26,2.0,16,25,0,0.0,,,,,,,,,,,,,,,,,,,,,,,,,,,,,,,
213.43095008301316,unswapping,,,,,,,,,,,,,,,,,,,,,,,,,,,,,,,,,,,,,,,,,,,,,,,128,4,171788,2560,246,62,1,both,0,31,31,12,12,,,,,46,2.0,16,19,0,0.0,,,,,,,,,,,,,,,,,,,,,,,,,,,,,,,
214.5465120410081,unswapping,,,,,,,,,,,,,,,,,,,,,,,,,,,,,,,,,,,,,,,,,,,,,,,64,4,127048,2266,246,62,1,both,1,30,30,10,22,,,,,62,2.0,16,20,0,0.0,,,,,,,,,,,,,,,,,,,,,,,,,,,,,,,
215.0039870829787,unswapping,,,,,,,,,,,,,,,,,,,,,,,,,,,,,,,,,,,,,,,,,,,,,,,64,4,107228,2042,246,62,1,left,0,31,31,12,34,,,,,78,2.0,16,19,0,0.0,,,,,,,,,,,,,,,,,,,,,,,,,,,,,,,
215.38590175000718,unswapping,,,,,,,,,,,,,,,,,,,,,,,,,,,,,,,,,,,,,,,,,,,,,,,64,4,85496,1832,246,62,1,left,1,30,30,8,42,,,,,90,2.0,16,22,0,0.0,,,,,,,,,,,,,,,,,,,,,,,,,,,,,,,
215.64483320800355,unswapping,,,,,,,,,,,,,,,,,,,,,,,,,,,,,,,,,,,,,,,,,,,,,,,64,4,60464,1608,246,62,1,right,0,31,31,7,49,,,,,94,2.0,16,24,0,0.0,,,,,,,,,,,,,,,,,,,,,,,,,,,,,,,
215.85145274997922,unswapping,,,,,,,,,,,,,,,,,,,,,,,,,,,,,,,,,,,,,,,,,,,,,,,64,4,35336,1374,246,62,1,right,1,30,30,8,57,,,,,106,2.0,16,22,0,0.0,,,,,,,,,,,,,,,,,,,,,,,,,,,,,,,
216.06953020801302,unswapping,,,,,,,,,,,,,,,,,,,,,,,,,,,,,,,,,,,,,,,,,,,,,,,32,4,23300,1186,246,62,2,both,0,31,31,10,10,,,,,126,2.0,16,21,0,0.0,,,,,,,,,,,,,,,,,,,,,,,,,,,,,,,
216.2427152079763,unswapping,,,,,,,,,,,,,,,,,,,,,,,,,,,,,,,,,,,,,,,,,,,,,,,32,4,23140,1176,246,62,2,both,1,30,30,4,14,,,,,128,2.0,16,26,0,0.0,,,,,,,,,,,,,,,,,,,,,,,,,,,,,,,
216.34799525002018,unswapping,,,,,,,,,,,,,,,,,,,,,,,,,,,,,,,,,,,,,,,,,,,,,,,32,4,21508,1158,246,62,2,left,0,31,31,5,19,,,,,128,2.0,16,26,0,0.0,,,,,,,,,,,,,,,,,,,,,,,,,,,,,,,
216.4379929159768,unswapping,,,,,,,,,,,,,,,,,,,,,,,,,,,,,,,,,,,,,,,,,,,,,,,32,4,19380,1114,246,62,2,left,1,30,30,4,23,,,,,132,2.0,16,26,0,0.0,,,,,,,,,,,,,,,,,,,,,,,,,,,,,,,
216.51608987501822,unswapping,,,,,,,,,,,,,,,,,,,,,,,,,,,,,,,,,,,,,,,,,,,,,,,32,4,19220,1106,246,62,2,right,0,31,31,3,26,,,,,136,2.0,16,28,0,0.0,,,,,,,,,,,,,,,,,,,,,,,,,,,,,,,
216.59583179099718,unswapping,,,,,,,,,,,,,,,,,,,,,,,,,,,,,,,,,,,,,,,,,,,,,,,32,4,16888,1044,246,62,2,right,1,30,30,6,32,,,,,144,2.0,16,24,0,0.0,,,,,,,,,,,,,,,,,,,,,,,,,,,,,,,
216.74581458297325,unswapping,,,,,,,,,,,,,,,,,,,,,,,,,,,,,,,,,,,,,,,,,,,,,,,32,4,16188,1014,246,62,3,both,0,31,31,6,6,,,,,150,2.0,16,25,0,0.0,,,,,,,,,,,,,,,,,,,,,,,,,,,,,,,
216.8992372499779,unswapping,,,,,,,,,,,,,,,,,,,,,,,,,,,,,,,,,,,,,,,,,,,,,,,32,4,13068,978,246,62,3,both,1,30,30,4,10,,,,,154,2.0,16,26,0,0.0,,,,,,,,,,,,,,,,,,,,,,,,,,,,,,,
216.96868991601514,unswapping,,,,,,,,,,,,,,,,,,,,,,,,,,,,,,,,,,,,,,,,,,,,,,,32,4,12780,962,246,62,3,left,0,31,31,3,13,,,,,158,2.0,16,28,0,0.0,,,,,,,,,,,,,,,,,,,,,,,,,,,,,,,
217.0394959159894,unswapping,,,,,,,,,,,,,,,,,,,,,,,,,,,,,,,,,,,,,,,,,,,,,,,32,4,12492,950,246,62,3,left,1,30,30,1,14,,,,,160,2.0,16,29,0,0.0,,,,,,,,,,,,,,,,,,,,,,,,,,,,,,,
217.10936183301965,unswapping,,,,,,,,,,,,,,,,,,,,,,,,,,,,,,,,,,,,,,,,,,,,,,,16,4,9484,882,246,62,3,right,0,31,31,5,19,,,,,168,2.0,16,26,0,0.0,,,,,,,,,,,,,,,,,,,,,,,,,,,,,,,
217.17124591598986,unswapping,,,,,,,,,,,,,,,,,,,,,,,,,,,,,,,,,,,,,,,,,,,,,,,16,4,7756,834,246,62,3,right,1,30,30,2,21,,,,,172,2.0,16,28,0,0.0,,,,,,,,,,,,,,,,,,,,,,,,,,,,,,,
217.27298349997727,unswapping,,,,,,,,,,,,,,,,,,,,,,,,,,,,,,,,,,,,,,,,,,,,,,,16,4,7516,822,246,62,4,both,0,31,31,2,2,,,,,176,2.0,16,29,0,0.0,,,,,,,,,,,,,,,,,,,,,,,,,,,,,,,
217.3919084580266,unswapping,,,,,,,,,,,,,,,,,,,,,,,,,,,,,,,,,,,,,,,,,,,,,,,16,4,7276,806,246,62,4,both,1,30,30,4,6,,,,,184,2.0,16,26,0,0.0,,,,,,,,,,,,,,,,,,,,,,,,,,,,,,,
217.45700012502493,unswapping,,,,,,,,,,,,,,,,,,,,,,,,,,,,,,,,,,,,,,,,,,,,,,,16,4,6156,784,246,62,4,left,0,31,31,2,8,,,,,184,2.0,16,29,0,0.0,,,,,,,,,,,,,,,,,,,,,,,,,,,,,,,
217.48954158299603,unswapping,,,,,,,,,,,,,,,,,,,,,,,,,,,,,,,,,,,,,,,,,,,,,,,16,4,6156,784,246,62,4,left,1,30,30,0,8,,,,,184,2.0,16,30,0,0.0,,,,,,,,,,,,,,,,,,,,,,,,,,,,,,,
217.5372498750221,unswapping,,,,,,,,,,,,,,,,,,,,,,,,,,,,,,,,,,,,,,,,,,,,,,,16,4,6156,784,246,62,4,right,0,31,31,1,9,,,,,186,2.0,16,30,0,0.0,,,,,,,,,,,,,,,,,,,,,,,,,,,,,,,
217.5652785000275,unswapping,,,,,,,,,,,,,,,,,,,,,,,,,,,,,,,,,,,,,,,,,,,,,,,16,4,6156,784,246,62,4,right,1,30,30,0,9,,,,,186,2.0,16,30,0,0.0,,,,,,,,,,,,,,,,,,,,,,,,,,,,,,,
217.62831487500807,unswapping,,,,,,,,,,,,,,,,,,,,,,,,,,,,,,,,,,,,,,,,,,,,,,,16,4,6156,784,246,62,5,both,0,31,31,0,0,,,,,186,2.0,16,31,0,0.0,,,,,,,,,,,,,,,,,,,,,,,,,,,,,,,
217.73768974997802,unswapping,,,,,,,,,,,,,,,,,,,,,,,,,,,,,,,,,,,,,,,,,,,,,,,16,4,5388,760,246,62,5,both,1,30,30,1,1,,,,,190,2.0,16,29,0,0.0,,,,,,,,,,,,,,,,,,,,,,,,,,,,,,,
217.76990170800127,unswapping,,,,,,,,,,,,,,,,,,,,,,,,,,,,,,,,,,,,,,,,,,,,,,,16,4,5388,760,246,62,5,left,0,31,31,0,1,,,,,190,2.0,16,31,0,0.0,,,,,,,,,,,,,,,,,,,,,,,,,,,,,,,
217.80368933302816,unswapping,,,,,,,,,,,,,,,,,,,,,,,,,,,,,,,,,,,,,,,,,,,,,,,16,4,5388,760,246,62,5,left,1,30,30,0,1,,,,,190,2.0,16,30,0,0.0,,,,,,,,,,,,,,,,,,,,,,,,,,,,,,,
217.85919329099124,unswapping,,,,,,,,,,,,,,,,,,,,,,,,,,,,,,,,,,,,,,,,,,,,,,,16,4,5228,752,246,62,5,right,0,31,31,1,2,,,,,190,2.0,16,30,0,0.0,,,,,,,,,,,,,,,,,,,,,,,,,,,,,,,
217.8869315829943,unswapping,,,,,,,,,,,,,,,,,,,,,,,,,,,,,,,,,,,,,,,,,,,,,,,16,4,5228,752,246,62,5,right,1,30,30,0,2,,,,,190,2.0,16,30,0,0.0,,,,,,,,,,,,,,,,,,,,,,,,,,,,,,,
217.9442113750265,unswapping,,,,,,,,,,,,,,,,,,,,,,,,,,,,,,,,,,,,,,,,,,,,,,,16,4,5228,752,246,62,6,both,0,31,31,0,0,,,,,190,2.0,16,31,0,0.0,,,,,,,,,,,,,,,,,,,,,,,,,,,,,,,
218.00759325001854,unswapping,,,,,,,,,,,,,,,,,,,,,,,,,,,,,,,,,,,,,,,,,,,,,,,16,4,5228,752,246,62,6,both,1,30,30,0,0,,,,,190,2.0,16,30,0,0.0,,,,,,,,,,,,,,,,,,,,,,,,,,,,,,,
218.0417992079747,unswapping,,,,,,,,,,,,,,,,,,,,,,,,,,,,,,,,,,,,,,,,,,,,,,,16,4,5228,752,246,62,6,left,0,31,31,0,0,,,,,190,2.0,16,31,0,0.0,,,,,,,,,,,,,,,,,,,,,,,,,,,,,,,
218.0758536659996,unswapping,,,,,,,,,,,,,,,,,,,,,,,,,,,,,,,,,,,,,,,,,,,,,,,16,4,5228,752,246,62,6,left,1,30,30,0,0,,,,,190,2.0,16,30,0,0.0,,,,,,,,,,,,,,,,,,,,,,,,,,,,,,,
218.10463675000938,unswapping,,,,,,,,,,,,,,,,,,,,,,,,,,,,,,,,,,,,,,,,,,,,,,,16,4,5228,752,246,62,6,right,0,31,31,0,0,,,,,190,2.0,16,31,0,0.0,,,,,,,,,,,,,,,,,,,,,,,,,,,,,,,
218.1338166249916,unswapping,,,,,,,,,,,,,,,,,,,,,,,,,,,,,,,,,,,,,,,,,,,,,,,16,4,5228,752,246,62,6,right,1,30,30,0,0,,,,,190,2.0,16,30,0,0.0,,,,,,,,,,,,,,,,,,,,,,,,,,,,,,,
218.81784845801303,unswap_cycle_summary,,,,,,,,,,,,26,19,45,,,,,,,,,,,,,,,,,,,512,0.0006,,,,,,,,,,,,,16,4,5228,752,246,62,,,,,,,,,,,,,,,,,,,,8,20.621336041018367,45,2593,2548,6,False,,,,,,,,,,,,,,,,,,,,,,
220.39406262501143,rewiring,left,post_unswap,1.558301167038735,1639,False,False,,,,,,,,,,,,,,,,,,,,,,,,,,,,,,,,,,,,,,,,,,,,,,,,,,,,,,,,,,,,,,,,,,8,,,,,,,50,False,6,1,none,0.0,123,1.558295915951021,3.012532207998447,,,,,,,,,,,,,
221.84801412501838,rewiring,right,post_unswap,1.4537410420016386,1705,False,False,,,,,,,,,,,,,,,,,,,,,,,,,,,,,,,,,,,,,,,,,,,,,,,,,,,,,,,,,,,,,,,,,,8,,,,,,,50,False,6,1,none,0.0,123,1.4537361249676906,3.012532207998447,,,,,,,,,,,,,
221.88163675001124,cycle_progress,,,,,,,,,,,,26,19,45,,,,,,,,,,,,,,,,,,,512,0.0006,,11672,0,,,,,,,,,,16,4,5228,752,246,62,,,,,,,,,,,,,,,,,,,,8,,45,2593,2548,6,False,,,,,,,,,3.012532207998447,,,,,,,,,,,,,
221.96511258301325,absorbing,,,,,,,L,1,0,1684,1611,26,19,45,16,0,0,0.029288750025443733,0.02890883304644376,0.05819758307188749,0.06426620803540573,5228,8196,16,16,False,False,False,False,5228,16,False,512,0.0006,,5228,0,total_elems,5228,8196,1,1,,,,0.0,16,4,5228,752,246,62,,,,,,,,,,,,,,,,,,,,,,,,,,,,,,,,,,,,,,,,,,,,,,,,
222.04392558301333,absorbing,,,,,,,R,1,1,1684,1611,26,19,45,13,0,0,0.0289436670136638,0.030155666987411678,0.059099334001075476,0.05978637502994388,9472,8196,16,16,False,False,False,False,8196,16,False,512,0.0006,,5228,0,total_elems,9472,8196,1,1,,,,0.0,16,4,8196,908,246,62,,,,,,,,,,,,,,,,,,,,,,,,,,,,,,,,,,,,,,,,,,,,,,,,
222.13483641599305,absorbing,,,,,,,L,2,1,1684,1611,26,19,45,14,0,0,0.030720582988578826,0.040847916970960796,0.07156849995953962,0.0723406249890104,13512,15876,16,64,False,False,False,False,13512,16,False,512,0.0006,,5228,0,total_elems,13512,15876,1,1,,,,0.0,16,4,13512,1090,246,62,,,,,,,,,,,,,,,,,,,,,,,,,,,,,,,,,,,,,,,,,,,,,,,,
222.24374629097292,absorbing,,,,,,,R,2,2,1684,1611,26,21,47,11,2,2,0.038957874989137053,0.05066729203099385,0.0896251670201309,0.09046608302742243,23656,21960,64,64,False,False,False,False,21960,64,False,512,0.0006,,5228,0,total_elems,23656,21960,1,1,,,,0.0,64,4,21960,1262,246,62,,,,,,,,,,,,,,,,,,,,,,,,,,,,,,,,,,,,,,,,,,,,,,,,
222.35754262498813,absorbing,,,,,,,R,2,3,1684,1611,26,22,48,13,1,3,0.04577104200143367,0.048411249998025596,0.09418229199945927,0.09490141697460786,33448,26664,64,64,False,False,False,False,26664,64,False,512,0.0006,,5228,0,total_elems,33448,26664,1,1,,,,0.0,64,4,26664,1434,246,62,,,,,,,,,,,,,,,,,,,,,,,,,,,,,,,,,,,,,,,,,,,,,,,,
222.50090949999867,absorbing,,,,,,,L,3,3,1684,1611,26,22,48,14,0,3,0.05932208301965147,0.0617047919658944,0.12102687498554587,0.12281483400147408,37960,44168,64,64,False,False,False,False,37960,64,False,512,0.0006,,5228,0,total_elems,37960,44168,1,1,,,,0.0,64,4,37960,1656,246,62,,,,,,,,,,,,,,,,,,,,,,,,,,,,,,,,,,,,,,,,,,,,,,,,
222.6599158750032,absorbing,,,,,,,R,3,4,1684,1611,26,22,48,15,0,3,0.07084737502736971,0.06722049997188151,0.13806787499925122,0.13882558298064396,59160,56424,64,64,False,False,False,False,56424,64,False,512,0.0006,,5228,0,total_elems,59160,56424,1,1,,,,0.0,64,4,56424,1892,246,62,,,,,,,,,,,,,,,,,,,,,,,,,,,,,,,,,,,,,,,,,,,,,,,,
222.90766354097286,absorbing,,,,,,,L,4,4,1684,1611,26,22,48,13,0,3,0.1213229579734616,0.10639279201859608,0.22771574999205768,0.22842325002420694,86088,106344,64,128,False,False,False,False,86088,64,False,512,0.0006,,5228,0,total_elems,86088,106344,1,1,,,,0.0,64,4,86088,2200,246,62,,,,,,,,,,,,,,,,,,,,,,,,,,,,,,,,,,,,,,,,,,,,,,,,
223.2061983330059,absorbing,,,,,,,L,5,4,1684,1611,26,22,48,12,0,3,0.13091741601238027,0.1473592920228839,0.27827670803526416,0.2792104589752853,124348,135816,64,128,False,False,False,False,124348,64,False,512,0.0006,,5228,0,total_elems,124348,135816,1,1,,,,0.0,64,4,124348,2496,246,62,,,,,,,,,,,,,,,,,,,,,,,,,,,,,,,,,,,,,,,,,,,,,,,,
223.6141637500259,absorbing,,,,,,,R,5,5,1684,1611,26,23,49,12,1,4,0.22112254198873416,0.16534441703697667,0.3864669590257108,0.3872003330034204,242080,192292,256,128,False,False,False,False,192292,128,False,512,0.0006,,5228,0,total_elems,242080,192292,1,1,,,,0.0,128,4,192292,2902,246,62,,,,,,,,,,,,,,,,,,,,,,,,,,,,,,,,,,,,,,,,,,,,,,,,
224.23659158300143,absorbing,,,,,,,L,6,5,1684,1611,27,23,50,9,1,5,0.29468499997165054,0.30588320799870417,0.6005682079703547,0.6013570840004832,308000,409060,256,256,False,False,False,False,308000,256,False,512,0.0006,,5228,0,total_elems,308000,409060,1,1,,,,0.0,256,4,308000,3560,246,62,,,,,,,,,,,,,,,,,,,,,,,,,,,,,,,,,,,,,,,,,,,,,,,,
224.90982645802433,absorbing,,,,,,,L,7,5,1684,1611,28,23,51,6,1,6,0.26888599997619167,0.3795751249999739,0.6484611249761656,0.6495542079792358,352736,526944,256,256,False,False,False,True,352736,256,False,512,0.0006,,5228,0,total_elems,352736,526944,1,1,,,,0.0,256,4,352736,3944,246,62,,,,,,,,,,,,,,,,,,,,,,,,,,,,,,,,,,,,,,,,,,,,,,,,
225.60853370797122,absorbing,,,,,,,L,8,5,1684,1611,28,23,51,6,0,6,0.2808847909909673,0.3924381250399165,0.6733229160308838,0.6770371670136228,386528,571808,256,256,False,False,False,True,386528,256,False,512,0.0006,,5228,0,total_elems,386528,571808,1,1,,,,0.0,256,4,386528,4192,246,62,,,,,,,,,,,,,,,,,,,,,,,,,,,,,,,,,,,,,,,,,,,,,,,,
226.26537633297266,absorbing,,,,,,,L,9,5,1684,1611,28,23,51,3,0,6,0.23582025000359863,0.3953882500063628,0.6312085000099614,0.6331263749743812,398304,609184,256,256,False,False,False,True,398304,256,False,512,0.0006,,5228,0,total_elems,398304,609184,1,1,,,,0.0,256,4,398304,4290,246,62,,,,,,,,,,,,,,,,,,,,,,,,,,,,,,,,,,,,,,,,,,,,,,,,
226.971125415992,absorbing,,,,,,,L,10,5,1684,1611,28,23,51,4,0,6,0.272393541992642,0.4101856659981422,0.6825792079907842,0.6857579170027748,426656,625544,256,256,False,False,False,True,426656,256,False,512,0.0006,,5228,0,total_elems,426656,625544,1,1,,,,0.0,256,4,426656,4508,246,62,,,,,,,,,,,,,,,,,,,,,,,,,,,,,,,,,,,,,,,,,,,,,,,,
231.07287645799806,unswapping,,,,,,,,,,,,,,,,,,,,,,,,,,,,,,,,,,,,,,,,,,,,,,,256,4,402976,4406,246,62,0,both,0,31,31,2,2,,,,,0,2.0,16,29,0,0.0,,,,,,,,,,,,,,,,,,,,,,,,,,,,,,,
232.82293641602155,unswapping,,,,,,,,,,,,,,,,,,,,,,,,,,,,,,,,,,,,,,,,,,,,,,,64,4,233376,3578,246,62,0,both,1,30,30,6,8,,,,,0,2.0,16,24,0,0.0,,,,,,,,,,,,,,,,,,,,,,,,,,,,,,,
233.38172704097815,unswapping,,,,,,,,,,,,,,,,,,,,,,,,,,,,,,,,,,,,,,,,,,,,,,,64,4,182180,3082,246,62,0,left,0,31,31,13,21,,,,,26,2.0,16,18,0,0.0,,,,,,,,,,,,,,,,,,,,,,,,,,,,,,,
233.97409591602627,unswapping,,,,,,,,,,,,,,,,,,,,,,,,,,,,,,,,,,,,,,,,,,,,,,,64,4,110884,2496,246,62,0,left,1,30,30,18,39,,,,,62,2.0,16,12,0,0.0,,,,,,,,,,,,,,,,,,,,,,,,,,,,,,,
234.20970733300783,unswapping,,,,,,,,,,,,,,,,,,,,,,,,,,,,,,,,,,,,,,,,,,,,,,,64,4,80868,2150,246,62,0,right,0,31,31,9,48,,,,,64,2.0,16,22,0,0.0,,,,,,,,,,,,,,,,,,,,,,,,,,,,,,,
234.41954537498532,unswapping,,,,,,,,,,,,,,,,,,,,,,,,,,,,,,,,,,,,,,,,,,,,,,,64,4,56964,1892,246,62,0,right,1,30,30,10,58,,,,,76,2.0,16,20,0,0.0,,,,,,,,,,,,,,,,,,,,,,,,,,,,,,,
234.68697195802815,unswapping,,,,,,,,,,,,,,,,,,,,,,,,,,,,,,,,,,,,,,,,,,,,,,,32,4,28828,1438,246,62,1,both,0,31,31,16,16,,,,,110,2.0,16,15,0,0.0,,,,,,,,,,,,,,,,,,,,,,,,,,,,,,,
234.87307220802177,unswapping,,,,,,,,,,,,,,,,,,,,,,,,,,,,,,,,,,,,,,,,,,,,,,,32,4,20736,1224,246,62,1,both,1,30,30,14,30,,,,,138,2.0,16,16,0,0.0,,,,,,,,,,,,,,,,,,,,,,,,,,,,,,,
234.96210208302364,unswapping,,,,,,,,,,,,,,,,,,,,,,,,,,,,,,,,,,,,,,,,,,,,,,,32,4,19840,1198,246,62,1,left,0,31,31,12,42,,,,,146,2.0,16,19,0,0.0,,,,,,,,,,,,,,,,,,,,,,,,,,,,,,,
235.0468539579888,unswapping,,,,,,,,,,,,,,,,,,,,,,,,,,,,,,,,,,,,,,,,,,,,,,,32,4,17408,1150,246,62,1,left,1,30,30,5,47,,,,,150,2.0,16,25,0,0.0,,,,,,,,,,,,,,,,,,,,,,,,,,,,,,,
235.12555200001225,unswapping,,,,,,,,,,,,,,,,,,,,,,,,,,,,,,,,,,,,,,,,,,,,,,,32,4,15040,1062,246,62,1,right,0,31,31,11,58,,,,,158,2.0,16,20,0,0.0,,,,,,,,,,,,,,,,,,,,,,,,,,,,,,,
235.19755916600116,unswapping,,,,,,,,,,,,,,,,,,,,,,,,,,,,,,,,,,,,,,,,,,,,,,,32,4,12628,988,246,62,1,right,1,30,30,6,64,,,,,158,2.0,16,24,0,0.0,,,,,,,,,,,,,,,,,,,,,,,,,,,,,,,
235.3229609580012,unswapping,,,,,,,,,,,,,,,,,,,,,,,,,,,,,,,,,,,,,,,,,,,,,,,32,4,10204,910,246,62,2,both,0,31,31,10,10,,,,,162,2.0,16,21,0,0.0,,,,,,,,,,,,,,,,,,,,,,,,,,,,,,,
235.4606366250082,unswapping,,,,,,,,,,,,,,,,,,,,,,,,,,,,,,,,,,,,,,,,,,,,,,,16,4,7024,826,246,62,2,both,1,30,30,9,19,,,,,164,2.0,16,21,0,0.0,,,,,,,,,,,,,,,,,,,,,,,,,,,,,,,
235.52971124998294,unswapping,,,,,,,,,,,,,,,,,,,,,,,,,,,,,,,,,,,,,,,,,,,,,,,16,4,5644,778,246,62,2,left,0,31,31,6,25,,,,,170,2.0,16,25,0,0.0,,,,,,,,,,,,,,,,,,,,,,,,,,,,,,,
235.59373391600093,unswapping,,,,,,,,,,,,,,,,,,,,,,,,,,,,,,,,,,,,,,,,,,,,,,,16,4,5028,760,246,62,2,left,1,30,30,3,28,,,,,176,2.0,16,27,0,0.0,,,,,,,,,,,,,,,,,,,,,,,,,,,,,,,
235.6548635410145,unswapping,,,,,,,,,,,,,,,,,,,,,,,,,,,,,,,,,,,,,,,,,,,,,,,8,4,4344,718,246,62,2,right,0,31,31,5,33,,,,,182,2.0,16,26,0,0.0,,,,,,,,,,,,,,,,,,,,,,,,,,,,,,,
235.6838097909931,unswapping,,,,,,,,,,,,,,,,,,,,,,,,,,,,,,,,,,,,,,,,,,,,,,,8,4,4344,718,246,62,2,right,1,30,30,0,33,,,,,182,2.0,16,30,0,0.0,,,,,,,,,,,,,,,,,,,,,,,,,,,,,,,
235.79081412497908,unswapping,,,,,,,,,,,,,,,,,,,,,,,,,,,,,,,,,,,,,,,,,,,,,,,8,4,4200,714,246,62,3,both,0,31,31,4,4,,,,,184,2.0,16,27,0,0.0,,,,,,,,,,,,,,,,,,,,,,,,,,,,,,,
235.89681970799575,unswapping,,,,,,,,,,,,,,,,,,,,,,,,,,,,,,,,,,,,,,,,,,,,,,,8,4,4200,714,246,62,3,both,1,30,30,4,8,,,,,186,2.0,16,26,0,0.0,,,,,,,,,,,,,,,,,,,,,,,,,,,,,,,
235.95794320799178,unswapping,,,,,,,,,,,,,,,,,,,,,,,,,,,,,,,,,,,,,,,,,,,,,,,8,4,4284,726,246,62,3,left,0,31,31,3,11,,,,,190,2.0,16,28,0,0.0,,,,,,,,,,,,,,,,,,,,,,,,,,,,,,,
235.98736491601449,unswapping,,,,,,,,,,,,,,,,,,,,,,,,,,,,,,,,,,,,,,,,,,,,,,,8,4,4284,726,246,62,3,left,1,30,30,0,11,,,,,190,2.0,16,30,0,0.0,,,,,,,,,,,,,,,,,,,,,,,,,,,,,,,
236.04455104097724,unswapping,,,,,,,,,,,,,,,,,,,,,,,,,,,,,,,,,,,,,,,,,,,,,,,8,4,4200,714,246,62,3,right,0,31,31,4,15,,,,,198,2.0,16,27,0,0.0,,,,,,,,,,,,,,,,,,,,,,,,,,,,,,,
236.09931345802033,unswapping,,,,,,,,,,,,,,,,,,,,,,,,,,,,,,,,,,,,,,,,,,,,,,,8,4,4200,714,246,62,3,right,1,30,30,1,16,,,,,198,2.0,16,29,0,0.0,,,,,,,,,,,,,,,,,,,,,,,,,,,,,,,
236.20568245800678,unswapping,,,,,,,,,,,,,,,,,,,,,,,,,,,,,,,,,,,,,,,,,,,,,,,8,4,4272,722,246,62,4,both,0,31,31,6,6,,,,,192,2.0,16,25,0,0.0,,,,,,,,,,,,,,,,,,,,,,,,,,,,,,,
236.31008333299542,unswapping,,,,,,,,,,,,,,,,,,,,,,,,,,,,,,,,,,,,,,,,,,,,,,,8,4,4260,720,246,62,4,both,1,30,30,2,8,,,,,192,2.0,16,28,0,0.0,,,,,,,,,,,,,,,,,,,,,,,,,,,,,,,
236.37071787501918,unswapping,,,,,,,,,,,,,,,,,,,,,,,,,,,,,,,,,,,,,,,,,,,,,,,8,4,4284,726,246,62,4,left,0,31,31,3,11,,,,,194,2.0,16,28,0,0.0,,,,,,,,,,,,,,,,,,,,,,,,,,,,,,,
236.4213710409822,unswapping,,,,,,,,,,,,,,,,,,,,,,,,,,,,,,,,,,,,,,,,,,,,,,,8,4,4284,726,246,62,4,left,1,30,30,1,12,,,,,196,2.0,16,29,0,0.0,,,,,,,,,,,,,,,,,,,,,,,,,,,,,,,
236.4764674580074,unswapping,,,,,,,,,,,,,,,,,,,,,,,,,,,,,,,,,,,,,,,,,,,,,,,8,4,4220,716,246,62,4,right,0,31,31,2,14,,,,,198,2.0,16,29,0,0.0,,,,,,,,,,,,,,,,,,,,,,,,,,,,,,,
236.50437337497715,unswapping,,,,,,,,,,,,,,,,,,,,,,,,,,,,,,,,,,,,,,,,,,,,,,,8,4,4220,716,246,62,4,right,1,30,30,0,14,,,,,198,2.0,16,30,0,0.0,,,,,,,,,,,,,,,,,,,,,,,,,,,,,,,
236.59853654098697,unswapping,,,,,,,,,,,,,,,,,,,,,,,,,,,,,,,,,,,,,,,,,,,,,,,8,4,4260,720,246,62,5,both,0,31,31,2,2,,,,,194,2.0,16,29,0,0.0,,,,,,,,,,,,,,,,,,,,,,,,,,,,,,,
236.7030626250198,unswapping,,,,,,,,,,,,,,,,,,,,,,,,,,,,,,,,,,,,,,,,,,,,,,,8,4,4260,720,246,62,5,both,1,30,30,1,3,,,,,196,2.0,16,29,0,0.0,,,,,,,,,,,,,,,,,,,,,,,,,,,,,,,
236.75484008301282,unswapping,,,,,,,,,,,,,,,,,,,,,,,,,,,,,,,,,,,,,,,,,,,,,,,8,4,4224,720,246,62,5,left,0,31,31,3,6,,,,,196,2.0,16,28,0,0.0,,,,,,,,,,,,,,,,,,,,,,,,,,,,,,,
236.78596229100367,unswapping,,,,,,,,,,,,,,,,,,,,,,,,,,,,,,,,,,,,,,,,,,,,,,,8,4,4224,720,246,62,5,left,1,30,30,0,6,,,,,196,2.0,16,30,0,0.0,,,,,,,,,,,,,,,,,,,,,,,,,,,,,,,
236.84228887502104,unswapping,,,,,,,,,,,,,,,,,,,,,,,,,,,,,,,,,,,,,,,,,,,,,,,8,4,4160,710,246,62,5,right,0,31,31,3,9,,,,,198,2.0,16,28,0,0.0,,,,,,,,,,,,,,,,,,,,,,,,,,,,,,,
236.88738324999576,unswapping,,,,,,,,,,,,,,,,,,,,,,,,,,,,,,,,,,,,,,,,,,,,,,,8,4,4160,710,246,62,5,right,1,30,30,1,10,,,,,196,2.0,16,29,0,0.0,,,,,,,,,,,,,,,,,,,,,,,,,,,,,,,
236.98064050002722,unswapping,,,,,,,,,,,,,,,,,,,,,,,,,,,,,,,,,,,,,,,,,,,,,,,8,4,4200,714,246,62,6,both,0,31,31,2,2,,,,,192,2.0,16,29,0,0.0,,,,,,,,,,,,,,,,,,,,,,,,,,,,,,,
237.03783137502614,unswapping,,,,,,,,,,,,,,,,,,,,,,,,,,,,,,,,,,,,,,,,,,,,,,,8,4,4200,714,246,62,6,both,1,30,30,0,2,,,,,192,2.0,16,30,0,0.0,,,,,,,,,,,,,,,,,,,,,,,,,,,,,,,
237.08982183301123,unswapping,,,,,,,,,,,,,,,,,,,,,,,,,,,,,,,,,,,,,,,,,,,,,,,8,4,4224,720,246,62,6,left,0,31,31,2,4,,,,,194,2.0,16,29,0,0.0,,,,,,,,,,,,,,,,,,,,,,,,,,,,,,,
237.1228505410254,unswapping,,,,,,,,,,,,,,,,,,,,,,,,,,,,,,,,,,,,,,,,,,,,,,,8,4,4224,720,246,62,6,left,1,30,30,0,4,,,,,194,2.0,16,30,0,0.0,,,,,,,,,,,,,,,,,,,,,,,,,,,,,,,
237.17108362499857,unswapping,,,,,,,,,,,,,,,,,,,,,,,,,,,,,,,,,,,,,,,,,,,,,,,8,4,4160,710,246,62,6,right,0,31,31,2,6,,,,,196,2.0,16,29,0,0.0,,,,,,,,,,,,,,,,,,,,,,,,,,,,,,,
237.1990601660218,unswapping,,,,,,,,,,,,,,,,,,,,,,,,,,,,,,,,,,,,,,,,,,,,,,,8,4,4160,710,246,62,6,right,1,30,30,0,6,,,,,196,2.0,16,30,0,0.0,,,,,,,,,,,,,,,,,,,,,,,,,,,,,,,
237.97135037498083,unswap_cycle_summary,,,,,,,,,,,,28,23,51,,,,,,,,,,,,,,,,,,,512,0.0006,,,,,,,,,,,,,8,4,4160,710,246,62,,,,,,,,,,,,,,,,,,,,9,9.382926000049338,51,2593,2542,6,False,,,,,,,,,,,,,,,,,,,,,,
240.14452779100975,rewiring,left,post_unswap,2.1543888750020415,1676,False,False,,,,,,,,,,,,,,,,,,,,,,,,,,,,,,,,,,,,,,,,,,,,,,,,,,,,,,,,,,,,,,,,,,9,,,,,,,50,False,6,1,none,0.0,123,2.1543811669689603,3.652653167024255,,,,,,,,,,,,,
241.6425242080004,rewiring,right,post_unswap,1.497807375038974,1608,False,False,,,,,,,,,,,,,,,,,,,,,,,,,,,,,,,,,,,,,,,,,,,,,,,,,,,,,,,,,,,,,,,,,,9,,,,,,,50,False,6,1,none,0.0,123,1.4978027920005843,3.652653167024255,,,,,,,,,,,,,
241.68255874997703,cycle_progress,,,,,,,,,,,,28,23,51,,,,,,,,,,,,,,,,,,,512,0.0006,,5228,0,,,,,,,,,,8,4,4160,710,246,62,,,,,,,,,,,,,,,,,,,,9,,51,2593,2542,6,False,,,,,,,,,3.652653167024255,,,,,,,,,,,,,
241.76765100000193,absorbing,,,,,,,L,1,0,1843,1671,28,23,51,13,0,0,0.029220124997664243,0.029799041978549212,0.059019166976213455,0.0635367080103606,4160,6644,8,16,False,False,False,False,4160,8,False,512,0.0006,,4160,0,total_elems,4160,6644,1,1,,,,0.0,8,4,4160,710,246,62,,,,,,,,,,,,,,,,,,,,,,,,,,,,,,,,,,,,,,,,,,,,,,,,
241.8526290829759,absorbing,,,,,,,L,2,0,1843,1671,28,23,51,13,0,0,0.02972291602054611,0.03253512503579259,0.0622580410563387,0.06295683397911489,5908,6644,16,16,False,False,False,False,5908,16,False,512,0.0006,,4160,0,total_elems,5908,6644,1,1,,,,0.0,16,4,5908,824,246,62,,,,,,,,,,,,,,,,,,,,,,,,,,,,,,,,,,,,,,,,,,,,,,,,
241.9396763750119,absorbing,,,,,,,R,2,1,1843,1671,28,25,53,10,2,2,0.03294204198755324,0.0308877500356175,0.06382979202317074,0.06466491700848565,13044,8904,32,16,False,False,False,False,8904,16,False,512,0.0006,,4160,0,total_elems,13044,8904,1,1,,,,0.0,16,4,8904,946,246,62,,,,,,,,,,,,,,,,,,,,,,,,,,,,,,,,,,,,,,,,,,,,,,,,
242.04181804100517,absorbing,,,,,,,R,2,2,1843,1671,28,27,55,8,2,4,0.04060220799874514,0.03674462501658127,0.07734683301532641,0.07810829096706584,16816,11516,32,16,False,False,False,False,11516,16,False,512,0.0006,,4160,0,total_elems,16816,11516,1,1,,,,0.0,16,4,11516,1042,246,62,,,,,,,,,,,,,,,,,,,,,,,,,,,,,,,,,,,,,,,,,,,,,,,,
242.13951891602483,absorbing,,,,,,,R,2,3,1843,1671,28,28,56,11,1,5,0.043925166013650596,0.030620915989857167,0.07454608200350776,0.07522545801475644,20260,18684,32,24,False,False,False,False,18684,24,False,512,0.0006,,4160,0,total_elems,20260,18684,1,1,,,,0.0,24,4,18684,1188,246,62,,,,,,,,,,,,,,,,,,,,,,,,,,,,,,,,,,,,,,,,,,,,,,,,
242.25344016600866,absorbing,,,,,,,R,2,4,1843,1671,28,28,56,13,0,5,0.0449639160069637,0.045843042025808245,0.09080695803277194,0.0925816249800846,31652,30428,64,64,False,False,False,False,30428,64,False,512,0.0006,,4160,0,total_elems,31652,30428,1,1,,,,0.0,64,4,30428,1436,246,62,,,,,,,,,,,,,,,,,,,,,,,,,,,,,,,,,,,,,,,,,,,,,,,,
242.41748474998167,absorbing,,,,,,,L,3,4,1843,1671,28,28,56,14,0,5,0.06364366598427296,0.07583729200996459,0.13948095799423754,0.1412810409674421,45444,63996,64,64,False,False,False,False,45444,64,False,512,0.0006,,4160,0,total_elems,45444,63996,1,1,,,,0.0,64,4,45444,1734,246,62,,,,,,,,,,,,,,,,,,,,,,,,,,,,,,,,,,,,,,,,,,,,,,,,
242.60432887502247,absorbing,,,,,,,L,4,4,1843,1671,28,28,56,12,0,5,0.08266054204432294,0.07783158303936943,0.16049212508369237,0.1633318749954924,66240,81524,64,64,False,False,False,False,66240,64,False,512,0.0006,,4160,0,total_elems,66240,81524,1,1,,,,0.0,64,4,66240,2020,246,62,,,,,,,,,,,,,,,,,,,,,,,,,,,,,,,,,,,,,,,,,,,,,,,,
242.88422829099,absorbing,,,,,,,R,4,5,1843,1671,28,28,56,14,0,5,0.14115600002696738,0.11256116698496044,0.2537171670119278,0.2566891250316985,131328,92288,128,64,False,False,False,False,92288,64,False,512,0.0006,,4160,0,total_elems,131328,92288,1,1,,,,0.0,64,4,92288,2262,246,62,,,,,,,,,,,,,,,,,,,,,,,,,,,,,,,,,,,,,,,,,,,,,,,,
243.17370145802852,absorbing,,,,,,,R,4,6,1843,1671,28,28,56,11,0,5,0.14043158298591152,0.12514533300418407,0.2655769159900956,0.26732433401048183,150624,121696,128,64,False,False,False,False,121696,64,False,512,0.0006,,4160,0,total_elems,150624,121696,1,1,,,,0.0,64,4,121696,2516,246,62,,,,,,,,,,,,,,,,,,,,,,,,,,,,,,,,,,,,,,,,,,,,,,,,
243.5465659580077,absorbing,,,,,,,L,5,6,1843,1671,28,28,56,11,0,5,0.16981554101221263,0.1776936249807477,0.34750916599296033,0.3491714160190895,159104,247552,64,256,False,False,False,False,159104,64,False,512,0.0006,,4160,0,total_elems,159104,247552,1,1,,,,0.0,64,4,159104,2890,246,62,,,,,,,,,,,,,,,,,,,,,,,,,,,,,,,,,,,,,,,,,,,,,,,,
244.05763520800974,absorbing,,,,,,,L,6,6,1843,1671,28,28,56,10,0,5,0.2600328339613043,0.2255065839854069,0.4855394179467112,0.48734491696814075,231712,283104,128,256,False,False,False,False,231712,128,False,512,0.0006,,4160,0,total_elems,231712,283104,1,1,,,,0.0,128,4,231712,3616,246,62,,,,,,,,,,,,,,,,,,,,,,,,,,,,,,,,,,,,,,,,,,,,,,,,
244.60086412500823,absorbing,,,,,,,L,7,6,1843,1671,28,28,56,9,0,5,0.2765550829935819,0.24225370900239795,0.5188087919959798,0.5205706669948995,318604,349568,128,256,False,False,False,False,318604,128,False,512,0.0006,,4160,0,total_elems,318604,349568,1,1,,,,0.0,128,4,318604,4000,246,62,,,,,,,,,,,,,,,,,,,,,,,,,,,,,,,,,,,,,,,,,,,,,,,,
245.27458666602615,absorbing,,,,,,,R,7,7,1843,1671,28,28,56,10,0,5,0.3546854589949362,0.2962474579690024,0.6509329169639386,0.6516530829831026,524664,410088,256,256,False,False,True,False,410088,256,False,512,0.0006,,4160,0,total_elems,524664,410088,1,1,,,,0.0,256,4,410088,4438,246,62,,,,,,,,,,,,,,,,,,,,,,,,,,,,,,,,,,,,,,,,,,,,,,,,
250.27083125000354,unswapping,,,,,,,,,,,,,,,,,,,,,,,,,,,,,,,,,,,,,,,,,,,,,,,256,4,450208,4696,246,62,0,both,0,31,31,1,1,,,,,0,2.0,16,30,0,0.0,,,,,,,,,,,,,,,,,,,,,,,,,,,,,,,
252.49584495800082,unswapping,,,,,,,,,,,,,,,,,,,,,,,,,,,,,,,,,,,,,,,,,,,,,,,64,4,251384,3662,246,62,0,both,1,30,30,10,11,,,,,0,2.0,16,20,0,0.0,,,,,,,,,,,,,,,,,,,,,,,,,,,,,,,
253.13189550000243,unswapping,,,,,,,,,,,,,,,,,,,,,,,,,,,,,,,,,,,,,,,,,,,,,,,64,4,216364,3192,246,62,0,left,0,31,31,13,24,,,,,26,2.0,16,18,0,0.0,,,,,,,,,,,,,,,,,,,,,,,,,,,,,,,
253.95278441597475,unswapping,,,,,,,,,,,,,,,,,,,,,,,,,,,,,,,,,,,,,,,,,,,,,,,64,4,130528,2706,246,62,0,left,1,30,30,14,38,,,,,54,2.0,16,16,0,0.0,,,,,,,,,,,,,,,,,,,,,,,,,,,,,,,
254.23635274998378,unswapping,,,,,,,,,,,,,,,,,,,,,,,,,,,,,,,,,,,,,,,,,,,,,,,64,4,74072,2044,246,62,0,right,0,31,31,17,55,,,,,64,2.0,16,14,0,0.0,,,,,,,,,,,,,,,,,,,,,,,,,,,,,,,
254.4461110829725,unswapping,,,,,,,,,,,,,,,,,,,,,,,,,,,,,,,,,,,,,,,,,,,,,,,64,4,46936,1742,246,62,0,right,1,30,30,10,65,,,,,80,2.0,16,20,0,0.0,,,,,,,,,,,,,,,,,,,,,,,,,,,,,,,
254.7118785000057,unswapping,,,,,,,,,,,,,,,,,,,,,,,,,,,,,,,,,,,,,,,,,,,,,,,32,4,33884,1480,246,62,1,both,0,31,31,13,13,,,,,104,2.0,16,18,0,0.0,,,,,,,,,,,,,,,,,,,,,,,,,,,,,,,
254.9620313749765,unswapping,,,,,,,,,,,,,,,,,,,,,,,,,,,,,,,,,,,,,,,,,,,,,,,32,4,29980,1368,246,62,1,both,1,30,30,6,19,,,,,112,2.0,16,24,0,0.0,,,,,,,,,,,,,,,,,,,,,,,,,,,,,,,
255.06781099998625,unswapping,,,,,,,,,,,,,,,,,,,,,,,,,,,,,,,,,,,,,,,,,,,,,,,32,4,26904,1294,246,62,1,left,0,31,31,8,27,,,,,114,2.0,16,23,0,0.0,,,,,,,,,,,,,,,,,,,,,,,,,,,,,,,
255.17843412497314,unswapping,,,,,,,,,,,,,,,,,,,,,,,,,,,,,,,,,,,,,,,,,,,,,,,32,4,23128,1246,246,62,1,left,1,30,30,8,35,,,,,118,2.0,16,22,0,0.0,,,,,,,,,,,,,,,,,,,,,,,,,,,,,,,
255.26003720797598,unswapping,,,,,,,,,,,,,,,,,,,,,,,,,,,,,,,,,,,,,,,,,,,,,,,32,4,21880,1180,246,62,1,right,0,31,31,7,42,,,,,120,2.0,16,24,0,0.0,,,,,,,,,,,,,,,,,,,,,,,,,,,,,,,
255.35791662498377,unswapping,,,,,,,,,,,,,,,,,,,,,,,,,,,,,,,,,,,,,,,,,,,,,,,32,4,19064,1132,246,62,1,right,1,30,30,5,47,,,,,120,2.0,16,25,0,0.0,,,,,,,,,,,,,,,,,,,,,,,,,,,,,,,
255.51739620801527,unswapping,,,,,,,,,,,,,,,,,,,,,,,,,,,,,,,,,,,,,,,,,,,,,,,32,4,17408,1080,246,62,2,both,0,31,31,15,15,,,,,134,2.0,16,16,0,0.0,,,,,,,,,,,,,,,,,,,,,,,,,,,,,,,
255.72557083301945,unswapping,,,,,,,,,,,,,,,,,,,,,,,,,,,,,,,,,,,,,,,,,,,,,,,32,4,14852,1028,246,62,2,both,1,30,30,10,25,,,,,148,2.0,16,20,0,0.0,,,,,,,,,,,,,,,,,,,,,,,,,,,,,,,
255.80394324997906,unswapping,,,,,,,,,,,,,,,,,,,,,,,,,,,,,,,,,,,,,,,,,,,,,,,24,4,13040,988,246,62,2,left,0,31,31,7,32,,,,,150,2.0,16,24,0,0.0,,,,,,,,,,,,,,,,,,,,,,,,,,,,,,,
255.8850279999897,unswapping,,,,,,,,,,,,,,,,,,,,,,,,,,,,,,,,,,,,,,,,,,,,,,,24,4,12800,976,246,62,2,left,1,30,30,3,35,,,,,154,2.0,16,27,0,0.0,,,,,,,,,,,,,,,,,,,,,,,,,,,,,,,
255.95788408297813,unswapping,,,,,,,,,,,,,,,,,,,,,,,,,,,,,,,,,,,,,,,,,,,,,,,24,4,11024,948,246,62,2,right,0,31,31,6,41,,,,,154,2.0,16,25,0,0.0,,,,,,,,,,,,,,,,,,,,,,,,,,,,,,,
256.0255735410028,unswapping,,,,,,,,,,,,,,,,,,,,,,,,,,,,,,,,,,,,,,,,,,,,,,,24,4,10544,924,246,62,2,right,1,30,30,4,45,,,,,156,2.0,16,26,0,0.0,,,,,,,,,,,,,,,,,,,,,,,,,,,,,,,
256.1594300409779,unswapping,,,,,,,,,,,,,,,,,,,,,,,,,,,,,,,,,,,,,,,,,,,,,,,24,4,10192,900,246,62,3,both,0,31,31,10,10,,,,,168,2.0,16,21,0,0.0,,,,,,,,,,,,,,,,,,,,,,,,,,,,,,,
256.2916480000131,unswapping,,,,,,,,,,,,,,,,,,,,,,,,,,,,,,,,,,,,,,,,,,,,,,,24,4,10404,906,246,62,3,both,1,30,30,6,16,,,,,174,2.0,16,24,0,0.0,,,,,,,,,,,,,,,,,,,,,,,,,,,,,,,
256.364331083023,unswapping,,,,,,,,,,,,,,,,,,,,,,,,,,,,,,,,,,,,,,,,,,,,,,,24,4,10300,898,246,62,3,left,0,31,31,7,23,,,,,176,2.0,16,24,0,0.0,,,,,,,,,,,,,,,,,,,,,,,,,,,,,,,
256.4448493330274,unswapping,,,,,,,,,,,,,,,,,,,,,,,,,,,,,,,,,,,,,,,,,,,,,,,24,4,10892,936,246,62,3,left,1,30,30,12,35,,,,,176,2.0,16,18,0,0.0,,,,,,,,,,,,,,,,,,,,,,,,,,,,,,,
256.51312529097777,unswapping,,,,,,,,,,,,,,,,,,,,,,,,,,,,,,,,,,,,,,,,,,,,,,,24,4,10572,928,246,62,3,right,0,31,31,5,40,,,,,170,2.0,16,26,0,0.0,,,,,,,,,,,,,,,,,,,,,,,,,,,,,,,
256.57899416598957,unswapping,,,,,,,,,,,,,,,,,,,,,,,,,,,,,,,,,,,,,,,,,,,,,,,23,4,8800,864,246,62,3,right,1,30,30,4,44,,,,,170,2.0,16,26,0,0.0,,,,,,,,,,,,,,,,,,,,,,,,,,,,,,,
256.7057229580241,unswapping,,,,,,,,,,,,,,,,,,,,,,,,,,,,,,,,,,,,,,,,,,,,,,,20,4,8092,842,246,62,4,both,0,31,31,6,6,,,,,174,2.0,16,25,0,0.0,,,,,,,,,,,,,,,,,,,,,,,,,,,,,,,
256.8450349160121,unswapping,,,,,,,,,,,,,,,,,,,,,,,,,,,,,,,,,,,,,,,,,,,,,,,20,4,5748,782,246,62,4,both,1,30,30,6,12,,,,,186,2.0,16,24,0,0.0,,,,,,,,,,,,,,,,,,,,,,,,,,,,,,,
256.9100919580087,unswapping,,,,,,,,,,,,,,,,,,,,,,,,,,,,,,,,,,,,,,,,,,,,,,,20,4,5212,748,246,62,4,left,0,31,31,5,17,,,,,182,2.0,16,26,0,0.0,,,,,,,,,,,,,,,,,,,,,,,,,,,,,,,
256.96282399998745,unswapping,,,,,,,,,,,,,,,,,,,,,,,,,,,,,,,,,,,,,,,,,,,,,,,20,4,4828,724,246,62,4,left,1,30,30,1,18,,,,,182,2.0,16,29,0,0.0,,,,,,,,,,,,,,,,,,,,,,,,,,,,,,,
257.0207832499873,unswapping,,,,,,,,,,,,,,,,,,,,,,,,,,,,,,,,,,,,,,,,,,,,,,,10,4,3496,676,246,62,4,right,0,31,31,4,22,,,,,182,2.0,16,27,0,0.0,,,,,,,,,,,,,,,,,,,,,,,,,,,,,,,
257.07480000000214,unswapping,,,,,,,,,,,,,,,,,,,,,,,,,,,,,,,,,,,,,,,,,,,,,,,10,4,3328,664,246,62,4,right,1,30,30,3,25,,,,,182,2.0,16,27,0,0.0,,,,,,,,,,,,,,,,,,,,,,,,,,,,,,,
257.1741619579843,unswapping,,,,,,,,,,,,,,,,,,,,,,,,,,,,,,,,,,,,,,,,,,,,,,,10,4,3328,664,246,62,5,both,0,31,31,1,1,,,,,184,2.0,16,30,0,0.0,,,,,,,,,,,,,,,,,,,,,,,,,,,,,,,
257.2765138329705,unswapping,,,,,,,,,,,,,,,,,,,,,,,,,,,,,,,,,,,,,,,,,,,,,,,10,4,3328,664,246,62,5,both,1,30,30,1,2,,,,,182,2.0,16,29,0,0.0,,,,,,,,,,,,,,,,,,,,,,,,,,,,,,,
257.30748412502,unswapping,,,,,,,,,,,,,,,,,,,,,,,,,,,,,,,,,,,,,,,,,,,,,,,10,4,3328,664,246,62,5,left,0,31,31,0,2,,,,,182,2.0,16,31,0,0.0,,,,,,,,,,,,,,,,,,,,,,,,,,,,,,,
257.3650455410243,unswapping,,,,,,,,,,,,,,,,,,,,,,,,,,,,,,,,,,,,,,,,,,,,,,,10,4,3288,660,246,62,5,left,1,30,30,1,3,,,,,184,2.0,16,29,0,0.0,,,,,,,,,,,,,,,,,,,,,,,,,,,,,,,
257.4194882910233,unswapping,,,,,,,,,,,,,,,,,,,,,,,,,,,,,,,,,,,,,,,,,,,,,,,10,4,3224,656,246,62,5,right,0,31,31,2,5,,,,,186,2.0,16,29,0,0.0,,,,,,,,,,,,,,,,,,,,,,,,,,,,,,,
257.4744158749818,unswapping,,,,,,,,,,,,,,,,,,,,,,,,,,,,,,,,,,,,,,,,,,,,,,,10,4,3152,650,246,62,5,right,1,30,30,1,6,,,,,186,2.0,16,29,0,0.0,,,,,,,,,,,,,,,,,,,,,,,,,,,,,,,
257.5722975829849,unswapping,,,,,,,,,,,,,,,,,,,,,,,,,,,,,,,,,,,,,,,,,,,,,,,10,4,3192,654,246,62,6,both,0,31,31,1,1,,,,,186,2.0,16,30,0,0.0,,,,,,,,,,,,,,,,,,,,,,,,,,,,,,,
257.6303162500262,unswapping,,,,,,,,,,,,,,,,,,,,,,,,,,,,,,,,,,,,,,,,,,,,,,,10,4,3192,654,246,62,6,both,1,30,30,0,1,,,,,186,2.0,16,30,0,0.0,,,,,,,,,,,,,,,,,,,,,,,,,,,,,,,
257.66337770799873,unswapping,,,,,,,,,,,,,,,,,,,,,,,,,,,,,,,,,,,,,,,,,,,,,,,10,4,3192,654,246,62,6,left,0,31,31,0,1,,,,,186,2.0,16,31,0,0.0,,,,,,,,,,,,,,,,,,,,,,,,,,,,,,,
257.7135126659996,unswapping,,,,,,,,,,,,,,,,,,,,,,,,,,,,,,,,,,,,,,,,,,,,,,,10,4,3288,660,246,62,6,left,1,30,30,1,2,,,,,186,2.0,16,29,0,0.0,,,,,,,,,,,,,,,,,,,,,,,,,,,,,,,
257.7658995829988,unswapping,,,,,,,,,,,,,,,,,,,,,,,,,,,,,,,,,,,,,,,,,,,,,,,10,4,3224,656,246,62,6,right,0,31,31,2,4,,,,,186,2.0,16,29,0,0.0,,,,,,,,,,,,,,,,,,,,,,,,,,,,,,,
257.81792412500363,unswapping,,,,,,,,,,,,,,,,,,,,,,,,,,,,,,,,,,,,,,,,,,,,,,,10,4,3152,650,246,62,6,right,1,30,30,1,5,,,,,188,2.0,16,29,0,0.0,,,,,,,,,,,,,,,,,,,,,,,,,,,,,,,
258.6764517080155,unswap_cycle_summary,,,,,,,,,,,,28,28,56,,,,,,,,,,,,,,,,,,,512,0.0006,,,,,,,,,,,,,10,4,3152,650,246,62,,,,,,,,,,,,,,,,,,,,10,11.666016082977876,56,2593,2537,5,False,,,,,,,,,,,,,,,,,,,,,,
260.24594179098494,rewiring,left,post_unswap,1.5479354999843054,1838,False,False,,,,,,,,,,,,,,,,,,,,,,,,,,,,,,,,,,,,,,,,,,,,,,,,,,,,,,,,,,,,,,,,,,10,,,,,,,50,False,5,1,none,0.0,123,1.5479289169888943,3.126542249985505,,,,,,,,,,,,,
261.824226540979,rewiring,right,post_unswap,1.5780630419612862,1666,False,False,,,,,,,,,,,,,,,,,,,,,,,,,,,,,,,,,,,,,,,,,,,,,,,,,,,,,,,,,,,,,,,,,,10,,,,,,,50,False,5,1,none,0.0,123,1.5780576670076698,3.126542249985505,,,,,,,,,,,,,
261.8672644160106,cycle_progress,,,,,,,,,,,,28,28,56,,,,,,,,,,,,,,,,,,,512,0.0006,,4160,0,,,,,,,,,,10,4,3152,650,246,62,,,,,,,,,,,,,,,,,,,,10,,56,2593,2537,5,False,,,,,,,,,3.126542249985505,,,,,,,,,,,,,
261.9548474160256,absorbing,,,,,,,L,1,0,1496,1655,28,28,56,13,0,0,0.028199125023093075,0.027811083011329174,0.05601020803442225,0.06451624998589978,3152,5480,10,16,False,False,False,False,3152,10,False,512,0.0006,,3152,0,total_elems,3152,5480,1,1,,,,0.0,10,4,3152,650,246,62,,,,,,,,,,,,,,,,,,,,,,,,,,,,,,,,,,,,,,,,,,,,,,,,
262.03583041601814,absorbing,,,,,,,L,2,0,1496,1655,29,28,57,13,1,1,0.0301784590119496,0.027184124977793545,0.05736258398974314,0.058053707994986326,4972,5480,16,16,False,False,False,False,4972,16,False,512,0.0006,,3152,0,total_elems,4972,5480,1,1,,,,0.0,16,4,4972,776,246,62,,,,,,,,,,,,,,,,,,,,,,,,,,,,,,,,,,,,,,,,,,,,,,,,
262.1177549579879,absorbing,,,,,,,R,2,1,1496,1655,29,28,57,14,0,1,0.029945457994472235,0.02819574996829033,0.058141207962762564,0.05881454097107053,9220,6556,16,16,False,False,False,False,6556,16,False,512,0.0006,,3152,0,total_elems,9220,6556,1,1,,,,0.0,16,4,6556,852,246,62,,,,,,,,,,,,,,,,,,,,,,,,,,,,,,,,,,,,,,,,,,,,,,,,
262.2056378329871,absorbing,,,,,,,L,3,1,1496,1655,29,28,57,15,0,1,0.030609457986429334,0.03399370796978474,0.06460316595621407,0.06527175003429875,10408,10496,16,16,False,False,False,False,10408,16,False,512,0.0006,,3152,0,total_elems,10408,10496,1,1,,,,0.0,16,4,10408,1036,246,62,,,,,,,,,,,,,,,,,,,,,,,,,,,,,,,,,,,,,,,,,,,,,,,,
262.29847908299416,absorbing,,,,,,,R,3,2,1496,1655,29,29,58,13,1,2,0.03523537499131635,0.033431207993999124,0.06866658298531547,0.06934529199497774,20752,15676,32,16,False,False,False,False,15676,16,False,512,0.0006,,3152,0,total_elems,20752,15676,1,1,,,,0.0,16,4,15676,1192,246,62,,,,,,,,,,,,,,,,,,,,,,,,,,,,,,,,,,,,,,,,,,,,,,,,
262.40457637497457,absorbing,,,,,,,R,3,3,1496,1655,29,29,58,13,0,2,0.04025595902930945,0.04129570897202939,0.08155166800133884,0.08336333301849663,26952,26088,32,36,False,False,False,False,26088,36,False,512,0.0006,,3152,0,total_elems,26952,26088,1,1,,,,0.0,36,4,26088,1438,246,62,,,,,,,,,,,,,,,,,,,,,,,,,,,,,,,,,,,,,,,,,,,,,,,,
262.55485358298756,absorbing,,,,,,,L,4,3,1496,1655,29,29,58,11,0,2,0.05617058399366215,0.06682504102354869,0.12299562501721084,0.12636187497992069,37032,41832,34,64,False,False,False,False,37032,34,False,512,0.0006,,3152,0,total_elems,37032,41832,1,1,,,,0.0,34,4,37032,1616,246,62,,,,,,,,,,,,,,,,,,,,,,,,,,,,,,,,,,,,,,,,,,,,,,,,
262.74930262501584,absorbing,,,,,,,R,4,4,1496,1655,29,30,59,13,1,3,0.07579970796359703,0.09089833300095052,0.16669804096454754,0.17029341700254008,64872,63624,64,64,False,False,False,False,63624,64,False,512,0.0006,,3152,0,total_elems,64872,63624,1,1,,,,0.0,64,4,63624,1994,246,62,,,,,,,,,,,,,,,,,,,,,,,,,,,,,,,,,,,,,,,,,,,,,,,,
263.04807616601465,absorbing,,,,,,,L,5,4,1496,1655,29,30,59,7,0,3,0.124276667018421,0.14868804102297872,0.2729647080413997,0.27368529100203887,100456,136416,64,64,False,False,False,False,100456,64,False,512,0.0006,,3152,0,total_elems,100456,136416,1,1,,,,0.0,64,4,100456,2382,246,62,,,,,,,,,,,,,,,,,,,,,,,,,,,,,,,,,,,,,,,,,,,,,,,,
263.3971635000198,absorbing,,,,,,,L,6,4,1496,1655,29,30,59,6,0,3,0.1403540419996716,0.18509674997767434,0.32545079197734594,0.32609720900654793,144104,260640,128,256,False,False,False,False,144104,128,False,512,0.0006,,3152,0,total_elems,144104,260640,1,1,,,,0.0,128,4,144104,2734,246,62,,,,,,,,,,,,,,,,,,,,,,,,,,,,,,,,,,,,,,,,,,,,,,,,
263.8041440829984,absorbing,,,,,,,L,7,4,1496,1655,29,30,59,6,0,3,0.1311625000089407,0.2493412920157425,0.3805037920246832,0.38321791699854657,161672,363552,128,256,False,False,False,False,161672,128,False,512,0.0006,,3152,0,total_elems,161672,363552,1,1,,,,0.0,128,4,161672,2974,246,62,,,,,,,,,,,,,,,,,,,,,,,,,,,,,,,,,,,,,,,,,,,,,,,,
264.33404587500263,absorbing,,,,,,,L,8,4,1496,1655,29,30,59,5,0,3,0.20281795802293345,0.29988091700943187,0.5026988750323653,0.5057410839945078,255624,408736,128,256,False,False,False,False,255624,128,False,512,0.0006,,3152,0,total_elems,255624,408736,1,1,,,,0.0,128,4,255624,3472,246,62,,,,,,,,,,,,,,,,,,,,,,,,,,,,,,,,,,,,,,,,,,,,,,,,
265.1351992500131,absorbing,,,,,,,L,9,4,1496,1655,29,30,59,5,0,3,0.3493971249554306,0.42414441698929295,0.7735415419447236,0.7745785409933887,454752,576928,256,256,False,False,False,True,454752,256,False,512,0.0006,,3152,0,total_elems,454752,576928,1,1,,,,0.0,256,4,454752,4138,246,62,,,,,,,,,,,,,,,,,,,,,,,,,,,,,,,,,,,,,,,,,,,,,,,,
269.02947133302223,unswapping,,,,,,,,,,,,,,,,,,,,,,,,,,,,,,,,,,,,,,,,,,,,,,,256,4,454752,4138,246,62,0,both,0,31,31,0,0,,,,,0,2.0,16,31,0,0.0,,,,,,,,,,,,,,,,,,,,,,,,,,,,,,,
276.671974457975,unswapping,,,,,,,,,,,,,,,,,,,,,,,,,,,,,,,,,,,,,,,,,,,,,,,256,4,546640,4514,246,62,0,both,1,30,30,1,1,,,,,0,2.0,16,29,0,0.0,,,,,,,,,,,,,,,,,,,,,,,,,,,,,,,
278.13779462501407,unswapping,,,,,,,,,,,,,,,,,,,,,,,,,,,,,,,,,,,,,,,,,,,,,,,128,4,241744,3346,246,62,0,left,0,31,31,7,8,,,,,14,2.0,16,24,0,0.0,,,,,,,,,,,,,,,,,,,,,,,,,,,,,,,
278.899521541025,unswapping,,,,,,,,,,,,,,,,,,,,,,,,,,,,,,,,,,,,,,,,,,,,,,,64,4,140768,2634,246,62,0,left,1,30,30,17,25,,,,,48,2.0,16,13,0,0.0,,,,,,,,,,,,,,,,,,,,,,,,,,,,,,,
279.386949000007,unswapping,,,,,,,,,,,,,,,,,,,,,,,,,,,,,,,,,,,,,,,,,,,,,,,64,4,111800,2306,246,62,0,right,0,31,31,11,36,,,,,54,2.0,16,20,0,0.0,,,,,,,,,,,,,,,,,,,,,,,,,,,,,,,
279.73146362497937,unswapping,,,,,,,,,,,,,,,,,,,,,,,,,,,,,,,,,,,,,,,,,,,,,,,64,4,66328,1950,246,62,0,right,1,30,30,13,49,,,,,62,2.0,16,17,0,0.0,,,,,,,,,,,,,,,,,,,,,,,,,,,,,,,
280.08286962501006,unswapping,,,,,,,,,,,,,,,,,,,,,,,,,,,,,,,,,,,,,,,,,,,,,,,64,4,42476,1584,246,62,1,both,0,31,31,14,14,,,,,90,2.0,16,17,0,0.0,,,,,,,,,,,,,,,,,,,,,,,,,,,,,,,
280.3956057499745,unswapping,,,,,,,,,,,,,,,,,,,,,,,,,,,,,,,,,,,,,,,,,,,,,,,64,4,32636,1452,246,62,1,both,1,30,30,11,25,,,,,104,2.0,16,19,0,0.0,,,,,,,,,,,,,,,,,,,,,,,,,,,,,,,
280.50619379099226,unswapping,,,,,,,,,,,,,,,,,,,,,,,,,,,,,,,,,,,,,,,,,,,,,,,32,4,25420,1328,246,62,1,left,0,31,31,8,33,,,,,108,2.0,16,23,0,0.0,,,,,,,,,,,,,,,,,,,,,,,,,,,,,,,
280.61362287501106,unswapping,,,,,,,,,,,,,,,,,,,,,,,,,,,,,,,,,,,,,,,,,,,,,,,32,4,22604,1250,246,62,1,left,1,30,30,6,39,,,,,114,2.0,16,24,0,0.0,,,,,,,,,,,,,,,,,,,,,,,,,,,,,,,
280.7080012909719,unswapping,,,,,,,,,,,,,,,,,,,,,,,,,,,,,,,,,,,,,,,,,,,,,,,32,4,19820,1154,246,62,1,right,0,31,31,7,46,,,,,112,2.0,16,24,0,0.0,,,,,,,,,,,,,,,,,,,,,,,,,,,,,,,
280.7887074999744,unswapping,,,,,,,,,,,,,,,,,,,,,,,,,,,,,,,,,,,,,,,,,,,,,,,32,4,19564,1144,246,62,1,right,1,30,30,5,51,,,,,114,2.0,16,25,0,0.0,,,,,,,,,,,,,,,,,,,,,,,,,,,,,,,
280.98226912500104,unswapping,,,,,,,,,,,,,,,,,,,,,,,,,,,,,,,,,,,,,,,,,,,,,,,32,4,17116,1102,246,62,2,both,0,31,31,3,3,,,,,116,2.0,16,28,0,0.0,,,,,,,,,,,,,,,,,,,,,,,,,,,,,,,
281.1503084580181,unswapping,,,,,,,,,,,,,,,,,,,,,,,,,,,,,,,,,,,,,,,,,,,,,,,32,4,13724,1006,246,62,2,both,1,30,30,10,13,,,,,122,2.0,16,20,0,0.0,,,,,,,,,,,,,,,,,,,,,,,,,,,,,,,
281.22758204099955,unswapping,,,,,,,,,,,,,,,,,,,,,,,,,,,,,,,,,,,,,,,,,,,,,,,32,4,13532,998,246,62,2,left,0,31,31,4,17,,,,,120,2.0,16,27,0,0.0,,,,,,,,,,,,,,,,,,,,,,,,,,,,,,,
281.29523108300054,unswapping,,,,,,,,,,,,,,,,,,,,,,,,,,,,,,,,,,,,,,,,,,,,,,,32,4,13244,986,246,62,2,left,1,30,30,1,18,,,,,122,2.0,16,29,0,0.0,,,,,,,,,,,,,,,,,,,,,,,,,,,,,,,
281.3735192909953,unswapping,,,,,,,,,,,,,,,,,,,,,,,,,,,,,,,,,,,,,,,,,,,,,,,32,4,12476,962,246,62,2,right,0,31,31,3,21,,,,,128,2.0,16,28,0,0.0,,,,,,,,,,,,,,,,,,,,,,,,,,,,,,,
281.44435904099373,unswapping,,,,,,,,,,,,,,,,,,,,,,,,,,,,,,,,,,,,,,,,,,,,,,,32,4,12740,972,246,62,2,right,1,30,30,6,27,,,,,126,2.0,16,24,0,0.0,,,,,,,,,,,,,,,,,,,,,,,,,,,,,,,
281.5993497080053,unswapping,,,,,,,,,,,,,,,,,,,,,,,,,,,,,,,,,,,,,,,,,,,,,,,32,4,11540,936,246,62,3,both,0,31,31,2,2,,,,,128,2.0,16,29,0,0.0,,,,,,,,,,,,,,,,,,,,,,,,,,,,,,,
281.7325772080221,unswapping,,,,,,,,,,,,,,,,,,,,,,,,,,,,,,,,,,,,,,,,,,,,,,,32,4,11092,908,246,62,3,both,1,30,30,3,5,,,,,130,2.0,16,27,0,0.0,,,,,,,,,,,,,,,,,,,,,,,,,,,,,,,
281.79954416601686,unswapping,,,,,,,,,,,,,,,,,,,,,,,,,,,,,,,,,,,,,,,,,,,,,,,32,4,10996,900,246,62,3,left,0,31,31,1,6,,,,,132,2.0,16,30,0,0.0,,,,,,,,,,,,,,,,,,,,,,,,,,,,,,,
281.869196958025,unswapping,,,,,,,,,,,,,,,,,,,,,,,,,,,,,,,,,,,,,,,,,,,,,,,32,4,10900,892,246,62,3,left,1,30,30,2,8,,,,,134,2.0,16,28,0,0.0,,,,,,,,,,,,,,,,,,,,,,,,,,,,,,,
281.93982974998653,unswapping,,,,,,,,,,,,,,,,,,,,,,,,,,,,,,,,,,,,,,,,,,,,,,,32,4,10676,878,246,62,3,right,0,31,31,4,12,,,,,134,2.0,16,27,0,0.0,,,,,,,,,,,,,,,,,,,,,,,,,,,,,,,
282.0136177910026,unswapping,,,,,,,,,,,,,,,,,,,,,,,,,,,,,,,,,,,,,,,,,,,,,,,32,4,10636,876,246,62,3,right,1,30,30,4,16,,,,,134,2.0,16,26,0,0.0,,,,,,,,,,,,,,,,,,,,,,,,,,,,,,,
282.0954608329921,unswapping,,,,,,,,,,,,,,,,,,,,,,,,,,,,,,,,,,,,,,,,,,,,,,,32,4,10636,876,246,62,4,both,0,31,31,0,0,,,,,134,2.0,16,31,0,0.0,,,,,,,,,,,,,,,,,,,,,,,,,,,,,,,
282.21544654102763,unswapping,,,,,,,,,,,,,,,,,,,,,,,,,,,,,,,,,,,,,,,,,,,,,,,32,4,10588,872,246,62,4,both,1,30,30,1,1,,,,,136,2.0,16,29,0,0.0,,,,,,,,,,,,,,,,,,,,,,,,,,,,,,,
282.25375012500444,unswapping,,,,,,,,,,,,,,,,,,,,,,,,,,,,,,,,,,,,,,,,,,,,,,,32,4,10588,872,246,62,4,left,0,31,31,0,1,,,,,136,2.0,16,31,0,0.0,,,,,,,,,,,,,,,,,,,,,,,,,,,,,,,
282.29218341602245,unswapping,,,,,,,,,,,,,,,,,,,,,,,,,,,,,,,,,,,,,,,,,,,,,,,32,4,10588,872,246,62,4,left,1,30,30,0,1,,,,,136,2.0,16,30,0,0.0,,,,,,,,,,,,,,,,,,,,,,,,,,,,,,,
282.3504601659952,unswapping,,,,,,,,,,,,,,,,,,,,,,,,,,,,,,,,,,,,,,,,,,,,,,,32,4,10540,866,246,62,4,right,0,31,31,1,2,,,,,138,2.0,16,30,0,0.0,,,,,,,,,,,,,,,,,,,,,,,,,,,,,,,
282.4085998330265,unswapping,,,,,,,,,,,,,,,,,,,,,,,,,,,,,,,,,,,,,,,,,,,,,,,32,4,10560,868,246,62,4,right,1,30,30,1,3,,,,,140,2.0,16,29,0,0.0,,,,,,,,,,,,,,,,,,,,,,,,,,,,,,,
282.482264790975,unswapping,,,,,,,,,,,,,,,,,,,,,,,,,,,,,,,,,,,,,,,,,,,,,,,32,4,10560,868,246,62,5,both,0,31,31,0,0,,,,,140,2.0,16,31,0,0.0,,,,,,,,,,,,,,,,,,,,,,,,,,,,,,,
282.5647552500013,unswapping,,,,,,,,,,,,,,,,,,,,,,,,,,,,,,,,,,,,,,,,,,,,,,,32,4,10560,868,246,62,5,both,1,30,30,0,0,,,,,140,2.0,16,30,0,0.0,,,,,,,,,,,,,,,,,,,,,,,,,,,,,,,
282.6076497079921,unswapping,,,,,,,,,,,,,,,,,,,,,,,,,,,,,,,,,,,,,,,,,,,,,,,32,4,10560,868,246,62,5,left,0,31,31,0,0,,,,,140,2.0,16,31,0,0.0,,,,,,,,,,,,,,,,,,,,,,,,,,,,,,,
282.6532378750271,unswapping,,,,,,,,,,,,,,,,,,,,,,,,,,,,,,,,,,,,,,,,,,,,,,,32,4,10560,868,246,62,5,left,1,30,30,0,0,,,,,140,2.0,16,30,0,0.0,,,,,,,,,,,,,,,,,,,,,,,,,,,,,,,
282.6955003750045,unswapping,,,,,,,,,,,,,,,,,,,,,,,,,,,,,,,,,,,,,,,,,,,,,,,32,4,10560,868,246,62,5,right,0,31,31,0,0,,,,,140,2.0,16,31,0,0.0,,,,,,,,,,,,,,,,,,,,,,,,,,,,,,,
282.73635179101257,unswapping,,,,,,,,,,,,,,,,,,,,,,,,,,,,,,,,,,,,,,,,,,,,,,,32,4,10560,868,246,62,5,right,1,30,30,0,0,,,,,140,2.0,16,30,0,0.0,,,,,,,,,,,,,,,,,,,,,,,,,,,,,,,
283.5740511249751,unswap_cycle_summary,,,,,,,,,,,,29,30,59,,,,,,,,,,,,,,,,,,,512,0.0006,,,,,,,,,,,,,32,4,10560,868,246,62,,,,,,,,,,,,,,,,,,,,11,16.407553417026065,59,2593,2534,3,False,,,,,,,,,,,,,,,,,,,,,,
285.2756496249931,rewiring,left,post_unswap,1.6769975000061095,1489,False,False,,,,,,,,,,,,,,,,,,,,,,,,,,,,,,,,,,,,,,,,,,,,,,,,,,,,,,,,,,,,,,,,,,11,,,,,,,50,False,3,1,none,0.0,123,1.6769914160249755,3.1411394589813426,,,,,,,,,,,,,
286.7394913749886,rewiring,right,post_unswap,1.4636522500077263,1653,False,False,,,,,,,,,,,,,,,,,,,,,,,,,,,,,,,,,,,,,,,,,,,,,,,,,,,,,,,,,,,,,,,,,,11,,,,,,,50,False,3,1,none,0.0,123,1.463648666976951,3.1411394589813426,,,,,,,,,,,,,
286.78561512497254,cycle_progress,,,,,,,,,,,,29,30,59,,,,,,,,,,,,,,,,,,,512,0.0006,,3152,0,,,,,,,,,,32,4,10560,868,246,62,,,,,,,,,,,,,,,,,,,,11,,59,2593,2534,3,False,,,,,,,,,3.1411394589813426,,,,,,,,,,,,,
286.87952266598586,absorbing,,,,,,,L,1,0,1555,1561,29,30,59,12,0,0,0.03008700005011633,0.03319029201520607,0.0632772920653224,0.06995658401865512,10560,13544,32,32,False,False,False,False,10560,32,False,512,0.0006,,10560,0,total_elems,10560,13544,1,1,,,,0.0,32,4,10560,868,246,62,,,,,,,,,,,,,,,,,,,,,,,,,,,,,,,,,,,,,,,,,,,,,,,,
286.9744837079779,absorbing,,,,,,,R,1,1,1555,1561,29,30,59,12,0,0,0.036536791012622416,0.03269837499829009,0.06923516601091251,0.0699277080129832,14348,13544,32,32,False,False,False,False,13544,32,False,512,0.0006,,10560,0,total_elems,14348,13544,1,1,,,,0.0,32,4,13544,1022,246,62,,,,,,,,,,,,,,,,,,,,,,,,,,,,,,,,,,,,,,,,,,,,,,,,
287.0744396660011,absorbing,,,,,,,L,2,1,1555,1561,29,30,59,10,0,0,0.03589504200499505,0.039100791967939585,0.07499583397293463,0.07585516694234684,17484,24416,32,32,False,False,False,False,17484,32,False,512,0.0006,,10560,0,total_elems,17484,24416,1,1,,,,0.0,32,4,17484,1102,246,62,,,,,,,,,,,,,,,,,,,,,,,,,,,,,,,,,,,,,,,,,,,,,,,,
287.180382999999,absorbing,,,,,,,L,3,1,1555,1561,29,30,59,6,0,0,0.037021541967988014,0.04342683398863301,0.08044837595662102,0.08113658399088308,21292,32800,32,64,False,False,False,False,21292,32,False,512,0.0006,,10560,0,total_elems,21292,32800,1,1,,,,0.0,32,4,21292,1244,246,62,,,,,,,,,,,,,,,,,,,,,,,,,,,,,,,,,,,,,,,,,,,,,,,,
287.2883768749889,absorbing,,,,,,,L,4,1,1555,1561,30,30,60,4,1,1,0.03721908398438245,0.04448320798110217,0.08170229196548462,0.08246220799628645,26316,37744,32,64,False,False,False,False,26316,32,False,512,0.0006,,10560,0,total_elems,26316,37744,1,1,,,,0.0,32,4,26316,1360,246,62,,,,,,,,,,,,,,,,,,,,,,,,,,,,,,,,,,,,,,,,,,,,,,,,
287.41400004102616,absorbing,,,,,,,L,5,1,1555,1561,30,30,60,6,0,1,0.042142749996855855,0.05615358398063108,0.09829633397748694,0.09896949998801574,29900,45456,32,64,False,False,False,False,29900,32,False,512,0.0006,,10560,0,total_elems,29900,45456,1,1,,,,0.0,32,4,29900,1456,246,62,,,,,,,,,,,,,,,,,,,,,,,,,,,,,,,,,,,,,,,,,,,,,,,,
287.5382066660095,absorbing,,,,,,,L,6,1,1555,1561,30,30,60,6,0,1,0.04326158296316862,0.05288441700395197,0.09614599996712059,0.09780679101822898,38732,51728,32,64,False,False,False,False,38732,32,False,512,0.0006,,10560,0,total_elems,38732,51728,1,1,,,,0.0,32,4,38732,1632,246,62,,,,,,,,,,,,,,,,,,,,,,,,,,,,,,,,,,,,,,,,,,,,,,,,
287.7022124999785,absorbing,,,,,,,L,7,1,1555,1561,30,30,60,5,0,1,0.0547266670037061,0.08196662494447082,0.13669329194817692,0.13744395796675235,58700,67472,64,64,False,False,False,False,58700,64,False,512,0.0006,,10560,0,total_elems,58700,67472,1,1,,,,0.0,64,4,58700,1896,246,62,,,,,,,,,,,,,,,,,,,,,,,,,,,,,,,,,,,,,,,,,,,,,,,,
287.91680437501054,absorbing,,,,,,,L,8,1,1555,1561,30,30,60,5,0,1,0.09819325001444668,0.08889883302617818,0.18709208304062486,0.18787820800207555,89480,102032,128,64,False,False,False,False,89480,128,False,512,0.0006,,10560,0,total_elems,89480,102032,1,1,,,,0.0,128,4,89480,2174,246,62,,,,,,,,,,,,,,,,,,,,,,,,,,,,,,,,,,,,,,,,,,,,,,,,
288.2060595829971,absorbing,,,,,,,R,8,2,1555,1561,30,30,60,15,0,1,0.12665724998805672,0.13554324995493516,0.2622004999429919,0.2638599160127342,172520,131984,128,128,False,False,False,False,131984,128,False,512,0.0006,,10560,0,total_elems,172520,131984,1,1,,,,0.0,128,4,131984,2586,246,62,,,,,,,,,,,,,,,,,,,,,,,,,,,,,,,,,,,,,,,,,,,,,,,,
288.56523491599364,absorbing,,,,,,,L,9,2,1555,1561,30,30,60,6,0,1,0.12829583301208913,0.2011129169841297,0.32940874999621883,0.33125966700026765,222704,265872,128,256,False,False,False,False,222704,128,False,512,0.0006,,10560,0,total_elems,222704,265872,1,1,,,,0.0,128,4,222704,2976,246,62,,,,,,,,,,,,,,,,,,,,,,,,,,,,,,,,,,,,,,,,,,,,,,,,
289.14957816601964,absorbing,,,,,,,R,9,3,1555,1561,30,30,60,13,0,1,0.26321204198757187,0.29305883299093693,0.5562708749785088,0.558765041991137,428720,325872,256,256,False,False,False,False,325872,256,False,512,0.0006,,10560,0,total_elems,428720,325872,1,1,,,,0.0,256,4,325872,3680,246,62,,,,,,,,,,,,,,,,,,,,,,,,,,,,,,,,,,,,,,,,,,,,,,,,
295.6518563749851,unswapping,,,,,,,,,,,,,,,,,,,,,,,,,,,,,,,,,,,,,,,,,,,,,,,256,4,439664,3912,246,62,0,both,0,31,31,2,2,,,,,0,2.0,16,29,0,0.0,,,,,,,,,,,,,,,,,,,,,,,,,,,,,,,
297.43364345800364,unswapping,,,,,,,,,,,,,,,,,,,,,,,,,,,,,,,,,,,,,,,,,,,,,,,128,4,156592,2816,246,62,0,both,1,30,30,9,11,,,,,0,2.0,16,21,0,0.0,,,,,,,,,,,,,,,,,,,,,,,,,,,,,,,
297.8246216250118,unswapping,,,,,,,,,,,,,,,,,,,,,,,,,,,,,,,,,,,,,,,,,,,,,,,64,4,101616,2324,246,62,0,left,0,31,31,18,29,,,,,36,2.0,16,13,0,0.0,,,,,,,,,,,,,,,,,,,,,,,,,,,,,,,
298.04316570801893,unswapping,,,,,,,,,,,,,,,,,,,,,,,,,,,,,,,,,,,,,,,,,,,,,,,64,4,75072,2044,246,62,0,left,1,30,30,11,40,,,,,58,2.0,16,19,0,0.0,,,,,,,,,,,,,,,,,,,,,,,,,,,,,,,
298.2341348750051,unswapping,,,,,,,,,,,,,,,,,,,,,,,,,,,,,,,,,,,,,,,,,,,,,,,32,4,45096,1648,246,62,0,right,0,31,31,17,57,,,,,56,2.0,16,14,0,0.0,,,,,,,,,,,,,,,,,,,,,,,,,,,,,,,
298.35660216602264,unswapping,,,,,,,,,,,,,,,,,,,,,,,,,,,,,,,,,,,,,,,,,,,,,,,32,4,36536,1508,246,62,0,right,1,30,30,6,63,,,,,66,2.0,16,24,0,0.0,,,,,,,,,,,,,,,,,,,,,,,,,,,,,,,
298.54822204099037,unswapping,,,,,,,,,,,,,,,,,,,,,,,,,,,,,,,,,,,,,,,,,,,,,,,32,4,24312,1296,246,62,1,both,0,31,31,10,10,,,,,76,2.0,16,21,0,0.0,,,,,,,,,,,,,,,,,,,,,,,,,,,,,,,
298.7187647080282,unswapping,,,,,,,,,,,,,,,,,,,,,,,,,,,,,,,,,,,,,,,,,,,,,,,32,4,20296,1150,246,62,1,both,1,30,30,11,21,,,,,108,2.0,16,19,0,0.0,,,,,,,,,,,,,,,,,,,,,,,,,,,,,,,
298.8013996250229,unswapping,,,,,,,,,,,,,,,,,,,,,,,,,,,,,,,,,,,,,,,,,,,,,,,32,4,17280,1058,246,62,1,left,0,31,31,8,29,,,,,116,2.0,16,23,0,0.0,,,,,,,,,,,,,,,,,,,,,,,,,,,,,,,
298.8867291660281,unswapping,,,,,,,,,,,,,,,,,,,,,,,,,,,,,,,,,,,,,,,,,,,,,,,32,4,14528,990,246,62,1,left,1,30,30,10,39,,,,,118,2.0,16,20,0,0.0,,,,,,,,,,,,,,,,,,,,,,,,,,,,,,,
298.97042029100703,unswapping,,,,,,,,,,,,,,,,,,,,,,,,,,,,,,,,,,,,,,,,,,,,,,,32,4,8088,876,246,62,1,right,0,31,31,8,47,,,,,122,2.0,16,23,0,0.0,,,,,,,,,,,,,,,,,,,,,,,,,,,,,,,
299.0311075000209,unswapping,,,,,,,,,,,,,,,,,,,,,,,,,,,,,,,,,,,,,,,,,,,,,,,14,4,5288,776,246,62,1,right,1,30,30,6,53,,,,,126,2.0,16,24,0,0.0,,,,,,,,,,,,,,,,,,,,,,,,,,,,,,,
299.13959341601003,unswapping,,,,,,,,,,,,,,,,,,,,,,,,,,,,,,,,,,,,,,,,,,,,,,,14,4,5288,776,246,62,2,both,0,31,31,3,3,,,,,134,2.0,16,28,0,0.0,,,,,,,,,,,,,,,,,,,,,,,,,,,,,,,
299.257294540992,unswapping,,,,,,,,,,,,,,,,,,,,,,,,,,,,,,,,,,,,,,,,,,,,,,,14,4,5492,786,246,62,2,both,1,30,30,4,7,,,,,134,2.0,16,26,0,0.0,,,,,,,,,,,,,,,,,,,,,,,,,,,,,,,
299.32000158302253,unswapping,,,,,,,,,,,,,,,,,,,,,,,,,,,,,,,,,,,,,,,,,,,,,,,14,4,5360,780,246,62,2,left,0,31,31,4,11,,,,,132,2.0,16,27,0,0.0,,,,,,,,,,,,,,,,,,,,,,,,,,,,,,,
299.37354687502375,unswapping,,,,,,,,,,,,,,,,,,,,,,,,,,,,,,,,,,,,,,,,,,,,,,,14,4,5392,784,246,62,2,left,1,30,30,1,12,,,,,130,2.0,16,29,0,0.0,,,,,,,,,,,,,,,,,,,,,,,,,,,,,,,
299.43197520799004,unswapping,,,,,,,,,,,,,,,,,,,,,,,,,,,,,,,,,,,,,,,,,,,,,,,14,4,5288,776,246,62,2,right,0,31,31,3,15,,,,,130,2.0,16,28,0,0.0,,,,,,,,,,,,,,,,,,,,,,,,,,,,,,,
299.48196925001685,unswapping,,,,,,,,,,,,,,,,,,,,,,,,,,,,,,,,,,,,,,,,,,,,,,,14,4,5256,772,246,62,2,right,1,30,30,1,16,,,,,132,2.0,16,29,0,0.0,,,,,,,,,,,,,,,,,,,,,,,,,,,,,,,
299.59461158298654,unswapping,,,,,,,,,,,,,,,,,,,,,,,,,,,,,,,,,,,,,,,,,,,,,,,14,4,5052,762,246,62,3,both,0,31,31,3,3,,,,,132,2.0,16,28,0,0.0,,,,,,,,,,,,,,,,,,,,,,,,,,,,,,,
299.6555382499937,unswapping,,,,,,,,,,,,,,,,,,,,,,,,,,,,,,,,,,,,,,,,,,,,,,,14,4,5052,762,246,62,3,both,1,30,30,0,3,,,,,132,2.0,16,30,0,0.0,,,,,,,,,,,,,,,,,,,,,,,,,,,,,,,
299.72050562500954,unswapping,,,,,,,,,,,,,,,,,,,,,,,,,,,,,,,,,,,,,,,,,,,,,,,14,4,5088,768,246,62,3,left,0,31,31,2,5,,,,,130,2.0,16,29,0,0.0,,,,,,,,,,,,,,,,,,,,,,,,,,,,,,,
299.772580208024,unswapping,,,,,,,,,,,,,,,,,,,,,,,,,,,,,,,,,,,,,,,,,,,,,,,14,4,4944,756,246,62,3,left,1,30,30,1,6,,,,,132,2.0,16,29,0,0.0,,,,,,,,,,,,,,,,,,,,,,,,,,,,,,,
299.8359199159895,unswapping,,,,,,,,,,,,,,,,,,,,,,,,,,,,,,,,,,,,,,,,,,,,,,,14,4,4920,752,246,62,3,right,0,31,31,1,7,,,,,132,2.0,16,30,0,0.0,,,,,,,,,,,,,,,,,,,,,,,,,,,,,,,
299.866429332993,unswapping,,,,,,,,,,,,,,,,,,,,,,,,,,,,,,,,,,,,,,,,,,,,,,,14,4,4920,752,246,62,3,right,1,30,30,0,7,,,,,132,2.0,16,30,0,0.0,,,,,,,,,,,,,,,,,,,,,,,,,,,,,,,
299.9712753330241,unswapping,,,,,,,,,,,,,,,,,,,,,,,,,,,,,,,,,,,,,,,,,,,,,,,14,4,4908,750,246,62,4,both,0,31,31,2,2,,,,,134,2.0,16,29,0,0.0,,,,,,,,,,,,,,,,,,,,,,,,,,,,,,,
300.0354082909762,unswapping,,,,,,,,,,,,,,,,,,,,,,,,,,,,,,,,,,,,,,,,,,,,,,,14,4,4908,750,246,62,4,both,1,30,30,0,2,,,,,134,2.0,16,30,0,0.0,,,,,,,,,,,,,,,,,,,,,,,,,,,,,,,
300.0887402910157,unswapping,,,,,,,,,,,,,,,,,,,,,,,,,,,,,,,,,,,,,,,,,,,,,,,14,4,4944,756,246,62,4,left,0,31,31,2,4,,,,,134,2.0,16,29,0,0.0,,,,,,,,,,,,,,,,,,,,,,,,,,,,,,,
300.14054362499155,unswapping,,,,,,,,,,,,,,,,,,,,,,,,,,,,,,,,,,,,,,,,,,,,,,,14,4,4944,756,246,62,4,left,1,30,30,2,6,,,,,138,2.0,16,28,0,0.0,,,,,,,,,,,,,,,,,,,,,,,,,,,,,,,
300.18960129097104,unswapping,,,,,,,,,,,,,,,,,,,,,,,,,,,,,,,,,,,,,,,,,,,,,,,14,4,4920,752,246,62,4,right,0,31,31,1,7,,,,,138,2.0,16,30,0,0.0,,,,,,,,,,,,,,,,,,,,,,,,,,,,,,,
300.2194155000034,unswapping,,,,,,,,,,,,,,,,,,,,,,,,,,,,,,,,,,,,,,,,,,,,,,,14,4,4920,752,246,62,4,right,1,30,30,0,7,,,,,138,2.0,16,30,0,0.0,,,,,,,,,,,,,,,,,,,,,,,,,,,,,,,
300.91290329099866,unswap_cycle_summary,,,,,,,,,,,,30,30,60,,,,,,,,,,,,,,,,,,,512,0.0006,,,,,,,,,,,,,14,4,4920,752,246,62,,,,,,,,,,,,,,,,,,,,12,10.08026408299338,60,2593,2533,1,False,,,,,,,,,,,,,,,,,,,,,,
302.77331262500957,rewiring,left,post_unswap,1.8358867909992114,1548,False,False,,,,,,,,,,,,,,,,,,,,,,,,,,,,,,,,,,,,,,,,,,,,,,,,,,,,,,,,,,,,,,,,,,12,,,,,,,50,False,1,1,none,0.0,123,1.835881166975014,2.9263847920228727,,,,,,,,,,,,,
303.8635270000086,rewiring,right,post_unswap,1.0900150000234134,1560,False,False,,,,,,,,,,,,,,,,,,,,,,,,,,,,,,,,,,,,,,,,,,,,,,,,,,,,,,,,,,,,,,,,,,12,,,,,,,50,False,1,1,none,0.0,123,1.0900102499872446,2.9263847920228727,,,,,,,,,,,,,
303.9091223329888,cycle_progress,,,,,,,,,,,,30,30,60,,,,,,,,,,,,,,,,,,,512,0.0006,,10560,0,,,,,,,,,,14,4,4920,752,246,62,,,,,,,,,,,,,,,,,,,,12,,60,2593,2533,1,False,,,,,,,,,2.9263847920228727,,,,,,,,,,,,,
303.9993206249783,absorbing,,,,,,,L,1,0,1688,1543,30,30,60,13,0,0,0.028505208028946072,0.02860616601537913,0.0571113740443252,0.06474233401240781,4920,9144,14,32,False,False,False,False,4920,14,False,512,0.0006,,4920,0,total_elems,4920,9144,1,1,,,,0.0,14,4,4920,752,246,62,,,,,,,,,,,,,,,,,,,,,,,,,,,,,,,,,,,,,,,,,,,,,,,,
304.08770475001074,absorbing,,,,,,,L,2,0,1688,1543,30,30,60,14,0,0,0.03048779198434204,0.03058229200541973,0.06107008398976177,0.061813624983187765,6832,9144,16,32,False,False,False,False,6832,16,False,512,0.0006,,4920,0,total_elems,6832,9144,1,1,,,,0.0,16,4,6832,880,246,62,,,,,,,,,,,,,,,,,,,,,,,,,,,,,,,,,,,,,,,,,,,,,,,,
304.1761853750213,absorbing,,,,,,,R,2,1,1688,1543,30,30,60,13,0,0,0.03136825002729893,0.02844637504313141,0.05981462507043034,0.060517541016452014,11176,11080,16,32,False,False,False,False,11080,32,False,512,0.0006,,4920,0,total_elems,11176,11080,1,1,,,,0.0,32,4,11080,1042,246,62,,,,,,,,,,,,,,,,,,,,,,,,,,,,,,,,,,,,,,,,,,,,,,,,
304.271840374975,absorbing,,,,,,,L,3,1,1688,1543,30,30,60,11,0,0,0.03171104099601507,0.036760249990038574,0.06847129098605365,0.0691639159922488,14256,18424,32,32,False,False,False,False,14256,32,False,512,0.0006,,4920,0,total_elems,14256,18424,1,1,,,,0.0,32,4,14256,1152,246,62,,,,,,,,,,,,,,,,,,,,,,,,,,,,,,,,,,,,,,,,,,,,,,,,
304.37061137502315,absorbing,,,,,,,R,3,2,1688,1543,30,30,60,13,0,0,0.0359457089798525,0.03601579199312255,0.07196150097297505,0.07259254204109311,22608,22160,32,32,False,False,False,False,22160,32,False,512,0.0006,,4920,0,total_elems,22608,22160,1,1,,,,0.0,32,4,22160,1386,246,62,,,,,,,,,,,,,,,,,,,,,,,,,,,,,,,,,,,,,,,,,,,,,,,,
304.4823387910146,absorbing,,,,,,,L,4,2,1688,1543,30,30,60,11,0,0,0.04124949994729832,0.04367379198083654,0.08492329192813486,0.08552070800215006,35216,45888,32,32,False,False,False,False,35216,32,False,512,0.0006,,4920,0,total_elems,35216,45888,1,1,,,,0.0,32,4,35216,1640,246,62,,,,,,,,,,,,,,,,,,,,,,,,,,,,,,,,,,,,,,,,,,,,,,,,
304.63447408302454,absorbing,,,,,,,L,5,2,1688,1543,31,30,61,9,1,1,0.06058845797087997,0.06344608397921547,0.12403454195009544,0.12474150001071393,55008,62880,32,64,False,False,False,False,55008,32,False,512,0.0006,,4920,0,total_elems,55008,62880,1,1,,,,0.0,32,4,55008,1934,246,62,,,,,,,,,,,,,,,,,,,,,,,,,,,,,,,,,,,,,,,,,,,,,,,,
304.83980420802254,absorbing,,,,,,,R,5,3,1688,1543,31,30,61,13,0,1,0.0861590420245193,0.0889098749612458,0.1750689169857651,0.1767506250180304,97824,87584,128,64,False,False,False,False,87584,64,False,512,0.0006,,4920,0,total_elems,97824,87584,1,1,,,,0.0,64,4,87584,2350,246,62,,,,,,,,,,,,,,,,,,,,,,,,,,,,,,,,,,,,,,,,,,,,,,,,
305.1597888750257,absorbing,,,,,,,L,6,3,1688,1543,32,30,62,8,1,2,0.1390078749973327,0.15032454201718792,0.2893324170145206,0.29195208300370723,166976,189440,128,128,False,False,False,False,166976,128,False,512,0.0006,,4920,0,total_elems,166976,189440,1,1,,,,0.0,128,4,166976,2912,246,62,,,,,,,,,,,,,,,,,,,,,,,,,,,,,,,,,,,,,,,,,,,,,,,,
305.60846237500664,absorbing,,,,,,,L,7,3,1688,1543,32,30,62,8,0,2,0.19481149996863678,0.2250812500133179,0.4198927499819547,0.42215437500271946,286016,345664,128,128,False,False,False,False,286016,128,False,512,0.0006,,4920,0,total_elems,286016,345664,1,1,,,,0.0,128,4,286016,3376,246,62,,,,,,,,,,,,,,,,,,,,,,,,,,,,,,,,,,,,,,,,,,,,,,,,
306.36058604100253,absorbing,,,,,,,L,8,3,1688,1543,34,30,64,6,2,4,0.29259216698119417,0.4302915839944035,0.7228837509755976,0.7242423330317251,479564,763936,253,512,False,True,False,True,479564,253,False,512,0.0006,,4920,0,total_elems,479564,763936,1,1,,,,0.0,253,4,479564,4216,246,62,,,,,,,,,,,,,,,,,,,,,,,,,,,,,,,,,,,,,,,,,,,,,,,,
311.9444343330106,unswapping,,,,,,,,,,,,,,,,,,,,,,,,,,,,,,,,,,,,,,,,,,,,,,,128,4,274624,3882,246,62,0,both,0,31,31,2,2,,,,,0,2.0,16,29,0,0.0,,,,,,,,,,,,,,,,,,,,,,,,,,,,,,,
313.5341714579845,unswapping,,,,,,,,,,,,,,,,,,,,,,,,,,,,,,,,,,,,,,,,,,,,,,,64,4,169176,3176,246,62,0,both,1,30,30,19,21,,,,,0,2.0,16,11,0,0.0,,,,,,,,,,,,,,,,,,,,,,,,,,,,,,,
313.8806668330217,unswapping,,,,,,,,,,,,,,,,,,,,,,,,,,,,,,,,,,,,,,,,,,,,,,,64,4,116656,2678,246,62,0,left,0,31,31,13,34,,,,,26,2.0,16,18,0,0.0,,,,,,,,,,,,,,,,,,,,,,,,,,,,,,,
314.1649188749725,unswapping,,,,,,,,,,,,,,,,,,,,,,,,,,,,,,,,,,,,,,,,,,,,,,,62,4,83672,2302,246,62,0,left,1,30,30,15,49,,,,,56,2.0,16,15,0,0.0,,,,,,,,,,,,,,,,,,,,,,,,,,,,,,,
314.3669084159774,unswapping,,,,,,,,,,,,,,,,,,,,,,,,,,,,,,,,,,,,,,,,,,,,,,,60,4,64704,1912,246,62,0,right,0,31,31,13,62,,,,,66,2.0,16,18,0,0.0,,,,,,,,,,,,,,,,,,,,,,,,,,,,,,,
314.55136133299675,unswapping,,,,,,,,,,,,,,,,,,,,,,,,,,,,,,,,,,,,,,,,,,,,,,,58,4,48560,1684,246,62,0,right,1,30,30,12,74,,,,,86,2.0,16,18,0,0.0,,,,,,,,,,,,,,,,,,,,,,,,,,,,,,,
314.86078462499427,unswapping,,,,,,,,,,,,,,,,,,,,,,,,,,,,,,,,,,,,,,,,,,,,,,,32,4,35152,1472,246,62,1,both,0,31,31,14,14,,,,,112,2.0,16,17,0,0.0,,,,,,,,,,,,,,,,,,,,,,,,,,,,,,,
315.0925369579927,unswapping,,,,,,,,,,,,,,,,,,,,,,,,,,,,,,,,,,,,,,,,,,,,,,,32,4,29216,1382,246,62,1,both,1,30,30,6,20,,,,,122,2.0,16,24,0,0.0,,,,,,,,,,,,,,,,,,,,,,,,,,,,,,,
315.2081345830229,unswapping,,,,,,,,,,,,,,,,,,,,,,,,,,,,,,,,,,,,,,,,,,,,,,,32,4,16992,1196,246,62,1,left,0,31,31,8,28,,,,,122,2.0,16,23,0,0.0,,,,,,,,,,,,,,,,,,,,,,,,,,,,,,,
315.28853008302394,unswapping,,,,,,,,,,,,,,,,,,,,,,,,,,,,,,,,,,,,,,,,,,,,,,,32,4,14096,1102,246,62,1,left,1,30,30,4,32,,,,,126,2.0,16,26,0,0.0,,,,,,,,,,,,,,,,,,,,,,,,,,,,,,,
315.3303103329963,unswapping,,,,,,,,,,,,,,,,,,,,,,,,,,,,,,,,,,,,,,,,,,,,,,,32,4,14096,1102,246,62,1,right,0,31,31,0,32,,,,,126,2.0,16,31,0,0.0,,,,,,,,,,,,,,,,,,,,,,,,,,,,,,,
315.4074168750085,unswapping,,,,,,,,,,,,,,,,,,,,,,,,,,,,,,,,,,,,,,,,,,,,,,,32,4,13712,1090,246,62,1,right,1,30,30,3,35,,,,,126,2.0,16,27,0,0.0,,,,,,,,,,,,,,,,,,,,,,,,,,,,,,,
315.5661452910281,unswapping,,,,,,,,,,,,,,,,,,,,,,,,,,,,,,,,,,,,,,,,,,,,,,,32,4,13652,1084,246,62,2,both,0,31,31,5,5,,,,,130,2.0,16,26,0,0.0,,,,,,,,,,,,,,,,,,,,,,,,,,,,,,,
315.7064499579719,unswapping,,,,,,,,,,,,,,,,,,,,,,,,,,,,,,,,,,,,,,,,,,,,,,,32,4,13140,1068,246,62,2,both,1,30,30,5,10,,,,,136,2.0,16,25,0,0.0,,,,,,,,,,,,,,,,,,,,,,,,,,,,,,,
315.78689991601277,unswapping,,,,,,,,,,,,,,,,,,,,,,,,,,,,,,,,,,,,,,,,,,,,,,,32,4,12604,1046,246,62,2,left,0,31,31,4,14,,,,,142,2.0,16,27,0,0.0,,,,,,,,,,,,,,,,,,,,,,,,,,,,,,,
315.86717604100704,unswapping,,,,,,,,,,,,,,,,,,,,,,,,,,,,,,,,,,,,,,,,,,,,,,,32,4,12044,1026,246,62,2,left,1,30,30,4,18,,,,,146,2.0,16,26,0,0.0,,,,,,,,,,,,,,,,,,,,,,,,,,,,,,,
315.9403375000111,unswapping,,,,,,,,,,,,,,,,,,,,,,,,,,,,,,,,,,,,,,,,,,,,,,,32,4,11916,1022,246,62,2,right,0,31,31,1,19,,,,,146,2.0,16,30,0,0.0,,,,,,,,,,,,,,,,,,,,,,,,,,,,,,,
315.9752521250048,unswapping,,,,,,,,,,,,,,,,,,,,,,,,,,,,,,,,,,,,,,,,,,,,,,,32,4,11916,1022,246,62,2,right,1,30,30,0,19,,,,,146,2.0,16,30,0,0.0,,,,,,,,,,,,,,,,,,,,,,,,,,,,,,,
316.11956949997693,unswapping,,,,,,,,,,,,,,,,,,,,,,,,,,,,,,,,,,,,,,,,,,,,,,,32,4,11676,1010,246,62,3,both,0,31,31,1,1,,,,,146,2.0,16,30,0,0.0,,,,,,,,,,,,,,,,,,,,,,,,,,,,,,,
316.2503316249931,unswapping,,,,,,,,,,,,,,,,,,,,,,,,,,,,,,,,,,,,,,,,,,,,,,,32,4,10828,990,246,62,3,both,1,30,30,2,3,,,,,148,2.0,16,28,0,0.0,,,,,,,,,,,,,,,,,,,,,,,,,,,,,,,
316.32349458301906,unswapping,,,,,,,,,,,,,,,,,,,,,,,,,,,,,,,,,,,,,,,,,,,,,,,32,4,10668,982,246,62,3,left,0,31,31,2,5,,,,,148,2.0,16,29,0,0.0,,,,,,,,,,,,,,,,,,,,,,,,,,,,,,,
316.40088187501533,unswapping,,,,,,,,,,,,,,,,,,,,,,,,,,,,,,,,,,,,,,,,,,,,,,,32,4,10412,966,246,62,3,left,1,30,30,3,8,,,,,148,2.0,16,27,0,0.0,,,,,,,,,,,,,,,,,,,,,,,,,,,,,,,
316.4396250830032,unswapping,,,,,,,,,,,,,,,,,,,,,,,,,,,,,,,,,,,,,,,,,,,,,,,32,4,10412,966,246,62,3,right,0,31,31,0,8,,,,,148,2.0,16,31,0,0.0,,,,,,,,,,,,,,,,,,,,,,,,,,,,,,,
316.47473679098766,unswapping,,,,,,,,,,,,,,,,,,,,,,,,,,,,,,,,,,,,,,,,,,,,,,,32,4,10412,966,246,62,3,right,1,30,30,0,8,,,,,148,2.0,16,30,0,0.0,,,,,,,,,,,,,,,,,,,,,,,,,,,,,,,
316.61575595801696,unswapping,,,,,,,,,,,,,,,,,,,,,,,,,,,,,,,,,,,,,,,,,,,,,,,32,4,9692,954,246,62,4,both,0,31,31,2,2,,,,,150,2.0,16,29,0,0.0,,,,,,,,,,,,,,,,,,,,,,,,,,,,,,,
316.7433423749753,unswapping,,,,,,,,,,,,,,,,,,,,,,,,,,,,,,,,,,,,,,,,,,,,,,,32,4,9084,938,246,62,4,both,1,30,30,4,6,,,,,156,2.0,16,26,0,0.0,,,,,,,,,,,,,,,,,,,,,,,,,,,,,,,
316.8148701249738,unswapping,,,,,,,,,,,,,,,,,,,,,,,,,,,,,,,,,,,,,,,,,,,,,,,32,4,9180,932,246,62,4,left,0,31,31,3,9,,,,,160,2.0,16,28,0,0.0,,,,,,,,,,,,,,,,,,,,,,,,,,,,,,,
316.87420816597296,unswapping,,,,,,,,,,,,,,,,,,,,,,,,,,,,,,,,,,,,,,,,,,,,,,,32,4,9340,940,246,62,4,left,1,30,30,2,11,,,,,158,2.0,16,28,0,0.0,,,,,,,,,,,,,,,,,,,,,,,,,,,,,,,
316.9276100000134,unswapping,,,,,,,,,,,,,,,,,,,,,,,,,,,,,,,,,,,,,,,,,,,,,,,32,4,9196,934,246,62,4,right,0,31,31,1,12,,,,,160,2.0,16,30,0,0.0,,,,,,,,,,,,,,,,,,,,,,,,,,,,,,,
316.98160029097926,unswapping,,,,,,,,,,,,,,,,,,,,,,,,,,,,,,,,,,,,,,,,,,,,,,,32,4,8876,918,246,62,4,right,1,30,30,2,14,,,,,162,2.0,16,28,0,0.0,,,,,,,,,,,,,,,,,,,,,,,,,,,,,,,
317.0964417909854,unswapping,,,,,,,,,,,,,,,,,,,,,,,,,,,,,,,,,,,,,,,,,,,,,,,32,4,8684,910,246,62,5,both,0,31,31,2,2,,,,,162,2.0,16,29,0,0.0,,,,,,,,,,,,,,,,,,,,,,,,,,,,,,,
317.1639233750175,unswapping,,,,,,,,,,,,,,,,,,,,,,,,,,,,,,,,,,,,,,,,,,,,,,,32,4,8684,910,246,62,5,both,1,30,30,0,2,,,,,162,2.0,16,30,0,0.0,,,,,,,,,,,,,,,,,,,,,,,,,,,,,,,
317.20304491597926,unswapping,,,,,,,,,,,,,,,,,,,,,,,,,,,,,,,,,,,,,,,,,,,,,,,32,4,8684,910,246,62,5,left,0,31,31,0,2,,,,,162,2.0,16,31,0,0.0,,,,,,,,,,,,,,,,,,,,,,,,,,,,,,,
317.25747087498894,unswapping,,,,,,,,,,,,,,,,,,,,,,,,,,,,,,,,,,,,,,,,,,,,,,,32,4,8684,910,246,62,5,left,1,30,30,1,3,,,,,162,2.0,16,29,0,0.0,,,,,,,,,,,,,,,,,,,,,,,,,,,,,,,
317.32119004102424,unswapping,,,,,,,,,,,,,,,,,,,,,,,,,,,,,,,,,,,,,,,,,,,,,,,32,4,8684,910,246,62,5,right,0,31,31,1,4,,,,,164,2.0,16,30,0,0.0,,,,,,,,,,,,,,,,,,,,,,,,,,,,,,,
317.38419983297354,unswapping,,,,,,,,,,,,,,,,,,,,,,,,,,,,,,,,,,,,,,,,,,,,,,,14,4,7148,862,246,62,5,right,1,30,30,1,5,,,,,166,2.0,16,29,0,0.0,,,,,,,,,,,,,,,,,,,,,,,,,,,,,,,
317.45129954098957,unswapping,,,,,,,,,,,,,,,,,,,,,,,,,,,,,,,,,,,,,,,,,,,,,,,14,4,7148,862,246,62,6,both,0,31,31,0,0,,,,,166,2.0,16,31,0,0.0,,,,,,,,,,,,,,,,,,,,,,,,,,,,,,,
317.5154469999834,unswapping,,,,,,,,,,,,,,,,,,,,,,,,,,,,,,,,,,,,,,,,,,,,,,,14,4,7148,862,246,62,6,both,1,30,30,0,0,,,,,166,2.0,16,30,0,0.0,,,,,,,,,,,,,,,,,,,,,,,,,,,,,,,
317.5708227499854,unswapping,,,,,,,,,,,,,,,,,,,,,,,,,,,,,,,,,,,,,,,,,,,,,,,14,4,7052,858,246,62,6,left,0,31,31,1,1,,,,,166,2.0,16,30,0,0.0,,,,,,,,,,,,,,,,,,,,,,,,,,,,,,,
317.6381655409932,unswapping,,,,,,,,,,,,,,,,,,,,,,,,,,,,,,,,,,,,,,,,,,,,,,,16,4,8068,920,246,62,6,left,1,30,30,7,8,,,,,168,2.0,16,23,0,0.0,,,,,,,,,,,,,,,,,,,,,,,,,,,,,,,
317.6901939579984,unswapping,,,,,,,,,,,,,,,,,,,,,,,,,,,,,,,,,,,,,,,,,,,,,,,16,4,8068,920,246,62,6,right,0,31,31,1,9,,,,,168,2.0,16,30,0,0.0,,,,,,,,,,,,,,,,,,,,,,,,,,,,,,,
317.74141016602516,unswapping,,,,,,,,,,,,,,,,,,,,,,,,,,,,,,,,,,,,,,,,,,,,,,,14,4,7428,888,246,62,6,right,1,30,30,2,11,,,,,170,2.0,16,28,0,0.0,,,,,,,,,,,,,,,,,,,,,,,,,,,,,,,
317.8528983750148,unswapping,,,,,,,,,,,,,,,,,,,,,,,,,,,,,,,,,,,,,,,,,,,,,,,14,4,7372,886,246,62,7,both,0,31,31,1,1,,,,,170,2.0,16,30,0,0.0,,,,,,,,,,,,,,,,,,,,,,,,,,,,,,,
317.9661678330158,unswapping,,,,,,,,,,,,,,,,,,,,,,,,,,,,,,,,,,,,,,,,,,,,,,,14,4,7212,878,246,62,7,both,1,30,30,3,4,,,,,170,2.0,16,27,0,0.0,,,,,,,,,,,,,,,,,,,,,,,,,,,,,,,
318.02166933298577,unswapping,,,,,,,,,,,,,,,,,,,,,,,,,,,,,,,,,,,,,,,,,,,,,,,14,4,7188,876,246,62,7,left,0,31,31,1,5,,,,,172,2.0,16,30,0,0.0,,,,,,,,,,,,,,,,,,,,,,,,,,,,,,,
318.08472599997185,unswapping,,,,,,,,,,,,,,,,,,,,,,,,,,,,,,,,,,,,,,,,,,,,,,,14,4,6692,844,246,62,7,left,1,30,30,4,9,,,,,170,2.0,16,26,0,0.0,,,,,,,,,,,,,,,,,,,,,,,,,,,,,,,
318.1439987500198,unswapping,,,,,,,,,,,,,,,,,,,,,,,,,,,,,,,,,,,,,,,,,,,,,,,14,4,6632,838,246,62,7,right,0,31,31,2,11,,,,,172,2.0,16,29,0,0.0,,,,,,,,,,,,,,,,,,,,,,,,,,,,,,,
318.1734813330113,unswapping,,,,,,,,,,,,,,,,,,,,,,,,,,,,,,,,,,,,,,,,,,,,,,,14,4,6632,838,246,62,7,right,1,30,30,0,11,,,,,172,2.0,16,30,0,0.0,,,,,,,,,,,,,,,,,,,,,,,,,,,,,,,
318.2423957500141,unswapping,,,,,,,,,,,,,,,,,,,,,,,,,,,,,,,,,,,,,,,,,,,,,,,14,4,6632,838,246,62,8,both,0,31,31,0,0,,,,,172,2.0,16,31,0,0.0,,,,,,,,,,,,,,,,,,,,,,,,,,,,,,,
318.3579649999738,unswapping,,,,,,,,,,,,,,,,,,,,,,,,,,,,,,,,,,,,,,,,,,,,,,,14,4,7224,870,246,62,8,both,1,30,30,7,7,,,,,170,2.0,16,23,0,0.0,,,,,,,,,,,,,,,,,,,,,,,,,,,,,,,
318.391572499997,unswapping,,,,,,,,,,,,,,,,,,,,,,,,,,,,,,,,,,,,,,,,,,,,,,,14,4,7224,870,246,62,8,left,0,31,31,0,7,,,,,170,2.0,16,31,0,0.0,,,,,,,,,,,,,,,,,,,,,,,,,,,,,,,
318.4550561250071,unswapping,,,,,,,,,,,,,,,,,,,,,,,,,,,,,,,,,,,,,,,,,,,,,,,14,4,7384,878,246,62,8,left,1,30,30,4,11,,,,,164,2.0,16,26,0,0.0,,,,,,,,,,,,,,,,,,,,,,,,,,,,,,,
318.4874289999716,unswapping,,,,,,,,,,,,,,,,,,,,,,,,,,,,,,,,,,,,,,,,,,,,,,,14,4,7384,878,246,62,8,right,0,31,31,0,11,,,,,164,2.0,16,31,0,0.0,,,,,,,,,,,,,,,,,,,,,,,,,,,,,,,
318.5547854580218,unswapping,,,,,,,,,,,,,,,,,,,,,,,,,,,,,,,,,,,,,,,,,,,,,,,14,4,6520,846,246,62,8,right,1,30,30,8,19,,,,,168,2.0,16,22,0,0.0,,,,,,,,,,,,,,,,,,,,,,,,,,,,,,,
318.6557330000214,unswapping,,,,,,,,,,,,,,,,,,,,,,,,,,,,,,,,,,,,,,,,,,,,,,,14,4,6280,834,246,62,9,both,0,31,31,1,1,,,,,170,2.0,16,30,0,0.0,,,,,,,,,,,,,,,,,,,,,,,,,,,,,,,
318.7192697909777,unswapping,,,,,,,,,,,,,,,,,,,,,,,,,,,,,,,,,,,,,,,,,,,,,,,14,4,6280,834,246,62,9,both,1,30,30,0,1,,,,,170,2.0,16,30,0,0.0,,,,,,,,,,,,,,,,,,,,,,,,,,,,,,,
318.75385879102396,unswapping,,,,,,,,,,,,,,,,,,,,,,,,,,,,,,,,,,,,,,,,,,,,,,,14,4,6280,834,246,62,9,left,0,31,31,0,1,,,,,170,2.0,16,31,0,0.0,,,,,,,,,,,,,,,,,,,,,,,,,,,,,,,
318.816013832984,unswapping,,,,,,,,,,,,,,,,,,,,,,,,,,,,,,,,,,,,,,,,,,,,,,,14,4,5928,818,246,62,9,left,1,30,30,3,4,,,,,174,2.0,16,27,0,0.0,,,,,,,,,,,,,,,,,,,,,,,,,,,,,,,
318.84693562501343,unswapping,,,,,,,,,,,,,,,,,,,,,,,,,,,,,,,,,,,,,,,,,,,,,,,14,4,5928,818,246,62,9,right,0,31,31,0,4,,,,,174,2.0,16,31,0,0.0,,,,,,,,,,,,,,,,,,,,,,,,,,,,,,,
318.89763324998785,unswapping,,,,,,,,,,,,,,,,,,,,,,,,,,,,,,,,,,,,,,,,,,,,,,,14,4,5800,810,246,62,9,right,1,30,30,1,5,,,,,172,2.0,16,29,0,0.0,,,,,,,,,,,,,,,,,,,,,,,,,,,,,,,
318.9990116659901,unswapping,,,,,,,,,,,,,,,,,,,,,,,,,,,,,,,,,,,,,,,,,,,,,,,14,4,5480,790,246,62,10,both,0,31,31,1,1,,,,,174,2.0,16,30,0,0.0,,,,,,,,,,,,,,,,,,,,,,,,,,,,,,,
319.1070809580269,unswapping,,,,,,,,,,,,,,,,,,,,,,,,,,,,,,,,,,,,,,,,,,,,,,,14,4,5480,790,246,62,10,both,1,30,30,2,3,,,,,176,2.0,16,28,0,0.0,,,,,,,,,,,,,,,,,,,,,,,,,,,,,,,
319.14065125002526,unswapping,,,,,,,,,,,,,,,,,,,,,,,,,,,,,,,,,,,,,,,,,,,,,,,14,4,5480,790,246,62,10,left,0,31,31,0,3,,,,,176,2.0,16,31,0,0.0,,,,,,,,,,,,,,,,,,,,,,,,,,,,,,,
319.173736458004,unswapping,,,,,,,,,,,,,,,,,,,,,,,,,,,,,,,,,,,,,,,,,,,,,,,14,4,5480,790,246,62,10,left,1,30,30,0,3,,,,,176,2.0,16,30,0,0.0,,,,,,,,,,,,,,,,,,,,,,,,,,,,,,,
319.2035867079976,unswapping,,,,,,,,,,,,,,,,,,,,,,,,,,,,,,,,,,,,,,,,,,,,,,,14,4,5480,790,246,62,10,right,0,31,31,0,3,,,,,176,2.0,16,31,0,0.0,,,,,,,,,,,,,,,,,,,,,,,,,,,,,,,
319.2529239580035,unswapping,,,,,,,,,,,,,,,,,,,,,,,,,,,,,,,,,,,,,,,,,,,,,,,14,4,5384,784,246,62,10,right,1,30,30,1,4,,,,,176,2.0,16,29,0,0.0,,,,,,,,,,,,,,,,,,,,,,,,,,,,,,,
319.31765991600696,unswapping,,,,,,,,,,,,,,,,,,,,,,,,,,,,,,,,,,,,,,,,,,,,,,,14,4,5384,784,246,62,11,both,0,31,31,0,0,,,,,176,2.0,16,31,0,0.0,,,,,,,,,,,,,,,,,,,,,,,,,,,,,,,
319.3776813329896,unswapping,,,,,,,,,,,,,,,,,,,,,,,,,,,,,,,,,,,,,,,,,,,,,,,14,4,5384,784,246,62,11,both,1,30,30,0,0,,,,,176,2.0,16,30,0,0.0,,,,,,,,,,,,,,,,,,,,,,,,,,,,,,,
319.4097694159718,unswapping,,,,,,,,,,,,,,,,,,,,,,,,,,,,,,,,,,,,,,,,,,,,,,,14,4,5384,784,246,62,11,left,0,31,31,0,0,,,,,176,2.0,16,31,0,0.0,,,,,,,,,,,,,,,,,,,,,,,,,,,,,,,
319.44061795802554,unswapping,,,,,,,,,,,,,,,,,,,,,,,,,,,,,,,,,,,,,,,,,,,,,,,14,4,5384,784,246,62,11,left,1,30,30,0,0,,,,,176,2.0,16,30,0,0.0,,,,,,,,,,,,,,,,,,,,,,,,,,,,,,,
319.4698966249707,unswapping,,,,,,,,,,,,,,,,,,,,,,,,,,,,,,,,,,,,,,,,,,,,,,,14,4,5384,784,246,62,11,right,0,31,31,0,0,,,,,176,2.0,16,31,0,0.0,,,,,,,,,,,,,,,,,,,,,,,,,,,,,,,
319.4981644580257,unswapping,,,,,,,,,,,,,,,,,,,,,,,,,,,,,,,,,,,,,,,,,,,,,,,14,4,5384,784,246,62,11,right,1,30,30,0,0,,,,,176,2.0,16,30,0,0.0,,,,,,,,,,,,,,,,,,,,,,,,,,,,,,,
321.3968587500276,unswap_cycle_summary,,,,,,,,,,,,34,30,64,,,,,,,,,,,,,,,,,,,512,0.0006,,,,,,,,,,,,,14,4,5384,784,246,62,,,,,,,,,,,,,,,,,,,,13,11.914455750025809,64,2593,2529,4,False,,,,,,,,,,,,,,,,,,,,,,
323.55688404099783,rewiring,left,post_unswap,2.1316360000055283,1682,False,False,,,,,,,,,,,,,,,,,,,,,,,,,,,,,,,,,,,,,,,,,,,,,,,,,,,,,,,,,,,,,,,,,,13,,,,,,,50,False,4,1,none,0.0,123,2.1316303749918006,3.3221239159465767,,,,,,,,,,,,,
324.74707045801915,rewiring,right,post_unswap,1.189943042001687,1542,False,False,,,,,,,,,,,,,,,,,,,,,,,,,,,,,,,,,,,,,,,,,,,,,,,,,,,,,,,,,,,,,,,,,,13,,,,,,,50,False,4,1,none,0.0,123,1.1899387079756707,3.3221239159465767,,,,,,,,,,,,,
324.8041182910092,cycle_progress,,,,,,,,,,,,34,30,64,,,,,,,,,,,,,,,,,,,512,0.0006,,4920,0,,,,,,,,,,14,4,5384,784,246,62,,,,,,,,,,,,,,,,,,,,13,,64,2593,2529,4,False,,,,,,,,,3.3221239159465767,,,,,,,,,,,,,
324.9088176250225,absorbing,,,,,,,L,1,0,1706,1705,34,30,64,12,0,0,0.03131870896322653,0.034298415994271636,0.06561712495749816,0.07350487500661984,5384,8652,14,16,False,False,False,False,5384,14,False,512,0.0006,,5384,0,total_elems,5384,8652,1,1,,,,0.0,14,4,5384,784,246,62,,,,,,,,,,,,,,,,,,,,,,,,,,,,,,,,,,,,,,,,,,,,,,,,
325.80230604100507,absorbing,,,,,,,R,1,1,1706,1705,34,30,64,13,0,0,0.030011666007339954,0.8301900000078604,0.8602016660152003,0.8611802080413327,9140,8652,32,16,False,False,False,False,8652,16,False,512,0.0006,,5384,0,total_elems,9140,8652,1,1,,,,0.0,16,4,8652,948,246,62,,,,,,,,,,,,,,,,,,,,,,,,,,,,,,,,,,,,,,,,,,,,,,,,
325.9085853329743,absorbing,,,,,,,L,2,1,1706,1705,34,30,64,10,0,0,0.036564874986652285,0.036124334030319005,0.07268920901697129,0.07364550000056624,12744,15660,32,29,False,False,False,False,12744,32,False,512,0.0006,,5384,0,total_elems,12744,15660,1,1,,,,0.0,32,4,12744,1094,246,62,,,,,,,,,,,,,,,,,,,,,,,,,,,,,,,,,,,,,,,,,,,,,,,,
326.0141684159753,absorbing,,,,,,,L,3,1,1706,1705,34,30,64,8,0,0,0.03758929198374972,0.0358125829952769,0.07340187497902662,0.07416279200697318,20820,21544,32,32,False,False,False,False,20820,32,False,512,0.0006,,5384,0,total_elems,20820,21544,1,1,,,,0.0,32,4,20820,1284,246,62,,,,,,,,,,,,,,,,,,,,,,,,,,,,,,,,,,,,,,,,,,,,,,,,
326.14592437498504,absorbing,,,,,,,L,4,1,1706,1705,34,30,64,7,0,0,0.0512657500221394,0.04758783301804215,0.09885358304018155,0.09969866700703278,23488,29752,32,32,False,False,False,False,23488,32,False,512,0.0006,,5384,0,total_elems,23488,29752,1,1,,,,0.0,32,4,23488,1352,246,62,,,,,,,,,,,,,,,,,,,,,,,,,,,,,,,,,,,,,,,,,,,,,,,,
326.2913191249827,absorbing,,,,,,,L,5,1,1706,1705,34,30,64,5,0,0,0.050279665971174836,0.06315962498774752,0.11343929095892236,0.11429591599153355,31360,39040,48,64,False,False,False,False,31360,48,False,512,0.0006,,5384,0,total_elems,31360,39040,1,1,,,,0.0,48,4,31360,1494,246,62,,,,,,,,,,,,,,,,,,,,,,,,,,,,,,,,,,,,,,,,,,,,,,,,
326.45156162499916,absorbing,,,,,,,R,5,2,1706,1705,34,30,64,13,0,0,0.056957709020935,0.06728895899141207,0.12424666801234707,0.12628312496235594,48732,48416,88,64,False,False,False,False,48416,64,False,512,0.0006,,5384,0,total_elems,48732,48416,1,1,,,,0.0,64,4,48416,1796,246,62,,,,,,,,,,,,,,,,,,,,,,,,,,,,,,,,,,,,,,,,,,,,,,,,
326.6558625830221,absorbing,,,,,,,L,6,2,1706,1705,35,30,65,5,1,1,0.07492358301533386,0.09542100003454834,0.1703445830498822,0.17108537495369092,68448,108648,88,94,False,False,False,False,68448,88,False,512,0.0006,,5384,0,total_elems,68448,108648,1,1,,,,0.0,88,4,68448,2030,246,62,,,,,,,,,,,,,,,,,,,,,,,,,,,,,,,,,,,,,,,,,,,,,,,,
326.89095504098805,absorbing,,,,,,,L,7,2,1706,1705,35,30,65,6,0,1,0.08878908399492502,0.11389808304375038,0.2026871670386754,0.20415800000773743,94816,149912,82,94,False,False,False,False,94816,82,False,512,0.0006,,5384,0,total_elems,94816,149912,1,1,,,,0.0,82,4,94816,2158,246,62,,,,,,,,,,,,,,,,,,,,,,,,,,,,,,,,,,,,,,,,,,,,,,,,
327.18434391601477,absorbing,,,,,,,L,8,2,1706,1705,35,30,65,7,0,1,0.10318283300148323,0.16036845900816843,0.26355129200965166,0.26432849996490404,140896,244400,128,253,False,False,False,False,140896,128,False,512,0.0006,,5384,0,total_elems,140896,244400,1,1,,,,0.0,128,4,140896,2436,246,62,,,,,,,,,,,,,,,,,,,,,,,,,,,,,,,,,,,,,,,,,,,,,,,,
327.61386949999724,absorbing,,,,,,,R,8,3,1706,1705,35,31,66,14,1,2,0.2138447500183247,0.1830259999842383,0.396870750002563,0.39975645899539813,315552,292876,253,253,False,False,False,False,292876,253,False,512,0.0006,,5384,0,total_elems,315552,292876,1,1,,,,0.0,253,4,292876,3172,246,62,,,,,,,,,,,,,,,,,,,,,,,,,,,,,,,,,,,,,,,,,,,,,,,,
331.59654925001087,unswapping,,,,,,,,,,,,,,,,,,,,,,,,,,,,,,,,,,,,,,,,,,,,,,,253,4,292876,3172,246,62,0,both,0,31,31,0,0,,,,,0,2.0,16,31,0,0.0,,,,,,,,,,,,,,,,,,,,,,,,,,,,,,,
333.8206380829797,unswapping,,,,,,,,,,,,,,,,,,,,,,,,,,,,,,,,,,,,,,,,,,,,,,,253,4,292876,3172,246,62,0,both,1,30,30,0,0,,,,,0,2.0,16,30,0,0.0,,,,,,,,,,,,,,,,,,,,,,,,,,,,,,,
335.6446289580199,unswapping,,,,,,,,,,,,,,,,,,,,,,,,,,,,,,,,,,,,,,,,,,,,,,,253,4,292876,3172,246,62,0,left,0,31,31,0,0,,,,,0,2.0,16,31,0,0.0,,,,,,,,,,,,,,,,,,,,,,,,,,,,,,,
336.8651188330259,unswapping,,,,,,,,,,,,,,,,,,,,,,,,,,,,,,,,,,,,,,,,,,,,,,,253,4,292876,3172,246,62,0,left,1,30,30,0,0,,,,,0,2.0,16,30,0,0.0,,,,,,,,,,,,,,,,,,,,,,,,,,,,,,,
337.78997995797545,unswapping,,,,,,,,,,,,,,,,,,,,,,,,,,,,,,,,,,,,,,,,,,,,,,,253,4,292876,3172,246,62,0,right,0,31,31,0,0,,,,,0,2.0,16,31,0,0.0,,,,,,,,,,,,,,,,,,,,,,,,,,,,,,,
338.59493466600543,unswapping,,,,,,,,,,,,,,,,,,,,,,,,,,,,,,,,,,,,,,,,,,,,,,,92,4,147248,2618,246,62,0,right,1,30,30,3,3,,,,,6,2.0,16,27,0,0.0,,,,,,,,,,,,,,,,,,,,,,,,,,,,,,,
339.59136441600276,unswapping,,,,,,,,,,,,,,,,,,,,,,,,,,,,,,,,,,,,,,,,,,,,,,,92,4,147248,2618,246,62,1,both,0,31,31,0,0,,,,,6,2.0,16,31,0,0.0,,,,,,,,,,,,,,,,,,,,,,,,,,,,,,,
341.281470832997,unswapping,,,,,,,,,,,,,,,,,,,,,,,,,,,,,,,,,,,,,,,,,,,,,,,92,4,147248,2618,246,62,1,both,1,30,30,0,0,,,,,6,2.0,16,30,0,0.0,,,,,,,,,,,,,,,,,,,,,,,,,,,,,,,
341.89075329102343,unswapping,,,,,,,,,,,,,,,,,,,,,,,,,,,,,,,,,,,,,,,,,,,,,,,92,4,147248,2618,246,62,1,left,0,31,31,0,0,,,,,6,2.0,16,31,0,0.0,,,,,,,,,,,,,,,,,,,,,,,,,,,,,,,
342.8594132500002,unswapping,,,,,,,,,,,,,,,,,,,,,,,,,,,,,,,,,,,,,,,,,,,,,,,92,4,147248,2618,246,62,1,left,1,30,30,0,0,,,,,6,2.0,16,30,0,0.0,,,,,,,,,,,,,,,,,,,,,,,,,,,,,,,
343.2721238330123,unswapping,,,,,,,,,,,,,,,,,,,,,,,,,,,,,,,,,,,,,,,,,,,,,,,88,4,125728,2424,246,62,1,right,0,31,31,13,13,,,,,32,2.0,16,18,0,0.0,,,,,,,,,,,,,,,,,,,,,,,,,,,,,,,
343.6289367499994,unswapping,,,,,,,,,,,,,,,,,,,,,,,,,,,,,,,,,,,,,,,,,,,,,,,84,4,110272,2140,246,62,1,right,1,30,30,13,26,,,,,58,2.0,16,17,0,0.0,,,,,,,,,,,,,,,,,,,,,,,,,,,,,,,
344.4433935409761,unswapping,,,,,,,,,,,,,,,,,,,,,,,,,,,,,,,,,,,,,,,,,,,,,,,84,4,110272,2140,246,62,2,both,0,31,31,0,0,,,,,58,2.0,16,31,0,0.0,,,,,,,,,,,,,,,,,,,,,,,,,,,,,,,
345.7796093330253,unswapping,,,,,,,,,,,,,,,,,,,,,,,,,,,,,,,,,,,,,,,,,,,,,,,84,4,110272,2140,246,62,2,both,1,30,30,0,0,,,,,58,2.0,16,30,0,0.0,,,,,,,,,,,,,,,,,,,,,,,,,,,,,,,
346.2646830829908,unswapping,,,,,,,,,,,,,,,,,,,,,,,,,,,,,,,,,,,,,,,,,,,,,,,84,4,110272,2140,246,62,2,left,0,31,31,0,0,,,,,58,2.0,16,31,0,0.0,,,,,,,,,,,,,,,,,,,,,,,,,,,,,,,
347.0100300000049,unswapping,,,,,,,,,,,,,,,,,,,,,,,,,,,,,,,,,,,,,,,,,,,,,,,84,4,110272,2140,246,62,2,left,1,30,30,0,0,,,,,58,2.0,16,30,0,0.0,,,,,,,,,,,,,,,,,,,,,,,,,,,,,,,
347.29579699999886,unswapping,,,,,,,,,,,,,,,,,,,,,,,,,,,,,,,,,,,,,,,,,,,,,,,79,4,100604,2042,246,62,2,right,0,31,31,6,6,,,,,62,2.0,16,25,0,0.0,,,,,,,,,,,,,,,,,,,,,,,,,,,,,,,
347.5721104160184,unswapping,,,,,,,,,,,,,,,,,,,,,,,,,,,,,,,,,,,,,,,,,,,,,,,70,4,92368,1954,246,62,2,right,1,30,30,8,14,,,,,62,2.0,16,22,0,0.0,,,,,,,,,,,,,,,,,,,,,,,,,,,,,,,
348.5649711249862,unswapping,,,,,,,,,,,,,,,,,,,,,,,,,,,,,,,,,,,,,,,,,,,,,,,64,4,88272,2086,246,62,3,both,0,31,31,1,1,,,,,66,2.0,16,30,0,0.0,,,,,,,,,,,,,,,,,,,,,,,,,,,,,,,
349.1338272910216,unswapping,,,,,,,,,,,,,,,,,,,,,,,,,,,,,,,,,,,,,,,,,,,,,,,64,4,63440,1850,246,62,3,both,1,30,30,10,11,,,,,74,2.0,16,20,0,0.0,,,,,,,,,,,,,,,,,,,,,,,,,,,,,,,
349.3195180409821,unswapping,,,,,,,,,,,,,,,,,,,,,,,,,,,,,,,,,,,,,,,,,,,,,,,64,4,37192,1476,246,62,3,left,0,31,31,14,25,,,,,82,2.0,16,17,0,0.0,,,,,,,,,,,,,,,,,,,,,,,,,,,,,,,
349.4397445410141,unswapping,,,,,,,,,,,,,,,,,,,,,,,,,,,,,,,,,,,,,,,,,,,,,,,36,4,29992,1372,246,62,3,left,1,30,30,8,33,,,,,78,2.0,16,22,0,0.0,,,,,,,,,,,,,,,,,,,,,,,,,,,,,,,
349.5448012910201,unswapping,,,,,,,,,,,,,,,,,,,,,,,,,,,,,,,,,,,,,,,,,,,,,,,32,4,28780,1342,246,62,3,right,0,31,31,3,36,,,,,82,2.0,16,28,0,0.0,,,,,,,,,,,,,,,,,,,,,,,,,,,,,,,
349.649490041018,unswapping,,,,,,,,,,,,,,,,,,,,,,,,,,,,,,,,,,,,,,,,,,,,,,,32,4,23972,1282,246,62,3,right,1,30,30,6,42,,,,,86,2.0,16,24,0,0.0,,,,,,,,,,,,,,,,,,,,,,,,,,,,,,,
349.8075049999752,unswapping,,,,,,,,,,,,,,,,,,,,,,,,,,,,,,,,,,,,,,,,,,,,,,,32,4,22708,1238,246,62,4,both,0,31,31,4,4,,,,,94,2.0,16,27,0,0.0,,,,,,,,,,,,,,,,,,,,,,,,,,,,,,,
349.97527212498244,unswapping,,,,,,,,,,,,,,,,,,,,,,,,,,,,,,,,,,,,,,,,,,,,,,,32,4,22564,1222,246,62,4,both,1,30,30,2,6,,,,,98,2.0,16,28,0,0.0,,,,,,,,,,,,,,,,,,,,,,,,,,,,,,,
350.06209720799234,unswapping,,,,,,,,,,,,,,,,,,,,,,,,,,,,,,,,,,,,,,,,,,,,,,,32,4,21124,1186,246,62,4,left,0,31,31,2,8,,,,,98,2.0,16,29,0,0.0,,,,,,,,,,,,,,,,,,,,,,,,,,,,,,,
350.1369744159747,unswapping,,,,,,,,,,,,,,,,,,,,,,,,,,,,,,,,,,,,,,,,,,,,,,,32,4,21100,1182,246,62,4,left,1,30,30,1,9,,,,,100,2.0,16,29,0,0.0,,,,,,,,,,,,,,,,,,,,,,,,,,,,,,,
350.2241273749969,unswapping,,,,,,,,,,,,,,,,,,,,,,,,,,,,,,,,,,,,,,,,,,,,,,,32,4,19772,1150,246,62,4,right,0,31,31,3,12,,,,,98,2.0,16,28,0,0.0,,,,,,,,,,,,,,,,,,,,,,,,,,,,,,,
350.31095241598086,unswapping,,,,,,,,,,,,,,,,,,,,,,,,,,,,,,,,,,,,,,,,,,,,,,,32,4,19260,1134,246,62,4,right,1,30,30,1,13,,,,,98,2.0,16,29,0,0.0,,,,,,,,,,,,,,,,,,,,,,,,,,,,,,,
350.4538406250067,unswapping,,,,,,,,,,,,,,,,,,,,,,,,,,,,,,,,,,,,,,,,,,,,,,,32,4,19004,1126,246,62,5,both,0,31,31,1,1,,,,,98,2.0,16,30,0,0.0,,,,,,,,,,,,,,,,,,,,,,,,,,,,,,,
350.60595116601326,unswapping,,,,,,,,,,,,,,,,,,,,,,,,,,,,,,,,,,,,,,,,,,,,,,,32,4,18044,1102,246,62,5,both,1,30,30,2,3,,,,,104,2.0,16,28,0,0.0,,,,,,,,,,,,,,,,,,,,,,,,,,,,,,,
350.6748392910231,unswapping,,,,,,,,,,,,,,,,,,,,,,,,,,,,,,,,,,,,,,,,,,,,,,,32,4,17404,1086,246,62,5,left,0,31,31,1,4,,,,,106,2.0,16,30,0,0.0,,,,,,,,,,,,,,,,,,,,,,,,,,,,,,,
350.72014441597275,unswapping,,,,,,,,,,,,,,,,,,,,,,,,,,,,,,,,,,,,,,,,,,,,,,,32,4,17404,1086,246,62,5,left,1,30,30,0,4,,,,,106,2.0,16,30,0,0.0,,,,,,,,,,,,,,,,,,,,,,,,,,,,,,,
350.76226666598814,unswapping,,,,,,,,,,,,,,,,,,,,,,,,,,,,,,,,,,,,,,,,,,,,,,,32,4,17404,1086,246,62,5,right,0,31,31,0,4,,,,,106,2.0,16,31,0,0.0,,,,,,,,,,,,,,,,,,,,,,,,,,,,,,,
350.8066793329781,unswapping,,,,,,,,,,,,,,,,,,,,,,,,,,,,,,,,,,,,,,,,,,,,,,,32,4,17404,1086,246,62,5,right,1,30,30,0,4,,,,,106,2.0,16,30,0,0.0,,,,,,,,,,,,,,,,,,,,,,,,,,,,,,,
350.94530708302045,unswapping,,,,,,,,,,,,,,,,,,,,,,,,,,,,,,,,,,,,,,,,,,,,,,,32,4,17212,1078,246,62,6,both,0,31,31,1,1,,,,,108,2.0,16,30,0,0.0,,,,,,,,,,,,,,,,,,,,,,,,,,,,,,,
351.0937183329952,unswapping,,,,,,,,,,,,,,,,,,,,,,,,,,,,,,,,,,,,,,,,,,,,,,,32,4,17068,1066,246,62,6,both,1,30,30,2,3,,,,,110,2.0,16,28,0,0.0,,,,,,,,,,,,,,,,,,,,,,,,,,,,,,,
351.13721808302216,unswapping,,,,,,,,,,,,,,,,,,,,,,,,,,,,,,,,,,,,,,,,,,,,,,,32,4,17068,1066,246,62,6,left,0,31,31,0,3,,,,,110,2.0,16,31,0,0.0,,,,,,,,,,,,,,,,,,,,,,,,,,,,,,,
351.182336124999,unswapping,,,,,,,,,,,,,,,,,,,,,,,,,,,,,,,,,,,,,,,,,,,,,,,32,4,17068,1066,246,62,6,left,1,30,30,0,3,,,,,110,2.0,16,30,0,0.0,,,,,,,,,,,,,,,,,,,,,,,,,,,,,,,
351.26626116601983,unswapping,,,,,,,,,,,,,,,,,,,,,,,,,,,,,,,,,,,,,,,,,,,,,,,32,4,17100,1062,246,62,6,right,0,31,31,5,8,,,,,114,2.0,16,26,0,0.0,,,,,,,,,,,,,,,,,,,,,,,,,,,,,,,
351.3111566660227,unswapping,,,,,,,,,,,,,,,,,,,,,,,,,,,,,,,,,,,,,,,,,,,,,,,32,4,17100,1062,246,62,6,right,1,30,30,0,8,,,,,114,2.0,16,30,0,0.0,,,,,,,,,,,,,,,,,,,,,,,,,,,,,,,
351.46290679101367,unswapping,,,,,,,,,,,,,,,,,,,,,,,,,,,,,,,,,,,,,,,,,,,,,,,32,4,16936,1058,246,62,7,both,0,31,31,5,5,,,,,112,2.0,16,26,0,0.0,,,,,,,,,,,,,,,,,,,,,,,,,,,,,,,
351.61632091598585,unswapping,,,,,,,,,,,,,,,,,,,,,,,,,,,,,,,,,,,,,,,,,,,,,,,32,4,16104,1034,246,62,7,both,1,30,30,2,7,,,,,114,2.0,16,28,0,0.0,,,,,,,,,,,,,,,,,,,,,,,,,,,,,,,
351.6891789159854,unswapping,,,,,,,,,,,,,,,,,,,,,,,,,,,,,,,,,,,,,,,,,,,,,,,32,4,15496,1018,246,62,7,left,0,31,31,2,9,,,,,116,2.0,16,29,0,0.0,,,,,,,,,,,,,,,,,,,,,,,,,,,,,,,
351.7662579159951,unswapping,,,,,,,,,,,,,,,,,,,,,,,,,,,,,,,,,,,,,,,,,,,,,,,32,4,15880,1034,246,62,7,left,1,30,30,1,10,,,,,118,2.0,16,29,0,0.0,,,,,,,,,,,,,,,,,,,,,,,,,,,,,,,
351.8420845409855,unswapping,,,,,,,,,,,,,,,,,,,,,,,,,,,,,,,,,,,,,,,,,,,,,,,32,4,15944,1038,246,62,7,right,0,31,31,1,11,,,,,116,2.0,16,30,0,0.0,,,,,,,,,,,,,,,,,,,,,,,,,,,,,,,
351.90594933298416,unswapping,,,,,,,,,,,,,,,,,,,,,,,,,,,,,,,,,,,,,,,,,,,,,,,32,4,15752,1030,246,62,7,right,1,30,30,1,12,,,,,114,2.0,16,29,0,0.0,,,,,,,,,,,,,,,,,,,,,,,,,,,,,,,
352.0573465829948,unswapping,,,,,,,,,,,,,,,,,,,,,,,,,,,,,,,,,,,,,,,,,,,,,,,32,4,15604,1028,246,62,8,both,0,31,31,4,4,,,,,118,2.0,16,27,0,0.0,,,,,,,,,,,,,,,,,,,,,,,,,,,,,,,
352.19995162502164,unswapping,,,,,,,,,,,,,,,,,,,,,,,,,,,,,,,,,,,,,,,,,,,,,,,32,4,15988,1044,246,62,8,both,1,30,30,4,8,,,,,120,2.0,16,26,0,0.0,,,,,,,,,,,,,,,,,,,,,,,,,,,,,,,
352.24451929097995,unswapping,,,,,,,,,,,,,,,,,,,,,,,,,,,,,,,,,,,,,,,,,,,,,,,32,4,15988,1044,246,62,8,left,0,31,31,0,8,,,,,120,2.0,16,31,0,0.0,,,,,,,,,,,,,,,,,,,,,,,,,,,,,,,
352.3230349160149,unswapping,,,,,,,,,,,,,,,,,,,,,,,,,,,,,,,,,,,,,,,,,,,,,,,32,4,15796,1036,246,62,8,left,1,30,30,1,9,,,,,122,2.0,16,29,0,0.0,,,,,,,,,,,,,,,,,,,,,,,,,,,,,,,
352.3917935829959,unswapping,,,,,,,,,,,,,,,,,,,,,,,,,,,,,,,,,,,,,,,,,,,,,,,32,4,15636,1028,246,62,8,right,0,31,31,1,10,,,,,120,2.0,16,30,0,0.0,,,,,,,,,,,,,,,,,,,,,,,,,,,,,,,
352.4340617909911,unswapping,,,,,,,,,,,,,,,,,,,,,,,,,,,,,,,,,,,,,,,,,,,,,,,32,4,15636,1028,246,62,8,right,1,30,30,0,10,,,,,120,2.0,16,30,0,0.0,,,,,,,,,,,,,,,,,,,,,,,,,,,,,,,
352.57881129102316,unswapping,,,,,,,,,,,,,,,,,,,,,,,,,,,,,,,,,,,,,,,,,,,,,,,32,4,15796,1032,246,62,9,both,0,31,31,1,1,,,,,118,2.0,16,30,0,0.0,,,,,,,,,,,,,,,,,,,,,,,,,,,,,,,
352.73074870801065,unswapping,,,,,,,,,,,,,,,,,,,,,,,,,,,,,,,,,,,,,,,,,,,,,,,32,4,15412,1016,246,62,9,both,1,30,30,2,3,,,,,116,2.0,16,28,0,0.0,,,,,,,,,,,,,,,,,,,,,,,,,,,,,,,
352.81260491599096,unswapping,,,,,,,,,,,,,,,,,,,,,,,,,,,,,,,,,,,,,,,,,,,,,,,32,4,15412,1016,246,62,9,left,0,31,31,1,4,,,,,116,2.0,16,30,0,0.0,,,,,,,,,,,,,,,,,,,,,,,,,,,,,,,
352.85889533301815,unswapping,,,,,,,,,,,,,,,,,,,,,,,,,,,,,,,,,,,,,,,,,,,,,,,32,4,15412,1016,246,62,9,left,1,30,30,0,4,,,,,116,2.0,16,30,0,0.0,,,,,,,,,,,,,,,,,,,,,,,,,,,,,,,
352.90789320797194,unswapping,,,,,,,,,,,,,,,,,,,,,,,,,,,,,,,,,,,,,,,,,,,,,,,32,4,15412,1016,246,62,9,right,0,31,31,0,4,,,,,116,2.0,16,31,0,0.0,,,,,,,,,,,,,,,,,,,,,,,,,,,,,,,
352.9522256249911,unswapping,,,,,,,,,,,,,,,,,,,,,,,,,,,,,,,,,,,,,,,,,,,,,,,32,4,15412,1016,246,62,9,right,1,30,30,0,4,,,,,116,2.0,16,30,0,0.0,,,,,,,,,,,,,,,,,,,,,,,,,,,,,,,
353.04097420797916,unswapping,,,,,,,,,,,,,,,,,,,,,,,,,,,,,,,,,,,,,,,,,,,,,,,32,4,15412,1016,246,62,10,both,0,31,31,0,0,,,,,116,2.0,16,31,0,0.0,,,,,,,,,,,,,,,,,,,,,,,,,,,,,,,
353.14422883297084,unswapping,,,,,,,,,,,,,,,,,,,,,,,,,,,,,,,,,,,,,,,,,,,,,,,32,4,15412,1016,246,62,10,both,1,30,30,0,0,,,,,116,2.0,16,30,0,0.0,,,,,,,,,,,,,,,,,,,,,,,,,,,,,,,
353.1860681659891,unswapping,,,,,,,,,,,,,,,,,,,,,,,,,,,,,,,,,,,,,,,,,,,,,,,32,4,15412,1016,246,62,10,left,0,31,31,0,0,,,,,116,2.0,16,31,0,0.0,,,,,,,,,,,,,,,,,,,,,,,,,,,,,,,
353.2359549580142,unswapping,,,,,,,,,,,,,,,,,,,,,,,,,,,,,,,,,,,,,,,,,,,,,,,32,4,15412,1016,246,62,10,left,1,30,30,0,0,,,,,116,2.0,16,30,0,0.0,,,,,,,,,,,,,,,,,,,,,,,,,,,,,,,
353.2826930829906,unswapping,,,,,,,,,,,,,,,,,,,,,,,,,,,,,,,,,,,,,,,,,,,,,,,32,4,15412,1016,246,62,10,right,0,31,31,0,0,,,,,116,2.0,16,31,0,0.0,,,,,,,,,,,,,,,,,,,,,,,,,,,,,,,
353.3303073749994,unswapping,,,,,,,,,,,,,,,,,,,,,,,,,,,,,,,,,,,,,,,,,,,,,,,32,4,15412,1016,246,62,10,right,1,30,30,0,0,,,,,116,2.0,16,30,0,0.0,,,,,,,,,,,,,,,,,,,,,,,,,,,,,,,
355.33543462498346,unswap_cycle_summary,,,,,,,,,,,,35,31,66,,,,,,,,,,,,,,,,,,,512,0.0006,,,,,,,,,,,,,32,4,15412,1016,246,62,,,,,,,,,,,,,,,,,,,,14,24.824101707956288,66,2593,2527,2,False,,,,,,,,,,,,,,,,,,,,,,
356.8177177499747,rewiring,left,post_unswap,1.450221499952022,1700,False,False,,,,,,,,,,,,,,,,,,,,,,,,,,,,,,,,,,,,,,,,,,,,,,,,,,,,,,,,,,,,,,,,,,14,,,,,,,50,False,2,1,none,0.0,123,1.4502175829838961,2.932950958958827,,,,,,,,,,,,,
358.30017095798394,rewiring,right,post_unswap,1.4822787499870174,1704,False,False,,,,,,,,,,,,,,,,,,,,,,,,,,,,,,,,,,,,,,,,,,,,,,,,,,,,,,,,,,,,,,,,,,14,,,,,,,50,False,2,1,none,0.0,123,1.4822734999470413,2.932950958958827,,,,,,,,,,,,,
358.3563833750086,cycle_progress,,,,,,,,,,,,35,31,66,,,,,,,,,,,,,,,,,,,512,0.0006,,5384,0,,,,,,,,,,32,4,15412,1016,246,62,,,,,,,,,,,,,,,,,,,,14,,66,2593,2527,2,False,,,,,,,,,2.932950958958827,,,,,,,,,,,,,
358.45849120797357,absorbing,,,,,,,L,1,0,1734,1645,36,31,67,15,1,1,0.03293687500990927,0.0316260420368053,0.06456291704671457,0.07217079104157165,15476,19664,32,32,False,False,False,False,15476,32,False,512,0.0006,,15412,0,total_elems,15476,19664,1,1,,,,0.0,32,4,15476,1020,246,62,,,,,,,,,,,,,,,,,,,,,,,,,,,,,,,,,,,,,,,,,,,,,,,,
358.55773241602583,absorbing,,,,,,,R,1,1,1734,1645,36,32,68,10,1,2,0.033948459022212774,0.03422391600906849,0.06817237503128126,0.06884491699747741,21552,19728,32,32,False,False,False,False,19728,32,False,512,0.0006,,15412,0,total_elems,21552,19728,1,1,,,,0.0,32,4,19728,1190,246,62,,,,,,,,,,,,,,,,,,,,,,,,,,,,,,,,,,,,,,,,,,,,,,,,
358.6582290409715,absorbing,,,,,,,R,1,2,1734,1645,36,35,71,8,3,5,0.03298974997596815,0.03703754098387435,0.0700272909598425,0.07064312504371628,27276,26896,32,32,False,False,False,False,26896,32,False,512,0.0006,,15412,0,total_elems,27276,26896,1,1,,,,0.0,32,4,26896,1324,246,62,,,,,,,,,,,,,,,,,,,,,,,,,,,,,,,,,,,,,,,,,,,,,,,,
358.76652233302593,absorbing,,,,,,,R,1,3,1734,1645,36,35,71,10,0,5,0.04022016702219844,0.0381264160387218,0.07834658306092024,0.07902487501269206,40332,37996,63,64,False,False,False,False,37996,64,False,512,0.0006,,15412,0,total_elems,40332,37996,1,1,,,,0.0,64,4,37996,1536,246,62,,,,,,,,,,,,,,,,,,,,,,,,,,,,,,,,,,,,,,,,,,,,,,,,
358.92364587500924,absorbing,,,,,,,L,2,3,1734,1645,36,35,71,11,0,5,0.06195050000678748,0.06288554199272767,0.12483604199951515,0.12546429102076218,64072,69984,64,64,False,False,False,False,64072,64,False,512,0.0006,,15412,0,total_elems,64072,69984,1,1,,,,0.0,64,4,64072,1824,246,62,,,,,,,,,,,,,,,,,,,,,,,,,,,,,,,,,,,,,,,,,,,,,,,,
359.1751793749863,absorbing,,,,,,,R,2,4,1734,1645,36,37,73,11,2,7,0.10943474998930469,0.11036824999609962,0.2198029999854043,0.22063337499275804,93824,84304,122,64,False,False,False,False,84304,64,False,512,0.0006,,15412,0,total_elems,93824,84304,1,1,,,,0.0,64,4,84304,2096,246,62,,,,,,,,,,,,,,,,,,,,,,,,,,,,,,,,,,,,,,,,,,,,,,,,
359.48533283302095,absorbing,,,,,,,L,3,4,1734,1645,37,37,74,7,1,8,0.12435162498150021,0.15005908400053158,0.2744107089820318,0.27623945800587535,113520,149736,123,127,False,False,False,False,113520,123,False,512,0.0006,,15412,0,total_elems,113520,149736,1,1,,,,0.0,123,4,113520,2336,246,62,,,,,,,,,,,,,,,,,,,,,,,,,,,,,,,,,,,,,,,,,,,,,,,,
359.83413791598286,absorbing,,,,,,,L,4,4,1734,1645,37,37,74,4,0,8,0.12596325000049546,0.18780983303440735,0.3137730830349028,0.31588654103688896,146192,201092,128,127,False,False,False,False,146192,128,False,512,0.0006,,15412,0,total_elems,146192,201092,1,1,,,,0.0,128,4,146192,2696,246,62,,,,,,,,,,,,,,,,,,,,,,,,,,,,,,,,,,,,,,,,,,,,,,,,
360.2112154579954,absorbing,,,,,,,L,5,4,1734,1645,37,37,74,6,0,8,0.12900758296018466,0.2109366249642335,0.33994420792441815,0.34223458397900686,167696,212456,128,127,False,False,False,False,167696,128,False,512,0.0006,,15412,0,total_elems,167696,212456,1,1,,,,0.0,128,4,167696,2842,246,62,,,,,,,,,,,,,,,,,,,,,,,,,,,,,,,,,,,,,,,,,,,,,,,,
360.6736694999854,absorbing,,,,,,,L,6,4,1734,1645,37,37,74,6,0,8,0.18748383404454216,0.23511583299841732,0.4225996670429595,0.4281220840057358,181296,253588,128,127,False,False,False,False,181296,128,False,512,0.0006,,15412,0,total_elems,181296,253588,1,1,,,,0.0,128,4,181296,3048,246,62,,,,,,,,,,,,,,,,,,,,,,,,,,,,,,,,,,,,,,,,,,,,,,,,
361.19052900001407,absorbing,,,,,,,R,6,5,1734,1645,37,38,75,13,1,9,0.23296620801556855,0.24654070794349536,0.4795069159590639,0.48044999997364357,290576,271032,128,127,False,False,False,False,271032,127,False,512,0.0006,,15412,0,total_elems,290576,271032,1,1,,,,0.0,127,4,271032,3468,246,62,,,,,,,,,,,,,,,,,,,,,,,,,,,,,,,,,,,,,,,,,,,,,,,,
361.9526992079918,absorbing,,,,,,,L,7,5,1734,1645,37,38,75,7,0,9,0.2747297090245411,0.4472959589911625,0.7220256680157036,0.7233148329542018,375656,537032,128,255,False,False,False,True,375656,128,False,512,0.0006,,15412,0,total_elems,375656,537032,1,1,,,,0.0,128,4,375656,4112,246,62,,,,,,,,,,,,,,,,,,,,,,,,,,,,,,,,,,,,,,,,,,,,,,,,
366.6865419999813,unswapping,,,,,,,,,,,,,,,,,,,,,,,,,,,,,,,,,,,,,,,,,,,,,,,128,4,375656,4112,246,62,0,both,0,31,31,0,0,,,,,0,2.0,16,31,0,0.0,,,,,,,,,,,,,,,,,,,,,,,,,,,,,,,
370.70259745797375,unswapping,,,,,,,,,,,,,,,,,,,,,,,,,,,,,,,,,,,,,,,,,,,,,,,256,4,654096,5004,246,62,0,both,1,30,30,1,1,,,,,0,2.0,16,29,0,0.0,,,,,,,,,,,,,,,,,,,,,,,,,,,,,,,
372.33776504098205,unswapping,,,,,,,,,,,,,,,,,,,,,,,,,,,,,,,,,,,,,,,,,,,,,,,256,4,570096,4424,246,62,0,left,0,31,31,8,9,,,,,16,2.0,16,23,0,0.0,,,,,,,,,,,,,,,,,,,,,,,,,,,,,,,
373.7100339999888,unswapping,,,,,,,,,,,,,,,,,,,,,,,,,,,,,,,,,,,,,,,,,,,,,,,128,4,244504,3294,246,62,0,left,1,30,30,16,25,,,,,48,2.0,16,14,0,0.0,,,,,,,,,,,,,,,,,,,,,,,,,,,,,,,
374.31376187497517,unswapping,,,,,,,,,,,,,,,,,,,,,,,,,,,,,,,,,,,,,,,,,,,,,,,69,4,153624,2678,246,62,0,right,0,31,31,9,34,,,,,66,2.0,16,22,0,0.0,,,,,,,,,,,,,,,,,,,,,,,,,,,,,,,
374.84537966601783,unswapping,,,,,,,,,,,,,,,,,,,,,,,,,,,,,,,,,,,,,,,,,,,,,,,64,4,99000,2314,246,62,0,right,1,30,30,11,45,,,,,74,2.0,16,19,0,0.0,,,,,,,,,,,,,,,,,,,,,,,,,,,,,,,
375.26564058300573,unswapping,,,,,,,,,,,,,,,,,,,,,,,,,,,,,,,,,,,,,,,,,,,,,,,32,4,63720,1914,246,62,1,both,0,31,31,13,13,,,,,96,2.0,16,18,0,0.0,,,,,,,,,,,,,,,,,,,,,,,,,,,,,,,
375.5878212079988,unswapping,,,,,,,,,,,,,,,,,,,,,,,,,,,,,,,,,,,,,,,,,,,,,,,32,4,58104,1822,246,62,1,both,1,30,30,8,21,,,,,104,2.0,16,22,0,0.0,,,,,,,,,,,,,,,,,,,,,,,,,,,,,,,
375.7340666250093,unswapping,,,,,,,,,,,,,,,,,,,,,,,,,,,,,,,,,,,,,,,,,,,,,,,32,4,51952,1708,246,62,1,left,0,31,31,9,30,,,,,110,2.0,16,22,0,0.0,,,,,,,,,,,,,,,,,,,,,,,,,,,,,,,
375.88507366599515,unswapping,,,,,,,,,,,,,,,,,,,,,,,,,,,,,,,,,,,,,,,,,,,,,,,32,4,44040,1614,246,62,1,left,1,30,30,7,37,,,,,116,2.0,16,23,0,0.0,,,,,,,,,,,,,,,,,,,,,,,,,,,,,,,
376.00425412500044,unswapping,,,,,,,,,,,,,,,,,,,,,,,,,,,,,,,,,,,,,,,,,,,,,,,32,4,36168,1486,246,62,1,right,0,31,31,5,42,,,,,116,2.0,16,26,0,0.0,,,,,,,,,,,,,,,,,,,,,,,,,,,,,,,
376.1066987909726,unswapping,,,,,,,,,,,,,,,,,,,,,,,,,,,,,,,,,,,,,,,,,,,,,,,32,4,36104,1478,246,62,1,right,1,30,30,3,45,,,,,116,2.0,16,27,0,0.0,,,,,,,,,,,,,,,,,,,,,,,,,,,,,,,
376.32722300000023,unswapping,,,,,,,,,,,,,,,,,,,,,,,,,,,,,,,,,,,,,,,,,,,,,,,32,4,32948,1452,246,62,2,both,0,31,31,7,7,,,,,122,2.0,16,24,0,0.0,,,,,,,,,,,,,,,,,,,,,,,,,,,,,,,
376.5152878329973,unswapping,,,,,,,,,,,,,,,,,,,,,,,,,,,,,,,,,,,,,,,,,,,,,,,32,4,31060,1414,246,62,2,both,1,30,30,6,13,,,,,128,2.0,16,24,0,0.0,,,,,,,,,,,,,,,,,,,,,,,,,,,,,,,
376.613598832977,unswapping,,,,,,,,,,,,,,,,,,,,,,,,,,,,,,,,,,,,,,,,,,,,,,,32,4,29500,1376,246,62,2,left,0,31,31,4,17,,,,,134,2.0,16,27,0,0.0,,,,,,,,,,,,,,,,,,,,,,,,,,,,,,,
376.70665599999484,unswapping,,,,,,,,,,,,,,,,,,,,,,,,,,,,,,,,,,,,,,,,,,,,,,,32,4,26556,1298,246,62,2,left,1,30,30,4,21,,,,,138,2.0,16,26,0,0.0,,,,,,,,,,,,,,,,,,,,,,,,,,,,,,,
376.77886220801156,unswapping,,,,,,,,,,,,,,,,,,,,,,,,,,,,,,,,,,,,,,,,,,,,,,,32,4,24316,1258,246,62,2,right,0,31,31,1,22,,,,,138,2.0,16,30,0,0.0,,,,,,,,,,,,,,,,,,,,,,,,,,,,,,,
376.8853762910003,unswapping,,,,,,,,,,,,,,,,,,,,,,,,,,,,,,,,,,,,,,,,,,,,,,,32,4,23036,1226,246,62,2,right,1,30,30,2,24,,,,,140,2.0,16,28,0,0.0,,,,,,,,,,,,,,,,,,,,,,,,,,,,,,,
377.05335704097524,unswapping,,,,,,,,,,,,,,,,,,,,,,,,,,,,,,,,,,,,,,,,,,,,,,,32,4,21872,1200,246,62,3,both,0,31,31,4,4,,,,,136,2.0,16,27,0,0.0,,,,,,,,,,,,,,,,,,,,,,,,,,,,,,,
377.22116183297476,unswapping,,,,,,,,,,,,,,,,,,,,,,,,,,,,,,,,,,,,,,,,,,,,,,,32,4,19988,1166,246,62,3,both,1,30,30,2,6,,,,,138,2.0,16,28,0,0.0,,,,,,,,,,,,,,,,,,,,,,,,,,,,,,,
377.2675077500171,unswapping,,,,,,,,,,,,,,,,,,,,,,,,,,,,,,,,,,,,,,,,,,,,,,,32,4,19988,1166,246,62,3,left,0,31,31,0,6,,,,,138,2.0,16,31,0,0.0,,,,,,,,,,,,,,,,,,,,,,,,,,,,,,,
377.3187570410082,unswapping,,,,,,,,,,,,,,,,,,,,,,,,,,,,,,,,,,,,,,,,,,,,,,,32,4,19988,1166,246,62,3,left,1,30,30,0,6,,,,,138,2.0,16,30,0,0.0,,,,,,,,,,,,,,,,,,,,,,,,,,,,,,,
377.3967198749888,unswapping,,,,,,,,,,,,,,,,,,,,,,,,,,,,,,,,,,,,,,,,,,,,,,,32,4,20116,1174,246,62,3,right,0,31,31,1,7,,,,,136,2.0,16,30,0,0.0,,,,,,,,,,,,,,,,,,,,,,,,,,,,,,,
377.44463187502697,unswapping,,,,,,,,,,,,,,,,,,,,,,,,,,,,,,,,,,,,,,,,,,,,,,,32,4,20116,1174,246,62,3,right,1,30,30,0,7,,,,,136,2.0,16,30,0,0.0,,,,,,,,,,,,,,,,,,,,,,,,,,,,,,,
377.53517891600495,unswapping,,,,,,,,,,,,,,,,,,,,,,,,,,,,,,,,,,,,,,,,,,,,,,,32,4,20116,1174,246,62,4,both,0,31,31,0,0,,,,,136,2.0,16,31,0,0.0,,,,,,,,,,,,,,,,,,,,,,,,,,,,,,,
377.64313662500354,unswapping,,,,,,,,,,,,,,,,,,,,,,,,,,,,,,,,,,,,,,,,,,,,,,,32,4,20116,1174,246,62,4,both,1,30,30,0,0,,,,,136,2.0,16,30,0,0.0,,,,,,,,,,,,,,,,,,,,,,,,,,,,,,,
377.7129370410112,unswapping,,,,,,,,,,,,,,,,,,,,,,,,,,,,,,,,,,,,,,,,,,,,,,,32,4,19988,1166,246,62,4,left,0,31,31,1,1,,,,,138,2.0,16,30,0,0.0,,,,,,,,,,,,,,,,,,,,,,,,,,,,,,,
377.76528733299347,unswapping,,,,,,,,,,,,,,,,,,,,,,,,,,,,,,,,,,,,,,,,,,,,,,,32,4,19988,1166,246,62,4,left,1,30,30,0,1,,,,,138,2.0,16,30,0,0.0,,,,,,,,,,,,,,,,,,,,,,,,,,,,,,,
377.8089124999824,unswapping,,,,,,,,,,,,,,,,,,,,,,,,,,,,,,,,,,,,,,,,,,,,,,,32,4,19988,1166,246,62,4,right,0,31,31,0,1,,,,,138,2.0,16,31,0,0.0,,,,,,,,,,,,,,,,,,,,,,,,,,,,,,,
377.8566717909998,unswapping,,,,,,,,,,,,,,,,,,,,,,,,,,,,,,,,,,,,,,,,,,,,,,,32,4,19988,1166,246,62,4,right,1,30,30,0,1,,,,,138,2.0,16,30,0,0.0,,,,,,,,,,,,,,,,,,,,,,,,,,,,,,,
377.997237249976,unswapping,,,,,,,,,,,,,,,,,,,,,,,,,,,,,,,,,,,,,,,,,,,,,,,32,4,20060,1168,246,62,5,both,0,31,31,1,1,,,,,136,2.0,16,30,0,0.0,,,,,,,,,,,,,,,,,,,,,,,,,,,,,,,
378.0983433329966,unswapping,,,,,,,,,,,,,,,,,,,,,,,,,,,,,,,,,,,,,,,,,,,,,,,32,4,20060,1168,246,62,5,both,1,30,30,0,1,,,,,136,2.0,16,30,0,0.0,,,,,,,,,,,,,,,,,,,,,,,,,,,,,,,
378.17609679099405,unswapping,,,,,,,,,,,,,,,,,,,,,,,,,,,,,,,,,,,,,,,,,,,,,,,32,4,19236,1140,246,62,5,left,0,31,31,2,3,,,,,134,2.0,16,29,0,0.0,,,,,,,,,,,,,,,,,,,,,,,,,,,,,,,
378.2622382499976,unswapping,,,,,,,,,,,,,,,,,,,,,,,,,,,,,,,,,,,,,,,,,,,,,,,32,4,19580,1178,246,62,5,left,1,30,30,6,9,,,,,132,2.0,16,24,0,0.0,,,,,,,,,,,,,,,,,,,,,,,,,,,,,,,
378.30885770800523,unswapping,,,,,,,,,,,,,,,,,,,,,,,,,,,,,,,,,,,,,,,,,,,,,,,32,4,19580,1178,246,62,5,right,0,31,31,0,9,,,,,132,2.0,16,31,0,0.0,,,,,,,,,,,,,,,,,,,,,,,,,,,,,,,
378.3871545409784,unswapping,,,,,,,,,,,,,,,,,,,,,,,,,,,,,,,,,,,,,,,,,,,,,,,32,4,19452,1162,246,62,5,right,1,30,30,2,11,,,,,128,2.0,16,28,0,0.0,,,,,,,,,,,,,,,,,,,,,,,,,,,,,,,
378.4750989159802,unswapping,,,,,,,,,,,,,,,,,,,,,,,,,,,,,,,,,,,,,,,,,,,,,,,32,4,19452,1162,246,62,6,both,0,31,31,0,0,,,,,128,2.0,16,31,0,0.0,,,,,,,,,,,,,,,,,,,,,,,,,,,,,,,
378.61795520799933,unswapping,,,,,,,,,,,,,,,,,,,,,,,,,,,,,,,,,,,,,,,,,,,,,,,32,4,19388,1154,246,62,6,both,1,30,30,2,2,,,,,130,2.0,16,28,0,0.0,,,,,,,,,,,,,,,,,,,,,,,,,,,,,,,
378.6639877909911,unswapping,,,,,,,,,,,,,,,,,,,,,,,,,,,,,,,,,,,,,,,,,,,,,,,32,4,19388,1154,246,62,6,left,0,31,31,0,2,,,,,130,2.0,16,31,0,0.0,,,,,,,,,,,,,,,,,,,,,,,,,,,,,,,
378.7439200829831,unswapping,,,,,,,,,,,,,,,,,,,,,,,,,,,,,,,,,,,,,,,,,,,,,,,32,4,19236,1140,246,62,6,left,1,30,30,4,6,,,,,136,2.0,16,26,0,0.0,,,,,,,,,,,,,,,,,,,,,,,,,,,,,,,
378.7879597080173,unswapping,,,,,,,,,,,,,,,,,,,,,,,,,,,,,,,,,,,,,,,,,,,,,,,32,4,19236,1140,246,62,6,right,0,31,31,0,6,,,,,136,2.0,16,31,0,0.0,,,,,,,,,,,,,,,,,,,,,,,,,,,,,,,
378.83250174997374,unswapping,,,,,,,,,,,,,,,,,,,,,,,,,,,,,,,,,,,,,,,,,,,,,,,32,4,19236,1140,246,62,6,right,1,30,30,0,6,,,,,136,2.0,16,30,0,0.0,,,,,,,,,,,,,,,,,,,,,,,,,,,,,,,
378.9273619580199,unswapping,,,,,,,,,,,,,,,,,,,,,,,,,,,,,,,,,,,,,,,,,,,,,,,32,4,19236,1140,246,62,7,both,0,31,31,0,0,,,,,136,2.0,16,31,0,0.0,,,,,,,,,,,,,,,,,,,,,,,,,,,,,,,
379.0254948330112,unswapping,,,,,,,,,,,,,,,,,,,,,,,,,,,,,,,,,,,,,,,,,,,,,,,32,4,19236,1140,246,62,7,both,1,30,30,0,0,,,,,136,2.0,16,30,0,0.0,,,,,,,,,,,,,,,,,,,,,,,,,,,,,,,
379.07007850002265,unswapping,,,,,,,,,,,,,,,,,,,,,,,,,,,,,,,,,,,,,,,,,,,,,,,32,4,19236,1140,246,62,7,left,0,31,31,0,0,,,,,136,2.0,16,31,0,0.0,,,,,,,,,,,,,,,,,,,,,,,,,,,,,,,
379.1170769999735,unswapping,,,,,,,,,,,,,,,,,,,,,,,,,,,,,,,,,,,,,,,,,,,,,,,32,4,19236,1140,246,62,7,left,1,30,30,0,0,,,,,136,2.0,16,30,0,0.0,,,,,,,,,,,,,,,,,,,,,,,,,,,,,,,
379.1594894999871,unswapping,,,,,,,,,,,,,,,,,,,,,,,,,,,,,,,,,,,,,,,,,,,,,,,32,4,19236,1140,246,62,7,right,0,31,31,0,0,,,,,136,2.0,16,31,0,0.0,,,,,,,,,,,,,,,,,,,,,,,,,,,,,,,
379.2027182499878,unswapping,,,,,,,,,,,,,,,,,,,,,,,,,,,,,,,,,,,,,,,,,,,,,,,32,4,19236,1140,246,62,7,right,1,30,30,0,0,,,,,136,2.0,16,30,0,0.0,,,,,,,,,,,,,,,,,,,,,,,,,,,,,,,
380.6445612499956,unswap_cycle_summary,,,,,,,,,,,,37,38,75,,,,,,,,,,,,,,,,,,,512,0.0006,,,,,,,,,,,,,32,4,19236,1140,246,62,,,,,,,,,,,,,,,,,,,,15,16.179545916966163,75,2593,2518,9,False,,,,,,,,,,,,,,,,,,,,,,
382.48504479101393,rewiring,left,post_unswap,1.809220458031632,1729,False,False,,,,,,,,,,,,,,,,,,,,,,,,,,,,,,,,,,,,,,,,,,,,,,,,,,,,,,,,,,,,,,,,,,15,,,,,,,50,False,9,1,none,0.0,123,1.8092159579973668,2.9543069169740193,,,,,,,,,,,,,
383.6299152909778,rewiring,right,post_unswap,1.1446759999962524,1642,False,False,,,,,,,,,,,,,,,,,,,,,,,,,,,,,,,,,,,,,,,,,,,,,,,,,,,,,,,,,,,,,,,,,,15,,,,,,,50,False,9,1,none,0.0,123,1.1446714589837939,2.9543069169740193,,,,,,,,,,,,,
383.68983074999414,cycle_progress,,,,,,,,,,,,37,38,75,,,,,,,,,,,,,,,,,,,512,0.0006,,15412,0,,,,,,,,,,32,4,19236,1140,246,62,,,,,,,,,,,,,,,,,,,,15,,75,2593,2518,9,False,,,,,,,,,2.9543069169740193,,,,,,,,,,,,,
383.79297658300493,absorbing,,,,,,,L,1,0,1513,1769,37,38,75,13,0,0,0.0303127919905819,0.03131104103522375,0.06162383302580565,0.07172283402178437,19236,27944,32,32,False,False,False,False,19236,32,False,512,0.0006,,19236,0,total_elems,19236,27944,1,1,,,,0.0,32,4,19236,1140,246,62,,,,,,,,,,,,,,,,,,,,,,,,,,,,,,,,,,,,,,,,,,,,,,,,
383.89907666598447,absorbing,,,,,,,L,2,0,1513,1769,37,38,75,9,0,0,0.035724040993954986,0.037028082995675504,0.07275212398963049,0.0741007499746047,26032,27944,32,32,False,False,False,False,26032,32,False,512,0.0006,,19236,0,total_elems,26032,27944,1,1,,,,0.0,32,4,26032,1342,246,62,,,,,,,,,,,,,,,,,,,,,,,,,,,,,,,,,,,,,,,,,,,,,,,,
384.01726699998835,absorbing,,,,,,,R,2,1,1513,1769,37,38,75,17,0,0,0.04396441695280373,0.04170154198072851,0.08566595893353224,0.0865278749843128,37016,33808,32,32,False,False,False,False,33808,32,False,512,0.0006,,19236,0,total_elems,37016,33808,1,1,,,,0.0,32,4,33808,1548,246,62,,,,,,,,,,,,,,,,,,,,,,,,,,,,,,,,,,,,,,,,,,,,,,,,
384.141121957975,absorbing,,,,,,,L,3,1,1513,1769,37,38,75,8,0,0,0.04112150002038106,0.04868704196996987,0.08980854199035093,0.09042825002688915,42720,57376,32,56,False,False,False,False,42720,32,False,512,0.0006,,19236,0,total_elems,42720,57376,1,1,,,,0.0,32,4,42720,1718,246,62,,,,,,,,,,,,,,,,,,,,,,,,,,,,,,,,,,,,,,,,,,,,,,,,
384.29568983300123,absorbing,,,,,,,L,4,1,1513,1769,37,38,75,10,0,0,0.06088820897275582,0.06062637496506795,0.12151458393782377,0.12247633299557492,60856,72384,64,64,False,False,False,False,60856,64,False,512,0.0006,,19236,0,total_elems,60856,72384,1,1,,,,0.0,64,4,60856,1954,246,62,,,,,,,,,,,,,,,,,,,,,,,,,,,,,,,,,,,,,,,,,,,,,,,,
384.5057225829805,absorbing,,,,,,,R,4,2,1513,1769,37,38,75,16,0,0,0.09697062498889863,0.07938624999951571,0.17635687498841435,0.1769937909557484,103456,100032,128,64,False,False,False,False,100032,64,False,512,0.0006,,19236,0,total_elems,103456,100032,1,1,,,,0.0,64,4,100032,2524,246,62,,,,,,,,,,,,,,,,,,,,,,,,,,,,,,,,,,,,,,,,,,,,,,,,
384.8830308750039,absorbing,,,,,,,L,5,2,1513,1769,37,38,75,9,0,0,0.1580591659876518,0.18505529203685,0.3431144580245018,0.3448049579747021,172224,184288,128,64,False,False,False,False,172224,128,False,512,0.0006,,19236,0,total_elems,172224,184288,1,1,,,,0.0,128,4,172224,3084,246,62,,,,,,,,,,,,,,,,,,,,,,,,,,,,,,,,,,,,,,,,,,,,,,,,
385.3805428330088,absorbing,,,,,,,L,6,2,1513,1769,38,38,76,6,1,1,0.19949866598472,0.2633514999761246,0.4628501659608446,0.46582170797046274,203240,357664,128,253,False,False,False,False,203240,128,False,512,0.0006,,19236,0,total_elems,203240,357664,1,1,,,,0.0,128,4,203240,3318,246,62,,,,,,,,,,,,,,,,,,,,,,,,,,,,,,,,,,,,,,,,,,,,,,,,
385.9003079580143,absorbing,,,,,,,L,7,2,1513,1769,39,38,77,7,1,2,0.17439079197356477,0.30832058301893994,0.4827113749925047,0.4844420420122333,294696,454216,128,253,False,False,False,False,294696,128,False,512,0.0006,,19236,0,total_elems,294696,454216,1,1,,,,0.0,128,4,294696,3810,246,62,,,,,,,,,,,,,,,,,,,,,,,,,,,,,,,,,,,,,,,,,,,,,,,,
388.5541922909906,unswapping,,,,,,,,,,,,,,,,,,,,,,,,,,,,,,,,,,,,,,,,,,,,,,,128,4,294696,3810,246,62,0,both,0,31,31,0,0,,,,,0,2.0,16,31,0,0.0,,,,,,,,,,,,,,,,,,,,,,,,,,,,,,,
393.7223319999757,unswapping,,,,,,,,,,,,,,,,,,,,,,,,,,,,,,,,,,,,,,,,,,,,,,,252,4,524144,4486,246,62,0,both,1,30,30,1,1,,,,,0,2.0,16,29,0,0.0,,,,,,,,,,,,,,,,,,,,,,,,,,,,,,,
394.8436995000229,unswapping,,,,,,,,,,,,,,,,,,,,,,,,,,,,,,,,,,,,,,,,,,,,,,,128,4,253236,3444,246,62,0,left,0,31,31,11,12,,,,,22,2.0,16,20,0,0.0,,,,,,,,,,,,,,,,,,,,,,,,,,,,,,,
395.56836962501984,unswapping,,,,,,,,,,,,,,,,,,,,,,,,,,,,,,,,,,,,,,,,,,,,,,,86,4,163704,2812,246,62,0,left,1,30,30,15,27,,,,,52,2.0,16,15,0,0.0,,,,,,,,,,,,,,,,,,,,,,,,,,,,,,,
396.03320083301514,unswapping,,,,,,,,,,,,,,,,,,,,,,,,,,,,,,,,,,,,,,,,,,,,,,,64,4,115584,2476,246,62,0,right,0,31,31,12,39,,,,,60,2.0,16,19,0,0.0,,,,,,,,,,,,,,,,,,,,,,,,,,,,,,,
396.3519925409928,unswapping,,,,,,,,,,,,,,,,,,,,,,,,,,,,,,,,,,,,,,,,,,,,,,,64,4,82640,2124,246,62,0,right,1,30,30,10,49,,,,,70,2.0,16,20,0,0.0,,,,,,,,,,,,,,,,,,,,,,,,,,,,,,,
396.7742097079754,unswapping,,,,,,,,,,,,,,,,,,,,,,,,,,,,,,,,,,,,,,,,,,,,,,,56,4,52960,1790,246,62,1,both,0,31,31,8,8,,,,,78,2.0,16,23,0,0.0,,,,,,,,,,,,,,,,,,,,,,,,,,,,,,,
397.0947314579971,unswapping,,,,,,,,,,,,,,,,,,,,,,,,,,,,,,,,,,,,,,,,,,,,,,,32,4,38804,1588,246,62,1,both,1,30,30,8,16,,,,,80,2.0,16,22,0,0.0,,,,,,,,,,,,,,,,,,,,,,,,,,,,,,,
397.2127862080233,unswapping,,,,,,,,,,,,,,,,,,,,,,,,,,,,,,,,,,,,,,,,,,,,,,,32,4,28756,1450,246,62,1,left,0,31,31,7,23,,,,,82,2.0,16,24,0,0.0,,,,,,,,,,,,,,,,,,,,,,,,,,,,,,,
397.30290454102214,unswapping,,,,,,,,,,,,,,,,,,,,,,,,,,,,,,,,,,,,,,,,,,,,,,,32,4,25148,1378,246,62,1,left,1,30,30,6,29,,,,,84,2.0,16,24,0,0.0,,,,,,,,,,,,,,,,,,,,,,,,,,,,,,,
397.3794433749863,unswapping,,,,,,,,,,,,,,,,,,,,,,,,,,,,,,,,,,,,,,,,,,,,,,,32,4,24368,1352,246,62,1,right,0,31,31,3,32,,,,,88,2.0,16,28,0,0.0,,,,,,,,,,,,,,,,,,,,,,,,,,,,,,,
397.46536383300554,unswapping,,,,,,,,,,,,,,,,,,,,,,,,,,,,,,,,,,,,,,,,,,,,,,,32,4,23744,1324,246,62,1,right,1,30,30,4,36,,,,,94,2.0,16,26,0,0.0,,,,,,,,,,,,,,,,,,,,,,,,,,,,,,,
397.6352007500245,unswapping,,,,,,,,,,,,,,,,,,,,,,,,,,,,,,,,,,,,,,,,,,,,,,,32,4,21932,1274,246,62,2,both,0,31,31,4,4,,,,,104,2.0,16,27,0,0.0,,,,,,,,,,,,,,,,,,,,,,,,,,,,,,,
397.7905556660262,unswapping,,,,,,,,,,,,,,,,,,,,,,,,,,,,,,,,,,,,,,,,,,,,,,,32,4,21644,1266,246,62,2,both,1,30,30,3,7,,,,,108,2.0,16,27,0,0.0,,,,,,,,,,,,,,,,,,,,,,,,,,,,,,,
397.8704170829733,unswapping,,,,,,,,,,,,,,,,,,,,,,,,,,,,,,,,,,,,,,,,,,,,,,,32,4,19724,1222,246,62,2,left,0,31,31,3,10,,,,,112,2.0,16,28,0,0.0,,,,,,,,,,,,,,,,,,,,,,,,,,,,,,,
397.9438517499948,unswapping,,,,,,,,,,,,,,,,,,,,,,,,,,,,,,,,,,,,,,,,,,,,,,,32,4,19356,1212,246,62,2,left,1,30,30,2,12,,,,,114,2.0,16,28,0,0.0,,,,,,,,,,,,,,,,,,,,,,,,,,,,,,,
398.0201811660081,unswapping,,,,,,,,,,,,,,,,,,,,,,,,,,,,,,,,,,,,,,,,,,,,,,,32,4,19356,1212,246,62,2,right,0,31,31,1,13,,,,,114,2.0,16,30,0,0.0,,,,,,,,,,,,,,,,,,,,,,,,,,,,,,,
398.0979960829718,unswapping,,,,,,,,,,,,,,,,,,,,,,,,,,,,,,,,,,,,,,,,,,,,,,,32,4,18588,1188,246,62,2,right,1,30,30,2,15,,,,,116,2.0,16,28,0,0.0,,,,,,,,,,,,,,,,,,,,,,,,,,,,,,,
398.24365174997365,unswapping,,,,,,,,,,,,,,,,,,,,,,,,,,,,,,,,,,,,,,,,,,,,,,,32,4,18720,1194,246,62,3,both,0,31,31,2,2,,,,,114,2.0,16,29,0,0.0,,,,,,,,,,,,,,,,,,,,,,,,,,,,,,,
398.3825206659967,unswapping,,,,,,,,,,,,,,,,,,,,,,,,,,,,,,,,,,,,,,,,,,,,,,,32,4,18684,1196,246,62,3,both,1,30,30,2,4,,,,,114,2.0,16,28,0,0.0,,,,,,,,,,,,,,,,,,,,,,,,,,,,,,,
398.4459005409735,unswapping,,,,,,,,,,,,,,,,,,,,,,,,,,,,,,,,,,,,,,,,,,,,,,,32,4,18620,1192,246,62,3,left,0,31,31,1,5,,,,,116,2.0,16,30,0,0.0,,,,,,,,,,,,,,,,,,,,,,,,,,,,,,,
398.50562033301685,unswapping,,,,,,,,,,,,,,,,,,,,,,,,,,,,,,,,,,,,,,,,,,,,,,,32,4,18620,1192,246,62,3,left,1,30,30,1,6,,,,,118,2.0,16,29,0,0.0,,,,,,,,,,,,,,,,,,,,,,,,,,,,,,,
398.5685987499892,unswapping,,,,,,,,,,,,,,,,,,,,,,,,,,,,,,,,,,,,,,,,,,,,,,,32,4,18620,1192,246,62,3,right,0,31,31,1,7,,,,,116,2.0,16,30,0,0.0,,,,,,,,,,,,,,,,,,,,,,,,,,,,,,,
398.61367145797703,unswapping,,,,,,,,,,,,,,,,,,,,,,,,,,,,,,,,,,,,,,,,,,,,,,,32,4,18620,1192,246,62,3,right,1,30,30,0,7,,,,,116,2.0,16,30,0,0.0,,,,,,,,,,,,,,,,,,,,,,,,,,,,,,,
398.75734104099683,unswapping,,,,,,,,,,,,,,,,,,,,,,,,,,,,,,,,,,,,,,,,,,,,,,,32,4,18684,1194,246,62,4,both,0,31,31,1,1,,,,,116,2.0,16,30,0,0.0,,,,,,,,,,,,,,,,,,,,,,,,,,,,,,,
398.84703433298273,unswapping,,,,,,,,,,,,,,,,,,,,,,,,,,,,,,,,,,,,,,,,,,,,,,,32,4,18684,1194,246,62,4,both,1,30,30,0,1,,,,,116,2.0,16,30,0,0.0,,,,,,,,,,,,,,,,,,,,,,,,,,,,,,,
398.8883812910062,unswapping,,,,,,,,,,,,,,,,,,,,,,,,,,,,,,,,,,,,,,,,,,,,,,,32,4,18684,1194,246,62,4,left,0,31,31,0,1,,,,,116,2.0,16,31,0,0.0,,,,,,,,,,,,,,,,,,,,,,,,,,,,,,,
398.9304624579963,unswapping,,,,,,,,,,,,,,,,,,,,,,,,,,,,,,,,,,,,,,,,,,,,,,,32,4,18684,1194,246,62,4,left,1,30,30,0,1,,,,,116,2.0,16,30,0,0.0,,,,,,,,,,,,,,,,,,,,,,,,,,,,,,,
398.97339637501864,unswapping,,,,,,,,,,,,,,,,,,,,,,,,,,,,,,,,,,,,,,,,,,,,,,,32,4,18684,1194,246,62,4,right,0,31,31,0,1,,,,,116,2.0,16,31,0,0.0,,,,,,,,,,,,,,,,,,,,,,,,,,,,,,,
399.01542154100025,unswapping,,,,,,,,,,,,,,,,,,,,,,,,,,,,,,,,,,,,,,,,,,,,,,,32,4,18684,1194,246,62,4,right,1,30,30,0,1,,,,,116,2.0,16,30,0,0.0,,,,,,,,,,,,,,,,,,,,,,,,,,,,,,,
399.09857637499226,unswapping,,,,,,,,,,,,,,,,,,,,,,,,,,,,,,,,,,,,,,,,,,,,,,,32,4,18684,1194,246,62,5,both,0,31,31,0,0,,,,,116,2.0,16,31,0,0.0,,,,,,,,,,,,,,,,,,,,,,,,,,,,,,,
399.1793271250208,unswapping,,,,,,,,,,,,,,,,,,,,,,,,,,,,,,,,,,,,,,,,,,,,,,,32,4,18684,1194,246,62,5,both,1,30,30,0,0,,,,,116,2.0,16,30,0,0.0,,,,,,,,,,,,,,,,,,,,,,,,,,,,,,,
399.22163004102185,unswapping,,,,,,,,,,,,,,,,,,,,,,,,,,,,,,,,,,,,,,,,,,,,,,,32,4,18684,1194,246,62,5,left,0,31,31,0,0,,,,,116,2.0,16,31,0,0.0,,,,,,,,,,,,,,,,,,,,,,,,,,,,,,,
399.2632369999774,unswapping,,,,,,,,,,,,,,,,,,,,,,,,,,,,,,,,,,,,,,,,,,,,,,,32,4,18684,1194,246,62,5,left,1,30,30,0,0,,,,,116,2.0,16,30,0,0.0,,,,,,,,,,,,,,,,,,,,,,,,,,,,,,,
399.3079719999805,unswapping,,,,,,,,,,,,,,,,,,,,,,,,,,,,,,,,,,,,,,,,,,,,,,,32,4,18684,1194,246,62,5,right,0,31,31,0,0,,,,,116,2.0,16,31,0,0.0,,,,,,,,,,,,,,,,,,,,,,,,,,,,,,,
399.3542378330021,unswapping,,,,,,,,,,,,,,,,,,,,,,,,,,,,,,,,,,,,,,,,,,,,,,,32,4,18684,1194,246,62,5,right,1,30,30,0,0,,,,,116,2.0,16,30,0,0.0,,,,,,,,,,,,,,,,,,,,,,,,,,,,,,,
400.55634720798116,unswap_cycle_summary,,,,,,,,,,,,39,38,77,,,,,,,,,,,,,,,,,,,512,0.0006,,,,,,,,,,,,,32,4,18684,1194,246,62,,,,,,,,,,,,,,,,,,,,16,12.666744375019334,77,2593,2516,2,False,,,,,,,,,,,,,,,,,,,,,,
402.3993487909902,rewiring,left,post_unswap,1.8090805829851888,1508,False,False,,,,,,,,,,,,,,,,,,,,,,,,,,,,,,,,,,,,,,,,,,,,,,,,,,,,,,,,,,,,,,,,,,16,,,,,,,50,False,2,1,none,0.0,123,1.809075583005324,3.266350457968656,,,,,,,,,,,,,
403.8563190830173,rewiring,right,post_unswap,1.456766791001428,1769,False,False,,,,,,,,,,,,,,,,,,,,,,,,,,,,,,,,,,,,,,,,,,,,,,,,,,,,,,,,,,,,,,,,,,16,,,,,,,50,False,2,1,none,0.0,123,1.4567628329969011,3.266350457968656,,,,,,,,,,,,,
403.91995850001695,cycle_progress,,,,,,,,,,,,39,38,77,,,,,,,,,,,,,,,,,,,512,0.0006,,19236,0,,,,,,,,,,32,4,18684,1194,246,62,,,,,,,,,,,,,,,,,,,,16,,77,2593,2516,2,False,,,,,,,,,3.266350457968656,,,,,,,,,,,,,
404.0244339160272,absorbing,,,,,,,L,1,0,1599,1712,39,38,77,10,0,0,0.029317042033653706,0.03421675000572577,0.06353379203937948,0.07138550002127886,18684,25620,32,32,False,False,False,False,18684,32,False,512,0.0006,,18684,0,total_elems,18684,25620,1,1,,,,0.0,32,4,18684,1194,246,62,,,,,,,,,,,,,,,,,,,,,,,,,,,,,,,,,,,,,,,,,,,,,,,,
404.12629691598704,absorbing,,,,,,,R,1,1,1599,1712,39,38,77,14,0,0,0.03719304199330509,0.029262333002407104,0.06645537499571219,0.06824191601481289,27684,25620,54,32,False,False,False,False,25620,32,False,512,0.0006,,18684,0,total_elems,27684,25620,1,1,,,,0.0,32,4,25620,1422,246,62,,,,,,,,,,,,,,,,,,,,,,,,,,,,,,,,,,,,,,,,,,,,,,,,
404.252015999984,absorbing,,,,,,,L,2,1,1599,1712,39,38,77,7,0,0,0.037801666010636836,0.054265082988422364,0.0920667489990592,0.09269133402267471,35900,59896,54,54,False,False,False,False,35900,54,False,512,0.0006,,18684,0,total_elems,35900,59896,1,1,,,,0.0,54,4,35900,1620,246,62,,,,,,,,,,,,,,,,,,,,,,,,,,,,,,,,,,,,,,,,,,,,,,,,
404.39873904100386,absorbing,,,,,,,L,3,1,1599,1712,39,38,77,6,0,0,0.04458508302923292,0.06883962504798546,0.11342470807721838,0.11416866700164974,49100,78944,55,63,False,False,False,False,49100,55,False,512,0.0006,,18684,0,total_elems,49100,78944,1,1,,,,0.0,55,4,49100,1828,246,62,,,,,,,,,,,,,,,,,,,,,,,,,,,,,,,,,,,,,,,,,,,,,,,,
404.58789362502284,absorbing,,,,,,,L,4,1,1599,1712,39,38,77,7,0,0,0.06028954201610759,0.09279408300062642,0.153083625016734,0.1537723339861259,67612,105872,52,63,False,False,False,False,67612,52,False,512,0.0006,,18684,0,total_elems,67612,105872,1,1,,,,0.0,52,4,67612,1988,246,62,,,,,,,,,,,,,,,,,,,,,,,,,,,,,,,,,,,,,,,,,,,,,,,,
404.7970136249787,absorbing,,,,,,,L,5,1,1599,1712,39,38,77,6,0,0,0.07543470803648233,0.09675079199951142,0.17218550003599375,0.17369020800106227,83800,165696,64,191,False,False,False,False,83800,64,False,512,0.0006,,18684,0,total_elems,83800,165696,1,1,,,,0.0,64,4,83800,2168,246,62,,,,,,,,,,,,,,,,,,,,,,,,,,,,,,,,,,,,,,,,,,,,,,,,
405.0106028749724,absorbing,,,,,,,L,6,1,1599,1712,39,38,77,7,0,0,0.06756720901466906,0.11056337499758229,0.17813058401225135,0.17895341699477285,123872,199760,128,191,False,False,False,False,123872,128,False,512,0.0006,,18684,0,total_elems,123872,199760,1,1,,,,0.0,128,4,123872,2554,246,62,,,,,,,,,,,,,,,,,,,,,,,,,,,,,,,,,,,,,,,,,,,,,,,,
405.390036583005,absorbing,,,,,,,L,7,1,1599,1712,39,38,77,7,0,0,0.13489566603675485,0.20644120802171528,0.34133687405847013,0.3422336250077933,142640,242560,128,191,False,False,False,False,142640,128,False,512,0.0006,,18684,0,total_elems,142640,242560,1,1,,,,0.0,128,4,142640,2718,246,62,,,,,,,,,,,,,,,,,,,,,,,,,,,,,,,,,,,,,,,,,,,,,,,,
405.77586308302125,absorbing,,,,,,,L,8,1,1599,1712,40,38,78,6,1,1,0.1319812909932807,0.21459158405195922,0.3465728750452399,0.3486650830018334,172896,281812,128,191,False,False,False,False,172896,128,False,512,0.0006,,18684,0,total_elems,172896,281812,1,1,,,,0.0,128,4,172896,2988,246,62,,,,,,,,,,,,,,,,,,,,,,,,,,,,,,,,,,,,,,,,,,,,,,,,
406.1981372499722,absorbing,,,,,,,L,9,1,1599,1712,40,38,78,7,0,1,0.1478707090136595,0.23523229197598994,0.38310300098964944,0.3849507079576142,222008,334680,128,191,False,False,False,False,222008,128,False,512,0.0006,,18684,0,total_elems,222008,334680,1,1,,,,0.0,128,4,222008,3294,246,62,,,,,,,,,,,,,,,,,,,,,,,,,,,,,,,,,,,,,,,,,,,,,,,,
406.7411730000167,absorbing,,,,,,,L,10,1,1599,1712,40,38,78,7,0,1,0.2120419170241803,0.2923712079646066,0.5044131249887869,0.5061415829695761,322044,461408,191,240,False,False,False,False,322044,191,False,512,0.0006,,18684,0,total_elems,322044,461408,1,1,,,,0.0,191,4,322044,3834,246,62,,,,,,,,,,,,,,,,,,,,,,,,,,,,,,,,,,,,,,,,,,,,,,,,
409.3743789999862,unswapping,,,,,,,,,,,,,,,,,,,,,,,,,,,,,,,,,,,,,,,,,,,,,,,191,4,322044,3834,246,62,0,both,0,31,31,0,0,,,,,0,2.0,16,31,0,0.0,,,,,,,,,,,,,,,,,,,,,,,,,,,,,,,
412.1584884999902,unswapping,,,,,,,,,,,,,,,,,,,,,,,,,,,,,,,,,,,,,,,,,,,,,,,189,4,462460,4198,246,62,0,both,1,30,30,1,1,,,,,0,2.0,16,29,0,0.0,,,,,,,,,,,,,,,,,,,,,,,,,,,,,,,
413.2560342500219,unswapping,,,,,,,,,,,,,,,,,,,,,,,,,,,,,,,,,,,,,,,,,,,,,,,187,4,290944,3652,246,62,0,left,0,31,31,7,8,,,,,14,2.0,16,24,0,0.0,,,,,,,,,,,,,,,,,,,,,,,,,,,,,,,
413.84981195797445,unswapping,,,,,,,,,,,,,,,,,,,,,,,,,,,,,,,,,,,,,,,,,,,,,,,126,4,222624,3224,246,62,0,left,1,30,30,14,22,,,,,42,2.0,16,16,0,0.0,,,,,,,,,,,,,,,,,,,,,,,,,,,,,,,
414.38976829097373,unswapping,,,,,,,,,,,,,,,,,,,,,,,,,,,,,,,,,,,,,,,,,,,,,,,128,4,201568,3064,246,62,0,right,0,31,31,10,32,,,,,50,2.0,16,21,0,0.0,,,,,,,,,,,,,,,,,,,,,,,,,,,,,,,
414.8948086249875,unswapping,,,,,,,,,,,,,,,,,,,,,,,,,,,,,,,,,,,,,,,,,,,,,,,128,4,178616,2862,246,62,0,right,1,30,30,5,37,,,,,54,2.0,16,25,0,0.0,,,,,,,,,,,,,,,,,,,,,,,,,,,,,,,
415.7977238749736,unswapping,,,,,,,,,,,,,,,,,,,,,,,,,,,,,,,,,,,,,,,,,,,,,,,128,4,168040,2714,246,62,1,both,0,31,31,13,13,,,,,64,2.0,16,18,0,0.0,,,,,,,,,,,,,,,,,,,,,,,,,,,,,,,
416.6399999160203,unswapping,,,,,,,,,,,,,,,,,,,,,,,,,,,,,,,,,,,,,,,,,,,,,,,128,4,141516,2516,246,62,1,both,1,30,30,7,20,,,,,76,2.0,16,23,0,0.0,,,,,,,,,,,,,,,,,,,,,,,,,,,,,,,
416.9971835829783,unswapping,,,,,,,,,,,,,,,,,,,,,,,,,,,,,,,,,,,,,,,,,,,,,,,124,4,131480,2410,246,62,1,left,0,31,31,6,26,,,,,84,2.0,16,25,0,0.0,,,,,,,,,,,,,,,,,,,,,,,,,,,,,,,
417.3619765409967,unswapping,,,,,,,,,,,,,,,,,,,,,,,,,,,,,,,,,,,,,,,,,,,,,,,123,4,117000,2296,246,62,1,left,1,30,30,10,36,,,,,84,2.0,16,20,0,0.0,,,,,,,,,,,,,,,,,,,,,,,,,,,,,,,
417.59939475002466,unswapping,,,,,,,,,,,,,,,,,,,,,,,,,,,,,,,,,,,,,,,,,,,,,,,122,4,114112,2258,246,62,1,right,0,31,31,3,39,,,,,88,2.0,16,28,0,0.0,,,,,,,,,,,,,,,,,,,,,,,,,,,,,,,
417.95910062501207,unswapping,,,,,,,,,,,,,,,,,,,,,,,,,,,,,,,,,,,,,,,,,,,,,,,121,4,112584,2222,246,62,1,right,1,30,30,6,45,,,,,88,2.0,16,24,0,0.0,,,,,,,,,,,,,,,,,,,,,,,,,,,,,,,
418.5063130829949,unswapping,,,,,,,,,,,,,,,,,,,,,,,,,,,,,,,,,,,,,,,,,,,,,,,54,4,77260,1912,246,62,2,both,0,31,31,7,7,,,,,90,2.0,16,24,0,0.0,,,,,,,,,,,,,,,,,,,,,,,,,,,,,,,
418.8982485830202,unswapping,,,,,,,,,,,,,,,,,,,,,,,,,,,,,,,,,,,,,,,,,,,,,,,54,4,74156,1866,246,62,2,both,1,30,30,2,9,,,,,92,2.0,16,28,0,0.0,,,,,,,,,,,,,,,,,,,,,,,,,,,,,,,
419.08303670800524,unswapping,,,,,,,,,,,,,,,,,,,,,,,,,,,,,,,,,,,,,,,,,,,,,,,54,4,73132,1848,246,62,2,left,0,31,31,2,11,,,,,88,2.0,16,29,0,0.0,,,,,,,,,,,,,,,,,,,,,,,,,,,,,,,
419.2766617910238,unswapping,,,,,,,,,,,,,,,,,,,,,,,,,,,,,,,,,,,,,,,,,,,,,,,46,4,64660,1774,246,62,2,left,1,30,30,3,14,,,,,94,2.0,16,27,0,0.0,,,,,,,,,,,,,,,,,,,,,,,,,,,,,,,
419.4384448750061,unswapping,,,,,,,,,,,,,,,,,,,,,,,,,,,,,,,,,,,,,,,,,,,,,,,46,4,63964,1760,246,62,2,right,0,31,31,2,16,,,,,96,2.0,16,29,0,0.0,,,,,,,,,,,,,,,,,,,,,,,,,,,,,,,
419.6291285409825,unswapping,,,,,,,,,,,,,,,,,,,,,,,,,,,,,,,,,,,,,,,,,,,,,,,46,4,61404,1740,246,62,2,right,1,30,30,3,19,,,,,98,2.0,16,27,0,0.0,,,,,,,,,,,,,,,,,,,,,,,,,,,,,,,
420.0200226660236,unswapping,,,,,,,,,,,,,,,,,,,,,,,,,,,,,,,,,,,,,,,,,,,,,,,46,4,57476,1698,246,62,3,both,0,31,31,4,4,,,,,108,2.0,16,27,0,0.0,,,,,,,,,,,,,,,,,,,,,,,,,,,,,,,
420.35998104099417,unswapping,,,,,,,,,,,,,,,,,,,,,,,,,,,,,,,,,,,,,,,,,,,,,,,46,4,52808,1638,246,62,3,both,1,30,30,6,10,,,,,112,2.0,16,24,0,0.0,,,,,,,,,,,,,,,,,,,,,,,,,,,,,,,
420.48930370801827,unswapping,,,,,,,,,,,,,,,,,,,,,,,,,,,,,,,,,,,,,,,,,,,,,,,46,4,49640,1594,246,62,3,left,0,31,31,3,13,,,,,116,2.0,16,28,0,0.0,,,,,,,,,,,,,,,,,,,,,,,,,,,,,,,
420.61650641600136,unswapping,,,,,,,,,,,,,,,,,,,,,,,,,,,,,,,,,,,,,,,,,,,,,,,46,4,49064,1570,246,62,3,left,1,30,30,2,15,,,,,118,2.0,16,28,0,0.0,,,,,,,,,,,,,,,,,,,,,,,,,,,,,,,
420.75360945798457,unswapping,,,,,,,,,,,,,,,,,,,,,,,,,,,,,,,,,,,,,,,,,,,,,,,46,4,49208,1566,246,62,3,right,0,31,31,2,17,,,,,120,2.0,16,29,0,0.0,,,,,,,,,,,,,,,,,,,,,,,,,,,,,,,
420.8826161660254,unswapping,,,,,,,,,,,,,,,,,,,,,,,,,,,,,,,,,,,,,,,,,,,,,,,46,4,49516,1580,246,62,3,right,1,30,30,1,18,,,,,118,2.0,16,29,0,0.0,,,,,,,,,,,,,,,,,,,,,,,,,,,,,,,
421.1490703750169,unswapping,,,,,,,,,,,,,,,,,,,,,,,,,,,,,,,,,,,,,,,,,,,,,,,46,4,49516,1580,246,62,4,both,0,31,31,1,1,,,,,116,2.0,16,30,0,0.0,,,,,,,,,,,,,,,,,,,,,,,,,,,,,,,
421.43930629099486,unswapping,,,,,,,,,,,,,,,,,,,,,,,,,,,,,,,,,,,,,,,,,,,,,,,46,4,49484,1580,246,62,4,both,1,30,30,3,4,,,,,116,2.0,16,27,0,0.0,,,,,,,,,,,,,,,,,,,,,,,,,,,,,,,
421.58196979097556,unswapping,,,,,,,,,,,,,,,,,,,,,,,,,,,,,,,,,,,,,,,,,,,,,,,46,4,46348,1536,246,62,4,left,0,31,31,3,7,,,,,116,2.0,16,28,0,0.0,,,,,,,,,,,,,,,,,,,,,,,,,,,,,,,
421.69493145798333,unswapping,,,,,,,,,,,,,,,,,,,,,,,,,,,,,,,,,,,,,,,,,,,,,,,46,4,46084,1524,246,62,4,left,1,30,30,1,8,,,,,118,2.0,16,29,0,0.0,,,,,,,,,,,,,,,,,,,,,,,,,,,,,,,
421.81796750001376,unswapping,,,,,,,,,,,,,,,,,,,,,,,,,,,,,,,,,,,,,,,,,,,,,,,46,4,46084,1524,246,62,4,right,0,31,31,1,9,,,,,118,2.0,16,30,0,0.0,,,,,,,,,,,,,,,,,,,,,,,,,,,,,,,
421.9034738750197,unswapping,,,,,,,,,,,,,,,,,,,,,,,,,,,,,,,,,,,,,,,,,,,,,,,46,4,46084,1524,246,62,4,right,1,30,30,0,9,,,,,118,2.0,16,30,0,0.0,,,,,,,,,,,,,,,,,,,,,,,,,,,,,,,
422.1499939999776,unswapping,,,,,,,,,,,,,,,,,,,,,,,,,,,,,,,,,,,,,,,,,,,,,,,46,4,46004,1520,246,62,5,both,0,31,31,1,1,,,,,118,2.0,16,30,0,0.0,,,,,,,,,,,,,,,,,,,,,,,,,,,,,,,
422.3975703329779,unswapping,,,,,,,,,,,,,,,,,,,,,,,,,,,,,,,,,,,,,,,,,,,,,,,46,4,45956,1516,246,62,5,both,1,30,30,3,4,,,,,118,2.0,16,27,0,0.0,,,,,,,,,,,,,,,,,,,,,,,,,,,,,,,
422.4797239159816,unswapping,,,,,,,,,,,,,,,,,,,,,,,,,,,,,,,,,,,,,,,,,,,,,,,46,4,45956,1516,246,62,5,left,0,31,31,0,4,,,,,118,2.0,16,31,0,0.0,,,,,,,,,,,,,,,,,,,,,,,,,,,,,,,
422.56171049998375,unswapping,,,,,,,,,,,,,,,,,,,,,,,,,,,,,,,,,,,,,,,,,,,,,,,46,4,45956,1516,246,62,5,left,1,30,30,0,4,,,,,118,2.0,16,30,0,0.0,,,,,,,,,,,,,,,,,,,,,,,,,,,,,,,
422.68408270797227,unswapping,,,,,,,,,,,,,,,,,,,,,,,,,,,,,,,,,,,,,,,,,,,,,,,46,4,46148,1524,246,62,5,right,0,31,31,1,5,,,,,116,2.0,16,30,0,0.0,,,,,,,,,,,,,,,,,,,,,,,,,,,,,,,
422.7808855000185,unswapping,,,,,,,,,,,,,,,,,,,,,,,,,,,,,,,,,,,,,,,,,,,,,,,46,4,46148,1524,246,62,5,right,1,30,30,0,5,,,,,116,2.0,16,30,0,0.0,,,,,,,,,,,,,,,,,,,,,,,,,,,,,,,
422.9628362500225,unswapping,,,,,,,,,,,,,,,,,,,,,,,,,,,,,,,,,,,,,,,,,,,,,,,46,4,46148,1524,246,62,6,both,0,31,31,0,0,,,,,116,2.0,16,31,0,0.0,,,,,,,,,,,,,,,,,,,,,,,,,,,,,,,
423.20440066599986,unswapping,,,,,,,,,,,,,,,,,,,,,,,,,,,,,,,,,,,,,,,,,,,,,,,46,4,46196,1528,246,62,6,both,1,30,30,2,2,,,,,118,2.0,16,28,0,0.0,,,,,,,,,,,,,,,,,,,,,,,,,,,,,,,
423.2874636250199,unswapping,,,,,,,,,,,,,,,,,,,,,,,,,,,,,,,,,,,,,,,,,,,,,,,46,4,46196,1528,246,62,6,left,0,31,31,0,2,,,,,118,2.0,16,31,0,0.0,,,,,,,,,,,,,,,,,,,,,,,,,,,,,,,
423.3656593330088,unswapping,,,,,,,,,,,,,,,,,,,,,,,,,,,,,,,,,,,,,,,,,,,,,,,46,4,46196,1528,246,62,6,left,1,30,30,0,2,,,,,118,2.0,16,30,0,0.0,,,,,,,,,,,,,,,,,,,,,,,,,,,,,,,
423.45455962501,unswapping,,,,,,,,,,,,,,,,,,,,,,,,,,,,,,,,,,,,,,,,,,,,,,,46,4,46196,1528,246,62,6,right,0,31,31,0,2,,,,,118,2.0,16,31,0,0.0,,,,,,,,,,,,,,,,,,,,,,,,,,,,,,,
423.53722633299185,unswapping,,,,,,,,,,,,,,,,,,,,,,,,,,,,,,,,,,,,,,,,,,,,,,,46,4,46196,1528,246,62,6,right,1,30,30,0,2,,,,,118,2.0,16,30,0,0.0,,,,,,,,,,,,,,,,,,,,,,,,,,,,,,,
423.71979025000473,unswapping,,,,,,,,,,,,,,,,,,,,,,,,,,,,,,,,,,,,,,,,,,,,,,,46,4,46196,1528,246,62,7,both,0,31,31,0,0,,,,,118,2.0,16,31,0,0.0,,,,,,,,,,,,,,,,,,,,,,,,,,,,,,,
423.9397279159748,unswapping,,,,,,,,,,,,,,,,,,,,,,,,,,,,,,,,,,,,,,,,,,,,,,,46,4,46148,1524,246,62,7,both,1,30,30,2,2,,,,,116,2.0,16,28,0,0.0,,,,,,,,,,,,,,,,,,,,,,,,,,,,,,,
424.0227852080134,unswapping,,,,,,,,,,,,,,,,,,,,,,,,,,,,,,,,,,,,,,,,,,,,,,,46,4,46148,1524,246,62,7,left,0,31,31,0,2,,,,,116,2.0,16,31,0,0.0,,,,,,,,,,,,,,,,,,,,,,,,,,,,,,,
424.1033552499721,unswapping,,,,,,,,,,,,,,,,,,,,,,,,,,,,,,,,,,,,,,,,,,,,,,,46,4,46148,1524,246,62,7,left,1,30,30,0,2,,,,,116,2.0,16,30,0,0.0,,,,,,,,,,,,,,,,,,,,,,,,,,,,,,,
424.19582462497056,unswapping,,,,,,,,,,,,,,,,,,,,,,,,,,,,,,,,,,,,,,,,,,,,,,,46,4,46148,1524,246,62,7,right,0,31,31,0,2,,,,,116,2.0,16,31,0,0.0,,,,,,,,,,,,,,,,,,,,,,,,,,,,,,,
424.2826810000115,unswapping,,,,,,,,,,,,,,,,,,,,,,,,,,,,,,,,,,,,,,,,,,,,,,,46,4,46148,1524,246,62,7,right,1,30,30,0,2,,,,,116,2.0,16,30,0,0.0,,,,,,,,,,,,,,,,,,,,,,,,,,,,,,,
424.463906583027,unswapping,,,,,,,,,,,,,,,,,,,,,,,,,,,,,,,,,,,,,,,,,,,,,,,46,4,46148,1524,246,62,8,both,0,31,31,0,0,,,,,116,2.0,16,31,0,0.0,,,,,,,,,,,,,,,,,,,,,,,,,,,,,,,
424.69228891597595,unswapping,,,,,,,,,,,,,,,,,,,,,,,,,,,,,,,,,,,,,,,,,,,,,,,46,4,46196,1528,246,62,8,both,1,30,30,2,2,,,,,118,2.0,16,28,0,0.0,,,,,,,,,,,,,,,,,,,,,,,,,,,,,,,
424.77074766601436,unswapping,,,,,,,,,,,,,,,,,,,,,,,,,,,,,,,,,,,,,,,,,,,,,,,46,4,46196,1528,246,62,8,left,0,31,31,0,2,,,,,118,2.0,16,31,0,0.0,,,,,,,,,,,,,,,,,,,,,,,,,,,,,,,
424.8533959580236,unswapping,,,,,,,,,,,,,,,,,,,,,,,,,,,,,,,,,,,,,,,,,,,,,,,46,4,46196,1528,246,62,8,left,1,30,30,0,2,,,,,118,2.0,16,30,0,0.0,,,,,,,,,,,,,,,,,,,,,,,,,,,,,,,
424.9443008329836,unswapping,,,,,,,,,,,,,,,,,,,,,,,,,,,,,,,,,,,,,,,,,,,,,,,46,4,46196,1528,246,62,8,right,0,31,31,0,2,,,,,118,2.0,16,31,0,0.0,,,,,,,,,,,,,,,,,,,,,,,,,,,,,,,
425.0255856249714,unswapping,,,,,,,,,,,,,,,,,,,,,,,,,,,,,,,,,,,,,,,,,,,,,,,46,4,46196,1528,246,62,8,right,1,30,30,0,2,,,,,118,2.0,16,30,0,0.0,,,,,,,,,,,,,,,,,,,,,,,,,,,,,,,
425.21774574997835,unswapping,,,,,,,,,,,,,,,,,,,,,,,,,,,,,,,,,,,,,,,,,,,,,,,46,4,46196,1528,246,62,9,both,0,31,31,0,0,,,,,118,2.0,16,31,0,0.0,,,,,,,,,,,,,,,,,,,,,,,,,,,,,,,
425.45457087497925,unswapping,,,,,,,,,,,,,,,,,,,,,,,,,,,,,,,,,,,,,,,,,,,,,,,46,4,46148,1524,246,62,9,both,1,30,30,2,2,,,,,116,2.0,16,28,0,0.0,,,,,,,,,,,,,,,,,,,,,,,,,,,,,,,
425.5368636249914,unswapping,,,,,,,,,,,,,,,,,,,,,,,,,,,,,,,,,,,,,,,,,,,,,,,46,4,46148,1524,246,62,9,left,0,31,31,0,2,,,,,116,2.0,16,31,0,0.0,,,,,,,,,,,,,,,,,,,,,,,,,,,,,,,
425.6141251659719,unswapping,,,,,,,,,,,,,,,,,,,,,,,,,,,,,,,,,,,,,,,,,,,,,,,46,4,46148,1524,246,62,9,left,1,30,30,0,2,,,,,116,2.0,16,30,0,0.0,,,,,,,,,,,,,,,,,,,,,,,,,,,,,,,
425.7012023329735,unswapping,,,,,,,,,,,,,,,,,,,,,,,,,,,,,,,,,,,,,,,,,,,,,,,46,4,46148,1524,246,62,9,right,0,31,31,0,2,,,,,116,2.0,16,31,0,0.0,,,,,,,,,,,,,,,,,,,,,,,,,,,,,,,
425.7811116660014,unswapping,,,,,,,,,,,,,,,,,,,,,,,,,,,,,,,,,,,,,,,,,,,,,,,46,4,46148,1524,246,62,9,right,1,30,30,0,2,,,,,116,2.0,16,30,0,0.0,,,,,,,,,,,,,,,,,,,,,,,,,,,,,,,
425.9544747910113,unswapping,,,,,,,,,,,,,,,,,,,,,,,,,,,,,,,,,,,,,,,,,,,,,,,46,4,46148,1524,246,62,10,both,0,31,31,0,0,,,,,116,2.0,16,31,0,0.0,,,,,,,,,,,,,,,,,,,,,,,,,,,,,,,
426.1844314580085,unswapping,,,,,,,,,,,,,,,,,,,,,,,,,,,,,,,,,,,,,,,,,,,,,,,46,4,46196,1528,246,62,10,both,1,30,30,2,2,,,,,118,2.0,16,28,0,0.0,,,,,,,,,,,,,,,,,,,,,,,,,,,,,,,
426.2710057909717,unswapping,,,,,,,,,,,,,,,,,,,,,,,,,,,,,,,,,,,,,,,,,,,,,,,46,4,46196,1528,246,62,10,left,0,31,31,0,2,,,,,118,2.0,16,31,0,0.0,,,,,,,,,,,,,,,,,,,,,,,,,,,,,,,
426.34907533298247,unswapping,,,,,,,,,,,,,,,,,,,,,,,,,,,,,,,,,,,,,,,,,,,,,,,46,4,46196,1528,246,62,10,left,1,30,30,0,2,,,,,118,2.0,16,30,0,0.0,,,,,,,,,,,,,,,,,,,,,,,,,,,,,,,
426.44245816598414,unswapping,,,,,,,,,,,,,,,,,,,,,,,,,,,,,,,,,,,,,,,,,,,,,,,46,4,46196,1528,246,62,10,right,0,31,31,0,2,,,,,118,2.0,16,31,0,0.0,,,,,,,,,,,,,,,,,,,,,,,,,,,,,,,
426.5311138749821,unswapping,,,,,,,,,,,,,,,,,,,,,,,,,,,,,,,,,,,,,,,,,,,,,,,46,4,46196,1528,246,62,10,right,1,30,30,0,2,,,,,118,2.0,16,30,0,0.0,,,,,,,,,,,,,,,,,,,,,,,,,,,,,,,
426.71435174997896,unswapping,,,,,,,,,,,,,,,,,,,,,,,,,,,,,,,,,,,,,,,,,,,,,,,46,4,46196,1528,246,62,11,both,0,31,31,0,0,,,,,118,2.0,16,31,0,0.0,,,,,,,,,,,,,,,,,,,,,,,,,,,,,,,
426.942907166027,unswapping,,,,,,,,,,,,,,,,,,,,,,,,,,,,,,,,,,,,,,,,,,,,,,,46,4,46148,1524,246,62,11,both,1,30,30,2,2,,,,,116,2.0,16,28,0,0.0,,,,,,,,,,,,,,,,,,,,,,,,,,,,,,,
427.025596624997,unswapping,,,,,,,,,,,,,,,,,,,,,,,,,,,,,,,,,,,,,,,,,,,,,,,46,4,46148,1524,246,62,11,left,0,31,31,0,2,,,,,116,2.0,16,31,0,0.0,,,,,,,,,,,,,,,,,,,,,,,,,,,,,,,
427.1107292500092,unswapping,,,,,,,,,,,,,,,,,,,,,,,,,,,,,,,,,,,,,,,,,,,,,,,46,4,46148,1524,246,62,11,left,1,30,30,0,2,,,,,116,2.0,16,30,0,0.0,,,,,,,,,,,,,,,,,,,,,,,,,,,,,,,
427.1966003329726,unswapping,,,,,,,,,,,,,,,,,,,,,,,,,,,,,,,,,,,,,,,,,,,,,,,46,4,46148,1524,246,62,11,right,0,31,31,0,2,,,,,116,2.0,16,31,0,0.0,,,,,,,,,,,,,,,,,,,,,,,,,,,,,,,
427.2915533329942,unswapping,,,,,,,,,,,,,,,,,,,,,,,,,,,,,,,,,,,,,,,,,,,,,,,46,4,46148,1524,246,62,11,right,1,30,30,0,2,,,,,116,2.0,16,30,0,0.0,,,,,,,,,,,,,,,,,,,,,,,,,,,,,,,
427.4811007080134,unswapping,,,,,,,,,,,,,,,,,,,,,,,,,,,,,,,,,,,,,,,,,,,,,,,46,4,46148,1524,246,62,12,both,0,31,31,0,0,,,,,116,2.0,16,31,0,0.0,,,,,,,,,,,,,,,,,,,,,,,,,,,,,,,
428.39361504098633,unswapping,,,,,,,,,,,,,,,,,,,,,,,,,,,,,,,,,,,,,,,,,,,,,,,46,4,46196,1528,246,62,12,both,1,30,30,2,2,,,,,118,2.0,16,28,0,0.0,,,,,,,,,,,,,,,,,,,,,,,,,,,,,,,
428.48213424999267,unswapping,,,,,,,,,,,,,,,,,,,,,,,,,,,,,,,,,,,,,,,,,,,,,,,46,4,46196,1528,246,62,12,left,0,31,31,0,2,,,,,118,2.0,16,31,0,0.0,,,,,,,,,,,,,,,,,,,,,,,,,,,,,,,
428.56024445797084,unswapping,,,,,,,,,,,,,,,,,,,,,,,,,,,,,,,,,,,,,,,,,,,,,,,46,4,46196,1528,246,62,12,left,1,30,30,0,2,,,,,118,2.0,16,30,0,0.0,,,,,,,,,,,,,,,,,,,,,,,,,,,,,,,
428.6484251249931,unswapping,,,,,,,,,,,,,,,,,,,,,,,,,,,,,,,,,,,,,,,,,,,,,,,46,4,46196,1528,246,62,12,right,0,31,31,0,2,,,,,118,2.0,16,31,0,0.0,,,,,,,,,,,,,,,,,,,,,,,,,,,,,,,
428.72762920800596,unswapping,,,,,,,,,,,,,,,,,,,,,,,,,,,,,,,,,,,,,,,,,,,,,,,46,4,46196,1528,246,62,12,right,1,30,30,0,2,,,,,118,2.0,16,30,0,0.0,,,,,,,,,,,,,,,,,,,,,,,,,,,,,,,
428.9004297499778,unswapping,,,,,,,,,,,,,,,,,,,,,,,,,,,,,,,,,,,,,,,,,,,,,,,46,4,46196,1528,246,62,13,both,0,31,31,0,0,,,,,118,2.0,16,31,0,0.0,,,,,,,,,,,,,,,,,,,,,,,,,,,,,,,
429.1398932079901,unswapping,,,,,,,,,,,,,,,,,,,,,,,,,,,,,,,,,,,,,,,,,,,,,,,46,4,46148,1524,246,62,13,both,1,30,30,2,2,,,,,116,2.0,16,28,0,0.0,,,,,,,,,,,,,,,,,,,,,,,,,,,,,,,
429.2253185409936,unswapping,,,,,,,,,,,,,,,,,,,,,,,,,,,,,,,,,,,,,,,,,,,,,,,46,4,46148,1524,246,62,13,left,0,31,31,0,2,,,,,116,2.0,16,31,0,0.0,,,,,,,,,,,,,,,,,,,,,,,,,,,,,,,
429.3076015000115,unswapping,,,,,,,,,,,,,,,,,,,,,,,,,,,,,,,,,,,,,,,,,,,,,,,46,4,46148,1524,246,62,13,left,1,30,30,0,2,,,,,116,2.0,16,30,0,0.0,,,,,,,,,,,,,,,,,,,,,,,,,,,,,,,
429.39628275000723,unswapping,,,,,,,,,,,,,,,,,,,,,,,,,,,,,,,,,,,,,,,,,,,,,,,46,4,46148,1524,246,62,13,right,0,31,31,0,2,,,,,116,2.0,16,31,0,0.0,,,,,,,,,,,,,,,,,,,,,,,,,,,,,,,
429.4775277500157,unswapping,,,,,,,,,,,,,,,,,,,,,,,,,,,,,,,,,,,,,,,,,,,,,,,46,4,46148,1524,246,62,13,right,1,30,30,0,2,,,,,116,2.0,16,30,0,0.0,,,,,,,,,,,,,,,,,,,,,,,,,,,,,,,
429.6587642909726,unswapping,,,,,,,,,,,,,,,,,,,,,,,,,,,,,,,,,,,,,,,,,,,,,,,46,4,46148,1524,246,62,14,both,0,31,31,0,0,,,,,116,2.0,16,31,0,0.0,,,,,,,,,,,,,,,,,,,,,,,,,,,,,,,
429.9068089160137,unswapping,,,,,,,,,,,,,,,,,,,,,,,,,,,,,,,,,,,,,,,,,,,,,,,46,4,46196,1528,246,62,14,both,1,30,30,2,2,,,,,118,2.0,16,28,0,0.0,,,,,,,,,,,,,,,,,,,,,,,,,,,,,,,
429.990394708002,unswapping,,,,,,,,,,,,,,,,,,,,,,,,,,,,,,,,,,,,,,,,,,,,,,,46,4,46196,1528,246,62,14,left,0,31,31,0,2,,,,,118,2.0,16,31,0,0.0,,,,,,,,,,,,,,,,,,,,,,,,,,,,,,,
430.0795773330028,unswapping,,,,,,,,,,,,,,,,,,,,,,,,,,,,,,,,,,,,,,,,,,,,,,,46,4,46196,1528,246,62,14,left,1,30,30,0,2,,,,,118,2.0,16,30,0,0.0,,,,,,,,,,,,,,,,,,,,,,,,,,,,,,,
430.1746787910233,unswapping,,,,,,,,,,,,,,,,,,,,,,,,,,,,,,,,,,,,,,,,,,,,,,,46,4,46196,1528,246,62,14,right,0,31,31,0,2,,,,,118,2.0,16,31,0,0.0,,,,,,,,,,,,,,,,,,,,,,,,,,,,,,,
430.2615544999717,unswapping,,,,,,,,,,,,,,,,,,,,,,,,,,,,,,,,,,,,,,,,,,,,,,,46,4,46196,1528,246,62,14,right,1,30,30,0,2,,,,,118,2.0,16,30,0,0.0,,,,,,,,,,,,,,,,,,,,,,,,,,,,,,,
430.4459928749711,unswapping,,,,,,,,,,,,,,,,,,,,,,,,,,,,,,,,,,,,,,,,,,,,,,,46,4,46196,1528,246,62,15,both,0,31,31,0,0,,,,,118,2.0,16,31,0,0.0,,,,,,,,,,,,,,,,,,,,,,,,,,,,,,,
430.695027165988,unswapping,,,,,,,,,,,,,,,,,,,,,,,,,,,,,,,,,,,,,,,,,,,,,,,46,4,46148,1524,246,62,15,both,1,30,30,2,2,,,,,116,2.0,16,28,0,0.0,,,,,,,,,,,,,,,,,,,,,,,,,,,,,,,
430.7808404159732,unswapping,,,,,,,,,,,,,,,,,,,,,,,,,,,,,,,,,,,,,,,,,,,,,,,46,4,46148,1524,246,62,15,left,0,31,31,0,2,,,,,116,2.0,16,31,0,0.0,,,,,,,,,,,,,,,,,,,,,,,,,,,,,,,
430.85983083298197,unswapping,,,,,,,,,,,,,,,,,,,,,,,,,,,,,,,,,,,,,,,,,,,,,,,46,4,46148,1524,246,62,15,left,1,30,30,0,2,,,,,116,2.0,16,30,0,0.0,,,,,,,,,,,,,,,,,,,,,,,,,,,,,,,
430.95112558297114,unswapping,,,,,,,,,,,,,,,,,,,,,,,,,,,,,,,,,,,,,,,,,,,,,,,46,4,46148,1524,246,62,15,right,0,31,31,0,2,,,,,116,2.0,16,31,0,0.0,,,,,,,,,,,,,,,,,,,,,,,,,,,,,,,
431.0413619580213,unswapping,,,,,,,,,,,,,,,,,,,,,,,,,,,,,,,,,,,,,,,,,,,,,,,46,4,46148,1524,246,62,15,right,1,30,30,0,2,,,,,116,2.0,16,30,0,0.0,,,,,,,,,,,,,,,,,,,,,,,,,,,,,,,
431.2292692909832,unswapping,,,,,,,,,,,,,,,,,,,,,,,,,,,,,,,,,,,,,,,,,,,,,,,46,4,46148,1524,246,62,16,both,0,31,31,0,0,,,,,116,2.0,16,31,0,0.0,,,,,,,,,,,,,,,,,,,,,,,,,,,,,,,
431.4572000000044,unswapping,,,,,,,,,,,,,,,,,,,,,,,,,,,,,,,,,,,,,,,,,,,,,,,46,4,46196,1528,246,62,16,both,1,30,30,2,2,,,,,118,2.0,16,28,0,0.0,,,,,,,,,,,,,,,,,,,,,,,,,,,,,,,
431.54366000002483,unswapping,,,,,,,,,,,,,,,,,,,,,,,,,,,,,,,,,,,,,,,,,,,,,,,46,4,46196,1528,246,62,16,left,0,31,31,0,2,,,,,118,2.0,16,31,0,0.0,,,,,,,,,,,,,,,,,,,,,,,,,,,,,,,
431.62432050000643,unswapping,,,,,,,,,,,,,,,,,,,,,,,,,,,,,,,,,,,,,,,,,,,,,,,46,4,46196,1528,246,62,16,left,1,30,30,0,2,,,,,118,2.0,16,30,0,0.0,,,,,,,,,,,,,,,,,,,,,,,,,,,,,,,
431.7227382499841,unswapping,,,,,,,,,,,,,,,,,,,,,,,,,,,,,,,,,,,,,,,,,,,,,,,46,4,46196,1528,246,62,16,right,0,31,31,0,2,,,,,118,2.0,16,31,0,0.0,,,,,,,,,,,,,,,,,,,,,,,,,,,,,,,
431.8106234999723,unswapping,,,,,,,,,,,,,,,,,,,,,,,,,,,,,,,,,,,,,,,,,,,,,,,46,4,46196,1528,246,62,16,right,1,30,30,0,2,,,,,118,2.0,16,30,0,0.0,,,,,,,,,,,,,,,,,,,,,,,,,,,,,,,
432.0064785829745,unswapping,,,,,,,,,,,,,,,,,,,,,,,,,,,,,,,,,,,,,,,,,,,,,,,46,4,46196,1528,246,62,17,both,0,31,31,0,0,,,,,118,2.0,16,31,0,0.0,,,,,,,,,,,,,,,,,,,,,,,,,,,,,,,
432.2478819580283,unswapping,,,,,,,,,,,,,,,,,,,,,,,,,,,,,,,,,,,,,,,,,,,,,,,46,4,46148,1524,246,62,17,both,1,30,30,2,2,,,,,116,2.0,16,28,0,0.0,,,,,,,,,,,,,,,,,,,,,,,,,,,,,,,
432.32409629097674,unswapping,,,,,,,,,,,,,,,,,,,,,,,,,,,,,,,,,,,,,,,,,,,,,,,46,4,46148,1524,246,62,17,left,0,31,31,0,2,,,,,116,2.0,16,31,0,0.0,,,,,,,,,,,,,,,,,,,,,,,,,,,,,,,
432.4007517499849,unswapping,,,,,,,,,,,,,,,,,,,,,,,,,,,,,,,,,,,,,,,,,,,,,,,46,4,46148,1524,246,62,17,left,1,30,30,0,2,,,,,116,2.0,16,30,0,0.0,,,,,,,,,,,,,,,,,,,,,,,,,,,,,,,
432.4904854160268,unswapping,,,,,,,,,,,,,,,,,,,,,,,,,,,,,,,,,,,,,,,,,,,,,,,46,4,46148,1524,246,62,17,right,0,31,31,0,2,,,,,116,2.0,16,31,0,0.0,,,,,,,,,,,,,,,,,,,,,,,,,,,,,,,
432.5784805829753,unswapping,,,,,,,,,,,,,,,,,,,,,,,,,,,,,,,,,,,,,,,,,,,,,,,46,4,46148,1524,246,62,17,right,1,30,30,0,2,,,,,116,2.0,16,30,0,0.0,,,,,,,,,,,,,,,,,,,,,,,,,,,,,,,
432.7727154159802,unswapping,,,,,,,,,,,,,,,,,,,,,,,,,,,,,,,,,,,,,,,,,,,,,,,46,4,46148,1524,246,62,18,both,0,31,31,0,0,,,,,116,2.0,16,31,0,0.0,,,,,,,,,,,,,,,,,,,,,,,,,,,,,,,
433.02194866602076,unswapping,,,,,,,,,,,,,,,,,,,,,,,,,,,,,,,,,,,,,,,,,,,,,,,46,4,46196,1528,246,62,18,both,1,30,30,2,2,,,,,118,2.0,16,28,0,0.0,,,,,,,,,,,,,,,,,,,,,,,,,,,,,,,
433.0981547079864,unswapping,,,,,,,,,,,,,,,,,,,,,,,,,,,,,,,,,,,,,,,,,,,,,,,46,4,46196,1528,246,62,18,left,0,31,31,0,2,,,,,118,2.0,16,31,0,0.0,,,,,,,,,,,,,,,,,,,,,,,,,,,,,,,
433.1842892909772,unswapping,,,,,,,,,,,,,,,,,,,,,,,,,,,,,,,,,,,,,,,,,,,,,,,46,4,46196,1528,246,62,18,left,1,30,30,0,2,,,,,118,2.0,16,30,0,0.0,,,,,,,,,,,,,,,,,,,,,,,,,,,,,,,
433.2744256249862,unswapping,,,,,,,,,,,,,,,,,,,,,,,,,,,,,,,,,,,,,,,,,,,,,,,46,4,46196,1528,246,62,18,right,0,31,31,0,2,,,,,118,2.0,16,31,0,0.0,,,,,,,,,,,,,,,,,,,,,,,,,,,,,,,
433.3547405410209,unswapping,,,,,,,,,,,,,,,,,,,,,,,,,,,,,,,,,,,,,,,,,,,,,,,46,4,46196,1528,246,62,18,right,1,30,30,0,2,,,,,118,2.0,16,30,0,0.0,,,,,,,,,,,,,,,,,,,,,,,,,,,,,,,
433.54468695801916,unswapping,,,,,,,,,,,,,,,,,,,,,,,,,,,,,,,,,,,,,,,,,,,,,,,46,4,46196,1528,246,62,19,both,0,31,31,0,0,,,,,118,2.0,16,31,0,0.0,,,,,,,,,,,,,,,,,,,,,,,,,,,,,,,
433.80826791597065,unswapping,,,,,,,,,,,,,,,,,,,,,,,,,,,,,,,,,,,,,,,,,,,,,,,46,4,46148,1524,246,62,19,both,1,30,30,2,2,,,,,116,2.0,16,28,0,0.0,,,,,,,,,,,,,,,,,,,,,,,,,,,,,,,
433.88797162502306,unswapping,,,,,,,,,,,,,,,,,,,,,,,,,,,,,,,,,,,,,,,,,,,,,,,46,4,46148,1524,246,62,19,left,0,31,31,0,2,,,,,116,2.0,16,31,0,0.0,,,,,,,,,,,,,,,,,,,,,,,,,,,,,,,
433.97109287499916,unswapping,,,,,,,,,,,,,,,,,,,,,,,,,,,,,,,,,,,,,,,,,,,,,,,46,4,46148,1524,246,62,19,left,1,30,30,0,2,,,,,116,2.0,16,30,0,0.0,,,,,,,,,,,,,,,,,,,,,,,,,,,,,,,
434.064266374975,unswapping,,,,,,,,,,,,,,,,,,,,,,,,,,,,,,,,,,,,,,,,,,,,,,,46,4,46148,1524,246,62,19,right,0,31,31,0,2,,,,,116,2.0,16,31,0,0.0,,,,,,,,,,,,,,,,,,,,,,,,,,,,,,,
434.14957524999045,unswapping,,,,,,,,,,,,,,,,,,,,,,,,,,,,,,,,,,,,,,,,,,,,,,,46,4,46148,1524,246,62,19,right,1,30,30,0,2,,,,,116,2.0,16,30,0,0.0,,,,,,,,,,,,,,,,,,,,,,,,,,,,,,,
438.30364720802754,unswap_cycle_summary,,,,,,,,,,,,40,38,78,,,,,,,,,,,,,,,,,,,512,0.0006,,,,,,,,,,,,,46,4,46148,1524,246,62,,,,,,,,,,,,,,,,,,,,17,26.618346959003247,78,2593,2515,1,False,,,,,,,,,,,,,,,,,,,,,,
439.5601100830245,rewiring,left,post_unswap,1.22378508298425,1591,False,False,,,,,,,,,,,,,,,,,,,,,,,,,,,,,,,,,,,,,,,,,,,,,,,,,,,,,,,,,,,,,,,,,,17,,,,,,,50,False,1,1,none,0.0,123,1.2237809160142206,2.302170709008351,,,,,,,,,,,,,
440.6382568330155,rewiring,right,post_unswap,1.0779877090244554,1713,False,False,,,,,,,,,,,,,,,,,,,,,,,,,,,,,,,,,,,,,,,,,,,,,,,,,,,,,,,,,,,,,,,,,,17,,,,,,,50,False,1,1,none,0.0,123,1.0779846669756807,2.302170709008351,,,,,,,,,,,,,
440.70950083300704,cycle_progress,,,,,,,,,,,,40,38,78,,,,,,,,,,,,,,,,,,,512,0.0006,,18684,0,,,,,,,,,,46,4,46148,1524,246,62,,,,,,,,,,,,,,,,,,,,17,,78,2593,2515,1,False,,,,,,,,,2.302170709008351,,,,,,,,,,,,,
441.52082037500804,absorbing,,,,,,,L,1,0,1618,1623,40,38,78,11,0,0,0.7011848749825731,0.0654639580170624,0.7666488329996355,0.772540417034179,46148,87992,46,115,False,False,False,False,46148,46,False,512,0.0006,,46148,0,total_elems,46148,87992,1,1,,,,0.0,46,4,46148,1524,246,62,,,,,,,,,,,,,,,,,,,,,,,,,,,,,,,,,,,,,,,,,,,,,,,,
441.67725850001443,absorbing,,,,,,,L,2,0,1618,1623,40,38,78,9,0,0,0.05116608296521008,0.06646866694791242,0.1176347499131225,0.11936979199526832,50628,87992,46,115,False,False,False,False,50628,46,False,512,0.0006,,46148,0,total_elems,50628,87992,1,1,,,,0.0,46,4,50628,1652,246,62,,,,,,,,,,,,,,,,,,,,,,,,,,,,,,,,,,,,,,,,,,,,,,,,
441.87135704100365,absorbing,,,,,,,L,3,0,1618,1623,40,38,78,8,0,0,0.07272075000219047,0.08336354198399931,0.15608429198618978,0.15670266601955518,64612,93928,64,115,False,False,False,False,64612,64,False,512,0.0006,,46148,0,total_elems,64612,93928,1,1,,,,0.0,64,4,64612,1906,246,62,,,,,,,,,,,,,,,,,,,,,,,,,,,,,,,,,,,,,,,,,,,,,,,,
442.09074604097987,absorbing,,,,,,,L,4,0,1618,1623,40,38,78,5,0,0,0.08890766697004437,0.09221124998293817,0.18111891695298254,0.18177675001788884,106776,108488,122,115,False,False,False,False,106776,122,False,512,0.0006,,46148,0,total_elems,106776,108488,1,1,,,,0.0,122,4,106776,2264,246,62,,,,,,,,,,,,,,,,,,,,,,,,,,,,,,,,,,,,,,,,,,,,,,,,
442.3758565830067,absorbing,,,,,,,L,5,0,1618,1623,40,38,78,5,0,0,0.0923647090094164,0.15295420796610415,0.24531891697552055,0.24601270898710936,114568,180836,117,117,False,False,False,False,114568,117,False,512,0.0006,,46148,0,total_elems,114568,180836,1,1,,,,0.0,117,4,114568,2378,246,62,,,,,,,,,,,,,,,,,,,,,,,,,,,,,,,,,,,,,,,,,,,,,,,,
442.65415716602,absorbing,,,,,,,L,6,0,1618,1623,40,38,78,6,0,0,0.08446508296765387,0.1491611659876071,0.23362624895526096,0.23727195896208286,121012,187904,113,115,False,False,False,False,121012,113,False,512,0.0006,,46148,0,total_elems,121012,187904,1,1,,,,0.0,113,4,121012,2484,246,62,,,,,,,,,,,,,,,,,,,,,,,,,,,,,,,,,,,,,,,,,,,,,,,,
442.9232549580047,absorbing,,,,,,,L,7,0,1618,1623,40,38,78,6,0,0,0.08582945802481845,0.14399220800260082,0.22982166602741927,0.23055824998300523,128120,192596,109,115,False,False,False,False,128120,109,False,512,0.0006,,46148,0,total_elems,128120,192596,1,1,,,,0.0,109,4,128120,2602,246,62,,,,,,,,,,,,,,,,,,,,,,,,,,,,,,,,,,,,,,,,,,,,,,,,
443.2593000829802,absorbing,,,,,,,L,8,0,1618,1623,41,38,79,8,1,1,0.1099338749772869,0.18586737499572337,0.29580124997301027,0.2966196669731289,148584,203972,106,115,False,False,False,False,148584,106,False,512,0.0006,,46148,0,total_elems,148584,203972,1,1,,,,0.0,106,4,148584,2826,246,62,,,,,,,,,,,,,,,,,,,,,,,,,,,,,,,,,,,,,,,,,,,,,,,,
443.6542809159728,absorbing,,,,,,,L,9,0,1618,1623,41,38,79,8,0,1,0.1472096250508912,0.20579683396499604,0.35300645901588723,0.3536853750119917,178792,235452,103,128,False,False,False,False,178792,103,False,512,0.0006,,46148,0,total_elems,178792,235452,1,1,,,,0.0,103,4,178792,3074,246,62,,,,,,,,,,,,,,,,,,,,,,,,,,,,,,,,,,,,,,,,,,,,,,,,
444.19796516600763,absorbing,,,,,,,R,9,1,1618,1623,41,38,79,18,0,1,0.2213861249620095,0.27838850003900006,0.49977462500100955,0.5040002500172704,278776,260952,127,128,False,False,False,False,260952,128,False,512,0.0006,,46148,0,total_elems,278776,260952,1,1,,,,0.0,128,4,260952,3670,246,62,,,,,,,,,,,,,,,,,,,,,,,,,,,,,,,,,,,,,,,,,,,,,,,,
444.95483208302176,absorbing,,,,,,,L,10,1,1618,1623,42,38,80,9,1,2,0.3059807499521412,0.4080147079657763,0.7139954579179175,0.7155808749957941,389972,453728,128,128,False,False,False,False,389972,128,False,512,0.0006,,46148,0,total_elems,389972,453728,1,1,,,,0.0,128,4,389972,4284,246,62,,,,,,,,,,,,,,,,,,,,,,,,,,,,,,,,,,,,,,,,,,,,,,,,
449.8967141250032,unswapping,,,,,,,,,,,,,,,,,,,,,,,,,,,,,,,,,,,,,,,,,,,,,,,128,4,442208,4646,246,62,0,both,0,31,31,1,1,,,,,0,2.0,16,30,0,0.0,,,,,,,,,,,,,,,,,,,,,,,,,,,,,,,
452.5749734999845,unswapping,,,,,,,,,,,,,,,,,,,,,,,,,,,,,,,,,,,,,,,,,,,,,,,128,4,332192,4018,246,62,0,both,1,30,30,9,10,,,,,0,2.0,16,21,0,0.0,,,,,,,,,,,,,,,,,,,,,,,,,,,,,,,
453.5389474160038,unswapping,,,,,,,,,,,,,,,,,,,,,,,,,,,,,,,,,,,,,,,,,,,,,,,108,4,234824,3428,246,62,0,left,0,31,31,17,27,,,,,34,2.0,16,14,0,0.0,,,,,,,,,,,,,,,,,,,,,,,,,,,,,,,
454.20389083301416,unswapping,,,,,,,,,,,,,,,,,,,,,,,,,,,,,,,,,,,,,,,,,,,,,,,64,4,184576,3052,246,62,0,left,1,30,30,11,38,,,,,56,2.0,16,19,0,0.0,,,,,,,,,,,,,,,,,,,,,,,,,,,,,,,
454.67721599998185,unswapping,,,,,,,,,,,,,,,,,,,,,,,,,,,,,,,,,,,,,,,,,,,,,,,64,4,177024,2970,246,62,0,right,0,31,31,5,43,,,,,62,2.0,16,26,0,0.0,,,,,,,,,,,,,,,,,,,,,,,,,,,,,,,
455.2413129580091,unswapping,,,,,,,,,,,,,,,,,,,,,,,,,,,,,,,,,,,,,,,,,,,,,,,64,4,152608,2816,246,62,0,right,1,30,30,4,47,,,,,70,2.0,16,26,0,0.0,,,,,,,,,,,,,,,,,,,,,,,,,,,,,,,
456.16979499999434,unswapping,,,,,,,,,,,,,,,,,,,,,,,,,,,,,,,,,,,,,,,,,,,,,,,64,4,107392,2440,246,62,1,both,0,31,31,9,9,,,,,74,2.0,16,22,0,0.0,,,,,,,,,,,,,,,,,,,,,,,,,,,,,,,
456.7753702910268,unswapping,,,,,,,,,,,,,,,,,,,,,,,,,,,,,,,,,,,,,,,,,,,,,,,35,4,89728,2248,246,62,1,both,1,30,30,5,14,,,,,84,2.0,16,25,0,0.0,,,,,,,,,,,,,,,,,,,,,,,,,,,,,,,
457.01160662499024,unswapping,,,,,,,,,,,,,,,,,,,,,,,,,,,,,,,,,,,,,,,,,,,,,,,33,4,86144,2212,246,62,1,left,0,31,31,2,16,,,,,84,2.0,16,29,0,0.0,,,,,,,,,,,,,,,,,,,,,,,,,,,,,,,
457.2308496659971,unswapping,,,,,,,,,,,,,,,,,,,,,,,,,,,,,,,,,,,,,,,,,,,,,,,32,4,82592,2166,246,62,1,left,1,30,30,3,19,,,,,90,2.0,16,27,0,0.0,,,,,,,,,,,,,,,,,,,,,,,,,,,,,,,
457.43051375000505,unswapping,,,,,,,,,,,,,,,,,,,,,,,,,,,,,,,,,,,,,,,,,,,,,,,32,4,81184,2150,246,62,1,right,0,31,31,4,23,,,,,88,2.0,16,27,0,0.0,,,,,,,,,,,,,,,,,,,,,,,,,,,,,,,
457.63896895799553,unswapping,,,,,,,,,,,,,,,,,,,,,,,,,,,,,,,,,,,,,,,,,,,,,,,32,4,76576,2094,246,62,1,right,1,30,30,3,26,,,,,86,2.0,16,27,0,0.0,,,,,,,,,,,,,,,,,,,,,,,,,,,,,,,
458.009446415992,unswapping,,,,,,,,,,,,,,,,,,,,,,,,,,,,,,,,,,,,,,,,,,,,,,,32,4,73492,2036,246,62,2,both,0,31,31,4,4,,,,,96,2.0,16,27,0,0.0,,,,,,,,,,,,,,,,,,,,,,,,,,,,,,,
458.3553222080227,unswapping,,,,,,,,,,,,,,,,,,,,,,,,,,,,,,,,,,,,,,,,,,,,,,,32,4,73492,2036,246,62,2,both,1,30,30,0,4,,,,,96,2.0,16,30,0,0.0,,,,,,,,,,,,,,,,,,,,,,,,,,,,,,,
458.507844000007,unswapping,,,,,,,,,,,,,,,,,,,,,,,,,,,,,,,,,,,,,,,,,,,,,,,32,4,73492,2036,246,62,2,left,0,31,31,1,5,,,,,96,2.0,16,30,0,0.0,,,,,,,,,,,,,,,,,,,,,,,,,,,,,,,
458.6552572079818,unswapping,,,,,,,,,,,,,,,,,,,,,,,,,,,,,,,,,,,,,,,,,,,,,,,32,4,73492,2036,246,62,2,left,1,30,30,0,5,,,,,96,2.0,16,30,0,0.0,,,,,,,,,,,,,,,,,,,,,,,,,,,,,,,
458.8237188329804,unswapping,,,,,,,,,,,,,,,,,,,,,,,,,,,,,,,,,,,,,,,,,,,,,,,32,4,73492,2036,246,62,2,right,0,31,31,1,6,,,,,94,2.0,16,30,0,0.0,,,,,,,,,,,,,,,,,,,,,,,,,,,,,,,
459.01324591599405,unswapping,,,,,,,,,,,,,,,,,,,,,,,,,,,,,,,,,,,,,,,,,,,,,,,32,4,72820,2024,246,62,2,right,1,30,30,1,7,,,,,94,2.0,16,29,0,0.0,,,,,,,,,,,,,,,,,,,,,,,,,,,,,,,
459.3148611250217,unswapping,,,,,,,,,,,,,,,,,,,,,,,,,,,,,,,,,,,,,,,,,,,,,,,32,4,72820,2024,246,62,3,both,0,31,31,0,0,,,,,94,2.0,16,31,0,0.0,,,,,,,,,,,,,,,,,,,,,,,,,,,,,,,
459.6499152079923,unswapping,,,,,,,,,,,,,,,,,,,,,,,,,,,,,,,,,,,,,,,,,,,,,,,32,4,72820,2024,246,62,3,both,1,30,30,0,0,,,,,94,2.0,16,30,0,0.0,,,,,,,,,,,,,,,,,,,,,,,,,,,,,,,
459.7773485829821,unswapping,,,,,,,,,,,,,,,,,,,,,,,,,,,,,,,,,,,,,,,,,,,,,,,32,4,72820,2024,246,62,3,left,0,31,31,0,0,,,,,94,2.0,16,31,0,0.0,,,,,,,,,,,,,,,,,,,,,,,,,,,,,,,
459.93786075001117,unswapping,,,,,,,,,,,,,,,,,,,,,,,,,,,,,,,,,,,,,,,,,,,,,,,32,4,72820,2024,246,62,3,left,1,30,30,0,0,,,,,94,2.0,16,30,0,0.0,,,,,,,,,,,,,,,,,,,,,,,,,,,,,,,
460.082368207979,unswapping,,,,,,,,,,,,,,,,,,,,,,,,,,,,,,,,,,,,,,,,,,,,,,,32,4,72820,2024,246,62,3,right,0,31,31,0,0,,,,,94,2.0,16,31,0,0.0,,,,,,,,,,,,,,,,,,,,,,,,,,,,,,,
460.23761287500383,unswapping,,,,,,,,,,,,,,,,,,,,,,,,,,,,,,,,,,,,,,,,,,,,,,,32,4,72820,2024,246,62,3,right,1,30,30,0,0,,,,,94,2.0,16,30,0,0.0,,,,,,,,,,,,,,,,,,,,,,,,,,,,,,,
461.1705024159746,unswap_cycle_summary,,,,,,,,,,,,42,38,80,,,,,,,,,,,,,,,,,,,512,0.0006,,,,,,,,,,,,,32,4,72820,2024,246,62,,,,,,,,,,,,,,,,,,,,18,14.167364957975224,80,2593,2513,2,False,,,,,,,,,,,,,,,,,,,,,,
462.7202531659859,rewiring,left,post_unswap,1.5103958750260063,1610,False,False,,,,,,,,,,,,,,,,,,,,,,,,,,,,,,,,,,,,,,,,,,,,,,,,,,,,,,,,,,,,,,,,,,18,,,,,,,50,False,2,1,none,0.0,123,1.510391041985713,3.197809250035789,,,,,,,,,,,,,
464.4073948750156,rewiring,right,post_unswap,1.6869571250281297,1624,False,False,,,,,,,,,,,,,,,,,,,,,,,,,,,,,,,,,,,,,,,,,,,,,,,,,,,,,,,,,,,,,,,,,,18,,,,,,,50,False,2,1,none,0.0,123,1.686952540942002,3.197809250035789,,,,,,,,,,,,,
464.49039633298526,cycle_progress,,,,,,,,,,,,42,38,80,,,,,,,,,,,,,,,,,,,512,0.0006,,46148,0,,,,,,,,,,32,4,72820,2024,246,62,,,,,,,,,,,,,,,,,,,,18,,80,2593,2513,2,False,,,,,,,,,3.197809250035789,,,,,,,,,,,,,
464.65625933301635,absorbing,,,,,,,L,1,0,1666,1760,42,38,80,15,0,0,0.04350320901721716,0.07133450004039332,0.11483770905761048,0.12269283301429823,72820,115288,32,64,False,False,False,False,72820,32,False,512,0.0006,,72820,0,total_elems,72820,115288,1,1,,,,0.0,32,4,72820,2024,246,62,,,,,,,,,,,,,,,,,,,,,,,,,,,,,,,,,,,,,,,,,,,,,,,,
464.8440801660181,absorbing,,,,,,,L,2,0,1666,1760,43,38,81,11,1,1,0.06065612501697615,0.08184299996355549,0.14249912498053163,0.14363741700071841,102760,115288,64,64,False,False,False,False,102760,64,False,512,0.0006,,72820,0,total_elems,102760,115288,1,1,,,,0.0,64,4,102760,2450,246,62,,,,,,,,,,,,,,,,,,,,,,,,,,,,,,,,,,,,,,,,,,,,,,,,
465.20000750001054,absorbing,,,,,,,L,3,0,1666,1760,44,38,82,9,1,2,0.14752741699339822,0.16406295803608373,0.31159037502948195,0.3125327920424752,134464,157168,64,64,False,False,False,False,134464,64,False,512,0.0006,,72820,0,total_elems,134464,157168,1,1,,,,0.0,64,4,134464,2760,246,62,,,,,,,,,,,,,,,,,,,,,,,,,,,,,,,,,,,,,,,,,,,,,,,,
465.57193954102695,absorbing,,,,,,,R,3,1,1666,1760,44,38,82,14,0,2,0.1568244170048274,0.1738135420018807,0.3306379590067081,0.3313622500281781,196544,194208,108,64,False,False,False,False,194208,64,False,512,0.0006,,72820,0,total_elems,196544,194208,1,1,,,,0.0,64,4,194208,3348,246,62,,,,,,,,,,,,,,,,,,,,,,,,,,,,,,,,,,,,,,,,,,,,,,,,
466.17486862500664,absorbing,,,,,,,L,4,1,1666,1760,46,38,84,8,2,4,0.22714549995725974,0.33090187498601153,0.5580473749432713,0.5587569590425119,274336,378912,108,128,False,False,False,False,274336,108,False,512,0.0006,,72820,0,total_elems,274336,378912,1,1,,,,0.0,108,4,274336,3808,246,62,,,,,,,,,,,,,,,,,,,,,,,,,,,,,,,,,,,,,,,,,,,,,,,,
467.0827128330129,absorbing,,,,,,,L,5,1,1666,1760,46,38,84,11,0,4,0.3581000420381315,0.5063543330179527,0.8644543750560842,0.8653826669906266,336432,461984,109,128,False,False,False,False,336432,109,False,512,0.0006,,72820,0,total_elems,336432,461984,1,1,,,,0.0,109,4,336432,4116,246,62,,,,,,,,,,,,,,,,,,,,,,,,,,,,,,,,,,,,,,,,,,,,,,,,
472.27484904101584,unswapping,,,,,,,,,,,,,,,,,,,,,,,,,,,,,,,,,,,,,,,,,,,,,,,109,4,336432,4116,246,62,0,both,0,31,31,0,0,,,,,0,2.0,16,31,0,0.0,,,,,,,,,,,,,,,,,,,,,,,,,,,,,,,
474.57278866600245,unswapping,,,,,,,,,,,,,,,,,,,,,,,,,,,,,,,,,,,,,,,,,,,,,,,109,4,336432,4116,246,62,0,both,1,30,30,0,0,,,,,0,2.0,16,30,0,0.0,,,,,,,,,,,,,,,,,,,,,,,,,,,,,,,
476.80415079102386,unswapping,,,,,,,,,,,,,,,,,,,,,,,,,,,,,,,,,,,,,,,,,,,,,,,109,4,336432,4116,246,62,0,left,0,31,31,0,0,,,,,0,2.0,16,31,0,0.0,,,,,,,,,,,,,,,,,,,,,,,,,,,,,,,
477.96714529098244,unswapping,,,,,,,,,,,,,,,,,,,,,,,,,,,,,,,,,,,,,,,,,,,,,,,109,4,336432,4116,246,62,0,left,1,30,30,0,0,,,,,0,2.0,16,30,0,0.0,,,,,,,,,,,,,,,,,,,,,,,,,,,,,,,
479.067254625028,unswapping,,,,,,,,,,,,,,,,,,,,,,,,,,,,,,,,,,,,,,,,,,,,,,,107,4,313892,3904,246,62,0,right,0,31,31,2,2,,,,,4,2.0,16,29,0,0.0,,,,,,,,,,,,,,,,,,,,,,,,,,,,,,,
480.1383373750141,unswapping,,,,,,,,,,,,,,,,,,,,,,,,,,,,,,,,,,,,,,,,,,,,,,,106,4,295240,3762,246,62,0,right,1,30,30,10,12,,,,,24,2.0,16,20,0,0.0,,,,,,,,,,,,,,,,,,,,,,,,,,,,,,,
484.597067457973,unswapping,,,,,,,,,,,,,,,,,,,,,,,,,,,,,,,,,,,,,,,,,,,,,,,252,4,469756,4452,246,62,1,both,0,31,31,1,1,,,,,24,2.0,16,30,0,0.0,,,,,,,,,,,,,,,,,,,,,,,,,,,,,,,
486.61223904101644,unswapping,,,,,,,,,,,,,,,,,,,,,,,,,,,,,,,,,,,,,,,,,,,,,,,126,4,334856,3882,246,62,1,both,1,30,30,10,11,,,,,26,2.0,16,20,0,0.0,,,,,,,,,,,,,,,,,,,,,,,,,,,,,,,
487.6796072080033,unswapping,,,,,,,,,,,,,,,,,,,,,,,,,,,,,,,,,,,,,,,,,,,,,,,125,4,269568,3600,246,62,1,left,0,31,31,7,18,,,,,40,2.0,16,24,0,0.0,,,,,,,,,,,,,,,,,,,,,,,,,,,,,,,
488.39129391597817,unswapping,,,,,,,,,,,,,,,,,,,,,,,,,,,,,,,,,,,,,,,,,,,,,,,64,4,190048,3166,246,62,1,left,1,30,30,6,24,,,,,50,2.0,16,24,0,0.0,,,,,,,,,,,,,,,,,,,,,,,,,,,,,,,
488.97944949998055,unswapping,,,,,,,,,,,,,,,,,,,,,,,,,,,,,,,,,,,,,,,,,,,,,,,64,4,146268,2820,246,62,1,right,0,31,31,8,32,,,,,62,2.0,16,23,0,0.0,,,,,,,,,,,,,,,,,,,,,,,,,,,,,,,
489.4019510410144,unswapping,,,,,,,,,,,,,,,,,,,,,,,,,,,,,,,,,,,,,,,,,,,,,,,64,4,122544,2604,246,62,1,right,1,30,30,6,38,,,,,70,2.0,16,24,0,0.0,,,,,,,,,,,,,,,,,,,,,,,,,,,,,,,
490.1294540410163,unswapping,,,,,,,,,,,,,,,,,,,,,,,,,,,,,,,,,,,,,,,,,,,,,,,59,4,106180,2434,246,62,2,both,0,31,31,7,7,,,,,80,2.0,16,24,0,0.0,,,,,,,,,,,,,,,,,,,,,,,,,,,,,,,
490.7631857499946,unswapping,,,,,,,,,,,,,,,,,,,,,,,,,,,,,,,,,,,,,,,,,,,,,,,50,4,94220,2296,246,62,2,both,1,30,30,3,10,,,,,80,2.0,16,27,0,0.0,,,,,,,,,,,,,,,,,,,,,,,,,,,,,,,
491.0732899159775,unswapping,,,,,,,,,,,,,,,,,,,,,,,,,,,,,,,,,,,,,,,,,,,,,,,50,4,90256,2256,246,62,2,left,0,31,31,3,13,,,,,78,2.0,16,28,0,0.0,,,,,,,,,,,,,,,,,,,,,,,,,,,,,,,
491.365700165974,unswapping,,,,,,,,,,,,,,,,,,,,,,,,,,,,,,,,,,,,,,,,,,,,,,,50,4,82776,2188,246,62,2,left,1,30,30,2,15,,,,,78,2.0,16,28,0,0.0,,,,,,,,,,,,,,,,,,,,,,,,,,,,,,,
491.64155966602266,unswapping,,,,,,,,,,,,,,,,,,,,,,,,,,,,,,,,,,,,,,,,,,,,,,,50,4,78168,2132,246,62,2,right,0,31,31,6,21,,,,,82,2.0,16,25,0,0.0,,,,,,,,,,,,,,,,,,,,,,,,,,,,,,,
491.9013681249926,unswapping,,,,,,,,,,,,,,,,,,,,,,,,,,,,,,,,,,,,,,,,,,,,,,,50,4,76248,2098,246,62,2,right,1,30,30,4,25,,,,,82,2.0,16,26,0,0.0,,,,,,,,,,,,,,,,,,,,,,,,,,,,,,,
492.47382033301983,unswapping,,,,,,,,,,,,,,,,,,,,,,,,,,,,,,,,,,,,,,,,,,,,,,,32,4,69880,2020,246,62,3,both,0,31,31,6,6,,,,,84,2.0,16,25,0,0.0,,,,,,,,,,,,,,,,,,,,,,,,,,,,,,,
492.8560661249794,unswapping,,,,,,,,,,,,,,,,,,,,,,,,,,,,,,,,,,,,,,,,,,,,,,,32,4,69112,2004,246,62,3,both,1,30,30,1,7,,,,,84,2.0,16,29,0,0.0,,,,,,,,,,,,,,,,,,,,,,,,,,,,,,,
493.0944363329909,unswapping,,,,,,,,,,,,,,,,,,,,,,,,,,,,,,,,,,,,,,,,,,,,,,,32,4,67960,1980,246,62,3,left,0,31,31,2,9,,,,,86,2.0,16,29,0,0.0,,,,,,,,,,,,,,,,,,,,,,,,,,,,,,,
493.25986950000515,unswapping,,,,,,,,,,,,,,,,,,,,,,,,,,,,,,,,,,,,,,,,,,,,,,,32,4,67960,1980,246,62,3,left,1,30,30,0,9,,,,,86,2.0,16,30,0,0.0,,,,,,,,,,,,,,,,,,,,,,,,,,,,,,,
493.52846674999455,unswapping,,,,,,,,,,,,,,,,,,,,,,,,,,,,,,,,,,,,,,,,,,,,,,,32,4,66904,1960,246,62,3,right,0,31,31,4,13,,,,,90,2.0,16,27,0,0.0,,,,,,,,,,,,,,,,,,,,,,,,,,,,,,,
493.7249804160092,unswapping,,,,,,,,,,,,,,,,,,,,,,,,,,,,,,,,,,,,,,,,,,,,,,,32,4,63736,1926,246,62,3,right,1,30,30,1,14,,,,,92,2.0,16,29,0,0.0,,,,,,,,,,,,,,,,,,,,,,,,,,,,,,,
494.1085975409951,unswapping,,,,,,,,,,,,,,,,,,,,,,,,,,,,,,,,,,,,,,,,,,,,,,,32,4,63736,1926,246,62,4,both,0,31,31,0,0,,,,,92,2.0,16,31,0,0.0,,,,,,,,,,,,,,,,,,,,,,,,,,,,,,,
494.5062400409952,unswapping,,,,,,,,,,,,,,,,,,,,,,,,,,,,,,,,,,,,,,,,,,,,,,,32,4,60664,1894,246,62,4,both,1,30,30,1,1,,,,,92,2.0,16,29,0,0.0,,,,,,,,,,,,,,,,,,,,,,,,,,,,,,,
494.6607582080178,unswapping,,,,,,,,,,,,,,,,,,,,,,,,,,,,,,,,,,,,,,,,,,,,,,,32,4,60664,1894,246,62,4,left,0,31,31,0,1,,,,,92,2.0,16,31,0,0.0,,,,,,,,,,,,,,,,,,,,,,,,,,,,,,,
494.81918708299054,unswapping,,,,,,,,,,,,,,,,,,,,,,,,,,,,,,,,,,,,,,,,,,,,,,,32,4,60664,1894,246,62,4,left,1,30,30,0,1,,,,,92,2.0,16,30,0,0.0,,,,,,,,,,,,,,,,,,,,,,,,,,,,,,,
495.04524050001055,unswapping,,,,,,,,,,,,,,,,,,,,,,,,,,,,,,,,,,,,,,,,,,,,,,,32,4,61048,1900,246,62,4,right,0,31,31,3,4,,,,,90,2.0,16,28,0,0.0,,,,,,,,,,,,,,,,,,,,,,,,,,,,,,,
495.2421999159851,unswapping,,,,,,,,,,,,,,,,,,,,,,,,,,,,,,,,,,,,,,,,,,,,,,,32,4,60748,1890,246,62,4,right,1,30,30,1,5,,,,,88,2.0,16,29,0,0.0,,,,,,,,,,,,,,,,,,,,,,,,,,,,,,,
495.6107579160016,unswapping,,,,,,,,,,,,,,,,,,,,,,,,,,,,,,,,,,,,,,,,,,,,,,,32,4,60748,1890,246,62,5,both,0,31,31,0,0,,,,,88,2.0,16,31,0,0.0,,,,,,,,,,,,,,,,,,,,,,,,,,,,,,,
495.93692291597836,unswapping,,,,,,,,,,,,,,,,,,,,,,,,,,,,,,,,,,,,,,,,,,,,,,,32,4,60748,1890,246,62,5,both,1,30,30,0,0,,,,,88,2.0,16,30,0,0.0,,,,,,,,,,,,,,,,,,,,,,,,,,,,,,,
496.0961018750095,unswapping,,,,,,,,,,,,,,,,,,,,,,,,,,,,,,,,,,,,,,,,,,,,,,,32,4,60748,1890,246,62,5,left,0,31,31,0,0,,,,,88,2.0,16,31,0,0.0,,,,,,,,,,,,,,,,,,,,,,,,,,,,,,,
496.25745420798194,unswapping,,,,,,,,,,,,,,,,,,,,,,,,,,,,,,,,,,,,,,,,,,,,,,,32,4,60748,1890,246,62,5,left,1,30,30,0,0,,,,,88,2.0,16,30,0,0.0,,,,,,,,,,,,,,,,,,,,,,,,,,,,,,,
496.4386696249712,unswapping,,,,,,,,,,,,,,,,,,,,,,,,,,,,,,,,,,,,,,,,,,,,,,,32,4,60748,1890,246,62,5,right,0,31,31,1,1,,,,,88,2.0,16,30,0,0.0,,,,,,,,,,,,,,,,,,,,,,,,,,,,,,,
496.58767162502045,unswapping,,,,,,,,,,,,,,,,,,,,,,,,,,,,,,,,,,,,,,,,,,,,,,,32,4,60748,1890,246,62,5,right,1,30,30,0,1,,,,,88,2.0,16,30,0,0.0,,,,,,,,,,,,,,,,,,,,,,,,,,,,,,,
498.00987237499794,unswap_cycle_summary,,,,,,,,,,,,46,38,84,,,,,,,,,,,,,,,,,,,512,0.0006,,,,,,,,,,,,,32,4,60748,1890,246,62,,,,,,,,,,,,,,,,,,,,19,28.45455366699025,84,2593,2509,4,False,,,,,,,,,,,,,,,,,,,,,,
499.96151074999943,rewiring,left,post_unswap,1.9112449159729294,1663,False,False,,,,,,,,,,,,,,,,,,,,,,,,,,,,,,,,,,,,,,,,,,,,,,,,,,,,,,,,,,,,,,,,,,19,,,,,,,50,False,4,1,none,0.0,123,1.9112390829832293,3.2126630829880014,,,,,,,,,,,,,
501.26267029100563,rewiring,right,post_unswap,1.3009285000152886,1761,False,False,,,,,,,,,,,,,,,,,,,,,,,,,,,,,,,,,,,,,,,,,,,,,,,,,,,,,,,,,,,,,,,,,,19,,,,,,,50,False,4,1,none,0.0,123,1.3009224999696016,3.2126630829880014,,,,,,,,,,,,,
501.3463687080075,cycle_progress,,,,,,,,,,,,46,38,84,,,,,,,,,,,,,,,,,,,512,0.0006,,72820,0,,,,,,,,,,32,4,60748,1890,246,62,,,,,,,,,,,,,,,,,,,,19,,84,2593,2509,4,False,,,,,,,,,3.2126630829880014,,,,,,,,,,,,,
501.5331497910083,absorbing,,,,,,,L,1,0,1629,1718,46,38,84,9,0,0,0.051140875031705946,0.08433991699712351,0.13548079202882946,0.14334837504429743,60748,100004,32,86,False,False,False,False,60748,32,False,512,0.0006,,60748,0,total_elems,60748,100004,1,1,,,,0.0,32,4,60748,1890,246,62,,,,,,,,,,,,,,,,,,,,,,,,,,,,,,,,,,,,,,,,,,,,,,,,
501.69943237502594,absorbing,,,,,,,L,2,0,1629,1718,46,38,84,13,0,0,0.04494362504919991,0.07680662500206381,0.12175025005126372,0.12247245799517259,72604,100004,32,86,False,False,False,False,72604,32,False,512,0.0006,,60748,0,total_elems,72604,100004,1,1,,,,0.0,32,4,72604,2132,246,62,,,,,,,,,,,,,,,,,,,,,,,,,,,,,,,,,,,,,,,,,,,,,,,,
501.94330441602506,absorbing,,,,,,,R,2,1,1629,1718,46,38,84,15,0,0,0.08807095902739093,0.11263729102211073,0.20070825004950166,0.20140104199526832,122604,113764,64,86,False,False,False,False,113764,86,False,512,0.0006,,60748,0,total_elems,122604,113764,1,1,,,,0.0,86,4,113764,2634,246,62,,,,,,,,,,,,,,,,,,,,,,,,,,,,,,,,,,,,,,,,,,,,,,,,
502.3096214159741,absorbing,,,,,,,L,3,1,1629,1718,46,38,84,11,0,0,0.13676833303179592,0.1844097079592757,0.3211780409910716,0.3220636249752715,164448,216452,81,86,False,False,False,False,164448,81,False,512,0.0006,,60748,0,total_elems,164448,216452,1,1,,,,0.0,81,4,164448,3114,246,62,,,,,,,,,,,,,,,,,,,,,,,,,,,,,,,,,,,,,,,,,,,,,,,,
502.8521093329764,absorbing,,,,,,,R,3,2,1629,1718,46,38,84,19,0,0,0.2538894169847481,0.24297000002115965,0.49685941700590774,0.49867020902456716,301216,269876,128,86,False,False,False,False,269876,86,False,512,0.0006,,60748,0,total_elems,301216,269876,1,1,,,,0.0,86,4,269876,3934,246,62,,,,,,,,,,,,,,,,,,,,,,,,,,,,,,,,,,,,,,,,,,,,,,,,
503.60412587499013,absorbing,,,,,,,L,4,2,1629,1718,47,38,85,12,1,1,0.32939000002807006,0.37488083296921104,0.7042708329972811,0.7050379159627482,395420,453788,128,107,False,False,False,False,395420,128,False,512,0.0006,,60748,0,total_elems,395420,453788,1,1,,,,0.0,128,4,395420,4664,246,62,,,,,,,,,,,,,,,,,,,,,,,,,,,,,,,,,,,,,,,,,,,,,,,,
509.6167055409751,unswapping,,,,,,,,,,,,,,,,,,,,,,,,,,,,,,,,,,,,,,,,,,,,,,,128,4,395420,4664,246,62,0,both,0,31,31,0,0,,,,,0,2.0,16,31,0,0.0,,,,,,,,,,,,,,,,,,,,,,,,,,,,,,,
512.4047419999843,unswapping,,,,,,,,,,,,,,,,,,,,,,,,,,,,,,,,,,,,,,,,,,,,,,,128,4,395420,4664,246,62,0,both,1,30,30,0,0,,,,,0,2.0,16,30,0,0.0,,,,,,,,,,,,,,,,,,,,,,,,,,,,,,,
515.389745833003,unswapping,,,,,,,,,,,,,,,,,,,,,,,,,,,,,,,,,,,,,,,,,,,,,,,256,4,751832,5886,246,62,0,left,0,31,31,1,1,,,,,2,2.0,16,30,0,0.0,,,,,,,,,,,,,,,,,,,,,,,,,,,,,,,
517.219281165977,unswapping,,,,,,,,,,,,,,,,,,,,,,,,,,,,,,,,,,,,,,,,,,,,,,,185,4,411468,4584,246,62,0,left,1,30,30,11,12,,,,,24,2.0,16,19,0,0.0,,,,,,,,,,,,,,,,,,,,,,,,,,,,,,,
518.4004405830055,unswapping,,,,,,,,,,,,,,,,,,,,,,,,,,,,,,,,,,,,,,,,,,,,,,,128,4,348828,4196,246,62,0,right,0,31,31,3,15,,,,,30,2.0,16,28,0,0.0,,,,,,,,,,,,,,,,,,,,,,,,,,,,,,,
519.7601860410068,unswapping,,,,,,,,,,,,,,,,,,,,,,,,,,,,,,,,,,,,,,,,,,,,,,,128,4,259572,3602,246,62,0,right,1,30,30,15,30,,,,,44,2.0,16,15,0,0.0,,,,,,,,,,,,,,,,,,,,,,,,,,,,,,,
520.8064407909987,unswapping,,,,,,,,,,,,,,,,,,,,,,,,,,,,,,,,,,,,,,,,,,,,,,,128,4,194012,2924,246,62,1,both,0,31,31,12,12,,,,,64,2.0,16,19,0,0.0,,,,,,,,,,,,,,,,,,,,,,,,,,,,,,,
522.2792399160098,unswapping,,,,,,,,,,,,,,,,,,,,,,,,,,,,,,,,,,,,,,,,,,,,,,,128,4,191120,2848,246,62,1,both,1,30,30,4,16,,,,,64,2.0,16,26,0,0.0,,,,,,,,,,,,,,,,,,,,,,,,,,,,,,,
522.818224082992,unswapping,,,,,,,,,,,,,,,,,,,,,,,,,,,,,,,,,,,,,,,,,,,,,,,64,4,145520,2576,246,62,1,left,0,31,31,5,21,,,,,70,2.0,16,26,0,0.0,,,,,,,,,,,,,,,,,,,,,,,,,,,,,,,
523.3082206249819,unswapping,,,,,,,,,,,,,,,,,,,,,,,,,,,,,,,,,,,,,,,,,,,,,,,64,4,120920,2398,246,62,1,left,1,30,30,8,29,,,,,80,2.0,16,22,0,0.0,,,,,,,,,,,,,,,,,,,,,,,,,,,,,,,
523.6863333749934,unswapping,,,,,,,,,,,,,,,,,,,,,,,,,,,,,,,,,,,,,,,,,,,,,,,64,4,113224,2304,246,62,1,right,0,31,31,6,35,,,,,88,2.0,16,25,0,0.0,,,,,,,,,,,,,,,,,,,,,,,,,,,,,,,
524.0480655410211,unswapping,,,,,,,,,,,,,,,,,,,,,,,,,,,,,,,,,,,,,,,,,,,,,,,64,4,110280,2272,246,62,1,right,1,30,30,2,37,,,,,88,2.0,16,28,0,0.0,,,,,,,,,,,,,,,,,,,,,,,,,,,,,,,
524.7522919999901,unswapping,,,,,,,,,,,,,,,,,,,,,,,,,,,,,,,,,,,,,,,,,,,,,,,64,4,105192,2200,246,62,2,both,0,31,31,6,6,,,,,86,2.0,16,25,0,0.0,,,,,,,,,,,,,,,,,,,,,,,,,,,,,,,
525.4887299999828,unswapping,,,,,,,,,,,,,,,,,,,,,,,,,,,,,,,,,,,,,,,,,,,,,,,64,4,104440,2188,246,62,2,both,1,30,30,5,11,,,,,86,2.0,16,25,0,0.0,,,,,,,,,,,,,,,,,,,,,,,,,,,,,,,
525.7066482080263,unswapping,,,,,,,,,,,,,,,,,,,,,,,,,,,,,,,,,,,,,,,,,,,,,,,64,4,104440,2188,246,62,2,left,0,31,31,0,11,,,,,86,2.0,16,31,0,0.0,,,,,,,,,,,,,,,,,,,,,,,,,,,,,,,
525.9915886659874,unswapping,,,,,,,,,,,,,,,,,,,,,,,,,,,,,,,,,,,,,,,,,,,,,,,64,4,104440,2188,246,62,2,left,1,30,30,0,11,,,,,86,2.0,16,30,0,0.0,,,,,,,,,,,,,,,,,,,,,,,,,,,,,,,
526.2692862499971,unswapping,,,,,,,,,,,,,,,,,,,,,,,,,,,,,,,,,,,,,,,,,,,,,,,64,4,103832,2178,246,62,2,right,0,31,31,1,12,,,,,88,2.0,16,30,0,0.0,,,,,,,,,,,,,,,,,,,,,,,,,,,,,,,
526.6256878750282,unswapping,,,,,,,,,,,,,,,,,,,,,,,,,,,,,,,,,,,,,,,,,,,,,,,64,4,102856,2158,246,62,2,right,1,30,30,2,14,,,,,92,2.0,16,28,0,0.0,,,,,,,,,,,,,,,,,,,,,,,,,,,,,,,
527.2769128750078,unswapping,,,,,,,,,,,,,,,,,,,,,,,,,,,,,,,,,,,,,,,,,,,,,,,64,4,102568,2150,246,62,3,both,0,31,31,2,2,,,,,94,2.0,16,29,0,0.0,,,,,,,,,,,,,,,,,,,,,,,,,,,,,,,
527.8927032080246,unswapping,,,,,,,,,,,,,,,,,,,,,,,,,,,,,,,,,,,,,,,,,,,,,,,64,4,102568,2150,246,62,3,both,1,30,30,0,2,,,,,94,2.0,16,30,0,0.0,,,,,,,,,,,,,,,,,,,,,,,,,,,,,,,
528.1366833330248,unswapping,,,,,,,,,,,,,,,,,,,,,,,,,,,,,,,,,,,,,,,,,,,,,,,64,4,102568,2150,246,62,3,left,0,31,31,0,2,,,,,94,2.0,16,31,0,0.0,,,,,,,,,,,,,,,,,,,,,,,,,,,,,,,
528.4581652909983,unswapping,,,,,,,,,,,,,,,,,,,,,,,,,,,,,,,,,,,,,,,,,,,,,,,64,4,102568,2150,246,62,3,left,1,30,30,0,2,,,,,94,2.0,16,30,0,0.0,,,,,,,,,,,,,,,,,,,,,,,,,,,,,,,
528.6764036249951,unswapping,,,,,,,,,,,,,,,,,,,,,,,,,,,,,,,,,,,,,,,,,,,,,,,64,4,102568,2150,246,62,3,right,0,31,31,0,2,,,,,94,2.0,16,31,0,0.0,,,,,,,,,,,,,,,,,,,,,,,,,,,,,,,
529.0245674999896,unswapping,,,,,,,,,,,,,,,,,,,,,,,,,,,,,,,,,,,,,,,,,,,,,,,64,4,102568,2150,246,62,3,right,1,30,30,1,3,,,,,94,2.0,16,29,0,0.0,,,,,,,,,,,,,,,,,,,,,,,,,,,,,,,
529.6727503750008,unswapping,,,,,,,,,,,,,,,,,,,,,,,,,,,,,,,,,,,,,,,,,,,,,,,64,4,102520,2146,246,62,4,both,0,31,31,2,2,,,,,102,2.0,16,29,0,0.0,,,,,,,,,,,,,,,,,,,,,,,,,,,,,,,
530.4199032909819,unswapping,,,,,,,,,,,,,,,,,,,,,,,,,,,,,,,,,,,,,,,,,,,,,,,64,4,101368,2130,246,62,4,both,1,30,30,1,3,,,,,104,2.0,16,29,0,0.0,,,,,,,,,,,,,,,,,,,,,,,,,,,,,,,
530.6200782079832,unswapping,,,,,,,,,,,,,,,,,,,,,,,,,,,,,,,,,,,,,,,,,,,,,,,64,4,101368,2130,246,62,4,left,0,31,31,0,3,,,,,104,2.0,16,31,0,0.0,,,,,,,,,,,,,,,,,,,,,,,,,,,,,,,
530.9549459579866,unswapping,,,,,,,,,,,,,,,,,,,,,,,,,,,,,,,,,,,,,,,,,,,,,,,64,4,101368,2130,246,62,4,left,1,30,30,1,4,,,,,104,2.0,16,29,0,0.0,,,,,,,,,,,,,,,,,,,,,,,,,,,,,,,
531.1689899580088,unswapping,,,,,,,,,,,,,,,,,,,,,,,,,,,,,,,,,,,,,,,,,,,,,,,64,4,101368,2130,246,62,4,right,0,31,31,0,4,,,,,104,2.0,16,31,0,0.0,,,,,,,,,,,,,,,,,,,,,,,,,,,,,,,
531.5227312499774,unswapping,,,,,,,,,,,,,,,,,,,,,,,,,,,,,,,,,,,,,,,,,,,,,,,64,4,95224,2098,246,62,4,right,1,30,30,1,5,,,,,106,2.0,16,29,0,0.0,,,,,,,,,,,,,,,,,,,,,,,,,,,,,,,
531.921228791005,unswapping,,,,,,,,,,,,,,,,,,,,,,,,,,,,,,,,,,,,,,,,,,,,,,,64,4,95224,2098,246,62,5,both,0,31,31,0,0,,,,,106,2.0,16,31,0,0.0,,,,,,,,,,,,,,,,,,,,,,,,,,,,,,,
532.4757056250237,unswapping,,,,,,,,,,,,,,,,,,,,,,,,,,,,,,,,,,,,,,,,,,,,,,,64,4,95224,2098,246,62,5,both,1,30,30,0,0,,,,,106,2.0,16,30,0,0.0,,,,,,,,,,,,,,,,,,,,,,,,,,,,,,,
532.7307530000107,unswapping,,,,,,,,,,,,,,,,,,,,,,,,,,,,,,,,,,,,,,,,,,,,,,,64,4,93688,2066,246,62,5,left,0,31,31,1,1,,,,,104,2.0,16,30,0,0.0,,,,,,,,,,,,,,,,,,,,,,,,,,,,,,,
532.9833258329891,unswapping,,,,,,,,,,,,,,,,,,,,,,,,,,,,,,,,,,,,,,,,,,,,,,,64,4,93688,2066,246,62,5,left,1,30,30,0,1,,,,,104,2.0,16,30,0,0.0,,,,,,,,,,,,,,,,,,,,,,,,,,,,,,,
533.1833802079782,unswapping,,,,,,,,,,,,,,,,,,,,,,,,,,,,,,,,,,,,,,,,,,,,,,,64,4,93688,2066,246,62,5,right,0,31,31,0,1,,,,,104,2.0,16,31,0,0.0,,,,,,,,,,,,,,,,,,,,,,,,,,,,,,,
533.4340472500189,unswapping,,,,,,,,,,,,,,,,,,,,,,,,,,,,,,,,,,,,,,,,,,,,,,,64,4,93688,2066,246,62,5,right,1,30,30,0,1,,,,,104,2.0,16,30,0,0.0,,,,,,,,,,,,,,,,,,,,,,,,,,,,,,,
533.8597107499954,unswapping,,,,,,,,,,,,,,,,,,,,,,,,,,,,,,,,,,,,,,,,,,,,,,,64,4,93688,2066,246,62,6,both,0,31,31,0,0,,,,,104,2.0,16,31,0,0.0,,,,,,,,,,,,,,,,,,,,,,,,,,,,,,,
534.3973967910279,unswapping,,,,,,,,,,,,,,,,,,,,,,,,,,,,,,,,,,,,,,,,,,,,,,,64,4,93688,2066,246,62,6,both,1,30,30,0,0,,,,,104,2.0,16,30,0,0.0,,,,,,,,,,,,,,,,,,,,,,,,,,,,,,,
534.602422832977,unswapping,,,,,,,,,,,,,,,,,,,,,,,,,,,,,,,,,,,,,,,,,,,,,,,64,4,93688,2066,246,62,6,left,0,31,31,0,0,,,,,104,2.0,16,31,0,0.0,,,,,,,,,,,,,,,,,,,,,,,,,,,,,,,
534.8543660410214,unswapping,,,,,,,,,,,,,,,,,,,,,,,,,,,,,,,,,,,,,,,,,,,,,,,64,4,93688,2066,246,62,6,left,1,30,30,0,0,,,,,104,2.0,16,30,0,0.0,,,,,,,,,,,,,,,,,,,,,,,,,,,,,,,
535.0620718749706,unswapping,,,,,,,,,,,,,,,,,,,,,,,,,,,,,,,,,,,,,,,,,,,,,,,64,4,93688,2066,246,62,6,right,0,31,31,0,0,,,,,104,2.0,16,31,0,0.0,,,,,,,,,,,,,,,,,,,,,,,,,,,,,,,
535.2946345829987,unswapping,,,,,,,,,,,,,,,,,,,,,,,,,,,,,,,,,,,,,,,,,,,,,,,64,4,93688,2066,246,62,6,right,1,30,30,0,0,,,,,104,2.0,16,30,0,0.0,,,,,,,,,,,,,,,,,,,,,,,,,,,,,,,
537.0623562909896,unswap_cycle_summary,,,,,,,,,,,,47,38,85,,,,,,,,,,,,,,,,,,,512,0.0006,,,,,,,,,,,,,64,4,93688,2066,246,62,,,,,,,,,,,,,,,,,,,,20,30.421273249958176,85,2593,2508,1,False,,,,,,,,,,,,,,,,,,,,,,
538.9157155000139,rewiring,left,post_unswap,1.8085315830539912,1627,False,False,,,,,,,,,,,,,,,,,,,,,,,,,,,,,,,,,,,,,,,,,,,,,,,,,,,,,,,,,,,,,,,,,,20,,,,,,,50,False,1,1,none,0.0,123,1.808526917011477,3.4403298330144025,,,,,,,,,,,,,
540.5472762080026,rewiring,right,post_unswap,1.631344249995891,1718,False,False,,,,,,,,,,,,,,,,,,,,,,,,,,,,,,,,,,,,,,,,,,,,,,,,,,,,,,,,,,,,,,,,,,20,,,,,,,50,False,1,1,none,0.0,123,1.6313402500236407,3.4403298330144025,,,,,,,,,,,,,
540.6335563330213,cycle_progress,,,,,,,,,,,,47,38,85,,,,,,,,,,,,,,,,,,,512,0.0006,,60748,0,,,,,,,,,,64,4,93688,2066,246,62,,,,,,,,,,,,,,,,,,,,20,,85,2593,2508,1,False,,,,,,,,,3.4403298330144025,,,,,,,,,,,,,
540.8644324999768,absorbing,,,,,,,L,1,0,1393,1592,47,38,85,14,0,0,0.07950720901135355,0.10213362501235679,0.18164083402371034,0.1868380000232719,93688,119676,64,65,False,False,False,False,93688,64,False,512,0.0006,,93688,0,total_elems,93688,119676,1,1,,,,0.0,64,4,93688,2066,246,62,,,,,,,,,,,,,,,,,,,,,,,,,,,,,,,,,,,,,,,,,,,,,,,,
541.088276666007,absorbing,,,,,,,L,2,0,1393,1592,47,38,85,12,0,0,0.07750150002539158,0.10020329098915681,0.1777047910145484,0.17854170798091218,107576,119676,64,65,False,False,False,False,107576,64,False,512,0.0006,,93688,0,total_elems,107576,119676,1,1,,,,0.0,64,4,107576,2344,246,62,,,,,,,,,,,,,,,,,,,,,,,,,,,,,,,,,,,,,,,,,,,,,,,,
541.3642140409793,absorbing,,,,,,,R,2,1,1393,1592,47,38,85,17,0,0,0.1000329579692334,0.1278731669881381,0.2279061249573715,0.22975379199488088,145420,132976,64,65,False,False,False,False,132976,65,False,512,0.0006,,93688,0,total_elems,145420,132976,1,1,,,,0.0,65,4,132976,2694,246,62,,,,,,,,,,,,,,,,,,,,,,,,,,,,,,,,,,,,,,,,,,,,,,,,
541.7314369159867,absorbing,,,,,,,L,3,1,1393,1592,47,38,85,12,0,0,0.10917054204037413,0.21029125002678484,0.31946179206715897,0.3205161659861915,174144,228040,64,75,False,False,False,False,174144,64,False,512,0.0006,,93688,0,total_elems,174144,228040,1,1,,,,0.0,64,4,174144,3166,246,62,,,,,,,,,,,,,,,,,,,,,,,,,,,,,,,,,,,,,,,,,,,,,,,,
542.2125381659716,absorbing,,,,,,,L,4,1,1393,1592,48,38,86,6,1,1,0.1768180420040153,0.2590903749805875,0.4359084169846028,0.4366810420178808,245436,278208,86,75,False,False,False,False,245436,86,False,512,0.0006,,93688,0,total_elems,245436,278208,1,1,,,,0.0,86,4,245436,3708,246,62,,,,,,,,,,,,,,,,,,,,,,,,,,,,,,,,,,,,,,,,,,,,,,,,
542.8945683329948,absorbing,,,,,,,L,5,1,1393,1592,49,38,87,6,1,2,0.2577620000229217,0.37695562501903623,0.634717625041958,0.6367954169982113,289724,352672,115,127,False,False,False,False,289724,115,False,512,0.0006,,93688,0,total_elems,289724,352672,1,1,,,,0.0,115,4,289724,3942,246,62,,,,,,,,,,,,,,,,,,,,,,,,,,,,,,,,,,,,,,,,,,,,,,,,
543.6585932910093,absorbing,,,,,,,R,5,2,1393,1592,49,38,87,17,0,2,0.30893979099346325,0.4071333749452606,0.7160731659387238,0.7182202499825507,421304,402704,216,127,False,False,False,False,402704,127,False,512,0.0006,,93688,0,total_elems,421304,402704,1,1,,,,0.0,127,4,402704,4706,246,62,,,,,,,,,,,,,,,,,,,,,,,,,,,,,,,,,,,,,,,,,,,,,,,,
547.9384113330161,unswapping,,,,,,,,,,,,,,,,,,,,,,,,,,,,,,,,,,,,,,,,,,,,,,,127,4,402704,4706,246,62,0,both,0,31,31,0,0,,,,,0,2.0,16,31,0,0.0,,,,,,,,,,,,,,,,,,,,,,,,,,,,,,,
550.4386580410064,unswapping,,,,,,,,,,,,,,,,,,,,,,,,,,,,,,,,,,,,,,,,,,,,,,,127,4,402704,4706,246,62,0,both,1,30,30,0,0,,,,,0,2.0,16,30,0,0.0,,,,,,,,,,,,,,,,,,,,,,,,,,,,,,,
552.3831853750162,unswapping,,,,,,,,,,,,,,,,,,,,,,,,,,,,,,,,,,,,,,,,,,,,,,,210,4,510792,5086,246,62,0,left,0,31,31,1,1,,,,,2,2.0,16,30,0,0.0,,,,,,,,,,,,,,,,,,,,,,,,,,,,,,,
553.7547218750115,unswapping,,,,,,,,,,,,,,,,,,,,,,,,,,,,,,,,,,,,,,,,,,,,,,,112,4,353864,4234,246,62,0,left,1,30,30,10,11,,,,,22,2.0,16,20,0,0.0,,,,,,,,,,,,,,,,,,,,,,,,,,,,,,,
554.7449425410014,unswapping,,,,,,,,,,,,,,,,,,,,,,,,,,,,,,,,,,,,,,,,,,,,,,,112,4,353864,4234,246,62,0,right,0,31,31,0,11,,,,,22,2.0,16,31,0,0.0,,,,,,,,,,,,,,,,,,,,,,,,,,,,,,,
556.1085499579785,unswapping,,,,,,,,,,,,,,,,,,,,,,,,,,,,,,,,,,,,,,,,,,,,,,,111,4,271088,3858,246,62,0,right,1,30,30,4,15,,,,,26,2.0,16,26,0,0.0,,,,,,,,,,,,,,,,,,,,,,,,,,,,,,,
557.4227925409796,unswapping,,,,,,,,,,,,,,,,,,,,,,,,,,,,,,,,,,,,,,,,,,,,,,,64,4,228180,3412,246,62,1,both,0,31,31,9,9,,,,,46,2.0,16,22,0,0.0,,,,,,,,,,,,,,,,,,,,,,,,,,,,,,,
559.0665510409744,unswapping,,,,,,,,,,,,,,,,,,,,,,,,,,,,,,,,,,,,,,,,,,,,,,,64,4,220276,3238,246,62,1,both,1,30,30,10,19,,,,,50,2.0,16,20,0,0.0,,,,,,,,,,,,,,,,,,,,,,,,,,,,,,,
559.6226909579709,unswapping,,,,,,,,,,,,,,,,,,,,,,,,,,,,,,,,,,,,,,,,,,,,,,,64,4,208572,3070,246,62,1,left,0,31,31,8,27,,,,,66,2.0,16,23,0,0.0,,,,,,,,,,,,,,,,,,,,,,,,,,,,,,,
560.3382541660103,unswapping,,,,,,,,,,,,,,,,,,,,,,,,,,,,,,,,,,,,,,,,,,,,,,,64,4,194332,2940,246,62,1,left,1,30,30,6,33,,,,,78,2.0,16,24,0,0.0,,,,,,,,,,,,,,,,,,,,,,,,,,,,,,,
560.9351467079832,unswapping,,,,,,,,,,,,,,,,,,,,,,,,,,,,,,,,,,,,,,,,,,,,,,,64,4,165584,2758,246,62,1,right,0,31,31,8,41,,,,,84,2.0,16,23,0,0.0,,,,,,,,,,,,,,,,,,,,,,,,,,,,,,,
561.4703079159954,unswapping,,,,,,,,,,,,,,,,,,,,,,,,,,,,,,,,,,,,,,,,,,,,,,,64,4,148656,2628,246,62,1,right,1,30,30,7,48,,,,,90,2.0,16,23,0,0.0,,,,,,,,,,,,,,,,,,,,,,,,,,,,,,,
562.3660102079739,unswapping,,,,,,,,,,,,,,,,,,,,,,,,,,,,,,,,,,,,,,,,,,,,,,,64,4,146208,2592,246,62,2,both,0,31,31,3,3,,,,,90,2.0,16,28,0,0.0,,,,,,,,,,,,,,,,,,,,,,,,,,,,,,,
563.3320132080116,unswapping,,,,,,,,,,,,,,,,,,,,,,,,,,,,,,,,,,,,,,,,,,,,,,,64,4,145372,2576,246,62,2,both,1,30,30,3,6,,,,,94,2.0,16,27,0,0.0,,,,,,,,,,,,,,,,,,,,,,,,,,,,,,,
563.6149043330224,unswapping,,,,,,,,,,,,,,,,,,,,,,,,,,,,,,,,,,,,,,,,,,,,,,,64,4,145372,2576,246,62,2,left,0,31,31,0,6,,,,,94,2.0,16,31,0,0.0,,,,,,,,,,,,,,,,,,,,,,,,,,,,,,,
564.0968892080127,unswapping,,,,,,,,,,,,,,,,,,,,,,,,,,,,,,,,,,,,,,,,,,,,,,,64,4,134460,2508,246,62,2,left,1,30,30,2,8,,,,,92,2.0,16,28,0,0.0,,,,,,,,,,,,,,,,,,,,,,,,,,,,,,,
564.4306489159935,unswapping,,,,,,,,,,,,,,,,,,,,,,,,,,,,,,,,,,,,,,,,,,,,,,,64,4,125884,2428,246,62,2,right,0,31,31,5,13,,,,,92,2.0,16,26,0,0.0,,,,,,,,,,,,,,,,,,,,,,,,,,,,,,,
564.8894499160233,unswapping,,,,,,,,,,,,,,,,,,,,,,,,,,,,,,,,,,,,,,,,,,,,,,,64,4,114352,2310,246,62,2,right,1,30,30,6,19,,,,,96,2.0,16,24,0,0.0,,,,,,,,,,,,,,,,,,,,,,,,,,,,,,,
565.5407847079914,unswapping,,,,,,,,,,,,,,,,,,,,,,,,,,,,,,,,,,,,,,,,,,,,,,,64,4,112352,2282,246,62,3,both,0,31,31,3,3,,,,,100,2.0,16,28,0,0.0,,,,,,,,,,,,,,,,,,,,,,,,,,,,,,,
566.446182249987,unswapping,,,,,,,,,,,,,,,,,,,,,,,,,,,,,,,,,,,,,,,,,,,,,,,64,4,112160,2274,246,62,3,both,1,30,30,3,6,,,,,108,2.0,16,27,0,0.0,,,,,,,,,,,,,,,,,,,,,,,,,,,,,,,
566.736697165994,unswapping,,,,,,,,,,,,,,,,,,,,,,,,,,,,,,,,,,,,,,,,,,,,,,,64,4,109640,2246,246,62,3,left,0,31,31,2,8,,,,,106,2.0,16,29,0,0.0,,,,,,,,,,,,,,,,,,,,,,,,,,,,,,,
567.040063457971,unswapping,,,,,,,,,,,,,,,,,,,,,,,,,,,,,,,,,,,,,,,,,,,,,,,64,4,109640,2246,246,62,3,left,1,30,30,0,8,,,,,106,2.0,16,30,0,0.0,,,,,,,,,,,,,,,,,,,,,,,,,,,,,,,
567.3156477910234,unswapping,,,,,,,,,,,,,,,,,,,,,,,,,,,,,,,,,,,,,,,,,,,,,,,64,4,109592,2242,246,62,3,right,0,31,31,1,9,,,,,108,2.0,16,30,0,0.0,,,,,,,,,,,,,,,,,,,,,,,,,,,,,,,
567.656795665971,unswapping,,,,,,,,,,,,,,,,,,,,,,,,,,,,,,,,,,,,,,,,,,,,,,,64,4,109592,2242,246,62,3,right,1,30,30,1,10,,,,,106,2.0,16,29,0,0.0,,,,,,,,,,,,,,,,,,,,,,,,,,,,,,,
568.2489443750237,unswapping,,,,,,,,,,,,,,,,,,,,,,,,,,,,,,,,,,,,,,,,,,,,,,,64,4,109592,2242,246,62,4,both,0,31,31,1,1,,,,,110,2.0,16,30,0,0.0,,,,,,,,,,,,,,,,,,,,,,,,,,,,,,,
569.0198017079965,unswapping,,,,,,,,,,,,,,,,,,,,,,,,,,,,,,,,,,,,,,,,,,,,,,,64,4,109544,2238,246,62,4,both,1,30,30,1,2,,,,,110,2.0,16,29,0,0.0,,,,,,,,,,,,,,,,,,,,,,,,,,,,,,,
569.2436878330191,unswapping,,,,,,,,,,,,,,,,,,,,,,,,,,,,,,,,,,,,,,,,,,,,,,,64,4,109544,2238,246,62,4,left,0,31,31,0,2,,,,,110,2.0,16,31,0,0.0,,,,,,,,,,,,,,,,,,,,,,,,,,,,,,,
569.5200450830162,unswapping,,,,,,,,,,,,,,,,,,,,,,,,,,,,,,,,,,,,,,,,,,,,,,,64,4,109544,2238,246,62,4,left,1,30,30,0,2,,,,,110,2.0,16,30,0,0.0,,,,,,,,,,,,,,,,,,,,,,,,,,,,,,,
569.7048054159968,unswapping,,,,,,,,,,,,,,,,,,,,,,,,,,,,,,,,,,,,,,,,,,,,,,,64,4,109544,2238,246,62,4,right,0,31,31,0,2,,,,,110,2.0,16,31,0,0.0,,,,,,,,,,,,,,,,,,,,,,,,,,,,,,,
569.967999791028,unswapping,,,,,,,,,,,,,,,,,,,,,,,,,,,,,,,,,,,,,,,,,,,,,,,64,4,109544,2238,246,62,4,right,1,30,30,0,2,,,,,110,2.0,16,30,0,0.0,,,,,,,,,,,,,,,,,,,,,,,,,,,,,,,
570.3957131659845,unswapping,,,,,,,,,,,,,,,,,,,,,,,,,,,,,,,,,,,,,,,,,,,,,,,64,4,109544,2238,246,62,5,both,0,31,31,0,0,,,,,110,2.0,16,31,0,0.0,,,,,,,,,,,,,,,,,,,,,,,,,,,,,,,
571.052987291012,unswapping,,,,,,,,,,,,,,,,,,,,,,,,,,,,,,,,,,,,,,,,,,,,,,,64,4,109544,2238,246,62,5,both,1,30,30,0,0,,,,,110,2.0,16,30,0,0.0,,,,,,,,,,,,,,,,,,,,,,,,,,,,,,,
571.240828250011,unswapping,,,,,,,,,,,,,,,,,,,,,,,,,,,,,,,,,,,,,,,,,,,,,,,64,4,109544,2238,246,62,5,left,0,31,31,0,0,,,,,110,2.0,16,31,0,0.0,,,,,,,,,,,,,,,,,,,,,,,,,,,,,,,
571.4730899159913,unswapping,,,,,,,,,,,,,,,,,,,,,,,,,,,,,,,,,,,,,,,,,,,,,,,64,4,109544,2238,246,62,5,left,1,30,30,0,0,,,,,110,2.0,16,30,0,0.0,,,,,,,,,,,,,,,,,,,,,,,,,,,,,,,
571.6225052910158,unswapping,,,,,,,,,,,,,,,,,,,,,,,,,,,,,,,,,,,,,,,,,,,,,,,64,4,109544,2238,246,62,5,right,0,31,31,0,0,,,,,110,2.0,16,31,0,0.0,,,,,,,,,,,,,,,,,,,,,,,,,,,,,,,
571.9034775000182,unswapping,,,,,,,,,,,,,,,,,,,,,,,,,,,,,,,,,,,,,,,,,,,,,,,64,4,109544,2238,246,62,5,right,1,30,30,0,0,,,,,110,2.0,16,30,0,0.0,,,,,,,,,,,,,,,,,,,,,,,,,,,,,,,
573.4616687080124,unswap_cycle_summary,,,,,,,,,,,,49,38,87,,,,,,,,,,,,,,,,,,,512,0.0006,,,,,,,,,,,,,64,4,109544,2238,246,62,,,,,,,,,,,,,,,,,,,,21,27.288443041965365,87,2593,2506,2,False,,,,,,,,,,,,,,,,,,,,,,
575.0424180409755,rewiring,left,post_unswap,1.536363999999594,1390,False,False,,,,,,,,,,,,,,,,,,,,,,,,,,,,,,,,,,,,,,,,,,,,,,,,,,,,,,,,,,,,,,,,,,21,,,,,,,50,False,2,1,none,0.0,123,1.5363599169650115,3.144433458975982,,,,,,,,,,,,,
576.650247875019,rewiring,right,post_unswap,1.6076571250450797,1592,False,False,,,,,,,,,,,,,,,,,,,,,,,,,,,,,,,,,,,,,,,,,,,,,,,,,,,,,,,,,,,,,,,,,,21,,,,,,,50,False,2,1,none,0.0,123,1.607653500046581,3.144433458975982,,,,,,,,,,,,,
576.7381670409814,cycle_progress,,,,,,,,,,,,49,38,87,,,,,,,,,,,,,,,,,,,512,0.0006,,93688,0,,,,,,,,,,64,4,109544,2238,246,62,,,,,,,,,,,,,,,,,,,,21,,87,2593,2506,2,False,,,,,,,,,3.144433458975982,,,,,,,,,,,,,
576.9995271660155,absorbing,,,,,,,L,1,0,1678,1781,49,38,87,15,0,0,0.07789720804430544,0.13279858301393688,0.21069579105824232,0.217028625018429,109544,154892,64,64,False,False,False,False,109544,64,False,512,0.0006,,109544,0,total_elems,109544,154892,1,1,,,,0.0,64,4,109544,2238,246,62,,,,,,,,,,,,,,,,,,,,,,,,,,,,,,,,,,,,,,,,,,,,,,,,
577.310668791004,absorbing,,,,,,,L,2,0,1678,1781,49,38,87,12,0,0,0.09584600001107901,0.16649970796424896,0.26234570797532797,0.2631179579766467,151328,154892,128,64,False,False,False,False,151328,128,False,512,0.0006,,109544,0,total_elems,151328,154892,1,1,,,,0.0,128,4,151328,2688,246,62,,,,,,,,,,,,,,,,,,,,,,,,,,,,,,,,,,,,,,,,,,,,,,,,
577.7564662080258,absorbing,,,,,,,R,2,1,1678,1781,49,39,88,16,1,1,0.19307379197562113,0.2042466250131838,0.39732041698880494,0.40086845902260393,259856,215840,128,128,False,False,False,False,215840,128,False,512,0.0006,,109544,0,total_elems,259856,215840,1,1,,,,0.0,128,4,215840,3204,246,62,,,,,,,,,,,,,,,,,,,,,,,,,,,,,,,,,,,,,,,,,,,,,,,,
578.3185241249739,absorbing,,,,,,,R,2,2,1678,1781,49,39,88,17,0,1,0.265880000020843,0.2495287079946138,0.5154087080154568,0.5162385409930721,341904,304160,128,103,False,False,False,False,304160,103,False,512,0.0006,,109544,0,total_elems,341904,304160,1,1,,,,0.0,103,4,304160,3828,246,62,,,,,,,,,,,,,,,,,,,,,,,,,,,,,,,,,,,,,,,,,,,,,,,,
579.2171637499705,absorbing,,,,,,,L,3,2,1678,1781,50,39,89,9,1,2,0.37622437498066574,0.4755872910027392,0.851811665983405,0.8526030409848318,482864,623188,128,255,False,False,False,True,482864,128,False,512,0.0006,,109544,0,total_elems,482864,623188,1,1,,,,0.0,128,4,482864,4716,246,62,,,,,,,,,,,,,,,,,,,,,,,,,,,,,,,,,,,,,,,,,,,,,,,,
585.0608927499852,unswapping,,,,,,,,,,,,,,,,,,,,,,,,,,,,,,,,,,,,,,,,,,,,,,,128,4,530764,4998,246,62,0,both,0,31,31,1,1,,,,,0,2.0,16,30,0,0.0,,,,,,,,,,,,,,,,,,,,,,,,,,,,,,,
588.5251767910086,unswapping,,,,,,,,,,,,,,,,,,,,,,,,,,,,,,,,,,,,,,,,,,,,,,,128,4,435008,4514,246,62,0,both,1,30,30,10,11,,,,,0,2.0,16,20,0,0.0,,,,,,,,,,,,,,,,,,,,,,,,,,,,,,,
589.8213867499726,unswapping,,,,,,,,,,,,,,,,,,,,,,,,,,,,,,,,,,,,,,,,,,,,,,,118,4,329056,3870,246,62,0,left,0,31,31,15,26,,,,,30,2.0,16,16,0,0.0,,,,,,,,,,,,,,,,,,,,,,,,,,,,,,,
590.8474327910226,unswapping,,,,,,,,,,,,,,,,,,,,,,,,,,,,,,,,,,,,,,,,,,,,,,,64,4,243824,3352,246,62,0,left,1,30,30,12,38,,,,,54,2.0,16,18,0,0.0,,,,,,,,,,,,,,,,,,,,,,,,,,,,,,,
591.548407291004,unswapping,,,,,,,,,,,,,,,,,,,,,,,,,,,,,,,,,,,,,,,,,,,,,,,64,4,212600,3060,246,62,0,right,0,31,31,8,46,,,,,58,2.0,16,23,0,0.0,,,,,,,,,,,,,,,,,,,,,,,,,,,,,,,
592.2114696659846,unswapping,,,,,,,,,,,,,,,,,,,,,,,,,,,,,,,,,,,,,,,,,,,,,,,64,4,188776,2872,246,62,0,right,1,30,30,7,53,,,,,68,2.0,16,23,0,0.0,,,,,,,,,,,,,,,,,,,,,,,,,,,,,,,
593.3163729999796,unswapping,,,,,,,,,,,,,,,,,,,,,,,,,,,,,,,,,,,,,,,,,,,,,,,64,4,173384,2764,246,62,1,both,0,31,31,7,7,,,,,72,2.0,16,24,0,0.0,,,,,,,,,,,,,,,,,,,,,,,,,,,,,,,
594.6147785829962,unswapping,,,,,,,,,,,,,,,,,,,,,,,,,,,,,,,,,,,,,,,,,,,,,,,64,4,156984,2644,246,62,1,both,1,30,30,9,16,,,,,80,2.0,16,21,0,0.0,,,,,,,,,,,,,,,,,,,,,,,,,,,,,,,
595.1045816250262,unswapping,,,,,,,,,,,,,,,,,,,,,,,,,,,,,,,,,,,,,,,,,,,,,,,64,4,141460,2502,246,62,1,left,0,31,31,7,23,,,,,84,2.0,16,24,0,0.0,,,,,,,,,,,,,,,,,,,,,,,,,,,,,,,
595.4943541249959,unswapping,,,,,,,,,,,,,,,,,,,,,,,,,,,,,,,,,,,,,,,,,,,,,,,64,4,136972,2438,246,62,1,left,1,30,30,4,27,,,,,90,2.0,16,26,0,0.0,,,,,,,,,,,,,,,,,,,,,,,,,,,,,,,
595.8913165829726,unswapping,,,,,,,,,,,,,,,,,,,,,,,,,,,,,,,,,,,,,,,,,,,,,,,64,4,131404,2380,246,62,1,right,0,31,31,5,32,,,,,96,2.0,16,26,0,0.0,,,,,,,,,,,,,,,,,,,,,,,,,,,,,,,
596.3324547500233,unswapping,,,,,,,,,,,,,,,,,,,,,,,,,,,,,,,,,,,,,,,,,,,,,,,64,4,126956,2334,246,62,1,right,1,30,30,2,34,,,,,100,2.0,16,28,0,0.0,,,,,,,,,,,,,,,,,,,,,,,,,,,,,,,
596.9341897909762,unswapping,,,,,,,,,,,,,,,,,,,,,,,,,,,,,,,,,,,,,,,,,,,,,,,64,4,126572,2330,246,62,2,both,0,31,31,2,2,,,,,102,2.0,16,29,0,0.0,,,,,,,,,,,,,,,,,,,,,,,,,,,,,,,
597.7208001660183,unswapping,,,,,,,,,,,,,,,,,,,,,,,,,,,,,,,,,,,,,,,,,,,,,,,64,4,123500,2278,246,62,2,both,1,30,30,3,5,,,,,106,2.0,16,27,0,0.0,,,,,,,,,,,,,,,,,,,,,,,,,,,,,,,
598.0014755830052,unswapping,,,,,,,,,,,,,,,,,,,,,,,,,,,,,,,,,,,,,,,,,,,,,,,64,4,119564,2228,246,62,2,left,0,31,31,1,6,,,,,106,2.0,16,30,0,0.0,,,,,,,,,,,,,,,,,,,,,,,,,,,,,,,
598.3296758329961,unswapping,,,,,,,,,,,,,,,,,,,,,,,,,,,,,,,,,,,,,,,,,,,,,,,64,4,118252,2224,246,62,2,left,1,30,30,2,8,,,,,104,2.0,16,28,0,0.0,,,,,,,,,,,,,,,,,,,,,,,,,,,,,,,
598.606443208002,unswapping,,,,,,,,,,,,,,,,,,,,,,,,,,,,,,,,,,,,,,,,,,,,,,,64,4,113836,2182,246,62,2,right,0,31,31,1,9,,,,,104,2.0,16,30,0,0.0,,,,,,,,,,,,,,,,,,,,,,,,,,,,,,,
598.8306455410202,unswapping,,,,,,,,,,,,,,,,,,,,,,,,,,,,,,,,,,,,,,,,,,,,,,,64,4,113836,2182,246,62,2,right,1,30,30,0,9,,,,,104,2.0,16,30,0,0.0,,,,,,,,,,,,,,,,,,,,,,,,,,,,,,,
599.2491233749897,unswapping,,,,,,,,,,,,,,,,,,,,,,,,,,,,,,,,,,,,,,,,,,,,,,,64,4,113836,2182,246,62,3,both,0,31,31,0,0,,,,,104,2.0,16,31,0,0.0,,,,,,,,,,,,,,,,,,,,,,,,,,,,,,,
599.8886611660128,unswapping,,,,,,,,,,,,,,,,,,,,,,,,,,,,,,,,,,,,,,,,,,,,,,,64,4,111760,2168,246,62,3,both,1,30,30,2,2,,,,,104,2.0,16,28,0,0.0,,,,,,,,,,,,,,,,,,,,,,,,,,,,,,,
600.1149058329756,unswapping,,,,,,,,,,,,,,,,,,,,,,,,,,,,,,,,,,,,,,,,,,,,,,,64,4,110864,2148,246,62,3,left,0,31,31,1,3,,,,,102,2.0,16,30,0,0.0,,,,,,,,,,,,,,,,,,,,,,,,,,,,,,,
600.3624279160285,unswapping,,,,,,,,,,,,,,,,,,,,,,,,,,,,,,,,,,,,,,,,,,,,,,,64,4,110864,2148,246,62,3,left,1,30,30,0,3,,,,,102,2.0,16,30,0,0.0,,,,,,,,,,,,,,,,,,,,,,,,,,,,,,,
600.5708832910168,unswapping,,,,,,,,,,,,,,,,,,,,,,,,,,,,,,,,,,,,,,,,,,,,,,,64,4,110864,2148,246,62,3,right,0,31,31,0,3,,,,,102,2.0,16,31,0,0.0,,,,,,,,,,,,,,,,,,,,,,,,,,,,,,,
600.7915539160022,unswapping,,,,,,,,,,,,,,,,,,,,,,,,,,,,,,,,,,,,,,,,,,,,,,,64,4,110864,2148,246,62,3,right,1,30,30,0,3,,,,,102,2.0,16,30,0,0.0,,,,,,,,,,,,,,,,,,,,,,,,,,,,,,,
601.288990541012,unswapping,,,,,,,,,,,,,,,,,,,,,,,,,,,,,,,,,,,,,,,,,,,,,,,64,4,110480,2144,246,62,4,both,0,31,31,1,1,,,,,106,2.0,16,30,0,0.0,,,,,,,,,,,,,,,,,,,,,,,,,,,,,,,
601.9747767910012,unswapping,,,,,,,,,,,,,,,,,,,,,,,,,,,,,,,,,,,,,,,,,,,,,,,64,4,109348,2132,246,62,4,both,1,30,30,1,2,,,,,108,2.0,16,29,0,0.0,,,,,,,,,,,,,,,,,,,,,,,,,,,,,,,
602.2461191660259,unswapping,,,,,,,,,,,,,,,,,,,,,,,,,,,,,,,,,,,,,,,,,,,,,,,64,4,108472,2122,246,62,4,left,0,31,31,1,3,,,,,110,2.0,16,30,0,0.0,,,,,,,,,,,,,,,,,,,,,,,,,,,,,,,
602.5465517499833,unswapping,,,,,,,,,,,,,,,,,,,,,,,,,,,,,,,,,,,,,,,,,,,,,,,64,4,107376,2108,246,62,4,left,1,30,30,1,4,,,,,110,2.0,16,29,0,0.0,,,,,,,,,,,,,,,,,,,,,,,,,,,,,,,
602.7353345410083,unswapping,,,,,,,,,,,,,,,,,,,,,,,,,,,,,,,,,,,,,,,,,,,,,,,64,4,107376,2108,246,62,4,right,0,31,31,0,4,,,,,110,2.0,16,31,0,0.0,,,,,,,,,,,,,,,,,,,,,,,,,,,,,,,
602.947838083026,unswapping,,,,,,,,,,,,,,,,,,,,,,,,,,,,,,,,,,,,,,,,,,,,,,,64,4,107376,2108,246,62,4,right,1,30,30,0,4,,,,,110,2.0,16,30,0,0.0,,,,,,,,,,,,,,,,,,,,,,,,,,,,,,,
603.3246636249823,unswapping,,,,,,,,,,,,,,,,,,,,,,,,,,,,,,,,,,,,,,,,,,,,,,,64,4,107376,2108,246,62,5,both,0,31,31,0,0,,,,,110,2.0,16,31,0,0.0,,,,,,,,,,,,,,,,,,,,,,,,,,,,,,,
603.8723272079951,unswapping,,,,,,,,,,,,,,,,,,,,,,,,,,,,,,,,,,,,,,,,,,,,,,,64,4,107376,2108,246,62,5,both,1,30,30,0,0,,,,,110,2.0,16,30,0,0.0,,,,,,,,,,,,,,,,,,,,,,,,,,,,,,,
604.0546602500253,unswapping,,,,,,,,,,,,,,,,,,,,,,,,,,,,,,,,,,,,,,,,,,,,,,,64,4,107376,2108,246,62,5,left,0,31,31,0,0,,,,,110,2.0,16,31,0,0.0,,,,,,,,,,,,,,,,,,,,,,,,,,,,,,,
604.2743584159762,unswapping,,,,,,,,,,,,,,,,,,,,,,,,,,,,,,,,,,,,,,,,,,,,,,,64,4,107376,2108,246,62,5,left,1,30,30,0,0,,,,,110,2.0,16,30,0,0.0,,,,,,,,,,,,,,,,,,,,,,,,,,,,,,,
604.4696775000193,unswapping,,,,,,,,,,,,,,,,,,,,,,,,,,,,,,,,,,,,,,,,,,,,,,,64,4,107376,2108,246,62,5,right,0,31,31,0,0,,,,,110,2.0,16,31,0,0.0,,,,,,,,,,,,,,,,,,,,,,,,,,,,,,,
604.6837958749966,unswapping,,,,,,,,,,,,,,,,,,,,,,,,,,,,,,,,,,,,,,,,,,,,,,,64,4,107376,2108,246,62,5,right,1,30,30,0,0,,,,,110,2.0,16,30,0,0.0,,,,,,,,,,,,,,,,,,,,,,,,,,,,,,,
606.2760974999983,unswap_cycle_summary,,,,,,,,,,,,50,39,89,,,,,,,,,,,,,,,,,,,512,0.0006,,,,,,,,,,,,,64,4,107376,2108,246,62,,,,,,,,,,,,,,,,,,,,22,24.104884832981043,89,2593,2504,2,False,,,,,,,,,,,,,,,,,,,,,,
608.565470875008,rewiring,left,post_unswap,2.244028708024416,1677,False,False,,,,,,,,,,,,,,,,,,,,,,,,,,,,,,,,,,,,,,,,,,,,,,,,,,,,,,,,,,,,,,,,,,22,,,,,,,50,False,2,1,none,0.0,123,2.2440235419780947,3.4852804169640876,,,,,,,,,,,,,
609.8064728329773,rewiring,right,post_unswap,1.240807207999751,1781,False,False,,,,,,,,,,,,,,,,,,,,,,,,,,,,,,,,,,,,,,,,,,,,,,,,,,,,,,,,,,,,,,,,,,22,,,,,,,50,False,2,1,none,0.0,123,1.2408042080351152,3.4852804169640876,,,,,,,,,,,,,
609.9009367909748,cycle_progress,,,,,,,,,,,,50,39,89,,,,,,,,,,,,,,,,,,,512,0.0006,,109544,0,,,,,,,,,,64,4,107376,2108,246,62,,,,,,,,,,,,,,,,,,,,22,,89,2593,2504,2,False,,,,,,,,,3.4852804169640876,,,,,,,,,,,,,
610.126885375008,absorbing,,,,,,,L,1,0,1647,1680,51,39,90,14,1,1,0.06470612500561401,0.10812141600763425,0.17282754101324826,0.17790095799136907,107376,158104,64,111,False,False,False,False,107376,64,False,512,0.0006,,107376,0,total_elems,107376,158104,1,1,,,,0.0,64,4,107376,2108,246,62,,,,,,,,,,,,,,,,,,,,,,,,,,,,,,,,,,,,,,,,,,,,,,,,
610.4160619159811,absorbing,,,,,,,L,2,0,1647,1680,52,39,91,11,1,2,0.11852033296599984,0.11891837499570101,0.23743870796170086,0.2412170420284383,130064,158104,64,111,False,False,False,False,130064,64,False,512,0.0006,,107376,0,total_elems,130064,158104,1,1,,,,0.0,64,4,130064,2430,246,62,,,,,,,,,,,,,,,,,,,,,,,,,,,,,,,,,,,,,,,,,,,,,,,,
610.8172028749832,absorbing,,,,,,,L,3,0,1647,1680,52,39,91,11,0,2,0.15774029202293605,0.19458937499439344,0.3523296670173295,0.35313737497199327,189488,193448,128,111,False,False,False,False,189488,128,False,512,0.0006,,107376,0,total_elems,189488,193448,1,1,,,,0.0,128,4,189488,2886,246,62,,,,,,,,,,,,,,,,,,,,,,,,,,,,,,,,,,,,,,,,,,,,,,,,
611.3571593749803,absorbing,,,,,,,L,4,0,1647,1680,53,39,92,8,1,3,0.2277624579728581,0.2591589580406435,0.4869214160135016,0.48793512501288205,250020,278664,128,128,False,False,False,False,250020,128,False,512,0.0006,,107376,0,total_elems,250020,278664,1,1,,,,0.0,128,4,250020,3324,246,62,,,,,,,,,,,,,,,,,,,,,,,,,,,,,,,,,,,,,,,,,,,,,,,,
612.0276895830175,absorbing,,,,,,,L,5,0,1647,1680,53,39,92,8,0,3,0.25140295800520107,0.369807832990773,0.6212107909959741,0.6219366670120507,304788,382276,128,128,False,False,False,False,304788,128,False,512,0.0006,,107376,0,total_elems,304788,382276,1,1,,,,0.0,128,4,304788,3622,246,62,,,,,,,,,,,,,,,,,,,,,,,,,,,,,,,,,,,,,,,,,,,,,,,,
612.7765104999999,absorbing,,,,,,,L,6,0,1647,1680,53,39,92,11,0,3,0.2913631250266917,0.4070177919929847,0.6983809170196764,0.7007400420261547,359384,426252,128,128,False,False,False,False,359384,128,False,512,0.0006,,107376,0,total_elems,359384,426252,1,1,,,,0.0,128,4,359384,3894,246,62,,,,,,,,,,,,,,,,,,,,,,,,,,,,,,,,,,,,,,,,,,,,,,,,
618.4179812910152,unswapping,,,,,,,,,,,,,,,,,,,,,,,,,,,,,,,,,,,,,,,,,,,,,,,128,4,359384,3894,246,62,0,both,0,31,31,0,0,,,,,0,2.0,16,31,0,0.0,,,,,,,,,,,,,,,,,,,,,,,,,,,,,,,
620.9153232499957,unswapping,,,,,,,,,,,,,,,,,,,,,,,,,,,,,,,,,,,,,,,,,,,,,,,128,4,359384,3894,246,62,0,both,1,30,30,0,0,,,,,0,2.0,16,30,0,0.0,,,,,,,,,,,,,,,,,,,,,,,,,,,,,,,
623.8185967080062,unswapping,,,,,,,,,,,,,,,,,,,,,,,,,,,,,,,,,,,,,,,,,,,,,,,255,4,595264,4510,246,62,0,left,0,31,31,2,2,,,,,4,2.0,16,29,0,0.0,,,,,,,,,,,,,,,,,,,,,,,,,,,,,,,
625.5105475829914,unswapping,,,,,,,,,,,,,,,,,,,,,,,,,,,,,,,,,,,,,,,,,,,,,,,127,4,321688,3598,246,62,0,left,1,30,30,10,12,,,,,24,2.0,16,20,0,0.0,,,,,,,,,,,,,,,,,,,,,,,,,,,,,,,
626.6140199580113,unswapping,,,,,,,,,,,,,,,,,,,,,,,,,,,,,,,,,,,,,,,,,,,,,,,122,4,273008,3456,246,62,0,right,0,31,31,1,13,,,,,26,2.0,16,30,0,0.0,,,,,,,,,,,,,,,,,,,,,,,,,,,,,,,
627.4806371660088,unswapping,,,,,,,,,,,,,,,,,,,,,,,,,,,,,,,,,,,,,,,,,,,,,,,121,4,249600,3276,246,62,0,right,1,30,30,14,27,,,,,42,2.0,16,16,0,0.0,,,,,,,,,,,,,,,,,,,,,,,,,,,,,,,
628.6950602909783,unswapping,,,,,,,,,,,,,,,,,,,,,,,,,,,,,,,,,,,,,,,,,,,,,,,96,4,214512,3032,246,62,1,both,0,31,31,4,4,,,,,48,2.0,16,27,0,0.0,,,,,,,,,,,,,,,,,,,,,,,,,,,,,,,
629.8589936660137,unswapping,,,,,,,,,,,,,,,,,,,,,,,,,,,,,,,,,,,,,,,,,,,,,,,92,4,211176,3010,246,62,1,both,1,30,30,2,6,,,,,48,2.0,16,28,0,0.0,,,,,,,,,,,,,,,,,,,,,,,,,,,,,,,
630.464560457971,unswapping,,,,,,,,,,,,,,,,,,,,,,,,,,,,,,,,,,,,,,,,,,,,,,,90,4,194936,2848,246,62,1,left,0,31,31,8,14,,,,,62,2.0,16,23,0,0.0,,,,,,,,,,,,,,,,,,,,,,,,,,,,,,,
631.0543982909876,unswapping,,,,,,,,,,,,,,,,,,,,,,,,,,,,,,,,,,,,,,,,,,,,,,,64,4,171232,2678,246,62,1,left,1,30,30,5,19,,,,,62,2.0,16,25,0,0.0,,,,,,,,,,,,,,,,,,,,,,,,,,,,,,,
631.4785811249749,unswapping,,,,,,,,,,,,,,,,,,,,,,,,,,,,,,,,,,,,,,,,,,,,,,,64,4,162016,2628,246,62,1,right,0,31,31,1,20,,,,,62,2.0,16,30,0,0.0,,,,,,,,,,,,,,,,,,,,,,,,,,,,,,,
631.9373011660064,unswapping,,,,,,,,,,,,,,,,,,,,,,,,,,,,,,,,,,,,,,,,,,,,,,,64,4,160924,2620,246,62,1,right,1,30,30,3,23,,,,,60,2.0,16,27,0,0.0,,,,,,,,,,,,,,,,,,,,,,,,,,,,,,,
632.854010207986,unswapping,,,,,,,,,,,,,,,,,,,,,,,,,,,,,,,,,,,,,,,,,,,,,,,64,4,159280,2582,246,62,2,both,0,31,31,4,4,,,,,68,2.0,16,27,0,0.0,,,,,,,,,,,,,,,,,,,,,,,,,,,,,,,
633.855529790977,unswapping,,,,,,,,,,,,,,,,,,,,,,,,,,,,,,,,,,,,,,,,,,,,,,,64,4,142328,2448,246,62,2,both,1,30,30,3,7,,,,,70,2.0,16,27,0,0.0,,,,,,,,,,,,,,,,,,,,,,,,,,,,,,,
634.3290832500206,unswapping,,,,,,,,,,,,,,,,,,,,,,,,,,,,,,,,,,,,,,,,,,,,,,,64,4,130436,2298,246,62,2,left,0,31,31,5,12,,,,,80,2.0,16,26,0,0.0,,,,,,,,,,,,,,,,,,,,,,,,,,,,,,,
634.7318642080063,unswapping,,,,,,,,,,,,,,,,,,,,,,,,,,,,,,,,,,,,,,,,,,,,,,,64,4,117468,2196,246,62,2,left,1,30,30,4,16,,,,,88,2.0,16,26,0,0.0,,,,,,,,,,,,,,,,,,,,,,,,,,,,,,,
634.9472020000103,unswapping,,,,,,,,,,,,,,,,,,,,,,,,,,,,,,,,,,,,,,,,,,,,,,,64,4,117468,2196,246,62,2,right,0,31,31,0,16,,,,,88,2.0,16,31,0,0.0,,,,,,,,,,,,,,,,,,,,,,,,,,,,,,,
635.2420255829929,unswapping,,,,,,,,,,,,,,,,,,,,,,,,,,,,,,,,,,,,,,,,,,,,,,,64,4,117468,2196,246,62,2,right,1,30,30,0,16,,,,,88,2.0,16,30,0,0.0,,,,,,,,,,,,,,,,,,,,,,,,,,,,,,,
635.8530050829868,unswapping,,,,,,,,,,,,,,,,,,,,,,,,,,,,,,,,,,,,,,,,,,,,,,,64,4,117336,2190,246,62,3,both,0,31,31,3,3,,,,,88,2.0,16,28,0,0.0,,,,,,,,,,,,,,,,,,,,,,,,,,,,,,,
636.6543757080217,unswapping,,,,,,,,,,,,,,,,,,,,,,,,,,,,,,,,,,,,,,,,,,,,,,,64,4,117384,2194,246,62,3,both,1,30,30,1,4,,,,,90,2.0,16,29,0,0.0,,,,,,,,,,,,,,,,,,,,,,,,,,,,,,,
636.9407147499733,unswapping,,,,,,,,,,,,,,,,,,,,,,,,,,,,,,,,,,,,,,,,,,,,,,,64,4,117384,2194,246,62,3,left,0,31,31,1,5,,,,,92,2.0,16,30,0,0.0,,,,,,,,,,,,,,,,,,,,,,,,,,,,,,,
637.2239668749971,unswapping,,,,,,,,,,,,,,,,,,,,,,,,,,,,,,,,,,,,,,,,,,,,,,,64,4,117384,2194,246,62,3,left,1,30,30,0,5,,,,,92,2.0,16,30,0,0.0,,,,,,,,,,,,,,,,,,,,,,,,,,,,,,,
637.4408635830041,unswapping,,,,,,,,,,,,,,,,,,,,,,,,,,,,,,,,,,,,,,,,,,,,,,,64,4,117384,2194,246,62,3,right,0,31,31,0,5,,,,,92,2.0,16,31,0,0.0,,,,,,,,,,,,,,,,,,,,,,,,,,,,,,,
637.8412932499778,unswapping,,,,,,,,,,,,,,,,,,,,,,,,,,,,,,,,,,,,,,,,,,,,,,,64,4,117384,2194,246,62,3,right,1,30,30,1,6,,,,,90,2.0,16,29,0,0.0,,,,,,,,,,,,,,,,,,,,,,,,,,,,,,,
638.485303791007,unswapping,,,,,,,,,,,,,,,,,,,,,,,,,,,,,,,,,,,,,,,,,,,,,,,64,4,117384,2194,246,62,4,both,0,31,31,1,1,,,,,90,2.0,16,30,0,0.0,,,,,,,,,,,,,,,,,,,,,,,,,,,,,,,
639.1233983749989,unswapping,,,,,,,,,,,,,,,,,,,,,,,,,,,,,,,,,,,,,,,,,,,,,,,64,4,117384,2194,246,62,4,both,1,30,30,0,1,,,,,90,2.0,16,30,0,0.0,,,,,,,,,,,,,,,,,,,,,,,,,,,,,,,
639.3317261249758,unswapping,,,,,,,,,,,,,,,,,,,,,,,,,,,,,,,,,,,,,,,,,,,,,,,64,4,117384,2194,246,62,4,left,0,31,31,0,1,,,,,90,2.0,16,31,0,0.0,,,,,,,,,,,,,,,,,,,,,,,,,,,,,,,
639.6306278330158,unswapping,,,,,,,,,,,,,,,,,,,,,,,,,,,,,,,,,,,,,,,,,,,,,,,64,4,117384,2194,246,62,4,left,1,30,30,0,1,,,,,90,2.0,16,30,0,0.0,,,,,,,,,,,,,,,,,,,,,,,,,,,,,,,
639.8523840410053,unswapping,,,,,,,,,,,,,,,,,,,,,,,,,,,,,,,,,,,,,,,,,,,,,,,64,4,117384,2194,246,62,4,right,0,31,31,0,1,,,,,90,2.0,16,31,0,0.0,,,,,,,,,,,,,,,,,,,,,,,,,,,,,,,
640.142007291026,unswapping,,,,,,,,,,,,,,,,,,,,,,,,,,,,,,,,,,,,,,,,,,,,,,,64,4,117384,2194,246,62,4,right,1,30,30,0,1,,,,,90,2.0,16,30,0,0.0,,,,,,,,,,,,,,,,,,,,,,,,,,,,,,,
641.526239208004,unswap_cycle_summary,,,,,,,,,,,,53,39,92,,,,,,,,,,,,,,,,,,,512,0.0006,,,,,,,,,,,,,64,4,117384,2194,246,62,,,,,,,,,,,,,,,,,,,,23,26.323648541991133,92,2593,2501,3,False,,,,,,,,,,,,,,,,,,,,,,
643.4622383749811,rewiring,left,post_unswap,1.8893207910005003,1643,False,False,,,,,,,,,,,,,,,,,,,,,,,,,,,,,,,,,,,,,,,,,,,,,,,,,,,,,,,,,,,,,,,,,,23,,,,,,,50,False,3,1,none,0.0,123,1.8893167090136558,3.5235538340057246,,,,,,,,,,,,,
645.0962430000072,rewiring,right,post_unswap,1.6338368330034427,1682,False,False,,,,,,,,,,,,,,,,,,,,,,,,,,,,,,,,,,,,,,,,,,,,,,,,,,,,,,,,,,,,,,,,,,23,,,,,,,50,False,3,1,none,0.0,123,1.6338331250008196,3.5235538340057246,,,,,,,,,,,,,
645.1853906660108,cycle_progress,,,,,,,,,,,,53,39,92,,,,,,,,,,,,,,,,,,,512,0.0006,,107376,0,,,,,,,,,,64,4,117384,2194,246,62,,,,,,,,,,,,,,,,,,,,23,,92,2593,2501,3,False,,,,,,,,,3.5235538340057246,,,,,,,,,,,,,
645.408390416007,absorbing,,,,,,,L,1,0,1536,1666,54,39,93,11,1,1,0.0657267079805024,0.10362262499984354,0.16934933298034593,0.17646325001260266,120136,143396,64,107,False,False,False,False,120136,64,False,512,0.0006,,117384,0,total_elems,120136,143396,1,1,,,,0.0,64,4,120136,2226,246,62,,,,,,,,,,,,,,,,,,,,,,,,,,,,,,,,,,,,,,,,,,,,,,,,
645.7119064580183,absorbing,,,,,,,R,1,1,1536,1666,54,41,95,12,2,3,0.12566304201027378,0.13009820797014982,0.2557612499804236,0.25675045797834173,166244,147180,107,107,False,False,False,False,147180,107,False,512,0.0006,,117384,0,total_elems,166244,147180,1,1,,,,0.0,107,4,147180,2544,246,62,,,,,,,,,,,,,,,,,,,,,,,,,,,,,,,,,,,,,,,,,,,,,,,,
646.1807812500047,absorbing,,,,,,,L,2,1,1536,1666,54,41,95,10,0,3,0.17393808299675584,0.24508258304558694,0.4190206660423428,0.4198552079615183,194796,236704,106,104,False,False,False,False,194796,106,False,512,0.0006,,117384,0,total_elems,194796,236704,1,1,,,,0.0,106,4,194796,2906,246,62,,,,,,,,,,,,,,,,,,,,,,,,,,,,,,,,,,,,,,,,,,,,,,,,
646.763376790972,absorbing,,,,,,,L,3,1,1536,1666,54,41,95,10,0,3,0.21586200001183897,0.3144282500143163,0.5302902500261553,0.5311126669985242,252968,306464,128,119,False,False,False,False,252968,128,False,512,0.0006,,117384,0,total_elems,252968,306464,1,1,,,,0.0,128,4,252968,3338,246,62,,,,,,,,,,,,,,,,,,,,,,,,,,,,,,,,,,,,,,,,,,,,,,,,
647.4550628750003,absorbing,,,,,,,L,4,1,1536,1666,54,41,95,8,0,3,0.2794676669873297,0.3603458339930512,0.6398135009803809,0.6419203330297023,334784,384224,128,128,False,False,False,False,334784,128,False,512,0.0006,,117384,0,total_elems,334784,384224,1,1,,,,0.0,128,4,334784,3770,246,62,,,,,,,,,,,,,,,,,,,,,,,,,,,,,,,,,,,,,,,,,,,,,,,,
648.2271593749756,absorbing,,,,,,,L,5,1,1536,1666,55,41,96,6,1,4,0.3085125000216067,0.41043599997647107,0.7189484999980778,0.7208132910309359,416724,492776,128,128,False,False,False,False,416724,128,False,512,0.0006,,117384,0,total_elems,416724,492776,1,1,,,,0.0,128,4,416724,4292,246,62,,,,,,,,,,,,,,,,,,,,,,,,,,,,,,,,,,,,,,,,,,,,,,,,
652.2157829999924,unswapping,,,,,,,,,,,,,,,,,,,,,,,,,,,,,,,,,,,,,,,,,,,,,,,215,4,468808,4554,246,62,0,both,0,31,31,1,1,,,,,0,2.0,16,30,0,0.0,,,,,,,,,,,,,,,,,,,,,,,,,,,,,,,
655.2327854160103,unswapping,,,,,,,,,,,,,,,,,,,,,,,,,,,,,,,,,,,,,,,,,,,,,,,128,4,394844,4140,246,62,0,both,1,30,30,10,11,,,,,0,2.0,16,20,0,0.0,,,,,,,,,,,,,,,,,,,,,,,,,,,,,,,
656.2105314580258,unswapping,,,,,,,,,,,,,,,,,,,,,,,,,,,,,,,,,,,,,,,,,,,,,,,128,4,325608,3624,246,62,0,left,0,31,31,10,21,,,,,20,2.0,16,21,0,0.0,,,,,,,,,,,,,,,,,,,,,,,,,,,,,,,
657.2528687500162,unswapping,,,,,,,,,,,,,,,,,,,,,,,,,,,,,,,,,,,,,,,,,,,,,,,128,4,285240,3366,246,62,0,left,1,30,30,6,27,,,,,32,2.0,16,24,0,0.0,,,,,,,,,,,,,,,,,,,,,,,,,,,,,,,
658.029444875021,unswapping,,,,,,,,,,,,,,,,,,,,,,,,,,,,,,,,,,,,,,,,,,,,,,,128,4,188472,2934,246,62,0,right,0,31,31,7,34,,,,,46,2.0,16,24,0,0.0,,,,,,,,,,,,,,,,,,,,,,,,,,,,,,,
658.59357550001,unswapping,,,,,,,,,,,,,,,,,,,,,,,,,,,,,,,,,,,,,,,,,,,,,,,64,4,151288,2732,246,62,0,right,1,30,30,6,40,,,,,56,2.0,16,24,0,0.0,,,,,,,,,,,,,,,,,,,,,,,,,,,,,,,
659.5122788749868,unswapping,,,,,,,,,,,,,,,,,,,,,,,,,,,,,,,,,,,,,,,,,,,,,,,64,4,133032,2566,246,62,1,both,0,31,31,4,4,,,,,58,2.0,16,27,0,0.0,,,,,,,,,,,,,,,,,,,,,,,,,,,,,,,
660.535469290975,unswapping,,,,,,,,,,,,,,,,,,,,,,,,,,,,,,,,,,,,,,,,,,,,,,,64,4,123628,2450,246,62,1,both,1,30,30,9,13,,,,,68,2.0,16,21,0,0.0,,,,,,,,,,,,,,,,,,,,,,,,,,,,,,,
660.8980847499915,unswapping,,,,,,,,,,,,,,,,,,,,,,,,,,,,,,,,,,,,,,,,,,,,,,,64,4,120620,2398,246,62,1,left,0,31,31,4,17,,,,,72,2.0,16,27,0,0.0,,,,,,,,,,,,,,,,,,,,,,,,,,,,,,,
661.3445268329815,unswapping,,,,,,,,,,,,,,,,,,,,,,,,,,,,,,,,,,,,,,,,,,,,,,,64,4,115036,2350,246,62,1,left,1,30,30,6,23,,,,,80,2.0,16,24,0,0.0,,,,,,,,,,,,,,,,,,,,,,,,,,,,,,,
661.6900272080093,unswapping,,,,,,,,,,,,,,,,,,,,,,,,,,,,,,,,,,,,,,,,,,,,,,,64,4,114940,2342,246,62,1,right,0,31,31,1,24,,,,,80,2.0,16,30,0,0.0,,,,,,,,,,,,,,,,,,,,,,,,,,,,,,,
662.1051091660047,unswapping,,,,,,,,,,,,,,,,,,,,,,,,,,,,,,,,,,,,,,,,,,,,,,,64,4,111580,2306,246,62,1,right,1,30,30,2,26,,,,,82,2.0,16,28,0,0.0,,,,,,,,,,,,,,,,,,,,,,,,,,,,,,,
662.7792380410247,unswapping,,,,,,,,,,,,,,,,,,,,,,,,,,,,,,,,,,,,,,,,,,,,,,,64,4,104668,2210,246,62,2,both,0,31,31,2,2,,,,,88,2.0,16,29,0,0.0,,,,,,,,,,,,,,,,,,,,,,,,,,,,,,,
663.5056504160166,unswapping,,,,,,,,,,,,,,,,,,,,,,,,,,,,,,,,,,,,,,,,,,,,,,,64,4,104108,2190,246,62,2,both,1,30,30,4,6,,,,,90,2.0,16,26,0,0.0,,,,,,,,,,,,,,,,,,,,,,,,,,,,,,,
663.8127369579743,unswapping,,,,,,,,,,,,,,,,,,,,,,,,,,,,,,,,,,,,,,,,,,,,,,,64,4,95056,2124,246,62,2,left,0,31,31,3,9,,,,,94,2.0,16,28,0,0.0,,,,,,,,,,,,,,,,,,,,,,,,,,,,,,,
664.1482415830251,unswapping,,,,,,,,,,,,,,,,,,,,,,,,,,,,,,,,,,,,,,,,,,,,,,,48,4,79760,1982,246,62,2,left,1,30,30,3,12,,,,,94,2.0,16,27,0,0.0,,,,,,,,,,,,,,,,,,,,,,,,,,,,,,,
664.4023850830272,unswapping,,,,,,,,,,,,,,,,,,,,,,,,,,,,,,,,,,,,,,,,,,,,,,,48,4,79392,1976,246,62,2,right,0,31,31,2,14,,,,,98,2.0,16,29,0,0.0,,,,,,,,,,,,,,,,,,,,,,,,,,,,,,,
664.6340661249706,unswapping,,,,,,,,,,,,,,,,,,,,,,,,,,,,,,,,,,,,,,,,,,,,,,,48,4,79392,1976,246,62,2,right,1,30,30,0,14,,,,,98,2.0,16,30,0,0.0,,,,,,,,,,,,,,,,,,,,,,,,,,,,,,,
665.152390333009,unswapping,,,,,,,,,,,,,,,,,,,,,,,,,,,,,,,,,,,,,,,,,,,,,,,48,4,77344,1944,246,62,3,both,0,31,31,2,2,,,,,96,2.0,16,29,0,0.0,,,,,,,,,,,,,,,,,,,,,,,,,,,,,,,
665.6032091659727,unswapping,,,,,,,,,,,,,,,,,,,,,,,,,,,,,,,,,,,,,,,,,,,,,,,48,4,77344,1944,246,62,3,both,1,30,30,0,2,,,,,96,2.0,16,30,0,0.0,,,,,,,,,,,,,,,,,,,,,,,,,,,,,,,
665.8630337499781,unswapping,,,,,,,,,,,,,,,,,,,,,,,,,,,,,,,,,,,,,,,,,,,,,,,48,4,71200,1896,246,62,3,left,0,31,31,3,5,,,,,96,2.0,16,28,0,0.0,,,,,,,,,,,,,,,,,,,,,,,,,,,,,,,
666.0644799160073,unswapping,,,,,,,,,,,,,,,,,,,,,,,,,,,,,,,,,,,,,,,,,,,,,,,48,4,71200,1896,246,62,3,left,1,30,30,0,5,,,,,96,2.0,16,30,0,0.0,,,,,,,,,,,,,,,,,,,,,,,,,,,,,,,
666.2561714160256,unswapping,,,,,,,,,,,,,,,,,,,,,,,,,,,,,,,,,,,,,,,,,,,,,,,48,4,71200,1896,246,62,3,right,0,31,31,0,5,,,,,96,2.0,16,31,0,0.0,,,,,,,,,,,,,,,,,,,,,,,,,,,,,,,
666.4538716659881,unswapping,,,,,,,,,,,,,,,,,,,,,,,,,,,,,,,,,,,,,,,,,,,,,,,48,4,71200,1896,246,62,3,right,1,30,30,0,5,,,,,96,2.0,16,30,0,0.0,,,,,,,,,,,,,,,,,,,,,,,,,,,,,,,
666.8195701250224,unswapping,,,,,,,,,,,,,,,,,,,,,,,,,,,,,,,,,,,,,,,,,,,,,,,48,4,71200,1896,246,62,4,both,0,31,31,0,0,,,,,96,2.0,16,31,0,0.0,,,,,,,,,,,,,,,,,,,,,,,,,,,,,,,
667.2179971250007,unswapping,,,,,,,,,,,,,,,,,,,,,,,,,,,,,,,,,,,,,,,,,,,,,,,48,4,71200,1896,246,62,4,both,1,30,30,0,0,,,,,96,2.0,16,30,0,0.0,,,,,,,,,,,,,,,,,,,,,,,,,,,,,,,
667.3835722500226,unswapping,,,,,,,,,,,,,,,,,,,,,,,,,,,,,,,,,,,,,,,,,,,,,,,48,4,71200,1896,246,62,4,left,0,31,31,0,0,,,,,96,2.0,16,31,0,0.0,,,,,,,,,,,,,,,,,,,,,,,,,,,,,,,
667.5487042909954,unswapping,,,,,,,,,,,,,,,,,,,,,,,,,,,,,,,,,,,,,,,,,,,,,,,48,4,71200,1896,246,62,4,left,1,30,30,0,0,,,,,96,2.0,16,30,0,0.0,,,,,,,,,,,,,,,,,,,,,,,,,,,,,,,
667.7124233749928,unswapping,,,,,,,,,,,,,,,,,,,,,,,,,,,,,,,,,,,,,,,,,,,,,,,48,4,71200,1896,246,62,4,right,0,31,31,0,0,,,,,96,2.0,16,31,0,0.0,,,,,,,,,,,,,,,,,,,,,,,,,,,,,,,
667.8750262079993,unswapping,,,,,,,,,,,,,,,,,,,,,,,,,,,,,,,,,,,,,,,,,,,,,,,48,4,71200,1896,246,62,4,right,1,30,30,0,0,,,,,96,2.0,16,30,0,0.0,,,,,,,,,,,,,,,,,,,,,,,,,,,,,,,
669.2929771660129,unswap_cycle_summary,,,,,,,,,,,,55,41,96,,,,,,,,,,,,,,,,,,,512,0.0006,,,,,,,,,,,,,48,4,71200,1896,246,62,,,,,,,,,,,,,,,,,,,,24,18.749979167012498,96,2593,2497,4,False,,,,,,,,,,,,,,,,,,,,,,
671.2605395829887,rewiring,left,post_unswap,1.919307124975603,1533,False,False,,,,,,,,,,,,,,,,,,,,,,,,,,,,,,,,,,,,,,,,,,,,,,,,,,,,,,,,,,,,,,,,,,24,,,,,,,50,False,4,1,none,0.0,123,1.9193032080074772,3.6798849159968086,,,,,,,,,,,,,
673.0209033749998,rewiring,right,post_unswap,1.760164999985136,1667,False,False,,,,,,,,,,,,,,,,,,,,,,,,,,,,,,,,,,,,,,,,,,,,,,,,,,,,,,,,,,,,,,,,,,24,,,,,,,50,False,4,1,none,0.0,123,1.760160541976802,3.6798849159968086,,,,,,,,,,,,,
673.117948582978,cycle_progress,,,,,,,,,,,,55,41,96,,,,,,,,,,,,,,,,,,,512,0.0006,,117384,0,,,,,,,,,,48,4,71200,1896,246,62,,,,,,,,,,,,,,,,,,,,24,,96,2593,2497,4,False,,,,,,,,,3.6798849159968086,,,,,,,,,,,,,
673.3255842080107,absorbing,,,,,,,L,1,0,1629,1788,55,41,96,16,0,0,0.05666745797498152,0.0909150000079535,0.147582457982935,0.15627025003777817,71200,86672,48,77,False,False,False,False,71200,48,False,512,0.0006,,71200,0,total_elems,71200,86672,1,1,,,,0.0,48,4,71200,1896,246,62,,,,,,,,,,,,,,,,,,,,,,,,,,,,,,,,,,,,,,,,,,,,,,,,
673.5851606659708,absorbing,,,,,,,R,1,1,1629,1788,55,41,96,12,0,0,0.11916116700740531,0.0884228750364855,0.2075840420438908,0.20832845801487565,113536,86672,96,77,False,False,False,False,86672,77,False,512,0.0006,,71200,0,total_elems,113536,86672,1,1,,,,0.0,77,4,86672,2046,246,62,,,,,,,,,,,,,,,,,,,,,,,,,,,,,,,,,,,,,,,,,,,,,,,,
673.9558033749927,absorbing,,,,,,,L,2,1,1629,1788,57,41,98,10,2,2,0.15114000003086403,0.16535333398496732,0.31649333401583135,0.3172942089731805,121332,158200,96,127,False,False,False,False,121332,96,False,512,0.0006,,71200,0,total_elems,121332,158200,1,1,,,,0.0,96,4,121332,2436,246,62,,,,,,,,,,,,,,,,,,,,,,,,,,,,,,,,,,,,,,,,,,,,,,,,
674.3504626249778,absorbing,,,,,,,L,3,1,1629,1788,57,41,98,10,0,2,0.1475956670474261,0.19570841698441654,0.34330408403184265,0.3453393329982646,192604,215228,128,127,False,False,False,False,192604,128,False,512,0.0006,,71200,0,total_elems,192604,215228,1,1,,,,0.0,128,4,192604,3058,246,62,,,,,,,,,,,,,,,,,,,,,,,,,,,,,,,,,,,,,,,,,,,,,,,,
674.8670217079925,absorbing,,,,,,,L,4,1,1629,1788,57,41,98,7,0,2,0.23692329204641283,0.22572162502910942,0.46264491707552224,0.46487541700480506,235680,284608,128,128,False,False,False,False,235680,128,False,512,0.0006,,71200,0,total_elems,235680,284608,1,1,,,,0.0,128,4,235680,3316,246,62,,,,,,,,,,,,,,,,,,,,,,,,,,,,,,,,,,,,,,,,,,,,,,,,
675.4455104160006,absorbing,,,,,,,L,5,1,1629,1788,57,41,98,5,0,2,0.2754990410176106,0.2507907499675639,0.5262897909851745,0.5297230830183253,290408,341020,128,128,False,False,False,False,290408,128,False,512,0.0006,,71200,0,total_elems,290408,341020,1,1,,,,0.0,128,4,290408,3524,246,62,,,,,,,,,,,,,,,,,,,,,,,,,,,,,,,,,,,,,,,,,,,,,,,,
676.0761721250019,absorbing,,,,,,,L,6,1,1629,1788,57,41,98,5,0,2,0.2152350830147043,0.36554320895811543,0.5807782919728197,0.5817746670218185,297188,574736,128,366,False,False,False,True,297188,128,False,512,0.0006,,71200,0,total_elems,297188,574736,1,1,,,,0.0,128,4,297188,3620,246,62,,,,,,,,,,,,,,,,,,,,,,,,,,,,,,,,,,,,,,,,,,,,,,,,
676.7318799999775,absorbing,,,,,,,L,7,1,1629,1788,57,41,98,6,0,2,0.23913312499644235,0.36155108304228634,0.6006842080387287,0.6028677500435151,320600,581096,128,360,False,False,False,True,320600,128,False,512,0.0006,,71200,0,total_elems,320600,581096,1,1,,,,0.0,128,4,320600,3814,246,62,,,,,,,,,,,,,,,,,,,,,,,,,,,,,,,,,,,,,,,,,,,,,,,,
677.4493811249849,absorbing,,,,,,,L,8,1,1629,1788,57,41,98,5,0,2,0.27065354102524,0.3921928339987062,0.6628463750239462,0.6659697499708273,421736,556816,246,354,False,False,False,True,421736,246,False,512,0.0006,,71200,0,total_elems,421736,556816,1,1,,,,0.0,246,4,421736,4238,246,62,,,,,,,,,,,,,,,,,,,,,,,,,,,,,,,,,,,,,,,,,,,,,,,,
678.3934997909819,absorbing,,,,,,,L,9,1,1629,1788,57,41,98,5,0,2,0.27042820799397305,0.6182355000055395,0.8886637079995126,0.8921895830426365,435464,868540,242,351,False,False,False,True,435464,242,False,512,0.0006,,71200,0,total_elems,435464,868540,1,1,,,,0.0,242,4,435464,4430,246,62,,,,,,,,,,,,,,,,,,,,,,,,,,,,,,,,,,,,,,,,,,,,,,,,
679.3295091249747,absorbing,,,,,,,L,10,1,1629,1788,57,41,98,5,0,2,0.30153341696131974,0.5792536660446785,0.8807870830059983,0.882744750007987,443448,901400,238,349,False,False,False,True,443448,238,False,512,0.0006,,71200,0,total_elems,443448,901400,1,1,,,,0.0,238,4,443448,4536,246,62,,,,,,,,,,,,,,,,,,,,,,,,,,,,,,,,,,,,,,,,,,,,,,,,
680.2915970410104,absorbing,,,,,,,L,11,1,1629,1788,58,41,99,3,1,3,0.2999807079904713,0.6076406250358559,0.9076213330263272,0.9114353749901056,439984,907700,234,349,False,False,False,True,439984,234,False,512,0.0006,,71200,0,total_elems,439984,907700,1,1,,,,0.0,234,4,439984,4530,246,62,,,,,,,,,,,,,,,,,,,,,,,,,,,,,,,,,,,,,,,,,,,,,,,,
683.9332911659731,unswapping,,,,,,,,,,,,,,,,,,,,,,,,,,,,,,,,,,,,,,,,,,,,,,,128,4,342824,4136,246,62,0,both,0,31,31,2,2,,,,,0,2.0,16,29,0,0.0,,,,,,,,,,,,,,,,,,,,,,,,,,,,,,,
686.0888558750157,unswapping,,,,,,,,,,,,,,,,,,,,,,,,,,,,,,,,,,,,,,,,,,,,,,,128,4,318424,3954,246,62,0,both,1,30,30,7,9,,,,,0,2.0,16,23,0,0.0,,,,,,,,,,,,,,,,,,,,,,,,,,,,,,,
686.9176389159984,unswapping,,,,,,,,,,,,,,,,,,,,,,,,,,,,,,,,,,,,,,,,,,,,,,,128,4,274072,3512,246,62,0,left,0,31,31,8,17,,,,,16,2.0,16,23,0,0.0,,,,,,,,,,,,,,,,,,,,,,,,,,,,,,,
687.6006377500016,unswapping,,,,,,,,,,,,,,,,,,,,,,,,,,,,,,,,,,,,,,,,,,,,,,,128,4,203680,3050,246,62,0,left,1,30,30,11,28,,,,,38,2.0,16,19,0,0.0,,,,,,,,,,,,,,,,,,,,,,,,,,,,,,,
688.1186629160075,unswapping,,,,,,,,,,,,,,,,,,,,,,,,,,,,,,,,,,,,,,,,,,,,,,,128,4,195008,2950,246,62,0,right,0,31,31,4,32,,,,,46,2.0,16,27,0,0.0,,,,,,,,,,,,,,,,,,,,,,,,,,,,,,,
688.6512550829793,unswapping,,,,,,,,,,,,,,,,,,,,,,,,,,,,,,,,,,,,,,,,,,,,,,,128,4,177536,2836,246,62,0,right,1,30,30,4,36,,,,,52,2.0,16,26,0,0.0,,,,,,,,,,,,,,,,,,,,,,,,,,,,,,,
689.6451183750178,unswapping,,,,,,,,,,,,,,,,,,,,,,,,,,,,,,,,,,,,,,,,,,,,,,,85,4,118528,2500,246,62,1,both,0,31,31,8,8,,,,,56,2.0,16,23,0,0.0,,,,,,,,,,,,,,,,,,,,,,,,,,,,,,,
690.4083879580139,unswapping,,,,,,,,,,,,,,,,,,,,,,,,,,,,,,,,,,,,,,,,,,,,,,,64,4,93440,2270,246,62,1,both,1,30,30,6,14,,,,,64,2.0,16,24,0,0.0,,,,,,,,,,,,,,,,,,,,,,,,,,,,,,,
690.7055634999997,unswapping,,,,,,,,,,,,,,,,,,,,,,,,,,,,,,,,,,,,,,,,,,,,,,,64,4,82560,2146,246,62,1,left,0,31,31,4,18,,,,,72,2.0,16,27,0,0.0,,,,,,,,,,,,,,,,,,,,,,,,,,,,,,,
690.9436526659993,unswapping,,,,,,,,,,,,,,,,,,,,,,,,,,,,,,,,,,,,,,,,,,,,,,,64,4,80896,2114,246,62,1,left,1,30,30,2,20,,,,,74,2.0,16,28,0,0.0,,,,,,,,,,,,,,,,,,,,,,,,,,,,,,,
691.1585475829779,unswapping,,,,,,,,,,,,,,,,,,,,,,,,,,,,,,,,,,,,,,,,,,,,,,,64,4,79680,2094,246,62,1,right,0,31,31,3,23,,,,,74,2.0,16,28,0,0.0,,,,,,,,,,,,,,,,,,,,,,,,,,,,,,,
691.3765104580089,unswapping,,,,,,,,,,,,,,,,,,,,,,,,,,,,,,,,,,,,,,,,,,,,,,,64,4,79936,2102,246,62,1,right,1,30,30,1,24,,,,,72,2.0,16,29,0,0.0,,,,,,,,,,,,,,,,,,,,,,,,,,,,,,,
691.8504941249848,unswapping,,,,,,,,,,,,,,,,,,,,,,,,,,,,,,,,,,,,,,,,,,,,,,,64,4,78880,2094,246,62,2,both,0,31,31,6,6,,,,,76,2.0,16,25,0,0.0,,,,,,,,,,,,,,,,,,,,,,,,,,,,,,,
692.3591837909771,unswapping,,,,,,,,,,,,,,,,,,,,,,,,,,,,,,,,,,,,,,,,,,,,,,,64,4,78176,2070,246,62,2,both,1,30,30,4,10,,,,,78,2.0,16,26,0,0.0,,,,,,,,,,,,,,,,,,,,,,,,,,,,,,,
692.5657256660052,unswapping,,,,,,,,,,,,,,,,,,,,,,,,,,,,,,,,,,,,,,,,,,,,,,,64,4,75840,2026,246,62,2,left,0,31,31,4,14,,,,,78,2.0,16,27,0,0.0,,,,,,,,,,,,,,,,,,,,,,,,,,,,,,,
692.7899070000276,unswapping,,,,,,,,,,,,,,,,,,,,,,,,,,,,,,,,,,,,,,,,,,,,,,,64,4,75744,2018,246,62,2,left,1,30,30,2,16,,,,,80,2.0,16,28,0,0.0,,,,,,,,,,,,,,,,,,,,,,,,,,,,,,,
692.9859407910262,unswapping,,,,,,,,,,,,,,,,,,,,,,,,,,,,,,,,,,,,,,,,,,,,,,,64,4,75456,2002,246,62,2,right,0,31,31,2,18,,,,,80,2.0,16,29,0,0.0,,,,,,,,,,,,,,,,,,,,,,,,,,,,,,,
693.1829964159988,unswapping,,,,,,,,,,,,,,,,,,,,,,,,,,,,,,,,,,,,,,,,,,,,,,,64,4,75456,2002,246,62,2,right,1,30,30,1,19,,,,,82,2.0,16,29,0,0.0,,,,,,,,,,,,,,,,,,,,,,,,,,,,,,,
693.6224277080037,unswapping,,,,,,,,,,,,,,,,,,,,,,,,,,,,,,,,,,,,,,,,,,,,,,,64,4,75312,1998,246,62,3,both,0,31,31,2,2,,,,,84,2.0,16,29,0,0.0,,,,,,,,,,,,,,,,,,,,,,,,,,,,,,,
693.9869242910063,unswapping,,,,,,,,,,,,,,,,,,,,,,,,,,,,,,,,,,,,,,,,,,,,,,,64,4,75312,1998,246,62,3,both,1,30,30,0,2,,,,,84,2.0,16,30,0,0.0,,,,,,,,,,,,,,,,,,,,,,,,,,,,,,,
694.1904002500232,unswapping,,,,,,,,,,,,,,,,,,,,,,,,,,,,,,,,,,,,,,,,,,,,,,,64,4,72592,1958,246,62,3,left,0,31,31,2,4,,,,,84,2.0,16,29,0,0.0,,,,,,,,,,,,,,,,,,,,,,,,,,,,,,,
694.3922432499821,unswapping,,,,,,,,,,,,,,,,,,,,,,,,,,,,,,,,,,,,,,,,,,,,,,,64,4,70352,1914,246,62,3,left,1,30,30,2,6,,,,,88,2.0,16,28,0,0.0,,,,,,,,,,,,,,,,,,,,,,,,,,,,,,,
694.5280898750061,unswapping,,,,,,,,,,,,,,,,,,,,,,,,,,,,,,,,,,,,,,,,,,,,,,,64,4,70352,1914,246,62,3,right,0,31,31,0,6,,,,,88,2.0,16,31,0,0.0,,,,,,,,,,,,,,,,,,,,,,,,,,,,,,,
694.7236334999907,unswapping,,,,,,,,,,,,,,,,,,,,,,,,,,,,,,,,,,,,,,,,,,,,,,,64,4,69328,1898,246,62,3,right,1,30,30,2,8,,,,,84,2.0,16,28,0,0.0,,,,,,,,,,,,,,,,,,,,,,,,,,,,,,,
694.9989468749845,unswapping,,,,,,,,,,,,,,,,,,,,,,,,,,,,,,,,,,,,,,,,,,,,,,,64,4,69328,1898,246,62,4,both,0,31,31,0,0,,,,,84,2.0,16,31,0,0.0,,,,,,,,,,,,,,,,,,,,,,,,,,,,,,,
695.3529206250096,unswapping,,,,,,,,,,,,,,,,,,,,,,,,,,,,,,,,,,,,,,,,,,,,,,,64,4,69328,1898,246,62,4,both,1,30,30,0,0,,,,,84,2.0,16,30,0,0.0,,,,,,,,,,,,,,,,,,,,,,,,,,,,,,,
695.5250782080111,unswapping,,,,,,,,,,,,,,,,,,,,,,,,,,,,,,,,,,,,,,,,,,,,,,,64,4,69328,1898,246,62,4,left,0,31,31,1,1,,,,,84,2.0,16,30,0,0.0,,,,,,,,,,,,,,,,,,,,,,,,,,,,,,,
695.667724666011,unswapping,,,,,,,,,,,,,,,,,,,,,,,,,,,,,,,,,,,,,,,,,,,,,,,64,4,69328,1898,246,62,4,left,1,30,30,0,1,,,,,84,2.0,16,30,0,0.0,,,,,,,,,,,,,,,,,,,,,,,,,,,,,,,
695.8085694580222,unswapping,,,,,,,,,,,,,,,,,,,,,,,,,,,,,,,,,,,,,,,,,,,,,,,64,4,69328,1898,246,62,4,right,0,31,31,0,1,,,,,84,2.0,16,31,0,0.0,,,,,,,,,,,,,,,,,,,,,,,,,,,,,,,
695.9583262910019,unswapping,,,,,,,,,,,,,,,,,,,,,,,,,,,,,,,,,,,,,,,,,,,,,,,64,4,69328,1898,246,62,4,right,1,30,30,0,1,,,,,84,2.0,16,30,0,0.0,,,,,,,,,,,,,,,,,,,,,,,,,,,,,,,
697.4799848329858,unswap_cycle_summary,,,,,,,,,,,,58,41,99,,,,,,,,,,,,,,,,,,,512,0.0006,,,,,,,,,,,,,64,4,69328,1898,246,62,,,,,,,,,,,,,,,,,,,,25,14.746814625046682,99,2593,2494,3,False,,,,,,,,,,,,,,,,,,,,,,
699.4906522079837,rewiring,left,post_unswap,1.9580900000291876,1620,False,False,,,,,,,,,,,,,,,,,,,,,,,,,,,,,,,,,,,,,,,,,,,,,,,,,,,,,,,,,,,,,,,,,,25,,,,,,,50,False,3,1,none,0.0,123,1.9580859590205364,3.7204814590513706,,,,,,,,,,,,,
701.2527960829902,rewiring,right,post_unswap,1.7619173339917324,1789,False,False,,,,,,,,,,,,,,,,,,,,,,,,,,,,,,,,,,,,,,,,,,,,,,,,,,,,,,,,,,,,,,,,,,25,,,,,,,50,False,3,1,none,0.0,123,1.7619139589951374,3.7204814590513706,,,,,,,,,,,,,
701.3526072499808,cycle_progress,,,,,,,,,,,,58,41,99,,,,,,,,,,,,,,,,,,,512,0.0006,,71200,0,,,,,,,,,,64,4,69328,1898,246,62,,,,,,,,,,,,,,,,,,,,25,,99,2593,2494,3,False,,,,,,,,,3.7204814590513706,,,,,,,,,,,,,
701.5517717080074,absorbing,,,,,,,L,1,0,1698,1675,58,41,99,13,0,0,0.0559014169848524,0.08490050002001226,0.14080191700486466,0.14504062494961545,69328,114056,64,88,False,False,False,False,69328,64,False,512,0.0006,,69328,0,total_elems,69328,114056,1,1,,,,0.0,64,4,69328,1898,246,62,,,,,,,,,,,,,,,,,,,,,,,,,,,,,,,,,,,,,,,,,,,,,,,,
701.7861801250256,absorbing,,,,,,,L,2,0,1698,1675,58,41,99,10,0,0,0.08640450000530109,0.09290904097724706,0.17931354098254815,0.18126258300617337,92768,114056,88,88,False,False,False,False,92768,88,False,512,0.0006,,69328,0,total_elems,92768,114056,1,1,,,,0.0,88,4,92768,2212,246,62,,,,,,,,,,,,,,,,,,,,,,,,,,,,,,,,,,,,,,,,,,,,,,,,
702.0713332499727,absorbing,,,,,,,L,3,0,1698,1675,59,41,100,8,1,1,0.10728900000685826,0.12363645801087841,0.23092545801773667,0.23174258298240602,132960,138520,88,88,False,False,False,False,132960,88,False,512,0.0006,,69328,0,total_elems,132960,138520,1,1,,,,0.0,88,4,132960,2586,246,62,,,,,,,,,,,,,,,,,,,,,,,,,,,,,,,,,,,,,,,,,,,,,,,,
702.4260565830045,absorbing,,,,,,,L,4,0,1698,1675,59,41,100,7,0,1,0.15287937497487292,0.146388792025391,0.29926816700026393,0.30216600000858307,174984,192696,88,88,False,False,False,False,174984,88,False,512,0.0006,,69328,0,total_elems,174984,192696,1,1,,,,0.0,88,4,174984,2856,246,62,,,,,,,,,,,,,,,,,,,,,,,,,,,,,,,,,,,,,,,,,,,,,,,,
702.9507152910228,absorbing,,,,,,,R,4,1,1698,1675,59,42,101,13,1,2,0.30474904202856123,0.16503141698194668,0.4697804590105079,0.4706726250005886,446728,209544,349,90,False,False,False,False,209544,90,False,512,0.0006,,69328,0,total_elems,446728,209544,1,1,,,,0.0,90,4,209544,3244,246,62,,,,,,,,,,,,,,,,,,,,,,,,,,,,,,,,,,,,,,,,,,,,,,,,
703.6179775830242,absorbing,,,,,,,L,5,1,1698,1675,59,42,101,7,0,2,0.3118572079692967,0.29992274998221546,0.6117799579515122,0.6126007090206258,484860,503232,349,349,False,False,False,True,484860,349,False,512,0.0006,,69328,0,total_elems,484860,503232,1,1,,,,0.0,349,4,484860,4238,246,62,,,,,,,,,,,,,,,,,,,,,,,,,,,,,,,,,,,,,,,,,,,,,,,,
704.814051290974,absorbing,,,,,,,R,5,2,1698,1675,59,42,101,14,0,2,0.7234363749739714,0.4127578749903478,1.1361942499643192,1.1397342499694787,1170688,422184,341,128,False,False,True,False,422184,128,False,512,0.0006,,69328,0,total_elems,1170688,422184,1,1,,,,0.0,128,4,422184,4412,246,62,,,,,,,,,,,,,,,,,,,,,,,,,,,,,,,,,,,,,,,,,,,,,,,,
709.0254144580103,unswapping,,,,,,,,,,,,,,,,,,,,,,,,,,,,,,,,,,,,,,,,,,,,,,,128,4,422184,4412,246,62,0,both,0,31,31,0,0,,,,,0,2.0,16,31,0,0.0,,,,,,,,,,,,,,,,,,,,,,,,,,,,,,,
715.5525885830284,unswapping,,,,,,,,,,,,,,,,,,,,,,,,,,,,,,,,,,,,,,,,,,,,,,,327,4,714916,5200,246,62,0,both,1,30,30,1,1,,,,,0,2.0,16,29,0,0.0,,,,,,,,,,,,,,,,,,,,,,,,,,,,,,,
717.3947211250197,unswapping,,,,,,,,,,,,,,,,,,,,,,,,,,,,,,,,,,,,,,,,,,,,,,,128,4,396736,4254,246,62,0,left,0,31,31,7,8,,,,,14,2.0,16,24,0,0.0,,,,,,,,,,,,,,,,,,,,,,,,,,,,,,,
718.562376625021,unswapping,,,,,,,,,,,,,,,,,,,,,,,,,,,,,,,,,,,,,,,,,,,,,,,80,4,246472,3434,246,62,0,left,1,30,30,13,21,,,,,40,2.0,16,17,0,0.0,,,,,,,,,,,,,,,,,,,,,,,,,,,,,,,
719.2225348330103,unswapping,,,,,,,,,,,,,,,,,,,,,,,,,,,,,,,,,,,,,,,,,,,,,,,80,4,205672,3058,246,62,0,right,0,31,31,7,28,,,,,54,2.0,16,24,0,0.0,,,,,,,,,,,,,,,,,,,,,,,,,,,,,,,
719.8631423329934,unswapping,,,,,,,,,,,,,,,,,,,,,,,,,,,,,,,,,,,,,,,,,,,,,,,80,4,175496,2858,246,62,0,right,1,30,30,12,40,,,,,68,2.0,16,18,0,0.0,,,,,,,,,,,,,,,,,,,,,,,,,,,,,,,
720.7760517499992,unswapping,,,,,,,,,,,,,,,,,,,,,,,,,,,,,,,,,,,,,,,,,,,,,,,80,4,129128,2542,246,62,1,both,0,31,31,8,8,,,,,80,2.0,16,23,0,0.0,,,,,,,,,,,,,,,,,,,,,,,,,,,,,,,
721.663197832997,unswapping,,,,,,,,,,,,,,,,,,,,,,,,,,,,,,,,,,,,,,,,,,,,,,,80,4,125384,2502,246,62,1,both,1,30,30,1,9,,,,,84,2.0,16,29,0,0.0,,,,,,,,,,,,,,,,,,,,,,,,,,,,,,,
722.0446792080184,unswapping,,,,,,,,,,,,,,,,,,,,,,,,,,,,,,,,,,,,,,,,,,,,,,,80,4,115576,2402,246,62,1,left,0,31,31,2,11,,,,,88,2.0,16,29,0,0.0,,,,,,,,,,,,,,,,,,,,,,,,,,,,,,,
722.4156680830056,unswapping,,,,,,,,,,,,,,,,,,,,,,,,,,,,,,,,,,,,,,,,,,,,,,,56,4,91272,2202,246,62,1,left,1,30,30,7,18,,,,,94,2.0,16,23,0,0.0,,,,,,,,,,,,,,,,,,,,,,,,,,,,,,,
722.6699664579937,unswapping,,,,,,,,,,,,,,,,,,,,,,,,,,,,,,,,,,,,,,,,,,,,,,,55,4,90040,2170,246,62,1,right,0,31,31,3,21,,,,,98,2.0,16,28,0,0.0,,,,,,,,,,,,,,,,,,,,,,,,,,,,,,,
722.9674522909918,unswapping,,,,,,,,,,,,,,,,,,,,,,,,,,,,,,,,,,,,,,,,,,,,,,,54,4,84936,2124,246,62,1,right,1,30,30,2,23,,,,,102,2.0,16,28,0,0.0,,,,,,,,,,,,,,,,,,,,,,,,,,,,,,,
723.4895192499971,unswapping,,,,,,,,,,,,,,,,,,,,,,,,,,,,,,,,,,,,,,,,,,,,,,,40,4,71652,2004,246,62,2,both,0,31,31,3,3,,,,,106,2.0,16,28,0,0.0,,,,,,,,,,,,,,,,,,,,,,,,,,,,,,,
724.0071843329933,unswapping,,,,,,,,,,,,,,,,,,,,,,,,,,,,,,,,,,,,,,,,,,,,,,,40,4,68892,1964,246,62,2,both,1,30,30,4,7,,,,,114,2.0,16,26,0,0.0,,,,,,,,,,,,,,,,,,,,,,,,,,,,,,,
724.2053420830052,unswapping,,,,,,,,,,,,,,,,,,,,,,,,,,,,,,,,,,,,,,,,,,,,,,,40,4,62612,1884,246,62,2,left,0,31,31,3,10,,,,,118,2.0,16,28,0,0.0,,,,,,,,,,,,,,,,,,,,,,,,,,,,,,,
724.4101874160115,unswapping,,,,,,,,,,,,,,,,,,,,,,,,,,,,,,,,,,,,,,,,,,,,,,,40,4,60316,1848,246,62,2,left,1,30,30,1,11,,,,,120,2.0,16,29,0,0.0,,,,,,,,,,,,,,,,,,,,,,,,,,,,,,,
724.6247868749779,unswapping,,,,,,,,,,,,,,,,,,,,,,,,,,,,,,,,,,,,,,,,,,,,,,,40,4,58832,1824,246,62,2,right,0,31,31,3,14,,,,,122,2.0,16,28,0,0.0,,,,,,,,,,,,,,,,,,,,,,,,,,,,,,,
724.8594567499822,unswapping,,,,,,,,,,,,,,,,,,,,,,,,,,,,,,,,,,,,,,,,,,,,,,,40,4,57608,1800,246,62,2,right,1,30,30,4,18,,,,,124,2.0,16,26,0,0.0,,,,,,,,,,,,,,,,,,,,,,,,,,,,,,,
725.2341815410182,unswapping,,,,,,,,,,,,,,,,,,,,,,,,,,,,,,,,,,,,,,,,,,,,,,,40,4,57560,1796,246,62,3,both,0,31,31,2,2,,,,,130,2.0,16,29,0,0.0,,,,,,,,,,,,,,,,,,,,,,,,,,,,,,,
725.6479300410138,unswapping,,,,,,,,,,,,,,,,,,,,,,,,,,,,,,,,,,,,,,,,,,,,,,,40,4,57560,1796,246,62,3,both,1,30,30,1,3,,,,,130,2.0,16,29,0,0.0,,,,,,,,,,,,,,,,,,,,,,,,,,,,,,,
725.8314871250186,unswapping,,,,,,,,,,,,,,,,,,,,,,,,,,,,,,,,,,,,,,,,,,,,,,,40,4,56728,1778,246,62,3,left,0,31,31,2,5,,,,,130,2.0,16,29,0,0.0,,,,,,,,,,,,,,,,,,,,,,,,,,,,,,,
725.9993549159844,unswapping,,,,,,,,,,,,,,,,,,,,,,,,,,,,,,,,,,,,,,,,,,,,,,,40,4,56728,1778,246,62,3,left,1,30,30,1,6,,,,,130,2.0,16,29,0,0.0,,,,,,,,,,,,,,,,,,,,,,,,,,,,,,,
726.1522909160121,unswapping,,,,,,,,,,,,,,,,,,,,,,,,,,,,,,,,,,,,,,,,,,,,,,,40,4,56576,1776,246,62,3,right,0,31,31,1,7,,,,,128,2.0,16,30,0,0.0,,,,,,,,,,,,,,,,,,,,,,,,,,,,,,,
726.357060957991,unswapping,,,,,,,,,,,,,,,,,,,,,,,,,,,,,,,,,,,,,,,,,,,,,,,40,4,56272,1770,246,62,3,right,1,30,30,3,10,,,,,130,2.0,16,27,0,0.0,,,,,,,,,,,,,,,,,,,,,,,,,,,,,,,
726.6155022080056,unswapping,,,,,,,,,,,,,,,,,,,,,,,,,,,,,,,,,,,,,,,,,,,,,,,40,4,56272,1770,246,62,4,both,0,31,31,0,0,,,,,130,2.0,16,31,0,0.0,,,,,,,,,,,,,,,,,,,,,,,,,,,,,,,
726.9956084999721,unswapping,,,,,,,,,,,,,,,,,,,,,,,,,,,,,,,,,,,,,,,,,,,,,,,40,4,55748,1756,246,62,4,both,1,30,30,1,1,,,,,130,2.0,16,29,0,0.0,,,,,,,,,,,,,,,,,,,,,,,,,,,,,,,
727.1387784580002,unswapping,,,,,,,,,,,,,,,,,,,,,,,,,,,,,,,,,,,,,,,,,,,,,,,40,4,55596,1754,246,62,4,left,0,31,31,1,2,,,,,130,2.0,16,30,0,0.0,,,,,,,,,,,,,,,,,,,,,,,,,,,,,,,
727.2741996250115,unswapping,,,,,,,,,,,,,,,,,,,,,,,,,,,,,,,,,,,,,,,,,,,,,,,40,4,55596,1754,246,62,4,left,1,30,30,0,2,,,,,130,2.0,16,30,0,0.0,,,,,,,,,,,,,,,,,,,,,,,,,,,,,,,
727.3850019159727,unswapping,,,,,,,,,,,,,,,,,,,,,,,,,,,,,,,,,,,,,,,,,,,,,,,40,4,55596,1754,246,62,4,right,0,31,31,0,2,,,,,130,2.0,16,31,0,0.0,,,,,,,,,,,,,,,,,,,,,,,,,,,,,,,
727.6025716660079,unswapping,,,,,,,,,,,,,,,,,,,,,,,,,,,,,,,,,,,,,,,,,,,,,,,40,4,55148,1746,246,62,4,right,1,30,30,3,5,,,,,132,2.0,16,27,0,0.0,,,,,,,,,,,,,,,,,,,,,,,,,,,,,,,
727.9330601249821,unswapping,,,,,,,,,,,,,,,,,,,,,,,,,,,,,,,,,,,,,,,,,,,,,,,40,4,54136,1718,246,62,5,both,0,31,31,2,2,,,,,136,2.0,16,29,0,0.0,,,,,,,,,,,,,,,,,,,,,,,,,,,,,,,
728.3048806249863,unswapping,,,,,,,,,,,,,,,,,,,,,,,,,,,,,,,,,,,,,,,,,,,,,,,40,4,53768,1710,246,62,5,both,1,30,30,1,3,,,,,134,2.0,16,29,0,0.0,,,,,,,,,,,,,,,,,,,,,,,,,,,,,,,
728.4171159580001,unswapping,,,,,,,,,,,,,,,,,,,,,,,,,,,,,,,,,,,,,,,,,,,,,,,40,4,53768,1710,246,62,5,left,0,31,31,0,3,,,,,134,2.0,16,31,0,0.0,,,,,,,,,,,,,,,,,,,,,,,,,,,,,,,
728.5865887500113,unswapping,,,,,,,,,,,,,,,,,,,,,,,,,,,,,,,,,,,,,,,,,,,,,,,40,4,53216,1698,246,62,5,left,1,30,30,1,4,,,,,136,2.0,16,29,0,0.0,,,,,,,,,,,,,,,,,,,,,,,,,,,,,,,
728.7526597499964,unswapping,,,,,,,,,,,,,,,,,,,,,,,,,,,,,,,,,,,,,,,,,,,,,,,40,4,53152,1694,246,62,5,right,0,31,31,2,6,,,,,134,2.0,16,29,0,0.0,,,,,,,,,,,,,,,,,,,,,,,,,,,,,,,
728.9436418749974,unswapping,,,,,,,,,,,,,,,,,,,,,,,,,,,,,,,,,,,,,,,,,,,,,,,40,4,53232,1694,246,62,5,right,1,30,30,3,9,,,,,132,2.0,16,27,0,0.0,,,,,,,,,,,,,,,,,,,,,,,,,,,,,,,
729.27033595799,unswapping,,,,,,,,,,,,,,,,,,,,,,,,,,,,,,,,,,,,,,,,,,,,,,,40,4,53068,1688,246,62,6,both,0,31,31,3,3,,,,,132,2.0,16,28,0,0.0,,,,,,,,,,,,,,,,,,,,,,,,,,,,,,,
729.625652333023,unswapping,,,,,,,,,,,,,,,,,,,,,,,,,,,,,,,,,,,,,,,,,,,,,,,40,4,52904,1678,246,62,6,both,1,30,30,2,5,,,,,136,2.0,16,28,0,0.0,,,,,,,,,,,,,,,,,,,,,,,,,,,,,,,
729.743963624991,unswapping,,,,,,,,,,,,,,,,,,,,,,,,,,,,,,,,,,,,,,,,,,,,,,,40,4,52904,1678,246,62,6,left,0,31,31,0,5,,,,,136,2.0,16,31,0,0.0,,,,,,,,,,,,,,,,,,,,,,,,,,,,,,,
729.8636956249829,unswapping,,,,,,,,,,,,,,,,,,,,,,,,,,,,,,,,,,,,,,,,,,,,,,,40,4,52904,1678,246,62,6,left,1,30,30,0,5,,,,,136,2.0,16,30,0,0.0,,,,,,,,,,,,,,,,,,,,,,,,,,,,,,,
729.9746426659985,unswapping,,,,,,,,,,,,,,,,,,,,,,,,,,,,,,,,,,,,,,,,,,,,,,,40,4,52904,1678,246,62,6,right,0,31,31,0,5,,,,,136,2.0,16,31,0,0.0,,,,,,,,,,,,,,,,,,,,,,,,,,,,,,,
730.1585541659733,unswapping,,,,,,,,,,,,,,,,,,,,,,,,,,,,,,,,,,,,,,,,,,,,,,,40,4,51112,1654,246,62,6,right,1,30,30,2,7,,,,,138,2.0,16,28,0,0.0,,,,,,,,,,,,,,,,,,,,,,,,,,,,,,,
730.447329208022,unswapping,,,,,,,,,,,,,,,,,,,,,,,,,,,,,,,,,,,,,,,,,,,,,,,40,4,51112,1654,246,62,7,both,0,31,31,1,1,,,,,140,2.0,16,30,0,0.0,,,,,,,,,,,,,,,,,,,,,,,,,,,,,,,
730.736280416022,unswapping,,,,,,,,,,,,,,,,,,,,,,,,,,,,,,,,,,,,,,,,,,,,,,,40,4,51112,1654,246,62,7,both,1,30,30,0,1,,,,,140,2.0,16,30,0,0.0,,,,,,,,,,,,,,,,,,,,,,,,,,,,,,,
730.8390034579788,unswapping,,,,,,,,,,,,,,,,,,,,,,,,,,,,,,,,,,,,,,,,,,,,,,,40,4,51112,1654,246,62,7,left,0,31,31,0,1,,,,,140,2.0,16,31,0,0.0,,,,,,,,,,,,,,,,,,,,,,,,,,,,,,,
730.9597443750245,unswapping,,,,,,,,,,,,,,,,,,,,,,,,,,,,,,,,,,,,,,,,,,,,,,,40,4,51112,1654,246,62,7,left,1,30,30,0,1,,,,,140,2.0,16,30,0,0.0,,,,,,,,,,,,,,,,,,,,,,,,,,,,,,,
731.061904333008,unswapping,,,,,,,,,,,,,,,,,,,,,,,,,,,,,,,,,,,,,,,,,,,,,,,40,4,51112,1654,246,62,7,right,0,31,31,0,1,,,,,140,2.0,16,31,0,0.0,,,,,,,,,,,,,,,,,,,,,,,,,,,,,,,
731.1932053330238,unswapping,,,,,,,,,,,,,,,,,,,,,,,,,,,,,,,,,,,,,,,,,,,,,,,40,4,51112,1654,246,62,7,right,1,30,30,0,1,,,,,140,2.0,16,30,0,0.0,,,,,,,,,,,,,,,,,,,,,,,,,,,,,,,
733.6713921659975,unswap_cycle_summary,,,,,,,,,,,,59,42,101,,,,,,,,,,,,,,,,,,,512,0.0006,,,,,,,,,,,,,40,4,51112,1654,246,62,,,,,,,,,,,,,,,,,,,,26,25.252610999974422,101,2593,2492,2,False,,,,,,,,,,,,,,,,,,,,,,
735.3214986660169,rewiring,left,post_unswap,1.598901166988071,1695,False,False,,,,,,,,,,,,,,,,,,,,,,,,,,,,,,,,,,,,,,,,,,,,,,,,,,,,,,,,,,,,,,,,,,26,,,,,,,50,False,2,1,none,0.0,123,1.5988974169595167,3.2437478749779984,,,,,,,,,,,,,
736.9660683749826,rewiring,right,post_unswap,1.644368208013475,1675,False,False,,,,,,,,,,,,,,,,,,,,,,,,,,,,,,,,,,,,,,,,,,,,,,,,,,,,,,,,,,,,,,,,,,26,,,,,,,50,False,2,1,none,0.0,123,1.6443645830149762,3.2437478749779984,,,,,,,,,,,,,
737.0700031250017,cycle_progress,,,,,,,,,,,,59,42,101,,,,,,,,,,,,,,,,,,,512,0.0006,,69328,0,,,,,,,,,,40,4,51112,1654,246,62,,,,,,,,,,,,,,,,,,,,26,,101,2593,2492,2,False,,,,,,,,,3.2437478749779984,,,,,,,,,,,,,
737.2380074160174,absorbing,,,,,,,L,1,0,1621,1552,59,42,101,14,0,0,0.04621654096990824,0.060342582990415394,0.10655912396032363,0.11369704100070521,51112,88264,40,80,False,False,False,False,51112,40,False,512,0.0006,,51112,0,total_elems,51112,88264,1,1,,,,0.0,40,4,51112,1654,246,62,,,,,,,,,,,,,,,,,,,,,,,,,,,,,,,,,,,,,,,,,,,,,,,,
737.4506488749757,absorbing,,,,,,,L,2,0,1621,1552,59,42,101,11,0,0,0.07655616599367931,0.07996054098475724,0.15651670697843656,0.15836654097074643,74624,88264,80,80,False,False,False,False,74624,80,False,512,0.0006,,51112,0,total_elems,74624,88264,1,1,,,,0.0,80,4,74624,2002,246,62,,,,,,,,,,,,,,,,,,,,,,,,,,,,,,,,,,,,,,,,,,,,,,,,
737.7254659159807,absorbing,,,,,,,R,2,1,1621,1552,59,42,101,12,0,0,0.118729958019685,0.10080966696841642,0.21953962498810142,0.2202939159469679,111664,108688,80,80,False,False,False,False,108688,80,False,512,0.0006,,51112,0,total_elems,111664,108688,1,1,,,,0.0,80,4,108688,2306,246,62,,,,,,,,,,,,,,,,,,,,,,,,,,,,,,,,,,,,,,,,,,,,,,,,
738.1405806249822,absorbing,,,,,,,L,3,1,1621,1552,59,42,101,9,0,0,0.1693623330211267,0.1895831250003539,0.3589454580214806,0.36085166700650007,161040,215840,80,128,False,False,False,False,161040,80,False,512,0.0006,,51112,0,total_elems,161040,215840,1,1,,,,0.0,80,4,161040,2646,246,62,,,,,,,,,,,,,,,,,,,,,,,,,,,,,,,,,,,,,,,,,,,,,,,,
738.6630669999868,absorbing,,,,,,,L,4,1,1621,1552,59,42,101,8,0,0,0.19610075000673532,0.2668899590498768,0.4629907090566121,0.46536833298159763,204912,406376,128,318,False,False,False,False,204912,128,False,512,0.0006,,51112,0,total_elems,204912,406376,1,1,,,,0.0,128,4,204912,3010,246,62,,,,,,,,,,,,,,,,,,,,,,,,,,,,,,,,,,,,,,,,,,,,,,,,
739.3785367499804,absorbing,,,,,,,L,5,1,1621,1552,59,42,101,7,0,0,0.35924216703278944,0.2997107499977574,0.6589529170305468,0.6613798330072314,425552,526888,223,318,False,False,False,True,425552,223,False,512,0.0006,,51112,0,total_elems,425552,526888,1,1,,,,0.0,223,4,425552,3702,246,62,,,,,,,,,,,,,,,,,,,,,,,,,,,,,,,,,,,,,,,,,,,,,,,,
748.5424338749726,unswapping,,,,,,,,,,,,,,,,,,,,,,,,,,,,,,,,,,,,,,,,,,,,,,,256,4,694208,4116,246,62,0,both,0,31,31,1,1,,,,,0,2.0,16,30,0,0.0,,,,,,,,,,,,,,,,,,,,,,,,,,,,,,,
751.4387546660146,unswapping,,,,,,,,,,,,,,,,,,,,,,,,,,,,,,,,,,,,,,,,,,,,,,,218,4,263920,3104,246,62,0,both,1,30,30,9,10,,,,,0,2.0,16,21,0,0.0,,,,,,,,,,,,,,,,,,,,,,,,,,,,,,,
752.1657855410012,unswapping,,,,,,,,,,,,,,,,,,,,,,,,,,,,,,,,,,,,,,,,,,,,,,,84,4,141860,2560,246,62,0,left,0,31,31,18,28,,,,,36,2.0,16,13,0,0.0,,,,,,,,,,,,,,,,,,,,,,,,,,,,,,,
752.627645874978,unswapping,,,,,,,,,,,,,,,,,,,,,,,,,,,,,,,,,,,,,,,,,,,,,,,82,4,98176,2254,246,62,0,left,1,30,30,9,37,,,,,54,2.0,16,21,0,0.0,,,,,,,,,,,,,,,,,,,,,,,,,,,,,,,
752.9110497080255,unswapping,,,,,,,,,,,,,,,,,,,,,,,,,,,,,,,,,,,,,,,,,,,,,,,64,4,81652,2110,246,62,0,right,0,31,31,11,48,,,,,48,2.0,16,20,0,0.0,,,,,,,,,,,,,,,,,,,,,,,,,,,,,,,
753.123047208006,unswapping,,,,,,,,,,,,,,,,,,,,,,,,,,,,,,,,,,,,,,,,,,,,,,,64,4,79956,2074,246,62,0,right,1,30,30,3,51,,,,,54,2.0,16,27,0,0.0,,,,,,,,,,,,,,,,,,,,,,,,,,,,,,,
753.6655637500226,unswapping,,,,,,,,,,,,,,,,,,,,,,,,,,,,,,,,,,,,,,,,,,,,,,,64,4,75740,2010,246,62,1,both,0,31,31,8,8,,,,,62,2.0,16,23,0,0.0,,,,,,,,,,,,,,,,,,,,,,,,,,,,,,,
754.1829292079783,unswapping,,,,,,,,,,,,,,,,,,,,,,,,,,,,,,,,,,,,,,,,,,,,,,,64,4,67172,1896,246,62,1,both,1,30,30,6,14,,,,,76,2.0,16,24,0,0.0,,,,,,,,,,,,,,,,,,,,,,,,,,,,,,,
754.3809855,unswapping,,,,,,,,,,,,,,,,,,,,,,,,,,,,,,,,,,,,,,,,,,,,,,,64,4,63332,1828,246,62,1,left,0,31,31,4,18,,,,,82,2.0,16,27,0,0.0,,,,,,,,,,,,,,,,,,,,,,,,,,,,,,,
754.5530755830114,unswapping,,,,,,,,,,,,,,,,,,,,,,,,,,,,,,,,,,,,,,,,,,,,,,,64,4,63076,1818,246,62,1,left,1,30,30,1,19,,,,,84,2.0,16,29,0,0.0,,,,,,,,,,,,,,,,,,,,,,,,,,,,,,,
754.7535366659868,unswapping,,,,,,,,,,,,,,,,,,,,,,,,,,,,,,,,,,,,,,,,,,,,,,,64,4,61764,1788,246,62,1,right,0,31,31,5,24,,,,,86,2.0,16,26,0,0.0,,,,,,,,,,,,,,,,,,,,,,,,,,,,,,,
754.9253099160269,unswapping,,,,,,,,,,,,,,,,,,,,,,,,,,,,,,,,,,,,,,,,,,,,,,,64,4,61628,1782,246,62,1,right,1,30,30,2,26,,,,,86,2.0,16,28,0,0.0,,,,,,,,,,,,,,,,,,,,,,,,,,,,,,,
755.281216665986,unswapping,,,,,,,,,,,,,,,,,,,,,,,,,,,,,,,,,,,,,,,,,,,,,,,64,4,61464,1780,246,62,2,both,0,31,31,1,1,,,,,86,2.0,16,30,0,0.0,,,,,,,,,,,,,,,,,,,,,,,,,,,,,,,
755.6618114159792,unswapping,,,,,,,,,,,,,,,,,,,,,,,,,,,,,,,,,,,,,,,,,,,,,,,64,4,61080,1764,246,62,2,both,1,30,30,2,3,,,,,86,2.0,16,28,0,0.0,,,,,,,,,,,,,,,,,,,,,,,,,,,,,,,
755.8154885409749,unswapping,,,,,,,,,,,,,,,,,,,,,,,,,,,,,,,,,,,,,,,,,,,,,,,64,4,60904,1750,246,62,2,left,0,31,31,2,5,,,,,88,2.0,16,29,0,0.0,,,,,,,,,,,,,,,,,,,,,,,,,,,,,,,
755.9520043330267,unswapping,,,,,,,,,,,,,,,,,,,,,,,,,,,,,,,,,,,,,,,,,,,,,,,64,4,60904,1750,246,62,2,left,1,30,30,0,5,,,,,88,2.0,16,30,0,0.0,,,,,,,,,,,,,,,,,,,,,,,,,,,,,,,
756.1174931660062,unswapping,,,,,,,,,,,,,,,,,,,,,,,,,,,,,,,,,,,,,,,,,,,,,,,64,4,58856,1718,246,62,2,right,0,31,31,1,6,,,,,88,2.0,16,30,0,0.0,,,,,,,,,,,,,,,,,,,,,,,,,,,,,,,
756.2896804159973,unswapping,,,,,,,,,,,,,,,,,,,,,,,,,,,,,,,,,,,,,,,,,,,,,,,64,4,58984,1726,246,62,2,right,1,30,30,3,9,,,,,92,2.0,16,27,0,0.0,,,,,,,,,,,,,,,,,,,,,,,,,,,,,,,
756.6389743749751,unswapping,,,,,,,,,,,,,,,,,,,,,,,,,,,,,,,,,,,,,,,,,,,,,,,64,4,58996,1728,246,62,3,both,0,31,31,1,1,,,,,90,2.0,16,30,0,0.0,,,,,,,,,,,,,,,,,,,,,,,,,,,,,,,
756.8834779160097,unswapping,,,,,,,,,,,,,,,,,,,,,,,,,,,,,,,,,,,,,,,,,,,,,,,64,4,58996,1728,246,62,3,both,1,30,30,0,1,,,,,90,2.0,16,30,0,0.0,,,,,,,,,,,,,,,,,,,,,,,,,,,,,,,
757.0307427499793,unswapping,,,,,,,,,,,,,,,,,,,,,,,,,,,,,,,,,,,,,,,,,,,,,,,64,4,58996,1728,246,62,3,left,0,31,31,1,2,,,,,92,2.0,16,30,0,0.0,,,,,,,,,,,,,,,,,,,,,,,,,,,,,,,
757.1858035830082,unswapping,,,,,,,,,,,,,,,,,,,,,,,,,,,,,,,,,,,,,,,,,,,,,,,64,4,58868,1720,246,62,3,left,1,30,30,1,3,,,,,92,2.0,16,29,0,0.0,,,,,,,,,,,,,,,,,,,,,,,,,,,,,,,
757.3055854159757,unswapping,,,,,,,,,,,,,,,,,,,,,,,,,,,,,,,,,,,,,,,,,,,,,,,64,4,58868,1720,246,62,3,right,0,31,31,0,3,,,,,92,2.0,16,31,0,0.0,,,,,,,,,,,,,,,,,,,,,,,,,,,,,,,
757.4273902500281,unswapping,,,,,,,,,,,,,,,,,,,,,,,,,,,,,,,,,,,,,,,,,,,,,,,64,4,58868,1720,246,62,3,right,1,30,30,0,3,,,,,92,2.0,16,30,0,0.0,,,,,,,,,,,,,,,,,,,,,,,,,,,,,,,
757.6775237499969,unswapping,,,,,,,,,,,,,,,,,,,,,,,,,,,,,,,,,,,,,,,,,,,,,,,64,4,58868,1720,246,62,4,both,0,31,31,0,0,,,,,92,2.0,16,31,0,0.0,,,,,,,,,,,,,,,,,,,,,,,,,,,,,,,
757.9499661250156,unswapping,,,,,,,,,,,,,,,,,,,,,,,,,,,,,,,,,,,,,,,,,,,,,,,64,4,58868,1720,246,62,4,both,1,30,30,0,0,,,,,92,2.0,16,30,0,0.0,,,,,,,,,,,,,,,,,,,,,,,,,,,,,,,
758.06605295802,unswapping,,,,,,,,,,,,,,,,,,,,,,,,,,,,,,,,,,,,,,,,,,,,,,,64,4,58868,1720,246,62,4,left,0,31,31,0,0,,,,,92,2.0,16,31,0,0.0,,,,,,,,,,,,,,,,,,,,,,,,,,,,,,,
758.1776538750273,unswapping,,,,,,,,,,,,,,,,,,,,,,,,,,,,,,,,,,,,,,,,,,,,,,,64,4,58868,1720,246,62,4,left,1,30,30,0,0,,,,,92,2.0,16,30,0,0.0,,,,,,,,,,,,,,,,,,,,,,,,,,,,,,,
758.2950127910008,unswapping,,,,,,,,,,,,,,,,,,,,,,,,,,,,,,,,,,,,,,,,,,,,,,,64,4,58868,1720,246,62,4,right,0,31,31,0,0,,,,,92,2.0,16,31,0,0.0,,,,,,,,,,,,,,,,,,,,,,,,,,,,,,,
758.4060746249743,unswapping,,,,,,,,,,,,,,,,,,,,,,,,,,,,,,,,,,,,,,,,,,,,,,,64,4,58868,1720,246,62,4,right,1,30,30,0,0,,,,,92,2.0,16,30,0,0.0,,,,,,,,,,,,,,,,,,,,,,,,,,,,,,,
760.0136952499743,unswap_cycle_summary,,,,,,,,,,,,59,42,101,,,,,,,,,,,,,,,,,,,512,0.0006,,,,,,,,,,,,,64,4,58868,1720,246,62,,,,,,,,,,,,,,,,,,,,27,17.936643290973734,101,2593,2492,0,False,,,,,,,,,,,,,,,,,,,,,,
762.1092144579743,rewiring,left,post_unswap,2.0391734169679694,1618,False,False,,,,,,,,,,,,,,,,,,,,,,,,,,,,,,,,,,,,,,,,,,,,,,,,,,,,,,,,,,,,,,,,,,27,,,,,,,50,False,0,1,none,0.0,123,2.0391686250222847,3.799913708004169,,,,,,,,,,,,,
763.8696291249944,rewiring,right,post_unswap,1.7602061670040712,1553,False,False,,,,,,,,,,,,,,,,,,,,,,,,,,,,,,,,,,,,,,,,,,,,,,,,,,,,,,,,,,,,,,,,,,27,,,,,,,50,False,0,1,none,0.0,123,1.760202749981545,3.799913708004169,,,,,,,,,,,,,
763.9745375000057,cycle_progress,,,,,,,,,,,,59,42,101,,,,,,,,,,,,,,,,,,,512,0.0006,,51112,0,,,,,,,,,,64,4,58868,1720,246,62,,,,,,,,,,,,,,,,,,,,27,,101,2593,2492,0,False,,,,,,,,,3.799913708004169,,,,,,,,,,,,,
764.135269958002,absorbing,,,,,,,L,1,0,1666,1642,59,42,101,14,0,0,0.044536083994898945,0.05209512496367097,0.09663120895856991,0.10462241602363065,58868,62932,64,64,False,False,False,False,58868,64,False,512,0.0006,,58868,1,total_elems,58868,62932,1,1,,,,0.0,64,4,58868,1720,246,62,,,,,,,,,,,,,,,,,,,,,,,,,,,,,,,,,,,,,,,,,,,,,,,,
764.3271510410123,absorbing,,,,,,,R,1,1,1666,1642,59,42,101,12,0,0,0.07643195800483227,0.05918220803141594,0.1356141660362482,0.13757987500866875,73800,62932,80,64,False,False,False,False,62932,64,False,512,0.0006,,58868,1,total_elems,73800,62932,1,1,,,,0.0,64,4,62932,1824,246,62,,,,,,,,,,,,,,,,,,,,,,,,,,,,,,,,,,,,,,,,,,,,,,,,
764.5454929579864,absorbing,,,,,,,L,2,1,1666,1642,59,42,101,10,0,0,0.07593562500551343,0.08441854099510238,0.1603541660006158,0.16113895800663158,83064,103644,80,80,False,False,False,False,83064,80,False,512,0.0006,,58868,1,total_elems,83064,103644,1,1,,,,0.0,80,4,83064,2088,246,62,,,,,,,,,,,,,,,,,,,,,,,,,,,,,,,,,,,,,,,,,,,,,,,,
764.8189282080275,absorbing,,,,,,,L,3,1,1666,1642,59,42,101,8,0,0,0.11486783303553239,0.1040548330056481,0.2189226660411805,0.21969354205066338,120604,132728,80,80,False,False,False,False,120604,80,False,512,0.0006,,58868,1,total_elems,120604,132728,1,1,,,,0.0,80,4,120604,2434,246,62,,,,,,,,,,,,,,,,,,,,,,,,,,,,,,,,,,,,,,,,,,,,,,,,
765.1901595829986,absorbing,,,,,,,L,4,1,1666,1642,60,42,102,8,1,1,0.15855108300456777,0.15312887501204386,0.31167995801661164,0.31405770796118304,151056,197488,80,128,False,False,False,False,151056,80,False,512,0.0006,,58868,1,total_elems,151056,197488,1,1,,,,0.0,80,4,151056,2708,246,62,,,,,,,,,,,,,,,,,,,,,,,,,,,,,,,,,,,,,,,,,,,,,,,,
765.6420907499851,absorbing,,,,,,,R,4,2,1666,1642,60,42,102,11,0,1,0.21115716599160805,0.18357966601615772,0.39473683200776577,0.3966005420079455,301480,246444,216,128,False,False,False,False,246444,128,False,512,0.0006,,58868,1,total_elems,301480,246444,1,1,,,,0.0,128,4,246444,3230,246,62,,,,,,,,,,,,,,,,,,,,,,,,,,,,,,,,,,,,,,,,,,,,,,,,
766.4029302910203,absorbing,,,,,,,L,5,2,1666,1642,61,42,103,6,1,2,0.3773040410014801,0.32792716700350866,0.7052312080049887,0.7060843749786727,456572,546892,216,318,False,False,False,True,456572,216,False,512,0.0006,,58868,1,total_elems,456572,546892,1,1,,,,0.0,216,4,456572,3954,246,62,,,,,,,,,,,,,,,,,,,,,,,,,,,,,,,,,,,,,,,,,,,,,,,,
770.6682150409906,unswapping,,,,,,,,,,,,,,,,,,,,,,,,,,,,,,,,,,,,,,,,,,,,,,,216,4,456572,3954,246,62,0,both,0,31,31,0,0,,,,,0,2.0,16,31,0,0.0,,,,,,,,,,,,,,,,,,,,,,,,,,,,,,,
774.4184343750239,unswapping,,,,,,,,,,,,,,,,,,,,,,,,,,,,,,,,,,,,,,,,,,,,,,,216,4,456572,3954,246,62,0,both,1,30,30,0,0,,,,,0,2.0,16,30,0,0.0,,,,,,,,,,,,,,,,,,,,,,,,,,,,,,,
776.2160638329806,unswapping,,,,,,,,,,,,,,,,,,,,,,,,,,,,,,,,,,,,,,,,,,,,,,,216,4,456572,3954,246,62,0,left,0,31,31,0,0,,,,,0,2.0,16,31,0,0.0,,,,,,,,,,,,,,,,,,,,,,,,,,,,,,,
778.4995967909927,unswapping,,,,,,,,,,,,,,,,,,,,,,,,,,,,,,,,,,,,,,,,,,,,,,,216,4,456572,3954,246,62,0,left,1,30,30,0,0,,,,,0,2.0,16,30,0,0.0,,,,,,,,,,,,,,,,,,,,,,,,,,,,,,,
780.206467083015,unswapping,,,,,,,,,,,,,,,,,,,,,,,,,,,,,,,,,,,,,,,,,,,,,,,163,4,402924,3728,246,62,0,right,0,31,31,2,2,,,,,4,2.0,16,29,0,0.0,,,,,,,,,,,,,,,,,,,,,,,,,,,,,,,
781.3803545829724,unswapping,,,,,,,,,,,,,,,,,,,,,,,,,,,,,,,,,,,,,,,,,,,,,,,149,4,322016,3344,246,62,0,right,1,30,30,6,8,,,,,16,2.0,16,24,0,0.0,,,,,,,,,,,,,,,,,,,,,,,,,,,,,,,
784.1618575410102,unswapping,,,,,,,,,,,,,,,,,,,,,,,,,,,,,,,,,,,,,,,,,,,,,,,149,4,322016,3344,246,62,1,both,0,31,31,0,0,,,,,16,2.0,16,31,0,0.0,,,,,,,,,,,,,,,,,,,,,,,,,,,,,,,
786.5739254159853,unswapping,,,,,,,,,,,,,,,,,,,,,,,,,,,,,,,,,,,,,,,,,,,,,,,149,4,322016,3344,246,62,1,both,1,30,30,0,0,,,,,16,2.0,16,30,0,0.0,,,,,,,,,,,,,,,,,,,,,,,,,,,,,,,
788.0904537080205,unswapping,,,,,,,,,,,,,,,,,,,,,,,,,,,,,,,,,,,,,,,,,,,,,,,149,4,322016,3344,246,62,1,left,0,31,31,0,0,,,,,16,2.0,16,31,0,0.0,,,,,,,,,,,,,,,,,,,,,,,,,,,,,,,
789.6266010829713,unswapping,,,,,,,,,,,,,,,,,,,,,,,,,,,,,,,,,,,,,,,,,,,,,,,149,4,322016,3344,246,62,1,left,1,30,30,0,0,,,,,16,2.0,16,30,0,0.0,,,,,,,,,,,,,,,,,,,,,,,,,,,,,,,
790.5392180000199,unswapping,,,,,,,,,,,,,,,,,,,,,,,,,,,,,,,,,,,,,,,,,,,,,,,142,4,290664,3090,246,62,1,right,0,31,31,12,12,,,,,40,2.0,16,19,0,0.0,,,,,,,,,,,,,,,,,,,,,,,,,,,,,,,
791.482928582991,unswapping,,,,,,,,,,,,,,,,,,,,,,,,,,,,,,,,,,,,,,,,,,,,,,,135,4,284084,3074,246,62,1,right,1,30,30,6,18,,,,,52,2.0,16,24,0,0.0,,,,,,,,,,,,,,,,,,,,,,,,,,,,,,,
793.6362713749986,unswapping,,,,,,,,,,,,,,,,,,,,,,,,,,,,,,,,,,,,,,,,,,,,,,,135,4,284084,3074,246,62,2,both,0,31,31,0,0,,,,,52,2.0,16,31,0,0.0,,,,,,,,,,,,,,,,,,,,,,,,,,,,,,,
795.4601670409902,unswapping,,,,,,,,,,,,,,,,,,,,,,,,,,,,,,,,,,,,,,,,,,,,,,,135,4,284084,3074,246,62,2,both,1,30,30,0,0,,,,,52,2.0,16,30,0,0.0,,,,,,,,,,,,,,,,,,,,,,,,,,,,,,,
796.7714149579988,unswapping,,,,,,,,,,,,,,,,,,,,,,,,,,,,,,,,,,,,,,,,,,,,,,,135,4,284084,3074,246,62,2,left,0,31,31,0,0,,,,,52,2.0,16,31,0,0.0,,,,,,,,,,,,,,,,,,,,,,,,,,,,,,,
797.9409652909962,unswapping,,,,,,,,,,,,,,,,,,,,,,,,,,,,,,,,,,,,,,,,,,,,,,,135,4,284084,3074,246,62,2,left,1,30,30,0,0,,,,,52,2.0,16,30,0,0.0,,,,,,,,,,,,,,,,,,,,,,,,,,,,,,,
798.8612177909818,unswapping,,,,,,,,,,,,,,,,,,,,,,,,,,,,,,,,,,,,,,,,,,,,,,,128,4,275900,3026,246,62,2,right,0,31,31,7,7,,,,,56,2.0,16,24,0,0.0,,,,,,,,,,,,,,,,,,,,,,,,,,,,,,,
799.9003891249886,unswapping,,,,,,,,,,,,,,,,,,,,,,,,,,,,,,,,,,,,,,,,,,,,,,,128,4,223820,2856,246,62,2,right,1,30,30,7,14,,,,,58,2.0,16,23,0,0.0,,,,,,,,,,,,,,,,,,,,,,,,,,,,,,,
801.5893206659821,unswapping,,,,,,,,,,,,,,,,,,,,,,,,,,,,,,,,,,,,,,,,,,,,,,,128,4,223820,2856,246,62,3,both,0,31,31,0,0,,,,,58,2.0,16,31,0,0.0,,,,,,,,,,,,,,,,,,,,,,,,,,,,,,,
803.437144541007,unswapping,,,,,,,,,,,,,,,,,,,,,,,,,,,,,,,,,,,,,,,,,,,,,,,128,4,223820,2856,246,62,3,both,1,30,30,0,0,,,,,58,2.0,16,30,0,0.0,,,,,,,,,,,,,,,,,,,,,,,,,,,,,,,
804.4875566660194,unswapping,,,,,,,,,,,,,,,,,,,,,,,,,,,,,,,,,,,,,,,,,,,,,,,128,4,223820,2856,246,62,3,left,0,31,31,0,0,,,,,58,2.0,16,31,0,0.0,,,,,,,,,,,,,,,,,,,,,,,,,,,,,,,
805.7341149999993,unswapping,,,,,,,,,,,,,,,,,,,,,,,,,,,,,,,,,,,,,,,,,,,,,,,128,4,223820,2856,246,62,3,left,1,30,30,0,0,,,,,58,2.0,16,30,0,0.0,,,,,,,,,,,,,,,,,,,,,,,,,,,,,,,
806.4811942499946,unswapping,,,,,,,,,,,,,,,,,,,,,,,,,,,,,,,,,,,,,,,,,,,,,,,80,4,169976,2636,246,62,3,right,0,31,31,5,5,,,,,62,2.0,16,26,0,0.0,,,,,,,,,,,,,,,,,,,,,,,,,,,,,,,
806.9609786659712,unswapping,,,,,,,,,,,,,,,,,,,,,,,,,,,,,,,,,,,,,,,,,,,,,,,80,4,143820,2524,246,62,3,right,1,30,30,4,9,,,,,68,2.0,16,26,0,0.0,,,,,,,,,,,,,,,,,,,,,,,,,,,,,,,
808.1337592499913,unswapping,,,,,,,,,,,,,,,,,,,,,,,,,,,,,,,,,,,,,,,,,,,,,,,80,4,143820,2524,246,62,4,both,0,31,31,0,0,,,,,68,2.0,16,31,0,0.0,,,,,,,,,,,,,,,,,,,,,,,,,,,,,,,
809.3870482909842,unswapping,,,,,,,,,,,,,,,,,,,,,,,,,,,,,,,,,,,,,,,,,,,,,,,80,4,143820,2524,246,62,4,both,1,30,30,0,0,,,,,68,2.0,16,30,0,0.0,,,,,,,,,,,,,,,,,,,,,,,,,,,,,,,
810.114965500019,unswapping,,,,,,,,,,,,,,,,,,,,,,,,,,,,,,,,,,,,,,,,,,,,,,,80,4,143820,2524,246,62,4,left,0,31,31,0,0,,,,,68,2.0,16,31,0,0.0,,,,,,,,,,,,,,,,,,,,,,,,,,,,,,,
811.0590190829826,unswapping,,,,,,,,,,,,,,,,,,,,,,,,,,,,,,,,,,,,,,,,,,,,,,,80,4,143820,2524,246,62,4,left,1,30,30,0,0,,,,,68,2.0,16,30,0,0.0,,,,,,,,,,,,,,,,,,,,,,,,,,,,,,,
811.4546537909773,unswapping,,,,,,,,,,,,,,,,,,,,,,,,,,,,,,,,,,,,,,,,,,,,,,,80,4,139756,2488,246,62,4,right,0,31,31,3,3,,,,,66,2.0,16,28,0,0.0,,,,,,,,,,,,,,,,,,,,,,,,,,,,,,,
811.8678904999979,unswapping,,,,,,,,,,,,,,,,,,,,,,,,,,,,,,,,,,,,,,,,,,,,,,,80,4,133276,2432,246,62,4,right,1,30,30,1,4,,,,,68,2.0,16,29,0,0.0,,,,,,,,,,,,,,,,,,,,,,,,,,,,,,,
813.0400302080088,unswapping,,,,,,,,,,,,,,,,,,,,,,,,,,,,,,,,,,,,,,,,,,,,,,,80,4,133276,2432,246,62,5,both,0,31,31,0,0,,,,,68,2.0,16,31,0,0.0,,,,,,,,,,,,,,,,,,,,,,,,,,,,,,,
814.1817974579753,unswapping,,,,,,,,,,,,,,,,,,,,,,,,,,,,,,,,,,,,,,,,,,,,,,,80,4,133276,2432,246,62,5,both,1,30,30,0,0,,,,,68,2.0,16,30,0,0.0,,,,,,,,,,,,,,,,,,,,,,,,,,,,,,,
814.892558957974,unswapping,,,,,,,,,,,,,,,,,,,,,,,,,,,,,,,,,,,,,,,,,,,,,,,80,4,133276,2432,246,62,5,left,0,31,31,0,0,,,,,68,2.0,16,31,0,0.0,,,,,,,,,,,,,,,,,,,,,,,,,,,,,,,
815.6227612500079,unswapping,,,,,,,,,,,,,,,,,,,,,,,,,,,,,,,,,,,,,,,,,,,,,,,80,4,133276,2432,246,62,5,left,1,30,30,0,0,,,,,68,2.0,16,30,0,0.0,,,,,,,,,,,,,,,,,,,,,,,,,,,,,,,
815.9714637909783,unswapping,,,,,,,,,,,,,,,,,,,,,,,,,,,,,,,,,,,,,,,,,,,,,,,80,4,132612,2426,246,62,5,right,0,31,31,1,1,,,,,68,2.0,16,30,0,0.0,,,,,,,,,,,,,,,,,,,,,,,,,,,,,,,
816.274949625018,unswapping,,,,,,,,,,,,,,,,,,,,,,,,,,,,,,,,,,,,,,,,,,,,,,,80,4,132612,2426,246,62,5,right,1,30,30,0,1,,,,,68,2.0,16,30,0,0.0,,,,,,,,,,,,,,,,,,,,,,,,,,,,,,,
817.3752924579894,unswapping,,,,,,,,,,,,,,,,,,,,,,,,,,,,,,,,,,,,,,,,,,,,,,,80,4,132612,2426,246,62,6,both,0,31,31,0,0,,,,,68,2.0,16,31,0,0.0,,,,,,,,,,,,,,,,,,,,,,,,,,,,,,,
818.4585620830185,unswapping,,,,,,,,,,,,,,,,,,,,,,,,,,,,,,,,,,,,,,,,,,,,,,,80,4,132612,2426,246,62,6,both,1,30,30,0,0,,,,,68,2.0,16,30,0,0.0,,,,,,,,,,,,,,,,,,,,,,,,,,,,,,,
819.1316077910014,unswapping,,,,,,,,,,,,,,,,,,,,,,,,,,,,,,,,,,,,,,,,,,,,,,,80,4,132612,2426,246,62,6,left,0,31,31,0,0,,,,,68,2.0,16,31,0,0.0,,,,,,,,,,,,,,,,,,,,,,,,,,,,,,,
819.9074432500056,unswapping,,,,,,,,,,,,,,,,,,,,,,,,,,,,,,,,,,,,,,,,,,,,,,,80,4,132612,2426,246,62,6,left,1,30,30,0,0,,,,,68,2.0,16,30,0,0.0,,,,,,,,,,,,,,,,,,,,,,,,,,,,,,,
820.1383152499911,unswapping,,,,,,,,,,,,,,,,,,,,,,,,,,,,,,,,,,,,,,,,,,,,,,,80,4,132612,2426,246,62,6,right,0,31,31,0,0,,,,,68,2.0,16,31,0,0.0,,,,,,,,,,,,,,,,,,,,,,,,,,,,,,,
820.4010843330179,unswapping,,,,,,,,,,,,,,,,,,,,,,,,,,,,,,,,,,,,,,,,,,,,,,,80,4,132612,2426,246,62,6,right,1,30,30,0,0,,,,,68,2.0,16,30,0,0.0,,,,,,,,,,,,,,,,,,,,,,,,,,,,,,,
822.68045325001,unswap_cycle_summary,,,,,,,,,,,,61,42,103,,,,,,,,,,,,,,,,,,,512,0.0006,,,,,,,,,,,,,80,4,132612,2426,246,62,,,,,,,,,,,,,,,,,,,,28,52.97328099998413,103,2593,2490,2,False,,,,,,,,,,,,,,,,,,,,,,
824.3934715409996,rewiring,left,post_unswap,1.6571137909777462,1663,False,False,,,,,,,,,,,,,,,,,,,,,,,,,,,,,,,,,,,,,,,,,,,,,,,,,,,,,,,,,,,,,,,,,,28,,,,,,,50,False,2,1,none,0.0,123,1.657108707993757,3.4993322920054197,,,,,,,,,,,,,
826.2353871249943,rewiring,right,post_unswap,1.841715790971648,1642,False,False,,,,,,,,,,,,,,,,,,,,,,,,,,,,,,,,,,,,,,,,,,,,,,,,,,,,,,,,,,,,,,,,,,28,,,,,,,50,False,2,1,none,0.0,123,1.841711250017397,3.4993322920054197,,,,,,,,,,,,,
826.3484736250248,cycle_progress,,,,,,,,,,,,61,42,103,,,,,,,,,,,,,,,,,,,512,0.0006,,58868,1,,,,,,,,,,80,4,132612,2426,246,62,,,,,,,,,,,,,,,,,,,,28,,103,2593,2490,2,False,,,,,,,,,3.4993322920054197,,,,,,,,,,,,,
826.728930458019,absorbing,,,,,,,R,0,1,1588,1725,61,42,103,11,0,0,0.16585587500594556,0.15551183297066018,0.32136770797660574,0.32630012498702854,181380,159304,107,80,False,False,False,False,159304,80,False,512,0.0006,,132612,0,total_elems,181380,159304,1,1,,,,0.0,80,4,159304,2668,246,62,,,,,,,,,,,,,,,,,,,,,,,,,,,,,,,,,,,,,,,,,,,,,,,,
827.174543916015,absorbing,,,,,,,L,1,1,1588,1725,62,42,104,11,1,1,0.18724875000771135,0.1961901669856161,0.38343891699332744,0.38656058395281434,221856,228216,128,128,False,False,False,False,221856,128,False,512,0.0006,,132612,0,total_elems,221856,228216,1,1,,,,0.0,128,4,221856,2982,246,62,,,,,,,,,,,,,,,,,,,,,,,,,,,,,,,,,,,,,,,,,,,,,,,,
827.8669390410068,absorbing,,,,,,,L,2,1,1588,1725,64,42,106,11,2,3,0.3296295839827508,0.3015901250182651,0.6312197090010159,0.6328985840082169,299960,317968,128,128,False,False,False,False,299960,128,False,512,0.0006,,132612,0,total_elems,299960,317968,1,1,,,,0.0,128,4,299960,3384,246,62,,,,,,,,,,,,,,,,,,,,,,,,,,,,,,,,,,,,,,,,,,,,,,,,
828.6745092910132,absorbing,,,,,,,L,3,1,1588,1725,65,42,107,11,1,4,0.349339832959231,0.39847045799251646,0.7478102909517474,0.7498328750371002,378600,514324,128,256,False,False,False,True,378600,128,False,512,0.0006,,132612,0,total_elems,378600,514324,1,1,,,,0.0,128,4,378600,3870,246,62,,,,,,,,,,,,,,,,,,,,,,,,,,,,,,,,,,,,,,,,,,,,,,,,
833.7847002500203,unswapping,,,,,,,,,,,,,,,,,,,,,,,,,,,,,,,,,,,,,,,,,,,,,,,128,4,378600,3870,246,62,0,both,0,31,31,0,0,,,,,0,2.0,16,31,0,0.0,,,,,,,,,,,,,,,,,,,,,,,,,,,,,,,
837.5625979580218,unswapping,,,,,,,,,,,,,,,,,,,,,,,,,,,,,,,,,,,,,,,,,,,,,,,128,4,378600,3870,246,62,0,both,1,30,30,0,0,,,,,0,2.0,16,30,0,0.0,,,,,,,,,,,,,,,,,,,,,,,,,,,,,,,
840.014371874975,unswapping,,,,,,,,,,,,,,,,,,,,,,,,,,,,,,,,,,,,,,,,,,,,,,,128,4,378600,3870,246,62,0,left,0,31,31,0,0,,,,,0,2.0,16,31,0,0.0,,,,,,,,,,,,,,,,,,,,,,,,,,,,,,,
842.1914317500195,unswapping,,,,,,,,,,,,,,,,,,,,,,,,,,,,,,,,,,,,,,,,,,,,,,,128,4,378600,3870,246,62,0,left,1,30,30,0,0,,,,,0,2.0,16,30,0,0.0,,,,,,,,,,,,,,,,,,,,,,,,,,,,,,,
843.227185915981,unswapping,,,,,,,,,,,,,,,,,,,,,,,,,,,,,,,,,,,,,,,,,,,,,,,128,4,378600,3870,246,62,0,right,0,31,31,0,0,,,,,0,2.0,16,31,0,0.0,,,,,,,,,,,,,,,,,,,,,,,,,,,,,,,
844.2645072080195,unswapping,,,,,,,,,,,,,,,,,,,,,,,,,,,,,,,,,,,,,,,,,,,,,,,128,4,378600,3870,246,62,0,right,1,30,30,0,0,,,,,0,2.0,16,30,0,0.0,,,,,,,,,,,,,,,,,,,,,,,,,,,,,,,
844.6064369999804,unswap_cycle_summary,,,,,,,,,,,,65,42,107,,,,,,,,,,,,,,,,,,,512,0.0006,,,,,,,,,,,,,128,4,378600,3870,246,62,,,,,,,,,,,,,,,,,,,,29,14.45034595800098,107,2593,2486,4,False,,,,,,,,,,,,,,,,,,,,,,
846.229243165988,rewiring,left,post_unswap,1.5667404169798829,1587,False,False,,,,,,,,,,,,,,,,,,,,,,,,,,,,,,,,,,,,,,,,,,,,,,,,,,,,,,,,,,,,,,,,,,29,,,,,,,50,False,4,1,none,0.0,123,1.5667342920205556,3.299811624980066,,,,,,,,,,,,,
847.9620165830129,rewiring,right,post_unswap,1.7325841669808142,1726,False,False,,,,,,,,,,,,,,,,,,,,,,,,,,,,,,,,,,,,,,,,,,,,,,,,,,,,,,,,,,,,,,,,,,29,,,,,,,50,False,4,1,none,0.0,123,1.732579750008881,3.299811624980066,,,,,,,,,,,,,
848.0761658750125,cycle_progress,,,,,,,,,,,,65,42,107,,,,,,,,,,,,,,,,,,,512,0.0006,,132612,0,,,,,,,,,,128,4,378600,3870,246,62,,,,,,,,,,,,,,,,,,,,29,,107,2593,2486,4,False,,,,,,,,,3.299811624980066,,,,,,,,,,,,,
852.9059849160258,unswapping,,,,,,,,,,,,,,,,,,,,,,,,,,,,,,,,,,,,,,,,,,,,,,,128,4,378600,3870,246,62,0,both,0,31,31,0,0,,,,,0,2.0,16,31,0,0.0,,,,,,,,,,,,,,,,,,,,,,,,,,,,,,,
856.7213072080049,unswapping,,,,,,,,,,,,,,,,,,,,,,,,,,,,,,,,,,,,,,,,,,,,,,,128,4,378600,3870,246,62,0,both,1,30,30,0,0,,,,,0,2.0,16,30,0,0.0,,,,,,,,,,,,,,,,,,,,,,,,,,,,,,,
859.1937576659839,unswapping,,,,,,,,,,,,,,,,,,,,,,,,,,,,,,,,,,,,,,,,,,,,,,,128,4,378600,3870,246,62,0,left,0,31,31,0,0,,,,,0,2.0,16,31,0,0.0,,,,,,,,,,,,,,,,,,,,,,,,,,,,,,,
861.3922404160257,unswapping,,,,,,,,,,,,,,,,,,,,,,,,,,,,,,,,,,,,,,,,,,,,,,,128,4,378600,3870,246,62,0,left,1,30,30,0,0,,,,,0,2.0,16,30,0,0.0,,,,,,,,,,,,,,,,,,,,,,,,,,,,,,,
862.4123565829941,unswapping,,,,,,,,,,,,,,,,,,,,,,,,,,,,,,,,,,,,,,,,,,,,,,,128,4,378600,3870,246,62,0,right,0,31,31,0,0,,,,,0,2.0,16,31,0,0.0,,,,,,,,,,,,,,,,,,,,,,,,,,,,,,,
863.3464262500056,unswapping,,,,,,,,,,,,,,,,,,,,,,,,,,,,,,,,,,,,,,,,,,,,,,,128,4,378600,3870,246,62,0,right,1,30,30,0,0,,,,,0,2.0,16,30,0,0.0,,,,,,,,,,,,,,,,,,,,,,,,,,,,,,,
863.6821418749751,unswap_cycle_summary,,,,,,,,,,,,65,42,107,,,,,,,,,,,,,,,,,,,512,0.0006,,,,,,,,,,,,,128,4,378600,3870,246,62,,,,,,,,,,,,,,,,,,,,30,14.174586167035159,107,2593,2486,0,False,,,,,,,,,,,,,,,,,,,,,,
865.7145937079913,rewiring,left,post_unswap,1.9762011659913696,1545,False,False,,,,,,,,,,,,,,,,,,,,,,,,,,,,,,,,,,,,,,,,,,,,,,,,,,,,,,,,,,,,,,,,,,30,,,,,,,50,False,0,1,none,0.0,123,1.976196917006746,3.717243499995675,,,,,,,,,,,,,
867.4553862080211,rewiring,right,post_unswap,1.7406143749831244,1712,False,False,,,,,,,,,,,,,,,,,,,,,,,,,,,,,,,,,,,,,,,,,,,,,,,,,,,,,,,,,,,,,,,,,,30,,,,,,,50,False,0,1,none,0.0,123,1.7406110420124605,3.717243499995675,,,,,,,,,,,,,
867.5659195830231,cycle_progress,,,,,,,,,,,,65,42,107,,,,,,,,,,,,,,,,,,,512,0.0006,,378600,0,,,,,,,,,,128,4,378600,3870,246,62,,,,,,,,,,,,,,,,,,,,30,,107,2593,2486,0,False,,,,,,,,,3.717243499995675,,,,,,,,,,,,,
872.573235583026,unswapping,,,,,,,,,,,,,,,,,,,,,,,,,,,,,,,,,,,,,,,,,,,,,,,128,4,378600,3870,246,62,0,both,0,31,31,0,0,,,,,0,2.0,16,31,0,0.0,,,,,,,,,,,,,,,,,,,,,,,,,,,,,,,
876.3242085829843,unswapping,,,,,,,,,,,,,,,,,,,,,,,,,,,,,,,,,,,,,,,,,,,,,,,128,4,378600,3870,246,62,0,both,1,30,30,0,0,,,,,0,2.0,16,30,0,0.0,,,,,,,,,,,,,,,,,,,,,,,,,,,,,,,
878.7919863749994,unswapping,,,,,,,,,,,,,,,,,,,,,,,,,,,,,,,,,,,,,,,,,,,,,,,128,4,378600,3870,246,62,0,left,0,31,31,0,0,,,,,0,2.0,16,31,0,0.0,,,,,,,,,,,,,,,,,,,,,,,,,,,,,,,
880.9924741249997,unswapping,,,,,,,,,,,,,,,,,,,,,,,,,,,,,,,,,,,,,,,,,,,,,,,128,4,378600,3870,246,62,0,left,1,30,30,0,0,,,,,0,2.0,16,30,0,0.0,,,,,,,,,,,,,,,,,,,,,,,,,,,,,,,
882.043226208014,unswapping,,,,,,,,,,,,,,,,,,,,,,,,,,,,,,,,,,,,,,,,,,,,,,,128,4,378600,3870,246,62,0,right,0,31,31,0,0,,,,,0,2.0,16,31,0,0.0,,,,,,,,,,,,,,,,,,,,,,,,,,,,,,,
883.0691007080022,unswapping,,,,,,,,,,,,,,,,,,,,,,,,,,,,,,,,,,,,,,,,,,,,,,,128,4,378600,3870,246,62,0,right,1,30,30,0,0,,,,,0,2.0,16,30,0,0.0,,,,,,,,,,,,,,,,,,,,,,,,,,,,,,,
883.409396291012,unswap_cycle_summary,,,,,,,,,,,,65,42,107,,,,,,,,,,,,,,,,,,,512,0.0006,,,,,,,,,,,,,128,4,378600,3870,246,62,,,,,,,,,,,,,,,,,,,,31,14.415721917001065,107,2593,2486,0,False,,,,,,,,,,,,,,,,,,,,,,
885.5138901249738,rewiring,left,post_unswap,2.0467094590421766,1545,False,False,,,,,,,,,,,,,,,,,,,,,,,,,,,,,,,,,,,,,,,,,,,,,,,,,,,,,,,,,,,,,,,,,,31,,,,,,,50,False,0,1,none,0.0,123,2.0467002079822123,3.3770330420229584,,,,,,,,,,,,,
886.8439329579705,rewiring,right,post_unswap,1.329819749982562,1712,False,False,,,,,,,,,,,,,,,,,,,,,,,,,,,,,,,,,,,,,,,,,,,,,,,,,,,,,,,,,,,,,,,,,,31,,,,,,,50,False,0,1,none,0.0,123,1.3298161249840632,3.3770330420229584,,,,,,,,,,,,,
886.9578613750055,cycle_progress,,,,,,,,,,,,65,42,107,,,,,,,,,,,,,,,,,,,512,0.0006,,378600,1,,,,,,,,,,128,4,378600,3870,246,62,,,,,,,,,,,,,,,,,,,,31,,107,2593,2486,0,False,,,,,,,,,3.3770330420229584,,,,,,,,,,,,,
891.9021409159759,unswapping,,,,,,,,,,,,,,,,,,,,,,,,,,,,,,,,,,,,,,,,,,,,,,,128,4,378600,3870,246,62,0,both,0,31,31,0,0,,,,,0,2.0,16,31,0,0.0,,,,,,,,,,,,,,,,,,,,,,,,,,,,,,,
895.7807240409893,unswapping,,,,,,,,,,,,,,,,,,,,,,,,,,,,,,,,,,,,,,,,,,,,,,,128,4,378600,3870,246,62,0,both,1,30,30,0,0,,,,,0,2.0,16,30,0,0.0,,,,,,,,,,,,,,,,,,,,,,,,,,,,,,,
898.3093557910179,unswapping,,,,,,,,,,,,,,,,,,,,,,,,,,,,,,,,,,,,,,,,,,,,,,,128,4,378600,3870,246,62,0,left,0,31,31,0,0,,,,,0,2.0,16,31,0,0.0,,,,,,,,,,,,,,,,,,,,,,,,,,,,,,,
900.5589719580021,unswapping,,,,,,,,,,,,,,,,,,,,,,,,,,,,,,,,,,,,,,,,,,,,,,,128,4,378600,3870,246,62,0,left,1,30,30,0,0,,,,,0,2.0,16,30,0,0.0,,,,,,,,,,,,,,,,,,,,,,,,,,,,,,,
901.5939060830278,unswapping,,,,,,,,,,,,,,,,,,,,,,,,,,,,,,,,,,,,,,,,,,,,,,,128,4,378600,3870,246,62,0,right,0,31,31,0,0,,,,,0,2.0,16,31,0,0.0,,,,,,,,,,,,,,,,,,,,,,,,,,,,,,,
902.579678833019,unswapping,,,,,,,,,,,,,,,,,,,,,,,,,,,,,,,,,,,,,,,,,,,,,,,128,4,378600,3870,246,62,0,right,1,30,30,0,0,,,,,0,2.0,16,30,0,0.0,,,,,,,,,,,,,,,,,,,,,,,,,,,,,,,
902.9177722909953,unswap_cycle_summary,,,,,,,,,,,,65,42,107,,,,,,,,,,,,,,,,,,,512,0.0006,,,,,,,,,,,,,128,4,378600,3870,246,62,,,,,,,,,,,,,,,,,,,,32,14.497018707974348,107,2593,2486,0,False,,,,,,,,,,,,,,,,,,,,,,
904.9536954580108,rewiring,left,post_unswap,1.9785246250103228,1545,False,False,,,,,,,,,,,,,,,,,,,,,,,,,,,,,,,,,,,,,,,,,,,,,,,,,,,,,,,,,,,,,,,,,,32,,,,,,,50,False,0,1,none,0.0,123,1.9785199170000851,3.761468916956801,,,,,,,,,,,,,
906.7363391660037,rewiring,right,post_unswap,1.7823700419976376,1712,False,False,,,,,,,,,,,,,,,,,,,,,,,,,,,,,,,,,,,,,,,,,,,,,,,,,,,,,,,,,,,,,,,,,,32,,,,,,,50,False,0,1,none,0.0,123,1.7823651669896208,3.761468916956801,,,,,,,,,,,,,
906.8506751250243,cycle_progress,,,,,,,,,,,,65,42,107,,,,,,,,,,,,,,,,,,,512,0.0006,,378600,2,,,,,,,,,,128,4,378600,3870,246,62,,,,,,,,,,,,,,,,,,,,32,,107,2593,2486,0,False,,,,,,,,,3.761468916956801,,,,,,,,,,,,,
912.0022951660212,unswapping,,,,,,,,,,,,,,,,,,,,,,,,,,,,,,,,,,,,,,,,,,,,,,,128,4,378600,3870,246,62,0,both,0,31,31,0,0,,,,,0,2.0,16,31,0,0.0,,,,,,,,,,,,,,,,,,,,,,,,,,,,,,,
915.995401333028,unswapping,,,,,,,,,,,,,,,,,,,,,,,,,,,,,,,,,,,,,,,,,,,,,,,128,4,378600,3870,246,62,0,both,1,30,30,0,0,,,,,0,2.0,16,30,0,0.0,,,,,,,,,,,,,,,,,,,,,,,,,,,,,,,
918.6494089579792,unswapping,,,,,,,,,,,,,,,,,,,,,,,,,,,,,,,,,,,,,,,,,,,,,,,128,4,378600,3870,246,62,0,left,0,31,31,0,0,,,,,0,2.0,16,31,0,0.0,,,,,,,,,,,,,,,,,,,,,,,,,,,,,,,
920.9227265830268,unswapping,,,,,,,,,,,,,,,,,,,,,,,,,,,,,,,,,,,,,,,,,,,,,,,128,4,378600,3870,246,62,0,left,1,30,30,0,0,,,,,0,2.0,16,30,0,0.0,,,,,,,,,,,,,,,,,,,,,,,,,,,,,,,
921.9975550830131,unswapping,,,,,,,,,,,,,,,,,,,,,,,,,,,,,,,,,,,,,,,,,,,,,,,128,4,378600,3870,246,62,0,right,0,31,31,0,0,,,,,0,2.0,16,31,0,0.0,,,,,,,,,,,,,,,,,,,,,,,,,,,,,,,
923.0160393330152,unswapping,,,,,,,,,,,,,,,,,,,,,,,,,,,,,,,,,,,,,,,,,,,,,,,128,4,378600,3870,246,62,0,right,1,30,30,0,0,,,,,0,2.0,16,30,0,0.0,,,,,,,,,,,,,,,,,,,,,,,,,,,,,,,
923.3585502500064,unswap_cycle_summary,,,,,,,,,,,,65,42,107,,,,,,,,,,,,,,,,,,,512,0.0006,,,,,,,,,,,,,128,4,378600,3870,246,62,,,,,,,,,,,,,,,,,,,,33,15.008988999994472,107,2593,2486,0,False,,,,,,,,,,,,,,,,,,,,,,
925.3971662080148,rewiring,left,post_unswap,1.9820814999984577,1545,False,False,,,,,,,,,,,,,,,,,,,,,,,,,,,,,,,,,,,,,,,,,,,,,,,,,,,,,,,,,,,,,,,,,,33,,,,,,,50,False,0,1,none,0.0,123,1.9820767499622889,3.7671150829992257,,,,,,,,,,,,,
927.1819712499855,rewiring,right,post_unswap,1.7846145840012468,1712,False,False,,,,,,,,,,,,,,,,,,,,,,,,,,,,,,,,,,,,,,,,,,,,,,,,,,,,,,,,,,,,,,,,,,33,,,,,,,50,False,0,1,none,0.0,123,1.7846102499752305,3.7671150829992257,,,,,,,,,,,,,
927.296077875013,cycle_progress,,,,,,,,,,,,65,42,107,,,,,,,,,,,,,,,,,,,512,0.0006,,378600,3,,,,,,,,,,128,4,378600,3870,246,62,,,,,,,,,,,,,,,,,,,,33,,107,2593,2486,0,False,,,,,,,,,3.7671150829992257,,,,,,,,,,,,,
932.3214311249903,unswapping,,,,,,,,,,,,,,,,,,,,,,,,,,,,,,,,,,,,,,,,,,,,,,,128,4,378600,3870,246,62,0,both,0,31,31,0,0,,,,,0,2.0,16,31,0,0.0,,,,,,,,,,,,,,,,,,,,,,,,,,,,,,,
936.2149238749989,unswapping,,,,,,,,,,,,,,,,,,,,,,,,,,,,,,,,,,,,,,,,,,,,,,,128,4,378600,3870,246,62,0,both,1,30,30,0,0,,,,,0,2.0,16,30,0,0.0,,,,,,,,,,,,,,,,,,,,,,,,,,,,,,,
938.6896006250172,unswapping,,,,,,,,,,,,,,,,,,,,,,,,,,,,,,,,,,,,,,,,,,,,,,,128,4,378600,3870,246,62,0,left,0,31,31,0,0,,,,,0,2.0,16,31,0,0.0,,,,,,,,,,,,,,,,,,,,,,,,,,,,,,,
940.9015705410275,unswapping,,,,,,,,,,,,,,,,,,,,,,,,,,,,,,,,,,,,,,,,,,,,,,,128,4,378600,3870,246,62,0,left,1,30,30,0,0,,,,,0,2.0,16,30,0,0.0,,,,,,,,,,,,,,,,,,,,,,,,,,,,,,,
941.9207668330055,unswapping,,,,,,,,,,,,,,,,,,,,,,,,,,,,,,,,,,,,,,,,,,,,,,,128,4,378600,3870,246,62,0,right,0,31,31,0,0,,,,,0,2.0,16,31,0,0.0,,,,,,,,,,,,,,,,,,,,,,,,,,,,,,,
942.8942947909818,unswapping,,,,,,,,,,,,,,,,,,,,,,,,,,,,,,,,,,,,,,,,,,,,,,,128,4,378600,3870,246,62,0,right,1,30,30,0,0,,,,,0,2.0,16,30,0,0.0,,,,,,,,,,,,,,,,,,,,,,,,,,,,,,,
943.2465574999806,unswap_cycle_summary,,,,,,,,,,,,65,42,107,,,,,,,,,,,,,,,,,,,512,0.0006,,,,,,,,,,,,,128,4,378600,3870,246,62,,,,,,,,,,,,,,,,,,,,34,14.468786082987208,107,2593,2486,0,False,,,,,,,,,,,,,,,,,,,,,,
944.9010898330016,rewiring,left,post_unswap,1.5962922080070712,1545,False,False,,,,,,,,,,,,,,,,,,,,,,,,,,,,,,,,,,,,,,,,,,,,,,,,,,,,,,,,,,,,,,,,,,34,,,,,,,50,False,0,1,none,0.0,123,1.5962860000436194,3.3687847089604475,,,,,,,,,,,,,
946.6732810829999,rewiring,right,post_unswap,1.771982166043017,1712,False,False,,,,,,,,,,,,,,,,,,,,,,,,,,,,,,,,,,,,,,,,,,,,,,,,,,,,,,,,,,,,,,,,,,34,,,,,,,50,False,0,1,none,0.0,123,1.7719769999966957,3.3687847089604475,,,,,,,,,,,,,
946.7850748330238,cycle_progress,,,,,,,,,,,,65,42,107,,,,,,,,,,,,,,,,,,,512,0.0006,,378600,4,,,,,,,,,,128,4,378600,3870,246,62,,,,,,,,,,,,,,,,,,,,34,,107,2593,2486,0,False,,,,,,,,,3.3687847089604475,,,,,,,,,,,,,
951.8309127080138,unswapping,,,,,,,,,,,,,,,,,,,,,,,,,,,,,,,,,,,,,,,,,,,,,,,128,4,378600,3870,246,62,0,both,0,31,31,0,0,,,,,0,2.0,16,31,0,0.0,,,,,,,,,,,,,,,,,,,,,,,,,,,,,,,
955.6674720830051,unswapping,,,,,,,,,,,,,,,,,,,,,,,,,,,,,,,,,,,,,,,,,,,,,,,128,4,378600,3870,246,62,0,both,1,30,30,0,0,,,,,0,2.0,16,30,0,0.0,,,,,,,,,,,,,,,,,,,,,,,,,,,,,,,
958.1179827500018,unswapping,,,,,,,,,,,,,,,,,,,,,,,,,,,,,,,,,,,,,,,,,,,,,,,128,4,378600,3870,246,62,0,left,0,31,31,0,0,,,,,0,2.0,16,31,0,0.0,,,,,,,,,,,,,,,,,,,,,,,,,,,,,,,
960.2520749579999,unswapping,,,,,,,,,,,,,,,,,,,,,,,,,,,,,,,,,,,,,,,,,,,,,,,128,4,378600,3870,246,62,0,left,1,30,30,0,0,,,,,0,2.0,16,30,0,0.0,,,,,,,,,,,,,,,,,,,,,,,,,,,,,,,
961.3052152500022,unswapping,,,,,,,,,,,,,,,,,,,,,,,,,,,,,,,,,,,,,,,,,,,,,,,128,4,378600,3870,246,62,0,right,0,31,31,0,0,,,,,0,2.0,16,31,0,0.0,,,,,,,,,,,,,,,,,,,,,,,,,,,,,,,
962.2711993330158,unswapping,,,,,,,,,,,,,,,,,,,,,,,,,,,,,,,,,,,,,,,,,,,,,,,128,4,378600,3870,246,62,0,right,1,30,30,0,0,,,,,0,2.0,16,30,0,0.0,,,,,,,,,,,,,,,,,,,,,,,,,,,,,,,
962.6209429160226,unswap_cycle_summary,,,,,,,,,,,,65,42,107,,,,,,,,,,,,,,,,,,,512,0.0006,,,,,,,,,,,,,128,4,378600,3870,246,62,,,,,,,,,,,,,,,,,,,,35,14.336380167049356,107,2593,2486,0,False,,,,,,,,,,,,,,,,,,,,,,
964.7975911659887,rewiring,left,post_unswap,2.1184651250368915,1545,False,False,,,,,,,,,,,,,,,,,,,,,,,,,,,,,,,,,,,,,,,,,,,,,,,,,,,,,,,,,,,,,,,,,,35,,,,,,,50,False,0,1,none,0.0,123,2.118459083023481,3.4706853750394657,,,,,,,,,,,,,
966.1495296659996,rewiring,right,post_unswap,1.351739915960934,1712,False,False,,,,,,,,,,,,,,,,,,,,,,,,,,,,,,,,,,,,,,,,,,,,,,,,,,,,,,,,,,,,,,,,,,35,,,,,,,50,False,0,1,none,0.0,123,1.3517356250085868,3.4706853750394657,,,,,,,,,,,,,
966.264791833004,cycle_progress,,,,,,,,,,,,65,42,107,,,,,,,,,,,,,,,,,,,512,0.0006,,378600,5,,,,,,,,,,128,4,378600,3870,246,62,,,,,,,,,,,,,,,,,,,,35,,107,2593,2486,0,False,,,,,,,,,3.4706853750394657,,,,,,,,,,,,,
971.2936904159724,unswapping,,,,,,,,,,,,,,,,,,,,,,,,,,,,,,,,,,,,,,,,,,,,,,,128,4,378600,3870,246,62,0,both,0,31,31,0,0,,,,,0,2.0,16,31,0,0.0,,,,,,,,,,,,,,,,,,,,,,,,,,,,,,,
975.2507180409739,unswapping,,,,,,,,,,,,,,,,,,,,,,,,,,,,,,,,,,,,,,,,,,,,,,,128,4,378600,3870,246,62,0,both,1,30,30,0,0,,,,,0,2.0,16,30,0,0.0,,,,,,,,,,,,,,,,,,,,,,,,,,,,,,,
977.7318280829932,unswapping,,,,,,,,,,,,,,,,,,,,,,,,,,,,,,,,,,,,,,,,,,,,,,,128,4,378600,3870,246,62,0,left,0,31,31,0,0,,,,,0,2.0,16,31,0,0.0,,,,,,,,,,,,,,,,,,,,,,,,,,,,,,,
980.0293721249909,unswapping,,,,,,,,,,,,,,,,,,,,,,,,,,,,,,,,,,,,,,,,,,,,,,,128,4,378600,3870,246,62,0,left,1,30,30,0,0,,,,,0,2.0,16,30,0,0.0,,,,,,,,,,,,,,,,,,,,,,,,,,,,,,,
981.1160247499938,unswapping,,,,,,,,,,,,,,,,,,,,,,,,,,,,,,,,,,,,,,,,,,,,,,,128,4,378600,3870,246,62,0,right,0,31,31,0,0,,,,,0,2.0,16,31,0,0.0,,,,,,,,,,,,,,,,,,,,,,,,,,,,,,,
982.1280832500197,unswapping,,,,,,,,,,,,,,,,,,,,,,,,,,,,,,,,,,,,,,,,,,,,,,,128,4,378600,3870,246,62,0,right,1,30,30,0,0,,,,,0,2.0,16,30,0,0.0,,,,,,,,,,,,,,,,,,,,,,,,,,,,,,,
982.4801172909793,unswap_cycle_summary,,,,,,,,,,,,65,42,107,,,,,,,,,,,,,,,,,,,512,0.0006,,,,,,,,,,,,,128,4,378600,3870,246,62,,,,,,,,,,,,,,,,,,,,36,14.712143999990076,107,2593,2486,0,False,,,,,,,,,,,,,,,,,,,,,,
984.984438583022,rewiring,left,post_unswap,2.447284583002329,1545,False,False,,,,,,,,,,,,,,,,,,,,,,,,,,,,,,,,,,,,,,,,,,,,,,,,,,,,,,,,,,,,,,,,,,36,,,,,,,50,False,0,1,none,0.0,123,2.447279084008187,3.7784437910304405,,,,,,,,,,,,,
986.3153061249759,rewiring,right,post_unswap,1.3306484160129912,1712,False,False,,,,,,,,,,,,,,,,,,,,,,,,,,,,,,,,,,,,,,,,,,,,,,,,,,,,,,,,,,,,,,,,,,36,,,,,,,50,False,0,1,none,0.0,123,1.330643333029002,3.7784437910304405,,,,,,,,,,,,,
986.4306687079952,cycle_progress,,,,,,,,,,,,65,42,107,,,,,,,,,,,,,,,,,,,512,0.0006,,378600,6,,,,,,,,,,128,4,378600,3870,246,62,,,,,,,,,,,,,,,,,,,,36,,107,2593,2486,0,False,,,,,,,,,3.7784437910304405,,,,,,,,,,,,,
991.5048380829976,unswapping,,,,,,,,,,,,,,,,,,,,,,,,,,,,,,,,,,,,,,,,,,,,,,,128,4,378600,3870,246,62,0,both,0,31,31,0,0,,,,,0,2.0,16,31,0,0.0,,,,,,,,,,,,,,,,,,,,,,,,,,,,,,,
995.2383745409898,unswapping,,,,,,,,,,,,,,,,,,,,,,,,,,,,,,,,,,,,,,,,,,,,,,,128,4,378600,3870,246,62,0,both,1,30,30,0,0,,,,,0,2.0,16,30,0,0.0,,,,,,,,,,,,,,,,,,,,,,,,,,,,,,,
997.7333105410216,unswapping,,,,,,,,,,,,,,,,,,,,,,,,,,,,,,,,,,,,,,,,,,,,,,,128,4,378600,3870,246,62,0,left,0,31,31,0,0,,,,,0,2.0,16,31,0,0.0,,,,,,,,,,,,,,,,,,,,,,,,,,,,,,,
999.8993231659988,unswapping,,,,,,,,,,,,,,,,,,,,,,,,,,,,,,,,,,,,,,,,,,,,,,,128,4,378600,3870,246,62,0,left,1,30,30,0,0,,,,,0,2.0,16,30,0,0.0,,,,,,,,,,,,,,,,,,,,,,,,,,,,,,,
1000.9775547499885,unswapping,,,,,,,,,,,,,,,,,,,,,,,,,,,,,,,,,,,,,,,,,,,,,,,128,4,378600,3870,246,62,0,right,0,31,31,0,0,,,,,0,2.0,16,31,0,0.0,,,,,,,,,,,,,,,,,,,,,,,,,,,,,,,
1001.9655827080132,unswapping,,,,,,,,,,,,,,,,,,,,,,,,,,,,,,,,,,,,,,,,,,,,,,,128,4,378600,3870,246,62,0,right,1,30,30,0,0,,,,,0,2.0,16,30,0,0.0,,,,,,,,,,,,,,,,,,,,,,,,,,,,,,,
1002.3189626659732,unswap_cycle_summary,,,,,,,,,,,,65,42,107,,,,,,,,,,,,,,,,,,,512,0.0006,,,,,,,,,,,,,128,4,378600,3870,246,62,,,,,,,,,,,,,,,,,,,,37,14.336432917043567,107,2593,2486,0,False,,,,,,,,,,,,,,,,,,,,,,
1004.3762301250244,rewiring,left,post_unswap,1.9999328330159187,1545,False,False,,,,,,,,,,,,,,,,,,,,,,,,,,,,,,,,,,,,,,,,,,,,,,,,,,,,,,,,,,,,,,,,,,37,,,,,,,50,False,0,1,none,0.0,123,1.9999282920034602,3.8168159159831703,,,,,,,,,,,,,
1006.1928215830121,rewiring,right,post_unswap,1.816392624983564,1712,False,False,,,,,,,,,,,,,,,,,,,,,,,,,,,,,,,,,,,,,,,,,,,,,,,,,,,,,,,,,,,,,,,,,,37,,,,,,,50,False,0,1,none,0.0,123,1.8163892920129001,3.8168159159831703,,,,,,,,,,,,,
1006.3140337080113,cycle_progress,,,,,,,,,,,,65,42,107,,,,,,,,,,,,,,,,,,,512,0.0006,,378600,7,,,,,,,,,,128,4,378600,3870,246,62,,,,,,,,,,,,,,,,,,,,37,,107,2593,2486,0,False,,,,,,,,,3.8168159159831703,,,,,,,,,,,,,
1011.1894463329809,unswapping,,,,,,,,,,,,,,,,,,,,,,,,,,,,,,,,,,,,,,,,,,,,,,,128,4,378600,3870,246,62,0,both,0,31,31,0,0,,,,,0,2.0,16,31,0,0.0,,,,,,,,,,,,,,,,,,,,,,,,,,,,,,,
1015.2412136250059,unswapping,,,,,,,,,,,,,,,,,,,,,,,,,,,,,,,,,,,,,,,,,,,,,,,128,4,378600,3870,246,62,0,both,1,30,30,0,0,,,,,0,2.0,16,30,0,0.0,,,,,,,,,,,,,,,,,,,,,,,,,,,,,,,
1017.7910215409938,unswapping,,,,,,,,,,,,,,,,,,,,,,,,,,,,,,,,,,,,,,,,,,,,,,,128,4,378600,3870,246,62,0,left,0,31,31,0,0,,,,,0,2.0,16,31,0,0.0,,,,,,,,,,,,,,,,,,,,,,,,,,,,,,,
1019.9603658330161,unswapping,,,,,,,,,,,,,,,,,,,,,,,,,,,,,,,,,,,,,,,,,,,,,,,128,4,378600,3870,246,62,0,left,1,30,30,0,0,,,,,0,2.0,16,30,0,0.0,,,,,,,,,,,,,,,,,,,,,,,,,,,,,,,
1021.0121337079909,unswapping,,,,,,,,,,,,,,,,,,,,,,,,,,,,,,,,,,,,,,,,,,,,,,,128,4,378600,3870,246,62,0,right,0,31,31,0,0,,,,,0,2.0,16,31,0,0.0,,,,,,,,,,,,,,,,,,,,,,,,,,,,,,,
1022.0078280409798,unswapping,,,,,,,,,,,,,,,,,,,,,,,,,,,,,,,,,,,,,,,,,,,,,,,128,4,378600,3870,246,62,0,right,1,30,30,0,0,,,,,0,2.0,16,30,0,0.0,,,,,,,,,,,,,,,,,,,,,,,,,,,,,,,
1022.3660785829998,unswap_cycle_summary,,,,,,,,,,,,65,42,107,,,,,,,,,,,,,,,,,,,512,0.0006,,,,,,,,,,,,,128,4,378600,3870,246,62,,,,,,,,,,,,,,,,,,,,38,14.595378209021874,107,2593,2486,0,False,,,,,,,,,,,,,,,,,,,,,,
1024.0379102500156,rewiring,left,post_unswap,1.6117498330422677,1545,False,False,,,,,,,,,,,,,,,,,,,,,,,,,,,,,,,,,,,,,,,,,,,,,,,,,,,,,,,,,,,,,,,,,,38,,,,,,,50,False,0,1,none,0.0,123,1.6117450830060989,3.334436333971098,,,,,,,,,,,,,
1025.7603284579818,rewiring,right,post_unswap,1.722254833963234,1712,False,False,,,,,,,,,,,,,,,,,,,,,,,,,,,,,,,,,,,,,,,,,,,,,,,,,,,,,,,,,,,,,,,,,,38,,,,,,,50,False,0,1,none,0.0,123,1.7222499169874936,3.334436333971098,,,,,,,,,,,,,
1025.8773349580006,cycle_progress,,,,,,,,,,,,65,42,107,,,,,,,,,,,,,,,,,,,512,0.0006,,378600,8,,,,,,,,,,128,4,378600,3870,246,62,,,,,,,,,,,,,,,,,,,,38,,107,2593,2486,0,False,,,,,,,,,3.334436333971098,,,,,,,,,,,,,
1031.1579629160115,unswapping,,,,,,,,,,,,,,,,,,,,,,,,,,,,,,,,,,,,,,,,,,,,,,,128,4,378600,3870,246,62,0,both,0,31,31,0,0,,,,,0,2.0,16,31,0,0.0,,,,,,,,,,,,,,,,,,,,,,,,,,,,,,,
1035.1238824159955,unswapping,,,,,,,,,,,,,,,,,,,,,,,,,,,,,,,,,,,,,,,,,,,,,,,128,4,378600,3870,246,62,0,both,1,30,30,0,0,,,,,0,2.0,16,30,0,0.0,,,,,,,,,,,,,,,,,,,,,,,,,,,,,,,
1037.6433159160079,unswapping,,,,,,,,,,,,,,,,,,,,,,,,,,,,,,,,,,,,,,,,,,,,,,,128,4,378600,3870,246,62,0,left,0,31,31,0,0,,,,,0,2.0,16,31,0,0.0,,,,,,,,,,,,,,,,,,,,,,,,,,,,,,,
1039.8230917080073,unswapping,,,,,,,,,,,,,,,,,,,,,,,,,,,,,,,,,,,,,,,,,,,,,,,128,4,378600,3870,246,62,0,left,1,30,30,0,0,,,,,0,2.0,16,30,0,0.0,,,,,,,,,,,,,,,,,,,,,,,,,,,,,,,
1040.9225484579802,unswapping,,,,,,,,,,,,,,,,,,,,,,,,,,,,,,,,,,,,,,,,,,,,,,,128,4,378600,3870,246,62,0,right,0,31,31,0,0,,,,,0,2.0,16,31,0,0.0,,,,,,,,,,,,,,,,,,,,,,,,,,,,,,,
1041.9045898750192,unswapping,,,,,,,,,,,,,,,,,,,,,,,,,,,,,,,,,,,,,,,,,,,,,,,128,4,378600,3870,246,62,0,right,1,30,30,0,0,,,,,0,2.0,16,30,0,0.0,,,,,,,,,,,,,,,,,,,,,,,,,,,,,,,
1042.261791708006,unswap_cycle_summary,,,,,,,,,,,,65,42,107,,,,,,,,,,,,,,,,,,,512,0.0006,,,,,,,,,,,,,128,4,378600,3870,246,62,,,,,,,,,,,,,,,,,,,,39,14.822882291977294,107,2593,2486,0,False,,,,,,,,,,,,,,,,,,,,,,
1044.3576538329944,rewiring,left,post_unswap,2.0366318749729544,1545,False,False,,,,,,,,,,,,,,,,,,,,,,,,,,,,,,,,,,,,,,,,,,,,,,,,,,,,,,,,,,,,,,,,,,39,,,,,,,50,False,0,1,none,0.0,123,2.036627082969062,3.8705375830177218,,,,,,,,,,,,,
1046.1912748750183,rewiring,right,post_unswap,1.8334265829762444,1712,False,False,,,,,,,,,,,,,,,,,,,,,,,,,,,,,,,,,,,,,,,,,,,,,,,,,,,,,,,,,,,,,,,,,,39,,,,,,,50,False,0,1,none,0.0,123,1.8334226249717176,3.8705375830177218,,,,,,,,,,,,,
1046.3092941659852,cycle_progress,,,,,,,,,,,,65,42,107,,,,,,,,,,,,,,,,,,,512,0.0006,,378600,9,,,,,,,,,,128,4,378600,3870,246,62,,,,,,,,,,,,,,,,,,,,39,,107,2593,2486,0,False,,,,,,,,,3.8705375830177218,,,,,,,,,,,,,
1051.3197481660172,unswapping,,,,,,,,,,,,,,,,,,,,,,,,,,,,,,,,,,,,,,,,,,,,,,,128,4,378600,3870,246,62,0,both,0,31,31,0,0,,,,,0,2.0,16,31,0,0.0,,,,,,,,,,,,,,,,,,,,,,,,,,,,,,,
1055.2817538750242,unswapping,,,,,,,,,,,,,,,,,,,,,,,,,,,,,,,,,,,,,,,,,,,,,,,128,4,378600,3870,246,62,0,both,1,30,30,0,0,,,,,0,2.0,16,30,0,0.0,,,,,,,,,,,,,,,,,,,,,,,,,,,,,,,
1057.7623713749927,unswapping,,,,,,,,,,,,,,,,,,,,,,,,,,,,,,,,,,,,,,,,,,,,,,,128,4,378600,3870,246,62,0,left,0,31,31,0,0,,,,,0,2.0,16,31,0,0.0,,,,,,,,,,,,,,,,,,,,,,,,,,,,,,,
1059.864073249977,unswapping,,,,,,,,,,,,,,,,,,,,,,,,,,,,,,,,,,,,,,,,,,,,,,,128,4,378600,3870,246,62,0,left,1,30,30,0,0,,,,,0,2.0,16,30,0,0.0,,,,,,,,,,,,,,,,,,,,,,,,,,,,,,,
1060.892818082997,unswapping,,,,,,,,,,,,,,,,,,,,,,,,,,,,,,,,,,,,,,,,,,,,,,,128,4,378600,3870,246,62,0,right,0,31,31,0,0,,,,,0,2.0,16,31,0,0.0,,,,,,,,,,,,,,,,,,,,,,,,,,,,,,,
1061.9085780410096,unswapping,,,,,,,,,,,,,,,,,,,,,,,,,,,,,,,,,,,,,,,,,,,,,,,128,4,378600,3870,246,62,0,right,1,30,30,0,0,,,,,0,2.0,16,30,0,0.0,,,,,,,,,,,,,,,,,,,,,,,,,,,,,,,
1062.278136249981,unswap_cycle_summary,,,,,,,,,,,,65,42,107,,,,,,,,,,,,,,,,,,,512,0.0006,,,,,,,,,,,,,128,4,378600,3870,246,62,,,,,,,,,,,,,,,,,,,,40,14.488913082983345,107,2593,2486,0,False,,,,,,,,,,,,,,,,,,,,,,
1063.966576958017,rewiring,left,post_unswap,1.6276890839799307,1545,False,False,,,,,,,,,,,,,,,,,,,,,,,,,,,,,,,,,,,,,,,,,,,,,,,,,,,,,,,,,,,,,,,,,,40,,,,,,,50,False,0,1,none,0.0,123,1.6276852500159293,3.436263790994417,,,,,,,,,,,,,
1065.774906250008,rewiring,right,post_unswap,1.8081257920130156,1712,False,False,,,,,,,,,,,,,,,,,,,,,,,,,,,,,,,,,,,,,,,,,,,,,,,,,,,,,,,,,,,,,,,,,,40,,,,,,,50,False,0,1,none,0.0,123,1.8081216670107096,3.436263790994417,,,,,,,,,,,,,
1065.893559499993,cycle_progress,,,,,,,,,,,,65,42,107,,,,,,,,,,,,,,,,,,,512,0.0006,,378600,10,,,,,,,,,,128,4,378600,3870,246,62,,,,,,,,,,,,,,,,,,,,40,,107,2593,2486,0,False,,,,,,,,,3.436263790994417,,,,,,,,,,,,,
1070.944401916,unswapping,,,,,,,,,,,,,,,,,,,,,,,,,,,,,,,,,,,,,,,,,,,,,,,128,4,378600,3870,246,62,0,both,0,31,31,0,0,,,,,0,2.0,16,31,0,0.0,,,,,,,,,,,,,,,,,,,,,,,,,,,,,,,
1074.9095257080044,unswapping,,,,,,,,,,,,,,,,,,,,,,,,,,,,,,,,,,,,,,,,,,,,,,,128,4,378600,3870,246,62,0,both,1,30,30,0,0,,,,,0,2.0,16,30,0,0.0,,,,,,,,,,,,,,,,,,,,,,,,,,,,,,,
1077.5572652079863,unswapping,,,,,,,,,,,,,,,,,,,,,,,,,,,,,,,,,,,,,,,,,,,,,,,128,4,378600,3870,246,62,0,left,0,31,31,0,0,,,,,0,2.0,16,31,0,0.0,,,,,,,,,,,,,,,,,,,,,,,,,,,,,,,
1079.8688458750257,unswapping,,,,,,,,,,,,,,,,,,,,,,,,,,,,,,,,,,,,,,,,,,,,,,,128,4,378600,3870,246,62,0,left,1,30,30,0,0,,,,,0,2.0,16,30,0,0.0,,,,,,,,,,,,,,,,,,,,,,,,,,,,,,,
1081.0019788329955,unswapping,,,,,,,,,,,,,,,,,,,,,,,,,,,,,,,,,,,,,,,,,,,,,,,128,4,378600,3870,246,62,0,right,0,31,31,0,0,,,,,0,2.0,16,31,0,0.0,,,,,,,,,,,,,,,,,,,,,,,,,,,,,,,
1081.9746230409946,unswapping,,,,,,,,,,,,,,,,,,,,,,,,,,,,,,,,,,,,,,,,,,,,,,,128,4,378600,3870,246,62,0,right,1,30,30,0,0,,,,,0,2.0,16,30,0,0.0,,,,,,,,,,,,,,,,,,,,,,,,,,,,,,,
1082.327303249971,unswap_cycle_summary,,,,,,,,,,,,65,42,107,,,,,,,,,,,,,,,,,,,512,0.0006,,,,,,,,,,,,,128,4,378600,3870,246,62,,,,,,,,,,,,,,,,,,,,41,14.924346833024174,107,2593,2486,0,False,,,,,,,,,,,,,,,,,,,,,,
1084.494364165992,rewiring,left,post_unswap,2.1068295830045827,1545,False,False,,,,,,,,,,,,,,,,,,,,,,,,,,,,,,,,,,,,,,,,,,,,,,,,,,,,,,,,,,,,,,,,,,41,,,,,,,50,False,0,1,none,0.0,123,2.106823833019007,3.424750166013837,,,,,,,,,,,,,
1085.812042250007,rewiring,right,post_unswap,1.3174837920232676,1712,False,False,,,,,,,,,,,,,,,,,,,,,,,,,,,,,,,,,,,,,,,,,,,,,,,,,,,,,,,,,,,,,,,,,,41,,,,,,,50,False,0,1,none,0.0,123,1.3174802499706857,3.424750166013837,,,,,,,,,,,,,
1085.9297711250256,cycle_progress,,,,,,,,,,,,65,42,107,,,,,,,,,,,,,,,,,,,512,0.0006,,378600,11,,,,,,,,,,128,4,378600,3870,246,62,,,,,,,,,,,,,,,,,,,,41,,107,2593,2486,0,False,,,,,,,,,3.424750166013837,,,,,,,,,,,,,
1090.8928144159727,unswapping,,,,,,,,,,,,,,,,,,,,,,,,,,,,,,,,,,,,,,,,,,,,,,,128,4,378600,3870,246,62,0,both,0,31,31,0,0,,,,,0,2.0,16,31,0,0.0,,,,,,,,,,,,,,,,,,,,,,,,,,,,,,,
1094.736859040975,unswapping,,,,,,,,,,,,,,,,,,,,,,,,,,,,,,,,,,,,,,,,,,,,,,,128,4,378600,3870,246,62,0,both,1,30,30,0,0,,,,,0,2.0,16,30,0,0.0,,,,,,,,,,,,,,,,,,,,,,,,,,,,,,,
1097.306204665976,unswapping,,,,,,,,,,,,,,,,,,,,,,,,,,,,,,,,,,,,,,,,,,,,,,,128,4,378600,3870,246,62,0,left,0,31,31,0,0,,,,,0,2.0,16,31,0,0.0,,,,,,,,,,,,,,,,,,,,,,,,,,,,,,,
1099.481862540997,unswapping,,,,,,,,,,,,,,,,,,,,,,,,,,,,,,,,,,,,,,,,,,,,,,,128,4,378600,3870,246,62,0,left,1,30,30,0,0,,,,,0,2.0,16,30,0,0.0,,,,,,,,,,,,,,,,,,,,,,,,,,,,,,,
1100.4889357499778,unswapping,,,,,,,,,,,,,,,,,,,,,,,,,,,,,,,,,,,,,,,,,,,,,,,128,4,378600,3870,246,62,0,right,0,31,31,0,0,,,,,0,2.0,16,31,0,0.0,,,,,,,,,,,,,,,,,,,,,,,,,,,,,,,
1101.4828068329953,unswapping,,,,,,,,,,,,,,,,,,,,,,,,,,,,,,,,,,,,,,,,,,,,,,,128,4,378600,3870,246,62,0,right,1,30,30,0,0,,,,,0,2.0,16,30,0,0.0,,,,,,,,,,,,,,,,,,,,,,,,,,,,,,,
1101.8574423749815,unswap_cycle_summary,,,,,,,,,,,,65,42,107,,,,,,,,,,,,,,,,,,,512,0.0006,,,,,,,,,,,,,128,4,378600,3870,246,62,,,,,,,,,,,,,,,,,,,,42,14.455547249992378,107,2593,2486,0,False,,,,,,,,,,,,,,,,,,,,,,
1103.9227625000058,rewiring,left,post_unswap,2.001812583010178,1545,False,False,,,,,,,,,,,,,,,,,,,,,,,,,,,,,,,,,,,,,,,,,,,,,,,,,,,,,,,,,,,,,,,,,,42,,,,,,,50,False,0,1,none,0.0,123,2.001808915985748,3.809519583999645,,,,,,,,,,,,,
1105.7302083750255,rewiring,right,post_unswap,1.8072317910264246,1712,False,False,,,,,,,,,,,,,,,,,,,,,,,,,,,,,,,,,,,,,,,,,,,,,,,,,,,,,,,,,,,,,,,,,,42,,,,,,,50,False,0,1,none,0.0,123,1.8072262500063516,3.809519583999645,,,,,,,,,,,,,
1105.8477572909906,cycle_progress,,,,,,,,,,,,65,42,107,,,,,,,,,,,,,,,,,,,512,0.0006,,378600,12,,,,,,,,,,128,4,378600,3870,246,62,,,,,,,,,,,,,,,,,,,,42,,107,2593,2486,0,False,,,,,,,,,3.809519583999645,,,,,,,,,,,,,
1110.8964301249944,unswapping,,,,,,,,,,,,,,,,,,,,,,,,,,,,,,,,,,,,,,,,,,,,,,,128,4,378600,3870,246,62,0,both,0,31,31,0,0,,,,,0,2.0,16,31,0,0.0,,,,,,,,,,,,,,,,,,,,,,,,,,,,,,,
1114.7039926659781,unswapping,,,,,,,,,,,,,,,,,,,,,,,,,,,,,,,,,,,,,,,,,,,,,,,128,4,378600,3870,246,62,0,both,1,30,30,0,0,,,,,0,2.0,16,30,0,0.0,,,,,,,,,,,,,,,,,,,,,,,,,,,,,,,
1117.2883132079733,unswapping,,,,,,,,,,,,,,,,,,,,,,,,,,,,,,,,,,,,,,,,,,,,,,,128,4,378600,3870,246,62,0,left,0,31,31,0,0,,,,,0,2.0,16,31,0,0.0,,,,,,,,,,,,,,,,,,,,,,,,,,,,,,,
1119.5163946659886,unswapping,,,,,,,,,,,,,,,,,,,,,,,,,,,,,,,,,,,,,,,,,,,,,,,128,4,378600,3870,246,62,0,left,1,30,30,0,0,,,,,0,2.0,16,30,0,0.0,,,,,,,,,,,,,,,,,,,,,,,,,,,,,,,
1120.6020097080036,unswapping,,,,,,,,,,,,,,,,,,,,,,,,,,,,,,,,,,,,,,,,,,,,,,,128,4,378600,3870,246,62,0,right,0,31,31,0,0,,,,,0,2.0,16,31,0,0.0,,,,,,,,,,,,,,,,,,,,,,,,,,,,,,,
1121.6552947500022,unswapping,,,,,,,,,,,,,,,,,,,,,,,,,,,,,,,,,,,,,,,,,,,,,,,128,4,378600,3870,246,62,0,right,1,30,30,0,0,,,,,0,2.0,16,30,0,0.0,,,,,,,,,,,,,,,,,,,,,,,,,,,,,,,
1122.0143522499711,unswap_cycle_summary,,,,,,,,,,,,65,42,107,,,,,,,,,,,,,,,,,,,512,0.0006,,,,,,,,,,,,,128,4,378600,3870,246,62,,,,,,,,,,,,,,,,,,,,43,14.65640712500317,107,2593,2486,0,False,,,,,,,,,,,,,,,,,,,,,,
1124.1844262499944,rewiring,left,post_unswap,2.1084077499690466,1545,False,False,,,,,,,,,,,,,,,,,,,,,,,,,,,,,,,,,,,,,,,,,,,,,,,,,,,,,,,,,,,,,,,,,,43,,,,,,,50,False,0,1,none,0.0,123,2.10840216599172,3.4082529580336995,,,,,,,,,,,,,
1125.4839738750015,rewiring,right,post_unswap,1.29935749998549,1712,False,False,,,,,,,,,,,,,,,,,,,,,,,,,,,,,,,,,,,,,,,,,,,,,,,,,,,,,,,,,,,,,,,,,,43,,,,,,,50,False,0,1,none,0.0,123,1.2993535419809632,3.4082529580336995,,,,,,,,,,,,,
1125.6028507080046,cycle_progress,,,,,,,,,,,,65,42,107,,,,,,,,,,,,,,,,,,,512,0.0006,,378600,13,,,,,,,,,,128,4,378600,3870,246,62,,,,,,,,,,,,,,,,,,,,43,,107,2593,2486,0,False,,,,,,,,,3.4082529580336995,,,,,,,,,,,,,
1130.561695499986,unswapping,,,,,,,,,,,,,,,,,,,,,,,,,,,,,,,,,,,,,,,,,,,,,,,128,4,378600,3870,246,62,0,both,0,31,31,0,0,,,,,0,2.0,16,31,0,0.0,,,,,,,,,,,,,,,,,,,,,,,,,,,,,,,
1134.4547254579957,unswapping,,,,,,,,,,,,,,,,,,,,,,,,,,,,,,,,,,,,,,,,,,,,,,,128,4,378600,3870,246,62,0,both,1,30,30,0,0,,,,,0,2.0,16,30,0,0.0,,,,,,,,,,,,,,,,,,,,,,,,,,,,,,,
1136.8960564580048,unswapping,,,,,,,,,,,,,,,,,,,,,,,,,,,,,,,,,,,,,,,,,,,,,,,128,4,378600,3870,246,62,0,left,0,31,31,0,0,,,,,0,2.0,16,31,0,0.0,,,,,,,,,,,,,,,,,,,,,,,,,,,,,,,
1139.1347289159894,unswapping,,,,,,,,,,,,,,,,,,,,,,,,,,,,,,,,,,,,,,,,,,,,,,,128,4,378600,3870,246,62,0,left,1,30,30,0,0,,,,,0,2.0,16,30,0,0.0,,,,,,,,,,,,,,,,,,,,,,,,,,,,,,,
1140.180535625026,unswapping,,,,,,,,,,,,,,,,,,,,,,,,,,,,,,,,,,,,,,,,,,,,,,,128,4,378600,3870,246,62,0,right,0,31,31,0,0,,,,,0,2.0,16,31,0,0.0,,,,,,,,,,,,,,,,,,,,,,,,,,,,,,,
1141.2349557909765,unswapping,,,,,,,,,,,,,,,,,,,,,,,,,,,,,,,,,,,,,,,,,,,,,,,128,4,378600,3870,246,62,0,right,1,30,30,0,0,,,,,0,2.0,16,30,0,0.0,,,,,,,,,,,,,,,,,,,,,,,,,,,,,,,
1141.5998388329754,unswap_cycle_summary,,,,,,,,,,,,65,42,107,,,,,,,,,,,,,,,,,,,512,0.0006,,,,,,,,,,,,,128,4,378600,3870,246,62,,,,,,,,,,,,,,,,,,,,44,14.539942874980625,107,2593,2486,0,False,,,,,,,,,,,,,,,,,,,,,,
1144.1092497499776,rewiring,left,post_unswap,2.4498217499931343,1545,False,False,,,,,,,,,,,,,,,,,,,,,,,,,,,,,,,,,,,,,,,,,,,,,,,,,,,,,,,,,,,,,,,,,,44,,,,,,,50,False,0,1,none,0.0,123,2.449817708984483,3.7897544999723323,,,,,,,,,,,,,
1145.4489469159744,rewiring,right,post_unswap,1.3395257919910364,1712,False,False,,,,,,,,,,,,,,,,,,,,,,,,,,,,,,,,,,,,,,,,,,,,,,,,,,,,,,,,,,,,,,,,,,44,,,,,,,50,False,0,1,none,0.0,123,1.3395224999985658,3.7897544999723323,,,,,,,,,,,,,
1145.5648698330042,cycle_progress,,,,,,,,,,,,65,42,107,,,,,,,,,,,,,,,,,,,512,0.0006,,378600,14,,,,,,,,,,128,4,378600,3870,246,62,,,,,,,,,,,,,,,,,,,,44,,107,2593,2486,0,False,,,,,,,,,3.7897544999723323,,,,,,,,,,,,,
1150.672085749975,unswapping,,,,,,,,,,,,,,,,,,,,,,,,,,,,,,,,,,,,,,,,,,,,,,,128,4,378600,3870,246,62,0,both,0,31,31,0,0,,,,,0,2.0,16,31,0,0.0,,,,,,,,,,,,,,,,,,,,,,,,,,,,,,,
1154.4748337910278,unswapping,,,,,,,,,,,,,,,,,,,,,,,,,,,,,,,,,,,,,,,,,,,,,,,128,4,378600,3870,246,62,0,both,1,30,30,0,0,,,,,0,2.0,16,30,0,0.0,,,,,,,,,,,,,,,,,,,,,,,,,,,,,,,
1156.8806807079818,unswapping,,,,,,,,,,,,,,,,,,,,,,,,,,,,,,,,,,,,,,,,,,,,,,,128,4,378600,3870,246,62,0,left,0,31,31,0,0,,,,,0,2.0,16,31,0,0.0,,,,,,,,,,,,,,,,,,,,,,,,,,,,,,,
1159.0334178329795,unswapping,,,,,,,,,,,,,,,,,,,,,,,,,,,,,,,,,,,,,,,,,,,,,,,128,4,378600,3870,246,62,0,left,1,30,30,0,0,,,,,0,2.0,16,30,0,0.0,,,,,,,,,,,,,,,,,,,,,,,,,,,,,,,
1160.0837989579886,unswapping,,,,,,,,,,,,,,,,,,,,,,,,,,,,,,,,,,,,,,,,,,,,,,,128,4,378600,3870,246,62,0,right,0,31,31,0,0,,,,,0,2.0,16,31,0,0.0,,,,,,,,,,,,,,,,,,,,,,,,,,,,,,,
1161.0916587910033,unswapping,,,,,,,,,,,,,,,,,,,,,,,,,,,,,,,,,,,,,,,,,,,,,,,128,4,378600,3870,246,62,0,right,1,30,30,0,0,,,,,0,2.0,16,30,0,0.0,,,,,,,,,,,,,,,,,,,,,,,,,,,,,,,
1161.4628354160232,unswap_cycle_summary,,,,,,,,,,,,65,42,107,,,,,,,,,,,,,,,,,,,512,0.0006,,,,,,,,,,,,,128,4,378600,3870,246,62,,,,,,,,,,,,,,,,,,,,45,14.452298041025642,107,2593,2486,0,False,,,,,,,,,,,,,,,,,,,,,,
1163.575246124994,rewiring,left,post_unswap,2.0502074169926345,1545,False,False,,,,,,,,,,,,,,,,,,,,,,,,,,,,,,,,,,,,,,,,,,,,,,,,,,,,,,,,,,,,,,,,,,45,,,,,,,50,False,0,1,none,0.0,123,2.0502027090406045,3.901269791997038,,,,,,,,,,,,,
1165.4260387499817,rewiring,right,post_unswap,1.8505886249477044,1712,False,False,,,,,,,,,,,,,,,,,,,,,,,,,,,,,,,,,,,,,,,,,,,,,,,,,,,,,,,,,,,,,,,,,,45,,,,,,,50,False,0,1,none,0.0,123,1.8505847079795785,3.901269791997038,,,,,,,,,,,,,
1165.5492560000275,cycle_progress,,,,,,,,,,,,65,42,107,,,,,,,,,,,,,,,,,,,512,0.0006,,378600,15,,,,,,,,,,128,4,378600,3870,246,62,,,,,,,,,,,,,,,,,,,,45,,107,2593,2486,0,False,,,,,,,,,3.901269791997038,,,,,,,,,,,,,
1170.4354127499973,unswapping,,,,,,,,,,,,,,,,,,,,,,,,,,,,,,,,,,,,,,,,,,,,,,,128,4,378600,3870,246,62,0,both,0,31,31,0,0,,,,,0,2.0,16,31,0,0.0,,,,,,,,,,,,,,,,,,,,,,,,,,,,,,,
1174.2833148749778,unswapping,,,,,,,,,,,,,,,,,,,,,,,,,,,,,,,,,,,,,,,,,,,,,,,128,4,378600,3870,246,62,0,both,1,30,30,0,0,,,,,0,2.0,16,30,0,0.0,,,,,,,,,,,,,,,,,,,,,,,,,,,,,,,
1176.7382414999884,unswapping,,,,,,,,,,,,,,,,,,,,,,,,,,,,,,,,,,,,,,,,,,,,,,,128,4,378600,3870,246,62,0,left,0,31,31,0,0,,,,,0,2.0,16,31,0,0.0,,,,,,,,,,,,,,,,,,,,,,,,,,,,,,,
1178.8362384160282,unswapping,,,,,,,,,,,,,,,,,,,,,,,,,,,,,,,,,,,,,,,,,,,,,,,128,4,378600,3870,246,62,0,left,1,30,30,0,0,,,,,0,2.0,16,30,0,0.0,,,,,,,,,,,,,,,,,,,,,,,,,,,,,,,
1179.8988898749813,unswapping,,,,,,,,,,,,,,,,,,,,,,,,,,,,,,,,,,,,,,,,,,,,,,,128,4,378600,3870,246,62,0,right,0,31,31,0,0,,,,,0,2.0,16,31,0,0.0,,,,,,,,,,,,,,,,,,,,,,,,,,,,,,,
1180.876333083026,unswapping,,,,,,,,,,,,,,,,,,,,,,,,,,,,,,,,,,,,,,,,,,,,,,,128,4,378600,3870,246,62,0,right,1,30,30,0,0,,,,,0,2.0,16,30,0,0.0,,,,,,,,,,,,,,,,,,,,,,,,,,,,,,,
1181.2458488330012,unswap_cycle_summary,,,,,,,,,,,,65,42,107,,,,,,,,,,,,,,,,,,,512,0.0006,,,,,,,,,,,,,128,4,378600,3870,246,62,,,,,,,,,,,,,,,,,,,,46,14.258838416018989,107,2593,2486,0,False,,,,,,,,,,,,,,,,,,,,,,
1182.9139112079865,rewiring,left,post_unswap,1.606508125027176,1545,False,False,,,,,,,,,,,,,,,,,,,,,,,,,,,,,,,,,,,,,,,,,,,,,,,,,,,,,,,,,,,,,,,,,,46,,,,,,,50,False,0,1,none,0.0,123,1.6065022500115447,3.400274540996179,,,,,,,,,,,,,
1184.7074111659895,rewiring,right,post_unswap,1.79331199999433,1712,False,False,,,,,,,,,,,,,,,,,,,,,,,,,,,,,,,,,,,,,,,,,,,,,,,,,,,,,,,,,,,,,,,,,,46,,,,,,,50,False,0,1,none,0.0,123,1.7933083749958314,3.400274540996179,,,,,,,,,,,,,
1184.8276451660204,cycle_progress,,,,,,,,,,,,65,42,107,,,,,,,,,,,,,,,,,,,512,0.0006,,378600,16,,,,,,,,,,128,4,378600,3870,246,62,,,,,,,,,,,,,,,,,,,,46,,107,2593,2486,0,False,,,,,,,,,3.400274540996179,,,,,,,,,,,,,
1189.6983013330027,unswapping,,,,,,,,,,,,,,,,,,,,,,,,,,,,,,,,,,,,,,,,,,,,,,,128,4,378600,3870,246,62,0,both,0,31,31,0,0,,,,,0,2.0,16,31,0,0.0,,,,,,,,,,,,,,,,,,,,,,,,,,,,,,,
1193.500800291018,unswapping,,,,,,,,,,,,,,,,,,,,,,,,,,,,,,,,,,,,,,,,,,,,,,,128,4,378600,3870,246,62,0,both,1,30,30,0,0,,,,,0,2.0,16,30,0,0.0,,,,,,,,,,,,,,,,,,,,,,,,,,,,,,,
1195.960991083004,unswapping,,,,,,,,,,,,,,,,,,,,,,,,,,,,,,,,,,,,,,,,,,,,,,,128,4,378600,3870,246,62,0,left,0,31,31,0,0,,,,,0,2.0,16,31,0,0.0,,,,,,,,,,,,,,,,,,,,,,,,,,,,,,,
1198.2161990000168,unswapping,,,,,,,,,,,,,,,,,,,,,,,,,,,,,,,,,,,,,,,,,,,,,,,128,4,378600,3870,246,62,0,left,1,30,30,0,0,,,,,0,2.0,16,30,0,0.0,,,,,,,,,,,,,,,,,,,,,,,,,,,,,,,
1199.2511117910035,unswapping,,,,,,,,,,,,,,,,,,,,,,,,,,,,,,,,,,,,,,,,,,,,,,,128,4,378600,3870,246,62,0,right,0,31,31,0,0,,,,,0,2.0,16,31,0,0.0,,,,,,,,,,,,,,,,,,,,,,,,,,,,,,,
1200.204351415974,unswapping,,,,,,,,,,,,,,,,,,,,,,,,,,,,,,,,,,,,,,,,,,,,,,,128,4,378600,3870,246,62,0,right,1,30,30,0,0,,,,,0,2.0,16,30,0,0.0,,,,,,,,,,,,,,,,,,,,,,,,,,,,,,,
1200.5675761249731,unswap_cycle_summary,,,,,,,,,,,,65,42,107,,,,,,,,,,,,,,,,,,,512,0.0006,,,,,,,,,,,,,128,4,378600,3870,246,62,,,,,,,,,,,,,,,,,,,,47,14.279373041994404,107,2593,2486,0,False,,,,,,,,,,,,,,,,,,,,,,
1202.7317178330268,rewiring,left,post_unswap,2.1037004160461947,1545,False,False,,,,,,,,,,,,,,,,,,,,,,,,,,,,,,,,,,,,,,,,,,,,,,,,,,,,,,,,,,,,,,,,,,47,,,,,,,50,False,0,1,none,0.0,123,2.103696541977115,3.422563457977958,,,,,,,,,,,,,
1204.0502826250158,rewiring,right,post_unswap,1.3183312499895692,1712,False,False,,,,,,,,,,,,,,,,,,,,,,,,,,,,,,,,,,,,,,,,,,,,,,,,,,,,,,,,,,,,,,,,,,47,,,,,,,50,False,0,1,none,0.0,123,1.3183262500097044,3.422563457977958,,,,,,,,,,,,,
1204.1721072500222,cycle_progress,,,,,,,,,,,,65,42,107,,,,,,,,,,,,,,,,,,,512,0.0006,,378600,17,,,,,,,,,,128,4,378600,3870,246,62,,,,,,,,,,,,,,,,,,,,47,,107,2593,2486,0,False,,,,,,,,,3.422563457977958,,,,,,,,,,,,,
1209.086901750008,unswapping,,,,,,,,,,,,,,,,,,,,,,,,,,,,,,,,,,,,,,,,,,,,,,,128,4,378600,3870,246,62,0,both,0,31,31,0,0,,,,,0,2.0,16,31,0,0.0,,,,,,,,,,,,,,,,,,,,,,,,,,,,,,,
1213.045072916022,unswapping,,,,,,,,,,,,,,,,,,,,,,,,,,,,,,,,,,,,,,,,,,,,,,,128,4,378600,3870,246,62,0,both,1,30,30,0,0,,,,,0,2.0,16,30,0,0.0,,,,,,,,,,,,,,,,,,,,,,,,,,,,,,,
1215.667448416003,unswapping,,,,,,,,,,,,,,,,,,,,,,,,,,,,,,,,,,,,,,,,,,,,,,,128,4,378600,3870,246,62,0,left,0,31,31,0,0,,,,,0,2.0,16,31,0,0.0,,,,,,,,,,,,,,,,,,,,,,,,,,,,,,,
1217.9249533329858,unswapping,,,,,,,,,,,,,,,,,,,,,,,,,,,,,,,,,,,,,,,,,,,,,,,128,4,378600,3870,246,62,0,left,1,30,30,0,0,,,,,0,2.0,16,30,0,0.0,,,,,,,,,,,,,,,,,,,,,,,,,,,,,,,
1218.9888596659875,unswapping,,,,,,,,,,,,,,,,,,,,,,,,,,,,,,,,,,,,,,,,,,,,,,,128,4,378600,3870,246,62,0,right,0,31,31,0,0,,,,,0,2.0,16,31,0,0.0,,,,,,,,,,,,,,,,,,,,,,,,,,,,,,,
1219.9668769160053,unswapping,,,,,,,,,,,,,,,,,,,,,,,,,,,,,,,,,,,,,,,,,,,,,,,128,4,378600,3870,246,62,0,right,1,30,30,0,0,,,,,0,2.0,16,30,0,0.0,,,,,,,,,,,,,,,,,,,,,,,,,,,,,,,
1220.33221629099,unswap_cycle_summary,,,,,,,,,,,,65,42,107,,,,,,,,,,,,,,,,,,,512,0.0006,,,,,,,,,,,,,128,4,378600,3870,246,62,,,,,,,,,,,,,,,,,,,,48,14.69302216602955,107,2593,2486,0,False,,,,,,,,,,,,,,,,,,,,,,
1222.9016224999796,rewiring,left,post_unswap,2.5100384579855017,1545,False,False,,,,,,,,,,,,,,,,,,,,,,,,,,,,,,,,,,,,,,,,,,,,,,,,,,,,,,,,,,,,,,,,,,48,,,,,,,50,False,0,1,none,0.0,123,2.5100329170236364,3.8564625839935616,,,,,,,,,,,,,
1224.2477866249974,rewiring,right,post_unswap,1.3459707080037333,1712,False,False,,,,,,,,,,,,,,,,,,,,,,,,,,,,,,,,,,,,,,,,,,,,,,,,,,,,,,,,,,,,,,,,,,48,,,,,,,50,False,0,1,none,0.0,123,1.3459657920175232,3.8564625839935616,,,,,,,,,,,,,
1224.3677517080214,cycle_progress,,,,,,,,,,,,65,42,107,,,,,,,,,,,,,,,,,,,512,0.0006,,378600,18,,,,,,,,,,128,4,378600,3870,246,62,,,,,,,,,,,,,,,,,,,,48,,107,2593,2486,0,False,,,,,,,,,3.8564625839935616,,,,,,,,,,,,,
1229.452591750014,unswapping,,,,,,,,,,,,,,,,,,,,,,,,,,,,,,,,,,,,,,,,,,,,,,,128,4,378600,3870,246,62,0,both,0,31,31,0,0,,,,,0,2.0,16,31,0,0.0,,,,,,,,,,,,,,,,,,,,,,,,,,,,,,,
1233.298264208017,unswapping,,,,,,,,,,,,,,,,,,,,,,,,,,,,,,,,,,,,,,,,,,,,,,,128,4,378600,3870,246,62,0,both,1,30,30,0,0,,,,,0,2.0,16,30,0,0.0,,,,,,,,,,,,,,,,,,,,,,,,,,,,,,,
1235.8416497500148,unswapping,,,,,,,,,,,,,,,,,,,,,,,,,,,,,,,,,,,,,,,,,,,,,,,128,4,378600,3870,246,62,0,left,0,31,31,0,0,,,,,0,2.0,16,31,0,0.0,,,,,,,,,,,,,,,,,,,,,,,,,,,,,,,
1238.1179854579968,unswapping,,,,,,,,,,,,,,,,,,,,,,,,,,,,,,,,,,,,,,,,,,,,,,,128,4,378600,3870,246,62,0,left,1,30,30,0,0,,,,,0,2.0,16,30,0,0.0,,,,,,,,,,,,,,,,,,,,,,,,,,,,,,,
1239.155627915985,unswapping,,,,,,,,,,,,,,,,,,,,,,,,,,,,,,,,,,,,,,,,,,,,,,,128,4,378600,3870,246,62,0,right,0,31,31,0,0,,,,,0,2.0,16,31,0,0.0,,,,,,,,,,,,,,,,,,,,,,,,,,,,,,,
1240.1594594580238,unswapping,,,,,,,,,,,,,,,,,,,,,,,,,,,,,,,,,,,,,,,,,,,,,,,128,4,378600,3870,246,62,0,right,1,30,30,0,0,,,,,0,2.0,16,30,0,0.0,,,,,,,,,,,,,,,,,,,,,,,,,,,,,,,
1240.5309558750014,unswap_cycle_summary,,,,,,,,,,,,65,42,107,,,,,,,,,,,,,,,,,,,512,0.0006,,,,,,,,,,,,,128,4,378600,3870,246,62,,,,,,,,,,,,,,,,,,,,49,14.628655291977338,107,2593,2486,0,False,,,,,,,,,,,,,,,,,,,,,,
1242.657399290998,rewiring,left,post_unswap,2.065087749972008,1545,False,False,,,,,,,,,,,,,,,,,,,,,,,,,,,,,,,,,,,,,,,,,,,,,,,,,,,,,,,,,,,,,,,,,,49,,,,,,,50,False,0,1,none,0.0,123,2.065083166991826,3.9210360840079375,,,,,,,,,,,,,
1244.5131170409732,rewiring,right,post_unswap,1.8555420420016162,1712,False,False,,,,,,,,,,,,,,,,,,,,,,,,,,,,,,,,,,,,,,,,,,,,,,,,,,,,,,,,,,,,,,,,,,49,,,,,,,50,False,0,1,none,0.0,123,1.8555382500053383,3.9210360840079375,,,,,,,,,,,,,
1244.6318630410242,cycle_progress,,,,,,,,,,,,65,42,107,,,,,,,,,,,,,,,,,,,512,0.0006,,378600,19,,,,,,,,,,128,4,378600,3870,246,62,,,,,,,,,,,,,,,,,,,,49,,107,2593,2486,0,False,,,,,,,,,3.9210360840079375,,,,,,,,,,,,,
1249.448189000017,unswapping,,,,,,,,,,,,,,,,,,,,,,,,,,,,,,,,,,,,,,,,,,,,,,,128,4,378600,3870,246,62,0,both,0,31,31,0,0,,,,,0,2.0,16,31,0,0.0,,,,,,,,,,,,,,,,,,,,,,,,,,,,,,,
1252.7545519159758,unswapping,,,,,,,,,,,,,,,,,,,,,,,,,,,,,,,,,,,,,,,,,,,,,,,128,4,378600,3870,246,62,0,both,1,30,30,0,0,,,,,0,2.0,16,30,0,0.0,,,,,,,,,,,,,,,,,,,,,,,,,,,,,,,
1254.9800125409965,unswapping,,,,,,,,,,,,,,,,,,,,,,,,,,,,,,,,,,,,,,,,,,,,,,,128,4,378600,3870,246,62,0,left,0,31,31,0,0,,,,,0,2.0,16,31,0,0.0,,,,,,,,,,,,,,,,,,,,,,,,,,,,,,,
1256.976766708016,unswapping,,,,,,,,,,,,,,,,,,,,,,,,,,,,,,,,,,,,,,,,,,,,,,,128,4,378600,3870,246,62,0,left,1,30,30,0,0,,,,,0,2.0,16,30,0,0.0,,,,,,,,,,,,,,,,,,,,,,,,,,,,,,,
1257.955272458028,unswapping,,,,,,,,,,,,,,,,,,,,,,,,,,,,,,,,,,,,,,,,,,,,,,,128,4,378600,3870,246,62,0,right,0,31,31,0,0,,,,,0,2.0,16,31,0,0.0,,,,,,,,,,,,,,,,,,,,,,,,,,,,,,,
1258.8639324160176,unswapping,,,,,,,,,,,,,,,,,,,,,,,,,,,,,,,,,,,,,,,,,,,,,,,128,4,378600,3870,246,62,0,right,1,30,30,0,0,,,,,0,2.0,16,30,0,0.0,,,,,,,,,,,,,,,,,,,,,,,,,,,,,,,
1259.2410747910035,unswap_cycle_summary,,,,,,,,,,,,65,42,107,,,,,,,,,,,,,,,,,,,512,0.0006,,,,,,,,,,,,,128,4,378600,3870,246,62,,,,,,,,,,,,,,,,,,,,50,13.062462333007716,107,2593,2486,0,False,,,,,,,,,,,,,,,,,,,,,,
1260.925466249988,rewiring,left,post_unswap,1.6220662090345286,1545,False,False,,,,,,,,,,,,,,,,,,,,,,,,,,,,,,,,,,,,,,,,,,,,,,,,,,,,,,,,,,,,,,,,,,50,,,,,,,50,False,0,1,none,0.0,123,1.622061832982581,3.3282927090185694,,,,,,,,,,,,,
1262.6314271250158,rewiring,right,post_unswap,1.7057667500339448,1712,False,False,,,,,,,,,,,,,,,,,,,,,,,,,,,,,,,,,,,,,,,,,,,,,,,,,,,,,,,,,,,,,,,,,,50,,,,,,,50,False,0,1,none,0.0,123,1.7057631249772385,3.3282927090185694,,,,,,,,,,,,,
1262.7528668749728,cycle_progress,,,,,,,,,,,,65,42,107,,,,,,,,,,,,,,,,,,,512,0.0006,,378600,20,,,,,,,,,,128,4,378600,3870,246,62,,,,,,,,,,,,,,,,,,,,50,,107,2593,2486,0,False,,,,,,,,,3.3282927090185694,,,,,,,,,,,,,
1267.366356457991,unswapping,,,,,,,,,,,,,,,,,,,,,,,,,,,,,,,,,,,,,,,,,,,,,,,128,4,378600,3870,246,62,0,both,0,31,31,0,0,,,,,0,2.0,16,31,0,0.0,,,,,,,,,,,,,,,,,,,,,,,,,,,,,,,
1270.880956790992,unswapping,,,,,,,,,,,,,,,,,,,,,,,,,,,,,,,,,,,,,,,,,,,,,,,128,4,378600,3870,246,62,0,both,1,30,30,0,0,,,,,0,2.0,16,30,0,0.0,,,,,,,,,,,,,,,,,,,,,,,,,,,,,,,
1273.1239841660135,unswapping,,,,,,,,,,,,,,,,,,,,,,,,,,,,,,,,,,,,,,,,,,,,,,,128,4,378600,3870,246,62,0,left,0,31,31,0,0,,,,,0,2.0,16,31,0,0.0,,,,,,,,,,,,,,,,,,,,,,,,,,,,,,,
1275.1988548749941,unswapping,,,,,,,,,,,,,,,,,,,,,,,,,,,,,,,,,,,,,,,,,,,,,,,128,4,378600,3870,246,62,0,left,1,30,30,0,0,,,,,0,2.0,16,30,0,0.0,,,,,,,,,,,,,,,,,,,,,,,,,,,,,,,
1276.1393348330166,unswapping,,,,,,,,,,,,,,,,,,,,,,,,,,,,,,,,,,,,,,,,,,,,,,,128,4,378600,3870,246,62,0,right,0,31,31,0,0,,,,,0,2.0,16,31,0,0.0,,,,,,,,,,,,,,,,,,,,,,,,,,,,,,,
1277.0265112500056,unswapping,,,,,,,,,,,,,,,,,,,,,,,,,,,,,,,,,,,,,,,,,,,,,,,128,4,378600,3870,246,62,0,right,1,30,30,0,0,,,,,0,2.0,16,30,0,0.0,,,,,,,,,,,,,,,,,,,,,,,,,,,,,,,
1277.403381458018,unswap_cycle_summary,,,,,,,,,,,,65,42,107,,,,,,,,,,,,,,,,,,,512,0.0006,,,,,,,,,,,,,128,4,378600,3870,246,62,,,,,,,,,,,,,,,,,,,,51,13.251330917002633,107,2593,2486,0,False,,,,,,,,,,,,,,,,,,,,,,
1279.5150840409915,rewiring,left,post_unswap,2.0496194169973023,1545,False,False,,,,,,,,,,,,,,,,,,,,,,,,,,,,,,,,,,,,,,,,,,,,,,,,,,,,,,,,,,,,,,,,,,51,,,,,,,50,False,0,1,none,0.0,123,2.0496139169554226,3.3018075000145473,,,,,,,,,,,,,
1280.767004165973,rewiring,right,post_unswap,1.2517148749902844,1712,False,False,,,,,,,,,,,,,,,,,,,,,,,,,,,,,,,,,,,,,,,,,,,,,,,,,,,,,,,,,,,,,,,,,,51,,,,,,,50,False,0,1,none,0.0,123,1.251710583048407,3.3018075000145473,,,,,,,,,,,,,
1280.889580707997,cycle_progress,,,,,,,,,,,,65,42,107,,,,,,,,,,,,,,,,,,,512,0.0006,,378600,21,,,,,,,,,,128,4,378600,3870,246,62,,,,,,,,,,,,,,,,,,,,51,,107,2593,2486,0,False,,,,,,,,,3.3018075000145473,,,,,,,,,,,,,
1285.2381811250234,unswapping,,,,,,,,,,,,,,,,,,,,,,,,,,,,,,,,,,,,,,,,,,,,,,,128,4,378600,3870,246,62,0,both,0,31,31,0,0,,,,,0,2.0,16,31,0,0.0,,,,,,,,,,,,,,,,,,,,,,,,,,,,,,,
1288.6595520830015,unswapping,,,,,,,,,,,,,,,,,,,,,,,,,,,,,,,,,,,,,,,,,,,,,,,128,4,378600,3870,246,62,0,both,1,30,30,0,0,,,,,0,2.0,16,30,0,0.0,,,,,,,,,,,,,,,,,,,,,,,,,,,,,,,
1290.6864729999797,unswapping,,,,,,,,,,,,,,,,,,,,,,,,,,,,,,,,,,,,,,,,,,,,,,,128,4,378600,3870,246,62,0,left,0,31,31,0,0,,,,,0,2.0,16,31,0,0.0,,,,,,,,,,,,,,,,,,,,,,,,,,,,,,,
1292.5847788330284,unswapping,,,,,,,,,,,,,,,,,,,,,,,,,,,,,,,,,,,,,,,,,,,,,,,128,4,378600,3870,246,62,0,left,1,30,30,0,0,,,,,0,2.0,16,30,0,0.0,,,,,,,,,,,,,,,,,,,,,,,,,,,,,,,
1293.5080854159896,unswapping,,,,,,,,,,,,,,,,,,,,,,,,,,,,,,,,,,,,,,,,,,,,,,,128,4,378600,3870,246,62,0,right,0,31,31,0,0,,,,,0,2.0,16,31,0,0.0,,,,,,,,,,,,,,,,,,,,,,,,,,,,,,,
1294.3800365829957,unswapping,,,,,,,,,,,,,,,,,,,,,,,,,,,,,,,,,,,,,,,,,,,,,,,128,4,378600,3870,246,62,0,right,1,30,30,0,0,,,,,0,2.0,16,30,0,0.0,,,,,,,,,,,,,,,,,,,,,,,,,,,,,,,
1294.7575959580136,unswap_cycle_summary,,,,,,,,,,,,65,42,107,,,,,,,,,,,,,,,,,,,512,0.0006,,,,,,,,,,,,,128,4,378600,3870,246,62,,,,,,,,,,,,,,,,,,,,52,12.544114499993157,107,2593,2486,0,False,,,,,,,,,,,,,,,,,,,,,,
1297.2473717079847,rewiring,left,post_unswap,2.4256014169659466,1545,False,False,,,,,,,,,,,,,,,,,,,,,,,,,,,,,,,,,,,,,,,,,,,,,,,,,,,,,,,,,,,,,,,,,,52,,,,,,,50,False,0,1,none,0.0,123,2.4255949999787845,3.7141277079936117,,,,,,,,,,,,,
1298.535639166017,rewiring,right,post_unswap,1.2880961670307443,1712,False,False,,,,,,,,,,,,,,,,,,,,,,,,,,,,,,,,,,,,,,,,,,,,,,,,,,,,,,,,,,,,,,,,,,52,,,,,,,50,False,0,1,none,0.0,123,1.2880920830066316,3.7141277079936117,,,,,,,,,,,,,
1298.6539210409974,cycle_progress,,,,,,,,,,,,65,42,107,,,,,,,,,,,,,,,,,,,512,0.0006,,378600,22,,,,,,,,,,128,4,378600,3870,246,62,,,,,,,,,,,,,,,,,,,,52,,107,2593,2486,0,False,,,,,,,,,3.7141277079936117,,,,,,,,,,,,,
1302.9843345829868,unswapping,,,,,,,,,,,,,,,,,,,,,,,,,,,,,,,,,,,,,,,,,,,,,,,128,4,378600,3870,246,62,0,both,0,31,31,0,0,,,,,0,2.0,16,31,0,0.0,,,,,,,,,,,,,,,,,,,,,,,,,,,,,,,
1306.3822844160022,unswapping,,,,,,,,,,,,,,,,,,,,,,,,,,,,,,,,,,,,,,,,,,,,,,,128,4,378600,3870,246,62,0,both,1,30,30,0,0,,,,,0,2.0,16,30,0,0.0,,,,,,,,,,,,,,,,,,,,,,,,,,,,,,,
1308.4933397080167,unswapping,,,,,,,,,,,,,,,,,,,,,,,,,,,,,,,,,,,,,,,,,,,,,,,128,4,378600,3870,246,62,0,left,0,31,31,0,0,,,,,0,2.0,16,31,0,0.0,,,,,,,,,,,,,,,,,,,,,,,,,,,,,,,
1310.3492521659937,unswapping,,,,,,,,,,,,,,,,,,,,,,,,,,,,,,,,,,,,,,,,,,,,,,,128,4,378600,3870,246,62,0,left,1,30,30,0,0,,,,,0,2.0,16,30,0,0.0,,,,,,,,,,,,,,,,,,,,,,,,,,,,,,,
1311.2616668749833,unswapping,,,,,,,,,,,,,,,,,,,,,,,,,,,,,,,,,,,,,,,,,,,,,,,128,4,378600,3870,246,62,0,right,0,31,31,0,0,,,,,0,2.0,16,31,0,0.0,,,,,,,,,,,,,,,,,,,,,,,,,,,,,,,
1312.1452575000003,unswapping,,,,,,,,,,,,,,,,,,,,,,,,,,,,,,,,,,,,,,,,,,,,,,,128,4,378600,3870,246,62,0,right,1,30,30,0,0,,,,,0,2.0,16,30,0,0.0,,,,,,,,,,,,,,,,,,,,,,,,,,,,,,,
1312.526345665974,unswap_cycle_summary,,,,,,,,,,,,65,42,107,,,,,,,,,,,,,,,,,,,512,0.0006,,,,,,,,,,,,,128,4,378600,3870,246,62,,,,,,,,,,,,,,,,,,,,53,12.574139082978945,107,2593,2486,0,False,,,,,,,,,,,,,,,,,,,,,,
1314.606917875004,rewiring,left,post_unswap,2.0171777079813182,1545,False,False,,,,,,,,,,,,,,,,,,,,,,,,,,,,,,,,,,,,,,,,,,,,,,,,,,,,,,,,,,,,,,,,,,53,,,,,,,50,False,0,1,none,0.0,123,2.0171734589966945,3.845834792009555,,,,,,,,,,,,,
1316.4353307500132,rewiring,right,post_unswap,1.828216457972303,1712,False,False,,,,,,,,,,,,,,,,,,,,,,,,,,,,,,,,,,,,,,,,,,,,,,,,,,,,,,,,,,,,,,,,,,53,,,,,,,50,False,0,1,none,0.0,123,1.8282130419975147,3.845834792009555,,,,,,,,,,,,,
1316.5604239579989,cycle_progress,,,,,,,,,,,,65,42,107,,,,,,,,,,,,,,,,,,,512,0.0006,,378600,23,,,,,,,,,,128,4,378600,3870,246,62,,,,,,,,,,,,,,,,,,,,53,,107,2593,2486,0,False,,,,,,,,,3.845834792009555,,,,,,,,,,,,,
1320.8821159580257,unswapping,,,,,,,,,,,,,,,,,,,,,,,,,,,,,,,,,,,,,,,,,,,,,,,128,4,378600,3870,246,62,0,both,0,31,31,0,0,,,,,0,2.0,16,31,0,0.0,,,,,,,,,,,,,,,,,,,,,,,,,,,,,,,
1324.3300298330141,unswapping,,,,,,,,,,,,,,,,,,,,,,,,,,,,,,,,,,,,,,,,,,,,,,,128,4,378600,3870,246,62,0,both,1,30,30,0,0,,,,,0,2.0,16,30,0,0.0,,,,,,,,,,,,,,,,,,,,,,,,,,,,,,,
1326.4264005830046,unswapping,,,,,,,,,,,,,,,,,,,,,,,,,,,,,,,,,,,,,,,,,,,,,,,128,4,378600,3870,246,62,0,left,0,31,31,0,0,,,,,0,2.0,16,31,0,0.0,,,,,,,,,,,,,,,,,,,,,,,,,,,,,,,
1328.2525915830047,unswapping,,,,,,,,,,,,,,,,,,,,,,,,,,,,,,,,,,,,,,,,,,,,,,,128,4,378600,3870,246,62,0,left,1,30,30,0,0,,,,,0,2.0,16,30,0,0.0,,,,,,,,,,,,,,,,,,,,,,,,,,,,,,,
1329.1883720409824,unswapping,,,,,,,,,,,,,,,,,,,,,,,,,,,,,,,,,,,,,,,,,,,,,,,128,4,378600,3870,246,62,0,right,0,31,31,0,0,,,,,0,2.0,16,31,0,0.0,,,,,,,,,,,,,,,,,,,,,,,,,,,,,,,
1330.082021582988,unswapping,,,,,,,,,,,,,,,,,,,,,,,,,,,,,,,,,,,,,,,,,,,,,,,128,4,378600,3870,246,62,0,right,1,30,30,0,0,,,,,0,2.0,16,30,0,0.0,,,,,,,,,,,,,,,,,,,,,,,,,,,,,,,
1330.4781135409721,unswap_cycle_summary,,,,,,,,,,,,65,42,107,,,,,,,,,,,,,,,,,,,512,0.0006,,,,,,,,,,,,,128,4,378600,3870,246,62,,,,,,,,,,,,,,,,,,,,54,12.608466249948833,107,2593,2486,0,False,,,,,,,,,,,,,,,,,,,,,,
1332.1485955829849,rewiring,left,post_unswap,1.6068748750258237,1545,False,False,,,,,,,,,,,,,,,,,,,,,,,,,,,,,,,,,,,,,,,,,,,,,,,,,,,,,,,,,,,,,,,,,,54,,,,,,,50,False,0,1,none,0.0,123,1.6068702499615029,3.406806500046514,,,,,,,,,,,,,
1333.94825424999,rewiring,right,post_unswap,1.7994740839931183,1712,False,False,,,,,,,,,,,,,,,,,,,,,,,,,,,,,,,,,,,,,,,,,,,,,,,,,,,,,,,,,,,,,,,,,,54,,,,,,,50,False,0,1,none,0.0,123,1.7994694999651983,3.406806500046514,,,,,,,,,,,,,
1334.0746512499754,cycle_progress,,,,,,,,,,,,65,42,107,,,,,,,,,,,,,,,,,,,512,0.0006,,378600,24,,,,,,,,,,128,4,378600,3870,246,62,,,,,,,,,,,,,,,,,,,,54,,107,2593,2486,0,False,,,,,,,,,3.406806500046514,,,,,,,,,,,,,
1338.3269075829885,unswapping,,,,,,,,,,,,,,,,,,,,,,,,,,,,,,,,,,,,,,,,,,,,,,,128,4,378600,3870,246,62,0,both,0,31,31,0,0,,,,,0,2.0,16,31,0,0.0,,,,,,,,,,,,,,,,,,,,,,,,,,,,,,,
1341.7443041250226,unswapping,,,,,,,,,,,,,,,,,,,,,,,,,,,,,,,,,,,,,,,,,,,,,,,128,4,378600,3870,246,62,0,both,1,30,30,0,0,,,,,0,2.0,16,30,0,0.0,,,,,,,,,,,,,,,,,,,,,,,,,,,,,,,
1343.868357624975,unswapping,,,,,,,,,,,,,,,,,,,,,,,,,,,,,,,,,,,,,,,,,,,,,,,128,4,378600,3870,246,62,0,left,0,31,31,0,0,,,,,0,2.0,16,31,0,0.0,,,,,,,,,,,,,,,,,,,,,,,,,,,,,,,
1345.669658290979,unswapping,,,,,,,,,,,,,,,,,,,,,,,,,,,,,,,,,,,,,,,,,,,,,,,128,4,378600,3870,246,62,0,left,1,30,30,0,0,,,,,0,2.0,16,30,0,0.0,,,,,,,,,,,,,,,,,,,,,,,,,,,,,,,
1346.5617884999956,unswapping,,,,,,,,,,,,,,,,,,,,,,,,,,,,,,,,,,,,,,,,,,,,,,,128,4,378600,3870,246,62,0,right,0,31,31,0,0,,,,,0,2.0,16,31,0,0.0,,,,,,,,,,,,,,,,,,,,,,,,,,,,,,,
1347.4080697079771,unswapping,,,,,,,,,,,,,,,,,,,,,,,,,,,,,,,,,,,,,,,,,,,,,,,128,4,378600,3870,246,62,0,right,1,30,30,0,0,,,,,0,2.0,16,30,0,0.0,,,,,,,,,,,,,,,,,,,,,,,,,,,,,,,
1347.7871486250078,unswap_cycle_summary,,,,,,,,,,,,65,42,107,,,,,,,,,,,,,,,,,,,512,0.0006,,,,,,,,,,,,,128,4,378600,3870,246,62,,,,,,,,,,,,,,,,,,,,55,12.383893124992028,107,2593,2486,0,False,,,,,,,,,,,,,,,,,,,,,,
1349.900459291006,rewiring,left,post_unswap,2.0486845420091413,1545,False,False,,,,,,,,,,,,,,,,,,,,,,,,,,,,,,,,,,,,,,,,,,,,,,,,,,,,,,,,,,,,,,,,,,55,,,,,,,50,False,0,1,none,0.0,123,2.048679750005249,3.3370027919881977,,,,,,,,,,,,,
1351.1884924159967,rewiring,right,post_unswap,1.287826625048183,1712,False,False,,,,,,,,,,,,,,,,,,,,,,,,,,,,,,,,,,,,,,,,,,,,,,,,,,,,,,,,,,,,,,,,,,55,,,,,,,50,False,0,1,none,0.0,123,1.287822708953172,3.3370027919881977,,,,,,,,,,,,,
1351.315432791016,cycle_progress,,,,,,,,,,,,65,42,107,,,,,,,,,,,,,,,,,,,512,0.0006,,378600,25,,,,,,,,,,128,4,378600,3870,246,62,,,,,,,,,,,,,,,,,,,,55,,107,2593,2486,0,False,,,,,,,,,3.3370027919881977,,,,,,,,,,,,,
1355.507614083006,unswapping,,,,,,,,,,,,,,,,,,,,,,,,,,,,,,,,,,,,,,,,,,,,,,,128,4,378600,3870,246,62,0,both,0,31,31,0,0,,,,,0,2.0,16,31,0,0.0,,,,,,,,,,,,,,,,,,,,,,,,,,,,,,,
1358.8931248749723,unswapping,,,,,,,,,,,,,,,,,,,,,,,,,,,,,,,,,,,,,,,,,,,,,,,128,4,378600,3870,246,62,0,both,1,30,30,0,0,,,,,0,2.0,16,30,0,0.0,,,,,,,,,,,,,,,,,,,,,,,,,,,,,,,
1360.9684002079885,unswapping,,,,,,,,,,,,,,,,,,,,,,,,,,,,,,,,,,,,,,,,,,,,,,,128,4,378600,3870,246,62,0,left,0,31,31,0,0,,,,,0,2.0,16,31,0,0.0,,,,,,,,,,,,,,,,,,,,,,,,,,,,,,,
1362.7500004579779,unswapping,,,,,,,,,,,,,,,,,,,,,,,,,,,,,,,,,,,,,,,,,,,,,,,128,4,378600,3870,246,62,0,left,1,30,30,0,0,,,,,0,2.0,16,30,0,0.0,,,,,,,,,,,,,,,,,,,,,,,,,,,,,,,
1363.594488749979,unswapping,,,,,,,,,,,,,,,,,,,,,,,,,,,,,,,,,,,,,,,,,,,,,,,128,4,378600,3870,246,62,0,right,0,31,31,0,0,,,,,0,2.0,16,31,0,0.0,,,,,,,,,,,,,,,,,,,,,,,,,,,,,,,
1364.4341089579975,unswapping,,,,,,,,,,,,,,,,,,,,,,,,,,,,,,,,,,,,,,,,,,,,,,,128,4,378600,3870,246,62,0,right,1,30,30,0,0,,,,,0,2.0,16,30,0,0.0,,,,,,,,,,,,,,,,,,,,,,,,,,,,,,,
1364.8187630409957,unswap_cycle_summary,,,,,,,,,,,,65,42,107,,,,,,,,,,,,,,,,,,,512,0.0006,,,,,,,,,,,,,128,4,378600,3870,246,62,,,,,,,,,,,,,,,,,,,,56,12.156822125019971,107,2593,2486,0,False,,,,,,,,,,,,,,,,,,,,,,
1367.2654302910087,rewiring,left,post_unswap,2.385049375006929,1545,False,False,,,,,,,,,,,,,,,,,,,,,,,,,,,,,,,,,,,,,,,,,,,,,,,,,,,,,,,,,,,,,,,,,,56,,,,,,,50,False,0,1,none,0.0,123,2.385044499998912,3.660570874984842,,,,,,,,,,,,,
1368.5406936249929,rewiring,right,post_unswap,1.2750736660091206,1712,False,False,,,,,,,,,,,,,,,,,,,,,,,,,,,,,,,,,,,,,,,,,,,,,,,,,,,,,,,,,,,,,,,,,,56,,,,,,,50,False,0,1,none,0.0,123,1.2750702500343323,3.660570874984842,,,,,,,,,,,,,
1368.6656951250043,cycle_progress,,,,,,,,,,,,65,42,107,,,,,,,,,,,,,,,,,,,512,0.0006,,378600,26,,,,,,,,,,128,4,378600,3870,246,62,,,,,,,,,,,,,,,,,,,,56,,107,2593,2486,0,False,,,,,,,,,3.660570874984842,,,,,,,,,,,,,
1372.6986664999858,unswapping,,,,,,,,,,,,,,,,,,,,,,,,,,,,,,,,,,,,,,,,,,,,,,,128,4,378600,3870,246,62,0,both,0,31,31,0,0,,,,,0,2.0,16,31,0,0.0,,,,,,,,,,,,,,,,,,,,,,,,,,,,,,,
1376.0189831249882,unswapping,,,,,,,,,,,,,,,,,,,,,,,,,,,,,,,,,,,,,,,,,,,,,,,128,4,378600,3870,246,62,0,both,1,30,30,0,0,,,,,0,2.0,16,30,0,0.0,,,,,,,,,,,,,,,,,,,,,,,,,,,,,,,
1378.090631207975,unswapping,,,,,,,,,,,,,,,,,,,,,,,,,,,,,,,,,,,,,,,,,,,,,,,128,4,378600,3870,246,62,0,left,0,31,31,0,0,,,,,0,2.0,16,31,0,0.0,,,,,,,,,,,,,,,,,,,,,,,,,,,,,,,
1379.8939223749912,unswapping,,,,,,,,,,,,,,,,,,,,,,,,,,,,,,,,,,,,,,,,,,,,,,,128,4,378600,3870,246,62,0,left,1,30,30,0,0,,,,,0,2.0,16,30,0,0.0,,,,,,,,,,,,,,,,,,,,,,,,,,,,,,,
1380.7288652079878,unswapping,,,,,,,,,,,,,,,,,,,,,,,,,,,,,,,,,,,,,,,,,,,,,,,128,4,378600,3870,246,62,0,right,0,31,31,0,0,,,,,0,2.0,16,31,0,0.0,,,,,,,,,,,,,,,,,,,,,,,,,,,,,,,
1381.4819245000253,unswapping,,,,,,,,,,,,,,,,,,,,,,,,,,,,,,,,,,,,,,,,,,,,,,,128,4,378600,3870,246,62,0,right,1,30,30,0,0,,,,,0,2.0,16,30,0,0.0,,,,,,,,,,,,,,,,,,,,,,,,,,,,,,,
1381.848056833027,unswap_cycle_summary,,,,,,,,,,,,65,42,107,,,,,,,,,,,,,,,,,,,512,0.0006,,,,,,,,,,,,,128,4,378600,3870,246,62,,,,,,,,,,,,,,,,,,,,57,11.85934870899655,107,2593,2486,0,False,,,,,,,,,,,,,,,,,,,,,,
1383.8863515409757,rewiring,left,post_unswap,1.9794522089650854,1545,False,False,,,,,,,,,,,,,,,,,,,,,,,,,,,,,,,,,,,,,,,,,,,,,,,,,,,,,,,,,,,,,,,,,,57,,,,,,,50,False,0,1,none,0.0,123,1.9794484170270152,3.813086917041801,,,,,,,,,,,,,
1385.7197354160016,rewiring,right,post_unswap,1.8331784579786472,1712,False,False,,,,,,,,,,,,,,,,,,,,,,,,,,,,,,,,,,,,,,,,,,,,,,,,,,,,,,,,,,,,,,,,,,57,,,,,,,50,False,0,1,none,0.0,123,1.8331748329801485,3.813086917041801,,,,,,,,,,,,,
1385.8429170000018,cycle_progress,,,,,,,,,,,,65,42,107,,,,,,,,,,,,,,,,,,,512,0.0006,,378600,27,,,,,,,,,,128,4,378600,3870,246,62,,,,,,,,,,,,,,,,,,,,57,,107,2593,2486,0,False,,,,,,,,,3.813086917041801,,,,,,,,,,,,,
1389.8717986660195,unswapping,,,,,,,,,,,,,,,,,,,,,,,,,,,,,,,,,,,,,,,,,,,,,,,128,4,378600,3870,246,62,0,both,0,31,31,0,0,,,,,0,2.0,16,31,0,0.0,,,,,,,,,,,,,,,,,,,,,,,,,,,,,,,
1393.065267207974,unswapping,,,,,,,,,,,,,,,,,,,,,,,,,,,,,,,,,,,,,,,,,,,,,,,128,4,378600,3870,246,62,0,both,1,30,30,0,0,,,,,0,2.0,16,30,0,0.0,,,,,,,,,,,,,,,,,,,,,,,,,,,,,,,
1395.1272502079955,unswapping,,,,,,,,,,,,,,,,,,,,,,,,,,,,,,,,,,,,,,,,,,,,,,,128,4,378600,3870,246,62,0,left,0,31,31,0,0,,,,,0,2.0,16,31,0,0.0,,,,,,,,,,,,,,,,,,,,,,,,,,,,,,,
1396.9102693329914,unswapping,,,,,,,,,,,,,,,,,,,,,,,,,,,,,,,,,,,,,,,,,,,,,,,128,4,378600,3870,246,62,0,left,1,30,30,0,0,,,,,0,2.0,16,30,0,0.0,,,,,,,,,,,,,,,,,,,,,,,,,,,,,,,
1397.7717848329921,unswapping,,,,,,,,,,,,,,,,,,,,,,,,,,,,,,,,,,,,,,,,,,,,,,,128,4,378600,3870,246,62,0,right,0,31,31,0,0,,,,,0,2.0,16,31,0,0.0,,,,,,,,,,,,,,,,,,,,,,,,,,,,,,,
1398.5616360830027,unswapping,,,,,,,,,,,,,,,,,,,,,,,,,,,,,,,,,,,,,,,,,,,,,,,128,4,378600,3870,246,62,0,right,1,30,30,0,0,,,,,0,2.0,16,30,0,0.0,,,,,,,,,,,,,,,,,,,,,,,,,,,,,,,
1398.9149675000226,unswap_cycle_summary,,,,,,,,,,,,65,42,107,,,,,,,,,,,,,,,,,,,512,0.0006,,,,,,,,,,,,,128,4,378600,3870,246,62,,,,,,,,,,,,,,,,,,,,58,11.791452957957517,107,2593,2486,0,False,,,,,,,,,,,,,,,,,,,,,,
1400.4747059579822,rewiring,left,post_unswap,1.5004861250054091,1545,False,False,,,,,,,,,,,,,,,,,,,,,,,,,,,,,,,,,,,,,,,,,,,,,,,,,,,,,,,,,,,,,,,,,,58,,,,,,,50,False,0,1,none,0.0,123,1.5004817909793928,3.218294165970292,,,,,,,,,,,,,
1402.192278750008,rewiring,right,post_unswap,1.7173872499843128,1712,False,False,,,,,,,,,,,,,,,,,,,,,,,,,,,,,,,,,,,,,,,,,,,,,,,,,,,,,,,,,,,,,,,,,,58,,,,,,,50,False,0,1,none,0.0,123,1.7173832500120625,3.218294165970292,,,,,,,,,,,,,
1402.316219249973,cycle_progress,,,,,,,,,,,,65,42,107,,,,,,,,,,,,,,,,,,,512,0.0006,,378600,28,,,,,,,,,,128,4,378600,3870,246,62,,,,,,,,,,,,,,,,,,,,58,,107,2593,2486,0,False,,,,,,,,,3.218294165970292,,,,,,,,,,,,,
1406.3772225410212,unswapping,,,,,,,,,,,,,,,,,,,,,,,,,,,,,,,,,,,,,,,,,,,,,,,128,4,378600,3870,246,62,0,both,0,31,31,0,0,,,,,0,2.0,16,31,0,0.0,,,,,,,,,,,,,,,,,,,,,,,,,,,,,,,
1409.5888854159857,unswapping,,,,,,,,,,,,,,,,,,,,,,,,,,,,,,,,,,,,,,,,,,,,,,,128,4,378600,3870,246,62,0,both,1,30,30,0,0,,,,,0,2.0,16,30,0,0.0,,,,,,,,,,,,,,,,,,,,,,,,,,,,,,,
1411.7447048330214,unswapping,,,,,,,,,,,,,,,,,,,,,,,,,,,,,,,,,,,,,,,,,,,,,,,128,4,378600,3870,246,62,0,left,0,31,31,0,0,,,,,0,2.0,16,31,0,0.0,,,,,,,,,,,,,,,,,,,,,,,,,,,,,,,
1413.5903352909954,unswapping,,,,,,,,,,,,,,,,,,,,,,,,,,,,,,,,,,,,,,,,,,,,,,,128,4,378600,3870,246,62,0,left,1,30,30,0,0,,,,,0,2.0,16,30,0,0.0,,,,,,,,,,,,,,,,,,,,,,,,,,,,,,,
1414.4753325409838,unswapping,,,,,,,,,,,,,,,,,,,,,,,,,,,,,,,,,,,,,,,,,,,,,,,128,4,378600,3870,246,62,0,right,0,31,31,0,0,,,,,0,2.0,16,31,0,0.0,,,,,,,,,,,,,,,,,,,,,,,,,,,,,,,
1415.3332683750195,unswapping,,,,,,,,,,,,,,,,,,,,,,,,,,,,,,,,,,,,,,,,,,,,,,,128,4,378600,3870,246,62,0,right,1,30,30,0,0,,,,,0,2.0,16,30,0,0.0,,,,,,,,,,,,,,,,,,,,,,,,,,,,,,,
1415.7204964159755,unswap_cycle_summary,,,,,,,,,,,,65,42,107,,,,,,,,,,,,,,,,,,,512,0.0006,,,,,,,,,,,,,128,4,378600,3870,246,62,,,,,,,,,,,,,,,,,,,,59,12.101186832995154,107,2593,2486,0,False,,,,,,,,,,,,,,,,,,,,,,
1417.7263179160072,rewiring,left,post_unswap,1.9405349579756148,1545,False,False,,,,,,,,,,,,,,,,,,,,,,,,,,,,,,,,,,,,,,,,,,,,,,,,,,,,,,,,,,,,,,,,,,59,,,,,,,50,False,0,1,none,0.0,123,1.9405311250011437,3.2148117919568904,,,,,,,,,,,,,
1419.0003723329864,rewiring,right,post_unswap,1.2738797080237418,1712,False,False,,,,,,,,,,,,,,,,,,,,,,,,,,,,,,,,,,,,,,,,,,,,,,,,,,,,,,,,,,,,,,,,,,59,,,,,,,50,False,0,1,none,0.0,123,1.2738762919907458,3.2148117919568904,,,,,,,,,,,,,
1419.1249356659828,cycle_progress,,,,,,,,,,,,65,42,107,,,,,,,,,,,,,,,,,,,512,0.0006,,378600,29,,,,,,,,,,128,4,378600,3870,246,62,,,,,,,,,,,,,,,,,,,,59,,107,2593,2486,0,False,,,,,,,,,3.2148117919568904,,,,,,,,,,,,,
1423.3861275410163,unswapping,,,,,,,,,,,,,,,,,,,,,,,,,,,,,,,,,,,,,,,,,,,,,,,128,4,378600,3870,246,62,0,both,0,31,31,0,0,,,,,0,2.0,16,31,0,0.0,,,,,,,,,,,,,,,,,,,,,,,,,,,,,,,
1426.610650208022,unswapping,,,,,,,,,,,,,,,,,,,,,,,,,,,,,,,,,,,,,,,,,,,,,,,128,4,378600,3870,246,62,0,both,1,30,30,0,0,,,,,0,2.0,16,30,0,0.0,,,,,,,,,,,,,,,,,,,,,,,,,,,,,,,
1428.7513067499967,unswapping,,,,,,,,,,,,,,,,,,,,,,,,,,,,,,,,,,,,,,,,,,,,,,,128,4,378600,3870,246,62,0,left,0,31,31,0,0,,,,,0,2.0,16,31,0,0.0,,,,,,,,,,,,,,,,,,,,,,,,,,,,,,,
1430.620349749981,unswapping,,,,,,,,,,,,,,,,,,,,,,,,,,,,,,,,,,,,,,,,,,,,,,,128,4,378600,3870,246,62,0,left,1,30,30,0,0,,,,,0,2.0,16,30,0,0.0,,,,,,,,,,,,,,,,,,,,,,,,,,,,,,,
1431.5300832500216,unswapping,,,,,,,,,,,,,,,,,,,,,,,,,,,,,,,,,,,,,,,,,,,,,,,128,4,378600,3870,246,62,0,right,0,31,31,0,0,,,,,0,2.0,16,31,0,0.0,,,,,,,,,,,,,,,,,,,,,,,,,,,,,,,
1432.402899291017,unswapping,,,,,,,,,,,,,,,,,,,,,,,,,,,,,,,,,,,,,,,,,,,,,,,128,4,378600,3870,246,62,0,right,1,30,30,0,0,,,,,0,2.0,16,30,0,0.0,,,,,,,,,,,,,,,,,,,,,,,,,,,,,,,
1432.7963331249775,unswap_cycle_summary,,,,,,,,,,,,65,42,107,,,,,,,,,,,,,,,,,,,512,0.0006,,,,,,,,,,,,,128,4,378600,3870,246,62,,,,,,,,,,,,,,,,,,,,60,12.310614624992013,107,2593,2486,0,False,,,,,,,,,,,,,,,,,,,,,,
1435.2122322079958,rewiring,left,post_unswap,2.3490864579798654,1545,False,False,,,,,,,,,,,,,,,,,,,,,,,,,,,,,,,,,,,,,,,,,,,,,,,,,,,,,,,,,,,,,,,,,,60,,,,,,,50,False,0,1,none,0.0,123,2.3490820419974625,3.6423714159755036,,,,,,,,,,,,,
1436.5052597500035,rewiring,right,post_unswap,1.2927508329739794,1712,False,False,,,,,,,,,,,,,,,,,,,,,,,,,,,,,,,,,,,,,,,,,,,,,,,,,,,,,,,,,,,,,,,,,,60,,,,,,,50,False,0,1,none,0.0,123,1.2927456659963354,3.6423714159755036,,,,,,,,,,,,,
1436.6353226660285,cycle_progress,,,,,,,,,,,,65,42,107,,,,,,,,,,,,,,,,,,,512,0.0006,,378600,30,,,,,,,,,,128,4,378600,3870,246,62,,,,,,,,,,,,,,,,,,,,60,,107,2593,2486,0,False,,,,,,,,,3.6423714159755036,,,,,,,,,,,,,
1440.900601374975,unswapping,,,,,,,,,,,,,,,,,,,,,,,,,,,,,,,,,,,,,,,,,,,,,,,128,4,378600,3870,246,62,0,both,0,31,31,0,0,,,,,0,2.0,16,31,0,0.0,,,,,,,,,,,,,,,,,,,,,,,,,,,,,,,
1444.202717875014,unswapping,,,,,,,,,,,,,,,,,,,,,,,,,,,,,,,,,,,,,,,,,,,,,,,128,4,378600,3870,246,62,0,both,1,30,30,0,0,,,,,0,2.0,16,30,0,0.0,,,,,,,,,,,,,,,,,,,,,,,,,,,,,,,
1446.43182054098,unswapping,,,,,,,,,,,,,,,,,,,,,,,,,,,,,,,,,,,,,,,,,,,,,,,128,4,378600,3870,246,62,0,left,0,31,31,0,0,,,,,0,2.0,16,31,0,0.0,,,,,,,,,,,,,,,,,,,,,,,,,,,,,,,
1448.4101407499984,unswapping,,,,,,,,,,,,,,,,,,,,,,,,,,,,,,,,,,,,,,,,,,,,,,,128,4,378600,3870,246,62,0,left,1,30,30,0,0,,,,,0,2.0,16,30,0,0.0,,,,,,,,,,,,,,,,,,,,,,,,,,,,,,,
1449.4061431660084,unswapping,,,,,,,,,,,,,,,,,,,,,,,,,,,,,,,,,,,,,,,,,,,,,,,128,4,378600,3870,246,62,0,right,0,31,31,0,0,,,,,0,2.0,16,31,0,0.0,,,,,,,,,,,,,,,,,,,,,,,,,,,,,,,
1450.3318655000185,unswapping,,,,,,,,,,,,,,,,,,,,,,,,,,,,,,,,,,,,,,,,,,,,,,,128,4,378600,3870,246,62,0,right,1,30,30,0,0,,,,,0,2.0,16,30,0,0.0,,,,,,,,,,,,,,,,,,,,,,,,,,,,,,,
1450.7269153749803,unswap_cycle_summary,,,,,,,,,,,,65,42,107,,,,,,,,,,,,,,,,,,,512,0.0006,,,,,,,,,,,,,128,4,378600,3870,246,62,,,,,,,,,,,,,,,,,,,,61,12.696180582977831,107,2593,2486,0,False,,,,,,,,,,,,,,,,,,,,,,
1452.7806651249994,rewiring,left,post_unswap,1.9891675419639796,1545,False,False,,,,,,,,,,,,,,,,,,,,,,,,,,,,,,,,,,,,,,,,,,,,,,,,,,,,,,,,,,,,,,,,,,61,,,,,,,50,False,0,1,none,0.0,123,1.9891612919745967,3.7528042910271324,,,,,,,,,,,,,
1454.544018250017,rewiring,right,post_unswap,1.7631266670068726,1712,False,False,,,,,,,,,,,,,,,,,,,,,,,,,,,,,,,,,,,,,,,,,,,,,,,,,,,,,,,,,,,,,,,,,,61,,,,,,,50,False,0,1,none,0.0,123,1.763121958996635,3.7528042910271324,,,,,,,,,,,,,
1454.6750084999949,cycle_progress,,,,,,,,,,,,65,42,107,,,,,,,,,,,,,,,,,,,512,0.0006,,378600,31,,,,,,,,,,128,4,378600,3870,246,62,,,,,,,,,,,,,,,,,,,,61,,107,2593,2486,0,False,,,,,,,,,3.7528042910271324,,,,,,,,,,,,,
1459.1762729579932,unswapping,,,,,,,,,,,,,,,,,,,,,,,,,,,,,,,,,,,,,,,,,,,,,,,128,4,378600,3870,246,62,0,both,0,31,31,0,0,,,,,0,2.0,16,31,0,0.0,,,,,,,,,,,,,,,,,,,,,,,,,,,,,,,
1462.5917764159967,unswapping,,,,,,,,,,,,,,,,,,,,,,,,,,,,,,,,,,,,,,,,,,,,,,,128,4,378600,3870,246,62,0,both,1,30,30,0,0,,,,,0,2.0,16,30,0,0.0,,,,,,,,,,,,,,,,,,,,,,,,,,,,,,,
1464.9183697500266,unswapping,,,,,,,,,,,,,,,,,,,,,,,,,,,,,,,,,,,,,,,,,,,,,,,128,4,378600,3870,246,62,0,left,0,31,31,0,0,,,,,0,2.0,16,31,0,0.0,,,,,,,,,,,,,,,,,,,,,,,,,,,,,,,
1466.9233793750172,unswapping,,,,,,,,,,,,,,,,,,,,,,,,,,,,,,,,,,,,,,,,,,,,,,,128,4,378600,3870,246,62,0,left,1,30,30,0,0,,,,,0,2.0,16,30,0,0.0,,,,,,,,,,,,,,,,,,,,,,,,,,,,,,,
1467.8969702500035,unswapping,,,,,,,,,,,,,,,,,,,,,,,,,,,,,,,,,,,,,,,,,,,,,,,128,4,378600,3870,246,62,0,right,0,31,31,0,0,,,,,0,2.0,16,31,0,0.0,,,,,,,,,,,,,,,,,,,,,,,,,,,,,,,
1468.8060229999828,unswapping,,,,,,,,,,,,,,,,,,,,,,,,,,,,,,,,,,,,,,,,,,,,,,,128,4,378600,3870,246,62,0,right,1,30,30,0,0,,,,,0,2.0,16,30,0,0.0,,,,,,,,,,,,,,,,,,,,,,,,,,,,,,,
1469.2023578329827,unswap_cycle_summary,,,,,,,,,,,,65,42,107,,,,,,,,,,,,,,,,,,,512,0.0006,,,,,,,,,,,,,128,4,378600,3870,246,62,,,,,,,,,,,,,,,,,,,,62,13.13514279096853,107,2593,2486,0,False,,,,,,,,,,,,,,,,,,,,,,
1470.8812263329746,rewiring,left,post_unswap,1.613744542002678,1545,False,False,,,,,,,,,,,,,,,,,,,,,,,,,,,,,,,,,,,,,,,,,,,,,,,,,,,,,,,,,,,,,,,,,,62,,,,,,,50,False,0,1,none,0.0,123,1.6137391669908538,3.318510624987539,,,,,,,,,,,,,
1472.5857453750214,rewiring,right,post_unswap,1.7043307920102961,1712,False,False,,,,,,,,,,,,,,,,,,,,,,,,,,,,,,,,,,,,,,,,,,,,,,,,,,,,,,,,,,,,,,,,,,62,,,,,,,50,False,0,1,none,0.0,123,1.7043256249744445,3.318510624987539,,,,,,,,,,,,,
1472.719174415979,cycle_progress,,,,,,,,,,,,65,42,107,,,,,,,,,,,,,,,,,,,512,0.0006,,378600,32,,,,,,,,,,128,4,378600,3870,246,62,,,,,,,,,,,,,,,,,,,,62,,107,2593,2486,0,False,,,,,,,,,3.318510624987539,,,,,,,,,,,,,
1477.3395144160022,unswapping,,,,,,,,,,,,,,,,,,,,,,,,,,,,,,,,,,,,,,,,,,,,,,,128,4,378600,3870,246,62,0,both,0,31,31,0,0,,,,,0,2.0,16,31,0,0.0,,,,,,,,,,,,,,,,,,,,,,,,,,,,,,,
1480.7646241660113,unswapping,,,,,,,,,,,,,,,,,,,,,,,,,,,,,,,,,,,,,,,,,,,,,,,128,4,378600,3870,246,62,0,both,1,30,30,0,0,,,,,0,2.0,16,30,0,0.0,,,,,,,,,,,,,,,,,,,,,,,,,,,,,,,
1482.9008080000058,unswapping,,,,,,,,,,,,,,,,,,,,,,,,,,,,,,,,,,,,,,,,,,,,,,,128,4,378600,3870,246,62,0,left,0,31,31,0,0,,,,,0,2.0,16,31,0,0.0,,,,,,,,,,,,,,,,,,,,,,,,,,,,,,,
1484.8834038330242,unswapping,,,,,,,,,,,,,,,,,,,,,,,,,,,,,,,,,,,,,,,,,,,,,,,128,4,378600,3870,246,62,0,left,1,30,30,0,0,,,,,0,2.0,16,30,0,0.0,,,,,,,,,,,,,,,,,,,,,,,,,,,,,,,
1485.7951140829828,unswapping,,,,,,,,,,,,,,,,,,,,,,,,,,,,,,,,,,,,,,,,,,,,,,,128,4,378600,3870,246,62,0,right,0,31,31,0,0,,,,,0,2.0,16,31,0,0.0,,,,,,,,,,,,,,,,,,,,,,,,,,,,,,,
1486.677322832984,unswapping,,,,,,,,,,,,,,,,,,,,,,,,,,,,,,,,,,,,,,,,,,,,,,,128,4,378600,3870,246,62,0,right,1,30,30,0,0,,,,,0,2.0,16,30,0,0.0,,,,,,,,,,,,,,,,,,,,,,,,,,,,,,,
1487.0766457500285,unswap_cycle_summary,,,,,,,,,,,,65,42,107,,,,,,,,,,,,,,,,,,,512,0.0006,,,,,,,,,,,,,128,4,378600,3870,246,62,,,,,,,,,,,,,,,,,,,,63,12.91463750001276,107,2593,2486,0,False,,,,,,,,,,,,,,,,,,,,,,
1489.1944055409986,rewiring,left,post_unswap,2.0516903750249185,1545,False,False,,,,,,,,,,,,,,,,,,,,,,,,,,,,,,,,,,,,,,,,,,,,,,,,,,,,,,,,,,,,,,,,,,63,,,,,,,50,False,0,1,none,0.0,123,2.051685791986529,3.2877041249885224,,,,,,,,,,,,,
1490.4301719579962,rewiring,right,post_unswap,1.235572665988002,1712,False,False,,,,,,,,,,,,,,,,,,,,,,,,,,,,,,,,,,,,,,,,,,,,,,,,,,,,,,,,,,,,,,,,,,63,,,,,,,50,False,0,1,none,0.0,123,1.2355687500094064,3.2877041249885224,,,,,,,,,,,,,
1490.560055916023,cycle_progress,,,,,,,,,,,,65,42,107,,,,,,,,,,,,,,,,,,,512,0.0006,,378600,33,,,,,,,,,,128,4,378600,3870,246,62,,,,,,,,,,,,,,,,,,,,63,,107,2593,2486,0,False,,,,,,,,,3.2877041249885224,,,,,,,,,,,,,
1494.9169692079886,unswapping,,,,,,,,,,,,,,,,,,,,,,,,,,,,,,,,,,,,,,,,,,,,,,,128,4,378600,3870,246,62,0,both,0,31,31,0,0,,,,,0,2.0,16,31,0,0.0,,,,,,,,,,,,,,,,,,,,,,,,,,,,,,,
1498.2833103750017,unswapping,,,,,,,,,,,,,,,,,,,,,,,,,,,,,,,,,,,,,,,,,,,,,,,128,4,378600,3870,246,62,0,both,1,30,30,0,0,,,,,0,2.0,16,30,0,0.0,,,,,,,,,,,,,,,,,,,,,,,,,,,,,,,
1500.3373878329876,unswapping,,,,,,,,,,,,,,,,,,,,,,,,,,,,,,,,,,,,,,,,,,,,,,,128,4,378600,3870,246,62,0,left,0,31,31,0,0,,,,,0,2.0,16,31,0,0.0,,,,,,,,,,,,,,,,,,,,,,,,,,,,,,,
1502.2354638749966,unswapping,,,,,,,,,,,,,,,,,,,,,,,,,,,,,,,,,,,,,,,,,,,,,,,128,4,378600,3870,246,62,0,left,1,30,30,0,0,,,,,0,2.0,16,30,0,0.0,,,,,,,,,,,,,,,,,,,,,,,,,,,,,,,
1503.1673745000153,unswapping,,,,,,,,,,,,,,,,,,,,,,,,,,,,,,,,,,,,,,,,,,,,,,,128,4,378600,3870,246,62,0,right,0,31,31,0,0,,,,,0,2.0,16,31,0,0.0,,,,,,,,,,,,,,,,,,,,,,,,,,,,,,,
1504.0234546660213,unswapping,,,,,,,,,,,,,,,,,,,,,,,,,,,,,,,,,,,,,,,,,,,,,,,128,4,378600,3870,246,62,0,right,1,30,30,0,0,,,,,0,2.0,16,30,0,0.0,,,,,,,,,,,,,,,,,,,,,,,,,,,,,,,
1504.427005250007,unswap_cycle_summary,,,,,,,,,,,,65,42,107,,,,,,,,,,,,,,,,,,,512,0.0006,,,,,,,,,,,,,128,4,378600,3870,246,62,,,,,,,,,,,,,,,,,,,,64,12.51241016597487,107,2593,2486,0,False,,,,,,,,,,,,,,,,,,,,,,
1506.9312179160188,rewiring,left,post_unswap,2.436879625020083,1545,False,False,,,,,,,,,,,,,,,,,,,,,,,,,,,,,,,,,,,,,,,,,,,,,,,,,,,,,,,,,,,,,,,,,,64,,,,,,,50,False,0,1,none,0.0,123,2.4368755419855006,3.743431083043106,,,,,,,,,,,,,
1508.2375051249983,rewiring,right,post_unswap,1.306107415992301,1712,False,False,,,,,,,,,,,,,,,,,,,,,,,,,,,,,,,,,,,,,,,,,,,,,,,,,,,,,,,,,,,,,,,,,,64,,,,,,,50,False,0,1,none,0.0,123,1.306103292037733,3.743431083043106,,,,,,,,,,,,,
1508.3607015829766,cycle_progress,,,,,,,,,,,,65,42,107,,,,,,,,,,,,,,,,,,,512,0.0006,,378600,34,,,,,,,,,,128,4,378600,3870,246,62,,,,,,,,,,,,,,,,,,,,64,,107,2593,2486,0,False,,,,,,,,,3.743431083043106,,,,,,,,,,,,,
1512.6584177080076,unswapping,,,,,,,,,,,,,,,,,,,,,,,,,,,,,,,,,,,,,,,,,,,,,,,128,4,378600,3870,246,62,0,both,0,31,31,0,0,,,,,0,2.0,16,31,0,0.0,,,,,,,,,,,,,,,,,,,,,,,,,,,,,,,
1515.9981953750248,unswapping,,,,,,,,,,,,,,,,,,,,,,,,,,,,,,,,,,,,,,,,,,,,,,,128,4,378600,3870,246,62,0,both,1,30,30,0,0,,,,,0,2.0,16,30,0,0.0,,,,,,,,,,,,,,,,,,,,,,,,,,,,,,,
1518.0367484160233,unswapping,,,,,,,,,,,,,,,,,,,,,,,,,,,,,,,,,,,,,,,,,,,,,,,128,4,378600,3870,246,62,0,left,0,31,31,0,0,,,,,0,2.0,16,31,0,0.0,,,,,,,,,,,,,,,,,,,,,,,,,,,,,,,
1519.8684384999797,unswapping,,,,,,,,,,,,,,,,,,,,,,,,,,,,,,,,,,,,,,,,,,,,,,,128,4,378600,3870,246,62,0,left,1,30,30,0,0,,,,,0,2.0,16,30,0,0.0,,,,,,,,,,,,,,,,,,,,,,,,,,,,,,,
1520.8081074579968,unswapping,,,,,,,,,,,,,,,,,,,,,,,,,,,,,,,,,,,,,,,,,,,,,,,128,4,378600,3870,246,62,0,right,0,31,31,0,0,,,,,0,2.0,16,31,0,0.0,,,,,,,,,,,,,,,,,,,,,,,,,,,,,,,
1521.7011030000285,unswapping,,,,,,,,,,,,,,,,,,,,,,,,,,,,,,,,,,,,,,,,,,,,,,,128,4,378600,3870,246,62,0,right,1,30,30,0,0,,,,,0,2.0,16,30,0,0.0,,,,,,,,,,,,,,,,,,,,,,,,,,,,,,,
1522.1055614579818,unswap_cycle_summary,,,,,,,,,,,,65,42,107,,,,,,,,,,,,,,,,,,,512,0.0006,,,,,,,,,,,,,128,4,378600,3870,246,62,,,,,,,,,,,,,,,,,,,,65,12.43839362502331,107,2593,2486,0,False,,,,,,,,,,,,,,,,,,,,,,
1524.1809275830165,rewiring,left,post_unswap,2.009447332995478,1545,False,False,,,,,,,,,,,,,,,,,,,,,,,,,,,,,,,,,,,,,,,,,,,,,,,,,,,,,,,,,,,,,,,,,,65,,,,,,,50,False,0,1,none,0.0,123,2.0094430000171997,3.782180874957703,,,,,,,,,,,,,
1525.9534219580237,rewiring,right,post_unswap,1.772334541019518,1712,False,False,,,,,,,,,,,,,,,,,,,,,,,,,,,,,,,,,,,,,,,,,,,,,,,,,,,,,,,,,,,,,,,,,,65,,,,,,,50,False,0,1,none,0.0,123,1.7723315000184812,3.782180874957703,,,,,,,,,,,,,
1526.0756937909755,cycle_progress,,,,,,,,,,,,65,42,107,,,,,,,,,,,,,,,,,,,512,0.0006,,378600,35,,,,,,,,,,128,4,378600,3870,246,62,,,,,,,,,,,,,,,,,,,,65,,107,2593,2486,0,False,,,,,,,,,3.782180874957703,,,,,,,,,,,,,
1530.151066707971,unswapping,,,,,,,,,,,,,,,,,,,,,,,,,,,,,,,,,,,,,,,,,,,,,,,128,4,378600,3870,246,62,0,both,0,31,31,0,0,,,,,0,2.0,16,31,0,0.0,,,,,,,,,,,,,,,,,,,,,,,,,,,,,,,
1533.3149077909766,unswapping,,,,,,,,,,,,,,,,,,,,,,,,,,,,,,,,,,,,,,,,,,,,,,,128,4,378600,3870,246,62,0,both,1,30,30,0,0,,,,,0,2.0,16,30,0,0.0,,,,,,,,,,,,,,,,,,,,,,,,,,,,,,,
1535.306086416007,unswapping,,,,,,,,,,,,,,,,,,,,,,,,,,,,,,,,,,,,,,,,,,,,,,,128,4,378600,3870,246,62,0,left,0,31,31,0,0,,,,,0,2.0,16,31,0,0.0,,,,,,,,,,,,,,,,,,,,,,,,,,,,,,,
1536.9639484999934,unswapping,,,,,,,,,,,,,,,,,,,,,,,,,,,,,,,,,,,,,,,,,,,,,,,128,4,378600,3870,246,62,0,left,1,30,30,0,0,,,,,0,2.0,16,30,0,0.0,,,,,,,,,,,,,,,,,,,,,,,,,,,,,,,
1537.8389414999983,unswapping,,,,,,,,,,,,,,,,,,,,,,,,,,,,,,,,,,,,,,,,,,,,,,,128,4,378600,3870,246,62,0,right,0,31,31,0,0,,,,,0,2.0,16,31,0,0.0,,,,,,,,,,,,,,,,,,,,,,,,,,,,,,,
1538.6669049159973,unswapping,,,,,,,,,,,,,,,,,,,,,,,,,,,,,,,,,,,,,,,,,,,,,,,128,4,378600,3870,246,62,0,right,1,30,30,0,0,,,,,0,2.0,16,30,0,0.0,,,,,,,,,,,,,,,,,,,,,,,,,,,,,,,
1539.0570877499995,unswap_cycle_summary,,,,,,,,,,,,65,42,107,,,,,,,,,,,,,,,,,,,512,0.0006,,,,,,,,,,,,,128,4,378600,3870,246,62,,,,,,,,,,,,,,,,,,,,66,11.730592707986943,107,2593,2486,0,False,,,,,,,,,,,,,,,,,,,,,,
1540.6585446660174,rewiring,left,post_unswap,1.5374106669914909,1545,False,False,,,,,,,,,,,,,,,,,,,,,,,,,,,,,,,,,,,,,,,,,,,,,,,,,,,,,,,,,,,,,,,,,,66,,,,,,,50,False,0,1,none,0.0,123,1.5374065829673782,3.204151499958243,,,,,,,,,,,,,
1542.3250470000203,rewiring,right,post_unswap,1.6663396660005674,1712,False,False,,,,,,,,,,,,,,,,,,,,,,,,,,,,,,,,,,,,,,,,,,,,,,,,,,,,,,,,,,,,,,,,,,66,,,,,,,50,False,0,1,none,0.0,123,1.666336832975503,3.204151499958243,,,,,,,,,,,,,
1542.4463702079956,cycle_progress,,,,,,,,,,,,65,42,107,,,,,,,,,,,,,,,,,,,512,0.0006,,378600,36,,,,,,,,,,128,4,378600,3870,246,62,,,,,,,,,,,,,,,,,,,,66,,107,2593,2486,0,False,,,,,,,,,3.204151499958243,,,,,,,,,,,,,
1546.4845414580195,unswapping,,,,,,,,,,,,,,,,,,,,,,,,,,,,,,,,,,,,,,,,,,,,,,,128,4,378600,3870,246,62,0,both,0,31,31,0,0,,,,,0,2.0,16,31,0,0.0,,,,,,,,,,,,,,,,,,,,,,,,,,,,,,,
1549.7392679160112,unswapping,,,,,,,,,,,,,,,,,,,,,,,,,,,,,,,,,,,,,,,,,,,,,,,128,4,378600,3870,246,62,0,both,1,30,30,0,0,,,,,0,2.0,16,30,0,0.0,,,,,,,,,,,,,,,,,,,,,,,,,,,,,,,
1551.8814197499887,unswapping,,,,,,,,,,,,,,,,,,,,,,,,,,,,,,,,,,,,,,,,,,,,,,,128,4,378600,3870,246,62,0,left,0,31,31,0,0,,,,,0,2.0,16,31,0,0.0,,,,,,,,,,,,,,,,,,,,,,,,,,,,,,,
1553.698373124993,unswapping,,,,,,,,,,,,,,,,,,,,,,,,,,,,,,,,,,,,,,,,,,,,,,,128,4,378600,3870,246,62,0,left,1,30,30,0,0,,,,,0,2.0,16,30,0,0.0,,,,,,,,,,,,,,,,,,,,,,,,,,,,,,,
1554.5565594580257,unswapping,,,,,,,,,,,,,,,,,,,,,,,,,,,,,,,,,,,,,,,,,,,,,,,128,4,378600,3870,246,62,0,right,0,31,31,0,0,,,,,0,2.0,16,31,0,0.0,,,,,,,,,,,,,,,,,,,,,,,,,,,,,,,
1555.3392787500052,unswapping,,,,,,,,,,,,,,,,,,,,,,,,,,,,,,,,,,,,,,,,,,,,,,,128,4,378600,3870,246,62,0,right,1,30,30,0,0,,,,,0,2.0,16,30,0,0.0,,,,,,,,,,,,,,,,,,,,,,,,,,,,,,,
1555.7436682499829,unswap_cycle_summary,,,,,,,,,,,,65,42,107,,,,,,,,,,,,,,,,,,,512,0.0006,,,,,,,,,,,,,128,4,378600,3870,246,62,,,,,,,,,,,,,,,,,,,,67,11.955293917038944,107,2593,2486,0,False,,,,,,,,,,,,,,,,,,,,,,
1557.7551745829987,rewiring,left,post_unswap,1.9453629580093548,1545,False,False,,,,,,,,,,,,,,,,,,,,,,,,,,,,,,,,,,,,,,,,,,,,,,,,,,,,,,,,,,,,,,,,,,67,,,,,,,50,False,0,1,none,0.0,123,1.9453580839908682,3.176240707980469,,,,,,,,,,,,,
1558.9858189580264,rewiring,right,post_unswap,1.230448874994181,1712,False,False,,,,,,,,,,,,,,,,,,,,,,,,,,,,,,,,,,,,,,,,,,,,,,,,,,,,,,,,,,,,,,,,,,67,,,,,,,50,False,0,1,none,0.0,123,1.2304442080203444,3.176240707980469,,,,,,,,,,,,,
1559.1139303750242,cycle_progress,,,,,,,,,,,,65,42,107,,,,,,,,,,,,,,,,,,,512,0.0006,,378600,37,,,,,,,,,,128,4,378600,3870,246,62,,,,,,,,,,,,,,,,,,,,67,,107,2593,2486,0,False,,,,,,,,,3.176240707980469,,,,,,,,,,,,,
1563.0857670410187,unswapping,,,,,,,,,,,,,,,,,,,,,,,,,,,,,,,,,,,,,,,,,,,,,,,128,4,378600,3870,246,62,0,both,0,31,31,0,0,,,,,0,2.0,16,31,0,0.0,,,,,,,,,,,,,,,,,,,,,,,,,,,,,,,
1566.205156791024,unswapping,,,,,,,,,,,,,,,,,,,,,,,,,,,,,,,,,,,,,,,,,,,,,,,128,4,378600,3870,246,62,0,both,1,30,30,0,0,,,,,0,2.0,16,30,0,0.0,,,,,,,,,,,,,,,,,,,,,,,,,,,,,,,
1568.1685221659718,unswapping,,,,,,,,,,,,,,,,,,,,,,,,,,,,,,,,,,,,,,,,,,,,,,,128,4,378600,3870,246,62,0,left,0,31,31,0,0,,,,,0,2.0,16,31,0,0.0,,,,,,,,,,,,,,,,,,,,,,,,,,,,,,,
1569.932740958,unswapping,,,,,,,,,,,,,,,,,,,,,,,,,,,,,,,,,,,,,,,,,,,,,,,128,4,378600,3870,246,62,0,left,1,30,30,0,0,,,,,0,2.0,16,30,0,0.0,,,,,,,,,,,,,,,,,,,,,,,,,,,,,,,
1570.7873182910262,unswapping,,,,,,,,,,,,,,,,,,,,,,,,,,,,,,,,,,,,,,,,,,,,,,,128,4,378600,3870,246,62,0,right,0,31,31,0,0,,,,,0,2.0,16,31,0,0.0,,,,,,,,,,,,,,,,,,,,,,,,,,,,,,,
1571.609627790982,unswapping,,,,,,,,,,,,,,,,,,,,,,,,,,,,,,,,,,,,,,,,,,,,,,,128,4,378600,3870,246,62,0,right,1,30,30,0,0,,,,,0,2.0,16,30,0,0.0,,,,,,,,,,,,,,,,,,,,,,,,,,,,,,,
1571.9999630830134,unswap_cycle_summary,,,,,,,,,,,,65,42,107,,,,,,,,,,,,,,,,,,,512,0.0006,,,,,,,,,,,,,128,4,378600,3870,246,62,,,,,,,,,,,,,,,,,,,,68,11.589440208044834,107,2593,2486,0,False,,,,,,,,,,,,,,,,,,,,,,
1574.4004091250245,rewiring,left,post_unswap,2.33433783298824,1545,False,False,,,,,,,,,,,,,,,,,,,,,,,,,,,,,,,,,,,,,,,,,,,,,,,,,,,,,,,,,,,,,,,,,,68,,,,,,,50,False,0,1,none,0.0,123,2.3343324160086922,3.6167307079886086,,,,,,,,,,,,,
1575.682532707986,rewiring,right,post_unswap,1.2819293329957873,1712,False,False,,,,,,,,,,,,,,,,,,,,,,,,,,,,,,,,,,,,,,,,,,,,,,,,,,,,,,,,,,,,,,,,,,68,,,,,,,50,False,0,1,none,0.0,123,1.2819255420472473,3.6167307079886086,,,,,,,,,,,,,
1575.8131795829977,cycle_progress,,,,,,,,,,,,65,42,107,,,,,,,,,,,,,,,,,,,512,0.0006,,378600,38,,,,,,,,,,128,4,378600,3870,246,62,,,,,,,,,,,,,,,,,,,,68,,107,2593,2486,0,False,,,,,,,,,3.6167307079886086,,,,,,,,,,,,,
1579.7740758750006,unswapping,,,,,,,,,,,,,,,,,,,,,,,,,,,,,,,,,,,,,,,,,,,,,,,128,4,378600,3870,246,62,0,both,0,31,31,0,0,,,,,0,2.0,16,31,0,0.0,,,,,,,,,,,,,,,,,,,,,,,,,,,,,,,
1582.8587997080176,unswapping,,,,,,,,,,,,,,,,,,,,,,,,,,,,,,,,,,,,,,,,,,,,,,,128,4,378600,3870,246,62,0,both,1,30,30,0,0,,,,,0,2.0,16,30,0,0.0,,,,,,,,,,,,,,,,,,,,,,,,,,,,,,,
1584.7803581660264,unswapping,,,,,,,,,,,,,,,,,,,,,,,,,,,,,,,,,,,,,,,,,,,,,,,128,4,378600,3870,246,62,0,left,0,31,31,0,0,,,,,0,2.0,16,31,0,0.0,,,,,,,,,,,,,,,,,,,,,,,,,,,,,,,
1586.5031837500283,unswapping,,,,,,,,,,,,,,,,,,,,,,,,,,,,,,,,,,,,,,,,,,,,,,,128,4,378600,3870,246,62,0,left,1,30,30,0,0,,,,,0,2.0,16,30,0,0.0,,,,,,,,,,,,,,,,,,,,,,,,,,,,,,,
1587.3164539160207,unswapping,,,,,,,,,,,,,,,,,,,,,,,,,,,,,,,,,,,,,,,,,,,,,,,128,4,378600,3870,246,62,0,right,0,31,31,0,0,,,,,0,2.0,16,31,0,0.0,,,,,,,,,,,,,,,,,,,,,,,,,,,,,,,
1588.088813874987,unswapping,,,,,,,,,,,,,,,,,,,,,,,,,,,,,,,,,,,,,,,,,,,,,,,128,4,378600,3870,246,62,0,right,1,30,30,0,0,,,,,0,2.0,16,30,0,0.0,,,,,,,,,,,,,,,,,,,,,,,,,,,,,,,
1588.4717931660125,unswap_cycle_summary,,,,,,,,,,,,65,42,107,,,,,,,,,,,,,,,,,,,512,0.0006,,,,,,,,,,,,,128,4,378600,3870,246,62,,,,,,,,,,,,,,,,,,,,69,11.339594707998913,107,2593,2486,0,False,,,,,,,,,,,,,,,,,,,,,,
1590.4442296249908,rewiring,left,post_unswap,1.9104180840076879,1545,False,False,,,,,,,,,,,,,,,,,,,,,,,,,,,,,,,,,,,,,,,,,,,,,,,,,,,,,,,,,,,,,,,,,,69,,,,,,,50,False,0,1,none,0.0,123,1.9104148750193417,3.583761957997922,,,,,,,,,,,,,
1592.1173321660026,rewiring,right,post_unswap,1.672912416048348,1712,False,False,,,,,,,,,,,,,,,,,,,,,,,,,,,,,,,,,,,,,,,,,,,,,,,,,,,,,,,,,,,,,,,,,,69,,,,,,,50,False,0,1,none,0.0,123,1.6729081670055166,3.583761957997922,,,,,,,,,,,,,
1592.2397271249793,cycle_progress,,,,,,,,,,,,65,42,107,,,,,,,,,,,,,,,,,,,512,0.0006,,378600,39,,,,,,,,,,128,4,378600,3870,246,62,,,,,,,,,,,,,,,,,,,,69,,107,2593,2486,0,False,,,,,,,,,3.583761957997922,,,,,,,,,,,,,
1596.1220893330174,unswapping,,,,,,,,,,,,,,,,,,,,,,,,,,,,,,,,,,,,,,,,,,,,,,,128,4,378600,3870,246,62,0,both,0,31,31,0,0,,,,,0,2.0,16,31,0,0.0,,,,,,,,,,,,,,,,,,,,,,,,,,,,,,,
1599.136637083022,unswapping,,,,,,,,,,,,,,,,,,,,,,,,,,,,,,,,,,,,,,,,,,,,,,,128,4,378600,3870,246,62,0,both,1,30,30,0,0,,,,,0,2.0,16,30,0,0.0,,,,,,,,,,,,,,,,,,,,,,,,,,,,,,,
1601.0599108330207,unswapping,,,,,,,,,,,,,,,,,,,,,,,,,,,,,,,,,,,,,,,,,,,,,,,128,4,378600,3870,246,62,0,left,0,31,31,0,0,,,,,0,2.0,16,31,0,0.0,,,,,,,,,,,,,,,,,,,,,,,,,,,,,,,
1602.7578456660267,unswapping,,,,,,,,,,,,,,,,,,,,,,,,,,,,,,,,,,,,,,,,,,,,,,,128,4,378600,3870,246,62,0,left,1,30,30,0,0,,,,,0,2.0,16,30,0,0.0,,,,,,,,,,,,,,,,,,,,,,,,,,,,,,,
1603.5765093329828,unswapping,,,,,,,,,,,,,,,,,,,,,,,,,,,,,,,,,,,,,,,,,,,,,,,128,4,378600,3870,246,62,0,right,0,31,31,0,0,,,,,0,2.0,16,31,0,0.0,,,,,,,,,,,,,,,,,,,,,,,,,,,,,,,
1604.3436987500172,unswapping,,,,,,,,,,,,,,,,,,,,,,,,,,,,,,,,,,,,,,,,,,,,,,,128,4,378600,3870,246,62,0,right,1,30,30,0,0,,,,,0,2.0,16,30,0,0.0,,,,,,,,,,,,,,,,,,,,,,,,,,,,,,,
1604.7261257080245,unswap_cycle_summary,,,,,,,,,,,,65,42,107,,,,,,,,,,,,,,,,,,,512,0.0006,,,,,,,,,,,,,128,4,378600,3870,246,62,,,,,,,,,,,,,,,,,,,,70,11.232029624981806,107,2593,2486,0,False,,,,,,,,,,,,,,,,,,,,,,
1606.3099877500208,rewiring,left,post_unswap,1.5193014590186067,1545,False,False,,,,,,,,,,,,,,,,,,,,,,,,,,,,,,,,,,,,,,,,,,,,,,,,,,,,,,,,,,,,,,,,,,70,,,,,,,50,False,0,1,none,0.0,123,1.5192946249735542,3.217254125047475,,,,,,,,,,,,,
1608.007686958008,rewiring,right,post_unswap,1.6975153330131434,1712,False,False,,,,,,,,,,,,,,,,,,,,,,,,,,,,,,,,,,,,,,,,,,,,,,,,,,,,,,,,,,,,,,,,,,70,,,,,,,50,False,0,1,none,0.0,123,1.6975109580089338,3.217254125047475,,,,,,,,,,,,,
1608.1305263750255,cycle_progress,,,,,,,,,,,,65,42,107,,,,,,,,,,,,,,,,,,,512,0.0006,,378600,40,,,,,,,,,,128,4,378600,3870,246,62,,,,,,,,,,,,,,,,,,,,70,,107,2593,2486,0,False,,,,,,,,,3.217254125047475,,,,,,,,,,,,,
1612.0579539579921,unswapping,,,,,,,,,,,,,,,,,,,,,,,,,,,,,,,,,,,,,,,,,,,,,,,128,4,378600,3870,246,62,0,both,0,31,31,0,0,,,,,0,2.0,16,31,0,0.0,,,,,,,,,,,,,,,,,,,,,,,,,,,,,,,
1615.146234875021,unswapping,,,,,,,,,,,,,,,,,,,,,,,,,,,,,,,,,,,,,,,,,,,,,,,128,4,378600,3870,246,62,0,both,1,30,30,0,0,,,,,0,2.0,16,30,0,0.0,,,,,,,,,,,,,,,,,,,,,,,,,,,,,,,
1617.0829240829917,unswapping,,,,,,,,,,,,,,,,,,,,,,,,,,,,,,,,,,,,,,,,,,,,,,,128,4,378600,3870,246,62,0,left,0,31,31,0,0,,,,,0,2.0,16,31,0,0.0,,,,,,,,,,,,,,,,,,,,,,,,,,,,,,,
1618.7908842500183,unswapping,,,,,,,,,,,,,,,,,,,,,,,,,,,,,,,,,,,,,,,,,,,,,,,128,4,378600,3870,246,62,0,left,1,30,30,0,0,,,,,0,2.0,16,30,0,0.0,,,,,,,,,,,,,,,,,,,,,,,,,,,,,,,
1619.6390008750022,unswapping,,,,,,,,,,,,,,,,,,,,,,,,,,,,,,,,,,,,,,,,,,,,,,,128,4,378600,3870,246,62,0,right,0,31,31,0,0,,,,,0,2.0,16,31,0,0.0,,,,,,,,,,,,,,,,,,,,,,,,,,,,,,,
1620.415785707999,unswapping,,,,,,,,,,,,,,,,,,,,,,,,,,,,,,,,,,,,,,,,,,,,,,,128,4,378600,3870,246,62,0,right,1,30,30,0,0,,,,,0,2.0,16,30,0,0.0,,,,,,,,,,,,,,,,,,,,,,,,,,,,,,,
1620.805499916023,unswap_cycle_summary,,,,,,,,,,,,65,42,107,,,,,,,,,,,,,,,,,,,512,0.0006,,,,,,,,,,,,,128,4,378600,3870,246,62,,,,,,,,,,,,,,,,,,,,71,11.404372333956417,107,2593,2486,0,False,,,,,,,,,,,,,,,,,,,,,,
1622.8015367910266,rewiring,left,post_unswap,1.9321903340169229,1545,False,False,,,,,,,,,,,,,,,,,,,,,,,,,,,,,,,,,,,,,,,,,,,,,,,,,,,,,,,,,,,,,,,,,,71,,,,,,,50,False,0,1,none,0.0,123,1.932185625017155,3.1623466669698246,,,,,,,,,,,,,
1624.0314440830261,rewiring,right,post_unswap,1.2297077500261366,1712,False,False,,,,,,,,,,,,,,,,,,,,,,,,,,,,,,,,,,,,,,,,,,,,,,,,,,,,,,,,,,,,,,,,,,71,,,,,,,50,False,0,1,none,0.0,123,1.229703042015899,3.1623466669698246,,,,,,,,,,,,,
1624.1576472499873,cycle_progress,,,,,,,,,,,,65,42,107,,,,,,,,,,,,,,,,,,,512,0.0006,,378600,41,,,,,,,,,,128,4,378600,3870,246,62,,,,,,,,,,,,,,,,,,,,71,,107,2593,2486,0,False,,,,,,,,,3.1623466669698246,,,,,,,,,,,,,
1628.0995974160032,unswapping,,,,,,,,,,,,,,,,,,,,,,,,,,,,,,,,,,,,,,,,,,,,,,,128,4,378600,3870,246,62,0,both,0,31,31,0,0,,,,,0,2.0,16,31,0,0.0,,,,,,,,,,,,,,,,,,,,,,,,,,,,,,,
1631.1692710000207,unswapping,,,,,,,,,,,,,,,,,,,,,,,,,,,,,,,,,,,,,,,,,,,,,,,128,4,378600,3870,246,62,0,both,1,30,30,0,0,,,,,0,2.0,16,30,0,0.0,,,,,,,,,,,,,,,,,,,,,,,,,,,,,,,
1633.0877495830064,unswapping,,,,,,,,,,,,,,,,,,,,,,,,,,,,,,,,,,,,,,,,,,,,,,,128,4,378600,3870,246,62,0,left,0,31,31,0,0,,,,,0,2.0,16,31,0,0.0,,,,,,,,,,,,,,,,,,,,,,,,,,,,,,,
1634.7822874999838,unswapping,,,,,,,,,,,,,,,,,,,,,,,,,,,,,,,,,,,,,,,,,,,,,,,128,4,378600,3870,246,62,0,left,1,30,30,0,0,,,,,0,2.0,16,30,0,0.0,,,,,,,,,,,,,,,,,,,,,,,,,,,,,,,
1635.6251707500196,unswapping,,,,,,,,,,,,,,,,,,,,,,,,,,,,,,,,,,,,,,,,,,,,,,,128,4,378600,3870,246,62,0,right,0,31,31,0,0,,,,,0,2.0,16,31,0,0.0,,,,,,,,,,,,,,,,,,,,,,,,,,,,,,,
1636.400485332997,unswapping,,,,,,,,,,,,,,,,,,,,,,,,,,,,,,,,,,,,,,,,,,,,,,,128,4,378600,3870,246,62,0,right,1,30,30,0,0,,,,,0,2.0,16,30,0,0.0,,,,,,,,,,,,,,,,,,,,,,,,,,,,,,,
1636.800141374988,unswap_cycle_summary,,,,,,,,,,,,65,42,107,,,,,,,,,,,,,,,,,,,512,0.0006,,,,,,,,,,,,,128,4,378600,3870,246,62,,,,,,,,,,,,,,,,,,,,72,11.349500833952334,107,2593,2486,0,False,,,,,,,,,,,,,,,,,,,,,,
1639.1753241249826,rewiring,left,post_unswap,2.311908541014418,1545,False,False,,,,,,,,,,,,,,,,,,,,,,,,,,,,,,,,,,,,,,,,,,,,,,,,,,,,,,,,,,,,,,,,,,72,,,,,,,50,False,0,1,none,0.0,123,2.3119038330041803,3.5456489169737324,,,,,,,,,,,,,
1640.4088191249757,rewiring,right,post_unswap,1.2333000419894233,1712,False,False,,,,,,,,,,,,,,,,,,,,,,,,,,,,,,,,,,,,,,,,,,,,,,,,,,,,,,,,,,,,,,,,,,72,,,,,,,50,False,0,1,none,0.0,123,1.2332954999874346,3.5456489169737324,,,,,,,,,,,,,
1640.5382410410093,cycle_progress,,,,,,,,,,,,65,42,107,,,,,,,,,,,,,,,,,,,512,0.0006,,378600,42,,,,,,,,,,128,4,378600,3870,246,62,,,,,,,,,,,,,,,,,,,,72,,107,2593,2486,0,False,,,,,,,,,3.5456489169737324,,,,,,,,,,,,,
1644.4788376250071,unswapping,,,,,,,,,,,,,,,,,,,,,,,,,,,,,,,,,,,,,,,,,,,,,,,128,4,378600,3870,246,62,0,both,0,31,31,0,0,,,,,0,2.0,16,31,0,0.0,,,,,,,,,,,,,,,,,,,,,,,,,,,,,,,
1647.545818375016,unswapping,,,,,,,,,,,,,,,,,,,,,,,,,,,,,,,,,,,,,,,,,,,,,,,128,4,378600,3870,246,62,0,both,1,30,30,0,0,,,,,0,2.0,16,30,0,0.0,,,,,,,,,,,,,,,,,,,,,,,,,,,,,,,
1649.4853725829744,unswapping,,,,,,,,,,,,,,,,,,,,,,,,,,,,,,,,,,,,,,,,,,,,,,,128,4,378600,3870,246,62,0,left,0,31,31,0,0,,,,,0,2.0,16,31,0,0.0,,,,,,,,,,,,,,,,,,,,,,,,,,,,,,,
1651.2176425830112,unswapping,,,,,,,,,,,,,,,,,,,,,,,,,,,,,,,,,,,,,,,,,,,,,,,128,4,378600,3870,246,62,0,left,1,30,30,0,0,,,,,0,2.0,16,30,0,0.0,,,,,,,,,,,,,,,,,,,,,,,,,,,,,,,
1652.0406569159823,unswapping,,,,,,,,,,,,,,,,,,,,,,,,,,,,,,,,,,,,,,,,,,,,,,,128,4,378600,3870,246,62,0,right,0,31,31,0,0,,,,,0,2.0,16,31,0,0.0,,,,,,,,,,,,,,,,,,,,,,,,,,,,,,,
1652.8357162500033,unswapping,,,,,,,,,,,,,,,,,,,,,,,,,,,,,,,,,,,,,,,,,,,,,,,128,4,378600,3870,246,62,0,right,1,30,30,0,0,,,,,0,2.0,16,30,0,0.0,,,,,,,,,,,,,,,,,,,,,,,,,,,,,,,
1653.2285351660103,unswap_cycle_summary,,,,,,,,,,,,65,42,107,,,,,,,,,,,,,,,,,,,512,0.0006,,,,,,,,,,,,,128,4,378600,3870,246,62,,,,,,,,,,,,,,,,,,,,73,11.395894084009342,107,2593,2486,0,False,,,,,,,,,,,,,,,,,,,,,,
1655.2171810829896,rewiring,left,post_unswap,1.9220174999791197,1545,False,False,,,,,,,,,,,,,,,,,,,,,,,,,,,,,,,,,,,,,,,,,,,,,,,,,,,,,,,,,,,,,,,,,,73,,,,,,,50,False,0,1,none,0.0,123,1.9220132500049658,3.6256707499851473,,,,,,,,,,,,,
1656.9205908749718,rewiring,right,post_unswap,1.7032135829795152,1712,False,False,,,,,,,,,,,,,,,,,,,,,,,,,,,,,,,,,,,,,,,,,,,,,,,,,,,,,,,,,,,,,,,,,,73,,,,,,,50,False,0,1,none,0.0,123,1.7032092090230435,3.6256707499851473,,,,,,,,,,,,,
1657.047110665997,cycle_progress,,,,,,,,,,,,65,42,107,,,,,,,,,,,,,,,,,,,512,0.0006,,378600,43,,,,,,,,,,128,4,378600,3870,246,62,,,,,,,,,,,,,,,,,,,,73,,107,2593,2486,0,False,,,,,,,,,3.6256707499851473,,,,,,,,,,,,,
1660.9396582079935,unswapping,,,,,,,,,,,,,,,,,,,,,,,,,,,,,,,,,,,,,,,,,,,,,,,128,4,378600,3870,246,62,0,both,0,31,31,0,0,,,,,0,2.0,16,31,0,0.0,,,,,,,,,,,,,,,,,,,,,,,,,,,,,,,
1663.9785311250016,unswapping,,,,,,,,,,,,,,,,,,,,,,,,,,,,,,,,,,,,,,,,,,,,,,,128,4,378600,3870,246,62,0,both,1,30,30,0,0,,,,,0,2.0,16,30,0,0.0,,,,,,,,,,,,,,,,,,,,,,,,,,,,,,,
1665.8970534999971,unswapping,,,,,,,,,,,,,,,,,,,,,,,,,,,,,,,,,,,,,,,,,,,,,,,128,4,378600,3870,246,62,0,left,0,31,31,0,0,,,,,0,2.0,16,31,0,0.0,,,,,,,,,,,,,,,,,,,,,,,,,,,,,,,
1667.5963877500035,unswapping,,,,,,,,,,,,,,,,,,,,,,,,,,,,,,,,,,,,,,,,,,,,,,,128,4,378600,3870,246,62,0,left,1,30,30,0,0,,,,,0,2.0,16,30,0,0.0,,,,,,,,,,,,,,,,,,,,,,,,,,,,,,,
1668.412402499991,unswapping,,,,,,,,,,,,,,,,,,,,,,,,,,,,,,,,,,,,,,,,,,,,,,,128,4,378600,3870,246,62,0,right,0,31,31,0,0,,,,,0,2.0,16,31,0,0.0,,,,,,,,,,,,,,,,,,,,,,,,,,,,,,,
1669.1902054999955,unswapping,,,,,,,,,,,,,,,,,,,,,,,,,,,,,,,,,,,,,,,,,,,,,,,128,4,378600,3870,246,62,0,right,1,30,30,0,0,,,,,0,2.0,16,30,0,0.0,,,,,,,,,,,,,,,,,,,,,,,,,,,,,,,
1669.5911599160172,unswap_cycle_summary,,,,,,,,,,,,65,42,107,,,,,,,,,,,,,,,,,,,512,0.0006,,,,,,,,,,,,,128,4,378600,3870,246,62,,,,,,,,,,,,,,,,,,,,74,11.260512124979869,107,2593,2486,0,False,,,,,,,,,,,,,,,,,,,,,,
1671.1762360829744,rewiring,left,post_unswap,1.5168805840075947,1545,False,False,,,,,,,,,,,,,,,,,,,,,,,,,,,,,,,,,,,,,,,,,,,,,,,,,,,,,,,,,,,,,,,,,,74,,,,,,,50,False,0,1,none,0.0,123,1.5168755420017987,3.1866891250247136,,,,,,,,,,,,,
1672.8457995830104,rewiring,right,post_unswap,1.66938208299689,1712,False,False,,,,,,,,,,,,,,,,,,,,,,,,,,,,,,,,,,,,,,,,,,,,,,,,,,,,,,,,,,,,,,,,,,74,,,,,,,50,False,0,1,none,0.0,123,1.669377667014487,3.1866891250247136,,,,,,,,,,,,,
1672.9765255000093,cycle_progress,,,,,,,,,,,,65,42,107,,,,,,,,,,,,,,,,,,,512,0.0006,,378600,44,,,,,,,,,,128,4,378600,3870,246,62,,,,,,,,,,,,,,,,,,,,74,,107,2593,2486,0,False,,,,,,,,,3.1866891250247136,,,,,,,,,,,,,
1676.9049430000014,unswapping,,,,,,,,,,,,,,,,,,,,,,,,,,,,,,,,,,,,,,,,,,,,,,,128,4,378600,3870,246,62,0,both,0,31,31,0,0,,,,,0,2.0,16,31,0,0.0,,,,,,,,,,,,,,,,,,,,,,,,,,,,,,,
1679.9324702500016,unswapping,,,,,,,,,,,,,,,,,,,,,,,,,,,,,,,,,,,,,,,,,,,,,,,128,4,378600,3870,246,62,0,both,1,30,30,0,0,,,,,0,2.0,16,30,0,0.0,,,,,,,,,,,,,,,,,,,,,,,,,,,,,,,
1681.8459087910014,unswapping,,,,,,,,,,,,,,,,,,,,,,,,,,,,,,,,,,,,,,,,,,,,,,,128,4,378600,3870,246,62,0,left,0,31,31,0,0,,,,,0,2.0,16,31,0,0.0,,,,,,,,,,,,,,,,,,,,,,,,,,,,,,,
1683.5670646249782,unswapping,,,,,,,,,,,,,,,,,,,,,,,,,,,,,,,,,,,,,,,,,,,,,,,128,4,378600,3870,246,62,0,left,1,30,30,0,0,,,,,0,2.0,16,30,0,0.0,,,,,,,,,,,,,,,,,,,,,,,,,,,,,,,
1684.3855031250278,unswapping,,,,,,,,,,,,,,,,,,,,,,,,,,,,,,,,,,,,,,,,,,,,,,,128,4,378600,3870,246,62,0,right,0,31,31,0,0,,,,,0,2.0,16,31,0,0.0,,,,,,,,,,,,,,,,,,,,,,,,,,,,,,,
1685.1465807909844,unswapping,,,,,,,,,,,,,,,,,,,,,,,,,,,,,,,,,,,,,,,,,,,,,,,128,4,378600,3870,246,62,0,right,1,30,30,0,0,,,,,0,2.0,16,30,0,0.0,,,,,,,,,,,,,,,,,,,,,,,,,,,,,,,
1685.535864791018,unswap_cycle_summary,,,,,,,,,,,,65,42,107,,,,,,,,,,,,,,,,,,,512,0.0006,,,,,,,,,,,,,128,4,378600,3870,246,62,,,,,,,,,,,,,,,,,,,,75,11.28226279199589,107,2593,2486,0,False,,,,,,,,,,,,,,,,,,,,,,
1687.5757435000269,rewiring,left,post_unswap,1.974590833997354,1545,False,False,,,,,,,,,,,,,,,,,,,,,,,,,,,,,,,,,,,,,,,,,,,,,,,,,,,,,,,,,,,,,,,,,,75,,,,,,,50,False,0,1,none,0.0,123,1.9745859999675304,3.1921757080126554,,,,,,,,,,,,,
1688.7930638749967,rewiring,right,post_unswap,1.217144082998857,1712,False,False,,,,,,,,,,,,,,,,,,,,,,,,,,,,,,,,,,,,,,,,,,,,,,,,,,,,,,,,,,,,,,,,,,75,,,,,,,50,False,0,1,none,0.0,123,1.217140584019944,3.1921757080126554,,,,,,,,,,,,,
1688.9225191249861,cycle_progress,,,,,,,,,,,,65,42,107,,,,,,,,,,,,,,,,,,,512,0.0006,,378600,45,,,,,,,,,,128,4,378600,3870,246,62,,,,,,,,,,,,,,,,,,,,75,,107,2593,2486,0,False,,,,,,,,,3.1921757080126554,,,,,,,,,,,,,
1692.8095760829747,unswapping,,,,,,,,,,,,,,,,,,,,,,,,,,,,,,,,,,,,,,,,,,,,,,,128,4,378600,3870,246,62,0,both,0,31,31,0,0,,,,,0,2.0,16,31,0,0.0,,,,,,,,,,,,,,,,,,,,,,,,,,,,,,,
1695.8394285410177,unswapping,,,,,,,,,,,,,,,,,,,,,,,,,,,,,,,,,,,,,,,,,,,,,,,128,4,378600,3870,246,62,0,both,1,30,30,0,0,,,,,0,2.0,16,30,0,0.0,,,,,,,,,,,,,,,,,,,,,,,,,,,,,,,
1697.7525807080092,unswapping,,,,,,,,,,,,,,,,,,,,,,,,,,,,,,,,,,,,,,,,,,,,,,,128,4,378600,3870,246,62,0,left,0,31,31,0,0,,,,,0,2.0,16,31,0,0.0,,,,,,,,,,,,,,,,,,,,,,,,,,,,,,,
1699.4612588330056,unswapping,,,,,,,,,,,,,,,,,,,,,,,,,,,,,,,,,,,,,,,,,,,,,,,128,4,378600,3870,246,62,0,left,1,30,30,0,0,,,,,0,2.0,16,30,0,0.0,,,,,,,,,,,,,,,,,,,,,,,,,,,,,,,
1700.275333040976,unswapping,,,,,,,,,,,,,,,,,,,,,,,,,,,,,,,,,,,,,,,,,,,,,,,128,4,378600,3870,246,62,0,right,0,31,31,0,0,,,,,0,2.0,16,31,0,0.0,,,,,,,,,,,,,,,,,,,,,,,,,,,,,,,
1701.0383162910002,unswapping,,,,,,,,,,,,,,,,,,,,,,,,,,,,,,,,,,,,,,,,,,,,,,,128,4,378600,3870,246,62,0,right,1,30,30,0,0,,,,,0,2.0,16,30,0,0.0,,,,,,,,,,,,,,,,,,,,,,,,,,,,,,,
1701.4401594580268,unswap_cycle_summary,,,,,,,,,,,,65,42,107,,,,,,,,,,,,,,,,,,,512,0.0006,,,,,,,,,,,,,128,4,378600,3870,246,62,,,,,,,,,,,,,,,,,,,,76,11.229404209007043,107,2593,2486,0,False,,,,,,,,,,,,,,,,,,,,,,
1703.8344759580214,rewiring,left,post_unswap,2.32946937502129,1545,False,False,,,,,,,,,,,,,,,,,,,,,,,,,,,,,,,,,,,,,,,,,,,,,,,,,,,,,,,,,,,,,,,,,,76,,,,,,,50,False,0,1,none,0.0,123,2.3294631249736995,3.5653739579720423,,,,,,,,,,,,,
1705.0701104580075,rewiring,right,post_unswap,1.2354196249507368,1712,False,False,,,,,,,,,,,,,,,,,,,,,,,,,,,,,,,,,,,,,,,,,,,,,,,,,,,,,,,,,,,,,,,,,,76,,,,,,,50,False,0,1,none,0.0,123,1.2354155420325696,3.5653739579720423,,,,,,,,,,,,,
1705.2042702499893,cycle_progress,,,,,,,,,,,,65,42,107,,,,,,,,,,,,,,,,,,,512,0.0006,,378600,46,,,,,,,,,,128,4,378600,3870,246,62,,,,,,,,,,,,,,,,,,,,76,,107,2593,2486,0,False,,,,,,,,,3.5653739579720423,,,,,,,,,,,,,
1709.1113131659804,unswapping,,,,,,,,,,,,,,,,,,,,,,,,,,,,,,,,,,,,,,,,,,,,,,,128,4,378600,3870,246,62,0,both,0,31,31,0,0,,,,,0,2.0,16,31,0,0.0,,,,,,,,,,,,,,,,,,,,,,,,,,,,,,,
1712.1667974159936,unswapping,,,,,,,,,,,,,,,,,,,,,,,,,,,,,,,,,,,,,,,,,,,,,,,128,4,378600,3870,246,62,0,both,1,30,30,0,0,,,,,0,2.0,16,30,0,0.0,,,,,,,,,,,,,,,,,,,,,,,,,,,,,,,
1714.061124166008,unswapping,,,,,,,,,,,,,,,,,,,,,,,,,,,,,,,,,,,,,,,,,,,,,,,128,4,378600,3870,246,62,0,left,0,31,31,0,0,,,,,0,2.0,16,31,0,0.0,,,,,,,,,,,,,,,,,,,,,,,,,,,,,,,
1715.7713745830115,unswapping,,,,,,,,,,,,,,,,,,,,,,,,,,,,,,,,,,,,,,,,,,,,,,,128,4,378600,3870,246,62,0,left,1,30,30,0,0,,,,,0,2.0,16,30,0,0.0,,,,,,,,,,,,,,,,,,,,,,,,,,,,,,,
1716.5935696659726,unswapping,,,,,,,,,,,,,,,,,,,,,,,,,,,,,,,,,,,,,,,,,,,,,,,128,4,378600,3870,246,62,0,right,0,31,31,0,0,,,,,0,2.0,16,31,0,0.0,,,,,,,,,,,,,,,,,,,,,,,,,,,,,,,
1717.36680995801,unswapping,,,,,,,,,,,,,,,,,,,,,,,,,,,,,,,,,,,,,,,,,,,,,,,128,4,378600,3870,246,62,0,right,1,30,30,0,0,,,,,0,2.0,16,30,0,0.0,,,,,,,,,,,,,,,,,,,,,,,,,,,,,,,
1717.7702182909707,unswap_cycle_summary,,,,,,,,,,,,65,42,107,,,,,,,,,,,,,,,,,,,512,0.0006,,,,,,,,,,,,,128,4,378600,3870,246,62,,,,,,,,,,,,,,,,,,,,77,11.280678124981932,107,2593,2486,0,False,,,,,,,,,,,,,,,,,,,,,,
1719.7525667910231,rewiring,left,post_unswap,1.9140665419981815,1545,False,False,,,,,,,,,,,,,,,,,,,,,,,,,,,,,,,,,,,,,,,,,,,,,,,,,,,,,,,,,,,,,,,,,,77,,,,,,,50,False,0,1,none,0.0,123,1.914061083982233,3.622290332976263,,,,,,,,,,,,,
1721.4605547080282,rewiring,right,post_unswap,1.7077914170222357,1712,False,False,,,,,,,,,,,,,,,,,,,,,,,,,,,,,,,,,,,,,,,,,,,,,,,,,,,,,,,,,,,,,,,,,,77,,,,,,,50,False,0,1,none,0.0,123,1.7077872090158053,3.622290332976263,,,,,,,,,,,,,
1721.5936185410246,cycle_progress,,,,,,,,,,,,65,42,107,,,,,,,,,,,,,,,,,,,512,0.0006,,378600,47,,,,,,,,,,128,4,378600,3870,246,62,,,,,,,,,,,,,,,,,,,,77,,107,2593,2486,0,False,,,,,,,,,3.622290332976263,,,,,,,,,,,,,
1725.4791133329854,unswapping,,,,,,,,,,,,,,,,,,,,,,,,,,,,,,,,,,,,,,,,,,,,,,,128,4,378600,3870,246,62,0,both,0,31,31,0,0,,,,,0,2.0,16,31,0,0.0,,,,,,,,,,,,,,,,,,,,,,,,,,,,,,,
1728.5426934579737,unswapping,,,,,,,,,,,,,,,,,,,,,,,,,,,,,,,,,,,,,,,,,,,,,,,128,4,378600,3870,246,62,0,both,1,30,30,0,0,,,,,0,2.0,16,30,0,0.0,,,,,,,,,,,,,,,,,,,,,,,,,,,,,,,
1730.4673515000031,unswapping,,,,,,,,,,,,,,,,,,,,,,,,,,,,,,,,,,,,,,,,,,,,,,,128,4,378600,3870,246,62,0,left,0,31,31,0,0,,,,,0,2.0,16,31,0,0.0,,,,,,,,,,,,,,,,,,,,,,,,,,,,,,,
1732.177911958017,unswapping,,,,,,,,,,,,,,,,,,,,,,,,,,,,,,,,,,,,,,,,,,,,,,,128,4,378600,3870,246,62,0,left,1,30,30,0,0,,,,,0,2.0,16,30,0,0.0,,,,,,,,,,,,,,,,,,,,,,,,,,,,,,,
1733.0139803329948,unswapping,,,,,,,,,,,,,,,,,,,,,,,,,,,,,,,,,,,,,,,,,,,,,,,128,4,378600,3870,246,62,0,right,0,31,31,0,0,,,,,0,2.0,16,31,0,0.0,,,,,,,,,,,,,,,,,,,,,,,,,,,,,,,
1733.783995833015,unswapping,,,,,,,,,,,,,,,,,,,,,,,,,,,,,,,,,,,,,,,,,,,,,,,128,4,378600,3870,246,62,0,right,1,30,30,0,0,,,,,0,2.0,16,30,0,0.0,,,,,,,,,,,,,,,,,,,,,,,,,,,,,,,
1734.1691091660177,unswap_cycle_summary,,,,,,,,,,,,65,42,107,,,,,,,,,,,,,,,,,,,512,0.0006,,,,,,,,,,,,,128,4,378600,3870,246,62,,,,,,,,,,,,,,,,,,,,78,11.30582529201638,107,2593,2486,0,False,,,,,,,,,,,,,,,,,,,,,,
1735.7601142079802,rewiring,left,post_unswap,1.5244864579872228,1545,False,False,,,,,,,,,,,,,,,,,,,,,,,,,,,,,,,,,,,,,,,,,,,,,,,,,,,,,,,,,,,,,,,,,,78,,,,,,,50,False,0,1,none,0.0,123,1.5244808749994263,3.193489541998133,,,,,,,,,,,,,
1737.4288524159929,rewiring,right,post_unswap,1.668521875049919,1712,False,False,,,,,,,,,,,,,,,,,,,,,,,,,,,,,,,,,,,,,,,,,,,,,,,,,,,,,,,,,,,,,,,,,,78,,,,,,,50,False,0,1,none,0.0,123,1.6685175419552252,3.193489541998133,,,,,,,,,,,,,
1737.5642822079826,cycle_progress,,,,,,,,,,,,65,42,107,,,,,,,,,,,,,,,,,,,512,0.0006,,378600,48,,,,,,,,,,128,4,378600,3870,246,62,,,,,,,,,,,,,,,,,,,,78,,107,2593,2486,0,False,,,,,,,,,3.193489541998133,,,,,,,,,,,,,
1741.4677899579983,unswapping,,,,,,,,,,,,,,,,,,,,,,,,,,,,,,,,,,,,,,,,,,,,,,,128,4,378600,3870,246,62,0,both,0,31,31,0,0,,,,,0,2.0,16,31,0,0.0,,,,,,,,,,,,,,,,,,,,,,,,,,,,,,,
1744.5403079160023,unswapping,,,,,,,,,,,,,,,,,,,,,,,,,,,,,,,,,,,,,,,,,,,,,,,128,4,378600,3870,246,62,0,both,1,30,30,0,0,,,,,0,2.0,16,30,0,0.0,,,,,,,,,,,,,,,,,,,,,,,,,,,,,,,
1746.4527383749955,unswapping,,,,,,,,,,,,,,,,,,,,,,,,,,,,,,,,,,,,,,,,,,,,,,,128,4,378600,3870,246,62,0,left,0,31,31,0,0,,,,,0,2.0,16,31,0,0.0,,,,,,,,,,,,,,,,,,,,,,,,,,,,,,,
1748.1538293330232,unswapping,,,,,,,,,,,,,,,,,,,,,,,,,,,,,,,,,,,,,,,,,,,,,,,128,4,378600,3870,246,62,0,left,1,30,30,0,0,,,,,0,2.0,16,30,0,0.0,,,,,,,,,,,,,,,,,,,,,,,,,,,,,,,
1748.9725952500012,unswapping,,,,,,,,,,,,,,,,,,,,,,,,,,,,,,,,,,,,,,,,,,,,,,,128,4,378600,3870,246,62,0,right,0,31,31,0,0,,,,,0,2.0,16,31,0,0.0,,,,,,,,,,,,,,,,,,,,,,,,,,,,,,,
1749.7539569580113,unswapping,,,,,,,,,,,,,,,,,,,,,,,,,,,,,,,,,,,,,,,,,,,,,,,128,4,378600,3870,246,62,0,right,1,30,30,0,0,,,,,0,2.0,16,30,0,0.0,,,,,,,,,,,,,,,,,,,,,,,,,,,,,,,
1750.1616792079876,unswap_cycle_summary,,,,,,,,,,,,65,42,107,,,,,,,,,,,,,,,,,,,512,0.0006,,,,,,,,,,,,,128,4,378600,3870,246,62,,,,,,,,,,,,,,,,,,,,79,11.328682332998142,107,2593,2486,0,False,,,,,,,,,,,,,,,,,,,,,,
1752.219549749978,rewiring,left,post_unswap,1.99310720898211,1545,False,False,,,,,,,,,,,,,,,,,,,,,,,,,,,,,,,,,,,,,,,,,,,,,,,,,,,,,,,,,,,,,,,,,,79,,,,,,,50,False,0,1,none,0.0,123,1.9931034590117633,3.225273207994178,,,,,,,,,,,,,
1753.4514830409898,rewiring,right,post_unswap,1.2317379169980995,1712,False,False,,,,,,,,,,,,,,,,,,,,,,,,,,,,,,,,,,,,,,,,,,,,,,,,,,,,,,,,,,,,,,,,,,79,,,,,,,50,False,0,1,none,0.0,123,1.2317338329739869,3.225273207994178,,,,,,,,,,,,,
1753.578399208025,cycle_progress,,,,,,,,,,,,65,42,107,,,,,,,,,,,,,,,,,,,512,0.0006,,378600,49,,,,,,,,,,128,4,378600,3870,246,62,,,,,,,,,,,,,,,,,,,,79,,107,2593,2486,0,False,,,,,,,,,3.225273207994178,,,,,,,,,,,,,
1757.4604902500287,unswapping,,,,,,,,,,,,,,,,,,,,,,,,,,,,,,,,,,,,,,,,,,,,,,,128,4,378600,3870,246,62,0,both,0,31,31,0,0,,,,,0,2.0,16,31,0,0.0,,,,,,,,,,,,,,,,,,,,,,,,,,,,,,,
1760.510027375014,unswapping,,,,,,,,,,,,,,,,,,,,,,,,,,,,,,,,,,,,,,,,,,,,,,,128,4,378600,3870,246,62,0,both,1,30,30,0,0,,,,,0,2.0,16,30,0,0.0,,,,,,,,,,,,,,,,,,,,,,,,,,,,,,,
1762.4789046249934,unswapping,,,,,,,,,,,,,,,,,,,,,,,,,,,,,,,,,,,,,,,,,,,,,,,128,4,378600,3870,246,62,0,left,0,31,31,0,0,,,,,0,2.0,16,31,0,0.0,,,,,,,,,,,,,,,,,,,,,,,,,,,,,,,
1764.1591189160245,unswapping,,,,,,,,,,,,,,,,,,,,,,,,,,,,,,,,,,,,,,,,,,,,,,,128,4,378600,3870,246,62,0,left,1,30,30,0,0,,,,,0,2.0,16,30,0,0.0,,,,,,,,,,,,,,,,,,,,,,,,,,,,,,,
1764.9885268330108,unswapping,,,,,,,,,,,,,,,,,,,,,,,,,,,,,,,,,,,,,,,,,,,,,,,128,4,378600,3870,246,62,0,right,0,31,31,0,0,,,,,0,2.0,16,31,0,0.0,,,,,,,,,,,,,,,,,,,,,,,,,,,,,,,
1765.7397263749735,unswapping,,,,,,,,,,,,,,,,,,,,,,,,,,,,,,,,,,,,,,,,,,,,,,,128,4,378600,3870,246,62,0,right,1,30,30,0,0,,,,,0,2.0,16,30,0,0.0,,,,,,,,,,,,,,,,,,,,,,,,,,,,,,,
1766.1435530000017,unswap_cycle_summary,,,,,,,,,,,,65,42,107,,,,,,,,,,,,,,,,,,,512,0.0006,,,,,,,,,,,,,128,4,378600,3870,246,62,,,,,,,,,,,,,,,,,,,,80,11.27644904103363,107,2593,2486,0,False,,,,,,,,,,,,,,,,,,,,,,
1768.5273419999867,rewiring,left,post_unswap,2.314061499957461,1545,False,False,,,,,,,,,,,,,,,,,,,,,,,,,,,,,,,,,,,,,,,,,,,,,,,,,,,,,,,,,,,,,,,,,,80,,,,,,,50,False,0,1,none,0.0,123,2.3140564169734716,3.562152958009392,,,,,,,,,,,,,
1769.7751951250248,rewiring,right,post_unswap,1.2476607910357416,1712,False,False,,,,,,,,,,,,,,,,,,,,,,,,,,,,,,,,,,,,,,,,,,,,,,,,,,,,,,,,,,,,,,,,,,80,,,,,,,50,False,0,1,none,0.0,123,1.2476565419929102,3.562152958009392,,,,,,,,,,,,,
1769.9109076660243,cycle_progress,,,,,,,,,,,,65,42,107,,,,,,,,,,,,,,,,,,,512,0.0006,,378600,50,,,,,,,,,,128,4,378600,3870,246,62,,,,,,,,,,,,,,,,,,,,80,,107,2593,2486,0,False,,,,,,,,,3.562152958009392,,,,,,,,,,,,,
1773.8620755000156,unswapping,,,,,,,,,,,,,,,,,,,,,,,,,,,,,,,,,,,,,,,,,,,,,,,128,4,378600,3870,246,62,0,both,0,31,31,0,0,,,,,0,2.0,16,31,0,0.0,,,,,,,,,,,,,,,,,,,,,,,,,,,,,,,
1776.9412719159736,unswapping,,,,,,,,,,,,,,,,,,,,,,,,,,,,,,,,,,,,,,,,,,,,,,,128,4,378600,3870,246,62,0,both,1,30,30,0,0,,,,,0,2.0,16,30,0,0.0,,,,,,,,,,,,,,,,,,,,,,,,,,,,,,,
1778.8724912499893,unswapping,,,,,,,,,,,,,,,,,,,,,,,,,,,,,,,,,,,,,,,,,,,,,,,128,4,378600,3870,246,62,0,left,0,31,31,0,0,,,,,0,2.0,16,31,0,0.0,,,,,,,,,,,,,,,,,,,,,,,,,,,,,,,
1780.5958748750272,unswapping,,,,,,,,,,,,,,,,,,,,,,,,,,,,,,,,,,,,,,,,,,,,,,,128,4,378600,3870,246,62,0,left,1,30,30,0,0,,,,,0,2.0,16,30,0,0.0,,,,,,,,,,,,,,,,,,,,,,,,,,,,,,,
1781.403044415987,unswapping,,,,,,,,,,,,,,,,,,,,,,,,,,,,,,,,,,,,,,,,,,,,,,,128,4,378600,3870,246,62,0,right,0,31,31,0,0,,,,,0,2.0,16,31,0,0.0,,,,,,,,,,,,,,,,,,,,,,,,,,,,,,,
1782.1693021249957,unswapping,,,,,,,,,,,,,,,,,,,,,,,,,,,,,,,,,,,,,,,,,,,,,,,128,4,378600,3870,246,62,0,right,1,30,30,0,0,,,,,0,2.0,16,30,0,0.0,,,,,,,,,,,,,,,,,,,,,,,,,,,,,,,
1782.587355124997,unswap_cycle_summary,,,,,,,,,,,,65,42,107,,,,,,,,,,,,,,,,,,,512,0.0006,,,,,,,,,,,,,128,4,378600,3870,246,62,,,,,,,,,,,,,,,,,,,,81,11.371633415983524,107,2593,2486,0,False,,,,,,,,,,,,,,,,,,,,,,
1784.5783852079767,rewiring,left,post_unswap,1.9220029159914702,1545,False,False,,,,,,,,,,,,,,,,,,,,,,,,,,,,,,,,,,,,,,,,,,,,,,,,,,,,,,,,,,,,,,,,,,81,,,,,,,50,False,0,1,none,0.0,123,1.9219978339970112,3.638573332980741,,,,,,,,,,,,,
1786.2947059160215,rewiring,right,post_unswap,1.7161412499845028,1712,False,False,,,,,,,,,,,,,,,,,,,,,,,,,,,,,,,,,,,,,,,,,,,,,,,,,,,,,,,,,,,,,,,,,,81,,,,,,,50,False,0,1,none,0.0,123,1.716137500014156,3.638573332980741,,,,,,,,,,,,,
1786.434035541024,cycle_progress,,,,,,,,,,,,65,42,107,,,,,,,,,,,,,,,,,,,512,0.0006,,378600,51,,,,,,,,,,128,4,378600,3870,246,62,,,,,,,,,,,,,,,,,,,,81,,107,2593,2486,0,False,,,,,,,,,3.638573332980741,,,,,,,,,,,,,
1790.3227182080154,unswapping,,,,,,,,,,,,,,,,,,,,,,,,,,,,,,,,,,,,,,,,,,,,,,,128,4,378600,3870,246,62,0,both,0,31,31,0,0,,,,,0,2.0,16,31,0,0.0,,,,,,,,,,,,,,,,,,,,,,,,,,,,,,,
1793.3975964160054,unswapping,,,,,,,,,,,,,,,,,,,,,,,,,,,,,,,,,,,,,,,,,,,,,,,128,4,378600,3870,246,62,0,both,1,30,30,0,0,,,,,0,2.0,16,30,0,0.0,,,,,,,,,,,,,,,,,,,,,,,,,,,,,,,
1795.3130534159718,unswapping,,,,,,,,,,,,,,,,,,,,,,,,,,,,,,,,,,,,,,,,,,,,,,,128,4,378600,3870,246,62,0,left,0,31,31,0,0,,,,,0,2.0,16,31,0,0.0,,,,,,,,,,,,,,,,,,,,,,,,,,,,,,,
1797.0154500000062,unswapping,,,,,,,,,,,,,,,,,,,,,,,,,,,,,,,,,,,,,,,,,,,,,,,128,4,378600,3870,246,62,0,left,1,30,30,0,0,,,,,0,2.0,16,30,0,0.0,,,,,,,,,,,,,,,,,,,,,,,,,,,,,,,
1797.8453280829708,unswapping,,,,,,,,,,,,,,,,,,,,,,,,,,,,,,,,,,,,,,,,,,,,,,,128,4,378600,3870,246,62,0,right,0,31,31,0,0,,,,,0,2.0,16,31,0,0.0,,,,,,,,,,,,,,,,,,,,,,,,,,,,,,,
1798.608470999985,unswapping,,,,,,,,,,,,,,,,,,,,,,,,,,,,,,,,,,,,,,,,,,,,,,,128,4,378600,3870,246,62,0,right,1,30,30,0,0,,,,,0,2.0,16,30,0,0.0,,,,,,,,,,,,,,,,,,,,,,,,,,,,,,,
1799.0069151250063,unswap_cycle_summary,,,,,,,,,,,,65,42,107,,,,,,,,,,,,,,,,,,,512,0.0006,,,,,,,,,,,,,128,4,378600,3870,246,62,,,,,,,,,,,,,,,,,,,,82,11.29415854200488,107,2593,2486,0,False,,,,,,,,,,,,,,,,,,,,,,
1800.570596000005,rewiring,left,post_unswap,1.4979670419706963,1545,False,False,,,,,,,,,,,,,,,,,,,,,,,,,,,,,,,,,,,,,,,,,,,,,,,,,,,,,,,,,,,,,,,,,,82,,,,,,,50,False,0,1,none,0.0,123,1.4979623340186663,3.172301165992394,,,,,,,,,,,,,
1802.2446902500233,rewiring,right,post_unswap,1.6739092500065453,1712,False,False,,,,,,,,,,,,,,,,,,,,,,,,,,,,,,,,,,,,,,,,,,,,,,,,,,,,,,,,,,,,,,,,,,82,,,,,,,50,False,0,1,none,0.0,123,1.6739059999817982,3.172301165992394,,,,,,,,,,,,,
1802.3804105829913,cycle_progress,,,,,,,,,,,,65,42,107,,,,,,,,,,,,,,,,,,,512,0.0006,,378600,52,,,,,,,,,,128,4,378600,3870,246,62,,,,,,,,,,,,,,,,,,,,82,,107,2593,2486,0,False,,,,,,,,,3.172301165992394,,,,,,,,,,,,,
1806.3015407500206,unswapping,,,,,,,,,,,,,,,,,,,,,,,,,,,,,,,,,,,,,,,,,,,,,,,128,4,378600,3870,246,62,0,both,0,31,31,0,0,,,,,0,2.0,16,31,0,0.0,,,,,,,,,,,,,,,,,,,,,,,,,,,,,,,
1809.371248750016,unswapping,,,,,,,,,,,,,,,,,,,,,,,,,,,,,,,,,,,,,,,,,,,,,,,128,4,378600,3870,246,62,0,both,1,30,30,0,0,,,,,0,2.0,16,30,0,0.0,,,,,,,,,,,,,,,,,,,,,,,,,,,,,,,
1811.3252262499882,unswapping,,,,,,,,,,,,,,,,,,,,,,,,,,,,,,,,,,,,,,,,,,,,,,,128,4,378600,3870,246,62,0,left,0,31,31,0,0,,,,,0,2.0,16,31,0,0.0,,,,,,,,,,,,,,,,,,,,,,,,,,,,,,,
1813.0590004579863,unswapping,,,,,,,,,,,,,,,,,,,,,,,,,,,,,,,,,,,,,,,,,,,,,,,128,4,378600,3870,246,62,0,left,1,30,30,0,0,,,,,0,2.0,16,30,0,0.0,,,,,,,,,,,,,,,,,,,,,,,,,,,,,,,
1813.8834064999828,unswapping,,,,,,,,,,,,,,,,,,,,,,,,,,,,,,,,,,,,,,,,,,,,,,,128,4,378600,3870,246,62,0,right,0,31,31,0,0,,,,,0,2.0,16,31,0,0.0,,,,,,,,,,,,,,,,,,,,,,,,,,,,,,,
1814.6610671660164,unswapping,,,,,,,,,,,,,,,,,,,,,,,,,,,,,,,,,,,,,,,,,,,,,,,128,4,378600,3870,246,62,0,right,1,30,30,0,0,,,,,0,2.0,16,30,0,0.0,,,,,,,,,,,,,,,,,,,,,,,,,,,,,,,
1815.072477416019,unswap_cycle_summary,,,,,,,,,,,,65,42,107,,,,,,,,,,,,,,,,,,,512,0.0006,,,,,,,,,,,,,128,4,378600,3870,246,62,,,,,,,,,,,,,,,,,,,,83,11.397567583015189,107,2593,2486,0,False,,,,,,,,,,,,,,,,,,,,,,
1817.1166928330204,rewiring,left,post_unswap,1.975869584013708,1545,False,False,,,,,,,,,,,,,,,,,,,,,,,,,,,,,,,,,,,,,,,,,,,,,,,,,,,,,,,,,,,,,,,,,,83,,,,,,,50,False,0,1,none,0.0,123,1.9758653339813463,3.2012149579823017,,,,,,,,,,,,,
1818.3417852079729,rewiring,right,post_unswap,1.224885666044429,1712,False,False,,,,,,,,,,,,,,,,,,,,,,,,,,,,,,,,,,,,,,,,,,,,,,,,,,,,,,,,,,,,,,,,,,83,,,,,,,50,False,0,1,none,0.0,123,1.224881166999694,3.2012149579823017,,,,,,,,,,,,,
1818.4772363330121,cycle_progress,,,,,,,,,,,,65,42,107,,,,,,,,,,,,,,,,,,,512,0.0006,,378600,53,,,,,,,,,,128,4,378600,3870,246,62,,,,,,,,,,,,,,,,,,,,83,,107,2593,2486,0,False,,,,,,,,,3.2012149579823017,,,,,,,,,,,,,
1822.3903800409753,unswapping,,,,,,,,,,,,,,,,,,,,,,,,,,,,,,,,,,,,,,,,,,,,,,,128,4,378600,3870,246,62,0,both,0,31,31,0,0,,,,,0,2.0,16,31,0,0.0,,,,,,,,,,,,,,,,,,,,,,,,,,,,,,,
1825.4706293329946,unswapping,,,,,,,,,,,,,,,,,,,,,,,,,,,,,,,,,,,,,,,,,,,,,,,128,4,378600,3870,246,62,0,both,1,30,30,0,0,,,,,0,2.0,16,30,0,0.0,,,,,,,,,,,,,,,,,,,,,,,,,,,,,,,
1827.3970021249843,unswapping,,,,,,,,,,,,,,,,,,,,,,,,,,,,,,,,,,,,,,,,,,,,,,,128,4,378600,3870,246,62,0,left,0,31,31,0,0,,,,,0,2.0,16,31,0,0.0,,,,,,,,,,,,,,,,,,,,,,,,,,,,,,,
1829.088106915995,unswapping,,,,,,,,,,,,,,,,,,,,,,,,,,,,,,,,,,,,,,,,,,,,,,,128,4,378600,3870,246,62,0,left,1,30,30,0,0,,,,,0,2.0,16,30,0,0.0,,,,,,,,,,,,,,,,,,,,,,,,,,,,,,,
1829.9099586249795,unswapping,,,,,,,,,,,,,,,,,,,,,,,,,,,,,,,,,,,,,,,,,,,,,,,128,4,378600,3870,246,62,0,right,0,31,31,0,0,,,,,0,2.0,16,31,0,0.0,,,,,,,,,,,,,,,,,,,,,,,,,,,,,,,
1830.6762811249937,unswapping,,,,,,,,,,,,,,,,,,,,,,,,,,,,,,,,,,,,,,,,,,,,,,,128,4,378600,3870,246,62,0,right,1,30,30,0,0,,,,,0,2.0,16,30,0,0.0,,,,,,,,,,,,,,,,,,,,,,,,,,,,,,,
1831.0859390000114,unswap_cycle_summary,,,,,,,,,,,,65,42,107,,,,,,,,,,,,,,,,,,,512,0.0006,,,,,,,,,,,,,128,4,378600,3870,246,62,,,,,,,,,,,,,,,,,,,,84,11.313000041991472,107,2593,2486,0,False,,,,,,,,,,,,,,,,,,,,,,
1833.4821689579985,rewiring,left,post_unswap,2.3274417499778792,1545,False,False,,,,,,,,,,,,,,,,,,,,,,,,,,,,,,,,,,,,,,,,,,,,,,,,,,,,,,,,,,,,,,,,,,84,,,,,,,50,False,0,1,none,0.0,123,2.3274364169919863,3.591027042013593,,,,,,,,,,,,,
1834.7454802499851,rewiring,right,post_unswap,1.2631203329656273,1712,False,False,,,,,,,,,,,,,,,,,,,,,,,,,,,,,,,,,,,,,,,,,,,,,,,,,,,,,,,,,,,,,,,,,,84,,,,,,,50,False,0,1,none,0.0,123,1.263116166985128,3.591027042013593,,,,,,,,,,,,,
1834.8916489999974,cycle_progress,,,,,,,,,,,,65,42,107,,,,,,,,,,,,,,,,,,,512,0.0006,,378600,54,,,,,,,,,,128,4,378600,3870,246,62,,,,,,,,,,,,,,,,,,,,84,,107,2593,2486,0,False,,,,,,,,,3.591027042013593,,,,,,,,,,,,,
1838.8284095830168,unswapping,,,,,,,,,,,,,,,,,,,,,,,,,,,,,,,,,,,,,,,,,,,,,,,128,4,378600,3870,246,62,0,both,0,31,31,0,0,,,,,0,2.0,16,31,0,0.0,,,,,,,,,,,,,,,,,,,,,,,,,,,,,,,
1841.844920790987,unswapping,,,,,,,,,,,,,,,,,,,,,,,,,,,,,,,,,,,,,,,,,,,,,,,128,4,378600,3870,246,62,0,both,1,30,30,0,0,,,,,0,2.0,16,30,0,0.0,,,,,,,,,,,,,,,,,,,,,,,,,,,,,,,
1843.7699662909727,unswapping,,,,,,,,,,,,,,,,,,,,,,,,,,,,,,,,,,,,,,,,,,,,,,,128,4,378600,3870,246,62,0,left,0,31,31,0,0,,,,,0,2.0,16,31,0,0.0,,,,,,,,,,,,,,,,,,,,,,,,,,,,,,,
1845.4927734159864,unswapping,,,,,,,,,,,,,,,,,,,,,,,,,,,,,,,,,,,,,,,,,,,,,,,128,4,378600,3870,246,62,0,left,1,30,30,0,0,,,,,0,2.0,16,30,0,0.0,,,,,,,,,,,,,,,,,,,,,,,,,,,,,,,
1846.31336262502,unswapping,,,,,,,,,,,,,,,,,,,,,,,,,,,,,,,,,,,,,,,,,,,,,,,128,4,378600,3870,246,62,0,right,0,31,31,0,0,,,,,0,2.0,16,31,0,0.0,,,,,,,,,,,,,,,,,,,,,,,,,,,,,,,
1847.093313875026,unswapping,,,,,,,,,,,,,,,,,,,,,,,,,,,,,,,,,,,,,,,,,,,,,,,128,4,378600,3870,246,62,0,right,1,30,30,0,0,,,,,0,2.0,16,30,0,0.0,,,,,,,,,,,,,,,,,,,,,,,,,,,,,,,
1847.5237640829873,unswap_cycle_summary,,,,,,,,,,,,65,42,107,,,,,,,,,,,,,,,,,,,512,0.0006,,,,,,,,,,,,,128,4,378600,3870,246,62,,,,,,,,,,,,,,,,,,,,85,11.32461216696538,107,2593,2486,0,False,,,,,,,,,,,,,,,,,,,,,,
1849.540499707975,rewiring,left,post_unswap,1.9450039159855805,1545,False,False,,,,,,,,,,,,,,,,,,,,,,,,,,,,,,,,,,,,,,,,,,,,,,,,,,,,,,,,,,,,,,,,,,85,,,,,,,50,False,0,1,none,0.0,123,1.9450002500088885,3.674337124975864,,,,,,,,,,,,,
1851.269589915988,rewiring,right,post_unswap,1.7289020420284942,1712,False,False,,,,,,,,,,,,,,,,,,,,,,,,,,,,,,,,,,,,,,,,,,,,,,,,,,,,,,,,,,,,,,,,,,85,,,,,,,50,False,0,1,none,0.0,123,1.7288973749964498,3.674337124975864,,,,,,,,,,,,,
1851.4083962080185,cycle_progress,,,,,,,,,,,,65,42,107,,,,,,,,,,,,,,,,,,,512,0.0006,,378600,55,,,,,,,,,,128,4,378600,3870,246,62,,,,,,,,,,,,,,,,,,,,85,,107,2593,2486,0,False,,,,,,,,,3.674337124975864,,,,,,,,,,,,,
1855.3221418330213,unswapping,,,,,,,,,,,,,,,,,,,,,,,,,,,,,,,,,,,,,,,,,,,,,,,128,4,378600,3870,246,62,0,both,0,31,31,0,0,,,,,0,2.0,16,31,0,0.0,,,,,,,,,,,,,,,,,,,,,,,,,,,,,,,
1858.3985489580082,unswapping,,,,,,,,,,,,,,,,,,,,,,,,,,,,,,,,,,,,,,,,,,,,,,,128,4,378600,3870,246,62,0,both,1,30,30,0,0,,,,,0,2.0,16,30,0,0.0,,,,,,,,,,,,,,,,,,,,,,,,,,,,,,,
1860.321929541009,unswapping,,,,,,,,,,,,,,,,,,,,,,,,,,,,,,,,,,,,,,,,,,,,,,,128,4,378600,3870,246,62,0,left,0,31,31,0,0,,,,,0,2.0,16,31,0,0.0,,,,,,,,,,,,,,,,,,,,,,,,,,,,,,,
1862.036504290998,unswapping,,,,,,,,,,,,,,,,,,,,,,,,,,,,,,,,,,,,,,,,,,,,,,,128,4,378600,3870,246,62,0,left,1,30,30,0,0,,,,,0,2.0,16,30,0,0.0,,,,,,,,,,,,,,,,,,,,,,,,,,,,,,,
1862.844961374998,unswapping,,,,,,,,,,,,,,,,,,,,,,,,,,,,,,,,,,,,,,,,,,,,,,,128,4,378600,3870,246,62,0,right,0,31,31,0,0,,,,,0,2.0,16,31,0,0.0,,,,,,,,,,,,,,,,,,,,,,,,,,,,,,,
1863.6297463329975,unswapping,,,,,,,,,,,,,,,,,,,,,,,,,,,,,,,,,,,,,,,,,,,,,,,128,4,378600,3870,246,62,0,right,1,30,30,0,0,,,,,0,2.0,16,30,0,0.0,,,,,,,,,,,,,,,,,,,,,,,,,,,,,,,
1864.048375583021,unswap_cycle_summary,,,,,,,,,,,,65,42,107,,,,,,,,,,,,,,,,,,,512,0.0006,,,,,,,,,,,,,128,4,378600,3870,246,62,,,,,,,,,,,,,,,,,,,,86,11.337359042023309,107,2593,2486,0,False,,,,,,,,,,,,,,,,,,,,,,
1865.6612618329818,rewiring,left,post_unswap,1.5432338339742273,1545,False,False,,,,,,,,,,,,,,,,,,,,,,,,,,,,,,,,,,,,,,,,,,,,,,,,,,,,,,,,,,,,,,,,,,86,,,,,,,50,False,0,1,none,0.0,123,1.5432285420247354,3.2426667920080945,,,,,,,,,,,,,
1867.3604588329908,rewiring,right,post_unswap,1.699018791958224,1712,False,False,,,,,,,,,,,,,,,,,,,,,,,,,,,,,,,,,,,,,,,,,,,,,,,,,,,,,,,,,,,,,,,,,,86,,,,,,,50,False,0,1,none,0.0,123,1.6990156670217402,3.2426667920080945,,,,,,,,,,,,,
1867.500053375028,cycle_progress,,,,,,,,,,,,65,42,107,,,,,,,,,,,,,,,,,,,512,0.0006,,378600,56,,,,,,,,,,128,4,378600,3870,246,62,,,,,,,,,,,,,,,,,,,,86,,107,2593,2486,0,False,,,,,,,,,3.2426667920080945,,,,,,,,,,,,,
1871.3941806249786,unswapping,,,,,,,,,,,,,,,,,,,,,,,,,,,,,,,,,,,,,,,,,,,,,,,128,4,378600,3870,246,62,0,both,0,31,31,0,0,,,,,0,2.0,16,31,0,0.0,,,,,,,,,,,,,,,,,,,,,,,,,,,,,,,
1874.4296256660018,unswapping,,,,,,,,,,,,,,,,,,,,,,,,,,,,,,,,,,,,,,,,,,,,,,,128,4,378600,3870,246,62,0,both,1,30,30,0,0,,,,,0,2.0,16,30,0,0.0,,,,,,,,,,,,,,,,,,,,,,,,,,,,,,,
1876.3457298749709,unswapping,,,,,,,,,,,,,,,,,,,,,,,,,,,,,,,,,,,,,,,,,,,,,,,128,4,378600,3870,246,62,0,left,0,31,31,0,0,,,,,0,2.0,16,31,0,0.0,,,,,,,,,,,,,,,,,,,,,,,,,,,,,,,
1878.0231759159942,unswapping,,,,,,,,,,,,,,,,,,,,,,,,,,,,,,,,,,,,,,,,,,,,,,,128,4,378600,3870,246,62,0,left,1,30,30,0,0,,,,,0,2.0,16,30,0,0.0,,,,,,,,,,,,,,,,,,,,,,,,,,,,,,,
1878.8284580829786,unswapping,,,,,,,,,,,,,,,,,,,,,,,,,,,,,,,,,,,,,,,,,,,,,,,128,4,378600,3870,246,62,0,right,0,31,31,0,0,,,,,0,2.0,16,31,0,0.0,,,,,,,,,,,,,,,,,,,,,,,,,,,,,,,
1879.6094707910088,unswapping,,,,,,,,,,,,,,,,,,,,,,,,,,,,,,,,,,,,,,,,,,,,,,,128,4,378600,3870,246,62,0,right,1,30,30,0,0,,,,,0,2.0,16,30,0,0.0,,,,,,,,,,,,,,,,,,,,,,,,,,,,,,,
1880.0254257500055,unswap_cycle_summary,,,,,,,,,,,,65,42,107,,,,,,,,,,,,,,,,,,,512,0.0006,,,,,,,,,,,,,128,4,378600,3870,246,62,,,,,,,,,,,,,,,,,,,,87,11.220948292000685,107,2593,2486,0,False,,,,,,,,,,,,,,,,,,,,,,
1882.0403713749838,rewiring,left,post_unswap,1.9442343750270084,1545,False,False,,,,,,,,,,,,,,,,,,,,,,,,,,,,,,,,,,,,,,,,,,,,,,,,,,,,,,,,,,,,,,,,,,87,,,,,,,50,False,0,1,none,0.0,123,1.9442307500285096,3.1475517920334823,,,,,,,,,,,,,
1883.243472207978,rewiring,right,post_unswap,1.202908750041388,1712,False,False,,,,,,,,,,,,,,,,,,,,,,,,,,,,,,,,,,,,,,,,,,,,,,,,,,,,,,,,,,,,,,,,,,87,,,,,,,50,False,0,1,none,0.0,123,1.2029045830131508,3.1475517920334823,,,,,,,,,,,,,
1883.3789852500195,cycle_progress,,,,,,,,,,,,65,42,107,,,,,,,,,,,,,,,,,,,512,0.0006,,378600,57,,,,,,,,,,128,4,378600,3870,246,62,,,,,,,,,,,,,,,,,,,,87,,107,2593,2486,0,False,,,,,,,,,3.1475517920334823,,,,,,,,,,,,,
1887.1959379999898,unswapping,,,,,,,,,,,,,,,,,,,,,,,,,,,,,,,,,,,,,,,,,,,,,,,128,4,378600,3870,246,62,0,both,0,31,31,0,0,,,,,0,2.0,16,31,0,0.0,,,,,,,,,,,,,,,,,,,,,,,,,,,,,,,
1890.1546693749842,unswapping,,,,,,,,,,,,,,,,,,,,,,,,,,,,,,,,,,,,,,,,,,,,,,,128,4,378600,3870,246,62,0,both,1,30,30,0,0,,,,,0,2.0,16,30,0,0.0,,,,,,,,,,,,,,,,,,,,,,,,,,,,,,,
1892.001597375027,unswapping,,,,,,,,,,,,,,,,,,,,,,,,,,,,,,,,,,,,,,,,,,,,,,,128,4,378600,3870,246,62,0,left,0,31,31,0,0,,,,,0,2.0,16,31,0,0.0,,,,,,,,,,,,,,,,,,,,,,,,,,,,,,,
1893.636699665978,unswapping,,,,,,,,,,,,,,,,,,,,,,,,,,,,,,,,,,,,,,,,,,,,,,,128,4,378600,3870,246,62,0,left,1,30,30,0,0,,,,,0,2.0,16,30,0,0.0,,,,,,,,,,,,,,,,,,,,,,,,,,,,,,,
1894.4059662909713,unswapping,,,,,,,,,,,,,,,,,,,,,,,,,,,,,,,,,,,,,,,,,,,,,,,128,4,378600,3870,246,62,0,right,0,31,31,0,0,,,,,0,2.0,16,31,0,0.0,,,,,,,,,,,,,,,,,,,,,,,,,,,,,,,
1895.1652046659729,unswapping,,,,,,,,,,,,,,,,,,,,,,,,,,,,,,,,,,,,,,,,,,,,,,,128,4,378600,3870,246,62,0,right,1,30,30,0,0,,,,,0,2.0,16,30,0,0.0,,,,,,,,,,,,,,,,,,,,,,,,,,,,,,,
1895.5647520829807,unswap_cycle_summary,,,,,,,,,,,,65,42,107,,,,,,,,,,,,,,,,,,,512,0.0006,,,,,,,,,,,,,128,4,378600,3870,246,62,,,,,,,,,,,,,,,,,,,,88,10.923190541972872,107,2593,2486,0,False,,,,,,,,,,,,,,,,,,,,,,
1897.8607835000148,rewiring,left,post_unswap,2.2295671250321902,1545,False,False,,,,,,,,,,,,,,,,,,,,,,,,,,,,,,,,,,,,,,,,,,,,,,,,,,,,,,,,,,,,,,,,,,88,,,,,,,50,False,0,1,none,0.0,123,2.2295631670276634,3.4155561659717932,,,,,,,,,,,,,
1899.0465444580186,rewiring,right,post_unswap,1.1855787079548463,1712,False,False,,,,,,,,,,,,,,,,,,,,,,,,,,,,,,,,,,,,,,,,,,,,,,,,,,,,,,,,,,,,,,,,,,88,,,,,,,50,False,0,1,none,0.0,123,1.1855752500123344,3.4155561659717932,,,,,,,,,,,,,
1899.1769017080078,cycle_progress,,,,,,,,,,,,65,42,107,,,,,,,,,,,,,,,,,,,512,0.0006,,378600,58,,,,,,,,,,128,4,378600,3870,246,62,,,,,,,,,,,,,,,,,,,,88,,107,2593,2486,0,False,,,,,,,,,3.4155561659717932,,,,,,,,,,,,,
1902.9730956249987,unswapping,,,,,,,,,,,,,,,,,,,,,,,,,,,,,,,,,,,,,,,,,,,,,,,128,4,378600,3870,246,62,0,both,0,31,31,0,0,,,,,0,2.0,16,31,0,0.0,,,,,,,,,,,,,,,,,,,,,,,,,,,,,,,
1905.9062079580035,unswapping,,,,,,,,,,,,,,,,,,,,,,,,,,,,,,,,,,,,,,,,,,,,,,,128,4,378600,3870,246,62,0,both,1,30,30,0,0,,,,,0,2.0,16,30,0,0.0,,,,,,,,,,,,,,,,,,,,,,,,,,,,,,,
1907.7331922500161,unswapping,,,,,,,,,,,,,,,,,,,,,,,,,,,,,,,,,,,,,,,,,,,,,,,128,4,378600,3870,246,62,0,left,0,31,31,0,0,,,,,0,2.0,16,31,0,0.0,,,,,,,,,,,,,,,,,,,,,,,,,,,,,,,
1909.364395749988,unswapping,,,,,,,,,,,,,,,,,,,,,,,,,,,,,,,,,,,,,,,,,,,,,,,128,4,378600,3870,246,62,0,left,1,30,30,0,0,,,,,0,2.0,16,30,0,0.0,,,,,,,,,,,,,,,,,,,,,,,,,,,,,,,
1910.1593737499788,unswapping,,,,,,,,,,,,,,,,,,,,,,,,,,,,,,,,,,,,,,,,,,,,,,,128,4,378600,3870,246,62,0,right,0,31,31,0,0,,,,,0,2.0,16,31,0,0.0,,,,,,,,,,,,,,,,,,,,,,,,,,,,,,,
1910.8991734579904,unswapping,,,,,,,,,,,,,,,,,,,,,,,,,,,,,,,,,,,,,,,,,,,,,,,128,4,378600,3870,246,62,0,right,1,30,30,0,0,,,,,0,2.0,16,30,0,0.0,,,,,,,,,,,,,,,,,,,,,,,,,,,,,,,
1911.2992414159817,unswap_cycle_summary,,,,,,,,,,,,65,42,107,,,,,,,,,,,,,,,,,,,512,0.0006,,,,,,,,,,,,,128,4,378600,3870,246,62,,,,,,,,,,,,,,,,,,,,89,10.844880624965299,107,2593,2486,0,False,,,,,,,,,,,,,,,,,,,,,,
1913.2022243749816,rewiring,left,post_unswap,1.8378774169832468,1545,False,False,,,,,,,,,,,,,,,,,,,,,,,,,,,,,,,,,,,,,,,,,,,,,,,,,,,,,,,,,,,,,,,,,,89,,,,,,,50,False,0,1,none,0.0,123,1.8378737920429558,3.5362225829740055,,,,,,,,,,,,,
1914.9003772910219,rewiring,right,post_unswap,1.697968458989635,1712,False,False,,,,,,,,,,,,,,,,,,,,,,,,,,,,,,,,,,,,,,,,,,,,,,,,,,,,,,,,,,,,,,,,,,89,,,,,,,50,False,0,1,none,0.0,123,1.6979637919575907,3.5362225829740055,,,,,,,,,,,,,
1915.0407650410198,cycle_progress,,,,,,,,,,,,65,42,107,,,,,,,,,,,,,,,,,,,512,0.0006,,378600,59,,,,,,,,,,128,4,378600,3870,246,62,,,,,,,,,,,,,,,,,,,,89,,107,2593,2486,0,False,,,,,,,,,3.5362225829740055,,,,,,,,,,,,,
1915.112527915975,termination,,,,,,,,,,,,65,42,107,,,,,,,,,,,,,,,,,,,512,0.0006,,,60,,,,,,,,,,128,4,378600,3870,246,62,,,,,,,,,,,,,,,,,,,,89,,107,2593,2486,,False,,,,,,,,,,no_progress_cycle_limit,"60 consecutive unswap cycles consumed zero work gates at cutoff=0.0006 [mode=entanglement_blowup]. The MPO is pinned near the size limits (max_bond=128 vs cap 512, elems=378600 vs unswap_threshold 500000), so no block can be absorbed without overflowing. This is the cutoff-sensitive branch: retry with a different --cutoff (verified Apple Silicon Accelerate values are in BENCHMARKS.md; start with --cutoff 0.0006), or raise --max-bond / --unswap-threshold.",entanglement_blowup,60,,,,,,,,,
1915.1825490830233,timing_summary,,,305.928451913991,,,,,,,,,,,,,,,,,,,,,,,,,,,,,,,,,,,,,,,,,,,0.0,,,,,,,,,,,,,,,,,,,,,,,,,,,,,,,,,,,,,,,,,305.9697443326004,,,,,2.4913398339995183,2.491641749977134,303.4371120799915,303.47810258262325,168.33487078588223,169.19605692080222,1354.9263068755972,1830.0508157103905,1830.0921081289998
